#FORMAT=WebAnno TSV 3.3
#T_SP=custom.Span|label
#T_RL=custom.Relation|label|BT_custom.Span


#Text=Die Guanchen waren berühmt durch ihren hohen Wuchs;
#Text=
#Text=ſie erſchienen als die Patagonen der Alten Welt und die Ge-
#Text=ſchichtſchreiber übertrieben ihre Muskelkraft, wie man vor
#Text=Bougainvilles und Cordobas Reiſen dem Volksſtamm am
#Text=Südende von Amerika eine koloſſale Körpergröße zuſchrieb.
1-1	0-3	Die	_	_	_	
1-2	4-12	Guanchen	_	_	_	
1-3	13-18	waren	_	_	_	
1-4	19-26	berühmt	_	_	_	
1-5	27-32	durch	_	_	_	
1-6	33-38	ihren	_	_	_	
1-7	39-44	hohen	_	_	_	
1-8	45-50	Wuchs	_	_	_	
1-9	50-51	;	_	_	_	
1-10	53-56	ſie	_	_	_	
1-11	57-67	erſchienen	_	_	_	
1-12	68-71	als	_	_	_	
1-13	72-75	die	_	_	_	
1-14	76-85	Patagonen	_	_	_	
1-15	86-89	der	_	_	_	
1-16	90-95	Alten	_	_	_	
1-17	96-100	Welt	_	_	_	
1-18	101-104	und	_	_	_	
1-19	105-108	die	_	_	_	
1-20	109-111	Ge	_	_	_	
1-21	111-112	-	_	_	_	
1-22	113-129	ſchichtſchreiber	_	_	_	
1-23	130-141	übertrieben	_	_	_	
1-24	142-146	ihre	_	_	_	
1-25	147-158	Muskelkraft	_	_	_	
1-26	158-159	,	_	_	_	
1-27	160-163	wie	_	_	_	
1-28	164-167	man	_	_	_	
1-29	168-171	vor	_	_	_	
1-30	172-185	Bougainvilles	_	_	_	
1-31	186-189	und	_	_	_	
1-32	190-198	Cordobas	_	_	_	
1-33	199-205	Reiſen	_	_	_	
1-34	206-209	dem	_	_	_	
1-35	210-220	Volksſtamm	_	_	_	
1-36	221-223	am	_	_	_	
1-37	224-231	Südende	_	_	_	
1-38	232-235	von	_	_	_	
1-39	236-243	Amerika	_	_	_	
1-40	244-248	eine	_	_	_	
1-41	249-258	koloſſale	_	_	_	
1-42	259-270	Körpergröße	_	_	_	
1-43	271-280	zuſchrieb	_	_	_	
1-44	280-281	.	_	_	_	

#Text=Mumien von Guanchen habe ich nur in den europäiſchen
#Text=Kabinetten geſehen;
#Text=zur Zeit meiner Reiſe waren ſie auf Tene-
#Text=rifa ſehr ſelten;
#Text=man müßte ſie aber in Menge finden, wenn
#Text=
#Text=\f
#Text=[120/0136]
#Text=
#Text=man die Grabhöhlen, die am öſtlichen Abhang des Piks zwi-
#Text=ſchen Arico und Guimar in den Fels gehauen ſind, berg-
#Text=männiſch aufbrechen ließe.
2-1	283-289	Mumien	_	_	_	
2-2	290-293	von	_	_	_	
2-3	294-302	Guanchen	_	_	_	
2-4	303-307	habe	_	_	_	
2-5	308-311	ich	_	_	_	
2-6	312-315	nur	_	_	_	
2-7	316-318	in	_	_	_	
2-8	319-322	den	_	_	_	
2-9	323-335	europäiſchen	_	_	_	
2-10	336-346	Kabinetten	_	_	_	
2-11	347-354	geſehen	_	_	_	
2-12	354-355	;	_	_	_	
2-13	356-359	zur	_	_	_	
2-14	360-364	Zeit	_	_	_	
2-15	365-371	meiner	_	_	_	
2-16	372-377	Reiſe	_	_	_	
2-17	378-383	waren	_	_	_	
2-18	384-387	ſie	_	_	_	
2-19	388-391	auf	_	_	_	
2-20	392-396	Tene	_	_	_	
2-21	396-397	-	_	_	_	
2-22	398-402	rifa	_	_	_	
2-23	403-407	ſehr	_	_	_	
2-24	408-414	ſelten	_	_	_	
2-25	414-415	;	_	_	_	
2-26	416-419	man	_	_	_	
2-27	420-425	müßte	_	_	_	
2-28	426-429	ſie	_	_	_	
2-29	430-434	aber	_	_	_	
2-30	435-437	in	_	_	_	
2-31	438-443	Menge	_	_	_	
2-32	444-450	finden	_	_	_	
2-33	450-451	,	_	_	_	
2-34	452-456	wenn	_	_	_	
2-35	460-461	[	_	_	_	
2-36	461-464	120	_	_	_	
2-37	464-465	/	_	_	_	
2-38	465-469	0136	_	_	_	
2-39	469-470	]	_	_	_	
2-40	472-475	man	_	_	_	
2-41	476-479	die	_	_	_	
2-42	480-490	Grabhöhlen	_	_	_	
2-43	490-491	,	_	_	_	
2-44	492-495	die	_	_	_	
2-45	496-498	am	_	_	_	
2-46	499-508	öſtlichen	_	_	_	
2-47	509-515	Abhang	_	_	_	
2-48	516-519	des	_	_	_	
2-49	520-524	Piks	_	_	_	
2-50	525-528	zwi	_	_	_	
2-51	528-529	-	_	_	_	
2-52	530-535	ſchen	_	_	_	
2-53	536-541	Arico	_	_	_	
2-54	542-545	und	_	_	_	
2-55	546-552	Guimar	_	_	_	
2-56	553-555	in	_	_	_	
2-57	556-559	den	_	_	_	
2-58	560-564	Fels	_	_	_	
2-59	565-572	gehauen	_	_	_	
2-60	573-577	ſind	_	_	_	
2-61	577-578	,	_	_	_	
2-62	579-583	berg	_	_	_	
2-63	583-584	-	_	_	_	
2-64	585-593	männiſch	_	_	_	
2-65	594-604	aufbrechen	_	_	_	
2-66	605-610	ließe	_	_	_	
2-67	610-611	.	_	_	_	

#Text=Dieſe Mumien ſind ſo ſtark ver-
#Text=trocknet, daß ganze Körper mit der Haut oft nicht mehr als
#Text=3 bis 3,5 kg wiegen, das heißt ein Dritteil weniger, als das
#Text=Skelett eines gleich großen Individuums, von dem man eben
#Text=das Muskelfleiſch abgenommen hat.
3-1	612-617	Dieſe	_	_	_	
3-2	618-624	Mumien	_	_	_	
3-3	625-629	ſind	_	_	_	
3-4	630-632	ſo	_	_	_	
3-5	633-638	ſtark	_	_	_	
3-6	639-642	ver	_	_	_	
3-7	642-643	-	_	_	_	
3-8	644-652	trocknet	_	_	_	
3-9	652-653	,	_	_	_	
3-10	654-657	daß	_	_	_	
3-11	658-663	ganze	_	_	_	
3-12	664-670	Körper	_	_	_	
3-13	671-674	mit	_	_	_	
3-14	675-678	der	_	_	_	
3-15	679-683	Haut	_	_	_	
3-16	684-687	oft	_	_	_	
3-17	688-693	nicht	_	_	_	
3-18	694-698	mehr	_	_	_	
3-19	699-702	als	_	_	_	
3-20	703-704	3	_	_	_	
3-21	705-708	bis	_	_	_	
3-22	709-712	3,5	_	_	_	
3-23	713-715	kg	_	_	_	
3-24	716-722	wiegen	_	_	_	
3-25	722-723	,	_	_	_	
3-26	724-727	das	_	_	_	
3-27	728-733	heißt	_	_	_	
3-28	734-737	ein	_	_	_	
3-29	738-746	Dritteil	_	_	_	
3-30	747-754	weniger	_	_	_	
3-31	754-755	,	_	_	_	
3-32	756-759	als	_	_	_	
3-33	760-763	das	_	_	_	
3-34	764-771	Skelett	_	_	_	
3-35	772-777	eines	_	_	_	
3-36	778-784	gleich	_	_	_	
3-37	785-791	großen	_	_	_	
3-38	792-803	Individuums	_	_	_	
3-39	803-804	,	_	_	_	
3-40	805-808	von	_	_	_	
3-41	809-812	dem	_	_	_	
3-42	813-816	man	_	_	_	
3-43	817-821	eben	_	_	_	
3-44	822-825	das	_	_	_	
3-45	826-839	Muskelfleiſch	_	_	_	
3-46	840-850	abgenommen	_	_	_	
3-47	851-854	hat	_	_	_	
3-48	854-855	.	_	_	_	

#Text=Die Schädelbildung ähnelt
#Text=einigermaßen der der weißen Raſſe der alten Aegypter, und
#Text=die Schneidezähne ſind auch bei den Guanchen ſtumpf, wie
#Text=bei den Mumien vom Nil.
4-1	856-859	Die	_	_	_	
4-2	860-874	Schädelbildung	_	_	_	
4-3	875-881	ähnelt	_	_	_	
4-4	882-894	einigermaßen	_	_	_	
4-5	895-898	der	_	_	_	
4-6	899-902	der	_	_	_	
4-7	903-909	weißen	_	_	_	
4-8	910-915	Raſſe	_	_	_	
4-9	916-919	der	_	_	_	
4-10	920-925	alten	_	_	_	
4-11	926-934	Aegypter	_	_	_	
4-12	934-935	,	_	_	_	
4-13	936-939	und	_	_	_	
4-14	940-943	die	_	_	_	
4-15	944-957	Schneidezähne	_	_	_	
4-16	958-962	ſind	_	_	_	
4-17	963-967	auch	_	_	_	
4-18	968-971	bei	_	_	_	
4-19	972-975	den	_	_	_	
4-20	976-984	Guanchen	_	_	_	
4-21	985-991	ſtumpf	_	_	_	
4-22	991-992	,	_	_	_	
4-23	993-996	wie	_	_	_	
4-24	997-1000	bei	_	_	_	
4-25	1001-1004	den	_	_	_	
4-26	1005-1011	Mumien	_	_	_	
4-27	1012-1015	vom	_	_	_	
4-28	1016-1019	Nil	_	_	_	
4-29	1019-1020	.	_	_	_	

#Text=Aber dieſe Zahnform iſt rein
#Text=künſtlich und bei genauerer Unterſuchung der Kopfbildung der
#Text=alten Guanchen haben geübte Anatomen 1 gefunden, daß ſie
#Text=im Jochbein und im Unterkiefer von den ägyptiſchen Mumien
#Text=bedeutend abweicht.
5-1	1021-1025	Aber	_	_	_	
5-2	1026-1031	dieſe	_	_	_	
5-3	1032-1040	Zahnform	_	_	_	
5-4	1041-1044	iſt	_	_	_	
5-5	1045-1049	rein	_	_	_	
5-6	1050-1059	künſtlich	_	_	_	
5-7	1060-1063	und	_	_	_	
5-8	1064-1067	bei	_	_	_	
5-9	1068-1077	genauerer	_	_	_	
5-10	1078-1090	Unterſuchung	_	_	_	
5-11	1091-1094	der	_	_	_	
5-12	1095-1106	Kopfbildung	_	_	_	
5-13	1107-1110	der	_	_	_	
5-14	1111-1116	alten	_	_	_	
5-15	1117-1125	Guanchen	_	_	_	
5-16	1126-1131	haben	_	_	_	
5-17	1132-1138	geübte	_	_	_	
5-18	1139-1147	Anatomen	_	_	_	
5-19	1148-1149	1	_	_	_	
5-20	1150-1158	gefunden	_	_	_	
5-21	1158-1159	,	_	_	_	
5-22	1160-1163	daß	_	_	_	
5-23	1164-1167	ſie	_	_	_	
5-24	1168-1170	im	_	_	_	
5-25	1171-1179	Jochbein	_	_	_	
5-26	1180-1183	und	_	_	_	
5-27	1184-1186	im	_	_	_	
5-28	1187-1198	Unterkiefer	_	_	_	
5-29	1199-1202	von	_	_	_	
5-30	1203-1206	den	_	_	_	
5-31	1207-1218	ägyptiſchen	_	_	_	
5-32	1219-1225	Mumien	_	_	_	
5-33	1226-1235	bedeutend	_	_	_	
5-34	1236-1244	abweicht	_	_	_	
5-35	1244-1245	.	_	_	_	

#Text=Oeffnet man Mumien von Guanchen,
#Text=
#Text=ſo findet man Ueberbleibſel aromatiſcher Kräuter, unter denen
#Text=immer das Chenopodium ambrosioides vorkommt;
#Text=zuweilen
#Text=ſind die Leichen mit Schnüren geſchmückt, an denen kleine
#Text=Scheiben aus gebrannter Erde hängen, die als Zahlzeichen
#Text=gedient zu haben ſcheinen und die mit den Quippos der Perua-
#Text=ner, Mexikaner und Chineſen Aehnlichkeit haben.
6-1	1246-1253	Oeffnet	_	_	_	
6-2	1254-1257	man	_	_	_	
6-3	1258-1264	Mumien	_	_	_	
6-4	1265-1268	von	_	_	_	
6-5	1269-1277	Guanchen	_	_	_	
6-6	1277-1278	,	_	_	_	
6-7	1280-1282	ſo	_	_	_	
6-8	1283-1289	findet	_	_	_	
6-9	1290-1293	man	_	_	_	
6-10	1294-1307	Ueberbleibſel	_	_	_	
6-11	1308-1320	aromatiſcher	Smell\_Word[1]|Quality[2]	*|*	6-11[2_1]|6-12[0_1]	
6-12	1321-1328	Kräuter	Smell\_Source	_	_	
6-13	1328-1329	,	_	_	_	
6-14	1330-1335	unter	_	_	_	
6-15	1336-1341	denen	_	_	_	
6-16	1342-1347	immer	_	_	_	
6-17	1348-1351	das	_	_	_	
6-18	1352-1363	Chenopodium	_	_	_	
6-19	1364-1376	ambrosioides	_	_	_	
6-20	1377-1385	vorkommt	_	_	_	
6-21	1385-1386	;	_	_	_	
6-22	1387-1395	zuweilen	_	_	_	
6-23	1396-1400	ſind	_	_	_	
6-24	1401-1404	die	_	_	_	
6-25	1405-1412	Leichen	_	_	_	
6-26	1413-1416	mit	_	_	_	
6-27	1417-1425	Schnüren	_	_	_	
6-28	1426-1436	geſchmückt	_	_	_	
6-29	1436-1437	,	_	_	_	
6-30	1438-1440	an	_	_	_	
6-31	1441-1446	denen	_	_	_	
6-32	1447-1453	kleine	_	_	_	
6-33	1454-1462	Scheiben	_	_	_	
6-34	1463-1466	aus	_	_	_	
6-35	1467-1477	gebrannter	_	_	_	
6-36	1478-1482	Erde	_	_	_	
6-37	1483-1489	hängen	_	_	_	
6-38	1489-1490	,	_	_	_	
6-39	1491-1494	die	_	_	_	
6-40	1495-1498	als	_	_	_	
6-41	1499-1510	Zahlzeichen	_	_	_	
6-42	1511-1518	gedient	_	_	_	
6-43	1519-1521	zu	_	_	_	
6-44	1522-1527	haben	_	_	_	
6-45	1528-1536	ſcheinen	_	_	_	
6-46	1537-1540	und	_	_	_	
6-47	1541-1544	die	_	_	_	
6-48	1545-1548	mit	_	_	_	
6-49	1549-1552	den	_	_	_	
6-50	1553-1560	Quippos	_	_	_	
6-51	1561-1564	der	_	_	_	
6-52	1565-1570	Perua	_	_	_	
6-53	1570-1571	-	_	_	_	
6-54	1572-1575	ner	_	_	_	
6-55	1575-1576	,	_	_	_	
6-56	1577-1586	Mexikaner	_	_	_	
6-57	1587-1590	und	_	_	_	
6-58	1591-1599	Chineſen	_	_	_	
6-59	1600-1612	Aehnlichkeit	_	_	_	
6-60	1613-1618	haben	_	_	_	
6-61	1618-1619	.	_	_	_	

#Text=Da im allgemeinen die Bevölkerung von Inſeln den um-
#Text=wandelnden Einflüſſen, wie ſie Folgen der Wanderungen ſind,
#Text=weniger ausgeſetzt iſt, als die Bevölkerung der Feſtländer, ſo
#Text=läßt ſich annehmen, daß der Archipel der Kanarien zur Zeit
#Text=
#Text=der Karthager und Griechen vom ſelben Menſchenſtamm be-
#Text=wohnt war, den die normänniſchen und ſpaniſchen Eroberer
#Text=vorfanden.
7-1	1623-1625	Da	_	_	_	
7-2	1626-1628	im	_	_	_	
7-3	1629-1640	allgemeinen	_	_	_	
7-4	1641-1644	die	_	_	_	
7-5	1645-1656	Bevölkerung	_	_	_	
7-6	1657-1660	von	_	_	_	
7-7	1661-1667	Inſeln	_	_	_	
7-8	1668-1671	den	_	_	_	
7-9	1672-1674	um	_	_	_	
7-10	1674-1675	-	_	_	_	
7-11	1676-1686	wandelnden	_	_	_	
7-12	1687-1697	Einflüſſen	_	_	_	
7-13	1697-1698	,	_	_	_	
7-14	1699-1702	wie	_	_	_	
7-15	1703-1706	ſie	_	_	_	
7-16	1707-1713	Folgen	_	_	_	
7-17	1714-1717	der	_	_	_	
7-18	1718-1729	Wanderungen	_	_	_	
7-19	1730-1734	ſind	_	_	_	
7-20	1734-1735	,	_	_	_	
7-21	1736-1743	weniger	_	_	_	
7-22	1744-1754	ausgeſetzt	_	_	_	
7-23	1755-1758	iſt	_	_	_	
7-24	1758-1759	,	_	_	_	
7-25	1760-1763	als	_	_	_	
7-26	1764-1767	die	_	_	_	
7-27	1768-1779	Bevölkerung	_	_	_	
7-28	1780-1783	der	_	_	_	
7-29	1784-1794	Feſtländer	_	_	_	
7-30	1794-1795	,	_	_	_	
7-31	1796-1798	ſo	_	_	_	
7-32	1799-1803	läßt	_	_	_	
7-33	1804-1808	ſich	_	_	_	
7-34	1809-1817	annehmen	_	_	_	
7-35	1817-1818	,	_	_	_	
7-36	1819-1822	daß	_	_	_	
7-37	1823-1826	der	_	_	_	
7-38	1827-1835	Archipel	_	_	_	
7-39	1836-1839	der	_	_	_	
7-40	1840-1848	Kanarien	_	_	_	
7-41	1849-1852	zur	_	_	_	
7-42	1853-1857	Zeit	_	_	_	
7-43	1859-1862	der	_	_	_	
7-44	1863-1872	Karthager	_	_	_	
7-45	1873-1876	und	_	_	_	
7-46	1877-1885	Griechen	_	_	_	
7-47	1886-1889	vom	_	_	_	
7-48	1890-1896	ſelben	_	_	_	
7-49	1897-1910	Menſchenſtamm	_	_	_	
7-50	1911-1913	be	_	_	_	
7-51	1913-1914	-	_	_	_	
7-52	1915-1920	wohnt	_	_	_	
7-53	1921-1924	war	_	_	_	
7-54	1924-1925	,	_	_	_	
7-55	1926-1929	den	_	_	_	
7-56	1930-1933	die	_	_	_	
7-57	1934-1947	normänniſchen	_	_	_	
7-58	1948-1951	und	_	_	_	
7-59	1952-1962	ſpaniſchen	_	_	_	
7-60	1963-1971	Eroberer	_	_	_	
7-61	1972-1981	vorfanden	_	_	_	
7-62	1981-1982	.	_	_	_	

#Text=Das einzige Denkmal, das einiges Licht auf die
#Text=Herkunft der Guanchen werfen kann, iſt ihre Sprache;
#Text=leider
#Text=ſind uns aber davon nur etwa hundertfünfzig Worte aufbe-
#Text=halten, die zum Teil dasſelbe in der Mundart der verſchiedenen
#Text=Inſeln bedeuten.
8-1	1983-1986	Das	_	_	_	
8-2	1987-1994	einzige	_	_	_	
8-3	1995-2002	Denkmal	_	_	_	
8-4	2002-2003	,	_	_	_	
8-5	2004-2007	das	_	_	_	
8-6	2008-2015	einiges	_	_	_	
8-7	2016-2021	Licht	_	_	_	
8-8	2022-2025	auf	_	_	_	
8-9	2026-2029	die	_	_	_	
8-10	2030-2038	Herkunft	_	_	_	
8-11	2039-2042	der	_	_	_	
8-12	2043-2051	Guanchen	_	_	_	
8-13	2052-2058	werfen	_	_	_	
8-14	2059-2063	kann	_	_	_	
8-15	2063-2064	,	_	_	_	
8-16	2065-2068	iſt	_	_	_	
8-17	2069-2073	ihre	_	_	_	
8-18	2074-2081	Sprache	_	_	_	
8-19	2081-2082	;	_	_	_	
8-20	2083-2089	leider	_	_	_	
8-21	2090-2094	ſind	_	_	_	
8-22	2095-2098	uns	_	_	_	
8-23	2099-2103	aber	_	_	_	
8-24	2104-2109	davon	_	_	_	
8-25	2110-2113	nur	_	_	_	
8-26	2114-2118	etwa	_	_	_	
8-27	2119-2133	hundertfünfzig	_	_	_	
8-28	2134-2139	Worte	_	_	_	
8-29	2140-2145	aufbe	_	_	_	
8-30	2145-2146	-	_	_	_	
8-31	2147-2153	halten	_	_	_	
8-32	2153-2154	,	_	_	_	
8-33	2155-2158	die	_	_	_	
8-34	2159-2162	zum	_	_	_	
8-35	2163-2167	Teil	_	_	_	
8-36	2168-2176	dasſelbe	_	_	_	
8-37	2177-2179	in	_	_	_	
8-38	2180-2183	der	_	_	_	
8-39	2184-2191	Mundart	_	_	_	
8-40	2192-2195	der	_	_	_	
8-41	2196-2209	verſchiedenen	_	_	_	
8-42	2210-2216	Inſeln	_	_	_	
8-43	2217-2225	bedeuten	_	_	_	
8-44	2225-2226	.	_	_	_	

#Text=Außer dieſen Worten, die man ſorgfältig
#Text=geſammelt, hat man in den Namen vieler Dörfer, Hügel und
#Text=Thäler wichtige Sprachreſte vor ſich.
9-1	2227-2232	Außer	_	_	_	
9-2	2233-2239	dieſen	_	_	_	
9-3	2240-2246	Worten	_	_	_	
9-4	2246-2247	,	_	_	_	
9-5	2248-2251	die	_	_	_	
9-6	2252-2255	man	_	_	_	
9-7	2256-2266	ſorgfältig	_	_	_	
9-8	2267-2276	geſammelt	_	_	_	
9-9	2276-2277	,	_	_	_	
9-10	2278-2281	hat	_	_	_	
9-11	2282-2285	man	_	_	_	
9-12	2286-2288	in	_	_	_	
9-13	2289-2292	den	_	_	_	
9-14	2293-2298	Namen	_	_	_	
9-15	2299-2305	vieler	_	_	_	
9-16	2306-2312	Dörfer	_	_	_	
9-17	2312-2313	,	_	_	_	
9-18	2314-2319	Hügel	_	_	_	
9-19	2320-2323	und	_	_	_	
9-20	2324-2330	Thäler	_	_	_	
9-21	2331-2339	wichtige	_	_	_	
9-22	2340-2351	Sprachreſte	_	_	_	
9-23	2352-2355	vor	_	_	_	
9-24	2356-2360	ſich	_	_	_	
9-25	2360-2361	.	_	_	_	

#Text=Die Guanchen, wie
#Text=Basken, Hindu, Peruaner und alle ſehr alten Völker, be-
#Text=nannten die Oertlichkeiten nach der Beſchaffenheit des Bodens,
#Text=den ſie bebauten, nach der Geſtalt der Felſen, deren Höhlen
#Text=ihnen als Wohnſtätten dienten, nach den Baumarten, welche
#Text=die Quellen beſchatteten.
#Text=
#Text=
#Text=
#Text=1 Blumenbach, Decas quinta collectionis craniorum diver-
#Text=sarum gentium illustrium.
10-1	2362-2365	Die	_	_	_	
10-2	2366-2374	Guanchen	_	_	_	
10-3	2374-2375	,	_	_	_	
10-4	2376-2379	wie	_	_	_	
10-5	2380-2386	Basken	_	_	_	
10-6	2386-2387	,	_	_	_	
10-7	2388-2393	Hindu	_	_	_	
10-8	2393-2394	,	_	_	_	
10-9	2395-2403	Peruaner	_	_	_	
10-10	2404-2407	und	_	_	_	
10-11	2408-2412	alle	_	_	_	
10-12	2413-2417	ſehr	_	_	_	
10-13	2418-2423	alten	_	_	_	
10-14	2424-2430	Völker	_	_	_	
10-15	2430-2431	,	_	_	_	
10-16	2432-2434	be	_	_	_	
10-17	2434-2435	-	_	_	_	
10-18	2436-2443	nannten	_	_	_	
10-19	2444-2447	die	_	_	_	
10-20	2448-2462	Oertlichkeiten	_	_	_	
10-21	2463-2467	nach	_	_	_	
10-22	2468-2471	der	_	_	_	
10-23	2472-2486	Beſchaffenheit	_	_	_	
10-24	2487-2490	des	_	_	_	
10-25	2491-2497	Bodens	_	_	_	
10-26	2497-2498	,	_	_	_	
10-27	2499-2502	den	_	_	_	
10-28	2503-2506	ſie	_	_	_	
10-29	2507-2515	bebauten	_	_	_	
10-30	2515-2516	,	_	_	_	
10-31	2517-2521	nach	_	_	_	
10-32	2522-2525	der	_	_	_	
10-33	2526-2533	Geſtalt	_	_	_	
10-34	2534-2537	der	_	_	_	
10-35	2538-2544	Felſen	_	_	_	
10-36	2544-2545	,	_	_	_	
10-37	2546-2551	deren	_	_	_	
10-38	2552-2558	Höhlen	_	_	_	
10-39	2559-2564	ihnen	_	_	_	
10-40	2565-2568	als	_	_	_	
10-41	2569-2580	Wohnſtätten	_	_	_	
10-42	2581-2588	dienten	_	_	_	
10-43	2588-2589	,	_	_	_	
10-44	2590-2594	nach	_	_	_	
10-45	2595-2598	den	_	_	_	
10-46	2599-2608	Baumarten	_	_	_	
10-47	2608-2609	,	_	_	_	
10-48	2610-2616	welche	_	_	_	
10-49	2617-2620	die	_	_	_	
10-50	2621-2628	Quellen	_	_	_	
10-51	2629-2641	beſchatteten	_	_	_	
10-52	2641-2642	.	_	_	_	
10-53	2646-2647	1	_	_	_	
10-54	2648-2658	Blumenbach	_	_	_	
10-55	2658-2659	,	_	_	_	
10-56	2660-2665	Decas	_	_	_	
10-57	2666-2672	quinta	_	_	_	
10-58	2673-2685	collectionis	_	_	_	
10-59	2686-2695	craniorum	_	_	_	
10-60	2696-2701	diver	_	_	_	
10-61	2701-2702	-	_	_	_	
10-62	2703-2708	sarum	_	_	_	
10-63	2709-2716	gentium	_	_	_	
10-64	2717-2727	illustrium	_	_	_	
10-65	2727-2728	.	_	_	_	
