#FORMAT=WebAnno TSV 3.3


#Text=Het eene einde was omtrent in 't Zuid-Oosten, terwyl het ander in 't Zuid-Westen
#Text=gezien wierd.
1-1	4-7	Het	
1-2	8-12	eene	
1-3	13-18	einde	
1-4	19-22	was	
1-5	23-30	omtrent	
1-6	31-33	in	
1-7	34-35	'	
1-8	35-36	t	
1-9	37-48	Zuid-Oosten	
1-10	48-49	,	
1-11	50-56	terwyl	
1-12	57-60	het	
1-13	61-66	ander	
1-14	67-69	in	
1-15	70-71	'	
1-16	71-72	t	
1-17	73-84	Zuid-Westen	
1-18	85-91	gezien	
1-19	92-97	wierd	
1-20	97-98	.	

#Text=Nadat wy dezen Boog eenigen tyd waargenomen hadden, begon hy
#Text=in 't midden slauwer te worden; zelfs verdween het middelste gedeelte bykans,
#Text=terwyl de einden nog merkelyk zichtbaar bleeven.
2-1	99-104	Nadat	
2-2	105-107	wy	
2-3	108-113	dezen	
2-4	114-118	Boog	
2-5	119-126	eenigen	
2-6	127-130	tyd	
2-7	131-142	waargenomen	
2-8	143-149	hadden	
2-9	149-150	,	
2-10	151-156	begon	
2-11	157-159	hy	
2-12	160-162	in	
2-13	163-164	'	
2-14	164-165	t	
2-15	166-172	midden	
2-16	173-180	slauwer	
2-17	181-183	te	
2-18	184-190	worden	
2-19	190-191	;	
2-20	192-197	zelfs	
2-21	198-206	verdween	
2-22	207-210	het	
2-23	211-220	middelste	
2-24	221-229	gedeelte	
2-25	230-236	bykans	
2-26	236-237	,	
2-27	238-244	terwyl	
2-28	245-247	de	
2-29	248-254	einden	
2-30	255-258	nog	
2-31	259-267	merkelyk	
2-32	268-277	zichtbaar	
2-33	278-285	bleeven	
2-34	285-286	.	

#Text=Dan kort daarop wierd dezelve
#Text=weder geheel gezien, en wel veel helderer, dan te voren, of daarna.
3-1	287-290	Dan	
3-2	291-295	kort	
3-3	296-302	daarop	
3-4	303-308	wierd	
3-5	309-316	dezelve	
3-6	317-322	weder	
3-7	323-329	geheel	
3-8	330-336	gezien	
3-9	336-337	,	
3-10	338-340	en	
3-11	341-344	wel	
3-12	345-349	veel	
3-13	350-358	helderer	
3-14	358-359	,	
3-15	360-363	dan	
3-16	364-366	te	
3-17	367-372	voren	
3-18	372-373	,	
3-19	374-376	of	
3-20	377-383	daarna	
3-21	383-384	.	

#Text=Het licht, dat
#Text=van den Boog afstraalde, was zo sterk, dat Regulus niet weinig van zyn glans en
#Text=luister verloor, toen de Boog op 't helderste stond.
4-1	385-388	Het	
4-2	389-394	licht	
4-3	394-395	,	
4-4	396-399	dat	
4-5	400-403	van	
4-6	404-407	den	
4-7	408-412	Boog	
4-8	413-423	afstraalde	
4-9	423-424	,	
4-10	425-428	was	
4-11	429-431	zo	
4-12	432-437	sterk	
4-13	437-438	,	
4-14	439-442	dat	
4-15	443-450	Regulus	
4-16	451-455	niet	
4-17	456-462	weinig	
4-18	463-466	van	
4-19	467-470	zyn	
4-20	471-476	glans	
4-21	477-479	en	
4-22	480-487	luister	
4-23	488-495	verloor	
4-24	495-496	,	
4-25	497-501	toen	
4-26	502-504	de	
4-27	505-509	Boog	
4-28	510-512	op	
4-29	513-514	'	
4-30	514-515	t	
4-31	516-525	helderste	
4-32	526-531	stond	
4-33	531-532	.	

#Text=Deze Boog was, in eene geduurige beweeging, nu ryzende, dan daalende, tot
#Text=dat hy eindelyk onder Regulus, tusschen Procyon en Lyrcus, door de Sterren in den
#Text=Gordel van Orion, en door zyn linkervoet ging.
5-1	535-539	Deze	
5-2	540-544	Boog	
5-3	545-548	was	
5-4	548-549	,	
5-5	550-552	in	
5-6	553-557	eene	
5-7	558-567	geduurige	
5-8	568-577	beweeging	
5-9	577-578	,	
5-10	579-581	nu	
5-11	582-589	ryzende	
5-12	589-590	,	
5-13	591-594	dan	
5-14	595-603	daalende	
5-15	603-604	,	
5-16	605-608	tot	
5-17	609-612	dat	
5-18	613-615	hy	
5-19	616-624	eindelyk	
5-20	625-630	onder	
5-21	631-638	Regulus	
5-22	638-639	,	
5-23	640-648	tusschen	
5-24	649-656	Procyon	
5-25	657-659	en	
5-26	660-666	Lyrcus	
5-27	666-667	,	
5-28	668-672	door	
5-29	673-675	de	
5-30	676-683	Sterren	
5-31	684-686	in	
5-32	687-690	den	
5-33	691-697	Gordel	
5-34	698-701	van	
5-35	702-707	Orion	
5-36	707-708	,	
5-37	709-711	en	
5-38	712-716	door	
5-39	717-720	zyn	
5-40	721-731	linkervoet	
5-41	732-736	ging	
5-42	736-737	.	

#Text=Na dat dezelve zeer helder, als eene
#Text=witte Wolk, gestaan had, begon hy te verflauwen; en wel aanvanglyk in 't midden;
#Text=
#Text=alwaar ook een goed gedeelte van den Boog 't eerst verdweenen is.
6-1	738-740	Na	
6-2	741-744	dat	
6-3	745-752	dezelve	
6-4	753-757	zeer	
6-5	758-764	helder	
6-6	764-765	,	
6-7	766-769	als	
6-8	770-774	eene	
6-9	775-780	witte	
6-10	781-785	Wolk	
6-11	785-786	,	
6-12	787-794	gestaan	
6-13	795-798	had	
6-14	798-799	,	
6-15	800-805	begon	
6-16	806-808	hy	
6-17	809-811	te	
6-18	812-822	verflauwen	
6-19	822-823	;	
6-20	824-826	en	
6-21	827-830	wel	
6-22	831-841	aanvanglyk	
6-23	842-844	in	
6-24	845-846	'	
6-25	846-847	t	
6-26	848-854	midden	
6-27	854-855	;	
6-28	857-863	alwaar	
6-29	864-867	ook	
6-30	868-871	een	
6-31	872-876	goed	
6-32	877-885	gedeelte	
6-33	886-889	van	
6-34	890-893	den	
6-35	894-898	Boog	
6-36	899-900	'	
6-37	900-901	t	
6-38	902-907	eerst	
6-39	908-918	verdweenen	
6-40	919-921	is	
6-41	921-922	.	

#Text=Toen veranderde
#Text=vervolgens het Oostlyk einde, als in verscheide witte Wolken, die, volgens allerleie
#Text=rigtingen, door elkander bewogen, steeds naar het Westen voortgingen; werwaards
#Text=de Boog insgelyks, geduurende de waarneming, bewogen was.
7-1	923-927	Toen	
7-2	928-938	veranderde	
7-3	939-949	vervolgens	
7-4	950-953	het	
7-5	954-961	Oostlyk	
7-6	962-967	einde	
7-7	967-968	,	
7-8	969-972	als	
7-9	973-975	in	
7-10	976-986	verscheide	
7-11	987-992	witte	
7-12	993-999	Wolken	
7-13	999-1000	,	
7-14	1001-1004	die	
7-15	1004-1005	,	
7-16	1006-1013	volgens	
7-17	1014-1023	allerleie	
7-18	1024-1033	rigtingen	
7-19	1033-1034	,	
7-20	1035-1039	door	
7-21	1040-1048	elkander	
7-22	1049-1056	bewogen	
7-23	1056-1057	,	
7-24	1058-1064	steeds	
7-25	1065-1069	naar	
7-26	1070-1073	het	
7-27	1074-1080	Westen	
7-28	1081-1092	voortgingen	
7-29	1092-1093	;	
7-30	1094-1103	werwaards	
7-31	1104-1106	de	
7-32	1107-1111	Boog	
7-33	1112-1121	insgelyks	
7-34	1121-1122	,	
7-35	1123-1133	geduurende	
7-36	1134-1136	de	
7-37	1137-1147	waarneming	
7-38	1147-1148	,	
7-39	1149-1156	bewogen	
7-40	1157-1160	was	
7-41	1160-1161	.	

#Text=Deze witte Wolken
#Text=veranderden in een breeden, eenigzints gebogen witten streep, die zich voorts in
#Text=twee verdeelde, terwyl 'er een damp over Orion gezien wierd.
8-1	1162-1166	Deze	
8-2	1167-1172	witte	
8-3	1173-1179	Wolken	
8-4	1180-1191	veranderden	
8-5	1192-1194	in	
8-6	1195-1198	een	
8-7	1199-1206	breeden	
8-8	1206-1207	,	
8-9	1208-1218	eenigzints	
8-10	1219-1226	gebogen	
8-11	1227-1233	witten	
8-12	1234-1240	streep	
8-13	1240-1241	,	
8-14	1242-1245	die	
8-15	1246-1250	zich	
8-16	1251-1257	voorts	
8-17	1258-1260	in	
8-18	1261-1265	twee	
8-19	1266-1275	verdeelde	
8-20	1275-1276	,	
8-21	1277-1283	terwyl	
8-22	1284-1285	'	
8-23	1285-1287	er	
8-24	1288-1291	een	
8-25	1292-1296	damp	
8-26	1297-1301	over	
8-27	1302-1307	Orion	
8-28	1308-1314	gezien	
8-29	1315-1320	wierd	
8-30	1320-1321	.	

#Text=Ondertusschen was
#Text=het Westlyk einde uit het gezicht geraakt.
9-1	1322-1335	Ondertusschen	
9-2	1336-1339	was	
9-3	1340-1343	het	
9-4	1344-1351	Westlyk	
9-5	1352-1357	einde	
9-6	1358-1361	uit	
9-7	1362-1365	het	
9-8	1366-1373	gezicht	
9-9	1374-1381	geraakt	
9-10	1381-1382	.	

#Text=De gemelde twee witte Streepen wierden
#Text=één, en allengskens flauwer;
#Text=beweegende zich midlerwyl naar het Westen.
10-1	1383-1385	De	
10-2	1386-1393	gemelde	
10-3	1394-1398	twee	
10-4	1399-1404	witte	
10-5	1405-1413	Streepen	
10-6	1414-1421	wierden	
10-7	1422-1425	één	
10-8	1425-1426	,	
10-9	1427-1429	en	
10-10	1430-1441	allengskens	
10-11	1442-1449	flauwer	
10-12	1449-1450	;	
10-13	1451-1461	beweegende	
10-14	1462-1466	zich	
10-15	1467-1476	midlerwyl	
10-16	1477-1481	naar	
10-17	1482-1485	het	
10-18	1486-1492	Westen	
10-19	1492-1493	.	

#Text=Eindelyk
#Text=is dezelve verdweenen, nadat wy het verschynzel anderhalf uur waargenomen
#Text=hadden.
11-1	1494-1502	Eindelyk	
11-2	1503-1505	is	
11-3	1506-1513	dezelve	
11-4	1514-1524	verdweenen	
11-5	1524-1525	,	
11-6	1526-1531	nadat	
11-7	1532-1534	wy	
11-8	1535-1538	het	
11-9	1539-1550	verschynzel	
11-10	1551-1560	anderhalf	
11-11	1561-1564	uur	
11-12	1565-1576	waargenomen	
11-13	1577-1583	hadden	
11-14	1583-1584	.	

#Text=De Heer
#Text=LE FRANCQ VAN BERKHEY, dit berigt aan onze Boekverkoopers zendende
#Text=,
#Text=heeft 'er tevens zyne eigen waar-
#Text=
#Text=Vaderlandsche Letteroefeningen
#Text=Jaargang
#Text=1777
12-1	1586-1588	De	
12-2	1589-1593	Heer	
12-3	1594-1596	LE	
12-4	1597-1603	FRANCQ	
12-5	1604-1607	VAN	
12-6	1608-1615	BERKHEY	
12-7	1615-1616	,	
12-8	1617-1620	dit	
12-9	1621-1627	berigt	
12-10	1628-1631	aan	
12-11	1632-1636	onze	
12-12	1637-1651	Boekverkoopers	
12-13	1652-1660	zendende	
12-14	1661-1662	,	
12-15	1663-1668	heeft	
12-16	1669-1670	'	
12-17	1670-1672	er	
12-18	1673-1679	tevens	
12-19	1680-1684	zyne	
12-20	1685-1690	eigen	
12-21	1691-1695	waar	
12-22	1695-1696	-	
12-23	1698-1711	Vaderlandsche	
12-24	1712-1728	Letteroefeningen	
12-25	1729-1737	Jaargang	
12-26	1738-1742	1777	
