#FORMAT=WebAnno TSV 3.3


#Text=Na dat Narcis zyn beeldt in 't bronnat zagh verschynen,
#Text=Vervormde hy van leest van 't hooft tot aan de teen.
1-1	2-4	Na	
1-2	5-8	dat	
1-3	9-15	Narcis	
1-4	16-19	zyn	
1-5	20-26	beeldt	
1-6	27-29	in	
1-7	30-31	'	
1-8	31-32	t	
1-9	33-40	bronnat	
1-10	41-45	zagh	
1-11	46-56	verschynen	
1-12	56-57	,	
1-13	58-67	Vervormde	
1-14	68-70	hy	
1-15	71-74	van	
1-16	75-80	leest	
1-17	81-84	van	
1-18	85-86	'	
1-19	86-87	t	
1-20	88-93	hooft	
1-21	94-97	tot	
1-22	98-101	aan	
1-23	102-104	de	
1-24	105-109	teen	
1-25	109-110	.	

#Text=In welk een vreemde vorm, zoo u de min deedt quynen,
#Text=Zoudt gy veranderen?
2-1	113-115	In	
2-2	116-120	welk	
2-3	121-124	een	
2-4	125-132	vreemde	
2-5	133-137	vorm	
2-6	137-138	,	
2-7	139-142	zoo	
2-8	143-144	u	
2-9	145-147	de	
2-10	148-151	min	
2-11	152-157	deedt	
2-12	158-164	quynen	
2-13	164-165	,	
2-14	166-171	Zoudt	
2-15	172-174	gy	
2-16	175-185	veranderen	
2-17	185-186	?	

#Text=is 't in een fakkel?
3-1	187-189	is	
3-2	190-191	'	
3-3	191-192	t	
3-4	193-195	in	
3-5	196-199	een	
3-6	200-206	fakkel	
3-7	206-207	?	

#Text=neen:
#Text=
#Text=Men ziet twee fakkels in uw hooge voorhooft blaaken.
4-1	208-212	neen	
4-2	212-213	:	
4-3	215-218	Men	
4-4	219-223	ziet	
4-5	224-228	twee	
4-6	229-236	fakkels	
4-7	237-239	in	
4-8	240-242	uw	
4-9	243-248	hooge	
4-10	249-258	voorhooft	
4-11	259-266	blaaken	
4-12	266-267	.	

#Text=Is 't in een paarel?
5-1	269-271	Is	
5-2	272-273	'	
5-3	273-274	t	
5-4	275-277	in	
5-5	278-281	een	
5-6	282-288	paarel	
5-7	288-289	?	

#Text=neen: die heeft gy in uw mondt.
6-1	290-294	neen	
6-2	294-295	:	
6-3	296-299	die	
6-4	300-305	heeft	
6-5	306-308	gy	
6-6	309-311	in	
6-7	312-314	uw	
6-8	315-320	mondt	
6-9	320-321	.	

#Text=Is 't in een lely?
7-1	323-325	Is	
7-2	326-327	'	
7-3	327-328	t	
7-4	329-331	in	
7-5	332-335	een	
7-6	336-340	lely	
7-7	340-341	?	

#Text=neen: die groeit op uwe kaaken.
8-1	342-346	neen	
8-2	346-347	:	
8-3	348-351	die	
8-4	352-358	groeit	
8-5	359-361	op	
8-6	362-365	uwe	
8-7	366-372	kaaken	
8-8	372-373	.	

#Text=Gy zoudt, dit weet ik vast, door uw verkeerde wondt,
#Text=Veranderen in stof dat deur de lucht zou zwieren.
9-1	375-377	Gy	
9-2	378-383	zoudt	
9-3	383-384	,	
9-4	385-388	dit	
9-5	389-393	weet	
9-6	394-396	ik	
9-7	397-401	vast	
9-8	401-402	,	
9-9	403-407	door	
9-10	408-410	uw	
9-11	411-420	verkeerde	
9-12	421-426	wondt	
9-13	426-427	,	
9-14	428-438	Veranderen	
9-15	439-441	in	
9-16	442-446	stof	
9-17	447-450	dat	
9-18	451-455	deur	
9-19	456-458	de	
9-20	459-464	lucht	
9-21	465-468	zou	
9-22	469-476	zwieren	
9-23	476-477	.	

#Text=Geef my veel liever stof, om uwe bruiloftfeest,
#Text=Door myn verplichte pen, met vaarzen te versieren.
10-1	480-484	Geef	
10-2	485-487	my	
10-3	488-492	veel	
10-4	493-499	liever	
10-5	500-504	stof	
10-6	504-505	,	
10-7	506-508	om	
10-8	509-512	uwe	
10-9	513-526	bruiloftfeest	
10-10	526-527	,	
10-11	528-532	Door	
10-12	533-536	myn	
10-13	537-547	verplichte	
10-14	548-551	pen	
10-15	551-552	,	
10-16	553-556	met	
10-17	557-564	vaarzen	
10-18	565-567	te	
10-19	568-577	versieren	
10-20	577-578	.	

#Text=Ey!
11-1	580-582	Ey	
11-2	582-583	!	

#Text=staa, Jakoba, staa, en leever aan myn geest
#Text=
#Text=Geen droevigh treurstof: maar een blyde bruilofshymen.
12-1	584-588	staa	
12-2	588-589	,	
12-3	590-596	Jakoba	
12-4	596-597	,	
12-5	598-602	staa	
12-6	602-603	,	
12-7	604-606	en	
12-8	607-613	leever	
12-9	614-617	aan	
12-10	618-621	myn	
12-11	622-627	geest	
12-12	629-633	Geen	
12-13	634-642	droevigh	
12-14	643-652	treurstof	
12-15	652-653	:	
12-16	654-658	maar	
12-17	659-662	een	
12-18	663-668	blyde	
12-19	669-682	bruilofshymen	
12-20	682-683	.	

#Text=Het oor vernoegt zich best door minnelyke rymen.
13-1	686-689	Het	
13-2	690-693	oor	
13-3	694-702	vernoegt	
13-4	703-707	zich	
13-5	708-712	best	
13-6	713-717	door	
13-7	718-727	minnelyke	
13-8	728-733	rymen	
13-9	733-734	.	

#Text=Jan Vos, Alle de gedichten.
14-1	737-740	Jan	
14-2	741-744	Vos	
14-3	744-745	,	
14-4	746-750	Alle	
14-5	751-753	de	
14-6	754-763	gedichten	
14-7	763-764	.	

#Text=Deel 1
#Text=
#Text=\f276
#Text=
#Text=Verjaaren van den E.
15-1	765-769	Deel	
15-2	770-771	1	
15-3	774-777	276	
15-4	779-788	Verjaaren	
15-5	789-792	van	
15-6	793-796	den	
15-7	797-798	E	
15-8	798-799	.	

#Text=Heer
16-1	800-804	Heer	
