#FORMAT=WebAnno TSV 3.3


#Text=Nella produzione di quello, l’oratore esclude il concorso del diavolo, esclamando: è troppo furbo per servirsi di tali mezzi.
1-1	0-5	Nella	
1-2	6-16	produzione	
1-3	17-19	di	
1-4	20-26	quello	
1-5	26-27	,	
1-6	28-29	l	
1-7	29-30	’	
1-8	30-37	oratore	
1-9	38-45	esclude	
1-10	46-48	il	
1-11	49-57	concorso	
1-12	58-61	del	
1-13	62-69	diavolo	
1-14	69-70	,	
1-15	71-81	esclamando	
1-16	81-82	:	
1-17	83-84	è	
1-18	85-91	troppo	
1-19	92-97	furbo	
1-20	98-101	per	
1-21	102-110	servirsi	
1-22	111-113	di	
1-23	114-118	tali	
1-24	119-124	mezzi	
1-25	124-125	.	

#Text=Eppure non si rammenta che la maggioranza dei pastori evangelici ammette per unica prova il concorso di Satana.
2-1	126-132	Eppure	
2-2	133-136	non	
2-3	137-139	si	
2-4	140-148	rammenta	
2-5	149-152	che	
2-6	153-155	la	
2-7	156-167	maggioranza	
2-8	168-171	dei	
2-9	172-179	pastori	
2-10	180-190	evangelici	
2-11	191-198	ammette	
2-12	199-202	per	
2-13	203-208	unica	
2-14	209-214	prova	
2-15	215-217	il	
2-16	218-226	concorso	
2-17	227-229	di	
2-18	230-236	Satana	
2-19	236-237	.	

#Text=In Firenze nell’anno 1880, il Sig.
3-1	238-240	In	
3-2	241-248	Firenze	
3-3	249-253	nell	
3-4	253-254	’	
3-5	254-258	anno	
3-6	259-263	1880	
3-7	263-264	,	
3-8	265-267	il	
3-9	268-271	Sig	
3-10	271-272	.	

#Text=Paolo Geymonat, professore di Teologia, in una sua conferenza tenuta al circolo filologico contro lo spiritismo, si esprime a questo riguardo nei seguenti termini:
#Text=“Considerata la varietà dei fenomeni, esclusa nei medesimi ogni causa artificiale, e la sufficenza di qualsiasi causa naturale, non è giuoco forza ammettere una causa soprannaturale?
4-1	273-278	Paolo	
4-2	279-287	Geymonat	
4-3	287-288	,	
4-4	289-299	professore	
4-5	300-302	di	
4-6	303-311	Teologia	
4-7	311-312	,	
4-8	313-315	in	
4-9	316-319	una	
4-10	320-323	sua	
4-11	324-334	conferenza	
4-12	335-341	tenuta	
4-13	342-344	al	
4-14	345-352	circolo	
4-15	353-363	filologico	
4-16	364-370	contro	
4-17	371-373	lo	
4-18	374-384	spiritismo	
4-19	384-385	,	
4-20	386-388	si	
4-21	389-396	esprime	
4-22	397-398	a	
4-23	399-405	questo	
4-24	406-414	riguardo	
4-25	415-418	nei	
4-26	419-427	seguenti	
4-27	428-435	termini	
4-28	435-436	:	
4-29	437-438	“	
4-30	438-449	Considerata	
4-31	450-452	la	
4-32	453-460	varietà	
4-33	461-464	dei	
4-34	465-473	fenomeni	
4-35	473-474	,	
4-36	475-482	esclusa	
4-37	483-486	nei	
4-38	487-495	medesimi	
4-39	496-500	ogni	
4-40	501-506	causa	
4-41	507-518	artificiale	
4-42	518-519	,	
4-43	520-521	e	
4-44	522-524	la	
4-45	525-535	sufficenza	
4-46	536-538	di	
4-47	539-548	qualsiasi	
4-48	549-554	causa	
4-49	555-563	naturale	
4-50	563-564	,	
4-51	565-568	non	
4-52	569-570	è	
4-53	571-577	giuoco	
4-54	578-583	forza	
4-55	584-593	ammettere	
4-56	594-597	una	
4-57	598-603	causa	
4-58	604-618	soprannaturale	
4-59	618-619	?	

#Text=Per debito d’imparzialità, per amore di verità, ammettiamo addirittura l’azione di forze invisibili ed intelligenti, ossia di spiriti.
5-1	620-623	Per	
5-2	624-630	debito	
5-3	631-632	d	
5-4	632-633	’	
5-5	633-645	imparzialità	
5-6	645-646	,	
5-7	647-650	per	
5-8	651-656	amore	
5-9	657-659	di	
5-10	660-666	verità	
5-11	666-667	,	
5-12	668-678	ammettiamo	
5-13	679-690	addirittura	
5-14	691-692	l	
5-15	692-693	’	
5-16	693-699	azione	
5-17	700-702	di	
5-18	703-708	forze	
5-19	709-719	invisibili	
5-20	720-722	ed	
5-21	723-735	intelligenti	
5-22	735-736	,	
5-23	737-742	ossia	
5-24	743-745	di	
5-25	746-753	spiriti	
5-26	753-754	.	

#Text=“Principia qui però a farsi critica la questione, e a dar luogo a vedute opposte.
6-1	755-756	“	
6-2	756-765	Principia	
6-3	766-769	qui	
6-4	770-774	però	
6-5	775-776	a	
6-6	777-782	farsi	
6-7	783-790	critica	
6-8	791-793	la	
6-9	794-803	questione	
6-10	803-804	,	
6-11	805-806	e	
6-12	807-808	a	
6-13	809-812	dar	
6-14	813-818	luogo	
6-15	819-820	a	
6-16	821-827	vedute	
6-17	828-835	opposte	
6-18	835-836	.	

#Text=Chi sono quegli spiriti?
7-1	837-840	Chi	
7-2	841-845	sono	
7-3	846-852	quegli	
7-4	853-860	spiriti	
7-5	860-861	?	

#Text=sono essi gli spiriti dei defunti?
8-1	862-866	sono	
8-2	867-871	essi	
8-3	872-875	gli	
8-4	876-883	spiriti	
8-5	884-887	dei	
8-6	888-895	defunti	
8-7	895-896	?	

#Text=Sono essi gli spiriti che chiamate, che desiderate, che credete?
9-1	897-901	Sono	
9-2	902-906	essi	
9-3	907-910	gli	
9-4	911-918	spiriti	
9-5	919-922	che	
9-6	923-931	chiamate	
9-7	931-932	,	
9-8	933-936	che	
9-9	937-947	desiderate	
9-10	947-948	,	
9-11	949-952	che	
9-12	953-960	credete	
9-13	960-961	?	

#Text=Non potrebbero essere spiriti caduti dal cielo anzichè saliti dalla terra?
10-1	962-965	Non	
10-2	966-976	potrebbero	
10-3	977-983	essere	
10-4	984-991	spiriti	
10-5	992-998	caduti	
10-6	999-1002	dal	
10-7	1003-1008	cielo	
10-8	1009-1016	anzichè	
10-9	1017-1023	saliti	
10-10	1024-1029	dalla	
10-11	1030-1035	terra	
10-12	1035-1036	?	

#Text=Questo solo dubbio basta a guastare tutta la poesia.
11-1	1037-1043	Questo	
11-2	1044-1048	solo	
11-3	1049-1055	dubbio	
11-4	1056-1061	basta	
11-5	1062-1063	a	
11-6	1064-1072	guastare	
11-7	1073-1078	tutta	
11-8	1079-1081	la	
11-9	1082-1088	poesia	
11-10	1088-1089	.	

#Text=“Ci vien detto che gli spiriti tutti quanti dichiarano con solennità di linguaggio di essere gli spiriti dei defunti.
12-1	1090-1091	“	
12-2	1091-1093	Ci	
12-3	1094-1098	vien	
12-4	1099-1104	detto	
12-5	1105-1108	che	
12-6	1109-1112	gli	
12-7	1113-1120	spiriti	
12-8	1121-1126	tutti	
12-9	1127-1133	quanti	
12-10	1134-1144	dichiarano	
12-11	1145-1148	con	
12-12	1149-1158	solennità	
12-13	1159-1161	di	
12-14	1162-1172	linguaggio	
12-15	1173-1175	di	
12-16	1176-1182	essere	
12-17	1183-1186	gli	
12-18	1187-1194	spiriti	
12-19	1195-1198	dei	
12-20	1199-1206	defunti	
12-21	1206-1207	.	

#Text=A spiritisti dei quali conosciamo il carattere e la vita, prestiamo fede quando ci dicono di aver ricevute quelle dichiarazioni.
13-1	1208-1209	A	
13-2	1210-1220	spiritisti	
13-3	1221-1224	dei	
13-4	1225-1230	quali	
13-5	1231-1241	conosciamo	
13-6	1242-1244	il	
13-7	1245-1254	carattere	
13-8	1255-1256	e	
13-9	1257-1259	la	
13-10	1260-1264	vita	
13-11	1264-1265	,	
13-12	1266-1275	prestiamo	
13-13	1276-1280	fede	
13-14	1281-1287	quando	
13-15	1288-1290	ci	
13-16	1291-1297	dicono	
13-17	1298-1300	di	
13-18	1301-1305	aver	
13-19	1306-1314	ricevute	
13-20	1315-1321	quelle	
13-21	1322-1335	dichiarazioni	
13-22	1335-1336	.	

#Text=Alle dichiarazioni stesse degli spiriti non prestiam fede alcuna.
14-1	1337-1341	Alle	
14-2	1342-1355	dichiarazioni	
14-3	1356-1362	stesse	
14-4	1363-1368	degli	
14-5	1369-1376	spiriti	
14-6	1377-1380	non	
14-7	1381-1389	prestiam	
14-8	1390-1394	fede	
14-9	1395-1401	alcuna	
14-10	1401-1402	.	

#Text=Possono essi tutto sapere di noi, nulla noi di loro: per quanto sieno solenni le loro dichiarazioni, non possono essere accolte senza diffidenza.
15-1	1403-1410	Possono	
15-2	1411-1415	essi	
15-3	1416-1421	tutto	
15-4	1422-1428	sapere	
15-5	1429-1431	di	
15-6	1432-1435	noi	
15-7	1435-1436	,	
15-8	1437-1442	nulla	
15-9	1443-1446	noi	
15-10	1447-1449	di	
15-11	1450-1454	loro	
15-12	1454-1455	:	
15-13	1456-1459	per	
15-14	1460-1466	quanto	
15-15	1467-1472	sieno	
15-16	1473-1480	solenni	
15-17	1481-1483	le	
15-18	1484-1488	loro	
15-19	1489-1502	dichiarazioni	
15-20	1502-1503	,	
15-21	1504-1507	non	
15-22	1508-1515	possono	
15-23	1516-1522	essere	
15-24	1523-1530	accolte	
15-25	1531-1536	senza	
15-26	1537-1547	diffidenza	
15-27	1547-1548	.	

#Text=Indipendentemente dall’autorità della sacra Scrittura, la quale ci avverte che Satana stesso si trasforma talvolta in angelo di luce, troppe ragioni di diffidare si rinvengono nelle molte mistificazioni lamentate dagli spiritisti stessi”.
16-1	1549-1566	Indipendentemente	
16-2	1567-1571	dall	
16-3	1571-1572	’	
16-4	1572-1580	autorità	
16-5	1581-1586	della	
16-6	1587-1592	sacra	
16-7	1593-1602	Scrittura	
16-8	1602-1603	,	
16-9	1604-1606	la	
16-10	1607-1612	quale	
16-11	1613-1615	ci	
16-12	1616-1623	avverte	
16-13	1624-1627	che	
16-14	1628-1634	Satana	
16-15	1635-1641	stesso	
16-16	1642-1644	si	
16-17	1645-1654	trasforma	
16-18	1655-1663	talvolta	
16-19	1664-1666	in	
16-20	1667-1673	angelo	
16-21	1674-1676	di	
16-22	1677-1681	luce	
16-23	1681-1682	,	
16-24	1683-1689	troppe	
16-25	1690-1697	ragioni	
16-26	1698-1700	di	
16-27	1701-1710	diffidare	
16-28	1711-1713	si	
16-29	1714-1724	rinvengono	
16-30	1725-1730	nelle	
16-31	1731-1736	molte	
16-32	1737-1751	mistificazioni	
16-33	1752-1761	lamentate	
16-34	1762-1767	dagli	
16-35	1768-1778	spiritisti	
16-36	1779-1785	stessi	
16-37	1785-1786	”	
16-38	1786-1787	.	

#Text=Nel congresso dei vescovi evangelici tenuto in Inghilterra nell’anno 1881, i discorsi tenuti consuonano col suddetto, e finiscono col riconoscere i fenomeni prodotti per l’intervento diabolico.
17-1	1788-1791	Nel	
17-2	1792-1801	congresso	
17-3	1802-1805	dei	
17-4	1806-1813	vescovi	
17-5	1814-1824	evangelici	
17-6	1825-1831	tenuto	
17-7	1832-1834	in	
17-8	1835-1846	Inghilterra	
17-9	1847-1851	nell	
17-10	1851-1852	’	
17-11	1852-1856	anno	
17-12	1857-1861	1881	
17-13	1861-1862	,	
17-14	1863-1864	i	
17-15	1865-1873	discorsi	
17-16	1874-1880	tenuti	
17-17	1881-1891	consuonano	
17-18	1892-1895	col	
17-19	1896-1904	suddetto	
17-20	1904-1905	,	
17-21	1906-1907	e	
17-22	1908-1917	finiscono	
17-23	1918-1921	col	
17-24	1922-1933	riconoscere	
17-25	1934-1935	i	
17-26	1936-1944	fenomeni	
17-27	1945-1953	prodotti	
17-28	1954-1957	per	
17-29	1958-1959	l	
17-30	1959-1960	’	
17-31	1960-1970	intervento	
17-32	1971-1980	diabolico	
17-33	1980-1981	.	

#Text=Tutto questo, pochi mesi or sono, ora il diavolo è scartato, e si ricorre ad interrogare la povera scienza, e farle dire anche quello che non ha detto.
18-1	1982-1987	Tutto	
18-2	1988-1994	questo	
18-3	1994-1995	,	
18-4	1996-2001	pochi	
18-5	2002-2006	mesi	
18-6	2007-2009	or	
18-7	2010-2014	sono	
18-8	2014-2015	,	
18-9	2016-2019	ora	
18-10	2020-2022	il	
18-11	2023-2030	diavolo	
18-12	2031-2032	è	
18-13	2033-2041	scartato	
18-14	2041-2042	,	
18-15	2043-2044	e	
18-16	2045-2047	si	
18-17	2048-2055	ricorre	
18-18	2056-2058	ad	
18-19	2059-2070	interrogare	
18-20	2071-2073	la	
18-21	2074-2080	povera	
18-22	2081-2088	scienza	
18-23	2088-2089	,	
18-24	2090-2091	e	
18-25	2092-2097	farle	
18-26	2098-2102	dire	
18-27	2103-2108	anche	
18-28	2109-2115	quello	
18-29	2116-2119	che	
18-30	2120-2123	non	
18-31	2124-2126	ha	
18-32	2127-2132	detto	
18-33	2132-2133	.	

#Text=Prima di tutto dal complesso dello scentifico discorso non risulta mai la parola, io ho provato.
19-1	2134-2139	Prima	
19-2	2140-2142	di	
19-3	2143-2148	tutto	
19-4	2149-2152	dal	
19-5	2153-2162	complesso	
19-6	2163-2168	dello	
19-7	2169-2179	scentifico	
19-8	2180-2188	discorso	
19-9	2189-2192	non	
19-10	2193-2200	risulta	
19-11	2201-2204	mai	
19-12	2205-2207	la	
19-13	2208-2214	parola	
19-14	2214-2215	,	
19-15	2216-2218	io	
19-16	2219-2221	ho	
19-17	2222-2229	provato	
19-18	2229-2230	.	

#Text=Ora chi non prova non può avere il diritto di dire, io so, io posso smentire un fatto che un altro afferma di avere osservato.
20-1	2231-2234	Ora	
20-2	2235-2238	chi	
20-3	2239-2242	non	
20-4	2243-2248	prova	
20-5	2249-2252	non	
20-6	2253-2256	può	
20-7	2257-2262	avere	
20-8	2263-2265	il	
20-9	2266-2273	diritto	
20-10	2274-2276	di	
20-11	2277-2281	dire	
20-12	2281-2282	,	
20-13	2283-2285	io	
20-14	2286-2288	so	
20-15	2288-2289	,	
20-16	2290-2292	io	
20-17	2293-2298	posso	
20-18	2299-2307	smentire	
20-19	2308-2310	un	
20-20	2311-2316	fatto	
20-21	2317-2320	che	
20-22	2321-2323	un	
20-23	2324-2329	altro	
20-24	2330-2337	afferma	
20-25	2338-2340	di	
20-26	2341-2346	avere	
20-27	2347-2356	osservato	
20-28	2356-2357	.	

#Text=Quando si dice, io so come succede, costui dev’essere in grado di mostrare l’esperimento e di ripeterlo in tutte le sue particolarità.
21-1	2358-2364	Quando	
21-2	2365-2367	si	
21-3	2368-2372	dice	
21-4	2372-2373	,	
21-5	2374-2376	io	
21-6	2377-2379	so	
21-7	2380-2384	come	
21-8	2385-2392	succede	
21-9	2392-2393	,	
21-10	2394-2400	costui	
21-11	2401-2404	dev	
21-12	2404-2405	’	
21-13	2405-2411	essere	
21-14	2412-2414	in	
21-15	2415-2420	grado	
21-16	2421-2423	di	
21-17	2424-2432	mostrare	
21-18	2433-2434	l	
21-19	2434-2435	’	
21-20	2435-2446	esperimento	
21-21	2447-2448	e	
21-22	2449-2451	di	
21-23	2452-2461	ripeterlo	
21-24	2462-2464	in	
21-25	2465-2470	tutte	
21-26	2471-2473	le	
21-27	2474-2477	sue	
21-28	2478-2491	particolarità	
21-29	2491-2492	.	

#Text=Le chiacchiere hanno un valore relativo e poco scentifico.
22-1	2493-2495	Le	
22-2	2496-2507	chiacchiere	
22-3	2508-2513	hanno	
22-4	2514-2516	un	
22-5	2517-2523	valore	
22-6	2524-2532	relativo	
22-7	2533-2534	e	
22-8	2535-2539	poco	
22-9	2540-2550	scentifico	
22-10	2550-2551	.	

#Text=Ma il valente oratore si sottopone al pericolo di divenire spiritista, ma con qual prova?
23-1	2552-2554	Ma	
23-2	2555-2557	il	
23-3	2558-2565	valente	
23-4	2566-2573	oratore	
23-5	2574-2576	si	
23-6	2577-2586	sottopone	
23-7	2587-2589	al	
23-8	2590-2598	pericolo	
23-9	2599-2601	di	
23-10	2602-2610	divenire	
23-11	2611-2621	spiritista	
23-12	2621-2622	,	
23-13	2623-2625	ma	
23-14	2626-2629	con	
23-15	2630-2634	qual	
23-16	2635-2640	prova	
23-17	2640-2641	?	

#Text=Venga lo spirito di Cavour e di Sella e scriva a credito del signor Teofilo Gay una rendita di 100 mila lire sul gran libro del Debito Pubblico, e lui diventa spiritista.
24-1	2642-2647	Venga	
24-2	2648-2650	lo	
24-3	2651-2658	spirito	
24-4	2659-2661	di	
24-5	2662-2668	Cavour	
24-6	2669-2670	e	
24-7	2671-2673	di	
24-8	2674-2679	Sella	
24-9	2680-2681	e	
24-10	2682-2688	scriva	
24-11	2689-2690	a	
24-12	2691-2698	credito	
24-13	2699-2702	del	
24-14	2703-2709	signor	
24-15	2710-2717	Teofilo	
24-16	2718-2721	Gay	
24-17	2722-2725	una	
24-18	2726-2733	rendita	
24-19	2734-2736	di	
24-20	2737-2740	100	
24-21	2741-2745	mila	
24-22	2746-2750	lire	
24-23	2751-2754	sul	
24-24	2755-2759	gran	
24-25	2760-2765	libro	
24-26	2766-2769	del	
24-27	2770-2776	Debito	
24-28	2777-2785	Pubblico	
24-29	2785-2786	,	
24-30	2787-2788	e	
24-31	2789-2792	lui	
24-32	2793-2800	diventa	
24-33	2801-2811	spiritista	
24-34	2811-2812	.	

#Text=Questa è la prova scentifica che l’arguto pastore richiede per convincersi dell’esistenza di un fatto, a cui è rivolta l’osservazione e lo studio indefesso di uomini sommi in scienze ed in lettere, che spinti dall’amore del progresso accorrono senza alcun’interesse là dove occorre rintracciare la causa di un qualche effetto che emerge chiarissimo, al di fuori dell’ordine conosciuto.
25-1	2813-2819	Questa	
25-2	2820-2821	è	
25-3	2822-2824	la	
25-4	2825-2830	prova	
25-5	2831-2841	scentifica	
25-6	2842-2845	che	
25-7	2846-2847	l	
25-8	2847-2848	’	
25-9	2848-2854	arguto	
25-10	2855-2862	pastore	
25-11	2863-2871	richiede	
25-12	2872-2875	per	
25-13	2876-2887	convincersi	
25-14	2888-2892	dell	
25-15	2892-2893	’	
25-16	2893-2902	esistenza	
25-17	2903-2905	di	
25-18	2906-2908	un	
25-19	2909-2914	fatto	
25-20	2914-2915	,	
25-21	2916-2917	a	
25-22	2918-2921	cui	
25-23	2922-2923	è	
25-24	2924-2931	rivolta	
25-25	2932-2933	l	
25-26	2933-2934	’	
25-27	2934-2946	osservazione	
25-28	2947-2948	e	
25-29	2949-2951	lo	
25-30	2952-2958	studio	
25-31	2959-2968	indefesso	
25-32	2969-2971	di	
25-33	2972-2978	uomini	
25-34	2979-2984	sommi	
25-35	2985-2987	in	
25-36	2988-2995	scienze	
25-37	2996-2998	ed	
25-38	2999-3001	in	
25-39	3002-3009	lettere	
25-40	3009-3010	,	
25-41	3011-3014	che	
25-42	3015-3021	spinti	
25-43	3022-3026	dall	
25-44	3026-3027	’	
25-45	3027-3032	amore	
25-46	3033-3036	del	
25-47	3037-3046	progresso	
25-48	3047-3056	accorrono	
25-49	3057-3062	senza	
25-50	3063-3068	alcun	
25-51	3068-3069	’	
25-52	3069-3078	interesse	
25-53	3079-3081	là	
25-54	3082-3086	dove	
25-55	3087-3094	occorre	
25-56	3095-3107	rintracciare	
25-57	3108-3110	la	
25-58	3111-3116	causa	
25-59	3117-3119	di	
25-60	3120-3122	un	
25-61	3123-3130	qualche	
25-62	3131-3138	effetto	
25-63	3139-3142	che	
25-64	3143-3149	emerge	
25-65	3150-3161	chiarissimo	
25-66	3161-3162	,	
25-67	3163-3165	al	
25-68	3166-3168	di	
25-69	3169-3174	fuori	
25-70	3175-3179	dell	
25-71	3179-3180	’	
25-72	3180-3186	ordine	
25-73	3187-3197	conosciuto	
25-74	3197-3198	.	

#Text=E senza accorgersi di mettersi in aperta contradizione col disinteresse evangelico, cammina inoltre di pari passo con quelle persone che crederebbero allo spiritismo se le anime dei defunti venissero a dar loro dei numeri per il lotto, ed a toglierli da imbarazzi e false posizioni sociali.
26-1	3199-3200	E	
26-2	3201-3206	senza	
26-3	3207-3217	accorgersi	
26-4	3218-3220	di	
26-5	3221-3229	mettersi	
26-6	3230-3232	in	
26-7	3233-3239	aperta	
26-8	3240-3253	contradizione	
26-9	3254-3257	col	
26-10	3258-3270	disinteresse	
26-11	3271-3281	evangelico	
26-12	3281-3282	,	
26-13	3283-3290	cammina	
26-14	3291-3298	inoltre	
26-15	3299-3301	di	
26-16	3302-3306	pari	
26-17	3307-3312	passo	
26-18	3313-3316	con	
26-19	3317-3323	quelle	
26-20	3324-3331	persone	
26-21	3332-3335	che	
26-22	3336-3348	crederebbero	
26-23	3349-3353	allo	
26-24	3354-3364	spiritismo	
26-25	3365-3367	se	
26-26	3368-3370	le	
26-27	3371-3376	anime	
26-28	3377-3380	dei	
26-29	3381-3388	defunti	
26-30	3389-3398	venissero	
26-31	3399-3400	a	
26-32	3401-3404	dar	
26-33	3405-3409	loro	
26-34	3410-3413	dei	
26-35	3414-3420	numeri	
26-36	3421-3424	per	
26-37	3425-3427	il	
26-38	3428-3433	lotto	
26-39	3433-3434	,	
26-40	3435-3437	ed	
26-41	3438-3439	a	
26-42	3440-3449	toglierli	
26-43	3450-3452	da	
26-44	3453-3462	imbarazzi	
26-45	3463-3464	e	
26-46	3465-3470	false	
26-47	3471-3480	posizioni	
26-48	3481-3488	sociali	
26-49	3488-3489	.	

#Text=Ma disgraziatamente non essendosi finora verificato nessun fatto simile a quello richiesto dal Sig.
27-1	3490-3492	Ma	
27-2	3493-3509	disgraziatamente	
27-3	3510-3513	non	
27-4	3514-3523	essendosi	
27-5	3524-3530	finora	
27-6	3531-3541	verificato	
27-7	3542-3548	nessun	
27-8	3549-3554	fatto	
27-9	3555-3561	simile	
27-10	3562-3563	a	
27-11	3564-3570	quello	
27-12	3571-3580	richiesto	
27-13	3581-3584	dal	
27-14	3585-3588	Sig	
27-15	3588-3589	.	

#Text=Pastore e ritenendo che mai si verificherà, dobbiamo perciò rinunziare con vivo dolore al vanto di averlo per compagno disinteressato nei nostri puerili passatempi.
28-1	3590-3597	Pastore	
28-2	3598-3599	e	
28-3	3600-3609	ritenendo	
28-4	3610-3613	che	
28-5	3614-3617	mai	
28-6	3618-3620	si	
28-7	3621-3632	verificherà	
28-8	3632-3633	,	
28-9	3634-3642	dobbiamo	
28-10	3643-3649	perciò	
28-11	3650-3660	rinunziare	
28-12	3661-3664	con	
28-13	3665-3669	vivo	
28-14	3670-3676	dolore	
28-15	3677-3679	al	
28-16	3680-3685	vanto	
28-17	3686-3688	di	
28-18	3689-3695	averlo	
28-19	3696-3699	per	
28-20	3700-3708	compagno	
28-21	3709-3723	disinteressato	
28-22	3724-3727	nei	
28-23	3728-3734	nostri	
28-24	3735-3742	puerili	
28-25	3743-3753	passatempi	
28-26	3753-3754	.	

#Text=Nonostante si lascia al pubblico il giudizio su simile prova il quale non potrà essere certamente bello per chi la richiese.
29-1	3755-3765	Nonostante	
29-2	3766-3768	si	
29-3	3769-3775	lascia	
29-4	3776-3778	al	
29-5	3779-3787	pubblico	
29-6	3788-3790	il	
29-7	3791-3799	giudizio	
29-8	3800-3802	su	
29-9	3803-3809	simile	
29-10	3810-3815	prova	
29-11	3816-3818	il	
29-12	3819-3824	quale	
29-13	3825-3828	non	
29-14	3829-3834	potrà	
29-15	3835-3841	essere	
29-16	3842-3852	certamente	
29-17	3853-3858	bello	
29-18	3859-3862	per	
29-19	3863-3866	chi	
29-20	3867-3869	la	
29-21	3870-3878	richiese	
29-22	3878-3879	.	

#Text=Poi il conferenziere prosegue dicendo, che se li spiritisti vogliono la fiducia sottoponghino i loro fenomeni davanti una commissione indagatrice, ignorando o fingendo d’ignorare tutto ciò che uomini, veramente dotti, fecero e fanno, scrissero e pubblicarono.
30-1	3880-3883	Poi	
30-2	3884-3886	il	
30-3	3887-3900	conferenziere	
30-4	3901-3909	prosegue	
30-5	3910-3917	dicendo	
30-6	3917-3918	,	
30-7	3919-3922	che	
30-8	3923-3925	se	
30-9	3926-3928	li	
30-10	3929-3939	spiritisti	
30-11	3940-3948	vogliono	
30-12	3949-3951	la	
30-13	3952-3959	fiducia	
30-14	3960-3973	sottoponghino	
30-15	3974-3975	i	
30-16	3976-3980	loro	
30-17	3981-3989	fenomeni	
30-18	3990-3997	davanti	
30-19	3998-4001	una	
30-20	4002-4013	commissione	
30-21	4014-4025	indagatrice	
30-22	4025-4026	,	
30-23	4027-4036	ignorando	
30-24	4037-4038	o	
30-25	4039-4047	fingendo	
30-26	4048-4049	d	
30-27	4049-4050	’	
30-28	4050-4058	ignorare	
30-29	4059-4064	tutto	
30-30	4065-4068	ciò	
30-31	4069-4072	che	
30-32	4073-4079	uomini	
30-33	4079-4080	,	
30-34	4081-4090	veramente	
30-35	4091-4096	dotti	
30-36	4096-4097	,	
30-37	4098-4104	fecero	
30-38	4105-4106	e	
30-39	4107-4112	fanno	
30-40	4112-4113	,	
30-41	4114-4123	scrissero	
30-42	4124-4125	e	
30-43	4126-4138	pubblicarono	
30-44	4138-4139	.	

#Text=Su questo punto rimandiamo il lettore all’articolo che fa seguito, pubblicato nel Fanfulla della Domenica, nel quale è menzionato un libro ch’esce ora in Inghilterra, prodotto di scenziati che hanno studiato e constatato i Fenomeni più di quello che ha fatto il nostro dotto avversario, che si contenta dei racconti esposti dal Conte di Gasparin.
31-1	4140-4142	Su	
31-2	4143-4149	questo	
31-3	4150-4155	punto	
31-4	4156-4166	rimandiamo	
31-5	4167-4169	il	
31-6	4170-4177	lettore	
31-7	4178-4181	all	
31-8	4181-4182	’	
31-9	4182-4190	articolo	
31-10	4191-4194	che	
31-11	4195-4197	fa	
31-12	4198-4205	seguito	
31-13	4205-4206	,	
31-14	4207-4217	pubblicato	
31-15	4218-4221	nel	
31-16	4222-4230	Fanfulla	
31-17	4231-4236	della	
31-18	4237-4245	Domenica	
31-19	4245-4246	,	
31-20	4247-4250	nel	
31-21	4251-4256	quale	
31-22	4257-4258	è	
31-23	4259-4269	menzionato	
31-24	4270-4272	un	
31-25	4273-4278	libro	
31-26	4279-4281	ch	
31-27	4281-4282	’	
31-28	4282-4286	esce	
31-29	4287-4290	ora	
31-30	4291-4293	in	
31-31	4294-4305	Inghilterra	
31-32	4305-4306	,	
31-33	4307-4315	prodotto	
31-34	4316-4318	di	
31-35	4319-4328	scenziati	
31-36	4329-4332	che	
31-37	4333-4338	hanno	
31-38	4339-4347	studiato	
31-39	4348-4349	e	
31-40	4350-4360	constatato	
31-41	4361-4362	i	
31-42	4363-4371	Fenomeni	
31-43	4372-4375	più	
31-44	4376-4378	di	
31-45	4379-4385	quello	
31-46	4386-4389	che	
31-47	4390-4392	ha	
31-48	4393-4398	fatto	
31-49	4399-4401	il	
31-50	4402-4408	nostro	
31-51	4409-4414	dotto	
31-52	4415-4425	avversario	
31-53	4425-4426	,	
31-54	4427-4430	che	
31-55	4431-4433	si	
31-56	4434-4442	contenta	
31-57	4443-4446	dei	
31-58	4447-4455	racconti	
31-59	4456-4463	esposti	
31-60	4464-4467	dal	
31-61	4468-4473	Conte	
31-62	4474-4476	di	
31-63	4477-4485	Gasparin	
31-64	4485-4486	.	

#Text=È facile poi il dire che l’allucinazione ed il magnetismo giuocano la parte principale negli esperimenti spiritistici e che l’isterismo gli completa.
32-1	4487-4488	È	
32-2	4489-4495	facile	
32-3	4496-4499	poi	
32-4	4500-4502	il	
32-5	4503-4507	dire	
32-6	4508-4511	che	
32-7	4512-4513	l	
32-8	4513-4514	’	
32-9	4514-4527	allucinazione	
32-10	4528-4530	ed	
32-11	4531-4533	il	
32-12	4534-4544	magnetismo	
32-13	4545-4553	giuocano	
32-14	4554-4556	la	
32-15	4557-4562	parte	
32-16	4563-4573	principale	
32-17	4574-4579	negli	
32-18	4580-4591	esperimenti	
32-19	4592-4604	spiritistici	
32-20	4605-4606	e	
32-21	4607-4610	che	
32-22	4611-4612	l	
32-23	4612-4613	’	
32-24	4613-4622	isterismo	
32-25	4623-4626	gli	
32-26	4627-4635	completa	
32-27	4635-4636	.	

#Text=Quando il mezzo di provare è alla portata di tutti, si può facilmente verificare che gli effetti che si producono sono tali da togliere ogni dubbio sulle loro cause, e demolire affatto l’elastica parola di allucinati.
33-1	4637-4643	Quando	
33-2	4644-4646	il	
33-3	4647-4652	mezzo	
33-4	4653-4655	di	
33-5	4656-4663	provare	
33-6	4664-4665	è	
33-7	4666-4670	alla	
33-8	4671-4678	portata	
33-9	4679-4681	di	
33-10	4682-4687	tutti	
33-11	4687-4688	,	
33-12	4689-4691	si	
33-13	4692-4695	può	
33-14	4696-4706	facilmente	
33-15	4707-4717	verificare	
33-16	4718-4721	che	
33-17	4722-4725	gli	
33-18	4726-4733	effetti	
33-19	4734-4737	che	
33-20	4738-4740	si	
33-21	4741-4750	producono	
33-22	4751-4755	sono	
33-23	4756-4760	tali	
33-24	4761-4763	da	
33-25	4764-4772	togliere	
33-26	4773-4777	ogni	
33-27	4778-4784	dubbio	
33-28	4785-4790	sulle	
33-29	4791-4795	loro	
33-30	4796-4801	cause	
33-31	4801-4802	,	
33-32	4803-4804	e	
33-33	4805-4813	demolire	
33-34	4814-4821	affatto	
33-35	4822-4823	l	
33-36	4823-4824	’	
33-37	4824-4832	elastica	
33-38	4833-4839	parola	
33-39	4840-4842	di	
33-40	4843-4853	allucinati	
33-41	4853-4854	.	

#Text=Quando un corpo inanimato si muove, si solleva, si trasporta, quando dei rumori si ascoltano, delle luci si veggono, degli scritti si leggono, non da uno ma da molte persone, quando questi stessi fenomeni si riproducono davanti ad uomini della scienza e del clero e che quelli stessi a viso aperto rendono di pubblica ragione ciò che hanno osservato come il Crooks, il Wallace, lo Zölner ed altri, il dire ed il definire come fa il Signor Pastore, diventa debole cosa, da preferirsi l’altra spiegazione più consuonante per un credente del santo libro, essere il diavolo, il motore e l’agente dei misteriosi fenomeni.
34-1	4855-4861	Quando	
34-2	4862-4864	un	
34-3	4865-4870	corpo	
34-4	4871-4880	inanimato	
34-5	4881-4883	si	
34-6	4884-4889	muove	
34-7	4889-4890	,	
34-8	4891-4893	si	
34-9	4894-4901	solleva	
34-10	4901-4902	,	
34-11	4903-4905	si	
34-12	4906-4915	trasporta	
34-13	4915-4916	,	
34-14	4917-4923	quando	
34-15	4924-4927	dei	
34-16	4928-4934	rumori	
34-17	4935-4937	si	
34-18	4938-4947	ascoltano	
34-19	4947-4948	,	
34-20	4949-4954	delle	
34-21	4955-4959	luci	
34-22	4960-4962	si	
34-23	4963-4970	veggono	
34-24	4970-4971	,	
34-25	4972-4977	degli	
34-26	4978-4985	scritti	
34-27	4986-4988	si	
34-28	4989-4996	leggono	
34-29	4996-4997	,	
34-30	4998-5001	non	
34-31	5002-5004	da	
34-32	5005-5008	uno	
34-33	5009-5011	ma	
34-34	5012-5014	da	
34-35	5015-5020	molte	
34-36	5021-5028	persone	
34-37	5028-5029	,	
34-38	5030-5036	quando	
34-39	5037-5043	questi	
34-40	5044-5050	stessi	
34-41	5051-5059	fenomeni	
34-42	5060-5062	si	
34-43	5063-5074	riproducono	
34-44	5075-5082	davanti	
34-45	5083-5085	ad	
34-46	5086-5092	uomini	
34-47	5093-5098	della	
34-48	5099-5106	scienza	
34-49	5107-5108	e	
34-50	5109-5112	del	
34-51	5113-5118	clero	
34-52	5119-5120	e	
34-53	5121-5124	che	
34-54	5125-5131	quelli	
34-55	5132-5138	stessi	
34-56	5139-5140	a	
34-57	5141-5145	viso	
34-58	5146-5152	aperto	
34-59	5153-5160	rendono	
34-60	5161-5163	di	
34-61	5164-5172	pubblica	
34-62	5173-5180	ragione	
34-63	5181-5184	ciò	
34-64	5185-5188	che	
34-65	5189-5194	hanno	
34-66	5195-5204	osservato	
34-67	5205-5209	come	
34-68	5210-5212	il	
34-69	5213-5219	Crooks	
34-70	5219-5220	,	
34-71	5221-5223	il	
34-72	5224-5231	Wallace	
34-73	5231-5232	,	
34-74	5233-5235	lo	
34-75	5236-5242	Zölner	
34-76	5243-5245	ed	
34-77	5246-5251	altri	
34-78	5251-5252	,	
34-79	5253-5255	il	
34-80	5256-5260	dire	
34-81	5261-5263	ed	
34-82	5264-5266	il	
34-83	5267-5275	definire	
34-84	5276-5280	come	
34-85	5281-5283	fa	
34-86	5284-5286	il	
34-87	5287-5293	Signor	
34-88	5294-5301	Pastore	
34-89	5301-5302	,	
34-90	5303-5310	diventa	
34-91	5311-5317	debole	
34-92	5318-5322	cosa	
34-93	5322-5323	,	
34-94	5324-5326	da	
34-95	5327-5337	preferirsi	
34-96	5338-5339	l	
34-97	5339-5340	’	
34-98	5340-5345	altra	
34-99	5346-5357	spiegazione	
34-100	5358-5361	più	
34-101	5362-5373	consuonante	
34-102	5374-5377	per	
34-103	5378-5380	un	
34-104	5381-5389	credente	
34-105	5390-5393	del	
34-106	5394-5399	santo	
34-107	5400-5405	libro	
34-108	5405-5406	,	
34-109	5407-5413	essere	
34-110	5414-5416	il	
34-111	5417-5424	diavolo	
34-112	5424-5425	,	
34-113	5426-5428	il	
34-114	5429-5435	motore	
34-115	5436-5437	e	
34-116	5438-5439	l	
34-117	5439-5440	’	
34-118	5440-5446	agente	
34-119	5447-5450	dei	
34-120	5451-5461	misteriosi	
34-121	5462-5470	fenomeni	
34-122	5470-5471	.	

#Text=Allorchè fra gli allucinati si contano un Socrate, un Plotino, un Dione, un Tasso, perchè attestano di udir voci prodotte da esseri invisibili, siamo contenti di esser posti in quella categoria, piuttosto che in quella formata d’individui, che testimoni oculari, di strepitosi e quotidiani miracoli; pure non ci credevano.
35-1	5472-5480	Allorchè	
35-2	5481-5484	fra	
35-3	5485-5488	gli	
35-4	5489-5499	allucinati	
35-5	5500-5502	si	
35-6	5503-5510	contano	
35-7	5511-5513	un	
35-8	5514-5521	Socrate	
35-9	5521-5522	,	
35-10	5523-5525	un	
35-11	5526-5533	Plotino	
35-12	5533-5534	,	
35-13	5535-5537	un	
35-14	5538-5543	Dione	
35-15	5543-5544	,	
35-16	5545-5547	un	
35-17	5548-5553	Tasso	
35-18	5553-5554	,	
35-19	5555-5561	perchè	
35-20	5562-5571	attestano	
35-21	5572-5574	di	
35-22	5575-5579	udir	
35-23	5580-5584	voci	
35-24	5585-5593	prodotte	
35-25	5594-5596	da	
35-26	5597-5603	esseri	
35-27	5604-5614	invisibili	
35-28	5614-5615	,	
35-29	5616-5621	siamo	
35-30	5622-5630	contenti	
35-31	5631-5633	di	
35-32	5634-5639	esser	
35-33	5640-5645	posti	
35-34	5646-5648	in	
35-35	5649-5655	quella	
35-36	5656-5665	categoria	
35-37	5665-5666	,	
35-38	5667-5676	piuttosto	
35-39	5677-5680	che	
35-40	5681-5683	in	
35-41	5684-5690	quella	
35-42	5691-5698	formata	
35-43	5699-5700	d	
35-44	5700-5701	’	
35-45	5701-5710	individui	
35-46	5710-5711	,	
35-47	5712-5715	che	
35-48	5716-5725	testimoni	
35-49	5726-5733	oculari	
35-50	5733-5734	,	
35-51	5735-5737	di	
35-52	5738-5748	strepitosi	
35-53	5749-5750	e	
35-54	5751-5761	quotidiani	
35-55	5762-5770	miracoli	
35-56	5770-5771	;	
35-57	5772-5776	pure	
35-58	5777-5780	non	
35-59	5781-5783	ci	
35-60	5784-5793	credevano	
35-61	5793-5794	.	

#Text=E la storia non è piena di tanti effetti meravigliosi?
36-1	5795-5796	E	
36-2	5797-5799	la	
36-3	5800-5806	storia	
36-4	5807-5810	non	
36-5	5811-5812	è	
36-6	5813-5818	piena	
36-7	5819-5821	di	
36-8	5822-5827	tanti	
36-9	5828-5835	effetti	
36-10	5836-5848	meravigliosi	
36-11	5848-5849	?	

#Text=se dobbiamo prestar fede a tutto quello che narra Plutarco e gli altri storici, i più grandi fenomeni spiritistici non si produssero davanti i grandi uomini dell’antichità?
37-1	5850-5852	se	
37-2	5853-5861	dobbiamo	
37-3	5862-5869	prestar	
37-4	5870-5874	fede	
37-5	5875-5876	a	
37-6	5877-5882	tutto	
37-7	5883-5889	quello	
37-8	5890-5893	che	
37-9	5894-5899	narra	
37-10	5900-5908	Plutarco	
37-11	5909-5910	e	
37-12	5911-5914	gli	
37-13	5915-5920	altri	
37-14	5921-5928	storici	
37-15	5928-5929	,	
37-16	5930-5931	i	
37-17	5932-5935	più	
37-18	5936-5942	grandi	
37-19	5943-5951	fenomeni	
37-20	5952-5964	spiritistici	
37-21	5965-5968	non	
37-22	5969-5971	si	
37-23	5972-5982	produssero	
37-24	5983-5990	davanti	
37-25	5991-5992	i	
37-26	5993-5999	grandi	
37-27	6000-6006	uomini	
37-28	6007-6011	dell	
37-29	6011-6012	’	
37-30	6012-6021	antichità	
37-31	6021-6022	?	

#Text=Senza contare i prodigi dei sogni, che di questi offre esempi anche la Bibbia, specialmente quello di Faraone; quelli celebri di Sofocle e Simonide; e le apparizioni frequenti, e più celebri come quella narrata da Plinio di un fantasma di strepitosa bellezza visto da Quinto Curzio Rufo; dello spettro apparso a Giulio Cesare al Rubicone, e come lo narra Svetonio, i soldati correvano da tutte le parti ad udirlo, decidendo egli il sommo generale a varcare il fiume e dichiararsi così apertamente ribelle; il fantasma apparso a Giuliano l’apostata in Lutezia che lo induceva ad accettare l’impero; non che quello oltre modo tristo di Eleonice, fanciulla uccisa per errore dal generale Lacedemone Pausania, che non lo abbandonò mai finchè egli si portò in Sparta, luogo designato dall’ombra.
38-1	6023-6028	Senza	
38-2	6029-6036	contare	
38-3	6037-6038	i	
38-4	6039-6046	prodigi	
38-5	6047-6050	dei	
38-6	6051-6056	sogni	
38-7	6056-6057	,	
38-8	6058-6061	che	
38-9	6062-6064	di	
38-10	6065-6071	questi	
38-11	6072-6077	offre	
38-12	6078-6084	esempi	
38-13	6085-6090	anche	
38-14	6091-6093	la	
38-15	6094-6100	Bibbia	
38-16	6100-6101	,	
38-17	6102-6114	specialmente	
38-18	6115-6121	quello	
38-19	6122-6124	di	
38-20	6125-6132	Faraone	
38-21	6132-6133	;	
38-22	6134-6140	quelli	
38-23	6141-6148	celebri	
38-24	6149-6151	di	
38-25	6152-6159	Sofocle	
38-26	6160-6161	e	
38-27	6162-6170	Simonide	
38-28	6170-6171	;	
38-29	6172-6173	e	
38-30	6174-6176	le	
38-31	6177-6188	apparizioni	
38-32	6189-6198	frequenti	
38-33	6198-6199	,	
38-34	6200-6201	e	
38-35	6202-6205	più	
38-36	6206-6213	celebri	
38-37	6214-6218	come	
38-38	6219-6225	quella	
38-39	6226-6233	narrata	
38-40	6234-6236	da	
38-41	6237-6243	Plinio	
38-42	6244-6246	di	
38-43	6247-6249	un	
38-44	6250-6258	fantasma	
38-45	6259-6261	di	
38-46	6262-6272	strepitosa	
38-47	6273-6281	bellezza	
38-48	6282-6287	visto	
38-49	6288-6290	da	
38-50	6291-6297	Quinto	
38-51	6298-6304	Curzio	
38-52	6305-6309	Rufo	
38-53	6309-6310	;	
38-54	6311-6316	dello	
38-55	6317-6324	spettro	
38-56	6325-6332	apparso	
38-57	6333-6334	a	
38-58	6335-6341	Giulio	
38-59	6342-6348	Cesare	
38-60	6349-6351	al	
38-61	6352-6360	Rubicone	
38-62	6360-6361	,	
38-63	6362-6363	e	
38-64	6364-6368	come	
38-65	6369-6371	lo	
38-66	6372-6377	narra	
38-67	6378-6386	Svetonio	
38-68	6386-6387	,	
38-69	6388-6389	i	
38-70	6390-6397	soldati	
38-71	6398-6407	correvano	
38-72	6408-6410	da	
38-73	6411-6416	tutte	
38-74	6417-6419	le	
38-75	6420-6425	parti	
38-76	6426-6428	ad	
38-77	6429-6435	udirlo	
38-78	6435-6436	,	
38-79	6437-6446	decidendo	
38-80	6447-6451	egli	
38-81	6452-6454	il	
38-82	6455-6460	sommo	
38-83	6461-6469	generale	
38-84	6470-6471	a	
38-85	6472-6479	varcare	
38-86	6480-6482	il	
38-87	6483-6488	fiume	
38-88	6489-6490	e	
38-89	6491-6502	dichiararsi	
38-90	6503-6507	così	
38-91	6508-6519	apertamente	
38-92	6520-6527	ribelle	
38-93	6527-6528	;	
38-94	6529-6531	il	
38-95	6532-6540	fantasma	
38-96	6541-6548	apparso	
38-97	6549-6550	a	
38-98	6551-6559	Giuliano	
38-99	6560-6561	l	
38-100	6561-6562	’	
38-101	6562-6570	apostata	
38-102	6571-6573	in	
38-103	6574-6581	Lutezia	
38-104	6582-6585	che	
38-105	6586-6588	lo	
38-106	6589-6597	induceva	
38-107	6598-6600	ad	
38-108	6601-6610	accettare	
38-109	6611-6612	l	
38-110	6612-6613	’	
38-111	6613-6619	impero	
38-112	6619-6620	;	
38-113	6621-6624	non	
38-114	6625-6628	che	
38-115	6629-6635	quello	
38-116	6636-6641	oltre	
38-117	6642-6646	modo	
38-118	6647-6653	tristo	
38-119	6654-6656	di	
38-120	6657-6665	Eleonice	
38-121	6665-6666	,	
38-122	6667-6676	fanciulla	
38-123	6677-6683	uccisa	
38-124	6684-6687	per	
38-125	6688-6694	errore	
38-126	6695-6698	dal	
38-127	6699-6707	generale	
38-128	6708-6718	Lacedemone	
38-129	6719-6727	Pausania	
38-130	6727-6728	,	
38-131	6729-6732	che	
38-132	6733-6736	non	
38-133	6737-6739	lo	
38-134	6740-6749	abbandonò	
38-135	6750-6753	mai	
38-136	6754-6760	finchè	
38-137	6761-6765	egli	
38-138	6766-6768	si	
38-139	6769-6774	portò	
38-140	6775-6777	in	
38-141	6778-6784	Sparta	
38-142	6784-6785	,	
38-143	6786-6791	luogo	
38-144	6792-6801	designato	
38-145	6802-6806	dall	
38-146	6806-6807	’	
38-147	6807-6812	ombra	
38-148	6812-6813	.	

#Text=Bruto e Silla videro dei fantasmi e tanti altri la storia ci mostra, e più tardi la religione aggiunse ai fatti pagani le apparizioni miracolose.
39-1	6814-6819	Bruto	
39-2	6820-6821	e	
39-3	6822-6827	Silla	
39-4	6828-6834	videro	
39-5	6835-6838	dei	
39-6	6839-6847	fantasmi	
39-7	6848-6849	e	
39-8	6850-6855	tanti	
39-9	6856-6861	altri	
39-10	6862-6864	la	
39-11	6865-6871	storia	
39-12	6872-6874	ci	
39-13	6875-6881	mostra	
39-14	6881-6882	,	
39-15	6883-6884	e	
39-16	6885-6888	più	
39-17	6889-6894	tardi	
39-18	6895-6897	la	
39-19	6898-6907	religione	
39-20	6908-6916	aggiunse	
39-21	6917-6919	ai	
39-22	6920-6925	fatti	
39-23	6926-6932	pagani	
39-24	6933-6935	le	
39-25	6936-6947	apparizioni	
39-26	6948-6958	miracolose	
39-27	6958-6959	.	

#Text=Dobbiamo credere?
40-1	6960-6968	Dobbiamo	
40-2	6969-6976	credere	
40-3	6976-6977	?	

#Text=dobbiamo riderne?
41-1	6978-6986	dobbiamo	
41-2	6987-6994	riderne	
41-3	6994-6995	?	

#Text=Chi ammette la resurrezione del putrefatto Lazzaro non può esser lontano dal credere che la donna bianca apparisca nel palazzo di Berlino; avvenimento annunziato sempre dalla stampa dei due emisferi.
42-1	6996-6999	Chi	
42-2	7000-7007	ammette	
42-3	7008-7010	la	
42-4	7011-7023	resurrezione	
42-5	7024-7027	del	
42-6	7028-7038	putrefatto	
42-7	7039-7046	Lazzaro	
42-8	7047-7050	non	
42-9	7051-7054	può	
42-10	7055-7060	esser	
42-11	7061-7068	lontano	
42-12	7069-7072	dal	
42-13	7073-7080	credere	
42-14	7081-7084	che	
42-15	7085-7087	la	
42-16	7088-7093	donna	
42-17	7094-7100	bianca	
42-18	7101-7110	apparisca	
42-19	7111-7114	nel	
42-20	7115-7122	palazzo	
42-21	7123-7125	di	
42-22	7126-7133	Berlino	
42-23	7133-7134	;	
42-24	7135-7146	avvenimento	
42-25	7147-7157	annunziato	
42-26	7158-7164	sempre	
42-27	7165-7170	dalla	
42-28	7171-7177	stampa	
42-29	7178-7181	dei	
42-30	7182-7185	due	
42-31	7186-7194	emisferi	
42-32	7194-7195	.	

#Text=Però in tempi più recenti nessuno poté dire per quali ragioni Angela Cottin produceva effetti straordinari, quali per esempio il veder traballare la seggiola se tentava sedersi, ricevere i circostanti repulsioni inaudite, oggetti che volavano in direzioni opposte, e se la sua mano ponevasi sopra un paniere di legumi, questi acquistando vita si sparpagliavano per la stanza; come pure i fenomeni prodotti da Caterina Burnassi nel 1859, la quale prima di cadere in letargo, faceva udire, sui letti o sulle tavole dove fosse posta a giacere, colpi e graffiamenti provenienti da cause ignote.
43-1	7196-7200	Però	
43-2	7201-7203	in	
43-3	7204-7209	tempi	
43-4	7210-7213	più	
43-5	7214-7221	recenti	
43-6	7222-7229	nessuno	
43-7	7230-7234	poté	
43-8	7235-7239	dire	
43-9	7240-7243	per	
43-10	7244-7249	quali	
43-11	7250-7257	ragioni	
43-12	7258-7264	Angela	
43-13	7265-7271	Cottin	
43-14	7272-7281	produceva	
43-15	7282-7289	effetti	
43-16	7290-7302	straordinari	
43-17	7302-7303	,	
43-18	7304-7309	quali	
43-19	7310-7313	per	
43-20	7314-7321	esempio	
43-21	7322-7324	il	
43-22	7325-7330	veder	
43-23	7331-7341	traballare	
43-24	7342-7344	la	
43-25	7345-7353	seggiola	
43-26	7354-7356	se	
43-27	7357-7364	tentava	
43-28	7365-7372	sedersi	
43-29	7372-7373	,	
43-30	7374-7382	ricevere	
43-31	7383-7384	i	
43-32	7385-7396	circostanti	
43-33	7397-7407	repulsioni	
43-34	7408-7416	inaudite	
43-35	7416-7417	,	
43-36	7418-7425	oggetti	
43-37	7426-7429	che	
43-38	7430-7438	volavano	
43-39	7439-7441	in	
43-40	7442-7451	direzioni	
43-41	7452-7459	opposte	
43-42	7459-7460	,	
43-43	7461-7462	e	
43-44	7463-7465	se	
43-45	7466-7468	la	
43-46	7469-7472	sua	
43-47	7473-7477	mano	
43-48	7478-7486	ponevasi	
43-49	7487-7492	sopra	
43-50	7493-7495	un	
43-51	7496-7503	paniere	
43-52	7504-7506	di	
43-53	7507-7513	legumi	
43-54	7513-7514	,	
43-55	7515-7521	questi	
43-56	7522-7533	acquistando	
43-57	7534-7538	vita	
43-58	7539-7541	si	
43-59	7542-7556	sparpagliavano	
43-60	7557-7560	per	
43-61	7561-7563	la	
43-62	7564-7570	stanza	
43-63	7570-7571	;	
43-64	7572-7576	come	
43-65	7577-7581	pure	
43-66	7582-7583	i	
43-67	7584-7592	fenomeni	
43-68	7593-7601	prodotti	
43-69	7602-7604	da	
43-70	7605-7613	Caterina	
43-71	7614-7622	Burnassi	
43-72	7623-7626	nel	
43-73	7627-7631	1859	
43-74	7631-7632	,	
43-75	7633-7635	la	
43-76	7636-7641	quale	
43-77	7642-7647	prima	
43-78	7648-7650	di	
43-79	7651-7657	cadere	
43-80	7658-7660	in	
43-81	7661-7668	letargo	
43-82	7668-7669	,	
43-83	7670-7676	faceva	
43-84	7677-7682	udire	
43-85	7682-7683	,	
43-86	7684-7687	sui	
43-87	7688-7693	letti	
43-88	7694-7695	o	
43-89	7696-7701	sulle	
43-90	7702-7708	tavole	
43-91	7709-7713	dove	
43-92	7714-7719	fosse	
43-93	7720-7725	posta	
43-94	7726-7727	a	
43-95	7728-7735	giacere	
43-96	7735-7736	,	
43-97	7737-7742	colpi	
43-98	7743-7744	e	
43-99	7745-7757	graffiamenti	
43-100	7758-7769	provenienti	
43-101	7770-7772	da	
43-102	7773-7778	cause	
43-103	7779-7785	ignote	
43-104	7785-7786	.	

#Text=Le commissioni elette allo scopo di studiare lo straordinario morbo, tacquero sulle cause e ne constatarono gli effetti preoccupati dall’idea dell’esistenza del fluido elettrico.
44-1	7787-7789	Le	
44-2	7790-7801	commissioni	
44-3	7802-7808	elette	
44-4	7809-7813	allo	
44-5	7814-7819	scopo	
44-6	7820-7822	di	
44-7	7823-7831	studiare	
44-8	7832-7834	lo	
44-9	7835-7848	straordinario	
44-10	7849-7854	morbo	
44-11	7854-7855	,	
44-12	7856-7864	tacquero	
44-13	7865-7870	sulle	
44-14	7871-7876	cause	
44-15	7877-7878	e	
44-16	7879-7881	ne	
44-17	7882-7894	constatarono	
44-18	7895-7898	gli	
44-19	7899-7906	effetti	
44-20	7907-7918	preoccupati	
44-21	7919-7923	dall	
44-22	7923-7924	’	
44-23	7924-7928	idea	
44-24	7929-7933	dell	
44-25	7933-7934	’	
44-26	7934-7943	esistenza	
44-27	7944-7947	del	
44-28	7948-7954	fluido	
44-29	7955-7964	elettrico	
44-30	7964-7965	.	

#Text=Non é con un nome che si può provare una serie di fatti, nè con tanta facilità liberarsi dall’osservare, contentandosi di approvare tutto ciò che gli altri possono dire in contrario.
45-1	7966-7969	Non	
45-2	7970-7971	é	
45-3	7972-7975	con	
45-4	7976-7978	un	
45-5	7979-7983	nome	
45-6	7984-7987	che	
45-7	7988-7990	si	
45-8	7991-7994	può	
45-9	7995-8002	provare	
45-10	8003-8006	una	
45-11	8007-8012	serie	
45-12	8013-8015	di	
45-13	8016-8021	fatti	
45-14	8021-8022	,	
45-15	8023-8025	nè	
45-16	8026-8029	con	
45-17	8030-8035	tanta	
45-18	8036-8044	facilità	
45-19	8045-8054	liberarsi	
45-20	8055-8059	dall	
45-21	8059-8060	’	
45-22	8060-8069	osservare	
45-23	8069-8070	,	
45-24	8071-8084	contentandosi	
45-25	8085-8087	di	
45-26	8088-8097	approvare	
45-27	8098-8103	tutto	
45-28	8104-8107	ciò	
45-29	8108-8111	che	
45-30	8112-8115	gli	
45-31	8116-8121	altri	
45-32	8122-8129	possono	
45-33	8130-8134	dire	
45-34	8135-8137	in	
45-35	8138-8147	contrario	
45-36	8147-8148	.	

#Text=Quanti fenomeni ha constatato quest’acuto osservatore che si schiera con tanto calore contro di noi?
46-1	8149-8155	Quanti	
46-2	8156-8164	fenomeni	
46-3	8165-8167	ha	
46-4	8168-8178	constatato	
46-5	8179-8184	quest	
46-6	8184-8185	’	
46-7	8185-8190	acuto	
46-8	8191-8202	osservatore	
46-9	8203-8206	che	
46-10	8207-8209	si	
46-11	8210-8217	schiera	
46-12	8218-8221	con	
46-13	8222-8227	tanto	
46-14	8228-8234	calore	
46-15	8235-8241	contro	
46-16	8242-8244	di	
46-17	8245-8248	noi	
46-18	8248-8249	?	

#Text=a quali esperimenti si dedicò?
47-1	8250-8251	a	
47-2	8252-8257	quali	
47-3	8258-8269	esperimenti	
47-4	8270-8272	si	
47-5	8273-8279	dedicò	
47-6	8279-8280	?	

#Text=quali sono i medium da lui colti in flagrante?
48-1	8281-8286	quali	
48-2	8287-8291	sono	
48-3	8292-8293	i	
48-4	8294-8300	medium	
48-5	8301-8303	da	
48-6	8304-8307	lui	
48-7	8308-8313	colti	
48-8	8314-8316	in	
48-9	8317-8326	flagrante	
48-10	8326-8327	?	

#Text=quanti gli allucinati che lui potè discuoprire?
49-1	8328-8334	quanti	
49-2	8335-8338	gli	
49-3	8339-8349	allucinati	
49-4	8350-8353	che	
49-5	8354-8357	lui	
49-6	8358-8362	potè	
49-7	8363-8374	discuoprire	
49-8	8374-8375	?	

#Text=Si esponga dopo avere una sequela di fatti, prove e contro prove, e non frivole storielle, perdendo così il tempo ed il suo ingegno a raccogliere ciò che fu scritto da altri, ponendosi così nella dura alternativa di doversi più tardi ricredere, come hanno fatto tanti che io ho l’onore di conoscere.
50-1	8376-8378	Si	
50-2	8379-8386	esponga	
50-3	8387-8391	dopo	
50-4	8392-8397	avere	
50-5	8398-8401	una	
50-6	8402-8409	sequela	
50-7	8410-8412	di	
50-8	8413-8418	fatti	
50-9	8418-8419	,	
50-10	8420-8425	prove	
50-11	8426-8427	e	
50-12	8428-8434	contro	
50-13	8435-8440	prove	
50-14	8440-8441	,	
50-15	8442-8443	e	
50-16	8444-8447	non	
50-17	8448-8455	frivole	
50-18	8456-8465	storielle	
50-19	8465-8466	,	
50-20	8467-8475	perdendo	
50-21	8476-8480	così	
50-22	8481-8483	il	
50-23	8484-8489	tempo	
50-24	8490-8492	ed	
50-25	8493-8495	il	
50-26	8496-8499	suo	
50-27	8500-8507	ingegno	
50-28	8508-8509	a	
50-29	8510-8521	raccogliere	
50-30	8522-8525	ciò	
50-31	8526-8529	che	
50-32	8530-8532	fu	
50-33	8533-8540	scritto	
50-34	8541-8543	da	
50-35	8544-8549	altri	
50-36	8549-8550	,	
50-37	8551-8560	ponendosi	
50-38	8561-8565	così	
50-39	8566-8571	nella	
50-40	8572-8576	dura	
50-41	8577-8588	alternativa	
50-42	8589-8591	di	
50-43	8592-8599	doversi	
50-44	8600-8603	più	
50-45	8604-8609	tardi	
50-46	8610-8619	ricredere	
50-47	8619-8620	,	
50-48	8621-8625	come	
50-49	8626-8631	hanno	
50-50	8632-8637	fatto	
50-51	8638-8643	tanti	
50-52	8644-8647	che	
50-53	8648-8650	io	
50-54	8651-8653	ho	
50-55	8654-8655	l	
50-56	8655-8656	’	
50-57	8656-8661	onore	
50-58	8662-8664	di	
50-59	8665-8674	conoscere	
50-60	8674-8675	.	

#Text=Quando si vuole essere scenziati bisogna esser sopra tutto esperimentatori, altrimenti le asserzioni gratuite a nulla valgono, ed il dire che la Terra gira intorno al Sole non avrebbe nessun valore se il calcolo non lo confermasse e vincesse l’illusione di vedere ogni mattina ad oriente, l’infiammato disco salire maestosamente il cielo.
51-1	8676-8682	Quando	
51-2	8683-8685	si	
51-3	8686-8691	vuole	
51-4	8692-8698	essere	
51-5	8699-8708	scenziati	
51-6	8709-8716	bisogna	
51-7	8717-8722	esser	
51-8	8723-8728	sopra	
51-9	8729-8734	tutto	
51-10	8735-8750	esperimentatori	
51-11	8750-8751	,	
51-12	8752-8762	altrimenti	
51-13	8763-8765	le	
51-14	8766-8776	asserzioni	
51-15	8777-8785	gratuite	
51-16	8786-8787	a	
51-17	8788-8793	nulla	
51-18	8794-8801	valgono	
51-19	8801-8802	,	
51-20	8803-8805	ed	
51-21	8806-8808	il	
51-22	8809-8813	dire	
51-23	8814-8817	che	
51-24	8818-8820	la	
51-25	8821-8826	Terra	
51-26	8827-8831	gira	
51-27	8832-8839	intorno	
51-28	8840-8842	al	
51-29	8843-8847	Sole	
51-30	8848-8851	non	
51-31	8852-8859	avrebbe	
51-32	8860-8866	nessun	
51-33	8867-8873	valore	
51-34	8874-8876	se	
51-35	8877-8879	il	
51-36	8880-8887	calcolo	
51-37	8888-8891	non	
51-38	8892-8894	lo	
51-39	8895-8906	confermasse	
51-40	8907-8908	e	
51-41	8909-8917	vincesse	
51-42	8918-8919	l	
51-43	8919-8920	’	
51-44	8920-8929	illusione	
51-45	8930-8932	di	
51-46	8933-8939	vedere	
51-47	8940-8944	ogni	
51-48	8945-8952	mattina	
51-49	8953-8955	ad	
51-50	8956-8963	oriente	
51-51	8963-8964	,	
51-52	8965-8966	l	
51-53	8966-8967	’	
51-54	8967-8977	infiammato	
51-55	8978-8983	disco	
51-56	8984-8990	salire	
51-57	8991-9004	maestosamente	
51-58	9005-9007	il	
51-59	9008-9013	cielo	
51-60	9013-9014	.	

#Text=E quell’attribuire che fa tante facoltà al cervello non sa un po’ di materialismo?
52-1	9015-9016	E	
52-2	9017-9022	quell	
52-3	9022-9023	’	
52-4	9023-9033	attribuire	
52-5	9034-9037	che	
52-6	9038-9040	fa	
52-7	9041-9046	tante	
52-8	9047-9054	facoltà	
52-9	9055-9057	al	
52-10	9058-9066	cervello	
52-11	9067-9070	non	
52-12	9071-9073	sa	
52-13	9074-9076	un	
52-14	9077-9079	po	
52-15	9079-9080	’	
52-16	9081-9083	di	
52-17	9084-9096	materialismo	
52-18	9096-9097	?	

#Text=Il Dottor Huschke sosteneva esservi nel cervello, monti, valli, ponti, acquedotti, pozzi, tanaglie, alberi, forchette, etc.
53-1	9098-9100	Il	
53-2	9101-9107	Dottor	
53-3	9108-9115	Huschke	
53-4	9116-9125	sosteneva	
53-5	9126-9133	esservi	
53-6	9134-9137	nel	
53-7	9138-9146	cervello	
53-8	9146-9147	,	
53-9	9148-9153	monti	
53-10	9153-9154	,	
53-11	9155-9160	valli	
53-12	9160-9161	,	
53-13	9162-9167	ponti	
53-14	9167-9168	,	
53-15	9169-9179	acquedotti	
53-16	9179-9180	,	
53-17	9181-9186	pozzi	
53-18	9186-9187	,	
53-19	9188-9196	tanaglie	
53-20	9196-9197	,	
53-21	9198-9204	alberi	
53-22	9204-9205	,	
53-23	9206-9215	forchette	
53-24	9215-9216	,	
53-25	9217-9220	etc	
53-26	9220-9221	.	

#Text=Il Sig.
54-1	9222-9224	Il	
54-2	9225-9228	Sig	
54-3	9228-9229	.	

#Text=Pastore ci trova anche i fenomeni dello spiritismo.
55-1	9230-9237	Pastore	
55-2	9238-9240	ci	
55-3	9241-9246	trova	
55-4	9247-9252	anche	
55-5	9253-9254	i	
55-6	9255-9263	fenomeni	
55-7	9264-9269	dello	
55-8	9270-9280	spiritismo	
55-9	9280-9281	.	

#Text=Sarebbe oltremodo strana mentrechè alcuni materialisti sono ricondotti ad ammettere nell’uomo l’esistenza di uno spirito che fa muovere la materia, non suscettibile ad estinguersi con la morte del corpo, i più accaniti spiritualisti ponessero come centro delle sensazioni, il cervello.
56-1	9282-9289	Sarebbe	
56-2	9290-9299	oltremodo	
56-3	9300-9306	strana	
56-4	9307-9316	mentrechè	
56-5	9317-9323	alcuni	
56-6	9324-9336	materialisti	
56-7	9337-9341	sono	
56-8	9342-9352	ricondotti	
56-9	9353-9355	ad	
56-10	9356-9365	ammettere	
56-11	9366-9370	nell	
56-12	9370-9371	’	
56-13	9371-9375	uomo	
56-14	9376-9377	l	
56-15	9377-9378	’	
56-16	9378-9387	esistenza	
56-17	9388-9390	di	
56-18	9391-9394	uno	
56-19	9395-9402	spirito	
56-20	9403-9406	che	
56-21	9407-9409	fa	
56-22	9410-9417	muovere	
56-23	9418-9420	la	
56-24	9421-9428	materia	
56-25	9428-9429	,	
56-26	9430-9433	non	
56-27	9434-9446	suscettibile	
56-28	9447-9449	ad	
56-29	9450-9461	estinguersi	
56-30	9462-9465	con	
56-31	9466-9468	la	
56-32	9469-9474	morte	
56-33	9475-9478	del	
56-34	9479-9484	corpo	
56-35	9484-9485	,	
56-36	9486-9487	i	
56-37	9488-9491	più	
56-38	9492-9500	accaniti	
56-39	9501-9514	spiritualisti	
56-40	9515-9524	ponessero	
56-41	9525-9529	come	
56-42	9530-9536	centro	
56-43	9537-9542	delle	
56-44	9543-9553	sensazioni	
56-45	9553-9554	,	
56-46	9555-9557	il	
56-47	9558-9566	cervello	
56-48	9566-9567	.	

#Text=È questo che secondo l’egregio conferenziere presiede a tutte le sedute spiritistiche, che fa muovere le tavole, indovinare i pensieri, scrivere le comunicazioni.
57-1	9568-9569	È	
57-2	9570-9576	questo	
57-3	9577-9580	che	
57-4	9581-9588	secondo	
57-5	9589-9590	l	
57-6	9590-9591	’	
57-7	9591-9598	egregio	
57-8	9599-9612	conferenziere	
57-9	9613-9621	presiede	
57-10	9622-9623	a	
57-11	9624-9629	tutte	
57-12	9630-9632	le	
57-13	9633-9639	sedute	
57-14	9640-9653	spiritistiche	
57-15	9653-9654	,	
57-16	9655-9658	che	
57-17	9659-9661	fa	
57-18	9662-9669	muovere	
57-19	9670-9672	le	
57-20	9673-9679	tavole	
57-21	9679-9680	,	
57-22	9681-9691	indovinare	
57-23	9692-9693	i	
57-24	9694-9702	pensieri	
57-25	9702-9703	,	
57-26	9704-9712	scrivere	
57-27	9713-9715	le	
57-28	9716-9729	comunicazioni	
57-29	9729-9730	.	

#Text=Questa teoria consuona perfettamente con quella delle secrezioni del cranio, e delle forze di attrazione e di repulsione nelle molecole cerebrali.
58-1	9731-9737	Questa	
58-2	9738-9744	teoria	
58-3	9745-9753	consuona	
58-4	9754-9767	perfettamente	
58-5	9768-9771	con	
58-6	9772-9778	quella	
58-7	9779-9784	delle	
58-8	9785-9795	secrezioni	
58-9	9796-9799	del	
58-10	9800-9806	cranio	
58-11	9806-9807	,	
58-12	9808-9809	e	
58-13	9810-9815	delle	
58-14	9816-9821	forze	
58-15	9822-9824	di	
58-16	9825-9835	attrazione	
58-17	9836-9837	e	
58-18	9838-9840	di	
58-19	9841-9851	repulsione	
58-20	9852-9857	nelle	
58-21	9858-9866	molecole	
58-22	9867-9876	cerebrali	
58-23	9876-9877	.	

#Text=Per ultima analisi veniamo alla conclusione delle sue due ultime parti delle conferenze.
59-1	9878-9881	Per	
59-2	9882-9888	ultima	
59-3	9889-9896	analisi	
59-4	9897-9904	veniamo	
59-5	9905-9909	alla	
59-6	9910-9921	conclusione	
59-7	9922-9927	delle	
59-8	9928-9931	sue	
59-9	9932-9935	due	
59-10	9936-9942	ultime	
59-11	9943-9948	parti	
59-12	9949-9954	delle	
59-13	9955-9965	conferenze	
59-14	9965-9966	.	

#Text=Egli dice che le risposte sono sempre confuse quando si domandano cose riguardo alle quali nessuno dei presenti può avere idea precisa.
60-1	9967-9971	Egli	
60-2	9972-9976	dice	
60-3	9977-9980	che	
60-4	9981-9983	le	
60-5	9984-9992	risposte	
60-6	9993-9997	sono	
60-7	9998-10004	sempre	
60-8	10005-10012	confuse	
60-9	10013-10019	quando	
60-10	10020-10022	si	
60-11	10023-10032	domandano	
60-12	10033-10037	cose	
60-13	10038-10046	riguardo	
60-14	10047-10051	alle	
60-15	10052-10057	quali	
60-16	10058-10065	nessuno	
60-17	10066-10069	dei	
60-18	10070-10078	presenti	
60-19	10079-10082	può	
60-20	10083-10088	avere	
60-21	10089-10093	idea	
60-22	10094-10101	precisa	
60-23	10101-10102	.	

#Text=Se il Sig.
61-1	10103-10105	Se	
61-2	10106-10108	il	
61-3	10109-10112	Sig	
61-4	10112-10113	.	

#Text=Pastore si fosse occupato d’indagare, avrebbe visto che quelle sono alcune volte troppo chiare, tanto, che persone ne impedirono il seguito, perchè si svelava ciò che si bramava segreto; che gli spiriti col solo dimostrarsi hanno già rivelata una grande cosa, e col solo produrre dei fenomeni contrari alle leggi della fisica, pongono in una nuova via più vasta e più proficua d’investigazione; che il criterio di chi riceve le comunicazioni dev’esser capace di distinguere il buono dal cattivo, il superiore dal pessimo; conservarsi pari a se stesso e rammentarsi che egli ascolta i detti di uomini che furono; e che la morte non potè subitamente trasformare in esseri perfetti.
62-1	10114-10121	Pastore	
62-2	10122-10124	si	
62-3	10125-10130	fosse	
62-4	10131-10139	occupato	
62-5	10140-10141	d	
62-6	10141-10142	’	
62-7	10142-10150	indagare	
62-8	10150-10151	,	
62-9	10152-10159	avrebbe	
62-10	10160-10165	visto	
62-11	10166-10169	che	
62-12	10170-10176	quelle	
62-13	10177-10181	sono	
62-14	10182-10188	alcune	
62-15	10189-10194	volte	
62-16	10195-10201	troppo	
62-17	10202-10208	chiare	
62-18	10208-10209	,	
62-19	10210-10215	tanto	
62-20	10215-10216	,	
62-21	10217-10220	che	
62-22	10221-10228	persone	
62-23	10229-10231	ne	
62-24	10232-10242	impedirono	
62-25	10243-10245	il	
62-26	10246-10253	seguito	
62-27	10253-10254	,	
62-28	10255-10261	perchè	
62-29	10262-10264	si	
62-30	10265-10272	svelava	
62-31	10273-10276	ciò	
62-32	10277-10280	che	
62-33	10281-10283	si	
62-34	10284-10291	bramava	
62-35	10292-10299	segreto	
62-36	10299-10300	;	
62-37	10301-10304	che	
62-38	10305-10308	gli	
62-39	10309-10316	spiriti	
62-40	10317-10320	col	
62-41	10321-10325	solo	
62-42	10326-10337	dimostrarsi	
62-43	10338-10343	hanno	
62-44	10344-10347	già	
62-45	10348-10356	rivelata	
62-46	10357-10360	una	
62-47	10361-10367	grande	
62-48	10368-10372	cosa	
62-49	10372-10373	,	
62-50	10374-10375	e	
62-51	10376-10379	col	
62-52	10380-10384	solo	
62-53	10385-10393	produrre	
62-54	10394-10397	dei	
62-55	10398-10406	fenomeni	
62-56	10407-10415	contrari	
62-57	10416-10420	alle	
62-58	10421-10426	leggi	
62-59	10427-10432	della	
62-60	10433-10439	fisica	
62-61	10439-10440	,	
62-62	10441-10448	pongono	
62-63	10449-10451	in	
62-64	10452-10455	una	
62-65	10456-10461	nuova	
62-66	10462-10465	via	
62-67	10466-10469	più	
62-68	10470-10475	vasta	
62-69	10476-10477	e	
62-70	10478-10481	più	
62-71	10482-10490	proficua	
62-72	10491-10492	d	
62-73	10492-10493	’	
62-74	10493-10507	investigazione	
62-75	10507-10508	;	
62-76	10509-10512	che	
62-77	10513-10515	il	
62-78	10516-10524	criterio	
62-79	10525-10527	di	
62-80	10528-10531	chi	
62-81	10532-10538	riceve	
62-82	10539-10541	le	
62-83	10542-10555	comunicazioni	
62-84	10556-10559	dev	
62-85	10559-10560	’	
62-86	10560-10565	esser	
62-87	10566-10572	capace	
62-88	10573-10575	di	
62-89	10576-10587	distinguere	
62-90	10588-10590	il	
62-91	10591-10596	buono	
62-92	10597-10600	dal	
62-93	10601-10608	cattivo	
62-94	10608-10609	,	
62-95	10610-10612	il	
62-96	10613-10622	superiore	
62-97	10623-10626	dal	
62-98	10627-10634	pessimo	
62-99	10634-10635	;	
62-100	10636-10647	conservarsi	
62-101	10648-10652	pari	
62-102	10653-10654	a	
62-103	10655-10657	se	
62-104	10658-10664	stesso	
62-105	10665-10666	e	
62-106	10667-10678	rammentarsi	
62-107	10679-10682	che	
62-108	10683-10687	egli	
62-109	10688-10695	ascolta	
62-110	10696-10697	i	
62-111	10698-10703	detti	
62-112	10704-10706	di	
62-113	10707-10713	uomini	
62-114	10714-10717	che	
62-115	10718-10724	furono	
62-116	10724-10725	;	
62-117	10726-10727	e	
62-118	10728-10731	che	
62-119	10732-10734	la	
62-120	10735-10740	morte	
62-121	10741-10744	non	
62-122	10745-10749	potè	
62-123	10750-10761	subitamente	
62-124	10762-10773	trasformare	
62-125	10774-10776	in	
62-126	10777-10783	esseri	
62-127	10784-10792	perfetti	
62-128	10792-10793	.	

#Text=Che uno spirito alcune volte assuma il nome di un altro è un fatto accertato, che mistifichi, anche; e questo che cosa prova?
63-1	10794-10797	Che	
63-2	10798-10801	uno	
63-3	10802-10809	spirito	
63-4	10810-10816	alcune	
63-5	10817-10822	volte	
63-6	10823-10829	assuma	
63-7	10830-10832	il	
63-8	10833-10837	nome	
63-9	10838-10840	di	
63-10	10841-10843	un	
63-11	10844-10849	altro	
63-12	10850-10851	è	
63-13	10852-10854	un	
63-14	10855-10860	fatto	
63-15	10861-10870	accertato	
63-16	10870-10871	,	
63-17	10872-10875	che	
63-18	10876-10886	mistifichi	
63-19	10886-10887	,	
63-20	10888-10893	anche	
63-21	10893-10894	;	
63-22	10895-10896	e	
63-23	10897-10903	questo	
63-24	10904-10907	che	
63-25	10908-10912	cosa	
63-26	10913-10918	prova	
63-27	10918-10919	?	

#Text=distrugge forse l’esistenza del fatto?
64-1	10920-10929	distrugge	
64-2	10930-10935	forse	
64-3	10936-10937	l	
64-4	10937-10938	’	
64-5	10938-10947	esistenza	
64-6	10948-10951	del	
64-7	10952-10957	fatto	
64-8	10957-10958	?	

#Text=Rammentiamoci che siamo ancora ai rudimenti di questo studio, ed il dir troppo potrebbe condurci in errore.
65-1	10959-10972	Rammentiamoci	
65-2	10973-10976	che	
65-3	10977-10982	siamo	
65-4	10983-10989	ancora	
65-5	10990-10992	ai	
65-6	10993-11002	rudimenti	
65-7	11003-11005	di	
65-8	11006-11012	questo	
65-9	11013-11019	studio	
65-10	11019-11020	,	
65-11	11021-11023	ed	
65-12	11024-11026	il	
65-13	11027-11030	dir	
65-14	11031-11037	troppo	
65-15	11038-11046	potrebbe	
65-16	11047-11055	condurci	
65-17	11056-11058	in	
65-18	11059-11065	errore	
65-19	11065-11066	.	

#Text=Si accetti tutto ciò che si può avere e poi si scelga, attribuendo quel valore che merita, senza però perdere l’idea generale per i dettagli.
66-1	11067-11069	Si	
66-2	11070-11077	accetti	
66-3	11078-11083	tutto	
66-4	11084-11087	ciò	
66-5	11088-11091	che	
66-6	11092-11094	si	
66-7	11095-11098	può	
66-8	11099-11104	avere	
66-9	11105-11106	e	
66-10	11107-11110	poi	
66-11	11111-11113	si	
66-12	11114-11120	scelga	
66-13	11120-11121	,	
66-14	11122-11133	attribuendo	
66-15	11134-11138	quel	
66-16	11139-11145	valore	
66-17	11146-11149	che	
66-18	11150-11156	merita	
66-19	11156-11157	,	
66-20	11158-11163	senza	
66-21	11164-11168	però	
66-22	11169-11176	perdere	
66-23	11177-11178	l	
66-24	11178-11179	’	
66-25	11179-11183	idea	
66-26	11184-11192	generale	
66-27	11193-11196	per	
66-28	11197-11198	i	
66-29	11199-11207	dettagli	
66-30	11207-11208	.	
