#FORMAT=WebAnno TSV 3.3


#Text=Doe het in een kroes, makende 888; beginnende en eindigende met poejer.
1-1	4-7	Doe	
1-2	8-11	het	
1-3	12-14	in	
1-4	15-18	een	
1-5	19-24	kroes	
1-6	24-25	,	
1-7	26-33	makende	
1-8	34-37	888	
1-9	37-38	;	
1-10	39-49	beginnende	
1-11	50-52	en	
1-12	53-63	eindigende	
1-13	64-67	met	
1-14	68-74	poejer	
1-15	74-75	.	

#Text=Neem
#Text=daar na een andere kroes, die in die kroes kan, daar uwe stof in is, met een sterk
#Text=
#Text=M.
2-1	76-80	Neem	
2-2	81-85	daar	
2-3	86-88	na	
2-4	89-92	een	
2-5	93-99	andere	
2-6	100-105	kroes	
2-7	105-106	,	
2-8	107-110	die	
2-9	111-113	in	
2-10	114-117	die	
2-11	118-123	kroes	
2-12	124-127	kan	
2-13	127-128	,	
2-14	129-133	daar	
2-15	134-137	uwe	
2-16	138-142	stof	
2-17	143-145	in	
2-18	146-148	is	
2-19	148-149	,	
2-20	150-153	met	
2-21	154-157	een	
2-22	158-163	sterk	
2-23	165-166	M	
2-24	166-167	.	

#Text=Noel Chomel, Huishoudelyk woordboek
#Text=
#Text=\fsmeersel bestreken daar ze samen komen.
3-1	168-172	Noel	
3-2	173-179	Chomel	
3-3	179-180	,	
3-4	181-193	Huishoudelyk	
3-5	194-203	woordboek	
3-6	206-214	smeersel	
3-7	215-224	bestreken	
3-8	225-229	daar	
3-9	230-232	ze	
3-10	233-238	samen	
3-11	239-244	komen	
3-12	244-245	.	

#Text=Men moet ook besmeren van onderen na
#Text=buiten toe.
4-1	246-249	Men	
4-2	250-254	moet	
4-3	255-258	ook	
4-4	259-267	besmeren	
4-5	268-271	van	
4-6	272-279	onderen	
4-7	280-282	na	
4-8	283-289	buiten	
4-9	290-293	toe	
4-10	293-294	.	

#Text=Stook’er daar na een vuur, den tyd van zes uren onder, zo dat men de
#Text=kroes de twe eerste uren aan de hand kan verdragen;
#Text=zet dan de heete eerst voort, en
#Text=bedek daar uwe kroes mede, tot dat ze twe vingeren breed op de anderen staat;
#Text=
#Text=makende daar een vlakte daar gy uwe kool op zult leggen.
5-1	295-300	Stook	
5-2	300-301	’	
5-3	301-303	er	
5-4	304-308	daar	
5-5	309-311	na	
5-6	312-315	een	
5-7	316-320	vuur	
5-8	320-321	,	
5-9	322-325	den	
5-10	326-329	tyd	
5-11	330-333	van	
5-12	334-337	zes	
5-13	338-342	uren	
5-14	343-348	onder	
5-15	348-349	,	
5-16	350-352	zo	
5-17	353-356	dat	
5-18	357-360	men	
5-19	361-363	de	
5-20	364-369	kroes	
5-21	370-372	de	
5-22	373-376	twe	
5-23	377-383	eerste	
5-24	384-388	uren	
5-25	389-392	aan	
5-26	393-395	de	
5-27	396-400	hand	
5-28	401-404	kan	
5-29	405-414	verdragen	
5-30	414-415	;	
5-31	416-419	zet	
5-32	420-423	dan	
5-33	424-426	de	
5-34	427-432	heete	
5-35	433-438	eerst	
5-36	439-444	voort	
5-37	444-445	,	
5-38	446-448	en	
5-39	449-454	bedek	
5-40	455-459	daar	
5-41	460-463	uwe	
5-42	464-469	kroes	
5-43	470-474	mede	
5-44	474-475	,	
5-45	476-479	tot	
5-46	480-483	dat	
5-47	484-486	ze	
5-48	487-490	twe	
5-49	491-499	vingeren	
5-50	500-505	breed	
5-51	506-508	op	
5-52	509-511	de	
5-53	512-519	anderen	
5-54	520-525	staat	
5-55	525-526	;	
5-56	528-535	makende	
5-57	536-540	daar	
5-58	541-544	een	
5-59	545-551	vlakte	
5-60	552-556	daar	
5-61	557-559	gy	
5-62	560-563	uwe	
5-63	564-568	kool	
5-64	569-571	op	
5-65	572-576	zult	
5-66	577-583	leggen	
5-67	583-584	.	

#Text=Gy moet dit driemaal
#Text=herhalen, op dat het zyne volkomenheid kryge.
6-1	585-587	Gy	
6-2	588-592	moet	
6-3	593-596	dit	
6-4	597-605	driemaal	
6-5	606-614	herhalen	
6-6	614-615	,	
6-7	616-618	op	
6-8	619-622	dat	
6-9	623-626	het	
6-10	627-631	zyne	
6-11	632-644	volkomenheid	
6-12	645-650	kryge	
6-13	650-651	.	

#Text=Neem een pond Zwavel, gemene drie ponden;
#Text=stoot het alles wel, doe het in een
#Text=grote aarden ongelooide pot, die gedekt is met een zeer klein luchtgaatje in ’t midden,
#Text=op zacht vuur
#Text=vier, uren lang.
7-1	654-658	Neem	
7-2	659-662	een	
7-3	663-667	pond	
7-4	668-674	Zwavel	
7-5	674-675	,	
7-6	676-682	gemene	
7-7	683-687	drie	
7-8	688-694	ponden	
7-9	694-695	;	
7-10	696-701	stoot	
7-11	702-705	het	
7-12	706-711	alles	
7-13	712-715	wel	
7-14	715-716	,	
7-15	717-720	doe	
7-16	721-724	het	
7-17	725-727	in	
7-18	728-731	een	
7-19	732-737	grote	
7-20	738-744	aarden	
7-21	745-755	ongelooide	
7-22	756-759	pot	
7-23	759-760	,	
7-24	761-764	die	
7-25	765-771	gedekt	
7-26	772-774	is	
7-27	775-778	met	
7-28	779-782	een	
7-29	783-787	zeer	
7-30	788-793	klein	
7-31	794-805	luchtgaatje	
7-32	806-808	in	
7-33	809-810	’	
7-34	810-811	t	
7-35	812-818	midden	
7-36	818-819	,	
7-37	820-822	op	
7-38	823-828	zacht	
7-39	829-833	vuur	
7-40	834-838	vier	
7-41	838-839	,	
7-42	840-844	uren	
7-43	845-849	lang	
7-44	849-850	.	

#Text=Meng daarna met het geheel, driemaal zo veel gestootten
#Text=Zout, dat is negen ponden, en gy zult doen als boven;
#Text=Doe’er driemaal zo veel by,
#Text=dat is zeven en twintig ponden; en gy zult als boven doen, was daar na ’t alles af met
#Text=water, tot dat het niet meer zout is.
8-1	851-855	Meng	
8-2	856-862	daarna	
8-3	863-866	met	
8-4	867-870	het	
8-5	871-877	geheel	
8-6	877-878	,	
8-7	879-887	driemaal	
8-8	888-890	zo	
8-9	891-895	veel	
8-10	896-906	gestootten	
8-11	907-911	Zout	
8-12	911-912	,	
8-13	913-916	dat	
8-14	917-919	is	
8-15	920-925	negen	
8-16	926-932	ponden	
8-17	932-933	,	
8-18	934-936	en	
8-19	937-939	gy	
8-20	940-944	zult	
8-21	945-949	doen	
8-22	950-953	als	
8-23	954-959	boven	
8-24	959-960	;	
8-25	961-964	Doe	
8-26	964-965	’	
8-27	965-967	er	
8-28	968-976	driemaal	
8-29	977-979	zo	
8-30	980-984	veel	
8-31	985-987	by	
8-32	987-988	,	
8-33	989-992	dat	
8-34	993-995	is	
8-35	996-1001	zeven	
8-36	1002-1004	en	
8-37	1005-1012	twintig	
8-38	1013-1019	ponden	
8-39	1019-1020	;	
8-40	1021-1023	en	
8-41	1024-1026	gy	
8-42	1027-1031	zult	
8-43	1032-1035	als	
8-44	1036-1041	boven	
8-45	1042-1046	doen	
8-46	1046-1047	,	
8-47	1048-1051	was	
8-48	1052-1056	daar	
8-49	1057-1059	na	
8-50	1060-1061	’	
8-51	1061-1062	t	
8-52	1063-1068	alles	
8-53	1069-1071	af	
8-54	1072-1075	met	
8-55	1076-1081	water	
8-56	1081-1082	,	
8-57	1083-1086	tot	
8-58	1087-1090	dat	
8-59	1091-1094	het	
8-60	1095-1099	niet	
8-61	1100-1104	meer	
8-62	1105-1109	zout	
8-63	1110-1112	is	
8-64	1112-1113	.	

#Text=Laat het daar na stil staan, en giet het af, en daar
#Text=zal een Smeersel blyven, dat een Noten kleur heeft, het welk het verwsel vast maakt,
#Text=en de .
#Text=doet inkrimpen.
9-1	1114-1118	Laat	
9-2	1119-1122	het	
9-3	1123-1127	daar	
9-4	1128-1130	na	
9-5	1131-1135	stil	
9-6	1136-1141	staan	
9-7	1141-1142	,	
9-8	1143-1145	en	
9-9	1146-1150	giet	
9-10	1151-1154	het	
9-11	1155-1157	af	
9-12	1157-1158	,	
9-13	1159-1161	en	
9-14	1162-1166	daar	
9-15	1167-1170	zal	
9-16	1171-1174	een	
9-17	1175-1183	Smeersel	
9-18	1184-1190	blyven	
9-19	1190-1191	,	
9-20	1192-1195	dat	
9-21	1196-1199	een	
9-22	1200-1205	Noten	
9-23	1206-1211	kleur	
9-24	1212-1217	heeft	
9-25	1217-1218	,	
9-26	1219-1222	het	
9-27	1223-1227	welk	
9-28	1228-1231	het	
9-29	1232-1239	verwsel	
9-30	1240-1244	vast	
9-31	1245-1250	maakt	
9-32	1250-1251	,	
9-33	1252-1254	en	
9-34	1255-1257	de	
9-35	1258-1259	.	
9-36	1260-1264	doet	
9-37	1265-1274	inkrimpen	
9-38	1274-1275	.	

#Text=Andere manier om edel Gesteente na te maken;
#Text=Kalenatie en bereiding van
#Text=de Keijen met Menie en Lood.
10-1	1278-1284	Andere	
10-2	1285-1291	manier	
10-3	1292-1294	om	
10-4	1295-1299	edel	
10-5	1300-1309	Gesteente	
10-6	1310-1312	na	
10-7	1313-1315	te	
10-8	1316-1321	maken	
10-9	1321-1322	;	
10-10	1323-1332	Kalenatie	
10-11	1333-1335	en	
10-12	1336-1345	bereiding	
10-13	1346-1349	van	
10-14	1350-1352	de	
10-15	1353-1359	Keijen	
10-16	1360-1363	met	
10-17	1364-1369	Menie	
10-18	1370-1372	en	
10-19	1373-1377	Lood	
10-20	1377-1378	.	

#Text=Neem van de glinsterenste witte Keijen, welke gy kunt vinden, laat ze in ’t vuur
#Text=gloejend worden, doof ze in goede Wynazyn uit, herhaal dit uitdooven, tot dat het
#Text=zich begint in schubben op te heffen.
11-1	1380-1384	Neem	
11-2	1385-1388	van	
11-3	1389-1391	de	
11-4	1392-1405	glinsterenste	
11-5	1406-1411	witte	
11-6	1412-1418	Keijen	
11-7	1418-1419	,	
11-8	1420-1425	welke	
11-9	1426-1428	gy	
11-10	1429-1433	kunt	
11-11	1434-1440	vinden	
11-12	1440-1441	,	
11-13	1442-1446	laat	
11-14	1447-1449	ze	
11-15	1450-1452	in	
11-16	1453-1454	’	
11-17	1454-1455	t	
11-18	1456-1460	vuur	
11-19	1461-1469	gloejend	
11-20	1470-1476	worden	
11-21	1476-1477	,	
11-22	1478-1482	doof	
11-23	1483-1485	ze	
11-24	1486-1488	in	
11-25	1489-1494	goede	
11-26	1495-1502	Wynazyn	
11-27	1503-1506	uit	
11-28	1506-1507	,	
11-29	1508-1515	herhaal	
11-30	1516-1519	dit	
11-31	1520-1529	uitdooven	
11-32	1529-1530	,	
11-33	1531-1534	tot	
11-34	1535-1538	dat	
11-35	1539-1542	het	
11-36	1543-1547	zich	
11-37	1548-1554	begint	
11-38	1555-1557	in	
11-39	1558-1566	schubben	
11-40	1567-1569	op	
11-41	1570-1572	te	
11-42	1573-1579	heffen	
11-43	1579-1580	.	

#Text=Doe ze dan in een Mortier en stampze met een
#Text=yzere stamper tot een zeer fyne poejer, en laat daar na uwe poejer door een fyne Zeef
#Text=loopen.
12-1	1581-1584	Doe	
12-2	1585-1587	ze	
12-3	1588-1591	dan	
12-4	1592-1594	in	
12-5	1595-1598	een	
12-6	1599-1606	Mortier	
12-7	1607-1609	en	
12-8	1610-1617	stampze	
12-9	1618-1621	met	
12-10	1622-1625	een	
12-11	1626-1631	yzere	
12-12	1632-1639	stamper	
12-13	1640-1643	tot	
12-14	1644-1647	een	
12-15	1648-1652	zeer	
12-16	1653-1657	fyne	
12-17	1658-1664	poejer	
12-18	1664-1665	,	
12-19	1666-1668	en	
12-20	1669-1673	laat	
12-21	1674-1678	daar	
12-22	1679-1681	na	
12-23	1682-1685	uwe	
12-24	1686-1692	poejer	
12-25	1693-1697	door	
12-26	1698-1701	een	
12-27	1702-1706	fyne	
12-28	1707-1711	Zeef	
12-29	1712-1718	loopen	
12-30	1718-1719	.	
