#FORMAT=WebAnno TSV 3.3


#Text=Discedite filii a potestate.
1-1	2-11	Discedite	
1-2	12-17	filii	
1-3	18-19	a	
1-4	20-29	potestate	
1-5	29-30	.	

#Text=Nolite contaminare sanctificationem meam, 26 quoniam novit Dominus omnes qui delinquunt in illum ; propterea tradidit eos in mortem, et in occisionem.
#Text=27 jam enim venerunt super orbem terrarum mala, et manebitis in illis.
2-1	31-37	Nolite	
2-2	38-49	contaminare	
2-3	50-66	sanctificationem	
2-4	67-71	meam	
2-5	71-72	,	
2-6	73-75	26	
2-7	76-83	quoniam	
2-8	84-89	novit	
2-9	90-97	Dominus	
2-10	98-103	omnes	
2-11	104-107	qui	
2-12	108-118	delinquunt	
2-13	119-121	in	
2-14	122-127	illum	
2-15	128-129	;	
2-16	130-139	propterea	
2-17	140-148	tradidit	
2-18	149-152	eos	
2-19	153-155	in	
2-20	156-162	mortem	
2-21	162-163	,	
2-22	164-166	et	
2-23	167-169	in	
2-24	170-180	occisionem	
2-25	180-181	.	
2-26	182-184	27	
2-27	185-188	jam	
2-28	189-193	enim	
2-29	194-202	venerunt	
2-30	203-208	super	
2-31	209-214	orbem	
2-32	215-223	terrarum	
2-33	224-228	mala	
2-34	228-229	,	
2-35	230-232	et	
2-36	233-242	manebitis	
2-37	243-245	in	
2-38	246-251	illis	
2-39	251-252	.	

#Text=Non enim liberabit vos Deus, propter quod peccastis in eum.
#Text=28 Ecce visio horribilis, et facies illius ab oriente.
#Text=29 Et exient nationes draconum Arabum in curribus multis, et sicut flatus, eorum numerus fertur super terram, ut jam timeant et trepident omnes qui illos audient, 30 carmonii insanientes in ira, et exient ut apri de silva, et advenient de virtute magna, et constabunt in pugnam cum illis, et vastabunt portionem terræ Assyriorum.
#Text=31 Et post hæc supervalescent dracones nativitatis suæ memores, et convertent se conspirantes in virtute magna ad persequendos eos.
#Text=32 Isti turbabuntur et silebunt in virtute illorum, et convertent pedes suos in fugam, 33 et a territorio Assyriorum subsessor obsidebit eos, et consumet unum ex illis, et erit timor et tremor in exercitu illorum, et contentio in reges ipsorum.
#Text=34 Ecce nubes ab oriente, et septentrione usque ad meridianum, et facies earum horrida valde, plena iræ et procellæ, 35 et collident se invicem, et collident sidus copiosum super terram, et sidus illorum, et erit sanguis a gladio usque ad ventrem, 36 et fimus hominis usque ad substramen cameli, et erit timor et tremor multus super terram, 37 et horrebunt qui videbunt iram illam, et tremor apprehendet illos : et post hæc movebuntur nimbi copiosi 38 a meridiano et septentrione, et portio alia ab occidente : 39 et superinvalescent venti ab oriente, et recludent eam, et nubem quam suscitavit in ira, et sidus ad faciendam exterritationem ad orientalem ventum et occidentem violabitur : 40 et exaltabuntur nubes magnæ et validæ plenæ iræ, et sidus, ut exterreant omnem terram, et inhabitantes eam, et infundent super omnem locum altum et eminentem sidus terribile, 41 ignem et grandinem, et romphæas volantes, et aquas multas, ut etiam impleantur omnes campi et omnes rivi plenitudine aquarum multarum.
#Text=42 Et demolientur civitates, et muros, et montes, et colles, et ligna silvarum, et fœnum pratorum, et frumenta eorum.
#Text=43 Et transibunt constantes usque ad Babylonem, et exterent eam : 44 convenient ad ipsam, et circuibunt eam, et effundent sidus, et omnem iram super eam, et subibit pulvis et fumus usque in cælum, et omnes in circuitu lugebunt eam : 45 et qui sub ea remanserint, servient his qui exterruerunt.
#Text=46 Et tu Asia concors in spem Babylonis, et gloria personæ ejus, 47 væ tibi misera propter quod assimilasti ei, et ornasti filias tuas in fornicatione, ad placendum et gloriandum in amatoribus tuis, qui tecum cupierunt semper fornicari.
#Text=48 Odibilem imitata es in omnibus operibus ejus, et in adinventionibus ejus : propterea dicit Deus, 49 Immittam tibi mala, viduitatem, paupertatem, et famem, et gladium, et pestem, ad devastandas domos tuas a violatione, et morte, et gloria virtutis tuæ.
#Text=50 Sicut flos siccabitur, cum exurget ardor, qui emissus est super te, 51 infirmaberis ut paupercula plagata et castigata a mulieribus, ut non possint te suscipere potentes et amatores.
#Text=52 Numquid ego sic zelabor te, dicit Dominus, 53 nisi occidisses electos meos in omni tempore, exaltatus percussionem manuum, et dicens super mortem eorum, cum inebriata esses, 54 Exorna speciem vultus tui ?
3-1	253-256	Non	
3-2	257-261	enim	
3-3	262-271	liberabit	
3-4	272-275	vos	
3-5	276-280	Deus	
3-6	280-281	,	
3-7	282-289	propter	
3-8	290-294	quod	
3-9	295-304	peccastis	
3-10	305-307	in	
3-11	308-311	eum	
3-12	311-312	.	
3-13	313-315	28	
3-14	316-320	Ecce	
3-15	321-326	visio	
3-16	327-337	horribilis	
3-17	337-338	,	
3-18	339-341	et	
3-19	342-348	facies	
3-20	349-355	illius	
3-21	356-358	ab	
3-22	359-366	oriente	
3-23	366-367	.	
3-24	368-370	29	
3-25	371-373	Et	
3-26	374-380	exient	
3-27	381-389	nationes	
3-28	390-398	draconum	
3-29	399-405	Arabum	
3-30	406-408	in	
3-31	409-417	curribus	
3-32	418-424	multis	
3-33	424-425	,	
3-34	426-428	et	
3-35	429-434	sicut	
3-36	435-441	flatus	
3-37	441-442	,	
3-38	443-448	eorum	
3-39	449-456	numerus	
3-40	457-463	fertur	
3-41	464-469	super	
3-42	470-476	terram	
3-43	476-477	,	
3-44	478-480	ut	
3-45	481-484	jam	
3-46	485-492	timeant	
3-47	493-495	et	
3-48	496-505	trepident	
3-49	506-511	omnes	
3-50	512-515	qui	
3-51	516-521	illos	
3-52	522-529	audient	
3-53	529-530	,	
3-54	531-533	30	
3-55	534-542	carmonii	
3-56	543-554	insanientes	
3-57	555-557	in	
3-58	558-561	ira	
3-59	561-562	,	
3-60	563-565	et	
3-61	566-572	exient	
3-62	573-575	ut	
3-63	576-580	apri	
3-64	581-583	de	
3-65	584-589	silva	
3-66	589-590	,	
3-67	591-593	et	
3-68	594-603	advenient	
3-69	604-606	de	
3-70	607-614	virtute	
3-71	615-620	magna	
3-72	620-621	,	
3-73	622-624	et	
3-74	625-635	constabunt	
3-75	636-638	in	
3-76	639-645	pugnam	
3-77	646-649	cum	
3-78	650-655	illis	
3-79	655-656	,	
3-80	657-659	et	
3-81	660-669	vastabunt	
3-82	670-679	portionem	
3-83	680-685	terræ	
3-84	686-696	Assyriorum	
3-85	696-697	.	
3-86	698-700	31	
3-87	701-703	Et	
3-88	704-708	post	
3-89	709-712	hæc	
3-90	713-727	supervalescent	
3-91	728-736	dracones	
3-92	737-748	nativitatis	
3-93	749-752	suæ	
3-94	753-760	memores	
3-95	760-761	,	
3-96	762-764	et	
3-97	765-775	convertent	
3-98	776-778	se	
3-99	779-791	conspirantes	
3-100	792-794	in	
3-101	795-802	virtute	
3-102	803-808	magna	
3-103	809-811	ad	
3-104	812-824	persequendos	
3-105	825-828	eos	
3-106	828-829	.	
3-107	830-832	32	
3-108	833-837	Isti	
3-109	838-849	turbabuntur	
3-110	850-852	et	
3-111	853-861	silebunt	
3-112	862-864	in	
3-113	865-872	virtute	
3-114	873-880	illorum	
3-115	880-881	,	
3-116	882-884	et	
3-117	885-895	convertent	
3-118	896-901	pedes	
3-119	902-906	suos	
3-120	907-909	in	
3-121	910-915	fugam	
3-122	915-916	,	
3-123	917-919	33	
3-124	920-922	et	
3-125	923-924	a	
3-126	925-935	territorio	
3-127	936-946	Assyriorum	
3-128	947-956	subsessor	
3-129	957-966	obsidebit	
3-130	967-970	eos	
3-131	970-971	,	
3-132	972-974	et	
3-133	975-983	consumet	
3-134	984-988	unum	
3-135	989-991	ex	
3-136	992-997	illis	
3-137	997-998	,	
3-138	999-1001	et	
3-139	1002-1006	erit	
3-140	1007-1012	timor	
3-141	1013-1015	et	
3-142	1016-1022	tremor	
3-143	1023-1025	in	
3-144	1026-1034	exercitu	
3-145	1035-1042	illorum	
3-146	1042-1043	,	
3-147	1044-1046	et	
3-148	1047-1056	contentio	
3-149	1057-1059	in	
3-150	1060-1065	reges	
3-151	1066-1073	ipsorum	
3-152	1073-1074	.	
3-153	1075-1077	34	
3-154	1078-1082	Ecce	
3-155	1083-1088	nubes	
3-156	1089-1091	ab	
3-157	1092-1099	oriente	
3-158	1099-1100	,	
3-159	1101-1103	et	
3-160	1104-1116	septentrione	
3-161	1117-1122	usque	
3-162	1123-1125	ad	
3-163	1126-1136	meridianum	
3-164	1136-1137	,	
3-165	1138-1140	et	
3-166	1141-1147	facies	
3-167	1148-1153	earum	
3-168	1154-1161	horrida	
3-169	1162-1167	valde	
3-170	1167-1168	,	
3-171	1169-1174	plena	
3-172	1175-1178	iræ	
3-173	1179-1181	et	
3-174	1182-1190	procellæ	
3-175	1190-1191	,	
3-176	1192-1194	35	
3-177	1195-1197	et	
3-178	1198-1207	collident	
3-179	1208-1210	se	
3-180	1211-1218	invicem	
3-181	1218-1219	,	
3-182	1220-1222	et	
3-183	1223-1232	collident	
3-184	1233-1238	sidus	
3-185	1239-1247	copiosum	
3-186	1248-1253	super	
3-187	1254-1260	terram	
3-188	1260-1261	,	
3-189	1262-1264	et	
3-190	1265-1270	sidus	
3-191	1271-1278	illorum	
3-192	1278-1279	,	
3-193	1280-1282	et	
3-194	1283-1287	erit	
3-195	1288-1295	sanguis	
3-196	1296-1297	a	
3-197	1298-1304	gladio	
3-198	1305-1310	usque	
3-199	1311-1313	ad	
3-200	1314-1321	ventrem	
3-201	1321-1322	,	
3-202	1323-1325	36	
3-203	1326-1328	et	
3-204	1329-1334	fimus	
3-205	1335-1342	hominis	
3-206	1343-1348	usque	
3-207	1349-1351	ad	
3-208	1352-1362	substramen	
3-209	1363-1369	cameli	
3-210	1369-1370	,	
3-211	1371-1373	et	
3-212	1374-1378	erit	
3-213	1379-1384	timor	
3-214	1385-1387	et	
3-215	1388-1394	tremor	
3-216	1395-1401	multus	
3-217	1402-1407	super	
3-218	1408-1414	terram	
3-219	1414-1415	,	
3-220	1416-1418	37	
3-221	1419-1421	et	
3-222	1422-1431	horrebunt	
3-223	1432-1435	qui	
3-224	1436-1444	videbunt	
3-225	1445-1449	iram	
3-226	1450-1455	illam	
3-227	1455-1456	,	
3-228	1457-1459	et	
3-229	1460-1466	tremor	
3-230	1467-1478	apprehendet	
3-231	1479-1484	illos	
3-232	1485-1486	:	
3-233	1487-1489	et	
3-234	1490-1494	post	
3-235	1495-1498	hæc	
3-236	1499-1509	movebuntur	
3-237	1510-1515	nimbi	
3-238	1516-1523	copiosi	
3-239	1524-1526	38	
3-240	1527-1528	a	
3-241	1529-1538	meridiano	
3-242	1539-1541	et	
3-243	1542-1554	septentrione	
3-244	1554-1555	,	
3-245	1556-1558	et	
3-246	1559-1565	portio	
3-247	1566-1570	alia	
3-248	1571-1573	ab	
3-249	1574-1583	occidente	
3-250	1584-1585	:	
3-251	1586-1588	39	
3-252	1589-1591	et	
3-253	1592-1608	superinvalescent	
3-254	1609-1614	venti	
3-255	1615-1617	ab	
3-256	1618-1625	oriente	
3-257	1625-1626	,	
3-258	1627-1629	et	
3-259	1630-1639	recludent	
3-260	1640-1643	eam	
3-261	1643-1644	,	
3-262	1645-1647	et	
3-263	1648-1653	nubem	
3-264	1654-1658	quam	
3-265	1659-1669	suscitavit	
3-266	1670-1672	in	
3-267	1673-1676	ira	
3-268	1676-1677	,	
3-269	1678-1680	et	
3-270	1681-1686	sidus	
3-271	1687-1689	ad	
3-272	1690-1699	faciendam	
3-273	1700-1715	exterritationem	
3-274	1716-1718	ad	
3-275	1719-1729	orientalem	
3-276	1730-1736	ventum	
3-277	1737-1739	et	
3-278	1740-1750	occidentem	
3-279	1751-1761	violabitur	
3-280	1762-1763	:	
3-281	1764-1766	40	
3-282	1767-1769	et	
3-283	1770-1782	exaltabuntur	
3-284	1783-1788	nubes	
3-285	1789-1794	magnæ	
3-286	1795-1797	et	
3-287	1798-1804	validæ	
3-288	1805-1810	plenæ	
3-289	1811-1814	iræ	
3-290	1814-1815	,	
3-291	1816-1818	et	
3-292	1819-1824	sidus	
3-293	1824-1825	,	
3-294	1826-1828	ut	
3-295	1829-1839	exterreant	
3-296	1840-1845	omnem	
3-297	1846-1852	terram	
3-298	1852-1853	,	
3-299	1854-1856	et	
3-300	1857-1869	inhabitantes	
3-301	1870-1873	eam	
3-302	1873-1874	,	
3-303	1875-1877	et	
3-304	1878-1887	infundent	
3-305	1888-1893	super	
3-306	1894-1899	omnem	
3-307	1900-1905	locum	
3-308	1906-1911	altum	
3-309	1912-1914	et	
3-310	1915-1924	eminentem	
3-311	1925-1930	sidus	
3-312	1931-1940	terribile	
3-313	1940-1941	,	
3-314	1942-1944	41	
3-315	1945-1950	ignem	
3-316	1951-1953	et	
3-317	1954-1963	grandinem	
3-318	1963-1964	,	
3-319	1965-1967	et	
3-320	1968-1976	romphæas	
3-321	1977-1985	volantes	
3-322	1985-1986	,	
3-323	1987-1989	et	
3-324	1990-1995	aquas	
3-325	1996-2002	multas	
3-326	2002-2003	,	
3-327	2004-2006	ut	
3-328	2007-2012	etiam	
3-329	2013-2023	impleantur	
3-330	2024-2029	omnes	
3-331	2030-2035	campi	
3-332	2036-2038	et	
3-333	2039-2044	omnes	
3-334	2045-2049	rivi	
3-335	2050-2061	plenitudine	
3-336	2062-2069	aquarum	
3-337	2070-2078	multarum	
3-338	2078-2079	.	
3-339	2080-2082	42	
3-340	2083-2085	Et	
3-341	2086-2097	demolientur	
3-342	2098-2107	civitates	
3-343	2107-2108	,	
3-344	2109-2111	et	
3-345	2112-2117	muros	
3-346	2117-2118	,	
3-347	2119-2121	et	
3-348	2122-2128	montes	
3-349	2128-2129	,	
3-350	2130-2132	et	
3-351	2133-2139	colles	
3-352	2139-2140	,	
3-353	2141-2143	et	
3-354	2144-2149	ligna	
3-355	2150-2158	silvarum	
3-356	2158-2159	,	
3-357	2160-2162	et	
3-358	2163-2168	fœnum	
3-359	2169-2177	pratorum	
3-360	2177-2178	,	
3-361	2179-2181	et	
3-362	2182-2190	frumenta	
3-363	2191-2196	eorum	
3-364	2196-2197	.	
3-365	2198-2200	43	
3-366	2201-2203	Et	
3-367	2204-2214	transibunt	
3-368	2215-2225	constantes	
3-369	2226-2231	usque	
3-370	2232-2234	ad	
3-371	2235-2244	Babylonem	
3-372	2244-2245	,	
3-373	2246-2248	et	
3-374	2249-2257	exterent	
3-375	2258-2261	eam	
3-376	2262-2263	:	
3-377	2264-2266	44	
3-378	2267-2277	convenient	
3-379	2278-2280	ad	
3-380	2281-2286	ipsam	
3-381	2286-2287	,	
3-382	2288-2290	et	
3-383	2291-2301	circuibunt	
3-384	2302-2305	eam	
3-385	2305-2306	,	
3-386	2307-2309	et	
3-387	2310-2319	effundent	
3-388	2320-2325	sidus	
3-389	2325-2326	,	
3-390	2327-2329	et	
3-391	2330-2335	omnem	
3-392	2336-2340	iram	
3-393	2341-2346	super	
3-394	2347-2350	eam	
3-395	2350-2351	,	
3-396	2352-2354	et	
3-397	2355-2362	subibit	
3-398	2363-2369	pulvis	
3-399	2370-2372	et	
3-400	2373-2378	fumus	
3-401	2379-2384	usque	
3-402	2385-2387	in	
3-403	2388-2393	cælum	
3-404	2393-2394	,	
3-405	2395-2397	et	
3-406	2398-2403	omnes	
3-407	2404-2406	in	
3-408	2407-2415	circuitu	
3-409	2416-2424	lugebunt	
3-410	2425-2428	eam	
3-411	2429-2430	:	
3-412	2431-2433	45	
3-413	2434-2436	et	
3-414	2437-2440	qui	
3-415	2441-2444	sub	
3-416	2445-2447	ea	
3-417	2448-2459	remanserint	
3-418	2459-2460	,	
3-419	2461-2469	servient	
3-420	2470-2473	his	
3-421	2474-2477	qui	
3-422	2478-2490	exterruerunt	
3-423	2490-2491	.	
3-424	2492-2494	46	
3-425	2495-2497	Et	
3-426	2498-2500	tu	
3-427	2501-2505	Asia	
3-428	2506-2513	concors	
3-429	2514-2516	in	
3-430	2517-2521	spem	
3-431	2522-2531	Babylonis	
3-432	2531-2532	,	
3-433	2533-2535	et	
3-434	2536-2542	gloria	
3-435	2543-2550	personæ	
3-436	2551-2555	ejus	
3-437	2555-2556	,	
3-438	2557-2559	47	
3-439	2560-2562	væ	
3-440	2563-2567	tibi	
3-441	2568-2574	misera	
3-442	2575-2582	propter	
3-443	2583-2587	quod	
3-444	2588-2599	assimilasti	
3-445	2600-2602	ei	
3-446	2602-2603	,	
3-447	2604-2606	et	
3-448	2607-2614	ornasti	
3-449	2615-2621	filias	
3-450	2622-2626	tuas	
3-451	2627-2629	in	
3-452	2630-2642	fornicatione	
3-453	2642-2643	,	
3-454	2644-2646	ad	
3-455	2647-2656	placendum	
3-456	2657-2659	et	
3-457	2660-2670	gloriandum	
3-458	2671-2673	in	
3-459	2674-2684	amatoribus	
3-460	2685-2689	tuis	
3-461	2689-2690	,	
3-462	2691-2694	qui	
3-463	2695-2700	tecum	
3-464	2701-2710	cupierunt	
3-465	2711-2717	semper	
3-466	2718-2727	fornicari	
3-467	2727-2728	.	
3-468	2729-2731	48	
3-469	2732-2740	Odibilem	
3-470	2741-2748	imitata	
3-471	2749-2751	es	
3-472	2752-2754	in	
3-473	2755-2762	omnibus	
3-474	2763-2771	operibus	
3-475	2772-2776	ejus	
3-476	2776-2777	,	
3-477	2778-2780	et	
3-478	2781-2783	in	
3-479	2784-2799	adinventionibus	
3-480	2800-2804	ejus	
3-481	2805-2806	:	
3-482	2807-2816	propterea	
3-483	2817-2822	dicit	
3-484	2823-2827	Deus	
3-485	2827-2828	,	
3-486	2829-2831	49	
3-487	2832-2840	Immittam	
3-488	2841-2845	tibi	
3-489	2846-2850	mala	
3-490	2850-2851	,	
3-491	2852-2862	viduitatem	
3-492	2862-2863	,	
3-493	2864-2875	paupertatem	
3-494	2875-2876	,	
3-495	2877-2879	et	
3-496	2880-2885	famem	
3-497	2885-2886	,	
3-498	2887-2889	et	
3-499	2890-2897	gladium	
3-500	2897-2898	,	
3-501	2899-2901	et	
3-502	2902-2908	pestem	
3-503	2908-2909	,	
3-504	2910-2912	ad	
3-505	2913-2924	devastandas	
3-506	2925-2930	domos	
3-507	2931-2935	tuas	
3-508	2936-2937	a	
3-509	2938-2948	violatione	
3-510	2948-2949	,	
3-511	2950-2952	et	
3-512	2953-2958	morte	
3-513	2958-2959	,	
3-514	2960-2962	et	
3-515	2963-2969	gloria	
3-516	2970-2978	virtutis	
3-517	2979-2982	tuæ	
3-518	2982-2983	.	
3-519	2984-2986	50	
3-520	2987-2992	Sicut	
3-521	2993-2997	flos	
3-522	2998-3008	siccabitur	
3-523	3008-3009	,	
3-524	3010-3013	cum	
3-525	3014-3021	exurget	
3-526	3022-3027	ardor	
3-527	3027-3028	,	
3-528	3029-3032	qui	
3-529	3033-3040	emissus	
3-530	3041-3044	est	
3-531	3045-3050	super	
3-532	3051-3053	te	
3-533	3053-3054	,	
3-534	3055-3057	51	
3-535	3058-3070	infirmaberis	
3-536	3071-3073	ut	
3-537	3074-3084	paupercula	
3-538	3085-3092	plagata	
3-539	3093-3095	et	
3-540	3096-3105	castigata	
3-541	3106-3107	a	
3-542	3108-3118	mulieribus	
3-543	3118-3119	,	
3-544	3120-3122	ut	
3-545	3123-3126	non	
3-546	3127-3134	possint	
3-547	3135-3137	te	
3-548	3138-3147	suscipere	
3-549	3148-3156	potentes	
3-550	3157-3159	et	
3-551	3160-3168	amatores	
3-552	3168-3169	.	
3-553	3170-3172	52	
3-554	3173-3180	Numquid	
3-555	3181-3184	ego	
3-556	3185-3188	sic	
3-557	3189-3196	zelabor	
3-558	3197-3199	te	
3-559	3199-3200	,	
3-560	3201-3206	dicit	
3-561	3207-3214	Dominus	
3-562	3214-3215	,	
3-563	3216-3218	53	
3-564	3219-3223	nisi	
3-565	3224-3234	occidisses	
3-566	3235-3242	electos	
3-567	3243-3247	meos	
3-568	3248-3250	in	
3-569	3251-3255	omni	
3-570	3256-3263	tempore	
3-571	3263-3264	,	
3-572	3265-3274	exaltatus	
3-573	3275-3287	percussionem	
3-574	3288-3294	manuum	
3-575	3294-3295	,	
3-576	3296-3298	et	
3-577	3299-3305	dicens	
3-578	3306-3311	super	
3-579	3312-3318	mortem	
3-580	3319-3324	eorum	
3-581	3324-3325	,	
3-582	3326-3329	cum	
3-583	3330-3339	inebriata	
3-584	3340-3345	esses	
3-585	3345-3346	,	
3-586	3347-3349	54	
3-587	3350-3356	Exorna	
3-588	3357-3364	speciem	
3-589	3365-3371	vultus	
3-590	3372-3375	tui	
3-591	3376-3377	?	

#Text=55 Merces fornicationis tuæ in sinu tuo, propter hoc redditionem accipies.
#Text=56 Sicut facies electis meis, dicit Dominus, sic faciet tibi Deus, et tradet te in malum.
#Text=57 Et nati tui fame interient : et tu rhomphæa cades, et civitates tuæ conterentur, et omnes tui in campo gladio cadent.
#Text=58 Et qui sunt in montibus, fame peribunt, et manducabunt carnes suas, et sanguinem bibent a fame panis et siti aquæ.
#Text=59 Infelix per maria venies, et rursum accipies mala.
4-1	3378-3380	55	
4-2	3381-3387	Merces	
4-3	3388-3401	fornicationis	
4-4	3402-3405	tuæ	
4-5	3406-3408	in	
4-6	3409-3413	sinu	
4-7	3414-3417	tuo	
4-8	3417-3418	,	
4-9	3419-3426	propter	
4-10	3427-3430	hoc	
4-11	3431-3442	redditionem	
4-12	3443-3451	accipies	
4-13	3451-3452	.	
4-14	3453-3455	56	
4-15	3456-3461	Sicut	
4-16	3462-3468	facies	
4-17	3469-3476	electis	
4-18	3477-3481	meis	
4-19	3481-3482	,	
4-20	3483-3488	dicit	
4-21	3489-3496	Dominus	
4-22	3496-3497	,	
4-23	3498-3501	sic	
4-24	3502-3508	faciet	
4-25	3509-3513	tibi	
4-26	3514-3518	Deus	
4-27	3518-3519	,	
4-28	3520-3522	et	
4-29	3523-3529	tradet	
4-30	3530-3532	te	
4-31	3533-3535	in	
4-32	3536-3541	malum	
4-33	3541-3542	.	
4-34	3543-3545	57	
4-35	3546-3548	Et	
4-36	3549-3553	nati	
4-37	3554-3557	tui	
4-38	3558-3562	fame	
4-39	3563-3572	interient	
4-40	3573-3574	:	
4-41	3575-3577	et	
4-42	3578-3580	tu	
4-43	3581-3589	rhomphæa	
4-44	3590-3595	cades	
4-45	3595-3596	,	
4-46	3597-3599	et	
4-47	3600-3609	civitates	
4-48	3610-3613	tuæ	
4-49	3614-3625	conterentur	
4-50	3625-3626	,	
4-51	3627-3629	et	
4-52	3630-3635	omnes	
4-53	3636-3639	tui	
4-54	3640-3642	in	
4-55	3643-3648	campo	
4-56	3649-3655	gladio	
4-57	3656-3662	cadent	
4-58	3662-3663	.	
4-59	3664-3666	58	
4-60	3667-3669	Et	
4-61	3670-3673	qui	
4-62	3674-3678	sunt	
4-63	3679-3681	in	
4-64	3682-3690	montibus	
4-65	3690-3691	,	
4-66	3692-3696	fame	
4-67	3697-3705	peribunt	
4-68	3705-3706	,	
4-69	3707-3709	et	
4-70	3710-3721	manducabunt	
4-71	3722-3728	carnes	
4-72	3729-3733	suas	
4-73	3733-3734	,	
4-74	3735-3737	et	
4-75	3738-3747	sanguinem	
4-76	3748-3754	bibent	
4-77	3755-3756	a	
4-78	3757-3761	fame	
4-79	3762-3767	panis	
4-80	3768-3770	et	
4-81	3771-3775	siti	
4-82	3776-3780	aquæ	
4-83	3780-3781	.	
4-84	3782-3784	59	
4-85	3785-3792	Infelix	
4-86	3793-3796	per	
4-87	3797-3802	maria	
4-88	3803-3809	venies	
4-89	3809-3810	,	
4-90	3811-3813	et	
4-91	3814-3820	rursum	
4-92	3821-3829	accipies	
4-93	3830-3834	mala	
4-94	3834-3835	.	
