#FORMAT=WebAnno TSV 3.3
#T_SP=custom.Span|label
#T_RL=custom.Relation|label|BT_custom.Span


#Text=Band 2. f. 109.
1-1	2-6	Band	_	_	_	
1-2	7-8	2	_	_	_	
1-3	8-9	.	_	_	_	
1-4	10-11	f	_	_	_	
1-5	11-12	.	_	_	_	
1-6	13-16	109	_	_	_	
1-7	16-17	.	_	_	_	

#Text=Genieiniglich begleitet ein ftarker Schweiss, der bald fauer riechet, bald stinket, oder einen ganz besondern
#Text=
#Text=übeln Geruch hat, den Ausbruch des Friesels.
#Text=d) Sudorem tamen in duobus aegris plane defuiffe teftis eft VOGEL I. c. :) NICOLAI S. 113.
2-1	18-31	Genieiniglich	_	_	_	
2-2	32-41	begleitet	_	_	_	
2-3	42-45	ein	_	_	_	
2-4	46-53	ftarker	_	_	_	
2-5	54-62	Schweiss	_	_	_	
2-6	62-63	,	_	_	_	
2-7	64-67	der	_	_	_	
2-8	68-72	bald	_	_	_	
2-9	73-78	fauer	_	_	_	
2-10	79-86	riechet	_	_	_	
2-11	86-87	,	_	_	_	
2-12	88-92	bald	_	_	_	
2-13	93-100	stinket	_	_	_	
2-14	100-101	,	_	_	_	
2-15	102-106	oder	_	_	_	
2-16	107-112	einen	_	_	_	
2-17	113-117	ganz	_	_	_	
2-18	118-127	besondern	_	_	_	
2-19	129-134	übeln	_	_	_	
2-20	135-141	Geruch	_	_	_	
2-21	142-145	hat	_	_	_	
2-22	145-146	,	_	_	_	
2-23	147-150	den	_	_	_	
2-24	151-159	Ausbruch	_	_	_	
2-25	160-163	des	_	_	_	
2-26	164-172	Friesels	_	_	_	
2-27	172-173	.	_	_	_	
2-28	174-175	d	_	_	_	
2-29	175-176	)	_	_	_	
2-30	177-184	Sudorem	_	_	_	
2-31	185-190	tamen	_	_	_	
2-32	191-193	in	_	_	_	
2-33	194-200	duobus	_	_	_	
2-34	201-207	aegris	_	_	_	
2-35	208-213	plane	_	_	_	
2-36	214-222	defuiffe	_	_	_	
2-37	223-229	teftis	_	_	_	
2-38	230-233	eft	_	_	_	
2-39	234-239	VOGEL	_	_	_	
2-40	240-241	I	_	_	_	
2-41	241-242	.	_	_	_	
2-42	243-244	c	_	_	_	
2-43	244-245	.	_	_	_	
2-44	246-247	:	_	_	_	
2-45	247-248	)	_	_	_	
2-46	249-256	NICOLAI	_	_	_	
2-47	257-258	S	_	_	_	
2-48	258-259	.	_	_	_	
2-49	260-263	113	_	_	_	
2-50	263-264	.	_	_	_	

#Text=C.
3-1	265-266	C	_	_	_	
3-2	266-267	.	_	_	_	

#Text=L.
4-1	268-269	L	_	_	_	
4-2	269-270	.	_	_	_	

#Text=HOFFMANN loc.
#Text=cit.
#Text=f) Vogel Theil "3. pega 94 8) NICOLAI 6.
#Text=126.
#Text=8) GRVER loc.
#Text=cit.
5-1	271-279	HOFFMANN	_	_	_	
5-2	280-283	loc	_	_	_	
5-3	283-284	.	_	_	_	
5-4	285-288	cit	_	_	_	
5-5	288-289	.	_	_	_	
5-6	290-291	f	_	_	_	
5-7	291-292	)	_	_	_	
5-8	293-298	Vogel	_	_	_	
5-9	299-304	Theil	_	_	_	
5-10	305-306	"	_	_	_	
5-11	306-307	3	_	_	_	
5-12	307-308	.	_	_	_	
5-13	309-313	pega	_	_	_	
5-14	314-316	94	_	_	_	
5-15	317-318	8	_	_	_	
5-16	318-319	)	_	_	_	
5-17	320-327	NICOLAI	_	_	_	
5-18	328-329	6	_	_	_	
5-19	329-330	.	_	_	_	
5-20	331-334	126	_	_	_	
5-21	334-335	.	_	_	_	
5-22	336-337	8	_	_	_	
5-23	337-338	)	_	_	_	
5-24	339-344	GRVER	_	_	_	
5-25	345-348	loc	_	_	_	
5-26	348-349	.	_	_	_	
5-27	350-353	cit	_	_	_	
5-28	353-354	.	_	_	_	

#Text=H.
6-1	355-356	H	_	_	_	
6-2	356-357	.	_	_	_	

#Text=Lepra.
#Text=, In variis morbi grauissimi fpeciebus praeter alia foeda fymptomata etiam odor per cutem (pirans hircinus atque
#Text=
#Text=foe.
#Text=for intolerabilis animae cum fudoribus pinguibus, graueolentibus obferuatus est ii).
7-1	358-363	Lepra	Circumstances	_	_	
7-2	363-364	.	_	_	_	
7-3	365-366	,	_	_	_	
7-4	367-369	In	Circumstances[1]	_	_	
7-5	370-376	variis	Circumstances[1]	_	_	
7-6	377-382	morbi	Circumstances[1]	_	_	
7-7	383-393	grauissimi	Circumstances[1]	_	_	
7-8	394-403	fpeciebus	Circumstances[1]	_	_	
7-9	404-411	praeter	_	_	_	
7-10	412-416	alia	_	_	_	
7-11	417-422	foeda	_	_	_	
7-12	423-433	fymptomata	_	_	_	
7-13	434-439	etiam	_	_	_	
7-14	440-444	odor	Smell\_Source	_	_	
7-15	445-448	per	Location[2]	_	_	
7-16	449-454	cutem	Location[2]	_	_	
7-17	455-456	(	Smell\_Word[3]	*|*|*|*|*|*|*	7-14[0_3]|7-1[0_3]|7-4[1_3]|7-15[2_3]|7-19[4_3]|7-19[5_3]|7-26[7_3]	
7-18	456-462	pirans	Smell\_Word[3]	_	_	
7-19	463-471	hircinus	Quality[4]|Evoked\_Odorant[5]	_	_	
7-20	472-477	atque	_	_	_	
7-21	479-482	foe	Smell\_Word[6]	*|*	7-24[0_6]|7-25[0_6]	
7-22	482-483	.	Smell\_Word[6]	_	_	
7-23	484-487	for	Smell\_Word[6]	_	_	
7-24	488-501	intolerabilis	Quality	_	_	
7-25	502-508	animae	Smell\_Source	_	_	
7-26	509-512	cum	Circumstances[7]	_	_	
7-27	513-522	fudoribus	Circumstances[7]|Smell\_Source[8]	_	_	
7-28	523-532	pinguibus	Circumstances[7]	_	_	
7-29	532-533	,	Circumstances[7]	_	_	
7-30	534-548	graueolentibus	Circumstances[7]|Smell\_Word[9]|Quality[10]	*|*	7-27[8_9]|7-30[10_9]	
7-31	549-559	obferuatus	Circumstances[7]	_	_	
7-32	560-563	est	Circumstances[7]	_	_	
7-33	564-566	ii	_	_	_	
7-34	566-567	)	_	_	_	
7-35	567-568	.	_	_	_	

#Text=B.
8-1	569-570	B	_	_	_	
8-2	570-571	.	_	_	_	

#Text=XIX.
9-1	572-575	XIX	_	_	_	
9-2	575-576	.	_	_	_	

#Text=Pertinent porro ad morbos, qui fingulari perspirationis odore lese manifestant,
#Text=
#Text=Lues venera vniuerfalis.
10-1	577-586	Pertinent	_	_	_	
10-2	587-592	porro	_	_	_	
10-3	593-595	ad	_	_	_	
10-4	596-602	morbos	Circumstances	_	_	
10-5	602-603	,	_	_	_	
10-6	604-607	qui	Circumstances	Anaphoric	10-4	
10-7	608-617	fingulari	Smell\_Source[11]	_	_	
10-8	618-632	perspirationis	Smell\_Source[11]	_	_	
10-9	633-638	odore	Smell\_Word	*|*	10-7[11_0]|10-6	
10-10	639-643	lese	_	_	_	
10-11	644-655	manifestant	_	_	_	
10-12	655-656	,	_	_	_	
10-13	658-662	Lues	_	_	_	
10-14	663-669	venera	_	_	_	
10-15	670-681	vniuerfalis	_	_	_	
10-16	681-682	.	_	_	_	

#Text=Integumenta communia prae caeteris partibus maxime afficiuntur a contagio venereo.
11-1	683-694	Integumenta	_	_	_	
11-2	695-703	communia	_	_	_	
11-3	704-708	prae	_	_	_	
11-4	709-717	caeteris	_	_	_	
11-5	718-726	partibus	_	_	_	
11-6	727-733	maxime	_	_	_	
11-7	734-745	afficiuntur	_	_	_	
11-8	746-747	a	_	_	_	
11-9	748-756	contagio	_	_	_	
11-10	757-764	venereo	_	_	_	
11-11	764-765	.	_	_	_	

#Text=Docent id frequentiffima morbi gallici fymptomata, vlcera, exanthemata varii generis, rhagades, pustulae, morbi pilorum, et vnguium.
12-1	766-772	Docent	_	_	_	
12-2	773-775	id	_	_	_	
12-3	776-790	frequentiffima	_	_	_	
12-4	791-796	morbi	_	_	_	
12-5	797-804	gallici	_	_	_	
12-6	805-815	fymptomata	_	_	_	
12-7	815-816	,	_	_	_	
12-8	817-823	vlcera	_	_	_	
12-9	823-824	,	_	_	_	
12-10	825-836	exanthemata	_	_	_	
12-11	837-842	varii	_	_	_	
12-12	843-850	generis	_	_	_	
12-13	850-851	,	_	_	_	
12-14	852-860	rhagades	_	_	_	
12-15	860-861	,	_	_	_	
12-16	862-870	pustulae	_	_	_	
12-17	870-871	,	_	_	_	
12-18	872-877	morbi	_	_	_	
12-19	878-885	pilorum	_	_	_	
12-20	885-886	,	_	_	_	
12-21	887-889	et	_	_	_	
12-22	890-897	vnguium	_	_	_	
12-23	897-898	.	_	_	_	

#Text=Quid mirum ergo, quod in tanto humoruin per cutem distributorum vitio sudor etiam mutationes fubeat et specifico inficiatur odore k)?
13-1	899-903	Quid	_	_	_	
13-2	904-909	mirum	_	_	_	
13-3	910-914	ergo	_	_	_	
13-4	914-915	,	_	_	_	
13-5	916-920	quod	_	_	_	
13-6	921-923	in	Circumstances[12]	_	_	
13-7	924-929	tanto	Circumstances[12]	_	_	
13-8	930-938	humoruin	Circumstances[12]	_	_	
13-9	939-942	per	Circumstances[12]	_	_	
13-10	943-948	cutem	Circumstances[12]	_	_	
13-11	949-962	distributorum	Circumstances[12]	_	_	
13-12	963-968	vitio	Circumstances[12]	_	_	
13-13	969-974	sudor	Effect	_	_	
13-14	975-980	etiam	_	_	_	
13-15	981-991	mutationes	_	_	_	
13-16	992-998	fubeat	_	_	_	
13-17	999-1001	et	_	_	_	
13-18	1002-1011	specifico	Quality	_	_	
13-19	1012-1022	inficiatur	Effect	Same\_span	13-13	
13-20	1023-1028	odore	Smell\_Word[13]|Smell\_Source[14]	*|*|*|*	13-20[14_13]|13-19[0_13]|13-18[0_13]|13-6[12_13]	
13-21	1029-1030	k	_	_	_	
13-22	1030-1031	)	_	_	_	
13-23	1031-1032	?	_	_	_	

#Text=Concluderes forsan exinde , ' syphiliticorum perfpitationem : contagiosain effe; experientia vero contrarium probare videtur 1).
#Text=$..
14-1	1033-1044	Concluderes	_	_	_	
14-2	1045-1051	forsan	_	_	_	
14-3	1052-1058	exinde	_	_	_	
14-4	1059-1060	,	_	_	_	
14-5	1061-1062	'	_	_	_	
14-6	1063-1077	syphiliticorum	_	_	_	
14-7	1078-1092	perfpitationem	_	_	_	
14-8	1093-1094	:	_	_	_	
14-9	1095-1107	contagiosain	_	_	_	
14-10	1108-1112	effe	_	_	_	
14-11	1112-1113	;	_	_	_	
14-12	1114-1125	experientia	_	_	_	
14-13	1126-1130	vero	_	_	_	
14-14	1131-1141	contrarium	_	_	_	
14-15	1142-1149	probare	_	_	_	
14-16	1150-1157	videtur	_	_	_	
14-17	1158-1159	1	_	_	_	
14-18	1159-1160	)	_	_	_	
14-19	1160-1161	.	_	_	_	
14-20	1162-1163	$	_	_	_	
14-21	1163-1164	.	_	_	_	
14-22	1164-1165	.	_	_	_	

#Text=XX.
15-1	1166-1168	XX	_	_	_	
15-2	1168-1169	.	_	_	_	
