{"_context" : {
    "_types" : {
      "DocumentMetaData" : {
        "_feature_types" : {"sofa" : "_ref" } }, 
      "Relation" : {
        "_feature_types" : {"sofa" : "_ref",  "Dependent" : "_ref",  "Governor" : "_ref" } }, 
      "Sentence" : {
        "_feature_types" : {"sofa" : "_ref" } }, 
      "Sofa" : {
        "_feature_types" : {"sofaArray" : "_ref" } }, 
      "Span" : {
        "_feature_types" : {"sofa" : "_ref" } }, 
      "TagsetDescription" : {
        "_feature_types" : {"sofa" : "_ref",  "tags" : "_ref" } }, 
      "Token" : {
        "_feature_types" : {"sofa" : "_ref",  "parent" : "_ref",  "lemma" : "_ref",  "stem" : "_ref",  "pos" : "_ref",  "morph" : "_ref",  "form" : "_ref" } }, 
      "DocumentAnnotation" : {
        "_feature_types" : {"sofa" : "_ref" }, 
        "_subtypes" : ["DocumentMetaData" ] }, 
      "Annotation" : {
        "_feature_types" : {"sofa" : "_ref" }, 
        "_subtypes" : ["DocumentAnnotation",  "Relation",  "Sentence",  "Span",  "TagsetDescription",  "Token" ] }, 
      "AnnotationBase" : {
        "_feature_types" : {"sofa" : "_ref" }, 
        "_subtypes" : ["Annotation" ] }, 
      "TOP" : {
        "_subtypes" : ["AnnotationBase",  "Sofa" ] } } }, 
  "_views" : {
    "_InitialView" : {
      "Relation" : [
        {"sofa" : 1,  "begin" : 1983,  "end" : 1988,  "Dependent" : 12975,  "Governor" : 12980 }, 
        {"sofa" : 1,  "begin" : 1983,  "end" : 1988,  "Dependent" : 12975,  "Governor" : 12992 }, 
        {"sofa" : 1,  "begin" : 1983,  "end" : 1988,  "Dependent" : 12975,  "Governor" : 13004 }, 
        {"sofa" : 1,  "begin" : 2138,  "end" : 2143,  "Dependent" : 13016,  "Governor" : 13021 } ], 
      "Span" : [12992,  12975,  12980,  13004,  13021,  13016 ], 
      "DocumentMetaData" : [
        {"sofa" : 1,  "end" : 3958,  "language" : "x-unspecified",  "documentTitle" : "022E%20Ben%20Jonson%201614%20Bartholomew%20Fair__33_THE.txt",  "documentId" : "satonelli",  "documentUri" : "file:/home/dhuser/alessio/inception/repository/project/29/document/7269/source/satonelli",  "collectionId" : "file:/home/dhuser/alessio/inception/repository/project/29/document/7269/source/",  "documentBaseUri" : "file:/home/dhuser/alessio/inception/repository/project/29/document/7269/source/",  "isLastSegment" : false } ], 
      "TagsetDescription" : [
        {"sofa" : 1,  "layer" : "webanno.custom.Emotions",  "name" : "Emotion Labels",  "input" : false }, 
        {"sofa" : 1,  "layer" : "custom.Relation",  "name" : "Relation labels",  "input" : false }, 
        {"sofa" : 1,  "layer" : "custom.Span",  "name" : "Smell labels",  "input" : false } ], 
      "Sentence" : [
        {"sofa" : 1,  "end" : 21 }, 
        {"sofa" : 1,  "begin" : 22,  "end" : 34 }, 
        {"sofa" : 1,  "begin" : 36,  "end" : 82 }, 
        {"sofa" : 1,  "begin" : 84,  "end" : 89 }, 
        {"sofa" : 1,  "begin" : 90,  "end" : 157 }, 
        {"sofa" : 1,  "begin" : 159,  "end" : 163 }, 
        {"sofa" : 1,  "begin" : 164,  "end" : 345 }, 
        {"sofa" : 1,  "begin" : 347,  "end" : 352 }, 
        {"sofa" : 1,  "begin" : 353,  "end" : 420 }, 
        {"sofa" : 1,  "begin" : 421,  "end" : 572 }, 
        {"sofa" : 1,  "begin" : 573,  "end" : 725 }, 
        {"sofa" : 1,  "begin" : 726,  "end" : 742 }, 
        {"sofa" : 1,  "begin" : 742,  "end" : 830 }, 
        {"sofa" : 1,  "begin" : 831,  "end" : 963 }, 
        {"sofa" : 1,  "begin" : 964,  "end" : 1153 }, 
        {"sofa" : 1,  "begin" : 1154,  "end" : 1318 }, 
        {"sofa" : 1,  "begin" : 1319,  "end" : 1444 }, 
        {"sofa" : 1,  "begin" : 1445,  "end" : 1690 }, 
        {"sofa" : 1,  "begin" : 1691,  "end" : 1707 }, 
        {"sofa" : 1,  "begin" : 1708,  "end" : 1721 }, 
        {"sofa" : 1,  "begin" : 1723,  "end" : 1771 }, 
        {"sofa" : 1,  "begin" : 1773,  "end" : 1779 }, 
        {"sofa" : 1,  "begin" : 1780,  "end" : 1847 }, 
        {"sofa" : 1,  "begin" : 1849,  "end" : 1853 }, 
        {"sofa" : 1,  "begin" : 1854,  "end" : 1872 }, 
        {"sofa" : 1,  "begin" : 1872,  "end" : 1940 }, 
        {"sofa" : 1,  "begin" : 1942,  "end" : 1970 }, 
        {"sofa" : 1,  "begin" : 1972,  "end" : 1978 }, 
        {"sofa" : 1,  "begin" : 1979,  "end" : 2032 }, 
        {"sofa" : 1,  "begin" : 2034,  "end" : 2038 }, 
        {"sofa" : 1,  "begin" : 2039,  "end" : 2115 }, 
        {"sofa" : 1,  "begin" : 2116,  "end" : 2192 }, 
        {"sofa" : 1,  "begin" : 2193,  "end" : 2212 }, 
        {"sofa" : 1,  "begin" : 2214,  "end" : 2219 }, 
        {"sofa" : 1,  "begin" : 2220,  "end" : 2235 }, 
        {"sofa" : 1,  "begin" : 2237,  "end" : 2243 }, 
        {"sofa" : 1,  "begin" : 2244,  "end" : 2283 }, 
        {"sofa" : 1,  "begin" : 2285,  "end" : 2290 }, 
        {"sofa" : 1,  "begin" : 2291,  "end" : 2363 }, 
        {"sofa" : 1,  "begin" : 2365,  "end" : 2371 }, 
        {"sofa" : 1,  "begin" : 2372,  "end" : 2400 }, 
        {"sofa" : 1,  "begin" : 2401,  "end" : 2446 }, 
        {"sofa" : 1,  "begin" : 2448,  "end" : 2453 }, 
        {"sofa" : 1,  "begin" : 2454,  "end" : 2506 }, 
        {"sofa" : 1,  "begin" : 2508,  "end" : 2522 }, 
        {"sofa" : 1,  "begin" : 2524,  "end" : 2528 }, 
        {"sofa" : 1,  "begin" : 2529,  "end" : 2615 }, 
        {"sofa" : 1,  "begin" : 2617,  "end" : 2621 }, 
        {"sofa" : 1,  "begin" : 2622,  "end" : 2692 }, 
        {"sofa" : 1,  "begin" : 2693,  "end" : 2824 }, 
        {"sofa" : 1,  "begin" : 2825,  "end" : 2864 }, 
        {"sofa" : 1,  "begin" : 2865,  "end" : 2902 }, 
        {"sofa" : 1,  "begin" : 2903,  "end" : 2925 }, 
        {"sofa" : 1,  "begin" : 2927,  "end" : 2963 }, 
        {"sofa" : 1,  "begin" : 2965,  "end" : 2969 }, 
        {"sofa" : 1,  "begin" : 2970,  "end" : 3025 }, 
        {"sofa" : 1,  "begin" : 3027,  "end" : 3031 }, 
        {"sofa" : 1,  "begin" : 3032,  "end" : 3196 }, 
        {"sofa" : 1,  "begin" : 3198,  "end" : 3202 }, 
        {"sofa" : 1,  "begin" : 3203,  "end" : 3324 }, 
        {"sofa" : 1,  "begin" : 3326,  "end" : 3413 }, 
        {"sofa" : 1,  "begin" : 3415,  "end" : 3421 }, 
        {"sofa" : 1,  "begin" : 3422,  "end" : 3476 }, 
        {"sofa" : 1,  "begin" : 3477,  "end" : 3484 }, 
        {"sofa" : 1,  "begin" : 3486,  "end" : 3490 }, 
        {"sofa" : 1,  "begin" : 3491,  "end" : 3512 }, 
        {"sofa" : 1,  "begin" : 3513,  "end" : 3522 }, 
        {"sofa" : 1,  "begin" : 3524,  "end" : 3529 }, 
        {"sofa" : 1,  "begin" : 3530,  "end" : 3547 }, 
        {"sofa" : 1,  "begin" : 3548,  "end" : 3559 }, 
        {"sofa" : 1,  "begin" : 3561,  "end" : 3566 }, 
        {"sofa" : 1,  "begin" : 3567,  "end" : 3621 }, 
        {"sofa" : 1,  "begin" : 3622,  "end" : 3731 }, 
        {"sofa" : 1,  "begin" : 3733,  "end" : 3739 }, 
        {"sofa" : 1,  "begin" : 3740,  "end" : 3758 }, 
        {"sofa" : 1,  "begin" : 3760,  "end" : 3765 }, 
        {"sofa" : 1,  "begin" : 3766,  "end" : 3957 } ], 
      "Token" : [
        {"sofa" : 1,  "end" : 6 }, 
        {"sofa" : 1,  "begin" : 7,  "end" : 9 }, 
        {"sofa" : 1,  "begin" : 10,  "end" : 13 }, 
        {"sofa" : 1,  "begin" : 14,  "end" : 20 }, 
        {"sofa" : 1,  "begin" : 20,  "end" : 21 }, 
        {"sofa" : 1,  "begin" : 22,  "end" : 28 }, 
        {"sofa" : 1,  "begin" : 28,  "end" : 29 }, 
        {"sofa" : 1,  "begin" : 30,  "end" : 33 }, 
        {"sofa" : 1,  "begin" : 33,  "end" : 34 }, 
        {"sofa" : 1,  "begin" : 36,  "end" : 41 }, 
        {"sofa" : 1,  "begin" : 42,  "end" : 50 }, 
        {"sofa" : 1,  "begin" : 51,  "end" : 55 }, 
        {"sofa" : 1,  "begin" : 56,  "end" : 59 }, 
        {"sofa" : 1,  "begin" : 60,  "end" : 67 }, 
        {"sofa" : 1,  "begin" : 67,  "end" : 68 }, 
        {"sofa" : 1,  "begin" : 69,  "end" : 72 }, 
        {"sofa" : 1,  "begin" : 73,  "end" : 81 }, 
        {"sofa" : 1,  "begin" : 81,  "end" : 82 }, 
        {"sofa" : 1,  "begin" : 84,  "end" : 88 }, 
        {"sofa" : 1,  "begin" : 88,  "end" : 89 }, 
        {"sofa" : 1,  "begin" : 90,  "end" : 94 }, 
        {"sofa" : 1,  "begin" : 94,  "end" : 95 }, 
        {"sofa" : 1,  "begin" : 96,  "end" : 99 }, 
        {"sofa" : 1,  "begin" : 99,  "end" : 100 }, 
        {"sofa" : 1,  "begin" : 101,  "end" : 104 }, 
        {"sofa" : 1,  "begin" : 105,  "end" : 108 }, 
        {"sofa" : 1,  "begin" : 109,  "end" : 112 }, 
        {"sofa" : 1,  "begin" : 113,  "end" : 123 }, 
        {"sofa" : 1,  "begin" : 123,  "end" : 124 }, 
        {"sofa" : 1,  "begin" : 125,  "end" : 131 }, 
        {"sofa" : 1,  "begin" : 132,  "end" : 134 }, 
        {"sofa" : 1,  "begin" : 135,  "end" : 140 }, 
        {"sofa" : 1,  "begin" : 141,  "end" : 146 }, 
        {"sofa" : 1,  "begin" : 147,  "end" : 156 }, 
        {"sofa" : 1,  "begin" : 156,  "end" : 157 }, 
        {"sofa" : 1,  "begin" : 159,  "end" : 162 }, 
        {"sofa" : 1,  "begin" : 162,  "end" : 163 }, 
        {"sofa" : 1,  "begin" : 164,  "end" : 167 }, 
        {"sofa" : 1,  "begin" : 167,  "end" : 168 }, 
        {"sofa" : 1,  "begin" : 169,  "end" : 173 }, 
        {"sofa" : 1,  "begin" : 174,  "end" : 176 }, 
        {"sofa" : 1,  "begin" : 177,  "end" : 183 }, 
        {"sofa" : 1,  "begin" : 184,  "end" : 187 }, 
        {"sofa" : 1,  "begin" : 187,  "end" : 188 }, 
        {"sofa" : 1,  "begin" : 189,  "end" : 194 }, 
        {"sofa" : 1,  "begin" : 195,  "end" : 197 }, 
        {"sofa" : 1,  "begin" : 198,  "end" : 202 }, 
        {"sofa" : 1,  "begin" : 203,  "end" : 205 }, 
        {"sofa" : 1,  "begin" : 206,  "end" : 212 }, 
        {"sofa" : 1,  "begin" : 212,  "end" : 213 }, 
        {"sofa" : 1,  "begin" : 213,  "end" : 214 }, 
        {"sofa" : 1,  "begin" : 214,  "end" : 215 }, 
        {"sofa" : 1,  "begin" : 216,  "end" : 219 }, 
        {"sofa" : 1,  "begin" : 220,  "end" : 224 }, 
        {"sofa" : 1,  "begin" : 225,  "end" : 229 }, 
        {"sofa" : 1,  "begin" : 230,  "end" : 232 }, 
        {"sofa" : 1,  "begin" : 233,  "end" : 234 }, 
        {"sofa" : 1,  "begin" : 235,  "end" : 241 }, 
        {"sofa" : 1,  "begin" : 242,  "end" : 246 }, 
        {"sofa" : 1,  "begin" : 246,  "end" : 247 }, 
        {"sofa" : 1,  "begin" : 248,  "end" : 249 }, 
        {"sofa" : 1,  "begin" : 250,  "end" : 256 }, 
        {"sofa" : 1,  "begin" : 257,  "end" : 266 }, 
        {"sofa" : 1,  "begin" : 266,  "end" : 267 }, 
        {"sofa" : 1,  "begin" : 268,  "end" : 270 }, 
        {"sofa" : 1,  "begin" : 271,  "end" : 272 }, 
        {"sofa" : 1,  "begin" : 273,  "end" : 280 }, 
        {"sofa" : 1,  "begin" : 281,  "end" : 286 }, 
        {"sofa" : 1,  "begin" : 286,  "end" : 287 }, 
        {"sofa" : 1,  "begin" : 288,  "end" : 289 }, 
        {"sofa" : 1,  "begin" : 290,  "end" : 292 }, 
        {"sofa" : 1,  "begin" : 293,  "end" : 301 }, 
        {"sofa" : 1,  "begin" : 302,  "end" : 306 }, 
        {"sofa" : 1,  "begin" : 306,  "end" : 307 }, 
        {"sofa" : 1,  "begin" : 308,  "end" : 311 }, 
        {"sofa" : 1,  "begin" : 312,  "end" : 313 }, 
        {"sofa" : 1,  "begin" : 314,  "end" : 317 }, 
        {"sofa" : 1,  "begin" : 318,  "end" : 323 }, 
        {"sofa" : 1,  "begin" : 324,  "end" : 325 }, 
        {"sofa" : 1,  "begin" : 326,  "end" : 335 }, 
        {"sofa" : 1,  "begin" : 336,  "end" : 337 }, 
        {"sofa" : 1,  "begin" : 338,  "end" : 344 }, 
        {"sofa" : 1,  "begin" : 344,  "end" : 345 }, 
        {"sofa" : 1,  "begin" : 347,  "end" : 351 }, 
        {"sofa" : 1,  "begin" : 351,  "end" : 352 }, 
        {"sofa" : 1,  "begin" : 353,  "end" : 357 }, 
        {"sofa" : 1,  "begin" : 358,  "end" : 360 }, 
        {"sofa" : 1,  "begin" : 361,  "end" : 364 }, 
        {"sofa" : 1,  "begin" : 365,  "end" : 369 }, 
        {"sofa" : 1,  "begin" : 370,  "end" : 380 }, 
        {"sofa" : 1,  "begin" : 381,  "end" : 383 }, 
        {"sofa" : 1,  "begin" : 384,  "end" : 395 }, 
        {"sofa" : 1,  "begin" : 395,  "end" : 396 }, 
        {"sofa" : 1,  "begin" : 397,  "end" : 398 }, 
        {"sofa" : 1,  "begin" : 399,  "end" : 401 }, 
        {"sofa" : 1,  "begin" : 402,  "end" : 406 }, 
        {"sofa" : 1,  "begin" : 407,  "end" : 409 }, 
        {"sofa" : 1,  "begin" : 410,  "end" : 414 }, 
        {"sofa" : 1,  "begin" : 414,  "end" : 415 }, 
        {"sofa" : 1,  "begin" : 416,  "end" : 419 }, 
        {"sofa" : 1,  "begin" : 419,  "end" : 420 }, 
        {"sofa" : 1,  "begin" : 421,  "end" : 423 }, 
        {"sofa" : 1,  "begin" : 424,  "end" : 425 }, 
        {"sofa" : 1,  "begin" : 426,  "end" : 429 }, 
        {"sofa" : 1,  "begin" : 430,  "end" : 433 }, 
        {"sofa" : 1,  "begin" : 434,  "end" : 441 }, 
        {"sofa" : 1,  "begin" : 442,  "end" : 450 }, 
        {"sofa" : 1,  "begin" : 451,  "end" : 454 }, 
        {"sofa" : 1,  "begin" : 455,  "end" : 456 }, 
        {"sofa" : 1,  "begin" : 457,  "end" : 464 }, 
        {"sofa" : 1,  "begin" : 465,  "end" : 473 }, 
        {"sofa" : 1,  "begin" : 473,  "end" : 474 }, 
        {"sofa" : 1,  "begin" : 475,  "end" : 477 }, 
        {"sofa" : 1,  "begin" : 478,  "end" : 485 }, 
        {"sofa" : 1,  "begin" : 486,  "end" : 489 }, 
        {"sofa" : 1,  "begin" : 490,  "end" : 493 }, 
        {"sofa" : 1,  "begin" : 494,  "end" : 499 }, 
        {"sofa" : 1,  "begin" : 500,  "end" : 502 }, 
        {"sofa" : 1,  "begin" : 503,  "end" : 510 }, 
        {"sofa" : 1,  "begin" : 510,  "end" : 511 }, 
        {"sofa" : 1,  "begin" : 512,  "end" : 513 }, 
        {"sofa" : 1,  "begin" : 514,  "end" : 519 }, 
        {"sofa" : 1,  "begin" : 520,  "end" : 528 }, 
        {"sofa" : 1,  "begin" : 529,  "end" : 533 }, 
        {"sofa" : 1,  "begin" : 534,  "end" : 541 }, 
        {"sofa" : 1,  "begin" : 541,  "end" : 542 }, 
        {"sofa" : 1,  "begin" : 543,  "end" : 545 }, 
        {"sofa" : 1,  "begin" : 546,  "end" : 550 }, 
        {"sofa" : 1,  "begin" : 551,  "end" : 554 }, 
        {"sofa" : 1,  "begin" : 555,  "end" : 559 }, 
        {"sofa" : 1,  "begin" : 560,  "end" : 564 }, 
        {"sofa" : 1,  "begin" : 565,  "end" : 571 }, 
        {"sofa" : 1,  "begin" : 571,  "end" : 572 }, 
        {"sofa" : 1,  "begin" : 573,  "end" : 576 }, 
        {"sofa" : 1,  "begin" : 577,  "end" : 579 }, 
        {"sofa" : 1,  "begin" : 580,  "end" : 584 }, 
        {"sofa" : 1,  "begin" : 585,  "end" : 589 }, 
        {"sofa" : 1,  "begin" : 589,  "end" : 590 }, 
        {"sofa" : 1,  "begin" : 591,  "end" : 595 }, 
        {"sofa" : 1,  "begin" : 596,  "end" : 599 }, 
        {"sofa" : 1,  "begin" : 600,  "end" : 602 }, 
        {"sofa" : 1,  "begin" : 603,  "end" : 605 }, 
        {"sofa" : 1,  "begin" : 605,  "end" : 606 }, 
        {"sofa" : 1,  "begin" : 607,  "end" : 610 }, 
        {"sofa" : 1,  "begin" : 611,  "end" : 618 }, 
        {"sofa" : 1,  "begin" : 619,  "end" : 621 }, 
        {"sofa" : 1,  "begin" : 622,  "end" : 626 }, 
        {"sofa" : 1,  "begin" : 627,  "end" : 630 }, 
        {"sofa" : 1,  "begin" : 631,  "end" : 633 }, 
        {"sofa" : 1,  "begin" : 634,  "end" : 643 }, 
        {"sofa" : 1,  "begin" : 644,  "end" : 648 }, 
        {"sofa" : 1,  "begin" : 649,  "end" : 652 }, 
        {"sofa" : 1,  "begin" : 652,  "end" : 653 }, 
        {"sofa" : 1,  "begin" : 654,  "end" : 657 }, 
        {"sofa" : 1,  "begin" : 658,  "end" : 662 }, 
        {"sofa" : 1,  "begin" : 663,  "end" : 665 }, 
        {"sofa" : 1,  "begin" : 666,  "end" : 672 }, 
        {"sofa" : 1,  "begin" : 673,  "end" : 675 }, 
        {"sofa" : 1,  "begin" : 676,  "end" : 679 }, 
        {"sofa" : 1,  "begin" : 680,  "end" : 688 }, 
        {"sofa" : 1,  "begin" : 689,  "end" : 690 }, 
        {"sofa" : 1,  "begin" : 691,  "end" : 701 }, 
        {"sofa" : 1,  "begin" : 702,  "end" : 705 }, 
        {"sofa" : 1,  "begin" : 706,  "end" : 710 }, 
        {"sofa" : 1,  "begin" : 711,  "end" : 716 }, 
        {"sofa" : 1,  "begin" : 717,  "end" : 719 }, 
        {"sofa" : 1,  "begin" : 720,  "end" : 724 }, 
        {"sofa" : 1,  "begin" : 724,  "end" : 725 }, 
        {"sofa" : 1,  "begin" : 726,  "end" : 727 }, 
        {"sofa" : 1,  "begin" : 727,  "end" : 731 }, 
        {"sofa" : 1,  "begin" : 732,  "end" : 740 }, 
        {"sofa" : 1,  "begin" : 740,  "end" : 741 }, 
        {"sofa" : 1,  "begin" : 741,  "end" : 742 }, 
        {"sofa" : 1,  "begin" : 742,  "end" : 743 }, 
        {"sofa" : 1,  "begin" : 743,  "end" : 744 }, 
        {"sofa" : 1,  "begin" : 745,  "end" : 747 }, 
        {"sofa" : 1,  "begin" : 748,  "end" : 753 }, 
        {"sofa" : 1,  "begin" : 754,  "end" : 755 }, 
        {"sofa" : 1,  "begin" : 756,  "end" : 762 }, 
        {"sofa" : 1,  "begin" : 762,  "end" : 763 }, 
        {"sofa" : 1,  "begin" : 763,  "end" : 764 }, 
        {"sofa" : 1,  "begin" : 765,  "end" : 769 }, 
        {"sofa" : 1,  "begin" : 770,  "end" : 776 }, 
        {"sofa" : 1,  "begin" : 776,  "end" : 777 }, 
        {"sofa" : 1,  "begin" : 778,  "end" : 781 }, 
        {"sofa" : 1,  "begin" : 782,  "end" : 784 }, 
        {"sofa" : 1,  "begin" : 785,  "end" : 791 }, 
        {"sofa" : 1,  "begin" : 792,  "end" : 794 }, 
        {"sofa" : 1,  "begin" : 795,  "end" : 799 }, 
        {"sofa" : 1,  "begin" : 799,  "end" : 800 }, 
        {"sofa" : 1,  "begin" : 801,  "end" : 808 }, 
        {"sofa" : 1,  "begin" : 809,  "end" : 813 }, 
        {"sofa" : 1,  "begin" : 814,  "end" : 822 }, 
        {"sofa" : 1,  "begin" : 822,  "end" : 823 }, 
        {"sofa" : 1,  "begin" : 824,  "end" : 829 }, 
        {"sofa" : 1,  "begin" : 829,  "end" : 830 }, 
        {"sofa" : 1,  "begin" : 831,  "end" : 834 }, 
        {"sofa" : 1,  "begin" : 835,  "end" : 837 }, 
        {"sofa" : 1,  "begin" : 838,  "end" : 841 }, 
        {"sofa" : 1,  "begin" : 842,  "end" : 845 }, 
        {"sofa" : 1,  "begin" : 846,  "end" : 851 }, 
        {"sofa" : 1,  "begin" : 851,  "end" : 852 }, 
        {"sofa" : 1,  "begin" : 853,  "end" : 856 }, 
        {"sofa" : 1,  "begin" : 857,  "end" : 862 }, 
        {"sofa" : 1,  "begin" : 863,  "end" : 864 }, 
        {"sofa" : 1,  "begin" : 865,  "end" : 869 }, 
        {"sofa" : 1,  "begin" : 870,  "end" : 872 }, 
        {"sofa" : 1,  "begin" : 873,  "end" : 880 }, 
        {"sofa" : 1,  "begin" : 880,  "end" : 881 }, 
        {"sofa" : 1,  "begin" : 882,  "end" : 885 }, 
        {"sofa" : 1,  "begin" : 886,  "end" : 893 }, 
        {"sofa" : 1,  "begin" : 894,  "end" : 896 }, 
        {"sofa" : 1,  "begin" : 897,  "end" : 901 }, 
        {"sofa" : 1,  "begin" : 902,  "end" : 909 }, 
        {"sofa" : 1,  "begin" : 910,  "end" : 912 }, 
        {"sofa" : 1,  "begin" : 913,  "end" : 920 }, 
        {"sofa" : 1,  "begin" : 921,  "end" : 923 }, 
        {"sofa" : 1,  "begin" : 924,  "end" : 926 }, 
        {"sofa" : 1,  "begin" : 926,  "end" : 927 }, 
        {"sofa" : 1,  "begin" : 928,  "end" : 935 }, 
        {"sofa" : 1,  "begin" : 936,  "end" : 941 }, 
        {"sofa" : 1,  "begin" : 942,  "end" : 955 }, 
        {"sofa" : 1,  "begin" : 956,  "end" : 962 }, 
        {"sofa" : 1,  "begin" : 962,  "end" : 963 }, 
        {"sofa" : 1,  "begin" : 964,  "end" : 965 }, 
        {"sofa" : 1,  "begin" : 966,  "end" : 968 }, 
        {"sofa" : 1,  "begin" : 969,  "end" : 974 }, 
        {"sofa" : 1,  "begin" : 975,  "end" : 978 }, 
        {"sofa" : 1,  "begin" : 979,  "end" : 992 }, 
        {"sofa" : 1,  "begin" : 993,  "end" : 994 }, 
        {"sofa" : 1,  "begin" : 995,  "end" : 1001 }, 
        {"sofa" : 1,  "begin" : 1001,  "end" : 1002 }, 
        {"sofa" : 1,  "begin" : 1003,  "end" : 1005 }, 
        {"sofa" : 1,  "begin" : 1006,  "end" : 1009 }, 
        {"sofa" : 1,  "begin" : 1010,  "end" : 1014 }, 
        {"sofa" : 1,  "begin" : 1015,  "end" : 1017 }, 
        {"sofa" : 1,  "begin" : 1018,  "end" : 1021 }, 
        {"sofa" : 1,  "begin" : 1022,  "end" : 1026 }, 
        {"sofa" : 1,  "begin" : 1027,  "end" : 1031 }, 
        {"sofa" : 1,  "begin" : 1032,  "end" : 1035 }, 
        {"sofa" : 1,  "begin" : 1036,  "end" : 1042 }, 
        {"sofa" : 1,  "begin" : 1043,  "end" : 1049 }, 
        {"sofa" : 1,  "begin" : 1050,  "end" : 1054 }, 
        {"sofa" : 1,  "begin" : 1054,  "end" : 1055 }, 
        {"sofa" : 1,  "begin" : 1055,  "end" : 1056 }, 
        {"sofa" : 1,  "begin" : 1056,  "end" : 1057 }, 
        {"sofa" : 1,  "begin" : 1058,  "end" : 1061 }, 
        {"sofa" : 1,  "begin" : 1062,  "end" : 1066 }, 
        {"sofa" : 1,  "begin" : 1067,  "end" : 1076 }, 
        {"sofa" : 1,  "begin" : 1077,  "end" : 1078 }, 
        {"sofa" : 1,  "begin" : 1079,  "end" : 1083 }, 
        {"sofa" : 1,  "begin" : 1084,  "end" : 1089 }, 
        {"sofa" : 1,  "begin" : 1090,  "end" : 1093 }, 
        {"sofa" : 1,  "begin" : 1094,  "end" : 1101 }, 
        {"sofa" : 1,  "begin" : 1102,  "end" : 1104 }, 
        {"sofa" : 1,  "begin" : 1105,  "end" : 1109 }, 
        {"sofa" : 1,  "begin" : 1110,  "end" : 1114 }, 
        {"sofa" : 1,  "begin" : 1115,  "end" : 1118 }, 
        {"sofa" : 1,  "begin" : 1119,  "end" : 1121 }, 
        {"sofa" : 1,  "begin" : 1122,  "end" : 1129 }, 
        {"sofa" : 1,  "begin" : 1130,  "end" : 1133 }, 
        {"sofa" : 1,  "begin" : 1133,  "end" : 1134 }, 
        {"sofa" : 1,  "begin" : 1135,  "end" : 1141 }, 
        {"sofa" : 1,  "begin" : 1142,  "end" : 1144 }, 
        {"sofa" : 1,  "begin" : 1145,  "end" : 1147 }, 
        {"sofa" : 1,  "begin" : 1148,  "end" : 1152 }, 
        {"sofa" : 1,  "begin" : 1152,  "end" : 1153 }, 
        {"sofa" : 1,  "begin" : 1154,  "end" : 1156 }, 
        {"sofa" : 1,  "begin" : 1156,  "end" : 1157 }, 
        {"sofa" : 1,  "begin" : 1157,  "end" : 1159 }, 
        {"sofa" : 1,  "begin" : 1160,  "end" : 1162 }, 
        {"sofa" : 1,  "begin" : 1163,  "end" : 1167 }, 
        {"sofa" : 1,  "begin" : 1168,  "end" : 1170 }, 
        {"sofa" : 1,  "begin" : 1171,  "end" : 1175 }, 
        {"sofa" : 1,  "begin" : 1176,  "end" : 1178 }, 
        {"sofa" : 1,  "begin" : 1179,  "end" : 1182 }, 
        {"sofa" : 1,  "begin" : 1183,  "end" : 1187 }, 
        {"sofa" : 1,  "begin" : 1188,  "end" : 1189 }, 
        {"sofa" : 1,  "begin" : 1190,  "end" : 1199 }, 
        {"sofa" : 1,  "begin" : 1200,  "end" : 1206 }, 
        {"sofa" : 1,  "begin" : 1207,  "end" : 1208 }, 
        {"sofa" : 1,  "begin" : 1209,  "end" : 1211 }, 
        {"sofa" : 1,  "begin" : 1211,  "end" : 1212 }, 
        {"sofa" : 1,  "begin" : 1213,  "end" : 1216 }, 
        {"sofa" : 1,  "begin" : 1217,  "end" : 1223 }, 
        {"sofa" : 1,  "begin" : 1224,  "end" : 1227 }, 
        {"sofa" : 1,  "begin" : 1228,  "end" : 1231 }, 
        {"sofa" : 1,  "begin" : 1232,  "end" : 1234 }, 
        {"sofa" : 1,  "begin" : 1235,  "end" : 1238 }, 
        {"sofa" : 1,  "begin" : 1239,  "end" : 1243 }, 
        {"sofa" : 1,  "begin" : 1244,  "end" : 1251 }, 
        {"sofa" : 1,  "begin" : 1252,  "end" : 1254 }, 
        {"sofa" : 1,  "begin" : 1255,  "end" : 1257 }, 
        {"sofa" : 1,  "begin" : 1257,  "end" : 1258 }, 
        {"sofa" : 1,  "begin" : 1259,  "end" : 1260 }, 
        {"sofa" : 1,  "begin" : 1261,  "end" : 1267 }, 
        {"sofa" : 1,  "begin" : 1268,  "end" : 1270 }, 
        {"sofa" : 1,  "begin" : 1271,  "end" : 1273 }, 
        {"sofa" : 1,  "begin" : 1274,  "end" : 1276 }, 
        {"sofa" : 1,  "begin" : 1277,  "end" : 1280 }, 
        {"sofa" : 1,  "begin" : 1280,  "end" : 1281 }, 
        {"sofa" : 1,  "begin" : 1282,  "end" : 1283 }, 
        {"sofa" : 1,  "begin" : 1284,  "end" : 1286 }, 
        {"sofa" : 1,  "begin" : 1287,  "end" : 1291 }, 
        {"sofa" : 1,  "begin" : 1291,  "end" : 1292 }, 
        {"sofa" : 1,  "begin" : 1293,  "end" : 1295 }, 
        {"sofa" : 1,  "begin" : 1296,  "end" : 1297 }, 
        {"sofa" : 1,  "begin" : 1298,  "end" : 1301 }, 
        {"sofa" : 1,  "begin" : 1302,  "end" : 1305 }, 
        {"sofa" : 1,  "begin" : 1306,  "end" : 1317 }, 
        {"sofa" : 1,  "begin" : 1317,  "end" : 1318 }, 
        {"sofa" : 1,  "begin" : 1319,  "end" : 1322 }, 
        {"sofa" : 1,  "begin" : 1323,  "end" : 1325 }, 
        {"sofa" : 1,  "begin" : 1326,  "end" : 1330 }, 
        {"sofa" : 1,  "begin" : 1331,  "end" : 1333 }, 
        {"sofa" : 1,  "begin" : 1334,  "end" : 1336 }, 
        {"sofa" : 1,  "begin" : 1337,  "end" : 1340 }, 
        {"sofa" : 1,  "begin" : 1341,  "end" : 1347 }, 
        {"sofa" : 1,  "begin" : 1348,  "end" : 1351 }, 
        {"sofa" : 1,  "begin" : 1351,  "end" : 1352 }, 
        {"sofa" : 1,  "begin" : 1353,  "end" : 1356 }, 
        {"sofa" : 1,  "begin" : 1357,  "end" : 1359 }, 
        {"sofa" : 1,  "begin" : 1360,  "end" : 1364 }, 
        {"sofa" : 1,  "begin" : 1365,  "end" : 1370 }, 
        {"sofa" : 1,  "begin" : 1371,  "end" : 1373 }, 
        {"sofa" : 1,  "begin" : 1374,  "end" : 1378 }, 
        {"sofa" : 1,  "begin" : 1379,  "end" : 1381 }, 
        {"sofa" : 1,  "begin" : 1382,  "end" : 1389 }, 
        {"sofa" : 1,  "begin" : 1389,  "end" : 1390 }, 
        {"sofa" : 1,  "begin" : 1391,  "end" : 1395 }, 
        {"sofa" : 1,  "begin" : 1396,  "end" : 1398 }, 
        {"sofa" : 1,  "begin" : 1399,  "end" : 1407 }, 
        {"sofa" : 1,  "begin" : 1408,  "end" : 1410 }, 
        {"sofa" : 1,  "begin" : 1411,  "end" : 1414 }, 
        {"sofa" : 1,  "begin" : 1415,  "end" : 1419 }, 
        {"sofa" : 1,  "begin" : 1420,  "end" : 1422 }, 
        {"sofa" : 1,  "begin" : 1423,  "end" : 1424 }, 
        {"sofa" : 1,  "begin" : 1425,  "end" : 1430 }, 
        {"sofa" : 1,  "begin" : 1430,  "end" : 1431 }, 
        {"sofa" : 1,  "begin" : 1431,  "end" : 1432 }, 
        {"sofa" : 1,  "begin" : 1433,  "end" : 1443 }, 
        {"sofa" : 1,  "begin" : 1443,  "end" : 1444 }, 
        {"sofa" : 1,  "begin" : 1445,  "end" : 1446 }, 
        {"sofa" : 1,  "begin" : 1447,  "end" : 1452 }, 
        {"sofa" : 1,  "begin" : 1453,  "end" : 1457 }, 
        {"sofa" : 1,  "begin" : 1457,  "end" : 1458 }, 
        {"sofa" : 1,  "begin" : 1459,  "end" : 1461 }, 
        {"sofa" : 1,  "begin" : 1462,  "end" : 1464 }, 
        {"sofa" : 1,  "begin" : 1465,  "end" : 1470 }, 
        {"sofa" : 1,  "begin" : 1471,  "end" : 1474 }, 
        {"sofa" : 1,  "begin" : 1474,  "end" : 1475 }, 
        {"sofa" : 1,  "begin" : 1476,  "end" : 1479 }, 
        {"sofa" : 1,  "begin" : 1480,  "end" : 1481 }, 
        {"sofa" : 1,  "begin" : 1482,  "end" : 1487 }, 
        {"sofa" : 1,  "begin" : 1488,  "end" : 1493 }, 
        {"sofa" : 1,  "begin" : 1493,  "end" : 1494 }, 
        {"sofa" : 1,  "begin" : 1495,  "end" : 1497 }, 
        {"sofa" : 1,  "begin" : 1498,  "end" : 1500 }, 
        {"sofa" : 1,  "begin" : 1501,  "end" : 1508 }, 
        {"sofa" : 1,  "begin" : 1509,  "end" : 1512 }, 
        {"sofa" : 1,  "begin" : 1513,  "end" : 1515 }, 
        {"sofa" : 1,  "begin" : 1516,  "end" : 1521 }, 
        {"sofa" : 1,  "begin" : 1521,  "end" : 1522 }, 
        {"sofa" : 1,  "begin" : 1523,  "end" : 1525 }, 
        {"sofa" : 1,  "begin" : 1526,  "end" : 1530 }, 
        {"sofa" : 1,  "begin" : 1531,  "end" : 1533 }, 
        {"sofa" : 1,  "begin" : 1534,  "end" : 1540 }, 
        {"sofa" : 1,  "begin" : 1540,  "end" : 1541 }, 
        {"sofa" : 1,  "begin" : 1541,  "end" : 1542 }, 
        {"sofa" : 1,  "begin" : 1543,  "end" : 1553 }, 
        {"sofa" : 1,  "begin" : 1554,  "end" : 1559 }, 
        {"sofa" : 1,  "begin" : 1559,  "end" : 1560 }, 
        {"sofa" : 1,  "begin" : 1561,  "end" : 1564 }, 
        {"sofa" : 1,  "begin" : 1565,  "end" : 1568 }, 
        {"sofa" : 1,  "begin" : 1569,  "end" : 1571 }, 
        {"sofa" : 1,  "begin" : 1572,  "end" : 1577 }, 
        {"sofa" : 1,  "begin" : 1578,  "end" : 1580 }, 
        {"sofa" : 1,  "begin" : 1581,  "end" : 1584 }, 
        {"sofa" : 1,  "begin" : 1585,  "end" : 1593 }, 
        {"sofa" : 1,  "begin" : 1593,  "end" : 1594 }, 
        {"sofa" : 1,  "begin" : 1595,  "end" : 1597 }, 
        {"sofa" : 1,  "begin" : 1598,  "end" : 1602 }, 
        {"sofa" : 1,  "begin" : 1603,  "end" : 1612 }, 
        {"sofa" : 1,  "begin" : 1613,  "end" : 1618 }, 
        {"sofa" : 1,  "begin" : 1619,  "end" : 1623 }, 
        {"sofa" : 1,  "begin" : 1624,  "end" : 1626 }, 
        {"sofa" : 1,  "begin" : 1627,  "end" : 1630 }, 
        {"sofa" : 1,  "begin" : 1631,  "end" : 1635 }, 
        {"sofa" : 1,  "begin" : 1635,  "end" : 1636 }, 
        {"sofa" : 1,  "begin" : 1636,  "end" : 1637 }, 
        {"sofa" : 1,  "begin" : 1638,  "end" : 1640 }, 
        {"sofa" : 1,  "begin" : 1641,  "end" : 1646 }, 
        {"sofa" : 1,  "begin" : 1646,  "end" : 1647 }, 
        {"sofa" : 1,  "begin" : 1648,  "end" : 1651 }, 
        {"sofa" : 1,  "begin" : 1652,  "end" : 1656 }, 
        {"sofa" : 1,  "begin" : 1657,  "end" : 1661 }, 
        {"sofa" : 1,  "begin" : 1662,  "end" : 1663 }, 
        {"sofa" : 1,  "begin" : 1664,  "end" : 1668 }, 
        {"sofa" : 1,  "begin" : 1669,  "end" : 1672 }, 
        {"sofa" : 1,  "begin" : 1673,  "end" : 1678 }, 
        {"sofa" : 1,  "begin" : 1679,  "end" : 1680 }, 
        {"sofa" : 1,  "begin" : 1681,  "end" : 1689 }, 
        {"sofa" : 1,  "begin" : 1689,  "end" : 1690 }, 
        {"sofa" : 1,  "begin" : 1691,  "end" : 1692 }, 
        {"sofa" : 1,  "begin" : 1693,  "end" : 1697 }, 
        {"sofa" : 1,  "begin" : 1698,  "end" : 1702 }, 
        {"sofa" : 1,  "begin" : 1703,  "end" : 1706 }, 
        {"sofa" : 1,  "begin" : 1706,  "end" : 1707 }, 
        {"sofa" : 1,  "begin" : 1708,  "end" : 1711 }, 
        {"sofa" : 1,  "begin" : 1712,  "end" : 1714 }, 
        {"sofa" : 1,  "begin" : 1715,  "end" : 1720 }, 
        {"sofa" : 1,  "begin" : 1720,  "end" : 1721 }, 
        {"sofa" : 1,  "begin" : 1723,  "end" : 1728 }, 
        {"sofa" : 1,  "begin" : 1729,  "end" : 1736 }, 
        {"sofa" : 1,  "begin" : 1737,  "end" : 1740 }, 
        {"sofa" : 1,  "begin" : 1741,  "end" : 1745 }, 
        {"sofa" : 1,  "begin" : 1746,  "end" : 1748 }, 
        {"sofa" : 1,  "begin" : 1749,  "end" : 1752 }, 
        {"sofa" : 1,  "begin" : 1753,  "end" : 1758 }, 
        {"sofa" : 1,  "begin" : 1758,  "end" : 1759 }, 
        {"sofa" : 1,  "begin" : 1760,  "end" : 1764 }, 
        {"sofa" : 1,  "begin" : 1765,  "end" : 1770 }, 
        {"sofa" : 1,  "begin" : 1770,  "end" : 1771 }, 
        {"sofa" : 1,  "begin" : 1773,  "end" : 1778 }, 
        {"sofa" : 1,  "begin" : 1778,  "end" : 1779 }, 
        {"sofa" : 1,  "begin" : 1780,  "end" : 1783 }, 
        {"sofa" : 1,  "begin" : 1783,  "end" : 1784 }, 
        {"sofa" : 1,  "begin" : 1785,  "end" : 1788 }, 
        {"sofa" : 1,  "begin" : 1789,  "end" : 1792 }, 
        {"sofa" : 1,  "begin" : 1793,  "end" : 1794 }, 
        {"sofa" : 1,  "begin" : 1795,  "end" : 1800 }, 
        {"sofa" : 1,  "begin" : 1801,  "end" : 1808 }, 
        {"sofa" : 1,  "begin" : 1808,  "end" : 1809 }, 
        {"sofa" : 1,  "begin" : 1810,  "end" : 1813 }, 
        {"sofa" : 1,  "begin" : 1814,  "end" : 1815 }, 
        {"sofa" : 1,  "begin" : 1816,  "end" : 1823 }, 
        {"sofa" : 1,  "begin" : 1824,  "end" : 1828 }, 
        {"sofa" : 1,  "begin" : 1828,  "end" : 1829 }, 
        {"sofa" : 1,  "begin" : 1830,  "end" : 1833 }, 
        {"sofa" : 1,  "begin" : 1834,  "end" : 1836 }, 
        {"sofa" : 1,  "begin" : 1837,  "end" : 1846 }, 
        {"sofa" : 1,  "begin" : 1846,  "end" : 1847 }, 
        {"sofa" : 1,  "begin" : 1849,  "end" : 1852 }, 
        {"sofa" : 1,  "begin" : 1852,  "end" : 1853 }, 
        {"sofa" : 1,  "begin" : 1854,  "end" : 1857 }, 
        {"sofa" : 1,  "begin" : 1858,  "end" : 1861 }, 
        {"sofa" : 1,  "begin" : 1862,  "end" : 1866 }, 
        {"sofa" : 1,  "begin" : 1867,  "end" : 1871 }, 
        {"sofa" : 1,  "begin" : 1871,  "end" : 1872 }, 
        {"sofa" : 1,  "begin" : 1872,  "end" : 1873 }, 
        {"sofa" : 1,  "begin" : 1873,  "end" : 1877 }, 
        {"sofa" : 1,  "begin" : 1877,  "end" : 1878 }, 
        {"sofa" : 1,  "begin" : 1879,  "end" : 1882 }, 
        {"sofa" : 1,  "begin" : 1883,  "end" : 1885 }, 
        {"sofa" : 1,  "begin" : 1886,  "end" : 1889 }, 
        {"sofa" : 1,  "begin" : 1890,  "end" : 1893 }, 
        {"sofa" : 1,  "begin" : 1894,  "end" : 1896 }, 
        {"sofa" : 1,  "begin" : 1897,  "end" : 1900 }, 
        {"sofa" : 1,  "begin" : 1901,  "end" : 1907 }, 
        {"sofa" : 1,  "begin" : 1908,  "end" : 1915 }, 
        {"sofa" : 1,  "begin" : 1915,  "end" : 1916 }, 
        {"sofa" : 1,  "begin" : 1917,  "end" : 1920 }, 
        {"sofa" : 1,  "begin" : 1921,  "end" : 1924 }, 
        {"sofa" : 1,  "begin" : 1925,  "end" : 1928 }, 
        {"sofa" : 1,  "begin" : 1929,  "end" : 1933 }, 
        {"sofa" : 1,  "begin" : 1934,  "end" : 1939 }, 
        {"sofa" : 1,  "begin" : 1939,  "end" : 1940 }, 
        {"sofa" : 1,  "begin" : 1942,  "end" : 1943 }, 
        {"sofa" : 1,  "begin" : 1943,  "end" : 1947 }, 
        {"sofa" : 1,  "begin" : 1948,  "end" : 1951 }, 
        {"sofa" : 1,  "begin" : 1952,  "end" : 1955 }, 
        {"sofa" : 1,  "begin" : 1956,  "end" : 1958 }, 
        {"sofa" : 1,  "begin" : 1959,  "end" : 1962 }, 
        {"sofa" : 1,  "begin" : 1963,  "end" : 1969 }, 
        {"sofa" : 1,  "begin" : 1969,  "end" : 1970 }, 
        {"sofa" : 1,  "begin" : 1972,  "end" : 1977 }, 
        {"sofa" : 1,  "begin" : 1977,  "end" : 1978 }, 
        {"sofa" : 1,  "begin" : 1979,  "end" : 1982 }, 
        {"sofa" : 1,  "begin" : 1983,  "end" : 1988 }, 
        {"sofa" : 1,  "begin" : 1989,  "end" : 1991 }, 
        {"sofa" : 1,  "begin" : 1992,  "end" : 1997 }, 
        {"sofa" : 1,  "begin" : 1997,  "end" : 1998 }, 
        {"sofa" : 1,  "begin" : 1999,  "end" : 2008 }, 
        {"sofa" : 1,  "begin" : 2008,  "end" : 2009 }, 
        {"sofa" : 1,  "begin" : 2010,  "end" : 2013 }, 
        {"sofa" : 1,  "begin" : 2014,  "end" : 2020 }, 
        {"sofa" : 1,  "begin" : 2020,  "end" : 2021 }, 
        {"sofa" : 1,  "begin" : 2022,  "end" : 2025 }, 
        {"sofa" : 1,  "begin" : 2026,  "end" : 2031 }, 
        {"sofa" : 1,  "begin" : 2031,  "end" : 2032 }, 
        {"sofa" : 1,  "begin" : 2034,  "end" : 2037 }, 
        {"sofa" : 1,  "begin" : 2037,  "end" : 2038 }, 
        {"sofa" : 1,  "begin" : 2039,  "end" : 2042 }, 
        {"sofa" : 1,  "begin" : 2042,  "end" : 2043 }, 
        {"sofa" : 1,  "begin" : 2044,  "end" : 2048 }, 
        {"sofa" : 1,  "begin" : 2049,  "end" : 2051 }, 
        {"sofa" : 1,  "begin" : 2052,  "end" : 2056 }, 
        {"sofa" : 1,  "begin" : 2057,  "end" : 2059 }, 
        {"sofa" : 1,  "begin" : 2060,  "end" : 2063 }, 
        {"sofa" : 1,  "begin" : 2063,  "end" : 2064 }, 
        {"sofa" : 1,  "begin" : 2065,  "end" : 2067 }, 
        {"sofa" : 1,  "begin" : 2068,  "end" : 2071 }, 
        {"sofa" : 1,  "begin" : 2072,  "end" : 2075 }, 
        {"sofa" : 1,  "begin" : 2076,  "end" : 2083 }, 
        {"sofa" : 1,  "begin" : 2084,  "end" : 2086 }, 
        {"sofa" : 1,  "begin" : 2087,  "end" : 2090 }, 
        {"sofa" : 1,  "begin" : 2091,  "end" : 2097 }, 
        {"sofa" : 1,  "begin" : 2098,  "end" : 2100 }, 
        {"sofa" : 1,  "begin" : 2101,  "end" : 2104 }, 
        {"sofa" : 1,  "begin" : 2105,  "end" : 2109 }, 
        {"sofa" : 1,  "begin" : 2110,  "end" : 2114 }, 
        {"sofa" : 1,  "begin" : 2114,  "end" : 2115 }, 
        {"sofa" : 1,  "begin" : 2116,  "end" : 2118 }, 
        {"sofa" : 1,  "begin" : 2119,  "end" : 2122 }, 
        {"sofa" : 1,  "begin" : 2123,  "end" : 2127 }, 
        {"sofa" : 1,  "begin" : 2128,  "end" : 2129 }, 
        {"sofa" : 1,  "begin" : 2130,  "end" : 2134 }, 
        {"sofa" : 1,  "begin" : 2135,  "end" : 2137 }, 
        {"sofa" : 1,  "begin" : 2138,  "end" : 2143 }, 
        {"sofa" : 1,  "begin" : 2144,  "end" : 2147 }, 
        {"sofa" : 1,  "begin" : 2147,  "end" : 2148 }, 
        {"sofa" : 1,  "begin" : 2149,  "end" : 2153 }, 
        {"sofa" : 1,  "begin" : 2154,  "end" : 2162 }, 
        {"sofa" : 1,  "begin" : 2163,  "end" : 2166 }, 
        {"sofa" : 1,  "begin" : 2167,  "end" : 2172 }, 
        {"sofa" : 1,  "begin" : 2173,  "end" : 2179 }, 
        {"sofa" : 1,  "begin" : 2180,  "end" : 2182 }, 
        {"sofa" : 1,  "begin" : 2183,  "end" : 2187 }, 
        {"sofa" : 1,  "begin" : 2188,  "end" : 2191 }, 
        {"sofa" : 1,  "begin" : 2191,  "end" : 2192 }, 
        {"sofa" : 1,  "begin" : 2193,  "end" : 2196 }, 
        {"sofa" : 1,  "begin" : 2197,  "end" : 2200 }, 
        {"sofa" : 1,  "begin" : 2201,  "end" : 2206 }, 
        {"sofa" : 1,  "begin" : 2206,  "end" : 2207 }, 
        {"sofa" : 1,  "begin" : 2208,  "end" : 2211 }, 
        {"sofa" : 1,  "begin" : 2211,  "end" : 2212 }, 
        {"sofa" : 1,  "begin" : 2214,  "end" : 2218 }, 
        {"sofa" : 1,  "begin" : 2218,  "end" : 2219 }, 
        {"sofa" : 1,  "begin" : 2220,  "end" : 2223 }, 
        {"sofa" : 1,  "begin" : 2224,  "end" : 2227 }, 
        {"sofa" : 1,  "begin" : 2227,  "end" : 2228 }, 
        {"sofa" : 1,  "begin" : 2229,  "end" : 2234 }, 
        {"sofa" : 1,  "begin" : 2234,  "end" : 2235 }, 
        {"sofa" : 1,  "begin" : 2237,  "end" : 2242 }, 
        {"sofa" : 1,  "begin" : 2242,  "end" : 2243 }, 
        {"sofa" : 1,  "begin" : 2244,  "end" : 2246 }, 
        {"sofa" : 1,  "begin" : 2247,  "end" : 2249 }, 
        {"sofa" : 1,  "begin" : 2250,  "end" : 2252 }, 
        {"sofa" : 1,  "begin" : 2253,  "end" : 2259 }, 
        {"sofa" : 1,  "begin" : 2260,  "end" : 2263 }, 
        {"sofa" : 1,  "begin" : 2263,  "end" : 2264 }, 
        {"sofa" : 1,  "begin" : 2265,  "end" : 2269 }, 
        {"sofa" : 1,  "begin" : 2270,  "end" : 2273 }, 
        {"sofa" : 1,  "begin" : 2274,  "end" : 2278 }, 
        {"sofa" : 1,  "begin" : 2279,  "end" : 2282 }, 
        {"sofa" : 1,  "begin" : 2282,  "end" : 2283 }, 
        {"sofa" : 1,  "begin" : 2285,  "end" : 2289 }, 
        {"sofa" : 1,  "begin" : 2289,  "end" : 2290 }, 
        {"sofa" : 1,  "begin" : 2291,  "end" : 2294 }, 
        {"sofa" : 1,  "begin" : 2294,  "end" : 2295 }, 
        {"sofa" : 1,  "begin" : 2296,  "end" : 2297 }, 
        {"sofa" : 1,  "begin" : 2297,  "end" : 2298 }, 
        {"sofa" : 1,  "begin" : 2298,  "end" : 2300 }, 
        {"sofa" : 1,  "begin" : 2301,  "end" : 2304 }, 
        {"sofa" : 1,  "begin" : 2305,  "end" : 2311 }, 
        {"sofa" : 1,  "begin" : 2312,  "end" : 2315 }, 
        {"sofa" : 1,  "begin" : 2315,  "end" : 2316 }, 
        {"sofa" : 1,  "begin" : 2317,  "end" : 2322 }, 
        {"sofa" : 1,  "begin" : 2322,  "end" : 2323 }, 
        {"sofa" : 1,  "begin" : 2324,  "end" : 2325 }, 
        {"sofa" : 1,  "begin" : 2326,  "end" : 2333 }, 
        {"sofa" : 1,  "begin" : 2334,  "end" : 2337 }, 
        {"sofa" : 1,  "begin" : 2338,  "end" : 2341 }, 
        {"sofa" : 1,  "begin" : 2342,  "end" : 2345 }, 
        {"sofa" : 1,  "begin" : 2346,  "end" : 2351 }, 
        {"sofa" : 1,  "begin" : 2352,  "end" : 2354 }, 
        {"sofa" : 1,  "begin" : 2355,  "end" : 2357 }, 
        {"sofa" : 1,  "begin" : 2358,  "end" : 2362 }, 
        {"sofa" : 1,  "begin" : 2362,  "end" : 2363 }, 
        {"sofa" : 1,  "begin" : 2365,  "end" : 2370 }, 
        {"sofa" : 1,  "begin" : 2370,  "end" : 2371 }, 
        {"sofa" : 1,  "begin" : 2372,  "end" : 2375 }, 
        {"sofa" : 1,  "begin" : 2376,  "end" : 2378 }, 
        {"sofa" : 1,  "begin" : 2379,  "end" : 2381 }, 
        {"sofa" : 1,  "begin" : 2382,  "end" : 2386 }, 
        {"sofa" : 1,  "begin" : 2386,  "end" : 2387 }, 
        {"sofa" : 1,  "begin" : 2388,  "end" : 2391 }, 
        {"sofa" : 1,  "begin" : 2392,  "end" : 2395 }, 
        {"sofa" : 1,  "begin" : 2396,  "end" : 2399 }, 
        {"sofa" : 1,  "begin" : 2399,  "end" : 2400 }, 
        {"sofa" : 1,  "begin" : 2401,  "end" : 2405 }, 
        {"sofa" : 1,  "begin" : 2406,  "end" : 2409 }, 
        {"sofa" : 1,  "begin" : 2410,  "end" : 2414 }, 
        {"sofa" : 1,  "begin" : 2415,  "end" : 2419 }, 
        {"sofa" : 1,  "begin" : 2420,  "end" : 2428 }, 
        {"sofa" : 1,  "begin" : 2428,  "end" : 2429 }, 
        {"sofa" : 1,  "begin" : 2430,  "end" : 2432 }, 
        {"sofa" : 1,  "begin" : 2433,  "end" : 2436 }, 
        {"sofa" : 1,  "begin" : 2437,  "end" : 2441 }, 
        {"sofa" : 1,  "begin" : 2442,  "end" : 2445 }, 
        {"sofa" : 1,  "begin" : 2445,  "end" : 2446 }, 
        {"sofa" : 1,  "begin" : 2448,  "end" : 2452 }, 
        {"sofa" : 1,  "begin" : 2452,  "end" : 2453 }, 
        {"sofa" : 1,  "begin" : 2454,  "end" : 2457 }, 
        {"sofa" : 1,  "begin" : 2458,  "end" : 2461 }, 
        {"sofa" : 1,  "begin" : 2462,  "end" : 2467 }, 
        {"sofa" : 1,  "begin" : 2467,  "end" : 2468 }, 
        {"sofa" : 1,  "begin" : 2469,  "end" : 2474 }, 
        {"sofa" : 1,  "begin" : 2474,  "end" : 2475 }, 
        {"sofa" : 1,  "begin" : 2476,  "end" : 2480 }, 
        {"sofa" : 1,  "begin" : 2481,  "end" : 2485 }, 
        {"sofa" : 1,  "begin" : 2486,  "end" : 2489 }, 
        {"sofa" : 1,  "begin" : 2490,  "end" : 2493 }, 
        {"sofa" : 1,  "begin" : 2494,  "end" : 2498 }, 
        {"sofa" : 1,  "begin" : 2499,  "end" : 2505 }, 
        {"sofa" : 1,  "begin" : 2505,  "end" : 2506 }, 
        {"sofa" : 1,  "begin" : 2508,  "end" : 2513 }, 
        {"sofa" : 1,  "begin" : 2514,  "end" : 2521 }, 
        {"sofa" : 1,  "begin" : 2521,  "end" : 2522 }, 
        {"sofa" : 1,  "begin" : 2524,  "end" : 2527 }, 
        {"sofa" : 1,  "begin" : 2527,  "end" : 2528 }, 
        {"sofa" : 1,  "begin" : 2529,  "end" : 2532 }, 
        {"sofa" : 1,  "begin" : 2533,  "end" : 2536 }, 
        {"sofa" : 1,  "begin" : 2536,  "end" : 2537 }, 
        {"sofa" : 1,  "begin" : 2538,  "end" : 2547 }, 
        {"sofa" : 1,  "begin" : 2548,  "end" : 2555 }, 
        {"sofa" : 1,  "begin" : 2555,  "end" : 2556 }, 
        {"sofa" : 1,  "begin" : 2557,  "end" : 2561 }, 
        {"sofa" : 1,  "begin" : 2562,  "end" : 2566 }, 
        {"sofa" : 1,  "begin" : 2567,  "end" : 2574 }, 
        {"sofa" : 1,  "begin" : 2575,  "end" : 2581 }, 
        {"sofa" : 1,  "begin" : 2581,  "end" : 2582 }, 
        {"sofa" : 1,  "begin" : 2582,  "end" : 2583 }, 
        {"sofa" : 1,  "begin" : 2584,  "end" : 2591 }, 
        {"sofa" : 1,  "begin" : 2592,  "end" : 2594 }, 
        {"sofa" : 1,  "begin" : 2595,  "end" : 2598 }, 
        {"sofa" : 1,  "begin" : 2599,  "end" : 2604 }, 
        {"sofa" : 1,  "begin" : 2605,  "end" : 2614 }, 
        {"sofa" : 1,  "begin" : 2614,  "end" : 2615 }, 
        {"sofa" : 1,  "begin" : 2617,  "end" : 2620 }, 
        {"sofa" : 1,  "begin" : 2620,  "end" : 2621 }, 
        {"sofa" : 1,  "begin" : 2622,  "end" : 2625 }, 
        {"sofa" : 1,  "begin" : 2625,  "end" : 2626 }, 
        {"sofa" : 1,  "begin" : 2627,  "end" : 2629 }, 
        {"sofa" : 1,  "begin" : 2630,  "end" : 2634 }, 
        {"sofa" : 1,  "begin" : 2635,  "end" : 2639 }, 
        {"sofa" : 1,  "begin" : 2640,  "end" : 2647 }, 
        {"sofa" : 1,  "begin" : 2647,  "end" : 2648 }, 
        {"sofa" : 1,  "begin" : 2649,  "end" : 2653 }, 
        {"sofa" : 1,  "begin" : 2654,  "end" : 2660 }, 
        {"sofa" : 1,  "begin" : 2661,  "end" : 2663 }, 
        {"sofa" : 1,  "begin" : 2664,  "end" : 2667 }, 
        {"sofa" : 1,  "begin" : 2667,  "end" : 2668 }, 
        {"sofa" : 1,  "begin" : 2669,  "end" : 2671 }, 
        {"sofa" : 1,  "begin" : 2672,  "end" : 2677 }, 
        {"sofa" : 1,  "begin" : 2678,  "end" : 2684 }, 
        {"sofa" : 1,  "begin" : 2685,  "end" : 2687 }, 
        {"sofa" : 1,  "begin" : 2688,  "end" : 2691 }, 
        {"sofa" : 1,  "begin" : 2691,  "end" : 2692 }, 
        {"sofa" : 1,  "begin" : 2693,  "end" : 2695 }, 
        {"sofa" : 1,  "begin" : 2696,  "end" : 2698 }, 
        {"sofa" : 1,  "begin" : 2699,  "end" : 2702 }, 
        {"sofa" : 1,  "begin" : 2703,  "end" : 2705 }, 
        {"sofa" : 1,  "begin" : 2706,  "end" : 2708 }, 
        {"sofa" : 1,  "begin" : 2709,  "end" : 2714 }, 
        {"sofa" : 1,  "begin" : 2714,  "end" : 2715 }, 
        {"sofa" : 1,  "begin" : 2716,  "end" : 2719 }, 
        {"sofa" : 1,  "begin" : 2719,  "end" : 2720 }, 
        {"sofa" : 1,  "begin" : 2721,  "end" : 2723 }, 
        {"sofa" : 1,  "begin" : 2724,  "end" : 2727 }, 
        {"sofa" : 1,  "begin" : 2728,  "end" : 2731 }, 
        {"sofa" : 1,  "begin" : 2732,  "end" : 2736 }, 
        {"sofa" : 1,  "begin" : 2737,  "end" : 2741 }, 
        {"sofa" : 1,  "begin" : 2742,  "end" : 2744 }, 
        {"sofa" : 1,  "begin" : 2745,  "end" : 2748 }, 
        {"sofa" : 1,  "begin" : 2749,  "end" : 2753 }, 
        {"sofa" : 1,  "begin" : 2754,  "end" : 2758 }, 
        {"sofa" : 1,  "begin" : 2759,  "end" : 2762 }, 
        {"sofa" : 1,  "begin" : 2763,  "end" : 2767 }, 
        {"sofa" : 1,  "begin" : 2768,  "end" : 2777 }, 
        {"sofa" : 1,  "begin" : 2778,  "end" : 2781 }, 
        {"sofa" : 1,  "begin" : 2781,  "end" : 2782 }, 
        {"sofa" : 1,  "begin" : 2783,  "end" : 2788 }, 
        {"sofa" : 1,  "begin" : 2789,  "end" : 2794 }, 
        {"sofa" : 1,  "begin" : 2795,  "end" : 2800 }, 
        {"sofa" : 1,  "begin" : 2801,  "end" : 2802 }, 
        {"sofa" : 1,  "begin" : 2803,  "end" : 2808 }, 
        {"sofa" : 1,  "begin" : 2809,  "end" : 2810 }, 
        {"sofa" : 1,  "begin" : 2810,  "end" : 2811 }, 
        {"sofa" : 1,  "begin" : 2812,  "end" : 2815 }, 
        {"sofa" : 1,  "begin" : 2816,  "end" : 2823 }, 
        {"sofa" : 1,  "begin" : 2823,  "end" : 2824 }, 
        {"sofa" : 1,  "begin" : 2825,  "end" : 2828 }, 
        {"sofa" : 1,  "begin" : 2829,  "end" : 2835 }, 
        {"sofa" : 1,  "begin" : 2836,  "end" : 2840 }, 
        {"sofa" : 1,  "begin" : 2841,  "end" : 2844 }, 
        {"sofa" : 1,  "begin" : 2845,  "end" : 2849 }, 
        {"sofa" : 1,  "begin" : 2850,  "end" : 2852 }, 
        {"sofa" : 1,  "begin" : 2853,  "end" : 2858 }, 
        {"sofa" : 1,  "begin" : 2859,  "end" : 2861 }, 
        {"sofa" : 1,  "begin" : 2861,  "end" : 2862 }, 
        {"sofa" : 1,  "begin" : 2862,  "end" : 2863 }, 
        {"sofa" : 1,  "begin" : 2863,  "end" : 2864 }, 
        {"sofa" : 1,  "begin" : 2865,  "end" : 2870 }, 
        {"sofa" : 1,  "begin" : 2871,  "end" : 2873 }, 
        {"sofa" : 1,  "begin" : 2874,  "end" : 2876 }, 
        {"sofa" : 1,  "begin" : 2877,  "end" : 2882 }, 
        {"sofa" : 1,  "begin" : 2883,  "end" : 2885 }, 
        {"sofa" : 1,  "begin" : 2886,  "end" : 2897 }, 
        {"sofa" : 1,  "begin" : 2898,  "end" : 2901 }, 
        {"sofa" : 1,  "begin" : 2901,  "end" : 2902 }, 
        {"sofa" : 1,  "begin" : 2903,  "end" : 2907 }, 
        {"sofa" : 1,  "begin" : 2908,  "end" : 2912 }, 
        {"sofa" : 1,  "begin" : 2913,  "end" : 2915 }, 
        {"sofa" : 1,  "begin" : 2916,  "end" : 2922 }, 
        {"sofa" : 1,  "begin" : 2922,  "end" : 2923 }, 
        {"sofa" : 1,  "begin" : 2923,  "end" : 2924 }, 
        {"sofa" : 1,  "begin" : 2924,  "end" : 2925 }, 
        {"sofa" : 1,  "begin" : 2927,  "end" : 2932 }, 
        {"sofa" : 1,  "begin" : 2933,  "end" : 2939 }, 
        {"sofa" : 1,  "begin" : 2940,  "end" : 2942 }, 
        {"sofa" : 1,  "begin" : 2943,  "end" : 2946 }, 
        {"sofa" : 1,  "begin" : 2947,  "end" : 2952 }, 
        {"sofa" : 1,  "begin" : 2953,  "end" : 2957 }, 
        {"sofa" : 1,  "begin" : 2958,  "end" : 2962 }, 
        {"sofa" : 1,  "begin" : 2962,  "end" : 2963 }, 
        {"sofa" : 1,  "begin" : 2965,  "end" : 2968 }, 
        {"sofa" : 1,  "begin" : 2968,  "end" : 2969 }, 
        {"sofa" : 1,  "begin" : 2970,  "end" : 2974 }, 
        {"sofa" : 1,  "begin" : 2975,  "end" : 2980 }, 
        {"sofa" : 1,  "begin" : 2981,  "end" : 2983 }, 
        {"sofa" : 1,  "begin" : 2984,  "end" : 2988 }, 
        {"sofa" : 1,  "begin" : 2989,  "end" : 2993 }, 
        {"sofa" : 1,  "begin" : 2994,  "end" : 2998 }, 
        {"sofa" : 1,  "begin" : 2998,  "end" : 2999 }, 
        {"sofa" : 1,  "begin" : 3000,  "end" : 3004 }, 
        {"sofa" : 1,  "begin" : 3004,  "end" : 3005 }, 
        {"sofa" : 1,  "begin" : 3006,  "end" : 3008 }, 
        {"sofa" : 1,  "begin" : 3009,  "end" : 3013 }, 
        {"sofa" : 1,  "begin" : 3014,  "end" : 3024 }, 
        {"sofa" : 1,  "begin" : 3024,  "end" : 3025 }, 
        {"sofa" : 1,  "begin" : 3027,  "end" : 3030 }, 
        {"sofa" : 1,  "begin" : 3030,  "end" : 3031 }, 
        {"sofa" : 1,  "begin" : 3032,  "end" : 3033 }, 
        {"sofa" : 1,  "begin" : 3034,  "end" : 3039 }, 
        {"sofa" : 1,  "begin" : 3040,  "end" : 3042 }, 
        {"sofa" : 1,  "begin" : 3043,  "end" : 3047 }, 
        {"sofa" : 1,  "begin" : 3048,  "end" : 3052 }, 
        {"sofa" : 1,  "begin" : 3053,  "end" : 3056 }, 
        {"sofa" : 1,  "begin" : 3057,  "end" : 3061 }, 
        {"sofa" : 1,  "begin" : 3062,  "end" : 3064 }, 
        {"sofa" : 1,  "begin" : 3065,  "end" : 3068 }, 
        {"sofa" : 1,  "begin" : 3069,  "end" : 3075 }, 
        {"sofa" : 1,  "begin" : 3076,  "end" : 3078 }, 
        {"sofa" : 1,  "begin" : 3079,  "end" : 3089 }, 
        {"sofa" : 1,  "begin" : 3090,  "end" : 3091 }, 
        {"sofa" : 1,  "begin" : 3091,  "end" : 3096 }, 
        {"sofa" : 1,  "begin" : 3097,  "end" : 3101 }, 
        {"sofa" : 1,  "begin" : 3102,  "end" : 3106 }, 
        {"sofa" : 1,  "begin" : 3107,  "end" : 3109 }, 
        {"sofa" : 1,  "begin" : 3110,  "end" : 3114 }, 
        {"sofa" : 1,  "begin" : 3115,  "end" : 3117 }, 
        {"sofa" : 1,  "begin" : 3118,  "end" : 3128 }, 
        {"sofa" : 1,  "begin" : 3128,  "end" : 3129 }, 
        {"sofa" : 1,  "begin" : 3130,  "end" : 3133 }, 
        {"sofa" : 1,  "begin" : 3134,  "end" : 3137 }, 
        {"sofa" : 1,  "begin" : 3138,  "end" : 3144 }, 
        {"sofa" : 1,  "begin" : 3145,  "end" : 3147 }, 
        {"sofa" : 1,  "begin" : 3148,  "end" : 3150 }, 
        {"sofa" : 1,  "begin" : 3151,  "end" : 3155 }, 
        {"sofa" : 1,  "begin" : 3155,  "end" : 3156 }, 
        {"sofa" : 1,  "begin" : 3157,  "end" : 3159 }, 
        {"sofa" : 1,  "begin" : 3160,  "end" : 3164 }, 
        {"sofa" : 1,  "begin" : 3165,  "end" : 3166 }, 
        {"sofa" : 1,  "begin" : 3167,  "end" : 3172 }, 
        {"sofa" : 1,  "begin" : 3172,  "end" : 3173 }, 
        {"sofa" : 1,  "begin" : 3174,  "end" : 3178 }, 
        {"sofa" : 1,  "begin" : 3179,  "end" : 3182 }, 
        {"sofa" : 1,  "begin" : 3183,  "end" : 3190 }, 
        {"sofa" : 1,  "begin" : 3191,  "end" : 3195 }, 
        {"sofa" : 1,  "begin" : 3195,  "end" : 3196 }, 
        {"sofa" : 1,  "begin" : 3198,  "end" : 3201 }, 
        {"sofa" : 1,  "begin" : 3201,  "end" : 3202 }, 
        {"sofa" : 1,  "begin" : 3203,  "end" : 3205 }, 
        {"sofa" : 1,  "begin" : 3206,  "end" : 3208 }, 
        {"sofa" : 1,  "begin" : 3209,  "end" : 3212 }, 
        {"sofa" : 1,  "begin" : 3213,  "end" : 3214 }, 
        {"sofa" : 1,  "begin" : 3215,  "end" : 3219 }, 
        {"sofa" : 1,  "begin" : 3220,  "end" : 3226 }, 
        {"sofa" : 1,  "begin" : 3227,  "end" : 3229 }, 
        {"sofa" : 1,  "begin" : 3230,  "end" : 3232 }, 
        {"sofa" : 1,  "begin" : 3233,  "end" : 3235 }, 
        {"sofa" : 1,  "begin" : 3235,  "end" : 3236 }, 
        {"sofa" : 1,  "begin" : 3237,  "end" : 3246 }, 
        {"sofa" : 1,  "begin" : 3247,  "end" : 3254 }, 
        {"sofa" : 1,  "begin" : 3254,  "end" : 3255 }, 
        {"sofa" : 1,  "begin" : 3256,  "end" : 3260 }, 
        {"sofa" : 1,  "begin" : 3260,  "end" : 3261 }, 
        {"sofa" : 1,  "begin" : 3262,  "end" : 3265 }, 
        {"sofa" : 1,  "begin" : 3265,  "end" : 3266 }, 
        {"sofa" : 1,  "begin" : 3267,  "end" : 3268 }, 
        {"sofa" : 1,  "begin" : 3268,  "end" : 3270 }, 
        {"sofa" : 1,  "begin" : 3271,  "end" : 3276 }, 
        {"sofa" : 1,  "begin" : 3276,  "end" : 3277 }, 
        {"sofa" : 1,  "begin" : 3277,  "end" : 3278 }, 
        {"sofa" : 1,  "begin" : 3279,  "end" : 3283 }, 
        {"sofa" : 1,  "begin" : 3284,  "end" : 3286 }, 
        {"sofa" : 1,  "begin" : 3287,  "end" : 3294 }, 
        {"sofa" : 1,  "begin" : 3295,  "end" : 3298 }, 
        {"sofa" : 1,  "begin" : 3299,  "end" : 3302 }, 
        {"sofa" : 1,  "begin" : 3302,  "end" : 3303 }, 
        {"sofa" : 1,  "begin" : 3304,  "end" : 3309 }, 
        {"sofa" : 1,  "begin" : 3310,  "end" : 3312 }, 
        {"sofa" : 1,  "begin" : 3313,  "end" : 3316 }, 
        {"sofa" : 1,  "begin" : 3317,  "end" : 3323 }, 
        {"sofa" : 1,  "begin" : 3323,  "end" : 3324 }, 
        {"sofa" : 1,  "begin" : 3326,  "end" : 3327 }, 
        {"sofa" : 1,  "begin" : 3327,  "end" : 3329 }, 
        {"sofa" : 1,  "begin" : 3330,  "end" : 3334 }, 
        {"sofa" : 1,  "begin" : 3335,  "end" : 3339 }, 
        {"sofa" : 1,  "begin" : 3340,  "end" : 3343 }, 
        {"sofa" : 1,  "begin" : 3344,  "end" : 3350 }, 
        {"sofa" : 1,  "begin" : 3350,  "end" : 3351 }, 
        {"sofa" : 1,  "begin" : 3352,  "end" : 3357 }, 
        {"sofa" : 1,  "begin" : 3358,  "end" : 3362 }, 
        {"sofa" : 1,  "begin" : 3363,  "end" : 3366 }, 
        {"sofa" : 1,  "begin" : 3367,  "end" : 3371 }, 
        {"sofa" : 1,  "begin" : 3372,  "end" : 3374 }, 
        {"sofa" : 1,  "begin" : 3375,  "end" : 3378 }, 
        {"sofa" : 1,  "begin" : 3379,  "end" : 3383 }, 
        {"sofa" : 1,  "begin" : 3383,  "end" : 3384 }, 
        {"sofa" : 1,  "begin" : 3385,  "end" : 3388 }, 
        {"sofa" : 1,  "begin" : 3389,  "end" : 3394 }, 
        {"sofa" : 1,  "begin" : 3395,  "end" : 3397 }, 
        {"sofa" : 1,  "begin" : 3398,  "end" : 3400 }, 
        {"sofa" : 1,  "begin" : 3401,  "end" : 3404 }, 
        {"sofa" : 1,  "begin" : 3405,  "end" : 3408 }, 
        {"sofa" : 1,  "begin" : 3409,  "end" : 3412 }, 
        {"sofa" : 1,  "begin" : 3412,  "end" : 3413 }, 
        {"sofa" : 1,  "begin" : 3415,  "end" : 3420 }, 
        {"sofa" : 1,  "begin" : 3420,  "end" : 3421 }, 
        {"sofa" : 1,  "begin" : 3422,  "end" : 3423 }, 
        {"sofa" : 1,  "begin" : 3424,  "end" : 3429 }, 
        {"sofa" : 1,  "begin" : 3430,  "end" : 3433 }, 
        {"sofa" : 1,  "begin" : 3434,  "end" : 3435 }, 
        {"sofa" : 1,  "begin" : 3436,  "end" : 3441 }, 
        {"sofa" : 1,  "begin" : 3442,  "end" : 3446 }, 
        {"sofa" : 1,  "begin" : 3447,  "end" : 3451 }, 
        {"sofa" : 1,  "begin" : 3452,  "end" : 3457 }, 
        {"sofa" : 1,  "begin" : 3458,  "end" : 3467 }, 
        {"sofa" : 1,  "begin" : 3468,  "end" : 3475 }, 
        {"sofa" : 1,  "begin" : 3475,  "end" : 3476 }, 
        {"sofa" : 1,  "begin" : 3477,  "end" : 3478 }, 
        {"sofa" : 1,  "begin" : 3478,  "end" : 3483 }, 
        {"sofa" : 1,  "begin" : 3483,  "end" : 3484 }, 
        {"sofa" : 1,  "begin" : 3486,  "end" : 3489 }, 
        {"sofa" : 1,  "begin" : 3489,  "end" : 3490 }, 
        {"sofa" : 1,  "begin" : 3491,  "end" : 3494 }, 
        {"sofa" : 1,  "begin" : 3495,  "end" : 3497 }, 
        {"sofa" : 1,  "begin" : 3498,  "end" : 3502 }, 
        {"sofa" : 1,  "begin" : 3503,  "end" : 3506 }, 
        {"sofa" : 1,  "begin" : 3506,  "end" : 3507 }, 
        {"sofa" : 1,  "begin" : 3508,  "end" : 3511 }, 
        {"sofa" : 1,  "begin" : 3511,  "end" : 3512 }, 
        {"sofa" : 1,  "begin" : 3513,  "end" : 3514 }, 
        {"sofa" : 1,  "begin" : 3514,  "end" : 3516 }, 
        {"sofa" : 1,  "begin" : 3517,  "end" : 3521 }, 
        {"sofa" : 1,  "begin" : 3521,  "end" : 3522 }, 
        {"sofa" : 1,  "begin" : 3524,  "end" : 3528 }, 
        {"sofa" : 1,  "begin" : 3528,  "end" : 3529 }, 
        {"sofa" : 1,  "begin" : 3530,  "end" : 3534 }, 
        {"sofa" : 1,  "begin" : 3534,  "end" : 3535 }, 
        {"sofa" : 1,  "begin" : 3536,  "end" : 3541 }, 
        {"sofa" : 1,  "begin" : 3542,  "end" : 3546 }, 
        {"sofa" : 1,  "begin" : 3546,  "end" : 3547 }, 
        {"sofa" : 1,  "begin" : 3548,  "end" : 3550 }, 
        {"sofa" : 1,  "begin" : 3551,  "end" : 3553 }, 
        {"sofa" : 1,  "begin" : 3554,  "end" : 3558 }, 
        {"sofa" : 1,  "begin" : 3558,  "end" : 3559 }, 
        {"sofa" : 1,  "begin" : 3561,  "end" : 3565 }, 
        {"sofa" : 1,  "begin" : 3565,  "end" : 3566 }, 
        {"sofa" : 1,  "begin" : 3567,  "end" : 3568 }, 
        {"sofa" : 1,  "begin" : 3569,  "end" : 3571 }, 
        {"sofa" : 1,  "begin" : 3572,  "end" : 3576 }, 
        {"sofa" : 1,  "begin" : 3577,  "end" : 3581 }, 
        {"sofa" : 1,  "begin" : 3581,  "end" : 3582 }, 
        {"sofa" : 1,  "begin" : 3583,  "end" : 3586 }, 
        {"sofa" : 1,  "begin" : 3587,  "end" : 3591 }, 
        {"sofa" : 1,  "begin" : 3592,  "end" : 3595 }, 
        {"sofa" : 1,  "begin" : 3596,  "end" : 3600 }, 
        {"sofa" : 1,  "begin" : 3600,  "end" : 3601 }, 
        {"sofa" : 1,  "begin" : 3602,  "end" : 3605 }, 
        {"sofa" : 1,  "begin" : 3606,  "end" : 3608 }, 
        {"sofa" : 1,  "begin" : 3609,  "end" : 3615 }, 
        {"sofa" : 1,  "begin" : 3616,  "end" : 3620 }, 
        {"sofa" : 1,  "begin" : 3620,  "end" : 3621 }, 
        {"sofa" : 1,  "begin" : 3622,  "end" : 3623 }, 
        {"sofa" : 1,  "begin" : 3624,  "end" : 3626 }, 
        {"sofa" : 1,  "begin" : 3627,  "end" : 3631 }, 
        {"sofa" : 1,  "begin" : 3632,  "end" : 3634 }, 
        {"sofa" : 1,  "begin" : 3635,  "end" : 3637 }, 
        {"sofa" : 1,  "begin" : 3638,  "end" : 3642 }, 
        {"sofa" : 1,  "begin" : 3643,  "end" : 3652 }, 
        {"sofa" : 1,  "begin" : 3653,  "end" : 3657 }, 
        {"sofa" : 1,  "begin" : 3658,  "end" : 3661 }, 
        {"sofa" : 1,  "begin" : 3662,  "end" : 3669 }, 
        {"sofa" : 1,  "begin" : 3670,  "end" : 3672 }, 
        {"sofa" : 1,  "begin" : 3673,  "end" : 3676 }, 
        {"sofa" : 1,  "begin" : 3677,  "end" : 3681 }, 
        {"sofa" : 1,  "begin" : 3681,  "end" : 3682 }, 
        {"sofa" : 1,  "begin" : 3683,  "end" : 3686 }, 
        {"sofa" : 1,  "begin" : 3687,  "end" : 3690 }, 
        {"sofa" : 1,  "begin" : 3691,  "end" : 3696 }, 
        {"sofa" : 1,  "begin" : 3697,  "end" : 3699 }, 
        {"sofa" : 1,  "begin" : 3700,  "end" : 3703 }, 
        {"sofa" : 1,  "begin" : 3704,  "end" : 3710 }, 
        {"sofa" : 1,  "begin" : 3710,  "end" : 3711 }, 
        {"sofa" : 1,  "begin" : 3712,  "end" : 3715 }, 
        {"sofa" : 1,  "begin" : 3716,  "end" : 3719 }, 
        {"sofa" : 1,  "begin" : 3720,  "end" : 3724 }, 
        {"sofa" : 1,  "begin" : 3725,  "end" : 3730 }, 
        {"sofa" : 1,  "begin" : 3730,  "end" : 3731 }, 
        {"sofa" : 1,  "begin" : 3733,  "end" : 3738 }, 
        {"sofa" : 1,  "begin" : 3738,  "end" : 3739 }, 
        {"sofa" : 1,  "begin" : 3740,  "end" : 3744 }, 
        {"sofa" : 1,  "begin" : 3745,  "end" : 3748 }, 
        {"sofa" : 1,  "begin" : 3749,  "end" : 3752 }, 
        {"sofa" : 1,  "begin" : 3752,  "end" : 3753 }, 
        {"sofa" : 1,  "begin" : 3754,  "end" : 3757 }, 
        {"sofa" : 1,  "begin" : 3757,  "end" : 3758 }, 
        {"sofa" : 1,  "begin" : 3760,  "end" : 3764 }, 
        {"sofa" : 1,  "begin" : 3764,  "end" : 3765 }, 
        {"sofa" : 1,  "begin" : 3766,  "end" : 3769 }, 
        {"sofa" : 1,  "begin" : 3770,  "end" : 3774 }, 
        {"sofa" : 1,  "begin" : 3775,  "end" : 3784 }, 
        {"sofa" : 1,  "begin" : 3785,  "end" : 3787 }, 
        {"sofa" : 1,  "begin" : 3788,  "end" : 3791 }, 
        {"sofa" : 1,  "begin" : 3792,  "end" : 3802 }, 
        {"sofa" : 1,  "begin" : 3802,  "end" : 3803 }, 
        {"sofa" : 1,  "begin" : 3804,  "end" : 3807 }, 
        {"sofa" : 1,  "begin" : 3808,  "end" : 3815 }, 
        {"sofa" : 1,  "begin" : 3816,  "end" : 3820 }, 
        {"sofa" : 1,  "begin" : 3821,  "end" : 3823 }, 
        {"sofa" : 1,  "begin" : 3824,  "end" : 3832 }, 
        {"sofa" : 1,  "begin" : 3833,  "end" : 3836 }, 
        {"sofa" : 1,  "begin" : 3837,  "end" : 3848 }, 
        {"sofa" : 1,  "begin" : 3849,  "end" : 3851 }, 
        {"sofa" : 1,  "begin" : 3852,  "end" : 3857 }, 
        {"sofa" : 1,  "begin" : 3858,  "end" : 3861 }, 
        {"sofa" : 1,  "begin" : 3862,  "end" : 3871 }, 
        {"sofa" : 1,  "begin" : 3871,  "end" : 3872 }, 
        {"sofa" : 1,  "begin" : 3873,  "end" : 3878 }, 
        {"sofa" : 1,  "begin" : 3879,  "end" : 3882 }, 
        {"sofa" : 1,  "begin" : 3883,  "end" : 3895 }, 
        {"sofa" : 1,  "begin" : 3895,  "end" : 3896 }, 
        {"sofa" : 1,  "begin" : 3897,  "end" : 3900 }, 
        {"sofa" : 1,  "begin" : 3901,  "end" : 3905 }, 
        {"sofa" : 1,  "begin" : 3906,  "end" : 3910 }, 
        {"sofa" : 1,  "begin" : 3911,  "end" : 3914 }, 
        {"sofa" : 1,  "begin" : 3915,  "end" : 3920 }, 
        {"sofa" : 1,  "begin" : 3921,  "end" : 3924 }, 
        {"sofa" : 1,  "begin" : 3925,  "end" : 3928 }, 
        {"sofa" : 1,  "begin" : 3929,  "end" : 3940 }, 
        {"sofa" : 1,  "begin" : 3941,  "end" : 3943 }, 
        {"sofa" : 1,  "begin" : 3944,  "end" : 3949 }, 
        {"sofa" : 1,  "begin" : 3950,  "end" : 3956 }, 
        {"sofa" : 1,  "begin" : 3956,  "end" : 3957 } ] } }, 
  "_referenced_fss" : {
    "1" : {"_type" : "Sofa",  "sofaNum" : 1,  "sofaID" : "_InitialView",  "mimeType" : "text",  "sofaString" : "OVERDO in the stocks. People, etc.\n\nEnter QUARLOUS with the license, and EDGWORTH.\n\nQuar. Well, sir, you are now discharged; beware of being spied hereafter.\n\nEdg. Sir, will it please you, enter in here at Ursula’s, and take part of a silken gown, a velvet petticoat, or a wrought smock; I am promised such, and I can spare a gentleman a moiety.\n\nQuar. Keep it for your companions in beastliness, I am none of them, sir. If I had not already forgiven you a greater trespass, or thought you yet worth my beating, I would instruct your manners, to whom you made your offers. But go your ways, talk not to me, the hangman is only fit to discourse with you; the hand of beadle is too merciful a punishment for your trade of life. [Exit Edgworth.]—I am sorry I employ’d this fellow, for he thinks me such; facinus quos inquinat, æquat. But it was for sport; and would I make it serious, the getting of this license is nothing to me, without other circumstances concur. I do think how impertinently I labour, if the word be not mine that the ragged fellow mark’d: and what advantage I have given Ned Winwife in this time now of working her, though it be mine. He’ll go near to form to her what a debauched rascal I am, and fright her out of all good conceit of me: I should do so by him, I am sure, if I had the opportunity. But my hope is in her temper yet; and it must needs be next to despair, that is grounded on any part of a woman’s discretion. I would give, by my troth now, all I could spare, to my clothes and my sword, to meet my tatter’d soothsayer again, who was my judge in the question, to know certainly whose word he has damn’d or saved; for till then I live but under a reprieve. I must seek him. Who be these?\n\nEnter BRISTLE and some of the Watch, with WASPE.\n\nWaspe. Sir, you are a Welsh cuckold, and a prating runt, and no constable.\n\nBri. You say very well.—Come, put in his leg in the middle roundel, and let him hole there.\n\n[They put him in the stocks.\n\nWaspe. You stink of leeks, metheglin, and cheese, you rogue.\n\nBri. Why, what is that to you, if you sit sweetly in the stocks in the mean time? if you have a mind to stink too, your breeches sit close enough to your bum. Sit you merry, sir.\n\nQuar. How now, Numps?\n\nWaspe. It is no matter how; pray you look off.\n\nQuar. Nay, I’ll not offend you, Numps; I thought you had sat there to be seen.\n\nWaspe. And to be sold, did you not? pray you mind your business, an you have any.\n\nQuar. Cry you mercy, Numps; does your leg lie high enough?\n\nEnter HAGGISE.\n\nBri. How now, neighbour Haggise, what says justice Overdo’s worship to the other offenders?\n\nHag. Why, he says just nothing; what should he say, or where should he say? He is not to be found, man; he has not been seen in the Fair here all this live-long day, never since seven a clock i’ the morning. His clerks know not what to think on’t. There is no court of Pie-poudres yet. Here they be return’d.\n\nEnter others of the Watch with BUSY.\n\nBri. What shall be done with them, then, in your discretion?\n\nHag. I think we were best put them in the stocks in discretion (there they will be safe in discretion) for the valour of an hour, or such a thing, till his worship come.\n\nBri. It is but a hole matter if we do, neighbour Haggise; come, sir, [to Waspe.] here is company for you; heave up the stocks.\n\n[As they open the stocks, Waspe puts his shoe on his hand, and slips it in for his leg.\n\nWaspe. I shall put a trick upon your Welsh diligence perhaps. [Aside.\n\nBri. Put in your leg, sir. [To Busy.\n\nQuar. What, rabbi Busy! is he come?\n\nBusy. I do obey thee; the lion may roar, but he cannot bite. I am glad to be thus separated from the heathen of the land, and put apart in the stocks, for the holy cause.\n\nWaspe. What are you, sir?\n\nBusy. One that rejoiceth in his affliction, and sitteth here to prophesy the destruction of fairs and May-games, wakes and Whitson-ales, and doth sigh and groan for the reformation of these abuses.\n" }, 
    "12975" : {"_type" : "Span",  "sofa" : 1,  "begin" : 1983,  "end" : 1988,  "label" : "Smell_Word" }, 
    "12980" : {"_type" : "Span",  "sofa" : 1,  "begin" : 1989,  "end" : 2020,  "label" : "Evoked_Odorant" }, 
    "12992" : {"_type" : "Span",  "sofa" : 1,  "begin" : 1979,  "end" : 1982,  "label" : "Smell_Source" }, 
    "13004" : {"_type" : "Span",  "sofa" : 1,  "begin" : 2026,  "end" : 2031,  "label" : "Quality" }, 
    "13016" : {"_type" : "Span",  "sofa" : 1,  "begin" : 2138,  "end" : 2143,  "label" : "Smell_Word" }, 
    "13021" : {"_type" : "Span",  "sofa" : 1,  "begin" : 2119,  "end" : 2122,  "label" : "Smell_Source" } } }