#FORMAT=WebAnno TSV 3.3


#Text=7 Iratusque est indignatione Dominus contra Ozam, et percussit eum super temeritate : qui mortuus est ibi juxta arcam Dei.
#Text=8 Contristatus est autem David, eo quod percussisset Dominus Ozam, et vocatum est nomen loci illius : Percussio Ozæ, usque in diem hanc.
#Text=9 Et extimuit David Dominum in die illa, dicens : Quomodo ingredietur ad me arca Domini ?
1-1	2-3	7	
1-2	4-13	Iratusque	
1-3	14-17	est	
1-4	18-30	indignatione	
1-5	31-38	Dominus	
1-6	39-45	contra	
1-7	46-50	Ozam	
1-8	50-51	,	
1-9	52-54	et	
1-10	55-64	percussit	
1-11	65-68	eum	
1-12	69-74	super	
1-13	75-85	temeritate	
1-14	86-87	:	
1-15	88-91	qui	
1-16	92-99	mortuus	
1-17	100-103	est	
1-18	104-107	ibi	
1-19	108-113	juxta	
1-20	114-119	arcam	
1-21	120-123	Dei	
1-22	123-124	.	
1-23	125-126	8	
1-24	127-139	Contristatus	
1-25	140-143	est	
1-26	144-149	autem	
1-27	150-155	David	
1-28	155-156	,	
1-29	157-159	eo	
1-30	160-164	quod	
1-31	165-177	percussisset	
1-32	178-185	Dominus	
1-33	186-190	Ozam	
1-34	190-191	,	
1-35	192-194	et	
1-36	195-202	vocatum	
1-37	203-206	est	
1-38	207-212	nomen	
1-39	213-217	loci	
1-40	218-224	illius	
1-41	225-226	:	
1-42	227-236	Percussio	
1-43	237-240	Ozæ	
1-44	240-241	,	
1-45	242-247	usque	
1-46	248-250	in	
1-47	251-255	diem	
1-48	256-260	hanc	
1-49	260-261	.	
1-50	262-263	9	
1-51	264-266	Et	
1-52	267-275	extimuit	
1-53	276-281	David	
1-54	282-289	Dominum	
1-55	290-292	in	
1-56	293-296	die	
1-57	297-301	illa	
1-58	301-302	,	
1-59	303-309	dicens	
1-60	310-311	:	
1-61	312-319	Quomodo	
1-62	320-331	ingredietur	
1-63	332-334	ad	
1-64	335-337	me	
1-65	338-342	arca	
1-66	343-349	Domini	
1-67	350-351	?	

#Text=10 Et noluit divertere ad se arcam Domini in civitatem David : sed divertit eam in domum Obededom Gethæi.
#Text=11 Et habitavit arca Domini in domo Obededom Gethæi tribus mensibus : et benedixit Dominus Obededom, et omnem domum ejus.
#Text=12 Nuntiatumque est regi David quod benedixisset Dominus Obededom, et omnia ejus, propter arcam Dei.
2-1	352-354	10	
2-2	355-357	Et	
2-3	358-364	noluit	
2-4	365-374	divertere	
2-5	375-377	ad	
2-6	378-380	se	
2-7	381-386	arcam	
2-8	387-393	Domini	
2-9	394-396	in	
2-10	397-406	civitatem	
2-11	407-412	David	
2-12	413-414	:	
2-13	415-418	sed	
2-14	419-427	divertit	
2-15	428-431	eam	
2-16	432-434	in	
2-17	435-440	domum	
2-18	441-449	Obededom	
2-19	450-456	Gethæi	
2-20	456-457	.	
2-21	458-460	11	
2-22	461-463	Et	
2-23	464-473	habitavit	
2-24	474-478	arca	
2-25	479-485	Domini	
2-26	486-488	in	
2-27	489-493	domo	
2-28	494-502	Obededom	
2-29	503-509	Gethæi	
2-30	510-516	tribus	
2-31	517-525	mensibus	
2-32	526-527	:	
2-33	528-530	et	
2-34	531-540	benedixit	
2-35	541-548	Dominus	
2-36	549-557	Obededom	
2-37	557-558	,	
2-38	559-561	et	
2-39	562-567	omnem	
2-40	568-573	domum	
2-41	574-578	ejus	
2-42	578-579	.	
2-43	580-582	12	
2-44	583-595	Nuntiatumque	
2-45	596-599	est	
2-46	600-604	regi	
2-47	605-610	David	
2-48	611-615	quod	
2-49	616-628	benedixisset	
2-50	629-636	Dominus	
2-51	637-645	Obededom	
2-52	645-646	,	
2-53	647-649	et	
2-54	650-655	omnia	
2-55	656-660	ejus	
2-56	660-661	,	
2-57	662-669	propter	
2-58	670-675	arcam	
2-59	676-679	Dei	
2-60	679-680	.	

#Text=Abiit ergo David, et adduxit arcam Dei de domo Obededom in civitatem David cum gaudio : et erant cum David septem chori, et victima vituli.
#Text=13 Cumque transcendissent qui portabant arcam Domini sex passus, immolabat bovem et arietem, 14 et David saltabat totis viribus ante Dominum : porro David erat accinctus ephod lineo.
#Text=15 Et David et omnis domus Israël ducebant arcam testamenti Domini in jubilo, et in clangore buccinæ.
#Text=16 Cumque intrasset arca Domini in civitatem David, Michol filia Saul, prospiciens per fenestram, vidit regem David subsilientem atque saltantem coram Domino : et despexit eum in corde suo.
#Text=17 Et introduxerunt arcam Domini, et imposuerunt eam in loco suo in medio tabernaculi, quod tetenderat ei David : et obtulit David holocausta et pacifica coram Domino.
#Text=18 Cumque complesset offerens holocausta et pacifica, benedixit populo in nomine Domini exercituum.
#Text=19 Et partitus est universæ multitudini Israël tam viro quam mulieri singulis collyridam panis unam, et assaturam bubulæ carnis unam, et similam frixam oleo : et abiit omnis populus, unusquisque in domum suam.
#Text=20 Reversusque est David ut benediceret domui suæ : et egressa Michol filia Saul in occursum David, ait : Quam gloriosus fuit hodie rex Israël discooperiens se ante ancillas servorum suorum, et nudatus est, quasi si nudetur unus de scurris.
#Text=21 Dixitque David ad Michol : Ante Dominum, qui elegit me potius quam patrem tuum et quam omnem domum ejus, et præcepit mihi ut essem dux super populum Domini in Israël, 22 et ludam, et vilior fiam plus quam factus sum : et ero humilis in oculis meis, et cum ancillis de quibus locuta es, gloriosior apparebo.
#Text=23 Igitur Michol filiæ Saul non est natus filius usque in diem mortis suæ.
3-1	681-686	Abiit	
3-2	687-691	ergo	
3-3	692-697	David	
3-4	697-698	,	
3-5	699-701	et	
3-6	702-709	adduxit	
3-7	710-715	arcam	
3-8	716-719	Dei	
3-9	720-722	de	
3-10	723-727	domo	
3-11	728-736	Obededom	
3-12	737-739	in	
3-13	740-749	civitatem	
3-14	750-755	David	
3-15	756-759	cum	
3-16	760-766	gaudio	
3-17	767-768	:	
3-18	769-771	et	
3-19	772-777	erant	
3-20	778-781	cum	
3-21	782-787	David	
3-22	788-794	septem	
3-23	795-800	chori	
3-24	800-801	,	
3-25	802-804	et	
3-26	805-812	victima	
3-27	813-819	vituli	
3-28	819-820	.	
3-29	821-823	13	
3-30	824-830	Cumque	
3-31	831-846	transcendissent	
3-32	847-850	qui	
3-33	851-860	portabant	
3-34	861-866	arcam	
3-35	867-873	Domini	
3-36	874-877	sex	
3-37	878-884	passus	
3-38	884-885	,	
3-39	886-895	immolabat	
3-40	896-901	bovem	
3-41	902-904	et	
3-42	905-912	arietem	
3-43	912-913	,	
3-44	914-916	14	
3-45	917-919	et	
3-46	920-925	David	
3-47	926-934	saltabat	
3-48	935-940	totis	
3-49	941-948	viribus	
3-50	949-953	ante	
3-51	954-961	Dominum	
3-52	962-963	:	
3-53	964-969	porro	
3-54	970-975	David	
3-55	976-980	erat	
3-56	981-990	accinctus	
3-57	991-996	ephod	
3-58	997-1002	lineo	
3-59	1002-1003	.	
3-60	1004-1006	15	
3-61	1007-1009	Et	
3-62	1010-1015	David	
3-63	1016-1018	et	
3-64	1019-1024	omnis	
3-65	1025-1030	domus	
3-66	1031-1037	Israël	
3-67	1038-1046	ducebant	
3-68	1047-1052	arcam	
3-69	1053-1063	testamenti	
3-70	1064-1070	Domini	
3-71	1071-1073	in	
3-72	1074-1080	jubilo	
3-73	1080-1081	,	
3-74	1082-1084	et	
3-75	1085-1087	in	
3-76	1088-1096	clangore	
3-77	1097-1104	buccinæ	
3-78	1104-1105	.	
3-79	1106-1108	16	
3-80	1109-1115	Cumque	
3-81	1116-1125	intrasset	
3-82	1126-1130	arca	
3-83	1131-1137	Domini	
3-84	1138-1140	in	
3-85	1141-1150	civitatem	
3-86	1151-1156	David	
3-87	1156-1157	,	
3-88	1158-1164	Michol	
3-89	1165-1170	filia	
3-90	1171-1175	Saul	
3-91	1175-1176	,	
3-92	1177-1188	prospiciens	
3-93	1189-1192	per	
3-94	1193-1202	fenestram	
3-95	1202-1203	,	
3-96	1204-1209	vidit	
3-97	1210-1215	regem	
3-98	1216-1221	David	
3-99	1222-1234	subsilientem	
3-100	1235-1240	atque	
3-101	1241-1250	saltantem	
3-102	1251-1256	coram	
3-103	1257-1263	Domino	
3-104	1264-1265	:	
3-105	1266-1268	et	
3-106	1269-1277	despexit	
3-107	1278-1281	eum	
3-108	1282-1284	in	
3-109	1285-1290	corde	
3-110	1291-1294	suo	
3-111	1294-1295	.	
3-112	1296-1298	17	
3-113	1299-1301	Et	
3-114	1302-1315	introduxerunt	
3-115	1316-1321	arcam	
3-116	1322-1328	Domini	
3-117	1328-1329	,	
3-118	1330-1332	et	
3-119	1333-1344	imposuerunt	
3-120	1345-1348	eam	
3-121	1349-1351	in	
3-122	1352-1356	loco	
3-123	1357-1360	suo	
3-124	1361-1363	in	
3-125	1364-1369	medio	
3-126	1370-1381	tabernaculi	
3-127	1381-1382	,	
3-128	1383-1387	quod	
3-129	1388-1398	tetenderat	
3-130	1399-1401	ei	
3-131	1402-1407	David	
3-132	1408-1409	:	
3-133	1410-1412	et	
3-134	1413-1420	obtulit	
3-135	1421-1426	David	
3-136	1427-1437	holocausta	
3-137	1438-1440	et	
3-138	1441-1449	pacifica	
3-139	1450-1455	coram	
3-140	1456-1462	Domino	
3-141	1462-1463	.	
3-142	1464-1466	18	
3-143	1467-1473	Cumque	
3-144	1474-1484	complesset	
3-145	1485-1493	offerens	
3-146	1494-1504	holocausta	
3-147	1505-1507	et	
3-148	1508-1516	pacifica	
3-149	1516-1517	,	
3-150	1518-1527	benedixit	
3-151	1528-1534	populo	
3-152	1535-1537	in	
3-153	1538-1544	nomine	
3-154	1545-1551	Domini	
3-155	1552-1562	exercituum	
3-156	1562-1563	.	
3-157	1564-1566	19	
3-158	1567-1569	Et	
3-159	1570-1578	partitus	
3-160	1579-1582	est	
3-161	1583-1591	universæ	
3-162	1592-1603	multitudini	
3-163	1604-1610	Israël	
3-164	1611-1614	tam	
3-165	1615-1619	viro	
3-166	1620-1624	quam	
3-167	1625-1632	mulieri	
3-168	1633-1641	singulis	
3-169	1642-1652	collyridam	
3-170	1653-1658	panis	
3-171	1659-1663	unam	
3-172	1663-1664	,	
3-173	1665-1667	et	
3-174	1668-1677	assaturam	
3-175	1678-1684	bubulæ	
3-176	1685-1691	carnis	
3-177	1692-1696	unam	
3-178	1696-1697	,	
3-179	1698-1700	et	
3-180	1701-1708	similam	
3-181	1709-1715	frixam	
3-182	1716-1720	oleo	
3-183	1721-1722	:	
3-184	1723-1725	et	
3-185	1726-1731	abiit	
3-186	1732-1737	omnis	
3-187	1738-1745	populus	
3-188	1745-1746	,	
3-189	1747-1758	unusquisque	
3-190	1759-1761	in	
3-191	1762-1767	domum	
3-192	1768-1772	suam	
3-193	1772-1773	.	
3-194	1774-1776	20	
3-195	1777-1788	Reversusque	
3-196	1789-1792	est	
3-197	1793-1798	David	
3-198	1799-1801	ut	
3-199	1802-1813	benediceret	
3-200	1814-1819	domui	
3-201	1820-1823	suæ	
3-202	1824-1825	:	
3-203	1826-1828	et	
3-204	1829-1836	egressa	
3-205	1837-1843	Michol	
3-206	1844-1849	filia	
3-207	1850-1854	Saul	
3-208	1855-1857	in	
3-209	1858-1866	occursum	
3-210	1867-1872	David	
3-211	1872-1873	,	
3-212	1874-1877	ait	
3-213	1878-1879	:	
3-214	1880-1884	Quam	
3-215	1885-1894	gloriosus	
3-216	1895-1899	fuit	
3-217	1900-1905	hodie	
3-218	1906-1909	rex	
3-219	1910-1916	Israël	
3-220	1917-1930	discooperiens	
3-221	1931-1933	se	
3-222	1934-1938	ante	
3-223	1939-1947	ancillas	
3-224	1948-1956	servorum	
3-225	1957-1963	suorum	
3-226	1963-1964	,	
3-227	1965-1967	et	
3-228	1968-1975	nudatus	
3-229	1976-1979	est	
3-230	1979-1980	,	
3-231	1981-1986	quasi	
3-232	1987-1989	si	
3-233	1990-1997	nudetur	
3-234	1998-2002	unus	
3-235	2003-2005	de	
3-236	2006-2013	scurris	
3-237	2013-2014	.	
3-238	2015-2017	21	
3-239	2018-2026	Dixitque	
3-240	2027-2032	David	
3-241	2033-2035	ad	
3-242	2036-2042	Michol	
3-243	2043-2044	:	
3-244	2045-2049	Ante	
3-245	2050-2057	Dominum	
3-246	2057-2058	,	
3-247	2059-2062	qui	
3-248	2063-2069	elegit	
3-249	2070-2072	me	
3-250	2073-2079	potius	
3-251	2080-2084	quam	
3-252	2085-2091	patrem	
3-253	2092-2096	tuum	
3-254	2097-2099	et	
3-255	2100-2104	quam	
3-256	2105-2110	omnem	
3-257	2111-2116	domum	
3-258	2117-2121	ejus	
3-259	2121-2122	,	
3-260	2123-2125	et	
3-261	2126-2134	præcepit	
3-262	2135-2139	mihi	
3-263	2140-2142	ut	
3-264	2143-2148	essem	
3-265	2149-2152	dux	
3-266	2153-2158	super	
3-267	2159-2166	populum	
3-268	2167-2173	Domini	
3-269	2174-2176	in	
3-270	2177-2183	Israël	
3-271	2183-2184	,	
3-272	2185-2187	22	
3-273	2188-2190	et	
3-274	2191-2196	ludam	
3-275	2196-2197	,	
3-276	2198-2200	et	
3-277	2201-2207	vilior	
3-278	2208-2212	fiam	
3-279	2213-2217	plus	
3-280	2218-2222	quam	
3-281	2223-2229	factus	
3-282	2230-2233	sum	
3-283	2234-2235	:	
3-284	2236-2238	et	
3-285	2239-2242	ero	
3-286	2243-2250	humilis	
3-287	2251-2253	in	
3-288	2254-2260	oculis	
3-289	2261-2265	meis	
3-290	2265-2266	,	
3-291	2267-2269	et	
3-292	2270-2273	cum	
3-293	2274-2282	ancillis	
3-294	2283-2285	de	
3-295	2286-2292	quibus	
3-296	2293-2299	locuta	
3-297	2300-2302	es	
3-298	2302-2303	,	
3-299	2304-2314	gloriosior	
3-300	2315-2323	apparebo	
3-301	2323-2324	.	
3-302	2325-2327	23	
3-303	2328-2334	Igitur	
3-304	2335-2341	Michol	
3-305	2342-2347	filiæ	
3-306	2348-2352	Saul	
3-307	2353-2356	non	
3-308	2357-2360	est	
3-309	2361-2366	natus	
3-310	2367-2373	filius	
3-311	2374-2379	usque	
3-312	2380-2382	in	
3-313	2383-2387	diem	
3-314	2388-2394	mortis	
3-315	2395-2398	suæ	
3-316	2398-2399	.	

#Text=Caput 7
#Text=
#Text=
#Text=1 Factum est autem cum sedisset rex in domo sua, et Dominus dedisset ei requiem undique ab universis inimicis suis, 2 dixit ad Nathan prophetam : Videsne quod ego habitem in domo cedrina, et arca Dei posita sit in medio pellium ?
4-1	2400-2405	Caput	
4-2	2406-2407	7	
4-3	2410-2411	1	
4-4	2412-2418	Factum	
4-5	2419-2422	est	
4-6	2423-2428	autem	
4-7	2429-2432	cum	
4-8	2433-2441	sedisset	
4-9	2442-2445	rex	
4-10	2446-2448	in	
4-11	2449-2453	domo	
4-12	2454-2457	sua	
4-13	2457-2458	,	
4-14	2459-2461	et	
4-15	2462-2469	Dominus	
4-16	2470-2478	dedisset	
4-17	2479-2481	ei	
4-18	2482-2489	requiem	
4-19	2490-2497	undique	
4-20	2498-2500	ab	
4-21	2501-2510	universis	
4-22	2511-2519	inimicis	
4-23	2520-2524	suis	
4-24	2524-2525	,	
4-25	2526-2527	2	
4-26	2528-2533	dixit	
4-27	2534-2536	ad	
4-28	2537-2543	Nathan	
4-29	2544-2553	prophetam	
4-30	2554-2555	:	
4-31	2556-2563	Videsne	
4-32	2564-2568	quod	
4-33	2569-2572	ego	
4-34	2573-2580	habitem	
4-35	2581-2583	in	
4-36	2584-2588	domo	
4-37	2589-2596	cedrina	
4-38	2596-2597	,	
4-39	2598-2600	et	
4-40	2601-2605	arca	
4-41	2606-2609	Dei	
4-42	2610-2616	posita	
4-43	2617-2620	sit	
4-44	2621-2623	in	
4-45	2624-2629	medio	
4-46	2630-2637	pellium	
4-47	2638-2639	?	

#Text=3 Dixitque Nathan ad regem : Omne quod est in corde tuo, vade, fac : quia Dominus tecum est.
#Text=4 Factum est autem in illa nocte : et ecce sermo Domini ad Nathan, dicens : 5 Vade, et loquere ad servum meum David : Hæc dicit Dominus : Numquid tu ædificabis mihi domum ad habitandum ?
5-1	2640-2641	3	
5-2	2642-2650	Dixitque	
5-3	2651-2657	Nathan	
5-4	2658-2660	ad	
5-5	2661-2666	regem	
5-6	2667-2668	:	
5-7	2669-2673	Omne	
5-8	2674-2678	quod	
5-9	2679-2682	est	
5-10	2683-2685	in	
5-11	2686-2691	corde	
5-12	2692-2695	tuo	
5-13	2695-2696	,	
5-14	2697-2701	vade	
5-15	2701-2702	,	
5-16	2703-2706	fac	
5-17	2707-2708	:	
5-18	2709-2713	quia	
5-19	2714-2721	Dominus	
5-20	2722-2727	tecum	
5-21	2728-2731	est	
5-22	2731-2732	.	
5-23	2733-2734	4	
5-24	2735-2741	Factum	
5-25	2742-2745	est	
5-26	2746-2751	autem	
5-27	2752-2754	in	
5-28	2755-2759	illa	
5-29	2760-2765	nocte	
5-30	2766-2767	:	
5-31	2768-2770	et	
5-32	2771-2775	ecce	
5-33	2776-2781	sermo	
5-34	2782-2788	Domini	
5-35	2789-2791	ad	
5-36	2792-2798	Nathan	
5-37	2798-2799	,	
5-38	2800-2806	dicens	
5-39	2807-2808	:	
5-40	2809-2810	5	
5-41	2811-2815	Vade	
5-42	2815-2816	,	
5-43	2817-2819	et	
5-44	2820-2827	loquere	
5-45	2828-2830	ad	
5-46	2831-2837	servum	
5-47	2838-2842	meum	
5-48	2843-2848	David	
5-49	2849-2850	:	
5-50	2851-2854	Hæc	
5-51	2855-2860	dicit	
5-52	2861-2868	Dominus	
5-53	2869-2870	:	
5-54	2871-2878	Numquid	
5-55	2879-2881	tu	
5-56	2882-2892	ædificabis	
5-57	2893-2897	mihi	
5-58	2898-2903	domum	
5-59	2904-2906	ad	
5-60	2907-2917	habitandum	
5-61	2918-2919	?	

#Text=6 Neque enim habitavi in domo ex die illa, qua eduxi filios Israël de terra Ægypti, usque in diem hanc : sed ambulabam in tabernaculo, et in tentorio.
6-1	2920-2921	6	
6-2	2922-2927	Neque	
6-3	2928-2932	enim	
6-4	2933-2941	habitavi	
6-5	2942-2944	in	
6-6	2945-2949	domo	
6-7	2950-2952	ex	
6-8	2953-2956	die	
6-9	2957-2961	illa	
6-10	2961-2962	,	
6-11	2963-2966	qua	
6-12	2967-2972	eduxi	
6-13	2973-2979	filios	
6-14	2980-2986	Israël	
6-15	2987-2989	de	
6-16	2990-2995	terra	
6-17	2996-3002	Ægypti	
6-18	3002-3003	,	
6-19	3004-3009	usque	
6-20	3010-3012	in	
6-21	3013-3017	diem	
6-22	3018-3022	hanc	
6-23	3023-3024	:	
6-24	3025-3028	sed	
6-25	3029-3038	ambulabam	
6-26	3039-3041	in	
6-27	3042-3053	tabernaculo	
6-28	3053-3054	,	
6-29	3055-3057	et	
6-30	3058-3060	in	
6-31	3061-3069	tentorio	
6-32	3069-3070	.	
