#FORMAT=WebAnno TSV 3.3
#T_SP=custom.Span|label
#T_RL=custom.Relation|label|BT_custom.Span


#Text=XV.
#Text=hoc mihi per(valum habeo: quod, ut ftomacho, ita quos na.
#Text=ribos nimia sacietas faftidium pariat, hinc ex modico intervallo, numero pauciores impetu leviores, & confequenter gratiores percipiuntur odor res; & forte fpatio inter obje&tum, & nares intermedio, fubtiliora odorum corpuscula, crassiuscuJis viam præripiunt, adeo ut hæc, ad motum tardiora, palmam reliquis concedere cogantur.
1-1	0-2	XV	_	_	_	
1-2	2-3	.	_	_	_	
1-3	4-7	hoc	_	_	_	
1-4	8-12	mihi	_	_	_	
1-5	13-16	per	_	_	_	
1-6	16-17	(	_	_	_	
1-7	17-22	valum	_	_	_	
1-8	23-28	habeo	_	_	_	
1-9	28-29	:	_	_	_	
1-10	30-34	quod	_	_	_	
1-11	34-35	,	_	_	_	
1-12	36-38	ut	_	_	_	
1-13	39-47	ftomacho	_	_	_	
1-14	47-48	,	_	_	_	
1-15	49-52	ita	_	_	_	
1-16	53-57	quos	_	_	_	
1-17	58-60	na	_	_	_	
1-18	60-61	.	_	_	_	
1-19	62-67	ribos	_	_	_	
1-20	68-73	nimia	_	_	_	
1-21	74-82	sacietas	_	_	_	
1-22	83-92	faftidium	_	_	_	
1-23	93-99	pariat	_	_	_	
1-24	99-100	,	_	_	_	
1-25	101-105	hinc	_	_	_	
1-26	106-108	ex	Time[1]	_	_	
1-27	109-115	modico	Time[1]	_	_	
1-28	116-126	intervallo	Time[1]	_	_	
1-29	126-127	,	_	_	_	
1-30	128-134	numero	_	_	_	
1-31	135-144	pauciores	_	_	_	
1-32	145-151	impetu	Quality[2]	_	_	
1-33	152-160	leviores	Quality[2]	_	_	
1-34	160-161	,	_	_	_	
1-35	162-163	&	_	_	_	
1-36	164-176	confequenter	_	_	_	
1-37	177-186	gratiores	Quality	_	_	
1-38	187-199	percipiuntur	_	_	_	
1-39	200-204	odor	Smell\_Word[3]	*|*|*	1-26[1_3]|1-37[0_3]|1-32[2_3]	
1-40	205-208	res	Smell\_Word[3]	_	_	
1-41	208-209	;	_	_	_	
1-42	210-211	&	_	_	_	
1-43	212-217	forte	_	_	_	
1-44	218-224	fpatio	_	_	_	
1-45	225-230	inter	_	_	_	
1-46	231-235	obje	_	_	_	
1-47	235-236	&	_	_	_	
1-48	236-239	tum	_	_	_	
1-49	239-240	,	_	_	_	
1-50	241-242	&	_	_	_	
1-51	243-248	nares	_	_	_	
1-52	249-259	intermedio	_	_	_	
1-53	259-260	,	_	_	_	
1-54	261-271	fubtiliora	_	_	_	
1-55	272-278	odorum	Smell\_Word	_	_	
1-56	279-289	corpuscula	_	_	_	
1-57	289-290	,	_	_	_	
1-58	291-304	crassiuscuJis	_	_	_	
1-59	305-309	viam	_	_	_	
1-60	310-320	præripiunt	_	_	_	
1-61	320-321	,	_	_	_	
1-62	322-326	adeo	_	_	_	
1-63	327-329	ut	_	_	_	
1-64	330-333	hæc	_	_	_	
1-65	333-334	,	_	_	_	
1-66	335-337	ad	_	_	_	
1-67	338-343	motum	_	_	_	
1-68	344-352	tardiora	_	_	_	
1-69	352-353	,	_	_	_	
1-70	354-360	palmam	_	_	_	
1-71	361-369	reliquis	_	_	_	
1-72	370-379	concedere	_	_	_	
1-73	380-388	cogantur	_	_	_	
1-74	388-389	.	_	_	_	

#Text=CAPUT III.
2-1	390-395	CAPUT	_	_	_	
2-2	396-399	III	_	_	_	
2-3	399-400	.	_	_	_	

#Text=De Media odores and organa odoratûs transvebante.
3-1	401-403	De	Odour\_Carrier[4]	_	_	
3-2	404-409	Media	Odour\_Carrier[4]	_	_	
3-3	410-416	odores	Smell\_Word[5]|Smell\_Source[6]	*|*|*	3-3[6_5]|3-1[4_5]|3-4[7_5]	
3-4	417-420	and	Perceiver[7]	_	_	
3-5	421-427	organa	Perceiver[7]	_	_	
3-6	428-436	odoratûs	Perceiver[7]	_	_	
3-7	437-449	transvebante	_	_	_	
3-8	449-450	.	_	_	_	

#Text=Subtilia odoriferorum effuvia ab Aëre excipi
#Text=
#Text=, co que mediante ad pares transvehi, quoridiana do cet experientia.
4-1	451-459	Subtilia	Smell\_Source	_	_	
4-2	460-472	odoriferorum	Smell\_Word	*|*|*|*	4-3|4-4[8_0]|4-11[10_0]|4-8[9_0]	
4-3	473-480	effuvia	Smell\_Source	Same\_span	4-1	
4-4	481-483	ab	Odour\_Carrier[8]	_	_	
4-5	484-488	Aëre	Odour\_Carrier[8]	_	_	
4-6	489-495	excipi	_	_	_	
4-7	497-498	,	_	_	_	
4-8	499-501	co	Circumstances[9]	_	_	
4-9	502-505	que	Circumstances[9]	_	_	
4-10	506-514	mediante	Circumstances[9]	_	_	
4-11	515-517	ad	Perceiver[10]	_	_	
4-12	518-523	pares	Perceiver[10]	_	_	
4-13	524-533	transvehi	_	_	_	
4-14	533-534	,	_	_	_	
4-15	535-545	quoridiana	_	_	_	
4-16	546-548	do	_	_	_	
4-17	549-552	cet	_	_	_	
4-18	553-564	experientia	_	_	_	
4-19	564-565	.	_	_	_	

#Text=Non tamen existimandum, Tem ordinario tantum motu suo agitatum, rerum odoratarum particulis, odorarûs organo fufficienter imprimendis, parem effe.
5-1	566-569	Non	_	_	_	
5-2	570-575	tamen	_	_	_	
5-3	576-588	existimandum	_	_	_	
5-4	588-589	,	_	_	_	
5-5	590-593	Tem	_	_	_	
5-6	594-603	ordinario	_	_	_	
5-7	604-610	tantum	_	_	_	
5-8	611-615	motu	_	_	_	
5-9	616-619	suo	_	_	_	
5-10	620-628	agitatum	_	_	_	
5-11	628-629	,	_	_	_	
5-12	630-635	rerum	Smell\_Source	_	_	
5-13	636-646	odoratarum	Smell\_Word	*|*|*	5-12|5-16[11_0]|5-14	
5-14	647-657	particulis	Smell\_Source	_	_	
5-15	657-658	,	_	_	_	
5-16	659-667	odorarûs	Perceiver[11]	_	_	
5-17	668-674	organo	Perceiver[11]	_	_	
5-18	675-687	fufficienter	_	_	_	
5-19	688-699	imprimendis	_	_	_	
5-20	699-700	,	_	_	_	
5-21	701-706	parem	_	_	_	
5-22	707-711	effe	_	_	_	
5-23	711-712	.	_	_	_	

#Text=Ut enim odoris fenfus in nobis exciretur , femper requiritur, vt aër odorum effluviis perfalus, vi aro imperu in nares irrumpat.
6-1	713-715	Ut	_	_	_	
6-2	716-720	enim	_	_	_	
6-3	721-727	odoris	Smell\_Word	*	6-5[12_0]	
6-4	728-734	fenfus	_	_	_	
6-5	735-737	in	Perceiver[12]	_	_	
6-6	738-743	nobis	Perceiver[12]	_	_	
6-7	744-753	exciretur	_	_	_	
6-8	754-755	,	_	_	_	
6-9	756-762	femper	_	_	_	
6-10	763-773	requiritur	_	_	_	
6-11	773-774	,	_	_	_	
6-12	775-777	vt	_	_	_	
6-13	778-781	aër	Odour\_Carrier	Same\_span	6-16	
6-14	782-788	odorum	Smell\_Word	*|*|*|*	6-15|6-13|6-21[14_0]|6-18[13_0]	
6-15	789-798	effluviis	Smell\_Source	_	_	
6-16	799-807	perfalus	Odour\_Carrier	_	_	
6-17	807-808	,	_	_	_	
6-18	809-811	vi	Circumstances[13]	_	_	
6-19	812-815	aro	Circumstances[13]	_	_	
6-20	816-822	imperu	Circumstances[13]	_	_	
6-21	823-825	in	Circumstances[13]|Perceiver[14]	_	_	
6-22	826-831	nares	Circumstances[13]|Perceiver[14]	_	_	
6-23	832-840	irrumpat	Circumstances[13]	_	_	
6-24	840-841	.	Circumstances[13]	_	_	

#Text=Hoc ftudiofe annotavit Galenus , qui: Si vem, inquit, à propriis wétionis nocidentibus investiga the volumus, Willum odoris fonfum, nifi Piritu naribus at: tratto, moveri videbimus , quamquam ipfe nares quandos
#Text=
#Text=(o) Cal. 1. de infrum; odor: 6.
#Text=3.
7-1	842-845	Hoc	_	_	_	
7-2	846-854	ftudiofe	_	_	_	
7-3	855-864	annotavit	_	_	_	
7-4	865-872	Galenus	_	_	_	
7-5	873-874	,	_	_	_	
7-6	875-878	qui	_	_	_	
7-7	878-879	:	_	_	_	
7-8	880-882	Si	_	_	_	
7-9	883-886	vem	_	_	_	
7-10	886-887	,	_	_	_	
7-11	888-894	inquit	_	_	_	
7-12	894-895	,	_	_	_	
7-13	896-897	à	_	_	_	
7-14	898-906	propriis	_	_	_	
7-15	907-915	wétionis	_	_	_	
7-16	916-928	nocidentibus	_	_	_	
7-17	929-938	investiga	_	_	_	
7-18	939-942	the	_	_	_	
7-19	943-950	volumus	_	_	_	
7-20	950-951	,	_	_	_	
7-21	952-958	Willum	_	_	_	
7-22	959-965	odoris	Smell\_Word	*|*	7-26[15_0]|7-36[16_0]	
7-23	966-972	fonfum	_	_	_	
7-24	972-973	,	_	_	_	
7-25	974-978	nifi	_	_	_	
7-26	979-985	Piritu	Circumstances[15]	_	_	
7-27	986-993	naribus	Circumstances[15]	_	_	
7-28	994-996	at	Circumstances[15]	_	_	
7-29	996-997	:	Circumstances[15]	_	_	
7-30	998-1004	tratto	Circumstances[15]	_	_	
7-31	1004-1005	,	_	_	_	
7-32	1006-1012	moveri	_	_	_	
7-33	1013-1022	videbimus	_	_	_	
7-34	1023-1024	,	_	_	_	
7-35	1025-1033	quamquam	_	_	_	
7-36	1034-1038	ipfe	Perceiver[16]	_	_	
7-37	1039-1044	nares	Perceiver[16]	_	_	
7-38	1045-1052	quandos	_	_	_	
7-39	1054-1055	(	_	_	_	
7-40	1055-1056	o	_	_	_	
7-41	1056-1057	)	_	_	_	
7-42	1058-1061	Cal	_	_	_	
7-43	1061-1062	.	_	_	_	
7-44	1063-1064	1	_	_	_	
7-45	1064-1065	.	_	_	_	
7-46	1066-1068	de	_	_	_	
7-47	1069-1075	infrum	_	_	_	
7-48	1075-1076	;	_	_	_	
7-49	1077-1081	odor	_	_	_	
7-50	1081-1082	:	_	_	_	
7-51	1083-1084	6	_	_	_	
7-52	1084-1085	.	_	_	_	
7-53	1086-1087	3	_	_	_	
7-54	1087-1088	.	_	_	_	

#Text=vapore
#Text=
#Text=
#Text=
#Text=
#Text=
#Text=ofe (17)
#Text=
#Text=(to vapore etiam vebementer olenté repleta fint, Si quis igie tur in cabiculo admodum angufto bitumen, cafiambe, aut myrrbam, tbusve aut fyracem in suffitum colliquet, ut uther dique circumfufum aërem odore vebementi repleat, mox eundem fic' naribus excipiat; ut attrabere per intervalla longa conetur , bic rei veritatem intelliger.
8-1	1094-1100	vapore	_	_	_	
8-2	1106-1109	ofe	_	_	_	
8-3	1110-1111	(	_	_	_	
8-4	1111-1113	17	_	_	_	
8-5	1113-1114	)	_	_	_	
8-6	1116-1117	(	_	_	_	
8-7	1117-1119	to	_	_	_	
8-8	1120-1126	vapore	Smell\_Source	_	_	
8-9	1127-1132	etiam	_	_	_	
8-10	1133-1143	vebementer	Quality	_	_	
8-11	1144-1150	olenté	Smell\_Word	*|*|*	8-10|8-8|7-36[16_0]	
8-12	1151-1158	repleta	_	_	_	
8-13	1159-1163	fint	_	_	_	
8-14	1163-1164	,	_	_	_	
8-15	1165-1167	Si	Circumstances[17]	_	_	
8-16	1168-1172	quis	Circumstances[17]|Perceiver[18]	_	_	
8-17	1173-1177	igie	Circumstances[17]	_	_	
8-18	1178-1181	tur	Circumstances[17]	_	_	
8-19	1182-1184	in	Circumstances[17]	_	_	
8-20	1185-1193	cabiculo	Circumstances[17]	_	_	
8-21	1194-1201	admodum	Circumstances[17]	_	_	
8-22	1202-1209	angufto	Circumstances[17]	_	_	
8-23	1210-1217	bitumen	Circumstances[17]|Smell\_Source[19]	_	_	
8-24	1217-1218	,	Circumstances[17]|Smell\_Source[19]	_	_	
8-25	1219-1227	cafiambe	Circumstances[17]|Smell\_Source[19]	_	_	
8-26	1227-1228	,	Circumstances[17]|Smell\_Source[19]	_	_	
8-27	1229-1232	aut	Circumstances[17]|Smell\_Source[19]	_	_	
8-28	1233-1240	myrrbam	Circumstances[17]|Smell\_Source[19]	_	_	
8-29	1240-1241	,	Circumstances[17]|Smell\_Source[19]	_	_	
8-30	1242-1248	tbusve	Circumstances[17]|Smell\_Source[19]	_	_	
8-31	1249-1252	aut	Circumstances[17]|Smell\_Source[19]	_	_	
8-32	1253-1260	fyracem	Circumstances[17]|Smell\_Source[19]	_	_	
8-33	1261-1263	in	Circumstances[17]	_	_	
8-34	1264-1272	suffitum	Circumstances[17]	_	_	
8-35	1273-1282	colliquet	Circumstances[17]	_	_	
8-36	1282-1283	,	_	_	_	
8-37	1284-1286	ut	_	_	_	
8-38	1287-1292	uther	Odour\_Carrier[20]	_	_	
8-39	1293-1298	dique	Odour\_Carrier[20]	_	_	
8-40	1299-1310	circumfufum	Odour\_Carrier[20]	_	_	
8-41	1311-1316	aërem	Odour\_Carrier[20]	_	_	
8-42	1317-1322	odore	Smell\_Word	*|*|*|*	8-43|8-38[20_0]|8-23[19_0]|8-15[17_0]	
8-43	1323-1332	vebementi	Quality	_	_	
8-44	1333-1340	repleat	_	_	_	
8-45	1340-1341	,	_	_	_	
8-46	1342-1345	mox	Time	_	_	
8-47	1346-1352	eundem	Smell\_Word	Anaphoric|*|*|*	8-42|8-50|8-46|8-16[18_0]	
8-48	1353-1356	fic	_	_	_	
8-49	1356-1357	'	_	_	_	
8-50	1358-1365	naribus	Perceiver	_	_	
8-51	1366-1374	excipiat	_	_	_	
8-52	1374-1375	;	_	_	_	
8-53	1376-1378	ut	_	_	_	
8-54	1379-1388	attrabere	_	_	_	
8-55	1389-1392	per	_	_	_	
8-56	1393-1403	intervalla	_	_	_	
8-57	1404-1409	longa	_	_	_	
8-58	1410-1417	conetur	_	_	_	
8-59	1418-1419	,	_	_	_	
8-60	1420-1423	bic	_	_	_	
8-61	1424-1427	rei	_	_	_	
8-62	1428-1437	veritatem	_	_	_	
8-63	1438-1448	intelliger	_	_	_	
8-64	1448-1449	.	_	_	_	

#Text=Siquidem tame tummodo, duin fpiritum adducet , odorem fentiet: interjeEtis autem temporibus, cum piritum continebit , odorem nullum percipiet , quamquam nares olenti vapore repleia funt: boc idem eveniet, fi in ipfus aliquid vebementis odoris infilles, nam ita quog folo attracti piritâs tempore odorem percipies.
9-1	1450-1458	Siquidem	_	_	_	
9-2	1459-1463	tame	Circumstances[21]	_	_	
9-3	1464-1471	tummodo	Circumstances[21]	_	_	
9-4	1471-1472	,	Circumstances[21]	_	_	
9-5	1473-1477	duin	Circumstances[21]	_	_	
9-6	1478-1486	fpiritum	Circumstances[21]|Odour\_Carrier[22]	_	_	
9-7	1487-1494	adducet	Circumstances[21]	_	_	
9-8	1495-1496	,	_	_	_	
9-9	1497-1503	odorem	Smell\_Word	*|*|*	9-6[22_0]|9-2[21_0]|8-16[18_0]	
9-10	1504-1511	fentiet	_	_	_	
9-11	1511-1512	:	_	_	_	
9-12	1513-1524	interjeEtis	Time[23]	_	_	
9-13	1525-1530	autem	Time[23]	_	_	
9-14	1531-1541	temporibus	Time[23]	_	_	
9-15	1541-1542	,	_	_	_	
9-16	1543-1546	cum	Circumstances[24]	_	_	
9-17	1547-1554	piritum	Circumstances[24]	_	_	
9-18	1555-1565	continebit	Circumstances[24]	_	_	
9-19	1566-1567	,	_	_	_	
9-20	1568-1574	odorem	Smell\_Word	*|*|*|*	9-12[23_0]|9-16[24_0]|8-16[18_0]|9-24[25_0]	
9-21	1575-1581	nullum	_	_	_	
9-22	1582-1591	percipiet	_	_	_	
9-23	1592-1593	,	_	_	_	
9-24	1594-1602	quamquam	Circumstances[25]	_	_	
9-25	1603-1608	nares	Circumstances[25]|Perceiver[26]	Same\_span	9-28[29_26]	
9-26	1609-1615	olenti	Circumstances[25]|Smell\_Word[27]	*|*	9-27[28_27]|9-25[26_27]	
9-27	1616-1622	vapore	Circumstances[25]|Smell\_Source[28]	_	_	
9-28	1623-1630	repleia	Circumstances[25]|Perceiver[29]	_	_	
9-29	1631-1635	funt	Circumstances[25]	_	_	
9-30	1635-1636	:	_	_	_	
9-31	1637-1640	boc	_	_	_	
9-32	1641-1645	idem	_	_	_	
9-33	1646-1653	eveniet	_	_	_	
9-34	1653-1654	,	_	_	_	
9-35	1655-1657	fi	_	_	_	
9-36	1658-1660	in	Perceiver[30]	Anaphoric	9-25[26_30]	
9-37	1661-1666	ipfus	Perceiver[30]	_	_	
9-38	1667-1674	aliquid	_	_	_	
9-39	1675-1685	vebementis	Quality	_	_	
9-40	1686-1692	odoris	Smell\_Word	*|*	9-39|9-36[30_0]	
9-41	1693-1701	infilles	_	_	_	
9-42	1701-1702	,	_	_	_	
9-43	1703-1706	nam	_	_	_	
9-44	1707-1710	ita	_	_	_	
9-45	1711-1715	quog	_	_	_	
9-46	1716-1720	folo	Circumstances[31]	_	_	
9-47	1721-1729	attracti	Circumstances[31]	_	_	
9-48	1730-1737	piritâs	Circumstances[31]	_	_	
9-49	1738-1745	tempore	Circumstances[31]	_	_	
9-50	1746-1752	odorem	Smell\_Word	*	9-46[31_0]	
9-51	1753-1762	percipies	_	_	_	
9-52	1762-1763	.	_	_	_	

#Text=Huc etiam facit Celeb: Loweri experimentum.
10-1	1764-1767	Huc	_	_	_	
10-2	1768-1773	etiam	_	_	_	
10-3	1774-1779	facit	_	_	_	
10-4	1780-1785	Celeb	_	_	_	
10-5	1785-1786	:	_	_	_	
10-6	1787-1793	Loweri	_	_	_	
10-7	1794-1806	experimentum	_	_	_	
10-8	1806-1807	.	_	_	_	

#Text=Dexterrimus hic anatomicus, referente Cel: Gualtero Needham, (P) cani arteriam afperam in jugulo præscidit, camque, vulnere cere.
#Text=rà fanato, extrorsum vertit , ut non per os & na res, fed prorfus per guitur fpiraret animal, His rite peractis, observavit canem non vocem folam, fed etiam olfactum penitus amififfe: nam ne teterrimis quidem odoribus excitari potuit.
11-1	1808-1819	Dexterrimus	_	_	_	
11-2	1820-1823	hic	_	_	_	
11-3	1824-1834	anatomicus	_	_	_	
11-4	1834-1835	,	_	_	_	
11-5	1836-1845	referente	_	_	_	
11-6	1846-1849	Cel	_	_	_	
11-7	1849-1850	:	_	_	_	
11-8	1851-1859	Gualtero	_	_	_	
11-9	1860-1867	Needham	_	_	_	
11-10	1867-1868	,	_	_	_	
11-11	1869-1870	(	_	_	_	
11-12	1870-1871	P	_	_	_	
11-13	1871-1872	)	_	_	_	
11-14	1873-1877	cani	_	_	_	
11-15	1878-1886	arteriam	_	_	_	
11-16	1887-1894	afperam	_	_	_	
11-17	1895-1897	in	_	_	_	
11-18	1898-1904	jugulo	_	_	_	
11-19	1905-1914	præscidit	_	_	_	
11-20	1914-1915	,	_	_	_	
11-21	1916-1922	camque	_	_	_	
11-22	1922-1923	,	_	_	_	
11-23	1924-1931	vulnere	_	_	_	
11-24	1932-1936	cere	_	_	_	
11-25	1936-1937	.	_	_	_	
11-26	1938-1940	rà	_	_	_	
11-27	1941-1947	fanato	_	_	_	
11-28	1947-1948	,	_	_	_	
11-29	1949-1958	extrorsum	_	_	_	
11-30	1959-1965	vertit	_	_	_	
11-31	1966-1967	,	_	_	_	
11-32	1968-1970	ut	_	_	_	
11-33	1971-1974	non	_	_	_	
11-34	1975-1978	per	_	_	_	
11-35	1979-1981	os	_	_	_	
11-36	1982-1983	&	_	_	_	
11-37	1984-1986	na	_	_	_	
11-38	1987-1990	res	_	_	_	
11-39	1990-1991	,	_	_	_	
11-40	1992-1995	fed	_	_	_	
11-41	1996-2003	prorfus	_	_	_	
11-42	2004-2007	per	_	_	_	
11-43	2008-2014	guitur	_	_	_	
11-44	2015-2023	fpiraret	_	_	_	
11-45	2024-2030	animal	_	_	_	
11-46	2030-2031	,	_	_	_	
11-47	2032-2035	His	_	_	_	
11-48	2036-2040	rite	_	_	_	
11-49	2041-2049	peractis	_	_	_	
11-50	2049-2050	,	_	_	_	
11-51	2051-2061	observavit	_	_	_	
11-52	2062-2067	canem	Perceiver[32]|Effect[33]	Same\_span	11-68[34_33]	
11-53	2068-2071	non	_	_	_	
11-54	2072-2077	vocem	_	_	_	
11-55	2078-2083	folam	_	_	_	
11-56	2083-2084	,	_	_	_	
11-57	2085-2088	fed	_	_	_	
11-58	2089-2094	etiam	_	_	_	
11-59	2095-2103	olfactum	Smell\_Word	*	11-52[32_0]	
11-60	2104-2111	penitus	_	_	_	
11-61	2112-2120	amififfe	_	_	_	
11-62	2120-2121	:	_	_	_	
11-63	2122-2125	nam	_	_	_	
11-64	2126-2128	ne	_	_	_	
11-65	2129-2139	teterrimis	Quality	_	_	
11-66	2140-2146	quidem	_	_	_	
11-67	2147-2155	odoribus	Smell\_Word	*|*|*	11-65|11-52[33_0]|11-52[32_0]	
11-68	2156-2164	excitari	Effect[34]	_	_	
11-69	2165-2171	potuit	Effect[34]	_	_	
11-70	2171-2172	.	Effect[34]	_	_	

#Text=Ex quibus omnibus haut obscure cernimus, quanta aeris, ad olfa&us fenfum in nobis producendum, sit neceffitas: quæ etiam ex eo elucescit, quod accuratius olfa&uri, os clavderc foleamus; ore quippe claufo, majori cum impetu, quám eodem aperto, С
#Text=
#Text=aér (P) Disquific anajomic, de formato fatw 6.-6. baut pros
#Text=
#Text=Cicul à fine.
#Text=eo doo
#Text=
#Text=
#Text=
#Text=
#Text=
#Text=aër nares ingreditur, & confequenter fortius etiam in narium membranas impingunt odorifera, quæ aër secum vehit, corpuscula.
#Text=$.
#Text=2.
12-1	2173-2175	Ex	_	_	_	
12-2	2176-2182	quibus	_	_	_	
12-3	2183-2190	omnibus	_	_	_	
12-4	2191-2195	haut	_	_	_	
12-5	2196-2203	obscure	_	_	_	
12-6	2204-2212	cernimus	_	_	_	
12-7	2212-2213	,	_	_	_	
12-8	2214-2220	quanta	_	_	_	
12-9	2221-2226	aeris	Odour\_Carrier	_	_	
12-10	2226-2227	,	_	_	_	
12-11	2228-2230	ad	_	_	_	
12-12	2231-2235	olfa	Smell\_Word[35]	*|*	12-16[36_35]|12-9[0_35]	
12-13	2235-2236	&	Smell\_Word[35]	_	_	
12-14	2236-2238	us	Smell\_Word[35]	_	_	
12-15	2239-2245	fenfum	_	_	_	
12-16	2246-2248	in	Perceiver[36]	_	_	
12-17	2249-2254	nobis	Perceiver[36]	_	_	
12-18	2255-2266	producendum	_	_	_	
12-19	2266-2267	,	_	_	_	
12-20	2268-2271	sit	_	_	_	
12-21	2272-2282	neceffitas	_	_	_	
12-22	2282-2283	:	_	_	_	
12-23	2284-2287	quæ	_	_	_	
12-24	2288-2293	etiam	_	_	_	
12-25	2294-2296	ex	_	_	_	
12-26	2297-2299	eo	_	_	_	
12-27	2300-2309	elucescit	_	_	_	
12-28	2309-2310	,	_	_	_	
12-29	2311-2315	quod	_	_	_	
12-30	2316-2326	accuratius	Quality	_	_	
12-31	2327-2331	olfa	Smell\_Word[37]|Perceiver[38]	*|*|*	12-30[0_37]|12-31[38_37]|12-35[39_37]	
12-32	2331-2332	&	Smell\_Word[37]|Perceiver[38]	_	_	
12-33	2332-2335	uri	Smell\_Word[37]|Perceiver[38]	_	_	
12-34	2335-2336	,	_	_	_	
12-35	2337-2339	os	Circumstances[39]	_	_	
12-36	2340-2348	clavderc	Circumstances[39]	_	_	
12-37	2349-2357	foleamus	Circumstances[39]	_	_	
12-38	2357-2358	;	_	_	_	
12-39	2359-2362	ore	Circumstances[40]	_	_	
12-40	2363-2369	quippe	Circumstances[40]	_	_	
12-41	2370-2376	claufo	Circumstances[40]	_	_	
12-42	2376-2377	,	_	_	_	
12-43	2378-2384	majori	_	_	_	
12-44	2385-2388	cum	_	_	_	
12-45	2389-2395	impetu	_	_	_	
12-46	2395-2396	,	_	_	_	
12-47	2397-2401	quám	_	_	_	
12-48	2402-2407	eodem	_	_	_	
12-49	2408-2414	aperto	_	_	_	
12-50	2414-2415	,	_	_	_	
12-51	2416-2417	С	_	_	_	
12-52	2419-2422	aér	_	_	_	
12-53	2423-2424	(	_	_	_	
12-54	2424-2425	P	_	_	_	
12-55	2425-2426	)	_	_	_	
12-56	2427-2436	Disquific	_	_	_	
12-57	2437-2445	anajomic	_	_	_	
12-58	2445-2446	,	_	_	_	
12-59	2447-2449	de	_	_	_	
12-60	2450-2457	formato	_	_	_	
12-61	2458-2462	fatw	_	_	_	
12-62	2463-2464	6	_	_	_	
12-63	2464-2465	.	_	_	_	
12-64	2465-2466	-	_	_	_	
12-65	2466-2467	6	_	_	_	
12-66	2467-2468	.	_	_	_	
12-67	2469-2473	baut	_	_	_	
12-68	2474-2478	pros	_	_	_	
12-69	2480-2485	Cicul	_	_	_	
12-70	2486-2487	à	_	_	_	
12-71	2488-2492	fine	_	_	_	
12-72	2492-2493	.	_	_	_	
12-73	2494-2496	eo	_	_	_	
12-74	2497-2500	doo	_	_	_	
12-75	2506-2509	aër	Odour\_Carrier	_	_	
12-76	2510-2515	nares	Perceiver	_	_	
12-77	2516-2526	ingreditur	_	_	_	
12-78	2526-2527	,	_	_	_	
12-79	2528-2529	&	_	_	_	
12-80	2530-2542	confequenter	_	_	_	
12-81	2543-2550	fortius	Effect[41]	_	_	
12-82	2551-2556	etiam	Effect[41]	_	_	
12-83	2557-2559	in	Effect[41]|Perceiver[42]	_	_	
12-84	2560-2566	narium	Effect[41]|Perceiver[42]	_	_	
12-85	2567-2576	membranas	Effect[41]|Perceiver[42]	_	_	
12-86	2577-2586	impingunt	Effect[41]	_	_	
12-87	2587-2596	odorifera	Smell\_Word	*|*|*|*|*|*|*	12-39[40_0]|12-75|12-76|12-83[42_0]|12-81[41_0]|12-94|12-90	
12-88	2596-2597	,	_	_	_	
12-89	2598-2601	quæ	_	_	_	
12-90	2602-2605	aër	Odour\_Carrier	_	_	
12-91	2606-2611	secum	_	_	_	
12-92	2612-2617	vehit	_	_	_	
12-93	2617-2618	,	_	_	_	
12-94	2619-2629	corpuscula	Smell\_Source	_	_	
12-95	2629-2630	.	_	_	_	
12-96	2631-2632	$	_	_	_	
12-97	2632-2633	.	_	_	_	
12-98	2634-2635	2	_	_	_	
12-99	2635-2636	.	_	_	_	

#Text=Quæritur autem I.mo: an eo temporis intervallo, quo inspirationem ceffare jubemus, aër, odoriferorum particulis permixtus, nares subintret nec ne?.
13-1	2637-2645	Quæritur	_	_	_	
13-2	2646-2651	autem	_	_	_	
13-3	2652-2656	I.mo	_	_	_	
13-4	2656-2657	:	_	_	_	
13-5	2658-2660	an	_	_	_	
13-6	2661-2663	eo	_	_	_	
13-7	2664-2672	temporis	_	_	_	
13-8	2673-2683	intervallo	_	_	_	
13-9	2683-2684	,	_	_	_	
13-10	2685-2688	quo	_	_	_	
13-11	2689-2702	inspirationem	_	_	_	
13-12	2703-2710	ceffare	_	_	_	
13-13	2711-2718	jubemus	_	_	_	
13-14	2718-2719	,	_	_	_	
13-15	2720-2723	aër	Odour\_Carrier	Same\_span	13-19	
13-16	2723-2724	,	_	_	_	
13-17	2725-2737	odoriferorum	Smell\_Word	*|*|*	13-18|13-15|13-21	
13-18	2738-2748	particulis	Smell\_Source	_	_	
13-19	2749-2758	permixtus	Odour\_Carrier	_	_	
13-20	2758-2759	,	_	_	_	
13-21	2760-2765	nares	Perceiver	_	_	
13-22	2766-2775	subintret	_	_	_	
13-23	2776-2779	nec	_	_	_	
13-24	2780-2782	ne	_	_	_	
13-25	2782-2783	?	_	_	_	
13-26	2783-2784	.	_	_	_	

#Text=Ad quod affirmanter respondeo.
14-1	2785-2787	Ad	_	_	_	
14-2	2788-2792	quod	_	_	_	
14-3	2793-2804	affirmanter	_	_	_	
14-4	2805-2814	respondeo	_	_	_	
14-5	2814-2815	.	_	_	_	
