#FORMAT=WebAnno TSV 3.3
#T_SP=custom.Span|label
#T_RL=custom.Relation|label|BT_custom.Span


#Text=zerſchnitten werden/ ſonſt werden ſie zaͤhe.
1-1	3-15	zerſchnitten	_	_	_	
1-2	16-22	werden	_	_	_	
1-3	22-23	/	_	_	_	
1-4	24-29	ſonſt	_	_	_	
1-5	30-36	werden	_	_	_	
1-6	37-40	ſie	_	_	_	
1-7	41-46	zaͤhe	_	_	_	
1-8	46-47	.	_	_	_	

#Text=Man
#Text=pflegt ihnen auch wohl einen Apffel ins Maul zu
#Text=thun.
2-1	48-51	Man	_	_	_	
2-2	52-58	pflegt	_	_	_	
2-3	59-64	ihnen	_	_	_	
2-4	65-69	auch	_	_	_	
2-5	70-74	wohl	_	_	_	
2-6	75-80	einen	_	_	_	
2-7	81-87	Apffel	_	_	_	
2-8	88-91	ins	_	_	_	
2-9	92-96	Maul	_	_	_	
2-10	97-99	zu	_	_	_	
2-11	100-104	thun	_	_	_	
2-12	104-105	.	_	_	_	

#Text=Ein Spanfercken zu fuͤllen.
3-1	109-112	Ein	_	_	_	
3-2	113-124	Spanfercken	_	_	_	
3-3	125-127	zu	_	_	_	
3-4	128-135	fuͤllen	_	_	_	
3-5	135-136	.	_	_	_	

#Text=Nehmt die Leber und gehoͤriges Eingeweid/ hackt
#Text=ſolches mit Peterſilien/ weiß Brod-Krumen/ auch
#Text=Pflaumen/ Corinthen/
#Text=Naͤgelein/ Muſcaten und
#Text=Caneel/ thut es zuſammen in einen Topff/ und laſt es
#Text=mit ein wenig Fleiſchbruͤhe durchkochen/
#Text=bewuͤrtzto-
#Text=der beſteckt das Fercken mit Naͤgelein/
#Text=fuͤllet es mit obi-
#Text=gen und bratet es.
4-1	138-143	Nehmt	_	_	_	
4-2	144-147	die	_	_	_	
4-3	148-153	Leber	_	_	_	
4-4	154-157	und	_	_	_	
4-5	158-168	gehoͤriges	_	_	_	
4-6	169-178	Eingeweid	_	_	_	
4-7	178-179	/	_	_	_	
4-8	180-185	hackt	_	_	_	
4-9	186-193	ſolches	_	_	_	
4-10	194-197	mit	_	_	_	
4-11	198-209	Peterſilien	_	_	_	
4-12	209-210	/	_	_	_	
4-13	211-215	weiß	_	_	_	
4-14	216-227	Brod-Krumen	_	_	_	
4-15	227-228	/	_	_	_	
4-16	229-233	auch	_	_	_	
4-17	234-242	Pflaumen	_	_	_	
4-18	242-243	/	_	_	_	
4-19	244-253	Corinthen	_	_	_	
4-20	253-254	/	_	_	_	
4-21	255-264	Naͤgelein	_	_	_	
4-22	264-265	/	_	_	_	
4-23	266-274	Muſcaten	_	_	_	
4-24	275-278	und	_	_	_	
4-25	279-285	Caneel	_	_	_	
4-26	285-286	/	_	_	_	
4-27	287-291	thut	_	_	_	
4-28	292-294	es	_	_	_	
4-29	295-303	zuſammen	_	_	_	
4-30	304-306	in	_	_	_	
4-31	307-312	einen	_	_	_	
4-32	313-318	Topff	_	_	_	
4-33	318-319	/	_	_	_	
4-34	320-323	und	_	_	_	
4-35	324-328	laſt	_	_	_	
4-36	329-331	es	_	_	_	
4-37	332-335	mit	_	_	_	
4-38	336-339	ein	_	_	_	
4-39	340-345	wenig	_	_	_	
4-40	346-359	Fleiſchbruͤhe	_	_	_	
4-41	360-371	durchkochen	_	_	_	
4-42	371-372	/	_	_	_	
4-43	373-383	bewuͤrtzto	_	_	_	
4-44	383-384	-	_	_	_	
4-45	385-388	der	_	_	_	
4-46	389-397	beſteckt	_	_	_	
4-47	398-401	das	_	_	_	
4-48	402-409	Fercken	_	_	_	
4-49	410-413	mit	_	_	_	
4-50	414-423	Naͤgelein	_	_	_	
4-51	423-424	/	_	_	_	
4-52	425-432	fuͤllet	_	_	_	
4-53	433-435	es	_	_	_	
4-54	436-439	mit	_	_	_	
4-55	440-443	obi	_	_	_	
4-56	443-444	-	_	_	_	
4-57	445-448	gen	_	_	_	
4-58	449-452	und	_	_	_	
4-59	453-459	bratet	_	_	_	
4-60	460-462	es	_	_	_	
4-61	462-463	.	_	_	_	

#Text=Einen Capaun zu kochen.
5-1	467-472	Einen	_	_	_	
5-2	473-479	Capaun	_	_	_	
5-3	480-482	zu	_	_	_	
5-4	483-489	kochen	_	_	_	
5-5	489-490	.	_	_	_	

#Text=Nehmet einen fetten Capaun/ kocht ihn mit Waſ-
#Text=ſer und Saltz/ ein wenig Muſcatenblumen/ und ein
#Text=Buͤndel wohlriechender Kraͤuter;
#Text=Wenn er mei-
#Text=ſtens gar iſt/ thut ein wenig Cappern darein.
6-1	492-498	Nehmet	_	_	_	
6-2	499-504	einen	_	_	_	
6-3	505-511	fetten	_	_	_	
6-4	512-518	Capaun	_	_	_	
6-5	518-519	/	_	_	_	
6-6	520-525	kocht	_	_	_	
6-7	526-529	ihn	_	_	_	
6-8	530-533	mit	_	_	_	
6-9	534-537	Waſ	_	_	_	
6-10	537-538	-	_	_	_	
6-11	539-542	ſer	_	_	_	
6-12	543-546	und	_	_	_	
6-13	547-552	Saltz	_	_	_	
6-14	552-553	/	_	_	_	
6-15	554-557	ein	_	_	_	
6-16	558-563	wenig	_	_	_	
6-17	564-578	Muſcatenblumen	_	_	_	
6-18	578-579	/	_	_	_	
6-19	580-583	und	_	_	_	
6-20	584-587	ein	_	_	_	
6-21	588-595	Buͤndel	_	_	_	
6-22	596-610	wohlriechender	Smell\_Word[1]|Quality[2]	*|*	6-22[2_1]|6-23[0_1]	
6-23	611-619	Kraͤuter	Smell\_Source	_	_	
6-24	619-620	;	_	_	_	
6-25	621-625	Wenn	_	_	_	
6-26	626-628	er	_	_	_	
6-27	629-632	mei	_	_	_	
6-28	632-633	-	_	_	_	
6-29	634-639	ſtens	_	_	_	
6-30	640-643	gar	_	_	_	
6-31	644-647	iſt	_	_	_	
6-32	647-648	/	_	_	_	
6-33	649-653	thut	_	_	_	
6-34	654-657	ein	_	_	_	
6-35	658-663	wenig	_	_	_	
6-36	664-671	Cappern	_	_	_	
6-37	672-678	darein	_	_	_	
6-38	678-679	.	_	_	_	

#Text=Nehmt
#Text=alsdenn ferner ein Semmelbrod/ zerreibts/ und bruͤ-
#Text=het es mit ein wenig Fett das von Capaunen gekom-
#Text=men;
#Text=Legt darnach den Capaunen auff dieſe Suppen/
#Text=
#Text=und legt aufſelben wiederum Muſcatenblumen/ und
#Text=viel Cappern/
#Text=Butter und Wein-Eßig.
7-1	680-685	Nehmt	_	_	_	
7-2	686-693	alsdenn	_	_	_	
7-3	694-700	ferner	_	_	_	
7-4	701-704	ein	_	_	_	
7-5	705-715	Semmelbrod	_	_	_	
7-6	715-716	/	_	_	_	
7-7	717-726	zerreibts	_	_	_	
7-8	726-727	/	_	_	_	
7-9	728-731	und	_	_	_	
7-10	732-736	bruͤ	_	_	_	
7-11	736-737	-	_	_	_	
7-12	738-741	het	_	_	_	
7-13	742-744	es	_	_	_	
7-14	745-748	mit	_	_	_	
7-15	749-752	ein	_	_	_	
7-16	753-758	wenig	_	_	_	
7-17	759-763	Fett	_	_	_	
7-18	764-767	das	_	_	_	
7-19	768-771	von	_	_	_	
7-20	772-780	Capaunen	_	_	_	
7-21	781-786	gekom	_	_	_	
7-22	786-787	-	_	_	_	
7-23	788-791	men	_	_	_	
7-24	791-792	;	_	_	_	
7-25	793-797	Legt	_	_	_	
7-26	798-805	darnach	_	_	_	
7-27	806-809	den	_	_	_	
7-28	810-818	Capaunen	_	_	_	
7-29	819-823	auff	_	_	_	
7-30	824-829	dieſe	_	_	_	
7-31	830-836	Suppen	_	_	_	
7-32	836-837	/	_	_	_	
7-33	839-842	und	_	_	_	
7-34	843-847	legt	_	_	_	
7-35	848-857	aufſelben	_	_	_	
7-36	858-866	wiederum	_	_	_	
7-37	867-881	Muſcatenblumen	_	_	_	
7-38	881-882	/	_	_	_	
7-39	883-886	und	_	_	_	
7-40	887-891	viel	_	_	_	
7-41	892-899	Cappern	_	_	_	
7-42	899-900	/	_	_	_	
7-43	901-907	Butter	_	_	_	
7-44	908-911	und	_	_	_	
7-45	912-921	Wein-Eßig	_	_	_	
7-46	921-922	.	_	_	_	

#Text=Einen Capaun auf Spaniſche Weiſe zu be-
#Text=reiten.
8-1	926-931	Einen	_	_	_	
8-2	932-938	Capaun	_	_	_	
8-3	939-942	auf	_	_	_	
8-4	943-952	Spaniſche	_	_	_	
8-5	953-958	Weiſe	_	_	_	
8-6	959-961	zu	_	_	_	
8-7	962-964	be	_	_	_	
8-8	964-965	-	_	_	_	
8-9	966-972	reiten	_	_	_	
8-10	972-973	.	_	_	_	

#Text=Kocht den Capaun mit drey oder vier Stuͤcken
#Text=Rind-Fleiſch/ nehmt denn gantze Muſcatenblumen/
#Text=
#Text=geſauberten Jngber/ Peterſilien-Wurtzeln/
9-1	975-980	Kocht	_	_	_	
9-2	981-984	den	_	_	_	
9-3	985-991	Capaun	_	_	_	
9-4	992-995	mit	_	_	_	
9-5	996-1000	drey	_	_	_	
9-6	1001-1005	oder	_	_	_	
9-7	1006-1010	vier	_	_	_	
9-8	1011-1019	Stuͤcken	_	_	_	
9-9	1020-1032	Rind-Fleiſch	_	_	_	
9-10	1032-1033	/	_	_	_	
9-11	1034-1039	nehmt	_	_	_	
9-12	1040-1044	denn	_	_	_	
9-13	1045-1051	gantze	_	_	_	
9-14	1052-1066	Muſcatenblumen	_	_	_	
9-15	1066-1067	/	_	_	_	
9-16	1069-1080	geſauberten	_	_	_	
9-17	1081-1087	Jngber	_	_	_	
9-18	1087-1088	/	_	_	_	
9-19	1089-1109	Peterſilien-Wurtzeln	_	_	_	
9-20	1109-1110	/	_	_	_	
