#FORMAT=WebAnno TSV 3.3


#Text=apta iis discernendis, quae comprehendi nequeunt.
1-1	2-6	apta	
1-2	7-10	iis	
1-3	11-23	discernendis	
1-4	23-24	,	
1-5	25-29	quae	
1-6	30-41	comprehendi	
1-7	42-50	nequeunt	
1-8	50-51	.	

#Text=In aliis Apum speciebus, v.g.
#Text=in Vespa, Proboscis longe minor est, nec adeo
#Text=notabili etiam gaudet longitudine:
#Text=cujus equidem discriminis haec mihi ratio esse
#Text=videtur, quod hisce Insectis, praeter Proboscidem, alia adhuc suppetat via, qua
#Text=ingerere pabulum possunt;
#Text=cum rapaces admodum, truculentae, atque avidissimae
#Text=sint Bestiolae.
2-1	54-56	In	
2-2	57-62	aliis	
2-3	63-67	Apum	
2-4	68-77	speciebus	
2-5	77-78	,	
2-6	79-82	v.g	
2-7	82-83	.	
2-8	84-86	in	
2-9	87-92	Vespa	
2-10	92-93	,	
2-11	94-103	Proboscis	
2-12	104-109	longe	
2-13	110-115	minor	
2-14	116-119	est	
2-15	119-120	,	
2-16	121-124	nec	
2-17	125-129	adeo	
2-18	130-138	notabili	
2-19	139-144	etiam	
2-20	145-151	gaudet	
2-21	152-163	longitudine	
2-22	163-164	:	
2-23	165-170	cujus	
2-24	171-178	equidem	
2-25	179-190	discriminis	
2-26	191-195	haec	
2-27	196-200	mihi	
2-28	201-206	ratio	
2-29	207-211	esse	
2-30	212-219	videtur	
2-31	219-220	,	
2-32	221-225	quod	
2-33	226-231	hisce	
2-34	232-240	Insectis	
2-35	240-241	,	
2-36	242-249	praeter	
2-37	250-261	Proboscidem	
2-38	261-262	,	
2-39	263-267	alia	
2-40	268-273	adhuc	
2-41	274-282	suppetat	
2-42	283-286	via	
2-43	286-287	,	
2-44	288-291	qua	
2-45	292-300	ingerere	
2-46	301-308	pabulum	
2-47	309-316	possunt	
2-48	316-317	;	
2-49	318-321	cum	
2-50	322-329	rapaces	
2-51	330-337	admodum	
2-52	337-338	,	
2-53	339-350	truculentae	
2-54	350-351	,	
2-55	352-357	atque	
2-56	358-369	avidissimae	
2-57	370-374	sint	
2-58	375-384	Bestiolae	
2-59	384-385	.	

#Text=Praesertim vero majori illi Apum speciei, quos Crabrones vocant,
#Text=ejus-
#Text=
#Text=andere saaken, die ik voorgestelt hebbe, soo ik die met de alderuyterste neerstigheid
#Text=wilde vervolgen, sou moeten geschieden.
3-1	386-396	Praesertim	
3-2	397-401	vero	
3-3	402-408	majori	
3-4	409-413	illi	
3-5	414-418	Apum	
3-6	419-426	speciei	
3-7	426-427	,	
3-8	428-432	quos	
3-9	433-442	Crabrones	
3-10	443-449	vocant	
3-11	449-450	,	
3-12	451-455	ejus	
3-13	455-456	-	
3-14	458-464	andere	
3-15	465-471	saaken	
3-16	471-472	,	
3-17	473-476	die	
3-18	477-479	ik	
3-19	480-491	voorgestelt	
3-20	492-497	hebbe	
3-21	497-498	,	
3-22	499-502	soo	
3-23	503-505	ik	
3-24	506-509	die	
3-25	510-513	met	
3-26	514-516	de	
3-27	517-530	alderuyterste	
3-28	531-543	neerstigheid	
3-29	544-549	wilde	
3-30	550-559	vervolgen	
3-31	559-560	,	
3-32	561-564	sou	
3-33	565-571	moeten	
3-34	572-582	geschieden	
3-35	582-583	.	

#Text=Men sou hier nu kunnen vraagen, of de Bye niet sou kunnen suygen, sonder syn
#Text=Kraakbeenig deelken van syn Snuit boogsgewys te spannen ofte te beweegen?
4-1	586-589	Men	
4-2	590-593	sou	
4-3	594-598	hier	
4-4	599-601	nu	
4-5	602-608	kunnen	
4-6	609-616	vraagen	
4-7	616-617	,	
4-8	618-620	of	
4-9	621-623	de	
4-10	624-627	Bye	
4-11	628-632	niet	
4-12	633-636	sou	
4-13	637-643	kunnen	
4-14	644-650	suygen	
4-15	650-651	,	
4-16	652-658	sonder	
4-17	659-662	syn	
4-18	663-674	Kraakbeenig	
4-19	675-682	deelken	
4-20	683-686	van	
4-21	687-690	syn	
4-22	691-696	Snuit	
4-23	697-707	boogsgewys	
4-24	708-710	te	
4-25	711-718	spannen	
4-26	719-723	ofte	
4-27	724-726	te	
4-28	727-735	beweegen	
4-29	735-736	?	

#Text=waar op my dunkt te kunnen antwoorden van ja, te weeten alleen met het toeknypen
#Text=
#Text=van zyne ademhalende Stippen en het dilateren van syn lichaam, waar door dan
#Text=de voortgedreeve lucht, egter den Honing inwaarts sou beweegen:
#Text=men siet ook
#Text=dat de Bye, om lucht in syne Longblaaskens te haalen, de ringen van den Onderbuik
#Text=in ende uytwaarts beweegt, op de wys als wy met onse Borst doen
#Text=, alsoo haar
#Text=Borst
#Text=onbeweeglyk is; waar om den Onderbuik dat officie bekleet in de Byen.
5-1	738-742	waar	
5-2	743-745	op	
5-3	746-748	my	
5-4	749-754	dunkt	
5-5	755-757	te	
5-6	758-764	kunnen	
5-7	765-775	antwoorden	
5-8	776-779	van	
5-9	780-782	ja	
5-10	782-783	,	
5-11	784-786	te	
5-12	787-793	weeten	
5-13	794-800	alleen	
5-14	801-804	met	
5-15	805-808	het	
5-16	809-818	toeknypen	
5-17	820-823	van	
5-18	824-828	zyne	
5-19	829-840	ademhalende	
5-20	841-848	Stippen	
5-21	849-851	en	
5-22	852-855	het	
5-23	856-865	dilateren	
5-24	866-869	van	
5-25	870-873	syn	
5-26	874-881	lichaam	
5-27	881-882	,	
5-28	883-887	waar	
5-29	888-892	door	
5-30	893-896	dan	
5-31	897-899	de	
5-32	900-913	voortgedreeve	
5-33	914-919	lucht	
5-34	919-920	,	
5-35	921-926	egter	
5-36	927-930	den	
5-37	931-937	Honing	
5-38	938-946	inwaarts	
5-39	947-950	sou	
5-40	951-959	beweegen	
5-41	959-960	:	
5-42	961-964	men	
5-43	965-969	siet	
5-44	970-973	ook	
5-45	974-977	dat	
5-46	978-980	de	
5-47	981-984	Bye	
5-48	984-985	,	
5-49	986-988	om	
5-50	989-994	lucht	
5-51	995-997	in	
5-52	998-1002	syne	
5-53	1003-1016	Longblaaskens	
5-54	1017-1019	te	
5-55	1020-1026	haalen	
5-56	1026-1027	,	
5-57	1028-1030	de	
5-58	1031-1037	ringen	
5-59	1038-1041	van	
5-60	1042-1045	den	
5-61	1046-1055	Onderbuik	
5-62	1056-1058	in	
5-63	1059-1063	ende	
5-64	1064-1073	uytwaarts	
5-65	1074-1081	beweegt	
5-66	1081-1082	,	
5-67	1083-1085	op	
5-68	1086-1088	de	
5-69	1089-1092	wys	
5-70	1093-1096	als	
5-71	1097-1099	wy	
5-72	1100-1103	met	
5-73	1104-1108	onse	
5-74	1109-1114	Borst	
5-75	1115-1119	doen	
5-76	1120-1121	,	
5-77	1122-1127	alsoo	
5-78	1128-1132	haar	
5-79	1133-1138	Borst	
5-80	1139-1150	onbeweeglyk	
5-81	1151-1153	is	
5-82	1153-1154	;	
5-83	1155-1159	waar	
5-84	1160-1162	om	
5-85	1163-1166	den	
5-86	1167-1176	Onderbuik	
5-87	1177-1180	dat	
5-88	1181-1188	officie	
5-89	1189-1196	bekleet	
5-90	1197-1199	in	
5-91	1200-1202	de	
5-92	1203-1207	Byen	
5-93	1207-1208	.	

#Text=Dit
#Text=beschreeve deelken dan is seer aanmerkelyk in de Byen, ende ik moet alhier tot
#Text=roem van den grooten ende den onbegrypelyken Maaker bekennen, dat ik niet als
#Text=maar simpel gepoogt hebbe, dit deelken te beschryven ende uyt te beelden:
#Text=want
#Text=om het na volmaaktheid ende waarheid te doen, dat gaat alle de menschelyke
#Text=bekwaamheid verre te boven, gelyk ook over al ons begrip en onse kragten te kort
#Text=schieten, om maar de Goddelyke Wysheid enkelyk in syne onvolprysselyke werken
#Text=te beschouwen;
#Text=wat heerelykheid moeten sy dan niet gehadt hebben, eer sy het
#Text=
#Text=Jan Swammerdam, Bybel der natuure of historie der insecten.
6-1	1209-1212	Dit	
6-2	1213-1223	beschreeve	
6-3	1224-1231	deelken	
6-4	1232-1235	dan	
6-5	1236-1238	is	
6-6	1239-1243	seer	
6-7	1244-1255	aanmerkelyk	
6-8	1256-1258	in	
6-9	1259-1261	de	
6-10	1262-1266	Byen	
6-11	1266-1267	,	
6-12	1268-1272	ende	
6-13	1273-1275	ik	
6-14	1276-1280	moet	
6-15	1281-1287	alhier	
6-16	1288-1291	tot	
6-17	1292-1296	roem	
6-18	1297-1300	van	
6-19	1301-1304	den	
6-20	1305-1312	grooten	
6-21	1313-1317	ende	
6-22	1318-1321	den	
6-23	1322-1336	onbegrypelyken	
6-24	1337-1343	Maaker	
6-25	1344-1352	bekennen	
6-26	1352-1353	,	
6-27	1354-1357	dat	
6-28	1358-1360	ik	
6-29	1361-1365	niet	
6-30	1366-1369	als	
6-31	1370-1374	maar	
6-32	1375-1381	simpel	
6-33	1382-1389	gepoogt	
6-34	1390-1395	hebbe	
6-35	1395-1396	,	
6-36	1397-1400	dit	
6-37	1401-1408	deelken	
6-38	1409-1411	te	
6-39	1412-1422	beschryven	
6-40	1423-1427	ende	
6-41	1428-1431	uyt	
6-42	1432-1434	te	
6-43	1435-1442	beelden	
6-44	1442-1443	:	
6-45	1444-1448	want	
6-46	1449-1451	om	
6-47	1452-1455	het	
6-48	1456-1458	na	
6-49	1459-1471	volmaaktheid	
6-50	1472-1476	ende	
6-51	1477-1485	waarheid	
6-52	1486-1488	te	
6-53	1489-1493	doen	
6-54	1493-1494	,	
6-55	1495-1498	dat	
6-56	1499-1503	gaat	
6-57	1504-1508	alle	
6-58	1509-1511	de	
6-59	1512-1523	menschelyke	
6-60	1524-1535	bekwaamheid	
6-61	1536-1541	verre	
6-62	1542-1544	te	
6-63	1545-1550	boven	
6-64	1550-1551	,	
6-65	1552-1557	gelyk	
6-66	1558-1561	ook	
6-67	1562-1566	over	
6-68	1567-1569	al	
6-69	1570-1573	ons	
6-70	1574-1580	begrip	
6-71	1581-1583	en	
6-72	1584-1588	onse	
6-73	1589-1596	kragten	
6-74	1597-1599	te	
6-75	1600-1604	kort	
6-76	1605-1613	schieten	
6-77	1613-1614	,	
6-78	1615-1617	om	
6-79	1618-1622	maar	
6-80	1623-1625	de	
6-81	1626-1635	Goddelyke	
6-82	1636-1643	Wysheid	
6-83	1644-1651	enkelyk	
6-84	1652-1654	in	
6-85	1655-1659	syne	
6-86	1660-1675	onvolprysselyke	
6-87	1676-1682	werken	
6-88	1683-1685	te	
6-89	1686-1696	beschouwen	
6-90	1696-1697	;	
6-91	1698-1701	wat	
6-92	1702-1714	heerelykheid	
6-93	1715-1721	moeten	
6-94	1722-1724	sy	
6-95	1725-1728	dan	
6-96	1729-1733	niet	
6-97	1734-1740	gehadt	
6-98	1741-1747	hebben	
6-99	1747-1748	,	
6-100	1749-1752	eer	
6-101	1753-1755	sy	
6-102	1756-1759	het	
6-103	1761-1764	Jan	
6-104	1765-1775	Swammerdam	
6-105	1775-1776	,	
6-106	1777-1782	Bybel	
6-107	1783-1786	der	
6-108	1787-1794	natuure	
6-109	1795-1797	of	
6-110	1798-1806	historie	
6-111	1807-1810	der	
6-112	1811-1819	insecten	
6-113	1819-1820	.	

#Text=Deel 1
#Text=
#Text=\fverderf onderworpen waaren!
7-1	1821-1825	Deel	
7-2	1826-1827	1	
7-3	1830-1837	verderf	
7-4	1838-1849	onderworpen	
7-5	1850-1856	waaren	
7-6	1856-1857	!	

#Text=En seekerlyk dit eene deelken is soo bysonder treffelyk
#Text=van maaksel, dat het een hooftstuk van GODS
#Text=Almogentheid kan ende mag genoemt
#Text=worden;
8-1	1858-1860	En	
8-2	1861-1870	seekerlyk	
8-3	1871-1874	dit	
8-4	1875-1879	eene	
8-5	1880-1887	deelken	
8-6	1888-1890	is	
8-7	1891-1894	soo	
8-8	1895-1903	bysonder	
8-9	1904-1913	treffelyk	
8-10	1914-1917	van	
8-11	1918-1925	maaksel	
8-12	1925-1926	,	
8-13	1927-1930	dat	
8-14	1931-1934	het	
8-15	1935-1938	een	
8-16	1939-1948	hooftstuk	
8-17	1949-1952	van	
8-18	1953-1957	GODS	
8-19	1958-1970	Almogentheid	
8-20	1971-1974	kan	
8-21	1975-1979	ende	
8-22	1980-1983	mag	
8-23	1984-1991	genoemt	
8-24	1992-1998	worden	
8-25	1998-1999	;	
