#FORMAT=WebAnno TSV 3.3


#Text=Ma qui non misi più piede in Biblioteca.
1-1	0-2	Ma	
1-2	3-6	qui	
1-3	7-10	non	
1-4	11-15	misi	
1-5	16-20	più	
1-6	21-26	piede	
1-7	27-29	in	
1-8	30-40	Biblioteca	
1-9	40-41	.	

#Text=Secondo un detto genovese “un bon pasto o dûa (dura) trei giorni” e una mia nipote afferma che è misura di buona economia l’imbandire pranzi lauti e sontuosi poiché cogli avanzi si sbarca il lunario per una settimana.
2-1	42-49	Secondo	
2-2	50-52	un	
2-3	53-58	detto	
2-4	59-67	genovese	
2-5	68-69	“	
2-6	69-71	un	
2-7	72-75	bon	
2-8	76-81	pasto	
2-9	82-83	o	
2-10	84-88	dûa	
2-11	89-90	(	
2-12	90-94	dura	
2-13	94-95	)	
2-14	96-100	trei	
2-15	101-107	giorni	
2-16	107-108	”	
2-17	109-110	e	
2-18	111-114	una	
2-19	115-118	mia	
2-20	119-125	nipote	
2-21	126-133	afferma	
2-22	134-137	che	
2-23	138-140	è	
2-24	141-147	misura	
2-25	148-150	di	
2-26	151-156	buona	
2-27	157-165	economia	
2-28	166-167	l	
2-29	167-168	’	
2-30	168-177	imbandire	
2-31	178-184	pranzi	
2-32	185-190	lauti	
2-33	191-192	e	
2-34	193-201	sontuosi	
2-35	202-209	poiché	
2-36	210-215	cogli	
2-37	216-222	avanzi	
2-38	223-225	si	
2-39	226-232	sbarca	
2-40	233-235	il	
2-41	236-243	lunario	
2-42	244-247	per	
2-43	248-251	una	
2-44	252-261	settimana	
2-45	261-262	.	

#Text=La nipote esagera, ma certo nelle case non signorili il saper preparare gli avanzi in modo ancor presentabile e mangiabile è un bel risparmio.
3-1	263-265	La	
3-2	266-272	nipote	
3-3	273-280	esagera	
3-4	280-281	,	
3-5	282-284	ma	
3-6	285-290	certo	
3-7	291-296	nelle	
3-8	297-301	case	
3-9	302-305	non	
3-10	306-315	signorili	
3-11	316-318	il	
3-12	319-324	saper	
3-13	325-334	preparare	
3-14	335-338	gli	
3-15	339-345	avanzi	
3-16	346-348	in	
3-17	349-353	modo	
3-18	354-359	ancor	
3-19	360-372	presentabile	
3-20	373-374	e	
3-21	375-385	mangiabile	
3-22	386-388	è	
3-23	389-391	un	
3-24	392-395	bel	
3-25	396-405	risparmio	
3-26	405-406	.	

#Text=Saranno sempre avanzi ed avranno perduto la freschezza ed il sapore del piatto originario.
4-1	407-414	Saranno	
4-2	415-421	sempre	
4-3	422-428	avanzi	
4-4	429-431	ed	
4-5	432-439	avranno	
4-6	440-447	perduto	
4-7	448-450	la	
4-8	451-461	freschezza	
4-9	462-464	ed	
4-10	465-467	il	
4-11	468-474	sapore	
4-12	475-478	del	
4-13	479-485	piatto	
4-14	486-496	originario	
4-15	496-497	.	

#Text=Basti la fama infame che vitupera i cavoli riscaldati; ma tuttavia un piatto sano, nutriente e spesso appetitoso, se ne potrà cavare, come si potrà cavare anche da questo libro, per imperfetto che sia, qualche non inutile notizia o consiglio.
5-1	498-503	Basti	
5-2	504-506	la	
5-3	507-511	fama	
5-4	512-518	infame	
5-5	519-522	che	
5-6	523-531	vitupera	
5-7	532-533	i	
5-8	534-540	cavoli	
5-9	541-551	riscaldati	
5-10	551-552	;	
5-11	553-555	ma	
5-12	556-564	tuttavia	
5-13	565-567	un	
5-14	568-574	piatto	
5-15	575-579	sano	
5-16	579-580	,	
5-17	581-590	nutriente	
5-18	591-592	e	
5-19	593-599	spesso	
5-20	600-610	appetitoso	
5-21	610-611	,	
5-22	612-614	se	
5-23	615-617	ne	
5-24	618-624	potrà	
5-25	625-631	cavare	
5-26	631-632	,	
5-27	633-637	come	
5-28	638-640	si	
5-29	641-647	potrà	
5-30	648-654	cavare	
5-31	655-660	anche	
5-32	661-663	da	
5-33	664-670	questo	
5-34	671-676	libro	
5-35	676-677	,	
5-36	678-681	per	
5-37	682-692	imperfetto	
5-38	693-696	che	
5-39	697-700	sia	
5-40	700-701	,	
5-41	702-709	qualche	
5-42	710-713	non	
5-43	714-721	inutile	
5-44	722-729	notizia	
5-45	730-731	o	
5-46	732-741	consiglio	
5-47	741-742	.	

#Text=Dico imperfetto anche perché non è originale, ma è una raccolta, una antologia, un sillabo di ricette spigolate qua e là nei libri italiani e talora stranieri, o nei giornali di cucina dove sono sparpagliate.
6-1	743-747	Dico	
6-2	748-758	imperfetto	
6-3	759-764	anche	
6-4	765-772	perché	
6-5	773-776	non	
6-6	777-779	è	
6-7	780-789	originale	
6-8	789-790	,	
6-9	791-793	ma	
6-10	794-796	è	
6-11	797-800	una	
6-12	801-809	raccolta	
6-13	809-810	,	
6-14	811-814	una	
6-15	815-824	antologia	
6-16	824-825	,	
6-17	826-828	un	
6-18	829-836	sillabo	
6-19	837-839	di	
6-20	840-847	ricette	
6-21	848-857	spigolate	
6-22	858-861	qua	
6-23	862-863	e	
6-24	864-867	là	
6-25	868-871	nei	
6-26	872-877	libri	
6-27	878-886	italiani	
6-28	887-888	e	
6-29	889-895	talora	
6-30	896-905	stranieri	
6-31	905-906	,	
6-32	907-908	o	
6-33	909-912	nei	
6-34	913-921	giornali	
6-35	922-924	di	
6-36	925-931	cucina	
6-37	932-936	dove	
6-38	937-941	sono	
6-39	942-954	sparpagliate	
6-40	954-955	.	

#Text=E sia questo ben fermo ed inteso, perché dopo qualcuno non venga a infamarmi come plagiario o peggio.
7-1	956-957	E	
7-2	958-961	sia	
7-3	962-968	questo	
7-4	969-972	ben	
7-5	973-978	fermo	
7-6	979-981	ed	
7-7	982-988	inteso	
7-8	988-989	,	
7-9	990-997	perché	
7-10	998-1002	dopo	
7-11	1003-1011	qualcuno	
7-12	1012-1015	non	
7-13	1016-1021	venga	
7-14	1022-1023	a	
7-15	1024-1033	infamarmi	
7-16	1034-1038	come	
7-17	1039-1048	plagiario	
7-18	1049-1050	o	
7-19	1051-1057	peggio	
7-20	1057-1058	.	

#Text=Noto anche la smorfia che fanno certi bigotti del purismo al verbo utilizzare, ma non ne ho saputo trovare uno più adatto nel mio caso.
8-1	1059-1063	Noto	
8-2	1064-1069	anche	
8-3	1070-1072	la	
8-4	1073-1080	smorfia	
8-5	1081-1084	che	
8-6	1085-1090	fanno	
8-7	1091-1096	certi	
8-8	1097-1104	bigotti	
8-9	1105-1108	del	
8-10	1109-1116	purismo	
8-11	1117-1119	al	
8-12	1120-1125	verbo	
8-13	1126-1136	utilizzare	
8-14	1136-1137	,	
8-15	1138-1140	ma	
8-16	1141-1144	non	
8-17	1145-1147	ne	
8-18	1148-1150	ho	
8-19	1151-1157	saputo	
8-20	1158-1165	trovare	
8-21	1166-1169	uno	
8-22	1170-1174	più	
8-23	1175-1181	adatto	
8-24	1182-1185	nel	
8-25	1186-1189	mio	
8-26	1190-1194	caso	
8-27	1194-1195	.	

#Text=Del resto anche Santa Madre Crusca lo ammette nel suo grembo con un esempio del Magalotti.
9-1	1196-1199	Del	
9-2	1200-1205	resto	
9-3	1206-1211	anche	
9-4	1212-1217	Santa	
9-5	1218-1223	Madre	
9-6	1224-1230	Crusca	
9-7	1231-1233	lo	
9-8	1234-1241	ammette	
9-9	1242-1245	nel	
9-10	1246-1249	suo	
9-11	1250-1256	grembo	
9-12	1257-1260	con	
9-13	1261-1263	un	
9-14	1264-1271	esempio	
9-15	1272-1275	del	
9-16	1276-1285	Magalotti	
9-17	1285-1286	.	

#Text=Non è l’autorità di Dante o del Petrarca, ma trattandosi di avanzi di cucina spero di esser facilmente assolto.
10-1	1287-1290	Non	
10-2	1291-1293	è	
10-3	1294-1295	l	
10-4	1295-1296	’	
10-5	1296-1305	autorità	
10-6	1306-1308	di	
10-7	1309-1314	Dante	
10-8	1315-1316	o	
10-9	1317-1320	del	
10-10	1321-1329	Petrarca	
10-11	1329-1330	,	
10-12	1331-1333	ma	
10-13	1334-1345	trattandosi	
10-14	1346-1348	di	
10-15	1349-1355	avanzi	
10-16	1356-1358	di	
10-17	1359-1365	cucina	
10-18	1366-1371	spero	
10-19	1372-1374	di	
10-20	1375-1380	esser	
10-21	1381-1391	facilmente	
10-22	1392-1399	assolto	
10-23	1399-1400	.	

#Text=Ma una menda alla quale non posso rimediare nè colla contrizione, nè colla confessione, è la frequente mancanza delle dosi, dei pesi e del tempo di cottura, qualità che rendono così utile e prezioso il libro dell’Artusi.
11-1	1401-1403	Ma	
11-2	1404-1407	una	
11-3	1408-1413	menda	
11-4	1414-1418	alla	
11-5	1419-1424	quale	
11-6	1425-1428	non	
11-7	1429-1434	posso	
11-8	1435-1444	rimediare	
11-9	1445-1448	nè	
11-10	1449-1454	colla	
11-11	1455-1466	contrizione	
11-12	1466-1467	,	
11-13	1468-1471	nè	
11-14	1472-1477	colla	
11-15	1478-1489	confessione	
11-16	1489-1490	,	
11-17	1491-1493	è	
11-18	1494-1496	la	
11-19	1497-1506	frequente	
11-20	1507-1515	mancanza	
11-21	1516-1521	delle	
11-22	1522-1526	dosi	
11-23	1526-1527	,	
11-24	1528-1531	dei	
11-25	1532-1536	pesi	
11-26	1537-1538	e	
11-27	1539-1542	del	
11-28	1543-1548	tempo	
11-29	1549-1551	di	
11-30	1552-1559	cottura	
11-31	1559-1560	,	
11-32	1561-1569	qualità	
11-33	1570-1573	che	
11-34	1574-1581	rendono	
11-35	1582-1587	così	
11-36	1588-1593	utile	
11-37	1594-1595	e	
11-38	1596-1604	prezioso	
11-39	1605-1607	il	
11-40	1608-1613	libro	
11-41	1614-1618	dell	
11-42	1618-1619	’	
11-43	1619-1625	Artusi	
11-44	1625-1626	.	

#Text=La sola spiegazione, ma non giustificazione, sta in questo, che i libri da me spogliati non li recavano e nella mia cucina che serve solo per tre persone di poco pasto, non avevo agio, nè qualche cosa altro, per provare e riprovare.
12-1	1627-1629	La	
12-2	1630-1634	sola	
12-3	1635-1646	spiegazione	
12-4	1646-1647	,	
12-5	1648-1650	ma	
12-6	1651-1654	non	
12-7	1655-1670	giustificazione	
12-8	1670-1671	,	
12-9	1672-1675	sta	
12-10	1676-1678	in	
12-11	1679-1685	questo	
12-12	1685-1686	,	
12-13	1687-1690	che	
12-14	1691-1692	i	
12-15	1693-1698	libri	
12-16	1699-1701	da	
12-17	1702-1704	me	
12-18	1705-1714	spogliati	
12-19	1715-1718	non	
12-20	1719-1721	li	
12-21	1722-1730	recavano	
12-22	1731-1732	e	
12-23	1733-1738	nella	
12-24	1739-1742	mia	
12-25	1743-1749	cucina	
12-26	1750-1753	che	
12-27	1754-1759	serve	
12-28	1760-1764	solo	
12-29	1765-1768	per	
12-30	1769-1772	tre	
12-31	1773-1780	persone	
12-32	1781-1783	di	
12-33	1784-1788	poco	
12-34	1789-1794	pasto	
12-35	1794-1795	,	
12-36	1796-1799	non	
12-37	1800-1805	avevo	
12-38	1806-1810	agio	
12-39	1810-1811	,	
12-40	1812-1815	nè	
12-41	1816-1823	qualche	
12-42	1824-1828	cosa	
12-43	1829-1834	altro	
12-44	1834-1835	,	
12-45	1836-1839	per	
12-46	1840-1847	provare	
12-47	1848-1849	e	
12-48	1850-1859	riprovare	
12-49	1859-1860	.	

#Text=Del resto se chi tiene il manico della casseruola ha qualche pratica dell’arte, si orizzonterà subito.
13-1	1861-1864	Del	
13-2	1865-1870	resto	
13-3	1871-1873	se	
13-4	1874-1877	chi	
13-5	1878-1883	tiene	
13-6	1884-1886	il	
13-7	1887-1893	manico	
13-8	1894-1899	della	
13-9	1900-1910	casseruola	
13-10	1911-1913	ha	
13-11	1914-1921	qualche	
13-12	1922-1929	pratica	
13-13	1930-1934	dell	
13-14	1934-1935	’	
13-15	1935-1939	arte	
13-16	1939-1940	,	
13-17	1941-1943	si	
13-18	1944-1956	orizzonterà	
13-19	1957-1963	subito	
13-20	1963-1964	.	

#Text=Colla pazienza e il giudizio si vincono anche queste piccole difficoltà.
14-1	1965-1970	Colla	
14-2	1971-1979	pazienza	
14-3	1980-1981	e	
14-4	1982-1984	il	
14-5	1985-1993	giudizio	
14-6	1994-1996	si	
14-7	1997-2004	vincono	
14-8	2005-2010	anche	
14-9	2011-2017	queste	
14-10	2018-2025	piccole	
14-11	2026-2037	difficoltà	
14-12	2037-2038	.	

#Text=L’asino modesto e che ha giudizio sa far le polpette, ma tanti professori che fingono di averne, ahimè no!
15-1	2039-2040	L	
15-2	2040-2041	’	
15-3	2041-2046	asino	
15-4	2047-2054	modesto	
15-5	2055-2056	e	
15-6	2057-2060	che	
15-7	2061-2063	ha	
15-8	2064-2072	giudizio	
15-9	2073-2075	sa	
15-10	2076-2079	far	
15-11	2080-2082	le	
15-12	2083-2091	polpette	
15-13	2091-2092	,	
15-14	2093-2095	ma	
15-15	2096-2101	tanti	
15-16	2102-2112	professori	
15-17	2113-2116	che	
15-18	2117-2124	fingono	
15-19	2125-2127	di	
15-20	2128-2134	averne	
15-21	2134-2135	,	
15-22	2136-2142	ahimè	
15-23	2143-2145	no	
15-24	2145-2146	!	

#Text=Archestrato...
16-1	2147-2158	Archestrato	
16-2	2158-2159	.	
16-3	2159-2160	.	
16-4	2160-2161	.	

#Text=Archestrato?
17-1	2162-2173	Archestrato	
17-2	2173-2174	?	

#Text=Chi era costui?
18-1	2175-2178	Chi	
18-2	2179-2182	era	
18-3	2183-2189	costui	
18-4	2189-2190	?	

#Text=direbbe Don Abbondio.
19-1	2191-2198	direbbe	
19-2	2199-2202	Don	
19-3	2203-2211	Abbondio	
19-4	2211-2212	.	

#Text=Costui era un poeta siciliano al tempo di Alessandro Magno, nientemeno, ed alcuni frammenti di un suo poema ci furono conservati da Ateneo.
20-1	2213-2219	Costui	
20-2	2220-2223	era	
20-3	2224-2226	un	
20-4	2227-2232	poeta	
20-5	2233-2242	siciliano	
20-6	2243-2245	al	
20-7	2246-2251	tempo	
20-8	2252-2254	di	
20-9	2255-2265	Alessandro	
20-10	2266-2271	Magno	
20-11	2271-2272	,	
20-12	2273-2283	nientemeno	
20-13	2283-2284	,	
20-14	2285-2287	ed	
20-15	2288-2294	alcuni	
20-16	2295-2304	frammenti	
20-17	2305-2307	di	
20-18	2308-2310	un	
20-19	2311-2314	suo	
20-20	2315-2320	poema	
20-21	2321-2323	ci	
20-22	2324-2330	furono	
20-23	2331-2341	conservati	
20-24	2342-2344	da	
20-25	2345-2351	Ateneo	
20-26	2351-2352	.	

#Text=In quel poema narra un viaggio, o finto o vero, da lui fatto in Grecia cercando e cantando i cibi migliori, specialmente i pesci, per cui i pedanti lo stimarono e lo dissero un ghiottone.
21-1	2353-2355	In	
21-2	2356-2360	quel	
21-3	2361-2366	poema	
21-4	2367-2372	narra	
21-5	2373-2375	un	
21-6	2376-2383	viaggio	
21-7	2383-2384	,	
21-8	2385-2386	o	
21-9	2387-2392	finto	
21-10	2393-2394	o	
21-11	2395-2399	vero	
21-12	2399-2400	,	
21-13	2401-2403	da	
21-14	2404-2407	lui	
21-15	2408-2413	fatto	
21-16	2414-2416	in	
21-17	2417-2423	Grecia	
21-18	2424-2432	cercando	
21-19	2433-2434	e	
21-20	2435-2443	cantando	
21-21	2444-2445	i	
21-22	2446-2450	cibi	
21-23	2451-2459	migliori	
21-24	2459-2460	,	
21-25	2461-2473	specialmente	
21-26	2474-2475	i	
21-27	2476-2481	pesci	
21-28	2481-2482	,	
21-29	2483-2486	per	
21-30	2487-2490	cui	
21-31	2491-2492	i	
21-32	2493-2500	pedanti	
21-33	2501-2503	lo	
21-34	2504-2513	stimarono	
21-35	2514-2515	e	
21-36	2516-2518	lo	
21-37	2519-2526	dissero	
21-38	2527-2529	un	
21-39	2530-2539	ghiottone	
21-40	2539-2540	.	

#Text=Così gli stessi pedanti stimeranno l’Artusi e me, se questo libro avesse qualche fiato di vita; e Dio sa se mangiavamo poco e bevevamo meno!
22-1	2541-2546	Così	
22-2	2547-2550	gli	
22-3	2551-2557	stessi	
22-4	2558-2565	pedanti	
22-5	2566-2576	stimeranno	
22-6	2577-2578	l	
22-7	2578-2579	’	
22-8	2579-2585	Artusi	
22-9	2586-2587	e	
22-10	2588-2590	me	
22-11	2590-2591	,	
22-12	2592-2594	se	
22-13	2595-2601	questo	
22-14	2602-2607	libro	
22-15	2608-2614	avesse	
22-16	2615-2622	qualche	
22-17	2623-2628	fiato	
22-18	2629-2631	di	
22-19	2632-2636	vita	
22-20	2636-2637	;	
22-21	2638-2639	e	
22-22	2640-2643	Dio	
22-23	2644-2646	sa	
22-24	2647-2649	se	
22-25	2650-2660	mangiavamo	
22-26	2661-2665	poco	
22-27	2666-2667	e	
22-28	2668-2676	bevevamo	
22-29	2677-2681	meno	
22-30	2681-2682	!	

#Text=Ma non temendo denti avvelenati, anzi forse appunto per questo, libero il volume anche per la ragione che avendo scritto in vita assai cose inutili ed insulse, voglio finire con un libro serio, o almeno capace di procurarmi qualche gratitudine dalle cuoche, quando sarò dove gli avanzi non si ricucinano più.
23-1	2683-2685	Ma	
23-2	2686-2689	non	
23-3	2690-2697	temendo	
23-4	2698-2703	denti	
23-5	2704-2714	avvelenati	
23-6	2714-2715	,	
23-7	2716-2720	anzi	
23-8	2721-2726	forse	
23-9	2727-2734	appunto	
23-10	2735-2738	per	
23-11	2739-2745	questo	
23-12	2745-2746	,	
23-13	2747-2753	libero	
23-14	2754-2756	il	
23-15	2757-2763	volume	
23-16	2764-2769	anche	
23-17	2770-2773	per	
23-18	2774-2776	la	
23-19	2777-2784	ragione	
23-20	2785-2788	che	
23-21	2789-2795	avendo	
23-22	2796-2803	scritto	
23-23	2804-2806	in	
23-24	2807-2811	vita	
23-25	2812-2817	assai	
23-26	2818-2822	cose	
23-27	2823-2830	inutili	
23-28	2831-2833	ed	
23-29	2834-2841	insulse	
23-30	2841-2842	,	
23-31	2843-2849	voglio	
23-32	2850-2856	finire	
23-33	2857-2860	con	
23-34	2861-2863	un	
23-35	2864-2869	libro	
23-36	2870-2875	serio	
23-37	2875-2876	,	
23-38	2877-2878	o	
23-39	2879-2885	almeno	
23-40	2886-2892	capace	
23-41	2893-2895	di	
23-42	2896-2906	procurarmi	
23-43	2907-2914	qualche	
23-44	2915-2926	gratitudine	
23-45	2927-2932	dalle	
23-46	2933-2939	cuoche	
23-47	2939-2940	,	
23-48	2941-2947	quando	
23-49	2948-2953	sarò	
23-50	2954-2958	dove	
23-51	2959-2962	gli	
23-52	2963-2969	avanzi	
23-53	2970-2973	non	
23-54	2974-2976	si	
23-55	2977-2987	ricucinano	
23-56	2988-2992	più	
23-57	2992-2993	.	

#Text=E così sia.
24-1	2994-2995	E	
24-2	2996-3001	così	
24-3	3002-3005	sia	
24-4	3005-3006	.	

#Text=I.Alcune salse principali ed altri accessori occorrenti per ricucinare gli avanzi
#Text=Osservazioni preliminari
#Text=La famiglia delle salse è numerosa come le stelle del cielo e le arene del mare.
25-1	3008-3016	I.Alcune	
25-2	3017-3022	salse	
25-3	3023-3033	principali	
25-4	3034-3036	ed	
25-5	3037-3042	altri	
25-6	3043-3052	accessori	
25-7	3053-3063	occorrenti	
25-8	3064-3067	per	
25-9	3068-3078	ricucinare	
25-10	3079-3082	gli	
25-11	3083-3089	avanzi	
25-12	3090-3102	Osservazioni	
25-13	3103-3114	preliminari	
25-14	3115-3117	La	
25-15	3118-3126	famiglia	
25-16	3127-3132	delle	
25-17	3133-3138	salse	
25-18	3139-3141	è	
25-19	3142-3150	numerosa	
25-20	3151-3155	come	
25-21	3156-3158	le	
25-22	3159-3165	stelle	
25-23	3166-3169	del	
25-24	3170-3175	cielo	
25-25	3176-3177	e	
25-26	3178-3180	le	
25-27	3181-3186	arene	
25-28	3187-3190	del	
25-29	3191-3195	mare	
25-30	3195-3196	.	

#Text=Ho escluso qui, o quasi, quelle che si servono in salsiera per accompagnamento, parendomi che gli avanzi a quel modo non siano rifatti, ma solo canditi!
26-1	3197-3199	Ho	
26-2	3200-3207	escluso	
26-3	3208-3211	qui	
26-4	3211-3212	,	
26-5	3213-3214	o	
26-6	3215-3220	quasi	
26-7	3220-3221	,	
26-8	3222-3228	quelle	
26-9	3229-3232	che	
26-10	3233-3235	si	
26-11	3236-3243	servono	
26-12	3244-3246	in	
26-13	3247-3255	salsiera	
26-14	3256-3259	per	
26-15	3260-3275	accompagnamento	
26-16	3275-3276	,	
26-17	3277-3286	parendomi	
26-18	3287-3290	che	
26-19	3291-3294	gli	
26-20	3295-3301	avanzi	
26-21	3302-3303	a	
26-22	3304-3308	quel	
26-23	3309-3313	modo	
26-24	3314-3317	non	
26-25	3318-3323	siano	
26-26	3324-3331	rifatti	
26-27	3331-3332	,	
26-28	3333-3335	ma	
26-29	3336-3340	solo	
26-30	3341-3348	canditi	
26-31	3348-3349	!	

#Text=Ho scelto invece quelle entro le quali gli avanzi possono essere immersi, per lo più a caldo, ed insaporiti.
27-1	3350-3352	Ho	
27-2	3353-3359	scelto	
27-3	3360-3366	invece	
27-4	3367-3373	quelle	
27-5	3374-3379	entro	
27-6	3380-3382	le	
27-7	3383-3388	quali	
27-8	3389-3392	gli	
27-9	3393-3399	avanzi	
27-10	3400-3407	possono	
27-11	3408-3414	essere	
27-12	3415-3422	immersi	
27-13	3422-3423	,	
27-14	3424-3427	per	
27-15	3428-3430	lo	
27-16	3431-3435	più	
27-17	3436-3437	a	
27-18	3438-3443	caldo	
27-19	3443-3444	,	
27-20	3445-3447	ed	
27-21	3448-3458	insaporiti	
27-22	3458-3459	.	

#Text=È necessario però, nel maggior numero dei casi, che l’avanzo si riscaldi, sì, ma non bolla, sotto pena di risecchire, specie le carni magre arrosto.
28-1	3460-3462	È	
28-2	3463-3473	necessario	
28-3	3474-3479	però	
28-4	3479-3480	,	
28-5	3481-3484	nel	
28-6	3485-3492	maggior	
28-7	3493-3499	numero	
28-8	3500-3503	dei	
28-9	3504-3508	casi	
28-10	3508-3509	,	
28-11	3510-3513	che	
28-12	3514-3515	l	
28-13	3515-3516	’	
28-14	3516-3522	avanzo	
28-15	3523-3525	si	
28-16	3526-3534	riscaldi	
28-17	3534-3535	,	
28-18	3536-3539	sì	
28-19	3539-3540	,	
28-20	3541-3543	ma	
28-21	3544-3547	non	
28-22	3548-3553	bolla	
28-23	3553-3554	,	
28-24	3555-3560	sotto	
28-25	3561-3565	pena	
28-26	3566-3568	di	
28-27	3569-3579	risecchire	
28-28	3579-3580	,	
28-29	3581-3587	specie	
28-30	3588-3590	le	
28-31	3591-3596	carni	
28-32	3597-3602	magre	
28-33	3603-3610	arrosto	
28-34	3610-3611	.	

#Text=La pratica vi suggerirà ed insegnerà quello che non possono fare le parole morte di un libro.
29-1	3612-3614	La	
29-2	3615-3622	pratica	
29-3	3623-3625	vi	
29-4	3626-3636	suggerirà	
29-5	3637-3639	ed	
29-6	3640-3650	insegnerà	
29-7	3651-3657	quello	
29-8	3658-3661	che	
29-9	3662-3665	non	
29-10	3666-3673	possono	
29-11	3674-3678	fare	
29-12	3679-3681	le	
29-13	3682-3688	parole	
29-14	3689-3694	morte	
29-15	3695-3697	di	
29-16	3698-3700	un	
29-17	3701-3706	libro	
29-18	3706-3707	.	

#Text=Badate anche che se le salse sono numerose come una tribù, salvo tre o quattro tipi distinti, press’a poco hanno tutte un’aria di famiglia che le fa rassomigliare.
30-1	3708-3714	Badate	
30-2	3715-3720	anche	
30-3	3721-3724	che	
30-4	3725-3727	se	
30-5	3728-3730	le	
30-6	3731-3736	salse	
30-7	3737-3741	sono	
30-8	3742-3750	numerose	
30-9	3751-3755	come	
30-10	3756-3759	una	
30-11	3760-3766	tribù	
30-12	3766-3767	,	
30-13	3768-3773	salvo	
30-14	3774-3777	tre	
30-15	3778-3779	o	
30-16	3780-3787	quattro	
30-17	3788-3792	tipi	
30-18	3793-3801	distinti	
30-19	3801-3802	,	
30-20	3803-3808	press	
30-21	3808-3809	’	
30-22	3809-3810	a	
30-23	3811-3815	poco	
30-24	3816-3821	hanno	
30-25	3822-3827	tutte	
30-26	3828-3830	un	
30-27	3830-3831	’	
30-28	3831-3835	aria	
30-29	3836-3838	di	
30-30	3839-3847	famiglia	
30-31	3848-3851	che	
30-32	3852-3854	le	
30-33	3855-3857	fa	
30-34	3858-3871	rassomigliare	
30-35	3871-3872	.	

#Text=E poi, almeno per una volta, la voce del popolo ebbe ragione quando sentenziò che la miglior salsa è l’appetito.
31-1	3873-3874	E	
31-2	3875-3878	poi	
31-3	3878-3879	,	
31-4	3880-3886	almeno	
31-5	3887-3890	per	
31-6	3891-3894	una	
31-7	3895-3900	volta	
31-8	3900-3901	,	
31-9	3902-3904	la	
31-10	3905-3909	voce	
31-11	3910-3913	del	
31-12	3914-3920	popolo	
31-13	3921-3925	ebbe	
31-14	3926-3933	ragione	
31-15	3934-3940	quando	
31-16	3941-3951	sentenziò	
31-17	3952-3955	che	
31-18	3956-3958	la	
31-19	3959-3966	miglior	
31-20	3967-3972	salsa	
31-21	3973-3975	è	
31-22	3976-3977	l	
31-23	3977-3978	’	
31-24	3978-3986	appetito	
31-25	3986-3987	.	

#Text=Sugo di carne
#Text=Questo bisogna cercare di averlo perché è di grande aiuto e spesso indispensabile per rifare avanzi per sé poco saporiti.
32-1	3988-3992	Sugo	
32-2	3993-3995	di	
32-3	3996-4001	carne	
32-4	4002-4008	Questo	
32-5	4009-4016	bisogna	
32-6	4017-4024	cercare	
32-7	4025-4027	di	
32-8	4028-4034	averlo	
32-9	4035-4042	perché	
32-10	4043-4045	è	
32-11	4046-4048	di	
32-12	4049-4055	grande	
32-13	4056-4061	aiuto	
32-14	4062-4063	e	
32-15	4064-4070	spesso	
32-16	4071-4085	indispensabile	
32-17	4086-4089	per	
32-18	4090-4096	rifare	
32-19	4097-4103	avanzi	
32-20	4104-4107	per	
32-21	4108-4111	sé	
32-22	4112-4116	poco	
32-23	4117-4125	saporiti	
32-24	4125-4126	.	

#Text=Ma, per farlo, occorrono avanzi di carne cruda, ritagli di manzo, di pollo, ecc.
33-1	4127-4129	Ma	
33-2	4129-4130	,	
33-3	4131-4134	per	
33-4	4135-4140	farlo	
33-5	4140-4141	,	
33-6	4142-4151	occorrono	
33-7	4152-4158	avanzi	
33-8	4159-4161	di	
33-9	4162-4167	carne	
33-10	4168-4173	cruda	
33-11	4173-4174	,	
33-12	4175-4182	ritagli	
33-13	4183-4185	di	
33-14	4186-4191	manzo	
33-15	4191-4192	,	
33-16	4193-4195	di	
33-17	4196-4201	pollo	
33-18	4201-4202	,	
33-19	4203-4206	ecc	
33-20	4206-4207	.	

#Text=Mettete in una pentola fette di lardo, una cipolla o due ben tritate, gli avanzi di carne cruda, un po’ di prosciutto, sedano, carota, prezzemolo, foglie di alloro e pepe e sale quanto occorre pel condimento, tenendo a mente che il prosciutto è salato.
34-1	4208-4215	Mettete	
34-2	4216-4218	in	
34-3	4219-4222	una	
34-4	4223-4230	pentola	
34-5	4231-4236	fette	
34-6	4237-4239	di	
34-7	4240-4245	lardo	
34-8	4245-4246	,	
34-9	4247-4250	una	
34-10	4251-4258	cipolla	
34-11	4259-4260	o	
34-12	4261-4264	due	
34-13	4265-4268	ben	
34-14	4269-4276	tritate	
34-15	4276-4277	,	
34-16	4278-4281	gli	
34-17	4282-4288	avanzi	
34-18	4289-4291	di	
34-19	4292-4297	carne	
34-20	4298-4303	cruda	
34-21	4303-4304	,	
34-22	4305-4307	un	
34-23	4308-4310	po	
34-24	4310-4311	’	
34-25	4312-4314	di	
34-26	4315-4325	prosciutto	
34-27	4325-4326	,	
34-28	4327-4333	sedano	
34-29	4333-4334	,	
34-30	4335-4341	carota	
34-31	4341-4342	,	
34-32	4343-4353	prezzemolo	
34-33	4353-4354	,	
34-34	4355-4361	foglie	
34-35	4362-4364	di	
34-36	4365-4371	alloro	
34-37	4372-4373	e	
34-38	4374-4378	pepe	
34-39	4379-4380	e	
34-40	4381-4385	sale	
34-41	4386-4392	quanto	
34-42	4393-4400	occorre	
34-43	4401-4404	pel	
34-44	4405-4415	condimento	
34-45	4415-4416	,	
34-46	4417-4424	tenendo	
34-47	4425-4426	a	
34-48	4427-4432	mente	
34-49	4433-4436	che	
34-50	4437-4439	il	
34-51	4440-4450	prosciutto	
34-52	4451-4453	è	
34-53	4454-4460	salato	
34-54	4460-4461	.	

#Text=Versate un litro d’acqua nella pentola, copritela e fate cuocere a fuoco lento finché il lardo ingiallisca e il sugo diventi bruno.
35-1	4462-4469	Versate	
35-2	4470-4472	un	
35-3	4473-4478	litro	
35-4	4479-4480	d	
35-5	4480-4481	’	
35-6	4481-4486	acqua	
35-7	4487-4492	nella	
35-8	4493-4500	pentola	
35-9	4500-4501	,	
35-10	4502-4511	copritela	
35-11	4512-4513	e	
35-12	4514-4518	fate	
35-13	4519-4526	cuocere	
35-14	4527-4528	a	
35-15	4529-4534	fuoco	
35-16	4535-4540	lento	
35-17	4541-4548	finché	
35-18	4549-4551	il	
35-19	4552-4557	lardo	
35-20	4558-4569	ingiallisca	
35-21	4570-4571	e	
35-22	4572-4574	il	
35-23	4575-4579	sugo	
35-24	4580-4587	diventi	
35-25	4588-4593	bruno	
35-26	4593-4594	.	

#Text=Allora aggiungete due litri di acqua, coprite e fate bollire per circa due ore, dopo di che si scioglieranno nel liquido 30 o 40 grammi di estratto di carne Liebig, o altro, lasciando levare ancora un altro bollore.
36-1	4595-4601	Allora	
36-2	4602-4612	aggiungete	
36-3	4613-4616	due	
36-4	4617-4622	litri	
36-5	4623-4625	di	
36-6	4626-4631	acqua	
36-7	4631-4632	,	
36-8	4633-4640	coprite	
36-9	4641-4642	e	
36-10	4643-4647	fate	
36-11	4648-4655	bollire	
36-12	4656-4659	per	
36-13	4660-4665	circa	
36-14	4666-4669	due	
36-15	4670-4673	ore	
36-16	4673-4674	,	
36-17	4675-4679	dopo	
36-18	4680-4682	di	
36-19	4683-4686	che	
36-20	4687-4689	si	
36-21	4690-4703	scioglieranno	
36-22	4704-4707	nel	
36-23	4708-4715	liquido	
36-24	4716-4718	30	
36-25	4719-4720	o	
36-26	4721-4723	40	
36-27	4724-4730	grammi	
36-28	4731-4733	di	
36-29	4734-4742	estratto	
36-30	4743-4745	di	
36-31	4746-4751	carne	
36-32	4752-4758	Liebig	
36-33	4758-4759	,	
36-34	4760-4761	o	
36-35	4762-4767	altro	
36-36	4767-4768	,	
36-37	4769-4778	lasciando	
36-38	4779-4785	levare	
36-39	4786-4792	ancora	
36-40	4793-4795	un	
36-41	4796-4801	altro	
36-42	4802-4809	bollore	
36-43	4809-4810	.	

#Text=Assaggiate per correggere se occorre, passate per staccio e versate in bottiglie ben pulite e ben turate.
37-1	4811-4821	Assaggiate	
37-2	4822-4825	per	
37-3	4826-4836	correggere	
37-4	4837-4839	se	
37-5	4840-4847	occorre	
37-6	4847-4848	,	
37-7	4849-4856	passate	
37-8	4857-4860	per	
37-9	4861-4868	staccio	
37-10	4869-4870	e	
37-11	4871-4878	versate	
37-12	4879-4881	in	
37-13	4882-4891	bottiglie	
37-14	4892-4895	ben	
37-15	4896-4902	pulite	
37-16	4903-4904	e	
37-17	4905-4908	ben	
37-18	4909-4915	turate	
37-19	4915-4916	.	

#Text=Non conservatele troppo.
38-1	4917-4920	Non	
38-2	4921-4933	conservatele	
38-3	4934-4940	troppo	
38-4	4940-4941	.	

#Text=Salsa di acciughe
#Text=Lavate e spinate le acciughe, tritatele e passatele al burro con un po’ di farina.
39-1	4942-4947	Salsa	
39-2	4948-4950	di	
39-3	4951-4959	acciughe	
39-4	4960-4966	Lavate	
39-5	4967-4968	e	
39-6	4969-4976	spinate	
39-7	4977-4979	le	
39-8	4980-4988	acciughe	
39-9	4988-4989	,	
39-10	4990-4999	tritatele	
39-11	5000-5001	e	
39-12	5002-5011	passatele	
39-13	5012-5014	al	
39-14	5015-5020	burro	
39-15	5021-5024	con	
39-16	5025-5027	un	
39-17	5028-5030	po	
39-18	5030-5031	’	
39-19	5032-5034	di	
39-20	5035-5041	farina	
39-21	5041-5042	.	

#Text=Aggiungete brodo e, se volete, l’odore della scorza di limone.
40-1	5043-5053	Aggiungete	
40-2	5054-5059	brodo	
40-3	5060-5061	e	
40-4	5061-5062	,	
40-5	5063-5065	se	
40-6	5066-5072	volete	
40-7	5072-5073	,	
40-8	5074-5075	l	
40-9	5075-5076	’	
40-10	5076-5081	odore	
40-11	5082-5087	della	
40-12	5088-5094	scorza	
40-13	5095-5097	di	
40-14	5098-5104	limone	
40-15	5104-5105	.	

#Text=Fate cuocere a piccolo fuoco circa un quarto d’ora e servite con capperi o cetriolini sott’aceto, tagliati a dischetti.
41-1	5106-5110	Fate	
41-2	5111-5118	cuocere	
41-3	5119-5120	a	
41-4	5121-5128	piccolo	
41-5	5129-5134	fuoco	
41-6	5135-5140	circa	
41-7	5141-5143	un	
41-8	5144-5150	quarto	
41-9	5151-5152	d	
41-10	5152-5153	’	
41-11	5153-5156	ora	
41-12	5157-5158	e	
41-13	5159-5166	servite	
41-14	5167-5170	con	
41-15	5171-5178	capperi	
41-16	5179-5180	o	
41-17	5181-5191	cetriolini	
41-18	5192-5196	sott	
41-19	5196-5197	’	
41-20	5197-5202	aceto	
41-21	5202-5203	,	
41-22	5204-5212	tagliati	
41-23	5213-5214	a	
41-24	5215-5224	dischetti	
41-25	5224-5225	.	

#Text=Servite con un filo d’aceto.
42-1	5226-5233	Servite	
42-2	5234-5237	con	
42-3	5238-5240	un	
42-4	5241-5245	filo	
42-5	5246-5247	d	
42-6	5247-5248	’	
42-7	5248-5253	aceto	
42-8	5253-5254	.	

#Text=Si adatta bene al pesce.
43-1	5255-5257	Si	
43-2	5258-5264	adatta	
43-3	5265-5269	bene	
43-4	5270-5272	al	
43-5	5273-5278	pesce	
43-6	5278-5279	.	

#Text=Burro d’acciughe
#Text=Pestate nel mortaio di pietra 6 acciughe ben pulite e spinate con altrettanto del loro peso di burro o poco più.
44-1	5280-5285	Burro	
44-2	5286-5287	d	
44-3	5287-5288	’	
44-4	5288-5296	acciughe	
44-5	5297-5304	Pestate	
44-6	5305-5308	nel	
44-7	5309-5316	mortaio	
44-8	5317-5319	di	
44-9	5320-5326	pietra	
44-10	5327-5328	6	
44-11	5329-5337	acciughe	
44-12	5338-5341	ben	
44-13	5342-5348	pulite	
44-14	5349-5350	e	
44-15	5351-5358	spinate	
44-16	5359-5362	con	
44-17	5363-5374	altrettanto	
44-18	5375-5378	del	
44-19	5379-5383	loro	
44-20	5384-5388	peso	
44-21	5389-5391	di	
44-22	5392-5397	burro	
44-23	5398-5399	o	
44-24	5400-5404	poco	
44-25	5405-5409	più	
44-26	5409-5410	.	

#Text=Potete grattarci dentro l’odore della scorza di limone o il sugo dello stesso con un po’ di pepe, capperi pesti ecc. ma questo dipende dal gusto.
45-1	5411-5417	Potete	
45-2	5418-5427	grattarci	
45-3	5428-5434	dentro	
45-4	5435-5436	l	
45-5	5436-5437	’	
45-6	5437-5442	odore	
45-7	5443-5448	della	
45-8	5449-5455	scorza	
45-9	5456-5458	di	
45-10	5459-5465	limone	
45-11	5466-5467	o	
45-12	5468-5470	il	
45-13	5471-5475	sugo	
45-14	5476-5481	dello	
45-15	5482-5488	stesso	
45-16	5489-5492	con	
45-17	5493-5495	un	
45-18	5496-5498	po	
45-19	5498-5499	’	
45-20	5500-5502	di	
45-21	5503-5507	pepe	
45-22	5507-5508	,	
45-23	5509-5516	capperi	
45-24	5517-5522	pesti	
45-25	5523-5526	ecc	
45-26	5526-5527	.	
45-27	5528-5530	ma	
45-28	5531-5537	questo	
45-29	5538-5545	dipende	
45-30	5546-5549	dal	
45-31	5550-5555	gusto	
45-32	5555-5556	.	

#Text=Salsa del maggiordomo (à la maître d’hôtel)
#Text=Impastate con burro fresco, prezzemolo trito, sale e pepe, rimestando bene con un cucchiaio di legno.
46-1	5557-5562	Salsa	
46-2	5563-5566	del	
46-3	5567-5578	maggiordomo	
46-4	5579-5580	(	
46-5	5580-5582	à	
46-6	5583-5585	la	
46-7	5586-5593	maître	
46-8	5594-5595	d	
46-9	5595-5596	’	
46-10	5596-5602	hôtel	
46-11	5602-5603	)	
46-12	5604-5613	Impastate	
46-13	5614-5617	con	
46-14	5618-5623	burro	
46-15	5624-5630	fresco	
46-16	5630-5631	,	
46-17	5632-5642	prezzemolo	
46-18	5643-5648	trito	
46-19	5648-5649	,	
46-20	5650-5654	sale	
46-21	5655-5656	e	
46-22	5657-5661	pepe	
46-23	5661-5662	,	
46-24	5663-5673	rimestando	
46-25	5674-5678	bene	
46-26	5679-5682	con	
46-27	5683-5685	un	
46-28	5686-5695	cucchiaio	
46-29	5696-5698	di	
46-30	5699-5704	legno	
46-31	5704-5705	.	

#Text=Fate scaldare il piatto dove servirete la vivanda e stendetevi sopra il burro così preparato, indi la vivanda calda perché il burro si sciolga e servite con qualche goccia di limone.
47-1	5706-5710	Fate	
47-2	5711-5719	scaldare	
47-3	5720-5722	il	
47-4	5723-5729	piatto	
47-5	5730-5734	dove	
47-6	5735-5744	servirete	
47-7	5745-5747	la	
47-8	5748-5755	vivanda	
47-9	5756-5757	e	
47-10	5758-5768	stendetevi	
47-11	5769-5774	sopra	
47-12	5775-5777	il	
47-13	5778-5783	burro	
47-14	5784-5789	così	
47-15	5790-5799	preparato	
47-16	5799-5800	,	
47-17	5801-5805	indi	
47-18	5806-5808	la	
47-19	5809-5816	vivanda	
47-20	5817-5822	calda	
47-21	5823-5830	perché	
47-22	5831-5833	il	
47-23	5834-5839	burro	
47-24	5840-5842	si	
47-25	5843-5850	sciolga	
47-26	5851-5852	e	
47-27	5853-5860	servite	
47-28	5861-5864	con	
47-29	5865-5872	qualche	
47-30	5873-5879	goccia	
47-31	5880-5882	di	
47-32	5883-5889	limone	
47-33	5889-5890	.	

#Text=Potete anche scaldare la salsa a fuoco leggero, perché il prezzemolo rimanga verde, e legare con tuorlo di uovo, specialmente per avanzi di baccalà, o pesce a lesso.
48-1	5891-5897	Potete	
48-2	5898-5903	anche	
48-3	5904-5912	scaldare	
48-4	5913-5915	la	
48-5	5916-5921	salsa	
48-6	5922-5923	a	
48-7	5924-5929	fuoco	
48-8	5930-5937	leggero	
48-9	5937-5938	,	
48-10	5939-5946	perché	
48-11	5947-5949	il	
48-12	5950-5960	prezzemolo	
48-13	5961-5968	rimanga	
48-14	5969-5974	verde	
48-15	5974-5975	,	
48-16	5976-5977	e	
48-17	5978-5984	legare	
48-18	5985-5988	con	
48-19	5989-5995	tuorlo	
48-20	5996-5998	di	
48-21	5999-6003	uovo	
48-22	6003-6004	,	
48-23	6005-6017	specialmente	
48-24	6018-6021	per	
48-25	6022-6028	avanzi	
48-26	6029-6031	di	
48-27	6032-6040	baccalà	
48-28	6040-6041	,	
48-29	6042-6043	o	
48-30	6044-6049	pesce	
48-31	6050-6051	a	
48-32	6052-6057	lesso	
48-33	6057-6058	.	

#Text=Avanzi di pesce in salsa di capperi ed acciughe con senape
#Text=Gli avanzi già serviti in salsa bianca possono esser riscaldati nella loro salsa che, se andasse in olio, può esser corretta versandoci un po’ d’acqua e rimestando.
49-1	6059-6065	Avanzi	
49-2	6066-6068	di	
49-3	6069-6074	pesce	
49-4	6075-6077	in	
49-5	6078-6083	salsa	
49-6	6084-6086	di	
49-7	6087-6094	capperi	
49-8	6095-6097	ed	
49-9	6098-6106	acciughe	
49-10	6107-6110	con	
49-11	6111-6117	senape	
49-12	6118-6121	Gli	
49-13	6122-6128	avanzi	
49-14	6129-6133	già	
49-15	6134-6141	serviti	
49-16	6142-6144	in	
49-17	6145-6150	salsa	
49-18	6151-6157	bianca	
49-19	6158-6165	possono	
49-20	6166-6171	esser	
49-21	6172-6182	riscaldati	
49-22	6183-6188	nella	
49-23	6189-6193	loro	
49-24	6194-6199	salsa	
49-25	6200-6203	che	
49-26	6203-6204	,	
49-27	6205-6207	se	
49-28	6208-6215	andasse	
49-29	6216-6218	in	
49-30	6219-6223	olio	
49-31	6223-6224	,	
49-32	6225-6229	può	
49-33	6230-6235	esser	
49-34	6236-6244	corretta	
49-35	6245-6255	versandoci	
49-36	6256-6258	un	
49-37	6259-6261	po	
49-38	6261-6262	’	
49-39	6263-6264	d	
49-40	6264-6265	’	
49-41	6265-6270	acqua	
49-42	6271-6272	e	
49-43	6273-6283	rimestando	
49-44	6283-6284	.	

#Text=Se però, per qualche ragione, l’aveste legata coll’uovo, bisognerà riscaldarla a bagno.
50-1	6285-6287	Se	
50-2	6288-6293	però	
50-3	6293-6294	,	
50-4	6295-6298	per	
50-5	6299-6306	qualche	
50-6	6307-6314	ragione	
50-7	6314-6315	,	
50-8	6316-6317	l	
50-9	6317-6318	’	
50-10	6318-6324	aveste	
50-11	6325-6331	legata	
50-12	6332-6336	coll	
50-13	6336-6337	’	
50-14	6337-6341	uovo	
50-15	6341-6342	,	
50-16	6343-6353	bisognerà	
50-17	6354-6365	riscaldarla	
50-18	6366-6367	a	
50-19	6368-6373	bagno	
50-20	6373-6374	.	

#Text=Salsa verde
#Text=Tritate minutissimamente con la lunetta, capperi, un’acciuga, poca cipolla e pochissimo aglio.
51-1	6375-6380	Salsa	
51-2	6381-6386	verde	
51-3	6387-6394	Tritate	
51-4	6395-6411	minutissimamente	
51-5	6412-6415	con	
51-6	6416-6418	la	
51-7	6419-6426	lunetta	
51-8	6426-6427	,	
51-9	6428-6435	capperi	
51-10	6435-6436	,	
51-11	6437-6439	un	
51-12	6439-6440	’	
51-13	6440-6447	acciuga	
51-14	6447-6448	,	
51-15	6449-6453	poca	
51-16	6454-6461	cipolla	
51-17	6462-6463	e	
51-18	6464-6474	pochissimo	
51-19	6475-6480	aglio	
51-20	6480-6481	.	

#Text=Schiacciate il tutto colla lama di un coltello e mettetelo in salsiera.
52-1	6482-6493	Schiacciate	
52-2	6494-6496	il	
52-3	6497-6502	tutto	
52-4	6503-6508	colla	
52-5	6509-6513	lama	
52-6	6514-6516	di	
52-7	6517-6519	un	
52-8	6520-6528	coltello	
52-9	6529-6530	e	
52-10	6531-6540	mettetelo	
52-11	6541-6543	in	
52-12	6544-6552	salsiera	
52-13	6552-6553	.	

#Text=Aggiungete parecchio prezzemolo, con qualche foglia di basilico e di timo, il tutto trito con qualche peperoncino sott’aceto, ma strizzato.
53-1	6554-6564	Aggiungete	
53-2	6565-6574	parecchio	
53-3	6575-6585	prezzemolo	
53-4	6585-6586	,	
53-5	6587-6590	con	
53-6	6591-6598	qualche	
53-7	6599-6605	foglia	
53-8	6606-6608	di	
53-9	6609-6617	basilico	
53-10	6618-6619	e	
53-11	6620-6622	di	
53-12	6623-6627	timo	
53-13	6627-6628	,	
53-14	6629-6631	il	
53-15	6632-6637	tutto	
53-16	6638-6643	trito	
53-17	6644-6647	con	
53-18	6648-6655	qualche	
53-19	6656-6667	peperoncino	
53-20	6668-6672	sott	
53-21	6672-6673	’	
53-22	6673-6678	aceto	
53-23	6678-6679	,	
53-24	6680-6682	ma	
53-25	6683-6692	strizzato	
53-26	6692-6693	.	

#Text=Sciogliete tutto nella salsiera con olio ed agro di limone.
54-1	6694-6704	Sciogliete	
54-2	6705-6710	tutto	
54-3	6711-6716	nella	
54-4	6717-6725	salsiera	
54-5	6726-6729	con	
54-6	6730-6734	olio	
54-7	6735-6737	ed	
54-8	6738-6742	agro	
54-9	6743-6745	di	
54-10	6746-6752	limone	
54-11	6752-6753	.	

#Text=Questa veramente, essendo fredda, non è salsa da rifarci dentro gli avanzi, ma è di un grande aiuto per far passare i lessi freddi, le ova sode, pesce, ecc.
55-1	6754-6760	Questa	
55-2	6761-6770	veramente	
55-3	6770-6771	,	
55-4	6772-6779	essendo	
55-5	6780-6786	fredda	
55-6	6786-6787	,	
55-7	6788-6791	non	
55-8	6792-6794	è	
55-9	6795-6800	salsa	
55-10	6801-6803	da	
55-11	6804-6811	rifarci	
55-12	6812-6818	dentro	
55-13	6819-6822	gli	
55-14	6823-6829	avanzi	
55-15	6829-6830	,	
55-16	6831-6833	ma	
55-17	6834-6836	è	
55-18	6837-6839	di	
55-19	6840-6842	un	
55-20	6843-6849	grande	
55-21	6850-6855	aiuto	
55-22	6856-6859	per	
55-23	6860-6863	far	
55-24	6864-6871	passare	
55-25	6872-6873	i	
55-26	6874-6879	lessi	
55-27	6880-6886	freddi	
55-28	6886-6887	,	
55-29	6888-6890	le	
55-30	6891-6894	ova	
55-31	6895-6899	sode	
55-32	6899-6900	,	
55-33	6901-6906	pesce	
55-34	6906-6907	,	
55-35	6908-6911	ecc	
55-36	6911-6912	.	

#Text=Alcuni, specialmente in Francia, non mettono tutti questi ingredienti, ma friggono la farina nel burro (roux blanc) e allungano con brodo caldo, inverdendo poi il tutto con succo di spinaci.
56-1	6913-6919	Alcuni	
56-2	6919-6920	,	
56-3	6921-6933	specialmente	
56-4	6934-6936	in	
56-5	6937-6944	Francia	
56-6	6944-6945	,	
56-7	6946-6949	non	
56-8	6950-6957	mettono	
56-9	6958-6963	tutti	
56-10	6964-6970	questi	
56-11	6971-6982	ingredienti	
56-12	6982-6983	,	
56-13	6984-6986	ma	
56-14	6987-6995	friggono	
56-15	6996-6998	la	
56-16	6999-7005	farina	
56-17	7006-7009	nel	
56-18	7010-7015	burro	
56-19	7016-7017	(	
56-20	7017-7021	roux	
56-21	7022-7027	blanc	
56-22	7027-7028	)	
56-23	7029-7030	e	
56-24	7031-7040	allungano	
56-25	7041-7044	con	
56-26	7045-7050	brodo	
56-27	7051-7056	caldo	
56-28	7056-7057	,	
56-29	7058-7068	inverdendo	
56-30	7069-7072	poi	
56-31	7073-7075	il	
56-32	7076-7081	tutto	
56-33	7082-7085	con	
56-34	7086-7091	succo	
56-35	7092-7094	di	
56-36	7095-7102	spinaci	
56-37	7102-7103	.	

#Text=È meno saporita, ma ci si può riscaldare qualche avanzo.
57-1	7104-7106	È	
57-2	7107-7111	meno	
57-3	7112-7120	saporita	
57-4	7120-7121	,	
57-5	7122-7124	ma	
57-6	7125-7127	ci	
57-7	7128-7130	si	
57-8	7131-7135	può	
57-9	7136-7146	riscaldare	
57-10	7147-7154	qualche	
57-11	7155-7161	avanzo	
57-12	7161-7162	.	

#Text=Salsa d’erbe (ravigote)
#Text=Mettete in una casseruola, brodo, aceto, sale e pepe con erbe odorose trite, come cerfoglio, prezzemolo, pimpinella, basilico ecc.
58-1	7163-7168	Salsa	
58-2	7169-7170	d	
58-3	7170-7171	’	
58-4	7171-7175	erbe	
58-5	7176-7177	(	
58-6	7177-7185	ravigote	
58-7	7185-7186	)	
58-8	7187-7194	Mettete	
58-9	7195-7197	in	
58-10	7198-7201	una	
58-11	7202-7212	casseruola	
58-12	7212-7213	,	
58-13	7214-7219	brodo	
58-14	7219-7220	,	
58-15	7221-7226	aceto	
58-16	7226-7227	,	
58-17	7228-7232	sale	
58-18	7233-7234	e	
58-19	7235-7239	pepe	
58-20	7240-7243	con	
58-21	7244-7248	erbe	
58-22	7249-7256	odorose	
58-23	7257-7262	trite	
58-24	7262-7263	,	
58-25	7264-7268	come	
58-26	7269-7278	cerfoglio	
58-27	7278-7279	,	
58-28	7280-7290	prezzemolo	
58-29	7290-7291	,	
58-30	7292-7302	pimpinella	
58-31	7302-7303	,	
58-32	7304-7312	basilico	
58-33	7313-7316	ecc	
58-34	7316-7317	.	

#Text=Lasciate bollire circa un quarto d’ora.
59-1	7318-7326	Lasciate	
59-2	7327-7334	bollire	
59-3	7335-7340	circa	
59-4	7341-7343	un	
59-5	7344-7350	quarto	
59-6	7351-7352	d	
59-7	7352-7353	’	
59-8	7353-7356	ora	
59-9	7356-7357	.	

#Text=Ritirate dal fuoco e fate sciogliere nella salsa un pezzetto di burro intriso di farina, rimestando per legare e servite.
60-1	7358-7366	Ritirate	
60-2	7367-7370	dal	
60-3	7371-7376	fuoco	
60-4	7377-7378	e	
60-5	7379-7383	fate	
60-6	7384-7394	sciogliere	
60-7	7395-7400	nella	
60-8	7401-7406	salsa	
60-9	7407-7409	un	
60-10	7410-7418	pezzetto	
60-11	7419-7421	di	
60-12	7422-7427	burro	
60-13	7428-7435	intriso	
60-14	7436-7438	di	
60-15	7439-7445	farina	
60-16	7445-7446	,	
60-17	7447-7457	rimestando	
60-18	7458-7461	per	
60-19	7462-7468	legare	
60-20	7469-7470	e	
60-21	7471-7478	servite	
60-22	7478-7479	.	

#Text=Oppure:
#Text=Tritate uno scalogno, alcuni cetriolini o peperoni sott’aceto, erbe odorose, prezzemolo, tartufi, e mettete il tutto in una casseruola, bagnate con brodo caldo, aggiungete un’acciuga trita, aceto, sale poco per via dell’acciuga, e pepe.
61-1	7480-7486	Oppure	
61-2	7486-7487	:	
61-3	7488-7495	Tritate	
61-4	7496-7499	uno	
61-5	7500-7508	scalogno	
61-6	7508-7509	,	
61-7	7510-7516	alcuni	
61-8	7517-7527	cetriolini	
61-9	7528-7529	o	
61-10	7530-7538	peperoni	
61-11	7539-7543	sott	
61-12	7543-7544	’	
61-13	7544-7549	aceto	
61-14	7549-7550	,	
61-15	7551-7555	erbe	
61-16	7556-7563	odorose	
61-17	7563-7564	,	
61-18	7565-7575	prezzemolo	
61-19	7575-7576	,	
61-20	7577-7584	tartufi	
61-21	7584-7585	,	
61-22	7586-7587	e	
61-23	7588-7595	mettete	
61-24	7596-7598	il	
61-25	7599-7604	tutto	
61-26	7605-7607	in	
61-27	7608-7611	una	
61-28	7612-7622	casseruola	
61-29	7622-7623	,	
61-30	7624-7631	bagnate	
61-31	7632-7635	con	
61-32	7636-7641	brodo	
61-33	7642-7647	caldo	
61-34	7647-7648	,	
61-35	7649-7659	aggiungete	
61-36	7660-7662	un	
61-37	7662-7663	’	
61-38	7663-7670	acciuga	
61-39	7671-7676	trita	
61-40	7676-7677	,	
61-41	7678-7683	aceto	
61-42	7683-7684	,	
61-43	7685-7689	sale	
61-44	7690-7694	poco	
61-45	7695-7698	per	
61-46	7699-7702	via	
61-47	7703-7707	dell	
61-48	7707-7708	’	
61-49	7708-7715	acciuga	
61-50	7715-7716	,	
61-51	7717-7718	e	
61-52	7719-7723	pepe	
61-53	7723-7724	.	

#Text=Fate sobbollire e servite, ben inteso coi pezzi degli avanzi riscaldati dentro.
62-1	7725-7729	Fate	
62-2	7730-7740	sobbollire	
62-3	7741-7742	e	
62-4	7743-7750	servite	
62-5	7750-7751	,	
62-6	7752-7755	ben	
62-7	7756-7762	inteso	
62-8	7763-7766	coi	
62-9	7767-7772	pezzi	
62-10	7773-7778	degli	
62-11	7779-7785	avanzi	
62-12	7786-7796	riscaldati	
62-13	7797-7803	dentro	
62-14	7803-7804	.	

#Text=Salsa di pomidoro
#Text=Fate un battuto con un quarto di cipolla, uno spicchio d’aglio, un pezzo di sedano lungo un dito, foglie di basilico e di prezzemolo.
63-1	7805-7810	Salsa	
63-2	7811-7813	di	
63-3	7814-7822	pomidoro	
63-4	7823-7827	Fate	
63-5	7828-7830	un	
63-6	7831-7838	battuto	
63-7	7839-7842	con	
63-8	7843-7845	un	
63-9	7846-7852	quarto	
63-10	7853-7855	di	
63-11	7856-7863	cipolla	
63-12	7863-7864	,	
63-13	7865-7868	uno	
63-14	7869-7877	spicchio	
63-15	7878-7879	d	
63-16	7879-7880	’	
63-17	7880-7885	aglio	
63-18	7885-7886	,	
63-19	7887-7889	un	
63-20	7890-7895	pezzo	
63-21	7896-7898	di	
63-22	7899-7905	sedano	
63-23	7906-7911	lungo	
63-24	7912-7914	un	
63-25	7915-7919	dito	
63-26	7919-7920	,	
63-27	7921-7927	foglie	
63-28	7928-7930	di	
63-29	7931-7939	basilico	
63-30	7940-7941	e	
63-31	7942-7944	di	
63-32	7945-7955	prezzemolo	
63-33	7955-7956	.	

#Text=Condite con poco olio, sale e pepe.
64-1	7957-7964	Condite	
64-2	7965-7968	con	
64-3	7969-7973	poco	
64-4	7974-7978	olio	
64-5	7978-7979	,	
64-6	7980-7984	sale	
64-7	7985-7986	e	
64-8	7987-7991	pepe	
64-9	7991-7992	.	

#Text=Allora spezzate sette od otto pomidoro ben maturi e mettete al fuoco ogni cosa insieme.
65-1	7993-7999	Allora	
65-2	8000-8008	spezzate	
65-3	8009-8014	sette	
65-4	8015-8017	od	
65-5	8018-8022	otto	
65-6	8023-8031	pomidoro	
65-7	8032-8035	ben	
65-8	8036-8042	maturi	
65-9	8043-8044	e	
65-10	8045-8052	mettete	
65-11	8053-8055	al	
65-12	8056-8061	fuoco	
65-13	8062-8066	ogni	
65-14	8067-8071	cosa	
65-15	8072-8079	insieme	
65-16	8079-8080	.	

#Text=Rimestate di quando in quando col mestolo di legno e quando vedrete la salsa diventata come una crema liquida, passatela per staccio e servitevene.
66-1	8081-8090	Rimestate	
66-2	8091-8093	di	
66-3	8094-8100	quando	
66-4	8101-8103	in	
66-5	8104-8110	quando	
66-6	8111-8114	col	
66-7	8115-8122	mestolo	
66-8	8123-8125	di	
66-9	8126-8131	legno	
66-10	8132-8133	e	
66-11	8134-8140	quando	
66-12	8141-8148	vedrete	
66-13	8149-8151	la	
66-14	8152-8157	salsa	
66-15	8158-8167	diventata	
66-16	8168-8172	come	
66-17	8173-8176	una	
66-18	8177-8182	crema	
66-19	8183-8190	liquida	
66-20	8190-8191	,	
66-21	8192-8201	passatela	
66-22	8202-8205	per	
66-23	8206-8213	staccio	
66-24	8214-8215	e	
66-25	8216-8227	servitevene	
66-26	8227-8228	.	

#Text=Balsamella di grasso
#Text=Mettete in una casseruola, secondo la quantità di salsa che vorrete fare, del brodo poco colorito, sale e pepe, mazzetto d’erbe odorose, scalogno trito e fate dare alcuni bollori.
67-1	8229-8239	Balsamella	
67-2	8240-8242	di	
67-3	8243-8249	grasso	
67-4	8250-8257	Mettete	
67-5	8258-8260	in	
67-6	8261-8264	una	
67-7	8265-8275	casseruola	
67-8	8275-8276	,	
67-9	8277-8284	secondo	
67-10	8285-8287	la	
67-11	8288-8297	quantità	
67-12	8298-8300	di	
67-13	8301-8306	salsa	
67-14	8307-8310	che	
67-15	8311-8318	vorrete	
67-16	8319-8323	fare	
67-17	8323-8324	,	
67-18	8325-8328	del	
67-19	8329-8334	brodo	
67-20	8335-8339	poco	
67-21	8340-8348	colorito	
67-22	8348-8349	,	
67-23	8350-8354	sale	
67-24	8355-8356	e	
67-25	8357-8361	pepe	
67-26	8361-8362	,	
67-27	8363-8371	mazzetto	
67-28	8372-8373	d	
67-29	8373-8374	’	
67-30	8374-8378	erbe	
67-31	8379-8386	odorose	
67-32	8386-8387	,	
67-33	8388-8396	scalogno	
67-34	8397-8402	trito	
67-35	8403-8404	e	
67-36	8405-8409	fate	
67-37	8410-8414	dare	
67-38	8415-8421	alcuni	
67-39	8422-8429	bollori	
67-40	8429-8430	.	

#Text=Passate il tutto in un’altra casseruola attraverso allo staccio ed aggiungete un pezzo di burro
68-1	8431-8438	Passate	
68-2	8439-8441	il	
68-3	8442-8447	tutto	
68-4	8448-8450	in	
68-5	8451-8453	un	
68-6	8453-8454	’	
68-7	8454-8459	altra	
68-8	8460-8470	casseruola	
68-9	8471-8481	attraverso	
68-10	8482-8486	allo	
68-11	8487-8494	staccio	
68-12	8495-8497	ed	
68-13	8498-8508	aggiungete	
68-14	8509-8511	un	
68-15	8512-8517	pezzo	
68-16	8518-8520	di	
68-17	8521-8526	burro	
