#FORMAT=WebAnno TSV 3.3
#T_SP=custom.Span|label
#T_RL=custom.Relation|label|BT_custom.Span


#Text=Purgir-Bi-
#Text=ſcoten.
1-1	5-14	Purgir-Bi	_	_	_	
1-2	14-15	-	_	_	_	
1-3	16-22	ſcoten	_	_	_	
1-4	22-23	.	_	_	_	

#Text=Von der Reſina oder dem Magi-
#Text=ſterio Jalappæ.
2-1	26-29	Von	_	_	_	
2-2	30-33	der	_	_	_	
2-3	34-40	Reſina	_	_	_	
2-4	41-45	oder	_	_	_	
2-5	46-49	dem	_	_	_	
2-6	50-54	Magi	_	_	_	
2-7	54-55	-	_	_	_	
2-8	56-62	ſterio	_	_	_	
2-9	63-70	Jalappæ	_	_	_	
2-10	70-71	.	_	_	_	

#Text=Aus der Jalappenwurtz wird mit
#Text=Weingeiſt und gemeinem Waſſer ein
#Text=fluͤßiges, weiſſes und klebrichtes Hartz
#Text=gezogen, dem Terpentin nicht ungleich:
#Text=
#Text=
#Text=wenn
#Text=
#Text=
#Text=E\f
#Text=[0070
#Text=]
#Text=
#Text=
#Text=Der Spezereyen und Materialien
#Text=
#Text=
#Text=
#Text=wenn es aber trucken worden, ſieht es
#Text=dem gemeinen Hartz faſt aͤhnlich.
3-1	73-76	Aus	_	_	_	
3-2	77-80	der	_	_	_	
3-3	81-94	Jalappenwurtz	_	_	_	
3-4	95-99	wird	_	_	_	
3-5	100-103	mit	_	_	_	
3-6	104-113	Weingeiſt	_	_	_	
3-7	114-117	und	_	_	_	
3-8	118-126	gemeinem	_	_	_	
3-9	127-133	Waſſer	_	_	_	
3-10	134-137	ein	_	_	_	
3-11	138-147	fluͤßiges	_	_	_	
3-12	147-148	,	_	_	_	
3-13	149-156	weiſſes	_	_	_	
3-14	157-160	und	_	_	_	
3-15	161-172	klebrichtes	_	_	_	
3-16	173-178	Hartz	Smell\_Source	_	_	
3-17	179-186	gezogen	_	_	_	
3-18	186-187	,	_	_	_	
3-19	188-191	dem	_	_	_	
3-20	192-201	Terpentin	_	_	_	
3-21	202-207	nicht	_	_	_	
3-22	208-216	ungleich	_	_	_	
3-23	216-217	:	_	_	_	
3-24	220-224	wenn	_	_	_	
3-25	227-228	E	_	_	_	
3-26	230-231	[	_	_	_	
3-27	231-235	0070	_	_	_	
3-28	236-237	]	_	_	_	
3-29	240-243	Der	_	_	_	
3-30	244-254	Spezereyen	_	_	_	
3-31	255-258	und	_	_	_	
3-32	259-270	Materialien	_	_	_	
3-33	274-278	wenn	_	_	_	
3-34	279-281	es	_	_	_	
3-35	282-286	aber	_	_	_	
3-36	287-294	trucken	_	_	_	
3-37	295-301	worden	_	_	_	
3-38	301-302	,	_	_	_	
3-39	303-308	ſieht	_	_	_	
3-40	309-311	es	_	_	_	
3-41	312-315	dem	_	_	_	
3-42	316-324	gemeinen	_	_	_	
3-43	325-330	Hartz	_	_	_	
3-44	331-335	faſt	_	_	_	
3-45	336-344	aͤhnlich	_	_	_	
3-46	344-345	.	_	_	_	

#Text=Es
#Text=muß wie Scammonienhartz riechen, ab-
#Text=ſonderlich, wenn es recht zugerichtet iſt,
#Text=denn, wenn es nicht wohl bereitet wor-
#Text=den, alsdann iſt das Extractum Jalappæ
#Text=drunter gemiſcht, oder man hat es uͤber
#Text=dem Feuer getrucknet.
4-1	346-348	Es	Smell\_Source	Anaphoric	3-16	
4-2	349-352	muß	_	_	_	
4-3	353-356	wie	Evoked\_Odorant[1]	_	_	
4-4	357-372	Scammonienhartz	Evoked\_Odorant[1]	_	_	
4-5	373-380	riechen	Smell\_Word	*|*|*	4-3[1_0]|4-1|3-16	
4-6	380-381	,	_	_	_	
4-7	382-384	ab	_	_	_	
4-8	384-385	-	_	_	_	
4-9	386-396	ſonderlich	_	_	_	
4-10	396-397	,	_	_	_	
4-11	398-402	wenn	_	_	_	
4-12	403-405	es	_	_	_	
4-13	406-411	recht	_	_	_	
4-14	412-423	zugerichtet	_	_	_	
4-15	424-427	iſt	_	_	_	
4-16	427-428	,	_	_	_	
4-17	429-433	denn	_	_	_	
4-18	433-434	,	_	_	_	
4-19	435-439	wenn	_	_	_	
4-20	440-442	es	_	_	_	
4-21	443-448	nicht	_	_	_	
4-22	449-453	wohl	_	_	_	
4-23	454-462	bereitet	_	_	_	
4-24	463-466	wor	_	_	_	
4-25	466-467	-	_	_	_	
4-26	468-471	den	_	_	_	
4-27	471-472	,	_	_	_	
4-28	473-480	alsdann	_	_	_	
4-29	481-484	iſt	_	_	_	
4-30	485-488	das	_	_	_	
4-31	489-498	Extractum	_	_	_	
4-32	499-506	Jalappæ	_	_	_	
4-33	507-514	drunter	_	_	_	
4-34	515-523	gemiſcht	_	_	_	
4-35	523-524	,	_	_	_	
4-36	525-529	oder	_	_	_	
4-37	530-533	man	_	_	_	
4-38	534-537	hat	_	_	_	
4-39	538-540	es	_	_	_	
4-40	541-546	uͤber	_	_	_	
4-41	547-550	dem	_	_	_	
4-42	551-556	Feuer	_	_	_	
4-43	557-567	getrucknet	_	_	_	
4-44	567-568	.	_	_	_	

#Text=Es muß auch
#Text=braun ſehen, wie Arcanſon, insgemein
#Text=
#Text=Colophonium genennet.
5-1	569-571	Es	_	_	_	
5-2	572-575	muß	_	_	_	
5-3	576-580	auch	_	_	_	
5-4	581-586	braun	_	_	_	
5-5	587-592	ſehen	_	_	_	
5-6	592-593	,	_	_	_	
5-7	594-597	wie	_	_	_	
5-8	598-606	Arcanſon	_	_	_	
5-9	606-607	,	_	_	_	
5-10	608-617	insgemein	_	_	_	
5-11	619-630	Colophonium	_	_	_	
5-12	631-639	genennet	_	_	_	
5-13	639-640	.	_	_	_	

#Text=Sonſt ſoll
#Text=die recht ſchoͤne Reſina Jalappæ auſſer nur
#Text=gemeldten Geruch und Farbe, trucken,
#Text=durchſichtig und zarte ſeyn, ſich leicht
#Text=
#Text=zerreiben laſſen, und, wenn ſie zwiſchen
#Text=den Fingern zerdruckt woꝛden, wie Aſche
#Text=oder als ein graues Pulver ſehen.
6-1	641-646	Sonſt	_	_	_	
6-2	647-651	ſoll	_	_	_	
6-3	652-655	die	_	_	_	
6-4	656-661	recht	_	_	_	
6-5	662-669	ſchoͤne	_	_	_	
6-6	670-676	Reſina	Smell\_Source[2]	_	_	
6-7	677-684	Jalappæ	Smell\_Source[2]	_	_	
6-8	685-691	auſſer	_	_	_	
6-9	692-695	nur	_	_	_	
6-10	696-705	gemeldten	_	_	_	
6-11	706-712	Geruch	Smell\_Word	*	6-6[2_0]	
6-12	713-716	und	_	_	_	
6-13	717-722	Farbe	_	_	_	
6-14	722-723	,	_	_	_	
6-15	724-731	trucken	_	_	_	
6-16	731-732	,	_	_	_	
6-17	733-745	durchſichtig	_	_	_	
6-18	746-749	und	_	_	_	
6-19	750-755	zarte	_	_	_	
6-20	756-760	ſeyn	_	_	_	
6-21	760-761	,	_	_	_	
6-22	762-766	ſich	_	_	_	
6-23	767-773	leicht	_	_	_	
6-24	775-784	zerreiben	_	_	_	
6-25	785-791	laſſen	_	_	_	
6-26	791-792	,	_	_	_	
6-27	793-796	und	_	_	_	
6-28	796-797	,	_	_	_	
6-29	798-802	wenn	_	_	_	
6-30	803-806	ſie	_	_	_	
6-31	807-815	zwiſchen	_	_	_	
6-32	816-819	den	_	_	_	
6-33	820-827	Fingern	_	_	_	
6-34	828-837	zerdruckt	_	_	_	
6-35	838-844	woꝛden	_	_	_	
6-36	844-845	,	_	_	_	
6-37	846-849	wie	_	_	_	
6-38	850-855	Aſche	_	_	_	
6-39	856-860	oder	_	_	_	
6-40	861-864	als	_	_	_	
6-41	865-868	ein	_	_	_	
6-42	869-875	graues	_	_	_	
6-43	876-882	Pulver	_	_	_	
6-44	883-888	ſehen	_	_	_	
6-45	888-889	.	_	_	_	

#Text=Dieſes Hartz wird hoͤher geachtet, als
#Text=
#Text=die Jalappe ſelbſt, weil es eine ſtaͤrckere
#Text=Wirckung hat;
#Text=und dann auch, weil es
#Text=beſſer einzunehmen.
7-1	893-899	Dieſes	_	_	_	
7-2	900-905	Hartz	_	_	_	
7-3	906-910	wird	_	_	_	
7-4	911-917	hoͤher	_	_	_	
7-5	918-926	geachtet	_	_	_	
7-6	926-927	,	_	_	_	
7-7	928-931	als	_	_	_	
7-8	933-936	die	_	_	_	
7-9	937-944	Jalappe	_	_	_	
7-10	945-951	ſelbſt	_	_	_	
7-11	951-952	,	_	_	_	
7-12	953-957	weil	_	_	_	
7-13	958-960	es	_	_	_	
7-14	961-965	eine	_	_	_	
7-15	966-976	ſtaͤrckere	_	_	_	
7-16	977-985	Wirckung	_	_	_	
7-17	986-989	hat	_	_	_	
7-18	989-990	;	_	_	_	
7-19	991-994	und	_	_	_	
7-20	995-999	dann	_	_	_	
7-21	1000-1004	auch	_	_	_	
7-22	1004-1005	,	_	_	_	
7-23	1006-1010	weil	_	_	_	
7-24	1011-1013	es	_	_	_	
7-25	1014-1020	beſſer	_	_	_	
7-26	1021-1032	einzunehmen	_	_	_	
7-27	1032-1033	.	_	_	_	

#Text=Die ordentliche
#Text=doſis ſind fuͤnff bis ſechs
#Text=Gran
8-1	1034-1037	Die	_	_	_	
8-2	1038-1049	ordentliche	_	_	_	
8-3	1050-1055	doſis	_	_	_	
8-4	1056-1060	ſind	_	_	_	
8-5	1061-1067	fuͤnff	_	_	_	
8-6	1068-1071	bis	_	_	_	
8-7	1072-1077	ſechs	_	_	_	
8-8	1078-1082	Gran	_	_	_	
