#FORMAT=WebAnno TSV 3.3


#Text=7 Si agnum obtulerit coram Domino, 8 ponet manum suam super caput victimæ suæ : quæ immolabitur in vestibulo tabernaculi testimonii : fundentque filii Aaron sanguinem ejus per circuitum altaris.
#Text=9 Et offerent de pacificorum hostia sacrificium Domino : adipem et caudam totam 10 cum renibus, et pinguedinem quæ operit ventrem atque universa vitalia, et utrumque renunculum cum adipe qui est juxta ilia, reticulumque jecoris cum renunculis.
#Text=11 Et adolebit ea sacerdos super altare in pabulum ignis et oblationis Domini.
#Text=12 Si capra fuerit ejus oblatio, et obtulerit eam Domino, 13 ponet manum suam super caput ejus : immolabitque eam in introitu tabernaculi testimonii, et fundent filii Aaron sanguinem ejus per altaris circuitum.
#Text=14 Tollentque ex ea in pastum ignis dominici, adipem qui operit ventrem, et qui tegit universa vitalia : 15 duos renunculos cum reticulo, quod est super eos juxta ilia, et arvinam jecoris cum renunculis : 16 adolebitque ea super altare sacerdos in alimoniam ignis, et suavissimi odoris.
1-1	2-3	7	
1-2	4-6	Si	
1-3	7-12	agnum	
1-4	13-22	obtulerit	
1-5	23-28	coram	
1-6	29-35	Domino	
1-7	35-36	,	
1-8	37-38	8	
1-9	39-44	ponet	
1-10	45-50	manum	
1-11	51-55	suam	
1-12	56-61	super	
1-13	62-67	caput	
1-14	68-75	victimæ	
1-15	76-79	suæ	
1-16	80-81	:	
1-17	82-85	quæ	
1-18	86-97	immolabitur	
1-19	98-100	in	
1-20	101-110	vestibulo	
1-21	111-122	tabernaculi	
1-22	123-133	testimonii	
1-23	134-135	:	
1-24	136-146	fundentque	
1-25	147-152	filii	
1-26	153-158	Aaron	
1-27	159-168	sanguinem	
1-28	169-173	ejus	
1-29	174-177	per	
1-30	178-187	circuitum	
1-31	188-195	altaris	
1-32	195-196	.	
1-33	197-198	9	
1-34	199-201	Et	
1-35	202-210	offerent	
1-36	211-213	de	
1-37	214-225	pacificorum	
1-38	226-232	hostia	
1-39	233-244	sacrificium	
1-40	245-251	Domino	
1-41	252-253	:	
1-42	254-260	adipem	
1-43	261-263	et	
1-44	264-270	caudam	
1-45	271-276	totam	
1-46	277-279	10	
1-47	280-283	cum	
1-48	284-291	renibus	
1-49	291-292	,	
1-50	293-295	et	
1-51	296-307	pinguedinem	
1-52	308-311	quæ	
1-53	312-318	operit	
1-54	319-326	ventrem	
1-55	327-332	atque	
1-56	333-341	universa	
1-57	342-349	vitalia	
1-58	349-350	,	
1-59	351-353	et	
1-60	354-362	utrumque	
1-61	363-373	renunculum	
1-62	374-377	cum	
1-63	378-383	adipe	
1-64	384-387	qui	
1-65	388-391	est	
1-66	392-397	juxta	
1-67	398-402	ilia	
1-68	402-403	,	
1-69	404-416	reticulumque	
1-70	417-424	jecoris	
1-71	425-428	cum	
1-72	429-439	renunculis	
1-73	439-440	.	
1-74	441-443	11	
1-75	444-446	Et	
1-76	447-455	adolebit	
1-77	456-458	ea	
1-78	459-467	sacerdos	
1-79	468-473	super	
1-80	474-480	altare	
1-81	481-483	in	
1-82	484-491	pabulum	
1-83	492-497	ignis	
1-84	498-500	et	
1-85	501-511	oblationis	
1-86	512-518	Domini	
1-87	518-519	.	
1-88	520-522	12	
1-89	523-525	Si	
1-90	526-531	capra	
1-91	532-538	fuerit	
1-92	539-543	ejus	
1-93	544-551	oblatio	
1-94	551-552	,	
1-95	553-555	et	
1-96	556-565	obtulerit	
1-97	566-569	eam	
1-98	570-576	Domino	
1-99	576-577	,	
1-100	578-580	13	
1-101	581-586	ponet	
1-102	587-592	manum	
1-103	593-597	suam	
1-104	598-603	super	
1-105	604-609	caput	
1-106	610-614	ejus	
1-107	615-616	:	
1-108	617-629	immolabitque	
1-109	630-633	eam	
1-110	634-636	in	
1-111	637-645	introitu	
1-112	646-657	tabernaculi	
1-113	658-668	testimonii	
1-114	668-669	,	
1-115	670-672	et	
1-116	673-680	fundent	
1-117	681-686	filii	
1-118	687-692	Aaron	
1-119	693-702	sanguinem	
1-120	703-707	ejus	
1-121	708-711	per	
1-122	712-719	altaris	
1-123	720-729	circuitum	
1-124	729-730	.	
1-125	731-733	14	
1-126	734-744	Tollentque	
1-127	745-747	ex	
1-128	748-750	ea	
1-129	751-753	in	
1-130	754-760	pastum	
1-131	761-766	ignis	
1-132	767-775	dominici	
1-133	775-776	,	
1-134	777-783	adipem	
1-135	784-787	qui	
1-136	788-794	operit	
1-137	795-802	ventrem	
1-138	802-803	,	
1-139	804-806	et	
1-140	807-810	qui	
1-141	811-816	tegit	
1-142	817-825	universa	
1-143	826-833	vitalia	
1-144	834-835	:	
1-145	836-838	15	
1-146	839-843	duos	
1-147	844-854	renunculos	
1-148	855-858	cum	
1-149	859-867	reticulo	
1-150	867-868	,	
1-151	869-873	quod	
1-152	874-877	est	
1-153	878-883	super	
1-154	884-887	eos	
1-155	888-893	juxta	
1-156	894-898	ilia	
1-157	898-899	,	
1-158	900-902	et	
1-159	903-910	arvinam	
1-160	911-918	jecoris	
1-161	919-922	cum	
1-162	923-933	renunculis	
1-163	934-935	:	
1-164	936-938	16	
1-165	939-950	adolebitque	
1-166	951-953	ea	
1-167	954-959	super	
1-168	960-966	altare	
1-169	967-975	sacerdos	
1-170	976-978	in	
1-171	979-988	alimoniam	
1-172	989-994	ignis	
1-173	994-995	,	
1-174	996-998	et	
1-175	999-1009	suavissimi	
1-176	1010-1016	odoris	
1-177	1016-1017	.	

#Text=Omnis adeps, Domini erit 17 jure perpetuo in generationibus, et cunctis habitaculis vestris : nec sanguinem nec adipem omnino comedetis.
2-1	1018-1023	Omnis	
2-2	1024-1029	adeps	
2-3	1029-1030	,	
2-4	1031-1037	Domini	
2-5	1038-1042	erit	
2-6	1043-1045	17	
2-7	1046-1050	jure	
2-8	1051-1059	perpetuo	
2-9	1060-1062	in	
2-10	1063-1077	generationibus	
2-11	1077-1078	,	
2-12	1079-1081	et	
2-13	1082-1089	cunctis	
2-14	1090-1101	habitaculis	
2-15	1102-1109	vestris	
2-16	1110-1111	:	
2-17	1112-1115	nec	
2-18	1116-1125	sanguinem	
2-19	1126-1129	nec	
2-20	1130-1136	adipem	
2-21	1137-1143	omnino	
2-22	1144-1153	comedetis	
2-23	1153-1154	.	

#Text=Caput 4
#Text=
#Text=
#Text=1 Locutusque est Dominus ad Moysen, dicens : 2 Loquere filiis Israël : Anima, quæ peccaverit per ignorantiam, et de universis mandatis Domini, quæ præcepit ut non fierent, quippiam fecerit : 3 si sacerdos, qui unctus est, peccaverit, delinquere faciens populum, offeret pro peccato suo vitulum immaculatum Domino : 4 et adducet illum ad ostium tabernaculi testimonii coram Domino, ponetque manum super caput ejus, et immolabit eum Domino.
#Text=5 Hauriet quoque de sanguine vituli, inferens illum in tabernaculum testimonii.
#Text=6 Cumque intinxerit digitum in sanguine, asperget eo septies coram Domino contra velum sanctuarii.
#Text=7 Ponetque de eodem sanguine super cornua altaris thymiamatis gratissimi Domino, quod est in tabernaculo testimonii : omnem autem reliquum sanguinem fundet in basim altaris holocausti in introitu tabernaculi.
#Text=8 Et adipem vituli auferet pro peccato, tam eum qui vitalia operit quam omnia quæ intrinsecus sunt : 9 duos renunculos et reticulum quod est super eos juxta ilia, et adipem jecoris cum renunculis, 10 sicut aufertur de vitulo hostiæ pacificorum : et adolebit ea super altare holocausti.
#Text=11 Pellem vero et omnes carnes, cum capite et pedibus et intestinis et fimo, 12 et reliquo corpore, efferet extra castra in locum mundum, ubi cineres effundi solent : incendetque ea super lignorum struem, quæ in loco effusorum cinerum cremabuntur.
#Text=13 Quod si omnis turba Israël ignoraverit, et per imperitiam fecerit quod contra mandatum Domini est, 14 et postea intellexerit peccatum suum, offeret pro peccato suo vitulum, adducetque eum ad ostium tabernaculi.
#Text=15 Et ponent seniores populi manus super caput ejus coram Domino.
3-1	1155-1160	Caput	
3-2	1161-1162	4	
3-3	1165-1166	1	
3-4	1167-1177	Locutusque	
3-5	1178-1181	est	
3-6	1182-1189	Dominus	
3-7	1190-1192	ad	
3-8	1193-1199	Moysen	
3-9	1199-1200	,	
3-10	1201-1207	dicens	
3-11	1208-1209	:	
3-12	1210-1211	2	
3-13	1212-1219	Loquere	
3-14	1220-1226	filiis	
3-15	1227-1233	Israël	
3-16	1234-1235	:	
3-17	1236-1241	Anima	
3-18	1241-1242	,	
3-19	1243-1246	quæ	
3-20	1247-1257	peccaverit	
3-21	1258-1261	per	
3-22	1262-1273	ignorantiam	
3-23	1273-1274	,	
3-24	1275-1277	et	
3-25	1278-1280	de	
3-26	1281-1290	universis	
3-27	1291-1299	mandatis	
3-28	1300-1306	Domini	
3-29	1306-1307	,	
3-30	1308-1311	quæ	
3-31	1312-1320	præcepit	
3-32	1321-1323	ut	
3-33	1324-1327	non	
3-34	1328-1335	fierent	
3-35	1335-1336	,	
3-36	1337-1345	quippiam	
3-37	1346-1353	fecerit	
3-38	1354-1355	:	
3-39	1356-1357	3	
3-40	1358-1360	si	
3-41	1361-1369	sacerdos	
3-42	1369-1370	,	
3-43	1371-1374	qui	
3-44	1375-1381	unctus	
3-45	1382-1385	est	
3-46	1385-1386	,	
3-47	1387-1397	peccaverit	
3-48	1397-1398	,	
3-49	1399-1409	delinquere	
3-50	1410-1417	faciens	
3-51	1418-1425	populum	
3-52	1425-1426	,	
3-53	1427-1434	offeret	
3-54	1435-1438	pro	
3-55	1439-1446	peccato	
3-56	1447-1450	suo	
3-57	1451-1458	vitulum	
3-58	1459-1470	immaculatum	
3-59	1471-1477	Domino	
3-60	1478-1479	:	
3-61	1480-1481	4	
3-62	1482-1484	et	
3-63	1485-1492	adducet	
3-64	1493-1498	illum	
3-65	1499-1501	ad	
3-66	1502-1508	ostium	
3-67	1509-1520	tabernaculi	
3-68	1521-1531	testimonii	
3-69	1532-1537	coram	
3-70	1538-1544	Domino	
3-71	1544-1545	,	
3-72	1546-1554	ponetque	
3-73	1555-1560	manum	
3-74	1561-1566	super	
3-75	1567-1572	caput	
3-76	1573-1577	ejus	
3-77	1577-1578	,	
3-78	1579-1581	et	
3-79	1582-1591	immolabit	
3-80	1592-1595	eum	
3-81	1596-1602	Domino	
3-82	1602-1603	.	
3-83	1604-1605	5	
3-84	1606-1613	Hauriet	
3-85	1614-1620	quoque	
3-86	1621-1623	de	
3-87	1624-1632	sanguine	
3-88	1633-1639	vituli	
3-89	1639-1640	,	
3-90	1641-1649	inferens	
3-91	1650-1655	illum	
3-92	1656-1658	in	
3-93	1659-1671	tabernaculum	
3-94	1672-1682	testimonii	
3-95	1682-1683	.	
3-96	1684-1685	6	
3-97	1686-1692	Cumque	
3-98	1693-1703	intinxerit	
3-99	1704-1711	digitum	
3-100	1712-1714	in	
3-101	1715-1723	sanguine	
3-102	1723-1724	,	
3-103	1725-1733	asperget	
3-104	1734-1736	eo	
3-105	1737-1744	septies	
3-106	1745-1750	coram	
3-107	1751-1757	Domino	
3-108	1758-1764	contra	
3-109	1765-1770	velum	
3-110	1771-1781	sanctuarii	
3-111	1781-1782	.	
3-112	1783-1784	7	
3-113	1785-1793	Ponetque	
3-114	1794-1796	de	
3-115	1797-1802	eodem	
3-116	1803-1811	sanguine	
3-117	1812-1817	super	
3-118	1818-1824	cornua	
3-119	1825-1832	altaris	
3-120	1833-1844	thymiamatis	
3-121	1845-1855	gratissimi	
3-122	1856-1862	Domino	
3-123	1862-1863	,	
3-124	1864-1868	quod	
3-125	1869-1872	est	
3-126	1873-1875	in	
3-127	1876-1887	tabernaculo	
3-128	1888-1898	testimonii	
3-129	1899-1900	:	
3-130	1901-1906	omnem	
3-131	1907-1912	autem	
3-132	1913-1921	reliquum	
3-133	1922-1931	sanguinem	
3-134	1932-1938	fundet	
3-135	1939-1941	in	
3-136	1942-1947	basim	
3-137	1948-1955	altaris	
3-138	1956-1966	holocausti	
3-139	1967-1969	in	
3-140	1970-1978	introitu	
3-141	1979-1990	tabernaculi	
3-142	1990-1991	.	
3-143	1992-1993	8	
3-144	1994-1996	Et	
3-145	1997-2003	adipem	
3-146	2004-2010	vituli	
3-147	2011-2018	auferet	
3-148	2019-2022	pro	
3-149	2023-2030	peccato	
3-150	2030-2031	,	
3-151	2032-2035	tam	
3-152	2036-2039	eum	
3-153	2040-2043	qui	
3-154	2044-2051	vitalia	
3-155	2052-2058	operit	
3-156	2059-2063	quam	
3-157	2064-2069	omnia	
3-158	2070-2073	quæ	
3-159	2074-2085	intrinsecus	
3-160	2086-2090	sunt	
3-161	2091-2092	:	
3-162	2093-2094	9	
3-163	2095-2099	duos	
3-164	2100-2110	renunculos	
3-165	2111-2113	et	
3-166	2114-2123	reticulum	
3-167	2124-2128	quod	
3-168	2129-2132	est	
3-169	2133-2138	super	
3-170	2139-2142	eos	
3-171	2143-2148	juxta	
3-172	2149-2153	ilia	
3-173	2153-2154	,	
3-174	2155-2157	et	
3-175	2158-2164	adipem	
3-176	2165-2172	jecoris	
3-177	2173-2176	cum	
3-178	2177-2187	renunculis	
3-179	2187-2188	,	
3-180	2189-2191	10	
3-181	2192-2197	sicut	
3-182	2198-2206	aufertur	
3-183	2207-2209	de	
3-184	2210-2216	vitulo	
3-185	2217-2223	hostiæ	
3-186	2224-2235	pacificorum	
3-187	2236-2237	:	
3-188	2238-2240	et	
3-189	2241-2249	adolebit	
3-190	2250-2252	ea	
3-191	2253-2258	super	
3-192	2259-2265	altare	
3-193	2266-2276	holocausti	
3-194	2276-2277	.	
3-195	2278-2280	11	
3-196	2281-2287	Pellem	
3-197	2288-2292	vero	
3-198	2293-2295	et	
3-199	2296-2301	omnes	
3-200	2302-2308	carnes	
3-201	2308-2309	,	
3-202	2310-2313	cum	
3-203	2314-2320	capite	
3-204	2321-2323	et	
3-205	2324-2331	pedibus	
3-206	2332-2334	et	
3-207	2335-2345	intestinis	
3-208	2346-2348	et	
3-209	2349-2353	fimo	
3-210	2353-2354	,	
3-211	2355-2357	12	
3-212	2358-2360	et	
3-213	2361-2368	reliquo	
3-214	2369-2376	corpore	
3-215	2376-2377	,	
3-216	2378-2385	efferet	
3-217	2386-2391	extra	
3-218	2392-2398	castra	
3-219	2399-2401	in	
3-220	2402-2407	locum	
3-221	2408-2414	mundum	
3-222	2414-2415	,	
3-223	2416-2419	ubi	
3-224	2420-2427	cineres	
3-225	2428-2435	effundi	
3-226	2436-2442	solent	
3-227	2443-2444	:	
3-228	2445-2456	incendetque	
3-229	2457-2459	ea	
3-230	2460-2465	super	
3-231	2466-2474	lignorum	
3-232	2475-2481	struem	
3-233	2481-2482	,	
3-234	2483-2486	quæ	
3-235	2487-2489	in	
3-236	2490-2494	loco	
3-237	2495-2504	effusorum	
3-238	2505-2512	cinerum	
3-239	2513-2524	cremabuntur	
3-240	2524-2525	.	
3-241	2526-2528	13	
3-242	2529-2533	Quod	
3-243	2534-2536	si	
3-244	2537-2542	omnis	
3-245	2543-2548	turba	
3-246	2549-2555	Israël	
3-247	2556-2567	ignoraverit	
3-248	2567-2568	,	
3-249	2569-2571	et	
3-250	2572-2575	per	
3-251	2576-2586	imperitiam	
3-252	2587-2594	fecerit	
3-253	2595-2599	quod	
3-254	2600-2606	contra	
3-255	2607-2615	mandatum	
3-256	2616-2622	Domini	
3-257	2623-2626	est	
3-258	2626-2627	,	
3-259	2628-2630	14	
3-260	2631-2633	et	
3-261	2634-2640	postea	
3-262	2641-2653	intellexerit	
3-263	2654-2662	peccatum	
3-264	2663-2667	suum	
3-265	2667-2668	,	
3-266	2669-2676	offeret	
3-267	2677-2680	pro	
3-268	2681-2688	peccato	
3-269	2689-2692	suo	
3-270	2693-2700	vitulum	
3-271	2700-2701	,	
3-272	2702-2712	adducetque	
3-273	2713-2716	eum	
3-274	2717-2719	ad	
3-275	2720-2726	ostium	
3-276	2727-2738	tabernaculi	
3-277	2738-2739	.	
3-278	2740-2742	15	
3-279	2743-2745	Et	
3-280	2746-2752	ponent	
3-281	2753-2761	seniores	
3-282	2762-2768	populi	
3-283	2769-2774	manus	
3-284	2775-2780	super	
3-285	2781-2786	caput	
3-286	2787-2791	ejus	
3-287	2792-2797	coram	
3-288	2798-2804	Domino	
3-289	2804-2805	.	

#Text=Immolatoque vitulo in conspectu Domini, 16 inferet sacerdos, qui unctus est, de sanguine ejus in tabernaculum testimonii, 17 tincto digito aspergens septies contra velum.
#Text=18 Ponetque de eodem sanguine in cornibus altaris, quod est coram Domino in tabernaculo testimonii : reliquum autem sanguinem fundet juxta basim altaris holocaustorum, quod est in ostio tabernaculi testimonii.
#Text=19 Omnemque ejus adipem tollet, et adolebit super altare : 20 sic faciens et de hoc vitulo quomodo fecit et prius : et rogante pro eis sacerdote, propitius erit eis Dominus.
#Text=21 Ipsum autem vitulum efferet extra castra, atque comburet sicut et priorem vitulum : quia est pro peccato multitudinis.
#Text=22 Si peccaverit princeps, et fecerit unum e pluribus per ignorantiam, quod Domini lege prohibetur : 23 et postea intellexerit peccatum suum, offeret hostiam Domino, hircum de capris immaculatum.
#Text=24 Ponetque manum suam super caput ejus : cumque immolaverit eum in loco ubi solet mactari holocaustum coram Domino, quia pro peccato est, 25 tinget sacerdos digitum in sanguine hostiæ pro peccato, tangens cornua altaris holocausti, et reliquum fundens ad basim ejus.
4-1	2806-2817	Immolatoque	
4-2	2818-2824	vitulo	
4-3	2825-2827	in	
4-4	2828-2837	conspectu	
4-5	2838-2844	Domini	
4-6	2844-2845	,	
4-7	2846-2848	16	
4-8	2849-2856	inferet	
4-9	2857-2865	sacerdos	
4-10	2865-2866	,	
4-11	2867-2870	qui	
4-12	2871-2877	unctus	
4-13	2878-2881	est	
4-14	2881-2882	,	
4-15	2883-2885	de	
4-16	2886-2894	sanguine	
4-17	2895-2899	ejus	
4-18	2900-2902	in	
4-19	2903-2915	tabernaculum	
4-20	2916-2926	testimonii	
4-21	2926-2927	,	
4-22	2928-2930	17	
4-23	2931-2937	tincto	
4-24	2938-2944	digito	
4-25	2945-2954	aspergens	
4-26	2955-2962	septies	
4-27	2963-2969	contra	
4-28	2970-2975	velum	
4-29	2975-2976	.	
4-30	2977-2979	18	
4-31	2980-2988	Ponetque	
4-32	2989-2991	de	
4-33	2992-2997	eodem	
4-34	2998-3006	sanguine	
4-35	3007-3009	in	
4-36	3010-3018	cornibus	
4-37	3019-3026	altaris	
4-38	3026-3027	,	
4-39	3028-3032	quod	
4-40	3033-3036	est	
4-41	3037-3042	coram	
4-42	3043-3049	Domino	
4-43	3050-3052	in	
4-44	3053-3064	tabernaculo	
4-45	3065-3075	testimonii	
4-46	3076-3077	:	
4-47	3078-3086	reliquum	
4-48	3087-3092	autem	
4-49	3093-3102	sanguinem	
4-50	3103-3109	fundet	
4-51	3110-3115	juxta	
4-52	3116-3121	basim	
4-53	3122-3129	altaris	
4-54	3130-3143	holocaustorum	
4-55	3143-3144	,	
4-56	3145-3149	quod	
4-57	3150-3153	est	
4-58	3154-3156	in	
4-59	3157-3162	ostio	
4-60	3163-3174	tabernaculi	
4-61	3175-3185	testimonii	
4-62	3185-3186	.	
4-63	3187-3189	19	
4-64	3190-3198	Omnemque	
4-65	3199-3203	ejus	
4-66	3204-3210	adipem	
4-67	3211-3217	tollet	
4-68	3217-3218	,	
4-69	3219-3221	et	
4-70	3222-3230	adolebit	
4-71	3231-3236	super	
4-72	3237-3243	altare	
4-73	3244-3245	:	
4-74	3246-3248	20	
4-75	3249-3252	sic	
4-76	3253-3260	faciens	
4-77	3261-3263	et	
4-78	3264-3266	de	
4-79	3267-3270	hoc	
4-80	3271-3277	vitulo	
4-81	3278-3285	quomodo	
4-82	3286-3291	fecit	
4-83	3292-3294	et	
4-84	3295-3300	prius	
4-85	3301-3302	:	
4-86	3303-3305	et	
4-87	3306-3313	rogante	
4-88	3314-3317	pro	
4-89	3318-3321	eis	
4-90	3322-3331	sacerdote	
4-91	3331-3332	,	
4-92	3333-3342	propitius	
4-93	3343-3347	erit	
4-94	3348-3351	eis	
4-95	3352-3359	Dominus	
4-96	3359-3360	.	
4-97	3361-3363	21	
4-98	3364-3369	Ipsum	
4-99	3370-3375	autem	
4-100	3376-3383	vitulum	
4-101	3384-3391	efferet	
4-102	3392-3397	extra	
4-103	3398-3404	castra	
4-104	3404-3405	,	
4-105	3406-3411	atque	
4-106	3412-3420	comburet	
4-107	3421-3426	sicut	
4-108	3427-3429	et	
4-109	3430-3437	priorem	
4-110	3438-3445	vitulum	
4-111	3446-3447	:	
4-112	3448-3452	quia	
4-113	3453-3456	est	
4-114	3457-3460	pro	
4-115	3461-3468	peccato	
4-116	3469-3481	multitudinis	
4-117	3481-3482	.	
4-118	3483-3485	22	
4-119	3486-3488	Si	
4-120	3489-3499	peccaverit	
4-121	3500-3508	princeps	
4-122	3508-3509	,	
4-123	3510-3512	et	
4-124	3513-3520	fecerit	
4-125	3521-3525	unum	
4-126	3526-3527	e	
4-127	3528-3536	pluribus	
4-128	3537-3540	per	
4-129	3541-3552	ignorantiam	
4-130	3552-3553	,	
4-131	3554-3558	quod	
4-132	3559-3565	Domini	
4-133	3566-3570	lege	
4-134	3571-3581	prohibetur	
4-135	3582-3583	:	
4-136	3584-3586	23	
4-137	3587-3589	et	
4-138	3590-3596	postea	
4-139	3597-3609	intellexerit	
4-140	3610-3618	peccatum	
4-141	3619-3623	suum	
4-142	3623-3624	,	
4-143	3625-3632	offeret	
4-144	3633-3640	hostiam	
4-145	3641-3647	Domino	
4-146	3647-3648	,	
4-147	3649-3655	hircum	
4-148	3656-3658	de	
4-149	3659-3665	capris	
4-150	3666-3677	immaculatum	
4-151	3677-3678	.	
4-152	3679-3681	24	
4-153	3682-3690	Ponetque	
4-154	3691-3696	manum	
4-155	3697-3701	suam	
4-156	3702-3707	super	
4-157	3708-3713	caput	
4-158	3714-3718	ejus	
4-159	3719-3720	:	
4-160	3721-3727	cumque	
4-161	3728-3739	immolaverit	
4-162	3740-3743	eum	
4-163	3744-3746	in	
4-164	3747-3751	loco	
4-165	3752-3755	ubi	
4-166	3756-3761	solet	
4-167	3762-3769	mactari	
4-168	3770-3781	holocaustum	
4-169	3782-3787	coram	
4-170	3788-3794	Domino	
4-171	3794-3795	,	
4-172	3796-3800	quia	
4-173	3801-3804	pro	
4-174	3805-3812	peccato	
4-175	3813-3816	est	
4-176	3816-3817	,	
4-177	3818-3820	25	
4-178	3821-3827	tinget	
4-179	3828-3836	sacerdos	
4-180	3837-3844	digitum	
4-181	3845-3847	in	
4-182	3848-3856	sanguine	
4-183	3857-3863	hostiæ	
4-184	3864-3867	pro	
4-185	3868-3875	peccato	
4-186	3875-3876	,	
4-187	3877-3884	tangens	
4-188	3885-3891	cornua	
4-189	3892-3899	altaris	
4-190	3900-3910	holocausti	
4-191	3910-3911	,	
4-192	3912-3914	et	
4-193	3915-3923	reliquum	
4-194	3924-3931	fundens	
4-195	3932-3934	ad	
4-196	3935-3940	basim	
4-197	3941-3945	ejus	
4-198	3945-3946	.	
