#FORMAT=WebAnno TSV 3.3


#Text=Omtrent het uitstooten van de zeilen is aan te merken, dat het niet even
#Text=veel is wat zeil men eerst ter windt-vang stelt.
1-1	2-9	Omtrent	
1-2	10-13	het	
1-3	14-24	uitstooten	
1-4	25-28	van	
1-5	29-31	de	
1-6	32-38	zeilen	
1-7	39-41	is	
1-8	42-45	aan	
1-9	46-48	te	
1-10	49-55	merken	
1-11	55-56	,	
1-12	57-60	dat	
1-13	61-64	het	
1-14	65-69	niet	
1-15	70-74	even	
1-16	75-79	veel	
1-17	80-82	is	
1-18	83-86	wat	
1-19	87-91	zeil	
1-20	92-95	men	
1-21	96-101	eerst	
1-22	102-105	ter	
1-23	106-116	windt-vang	
1-24	117-122	stelt	
1-25	122-123	.	

#Text=Als men t'zeil zal gaan, moet de tydt,
#Text=het weêr, de windt, des Schips eigenschap, de zee, en landts gelegentheit daar
#Text=
#Text=
#Text=men is, in acht genoomen werden.
2-1	124-127	Als	
2-2	128-131	men	
2-3	132-138	t'zeil	
2-4	139-142	zal	
2-5	143-147	gaan	
2-6	147-148	,	
2-7	149-153	moet	
2-8	154-156	de	
2-9	157-161	tydt	
2-10	161-162	,	
2-11	163-166	het	
2-12	167-171	weêr	
2-13	171-172	,	
2-14	173-175	de	
2-15	176-181	windt	
2-16	181-182	,	
2-17	183-186	des	
2-18	187-193	Schips	
2-19	194-204	eigenschap	
2-20	204-205	,	
2-21	206-208	de	
2-22	209-212	zee	
2-23	212-213	,	
2-24	214-216	en	
2-25	217-223	landts	
2-26	224-236	gelegentheit	
2-27	237-241	daar	
2-28	244-247	men	
2-29	248-250	is	
2-30	250-251	,	
2-31	252-254	in	
2-32	255-259	acht	
2-33	260-268	genoomen	
2-34	269-275	werden	
2-35	275-276	.	

#Text=Aan loefgierige Scheepen, of alzulke welker aart
#Text=
#Text=het is na de windt, of daar de windt van daan komt, op te zetten, is 't best de
#Text=voor-zeilen eerst los te laten, die dan het Schip doen af dryven.
3-1	277-280	Aan	
3-2	281-292	loefgierige	
3-3	293-301	Scheepen	
3-4	301-302	,	
3-5	303-305	of	
3-6	306-313	alzulke	
3-7	314-320	welker	
3-8	321-325	aart	
3-9	327-330	het	
3-10	331-333	is	
3-11	334-336	na	
3-12	337-339	de	
3-13	340-345	windt	
3-14	345-346	,	
3-15	347-349	of	
3-16	350-354	daar	
3-17	355-357	de	
3-18	358-363	windt	
3-19	364-367	van	
3-20	368-372	daan	
3-21	373-377	komt	
3-22	377-378	,	
3-23	379-381	op	
3-24	382-384	te	
3-25	385-391	zetten	
3-26	391-392	,	
3-27	393-395	is	
3-28	396-397	'	
3-29	397-398	t	
3-30	399-403	best	
3-31	404-406	de	
3-32	407-418	voor-zeilen	
3-33	419-424	eerst	
3-34	425-428	los	
3-35	429-431	te	
3-36	432-437	laten	
3-37	437-438	,	
3-38	439-442	die	
3-39	443-446	dan	
3-40	447-450	het	
3-41	451-456	Schip	
3-42	457-461	doen	
3-43	462-464	af	
3-44	465-471	dryven	
3-45	471-472	.	

#Text=Aen Scheepen
#Text=welke voor steedts van de windt af dryven, dat is daar heen waar de windt na toe
#Text=waait, dient men de achter-zeilen eerst uit te zetten, om het Schip in een rechte
#Text=streek te doen voort gaan, 't en ware dat men van wille was loefwaart op te zeilen,
#Text=ofte na de windt af te willen vallen.
4-1	473-476	Aen	
4-2	477-485	Scheepen	
4-3	486-491	welke	
4-4	492-496	voor	
4-5	497-504	steedts	
4-6	505-508	van	
4-7	509-511	de	
4-8	512-517	windt	
4-9	518-520	af	
4-10	521-527	dryven	
4-11	527-528	,	
4-12	529-532	dat	
4-13	533-535	is	
4-14	536-540	daar	
4-15	541-545	heen	
4-16	546-550	waar	
4-17	551-553	de	
4-18	554-559	windt	
4-19	560-562	na	
4-20	563-566	toe	
4-21	567-572	waait	
4-22	572-573	,	
4-23	574-579	dient	
4-24	580-583	men	
4-25	584-586	de	
4-26	587-600	achter-zeilen	
4-27	601-606	eerst	
4-28	607-610	uit	
4-29	611-613	te	
4-30	614-620	zetten	
4-31	620-621	,	
4-32	622-624	om	
4-33	625-628	het	
4-34	629-634	Schip	
4-35	635-637	in	
4-36	638-641	een	
4-37	642-648	rechte	
4-38	649-655	streek	
4-39	656-658	te	
4-40	659-663	doen	
4-41	664-669	voort	
4-42	670-674	gaan	
4-43	674-675	,	
4-44	676-677	'	
4-45	677-678	t	
4-46	679-681	en	
4-47	682-686	ware	
4-48	687-690	dat	
4-49	691-694	men	
4-50	695-698	van	
4-51	699-704	wille	
4-52	705-708	was	
4-53	709-718	loefwaart	
4-54	719-721	op	
4-55	722-724	te	
4-56	725-731	zeilen	
4-57	731-732	,	
4-58	733-737	ofte	
4-59	738-740	na	
4-60	741-743	de	
4-61	744-749	windt	
4-62	750-752	af	
4-63	753-755	te	
4-64	756-762	willen	
4-65	763-769	vallen	
4-66	769-770	.	

#Text=Aan Scheepen welke de boven genoemde
#Text=eigenschappen niet hebben, dient men de middel-zeilen eerst los te maken;
#Text=want
#Text=die doen het Schip alderbest een rechten loop nemen.
5-1	771-774	Aan	
5-2	775-783	Scheepen	
5-3	784-789	welke	
5-4	790-792	de	
5-5	793-798	boven	
5-6	799-807	genoemde	
5-7	808-821	eigenschappen	
5-8	822-826	niet	
5-9	827-833	hebben	
5-10	833-834	,	
5-11	835-840	dient	
5-12	841-844	men	
5-13	845-847	de	
5-14	848-861	middel-zeilen	
5-15	862-867	eerst	
5-16	868-871	los	
5-17	872-874	te	
5-18	875-880	maken	
5-19	880-881	;	
5-20	882-886	want	
5-21	887-890	die	
5-22	891-895	doen	
5-23	896-899	het	
5-24	900-905	Schip	
5-25	906-915	alderbest	
5-26	916-919	een	
5-27	920-927	rechten	
5-28	928-932	loop	
5-29	933-938	nemen	
5-30	938-939	.	

#Text=Doch wanneer men van wille
#Text=is dat het achter-schip zich van de windt af draaije, dan stoot men d'achter-zeilen
#Text=eerst uit:
#Text=en als men wil dat het Schip voor met zyn neus af valle, dat is, daar heen
#Text=wende waar de windt heen waait, dan zet men de voorste zeilen eerst uit.
6-1	940-944	Doch	
6-2	945-952	wanneer	
6-3	953-956	men	
6-4	957-960	van	
6-5	961-966	wille	
6-6	967-969	is	
6-7	970-973	dat	
6-8	974-977	het	
6-9	978-990	achter-schip	
6-10	991-995	zich	
6-11	996-999	van	
6-12	1000-1002	de	
6-13	1003-1008	windt	
6-14	1009-1011	af	
6-15	1012-1019	draaije	
6-16	1019-1020	,	
6-17	1021-1024	dan	
6-18	1025-1030	stoot	
6-19	1031-1034	men	
6-20	1035-1050	d'achter-zeilen	
6-21	1051-1056	eerst	
6-22	1057-1060	uit	
6-23	1060-1061	:	
6-24	1062-1064	en	
6-25	1065-1068	als	
6-26	1069-1072	men	
6-27	1073-1076	wil	
6-28	1077-1080	dat	
6-29	1081-1084	het	
6-30	1085-1090	Schip	
6-31	1091-1095	voor	
6-32	1096-1099	met	
6-33	1100-1103	zyn	
6-34	1104-1108	neus	
6-35	1109-1111	af	
6-36	1112-1117	valle	
6-37	1117-1118	,	
6-38	1119-1122	dat	
6-39	1123-1125	is	
6-40	1125-1126	,	
6-41	1127-1131	daar	
6-42	1132-1136	heen	
6-43	1137-1142	wende	
6-44	1143-1147	waar	
6-45	1148-1150	de	
6-46	1151-1156	windt	
6-47	1157-1161	heen	
6-48	1162-1167	waait	
6-49	1167-1168	,	
6-50	1169-1172	dan	
6-51	1173-1176	zet	
6-52	1177-1180	men	
6-53	1181-1183	de	
6-54	1184-1191	voorste	
6-55	1192-1198	zeilen	
6-56	1199-1204	eerst	
6-57	1205-1208	uit	
6-58	1208-1209	.	

#Text=Wanneer
#Text=men te varen heeft daar veele gronden, ondiepten, en enge diepten zyn, is 't
#Text=bequaamste het groot zeil alleen uit te zetten, want daar mede vaart men het
#Text=gelykste, en de vooren achter-zeilen in den bandt te houden, tot dat men gints of
#Text=herwaarts ter zyden af wil steken.
7-1	1210-1217	Wanneer	
7-2	1218-1221	men	
7-3	1222-1224	te	
7-4	1225-1230	varen	
7-5	1231-1236	heeft	
7-6	1237-1241	daar	
7-7	1242-1247	veele	
7-8	1248-1255	gronden	
7-9	1255-1256	,	
7-10	1257-1266	ondiepten	
7-11	1266-1267	,	
7-12	1268-1270	en	
7-13	1271-1275	enge	
7-14	1276-1283	diepten	
7-15	1284-1287	zyn	
7-16	1287-1288	,	
7-17	1289-1291	is	
7-18	1292-1293	'	
7-19	1293-1294	t	
7-20	1295-1305	bequaamste	
7-21	1306-1309	het	
7-22	1310-1315	groot	
7-23	1316-1320	zeil	
7-24	1321-1327	alleen	
7-25	1328-1331	uit	
7-26	1332-1334	te	
7-27	1335-1341	zetten	
7-28	1341-1342	,	
7-29	1343-1347	want	
7-30	1348-1352	daar	
7-31	1353-1357	mede	
7-32	1358-1363	vaart	
7-33	1364-1367	men	
7-34	1368-1371	het	
7-35	1372-1380	gelykste	
7-36	1380-1381	,	
7-37	1382-1384	en	
7-38	1385-1387	de	
7-39	1388-1394	vooren	
7-40	1395-1408	achter-zeilen	
7-41	1409-1411	in	
7-42	1412-1415	den	
7-43	1416-1421	bandt	
7-44	1422-1424	te	
7-45	1425-1431	houden	
7-46	1431-1432	,	
7-47	1433-1436	tot	
7-48	1437-1440	dat	
7-49	1441-1444	men	
7-50	1445-1450	gints	
7-51	1451-1453	of	
7-52	1454-1463	herwaarts	
7-53	1464-1467	ter	
7-54	1468-1473	zyden	
7-55	1474-1476	af	
7-56	1477-1480	wil	
7-57	1481-1487	steken	
7-58	1487-1488	.	

#Text=By goedt weêr is 't handighste de bovenste zeilen
#Text=eerst los te laten, enby hardt weêr de onderste.
8-1	1489-1491	By	
8-2	1492-1497	goedt	
8-3	1498-1502	weêr	
8-4	1503-1505	is	
8-5	1506-1507	'	
8-6	1507-1508	t	
8-7	1509-1519	handighste	
8-8	1520-1522	de	
8-9	1523-1531	bovenste	
8-10	1532-1538	zeilen	
8-11	1539-1544	eerst	
8-12	1545-1548	los	
8-13	1549-1551	te	
8-14	1552-1557	laten	
8-15	1557-1558	,	
8-16	1559-1563	enby	
8-17	1564-1569	hardt	
8-18	1570-1574	weêr	
8-19	1575-1577	de	
8-20	1578-1586	onderste	
8-21	1586-1587	.	

#Text=Scheepen welker zeilen verre voor uit steken zyn niet loef-gierigh, gelyk zulks de
#Text=Portugeezen eertydts plagten te doen:
#Text=en die welker zeilen verre achterwaarts staan,
#Text=zoo als in voorige tyden de Spanjaarts veel voor een gewoonte hadden, zyn genegen
#Text=om met hun galjoen het tegen de windt op en loefwaart aan te zetten.
9-1	1589-1597	Scheepen	
9-2	1598-1604	welker	
9-3	1605-1611	zeilen	
9-4	1612-1617	verre	
9-5	1618-1622	voor	
9-6	1623-1626	uit	
9-7	1627-1633	steken	
9-8	1634-1637	zyn	
9-9	1638-1642	niet	
9-10	1643-1655	loef-gierigh	
9-11	1655-1656	,	
9-12	1657-1662	gelyk	
9-13	1663-1668	zulks	
9-14	1669-1671	de	
9-15	1672-1683	Portugeezen	
9-16	1684-1692	eertydts	
9-17	1693-1700	plagten	
9-18	1701-1703	te	
9-19	1704-1708	doen	
9-20	1708-1709	:	
9-21	1710-1712	en	
9-22	1713-1716	die	
9-23	1717-1723	welker	
9-24	1724-1730	zeilen	
9-25	1731-1736	verre	
9-26	1737-1749	achterwaarts	
9-27	1750-1755	staan	
9-28	1755-1756	,	
9-29	1757-1760	zoo	
9-30	1761-1764	als	
9-31	1765-1767	in	
9-32	1768-1775	voorige	
9-33	1776-1781	tyden	
9-34	1782-1784	de	
9-35	1785-1795	Spanjaarts	
9-36	1796-1800	veel	
9-37	1801-1805	voor	
9-38	1806-1809	een	
9-39	1810-1818	gewoonte	
9-40	1819-1825	hadden	
9-41	1825-1826	,	
9-42	1827-1830	zyn	
9-43	1831-1838	genegen	
9-44	1839-1841	om	
9-45	1842-1845	met	
9-46	1846-1849	hun	
9-47	1850-1857	galjoen	
9-48	1858-1861	het	
9-49	1862-1867	tegen	
9-50	1868-1870	de	
9-51	1871-1876	windt	
9-52	1877-1879	op	
9-53	1880-1882	en	
9-54	1883-1892	loefwaart	
9-55	1893-1896	aan	
9-56	1897-1899	te	
9-57	1900-1906	zetten	
9-58	1906-1907	.	

#Text=Een ervaren zee-man heeft wel te letten dat hy zyne scheeps-zeilen steeds zoo
#Text=schavielt, dat zy het Schip in even-wight van genegenheit houden om herwaarts of
#Text=derwaarts over te steken.
10-1	1910-1913	Een	
10-2	1914-1921	ervaren	
10-3	1922-1929	zee-man	
10-4	1930-1935	heeft	
10-5	1936-1939	wel	
10-6	1940-1942	te	
10-7	1943-1949	letten	
10-8	1950-1953	dat	
10-9	1954-1956	hy	
10-10	1957-1961	zyne	
10-11	1962-1976	scheeps-zeilen	
10-12	1977-1983	steeds	
10-13	1984-1987	zoo	
10-14	1988-1997	schavielt	
10-15	1997-1998	,	
10-16	1999-2002	dat	
10-17	2003-2005	zy	
10-18	2006-2009	het	
10-19	2010-2015	Schip	
10-20	2016-2018	in	
10-21	2019-2029	even-wight	
10-22	2030-2033	van	
10-23	2034-2045	genegenheit	
10-24	2046-2052	houden	
10-25	2053-2055	om	
10-26	2056-2065	herwaarts	
10-27	2066-2068	of	
10-28	2069-2078	derwaarts	
10-29	2079-2083	over	
10-30	2084-2086	te	
10-31	2087-2093	steken	
10-32	2093-2094	.	

#Text=Scheepen die de masten te veel voor over hangen houdt
#Text=men lichtelyk af te vallen:
#Text=
#Text=de snel-gesnedene Scheepen acht men zoo niet genegen te wezen;
11-1	2096-2104	Scheepen	
11-2	2105-2108	die	
11-3	2109-2111	de	
11-4	2112-2118	masten	
11-5	2119-2121	te	
11-6	2122-2126	veel	
11-7	2127-2131	voor	
11-8	2132-2136	over	
11-9	2137-2143	hangen	
11-10	2144-2149	houdt	
11-11	2150-2153	men	
11-12	2154-2163	lichtelyk	
11-13	2164-2166	af	
11-14	2167-2169	te	
11-15	2170-2176	vallen	
11-16	2176-2177	:	
11-17	2179-2181	de	
11-18	2182-2196	snel-gesnedene	
11-19	2197-2205	Scheepen	
11-20	2206-2210	acht	
11-21	2211-2214	men	
11-22	2215-2218	zoo	
11-23	2219-2223	niet	
11-24	2224-2231	genegen	
11-25	2232-2234	te	
11-26	2235-2240	wezen	
11-27	2240-2241	;	
