#FORMAT=WebAnno TSV 3.3
#T_SP=custom.Span|label
#T_RL=custom.Relation|label|BT_custom.Span


#Text=Kalk
#Text=bedarf 700 bis 800 Teile Waſſer zu ſeiner Löſung;
#Text=1 l deſtilliertes
#Text=Waſſer
#Text=vermag etwa 1⅓ g Kalk zu löſen;
#Text=dieſe Löſung bildet das Kalkwaſſer,
#Text=eine klare, farbloſe, ſchwach alkaliſch ſchmeckende Flüſſigkeit, welche beim Kochen
#Text=ſich trübt (da das kochende Waſſer nicht ſoviel Kalk gelöſt zu halten ver-
#Text=mag) und beim Stehen an der Luft Kohlenſäure aufnimmt und unter Ab-
#Text=ſcheidung von kohlenſaurem Kalk milchig trüb wird.
#Text=— Prüfung: Da der
#Text=Kalk viel gebraucht wird, und es notwendig iſt, ſich von ſeiner Verwendbar-
#Text=keit vorher zu überzeugen, ſo prüft man ihn auf folgende einfache Weiſe:
#Text=Man
#Text=löſcht eine kleine Menge des gebrannten Kalkes durch Beſprengen mit Waſſer,
#Text=und löſt die zu Pulver zerfallenen Stücke in Salpeterſäure;
#Text=ein verwendbarer
#Text=Kalk muß ſich darin bis auf einen geringen Rückſtand auflöſen, und zwar
#Text=ohne oder faſt ohne Aufbrauſen.
#Text=— Anwendung:
#Text=Der Kalk findet in der
#Text=Färberei vielſeitige Anwendung, und zwar zum Aetzendmachen der Pottaſche
#Text=und der Soda, in Form von Kalkwaſſer beim Bleichen (Kalken) der
#Text=Baumwolle, als gelöſchter Kalk zur Darſtellung des Chlorkalks in der
#Text=Bleicherei, in großen Mengen auch als Hilfsmittel zum Löslichmachen des
#Text=Indigos als weſentlicher Beſtandteil des Küpenanſatzes und endlich zur
#Text=Darſtellung mehrerer Kalkſalze.
#Text=
#Text=
#Text=5.
1-1	2-6	Kalk	_	_	_	
1-2	7-13	bedarf	_	_	_	
1-3	14-17	700	_	_	_	
1-4	18-21	bis	_	_	_	
1-5	22-25	800	_	_	_	
1-6	26-31	Teile	_	_	_	
1-7	32-38	Waſſer	_	_	_	
1-8	39-41	zu	_	_	_	
1-9	42-48	ſeiner	_	_	_	
1-10	49-55	Löſung	_	_	_	
1-11	55-56	;	_	_	_	
1-12	57-58	1	_	_	_	
1-13	59-60	l	_	_	_	
1-14	61-74	deſtilliertes	_	_	_	
1-15	75-81	Waſſer	_	_	_	
1-16	82-88	vermag	_	_	_	
1-17	89-93	etwa	_	_	_	
1-18	94-96	1⅓	_	_	_	
1-19	97-98	g	_	_	_	
1-20	99-103	Kalk	_	_	_	
1-21	104-106	zu	_	_	_	
1-22	107-112	löſen	_	_	_	
1-23	112-113	;	_	_	_	
1-24	114-119	dieſe	_	_	_	
1-25	120-126	Löſung	_	_	_	
1-26	127-133	bildet	_	_	_	
1-27	134-137	das	_	_	_	
1-28	138-148	Kalkwaſſer	_	_	_	
1-29	148-149	,	_	_	_	
1-30	150-154	eine	_	_	_	
1-31	155-160	klare	_	_	_	
1-32	160-161	,	_	_	_	
1-33	162-170	farbloſe	_	_	_	
1-34	170-171	,	_	_	_	
1-35	172-179	ſchwach	_	_	_	
1-36	180-189	alkaliſch	_	_	_	
1-37	190-201	ſchmeckende	_	_	_	
1-38	202-213	Flüſſigkeit	_	_	_	
1-39	213-214	,	_	_	_	
1-40	215-221	welche	_	_	_	
1-41	222-226	beim	_	_	_	
1-42	227-233	Kochen	_	_	_	
1-43	234-238	ſich	_	_	_	
1-44	239-244	trübt	_	_	_	
1-45	245-246	(	_	_	_	
1-46	246-248	da	_	_	_	
1-47	249-252	das	_	_	_	
1-48	253-261	kochende	_	_	_	
1-49	262-268	Waſſer	_	_	_	
1-50	269-274	nicht	_	_	_	
1-51	275-281	ſoviel	_	_	_	
1-52	282-286	Kalk	_	_	_	
1-53	287-293	gelöſt	_	_	_	
1-54	294-296	zu	_	_	_	
1-55	297-303	halten	_	_	_	
1-56	304-307	ver	_	_	_	
1-57	307-308	-	_	_	_	
1-58	309-312	mag	_	_	_	
1-59	312-313	)	_	_	_	
1-60	314-317	und	_	_	_	
1-61	318-322	beim	_	_	_	
1-62	323-329	Stehen	_	_	_	
1-63	330-332	an	_	_	_	
1-64	333-336	der	_	_	_	
1-65	337-341	Luft	_	_	_	
1-66	342-353	Kohlenſäure	_	_	_	
1-67	354-362	aufnimmt	_	_	_	
1-68	363-366	und	_	_	_	
1-69	367-372	unter	_	_	_	
1-70	373-375	Ab	_	_	_	
1-71	375-376	-	_	_	_	
1-72	377-386	ſcheidung	_	_	_	
1-73	387-390	von	_	_	_	
1-74	391-403	kohlenſaurem	_	_	_	
1-75	404-408	Kalk	_	_	_	
1-76	409-416	milchig	_	_	_	
1-77	417-421	trüb	_	_	_	
1-78	422-426	wird	_	_	_	
1-79	426-427	.	_	_	_	
1-80	428-429	—	_	_	_	
1-81	430-437	Prüfung	_	_	_	
1-82	437-438	:	_	_	_	
1-83	439-441	Da	_	_	_	
1-84	442-445	der	_	_	_	
1-85	446-450	Kalk	_	_	_	
1-86	451-455	viel	_	_	_	
1-87	456-465	gebraucht	_	_	_	
1-88	466-470	wird	_	_	_	
1-89	470-471	,	_	_	_	
1-90	472-475	und	_	_	_	
1-91	476-478	es	_	_	_	
1-92	479-488	notwendig	_	_	_	
1-93	489-492	iſt	_	_	_	
1-94	492-493	,	_	_	_	
1-95	494-498	ſich	_	_	_	
1-96	499-502	von	_	_	_	
1-97	503-509	ſeiner	_	_	_	
1-98	510-520	Verwendbar	_	_	_	
1-99	520-521	-	_	_	_	
1-100	522-526	keit	_	_	_	
1-101	527-533	vorher	_	_	_	
1-102	534-536	zu	_	_	_	
1-103	537-547	überzeugen	_	_	_	
1-104	547-548	,	_	_	_	
1-105	549-551	ſo	_	_	_	
1-106	552-557	prüft	_	_	_	
1-107	558-561	man	_	_	_	
1-108	562-565	ihn	_	_	_	
1-109	566-569	auf	_	_	_	
1-110	570-578	folgende	_	_	_	
1-111	579-587	einfache	_	_	_	
1-112	588-593	Weiſe	_	_	_	
1-113	593-594	:	_	_	_	
1-114	595-598	Man	_	_	_	
1-115	599-605	löſcht	_	_	_	
1-116	606-610	eine	_	_	_	
1-117	611-617	kleine	_	_	_	
1-118	618-623	Menge	_	_	_	
1-119	624-627	des	_	_	_	
1-120	628-638	gebrannten	_	_	_	
1-121	639-645	Kalkes	_	_	_	
1-122	646-651	durch	_	_	_	
1-123	652-662	Beſprengen	_	_	_	
1-124	663-666	mit	_	_	_	
1-125	667-673	Waſſer	_	_	_	
1-126	673-674	,	_	_	_	
1-127	675-678	und	_	_	_	
1-128	679-683	löſt	_	_	_	
1-129	684-687	die	_	_	_	
1-130	688-690	zu	_	_	_	
1-131	691-697	Pulver	_	_	_	
1-132	698-709	zerfallenen	_	_	_	
1-133	710-716	Stücke	_	_	_	
1-134	717-719	in	_	_	_	
1-135	720-733	Salpeterſäure	_	_	_	
1-136	733-734	;	_	_	_	
1-137	735-738	ein	_	_	_	
1-138	739-751	verwendbarer	_	_	_	
1-139	752-756	Kalk	_	_	_	
1-140	757-760	muß	_	_	_	
1-141	761-765	ſich	_	_	_	
1-142	766-771	darin	_	_	_	
1-143	772-775	bis	_	_	_	
1-144	776-779	auf	_	_	_	
1-145	780-785	einen	_	_	_	
1-146	786-794	geringen	_	_	_	
1-147	795-804	Rückſtand	_	_	_	
1-148	805-813	auflöſen	_	_	_	
1-149	813-814	,	_	_	_	
1-150	815-818	und	_	_	_	
1-151	819-823	zwar	_	_	_	
1-152	824-828	ohne	_	_	_	
1-153	829-833	oder	_	_	_	
1-154	834-838	faſt	_	_	_	
1-155	839-843	ohne	_	_	_	
1-156	844-854	Aufbrauſen	_	_	_	
1-157	854-855	.	_	_	_	
1-158	856-857	—	_	_	_	
1-159	858-867	Anwendung	_	_	_	
1-160	867-868	:	_	_	_	
1-161	869-872	Der	_	_	_	
1-162	873-877	Kalk	_	_	_	
1-163	878-884	findet	_	_	_	
1-164	885-887	in	_	_	_	
1-165	888-891	der	_	_	_	
1-166	892-900	Färberei	_	_	_	
1-167	901-912	vielſeitige	_	_	_	
1-168	913-922	Anwendung	_	_	_	
1-169	922-923	,	_	_	_	
1-170	924-927	und	_	_	_	
1-171	928-932	zwar	_	_	_	
1-172	933-936	zum	_	_	_	
1-173	937-950	Aetzendmachen	_	_	_	
1-174	951-954	der	_	_	_	
1-175	955-964	Pottaſche	_	_	_	
1-176	965-968	und	_	_	_	
1-177	969-972	der	_	_	_	
1-178	973-977	Soda	_	_	_	
1-179	977-978	,	_	_	_	
1-180	979-981	in	_	_	_	
1-181	982-986	Form	_	_	_	
1-182	987-990	von	_	_	_	
1-183	991-1001	Kalkwaſſer	_	_	_	
1-184	1002-1006	beim	_	_	_	
1-185	1007-1015	Bleichen	_	_	_	
1-186	1016-1017	(	_	_	_	
1-187	1017-1023	Kalken	_	_	_	
1-188	1023-1024	)	_	_	_	
1-189	1025-1028	der	_	_	_	
1-190	1029-1038	Baumwolle	_	_	_	
1-191	1038-1039	,	_	_	_	
1-192	1040-1043	als	_	_	_	
1-193	1044-1054	gelöſchter	_	_	_	
1-194	1055-1059	Kalk	_	_	_	
1-195	1060-1063	zur	_	_	_	
1-196	1064-1075	Darſtellung	_	_	_	
1-197	1076-1079	des	_	_	_	
1-198	1080-1090	Chlorkalks	_	_	_	
1-199	1091-1093	in	_	_	_	
1-200	1094-1097	der	_	_	_	
1-201	1098-1108	Bleicherei	_	_	_	
1-202	1108-1109	,	_	_	_	
1-203	1110-1112	in	_	_	_	
1-204	1113-1119	großen	_	_	_	
1-205	1120-1126	Mengen	_	_	_	
1-206	1127-1131	auch	_	_	_	
1-207	1132-1135	als	_	_	_	
1-208	1136-1147	Hilfsmittel	_	_	_	
1-209	1148-1151	zum	_	_	_	
1-210	1152-1165	Löslichmachen	_	_	_	
1-211	1166-1169	des	_	_	_	
1-212	1170-1177	Indigos	_	_	_	
1-213	1178-1181	als	_	_	_	
1-214	1182-1194	weſentlicher	_	_	_	
1-215	1195-1206	Beſtandteil	_	_	_	
1-216	1207-1210	des	_	_	_	
1-217	1211-1224	Küpenanſatzes	_	_	_	
1-218	1225-1228	und	_	_	_	
1-219	1229-1236	endlich	_	_	_	
1-220	1237-1240	zur	_	_	_	
1-221	1241-1252	Darſtellung	_	_	_	
1-222	1253-1261	mehrerer	_	_	_	
1-223	1262-1271	Kalkſalze	_	_	_	
1-224	1271-1272	.	_	_	_	
1-225	1275-1276	5	_	_	_	
1-226	1276-1277	.	_	_	_	

#Text=Magneſia, gebrannte Magneſia, Mg O, wird durch Glühen
#Text=(Brennen) des Magneſits in gleicher Weiſe gewonnen, wie der gebrannte
#Text=Kalk aus dem Kalkſtein.
2-1	1278-1286	Magneſia	_	_	_	
2-2	1286-1287	,	_	_	_	
2-3	1288-1297	gebrannte	_	_	_	
2-4	1298-1306	Magneſia	_	_	_	
2-5	1306-1307	,	_	_	_	
2-6	1308-1310	Mg	_	_	_	
2-7	1311-1312	O	_	_	_	
2-8	1312-1313	,	_	_	_	
2-9	1314-1318	wird	_	_	_	
2-10	1319-1324	durch	_	_	_	
2-11	1325-1331	Glühen	_	_	_	
2-12	1332-1333	(	_	_	_	
2-13	1333-1340	Brennen	_	_	_	
2-14	1340-1341	)	_	_	_	
2-15	1342-1345	des	_	_	_	
2-16	1346-1355	Magneſits	_	_	_	
2-17	1356-1358	in	_	_	_	
2-18	1359-1367	gleicher	_	_	_	
2-19	1368-1373	Weiſe	_	_	_	
2-20	1374-1382	gewonnen	_	_	_	
2-21	1382-1383	,	_	_	_	
2-22	1384-1387	wie	_	_	_	
2-23	1388-1391	der	_	_	_	
2-24	1392-1401	gebrannte	_	_	_	
2-25	1402-1406	Kalk	_	_	_	
2-26	1407-1410	aus	_	_	_	
2-27	1411-1414	dem	_	_	_	
2-28	1415-1424	Kalkſtein	_	_	_	
2-29	1424-1425	.	_	_	_	

#Text=Die Magneſia iſt ein feines, weißes, dichtes und
#Text=ſchweres, oder ſehr lockeres und leichtes, geruch- und geſchmackloſes, in
#Text=Waſſer ſo gut wie unlösliches Pulver, welches langſam die Kohlenſäure der
#Text=atmoſphäriſchen Luft an ſich zieht, ohne dabei im Ausſehen eine Veränderung
#Text=zu erleiden.
#Text=— Anwendung:
#Text=Zur Bereitung von eſſigſaurer und ſalpeter-
#Text=ſaurer Magneſia.
3-1	1426-1429	Die	_	_	_	
3-2	1430-1438	Magneſia	Smell\_Source	_	_	
3-3	1439-1442	iſt	_	_	_	
3-4	1443-1446	ein	_	_	_	
3-5	1447-1453	feines	_	_	_	
3-6	1453-1454	,	_	_	_	
3-7	1455-1461	weißes	_	_	_	
3-8	1461-1462	,	_	_	_	
3-9	1463-1470	dichtes	_	_	_	
3-10	1471-1474	und	_	_	_	
3-11	1475-1483	ſchweres	_	_	_	
3-12	1483-1484	,	_	_	_	
3-13	1485-1489	oder	_	_	_	
3-14	1490-1494	ſehr	_	_	_	
3-15	1495-1503	lockeres	_	_	_	
3-16	1504-1507	und	_	_	_	
3-17	1508-1516	leichtes	_	_	_	
3-18	1516-1517	,	_	_	_	
3-19	1518-1524	geruch	Smell\_Word[1]|Quality[2]	*	3-2[0_1]	
3-20	1524-1525	-	_	_	_	
3-21	1526-1529	und	_	_	_	
3-22	1530-1544	geſchmackloſes	Smell\_Word[3]|Quality[4]	*|*	3-19[2_4]|3-19[1_3]	
3-23	1544-1545	,	_	_	_	
3-24	1546-1548	in	_	_	_	
3-25	1549-1555	Waſſer	_	_	_	
3-26	1556-1558	ſo	_	_	_	
3-27	1559-1562	gut	_	_	_	
3-28	1563-1566	wie	_	_	_	
3-29	1567-1578	unlösliches	_	_	_	
3-30	1579-1585	Pulver	_	_	_	
3-31	1585-1586	,	_	_	_	
3-32	1587-1594	welches	_	_	_	
3-33	1595-1602	langſam	_	_	_	
3-34	1603-1606	die	_	_	_	
3-35	1607-1618	Kohlenſäure	_	_	_	
3-36	1619-1622	der	_	_	_	
3-37	1623-1638	atmoſphäriſchen	_	_	_	
3-38	1639-1643	Luft	_	_	_	
3-39	1644-1646	an	_	_	_	
3-40	1647-1651	ſich	_	_	_	
3-41	1652-1657	zieht	_	_	_	
3-42	1657-1658	,	_	_	_	
3-43	1659-1663	ohne	_	_	_	
3-44	1664-1669	dabei	_	_	_	
3-45	1670-1672	im	_	_	_	
3-46	1673-1681	Ausſehen	_	_	_	
3-47	1682-1686	eine	_	_	_	
3-48	1687-1698	Veränderung	_	_	_	
3-49	1699-1701	zu	_	_	_	
3-50	1702-1710	erleiden	_	_	_	
3-51	1710-1711	.	_	_	_	
3-52	1712-1713	—	_	_	_	
3-53	1714-1723	Anwendung	_	_	_	
3-54	1723-1724	:	_	_	_	
3-55	1725-1728	Zur	_	_	_	
3-56	1729-1738	Bereitung	_	_	_	
3-57	1739-1742	von	_	_	_	
3-58	1743-1754	eſſigſaurer	_	_	_	
3-59	1755-1758	und	_	_	_	
3-60	1759-1767	ſalpeter	_	_	_	
3-61	1767-1768	-	_	_	_	
3-62	1769-1775	ſaurer	_	_	_	
3-63	1776-1784	Magneſia	_	_	_	
3-64	1784-1785	.	_	_	_	

#Text=Ein geringer Gehalt der Magneſia an kohlenſaurem Salz
#Text=
#Text=iſt dabei nicht von ſchädlichem Einfluß.
#Text=
#Text=
#Text=6.
4-1	1786-1789	Ein	_	_	_	
4-2	1790-1798	geringer	_	_	_	
4-3	1799-1805	Gehalt	_	_	_	
4-4	1806-1809	der	_	_	_	
4-5	1810-1818	Magneſia	_	_	_	
4-6	1819-1821	an	_	_	_	
4-7	1822-1834	kohlenſaurem	_	_	_	
4-8	1835-1839	Salz	_	_	_	
4-9	1841-1844	iſt	_	_	_	
4-10	1845-1850	dabei	_	_	_	
4-11	1851-1856	nicht	_	_	_	
4-12	1857-1860	von	_	_	_	
4-13	1861-1872	ſchädlichem	_	_	_	
4-14	1873-1880	Einfluß	_	_	_	
4-15	1880-1881	.	_	_	_	
4-16	1884-1885	6	_	_	_	
4-17	1885-1886	.	_	_	_	

#Text=Thonerdehydrat, Aluminiumhydroxyd, Al2 (OH)6, bildet
#Text=ſich beim Fällen der Löſung eines Thonerdeſalzes mit Ammoniak oder Soda;
#Text=
#Text=bei dieſer wechſelſeitigen Umſetzung bildet ſich ſchwefelſaures Natron, welches
#Text=in Löſung bleibt, Thonerdehydrat, welches unlöslich zu Boden fällt, und
#Text=Kohlenſäure, welche entweicht.
5-1	1887-1901	Thonerdehydrat	_	_	_	
5-2	1901-1902	,	_	_	_	
5-3	1903-1920	Aluminiumhydroxyd	_	_	_	
5-4	1920-1921	,	_	_	_	
5-5	1922-1925	Al2	_	_	_	
5-6	1926-1927	(	_	_	_	
5-7	1927-1929	OH	_	_	_	
5-8	1929-1930	)	_	_	_	
5-9	1930-1931	6	_	_	_	
5-10	1931-1932	,	_	_	_	
5-11	1933-1939	bildet	_	_	_	
5-12	1940-1944	ſich	_	_	_	
5-13	1945-1949	beim	_	_	_	
5-14	1950-1956	Fällen	_	_	_	
5-15	1957-1960	der	_	_	_	
5-16	1961-1967	Löſung	_	_	_	
5-17	1968-1973	eines	_	_	_	
5-18	1974-1988	Thonerdeſalzes	_	_	_	
5-19	1989-1992	mit	_	_	_	
5-20	1993-2001	Ammoniak	_	_	_	
5-21	2002-2006	oder	_	_	_	
5-22	2007-2011	Soda	_	_	_	
5-23	2011-2012	;	_	_	_	
5-24	2014-2017	bei	_	_	_	
5-25	2018-2024	dieſer	_	_	_	
5-26	2025-2040	wechſelſeitigen	_	_	_	
5-27	2041-2050	Umſetzung	_	_	_	
5-28	2051-2057	bildet	_	_	_	
5-29	2058-2062	ſich	_	_	_	
5-30	2063-2077	ſchwefelſaures	_	_	_	
5-31	2078-2084	Natron	_	_	_	
5-32	2084-2085	,	_	_	_	
5-33	2086-2093	welches	_	_	_	
5-34	2094-2096	in	_	_	_	
5-35	2097-2103	Löſung	_	_	_	
5-36	2104-2110	bleibt	_	_	_	
5-37	2110-2111	,	_	_	_	
5-38	2112-2126	Thonerdehydrat	_	_	_	
5-39	2126-2127	,	_	_	_	
5-40	2128-2135	welches	_	_	_	
5-41	2136-2145	unlöslich	_	_	_	
5-42	2146-2148	zu	_	_	_	
5-43	2149-2154	Boden	_	_	_	
5-44	2155-2160	fällt	_	_	_	
5-45	2160-2161	,	_	_	_	
5-46	2162-2165	und	_	_	_	
5-47	2166-2177	Kohlenſäure	_	_	_	
5-48	2177-2178	,	_	_	_	
5-49	2179-2185	welche	_	_	_	
5-50	2186-2195	entweicht	_	_	_	
5-51	2195-2196	.	_	_	_	

#Text=Al2 (SO4)3 + 3 Na2 CO3 + 3
#Text=H2 O = Al2 (OH)6 + 3 Na2 SO4 + 3
#Text=CO2
6-1	2199-2202	Al2	_	_	_	
6-2	2203-2204	(	_	_	_	
6-3	2204-2207	SO4	_	_	_	
6-4	2207-2208	)	_	_	_	
6-5	2208-2209	3	_	_	_	
6-6	2210-2211	+	_	_	_	
6-7	2212-2213	3	_	_	_	
6-8	2214-2217	Na2	_	_	_	
6-9	2218-2221	CO3	_	_	_	
6-10	2222-2223	+	_	_	_	
6-11	2224-2225	3	_	_	_	
6-12	2226-2228	H2	_	_	_	
6-13	2229-2230	O	_	_	_	
6-14	2231-2232	=	_	_	_	
6-15	2233-2236	Al2	_	_	_	
6-16	2237-2238	(	_	_	_	
6-17	2238-2240	OH	_	_	_	
6-18	2240-2241	)	_	_	_	
6-19	2241-2242	6	_	_	_	
6-20	2243-2244	+	_	_	_	
6-21	2245-2246	3	_	_	_	
6-22	2247-2250	Na2	_	_	_	
6-23	2251-2254	SO4	_	_	_	
6-24	2255-2256	+	_	_	_	
6-25	2257-2258	3	_	_	_	
6-26	2259-2262	CO2	_	_	_	
