#FORMAT=WebAnno TSV 3.3


#Text=Men kan ze ten allen ure nemen: maar lang
#Text=na den eten is ’t beste, van een drachme tot twe, en somwyl zelf tot twe oncen.
1-1	2-5	Men	
1-2	6-9	kan	
1-3	10-12	ze	
1-4	13-16	ten	
1-5	17-22	allen	
1-6	23-26	ure	
1-7	27-32	nemen	
1-8	32-33	:	
1-9	34-38	maar	
1-10	39-43	lang	
1-11	44-46	na	
1-12	47-50	den	
1-13	51-55	eten	
1-14	56-58	is	
1-15	59-60	’	
1-16	60-61	t	
1-17	62-67	beste	
1-18	67-68	,	
1-19	69-72	van	
1-20	73-76	een	
1-21	77-84	drachme	
1-22	85-88	tot	
1-23	89-92	twe	
1-24	92-93	,	
1-25	94-96	en	
1-26	97-103	somwyl	
1-27	104-108	zelf	
1-28	109-112	tot	
1-29	113-116	twe	
1-30	117-122	oncen	
1-31	122-123	.	

#Text=M.
2-1	126-127	M	
2-2	127-128	.	

#Text=Noel Chomel, Huishoudelyk woordboek
#Text=
#Text=\f
#Text=1094
#Text=MAAG TABLETTEN.
3-1	129-133	Noel	
3-2	134-140	Chomel	
3-3	140-141	,	
3-4	142-154	Huishoudelyk	
3-5	155-164	woordboek	
3-6	168-172	1094	
3-7	173-177	MAAG	
3-8	178-187	TABLETTEN	
3-9	187-188	.	

#Text=Men zal in een Marmor Mortier met een houtten stamper
#Text=een geconfytte Neutemuskaat, en zes dragmen schoongemaakte Pistasjes stampen,
#Text=en men zal ze door een Temis van omgekeerd Leder doen.
4-1	189-192	Men	
4-2	193-196	zal	
4-3	197-199	in	
4-4	200-203	een	
4-5	204-210	Marmor	
4-6	211-218	Mortier	
4-7	219-222	met	
4-8	223-226	een	
4-9	227-234	houtten	
4-10	235-242	stamper	
4-11	243-246	een	
4-12	247-257	geconfytte	
4-13	258-270	Neutemuskaat	
4-14	270-271	,	
4-15	272-274	en	
4-16	275-278	zes	
4-17	279-286	dragmen	
4-18	287-301	schoongemaakte	
4-19	302-311	Pistasjes	
4-20	312-319	stampen	
4-21	319-320	,	
4-22	321-323	en	
4-23	324-327	men	
4-24	328-331	zal	
4-25	332-334	ze	
4-26	335-339	door	
4-27	340-343	een	
4-28	344-349	Temis	
4-29	350-353	van	
4-30	354-363	omgekeerd	
4-31	364-369	Leder	
4-32	370-374	doen	
4-33	374-375	.	

#Text=Men zal de buitenste
#Text=schors van Citroen en Oranje dunnetjes afsnyden, en de Kaneel en Foeli wel fyntjes
#Text=stooten.
5-1	376-379	Men	
5-2	380-383	zal	
5-3	384-386	de	
5-4	387-396	buitenste	
5-5	397-403	schors	
5-6	404-407	van	
5-7	408-415	Citroen	
5-8	416-418	en	
5-9	419-425	Oranje	
5-10	426-435	dunnetjes	
5-11	436-444	afsnyden	
5-12	444-445	,	
5-13	446-448	en	
5-14	449-451	de	
5-15	452-458	Kaneel	
5-16	459-461	en	
5-17	462-467	Foeli	
5-18	468-471	wel	
5-19	472-479	fyntjes	
5-20	480-487	stooten	
5-21	487-488	.	

#Text=Daarna zal men een pond schoone Suiker laten in vier oncen gedestilleerd
#Text=water van de schors van Citroen smelten; en ze hebbende op de dikte van een styf
#Text=Electuarie doen koken, een weinig dikker als gemeen; zal men daar, buiten het vuur,
#Text=een gekonfytte Muskaatnoot, zes dragmen
#Text=Pistasjes deur roeren, en daarna zal men’er
#Text=by doen twe dragmen
#Text=Citroenschors, en eindlyk twe dragmen
#Text=Kaneelpoejer, en zo
#Text=veel Foely; alles wel gemengd zynde, zal men de Tabletten maken en bewaren ten
#Text=gebruike.
6-1	489-495	Daarna	
6-2	496-499	zal	
6-3	500-503	men	
6-4	504-507	een	
6-5	508-512	pond	
6-6	513-520	schoone	
6-7	521-527	Suiker	
6-8	528-533	laten	
6-9	534-536	in	
6-10	537-541	vier	
6-11	542-547	oncen	
6-12	548-561	gedestilleerd	
6-13	562-567	water	
6-14	568-571	van	
6-15	572-574	de	
6-16	575-581	schors	
6-17	582-585	van	
6-18	586-593	Citroen	
6-19	594-601	smelten	
6-20	601-602	;	
6-21	603-605	en	
6-22	606-608	ze	
6-23	609-617	hebbende	
6-24	618-620	op	
6-25	621-623	de	
6-26	624-629	dikte	
6-27	630-633	van	
6-28	634-637	een	
6-29	638-642	styf	
6-30	643-653	Electuarie	
6-31	654-658	doen	
6-32	659-664	koken	
6-33	664-665	,	
6-34	666-669	een	
6-35	670-676	weinig	
6-36	677-683	dikker	
6-37	684-687	als	
6-38	688-694	gemeen	
6-39	694-695	;	
6-40	696-699	zal	
6-41	700-703	men	
6-42	704-708	daar	
6-43	708-709	,	
6-44	710-716	buiten	
6-45	717-720	het	
6-46	721-725	vuur	
6-47	725-726	,	
6-48	727-730	een	
6-49	731-741	gekonfytte	
6-50	742-753	Muskaatnoot	
6-51	753-754	,	
6-52	755-758	zes	
6-53	759-766	dragmen	
6-54	767-776	Pistasjes	
6-55	777-781	deur	
6-56	782-788	roeren	
6-57	788-789	,	
6-58	790-792	en	
6-59	793-799	daarna	
6-60	800-803	zal	
6-61	804-807	men	
6-62	807-808	’	
6-63	808-810	er	
6-64	811-813	by	
6-65	814-818	doen	
6-66	819-822	twe	
6-67	823-830	dragmen	
6-68	831-844	Citroenschors	
6-69	844-845	,	
6-70	846-848	en	
6-71	849-856	eindlyk	
6-72	857-860	twe	
6-73	861-868	dragmen	
6-74	869-881	Kaneelpoejer	
6-75	881-882	,	
6-76	883-885	en	
6-77	886-888	zo	
6-78	889-893	veel	
6-79	894-899	Foely	
6-80	899-900	;	
6-81	901-906	alles	
6-82	907-910	wel	
6-83	911-918	gemengd	
6-84	919-924	zynde	
6-85	924-925	,	
6-86	926-929	zal	
6-87	930-933	men	
6-88	934-936	de	
6-89	937-946	Tabletten	
6-90	947-952	maken	
6-91	953-955	en	
6-92	956-963	bewaren	
6-93	964-967	ten	
6-94	968-976	gebruike	
6-95	976-977	.	

#Text=Krachten.
7-1	979-987	Krachten	
7-2	987-988	.	

#Text=De Tabletten zyn van een smaak en reuk die vry aangenaam is.
8-1	989-991	De	
8-2	992-1001	Tabletten	
8-3	1002-1005	zyn	
8-4	1006-1009	van	
8-5	1010-1013	een	
8-6	1014-1019	smaak	
8-7	1020-1022	en	
8-8	1023-1027	reuk	
8-9	1028-1031	die	
8-10	1032-1035	vry	
8-11	1036-1045	aangenaam	
8-12	1046-1048	is	
8-13	1048-1049	.	

#Text=Men
#Text=noemt ze Maag-Tabletten, om datze zeer goed zyn om de Maag te versterken, en
#Text=eetlust te verwekken, om de Spys te doen verteren, en ’t goede sap te verspreiden.
9-1	1050-1053	Men	
9-2	1054-1059	noemt	
9-3	1060-1062	ze	
9-4	1063-1077	Maag-Tabletten	
9-5	1077-1078	,	
9-6	1079-1081	om	
9-7	1082-1087	datze	
9-8	1088-1092	zeer	
9-9	1093-1097	goed	
9-10	1098-1101	zyn	
9-11	1102-1104	om	
9-12	1105-1107	de	
9-13	1108-1112	Maag	
9-14	1113-1115	te	
9-15	1116-1126	versterken	
9-16	1126-1127	,	
9-17	1128-1130	en	
9-18	1131-1138	eetlust	
9-19	1139-1141	te	
9-20	1142-1151	verwekken	
9-21	1151-1152	,	
9-22	1153-1155	om	
9-23	1156-1158	de	
9-24	1159-1163	Spys	
9-25	1164-1166	te	
9-26	1167-1171	doen	
9-27	1172-1180	verteren	
9-28	1180-1181	,	
9-29	1182-1184	en	
9-30	1185-1186	’	
9-31	1186-1187	t	
9-32	1188-1193	goede	
9-33	1194-1197	sap	
9-34	1198-1200	te	
9-35	1201-1212	verspreiden	
9-36	1212-1213	.	

#Text=Zy dienen ook om Winden te verdryven, en het bederf der vochten voor te komen.
10-1	1215-1217	Zy	
10-2	1218-1224	dienen	
10-3	1225-1228	ook	
10-4	1229-1231	om	
10-5	1232-1238	Winden	
10-6	1239-1241	te	
10-7	1242-1251	verdryven	
10-8	1251-1252	,	
10-9	1253-1255	en	
10-10	1256-1259	het	
10-11	1260-1266	bederf	
10-12	1267-1270	der	
10-13	1271-1278	vochten	
10-14	1279-1283	voor	
10-15	1284-1286	te	
10-16	1287-1292	komen	
10-17	1292-1293	.	

#Text=Men neemt ze ’s morgens nuchteren en op ’t eind van de maaltyd, ter gewigte van
#Text=twe dragmen; en men blyft daar mede, na dat men ze nodig heeft, voortgaan.
11-1	1296-1299	Men	
11-2	1300-1305	neemt	
11-3	1306-1308	ze	
11-4	1309-1310	’	
11-5	1310-1311	s	
11-6	1312-1319	morgens	
11-7	1320-1329	nuchteren	
11-8	1330-1332	en	
11-9	1333-1335	op	
11-10	1336-1337	’	
11-11	1337-1338	t	
11-12	1339-1343	eind	
11-13	1344-1347	van	
11-14	1348-1350	de	
11-15	1351-1358	maaltyd	
11-16	1358-1359	,	
11-17	1360-1363	ter	
11-18	1364-1371	gewigte	
11-19	1372-1375	van	
11-20	1376-1379	twe	
11-21	1380-1387	dragmen	
11-22	1387-1388	;	
11-23	1389-1391	en	
11-24	1392-1395	men	
11-25	1396-1401	blyft	
11-26	1402-1406	daar	
11-27	1407-1411	mede	
11-28	1411-1412	,	
11-29	1413-1415	na	
11-30	1416-1419	dat	
11-31	1420-1423	men	
11-32	1424-1426	ze	
11-33	1427-1432	nodig	
11-34	1433-1438	heeft	
11-35	1438-1439	,	
11-36	1440-1449	voortgaan	
11-37	1449-1450	.	

#Text=Tabletten om de Wurmen van de Maag en Ingewanden te doen sterven.
12-1	1453-1462	Tabletten	
12-2	1463-1465	om	
12-3	1466-1468	de	
12-4	1469-1475	Wurmen	
12-5	1476-1479	van	
12-6	1480-1482	de	
12-7	1483-1487	Maag	
12-8	1488-1490	en	
12-9	1491-1501	Ingewanden	
12-10	1502-1504	te	
12-11	1505-1509	doen	
12-12	1510-1517	sterven	
12-13	1517-1518	.	

#Text=Neemt goede Rhabarber, gezuiverd zaad van Citroenen, zaad van Pastelingen, Kool,
#Text=Kapper, van elks drie dragmen;
#Text=twe dragmen Mercurius Dulcis, zestien oncen Suiker
#Text=
#Text=Rojaal.
13-1	1520-1525	Neemt	
13-2	1526-1531	goede	
13-3	1532-1541	Rhabarber	
13-4	1541-1542	,	
13-5	1543-1552	gezuiverd	
13-6	1553-1557	zaad	
13-7	1558-1561	van	
13-8	1562-1571	Citroenen	
13-9	1571-1572	,	
13-10	1573-1577	zaad	
13-11	1578-1581	van	
13-12	1582-1593	Pastelingen	
13-13	1593-1594	,	
13-14	1595-1599	Kool	
13-15	1599-1600	,	
13-16	1601-1607	Kapper	
13-17	1607-1608	,	
13-18	1609-1612	van	
13-19	1613-1617	elks	
13-20	1618-1622	drie	
13-21	1623-1630	dragmen	
13-22	1630-1631	;	
13-23	1632-1635	twe	
13-24	1636-1643	dragmen	
13-25	1644-1653	Mercurius	
13-26	1654-1660	Dulcis	
13-27	1660-1661	,	
13-28	1662-1669	zestien	
13-29	1670-1675	oncen	
13-30	1676-1682	Suiker	
13-31	1684-1690	Rojaal	
13-32	1690-1691	.	

#Text=Stoot alles fyn, en het gemengd hebbende met de slym van GomDragant met
#Text=Oranjewater, maakt’er
14-1	1692-1697	Stoot	
14-2	1698-1703	alles	
14-3	1704-1707	fyn	
14-4	1707-1708	,	
14-5	1709-1711	en	
14-6	1712-1715	het	
14-7	1716-1723	gemengd	
14-8	1724-1732	hebbende	
14-9	1733-1736	met	
14-10	1737-1739	de	
14-11	1740-1744	slym	
14-12	1745-1748	van	
14-13	1749-1759	GomDragant	
14-14	1760-1763	met	
14-15	1764-1775	Oranjewater	
14-16	1775-1776	,	
14-17	1777-1782	maakt	
14-18	1782-1783	’	
14-19	1783-1785	er	
