#FORMAT=WebAnno TSV 3.3


#Text=D. 2de Stuk.
#Text=bl. 448 enz. en die van
#Text=MATTHEUS DOBSON.
1-1	2-3	D	
1-2	3-4	.	
1-3	5-8	2de	
1-4	9-13	Stuk	
1-5	13-14	.	
1-6	15-17	bl	
1-7	17-18	.	
1-8	19-22	448	
1-9	23-26	enz	
1-10	26-27	.	
1-11	28-30	en	
1-12	31-34	die	
1-13	35-38	van	
1-14	39-47	MATTHEUS	
1-15	48-54	DOBSON	
1-16	54-55	.	

#Text=V Deels.
2-1	56-57	V	
2-2	58-63	Deels	
2-3	63-64	.	

#Text=IIde St. bl. 280.
#Text=enz.
3-1	65-69	IIde	
3-2	70-72	St	
3-3	72-73	.	
3-4	74-76	bl	
3-5	76-77	.	
3-6	78-81	280	
3-7	81-82	.	
3-8	83-86	enz	
3-9	86-87	.	

#Text=Vaderlandsche Letteroefeningen Jaargang
#Text=1777
#Text=
#Text=
#Text=\f495
#Text=en de lugt in de tobbe zo koud te houden
#Text=als mogelyk was
#Text=.
4-1	90-103	Vaderlandsche	
4-2	104-120	Letteroefeningen	
4-3	121-129	Jaargang	
4-4	130-134	1777	
4-5	138-141	495	
4-6	142-144	en	
4-7	145-147	de	
4-8	148-152	lugt	
4-9	153-155	in	
4-10	156-158	de	
4-11	159-164	tobbe	
4-12	165-167	zo	
4-13	168-172	koud	
4-14	173-175	te	
4-15	176-182	houden	
4-16	183-186	als	
4-17	187-194	mogelyk	
4-18	195-198	was	
4-19	199-200	.	

#Text=De dierlyke vogten,
#Text=bloed by voorbeeld, bevriezen op 25 Gr. zo dat een stuk dood vleesch in zulk een
#Text=dampkring zou bevriezen.
5-1	201-203	De	
5-2	204-212	dierlyke	
5-3	213-219	vogten	
5-4	219-220	,	
5-5	221-226	bloed	
5-6	227-229	by	
5-7	230-239	voorbeeld	
5-8	239-240	,	
5-9	241-250	bevriezen	
5-10	251-253	op	
5-11	254-256	25	
5-12	257-259	Gr	
5-13	259-260	.	
5-14	261-263	zo	
5-15	264-267	dat	
5-16	268-271	een	
5-17	272-276	stuk	
5-18	277-281	dood	
5-19	282-289	vleesch	
5-20	290-292	in	
5-21	293-297	zulk	
5-22	298-301	een	
5-23	302-311	dampkring	
5-24	312-315	zou	
5-25	316-325	bevriezen	
5-26	325-326	.	

#Text=Proeven op dieren.
6-1	329-336	Proeven	
6-2	337-339	op	
6-3	340-346	dieren	
6-4	346-347	.	

#Text=I.
7-1	349-350	I	
7-2	350-351	.	

#Text=De eerste Proeve werd genomen op twee Karpers.
8-1	352-354	De	
8-2	355-361	eerste	
8-3	362-368	Proeve	
8-4	369-373	werd	
8-5	374-381	genomen	
8-6	382-384	op	
8-7	385-389	twee	
8-8	390-397	Karpers	
8-9	397-398	.	

#Text=Zy werden gedaan in een
#Text=glaazen vat met gewoon rivierwater, en dus in het vriezend mengzel gestooken;
#Text=het
#Text=water vroos niet schielyk genoeg:
#Text=weshalven men 'er, om het schielyker te doen
#Text=
#Text=vriezen
#Text=, zo veel sneeuw in deed dat het geheel dik werd.
9-1	399-401	Zy	
9-2	402-408	werden	
9-3	409-415	gedaan	
9-4	416-418	in	
9-5	419-422	een	
9-6	423-430	glaazen	
9-7	431-434	vat	
9-8	435-438	met	
9-9	439-445	gewoon	
9-10	446-457	rivierwater	
9-11	457-458	,	
9-12	459-461	en	
9-13	462-465	dus	
9-14	466-468	in	
9-15	469-472	het	
9-16	473-481	vriezend	
9-17	482-489	mengzel	
9-18	490-499	gestooken	
9-19	499-500	;	
9-20	501-504	het	
9-21	505-510	water	
9-22	511-516	vroos	
9-23	517-521	niet	
9-24	522-530	schielyk	
9-25	531-537	genoeg	
9-26	537-538	:	
9-27	539-548	weshalven	
9-28	549-552	men	
9-29	553-554	'	
9-30	554-556	er	
9-31	556-557	,	
9-32	558-560	om	
9-33	561-564	het	
9-34	565-575	schielyker	
9-35	576-578	te	
9-36	579-583	doen	
9-37	585-592	vriezen	
9-38	593-594	,	
9-39	595-597	zo	
9-40	598-602	veel	
9-41	603-609	sneeuw	
9-42	610-612	in	
9-43	613-617	deed	
9-44	618-621	dat	
9-45	622-625	het	
9-46	626-632	geheel	
9-47	633-636	dik	
9-48	637-641	werd	
9-49	641-642	.	

#Text=De Sneeuw rondsom de
#Text=Karper smolt:
10-1	643-645	De	
10-2	646-652	Sneeuw	
10-3	653-660	rondsom	
10-4	661-663	de	
10-5	664-670	Karper	
10-6	671-676	smolt	
10-7	676-677	:	
