{"_context" : {
    "_types" : {
      "DocumentMetaData" : {
        "_feature_types" : {"sofa" : "_ref" } }, 
      "Relation" : {
        "_feature_types" : {"sofa" : "_ref",  "Dependent" : "_ref",  "Governor" : "_ref" } }, 
      "Sentence" : {
        "_feature_types" : {"sofa" : "_ref" } }, 
      "Sofa" : {
        "_feature_types" : {"sofaArray" : "_ref" } }, 
      "Span" : {
        "_feature_types" : {"sofa" : "_ref" } }, 
      "TagsetDescription" : {
        "_feature_types" : {"sofa" : "_ref",  "tags" : "_ref" } }, 
      "Token" : {
        "_feature_types" : {"sofa" : "_ref",  "parent" : "_ref",  "lemma" : "_ref",  "stem" : "_ref",  "pos" : "_ref",  "morph" : "_ref",  "form" : "_ref" } }, 
      "DocumentAnnotation" : {
        "_feature_types" : {"sofa" : "_ref" }, 
        "_subtypes" : ["DocumentMetaData" ] }, 
      "Annotation" : {
        "_feature_types" : {"sofa" : "_ref" }, 
        "_subtypes" : ["DocumentAnnotation",  "Relation",  "Sentence",  "Span",  "TagsetDescription",  "Token" ] }, 
      "AnnotationBase" : {
        "_feature_types" : {"sofa" : "_ref" }, 
        "_subtypes" : ["Annotation" ] }, 
      "TOP" : {
        "_subtypes" : ["AnnotationBase",  "Sofa" ] } } }, 
  "_views" : {
    "_InitialView" : {
      "Relation" : [
        {"sofa" : 1,  "begin" : 6,  "end" : 16,  "Dependent" : 11008,  "Governor" : 11013 }, 
        {"sofa" : 1,  "begin" : 6,  "end" : 16,  "Dependent" : 11008,  "Governor" : 10652 }, 
        {"sofa" : 1,  "begin" : 57,  "end" : 66,  "Dependent" : 11037,  "Governor" : 11032 }, 
        {"sofa" : 1,  "begin" : 57,  "end" : 66,  "Dependent" : 11037,  "Governor" : 10856 }, 
        {"sofa" : 1,  "begin" : 57,  "end" : 66,  "Dependent" : 11037,  "Governor" : 10674 }, 
        {"sofa" : 1,  "begin" : 57,  "end" : 66,  "Dependent" : 11037,  "Governor" : 10679 }, 
        {"sofa" : 1,  "begin" : 57,  "end" : 66,  "Dependent" : 11037,  "Governor" : 10684 }, 
        {"sofa" : 1,  "begin" : 57,  "end" : 66,  "Dependent" : 11037,  "Governor" : 10694 }, 
        {"sofa" : 1,  "begin" : 57,  "end" : 66,  "Dependent" : 11037,  "Governor" : 10689 }, 
        {"sofa" : 1,  "begin" : 175,  "end" : 182,  "Dependent" : 10699,  "Governor" : 10704 }, 
        {"sofa" : 1,  "begin" : 175,  "end" : 182,  "Dependent" : 10699,  "Governor" : 10709 }, 
        {"sofa" : 1,  "begin" : 256,  "end" : 263,  "Dependent" : 10770,  "Governor" : 10780 }, 
        {"sofa" : 1,  "begin" : 363,  "end" : 368,  "Dependent" : 10802,  "Governor" : 10807 }, 
        {"sofa" : 1,  "begin" : 398,  "end" : 406,  "Dependent" : 10834,  "Governor" : 10824 }, 
        {"sofa" : 1,  "begin" : 438,  "end" : 442,  "Dependent" : 10851,  "Governor" : 10856,  "label" : "Anaphoric" }, 
        {"sofa" : 1,  "begin" : 446,  "end" : 455,  "Dependent" : 11098,  "Governor" : 11103 }, 
        {"sofa" : 1,  "begin" : 446,  "end" : 455,  "Dependent" : 11098,  "Governor" : 10851 }, 
        {"sofa" : 1,  "begin" : 849,  "end" : 859,  "Dependent" : 10882,  "Governor" : 10887 }, 
        {"sofa" : 1,  "begin" : 849,  "end" : 859,  "Dependent" : 10882,  "Governor" : 10899 }, 
        {"sofa" : 1,  "begin" : 849,  "end" : 859,  "Dependent" : 10882,  "Governor" : 11122 }, 
        {"sofa" : 1,  "begin" : 1033,  "end" : 1042,  "Dependent" : 11139,  "Governor" : 11144 }, 
        {"sofa" : 1,  "begin" : 1033,  "end" : 1042,  "Dependent" : 11139,  "Governor" : 10916 }, 
        {"sofa" : 1,  "begin" : 1224,  "end" : 1231,  "Dependent" : 10928,  "Governor" : 10938 }, 
        {"sofa" : 1,  "begin" : 1224,  "end" : 1231,  "Dependent" : 10928,  "Governor" : 10933 }, 
        {"sofa" : 1,  "begin" : 1224,  "end" : 1231,  "Dependent" : 10928,  "Governor" : 11163 }, 
        {"sofa" : 1,  "begin" : 1643,  "end" : 1648,  "Dependent" : 10957,  "Governor" : 10967 }, 
        {"sofa" : 1,  "begin" : 1643,  "end" : 1648,  "Dependent" : 10957,  "Governor" : 10979 }, 
        {"sofa" : 1,  "begin" : 1682,  "end" : 1687,  "Dependent" : 10991,  "Governor" : 10996 }, 
        {"sofa" : 1,  "begin" : 1682,  "end" : 1687,  "Dependent" : 10991,  "Governor" : 11175 }, 
        {"sofa" : 1,  "begin" : 2009,  "end" : 2019,  "Dependent" : 11197,  "Governor" : 11187 }, 
        {"sofa" : 1,  "begin" : 2009,  "end" : 2019,  "Dependent" : 11197,  "Governor" : 11209 }, 
        {"sofa" : 1,  "begin" : 2260,  "end" : 2264,  "Dependent" : 11236,  "Governor" : 11241,  "label" : "Anaphoric" }, 
        {"sofa" : 1,  "begin" : 2274,  "end" : 2281,  "Dependent" : 11221,  "Governor" : 11236 }, 
        {"sofa" : 1,  "begin" : 2274,  "end" : 2281,  "Dependent" : 11221,  "Governor" : 11226 }, 
        {"sofa" : 1,  "begin" : 2274,  "end" : 2281,  "Dependent" : 11221,  "Governor" : 11231 }, 
        {"sofa" : 1,  "begin" : 2309,  "end" : 2313,  "Dependent" : 11313,  "Governor" : 11241,  "label" : "Anaphoric" }, 
        {"sofa" : 1,  "begin" : 2337,  "end" : 2342,  "Dependent" : 11284,  "Governor" : 11279 }, 
        {"sofa" : 1,  "begin" : 2337,  "end" : 2342,  "Dependent" : 11284,  "Governor" : 11301 }, 
        {"sofa" : 1,  "begin" : 2337,  "end" : 2342,  "Dependent" : 11284,  "Governor" : 11313 }, 
        {"sofa" : 1,  "begin" : 2357,  "end" : 2367,  "Dependent" : 11337,  "Governor" : 11332 }, 
        {"sofa" : 1,  "begin" : 2357,  "end" : 2367,  "Dependent" : 11337,  "Governor" : 11349 }, 
        {"sofa" : 1,  "begin" : 2458,  "end" : 2468,  "Dependent" : 11366,  "Governor" : 11371 }, 
        {"sofa" : 1,  "begin" : 2458,  "end" : 2468,  "Dependent" : 11366,  "Governor" : 11361 }, 
        {"sofa" : 1,  "begin" : 2581,  "end" : 2586,  "Dependent" : 11390,  "Governor" : 11395 }, 
        {"sofa" : 1,  "begin" : 2888,  "end" : 2890,  "Dependent" : 11429,  "Governor" : 11424,  "label" : "Anaphoric" }, 
        {"sofa" : 1,  "begin" : 2894,  "end" : 2904,  "Dependent" : 11407,  "Governor" : 11412 }, 
        {"sofa" : 1,  "begin" : 2894,  "end" : 2904,  "Dependent" : 11407,  "Governor" : 11429 }, 
        {"sofa" : 1,  "begin" : 3179,  "end" : 3186,  "Dependent" : 11448,  "Governor" : 11453 }, 
        {"sofa" : 1,  "begin" : 3179,  "end" : 3186,  "Dependent" : 11448,  "Governor" : 11477 }, 
        {"sofa" : 1,  "begin" : 3179,  "end" : 3186,  "Dependent" : 11448,  "Governor" : 11506 }, 
        {"sofa" : 1,  "begin" : 3187,  "end" : 3189,  "Dependent" : 11453,  "Governor" : 11458,  "label" : "Anaphoric" }, 
        {"sofa" : 1,  "begin" : 3232,  "end" : 3239,  "Dependent" : 11489,  "Governor" : 11494 }, 
        {"sofa" : 1,  "begin" : 3271,  "end" : 3278,  "Dependent" : 11518,  "Governor" : 11528 }, 
        {"sofa" : 1,  "begin" : 3271,  "end" : 3278,  "Dependent" : 11518,  "Governor" : 11523 }, 
        {"sofa" : 1,  "begin" : 3311,  "end" : 3318,  "Dependent" : 11547,  "Governor" : 11557 }, 
        {"sofa" : 1,  "begin" : 3311,  "end" : 3318,  "Dependent" : 11547,  "Governor" : 11562 }, 
        {"sofa" : 1,  "begin" : 3319,  "end" : 3321,  "Dependent" : 11557,  "Governor" : 11523,  "label" : "Anaphoric" }, 
        {"sofa" : 1,  "begin" : 3355,  "end" : 3363,  "Dependent" : 11598,  "Governor" : 11593 }, 
        {"sofa" : 1,  "begin" : 3355,  "end" : 3363,  "Dependent" : 11598,  "Governor" : 11588 }, 
        {"sofa" : 1,  "begin" : 3389,  "end" : 3399,  "Dependent" : 11617,  "Governor" : 11622 }, 
        {"sofa" : 1,  "begin" : 3414,  "end" : 3416,  "Dependent" : 11668,  "Governor" : 11523,  "label" : "Anaphoric" }, 
        {"sofa" : 1,  "begin" : 3435,  "end" : 3443,  "Dependent" : 11646,  "Governor" : 11656 }, 
        {"sofa" : 1,  "begin" : 3435,  "end" : 3443,  "Dependent" : 11646,  "Governor" : 11668 }, 
        {"sofa" : 1,  "begin" : 3547,  "end" : 3552,  "Dependent" : 11687,  "Governor" : 11692 }, 
        {"sofa" : 1,  "begin" : 3618,  "end" : 3624,  "Dependent" : 11714,  "Governor" : 11709 }, 
        {"sofa" : 1,  "begin" : 3618,  "end" : 3624,  "Dependent" : 11714,  "Governor" : 11704 }, 
        {"sofa" : 1,  "begin" : 3635,  "end" : 3639,  "Dependent" : 11733,  "Governor" : 11714,  "label" : "Anaphoric" }, 
        {"sofa" : 1,  "begin" : 3635,  "end" : 3639,  "Dependent" : 11733,  "Governor" : 11745 } ], 
      "Span" : [11013,  11008,  10652,  10856,  11037,  11032,  10674,  10679,  10684,  10689,  10694,  10704,  10709,  10699,  10770,  10780, 
        {"sofa" : 1,  "begin" : 321,  "end" : 336,  "label" : "Smell_Word" },  10807,  10802,  10824,  10834,  10851,  11098,  11103,  10899,  10882,  10887,  11122,  11139,  11144,  10916,  10928,  11163,  10933,  10938,  10979,  10957,  10967,  10996,  10991,  11175,  11187,  11197,  11209,  11241,  11236,  11221,  11226,  11231,  11313,  11279,  11284,  11301,  11332,  11337,  11349,  11361,  11366,  11371,  11395,  11390,  11424,  11429,  11407,  11412,  11458,  11448,  11453,  11477,  11506,  11494,  11489,  11518,  11523,  11528,  11547,  11557,  11562,  11593,  11588,  11598,  11617,  11622,  11668,  11646,  11656,  11687,  11692,  11704,  11709,  11714,  11733,  11745 ], 
      "DocumentMetaData" : [
        {"sofa" : 1,  "end" : 3684,  "language" : "x-unspecified",  "documentTitle" : "059E%20Simon%20Barbe%201696%20The%20French%20Perfumer__430_distribution_PER.txt",  "documentId" : "teresa",  "documentUri" : "file:/home/dhuser/alessio/inception/repository/project/29/document/8707/source/teresa",  "collectionId" : "file:/home/dhuser/alessio/inception/repository/project/29/document/8707/source/",  "documentBaseUri" : "file:/home/dhuser/alessio/inception/repository/project/29/document/8707/source/",  "isLastSegment" : false } ], 
      "TagsetDescription" : [
        {"sofa" : 1,  "layer" : "webanno.custom.Emotions",  "name" : "Emotion Labels",  "input" : false }, 
        {"sofa" : 1,  "layer" : "custom.Relation",  "name" : "Relation labels",  "input" : false }, 
        {"sofa" : 1,  "layer" : "custom.Span",  "name" : "Smell labels",  "input" : false } ], 
      "Sentence" : [
        {"sofa" : 1,  "end" : 30 }, 
        {"sofa" : 1,  "begin" : 31,  "end" : 407 }, 
        {"sofa" : 1,  "begin" : 408,  "end" : 462 }, 
        {"sofa" : 1,  "begin" : 464,  "end" : 1013 }, 
        {"sofa" : 1,  "begin" : 1015,  "end" : 1062 }, 
        {"sofa" : 1,  "begin" : 1063,  "end" : 1731 }, 
        {"sofa" : 1,  "begin" : 1732,  "end" : 1952 }, 
        {"sofa" : 1,  "begin" : 1953,  "end" : 2001 }, 
        {"sofa" : 1,  "begin" : 2003,  "end" : 2039 }, 
        {"sofa" : 1,  "begin" : 2040,  "end" : 2349 }, 
        {"sofa" : 1,  "begin" : 2351,  "end" : 2403 }, 
        {"sofa" : 1,  "begin" : 2404,  "end" : 2613 }, 
        {"sofa" : 1,  "begin" : 2615,  "end" : 2673 }, 
        {"sofa" : 1,  "begin" : 2674,  "end" : 2918 }, 
        {"sofa" : 1,  "begin" : 2920,  "end" : 2939 }, 
        {"sofa" : 1,  "begin" : 2940,  "end" : 3266 }, 
        {"sofa" : 1,  "begin" : 3268,  "end" : 3682 } ], 
      "Token" : [
        {"sofa" : 1,  "end" : 5 }, 
        {"sofa" : 1,  "begin" : 6,  "end" : 12 }, 
        {"sofa" : 1,  "begin" : 13,  "end" : 14 }, 
        {"sofa" : 1,  "begin" : 15,  "end" : 16 }, 
        {"sofa" : 1,  "begin" : 17,  "end" : 21 }, 
        {"sofa" : 1,  "begin" : 22,  "end" : 29 }, 
        {"sofa" : 1,  "begin" : 29,  "end" : 30 }, 
        {"sofa" : 1,  "begin" : 31,  "end" : 34 }, 
        {"sofa" : 1,  "begin" : 35,  "end" : 42 }, 
        {"sofa" : 1,  "begin" : 43,  "end" : 47 }, 
        {"sofa" : 1,  "begin" : 48,  "end" : 52 }, 
        {"sofa" : 1,  "begin" : 53,  "end" : 56 }, 
        {"sofa" : 1,  "begin" : 57,  "end" : 66 }, 
        {"sofa" : 1,  "begin" : 67,  "end" : 72 }, 
        {"sofa" : 1,  "begin" : 72,  "end" : 73 }, 
        {"sofa" : 1,  "begin" : 74,  "end" : 77 }, 
        {"sofa" : 1,  "begin" : 78,  "end" : 91 }, 
        {"sofa" : 1,  "begin" : 92,  "end" : 97 }, 
        {"sofa" : 1,  "begin" : 97,  "end" : 98 }, 
        {"sofa" : 1,  "begin" : 99,  "end" : 105 }, 
        {"sofa" : 1,  "begin" : 105,  "end" : 106 }, 
        {"sofa" : 1,  "begin" : 107,  "end" : 113 }, 
        {"sofa" : 1,  "begin" : 114,  "end" : 119 }, 
        {"sofa" : 1,  "begin" : 119,  "end" : 120 }, 
        {"sofa" : 1,  "begin" : 121,  "end" : 128 }, 
        {"sofa" : 1,  "begin" : 129,  "end" : 134 }, 
        {"sofa" : 1,  "begin" : 135,  "end" : 138 }, 
        {"sofa" : 1,  "begin" : 139,  "end" : 148 }, 
        {"sofa" : 1,  "begin" : 148,  "end" : 149 }, 
        {"sofa" : 1,  "begin" : 150,  "end" : 155 }, 
        {"sofa" : 1,  "begin" : 156,  "end" : 163 }, 
        {"sofa" : 1,  "begin" : 164,  "end" : 167 }, 
        {"sofa" : 1,  "begin" : 168,  "end" : 174 }, 
        {"sofa" : 1,  "begin" : 175,  "end" : 182 }, 
        {"sofa" : 1,  "begin" : 183,  "end" : 192 }, 
        {"sofa" : 1,  "begin" : 192,  "end" : 193 }, 
        {"sofa" : 1,  "begin" : 194,  "end" : 200 }, 
        {"sofa" : 1,  "begin" : 201,  "end" : 204 }, 
        {"sofa" : 1,  "begin" : 205,  "end" : 208 }, 
        {"sofa" : 1,  "begin" : 209,  "end" : 210 }, 
        {"sofa" : 1,  "begin" : 211,  "end" : 216 }, 
        {"sofa" : 1,  "begin" : 217,  "end" : 225 }, 
        {"sofa" : 1,  "begin" : 226,  "end" : 228 }, 
        {"sofa" : 1,  "begin" : 229,  "end" : 233 }, 
        {"sofa" : 1,  "begin" : 233,  "end" : 234 }, 
        {"sofa" : 1,  "begin" : 235,  "end" : 238 }, 
        {"sofa" : 1,  "begin" : 239,  "end" : 242 }, 
        {"sofa" : 1,  "begin" : 243,  "end" : 245 }, 
        {"sofa" : 1,  "begin" : 246,  "end" : 250 }, 
        {"sofa" : 1,  "begin" : 251,  "end" : 255 }, 
        {"sofa" : 1,  "begin" : 256,  "end" : 263 }, 
        {"sofa" : 1,  "begin" : 264,  "end" : 266 }, 
        {"sofa" : 1,  "begin" : 267,  "end" : 270 }, 
        {"sofa" : 1,  "begin" : 271,  "end" : 275 }, 
        {"sofa" : 1,  "begin" : 276,  "end" : 283 }, 
        {"sofa" : 1,  "begin" : 283,  "end" : 284 }, 
        {"sofa" : 1,  "begin" : 285,  "end" : 287 }, 
        {"sofa" : 1,  "begin" : 288,  "end" : 291 }, 
        {"sofa" : 1,  "begin" : 292,  "end" : 293 }, 
        {"sofa" : 1,  "begin" : 294,  "end" : 296 }, 
        {"sofa" : 1,  "begin" : 297,  "end" : 300 }, 
        {"sofa" : 1,  "begin" : 301,  "end" : 303 }, 
        {"sofa" : 1,  "begin" : 304,  "end" : 307 }, 
        {"sofa" : 1,  "begin" : 308,  "end" : 316 }, 
        {"sofa" : 1,  "begin" : 317,  "end" : 320 }, 
        {"sofa" : 1,  "begin" : 321,  "end" : 330 }, 
        {"sofa" : 1,  "begin" : 331,  "end" : 336 }, 
        {"sofa" : 1,  "begin" : 336,  "end" : 337 }, 
        {"sofa" : 1,  "begin" : 338,  "end" : 341 }, 
        {"sofa" : 1,  "begin" : 342,  "end" : 346 }, 
        {"sofa" : 1,  "begin" : 347,  "end" : 350 }, 
        {"sofa" : 1,  "begin" : 351,  "end" : 353 }, 
        {"sofa" : 1,  "begin" : 354,  "end" : 358 }, 
        {"sofa" : 1,  "begin" : 359,  "end" : 362 }, 
        {"sofa" : 1,  "begin" : 363,  "end" : 368 }, 
        {"sofa" : 1,  "begin" : 369,  "end" : 374 }, 
        {"sofa" : 1,  "begin" : 375,  "end" : 379 }, 
        {"sofa" : 1,  "begin" : 380,  "end" : 384 }, 
        {"sofa" : 1,  "begin" : 384,  "end" : 385 }, 
        {"sofa" : 1,  "begin" : 386,  "end" : 388 }, 
        {"sofa" : 1,  "begin" : 389,  "end" : 391 }, 
        {"sofa" : 1,  "begin" : 392,  "end" : 397 }, 
        {"sofa" : 1,  "begin" : 398,  "end" : 406 }, 
        {"sofa" : 1,  "begin" : 406,  "end" : 407 }, 
        {"sofa" : 1,  "begin" : 408,  "end" : 412 }, 
        {"sofa" : 1,  "begin" : 413,  "end" : 415 }, 
        {"sofa" : 1,  "begin" : 416,  "end" : 419 }, 
        {"sofa" : 1,  "begin" : 420,  "end" : 426 }, 
        {"sofa" : 1,  "begin" : 427,  "end" : 430 }, 
        {"sofa" : 1,  "begin" : 431,  "end" : 433 }, 
        {"sofa" : 1,  "begin" : 434,  "end" : 437 }, 
        {"sofa" : 1,  "begin" : 438,  "end" : 442 }, 
        {"sofa" : 1,  "begin" : 443,  "end" : 445 }, 
        {"sofa" : 1,  "begin" : 446,  "end" : 455 }, 
        {"sofa" : 1,  "begin" : 456,  "end" : 461 }, 
        {"sofa" : 1,  "begin" : 461,  "end" : 462 }, 
        {"sofa" : 1,  "begin" : 464,  "end" : 467 }, 
        {"sofa" : 1,  "begin" : 468,  "end" : 469 }, 
        {"sofa" : 1,  "begin" : 470,  "end" : 476 }, 
        {"sofa" : 1,  "begin" : 477,  "end" : 480 }, 
        {"sofa" : 1,  "begin" : 480,  "end" : 481 }, 
        {"sofa" : 1,  "begin" : 482,  "end" : 484 }, 
        {"sofa" : 1,  "begin" : 485,  "end" : 488 }, 
        {"sofa" : 1,  "begin" : 489,  "end" : 491 }, 
        {"sofa" : 1,  "begin" : 492,  "end" : 495 }, 
        {"sofa" : 1,  "begin" : 496,  "end" : 500 }, 
        {"sofa" : 1,  "begin" : 501,  "end" : 509 }, 
        {"sofa" : 1,  "begin" : 510,  "end" : 513 }, 
        {"sofa" : 1,  "begin" : 513,  "end" : 514 }, 
        {"sofa" : 1,  "begin" : 515,  "end" : 519 }, 
        {"sofa" : 1,  "begin" : 520,  "end" : 526 }, 
        {"sofa" : 1,  "begin" : 527,  "end" : 531 }, 
        {"sofa" : 1,  "begin" : 532,  "end" : 535 }, 
        {"sofa" : 1,  "begin" : 536,  "end" : 541 }, 
        {"sofa" : 1,  "begin" : 541,  "end" : 542 }, 
        {"sofa" : 1,  "begin" : 543,  "end" : 546 }, 
        {"sofa" : 1,  "begin" : 547,  "end" : 549 }, 
        {"sofa" : 1,  "begin" : 550,  "end" : 552 }, 
        {"sofa" : 1,  "begin" : 553,  "end" : 554 }, 
        {"sofa" : 1,  "begin" : 555,  "end" : 558 }, 
        {"sofa" : 1,  "begin" : 559,  "end" : 561 }, 
        {"sofa" : 1,  "begin" : 562,  "end" : 567 }, 
        {"sofa" : 1,  "begin" : 568,  "end" : 570 }, 
        {"sofa" : 1,  "begin" : 571,  "end" : 575 }, 
        {"sofa" : 1,  "begin" : 576,  "end" : 581 }, 
        {"sofa" : 1,  "begin" : 581,  "end" : 582 }, 
        {"sofa" : 1,  "begin" : 583,  "end" : 587 }, 
        {"sofa" : 1,  "begin" : 588,  "end" : 589 }, 
        {"sofa" : 1,  "begin" : 590,  "end" : 593 }, 
        {"sofa" : 1,  "begin" : 594,  "end" : 596 }, 
        {"sofa" : 1,  "begin" : 597,  "end" : 604 }, 
        {"sofa" : 1,  "begin" : 604,  "end" : 605 }, 
        {"sofa" : 1,  "begin" : 606,  "end" : 609 }, 
        {"sofa" : 1,  "begin" : 610,  "end" : 612 }, 
        {"sofa" : 1,  "begin" : 614,  "end" : 619 }, 
        {"sofa" : 1,  "begin" : 620,  "end" : 624 }, 
        {"sofa" : 1,  "begin" : 625,  "end" : 628 }, 
        {"sofa" : 1,  "begin" : 629,  "end" : 633 }, 
        {"sofa" : 1,  "begin" : 634,  "end" : 636 }, 
        {"sofa" : 1,  "begin" : 637,  "end" : 641 }, 
        {"sofa" : 1,  "begin" : 642,  "end" : 644 }, 
        {"sofa" : 1,  "begin" : 645,  "end" : 647 }, 
        {"sofa" : 1,  "begin" : 647,  "end" : 648 }, 
        {"sofa" : 1,  "begin" : 649,  "end" : 652 }, 
        {"sofa" : 1,  "begin" : 653,  "end" : 655 }, 
        {"sofa" : 1,  "begin" : 656,  "end" : 659 }, 
        {"sofa" : 1,  "begin" : 660,  "end" : 662 }, 
        {"sofa" : 1,  "begin" : 663,  "end" : 665 }, 
        {"sofa" : 1,  "begin" : 666,  "end" : 669 }, 
        {"sofa" : 1,  "begin" : 670,  "end" : 677 }, 
        {"sofa" : 1,  "begin" : 678,  "end" : 684 }, 
        {"sofa" : 1,  "begin" : 685,  "end" : 689 }, 
        {"sofa" : 1,  "begin" : 690,  "end" : 695 }, 
        {"sofa" : 1,  "begin" : 695,  "end" : 696 }, 
        {"sofa" : 1,  "begin" : 697,  "end" : 701 }, 
        {"sofa" : 1,  "begin" : 702,  "end" : 708 }, 
        {"sofa" : 1,  "begin" : 709,  "end" : 713 }, 
        {"sofa" : 1,  "begin" : 714,  "end" : 719 }, 
        {"sofa" : 1,  "begin" : 719,  "end" : 720 }, 
        {"sofa" : 1,  "begin" : 721,  "end" : 723 }, 
        {"sofa" : 1,  "begin" : 724,  "end" : 728 }, 
        {"sofa" : 1,  "begin" : 729,  "end" : 732 }, 
        {"sofa" : 1,  "begin" : 733,  "end" : 736 }, 
        {"sofa" : 1,  "begin" : 737,  "end" : 744 }, 
        {"sofa" : 1,  "begin" : 744,  "end" : 745 }, 
        {"sofa" : 1,  "begin" : 746,  "end" : 749 }, 
        {"sofa" : 1,  "begin" : 750,  "end" : 755 }, 
        {"sofa" : 1,  "begin" : 756,  "end" : 760 }, 
        {"sofa" : 1,  "begin" : 761,  "end" : 763 }, 
        {"sofa" : 1,  "begin" : 764,  "end" : 767 }, 
        {"sofa" : 1,  "begin" : 768,  "end" : 772 }, 
        {"sofa" : 1,  "begin" : 773,  "end" : 777 }, 
        {"sofa" : 1,  "begin" : 777,  "end" : 778 }, 
        {"sofa" : 1,  "begin" : 779,  "end" : 787 }, 
        {"sofa" : 1,  "begin" : 788,  "end" : 790 }, 
        {"sofa" : 1,  "begin" : 791,  "end" : 796 }, 
        {"sofa" : 1,  "begin" : 797,  "end" : 801 }, 
        {"sofa" : 1,  "begin" : 802,  "end" : 804 }, 
        {"sofa" : 1,  "begin" : 805,  "end" : 809 }, 
        {"sofa" : 1,  "begin" : 810,  "end" : 814 }, 
        {"sofa" : 1,  "begin" : 814,  "end" : 815 }, 
        {"sofa" : 1,  "begin" : 816,  "end" : 819 }, 
        {"sofa" : 1,  "begin" : 820,  "end" : 824 }, 
        {"sofa" : 1,  "begin" : 825,  "end" : 828 }, 
        {"sofa" : 1,  "begin" : 829,  "end" : 834 }, 
        {"sofa" : 1,  "begin" : 835,  "end" : 839 }, 
        {"sofa" : 1,  "begin" : 840,  "end" : 845 }, 
        {"sofa" : 1,  "begin" : 846,  "end" : 848 }, 
        {"sofa" : 1,  "begin" : 849,  "end" : 855 }, 
        {"sofa" : 1,  "begin" : 856,  "end" : 857 }, 
        {"sofa" : 1,  "begin" : 858,  "end" : 859 }, 
        {"sofa" : 1,  "begin" : 860,  "end" : 866 }, 
        {"sofa" : 1,  "begin" : 867,  "end" : 871 }, 
        {"sofa" : 1,  "begin" : 872,  "end" : 879 }, 
        {"sofa" : 1,  "begin" : 879,  "end" : 880 }, 
        {"sofa" : 1,  "begin" : 881,  "end" : 885 }, 
        {"sofa" : 1,  "begin" : 886,  "end" : 888 }, 
        {"sofa" : 1,  "begin" : 889,  "end" : 893 }, 
        {"sofa" : 1,  "begin" : 894,  "end" : 899 }, 
        {"sofa" : 1,  "begin" : 900,  "end" : 902 }, 
        {"sofa" : 1,  "begin" : 903,  "end" : 907 }, 
        {"sofa" : 1,  "begin" : 908,  "end" : 913 }, 
        {"sofa" : 1,  "begin" : 913,  "end" : 914 }, 
        {"sofa" : 1,  "begin" : 915,  "end" : 917 }, 
        {"sofa" : 1,  "begin" : 918,  "end" : 919 }, 
        {"sofa" : 1,  "begin" : 920,  "end" : 924 }, 
        {"sofa" : 1,  "begin" : 925,  "end" : 928 }, 
        {"sofa" : 1,  "begin" : 929,  "end" : 934 }, 
        {"sofa" : 1,  "begin" : 934,  "end" : 935 }, 
        {"sofa" : 1,  "begin" : 936,  "end" : 939 }, 
        {"sofa" : 1,  "begin" : 940,  "end" : 941 }, 
        {"sofa" : 1,  "begin" : 942,  "end" : 943 }, 
        {"sofa" : 1,  "begin" : 944,  "end" : 950 }, 
        {"sofa" : 1,  "begin" : 951,  "end" : 955 }, 
        {"sofa" : 1,  "begin" : 956,  "end" : 958 }, 
        {"sofa" : 1,  "begin" : 959,  "end" : 963 }, 
        {"sofa" : 1,  "begin" : 964,  "end" : 967 }, 
        {"sofa" : 1,  "begin" : 968,  "end" : 975 }, 
        {"sofa" : 1,  "begin" : 976,  "end" : 979 }, 
        {"sofa" : 1,  "begin" : 980,  "end" : 986 }, 
        {"sofa" : 1,  "begin" : 986,  "end" : 987 }, 
        {"sofa" : 1,  "begin" : 988,  "end" : 995 }, 
        {"sofa" : 1,  "begin" : 996,  "end" : 998 }, 
        {"sofa" : 1,  "begin" : 999,  "end" : 1003 }, 
        {"sofa" : 1,  "begin" : 1004,  "end" : 1007 }, 
        {"sofa" : 1,  "begin" : 1008,  "end" : 1012 }, 
        {"sofa" : 1,  "begin" : 1012,  "end" : 1013 }, 
        {"sofa" : 1,  "begin" : 1015,  "end" : 1022 }, 
        {"sofa" : 1,  "begin" : 1023,  "end" : 1029 }, 
        {"sofa" : 1,  "begin" : 1030,  "end" : 1032 }, 
        {"sofa" : 1,  "begin" : 1033,  "end" : 1042 }, 
        {"sofa" : 1,  "begin" : 1043,  "end" : 1048 }, 
        {"sofa" : 1,  "begin" : 1049,  "end" : 1053 }, 
        {"sofa" : 1,  "begin" : 1054,  "end" : 1061 }, 
        {"sofa" : 1,  "begin" : 1061,  "end" : 1062 }, 
        {"sofa" : 1,  "begin" : 1063,  "end" : 1066 }, 
        {"sofa" : 1,  "begin" : 1067,  "end" : 1068 }, 
        {"sofa" : 1,  "begin" : 1069,  "end" : 1073 }, 
        {"sofa" : 1,  "begin" : 1074,  "end" : 1082 }, 
        {"sofa" : 1,  "begin" : 1083,  "end" : 1085 }, 
        {"sofa" : 1,  "begin" : 1086,  "end" : 1092 }, 
        {"sofa" : 1,  "begin" : 1093,  "end" : 1095 }, 
        {"sofa" : 1,  "begin" : 1096,  "end" : 1101 }, 
        {"sofa" : 1,  "begin" : 1102,  "end" : 1107 }, 
        {"sofa" : 1,  "begin" : 1108,  "end" : 1114 }, 
        {"sofa" : 1,  "begin" : 1115,  "end" : 1118 }, 
        {"sofa" : 1,  "begin" : 1119,  "end" : 1123 }, 
        {"sofa" : 1,  "begin" : 1123,  "end" : 1124 }, 
        {"sofa" : 1,  "begin" : 1125,  "end" : 1127 }, 
        {"sofa" : 1,  "begin" : 1128,  "end" : 1131 }, 
        {"sofa" : 1,  "begin" : 1132,  "end" : 1139 }, 
        {"sofa" : 1,  "begin" : 1140,  "end" : 1143 }, 
        {"sofa" : 1,  "begin" : 1144,  "end" : 1149 }, 
        {"sofa" : 1,  "begin" : 1150,  "end" : 1152 }, 
        {"sofa" : 1,  "begin" : 1153,  "end" : 1164 }, 
        {"sofa" : 1,  "begin" : 1165,  "end" : 1167 }, 
        {"sofa" : 1,  "begin" : 1168,  "end" : 1172 }, 
        {"sofa" : 1,  "begin" : 1173,  "end" : 1178 }, 
        {"sofa" : 1,  "begin" : 1178,  "end" : 1179 }, 
        {"sofa" : 1,  "begin" : 1180,  "end" : 1185 }, 
        {"sofa" : 1,  "begin" : 1186,  "end" : 1190 }, 
        {"sofa" : 1,  "begin" : 1191,  "end" : 1194 }, 
        {"sofa" : 1,  "begin" : 1195,  "end" : 1199 }, 
        {"sofa" : 1,  "begin" : 1200,  "end" : 1204 }, 
        {"sofa" : 1,  "begin" : 1205,  "end" : 1206 }, 
        {"sofa" : 1,  "begin" : 1207,  "end" : 1210 }, 
        {"sofa" : 1,  "begin" : 1211,  "end" : 1214 }, 
        {"sofa" : 1,  "begin" : 1214,  "end" : 1215 }, 
        {"sofa" : 1,  "begin" : 1216,  "end" : 1220 }, 
        {"sofa" : 1,  "begin" : 1221,  "end" : 1223 }, 
        {"sofa" : 1,  "begin" : 1224,  "end" : 1231 }, 
        {"sofa" : 1,  "begin" : 1232,  "end" : 1236 }, 
        {"sofa" : 1,  "begin" : 1237,  "end" : 1242 }, 
        {"sofa" : 1,  "begin" : 1243,  "end" : 1247 }, 
        {"sofa" : 1,  "begin" : 1248,  "end" : 1255 }, 
        {"sofa" : 1,  "begin" : 1255,  "end" : 1256 }, 
        {"sofa" : 1,  "begin" : 1257,  "end" : 1260 }, 
        {"sofa" : 1,  "begin" : 1261,  "end" : 1262 }, 
        {"sofa" : 1,  "begin" : 1263,  "end" : 1266 }, 
        {"sofa" : 1,  "begin" : 1267,  "end" : 1269 }, 
        {"sofa" : 1,  "begin" : 1270,  "end" : 1274 }, 
        {"sofa" : 1,  "begin" : 1275,  "end" : 1277 }, 
        {"sofa" : 1,  "begin" : 1278,  "end" : 1282 }, 
        {"sofa" : 1,  "begin" : 1283,  "end" : 1288 }, 
        {"sofa" : 1,  "begin" : 1289,  "end" : 1291 }, 
        {"sofa" : 1,  "begin" : 1292,  "end" : 1295 }, 
        {"sofa" : 1,  "begin" : 1296,  "end" : 1299 }, 
        {"sofa" : 1,  "begin" : 1299,  "end" : 1300 }, 
        {"sofa" : 1,  "begin" : 1301,  "end" : 1304 }, 
        {"sofa" : 1,  "begin" : 1305,  "end" : 1309 }, 
        {"sofa" : 1,  "begin" : 1310,  "end" : 1313 }, 
        {"sofa" : 1,  "begin" : 1314,  "end" : 1319 }, 
        {"sofa" : 1,  "begin" : 1320,  "end" : 1322 }, 
        {"sofa" : 1,  "begin" : 1323,  "end" : 1327 }, 
        {"sofa" : 1,  "begin" : 1328,  "end" : 1333 }, 
        {"sofa" : 1,  "begin" : 1333,  "end" : 1334 }, 
        {"sofa" : 1,  "begin" : 1335,  "end" : 1338 }, 
        {"sofa" : 1,  "begin" : 1339,  "end" : 1343 }, 
        {"sofa" : 1,  "begin" : 1344,  "end" : 1347 }, 
        {"sofa" : 1,  "begin" : 1348,  "end" : 1353 }, 
        {"sofa" : 1,  "begin" : 1354,  "end" : 1355 }, 
        {"sofa" : 1,  "begin" : 1356,  "end" : 1359 }, 
        {"sofa" : 1,  "begin" : 1360,  "end" : 1362 }, 
        {"sofa" : 1,  "begin" : 1363,  "end" : 1370 }, 
        {"sofa" : 1,  "begin" : 1370,  "end" : 1371 }, 
        {"sofa" : 1,  "begin" : 1372,  "end" : 1375 }, 
        {"sofa" : 1,  "begin" : 1376,  "end" : 1383 }, 
        {"sofa" : 1,  "begin" : 1384,  "end" : 1389 }, 
        {"sofa" : 1,  "begin" : 1390,  "end" : 1392 }, 
        {"sofa" : 1,  "begin" : 1393,  "end" : 1398 }, 
        {"sofa" : 1,  "begin" : 1399,  "end" : 1403 }, 
        {"sofa" : 1,  "begin" : 1404,  "end" : 1407 }, 
        {"sofa" : 1,  "begin" : 1408,  "end" : 1415 }, 
        {"sofa" : 1,  "begin" : 1415,  "end" : 1416 }, 
        {"sofa" : 1,  "begin" : 1417,  "end" : 1420 }, 
        {"sofa" : 1,  "begin" : 1421,  "end" : 1425 }, 
        {"sofa" : 1,  "begin" : 1426,  "end" : 1430 }, 
        {"sofa" : 1,  "begin" : 1431,  "end" : 1436 }, 
        {"sofa" : 1,  "begin" : 1437,  "end" : 1444 }, 
        {"sofa" : 1,  "begin" : 1445,  "end" : 1448 }, 
        {"sofa" : 1,  "begin" : 1449,  "end" : 1451 }, 
        {"sofa" : 1,  "begin" : 1452,  "end" : 1457 }, 
        {"sofa" : 1,  "begin" : 1457,  "end" : 1458 }, 
        {"sofa" : 1,  "begin" : 1459,  "end" : 1462 }, 
        {"sofa" : 1,  "begin" : 1463,  "end" : 1471 }, 
        {"sofa" : 1,  "begin" : 1472,  "end" : 1474 }, 
        {"sofa" : 1,  "begin" : 1475,  "end" : 1480 }, 
        {"sofa" : 1,  "begin" : 1481,  "end" : 1485 }, 
        {"sofa" : 1,  "begin" : 1486,  "end" : 1489 }, 
        {"sofa" : 1,  "begin" : 1490,  "end" : 1494 }, 
        {"sofa" : 1,  "begin" : 1495,  "end" : 1499 }, 
        {"sofa" : 1,  "begin" : 1500,  "end" : 1504 }, 
        {"sofa" : 1,  "begin" : 1504,  "end" : 1505 }, 
        {"sofa" : 1,  "begin" : 1506,  "end" : 1508 }, 
        {"sofa" : 1,  "begin" : 1509,  "end" : 1512 }, 
        {"sofa" : 1,  "begin" : 1513,  "end" : 1520 }, 
        {"sofa" : 1,  "begin" : 1521,  "end" : 1524 }, 
        {"sofa" : 1,  "begin" : 1525,  "end" : 1532 }, 
        {"sofa" : 1,  "begin" : 1533,  "end" : 1536 }, 
        {"sofa" : 1,  "begin" : 1537,  "end" : 1543 }, 
        {"sofa" : 1,  "begin" : 1543,  "end" : 1544 }, 
        {"sofa" : 1,  "begin" : 1545,  "end" : 1548 }, 
        {"sofa" : 1,  "begin" : 1549,  "end" : 1552 }, 
        {"sofa" : 1,  "begin" : 1553,  "end" : 1558 }, 
        {"sofa" : 1,  "begin" : 1559,  "end" : 1562 }, 
        {"sofa" : 1,  "begin" : 1562,  "end" : 1563 }, 
        {"sofa" : 1,  "begin" : 1564,  "end" : 1571 }, 
        {"sofa" : 1,  "begin" : 1572,  "end" : 1580 }, 
        {"sofa" : 1,  "begin" : 1581,  "end" : 1584 }, 
        {"sofa" : 1,  "begin" : 1585,  "end" : 1592 }, 
        {"sofa" : 1,  "begin" : 1592,  "end" : 1593 }, 
        {"sofa" : 1,  "begin" : 1594,  "end" : 1597 }, 
        {"sofa" : 1,  "begin" : 1599,  "end" : 1601 }, 
        {"sofa" : 1,  "begin" : 1602,  "end" : 1606 }, 
        {"sofa" : 1,  "begin" : 1607,  "end" : 1612 }, 
        {"sofa" : 1,  "begin" : 1613,  "end" : 1616 }, 
        {"sofa" : 1,  "begin" : 1617,  "end" : 1622 }, 
        {"sofa" : 1,  "begin" : 1623,  "end" : 1628 }, 
        {"sofa" : 1,  "begin" : 1629,  "end" : 1638 }, 
        {"sofa" : 1,  "begin" : 1639,  "end" : 1642 }, 
        {"sofa" : 1,  "begin" : 1643,  "end" : 1648 }, 
        {"sofa" : 1,  "begin" : 1649,  "end" : 1651 }, 
        {"sofa" : 1,  "begin" : 1652,  "end" : 1655 }, 
        {"sofa" : 1,  "begin" : 1656,  "end" : 1663 }, 
        {"sofa" : 1,  "begin" : 1663,  "end" : 1664 }, 
        {"sofa" : 1,  "begin" : 1665,  "end" : 1672 }, 
        {"sofa" : 1,  "begin" : 1673,  "end" : 1676 }, 
        {"sofa" : 1,  "begin" : 1677,  "end" : 1681 }, 
        {"sofa" : 1,  "begin" : 1682,  "end" : 1687 }, 
        {"sofa" : 1,  "begin" : 1688,  "end" : 1690 }, 
        {"sofa" : 1,  "begin" : 1691,  "end" : 1694 }, 
        {"sofa" : 1,  "begin" : 1695,  "end" : 1704 }, 
        {"sofa" : 1,  "begin" : 1705,  "end" : 1707 }, 
        {"sofa" : 1,  "begin" : 1708,  "end" : 1713 }, 
        {"sofa" : 1,  "begin" : 1714,  "end" : 1715 }, 
        {"sofa" : 1,  "begin" : 1716,  "end" : 1717 }, 
        {"sofa" : 1,  "begin" : 1718,  "end" : 1720 }, 
        {"sofa" : 1,  "begin" : 1721,  "end" : 1724 }, 
        {"sofa" : 1,  "begin" : 1725,  "end" : 1730 }, 
        {"sofa" : 1,  "begin" : 1730,  "end" : 1731 }, 
        {"sofa" : 1,  "begin" : 1732,  "end" : 1738 }, 
        {"sofa" : 1,  "begin" : 1739,  "end" : 1743 }, 
        {"sofa" : 1,  "begin" : 1744,  "end" : 1751 }, 
        {"sofa" : 1,  "begin" : 1752,  "end" : 1761 }, 
        {"sofa" : 1,  "begin" : 1762,  "end" : 1764 }, 
        {"sofa" : 1,  "begin" : 1765,  "end" : 1768 }, 
        {"sofa" : 1,  "begin" : 1769,  "end" : 1775 }, 
        {"sofa" : 1,  "begin" : 1776,  "end" : 1779 }, 
        {"sofa" : 1,  "begin" : 1780,  "end" : 1784 }, 
        {"sofa" : 1,  "begin" : 1785,  "end" : 1787 }, 
        {"sofa" : 1,  "begin" : 1788,  "end" : 1792 }, 
        {"sofa" : 1,  "begin" : 1792,  "end" : 1793 }, 
        {"sofa" : 1,  "begin" : 1794,  "end" : 1797 }, 
        {"sofa" : 1,  "begin" : 1798,  "end" : 1802 }, 
        {"sofa" : 1,  "begin" : 1803,  "end" : 1806 }, 
        {"sofa" : 1,  "begin" : 1807,  "end" : 1811 }, 
        {"sofa" : 1,  "begin" : 1812,  "end" : 1816 }, 
        {"sofa" : 1,  "begin" : 1817,  "end" : 1820 }, 
        {"sofa" : 1,  "begin" : 1820,  "end" : 1821 }, 
        {"sofa" : 1,  "begin" : 1822,  "end" : 1826 }, 
        {"sofa" : 1,  "begin" : 1827,  "end" : 1829 }, 
        {"sofa" : 1,  "begin" : 1830,  "end" : 1834 }, 
        {"sofa" : 1,  "begin" : 1835,  "end" : 1838 }, 
        {"sofa" : 1,  "begin" : 1839,  "end" : 1845 }, 
        {"sofa" : 1,  "begin" : 1846,  "end" : 1848 }, 
        {"sofa" : 1,  "begin" : 1849,  "end" : 1854 }, 
        {"sofa" : 1,  "begin" : 1854,  "end" : 1855 }, 
        {"sofa" : 1,  "begin" : 1856,  "end" : 1859 }, 
        {"sofa" : 1,  "begin" : 1860,  "end" : 1864 }, 
        {"sofa" : 1,  "begin" : 1865,  "end" : 1869 }, 
        {"sofa" : 1,  "begin" : 1870,  "end" : 1875 }, 
        {"sofa" : 1,  "begin" : 1876,  "end" : 1883 }, 
        {"sofa" : 1,  "begin" : 1884,  "end" : 1885 }, 
        {"sofa" : 1,  "begin" : 1886,  "end" : 1890 }, 
        {"sofa" : 1,  "begin" : 1891,  "end" : 1895 }, 
        {"sofa" : 1,  "begin" : 1896,  "end" : 1901 }, 
        {"sofa" : 1,  "begin" : 1902,  "end" : 1904 }, 
        {"sofa" : 1,  "begin" : 1905,  "end" : 1908 }, 
        {"sofa" : 1,  "begin" : 1909,  "end" : 1913 }, 
        {"sofa" : 1,  "begin" : 1914,  "end" : 1919 }, 
        {"sofa" : 1,  "begin" : 1920,  "end" : 1927 }, 
        {"sofa" : 1,  "begin" : 1928,  "end" : 1931 }, 
        {"sofa" : 1,  "begin" : 1932,  "end" : 1936 }, 
        {"sofa" : 1,  "begin" : 1937,  "end" : 1939 }, 
        {"sofa" : 1,  "begin" : 1940,  "end" : 1943 }, 
        {"sofa" : 1,  "begin" : 1944,  "end" : 1951 }, 
        {"sofa" : 1,  "begin" : 1951,  "end" : 1952 }, 
        {"sofa" : 1,  "begin" : 1953,  "end" : 1959 }, 
        {"sofa" : 1,  "begin" : 1960,  "end" : 1962 }, 
        {"sofa" : 1,  "begin" : 1963,  "end" : 1965 }, 
        {"sofa" : 1,  "begin" : 1966,  "end" : 1970 }, 
        {"sofa" : 1,  "begin" : 1971,  "end" : 1973 }, 
        {"sofa" : 1,  "begin" : 1974,  "end" : 1978 }, 
        {"sofa" : 1,  "begin" : 1979,  "end" : 1983 }, 
        {"sofa" : 1,  "begin" : 1983,  "end" : 1984 }, 
        {"sofa" : 1,  "begin" : 1985,  "end" : 1988 }, 
        {"sofa" : 1,  "begin" : 1990,  "end" : 1991 }, 
        {"sofa" : 1,  "begin" : 1992,  "end" : 1995 }, 
        {"sofa" : 1,  "begin" : 1996,  "end" : 2000 }, 
        {"sofa" : 1,  "begin" : 2000,  "end" : 2001 }, 
        {"sofa" : 1,  "begin" : 2003,  "end" : 2008 }, 
        {"sofa" : 1,  "begin" : 2009,  "end" : 2015 }, 
        {"sofa" : 1,  "begin" : 2016,  "end" : 2017 }, 
        {"sofa" : 1,  "begin" : 2018,  "end" : 2019 }, 
        {"sofa" : 1,  "begin" : 2020,  "end" : 2024 }, 
        {"sofa" : 1,  "begin" : 2025,  "end" : 2029 }, 
        {"sofa" : 1,  "begin" : 2030,  "end" : 2032 }, 
        {"sofa" : 1,  "begin" : 2033,  "end" : 2038 }, 
        {"sofa" : 1,  "begin" : 2038,  "end" : 2039 }, 
        {"sofa" : 1,  "begin" : 2040,  "end" : 2044 }, 
        {"sofa" : 1,  "begin" : 2045,  "end" : 2047 }, 
        {"sofa" : 1,  "begin" : 2048,  "end" : 2052 }, 
        {"sofa" : 1,  "begin" : 2053,  "end" : 2057 }, 
        {"sofa" : 1,  "begin" : 2058,  "end" : 2060 }, 
        {"sofa" : 1,  "begin" : 2061,  "end" : 2066 }, 
        {"sofa" : 1,  "begin" : 2067,  "end" : 2069 }, 
        {"sofa" : 1,  "begin" : 2070,  "end" : 2073 }, 
        {"sofa" : 1,  "begin" : 2074,  "end" : 2078 }, 
        {"sofa" : 1,  "begin" : 2078,  "end" : 2079 }, 
        {"sofa" : 1,  "begin" : 2080,  "end" : 2085 }, 
        {"sofa" : 1,  "begin" : 2086,  "end" : 2089 }, 
        {"sofa" : 1,  "begin" : 2090,  "end" : 2093 }, 
        {"sofa" : 1,  "begin" : 2094,  "end" : 2099 }, 
        {"sofa" : 1,  "begin" : 2100,  "end" : 2105 }, 
        {"sofa" : 1,  "begin" : 2105,  "end" : 2106 }, 
        {"sofa" : 1,  "begin" : 2107,  "end" : 2110 }, 
        {"sofa" : 1,  "begin" : 2111,  "end" : 2113 }, 
        {"sofa" : 1,  "begin" : 2114,  "end" : 2119 }, 
        {"sofa" : 1,  "begin" : 2120,  "end" : 2124 }, 
        {"sofa" : 1,  "begin" : 2125,  "end" : 2128 }, 
        {"sofa" : 1,  "begin" : 2129,  "end" : 2131 }, 
        {"sofa" : 1,  "begin" : 2132,  "end" : 2136 }, 
        {"sofa" : 1,  "begin" : 2137,  "end" : 2143 }, 
        {"sofa" : 1,  "begin" : 2143,  "end" : 2144 }, 
        {"sofa" : 1,  "begin" : 2145,  "end" : 2149 }, 
        {"sofa" : 1,  "begin" : 2150,  "end" : 2155 }, 
        {"sofa" : 1,  "begin" : 2156,  "end" : 2160 }, 
        {"sofa" : 1,  "begin" : 2161,  "end" : 2163 }, 
        {"sofa" : 1,  "begin" : 2164,  "end" : 2165 }, 
        {"sofa" : 1,  "begin" : 2166,  "end" : 2178 }, 
        {"sofa" : 1,  "begin" : 2179,  "end" : 2183 }, 
        {"sofa" : 1,  "begin" : 2184,  "end" : 2189 }, 
        {"sofa" : 1,  "begin" : 2189,  "end" : 2190 }, 
        {"sofa" : 1,  "begin" : 2191,  "end" : 2197 }, 
        {"sofa" : 1,  "begin" : 2198,  "end" : 2201 }, 
        {"sofa" : 1,  "begin" : 2202,  "end" : 2208 }, 
        {"sofa" : 1,  "begin" : 2209,  "end" : 2211 }, 
        {"sofa" : 1,  "begin" : 2212,  "end" : 2215 }, 
        {"sofa" : 1,  "begin" : 2216,  "end" : 2219 }, 
        {"sofa" : 1,  "begin" : 2220,  "end" : 2223 }, 
        {"sofa" : 1,  "begin" : 2224,  "end" : 2229 }, 
        {"sofa" : 1,  "begin" : 2230,  "end" : 2235 }, 
        {"sofa" : 1,  "begin" : 2236,  "end" : 2238 }, 
        {"sofa" : 1,  "begin" : 2239,  "end" : 2240 }, 
        {"sofa" : 1,  "begin" : 2241,  "end" : 2246 }, 
        {"sofa" : 1,  "begin" : 2246,  "end" : 2247 }, 
        {"sofa" : 1,  "begin" : 2248,  "end" : 2251 }, 
        {"sofa" : 1,  "begin" : 2252,  "end" : 2255 }, 
        {"sofa" : 1,  "begin" : 2256,  "end" : 2259 }, 
        {"sofa" : 1,  "begin" : 2260,  "end" : 2264 }, 
        {"sofa" : 1,  "begin" : 2265,  "end" : 2270 }, 
        {"sofa" : 1,  "begin" : 2271,  "end" : 2273 }, 
        {"sofa" : 1,  "begin" : 2274,  "end" : 2281 }, 
        {"sofa" : 1,  "begin" : 2282,  "end" : 2286 }, 
        {"sofa" : 1,  "begin" : 2287,  "end" : 2292 }, 
        {"sofa" : 1,  "begin" : 2292,  "end" : 2293 }, 
        {"sofa" : 1,  "begin" : 2294,  "end" : 2299 }, 
        {"sofa" : 1,  "begin" : 2300,  "end" : 2308 }, 
        {"sofa" : 1,  "begin" : 2309,  "end" : 2313 }, 
        {"sofa" : 1,  "begin" : 2314,  "end" : 2318 }, 
        {"sofa" : 1,  "begin" : 2319,  "end" : 2323 }, 
        {"sofa" : 1,  "begin" : 2324,  "end" : 2325 }, 
        {"sofa" : 1,  "begin" : 2326,  "end" : 2330 }, 
        {"sofa" : 1,  "begin" : 2331,  "end" : 2336 }, 
        {"sofa" : 1,  "begin" : 2337,  "end" : 2342 }, 
        {"sofa" : 1,  "begin" : 2343,  "end" : 2345 }, 
        {"sofa" : 1,  "begin" : 2346,  "end" : 2348 }, 
        {"sofa" : 1,  "begin" : 2348,  "end" : 2349 }, 
        {"sofa" : 1,  "begin" : 2351,  "end" : 2356 }, 
        {"sofa" : 1,  "begin" : 2357,  "end" : 2363 }, 
        {"sofa" : 1,  "begin" : 2364,  "end" : 2365 }, 
        {"sofa" : 1,  "begin" : 2366,  "end" : 2367 }, 
        {"sofa" : 1,  "begin" : 2368,  "end" : 2372 }, 
        {"sofa" : 1,  "begin" : 2373,  "end" : 2374 }, 
        {"sofa" : 1,  "begin" : 2375,  "end" : 2380 }, 
        {"sofa" : 1,  "begin" : 2381,  "end" : 2385 }, 
        {"sofa" : 1,  "begin" : 2386,  "end" : 2391 }, 
        {"sofa" : 1,  "begin" : 2392,  "end" : 2394 }, 
        {"sofa" : 1,  "begin" : 2395,  "end" : 2402 }, 
        {"sofa" : 1,  "begin" : 2402,  "end" : 2403 }, 
        {"sofa" : 1,  "begin" : 2404,  "end" : 2411 }, 
        {"sofa" : 1,  "begin" : 2412,  "end" : 2416 }, 
        {"sofa" : 1,  "begin" : 2417,  "end" : 2419 }, 
        {"sofa" : 1,  "begin" : 2420,  "end" : 2422 }, 
        {"sofa" : 1,  "begin" : 2423,  "end" : 2425 }, 
        {"sofa" : 1,  "begin" : 2426,  "end" : 2430 }, 
        {"sofa" : 1,  "begin" : 2430,  "end" : 2431 }, 
        {"sofa" : 1,  "begin" : 2432,  "end" : 2435 }, 
        {"sofa" : 1,  "begin" : 2436,  "end" : 2438 }, 
        {"sofa" : 1,  "begin" : 2439,  "end" : 2442 }, 
        {"sofa" : 1,  "begin" : 2443,  "end" : 2451 }, 
        {"sofa" : 1,  "begin" : 2452,  "end" : 2457 }, 
        {"sofa" : 1,  "begin" : 2458,  "end" : 2464 }, 
        {"sofa" : 1,  "begin" : 2465,  "end" : 2466 }, 
        {"sofa" : 1,  "begin" : 2467,  "end" : 2468 }, 
        {"sofa" : 1,  "begin" : 2469,  "end" : 2473 }, 
        {"sofa" : 1,  "begin" : 2474,  "end" : 2481 }, 
        {"sofa" : 1,  "begin" : 2483,  "end" : 2488 }, 
        {"sofa" : 1,  "begin" : 2489,  "end" : 2496 }, 
        {"sofa" : 1,  "begin" : 2496,  "end" : 2497 }, 
        {"sofa" : 1,  "begin" : 2498,  "end" : 2501 }, 
        {"sofa" : 1,  "begin" : 2502,  "end" : 2504 }, 
        {"sofa" : 1,  "begin" : 2505,  "end" : 2512 }, 
        {"sofa" : 1,  "begin" : 2513,  "end" : 2515 }, 
        {"sofa" : 1,  "begin" : 2516,  "end" : 2518 }, 
        {"sofa" : 1,  "begin" : 2519,  "end" : 2523 }, 
        {"sofa" : 1,  "begin" : 2524,  "end" : 2526 }, 
        {"sofa" : 1,  "begin" : 2527,  "end" : 2531 }, 
        {"sofa" : 1,  "begin" : 2532,  "end" : 2534 }, 
        {"sofa" : 1,  "begin" : 2535,  "end" : 2539 }, 
        {"sofa" : 1,  "begin" : 2540,  "end" : 2542 }, 
        {"sofa" : 1,  "begin" : 2543,  "end" : 2545 }, 
        {"sofa" : 1,  "begin" : 2545,  "end" : 2546 }, 
        {"sofa" : 1,  "begin" : 2547,  "end" : 2551 }, 
        {"sofa" : 1,  "begin" : 2552,  "end" : 2555 }, 
        {"sofa" : 1,  "begin" : 2556,  "end" : 2559 }, 
        {"sofa" : 1,  "begin" : 2560,  "end" : 2566 }, 
        {"sofa" : 1,  "begin" : 2567,  "end" : 2574 }, 
        {"sofa" : 1,  "begin" : 2575,  "end" : 2580 }, 
        {"sofa" : 1,  "begin" : 2581,  "end" : 2586 }, 
        {"sofa" : 1,  "begin" : 2587,  "end" : 2595 }, 
        {"sofa" : 1,  "begin" : 2595,  "end" : 2596 }, 
        {"sofa" : 1,  "begin" : 2597,  "end" : 2600 }, 
        {"sofa" : 1,  "begin" : 2602,  "end" : 2603 }, 
        {"sofa" : 1,  "begin" : 2604,  "end" : 2607 }, 
        {"sofa" : 1,  "begin" : 2608,  "end" : 2612 }, 
        {"sofa" : 1,  "begin" : 2612,  "end" : 2613 }, 
        {"sofa" : 1,  "begin" : 2615,  "end" : 2618 }, 
        {"sofa" : 1,  "begin" : 2619,  "end" : 2625 }, 
        {"sofa" : 1,  "begin" : 2626,  "end" : 2628 }, 
        {"sofa" : 1,  "begin" : 2629,  "end" : 2635 }, 
        {"sofa" : 1,  "begin" : 2636,  "end" : 2641 }, 
        {"sofa" : 1,  "begin" : 2642,  "end" : 2644 }, 
        {"sofa" : 1,  "begin" : 2645,  "end" : 2651 }, 
        {"sofa" : 1,  "begin" : 2652,  "end" : 2654 }, 
        {"sofa" : 1,  "begin" : 2655,  "end" : 2664 }, 
        {"sofa" : 1,  "begin" : 2665,  "end" : 2672 }, 
        {"sofa" : 1,  "begin" : 2672,  "end" : 2673 }, 
        {"sofa" : 1,  "begin" : 2674,  "end" : 2677 }, 
        {"sofa" : 1,  "begin" : 2678,  "end" : 2685 }, 
        {"sofa" : 1,  "begin" : 2686,  "end" : 2691 }, 
        {"sofa" : 1,  "begin" : 2692,  "end" : 2694 }, 
        {"sofa" : 1,  "begin" : 2695,  "end" : 2701 }, 
        {"sofa" : 1,  "begin" : 2701,  "end" : 2702 }, 
        {"sofa" : 1,  "begin" : 2703,  "end" : 2707 }, 
        {"sofa" : 1,  "begin" : 2708,  "end" : 2710 }, 
        {"sofa" : 1,  "begin" : 2711,  "end" : 2715 }, 
        {"sofa" : 1,  "begin" : 2716,  "end" : 2722 }, 
        {"sofa" : 1,  "begin" : 2723,  "end" : 2725 }, 
        {"sofa" : 1,  "begin" : 2726,  "end" : 2730 }, 
        {"sofa" : 1,  "begin" : 2731,  "end" : 2736 }, 
        {"sofa" : 1,  "begin" : 2737,  "end" : 2742 }, 
        {"sofa" : 1,  "begin" : 2742,  "end" : 2743 }, 
        {"sofa" : 1,  "begin" : 2744,  "end" : 2747 }, 
        {"sofa" : 1,  "begin" : 2748,  "end" : 2750 }, 
        {"sofa" : 1,  "begin" : 2751,  "end" : 2760 }, 
        {"sofa" : 1,  "begin" : 2761,  "end" : 2763 }, 
        {"sofa" : 1,  "begin" : 2764,  "end" : 2767 }, 
        {"sofa" : 1,  "begin" : 2768,  "end" : 2778 }, 
        {"sofa" : 1,  "begin" : 2779,  "end" : 2781 }, 
        {"sofa" : 1,  "begin" : 2782,  "end" : 2786 }, 
        {"sofa" : 1,  "begin" : 2787,  "end" : 2792 }, 
        {"sofa" : 1,  "begin" : 2792,  "end" : 2793 }, 
        {"sofa" : 1,  "begin" : 2794,  "end" : 2797 }, 
        {"sofa" : 1,  "begin" : 2798,  "end" : 2799 }, 
        {"sofa" : 1,  "begin" : 2800,  "end" : 2802 }, 
        {"sofa" : 1,  "begin" : 2803,  "end" : 2807 }, 
        {"sofa" : 1,  "begin" : 2808,  "end" : 2811 }, 
        {"sofa" : 1,  "begin" : 2812,  "end" : 2818 }, 
        {"sofa" : 1,  "begin" : 2819,  "end" : 2821 }, 
        {"sofa" : 1,  "begin" : 2822,  "end" : 2826 }, 
        {"sofa" : 1,  "begin" : 2827,  "end" : 2832 }, 
        {"sofa" : 1,  "begin" : 2833,  "end" : 2835 }, 
        {"sofa" : 1,  "begin" : 2836,  "end" : 2843 }, 
        {"sofa" : 1,  "begin" : 2844,  "end" : 2846 }, 
        {"sofa" : 1,  "begin" : 2847,  "end" : 2854 }, 
        {"sofa" : 1,  "begin" : 2854,  "end" : 2855 }, 
        {"sofa" : 1,  "begin" : 2856,  "end" : 2859 }, 
        {"sofa" : 1,  "begin" : 2860,  "end" : 2864 }, 
        {"sofa" : 1,  "begin" : 2865,  "end" : 2868 }, 
        {"sofa" : 1,  "begin" : 2869,  "end" : 2875 }, 
        {"sofa" : 1,  "begin" : 2876,  "end" : 2878 }, 
        {"sofa" : 1,  "begin" : 2879,  "end" : 2882 }, 
        {"sofa" : 1,  "begin" : 2883,  "end" : 2887 }, 
        {"sofa" : 1,  "begin" : 2888,  "end" : 2890 }, 
        {"sofa" : 1,  "begin" : 2891,  "end" : 2893 }, 
        {"sofa" : 1,  "begin" : 2894,  "end" : 2900 }, 
        {"sofa" : 1,  "begin" : 2901,  "end" : 2902 }, 
        {"sofa" : 1,  "begin" : 2903,  "end" : 2904 }, 
        {"sofa" : 1,  "begin" : 2905,  "end" : 2909 }, 
        {"sofa" : 1,  "begin" : 2910,  "end" : 2917 }, 
        {"sofa" : 1,  "begin" : 2917,  "end" : 2918 }, 
        {"sofa" : 1,  "begin" : 2920,  "end" : 2924 }, 
        {"sofa" : 1,  "begin" : 2925,  "end" : 2932 }, 
        {"sofa" : 1,  "begin" : 2933,  "end" : 2938 }, 
        {"sofa" : 1,  "begin" : 2938,  "end" : 2939 }, 
        {"sofa" : 1,  "begin" : 2940,  "end" : 2943 }, 
        {"sofa" : 1,  "begin" : 2944,  "end" : 2948 }, 
        {"sofa" : 1,  "begin" : 2949,  "end" : 2956 }, 
        {"sofa" : 1,  "begin" : 2957,  "end" : 2962 }, 
        {"sofa" : 1,  "begin" : 2963,  "end" : 2965 }, 
        {"sofa" : 1,  "begin" : 2966,  "end" : 2970 }, 
        {"sofa" : 1,  "begin" : 2971,  "end" : 2975 }, 
        {"sofa" : 1,  "begin" : 2976,  "end" : 2979 }, 
        {"sofa" : 1,  "begin" : 2980,  "end" : 2986 }, 
        {"sofa" : 1,  "begin" : 2986,  "end" : 2987 }, 
        {"sofa" : 1,  "begin" : 2988,  "end" : 2990 }, 
        {"sofa" : 1,  "begin" : 2991,  "end" : 2995 }, 
        {"sofa" : 1,  "begin" : 2996,  "end" : 2998 }, 
        {"sofa" : 1,  "begin" : 2999,  "end" : 3003 }, 
        {"sofa" : 1,  "begin" : 3004,  "end" : 3007 }, 
        {"sofa" : 1,  "begin" : 3008,  "end" : 3013 }, 
        {"sofa" : 1,  "begin" : 3014,  "end" : 3016 }, 
        {"sofa" : 1,  "begin" : 3017,  "end" : 3023 }, 
        {"sofa" : 1,  "begin" : 3023,  "end" : 3024 }, 
        {"sofa" : 1,  "begin" : 3025,  "end" : 3029 }, 
        {"sofa" : 1,  "begin" : 3030,  "end" : 3032 }, 
        {"sofa" : 1,  "begin" : 3033,  "end" : 3035 }, 
        {"sofa" : 1,  "begin" : 3036,  "end" : 3037 }, 
        {"sofa" : 1,  "begin" : 3038,  "end" : 3044 }, 
        {"sofa" : 1,  "begin" : 3044,  "end" : 3045 }, 
        {"sofa" : 1,  "begin" : 3046,  "end" : 3049 }, 
        {"sofa" : 1,  "begin" : 3050,  "end" : 3054 }, 
        {"sofa" : 1,  "begin" : 3055,  "end" : 3057 }, 
        {"sofa" : 1,  "begin" : 3058,  "end" : 3062 }, 
        {"sofa" : 1,  "begin" : 3063,  "end" : 3067 }, 
        {"sofa" : 1,  "begin" : 3068,  "end" : 3075 }, 
        {"sofa" : 1,  "begin" : 3076,  "end" : 3077 }, 
        {"sofa" : 1,  "begin" : 3078,  "end" : 3083 }, 
        {"sofa" : 1,  "begin" : 3083,  "end" : 3084 }, 
        {"sofa" : 1,  "begin" : 3085,  "end" : 3088 }, 
        {"sofa" : 1,  "begin" : 3089,  "end" : 3094 }, 
        {"sofa" : 1,  "begin" : 3095,  "end" : 3103 }, 
        {"sofa" : 1,  "begin" : 3104,  "end" : 3110 }, 
        {"sofa" : 1,  "begin" : 3111,  "end" : 3113 }, 
        {"sofa" : 1,  "begin" : 3114,  "end" : 3116 }, 
        {"sofa" : 1,  "begin" : 3117,  "end" : 3123 }, 
        {"sofa" : 1,  "begin" : 3124,  "end" : 3125 }, 
        {"sofa" : 1,  "begin" : 3126,  "end" : 3127 }, 
        {"sofa" : 1,  "begin" : 3127,  "end" : 3128 }, 
        {"sofa" : 1,  "begin" : 3129,  "end" : 3131 }, 
        {"sofa" : 1,  "begin" : 3132,  "end" : 3133 }, 
        {"sofa" : 1,  "begin" : 3134,  "end" : 3143 }, 
        {"sofa" : 1,  "begin" : 3144,  "end" : 3146 }, 
        {"sofa" : 1,  "begin" : 3147,  "end" : 3150 }, 
        {"sofa" : 1,  "begin" : 3151,  "end" : 3160 }, 
        {"sofa" : 1,  "begin" : 3161,  "end" : 3163 }, 
        {"sofa" : 1,  "begin" : 3164,  "end" : 3168 }, 
        {"sofa" : 1,  "begin" : 3169,  "end" : 3177 }, 
        {"sofa" : 1,  "begin" : 3177,  "end" : 3178 }, 
        {"sofa" : 1,  "begin" : 3179,  "end" : 3186 }, 
        {"sofa" : 1,  "begin" : 3187,  "end" : 3189 }, 
        {"sofa" : 1,  "begin" : 3190,  "end" : 3194 }, 
        {"sofa" : 1,  "begin" : 3195,  "end" : 3199 }, 
        {"sofa" : 1,  "begin" : 3200,  "end" : 3207 }, 
        {"sofa" : 1,  "begin" : 3207,  "end" : 3208 }, 
        {"sofa" : 1,  "begin" : 3209,  "end" : 3213 }, 
        {"sofa" : 1,  "begin" : 3214,  "end" : 3218 }, 
        {"sofa" : 1,  "begin" : 3219,  "end" : 3223 }, 
        {"sofa" : 1,  "begin" : 3224,  "end" : 3231 }, 
        {"sofa" : 1,  "begin" : 3232,  "end" : 3239 }, 
        {"sofa" : 1,  "begin" : 3240,  "end" : 3242 }, 
        {"sofa" : 1,  "begin" : 3243,  "end" : 3248 }, 
        {"sofa" : 1,  "begin" : 3248,  "end" : 3249 }, 
        {"sofa" : 1,  "begin" : 3250,  "end" : 3253 }, 
        {"sofa" : 1,  "begin" : 3255,  "end" : 3256 }, 
        {"sofa" : 1,  "begin" : 3257,  "end" : 3260 }, 
        {"sofa" : 1,  "begin" : 3261,  "end" : 3265 }, 
        {"sofa" : 1,  "begin" : 3265,  "end" : 3266 }, 
        {"sofa" : 1,  "begin" : 3268,  "end" : 3270 }, 
        {"sofa" : 1,  "begin" : 3271,  "end" : 3278 }, 
        {"sofa" : 1,  "begin" : 3279,  "end" : 3284 }, 
        {"sofa" : 1,  "begin" : 3285,  "end" : 3289 }, 
        {"sofa" : 1,  "begin" : 3289,  "end" : 3290 }, 
        {"sofa" : 1,  "begin" : 3291,  "end" : 3293 }, 
        {"sofa" : 1,  "begin" : 3294,  "end" : 3296 }, 
        {"sofa" : 1,  "begin" : 3297,  "end" : 3300 }, 
        {"sofa" : 1,  "begin" : 3301,  "end" : 3307 }, 
        {"sofa" : 1,  "begin" : 3308,  "end" : 3310 }, 
        {"sofa" : 1,  "begin" : 3311,  "end" : 3318 }, 
        {"sofa" : 1,  "begin" : 3319,  "end" : 3321 }, 
        {"sofa" : 1,  "begin" : 3322,  "end" : 3326 }, 
        {"sofa" : 1,  "begin" : 3327,  "end" : 3334 }, 
        {"sofa" : 1,  "begin" : 3334,  "end" : 3335 }, 
        {"sofa" : 1,  "begin" : 3336,  "end" : 3339 }, 
        {"sofa" : 1,  "begin" : 3340,  "end" : 3344 }, 
        {"sofa" : 1,  "begin" : 3345,  "end" : 3348 }, 
        {"sofa" : 1,  "begin" : 3349,  "end" : 3354 }, 
        {"sofa" : 1,  "begin" : 3355,  "end" : 3363 }, 
        {"sofa" : 1,  "begin" : 3363,  "end" : 3364 }, 
        {"sofa" : 1,  "begin" : 3365,  "end" : 3367 }, 
        {"sofa" : 1,  "begin" : 3368,  "end" : 3370 }, 
        {"sofa" : 1,  "begin" : 3371,  "end" : 3375 }, 
        {"sofa" : 1,  "begin" : 3375,  "end" : 3376 }, 
        {"sofa" : 1,  "begin" : 3377,  "end" : 3382 }, 
        {"sofa" : 1,  "begin" : 3383,  "end" : 3387 }, 
        {"sofa" : 1,  "begin" : 3389,  "end" : 3395 }, 
        {"sofa" : 1,  "begin" : 3396,  "end" : 3397 }, 
        {"sofa" : 1,  "begin" : 3398,  "end" : 3399 }, 
        {"sofa" : 1,  "begin" : 3400,  "end" : 3404 }, 
        {"sofa" : 1,  "begin" : 3405,  "end" : 3412 }, 
        {"sofa" : 1,  "begin" : 3412,  "end" : 3413 }, 
        {"sofa" : 1,  "begin" : 3414,  "end" : 3416 }, 
        {"sofa" : 1,  "begin" : 3417,  "end" : 3420 }, 
        {"sofa" : 1,  "begin" : 3421,  "end" : 3423 }, 
        {"sofa" : 1,  "begin" : 3424,  "end" : 3428 }, 
        {"sofa" : 1,  "begin" : 3429,  "end" : 3431 }, 
        {"sofa" : 1,  "begin" : 3432,  "end" : 3434 }, 
        {"sofa" : 1,  "begin" : 3435,  "end" : 3443 }, 
        {"sofa" : 1,  "begin" : 3444,  "end" : 3448 }, 
        {"sofa" : 1,  "begin" : 3449,  "end" : 3452 }, 
        {"sofa" : 1,  "begin" : 3453,  "end" : 3461 }, 
        {"sofa" : 1,  "begin" : 3462,  "end" : 3464 }, 
        {"sofa" : 1,  "begin" : 3465,  "end" : 3472 }, 
        {"sofa" : 1,  "begin" : 3473,  "end" : 3482 }, 
        {"sofa" : 1,  "begin" : 3482,  "end" : 3483 }, 
        {"sofa" : 1,  "begin" : 3484,  "end" : 3485 }, 
        {"sofa" : 1,  "begin" : 3486,  "end" : 3491 }, 
        {"sofa" : 1,  "begin" : 3492,  "end" : 3494 }, 
        {"sofa" : 1,  "begin" : 3495,  "end" : 3497 }, 
        {"sofa" : 1,  "begin" : 3498,  "end" : 3503 }, 
        {"sofa" : 1,  "begin" : 3504,  "end" : 3508 }, 
        {"sofa" : 1,  "begin" : 3509,  "end" : 3514 }, 
        {"sofa" : 1,  "begin" : 3514,  "end" : 3515 }, 
        {"sofa" : 1,  "begin" : 3516,  "end" : 3517 }, 
        {"sofa" : 1,  "begin" : 3518,  "end" : 3519 }, 
        {"sofa" : 1,  "begin" : 3520,  "end" : 3522 }, 
        {"sofa" : 1,  "begin" : 3523,  "end" : 3526 }, 
        {"sofa" : 1,  "begin" : 3527,  "end" : 3531 }, 
        {"sofa" : 1,  "begin" : 3532,  "end" : 3536 }, 
        {"sofa" : 1,  "begin" : 3536,  "end" : 3537 }, 
        {"sofa" : 1,  "begin" : 3538,  "end" : 3542 }, 
        {"sofa" : 1,  "begin" : 3543,  "end" : 3546 }, 
        {"sofa" : 1,  "begin" : 3547,  "end" : 3552 }, 
        {"sofa" : 1,  "begin" : 3553,  "end" : 3555 }, 
        {"sofa" : 1,  "begin" : 3556,  "end" : 3563 }, 
        {"sofa" : 1,  "begin" : 3564,  "end" : 3568 }, 
        {"sofa" : 1,  "begin" : 3569,  "end" : 3573 }, 
        {"sofa" : 1,  "begin" : 3574,  "end" : 3578 }, 
        {"sofa" : 1,  "begin" : 3578,  "end" : 3579 }, 
        {"sofa" : 1,  "begin" : 3580,  "end" : 3584 }, 
        {"sofa" : 1,  "begin" : 3585,  "end" : 3589 }, 
        {"sofa" : 1,  "begin" : 3590,  "end" : 3593 }, 
        {"sofa" : 1,  "begin" : 3594,  "end" : 3598 }, 
        {"sofa" : 1,  "begin" : 3599,  "end" : 3604 }, 
        {"sofa" : 1,  "begin" : 3605,  "end" : 3608 }, 
        {"sofa" : 1,  "begin" : 3609,  "end" : 3617 }, 
        {"sofa" : 1,  "begin" : 3618,  "end" : 3624 }, 
        {"sofa" : 1,  "begin" : 3624,  "end" : 3625 }, 
        {"sofa" : 1,  "begin" : 3626,  "end" : 3629 }, 
        {"sofa" : 1,  "begin" : 3630,  "end" : 3634 }, 
        {"sofa" : 1,  "begin" : 3635,  "end" : 3639 }, 
        {"sofa" : 1,  "begin" : 3640,  "end" : 3643 }, 
        {"sofa" : 1,  "begin" : 3644,  "end" : 3646 }, 
        {"sofa" : 1,  "begin" : 3647,  "end" : 3648 }, 
        {"sofa" : 1,  "begin" : 3649,  "end" : 3657 }, 
        {"sofa" : 1,  "begin" : 3658,  "end" : 3661 }, 
        {"sofa" : 1,  "begin" : 3662,  "end" : 3666 }, 
        {"sofa" : 1,  "begin" : 3667,  "end" : 3674 }, 
        {"sofa" : 1,  "begin" : 3675,  "end" : 3681 }, 
        {"sofa" : 1,  "begin" : 3681,  "end" : 3682 } ] } }, 
  "_referenced_fss" : {
    "1" : {"_type" : "Sofa",  "sofaNum" : 1,  "sofaID" : "_InitialView",  "mimeType" : "text",  "sofaString" : "Snuff Perfum ' d with Flowers.\nTHE Flowers much used for Perfuming Snuff, are Orange-flower water, Jasmin, common Roses, musqued Roses and Tuberoses, other Flowers can hardly Perfume naturally, unless you use a great quantity of them, and add to them some Essence of the same Flowers, as you ' ll see in the Receipts for Perfuming Snuff; but when all is done the smell never last long, as in other Perfumes. Here is the manner how to use them in Perfuming Snuff.\n\nGet a Wooden Box, as big as you have occasion for, line within with dry Paper, lay in it a Bed of Snuff an Inch thick, then a Bed of Flowers, and so\n\nalong till you have no more of it; let it lay so in the Flowers Twenty four Hours: then searce your Snuff, to take out the Flowers, and renew them at the same time; continue so doing four or five days; and when you think your Snuff is Perfum ' d enough with Flowers, keep it very close in your Boxes, in a very dry place; don ' t meddle with it when the Flowers are within, because it will not heat.\n\nAnother manner of Perfuming Snuff with Flowers.\nGET a good quantity of Sheets of Paper dryed before the Fire, of the bigness and shape or thereabouts of your Boxes; prick them all over with a big Pin; then to Perfume your Snuff with Flowers, lay a Bed of them an Inch thick in the Box; and over one Sheet of that Paper, and over the Paper a Bed of Flowers, and another sheet of Paper over the Flowers; lay over that sheet another Bed of Snuff, and continue so doing till you have none left: So the Flowers are between two Papers, and the Snuff too, without touching the Flowers; and\n\nby that means the Snuff takes naturally the Smell of the Flowers, because the same Smell is not corrupted or alter ' d by the Snuff. Change your Flowers according to the Plenty you have of them; and when you take them out, take up only the sheets of Paper, and pass your Snuff through a fine hair Sieve to let your Snuff through and keep in the Flowers. Flower it so four or five days, and  ' tis done.\n\nSnuff perfum ' d with Buds of Roses.\nTAKE as much Buds of Roses as you will, pluck out the green knots, and in their room put as many Cloves: Then throw them in a Glass-bottle well stopt, expose the Bottle to the hot sun three Weeks or a Month; you may use them after to perfume your Snuff, being cleansed they will give a very sweet Smell to it.\n\nSnuff perfum ' d with a great many sorts of Flowers.\nNOthing else is to be done, but to mix together Snuff perfum ' d with several\n\nsweet Flowers, and to prepare it so well by more or less of it, that you can hardly discern which Smell prevails, and  ' tis done.\n\nThe manner of making Snuff in Grains of different bigness.\nGET several sorts of Sieves, some of thin others of very thick Cloth, and so according to the courseness of your Cloth, you ' ll make the Grains of your Snuff in passing it through; you must not searce it but when it is perfum ' d with Flowers.\n\nFine Spanish Snuff.\nTHE true Spanish Snuff is very fine and redish, to make it take red Snuff in Grains, beat it in a Mortar, and pass it very fine through a Sieve; and being cleansed before it is colour ' d, as I prescribe in the beginning of this Treatise, perfume it only with Flowers, then with some Spanish Perfume or other, and  ' tis done.\n\nTo perfume Snuff well, it is not enough to perfume it with Flowers, you must use other Perfumes; it is true, being only\n\nperfum ' d with Flowers, it may be good to be perfumed with the Perfumes we mention hereafter: I leave it to every ones Fancy, I ' ll say only this, That the Smell of Flowers does very well, mixt with the most sweet and precious Smells, and that they are of a stronger and more lasting Vertue.\n\n" }, 
    "11008" : {"_type" : "Span",  "sofa" : 1,  "begin" : 6,  "end" : 16,  "label" : "Smell_Word" }, 
    "11013" : {"_type" : "Span",  "sofa" : 1,  "end" : 5,  "label" : "Odour_Carrier" }, 
    "10652" : {"_type" : "Span",  "sofa" : 1,  "begin" : 17,  "end" : 29,  "label" : "Smell_Source" }, 
    "11037" : {"_type" : "Span",  "sofa" : 1,  "begin" : 57,  "end" : 66,  "label" : "Smell_Word" }, 
    "11032" : {"_type" : "Span",  "sofa" : 1,  "begin" : 67,  "end" : 72,  "label" : "Odour_Carrier" }, 
    "10856" : {"_type" : "Span",  "sofa" : 1,  "begin" : 31,  "end" : 42,  "label" : "Smell_Source" }, 
    "10674" : {"_type" : "Span",  "sofa" : 1,  "begin" : 78,  "end" : 97,  "label" : "Smell_Source" }, 
    "10679" : {"_type" : "Span",  "sofa" : 1,  "begin" : 99,  "end" : 105,  "label" : "Smell_Source" }, 
    "10684" : {"_type" : "Span",  "sofa" : 1,  "begin" : 107,  "end" : 119,  "label" : "Smell_Source" }, 
    "10694" : {"_type" : "Span",  "sofa" : 1,  "begin" : 139,  "end" : 148,  "label" : "Smell_Source" }, 
    "10689" : {"_type" : "Span",  "sofa" : 1,  "begin" : 121,  "end" : 134,  "label" : "Smell_Source" }, 
    "10699" : {"_type" : "Span",  "sofa" : 1,  "begin" : 175,  "end" : 182,  "label" : "Smell_Word" }, 
    "10704" : {"_type" : "Span",  "sofa" : 1,  "begin" : 150,  "end" : 163,  "label" : "Smell_Source" }, 
    "10709" : {"_type" : "Span",  "sofa" : 1,  "begin" : 168,  "end" : 174,  "label" : "Quality" }, 
    "10770" : {"_type" : "Span",  "sofa" : 1,  "begin" : 256,  "end" : 263,  "label" : "Smell_Word" }, 
    "10780" : {"_type" : "Span",  "sofa" : 1,  "begin" : 264,  "end" : 283,  "label" : "Smell_Source" }, 
    "10802" : {"_type" : "Span",  "sofa" : 1,  "begin" : 363,  "end" : 368,  "label" : "Smell_Word" }, 
    "10807" : {"_type" : "Span",  "sofa" : 1,  "begin" : 342,  "end" : 358,  "label" : "Circumstances" }, 
    "10834" : {"_type" : "Span",  "sofa" : 1,  "begin" : 398,  "end" : 406,  "label" : "Smell_Word" }, 
    "10824" : {"_type" : "Span",  "sofa" : 1,  "begin" : 392,  "end" : 397,  "label" : "Quality" }, 
    "10851" : {"_type" : "Span",  "sofa" : 1,  "begin" : 438,  "end" : 442,  "label" : "Smell_Source" }, 
    "11098" : {"_type" : "Span",  "sofa" : 1,  "begin" : 446,  "end" : 455,  "label" : "Smell_Word" }, 
    "11103" : {"_type" : "Span",  "sofa" : 1,  "begin" : 456,  "end" : 461,  "label" : "Odour_Carrier" }, 
    "10882" : {"_type" : "Span",  "sofa" : 1,  "begin" : 849,  "end" : 859,  "label" : "Smell_Word" }, 
    "10887" : {"_type" : "Span",  "sofa" : 1,  "begin" : 867,  "end" : 879,  "label" : "Smell_Source" }, 
    "10899" : {"_type" : "Span",  "sofa" : 1,  "begin" : 840,  "end" : 845,  "label" : "Odour_Carrier" }, 
    "11122" : {"_type" : "Span",  "sofa" : 1,  "begin" : 918,  "end" : 934,  "label" : "Location" }, 
    "11139" : {"_type" : "Span",  "sofa" : 1,  "begin" : 1033,  "end" : 1042,  "label" : "Smell_Word" }, 
    "11144" : {"_type" : "Span",  "sofa" : 1,  "begin" : 1043,  "end" : 1048,  "label" : "Odour_Carrier" }, 
    "10916" : {"_type" : "Span",  "sofa" : 1,  "begin" : 1049,  "end" : 1061,  "label" : "Smell_Source" }, 
    "10928" : {"_type" : "Span",  "sofa" : 1,  "begin" : 1224,  "end" : 1231,  "label" : "Smell_Word" }, 
    "10938" : {"_type" : "Span",  "sofa" : 1,  "begin" : 1243,  "end" : 1255,  "label" : "Smell_Source" }, 
    "10933" : {"_type" : "Span",  "sofa" : 1,  "begin" : 1237,  "end" : 1242,  "label" : "Odour_Carrier" }, 
    "11163" : {"_type" : "Span",  "sofa" : 1,  "begin" : 1232,  "end" : 1236,  "label" : "Perceiver" }, 
    "10957" : {"_type" : "Span",  "sofa" : 1,  "begin" : 1643,  "end" : 1648,  "label" : "Smell_Word" }, 
    "10967" : {"_type" : "Span",  "sofa" : 1,  "begin" : 1649,  "end" : 1663,  "label" : "Smell_Source" }, 
    "10979" : {"_type" : "Span",  "sofa" : 1,  "begin" : 1617,  "end" : 1622,  "label" : "Odour_Carrier" }, 
    "10991" : {"_type" : "Span",  "sofa" : 1,  "begin" : 1682,  "end" : 1687,  "label" : "Smell_Word" }, 
    "10996" : {"_type" : "Span",  "sofa" : 1,  "begin" : 1677,  "end" : 1681,  "label" : "Quality" }, 
    "11175" : {"_type" : "Span",  "sofa" : 1,  "begin" : 1718,  "end" : 1730,  "label" : "Odour_Carrier" }, 
    "11197" : {"_type" : "Span",  "sofa" : 1,  "begin" : 2009,  "end" : 2019,  "label" : "Smell_Word" }, 
    "11187" : {"_type" : "Span",  "sofa" : 1,  "begin" : 2003,  "end" : 2008,  "label" : "Odour_Carrier" }, 
    "11209" : {"_type" : "Span",  "sofa" : 1,  "begin" : 2020,  "end" : 2038,  "label" : "Smell_Source" }, 
    "11236" : {"_type" : "Span",  "sofa" : 1,  "begin" : 2260,  "end" : 2264,  "label" : "Smell_Source" }, 
    "11241" : {"_type" : "Span",  "sofa" : 1,  "begin" : 2053,  "end" : 2066,  "label" : "Smell_Source" }, 
    "11221" : {"_type" : "Span",  "sofa" : 1,  "begin" : 2274,  "end" : 2281,  "label" : "Smell_Word" }, 
    "11226" : {"_type" : "Span",  "sofa" : 1,  "begin" : 2282,  "end" : 2286,  "label" : "Perceiver" }, 
    "11231" : {"_type" : "Span",  "sofa" : 1,  "begin" : 2287,  "end" : 2292,  "label" : "Odour_Carrier" }, 
    "11313" : {"_type" : "Span",  "sofa" : 1,  "begin" : 2309,  "end" : 2313,  "label" : "Smell_Source" }, 
    "11284" : {"_type" : "Span",  "sofa" : 1,  "begin" : 2337,  "end" : 2342,  "label" : "Smell_Word" }, 
    "11279" : {"_type" : "Span",  "sofa" : 1,  "begin" : 2326,  "end" : 2336,  "label" : "Quality" }, 
    "11301" : {"_type" : "Span",  "sofa" : 1,  "begin" : 2343,  "end" : 2348,  "label" : "Odour_Carrier" }, 
    "11337" : {"_type" : "Span",  "sofa" : 1,  "begin" : 2357,  "end" : 2367,  "label" : "Smell_Word" }, 
    "11332" : {"_type" : "Span",  "sofa" : 1,  "begin" : 2351,  "end" : 2356,  "label" : "Odour_Carrier" }, 
    "11349" : {"_type" : "Span",  "sofa" : 1,  "begin" : 2368,  "end" : 2402,  "label" : "Smell_Source" }, 
    "11366" : {"_type" : "Span",  "sofa" : 1,  "begin" : 2458,  "end" : 2468,  "label" : "Smell_Word" }, 
    "11371" : {"_type" : "Span",  "sofa" : 1,  "begin" : 2469,  "end" : 2496,  "label" : "Smell_Source" }, 
    "11361" : {"_type" : "Span",  "sofa" : 1,  "begin" : 2452,  "end" : 2457,  "label" : "Odour_Carrier" }, 
    "11390" : {"_type" : "Span",  "sofa" : 1,  "begin" : 2581,  "end" : 2586,  "label" : "Smell_Word" }, 
    "11395" : {"_type" : "Span",  "sofa" : 1,  "begin" : 2552,  "end" : 2555,  "label" : "Perceiver" }, 
    "11429" : {"_type" : "Span",  "sofa" : 1,  "begin" : 2888,  "end" : 2890,  "label" : "Odour_Carrier" }, 
    "11424" : {"_type" : "Span",  "sofa" : 1,  "begin" : 2636,  "end" : 2641,  "label" : "Odour_Carrier" }, 
    "11407" : {"_type" : "Span",  "sofa" : 1,  "begin" : 2894,  "end" : 2904,  "label" : "Smell_Word" }, 
    "11412" : {"_type" : "Span",  "sofa" : 1,  "begin" : 2905,  "end" : 2917,  "label" : "Smell_Source" }, 
    "11448" : {"_type" : "Span",  "sofa" : 1,  "begin" : 3179,  "end" : 3186,  "label" : "Smell_Word" }, 
    "11453" : {"_type" : "Span",  "sofa" : 1,  "begin" : 3187,  "end" : 3189,  "label" : "Odour_Carrier" }, 
    "11477" : {"_type" : "Span",  "sofa" : 1,  "begin" : 3190,  "end" : 3207,  "label" : "Smell_Source" }, 
    "11506" : {"_type" : "Span",  "sofa" : 1,  "begin" : 3219,  "end" : 3239,  "label" : "Smell_Source" }, 
    "11458" : {"_type" : "Span",  "sofa" : 1,  "begin" : 2940,  "end" : 2962,  "label" : "Odour_Carrier" }, 
    "11489" : {"_type" : "Span",  "sofa" : 1,  "begin" : 3232,  "end" : 3239,  "label" : "Smell_Word" }, 
    "11494" : {"_type" : "Span",  "sofa" : 1,  "begin" : 3224,  "end" : 3231,  "label" : "Quality" }, 
    "11518" : {"_type" : "Span",  "sofa" : 1,  "begin" : 3271,  "end" : 3278,  "label" : "Smell_Word" }, 
    "11528" : {"_type" : "Span",  "sofa" : 1,  "begin" : 3285,  "end" : 3289,  "label" : "Quality" }, 
    "11523" : {"_type" : "Span",  "sofa" : 1,  "begin" : 3279,  "end" : 3284,  "label" : "Odour_Carrier" }, 
    "11547" : {"_type" : "Span",  "sofa" : 1,  "begin" : 3311,  "end" : 3318,  "label" : "Smell_Word" }, 
    "11557" : {"_type" : "Span",  "sofa" : 1,  "begin" : 3319,  "end" : 3321,  "label" : "Odour_Carrier" }, 
    "11562" : {"_type" : "Span",  "sofa" : 1,  "begin" : 3322,  "end" : 3334,  "label" : "Smell_Source" }, 
    "11598" : {"_type" : "Span",  "sofa" : 1,  "begin" : 3355,  "end" : 3363,  "label" : "Smell_Word" }, 
    "11593" : {"_type" : "Span",  "sofa" : 1,  "begin" : 3336,  "end" : 3339,  "label" : "Perceiver" }, 
    "11588" : {"_type" : "Span",  "sofa" : 1,  "begin" : 3349,  "end" : 3354,  "label" : "Quality" }, 
    "11617" : {"_type" : "Span",  "sofa" : 1,  "begin" : 3389,  "end" : 3399,  "label" : "Smell_Word" }, 
    "11622" : {"_type" : "Span",  "sofa" : 1,  "begin" : 3400,  "end" : 3412,  "label" : "Smell_Source" }, 
    "11668" : {"_type" : "Span",  "sofa" : 1,  "begin" : 3414,  "end" : 3416,  "label" : "Odour_Carrier" }, 
    "11646" : {"_type" : "Span",  "sofa" : 1,  "begin" : 3435,  "end" : 3443,  "label" : "Smell_Word" }, 
    "11656" : {"_type" : "Span",  "sofa" : 1,  "begin" : 3444,  "end" : 3461,  "label" : "Smell_Source" }, 
    "11687" : {"_type" : "Span",  "sofa" : 1,  "begin" : 3547,  "end" : 3552,  "label" : "Smell_Word" }, 
    "11692" : {"_type" : "Span",  "sofa" : 1,  "begin" : 3553,  "end" : 3563,  "label" : "Smell_Source" }, 
    "11714" : {"_type" : "Span",  "sofa" : 1,  "begin" : 3618,  "end" : 3624,  "label" : "Smell_Word" }, 
    "11709" : {"_type" : "Span",  "sofa" : 1,  "begin" : 3609,  "end" : 3617,  "label" : "Quality" }, 
    "11704" : {"_type" : "Span",  "sofa" : 1,  "begin" : 3590,  "end" : 3604,  "label" : "Quality" }, 
    "11733" : {"_type" : "Span",  "sofa" : 1,  "begin" : 3635,  "end" : 3639,  "label" : "Smell_Word" }, 
    "11745" : {"_type" : "Span",  "sofa" : 1,  "begin" : 3644,  "end" : 3681,  "label" : "Quality" } } }