#FORMAT=WebAnno TSV 3.3


#Text=28 Clamabant ergo voce magna, et incidebant se juxta ritum suum cultris et lanceolis, donec perfunderentur sanguine.
#Text=29 Postquam autem transiit meridies, et illis prophetantibus venerat tempus quo sacrificium offerri solet, nec audiebatur vox, nec aliquis respondebat, nec attendebat orantes, 30 dixit Elias omni populo : Venite ad me.
1-1	2-4	28	
1-2	5-14	Clamabant	
1-3	15-19	ergo	
1-4	20-24	voce	
1-5	25-30	magna	
1-6	30-31	,	
1-7	32-34	et	
1-8	35-45	incidebant	
1-9	46-48	se	
1-10	49-54	juxta	
1-11	55-60	ritum	
1-12	61-65	suum	
1-13	66-73	cultris	
1-14	74-76	et	
1-15	77-86	lanceolis	
1-16	86-87	,	
1-17	88-93	donec	
1-18	94-108	perfunderentur	
1-19	109-117	sanguine	
1-20	117-118	.	
1-21	119-121	29	
1-22	122-130	Postquam	
1-23	131-136	autem	
1-24	137-145	transiit	
1-25	146-154	meridies	
1-26	154-155	,	
1-27	156-158	et	
1-28	159-164	illis	
1-29	165-179	prophetantibus	
1-30	180-187	venerat	
1-31	188-194	tempus	
1-32	195-198	quo	
1-33	199-210	sacrificium	
1-34	211-218	offerri	
1-35	219-224	solet	
1-36	224-225	,	
1-37	226-229	nec	
1-38	230-240	audiebatur	
1-39	241-244	vox	
1-40	244-245	,	
1-41	246-249	nec	
1-42	250-257	aliquis	
1-43	258-269	respondebat	
1-44	269-270	,	
1-45	271-274	nec	
1-46	275-285	attendebat	
1-47	286-293	orantes	
1-48	293-294	,	
1-49	295-297	30	
1-50	298-303	dixit	
1-51	304-309	Elias	
1-52	310-314	omni	
1-53	315-321	populo	
1-54	322-323	:	
1-55	324-330	Venite	
1-56	331-333	ad	
1-57	334-336	me	
1-58	336-337	.	

#Text=Et accedente ad se populo, curavit altare Domini quod destructum fuerat.
#Text=31 Et tulit duodecim lapides juxta numerum tribuum filiorum Jacob, ad quem factus est sermo Domini, dicens : Israël erit nomen tuum.
#Text=32 Et ædificavit de lapidibus altare in nomine Domini : fecitque aquæductum, quasi per duas aratiunculas in circuitu altaris, 33 et composuit ligna : divisitque per membra bovem, et posuit super ligna, 34 et ait : Implete quatuor hydrias aqua, et fundite super holocaustum et super ligna.
2-1	338-340	Et	
2-2	341-350	accedente	
2-3	351-353	ad	
2-4	354-356	se	
2-5	357-363	populo	
2-6	363-364	,	
2-7	365-372	curavit	
2-8	373-379	altare	
2-9	380-386	Domini	
2-10	387-391	quod	
2-11	392-402	destructum	
2-12	403-409	fuerat	
2-13	409-410	.	
2-14	411-413	31	
2-15	414-416	Et	
2-16	417-422	tulit	
2-17	423-431	duodecim	
2-18	432-439	lapides	
2-19	440-445	juxta	
2-20	446-453	numerum	
2-21	454-461	tribuum	
2-22	462-470	filiorum	
2-23	471-476	Jacob	
2-24	476-477	,	
2-25	478-480	ad	
2-26	481-485	quem	
2-27	486-492	factus	
2-28	493-496	est	
2-29	497-502	sermo	
2-30	503-509	Domini	
2-31	509-510	,	
2-32	511-517	dicens	
2-33	518-519	:	
2-34	520-526	Israël	
2-35	527-531	erit	
2-36	532-537	nomen	
2-37	538-542	tuum	
2-38	542-543	.	
2-39	544-546	32	
2-40	547-549	Et	
2-41	550-560	ædificavit	
2-42	561-563	de	
2-43	564-573	lapidibus	
2-44	574-580	altare	
2-45	581-583	in	
2-46	584-590	nomine	
2-47	591-597	Domini	
2-48	598-599	:	
2-49	600-608	fecitque	
2-50	609-619	aquæductum	
2-51	619-620	,	
2-52	621-626	quasi	
2-53	627-630	per	
2-54	631-635	duas	
2-55	636-648	aratiunculas	
2-56	649-651	in	
2-57	652-660	circuitu	
2-58	661-668	altaris	
2-59	668-669	,	
2-60	670-672	33	
2-61	673-675	et	
2-62	676-685	composuit	
2-63	686-691	ligna	
2-64	692-693	:	
2-65	694-704	divisitque	
2-66	705-708	per	
2-67	709-715	membra	
2-68	716-721	bovem	
2-69	721-722	,	
2-70	723-725	et	
2-71	726-732	posuit	
2-72	733-738	super	
2-73	739-744	ligna	
2-74	744-745	,	
2-75	746-748	34	
2-76	749-751	et	
2-77	752-755	ait	
2-78	756-757	:	
2-79	758-765	Implete	
2-80	766-773	quatuor	
2-81	774-781	hydrias	
2-82	782-786	aqua	
2-83	786-787	,	
2-84	788-790	et	
2-85	791-798	fundite	
2-86	799-804	super	
2-87	805-816	holocaustum	
2-88	817-819	et	
2-89	820-825	super	
2-90	826-831	ligna	
2-91	831-832	.	

#Text=Rursumque dixit : Etiam secundo hoc facite.
3-1	833-842	Rursumque	
3-2	843-848	dixit	
3-3	849-850	:	
3-4	851-856	Etiam	
3-5	857-864	secundo	
3-6	865-868	hoc	
3-7	869-875	facite	
3-8	875-876	.	

#Text=Qui cum fecissent secundo, ait : Etiam tertio idipsum facite.
4-1	877-880	Qui	
4-2	881-884	cum	
4-3	885-894	fecissent	
4-4	895-902	secundo	
4-5	902-903	,	
4-6	904-907	ait	
4-7	908-909	:	
4-8	910-915	Etiam	
4-9	916-922	tertio	
4-10	923-930	idipsum	
4-11	931-937	facite	
4-12	937-938	.	

#Text=Feceruntque tertio, 35 et currebant aquæ circum altare, et fossa aquæductus repleta est.
#Text=36 Cumque jam tempus esset ut offerretur holocaustum, accedens Elias propheta ait : Domine Deus Abraham, et Isaac, et Israël, ostende hodie quia tu es Deus Israël, et ego servus tuus, et juxta præceptum tuum feci omnia verba hæc.
#Text=37 Exaudi me, Domine, exaudi me : ut discat populus iste quia tu es Dominus Deus, et tu convertisti cor eorum iterum.
#Text=38 Cecidit autem ignis Domini, et voravit holocaustum, et ligna, et lapides, pulverem quoque, et aquam quæ erat in aquæductu lambens.
#Text=39 Quod cum vidisset omnis populus, cecidit in faciem suam, et ait : Dominus ipse est Deus, Dominus ipse est Deus.
#Text=40 Dixitque Elias ad eos : Apprehendite prophetas Baal, et ne unus quidem effugiat ex eis.
5-1	939-950	Feceruntque	
5-2	951-957	tertio	
5-3	957-958	,	
5-4	959-961	35	
5-5	962-964	et	
5-6	965-974	currebant	
5-7	975-979	aquæ	
5-8	980-986	circum	
5-9	987-993	altare	
5-10	993-994	,	
5-11	995-997	et	
5-12	998-1003	fossa	
5-13	1004-1014	aquæductus	
5-14	1015-1022	repleta	
5-15	1023-1026	est	
5-16	1026-1027	.	
5-17	1028-1030	36	
5-18	1031-1037	Cumque	
5-19	1038-1041	jam	
5-20	1042-1048	tempus	
5-21	1049-1054	esset	
5-22	1055-1057	ut	
5-23	1058-1068	offerretur	
5-24	1069-1080	holocaustum	
5-25	1080-1081	,	
5-26	1082-1090	accedens	
5-27	1091-1096	Elias	
5-28	1097-1105	propheta	
5-29	1106-1109	ait	
5-30	1110-1111	:	
5-31	1112-1118	Domine	
5-32	1119-1123	Deus	
5-33	1124-1131	Abraham	
5-34	1131-1132	,	
5-35	1133-1135	et	
5-36	1136-1141	Isaac	
5-37	1141-1142	,	
5-38	1143-1145	et	
5-39	1146-1152	Israël	
5-40	1152-1153	,	
5-41	1154-1161	ostende	
5-42	1162-1167	hodie	
5-43	1168-1172	quia	
5-44	1173-1175	tu	
5-45	1176-1178	es	
5-46	1179-1183	Deus	
5-47	1184-1190	Israël	
5-48	1190-1191	,	
5-49	1192-1194	et	
5-50	1195-1198	ego	
5-51	1199-1205	servus	
5-52	1206-1210	tuus	
5-53	1210-1211	,	
5-54	1212-1214	et	
5-55	1215-1220	juxta	
5-56	1221-1230	præceptum	
5-57	1231-1235	tuum	
5-58	1236-1240	feci	
5-59	1241-1246	omnia	
5-60	1247-1252	verba	
5-61	1253-1256	hæc	
5-62	1256-1257	.	
5-63	1258-1260	37	
5-64	1261-1267	Exaudi	
5-65	1268-1270	me	
5-66	1270-1271	,	
5-67	1272-1278	Domine	
5-68	1278-1279	,	
5-69	1280-1286	exaudi	
5-70	1287-1289	me	
5-71	1290-1291	:	
5-72	1292-1294	ut	
5-73	1295-1301	discat	
5-74	1302-1309	populus	
5-75	1310-1314	iste	
5-76	1315-1319	quia	
5-77	1320-1322	tu	
5-78	1323-1325	es	
5-79	1326-1333	Dominus	
5-80	1334-1338	Deus	
5-81	1338-1339	,	
5-82	1340-1342	et	
5-83	1343-1345	tu	
5-84	1346-1357	convertisti	
5-85	1358-1361	cor	
5-86	1362-1367	eorum	
5-87	1368-1374	iterum	
5-88	1374-1375	.	
5-89	1376-1378	38	
5-90	1379-1386	Cecidit	
5-91	1387-1392	autem	
5-92	1393-1398	ignis	
5-93	1399-1405	Domini	
5-94	1405-1406	,	
5-95	1407-1409	et	
5-96	1410-1417	voravit	
5-97	1418-1429	holocaustum	
5-98	1429-1430	,	
5-99	1431-1433	et	
5-100	1434-1439	ligna	
5-101	1439-1440	,	
5-102	1441-1443	et	
5-103	1444-1451	lapides	
5-104	1451-1452	,	
5-105	1453-1461	pulverem	
5-106	1462-1468	quoque	
5-107	1468-1469	,	
5-108	1470-1472	et	
5-109	1473-1478	aquam	
5-110	1479-1482	quæ	
5-111	1483-1487	erat	
5-112	1488-1490	in	
5-113	1491-1500	aquæductu	
5-114	1501-1508	lambens	
5-115	1508-1509	.	
5-116	1510-1512	39	
5-117	1513-1517	Quod	
5-118	1518-1521	cum	
5-119	1522-1530	vidisset	
5-120	1531-1536	omnis	
5-121	1537-1544	populus	
5-122	1544-1545	,	
5-123	1546-1553	cecidit	
5-124	1554-1556	in	
5-125	1557-1563	faciem	
5-126	1564-1568	suam	
5-127	1568-1569	,	
5-128	1570-1572	et	
5-129	1573-1576	ait	
5-130	1577-1578	:	
5-131	1579-1586	Dominus	
5-132	1587-1591	ipse	
5-133	1592-1595	est	
5-134	1596-1600	Deus	
5-135	1600-1601	,	
5-136	1602-1609	Dominus	
5-137	1610-1614	ipse	
5-138	1615-1618	est	
5-139	1619-1623	Deus	
5-140	1623-1624	.	
5-141	1625-1627	40	
5-142	1628-1636	Dixitque	
5-143	1637-1642	Elias	
5-144	1643-1645	ad	
5-145	1646-1649	eos	
5-146	1650-1651	:	
5-147	1652-1664	Apprehendite	
5-148	1665-1674	prophetas	
5-149	1675-1679	Baal	
5-150	1679-1680	,	
5-151	1681-1683	et	
5-152	1684-1686	ne	
5-153	1687-1691	unus	
5-154	1692-1698	quidem	
5-155	1699-1707	effugiat	
5-156	1708-1710	ex	
5-157	1711-1714	eis	
5-158	1714-1715	.	

#Text=Quos cum apprehendissent, duxit eos Elias ad torrentem Cison, et interfecit eos ibi.
#Text=41 Et ait Elias ad Achab : Ascende, comede, et bibe, quia sonus multæ pluviæ est.
#Text=42 Ascendit Achab ut comederet et biberet : Elias autem ascendit in verticem Carmeli, et pronus in terram posuit faciem suam inter genua sua, 43 et dixit ad puerum suum : Ascende, et prospice contra mare.
6-1	1716-1720	Quos	
6-2	1721-1724	cum	
6-3	1725-1740	apprehendissent	
6-4	1740-1741	,	
6-5	1742-1747	duxit	
6-6	1748-1751	eos	
6-7	1752-1757	Elias	
6-8	1758-1760	ad	
6-9	1761-1770	torrentem	
6-10	1771-1776	Cison	
6-11	1776-1777	,	
6-12	1778-1780	et	
6-13	1781-1791	interfecit	
6-14	1792-1795	eos	
6-15	1796-1799	ibi	
6-16	1799-1800	.	
6-17	1801-1803	41	
6-18	1804-1806	Et	
6-19	1807-1810	ait	
6-20	1811-1816	Elias	
6-21	1817-1819	ad	
6-22	1820-1825	Achab	
6-23	1826-1827	:	
6-24	1828-1835	Ascende	
6-25	1835-1836	,	
6-26	1837-1843	comede	
6-27	1843-1844	,	
6-28	1845-1847	et	
6-29	1848-1852	bibe	
6-30	1852-1853	,	
6-31	1854-1858	quia	
6-32	1859-1864	sonus	
6-33	1865-1870	multæ	
6-34	1871-1877	pluviæ	
6-35	1878-1881	est	
6-36	1881-1882	.	
6-37	1883-1885	42	
6-38	1886-1894	Ascendit	
6-39	1895-1900	Achab	
6-40	1901-1903	ut	
6-41	1904-1913	comederet	
6-42	1914-1916	et	
6-43	1917-1924	biberet	
6-44	1925-1926	:	
6-45	1927-1932	Elias	
6-46	1933-1938	autem	
6-47	1939-1947	ascendit	
6-48	1948-1950	in	
6-49	1951-1959	verticem	
6-50	1960-1967	Carmeli	
6-51	1967-1968	,	
6-52	1969-1971	et	
6-53	1972-1978	pronus	
6-54	1979-1981	in	
6-55	1982-1988	terram	
6-56	1989-1995	posuit	
6-57	1996-2002	faciem	
6-58	2003-2007	suam	
6-59	2008-2013	inter	
6-60	2014-2019	genua	
6-61	2020-2023	sua	
6-62	2023-2024	,	
6-63	2025-2027	43	
6-64	2028-2030	et	
6-65	2031-2036	dixit	
6-66	2037-2039	ad	
6-67	2040-2046	puerum	
6-68	2047-2051	suum	
6-69	2052-2053	:	
6-70	2054-2061	Ascende	
6-71	2061-2062	,	
6-72	2063-2065	et	
6-73	2066-2074	prospice	
6-74	2075-2081	contra	
6-75	2082-2086	mare	
6-76	2086-2087	.	

#Text=Qui cum ascendisset, et contemplatus esset, ait : Non est quidquam.
7-1	2088-2091	Qui	
7-2	2092-2095	cum	
7-3	2096-2107	ascendisset	
7-4	2107-2108	,	
7-5	2109-2111	et	
7-6	2112-2124	contemplatus	
7-7	2125-2130	esset	
7-8	2130-2131	,	
7-9	2132-2135	ait	
7-10	2136-2137	:	
7-11	2138-2141	Non	
7-12	2142-2145	est	
7-13	2146-2154	quidquam	
7-14	2154-2155	.	

#Text=Et rursum ait illi : Revertere septem vicibus.
#Text=44 In septima autem vice, ecce nubecula parva quasi vestigium hominis ascendebat de mari.
8-1	2156-2158	Et	
8-2	2159-2165	rursum	
8-3	2166-2169	ait	
8-4	2170-2174	illi	
8-5	2175-2176	:	
8-6	2177-2186	Revertere	
8-7	2187-2193	septem	
8-8	2194-2201	vicibus	
8-9	2201-2202	.	
8-10	2203-2205	44	
8-11	2206-2208	In	
8-12	2209-2216	septima	
8-13	2217-2222	autem	
8-14	2223-2227	vice	
8-15	2227-2228	,	
8-16	2229-2233	ecce	
8-17	2234-2242	nubecula	
8-18	2243-2248	parva	
8-19	2249-2254	quasi	
8-20	2255-2264	vestigium	
8-21	2265-2272	hominis	
8-22	2273-2283	ascendebat	
8-23	2284-2286	de	
8-24	2287-2291	mari	
8-25	2291-2292	.	

#Text=Qui ait : Ascende, et dic Achab : Junge currum tuum et descende, ne occupet te pluvia.
9-1	2293-2296	Qui	
9-2	2297-2300	ait	
9-3	2301-2302	:	
9-4	2303-2310	Ascende	
9-5	2310-2311	,	
9-6	2312-2314	et	
9-7	2315-2318	dic	
9-8	2319-2324	Achab	
9-9	2325-2326	:	
9-10	2327-2332	Junge	
9-11	2333-2339	currum	
9-12	2340-2344	tuum	
9-13	2345-2347	et	
9-14	2348-2356	descende	
9-15	2356-2357	,	
9-16	2358-2360	ne	
9-17	2361-2368	occupet	
9-18	2369-2371	te	
9-19	2372-2378	pluvia	
9-20	2378-2379	.	
