{"_context" : {
    "_types" : {
      "DocumentMetaData" : {
        "_feature_types" : {"sofa" : "_ref" } }, 
      "Relation" : {
        "_feature_types" : {"sofa" : "_ref",  "Dependent" : "_ref",  "Governor" : "_ref" } }, 
      "Sentence" : {
        "_feature_types" : {"sofa" : "_ref" } }, 
      "Sofa" : {
        "_feature_types" : {"sofaArray" : "_ref" } }, 
      "Span" : {
        "_feature_types" : {"sofa" : "_ref" } }, 
      "TagsetDescription" : {
        "_feature_types" : {"sofa" : "_ref",  "tags" : "_ref" } }, 
      "Token" : {
        "_feature_types" : {"sofa" : "_ref",  "parent" : "_ref",  "lemma" : "_ref",  "stem" : "_ref",  "pos" : "_ref",  "morph" : "_ref",  "form" : "_ref" } }, 
      "DocumentAnnotation" : {
        "_feature_types" : {"sofa" : "_ref" }, 
        "_subtypes" : ["DocumentMetaData" ] }, 
      "Annotation" : {
        "_feature_types" : {"sofa" : "_ref" }, 
        "_subtypes" : ["DocumentAnnotation",  "Relation",  "Sentence",  "Span",  "TagsetDescription",  "Token" ] }, 
      "AnnotationBase" : {
        "_feature_types" : {"sofa" : "_ref" }, 
        "_subtypes" : ["Annotation" ] }, 
      "TOP" : {
        "_subtypes" : ["AnnotationBase",  "Sofa" ] } } }, 
  "_views" : {
    "_InitialView" : {
      "Relation" : [
        {"sofa" : 1,  "begin" : 26,  "end" : 32,  "Dependent" : 8822,  "Governor" : 8827 }, 
        {"sofa" : 1,  "begin" : 26,  "end" : 32,  "Dependent" : 8822,  "Governor" : 8839 }, 
        {"sofa" : 1,  "begin" : 26,  "end" : 32,  "Dependent" : 8822,  "Governor" : 8844 }, 
        {"sofa" : 1,  "begin" : 26,  "end" : 32,  "Dependent" : 8822,  "Governor" : 8863 }, 
        {"sofa" : 1,  "begin" : 578,  "end" : 589,  "Dependent" : 8875,  "Governor" : 8880 }, 
        {"sofa" : 1,  "begin" : 578,  "end" : 589,  "Dependent" : 8875,  "Governor" : 8892 }, 
        {"sofa" : 1,  "begin" : 578,  "end" : 589,  "Dependent" : 8875,  "Governor" : 8914 }, 
        {"sofa" : 1,  "begin" : 578,  "end" : 589,  "Dependent" : 8875,  "Governor" : 8909 }, 
        {"sofa" : 1,  "begin" : 578,  "end" : 589,  "Dependent" : 8875,  "Governor" : 8904 }, 
        {"sofa" : 1,  "begin" : 635,  "end" : 641,  "Dependent" : 8940,  "Governor" : 8945 }, 
        {"sofa" : 1,  "begin" : 635,  "end" : 641,  "Dependent" : 8940,  "Governor" : 8957 }, 
        {"sofa" : 1,  "begin" : 635,  "end" : 641,  "Dependent" : 8940,  "Governor" : 8969 }, 
        {"sofa" : 1,  "begin" : 635,  "end" : 641,  "Dependent" : 8940,  "Governor" : 8998 }, 
        {"sofa" : 1,  "begin" : 1358,  "end" : 1363,  "Dependent" : 8981,  "Governor" : 8986 }, 
        {"sofa" : 1,  "begin" : 1358,  "end" : 1363,  "Dependent" : 8981,  "Governor" : 9010 }, 
        {"sofa" : 1,  "begin" : 1358,  "end" : 1363,  "Dependent" : 8981,  "Governor" : 9022 }, 
        {"sofa" : 1,  "begin" : 1358,  "end" : 1363,  "Dependent" : 8981,  "Governor" : 9034 }, 
        {"sofa" : 1,  "begin" : 1769,  "end" : 1774,  "Dependent" : 9046,  "Governor" : 9056 }, 
        {"sofa" : 1,  "begin" : 1769,  "end" : 1774,  "Dependent" : 9046,  "Governor" : 9051 }, 
        {"sofa" : 1,  "begin" : 1769,  "end" : 1774,  "Dependent" : 9046,  "Governor" : 9075 }, 
        {"sofa" : 1,  "begin" : 1976,  "end" : 1982,  "Dependent" : 9087,  "Governor" : 9092 }, 
        {"sofa" : 1,  "begin" : 1976,  "end" : 1982,  "Dependent" : 9087,  "Governor" : 9097 }, 
        {"sofa" : 1,  "begin" : 1984,  "end" : 1988,  "Dependent" : 9186,  "Governor" : 9097,  "label" : "Anaphoric" }, 
        {"sofa" : 1,  "begin" : 2040,  "end" : 2046,  "Dependent" : 9169,  "Governor" : 9174 }, 
        {"sofa" : 1,  "begin" : 2040,  "end" : 2046,  "Dependent" : 9169,  "Governor" : 9186 }, 
        {"sofa" : 1,  "begin" : 2040,  "end" : 2046,  "Dependent" : 9169,  "Governor" : 9198 }, 
        {"sofa" : 1,  "begin" : 2095,  "end" : 2100,  "Dependent" : 9116,  "Governor" : 9121 }, 
        {"sofa" : 1,  "begin" : 2095,  "end" : 2100,  "Dependent" : 9116,  "Governor" : 9143 }, 
        {"sofa" : 1,  "begin" : 2095,  "end" : 2100,  "Dependent" : 9116,  "Governor" : 9138 }, 
        {"sofa" : 1,  "begin" : 2095,  "end" : 2100,  "Dependent" : 9116,  "Governor" : 9126 }, 
        {"sofa" : 1,  "begin" : 2963,  "end" : 2968,  "Dependent" : 9234,  "Governor" : 9239,  "label" : "Anaphoric" }, 
        {"sofa" : 1,  "begin" : 2979,  "end" : 2984,  "Dependent" : 9217,  "Governor" : 9222 }, 
        {"sofa" : 1,  "begin" : 2979,  "end" : 2984,  "Dependent" : 9217,  "Governor" : 9234 }, 
        {"sofa" : 1,  "begin" : 2979,  "end" : 2984,  "Dependent" : 9217,  "Governor" : 9258 }, 
        {"sofa" : 1,  "begin" : 2979,  "end" : 2984,  "Dependent" : 9217,  "Governor" : 9270 }, 
        {"sofa" : 1,  "begin" : 3311,  "end" : 3317,  "Dependent" : 9282,  "Governor" : 9287 }, 
        {"sofa" : 1,  "begin" : 3311,  "end" : 3317,  "Dependent" : 9282,  "Governor" : 9299 }, 
        {"sofa" : 1,  "begin" : 3311,  "end" : 3317,  "Dependent" : 9282,  "Governor" : 9311 }, 
        {"sofa" : 1,  "begin" : 3311,  "end" : 3317,  "Dependent" : 9282,  "Governor" : 9323 } ], 
      "Span" : [8827,  8822,  8839,  8844,  8863,  8892,  8904,  8909,  8914,  8875,  8880,  8940,  8945,  8957,  8969,  8998,  9010,  8981,  8986,  9022,  9034,  9075,  9051,  9056,  9046,  9097,  9092,  9087,  9186,  9198,  9169,  9174,  9116,  9121,  9126,  9138,  9143,  9270,  9258,  9239,  9234,  9222,  9217,  9287,  9299,  9311,  9282,  9323 ], 
      "DocumentMetaData" : [
        {"sofa" : 1,  "end" : 3476,  "language" : "x-unspecified",  "documentTitle" : "041E%20Charles%20Turner%20Thackrah%201831%20The%20effects%20of%20the%20principal%20arts__109_PUB.txt",  "documentId" : "satonelli",  "documentUri" : "file:/home/dhuser/alessio/inception/repository/project/29/document/8687/source/satonelli",  "collectionId" : "file:/home/dhuser/alessio/inception/repository/project/29/document/8687/source/",  "documentBaseUri" : "file:/home/dhuser/alessio/inception/repository/project/29/document/8687/source/",  "isLastSegment" : false } ], 
      "TagsetDescription" : [
        {"sofa" : 1,  "layer" : "webanno.custom.Emotions",  "name" : "Emotion Labels",  "input" : false }, 
        {"sofa" : 1,  "layer" : "custom.Relation",  "name" : "Relation labels",  "input" : false }, 
        {"sofa" : 1,  "layer" : "custom.Span",  "name" : "Smell labels",  "input" : false } ], 
      "Sentence" : [
        {"sofa" : 1,  "end" : 93 }, 
        {"sofa" : 1,  "begin" : 94,  "end" : 140 }, 
        {"sofa" : 1,  "begin" : 141,  "end" : 272 }, 
        {"sofa" : 1,  "begin" : 273,  "end" : 430 }, 
        {"sofa" : 1,  "begin" : 431,  "end" : 510 }, 
        {"sofa" : 1,  "begin" : 512,  "end" : 630 }, 
        {"sofa" : 1,  "begin" : 631,  "end" : 745 }, 
        {"sofa" : 1,  "begin" : 746,  "end" : 898 }, 
        {"sofa" : 1,  "begin" : 899,  "end" : 978 }, 
        {"sofa" : 1,  "begin" : 979,  "end" : 1194 }, 
        {"sofa" : 1,  "begin" : 1195,  "end" : 1315 }, 
        {"sofa" : 1,  "begin" : 1317,  "end" : 1376 }, 
        {"sofa" : 1,  "begin" : 1377,  "end" : 1461 }, 
        {"sofa" : 1,  "begin" : 1462,  "end" : 1534 }, 
        {"sofa" : 1,  "begin" : 1535,  "end" : 1716 }, 
        {"sofa" : 1,  "begin" : 1718,  "end" : 1820 }, 
        {"sofa" : 1,  "begin" : 1821,  "end" : 1919 }, 
        {"sofa" : 1,  "begin" : 1921,  "end" : 1983 }, 
        {"sofa" : 1,  "begin" : 1984,  "end" : 2145 }, 
        {"sofa" : 1,  "begin" : 2146,  "end" : 2190 }, 
        {"sofa" : 1,  "begin" : 2191,  "end" : 2224 }, 
        {"sofa" : 1,  "begin" : 2225,  "end" : 2457 }, 
        {"sofa" : 1,  "begin" : 2458,  "end" : 2573 }, 
        {"sofa" : 1,  "begin" : 2574,  "end" : 2760 }, 
        {"sofa" : 1,  "begin" : 2761,  "end" : 2985 }, 
        {"sofa" : 1,  "begin" : 2986,  "end" : 3203 }, 
        {"sofa" : 1,  "begin" : 3205,  "end" : 3292 }, 
        {"sofa" : 1,  "begin" : 3293,  "end" : 3381 }, 
        {"sofa" : 1,  "begin" : 3382,  "end" : 3475 } ], 
      "Token" : [
        {"sofa" : 1,  "end" : 6 }, 
        {"sofa" : 1,  "begin" : 7,  "end" : 10 }, 
        {"sofa" : 1,  "begin" : 11,  "end" : 19 }, 
        {"sofa" : 1,  "begin" : 20,  "end" : 25 }, 
        {"sofa" : 1,  "begin" : 26,  "end" : 32 }, 
        {"sofa" : 1,  "begin" : 33,  "end" : 34 }, 
        {"sofa" : 1,  "begin" : 35,  "end" : 40 }, 
        {"sofa" : 1,  "begin" : 41,  "end" : 49 }, 
        {"sofa" : 1,  "begin" : 50,  "end" : 52 }, 
        {"sofa" : 1,  "begin" : 53,  "end" : 63 }, 
        {"sofa" : 1,  "begin" : 64,  "end" : 67 }, 
        {"sofa" : 1,  "begin" : 68,  "end" : 77 }, 
        {"sofa" : 1,  "begin" : 78,  "end" : 80 }, 
        {"sofa" : 1,  "begin" : 81,  "end" : 84 }, 
        {"sofa" : 1,  "begin" : 85,  "end" : 92 }, 
        {"sofa" : 1,  "begin" : 92,  "end" : 93 }, 
        {"sofa" : 1,  "begin" : 94,  "end" : 98 }, 
        {"sofa" : 1,  "begin" : 99,  "end" : 106 }, 
        {"sofa" : 1,  "begin" : 107,  "end" : 117 }, 
        {"sofa" : 1,  "begin" : 118,  "end" : 124 }, 
        {"sofa" : 1,  "begin" : 125,  "end" : 129 }, 
        {"sofa" : 1,  "begin" : 130,  "end" : 139 }, 
        {"sofa" : 1,  "begin" : 139,  "end" : 140 }, 
        {"sofa" : 1,  "begin" : 141,  "end" : 145 }, 
        {"sofa" : 1,  "begin" : 146,  "end" : 150 }, 
        {"sofa" : 1,  "begin" : 150,  "end" : 151 }, 
        {"sofa" : 1,  "begin" : 152,  "end" : 160 }, 
        {"sofa" : 1,  "begin" : 160,  "end" : 161 }, 
        {"sofa" : 1,  "begin" : 162,  "end" : 166 }, 
        {"sofa" : 1,  "begin" : 167,  "end" : 170 }, 
        {"sofa" : 1,  "begin" : 171,  "end" : 177 }, 
        {"sofa" : 1,  "begin" : 178,  "end" : 186 }, 
        {"sofa" : 1,  "begin" : 187,  "end" : 195 }, 
        {"sofa" : 1,  "begin" : 196,  "end" : 197 }, 
        {"sofa" : 1,  "begin" : 198,  "end" : 201 }, 
        {"sofa" : 1,  "begin" : 202,  "end" : 204 }, 
        {"sofa" : 1,  "begin" : 205,  "end" : 209 }, 
        {"sofa" : 1,  "begin" : 210,  "end" : 214 }, 
        {"sofa" : 1,  "begin" : 215,  "end" : 216 }, 
        {"sofa" : 1,  "begin" : 217,  "end" : 221 }, 
        {"sofa" : 1,  "begin" : 222,  "end" : 230 }, 
        {"sofa" : 1,  "begin" : 231,  "end" : 235 }, 
        {"sofa" : 1,  "begin" : 235,  "end" : 236 }, 
        {"sofa" : 1,  "begin" : 237,  "end" : 242 }, 
        {"sofa" : 1,  "begin" : 243,  "end" : 245 }, 
        {"sofa" : 1,  "begin" : 246,  "end" : 252 }, 
        {"sofa" : 1,  "begin" : 253,  "end" : 264 }, 
        {"sofa" : 1,  "begin" : 265,  "end" : 271 }, 
        {"sofa" : 1,  "begin" : 271,  "end" : 272 }, 
        {"sofa" : 1,  "begin" : 273,  "end" : 281 }, 
        {"sofa" : 1,  "begin" : 281,  "end" : 282 }, 
        {"sofa" : 1,  "begin" : 283,  "end" : 290 }, 
        {"sofa" : 1,  "begin" : 290,  "end" : 291 }, 
        {"sofa" : 1,  "begin" : 292,  "end" : 295 }, 
        {"sofa" : 1,  "begin" : 296,  "end" : 306 }, 
        {"sofa" : 1,  "begin" : 307,  "end" : 315 }, 
        {"sofa" : 1,  "begin" : 316,  "end" : 318 }, 
        {"sofa" : 1,  "begin" : 319,  "end" : 323 }, 
        {"sofa" : 1,  "begin" : 323,  "end" : 324 }, 
        {"sofa" : 1,  "begin" : 325,  "end" : 328 }, 
        {"sofa" : 1,  "begin" : 329,  "end" : 338 }, 
        {"sofa" : 1,  "begin" : 339,  "end" : 345 }, 
        {"sofa" : 1,  "begin" : 345,  "end" : 346 }, 
        {"sofa" : 1,  "begin" : 348,  "end" : 351 }, 
        {"sofa" : 1,  "begin" : 352,  "end" : 358 }, 
        {"sofa" : 1,  "begin" : 359,  "end" : 364 }, 
        {"sofa" : 1,  "begin" : 365,  "end" : 375 }, 
        {"sofa" : 1,  "begin" : 376,  "end" : 377 }, 
        {"sofa" : 1,  "begin" : 377,  "end" : 381 }, 
        {"sofa" : 1,  "begin" : 382,  "end" : 389 }, 
        {"sofa" : 1,  "begin" : 389,  "end" : 390 }, 
        {"sofa" : 1,  "begin" : 391,  "end" : 393 }, 
        {"sofa" : 1,  "begin" : 394,  "end" : 397 }, 
        {"sofa" : 1,  "begin" : 398,  "end" : 405 }, 
        {"sofa" : 1,  "begin" : 406,  "end" : 408 }, 
        {"sofa" : 1,  "begin" : 409,  "end" : 412 }, 
        {"sofa" : 1,  "begin" : 413,  "end" : 420 }, 
        {"sofa" : 1,  "begin" : 421,  "end" : 424 }, 
        {"sofa" : 1,  "begin" : 425,  "end" : 429 }, 
        {"sofa" : 1,  "begin" : 429,  "end" : 430 }, 
        {"sofa" : 1,  "begin" : 431,  "end" : 436 }, 
        {"sofa" : 1,  "begin" : 437,  "end" : 442 }, 
        {"sofa" : 1,  "begin" : 443,  "end" : 452 }, 
        {"sofa" : 1,  "begin" : 453,  "end" : 460 }, 
        {"sofa" : 1,  "begin" : 461,  "end" : 465 }, 
        {"sofa" : 1,  "begin" : 466,  "end" : 469 }, 
        {"sofa" : 1,  "begin" : 470,  "end" : 473 }, 
        {"sofa" : 1,  "begin" : 474,  "end" : 477 }, 
        {"sofa" : 1,  "begin" : 478,  "end" : 485 }, 
        {"sofa" : 1,  "begin" : 486,  "end" : 490 }, 
        {"sofa" : 1,  "begin" : 491,  "end" : 495 }, 
        {"sofa" : 1,  "begin" : 496,  "end" : 498 }, 
        {"sofa" : 1,  "begin" : 499,  "end" : 509 }, 
        {"sofa" : 1,  "begin" : 509,  "end" : 510 }, 
        {"sofa" : 1,  "begin" : 512,  "end" : 516 }, 
        {"sofa" : 1,  "begin" : 517,  "end" : 520 }, 
        {"sofa" : 1,  "begin" : 521,  "end" : 525 }, 
        {"sofa" : 1,  "begin" : 526,  "end" : 533 }, 
        {"sofa" : 1,  "begin" : 534,  "end" : 537 }, 
        {"sofa" : 1,  "begin" : 538,  "end" : 545 }, 
        {"sofa" : 1,  "begin" : 546,  "end" : 548 }, 
        {"sofa" : 1,  "begin" : 549,  "end" : 555 }, 
        {"sofa" : 1,  "begin" : 556,  "end" : 562 }, 
        {"sofa" : 1,  "begin" : 563,  "end" : 566 }, 
        {"sofa" : 1,  "begin" : 567,  "end" : 577 }, 
        {"sofa" : 1,  "begin" : 578,  "end" : 589 }, 
        {"sofa" : 1,  "begin" : 590,  "end" : 594 }, 
        {"sofa" : 1,  "begin" : 595,  "end" : 598 }, 
        {"sofa" : 1,  "begin" : 599,  "end" : 612 }, 
        {"sofa" : 1,  "begin" : 613,  "end" : 615 }, 
        {"sofa" : 1,  "begin" : 616,  "end" : 622 }, 
        {"sofa" : 1,  "begin" : 623,  "end" : 629 }, 
        {"sofa" : 1,  "begin" : 629,  "end" : 630 }, 
        {"sofa" : 1,  "begin" : 631,  "end" : 634 }, 
        {"sofa" : 1,  "begin" : 635,  "end" : 641 }, 
        {"sofa" : 1,  "begin" : 642,  "end" : 644 }, 
        {"sofa" : 1,  "begin" : 645,  "end" : 648 }, 
        {"sofa" : 1,  "begin" : 649,  "end" : 656 }, 
        {"sofa" : 1,  "begin" : 657,  "end" : 660 }, 
        {"sofa" : 1,  "begin" : 661,  "end" : 667 }, 
        {"sofa" : 1,  "begin" : 668,  "end" : 673 }, 
        {"sofa" : 1,  "begin" : 674,  "end" : 676 }, 
        {"sofa" : 1,  "begin" : 677,  "end" : 683 }, 
        {"sofa" : 1,  "begin" : 684,  "end" : 688 }, 
        {"sofa" : 1,  "begin" : 689,  "end" : 694 }, 
        {"sofa" : 1,  "begin" : 695,  "end" : 697 }, 
        {"sofa" : 1,  "begin" : 698,  "end" : 700 }, 
        {"sofa" : 1,  "begin" : 701,  "end" : 707 }, 
        {"sofa" : 1,  "begin" : 708,  "end" : 717 }, 
        {"sofa" : 1,  "begin" : 717,  "end" : 718 }, 
        {"sofa" : 1,  "begin" : 719,  "end" : 723 }, 
        {"sofa" : 1,  "begin" : 724,  "end" : 726 }, 
        {"sofa" : 1,  "begin" : 727,  "end" : 730 }, 
        {"sofa" : 1,  "begin" : 731,  "end" : 744 }, 
        {"sofa" : 1,  "begin" : 744,  "end" : 745 }, 
        {"sofa" : 1,  "begin" : 746,  "end" : 749 }, 
        {"sofa" : 1,  "begin" : 750,  "end" : 753 }, 
        {"sofa" : 1,  "begin" : 754,  "end" : 757 }, 
        {"sofa" : 1,  "begin" : 758,  "end" : 765 }, 
        {"sofa" : 1,  "begin" : 766,  "end" : 768 }, 
        {"sofa" : 1,  "begin" : 769,  "end" : 775 }, 
        {"sofa" : 1,  "begin" : 776,  "end" : 780 }, 
        {"sofa" : 1,  "begin" : 781,  "end" : 785 }, 
        {"sofa" : 1,  "begin" : 786,  "end" : 790 }, 
        {"sofa" : 1,  "begin" : 791,  "end" : 792 }, 
        {"sofa" : 1,  "begin" : 793,  "end" : 796 }, 
        {"sofa" : 1,  "begin" : 796,  "end" : 797 }, 
        {"sofa" : 1,  "begin" : 798,  "end" : 802 }, 
        {"sofa" : 1,  "begin" : 803,  "end" : 809 }, 
        {"sofa" : 1,  "begin" : 809,  "end" : 810 }, 
        {"sofa" : 1,  "begin" : 811,  "end" : 815 }, 
        {"sofa" : 1,  "begin" : 816,  "end" : 818 }, 
        {"sofa" : 1,  "begin" : 819,  "end" : 827 }, 
        {"sofa" : 1,  "begin" : 828,  "end" : 832 }, 
        {"sofa" : 1,  "begin" : 833,  "end" : 839 }, 
        {"sofa" : 1,  "begin" : 839,  "end" : 840 }, 
        {"sofa" : 1,  "begin" : 841,  "end" : 845 }, 
        {"sofa" : 1,  "begin" : 846,  "end" : 857 }, 
        {"sofa" : 1,  "begin" : 858,  "end" : 859 }, 
        {"sofa" : 1,  "begin" : 860,  "end" : 865 }, 
        {"sofa" : 1,  "begin" : 866,  "end" : 874 }, 
        {"sofa" : 1,  "begin" : 875,  "end" : 877 }, 
        {"sofa" : 1,  "begin" : 878,  "end" : 886 }, 
        {"sofa" : 1,  "begin" : 887,  "end" : 890 }, 
        {"sofa" : 1,  "begin" : 891,  "end" : 897 }, 
        {"sofa" : 1,  "begin" : 897,  "end" : 898 }, 
        {"sofa" : 1,  "begin" : 899,  "end" : 902 }, 
        {"sofa" : 1,  "begin" : 903,  "end" : 906 }, 
        {"sofa" : 1,  "begin" : 907,  "end" : 911 }, 
        {"sofa" : 1,  "begin" : 912,  "end" : 915 }, 
        {"sofa" : 1,  "begin" : 916,  "end" : 920 }, 
        {"sofa" : 1,  "begin" : 921,  "end" : 928 }, 
        {"sofa" : 1,  "begin" : 929,  "end" : 931 }, 
        {"sofa" : 1,  "begin" : 932,  "end" : 935 }, 
        {"sofa" : 1,  "begin" : 935,  "end" : 936 }, 
        {"sofa" : 1,  "begin" : 937,  "end" : 941 }, 
        {"sofa" : 1,  "begin" : 942,  "end" : 952 }, 
        {"sofa" : 1,  "begin" : 953,  "end" : 966 }, 
        {"sofa" : 1,  "begin" : 967,  "end" : 970 }, 
        {"sofa" : 1,  "begin" : 971,  "end" : 977 }, 
        {"sofa" : 1,  "begin" : 977,  "end" : 978 }, 
        {"sofa" : 1,  "begin" : 979,  "end" : 985 }, 
        {"sofa" : 1,  "begin" : 986,  "end" : 993 }, 
        {"sofa" : 1,  "begin" : 994,  "end" : 996 }, 
        {"sofa" : 1,  "begin" : 997,  "end" : 1005 }, 
        {"sofa" : 1,  "begin" : 1006,  "end" : 1009 }, 
        {"sofa" : 1,  "begin" : 1010,  "end" : 1022 }, 
        {"sofa" : 1,  "begin" : 1023,  "end" : 1030 }, 
        {"sofa" : 1,  "begin" : 1031,  "end" : 1033 }, 
        {"sofa" : 1,  "begin" : 1034,  "end" : 1045 }, 
        {"sofa" : 1,  "begin" : 1045,  "end" : 1046 }, 
        {"sofa" : 1,  "begin" : 1047,  "end" : 1049 }, 
        {"sofa" : 1,  "begin" : 1050,  "end" : 1056 }, 
        {"sofa" : 1,  "begin" : 1057,  "end" : 1064 }, 
        {"sofa" : 1,  "begin" : 1065,  "end" : 1069 }, 
        {"sofa" : 1,  "begin" : 1070,  "end" : 1074 }, 
        {"sofa" : 1,  "begin" : 1075,  "end" : 1077 }, 
        {"sofa" : 1,  "begin" : 1078,  "end" : 1088 }, 
        {"sofa" : 1,  "begin" : 1089,  "end" : 1091 }, 
        {"sofa" : 1,  "begin" : 1092,  "end" : 1095 }, 
        {"sofa" : 1,  "begin" : 1096,  "end" : 1102 }, 
        {"sofa" : 1,  "begin" : 1103,  "end" : 1105 }, 
        {"sofa" : 1,  "begin" : 1106,  "end" : 1109 }, 
        {"sofa" : 1,  "begin" : 1110,  "end" : 1113 }, 
        {"sofa" : 1,  "begin" : 1114,  "end" : 1118 }, 
        {"sofa" : 1,  "begin" : 1119,  "end" : 1122 }, 
        {"sofa" : 1,  "begin" : 1122,  "end" : 1123 }, 
        {"sofa" : 1,  "begin" : 1124,  "end" : 1128 }, 
        {"sofa" : 1,  "begin" : 1129,  "end" : 1132 }, 
        {"sofa" : 1,  "begin" : 1133,  "end" : 1136 }, 
        {"sofa" : 1,  "begin" : 1137,  "end" : 1144 }, 
        {"sofa" : 1,  "begin" : 1145,  "end" : 1147 }, 
        {"sofa" : 1,  "begin" : 1148,  "end" : 1158 }, 
        {"sofa" : 1,  "begin" : 1158,  "end" : 1159 }, 
        {"sofa" : 1,  "begin" : 1160,  "end" : 1169 }, 
        {"sofa" : 1,  "begin" : 1170,  "end" : 1182 }, 
        {"sofa" : 1,  "begin" : 1183,  "end" : 1185 }, 
        {"sofa" : 1,  "begin" : 1186,  "end" : 1193 }, 
        {"sofa" : 1,  "begin" : 1193,  "end" : 1194 }, 
        {"sofa" : 1,  "begin" : 1195,  "end" : 1198 }, 
        {"sofa" : 1,  "begin" : 1199,  "end" : 1203 }, 
        {"sofa" : 1,  "begin" : 1204,  "end" : 1214 }, 
        {"sofa" : 1,  "begin" : 1215,  "end" : 1217 }, 
        {"sofa" : 1,  "begin" : 1218,  "end" : 1223 }, 
        {"sofa" : 1,  "begin" : 1224,  "end" : 1228 }, 
        {"sofa" : 1,  "begin" : 1229,  "end" : 1231 }, 
        {"sofa" : 1,  "begin" : 1231,  "end" : 1232 }, 
        {"sofa" : 1,  "begin" : 1233,  "end" : 1237 }, 
        {"sofa" : 1,  "begin" : 1238,  "end" : 1248 }, 
        {"sofa" : 1,  "begin" : 1249,  "end" : 1254 }, 
        {"sofa" : 1,  "begin" : 1255,  "end" : 1257 }, 
        {"sofa" : 1,  "begin" : 1258,  "end" : 1261 }, 
        {"sofa" : 1,  "begin" : 1262,  "end" : 1267 }, 
        {"sofa" : 1,  "begin" : 1268,  "end" : 1271 }, 
        {"sofa" : 1,  "begin" : 1272,  "end" : 1276 }, 
        {"sofa" : 1,  "begin" : 1276,  "end" : 1277 }, 
        {"sofa" : 1,  "begin" : 1278,  "end" : 1290 }, 
        {"sofa" : 1,  "begin" : 1291,  "end" : 1293 }, 
        {"sofa" : 1,  "begin" : 1294,  "end" : 1301 }, 
        {"sofa" : 1,  "begin" : 1302,  "end" : 1305 }, 
        {"sofa" : 1,  "begin" : 1306,  "end" : 1314 }, 
        {"sofa" : 1,  "begin" : 1314,  "end" : 1315 }, 
        {"sofa" : 1,  "begin" : 1317,  "end" : 1324 }, 
        {"sofa" : 1,  "begin" : 1325,  "end" : 1338 }, 
        {"sofa" : 1,  "begin" : 1339,  "end" : 1342 }, 
        {"sofa" : 1,  "begin" : 1343,  "end" : 1350 }, 
        {"sofa" : 1,  "begin" : 1351,  "end" : 1353 }, 
        {"sofa" : 1,  "begin" : 1354,  "end" : 1357 }, 
        {"sofa" : 1,  "begin" : 1358,  "end" : 1363 }, 
        {"sofa" : 1,  "begin" : 1364,  "end" : 1366 }, 
        {"sofa" : 1,  "begin" : 1367,  "end" : 1370 }, 
        {"sofa" : 1,  "begin" : 1371,  "end" : 1375 }, 
        {"sofa" : 1,  "begin" : 1375,  "end" : 1376 }, 
        {"sofa" : 1,  "begin" : 1377,  "end" : 1381 }, 
        {"sofa" : 1,  "begin" : 1382,  "end" : 1384 }, 
        {"sofa" : 1,  "begin" : 1385,  "end" : 1389 }, 
        {"sofa" : 1,  "begin" : 1390,  "end" : 1395 }, 
        {"sofa" : 1,  "begin" : 1396,  "end" : 1398 }, 
        {"sofa" : 1,  "begin" : 1399,  "end" : 1401 }, 
        {"sofa" : 1,  "begin" : 1402,  "end" : 1404 }, 
        {"sofa" : 1,  "begin" : 1405,  "end" : 1410 }, 
        {"sofa" : 1,  "begin" : 1411,  "end" : 1413 }, 
        {"sofa" : 1,  "begin" : 1414,  "end" : 1416 }, 
        {"sofa" : 1,  "begin" : 1417,  "end" : 1423 }, 
        {"sofa" : 1,  "begin" : 1424,  "end" : 1427 }, 
        {"sofa" : 1,  "begin" : 1428,  "end" : 1441 }, 
        {"sofa" : 1,  "begin" : 1442,  "end" : 1444 }, 
        {"sofa" : 1,  "begin" : 1445,  "end" : 1448 }, 
        {"sofa" : 1,  "begin" : 1449,  "end" : 1460 }, 
        {"sofa" : 1,  "begin" : 1460,  "end" : 1461 }, 
        {"sofa" : 1,  "begin" : 1462,  "end" : 1465 }, 
        {"sofa" : 1,  "begin" : 1466,  "end" : 1469 }, 
        {"sofa" : 1,  "begin" : 1470,  "end" : 1473 }, 
        {"sofa" : 1,  "begin" : 1474,  "end" : 1478 }, 
        {"sofa" : 1,  "begin" : 1479,  "end" : 1481 }, 
        {"sofa" : 1,  "begin" : 1482,  "end" : 1491 }, 
        {"sofa" : 1,  "begin" : 1492,  "end" : 1494 }, 
        {"sofa" : 1,  "begin" : 1495,  "end" : 1498 }, 
        {"sofa" : 1,  "begin" : 1499,  "end" : 1505 }, 
        {"sofa" : 1,  "begin" : 1505,  "end" : 1506 }, 
        {"sofa" : 1,  "begin" : 1507,  "end" : 1510 }, 
        {"sofa" : 1,  "begin" : 1511,  "end" : 1516 }, 
        {"sofa" : 1,  "begin" : 1517,  "end" : 1529 }, 
        {"sofa" : 1,  "begin" : 1530,  "end" : 1533 }, 
        {"sofa" : 1,  "begin" : 1533,  "end" : 1534 }, 
        {"sofa" : 1,  "begin" : 1535,  "end" : 1537 }, 
        {"sofa" : 1,  "begin" : 1538,  "end" : 1541 }, 
        {"sofa" : 1,  "begin" : 1542,  "end" : 1547 }, 
        {"sofa" : 1,  "begin" : 1548,  "end" : 1551 }, 
        {"sofa" : 1,  "begin" : 1552,  "end" : 1560 }, 
        {"sofa" : 1,  "begin" : 1561,  "end" : 1563 }, 
        {"sofa" : 1,  "begin" : 1564,  "end" : 1567 }, 
        {"sofa" : 1,  "begin" : 1568,  "end" : 1581 }, 
        {"sofa" : 1,  "begin" : 1581,  "end" : 1582 }, 
        {"sofa" : 1,  "begin" : 1583,  "end" : 1585 }, 
        {"sofa" : 1,  "begin" : 1586,  "end" : 1596 }, 
        {"sofa" : 1,  "begin" : 1596,  "end" : 1597 }, 
        {"sofa" : 1,  "begin" : 1598,  "end" : 1601 }, 
        {"sofa" : 1,  "begin" : 1602,  "end" : 1604 }, 
        {"sofa" : 1,  "begin" : 1605,  "end" : 1607 }, 
        {"sofa" : 1,  "begin" : 1607,  "end" : 1608 }, 
        {"sofa" : 1,  "begin" : 1609,  "end" : 1616 }, 
        {"sofa" : 1,  "begin" : 1617,  "end" : 1619 }, 
        {"sofa" : 1,  "begin" : 1619,  "end" : 1620 }, 
        {"sofa" : 1,  "begin" : 1621,  "end" : 1622 }, 
        {"sofa" : 1,  "begin" : 1623,  "end" : 1628 }, 
        {"sofa" : 1,  "begin" : 1629,  "end" : 1631 }, 
        {"sofa" : 1,  "begin" : 1631,  "end" : 1632 }, 
        {"sofa" : 1,  "begin" : 1633,  "end" : 1636 }, 
        {"sofa" : 1,  "begin" : 1637,  "end" : 1640 }, 
        {"sofa" : 1,  "begin" : 1641,  "end" : 1647 }, 
        {"sofa" : 1,  "begin" : 1648,  "end" : 1650 }, 
        {"sofa" : 1,  "begin" : 1650,  "end" : 1651 }, 
        {"sofa" : 1,  "begin" : 1652,  "end" : 1655 }, 
        {"sofa" : 1,  "begin" : 1656,  "end" : 1661 }, 
        {"sofa" : 1,  "begin" : 1662,  "end" : 1673 }, 
        {"sofa" : 1,  "begin" : 1674,  "end" : 1678 }, 
        {"sofa" : 1,  "begin" : 1679,  "end" : 1683 }, 
        {"sofa" : 1,  "begin" : 1684,  "end" : 1686 }, 
        {"sofa" : 1,  "begin" : 1687,  "end" : 1690 }, 
        {"sofa" : 1,  "begin" : 1691,  "end" : 1697 }, 
        {"sofa" : 1,  "begin" : 1698,  "end" : 1702 }, 
        {"sofa" : 1,  "begin" : 1703,  "end" : 1705 }, 
        {"sofa" : 1,  "begin" : 1706,  "end" : 1711 }, 
        {"sofa" : 1,  "begin" : 1712,  "end" : 1715 }, 
        {"sofa" : 1,  "begin" : 1715,  "end" : 1716 }, 
        {"sofa" : 1,  "begin" : 1718,  "end" : 1734 }, 
        {"sofa" : 1,  "begin" : 1734,  "end" : 1735 }, 
        {"sofa" : 1,  "begin" : 1736,  "end" : 1745 }, 
        {"sofa" : 1,  "begin" : 1746,  "end" : 1748 }, 
        {"sofa" : 1,  "begin" : 1749,  "end" : 1751 }, 
        {"sofa" : 1,  "begin" : 1752,  "end" : 1761 }, 
        {"sofa" : 1,  "begin" : 1762,  "end" : 1768 }, 
        {"sofa" : 1,  "begin" : 1769,  "end" : 1774 }, 
        {"sofa" : 1,  "begin" : 1774,  "end" : 1775 }, 
        {"sofa" : 1,  "begin" : 1776,  "end" : 1781 }, 
        {"sofa" : 1,  "begin" : 1782,  "end" : 1788 }, 
        {"sofa" : 1,  "begin" : 1788,  "end" : 1789 }, 
        {"sofa" : 1,  "begin" : 1790,  "end" : 1793 }, 
        {"sofa" : 1,  "begin" : 1794,  "end" : 1800 }, 
        {"sofa" : 1,  "begin" : 1801,  "end" : 1802 }, 
        {"sofa" : 1,  "begin" : 1803,  "end" : 1815 }, 
        {"sofa" : 1,  "begin" : 1816,  "end" : 1819 }, 
        {"sofa" : 1,  "begin" : 1819,  "end" : 1820 }, 
        {"sofa" : 1,  "begin" : 1821,  "end" : 1827 }, 
        {"sofa" : 1,  "begin" : 1828,  "end" : 1831 }, 
        {"sofa" : 1,  "begin" : 1832,  "end" : 1838 }, 
        {"sofa" : 1,  "begin" : 1839,  "end" : 1841 }, 
        {"sofa" : 1,  "begin" : 1842,  "end" : 1848 }, 
        {"sofa" : 1,  "begin" : 1849,  "end" : 1851 }, 
        {"sofa" : 1,  "begin" : 1852,  "end" : 1855 }, 
        {"sofa" : 1,  "begin" : 1856,  "end" : 1864 }, 
        {"sofa" : 1,  "begin" : 1865,  "end" : 1869 }, 
        {"sofa" : 1,  "begin" : 1870,  "end" : 1874 }, 
        {"sofa" : 1,  "begin" : 1875,  "end" : 1880 }, 
        {"sofa" : 1,  "begin" : 1881,  "end" : 1883 }, 
        {"sofa" : 1,  "begin" : 1884,  "end" : 1887 }, 
        {"sofa" : 1,  "begin" : 1888,  "end" : 1896 }, 
        {"sofa" : 1,  "begin" : 1897,  "end" : 1901 }, 
        {"sofa" : 1,  "begin" : 1902,  "end" : 1906 }, 
        {"sofa" : 1,  "begin" : 1907,  "end" : 1911 }, 
        {"sofa" : 1,  "begin" : 1912,  "end" : 1918 }, 
        {"sofa" : 1,  "begin" : 1918,  "end" : 1919 }, 
        {"sofa" : 1,  "begin" : 1921,  "end" : 1928 }, 
        {"sofa" : 1,  "begin" : 1928,  "end" : 1929 }, 
        {"sofa" : 1,  "begin" : 1930,  "end" : 1932 }, 
        {"sofa" : 1,  "begin" : 1933,  "end" : 1935 }, 
        {"sofa" : 1,  "begin" : 1936,  "end" : 1940 }, 
        {"sofa" : 1,  "begin" : 1941,  "end" : 1946 }, 
        {"sofa" : 1,  "begin" : 1946,  "end" : 1947 }, 
        {"sofa" : 1,  "begin" : 1948,  "end" : 1951 }, 
        {"sofa" : 1,  "begin" : 1952,  "end" : 1959 }, 
        {"sofa" : 1,  "begin" : 1960,  "end" : 1962 }, 
        {"sofa" : 1,  "begin" : 1963,  "end" : 1975 }, 
        {"sofa" : 1,  "begin" : 1976,  "end" : 1982 }, 
        {"sofa" : 1,  "begin" : 1982,  "end" : 1983 }, 
        {"sofa" : 1,  "begin" : 1984,  "end" : 1988 }, 
        {"sofa" : 1,  "begin" : 1989,  "end" : 1993 }, 
        {"sofa" : 1,  "begin" : 1994,  "end" : 1996 }, 
        {"sofa" : 1,  "begin" : 1997,  "end" : 1999 }, 
        {"sofa" : 1,  "begin" : 2000,  "end" : 2010 }, 
        {"sofa" : 1,  "begin" : 2011,  "end" : 2018 }, 
        {"sofa" : 1,  "begin" : 2019,  "end" : 2030 }, 
        {"sofa" : 1,  "begin" : 2031,  "end" : 2035 }, 
        {"sofa" : 1,  "begin" : 2036,  "end" : 2039 }, 
        {"sofa" : 1,  "begin" : 2040,  "end" : 2046 }, 
        {"sofa" : 1,  "begin" : 2047,  "end" : 2049 }, 
        {"sofa" : 1,  "begin" : 2050,  "end" : 2060 }, 
        {"sofa" : 1,  "begin" : 2061,  "end" : 2066 }, 
        {"sofa" : 1,  "begin" : 2066,  "end" : 2067 }, 
        {"sofa" : 1,  "begin" : 2068,  "end" : 2071 }, 
        {"sofa" : 1,  "begin" : 2072,  "end" : 2076 }, 
        {"sofa" : 1,  "begin" : 2077,  "end" : 2085 }, 
        {"sofa" : 1,  "begin" : 2086,  "end" : 2090 }, 
        {"sofa" : 1,  "begin" : 2091,  "end" : 2094 }, 
        {"sofa" : 1,  "begin" : 2095,  "end" : 2100 }, 
        {"sofa" : 1,  "begin" : 2101,  "end" : 2103 }, 
        {"sofa" : 1,  "begin" : 2104,  "end" : 2108 }, 
        {"sofa" : 1,  "begin" : 2109,  "end" : 2111 }, 
        {"sofa" : 1,  "begin" : 2112,  "end" : 2115 }, 
        {"sofa" : 1,  "begin" : 2116,  "end" : 2121 }, 
        {"sofa" : 1,  "begin" : 2121,  "end" : 2122 }, 
        {"sofa" : 1,  "begin" : 2123,  "end" : 2126 }, 
        {"sofa" : 1,  "begin" : 2127,  "end" : 2129 }, 
        {"sofa" : 1,  "begin" : 2130,  "end" : 2133 }, 
        {"sofa" : 1,  "begin" : 2134,  "end" : 2136 }, 
        {"sofa" : 1,  "begin" : 2137,  "end" : 2144 }, 
        {"sofa" : 1,  "begin" : 2144,  "end" : 2145 }, 
        {"sofa" : 1,  "begin" : 2146,  "end" : 2150 }, 
        {"sofa" : 1,  "begin" : 2151,  "end" : 2154 }, 
        {"sofa" : 1,  "begin" : 2155,  "end" : 2162 }, 
        {"sofa" : 1,  "begin" : 2163,  "end" : 2173 }, 
        {"sofa" : 1,  "begin" : 2174,  "end" : 2176 }, 
        {"sofa" : 1,  "begin" : 2177,  "end" : 2180 }, 
        {"sofa" : 1,  "begin" : 2181,  "end" : 2184 }, 
        {"sofa" : 1,  "begin" : 2185,  "end" : 2189 }, 
        {"sofa" : 1,  "begin" : 2189,  "end" : 2190 }, 
        {"sofa" : 1,  "begin" : 2191,  "end" : 2196 }, 
        {"sofa" : 1,  "begin" : 2197,  "end" : 2201 }, 
        {"sofa" : 1,  "begin" : 2202,  "end" : 2205 }, 
        {"sofa" : 1,  "begin" : 2206,  "end" : 2214 }, 
        {"sofa" : 1,  "begin" : 2215,  "end" : 2219 }, 
        {"sofa" : 1,  "begin" : 2220,  "end" : 2223 }, 
        {"sofa" : 1,  "begin" : 2223,  "end" : 2224 }, 
        {"sofa" : 1,  "begin" : 2225,  "end" : 2228 }, 
        {"sofa" : 1,  "begin" : 2229,  "end" : 2233 }, 
        {"sofa" : 1,  "begin" : 2234,  "end" : 2237 }, 
        {"sofa" : 1,  "begin" : 2238,  "end" : 2248 }, 
        {"sofa" : 1,  "begin" : 2249,  "end" : 2255 }, 
        {"sofa" : 1,  "begin" : 2255,  "end" : 2256 }, 
        {"sofa" : 1,  "begin" : 2257,  "end" : 2260 }, 
        {"sofa" : 1,  "begin" : 2261,  "end" : 2272 }, 
        {"sofa" : 1,  "begin" : 2273,  "end" : 2279 }, 
        {"sofa" : 1,  "begin" : 2280,  "end" : 2281 }, 
        {"sofa" : 1,  "begin" : 2282,  "end" : 2285 }, 
        {"sofa" : 1,  "begin" : 2286,  "end" : 2293 }, 
        {"sofa" : 1,  "begin" : 2294,  "end" : 2300 }, 
        {"sofa" : 1,  "begin" : 2301,  "end" : 2308 }, 
        {"sofa" : 1,  "begin" : 2308,  "end" : 2309 }, 
        {"sofa" : 1,  "begin" : 2310,  "end" : 2311 }, 
        {"sofa" : 1,  "begin" : 2312,  "end" : 2319 }, 
        {"sofa" : 1,  "begin" : 2320,  "end" : 2323 }, 
        {"sofa" : 1,  "begin" : 2324,  "end" : 2328 }, 
        {"sofa" : 1,  "begin" : 2329,  "end" : 2331 }, 
        {"sofa" : 1,  "begin" : 2332,  "end" : 2334 }, 
        {"sofa" : 1,  "begin" : 2335,  "end" : 2341 }, 
        {"sofa" : 1,  "begin" : 2342,  "end" : 2346 }, 
        {"sofa" : 1,  "begin" : 2347,  "end" : 2358 }, 
        {"sofa" : 1,  "begin" : 2359,  "end" : 2360 }, 
        {"sofa" : 1,  "begin" : 2361,  "end" : 2364 }, 
        {"sofa" : 1,  "begin" : 2365,  "end" : 2368 }, 
        {"sofa" : 1,  "begin" : 2369,  "end" : 2376 }, 
        {"sofa" : 1,  "begin" : 2377,  "end" : 2380 }, 
        {"sofa" : 1,  "begin" : 2381,  "end" : 2383 }, 
        {"sofa" : 1,  "begin" : 2384,  "end" : 2388 }, 
        {"sofa" : 1,  "begin" : 2389,  "end" : 2393 }, 
        {"sofa" : 1,  "begin" : 2394,  "end" : 2404 }, 
        {"sofa" : 1,  "begin" : 2405,  "end" : 2414 }, 
        {"sofa" : 1,  "begin" : 2415,  "end" : 2417 }, 
        {"sofa" : 1,  "begin" : 2418,  "end" : 2421 }, 
        {"sofa" : 1,  "begin" : 2422,  "end" : 2424 }, 
        {"sofa" : 1,  "begin" : 2425,  "end" : 2428 }, 
        {"sofa" : 1,  "begin" : 2429,  "end" : 2436 }, 
        {"sofa" : 1,  "begin" : 2437,  "end" : 2446 }, 
        {"sofa" : 1,  "begin" : 2447,  "end" : 2449 }, 
        {"sofa" : 1,  "begin" : 2450,  "end" : 2456 }, 
        {"sofa" : 1,  "begin" : 2456,  "end" : 2457 }, 
        {"sofa" : 1,  "begin" : 2458,  "end" : 2460 }, 
        {"sofa" : 1,  "begin" : 2461,  "end" : 2465 }, 
        {"sofa" : 1,  "begin" : 2466,  "end" : 2475 }, 
        {"sofa" : 1,  "begin" : 2476,  "end" : 2484 }, 
        {"sofa" : 1,  "begin" : 2485,  "end" : 2487 }, 
        {"sofa" : 1,  "begin" : 2488,  "end" : 2495 }, 
        {"sofa" : 1,  "begin" : 2496,  "end" : 2505 }, 
        {"sofa" : 1,  "begin" : 2505,  "end" : 2506 }, 
        {"sofa" : 1,  "begin" : 2507,  "end" : 2510 }, 
        {"sofa" : 1,  "begin" : 2511,  "end" : 2516 }, 
        {"sofa" : 1,  "begin" : 2517,  "end" : 2520 }, 
        {"sofa" : 1,  "begin" : 2521,  "end" : 2525 }, 
        {"sofa" : 1,  "begin" : 2526,  "end" : 2528 }, 
        {"sofa" : 1,  "begin" : 2529,  "end" : 2530 }, 
        {"sofa" : 1,  "begin" : 2531,  "end" : 2537 }, 
        {"sofa" : 1,  "begin" : 2538,  "end" : 2545 }, 
        {"sofa" : 1,  "begin" : 2546,  "end" : 2548 }, 
        {"sofa" : 1,  "begin" : 2549,  "end" : 2553 }, 
        {"sofa" : 1,  "begin" : 2554,  "end" : 2564 }, 
        {"sofa" : 1,  "begin" : 2565,  "end" : 2572 }, 
        {"sofa" : 1,  "begin" : 2572,  "end" : 2573 }, 
        {"sofa" : 1,  "begin" : 2574,  "end" : 2576 }, 
        {"sofa" : 1,  "begin" : 2577,  "end" : 2579 }, 
        {"sofa" : 1,  "begin" : 2580,  "end" : 2583 }, 
        {"sofa" : 1,  "begin" : 2584,  "end" : 2588 }, 
        {"sofa" : 1,  "begin" : 2589,  "end" : 2592 }, 
        {"sofa" : 1,  "begin" : 2593,  "end" : 2596 }, 
        {"sofa" : 1,  "begin" : 2597,  "end" : 2605 }, 
        {"sofa" : 1,  "begin" : 2606,  "end" : 2608 }, 
        {"sofa" : 1,  "begin" : 2609,  "end" : 2612 }, 
        {"sofa" : 1,  "begin" : 2613,  "end" : 2619 }, 
        {"sofa" : 1,  "begin" : 2619,  "end" : 2620 }, 
        {"sofa" : 1,  "begin" : 2621,  "end" : 2624 }, 
        {"sofa" : 1,  "begin" : 2625,  "end" : 2628 }, 
        {"sofa" : 1,  "begin" : 2629,  "end" : 2635 }, 
        {"sofa" : 1,  "begin" : 2636,  "end" : 2644 }, 
        {"sofa" : 1,  "begin" : 2645,  "end" : 2647 }, 
        {"sofa" : 1,  "begin" : 2647,  "end" : 2648 }, 
        {"sofa" : 1,  "begin" : 2649,  "end" : 2652 }, 
        {"sofa" : 1,  "begin" : 2653,  "end" : 2656 }, 
        {"sofa" : 1,  "begin" : 2657,  "end" : 2664 }, 
        {"sofa" : 1,  "begin" : 2665,  "end" : 2667 }, 
        {"sofa" : 1,  "begin" : 2668,  "end" : 2674 }, 
        {"sofa" : 1,  "begin" : 2674,  "end" : 2675 }, 
        {"sofa" : 1,  "begin" : 2676,  "end" : 2679 }, 
        {"sofa" : 1,  "begin" : 2680,  "end" : 2683 }, 
        {"sofa" : 1,  "begin" : 2684,  "end" : 2695 }, 
        {"sofa" : 1,  "begin" : 2696,  "end" : 2698 }, 
        {"sofa" : 1,  "begin" : 2699,  "end" : 2702 }, 
        {"sofa" : 1,  "begin" : 2703,  "end" : 2707 }, 
        {"sofa" : 1,  "begin" : 2708,  "end" : 2714 }, 
        {"sofa" : 1,  "begin" : 2715,  "end" : 2718 }, 
        {"sofa" : 1,  "begin" : 2718,  "end" : 2719 }, 
        {"sofa" : 1,  "begin" : 2720,  "end" : 2722 }, 
        {"sofa" : 1,  "begin" : 2723,  "end" : 2733 }, 
        {"sofa" : 1,  "begin" : 2734,  "end" : 2737 }, 
        {"sofa" : 1,  "begin" : 2738,  "end" : 2744 }, 
        {"sofa" : 1,  "begin" : 2745,  "end" : 2747 }, 
        {"sofa" : 1,  "begin" : 2748,  "end" : 2751 }, 
        {"sofa" : 1,  "begin" : 2752,  "end" : 2759 }, 
        {"sofa" : 1,  "begin" : 2759,  "end" : 2760 }, 
        {"sofa" : 1,  "begin" : 2761,  "end" : 2768 }, 
        {"sofa" : 1,  "begin" : 2769,  "end" : 2776 }, 
        {"sofa" : 1,  "begin" : 2777,  "end" : 2779 }, 
        {"sofa" : 1,  "begin" : 2780,  "end" : 2788 }, 
        {"sofa" : 1,  "begin" : 2789,  "end" : 2793 }, 
        {"sofa" : 1,  "begin" : 2793,  "end" : 2794 }, 
        {"sofa" : 1,  "begin" : 2795,  "end" : 2798 }, 
        {"sofa" : 1,  "begin" : 2799,  "end" : 2806 }, 
        {"sofa" : 1,  "begin" : 2806,  "end" : 2807 }, 
        {"sofa" : 1,  "begin" : 2808,  "end" : 2811 }, 
        {"sofa" : 1,  "begin" : 2812,  "end" : 2817 }, 
        {"sofa" : 1,  "begin" : 2818,  "end" : 2820 }, 
        {"sofa" : 1,  "begin" : 2821,  "end" : 2826 }, 
        {"sofa" : 1,  "begin" : 2827,  "end" : 2838 }, 
        {"sofa" : 1,  "begin" : 2838,  "end" : 2839 }, 
        {"sofa" : 1,  "begin" : 2840,  "end" : 2843 }, 
        {"sofa" : 1,  "begin" : 2844,  "end" : 2848 }, 
        {"sofa" : 1,  "begin" : 2849,  "end" : 2855 }, 
        {"sofa" : 1,  "begin" : 2856,  "end" : 2860 }, 
        {"sofa" : 1,  "begin" : 2861,  "end" : 2864 }, 
        {"sofa" : 1,  "begin" : 2865,  "end" : 2869 }, 
        {"sofa" : 1,  "begin" : 2870,  "end" : 2875 }, 
        {"sofa" : 1,  "begin" : 2876,  "end" : 2878 }, 
        {"sofa" : 1,  "begin" : 2879,  "end" : 2882 }, 
        {"sofa" : 1,  "begin" : 2883,  "end" : 2892 }, 
        {"sofa" : 1,  "begin" : 2892,  "end" : 2893 }, 
        {"sofa" : 1,  "begin" : 2894,  "end" : 2897 }, 
        {"sofa" : 1,  "begin" : 2898,  "end" : 2902 }, 
        {"sofa" : 1,  "begin" : 2903,  "end" : 2906 }, 
        {"sofa" : 1,  "begin" : 2907,  "end" : 2917 }, 
        {"sofa" : 1,  "begin" : 2918,  "end" : 2926 }, 
        {"sofa" : 1,  "begin" : 2927,  "end" : 2931 }, 
        {"sofa" : 1,  "begin" : 2932,  "end" : 2935 }, 
        {"sofa" : 1,  "begin" : 2936,  "end" : 2940 }, 
        {"sofa" : 1,  "begin" : 2941,  "end" : 2950 }, 
        {"sofa" : 1,  "begin" : 2951,  "end" : 2959 }, 
        {"sofa" : 1,  "begin" : 2960,  "end" : 2962 }, 
        {"sofa" : 1,  "begin" : 2963,  "end" : 2968 }, 
        {"sofa" : 1,  "begin" : 2969,  "end" : 2978 }, 
        {"sofa" : 1,  "begin" : 2979,  "end" : 2984 }, 
        {"sofa" : 1,  "begin" : 2984,  "end" : 2985 }, 
        {"sofa" : 1,  "begin" : 2986,  "end" : 2991 }, 
        {"sofa" : 1,  "begin" : 2992,  "end" : 2994 }, 
        {"sofa" : 1,  "begin" : 2995,  "end" : 2998 }, 
        {"sofa" : 1,  "begin" : 2999,  "end" : 3004 }, 
        {"sofa" : 1,  "begin" : 3005,  "end" : 3009 }, 
        {"sofa" : 1,  "begin" : 3010,  "end" : 3014 }, 
        {"sofa" : 1,  "begin" : 3015,  "end" : 3021 }, 
        {"sofa" : 1,  "begin" : 3021,  "end" : 3022 }, 
        {"sofa" : 1,  "begin" : 3023,  "end" : 3028 }, 
        {"sofa" : 1,  "begin" : 3029,  "end" : 3031 }, 
        {"sofa" : 1,  "begin" : 3032,  "end" : 3043 }, 
        {"sofa" : 1,  "begin" : 3044,  "end" : 3047 }, 
        {"sofa" : 1,  "begin" : 3048,  "end" : 3060 }, 
        {"sofa" : 1,  "begin" : 3061,  "end" : 3063 }, 
        {"sofa" : 1,  "begin" : 3064,  "end" : 3069 }, 
        {"sofa" : 1,  "begin" : 3070,  "end" : 3073 }, 
        {"sofa" : 1,  "begin" : 3074,  "end" : 3080 }, 
        {"sofa" : 1,  "begin" : 3081,  "end" : 3084 }, 
        {"sofa" : 1,  "begin" : 3084,  "end" : 3085 }, 
        {"sofa" : 1,  "begin" : 3086,  "end" : 3090 }, 
        {"sofa" : 1,  "begin" : 3091,  "end" : 3094 }, 
        {"sofa" : 1,  "begin" : 3095,  "end" : 3103 }, 
        {"sofa" : 1,  "begin" : 3104,  "end" : 3111 }, 
        {"sofa" : 1,  "begin" : 3112,  "end" : 3116 }, 
        {"sofa" : 1,  "begin" : 3117,  "end" : 3118 }, 
        {"sofa" : 1,  "begin" : 3119,  "end" : 3123 }, 
        {"sofa" : 1,  "begin" : 3124,  "end" : 3127 }, 
        {"sofa" : 1,  "begin" : 3127,  "end" : 3128 }, 
        {"sofa" : 1,  "begin" : 3129,  "end" : 3131 }, 
        {"sofa" : 1,  "begin" : 3132,  "end" : 3137 }, 
        {"sofa" : 1,  "begin" : 3138,  "end" : 3143 }, 
        {"sofa" : 1,  "begin" : 3143,  "end" : 3144 }, 
        {"sofa" : 1,  "begin" : 3145,  "end" : 3149 }, 
        {"sofa" : 1,  "begin" : 3150,  "end" : 3159 }, 
        {"sofa" : 1,  "begin" : 3160,  "end" : 3166 }, 
        {"sofa" : 1,  "begin" : 3167,  "end" : 3169 }, 
        {"sofa" : 1,  "begin" : 3170,  "end" : 3173 }, 
        {"sofa" : 1,  "begin" : 3174,  "end" : 3181 }, 
        {"sofa" : 1,  "begin" : 3182,  "end" : 3184 }, 
        {"sofa" : 1,  "begin" : 3185,  "end" : 3194 }, 
        {"sofa" : 1,  "begin" : 3195,  "end" : 3202 }, 
        {"sofa" : 1,  "begin" : 3202,  "end" : 3203 }, 
        {"sofa" : 1,  "begin" : 3205,  "end" : 3214 }, 
        {"sofa" : 1,  "begin" : 3215,  "end" : 3220 }, 
        {"sofa" : 1,  "begin" : 3221,  "end" : 3223 }, 
        {"sofa" : 1,  "begin" : 3223,  "end" : 3224 }, 
        {"sofa" : 1,  "begin" : 3225,  "end" : 3229 }, 
        {"sofa" : 1,  "begin" : 3230,  "end" : 3232 }, 
        {"sofa" : 1,  "begin" : 3233,  "end" : 3238 }, 
        {"sofa" : 1,  "begin" : 3239,  "end" : 3242 }, 
        {"sofa" : 1,  "begin" : 3243,  "end" : 3252 }, 
        {"sofa" : 1,  "begin" : 3253,  "end" : 3257 }, 
        {"sofa" : 1,  "begin" : 3258,  "end" : 3267 }, 
        {"sofa" : 1,  "begin" : 3268,  "end" : 3272 }, 
        {"sofa" : 1,  "begin" : 3273,  "end" : 3275 }, 
        {"sofa" : 1,  "begin" : 3276,  "end" : 3279 }, 
        {"sofa" : 1,  "begin" : 3281,  "end" : 3282 }, 
        {"sofa" : 1,  "begin" : 3284,  "end" : 3291 }, 
        {"sofa" : 1,  "begin" : 3291,  "end" : 3292 }, 
        {"sofa" : 1,  "begin" : 3293,  "end" : 3297 }, 
        {"sofa" : 1,  "begin" : 3298,  "end" : 3302 }, 
        {"sofa" : 1,  "begin" : 3302,  "end" : 3303 }, 
        {"sofa" : 1,  "begin" : 3304,  "end" : 3306 }, 
        {"sofa" : 1,  "begin" : 3307,  "end" : 3310 }, 
        {"sofa" : 1,  "begin" : 3311,  "end" : 3317 }, 
        {"sofa" : 1,  "begin" : 3318,  "end" : 3323 }, 
        {"sofa" : 1,  "begin" : 3324,  "end" : 3326 }, 
        {"sofa" : 1,  "begin" : 3327,  "end" : 3337 }, 
        {"sofa" : 1,  "begin" : 3338,  "end" : 3339 }, 
        {"sofa" : 1,  "begin" : 3340,  "end" : 3348 }, 
        {"sofa" : 1,  "begin" : 3348,  "end" : 3349 }, 
        {"sofa" : 1,  "begin" : 3350,  "end" : 3359 }, 
        {"sofa" : 1,  "begin" : 3360,  "end" : 3363 }, 
        {"sofa" : 1,  "begin" : 3364,  "end" : 3366 }, 
        {"sofa" : 1,  "begin" : 3367,  "end" : 3370 }, 
        {"sofa" : 1,  "begin" : 3371,  "end" : 3380 }, 
        {"sofa" : 1,  "begin" : 3380,  "end" : 3381 }, 
        {"sofa" : 1,  "begin" : 3382,  "end" : 3384 }, 
        {"sofa" : 1,  "begin" : 3385,  "end" : 3386 }, 
        {"sofa" : 1,  "begin" : 3387,  "end" : 3393 }, 
        {"sofa" : 1,  "begin" : 3394,  "end" : 3396 }, 
        {"sofa" : 1,  "begin" : 3397,  "end" : 3404 }, 
        {"sofa" : 1,  "begin" : 3405,  "end" : 3411 }, 
        {"sofa" : 1,  "begin" : 3411,  "end" : 3412 }, 
        {"sofa" : 1,  "begin" : 3413,  "end" : 3420 }, 
        {"sofa" : 1,  "begin" : 3420,  "end" : 3421 }, 
        {"sofa" : 1,  "begin" : 3422,  "end" : 3424 }, 
        {"sofa" : 1,  "begin" : 3425,  "end" : 3428 }, 
        {"sofa" : 1,  "begin" : 3429,  "end" : 3431 }, 
        {"sofa" : 1,  "begin" : 3432,  "end" : 3440 }, 
        {"sofa" : 1,  "begin" : 3441,  "end" : 3444 }, 
        {"sofa" : 1,  "begin" : 3445,  "end" : 3450 }, 
        {"sofa" : 1,  "begin" : 3451,  "end" : 3460 }, 
        {"sofa" : 1,  "begin" : 3461,  "end" : 3465 }, 
        {"sofa" : 1,  "begin" : 3466,  "end" : 3469 }, 
        {"sofa" : 1,  "begin" : 3470,  "end" : 3474 }, 
        {"sofa" : 1,  "begin" : 3474,  "end" : 3475 } ] } }, 
  "_referenced_fss" : {
    "1" : {"_type" : "Sofa",  "sofaNum" : 1,  "sofaID" : "_InitialView",  "mimeType" : "text",  "sofaString" : "Grooms and Hostlers daily inhale a large quantity of ammoniacal gas generated in the stables.\nThis appears beneficial rather than injurious. They\nhave, moreover, full and varied muscular exertion ;\nand if they took a more moderate diet, would be almost universally robust. Hostlers, Porters, and\nunder-male servants at inns, are generally sickly,\n\nand labour under congestion (over fulness) of the vessels in the abdomen and head. Their state evidently\nresults from the ale and spirits they take so frequently.\n\nGlue and Size boilers are exposed to strong putrid and ammoniacal exhalations from the decomposition of animal refuse. The stench of the boiling\nand drying rooms is indeed well known to be highly\noffensive, even to the neighbourhood. Yet the men\ndeclare it agrees well with them — nay, many assert,\nthat on entering this employ, they experienced a\ngreat increase of appetite and health. All the glue\nand size boilers we saw, were remarkably fresh-looking and robust. Though exposed to frequent and\nconsiderable changes of temperature, to sudden\nchanges also from an atmosphere of hot vapour to\nthe dry cold air, they are not subject to rheumatism,\npulmonary inflammation or catarrh. The only complaints we could hear of, were occasional pains in the\nloins and hmbs, attributable to posture and exertion.\n\nBuckram manufacturers are exposed to the\nodour of the glue. This is well known to be so great\nas to offend the neighbourhood of the manufacture.\nYet the men make no complaint of ill health, and\nreach considerable age. Of the seven men employed\nat the Buckram-house, in Water-lane, one is 51,\nanother 58, a third 68, and the fourth 76; and these\nindividuals have been at the employ from an early age.\n\nTallow-chandlers, subjected to an offensive\nanimal odour, enjoy health, and attain a considerable\nage. During the plague in London it was remarked\nthat this class of men suffered much less than others.\n\nTanners, it is well known, arc subject to disagreeable odours. They work in an atmosphere largely\nimpregnated with the vapour of putrifying skins, and\nthis combined with the smell of lime in one place,\nand of tan in another. They are exposed constantly\nto wet and cold. Their feet are scarcely ever dry.\nYet they are remarkably robust; the countenance\nflorid ; and disease almost unknown. t Tanners are\nsaid to be exempt from consumption ; and the subject\nhas of late been repeatedly discussed in one of the\nmedical societies of London. We have carefully inquired at several tan-yards, and could not hear of a\nsingle example of this formidable disease. We do\nnot find old men actually in the employ; and the\nreason assigned is, not the decline of health, but the\ninferiority of men past middle age, in undergoing the\nlabour of the process. Persons however in advanced\nlife, yet healthy, are found in other occupations, who\nhave before been for many years in the tan-yards,\nand have not apparently suffered from the long continued exposure to their offensive odour. Hence we\nmay infer that this employ, while it invigorates the\nconstitution in youth and middle age, does not sensibly shorten life ; does not, in other words, give temporary health at the expense of premature decline.\n\nRamazzini tells us, that at Padua the tan-yards\nwere permitted only in the  '  suburbs. Here also, as\nthe stench would be considered a nuisance, tan-yards\nare at the outskirts. As a matter of medical police,\nhowever, we see no occasion for their exclusion from\nthe town.\n" }, 
    "8822" : {"_type" : "Span",  "sofa" : 1,  "begin" : 26,  "end" : 32,  "label" : "Smell_Word" }, 
    "8827" : {"_type" : "Span",  "sofa" : 1,  "end" : 19,  "label" : "Perceiver" }, 
    "8839" : {"_type" : "Span",  "sofa" : 1,  "begin" : 33,  "end" : 67,  "label" : "Smell_Source" }, 
    "8844" : {"_type" : "Span",  "sofa" : 1,  "begin" : 78,  "end" : 92,  "label" : "Location" }, 
    "8863" : {"_type" : "Span",  "sofa" : 1,  "begin" : 94,  "end" : 139,  "label" : "Effect" }, 
    "8875" : {"_type" : "Span",  "sofa" : 1,  "begin" : 578,  "end" : 589,  "label" : "Smell_Word" }, 
    "8880" : {"_type" : "Span",  "sofa" : 1,  "begin" : 590,  "end" : 629,  "label" : "Smell_Source" }, 
    "8892" : {"_type" : "Span",  "sofa" : 1,  "begin" : 512,  "end" : 533,  "label" : "Perceiver" }, 
    "8914" : {"_type" : "Span",  "sofa" : 1,  "begin" : 567,  "end" : 577,  "label" : "Quality" }, 
    "8909" : {"_type" : "Span",  "sofa" : 1,  "begin" : 556,  "end" : 562,  "label" : "Quality" }, 
    "8904" : {"_type" : "Span",  "sofa" : 1,  "begin" : 549,  "end" : 555,  "label" : "Quality" }, 
    "8940" : {"_type" : "Span",  "sofa" : 1,  "begin" : 635,  "end" : 641,  "label" : "Smell_Word" }, 
    "8945" : {"_type" : "Span",  "sofa" : 1,  "begin" : 642,  "end" : 673,  "label" : "Location" }, 
    "8957" : {"_type" : "Span",  "sofa" : 1,  "begin" : 701,  "end" : 717,  "label" : "Quality" }, 
    "8969" : {"_type" : "Span",  "sofa" : 1,  "begin" : 719,  "end" : 744,  "label" : "Perceiver" }, 
    "8998" : {"_type" : "Span",  "sofa" : 1,  "begin" : 746,  "end" : 790,  "label" : "Effect" }, 
    "8981" : {"_type" : "Span",  "sofa" : 1,  "begin" : 1358,  "end" : 1363,  "label" : "Smell_Word" }, 
    "8986" : {"_type" : "Span",  "sofa" : 1,  "begin" : 1364,  "end" : 1375,  "label" : "Smell_Source" }, 
    "9010" : {"_type" : "Span",  "sofa" : 1,  "begin" : 1317,  "end" : 1338,  "label" : "Perceiver" }, 
    "9022" : {"_type" : "Span",  "sofa" : 1,  "begin" : 1402,  "end" : 1410,  "label" : "Quality" }, 
    "9034" : {"_type" : "Span",  "sofa" : 1,  "begin" : 1411,  "end" : 1460,  "label" : "Effect" }, 
    "9046" : {"_type" : "Span",  "sofa" : 1,  "begin" : 1769,  "end" : 1774,  "label" : "Smell_Word" }, 
    "9056" : {"_type" : "Span",  "sofa" : 1,  "begin" : 1762,  "end" : 1768,  "label" : "Quality" }, 
    "9051" : {"_type" : "Span",  "sofa" : 1,  "begin" : 1752,  "end" : 1761,  "label" : "Quality" }, 
    "9075" : {"_type" : "Span",  "sofa" : 1,  "begin" : 1718,  "end" : 1734,  "label" : "Perceiver" }, 
    "9087" : {"_type" : "Span",  "sofa" : 1,  "begin" : 1976,  "end" : 1982,  "label" : "Smell_Word" }, 
    "9092" : {"_type" : "Span",  "sofa" : 1,  "begin" : 1963,  "end" : 1975,  "label" : "Quality" }, 
    "9097" : {"_type" : "Span",  "sofa" : 1,  "begin" : 1921,  "end" : 1928,  "label" : "Perceiver" }, 
    "9186" : {"_type" : "Span",  "sofa" : 1,  "begin" : 1984,  "end" : 1988,  "label" : "Perceiver" }, 
    "9169" : {"_type" : "Span",  "sofa" : 1,  "begin" : 2040,  "end" : 2046,  "label" : "Smell_Word" }, 
    "9174" : {"_type" : "Span",  "sofa" : 1,  "begin" : 2047,  "end" : 2066,  "label" : "Smell_Source" }, 
    "9198" : {"_type" : "Span",  "sofa" : 1,  "begin" : 1994,  "end" : 2010,  "label" : "Odour_Carrier" }, 
    "9116" : {"_type" : "Span",  "sofa" : 1,  "begin" : 2095,  "end" : 2100,  "label" : "Smell_Word" }, 
    "9121" : {"_type" : "Span",  "sofa" : 1,  "begin" : 2101,  "end" : 2108,  "label" : "Smell_Source" }, 
    "9143" : {"_type" : "Span",  "sofa" : 1,  "begin" : 2134,  "end" : 2144,  "label" : "Location" }, 
    "9138" : {"_type" : "Span",  "sofa" : 1,  "begin" : 2127,  "end" : 2133,  "label" : "Smell_Source" }, 
    "9126" : {"_type" : "Span",  "sofa" : 1,  "begin" : 2109,  "end" : 2121,  "label" : "Location" }, 
    "9234" : {"_type" : "Span",  "sofa" : 1,  "begin" : 2963,  "end" : 2968,  "label" : "Smell_Source" }, 
    "9239" : {"_type" : "Span",  "sofa" : 1,  "begin" : 2876,  "end" : 2892,  "label" : "Smell_Source" }, 
    "9217" : {"_type" : "Span",  "sofa" : 1,  "begin" : 2979,  "end" : 2984,  "label" : "Smell_Word" }, 
    "9222" : {"_type" : "Span",  "sofa" : 1,  "begin" : 2969,  "end" : 2978,  "label" : "Quality" }, 
    "9258" : {"_type" : "Span",  "sofa" : 1,  "begin" : 2861,  "end" : 2875,  "label" : "Time" }, 
    "9270" : {"_type" : "Span",  "sofa" : 1,  "begin" : 2761,  "end" : 2793,  "label" : "Perceiver" }, 
    "9282" : {"_type" : "Span",  "sofa" : 1,  "begin" : 3311,  "end" : 3317,  "label" : "Smell_Word" }, 
    "9287" : {"_type" : "Span",  "sofa" : 1,  "begin" : 3230,  "end" : 3238,  "label" : "Location" }, 
    "9299" : {"_type" : "Span",  "sofa" : 1,  "begin" : 3243,  "end" : 3252,  "label" : "Smell_Source" }, 
    "9311" : {"_type" : "Span",  "sofa" : 1,  "begin" : 3268,  "end" : 3291,  "label" : "Location" }, 
    "9323" : {"_type" : "Span",  "sofa" : 1,  "begin" : 3338,  "end" : 3348,  "label" : "Quality" } } }