#FORMAT=WebAnno TSV 3.3


#Text=15 Dixitque rex : Iterum atque iterum te adjuro, ut mihi non loquaris, nisi quod verum est in nomine Domini.
#Text=16 At ille ait : Vidi universum Israël dispersum in montibus, sicut oves absque pastore : et dixit Dominus : Non habent isti dominos : revertatur unusquisque in domum suam in pace.
#Text=17 Et ait rex Israël ad Josaphat : Nonne dixi tibi quod non prophetaret iste mihi quidquam boni, sed ea quæ mala sunt ?
1-1	2-4	15	
1-2	5-13	Dixitque	
1-3	14-17	rex	
1-4	18-19	:	
1-5	20-26	Iterum	
1-6	27-32	atque	
1-7	33-39	iterum	
1-8	40-42	te	
1-9	43-49	adjuro	
1-10	49-50	,	
1-11	51-53	ut	
1-12	54-58	mihi	
1-13	59-62	non	
1-14	63-71	loquaris	
1-15	71-72	,	
1-16	73-77	nisi	
1-17	78-82	quod	
1-18	83-88	verum	
1-19	89-92	est	
1-20	93-95	in	
1-21	96-102	nomine	
1-22	103-109	Domini	
1-23	109-110	.	
1-24	111-113	16	
1-25	114-116	At	
1-26	117-121	ille	
1-27	122-125	ait	
1-28	126-127	:	
1-29	128-132	Vidi	
1-30	133-142	universum	
1-31	143-149	Israël	
1-32	150-159	dispersum	
1-33	160-162	in	
1-34	163-171	montibus	
1-35	171-172	,	
1-36	173-178	sicut	
1-37	179-183	oves	
1-38	184-190	absque	
1-39	191-198	pastore	
1-40	199-200	:	
1-41	201-203	et	
1-42	204-209	dixit	
1-43	210-217	Dominus	
1-44	218-219	:	
1-45	220-223	Non	
1-46	224-230	habent	
1-47	231-235	isti	
1-48	236-243	dominos	
1-49	244-245	:	
1-50	246-256	revertatur	
1-51	257-268	unusquisque	
1-52	269-271	in	
1-53	272-277	domum	
1-54	278-282	suam	
1-55	283-285	in	
1-56	286-290	pace	
1-57	290-291	.	
1-58	292-294	17	
1-59	295-297	Et	
1-60	298-301	ait	
1-61	302-305	rex	
1-62	306-312	Israël	
1-63	313-315	ad	
1-64	316-324	Josaphat	
1-65	325-326	:	
1-66	327-332	Nonne	
1-67	333-337	dixi	
1-68	338-342	tibi	
1-69	343-347	quod	
1-70	348-351	non	
1-71	352-363	prophetaret	
1-72	364-368	iste	
1-73	369-373	mihi	
1-74	374-382	quidquam	
1-75	383-387	boni	
1-76	387-388	,	
1-77	389-392	sed	
1-78	393-395	ea	
1-79	396-399	quæ	
1-80	400-404	mala	
1-81	405-409	sunt	
1-82	410-411	?	

#Text=18 At ille : Idcirco, ait, audite verbum Domini : vidi Dominum sedentem in solio suo, et omnem exercitum cæli assistentem ei a dextris et a sinistris.
#Text=19 Et dixit Dominus : Quis decipiet Achab regem Israël ut ascendat et corruat in Ramoth Galaad ?
2-1	412-414	18	
2-2	415-417	At	
2-3	418-422	ille	
2-4	423-424	:	
2-5	425-432	Idcirco	
2-6	432-433	,	
2-7	434-437	ait	
2-8	437-438	,	
2-9	439-445	audite	
2-10	446-452	verbum	
2-11	453-459	Domini	
2-12	460-461	:	
2-13	462-466	vidi	
2-14	467-474	Dominum	
2-15	475-483	sedentem	
2-16	484-486	in	
2-17	487-492	solio	
2-18	493-496	suo	
2-19	496-497	,	
2-20	498-500	et	
2-21	501-506	omnem	
2-22	507-516	exercitum	
2-23	517-521	cæli	
2-24	522-533	assistentem	
2-25	534-536	ei	
2-26	537-538	a	
2-27	539-546	dextris	
2-28	547-549	et	
2-29	550-551	a	
2-30	552-561	sinistris	
2-31	561-562	.	
2-32	563-565	19	
2-33	566-568	Et	
2-34	569-574	dixit	
2-35	575-582	Dominus	
2-36	583-584	:	
2-37	585-589	Quis	
2-38	590-598	decipiet	
2-39	599-604	Achab	
2-40	605-610	regem	
2-41	611-617	Israël	
2-42	618-620	ut	
2-43	621-629	ascendat	
2-44	630-632	et	
2-45	633-640	corruat	
2-46	641-643	in	
2-47	644-650	Ramoth	
2-48	651-657	Galaad	
2-49	658-659	?	

#Text=Cumque diceret unus hoc modo, et alter alio, 20 processit spiritus, et stetit coram Domino, et ait : Ego decipiam eum.
3-1	660-666	Cumque	
3-2	667-674	diceret	
3-3	675-679	unus	
3-4	680-683	hoc	
3-5	684-688	modo	
3-6	688-689	,	
3-7	690-692	et	
3-8	693-698	alter	
3-9	699-703	alio	
3-10	703-704	,	
3-11	705-707	20	
3-12	708-717	processit	
3-13	718-726	spiritus	
3-14	726-727	,	
3-15	728-730	et	
3-16	731-737	stetit	
3-17	738-743	coram	
3-18	744-750	Domino	
3-19	750-751	,	
3-20	752-754	et	
3-21	755-758	ait	
3-22	759-760	:	
3-23	761-764	Ego	
3-24	765-773	decipiam	
3-25	774-777	eum	
3-26	777-778	.	

#Text=Cui Dominus : In quo, inquit, decipies ?
4-1	779-782	Cui	
4-2	783-790	Dominus	
4-3	791-792	:	
4-4	793-795	In	
4-5	796-799	quo	
4-6	799-800	,	
4-7	801-807	inquit	
4-8	807-808	,	
4-9	809-817	decipies	
4-10	818-819	?	

#Text=21 At ille respondit : Egrediar, et ero spiritus mendax in ore omnium prophetarum ejus.
5-1	820-822	21	
5-2	823-825	At	
5-3	826-830	ille	
5-4	831-840	respondit	
5-5	841-842	:	
5-6	843-851	Egrediar	
5-7	851-852	,	
5-8	853-855	et	
5-9	856-859	ero	
5-10	860-868	spiritus	
5-11	869-875	mendax	
5-12	876-878	in	
5-13	879-882	ore	
5-14	883-889	omnium	
5-15	890-901	prophetarum	
5-16	902-906	ejus	
5-17	906-907	.	

#Text=Dixitque Dominus : Decipies, et prævalebis : egredere, et fac ita.
#Text=22 Nunc igitur, ecce Dominus dedit spiritum mendacii in ore omnium prophetarum tuorum, et Dominus locutus est de te mala.
#Text=23 Accessit autem Sedecias filius Chanaana, et percussit Michææ maxillam, et ait : Per quam viam transivit spiritus Domini a me, ut loqueretur tibi ?
6-1	908-916	Dixitque	
6-2	917-924	Dominus	
6-3	925-926	:	
6-4	927-935	Decipies	
6-5	935-936	,	
6-6	937-939	et	
6-7	940-950	prævalebis	
6-8	951-952	:	
6-9	953-961	egredere	
6-10	961-962	,	
6-11	963-965	et	
6-12	966-969	fac	
6-13	970-973	ita	
6-14	973-974	.	
6-15	975-977	22	
6-16	978-982	Nunc	
6-17	983-989	igitur	
6-18	989-990	,	
6-19	991-995	ecce	
6-20	996-1003	Dominus	
6-21	1004-1009	dedit	
6-22	1010-1018	spiritum	
6-23	1019-1027	mendacii	
6-24	1028-1030	in	
6-25	1031-1034	ore	
6-26	1035-1041	omnium	
6-27	1042-1053	prophetarum	
6-28	1054-1060	tuorum	
6-29	1060-1061	,	
6-30	1062-1064	et	
6-31	1065-1072	Dominus	
6-32	1073-1080	locutus	
6-33	1081-1084	est	
6-34	1085-1087	de	
6-35	1088-1090	te	
6-36	1091-1095	mala	
6-37	1095-1096	.	
6-38	1097-1099	23	
6-39	1100-1108	Accessit	
6-40	1109-1114	autem	
6-41	1115-1123	Sedecias	
6-42	1124-1130	filius	
6-43	1131-1139	Chanaana	
6-44	1139-1140	,	
6-45	1141-1143	et	
6-46	1144-1153	percussit	
6-47	1154-1160	Michææ	
6-48	1161-1169	maxillam	
6-49	1169-1170	,	
6-50	1171-1173	et	
6-51	1174-1177	ait	
6-52	1178-1179	:	
6-53	1180-1183	Per	
6-54	1184-1188	quam	
6-55	1189-1193	viam	
6-56	1194-1203	transivit	
6-57	1204-1212	spiritus	
6-58	1213-1219	Domini	
6-59	1220-1221	a	
6-60	1222-1224	me	
6-61	1224-1225	,	
6-62	1226-1228	ut	
6-63	1229-1239	loqueretur	
6-64	1240-1244	tibi	
6-65	1245-1246	?	

#Text=24 Dixitque Michæas : Tu ipse videbis in die illo, quando ingressus fueris cubiculum de cubiculo ut abscondaris.
#Text=25 Præcepit autem rex Israël, dicens : Tollite Michæam, et ducite eum ad Amon principem civitatis, et ad Joas filium Amelech.
#Text=26 Et dicetis : Hæc dicit rex : Mittite hunc in carcerem, et date ei panis modicum, et aquæ pauxillum, donec revertar in pace.
#Text=27 Dixitque Michæas : Si reversus fueris in pace, non est locutus Dominus in me.
7-1	1247-1249	24	
7-2	1250-1258	Dixitque	
7-3	1259-1266	Michæas	
7-4	1267-1268	:	
7-5	1269-1271	Tu	
7-6	1272-1276	ipse	
7-7	1277-1284	videbis	
7-8	1285-1287	in	
7-9	1288-1291	die	
7-10	1292-1296	illo	
7-11	1296-1297	,	
7-12	1298-1304	quando	
7-13	1305-1314	ingressus	
7-14	1315-1321	fueris	
7-15	1322-1331	cubiculum	
7-16	1332-1334	de	
7-17	1335-1343	cubiculo	
7-18	1344-1346	ut	
7-19	1347-1358	abscondaris	
7-20	1358-1359	.	
7-21	1360-1362	25	
7-22	1363-1371	Præcepit	
7-23	1372-1377	autem	
7-24	1378-1381	rex	
7-25	1382-1388	Israël	
7-26	1388-1389	,	
7-27	1390-1396	dicens	
7-28	1397-1398	:	
7-29	1399-1406	Tollite	
7-30	1407-1414	Michæam	
7-31	1414-1415	,	
7-32	1416-1418	et	
7-33	1419-1425	ducite	
7-34	1426-1429	eum	
7-35	1430-1432	ad	
7-36	1433-1437	Amon	
7-37	1438-1447	principem	
7-38	1448-1457	civitatis	
7-39	1457-1458	,	
7-40	1459-1461	et	
7-41	1462-1464	ad	
7-42	1465-1469	Joas	
7-43	1470-1476	filium	
7-44	1477-1484	Amelech	
7-45	1484-1485	.	
7-46	1486-1488	26	
7-47	1489-1491	Et	
7-48	1492-1499	dicetis	
7-49	1500-1501	:	
7-50	1502-1505	Hæc	
7-51	1506-1511	dicit	
7-52	1512-1515	rex	
7-53	1516-1517	:	
7-54	1518-1525	Mittite	
7-55	1526-1530	hunc	
7-56	1531-1533	in	
7-57	1534-1542	carcerem	
7-58	1542-1543	,	
7-59	1544-1546	et	
7-60	1547-1551	date	
7-61	1552-1554	ei	
7-62	1555-1560	panis	
7-63	1561-1568	modicum	
7-64	1568-1569	,	
7-65	1570-1572	et	
7-66	1573-1577	aquæ	
7-67	1578-1587	pauxillum	
7-68	1587-1588	,	
7-69	1589-1594	donec	
7-70	1595-1603	revertar	
7-71	1604-1606	in	
7-72	1607-1611	pace	
7-73	1611-1612	.	
7-74	1613-1615	27	
7-75	1616-1624	Dixitque	
7-76	1625-1632	Michæas	
7-77	1633-1634	:	
7-78	1635-1637	Si	
7-79	1638-1646	reversus	
7-80	1647-1653	fueris	
7-81	1654-1656	in	
7-82	1657-1661	pace	
7-83	1661-1662	,	
7-84	1663-1666	non	
7-85	1667-1670	est	
7-86	1671-1678	locutus	
7-87	1679-1686	Dominus	
7-88	1687-1689	in	
7-89	1690-1692	me	
7-90	1692-1693	.	

#Text=Et ait : Audite, omnes populi.
#Text=28 Igitur ascenderunt rex Israël et Josaphat rex Juda in Ramoth Galaad.
#Text=29 Dixitque rex Israël ad Josaphat : Mutabo habitum, et sic ad pugnam vadam : tu autem induere vestibus tuis.
8-1	1694-1696	Et	
8-2	1697-1700	ait	
8-3	1701-1702	:	
8-4	1703-1709	Audite	
8-5	1709-1710	,	
8-6	1711-1716	omnes	
8-7	1717-1723	populi	
8-8	1723-1724	.	
8-9	1725-1727	28	
8-10	1728-1734	Igitur	
8-11	1735-1746	ascenderunt	
8-12	1747-1750	rex	
8-13	1751-1757	Israël	
8-14	1758-1760	et	
8-15	1761-1769	Josaphat	
8-16	1770-1773	rex	
8-17	1774-1778	Juda	
8-18	1779-1781	in	
8-19	1782-1788	Ramoth	
8-20	1789-1795	Galaad	
8-21	1795-1796	.	
8-22	1797-1799	29	
8-23	1800-1808	Dixitque	
8-24	1809-1812	rex	
8-25	1813-1819	Israël	
8-26	1820-1822	ad	
8-27	1823-1831	Josaphat	
8-28	1832-1833	:	
8-29	1834-1840	Mutabo	
8-30	1841-1848	habitum	
8-31	1848-1849	,	
8-32	1850-1852	et	
8-33	1853-1856	sic	
8-34	1857-1859	ad	
8-35	1860-1866	pugnam	
8-36	1867-1872	vadam	
8-37	1873-1874	:	
8-38	1875-1877	tu	
8-39	1878-1883	autem	
8-40	1884-1891	induere	
8-41	1892-1900	vestibus	
8-42	1901-1905	tuis	
8-43	1905-1906	.	

#Text=Mutatoque rex Israël habitu, venit ad bellum.
#Text=30 Rex autem Syriæ præceperat ducibus equitatus sui, dicens : Ne pugnetis contra minimum aut contra maximum, nisi contra solum regem Israël.
9-1	1907-1916	Mutatoque	
9-2	1917-1920	rex	
9-3	1921-1927	Israël	
9-4	1928-1934	habitu	
9-5	1934-1935	,	
9-6	1936-1941	venit	
9-7	1942-1944	ad	
9-8	1945-1951	bellum	
9-9	1951-1952	.	
9-10	1953-1955	30	
9-11	1956-1959	Rex	
9-12	1960-1965	autem	
9-13	1966-1971	Syriæ	
9-14	1972-1982	præceperat	
9-15	1983-1990	ducibus	
9-16	1991-2000	equitatus	
9-17	2001-2004	sui	
9-18	2004-2005	,	
9-19	2006-2012	dicens	
9-20	2013-2014	:	
9-21	2015-2017	Ne	
9-22	2018-2026	pugnetis	
9-23	2027-2033	contra	
9-24	2034-2041	minimum	
9-25	2042-2045	aut	
9-26	2046-2052	contra	
9-27	2053-2060	maximum	
9-28	2060-2061	,	
9-29	2062-2066	nisi	
9-30	2067-2073	contra	
9-31	2074-2079	solum	
9-32	2080-2085	regem	
9-33	2086-2092	Israël	
9-34	2092-2093	.	
