#FORMAT=WebAnno TSV 3.3


#Text=The offensiveness of the several processes described varies from none
#Text=at all to that which constitutes one of the most intolerable of nuisances.
1-1	0-3	The	
1-2	4-17	offensiveness	
1-3	18-20	of	
1-4	21-24	the	
1-5	25-32	several	
1-6	33-42	processes	
1-7	43-52	described	
1-8	53-59	varies	
1-9	60-64	from	
1-10	65-69	none	
1-11	70-72	at	
1-12	73-76	all	
1-13	77-79	to	
1-14	80-84	that	
1-15	85-90	which	
1-16	91-102	constitutes	
1-17	103-106	one	
1-18	107-109	of	
1-19	110-113	the	
1-20	114-118	most	
1-21	119-130	intolerable	
1-22	131-133	of	
1-23	134-143	nuisances	
1-24	143-144	.	

#Text=On different occasions the interference or assistance of the Local
#Text=Government Board have been solicited for the suppression of nuisances
#Text=from works of this character.
2-1	145-147	On	
2-2	148-157	different	
2-3	158-167	occasions	
2-4	168-171	the	
2-5	172-184	interference	
2-6	185-187	or	
2-7	188-198	assistance	
2-8	199-201	of	
2-9	202-205	the	
2-10	206-211	Local	
2-11	212-222	Government	
2-12	223-228	Board	
2-13	229-233	have	
2-14	234-238	been	
2-15	239-248	solicited	
2-16	249-252	for	
2-17	253-256	the	
2-18	257-268	suppression	
2-19	269-271	of	
2-20	272-281	nuisances	
2-21	282-286	from	
2-22	287-292	works	
2-23	293-295	of	
2-24	296-300	this	
2-25	301-310	character	
2-26	310-311	.	

#Text=The most notable instances of applications of this kind of late years have been in respect of nuisances from
#Text=manure works along the shores of the Thames in 1873, and in respect
#Text=of similar nuisances at Plymouth in 1875.
3-1	312-315	The	
3-2	316-320	most	
3-3	321-328	notable	
3-4	329-338	instances	
3-5	339-341	of	
3-6	342-354	applications	
3-7	355-357	of	
3-8	358-362	this	
3-9	363-367	kind	
3-10	368-370	of	
3-11	371-375	late	
3-12	376-381	years	
3-13	382-386	have	
3-14	387-391	been	
3-15	392-394	in	
3-16	395-402	respect	
3-17	403-405	of	
3-18	406-415	nuisances	
3-19	416-420	from	
3-20	421-427	manure	
3-21	428-433	works	
3-22	434-439	along	
3-23	440-443	the	
3-24	444-450	shores	
3-25	451-453	of	
3-26	454-457	the	
3-27	458-464	Thames	
3-28	465-467	in	
3-29	468-472	1873	
3-30	472-473	,	
3-31	474-477	and	
3-32	478-480	in	
3-33	481-488	respect	
3-34	489-491	of	
3-35	492-499	similar	
3-36	500-509	nuisances	
3-37	510-512	at	
3-38	513-521	Plymouth	
3-39	522-524	in	
3-40	525-529	1875	
3-41	529-530	.	

#Text=I reported to the Board fully
#Text=upon the former of these cases in December 1873, but more briefly
#Text=upon the latter of them, since at that time the present general inquiry
#Text=had been set on foot.
4-1	531-532	I	
4-2	533-541	reported	
4-3	542-544	to	
4-4	545-548	the	
4-5	549-554	Board	
4-6	555-560	fully	
4-7	561-565	upon	
4-8	566-569	the	
4-9	570-576	former	
4-10	577-579	of	
4-11	580-585	these	
4-12	586-591	cases	
4-13	592-594	in	
4-14	595-603	December	
4-15	604-608	1873	
4-16	608-609	,	
4-17	610-613	but	
4-18	614-618	more	
4-19	619-626	briefly	
4-20	627-631	upon	
4-21	632-635	the	
4-22	636-642	latter	
4-23	643-645	of	
4-24	646-650	them	
4-25	650-651	,	
4-26	652-657	since	
4-27	658-660	at	
4-28	661-665	that	
4-29	666-670	time	
4-30	671-674	the	
4-31	675-682	present	
4-32	683-690	general	
4-33	691-698	inquiry	
4-34	699-702	had	
4-35	703-707	been	
4-36	708-711	set	
4-37	712-714	on	
4-38	715-719	foot	
4-39	719-720	.	

#Text=It is difficult to describe odours except by the use
#Text=of similitudes.
5-1	721-723	It	
5-2	724-726	is	
5-3	727-736	difficult	
5-4	737-739	to	
5-5	740-748	describe	
5-6	749-755	odours	
5-7	756-762	except	
5-8	763-765	by	
5-9	766-769	the	
5-10	770-773	use	
5-11	774-776	of	
5-12	777-788	similitudes	
5-13	788-789	.	

#Text=The offensive odour proceeding from superphosphate
#Text=works, from works in which animal matters are used more or less freely,
#Text=and from “ scutch ’’ manure works is, however, so distinctive that once
#Text=smelt it can never afterwards fail to be recognised.
6-1	790-793	The	
6-2	794-803	offensive	
6-3	804-809	odour	
6-4	810-820	proceeding	
6-5	821-825	from	
6-6	826-840	superphosphate	
6-7	841-846	works	
6-8	846-847	,	
6-9	848-852	from	
6-10	853-858	works	
6-11	859-861	in	
6-12	862-867	which	
6-13	868-874	animal	
6-14	875-882	matters	
6-15	883-886	are	
6-16	887-891	used	
6-17	892-896	more	
6-18	897-899	or	
6-19	900-904	less	
6-20	905-911	freely	
6-21	911-912	,	
6-22	913-916	and	
6-23	917-921	from	
6-24	922-923	“	
6-25	924-930	scutch	
6-26	931-932	’	
6-27	932-933	’	
6-28	934-940	manure	
6-29	941-946	works	
6-30	947-949	is	
6-31	949-950	,	
6-32	951-958	however	
6-33	958-959	,	
6-34	960-962	so	
6-35	963-974	distinctive	
6-36	975-979	that	
6-37	980-984	once	
6-38	985-990	smelt	
6-39	991-993	it	
6-40	994-997	can	
6-41	998-1003	never	
6-42	1004-1014	afterwards	
6-43	1015-1019	fail	
6-44	1020-1022	to	
6-45	1023-1025	be	
6-46	1026-1036	recognised	
6-47	1036-1037	.	

#Text=That from superphosphate making is pungent and slightly acid ; by some persons it is
#Text=called sickening, but its offensiveness and sickening quality are enhanced
#Text=where such animal matters as blood, offal, or fish, especially if putrid,
#Text=are employed in the manufacture of the manure.
7-1	1038-1042	That	
7-2	1043-1047	from	
7-3	1048-1062	superphosphate	
7-4	1063-1069	making	
7-5	1070-1072	is	
7-6	1073-1080	pungent	
7-7	1081-1084	and	
7-8	1085-1093	slightly	
7-9	1094-1098	acid	
7-10	1099-1100	;	
7-11	1101-1103	by	
7-12	1104-1108	some	
7-13	1109-1116	persons	
7-14	1117-1119	it	
7-15	1120-1122	is	
7-16	1123-1129	called	
7-17	1130-1139	sickening	
7-18	1139-1140	,	
7-19	1141-1144	but	
7-20	1145-1148	its	
7-21	1149-1162	offensiveness	
7-22	1163-1166	and	
7-23	1167-1176	sickening	
7-24	1177-1184	quality	
7-25	1185-1188	are	
7-26	1189-1197	enhanced	
7-27	1198-1203	where	
7-28	1204-1208	such	
7-29	1209-1215	animal	
7-30	1216-1223	matters	
7-31	1224-1226	as	
7-32	1227-1232	blood	
7-33	1232-1233	,	
7-34	1234-1239	offal	
7-35	1239-1240	,	
7-36	1241-1243	or	
7-37	1244-1248	fish	
7-38	1248-1249	,	
7-39	1250-1260	especially	
7-40	1261-1263	if	
7-41	1264-1270	putrid	
7-42	1270-1271	,	
7-43	1272-1275	are	
7-44	1276-1284	employed	
7-45	1285-1287	in	
7-46	1288-1291	the	
7-47	1292-1303	manufacture	
7-48	1304-1306	of	
7-49	1307-1310	the	
7-50	1311-1317	manure	
7-51	1317-1318	.	

#Text=I know of no odour
#Text=more horribly sickening than that which is evolved when sulphuric acid
#Text=is mixed with human excrement.
8-1	1319-1320	I	
8-2	1321-1325	know	
8-3	1326-1328	of	
8-4	1329-1331	no	
8-5	1332-1337	odour	
8-6	1338-1342	more	
8-7	1343-1351	horribly	
8-8	1352-1361	sickening	
8-9	1362-1366	than	
8-10	1367-1371	that	
8-11	1372-1377	which	
8-12	1378-1380	is	
8-13	1381-1388	evolved	
8-14	1389-1393	when	
8-15	1394-1403	sulphuric	
8-16	1404-1408	acid	
8-17	1409-1411	is	
8-18	1412-1417	mixed	
8-19	1418-1422	with	
8-20	1423-1428	human	
8-21	1429-1438	excrement	
8-22	1438-1439	.	

#Text=One of the most offensive works of
#Text=this kind that has come within my observation, where animal matter of
#Text=various kinds, and sometimes excrement, are used, is Bradb urn’s establishment at Wednesfield, upon which I reported to the Board in my
#Text=report on the sanitary condition of that place in 1874.
9-1	1440-1443	One	
9-2	1444-1446	of	
9-3	1447-1450	the	
9-4	1451-1455	most	
9-5	1456-1465	offensive	
9-6	1466-1471	works	
9-7	1472-1474	of	
9-8	1475-1479	this	
9-9	1480-1484	kind	
9-10	1485-1489	that	
9-11	1490-1493	has	
9-12	1494-1498	come	
9-13	1499-1505	within	
9-14	1506-1508	my	
9-15	1509-1520	observation	
9-16	1520-1521	,	
9-17	1522-1527	where	
9-18	1528-1534	animal	
9-19	1535-1541	matter	
9-20	1542-1544	of	
9-21	1545-1552	various	
9-22	1553-1558	kinds	
9-23	1558-1559	,	
9-24	1560-1563	and	
9-25	1564-1573	sometimes	
9-26	1574-1583	excrement	
9-27	1583-1584	,	
9-28	1585-1588	are	
9-29	1589-1593	used	
9-30	1593-1594	,	
9-31	1595-1597	is	
9-32	1598-1603	Bradb	
9-33	1604-1607	urn	
9-34	1607-1608	’	
9-35	1608-1609	s	
9-36	1610-1623	establishment	
9-37	1624-1626	at	
9-38	1627-1638	Wednesfield	
9-39	1638-1639	,	
9-40	1640-1644	upon	
9-41	1645-1650	which	
9-42	1651-1652	I	
9-43	1653-1661	reported	
9-44	1662-1664	to	
9-45	1665-1668	the	
9-46	1669-1674	Board	
9-47	1675-1677	in	
9-48	1678-1680	my	
9-49	1681-1687	report	
9-50	1688-1690	on	
9-51	1691-1694	the	
9-52	1695-1703	sanitary	
9-53	1704-1713	condition	
9-54	1714-1716	of	
9-55	1717-1721	that	
9-56	1722-1727	place	
9-57	1728-1730	in	
9-58	1731-1735	1874	
9-59	1735-1736	.	

#Text=The smell
#Text=proceeding from scutch manure works is described by some persons as
#Text=putrid as well as sickening.
10-1	1737-1740	The	
10-2	1741-1746	smell	
10-3	1747-1757	proceeding	
10-4	1758-1762	from	
10-5	1763-1769	scutch	
10-6	1770-1776	manure	
10-7	1777-1782	works	
10-8	1783-1785	is	
10-9	1786-1795	described	
10-10	1796-1798	by	
10-11	1799-1803	some	
10-12	1804-1811	persons	
10-13	1812-1814	as	
10-14	1815-1821	putrid	
10-15	1822-1824	as	
10-16	1825-1829	well	
10-17	1830-1832	as	
10-18	1833-1842	sickening	
10-19	1842-1843	.	

#Text=Dr.
11-1	1844-1846	Dr	
11-2	1846-1847	.	

#Text=Gordon, the principal medical officer
#Text=of the Woolwich garrison, described to me the odour proceeding from
#Text=the scutch manure works on Erith marshes as resembling, more than
#Text=anything else, that which he had perceived in India when passing to
#Text=leeward of the places in which the Hindoos burn their dead.
12-1	1848-1854	Gordon	
12-2	1854-1855	,	
12-3	1856-1859	the	
12-4	1860-1869	principal	
12-5	1870-1877	medical	
12-6	1878-1885	officer	
12-7	1886-1888	of	
12-8	1889-1892	the	
12-9	1893-1901	Woolwich	
12-10	1902-1910	garrison	
12-11	1910-1911	,	
12-12	1912-1921	described	
12-13	1922-1924	to	
12-14	1925-1927	me	
12-15	1928-1931	the	
12-16	1932-1937	odour	
12-17	1938-1948	proceeding	
12-18	1949-1953	from	
12-19	1954-1957	the	
12-20	1958-1964	scutch	
12-21	1965-1971	manure	
12-22	1972-1977	works	
12-23	1978-1980	on	
12-24	1981-1986	Erith	
12-25	1987-1994	marshes	
12-26	1995-1997	as	
12-27	1998-2008	resembling	
12-28	2008-2009	,	
12-29	2010-2014	more	
12-30	2015-2019	than	
12-31	2020-2028	anything	
12-32	2029-2033	else	
12-33	2033-2034	,	
12-34	2035-2039	that	
12-35	2040-2045	which	
12-36	2046-2048	he	
12-37	2049-2052	had	
12-38	2053-2062	perceived	
12-39	2063-2065	in	
12-40	2066-2071	India	
12-41	2072-2076	when	
12-42	2077-2084	passing	
12-43	2085-2087	to	
12-44	2088-2095	leeward	
12-45	2096-2098	of	
12-46	2099-2102	the	
12-47	2103-2109	places	
12-48	2110-2112	in	
12-49	2113-2118	which	
12-50	2119-2122	the	
12-51	2123-2130	Hindoos	
12-52	2131-2135	burn	
12-53	2136-2141	their	
12-54	2142-2146	dead	
12-55	2146-2147	.	

#Text=To myself
#Text=the odour resembles that of very decayed and putrid cheese.
13-1	2148-2150	To	
13-2	2151-2157	myself	
13-3	2158-2161	the	
13-4	2162-2167	odour	
13-5	2168-2177	resembles	
13-6	2178-2182	that	
13-7	2183-2185	of	
13-8	2186-2190	very	
13-9	2191-2198	decayed	
13-10	2199-2202	and	
13-11	2203-2209	putrid	
13-12	2210-2216	cheese	
13-13	2216-2217	.	

#Text=The odour
#Text=from superphosphate works has to my senses something of the same
#Text=character, especially marked when animal matters are used in addition
#Text=to bones and phosphates.
14-1	2218-2221	The	
14-2	2222-2227	odour	
14-3	2228-2232	from	
14-4	2233-2247	superphosphate	
14-5	2248-2253	works	
14-6	2254-2257	has	
14-7	2258-2260	to	
14-8	2261-2263	my	
14-9	2264-2270	senses	
14-10	2271-2280	something	
14-11	2281-2283	of	
14-12	2284-2287	the	
14-13	2288-2292	same	
14-14	2293-2302	character	
14-15	2302-2303	,	
14-16	2304-2314	especially	
14-17	2315-2321	marked	
14-18	2322-2326	when	
14-19	2327-2333	animal	
14-20	2334-2341	matters	
14-21	2342-2345	are	
14-22	2346-2350	used	
14-23	2351-2353	in	
14-24	2354-2362	addition	
14-25	2363-2365	to	
14-26	2366-2371	bones	
14-27	2372-2375	and	
14-28	2376-2386	phosphates	
14-29	2386-2387	.	

#Text=The distance to which the offensive odour
#Text=may spread beyond the works varies with the various circumstances
#Text=mentioned in the first part of this Report.
15-1	2388-2391	The	
15-2	2392-2400	distance	
15-3	2401-2403	to	
15-4	2404-2409	which	
15-5	2410-2413	the	
15-6	2414-2423	offensive	
15-7	2424-2429	odour	
15-8	2430-2433	may	
15-9	2434-2440	spread	
15-10	2441-2447	beyond	
15-11	2448-2451	the	
15-12	2452-2457	works	
15-13	2458-2464	varies	
15-14	2465-2469	with	
15-15	2470-2473	the	
15-16	2474-2481	various	
15-17	2482-2495	circumstances	
15-18	2496-2505	mentioned	
15-19	2506-2508	in	
15-20	2509-2512	the	
15-21	2513-2518	first	
15-22	2519-2523	part	
15-23	2524-2526	of	
15-24	2527-2531	this	
15-25	2532-2538	Report	
15-26	2538-2539	.	

#Text=It may be only perceived
#Text=offensively within a radius of 100 yards or less around the works, or the
#Text=odour may extend a mile or more beyond them.
16-1	2540-2542	It	
16-2	2543-2546	may	
16-3	2547-2549	be	
16-4	2550-2554	only	
16-5	2555-2564	perceived	
16-6	2565-2576	offensively	
16-7	2577-2583	within	
16-8	2584-2585	a	
16-9	2586-2592	radius	
16-10	2593-2595	of	
16-11	2596-2599	100	
16-12	2600-2605	yards	
16-13	2606-2608	or	
16-14	2609-2613	less	
16-15	2614-2620	around	
16-16	2621-2624	the	
16-17	2625-2630	works	
16-18	2630-2631	,	
16-19	2632-2634	or	
16-20	2635-2638	the	
16-21	2639-2644	odour	
16-22	2645-2648	may	
16-23	2649-2655	extend	
16-24	2656-2657	a	
16-25	2658-2662	mile	
16-26	2663-2665	or	
16-27	2666-2670	more	
16-28	2671-2677	beyond	
16-29	2678-2682	them	
16-30	2682-2683	.	

#Text=For example, the
#Text=odour from the Avorks of Morris and Griffin at Wolverhampton is said to
#Text=be perceived offensively at Newbridge, a distance of 1 miles ; Avhile
#Text=that from the Erith marshes “ scutch ” manure works was, on the occasion
#Text=of my inquiry on the Thames, saic) to be an intolerable nuisance at the
#Text=Woolwich barracks, a distance 4 miles.
17-1	2684-2687	For	
17-2	2688-2695	example	
17-3	2695-2696	,	
17-4	2697-2700	the	
17-5	2701-2706	odour	
17-6	2707-2711	from	
17-7	2712-2715	the	
17-8	2716-2722	Avorks	
17-9	2723-2725	of	
17-10	2726-2732	Morris	
17-11	2733-2736	and	
17-12	2737-2744	Griffin	
17-13	2745-2747	at	
17-14	2748-2761	Wolverhampton	
17-15	2762-2764	is	
17-16	2765-2769	said	
17-17	2770-2772	to	
17-18	2773-2775	be	
17-19	2776-2785	perceived	
17-20	2786-2797	offensively	
17-21	2798-2800	at	
17-22	2801-2810	Newbridge	
17-23	2810-2811	,	
17-24	2812-2813	a	
17-25	2814-2822	distance	
17-26	2823-2825	of	
17-27	2826-2827	1	
17-28	2828-2833	miles	
17-29	2834-2835	;	
17-30	2836-2842	Avhile	
17-31	2843-2847	that	
17-32	2848-2852	from	
17-33	2853-2856	the	
17-34	2857-2862	Erith	
17-35	2863-2870	marshes	
17-36	2871-2872	“	
17-37	2873-2879	scutch	
17-38	2880-2881	”	
17-39	2882-2888	manure	
17-40	2889-2894	works	
17-41	2895-2898	was	
17-42	2898-2899	,	
17-43	2900-2902	on	
17-44	2903-2906	the	
17-45	2907-2915	occasion	
17-46	2916-2918	of	
17-47	2919-2921	my	
17-48	2922-2929	inquiry	
17-49	2930-2932	on	
17-50	2933-2936	the	
17-51	2937-2943	Thames	
17-52	2943-2944	,	
17-53	2945-2949	saic	
17-54	2949-2950	)	
17-55	2951-2953	to	
17-56	2954-2956	be	
17-57	2957-2959	an	
17-58	2960-2971	intolerable	
17-59	2972-2980	nuisance	
17-60	2981-2983	at	
17-61	2984-2987	the	
17-62	2988-2996	Woolwich	
17-63	2997-3005	barracks	
17-64	3005-3006	,	
17-65	3007-3008	a	
17-66	3009-3017	distance	
17-67	3018-3019	4	
17-68	3020-3025	miles	
17-69	3025-3026	.	

#Text=Loud and grievous complaints
#Text=are made in the tOAvn of Plymouth, especially by persons residing about
#Text=the Hoe, of the offensive odours from the manure works at Cattedown,
#Text=a distance of about 1 mile, when the wind blows from that direction
#Text=across the bay.
18-1	3027-3031	Loud	
18-2	3032-3035	and	
18-3	3036-3044	grievous	
18-4	3045-3055	complaints	
18-5	3056-3059	are	
18-6	3060-3064	made	
18-7	3065-3067	in	
18-8	3068-3071	the	
18-9	3072-3077	tOAvn	
18-10	3078-3080	of	
18-11	3081-3089	Plymouth	
18-12	3089-3090	,	
18-13	3091-3101	especially	
18-14	3102-3104	by	
18-15	3105-3112	persons	
18-16	3113-3121	residing	
18-17	3122-3127	about	
18-18	3128-3131	the	
18-19	3132-3135	Hoe	
18-20	3135-3136	,	
18-21	3137-3139	of	
18-22	3140-3143	the	
18-23	3144-3153	offensive	
18-24	3154-3160	odours	
18-25	3161-3165	from	
18-26	3166-3169	the	
18-27	3170-3176	manure	
18-28	3177-3182	works	
18-29	3183-3185	at	
18-30	3186-3195	Cattedown	
18-31	3195-3196	,	
18-32	3197-3198	a	
18-33	3199-3207	distance	
18-34	3208-3210	of	
18-35	3211-3216	about	
18-36	3217-3218	1	
18-37	3219-3223	mile	
18-38	3223-3224	,	
18-39	3225-3229	when	
18-40	3230-3233	the	
18-41	3234-3238	wind	
18-42	3239-3244	blows	
18-43	3245-3249	from	
18-44	3250-3254	that	
18-45	3255-3264	direction	
18-46	3265-3271	across	
18-47	3272-3275	the	
18-48	3276-3279	bay	
18-49	3279-3280	.	

#Text=I have made such inquiries as were practicable as to the effect of
#Text=these offensive odours upon the health of persons exposed to them.
19-1	3282-3283	I	
19-2	3284-3288	have	
19-3	3289-3293	made	
19-4	3294-3298	such	
19-5	3299-3308	inquiries	
19-6	3309-3311	as	
19-7	3312-3316	were	
19-8	3317-3328	practicable	
19-9	3329-3331	as	
19-10	3332-3334	to	
19-11	3335-3338	the	
19-12	3339-3345	effect	
19-13	3346-3348	of	
19-14	3349-3354	these	
19-15	3355-3364	offensive	
19-16	3365-3371	odours	
19-17	3372-3376	upon	
19-18	3377-3380	the	
19-19	3381-3387	health	
19-20	3388-3390	of	
19-21	3391-3398	persons	
19-22	3399-3406	exposed	
19-23	3407-3409	to	
19-24	3410-3414	them	
19-25	3414-3415	.	

#Text=Replies to individual inquiries have been to the effect that prolonged
#Text=exposure to the offensive odours produces feelings of depression, headache, indisposition for food, nausea, or even sometimes fainting.
20-1	3416-3423	Replies	
20-2	3424-3426	to	
20-3	3427-3437	individual	
20-4	3438-3447	inquiries	
20-5	3448-3452	have	
20-6	3453-3457	been	
20-7	3458-3460	to	
20-8	3461-3464	the	
20-9	3465-3471	effect	
20-10	3472-3476	that	
20-11	3477-3486	prolonged	
20-12	3487-3495	exposure	
20-13	3496-3498	to	
20-14	3499-3502	the	
20-15	3503-3512	offensive	
20-16	3513-3519	odours	
20-17	3520-3528	produces	
20-18	3529-3537	feelings	
20-19	3538-3540	of	
20-20	3541-3551	depression	
20-21	3551-3552	,	
20-22	3553-3561	headache	
20-23	3561-3562	,	
20-24	3563-3576	indisposition	
20-25	3577-3580	for	
20-26	3581-3585	food	
20-27	3585-3586	,	
20-28	3587-3593	nausea	
20-29	3593-3594	,	
20-30	3595-3597	or	
20-31	3598-3602	even	
20-32	3603-3612	sometimes	
20-33	3613-3621	fainting	
20-34	3621-3622	.	

#Text=These,
#Text=however, are ordinary results in sensitive individuals of the impression
#Text=made by any specially offensive odour upon the nervous system.
21-1	3623-3628	These	
21-2	3628-3629	,	
21-3	3630-3637	however	
21-4	3637-3638	,	
21-5	3639-3642	are	
21-6	3643-3651	ordinary	
21-7	3652-3659	results	
21-8	3660-3662	in	
21-9	3663-3672	sensitive	
21-10	3673-3684	individuals	
21-11	3685-3687	of	
21-12	3688-3691	the	
21-13	3692-3702	impression	
21-14	3703-3707	made	
21-15	3708-3710	by	
21-16	3711-3714	any	
21-17	3715-3724	specially	
21-18	3725-3734	offensive	
21-19	3735-3740	odour	
21-20	3741-3745	upon	
21-21	3746-3749	the	
21-22	3750-3757	nervous	
21-23	3758-3764	system	
21-24	3764-3765	.	

#Text=They
#Text=pass off, however, with the intermission of their cause.
22-1	3766-3770	They	
22-2	3771-3775	pass	
22-3	3776-3779	off	
22-4	3779-3780	,	
22-5	3781-3788	however	
22-6	3788-3789	,	
22-7	3790-3794	with	
22-8	3795-3798	the	
22-9	3799-3811	intermission	
22-10	3812-3814	of	
22-11	3815-3820	their	
22-12	3821-3826	cause	
22-13	3826-3827	.	

#Text=I have not
#Text=been able to ascertain that any permanent injury to health has followed
#Text=even the frequent repetition of exposure to these offensive odours.
23-1	3828-3829	I	
23-2	3830-3834	have	
23-3	3835-3838	not	
23-4	3839-3843	been	
23-5	3844-3848	able	
23-6	3849-3851	to	
23-7	3852-3861	ascertain	
23-8	3862-3866	that	
23-9	3867-3870	any	
23-10	3871-3880	permanent	
23-11	3881-3887	injury	
23-12	3888-3890	to	
23-13	3891-3897	health	
23-14	3898-3901	has	
23-15	3902-3910	followed	
23-16	3911-3915	even	
23-17	3916-3919	the	
23-18	3920-3928	frequent	
23-19	3929-3939	repetition	
23-20	3940-3942	of	
23-21	3943-3951	exposure	
23-22	3952-3954	to	
23-23	3955-3960	these	
23-24	3961-3970	offensive	
23-25	3971-3977	odours	
23-26	3977-3978	.	

#Text=Nevertheless, so long as the cause operates it does to a serious extent
#Text=sometimes disturb the health of some individuals.
24-1	3979-3991	Nevertheless	
24-2	3991-3992	,	
24-3	3993-3995	so	
24-4	3996-4000	long	
24-5	4001-4003	as	
24-6	4004-4007	the	
24-7	4008-4013	cause	
24-8	4014-4022	operates	
24-9	4023-4025	it	
24-10	4026-4030	does	
24-11	4031-4033	to	
24-12	4034-4035	a	
24-13	4036-4043	serious	
24-14	4044-4050	extent	
24-15	4051-4060	sometimes	
24-16	4061-4068	disturb	
24-17	4069-4072	the	
24-18	4073-4079	health	
24-19	4080-4082	of	
24-20	4083-4087	some	
24-21	4088-4099	individuals	
24-22	4099-4100	.	
