#FORMAT=WebAnno TSV 3.3


#Text=Jedesmal lauſcht die Er-
#Text=wartung im Herzen, jedesmal wird ſie gelöſ't, bald
#Text=durch die allumfaſſende Weite auf der Höh', durch die
#Text=Sonne die ſo plötzlich alles aus dem Schlaf weckt;
#Text=
#Text=ich klimme herab an Felswänden, reinliches Moos,
#Text=zierliches Flechtwerk begleitet den Stein, kleine Höhlen
#Text=
#Text=zum Lager wie gegoſſen, in denen verſchnauf' ich, dort
#Text=zwiſchen dunklen Felſen leuchtet ein helleres Grün:
#Text=kräf-
#Text=tig blühend, untadelich, mitten in der Wüſte find' ich
#Text=die Blume auf reinlichem Heerd, einfache Haushaltung
#Text=Gottes;
#Text=inmitten von Blüthenwänden die Opferſtätte
#Text=
#Text=feier-
#Text=
#Text=\f
#Text=[241/0273
#Text=]
#Text=
#Text=feierlich umſtellt von ſchwanken prieſterlichen Nymphen,
#Text=die Libationen aus ihren Kelchkrüglein ergießen, und
#Text=Weihrauch ſtreuen, und wie die indiſchen Mädchen gold-
#Text=nen Staub in die Lüfte werfen.
#Text=— Dann ſeh' ich's blitzen
#Text=im Sand;
#Text=ich muß hinab und wieder hinauf, ob's vielleicht
#Text=ein Diamant iſt, den der Zufall an's Licht gebracht hat.
1-1	2-10	Jedesmal	
1-2	11-18	lauſcht	
1-3	19-22	die	
1-4	23-25	Er	
1-5	25-26	-	
1-6	27-34	wartung	
1-7	35-37	im	
1-8	38-44	Herzen	
1-9	44-45	,	
1-10	46-54	jedesmal	
1-11	55-59	wird	
1-12	60-63	ſie	
1-13	64-71	gelöſ't	
1-14	71-72	,	
1-15	73-77	bald	
1-16	78-83	durch	
1-17	84-87	die	
1-18	88-101	allumfaſſende	
1-19	102-107	Weite	
1-20	108-111	auf	
1-21	112-115	der	
1-22	116-119	Höh	
1-23	119-120	'	
1-24	120-121	,	
1-25	122-127	durch	
1-26	128-131	die	
1-27	132-137	Sonne	
1-28	138-141	die	
1-29	142-144	ſo	
1-30	145-154	plötzlich	
1-31	155-160	alles	
1-32	161-164	aus	
1-33	165-168	dem	
1-34	169-175	Schlaf	
1-35	176-181	weckt	
1-36	181-182	;	
1-37	184-187	ich	
1-38	188-194	klimme	
1-39	195-200	herab	
1-40	201-203	an	
1-41	204-214	Felswänden	
1-42	214-215	,	
1-43	216-226	reinliches	
1-44	227-231	Moos	
1-45	231-232	,	
1-46	233-243	zierliches	
1-47	244-254	Flechtwerk	
1-48	255-264	begleitet	
1-49	265-268	den	
1-50	269-274	Stein	
1-51	274-275	,	
1-52	276-282	kleine	
1-53	283-289	Höhlen	
1-54	291-294	zum	
1-55	295-300	Lager	
1-56	301-304	wie	
1-57	305-313	gegoſſen	
1-58	313-314	,	
1-59	315-317	in	
1-60	318-323	denen	
1-61	324-334	verſchnauf	
1-62	334-335	'	
1-63	336-339	ich	
1-64	339-340	,	
1-65	341-345	dort	
1-66	346-354	zwiſchen	
1-67	355-362	dunklen	
1-68	363-369	Felſen	
1-69	370-378	leuchtet	
1-70	379-382	ein	
1-71	383-391	helleres	
1-72	392-396	Grün	
1-73	396-397	:	
1-74	398-402	kräf	
1-75	402-403	-	
1-76	404-407	tig	
1-77	408-415	blühend	
1-78	415-416	,	
1-79	417-427	untadelich	
1-80	427-428	,	
1-81	429-435	mitten	
1-82	436-438	in	
1-83	439-442	der	
1-84	443-448	Wüſte	
1-85	449-453	find	
1-86	453-454	'	
1-87	455-458	ich	
1-88	459-462	die	
1-89	463-468	Blume	
1-90	469-472	auf	
1-91	473-483	reinlichem	
1-92	484-489	Heerd	
1-93	489-490	,	
1-94	491-499	einfache	
1-95	500-511	Haushaltung	
1-96	512-518	Gottes	
1-97	518-519	;	
1-98	520-528	inmitten	
1-99	529-532	von	
1-100	533-546	Blüthenwänden	
1-101	547-550	die	
1-102	551-562	Opferſtätte	
1-103	564-569	feier	
1-104	569-570	-	
1-105	574-575	[	
1-106	575-578	241	
1-107	578-579	/	
1-108	579-583	0273	
1-109	584-585	]	
1-110	587-596	feierlich	
1-111	597-605	umſtellt	
1-112	606-609	von	
1-113	610-619	ſchwanken	
1-114	620-634	prieſterlichen	
1-115	635-642	Nymphen	
1-116	642-643	,	
1-117	644-647	die	
1-118	648-658	Libationen	
1-119	659-662	aus	
1-120	663-668	ihren	
1-121	669-682	Kelchkrüglein	
1-122	683-691	ergießen	
1-123	691-692	,	
1-124	693-696	und	
1-125	697-706	Weihrauch	
1-126	707-714	ſtreuen	
1-127	714-715	,	
1-128	716-719	und	
1-129	720-723	wie	
1-130	724-727	die	
1-131	728-737	indiſchen	
1-132	738-745	Mädchen	
1-133	746-750	gold	
1-134	750-751	-	
1-135	752-755	nen	
1-136	756-761	Staub	
1-137	762-764	in	
1-138	765-768	die	
1-139	769-774	Lüfte	
1-140	775-781	werfen	
1-141	781-782	.	
1-142	783-784	—	
1-143	785-789	Dann	
1-144	790-793	ſeh	
1-145	793-794	'	
1-146	795-800	ich's	
1-147	801-808	blitzen	
1-148	809-811	im	
1-149	812-816	Sand	
1-150	816-817	;	
1-151	818-821	ich	
1-152	822-825	muß	
1-153	826-831	hinab	
1-154	832-835	und	
1-155	836-842	wieder	
1-156	843-849	hinauf	
1-157	849-850	,	
1-158	851-855	ob's	
1-159	856-866	vielleicht	
1-160	867-870	ein	
1-161	871-878	Diamant	
1-162	879-882	iſt	
1-163	882-883	,	
1-164	884-887	den	
1-165	888-891	der	
1-166	892-898	Zufall	
1-167	899-903	an's	
1-168	904-909	Licht	
1-169	910-918	gebracht	
1-170	919-922	hat	
1-171	922-923	.	

#Text=Wenn's einer wär', ich ſchenkte ihn Dir, und denk' mir
#Text=deine Verwunderung über das Kleinod unſerer rheini-
#Text=ſchen Felſen.
2-1	925-931	Wenn's	
2-2	932-937	einer	
2-3	938-941	wär	
2-4	941-942	'	
2-5	942-943	,	
2-6	944-947	ich	
2-7	948-956	ſchenkte	
2-8	957-960	ihn	
2-9	961-964	Dir	
2-10	964-965	,	
2-11	966-969	und	
2-12	970-974	denk	
2-13	974-975	'	
2-14	976-979	mir	
2-15	980-985	deine	
2-16	986-998	Verwunderung	
2-17	999-1003	über	
2-18	1004-1007	das	
2-19	1008-1015	Kleinod	
2-20	1016-1023	unſerer	
2-21	1024-1030	rheini	
2-22	1030-1031	-	
2-23	1032-1037	ſchen	
2-24	1038-1044	Felſen	
2-25	1044-1045	.	

#Text=Da lieg' ich am unbeſchatteten Ort mit
#Text=brennenden Wangen, und ſammle Muth, wieder hinüber
#Text=zu klettern zur duftenden Linde.
3-1	1046-1048	Da	
3-2	1049-1053	lieg	
3-3	1053-1054	'	
3-4	1055-1058	ich	
3-5	1059-1061	am	
3-6	1062-1076	unbeſchatteten	
3-7	1077-1080	Ort	
3-8	1081-1084	mit	
3-9	1085-1095	brennenden	
3-10	1096-1102	Wangen	
3-11	1102-1103	,	
3-12	1104-1107	und	
3-13	1108-1114	ſammle	
3-14	1115-1119	Muth	
3-15	1119-1120	,	
3-16	1121-1127	wieder	
3-17	1128-1135	hinüber	
3-18	1136-1138	zu	
3-19	1139-1147	klettern	
3-20	1148-1151	zur	
3-21	1152-1161	duftenden	
3-22	1162-1167	Linde	
3-23	1167-1168	.	

#Text=Am Kreuzweg, beim
#Text=Opferſtock des heiligen Petrus, der mit großem Him-
#Text=melsſchlüſſel in's vergitterte Kapellchen eingeſperrt iſt,
#Text=ruh' ich aus auf weichem Gras, und ſuch' vergebens,
#Text=o Himmel!
4-1	1169-1171	Am	
4-2	1172-1180	Kreuzweg	
4-3	1180-1181	,	
4-4	1182-1186	beim	
4-5	1187-1197	Opferſtock	
4-6	1198-1201	des	
4-7	1202-1210	heiligen	
4-8	1211-1217	Petrus	
4-9	1217-1218	,	
4-10	1219-1222	der	
4-11	1223-1226	mit	
4-12	1227-1233	großem	
4-13	1234-1237	Him	
4-14	1237-1238	-	
4-15	1239-1252	melsſchlüſſel	
4-16	1253-1257	in's	
4-17	1258-1269	vergitterte	
4-18	1270-1280	Kapellchen	
4-19	1281-1292	eingeſperrt	
4-20	1293-1296	iſt	
4-21	1296-1297	,	
4-22	1298-1301	ruh	
4-23	1301-1302	'	
4-24	1303-1306	ich	
4-25	1307-1310	aus	
4-26	1311-1314	auf	
4-27	1315-1322	weichem	
4-28	1323-1327	Gras	
4-29	1327-1328	,	
4-30	1329-1332	und	
4-31	1333-1337	ſuch	
4-32	1337-1338	'	
4-33	1339-1348	vergebens	
4-34	1348-1349	,	
4-35	1350-1351	o	
4-36	1352-1358	Himmel	
4-37	1358-1359	!	

#Text=an deinem gewölbten Blau das Loch, in
#Text=das der Schlüſſel paſſen könnte, da ich heraus möchte
#Text=aus dem Gefängniß der Unwiſſenheit und Unbewußt-
#Text=heit;
#Text=wo iſt die Thür die dem Licht und der Freiheit
#Text=ſich öffnet.
#Text=— Da ruſchelt's, da zwitſchert's im Laub,
#Text=dicht neben mir, unter niederem Aſt ſitzt das Finken-
#Text=weibchen im Neſt und ſieht mich kläglich an.
5-1	1360-1362	an	
5-2	1363-1369	deinem	
5-3	1370-1379	gewölbten	
5-4	1380-1384	Blau	
5-5	1385-1388	das	
5-6	1389-1393	Loch	
5-7	1393-1394	,	
5-8	1395-1397	in	
5-9	1398-1401	das	
5-10	1402-1405	der	
5-11	1406-1415	Schlüſſel	
5-12	1416-1422	paſſen	
5-13	1423-1429	könnte	
5-14	1429-1430	,	
5-15	1431-1433	da	
5-16	1434-1437	ich	
5-17	1438-1444	heraus	
5-18	1445-1451	möchte	
5-19	1452-1455	aus	
5-20	1456-1459	dem	
5-21	1460-1469	Gefängniß	
5-22	1470-1473	der	
5-23	1474-1486	Unwiſſenheit	
5-24	1487-1490	und	
5-25	1491-1499	Unbewußt	
5-26	1499-1500	-	
5-27	1501-1505	heit	
5-28	1505-1506	;	
5-29	1507-1509	wo	
5-30	1510-1513	iſt	
5-31	1514-1517	die	
5-32	1518-1522	Thür	
5-33	1523-1526	die	
5-34	1527-1530	dem	
5-35	1531-1536	Licht	
5-36	1537-1540	und	
5-37	1541-1544	der	
5-38	1545-1553	Freiheit	
5-39	1554-1558	ſich	
5-40	1559-1565	öffnet	
5-41	1565-1566	.	
5-42	1567-1568	—	
5-43	1569-1571	Da	
5-44	1572-1582	ruſchelt's	
5-45	1582-1583	,	
5-46	1584-1586	da	
5-47	1587-1599	zwitſchert's	
5-48	1600-1602	im	
5-49	1603-1607	Laub	
5-50	1607-1608	,	
5-51	1609-1614	dicht	
5-52	1615-1620	neben	
5-53	1621-1624	mir	
5-54	1624-1625	,	
5-55	1626-1631	unter	
5-56	1632-1640	niederem	
5-57	1641-1644	Aſt	
5-58	1645-1650	ſitzt	
5-59	1651-1654	das	
5-60	1655-1661	Finken	
5-61	1661-1662	-	
5-62	1663-1671	weibchen	
5-63	1672-1674	im	
5-64	1675-1679	Neſt	
5-65	1680-1683	und	
5-66	1684-1689	ſieht	
5-67	1690-1694	mich	
5-68	1695-1703	kläglich	
5-69	1704-1706	an	
5-70	1706-1707	.	

#Text=Das ſind die kleinen allerliebſten Abentheuer und
#Text=Mühſeligkeiten des heutigen Tags.
6-1	1711-1714	Das	
6-2	1715-1719	ſind	
6-3	1720-1723	die	
6-4	1724-1731	kleinen	
6-5	1732-1745	allerliebſten	
6-6	1746-1756	Abentheuer	
6-7	1757-1760	und	
6-8	1761-1775	Mühſeligkeiten	
6-9	1776-1779	des	
6-10	1780-1788	heutigen	
6-11	1789-1793	Tags	
6-12	1793-1794	.	

#Text=Heimwärts machte
#Text=ich die Bekanntſchaft der kleinen Gänſehirtin, ſie ſtrahlte
#Text=
#Text=
#Text=I. 11\f
#Text=[242/0274]
#Text=
#Text=mich von weitem an mit ihren zolllangen ſchwarzen
#Text=Augenwimpern, die andern Kinder lachten es aus und
#Text=ſagten
#Text=alle Menſchen hielten ſich drüber auf, daß es ſo
#Text=
#Text=lange Wimpern habe.
7-1	1795-1804	Heimwärts	
7-2	1805-1811	machte	
7-3	1812-1815	ich	
7-4	1816-1819	die	
7-5	1820-1833	Bekanntſchaft	
7-6	1834-1837	der	
7-7	1838-1845	kleinen	
7-8	1846-1857	Gänſehirtin	
7-9	1857-1858	,	
7-10	1859-1862	ſie	
7-11	1863-1871	ſtrahlte	
7-12	1874-1875	I	
7-13	1875-1876	.	
7-14	1877-1879	11	
7-15	1881-1882	[	
7-16	1882-1885	242	
7-17	1885-1886	/	
7-18	1886-1890	0274	
7-19	1890-1891	]	
7-20	1893-1897	mich	
7-21	1898-1901	von	
7-22	1902-1908	weitem	
7-23	1909-1911	an	
7-24	1912-1915	mit	
7-25	1916-1921	ihren	
7-26	1922-1932	zolllangen	
7-27	1933-1942	ſchwarzen	
7-28	1943-1955	Augenwimpern	
7-29	1955-1956	,	
7-30	1957-1960	die	
7-31	1961-1967	andern	
7-32	1968-1974	Kinder	
7-33	1975-1982	lachten	
7-34	1983-1985	es	
7-35	1986-1989	aus	
7-36	1990-1993	und	
7-37	1994-2000	ſagten	
7-38	2001-2005	alle	
7-39	2006-2014	Menſchen	
7-40	2015-2022	hielten	
7-41	2023-2027	ſich	
7-42	2028-2034	drüber	
7-43	2035-2038	auf	
7-44	2038-2039	,	
7-45	2040-2043	daß	
7-46	2044-2046	es	
7-47	2047-2049	ſo	
7-48	2051-2056	lange	
7-49	2057-2064	Wimpern	
7-50	2065-2069	habe	
7-51	2069-2070	.	
