#FORMAT=WebAnno TSV 3.3


#Text=Eenige meynen, dat als doen d’aerdtbevinge geschiet is:
#Text=van dewelcke te sien is Amos c. 1.
#Text=vers 1.
1-1	4-10	Eenige	
1-2	11-17	meynen	
1-3	17-18	,	
1-4	19-22	dat	
1-5	23-26	als	
1-6	27-31	doen	
1-7	32-33	d	
1-8	33-34	’	
1-9	34-46	aerdtbevinge	
1-10	47-55	geschiet	
1-11	56-58	is	
1-12	58-59	:	
1-13	60-63	van	
1-14	64-72	dewelcke	
1-15	73-75	te	
1-16	76-80	sien	
1-17	81-83	is	
1-18	84-88	Amos	
1-19	89-90	c	
1-20	90-91	.	
1-21	92-93	1	
1-22	93-94	.	
1-23	95-99	vers	
1-24	100-101	1	
1-25	101-102	.	

#Text=Zach.
#Text=14.5.
#Text=als een openbaer bewijs van de gramschap Godts tegen desen Koningh.
2-1	103-107	Zach	
2-2	107-108	.	
2-3	109-113	14.5	
2-4	113-114	.	
2-5	115-118	als	
2-6	119-122	een	
2-7	123-131	openbaer	
2-8	132-138	bewijs	
2-9	139-142	van	
2-10	143-145	de	
2-11	146-155	gramschap	
2-12	156-161	Godts	
2-13	162-167	tegen	
2-14	168-173	desen	
2-15	174-181	Koningh	
2-16	181-182	.	

#Text=Doe wert Uzzia Van het Hebr.
#Text=woort siet Gen. 40.
#Text=op vers 6.
#Text=toornigh, ende het reuckwerck was in sijne hant, om te roocken:
#Text=als hy nu toornigh wert tegen de Priesteren, rees de melaetsheyt op aen sijn voorhooft, voor het aengesichte der Priesteren T.w. van den Heere, die van boven, ofte van by desen altaer yet tegen des Koninghs aengesicht schijnt uytgeschoten te hebben, het welcke dese melaetsheyt heeft veroorsaeckt. in’t Huys des HEEREN, van boven den reuck-altaer.
#Text=
#Text=20
#Text=
#Text=
#Text=Als doen sagh de Hebr.
#Text=de Priester het Hooft, te weten, der Priesteren, dat is, de Overpriester.
3-1	183-186	Doe	
3-2	187-191	wert	
3-3	192-197	Uzzia	
3-4	198-201	Van	
3-5	202-205	het	
3-6	206-210	Hebr	
3-7	210-211	.	
3-8	212-217	woort	
3-9	218-222	siet	
3-10	223-226	Gen	
3-11	226-227	.	
3-12	228-230	40	
3-13	230-231	.	
3-14	232-234	op	
3-15	235-239	vers	
3-16	240-241	6	
3-17	241-242	.	
3-18	243-251	toornigh	
3-19	251-252	,	
3-20	253-257	ende	
3-21	258-261	het	
3-22	262-272	reuckwerck	
3-23	273-276	was	
3-24	277-279	in	
3-25	280-285	sijne	
3-26	286-290	hant	
3-27	290-291	,	
3-28	292-294	om	
3-29	295-297	te	
3-30	298-305	roocken	
3-31	305-306	:	
3-32	307-310	als	
3-33	311-313	hy	
3-34	314-316	nu	
3-35	317-325	toornigh	
3-36	326-330	wert	
3-37	331-336	tegen	
3-38	337-339	de	
3-39	340-350	Priesteren	
3-40	350-351	,	
3-41	352-356	rees	
3-42	357-359	de	
3-43	360-371	melaetsheyt	
3-44	372-374	op	
3-45	375-378	aen	
3-46	379-383	sijn	
3-47	384-393	voorhooft	
3-48	393-394	,	
3-49	395-399	voor	
3-50	400-403	het	
3-51	404-415	aengesichte	
3-52	416-419	der	
3-53	420-430	Priesteren	
3-54	431-434	T.w	
3-55	434-435	.	
3-56	436-439	van	
3-57	440-443	den	
3-58	444-449	Heere	
3-59	449-450	,	
3-60	451-454	die	
3-61	455-458	van	
3-62	459-464	boven	
3-63	464-465	,	
3-64	466-470	ofte	
3-65	471-474	van	
3-66	475-477	by	
3-67	478-483	desen	
3-68	484-490	altaer	
3-69	491-494	yet	
3-70	495-500	tegen	
3-71	501-504	des	
3-72	505-513	Koninghs	
3-73	514-524	aengesicht	
3-74	525-532	schijnt	
3-75	533-545	uytgeschoten	
3-76	546-548	te	
3-77	549-555	hebben	
3-78	555-556	,	
3-79	557-560	het	
3-80	561-567	welcke	
3-81	568-572	dese	
3-82	573-584	melaetsheyt	
3-83	585-590	heeft	
3-84	591-603	veroorsaeckt	
3-85	603-604	.	
3-86	605-607	in	
3-87	607-608	’	
3-88	608-609	t	
3-89	610-614	Huys	
3-90	615-618	des	
3-91	619-625	HEEREN	
3-92	625-626	,	
3-93	627-630	van	
3-94	631-636	boven	
3-95	637-640	den	
3-96	641-653	reuck-altaer	
3-97	653-654	.	
3-98	656-658	20	
3-99	661-664	Als	
3-100	665-669	doen	
3-101	670-674	sagh	
3-102	675-677	de	
3-103	678-682	Hebr	
3-104	682-683	.	
3-105	684-686	de	
3-106	687-695	Priester	
3-107	696-699	het	
3-108	700-705	Hooft	
3-109	705-706	,	
3-110	707-709	te	
3-111	710-715	weten	
3-112	715-716	,	
3-113	717-720	der	
3-114	721-731	Priesteren	
3-115	731-732	,	
3-116	733-736	dat	
3-117	737-739	is	
3-118	739-740	,	
3-119	741-743	de	
3-120	744-756	Overpriester	
3-121	756-757	.	

#Text=Hooftpriester Azaria op hem, ende alle de Priesteren, ende siet, hy was melaetsch aen sijn voorhooft, ende sy stieten hem metter haeste van daer, ja, hy selfs Vergel.
4-1	758-771	Hooftpriester	
4-2	772-778	Azaria	
4-3	779-781	op	
4-4	782-785	hem	
4-5	785-786	,	
4-6	787-791	ende	
4-7	792-796	alle	
4-8	797-799	de	
4-9	800-810	Priesteren	
4-10	810-811	,	
4-11	812-816	ende	
4-12	817-821	siet	
4-13	821-822	,	
4-14	823-825	hy	
4-15	826-829	was	
4-16	830-839	melaetsch	
4-17	840-843	aen	
4-18	844-848	sijn	
4-19	849-858	voorhooft	
4-20	858-859	,	
4-21	860-864	ende	
4-22	865-867	sy	
4-23	868-875	stieten	
4-24	876-879	hem	
4-25	880-886	metter	
4-26	887-893	haeste	
4-27	894-897	van	
4-28	898-902	daer	
4-29	902-903	,	
4-30	904-906	ja	
4-31	906-907	,	
4-32	908-910	hy	
4-33	911-916	selfs	
4-34	917-923	Vergel	
4-35	923-924	.	

#Text=Esth.
#Text=6.
#Text=vers 12.
5-1	925-929	Esth	
5-2	929-930	.	
5-3	931-932	6	
5-4	932-933	.	
5-5	934-938	vers	
5-6	939-941	12	
5-7	941-942	.	
