#FORMAT=WebAnno TSV 3.3


#Text=II.
1-1	3-5	II	
1-2	5-6	.	

#Text=Vr.
2-1	7-9	Vr	
2-2	9-10	.	

#Text=Of de snelligheid der beweeginge van 't hoofd, van voren en van achteren
#Text=slaande tegen den rugge en de borst, een onfeilbaar teken van besetenheid zy?
3-1	11-13	Of	
3-2	14-16	de	
3-3	17-28	snelligheid	
3-4	29-32	der	
3-5	33-43	beweeginge	
3-6	44-47	van	
3-7	48-49	'	
3-8	49-50	t	
3-9	51-56	hoofd	
3-10	56-57	,	
3-11	58-61	van	
3-12	62-67	voren	
3-13	68-70	en	
3-14	71-74	van	
3-15	75-83	achteren	
3-16	84-91	slaande	
3-17	92-97	tegen	
3-18	98-101	den	
3-19	102-107	rugge	
3-20	108-110	en	
3-21	111-113	de	
3-22	114-119	borst	
3-23	119-120	,	
3-24	121-124	een	
3-25	125-135	onfeilbaar	
3-26	136-141	teken	
3-27	142-145	van	
3-28	146-157	besetenheid	
3-29	158-160	zy	
3-30	160-161	?	

#Text=Antw.
4-1	163-167	Antw	
4-2	167-168	.	

#Text=Dese beweeginge is so natuurlijk, datmen geene redenen heeft by te doen
#Text=
#Text=tot de gene die geseid zijn van de beweginge van de deelen des lighaams.
5-1	169-173	Dese	
5-2	174-184	beweeginge	
5-3	185-187	is	
5-4	188-190	so	
5-5	191-201	natuurlijk	
5-6	201-202	,	
5-7	203-209	datmen	
5-8	210-215	geene	
5-9	216-223	redenen	
5-10	224-229	heeft	
5-11	230-232	by	
5-12	233-235	te	
5-13	236-240	doen	
5-14	242-245	tot	
5-15	246-248	de	
5-16	249-253	gene	
5-17	254-257	die	
5-18	258-264	geseid	
5-19	265-269	zijn	
5-20	270-273	van	
5-21	274-276	de	
5-22	277-286	beweginge	
5-23	287-290	van	
5-24	291-293	de	
5-25	294-300	deelen	
5-26	301-304	des	
5-27	305-313	lighaams	
5-28	313-314	.	

#Text=III.
6-1	316-319	III	
6-2	319-320	.	

#Text=Vr.
7-1	321-323	Vr	
7-2	323-324	.	

#Text=Of de schielike ontstekinge of opswellinge der tonge, der keele en des
#Text=aangesigts, en de haastige verandering van verwe, onfeilbare tekenen van besetenheid
#Text=zijn?
8-1	325-327	Of	
8-2	328-330	de	
8-3	331-340	schielike	
8-4	341-352	ontstekinge	
8-5	353-355	of	
8-6	356-367	opswellinge	
8-7	368-371	der	
8-8	372-377	tonge	
8-9	377-378	,	
8-10	379-382	der	
8-11	383-388	keele	
8-12	389-391	en	
8-13	392-395	des	
8-14	396-406	aangesigts	
8-15	406-407	,	
8-16	408-410	en	
8-17	411-413	de	
8-18	414-422	haastige	
8-19	423-434	verandering	
8-20	435-438	van	
8-21	439-444	verwe	
8-22	444-445	,	
8-23	446-456	onfeilbare	
8-24	457-464	tekenen	
8-25	465-468	van	
8-26	469-480	besetenheid	
8-27	481-485	zijn	
8-28	485-486	?	

#Text=Antw.
9-1	488-492	Antw	
9-2	492-493	.	

#Text=Het oplichten en bewegen van de borst by posen, zijn uitwerkselen van de
#Text=uitademinge of inademinge, gewoonlik werkingen der ademhalinge.
10-1	494-497	Het	
10-2	498-507	oplichten	
10-3	508-510	en	
10-4	511-518	bewegen	
10-5	519-522	van	
10-6	523-525	de	
10-7	526-531	borst	
10-8	532-534	by	
10-9	535-540	posen	
10-10	540-541	,	
10-11	542-546	zijn	
10-12	547-559	uitwerkselen	
10-13	560-563	van	
10-14	564-566	de	
10-15	567-578	uitademinge	
10-16	579-581	of	
10-17	582-592	inademinge	
10-18	592-593	,	
10-19	594-603	gewoonlik	
10-20	604-613	werkingen	
10-21	614-617	der	
10-22	618-629	ademhalinge	
10-23	629-630	.	

#Text=Waar uit
#Text=geenerhande Besetenheid is de besluiten.
11-1	631-635	Waar	
11-2	636-639	uit	
11-3	640-651	geenerhande	
11-4	652-663	Besetenheid	
11-5	664-666	is	
11-6	667-669	de	
11-7	670-679	besluiten	
11-8	679-680	.	

#Text=D' ontstekinge der keele kan ontstaan uit
#Text=het weerhouden van den aassem; en die van d' andere deelen uit de swaarbloedige
#Text=dampen, diemen dikmaals siet sweven door alle de deelen des lichaams.
12-1	681-682	D	
12-2	682-683	'	
12-3	684-695	ontstekinge	
12-4	696-699	der	
12-5	700-705	keele	
12-6	706-709	kan	
12-7	710-718	ontstaan	
12-8	719-722	uit	
12-9	723-726	het	
12-10	727-737	weerhouden	
12-11	738-741	van	
12-12	742-745	den	
12-13	746-752	aassem	
12-14	752-753	;	
12-15	754-756	en	
12-16	757-760	die	
12-17	761-764	van	
12-18	765-766	d	
12-19	766-767	'	
12-20	768-774	andere	
12-21	775-781	deelen	
12-22	782-785	uit	
12-23	786-788	de	
12-24	789-802	swaarbloedige	
12-25	803-809	dampen	
12-26	809-810	,	
12-27	811-817	diemen	
12-28	818-826	dikmaals	
12-29	827-831	siet	
12-30	832-838	sweven	
12-31	839-843	door	
12-32	844-848	alle	
12-33	849-851	de	
12-34	852-858	deelen	
12-35	859-862	des	
12-36	863-871	lichaams	
12-37	871-872	.	

#Text=Waar uit
#Text=volgt dat dit teken van Besetenheid niet aanneemelijk is.
13-1	873-877	Waar	
13-2	878-881	uit	
13-3	882-887	volgt	
13-4	888-891	dat	
13-5	892-895	dit	
13-6	896-901	teken	
13-7	902-905	van	
13-8	906-917	Besetenheid	
13-9	918-922	niet	
13-10	923-935	aanneemelijk	
13-11	936-938	is	
13-12	938-939	.	

#Text=IV.
14-1	941-943	IV	
14-2	943-944	.	

#Text=Vr.
15-1	945-947	Vr	
15-2	947-948	.	

#Text=Of het verdoven des gevoelens, of d' ongevoeligheid, so verre datmen sich
#Text=laat prikkelen en steken, sonder geluid te geven, sonder sich te reppen, en self ook
#Text=sonder coleur te verschieten, gewisse kentekenen van Besetenheid zijn?
16-1	949-951	Of	
16-2	952-955	het	
16-3	956-964	verdoven	
16-4	965-968	des	
16-5	969-978	gevoelens	
16-6	978-979	,	
16-7	980-982	of	
16-8	983-984	d	
16-9	984-985	'	
16-10	986-1000	ongevoeligheid	
16-11	1000-1001	,	
16-12	1002-1004	so	
16-13	1005-1010	verre	
16-14	1011-1017	datmen	
16-15	1018-1022	sich	
16-16	1023-1027	laat	
16-17	1028-1037	prikkelen	
16-18	1038-1040	en	
16-19	1041-1047	steken	
16-20	1047-1048	,	
16-21	1049-1055	sonder	
16-22	1056-1062	geluid	
16-23	1063-1065	te	
16-24	1066-1071	geven	
16-25	1071-1072	,	
16-26	1073-1079	sonder	
16-27	1080-1084	sich	
16-28	1085-1087	te	
16-29	1088-1094	reppen	
16-30	1094-1095	,	
16-31	1096-1098	en	
16-32	1099-1103	self	
16-33	1104-1107	ook	
16-34	1108-1114	sonder	
16-35	1115-1121	coleur	
16-36	1122-1124	te	
16-37	1125-1136	verschieten	
16-38	1136-1137	,	
16-39	1138-1145	gewisse	
16-40	1146-1156	kentekenen	
16-41	1157-1160	van	
16-42	1161-1172	Besetenheid	
16-43	1173-1177	zijn	
16-44	1177-1178	?	

#Text=Antw.
17-1	1180-1184	Antw	
17-2	1184-1185	.	

#Text=Die jonge Lacedaemonier, die sich de lever liet knagen door enen vos dien
#Text=hy gestolen hadde, sonder sich te laten blijken dat hy er gevoelen af hadde; en de
#Text=genen die sich lieten stokslagen geven voor den autaar van Diane ter dood toe, sonder
#Text=hunne wenkbrauwen te fronissen;
#Text=tonen dat een opsettelijk voornemen iemant wel
#Text=kan doen verdragen
#Text=de stekingen der spellen, sonder schreewen;
#Text=zijnde buiten dat
#Text=seker dat in 's menschen lichaam by sommige personen gevonden worden sekere
#Text=kleine vleeschene deelen die sonder gevoelen zijn, schoon dat de andere deelen
#Text=romdom gevoelig zijn;
#Text='t welk dikmaals by komt by sekere voorgaande siekte.
18-1	1186-1189	Die	
18-2	1190-1195	jonge	
18-3	1196-1209	Lacedaemonier	
18-4	1209-1210	,	
18-5	1211-1214	die	
18-6	1215-1219	sich	
18-7	1220-1222	de	
18-8	1223-1228	lever	
18-9	1229-1233	liet	
18-10	1234-1240	knagen	
18-11	1241-1245	door	
18-12	1246-1250	enen	
18-13	1251-1254	vos	
18-14	1255-1259	dien	
18-15	1260-1262	hy	
18-16	1263-1271	gestolen	
18-17	1272-1277	hadde	
18-18	1277-1278	,	
18-19	1279-1285	sonder	
18-20	1286-1290	sich	
18-21	1291-1293	te	
18-22	1294-1299	laten	
18-23	1300-1307	blijken	
18-24	1308-1311	dat	
18-25	1312-1314	hy	
18-26	1315-1317	er	
18-27	1318-1326	gevoelen	
18-28	1327-1329	af	
18-29	1330-1335	hadde	
18-30	1335-1336	;	
18-31	1337-1339	en	
18-32	1340-1342	de	
18-33	1343-1348	genen	
18-34	1349-1352	die	
18-35	1353-1357	sich	
18-36	1358-1364	lieten	
18-37	1365-1375	stokslagen	
18-38	1376-1381	geven	
18-39	1382-1386	voor	
18-40	1387-1390	den	
18-41	1391-1397	autaar	
18-42	1398-1401	van	
18-43	1402-1407	Diane	
18-44	1408-1411	ter	
18-45	1412-1416	dood	
18-46	1417-1420	toe	
18-47	1420-1421	,	
18-48	1422-1428	sonder	
18-49	1429-1434	hunne	
18-50	1435-1446	wenkbrauwen	
18-51	1447-1449	te	
18-52	1450-1459	fronissen	
18-53	1459-1460	;	
18-54	1461-1466	tonen	
18-55	1467-1470	dat	
18-56	1471-1474	een	
18-57	1475-1486	opsettelijk	
18-58	1487-1496	voornemen	
18-59	1497-1503	iemant	
18-60	1504-1507	wel	
18-61	1508-1511	kan	
18-62	1512-1516	doen	
18-63	1517-1526	verdragen	
18-64	1527-1529	de	
18-65	1530-1539	stekingen	
18-66	1540-1543	der	
18-67	1544-1551	spellen	
18-68	1551-1552	,	
18-69	1553-1559	sonder	
18-70	1560-1569	schreewen	
18-71	1569-1570	;	
18-72	1571-1577	zijnde	
18-73	1578-1584	buiten	
18-74	1585-1588	dat	
18-75	1589-1594	seker	
18-76	1595-1598	dat	
18-77	1599-1601	in	
18-78	1602-1603	'	
18-79	1603-1604	s	
18-80	1605-1613	menschen	
18-81	1614-1621	lichaam	
18-82	1622-1624	by	
18-83	1625-1632	sommige	
18-84	1633-1641	personen	
18-85	1642-1650	gevonden	
18-86	1651-1657	worden	
18-87	1658-1664	sekere	
18-88	1665-1671	kleine	
18-89	1672-1682	vleeschene	
18-90	1683-1689	deelen	
18-91	1690-1693	die	
18-92	1694-1700	sonder	
18-93	1701-1709	gevoelen	
18-94	1710-1714	zijn	
18-95	1714-1715	,	
18-96	1716-1722	schoon	
18-97	1723-1726	dat	
18-98	1727-1729	de	
18-99	1730-1736	andere	
18-100	1737-1743	deelen	
18-101	1744-1750	romdom	
18-102	1751-1759	gevoelig	
18-103	1760-1764	zijn	
18-104	1764-1765	;	
18-105	1766-1767	'	
18-106	1767-1768	t	
18-107	1769-1773	welk	
18-108	1774-1782	dikmaals	
18-109	1783-1785	by	
18-110	1786-1790	komt	
18-111	1791-1793	by	
18-112	1794-1800	sekere	
18-113	1801-1811	voorgaande	
18-114	1812-1818	siekte	
18-115	1818-1819	.	
