#FORMAT=WebAnno TSV 3.3
#T_SP=custom.Span|label
#T_RL=custom.Relation|label|BT_custom.Span


#Text=ehe
#Text=man ſie brauchet/ vorher purgiren/ man ſoll einen Kopf
#Text=
#Text=von einem Caſtraun wol ſieden/ und mit der Suppen
#Text=
#Text=davon/
#Text=Brod und geſtoſſenen Schwefel dem Hunde ein-
#Text=geben/ und den Kopf ſoll man ihm auch auf zwey- oder
#Text=dreymal zu freſſen geben.
1-1	0-3	ehe	_	_	_	
1-2	4-7	man	_	_	_	
1-3	8-11	ſie	_	_	_	
1-4	12-20	brauchet	_	_	_	
1-5	20-21	/	_	_	_	
1-6	22-28	vorher	_	_	_	
1-7	29-37	purgiren	_	_	_	
1-8	37-38	/	_	_	_	
1-9	39-42	man	_	_	_	
1-10	43-47	ſoll	_	_	_	
1-11	48-53	einen	_	_	_	
1-12	54-58	Kopf	_	_	_	
1-13	60-63	von	_	_	_	
1-14	64-69	einem	_	_	_	
1-15	70-78	Caſtraun	_	_	_	
1-16	79-82	wol	_	_	_	
1-17	83-89	ſieden	_	_	_	
1-18	89-90	/	_	_	_	
1-19	91-94	und	_	_	_	
1-20	95-98	mit	_	_	_	
1-21	99-102	der	_	_	_	
1-22	103-109	Suppen	_	_	_	
1-23	111-116	davon	_	_	_	
1-24	116-117	/	_	_	_	
1-25	118-122	Brod	_	_	_	
1-26	123-126	und	_	_	_	
1-27	127-138	geſtoſſenen	_	_	_	
1-28	139-147	Schwefel	_	_	_	
1-29	148-151	dem	_	_	_	
1-30	152-157	Hunde	_	_	_	
1-31	158-161	ein	_	_	_	
1-32	161-162	-	_	_	_	
1-33	163-168	geben	_	_	_	
1-34	168-169	/	_	_	_	
1-35	170-173	und	_	_	_	
1-36	174-177	den	_	_	_	
1-37	178-182	Kopf	_	_	_	
1-38	183-187	ſoll	_	_	_	
1-39	188-191	man	_	_	_	
1-40	192-195	ihm	_	_	_	
1-41	196-200	auch	_	_	_	
1-42	201-204	auf	_	_	_	
1-43	205-209	zwey	_	_	_	
1-44	209-210	-	_	_	_	
1-45	211-215	oder	_	_	_	
1-46	216-223	dreymal	_	_	_	
1-47	224-226	zu	_	_	_	
1-48	227-234	freſſen	_	_	_	
1-49	235-240	geben	_	_	_	
1-50	240-241	.	_	_	_	

#Text=Andere wollen/ man ſoll den
#Text=Schwefel ſeyn laſſen/ vor der Suppen aber eine halbe
#Text=Unzen Agaricum, und 2 Quintlein Sal gemmæ mit Ro-
#Text=ſenhoͤnig anmachen/ mit Butter oder Speck uͤberzie-
#Text=hen/ und alſo dem Hund zu verſchlingen geben;
#Text=und
#Text=den Tag darauf/ mag man ihm die vorgedachte Sup-
#Text=pen vorgeben/ doch ſoll man ſie nicht gleich auf die Pur-
#Text=gation zur Jagt brauchen/ ſonderlich aber ſie nie aus-
#Text=fuͤhren/ es ſey dann der Thau von der Sonnen wol ge-
#Text=trocknet/ denn ſonſt verlieren ſie den Geruch.
2-1	242-248	Andere	_	_	_	
2-2	249-255	wollen	_	_	_	
2-3	255-256	/	_	_	_	
2-4	257-260	man	_	_	_	
2-5	261-265	ſoll	_	_	_	
2-6	266-269	den	_	_	_	
2-7	270-278	Schwefel	_	_	_	
2-8	279-283	ſeyn	_	_	_	
2-9	284-290	laſſen	_	_	_	
2-10	290-291	/	_	_	_	
2-11	292-295	vor	_	_	_	
2-12	296-299	der	_	_	_	
2-13	300-306	Suppen	_	_	_	
2-14	307-311	aber	_	_	_	
2-15	312-316	eine	_	_	_	
2-16	317-322	halbe	_	_	_	
2-17	323-328	Unzen	_	_	_	
2-18	329-337	Agaricum	_	_	_	
2-19	337-338	,	_	_	_	
2-20	339-342	und	_	_	_	
2-21	343-344	2	_	_	_	
2-22	345-354	Quintlein	_	_	_	
2-23	355-358	Sal	_	_	_	
2-24	359-364	gemmæ	_	_	_	
2-25	365-368	mit	_	_	_	
2-26	369-371	Ro	_	_	_	
2-27	371-372	-	_	_	_	
2-28	373-382	ſenhoͤnig	_	_	_	
2-29	383-391	anmachen	_	_	_	
2-30	391-392	/	_	_	_	
2-31	393-396	mit	_	_	_	
2-32	397-403	Butter	_	_	_	
2-33	404-408	oder	_	_	_	
2-34	409-414	Speck	_	_	_	
2-35	415-423	uͤberzie	_	_	_	
2-36	423-424	-	_	_	_	
2-37	425-428	hen	_	_	_	
2-38	428-429	/	_	_	_	
2-39	430-433	und	_	_	_	
2-40	434-438	alſo	_	_	_	
2-41	439-442	dem	_	_	_	
2-42	443-447	Hund	_	_	_	
2-43	448-450	zu	_	_	_	
2-44	451-463	verſchlingen	_	_	_	
2-45	464-469	geben	_	_	_	
2-46	469-470	;	_	_	_	
2-47	471-474	und	_	_	_	
2-48	475-478	den	_	_	_	
2-49	479-482	Tag	_	_	_	
2-50	483-489	darauf	_	_	_	
2-51	489-490	/	_	_	_	
2-52	491-494	mag	_	_	_	
2-53	495-498	man	_	_	_	
2-54	499-502	ihm	_	_	_	
2-55	503-506	die	_	_	_	
2-56	507-518	vorgedachte	_	_	_	
2-57	519-522	Sup	Smell\_Source[1]	_	_	
2-58	522-523	-	Smell\_Source[1]	_	_	
2-59	524-527	pen	Smell\_Source[1]	_	_	
2-60	528-536	vorgeben	_	_	_	
2-61	536-537	/	_	_	_	
2-62	538-542	doch	_	_	_	
2-63	543-547	ſoll	_	_	_	
2-64	548-551	man	_	_	_	
2-65	552-555	ſie	_	_	_	
2-66	556-561	nicht	_	_	_	
2-67	562-568	gleich	_	_	_	
2-68	569-572	auf	_	_	_	
2-69	573-576	die	_	_	_	
2-70	577-580	Pur	_	_	_	
2-71	580-581	-	_	_	_	
2-72	582-588	gation	_	_	_	
2-73	589-592	zur	_	_	_	
2-74	593-597	Jagt	_	_	_	
2-75	598-606	brauchen	_	_	_	
2-76	606-607	/	_	_	_	
2-77	608-618	ſonderlich	_	_	_	
2-78	619-623	aber	_	_	_	
2-79	624-627	ſie	_	_	_	
2-80	628-631	nie	_	_	_	
2-81	632-635	aus	_	_	_	
2-82	635-636	-	_	_	_	
2-83	637-644	fuͤhren	_	_	_	
2-84	644-645	/	_	_	_	
2-85	646-648	es	_	_	_	
2-86	649-652	ſey	_	_	_	
2-87	653-657	dann	_	_	_	
2-88	658-661	der	_	_	_	
2-89	662-666	Thau	Circumstances	_	_	
2-90	667-670	von	_	_	_	
2-91	671-674	der	_	_	_	
2-92	675-681	Sonnen	_	_	_	
2-93	682-685	wol	_	_	_	
2-94	686-688	ge	_	_	_	
2-95	688-689	-	_	_	_	
2-96	690-698	trocknet	_	_	_	
2-97	698-699	/	_	_	_	
2-98	700-704	denn	_	_	_	
2-99	705-710	ſonſt	_	_	_	
2-100	711-720	verlieren	_	_	_	
2-101	721-724	ſie	Smell\_Source	Anaphoric	2-57[1_0]	
2-102	725-728	den	_	_	_	
2-103	729-735	Geruch	Smell\_Word	*|*	2-101|2-89	
2-104	735-736	.	_	_	_	

#Text=Joh.
3-1	740-743	Joh	_	_	_	
3-2	743-744	.	_	_	_	

#Text=Conrad Aitinger in ſeinem Bericht vom Vo-
#Text=gelſtellen fol.
#Text=42. ſchreibt/
#Text=er habe von einem guten
#Text=Weidmann und Huͤnerfanger verſtanden; wann man
#Text=ein paar lebendige Rebhuͤner hat/ und bißweilen die
#Text=Hunde ſolche riechen lieſſe/ auch ihr friſches Koth ihnen
#Text=offt unter die Naſen reibe/ ſolten ſie gut auf die Huͤner
#Text=ſuchen lernen;
#Text=auch ſoll man ihnen der Rebhuͤner-Ein-
#Text=geweid allzeit zu freſſen geben/ davon wird ihr Such ge-
#Text=beſſert.
4-1	745-751	Conrad	_	_	_	
4-2	752-760	Aitinger	_	_	_	
4-3	761-763	in	_	_	_	
4-4	764-770	ſeinem	_	_	_	
4-5	771-778	Bericht	_	_	_	
4-6	779-782	vom	_	_	_	
4-7	783-785	Vo	_	_	_	
4-8	785-786	-	_	_	_	
4-9	787-797	gelſtellen	_	_	_	
4-10	798-801	fol	_	_	_	
4-11	801-802	.	_	_	_	
4-12	803-805	42	_	_	_	
4-13	805-806	.	_	_	_	
4-14	807-815	ſchreibt	_	_	_	
4-15	815-816	/	_	_	_	
4-16	817-819	er	_	_	_	
4-17	820-824	habe	_	_	_	
4-18	825-828	von	_	_	_	
4-19	829-834	einem	_	_	_	
4-20	835-840	guten	_	_	_	
4-21	841-849	Weidmann	_	_	_	
4-22	850-853	und	_	_	_	
4-23	854-866	Huͤnerfanger	_	_	_	
4-24	867-877	verſtanden	_	_	_	
4-25	877-878	;	_	_	_	
4-26	879-883	wann	_	_	_	
4-27	884-887	man	_	_	_	
4-28	888-891	ein	_	_	_	
4-29	892-896	paar	_	_	_	
4-30	897-906	lebendige	_	_	_	
4-31	907-916	Rebhuͤner	Smell\_Source	_	_	
4-32	917-920	hat	_	_	_	
4-33	920-921	/	_	_	_	
4-34	922-925	und	_	_	_	
4-35	926-935	bißweilen	Time	_	_	
4-36	936-939	die	Perceiver[2]	_	_	
4-37	940-945	Hunde	Perceiver[2]	_	_	
4-38	946-952	ſolche	_	_	_	
4-39	953-960	riechen	Smell\_Word	*|*|*	4-36[2_0]|4-35|4-31	
4-40	961-967	lieſſe	_	_	_	
4-41	967-968	/	_	_	_	
4-42	969-973	auch	_	_	_	
4-43	974-977	ihr	_	_	_	
4-44	978-986	friſches	Quality	_	_	
4-45	987-991	Koth	Smell\_Source	_	_	
4-46	992-997	ihnen	Perceiver	Anaphoric	4-36[2_0]	
4-47	998-1002	offt	Time	_	_	
4-48	1003-1008	unter	_	_	_	
4-49	1009-1012	die	_	_	_	
4-50	1013-1018	Naſen	Smell\_Word	*|*|*|*	4-36[2_0]|4-47|4-45|4-44	
4-51	1019-1024	reibe	_	_	_	
4-52	1024-1025	/	_	_	_	
4-53	1026-1032	ſolten	_	_	_	
4-54	1033-1036	ſie	_	_	_	
4-55	1037-1040	gut	_	_	_	
4-56	1041-1044	auf	_	_	_	
4-57	1045-1048	die	_	_	_	
4-58	1049-1055	Huͤner	_	_	_	
4-59	1056-1062	ſuchen	_	_	_	
4-60	1063-1069	lernen	_	_	_	
4-61	1069-1070	;	_	_	_	
4-62	1071-1075	auch	_	_	_	
4-63	1076-1080	ſoll	_	_	_	
4-64	1081-1084	man	_	_	_	
4-65	1085-1090	ihnen	_	_	_	
4-66	1091-1094	der	_	_	_	
4-67	1095-1108	Rebhuͤner-Ein	_	_	_	
4-68	1108-1109	-	_	_	_	
4-69	1110-1116	geweid	_	_	_	
4-70	1117-1124	allzeit	_	_	_	
4-71	1125-1127	zu	_	_	_	
4-72	1128-1135	freſſen	_	_	_	
4-73	1136-1141	geben	_	_	_	
4-74	1141-1142	/	_	_	_	
4-75	1143-1148	davon	_	_	_	
4-76	1149-1153	wird	_	_	_	
4-77	1154-1157	ihr	_	_	_	
4-78	1158-1162	Such	_	_	_	
4-79	1163-1165	ge	_	_	_	
4-80	1165-1166	-	_	_	_	
4-81	1167-1174	beſſert	_	_	_	
4-82	1174-1175	.	_	_	_	

#Text=Die Baißhund ſind denen in allem gleich/
#Text=doͤrffen
#Text=aber nicht vorſtehen/ und iſt diß allein der Unter-
#Text=ſcheid/ daß ſie nicht weit voran/
#Text=hin und wieder ſtrei-
#Text=chen muͤſſen/ wie die vorſtehenden Hunde/ ſondern
#Text=hart und nahend vor den Falckner her ihren Such thun
#Text=
#Text=ſollen.
5-1	1179-1182	Die	_	_	_	
5-2	1183-1191	Baißhund	_	_	_	
5-3	1192-1196	ſind	_	_	_	
5-4	1197-1202	denen	_	_	_	
5-5	1203-1205	in	_	_	_	
5-6	1206-1211	allem	_	_	_	
5-7	1212-1218	gleich	_	_	_	
5-8	1218-1219	/	_	_	_	
5-9	1220-1228	doͤrffen	_	_	_	
5-10	1229-1233	aber	_	_	_	
5-11	1234-1239	nicht	_	_	_	
5-12	1240-1249	vorſtehen	_	_	_	
5-13	1249-1250	/	_	_	_	
5-14	1251-1254	und	_	_	_	
5-15	1255-1258	iſt	_	_	_	
5-16	1259-1262	diß	_	_	_	
5-17	1263-1269	allein	_	_	_	
5-18	1270-1273	der	_	_	_	
5-19	1274-1279	Unter	_	_	_	
5-20	1279-1280	-	_	_	_	
5-21	1281-1287	ſcheid	_	_	_	
5-22	1287-1288	/	_	_	_	
5-23	1289-1292	daß	_	_	_	
5-24	1293-1296	ſie	_	_	_	
5-25	1297-1302	nicht	_	_	_	
5-26	1303-1307	weit	_	_	_	
5-27	1308-1313	voran	_	_	_	
5-28	1313-1314	/	_	_	_	
5-29	1315-1318	hin	_	_	_	
5-30	1319-1322	und	_	_	_	
5-31	1323-1329	wieder	_	_	_	
5-32	1330-1335	ſtrei	_	_	_	
5-33	1335-1336	-	_	_	_	
5-34	1337-1341	chen	_	_	_	
5-35	1342-1349	muͤſſen	_	_	_	
5-36	1349-1350	/	_	_	_	
5-37	1351-1354	wie	_	_	_	
5-38	1355-1358	die	_	_	_	
5-39	1359-1371	vorſtehenden	_	_	_	
5-40	1372-1377	Hunde	_	_	_	
5-41	1377-1378	/	_	_	_	
5-42	1379-1386	ſondern	_	_	_	
5-43	1387-1391	hart	_	_	_	
5-44	1392-1395	und	_	_	_	
5-45	1396-1402	nahend	_	_	_	
5-46	1403-1406	vor	_	_	_	
5-47	1407-1410	den	_	_	_	
5-48	1411-1419	Falckner	_	_	_	
5-49	1420-1423	her	_	_	_	
5-50	1424-1429	ihren	_	_	_	
5-51	1430-1434	Such	_	_	_	
5-52	1435-1439	thun	_	_	_	
5-53	1441-1447	ſollen	_	_	_	
5-54	1447-1448	.	_	_	_	

#Text=Cap.
6-1	1451-1454	Cap	_	_	_	
6-2	1454-1455	.	_	_	_	

#Text=XLVIII.
7-1	1456-1462	XLVIII	_	_	_	
7-2	1462-1463	.	_	_	_	

#Text=Allerley Artzneyen fůr die Hund.
8-1	1465-1473	Allerley	_	_	_	
8-2	1474-1483	Artzneyen	_	_	_	
8-3	1484-1487	fůr	_	_	_	
8-4	1488-1491	die	_	_	_	
8-5	1492-1496	Hund	_	_	_	
8-6	1496-1497	.	_	_	_	
