#FORMAT=WebAnno TSV 3.3


#Text=vulnus interaneis, cera injecta cavum repleo.
1-1	0-6	vulnus	
1-2	7-17	interaneis	
1-3	17-18	,	
1-4	19-23	cera	
1-5	24-31	injecta	
1-6	32-37	cavum	
1-7	38-44	repleo	
1-8	44-45	.	

#Text=Alias etiam omnis Cossi
#Text=pinguedo oleo Terebinthinae consumi prius, tumque porro secundum
#Text=artem
#Text=condiri
#Text=is potest: quae quidem diversa iterum multoque rarior est condiendi methodus, suo
#Text=quoque tempore, si DEO visum fuerit, a me exponenda.
2-1	46-51	Alias	
2-2	52-57	etiam	
2-3	58-63	omnis	
2-4	64-69	Cossi	
2-5	70-78	pinguedo	
2-6	79-83	oleo	
2-7	84-97	Terebinthinae	
2-8	98-105	consumi	
2-9	106-111	prius	
2-10	111-112	,	
2-11	113-119	tumque	
2-12	120-125	porro	
2-13	126-134	secundum	
2-14	135-140	artem	
2-15	141-148	condiri	
2-16	149-151	is	
2-17	152-158	potest	
2-18	158-159	:	
2-19	160-164	quae	
2-20	165-171	quidem	
2-21	172-179	diversa	
2-22	180-186	iterum	
2-23	187-195	multoque	
2-24	196-202	rarior	
2-25	203-206	est	
2-26	207-216	condiendi	
2-27	217-225	methodus	
2-28	225-226	,	
2-29	227-230	suo	
2-30	231-237	quoque	
2-31	238-245	tempore	
2-32	245-246	,	
2-33	247-249	si	
2-34	250-253	DEO	
2-35	254-259	visum	
2-36	260-266	fuerit	
2-37	266-267	,	
2-38	268-269	a	
2-39	270-272	me	
2-40	273-282	exponenda	
2-41	282-283	.	

#Text=Kalkoenen deese Wurmen eeten;
#Text=dat my doet geloven, 't geen Moufetus uyt Plinius
#Text=en Hieronymus by brengt;
#Text=te weten dat de Ouden in Pontus en Phrygien deeze
#Text=plagten, als een lekkere spyze, te eeten.
3-1	286-295	Kalkoenen	
3-2	296-301	deese	
3-3	302-308	Wurmen	
3-4	309-314	eeten	
3-5	314-315	;	
3-6	316-319	dat	
3-7	320-322	my	
3-8	323-327	doet	
3-9	328-335	geloven	
3-10	335-336	,	
3-11	337-338	'	
3-12	338-339	t	
3-13	340-344	geen	
3-14	345-353	Moufetus	
3-15	354-357	uyt	
3-16	358-365	Plinius	
3-17	366-368	en	
3-18	369-379	Hieronymus	
3-19	380-382	by	
3-20	383-389	brengt	
3-21	389-390	;	
3-22	391-393	te	
3-23	394-399	weten	
3-24	400-403	dat	
3-25	404-406	de	
3-26	407-412	Ouden	
3-27	413-415	in	
3-28	416-422	Pontus	
3-29	423-425	en	
3-30	426-434	Phrygien	
3-31	435-440	deeze	
3-32	441-448	plagten	
3-33	448-449	,	
3-34	450-453	als	
3-35	454-457	een	
3-36	458-465	lekkere	
3-37	466-471	spyze	
3-38	471-472	,	
3-39	473-475	te	
3-40	476-481	eeten	
3-41	481-482	.	

#Text=Dan dit syn mogelyk Houtwurmen geweest,
#Text=daar een groter soort van Schalbyters uyt voortkomt.
4-1	483-486	Dan	
4-2	487-490	dit	
4-3	491-494	syn	
4-4	495-502	mogelyk	
4-5	503-513	Houtwurmen	
4-6	514-521	geweest	
4-7	521-522	,	
4-8	523-527	daar	
4-9	528-531	een	
4-10	532-538	groter	
4-11	539-544	soort	
4-12	545-548	van	
4-13	549-560	Schalbyters	
4-14	561-564	uyt	
4-15	565-574	voortkomt	
4-16	574-575	.	

#Text=En om deese inlantsche te
#Text=eeten, soo moest men se eerst soo lang laten vasten, tot dat al haare onreynig
#Text=heeden verteert waren.
5-1	576-578	En	
5-2	579-581	om	
5-3	582-587	deese	
5-4	588-598	inlantsche	
5-5	599-601	te	
5-6	602-607	eeten	
5-7	607-608	,	
5-8	609-612	soo	
5-9	613-618	moest	
5-10	619-622	men	
5-11	623-625	se	
5-12	626-631	eerst	
5-13	632-635	soo	
5-14	636-640	lang	
5-15	641-646	laten	
5-16	647-653	vasten	
5-17	653-654	,	
5-18	655-658	tot	
5-19	659-662	dat	
5-20	663-665	al	
5-21	666-671	haare	
5-22	672-680	onreynig	
5-23	681-687	heeden	
5-24	688-696	verteert	
5-25	697-702	waren	
5-26	702-703	.	

#Text=Om nu de Wurm selfs te conserveeren, soo doe ik anders
#Text=niet, als agter in syn lichaam een kleene opening te maaken, en naa de ingewanden
#Text=daar door uytgedrukt te hebben, soo spuyt ik hem vol met wasch.
6-1	704-706	Om	
6-2	707-709	nu	
6-3	710-712	de	
6-4	713-717	Wurm	
6-5	718-723	selfs	
6-6	724-726	te	
6-7	727-739	conserveeren	
6-8	739-740	,	
6-9	741-744	soo	
6-10	745-748	doe	
6-11	749-751	ik	
6-12	752-758	anders	
6-13	759-763	niet	
6-14	763-764	,	
6-15	765-768	als	
6-16	769-774	agter	
6-17	775-777	in	
6-18	778-781	syn	
6-19	782-789	lichaam	
6-20	790-793	een	
6-21	794-800	kleene	
6-22	801-808	opening	
6-23	809-811	te	
6-24	812-818	maaken	
6-25	818-819	,	
6-26	820-822	en	
6-27	823-826	naa	
6-28	827-829	de	
6-29	830-840	ingewanden	
6-30	841-845	daar	
6-31	846-850	door	
6-32	851-861	uytgedrukt	
6-33	862-864	te	
6-34	865-871	hebben	
6-35	871-872	,	
6-36	873-876	soo	
6-37	877-882	spuyt	
6-38	883-885	ik	
6-39	886-889	hem	
6-40	890-893	vol	
6-41	894-897	met	
6-42	898-903	wasch	
6-43	903-904	.	

#Text=Anders kan men
#Text=al syn vet in Tarpentyn olie doen verteren, en hem voorts, naa de kunst balsemen,
#Text=dat nog een andere, maar veel raarder manier van balsemen is, die ik meede te
#Text=syner tyt sal voorstellen, soo het GODT belieft.
7-1	905-911	Anders	
7-2	912-915	kan	
7-3	916-919	men	
7-4	920-922	al	
7-5	923-926	syn	
7-6	927-930	vet	
7-7	931-933	in	
7-8	934-943	Tarpentyn	
7-9	944-948	olie	
7-10	949-953	doen	
7-11	954-962	verteren	
7-12	962-963	,	
7-13	964-966	en	
7-14	967-970	hem	
7-15	971-977	voorts	
7-16	977-978	,	
7-17	979-982	naa	
7-18	983-985	de	
7-19	986-991	kunst	
7-20	992-1000	balsemen	
7-21	1000-1001	,	
7-22	1002-1005	dat	
7-23	1006-1009	nog	
7-24	1010-1013	een	
7-25	1014-1020	andere	
7-26	1020-1021	,	
7-27	1022-1026	maar	
7-28	1027-1031	veel	
7-29	1032-1039	raarder	
7-30	1040-1046	manier	
7-31	1047-1050	van	
7-32	1051-1059	balsemen	
7-33	1060-1062	is	
7-34	1062-1063	,	
7-35	1064-1067	die	
7-36	1068-1070	ik	
7-37	1071-1076	meede	
7-38	1077-1079	te	
7-39	1080-1085	syner	
7-40	1086-1089	tyt	
7-41	1090-1093	sal	
7-42	1094-1105	voorstellen	
7-43	1105-1106	,	
7-44	1107-1110	soo	
7-45	1111-1114	het	
7-46	1115-1119	GODT	
7-47	1120-1127	belieft	
7-48	1127-1128	.	

#Text=Caput IV.
8-1	1131-1136	Caput	
8-2	1137-1139	IV	
8-3	1139-1140	.	

#Text=Modus, quo Vermis mutatur.
9-1	1142-1147	Modus	
9-2	1147-1148	,	
9-3	1149-1152	quo	
9-4	1153-1159	Vermis	
9-5	1160-1167	mutatur	
9-6	1167-1168	.	

#Text=Quanam ratione internae ejus partes
#Text=accrescendo mutentur, & quam mirabiliter Vermis
#Text=formam
#Text=
#Text=Nymphae
#Text=induat.
10-1	1169-1175	Quanam	
10-2	1176-1183	ratione	
10-3	1184-1192	internae	
10-4	1193-1197	ejus	
10-5	1198-1204	partes	
10-6	1205-1216	accrescendo	
10-7	1217-1225	mutentur	
10-8	1225-1226	,	
10-9	1227-1228	&	
10-10	1229-1233	quam	
10-11	1234-1245	mirabiliter	
10-12	1246-1252	Vermis	
10-13	1253-1259	formam	
10-14	1261-1268	Nymphae	
10-15	1269-1275	induat	
10-16	1275-1276	.	

#Text=Tum quonam pacto Puncta respiratoria in eo
#Text=translocentur.
11-1	1277-1280	Tum	
11-2	1281-1287	quonam	
11-3	1288-1293	pacto	
11-4	1294-1300	Puncta	
11-5	1301-1313	respiratoria	
11-6	1314-1316	in	
11-7	1317-1319	eo	
11-8	1320-1333	translocentur	
11-9	1333-1334	.	

#Text=Accedunt multae aliae observationes haud vulgares.
12-1	1335-1343	Accedunt	
12-2	1344-1350	multae	
12-3	1351-1356	aliae	
12-4	1357-1370	observationes	
12-5	1371-1375	haud	
12-6	1376-1384	vulgares	
12-7	1384-1385	.	
