#FORMAT=WebAnno TSV 3.3
#T_SP=custom.Span|label
#T_RL=custom.Relation|label|BT_custom.Span


#Text=Sabine .
1-1	0-6	Sabine	_	_	_	
1-2	7-8	.	_	_	_	

#Text=Arbrisseau toujours verd; s'élevant, au plus, de quatre ou cinq pieds.
2-1	9-19	Arbrisseau	_	_	_	
2-2	20-28	toujours	_	_	_	
2-3	29-33	verd	_	_	_	
2-4	33-34	;	_	_	_	
2-5	35-44	s'élevant	_	_	_	
2-6	44-45	,	_	_	_	
2-7	46-48	au	_	_	_	
2-8	49-53	plus	_	_	_	
2-9	53-54	,	_	_	_	
2-10	55-57	de	_	_	_	
2-11	58-64	quatre	_	_	_	
2-12	65-67	ou	_	_	_	
2-13	68-72	cinq	_	_	_	
2-14	73-78	pieds	_	_	_	
2-15	78-79	.	_	_	_	

#Text=Ses branches horizontales et ramifiées , le revêtent depuis la base jusqu'au sommet.
3-1	80-83	Ses	_	_	_	
3-2	84-92	branches	_	_	_	
3-3	93-105	horizontales	_	_	_	
3-4	106-108	et	_	_	_	
3-5	109-118	ramifiées	_	_	_	
3-6	119-120	,	_	_	_	
3-7	121-123	le	_	_	_	
3-8	124-132	revêtent	_	_	_	
3-9	133-139	depuis	_	_	_	
3-10	140-142	la	_	_	_	
3-11	143-147	base	_	_	_	
3-12	148-156	jusqu'au	_	_	_	
3-13	157-163	sommet	_	_	_	
3-14	163-164	.	_	_	_	

#Text=L'irrégularité bizarre de leurs directions respectives , en Formé un buisson qui plaît par son costumé agreste , et qui in- tresse le pinceau par !
4-1	165-179	L'irrégularité	_	_	_	
4-2	180-187	bizarre	_	_	_	
4-3	188-190	de	_	_	_	
4-4	191-196	leurs	_	_	_	
4-5	197-207	directions	_	_	_	
4-6	208-219	respectives	_	_	_	
4-7	220-221	,	_	_	_	
4-8	222-224	en	_	_	_	
4-9	225-230	Formé	_	_	_	
4-10	231-233	un	_	_	_	
4-11	234-241	buisson	_	_	_	
4-12	242-245	qui	_	_	_	
4-13	246-251	plaît	_	_	_	
4-14	252-255	par	_	_	_	
4-15	256-259	son	_	_	_	
4-16	260-267	costumé	_	_	_	
4-17	268-275	agreste	_	_	_	
4-18	276-277	,	_	_	_	
4-19	278-280	et	_	_	_	
4-20	281-284	qui	_	_	_	
4-21	285-287	in	_	_	_	
4-22	287-288	-	_	_	_	
4-23	289-295	tresse	_	_	_	
4-24	296-298	le	_	_	_	
4-25	299-306	pinceau	_	_	_	
4-26	307-310	par	_	_	_	
4-27	311-312	!	_	_	_	

#Text=è désordre même de sa, parure.
5-1	312-313	è	_	_	_	
5-2	314-322	désordre	_	_	_	
5-3	323-327	même	_	_	_	
5-4	328-330	de	_	_	_	
5-5	331-333	sa	_	_	_	
5-6	333-334	,	_	_	_	
5-7	335-341	parure	_	_	_	
5-8	341-342	.	_	_	_	

#Text=On en distingue trois variétés.
6-1	344-346	On	_	_	_	
6-2	347-349	en	_	_	_	
6-3	350-359	distingue	_	_	_	
6-4	360-365	trois	_	_	_	
6-5	366-374	variétés	_	_	_	
6-6	374-375	.	_	_	_	

#Text=Toutes trois bravent là rigueur de nos hivers.
7-1	376-382	Toutes	_	_	_	
7-2	383-388	trois	_	_	_	
7-3	389-396	bravent	_	_	_	
7-4	397-399	là	_	_	_	
7-5	400-407	rigueur	_	_	_	
7-6	408-410	de	_	_	_	
7-7	411-414	nos	_	_	_	
7-8	415-421	hivers	_	_	_	
7-9	421-422	.	_	_	_	

#Text=Toutes trois demandent une terré légère, et préfèrent à toutes les expositions, mie exposé lion froide.
8-1	423-429	Toutes	_	_	_	
8-2	430-435	trois	_	_	_	
8-3	436-445	demandent	_	_	_	
8-4	446-449	une	_	_	_	
8-5	450-455	terré	_	_	_	
8-6	456-462	légère	_	_	_	
8-7	462-463	,	_	_	_	
8-8	464-466	et	_	_	_	
8-9	467-476	préfèrent	_	_	_	
8-10	477-478	à	_	_	_	
8-11	479-485	toutes	_	_	_	
8-12	486-489	les	_	_	_	
8-13	490-501	expositions	_	_	_	
8-14	501-502	,	_	_	_	
8-15	503-506	mie	_	_	_	
8-16	507-513	exposé	_	_	_	
8-17	514-518	lion	_	_	_	
8-18	519-525	froide	_	_	_	
8-19	525-526	.	_	_	_	

#Text=Plantées dans un soi substantiel, elles y contractent une sorte de mousse qui les défigure.
9-1	527-535	Plantées	_	_	_	
9-2	536-540	dans	_	_	_	
9-3	541-543	un	_	_	_	
9-4	544-547	soi	_	_	_	
9-5	548-559	substantiel	_	_	_	
9-6	559-560	,	_	_	_	
9-7	561-566	elles	_	_	_	
9-8	567-568	y	_	_	_	
9-9	569-580	contractent	_	_	_	
9-10	581-584	une	_	_	_	
9-11	585-590	sorte	_	_	_	
9-12	591-593	de	_	_	_	
9-13	594-600	mousse	_	_	_	
9-14	601-604	qui	_	_	_	
9-15	605-608	les	_	_	_	
9-16	609-617	défigure	_	_	_	
9-17	617-618	.	_	_	_	

#Text=La Sabine réussit. également et de. semences et de boutures.
10-1	619-621	La	_	_	_	
10-2	622-628	Sabine	_	_	_	
10-3	629-636	réussit	_	_	_	
10-4	636-637	.	_	_	_	
10-5	638-647	également	_	_	_	
10-6	648-650	et	_	_	_	
10-7	651-653	de	_	_	_	
10-8	653-654	.	_	_	_	
10-9	655-663	semences	_	_	_	
10-10	664-666	et	_	_	_	
10-11	667-669	de	_	_	_	
10-12	670-678	boutures	_	_	_	
10-13	678-679	.	_	_	_	

#Text=Chaque partie de cétte plante exhale une odeur aromatique très forte, capiteuse, et du goût le plus âcre.
11-1	681-687	Chaque	Smell\_Source[1]	_	_	
11-2	688-694	partie	Smell\_Source[1]	_	_	
11-3	695-697	de	Smell\_Source[1]	_	_	
11-4	698-703	cétte	Smell\_Source[1]	_	_	
11-5	704-710	plante	Smell\_Source[1]	_	_	
11-6	711-717	exhale	_	_	_	
11-7	718-721	une	_	_	_	
11-8	722-727	odeur	Smell\_Word[2]	*|*|*|*	11-10[3_2]|11-13[0_2]|11-20[0_2]|11-1[1_2]	
11-9	728-738	aromatique	Smell\_Word[2]	_	_	
11-10	739-743	très	Quality[3]	_	_	
11-11	744-749	forte	Quality[3]	_	_	
11-12	749-750	,	_	_	_	
11-13	751-760	capiteuse	Quality	_	_	
11-14	760-761	,	_	_	_	
11-15	762-764	et	_	_	_	
11-16	765-767	du	_	_	_	
11-17	768-772	goût	_	_	_	
11-18	773-775	le	_	_	_	
11-19	776-780	plus	_	_	_	
11-20	781-785	âcre	Quality	_	_	
11-21	785-786	.	_	_	_	

#Text=Les Maréchaux emploient ses feuilles pour détruire les vers des chevaux.
12-1	788-791	Les	_	_	_	
12-2	792-801	Maréchaux	_	_	_	
12-3	802-811	emploient	_	_	_	
12-4	812-815	ses	_	_	_	
12-5	816-824	feuilles	_	_	_	
12-6	825-829	pour	_	_	_	
12-7	830-838	détruire	_	_	_	
12-8	839-842	les	_	_	_	
12-9	843-847	vers	_	_	_	
12-10	848-851	des	_	_	_	
12-11	852-859	chevaux	_	_	_	
12-12	859-860	.	_	_	_	

#Text=Raye n'hésite pas d'en administrer le suc, mêlé de lait, aux enfants attaqués de la même maladie , Cependant , comme son usage intérieur n'est pas Sans inconvénient, une Médecine plus éclairée lui a substitué cette heureuse production du voisinage de la mer appelée Coralim . .. .
13-1	861-865	Raye	_	_	_	
13-2	866-874	n'hésite	_	_	_	
13-3	875-878	pas	_	_	_	
13-4	879-883	d'en	_	_	_	
13-5	884-895	administrer	_	_	_	
13-6	896-898	le	_	_	_	
13-7	899-902	suc	_	_	_	
13-8	902-903	,	_	_	_	
13-9	904-908	mêlé	_	_	_	
13-10	909-911	de	_	_	_	
13-11	912-916	lait	_	_	_	
13-12	916-917	,	_	_	_	
13-13	918-921	aux	_	_	_	
13-14	922-929	enfants	_	_	_	
13-15	930-938	attaqués	_	_	_	
13-16	939-941	de	_	_	_	
13-17	942-944	la	_	_	_	
13-18	945-949	même	_	_	_	
13-19	950-957	maladie	_	_	_	
13-20	958-959	,	_	_	_	
13-21	960-969	Cependant	_	_	_	
13-22	970-971	,	_	_	_	
13-23	972-977	comme	_	_	_	
13-24	978-981	son	_	_	_	
13-25	982-987	usage	_	_	_	
13-26	988-997	intérieur	_	_	_	
13-27	998-1003	n'est	_	_	_	
13-28	1004-1007	pas	_	_	_	
13-29	1008-1012	Sans	_	_	_	
13-30	1013-1025	inconvénient	_	_	_	
13-31	1025-1026	,	_	_	_	
13-32	1027-1030	une	_	_	_	
13-33	1031-1039	Médecine	_	_	_	
13-34	1040-1044	plus	_	_	_	
13-35	1045-1053	éclairée	_	_	_	
13-36	1054-1057	lui	_	_	_	
13-37	1058-1059	a	_	_	_	
13-38	1060-1069	substitué	_	_	_	
13-39	1070-1075	cette	_	_	_	
13-40	1076-1084	heureuse	_	_	_	
13-41	1085-1095	production	_	_	_	
13-42	1096-1098	du	_	_	_	
13-43	1099-1108	voisinage	_	_	_	
13-44	1109-1111	de	_	_	_	
13-45	1112-1114	la	_	_	_	
13-46	1115-1118	mer	_	_	_	
13-47	1119-1126	appelée	_	_	_	
13-48	1127-1134	Coralim	_	_	_	
13-49	1135-1136	.	_	_	_	
13-50	1137-1138	.	_	_	_	
13-51	1138-1139	.	_	_	_	
13-52	1140-1141	.	_	_	_	
