#FORMAT=WebAnno TSV 3.3


#Text=Dę Phæn.
1-1	2-4	Dę	
1-2	5-9	Phæn	
1-3	9-10	.	

#Text=XV.
#Text=hoc mihi per(valum habeo: quod, ut ftomacho, ita quos na.
#Text=ribos nimia sacietas faftidium pariat, hinc ex modico intervallo, numero pauciores impetu leviores, & confequenter gratiores percipiuntur odor res; & forte fpatio inter obje&tum, & nares intermedio, fubtiliora odorum corpuscula, crassiuscuJis viam præripiunt, adeo ut hæc, ad motum tardiora, palmam reliquis concedere cogantur.
2-1	11-13	XV	
2-2	13-14	.	
2-3	15-18	hoc	
2-4	19-23	mihi	
2-5	24-27	per	
2-6	27-28	(	
2-7	28-33	valum	
2-8	34-39	habeo	
2-9	39-40	:	
2-10	41-45	quod	
2-11	45-46	,	
2-12	47-49	ut	
2-13	50-58	ftomacho	
2-14	58-59	,	
2-15	60-63	ita	
2-16	64-68	quos	
2-17	69-71	na	
2-18	71-72	.	
2-19	73-78	ribos	
2-20	79-84	nimia	
2-21	85-93	sacietas	
2-22	94-103	faftidium	
2-23	104-110	pariat	
2-24	110-111	,	
2-25	112-116	hinc	
2-26	117-119	ex	
2-27	120-126	modico	
2-28	127-137	intervallo	
2-29	137-138	,	
2-30	139-145	numero	
2-31	146-155	pauciores	
2-32	156-162	impetu	
2-33	163-171	leviores	
2-34	171-172	,	
2-35	173-174	&	
2-36	175-187	confequenter	
2-37	188-197	gratiores	
2-38	198-210	percipiuntur	
2-39	211-215	odor	
2-40	216-219	res	
2-41	219-220	;	
2-42	221-222	&	
2-43	223-228	forte	
2-44	229-235	fpatio	
2-45	236-241	inter	
2-46	242-246	obje	
2-47	246-247	&	
2-48	247-250	tum	
2-49	250-251	,	
2-50	252-253	&	
2-51	254-259	nares	
2-52	260-270	intermedio	
2-53	270-271	,	
2-54	272-282	fubtiliora	
2-55	283-289	odorum	
2-56	290-300	corpuscula	
2-57	300-301	,	
2-58	302-315	crassiuscuJis	
2-59	316-320	viam	
2-60	321-331	præripiunt	
2-61	331-332	,	
2-62	333-337	adeo	
2-63	338-340	ut	
2-64	341-344	hæc	
2-65	344-345	,	
2-66	346-348	ad	
2-67	349-354	motum	
2-68	355-363	tardiora	
2-69	363-364	,	
2-70	365-371	palmam	
2-71	372-380	reliquis	
2-72	381-390	concedere	
2-73	391-399	cogantur	
2-74	399-400	.	

#Text=CAPUT III.
3-1	401-406	CAPUT	
3-2	407-410	III	
3-3	410-411	.	

#Text=De Media odores and organa odoratûs transvebante.
4-1	412-414	De	
4-2	415-420	Media	
4-3	421-427	odores	
4-4	428-431	and	
4-5	432-438	organa	
4-6	439-447	odoratûs	
4-7	448-460	transvebante	
4-8	460-461	.	

#Text=Subtilia odoriferorum effuvia ab Aëre excipi
#Text=
#Text=, co que mediante ad pares transvehi, quoridiana do cet experientia.
5-1	462-470	Subtilia	
5-2	471-483	odoriferorum	
5-3	484-491	effuvia	
5-4	492-494	ab	
5-5	495-499	Aëre	
5-6	500-506	excipi	
5-7	508-509	,	
5-8	510-512	co	
5-9	513-516	que	
5-10	517-525	mediante	
5-11	526-528	ad	
5-12	529-534	pares	
5-13	535-544	transvehi	
5-14	544-545	,	
5-15	546-556	quoridiana	
5-16	557-559	do	
5-17	560-563	cet	
5-18	564-575	experientia	
5-19	575-576	.	

#Text=Non tamen existimandum, Tem ordinario tantum motu suo agitatum, rerum odoratarum particulis, odorarûs organo fufficienter imprimendis, parem effe.
6-1	577-580	Non	
6-2	581-586	tamen	
6-3	587-599	existimandum	
6-4	599-600	,	
6-5	601-604	Tem	
6-6	605-614	ordinario	
6-7	615-621	tantum	
6-8	622-626	motu	
6-9	627-630	suo	
6-10	631-639	agitatum	
6-11	639-640	,	
6-12	641-646	rerum	
6-13	647-657	odoratarum	
6-14	658-668	particulis	
6-15	668-669	,	
6-16	670-678	odorarûs	
6-17	679-685	organo	
6-18	686-698	fufficienter	
6-19	699-710	imprimendis	
6-20	710-711	,	
6-21	712-717	parem	
6-22	718-722	effe	
6-23	722-723	.	

#Text=Ut enim odoris fenfus in nobis exciretur , femper requiritur, vt aër odorum effluviis perfalus, vi aro imperu in nares irrumpat.
7-1	724-726	Ut	
7-2	727-731	enim	
7-3	732-738	odoris	
7-4	739-745	fenfus	
7-5	746-748	in	
7-6	749-754	nobis	
7-7	755-764	exciretur	
7-8	765-766	,	
7-9	767-773	femper	
7-10	774-784	requiritur	
7-11	784-785	,	
7-12	786-788	vt	
7-13	789-792	aër	
7-14	793-799	odorum	
7-15	800-809	effluviis	
7-16	810-818	perfalus	
7-17	818-819	,	
7-18	820-822	vi	
7-19	823-826	aro	
7-20	827-833	imperu	
7-21	834-836	in	
7-22	837-842	nares	
7-23	843-851	irrumpat	
7-24	851-852	.	

#Text=Hoc ftudiofe annotavit Galenus , qui: Si vem, inquit, à propriis wétionis nocidentibus investiga the volumus, Willum odoris fonfum, nifi Piritu naribus at: tratto, moveri videbimus , quamquam ipfe nares quandos
#Text=
#Text=(o) Cal. 1. de infrum; odor: 6.
#Text=3.
8-1	853-856	Hoc	
8-2	857-865	ftudiofe	
8-3	866-875	annotavit	
8-4	876-883	Galenus	
8-5	884-885	,	
8-6	886-889	qui	
8-7	889-890	:	
8-8	891-893	Si	
8-9	894-897	vem	
8-10	897-898	,	
8-11	899-905	inquit	
8-12	905-906	,	
8-13	907-908	à	
8-14	909-917	propriis	
8-15	918-926	wétionis	
8-16	927-939	nocidentibus	
8-17	940-949	investiga	
8-18	950-953	the	
8-19	954-961	volumus	
8-20	961-962	,	
8-21	963-969	Willum	
8-22	970-976	odoris	
8-23	977-983	fonfum	
8-24	983-984	,	
8-25	985-989	nifi	
8-26	990-996	Piritu	
8-27	997-1004	naribus	
8-28	1005-1007	at	
8-29	1007-1008	:	
8-30	1009-1015	tratto	
8-31	1015-1016	,	
8-32	1017-1023	moveri	
8-33	1024-1033	videbimus	
8-34	1034-1035	,	
8-35	1036-1044	quamquam	
8-36	1045-1049	ipfe	
8-37	1050-1055	nares	
8-38	1056-1063	quandos	
8-39	1065-1066	(	
8-40	1066-1067	o	
8-41	1067-1068	)	
8-42	1069-1072	Cal	
8-43	1072-1073	.	
8-44	1074-1075	1	
8-45	1075-1076	.	
8-46	1077-1079	de	
8-47	1080-1086	infrum	
8-48	1086-1087	;	
8-49	1088-1092	odor	
8-50	1092-1093	:	
8-51	1094-1095	6	
8-52	1095-1096	.	
8-53	1097-1098	3	
8-54	1098-1099	.	

#Text=vapore
#Text=
#Text=
#Text=
#Text=
#Text=
#Text=ofe (17)
#Text=
#Text=(to vapore etiam vebementer olenté repleta fint, Si quis igie tur in cabiculo admodum angufto bitumen, cafiambe, aut myrrbam, tbusve aut fyracem in suffitum colliquet, ut uther dique circumfufum aërem odore vebementi repleat, mox eundem fic' naribus excipiat; ut attrabere per intervalla longa conetur , bic rei veritatem intelliger.
9-1	1105-1111	vapore	
9-2	1117-1120	ofe	
9-3	1121-1122	(	
9-4	1122-1124	17	
9-5	1124-1125	)	
9-6	1127-1128	(	
9-7	1128-1130	to	
9-8	1131-1137	vapore	
9-9	1138-1143	etiam	
9-10	1144-1154	vebementer	
9-11	1155-1161	olenté	
9-12	1162-1169	repleta	
9-13	1170-1174	fint	
9-14	1174-1175	,	
9-15	1176-1178	Si	
9-16	1179-1183	quis	
9-17	1184-1188	igie	
9-18	1189-1192	tur	
9-19	1193-1195	in	
9-20	1196-1204	cabiculo	
9-21	1205-1212	admodum	
9-22	1213-1220	angufto	
9-23	1221-1228	bitumen	
9-24	1228-1229	,	
9-25	1230-1238	cafiambe	
9-26	1238-1239	,	
9-27	1240-1243	aut	
9-28	1244-1251	myrrbam	
9-29	1251-1252	,	
9-30	1253-1259	tbusve	
9-31	1260-1263	aut	
9-32	1264-1271	fyracem	
9-33	1272-1274	in	
9-34	1275-1283	suffitum	
9-35	1284-1293	colliquet	
9-36	1293-1294	,	
9-37	1295-1297	ut	
9-38	1298-1303	uther	
9-39	1304-1309	dique	
9-40	1310-1321	circumfufum	
9-41	1322-1327	aërem	
9-42	1328-1333	odore	
9-43	1334-1343	vebementi	
9-44	1344-1351	repleat	
9-45	1351-1352	,	
9-46	1353-1356	mox	
9-47	1357-1363	eundem	
9-48	1364-1367	fic	
9-49	1367-1368	'	
9-50	1369-1376	naribus	
9-51	1377-1385	excipiat	
9-52	1385-1386	;	
9-53	1387-1389	ut	
9-54	1390-1399	attrabere	
9-55	1400-1403	per	
9-56	1404-1414	intervalla	
9-57	1415-1420	longa	
9-58	1421-1428	conetur	
9-59	1429-1430	,	
9-60	1431-1434	bic	
9-61	1435-1438	rei	
9-62	1439-1448	veritatem	
9-63	1449-1459	intelliger	
9-64	1459-1460	.	

#Text=Siquidem tame tummodo, duin fpiritum adducet , odorem fentiet: interjeEtis autem temporibus, cum piritum continebit , odorem nullum percipiet , quamquam nares olenti vapore repleia funt: boc idem eveniet, fi in ipfus aliquid vebementis odoris infilles, nam ita quog folo attracti piritâs tempore odorem percipies.
10-1	1461-1469	Siquidem	
10-2	1470-1474	tame	
10-3	1475-1482	tummodo	
10-4	1482-1483	,	
10-5	1484-1488	duin	
10-6	1489-1497	fpiritum	
10-7	1498-1505	adducet	
10-8	1506-1507	,	
10-9	1508-1514	odorem	
10-10	1515-1522	fentiet	
10-11	1522-1523	:	
10-12	1524-1535	interjeEtis	
10-13	1536-1541	autem	
10-14	1542-1552	temporibus	
10-15	1552-1553	,	
10-16	1554-1557	cum	
10-17	1558-1565	piritum	
10-18	1566-1576	continebit	
10-19	1577-1578	,	
10-20	1579-1585	odorem	
10-21	1586-1592	nullum	
10-22	1593-1602	percipiet	
10-23	1603-1604	,	
10-24	1605-1613	quamquam	
10-25	1614-1619	nares	
10-26	1620-1626	olenti	
10-27	1627-1633	vapore	
10-28	1634-1641	repleia	
10-29	1642-1646	funt	
10-30	1646-1647	:	
10-31	1648-1651	boc	
10-32	1652-1656	idem	
10-33	1657-1664	eveniet	
10-34	1664-1665	,	
10-35	1666-1668	fi	
10-36	1669-1671	in	
10-37	1672-1677	ipfus	
10-38	1678-1685	aliquid	
10-39	1686-1696	vebementis	
10-40	1697-1703	odoris	
10-41	1704-1712	infilles	
10-42	1712-1713	,	
10-43	1714-1717	nam	
10-44	1718-1721	ita	
10-45	1722-1726	quog	
10-46	1727-1731	folo	
10-47	1732-1740	attracti	
10-48	1741-1748	piritâs	
10-49	1749-1756	tempore	
10-50	1757-1763	odorem	
10-51	1764-1773	percipies	
10-52	1773-1774	.	

#Text=Huc etiam facit Celeb: Loweri experimentum.
11-1	1775-1778	Huc	
11-2	1779-1784	etiam	
11-3	1785-1790	facit	
11-4	1791-1796	Celeb	
11-5	1796-1797	:	
11-6	1798-1804	Loweri	
11-7	1805-1817	experimentum	
11-8	1817-1818	.	

#Text=Dexterrimus hic anatomicus, referente Cel: Gualtero Needham, (P) cani arteriam afperam in jugulo præscidit, camque, vulnere cere.
#Text=rà fanato, extrorsum vertit , ut non per os & na res, fed prorfus per guitur fpiraret animal, His rite peractis, observavit canem non vocem folam, fed etiam olfactum penitus amififfe: nam ne teterrimis quidem odoribus excitari potuit.
12-1	1819-1830	Dexterrimus	
12-2	1831-1834	hic	
12-3	1835-1845	anatomicus	
12-4	1845-1846	,	
12-5	1847-1856	referente	
12-6	1857-1860	Cel	
12-7	1860-1861	:	
12-8	1862-1870	Gualtero	
12-9	1871-1878	Needham	
12-10	1878-1879	,	
12-11	1880-1881	(	
12-12	1881-1882	P	
12-13	1882-1883	)	
12-14	1884-1888	cani	
12-15	1889-1897	arteriam	
12-16	1898-1905	afperam	
12-17	1906-1908	in	
12-18	1909-1915	jugulo	
12-19	1916-1925	præscidit	
12-20	1925-1926	,	
12-21	1927-1933	camque	
12-22	1933-1934	,	
12-23	1935-1942	vulnere	
12-24	1943-1947	cere	
12-25	1947-1948	.	
12-26	1949-1951	rà	
12-27	1952-1958	fanato	
12-28	1958-1959	,	
12-29	1960-1969	extrorsum	
12-30	1970-1976	vertit	
12-31	1977-1978	,	
12-32	1979-1981	ut	
12-33	1982-1985	non	
12-34	1986-1989	per	
12-35	1990-1992	os	
12-36	1993-1994	&	
12-37	1995-1997	na	
12-38	1998-2001	res	
12-39	2001-2002	,	
12-40	2003-2006	fed	
12-41	2007-2014	prorfus	
12-42	2015-2018	per	
12-43	2019-2025	guitur	
12-44	2026-2034	fpiraret	
12-45	2035-2041	animal	
12-46	2041-2042	,	
12-47	2043-2046	His	
12-48	2047-2051	rite	
12-49	2052-2060	peractis	
12-50	2060-2061	,	
12-51	2062-2072	observavit	
12-52	2073-2078	canem	
12-53	2079-2082	non	
12-54	2083-2088	vocem	
12-55	2089-2094	folam	
12-56	2094-2095	,	
12-57	2096-2099	fed	
12-58	2100-2105	etiam	
12-59	2106-2114	olfactum	
12-60	2115-2122	penitus	
12-61	2123-2131	amififfe	
12-62	2131-2132	:	
12-63	2133-2136	nam	
12-64	2137-2139	ne	
12-65	2140-2150	teterrimis	
12-66	2151-2157	quidem	
12-67	2158-2166	odoribus	
12-68	2167-2175	excitari	
12-69	2176-2182	potuit	
12-70	2182-2183	.	

#Text=Ex quibus omnibus haut obscure cernimus, quanta aeris, ad olfa&us fenfum in nobis producendum, sit neceffitas: quæ etiam ex eo elucescit, quod accuratius olfa&uri, os clavderc foleamus; ore quippe claufo, majori cum impetu, quám eodem aperto, С
#Text=
#Text=aér (P) Disquific anajomic, de formato fatw 6.-6. baut pros
#Text=
#Text=Cicul à fine.
#Text=eo doo
#Text=
#Text=
#Text=
#Text=
#Text=
#Text=aër nares ingreditur, & confequenter fortius etiam in narium membranas impingunt odorifera, quæ aër secum vehit, corpuscula.
#Text=$.
#Text=2.
13-1	2184-2186	Ex	
13-2	2187-2193	quibus	
13-3	2194-2201	omnibus	
13-4	2202-2206	haut	
13-5	2207-2214	obscure	
13-6	2215-2223	cernimus	
13-7	2223-2224	,	
13-8	2225-2231	quanta	
13-9	2232-2237	aeris	
13-10	2237-2238	,	
13-11	2239-2241	ad	
13-12	2242-2246	olfa	
13-13	2246-2247	&	
13-14	2247-2249	us	
13-15	2250-2256	fenfum	
13-16	2257-2259	in	
13-17	2260-2265	nobis	
13-18	2266-2277	producendum	
13-19	2277-2278	,	
13-20	2279-2282	sit	
13-21	2283-2293	neceffitas	
13-22	2293-2294	:	
13-23	2295-2298	quæ	
13-24	2299-2304	etiam	
13-25	2305-2307	ex	
13-26	2308-2310	eo	
13-27	2311-2320	elucescit	
13-28	2320-2321	,	
13-29	2322-2326	quod	
13-30	2327-2337	accuratius	
13-31	2338-2342	olfa	
13-32	2342-2343	&	
13-33	2343-2346	uri	
13-34	2346-2347	,	
13-35	2348-2350	os	
13-36	2351-2359	clavderc	
13-37	2360-2368	foleamus	
13-38	2368-2369	;	
13-39	2370-2373	ore	
13-40	2374-2380	quippe	
13-41	2381-2387	claufo	
13-42	2387-2388	,	
13-43	2389-2395	majori	
13-44	2396-2399	cum	
13-45	2400-2406	impetu	
13-46	2406-2407	,	
13-47	2408-2412	quám	
13-48	2413-2418	eodem	
13-49	2419-2425	aperto	
13-50	2425-2426	,	
13-51	2427-2428	С	
13-52	2430-2433	aér	
13-53	2434-2435	(	
13-54	2435-2436	P	
13-55	2436-2437	)	
13-56	2438-2447	Disquific	
13-57	2448-2456	anajomic	
13-58	2456-2457	,	
13-59	2458-2460	de	
13-60	2461-2468	formato	
13-61	2469-2473	fatw	
13-62	2474-2475	6	
13-63	2475-2476	.	
13-64	2476-2477	-	
13-65	2477-2478	6	
13-66	2478-2479	.	
13-67	2480-2484	baut	
13-68	2485-2489	pros	
13-69	2491-2496	Cicul	
13-70	2497-2498	à	
13-71	2499-2503	fine	
13-72	2503-2504	.	
13-73	2505-2507	eo	
13-74	2508-2511	doo	
13-75	2517-2520	aër	
13-76	2521-2526	nares	
13-77	2527-2537	ingreditur	
13-78	2537-2538	,	
13-79	2539-2540	&	
13-80	2541-2553	confequenter	
13-81	2554-2561	fortius	
13-82	2562-2567	etiam	
13-83	2568-2570	in	
13-84	2571-2577	narium	
13-85	2578-2587	membranas	
13-86	2588-2597	impingunt	
13-87	2598-2607	odorifera	
13-88	2607-2608	,	
13-89	2609-2612	quæ	
13-90	2613-2616	aër	
13-91	2617-2622	secum	
13-92	2623-2628	vehit	
13-93	2628-2629	,	
13-94	2630-2640	corpuscula	
13-95	2640-2641	.	
13-96	2642-2643	$	
13-97	2643-2644	.	
13-98	2645-2646	2	
13-99	2646-2647	.	

#Text=Quæritur autem I.mo: an eo temporis intervallo, quo inspirationem ceffare jubemus, aër, odoriferorum particulis permixtus, nares subintret nec ne?.
14-1	2648-2656	Quæritur	
14-2	2657-2662	autem	
14-3	2663-2667	I.mo	
14-4	2667-2668	:	
14-5	2669-2671	an	
14-6	2672-2674	eo	
14-7	2675-2683	temporis	
14-8	2684-2694	intervallo	
14-9	2694-2695	,	
14-10	2696-2699	quo	
14-11	2700-2713	inspirationem	
14-12	2714-2721	ceffare	
14-13	2722-2729	jubemus	
14-14	2729-2730	,	
14-15	2731-2734	aër	
14-16	2734-2735	,	
14-17	2736-2748	odoriferorum	
14-18	2749-2759	particulis	
14-19	2760-2769	permixtus	
14-20	2769-2770	,	
14-21	2771-2776	nares	
14-22	2777-2786	subintret	
14-23	2787-2790	nec	
14-24	2791-2793	ne	
14-25	2793-2794	?	
14-26	2794-2795	.	
