#FORMAT=WebAnno TSV 3.3


#Text=Majorem cmircunt odorem thus, aut cera Hifpanica, cum comburuntur, quia ab igne subtiles particulæ odoratæ folvuntur a vinculis, quibus decinebantur a subftantia cras.
#Text=fa, atque oleagina churis , aut cerx Hispanicæ, ac per acrem
#Text=
#Text=dife
#Text=
#Text=
#Text=
#Text=
#Text=
#Text=dispersæ alias particulas commovent, fimilemque præftant effe: &tum , ac plurimæ scintillæ per acrem volitantes quoad lucem ; ils la proinde çffluvia habenda sunt tamquam totidem corpora odorifera, quæ cadem ratione odorem gencrant ac S. x. dictum est, Uc plurimum vero calore intenditur odor , frigore minuitur, quia calore vehementius agitantur fubtiliores particulę, frigore vero torpidę redduntur.
1-1	2-9	Majorem	
1-2	10-18	cmircunt	
1-3	19-25	odorem	
1-4	26-30	thus	
1-5	30-31	,	
1-6	32-35	aut	
1-7	36-40	cera	
1-8	41-50	Hifpanica	
1-9	50-51	,	
1-10	52-55	cum	
1-11	56-67	comburuntur	
1-12	67-68	,	
1-13	69-73	quia	
1-14	74-76	ab	
1-15	77-81	igne	
1-16	82-90	subtiles	
1-17	91-100	particulæ	
1-18	101-108	odoratæ	
1-19	109-118	folvuntur	
1-20	119-120	a	
1-21	121-129	vinculis	
1-22	129-130	,	
1-23	131-137	quibus	
1-24	138-150	decinebantur	
1-25	151-152	a	
1-26	153-163	subftantia	
1-27	164-168	cras	
1-28	168-169	.	
1-29	170-172	fa	
1-30	172-173	,	
1-31	174-179	atque	
1-32	180-188	oleagina	
1-33	189-195	churis	
1-34	196-197	,	
1-35	198-201	aut	
1-36	202-206	cerx	
1-37	207-216	Hispanicæ	
1-38	216-217	,	
1-39	218-220	ac	
1-40	221-224	per	
1-41	225-230	acrem	
1-42	232-236	dife	
1-43	242-250	dispersæ	
1-44	251-256	alias	
1-45	257-267	particulas	
1-46	268-277	commovent	
1-47	277-278	,	
1-48	279-289	fimilemque	
1-49	290-298	præftant	
1-50	299-303	effe	
1-51	303-304	:	
1-52	305-306	&	
1-53	306-309	tum	
1-54	310-311	,	
1-55	312-314	ac	
1-56	315-322	plurimæ	
1-57	323-332	scintillæ	
1-58	333-336	per	
1-59	337-342	acrem	
1-60	343-353	volitantes	
1-61	354-359	quoad	
1-62	360-365	lucem	
1-63	366-367	;	
1-64	368-371	ils	
1-65	372-374	la	
1-66	375-382	proinde	
1-67	383-391	çffluvia	
1-68	392-399	habenda	
1-69	400-404	sunt	
1-70	405-412	tamquam	
1-71	413-420	totidem	
1-72	421-428	corpora	
1-73	429-438	odorifera	
1-74	438-439	,	
1-75	440-443	quæ	
1-76	444-449	cadem	
1-77	450-457	ratione	
1-78	458-464	odorem	
1-79	465-473	gencrant	
1-80	474-476	ac	
1-81	477-478	S	
1-82	478-479	.	
1-83	480-481	x	
1-84	481-482	.	
1-85	483-489	dictum	
1-86	490-493	est	
1-87	493-494	,	
1-88	495-497	Uc	
1-89	498-506	plurimum	
1-90	507-511	vero	
1-91	512-518	calore	
1-92	519-529	intenditur	
1-93	530-534	odor	
1-94	535-536	,	
1-95	537-544	frigore	
1-96	545-553	minuitur	
1-97	553-554	,	
1-98	555-559	quia	
1-99	560-566	calore	
1-100	567-578	vehementius	
1-101	579-588	agitantur	
1-102	589-600	fubtiliores	
1-103	601-610	particulę	
1-104	610-611	,	
1-105	612-619	frigore	
1-106	620-624	vero	
1-107	625-632	torpidę	
1-108	633-642	redduntur	
1-109	642-643	.	

#Text=Poteft tamen aliquando calor odori obelle , ut accidit in Aoribus, qui in aprico loco educati minus olent, quia calor propter assiduam particularum agitationem eas ita dissipat, ut iisdem corpus deinde minus abundet ; atque hęc etiam eft ratio, cur per alterationem fepius corpora odorem.
#Text=amittant, nam per eam particulę odoratę avolant , unde fit, ut residuum fit inodorum.
2-1	644-650	Poteft	
2-2	651-656	tamen	
2-3	657-666	aliquando	
2-4	667-672	calor	
2-5	673-678	odori	
2-6	679-685	obelle	
2-7	686-687	,	
2-8	688-690	ut	
2-9	691-698	accidit	
2-10	699-701	in	
2-11	702-709	Aoribus	
2-12	709-710	,	
2-13	711-714	qui	
2-14	715-717	in	
2-15	718-724	aprico	
2-16	725-729	loco	
2-17	730-737	educati	
2-18	738-743	minus	
2-19	744-749	olent	
2-20	749-750	,	
2-21	751-755	quia	
2-22	756-761	calor	
2-23	762-769	propter	
2-24	770-778	assiduam	
2-25	779-791	particularum	
2-26	792-803	agitationem	
2-27	804-807	eas	
2-28	808-811	ita	
2-29	812-820	dissipat	
2-30	820-821	,	
2-31	822-824	ut	
2-32	825-831	iisdem	
2-33	832-838	corpus	
2-34	839-845	deinde	
2-35	846-851	minus	
2-36	852-859	abundet	
2-37	860-861	;	
2-38	862-867	atque	
2-39	868-871	hęc	
2-40	872-877	etiam	
2-41	878-881	eft	
2-42	882-887	ratio	
2-43	887-888	,	
2-44	889-892	cur	
2-45	893-896	per	
2-46	897-909	alterationem	
2-47	910-916	fepius	
2-48	917-924	corpora	
2-49	925-931	odorem	
2-50	931-932	.	
2-51	933-941	amittant	
2-52	941-942	,	
2-53	943-946	nam	
2-54	947-950	per	
2-55	951-954	eam	
2-56	955-964	particulę	
2-57	965-972	odoratę	
2-58	973-980	avolant	
2-59	981-982	,	
2-60	983-987	unde	
2-61	988-991	fit	
2-62	991-992	,	
2-63	993-995	ut	
2-64	996-1004	residuum	
2-65	1005-1008	fit	
2-66	1009-1017	inodorum	
2-67	1017-1018	.	

#Text=Demum quod attinet ad odoris mutationem, ea repetenda est ex fermentatione, quę a calore, vel a mixtione alterius substancię oritur , nam per fermentationem motum incestinum acquirunt corporum particulę, in quo motu varic atceruntur, & quoad magnitudinem , atque elasticitatem varias mutationes subeunt , quod igitur ingratum emittebat odo, rem, poft fermentationem gratum reddere poteft, & vicislım , cademque de causa corpora inodora commixta vehementer olere poflunt.
3-1	1019-1024	Demum	
3-2	1025-1029	quod	
3-3	1030-1037	attinet	
3-4	1038-1040	ad	
3-5	1041-1047	odoris	
3-6	1048-1058	mutationem	
3-7	1058-1059	,	
3-8	1060-1062	ea	
3-9	1063-1072	repetenda	
3-10	1073-1076	est	
3-11	1077-1079	ex	
3-12	1080-1093	fermentatione	
3-13	1093-1094	,	
3-14	1095-1098	quę	
3-15	1099-1100	a	
3-16	1101-1107	calore	
3-17	1107-1108	,	
3-18	1109-1112	vel	
3-19	1113-1114	a	
3-20	1115-1123	mixtione	
3-21	1124-1132	alterius	
3-22	1133-1143	substancię	
3-23	1144-1150	oritur	
3-24	1151-1152	,	
3-25	1153-1156	nam	
3-26	1157-1160	per	
3-27	1161-1175	fermentationem	
3-28	1176-1181	motum	
3-29	1182-1192	incestinum	
3-30	1193-1202	acquirunt	
3-31	1203-1211	corporum	
3-32	1212-1221	particulę	
3-33	1221-1222	,	
3-34	1223-1225	in	
3-35	1226-1229	quo	
3-36	1230-1234	motu	
3-37	1235-1240	varic	
3-38	1241-1251	atceruntur	
3-39	1251-1252	,	
3-40	1253-1254	&	
3-41	1255-1260	quoad	
3-42	1261-1273	magnitudinem	
3-43	1274-1275	,	
3-44	1276-1281	atque	
3-45	1282-1295	elasticitatem	
3-46	1296-1302	varias	
3-47	1303-1313	mutationes	
3-48	1314-1321	subeunt	
3-49	1322-1323	,	
3-50	1324-1328	quod	
3-51	1329-1335	igitur	
3-52	1336-1344	ingratum	
3-53	1345-1354	emittebat	
3-54	1355-1358	odo	
3-55	1358-1359	,	
3-56	1360-1363	rem	
3-57	1363-1364	,	
3-58	1365-1369	poft	
3-59	1370-1384	fermentationem	
3-60	1385-1391	gratum	
3-61	1392-1399	reddere	
3-62	1400-1406	poteft	
3-63	1406-1407	,	
3-64	1408-1409	&	
3-65	1410-1418	vicislım	
3-66	1419-1420	,	
3-67	1421-1429	cademque	
3-68	1430-1432	de	
3-69	1433-1438	causa	
3-70	1439-1446	corpora	
3-71	1447-1454	inodora	
3-72	1455-1463	commixta	
3-73	1464-1474	vehementer	
3-74	1475-1480	olere	
3-75	1481-1488	poflunt	
3-76	1488-1489	.	

#Text=Illud etiam accidere poteft, ut per fermentatio, nem particulæ odoræ unius generis exhalentur, alterius vero generis remaneant, atque etiam ad motum fiant expeditiores ; cx
#Text=
#Text=quo necesse est, ut odor in alium sensibiliter mutetur, XIV.
4-1	1490-1495	Illud	
4-2	1496-1501	etiam	
4-3	1502-1510	accidere	
4-4	1511-1517	poteft	
4-5	1517-1518	,	
4-6	1519-1521	ut	
4-7	1522-1525	per	
4-8	1526-1537	fermentatio	
4-9	1537-1538	,	
4-10	1539-1542	nem	
4-11	1543-1552	particulæ	
4-12	1553-1558	odoræ	
4-13	1559-1564	unius	
4-14	1565-1572	generis	
4-15	1573-1583	exhalentur	
4-16	1583-1584	,	
4-17	1585-1593	alterius	
4-18	1594-1598	vero	
4-19	1599-1606	generis	
4-20	1607-1616	remaneant	
4-21	1616-1617	,	
4-22	1618-1623	atque	
4-23	1624-1629	etiam	
4-24	1630-1632	ad	
4-25	1633-1638	motum	
4-26	1639-1644	fiant	
4-27	1645-1657	expeditiores	
4-28	1658-1659	;	
4-29	1660-1662	cx	
4-30	1664-1667	quo	
4-31	1668-1675	necesse	
4-32	1676-1679	est	
4-33	1679-1680	,	
4-34	1681-1683	ut	
4-35	1684-1688	odor	
4-36	1689-1691	in	
4-37	1692-1697	alium	
4-38	1698-1710	sensibiliter	
4-39	1711-1718	mutetur	
4-40	1718-1719	,	
4-41	1720-1723	XIV	
4-42	1723-1724	.	

#Text=Uc odor percipiatur, aer per nares est adducendus, nimirum
#Text=
#Text=ut lentissimus materiæ odoræ motus ab aeris motu quodammo.
#Text=do adjuvetur: ita videmus, sonum a vcacis fieri magis, vel minus intensum, licet motus aeris, qui ventum constituie, valde discrcpet ab aeris motu, a quo fit sonus : poterit proinde motus matesię odorę a motu aeris per dares attracti fieri magis intensus, ita
#Text=
#Text=ut sensationem excitet.
5-1	1725-1727	Uc	
5-2	1728-1732	odor	
5-3	1733-1744	percipiatur	
5-4	1744-1745	,	
5-5	1746-1749	aer	
5-6	1750-1753	per	
5-7	1754-1759	nares	
5-8	1760-1763	est	
5-9	1764-1774	adducendus	
5-10	1774-1775	,	
5-11	1776-1783	nimirum	
5-12	1785-1787	ut	
5-13	1788-1799	lentissimus	
5-14	1800-1807	materiæ	
5-15	1808-1813	odoræ	
5-16	1814-1819	motus	
5-17	1820-1822	ab	
5-18	1823-1828	aeris	
5-19	1829-1833	motu	
5-20	1834-1842	quodammo	
5-21	1842-1843	.	
5-22	1844-1846	do	
5-23	1847-1856	adjuvetur	
5-24	1856-1857	:	
5-25	1858-1861	ita	
5-26	1862-1869	videmus	
5-27	1869-1870	,	
5-28	1871-1876	sonum	
5-29	1877-1878	a	
5-30	1879-1885	vcacis	
5-31	1886-1891	fieri	
5-32	1892-1897	magis	
5-33	1897-1898	,	
5-34	1899-1902	vel	
5-35	1903-1908	minus	
5-36	1909-1917	intensum	
5-37	1917-1918	,	
5-38	1919-1924	licet	
5-39	1925-1930	motus	
5-40	1931-1936	aeris	
5-41	1936-1937	,	
5-42	1938-1941	qui	
5-43	1942-1948	ventum	
5-44	1949-1959	constituie	
5-45	1959-1960	,	
5-46	1961-1966	valde	
5-47	1967-1976	discrcpet	
5-48	1977-1979	ab	
5-49	1980-1985	aeris	
5-50	1986-1990	motu	
5-51	1990-1991	,	
5-52	1992-1993	a	
5-53	1994-1997	quo	
5-54	1998-2001	fit	
5-55	2002-2007	sonus	
5-56	2008-2009	:	
5-57	2010-2017	poterit	
5-58	2018-2025	proinde	
5-59	2026-2031	motus	
5-60	2032-2039	matesię	
5-61	2040-2045	odorę	
5-62	2046-2047	a	
5-63	2048-2052	motu	
5-64	2053-2058	aeris	
5-65	2059-2062	per	
5-66	2063-2068	dares	
5-67	2069-2077	attracti	
5-68	2078-2083	fieri	
5-69	2084-2089	magis	
5-70	2090-2098	intensus	
5-71	2098-2099	,	
5-72	2100-2103	ita	
5-73	2105-2107	ut	
5-74	2108-2119	sensationem	
5-75	2120-2127	excitet	
5-76	2127-2128	.	

#Text=XV.
#Text=irum videri poteft, ab odoribus ita aliquos affici, ut verti.
#Text=giocm, deliquium, aliosque deceriores etiam effectus paciantur , quod in mulieribus præfertim accidic hysterica affectione laborantibus; sed si perpendamus, nervos quinix conjugationis non folum ad nares ferri, fed in oculos etiam, linguarn , palatum ceterafque capitis partes , & in ipsum etiam thoracem, & diaphragma, atque præcordia sese inliņuare , facile advertemus, ex
#Text=
#Text=
#Text=
#Text=motu
#Text=
#Text=
#Text=
#Text=
#Text=
#Text=motu nervorum olfactoriorum motun etiam in nervos per alias corporis partes dispersos oriri, ex quo moru improviso facile curbatur cursus spirituum animalium, atque hinc animi deliquium, cæterique noxii effectus .
6-1	2129-2131	XV	
6-2	2131-2132	.	
6-3	2133-2137	irum	
6-4	2138-2144	videri	
6-5	2145-2151	poteft	
6-6	2151-2152	,	
6-7	2153-2155	ab	
6-8	2156-2164	odoribus	
6-9	2165-2168	ita	
6-10	2169-2176	aliquos	
6-11	2177-2183	affici	
6-12	2183-2184	,	
6-13	2185-2187	ut	
6-14	2188-2193	verti	
6-15	2193-2194	.	
6-16	2195-2200	giocm	
6-17	2200-2201	,	
6-18	2202-2211	deliquium	
6-19	2211-2212	,	
6-20	2213-2221	aliosque	
6-21	2222-2232	deceriores	
6-22	2233-2238	etiam	
6-23	2239-2247	effectus	
6-24	2248-2257	paciantur	
6-25	2258-2259	,	
6-26	2260-2264	quod	
6-27	2265-2267	in	
6-28	2268-2278	mulieribus	
6-29	2279-2288	præfertim	
6-30	2289-2296	accidic	
6-31	2297-2306	hysterica	
6-32	2307-2317	affectione	
6-33	2318-2330	laborantibus	
6-34	2330-2331	;	
6-35	2332-2335	sed	
6-36	2336-2338	si	
6-37	2339-2350	perpendamus	
6-38	2350-2351	,	
6-39	2352-2358	nervos	
6-40	2359-2365	quinix	
6-41	2366-2379	conjugationis	
6-42	2380-2383	non	
6-43	2384-2389	folum	
6-44	2390-2392	ad	
6-45	2393-2398	nares	
6-46	2399-2404	ferri	
6-47	2404-2405	,	
6-48	2406-2409	fed	
6-49	2410-2412	in	
6-50	2413-2419	oculos	
6-51	2420-2425	etiam	
6-52	2425-2426	,	
6-53	2427-2435	linguarn	
6-54	2436-2437	,	
6-55	2438-2445	palatum	
6-56	2446-2456	ceterafque	
6-57	2457-2464	capitis	
6-58	2465-2471	partes	
6-59	2472-2473	,	
6-60	2474-2475	&	
6-61	2476-2478	in	
6-62	2479-2484	ipsum	
6-63	2485-2490	etiam	
6-64	2491-2499	thoracem	
6-65	2499-2500	,	
6-66	2501-2502	&	
6-67	2503-2513	diaphragma	
6-68	2513-2514	,	
6-69	2515-2520	atque	
6-70	2521-2530	præcordia	
6-71	2531-2535	sese	
6-72	2536-2545	inliņuare	
6-73	2546-2547	,	
6-74	2548-2554	facile	
6-75	2555-2565	advertemus	
6-76	2565-2566	,	
6-77	2567-2569	ex	
6-78	2573-2577	motu	
6-79	2583-2587	motu	
6-80	2588-2596	nervorum	
6-81	2597-2610	olfactoriorum	
6-82	2611-2616	motun	
6-83	2617-2622	etiam	
6-84	2623-2625	in	
6-85	2626-2632	nervos	
6-86	2633-2636	per	
6-87	2637-2642	alias	
6-88	2643-2651	corporis	
6-89	2652-2658	partes	
6-90	2659-2668	dispersos	
6-91	2669-2674	oriri	
6-92	2674-2675	,	
6-93	2676-2678	ex	
6-94	2679-2682	quo	
6-95	2683-2687	moru	
6-96	2688-2697	improviso	
6-97	2698-2704	facile	
6-98	2705-2713	curbatur	
6-99	2714-2720	cursus	
6-100	2721-2730	spirituum	
6-101	2731-2740	animalium	
6-102	2740-2741	,	
6-103	2742-2747	atque	
6-104	2748-2752	hinc	
6-105	2753-2758	animi	
6-106	2759-2768	deliquium	
6-107	2768-2769	,	
6-108	2770-2779	cæterique	
6-109	2780-2785	noxii	
6-110	2786-2794	effectus	
6-111	2795-2796	.	

#Text=Neque difficultas in eo elle poteft, quod fatis nobis non innotescat, quomodo particularum motus hujusmodi effectus crcare poslit; nam etâ hujus phænomeni ratio nobis certo non conster, scimus tamen, ipsum sonum aliquos limiles effectus procreare: nonne sunt, qui ex affrictu ferri ad ferrum, vel ad vitrum, vel ex aliis hujusmodi sonis ita turbantur, ut lint omnino sui impo.
#Text=tes?
7-1	2797-2802	Neque	
7-2	2803-2814	difficultas	
7-3	2815-2817	in	
7-4	2818-2820	eo	
7-5	2821-2825	elle	
7-6	2826-2832	poteft	
7-7	2832-2833	,	
7-8	2834-2838	quod	
7-9	2839-2844	fatis	
7-10	2845-2850	nobis	
7-11	2851-2854	non	
7-12	2855-2865	innotescat	
7-13	2865-2866	,	
7-14	2867-2874	quomodo	
7-15	2875-2887	particularum	
7-16	2888-2893	motus	
7-17	2894-2903	hujusmodi	
7-18	2904-2912	effectus	
7-19	2913-2919	crcare	
7-20	2920-2926	poslit	
7-21	2926-2927	;	
7-22	2928-2931	nam	
7-23	2932-2935	etâ	
7-24	2936-2941	hujus	
7-25	2942-2951	phænomeni	
7-26	2952-2957	ratio	
7-27	2958-2963	nobis	
7-28	2964-2969	certo	
7-29	2970-2973	non	
7-30	2974-2981	conster	
7-31	2981-2982	,	
7-32	2983-2989	scimus	
7-33	2990-2995	tamen	
7-34	2995-2996	,	
7-35	2997-3002	ipsum	
7-36	3003-3008	sonum	
7-37	3009-3016	aliquos	
7-38	3017-3024	limiles	
7-39	3025-3033	effectus	
7-40	3034-3043	procreare	
7-41	3043-3044	:	
7-42	3045-3050	nonne	
7-43	3051-3055	sunt	
7-44	3055-3056	,	
7-45	3057-3060	qui	
7-46	3061-3063	ex	
7-47	3064-3072	affrictu	
7-48	3073-3078	ferri	
7-49	3079-3081	ad	
7-50	3082-3088	ferrum	
7-51	3088-3089	,	
7-52	3090-3093	vel	
7-53	3094-3096	ad	
7-54	3097-3103	vitrum	
7-55	3103-3104	,	
7-56	3105-3108	vel	
7-57	3109-3111	ex	
7-58	3112-3117	aliis	
7-59	3118-3127	hujusmodi	
7-60	3128-3133	sonis	
7-61	3134-3137	ita	
7-62	3138-3147	turbantur	
7-63	3147-3148	,	
7-64	3149-3151	ut	
7-65	3152-3156	lint	
7-66	3157-3163	omnino	
7-67	3164-3167	sui	
7-68	3168-3172	impo	
7-69	3172-3173	.	
7-70	3174-3177	tes	
7-71	3177-3178	?	

#Text=omnes præterea experimur in nobismet iplis quasdam corpo.
#Text=ris totius commotiones ad aliquorum instrumentorum lonos, præsertim vero si chordę quędam pulsentur.
8-1	3179-3184	omnes	
8-2	3185-3193	præterea	
8-3	3194-3203	experimur	
8-4	3204-3206	in	
8-5	3207-3215	nobismet	
8-6	3216-3221	iplis	
8-7	3222-3229	quasdam	
8-8	3230-3235	corpo	
8-9	3235-3236	.	
8-10	3237-3240	ris	
8-11	3241-3247	totius	
8-12	3248-3259	commotiones	
8-13	3260-3262	ad	
8-14	3263-3272	aliquorum	
8-15	3273-3287	instrumentorum	
8-16	3288-3293	lonos	
8-17	3293-3294	,	
8-18	3295-3304	præsertim	
8-19	3305-3309	vero	
8-20	3310-3312	si	
8-21	3313-3319	chordę	
8-22	3320-3326	quędam	
8-23	3327-3336	pulsentur	
8-24	3336-3337	.	

#Text=Motus igitur mate, rix odoræ similes effectus in nobis generare potest; et co facilius, quo nervi olfactorii cum aliis per universum corpus disperlis magis connectuntur, atque hıc de causa hujus generis effectus
#Text=
#Text=facilius ab odoribus, quan a lonis producuntur.
9-1	3338-3343	Motus	
9-2	3344-3350	igitur	
9-3	3351-3355	mate	
9-4	3355-3356	,	
9-5	3357-3360	rix	
9-6	3361-3366	odoræ	
9-7	3367-3374	similes	
9-8	3375-3383	effectus	
9-9	3384-3386	in	
9-10	3387-3392	nobis	
9-11	3393-3401	generare	
9-12	3402-3408	potest	
9-13	3408-3409	;	
9-14	3410-3412	et	
9-15	3413-3415	co	
9-16	3416-3424	facilius	
9-17	3424-3425	,	
9-18	3426-3429	quo	
9-19	3430-3435	nervi	
9-20	3436-3446	olfactorii	
9-21	3447-3450	cum	
9-22	3451-3456	aliis	
9-23	3457-3460	per	
9-24	3461-3470	universum	
9-25	3471-3477	corpus	
9-26	3478-3487	disperlis	
9-27	3488-3493	magis	
9-28	3494-3506	connectuntur	
9-29	3506-3507	,	
9-30	3508-3513	atque	
9-31	3514-3517	hıc	
9-32	3518-3520	de	
9-33	3521-3526	causa	
9-34	3527-3532	hujus	
9-35	3533-3540	generis	
9-36	3541-3549	effectus	
9-37	3551-3559	facilius	
9-38	3560-3562	ab	
9-39	3563-3571	odoribus	
9-40	3571-3572	,	
9-41	3573-3577	quan	
9-42	3578-3579	a	
9-43	3580-3585	lonis	
9-44	3586-3597	producuntur	
9-45	3597-3598	.	

#Text=XVI.
10-1	3599-3602	XVI	
10-2	3602-3603	.	

#Text=Hec pociora videntur circa odores explicanda ; cætera quis.
#Text=que proprio marte facile deducere pocelt, v. g. cur iidem odores aliis grati fint, aliis ingrati, cur facilius ab una animalium specie, quam ab alia percipiantur, cur in aliis corporibus acutiores fine, in aliis remifTiores, & cxtera hujusmodi.
11-1	3604-3607	Hec	
11-2	3608-3615	pociora	
11-3	3616-3624	videntur	
11-4	3625-3630	circa	
11-5	3631-3637	odores	
11-6	3638-3648	explicanda	
11-7	3649-3650	;	
11-8	3651-3657	cætera	
11-9	3658-3662	quis	
11-10	3662-3663	.	
11-11	3664-3667	que	
11-12	3668-3675	proprio	
11-13	3676-3681	marte	
11-14	3682-3688	facile	
11-15	3689-3697	deducere	
11-16	3698-3704	pocelt	
11-17	3704-3705	,	
11-18	3706-3707	v	
11-19	3707-3708	.	
11-20	3709-3710	g	
11-21	3710-3711	.	
11-22	3712-3715	cur	
11-23	3716-3721	iidem	
11-24	3722-3728	odores	
11-25	3729-3734	aliis	
11-26	3735-3740	grati	
11-27	3741-3745	fint	
11-28	3745-3746	,	
11-29	3747-3752	aliis	
11-30	3753-3760	ingrati	
11-31	3760-3761	,	
11-32	3762-3765	cur	
11-33	3766-3774	facilius	
11-34	3775-3777	ab	
11-35	3778-3781	una	
11-36	3782-3791	animalium	
11-37	3792-3798	specie	
11-38	3798-3799	,	
11-39	3800-3804	quam	
11-40	3805-3807	ab	
11-41	3808-3812	alia	
11-42	3813-3825	percipiantur	
11-43	3825-3826	,	
11-44	3827-3830	cur	
11-45	3831-3833	in	
11-46	3834-3839	aliis	
11-47	3840-3850	corporibus	
11-48	3851-3860	acutiores	
11-49	3861-3865	fine	
11-50	3865-3866	,	
11-51	3867-3869	in	
11-52	3870-3875	aliis	
11-53	3876-3887	remifTiores	
11-54	3887-3888	,	
11-55	3889-3890	&	
11-56	3891-3897	cxtera	
11-57	3898-3907	hujusmodi	
11-58	3907-3908	.	

#Text=Quare cum omnia satis concione explicec hæc fententia, & difficultatem sub initium expositam omnino fugiar, saltem ur hypothesis ad phænomena explicanda aptissima admitti poteit.
12-1	3909-3914	Quare	
12-2	3915-3918	cum	
12-3	3919-3924	omnia	
12-4	3925-3930	satis	
12-5	3931-3939	concione	
12-6	3940-3948	explicec	
12-7	3949-3952	hæc	
12-8	3953-3962	fententia	
12-9	3962-3963	,	
12-10	3964-3965	&	
12-11	3966-3979	difficultatem	
12-12	3980-3983	sub	
12-13	3984-3991	initium	
12-14	3992-4001	expositam	
12-15	4002-4008	omnino	
12-16	4009-4015	fugiar	
12-17	4015-4016	,	
12-18	4017-4023	saltem	
12-19	4024-4026	ur	
12-20	4027-4037	hypothesis	
12-21	4038-4040	ad	
12-22	4041-4050	phænomena	
12-23	4051-4061	explicanda	
12-24	4062-4071	aptissima	
12-25	4072-4079	admitti	
12-26	4080-4086	poteit	
12-27	4086-4087	.	
