#FORMAT=WebAnno TSV 3.3


#Text=Myrrba alia ftillaticia , alia for
#Text=
#Text=Elicia eft.
#Text=nugae fint, dicit orne
#Text=
#Text=tus cięyov aduchi, nativum scilicet
#Text=
#Text=a quale ex arbore fuxit : tcontra
#Text=
#Text=myrrham", ficticiam, nec , vt ex
#Text=
#Text=arbore manauit, importari .
#Text=etiam
#Text=
#Text=buius myrrhae ; quae affertur, ao
#Text=
#Text=liam eße santris, aliam adesinin,
#Text=
#Text=otramque nempe curatione fari mein
#Text=
#Text=te hic factam.
1-1	2-8	Myrrba	
1-2	9-13	alia	
1-3	14-25	ftillaticia	
1-4	26-27	,	
1-5	28-32	alia	
1-6	33-36	for	
1-7	38-44	Elicia	
1-8	45-48	eft	
1-9	48-49	.	
1-10	50-55	nugae	
1-11	56-60	fint	
1-12	60-61	,	
1-13	62-67	dicit	
1-14	68-72	orne	
1-15	74-77	tus	
1-16	78-84	cięyov	
1-17	85-91	aduchi	
1-18	91-92	,	
1-19	93-100	nativum	
1-20	101-109	scilicet	
1-21	111-112	a	
1-22	113-118	quale	
1-23	119-121	ex	
1-24	122-128	arbore	
1-25	129-134	fuxit	
1-26	135-136	:	
1-27	137-144	tcontra	
1-28	146-153	myrrham	
1-29	153-154	"	
1-30	154-155	,	
1-31	156-165	ficticiam	
1-32	165-166	,	
1-33	167-170	nec	
1-34	171-172	,	
1-35	173-175	vt	
1-36	176-178	ex	
1-37	180-186	arbore	
1-38	187-194	manauit	
1-39	194-195	,	
1-40	196-205	importari	
1-41	206-207	.	
1-42	208-213	etiam	
1-43	215-220	buius	
1-44	221-228	myrrhae	
1-45	229-230	;	
1-46	231-235	quae	
1-47	236-244	affertur	
1-48	244-245	,	
1-49	246-248	ao	
1-50	250-254	liam	
1-51	255-258	eße	
1-52	259-266	santris	
1-53	266-267	,	
1-54	268-273	aliam	
1-55	274-282	adesinin	
1-56	282-283	,	
1-57	285-293	otramque	
1-58	294-299	nempe	
1-59	300-309	curatione	
1-60	310-314	fari	
1-61	315-319	mein	
1-62	321-323	te	
1-63	324-327	hic	
1-64	328-334	factam	
1-65	334-335	.	

#Text=Locus Theophraffi Locus Theo
#Text=
#Text=hic verti debuit ; Tus omne iners mafio lati-
#Text=
#Text=
#Text=
#Text=phr.
#Text=à Sale Adichitur , do afpectu cortici fia mile eft.
2-1	336-341	Locus	
2-2	342-353	Theophraffi	
2-3	354-359	Locus	
2-4	360-364	Theo	
2-5	366-369	hic	
2-6	370-375	verti	
2-7	376-382	debuit	
2-8	383-384	;	
2-9	385-388	Tus	
2-10	389-393	omne	
2-11	394-399	iners	
2-12	400-405	mafio	
2-13	406-410	lati	
2-14	410-411	-	
2-15	415-418	phr	
2-16	418-419	.	
2-17	420-421	à	
2-18	422-426	Sale	
2-19	427-436	Adichitur	
2-20	437-438	,	
2-21	439-441	do	
2-22	442-449	afpectu	
2-23	450-457	cortici	
2-24	458-461	fia	
2-25	462-466	mile	
2-26	467-470	eft	
2-27	470-471	.	

#Text=Myrrba verò ficticiai
#Text=
#Text=alia
#Text=
#Text=
#Text=
#Text=
#Text=
#Text=ne fa&tus.
3-1	472-478	Myrrba	
3-2	479-483	verò	
3-3	484-493	ficticiai	
3-4	495-499	alia	
3-5	505-507	ne	
3-6	508-510	fa	
3-7	510-511	&	
3-8	511-514	tus	
3-9	514-515	.	

#Text=E 3
#Text=
#Text=
#Text=
#Text=
#Text=
#Text=fio.
#Text=dia liquida affertur , alia duras sauen' ny Ex myrrha contufa pars liquidior, Tart' quae exprimebatur arte , vacatas quid şalma.
#Text=e sasta'.
#Text=pars altera , quae re:
#Text=
#Text=manferat , unde saxta expreffion ne liquata fuerat , dicta eft ada san's quod ineffas conuolueretur.
#Text=feterùm, yt liberè dicam, quod fentio, nec Salmafius, Quê Minerua omnos artes edocuit, cuiufque πολυμαθίαν admiratus femperfui , rem explic care videtur, fed longè poa
#Text=
#Text=tius implicare.
4-1	516-517	E	
4-2	518-519	3	
4-3	525-528	fio	
4-4	528-529	.	
4-5	530-533	dia	
4-6	534-541	liquida	
4-7	542-550	affertur	
4-8	551-552	,	
4-9	553-557	alia	
4-10	558-563	duras	
4-11	564-569	sauen	
4-12	569-570	'	
4-13	571-573	ny	
4-14	574-576	Ex	
4-15	577-583	myrrha	
4-16	584-591	contufa	
4-17	592-596	pars	
4-18	597-606	liquidior	
4-19	606-607	,	
4-20	608-612	Tart	
4-21	612-613	'	
4-22	614-618	quae	
4-23	619-631	exprimebatur	
4-24	632-636	arte	
4-25	637-638	,	
4-26	639-646	vacatas	
4-27	647-651	quid	
4-28	652-657	şalma	
4-29	657-658	.	
4-30	659-660	e	
4-31	661-666	sasta	
4-32	666-667	'	
4-33	667-668	.	
4-34	669-673	pars	
4-35	674-680	altera	
4-36	681-682	,	
4-37	683-687	quae	
4-38	688-690	re	
4-39	690-691	:	
4-40	693-701	manferat	
4-41	702-703	,	
4-42	704-708	unde	
4-43	709-714	saxta	
4-44	715-725	expreffion	
4-45	726-728	ne	
4-46	729-736	liquata	
4-47	737-743	fuerat	
4-48	744-745	,	
4-49	746-751	dicta	
4-50	752-755	eft	
4-51	756-759	ada	
4-52	760-765	san's	
4-53	766-770	quod	
4-54	771-778	ineffas	
4-55	779-792	conuolueretur	
4-56	792-793	.	
4-57	794-801	feterùm	
4-58	801-802	,	
4-59	803-805	yt	
4-60	806-812	liberè	
4-61	813-818	dicam	
4-62	818-819	,	
4-63	820-824	quod	
4-64	825-831	fentio	
4-65	831-832	,	
4-66	833-836	nec	
4-67	837-846	Salmafius	
4-68	846-847	,	
4-69	848-851	Quê	
4-70	852-859	Minerua	
4-71	860-865	omnos	
4-72	866-871	artes	
4-73	872-879	edocuit	
4-74	879-880	,	
4-75	881-889	cuiufque	
4-76	890-900	πολυμαθίαν	
4-77	901-910	admiratus	
4-78	911-920	femperfui	
4-79	921-922	,	
4-80	923-926	rem	
4-81	927-933	explic	
4-82	934-938	care	
4-83	939-946	videtur	
4-84	946-947	,	
4-85	948-951	fed	
4-86	952-957	longè	
4-87	958-961	poa	
4-88	963-967	tius	
4-89	968-977	implicare	
4-90	977-978	.	

#Text=Etenim il.
5-1	979-985	Etenim	
5-2	986-988	il	
5-3	988-989	.	

#Text=Salmafij o- lud primò quidem gratis & minatus , fine vllo auctore veteri di
#Text=
#Text=ctum eft, Ficticiam folùmă myrrham ex Arabia.exporis tari, fi enim agzos abaixonaga
#Text=
#Text=
#Text=
#Text=
#Text=
#Text=IV.
#Text=vt auctore Theophrasto Sal
#Text=
#Text=miafius fatetur (nam is aitz
#Text=
#Text=
#Text=
#Text=Lib.ix.cap.
#Text=αργος δει κομίζεται πάς ο λίβανοί .
#Text=tos) ceteraque aromarius
#Text=
#Text=artificio minimè elaborata,
#Text=
#Text=fed qualia manant ex arbo-
#Text=
#Text=re ad níos aduehuntur; cur
#Text=
#Text=non etiam myrrha ?
6-1	990-998	Salmafij	
6-2	999-1000	o	
6-3	1000-1001	-	
6-4	1002-1005	lud	
6-5	1006-1011	primò	
6-6	1012-1018	quidem	
6-7	1019-1025	gratis	
6-8	1026-1027	&	
6-9	1028-1035	minatus	
6-10	1036-1037	,	
6-11	1038-1042	fine	
6-12	1043-1047	vllo	
6-13	1048-1055	auctore	
6-14	1056-1062	veteri	
6-15	1063-1065	di	
6-16	1067-1071	ctum	
6-17	1072-1075	eft	
6-18	1075-1076	,	
6-19	1077-1086	Ficticiam	
6-20	1087-1093	folùmă	
6-21	1094-1101	myrrham	
6-22	1102-1104	ex	
6-23	1105-1119	Arabia.exporis	
6-24	1120-1124	tari	
6-25	1124-1125	,	
6-26	1126-1128	fi	
6-27	1129-1133	enim	
6-28	1134-1139	agzos	
6-29	1140-1150	abaixonaga	
6-30	1156-1158	IV	
6-31	1158-1159	.	
6-32	1160-1162	vt	
6-33	1163-1170	auctore	
6-34	1171-1182	Theophrasto	
6-35	1183-1186	Sal	
6-36	1188-1195	miafius	
6-37	1196-1203	fatetur	
6-38	1204-1205	(	
6-39	1205-1208	nam	
6-40	1209-1211	is	
6-41	1212-1216	aitz	
6-42	1220-1230	Lib.ix.cap	
6-43	1230-1231	.	
6-44	1232-1237	αργος	
6-45	1238-1241	δει	
6-46	1242-1251	κομίζεται	
6-47	1252-1255	πάς	
6-48	1256-1257	ο	
6-49	1258-1265	λίβανοί	
6-50	1266-1267	.	
6-51	1268-1271	tos	
6-52	1271-1272	)	
6-53	1273-1282	ceteraque	
6-54	1283-1292	aromarius	
6-55	1294-1303	artificio	
6-56	1304-1310	minimè	
6-57	1311-1320	elaborata	
6-58	1320-1321	,	
6-59	1323-1326	fed	
6-60	1327-1333	qualia	
6-61	1334-1340	manant	
6-62	1341-1343	ex	
6-63	1344-1348	arbo	
6-64	1348-1349	-	
6-65	1351-1353	re	
6-66	1354-1356	ad	
6-67	1357-1361	níos	
6-68	1362-1372	aduehuntur	
6-69	1372-1373	;	
6-70	1374-1377	cur	
6-71	1379-1382	non	
6-72	1383-1388	etiam	
6-73	1389-1395	myrrha	
6-74	1396-1397	?	

#Text=Prom
#Text=
#Text=fectò Theophraftus id nul
#Text=
#Text=quam fcripfit : nosque vi-
#Text=
#Text=demus’eam, quæ inde ad-
#Text=
#Text=uchitur, myrrham verè ága
#Text=
#Text=
#Text=
#Text=gou, nullaque penè arte ela, I boratam.
7-1	1398-1402	Prom	
7-2	1404-1409	fectò	
7-3	1410-1422	Theophraftus	
7-4	1423-1425	id	
7-5	1426-1429	nul	
7-6	1431-1435	quam	
7-7	1436-1444	fcripfit	
7-8	1445-1446	:	
7-9	1447-1453	nosque	
7-10	1454-1456	vi	
7-11	1456-1457	-	
7-12	1459-1464	demus	
7-13	1464-1465	’	
7-14	1465-1468	eam	
7-15	1468-1469	,	
7-16	1470-1473	quæ	
7-17	1474-1478	inde	
7-18	1479-1481	ad	
7-19	1481-1482	-	
7-20	1484-1491	uchitur	
7-21	1491-1492	,	
7-22	1493-1500	myrrham	
7-23	1501-1505	verè	
7-24	1506-1509	ága	
7-25	1513-1516	gou	
7-26	1516-1517	,	
7-27	1518-1526	nullaque	
7-28	1527-1531	penè	
7-29	1532-1536	arte	
7-30	1537-1540	ela	
7-31	1540-1541	,	
7-32	1542-1543	I	
7-33	1544-1551	boratam	
7-34	1551-1552	.	

#Text=Deinde vis quae
#Text=
#Text=dam videcur Theophrasti i verbis infecri, cum vertii.
8-1	1553-1559	Deinde	
8-2	1560-1563	vis	
8-3	1564-1568	quae	
8-4	1570-1573	dam	
8-5	1574-1581	videcur	
8-6	1582-1593	Theophrasti	
8-7	1594-1595	i	
8-8	1596-1602	verbis	
8-9	1603-1610	infecri	
8-10	1610-1611	,	
8-11	1612-1615	cum	
8-12	1616-1622	vertii	
8-13	1622-1623	.	

#Text=Eur, Mirrbae verò ficticinc alia Theophrdo liquida affertur , alia dura.
#Text=non cusexpenenim tó Eicticiae eft in tex
#Text=
#Text=
#Text=
#Text=ditur.
9-1	1624-1627	Eur	
9-2	1627-1628	,	
9-3	1629-1636	Mirrbae	
9-4	1637-1641	verò	
9-5	1642-1651	ficticinc	
9-6	1652-1656	alia	
9-7	1657-1666	Theophrdo	
9-8	1667-1674	liquida	
9-9	1675-1683	affertur	
9-10	1684-1685	,	
9-11	1686-1690	alia	
9-12	1691-1695	dura	
9-13	1695-1696	.	
9-14	1697-1700	non	
9-15	1701-1713	cusexpenenim	
9-16	1714-1716	tó	
9-17	1717-1726	Eicticiae	
9-18	1727-1730	eft	
9-19	1731-1733	in	
9-20	1734-1737	tex	
9-21	1741-1746	ditur	
9-22	1746-1747	.	
