#FORMAT=WebAnno TSV 3.3


#Text=Oversetters seggen op de kant:
#Text=Siet boven vs. 11.
1-1	0-11	Oversetters	
1-2	12-18	seggen	
1-3	19-21	op	
1-4	22-24	de	
1-5	25-29	kant	
1-6	29-30	:	
1-7	31-35	Siet	
1-8	36-41	boven	
1-9	42-44	vs	
1-10	44-45	.	
1-11	46-48	11	
1-12	48-49	.	

#Text=Het water dat sy in bloed
#Text=veranderden, kregen sy met graven uit de riviere vs. 24.
#Text=of sy haalden 't van Gosen,
#Text=ofte uit de huisen der Israëliten, die hier ende daar onder de Egyptenaren woonden.
2-1	50-53	Het	
2-2	54-59	water	
2-3	60-63	dat	
2-4	64-66	sy	
2-5	67-69	in	
2-6	70-75	bloed	
2-7	76-87	veranderden	
2-8	87-88	,	
2-9	89-95	kregen	
2-10	96-98	sy	
2-11	99-102	met	
2-12	103-109	graven	
2-13	110-113	uit	
2-14	114-116	de	
2-15	117-124	riviere	
2-16	125-127	vs	
2-17	127-128	.	
2-18	129-131	24	
2-19	131-132	.	
2-20	133-135	of	
2-21	136-138	sy	
2-22	139-146	haalden	
2-23	147-148	'	
2-24	148-149	t	
2-25	150-153	van	
2-26	154-159	Gosen	
2-27	159-160	,	
2-28	161-165	ofte	
2-29	166-169	uit	
2-30	170-172	de	
2-31	173-179	huisen	
2-32	180-183	der	
2-33	184-194	Israëliten	
2-34	194-195	,	
2-35	196-199	die	
2-36	200-204	hier	
2-37	205-209	ende	
2-38	210-214	daar	
2-39	215-220	onder	
2-40	221-223	de	
2-41	224-235	Egyptenaren	
2-42	236-243	woonden	
2-43	243-244	.	

#Text=Hier sienwe wederom al niet, dat iets door Duivels kracht van dese menschen zy
#Text=gedaan.
3-1	247-251	Hier	
3-2	252-258	sienwe	
3-3	259-266	wederom	
3-4	267-269	al	
3-5	270-274	niet	
3-6	274-275	,	
3-7	276-279	dat	
3-8	280-284	iets	
3-9	285-289	door	
3-10	290-297	Duivels	
3-11	298-304	kracht	
3-12	305-308	van	
3-13	309-313	dese	
3-14	314-322	menschen	
3-15	323-325	zy	
3-16	326-332	gedaan	
3-17	332-333	.	

#Text=Want eerst en seggen sy ons niet, of 't water dus na waarheid na schijn in
#Text=bloed veranderd zy.
4-1	334-338	Want	
4-2	339-344	eerst	
4-3	345-347	en	
4-4	348-354	seggen	
4-5	355-357	sy	
4-6	358-361	ons	
4-7	362-366	niet	
4-8	366-367	,	
4-9	368-370	of	
4-10	371-372	'	
4-11	372-373	t	
4-12	374-379	water	
4-13	380-383	dus	
4-14	384-386	na	
4-15	387-395	waarheid	
4-16	396-398	na	
4-17	399-405	schijn	
4-18	406-408	in	
4-19	409-414	bloed	
4-20	415-424	veranderd	
4-21	425-427	zy	
4-22	427-428	.	

#Text=En was 't in schijn, daar wisten menschen licht wel raad toe, al
#Text=en hielp de Duivel niet.
5-1	429-431	En	
5-2	432-435	was	
5-3	436-437	'	
5-4	437-438	t	
5-5	439-441	in	
5-6	442-448	schijn	
5-7	448-449	,	
5-8	450-454	daar	
5-9	455-461	wisten	
5-10	462-470	menschen	
5-11	471-476	licht	
5-12	477-480	wel	
5-13	481-485	raad	
5-14	486-489	toe	
5-15	489-490	,	
5-16	491-493	al	
5-17	494-496	en	
5-18	497-502	hielp	
5-19	503-505	de	
5-20	506-512	Duivel	
5-21	513-517	niet	
5-22	517-518	.	

#Text=Daarna so hadde die geswinde duisendkonstenaar (gelijk
#Text=men wil)
#Text=dat water lichtelik in enen oogenblik uit verre landen, ja selfs wel uit de
#Text=wolken konnen halen;
#Text=indien 't hem weinig werx is, regen, sneeuw en hagel in de
#Text=lucht te maken.
6-1	519-525	Daarna	
6-2	526-528	so	
6-3	529-534	hadde	
6-4	535-538	die	
6-5	539-547	geswinde	
6-6	548-565	duisendkonstenaar	
6-7	566-567	(	
6-8	567-573	gelijk	
6-9	574-577	men	
6-10	578-581	wil	
6-11	581-582	)	
6-12	583-586	dat	
6-13	587-592	water	
6-14	593-602	lichtelik	
6-15	603-605	in	
6-16	606-610	enen	
6-17	611-620	oogenblik	
6-18	621-624	uit	
6-19	625-630	verre	
6-20	631-637	landen	
6-21	637-638	,	
6-22	639-641	ja	
6-23	642-647	selfs	
6-24	648-651	wel	
6-25	652-655	uit	
6-26	656-658	de	
6-27	659-665	wolken	
6-28	666-672	konnen	
6-29	673-678	halen	
6-30	678-679	;	
6-31	680-686	indien	
6-32	687-688	'	
6-33	688-689	t	
6-34	690-693	hem	
6-35	694-700	weinig	
6-36	701-705	werx	
6-37	706-708	is	
6-38	708-709	,	
6-39	710-715	regen	
6-40	715-716	,	
6-41	717-723	sneeuw	
6-42	724-726	en	
6-43	727-732	hagel	
6-44	733-735	in	
6-45	736-738	de	
6-46	739-744	lucht	
6-47	745-747	te	
6-48	748-753	maken	
6-49	753-754	.	

#Text=So geven sy hier mede dan te kennen, dat sy dit doen alleen voor 't
#Text=werk van dese menschen hielden, om datse die bedenking maken, van waar sy mogelik
#Text=
#Text=dat water hadden, dat over 't gansche land door dienst van Moses, en door kracht van
#Text=God in bloed veranderd was.
7-1	755-757	So	
7-2	758-763	geven	
7-3	764-766	sy	
7-4	767-771	hier	
7-5	772-776	mede	
7-6	777-780	dan	
7-7	781-783	te	
7-8	784-790	kennen	
7-9	790-791	,	
7-10	792-795	dat	
7-11	796-798	sy	
7-12	799-802	dit	
7-13	803-807	doen	
7-14	808-814	alleen	
7-15	815-819	voor	
7-16	820-821	'	
7-17	821-822	t	
7-18	823-827	werk	
7-19	828-831	van	
7-20	832-836	dese	
7-21	837-845	menschen	
7-22	846-853	hielden	
7-23	853-854	,	
7-24	855-857	om	
7-25	858-863	datse	
7-26	864-867	die	
7-27	868-877	bedenking	
7-28	878-883	maken	
7-29	883-884	,	
7-30	885-888	van	
7-31	889-893	waar	
7-32	894-896	sy	
7-33	897-904	mogelik	
7-34	906-909	dat	
7-35	910-915	water	
7-36	916-922	hadden	
7-37	922-923	,	
7-38	924-927	dat	
7-39	928-932	over	
7-40	933-934	'	
7-41	934-935	t	
7-42	936-943	gansche	
7-43	944-948	land	
7-44	949-953	door	
7-45	954-960	dienst	
7-46	961-964	van	
7-47	965-970	Moses	
7-48	970-971	,	
7-49	972-974	en	
7-50	975-979	door	
7-51	980-986	kracht	
7-52	987-990	van	
7-53	991-994	God	
7-54	995-997	in	
7-55	998-1003	bloed	
7-56	1004-1013	veranderd	
7-57	1014-1017	was	
7-58	1017-1018	.	

#Text=Waar uit sy sien, hoe seer het buiten reden is geweest,
#Text=dat sy dien Chartummijm, die dit hier deden, meer dan natuurlike, en also Duivels
#Text=konsten toeschreven, die geroepen waren om den droom des Konings uit te leggen:
#Text=
#Text=so als ik flus §.
#Text=2.
8-1	1019-1023	Waar	
8-2	1024-1027	uit	
8-3	1028-1030	sy	
8-4	1031-1035	sien	
8-5	1035-1036	,	
8-6	1037-1040	hoe	
8-7	1041-1045	seer	
8-8	1046-1049	het	
8-9	1050-1056	buiten	
8-10	1057-1062	reden	
8-11	1063-1065	is	
8-12	1066-1073	geweest	
8-13	1073-1074	,	
8-14	1075-1078	dat	
8-15	1079-1081	sy	
8-16	1082-1086	dien	
8-17	1087-1098	Chartummijm	
8-18	1098-1099	,	
8-19	1100-1103	die	
8-20	1104-1107	dit	
8-21	1108-1112	hier	
8-22	1113-1118	deden	
8-23	1118-1119	,	
8-24	1120-1124	meer	
8-25	1125-1128	dan	
8-26	1129-1139	natuurlike	
8-27	1139-1140	,	
8-28	1141-1143	en	
8-29	1144-1148	also	
8-30	1149-1156	Duivels	
8-31	1157-1164	konsten	
8-32	1165-1176	toeschreven	
8-33	1176-1177	,	
8-34	1178-1181	die	
8-35	1182-1190	geroepen	
8-36	1191-1196	waren	
8-37	1197-1199	om	
8-38	1200-1203	den	
8-39	1204-1209	droom	
8-40	1210-1213	des	
8-41	1214-1221	Konings	
8-42	1222-1225	uit	
8-43	1226-1228	te	
8-44	1229-1235	leggen	
8-45	1235-1236	:	
8-46	1238-1240	so	
8-47	1241-1244	als	
8-48	1245-1247	ik	
8-49	1248-1252	flus	
8-50	1253-1254	§	
8-51	1254-1255	.	
8-52	1256-1257	2	
8-53	1257-1258	.	

#Text=Gen. 41: 8.
#Text=den Leser al eens in bedenken gaf
9-1	1259-1262	Gen	
9-2	1262-1263	.	
9-3	1264-1266	41	
9-4	1266-1267	:	
9-5	1268-1269	8	
9-6	1269-1270	.	
9-7	1271-1274	den	
9-8	1275-1280	Leser	
9-9	1281-1283	al	
9-10	1284-1288	eens	
9-11	1289-1291	in	
9-12	1292-1300	bedenken	
9-13	1301-1304	gaf	

#Text=.
10-1	1304-1305	.	

#Text=§.
#Text=9.
11-1	1307-1308	§	
11-2	1308-1309	.	
11-3	1310-1311	9	
11-4	1311-1312	.	
