#FORMAT=WebAnno TSV 3.3
#T_SP=custom.Span|label
#T_RL=custom.Relation|label|BT_custom.Span


#Text=haben aber kei-
#Text=nen Geruch.
1-1	2-7	haben	_	_	_	
1-2	8-12	aber	_	_	_	
1-3	13-16	kei	Quality[1]	_	_	
1-4	16-17	-	Quality[1]	_	_	
1-5	18-21	nen	Quality[1]	_	_	
1-6	22-28	Geruch	Smell\_Word	*	1-3[1_0]	
1-7	28-29	.	_	_	_	

#Text=Der Samen iſt ſchwartz,
#Text=
#Text=uͤberaus ſubtil und breit, ſchier drey-
#Text=eckigt, und liegt in kleinen Haͤuslein ver-
#Text=ſchloſſen, welche zu anfangs gruͤn ſind,
#Text=hernach aber, wenn ſie zeitig, braun wer-
#Text=den, und der Laͤnge nach in ſechs Zellen
#Text=abgetheilet werden.
2-1	30-33	Der	_	_	_	
2-2	34-39	Samen	_	_	_	
2-3	40-43	iſt	_	_	_	
2-4	44-52	ſchwartz	_	_	_	
2-5	52-53	,	_	_	_	
2-6	55-63	uͤberaus	_	_	_	
2-7	64-70	ſubtil	_	_	_	
2-8	71-74	und	_	_	_	
2-9	75-80	breit	_	_	_	
2-10	80-81	,	_	_	_	
2-11	82-88	ſchier	_	_	_	
2-12	89-93	drey	_	_	_	
2-13	93-94	-	_	_	_	
2-14	95-101	eckigt	_	_	_	
2-15	101-102	,	_	_	_	
2-16	103-106	und	_	_	_	
2-17	107-112	liegt	_	_	_	
2-18	113-115	in	_	_	_	
2-19	116-123	kleinen	_	_	_	
2-20	124-133	Haͤuslein	_	_	_	
2-21	134-137	ver	_	_	_	
2-22	137-138	-	_	_	_	
2-23	139-148	ſchloſſen	_	_	_	
2-24	148-149	,	_	_	_	
2-25	150-156	welche	_	_	_	
2-26	157-159	zu	_	_	_	
2-27	160-167	anfangs	_	_	_	
2-28	168-173	gruͤn	_	_	_	
2-29	174-178	ſind	_	_	_	
2-30	178-179	,	_	_	_	
2-31	180-187	hernach	_	_	_	
2-32	188-192	aber	_	_	_	
2-33	192-193	,	_	_	_	
2-34	194-198	wenn	_	_	_	
2-35	199-202	ſie	_	_	_	
2-36	203-209	zeitig	_	_	_	
2-37	209-210	,	_	_	_	
2-38	211-216	braun	_	_	_	
2-39	217-220	wer	_	_	_	
2-40	220-221	-	_	_	_	
2-41	222-225	den	_	_	_	
2-42	225-226	,	_	_	_	
2-43	227-230	und	_	_	_	
2-44	231-234	der	_	_	_	
2-45	235-241	Laͤnge	_	_	_	
2-46	242-246	nach	_	_	_	
2-47	247-249	in	_	_	_	
2-48	250-255	ſechs	_	_	_	
2-49	256-262	Zellen	_	_	_	
2-50	263-274	abgetheilet	_	_	_	
2-51	275-281	werden	_	_	_	
2-52	281-282	.	_	_	_	

#Text=Der langen Oſterluzey Wurtzel
#Text=
#Text=ſieht einem Rettich gleich, iſt aber viel
#Text=dicker und laͤnger, fleiſchicht, bruͤchicht,
#Text=braun von auſſen, gelblicht innen, ſehr
#Text=bitter, und mit etlichen Zaͤſerlein umge-
#Text=ben.
3-1	286-289	Der	_	_	_	
3-2	290-296	langen	_	_	_	
3-3	297-307	Oſterluzey	_	_	_	
3-4	308-315	Wurtzel	_	_	_	
3-5	317-322	ſieht	_	_	_	
3-6	323-328	einem	_	_	_	
3-7	329-336	Rettich	_	_	_	
3-8	337-343	gleich	_	_	_	
3-9	343-344	,	_	_	_	
3-10	345-348	iſt	_	_	_	
3-11	349-353	aber	_	_	_	
3-12	354-358	viel	_	_	_	
3-13	359-365	dicker	_	_	_	
3-14	366-369	und	_	_	_	
3-15	370-377	laͤnger	_	_	_	
3-16	377-378	,	_	_	_	
3-17	379-390	fleiſchicht	_	_	_	
3-18	390-391	,	_	_	_	
3-19	392-402	bruͤchicht	_	_	_	
3-20	402-403	,	_	_	_	
3-21	404-409	braun	_	_	_	
3-22	410-413	von	_	_	_	
3-23	414-420	auſſen	_	_	_	
3-24	420-421	,	_	_	_	
3-25	422-431	gelblicht	_	_	_	
3-26	432-437	innen	_	_	_	
3-27	437-438	,	_	_	_	
3-28	439-443	ſehr	_	_	_	
3-29	444-450	bitter	_	_	_	
3-30	450-451	,	_	_	_	
3-31	452-455	und	_	_	_	
3-32	456-459	mit	_	_	_	
3-33	460-468	etlichen	_	_	_	
3-34	469-479	Zaͤſerlein	_	_	_	
3-35	480-484	umge	_	_	_	
3-36	484-485	-	_	_	_	
3-37	486-489	ben	_	_	_	
3-38	489-490	.	_	_	_	

#Text=Sie hat laͤngere Stengel, als die
#Text=runde, welche an der Erde liegen, und
#Text=die Blaͤtter ſitzen eben alſo dran, eins
#Text=ums andre, wie an der vorigen, ſind aber
#Text=nicht ſo rund, und haben einen kleinen
#Text=Stiel.
4-1	491-494	Sie	_	_	_	
4-2	495-498	hat	_	_	_	
4-3	499-507	laͤngere	_	_	_	
4-4	508-515	Stengel	_	_	_	
4-5	515-516	,	_	_	_	
4-6	517-520	als	_	_	_	
4-7	521-524	die	_	_	_	
4-8	525-530	runde	_	_	_	
4-9	530-531	,	_	_	_	
4-10	532-538	welche	_	_	_	
4-11	539-541	an	_	_	_	
4-12	542-545	der	_	_	_	
4-13	546-550	Erde	_	_	_	
4-14	551-557	liegen	_	_	_	
4-15	557-558	,	_	_	_	
4-16	559-562	und	_	_	_	
4-17	563-566	die	_	_	_	
4-18	567-575	Blaͤtter	_	_	_	
4-19	576-582	ſitzen	_	_	_	
4-20	583-587	eben	_	_	_	
4-21	588-592	alſo	_	_	_	
4-22	593-597	dran	_	_	_	
4-23	597-598	,	_	_	_	
4-24	599-603	eins	_	_	_	
4-25	604-607	ums	_	_	_	
4-26	608-613	andre	_	_	_	
4-27	613-614	,	_	_	_	
4-28	615-618	wie	_	_	_	
4-29	619-621	an	_	_	_	
4-30	622-625	der	_	_	_	
4-31	626-633	vorigen	_	_	_	
4-32	633-634	,	_	_	_	
4-33	635-639	ſind	_	_	_	
4-34	640-644	aber	_	_	_	
4-35	645-650	nicht	_	_	_	
4-36	651-653	ſo	_	_	_	
4-37	654-658	rund	_	_	_	
4-38	658-659	,	_	_	_	
4-39	660-663	und	_	_	_	
4-40	664-669	haben	_	_	_	
4-41	670-675	einen	_	_	_	
4-42	676-683	kleinen	_	_	_	
4-43	684-689	Stiel	_	_	_	
4-44	689-690	.	_	_	_	

#Text=Die Blumen ſehen bey
#Text=nahe,
#Text=wie die Blumen der runden Oſterluzey,
#Text=hingegen ſind die Fruͤchte, wie eine kleine
#Text=Birne, welche ebenfalls in ihren Zellen
#Text=gantz platte ſchwartze Samen beſchlieſ-
#Text=ſen.
5-1	691-694	Die	_	_	_	
5-2	695-701	Blumen	_	_	_	
5-3	702-707	ſehen	_	_	_	
5-4	708-711	bey	_	_	_	
5-5	712-716	nahe	_	_	_	
5-6	716-717	,	_	_	_	
5-7	718-721	wie	_	_	_	
5-8	722-725	die	_	_	_	
5-9	726-732	Blumen	_	_	_	
5-10	733-736	der	_	_	_	
5-11	737-743	runden	_	_	_	
5-12	744-754	Oſterluzey	_	_	_	
5-13	754-755	,	_	_	_	
5-14	756-764	hingegen	_	_	_	
5-15	765-769	ſind	_	_	_	
5-16	770-773	die	_	_	_	
5-17	774-782	Fruͤchte	_	_	_	
5-18	782-783	,	_	_	_	
5-19	784-787	wie	_	_	_	
5-20	788-792	eine	_	_	_	
5-21	793-799	kleine	_	_	_	
5-22	800-805	Birne	_	_	_	
5-23	805-806	,	_	_	_	
5-24	807-813	welche	_	_	_	
5-25	814-823	ebenfalls	_	_	_	
5-26	824-826	in	_	_	_	
5-27	827-832	ihren	_	_	_	
5-28	833-839	Zellen	_	_	_	
5-29	840-845	gantz	_	_	_	
5-30	846-852	platte	_	_	_	
5-31	853-862	ſchwartze	_	_	_	
5-32	863-868	Samen	_	_	_	
5-33	869-878	beſchlieſ	_	_	_	
5-34	878-879	-	_	_	_	
5-35	880-883	ſen	_	_	_	
5-36	883-884	.	_	_	_	

#Text=Die Oſterluzey, welche Johann
#Text=Bauhin Ariſtolochiam polyrrhizon, die
#Text=Oſterluzey mit vielen Wuꝛtzeln nen-
#Text=net, und Caſpar Bauhin, Ariſtolochi-
#Text=am, dictam Piſtolochia, die Oſterluzey,
#Text=welche auch Piſtolochia genennt
#Text=
#Text=wird, iſt unter dieſen Wurtzeln die aller-
#Text=kleinſte, und beſtehet aus einer unzehl-
#Text=baren Menge ſubtiler gelber Zaͤſerlein,
#Text=welche alle an einem faſichten Kopfe
#Text=hangen, ſehr bitter ſchmecken, und gar
#Text=angenehme riechen.
6-1	888-891	Die	_	_	_	
6-2	892-902	Oſterluzey	_	_	_	
6-3	902-903	,	_	_	_	
6-4	904-910	welche	_	_	_	
6-5	911-917	Johann	_	_	_	
6-6	918-924	Bauhin	_	_	_	
6-7	925-938	Ariſtolochiam	_	_	_	
6-8	939-950	polyrrhizon	_	_	_	
6-9	950-951	,	_	_	_	
6-10	952-955	die	_	_	_	
6-11	956-966	Oſterluzey	_	_	_	
6-12	967-970	mit	_	_	_	
6-13	971-977	vielen	_	_	_	
6-14	978-986	Wuꝛtzeln	_	_	_	
6-15	987-990	nen	_	_	_	
6-16	990-991	-	_	_	_	
6-17	992-995	net	_	_	_	
6-18	995-996	,	_	_	_	
6-19	997-1000	und	_	_	_	
6-20	1001-1007	Caſpar	_	_	_	
6-21	1008-1014	Bauhin	_	_	_	
6-22	1014-1015	,	_	_	_	
6-23	1016-1027	Ariſtolochi	_	_	_	
6-24	1027-1028	-	_	_	_	
6-25	1029-1031	am	_	_	_	
6-26	1031-1032	,	_	_	_	
6-27	1033-1039	dictam	_	_	_	
6-28	1040-1051	Piſtolochia	_	_	_	
6-29	1051-1052	,	_	_	_	
6-30	1053-1056	die	_	_	_	
6-31	1057-1067	Oſterluzey	_	_	_	
6-32	1067-1068	,	_	_	_	
6-33	1069-1075	welche	_	_	_	
6-34	1076-1080	auch	_	_	_	
6-35	1081-1092	Piſtolochia	_	_	_	
6-36	1093-1100	genennt	_	_	_	
6-37	1102-1106	wird	_	_	_	
6-38	1106-1107	,	_	_	_	
6-39	1108-1111	iſt	_	_	_	
6-40	1112-1117	unter	_	_	_	
6-41	1118-1124	dieſen	_	_	_	
6-42	1125-1133	Wurtzeln	_	_	_	
6-43	1134-1137	die	_	_	_	
6-44	1138-1143	aller	_	_	_	
6-45	1143-1144	-	_	_	_	
6-46	1145-1153	kleinſte	_	_	_	
6-47	1153-1154	,	_	_	_	
6-48	1155-1158	und	_	_	_	
6-49	1159-1167	beſtehet	_	_	_	
6-50	1168-1171	aus	_	_	_	
6-51	1172-1177	einer	_	_	_	
6-52	1178-1184	unzehl	_	_	_	
6-53	1184-1185	-	_	_	_	
6-54	1186-1191	baren	_	_	_	
6-55	1192-1197	Menge	_	_	_	
6-56	1198-1206	ſubtiler	_	_	_	
6-57	1207-1213	gelber	_	_	_	
6-58	1214-1224	Zaͤſerlein	Smell\_Source	_	_	
6-59	1224-1225	,	_	_	_	
6-60	1226-1232	welche	_	_	_	
6-61	1233-1237	alle	_	_	_	
6-62	1238-1240	an	_	_	_	
6-63	1241-1246	einem	_	_	_	
6-64	1247-1256	faſichten	_	_	_	
6-65	1257-1262	Kopfe	_	_	_	
6-66	1263-1269	hangen	_	_	_	
6-67	1269-1270	,	_	_	_	
6-68	1271-1275	ſehr	_	_	_	
6-69	1276-1282	bitter	_	_	_	
6-70	1283-1292	ſchmecken	_	_	_	
6-71	1292-1293	,	_	_	_	
6-72	1294-1297	und	_	_	_	
6-73	1298-1301	gar	_	_	_	
6-74	1302-1311	angenehme	Quality	_	_	
6-75	1312-1319	riechen	Smell\_Word	*|*	6-74|6-58	
6-76	1319-1320	.	_	_	_	

#Text=Die Stengel ſind
#Text=ſchwanck und zart, liegen an der Erde,
#Text=ſind auch ebenmaͤßig wechſelsweiſe mit
#Text=kleinen bleichgruͤnen Blaͤttern beſetzt,
#Text=die wie ein umgekehrtes Hertz ausſehen.
7-1	1321-1324	Die	_	_	_	
7-2	1325-1332	Stengel	_	_	_	
7-3	1333-1337	ſind	_	_	_	
7-4	1338-1346	ſchwanck	_	_	_	
7-5	1347-1350	und	_	_	_	
7-6	1351-1355	zart	_	_	_	
7-7	1355-1356	,	_	_	_	
7-8	1357-1363	liegen	_	_	_	
7-9	1364-1366	an	_	_	_	
7-10	1367-1370	der	_	_	_	
7-11	1371-1375	Erde	_	_	_	
7-12	1375-1376	,	_	_	_	
7-13	1377-1381	ſind	_	_	_	
7-14	1382-1386	auch	_	_	_	
7-15	1387-1397	ebenmaͤßig	_	_	_	
7-16	1398-1411	wechſelsweiſe	_	_	_	
7-17	1412-1415	mit	_	_	_	
7-18	1416-1423	kleinen	_	_	_	
7-19	1424-1437	bleichgruͤnen	_	_	_	
7-20	1438-1447	Blaͤttern	_	_	_	
7-21	1448-1455	beſetzt	_	_	_	
7-22	1455-1456	,	_	_	_	
7-23	1457-1460	die	_	_	_	
7-24	1461-1464	wie	_	_	_	
7-25	1465-1468	ein	_	_	_	
7-26	1469-1480	umgekehrtes	_	_	_	
7-27	1481-1486	Hertz	_	_	_	
7-28	1487-1495	ausſehen	_	_	_	
7-29	1495-1496	.	_	_	_	

#Text=Zwiſchen den Blaͤttern und Stengeln
#Text=wachſen die Bluͤmlein hervor, welche
#Text=zwar der runden ihren Blumen gleich
#Text=ſehen, dennoch aber viel kleiner ſind,
#Text=von Farbe gelblicht, mit untergemiſch-
#Text=ter Rusfarbe:
#Text=es ſind auch die Fruͤchte
#Text=viel kleiner.
8-1	1498-1506	Zwiſchen	_	_	_	
8-2	1507-1510	den	_	_	_	
8-3	1511-1520	Blaͤttern	_	_	_	
8-4	1521-1524	und	_	_	_	
8-5	1525-1533	Stengeln	_	_	_	
8-6	1534-1541	wachſen	_	_	_	
8-7	1542-1545	die	_	_	_	
8-8	1546-1555	Bluͤmlein	_	_	_	
8-9	1556-1562	hervor	_	_	_	
8-10	1562-1563	,	_	_	_	
8-11	1564-1570	welche	_	_	_	
8-12	1571-1575	zwar	_	_	_	
8-13	1576-1579	der	_	_	_	
8-14	1580-1586	runden	_	_	_	
8-15	1587-1592	ihren	_	_	_	
8-16	1593-1599	Blumen	_	_	_	
8-17	1600-1606	gleich	_	_	_	
8-18	1607-1612	ſehen	_	_	_	
8-19	1612-1613	,	_	_	_	
8-20	1614-1621	dennoch	_	_	_	
8-21	1622-1626	aber	_	_	_	
8-22	1627-1631	viel	_	_	_	
8-23	1632-1639	kleiner	_	_	_	
8-24	1640-1644	ſind	_	_	_	
8-25	1644-1645	,	_	_	_	
8-26	1646-1649	von	_	_	_	
8-27	1650-1655	Farbe	_	_	_	
8-28	1656-1665	gelblicht	_	_	_	
8-29	1665-1666	,	_	_	_	
8-30	1667-1670	mit	_	_	_	
8-31	1671-1683	untergemiſch	_	_	_	
8-32	1683-1684	-	_	_	_	
8-33	1685-1688	ter	_	_	_	
8-34	1689-1697	Rusfarbe	_	_	_	
8-35	1697-1698	:	_	_	_	
8-36	1699-1701	es	_	_	_	
8-37	1702-1706	ſind	_	_	_	
8-38	1707-1711	auch	_	_	_	
8-39	1712-1715	die	_	_	_	
8-40	1716-1724	Fruͤchte	_	_	_	
8-41	1725-1729	viel	_	_	_	
8-42	1730-1737	kleiner	_	_	_	
8-43	1737-1738	.	_	_	_	

#Text=Und dieſe Oſterluzey ver-
#Text=kauffen wir unter dem Titel Ariſtolochia
#Text=tenuis, die geringe Oſterluzey, ob es
#Text=ſchon nicht recht iſt, und das Lateiniſche
#Text=Wort tenuis nicht gering, ſondern zart
#Text=und ſubtil heißt.
9-1	1739-1742	Und	_	_	_	
9-2	1743-1748	dieſe	_	_	_	
9-3	1749-1759	Oſterluzey	_	_	_	
9-4	1760-1763	ver	_	_	_	
9-5	1763-1764	-	_	_	_	
9-6	1765-1772	kauffen	_	_	_	
9-7	1773-1776	wir	_	_	_	
9-8	1777-1782	unter	_	_	_	
9-9	1783-1786	dem	_	_	_	
9-10	1787-1792	Titel	_	_	_	
9-11	1793-1805	Ariſtolochia	_	_	_	
9-12	1806-1812	tenuis	_	_	_	
9-13	1812-1813	,	_	_	_	
9-14	1814-1817	die	_	_	_	
9-15	1818-1825	geringe	_	_	_	
9-16	1826-1836	Oſterluzey	_	_	_	
9-17	1836-1837	,	_	_	_	
9-18	1838-1840	ob	_	_	_	
9-19	1841-1843	es	_	_	_	
9-20	1844-1849	ſchon	_	_	_	
9-21	1850-1855	nicht	_	_	_	
9-22	1856-1861	recht	_	_	_	
9-23	1862-1865	iſt	_	_	_	
9-24	1865-1866	,	_	_	_	
9-25	1867-1870	und	_	_	_	
9-26	1871-1874	das	_	_	_	
9-27	1875-1886	Lateiniſche	_	_	_	
9-28	1887-1891	Wort	_	_	_	
9-29	1892-1898	tenuis	_	_	_	
9-30	1899-1904	nicht	_	_	_	
9-31	1905-1911	gering	_	_	_	
9-32	1911-1912	,	_	_	_	
9-33	1913-1920	ſondern	_	_	_	
9-34	1921-1925	zart	_	_	_	
9-35	1926-1929	und	_	_	_	
9-36	1930-1936	ſubtil	_	_	_	
9-37	1937-1942	heißt	_	_	_	
9-38	1942-1943	.	_	_	_	

#Text=Siehe Fig.
#Text=77.
10-1	1946-1951	Siehe	_	_	_	
10-2	1952-1955	Fig	_	_	_	
10-3	1955-1956	.	_	_	_	
10-4	1957-1959	77	_	_	_	
10-5	1959-1960	.	_	_	_	

#Text=Geringe oder
#Text=kleine Oſter-
#Text=luzey.
11-1	1962-1969	Geringe	_	_	_	
11-2	1970-1974	oder	_	_	_	
11-3	1975-1981	kleine	_	_	_	
11-4	1982-1987	Oſter	_	_	_	
11-5	1987-1988	-	_	_	_	
11-6	1989-1994	luzey	_	_	_	
11-7	1994-1995	.	_	_	_	

#Text=Der
#Text=\f
#Text=[0101]
#Text=
#Text=TAB.
12-1	1998-2001	Der	_	_	_	
12-2	2004-2005	[	_	_	_	
12-3	2005-2009	0101	_	_	_	
12-4	2009-2010	]	_	_	_	
12-5	2012-2015	TAB	_	_	_	
12-6	2015-2016	.	_	_	_	
