#FORMAT=WebAnno TSV 3.3


#Text=17 Vestem et pellem, quam habuerit, lavabit aqua, et immunda erit usque ad vesperum.
#Text=18 Mulier, cum qua coierit, lavabitur aqua, et immunda erit usque ad vesperum.
#Text=19 Mulier, quæ redeunte mense patitur fluxum sanguinis, septem diebus separabitur.
#Text=20 Omnis qui tetigerit eam, immundus erit usque ad vesperum : 21 et in quo dormierit vel sederit diebus separationis suæ, polluetur.
#Text=22 Qui tetigerit lectum ejus, lavabit vestimenta sua : et ipse lotus aqua, immundus erit usque ad vesperum.
#Text=23 Omne vas, super quo illa sederit, quisquis attigerit, lavabit vestimenta sua : et ipse lotus aqua, pollutus erit usque ad vesperum.
#Text=24 Si coierit cum ea vir tempore sanguinis menstrualis, immundus erit septem diebus : et omne stratum, in quo dormierit, polluetur.
#Text=25 Mulier, quæ patitur multis diebus fluxum sanguinis non in tempore menstruali, vel quæ post menstruum sanguinem fluere non cessat, quamdiu subjacet huic passioni, immunda erit quasi sit in tempore menstruo.
#Text=26 Omne stratum, in quo dormierit, et vas in quo sederit, pollutum erit.
#Text=27 Quicumque tetigerit ea, lavabit vestimenta sua : et ipse lotus aqua, immundus erit usque ad vesperam.
#Text=28 Si steterit sanguis, et fluere cessaverit, numerabit septem dies purificationis suæ : 29 et die octavo offeret pro se sacerdoti duos turtures, aut duos pullos columbarum, ad ostium tabernaculi testimonii : 30 qui unum faciet pro peccato, et alterum in holocaustum, rogabitque pro ea coram Domino, et pro fluxu immunditiæ ejus.
#Text=31 Docebitis ergo filios Israël ut caveant immunditiam, et non moriantur in sordibus suis, cum polluerint tabernaculum meum quod est inter eos.
#Text=32 Ista est lex ejus, qui patitur fluxum seminis, et qui polluitur coitu, 33 et quæ menstruis temporibus separatur, vel quæ jugi fluit sanguine, et hominis qui dormierit cum ea.
1-1	2-4	17	
1-2	5-11	Vestem	
1-3	12-14	et	
1-4	15-21	pellem	
1-5	21-22	,	
1-6	23-27	quam	
1-7	28-36	habuerit	
1-8	36-37	,	
1-9	38-45	lavabit	
1-10	46-50	aqua	
1-11	50-51	,	
1-12	52-54	et	
1-13	55-62	immunda	
1-14	63-67	erit	
1-15	68-73	usque	
1-16	74-76	ad	
1-17	77-85	vesperum	
1-18	85-86	.	
1-19	87-89	18	
1-20	90-96	Mulier	
1-21	96-97	,	
1-22	98-101	cum	
1-23	102-105	qua	
1-24	106-113	coierit	
1-25	113-114	,	
1-26	115-124	lavabitur	
1-27	125-129	aqua	
1-28	129-130	,	
1-29	131-133	et	
1-30	134-141	immunda	
1-31	142-146	erit	
1-32	147-152	usque	
1-33	153-155	ad	
1-34	156-164	vesperum	
1-35	164-165	.	
1-36	166-168	19	
1-37	169-175	Mulier	
1-38	175-176	,	
1-39	177-180	quæ	
1-40	181-189	redeunte	
1-41	190-195	mense	
1-42	196-203	patitur	
1-43	204-210	fluxum	
1-44	211-220	sanguinis	
1-45	220-221	,	
1-46	222-228	septem	
1-47	229-235	diebus	
1-48	236-247	separabitur	
1-49	247-248	.	
1-50	249-251	20	
1-51	252-257	Omnis	
1-52	258-261	qui	
1-53	262-271	tetigerit	
1-54	272-275	eam	
1-55	275-276	,	
1-56	277-285	immundus	
1-57	286-290	erit	
1-58	291-296	usque	
1-59	297-299	ad	
1-60	300-308	vesperum	
1-61	309-310	:	
1-62	311-313	21	
1-63	314-316	et	
1-64	317-319	in	
1-65	320-323	quo	
1-66	324-333	dormierit	
1-67	334-337	vel	
1-68	338-345	sederit	
1-69	346-352	diebus	
1-70	353-365	separationis	
1-71	366-369	suæ	
1-72	369-370	,	
1-73	371-380	polluetur	
1-74	380-381	.	
1-75	382-384	22	
1-76	385-388	Qui	
1-77	389-398	tetigerit	
1-78	399-405	lectum	
1-79	406-410	ejus	
1-80	410-411	,	
1-81	412-419	lavabit	
1-82	420-430	vestimenta	
1-83	431-434	sua	
1-84	435-436	:	
1-85	437-439	et	
1-86	440-444	ipse	
1-87	445-450	lotus	
1-88	451-455	aqua	
1-89	455-456	,	
1-90	457-465	immundus	
1-91	466-470	erit	
1-92	471-476	usque	
1-93	477-479	ad	
1-94	480-488	vesperum	
1-95	488-489	.	
1-96	490-492	23	
1-97	493-497	Omne	
1-98	498-501	vas	
1-99	501-502	,	
1-100	503-508	super	
1-101	509-512	quo	
1-102	513-517	illa	
1-103	518-525	sederit	
1-104	525-526	,	
1-105	527-535	quisquis	
1-106	536-545	attigerit	
1-107	545-546	,	
1-108	547-554	lavabit	
1-109	555-565	vestimenta	
1-110	566-569	sua	
1-111	570-571	:	
1-112	572-574	et	
1-113	575-579	ipse	
1-114	580-585	lotus	
1-115	586-590	aqua	
1-116	590-591	,	
1-117	592-600	pollutus	
1-118	601-605	erit	
1-119	606-611	usque	
1-120	612-614	ad	
1-121	615-623	vesperum	
1-122	623-624	.	
1-123	625-627	24	
1-124	628-630	Si	
1-125	631-638	coierit	
1-126	639-642	cum	
1-127	643-645	ea	
1-128	646-649	vir	
1-129	650-657	tempore	
1-130	658-667	sanguinis	
1-131	668-679	menstrualis	
1-132	679-680	,	
1-133	681-689	immundus	
1-134	690-694	erit	
1-135	695-701	septem	
1-136	702-708	diebus	
1-137	709-710	:	
1-138	711-713	et	
1-139	714-718	omne	
1-140	719-726	stratum	
1-141	726-727	,	
1-142	728-730	in	
1-143	731-734	quo	
1-144	735-744	dormierit	
1-145	744-745	,	
1-146	746-755	polluetur	
1-147	755-756	.	
1-148	757-759	25	
1-149	760-766	Mulier	
1-150	766-767	,	
1-151	768-771	quæ	
1-152	772-779	patitur	
1-153	780-786	multis	
1-154	787-793	diebus	
1-155	794-800	fluxum	
1-156	801-810	sanguinis	
1-157	811-814	non	
1-158	815-817	in	
1-159	818-825	tempore	
1-160	826-836	menstruali	
1-161	836-837	,	
1-162	838-841	vel	
1-163	842-845	quæ	
1-164	846-850	post	
1-165	851-860	menstruum	
1-166	861-870	sanguinem	
1-167	871-877	fluere	
1-168	878-881	non	
1-169	882-888	cessat	
1-170	888-889	,	
1-171	890-897	quamdiu	
1-172	898-906	subjacet	
1-173	907-911	huic	
1-174	912-920	passioni	
1-175	920-921	,	
1-176	922-929	immunda	
1-177	930-934	erit	
1-178	935-940	quasi	
1-179	941-944	sit	
1-180	945-947	in	
1-181	948-955	tempore	
1-182	956-964	menstruo	
1-183	964-965	.	
1-184	966-968	26	
1-185	969-973	Omne	
1-186	974-981	stratum	
1-187	981-982	,	
1-188	983-985	in	
1-189	986-989	quo	
1-190	990-999	dormierit	
1-191	999-1000	,	
1-192	1001-1003	et	
1-193	1004-1007	vas	
1-194	1008-1010	in	
1-195	1011-1014	quo	
1-196	1015-1022	sederit	
1-197	1022-1023	,	
1-198	1024-1032	pollutum	
1-199	1033-1037	erit	
1-200	1037-1038	.	
1-201	1039-1041	27	
1-202	1042-1051	Quicumque	
1-203	1052-1061	tetigerit	
1-204	1062-1064	ea	
1-205	1064-1065	,	
1-206	1066-1073	lavabit	
1-207	1074-1084	vestimenta	
1-208	1085-1088	sua	
1-209	1089-1090	:	
1-210	1091-1093	et	
1-211	1094-1098	ipse	
1-212	1099-1104	lotus	
1-213	1105-1109	aqua	
1-214	1109-1110	,	
1-215	1111-1119	immundus	
1-216	1120-1124	erit	
1-217	1125-1130	usque	
1-218	1131-1133	ad	
1-219	1134-1142	vesperam	
1-220	1142-1143	.	
1-221	1144-1146	28	
1-222	1147-1149	Si	
1-223	1150-1158	steterit	
1-224	1159-1166	sanguis	
1-225	1166-1167	,	
1-226	1168-1170	et	
1-227	1171-1177	fluere	
1-228	1178-1188	cessaverit	
1-229	1188-1189	,	
1-230	1190-1199	numerabit	
1-231	1200-1206	septem	
1-232	1207-1211	dies	
1-233	1212-1226	purificationis	
1-234	1227-1230	suæ	
1-235	1231-1232	:	
1-236	1233-1235	29	
1-237	1236-1238	et	
1-238	1239-1242	die	
1-239	1243-1249	octavo	
1-240	1250-1257	offeret	
1-241	1258-1261	pro	
1-242	1262-1264	se	
1-243	1265-1274	sacerdoti	
1-244	1275-1279	duos	
1-245	1280-1288	turtures	
1-246	1288-1289	,	
1-247	1290-1293	aut	
1-248	1294-1298	duos	
1-249	1299-1305	pullos	
1-250	1306-1316	columbarum	
1-251	1316-1317	,	
1-252	1318-1320	ad	
1-253	1321-1327	ostium	
1-254	1328-1339	tabernaculi	
1-255	1340-1350	testimonii	
1-256	1351-1352	:	
1-257	1353-1355	30	
1-258	1356-1359	qui	
1-259	1360-1364	unum	
1-260	1365-1371	faciet	
1-261	1372-1375	pro	
1-262	1376-1383	peccato	
1-263	1383-1384	,	
1-264	1385-1387	et	
1-265	1388-1395	alterum	
1-266	1396-1398	in	
1-267	1399-1410	holocaustum	
1-268	1410-1411	,	
1-269	1412-1422	rogabitque	
1-270	1423-1426	pro	
1-271	1427-1429	ea	
1-272	1430-1435	coram	
1-273	1436-1442	Domino	
1-274	1442-1443	,	
1-275	1444-1446	et	
1-276	1447-1450	pro	
1-277	1451-1456	fluxu	
1-278	1457-1467	immunditiæ	
1-279	1468-1472	ejus	
1-280	1472-1473	.	
1-281	1474-1476	31	
1-282	1477-1486	Docebitis	
1-283	1487-1491	ergo	
1-284	1492-1498	filios	
1-285	1499-1505	Israël	
1-286	1506-1508	ut	
1-287	1509-1516	caveant	
1-288	1517-1528	immunditiam	
1-289	1528-1529	,	
1-290	1530-1532	et	
1-291	1533-1536	non	
1-292	1537-1546	moriantur	
1-293	1547-1549	in	
1-294	1550-1558	sordibus	
1-295	1559-1563	suis	
1-296	1563-1564	,	
1-297	1565-1568	cum	
1-298	1569-1579	polluerint	
1-299	1580-1592	tabernaculum	
1-300	1593-1597	meum	
1-301	1598-1602	quod	
1-302	1603-1606	est	
1-303	1607-1612	inter	
1-304	1613-1616	eos	
1-305	1616-1617	.	
1-306	1618-1620	32	
1-307	1621-1625	Ista	
1-308	1626-1629	est	
1-309	1630-1633	lex	
1-310	1634-1638	ejus	
1-311	1638-1639	,	
1-312	1640-1643	qui	
1-313	1644-1651	patitur	
1-314	1652-1658	fluxum	
1-315	1659-1666	seminis	
1-316	1666-1667	,	
1-317	1668-1670	et	
1-318	1671-1674	qui	
1-319	1675-1684	polluitur	
1-320	1685-1690	coitu	
1-321	1690-1691	,	
1-322	1692-1694	33	
1-323	1695-1697	et	
1-324	1698-1701	quæ	
1-325	1702-1711	menstruis	
1-326	1712-1722	temporibus	
1-327	1723-1732	separatur	
1-328	1732-1733	,	
1-329	1734-1737	vel	
1-330	1738-1741	quæ	
1-331	1742-1746	jugi	
1-332	1747-1752	fluit	
1-333	1753-1761	sanguine	
1-334	1761-1762	,	
1-335	1763-1765	et	
1-336	1766-1773	hominis	
1-337	1774-1777	qui	
1-338	1778-1787	dormierit	
1-339	1788-1791	cum	
1-340	1792-1794	ea	
1-341	1794-1795	.	

#Text=Caput 16
#Text=
#Text=
#Text=1 Locutusque est Dominus ad Moysen post mortem duorum filiorum Aaron, quando offerentes ignem alienum interfecti sunt : 2 et præcepit ei, dicens : Loquere ad Aaron fratrem tuum, ne omni tempore ingrediatur sanctuarium, quod est intra velum coram propitiatorio quo tegitur arca, ut non moriatur (quia in nube apparebo super oraculum), 3 nisi hæc ante fecerit : vitulum pro peccato offeret, et arietem in holocaustum.
#Text=4 Tunica linea vestietur, feminalibus lineis verenda celabit : accingetur zona linea, cidarim lineam imponet capiti : hæc enim vestimenta sunt sancta : quibus cunctis, cum lotus fuerit, induetur.
#Text=5 Suscipietque ab universa multitudine filiorum Israël duos hircos pro peccato, et unum arietem in holocaustum.
#Text=6 Cumque obtulerit vitulum, et oraverit pro se et pro domo sua, 7 duos hircos stare faciet coram Domino in ostio tabernaculi testimonii : 8 mittensque super utrumque sortem, unam Domino, alteram capro emissario : 9 cujus exierit sors Domino, offeret illum pro peccato : 10 cujus autem in caprum emissarium, statuet eum vivum coram Domino, ut fundat preces super eo, et emittat eum in solitudinem.
#Text=11 His rite celebratis, offeret vitulum, et rogans pro se, et pro domo sua, immolabit eum : 12 assumptoque thuribulo, quod de prunis altaris impleverit, et hauriens manu compositum thymiama in incensum, ultra velum intrabit in sancta : 13 ut, positis super ignem aromatibus, nebula eorum et vapor operiat oraculum quod est supra testimonium, et non moriatur.
#Text=14 Tollet quoque de sanguine vituli, et asperget digito septies contra propitiatorium ad orientem.
#Text=15 Cumque mactaverit hircum pro peccato populi, inferet sanguinem ejus intra velum, sicut præceptum est de sanguine vituli, ut aspergat e regione oraculi, 16 et expiet sanctuarium ab immunditiis filiorum Israël, et a prævaricationibus eorum, cunctisque peccatis.
2-1	1796-1801	Caput	
2-2	1802-1804	16	
2-3	1807-1808	1	
2-4	1809-1819	Locutusque	
2-5	1820-1823	est	
2-6	1824-1831	Dominus	
2-7	1832-1834	ad	
2-8	1835-1841	Moysen	
2-9	1842-1846	post	
2-10	1847-1853	mortem	
2-11	1854-1860	duorum	
2-12	1861-1869	filiorum	
2-13	1870-1875	Aaron	
2-14	1875-1876	,	
2-15	1877-1883	quando	
2-16	1884-1894	offerentes	
2-17	1895-1900	ignem	
2-18	1901-1908	alienum	
2-19	1909-1919	interfecti	
2-20	1920-1924	sunt	
2-21	1925-1926	:	
2-22	1927-1928	2	
2-23	1929-1931	et	
2-24	1932-1940	præcepit	
2-25	1941-1943	ei	
2-26	1943-1944	,	
2-27	1945-1951	dicens	
2-28	1952-1953	:	
2-29	1954-1961	Loquere	
2-30	1962-1964	ad	
2-31	1965-1970	Aaron	
2-32	1971-1978	fratrem	
2-33	1979-1983	tuum	
2-34	1983-1984	,	
2-35	1985-1987	ne	
2-36	1988-1992	omni	
2-37	1993-2000	tempore	
2-38	2001-2012	ingrediatur	
2-39	2013-2024	sanctuarium	
2-40	2024-2025	,	
2-41	2026-2030	quod	
2-42	2031-2034	est	
2-43	2035-2040	intra	
2-44	2041-2046	velum	
2-45	2047-2052	coram	
2-46	2053-2066	propitiatorio	
2-47	2067-2070	quo	
2-48	2071-2078	tegitur	
2-49	2079-2083	arca	
2-50	2083-2084	,	
2-51	2085-2087	ut	
2-52	2088-2091	non	
2-53	2092-2100	moriatur	
2-54	2101-2102	(	
2-55	2102-2106	quia	
2-56	2107-2109	in	
2-57	2110-2114	nube	
2-58	2115-2123	apparebo	
2-59	2124-2129	super	
2-60	2130-2138	oraculum	
2-61	2138-2139	)	
2-62	2139-2140	,	
2-63	2141-2142	3	
2-64	2143-2147	nisi	
2-65	2148-2151	hæc	
2-66	2152-2156	ante	
2-67	2157-2164	fecerit	
2-68	2165-2166	:	
2-69	2167-2174	vitulum	
2-70	2175-2178	pro	
2-71	2179-2186	peccato	
2-72	2187-2194	offeret	
2-73	2194-2195	,	
2-74	2196-2198	et	
2-75	2199-2206	arietem	
2-76	2207-2209	in	
2-77	2210-2221	holocaustum	
2-78	2221-2222	.	
2-79	2223-2224	4	
2-80	2225-2231	Tunica	
2-81	2232-2237	linea	
2-82	2238-2247	vestietur	
2-83	2247-2248	,	
2-84	2249-2260	feminalibus	
2-85	2261-2267	lineis	
2-86	2268-2275	verenda	
2-87	2276-2283	celabit	
2-88	2284-2285	:	
2-89	2286-2296	accingetur	
2-90	2297-2301	zona	
2-91	2302-2307	linea	
2-92	2307-2308	,	
2-93	2309-2316	cidarim	
2-94	2317-2323	lineam	
2-95	2324-2331	imponet	
2-96	2332-2338	capiti	
2-97	2339-2340	:	
2-98	2341-2344	hæc	
2-99	2345-2349	enim	
2-100	2350-2360	vestimenta	
2-101	2361-2365	sunt	
2-102	2366-2372	sancta	
2-103	2373-2374	:	
2-104	2375-2381	quibus	
2-105	2382-2389	cunctis	
2-106	2389-2390	,	
2-107	2391-2394	cum	
2-108	2395-2400	lotus	
2-109	2401-2407	fuerit	
2-110	2407-2408	,	
2-111	2409-2417	induetur	
2-112	2417-2418	.	
2-113	2419-2420	5	
2-114	2421-2433	Suscipietque	
2-115	2434-2436	ab	
2-116	2437-2445	universa	
2-117	2446-2457	multitudine	
2-118	2458-2466	filiorum	
2-119	2467-2473	Israël	
2-120	2474-2478	duos	
2-121	2479-2485	hircos	
2-122	2486-2489	pro	
2-123	2490-2497	peccato	
2-124	2497-2498	,	
2-125	2499-2501	et	
2-126	2502-2506	unum	
2-127	2507-2514	arietem	
2-128	2515-2517	in	
2-129	2518-2529	holocaustum	
2-130	2529-2530	.	
2-131	2531-2532	6	
2-132	2533-2539	Cumque	
2-133	2540-2549	obtulerit	
2-134	2550-2557	vitulum	
2-135	2557-2558	,	
2-136	2559-2561	et	
2-137	2562-2570	oraverit	
2-138	2571-2574	pro	
2-139	2575-2577	se	
2-140	2578-2580	et	
2-141	2581-2584	pro	
2-142	2585-2589	domo	
2-143	2590-2593	sua	
2-144	2593-2594	,	
2-145	2595-2596	7	
2-146	2597-2601	duos	
2-147	2602-2608	hircos	
2-148	2609-2614	stare	
2-149	2615-2621	faciet	
2-150	2622-2627	coram	
2-151	2628-2634	Domino	
2-152	2635-2637	in	
2-153	2638-2643	ostio	
2-154	2644-2655	tabernaculi	
2-155	2656-2666	testimonii	
2-156	2667-2668	:	
2-157	2669-2670	8	
2-158	2671-2681	mittensque	
2-159	2682-2687	super	
2-160	2688-2696	utrumque	
2-161	2697-2703	sortem	
2-162	2703-2704	,	
2-163	2705-2709	unam	
2-164	2710-2716	Domino	
2-165	2716-2717	,	
2-166	2718-2725	alteram	
2-167	2726-2731	capro	
2-168	2732-2741	emissario	
2-169	2742-2743	:	
2-170	2744-2745	9	
2-171	2746-2751	cujus	
2-172	2752-2759	exierit	
2-173	2760-2764	sors	
2-174	2765-2771	Domino	
2-175	2771-2772	,	
2-176	2773-2780	offeret	
2-177	2781-2786	illum	
2-178	2787-2790	pro	
2-179	2791-2798	peccato	
2-180	2799-2800	:	
2-181	2801-2803	10	
2-182	2804-2809	cujus	
2-183	2810-2815	autem	
2-184	2816-2818	in	
2-185	2819-2825	caprum	
2-186	2826-2836	emissarium	
2-187	2836-2837	,	
2-188	2838-2845	statuet	
2-189	2846-2849	eum	
2-190	2850-2855	vivum	
2-191	2856-2861	coram	
2-192	2862-2868	Domino	
2-193	2868-2869	,	
2-194	2870-2872	ut	
2-195	2873-2879	fundat	
2-196	2880-2886	preces	
2-197	2887-2892	super	
2-198	2893-2895	eo	
2-199	2895-2896	,	
2-200	2897-2899	et	
2-201	2900-2907	emittat	
2-202	2908-2911	eum	
2-203	2912-2914	in	
2-204	2915-2926	solitudinem	
2-205	2926-2927	.	
2-206	2928-2930	11	
2-207	2931-2934	His	
2-208	2935-2939	rite	
2-209	2940-2950	celebratis	
2-210	2950-2951	,	
2-211	2952-2959	offeret	
2-212	2960-2967	vitulum	
2-213	2967-2968	,	
2-214	2969-2971	et	
2-215	2972-2978	rogans	
2-216	2979-2982	pro	
2-217	2983-2985	se	
2-218	2985-2986	,	
2-219	2987-2989	et	
2-220	2990-2993	pro	
2-221	2994-2998	domo	
2-222	2999-3002	sua	
2-223	3002-3003	,	
2-224	3004-3013	immolabit	
2-225	3014-3017	eum	
2-226	3018-3019	:	
2-227	3020-3022	12	
2-228	3023-3034	assumptoque	
2-229	3035-3044	thuribulo	
2-230	3044-3045	,	
2-231	3046-3050	quod	
2-232	3051-3053	de	
2-233	3054-3060	prunis	
2-234	3061-3068	altaris	
2-235	3069-3079	impleverit	
2-236	3079-3080	,	
2-237	3081-3083	et	
2-238	3084-3092	hauriens	
2-239	3093-3097	manu	
2-240	3098-3108	compositum	
2-241	3109-3117	thymiama	
2-242	3118-3120	in	
2-243	3121-3129	incensum	
2-244	3129-3130	,	
2-245	3131-3136	ultra	
2-246	3137-3142	velum	
2-247	3143-3151	intrabit	
2-248	3152-3154	in	
2-249	3155-3161	sancta	
2-250	3162-3163	:	
2-251	3164-3166	13	
2-252	3167-3169	ut	
2-253	3169-3170	,	
2-254	3171-3178	positis	
2-255	3179-3184	super	
2-256	3185-3190	ignem	
2-257	3191-3201	aromatibus	
2-258	3201-3202	,	
2-259	3203-3209	nebula	
2-260	3210-3215	eorum	
2-261	3216-3218	et	
2-262	3219-3224	vapor	
2-263	3225-3232	operiat	
2-264	3233-3241	oraculum	
2-265	3242-3246	quod	
2-266	3247-3250	est	
2-267	3251-3256	supra	
2-268	3257-3268	testimonium	
2-269	3268-3269	,	
2-270	3270-3272	et	
2-271	3273-3276	non	
2-272	3277-3285	moriatur	
2-273	3285-3286	.	
2-274	3287-3289	14	
2-275	3290-3296	Tollet	
2-276	3297-3303	quoque	
2-277	3304-3306	de	
2-278	3307-3315	sanguine	
2-279	3316-3322	vituli	
2-280	3322-3323	,	
2-281	3324-3326	et	
2-282	3327-3335	asperget	
2-283	3336-3342	digito	
2-284	3343-3350	septies	
2-285	3351-3357	contra	
2-286	3358-3372	propitiatorium	
2-287	3373-3375	ad	
2-288	3376-3384	orientem	
2-289	3384-3385	.	
2-290	3386-3388	15	
2-291	3389-3395	Cumque	
2-292	3396-3406	mactaverit	
2-293	3407-3413	hircum	
2-294	3414-3417	pro	
2-295	3418-3425	peccato	
2-296	3426-3432	populi	
2-297	3432-3433	,	
2-298	3434-3441	inferet	
2-299	3442-3451	sanguinem	
2-300	3452-3456	ejus	
2-301	3457-3462	intra	
2-302	3463-3468	velum	
2-303	3468-3469	,	
2-304	3470-3475	sicut	
2-305	3476-3485	præceptum	
2-306	3486-3489	est	
2-307	3490-3492	de	
2-308	3493-3501	sanguine	
2-309	3502-3508	vituli	
2-310	3508-3509	,	
2-311	3510-3512	ut	
2-312	3513-3521	aspergat	
2-313	3522-3523	e	
2-314	3524-3531	regione	
2-315	3532-3539	oraculi	
2-316	3539-3540	,	
2-317	3541-3543	16	
2-318	3544-3546	et	
2-319	3547-3553	expiet	
2-320	3554-3565	sanctuarium	
2-321	3566-3568	ab	
2-322	3569-3580	immunditiis	
2-323	3581-3589	filiorum	
2-324	3590-3596	Israël	
2-325	3596-3597	,	
2-326	3598-3600	et	
2-327	3601-3602	a	
2-328	3603-3620	prævaricationibus	
2-329	3621-3626	eorum	
2-330	3626-3627	,	
2-331	3628-3638	cunctisque	
2-332	3639-3647	peccatis	
2-333	3647-3648	.	
