#FORMAT=WebAnno TSV 3.3
#T_SP=custom.Span|label
#T_RL=custom.Relation|label|BT_custom.Span


#Text=Het eerste is uit
#Text=sigh selfs blykelyk: en om die van de andere te toonen, worden niet alle menschen
#Text=en dieren, uit de vogten van die haar voortteelen geformeert, of immers tot hare
#Text=grootheit uitgerolt?
1-1	2-5	Het	_	_	_	
1-2	6-12	eerste	_	_	_	
1-3	13-15	is	_	_	_	
1-4	16-19	uit	_	_	_	
1-5	20-24	sigh	_	_	_	
1-6	25-30	selfs	_	_	_	
1-7	31-39	blykelyk	_	_	_	
1-8	39-40	:	_	_	_	
1-9	41-43	en	_	_	_	
1-10	44-46	om	_	_	_	
1-11	47-50	die	_	_	_	
1-12	51-54	van	_	_	_	
1-13	55-57	de	_	_	_	
1-14	58-64	andere	_	_	_	
1-15	65-67	te	_	_	_	
1-16	68-74	toonen	_	_	_	
1-17	74-75	,	_	_	_	
1-18	76-82	worden	_	_	_	
1-19	83-87	niet	_	_	_	
1-20	88-92	alle	_	_	_	
1-21	93-101	menschen	_	_	_	
1-22	102-104	en	_	_	_	
1-23	105-111	dieren	_	_	_	
1-24	111-112	,	_	_	_	
1-25	113-116	uit	_	_	_	
1-26	117-119	de	_	_	_	
1-27	120-126	vogten	_	_	_	
1-28	127-130	van	_	_	_	
1-29	131-134	die	_	_	_	
1-30	135-139	haar	_	_	_	
1-31	140-151	voortteelen	_	_	_	
1-32	152-162	geformeert	_	_	_	
1-33	162-163	,	_	_	_	
1-34	164-166	of	_	_	_	
1-35	167-173	immers	_	_	_	
1-36	174-177	tot	_	_	_	
1-37	178-182	hare	_	_	_	
1-38	183-192	grootheit	_	_	_	
1-39	193-202	uitgerolt	_	_	_	
1-40	202-203	?	_	_	_	

#Text=komen dese vogten niet van haar voedsel?
2-1	204-209	komen	_	_	_	
2-2	210-214	dese	_	_	_	
2-3	215-221	vogten	_	_	_	
2-4	222-226	niet	_	_	_	
2-5	227-230	van	_	_	_	
2-6	231-235	haar	_	_	_	
2-7	236-243	voedsel	_	_	_	
2-8	243-244	?	_	_	_	

#Text=dit van kruiden?
3-1	245-248	dit	_	_	_	
3-2	249-252	van	_	_	_	
3-3	253-260	kruiden	_	_	_	
3-4	260-261	?	_	_	_	

#Text=en
#Text=kruiden uit de aarde?
4-1	262-264	en	_	_	_	
4-2	265-272	kruiden	_	_	_	
4-3	273-276	uit	_	_	_	
4-4	277-279	de	_	_	_	
4-5	280-285	aarde	_	_	_	
4-6	285-286	?	_	_	_	

#Text=Soo dat een geduurige ondervindinge het geseide leert, en sulx
#Text=
#Text=van aller eeuwen Oudheit aan geleert heeft.
5-1	287-290	Soo	_	_	_	
5-2	291-294	dat	_	_	_	
5-3	295-298	een	_	_	_	
5-4	299-308	geduurige	_	_	_	
5-5	309-322	ondervindinge	_	_	_	
5-6	323-326	het	_	_	_	
5-7	327-334	geseide	_	_	_	
5-8	335-340	leert	_	_	_	
5-9	340-341	,	_	_	_	
5-10	342-344	en	_	_	_	
5-11	345-349	sulx	_	_	_	
5-12	351-354	van	_	_	_	
5-13	355-360	aller	_	_	_	
5-14	361-367	eeuwen	_	_	_	
5-15	368-375	Oudheit	_	_	_	
5-16	376-379	aan	_	_	_	
5-17	380-387	geleert	_	_	_	
5-18	388-393	heeft	_	_	_	
5-19	393-394	.	_	_	_	

#Text=Selfs heeft alles wat klederen en deksels
#Text=van noden heeft, die alleen uit de aarde;
#Text=de wol der schapen, de vellen der beesten,
#Text=het vlas, de bladeren en schorsen der boomen komen alle van de aarde voort.
6-1	395-400	Selfs	_	_	_	
6-2	401-406	heeft	_	_	_	
6-3	407-412	alles	_	_	_	
6-4	413-416	wat	_	_	_	
6-5	417-425	klederen	_	_	_	
6-6	426-428	en	_	_	_	
6-7	429-436	deksels	_	_	_	
6-8	437-440	van	_	_	_	
6-9	441-446	noden	_	_	_	
6-10	447-452	heeft	_	_	_	
6-11	452-453	,	_	_	_	
6-12	454-457	die	_	_	_	
6-13	458-464	alleen	_	_	_	
6-14	465-468	uit	_	_	_	
6-15	469-471	de	_	_	_	
6-16	472-477	aarde	_	_	_	
6-17	477-478	;	_	_	_	
6-18	479-481	de	_	_	_	
6-19	482-485	wol	_	_	_	
6-20	486-489	der	_	_	_	
6-21	490-497	schapen	_	_	_	
6-22	497-498	,	_	_	_	
6-23	499-501	de	_	_	_	
6-24	502-508	vellen	_	_	_	
6-25	509-512	der	_	_	_	
6-26	513-520	beesten	_	_	_	
6-27	520-521	,	_	_	_	
6-28	522-525	het	_	_	_	
6-29	526-530	vlas	_	_	_	
6-30	530-531	,	_	_	_	
6-31	532-534	de	_	_	_	
6-32	535-543	bladeren	_	_	_	
6-33	544-546	en	_	_	_	
6-34	547-555	schorsen	_	_	_	
6-35	556-559	der	_	_	_	
6-36	560-566	boomen	_	_	_	
6-37	567-572	komen	_	_	_	
6-38	573-577	alle	_	_	_	
6-39	578-581	van	_	_	_	
6-40	582-584	de	_	_	_	
6-41	585-590	aarde	_	_	_	
6-42	591-596	voort	_	_	_	
6-43	596-597	.	_	_	_	

#Text=II.
7-1	599-601	II	_	_	_	
7-2	601-602	.	_	_	_	

#Text=Dat niets eeuwigh is, en alles wat leeft een soort van dood ondergaat, en daar
#Text=door aan een stinkende verrottinge overgegeven werd, is ook seker.
8-1	603-606	Dat	_	_	_	
8-2	607-612	niets	_	_	_	
8-3	613-620	eeuwigh	_	_	_	
8-4	621-623	is	_	_	_	
8-5	623-624	,	_	_	_	
8-6	625-627	en	_	_	_	
8-7	628-633	alles	Smell\_Source[1]	_	_	
8-8	634-637	wat	Smell\_Source[1]	_	_	
8-9	638-643	leeft	Smell\_Source[1]	_	_	
8-10	644-647	een	_	_	_	
8-11	648-653	soort	_	_	_	
8-12	654-657	van	_	_	_	
8-13	658-662	dood	_	_	_	
8-14	663-672	ondergaat	_	_	_	
8-15	672-673	,	_	_	_	
8-16	674-676	en	_	_	_	
8-17	677-681	daar	_	_	_	
8-18	682-686	door	_	_	_	
8-19	687-690	aan	_	_	_	
8-20	691-694	een	_	_	_	
8-21	695-704	stinkende	Quality[2]|Smell\_Word[3]	*|*|*|*|*	8-22[0_3]|8-21[2_3]|8-7[1_3]|9-1[4_3]|9-5[5_3]	
8-22	705-716	verrottinge	Smell\_Source	_	_	
8-23	717-728	overgegeven	_	_	_	
8-24	729-733	werd	_	_	_	
8-25	733-734	,	_	_	_	
8-26	735-737	is	_	_	_	
8-27	738-741	ook	_	_	_	
8-28	742-747	seker	_	_	_	
8-29	747-748	.	_	_	_	

#Text=Soo dat alles,
#Text=wanneer het tot syn gebruik gedient heeft, alleen tot een onnutte en afschuwelyke
#Text=ballast van de wereld schynt tc moeten werden;
#Text=en de aangenaamste plaatsen (daar
#Text=een menigte van menschen en dieren sigh onthouden) door de stank van soo veel
#Text=lyken en krengen, onbewoonbaar en woest te sullen maken, en de Inwoonders te
#Text=dwingen, om suiverder landstreeken te soeken.
9-1	749-752	Soo	Effect[4]	Same\_span	9-13[6_4]	
9-2	753-756	dat	Effect[4]	_	_	
9-3	757-762	alles	Effect[4]	_	_	
9-4	762-763	,	_	_	_	
9-5	764-771	wanneer	Circumstances[5]	_	_	
9-6	772-775	het	Circumstances[5]	_	_	
9-7	776-779	tot	Circumstances[5]	_	_	
9-8	780-783	syn	Circumstances[5]	_	_	
9-9	784-791	gebruik	Circumstances[5]	_	_	
9-10	792-799	gedient	Circumstances[5]	_	_	
9-11	800-805	heeft	Circumstances[5]	_	_	
9-12	805-806	,	_	_	_	
9-13	807-813	alleen	Effect[6]	_	_	
9-14	814-817	tot	Effect[6]	_	_	
9-15	818-821	een	Effect[6]	_	_	
9-16	822-829	onnutte	Effect[6]	_	_	
9-17	830-832	en	Effect[6]	_	_	
9-18	833-845	afschuwelyke	Effect[6]	_	_	
9-19	846-853	ballast	Effect[6]	_	_	
9-20	854-857	van	Effect[6]	_	_	
9-21	858-860	de	Effect[6]	_	_	
9-22	861-867	wereld	Effect[6]	_	_	
9-23	868-874	schynt	Effect[6]	_	_	
9-24	875-877	tc	Effect[6]	_	_	
9-25	878-884	moeten	Effect[6]	_	_	
9-26	885-891	werden	Effect[6]	_	_	
9-27	891-892	;	_	_	_	
9-28	893-895	en	_	_	_	
9-29	896-898	de	Location[7]	_	_	
9-30	899-911	aangenaamste	Location[7]	_	_	
9-31	912-920	plaatsen	Location[7]	_	_	
9-32	921-922	(	_	_	_	
9-33	922-926	daar	_	_	_	
9-34	927-930	een	_	_	_	
9-35	931-938	menigte	_	_	_	
9-36	939-942	van	_	_	_	
9-37	943-951	menschen	_	_	_	
9-38	952-954	en	_	_	_	
9-39	955-961	dieren	_	_	_	
9-40	962-966	sigh	_	_	_	
9-41	967-976	onthouden	_	_	_	
9-42	976-977	)	_	_	_	
9-43	978-982	door	_	_	_	
9-44	983-985	de	_	_	_	
9-45	986-991	stank	Quality[8]|Smell\_Word[9]	*|*|*|*	9-53[11_9]|9-45[8_9]|9-29[7_9]|9-46[10_9]	
9-46	992-995	van	Smell\_Source[10]	_	_	
9-47	996-999	soo	Smell\_Source[10]	_	_	
9-48	1000-1004	veel	Smell\_Source[10]	_	_	
9-49	1005-1010	lyken	Smell\_Source[10]	_	_	
9-50	1011-1013	en	Smell\_Source[10]	_	_	
9-51	1014-1021	krengen	Smell\_Source[10]	_	_	
9-52	1021-1022	,	_	_	_	
9-53	1023-1035	onbewoonbaar	Effect[11]	_	_	
9-54	1036-1038	en	Effect[11]	_	_	
9-55	1039-1044	woest	Effect[11]	_	_	
9-56	1045-1047	te	Effect[11]	_	_	
9-57	1048-1054	sullen	Effect[11]	_	_	
9-58	1055-1060	maken	Effect[11]	_	_	
9-59	1060-1061	,	Effect[11]	_	_	
9-60	1062-1064	en	Effect[11]	_	_	
9-61	1065-1067	de	Effect[11]	_	_	
9-62	1068-1078	Inwoonders	Effect[11]	_	_	
9-63	1079-1081	te	Effect[11]	_	_	
9-64	1082-1089	dwingen	Effect[11]	_	_	
9-65	1089-1090	,	Effect[11]	_	_	
9-66	1091-1093	om	Effect[11]	_	_	
9-67	1094-1103	suiverder	Effect[11]	_	_	
9-68	1104-1116	landstreeken	Effect[11]	_	_	
9-69	1117-1119	te	Effect[11]	_	_	
9-70	1120-1126	soeken	Effect[11]	_	_	
9-71	1126-1127	.	_	_	_	

#Text=III.
10-1	1129-1132	III	_	_	_	
10-2	1132-1133	.	_	_	_	

#Text=Dat (om alleen by levende dieren te blyven)
#Text=alle de spysen, die haar voeden,
#Text=in der selver ingewanden tot een verfoeyelyken drek, en vuilen mest werden, kan
#Text=niemand loochenen.
11-1	1134-1137	Dat	_	_	_	
11-2	1138-1139	(	_	_	_	
11-3	1139-1141	om	_	_	_	
11-4	1142-1148	alleen	_	_	_	
11-5	1149-1151	by	_	_	_	
11-6	1152-1159	levende	_	_	_	
11-7	1160-1166	dieren	_	_	_	
11-8	1167-1169	te	_	_	_	
11-9	1170-1176	blyven	_	_	_	
11-10	1176-1177	)	_	_	_	
11-11	1178-1182	alle	_	_	_	
11-12	1183-1185	de	_	_	_	
11-13	1186-1192	spysen	_	_	_	
11-14	1192-1193	,	_	_	_	
11-15	1194-1197	die	_	_	_	
11-16	1198-1202	haar	_	_	_	
11-17	1203-1209	voeden	_	_	_	
11-18	1209-1210	,	_	_	_	
11-19	1211-1213	in	_	_	_	
11-20	1214-1217	der	_	_	_	
11-21	1218-1224	selver	_	_	_	
11-22	1225-1235	ingewanden	_	_	_	
11-23	1236-1239	tot	_	_	_	
11-24	1240-1243	een	_	_	_	
11-25	1244-1257	verfoeyelyken	_	_	_	
11-26	1258-1262	drek	_	_	_	
11-27	1262-1263	,	_	_	_	
11-28	1264-1266	en	_	_	_	
11-29	1267-1273	vuilen	_	_	_	
11-30	1274-1278	mest	_	_	_	
11-31	1279-1285	werden	_	_	_	
11-32	1285-1286	,	_	_	_	
11-33	1287-1290	kan	_	_	_	
11-34	1291-1298	niemand	_	_	_	
11-35	1299-1308	loochenen	_	_	_	
11-36	1308-1309	.	_	_	_	

#Text=Indien nu alle dese uitdygsels van soo veel menschen en beesten,
#Text=als 'er oit op den Aardbodem in soo veel eeuwen geweest syn, sonder veranderinge
#Text=in haar onaangename hoedanigheden volhardeden; moet niet yder bekennen?
12-1	1310-1316	Indien	_	_	_	
12-2	1317-1319	nu	_	_	_	
12-3	1320-1324	alle	_	_	_	
12-4	1325-1329	dese	_	_	_	
12-5	1330-1340	uitdygsels	_	_	_	
12-6	1341-1344	van	_	_	_	
12-7	1345-1348	soo	_	_	_	
12-8	1349-1353	veel	_	_	_	
12-9	1354-1362	menschen	_	_	_	
12-10	1363-1365	en	_	_	_	
12-11	1366-1373	beesten	_	_	_	
12-12	1373-1374	,	_	_	_	
12-13	1375-1378	als	_	_	_	
12-14	1379-1380	'	_	_	_	
12-15	1380-1382	er	_	_	_	
12-16	1383-1386	oit	_	_	_	
12-17	1387-1389	op	_	_	_	
12-18	1390-1393	den	_	_	_	
12-19	1394-1403	Aardbodem	_	_	_	
12-20	1404-1406	in	_	_	_	
12-21	1407-1410	soo	_	_	_	
12-22	1411-1415	veel	_	_	_	
12-23	1416-1422	eeuwen	_	_	_	
12-24	1423-1430	geweest	_	_	_	
12-25	1431-1434	syn	_	_	_	
12-26	1434-1435	,	_	_	_	
12-27	1436-1442	sonder	_	_	_	
12-28	1443-1455	veranderinge	_	_	_	
12-29	1456-1458	in	_	_	_	
12-30	1459-1463	haar	_	_	_	
12-31	1464-1475	onaangename	_	_	_	
12-32	1476-1489	hoedanigheden	_	_	_	
12-33	1490-1501	volhardeden	_	_	_	
12-34	1501-1502	;	_	_	_	
12-35	1503-1507	moet	_	_	_	
12-36	1508-1512	niet	_	_	_	
12-37	1513-1517	yder	_	_	_	
12-38	1518-1526	bekennen	_	_	_	
12-39	1526-1527	?	_	_	_	

#Text=dat soo
#Text=veel duisenden van mest- en drek-hoopen het meeste Aardryk voor syne bewoonders
#Text=in soo veel duisenden van jaren walgelyk, en de lugt, die rontom deselve is,
#Text=afgrysselyk maken souden, en reets gemaakt souden hebben.
13-1	1528-1531	dat	_	_	_	
13-2	1532-1535	soo	_	_	_	
13-3	1536-1540	veel	_	_	_	
13-4	1541-1550	duisenden	_	_	_	
13-5	1551-1554	van	_	_	_	
13-6	1555-1559	mest	_	_	_	
13-7	1559-1560	-	_	_	_	
13-8	1561-1563	en	_	_	_	
13-9	1564-1575	drek-hoopen	_	_	_	
13-10	1576-1579	het	_	_	_	
13-11	1580-1586	meeste	_	_	_	
13-12	1587-1594	Aardryk	_	_	_	
13-13	1595-1599	voor	_	_	_	
13-14	1600-1604	syne	_	_	_	
13-15	1605-1615	bewoonders	_	_	_	
13-16	1616-1618	in	_	_	_	
13-17	1619-1622	soo	_	_	_	
13-18	1623-1627	veel	_	_	_	
13-19	1628-1637	duisenden	_	_	_	
13-20	1638-1641	van	_	_	_	
13-21	1642-1647	jaren	_	_	_	
13-22	1648-1656	walgelyk	_	_	_	
13-23	1656-1657	,	_	_	_	
13-24	1658-1660	en	_	_	_	
13-25	1661-1663	de	_	_	_	
13-26	1664-1668	lugt	_	_	_	
13-27	1668-1669	,	_	_	_	
13-28	1670-1673	die	_	_	_	
13-29	1674-1680	rontom	_	_	_	
13-30	1681-1688	deselve	_	_	_	
13-31	1689-1691	is	_	_	_	
13-32	1691-1692	,	_	_	_	
13-33	1693-1704	afgrysselyk	_	_	_	
13-34	1705-1710	maken	_	_	_	
13-35	1711-1717	souden	_	_	_	
13-36	1717-1718	,	_	_	_	
13-37	1719-1721	en	_	_	_	
13-38	1722-1727	reets	_	_	_	
13-39	1728-1735	gemaakt	_	_	_	
13-40	1736-1742	souden	_	_	_	
13-41	1743-1749	hebben	_	_	_	
13-42	1749-1750	.	_	_	_	

#Text=IV.
14-1	1752-1754	IV	_	_	_	
14-2	1754-1755	.	_	_	_	

#Text=Voegh hier by, dat soo veel millioenen van menschen en beesten, die alleen
#Text=uit de voortbrengsels der aarde bestaan, soo veel eeuwen langh sigh op de wereld
#Text=bevonden hebben; waar door het niet mogelyk soude syn, ten sy een grooter wysheit
#Text=sorse daar voor gedragen hadde, dat de vrugtbare aarde niet seer veel, en merkelyk
#Text=vermindert en verteert soude wesen.
15-1	1756-1761	Voegh	_	_	_	
15-2	1762-1766	hier	_	_	_	
15-3	1767-1769	by	_	_	_	
15-4	1769-1770	,	_	_	_	
15-5	1771-1774	dat	_	_	_	
15-6	1775-1778	soo	_	_	_	
15-7	1779-1783	veel	_	_	_	
15-8	1784-1794	millioenen	_	_	_	
15-9	1795-1798	van	_	_	_	
15-10	1799-1807	menschen	_	_	_	
15-11	1808-1810	en	_	_	_	
15-12	1811-1818	beesten	_	_	_	
15-13	1818-1819	,	_	_	_	
15-14	1820-1823	die	_	_	_	
15-15	1824-1830	alleen	_	_	_	
15-16	1831-1834	uit	_	_	_	
15-17	1835-1837	de	_	_	_	
15-18	1838-1852	voortbrengsels	_	_	_	
15-19	1853-1856	der	_	_	_	
15-20	1857-1862	aarde	_	_	_	
15-21	1863-1870	bestaan	_	_	_	
15-22	1870-1871	,	_	_	_	
15-23	1872-1875	soo	_	_	_	
15-24	1876-1880	veel	_	_	_	
15-25	1881-1887	eeuwen	_	_	_	
15-26	1888-1893	langh	_	_	_	
15-27	1894-1898	sigh	_	_	_	
15-28	1899-1901	op	_	_	_	
15-29	1902-1904	de	_	_	_	
15-30	1905-1911	wereld	_	_	_	
15-31	1912-1920	bevonden	_	_	_	
15-32	1921-1927	hebben	_	_	_	
15-33	1927-1928	;	_	_	_	
15-34	1929-1933	waar	_	_	_	
15-35	1934-1938	door	_	_	_	
15-36	1939-1942	het	_	_	_	
15-37	1943-1947	niet	_	_	_	
15-38	1948-1955	mogelyk	_	_	_	
15-39	1956-1961	soude	_	_	_	
15-40	1962-1965	syn	_	_	_	
15-41	1965-1966	,	_	_	_	
15-42	1967-1970	ten	_	_	_	
15-43	1971-1973	sy	_	_	_	
15-44	1974-1977	een	_	_	_	
15-45	1978-1985	grooter	_	_	_	
15-46	1986-1993	wysheit	_	_	_	
15-47	1994-1999	sorse	_	_	_	
15-48	2000-2004	daar	_	_	_	
15-49	2005-2009	voor	_	_	_	
15-50	2010-2018	gedragen	_	_	_	
15-51	2019-2024	hadde	_	_	_	
15-52	2024-2025	,	_	_	_	
15-53	2026-2029	dat	_	_	_	
15-54	2030-2032	de	_	_	_	
15-55	2033-2042	vrugtbare	_	_	_	
15-56	2043-2048	aarde	_	_	_	
15-57	2049-2053	niet	_	_	_	
15-58	2054-2058	seer	_	_	_	
15-59	2059-2063	veel	_	_	_	
15-60	2063-2064	,	_	_	_	
15-61	2065-2067	en	_	_	_	
15-62	2068-2076	merkelyk	_	_	_	
15-63	2077-2087	vermindert	_	_	_	
15-64	2088-2090	en	_	_	_	
15-65	2091-2099	verteert	_	_	_	
15-66	2100-2105	soude	_	_	_	
15-67	2106-2111	wesen	_	_	_	
15-68	2111-2112	.	_	_	_	

#Text=Soo dat, of schoon anders den aardkloot geen
#Text=ondergangh te vresen hadde, egter al wat op deselve leeft, eindelyk by gebrek van
#Text=vrugtbaarheit der aarde, en daarom van voedsel soude moeten vergaan.
16-1	2113-2116	Soo	_	_	_	
16-2	2117-2120	dat	_	_	_	
16-3	2120-2121	,	_	_	_	
16-4	2122-2124	of	_	_	_	
16-5	2125-2131	schoon	_	_	_	
16-6	2132-2138	anders	_	_	_	
16-7	2139-2142	den	_	_	_	
16-8	2143-2152	aardkloot	_	_	_	
16-9	2153-2157	geen	_	_	_	
16-10	2158-2168	ondergangh	_	_	_	
16-11	2169-2171	te	_	_	_	
16-12	2172-2178	vresen	_	_	_	
16-13	2179-2184	hadde	_	_	_	
16-14	2184-2185	,	_	_	_	
16-15	2186-2191	egter	_	_	_	
16-16	2192-2194	al	_	_	_	
16-17	2195-2198	wat	_	_	_	
16-18	2199-2201	op	_	_	_	
16-19	2202-2209	deselve	_	_	_	
16-20	2210-2215	leeft	_	_	_	
16-21	2215-2216	,	_	_	_	
16-22	2217-2225	eindelyk	_	_	_	
16-23	2226-2228	by	_	_	_	
16-24	2229-2235	gebrek	_	_	_	
16-25	2236-2239	van	_	_	_	
16-26	2240-2253	vrugtbaarheit	_	_	_	
16-27	2254-2257	der	_	_	_	
16-28	2258-2263	aarde	_	_	_	
16-29	2263-2264	,	_	_	_	
16-30	2265-2267	en	_	_	_	
16-31	2268-2274	daarom	_	_	_	
16-32	2275-2278	van	_	_	_	
16-33	2279-2286	voedsel	_	_	_	
16-34	2287-2292	soude	_	_	_	
16-35	2293-2299	moeten	_	_	_	
16-36	2300-2307	vergaan	_	_	_	
16-37	2307-2308	.	_	_	_	

#Text=Bernard Nieuwentijt, Het regt gebruik der werelt beschouwingen
#Text=
#Text=\f462
#Text=
#Text=§.
17-1	2311-2318	Bernard	_	_	_	
17-2	2319-2330	Nieuwentijt	_	_	_	
17-3	2330-2331	,	_	_	_	
17-4	2332-2335	Het	_	_	_	
17-5	2336-2340	regt	_	_	_	
17-6	2341-2348	gebruik	_	_	_	
17-7	2349-2352	der	_	_	_	
17-8	2353-2359	werelt	_	_	_	
17-9	2360-2373	beschouwingen	_	_	_	
17-10	2376-2379	462	_	_	_	
17-11	2381-2382	§	_	_	_	
17-12	2382-2383	.	_	_	_	
