#FORMAT=WebAnno TSV 3.3


#Text=23 Qui minoratur corde cogitat inania, et vir imprudens et errans cogitat stulta.
#Text=24 Audi me, fili, et disce disciplinam sensus, et in verbis meis attende in corde tuo : 25 et dicam in æquitate disciplinam, et scrutabor enarrare sapientiam : et in verbis meis attende in corde tuo, et dico in æquitate spiritus virtutes quas posuit Deus in opera sua ab initio, et in veritate enuntio scientiam ejus.
#Text=26 In judicio Dei opera ejus ab initio, et ab institutione ipsorum distinxit partes illorum, et initia eorum in gentibus suis.
#Text=27 Ornavit in æternum opera illorum : nec esurierunt, nec laboraverunt, et non destiterunt ab operibus suis.
#Text=28 Unusquisque proximum sibi non angustiabit in æternum : 29 non sis incredibilis verbo illius.
#Text=30 Post hæc Deus in terram respexit, et implevit illam bonis suis : 31 anima omnis vitalis denuntiavit ante faciem ipsius, et in ipsam iterum reversio illorum.
1-1	2-4	23	
1-2	5-8	Qui	
1-3	9-18	minoratur	
1-4	19-24	corde	
1-5	25-32	cogitat	
1-6	33-39	inania	
1-7	39-40	,	
1-8	41-43	et	
1-9	44-47	vir	
1-10	48-57	imprudens	
1-11	58-60	et	
1-12	61-67	errans	
1-13	68-75	cogitat	
1-14	76-82	stulta	
1-15	82-83	.	
1-16	84-86	24	
1-17	87-91	Audi	
1-18	92-94	me	
1-19	94-95	,	
1-20	96-100	fili	
1-21	100-101	,	
1-22	102-104	et	
1-23	105-110	disce	
1-24	111-122	disciplinam	
1-25	123-129	sensus	
1-26	129-130	,	
1-27	131-133	et	
1-28	134-136	in	
1-29	137-143	verbis	
1-30	144-148	meis	
1-31	149-156	attende	
1-32	157-159	in	
1-33	160-165	corde	
1-34	166-169	tuo	
1-35	170-171	:	
1-36	172-174	25	
1-37	175-177	et	
1-38	178-183	dicam	
1-39	184-186	in	
1-40	187-195	æquitate	
1-41	196-207	disciplinam	
1-42	207-208	,	
1-43	209-211	et	
1-44	212-221	scrutabor	
1-45	222-230	enarrare	
1-46	231-241	sapientiam	
1-47	242-243	:	
1-48	244-246	et	
1-49	247-249	in	
1-50	250-256	verbis	
1-51	257-261	meis	
1-52	262-269	attende	
1-53	270-272	in	
1-54	273-278	corde	
1-55	279-282	tuo	
1-56	282-283	,	
1-57	284-286	et	
1-58	287-291	dico	
1-59	292-294	in	
1-60	295-303	æquitate	
1-61	304-312	spiritus	
1-62	313-321	virtutes	
1-63	322-326	quas	
1-64	327-333	posuit	
1-65	334-338	Deus	
1-66	339-341	in	
1-67	342-347	opera	
1-68	348-351	sua	
1-69	352-354	ab	
1-70	355-361	initio	
1-71	361-362	,	
1-72	363-365	et	
1-73	366-368	in	
1-74	369-377	veritate	
1-75	378-385	enuntio	
1-76	386-395	scientiam	
1-77	396-400	ejus	
1-78	400-401	.	
1-79	402-404	26	
1-80	405-407	In	
1-81	408-415	judicio	
1-82	416-419	Dei	
1-83	420-425	opera	
1-84	426-430	ejus	
1-85	431-433	ab	
1-86	434-440	initio	
1-87	440-441	,	
1-88	442-444	et	
1-89	445-447	ab	
1-90	448-460	institutione	
1-91	461-468	ipsorum	
1-92	469-478	distinxit	
1-93	479-485	partes	
1-94	486-493	illorum	
1-95	493-494	,	
1-96	495-497	et	
1-97	498-504	initia	
1-98	505-510	eorum	
1-99	511-513	in	
1-100	514-522	gentibus	
1-101	523-527	suis	
1-102	527-528	.	
1-103	529-531	27	
1-104	532-539	Ornavit	
1-105	540-542	in	
1-106	543-550	æternum	
1-107	551-556	opera	
1-108	557-564	illorum	
1-109	565-566	:	
1-110	567-570	nec	
1-111	571-581	esurierunt	
1-112	581-582	,	
1-113	583-586	nec	
1-114	587-599	laboraverunt	
1-115	599-600	,	
1-116	601-603	et	
1-117	604-607	non	
1-118	608-619	destiterunt	
1-119	620-622	ab	
1-120	623-631	operibus	
1-121	632-636	suis	
1-122	636-637	.	
1-123	638-640	28	
1-124	641-652	Unusquisque	
1-125	653-661	proximum	
1-126	662-666	sibi	
1-127	667-670	non	
1-128	671-682	angustiabit	
1-129	683-685	in	
1-130	686-693	æternum	
1-131	694-695	:	
1-132	696-698	29	
1-133	699-702	non	
1-134	703-706	sis	
1-135	707-719	incredibilis	
1-136	720-725	verbo	
1-137	726-732	illius	
1-138	732-733	.	
1-139	734-736	30	
1-140	737-741	Post	
1-141	742-745	hæc	
1-142	746-750	Deus	
1-143	751-753	in	
1-144	754-760	terram	
1-145	761-769	respexit	
1-146	769-770	,	
1-147	771-773	et	
1-148	774-782	implevit	
1-149	783-788	illam	
1-150	789-794	bonis	
1-151	795-799	suis	
1-152	800-801	:	
1-153	802-804	31	
1-154	805-810	anima	
1-155	811-816	omnis	
1-156	817-824	vitalis	
1-157	825-836	denuntiavit	
1-158	837-841	ante	
1-159	842-848	faciem	
1-160	849-855	ipsius	
1-161	855-856	,	
1-162	857-859	et	
1-163	860-862	in	
1-164	863-868	ipsam	
1-165	869-875	iterum	
1-166	876-884	reversio	
1-167	885-892	illorum	
1-168	892-893	.	

#Text=Caput 17
#Text=
#Text=
#Text=1 Deus creavit de terra hominem, et secundum imaginem suam fecit illum : 2 et iterum convertit illum in ipsam, et secundum se vestivit illum virtute.
#Text=3 Numerum dierum et tempus dedit illi, et dedit illi potestatem eorum quæ sunt super terram.
#Text=4 Posuit timorem illius super omnem carnem, et dominatus est bestiarum et volatilium.
#Text=5 Creavit ex ipso adjutorium simile sibi : consilium, et linguam, et oculos, et aures, et cor dedit illis excogitandi, et disciplina intellectus replevit illos.
#Text=6 Creavit illis scientiam spiritus, sensu implevit cor illorum, et mala et bona ostendit illis.
#Text=7 Posuit oculum suum super corda illorum, ostendere illis magnalia operum suorum : 8 ut nomen sanctificationis collaudent, et gloriari in mirabilibus illius ; ut magnalia enarrent operum ejus.
#Text=9 Addidit illis disciplinam, et legem vitæ hæreditavit illos.
#Text=10 Testamentum æternum constituit cum illis, et justitiam et judicia sua ostendit illis.
#Text=11 Et magnalia honoris ejus vidit oculus illorum, et honorem vocis audierunt aures illorum.
2-1	894-899	Caput	
2-2	900-902	17	
2-3	905-906	1	
2-4	907-911	Deus	
2-5	912-919	creavit	
2-6	920-922	de	
2-7	923-928	terra	
2-8	929-936	hominem	
2-9	936-937	,	
2-10	938-940	et	
2-11	941-949	secundum	
2-12	950-958	imaginem	
2-13	959-963	suam	
2-14	964-969	fecit	
2-15	970-975	illum	
2-16	976-977	:	
2-17	978-979	2	
2-18	980-982	et	
2-19	983-989	iterum	
2-20	990-999	convertit	
2-21	1000-1005	illum	
2-22	1006-1008	in	
2-23	1009-1014	ipsam	
2-24	1014-1015	,	
2-25	1016-1018	et	
2-26	1019-1027	secundum	
2-27	1028-1030	se	
2-28	1031-1039	vestivit	
2-29	1040-1045	illum	
2-30	1046-1053	virtute	
2-31	1053-1054	.	
2-32	1055-1056	3	
2-33	1057-1064	Numerum	
2-34	1065-1071	dierum	
2-35	1072-1074	et	
2-36	1075-1081	tempus	
2-37	1082-1087	dedit	
2-38	1088-1092	illi	
2-39	1092-1093	,	
2-40	1094-1096	et	
2-41	1097-1102	dedit	
2-42	1103-1107	illi	
2-43	1108-1118	potestatem	
2-44	1119-1124	eorum	
2-45	1125-1128	quæ	
2-46	1129-1133	sunt	
2-47	1134-1139	super	
2-48	1140-1146	terram	
2-49	1146-1147	.	
2-50	1148-1149	4	
2-51	1150-1156	Posuit	
2-52	1157-1164	timorem	
2-53	1165-1171	illius	
2-54	1172-1177	super	
2-55	1178-1183	omnem	
2-56	1184-1190	carnem	
2-57	1190-1191	,	
2-58	1192-1194	et	
2-59	1195-1204	dominatus	
2-60	1205-1208	est	
2-61	1209-1218	bestiarum	
2-62	1219-1221	et	
2-63	1222-1232	volatilium	
2-64	1232-1233	.	
2-65	1234-1235	5	
2-66	1236-1243	Creavit	
2-67	1244-1246	ex	
2-68	1247-1251	ipso	
2-69	1252-1262	adjutorium	
2-70	1263-1269	simile	
2-71	1270-1274	sibi	
2-72	1275-1276	:	
2-73	1277-1286	consilium	
2-74	1286-1287	,	
2-75	1288-1290	et	
2-76	1291-1298	linguam	
2-77	1298-1299	,	
2-78	1300-1302	et	
2-79	1303-1309	oculos	
2-80	1309-1310	,	
2-81	1311-1313	et	
2-82	1314-1319	aures	
2-83	1319-1320	,	
2-84	1321-1323	et	
2-85	1324-1327	cor	
2-86	1328-1333	dedit	
2-87	1334-1339	illis	
2-88	1340-1351	excogitandi	
2-89	1351-1352	,	
2-90	1353-1355	et	
2-91	1356-1366	disciplina	
2-92	1367-1378	intellectus	
2-93	1379-1387	replevit	
2-94	1388-1393	illos	
2-95	1393-1394	.	
2-96	1395-1396	6	
2-97	1397-1404	Creavit	
2-98	1405-1410	illis	
2-99	1411-1420	scientiam	
2-100	1421-1429	spiritus	
2-101	1429-1430	,	
2-102	1431-1436	sensu	
2-103	1437-1445	implevit	
2-104	1446-1449	cor	
2-105	1450-1457	illorum	
2-106	1457-1458	,	
2-107	1459-1461	et	
2-108	1462-1466	mala	
2-109	1467-1469	et	
2-110	1470-1474	bona	
2-111	1475-1483	ostendit	
2-112	1484-1489	illis	
2-113	1489-1490	.	
2-114	1491-1492	7	
2-115	1493-1499	Posuit	
2-116	1500-1506	oculum	
2-117	1507-1511	suum	
2-118	1512-1517	super	
2-119	1518-1523	corda	
2-120	1524-1531	illorum	
2-121	1531-1532	,	
2-122	1533-1542	ostendere	
2-123	1543-1548	illis	
2-124	1549-1557	magnalia	
2-125	1558-1564	operum	
2-126	1565-1571	suorum	
2-127	1572-1573	:	
2-128	1574-1575	8	
2-129	1576-1578	ut	
2-130	1579-1584	nomen	
2-131	1585-1601	sanctificationis	
2-132	1602-1612	collaudent	
2-133	1612-1613	,	
2-134	1614-1616	et	
2-135	1617-1625	gloriari	
2-136	1626-1628	in	
2-137	1629-1640	mirabilibus	
2-138	1641-1647	illius	
2-139	1648-1649	;	
2-140	1650-1652	ut	
2-141	1653-1661	magnalia	
2-142	1662-1670	enarrent	
2-143	1671-1677	operum	
2-144	1678-1682	ejus	
2-145	1682-1683	.	
2-146	1684-1685	9	
2-147	1686-1693	Addidit	
2-148	1694-1699	illis	
2-149	1700-1711	disciplinam	
2-150	1711-1712	,	
2-151	1713-1715	et	
2-152	1716-1721	legem	
2-153	1722-1726	vitæ	
2-154	1727-1738	hæreditavit	
2-155	1739-1744	illos	
2-156	1744-1745	.	
2-157	1746-1748	10	
2-158	1749-1760	Testamentum	
2-159	1761-1768	æternum	
2-160	1769-1779	constituit	
2-161	1780-1783	cum	
2-162	1784-1789	illis	
2-163	1789-1790	,	
2-164	1791-1793	et	
2-165	1794-1803	justitiam	
2-166	1804-1806	et	
2-167	1807-1814	judicia	
2-168	1815-1818	sua	
2-169	1819-1827	ostendit	
2-170	1828-1833	illis	
2-171	1833-1834	.	
2-172	1835-1837	11	
2-173	1838-1840	Et	
2-174	1841-1849	magnalia	
2-175	1850-1857	honoris	
2-176	1858-1862	ejus	
2-177	1863-1868	vidit	
2-178	1869-1875	oculus	
2-179	1876-1883	illorum	
2-180	1883-1884	,	
2-181	1885-1887	et	
2-182	1888-1895	honorem	
2-183	1896-1901	vocis	
2-184	1902-1911	audierunt	
2-185	1912-1917	aures	
2-186	1918-1925	illorum	
2-187	1925-1926	.	

#Text=Et dixit illis : Attendite ab omni iniquo.
#Text=12 Et mandavit illis unicuique de proximo suo.
#Text=13 Viæ illorum coram ipso sunt semper : non sunt absconsæ ab oculis ipsius.
#Text=14 In unamquamque gentem præposuit rectorem : 15 et pars Dei Israël facta est manifesta.
#Text=16 Et omnia opera illorum velut sol in conspectu Dei : et oculi ejus sine intermissione inspicientes in viis eorum.
3-1	1927-1929	Et	
3-2	1930-1935	dixit	
3-3	1936-1941	illis	
3-4	1942-1943	:	
3-5	1944-1953	Attendite	
3-6	1954-1956	ab	
3-7	1957-1961	omni	
3-8	1962-1968	iniquo	
3-9	1968-1969	.	
3-10	1970-1972	12	
3-11	1973-1975	Et	
3-12	1976-1984	mandavit	
3-13	1985-1990	illis	
3-14	1991-2000	unicuique	
3-15	2001-2003	de	
3-16	2004-2011	proximo	
3-17	2012-2015	suo	
3-18	2015-2016	.	
3-19	2017-2019	13	
3-20	2020-2023	Viæ	
3-21	2024-2031	illorum	
3-22	2032-2037	coram	
3-23	2038-2042	ipso	
3-24	2043-2047	sunt	
3-25	2048-2054	semper	
3-26	2055-2056	:	
3-27	2057-2060	non	
3-28	2061-2065	sunt	
3-29	2066-2074	absconsæ	
3-30	2075-2077	ab	
3-31	2078-2084	oculis	
3-32	2085-2091	ipsius	
3-33	2091-2092	.	
3-34	2093-2095	14	
3-35	2096-2098	In	
3-36	2099-2110	unamquamque	
3-37	2111-2117	gentem	
3-38	2118-2127	præposuit	
3-39	2128-2136	rectorem	
3-40	2137-2138	:	
3-41	2139-2141	15	
3-42	2142-2144	et	
3-43	2145-2149	pars	
3-44	2150-2153	Dei	
3-45	2154-2160	Israël	
3-46	2161-2166	facta	
3-47	2167-2170	est	
3-48	2171-2180	manifesta	
3-49	2180-2181	.	
3-50	2182-2184	16	
3-51	2185-2187	Et	
3-52	2188-2193	omnia	
3-53	2194-2199	opera	
3-54	2200-2207	illorum	
3-55	2208-2213	velut	
3-56	2214-2217	sol	
3-57	2218-2220	in	
3-58	2221-2230	conspectu	
3-59	2231-2234	Dei	
3-60	2235-2236	:	
3-61	2237-2239	et	
3-62	2240-2245	oculi	
3-63	2246-2250	ejus	
3-64	2251-2255	sine	
3-65	2256-2269	intermissione	
3-66	2270-2282	inspicientes	
3-67	2283-2285	in	
3-68	2286-2290	viis	
3-69	2291-2296	eorum	
3-70	2296-2297	.	
