#FORMAT=WebAnno TSV 3.3


#Text=Fiori giallognoli, talvolta bianchi.
1-1	1-6	Fiori	
1-2	7-18	giallognoli	
1-3	18-19	,	
1-4	20-28	talvolta	
1-5	29-36	bianchi	
1-6	36-37	.	

#Text=Da Maggio a Settembre nei prati umidi in tutto il Territorio.
2-1	38-40	Da	
2-2	41-47	Maggio	
2-3	48-49	a	
2-4	50-59	Settembre	
2-5	60-63	nei	
2-6	64-69	prati	
2-7	70-75	umidi	
2-8	76-78	in	
2-9	79-84	tutto	
2-10	85-87	il	
2-11	88-98	Territorio	
2-12	98-99	.	

#Text=Perenne.
3-1	100-107	Perenne	
3-2	107-108	.	

#Text=Erba d’odore nauseante, sapor fortemente amaro, qualità emetica, drastico-catartica, antelmintica.
4-1	110-114	Erba	
4-2	115-116	d	
4-3	116-117	’	
4-4	117-122	odore	
4-5	123-132	nauseante	
4-6	132-133	,	
4-7	134-139	sapor	
4-8	140-150	fortemente	
4-9	151-156	amaro	
4-10	156-157	,	
4-11	158-165	qualità	
4-12	166-173	emetica	
4-13	173-174	,	
4-14	175-193	drastico-catartica	
4-15	193-194	,	
4-16	195-207	antelmintica	
4-17	207-208	.	

#Text=Si usa nella mania, nell’ascita, nell’itterizia, contro i vermi etc.
5-1	209-211	Si	
5-2	212-215	usa	
5-3	216-221	nella	
5-4	222-227	mania	
5-5	227-228	,	
5-6	229-233	nell	
5-7	233-234	’	
5-8	234-240	ascita	
5-9	240-241	,	
5-10	242-246	nell	
5-11	246-247	’	
5-12	247-256	itterizia	
5-13	256-257	,	
5-14	258-264	contro	
5-15	265-266	i	
5-16	267-272	vermi	
5-17	273-276	etc	
5-18	276-277	.	

#Text=Dose dell’erba ridotta in polvere da gr. ij-jv. in lib.j. d’acqua.
6-1	278-282	Dose	
6-2	283-287	dell	
6-3	287-288	’	
6-4	288-292	erba	
6-5	293-300	ridotta	
6-6	301-303	in	
6-7	304-311	polvere	
6-8	312-314	da	
6-9	315-317	gr	
6-10	317-318	.	
6-11	319-324	ij-jv	
6-12	324-325	.	
6-13	326-328	in	
6-14	329-334	lib.j	
6-15	334-335	.	
6-16	336-337	d	
6-17	337-338	’	
6-18	338-343	acqua	
6-19	343-344	.	

#Text=I più recenti Medici le attribuiscono la facolta’ controstimolante, quella cioè che deprime ed abbatte l’energia vitale, nella guisa che fà il salasso, di cui talvolta ne può far le veci, dalla quale facoltà dipende, secondo essi, l’azione purgativa.
7-1	345-346	I	
7-2	347-350	più	
7-3	351-358	recenti	
7-4	359-365	Medici	
7-5	366-368	le	
7-6	369-382	attribuiscono	
7-7	383-385	la	
7-8	386-393	facolta	
7-9	393-394	’	
7-10	395-411	controstimolante	
7-11	411-412	,	
7-12	413-419	quella	
7-13	420-424	cioè	
7-14	425-428	che	
7-15	429-436	deprime	
7-16	437-439	ed	
7-17	440-447	abbatte	
7-18	448-449	l	
7-19	449-450	’	
7-20	450-457	energia	
7-21	458-464	vitale	
7-22	464-465	,	
7-23	466-471	nella	
7-24	472-477	guisa	
7-25	478-481	che	
7-26	482-484	fà	
7-27	485-487	il	
7-28	488-495	salasso	
7-29	495-496	,	
7-30	497-499	di	
7-31	500-503	cui	
7-32	504-512	talvolta	
7-33	513-515	ne	
7-34	516-519	può	
7-35	520-523	far	
7-36	524-526	le	
7-37	527-531	veci	
7-38	531-532	,	
7-39	533-538	dalla	
7-40	539-544	quale	
7-41	545-552	facoltà	
7-42	553-560	dipende	
7-43	560-561	,	
7-44	562-569	secondo	
7-45	570-574	essi	
7-46	574-575	,	
7-47	576-577	l	
7-48	577-578	’	
7-49	578-584	azione	
7-50	585-594	purgativa	
7-51	594-595	.	

#Text=Si prescrive quindi nelle febbri intermittenti ipesteniche, che non cedono all’uso della china, nelle dissenterie d’indole parimenti iperstenica, nelle malattie cutanee etc.
8-1	596-598	Si	
8-2	599-608	prescrive	
8-3	609-615	quindi	
8-4	616-621	nelle	
8-5	622-628	febbri	
8-6	629-642	intermittenti	
8-7	643-654	ipesteniche	
8-8	654-655	,	
8-9	656-659	che	
8-10	660-663	non	
8-11	664-670	cedono	
8-12	671-674	all	
8-13	674-675	’	
8-14	675-678	uso	
8-15	679-684	della	
8-16	685-690	china	
8-17	690-691	,	
8-18	692-697	nelle	
8-19	698-709	dissenterie	
8-20	710-711	d	
8-21	711-712	’	
8-22	712-718	indole	
8-23	719-728	parimenti	
8-24	729-740	iperstenica	
8-25	740-741	,	
8-26	742-747	nelle	
8-27	748-756	malattie	
8-28	757-764	cutanee	
8-29	765-768	etc	
8-30	768-769	.	

#Text=VII°.
9-1	775-778	VII	
9-2	778-779	°	
9-3	779-780	.	

#Text=Licopo.
10-1	781-787	Licopo	
10-2	787-788	.	

#Text=Cor. a quattro divisioni, una delle quali intaccata.
11-1	789-792	Cor	
11-2	792-793	.	
11-3	794-795	a	
11-4	796-803	quattro	
11-5	804-813	divisioni	
11-6	813-814	,	
11-7	815-818	una	
11-8	819-824	delle	
11-9	825-830	quali	
11-10	831-840	intaccata	
11-11	840-841	.	

#Text=Stami distanti.
12-1	842-847	Stami	
12-2	848-856	distanti	
12-3	856-857	.	

#Text=Semi 4 nudi in fondo al calice.
#Text=
#Text=9a Licopo europeo.
13-1	858-862	Semi	
13-2	863-864	4	
13-3	865-869	nudi	
13-4	870-872	in	
13-5	873-878	fondo	
13-6	879-881	al	
13-7	882-888	calice	
13-8	888-889	.	
13-9	891-893	9a	
13-10	894-900	Licopo	
13-11	901-908	europeo	
13-12	908-909	.	

#Text=Foglie ovate, lanciolate, dentate.
14-1	910-916	Foglie	
14-2	917-922	ovate	
14-3	922-923	,	
14-4	924-934	lanciolate	
14-5	934-935	,	
14-6	936-943	dentate	
14-7	943-944	.	

#Text=Lycopus europæus.
15-1	946-953	Lycopus	
15-2	954-962	europæus	
15-3	962-963	.	

#Text=It.
16-1	964-966	It	
16-2	966-967	.	

#Text=Marrubio acquatico.
17-1	968-976	Marrubio	
17-2	977-986	acquatico	
17-3	986-987	.	

#Text=Ver.
18-1	988-991	Ver	
18-2	991-992	.	

#Text=Marubio salvadego.
19-1	993-1000	Marubio	
19-2	1001-1010	salvadego	
19-3	1010-1011	.	

#Text=Fiori bianchi macchiati di porporino.
20-1	1013-1018	Fiori	
20-2	1019-1026	bianchi	
20-3	1027-1036	macchiati	
20-4	1037-1039	di	
20-5	1040-1049	porporino	
20-6	1049-1050	.	

#Text=Luglio, Agosto.
21-1	1051-1057	Luglio	
21-2	1057-1058	,	
21-3	1059-1065	Agosto	
21-4	1065-1066	.	

#Text=Sui margini dei fossi, lungo i muri nei luoghi umidi, ed ove colano le scaffe.
22-1	1067-1070	Sui	
22-2	1071-1078	margini	
22-3	1079-1082	dei	
22-4	1083-1088	fossi	
22-5	1088-1089	,	
22-6	1090-1095	lungo	
22-7	1096-1097	i	
22-8	1098-1102	muri	
22-9	1103-1106	nei	
22-10	1107-1113	luoghi	
22-11	1114-1119	umidi	
22-12	1119-1120	,	
22-13	1121-1123	ed	
22-14	1124-1127	ove	
22-15	1128-1134	colano	
22-16	1135-1137	le	
22-17	1138-1144	scaffe	
22-18	1144-1145	.	

#Text=A Monfalcone nelle Fosse.
23-1	1146-1147	A	
23-2	1148-1158	Monfalcone	
23-3	1159-1164	nelle	
23-4	1165-1170	Fosse	
23-5	1170-1171	.	

#Text=Perenne.
24-1	1172-1179	Perenne	
24-2	1179-1180	.	

#Text=Pianta astringente, che dà un sugo atto a colorire in nero.
25-1	1182-1188	Pianta	
25-2	1189-1200	astringente	
25-3	1200-1201	,	
25-4	1202-1205	che	
25-5	1206-1208	dà	
25-6	1209-1211	un	
25-7	1212-1216	sugo	
25-8	1217-1221	atto	
25-9	1222-1223	a	
25-10	1224-1232	colorire	
25-11	1233-1235	in	
25-12	1236-1240	nero	
25-13	1240-1241	.	

#Text=Preso in fallo pel Marrubio volgare produsse acerbi dolori.
26-1	1242-1247	Preso	
26-2	1248-1250	in	
26-3	1251-1256	fallo	
26-4	1257-1260	pel	
26-5	1261-1269	Marrubio	
26-6	1270-1277	volgare	
26-7	1278-1286	produsse	
26-8	1287-1293	acerbi	
26-9	1294-1300	dolori	
26-10	1300-1301	.	

#Text=VIII°.
27-1	1307-1311	VIII	
27-2	1311-1312	°	
27-3	1312-1313	.	

#Text=Ramerino.
28-1	1314-1322	Ramerino	
28-2	1322-1323	.	

#Text=Cor. labiata, labbro superiore intiero.
29-1	1324-1327	Cor	
29-2	1327-1328	.	
29-3	1329-1336	labiata	
29-4	1336-1337	,	
29-5	1338-1344	labbro	
29-6	1345-1354	superiore	
29-7	1355-1362	intiero	
29-8	1362-1363	.	

#Text=Stami più lunghi della corolla, e con un dente alla parte.
#Text=
#Text=10a.
30-1	1364-1369	Stami	
30-2	1370-1373	più	
30-3	1374-1380	lunghi	
30-4	1381-1386	della	
30-5	1387-1394	corolla	
30-6	1394-1395	,	
30-7	1396-1397	e	
30-8	1398-1401	con	
30-9	1402-1404	un	
30-10	1405-1410	dente	
30-11	1411-1415	alla	
30-12	1416-1421	parte	
30-13	1421-1422	.	
30-14	1424-1427	10a	
30-15	1427-1428	.	

#Text=Ramerino officinale.
31-1	1429-1437	Ramerino	
31-2	1438-1448	officinale	
31-3	1448-1449	.	

#Text=Foglie opposte, lineari, col bordo ripiegato, sopra verdi, sotto bianche.
32-1	1450-1456	Foglie	
32-2	1457-1464	opposte	
32-3	1464-1465	,	
32-4	1466-1473	lineari	
32-5	1473-1474	,	
32-6	1475-1478	col	
32-7	1479-1484	bordo	
32-8	1485-1494	ripiegato	
32-9	1494-1495	,	
32-10	1496-1501	sopra	
32-11	1502-1507	verdi	
32-12	1507-1508	,	
32-13	1509-1514	sotto	
32-14	1515-1522	bianche	
32-15	1522-1523	.	

#Text=Rosmarinus officinalis.
33-1	1525-1535	Rosmarinus	
33-2	1536-1547	officinalis	
33-3	1547-1548	.	

#Text=It.
34-1	1549-1551	It	
34-2	1551-1552	.	

#Text=Rosmarino.
35-1	1553-1562	Rosmarino	
35-2	1562-1563	.	

#Text=Ver.
36-1	1564-1567	Ver	
36-2	1567-1568	.	

#Text=Osmarin.
37-1	1569-1576	Osmarin	
37-2	1576-1577	.	

#Text=Frutice.
38-1	1578-1585	Frutice	
38-2	1585-1586	.	

#Text=Fiori cerulei.
39-1	1588-1593	Fiori	
39-2	1594-1601	cerulei	
39-3	1601-1602	.	

#Text=Marzo.
40-1	1603-1608	Marzo	
40-2	1608-1609	.	

#Text=Coltivasi negli orti.
41-1	1610-1619	Coltivasi	
41-2	1620-1625	negli	
41-3	1626-1630	orti	
41-4	1630-1631	.	

#Text=Le foglie ed i fiori danno un’oglio volatile d’odore forte, di sapor aromatico calido, che ha facoltà stimolante, antispasmodica, menagoga, stomatica.
42-1	1633-1635	Le	
42-2	1636-1642	foglie	
42-3	1643-1645	ed	
42-4	1646-1647	i	
42-5	1648-1653	fiori	
42-6	1654-1659	danno	
42-7	1660-1662	un	
42-8	1662-1663	’	
42-9	1663-1668	oglio	
42-10	1669-1677	volatile	
42-11	1678-1679	d	
42-12	1679-1680	’	
42-13	1680-1685	odore	
42-14	1686-1691	forte	
42-15	1691-1692	,	
42-16	1693-1695	di	
42-17	1696-1701	sapor	
42-18	1702-1711	aromatico	
42-19	1712-1718	calido	
42-20	1718-1719	,	
42-21	1720-1723	che	
42-22	1724-1726	ha	
42-23	1727-1734	facoltà	
42-24	1735-1745	stimolante	
42-25	1745-1746	,	
42-26	1747-1761	antispasmodica	
42-27	1761-1762	,	
42-28	1763-1771	menagoga	
42-29	1771-1772	,	
42-30	1773-1782	stomatica	
42-31	1782-1783	.	

#Text=Si raccomanda nella dispepsia, clorosi, isterismo, debolezza di nervi.
43-1	1784-1786	Si	
43-2	1787-1797	raccomanda	
43-3	1798-1803	nella	
43-4	1804-1813	dispepsia	
43-5	1813-1814	,	
43-6	1815-1822	clorosi	
43-7	1822-1823	,	
43-8	1824-1833	isterismo	
43-9	1833-1834	,	
43-10	1835-1844	debolezza	
43-11	1845-1847	di	
43-12	1848-1853	nervi	
43-13	1853-1854	.	

#Text=Si fa l’infuso con dram. ss — j in Oa. jx. d’acqua, o di vino, che si beve in tre o quattro volte.
44-1	1855-1857	Si	
44-2	1858-1860	fa	
44-3	1861-1862	l	
44-4	1862-1863	’	
44-5	1863-1869	infuso	
44-6	1870-1873	con	
44-7	1874-1878	dram	
44-8	1878-1879	.	
44-9	1880-1882	ss	
44-10	1883-1884	—	
44-11	1885-1886	j	
44-12	1887-1889	in	
44-13	1890-1892	Oa	
44-14	1892-1893	.	
44-15	1894-1896	jx	
44-16	1896-1897	.	
44-17	1898-1899	d	
44-18	1899-1900	’	
44-19	1900-1905	acqua	
44-20	1905-1906	,	
44-21	1907-1908	o	
44-22	1909-1911	di	
44-23	1912-1916	vino	
44-24	1916-1917	,	
44-25	1918-1921	che	
44-26	1922-1924	si	
44-27	1925-1929	beve	
44-28	1930-1932	in	
44-29	1933-1936	tre	
44-30	1937-1938	o	
44-31	1939-1946	quattro	
44-32	1947-1952	volte	
44-33	1952-1953	.	

#Text=L’acqua distillata dei fiori dicesi volg.
45-1	1954-1955	L	
45-2	1955-1956	’	
45-3	1956-1961	acqua	
45-4	1962-1972	distillata	
45-5	1973-1976	dei	
45-6	1977-1982	fiori	
45-7	1983-1989	dicesi	
45-8	1990-1994	volg	
45-9	1994-1995	.	

#Text=Acqua della Regina d’Ungheria.
46-1	1996-2001	Acqua	
46-2	2002-2007	della	
46-3	2008-2014	Regina	
46-4	2015-2016	d	
46-5	2016-2017	’	
46-6	2017-2025	Ungheria	
46-7	2025-2026	.	

#Text=IX°.
47-1	2032-2034	IX	
47-2	2034-2035	°	
47-3	2035-2036	.	

#Text=Salvia.
48-1	2037-2043	Salvia	
48-2	2043-2044	.	

#Text=Cor. labiata.
49-1	2045-2048	Cor	
49-2	2048-2049	.	
49-3	2050-2057	labiata	
49-4	2057-2058	.	

#Text=Filamenti attaccati trasversalmente ad un gambetto.
#Text=
#Text=11a.
50-1	2059-2068	Filamenti	
50-2	2069-2078	attaccati	
50-3	2079-2094	trasversalmente	
50-4	2095-2097	ad	
50-5	2098-2100	un	
50-6	2101-2109	gambetto	
50-7	2109-2110	.	
50-8	2112-2115	11a	
50-9	2115-2116	.	

#Text=S. officinale.
51-1	2117-2118	S	
51-2	2118-2119	.	
51-3	2120-2130	officinale	
51-4	2130-2131	.	

#Text=Foglie lanciolate — ovate, rugose, con dentini ottusi nel contorno.
52-1	2132-2138	Foglie	
52-2	2139-2149	lanciolate	
52-3	2150-2151	—	
52-4	2152-2157	ovate	
52-5	2157-2158	,	
52-6	2159-2165	rugose	
52-7	2165-2166	,	
52-8	2167-2170	con	
52-9	2171-2178	dentini	
52-10	2179-2185	ottusi	
52-11	2186-2189	nel	
52-12	2190-2198	contorno	
52-13	2198-2199	.	

#Text=Frutice.
53-1	2200-2207	Frutice	
53-2	2207-2208	.	

#Text=Salvia officinalis.
54-1	2210-2216	Salvia	
54-2	2217-2228	officinalis	
54-3	2228-2229	.	

#Text=It.
55-1	2230-2232	It	
55-2	2232-2233	.	

#Text=Salvia comune.
56-1	2234-2240	Salvia	
56-2	2241-2247	comune	
56-3	2247-2248	.	

#Text=S. va uccelli.
57-1	2249-2250	S	
57-2	2250-2251	.	
57-3	2252-2254	va	
57-4	2255-2262	uccelli	
57-5	2262-2263	.	

#Text=Ver.
58-1	2264-2267	Ver	
58-2	2267-2268	.	

#Text=Salbia.
59-1	2269-2275	Salbia	
59-2	2275-2276	.	

#Text=Fiori cerulei rosseggianti da Maggio a Luglio.
60-1	2278-2283	Fiori	
60-2	2284-2291	cerulei	
60-3	2292-2304	rosseggianti	
60-4	2305-2307	da	
60-5	2308-2314	Maggio	
60-6	2315-2316	a	
60-7	2317-2323	Luglio	
60-8	2323-2324	.	

#Text=Si coltiva negli orti.
61-1	2325-2327	Si	
61-2	2328-2335	coltiva	
61-3	2336-2341	negli	
61-4	2342-2346	orti	
61-5	2346-2347	.	

#Text=Spontanea sui monti nei contorni di Sistiana verso il mare.
62-1	2348-2357	Spontanea	
62-2	2358-2361	sui	
62-3	2362-2367	monti	
62-4	2368-2371	nei	
62-5	2372-2380	contorni	
62-6	2381-2383	di	
62-7	2384-2392	Sistiana	
62-8	2393-2398	verso	
62-9	2399-2401	il	
62-10	2402-2406	mare	
62-11	2406-2407	.	

#Text=Le foglie contengono un’oglio volatile, ed un principio astringente estrattivo, di sapor amaretto alquanto stittico.
63-1	2409-2411	Le	
63-2	2412-2418	foglie	
63-3	2419-2429	contengono	
63-4	2430-2432	un	
63-5	2432-2433	’	
63-6	2433-2438	oglio	
63-7	2439-2447	volatile	
63-8	2447-2448	,	
63-9	2449-2451	ed	
63-10	2452-2454	un	
63-11	2455-2464	principio	
63-12	2465-2476	astringente	
63-13	2477-2487	estrattivo	
63-14	2487-2488	,	
63-15	2489-2491	di	
63-16	2492-2497	sapor	
63-17	2498-2506	amaretto	
63-18	2507-2515	alquanto	
63-19	2516-2524	stittico	
63-20	2524-2525	.	

#Text=Si raccomanda come nervina, stomatica, menagoga, e se ne fa infuso con dram. ij - jv. in lib. j d’acqua, che si và bevendo a poco a poco.
64-1	2527-2529	Si	
64-2	2530-2540	raccomanda	
64-3	2541-2545	come	
64-4	2546-2553	nervina	
64-5	2553-2554	,	
64-6	2555-2564	stomatica	
64-7	2564-2565	,	
64-8	2566-2574	menagoga	
64-9	2574-2575	,	
64-10	2576-2577	e	
64-11	2578-2580	se	
64-12	2581-2583	ne	
64-13	2584-2586	fa	
64-14	2587-2593	infuso	
64-15	2594-2597	con	
64-16	2598-2602	dram	
64-17	2602-2603	.	
64-18	2604-2606	ij	
64-19	2607-2608	-	
64-20	2609-2611	jv	
64-21	2611-2612	.	
64-22	2613-2615	in	
64-23	2616-2619	lib	
64-24	2619-2620	.	
64-25	2621-2622	j	
64-26	2623-2624	d	
64-27	2624-2625	’	
64-28	2625-2630	acqua	
64-29	2630-2631	,	
64-30	2632-2635	che	
64-31	2636-2638	si	
64-32	2639-2641	và	
64-33	2642-2649	bevendo	
64-34	2650-2651	a	
64-35	2652-2656	poco	
64-36	2657-2658	a	
64-37	2659-2663	poco	
64-38	2663-2664	.	

#Text=Esternamente si usa per fomenti corroboranti, e per gargarismi nella rilassatezza delle gingive.
65-1	2665-2677	Esternamente	
65-2	2678-2680	si	
65-3	2681-2684	usa	
65-4	2685-2688	per	
65-5	2689-2696	fomenti	
65-6	2697-2709	corroboranti	
65-7	2709-2710	,	
65-8	2711-2712	e	
65-9	2713-2716	per	
65-10	2717-2727	gargarismi	
65-11	2728-2733	nella	
65-12	2734-2746	rilassatezza	
65-13	2747-2752	delle	
65-14	2753-2760	gingive	
65-15	2760-2761	.	

#Text=Osserv.
66-1	2763-2769	Osserv	
66-2	2769-2770	.	

#Text=La Salvia pratajuola Ver.
67-1	2771-2773	La	
67-2	2774-2780	Salvia	
67-3	2781-2791	pratajuola	
67-4	2792-2795	Ver	
67-5	2795-2796	.	

#Text=Salbia salvadega, che da taluni è creduta più efficace, ha le foglie poco odorose e deve ritenersi per meno attiva.
68-1	2797-2803	Salbia	
68-2	2804-2813	salvadega	
68-3	2813-2814	,	
68-4	2815-2818	che	
68-5	2819-2821	da	
68-6	2822-2828	taluni	
68-7	2829-2830	è	
68-8	2831-2838	creduta	
68-9	2839-2842	più	
68-10	2843-2851	efficace	
68-11	2851-2852	,	
68-12	2853-2855	ha	
68-13	2856-2858	le	
68-14	2859-2865	foglie	
68-15	2866-2870	poco	
68-16	2871-2878	odorose	
68-17	2879-2880	e	
68-18	2881-2885	deve	
68-19	2886-2895	ritenersi	
68-20	2896-2899	per	
68-21	2900-2904	meno	
68-22	2905-2911	attiva	
68-23	2911-2912	.	

#Text=Ordine II°.
69-1	2918-2924	Ordine	
69-2	2925-2927	II	
69-3	2927-2928	°	
69-4	2928-2929	.	

#Text=Diginia.
70-1	2930-2937	Diginia	
70-2	2937-2938	.	

#Text=Due Pistilli.
71-1	2939-2942	Due	
71-2	2943-2951	Pistilli	
71-3	2951-2952	.	

#Text=X°.
72-1	2958-2959	X	
72-2	2959-2960	°	
72-3	2960-2961	.	

#Text=Antossanto.
73-1	2962-2972	Antossanto	
73-2	2972-2973	.	

#Text=Glume di un sol fiore.
74-1	2974-2979	Glume	
74-2	2980-2982	di	
74-3	2983-2985	un	
74-4	2986-2989	sol	
74-5	2990-2995	fiore	
74-6	2995-2996	.	

#Text=Cor. di due glume appuntate contenenti un sol fiore ed un sol seme.
#Text=
#Text=12a A. odoroso.
75-1	2997-3000	Cor	
75-2	3000-3001	.	
75-3	3002-3004	di	
75-4	3005-3008	due	
75-5	3009-3014	glume	
75-6	3015-3024	appuntate	
75-7	3025-3035	contenenti	
75-8	3036-3038	un	
75-9	3039-3042	sol	
75-10	3043-3048	fiore	
75-11	3049-3051	ed	
75-12	3052-3054	un	
75-13	3055-3058	sol	
75-14	3059-3063	seme	
75-15	3063-3064	.	
75-16	3066-3069	12a	
75-17	3070-3071	A	
75-18	3071-3072	.	
75-19	3073-3080	odoroso	
75-20	3080-3081	.	

#Text=Spighe ovate cilindriche.
76-1	3082-3088	Spighe	
76-2	3089-3094	ovate	
76-3	3095-3106	cilindriche	
76-4	3106-3107	.	

#Text=Fiori con piccolissimo gambo, e con la resta più corta di essi.
77-1	3109-3114	Fiori	
77-2	3115-3118	con	
77-3	3119-3131	piccolissimo	
77-4	3132-3137	gambo	
77-5	3137-3138	,	
77-6	3139-3140	e	
77-7	3141-3144	con	
77-8	3145-3147	la	
77-9	3148-3153	resta	
77-10	3154-3157	più	
77-11	3158-3163	corta	
77-12	3164-3166	di	
77-13	3167-3171	essi	
77-14	3171-3172	.	

#Text=Anthoxanthum odoratum.
78-1	3174-3186	Anthoxanthum	
78-2	3187-3195	odoratum	
78-3	3195-3196	.	

#Text=It.
79-1	3197-3199	It	
79-2	3199-3200	.	

#Text=Paleino.
80-1	3201-3208	Paleino	
80-2	3208-3209	.	

#Text=Fiori glumacei.
81-1	3211-3216	Fiori	
81-2	3217-3225	glumacei	
81-3	3225-3226	.	

#Text=Marzo a Maggio, nei prati, e nei pascoli.
82-1	3227-3232	Marzo	
82-2	3233-3234	a	
82-3	3235-3241	Maggio	
82-4	3241-3242	,	
82-5	3243-3246	nei	
82-6	3247-3252	prati	
82-7	3252-3253	,	
82-8	3254-3255	e	
82-9	3256-3259	nei	
82-10	3260-3267	pascoli	
82-11	3267-3268	.	

#Text=Perenne.
83-1	3269-3276	Perenne	
83-2	3276-3277	.	

#Text=Questa gramigna, la sola odorosa del nostro paese, seccata specialmente, sparge un grave odore, che comunica al fieno.
84-1	3279-3285	Questa	
84-2	3286-3294	gramigna	
84-3	3294-3295	,	
84-4	3296-3298	la	
84-5	3299-3303	sola	
84-6	3304-3311	odorosa	
84-7	3312-3315	del	
84-8	3316-3322	nostro	
84-9	3323-3328	paese	
84-10	3328-3329	,	
84-11	3330-3337	seccata	
84-12	3338-3350	specialmente	
84-13	3350-3351	,	
84-14	3352-3358	sparge	
84-15	3359-3361	un	
84-16	3362-3367	grave	
84-17	3368-3373	odore	
84-18	3373-3374	,	
84-19	3375-3378	che	
84-20	3379-3387	comunica	
84-21	3388-3390	al	
84-22	3391-3396	fieno	
84-23	3396-3397	.	

#Text=Somministra un’eccellente pastura.
85-1	3398-3409	Somministra	
85-2	3410-3412	un	
85-3	3412-3413	’	
85-4	3413-3423	eccellente	
85-5	3424-3431	pastura	
85-6	3431-3432	.	

#Text=Classe IIIa.
86-1	3438-3444	Classe	
86-2	3445-3449	IIIa	
86-3	3449-3450	.	

#Text=Triandria. 3 Stami.
87-1	3451-3460	Triandria	
87-2	3460-3461	.	
87-3	3462-3463	3	
87-4	3464-3469	Stami	
87-5	3469-3470	.	

#Text=Or.I.
88-1	3476-3480	Or.I	
88-2	3480-3481	.	

#Text=Monoginia.
89-1	3482-3491	Monoginia	
89-2	3491-3492	.	

#Text=Un sol Pistillo.
90-1	3493-3495	Un	
90-2	3496-3499	sol	
90-3	3500-3508	Pistillo	
90-4	3508-3509	.	

#Text=XI°.
91-1	3515-3517	XI	
91-2	3517-3518	°	
91-3	3518-3519	.	

#Text=Valeriana.
92-1	3520-3529	Valeriana	
92-2	3529-3530	.	

#Text=Nessun calice.
93-1	3531-3537	Nessun	
93-2	3538-3544	calice	
93-3	3544-3545	.	

#Text=Cor. monopetala posta sopra il frutto ch’è un seme coronato o papposo.
#Text=
#Text=13a V. officinale.
94-1	3546-3549	Cor	
94-2	3549-3550	.	
94-3	3551-3561	monopetala	
94-4	3562-3567	posta	
94-5	3568-3573	sopra	
94-6	3574-3576	il	
94-7	3577-3583	frutto	
94-8	3584-3586	ch	
94-9	3586-3587	’	
94-10	3587-3588	è	
94-11	3589-3591	un	
94-12	3592-3596	seme	
94-13	3597-3605	coronato	
94-14	3606-3607	o	
94-15	3608-3615	papposo	
94-16	3615-3616	.	
94-17	3618-3621	13a	
94-18	3622-3623	V	
94-19	3623-3624	.	
94-20	3625-3635	officinale	
94-21	3635-3636	.	

#Text=Foglie tutte pennato-fesse, seghettate.
95-1	3637-3643	Foglie	
95-2	3644-3649	tutte	
95-3	3650-3663	pennato-fesse	
95-4	3663-3664	,	
95-5	3665-3675	seghettate	
95-6	3675-3676	.	

#Text=Fusto striato.
96-1	3677-3682	Fusto	
96-2	3683-3690	striato	
96-3	3690-3691	.	

#Text=Perenne.
97-1	3692-3699	Perenne	
97-2	3699-3700	.	

#Text=Valeriana officinalis.
98-1	3702-3711	Valeriana	
98-2	3712-3723	officinalis	
98-3	3723-3724	.	

#Text=Valeriana silvestre o minore It. ed off.
99-1	3725-3734	Valeriana	
99-2	3735-3744	silvestre	
99-3	3745-3746	o	
99-4	3747-3753	minore	
99-5	3754-3756	It	
99-6	3756-3757	.	
99-7	3758-3760	ed	
99-8	3761-3764	off	
99-9	3764-3765	.	

#Text=Fiori bianchi o leggiermente incarnati.
100-1	3767-3772	Fiori	
100-2	3773-3780	bianchi	
100-3	3781-3782	o	
100-4	3783-3795	leggiermente	
100-5	3796-3805	incarnati	
100-6	3805-3806	.	

#Text=Mago Giuo nei prati palu- dosi in vicinanza alle acque.
101-1	3807-3811	Mago	
101-2	3812-3816	Giuo	
101-3	3817-3820	nei	
101-4	3821-3826	prati	
101-5	3827-3831	palu	
101-6	3831-3832	-	
101-7	3833-3837	dosi	
101-8	3838-3840	in	
101-9	3841-3850	vicinanza	
101-10	3851-3855	alle	
101-11	3856-3861	acque	
101-12	3861-3862	.	

#Text=Perenne.
102-1	3863-3870	Perenne	
102-2	3870-3871	.	

#Text=La radice contiene un’olio volatile, ha odore ircino, grato ai gatti; è di sapore amaretto, aromatico, ed un’eccellente antispasmodico, narcotico, antelmintico, menagogo.
103-1	3873-3875	La	
103-2	3876-3882	radice	
103-3	3883-3891	contiene	
103-4	3892-3894	un	
103-5	3894-3895	’	
103-6	3895-3899	olio	
103-7	3900-3908	volatile	
103-8	3908-3909	,	
103-9	3910-3912	ha	
103-10	3913-3918	odore	
103-11	3919-3925	ircino	
103-12	3925-3926	,	
103-13	3927-3932	grato	
103-14	3933-3935	ai	
103-15	3936-3941	gatti	
103-16	3941-3942	;	
103-17	3943-3944	è	
103-18	3945-3947	di	
103-19	3948-3954	sapore	
103-20	3955-3963	amaretto	
103-21	3963-3964	,	
103-22	3965-3974	aromatico	
103-23	3974-3975	,	
103-24	3976-3978	ed	
103-25	3979-3981	un	
103-26	3981-3982	’	
103-27	3982-3992	eccellente	
103-28	3993-4007	antispasmodico	
103-29	4007-4008	,	
103-30	4009-4018	narcotico	
103-31	4018-4019	,	
103-32	4020-4032	antelmintico	
103-33	4032-4033	,	
103-34	4034-4042	menagogo	
103-35	4042-4043	.	

#Text=Si raccomanda nell’epilessia, isterismo, convulsioni, ipocondria, emicrania, amaurosi incipiente, amenorrea, contro i vermi et La dose della polvere è di gr.
104-1	4044-4046	Si	
104-2	4047-4057	raccomanda	
104-3	4058-4062	nell	
104-4	4062-4063	’	
104-5	4063-4072	epilessia	
104-6	4072-4073	,	
104-7	4074-4083	isterismo	
104-8	4083-4084	,	
104-9	4085-4096	convulsioni	
104-10	4096-4097	,	
104-11	4098-4108	ipocondria	
104-12	4108-4109	,	
104-13	4110-4119	emicrania	
104-14	4119-4120	,	
104-15	4121-4129	amaurosi	
104-16	4130-4140	incipiente	
104-17	4140-4141	,	
104-18	4142-4151	amenorrea	
104-19	4151-4152	,	
104-20	4153-4159	contro	
104-21	4160-4161	i	
104-22	4162-4167	vermi	
104-23	4168-4170	et	
104-24	4171-4173	La	
104-25	4174-4178	dose	
104-26	4179-4184	della	
104-27	4185-4192	polvere	
104-28	4193-4194	è	
104-29	4195-4197	di	
104-30	4198-4200	gr	
104-31	4200-4201	.	

#Text=XX — XXX. due, tre e quattro volte al giorno.
105-1	4202-4204	XX	
105-2	4205-4206	—	
105-3	4207-4210	XXX	
105-4	4210-4211	.	
105-5	4212-4215	due	
105-6	4215-4216	,	
105-7	4217-4220	tre	
105-8	4221-4222	e	
105-9	4223-4230	quattro	
105-10	4231-4236	volte	
105-11	4237-4239	al	
105-12	4240-4246	giorno	
105-13	4246-4247	.	

#Text=Si fà infuso con Oe. ss — j di radice in lib. j d’acqua.
106-1	4248-4250	Si	
106-2	4251-4253	fà	
106-3	4254-4260	infuso	
106-4	4261-4264	con	
106-5	4265-4267	Oe	
106-6	4267-4268	.	
106-7	4269-4271	ss	
106-8	4272-4273	—	
106-9	4274-4275	j	
106-10	4276-4278	di	
106-11	4279-4285	radice	
106-12	4286-4288	in	
106-13	4289-4292	lib	
106-14	4292-4293	.	
106-15	4294-4295	j	
106-16	4296-4297	d	
106-17	4297-4298	’	
106-18	4298-4303	acqua	
106-19	4303-4304	.	

#Text=La dose della tintura è d’Oe. ss — j.
107-1	4305-4307	La	
107-2	4308-4312	dose	
107-3	4313-4318	della	
107-4	4319-4326	tintura	
107-5	4327-4328	è	
107-6	4329-4330	d	
107-7	4330-4331	’	
107-8	4331-4333	Oe	
107-9	4333-4334	.	
107-10	4335-4337	ss	
107-11	4338-4339	—	
107-12	4340-4341	j	
107-13	4341-4342	.	

#Text=Alcuni medici italiani di buona riputazione mettono la radice di Valeriana tra i rimedi deprimenti o controstimolanti.
#Text=
#Text=14a.
108-1	4343-4349	Alcuni	
108-2	4350-4356	medici	
108-3	4357-4365	italiani	
108-4	4366-4368	di	
108-5	4369-4374	buona	
108-6	4375-4386	riputazione	
108-7	4387-4394	mettono	
108-8	4395-4397	la	
108-9	4398-4404	radice	
108-10	4405-4407	di	
108-11	4408-4417	Valeriana	
108-12	4418-4421	tra	
108-13	4422-4423	i	
108-14	4424-4430	rimedi	
108-15	4431-4441	deprimenti	
108-16	4442-4443	o	
108-17	4444-4460	controstimolanti	
108-18	4460-4461	.	
108-19	4463-4466	14a	
108-20	4466-4467	.	

#Text=V. locusta. a.
109-1	4468-4469	V	
109-2	4469-4470	.	
109-3	4471-4478	locusta	
109-4	4478-4479	.	
109-5	4480-4481	a	
109-6	4481-4482	.	

#Text=Coltivata.
110-1	4483-4492	Coltivata	
110-2	4492-4493	.	

#Text=Frutto dicotomo, foglie bislunghe, seme semplice nudo.
111-1	4494-4500	Frutto	
111-2	4501-4509	dicotomo	
111-3	4509-4510	,	
111-4	4511-4517	foglie	
111-5	4518-4527	bislunghe	
111-6	4527-4528	,	
111-7	4529-4533	seme	
111-8	4534-4542	semplice	
111-9	4543-4547	nudo	
111-10	4547-4548	.	

#Text=Valeriana locusta a olitoria.
112-1	4550-4559	Valeriana	
112-2	4560-4567	locusta	
112-3	4568-4569	a	
112-4	4570-4578	olitoria	
112-5	4578-4579	.	

#Text=It.
113-1	4580-4582	It	
113-2	4582-4583	.	

#Text=Gallinella, Cecerello, Dolcetta, Dolce mangiare, Erba riccia.
114-1	4584-4594	Gallinella	
114-2	4594-4595	,	
114-3	4596-4605	Cecerello	
114-4	4605-4606	,	
114-5	4607-4615	Dolcetta	
114-6	4615-4616	,	
114-7	4617-4622	Dolce	
114-8	4623-4631	mangiare	
114-9	4631-4632	,	
114-10	4633-4637	Erba	
114-11	4638-4644	riccia	
114-12	4644-4645	.	

#Text=Ver.
115-1	4646-4649	Ver	
115-2	4649-4650	.	

#Text=Galinela.
116-1	4651-4659	Galinela	
116-2	4659-4660	.	

#Text=Fiori celestognoli.
117-1	4662-4667	Fiori	
117-2	4668-4680	celestognoli	
117-3	4680-4681	.	

#Text=Aprile, Maggio.
118-1	4682-4688	Aprile	
118-2	4688-4689	,	
118-3	4690-4696	Maggio	
118-4	4696-4697	.	

#Text=Nei campi tra le biade.
119-1	4698-4701	Nei	
119-2	4702-4707	campi	
119-3	4708-4711	tra	
119-4	4712-4714	le	
119-5	4715-4720	biade	
119-6	4720-4721	.	

#Text=Annua.
120-1	4722-4727	Annua	
120-2	4727-4728	.	

#Text=L’erba tenera somministra un grato cibo in insalata la Quaresima.
121-1	4729-4730	L	
121-2	4730-4731	’	
121-3	4731-4735	erba	
121-4	4736-4742	tenera	
121-5	4743-4754	somministra	
121-6	4755-4757	un	
121-7	4758-4763	grato	
121-8	4764-4768	cibo	
121-9	4769-4771	in	
121-10	4772-4780	insalata	
121-11	4781-4783	la	
121-12	4784-4793	Quaresima	
121-13	4793-4794	.	

#Text=Osserv.
122-1	4796-4802	Osserv	
122-2	4802-4803	.	

#Text=Qualche anno serve di risorsa alla popolazione col commercio, che se ne fà a Trieste.
123-1	4804-4811	Qualche	
123-2	4812-4816	anno	
123-3	4817-4822	serve	
123-4	4823-4825	di	
123-5	4826-4833	risorsa	
123-6	4834-4838	alla	
123-7	4839-4850	popolazione	
123-8	4851-4854	col	
123-9	4855-4864	commercio	
123-10	4864-4865	,	
123-11	4866-4869	che	
123-12	4870-4872	se	
123-13	4873-4875	ne	
123-14	4876-4878	fà	
123-15	4879-4880	a	
123-16	4881-4888	Trieste	
123-17	4888-4889	.	

#Text=XII°.
124-1	4895-4898	XII	
124-2	4898-4899	°	
124-3	4899-4900	.	

#Text=Iride.
125-1	4901-4906	Iride	
125-2	4906-4907	.	

#Text=Cor. divisa in 6 parti, di cui tre alternativamente rivolte all’in giù, ed elevate.
126-1	4908-4911	Cor	
126-2	4911-4912	.	
126-3	4913-4919	divisa	
126-4	4920-4922	in	
126-5	4923-4924	6	
126-6	4925-4930	parti	
126-7	4930-4931	,	
126-8	4932-4934	di	
126-9	4935-4938	cui	
126-10	4939-4942	tre	
126-11	4943-4959	alternativamente	
126-12	4960-4967	rivolte	
126-13	4968-4971	all	
126-14	4971-4972	’	
126-15	4972-4974	in	
126-16	4975-4978	giù	
126-17	4978-4979	,	
126-18	4980-4982	ed	
126-19	4983-4990	elevate	
126-20	4990-4991	.	

#Text=Stimmi in forma di petali che coprono gli stami.
#Text=
#Text=15a.
127-1	4992-4998	Stimmi	
127-2	4999-5001	in	
127-3	5002-5007	forma	
127-4	5008-5010	di	
127-5	5011-5017	petali	
127-6	5018-5021	che	
127-7	5022-5029	coprono	
127-8	5030-5033	gli	
127-9	5034-5039	stami	
127-10	5039-5040	.	
127-11	5042-5045	15a	
127-12	5045-5046	.	

#Text=I. germanica.
128-1	5047-5048	I	
128-2	5048-5049	.	
128-3	5050-5059	germanica	
128-4	5059-5060	.	

#Text=Fiori barbuti.
129-1	5061-5066	Fiori	
129-2	5067-5074	barbuti	
129-3	5074-5075	.	

#Text=Fusto moltifloro più alto delle foglie spadiformi.
130-1	5076-5081	Fusto	
130-2	5082-5092	moltifloro	
130-3	5093-5096	più	
130-4	5097-5101	alto	
130-5	5102-5107	delle	
130-6	5108-5114	foglie	
130-7	5115-5125	spadiformi	
130-8	5125-5126	.	

#Text=Iris germanica.
131-1	5128-5132	Iris	
131-2	5133-5142	germanica	
131-3	5142-5143	.	

#Text=It.
132-1	5144-5146	It	
132-2	5146-5147	.	

#Text=Giaggiolo.
133-1	5148-5157	Giaggiolo	
133-2	5157-5158	.	

#Text=Iride pavonazza.
134-1	5159-5164	Iride	
134-2	5165-5174	pavonazza	
134-3	5174-5175	.	

#Text=Giglio pavonazzo.
135-1	5176-5182	Giglio	
135-2	5183-5192	pavonazzo	
135-3	5192-5193	.	

#Text=Ver.
136-1	5194-5197	Ver	
136-2	5197-5198	.	

#Text=Zio paonazzo.
137-1	5199-5202	Zio	
137-2	5203-5211	paonazzo	
137-3	5211-5212	.	

#Text=Off.
138-1	5213-5216	Off	
138-2	5216-5217	.	

#Text=Ireos, Irios.
139-1	5218-5223	Ireos	
139-2	5223-5224	,	
139-3	5225-5230	Irios	
139-4	5230-5231	.	

#Text=Fiori ceruleo — violetti.
140-1	5233-5238	Fiori	
140-2	5239-5246	ceruleo	
140-3	5247-5248	—	
140-4	5249-5257	violetti	
140-5	5257-5258	.	

#Text=Maggio.
141-1	5259-5265	Maggio	
141-2	5265-5266	.	

#Text=Sui muri vecchj, sulle colline, sui margini dei campi.
142-1	5267-5270	Sui	
142-2	5271-5275	muri	
142-3	5276-5282	vecchj	
142-4	5282-5283	,	
142-5	5284-5289	sulle	
142-6	5290-5297	colline	
142-7	5297-5298	,	
142-8	5299-5302	sui	
142-9	5303-5310	margini	
142-10	5311-5314	dei	
142-11	5315-5320	campi	
142-12	5320-5321	.	

#Text=Perenne.
143-1	5322-5329	Perenne	
143-2	5329-5330	.	

#Text=Radice d’odor fragrante di viola odorata, acre e corrosiva, si crede espettorante, diuretica, errinna.
144-1	5332-5338	Radice	
144-2	5339-5340	d	
144-3	5340-5341	’	
144-4	5341-5345	odor	
144-5	5346-5355	fragrante	
144-6	5356-5358	di	
144-7	5359-5364	viola	
144-8	5365-5372	odorata	
144-9	5372-5373	,	
144-10	5374-5378	acre	
144-11	5379-5380	e	
144-12	5381-5390	corrosiva	
144-13	5390-5391	,	
144-14	5392-5394	si	
144-15	5395-5400	crede	
144-16	5401-5413	espettorante	
144-17	5413-5414	,	
144-18	5415-5424	diuretica	
144-19	5424-5425	,	
144-20	5426-5433	errinna	
144-21	5433-5434	.	

#Text=I fiori pesti misti colla calce danno un bellissimo color verde.
#Text=
#Text=16a.
145-1	5435-5436	I	
145-2	5437-5442	fiori	
145-3	5443-5448	pesti	
145-4	5449-5454	misti	
145-5	5455-5460	colla	
145-6	5461-5466	calce	
145-7	5467-5472	danno	
145-8	5473-5475	un	
145-9	5476-5486	bellissimo	
145-10	5487-5492	color	
145-11	5493-5498	verde	
145-12	5498-5499	.	
145-13	5501-5504	16a	
145-14	5504-5505	.	

#Text=I. pseudoacoro.
146-1	5506-5507	I	
146-2	5507-5508	.	
146-3	5509-5520	pseudoacoro	
146-4	5520-5521	.	

#Text=Fiori imberbi, divisioni alternativamente più piccole dello stimma.
147-1	5522-5527	Fiori	
147-2	5528-5535	imberbi	
147-3	5535-5536	,	
147-4	5537-5546	divisioni	
147-5	5547-5563	alternativamente	
147-6	5564-5567	più	
147-7	5568-5575	piccole	
147-8	5576-5581	dello	
147-9	5582-5588	stimma	
147-10	5588-5589	.	

#Text=Foglie spadiformi affilate.
148-1	5590-5596	Foglie	
148-2	5597-5607	spadiformi	
148-3	5608-5616	affilate	
148-4	5616-5617	.	

#Text=Acoro falso.
149-1	5618-5623	Acoro	
149-2	5624-5629	falso	
149-3	5629-5630	.	

#Text=Iride gialla.
150-1	5631-5636	Iride	
150-2	5637-5643	gialla	
150-3	5643-5644	.	

#Text=Zio zalo.
151-1	5645-5648	Zio	
151-2	5649-5653	zalo	
151-3	5653-5654	.	

#Text=Fiori gialli.
152-1	5656-5661	Fiori	
152-2	5662-5668	gialli	
152-3	5668-5669	.	

#Text=Maggio, Giugno.
153-1	5670-5676	Maggio	
153-2	5676-5677	,	
153-3	5678-5684	Giugno	
153-4	5684-5685	.	

#Text=Comune nei fossi, e lungo le rive dei fiumi.
154-1	5686-5692	Comune	
154-2	5693-5696	nei	
154-3	5697-5702	fossi	
154-4	5702-5703	,	
154-5	5704-5705	e	
154-6	5706-5711	lungo	
154-7	5712-5714	le	
154-8	5715-5719	rive	
154-9	5720-5723	dei	
154-10	5724-5729	fiumi	
154-11	5729-5730	.	

#Text=Perenne.
155-1	5731-5738	Perenne	
155-2	5738-5739	.	

#Text=Radice di sapor acre, bruciante, astringente.
156-1	5741-5747	Radice	
156-2	5748-5750	di	
156-3	5751-5756	sapor	
156-4	5757-5761	acre	
156-5	5761-5762	,	
156-6	5763-5772	bruciante	
156-7	5772-5773	,	
156-8	5774-5785	astringente	
156-9	5785-5786	.	

#Text=È proposta come purgante, idragoga nell’idrope.
157-1	5787-5788	È	
157-2	5789-5797	proposta	
157-3	5798-5802	come	
157-4	5803-5811	purgante	
157-5	5811-5812	,	
157-6	5813-5821	idragoga	
157-7	5822-5826	nell	
157-8	5826-5827	’	
157-9	5827-5833	idrope	
157-10	5833-5834	.	

#Text=Adoprasi da due ad otto goccie di sugo per volta.
158-1	5835-5843	Adoprasi	
158-2	5844-5846	da	
158-3	5847-5850	due	
158-4	5851-5853	ad	
158-5	5854-5858	otto	
158-6	5859-5865	goccie	
158-7	5866-5868	di	
158-8	5869-5873	sugo	
158-9	5874-5877	per	
158-10	5878-5883	volta	
158-11	5883-5884	.	

#Text=XIII°.
159-1	5890-5894	XIII	
159-2	5894-5895	°	
159-3	5895-5896	.	

#Text=Cipero.
160-1	5897-5903	Cipero	
160-2	5903-5904	.	

#Text=Glume florali paleacee, embricate per due parti; nessuna corolla, un solo seme nudo.
#Text=
#Text=17a.
161-1	5905-5910	Glume	
161-2	5911-5918	florali	
161-3	5919-5927	paleacee	
161-4	5927-5928	,	
161-5	5929-5938	embricate	
161-6	5939-5942	per	
161-7	5943-5946	due	
161-8	5947-5952	parti	
161-9	5952-5953	;	
161-10	5954-5961	nessuna	
161-11	5962-5969	corolla	
161-12	5969-5970	,	
161-13	5971-5973	un	
161-14	5974-5978	solo	
161-15	5979-5983	seme	
161-16	5984-5988	nudo	
161-17	5988-5989	.	
161-18	5991-5994	17a	
161-19	5994-5995	.	

#Text=C. longo.
162-1	5996-5997	C	
162-2	5997-5998	.	
162-3	5999-6004	longo	
162-4	6004-6005	.	

#Text=Culmo con tre angoli terminante in ombrella sopraddecomposta, circondata da foglie, i peduncoli nudi, spiche alterne.
163-1	6006-6011	Culmo	
163-2	6012-6015	con	
163-3	6016-6019	tre	
163-4	6020-6026	angoli	
163-5	6027-6037	terminante	
163-6	6038-6040	in	
163-7	6041-6049	ombrella	
163-8	6050-6066	sopraddecomposta	
163-9	6066-6067	,	
163-10	6068-6078	circondata	
163-11	6079-6081	da	
163-12	6082-6088	foglie	
163-13	6088-6089	,	
163-14	6090-6091	i	
163-15	6092-6101	peduncoli	
163-16	6102-6106	nudi	
163-17	6106-6107	,	
163-18	6108-6114	spiche	
163-19	6115-6122	alterne	
163-20	6122-6123	.	

#Text=Cyperus longus.
164-1	6125-6132	Cyperus	
164-2	6133-6139	longus	
164-3	6139-6140	.	

#Text=Cipero dorato.
165-1	6141-6147	Cipero	
165-2	6148-6154	dorato	
165-3	6154-6155	.	

#Text=Cunzia.
166-1	6156-6162	Cunzia	
166-2	6162-6163	.	

#Text=Ver.
167-1	6164-6167	Ver	
167-2	6167-6168	.	

#Text=Quadrel.
168-1	6169-6176	Quadrel	
168-2	6176-6177	.	

#Text=Fiori glumacei ferrugineo — porporescenti.
169-1	6179-6184	Fiori	
169-2	6185-6193	glumacei	
169-3	6194-6204	ferrugineo	
169-4	6205-6206	—	
169-5	6207-6220	porporescenti	
169-6	6220-6221	.	

#Text=Luglio, Agosto, nei luoghi paludosi di tutto il Territorio.
170-1	6222-6228	Luglio	
170-2	6228-6229	,	
170-3	6230-6236	Agosto	
170-4	6236-6237	,	
170-5	6238-6241	nei	
170-6	6242-6248	luoghi	
170-7	6249-6257	paludosi	
170-8	6258-6260	di	
170-9	6261-6266	tutto	
170-10	6267-6269	il	
170-11	6270-6280	Territorio	
170-12	6280-6281	.	

#Text=Perenne.
171-1	6282-6289	Perenne	
171-2	6289-6290	.	

#Text=La radice odorosa fu usata come stomatica, menagoga, si masticava(?)
172-1	6292-6294	La	
172-2	6295-6301	radice	
172-3	6302-6309	odorosa	
172-4	6310-6312	fu	
172-5	6313-6318	usata	
172-6	6319-6323	come	
172-7	6324-6333	stomatica	
172-8	6333-6334	,	
172-9	6335-6343	menagoga	
172-10	6343-6344	,	
172-11	6345-6347	si	
172-12	6348-6357	masticava	
172-13	6357-6358	(	
172-14	6358-6359	?	
172-15	6359-6360	)	

#Text=da chi aveva ulcere nella bocca, o denti guasti, per corroborare le gingive e correggere il cattivo odore.
173-1	6361-6363	da	
173-2	6364-6367	chi	
173-3	6368-6373	aveva	
173-4	6374-6380	ulcere	
173-5	6381-6386	nella	
173-6	6387-6392	bocca	
173-7	6392-6393	,	
173-8	6394-6395	o	
173-9	6396-6401	denti	
173-10	6402-6408	guasti	
173-11	6408-6409	,	
173-12	6410-6413	per	
173-13	6414-6425	corroborare	
173-14	6426-6428	le	
173-15	6429-6436	gingive	
173-16	6437-6438	e	
173-17	6439-6449	correggere	
173-18	6450-6452	il	
173-19	6453-6460	cattivo	
173-20	6461-6466	odore	
173-21	6466-6467	.	

#Text=Serviva anche per dar odore alla polvere di cipria, che si spargeva sui capelli, da cui pare ne avesse questa preso il nome.
174-1	6468-6475	Serviva	
174-2	6476-6481	anche	
174-3	6482-6485	per	
174-4	6486-6489	dar	
174-5	6490-6495	odore	
174-6	6496-6500	alla	
174-7	6501-6508	polvere	
174-8	6509-6511	di	
174-9	6512-6518	cipria	
174-10	6518-6519	,	
174-11	6520-6523	che	
174-12	6524-6526	si	
174-13	6527-6535	spargeva	
174-14	6536-6539	sui	
174-15	6540-6547	capelli	
174-16	6547-6548	,	
174-17	6549-6551	da	
174-18	6552-6555	cui	
174-19	6556-6560	pare	
174-20	6561-6563	ne	
174-21	6564-6570	avesse	
174-22	6571-6577	questa	
174-23	6578-6583	preso	
174-24	6584-6586	il	
174-25	6587-6591	nome	
174-26	6591-6592	.	

#Text=Si può credere non essere stiriaca poichè tanti pidocchi vivevano sulle incipriate teste.
175-1	6593-6595	Si	
175-2	6596-6599	può	
175-3	6600-6607	credere	
175-4	6608-6611	non	
175-5	6612-6618	essere	
175-6	6619-6627	stiriaca	
175-7	6628-6634	poichè	
175-8	6635-6640	tanti	
175-9	6641-6649	pidocchi	
175-10	6650-6658	vivevano	
175-11	6659-6664	sulle	
175-12	6665-6675	incipriate	
175-13	6676-6681	teste	
175-14	6681-6682	.	
