#FORMAT=WebAnno TSV 3.3


#Text=reukwerk.
1-1	3-11	reukwerk	
1-2	11-12	.	

#Text=Mengsel van Reukwerk.
2-1	13-20	Mengsel	
2-2	21-24	van	
2-3	25-33	Reukwerk	
2-4	33-34	.	

#Text=Neem een dragma Muskus; en vier Nagelen, vier
#Text=oncen
#Text=Lavendelzaad;
#Text=Civet een dragme en een half;
#Text=Amber de Grys een half dragma.
3-1	35-39	Neem	
3-2	40-43	een	
3-3	44-50	dragma	
3-4	51-57	Muskus	
3-5	57-58	;	
3-6	59-61	en	
3-7	62-66	vier	
3-8	67-74	Nagelen	
3-9	74-75	,	
3-10	76-80	vier	
3-11	81-86	oncen	
3-12	87-99	Lavendelzaad	
3-13	99-100	;	
3-14	101-106	Civet	
3-15	107-110	een	
3-16	111-117	dragme	
3-17	118-120	en	
3-18	121-124	een	
3-19	125-129	half	
3-20	129-130	;	
3-21	131-136	Amber	
3-22	137-139	de	
3-23	140-144	Grys	
3-24	145-148	een	
3-25	149-153	half	
3-26	154-160	dragma	
3-27	160-161	.	

#Text=Doe de Stamper in de Mortier warm maken.
4-1	164-167	Doe	
4-2	168-170	de	
4-3	171-178	Stamper	
4-4	179-181	in	
4-5	182-184	de	
4-6	185-192	Mortier	
4-7	193-197	warm	
4-8	198-203	maken	
4-9	203-204	.	

#Text=Neem de Muskus, Nagelen, Lavendel,
#Text=en ontrent voor een stuiver witte Suiker, met een vol glas Water, of Rozenwater;
#Text=stamp alles in een mortier ondereen.
5-1	205-209	Neem	
5-2	210-212	de	
5-3	213-219	Muskus	
5-4	219-220	,	
5-5	221-228	Nagelen	
5-6	228-229	,	
5-7	230-238	Lavendel	
5-8	238-239	,	
5-9	240-242	en	
5-10	243-250	ontrent	
5-11	251-255	voor	
5-12	256-259	een	
5-13	260-267	stuiver	
5-14	268-273	witte	
5-15	274-280	Suiker	
5-16	280-281	,	
5-17	282-285	met	
5-18	286-289	een	
5-19	290-293	vol	
5-20	294-298	glas	
5-21	299-304	Water	
5-22	304-305	,	
5-23	306-308	of	
5-24	309-319	Rozenwater	
5-25	319-320	;	
5-26	321-326	stamp	
5-27	327-332	alles	
5-28	333-335	in	
5-29	336-339	een	
5-30	340-347	mortier	
5-31	348-356	ondereen	
5-32	356-357	.	

#Text=Neem een handvol van die poejer, en mengt het
#Text=ondereen.
6-1	358-362	Neem	
6-2	363-366	een	
6-3	367-374	handvol	
6-4	375-378	van	
6-5	379-382	die	
6-6	383-389	poejer	
6-7	389-390	,	
6-8	391-393	en	
6-9	394-399	mengt	
6-10	400-403	het	
6-11	404-412	ondereen	
6-12	412-413	.	

#Text=Zyg het daar na door een Temis, zo lang gy’er maar reuk, of kracht uit
#Text=kunt halen, die u behaagt.
7-1	414-417	Zyg	
7-2	418-421	het	
7-3	422-426	daar	
7-4	427-429	na	
7-5	430-434	door	
7-6	435-438	een	
7-7	439-444	Temis	
7-8	444-445	,	
7-9	446-448	zo	
7-10	449-453	lang	
7-11	454-456	gy	
7-12	456-457	’	
7-13	457-459	er	
7-14	460-464	maar	
7-15	465-469	reuk	
7-16	469-470	,	
7-17	471-473	of	
7-18	474-480	kracht	
7-19	481-484	uit	
7-20	485-489	kunt	
7-21	490-495	halen	
7-22	495-496	,	
7-23	497-500	die	
7-24	501-502	u	
7-25	503-510	behaagt	
7-26	510-511	.	

#Text=Gy kunt daar tot twe, of drie pond poejer, en zelf meerder,
#Text=onder doen.
8-1	512-514	Gy	
8-2	515-519	kunt	
8-3	520-524	daar	
8-4	525-528	tot	
8-5	529-532	twe	
8-6	532-533	,	
8-7	534-536	of	
8-8	537-541	drie	
8-9	542-546	pond	
8-10	547-553	poejer	
8-11	553-554	,	
8-12	555-557	en	
8-13	558-562	zelf	
8-14	563-570	meerder	
8-15	570-571	,	
8-16	572-577	onder	
8-17	578-582	doen	
8-18	582-583	.	

#Text=Wat de Civet belangt, die moet gy aan ’t eind van uwen stamper doen,
#Text=brekende en mengende die poejer wel onder een.
9-1	584-587	Wat	
9-2	588-590	de	
9-3	591-596	Civet	
9-4	597-604	belangt	
9-5	604-605	,	
9-6	606-609	die	
9-7	610-614	moet	
9-8	615-617	gy	
9-9	618-621	aan	
9-10	622-623	’	
9-11	623-624	t	
9-12	625-629	eind	
9-13	630-633	van	
9-14	634-638	uwen	
9-15	639-646	stamper	
9-16	647-651	doen	
9-17	651-652	,	
9-18	653-661	brekende	
9-19	662-664	en	
9-20	665-673	mengende	
9-21	674-677	die	
9-22	678-684	poejer	
9-23	685-688	wel	
9-24	689-694	onder	
9-25	695-698	een	
9-26	698-699	.	

#Text=Daarna moet men ’t gewicht van
#Text=zes ponden van die poejer nemen, welke gy allengskens in ’t Mortier zult doen, om
#Text=de poejer met de Civet te mengen, en ze met de Stamper wel fyn te maken.
10-1	700-706	Daarna	
10-2	707-711	moet	
10-3	712-715	men	
10-4	716-717	’	
10-5	717-718	t	
10-6	719-726	gewicht	
10-7	727-730	van	
10-8	731-734	zes	
10-9	735-741	ponden	
10-10	742-745	van	
10-11	746-749	die	
10-12	750-756	poejer	
10-13	757-762	nemen	
10-14	762-763	,	
10-15	764-769	welke	
10-16	770-772	gy	
10-17	773-784	allengskens	
10-18	785-787	in	
10-19	788-789	’	
10-20	789-790	t	
10-21	791-798	Mortier	
10-22	799-803	zult	
10-23	804-808	doen	
10-24	808-809	,	
10-25	810-812	om	
10-26	813-815	de	
10-27	816-822	poejer	
10-28	823-826	met	
10-29	827-829	de	
10-30	830-835	Civet	
10-31	836-838	te	
10-32	839-845	mengen	
10-33	845-846	,	
10-34	847-849	en	
10-35	850-852	ze	
10-36	853-856	met	
10-37	857-859	de	
10-38	860-867	Stamper	
10-39	868-871	wel	
10-40	872-875	fyn	
10-41	876-878	te	
10-42	879-884	maken	
10-43	884-885	.	

#Text=Daar na
#Text=moet gy ze weder door een haaire Zeef laten loopen, om ze met de andere gemuskerde
#Text=poejer te mengen.
11-1	886-890	Daar	
11-2	891-893	na	
11-3	894-898	moet	
11-4	899-901	gy	
11-5	902-904	ze	
11-6	905-910	weder	
11-7	911-915	door	
11-8	916-919	een	
11-9	920-926	haaire	
11-10	927-931	Zeef	
11-11	932-937	laten	
11-12	938-944	loopen	
11-13	944-945	,	
11-14	946-948	om	
11-15	949-951	ze	
11-16	952-955	met	
11-17	956-958	de	
11-18	959-965	andere	
11-19	966-976	gemuskerde	
11-20	977-983	poejer	
11-21	984-986	te	
11-22	987-993	mengen	
11-23	993-994	.	

#Text=Wat de Amber belangt, die moet in ’t Mortier wel gestampt worden,
#Text=en men moet daar allengskens twe pond witte poejer in doen, of Gryze, te voren
#Text=onder de poejer beschreven, tot dat de Amber gants en al gestoten is; ze door een
#Text=haaire Temis laten loopen, en mengen dan de drie poejers met den andere.
12-1	995-998	Wat	
12-2	999-1001	de	
12-3	1002-1007	Amber	
12-4	1008-1015	belangt	
12-5	1015-1016	,	
12-6	1017-1020	die	
12-7	1021-1025	moet	
12-8	1026-1028	in	
12-9	1029-1030	’	
12-10	1030-1031	t	
12-11	1032-1039	Mortier	
12-12	1040-1043	wel	
12-13	1044-1052	gestampt	
12-14	1053-1059	worden	
12-15	1059-1060	,	
12-16	1061-1063	en	
12-17	1064-1067	men	
12-18	1068-1072	moet	
12-19	1073-1077	daar	
12-20	1078-1089	allengskens	
12-21	1090-1093	twe	
12-22	1094-1098	pond	
12-23	1099-1104	witte	
12-24	1105-1111	poejer	
12-25	1112-1114	in	
12-26	1115-1119	doen	
12-27	1119-1120	,	
12-28	1121-1123	of	
12-29	1124-1129	Gryze	
12-30	1129-1130	,	
12-31	1131-1133	te	
12-32	1134-1139	voren	
12-33	1140-1145	onder	
12-34	1146-1148	de	
12-35	1149-1155	poejer	
12-36	1156-1166	beschreven	
12-37	1166-1167	,	
12-38	1168-1171	tot	
12-39	1172-1175	dat	
12-40	1176-1178	de	
12-41	1179-1184	Amber	
12-42	1185-1190	gants	
12-43	1191-1193	en	
12-44	1194-1196	al	
12-45	1197-1205	gestoten	
12-46	1206-1208	is	
12-47	1208-1209	;	
12-48	1210-1212	ze	
12-49	1213-1217	door	
12-50	1218-1221	een	
12-51	1222-1228	haaire	
12-52	1229-1234	Temis	
12-53	1235-1240	laten	
12-54	1241-1247	loopen	
12-55	1247-1248	,	
12-56	1249-1251	en	
12-57	1252-1258	mengen	
12-58	1259-1262	dan	
12-59	1263-1265	de	
12-60	1266-1270	drie	
12-61	1271-1278	poejers	
12-62	1279-1282	met	
12-63	1283-1286	den	
12-64	1287-1293	andere	
12-65	1293-1294	.	

#Text=Gy zult een kleine zak van wit Schapenvel maken, die wel genaaid is; met de Nerf
#Text=aan ’t naaizel;
#Text=als die gemaakt is, doe’er uwe poejers in, die gereukwerkt zyn, om ze
#Text=te bewaren; en doe’er zo veel van onder, als u behaagt, na dat gy de poejers méér,
#Text=of min sterk van reuk wilt hebben.
13-1	1297-1299	Gy	
13-2	1300-1304	zult	
13-3	1305-1308	een	
13-4	1309-1315	kleine	
13-5	1316-1319	zak	
13-6	1320-1323	van	
13-7	1324-1327	wit	
13-8	1328-1338	Schapenvel	
13-9	1339-1344	maken	
13-10	1344-1345	,	
13-11	1346-1349	die	
13-12	1350-1353	wel	
13-13	1354-1361	genaaid	
13-14	1362-1364	is	
13-15	1364-1365	;	
13-16	1366-1369	met	
13-17	1370-1372	de	
13-18	1373-1377	Nerf	
13-19	1378-1381	aan	
13-20	1382-1383	’	
13-21	1383-1384	t	
13-22	1385-1392	naaizel	
13-23	1392-1393	;	
13-24	1394-1397	als	
13-25	1398-1401	die	
13-26	1402-1409	gemaakt	
13-27	1410-1412	is	
13-28	1412-1413	,	
13-29	1414-1417	doe	
13-30	1417-1418	’	
13-31	1418-1420	er	
13-32	1421-1424	uwe	
13-33	1425-1432	poejers	
13-34	1433-1435	in	
13-35	1435-1436	,	
13-36	1437-1440	die	
13-37	1441-1452	gereukwerkt	
13-38	1453-1456	zyn	
13-39	1456-1457	,	
13-40	1458-1460	om	
13-41	1461-1463	ze	
13-42	1464-1466	te	
13-43	1467-1474	bewaren	
13-44	1474-1475	;	
13-45	1476-1478	en	
13-46	1479-1482	doe	
13-47	1482-1483	’	
13-48	1483-1485	er	
13-49	1486-1488	zo	
13-50	1489-1493	veel	
13-51	1494-1497	van	
13-52	1498-1503	onder	
13-53	1503-1504	,	
13-54	1505-1508	als	
13-55	1509-1510	u	
13-56	1511-1518	behaagt	
13-57	1518-1519	,	
13-58	1520-1522	na	
13-59	1523-1526	dat	
13-60	1527-1529	gy	
13-61	1530-1532	de	
13-62	1533-1540	poejers	
13-63	1541-1545	méér	
13-64	1545-1546	,	
13-65	1547-1549	of	
13-66	1550-1553	min	
13-67	1554-1559	sterk	
13-68	1560-1563	van	
13-69	1564-1568	reuk	
13-70	1569-1573	wilt	
13-71	1574-1580	hebben	
13-72	1580-1581	.	

#Text=Witte poejer, die onder ’t mengsel van ’t parfuim komt.
14-1	1584-1589	Witte	
14-2	1590-1596	poejer	
14-3	1596-1597	,	
14-4	1598-1601	die	
14-5	1602-1607	onder	
14-6	1608-1609	’	
14-7	1609-1610	t	
14-8	1611-1618	mengsel	
14-9	1619-1622	van	
14-10	1623-1624	’	
14-11	1624-1625	t	
14-12	1626-1633	parfuim	
14-13	1634-1638	komt	
14-14	1638-1639	.	
