#FORMAT=WebAnno TSV 3.3


#Text=et timuerunt timore magno, et dicebant ad alterutrum : Quis, putas, est iste, quia et ventus et mare obediunt ei ?
1-1	2-4	et	
1-2	5-14	timuerunt	
1-3	15-21	timore	
1-4	22-27	magno	
1-5	27-28	,	
1-6	29-31	et	
1-7	32-40	dicebant	
1-8	41-43	ad	
1-9	44-54	alterutrum	
1-10	55-56	:	
1-11	57-61	Quis	
1-12	61-62	,	
1-13	63-68	putas	
1-14	68-69	,	
1-15	70-73	est	
1-16	74-78	iste	
1-17	78-79	,	
1-18	80-84	quia	
1-19	85-87	et	
1-20	88-94	ventus	
1-21	95-97	et	
1-22	98-102	mare	
1-23	103-111	obediunt	
1-24	112-114	ei	
1-25	115-116	?	

#Text=Caput 5
#Text=
#Text=
#Text=1 Et venerunt trans fretum maris in regionem Gerasenorum.
#Text=2 Et exeunti ei de navi, statim occurrit de monumentis homo in spiritu immundo, 3 qui domicilium habebat in monumentis, et neque catenis jam quisquam poterat eum ligare : 4 quoniam sæpe compedibus et catenis vinctus, dirupisset catenas, et compedes comminuisset, et nemo poterat eum domare : 5 et semper die ac nocte in monumentis, et in montibus erat, clamans, et concidens se lapidibus.
#Text=6 Videns autem Jesum a longe, cucurrit, et adoravit eum : 7 et clamans voce magna dixit : Quid mihi et tibi, Jesu Fili Dei altissimi ?
2-1	117-122	Caput	
2-2	123-124	5	
2-3	127-128	1	
2-4	129-131	Et	
2-5	132-140	venerunt	
2-6	141-146	trans	
2-7	147-153	fretum	
2-8	154-159	maris	
2-9	160-162	in	
2-10	163-171	regionem	
2-11	172-183	Gerasenorum	
2-12	183-184	.	
2-13	185-186	2	
2-14	187-189	Et	
2-15	190-197	exeunti	
2-16	198-200	ei	
2-17	201-203	de	
2-18	204-208	navi	
2-19	208-209	,	
2-20	210-216	statim	
2-21	217-225	occurrit	
2-22	226-228	de	
2-23	229-239	monumentis	
2-24	240-244	homo	
2-25	245-247	in	
2-26	248-255	spiritu	
2-27	256-263	immundo	
2-28	263-264	,	
2-29	265-266	3	
2-30	267-270	qui	
2-31	271-281	domicilium	
2-32	282-289	habebat	
2-33	290-292	in	
2-34	293-303	monumentis	
2-35	303-304	,	
2-36	305-307	et	
2-37	308-313	neque	
2-38	314-321	catenis	
2-39	322-325	jam	
2-40	326-334	quisquam	
2-41	335-342	poterat	
2-42	343-346	eum	
2-43	347-353	ligare	
2-44	354-355	:	
2-45	356-357	4	
2-46	358-365	quoniam	
2-47	366-370	sæpe	
2-48	371-381	compedibus	
2-49	382-384	et	
2-50	385-392	catenis	
2-51	393-400	vinctus	
2-52	400-401	,	
2-53	402-412	dirupisset	
2-54	413-420	catenas	
2-55	420-421	,	
2-56	422-424	et	
2-57	425-433	compedes	
2-58	434-446	comminuisset	
2-59	446-447	,	
2-60	448-450	et	
2-61	451-455	nemo	
2-62	456-463	poterat	
2-63	464-467	eum	
2-64	468-474	domare	
2-65	475-476	:	
2-66	477-478	5	
2-67	479-481	et	
2-68	482-488	semper	
2-69	489-492	die	
2-70	493-495	ac	
2-71	496-501	nocte	
2-72	502-504	in	
2-73	505-515	monumentis	
2-74	515-516	,	
2-75	517-519	et	
2-76	520-522	in	
2-77	523-531	montibus	
2-78	532-536	erat	
2-79	536-537	,	
2-80	538-545	clamans	
2-81	545-546	,	
2-82	547-549	et	
2-83	550-559	concidens	
2-84	560-562	se	
2-85	563-572	lapidibus	
2-86	572-573	.	
2-87	574-575	6	
2-88	576-582	Videns	
2-89	583-588	autem	
2-90	589-594	Jesum	
2-91	595-596	a	
2-92	597-602	longe	
2-93	602-603	,	
2-94	604-612	cucurrit	
2-95	612-613	,	
2-96	614-616	et	
2-97	617-625	adoravit	
2-98	626-629	eum	
2-99	630-631	:	
2-100	632-633	7	
2-101	634-636	et	
2-102	637-644	clamans	
2-103	645-649	voce	
2-104	650-655	magna	
2-105	656-661	dixit	
2-106	662-663	:	
2-107	664-668	Quid	
2-108	669-673	mihi	
2-109	674-676	et	
2-110	677-681	tibi	
2-111	681-682	,	
2-112	683-687	Jesu	
2-113	688-692	Fili	
2-114	693-696	Dei	
2-115	697-706	altissimi	
2-116	707-708	?	

#Text=adjuro te per Deum, ne me torqueas.
#Text=8 Dicebat enim illi : Exi spiritus immunde ab homine.
#Text=9 Et interrogabat eum : Quod tibi nomen est ?
3-1	709-715	adjuro	
3-2	716-718	te	
3-3	719-722	per	
3-4	723-727	Deum	
3-5	727-728	,	
3-6	729-731	ne	
3-7	732-734	me	
3-8	735-743	torqueas	
3-9	743-744	.	
3-10	745-746	8	
3-11	747-754	Dicebat	
3-12	755-759	enim	
3-13	760-764	illi	
3-14	765-766	:	
3-15	767-770	Exi	
3-16	771-779	spiritus	
3-17	780-787	immunde	
3-18	788-790	ab	
3-19	791-797	homine	
3-20	797-798	.	
3-21	799-800	9	
3-22	801-803	Et	
3-23	804-816	interrogabat	
3-24	817-820	eum	
3-25	821-822	:	
3-26	823-827	Quod	
3-27	828-832	tibi	
3-28	833-838	nomen	
3-29	839-842	est	
3-30	843-844	?	

#Text=Et dicit ei : Legio mihi nomen est, quia multi sumus.
#Text=10 Et deprecabatur eum multum, ne se expelleret extra regionem.
#Text=11 Erat autem ibi circa montem grex porcorum magnus, pascens.
#Text=12 Et deprecabantur eum spiritus, dicentes : Mitte nos in porcos ut in eos introëamus.
#Text=13 Et concessit eis statim Jesus.
4-1	845-847	Et	
4-2	848-853	dicit	
4-3	854-856	ei	
4-4	857-858	:	
4-5	859-864	Legio	
4-6	865-869	mihi	
4-7	870-875	nomen	
4-8	876-879	est	
4-9	879-880	,	
4-10	881-885	quia	
4-11	886-891	multi	
4-12	892-897	sumus	
4-13	897-898	.	
4-14	899-901	10	
4-15	902-904	Et	
4-16	905-917	deprecabatur	
4-17	918-921	eum	
4-18	922-928	multum	
4-19	928-929	,	
4-20	930-932	ne	
4-21	933-935	se	
4-22	936-946	expelleret	
4-23	947-952	extra	
4-24	953-961	regionem	
4-25	961-962	.	
4-26	963-965	11	
4-27	966-970	Erat	
4-28	971-976	autem	
4-29	977-980	ibi	
4-30	981-986	circa	
4-31	987-993	montem	
4-32	994-998	grex	
4-33	999-1007	porcorum	
4-34	1008-1014	magnus	
4-35	1014-1015	,	
4-36	1016-1023	pascens	
4-37	1023-1024	.	
4-38	1025-1027	12	
4-39	1028-1030	Et	
4-40	1031-1044	deprecabantur	
4-41	1045-1048	eum	
4-42	1049-1057	spiritus	
4-43	1057-1058	,	
4-44	1059-1067	dicentes	
4-45	1068-1069	:	
4-46	1070-1075	Mitte	
4-47	1076-1079	nos	
4-48	1080-1082	in	
4-49	1083-1089	porcos	
4-50	1090-1092	ut	
4-51	1093-1095	in	
4-52	1096-1099	eos	
4-53	1100-1110	introëamus	
4-54	1110-1111	.	
4-55	1112-1114	13	
4-56	1115-1117	Et	
4-57	1118-1127	concessit	
4-58	1128-1131	eis	
4-59	1132-1138	statim	
4-60	1139-1144	Jesus	
4-61	1144-1145	.	

#Text=Et exeuntes spiritus immundi introierunt in porcos : et magno impetu grex præcipitatus est in mare ad duo millia, et suffocati sunt in mari.
#Text=14 Qui autem pascebant eos, fugerunt, et nuntiaverunt in civitatem et in agros.
5-1	1146-1148	Et	
5-2	1149-1157	exeuntes	
5-3	1158-1166	spiritus	
5-4	1167-1174	immundi	
5-5	1175-1186	introierunt	
5-6	1187-1189	in	
5-7	1190-1196	porcos	
5-8	1197-1198	:	
5-9	1199-1201	et	
5-10	1202-1207	magno	
5-11	1208-1214	impetu	
5-12	1215-1219	grex	
5-13	1220-1232	præcipitatus	
5-14	1233-1236	est	
5-15	1237-1239	in	
5-16	1240-1244	mare	
5-17	1245-1247	ad	
5-18	1248-1251	duo	
5-19	1252-1258	millia	
5-20	1258-1259	,	
5-21	1260-1262	et	
5-22	1263-1272	suffocati	
5-23	1273-1277	sunt	
5-24	1278-1280	in	
5-25	1281-1285	mari	
5-26	1285-1286	.	
5-27	1287-1289	14	
5-28	1290-1293	Qui	
5-29	1294-1299	autem	
5-30	1300-1309	pascebant	
5-31	1310-1313	eos	
5-32	1313-1314	,	
5-33	1315-1323	fugerunt	
5-34	1323-1324	,	
5-35	1325-1327	et	
5-36	1328-1340	nuntiaverunt	
5-37	1341-1343	in	
5-38	1344-1353	civitatem	
5-39	1354-1356	et	
5-40	1357-1359	in	
5-41	1360-1365	agros	
5-42	1365-1366	.	

#Text=Et egressi sunt videre quid esset factum : 15 et veniunt ad Jesum : et vident illum qui a dæmonio vexabatur, sedentem, vestitum, et sanæ mentis, et timuerunt.
#Text=16 Et narraverunt illis, qui viderant, qualiter factum esset ei qui dæmonium habuerat, et de porcis.
#Text=17 Et rogare cœperunt eum ut discederet de finibus eorum.
#Text=18 Cumque ascenderet navim, cœpit illum deprecari, qui a dæmonio vexatus fuerat, ut esset cum illo, 19 et non admisit eum, sed ait illi : Vade in domum tuam ad tuos, et annuntia illis quanta tibi Dominus fecerit, et misertus sit tui.
#Text=20 Et abiit, et cœpit prædicare in Decapoli, quanta sibi fecisset Jesus : et omnes mirabantur.
#Text=21 Et cum transcendisset Jesus in navi rursum trans fretum, convenit turba multa ad eum, et erat circa mare.
6-1	1367-1369	Et	
6-2	1370-1377	egressi	
6-3	1378-1382	sunt	
6-4	1383-1389	videre	
6-5	1390-1394	quid	
6-6	1395-1400	esset	
6-7	1401-1407	factum	
6-8	1408-1409	:	
6-9	1410-1412	15	
6-10	1413-1415	et	
6-11	1416-1423	veniunt	
6-12	1424-1426	ad	
6-13	1427-1432	Jesum	
6-14	1433-1434	:	
6-15	1435-1437	et	
6-16	1438-1444	vident	
6-17	1445-1450	illum	
6-18	1451-1454	qui	
6-19	1455-1456	a	
6-20	1457-1464	dæmonio	
6-21	1465-1474	vexabatur	
6-22	1474-1475	,	
6-23	1476-1484	sedentem	
6-24	1484-1485	,	
6-25	1486-1494	vestitum	
6-26	1494-1495	,	
6-27	1496-1498	et	
6-28	1499-1503	sanæ	
6-29	1504-1510	mentis	
6-30	1510-1511	,	
6-31	1512-1514	et	
6-32	1515-1524	timuerunt	
6-33	1524-1525	.	
6-34	1526-1528	16	
6-35	1529-1531	Et	
6-36	1532-1543	narraverunt	
6-37	1544-1549	illis	
6-38	1549-1550	,	
6-39	1551-1554	qui	
6-40	1555-1563	viderant	
6-41	1563-1564	,	
6-42	1565-1573	qualiter	
6-43	1574-1580	factum	
6-44	1581-1586	esset	
6-45	1587-1589	ei	
6-46	1590-1593	qui	
6-47	1594-1602	dæmonium	
6-48	1603-1611	habuerat	
6-49	1611-1612	,	
6-50	1613-1615	et	
6-51	1616-1618	de	
6-52	1619-1625	porcis	
6-53	1625-1626	.	
6-54	1627-1629	17	
6-55	1630-1632	Et	
6-56	1633-1639	rogare	
6-57	1640-1648	cœperunt	
6-58	1649-1652	eum	
6-59	1653-1655	ut	
6-60	1656-1666	discederet	
6-61	1667-1669	de	
6-62	1670-1677	finibus	
6-63	1678-1683	eorum	
6-64	1683-1684	.	
6-65	1685-1687	18	
6-66	1688-1694	Cumque	
6-67	1695-1705	ascenderet	
6-68	1706-1711	navim	
6-69	1711-1712	,	
6-70	1713-1718	cœpit	
6-71	1719-1724	illum	
6-72	1725-1734	deprecari	
6-73	1734-1735	,	
6-74	1736-1739	qui	
6-75	1740-1741	a	
6-76	1742-1749	dæmonio	
6-77	1750-1757	vexatus	
6-78	1758-1764	fuerat	
6-79	1764-1765	,	
6-80	1766-1768	ut	
6-81	1769-1774	esset	
6-82	1775-1778	cum	
6-83	1779-1783	illo	
6-84	1783-1784	,	
6-85	1785-1787	19	
6-86	1788-1790	et	
6-87	1791-1794	non	
6-88	1795-1802	admisit	
6-89	1803-1806	eum	
6-90	1806-1807	,	
6-91	1808-1811	sed	
6-92	1812-1815	ait	
6-93	1816-1820	illi	
6-94	1821-1822	:	
6-95	1823-1827	Vade	
6-96	1828-1830	in	
6-97	1831-1836	domum	
6-98	1837-1841	tuam	
6-99	1842-1844	ad	
6-100	1845-1849	tuos	
6-101	1849-1850	,	
6-102	1851-1853	et	
6-103	1854-1862	annuntia	
6-104	1863-1868	illis	
6-105	1869-1875	quanta	
6-106	1876-1880	tibi	
6-107	1881-1888	Dominus	
6-108	1889-1896	fecerit	
6-109	1896-1897	,	
6-110	1898-1900	et	
6-111	1901-1909	misertus	
6-112	1910-1913	sit	
6-113	1914-1917	tui	
6-114	1917-1918	.	
6-115	1919-1921	20	
6-116	1922-1924	Et	
6-117	1925-1930	abiit	
6-118	1930-1931	,	
6-119	1932-1934	et	
6-120	1935-1940	cœpit	
6-121	1941-1950	prædicare	
6-122	1951-1953	in	
6-123	1954-1962	Decapoli	
6-124	1962-1963	,	
6-125	1964-1970	quanta	
6-126	1971-1975	sibi	
6-127	1976-1984	fecisset	
6-128	1985-1990	Jesus	
6-129	1991-1992	:	
6-130	1993-1995	et	
6-131	1996-2001	omnes	
6-132	2002-2012	mirabantur	
6-133	2012-2013	.	
6-134	2014-2016	21	
6-135	2017-2019	Et	
6-136	2020-2023	cum	
6-137	2024-2038	transcendisset	
6-138	2039-2044	Jesus	
6-139	2045-2047	in	
6-140	2048-2052	navi	
6-141	2053-2059	rursum	
6-142	2060-2065	trans	
6-143	2066-2072	fretum	
6-144	2072-2073	,	
6-145	2074-2082	convenit	
6-146	2083-2088	turba	
6-147	2089-2094	multa	
6-148	2095-2097	ad	
6-149	2098-2101	eum	
6-150	2101-2102	,	
6-151	2103-2105	et	
6-152	2106-2110	erat	
6-153	2111-2116	circa	
6-154	2117-2121	mare	
6-155	2121-2122	.	
