#FORMAT=WebAnno TSV 3.3
#T_SP=custom.Span|label


#Text=Methode pour le Jambon de Mayence.
1-1	0-7	Methode	_	
1-2	8-12	pour	_	
1-3	13-15	le	_	
1-4	16-22	Jambon	_	
1-5	23-25	de	_	
1-6	26-33	Mayence	_	
1-7	33-34	.	_	

#Text=Votre porc étant habillé, levés-en les jambes, & les étendez bien pour leur faire prendre ply, mettez-les en la cave durant quatre jours, pendant quoi il en sortira de l'eau qu'il faut essuyer fort souvent, que si le tems est humide, ne les y laissés que deux fois vingt quatre heures, puis les mettez à la presse entre deux aix, & les laissez aussi longtems qu'il y a que le porc est mort.
2-1	51-56	Votre	_	
2-2	57-61	porc	_	
2-3	62-67	étant	_	
2-4	68-75	habillé	_	
2-5	75-76	,	_	
2-6	77-85	levés-en	_	
2-7	86-89	les	_	
2-8	90-96	jambes	_	
2-9	96-97	,	_	
2-10	98-99	&	_	
2-11	100-103	les	_	
2-12	104-111	étendez	_	
2-13	112-116	bien	_	
2-14	117-121	pour	_	
2-15	122-126	leur	_	
2-16	127-132	faire	_	
2-17	133-140	prendre	_	
2-18	141-144	ply	_	
2-19	144-145	,	_	
2-20	146-156	mettez-les	_	
2-21	157-159	en	_	
2-22	160-162	la	_	
2-23	163-167	cave	_	
2-24	168-174	durant	_	
2-25	175-181	quatre	_	
2-26	182-187	jours	_	
2-27	187-188	,	_	
2-28	189-196	pendant	_	
2-29	197-201	quoi	_	
2-30	202-204	il	_	
2-31	205-207	en	_	
2-32	208-215	sortira	_	
2-33	216-218	de	_	
2-34	219-224	l'eau	_	
2-35	225-230	qu'il	_	
2-36	231-235	faut	_	
2-37	236-243	essuyer	_	
2-38	244-248	fort	_	
2-39	249-256	souvent	_	
2-40	256-257	,	_	
2-41	258-261	que	_	
2-42	262-264	si	_	
2-43	265-267	le	_	
2-44	268-272	tems	_	
2-45	273-276	est	_	
2-46	277-283	humide	_	
2-47	283-284	,	_	
2-48	285-287	ne	_	
2-49	288-291	les	_	
2-50	292-293	y	_	
2-51	294-301	laissés	_	
2-52	302-305	que	_	
2-53	306-310	deux	_	
2-54	311-315	fois	_	
2-55	316-321	vingt	_	
2-56	322-328	quatre	_	
2-57	329-335	heures	_	
2-58	335-336	,	_	
2-59	337-341	puis	_	
2-60	342-345	les	_	
2-61	346-352	mettez	_	
2-62	353-354	à	_	
2-63	355-357	la	_	
2-64	358-364	presse	_	
2-65	365-370	entre	_	
2-66	371-375	deux	_	
2-67	376-379	aix	_	
2-68	379-380	,	_	
2-69	381-382	&	_	
2-70	383-386	les	_	
2-71	387-394	laissez	_	
2-72	395-400	aussi	_	
2-73	401-409	longtems	_	
2-74	410-415	qu'il	_	
2-75	416-417	y	_	
2-76	418-419	a	_	
2-77	420-423	que	_	
2-78	424-426	le	_	
2-79	427-431	porc	_	
2-80	432-435	est	_	
2-81	436-440	mort	_	
2-82	440-441	.	_	

#Text=Après cela salez-les avec sel, poivre, clou, anis battu, laissez-les prendre sel l'espace de neuf jours, après quoi vous les tirerez & mettrez dans la lie de vin pendant neuf autres jours: ensuite envelopez-les avec du foin, & enterrez dans la cave en lieu qui ne soit trop humide, les ayant tirez, pendez-les à la cheminée du côté qui fume le moins, & ne manquez de les parfumer deux fois le jour avec du genevre.
3-1	442-447	Après	_	
3-2	448-452	cela	_	
3-3	453-462	salez-les	_	
3-4	463-467	avec	_	
3-5	468-471	sel	_	
3-6	471-472	,	_	
3-7	473-479	poivre	_	
3-8	479-480	,	_	
3-9	481-485	clou	_	
3-10	485-486	,	_	
3-11	487-491	anis	_	
3-12	492-497	battu	_	
3-13	497-498	,	_	
3-14	499-510	laissez-les	_	
3-15	511-518	prendre	_	
3-16	519-522	sel	_	
3-17	523-531	l'espace	_	
3-18	532-534	de	_	
3-19	535-539	neuf	_	
3-20	540-545	jours	_	
3-21	545-546	,	_	
3-22	547-552	après	_	
3-23	553-557	quoi	_	
3-24	558-562	vous	_	
3-25	563-566	les	_	
3-26	567-574	tirerez	_	
3-27	575-576	&	_	
3-28	577-584	mettrez	_	
3-29	585-589	dans	_	
3-30	590-592	la	_	
3-31	593-596	lie	_	
3-32	597-599	de	_	
3-33	600-603	vin	_	
3-34	604-611	pendant	_	
3-35	612-616	neuf	_	
3-36	617-623	autres	_	
3-37	624-629	jours	_	
3-38	629-630	:	_	
3-39	631-638	ensuite	_	
3-40	639-652	envelopez-les	_	
3-41	653-657	avec	_	
3-42	658-660	du	_	
3-43	661-665	foin	_	
3-44	665-666	,	_	
3-45	667-668	&	_	
3-46	669-677	enterrez	_	
3-47	678-682	dans	_	
3-48	683-685	la	_	
3-49	686-690	cave	_	
3-50	691-693	en	_	
3-51	694-698	lieu	_	
3-52	699-702	qui	_	
3-53	703-705	ne	_	
3-54	706-710	soit	_	
3-55	711-715	trop	_	
3-56	716-722	humide	_	
3-57	722-723	,	_	
3-58	724-727	les	_	
3-59	728-733	ayant	_	
3-60	734-739	tirez	_	
3-61	739-740	,	_	
3-62	741-751	pendez-les	_	
3-63	752-753	à	_	
3-64	754-756	la	_	
3-65	757-765	cheminée	_	
3-66	766-768	du	_	
3-67	769-773	côté	_	
3-68	774-777	qui	_	
3-69	778-782	fume	_	
3-70	783-785	le	_	
3-71	786-791	moins	_	
3-72	791-792	,	_	
3-73	793-794	&	_	
3-74	795-797	ne	_	
3-75	798-805	manquez	_	
3-76	806-808	de	_	
3-77	809-812	les	_	
3-78	813-821	parfumer	Smell\_Word	
3-79	822-826	deux	_	
3-80	827-831	fois	_	
3-81	832-834	le	_	
3-82	835-839	jour	_	
3-83	840-844	avec	_	
3-84	845-847	du	_	
3-85	848-855	genevre	_	
3-86	855-856	.	_	

#Text=Etant secs & peu enfumez, pendez-les au planchet dans une chambre qui ne soit point humide, & jusqu'à ce que vous en ayez affaire; visitez les souvent de peur qu'ils ne pourrissent.
4-1	857-862	Etant	_	
4-2	863-867	secs	_	
4-3	868-869	&	_	
4-4	870-873	peu	_	
4-5	874-881	enfumez	_	
4-6	881-882	,	_	
4-7	883-893	pendez-les	_	
4-8	894-896	au	_	
4-9	897-905	planchet	_	
4-10	906-910	dans	_	
4-11	911-914	une	_	
4-12	915-922	chambre	_	
4-13	923-926	qui	_	
4-14	927-929	ne	_	
4-15	930-934	soit	_	
4-16	935-940	point	_	
4-17	941-947	humide	_	
4-18	947-948	,	_	
4-19	949-950	&	_	
4-20	951-958	jusqu'à	_	
4-21	959-961	ce	_	
4-22	962-965	que	_	
4-23	966-970	vous	_	
4-24	971-973	en	_	
4-25	974-978	ayez	_	
4-26	979-986	affaire	_	
4-27	986-987	;	_	
4-28	988-995	visitez	_	
4-29	996-999	les	_	
4-30	1000-1007	souvent	_	
4-31	1008-1010	de	_	
4-32	1011-1015	peur	_	
4-33	1016-1022	qu'ils	_	
4-34	1023-1025	ne	_	
4-35	1026-1037	pourrissent	_	
4-36	1037-1038	.	_	

#Text=Pour les faire cuire, prenez celui que vous voudrez, nettoyez-le & le mettez dessaler dans une grande chaudiere pleine d'eau, assaisonné de fines herbes & n'y mettez point de vin.
5-1	1055-1059	Pour	_	
5-2	1060-1063	les	_	
5-3	1064-1069	faire	_	
5-4	1070-1075	cuire	_	
5-5	1075-1076	,	_	
5-6	1077-1083	prenez	_	
5-7	1084-1089	celui	_	
5-8	1090-1093	que	_	
5-9	1094-1098	vous	_	
5-10	1099-1106	voudrez	_	
5-11	1106-1107	,	_	
5-12	1108-1119	nettoyez-le	_	
5-13	1120-1121	&	_	
5-14	1122-1124	le	_	
5-15	1125-1131	mettez	_	
5-16	1132-1140	dessaler	_	
5-17	1141-1145	dans	_	
5-18	1146-1149	une	_	
5-19	1150-1156	grande	_	
5-20	1157-1166	chaudiere	_	
5-21	1167-1173	pleine	_	
5-22	1174-1179	d'eau	_	
5-23	1179-1180	,	_	
5-24	1181-1191	assaisonné	_	
5-25	1192-1194	de	_	
5-26	1195-1200	fines	_	
5-27	1201-1207	herbes	_	
5-28	1208-1209	&	_	
5-29	1210-1213	n'y	_	
5-30	1214-1220	mettez	_	
5-31	1221-1226	point	_	
5-32	1227-1229	de	_	
5-33	1230-1233	vin	_	
5-34	1233-1234	.	_	

#Text=Etant cuit, levez la couane, parsemez de poivre & de persil haché, le picquer de clou, puis rabaissez la couane, & le mettez dans un lieu frais jusqu'à ce que vous le vouliez servir, ce que vous ferez garni de fleurs si vous en avez.
6-1	1235-1240	Etant	_	
6-2	1241-1245	cuit	_	
6-3	1245-1246	,	_	
6-4	1247-1252	levez	_	
6-5	1253-1255	la	_	
6-6	1256-1262	couane	_	
6-7	1262-1263	,	_	
6-8	1264-1272	parsemez	_	
6-9	1273-1275	de	_	
6-10	1276-1282	poivre	_	
6-11	1283-1284	&	_	
6-12	1285-1287	de	_	
6-13	1288-1294	persil	_	
6-14	1295-1300	haché	_	
6-15	1300-1301	,	_	
6-16	1302-1304	le	_	
6-17	1305-1312	picquer	_	
6-18	1313-1315	de	_	
6-19	1316-1320	clou	_	
6-20	1320-1321	,	_	
6-21	1322-1326	puis	_	
6-22	1327-1336	rabaissez	_	
6-23	1337-1339	la	_	
6-24	1340-1346	couane	_	
6-25	1346-1347	,	_	
6-26	1348-1349	&	_	
6-27	1350-1352	le	_	
6-28	1353-1359	mettez	_	
6-29	1360-1364	dans	_	
6-30	1365-1367	un	_	
6-31	1368-1372	lieu	_	
6-32	1373-1378	frais	_	
6-33	1379-1386	jusqu'à	_	
6-34	1387-1389	ce	_	
6-35	1390-1393	que	_	
6-36	1394-1398	vous	_	
6-37	1399-1401	le	_	
6-38	1402-1409	vouliez	_	
6-39	1410-1416	servir	_	
6-40	1416-1417	,	_	
6-41	1418-1420	ce	_	
6-42	1421-1424	que	_	
6-43	1425-1429	vous	_	
6-44	1430-1435	ferez	_	
6-45	1436-1441	garni	_	
6-46	1442-1444	de	_	
6-47	1445-1451	fleurs	_	
6-48	1452-1454	si	_	
6-49	1455-1459	vous	_	
6-50	1460-1462	en	_	
6-51	1463-1467	avez	_	
6-52	1467-1468	.	_	
