#FORMAT=WebAnno TSV 3.3
#T_SP=custom.Span|label
#T_RL=custom.Relation|label|BT_custom.Span


#Text=Ferment oil of Erica vulgaris.
1-1	1-8	Ferment	Smell\_Source[1]	_	_	
1-2	9-12	oil	Smell\_Source[1]	_	_	
1-3	13-15	of	Smell\_Source[1]	_	_	
1-4	16-21	Erica	Smell\_Source[1]	_	_	
1-5	22-30	vulgaris	Smell\_Source[1]	_	_	
1-6	30-31	.	_	_	_	

#Text=The fresh herb is treated as
#Text=above, the distillate is cohobated and repeatedly distilled after
#Text=addition of common salt, then sliaken up with ether and the ether
#Text=carefully distilled off from the dissolved oil.
2-1	32-35	The	_	_	_	
2-2	36-41	fresh	_	_	_	
2-3	42-46	herb	_	_	_	
2-4	47-49	is	_	_	_	
2-5	50-57	treated	_	_	_	
2-6	58-60	as	_	_	_	
2-7	61-66	above	_	_	_	
2-8	66-67	,	_	_	_	
2-9	68-71	the	_	_	_	
2-10	72-82	distillate	_	_	_	
2-11	83-85	is	_	_	_	
2-12	86-95	cohobated	_	_	_	
2-13	96-99	and	_	_	_	
2-14	100-110	repeatedly	_	_	_	
2-15	111-120	distilled	_	_	_	
2-16	121-126	after	_	_	_	
2-17	127-135	addition	_	_	_	
2-18	136-138	of	_	_	_	
2-19	139-145	common	_	_	_	
2-20	146-150	salt	_	_	_	
2-21	150-151	,	_	_	_	
2-22	152-156	then	_	_	_	
2-23	157-164	sliaken	_	_	_	
2-24	165-167	up	_	_	_	
2-25	168-172	with	_	_	_	
2-26	173-178	ether	_	_	_	
2-27	179-182	and	_	_	_	
2-28	183-186	the	_	_	_	
2-29	187-192	ether	_	_	_	
2-30	193-202	carefully	_	_	_	
2-31	203-212	distilled	_	_	_	
2-32	213-216	off	_	_	_	
2-33	217-221	from	_	_	_	
2-34	222-225	the	_	_	_	
2-35	226-235	dissolved	_	_	_	
2-36	236-239	oil	_	_	_	
2-37	239-240	.	_	_	_	

#Text=The oil is greenish-yellow, mobile, lighter than water, with a peculiar odour and sweet,
#Text=aromatic, huining taste.
3-1	241-244	The	_	_	_	
3-2	245-248	oil	_	_	_	
3-3	249-251	is	_	_	_	
3-4	252-267	greenish-yellow	_	_	_	
3-5	267-268	,	_	_	_	
3-6	269-275	mobile	_	_	_	
3-7	275-276	,	_	_	_	
3-8	277-284	lighter	_	_	_	
3-9	285-289	than	_	_	_	
3-10	290-295	water	_	_	_	
3-11	295-296	,	_	_	_	
3-12	297-301	with	_	_	_	
3-13	302-303	a	_	_	_	
3-14	304-312	peculiar	Quality	_	_	
3-15	313-318	odour	Smell\_Word	*|*	3-14|1-1[1_0]	
3-16	319-322	and	_	_	_	
3-17	323-328	sweet	_	_	_	
3-18	328-329	,	_	_	_	
3-19	330-338	aromatic	_	_	_	
3-20	338-339	,	_	_	_	
3-21	340-347	huining	_	_	_	
3-22	348-353	taste	_	_	_	
3-23	353-354	.	_	_	_	

#Text=It reddens litmus paper and burns with
#Text=a clear, blue-edged dame without leaving any residue.
4-1	355-357	It	_	_	_	
4-2	358-365	reddens	_	_	_	
4-3	366-372	litmus	_	_	_	
4-4	373-378	paper	_	_	_	
4-5	379-382	and	_	_	_	
4-6	383-388	burns	_	_	_	
4-7	389-393	with	_	_	_	
4-8	394-395	a	_	_	_	
4-9	396-401	clear	_	_	_	
4-10	401-402	,	_	_	_	
4-11	403-413	blue-edged	_	_	_	
4-12	414-418	dame	_	_	_	
4-13	419-426	without	_	_	_	
4-14	427-434	leaving	_	_	_	
4-15	435-438	any	_	_	_	
4-16	439-446	residue	_	_	_	
4-17	446-447	.	_	_	_	

#Text=Ferment oil of Marrubium vulgare.
5-1	449-456	Ferment	Smell\_Source[2]	_	_	
5-2	457-460	oil	Smell\_Source[2]	_	_	
5-3	461-463	of	Smell\_Source[2]	_	_	
5-4	464-473	Marrubium	Smell\_Source[2]	_	_	
5-5	474-481	vulgare	Smell\_Source[2]	_	_	
5-6	481-482	.	_	_	_	

#Text=The comminuted herb
#Text=is soaked in water and exposed to the sun, whereby it acquires an
#Text=offensive odour ; the liquid is then distilled, the distillate saturated
#Text=with common salt ; the flocks thereby separated are collected on a
#Text=filter and dissolved in ether and the ether slowly evaporated.
6-1	483-486	The	Smell\_Source[3]	_	_	
6-2	487-497	comminuted	Smell\_Source[3]	_	_	
6-3	498-502	herb	Smell\_Source[3]	_	_	
6-4	503-505	is	_	_	_	
6-5	506-512	soaked	Circumstances[4]	_	_	
6-6	513-515	in	Circumstances[4]	_	_	
6-7	516-521	water	Circumstances[4]	_	_	
6-8	522-525	and	Circumstances[4]	_	_	
6-9	526-533	exposed	Circumstances[4]	_	_	
6-10	534-536	to	Circumstances[4]	_	_	
6-11	537-540	the	Circumstances[4]	_	_	
6-12	541-544	sun	Circumstances[4]	_	_	
6-13	544-545	,	_	_	_	
6-14	546-553	whereby	_	_	_	
6-15	554-556	it	Smell\_Source	Anaphoric	6-1[3_0]	
6-16	557-565	acquires	_	_	_	
6-17	566-568	an	_	_	_	
6-18	569-578	offensive	Quality	_	_	
6-19	579-584	odour	Smell\_Word	*|*|*	6-5[4_0]|6-15|6-18	
6-20	585-586	;	_	_	_	
6-21	587-590	the	_	_	_	
6-22	591-597	liquid	_	_	_	
6-23	598-600	is	_	_	_	
6-24	601-605	then	_	_	_	
6-25	606-615	distilled	_	_	_	
6-26	615-616	,	_	_	_	
6-27	617-620	the	_	_	_	
6-28	621-631	distillate	_	_	_	
6-29	632-641	saturated	_	_	_	
6-30	642-646	with	_	_	_	
6-31	647-653	common	_	_	_	
6-32	654-658	salt	_	_	_	
6-33	659-660	;	_	_	_	
6-34	661-664	the	_	_	_	
6-35	665-671	flocks	_	_	_	
6-36	672-679	thereby	_	_	_	
6-37	680-689	separated	_	_	_	
6-38	690-693	are	_	_	_	
6-39	694-703	collected	_	_	_	
6-40	704-706	on	_	_	_	
6-41	707-708	a	_	_	_	
6-42	709-715	filter	_	_	_	
6-43	716-719	and	_	_	_	
6-44	720-729	dissolved	_	_	_	
6-45	730-732	in	_	_	_	
6-46	733-738	ether	_	_	_	
6-47	739-742	and	_	_	_	
6-48	743-746	the	_	_	_	
6-49	747-752	ether	_	_	_	
6-50	753-759	slowly	_	_	_	
6-51	760-770	evaporated	_	_	_	
6-52	770-771	.	_	_	_	

#Text=The
#Text=oil is lighter than water, has a peculiar sweet, ethereaT odour, and
#Text=an aromatic, slightly biting taste.
7-1	772-775	The	_	_	_	
7-2	776-779	oil	_	_	_	
7-3	780-782	is	_	_	_	
7-4	783-790	lighter	_	_	_	
7-5	791-795	than	_	_	_	
7-6	796-801	water	_	_	_	
7-7	801-802	,	_	_	_	
7-8	803-806	has	_	_	_	
7-9	807-808	a	_	_	_	
7-10	809-817	peculiar	Quality	_	_	
7-11	818-823	sweet	Quality	_	_	
7-12	823-824	,	_	_	_	
7-13	825-833	ethereaT	Quality	_	_	
7-14	834-839	odour	Smell\_Word	*|*|*|*	7-10|7-11|7-13|5-1[2_0]	
7-15	839-840	,	_	_	_	
7-16	841-844	and	_	_	_	
7-17	845-847	an	_	_	_	
7-18	848-856	aromatic	_	_	_	
7-19	856-857	,	_	_	_	
7-20	858-866	slightly	_	_	_	
7-21	867-873	biting	_	_	_	
7-22	874-879	taste	_	_	_	
7-23	879-880	.	_	_	_	

#Text=It burns without leaving any
#Text=residue, “With chlorine water it emits an odour of roses.
8-1	881-883	It	_	_	_	
8-2	884-889	burns	_	_	_	
8-3	890-897	without	_	_	_	
8-4	898-905	leaving	_	_	_	
8-5	906-909	any	_	_	_	
8-6	910-917	residue	_	_	_	
8-7	917-918	,	_	_	_	
8-8	919-920	“	_	_	_	
8-9	920-924	With	Circumstances[5]	_	_	
8-10	925-933	chlorine	Circumstances[5]	_	_	
8-11	934-939	water	Circumstances[5]	_	_	
8-12	940-942	it	Smell\_Source	Anaphoric	5-1[2_0]	
8-13	943-948	emits	_	_	_	
8-14	949-951	an	_	_	_	
8-15	952-957	odour	Smell\_Word	*|*|*	8-9[5_0]|8-12|8-16[6_0]	
8-16	958-960	of	Evoked\_Odorant[6]	_	_	
8-17	961-966	roses	Evoked\_Odorant[6]	_	_	
8-18	966-967	.	_	_	_	

#Text=It
#Text=dissolves in aqueous alkalies and in water."
9-1	968-970	It	_	_	_	
9-2	971-980	dissolves	_	_	_	
9-3	981-983	in	_	_	_	
9-4	984-991	aqueous	_	_	_	
9-5	992-1000	alkalies	_	_	_	
9-6	1001-1004	and	_	_	_	
9-7	1005-1007	in	_	_	_	
9-8	1008-1013	water	_	_	_	
9-9	1013-1014	.	_	_	_	
9-10	1014-1015	"	_	_	_	

#Text=Ferment oil of Achillea millefolium (“ Milfoil ” or common
#Text=“ Yarrow ”).
10-1	1017-1024	Ferment	Smell\_Source[7]	_	_	
10-2	1025-1028	oil	Smell\_Source[7]	_	_	
10-3	1029-1031	of	Smell\_Source[7]	_	_	
10-4	1032-1040	Achillea	Smell\_Source[7]	_	_	
10-5	1041-1052	millefolium	Smell\_Source[7]	_	_	
10-6	1053-1054	(	Smell\_Source[7]	_	_	
10-7	1054-1055	“	Smell\_Source[7]	_	_	
10-8	1056-1063	Milfoil	Smell\_Source[7]	_	_	
10-9	1064-1065	”	Smell\_Source[7]	_	_	
10-10	1066-1068	or	Smell\_Source[7]	_	_	
10-11	1069-1075	common	Smell\_Source[7]	_	_	
10-12	1076-1077	“	Smell\_Source[7]	_	_	
10-13	1078-1084	Yarrow	Smell\_Source[7]	_	_	
10-14	1085-1086	”	Smell\_Source[7]	_	_	
10-15	1086-1087	)	Smell\_Source[7]	_	_	
10-16	1087-1088	.	_	_	_	

#Text=The fresh flowering plant is macerated in water and
#Text=left to ferment ; the whole is distilled with cohobation.
11-1	1089-1092	The	_	_	_	
11-2	1093-1098	fresh	_	_	_	
11-3	1099-1108	flowering	_	_	_	
11-4	1109-1114	plant	_	_	_	
11-5	1115-1117	is	_	_	_	
11-6	1118-1127	macerated	_	_	_	
11-7	1128-1130	in	_	_	_	
11-8	1131-1136	water	_	_	_	
11-9	1137-1140	and	_	_	_	
11-10	1141-1145	left	_	_	_	
11-11	1146-1148	to	_	_	_	
11-12	1149-1156	ferment	_	_	_	
11-13	1157-1158	;	_	_	_	
11-14	1159-1162	the	_	_	_	
11-15	1163-1168	whole	_	_	_	
11-16	1169-1171	is	_	_	_	
11-17	1172-1181	distilled	_	_	_	
11-18	1182-1186	with	_	_	_	
11-19	1187-1197	cohobation	_	_	_	
11-20	1197-1198	.	_	_	_	

#Text=The blue
#Text=oil which floats on the distillate is removed ; the residual water,
#Text=after addition of common salt, is agitated with ether and the ether
#Text=which separates is evaporated off.
12-1	1199-1202	The	_	_	_	
12-2	1203-1207	blue	_	_	_	
12-3	1208-1211	oil	_	_	_	
12-4	1212-1217	which	_	_	_	
12-5	1218-1224	floats	_	_	_	
12-6	1225-1227	on	_	_	_	
12-7	1228-1231	the	_	_	_	
12-8	1232-1242	distillate	_	_	_	
12-9	1243-1245	is	_	_	_	
12-10	1246-1253	removed	_	_	_	
12-11	1254-1255	;	_	_	_	
12-12	1256-1259	the	_	_	_	
12-13	1260-1268	residual	_	_	_	
12-14	1269-1274	water	_	_	_	
12-15	1274-1275	,	_	_	_	
12-16	1276-1281	after	_	_	_	
12-17	1282-1290	addition	_	_	_	
12-18	1291-1293	of	_	_	_	
12-19	1294-1300	common	_	_	_	
12-20	1301-1305	salt	_	_	_	
12-21	1305-1306	,	_	_	_	
12-22	1307-1309	is	_	_	_	
12-23	1310-1318	agitated	_	_	_	
12-24	1319-1323	with	_	_	_	
12-25	1324-1329	ether	_	_	_	
12-26	1330-1333	and	_	_	_	
12-27	1334-1337	the	_	_	_	
12-28	1338-1343	ether	_	_	_	
12-29	1344-1349	which	_	_	_	
12-30	1350-1359	separates	_	_	_	
12-31	1360-1362	is	_	_	_	
12-32	1363-1373	evaporated	_	_	_	
12-33	1374-1377	off	_	_	_	
12-34	1377-1378	.	_	_	_	

#Text=It is a yellow-brown oil having
#Text=a slightly aromatic odour and an aromatic, bitter, rather sharp
#Text=taste.
13-1	1379-1381	It	Smell\_Source	Anaphoric	10-1[7_0]	
13-2	1382-1384	is	_	_	_	
13-3	1385-1386	a	_	_	_	
13-4	1387-1399	yellow-brown	_	_	_	
13-5	1400-1403	oil	_	_	_	
13-6	1404-1410	having	_	_	_	
13-7	1411-1412	a	_	_	_	
13-8	1413-1421	slightly	_	_	_	
13-9	1422-1430	aromatic	Quality	_	_	
13-10	1431-1436	odour	Smell\_Word	*|*	13-9|13-1	
13-11	1437-1440	and	_	_	_	
13-12	1441-1443	an	_	_	_	
13-13	1444-1452	aromatic	_	_	_	
13-14	1452-1453	,	_	_	_	
13-15	1454-1460	bitter	_	_	_	
13-16	1460-1461	,	_	_	_	
13-17	1462-1468	rather	_	_	_	
13-18	1469-1474	sharp	_	_	_	
13-19	1475-1480	taste	_	_	_	
13-20	1480-1481	.	_	_	_	

#Text=It dissolves in alcohol, ether and oils fixed and volatile.
14-1	1482-1484	It	_	_	_	
14-2	1485-1494	dissolves	_	_	_	
14-3	1495-1497	in	_	_	_	
14-4	1498-1505	alcohol	_	_	_	
14-5	1505-1506	,	_	_	_	
14-6	1507-1512	ether	_	_	_	
14-7	1513-1516	and	_	_	_	
14-8	1517-1521	oils	_	_	_	
14-9	1522-1527	fixed	_	_	_	
14-10	1528-1531	and	_	_	_	
14-11	1532-1540	volatile	_	_	_	
14-12	1540-1541	.	_	_	_	

#Text=Ferment oil of various species of Plantago.
15-1	1543-1550	Ferment	Smell\_Source[8]	_	_	
15-2	1551-1554	oil	Smell\_Source[8]	_	_	
15-3	1555-1557	of	Smell\_Source[8]	_	_	
15-4	1558-1565	various	Smell\_Source[8]	_	_	
15-5	1566-1573	species	Smell\_Source[8]	_	_	
15-6	1574-1576	of	Smell\_Source[8]	_	_	
15-7	1577-1585	Plantago	Smell\_Source[8]	_	_	
15-8	1585-1586	.	_	_	_	

#Text=The plantain leaves
#Text=are macerated, fermented, and distilled as above, and the distillate
#Text=exhausted with ether in the same way.
16-1	1587-1590	The	_	_	_	
16-2	1591-1599	plantain	_	_	_	
16-3	1600-1606	leaves	_	_	_	
16-4	1607-1610	are	_	_	_	
16-5	1611-1620	macerated	_	_	_	
16-6	1620-1621	,	_	_	_	
16-7	1622-1631	fermented	_	_	_	
16-8	1631-1632	,	_	_	_	
16-9	1633-1636	and	_	_	_	
16-10	1637-1646	distilled	_	_	_	
16-11	1647-1649	as	_	_	_	
16-12	1650-1655	above	_	_	_	
16-13	1655-1656	,	_	_	_	
16-14	1657-1660	and	_	_	_	
16-15	1661-1664	the	_	_	_	
16-16	1665-1675	distillate	_	_	_	
16-17	1676-1685	exhausted	_	_	_	
16-18	1686-1690	with	_	_	_	
16-19	1691-1696	ether	_	_	_	
16-20	1697-1699	in	_	_	_	
16-21	1700-1703	the	_	_	_	
16-22	1704-1708	same	_	_	_	
16-23	1709-1712	way	_	_	_	
16-24	1712-1713	.	_	_	_	

#Text=It is a yellow, transparent
#Text=oil with an ethereal odour and an aromatic, sweet, burning taste.
17-1	1714-1716	It	Smell\_Source	Anaphoric	15-1[8_0]	
17-2	1717-1719	is	_	_	_	
17-3	1720-1721	a	_	_	_	
17-4	1722-1728	yellow	_	_	_	
17-5	1728-1729	,	_	_	_	
17-6	1730-1741	transparent	_	_	_	
17-7	1742-1745	oil	_	_	_	
17-8	1746-1750	with	_	_	_	
17-9	1751-1753	an	_	_	_	
17-10	1754-1762	ethereal	Quality	_	_	
17-11	1763-1768	odour	Smell\_Word	*|*	17-10|17-1	
17-12	1769-1772	and	_	_	_	
17-13	1773-1775	an	_	_	_	
17-14	1776-1784	aromatic	_	_	_	
17-15	1784-1785	,	_	_	_	
17-16	1786-1791	sweet	_	_	_	
17-17	1791-1792	,	_	_	_	
17-18	1793-1800	burning	_	_	_	
17-19	1801-1806	taste	_	_	_	
17-20	1806-1807	.	_	_	_	

#Text=It is very volatile.
18-1	1808-1810	It	_	_	_	
18-2	1811-1813	is	_	_	_	
18-3	1814-1818	very	_	_	_	
18-4	1819-1827	volatile	_	_	_	
18-5	1827-1828	.	_	_	_	

#Text=With fuming nitric acid it turns brown, with
#Text=rise in temperature.
19-1	1829-1833	With	_	_	_	
19-2	1834-1840	fuming	_	_	_	
19-3	1841-1847	nitric	_	_	_	
19-4	1848-1852	acid	_	_	_	
19-5	1853-1855	it	_	_	_	
19-6	1856-1861	turns	_	_	_	
19-7	1862-1867	brown	_	_	_	
19-8	1867-1868	,	_	_	_	
19-9	1869-1873	with	_	_	_	
19-10	1874-1878	rise	_	_	_	
19-11	1879-1881	in	_	_	_	
19-12	1882-1893	temperature	_	_	_	
19-13	1893-1894	.	_	_	_	

#Text=The solution first becomes greenish-yellow,
#Text=with milky turbidity, then clear, smells like artificial musk and
#Text=has a very bitter taste.
20-1	1895-1898	The	Odour\_Carrier[9]	_	_	
20-2	1899-1907	solution	Odour\_Carrier[9]	_	_	
20-3	1908-1913	first	_	_	_	
20-4	1914-1921	becomes	_	_	_	
20-5	1922-1937	greenish-yellow	_	_	_	
20-6	1937-1938	,	_	_	_	
20-7	1939-1943	with	_	_	_	
20-8	1944-1949	milky	_	_	_	
20-9	1950-1959	turbidity	_	_	_	
20-10	1959-1960	,	_	_	_	
20-11	1961-1965	then	Circumstances[10]	_	_	
20-12	1966-1971	clear	Circumstances[10]	_	_	
20-13	1971-1972	,	_	_	_	
20-14	1973-1979	smells	Smell\_Word	*|*|*	20-15[11_0]|20-1[9_0]|20-11[10_0]	
20-15	1980-1984	like	Evoked\_Odorant[11]	_	_	
20-16	1985-1995	artificial	Evoked\_Odorant[11]	_	_	
20-17	1996-2000	musk	Evoked\_Odorant[11]	_	_	
20-18	2001-2004	and	_	_	_	
20-19	2005-2008	has	_	_	_	
20-20	2009-2010	a	_	_	_	
20-21	2011-2015	very	_	_	_	
20-22	2016-2022	bitter	_	_	_	
20-23	2023-2028	taste	_	_	_	
20-24	2028-2029	.	_	_	_	

#Text=It dissolves in alcohol, ether and oils.
21-1	2030-2032	It	_	_	_	
21-2	2033-2042	dissolves	_	_	_	
21-3	2043-2045	in	_	_	_	
21-4	2046-2053	alcohol	_	_	_	
21-5	2053-2054	,	_	_	_	
21-6	2055-2060	ether	_	_	_	
21-7	2061-2064	and	_	_	_	
21-8	2065-2069	oils	_	_	_	
21-9	2069-2070	.	_	_	_	

#Text=Ferment oil of Quercus Robur (the “ Cork Oak ”)• Obtained
#Text=from the fresh oak-leaves by fermentation, distillation and treat-
#Text=ment of the distillate with ether as above.
22-1	2073-2080	Ferment	Smell\_Source[12]	_	_	
22-2	2081-2084	oil	Smell\_Source[12]	_	_	
22-3	2085-2087	of	Smell\_Source[12]	_	_	
22-4	2088-2095	Quercus	Smell\_Source[12]	_	_	
22-5	2096-2101	Robur	Smell\_Source[12]	_	_	
22-6	2102-2103	(	Smell\_Source[12]	_	_	
22-7	2103-2106	the	Smell\_Source[12]	_	_	
22-8	2107-2108	“	Smell\_Source[12]	_	_	
22-9	2109-2113	Cork	Smell\_Source[12]	_	_	
22-10	2114-2117	Oak	Smell\_Source[12]	_	_	
22-11	2118-2119	”	Smell\_Source[12]	_	_	
22-12	2119-2120	)	Smell\_Source[12]	_	_	
22-13	2120-2121	•	_	_	_	
22-14	2122-2130	Obtained	_	_	_	
22-15	2131-2135	from	_	_	_	
22-16	2136-2139	the	_	_	_	
22-17	2140-2145	fresh	_	_	_	
22-18	2146-2156	oak-leaves	_	_	_	
22-19	2157-2159	by	_	_	_	
22-20	2160-2172	fermentation	_	_	_	
22-21	2172-2173	,	_	_	_	
22-22	2174-2186	distillation	_	_	_	
22-23	2187-2190	and	_	_	_	
22-24	2191-2196	treat	_	_	_	
22-25	2196-2197	-	_	_	_	
22-26	2198-2202	ment	_	_	_	
22-27	2203-2205	of	_	_	_	
22-28	2206-2209	the	_	_	_	
22-29	2210-2220	distillate	_	_	_	
22-30	2221-2225	with	_	_	_	
22-31	2226-2231	ether	_	_	_	
22-32	2232-2234	as	_	_	_	
22-33	2235-2240	above	_	_	_	
22-34	2240-2241	.	_	_	_	

#Text=The oil is pale green.
23-1	2242-2245	The	_	_	_	
23-2	2246-2249	oil	_	_	_	
23-3	2250-2252	is	_	_	_	
23-4	2253-2257	pale	_	_	_	
23-5	2258-2263	green	_	_	_	
23-6	2263-2264	.	_	_	_	

#Text=Sp. gr. 0-695 ; has an agreeable and enlivening odour, and sweet,
#Text=burning taste.
24-1	2265-2267	Sp	_	_	_	
24-2	2267-2268	.	_	_	_	
24-3	2269-2271	gr	_	_	_	
24-4	2271-2272	.	_	_	_	
24-5	2273-2274	0	_	_	_	
24-6	2274-2275	-	_	_	_	
24-7	2275-2278	695	_	_	_	
24-8	2279-2280	;	_	_	_	
24-9	2281-2284	has	_	_	_	
24-10	2285-2287	an	_	_	_	
24-11	2288-2297	agreeable	Quality	_	_	
24-12	2298-2301	and	_	_	_	
24-13	2302-2312	enlivening	Quality	_	_	
24-14	2313-2318	odour	Smell\_Word	*|*|*	24-13|24-11|22-1[12_0]	
24-15	2318-2319	,	_	_	_	
24-16	2320-2323	and	_	_	_	
24-17	2324-2329	sweet	_	_	_	
24-18	2329-2330	,	_	_	_	
24-19	2331-2338	burning	_	_	_	
24-20	2339-2344	taste	_	_	_	
24-21	2344-2345	.	_	_	_	

#Text=It reddens litmus and is easily intlamniable, giving
#Text=first a bluish, then whitish, non -fuliginous flame which emits a
#Text=penetrating odour.
25-1	2346-2348	It	_	_	_	
25-2	2349-2356	reddens	_	_	_	
25-3	2357-2363	litmus	_	_	_	
25-4	2364-2367	and	_	_	_	
25-5	2368-2370	is	_	_	_	
25-6	2371-2377	easily	_	_	_	
25-7	2378-2390	intlamniable	_	_	_	
25-8	2390-2391	,	_	_	_	
25-9	2392-2398	giving	_	_	_	
25-10	2399-2404	first	_	_	_	
25-11	2405-2406	a	_	_	_	
25-12	2407-2413	bluish	_	_	_	
25-13	2413-2414	,	_	_	_	
25-14	2415-2419	then	_	_	_	
25-15	2420-2427	whitish	_	_	_	
25-16	2427-2428	,	_	_	_	
25-17	2429-2432	non	Smell\_Source[13]	_	_	
25-18	2433-2434	-	Smell\_Source[13]	_	_	
25-19	2434-2444	fuliginous	Smell\_Source[13]	_	_	
25-20	2445-2450	flame	Smell\_Source[13]	_	_	
25-21	2451-2456	which	_	_	_	
25-22	2457-2462	emits	_	_	_	
25-23	2463-2464	a	_	_	_	
25-24	2465-2476	penetrating	Quality	_	_	
25-25	2477-2482	odour	Smell\_Word	*|*	25-24|25-17[13_0]	
25-26	2482-2483	.	_	_	_	

#Text=With fuming nitric acid it froths up and
#Text=becomes very hot, but does not lose its odour.
26-1	2484-2488	With	Circumstances[14]	_	_	
26-2	2489-2495	fuming	Circumstances[14]	_	_	
26-3	2496-2502	nitric	Circumstances[14]	_	_	
26-4	2503-2507	acid	Circumstances[14]	_	_	
26-5	2508-2510	it	_	_	_	
26-6	2511-2517	froths	_	_	_	
26-7	2518-2520	up	_	_	_	
26-8	2521-2524	and	_	_	_	
26-9	2525-2532	becomes	_	_	_	
26-10	2533-2537	very	_	_	_	
26-11	2538-2541	hot	_	_	_	
26-12	2541-2542	,	_	_	_	
26-13	2543-2546	but	_	_	_	
26-14	2547-2551	does	_	_	_	
26-15	2552-2555	not	_	_	_	
26-16	2556-2560	lose	_	_	_	
26-17	2561-2564	its	Smell\_Source	Anaphoric	22-1[12_0]	
26-18	2565-2570	odour	Smell\_Word	*|*	26-1[14_0]|26-17	
26-19	2570-2571	.	_	_	_	

#Text=It dissolves
#Text=sparingly in water ; rapidly in alcohol, ether, and oils both fixed
#Text=and volatile.
27-1	2572-2574	It	_	_	_	
27-2	2575-2584	dissolves	_	_	_	
27-3	2585-2594	sparingly	_	_	_	
27-4	2595-2597	in	_	_	_	
27-5	2598-2603	water	_	_	_	
27-6	2604-2605	;	_	_	_	
27-7	2606-2613	rapidly	_	_	_	
27-8	2614-2616	in	_	_	_	
27-9	2617-2624	alcohol	_	_	_	
27-10	2624-2625	,	_	_	_	
27-11	2626-2631	ether	_	_	_	
27-12	2631-2632	,	_	_	_	
27-13	2633-2636	and	_	_	_	
27-14	2637-2641	oils	_	_	_	
27-15	2642-2646	both	_	_	_	
27-16	2647-2652	fixed	_	_	_	
27-17	2653-2656	and	_	_	_	
27-18	2657-2665	volatile	_	_	_	
27-19	2665-2666	.	_	_	_	

#Text=Ferment oil of Salix pontandra.
28-1	2668-2675	Ferment	Smell\_Source[15]	_	_	
28-2	2676-2679	oil	Smell\_Source[15]	_	_	
28-3	2680-2682	of	Smell\_Source[15]	_	_	
28-4	2683-2688	Salix	Smell\_Source[15]	_	_	
28-5	2689-2698	pontandra	Smell\_Source[15]	_	_	
28-6	2698-2699	.	_	_	_	

#Text=(This willow is common in
#Text=the North of England and Ireland ; it is remarkable for its large
#Text=glossy leaves, more like those of a Portugal Laurel than of the
#Text=other willows.
29-1	2700-2701	(	_	_	_	
29-2	2701-2705	This	_	_	_	
29-3	2706-2712	willow	_	_	_	
29-4	2713-2715	is	_	_	_	
29-5	2716-2722	common	_	_	_	
29-6	2723-2725	in	_	_	_	
29-7	2726-2729	the	_	_	_	
29-8	2730-2735	North	_	_	_	
29-9	2736-2738	of	_	_	_	
29-10	2739-2746	England	_	_	_	
29-11	2747-2750	and	_	_	_	
29-12	2751-2758	Ireland	_	_	_	
29-13	2759-2760	;	_	_	_	
29-14	2761-2763	it	_	_	_	
29-15	2764-2766	is	_	_	_	
29-16	2767-2777	remarkable	_	_	_	
29-17	2778-2781	for	_	_	_	
29-18	2782-2785	its	_	_	_	
29-19	2786-2791	large	_	_	_	
29-20	2792-2798	glossy	_	_	_	
29-21	2799-2805	leaves	_	_	_	
29-22	2805-2806	,	_	_	_	
29-23	2807-2811	more	_	_	_	
29-24	2812-2816	like	_	_	_	
29-25	2817-2822	those	_	_	_	
29-26	2823-2825	of	_	_	_	
29-27	2826-2827	a	_	_	_	
29-28	2828-2836	Portugal	_	_	_	
29-29	2837-2843	Laurel	_	_	_	
29-30	2844-2848	than	_	_	_	
29-31	2849-2851	of	_	_	_	
29-32	2852-2855	the	_	_	_	
29-33	2856-2861	other	_	_	_	
29-34	2862-2869	willows	_	_	_	
29-35	2869-2870	.	_	_	_	

#Text=Its foliage is fragrant.)
30-1	2871-2874	Its	Smell\_Source[16]	_	_	
30-2	2875-2882	foliage	Smell\_Source[16]	_	_	
30-3	2883-2885	is	_	_	_	
30-4	2886-2894	fragrant	Quality[17]|Smell\_Word[18]	*|*	30-4[17_18]|30-1[16_18]	
30-5	2894-2895	.	_	_	_	
30-6	2895-2896	)	_	_	_	

#Text=The oil is obtained from
#Text=the fresh leaves in the same manner as above.
31-1	2897-2900	The	_	_	_	
31-2	2901-2904	oil	_	_	_	
31-3	2905-2907	is	_	_	_	
31-4	2908-2916	obtained	_	_	_	
31-5	2917-2921	from	_	_	_	
31-6	2922-2925	the	_	_	_	
31-7	2926-2931	fresh	_	_	_	
31-8	2932-2938	leaves	_	_	_	
31-9	2939-2941	in	_	_	_	
31-10	2942-2945	the	_	_	_	
31-11	2946-2950	same	_	_	_	
31-12	2951-2957	manner	_	_	_	
31-13	2958-2960	as	_	_	_	
31-14	2961-2966	above	_	_	_	
31-15	2966-2967	.	_	_	_	

#Text=It is yellow,
#Text=lighter than water, has an agreeable aromatic odour like that of
#Text=castoreum and, at the same time, like that of the leaves.
32-1	2968-2970	It	Smell\_Source	Anaphoric	28-1[15_0]	
32-2	2971-2973	is	_	_	_	
32-3	2974-2980	yellow	_	_	_	
32-4	2980-2981	,	_	_	_	
32-5	2982-2989	lighter	_	_	_	
32-6	2990-2994	than	_	_	_	
32-7	2995-3000	water	_	_	_	
32-8	3000-3001	,	_	_	_	
32-9	3002-3005	has	_	_	_	
32-10	3006-3008	an	_	_	_	
32-11	3009-3018	agreeable	Quality	_	_	
32-12	3019-3027	aromatic	Quality	_	_	
32-13	3028-3033	odour	Smell\_Word	*|*|*|*|*	32-11|32-12|32-1|32-14[19_0]|32-25[20_0]	
32-14	3034-3038	like	Evoked\_Odorant[19]	_	_	
32-15	3039-3043	that	Evoked\_Odorant[19]	_	_	
32-16	3044-3046	of	Evoked\_Odorant[19]	_	_	
32-17	3047-3056	castoreum	Evoked\_Odorant[19]	_	_	
32-18	3057-3060	and	_	_	_	
32-19	3060-3061	,	_	_	_	
32-20	3062-3064	at	_	_	_	
32-21	3065-3068	the	_	_	_	
32-22	3069-3073	same	_	_	_	
32-23	3074-3078	time	_	_	_	
32-24	3078-3079	,	_	_	_	
32-25	3080-3084	like	Evoked\_Odorant[20]	_	_	
32-26	3085-3089	that	Evoked\_Odorant[20]	_	_	
32-27	3090-3092	of	Evoked\_Odorant[20]	_	_	
32-28	3093-3096	the	Evoked\_Odorant[20]	_	_	
32-29	3097-3103	leaves	Evoked\_Odorant[20]	_	_	
32-30	3103-3104	.	_	_	_	

#Text=It
#Text=reddens litmus; smells strongly when heated, and burns with a
#Text=very smoky flame, leaving a small quantity of charcoal.
33-1	3105-3107	It	Smell\_Source	Anaphoric	28-1[15_0]	
33-2	3108-3115	reddens	_	_	_	
33-3	3116-3122	litmus	_	_	_	
33-4	3122-3123	;	_	_	_	
33-5	3124-3130	smells	Smell\_Word	*|*|*	33-1|33-6|33-7[21_0]	
33-6	3131-3139	strongly	Quality	_	_	
33-7	3140-3144	when	Circumstances[21]	_	_	
33-8	3145-3151	heated	Circumstances[21]	_	_	
33-9	3151-3152	,	_	_	_	
33-10	3153-3156	and	_	_	_	
33-11	3157-3162	burns	_	_	_	
33-12	3163-3167	with	_	_	_	
33-13	3168-3169	a	_	_	_	
33-14	3170-3174	very	_	_	_	
33-15	3175-3180	smoky	_	_	_	
33-16	3181-3186	flame	_	_	_	
33-17	3186-3187	,	_	_	_	
33-18	3188-3195	leaving	_	_	_	
33-19	3196-3197	a	_	_	_	
33-20	3198-3203	small	_	_	_	
33-21	3204-3212	quantity	_	_	_	
33-22	3213-3215	of	_	_	_	
33-23	3216-3224	charcoal	_	_	_	
33-24	3224-3225	.	_	_	_	

#Text=Ferment oil of Tussilago farfara (“Coltsfoot”).
34-1	3227-3234	Ferment	Smell\_Source[22]	_	_	
34-2	3235-3238	oil	Smell\_Source[22]	_	_	
34-3	3239-3241	of	Smell\_Source[22]	_	_	
34-4	3242-3251	Tussilago	Smell\_Source[22]	_	_	
34-5	3252-3259	farfara	Smell\_Source[22]	_	_	
34-6	3260-3261	(	Smell\_Source[22]	_	_	
34-7	3261-3262	“	Smell\_Source[22]	_	_	
34-8	3262-3271	Coltsfoot	Smell\_Source[22]	_	_	
34-9	3271-3272	”	Smell\_Source[22]	_	_	
34-10	3272-3273	)	Smell\_Source[22]	_	_	
34-11	3273-3274	.	_	_	_	

#Text=The fresh
#Text=bruised herb is macerated in water for 10 or 12 days, during
#Text=which it turns light green and acquires the odour of pickled
#Text=gherkins.
35-1	3275-3278	The	_	_	_	
35-2	3279-3284	fresh	_	_	_	
35-3	3285-3292	bruised	_	_	_	
35-4	3293-3297	herb	_	_	_	
35-5	3298-3300	is	_	_	_	
35-6	3301-3310	macerated	_	_	_	
35-7	3311-3313	in	_	_	_	
35-8	3314-3319	water	_	_	_	
35-9	3320-3323	for	_	_	_	
35-10	3324-3326	10	_	_	_	
35-11	3327-3329	or	_	_	_	
35-12	3330-3332	12	_	_	_	
35-13	3333-3337	days	_	_	_	
35-14	3337-3338	,	_	_	_	
35-15	3339-3345	during	_	_	_	
35-16	3346-3351	which	_	_	_	
35-17	3352-3354	it	_	_	_	
35-18	3355-3360	turns	_	_	_	
35-19	3361-3366	light	_	_	_	
35-20	3367-3372	green	_	_	_	
35-21	3373-3376	and	_	_	_	
35-22	3377-3385	acquires	_	_	_	
35-23	3386-3389	the	_	_	_	
35-24	3390-3395	odour	Smell\_Word	*|*	35-25[23_0]|34-1[22_0]	
35-25	3396-3398	of	Evoked\_Odorant[23]	_	_	
35-26	3399-3406	pickled	Evoked\_Odorant[23]	_	_	
35-27	3407-3415	gherkins	Evoked\_Odorant[23]	_	_	
35-28	3415-3416	.	_	_	_	

#Text=The whole is then distilled.
36-1	3417-3420	The	_	_	_	
36-2	3421-3426	whole	_	_	_	
36-3	3427-3429	is	_	_	_	
36-4	3430-3434	then	_	_	_	
36-5	3435-3444	distilled	_	_	_	
36-6	3444-3445	.	_	_	_	

#Text=The distillate, which has
#Text=a vinous odour, is saturated with common salt and re-distilled; this
#Text=second distillate is shaken up with a large quantity of ether and
#Text=the ether taken off and evaporated, the oil remaining beliind.
37-1	3446-3449	The	Odour\_Carrier[24]	_	_	
37-2	3450-3460	distillate	Odour\_Carrier[24]	_	_	
37-3	3460-3461	,	_	_	_	
37-4	3462-3467	which	_	_	_	
37-5	3468-3471	has	_	_	_	
37-6	3472-3473	a	_	_	_	
37-7	3474-3480	vinous	Quality	_	_	
37-8	3481-3486	odour	Smell\_Word	*|*	37-7|37-1[24_0]	
37-9	3486-3487	,	_	_	_	
37-10	3488-3490	is	_	_	_	
37-11	3491-3500	saturated	_	_	_	
37-12	3501-3505	with	_	_	_	
37-13	3506-3512	common	_	_	_	
37-14	3513-3517	salt	_	_	_	
37-15	3518-3521	and	_	_	_	
37-16	3522-3534	re-distilled	_	_	_	
37-17	3534-3535	;	_	_	_	
37-18	3536-3540	this	_	_	_	
37-19	3541-3547	second	_	_	_	
37-20	3548-3558	distillate	_	_	_	
37-21	3559-3561	is	_	_	_	
37-22	3562-3568	shaken	_	_	_	
37-23	3569-3571	up	_	_	_	
37-24	3572-3576	with	_	_	_	
37-25	3577-3578	a	_	_	_	
37-26	3579-3584	large	_	_	_	
37-27	3585-3593	quantity	_	_	_	
37-28	3594-3596	of	_	_	_	
37-29	3597-3602	ether	_	_	_	
37-30	3603-3606	and	_	_	_	
37-31	3607-3610	the	_	_	_	
37-32	3611-3616	ether	_	_	_	
37-33	3617-3622	taken	_	_	_	
37-34	3623-3626	off	_	_	_	
37-35	3627-3630	and	_	_	_	
37-36	3631-3641	evaporated	_	_	_	
37-37	3641-3642	,	_	_	_	
37-38	3643-3646	the	_	_	_	
37-39	3647-3650	oil	_	_	_	
37-40	3651-3660	remaining	_	_	_	
37-41	3661-3668	beliind	_	_	_	
37-42	3668-3669	.	_	_	_	

#Text=It
#Text=is yellowish, lighter than water, very volatile, has a peculiar,
#Text=strongly aromatic, penetrating odour and an aromatic taste neither burning nor cooling.
38-1	3670-3672	It	Smell\_Source	Anaphoric	34-1[22_0]	
38-2	3673-3675	is	_	_	_	
38-3	3676-3685	yellowish	_	_	_	
38-4	3685-3686	,	_	_	_	
38-5	3687-3694	lighter	_	_	_	
38-6	3695-3699	than	_	_	_	
38-7	3700-3705	water	_	_	_	
38-8	3705-3706	,	_	_	_	
38-9	3707-3711	very	_	_	_	
38-10	3712-3720	volatile	_	_	_	
38-11	3720-3721	,	_	_	_	
38-12	3722-3725	has	_	_	_	
38-13	3726-3727	a	_	_	_	
38-14	3728-3736	peculiar	Quality	_	_	
38-15	3736-3737	,	_	_	_	
38-16	3738-3746	strongly	Quality[25]	_	_	
38-17	3747-3755	aromatic	Quality[25]	_	_	
38-18	3755-3756	,	_	_	_	
38-19	3757-3768	penetrating	Quality	_	_	
38-20	3769-3774	odour	Smell\_Word	*|*|*|*	38-14|38-16[25_0]|38-19|38-1	
38-21	3775-3778	and	_	_	_	
38-22	3779-3781	an	_	_	_	
38-23	3782-3790	aromatic	_	_	_	
38-24	3791-3796	taste	_	_	_	
38-25	3797-3804	neither	_	_	_	
38-26	3805-3812	burning	_	_	_	
38-27	3813-3816	nor	_	_	_	
38-28	3817-3824	cooling	_	_	_	
38-29	3824-3825	.	_	_	_	

#Text=It easily takes fire and burns at
#Text=first vith a whitish afterwards with a reddish smoky flame.
39-1	3826-3828	It	_	_	_	
39-2	3829-3835	easily	_	_	_	
39-3	3836-3841	takes	_	_	_	
39-4	3842-3846	fire	_	_	_	
39-5	3847-3850	and	_	_	_	
39-6	3851-3856	burns	_	_	_	
39-7	3857-3859	at	_	_	_	
39-8	3860-3865	first	_	_	_	
39-9	3866-3870	vith	_	_	_	
39-10	3871-3872	a	_	_	_	
39-11	3873-3880	whitish	_	_	_	
39-12	3881-3891	afterwards	_	_	_	
39-13	3892-3896	with	_	_	_	
39-14	3897-3898	a	_	_	_	
39-15	3899-3906	reddish	_	_	_	
39-16	3907-3912	smoky	_	_	_	
39-17	3913-3918	flame	_	_	_	
39-18	3918-3919	.	_	_	_	

#Text=It  dissolves sparingly in water ; rapidly in alcohol or ether.
40-1	3920-3922	It	_	_	_	
40-2	3924-3933	dissolves	_	_	_	
40-3	3934-3943	sparingly	_	_	_	
40-4	3944-3946	in	_	_	_	
40-5	3947-3952	water	_	_	_	
40-6	3953-3954	;	_	_	_	
40-7	3955-3962	rapidly	_	_	_	
40-8	3963-3965	in	_	_	_	
40-9	3966-3973	alcohol	_	_	_	
40-10	3974-3976	or	_	_	_	
40-11	3977-3982	ether	_	_	_	
40-12	3982-3983	.	_	_	_	

#Text=Ferment oil of Trifolium fibrini (a species of clover).
41-1	3985-3992	Ferment	Smell\_Source[26]	_	_	
41-2	3993-3996	oil	Smell\_Source[26]	_	_	
41-3	3997-3999	of	Smell\_Source[26]	_	_	
41-4	4000-4009	Trifolium	Smell\_Source[26]	_	_	
41-5	4010-4017	fibrini	Smell\_Source[26]	_	_	
41-6	4018-4019	(	_	_	_	
41-7	4019-4020	a	_	_	_	
41-8	4021-4028	species	_	_	_	
41-9	4029-4031	of	_	_	_	
41-10	4032-4038	clover	_	_	_	
41-11	4038-4039	)	_	_	_	
41-12	4039-4040	.	_	_	_	

#Text=This
#Text=oil is obtained from the dried plant.
42-1	4041-4045	This	_	_	_	
42-2	4046-4049	oil	_	_	_	
42-3	4050-4052	is	_	_	_	
42-4	4053-4061	obtained	_	_	_	
42-5	4062-4066	from	_	_	_	
42-6	4067-4070	the	_	_	_	
42-7	4071-4076	dried	_	_	_	
42-8	4077-4082	plant	_	_	_	
42-9	4082-4083	.	_	_	_	

#Text=After the plant has been well
#Text=boiled with water and no longer has a bitter smell, by fermentation, distillation, saturating the distillate with common salt and
#Text=abstraction by ether as before described.
43-1	4084-4089	After	Circumstances[27]	_	_	
43-2	4090-4093	the	Circumstances[27]	_	_	
43-3	4094-4099	plant	Circumstances[27]	_	_	
43-4	4100-4103	has	Circumstances[27]	_	_	
43-5	4104-4108	been	Circumstances[27]	_	_	
43-6	4109-4113	well	Circumstances[27]	_	_	
43-7	4114-4120	boiled	Circumstances[27]	_	_	
43-8	4121-4125	with	Circumstances[27]	_	_	
43-9	4126-4131	water	Circumstances[27]	_	_	
43-10	4132-4135	and	Circumstances[27]	_	_	
43-11	4136-4138	no	Circumstances[27]	_	_	
43-12	4139-4145	longer	Circumstances[27]	_	_	
43-13	4146-4149	has	_	_	_	
43-14	4150-4151	a	_	_	_	
43-15	4152-4158	bitter	Quality	_	_	
43-16	4159-4164	smell	Smell\_Word	*|*|*	43-15|43-1[27_0]|41-1[26_0]	
43-17	4164-4165	,	_	_	_	
43-18	4166-4168	by	_	_	_	
43-19	4169-4181	fermentation	_	_	_	
43-20	4181-4182	,	_	_	_	
43-21	4183-4195	distillation	_	_	_	
43-22	4195-4196	,	_	_	_	
43-23	4197-4207	saturating	_	_	_	
43-24	4208-4211	the	_	_	_	
43-25	4212-4222	distillate	_	_	_	
43-26	4223-4227	with	_	_	_	
43-27	4228-4234	common	_	_	_	
43-28	4235-4239	salt	_	_	_	
43-29	4240-4243	and	_	_	_	
43-30	4244-4255	abstraction	_	_	_	
43-31	4256-4258	by	_	_	_	
43-32	4259-4264	ether	_	_	_	
43-33	4265-4267	as	_	_	_	
43-34	4268-4274	before	_	_	_	
43-35	4275-4284	described	_	_	_	
43-36	4284-4285	.	_	_	_	

#Text=It is pale yellow, lighter
#Text=than water, smells strongly aromatic, like the ferment oil of
#Text=Tussilago farfara.
44-1	4286-4288	It	Smell\_Source	Anaphoric	41-1[26_0]	
44-2	4289-4291	is	_	_	_	
44-3	4292-4296	pale	_	_	_	
44-4	4297-4303	yellow	_	_	_	
44-5	4303-4304	,	_	_	_	
44-6	4305-4312	lighter	_	_	_	
44-7	4313-4317	than	_	_	_	
44-8	4318-4323	water	_	_	_	
44-9	4323-4324	,	_	_	_	
44-10	4325-4331	smells	Smell\_Word	*|*	44-11[28_0]|44-14[29_0]	
44-11	4332-4340	strongly	Quality[28]	_	_	
44-12	4341-4349	aromatic	Quality[28]	_	_	
44-13	4349-4350	,	_	_	_	
44-14	4351-4355	like	Evoked\_Odorant[29]	_	_	
44-15	4356-4359	the	Evoked\_Odorant[29]	_	_	
44-16	4360-4367	ferment	Evoked\_Odorant[29]	_	_	
44-17	4368-4371	oil	Evoked\_Odorant[29]	_	_	
44-18	4372-4374	of	Evoked\_Odorant[29]	_	_	
44-19	4375-4384	Tussilago	Evoked\_Odorant[29]	_	_	
44-20	4385-4392	farfara	Evoked\_Odorant[29]	_	_	
44-21	4392-4393	.	_	_	_	

#Text=Its taste is at first burning and sweetish, afterwards aromatic.
45-1	4394-4397	Its	_	_	_	
45-2	4398-4403	taste	_	_	_	
45-3	4404-4406	is	_	_	_	
45-4	4407-4409	at	_	_	_	
45-5	4410-4415	first	_	_	_	
45-6	4416-4423	burning	_	_	_	
45-7	4424-4427	and	_	_	_	
45-8	4428-4436	sweetish	_	_	_	
45-9	4436-4437	,	_	_	_	
45-10	4438-4448	afterwards	_	_	_	
45-11	4449-4457	aromatic	_	_	_	
45-12	4457-4458	.	_	_	_	

#Text=It burns with a blue, slightly fuliginous flame,
#Text=giving off strong smelling vapours which excite coughing, and
#Text=leaves a small quantity of charcoal.
46-1	4459-4461	It	Smell\_Source	Anaphoric	41-1[26_0]	
46-2	4462-4467	burns	Circumstances[30]	_	_	
46-3	4468-4472	with	Circumstances[30]	_	_	
46-4	4473-4474	a	Circumstances[30]	_	_	
46-5	4475-4479	blue	Circumstances[30]	_	_	
46-6	4479-4480	,	Circumstances[30]	_	_	
46-7	4481-4489	slightly	Circumstances[30]	_	_	
46-8	4490-4500	fuliginous	Circumstances[30]	_	_	
46-9	4501-4506	flame	Circumstances[30]	_	_	
46-10	4506-4507	,	_	_	_	
46-11	4508-4514	giving	_	_	_	
46-12	4515-4518	off	_	_	_	
46-13	4519-4525	strong	Quality	_	_	
46-14	4526-4534	smelling	Smell\_Word[31]|Quality[32]	*|*|*|*|*	46-14[32_31]|46-13[0_31]|46-15[0_31]|46-2[30_31]|46-1[0_31]	
46-15	4535-4542	vapours	Odour\_Carrier	_	_	
46-16	4543-4548	which	_	_	_	
46-17	4549-4555	excite	_	_	_	
46-18	4556-4564	coughing	_	_	_	
46-19	4564-4565	,	_	_	_	
46-20	4566-4569	and	_	_	_	
46-21	4570-4576	leaves	_	_	_	
46-22	4577-4578	a	_	_	_	
46-23	4579-4584	small	_	_	_	
46-24	4585-4593	quantity	_	_	_	
46-25	4594-4596	of	_	_	_	
46-26	4597-4605	charcoal	_	_	_	
46-27	4605-4606	.	_	_	_	

#Text=It dissolves sparingly in
#Text=water, easily in alcohol and ether.
47-1	4607-4609	It	_	_	_	
47-2	4610-4619	dissolves	_	_	_	
47-3	4620-4629	sparingly	_	_	_	
47-4	4630-4632	in	_	_	_	
47-5	4633-4638	water	_	_	_	
47-6	4638-4639	,	_	_	_	
47-7	4640-4646	easily	_	_	_	
47-8	4647-4649	in	_	_	_	
47-9	4650-4657	alcohol	_	_	_	
47-10	4658-4661	and	_	_	_	
47-11	4662-4667	ether	_	_	_	
47-12	4667-4668	.	_	_	_	

#Text=Ferment oil of Urtica urens (“The Small Xettle”), obtained as
#Text=above, but from the fresh, flowering plant, which during fermentation emits first a vinous, then a sharp and intoxicating odour.
48-1	4670-4677	Ferment	Smell\_Source[33]	_	_	
48-2	4678-4681	oil	Smell\_Source[33]	_	_	
48-3	4682-4684	of	Smell\_Source[33]	_	_	
48-4	4685-4691	Urtica	Smell\_Source[33]	_	_	
48-5	4692-4697	urens	Smell\_Source[33]	_	_	
48-6	4698-4699	(	Smell\_Source[33]	_	_	
48-7	4699-4700	“	Smell\_Source[33]	_	_	
48-8	4700-4703	The	Smell\_Source[33]	_	_	
48-9	4704-4709	Small	Smell\_Source[33]	_	_	
48-10	4710-4716	Xettle	Smell\_Source[33]	_	_	
48-11	4716-4717	”	Smell\_Source[33]	_	_	
48-12	4717-4718	)	Smell\_Source[33]	_	_	
48-13	4718-4719	,	_	_	_	
48-14	4720-4728	obtained	_	_	_	
48-15	4729-4731	as	_	_	_	
48-16	4732-4737	above	_	_	_	
48-17	4737-4738	,	_	_	_	
48-18	4739-4742	but	_	_	_	
48-19	4743-4747	from	_	_	_	
48-20	4748-4751	the	_	_	_	
48-21	4752-4757	fresh	_	_	_	
48-22	4757-4758	,	_	_	_	
48-23	4759-4768	flowering	_	_	_	
48-24	4769-4774	plant	_	_	_	
48-25	4774-4775	,	_	_	_	
48-26	4776-4781	which	_	_	_	
48-27	4782-4788	during	Circumstances[34]	_	_	
48-28	4789-4801	fermentation	Circumstances[34]	_	_	
48-29	4802-4807	emits	_	_	_	
48-30	4808-4813	first	Time	_	_	
48-31	4814-4815	a	_	_	_	
48-32	4816-4822	vinous	Quality	_	_	
48-33	4822-4823	,	_	_	_	
48-34	4824-4828	then	Time	_	_	
48-35	4829-4830	a	_	_	_	
48-36	4831-4836	sharp	Quality	_	_	
48-37	4837-4840	and	_	_	_	
48-38	4841-4853	intoxicating	Quality	_	_	
48-39	4854-4859	odour	Smell\_Word	*|*|*|*|*|*|*|*	48-36|48-38|48-34|48-30|48-32|48-27[34_0]|48-1[33_0]|49-2[35_0]	
48-40	4859-4860	.	_	_	_	

#Text=It
#Text=resembles tlie ferment oil of Echium vulgare.
49-1	4861-4863	It	_	_	_	
49-2	4864-4873	resembles	Evoked\_Odorant[35]	_	_	
49-3	4874-4878	tlie	Evoked\_Odorant[35]	_	_	
49-4	4879-4886	ferment	Evoked\_Odorant[35]	_	_	
49-5	4887-4890	oil	Evoked\_Odorant[35]	_	_	
49-6	4891-4893	of	Evoked\_Odorant[35]	_	_	
49-7	4894-4900	Echium	Evoked\_Odorant[35]	_	_	
49-8	4901-4908	vulgare	Evoked\_Odorant[35]	_	_	
49-9	4908-4909	.	_	_	_	

#Text=Ferment oil of Vitis vinifera (the Grape Vine).
50-1	4911-4918	Ferment	Smell\_Source[36]	_	_	
50-2	4919-4922	oil	Smell\_Source[36]	_	_	
50-3	4923-4925	of	Smell\_Source[36]	_	_	
50-4	4926-4931	Vitis	Smell\_Source[36]	_	_	
50-5	4932-4940	vinifera	Smell\_Source[36]	_	_	
50-6	4941-4942	(	Smell\_Source[36]	_	_	
50-7	4942-4945	the	Smell\_Source[36]	_	_	
50-8	4946-4951	Grape	Smell\_Source[36]	_	_	
50-9	4952-4956	Vine	Smell\_Source[36]	_	_	
50-10	4956-4957	)	Smell\_Source[36]	_	_	
50-11	4957-4958	.	_	_	_	

#Text=Fermented
#Text=vine leaves are distilled, the distillate cohobated ; the result of the
#Text=second distillation abstracted with ether, and after evaporation of
#Text=the ether the oil remains as usual.
51-1	4959-4968	Fermented	_	_	_	
51-2	4969-4973	vine	_	_	_	
51-3	4974-4980	leaves	_	_	_	
51-4	4981-4984	are	_	_	_	
51-5	4985-4994	distilled	_	_	_	
51-6	4994-4995	,	_	_	_	
51-7	4996-4999	the	_	_	_	
51-8	5000-5010	distillate	_	_	_	
51-9	5011-5020	cohobated	_	_	_	
51-10	5021-5022	;	_	_	_	
51-11	5023-5026	the	_	_	_	
51-12	5027-5033	result	_	_	_	
51-13	5034-5036	of	_	_	_	
51-14	5037-5040	the	_	_	_	
51-15	5041-5047	second	_	_	_	
51-16	5048-5060	distillation	_	_	_	
51-17	5061-5071	abstracted	_	_	_	
51-18	5072-5076	with	_	_	_	
51-19	5077-5082	ether	_	_	_	
51-20	5082-5083	,	_	_	_	
51-21	5084-5087	and	_	_	_	
51-22	5088-5093	after	_	_	_	
51-23	5094-5105	evaporation	_	_	_	
51-24	5106-5108	of	_	_	_	
51-25	5109-5112	the	_	_	_	
51-26	5113-5118	ether	_	_	_	
51-27	5119-5122	the	_	_	_	
51-28	5123-5126	oil	_	_	_	
51-29	5127-5134	remains	_	_	_	
51-30	5135-5137	as	_	_	_	
51-31	5138-5143	usual	_	_	_	
51-32	5143-5144	.	_	_	_	

#Text=It is pale yellow, lighter than
#Text=water, has a peculiar vinous odour like wine-flowers and mignonette,
#Text=and a burning, sweetish, aromatic taste.
52-1	5145-5147	It	Smell\_Source	Anaphoric	50-1[36_0]	
52-2	5148-5150	is	_	_	_	
52-3	5151-5155	pale	_	_	_	
52-4	5156-5162	yellow	_	_	_	
52-5	5162-5163	,	_	_	_	
52-6	5164-5171	lighter	_	_	_	
52-7	5172-5176	than	_	_	_	
52-8	5177-5182	water	_	_	_	
52-9	5182-5183	,	_	_	_	
52-10	5184-5187	has	_	_	_	
52-11	5188-5189	a	_	_	_	
52-12	5190-5198	peculiar	Quality	_	_	
52-13	5199-5205	vinous	Quality	_	_	
52-14	5206-5211	odour	Smell\_Word	*|*|*|*	52-12|52-13|52-1|52-15[37_0]	
52-15	5212-5216	like	Evoked\_Odorant[37]	_	_	
52-16	5217-5229	wine-flowers	Evoked\_Odorant[37]	_	_	
52-17	5230-5233	and	Evoked\_Odorant[37]	_	_	
52-18	5234-5244	mignonette	Evoked\_Odorant[37]	_	_	
52-19	5244-5245	,	_	_	_	
52-20	5246-5249	and	_	_	_	
52-21	5250-5251	a	_	_	_	
52-22	5252-5259	burning	_	_	_	
52-23	5259-5260	,	_	_	_	
52-24	5261-5269	sweetish	_	_	_	
52-25	5269-5270	,	_	_	_	
52-26	5271-5279	aromatic	_	_	_	
52-27	5280-5285	taste	_	_	_	
52-28	5285-5286	.	_	_	_	

#Text=It reddens litmus slightly
#Text=but permanently.
53-1	5287-5289	It	_	_	_	
53-2	5290-5297	reddens	_	_	_	
53-3	5298-5304	litmus	_	_	_	
53-4	5305-5313	slightly	_	_	_	
53-5	5314-5317	but	_	_	_	
53-6	5318-5329	permanently	_	_	_	
53-7	5329-5330	.	_	_	_	

#Text=It evaporates in the air, diffusing a strong
#Text=odour.
54-1	5331-5333	It	Smell\_Source	Anaphoric	50-1[36_0]	
54-2	5334-5344	evaporates	_	_	_	
54-3	5345-5347	in	Odour\_Carrier[38]	_	_	
54-4	5348-5351	the	Odour\_Carrier[38]	_	_	
54-5	5352-5355	air	Odour\_Carrier[38]	_	_	
54-6	5355-5356	,	_	_	_	
54-7	5357-5366	diffusing	_	_	_	
54-8	5367-5368	a	_	_	_	
54-9	5369-5375	strong	Quality	_	_	
54-10	5376-5381	odour	Smell\_Word	*|*|*	54-9|54-1|54-3[38_0]	
54-11	5381-5382	.	_	_	_	

#Text=Heated with fuming nitric acid it resinifies and assumes
#Text=a grass-green colour.
55-1	5383-5389	Heated	_	_	_	
55-2	5390-5394	with	_	_	_	
55-3	5395-5401	fuming	_	_	_	
55-4	5402-5408	nitric	_	_	_	
55-5	5409-5413	acid	_	_	_	
55-6	5414-5416	it	_	_	_	
55-7	5417-5427	resinifies	_	_	_	
55-8	5428-5431	and	_	_	_	
55-9	5432-5439	assumes	_	_	_	
55-10	5440-5441	a	_	_	_	
55-11	5442-5453	grass-green	_	_	_	
55-12	5454-5460	colour	_	_	_	
55-13	5460-5461	.	_	_	_	

#Text=With sulphuric acid it forms first a white,
#Text=then a light red, and ultimately a brown mixture, without losing
#Text=its odour.
56-1	5462-5466	With	Circumstances[39]	_	_	
56-2	5467-5476	sulphuric	Circumstances[39]	_	_	
56-3	5477-5481	acid	Circumstances[39]	_	_	
56-4	5482-5484	it	_	_	_	
56-5	5485-5490	forms	_	_	_	
56-6	5491-5496	first	_	_	_	
56-7	5497-5498	a	_	_	_	
56-8	5499-5504	white	_	_	_	
56-9	5504-5505	,	_	_	_	
56-10	5506-5510	then	_	_	_	
56-11	5511-5512	a	_	_	_	
56-12	5513-5518	light	_	_	_	
56-13	5519-5522	red	_	_	_	
56-14	5522-5523	,	_	_	_	
56-15	5524-5527	and	_	_	_	
56-16	5528-5538	ultimately	_	_	_	
56-17	5539-5540	a	_	_	_	
56-18	5541-5546	brown	_	_	_	
56-19	5547-5554	mixture	_	_	_	
56-20	5554-5555	,	_	_	_	
56-21	5556-5563	without	_	_	_	
56-22	5564-5570	losing	_	_	_	
56-23	5571-5574	its	Smell\_Source	Anaphoric	50-1[36_0]	
56-24	5575-5580	odour	Smell\_Word	*|*	56-23|56-1[39_0]	
56-25	5580-5581	.	_	_	_	

#Text=It is not deodorised by agitation with chlorine water.
57-1	5582-5584	It	_	_	_	
57-2	5585-5587	is	_	_	_	
57-3	5588-5591	not	_	_	_	
57-4	5592-5602	deodorised	_	_	_	
57-5	5603-5605	by	_	_	_	
57-6	5606-5615	agitation	_	_	_	
57-7	5616-5620	with	_	_	_	
57-8	5621-5629	chlorine	_	_	_	
57-9	5630-5635	water	_	_	_	
57-10	5635-5636	.	_	_	_	

#Text=With aqueous potash it forms a clear mixture from whicli the oil
#Text=afterwards separates with red-brown colour, but with its original
#Text=odour.
58-1	5637-5641	With	Circumstances[40]	_	_	
58-2	5642-5649	aqueous	Circumstances[40]	_	_	
58-3	5650-5656	potash	Circumstances[40]	_	_	
58-4	5657-5659	it	_	_	_	
58-5	5660-5665	forms	_	_	_	
58-6	5666-5667	a	_	_	_	
58-7	5668-5673	clear	_	_	_	
58-8	5674-5681	mixture	_	_	_	
58-9	5682-5686	from	_	_	_	
58-10	5687-5693	whicli	_	_	_	
58-11	5694-5697	the	_	_	_	
58-12	5698-5701	oil	_	_	_	
58-13	5702-5712	afterwards	_	_	_	
58-14	5713-5722	separates	_	_	_	
58-15	5723-5727	with	_	_	_	
58-16	5728-5737	red-brown	_	_	_	
58-17	5738-5744	colour	_	_	_	
58-18	5744-5745	,	_	_	_	
58-19	5746-5749	but	_	_	_	
58-20	5750-5754	with	_	_	_	
58-21	5755-5758	its	Smell\_Source	Anaphoric	50-1[36_0]	
58-22	5759-5767	original	Quality	_	_	
58-23	5768-5773	odour	Smell\_Word	*|*|*	58-22|58-21|58-1[40_0]	
58-24	5773-5774	.	_	_	_	

#Text=It dissolves sparingly in water, abundantly in alcohol,
#Text=ether and fixed oils.
59-1	5775-5777	It	_	_	_	
59-2	5778-5787	dissolves	_	_	_	
59-3	5788-5797	sparingly	_	_	_	
59-4	5798-5800	in	_	_	_	
59-5	5801-5806	water	_	_	_	
59-6	5806-5807	,	_	_	_	
59-7	5808-5818	abundantly	_	_	_	
59-8	5819-5821	in	_	_	_	
59-9	5822-5829	alcohol	_	_	_	
59-10	5829-5830	,	_	_	_	
59-11	5831-5836	ether	_	_	_	
59-12	5837-5840	and	_	_	_	
59-13	5841-5846	fixed	_	_	_	
59-14	5847-5851	oils	_	_	_	
59-15	5851-5852	.	_	_	_	

#Text=With oil of turpentine and oil of lemon it
#Text=forms at first a milky solution, which afterwards becomes clear.
60-1	5853-5857	With	_	_	_	
60-2	5858-5861	oil	_	_	_	
60-3	5862-5864	of	_	_	_	
60-4	5865-5875	turpentine	_	_	_	
60-5	5876-5879	and	_	_	_	
60-6	5880-5883	oil	_	_	_	
60-7	5884-5886	of	_	_	_	
60-8	5887-5892	lemon	_	_	_	
60-9	5893-5895	it	_	_	_	
60-10	5896-5901	forms	_	_	_	
60-11	5902-5904	at	_	_	_	
60-12	5905-5910	first	_	_	_	
60-13	5911-5912	a	_	_	_	
60-14	5913-5918	milky	_	_	_	
60-15	5919-5927	solution	_	_	_	
60-16	5927-5928	,	_	_	_	
60-17	5929-5934	which	_	_	_	
60-18	5935-5945	afterwards	_	_	_	
60-19	5946-5953	becomes	_	_	_	
60-20	5954-5959	clear	_	_	_	
60-21	5959-5960	.	_	_	_	
