#FORMAT=WebAnno TSV 3.3


#Text=Seifenbäder ſind aufzubewahren: ſie bilden den unter dem Na-
#Text=men Baſtſeife bekannten wertvollen Zuſatz in der Seidenbuntfärberei.
1-1	2-13	Seifenbäder	
1-2	14-18	ſind	
1-3	19-32	aufzubewahren	
1-4	32-33	:	
1-5	34-37	ſie	
1-6	38-44	bilden	
1-7	45-48	den	
1-8	49-54	unter	
1-9	55-58	dem	
1-10	59-61	Na	
1-11	61-62	-	
1-12	63-66	men	
1-13	67-76	Baſtſeife	
1-14	77-86	bekannten	
1-15	87-97	wertvollen	
1-16	98-104	Zuſatz	
1-17	105-107	in	
1-18	108-111	der	
1-19	112-130	Seidenbuntfärberei	
1-20	130-131	.	

#Text=Die
#Text=aus dem zweiten Seifenbade herausgenommene Seide wird ſchließlich in
#Text=einem dritten 60° warmen, ganz ſchwachen Seifen- oder Sodabade geſpült,
#Text=abgewunden und getrocknet.
2-1	132-135	Die	
2-2	136-139	aus	
2-3	140-143	dem	
2-4	144-151	zweiten	
2-5	152-162	Seifenbade	
2-6	163-178	herausgenommene	
2-7	179-184	Seide	
2-8	185-189	wird	
2-9	190-201	ſchließlich	
2-10	202-204	in	
2-11	205-210	einem	
2-12	211-218	dritten	
2-13	219-221	60	
2-14	221-222	°	
2-15	223-229	warmen	
2-16	229-230	,	
2-17	231-235	ganz	
2-18	236-245	ſchwachen	
2-19	246-252	Seifen	
2-20	252-253	-	
2-21	254-258	oder	
2-22	259-267	Sodabade	
2-23	268-275	geſpült	
2-24	275-276	,	
2-25	277-287	abgewunden	
2-26	288-291	und	
2-27	292-302	getrocknet	
2-28	302-303	.	

#Text=Das geſamte Degummieren erfordert 1 bis
#Text=2 Stunden.
3-1	304-307	Das	
3-2	308-315	geſamte	
3-3	316-327	Degummieren	
3-4	328-337	erfordert	
3-5	338-339	1	
3-6	340-343	bis	
3-7	344-345	2	
3-8	346-353	Stunden	
3-9	353-354	.	

#Text=Degummierte Seiden ſind zum Färben mit dunkeln Farben
#Text=
#Text=ohne weiteres zu gebrauchen.
4-1	355-366	Degummierte	
4-2	367-373	Seiden	
4-3	374-378	ſind	
4-4	379-382	zum	
4-5	383-389	Färben	
4-6	390-393	mit	
4-7	394-401	dunkeln	
4-8	402-408	Farben	
4-9	410-414	ohne	
4-10	415-423	weiteres	
4-11	424-426	zu	
4-12	427-437	gebrauchen	
4-13	437-438	.	

#Text=Wie oben bei der Zuſammenſetzung der Rohſeide auseinandergeſetzt
#Text=wurde, löſt ſich der Seidenleim auch in Waſſer und zwar laſſen ſich bei
#Text=Anwendung von überhitztem Waſſerdampf 28 bis 30 Prozent ausziehen
5-1	442-445	Wie	
5-2	446-450	oben	
5-3	451-454	bei	
5-4	455-458	der	
5-5	459-474	Zuſammenſetzung	
5-6	475-478	der	
5-7	479-487	Rohſeide	
5-8	488-506	auseinandergeſetzt	
5-9	507-512	wurde	
5-10	512-513	,	
5-11	514-518	löſt	
5-12	519-523	ſich	
5-13	524-527	der	
5-14	528-538	Seidenleim	
5-15	539-543	auch	
5-16	544-546	in	
5-17	547-553	Waſſer	
5-18	554-557	und	
5-19	558-562	zwar	
5-20	563-569	laſſen	
5-21	570-574	ſich	
5-22	575-578	bei	
5-23	579-588	Anwendung	
5-24	589-592	von	
5-25	593-604	überhitztem	
5-26	605-616	Waſſerdampf	
5-27	617-619	28	
5-28	620-623	bis	
5-29	624-626	30	
5-30	627-634	Prozent	
5-31	635-644	ausziehen	

#Text=.
6-1	644-645	.	

#Text=[37/0063
#Text=]
#Text=
#Text=Man könnte daher auch das Entſchälen der Seide mit überhitztem Waſſer-
#Text=
#Text=dampf ausführen;
#Text=dieſer aber macht die Seidenfaſer hart und ſpröde;
#Text=man
#Text=zieht deshalb die Anwendung von Seifenbädern und geringerer Wärme vor,
#Text=da ſich der Seidenleim in alkaliſchen Flüſſigkeiten beſonders gut löſt.
7-1	650-651	[	
7-2	651-653	37	
7-3	653-654	/	
7-4	654-658	0063	
7-5	659-660	]	
7-6	662-665	Man	
7-7	666-672	könnte	
7-8	673-678	daher	
7-9	679-683	auch	
7-10	684-687	das	
7-11	688-698	Entſchälen	
7-12	699-702	der	
7-13	703-708	Seide	
7-14	709-712	mit	
7-15	713-724	überhitztem	
7-16	725-731	Waſſer	
7-17	731-732	-	
7-18	734-739	dampf	
7-19	740-749	ausführen	
7-20	749-750	;	
7-21	751-757	dieſer	
7-22	758-762	aber	
7-23	763-768	macht	
7-24	769-772	die	
7-25	773-784	Seidenfaſer	
7-26	785-789	hart	
7-27	790-793	und	
7-28	794-800	ſpröde	
7-29	800-801	;	
7-30	802-805	man	
7-31	806-811	zieht	
7-32	812-819	deshalb	
7-33	820-823	die	
7-34	824-833	Anwendung	
7-35	834-837	von	
7-36	838-850	Seifenbädern	
7-37	851-854	und	
7-38	855-865	geringerer	
7-39	866-871	Wärme	
7-40	872-875	vor	
7-41	875-876	,	
7-42	877-879	da	
7-43	880-884	ſich	
7-44	885-888	der	
7-45	889-899	Seidenleim	
7-46	900-902	in	
7-47	903-914	alkaliſchen	
7-48	915-928	Flüſſigkeiten	
7-49	929-938	beſonders	
7-50	939-942	gut	
7-51	943-947	löſt	
7-52	947-948	.	

#Text=Bei
#Text=vernunftgemäßer Anwendung der Seifenbäder kann man den Seidenleim
#Text=vollſtändig entfernen;
#Text=der Gewichtsverluſt beträgt dann 25 bis 30 Pro-
#Text=zent der Rohſeide bei europäiſchen Seiden, dagegen nur 18 bis 22 Prozent
#Text=
#Text=bei chineſiſchen und japaneſiſchen Seiden.
8-1	949-952	Bei	
8-2	953-968	vernunftgemäßer	
8-3	969-978	Anwendung	
8-4	979-982	der	
8-5	983-994	Seifenbäder	
8-6	995-999	kann	
8-7	1000-1003	man	
8-8	1004-1007	den	
8-9	1008-1018	Seidenleim	
8-10	1019-1030	vollſtändig	
8-11	1031-1040	entfernen	
8-12	1040-1041	;	
8-13	1042-1045	der	
8-14	1046-1061	Gewichtsverluſt	
8-15	1062-1069	beträgt	
8-16	1070-1074	dann	
8-17	1075-1077	25	
8-18	1078-1081	bis	
8-19	1082-1084	30	
8-20	1085-1088	Pro	
8-21	1088-1089	-	
8-22	1090-1094	zent	
8-23	1095-1098	der	
8-24	1099-1107	Rohſeide	
8-25	1108-1111	bei	
8-26	1112-1124	europäiſchen	
8-27	1125-1131	Seiden	
8-28	1131-1132	,	
8-29	1133-1140	dagegen	
8-30	1141-1144	nur	
8-31	1145-1147	18	
8-32	1148-1151	bis	
8-33	1152-1154	22	
8-34	1155-1162	Prozent	
8-35	1164-1167	bei	
8-36	1168-1180	chineſiſchen	
8-37	1181-1184	und	
8-38	1185-1198	japaneſiſchen	
8-39	1199-1205	Seiden	
8-40	1205-1206	.	

#Text=Solche vollſtändig entſchälten Sei-
#Text=
#Text=den heißen Cuits.
9-1	1207-1213	Solche	
9-2	1214-1225	vollſtändig	
9-3	1226-1237	entſchälten	
9-4	1238-1241	Sei	
9-5	1241-1242	-	
9-6	1244-1247	den	
9-7	1248-1254	heißen	
9-8	1255-1260	Cuits	
9-9	1260-1261	.	

#Text=(Fälſchlicherweiſe werden aber auch die zum Degum-
#Text=mieren verwendeten Bäder, alſo die Baſtſeifenlaugen cuits genannt.)
#Text=—
10-1	1262-1263	(	
10-2	1263-1280	Fälſchlicherweiſe	
10-3	1281-1287	werden	
10-4	1288-1292	aber	
10-5	1293-1297	auch	
10-6	1298-1301	die	
10-7	1302-1305	zum	
10-8	1306-1311	Degum	
10-9	1311-1312	-	
10-10	1313-1319	mieren	
10-11	1320-1331	verwendeten	
10-12	1332-1337	Bäder	
10-13	1337-1338	,	
10-14	1339-1343	alſo	
10-15	1344-1347	die	
10-16	1348-1364	Baſtſeifenlaugen	
10-17	1365-1370	cuits	
10-18	1371-1378	genannt	
10-19	1378-1379	.	
10-20	1379-1380	)	
10-21	1381-1382	—	
