#FORMAT=WebAnno TSV 3.3


#Text=Vom Biſamſamen.
1-1	4-7	Vom	
1-2	8-18	Biſamſamen	
1-3	18-19	.	

#Text=AMbrette, Graine de Muſc, der Biſam-
#Text=ſamen, iſt ein klein, braun und rau-
#Text=ches Koͤrnlein, wie eine Nadelkoppe groß,
#Text=und wie eine kleine Niere geſtalt, riecht
#Text=nach Moſch und Ambra, ſonderlich,
#Text=wenn es noch friſch iſt, daher es dann
#Text=auch ſeinen Namen hat bekommen.
2-1	23-31	AMbrette	
2-2	31-32	,	
2-3	33-39	Graine	
2-4	40-42	de	
2-5	43-47	Muſc	
2-6	47-48	,	
2-7	49-52	der	
2-8	53-58	Biſam	
2-9	58-59	-	
2-10	60-65	ſamen	
2-11	65-66	,	
2-12	67-70	iſt	
2-13	71-74	ein	
2-14	75-80	klein	
2-15	80-81	,	
2-16	82-87	braun	
2-17	88-91	und	
2-18	92-95	rau	
2-19	95-96	-	
2-20	97-101	ches	
2-21	102-111	Koͤrnlein	
2-22	111-112	,	
2-23	113-116	wie	
2-24	117-121	eine	
2-25	122-132	Nadelkoppe	
2-26	133-137	groß	
2-27	137-138	,	
2-28	139-142	und	
2-29	143-146	wie	
2-30	147-151	eine	
2-31	152-158	kleine	
2-32	159-164	Niere	
2-33	165-172	geſtalt	
2-34	172-173	,	
2-35	174-180	riecht	
2-36	181-185	nach	
2-37	186-191	Moſch	
2-38	192-195	und	
2-39	196-201	Ambra	
2-40	201-202	,	
2-41	203-213	ſonderlich	
2-42	213-214	,	
2-43	215-219	wenn	
2-44	220-222	es	
2-45	223-227	noch	
2-46	228-234	friſch	
2-47	235-238	iſt	
2-48	238-239	,	
2-49	240-245	daher	
2-50	246-248	es	
2-51	249-253	dann	
2-52	254-258	auch	
2-53	259-265	ſeinen	
2-54	266-271	Namen	
2-55	272-275	hat	
2-56	276-284	bekommen	
2-57	284-285	.	

#Text=Das Kraut ſchieſt gerade in die Hoͤhe,
#Text=hat gruͤne Blaͤtter, die ſo weich als Sam-
#Text=met ſind, und bald wie die Pappel-
#Text=blaͤtter ſehen, darum es auch Alcea In-
#Text=dica villoſa, die Jndianiſche Sammtpap-
#Text=pel genennet wird.
3-1	289-292	Das	
3-2	293-298	Kraut	
3-3	299-306	ſchieſt	
3-4	307-313	gerade	
3-5	314-316	in	
3-6	317-320	die	
3-7	321-326	Hoͤhe	
3-8	326-327	,	
3-9	328-331	hat	
3-10	332-338	gruͤne	
3-11	339-347	Blaͤtter	
3-12	347-348	,	
3-13	349-352	die	
3-14	353-355	ſo	
3-15	356-361	weich	
3-16	362-365	als	
3-17	366-369	Sam	
3-18	369-370	-	
3-19	371-374	met	
3-20	375-379	ſind	
3-21	379-380	,	
3-22	381-384	und	
3-23	385-389	bald	
3-24	390-393	wie	
3-25	394-397	die	
3-26	398-404	Pappel	
3-27	404-405	-	
3-28	406-414	blaͤtter	
3-29	415-420	ſehen	
3-30	420-421	,	
3-31	422-427	darum	
3-32	428-430	es	
3-33	431-435	auch	
3-34	436-441	Alcea	
3-35	442-444	In	
3-36	444-445	-	
3-37	446-450	dica	
3-38	451-458	villoſa	
3-39	458-459	,	
3-40	460-463	die	
3-41	464-475	Jndianiſche	
3-42	476-484	Sammtpap	
3-43	484-485	-	
3-44	486-489	pel	
3-45	490-498	genennet	
3-46	499-503	wird	
3-47	503-504	.	

#Text=Es traͤgt gelbe Blu-
#Text=men, wie Glocken, aus denen dreyeckig-
#Text=te Huͤlſen entſtehen, die auswendig
#Text=
#Text=braun, inwendig weiß ſehen, und des
#Text=Fingers lang ſind;
#Text=in dieſen liegt der
#Text=Samen.
4-1	505-507	Es	
4-2	508-514	traͤgt	
4-3	515-520	gelbe	
4-4	521-524	Blu	
4-5	524-525	-	
4-6	526-529	men	
4-7	529-530	,	
4-8	531-534	wie	
4-9	535-542	Glocken	
4-10	542-543	,	
4-11	544-547	aus	
4-12	548-553	denen	
4-13	554-563	dreyeckig	
4-14	563-564	-	
4-15	565-567	te	
4-16	568-575	Huͤlſen	
4-17	576-585	entſtehen	
4-18	585-586	,	
4-19	587-590	die	
4-20	591-600	auswendig	
4-21	602-607	braun	
4-22	607-608	,	
4-23	609-617	inwendig	
4-24	618-622	weiß	
4-25	623-628	ſehen	
4-26	628-629	,	
4-27	630-633	und	
4-28	634-637	des	
4-29	638-645	Fingers	
4-30	646-650	lang	
4-31	651-655	ſind	
4-32	655-656	;	
4-33	657-659	in	
4-34	660-666	dieſen	
4-35	667-672	liegt	
4-36	673-676	der	
4-37	677-682	Samen	
4-38	682-683	.	

#Text=Der Samen aber ſoll friſch ſeyn, fein
#Text=voͤllig, wohlriechend, trucken und reine.
5-1	687-690	Der	
5-2	691-696	Samen	
5-3	697-701	aber	
5-4	702-706	ſoll	
5-5	707-713	friſch	
5-6	714-718	ſeyn	
5-7	718-719	,	
5-8	720-724	fein	
5-9	725-732	voͤllig	
5-10	732-733	,	
5-11	734-746	wohlriechend	
5-12	746-747	,	
5-13	748-755	trucken	
5-14	756-759	und	
5-15	760-765	reine	
5-16	765-766	.	

#Text=Derjenige, welcher aus der Jnſel Mar-
#Text=tinigo gebracht wird, riecht viel ſtaͤrcker,
#Text=als der aus den andern Jnſeln kommt.
6-1	768-777	Derjenige	
6-2	777-778	,	
6-3	779-786	welcher	
6-4	787-790	aus	
6-5	791-794	der	
6-6	795-800	Jnſel	
6-7	801-804	Mar	
6-8	804-805	-	
6-9	806-812	tinigo	
6-10	813-821	gebracht	
6-11	822-826	wird	
6-12	826-827	,	
6-13	828-834	riecht	
6-14	835-839	viel	
6-15	840-849	ſtaͤrcker	
6-16	849-850	,	
6-17	851-854	als	
6-18	855-858	der	
6-19	859-862	aus	
6-20	863-866	den	
6-21	867-873	andern	
6-22	874-880	Jnſeln	
6-23	881-886	kommt	
6-24	886-887	.	

#Text=Dieſes Kraut waͤchſt auch in Egypten/
#Text=woſelbſt es Moſch, und der Samen
#Text=Abelmoſch genennt wird.
7-1	889-895	Dieſes	
7-2	896-901	Kraut	
7-3	902-909	waͤchſt	
7-4	910-914	auch	
7-5	915-917	in	
7-6	918-925	Egypten	
7-7	925-926	/	
7-8	927-935	woſelbſt	
7-9	936-938	es	
7-10	939-944	Moſch	
7-11	944-945	,	
7-12	946-949	und	
7-13	950-953	der	
7-14	954-959	Samen	
7-15	960-969	Abelmoſch	
7-16	970-977	genennt	
7-17	978-982	wird	
7-18	982-983	.	

#Text=Die Parfumirer, ſonderlich in Jta-
#Text=lien, brauchen dieſen Samen am mei-
#Text=ſten;
#Text=inngleichen die Paternoſter- und
#Text=Roſenkraͤntzmacher.
8-1	987-990	Die	
8-2	991-1001	Parfumirer	
8-3	1001-1002	,	
8-4	1003-1013	ſonderlich	
8-5	1014-1016	in	
8-6	1017-1020	Jta	
8-7	1020-1021	-	
8-8	1022-1026	lien	
8-9	1026-1027	,	
8-10	1028-1036	brauchen	
8-11	1037-1043	dieſen	
8-12	1044-1049	Samen	
8-13	1050-1052	am	
8-14	1053-1056	mei	
8-15	1056-1057	-	
8-16	1058-1062	ſten	
8-17	1062-1063	;	
8-18	1064-1075	inngleichen	
8-19	1076-1079	die	
8-20	1080-1091	Paternoſter	
8-21	1091-1092	-	
8-22	1093-1096	und	
8-23	1097-1115	Roſenkraͤntzmacher	
8-24	1115-1116	.	

#Text=Man
#Text=\f
#Text=[
#Text=0048]
#Text=
#Text=
#Text=Der Spezereyen und Materialien
9-1	1120-1123	Man	
9-2	1126-1127	[	
9-3	1128-1132	0048	
9-4	1132-1133	]	
9-5	1136-1139	Der	
9-6	1140-1150	Spezereyen	
9-7	1151-1154	und	
9-8	1155-1166	Materialien	
