#FORMAT=WebAnno TSV 3.3
#T_SP=custom.Span|label
#T_RL=custom.Relation|label|BT_custom.Span


#Text=Vom Biſamſamen.
1-1	4-7	Vom	_	_	_	
1-2	8-18	Biſamſamen	_	_	_	
1-3	18-19	.	_	_	_	

#Text=AMbrette, Graine de Muſc, der Biſam-
#Text=ſamen, iſt ein klein, braun und rau-
#Text=ches Koͤrnlein, wie eine Nadelkoppe groß,
#Text=und wie eine kleine Niere geſtalt, riecht
#Text=nach Moſch und Ambra, ſonderlich,
#Text=wenn es noch friſch iſt, daher es dann
#Text=auch ſeinen Namen hat bekommen.
2-1	23-31	AMbrette	_	_	_	
2-2	31-32	,	_	_	_	
2-3	33-39	Graine	_	_	_	
2-4	40-42	de	_	_	_	
2-5	43-47	Muſc	_	_	_	
2-6	47-48	,	_	_	_	
2-7	49-52	der	_	_	_	
2-8	53-58	Biſam	Smell\_Source[1]	*	2-44[0_1]	
2-9	58-59	-	Smell\_Source[1]	_	_	
2-10	60-65	ſamen	Smell\_Source[1]	_	_	
2-11	65-66	,	_	_	_	
2-12	67-70	iſt	_	_	_	
2-13	71-74	ein	_	_	_	
2-14	75-80	klein	_	_	_	
2-15	80-81	,	_	_	_	
2-16	82-87	braun	_	_	_	
2-17	88-91	und	_	_	_	
2-18	92-95	rau	_	_	_	
2-19	95-96	-	_	_	_	
2-20	97-101	ches	_	_	_	
2-21	102-111	Koͤrnlein	_	_	_	
2-22	111-112	,	_	_	_	
2-23	113-116	wie	_	_	_	
2-24	117-121	eine	_	_	_	
2-25	122-132	Nadelkoppe	_	_	_	
2-26	133-137	groß	_	_	_	
2-27	137-138	,	_	_	_	
2-28	139-142	und	_	_	_	
2-29	143-146	wie	_	_	_	
2-30	147-151	eine	_	_	_	
2-31	152-158	kleine	_	_	_	
2-32	159-164	Niere	_	_	_	
2-33	165-172	geſtalt	_	_	_	
2-34	172-173	,	_	_	_	
2-35	174-180	riecht	Smell\_Word	_	_	
2-36	181-185	nach	Effect[2]	_	_	
2-37	186-191	Moſch	Effect[2]	_	_	
2-38	192-195	und	Effect[2]	_	_	
2-39	196-201	Ambra	Effect[2]	_	_	
2-40	201-202	,	_	_	_	
2-41	203-213	ſonderlich	_	_	_	
2-42	213-214	,	_	_	_	
2-43	215-219	wenn	Circumstances	_	_	
2-44	220-222	es	Smell\_Source	_	_	
2-45	223-227	noch	Circumstances[3]	_	_	
2-46	228-234	friſch	Circumstances[3]	_	_	
2-47	235-238	iſt	Circumstances[3]	_	_	
2-48	238-239	,	_	_	_	
2-49	240-245	daher	_	_	_	
2-50	246-248	es	_	_	_	
2-51	249-253	dann	_	_	_	
2-52	254-258	auch	_	_	_	
2-53	259-265	ſeinen	_	_	_	
2-54	266-271	Namen	_	_	_	
2-55	272-275	hat	_	_	_	
2-56	276-284	bekommen	_	_	_	
2-57	284-285	.	_	_	_	

#Text=Das Kraut ſchieſt gerade in die Hoͤhe,
#Text=hat gruͤne Blaͤtter, die ſo weich als Sam-
#Text=met ſind, und bald wie die Pappel-
#Text=blaͤtter ſehen, darum es auch Alcea In-
#Text=dica villoſa, die Jndianiſche Sammtpap-
#Text=pel genennet wird.
3-1	289-292	Das	_	_	_	
3-2	293-298	Kraut	_	_	_	
3-3	299-306	ſchieſt	_	_	_	
3-4	307-313	gerade	_	_	_	
3-5	314-316	in	_	_	_	
3-6	317-320	die	_	_	_	
3-7	321-326	Hoͤhe	_	_	_	
3-8	326-327	,	_	_	_	
3-9	328-331	hat	_	_	_	
3-10	332-338	gruͤne	_	_	_	
3-11	339-347	Blaͤtter	_	_	_	
3-12	347-348	,	_	_	_	
3-13	349-352	die	_	_	_	
3-14	353-355	ſo	_	_	_	
3-15	356-361	weich	_	_	_	
3-16	362-365	als	_	_	_	
3-17	366-369	Sam	_	_	_	
3-18	369-370	-	_	_	_	
3-19	371-374	met	_	_	_	
3-20	375-379	ſind	_	_	_	
3-21	379-380	,	_	_	_	
3-22	381-384	und	_	_	_	
3-23	385-389	bald	_	_	_	
3-24	390-393	wie	_	_	_	
3-25	394-397	die	_	_	_	
3-26	398-404	Pappel	_	_	_	
3-27	404-405	-	_	_	_	
3-28	406-414	blaͤtter	_	_	_	
3-29	415-420	ſehen	_	_	_	
3-30	420-421	,	_	_	_	
3-31	422-427	darum	_	_	_	
3-32	428-430	es	_	_	_	
3-33	431-435	auch	_	_	_	
3-34	436-441	Alcea	_	_	_	
3-35	442-444	In	_	_	_	
3-36	444-445	-	_	_	_	
3-37	446-450	dica	_	_	_	
3-38	451-458	villoſa	_	_	_	
3-39	458-459	,	_	_	_	
3-40	460-463	die	_	_	_	
3-41	464-475	Jndianiſche	_	_	_	
3-42	476-484	Sammtpap	_	_	_	
3-43	484-485	-	_	_	_	
3-44	486-489	pel	_	_	_	
3-45	490-498	genennet	_	_	_	
3-46	499-503	wird	_	_	_	
3-47	503-504	.	_	_	_	

#Text=Es traͤgt gelbe Blu-
#Text=men, wie Glocken, aus denen dreyeckig-
#Text=te Huͤlſen entſtehen, die auswendig
#Text=
#Text=braun, inwendig weiß ſehen, und des
#Text=Fingers lang ſind;
#Text=in dieſen liegt der
#Text=Samen.
4-1	505-507	Es	_	_	_	
4-2	508-514	traͤgt	_	_	_	
4-3	515-520	gelbe	_	_	_	
4-4	521-524	Blu	_	_	_	
4-5	524-525	-	_	_	_	
4-6	526-529	men	_	_	_	
4-7	529-530	,	_	_	_	
4-8	531-534	wie	_	_	_	
4-9	535-542	Glocken	_	_	_	
4-10	542-543	,	_	_	_	
4-11	544-547	aus	_	_	_	
4-12	548-553	denen	_	_	_	
4-13	554-563	dreyeckig	_	_	_	
4-14	563-564	-	_	_	_	
4-15	565-567	te	_	_	_	
4-16	568-575	Huͤlſen	_	_	_	
4-17	576-585	entſtehen	_	_	_	
4-18	585-586	,	_	_	_	
4-19	587-590	die	_	_	_	
4-20	591-600	auswendig	_	_	_	
4-21	602-607	braun	_	_	_	
4-22	607-608	,	_	_	_	
4-23	609-617	inwendig	_	_	_	
4-24	618-622	weiß	_	_	_	
4-25	623-628	ſehen	_	_	_	
4-26	628-629	,	_	_	_	
4-27	630-633	und	_	_	_	
4-28	634-637	des	_	_	_	
4-29	638-645	Fingers	_	_	_	
4-30	646-650	lang	_	_	_	
4-31	651-655	ſind	_	_	_	
4-32	655-656	;	_	_	_	
4-33	657-659	in	_	_	_	
4-34	660-666	dieſen	_	_	_	
4-35	667-672	liegt	_	_	_	
4-36	673-676	der	_	_	_	
4-37	677-682	Samen	_	_	_	
4-38	682-683	.	_	_	_	

#Text=Der Samen aber ſoll friſch ſeyn, fein
#Text=voͤllig, wohlriechend, trucken und reine.
5-1	687-690	Der	_	_	_	
5-2	691-696	Samen	Odour\_Carrier	*	5-11	
5-3	697-701	aber	_	_	_	
5-4	702-706	ſoll	_	_	_	
5-5	707-713	friſch	_	_	_	
5-6	714-718	ſeyn	_	_	_	
5-7	718-719	,	_	_	_	
5-8	720-724	fein	_	_	_	
5-9	725-732	voͤllig	_	_	_	
5-10	732-733	,	_	_	_	
5-11	734-746	wohlriechend	Quality	_	_	
5-12	746-747	,	_	_	_	
5-13	748-755	trucken	_	_	_	
5-14	756-759	und	_	_	_	
5-15	760-765	reine	_	_	_	
5-16	765-766	.	_	_	_	

#Text=Derjenige, welcher aus der Jnſel Mar-
#Text=tinigo gebracht wird, riecht viel ſtaͤrcker,
#Text=als der aus den andern Jnſeln kommt.
6-1	768-777	Derjenige	Odour\_Carrier	*|*|*	6-18|6-3|6-13	
6-2	777-778	,	_	_	_	
6-3	779-786	welcher	Odour\_Carrier	*	6-4[4_0]	
6-4	787-790	aus	Location[4]	_	_	
6-5	791-794	der	Location[4]	_	_	
6-6	795-800	Jnſel	Location[4]	_	_	
6-7	801-804	Mar	Location[4]	_	_	
6-8	804-805	-	Location[4]	_	_	
6-9	806-812	tinigo	Location[4]	_	_	
6-10	813-821	gebracht	_	_	_	
6-11	822-826	wird	_	_	_	
6-12	826-827	,	_	_	_	
6-13	828-834	riecht	Smell\_Word	*	6-15	
6-14	835-839	viel	Quality	_	_	
6-15	840-849	ſtaͤrcker	Quality	*	6-14	
6-16	849-850	,	_	_	_	
6-17	851-854	als	_	_	_	
6-18	855-858	der	Odour\_Carrier	*	6-19[5_0]	
6-19	859-862	aus	Location[5]	_	_	
6-20	863-866	den	Location[5]	_	_	
6-21	867-873	andern	Location[5]	_	_	
6-22	874-880	Jnſeln	Location[5]	_	_	
6-23	881-886	kommt	_	_	_	
6-24	886-887	.	_	_	_	

#Text=Dieſes Kraut waͤchſt auch in Egypten/
#Text=woſelbſt es Moſch, und der Samen
#Text=Abelmoſch genennt wird.
7-1	889-895	Dieſes	_	_	_	
7-2	896-901	Kraut	_	_	_	
7-3	902-909	waͤchſt	_	_	_	
7-4	910-914	auch	_	_	_	
7-5	915-917	in	_	_	_	
7-6	918-925	Egypten	_	_	_	
7-7	925-926	/	_	_	_	
7-8	927-935	woſelbſt	_	_	_	
7-9	936-938	es	_	_	_	
7-10	939-944	Moſch	_	_	_	
7-11	944-945	,	_	_	_	
7-12	946-949	und	_	_	_	
7-13	950-953	der	_	_	_	
7-14	954-959	Samen	_	_	_	
7-15	960-969	Abelmoſch	_	_	_	
7-16	970-977	genennt	_	_	_	
7-17	978-982	wird	_	_	_	
7-18	982-983	.	_	_	_	

#Text=Die Parfumirer, ſonderlich in Jta-
#Text=lien, brauchen dieſen Samen am mei-
#Text=ſten;
#Text=inngleichen die Paternoſter- und
#Text=Roſenkraͤntzmacher.
8-1	987-990	Die	_	_	_	
8-2	991-1001	Parfumirer	_	_	_	
8-3	1001-1002	,	_	_	_	
8-4	1003-1013	ſonderlich	_	_	_	
8-5	1014-1016	in	_	_	_	
8-6	1017-1020	Jta	_	_	_	
8-7	1020-1021	-	_	_	_	
8-8	1022-1026	lien	_	_	_	
8-9	1026-1027	,	_	_	_	
8-10	1028-1036	brauchen	_	_	_	
8-11	1037-1043	dieſen	_	_	_	
8-12	1044-1049	Samen	_	_	_	
8-13	1050-1052	am	_	_	_	
8-14	1053-1056	mei	_	_	_	
8-15	1056-1057	-	_	_	_	
8-16	1058-1062	ſten	_	_	_	
8-17	1062-1063	;	_	_	_	
8-18	1064-1075	inngleichen	_	_	_	
8-19	1076-1079	die	_	_	_	
8-20	1080-1091	Paternoſter	_	_	_	
8-21	1091-1092	-	_	_	_	
8-22	1093-1096	und	_	_	_	
8-23	1097-1115	Roſenkraͤntzmacher	_	_	_	
8-24	1115-1116	.	_	_	_	

#Text=Man
#Text=\f
#Text=[
#Text=0048]
#Text=
#Text=
#Text=Der Spezereyen und Materialien
9-1	1120-1123	Man	_	_	_	
9-2	1126-1127	[	_	_	_	
9-3	1128-1132	0048	_	_	_	
9-4	1132-1133	]	_	_	_	
9-5	1136-1139	Der	_	_	_	
9-6	1140-1150	Spezereyen	_	_	_	
9-7	1151-1154	und	_	_	_	
9-8	1155-1166	Materialien	_	_	_	
