#FORMAT=WebAnno TSV 3.3


#Text=Zoo 'er, volgens onze verdeeling, onder de Klaigeslagten eene eigenaartige bepaaling
#Text=+
#Text=plaats grypt, is zekerlyk dit
#Text=Geslagt een van die geenen, die zig natuurlyk
#Text=BRAKKE KATTEKLAI.
1-1	4-7	Zoo	
1-2	8-9	'	
1-3	9-11	er	
1-4	11-12	,	
1-5	13-20	volgens	
1-6	21-25	onze	
1-7	26-36	verdeeling	
1-8	36-37	,	
1-9	38-43	onder	
1-10	44-46	de	
1-11	47-60	Klaigeslagten	
1-12	61-65	eene	
1-13	66-78	eigenaartige	
1-14	79-88	bepaaling	
1-15	89-90	+	
1-16	91-97	plaats	
1-17	98-103	grypt	
1-18	103-104	,	
1-19	105-107	is	
1-20	108-116	zekerlyk	
1-21	117-120	dit	
1-22	121-128	Geslagt	
1-23	129-132	een	
1-24	133-136	van	
1-25	137-140	die	
1-26	141-147	geenen	
1-27	147-148	,	
1-28	149-152	die	
1-29	153-156	zig	
1-30	157-166	natuurlyk	
1-31	167-173	BRAKKE	
1-32	174-183	KATTEKLAI	
1-33	183-184	.	

#Text=onderscheiden.
2-1	186-199	onderscheiden	
2-2	199-200	.	

#Text=Deeze Brakke Klai is geheel ontaart, niet alleen van de gewenschte
#Text=vrugtbaarheid, maar ook van het nut, dat andere Klaigeslagten aan de konstige Potteen
#Text=Steenbakkeryen toebrengen.
3-1	201-206	Deeze	
3-2	207-213	Brakke	
3-3	214-218	Klai	
3-4	219-221	is	
3-5	222-228	geheel	
3-6	229-236	ontaart	
3-7	236-237	,	
3-8	238-242	niet	
3-9	243-249	alleen	
3-10	250-253	van	
3-11	254-256	de	
3-12	257-267	gewenschte	
3-13	268-281	vrugtbaarheid	
3-14	281-282	,	
3-15	283-287	maar	
3-16	288-291	ook	
3-17	292-295	van	
3-18	296-299	het	
3-19	300-303	nut	
3-20	303-304	,	
3-21	305-308	dat	
3-22	309-315	andere	
3-23	316-329	Klaigeslagten	
3-24	330-333	aan	
3-25	334-336	de	
3-26	337-345	konstige	
3-27	346-353	Potteen	
3-28	354-368	Steenbakkeryen	
3-29	369-379	toebrengen	
3-30	379-380	.	

#Text=Eene taaie aardstoffe verbind haar, door de
#Text=tusschenkomst van zouten en zwavelige brakke vettigheden tot eene onnutte en
#Text=onbruikbaare Klai.
4-1	381-385	Eene	
4-2	386-391	taaie	
4-3	392-402	aardstoffe	
4-4	403-410	verbind	
4-5	411-415	haar	
4-6	415-416	,	
4-7	417-421	door	
4-8	422-424	de	
4-9	425-438	tusschenkomst	
4-10	439-442	van	
4-11	443-449	zouten	
4-12	450-452	en	
4-13	453-462	zwavelige	
4-14	463-469	brakke	
4-15	470-481	vettigheden	
4-16	482-485	tot	
4-17	486-490	eene	
4-18	491-498	onnutte	
4-19	499-501	en	
4-20	502-514	onbruikbaare	
4-21	515-519	Klai	
4-22	519-520	.	

#Text=De zanddeelen zyn zwart, bedorven, en doortrokken van de
#Text=gemelde zouten, en een stinkenden aardmodder;
#Text=zoo dat derzelver korrels eene
#Text=blaauwe verwe aan het zuiver water mededeelen.
5-1	521-523	De	
5-2	524-534	zanddeelen	
5-3	535-538	zyn	
5-4	539-544	zwart	
5-5	544-545	,	
5-6	546-554	bedorven	
5-7	554-555	,	
5-8	556-558	en	
5-9	559-570	doortrokken	
5-10	571-574	van	
5-11	575-577	de	
5-12	578-585	gemelde	
5-13	586-592	zouten	
5-14	592-593	,	
5-15	594-596	en	
5-16	597-600	een	
5-17	601-611	stinkenden	
5-18	612-622	aardmodder	
5-19	622-623	;	
5-20	624-627	zoo	
5-21	628-631	dat	
5-22	632-641	derzelver	
5-23	642-649	korrels	
5-24	650-654	eene	
5-25	655-662	blaauwe	
5-26	663-668	verwe	
5-27	669-672	aan	
5-28	673-676	het	
5-29	677-683	zuiver	
5-30	684-689	water	
5-31	690-700	mededeelen	
5-32	700-701	.	

#Text=De algemeene eigenschap van dit
#Text=Geslagt is, dat de kluiten als steen opdroogen, en, gedroogd zynde, zig niet, dan na
#Text=eene zeer lange weeking en roering, en dat nog zeer taai, ontbinden laaten.
6-1	702-704	De	
6-2	705-714	algemeene	
6-3	715-725	eigenschap	
6-4	726-729	van	
6-5	730-733	dit	
6-6	734-741	Geslagt	
6-7	742-744	is	
6-8	744-745	,	
6-9	746-749	dat	
6-10	750-752	de	
6-11	753-760	kluiten	
6-12	761-764	als	
6-13	765-770	steen	
6-14	771-780	opdroogen	
6-15	780-781	,	
6-16	782-784	en	
6-17	784-785	,	
6-18	786-794	gedroogd	
6-19	795-800	zynde	
6-20	800-801	,	
6-21	802-805	zig	
6-22	806-810	niet	
6-23	810-811	,	
6-24	812-815	dan	
6-25	816-818	na	
6-26	819-823	eene	
6-27	824-828	zeer	
6-28	829-834	lange	
6-29	835-842	weeking	
6-30	843-845	en	
6-31	846-853	roering	
6-32	853-854	,	
6-33	855-857	en	
6-34	858-861	dat	
6-35	862-865	nog	
6-36	866-870	zeer	
6-37	871-875	taai	
6-38	875-876	,	
6-39	877-886	ontbinden	
6-40	887-893	laaten	
6-41	893-894	.	

#Text=De
#Text=klaideelen zyn insgelyks ontaart, en als 't ware in zwarte leemige aarde verkeerd,
#Text=welker hoeveelheid meest al die van het zand overtreft.
7-1	895-897	De	
7-2	898-908	klaideelen	
7-3	909-912	zyn	
7-4	913-922	insgelyks	
7-5	923-930	ontaart	
7-6	930-931	,	
7-7	932-934	en	
7-8	935-938	als	
7-9	939-940	'	
7-10	940-941	t	
7-11	942-946	ware	
7-12	947-949	in	
7-13	950-956	zwarte	
7-14	957-964	leemige	
7-15	965-970	aarde	
7-16	971-979	verkeerd	
7-17	979-980	,	
7-18	981-987	welker	
7-19	988-999	hoeveelheid	
7-20	1000-1005	meest	
7-21	1006-1008	al	
7-22	1009-1012	die	
7-23	1013-1016	van	
7-24	1017-1020	het	
7-25	1021-1025	zand	
7-26	1026-1035	overtreft	
7-27	1035-1036	.	

#Text=Ze bezit een grooten overvloed
#Text=van taaie zwavelige aardstof;
#Text=zoo dat ik van één pond deezer Klai wel tot een once
#Text=smout gekreegen heb; dog van een zwarter koleur en brandagtiger reuk dan die der
#Text=zuivere Klai.
8-1	1037-1039	Ze	
8-2	1040-1045	bezit	
8-3	1046-1049	een	
8-4	1050-1057	grooten	
8-5	1058-1067	overvloed	
8-6	1068-1071	van	
8-7	1072-1077	taaie	
8-8	1078-1087	zwavelige	
8-9	1088-1096	aardstof	
8-10	1096-1097	;	
8-11	1098-1101	zoo	
8-12	1102-1105	dat	
8-13	1106-1108	ik	
8-14	1109-1112	van	
8-15	1113-1116	één	
8-16	1117-1121	pond	
8-17	1122-1128	deezer	
8-18	1129-1133	Klai	
8-19	1134-1137	wel	
8-20	1138-1141	tot	
8-21	1142-1145	een	
8-22	1146-1150	once	
8-23	1151-1156	smout	
8-24	1157-1166	gekreegen	
8-25	1167-1170	heb	
8-26	1170-1171	;	
8-27	1172-1175	dog	
8-28	1176-1179	van	
8-29	1180-1183	een	
8-30	1184-1191	zwarter	
8-31	1192-1198	koleur	
8-32	1199-1201	en	
8-33	1202-1214	brandagtiger	
8-34	1215-1219	reuk	
8-35	1220-1223	dan	
8-36	1224-1227	die	
8-37	1228-1231	der	
8-38	1232-1239	zuivere	
8-39	1240-1244	Klai	
8-40	1244-1245	.	

#Text=De Soor ten van dit Geslagt zyn de twee volgende.
9-1	1246-1248	De	
9-2	1249-1253	Soor	
9-3	1254-1257	ten	
9-4	1258-1261	van	
9-5	1262-1265	dit	
9-6	1266-1273	Geslagt	
9-7	1274-1277	zyn	
9-8	1278-1280	de	
9-9	1281-1285	twee	
9-10	1286-1294	volgende	
9-11	1294-1295	.	

#Text=J. le Francq van Berkhey, Natuurlyke historie van Holland.
10-1	1298-1299	J	
10-2	1299-1300	.	
10-3	1301-1303	le	
10-4	1304-1310	Francq	
10-5	1311-1314	van	
10-6	1315-1322	Berkhey	
10-7	1322-1323	,	
10-8	1324-1334	Natuurlyke	
10-9	1335-1343	historie	
10-10	1344-1347	van	
10-11	1348-1355	Holland	
10-12	1355-1356	.	

#Text=Deel 2
#Text=
#Text=\f340
#Text=+
#Text=
#Text=
#Text=Eerste Soort.
11-1	1357-1361	Deel	
11-2	1362-1363	2	
11-3	1366-1369	340	
11-4	1370-1371	+	
11-5	1374-1380	Eerste	
11-6	1381-1386	Soort	
11-7	1386-1387	.	

#Text=Zwarte veen-katteklai
12-1	1389-1395	Zwarte	
12-2	1396-1410	veen-katteklai	

#Text=.
13-1	1410-1411	.	

#Text=+
#Text=
#Text=DELFSTOFFEN
14-1	1414-1415	+	
14-2	1417-1428	DELFSTOFFEN	

#Text=.
15-1	1428-1429	.	

#Text=+
#Text=
#Text=Deeze word onder de Veenen gevonden, en is zoo zwart als het Veen zelve;
#Text=
#Text=mitsgaders dermaate taai, dat een baggerman +ze naauwlyks kan opvisschen, dewyl
16-1	1432-1433	+	
16-2	1435-1440	Deeze	
16-3	1441-1445	word	
16-4	1446-1451	onder	
16-5	1452-1454	de	
16-6	1455-1461	Veenen	
16-7	1462-1470	gevonden	
16-8	1470-1471	,	
16-9	1472-1474	en	
16-10	1475-1477	is	
16-11	1478-1481	zoo	
16-12	1482-1487	zwart	
16-13	1488-1491	als	
16-14	1492-1495	het	
16-15	1496-1500	Veen	
16-16	1501-1506	zelve	
16-17	1506-1507	;	
16-18	1509-1519	mitsgaders	
16-19	1520-1528	dermaate	
16-20	1529-1533	taai	
16-21	1533-1534	,	
16-22	1535-1538	dat	
16-23	1539-1542	een	
16-24	1543-1552	baggerman	
16-25	1553-1554	+	
16-26	1554-1556	ze	
16-27	1557-1566	naauwlyks	
16-28	1567-1570	kan	
16-29	1571-1581	opvisschen	
16-30	1581-1582	,	
16-31	1583-1588	dewyl	
