#FORMAT=WebAnno TSV 3.3


#Text=Noorwegen leght van 't Sweedsche Koninckrijck door groote en hooghe bergen 
#Text=afghescheyden, die altijdt met sneeuw bedeckt zijn
#Text=, en daer men swarelijck aenkomen 
#Text=kan.
1-1	5-14	Noorwegen	
1-2	15-20	leght	
1-3	21-24	van	
1-4	25-26	'	
1-5	26-27	t	
1-6	28-37	Sweedsche	
1-7	38-50	Koninckrijck	
1-8	51-55	door	
1-9	56-62	groote	
1-10	63-65	en	
1-11	66-72	hooghe	
1-12	73-79	bergen	
1-13	81-94	afghescheyden	
1-14	94-95	,	
1-15	96-99	die	
1-16	100-107	altijdt	
1-17	108-111	met	
1-18	112-118	sneeuw	
1-19	119-126	bedeckt	
1-20	127-131	zijn	
1-21	132-133	,	
1-22	134-136	en	
1-23	137-141	daer	
1-24	142-145	men	
1-25	146-156	swarelijck	
1-26	157-165	aenkomen	
1-27	167-170	kan	
1-28	170-171	.	

#Text=Men heeft echter allenghs eenighe weghen deur de berghen, die de toegangh 
#Text=tot het voorghenoemde Koninckrijck maecken, ghebaent.
2-1	172-175	Men	
2-2	176-181	heeft	
2-3	182-188	echter	
2-4	189-197	allenghs	
2-5	198-205	eenighe	
2-6	206-212	weghen	
2-7	213-217	deur	
2-8	218-220	de	
2-9	221-228	berghen	
2-10	228-229	,	
2-11	230-233	die	
2-12	234-236	de	
2-13	237-245	toegangh	
2-14	247-250	tot	
2-15	251-254	het	
2-16	255-268	voorghenoemde	
2-17	269-281	Koninckrijck	
2-18	282-289	maecken	
2-19	289-290	,	
2-20	291-299	ghebaent	
2-21	299-300	.	

#Text=Men telt in Noorweghen 
#Text=veel Burghten, Steden en Dorpen, en onder anderen de Burght van Warth, die een 
#Text=stercke vestingh is, en een besettingh teghen de Laplanders heeft:
#Text=ghelijck oock de 
#Text=stadt van Markur, de Burght van Reon, de stadt Nidrosien, of Dronten, 't welck de 
#Text=Hooftstadt is: Bergen, een Bisschoppelijcke stadt, Staffanger, oock een Bisdom,
#Text=Kunghspergh, een Burght, de stadt Saltsburgh, en noch een andere stercke Burght,
#Text=Bahus ghenoemt, aen de Noord-zyde ghelegen, daer de vloedt Tolheure in zee valt.
3-1	301-304	Men	
3-2	305-309	telt	
3-3	310-312	in	
3-4	313-323	Noorweghen	
3-5	325-329	veel	
3-6	330-338	Burghten	
3-7	338-339	,	
3-8	340-346	Steden	
3-9	347-349	en	
3-10	350-356	Dorpen	
3-11	356-357	,	
3-12	358-360	en	
3-13	361-366	onder	
3-14	367-374	anderen	
3-15	375-377	de	
3-16	378-384	Burght	
3-17	385-388	van	
3-18	389-394	Warth	
3-19	394-395	,	
3-20	396-399	die	
3-21	400-403	een	
3-22	405-412	stercke	
3-23	413-421	vestingh	
3-24	422-424	is	
3-25	424-425	,	
3-26	426-428	en	
3-27	429-432	een	
3-28	433-443	besettingh	
3-29	444-450	teghen	
3-30	451-453	de	
3-31	454-464	Laplanders	
3-32	465-470	heeft	
3-33	470-471	:	
3-34	472-480	ghelijck	
3-35	481-485	oock	
3-36	486-488	de	
3-37	490-495	stadt	
3-38	496-499	van	
3-39	500-506	Markur	
3-40	506-507	,	
3-41	508-510	de	
3-42	511-517	Burght	
3-43	518-521	van	
3-44	522-526	Reon	
3-45	526-527	,	
3-46	528-530	de	
3-47	531-536	stadt	
3-48	537-546	Nidrosien	
3-49	546-547	,	
3-50	548-550	of	
3-51	551-558	Dronten	
3-52	558-559	,	
3-53	560-561	'	
3-54	561-562	t	
3-55	563-568	welck	
3-56	569-571	de	
3-57	573-583	Hooftstadt	
3-58	584-586	is	
3-59	586-587	:	
3-60	588-594	Bergen	
3-61	594-595	,	
3-62	596-599	een	
3-63	600-616	Bisschoppelijcke	
3-64	617-622	stadt	
3-65	622-623	,	
3-66	624-634	Staffanger	
3-67	634-635	,	
3-68	636-640	oock	
3-69	641-644	een	
3-70	645-651	Bisdom	
3-71	651-652	,	
3-72	653-664	Kunghspergh	
3-73	664-665	,	
3-74	666-669	een	
3-75	670-676	Burght	
3-76	676-677	,	
3-77	678-680	de	
3-78	681-686	stadt	
3-79	687-697	Saltsburgh	
3-80	697-698	,	
3-81	699-701	en	
3-82	702-706	noch	
3-83	707-710	een	
3-84	711-717	andere	
3-85	718-725	stercke	
3-86	726-732	Burght	
3-87	732-733	,	
3-88	734-739	Bahus	
3-89	740-748	ghenoemt	
3-90	748-749	,	
3-91	750-753	aen	
3-92	754-756	de	
3-93	757-767	Noord-zyde	
3-94	768-776	ghelegen	
3-95	776-777	,	
3-96	778-782	daer	
3-97	783-785	de	
3-98	786-792	vloedt	
3-99	793-801	Tolheure	
3-100	802-804	in	
3-101	805-808	zee	
3-102	809-813	valt	
3-103	813-814	.	

#Text=De West-zyde van Noorweghen is deurgaens geplaeght met verschrickelijcke 
#Text=Zee-ghedrochten, en voorname-
#Text=
#Text=
#Text=
#Text=
#Text=lijck van groote Walvisschen, die, wel hondert elleboogen langh zijnde, sich in 't 
#Text=begin van 't jaer vertoonen, en voor de Schippers en Bootsghesellen seer vervarelijck 
#Text=zijn, vermits sy schepen en menschen verslinden, en in 't verderf storten.
4-1	819-821	De	
4-2	822-831	West-zyde	
4-3	832-835	van	
4-4	836-846	Noorweghen	
4-5	847-849	is	
4-6	850-859	deurgaens	
4-7	860-869	geplaeght	
4-8	870-873	met	
4-9	874-891	verschrickelijcke	
4-10	893-908	Zee-ghedrochten	
4-11	908-909	,	
4-12	910-912	en	
4-13	913-921	voorname	
4-14	921-922	-	
4-15	927-932	lijck	
4-16	933-936	van	
4-17	937-943	groote	
4-18	944-955	Walvisschen	
4-19	955-956	,	
4-20	957-960	die	
4-21	960-961	,	
4-22	962-965	wel	
4-23	966-973	hondert	
4-24	974-984	elleboogen	
4-25	985-990	langh	
4-26	991-997	zijnde	
4-27	997-998	,	
4-28	999-1003	sich	
4-29	1004-1006	in	
4-30	1007-1008	'	
4-31	1008-1009	t	
4-32	1011-1016	begin	
4-33	1017-1020	van	
4-34	1021-1022	'	
4-35	1022-1023	t	
4-36	1024-1028	jaer	
4-37	1029-1038	vertoonen	
4-38	1038-1039	,	
4-39	1040-1042	en	
4-40	1043-1047	voor	
4-41	1048-1050	de	
4-42	1051-1060	Schippers	
4-43	1061-1063	en	
4-44	1064-1078	Bootsghesellen	
4-45	1079-1083	seer	
4-46	1084-1096	vervarelijck	
4-47	1098-1102	zijn	
4-48	1102-1103	,	
4-49	1104-1111	vermits	
4-50	1112-1114	sy	
4-51	1115-1122	schepen	
4-52	1123-1125	en	
4-53	1126-1134	menschen	
4-54	1135-1145	verslinden	
4-55	1145-1146	,	
4-56	1147-1149	en	
4-57	1150-1152	in	
4-58	1153-1154	'	
4-59	1154-1155	t	
4-60	1156-1163	verderf	
4-61	1164-1171	storten	
4-62	1171-1172	.	

#Text=De Schippers, 
#Text=sulck een gevaer afweeren willende, hebben by sich Castoreum, of Beverskullen, dat 
#Text=sy nat maecken, en in zee werpen.
5-1	1173-1175	De	
5-2	1176-1185	Schippers	
5-3	1185-1186	,	
5-4	1188-1193	sulck	
5-5	1194-1197	een	
5-6	1198-1204	gevaer	
5-7	1205-1213	afweeren	
5-8	1214-1222	willende	
5-9	1222-1223	,	
5-10	1224-1230	hebben	
5-11	1231-1233	by	
5-12	1234-1238	sich	
5-13	1239-1248	Castoreum	
5-14	1248-1249	,	
5-15	1250-1252	of	
5-16	1253-1265	Beverskullen	
5-17	1265-1266	,	
5-18	1267-1270	dat	
5-19	1272-1274	sy	
5-20	1275-1278	nat	
5-21	1279-1286	maecken	
5-22	1286-1287	,	
5-23	1288-1290	en	
5-24	1291-1293	in	
5-25	1294-1297	zee	
5-26	1298-1304	werpen	
5-27	1304-1305	.	

#Text=De Walvisschen, dese stanck niet verdaghen 
#Text=konnende, verdwijnen, en sincken naer de gront.
6-1	1306-1308	De	
6-2	1309-1320	Walvisschen	
6-3	1320-1321	,	
6-4	1322-1326	dese	
6-5	1327-1333	stanck	
6-6	1334-1338	niet	
6-7	1339-1348	verdaghen	
6-8	1350-1358	konnende	
6-9	1358-1359	,	
6-10	1360-1370	verdwijnen	
6-11	1370-1371	,	
6-12	1372-1374	en	
6-13	1375-1382	sincken	
6-14	1383-1387	naer	
6-15	1388-1390	de	
6-16	1391-1396	gront	
6-17	1396-1397	.	

#Text=Dit Landtschap heeft noch een kleyn 
#Text=beest, ghelijck een Rot, dat men Lemmer noemt, vier voeten langh, en heeft een huydt 
#Text=van verscheyde verwen.
7-1	1398-1401	Dit	
7-2	1402-1412	Landtschap	
7-3	1413-1418	heeft	
7-4	1419-1423	noch	
7-5	1424-1427	een	
7-6	1428-1433	kleyn	
7-7	1435-1440	beest	
7-8	1440-1441	,	
7-9	1442-1450	ghelijck	
7-10	1451-1454	een	
7-11	1455-1458	Rot	
7-12	1458-1459	,	
7-13	1460-1463	dat	
7-14	1464-1467	men	
7-15	1468-1474	Lemmer	
7-16	1475-1480	noemt	
7-17	1480-1481	,	
7-18	1482-1486	vier	
7-19	1487-1493	voeten	
7-20	1494-1499	langh	
7-21	1499-1500	,	
7-22	1501-1503	en	
7-23	1504-1509	heeft	
7-24	1510-1513	een	
7-25	1514-1519	huydt	
7-26	1521-1524	van	
7-27	1525-1535	verscheyde	
7-28	1536-1542	verwen	
7-29	1542-1543	.	

#Text=Men seght dat dese beesten uyt de lucht vallen, als het 
#Text=dondert, en dat sy, ghelijck de Sprinckhanen, al de groente verteeren, en op sekere 
#Text=tijdt sterven.
8-1	1544-1547	Men	
8-2	1548-1553	seght	
8-3	1554-1557	dat	
8-4	1558-1562	dese	
8-5	1563-1570	beesten	
8-6	1571-1574	uyt	
8-7	1575-1577	de	
8-8	1578-1583	lucht	
8-9	1584-1590	vallen	
8-10	1590-1591	,	
8-11	1592-1595	als	
8-12	1596-1599	het	
8-13	1601-1608	dondert	
8-14	1608-1609	,	
8-15	1610-1612	en	
8-16	1613-1616	dat	
8-17	1617-1619	sy	
8-18	1619-1620	,	
8-19	1621-1629	ghelijck	
8-20	1630-1632	de	
8-21	1633-1645	Sprinckhanen	
8-22	1645-1646	,	
8-23	1647-1649	al	
8-24	1650-1652	de	
8-25	1653-1660	groente	
8-26	1661-1670	verteeren	
8-27	1670-1671	,	
8-28	1672-1674	en	
8-29	1675-1677	op	
8-30	1678-1684	sekere	
8-31	1686-1691	tijdt	
8-32	1692-1699	sterven	
8-33	1699-1700	.	

#Text=Dit is d'oorsaeck dat de lucht, door der selver stanck verdorven, veel 
#Text=sware sieckten, en voornamelijck eenighe domheydt in 't hooft, en de geelsucht aen 
#Text=de inwoonders veroorsaeckt.
9-1	1701-1704	Dit	
9-2	1705-1707	is	
9-3	1708-1718	d'oorsaeck	
9-4	1719-1722	dat	
9-5	1723-1725	de	
9-6	1726-1731	lucht	
9-7	1731-1732	,	
9-8	1733-1737	door	
9-9	1738-1741	der	
9-10	1742-1748	selver	
9-11	1749-1755	stanck	
9-12	1756-1765	verdorven	
9-13	1765-1766	,	
9-14	1767-1771	veel	
9-15	1773-1778	sware	
9-16	1779-1787	sieckten	
9-17	1787-1788	,	
9-18	1789-1791	en	
9-19	1792-1805	voornamelijck	
9-20	1806-1813	eenighe	
9-21	1814-1822	domheydt	
9-22	1823-1825	in	
9-23	1826-1827	'	
9-24	1827-1828	t	
9-25	1829-1834	hooft	
9-26	1834-1835	,	
9-27	1836-1838	en	
9-28	1839-1841	de	
9-29	1842-1851	geelsucht	
9-30	1852-1855	aen	
9-31	1857-1859	de	
9-32	1860-1870	inwoonders	
9-33	1871-1883	veroorsaeckt	
9-34	1883-1884	.	

#Text=In Noorweghen is oock een Meyr, Mos gheheeten, daer 
#Text=in somtijdts een Slangh gesien wordt, die wonderlijck groot is, en van d'inwoonders 
#Text=voor een teecken van groote veranderingh, die in 't Rijck ghebeuren sal, ghenomen 
#Text=wordt.
10-1	1885-1887	In	
10-2	1888-1898	Noorweghen	
10-3	1899-1901	is	
10-4	1902-1906	oock	
10-5	1907-1910	een	
10-6	1911-1915	Meyr	
10-7	1915-1916	,	
10-8	1917-1920	Mos	
10-9	1921-1930	gheheeten	
10-10	1930-1931	,	
10-11	1932-1936	daer	
10-12	1938-1940	in	
10-13	1941-1950	somtijdts	
10-14	1951-1954	een	
10-15	1955-1961	Slangh	
10-16	1962-1968	gesien	
10-17	1969-1974	wordt	
10-18	1974-1975	,	
10-19	1976-1979	die	
10-20	1980-1991	wonderlijck	
10-21	1992-1997	groot	
10-22	1998-2000	is	
10-23	2000-2001	,	
10-24	2002-2004	en	
10-25	2005-2008	van	
10-26	2009-2021	d'inwoonders	
10-27	2023-2027	voor	
10-28	2028-2031	een	
10-29	2032-2039	teecken	
10-30	2040-2043	van	
10-31	2044-2050	groote	
10-32	2051-2063	veranderingh	
10-33	2063-2064	,	
10-34	2065-2068	die	
10-35	2069-2071	in	
10-36	2072-2073	'	
10-37	2073-2074	t	
10-38	2075-2080	Rijck	
10-39	2081-2090	ghebeuren	
10-40	2091-2094	sal	
10-41	2094-2095	,	
10-42	2096-2104	ghenomen	
10-43	2106-2111	wordt	
10-44	2111-2112	.	

#Text=In 't jaer vijftien hondert twee-en-twintigh sagh men de boven-genoemde 
#Text=Slangh seer hoogh boven 't water, en was in 't ronde ghedraeyt, en, nae dat men van 
#Text=verre kon sien, vijftigh ellebooghen langh.
11-1	2113-2115	In	
11-2	2116-2117	'	
11-3	2117-2118	t	
11-4	2119-2123	jaer	
11-5	2124-2132	vijftien	
11-6	2133-2140	hondert	
11-7	2141-2157	twee-en-twintigh	
11-8	2158-2162	sagh	
11-9	2163-2166	men	
11-10	2167-2169	de	
11-11	2170-2184	boven-genoemde	
11-12	2186-2192	Slangh	
11-13	2193-2197	seer	
11-14	2198-2203	hoogh	
11-15	2204-2209	boven	
11-16	2210-2211	'	
11-17	2211-2212	t	
11-18	2213-2218	water	
11-19	2218-2219	,	
11-20	2220-2222	en	
11-21	2223-2226	was	
11-22	2227-2229	in	
11-23	2230-2231	'	
11-24	2231-2232	t	
11-25	2233-2238	ronde	
11-26	2239-2248	ghedraeyt	
11-27	2248-2249	,	
11-28	2250-2252	en	
11-29	2252-2253	,	
11-30	2254-2257	nae	
11-31	2258-2261	dat	
11-32	2262-2265	men	
11-33	2266-2269	van	
11-34	2271-2276	verre	
11-35	2277-2280	kon	
11-36	2281-2285	sien	
11-37	2285-2286	,	
11-38	2287-2295	vijftigh	
11-39	2296-2307	ellebooghen	
11-40	2308-2313	langh	
11-41	2313-2314	.	

#Text=Korts daer nae wierd Koningh Christiernus 
#Text=uyt sijn Rijck verdreven.
12-1	2315-2320	Korts	
12-2	2321-2325	daer	
12-3	2326-2329	nae	
12-4	2330-2335	wierd	
12-5	2336-2343	Koningh	
12-6	2344-2356	Christiernus	
12-7	2358-2361	uyt	
12-8	2362-2366	sijn	
12-9	2367-2372	Rijck	
12-10	2373-2382	verdreven	
12-11	2382-2383	.	

#Text=Uyt Noorweghen, Deenmarcken, Vrislandt, en uyt d'andere Landen zijn de de 
#Text=wreede en onbesuysde volcken gekomen, die met hun rooveryen en wreedtheydt deur 
#Text=heel Christenrijck ghejaeght en gheschuymt hebben, en die, nae dat sy 
#Text=onverdragelijcke schade ghedaen hadden, sich eyndelijck in Normandien, dat noch 
#Text=heden den naem van dat volck voert, nergheslaghen hebben.
13-1	2387-2390	Uyt	
13-2	2391-2401	Noorweghen	
13-3	2401-2402	,	
13-4	2403-2414	Deenmarcken	
13-5	2414-2415	,	
13-6	2416-2425	Vrislandt	
13-7	2425-2426	,	
13-8	2427-2429	en	
13-9	2430-2433	uyt	
13-10	2434-2442	d'andere	
13-11	2443-2449	Landen	
13-12	2450-2454	zijn	
13-13	2455-2457	de	
13-14	2458-2460	de	
13-15	2462-2468	wreede	
13-16	2469-2471	en	
13-17	2472-2482	onbesuysde	
13-18	2483-2490	volcken	
13-19	2491-2498	gekomen	
13-20	2498-2499	,	
13-21	2500-2503	die	
13-22	2504-2507	met	
13-23	2508-2511	hun	
13-24	2512-2521	rooveryen	
13-25	2522-2524	en	
13-26	2525-2536	wreedtheydt	
13-27	2537-2541	deur	
13-28	2543-2547	heel	
13-29	2548-2561	Christenrijck	
13-30	2562-2571	ghejaeght	
13-31	2572-2574	en	
13-32	2575-2585	gheschuymt	
13-33	2586-2592	hebben	
13-34	2592-2593	,	
13-35	2594-2596	en	
13-36	2597-2600	die	
13-37	2600-2601	,	
13-38	2602-2605	nae	
13-39	2606-2609	dat	
13-40	2610-2612	sy	
13-41	2614-2630	onverdragelijcke	
13-42	2631-2637	schade	
13-43	2638-2645	ghedaen	
13-44	2646-2652	hadden	
13-45	2652-2653	,	
13-46	2654-2658	sich	
13-47	2659-2669	eyndelijck	
13-48	2670-2672	in	
13-49	2673-2683	Normandien	
13-50	2683-2684	,	
13-51	2685-2688	dat	
13-52	2689-2693	noch	
13-53	2695-2700	heden	
13-54	2701-2704	den	
13-55	2705-2709	naem	
13-56	2710-2713	van	
13-57	2714-2717	dat	
13-58	2718-2723	volck	
13-59	2724-2729	voert	
13-60	2729-2730	,	
13-61	2731-2744	nergheslaghen	
13-62	2745-2751	hebben	
13-63	2751-2752	.	

#Text=De Longobarden zijn 
#Text=oock, naer 't gevoelen van eenighe Schryvers, uyt dit ghewest, daer Noorweghen in 
#Text=leght, ghekomen.
14-1	2753-2755	De	
14-2	2756-2767	Longobarden	
14-3	2768-2772	zijn	
14-4	2774-2778	oock	
14-5	2778-2779	,	
14-6	2780-2784	naer	
14-7	2785-2786	'	
14-8	2786-2787	t	
14-9	2788-2796	gevoelen	
14-10	2797-2800	van	
14-11	2801-2808	eenighe	
14-12	2809-2818	Schryvers	
14-13	2818-2819	,	
14-14	2820-2823	uyt	
14-15	2824-2827	dit	
14-16	2828-2835	ghewest	
14-17	2835-2836	,	
14-18	2837-2841	daer	
14-19	2842-2852	Noorweghen	
14-20	2853-2855	in	
14-21	2857-2862	leght	
14-22	2862-2863	,	
14-23	2864-2872	ghekomen	
14-24	2872-2873	.	

#Text=Maer Du Barras brenght hen voort uyt Sconien,
#Text=
#Text=
#Text=
#Text=
#Text=of Schoonlandt, dat een ghedeelte van Deenmarcken is.
15-1	2874-2878	Maer	
15-2	2879-2881	Du	
15-3	2882-2888	Barras	
15-4	2889-2896	brenght	
15-5	2897-2900	hen	
15-6	2901-2906	voort	
15-7	2907-2910	uyt	
15-8	2911-2918	Sconien	
15-9	2918-2919	,	
15-10	2924-2926	of	
15-11	2927-2938	Schoonlandt	
15-12	2938-2939	,	
15-13	2940-2943	dat	
15-14	2944-2947	een	
15-15	2948-2957	ghedeelte	
15-16	2958-2961	van	
15-17	2962-2973	Deenmarcken	
15-18	2974-2976	is	
15-19	2976-2977	.	

#Text=Sweden, het tweede Koninckrijck in de Noordsche ghewesten, heeft aen de
#Text=West-zyde de Gotten, aen 't Noorden de Schrick-Finnen, aen d'Oost-zyde Finlandt, 
#Text=en aen de Zuyd-zyde de Oost-zee.
16-1	2979-2985	Sweden	
16-2	2985-2986	,	
16-3	2987-2990	het	
16-4	2991-2997	tweede	
16-5	2998-3010	Koninckrijck	
16-6	3011-3013	in	
16-7	3014-3016	de	
16-8	3017-3026	Noordsche	
16-9	3027-3036	ghewesten	
16-10	3036-3037	,	
16-11	3038-3043	heeft	
16-12	3044-3047	aen	
16-13	3048-3050	de	
16-14	3051-3060	West-zyde	
16-15	3061-3063	de	
16-16	3064-3070	Gotten	
16-17	3070-3071	,	
16-18	3072-3075	aen	
16-19	3076-3077	'	
16-20	3077-3078	t	
16-21	3079-3086	Noorden	
16-22	3087-3089	de	
16-23	3090-3104	Schrick-Finnen	
16-24	3104-3105	,	
16-25	3106-3109	aen	
16-26	3110-3121	d'Oost-zyde	
16-27	3122-3130	Finlandt	
16-28	3130-3131	,	
16-29	3133-3135	en	
16-30	3136-3139	aen	
16-31	3140-3142	de	
16-32	3143-3152	Zuyd-zyde	
16-33	3153-3155	de	
16-34	3156-3164	Oost-zee	
16-35	3164-3165	.	

#Text=Dit Landt is het vruchtbaerste van alle Noordsche 
#Text=Landtschappen in Kooren, vruchten en Honigh.
17-1	3166-3169	Dit	
17-2	3170-3175	Landt	
17-3	3176-3178	is	
17-4	3179-3182	het	
17-5	3183-3196	vruchtbaerste	
17-6	3197-3200	van	
17-7	3201-3205	alle	
17-8	3206-3215	Noordsche	
17-9	3217-3230	Landtschappen	
17-10	3231-3233	in	
17-11	3234-3240	Kooren	
17-12	3240-3241	,	
17-13	3242-3250	vruchten	
17-14	3251-3253	en	
17-15	3254-3260	Honigh	
17-16	3260-3261	.	
