#FORMAT=WebAnno TSV 3.3
#T_SP=custom.Span|label
#T_RL=custom.Relation|label|BT_custom.Span


#Text=want anders zou men zelden vrugten krygen.
1-1	2-6	want	_	_	_	
1-2	7-13	anders	_	_	_	
1-3	14-17	zou	_	_	_	
1-4	18-21	men	_	_	_	
1-5	22-28	zelden	_	_	_	
1-6	29-36	vrugten	_	_	_	
1-7	37-43	krygen	_	_	_	
1-8	43-44	.	_	_	_	

#Text=Deze afsnyding
#Text=dient ook om de boomen te sterker te doen groejen en de vrugten schoonder te doen
#Text=
#Text=worden.
2-1	45-49	Deze	_	_	_	
2-2	50-59	afsnyding	_	_	_	
2-3	60-65	dient	_	_	_	
2-4	66-69	ook	_	_	_	
2-5	70-72	om	_	_	_	
2-6	73-75	de	_	_	_	
2-7	76-82	boomen	_	_	_	
2-8	83-85	te	_	_	_	
2-9	86-93	sterker	_	_	_	
2-10	94-96	te	_	_	_	
2-11	97-101	doen	_	_	_	
2-12	102-109	groejen	_	_	_	
2-13	110-112	en	_	_	_	
2-14	113-115	de	_	_	_	
2-15	116-123	vrugten	_	_	_	
2-16	124-133	schoonder	_	_	_	
2-17	134-136	te	_	_	_	
2-18	137-141	doen	_	_	_	
2-19	143-149	worden	_	_	_	
2-20	149-150	.	_	_	_	

#Text=Om groote Abrikozen te hebben,
#Text=scheelt het veel aan de aarde of grond, die wel
#Text=toebereid en twee of drie voeten diep moet zyn, en de enten van een boom genomen
#Text=worden, die reets goede vrugten gehad heeft.
3-1	153-155	Om	_	_	_	
3-2	156-162	groote	_	_	_	
3-3	163-172	Abrikozen	_	_	_	
3-4	173-175	te	_	_	_	
3-5	176-182	hebben	_	_	_	
3-6	182-183	,	_	_	_	
3-7	184-191	scheelt	_	_	_	
3-8	192-195	het	_	_	_	
3-9	196-200	veel	_	_	_	
3-10	201-204	aan	_	_	_	
3-11	205-207	de	_	_	_	
3-12	208-213	aarde	_	_	_	
3-13	214-216	of	_	_	_	
3-14	217-222	grond	_	_	_	
3-15	222-223	,	_	_	_	
3-16	224-227	die	_	_	_	
3-17	228-231	wel	_	_	_	
3-18	232-241	toebereid	_	_	_	
3-19	242-244	en	_	_	_	
3-20	245-249	twee	_	_	_	
3-21	250-252	of	_	_	_	
3-22	253-257	drie	_	_	_	
3-23	258-264	voeten	_	_	_	
3-24	265-269	diep	_	_	_	
3-25	270-274	moet	_	_	_	
3-26	275-278	zyn	_	_	_	
3-27	278-279	,	_	_	_	
3-28	280-282	en	_	_	_	
3-29	283-285	de	_	_	_	
3-30	286-291	enten	_	_	_	
3-31	292-295	van	_	_	_	
3-32	296-299	een	_	_	_	
3-33	300-304	boom	_	_	_	
3-34	305-312	genomen	_	_	_	
3-35	313-319	worden	_	_	_	
3-36	319-320	,	_	_	_	
3-37	321-324	die	_	_	_	
3-38	325-330	reets	_	_	_	
3-39	331-336	goede	_	_	_	
3-40	337-344	vrugten	_	_	_	
3-41	345-350	gehad	_	_	_	
3-42	351-356	heeft	_	_	_	
3-43	356-357	.	_	_	_	

#Text=De enting kan geschieden omtrent de Jaargetyden, wanneer alle de bloemen afgevallen
#Text=zyn, of als ze geene knoppen gezet hebben, of wanneer al de vrugten afgevallen zyn.
4-1	360-362	De	_	_	_	
4-2	363-369	enting	_	_	_	
4-3	370-373	kan	_	_	_	
4-4	374-384	geschieden	_	_	_	
4-5	385-392	omtrent	_	_	_	
4-6	393-395	de	_	_	_	
4-7	396-407	Jaargetyden	_	_	_	
4-8	407-408	,	_	_	_	
4-9	409-416	wanneer	_	_	_	
4-10	417-421	alle	_	_	_	
4-11	422-424	de	_	_	_	
4-12	425-432	bloemen	_	_	_	
4-13	433-443	afgevallen	_	_	_	
4-14	444-447	zyn	_	_	_	
4-15	447-448	,	_	_	_	
4-16	449-451	of	_	_	_	
4-17	452-455	als	_	_	_	
4-18	456-458	ze	_	_	_	
4-19	459-464	geene	_	_	_	
4-20	465-472	knoppen	_	_	_	
4-21	473-478	gezet	_	_	_	
4-22	479-485	hebben	_	_	_	
4-23	485-486	,	_	_	_	
4-24	487-489	of	_	_	_	
4-25	490-497	wanneer	_	_	_	
4-26	498-500	al	_	_	_	
4-27	501-503	de	_	_	_	
4-28	504-511	vrugten	_	_	_	
4-29	512-522	afgevallen	_	_	_	
4-30	523-526	zyn	_	_	_	
4-31	526-527	.	_	_	_	

#Text=De Abrikozen komen kort na de Kerssen, en zyn in ’t begin van Julius ryp, dog dit
#Text=zyn een zoort, die men voorloopers (of vroege Abrikozen) noemt;
#Text=want de meeste
#Text=zyn eerst omtrent het midden dezer Maand goed, gelyk ook het derde zoort dat men
#Text=de kleine Abrikoos noemt.
5-1	529-531	De	_	_	_	
5-2	532-541	Abrikozen	Smell\_Source	Anaphoric	6-1[1_0]	
5-3	542-547	komen	_	_	_	
5-4	548-552	kort	_	_	_	
5-5	553-555	na	_	_	_	
5-6	556-558	de	_	_	_	
5-7	559-566	Kerssen	_	_	_	
5-8	566-567	,	_	_	_	
5-9	568-570	en	_	_	_	
5-10	571-574	zyn	_	_	_	
5-11	575-577	in	_	_	_	
5-12	578-579	’	_	_	_	
5-13	579-580	t	_	_	_	
5-14	581-586	begin	_	_	_	
5-15	587-590	van	_	_	_	
5-16	591-597	Julius	_	_	_	
5-17	598-601	ryp	_	_	_	
5-18	601-602	,	_	_	_	
5-19	603-606	dog	_	_	_	
5-20	607-610	dit	_	_	_	
5-21	611-614	zyn	_	_	_	
5-22	615-618	een	_	_	_	
5-23	619-624	zoort	_	_	_	
5-24	624-625	,	_	_	_	
5-25	626-629	die	_	_	_	
5-26	630-633	men	_	_	_	
5-27	634-645	voorloopers	_	_	_	
5-28	646-647	(	_	_	_	
5-29	647-649	of	_	_	_	
5-30	650-656	vroege	_	_	_	
5-31	657-666	Abrikozen	_	_	_	
5-32	666-667	)	_	_	_	
5-33	668-673	noemt	_	_	_	
5-34	673-674	;	_	_	_	
5-35	675-679	want	_	_	_	
5-36	680-682	de	_	_	_	
5-37	683-689	meeste	_	_	_	
5-38	690-693	zyn	_	_	_	
5-39	694-699	eerst	_	_	_	
5-40	700-707	omtrent	_	_	_	
5-41	708-711	het	_	_	_	
5-42	712-718	midden	_	_	_	
5-43	719-724	dezer	_	_	_	
5-44	725-730	Maand	_	_	_	
5-45	731-735	goed	_	_	_	
5-46	735-736	,	_	_	_	
5-47	737-742	gelyk	_	_	_	
5-48	743-746	ook	_	_	_	
5-49	747-750	het	_	_	_	
5-50	751-756	derde	_	_	_	
5-51	757-762	zoort	_	_	_	
5-52	763-766	dat	_	_	_	
5-53	767-770	men	_	_	_	
5-54	771-773	de	_	_	_	
5-55	774-780	kleine	_	_	_	
5-56	781-789	Abrikoos	_	_	_	
5-57	790-795	noemt	_	_	_	
5-58	795-796	.	_	_	_	

#Text=Deze vrugt is lekker, schoon, heerlyk van reuk, en van al
#Text=de Wereld wegens hare nieuwigheit geagt.
6-1	797-801	Deze	Smell\_Source[1]	_	_	
6-2	802-807	vrugt	Smell\_Source[1]	_	_	
6-3	808-810	is	_	_	_	
6-4	811-817	lekker	_	_	_	
6-5	817-818	,	_	_	_	
6-6	819-825	schoon	_	_	_	
6-7	825-826	,	_	_	_	
6-8	827-834	heerlyk	Quality	_	_	
6-9	835-838	van	_	_	_	
6-10	839-843	reuk	Smell\_Word	*|*|*	6-8|6-1[1_0]|5-2	
6-11	843-844	,	_	_	_	
6-12	845-847	en	_	_	_	
6-13	848-851	van	_	_	_	
6-14	852-854	al	_	_	_	
6-15	855-857	de	_	_	_	
6-16	858-864	Wereld	_	_	_	
6-17	865-871	wegens	_	_	_	
6-18	872-876	hare	_	_	_	
6-19	877-888	nieuwigheit	_	_	_	
6-20	889-894	geagt	_	_	_	
6-21	894-895	.	_	_	_	

#Text=Manier om Abrikozen te droogen.
7-1	897-903	Manier	_	_	_	
7-2	904-906	om	_	_	_	
7-3	907-916	Abrikozen	_	_	_	
7-4	917-919	te	_	_	_	
7-5	920-927	droogen	_	_	_	
7-6	927-928	.	_	_	_	

#Text=Men neemt ze als ze ter deeg ryp zyn;
#Text=maar in stede van ze open te doen, gelyk de
#Text=Perziken, om den steen daar uit te nemen, vergenoegt men zig met ze voort te duwen
#Text=
#Text=naar de plaats van den steel
#Text=, daar ze uitspringen;
#Text=zoo dat de Abrikozen heel blyvende
#Text=men ze alleenlyk plat drukt, zonder ze te openen;
#Text=daar na droogt men ze gelyk de
#Text=Perziken.
8-1	931-934	Men	_	_	_	
8-2	935-940	neemt	_	_	_	
8-3	941-943	ze	_	_	_	
8-4	944-947	als	_	_	_	
8-5	948-950	ze	_	_	_	
8-6	951-954	ter	_	_	_	
8-7	955-959	deeg	_	_	_	
8-8	960-963	ryp	_	_	_	
8-9	964-967	zyn	_	_	_	
8-10	967-968	;	_	_	_	
8-11	969-973	maar	_	_	_	
8-12	974-976	in	_	_	_	
8-13	977-982	stede	_	_	_	
8-14	983-986	van	_	_	_	
8-15	987-989	ze	_	_	_	
8-16	990-994	open	_	_	_	
8-17	995-997	te	_	_	_	
8-18	998-1002	doen	_	_	_	
8-19	1002-1003	,	_	_	_	
8-20	1004-1009	gelyk	_	_	_	
8-21	1010-1012	de	_	_	_	
8-22	1013-1021	Perziken	_	_	_	
8-23	1021-1022	,	_	_	_	
8-24	1023-1025	om	_	_	_	
8-25	1026-1029	den	_	_	_	
8-26	1030-1035	steen	_	_	_	
8-27	1036-1040	daar	_	_	_	
8-28	1041-1044	uit	_	_	_	
8-29	1045-1047	te	_	_	_	
8-30	1048-1053	nemen	_	_	_	
8-31	1053-1054	,	_	_	_	
8-32	1055-1065	vergenoegt	_	_	_	
8-33	1066-1069	men	_	_	_	
8-34	1070-1073	zig	_	_	_	
8-35	1074-1077	met	_	_	_	
8-36	1078-1080	ze	_	_	_	
8-37	1081-1086	voort	_	_	_	
8-38	1087-1089	te	_	_	_	
8-39	1090-1095	duwen	_	_	_	
8-40	1097-1101	naar	_	_	_	
8-41	1102-1104	de	_	_	_	
8-42	1105-1111	plaats	_	_	_	
8-43	1112-1115	van	_	_	_	
8-44	1116-1119	den	_	_	_	
8-45	1120-1125	steel	_	_	_	
8-46	1126-1127	,	_	_	_	
8-47	1128-1132	daar	_	_	_	
8-48	1133-1135	ze	_	_	_	
8-49	1136-1147	uitspringen	_	_	_	
8-50	1147-1148	;	_	_	_	
8-51	1149-1152	zoo	_	_	_	
8-52	1153-1156	dat	_	_	_	
8-53	1157-1159	de	_	_	_	
8-54	1160-1169	Abrikozen	_	_	_	
8-55	1170-1174	heel	_	_	_	
8-56	1175-1183	blyvende	_	_	_	
8-57	1184-1187	men	_	_	_	
8-58	1188-1190	ze	_	_	_	
8-59	1191-1200	alleenlyk	_	_	_	
8-60	1201-1205	plat	_	_	_	
8-61	1206-1211	drukt	_	_	_	
8-62	1211-1212	,	_	_	_	
8-63	1213-1219	zonder	_	_	_	
8-64	1220-1222	ze	_	_	_	
8-65	1223-1225	te	_	_	_	
8-66	1226-1232	openen	_	_	_	
8-67	1232-1233	;	_	_	_	
8-68	1234-1238	daar	_	_	_	
8-69	1239-1241	na	_	_	_	
8-70	1242-1248	droogt	_	_	_	
8-71	1249-1252	men	_	_	_	
8-72	1253-1255	ze	_	_	_	
8-73	1256-1261	gelyk	_	_	_	
8-74	1262-1264	de	_	_	_	
8-75	1265-1273	Perziken	_	_	_	
8-76	1273-1274	.	_	_	_	

#Text=Andere manier om ze te droogen.
9-1	1276-1282	Andere	_	_	_	
9-2	1283-1289	manier	_	_	_	
9-3	1290-1292	om	_	_	_	
9-4	1293-1295	ze	_	_	_	
9-5	1296-1298	te	_	_	_	
9-6	1299-1306	droogen	_	_	_	
9-7	1306-1307	.	_	_	_	
