#FORMAT=WebAnno TSV 3.3


#Text=[
#Text=p. 550]
#Text=
#Text=
#Text=zoo onaangename reuk naar brandende turf.
1-1	3-4	[	
1-2	5-6	p	
1-3	6-7	.	
1-4	8-11	550	
1-5	11-12	]	
1-6	15-18	zoo	
1-7	19-30	onaangename	
1-8	31-35	reuk	
1-9	36-40	naar	
1-10	41-50	brandende	
1-11	51-55	turf	
1-12	55-56	.	

#Text=Deze reuk is zoo duidelijk, dat hij alleen reeds voor ieder die een neus tot ruiken gekregen heeft, voldoende is om de afkomst van den rook te bewijzen.
2-1	57-61	Deze	
2-2	62-66	reuk	
2-3	67-69	is	
2-4	70-73	zoo	
2-5	74-83	duidelijk	
2-6	83-84	,	
2-7	85-88	dat	
2-8	89-92	hij	
2-9	93-99	alleen	
2-10	100-105	reeds	
2-11	106-110	voor	
2-12	111-116	ieder	
2-13	117-120	die	
2-14	121-124	een	
2-15	125-129	neus	
2-16	130-133	tot	
2-17	134-140	ruiken	
2-18	141-149	gekregen	
2-19	150-155	heeft	
2-20	155-156	,	
2-21	157-166	voldoende	
2-22	167-169	is	
2-23	170-172	om	
2-24	173-175	de	
2-25	176-183	afkomst	
2-26	184-187	van	
2-27	188-191	den	
2-28	192-196	rook	
2-29	197-199	te	
2-30	200-208	bewijzen	
2-31	208-209	.	

#Text=De turfrook wordt daarbij te duidelijker, hoe meer men den ruimen haard der Oost-Friesche veenbranden nadert.
3-1	210-212	De	
3-2	213-221	turfrook	
3-3	222-227	wordt	
3-4	228-235	daarbij	
3-5	236-238	te	
3-6	239-250	duidelijker	
3-7	250-251	,	
3-8	252-255	hoe	
3-9	256-260	meer	
3-10	261-264	men	
3-11	265-268	den	
3-12	269-275	ruimen	
3-13	276-281	haard	
3-14	282-285	der	
3-15	286-299	Oost-Friesche	
3-16	300-311	veenbranden	
3-17	312-318	nadert	
3-18	318-319	.	

#Text=Ditzelfde is het geval met de geelroode kleur van den hoogterook, welke bij het naderen der veenstreken toeneemt en dikwijls reeds, wanneer men er nog 10 à 12 mijlen van verwijderd is, in een bepaald bruinrood overgaat.
4-1	320-329	Ditzelfde	
4-2	330-332	is	
4-3	333-336	het	
4-4	337-342	geval	
4-5	343-346	met	
4-6	347-349	de	
4-7	350-359	geelroode	
4-8	360-365	kleur	
4-9	366-369	van	
4-10	370-373	den	
4-11	374-384	hoogterook	
4-12	384-385	,	
4-13	386-391	welke	
4-14	392-395	bij	
4-15	396-399	het	
4-16	400-407	naderen	
4-17	408-411	der	
4-18	412-423	veenstreken	
4-19	424-432	toeneemt	
4-20	433-435	en	
4-21	436-444	dikwijls	
4-22	445-450	reeds	
4-23	450-451	,	
4-24	452-459	wanneer	
4-25	460-463	men	
4-26	464-466	er	
4-27	467-470	nog	
4-28	471-473	10	
4-29	474-475	à	
4-30	476-478	12	
4-31	479-485	mijlen	
4-32	486-489	van	
4-33	490-500	verwijderd	
4-34	501-503	is	
4-35	503-504	,	
4-36	505-507	in	
4-37	508-511	een	
4-38	512-519	bepaald	
4-39	520-529	bruinrood	
4-40	530-538	overgaat	
4-41	538-539	.	

#Text=Als verder bewijs hiervoor kan aangemerkt worden, dat de veendamp zich slechts op zulke tijden vertoont, als er aanmerkelijke veenbranden plaats grijpen, dat is in Mei en Junij en soms ook in den herfst, ten tijde van het uitzaaijen der wintervruchten.
5-1	540-543	Als	
5-2	544-550	verder	
5-3	551-557	bewijs	
5-4	558-566	hiervoor	
5-5	567-570	kan	
5-6	571-581	aangemerkt	
5-7	582-588	worden	
5-8	588-589	,	
5-9	590-593	dat	
5-10	594-596	de	
5-11	597-605	veendamp	
5-12	606-610	zich	
5-13	611-618	slechts	
5-14	619-621	op	
5-15	622-627	zulke	
5-16	628-634	tijden	
5-17	635-643	vertoont	
5-18	643-644	,	
5-19	645-648	als	
5-20	649-651	er	
5-21	652-665	aanmerkelijke	
5-22	666-677	veenbranden	
5-23	678-684	plaats	
5-24	685-692	grijpen	
5-25	692-693	,	
5-26	694-697	dat	
5-27	698-700	is	
5-28	701-703	in	
5-29	704-707	Mei	
5-30	708-710	en	
5-31	711-716	Junij	
5-32	717-719	en	
5-33	720-724	soms	
5-34	725-728	ook	
5-35	729-731	in	
5-36	732-735	den	
5-37	736-742	herfst	
5-38	742-743	,	
5-39	744-747	ten	
5-40	748-753	tijde	
5-41	754-757	van	
5-42	758-761	het	
5-43	762-772	uitzaaijen	
5-44	773-776	der	
5-45	777-791	wintervruchten	
5-46	791-792	.	

#Text=Eindelijk moeten wij nog zeggen, dat de veendamp ons, met hoogst zeldzame uitzonderingen, door zulk eene rigting van den luchtstroom wordt aangevoerd, die juist naar de streek van het veenbranden heenwijst.
6-1	793-802	Eindelijk	
6-2	803-809	moeten	
6-3	810-813	wij	
6-4	814-817	nog	
6-5	818-824	zeggen	
6-6	824-825	,	
6-7	826-829	dat	
6-8	830-832	de	
6-9	833-841	veendamp	
6-10	842-845	ons	
6-11	845-846	,	
6-12	847-850	met	
6-13	851-857	hoogst	
6-14	858-866	zeldzame	
6-15	867-881	uitzonderingen	
6-16	881-882	,	
6-17	883-887	door	
6-18	888-892	zulk	
6-19	893-897	eene	
6-20	898-905	rigting	
6-21	906-909	van	
6-22	910-913	den	
6-23	914-925	luchtstroom	
6-24	926-931	wordt	
6-25	932-942	aangevoerd	
6-26	942-943	,	
6-27	944-947	die	
6-28	948-953	juist	
6-29	954-958	naar	
6-30	959-961	de	
6-31	962-968	streek	
6-32	969-972	van	
6-33	973-976	het	
6-34	977-988	veenbranden	
6-35	989-998	heenwijst	
6-36	998-999	.	

#Text=Dit is alzoo voor het grootste gedeelte noordwestewind.
7-1	1000-1003	Dit	
7-2	1004-1006	is	
7-3	1007-1012	alzoo	
7-4	1013-1017	voor	
7-5	1018-1021	het	
7-6	1022-1030	grootste	
7-7	1031-1039	gedeelte	
7-8	1040-1054	noordwestewind	
7-9	1054-1055	.	

#Text=De zoo even opgenoemde uitzonderingen vindt men in de daadzaak, dat in de bovenste luchtstreken dikwijls eene geheel andere windrigting plaats grijpt, dan in de benedenste en kan alzoo verklaard worden, dat de rookmassa's door een westewind opgenomen en verder voortgedreven worden, vervolgens naar beneden drijven en dan door den oostewind tot ons gevoerd worden.
8-1	1056-1058	De	
8-2	1059-1062	zoo	
8-3	1063-1067	even	
8-4	1068-1078	opgenoemde	
8-5	1079-1093	uitzonderingen	
8-6	1094-1099	vindt	
8-7	1100-1103	men	
8-8	1104-1106	in	
8-9	1107-1109	de	
8-10	1110-1118	daadzaak	
8-11	1118-1119	,	
8-12	1120-1123	dat	
8-13	1124-1126	in	
8-14	1127-1129	de	
8-15	1130-1138	bovenste	
8-16	1139-1151	luchtstreken	
8-17	1152-1160	dikwijls	
8-18	1161-1165	eene	
8-19	1166-1172	geheel	
8-20	1173-1179	andere	
8-21	1180-1191	windrigting	
8-22	1192-1198	plaats	
8-23	1199-1205	grijpt	
8-24	1205-1206	,	
8-25	1207-1210	dan	
8-26	1211-1213	in	
8-27	1214-1216	de	
8-28	1217-1227	benedenste	
8-29	1228-1230	en	
8-30	1231-1234	kan	
8-31	1235-1240	alzoo	
8-32	1241-1250	verklaard	
8-33	1251-1257	worden	
8-34	1257-1258	,	
8-35	1259-1262	dat	
8-36	1263-1265	de	
8-37	1266-1277	rookmassa's	
8-38	1278-1282	door	
8-39	1283-1286	een	
8-40	1287-1296	westewind	
8-41	1297-1306	opgenomen	
8-42	1307-1309	en	
8-43	1310-1316	verder	
8-44	1317-1330	voortgedreven	
8-45	1331-1337	worden	
8-46	1337-1338	,	
8-47	1339-1349	vervolgens	
8-48	1350-1354	naar	
8-49	1355-1362	beneden	
8-50	1363-1370	drijven	
8-51	1371-1373	en	
8-52	1374-1377	dan	
8-53	1378-1382	door	
8-54	1383-1386	den	
8-55	1387-1396	oostewind	
8-56	1397-1400	tot	
8-57	1401-1404	ons	
8-58	1405-1412	gevoerd	
8-59	1413-1419	worden	
8-60	1419-1420	.	

#Text=Velen willen in den veendamp zelfs een meteorologisch verschijnsel zien, omdat zij een zekeren invloed van den rook op het weder meenen te ontdekken.
9-1	1422-1427	Velen	
9-2	1428-1434	willen	
9-3	1435-1437	in	
9-4	1438-1441	den	
9-5	1442-1450	veendamp	
9-6	1451-1456	zelfs	
9-7	1457-1460	een	
9-8	1461-1475	meteorologisch	
9-9	1476-1488	verschijnsel	
9-10	1489-1493	zien	
9-11	1493-1494	,	
9-12	1495-1500	omdat	
9-13	1501-1504	zij	
9-14	1505-1508	een	
9-15	1509-1516	zekeren	
9-16	1517-1524	invloed	
9-17	1525-1528	van	
9-18	1529-1532	den	
9-19	1533-1537	rook	
9-20	1538-1540	op	
9-21	1541-1544	het	
9-22	1545-1550	weder	
9-23	1551-1557	meenen	
9-24	1558-1560	te	
9-25	1561-1570	ontdekken	
9-26	1570-1571	.	

#Text=Dan eens is het de aanhoudende droogte, dan weder de spoedig daarop invallende koelte en dan nog weder de verdeeling van opstijgende onweerswolken, die men den veendamp ten laste legt.
10-1	1572-1575	Dan	
10-2	1576-1580	eens	
10-3	1581-1583	is	
10-4	1584-1587	het	
10-5	1588-1590	de	
10-6	1591-1602	aanhoudende	
10-7	1603-1610	droogte	
10-8	1610-1611	,	
10-9	1612-1615	dan	
10-10	1616-1621	weder	
10-11	1622-1624	de	
10-12	1625-1632	spoedig	
10-13	1633-1639	daarop	
10-14	1640-1650	invallende	
10-15	1651-1657	koelte	
10-16	1658-1660	en	
10-17	1661-1664	dan	
10-18	1665-1668	nog	
10-19	1669-1674	weder	
10-20	1675-1677	de	
10-21	1678-1688	verdeeling	
10-22	1689-1692	van	
10-23	1693-1704	opstijgende	
10-24	1705-1718	onweerswolken	
10-25	1718-1719	,	
10-26	1720-1723	die	
10-27	1724-1727	men	
10-28	1728-1731	den	
10-29	1732-1740	veendamp	
10-30	1741-1744	ten	
10-31	1745-1750	laste	
10-32	1751-1755	legt	
10-33	1755-1756	.	

#Text=In dit alles is wel iets waars gelegen, maar men moet hier ook wel onderscheid weten te maken tusschen waarheid en waarschijnlijkheid.
11-1	1757-1759	In	
11-2	1760-1763	dit	
11-3	1764-1769	alles	
11-4	1770-1772	is	
11-5	1773-1776	wel	
11-6	1777-1781	iets	
11-7	1782-1787	waars	
11-8	1788-1795	gelegen	
11-9	1795-1796	,	
11-10	1797-1801	maar	
11-11	1802-1805	men	
11-12	1806-1810	moet	
11-13	1811-1815	hier	
11-14	1816-1819	ook	
11-15	1820-1823	wel	
11-16	1824-1835	onderscheid	
11-17	1836-1841	weten	
11-18	1842-1844	te	
11-19	1845-1850	maken	
11-20	1851-1859	tusschen	
11-21	1860-1868	waarheid	
11-22	1869-1871	en	
11-23	1872-1890	waarschijnlijkheid	
11-24	1890-1891	.	

#Text=Dat het bij 't verschijnen van den veendamp dikwijls koud wordt heeft hierin zijn grond, dat de noordwestewind, op wiens vleugelen de rook daarheen zweeft, in den regel koude aanbrengt.
12-1	1892-1895	Dat	
12-2	1896-1899	het	
12-3	1900-1903	bij	
12-4	1904-1905	'	
12-5	1905-1906	t	
12-6	1907-1918	verschijnen	
12-7	1919-1922	van	
12-8	1923-1926	den	
12-9	1927-1935	veendamp	
12-10	1936-1944	dikwijls	
12-11	1945-1949	koud	
12-12	1950-1955	wordt	
12-13	1956-1961	heeft	
12-14	1962-1968	hierin	
12-15	1969-1973	zijn	
12-16	1974-1979	grond	
12-17	1979-1980	,	
12-18	1981-1984	dat	
12-19	1985-1987	de	
12-20	1988-2002	noordwestewind	
12-21	2002-2003	,	
12-22	2004-2006	op	
12-23	2007-2012	wiens	
12-24	2013-2022	vleugelen	
12-25	2023-2025	de	
12-26	2026-2030	rook	
12-27	2031-2039	daarheen	
12-28	2040-2046	zweeft	
12-29	2046-2047	,	
12-30	2048-2050	in	
12-31	2051-2054	den	
12-32	2055-2060	regel	
12-33	2061-2066	koude	
12-34	2067-2076	aanbrengt	
12-35	2076-2077	.	

#Text=Alzoo is het niet de rook, maar de noordwestewind die eene koele temperatuur veroorzaakt.
13-1	2078-2083	Alzoo	
13-2	2084-2086	is	
13-3	2087-2090	het	
13-4	2091-2095	niet	
13-5	2096-2098	de	
13-6	2099-2103	rook	
13-7	2103-2104	,	
13-8	2105-2109	maar	
13-9	2110-2112	de	
13-10	2113-2127	noordwestewind	
13-11	2128-2131	die	
13-12	2132-2136	eene	
13-13	2137-2142	koele	
13-14	2143-2154	temperatuur	
13-15	2155-2166	veroorzaakt	
13-16	2166-2167	.	

#Text=Wat de droogheid der lucht betreft, zoo moet men bcdenken, dat de veendamp zich slechts bij eene
#Text=[p. 551]
#Text=
#Text=drooge luchtsgesteldheid ver verbreiden kan, omdat de aschdeeltjes, waaruit hij bestaat, zich spoedig vol zuigen wanneer de lucht zeer vochtig is, daardoor zwaarder worden en naar den grond zinken.
14-1	2168-2171	Wat	
14-2	2172-2174	de	
14-3	2175-2184	droogheid	
14-4	2185-2188	der	
14-5	2189-2194	lucht	
14-6	2195-2202	betreft	
14-7	2202-2203	,	
14-8	2204-2207	zoo	
14-9	2208-2212	moet	
14-10	2213-2216	men	
14-11	2217-2225	bcdenken	
14-12	2225-2226	,	
14-13	2227-2230	dat	
14-14	2231-2233	de	
14-15	2234-2242	veendamp	
14-16	2243-2247	zich	
14-17	2248-2255	slechts	
14-18	2256-2259	bij	
14-19	2260-2264	eene	
14-20	2265-2266	[	
14-21	2266-2267	p	
14-22	2267-2268	.	
14-23	2269-2272	551	
14-24	2272-2273	]	
14-25	2275-2281	drooge	
14-26	2282-2299	luchtsgesteldheid	
14-27	2300-2303	ver	
14-28	2304-2314	verbreiden	
14-29	2315-2318	kan	
14-30	2318-2319	,	
14-31	2320-2325	omdat	
14-32	2326-2328	de	
14-33	2329-2341	aschdeeltjes	
14-34	2341-2342	,	
14-35	2343-2350	waaruit	
14-36	2351-2354	hij	
14-37	2355-2362	bestaat	
14-38	2362-2363	,	
14-39	2364-2368	zich	
14-40	2369-2376	spoedig	
14-41	2377-2380	vol	
14-42	2381-2387	zuigen	
14-43	2388-2395	wanneer	
14-44	2396-2398	de	
14-45	2399-2404	lucht	
14-46	2405-2409	zeer	
14-47	2410-2417	vochtig	
14-48	2418-2420	is	
14-49	2420-2421	,	
14-50	2422-2430	daardoor	
14-51	2431-2439	zwaarder	
14-52	2440-2446	worden	
14-53	2447-2449	en	
14-54	2450-2454	naar	
14-55	2455-2458	den	
14-56	2459-2464	grond	
14-57	2465-2471	zinken	
14-58	2471-2472	.	

#Text=Derhalve was de lucht reeds droog toen de rook kwam.
15-1	2475-2483	Derhalve	
15-2	2484-2487	was	
15-3	2488-2490	de	
15-4	2491-2496	lucht	
15-5	2497-2502	reeds	
15-6	2503-2508	droog	
15-7	2509-2513	toen	
15-8	2514-2516	de	
15-9	2517-2521	rook	
15-10	2522-2526	kwam	
15-11	2526-2527	.	
