#FORMAT=WebAnno TSV 3.3


#Text=+
#Text=Het Sassafras-hout komt van eenen grooten boom, hebbende de gedaante van 
#Text=een' pynboom;
#Text=deszelfs bladen gelyken naar vygebladen;
#Text=de kleur is eenigzins 
#Text=geelachtig.
1-1	8-9	+	
1-2	10-13	Het	
1-3	14-28	Sassafras-hout	
1-4	29-33	komt	
1-5	34-37	van	
1-6	38-43	eenen	
1-7	44-51	grooten	
1-8	52-56	boom	
1-9	56-57	,	
1-10	58-66	hebbende	
1-11	67-69	de	
1-12	70-78	gedaante	
1-13	79-82	van	
1-14	84-87	een	
1-15	87-88	'	
1-16	89-96	pynboom	
1-17	96-97	;	
1-18	98-106	deszelfs	
1-19	107-113	bladen	
1-20	114-121	gelyken	
1-21	122-126	naar	
1-22	127-137	vygebladen	
1-23	137-138	;	
1-24	139-141	de	
1-25	142-147	kleur	
1-26	148-150	is	
1-27	151-160	eenigzins	
1-28	162-172	geelachtig	
1-29	172-173	.	

#Text=Het riekt als Venkel; doch aangaande deszelfs gebruik kan ik niets 
#Text=bepaalen
2-1	174-177	Het	
2-2	178-183	riekt	
2-3	184-187	als	
2-4	188-194	Venkel	
2-5	194-195	;	
2-6	196-200	doch	
2-7	201-210	aangaande	
2-8	211-219	deszelfs	
2-9	220-227	gebruik	
2-10	228-231	kan	
2-11	232-234	ik	
2-12	235-240	niets	
2-13	242-250	bepaalen	

#Text=.
3-1	250-251	.	

#Text=+
#Text=Het Tapouripa-hout is zeer gemeen; ook gebruikt men hetzelve maar alleen om 
#Text=kleine gebouwen, van korten duur te maaken.
4-1	257-258	+	
4-2	259-262	Het	
4-3	263-277	Tapouripa-hout	
4-4	278-280	is	
4-5	281-285	zeer	
4-6	286-292	gemeen	
4-7	292-293	;	
4-8	294-297	ook	
4-9	298-306	gebruikt	
4-10	307-310	men	
4-11	311-319	hetzelve	
4-12	320-324	maar	
4-13	325-331	alleen	
4-14	332-334	om	
4-15	336-342	kleine	
4-16	343-351	gebouwen	
4-17	351-352	,	
4-18	353-356	van	
4-19	357-363	korten	
4-20	364-368	duur	
4-21	369-371	te	
4-22	372-378	maaken	
4-23	378-379	.	

#Text=Dit hout is witachtig, en zeer ligt, 
#Text=echter redelyk vast, maar weinig geacht
5-1	380-383	Dit	
5-2	384-388	hout	
5-3	389-391	is	
5-4	392-401	witachtig	
5-5	401-402	,	
5-6	403-405	en	
5-7	406-410	zeer	
5-8	411-415	ligt	
5-9	415-416	,	
5-10	418-424	echter	
5-11	425-432	redelyk	
5-12	433-437	vast	
5-13	437-438	,	
5-14	439-443	maar	
5-15	444-450	weinig	
5-16	451-457	geacht	

#Text=.
6-1	457-458	.	

#Text=+
#Text=Het Kwari-hout is weinig meer in achting dan het voorgaande, om dat het zo ligt 
#Text=is, en in geenen deele tegen de ongemakken van de lucht kan, en daarenboven 
#Text=zo wel aan wormen onderhevig is als het Tapouripa-hout
7-1	464-465	+	
7-2	466-469	Het	
7-3	470-480	Kwari-hout	
7-4	481-483	is	
7-5	484-490	weinig	
7-6	491-495	meer	
7-7	496-498	in	
7-8	499-506	achting	
7-9	507-510	dan	
7-10	511-514	het	
7-11	515-525	voorgaande	
7-12	525-526	,	
7-13	527-529	om	
7-14	530-533	dat	
7-15	534-537	het	
7-16	538-540	zo	
7-17	541-545	ligt	
7-18	547-549	is	
7-19	549-550	,	
7-20	551-553	en	
7-21	554-556	in	
7-22	557-563	geenen	
7-23	564-569	deele	
7-24	570-575	tegen	
7-25	576-578	de	
7-26	579-589	ongemakken	
7-27	590-593	van	
7-28	594-596	de	
7-29	597-602	lucht	
7-30	603-606	kan	
7-31	606-607	,	
7-32	608-610	en	
7-33	611-622	daarenboven	
7-34	624-626	zo	
7-35	627-630	wel	
7-36	631-634	aan	
7-37	635-641	wormen	
7-38	642-652	onderhevig	
7-39	653-655	is	
7-40	656-659	als	
7-41	660-663	het	
7-42	664-678	Tapouripa-hout	

#Text=.
8-1	678-679	.	

#Text=+
#Text=Het Goyave-hout is, ten naasten by van dezelfde soort als de twee voorgaanden;
#Text=
#Text=
#Text=ik weet 'er geene eigenschappen van.
9-1	685-686	+	
9-2	687-690	Het	
9-3	691-702	Goyave-hout	
9-4	703-705	is	
9-5	705-706	,	
9-6	707-710	ten	
9-7	711-718	naasten	
9-8	719-721	by	
9-9	722-725	van	
9-10	726-734	dezelfde	
9-11	735-740	soort	
9-12	741-744	als	
9-13	745-747	de	
9-14	748-752	twee	
9-15	753-764	voorgaanden	
9-16	764-765	;	
9-17	768-770	ik	
9-18	771-775	weet	
9-19	776-777	'	
9-20	777-779	er	
9-21	780-785	geene	
9-22	786-799	eigenschappen	
9-23	800-803	van	
9-24	803-804	.	

#Text=Ik heb den boom, daar dit hout van komt, 
#Text=als ook deszelfs vrucht, in het twaalfde Hoofdstuk beschreeven
10-1	805-807	Ik	
10-2	808-811	heb	
10-3	812-815	den	
10-4	816-820	boom	
10-5	820-821	,	
10-6	822-826	daar	
10-7	827-830	dit	
10-8	831-835	hout	
10-9	836-839	van	
10-10	840-844	komt	
10-11	844-845	,	
10-12	847-850	als	
10-13	851-854	ook	
10-14	855-863	deszelfs	
10-15	864-870	vrucht	
10-16	870-871	,	
10-17	872-874	in	
10-18	875-878	het	
10-19	879-887	twaalfde	
10-20	888-897	Hoofdstuk	
10-21	898-909	beschreeven	

#Text=.
11-1	909-910	.	

#Text=+
#Text=Het Nooten-boomen-hout is te wel bekend om 'er hier eene beschryving van te 
#Text=doen;
#Text=ik moet echter zeggen dat het in 't land zeer
#Text=
#Text=
#Text=
#Text=
#Text=+Van het Kraphout.
12-1	916-917	+	
12-2	918-921	Het	
12-3	922-940	Nooten-boomen-hout	
12-4	941-943	is	
12-5	944-946	te	
12-6	947-950	wel	
12-7	951-957	bekend	
12-8	958-960	om	
12-9	961-962	'	
12-10	962-964	er	
12-11	965-969	hier	
12-12	970-974	eene	
12-13	975-986	beschryving	
12-14	987-990	van	
12-15	991-993	te	
12-16	995-999	doen	
12-17	999-1000	;	
12-18	1001-1003	ik	
12-19	1004-1008	moet	
12-20	1009-1015	echter	
12-21	1016-1022	zeggen	
12-22	1023-1026	dat	
12-23	1027-1030	het	
12-24	1031-1033	in	
12-25	1034-1035	'	
12-26	1035-1036	t	
12-27	1037-1041	land	
12-28	1042-1046	zeer	
12-29	1051-1052	+	
12-30	1052-1055	Van	
12-31	1056-1059	het	
12-32	1060-1068	Kraphout	
12-33	1068-1069	.	
