#FORMAT=WebAnno TSV 3.3


#Text=Selon la tradition des Indiens & des Perses, ceux qui songent s'être parfumé la tête ou le reste du corps avec des huiles, parfums ou poudres odoriférentes, doivent être en bonne estime parmi leurs voisins & agréables à un chacun, & quant à moi, je suis plus de cet avis que du précédent.
1-1	0-5	Selon	
1-2	6-8	la	
1-3	9-18	tradition	
1-4	19-22	des	
1-5	23-30	Indiens	
1-6	31-32	&	
1-7	33-36	des	
1-8	37-43	Perses	
1-9	43-44	,	
1-10	45-49	ceux	
1-11	50-53	qui	
1-12	54-61	songent	
1-13	62-68	s'être	
1-14	69-76	parfumé	
1-15	77-79	la	
1-16	80-84	tête	
1-17	85-87	ou	
1-18	88-90	le	
1-19	91-96	reste	
1-20	97-99	du	
1-21	100-105	corps	
1-22	106-110	avec	
1-23	111-114	des	
1-24	115-121	huiles	
1-25	121-122	,	
1-26	123-130	parfums	
1-27	131-133	ou	
1-28	134-141	poudres	
1-29	142-155	odoriférentes	
1-30	155-156	,	
1-31	157-164	doivent	
1-32	165-169	être	
1-33	170-172	en	
1-34	173-178	bonne	
1-35	179-185	estime	
1-36	186-191	parmi	
1-37	192-197	leurs	
1-38	198-205	voisins	
1-39	206-207	&	
1-40	208-217	agréables	
1-41	218-219	à	
1-42	220-222	un	
1-43	223-229	chacun	
1-44	229-230	,	
1-45	231-232	&	
1-46	233-238	quant	
1-47	239-240	à	
1-48	241-244	moi	
1-49	244-245	,	
1-50	246-248	je	
1-51	249-253	suis	
1-52	254-258	plus	
1-53	259-261	de	
1-54	262-265	cet	
1-55	266-270	avis	
1-56	271-274	que	
1-57	275-277	du	
1-58	278-287	précédent	
1-59	287-288	.	

#Text=Si quelqu'un songe de sentir mauvais, il sers odieux à un chacun, & ce à proportion de la puanteur.
2-1	290-292	Si	
2-2	293-302	quelqu'un	
2-3	303-308	songe	
2-4	309-311	de	
2-5	312-318	sentir	
2-6	319-326	mauvais	
2-7	326-327	,	
2-8	328-330	il	
2-9	331-335	sers	
2-10	336-342	odieux	
2-11	343-344	à	
2-12	345-347	un	
2-13	348-354	chacun	
2-14	354-355	,	
2-15	356-357	&	
2-16	358-360	ce	
2-17	361-362	à	
2-18	363-373	proportion	
2-19	374-376	de	
2-20	377-379	la	
2-21	380-388	puanteur	
2-22	388-389	.	

#Text=Si quelqu'un songe avoir reçu un présent de bonnes senteurs, il recevra quelque nouvelle agréable à proportion de la qualité & quantité des senteurs, & fera gain & profit, & acquerra honneur parmi les siens.
3-1	391-393	Si	
3-2	394-403	quelqu'un	
3-3	404-409	songe	
3-4	410-415	avoir	
3-5	416-420	reçu	
3-6	421-423	un	
3-7	424-431	présent	
3-8	432-434	de	
3-9	435-441	bonnes	
3-10	442-450	senteurs	
3-11	450-451	,	
3-12	452-454	il	
3-13	455-462	recevra	
3-14	463-470	quelque	
3-15	471-479	nouvelle	
3-16	480-488	agréable	
3-17	489-490	à	
3-18	491-501	proportion	
3-19	502-504	de	
3-20	505-507	la	
3-21	508-515	qualité	
3-22	516-517	&	
3-23	518-526	quantité	
3-24	527-530	des	
3-25	531-539	senteurs	
3-26	539-540	,	
3-27	541-542	&	
3-28	543-547	fera	
3-29	548-552	gain	
3-30	553-554	&	
3-31	555-561	profit	
3-32	561-562	,	
3-33	563-564	&	
3-34	565-573	acquerra	
3-35	574-581	honneur	
3-36	582-587	parmi	
3-37	588-591	les	
3-38	592-597	siens	
3-39	597-598	.	

#Text=Si quelqu'un songe faire des parfums odorifférens, & qu'il en donne à ses amis, il apprendra quelques bonnes nouvelles, qui lui seront profitables & à ceux auxquels il parlera.
4-1	600-602	Si	
4-2	603-612	quelqu'un	
4-3	613-618	songe	
4-4	619-624	faire	
4-5	625-628	des	
4-6	629-636	parfums	
4-7	637-649	odorifférens	
4-8	649-650	,	
4-9	651-652	&	
4-10	653-658	qu'il	
4-11	659-661	en	
4-12	662-667	donne	
4-13	668-669	à	
4-14	670-673	ses	
4-15	674-678	amis	
4-16	678-679	,	
4-17	680-682	il	
4-18	683-692	apprendra	
4-19	693-701	quelques	
4-20	702-708	bonnes	
4-21	709-718	nouvelles	
4-22	718-719	,	
4-23	720-723	qui	
4-24	724-727	lui	
4-25	728-734	seront	
4-26	735-746	profitables	
4-27	747-748	&	
4-28	749-750	à	
4-29	751-755	ceux	
4-30	756-764	auxquels	
4-31	765-767	il	
4-32	768-775	parlera	
4-33	775-776	.	

#Text=Si quelqu'un songe avoir un grand front, cela signifie un bon esprit, & s'il est élevé, c'est la marque d'un bon jugement; il dénote aussi puissance & richesse au songeur.
5-1	778-780	Si	
5-2	781-790	quelqu'un	
5-3	791-796	songe	
5-4	797-802	avoir	
5-5	803-805	un	
5-6	806-811	grand	
5-7	812-817	front	
5-8	817-818	,	
5-9	819-823	cela	
5-10	824-832	signifie	
5-11	833-835	un	
5-12	836-839	bon	
5-13	840-846	esprit	
5-14	846-847	,	
5-15	848-849	&	
5-16	850-854	s'il	
5-17	855-858	est	
5-18	859-864	élevé	
5-19	864-865	,	
5-20	866-871	c'est	
5-21	872-874	la	
5-22	875-881	marque	
5-23	882-886	d'un	
5-24	887-890	bon	
5-25	891-899	jugement	
5-26	899-900	;	
5-27	901-903	il	
5-28	904-910	dénote	
5-29	911-916	aussi	
5-30	917-926	puissance	
5-31	927-928	&	
5-32	929-937	richesse	
5-33	938-940	au	
5-34	941-948	songeur	
5-35	948-949	.	

#Text=Songer avoir un front d'airain, de cuivre, de bronze, de marbre ou de fer, cela signifie haine irréconciliable contre ses ennemis.
6-1	951-957	Songer	
6-2	958-963	avoir	
6-3	964-966	un	
6-4	967-972	front	
6-5	973-981	d'airain	
6-6	981-982	,	
6-7	983-985	de	
6-8	986-992	cuivre	
6-9	992-993	,	
6-10	994-996	de	
6-11	997-1003	bronze	
6-12	1003-1004	,	
6-13	1005-1007	de	
6-14	1008-1014	marbre	
6-15	1015-1017	ou	
6-16	1018-1020	de	
6-17	1021-1024	fer	
6-18	1024-1025	,	
6-19	1026-1030	cela	
6-20	1031-1039	signifie	
6-21	1040-1045	haine	
6-22	1046-1061	irréconciliable	
6-23	1062-1068	contre	
6-24	1069-1072	ses	
6-25	1073-1080	ennemis	
6-26	1080-1081	.	

#Text=Quelques auteurs croyent que tel songe est bon aux taverniers & cabaleurs.
7-1	1083-1091	Quelques	
7-2	1092-1099	auteurs	
7-3	1100-1107	croyent	
7-4	1108-1111	que	
7-5	1112-1115	tel	
7-6	1116-1121	songe	
7-7	1122-1125	est	
7-8	1126-1129	bon	
7-9	1130-1133	aux	
7-10	1134-1144	taverniers	
7-11	1145-1146	&	
7-12	1147-1156	cabaleurs	
7-13	1156-1157	.	

#Text=Si quelqu'un songe qu'il a le front rompu ou blessé, ses richesses seront découvertes & en danger dêtre perdues; cela dénote aussi peut & appréhension au songeur.
8-1	1159-1161	Si	
8-2	1162-1171	quelqu'un	
8-3	1172-1177	songe	
8-4	1178-1183	qu'il	
8-5	1184-1185	a	
8-6	1186-1188	le	
8-7	1189-1194	front	
8-8	1195-1200	rompu	
8-9	1201-1203	ou	
8-10	1204-1210	blessé	
8-11	1210-1211	,	
8-12	1212-1215	ses	
8-13	1216-1225	richesses	
8-14	1226-1232	seront	
8-15	1233-1244	découvertes	
8-16	1245-1246	&	
8-17	1247-1249	en	
8-18	1250-1256	danger	
8-19	1257-1262	dêtre	
8-20	1263-1270	perdues	
8-21	1270-1271	;	
8-22	1272-1276	cela	
8-23	1277-1283	dénote	
8-24	1284-1289	aussi	
8-25	1290-1294	peut	
8-26	1295-1296	&	
8-27	1297-1309	appréhension	
8-28	1310-1312	au	
8-29	1313-1320	songeur	
8-30	1320-1321	.	

#Text=Si l'on songe avoir le front gros & plein de chair, cela signifie liberté de parler, force & constance.
9-1	1323-1325	Si	
9-2	1326-1330	l'on	
9-3	1331-1336	songe	
9-4	1337-1342	avoir	
9-5	1343-1345	le	
9-6	1346-1351	front	
9-7	1352-1356	gros	
9-8	1357-1358	&	
9-9	1359-1364	plein	
9-10	1365-1367	de	
9-11	1368-1373	chair	
9-12	1373-1374	,	
9-13	1375-1379	cela	
9-14	1380-1388	signifie	
9-15	1389-1396	liberté	
9-16	1397-1399	de	
9-17	1400-1406	parler	
9-18	1406-1407	,	
9-19	1408-1413	force	
9-20	1414-1415	&	
9-21	1416-1425	constance	
9-22	1425-1426	.	

#Text=Si quelqu'un songe avoir le nez plus gros qu'à l'ordinaire, il deviendra riche & puissant, sera prévoyant & subtil, bien venu parmi les grands; mais songer n'avoir point de nez, signifie le contraire.
10-1	1428-1430	Si	
10-2	1431-1440	quelqu'un	
10-3	1441-1446	songe	
10-4	1447-1452	avoir	
10-5	1453-1455	le	
10-6	1456-1459	nez	
10-7	1460-1464	plus	
10-8	1465-1469	gros	
10-9	1470-1474	qu'à	
10-10	1475-1486	l'ordinaire	
10-11	1486-1487	,	
10-12	1488-1490	il	
10-13	1491-1500	deviendra	
10-14	1501-1506	riche	
10-15	1507-1508	&	
10-16	1509-1517	puissant	
10-17	1517-1518	,	
10-18	1519-1523	sera	
10-19	1524-1533	prévoyant	
10-20	1534-1535	&	
10-21	1536-1542	subtil	
10-22	1542-1543	,	
10-23	1544-1548	bien	
10-24	1549-1553	venu	
10-25	1554-1559	parmi	
10-26	1560-1563	les	
10-27	1564-1570	grands	
10-28	1570-1571	;	
10-29	1572-1576	mais	
10-30	1577-1583	songer	
10-31	1584-1591	n'avoir	
10-32	1592-1597	point	
10-33	1598-1600	de	
10-34	1601-1604	nez	
10-35	1604-1605	,	
10-36	1606-1614	signifie	
10-37	1615-1617	le	
10-38	1618-1627	contraire	
10-39	1627-1628	.	
