#FORMAT=WebAnno TSV 3.3


#Text=CRANZ.
1-1	2-7	CRANZ	
1-2	7-8	.	

#Text=Hift.
#Text=vou Grönland ed.
#Text=2. p. 179.
#Text=*) THIRAVLT de CHANVALON voyage à la Martinique.
2-1	9-13	Hift	
2-2	13-14	.	
2-3	15-18	vou	
2-4	19-27	Grönland	
2-5	28-30	ed	
2-6	30-31	.	
2-7	32-33	2	
2-8	33-34	.	
2-9	35-36	p	
2-10	36-37	.	
2-11	38-41	179	
2-12	41-42	.	
2-13	43-44	*	
2-14	44-45	)	
2-15	46-54	THIRAVLT	
2-16	55-57	de	
2-17	58-67	CHANVALON	
2-18	68-74	voyage	
2-19	75-76	à	
2-20	77-79	la	
2-21	80-90	Martinique	
2-22	90-91	.	

#Text=Paris.
#Text=1703.
3-1	92-97	Paris	
3-2	97-98	.	
3-3	99-103	1703	
3-4	103-104	.	

#Text=P. 44.
#Text=*) LAVATERIS Fragmente, IV.
#Text=pag. 268.
4-1	105-106	P	
4-2	106-107	.	
4-3	108-110	44	
4-4	110-111	.	
4-5	112-113	*	
4-6	113-114	)	
4-7	115-124	LAVATERIS	
4-8	125-134	Fragmente	
4-9	134-135	,	
4-10	136-138	IV	
4-11	138-139	.	
4-12	140-143	pag	
4-13	143-144	.	
4-14	145-148	268	
4-15	148-149	.	

#Text=Sic Nigritas in insulis antillis dari dicunt o), qui olfactu Galli vestigium a vestigio Nigritae discernunt.
5-1	150-153	Sic	
5-2	154-162	Nigritas	
5-3	163-165	in	
5-4	166-173	insulis	
5-5	174-182	antillis	
5-6	183-187	dari	
5-7	188-194	dicunt	
5-8	195-196	o	
5-9	196-197	)	
5-10	197-198	,	
5-11	199-202	qui	
5-12	203-210	olfactu	
5-13	211-216	Galli	
5-14	217-226	vestigium	
5-15	227-228	a	
5-16	229-237	vestigio	
5-17	238-246	Nigritae	
5-18	247-257	discernunt	
5-19	257-258	.	

#Text=Sic barbarae quaedain gentes Americae Gallos, Hifpanos et Anglos narium ope dignoscere posse dicuntur p).
6-1	259-262	Sic	
6-2	263-271	barbarae	
6-3	272-280	quaedain	
6-4	281-287	gentes	
6-5	288-296	Americae	
6-6	297-303	Gallos	
6-7	303-304	,	
6-8	305-313	Hifpanos	
6-9	314-316	et	
6-10	317-323	Anglos	
6-11	324-330	narium	
6-12	331-334	ope	
6-13	335-345	dignoscere	
6-14	346-351	posse	
6-15	352-360	dicuntur	
6-16	361-362	p	
6-17	362-363	)	
6-18	363-364	.	

#Text=S.
7-1	365-366	S	
7-2	366-367	.	

#Text=X.
8-1	368-369	X	
8-2	369-370	.	

#Text=Magna deinde potentia est aetatis et sexus in odorem perspic rationis.
9-1	371-376	Magna	
9-2	377-383	deinde	
9-3	384-392	potentia	
9-4	393-396	est	
9-5	397-404	aetatis	
9-6	405-407	et	
9-7	408-413	sexus	
9-8	414-416	in	
9-9	417-423	odorem	
9-10	424-431	perspic	
9-11	432-440	rationis	
9-12	440-441	.	

#Text=In aetate infantili humores sunt blandiflimi, mere glutinosi, partibus acrioribus falinis paene deflituti.
10-1	442-444	In	
10-2	445-451	aetate	
10-3	452-461	infantili	
10-4	462-469	humores	
10-5	470-474	sunt	
10-6	475-486	blandiflimi	
10-7	486-487	,	
10-8	488-492	mere	
10-9	493-502	glutinosi	
10-10	502-503	,	
10-11	504-512	partibus	
10-12	513-523	acrioribus	
10-13	524-531	falinis	
10-14	532-537	paene	
10-15	538-547	deflituti	
10-16	547-548	.	

#Text=Haec est indoles sanguinis, haec etiam liquorum fecretorum: bilis haud est amara; vrina aquofa, insipida q), perfpiratio odoris, faltem grauioris, ex.
#Text=pers r).
11-1	549-553	Haec	
11-2	554-557	est	
11-3	558-565	indoles	
11-4	566-575	sanguinis	
11-5	575-576	,	
11-6	577-581	haec	
11-7	582-587	etiam	
11-8	588-596	liquorum	
11-9	597-607	fecretorum	
11-10	607-608	:	
11-11	609-614	bilis	
11-12	615-619	haud	
11-13	620-623	est	
11-14	624-629	amara	
11-15	629-630	;	
11-16	631-636	vrina	
11-17	637-643	aquofa	
11-18	643-644	,	
11-19	645-653	insipida	
11-20	654-655	q	
11-21	655-656	)	
11-22	656-657	,	
11-23	658-669	perfpiratio	
11-24	670-676	odoris	
11-25	676-677	,	
11-26	678-684	faltem	
11-27	685-694	grauioris	
11-28	694-695	,	
11-29	696-698	ex	
11-30	698-699	.	
11-31	700-704	pers	
11-32	705-706	r	
11-33	706-707	)	
11-34	707-708	.	

#Text=Aetate crescente natura omnium humorum paulatim mutatur; particulae acres in fanguine augentur; bili accedit amaritudo, vrinac acrimonia alcalina et perfpirationi odor fortior.
12-1	709-715	Aetate	
12-2	716-725	crescente	
12-3	726-732	natura	
12-4	733-739	omnium	
12-5	740-747	humorum	
12-6	748-756	paulatim	
12-7	757-764	mutatur	
12-8	764-765	;	
12-9	766-776	particulae	
12-10	777-782	acres	
12-11	783-785	in	
12-12	786-794	fanguine	
12-13	795-803	augentur	
12-14	803-804	;	
12-15	805-809	bili	
12-16	810-817	accedit	
12-17	818-827	amaritudo	
12-18	827-828	,	
12-19	829-835	vrinac	
12-20	836-845	acrimonia	
12-21	846-854	alcalina	
12-22	855-857	et	
12-23	858-871	perfpirationi	
12-24	872-876	odor	
12-25	877-884	fortior	
12-26	884-885	.	

#Text=Praecipue autem fenes per cutem atque alia emunctoria odorem fpirant valde ingratum, quem Hallervs, qui acutislimo gaudebat olfactu, iam in decem paffuum distantia percipere poterat s).
13-1	886-895	Praecipue	
13-2	896-901	autem	
13-3	902-907	fenes	
13-4	908-911	per	
13-5	912-917	cutem	
13-6	918-923	atque	
13-7	924-928	alia	
13-8	929-939	emunctoria	
13-9	940-946	odorem	
13-10	947-954	fpirant	
13-11	955-960	valde	
13-12	961-969	ingratum	
13-13	969-970	,	
13-14	971-975	quem	
13-15	976-984	Hallervs	
13-16	984-985	,	
13-17	986-989	qui	
13-18	990-1000	acutislimo	
13-19	1001-1009	gaudebat	
13-20	1010-1017	olfactu	
13-21	1017-1018	,	
13-22	1019-1022	iam	
13-23	1023-1025	in	
13-24	1026-1031	decem	
13-25	1032-1039	paffuum	
13-26	1040-1049	distantia	
13-27	1050-1059	percipere	
13-28	1060-1067	poterat	
13-29	1068-1069	s	
13-30	1069-1070	)	
13-31	1070-1071	.	

#Text=Quod
#Text=
#Text=.)
14-1	1072-1076	Quod	
14-2	1078-1079	.	
14-3	1079-1080	)	
