#FORMAT=WebAnno TSV 3.3
#T_SP=custom.Span|label
#T_RL=custom.Relation|label|BT_custom.Span


#Text=Illud etiam accidere poteft, ut per fermentatio, nem particulæ odoræ unius generis exhalentur, alterius vero generis remaneant, atque etiam ad motum fiant expeditiores ; cx
#Text=
#Text=quo necesse est, ut odor in alium sensibiliter mutetur, XIV.
1-1	2-7	Illud	_	_	_	
1-2	8-13	etiam	_	_	_	
1-3	14-22	accidere	_	_	_	
1-4	23-29	poteft	_	_	_	
1-5	29-30	,	_	_	_	
1-6	31-33	ut	_	_	_	
1-7	34-37	per	Circumstances[1]	_	_	
1-8	38-49	fermentatio	Circumstances[1]	_	_	
1-9	49-50	,	Circumstances[1]	_	_	
1-10	51-54	nem	Circumstances[1]	_	_	
1-11	55-64	particulæ	Smell\_Source	_	_	
1-12	65-70	odoræ	Smell\_Word	*|*|*|*	1-11|1-7[1_0]|1-13[2_0]|1-17[3_0]	
1-13	71-76	unius	Quality[2]	_	_	
1-14	77-84	generis	Quality[2]	_	_	
1-15	85-95	exhalentur	_	_	_	
1-16	95-96	,	_	_	_	
1-17	97-105	alterius	Quality[3]	_	_	
1-18	106-110	vero	Quality[3]	_	_	
1-19	111-118	generis	Quality[3]	_	_	
1-20	119-128	remaneant	_	_	_	
1-21	128-129	,	_	_	_	
1-22	130-135	atque	_	_	_	
1-23	136-141	etiam	_	_	_	
1-24	142-144	ad	_	_	_	
1-25	145-150	motum	_	_	_	
1-26	151-156	fiant	_	_	_	
1-27	157-169	expeditiores	_	_	_	
1-28	170-171	;	_	_	_	
1-29	172-174	cx	_	_	_	
1-30	176-179	quo	_	_	_	
1-31	180-187	necesse	_	_	_	
1-32	188-191	est	_	_	_	
1-33	191-192	,	_	_	_	
1-34	193-195	ut	_	_	_	
1-35	196-200	odor	Smell\_Word	*	1-38[4_0]	
1-36	201-203	in	_	_	_	
1-37	204-209	alium	Smell\_Word	Anaphoric|*	1-35|1-38[4_0]	
1-38	210-222	sensibiliter	Circumstances[4]	_	_	
1-39	223-230	mutetur	Circumstances[4]	_	_	
1-40	230-231	,	Circumstances[4]	_	_	
1-41	232-235	XIV	_	_	_	
1-42	235-236	.	_	_	_	

#Text=Uc odor percipiatur, aer per nares est adducendus, nimirum
#Text=
#Text=ut lentissimus materiæ odoræ motus ab aeris motu quodammo.
#Text=do adjuvetur: ita videmus, sonum a vcacis fieri magis, vel minus intensum, licet motus aeris, qui ventum constituie, valde discrcpet ab aeris motu, a quo fit sonus : poterit proinde motus matesię odorę a motu aeris per dares attracti fieri magis intensus, ita
#Text=
#Text=ut sensationem excitet.
2-1	237-239	Uc	_	_	_	
2-2	240-244	odor	Smell\_Word	*|*|*	2-5[6_0]|2-6[7_0]|2-5[5_0]	
2-3	245-256	percipiatur	_	_	_	
2-4	256-257	,	_	_	_	
2-5	258-261	aer	Circumstances[5]|Odour\_Carrier[6]	_	_	
2-6	262-265	per	Circumstances[5]|Perceiver[7]	_	_	
2-7	266-271	nares	Circumstances[5]|Perceiver[7]	_	_	
2-8	272-275	est	Circumstances[5]	_	_	
2-9	276-286	adducendus	Circumstances[5]	_	_	
2-10	286-287	,	Circumstances[5]	_	_	
2-11	288-295	nimirum	Circumstances[5]	_	_	
2-12	297-299	ut	Circumstances[5]	_	_	
2-13	300-311	lentissimus	Circumstances[5]	_	_	
2-14	312-319	materiæ	Circumstances[5]|Smell\_Source[8]	_	_	
2-15	320-325	odoræ	Circumstances[5]|Smell\_Word[9]	*|*	2-14[8_9]|2-17[10_9]	
2-16	326-331	motus	Circumstances[5]	_	_	
2-17	332-334	ab	Circumstances[5]|Odour\_Carrier[10]	_	_	
2-18	335-340	aeris	Circumstances[5]|Odour\_Carrier[10]	_	_	
2-19	341-345	motu	Circumstances[5]|Odour\_Carrier[10]	_	_	
2-20	346-354	quodammo	Circumstances[5]	_	_	
2-21	354-355	.	Circumstances[5]	_	_	
2-22	356-358	do	Circumstances[5]	_	_	
2-23	359-368	adjuvetur	Circumstances[5]	_	_	
2-24	368-369	:	Circumstances[5]	_	_	
2-25	370-373	ita	_	_	_	
2-26	374-381	videmus	_	_	_	
2-27	381-382	,	_	_	_	
2-28	383-388	sonum	_	_	_	
2-29	389-390	a	_	_	_	
2-30	391-397	vcacis	_	_	_	
2-31	398-403	fieri	_	_	_	
2-32	404-409	magis	_	_	_	
2-33	409-410	,	_	_	_	
2-34	411-414	vel	_	_	_	
2-35	415-420	minus	_	_	_	
2-36	421-429	intensum	_	_	_	
2-37	429-430	,	_	_	_	
2-38	431-436	licet	_	_	_	
2-39	437-442	motus	_	_	_	
2-40	443-448	aeris	_	_	_	
2-41	448-449	,	_	_	_	
2-42	450-453	qui	_	_	_	
2-43	454-460	ventum	_	_	_	
2-44	461-471	constituie	_	_	_	
2-45	471-472	,	_	_	_	
2-46	473-478	valde	_	_	_	
2-47	479-488	discrcpet	_	_	_	
2-48	489-491	ab	_	_	_	
2-49	492-497	aeris	_	_	_	
2-50	498-502	motu	_	_	_	
2-51	502-503	,	_	_	_	
2-52	504-505	a	_	_	_	
2-53	506-509	quo	_	_	_	
2-54	510-513	fit	_	_	_	
2-55	514-519	sonus	_	_	_	
2-56	520-521	:	_	_	_	
2-57	522-529	poterit	_	_	_	
2-58	530-537	proinde	_	_	_	
2-59	538-543	motus	_	_	_	
2-60	544-551	matesię	Smell\_Source	_	_	
2-61	552-557	odorę	Smell\_Word	*|*|*	2-60|2-62[11_0]|2-65[12_0]	
2-62	558-559	a	Odour\_Carrier[11]	_	_	
2-63	560-564	motu	Odour\_Carrier[11]	_	_	
2-64	565-570	aeris	Odour\_Carrier[11]	_	_	
2-65	571-574	per	Perceiver[12]	_	_	
2-66	575-580	dares	Perceiver[12]	_	_	
2-67	581-589	attracti	_	_	_	
2-68	590-595	fieri	_	_	_	
2-69	596-601	magis	_	_	_	
2-70	602-610	intensus	_	_	_	
2-71	610-611	,	_	_	_	
2-72	612-615	ita	_	_	_	
2-73	617-619	ut	_	_	_	
2-74	620-631	sensationem	_	_	_	
2-75	632-639	excitet	_	_	_	
2-76	639-640	.	_	_	_	

#Text=XV.
#Text=irum videri poteft, ab odoribus ita aliquos affici, ut verti.
#Text=giocm, deliquium, aliosque deceriores etiam effectus paciantur , quod in mulieribus præfertim accidic hysterica affectione laborantibus; sed si perpendamus, nervos quinix conjugationis non folum ad nares ferri, fed in oculos etiam, linguarn , palatum ceterafque capitis partes , & in ipsum etiam thoracem, & diaphragma, atque præcordia sese inliņuare , facile advertemus, ex
#Text=
#Text=
#Text=
#Text=motu
#Text=
#Text=
#Text=
#Text=
#Text=
#Text=motu nervorum olfactoriorum motun etiam in nervos per alias corporis partes dispersos oriri, ex quo moru improviso facile curbatur cursus spirituum animalium, atque hinc animi deliquium, cæterique noxii effectus .
3-1	641-643	XV	_	_	_	
3-2	643-644	.	_	_	_	
3-3	645-649	irum	_	_	_	
3-4	650-656	videri	_	_	_	
3-5	657-663	poteft	_	_	_	
3-6	663-664	,	_	_	_	
3-7	665-667	ab	_	_	_	
3-8	668-676	odoribus	Smell\_Word	*|*|*|*	3-10[14_0]|3-9[13_0]|3-20[15_0]|3-27[16_0]	
3-9	677-680	ita	Effect[13]	_	_	
3-10	681-688	aliquos	Effect[13]|Perceiver[14]	_	_	
3-11	689-695	affici	Effect[13]	_	_	
3-12	695-696	,	Effect[13]	_	_	
3-13	697-699	ut	Effect[13]	_	_	
3-14	700-705	verti	Effect[13]	_	_	
3-15	705-706	.	Effect[13]	_	_	
3-16	707-712	giocm	Effect[13]	_	_	
3-17	712-713	,	Effect[13]	_	_	
3-18	714-723	deliquium	Effect[13]	_	_	
3-19	723-724	,	Effect[13]	_	_	
3-20	725-733	aliosque	Effect[13]|Perceiver[15]	_	_	
3-21	734-744	deceriores	Effect[13]	_	_	
3-22	745-750	etiam	Effect[13]	_	_	
3-23	751-759	effectus	Effect[13]	_	_	
3-24	760-769	paciantur	Effect[13]	_	_	
3-25	770-771	,	_	_	_	
3-26	772-776	quod	_	_	_	
3-27	777-779	in	Perceiver[16]	_	_	
3-28	780-790	mulieribus	Perceiver[16]	_	_	
3-29	791-800	præfertim	Perceiver[16]	_	_	
3-30	801-808	accidic	Perceiver[16]	_	_	
3-31	809-818	hysterica	Perceiver[16]	_	_	
3-32	819-829	affectione	Perceiver[16]	_	_	
3-33	830-842	laborantibus	Perceiver[16]	_	_	
3-34	842-843	;	_	_	_	
3-35	844-847	sed	_	_	_	
3-36	848-850	si	_	_	_	
3-37	851-862	perpendamus	_	_	_	
3-38	862-863	,	_	_	_	
3-39	864-870	nervos	_	_	_	
3-40	871-877	quinix	_	_	_	
3-41	878-891	conjugationis	_	_	_	
3-42	892-895	non	_	_	_	
3-43	896-901	folum	_	_	_	
3-44	902-904	ad	_	_	_	
3-45	905-910	nares	_	_	_	
3-46	911-916	ferri	_	_	_	
3-47	916-917	,	_	_	_	
3-48	918-921	fed	_	_	_	
3-49	922-924	in	_	_	_	
3-50	925-931	oculos	_	_	_	
3-51	932-937	etiam	_	_	_	
3-52	937-938	,	_	_	_	
3-53	939-947	linguarn	_	_	_	
3-54	948-949	,	_	_	_	
3-55	950-957	palatum	_	_	_	
3-56	958-968	ceterafque	_	_	_	
3-57	969-976	capitis	_	_	_	
3-58	977-983	partes	_	_	_	
3-59	984-985	,	_	_	_	
3-60	986-987	&	_	_	_	
3-61	988-990	in	_	_	_	
3-62	991-996	ipsum	_	_	_	
3-63	997-1002	etiam	_	_	_	
3-64	1003-1011	thoracem	_	_	_	
3-65	1011-1012	,	_	_	_	
3-66	1013-1014	&	_	_	_	
3-67	1015-1025	diaphragma	_	_	_	
3-68	1025-1026	,	_	_	_	
3-69	1027-1032	atque	_	_	_	
3-70	1033-1042	præcordia	_	_	_	
3-71	1043-1047	sese	_	_	_	
3-72	1048-1057	inliņuare	_	_	_	
3-73	1058-1059	,	_	_	_	
3-74	1060-1066	facile	_	_	_	
3-75	1067-1077	advertemus	_	_	_	
3-76	1077-1078	,	_	_	_	
3-77	1079-1081	ex	_	_	_	
3-78	1085-1089	motu	_	_	_	
3-79	1095-1099	motu	_	_	_	
3-80	1100-1108	nervorum	Perceiver	_	_	
3-81	1109-1122	olfactoriorum	Smell\_Word	*|*	3-80|3-97[17_0]	
3-82	1123-1128	motun	_	_	_	
3-83	1129-1134	etiam	_	_	_	
3-84	1135-1137	in	_	_	_	
3-85	1138-1144	nervos	_	_	_	
3-86	1145-1148	per	_	_	_	
3-87	1149-1154	alias	_	_	_	
3-88	1155-1163	corporis	_	_	_	
3-89	1164-1170	partes	_	_	_	
3-90	1171-1180	dispersos	_	_	_	
3-91	1181-1186	oriri	_	_	_	
3-92	1186-1187	,	_	_	_	
3-93	1188-1190	ex	_	_	_	
3-94	1191-1194	quo	_	_	_	
3-95	1195-1199	moru	_	_	_	
3-96	1200-1209	improviso	_	_	_	
3-97	1210-1216	facile	Effect[17]	_	_	
3-98	1217-1225	curbatur	Effect[17]	_	_	
3-99	1226-1232	cursus	Effect[17]	_	_	
3-100	1233-1242	spirituum	Effect[17]	_	_	
3-101	1243-1252	animalium	Effect[17]	_	_	
3-102	1252-1253	,	Effect[17]	_	_	
3-103	1254-1259	atque	Effect[17]	_	_	
3-104	1260-1264	hinc	Effect[17]	_	_	
3-105	1265-1270	animi	Effect[17]	_	_	
3-106	1271-1280	deliquium	Effect[17]	_	_	
3-107	1280-1281	,	Effect[17]	_	_	
3-108	1282-1291	cæterique	Effect[17]	_	_	
3-109	1292-1297	noxii	Effect[17]	_	_	
3-110	1298-1306	effectus	Effect[17]	_	_	
3-111	1307-1308	.	Effect[17]	_	_	

#Text=Neque difficultas in eo elle poteft, quod fatis nobis non innotescat, quomodo particularum motus hujusmodi effectus crcare poslit; nam etâ hujus phænomeni ratio nobis certo non conster, scimus tamen, ipsum sonum aliquos limiles effectus procreare: nonne sunt, qui ex affrictu ferri ad ferrum, vel ad vitrum, vel ex aliis hujusmodi sonis ita turbantur, ut lint omnino sui impo.
#Text=tes?
4-1	1309-1314	Neque	_	_	_	
4-2	1315-1326	difficultas	_	_	_	
4-3	1327-1329	in	_	_	_	
4-4	1330-1332	eo	_	_	_	
4-5	1333-1337	elle	_	_	_	
4-6	1338-1344	poteft	_	_	_	
4-7	1344-1345	,	_	_	_	
4-8	1346-1350	quod	_	_	_	
4-9	1351-1356	fatis	_	_	_	
4-10	1357-1362	nobis	_	_	_	
4-11	1363-1366	non	_	_	_	
4-12	1367-1377	innotescat	_	_	_	
4-13	1377-1378	,	_	_	_	
4-14	1379-1386	quomodo	_	_	_	
4-15	1387-1399	particularum	_	_	_	
4-16	1400-1405	motus	_	_	_	
4-17	1406-1415	hujusmodi	_	_	_	
4-18	1416-1424	effectus	_	_	_	
4-19	1425-1431	crcare	_	_	_	
4-20	1432-1438	poslit	_	_	_	
4-21	1438-1439	;	_	_	_	
4-22	1440-1443	nam	_	_	_	
4-23	1444-1447	etâ	_	_	_	
4-24	1448-1453	hujus	_	_	_	
4-25	1454-1463	phænomeni	_	_	_	
4-26	1464-1469	ratio	_	_	_	
4-27	1470-1475	nobis	_	_	_	
4-28	1476-1481	certo	_	_	_	
4-29	1482-1485	non	_	_	_	
4-30	1486-1493	conster	_	_	_	
4-31	1493-1494	,	_	_	_	
4-32	1495-1501	scimus	_	_	_	
4-33	1502-1507	tamen	_	_	_	
4-34	1507-1508	,	_	_	_	
4-35	1509-1514	ipsum	_	_	_	
4-36	1515-1520	sonum	_	_	_	
4-37	1521-1528	aliquos	_	_	_	
4-38	1529-1536	limiles	_	_	_	
4-39	1537-1545	effectus	_	_	_	
4-40	1546-1555	procreare	_	_	_	
4-41	1555-1556	:	_	_	_	
4-42	1557-1562	nonne	_	_	_	
4-43	1563-1567	sunt	_	_	_	
4-44	1567-1568	,	_	_	_	
4-45	1569-1572	qui	_	_	_	
4-46	1573-1575	ex	_	_	_	
4-47	1576-1584	affrictu	_	_	_	
4-48	1585-1590	ferri	_	_	_	
4-49	1591-1593	ad	_	_	_	
4-50	1594-1600	ferrum	_	_	_	
4-51	1600-1601	,	_	_	_	
4-52	1602-1605	vel	_	_	_	
4-53	1606-1608	ad	_	_	_	
4-54	1609-1615	vitrum	_	_	_	
4-55	1615-1616	,	_	_	_	
4-56	1617-1620	vel	_	_	_	
4-57	1621-1623	ex	_	_	_	
4-58	1624-1629	aliis	_	_	_	
4-59	1630-1639	hujusmodi	_	_	_	
4-60	1640-1645	sonis	_	_	_	
4-61	1646-1649	ita	_	_	_	
4-62	1650-1659	turbantur	_	_	_	
4-63	1659-1660	,	_	_	_	
4-64	1661-1663	ut	_	_	_	
4-65	1664-1668	lint	_	_	_	
4-66	1669-1675	omnino	_	_	_	
4-67	1676-1679	sui	_	_	_	
4-68	1680-1684	impo	_	_	_	
4-69	1684-1685	.	_	_	_	
4-70	1686-1689	tes	_	_	_	
4-71	1689-1690	?	_	_	_	

#Text=omnes præterea experimur in nobismet iplis quasdam corpo.
#Text=ris totius commotiones ad aliquorum instrumentorum lonos, præsertim vero si chordę quędam pulsentur.
5-1	1691-1696	omnes	_	_	_	
5-2	1697-1705	præterea	_	_	_	
5-3	1706-1715	experimur	_	_	_	
5-4	1716-1718	in	_	_	_	
5-5	1719-1727	nobismet	_	_	_	
5-6	1728-1733	iplis	_	_	_	
5-7	1734-1741	quasdam	Effect[18]	_	_	
5-8	1742-1747	corpo	Effect[18]	_	_	
5-9	1747-1748	.	Effect[18]	_	_	
5-10	1749-1752	ris	Effect[18]	_	_	
5-11	1753-1759	totius	Effect[18]	_	_	
5-12	1760-1771	commotiones	Effect[18]	_	_	
5-13	1772-1774	ad	_	_	_	
5-14	1775-1784	aliquorum	_	_	_	
5-15	1785-1799	instrumentorum	_	_	_	
5-16	1800-1805	lonos	_	_	_	
5-17	1805-1806	,	_	_	_	
5-18	1807-1816	præsertim	_	_	_	
5-19	1817-1821	vero	_	_	_	
5-20	1822-1824	si	_	_	_	
5-21	1825-1831	chordę	_	_	_	
5-22	1832-1838	quędam	_	_	_	
5-23	1839-1848	pulsentur	_	_	_	
5-24	1848-1849	.	_	_	_	

#Text=Motus igitur mate, rix odoræ similes effectus in nobis generare potest; et co facilius, quo nervi olfactorii cum aliis per universum corpus disperlis magis connectuntur, atque hıc de causa hujus generis effectus
#Text=
#Text=facilius ab odoribus, quan a lonis producuntur.
6-1	1850-1855	Motus	_	_	_	
6-2	1856-1862	igitur	_	_	_	
6-3	1863-1867	mate	Smell\_Source[19]	_	_	
6-4	1867-1868	,	Smell\_Source[19]	_	_	
6-5	1869-1872	rix	Smell\_Source[19]	_	_	
6-6	1873-1878	odoræ	Smell\_Word	*|*|*	6-3[19_0]|6-7[20_0]|6-9[21_0]	
6-7	1879-1886	similes	Effect[20]	Anaphoric	5-7[18_20]	
6-8	1887-1895	effectus	Effect[20]	_	_	
6-9	1896-1898	in	Effect[20]|Perceiver[21]	_	_	
6-10	1899-1904	nobis	Effect[20]|Perceiver[21]	_	_	
6-11	1905-1913	generare	Effect[20]	_	_	
6-12	1914-1920	potest	Effect[20]	_	_	
6-13	1920-1921	;	_	_	_	
6-14	1922-1924	et	_	_	_	
6-15	1925-1927	co	_	_	_	
6-16	1928-1936	facilius	_	_	_	
6-17	1936-1937	,	_	_	_	
6-18	1938-1941	quo	_	_	_	
6-19	1942-1947	nervi	Perceiver	_	_	
6-20	1948-1958	olfactorii	Smell\_Word	*	6-19	
6-21	1959-1962	cum	_	_	_	
6-22	1963-1968	aliis	_	_	_	
6-23	1969-1972	per	_	_	_	
6-24	1973-1982	universum	_	_	_	
6-25	1983-1989	corpus	_	_	_	
6-26	1990-1999	disperlis	_	_	_	
6-27	2000-2005	magis	_	_	_	
6-28	2006-2018	connectuntur	_	_	_	
6-29	2018-2019	,	_	_	_	
6-30	2020-2025	atque	_	_	_	
6-31	2026-2029	hıc	_	_	_	
6-32	2030-2032	de	_	_	_	
6-33	2033-2038	causa	_	_	_	
6-34	2039-2044	hujus	Effect[22]	Anaphoric	5-7[18_22]	
6-35	2045-2052	generis	Effect[22]	_	_	
6-36	2053-2061	effectus	Effect[22]	_	_	
6-37	2063-2071	facilius	_	_	_	
6-38	2072-2074	ab	_	_	_	
6-39	2075-2083	odoribus	Smell\_Word	*	6-34[22_0]	
6-40	2083-2084	,	_	_	_	
6-41	2085-2089	quan	_	_	_	
6-42	2090-2091	a	_	_	_	
6-43	2092-2097	lonis	_	_	_	
6-44	2098-2109	producuntur	_	_	_	
6-45	2109-2110	.	_	_	_	

#Text=XVI.
7-1	2111-2114	XVI	_	_	_	
7-2	2114-2115	.	_	_	_	

#Text=Hec pociora videntur circa odores explicanda ; cætera quis.
#Text=que proprio marte facile deducere pocelt, v. g. cur iidem odores aliis grati fint, aliis ingrati, cur facilius ab una animalium specie, quam ab alia percipiantur, cur in aliis corporibus acutiores fine, in aliis remifTiores, & cxtera hujusmodi.
8-1	2116-2119	Hec	_	_	_	
8-2	2120-2127	pociora	_	_	_	
8-3	2128-2136	videntur	_	_	_	
8-4	2137-2142	circa	_	_	_	
8-5	2143-2149	odores	Smell\_Word	_	_	
8-6	2150-2160	explicanda	_	_	_	
8-7	2161-2162	;	_	_	_	
8-8	2163-2169	cætera	_	_	_	
8-9	2170-2174	quis	_	_	_	
8-10	2174-2175	.	_	_	_	
8-11	2176-2179	que	_	_	_	
8-12	2180-2187	proprio	_	_	_	
8-13	2188-2193	marte	_	_	_	
8-14	2194-2200	facile	_	_	_	
8-15	2201-2209	deducere	_	_	_	
8-16	2210-2216	pocelt	_	_	_	
8-17	2216-2217	,	_	_	_	
8-18	2218-2219	v	_	_	_	
8-19	2219-2220	.	_	_	_	
8-20	2221-2222	g	_	_	_	
8-21	2222-2223	.	_	_	_	
8-22	2224-2227	cur	_	_	_	
8-23	2228-2233	iidem	Quality	_	_	
8-24	2234-2240	odores	Smell\_Word	*|*|*|*|*|*|*|*|*|*|*	8-25|8-26|8-29|8-23|8-34[23_0]|8-40[25_0]|8-30|8-48|8-53|8-45[26_0]|8-51[28_0]	
8-25	2241-2246	aliis	Perceiver	_	_	
8-26	2247-2252	grati	Quality	_	_	
8-27	2253-2257	fint	_	_	_	
8-28	2257-2258	,	_	_	_	
8-29	2259-2264	aliis	Perceiver	_	_	
8-30	2265-2272	ingrati	Quality	_	_	
8-31	2272-2273	,	_	_	_	
8-32	2274-2277	cur	_	_	_	
8-33	2278-2286	facilius	_	_	_	
8-34	2287-2289	ab	Perceiver[23]	_	_	
8-35	2290-2293	una	Perceiver[23]	_	_	
8-36	2294-2303	animalium	Perceiver[23]|Perceiver[24]	_	_	
8-37	2304-2310	specie	Perceiver[23]|Perceiver[24]	_	_	
8-38	2310-2311	,	Perceiver[23]	_	_	
8-39	2312-2316	quam	_	_	_	
8-40	2317-2319	ab	Perceiver[25]	Anaphoric	8-36[24_25]	
8-41	2320-2324	alia	Perceiver[25]	_	_	
8-42	2325-2337	percipiantur	_	_	_	
8-43	2337-2338	,	_	_	_	
8-44	2339-2342	cur	_	_	_	
8-45	2343-2345	in	Odour\_Carrier[26]	_	_	
8-46	2346-2351	aliis	Odour\_Carrier[26]	_	_	
8-47	2352-2362	corporibus	Odour\_Carrier[26]|Odour\_Carrier[27]	_	_	
8-48	2363-2372	acutiores	Quality	_	_	
8-49	2373-2377	fine	_	_	_	
8-50	2377-2378	,	_	_	_	
8-51	2379-2381	in	Odour\_Carrier[28]	Anaphoric	8-47[27_28]	
8-52	2382-2387	aliis	Odour\_Carrier[28]	_	_	
8-53	2388-2399	remifTiores	Quality	_	_	
8-54	2399-2400	,	_	_	_	
8-55	2401-2402	&	_	_	_	
8-56	2403-2409	cxtera	_	_	_	
8-57	2410-2419	hujusmodi	_	_	_	
8-58	2419-2420	.	_	_	_	

#Text=Quare cum omnia satis concione explicec hæc fententia, & difficultatem sub initium expositam omnino fugiar, saltem ur hypothesis ad phænomena explicanda aptissima admitti poteit.
9-1	2421-2426	Quare	_	_	_	
9-2	2427-2430	cum	_	_	_	
9-3	2431-2436	omnia	_	_	_	
9-4	2437-2442	satis	_	_	_	
9-5	2443-2451	concione	_	_	_	
9-6	2452-2460	explicec	_	_	_	
9-7	2461-2464	hæc	_	_	_	
9-8	2465-2474	fententia	_	_	_	
9-9	2474-2475	,	_	_	_	
9-10	2476-2477	&	_	_	_	
9-11	2478-2491	difficultatem	_	_	_	
9-12	2492-2495	sub	_	_	_	
9-13	2496-2503	initium	_	_	_	
9-14	2504-2513	expositam	_	_	_	
9-15	2514-2520	omnino	_	_	_	
9-16	2521-2527	fugiar	_	_	_	
9-17	2527-2528	,	_	_	_	
9-18	2529-2535	saltem	_	_	_	
9-19	2536-2538	ur	_	_	_	
9-20	2539-2549	hypothesis	_	_	_	
9-21	2550-2552	ad	_	_	_	
9-22	2553-2562	phænomena	_	_	_	
9-23	2563-2573	explicanda	_	_	_	
9-24	2574-2583	aptissima	_	_	_	
9-25	2584-2591	admitti	_	_	_	
9-26	2592-2598	poteit	_	_	_	
9-27	2598-2599	.	_	_	_	

#Text=Verum si a notioribus ad ignota faciendus est progrellus, uc bene ratiocinandi regulæ nos docent, etiam uc chelis non elt rejicienda.
10-1	2600-2605	Verum	_	_	_	
10-2	2606-2608	si	_	_	_	
10-3	2609-2610	a	_	_	_	
10-4	2611-2621	notioribus	_	_	_	
10-5	2622-2624	ad	_	_	_	
10-6	2625-2631	ignota	_	_	_	
10-7	2632-2641	faciendus	_	_	_	
10-8	2642-2645	est	_	_	_	
10-9	2646-2656	progrellus	_	_	_	
10-10	2656-2657	,	_	_	_	
10-11	2658-2660	uc	_	_	_	
10-12	2661-2665	bene	_	_	_	
10-13	2666-2678	ratiocinandi	_	_	_	
10-14	2679-2685	regulæ	_	_	_	
10-15	2686-2689	nos	_	_	_	
10-16	2690-2696	docent	_	_	_	
10-17	2696-2697	,	_	_	_	
10-18	2698-2703	etiam	_	_	_	
10-19	2704-2706	uc	_	_	_	
10-20	2707-2713	chelis	_	_	_	
10-21	2714-2717	non	_	_	_	
10-22	2718-2721	elt	_	_	_	
10-23	2722-2732	rejicienda	_	_	_	
10-24	2732-2733	.	_	_	_	

#Text=Scimus certo, quantum physicæ res patiuntur, aliquam fenfationem ficri per motum particularum, quæ a corpore egreffæ non Gne, fed ab codem motum acceperint; hujusmodic taudicio; certi aucem non fumus, ullam fieri Sensationem per appulsum particularum a corpore effu-ntium fine sensibili ejusdem corporis decremento : quamobrem cum de uno agendi modo in natura certi fimus, cur codem in aliis etiam non utamur, G nihil id prohibeat?
11-1	2734-2740	Scimus	_	_	_	
11-2	2741-2746	certo	_	_	_	
11-3	2746-2747	,	_	_	_	
11-4	2748-2755	quantum	_	_	_	
11-5	2756-2763	physicæ	_	_	_	
11-6	2764-2767	res	_	_	_	
11-7	2768-2777	patiuntur	_	_	_	
11-8	2777-2778	,	_	_	_	
11-9	2779-2786	aliquam	_	_	_	
11-10	2787-2798	fenfationem	_	_	_	
11-11	2799-2804	ficri	_	_	_	
11-12	2805-2808	per	_	_	_	
11-13	2809-2814	motum	_	_	_	
11-14	2815-2827	particularum	_	_	_	
11-15	2827-2828	,	_	_	_	
11-16	2829-2832	quæ	_	_	_	
11-17	2833-2834	a	_	_	_	
11-18	2835-2842	corpore	_	_	_	
11-19	2843-2850	egreffæ	_	_	_	
11-20	2851-2854	non	_	_	_	
11-21	2855-2858	Gne	_	_	_	
11-22	2858-2859	,	_	_	_	
11-23	2860-2863	fed	_	_	_	
11-24	2864-2866	ab	_	_	_	
11-25	2867-2872	codem	_	_	_	
11-26	2873-2878	motum	_	_	_	
11-27	2879-2889	acceperint	_	_	_	
11-28	2889-2890	;	_	_	_	
11-29	2891-2901	hujusmodic	_	_	_	
11-30	2902-2910	taudicio	_	_	_	
11-31	2910-2911	;	_	_	_	
11-32	2912-2917	certi	_	_	_	
11-33	2918-2923	aucem	_	_	_	
11-34	2924-2927	non	_	_	_	
11-35	2928-2933	fumus	_	_	_	
11-36	2933-2934	,	_	_	_	
11-37	2935-2940	ullam	_	_	_	
11-38	2941-2946	fieri	_	_	_	
11-39	2947-2958	Sensationem	_	_	_	
11-40	2959-2962	per	_	_	_	
11-41	2963-2971	appulsum	_	_	_	
11-42	2972-2984	particularum	_	_	_	
11-43	2985-2986	a	_	_	_	
11-44	2987-2994	corpore	_	_	_	
11-45	2995-3005	effu-ntium	_	_	_	
11-46	3006-3010	fine	_	_	_	
11-47	3011-3020	sensibili	_	_	_	
11-48	3021-3028	ejusdem	_	_	_	
11-49	3029-3037	corporis	_	_	_	
11-50	3038-3048	decremento	_	_	_	
11-51	3049-3050	:	_	_	_	
11-52	3051-3060	quamobrem	_	_	_	
11-53	3061-3064	cum	_	_	_	
11-54	3065-3067	de	_	_	_	
11-55	3068-3071	uno	_	_	_	
11-56	3072-3078	agendi	_	_	_	
11-57	3079-3083	modo	_	_	_	
11-58	3084-3086	in	_	_	_	
11-59	3087-3093	natura	_	_	_	
11-60	3094-3099	certi	_	_	_	
11-61	3100-3105	fimus	_	_	_	
11-62	3105-3106	,	_	_	_	
11-63	3107-3110	cur	_	_	_	
11-64	3111-3116	codem	_	_	_	
11-65	3117-3119	in	_	_	_	
11-66	3120-3125	aliis	_	_	_	
11-67	3126-3131	etiam	_	_	_	
11-68	3132-3135	non	_	_	_	
11-69	3136-3142	utamur	_	_	_	
11-70	3142-3143	,	_	_	_	
11-71	3144-3145	G	_	_	_	
11-72	3146-3151	nihil	_	_	_	
11-73	3152-3154	id	_	_	_	
11-74	3155-3164	prohibeat	_	_	_	
11-75	3164-3165	?	_	_	_	

#Text=Nihil autem elle in hac materia, quod odorum propagationcm mox explicatam evertat, abunde ostendislc mihi videor: quare cum nihil in hac fententia lit difficultatis , naturam vero faciat fibi maximc conformem, fententiæ a Philosophis hactenus recepte
#Text=
#Text=hanc
#Text=
#Text=
#Text=
#Text=
#Text=
#Text=elias cile elia
#Text=
#Text=
#Text=
#Text=Ig hanc cheoriam preferendam cenfeo, quam tamen ad eum cani tum finem tumultuario ftudio concionavi, ut qui vel ingenio, vel librorum copia , vel experiendi faculcate pręstant, auc falsam oftendant, aut rationc, atque experimentis confirmenc, rcmquc accuratius, ubi opus eft, definiant:
#Text=
#Text=
#Text=
#Text=
#Text=
#Text=Mnes plantarum operationes , nutritio scilicet , accretio, ac produ
#Text=
#Text=&tio a varia materia textura, atque affe&tione ab extrinsecis caufis adjuta omnino est repetenda.
12-1	3166-3171	Nihil	_	_	_	
12-2	3172-3177	autem	_	_	_	
12-3	3178-3182	elle	_	_	_	
12-4	3183-3185	in	Odour\_Carrier[29]	_	_	
12-5	3186-3189	hac	Odour\_Carrier[29]	_	_	
12-6	3190-3197	materia	Odour\_Carrier[29]	_	_	
12-7	3197-3198	,	_	_	_	
12-8	3199-3203	quod	_	_	_	
12-9	3204-3210	odorum	Smell\_Word	*	12-4[29_0]	
12-10	3211-3224	propagationcm	_	_	_	
12-11	3225-3228	mox	_	_	_	
12-12	3229-3239	explicatam	_	_	_	
12-13	3240-3247	evertat	_	_	_	
12-14	3247-3248	,	_	_	_	
12-15	3249-3255	abunde	_	_	_	
12-16	3256-3266	ostendislc	_	_	_	
12-17	3267-3271	mihi	_	_	_	
12-18	3272-3278	videor	_	_	_	
12-19	3278-3279	:	_	_	_	
12-20	3280-3285	quare	_	_	_	
12-21	3286-3289	cum	_	_	_	
12-22	3290-3295	nihil	_	_	_	
12-23	3296-3298	in	_	_	_	
12-24	3299-3302	hac	_	_	_	
12-25	3303-3312	fententia	_	_	_	
12-26	3313-3316	lit	_	_	_	
12-27	3317-3330	difficultatis	_	_	_	
12-28	3331-3332	,	_	_	_	
12-29	3333-3340	naturam	_	_	_	
12-30	3341-3345	vero	_	_	_	
12-31	3346-3352	faciat	_	_	_	
12-32	3353-3357	fibi	_	_	_	
12-33	3358-3364	maximc	_	_	_	
12-34	3365-3374	conformem	_	_	_	
12-35	3374-3375	,	_	_	_	
12-36	3376-3385	fententiæ	_	_	_	
12-37	3386-3387	a	_	_	_	
12-38	3388-3399	Philosophis	_	_	_	
12-39	3400-3408	hactenus	_	_	_	
12-40	3409-3416	recepte	_	_	_	
12-41	3418-3422	hanc	_	_	_	
12-42	3428-3433	elias	_	_	_	
12-43	3434-3438	cile	_	_	_	
12-44	3439-3443	elia	_	_	_	
12-45	3447-3449	Ig	_	_	_	
12-46	3450-3454	hanc	_	_	_	
12-47	3455-3463	cheoriam	_	_	_	
12-48	3464-3475	preferendam	_	_	_	
12-49	3476-3482	cenfeo	_	_	_	
12-50	3482-3483	,	_	_	_	
12-51	3484-3488	quam	_	_	_	
12-52	3489-3494	tamen	_	_	_	
12-53	3495-3497	ad	_	_	_	
12-54	3498-3501	eum	_	_	_	
12-55	3502-3506	cani	_	_	_	
12-56	3507-3510	tum	_	_	_	
12-57	3511-3516	finem	_	_	_	
12-58	3517-3528	tumultuario	_	_	_	
12-59	3529-3535	ftudio	_	_	_	
12-60	3536-3546	concionavi	_	_	_	
12-61	3546-3547	,	_	_	_	
12-62	3548-3550	ut	_	_	_	
12-63	3551-3554	qui	_	_	_	
12-64	3555-3558	vel	_	_	_	
12-65	3559-3566	ingenio	_	_	_	
12-66	3566-3567	,	_	_	_	
12-67	3568-3571	vel	_	_	_	
12-68	3572-3580	librorum	_	_	_	
12-69	3581-3586	copia	_	_	_	
12-70	3587-3588	,	_	_	_	
12-71	3589-3592	vel	_	_	_	
12-72	3593-3603	experiendi	_	_	_	
12-73	3604-3613	faculcate	_	_	_	
12-74	3614-3622	pręstant	_	_	_	
12-75	3622-3623	,	_	_	_	
12-76	3624-3627	auc	_	_	_	
12-77	3628-3634	falsam	_	_	_	
12-78	3635-3644	oftendant	_	_	_	
12-79	3644-3645	,	_	_	_	
12-80	3646-3649	aut	_	_	_	
12-81	3650-3657	rationc	_	_	_	
12-82	3657-3658	,	_	_	_	
12-83	3659-3664	atque	_	_	_	
12-84	3665-3677	experimentis	_	_	_	
12-85	3678-3688	confirmenc	_	_	_	
12-86	3688-3689	,	_	_	_	
12-87	3690-3696	rcmquc	_	_	_	
12-88	3697-3707	accuratius	_	_	_	
12-89	3707-3708	,	_	_	_	
12-90	3709-3712	ubi	_	_	_	
12-91	3713-3717	opus	_	_	_	
12-92	3718-3721	eft	_	_	_	
12-93	3721-3722	,	_	_	_	
12-94	3723-3732	definiant	_	_	_	
12-95	3732-3733	:	_	_	_	
12-96	3739-3743	Mnes	_	_	_	
12-97	3744-3753	plantarum	_	_	_	
12-98	3754-3765	operationes	_	_	_	
12-99	3766-3767	,	_	_	_	
12-100	3768-3776	nutritio	_	_	_	
12-101	3777-3785	scilicet	_	_	_	
12-102	3786-3787	,	_	_	_	
12-103	3788-3796	accretio	_	_	_	
12-104	3796-3797	,	_	_	_	
12-105	3798-3800	ac	_	_	_	
12-106	3801-3806	produ	_	_	_	
12-107	3808-3809	&	_	_	_	
12-108	3809-3812	tio	_	_	_	
12-109	3813-3814	a	_	_	_	
12-110	3815-3820	varia	_	_	_	
12-111	3821-3828	materia	_	_	_	
12-112	3829-3836	textura	_	_	_	
12-113	3836-3837	,	_	_	_	
12-114	3838-3843	atque	_	_	_	
12-115	3844-3848	affe	_	_	_	
12-116	3848-3849	&	_	_	_	
12-117	3849-3854	tione	_	_	_	
12-118	3855-3857	ab	_	_	_	
12-119	3858-3869	extrinsecis	_	_	_	
12-120	3870-3876	caufis	_	_	_	
12-121	3877-3883	adjuta	_	_	_	
12-122	3884-3890	omnino	_	_	_	
12-123	3891-3894	est	_	_	_	
12-124	3895-3904	repetenda	_	_	_	
12-125	3904-3905	.	_	_	_	

#Text=II.
13-1	3906-3908	II	_	_	_	
13-2	3908-3909	.	_	_	_	

#Text=Circa Plantarum produttionem negamus, fe
#Text=
#Text=mina omnia à Deo sub Mundi exortum creata fuiße , eaque vel per elementa diSpersa, vel alia aliis fuiße inclusa.
14-1	3910-3915	Circa	_	_	_	
14-2	3916-3925	Plantarum	_	_	_	
14-3	3926-3938	produttionem	_	_	_	
14-4	3939-3946	negamus	_	_	_	
14-5	3946-3947	,	_	_	_	
14-6	3948-3950	fe	_	_	_	
14-7	3952-3956	mina	_	_	_	
14-8	3957-3962	omnia	_	_	_	
14-9	3963-3964	à	_	_	_	
14-10	3965-3968	Deo	_	_	_	
14-11	3969-3972	sub	_	_	_	
14-12	3973-3978	Mundi	_	_	_	
14-13	3979-3986	exortum	_	_	_	
14-14	3987-3993	creata	_	_	_	
14-15	3994-3999	fuiße	_	_	_	
14-16	4000-4001	,	_	_	_	
14-17	4002-4007	eaque	_	_	_	
14-18	4008-4011	vel	_	_	_	
14-19	4012-4015	per	_	_	_	
14-20	4016-4024	elementa	_	_	_	
14-21	4025-4033	diSpersa	_	_	_	
14-22	4033-4034	,	_	_	_	
14-23	4035-4038	vel	_	_	_	
14-24	4039-4043	alia	_	_	_	
14-25	4044-4049	aliis	_	_	_	
14-26	4050-4055	fuiße	_	_	_	
14-27	4056-4063	inclusa	_	_	_	
14-28	4063-4064	.	_	_	_	
