#FORMAT=WebAnno TSV 3.3


#Text=Væ mihi !
1-1	2-4	Væ	
1-2	5-9	mihi	
1-3	10-11	!	

#Text=prævaricantes prævaricati sunt, et prævaricatione transgressorum prævaricati sunt.
#Text=17 Formido, et fovea, et laqueus super te, qui habitator es terræ.
#Text=18 Et erit : qui fugerit a voce formidinis cadet in foveam ; et qui se explicaverit de fovea tenebitur laqueo ; quia cataractæ de excelsis apertæ sunt et concutientur fundamenta terræ.
#Text=19 Confractione confringetur terra, contritione conteretur terra, commotione commovebitur terra ; 20 agitatione agitabitur terra sicut ebrius, et auferetur quasi tabernaculum unius noctis ; et gravabit eam iniquitas sua, et corruet, et non adjiciet ut resurgat.
#Text=21 Et erit : in die illa visitabit Dominus super militiam cæli in excelso, et super reges terræ qui sunt super terram ; 22 et congregabuntur in congregatione unius fascis in lacum, et claudentur ibi in carcere, et post multos dies visitabuntur.
#Text=23 Et erubescet luna, et confundetur sol, cum regnaverit Dominus exercituum in monte Sion et in Jerusalem et in conspectu senum suorum fuerit glorificatus.
2-1	12-25	prævaricantes	
2-2	26-37	prævaricati	
2-3	38-42	sunt	
2-4	42-43	,	
2-5	44-46	et	
2-6	47-61	prævaricatione	
2-7	62-76	transgressorum	
2-8	77-88	prævaricati	
2-9	89-93	sunt	
2-10	93-94	.	
2-11	95-97	17	
2-12	98-105	Formido	
2-13	105-106	,	
2-14	107-109	et	
2-15	110-115	fovea	
2-16	115-116	,	
2-17	117-119	et	
2-18	120-127	laqueus	
2-19	128-133	super	
2-20	134-136	te	
2-21	136-137	,	
2-22	138-141	qui	
2-23	142-151	habitator	
2-24	152-154	es	
2-25	155-160	terræ	
2-26	160-161	.	
2-27	162-164	18	
2-28	165-167	Et	
2-29	168-172	erit	
2-30	173-174	:	
2-31	175-178	qui	
2-32	179-186	fugerit	
2-33	187-188	a	
2-34	189-193	voce	
2-35	194-204	formidinis	
2-36	205-210	cadet	
2-37	211-213	in	
2-38	214-220	foveam	
2-39	221-222	;	
2-40	223-225	et	
2-41	226-229	qui	
2-42	230-232	se	
2-43	233-245	explicaverit	
2-44	246-248	de	
2-45	249-254	fovea	
2-46	255-264	tenebitur	
2-47	265-271	laqueo	
2-48	272-273	;	
2-49	274-278	quia	
2-50	279-288	cataractæ	
2-51	289-291	de	
2-52	292-300	excelsis	
2-53	301-307	apertæ	
2-54	308-312	sunt	
2-55	313-315	et	
2-56	316-328	concutientur	
2-57	329-339	fundamenta	
2-58	340-345	terræ	
2-59	345-346	.	
2-60	347-349	19	
2-61	350-362	Confractione	
2-62	363-375	confringetur	
2-63	376-381	terra	
2-64	381-382	,	
2-65	383-394	contritione	
2-66	395-405	conteretur	
2-67	406-411	terra	
2-68	411-412	,	
2-69	413-423	commotione	
2-70	424-436	commovebitur	
2-71	437-442	terra	
2-72	443-444	;	
2-73	445-447	20	
2-74	448-458	agitatione	
2-75	459-469	agitabitur	
2-76	470-475	terra	
2-77	476-481	sicut	
2-78	482-488	ebrius	
2-79	488-489	,	
2-80	490-492	et	
2-81	493-502	auferetur	
2-82	503-508	quasi	
2-83	509-521	tabernaculum	
2-84	522-527	unius	
2-85	528-534	noctis	
2-86	535-536	;	
2-87	537-539	et	
2-88	540-548	gravabit	
2-89	549-552	eam	
2-90	553-562	iniquitas	
2-91	563-566	sua	
2-92	566-567	,	
2-93	568-570	et	
2-94	571-578	corruet	
2-95	578-579	,	
2-96	580-582	et	
2-97	583-586	non	
2-98	587-595	adjiciet	
2-99	596-598	ut	
2-100	599-607	resurgat	
2-101	607-608	.	
2-102	609-611	21	
2-103	612-614	Et	
2-104	615-619	erit	
2-105	620-621	:	
2-106	622-624	in	
2-107	625-628	die	
2-108	629-633	illa	
2-109	634-643	visitabit	
2-110	644-651	Dominus	
2-111	652-657	super	
2-112	658-666	militiam	
2-113	667-671	cæli	
2-114	672-674	in	
2-115	675-682	excelso	
2-116	682-683	,	
2-117	684-686	et	
2-118	687-692	super	
2-119	693-698	reges	
2-120	699-704	terræ	
2-121	705-708	qui	
2-122	709-713	sunt	
2-123	714-719	super	
2-124	720-726	terram	
2-125	727-728	;	
2-126	729-731	22	
2-127	732-734	et	
2-128	735-749	congregabuntur	
2-129	750-752	in	
2-130	753-766	congregatione	
2-131	767-772	unius	
2-132	773-779	fascis	
2-133	780-782	in	
2-134	783-788	lacum	
2-135	788-789	,	
2-136	790-792	et	
2-137	793-803	claudentur	
2-138	804-807	ibi	
2-139	808-810	in	
2-140	811-818	carcere	
2-141	818-819	,	
2-142	820-822	et	
2-143	823-827	post	
2-144	828-834	multos	
2-145	835-839	dies	
2-146	840-852	visitabuntur	
2-147	852-853	.	
2-148	854-856	23	
2-149	857-859	Et	
2-150	860-869	erubescet	
2-151	870-874	luna	
2-152	874-875	,	
2-153	876-878	et	
2-154	879-890	confundetur	
2-155	891-894	sol	
2-156	894-895	,	
2-157	896-899	cum	
2-158	900-910	regnaverit	
2-159	911-918	Dominus	
2-160	919-929	exercituum	
2-161	930-932	in	
2-162	933-938	monte	
2-163	939-943	Sion	
2-164	944-946	et	
2-165	947-949	in	
2-166	950-959	Jerusalem	
2-167	960-962	et	
2-168	963-965	in	
2-169	966-975	conspectu	
2-170	976-981	senum	
2-171	982-988	suorum	
2-172	989-995	fuerit	
2-173	996-1008	glorificatus	
2-174	1008-1009	.	

#Text=Caput 25
#Text=
#Text=
#Text=1 Domine, Deus meus es tu ; exaltabo te, et confitebor nomini tuo : quoniam fecisti mirabilia, cogitationes antiquas fideles.
3-1	1010-1015	Caput	
3-2	1016-1018	25	
3-3	1021-1022	1	
3-4	1023-1029	Domine	
3-5	1029-1030	,	
3-6	1031-1035	Deus	
3-7	1036-1040	meus	
3-8	1041-1043	es	
3-9	1044-1046	tu	
3-10	1047-1048	;	
3-11	1049-1057	exaltabo	
3-12	1058-1060	te	
3-13	1060-1061	,	
3-14	1062-1064	et	
3-15	1065-1075	confitebor	
3-16	1076-1082	nomini	
3-17	1083-1086	tuo	
3-18	1087-1088	:	
3-19	1089-1096	quoniam	
3-20	1097-1104	fecisti	
3-21	1105-1114	mirabilia	
3-22	1114-1115	,	
3-23	1116-1128	cogitationes	
3-24	1129-1137	antiquas	
3-25	1138-1145	fideles	
3-26	1145-1146	.	

#Text=Amen.
#Text=2 Quia posuisti civitatem in tumulum, urbem fortem in ruinam, domum alienorum : ut non sit civitas, et in sempiternum non ædificetur.
#Text=3 Super hoc laudabit te populus fortis ; civitas gentium robustarum timebit te : 4 quia factus es fortitudo pauperi, fortitudo egeno in tribulatione sua, spes a turbine, umbraculum ab æstu ; spiritus enim robustorum quasi turbo impellens parietem.
#Text=5 Sicut æstus in siti, tumultum alienorum humiliabis ; et quasi calore sub nube torrente, propaginem fortium marcescere facies.
#Text=6 Et faciet Dominus exercituum omnibus populis in monte hoc convivium pinguium, convivium vindemiæ, pinguium medullatorum, vindemiæ defæcatæ.
#Text=7 Et præcipitabit in monte isto faciem vinculi colligati super omnes populos, et telam quam orditus est super omnes nationes.
#Text=8 Præcipitabit mortem in sempiternum ; et auferet Dominus Deus lacrimam ab omni facie, et opprobrium populi sui auferet de universa terra : quia Dominus locutus est.
#Text=9 Et dicet in die illa : Ecce Deus noster iste ; exspectavimus eum, et salvabit nos ; iste Dominus, sustinuimus eum : exsultabimus, et lætabimur in salutari ejus.
#Text=10 Quia requiescet manus Domini in monte isto ; et triturabitur Moab sub eo, sicuti teruntur paleæ in plaustro.
#Text=11 Et extendet manus suas sub eo sicut extendit natans ad natandum ; et humiliabit gloriam ejus cum allisione manuum ejus.
#Text=12 Et munimenta sublimium murorum tuorum concident, et humiliabuntur, et detrahentur in terram usque ad pulverem.
4-1	1147-1151	Amen	
4-2	1151-1152	.	
4-3	1153-1154	2	
4-4	1155-1159	Quia	
4-5	1160-1168	posuisti	
4-6	1169-1178	civitatem	
4-7	1179-1181	in	
4-8	1182-1189	tumulum	
4-9	1189-1190	,	
4-10	1191-1196	urbem	
4-11	1197-1203	fortem	
4-12	1204-1206	in	
4-13	1207-1213	ruinam	
4-14	1213-1214	,	
4-15	1215-1220	domum	
4-16	1221-1230	alienorum	
4-17	1231-1232	:	
4-18	1233-1235	ut	
4-19	1236-1239	non	
4-20	1240-1243	sit	
4-21	1244-1251	civitas	
4-22	1251-1252	,	
4-23	1253-1255	et	
4-24	1256-1258	in	
4-25	1259-1270	sempiternum	
4-26	1271-1274	non	
4-27	1275-1285	ædificetur	
4-28	1285-1286	.	
4-29	1287-1288	3	
4-30	1289-1294	Super	
4-31	1295-1298	hoc	
4-32	1299-1307	laudabit	
4-33	1308-1310	te	
4-34	1311-1318	populus	
4-35	1319-1325	fortis	
4-36	1326-1327	;	
4-37	1328-1335	civitas	
4-38	1336-1343	gentium	
4-39	1344-1354	robustarum	
4-40	1355-1362	timebit	
4-41	1363-1365	te	
4-42	1366-1367	:	
4-43	1368-1369	4	
4-44	1370-1374	quia	
4-45	1375-1381	factus	
4-46	1382-1384	es	
4-47	1385-1394	fortitudo	
4-48	1395-1402	pauperi	
4-49	1402-1403	,	
4-50	1404-1413	fortitudo	
4-51	1414-1419	egeno	
4-52	1420-1422	in	
4-53	1423-1435	tribulatione	
4-54	1436-1439	sua	
4-55	1439-1440	,	
4-56	1441-1445	spes	
4-57	1446-1447	a	
4-58	1448-1455	turbine	
4-59	1455-1456	,	
4-60	1457-1467	umbraculum	
4-61	1468-1470	ab	
4-62	1471-1475	æstu	
4-63	1476-1477	;	
4-64	1478-1486	spiritus	
4-65	1487-1491	enim	
4-66	1492-1502	robustorum	
4-67	1503-1508	quasi	
4-68	1509-1514	turbo	
4-69	1515-1524	impellens	
4-70	1525-1533	parietem	
4-71	1533-1534	.	
4-72	1535-1536	5	
4-73	1537-1542	Sicut	
4-74	1543-1548	æstus	
4-75	1549-1551	in	
4-76	1552-1556	siti	
4-77	1556-1557	,	
4-78	1558-1566	tumultum	
4-79	1567-1576	alienorum	
4-80	1577-1587	humiliabis	
4-81	1588-1589	;	
4-82	1590-1592	et	
4-83	1593-1598	quasi	
4-84	1599-1605	calore	
4-85	1606-1609	sub	
4-86	1610-1614	nube	
4-87	1615-1623	torrente	
4-88	1623-1624	,	
4-89	1625-1635	propaginem	
4-90	1636-1643	fortium	
4-91	1644-1654	marcescere	
4-92	1655-1661	facies	
4-93	1661-1662	.	
4-94	1663-1664	6	
4-95	1665-1667	Et	
4-96	1668-1674	faciet	
4-97	1675-1682	Dominus	
4-98	1683-1693	exercituum	
4-99	1694-1701	omnibus	
4-100	1702-1709	populis	
4-101	1710-1712	in	
4-102	1713-1718	monte	
4-103	1719-1722	hoc	
4-104	1723-1732	convivium	
4-105	1733-1741	pinguium	
4-106	1741-1742	,	
4-107	1743-1752	convivium	
4-108	1753-1761	vindemiæ	
4-109	1761-1762	,	
4-110	1763-1771	pinguium	
4-111	1772-1784	medullatorum	
4-112	1784-1785	,	
4-113	1786-1794	vindemiæ	
4-114	1795-1803	defæcatæ	
4-115	1803-1804	.	
4-116	1805-1806	7	
4-117	1807-1809	Et	
4-118	1810-1822	præcipitabit	
4-119	1823-1825	in	
4-120	1826-1831	monte	
4-121	1832-1836	isto	
4-122	1837-1843	faciem	
4-123	1844-1851	vinculi	
4-124	1852-1861	colligati	
4-125	1862-1867	super	
4-126	1868-1873	omnes	
4-127	1874-1881	populos	
4-128	1881-1882	,	
4-129	1883-1885	et	
4-130	1886-1891	telam	
4-131	1892-1896	quam	
4-132	1897-1904	orditus	
4-133	1905-1908	est	
4-134	1909-1914	super	
4-135	1915-1920	omnes	
4-136	1921-1929	nationes	
4-137	1929-1930	.	
4-138	1931-1932	8	
4-139	1933-1945	Præcipitabit	
4-140	1946-1952	mortem	
4-141	1953-1955	in	
4-142	1956-1967	sempiternum	
4-143	1968-1969	;	
4-144	1970-1972	et	
4-145	1973-1980	auferet	
4-146	1981-1988	Dominus	
4-147	1989-1993	Deus	
4-148	1994-2002	lacrimam	
4-149	2003-2005	ab	
4-150	2006-2010	omni	
4-151	2011-2016	facie	
4-152	2016-2017	,	
4-153	2018-2020	et	
4-154	2021-2031	opprobrium	
4-155	2032-2038	populi	
4-156	2039-2042	sui	
4-157	2043-2050	auferet	
4-158	2051-2053	de	
4-159	2054-2062	universa	
4-160	2063-2068	terra	
4-161	2069-2070	:	
4-162	2071-2075	quia	
4-163	2076-2083	Dominus	
4-164	2084-2091	locutus	
4-165	2092-2095	est	
4-166	2095-2096	.	
4-167	2097-2098	9	
4-168	2099-2101	Et	
4-169	2102-2107	dicet	
4-170	2108-2110	in	
4-171	2111-2114	die	
4-172	2115-2119	illa	
4-173	2120-2121	:	
4-174	2122-2126	Ecce	
4-175	2127-2131	Deus	
4-176	2132-2138	noster	
4-177	2139-2143	iste	
4-178	2144-2145	;	
4-179	2146-2159	exspectavimus	
4-180	2160-2163	eum	
4-181	2163-2164	,	
4-182	2165-2167	et	
4-183	2168-2176	salvabit	
4-184	2177-2180	nos	
4-185	2181-2182	;	
4-186	2183-2187	iste	
4-187	2188-2195	Dominus	
4-188	2195-2196	,	
4-189	2197-2208	sustinuimus	
4-190	2209-2212	eum	
4-191	2213-2214	:	
4-192	2215-2227	exsultabimus	
4-193	2227-2228	,	
4-194	2229-2231	et	
4-195	2232-2241	lætabimur	
4-196	2242-2244	in	
4-197	2245-2253	salutari	
4-198	2254-2258	ejus	
4-199	2258-2259	.	
4-200	2260-2262	10	
4-201	2263-2267	Quia	
4-202	2268-2278	requiescet	
4-203	2279-2284	manus	
4-204	2285-2291	Domini	
4-205	2292-2294	in	
4-206	2295-2300	monte	
4-207	2301-2305	isto	
4-208	2306-2307	;	
4-209	2308-2310	et	
4-210	2311-2323	triturabitur	
4-211	2324-2328	Moab	
4-212	2329-2332	sub	
4-213	2333-2335	eo	
4-214	2335-2336	,	
4-215	2337-2343	sicuti	
4-216	2344-2352	teruntur	
4-217	2353-2358	paleæ	
4-218	2359-2361	in	
4-219	2362-2370	plaustro	
4-220	2370-2371	.	
4-221	2372-2374	11	
4-222	2375-2377	Et	
4-223	2378-2386	extendet	
4-224	2387-2392	manus	
4-225	2393-2397	suas	
4-226	2398-2401	sub	
4-227	2402-2404	eo	
4-228	2405-2410	sicut	
4-229	2411-2419	extendit	
4-230	2420-2426	natans	
4-231	2427-2429	ad	
4-232	2430-2438	natandum	
4-233	2439-2440	;	
4-234	2441-2443	et	
4-235	2444-2454	humiliabit	
4-236	2455-2462	gloriam	
4-237	2463-2467	ejus	
4-238	2468-2471	cum	
4-239	2472-2481	allisione	
4-240	2482-2488	manuum	
4-241	2489-2493	ejus	
4-242	2493-2494	.	
4-243	2495-2497	12	
4-244	2498-2500	Et	
4-245	2501-2510	munimenta	
4-246	2511-2520	sublimium	
4-247	2521-2528	murorum	
4-248	2529-2535	tuorum	
4-249	2536-2545	concident	
4-250	2545-2546	,	
4-251	2547-2549	et	
4-252	2550-2563	humiliabuntur	
4-253	2563-2564	,	
4-254	2565-2567	et	
4-255	2568-2579	detrahentur	
4-256	2580-2582	in	
4-257	2583-2589	terram	
4-258	2590-2595	usque	
4-259	2596-2598	ad	
4-260	2599-2607	pulverem	
4-261	2607-2608	.	

#Text=Caput 26
#Text=
#Text=
#Text=1 In die illa cantabitur canticum istud in terra Juda : Urbs fortitudinis nostræ Sion ; salvator ponetur in ea murus et antemurale.
5-1	2609-2614	Caput	
5-2	2615-2617	26	
5-3	2620-2621	1	
5-4	2622-2624	In	
5-5	2625-2628	die	
5-6	2629-2633	illa	
5-7	2634-2644	cantabitur	
5-8	2645-2653	canticum	
5-9	2654-2659	istud	
5-10	2660-2662	in	
5-11	2663-2668	terra	
5-12	2669-2673	Juda	
5-13	2674-2675	:	
5-14	2676-2680	Urbs	
5-15	2681-2693	fortitudinis	
5-16	2694-2700	nostræ	
5-17	2701-2705	Sion	
5-18	2706-2707	;	
5-19	2708-2716	salvator	
5-20	2717-2724	ponetur	
5-21	2725-2727	in	
5-22	2728-2730	ea	
5-23	2731-2736	murus	
5-24	2737-2739	et	
5-25	2740-2750	antemurale	
5-26	2750-2751	.	
