#FORMAT=WebAnno TSV 3.3


#Text=Qui ait : Tolle filium tuum.
#Text=37 Venit illa, et corruit ad pedes ejus, et adoravit super terram : tulitque filium suum, et egressa est.
#Text=38 Et Eliseus reversus est in Galgala.
1-1	2-5	Qui	
1-2	6-9	ait	
1-3	10-11	:	
1-4	12-17	Tolle	
1-5	18-24	filium	
1-6	25-29	tuum	
1-7	29-30	.	
1-8	31-33	37	
1-9	34-39	Venit	
1-10	40-44	illa	
1-11	44-45	,	
1-12	46-48	et	
1-13	49-56	corruit	
1-14	57-59	ad	
1-15	60-65	pedes	
1-16	66-70	ejus	
1-17	70-71	,	
1-18	72-74	et	
1-19	75-83	adoravit	
1-20	84-89	super	
1-21	90-96	terram	
1-22	97-98	:	
1-23	99-107	tulitque	
1-24	108-114	filium	
1-25	115-119	suum	
1-26	119-120	,	
1-27	121-123	et	
1-28	124-131	egressa	
1-29	132-135	est	
1-30	135-136	.	
1-31	137-139	38	
1-32	140-142	Et	
1-33	143-150	Eliseus	
1-34	151-159	reversus	
1-35	160-163	est	
1-36	164-166	in	
1-37	167-174	Galgala	
1-38	174-175	.	

#Text=Erat autem fames in terra, et filii prophetarum habitabant coram eo.
2-1	176-180	Erat	
2-2	181-186	autem	
2-3	187-192	fames	
2-4	193-195	in	
2-5	196-201	terra	
2-6	201-202	,	
2-7	203-205	et	
2-8	206-211	filii	
2-9	212-223	prophetarum	
2-10	224-234	habitabant	
2-11	235-240	coram	
2-12	241-243	eo	
2-13	243-244	.	

#Text=Dixitque uni de pueris suis : Pone ollam grandem, et coque pulmentum filiis prophetarum.
#Text=39 Et egressus est unus in agrum ut colligeret herbas agrestes : invenitque quasi vitem silvestrem, et collegit ex ea colocynthidas agri, et implevit pallium suum, et reversus concidit in ollam pulmenti : nesciebat enim quid esset.
#Text=40 Infuderunt ergo sociis ut comederent : cumque gustassent de coctione, clamaverunt, dicentes : Mors in olla, vir Dei.
3-1	245-253	Dixitque	
3-2	254-257	uni	
3-3	258-260	de	
3-4	261-267	pueris	
3-5	268-272	suis	
3-6	273-274	:	
3-7	275-279	Pone	
3-8	280-285	ollam	
3-9	286-293	grandem	
3-10	293-294	,	
3-11	295-297	et	
3-12	298-303	coque	
3-13	304-313	pulmentum	
3-14	314-320	filiis	
3-15	321-332	prophetarum	
3-16	332-333	.	
3-17	334-336	39	
3-18	337-339	Et	
3-19	340-348	egressus	
3-20	349-352	est	
3-21	353-357	unus	
3-22	358-360	in	
3-23	361-366	agrum	
3-24	367-369	ut	
3-25	370-380	colligeret	
3-26	381-387	herbas	
3-27	388-396	agrestes	
3-28	397-398	:	
3-29	399-409	invenitque	
3-30	410-415	quasi	
3-31	416-421	vitem	
3-32	422-432	silvestrem	
3-33	432-433	,	
3-34	434-436	et	
3-35	437-445	collegit	
3-36	446-448	ex	
3-37	449-451	ea	
3-38	452-465	colocynthidas	
3-39	466-470	agri	
3-40	470-471	,	
3-41	472-474	et	
3-42	475-483	implevit	
3-43	484-491	pallium	
3-44	492-496	suum	
3-45	496-497	,	
3-46	498-500	et	
3-47	501-509	reversus	
3-48	510-518	concidit	
3-49	519-521	in	
3-50	522-527	ollam	
3-51	528-536	pulmenti	
3-52	537-538	:	
3-53	539-548	nesciebat	
3-54	549-553	enim	
3-55	554-558	quid	
3-56	559-564	esset	
3-57	564-565	.	
3-58	566-568	40	
3-59	569-579	Infuderunt	
3-60	580-584	ergo	
3-61	585-591	sociis	
3-62	592-594	ut	
3-63	595-605	comederent	
3-64	606-607	:	
3-65	608-614	cumque	
3-66	615-625	gustassent	
3-67	626-628	de	
3-68	629-637	coctione	
3-69	637-638	,	
3-70	639-650	clamaverunt	
3-71	650-651	,	
3-72	652-660	dicentes	
3-73	661-662	:	
3-74	663-667	Mors	
3-75	668-670	in	
3-76	671-675	olla	
3-77	675-676	,	
3-78	677-680	vir	
3-79	681-684	Dei	
3-80	684-685	.	

#Text=Et non potuerunt comedere.
#Text=41 At ille : Afferte, inquit, farinam.
4-1	686-688	Et	
4-2	689-692	non	
4-3	693-702	potuerunt	
4-4	703-711	comedere	
4-5	711-712	.	
4-6	713-715	41	
4-7	716-718	At	
4-8	719-723	ille	
4-9	724-725	:	
4-10	726-733	Afferte	
4-11	733-734	,	
4-12	735-741	inquit	
4-13	741-742	,	
4-14	743-750	farinam	
4-15	750-751	.	

#Text=Cumque tulissent, misit in ollam, et ait : Infunde turbæ, ut comedant.
5-1	752-758	Cumque	
5-2	759-768	tulissent	
5-3	768-769	,	
5-4	770-775	misit	
5-5	776-778	in	
5-6	779-784	ollam	
5-7	784-785	,	
5-8	786-788	et	
5-9	789-792	ait	
5-10	793-794	:	
5-11	795-802	Infunde	
5-12	803-808	turbæ	
5-13	808-809	,	
5-14	810-812	ut	
5-15	813-821	comedant	
5-16	821-822	.	

#Text=Et non fuit amplius quidquam amaritudinis in olla.
#Text=42 Vir autem quidam venit de Baalsalisa deferens viro Dei panes primitiarum, viginti panes hordeaceos, et frumentum novum in pera sua.
6-1	823-825	Et	
6-2	826-829	non	
6-3	830-834	fuit	
6-4	835-842	amplius	
6-5	843-851	quidquam	
6-6	852-864	amaritudinis	
6-7	865-867	in	
6-8	868-872	olla	
6-9	872-873	.	
6-10	874-876	42	
6-11	877-880	Vir	
6-12	881-886	autem	
6-13	887-893	quidam	
6-14	894-899	venit	
6-15	900-902	de	
6-16	903-913	Baalsalisa	
6-17	914-922	deferens	
6-18	923-927	viro	
6-19	928-931	Dei	
6-20	932-937	panes	
6-21	938-949	primitiarum	
6-22	949-950	,	
6-23	951-958	viginti	
6-24	959-964	panes	
6-25	965-975	hordeaceos	
6-26	975-976	,	
6-27	977-979	et	
6-28	980-989	frumentum	
6-29	990-995	novum	
6-30	996-998	in	
6-31	999-1003	pera	
6-32	1004-1007	sua	
6-33	1007-1008	.	

#Text=At ille dixit : Da populo, ut comedat.
#Text=43 Responditque ei minister ejus : Quantum est hoc, ut apponam centum viris ?
7-1	1009-1011	At	
7-2	1012-1016	ille	
7-3	1017-1022	dixit	
7-4	1023-1024	:	
7-5	1025-1027	Da	
7-6	1028-1034	populo	
7-7	1034-1035	,	
7-8	1036-1038	ut	
7-9	1039-1046	comedat	
7-10	1046-1047	.	
7-11	1048-1050	43	
7-12	1051-1063	Responditque	
7-13	1064-1066	ei	
7-14	1067-1075	minister	
7-15	1076-1080	ejus	
7-16	1081-1082	:	
7-17	1083-1090	Quantum	
7-18	1091-1094	est	
7-19	1095-1098	hoc	
7-20	1098-1099	,	
7-21	1100-1102	ut	
7-22	1103-1110	apponam	
7-23	1111-1117	centum	
7-24	1118-1123	viris	
7-25	1124-1125	?	

#Text=Rursum ille ait : Da populo, ut comedat : hæc enim dicit Dominus : Comedent, et supererit.
#Text=44 Posuit itaque coram eis : qui comederunt, et superfuit juxta verbum Domini.
8-1	1126-1132	Rursum	
8-2	1133-1137	ille	
8-3	1138-1141	ait	
8-4	1142-1143	:	
8-5	1144-1146	Da	
8-6	1147-1153	populo	
8-7	1153-1154	,	
8-8	1155-1157	ut	
8-9	1158-1165	comedat	
8-10	1166-1167	:	
8-11	1168-1171	hæc	
8-12	1172-1176	enim	
8-13	1177-1182	dicit	
8-14	1183-1190	Dominus	
8-15	1191-1192	:	
8-16	1193-1201	Comedent	
8-17	1201-1202	,	
8-18	1203-1205	et	
8-19	1206-1215	supererit	
8-20	1215-1216	.	
8-21	1217-1219	44	
8-22	1220-1226	Posuit	
8-23	1227-1233	itaque	
8-24	1234-1239	coram	
8-25	1240-1243	eis	
8-26	1244-1245	:	
8-27	1246-1249	qui	
8-28	1250-1260	comederunt	
8-29	1260-1261	,	
8-30	1262-1264	et	
8-31	1265-1274	superfuit	
8-32	1275-1280	juxta	
8-33	1281-1287	verbum	
8-34	1288-1294	Domini	
8-35	1294-1295	.	

#Text=Caput 5
#Text=
#Text=
#Text=1 Naaman princeps militiæ regis Syriæ erat vir magnus apud dominum suum, et honoratus : per illum enim dedit Dominus salutem Syriæ : erat autem vir fortis et dives, sed leprosus.
#Text=2 Porro de Syria egressi fuerant latrunculi, et captivam duxerant de terra Israël puellam parvulam, quæ erat in obsequio uxoris Naaman : 3 quæ ait ad dominam suam : Utinam fuisset dominus meus ad prophetam qui est in Samaria, profecto curasset eum a lepra quam habet.
#Text=4 Ingressus est itaque Naaman ad dominum suum, et nuntiavit ei, dicens : Sic et sic locuta est puella de terra Israël.
#Text=5 Dixitque ei rex Syriæ : Vade, et mittam litteras ad regem Israël.
9-1	1296-1301	Caput	
9-2	1302-1303	5	
9-3	1306-1307	1	
9-4	1308-1314	Naaman	
9-5	1315-1323	princeps	
9-6	1324-1331	militiæ	
9-7	1332-1337	regis	
9-8	1338-1343	Syriæ	
9-9	1344-1348	erat	
9-10	1349-1352	vir	
9-11	1353-1359	magnus	
9-12	1360-1364	apud	
9-13	1365-1372	dominum	
9-14	1373-1377	suum	
9-15	1377-1378	,	
9-16	1379-1381	et	
9-17	1382-1391	honoratus	
9-18	1392-1393	:	
9-19	1394-1397	per	
9-20	1398-1403	illum	
9-21	1404-1408	enim	
9-22	1409-1414	dedit	
9-23	1415-1422	Dominus	
9-24	1423-1430	salutem	
9-25	1431-1436	Syriæ	
9-26	1437-1438	:	
9-27	1439-1443	erat	
9-28	1444-1449	autem	
9-29	1450-1453	vir	
9-30	1454-1460	fortis	
9-31	1461-1463	et	
9-32	1464-1469	dives	
9-33	1469-1470	,	
9-34	1471-1474	sed	
9-35	1475-1483	leprosus	
9-36	1483-1484	.	
9-37	1485-1486	2	
9-38	1487-1492	Porro	
9-39	1493-1495	de	
9-40	1496-1501	Syria	
9-41	1502-1509	egressi	
9-42	1510-1517	fuerant	
9-43	1518-1528	latrunculi	
9-44	1528-1529	,	
9-45	1530-1532	et	
9-46	1533-1541	captivam	
9-47	1542-1550	duxerant	
9-48	1551-1553	de	
9-49	1554-1559	terra	
9-50	1560-1566	Israël	
9-51	1567-1574	puellam	
9-52	1575-1583	parvulam	
9-53	1583-1584	,	
9-54	1585-1588	quæ	
9-55	1589-1593	erat	
9-56	1594-1596	in	
9-57	1597-1605	obsequio	
9-58	1606-1612	uxoris	
9-59	1613-1619	Naaman	
9-60	1620-1621	:	
9-61	1622-1623	3	
9-62	1624-1627	quæ	
9-63	1628-1631	ait	
9-64	1632-1634	ad	
9-65	1635-1642	dominam	
9-66	1643-1647	suam	
9-67	1648-1649	:	
9-68	1650-1656	Utinam	
9-69	1657-1664	fuisset	
9-70	1665-1672	dominus	
9-71	1673-1677	meus	
9-72	1678-1680	ad	
9-73	1681-1690	prophetam	
9-74	1691-1694	qui	
9-75	1695-1698	est	
9-76	1699-1701	in	
9-77	1702-1709	Samaria	
9-78	1709-1710	,	
9-79	1711-1719	profecto	
9-80	1720-1728	curasset	
9-81	1729-1732	eum	
9-82	1733-1734	a	
9-83	1735-1740	lepra	
9-84	1741-1745	quam	
9-85	1746-1751	habet	
9-86	1751-1752	.	
9-87	1753-1754	4	
9-88	1755-1764	Ingressus	
9-89	1765-1768	est	
9-90	1769-1775	itaque	
9-91	1776-1782	Naaman	
9-92	1783-1785	ad	
9-93	1786-1793	dominum	
9-94	1794-1798	suum	
9-95	1798-1799	,	
9-96	1800-1802	et	
9-97	1803-1812	nuntiavit	
9-98	1813-1815	ei	
9-99	1815-1816	,	
9-100	1817-1823	dicens	
9-101	1824-1825	:	
9-102	1826-1829	Sic	
9-103	1830-1832	et	
9-104	1833-1836	sic	
9-105	1837-1843	locuta	
9-106	1844-1847	est	
9-107	1848-1854	puella	
9-108	1855-1857	de	
9-109	1858-1863	terra	
9-110	1864-1870	Israël	
9-111	1870-1871	.	
9-112	1872-1873	5	
9-113	1874-1882	Dixitque	
9-114	1883-1885	ei	
9-115	1886-1889	rex	
9-116	1890-1895	Syriæ	
9-117	1896-1897	:	
9-118	1898-1902	Vade	
9-119	1902-1903	,	
9-120	1904-1906	et	
9-121	1907-1913	mittam	
9-122	1914-1922	litteras	
9-123	1923-1925	ad	
9-124	1926-1931	regem	
9-125	1932-1938	Israël	
9-126	1938-1939	.	
