#FORMAT=WebAnno TSV 3.3


#Text=11 Facies eorum et pennæ eorum extentæ desuper : duæ pennæ singulorum jungebantur, et duæ tegebant corpora eorum.
#Text=12 Et unumquodque eorum coram facie sua ambulabat : ubi erat impetus spiritus, illuc gradiebantur, nec revertebantur cum ambularent.
#Text=13 Et similitudo animalium, aspectus eorum quasi carbonum ignis ardentium, et quasi aspectus lampadarum : hæc erat visio discurrens in medio animalium, splendor ignis, et de igne fulgur egrediens.
#Text=14 Et animalia ibant et revertebantur, in similitudinem fulguris coruscantis.
#Text=15 Cumque aspicerem animalia, apparuit rota una super terram juxta animalia, habens quatuor facies.
#Text=16 Et aspectus rotarum et opus earum quasi visio maris : et una similitudo ipsarum quatuor : et aspectus earum et opera quasi sit rota in medio rotæ.
#Text=17 Per quatuor partes earum euntes ibant, et non revertebantur cum ambularent.
#Text=18 Statura quoque erat rotis, et altitudo, et horribilis aspectus : et totum corpus oculis plenum in circuitu ipsarum quatuor.
#Text=19 Cumque ambularent animalia, ambulabant pariter et rotæ juxta ea : et cum elevarentur animalia de terra, elevabantur simul et rotæ.
#Text=20 Quocumque ibat spiritus, illuc, eunte spiritu, et rotæ pariter elevabantur sequentes eum : spiritus enim vitæ erat in rotis.
#Text=21 Cum euntibus ibant, et cum stantibus stabant : et cum elevatis a terra, pariter elevabantur et rotæ sequentes ea, quia spiritus vitæ erat in rotis.
#Text=22 Et similitudo super capita animalium firmamenti, quasi aspectus crystalli horribilis, et extenti super capita eorum desuper.
#Text=23 Sub firmamento autem pennæ eorum rectæ alterius ad alterum : unumquodque duabus alis velabat corpus suum, et alterum similiter velabatur.
#Text=24 Et audiebam sonum alarum, quasi sonum aquarum multarum, quasi sonum sublimis Dei : cum ambularent, quasi sonus erat multitudinis ut sonus castrorum : cumque starent, demittebantur pennæ eorum.
#Text=25 Nam cum fieret vox super firmamentum quod erat super caput eorum, stabant, et submittebant alas suas.
#Text=26 Et super firmamentum quod erat imminens capiti eorum, quasi aspectus lapidis sapphiri similitudo throni : et super similitudinem throni similitudo quasi aspectus hominis desuper.
#Text=27 Et vidi quasi speciem electri, velut aspectum ignis, intrinsecus ejus per circuitum : a lumbis ejus et desuper, et a lumbis ejus usque deorsum, vidi quasi speciem ignis splendentis in circuitu, 28 velut aspectum arcus cum fuerit in nube in die pluviæ.
1-1	2-4	11	
1-2	5-11	Facies	
1-3	12-17	eorum	
1-4	18-20	et	
1-5	21-26	pennæ	
1-6	27-32	eorum	
1-7	33-40	extentæ	
1-8	41-48	desuper	
1-9	49-50	:	
1-10	51-54	duæ	
1-11	55-60	pennæ	
1-12	61-71	singulorum	
1-13	72-83	jungebantur	
1-14	83-84	,	
1-15	85-87	et	
1-16	88-91	duæ	
1-17	92-100	tegebant	
1-18	101-108	corpora	
1-19	109-114	eorum	
1-20	114-115	.	
1-21	116-118	12	
1-22	119-121	Et	
1-23	122-133	unumquodque	
1-24	134-139	eorum	
1-25	140-145	coram	
1-26	146-151	facie	
1-27	152-155	sua	
1-28	156-165	ambulabat	
1-29	166-167	:	
1-30	168-171	ubi	
1-31	172-176	erat	
1-32	177-184	impetus	
1-33	185-193	spiritus	
1-34	193-194	,	
1-35	195-200	illuc	
1-36	201-213	gradiebantur	
1-37	213-214	,	
1-38	215-218	nec	
1-39	219-232	revertebantur	
1-40	233-236	cum	
1-41	237-247	ambularent	
1-42	247-248	.	
1-43	249-251	13	
1-44	252-254	Et	
1-45	255-265	similitudo	
1-46	266-275	animalium	
1-47	275-276	,	
1-48	277-285	aspectus	
1-49	286-291	eorum	
1-50	292-297	quasi	
1-51	298-306	carbonum	
1-52	307-312	ignis	
1-53	313-322	ardentium	
1-54	322-323	,	
1-55	324-326	et	
1-56	327-332	quasi	
1-57	333-341	aspectus	
1-58	342-352	lampadarum	
1-59	353-354	:	
1-60	355-358	hæc	
1-61	359-363	erat	
1-62	364-369	visio	
1-63	370-380	discurrens	
1-64	381-383	in	
1-65	384-389	medio	
1-66	390-399	animalium	
1-67	399-400	,	
1-68	401-409	splendor	
1-69	410-415	ignis	
1-70	415-416	,	
1-71	417-419	et	
1-72	420-422	de	
1-73	423-427	igne	
1-74	428-434	fulgur	
1-75	435-444	egrediens	
1-76	444-445	.	
1-77	446-448	14	
1-78	449-451	Et	
1-79	452-460	animalia	
1-80	461-466	ibant	
1-81	467-469	et	
1-82	470-483	revertebantur	
1-83	483-484	,	
1-84	485-487	in	
1-85	488-501	similitudinem	
1-86	502-510	fulguris	
1-87	511-522	coruscantis	
1-88	522-523	.	
1-89	524-526	15	
1-90	527-533	Cumque	
1-91	534-543	aspicerem	
1-92	544-552	animalia	
1-93	552-553	,	
1-94	554-562	apparuit	
1-95	563-567	rota	
1-96	568-571	una	
1-97	572-577	super	
1-98	578-584	terram	
1-99	585-590	juxta	
1-100	591-599	animalia	
1-101	599-600	,	
1-102	601-607	habens	
1-103	608-615	quatuor	
1-104	616-622	facies	
1-105	622-623	.	
1-106	624-626	16	
1-107	627-629	Et	
1-108	630-638	aspectus	
1-109	639-646	rotarum	
1-110	647-649	et	
1-111	650-654	opus	
1-112	655-660	earum	
1-113	661-666	quasi	
1-114	667-672	visio	
1-115	673-678	maris	
1-116	679-680	:	
1-117	681-683	et	
1-118	684-687	una	
1-119	688-698	similitudo	
1-120	699-706	ipsarum	
1-121	707-714	quatuor	
1-122	715-716	:	
1-123	717-719	et	
1-124	720-728	aspectus	
1-125	729-734	earum	
1-126	735-737	et	
1-127	738-743	opera	
1-128	744-749	quasi	
1-129	750-753	sit	
1-130	754-758	rota	
1-131	759-761	in	
1-132	762-767	medio	
1-133	768-772	rotæ	
1-134	772-773	.	
1-135	774-776	17	
1-136	777-780	Per	
1-137	781-788	quatuor	
1-138	789-795	partes	
1-139	796-801	earum	
1-140	802-808	euntes	
1-141	809-814	ibant	
1-142	814-815	,	
1-143	816-818	et	
1-144	819-822	non	
1-145	823-836	revertebantur	
1-146	837-840	cum	
1-147	841-851	ambularent	
1-148	851-852	.	
1-149	853-855	18	
1-150	856-863	Statura	
1-151	864-870	quoque	
1-152	871-875	erat	
1-153	876-881	rotis	
1-154	881-882	,	
1-155	883-885	et	
1-156	886-894	altitudo	
1-157	894-895	,	
1-158	896-898	et	
1-159	899-909	horribilis	
1-160	910-918	aspectus	
1-161	919-920	:	
1-162	921-923	et	
1-163	924-929	totum	
1-164	930-936	corpus	
1-165	937-943	oculis	
1-166	944-950	plenum	
1-167	951-953	in	
1-168	954-962	circuitu	
1-169	963-970	ipsarum	
1-170	971-978	quatuor	
1-171	978-979	.	
1-172	980-982	19	
1-173	983-989	Cumque	
1-174	990-1000	ambularent	
1-175	1001-1009	animalia	
1-176	1009-1010	,	
1-177	1011-1021	ambulabant	
1-178	1022-1029	pariter	
1-179	1030-1032	et	
1-180	1033-1037	rotæ	
1-181	1038-1043	juxta	
1-182	1044-1046	ea	
1-183	1047-1048	:	
1-184	1049-1051	et	
1-185	1052-1055	cum	
1-186	1056-1067	elevarentur	
1-187	1068-1076	animalia	
1-188	1077-1079	de	
1-189	1080-1085	terra	
1-190	1085-1086	,	
1-191	1087-1098	elevabantur	
1-192	1099-1104	simul	
1-193	1105-1107	et	
1-194	1108-1112	rotæ	
1-195	1112-1113	.	
1-196	1114-1116	20	
1-197	1117-1126	Quocumque	
1-198	1127-1131	ibat	
1-199	1132-1140	spiritus	
1-200	1140-1141	,	
1-201	1142-1147	illuc	
1-202	1147-1148	,	
1-203	1149-1154	eunte	
1-204	1155-1162	spiritu	
1-205	1162-1163	,	
1-206	1164-1166	et	
1-207	1167-1171	rotæ	
1-208	1172-1179	pariter	
1-209	1180-1191	elevabantur	
1-210	1192-1201	sequentes	
1-211	1202-1205	eum	
1-212	1206-1207	:	
1-213	1208-1216	spiritus	
1-214	1217-1221	enim	
1-215	1222-1226	vitæ	
1-216	1227-1231	erat	
1-217	1232-1234	in	
1-218	1235-1240	rotis	
1-219	1240-1241	.	
1-220	1242-1244	21	
1-221	1245-1248	Cum	
1-222	1249-1257	euntibus	
1-223	1258-1263	ibant	
1-224	1263-1264	,	
1-225	1265-1267	et	
1-226	1268-1271	cum	
1-227	1272-1281	stantibus	
1-228	1282-1289	stabant	
1-229	1290-1291	:	
1-230	1292-1294	et	
1-231	1295-1298	cum	
1-232	1299-1307	elevatis	
1-233	1308-1309	a	
1-234	1310-1315	terra	
1-235	1315-1316	,	
1-236	1317-1324	pariter	
1-237	1325-1336	elevabantur	
1-238	1337-1339	et	
1-239	1340-1344	rotæ	
1-240	1345-1354	sequentes	
1-241	1355-1357	ea	
1-242	1357-1358	,	
1-243	1359-1363	quia	
1-244	1364-1372	spiritus	
1-245	1373-1377	vitæ	
1-246	1378-1382	erat	
1-247	1383-1385	in	
1-248	1386-1391	rotis	
1-249	1391-1392	.	
1-250	1393-1395	22	
1-251	1396-1398	Et	
1-252	1399-1409	similitudo	
1-253	1410-1415	super	
1-254	1416-1422	capita	
1-255	1423-1432	animalium	
1-256	1433-1443	firmamenti	
1-257	1443-1444	,	
1-258	1445-1450	quasi	
1-259	1451-1459	aspectus	
1-260	1460-1469	crystalli	
1-261	1470-1480	horribilis	
1-262	1480-1481	,	
1-263	1482-1484	et	
1-264	1485-1492	extenti	
1-265	1493-1498	super	
1-266	1499-1505	capita	
1-267	1506-1511	eorum	
1-268	1512-1519	desuper	
1-269	1519-1520	.	
1-270	1521-1523	23	
1-271	1524-1527	Sub	
1-272	1528-1538	firmamento	
1-273	1539-1544	autem	
1-274	1545-1550	pennæ	
1-275	1551-1556	eorum	
1-276	1557-1562	rectæ	
1-277	1563-1571	alterius	
1-278	1572-1574	ad	
1-279	1575-1582	alterum	
1-280	1583-1584	:	
1-281	1585-1596	unumquodque	
1-282	1597-1603	duabus	
1-283	1604-1608	alis	
1-284	1609-1616	velabat	
1-285	1617-1623	corpus	
1-286	1624-1628	suum	
1-287	1628-1629	,	
1-288	1630-1632	et	
1-289	1633-1640	alterum	
1-290	1641-1650	similiter	
1-291	1651-1660	velabatur	
1-292	1660-1661	.	
1-293	1662-1664	24	
1-294	1665-1667	Et	
1-295	1668-1676	audiebam	
1-296	1677-1682	sonum	
1-297	1683-1689	alarum	
1-298	1689-1690	,	
1-299	1691-1696	quasi	
1-300	1697-1702	sonum	
1-301	1703-1710	aquarum	
1-302	1711-1719	multarum	
1-303	1719-1720	,	
1-304	1721-1726	quasi	
1-305	1727-1732	sonum	
1-306	1733-1741	sublimis	
1-307	1742-1745	Dei	
1-308	1746-1747	:	
1-309	1748-1751	cum	
1-310	1752-1762	ambularent	
1-311	1762-1763	,	
1-312	1764-1769	quasi	
1-313	1770-1775	sonus	
1-314	1776-1780	erat	
1-315	1781-1793	multitudinis	
1-316	1794-1796	ut	
1-317	1797-1802	sonus	
1-318	1803-1812	castrorum	
1-319	1813-1814	:	
1-320	1815-1821	cumque	
1-321	1822-1829	starent	
1-322	1829-1830	,	
1-323	1831-1844	demittebantur	
1-324	1845-1850	pennæ	
1-325	1851-1856	eorum	
1-326	1856-1857	.	
1-327	1858-1860	25	
1-328	1861-1864	Nam	
1-329	1865-1868	cum	
1-330	1869-1875	fieret	
1-331	1876-1879	vox	
1-332	1880-1885	super	
1-333	1886-1897	firmamentum	
1-334	1898-1902	quod	
1-335	1903-1907	erat	
1-336	1908-1913	super	
1-337	1914-1919	caput	
1-338	1920-1925	eorum	
1-339	1925-1926	,	
1-340	1927-1934	stabant	
1-341	1934-1935	,	
1-342	1936-1938	et	
1-343	1939-1951	submittebant	
1-344	1952-1956	alas	
1-345	1957-1961	suas	
1-346	1961-1962	.	
1-347	1963-1965	26	
1-348	1966-1968	Et	
1-349	1969-1974	super	
1-350	1975-1986	firmamentum	
1-351	1987-1991	quod	
1-352	1992-1996	erat	
1-353	1997-2005	imminens	
1-354	2006-2012	capiti	
1-355	2013-2018	eorum	
1-356	2018-2019	,	
1-357	2020-2025	quasi	
1-358	2026-2034	aspectus	
1-359	2035-2042	lapidis	
1-360	2043-2051	sapphiri	
1-361	2052-2062	similitudo	
1-362	2063-2069	throni	
1-363	2070-2071	:	
1-364	2072-2074	et	
1-365	2075-2080	super	
1-366	2081-2094	similitudinem	
1-367	2095-2101	throni	
1-368	2102-2112	similitudo	
1-369	2113-2118	quasi	
1-370	2119-2127	aspectus	
1-371	2128-2135	hominis	
1-372	2136-2143	desuper	
1-373	2143-2144	.	
1-374	2145-2147	27	
1-375	2148-2150	Et	
1-376	2151-2155	vidi	
1-377	2156-2161	quasi	
1-378	2162-2169	speciem	
1-379	2170-2177	electri	
1-380	2177-2178	,	
1-381	2179-2184	velut	
1-382	2185-2193	aspectum	
1-383	2194-2199	ignis	
1-384	2199-2200	,	
1-385	2201-2212	intrinsecus	
1-386	2213-2217	ejus	
1-387	2218-2221	per	
1-388	2222-2231	circuitum	
1-389	2232-2233	:	
1-390	2234-2235	a	
1-391	2236-2242	lumbis	
1-392	2243-2247	ejus	
1-393	2248-2250	et	
1-394	2251-2258	desuper	
1-395	2258-2259	,	
1-396	2260-2262	et	
1-397	2263-2264	a	
1-398	2265-2271	lumbis	
1-399	2272-2276	ejus	
1-400	2277-2282	usque	
1-401	2283-2290	deorsum	
1-402	2290-2291	,	
1-403	2292-2296	vidi	
1-404	2297-2302	quasi	
1-405	2303-2310	speciem	
1-406	2311-2316	ignis	
1-407	2317-2328	splendentis	
1-408	2329-2331	in	
1-409	2332-2340	circuitu	
1-410	2340-2341	,	
1-411	2342-2344	28	
1-412	2345-2350	velut	
1-413	2351-2359	aspectum	
1-414	2360-2365	arcus	
1-415	2366-2369	cum	
1-416	2370-2376	fuerit	
1-417	2377-2379	in	
1-418	2380-2384	nube	
1-419	2385-2387	in	
1-420	2388-2391	die	
1-421	2392-2398	pluviæ	
1-422	2398-2399	.	

#Text=Hic erat aspectus splendoris per gyrum.
2-1	2400-2403	Hic	
2-2	2404-2408	erat	
2-3	2409-2417	aspectus	
2-4	2418-2428	splendoris	
2-5	2429-2432	per	
2-6	2433-2438	gyrum	
2-7	2438-2439	.	

#Text=Caput 2
#Text=
#Text=
#Text=1 Hæc visio similitudinis gloriæ Domini.
3-1	2440-2445	Caput	
3-2	2446-2447	2	
3-3	2450-2451	1	
3-4	2452-2455	Hæc	
3-5	2456-2461	visio	
3-6	2462-2475	similitudinis	
3-7	2476-2482	gloriæ	
3-8	2483-2489	Domini	
3-9	2489-2490	.	

#Text=Et vidi, et cecidi in faciem meam, et audivi vocem loquentis, et dixit ad me : Fili hominis, sta super pedes tuos, et loquar tecum.
4-1	2491-2493	Et	
4-2	2494-2498	vidi	
4-3	2498-2499	,	
4-4	2500-2502	et	
4-5	2503-2509	cecidi	
4-6	2510-2512	in	
4-7	2513-2519	faciem	
4-8	2520-2524	meam	
4-9	2524-2525	,	
4-10	2526-2528	et	
4-11	2529-2535	audivi	
4-12	2536-2541	vocem	
4-13	2542-2551	loquentis	
4-14	2551-2552	,	
4-15	2553-2555	et	
4-16	2556-2561	dixit	
4-17	2562-2564	ad	
4-18	2565-2567	me	
4-19	2568-2569	:	
4-20	2570-2574	Fili	
4-21	2575-2582	hominis	
4-22	2582-2583	,	
4-23	2584-2587	sta	
4-24	2588-2593	super	
4-25	2594-2599	pedes	
4-26	2600-2604	tuos	
4-27	2604-2605	,	
4-28	2606-2608	et	
4-29	2609-2615	loquar	
4-30	2616-2621	tecum	
4-31	2621-2622	.	
