#FORMAT=WebAnno TSV 3.3
#T_SP=custom.Span|label
#T_RL=custom.Relation|label|BT_custom.Span


#Text=De l'odeur, confidence, & force du sidre.
1-1	0-2	De	_	_	_	
1-2	3-10	l'odeur	Smell\_Word	*	1-9	
1-3	10-11	,	_	_	_	
1-4	12-22	confidence	_	_	_	
1-5	22-23	,	_	_	_	
1-6	24-25	&	_	_	_	
1-7	26-31	force	_	_	_	
1-8	32-34	du	_	_	_	
1-9	35-40	sidre	Smell\_Source	_	_	
1-10	40-41	.	_	_	_	

#Text=L'odeur du sidre.
2-1	43-50	L'odeur	Smell\_Word	*	2-3	
2-2	51-53	du	_	_	_	
2-3	54-59	sidre	Smell\_Source	_	_	
2-4	59-60	.	_	_	_	

#Text=LE Sidre qui est de suaue, plaisante & aggreable odeur, repare plus promptement les esprits dissipez , & resiouit mieux que celuy qui en est priué : mais aussi est-il plus incommode pour la teste, fi quelqu'vn est subiet à la pesanteur d'icelle, à douleurs, ou fluxions
#Text=& catharres : il est propre pour ceux qu'on veut promptement retirer de foibleflès et syncopes, renourrir & fortifier.
3-1	62-64	LE	_	_	_	
3-2	65-70	Sidre	Smell\_Source	*|Anaphoric	3-11|4-1	
3-3	71-74	qui	_	_	_	
3-4	75-78	est	_	_	_	
3-5	79-81	de	_	_	_	
3-6	82-87	suaue	Quality	_	_	
3-7	87-88	,	_	_	_	
3-8	89-98	plaisante	Quality	_	_	
3-9	99-100	&	_	_	_	
3-10	101-110	aggreable	Quality	_	_	
3-11	111-116	odeur	Smell\_Word	*|*|*	3-10|3-8|3-6	
3-12	116-117	,	_	_	_	
3-13	118-124	repare	_	_	_	
3-14	125-129	plus	_	_	_	
3-15	130-141	promptement	_	_	_	
3-16	142-145	les	_	_	_	
3-17	146-153	esprits	_	_	_	
3-18	154-162	dissipez	_	_	_	
3-19	163-164	,	_	_	_	
3-20	165-166	&	_	_	_	
3-21	167-175	resiouit	_	_	_	
3-22	176-181	mieux	_	_	_	
3-23	182-185	que	_	_	_	
3-24	186-191	celuy	_	_	_	
3-25	192-195	qui	_	_	_	
3-26	196-198	en	_	_	_	
3-27	199-202	est	_	_	_	
3-28	203-208	priué	_	_	_	
3-29	209-210	:	_	_	_	
3-30	211-215	mais	_	_	_	
3-31	216-221	aussi	_	_	_	
3-32	222-228	est-il	_	_	_	
3-33	229-233	plus	_	_	_	
3-34	234-243	incommode	_	_	_	
3-35	244-248	pour	_	_	_	
3-36	249-251	la	_	_	_	
3-37	252-257	teste	_	_	_	
3-38	257-258	,	_	_	_	
3-39	259-261	fi	_	_	_	
3-40	262-271	quelqu'vn	_	_	_	
3-41	272-275	est	_	_	_	
3-42	276-282	subiet	_	_	_	
3-43	283-284	à	_	_	_	
3-44	285-287	la	_	_	_	
3-45	288-297	pesanteur	_	_	_	
3-46	298-306	d'icelle	_	_	_	
3-47	306-307	,	_	_	_	
3-48	308-309	à	_	_	_	
3-49	310-318	douleurs	_	_	_	
3-50	318-319	,	_	_	_	
3-51	320-322	ou	_	_	_	
3-52	323-331	fluxions	_	_	_	
3-53	332-333	&	_	_	_	
3-54	334-343	catharres	_	_	_	
3-55	344-345	:	_	_	_	
3-56	346-348	il	_	_	_	
3-57	349-352	est	_	_	_	
3-58	353-359	propre	_	_	_	
3-59	360-364	pour	_	_	_	
3-60	365-369	ceux	_	_	_	
3-61	370-375	qu'on	_	_	_	
3-62	376-380	veut	_	_	_	
3-63	381-392	promptement	_	_	_	
3-64	393-400	retirer	_	_	_	
3-65	401-403	de	_	_	_	
3-66	404-414	foibleflès	_	_	_	
3-67	415-417	et	_	_	_	
3-68	418-426	syncopes	_	_	_	
3-69	426-427	,	_	_	_	
3-70	428-437	renourrir	_	_	_	
3-71	438-439	&	_	_	_	
3-72	440-449	fortifier	_	_	_	
3-73	449-450	.	_	_	_	

#Text=Celuy qui est foetide, ou d'autre graue & mauuaise odeur, est plus dommageable que celuy qui a seulement mauuais goust, dont nous auons parlé cy-dessus, d'autant que par fa vapeur il communique son vice plus promptement, au coeur & aux autres parties nobles.
4-1	452-457	Celuy	Smell\_Source	_	_	
4-2	458-461	qui	_	_	_	
4-3	462-465	est	_	_	_	
4-4	466-473	foetide	Quality	_	_	
4-5	473-474	,	_	_	_	
4-6	475-477	ou	_	_	_	
4-7	478-485	d'autre	_	_	_	
4-8	486-491	graue	Quality	_	_	
4-9	492-493	&	_	_	_	
4-10	494-502	mauuaise	Quality	_	_	
4-11	503-508	odeur	Smell\_Word	*|*|*|*	4-10|4-8|4-1|4-4	
4-12	508-509	,	_	_	_	
4-13	510-513	est	_	_	_	
4-14	514-518	plus	_	_	_	
4-15	519-530	dommageable	_	_	_	
4-16	531-534	que	_	_	_	
4-17	535-540	celuy	_	_	_	
4-18	541-544	qui	_	_	_	
4-19	545-546	a	_	_	_	
4-20	547-556	seulement	_	_	_	
4-21	557-564	mauuais	_	_	_	
4-22	565-570	goust	_	_	_	
4-23	570-571	,	_	_	_	
4-24	572-576	dont	_	_	_	
4-25	577-581	nous	_	_	_	
4-26	582-587	auons	_	_	_	
4-27	588-593	parlé	_	_	_	
4-28	594-603	cy-dessus	_	_	_	
4-29	603-604	,	_	_	_	
4-30	605-613	d'autant	_	_	_	
4-31	614-617	que	_	_	_	
4-32	618-621	par	_	_	_	
4-33	622-624	fa	_	_	_	
4-34	625-631	vapeur	_	_	_	
4-35	632-634	il	_	_	_	
4-36	635-645	communique	_	_	_	
4-37	646-649	son	_	_	_	
4-38	650-654	vice	_	_	_	
4-39	655-659	plus	_	_	_	
4-40	660-671	promptement	_	_	_	
4-41	671-672	,	_	_	_	
4-42	673-675	au	_	_	_	
4-43	676-681	coeur	_	_	_	
4-44	682-683	&	_	_	_	
4-45	684-687	aux	_	_	_	
4-46	688-694	autres	_	_	_	
4-47	695-702	parties	_	_	_	
4-48	703-709	nobles	_	_	_	
4-49	709-710	.	_	_	_	
