#FORMAT=WebAnno TSV 3.3


#Text=18. v. 16.
1-1	2-4	18	
1-2	4-5	.	
1-3	6-7	v	
1-4	7-8	.	
1-5	9-11	16	
1-6	11-12	.	

#Text=Das iſt das Blaſen des HErꝛn/
#Text=
#Text=dadurch die Fluten ſtunden/ und die Tieffen aufwalle-
#Text=ten Exod.
#Text=15. v. 8.
2-1	13-16	Das	
2-2	17-20	iſt	
2-3	21-24	das	
2-4	25-31	Blaſen	
2-5	32-35	des	
2-6	36-41	HErꝛn	
2-7	41-42	/	
2-8	44-51	dadurch	
2-9	52-55	die	
2-10	56-62	Fluten	
2-11	63-70	ſtunden	
2-12	70-71	/	
2-13	72-75	und	
2-14	76-79	die	
2-15	80-87	Tieffen	
2-16	88-96	aufwalle	
2-17	96-97	-	
2-18	98-101	ten	
2-19	102-106	Exod	
2-20	106-107	.	
2-21	108-110	15	
2-22	110-111	.	
2-23	112-113	v	
2-24	113-114	.	
2-25	115-116	8	
2-26	116-117	.	

#Text=Nemlich die Kraft und der Schluß
#Text=
#Text=des hoͤchſten Gottes/
#Text=dadurch die hoͤlliſche Schwefel-
#Text=fluten zu ſpitzigen Broddelbuͤlgen/ und unaußſprechli-
#Text=cher Pein derer/ ſo darin verſenket werden/ aufgeblaſen
#Text=und angefeuret wird in alle Ewigkeit.
3-1	118-125	Nemlich	
3-2	126-129	die	
3-3	130-135	Kraft	
3-4	136-139	und	
3-5	140-143	der	
3-6	144-150	Schluß	
3-7	152-155	des	
3-8	156-165	hoͤchſten	
3-9	166-172	Gottes	
3-10	172-173	/	
3-11	174-181	dadurch	
3-12	182-185	die	
3-13	186-196	hoͤlliſche	
3-14	197-205	Schwefel	
3-15	205-206	-	
3-16	207-213	fluten	
3-17	214-216	zu	
3-18	217-226	ſpitzigen	
3-19	227-241	Broddelbuͤlgen	
3-20	241-242	/	
3-21	243-246	und	
3-22	247-260	unaußſprechli	
3-23	260-261	-	
3-24	262-266	cher	
3-25	267-271	Pein	
3-26	272-277	derer	
3-27	277-278	/	
3-28	279-281	ſo	
3-29	282-287	darin	
3-30	288-297	verſenket	
3-31	298-304	werden	
3-32	304-305	/	
3-33	306-317	aufgeblaſen	
3-34	318-321	und	
3-35	322-332	angefeuret	
3-36	333-337	wird	
3-37	338-340	in	
3-38	341-345	alle	
3-39	346-354	Ewigkeit	
3-40	354-355	.	

#Text=Menſch/ bedenk den Proddel-Schwefel/
#Text=
#Text=Drin
#Text=dein Muhtwill und dein Frevel
#Text=
#Text=Abgekuͤhlt wird ewiglich!
4-1	358-364	Menſch	
4-2	364-365	/	
4-3	366-372	bedenk	
4-4	373-376	den	
4-5	377-393	Proddel-Schwefel	
4-6	393-394	/	
4-7	396-400	Drin	
4-8	401-405	dein	
4-9	406-414	Muhtwill	
4-10	415-418	und	
4-11	419-423	dein	
4-12	424-430	Frevel	
4-13	432-442	Abgekuͤhlt	
4-14	443-447	wird	
4-15	448-456	ewiglich	
4-16	456-457	!	

#Text=Das durchdringend Feurigs-Weh/
#Text=
#Text=Jn dem Pfuel’ und Schwefel-See/
#Text=
#Text=Denk
#Text=/ bedenk!
5-1	459-462	Das	
5-2	463-476	durchdringend	
5-3	477-488	Feurigs-Weh	
5-4	488-489	/	
5-5	491-493	Jn	
5-6	494-497	dem	
5-7	498-503	Pfuel	
5-8	503-504	’	
5-9	505-508	und	
5-10	509-521	Schwefel-See	
5-11	521-522	/	
5-12	524-528	Denk	
5-13	529-530	/	
5-14	531-537	bedenk	
5-15	537-538	!	

#Text=und endre dich!
6-1	539-542	und	
6-2	543-548	endre	
6-3	549-553	dich	
6-4	553-554	!	

#Text=Land nur Pech)
#Text=Die allerſchreklichſte Geſtalt
#Text=und verderblichſten Zuſtand eines Landes/ zugleich auch
#Text=
#Text=die
#Text=
#Text=\f
#Text=[45/0113]
#Text=
#Text=der Hoͤlle und Hoͤlliſchen Zuſtandes.
7-1	557-561	Land	
7-2	562-565	nur	
7-3	566-570	Pech	
7-4	570-571	)	
7-5	572-575	Die	
7-6	576-594	allerſchreklichſte	
7-7	595-602	Geſtalt	
7-8	603-606	und	
7-9	607-622	verderblichſten	
7-10	623-630	Zuſtand	
7-11	631-636	eines	
7-12	637-643	Landes	
7-13	643-644	/	
7-14	645-653	zugleich	
7-15	654-658	auch	
7-16	660-663	die	
7-17	667-668	[	
7-18	668-670	45	
7-19	670-671	/	
7-20	671-675	0113	
7-21	675-676	]	
7-22	678-681	der	
7-23	682-688	Hoͤlle	
7-24	689-692	und	
7-25	693-704	Hoͤlliſchen	
7-26	705-714	Zuſtandes	
7-27	714-715	.	

#Text=die Bewandniß des hoͤlliſchen Bodems/ deutet der Pro-
#Text=phet Eſaias alſo an cap.
#Text=34. v. 9.
8-1	719-722	die	
8-2	723-732	Bewandniß	
8-3	733-736	des	
8-4	737-748	hoͤlliſchen	
8-5	749-755	Bodems	
8-6	755-756	/	
8-7	757-763	deutet	
8-8	764-767	der	
8-9	768-771	Pro	
8-10	771-772	-	
8-11	773-777	phet	
8-12	778-784	Eſaias	
8-13	785-789	alſo	
8-14	790-792	an	
8-15	793-796	cap	
8-16	796-797	.	
8-17	798-800	34	
8-18	800-801	.	
8-19	802-803	v	
8-20	803-804	.	
8-21	805-806	9	
8-22	806-807	.	

#Text=Da werden ihre Baͤ-
9-1	808-810	Da	
9-2	811-817	werden	
9-3	818-822	ihre	
9-4	823-826	Baͤ	
9-5	826-827	-	
