#FORMAT=WebAnno TSV 3.3
#T_SP=custom.Span|label
#T_RL=custom.Relation|label|BT_custom.Span


#Text=Während für die Farben zum Bemalen vorwiegend mineraliſche —
#Text=anorganiſche — Materialien in Betracht kommen, ziehen wir die Farben
#Text=zum Färben vorwiegend — man kann faſt ſagen ausſchließlich — aus
#Text=der Tier- und Pflanzen-, alſo der organiſchen Welt.
1-1	5-12	Während	_	_	_	
1-2	13-16	für	_	_	_	
1-3	17-20	die	_	_	_	
1-4	21-27	Farben	_	_	_	
1-5	28-31	zum	_	_	_	
1-6	32-39	Bemalen	_	_	_	
1-7	40-50	vorwiegend	_	_	_	
1-8	51-63	mineraliſche	_	_	_	
1-9	64-65	—	_	_	_	
1-10	66-78	anorganiſche	_	_	_	
1-11	79-80	—	_	_	_	
1-12	81-92	Materialien	_	_	_	
1-13	93-95	in	_	_	_	
1-14	96-104	Betracht	_	_	_	
1-15	105-111	kommen	_	_	_	
1-16	111-112	,	_	_	_	
1-17	113-119	ziehen	_	_	_	
1-18	120-123	wir	_	_	_	
1-19	124-127	die	_	_	_	
1-20	128-134	Farben	_	_	_	
1-21	135-138	zum	_	_	_	
1-22	139-145	Färben	_	_	_	
1-23	146-156	vorwiegend	_	_	_	
1-24	157-158	—	_	_	_	
1-25	159-162	man	_	_	_	
1-26	163-167	kann	_	_	_	
1-27	168-172	faſt	_	_	_	
1-28	173-178	ſagen	_	_	_	
1-29	179-193	ausſchließlich	_	_	_	
1-30	194-195	—	_	_	_	
1-31	196-199	aus	_	_	_	
1-32	200-203	der	_	_	_	
1-33	204-208	Tier	_	_	_	
1-34	208-209	-	_	_	_	
1-35	210-213	und	_	_	_	
1-36	214-222	Pflanzen	_	_	_	
1-37	222-223	-	_	_	_	
1-38	223-224	,	_	_	_	
1-39	225-229	alſo	_	_	_	
1-40	230-233	der	_	_	_	
1-41	234-245	organiſchen	_	_	_	
1-42	246-250	Welt	_	_	_	
1-43	250-251	.	_	_	_	

#Text=Die Tierwelt iſt
#Text=freilich bei dieſer Lieferung nur ſehr ſchwach beteiligt.
2-1	252-255	Die	_	_	_	
2-2	256-264	Tierwelt	_	_	_	
2-3	265-268	iſt	_	_	_	
2-4	269-277	freilich	_	_	_	
2-5	278-281	bei	_	_	_	
2-6	282-288	dieſer	_	_	_	
2-7	289-298	Lieferung	_	_	_	
2-8	299-302	nur	_	_	_	
2-9	303-307	ſehr	_	_	_	
2-10	308-315	ſchwach	_	_	_	
2-11	316-325	beteiligt	_	_	_	
2-12	325-326	.	_	_	_	

#Text=Wir haben nur
#Text=zwei Vertreter zu nennen, die im Altertume hochberühmte Purpurſchnecke
#Text=und die ſeit der Entdeckung Amerikas uns bekannt gewordene Cochenille-
#Text=Schildlaus mit ihrer bei uns heimiſchen Verwandten, der Kermes-
#Text=Schildlaus.
#Text=
#Text=
#Text=
#Text=1.
3-1	327-330	Wir	_	_	_	
3-2	331-336	haben	_	_	_	
3-3	337-340	nur	_	_	_	
3-4	341-345	zwei	_	_	_	
3-5	346-355	Vertreter	_	_	_	
3-6	356-358	zu	_	_	_	
3-7	359-365	nennen	_	_	_	
3-8	365-366	,	_	_	_	
3-9	367-370	die	_	_	_	
3-10	371-373	im	_	_	_	
3-11	374-383	Altertume	_	_	_	
3-12	384-396	hochberühmte	_	_	_	
3-13	397-411	Purpurſchnecke	_	_	_	
3-14	412-415	und	_	_	_	
3-15	416-419	die	_	_	_	
3-16	420-424	ſeit	_	_	_	
3-17	425-428	der	_	_	_	
3-18	429-439	Entdeckung	_	_	_	
3-19	440-448	Amerikas	_	_	_	
3-20	449-452	uns	_	_	_	
3-21	453-460	bekannt	_	_	_	
3-22	461-470	gewordene	_	_	_	
3-23	471-481	Cochenille	_	_	_	
3-24	481-482	-	_	_	_	
3-25	483-493	Schildlaus	_	_	_	
3-26	494-497	mit	_	_	_	
3-27	498-503	ihrer	_	_	_	
3-28	504-507	bei	_	_	_	
3-29	508-511	uns	_	_	_	
3-30	512-522	heimiſchen	_	_	_	
3-31	523-533	Verwandten	_	_	_	
3-32	533-534	,	_	_	_	
3-33	535-538	der	_	_	_	
3-34	539-545	Kermes	_	_	_	
3-35	545-546	-	_	_	_	
3-36	547-557	Schildlaus	_	_	_	
3-37	557-558	.	_	_	_	
3-38	562-563	1	_	_	_	
3-39	563-564	.	_	_	_	

#Text=Die tieriſchen Farbſtoffe.
4-1	565-568	Die	_	_	_	
4-2	569-579	tieriſchen	_	_	_	
4-3	580-590	Farbſtoffe	_	_	_	
4-4	590-591	.	_	_	_	

#Text=Der Purpur war die bei weitem hervorragendſte zur Färberei
#Text=
#Text=gebrauchte Farbe des Altertums.
5-1	593-596	Der	_	_	_	
5-2	597-603	Purpur	_	_	_	
5-3	604-607	war	_	_	_	
5-4	608-611	die	_	_	_	
5-5	612-615	bei	_	_	_	
5-6	616-622	weitem	_	_	_	
5-7	623-638	hervorragendſte	_	_	_	
5-8	639-642	zur	_	_	_	
5-9	643-651	Färberei	_	_	_	
5-10	653-663	gebrauchte	_	_	_	
5-11	664-669	Farbe	_	_	_	
5-12	670-673	des	_	_	_	
5-13	674-683	Altertums	_	_	_	
5-14	683-684	.	_	_	_	

#Text=Er wurde aus verſchiedenen Schnecken-
#Text=arten gewonnen, die den Gattungen Purpura, Murex und Buccinium
#Text=angehören.
6-1	685-687	Er	_	_	_	
6-2	688-693	wurde	_	_	_	
6-3	694-697	aus	_	_	_	
6-4	698-711	verſchiedenen	_	_	_	
6-5	712-721	Schnecken	_	_	_	
6-6	721-722	-	_	_	_	
6-7	723-728	arten	_	_	_	
6-8	729-737	gewonnen	_	_	_	
6-9	737-738	,	_	_	_	
6-10	739-742	die	_	_	_	
6-11	743-746	den	_	_	_	
6-12	747-756	Gattungen	_	_	_	
6-13	757-764	Purpura	_	_	_	
6-14	764-765	,	_	_	_	
6-15	766-771	Murex	_	_	_	
6-16	772-775	und	_	_	_	
6-17	776-785	Buccinium	_	_	_	
6-18	786-795	angehören	_	_	_	
6-19	795-796	.	_	_	_	

#Text=Dieſe Tiere ſondern in ihren Zellen ein farbloſes oder
#Text=ſchwach gelbliches Ausſcheidungsprodukt ab, welches unter der Ein-
#Text=wirkung von Licht und Luft in Fäulnis übergeht, und dabei unter
#Text=Entwickelung eines ſtarken Knoblauchgeruches nach und nach gelb, grün,
#Text=blau, violett und ſchließlich rot wird.
7-1	797-802	Dieſe	_	_	_	
7-2	803-808	Tiere	_	_	_	
7-3	809-816	ſondern	_	_	_	
7-4	817-819	in	_	_	_	
7-5	820-825	ihren	_	_	_	
7-6	826-832	Zellen	_	_	_	
7-7	833-836	ein	_	_	_	
7-8	837-846	farbloſes	_	_	_	
7-9	847-851	oder	_	_	_	
7-10	852-859	ſchwach	_	_	_	
7-11	860-870	gelbliches	_	_	_	
7-12	871-891	Ausſcheidungsprodukt	Smell\_Source	*	7-15	
7-13	892-894	ab	_	_	_	
7-14	894-895	,	_	_	_	
7-15	896-903	welches	Smell\_Source	_	_	
7-16	904-909	unter	_	_	_	
7-17	910-913	der	_	_	_	
7-18	914-917	Ein	_	_	_	
7-19	917-918	-	_	_	_	
7-20	919-926	wirkung	_	_	_	
7-21	927-930	von	_	_	_	
7-22	931-936	Licht	_	_	_	
7-23	937-940	und	_	_	_	
7-24	941-945	Luft	_	_	_	
7-25	946-948	in	_	_	_	
7-26	949-956	Fäulnis	_	_	_	
7-27	957-965	übergeht	_	_	_	
7-28	965-966	,	_	_	_	
7-29	967-970	und	_	_	_	
7-30	971-976	dabei	_	_	_	
7-31	977-982	unter	_	_	_	
7-32	983-995	Entwickelung	_	_	_	
7-33	996-1001	eines	_	_	_	
7-34	1002-1009	ſtarken	Quality	_	_	
7-35	1010-1027	Knoblauchgeruches	Smell\_Word[1]|Quality[2]	_	_	
7-36	1028-1032	nach	_	_	_	
7-37	1033-1036	und	_	_	_	
7-38	1037-1041	nach	_	_	_	
7-39	1042-1046	gelb	_	_	_	
7-40	1046-1047	,	_	_	_	
7-41	1048-1052	grün	_	_	_	
7-42	1052-1053	,	_	_	_	
7-43	1054-1058	blau	_	_	_	
7-44	1058-1059	,	_	_	_	
7-45	1060-1067	violett	_	_	_	
7-46	1068-1071	und	_	_	_	
7-47	1072-1083	ſchließlich	_	_	_	
7-48	1084-1087	rot	_	_	_	
7-49	1088-1092	wird	_	_	_	
7-50	1092-1093	.	_	_	_	

#Text=Die wichtigſte Eigenſchaft des
#Text=ſo entſtandenen Farbſtoffes iſt, daß er ſehr echt iſt, ohne weitere Be-
#Text=feſtigungsmittel (Beizen) die Faſer färbt und durch Waſchen mit Seife
#Text=
#Text=und ähnlichen alkaliſchen Reinigungsmitteln ſogar an Glanz und Schön-
#Text=
#Text=heit gewinnt.
8-1	1094-1097	Die	_	_	_	
8-2	1098-1108	wichtigſte	_	_	_	
8-3	1109-1120	Eigenſchaft	_	_	_	
8-4	1121-1124	des	_	_	_	
8-5	1125-1127	ſo	_	_	_	
8-6	1128-1140	entſtandenen	_	_	_	
8-7	1141-1152	Farbſtoffes	_	_	_	
8-8	1153-1156	iſt	_	_	_	
8-9	1156-1157	,	_	_	_	
8-10	1158-1161	daß	_	_	_	
8-11	1162-1164	er	_	_	_	
8-12	1165-1169	ſehr	_	_	_	
8-13	1170-1174	echt	_	_	_	
8-14	1175-1178	iſt	_	_	_	
8-15	1178-1179	,	_	_	_	
8-16	1180-1184	ohne	_	_	_	
8-17	1185-1192	weitere	_	_	_	
8-18	1193-1195	Be	_	_	_	
8-19	1195-1196	-	_	_	_	
8-20	1197-1213	feſtigungsmittel	_	_	_	
8-21	1214-1215	(	_	_	_	
8-22	1215-1221	Beizen	_	_	_	
8-23	1221-1222	)	_	_	_	
8-24	1223-1226	die	_	_	_	
8-25	1227-1232	Faſer	_	_	_	
8-26	1233-1238	färbt	_	_	_	
8-27	1239-1242	und	_	_	_	
8-28	1243-1248	durch	_	_	_	
8-29	1249-1256	Waſchen	_	_	_	
8-30	1257-1260	mit	_	_	_	
8-31	1261-1266	Seife	_	_	_	
8-32	1268-1271	und	_	_	_	
8-33	1272-1281	ähnlichen	_	_	_	
8-34	1282-1293	alkaliſchen	_	_	_	
8-35	1294-1311	Reinigungsmitteln	_	_	_	
8-36	1312-1317	ſogar	_	_	_	
8-37	1318-1320	an	_	_	_	
8-38	1321-1326	Glanz	_	_	_	
8-39	1327-1330	und	_	_	_	
8-40	1331-1336	Schön	_	_	_	
8-41	1336-1337	-	_	_	_	
8-42	1339-1343	heit	_	_	_	
8-43	1344-1351	gewinnt	_	_	_	
8-44	1351-1352	.	_	_	_	

#Text=Übrigens war die Farbe kein reines Rot, ſondern
#Text=ſtets mit Blau gemiſcht, und näherte ſich deshalb mehr unſerem
#Text=Violett.
9-1	1353-1361	Übrigens	_	_	_	
9-2	1362-1365	war	_	_	_	
9-3	1366-1369	die	_	_	_	
9-4	1370-1375	Farbe	_	_	_	
9-5	1376-1380	kein	_	_	_	
9-6	1381-1387	reines	_	_	_	
9-7	1388-1391	Rot	_	_	_	
9-8	1391-1392	,	_	_	_	
9-9	1393-1400	ſondern	_	_	_	
9-10	1401-1406	ſtets	_	_	_	
9-11	1407-1410	mit	_	_	_	
9-12	1411-1415	Blau	_	_	_	
9-13	1416-1424	gemiſcht	_	_	_	
9-14	1424-1425	,	_	_	_	
9-15	1426-1429	und	_	_	_	
9-16	1430-1437	näherte	_	_	_	
9-17	1438-1442	ſich	_	_	_	
9-18	1443-1450	deshalb	_	_	_	
9-19	1451-1455	mehr	_	_	_	
9-20	1456-1463	unſerem	_	_	_	
9-21	1464-1471	Violett	_	_	_	
9-22	1471-1472	.	_	_	_	

#Text=Der Farbenton und die ſonſtigen Eigenſchaften des Purpurs
#Text=
#Text=ſchwankten je nach dem Urſprungsort, der im Orient gewonnene war
#Text=ſchöner als der in Italien hergeſtellte;
#Text=unter den orientaliſchen Sorten
#Text=
#Text=hatte wieder der tyriſche, aus der phönikiſchen Stadt Tyrus, den
#Text=größten Ruf.
10-1	1473-1476	Der	_	_	_	
10-2	1477-1486	Farbenton	_	_	_	
10-3	1487-1490	und	_	_	_	
10-4	1491-1494	die	_	_	_	
10-5	1495-1504	ſonſtigen	_	_	_	
10-6	1505-1518	Eigenſchaften	_	_	_	
10-7	1519-1522	des	_	_	_	
10-8	1523-1530	Purpurs	_	_	_	
10-9	1532-1542	ſchwankten	_	_	_	
10-10	1543-1545	je	_	_	_	
10-11	1546-1550	nach	_	_	_	
10-12	1551-1554	dem	_	_	_	
10-13	1555-1567	Urſprungsort	_	_	_	
10-14	1567-1568	,	_	_	_	
10-15	1569-1572	der	_	_	_	
10-16	1573-1575	im	_	_	_	
10-17	1576-1582	Orient	_	_	_	
10-18	1583-1592	gewonnene	_	_	_	
10-19	1593-1596	war	_	_	_	
10-20	1597-1604	ſchöner	_	_	_	
10-21	1605-1608	als	_	_	_	
10-22	1609-1612	der	_	_	_	
10-23	1613-1615	in	_	_	_	
10-24	1616-1623	Italien	_	_	_	
10-25	1624-1636	hergeſtellte	_	_	_	
10-26	1636-1637	;	_	_	_	
10-27	1638-1643	unter	_	_	_	
10-28	1644-1647	den	_	_	_	
10-29	1648-1662	orientaliſchen	_	_	_	
10-30	1663-1669	Sorten	_	_	_	
10-31	1671-1676	hatte	_	_	_	
10-32	1677-1683	wieder	_	_	_	
10-33	1684-1687	der	_	_	_	
10-34	1688-1696	tyriſche	_	_	_	
10-35	1696-1697	,	_	_	_	
10-36	1698-1701	aus	_	_	_	
10-37	1702-1705	der	_	_	_	
10-38	1706-1718	phönikiſchen	_	_	_	
10-39	1719-1724	Stadt	_	_	_	
10-40	1725-1730	Tyrus	_	_	_	
10-41	1730-1731	,	_	_	_	
10-42	1732-1735	den	_	_	_	
10-43	1736-1743	größten	_	_	_	
10-44	1744-1747	Ruf	_	_	_	
10-45	1747-1748	.	_	_	_	

#Text=Als eine Luxusfarbe war der Purpur ſtets nur den be-
#Text=vorzugten Bevölkerungsklaſſen zugänglich und erlaubt.
11-1	1749-1752	Als	_	_	_	
11-2	1753-1757	eine	_	_	_	
11-3	1758-1768	Luxusfarbe	_	_	_	
11-4	1769-1772	war	_	_	_	
11-5	1773-1776	der	_	_	_	
11-6	1777-1783	Purpur	_	_	_	
11-7	1784-1789	ſtets	_	_	_	
11-8	1790-1793	nur	_	_	_	
11-9	1794-1797	den	_	_	_	
11-10	1798-1800	be	_	_	_	
11-11	1800-1801	-	_	_	_	
11-12	1802-1811	vorzugten	_	_	_	
11-13	1812-1831	Bevölkerungsklaſſen	_	_	_	
11-14	1832-1842	zugänglich	_	_	_	
11-15	1843-1846	und	_	_	_	
11-16	1847-1854	erlaubt	_	_	_	
11-17	1854-1855	.	_	_	_	
