{"_context" : {
    "_types" : {
      "DocumentMetaData" : {
        "_feature_types" : {"sofa" : "_ref" } }, 
      "Relation" : {
        "_feature_types" : {"sofa" : "_ref",  "Dependent" : "_ref",  "Governor" : "_ref" } }, 
      "Sentence" : {
        "_feature_types" : {"sofa" : "_ref" } }, 
      "Sofa" : {
        "_feature_types" : {"sofaArray" : "_ref" } }, 
      "Span" : {
        "_feature_types" : {"sofa" : "_ref" } }, 
      "TagsetDescription" : {
        "_feature_types" : {"sofa" : "_ref",  "tags" : "_ref" } }, 
      "Token" : {
        "_feature_types" : {"sofa" : "_ref",  "parent" : "_ref",  "lemma" : "_ref",  "stem" : "_ref",  "pos" : "_ref",  "morph" : "_ref",  "form" : "_ref" } }, 
      "DocumentAnnotation" : {
        "_feature_types" : {"sofa" : "_ref" }, 
        "_subtypes" : ["DocumentMetaData" ] }, 
      "Annotation" : {
        "_feature_types" : {"sofa" : "_ref" }, 
        "_subtypes" : ["DocumentAnnotation",  "Relation",  "Sentence",  "Span",  "TagsetDescription",  "Token" ] }, 
      "AnnotationBase" : {
        "_feature_types" : {"sofa" : "_ref" }, 
        "_subtypes" : ["Annotation" ] }, 
      "TOP" : {
        "_subtypes" : ["AnnotationBase",  "Sofa" ] } } }, 
  "_views" : {
    "_InitialView" : {
      "Relation" : [
        {"sofa" : 1,  "begin" : 682,  "end" : 689,  "Dependent" : 5190,  "Governor" : 5195 }, 
        {"sofa" : 1,  "begin" : 682,  "end" : 689,  "Dependent" : 5190,  "Governor" : 5207 }, 
        {"sofa" : 1,  "begin" : 728,  "end" : 737,  "Dependent" : 5219,  "Governor" : 5224 } ], 
      "Span" : [5190,  5195,  5207,  5224,  5219 ], 
      "DocumentMetaData" : [
        {"sofa" : 1,  "end" : 1848,  "language" : "x-unspecified",  "documentTitle" : "038E%20Percy%20Bysshe%20Shelley%201800s%20The%20Complete%20Poetical%20Works%20of%20Percy%20Bysshe%20Shelley%20volume%201__166_LIT.txt",  "documentId" : "satonelli",  "documentUri" : "file:/home/dhuser/alessio/inception/repository/project/29/document/8683/source/satonelli",  "collectionId" : "file:/home/dhuser/alessio/inception/repository/project/29/document/8683/source/",  "documentBaseUri" : "file:/home/dhuser/alessio/inception/repository/project/29/document/8683/source/",  "isLastSegment" : false } ], 
      "TagsetDescription" : [
        {"sofa" : 1,  "layer" : "webanno.custom.Emotions",  "name" : "Emotion Labels",  "input" : false }, 
        {"sofa" : 1,  "layer" : "custom.Relation",  "name" : "Relation labels",  "input" : false }, 
        {"sofa" : 1,  "layer" : "custom.Span",  "name" : "Smell labels",  "input" : false } ], 
      "Sentence" : [
        {"sofa" : 1,  "end" : 189 }, 
        {"sofa" : 1,  "begin" : 192,  "end" : 616 }, 
        {"sofa" : 1,  "begin" : 618,  "end" : 980 }, 
        {"sofa" : 1,  "begin" : 980,  "end" : 1040 }, 
        {"sofa" : 1,  "begin" : 1042,  "end" : 1080 }, 
        {"sofa" : 1,  "begin" : 1081,  "end" : 1243 }, 
        {"sofa" : 1,  "begin" : 1244,  "end" : 1265 }, 
        {"sofa" : 1,  "begin" : 1266,  "end" : 1288 }, 
        {"sofa" : 1,  "begin" : 1289,  "end" : 1352 }, 
        {"sofa" : 1,  "begin" : 1353,  "end" : 1360 }, 
        {"sofa" : 1,  "begin" : 1361,  "end" : 1440 }, 
        {"sofa" : 1,  "begin" : 1442,  "end" : 1446 }, 
        {"sofa" : 1,  "begin" : 1447,  "end" : 1451 }, 
        {"sofa" : 1,  "begin" : 1452,  "end" : 1475 }, 
        {"sofa" : 1,  "begin" : 1475,  "end" : 1848 } ], 
      "Token" : [
        {"sofa" : 1,  "end" : 4 }, 
        {"sofa" : 1,  "begin" : 5,  "end" : 11 }, 
        {"sofa" : 1,  "begin" : 12,  "end" : 15 }, 
        {"sofa" : 1,  "begin" : 15,  "end" : 16 }, 
        {"sofa" : 1,  "begin" : 17,  "end" : 22 }, 
        {"sofa" : 1,  "begin" : 23,  "end" : 27 }, 
        {"sofa" : 1,  "begin" : 28,  "end" : 31 }, 
        {"sofa" : 1,  "begin" : 32,  "end" : 42 }, 
        {"sofa" : 1,  "begin" : 43,  "end" : 50 }, 
        {"sofa" : 1,  "begin" : 51,  "end" : 55 }, 
        {"sofa" : 1,  "begin" : 56,  "end" : 59 }, 
        {"sofa" : 1,  "begin" : 60,  "end" : 63 }, 
        {"sofa" : 1,  "begin" : 64,  "end" : 69 }, 
        {"sofa" : 1,  "begin" : 70,  "end" : 76 }, 
        {"sofa" : 1,  "begin" : 76,  "end" : 77 }, 
        {"sofa" : 1,  "begin" : 78,  "end" : 81 }, 
        {"sofa" : 1,  "begin" : 82,  "end" : 86 }, 
        {"sofa" : 1,  "begin" : 87,  "end" : 92 }, 
        {"sofa" : 1,  "begin" : 93,  "end" : 97 }, 
        {"sofa" : 1,  "begin" : 98,  "end" : 101 }, 
        {"sofa" : 1,  "begin" : 102,  "end" : 105 }, 
        {"sofa" : 1,  "begin" : 106,  "end" : 110 }, 
        {"sofa" : 1,  "begin" : 111,  "end" : 112 }, 
        {"sofa" : 1,  "begin" : 113,  "end" : 118 }, 
        {"sofa" : 1,  "begin" : 119,  "end" : 121 }, 
        {"sofa" : 1,  "begin" : 122,  "end" : 126 }, 
        {"sofa" : 1,  "begin" : 127,  "end" : 136 }, 
        {"sofa" : 1,  "begin" : 136,  "end" : 137 }, 
        {"sofa" : 1,  "begin" : 138,  "end" : 141 }, 
        {"sofa" : 1,  "begin" : 142,  "end" : 145 }, 
        {"sofa" : 1,  "begin" : 146,  "end" : 149 }, 
        {"sofa" : 1,  "begin" : 150,  "end" : 157 }, 
        {"sofa" : 1,  "begin" : 158,  "end" : 162 }, 
        {"sofa" : 1,  "begin" : 163,  "end" : 167 }, 
        {"sofa" : 1,  "begin" : 168,  "end" : 170 }, 
        {"sofa" : 1,  "begin" : 171,  "end" : 177 }, 
        {"sofa" : 1,  "begin" : 178,  "end" : 188 }, 
        {"sofa" : 1,  "begin" : 188,  "end" : 189 }, 
        {"sofa" : 1,  "begin" : 192,  "end" : 195 }, 
        {"sofa" : 1,  "begin" : 196,  "end" : 200 }, 
        {"sofa" : 1,  "begin" : 201,  "end" : 205 }, 
        {"sofa" : 1,  "begin" : 206,  "end" : 212 }, 
        {"sofa" : 1,  "begin" : 212,  "end" : 213 }, 
        {"sofa" : 1,  "begin" : 214,  "end" : 217 }, 
        {"sofa" : 1,  "begin" : 218,  "end" : 221 }, 
        {"sofa" : 1,  "begin" : 222,  "end" : 230 }, 
        {"sofa" : 1,  "begin" : 231,  "end" : 237 }, 
        {"sofa" : 1,  "begin" : 238,  "end" : 241 }, 
        {"sofa" : 1,  "begin" : 242,  "end" : 245 }, 
        {"sofa" : 1,  "begin" : 246,  "end" : 251 }, 
        {"sofa" : 1,  "begin" : 252,  "end" : 257 }, 
        {"sofa" : 1,  "begin" : 257,  "end" : 258 }, 
        {"sofa" : 1,  "begin" : 259,  "end" : 262 }, 
        {"sofa" : 1,  "begin" : 263,  "end" : 267 }, 
        {"sofa" : 1,  "begin" : 268,  "end" : 271 }, 
        {"sofa" : 1,  "begin" : 272,  "end" : 281 }, 
        {"sofa" : 1,  "begin" : 282,  "end" : 286 }, 
        {"sofa" : 1,  "begin" : 287,  "end" : 290 }, 
        {"sofa" : 1,  "begin" : 291,  "end" : 297 }, 
        {"sofa" : 1,  "begin" : 298,  "end" : 301 }, 
        {"sofa" : 1,  "begin" : 301,  "end" : 302 }, 
        {"sofa" : 1,  "begin" : 303,  "end" : 309 }, 
        {"sofa" : 1,  "begin" : 310,  "end" : 314 }, 
        {"sofa" : 1,  "begin" : 315,  "end" : 320 }, 
        {"sofa" : 1,  "begin" : 321,  "end" : 323 }, 
        {"sofa" : 1,  "begin" : 324,  "end" : 329 }, 
        {"sofa" : 1,  "begin" : 329,  "end" : 330 }, 
        {"sofa" : 1,  "begin" : 331,  "end" : 339 }, 
        {"sofa" : 1,  "begin" : 340,  "end" : 343 }, 
        {"sofa" : 1,  "begin" : 344,  "end" : 351 }, 
        {"sofa" : 1,  "begin" : 352,  "end" : 354 }, 
        {"sofa" : 1,  "begin" : 355,  "end" : 358 }, 
        {"sofa" : 1,  "begin" : 359,  "end" : 366 }, 
        {"sofa" : 1,  "begin" : 367,  "end" : 372 }, 
        {"sofa" : 1,  "begin" : 372,  "end" : 373 }, 
        {"sofa" : 1,  "begin" : 374,  "end" : 379 }, 
        {"sofa" : 1,  "begin" : 379,  "end" : 380 }, 
        {"sofa" : 1,  "begin" : 381,  "end" : 389 }, 
        {"sofa" : 1,  "begin" : 390,  "end" : 394 }, 
        {"sofa" : 1,  "begin" : 395,  "end" : 398 }, 
        {"sofa" : 1,  "begin" : 399,  "end" : 406 }, 
        {"sofa" : 1,  "begin" : 407,  "end" : 411 }, 
        {"sofa" : 1,  "begin" : 412,  "end" : 421 }, 
        {"sofa" : 1,  "begin" : 421,  "end" : 422 }, 
        {"sofa" : 1,  "begin" : 423,  "end" : 428 }, 
        {"sofa" : 1,  "begin" : 429,  "end" : 433 }, 
        {"sofa" : 1,  "begin" : 434,  "end" : 437 }, 
        {"sofa" : 1,  "begin" : 438,  "end" : 443 }, 
        {"sofa" : 1,  "begin" : 444,  "end" : 447 }, 
        {"sofa" : 1,  "begin" : 448,  "end" : 456 }, 
        {"sofa" : 1,  "begin" : 456,  "end" : 457 }, 
        {"sofa" : 1,  "begin" : 458,  "end" : 461 }, 
        {"sofa" : 1,  "begin" : 462,  "end" : 463 }, 
        {"sofa" : 1,  "begin" : 464,  "end" : 469 }, 
        {"sofa" : 1,  "begin" : 470,  "end" : 472 }, 
        {"sofa" : 1,  "begin" : 473,  "end" : 479 }, 
        {"sofa" : 1,  "begin" : 480,  "end" : 490 }, 
        {"sofa" : 1,  "begin" : 490,  "end" : 491 }, 
        {"sofa" : 1,  "begin" : 492,  "end" : 496 }, 
        {"sofa" : 1,  "begin" : 497,  "end" : 501 }, 
        {"sofa" : 1,  "begin" : 501,  "end" : 502 }, 
        {"sofa" : 1,  "begin" : 503,  "end" : 506 }, 
        {"sofa" : 1,  "begin" : 507,  "end" : 511 }, 
        {"sofa" : 1,  "begin" : 512,  "end" : 516 }, 
        {"sofa" : 1,  "begin" : 517,  "end" : 520 }, 
        {"sofa" : 1,  "begin" : 521,  "end" : 526 }, 
        {"sofa" : 1,  "begin" : 527,  "end" : 532 }, 
        {"sofa" : 1,  "begin" : 532,  "end" : 533 }, 
        {"sofa" : 1,  "begin" : 534,  "end" : 536 }, 
        {"sofa" : 1,  "begin" : 537,  "end" : 547 }, 
        {"sofa" : 1,  "begin" : 548,  "end" : 553 }, 
        {"sofa" : 1,  "begin" : 554,  "end" : 559 }, 
        {"sofa" : 1,  "begin" : 560,  "end" : 567 }, 
        {"sofa" : 1,  "begin" : 568,  "end" : 571 }, 
        {"sofa" : 1,  "begin" : 572,  "end" : 574 }, 
        {"sofa" : 1,  "begin" : 575,  "end" : 578 }, 
        {"sofa" : 1,  "begin" : 579,  "end" : 584 }, 
        {"sofa" : 1,  "begin" : 584,  "end" : 585 }, 
        {"sofa" : 1,  "begin" : 586,  "end" : 595 }, 
        {"sofa" : 1,  "begin" : 596,  "end" : 599 }, 
        {"sofa" : 1,  "begin" : 600,  "end" : 604 }, 
        {"sofa" : 1,  "begin" : 605,  "end" : 608 }, 
        {"sofa" : 1,  "begin" : 609,  "end" : 615 }, 
        {"sofa" : 1,  "begin" : 615,  "end" : 616 }, 
        {"sofa" : 1,  "begin" : 618,  "end" : 621 }, 
        {"sofa" : 1,  "begin" : 622,  "end" : 627 }, 
        {"sofa" : 1,  "begin" : 628,  "end" : 632 }, 
        {"sofa" : 1,  "begin" : 633,  "end" : 640 }, 
        {"sofa" : 1,  "begin" : 641,  "end" : 643 }, 
        {"sofa" : 1,  "begin" : 644,  "end" : 646 }, 
        {"sofa" : 1,  "begin" : 647,  "end" : 650 }, 
        {"sofa" : 1,  "begin" : 651,  "end" : 658 }, 
        {"sofa" : 1,  "begin" : 659,  "end" : 664 }, 
        {"sofa" : 1,  "begin" : 664,  "end" : 665 }, 
        {"sofa" : 1,  "begin" : 667,  "end" : 672 }, 
        {"sofa" : 1,  "begin" : 673,  "end" : 677 }, 
        {"sofa" : 1,  "begin" : 678,  "end" : 681 }, 
        {"sofa" : 1,  "begin" : 682,  "end" : 689 }, 
        {"sofa" : 1,  "begin" : 690,  "end" : 694 }, 
        {"sofa" : 1,  "begin" : 695,  "end" : 700 }, 
        {"sofa" : 1,  "begin" : 701,  "end" : 705 }, 
        {"sofa" : 1,  "begin" : 706,  "end" : 710 }, 
        {"sofa" : 1,  "begin" : 711,  "end" : 715 }, 
        {"sofa" : 1,  "begin" : 716,  "end" : 718 }, 
        {"sofa" : 1,  "begin" : 719,  "end" : 723 }, 
        {"sofa" : 1,  "begin" : 724,  "end" : 727 }, 
        {"sofa" : 1,  "begin" : 728,  "end" : 737 }, 
        {"sofa" : 1,  "begin" : 738,  "end" : 741 }, 
        {"sofa" : 1,  "begin" : 742,  "end" : 745 }, 
        {"sofa" : 1,  "begin" : 746,  "end" : 755 }, 
        {"sofa" : 1,  "begin" : 756,  "end" : 761 }, 
        {"sofa" : 1,  "begin" : 762,  "end" : 767 }, 
        {"sofa" : 1,  "begin" : 768,  "end" : 771 }, 
        {"sofa" : 1,  "begin" : 772,  "end" : 775 }, 
        {"sofa" : 1,  "begin" : 776,  "end" : 780 }, 
        {"sofa" : 1,  "begin" : 781,  "end" : 786 }, 
        {"sofa" : 1,  "begin" : 787,  "end" : 792 }, 
        {"sofa" : 1,  "begin" : 792,  "end" : 793 }, 
        {"sofa" : 1,  "begin" : 794,  "end" : 797 }, 
        {"sofa" : 1,  "begin" : 798,  "end" : 803 }, 
        {"sofa" : 1,  "begin" : 804,  "end" : 808 }, 
        {"sofa" : 1,  "begin" : 809,  "end" : 813 }, 
        {"sofa" : 1,  "begin" : 814,  "end" : 818 }, 
        {"sofa" : 1,  "begin" : 819,  "end" : 821 }, 
        {"sofa" : 1,  "begin" : 822,  "end" : 829 }, 
        {"sofa" : 1,  "begin" : 830,  "end" : 835 }, 
        {"sofa" : 1,  "begin" : 836,  "end" : 839 }, 
        {"sofa" : 1,  "begin" : 840,  "end" : 847 }, 
        {"sofa" : 1,  "begin" : 848,  "end" : 852 }, 
        {"sofa" : 1,  "begin" : 852,  "end" : 853 }, 
        {"sofa" : 1,  "begin" : 854,  "end" : 855 }, 
        {"sofa" : 1,  "begin" : 856,  "end" : 861 }, 
        {"sofa" : 1,  "begin" : 862,  "end" : 866 }, 
        {"sofa" : 1,  "begin" : 867,  "end" : 872 }, 
        {"sofa" : 1,  "begin" : 873,  "end" : 876 }, 
        {"sofa" : 1,  "begin" : 877,  "end" : 882 }, 
        {"sofa" : 1,  "begin" : 882,  "end" : 883 }, 
        {"sofa" : 1,  "begin" : 884,  "end" : 890 }, 
        {"sofa" : 1,  "begin" : 891,  "end" : 894 }, 
        {"sofa" : 1,  "begin" : 895,  "end" : 900 }, 
        {"sofa" : 1,  "begin" : 900,  "end" : 901 }, 
        {"sofa" : 1,  "begin" : 903,  "end" : 906 }, 
        {"sofa" : 1,  "begin" : 907,  "end" : 911 }, 
        {"sofa" : 1,  "begin" : 911,  "end" : 912 }, 
        {"sofa" : 1,  "begin" : 913,  "end" : 921 }, 
        {"sofa" : 1,  "begin" : 922,  "end" : 926 }, 
        {"sofa" : 1,  "begin" : 927,  "end" : 931 }, 
        {"sofa" : 1,  "begin" : 931,  "end" : 932 }, 
        {"sofa" : 1,  "begin" : 933,  "end" : 938 }, 
        {"sofa" : 1,  "begin" : 939,  "end" : 943 }, 
        {"sofa" : 1,  "begin" : 944,  "end" : 948 }, 
        {"sofa" : 1,  "begin" : 949,  "end" : 952 }, 
        {"sofa" : 1,  "begin" : 953,  "end" : 955 }, 
        {"sofa" : 1,  "begin" : 956,  "end" : 960 }, 
        {"sofa" : 1,  "begin" : 961,  "end" : 965 }, 
        {"sofa" : 1,  "begin" : 966,  "end" : 971 }, 
        {"sofa" : 1,  "begin" : 972,  "end" : 975 }, 
        {"sofa" : 1,  "begin" : 976,  "end" : 979 }, 
        {"sofa" : 1,  "begin" : 979,  "end" : 980 }, 
        {"sofa" : 1,  "begin" : 980,  "end" : 981 }, 
        {"sofa" : 1,  "begin" : 981,  "end" : 984 }, 
        {"sofa" : 1,  "begin" : 985,  "end" : 991 }, 
        {"sofa" : 1,  "begin" : 992,  "end" : 995 }, 
        {"sofa" : 1,  "begin" : 996,  "end" : 997 }, 
        {"sofa" : 1,  "begin" : 998,  "end" : 1006 }, 
        {"sofa" : 1,  "begin" : 1007,  "end" : 1013 }, 
        {"sofa" : 1,  "begin" : 1014,  "end" : 1018 }, 
        {"sofa" : 1,  "begin" : 1018,  "end" : 1019 }, 
        {"sofa" : 1,  "begin" : 1020,  "end" : 1025 }, 
        {"sofa" : 1,  "begin" : 1026,  "end" : 1031 }, 
        {"sofa" : 1,  "begin" : 1032,  "end" : 1034 }, 
        {"sofa" : 1,  "begin" : 1035,  "end" : 1039 }, 
        {"sofa" : 1,  "begin" : 1039,  "end" : 1040 }, 
        {"sofa" : 1,  "begin" : 1042,  "end" : 1047 }, 
        {"sofa" : 1,  "begin" : 1048,  "end" : 1051 }, 
        {"sofa" : 1,  "begin" : 1052,  "end" : 1056 }, 
        {"sofa" : 1,  "begin" : 1057,  "end" : 1059 }, 
        {"sofa" : 1,  "begin" : 1060,  "end" : 1064 }, 
        {"sofa" : 1,  "begin" : 1065,  "end" : 1067 }, 
        {"sofa" : 1,  "begin" : 1068,  "end" : 1073 }, 
        {"sofa" : 1,  "begin" : 1074,  "end" : 1079 }, 
        {"sofa" : 1,  "begin" : 1079,  "end" : 1080 }, 
        {"sofa" : 1,  "begin" : 1081,  "end" : 1084 }, 
        {"sofa" : 1,  "begin" : 1085,  "end" : 1090 }, 
        {"sofa" : 1,  "begin" : 1091,  "end" : 1093 }, 
        {"sofa" : 1,  "begin" : 1094,  "end" : 1096 }, 
        {"sofa" : 1,  "begin" : 1097,  "end" : 1098 }, 
        {"sofa" : 1,  "begin" : 1099,  "end" : 1107 }, 
        {"sofa" : 1,  "begin" : 1108,  "end" : 1113 }, 
        {"sofa" : 1,  "begin" : 1114,  "end" : 1118 }, 
        {"sofa" : 1,  "begin" : 1120,  "end" : 1124 }, 
        {"sofa" : 1,  "begin" : 1125,  "end" : 1127 }, 
        {"sofa" : 1,  "begin" : 1128,  "end" : 1130 }, 
        {"sofa" : 1,  "begin" : 1131,  "end" : 1136 }, 
        {"sofa" : 1,  "begin" : 1136,  "end" : 1137 }, 
        {"sofa" : 1,  "begin" : 1138,  "end" : 1141 }, 
        {"sofa" : 1,  "begin" : 1142,  "end" : 1148 }, 
        {"sofa" : 1,  "begin" : 1149,  "end" : 1153 }, 
        {"sofa" : 1,  "begin" : 1154,  "end" : 1155 }, 
        {"sofa" : 1,  "begin" : 1156,  "end" : 1161 }, 
        {"sofa" : 1,  "begin" : 1162,  "end" : 1168 }, 
        {"sofa" : 1,  "begin" : 1169,  "end" : 1171 }, 
        {"sofa" : 1,  "begin" : 1172,  "end" : 1176 }, 
        {"sofa" : 1,  "begin" : 1177,  "end" : 1179 }, 
        {"sofa" : 1,  "begin" : 1180,  "end" : 1184 }, 
        {"sofa" : 1,  "begin" : 1185,  "end" : 1187 }, 
        {"sofa" : 1,  "begin" : 1188,  "end" : 1192 }, 
        {"sofa" : 1,  "begin" : 1193,  "end" : 1196 }, 
        {"sofa" : 1,  "begin" : 1197,  "end" : 1200 }, 
        {"sofa" : 1,  "begin" : 1200,  "end" : 1201 }, 
        {"sofa" : 1,  "begin" : 1202,  "end" : 1204 }, 
        {"sofa" : 1,  "begin" : 1205,  "end" : 1209 }, 
        {"sofa" : 1,  "begin" : 1210,  "end" : 1212 }, 
        {"sofa" : 1,  "begin" : 1213,  "end" : 1218 }, 
        {"sofa" : 1,  "begin" : 1219,  "end" : 1226 }, 
        {"sofa" : 1,  "begin" : 1227,  "end" : 1230 }, 
        {"sofa" : 1,  "begin" : 1231,  "end" : 1237 }, 
        {"sofa" : 1,  "begin" : 1238,  "end" : 1242 }, 
        {"sofa" : 1,  "begin" : 1242,  "end" : 1243 }, 
        {"sofa" : 1,  "begin" : 1244,  "end" : 1245 }, 
        {"sofa" : 1,  "begin" : 1245,  "end" : 1246 }, 
        {"sofa" : 1,  "begin" : 1247,  "end" : 1253 }, 
        {"sofa" : 1,  "begin" : 1254,  "end" : 1259 }, 
        {"sofa" : 1,  "begin" : 1260,  "end" : 1264 }, 
        {"sofa" : 1,  "begin" : 1264,  "end" : 1265 }, 
        {"sofa" : 1,  "begin" : 1266,  "end" : 1273 }, 
        {"sofa" : 1,  "begin" : 1274,  "end" : 1278 }, 
        {"sofa" : 1,  "begin" : 1279,  "end" : 1283 }, 
        {"sofa" : 1,  "begin" : 1284,  "end" : 1287 }, 
        {"sofa" : 1,  "begin" : 1287,  "end" : 1288 }, 
        {"sofa" : 1,  "begin" : 1289,  "end" : 1291 }, 
        {"sofa" : 1,  "begin" : 1292,  "end" : 1297 }, 
        {"sofa" : 1,  "begin" : 1298,  "end" : 1301 }, 
        {"sofa" : 1,  "begin" : 1302,  "end" : 1312 }, 
        {"sofa" : 1,  "begin" : 1313,  "end" : 1317 }, 
        {"sofa" : 1,  "begin" : 1317,  "end" : 1318 }, 
        {"sofa" : 1,  "begin" : 1319,  "end" : 1323 }, 
        {"sofa" : 1,  "begin" : 1324,  "end" : 1331 }, 
        {"sofa" : 1,  "begin" : 1332,  "end" : 1335 }, 
        {"sofa" : 1,  "begin" : 1335,  "end" : 1336 }, 
        {"sofa" : 1,  "begin" : 1338,  "end" : 1344 }, 
        {"sofa" : 1,  "begin" : 1344,  "end" : 1345 }, 
        {"sofa" : 1,  "begin" : 1346,  "end" : 1348 }, 
        {"sofa" : 1,  "begin" : 1349,  "end" : 1351 }, 
        {"sofa" : 1,  "begin" : 1351,  "end" : 1352 }, 
        {"sofa" : 1,  "begin" : 1353,  "end" : 1359 }, 
        {"sofa" : 1,  "begin" : 1359,  "end" : 1360 }, 
        {"sofa" : 1,  "begin" : 1361,  "end" : 1362 }, 
        {"sofa" : 1,  "begin" : 1363,  "end" : 1364 }, 
        {"sofa" : 1,  "begin" : 1364,  "end" : 1367 }, 
        {"sofa" : 1,  "begin" : 1368,  "end" : 1372 }, 
        {"sofa" : 1,  "begin" : 1373,  "end" : 1379 }, 
        {"sofa" : 1,  "begin" : 1380,  "end" : 1382 }, 
        {"sofa" : 1,  "begin" : 1383,  "end" : 1385 }, 
        {"sofa" : 1,  "begin" : 1386,  "end" : 1391 }, 
        {"sofa" : 1,  "begin" : 1392,  "end" : 1397 }, 
        {"sofa" : 1,  "begin" : 1398,  "end" : 1405 }, 
        {"sofa" : 1,  "begin" : 1406,  "end" : 1410 }, 
        {"sofa" : 1,  "begin" : 1410,  "end" : 1411 }, 
        {"sofa" : 1,  "begin" : 1412,  "end" : 1417 }, 
        {"sofa" : 1,  "begin" : 1417,  "end" : 1418 }, 
        {"sofa" : 1,  "begin" : 1419,  "end" : 1422 }, 
        {"sofa" : 1,  "begin" : 1422,  "end" : 1423 }, 
        {"sofa" : 1,  "begin" : 1424,  "end" : 1427 }, 
        {"sofa" : 1,  "begin" : 1428,  "end" : 1439 }, 
        {"sofa" : 1,  "begin" : 1439,  "end" : 1440 }, 
        {"sofa" : 1,  "begin" : 1442,  "end" : 1445 }, 
        {"sofa" : 1,  "begin" : 1445,  "end" : 1446 }, 
        {"sofa" : 1,  "begin" : 1447,  "end" : 1450 }, 
        {"sofa" : 1,  "begin" : 1450,  "end" : 1451 }, 
        {"sofa" : 1,  "begin" : 1452,  "end" : 1456 }, 
        {"sofa" : 1,  "begin" : 1457,  "end" : 1465 }, 
        {"sofa" : 1,  "begin" : 1466,  "end" : 1474 }, 
        {"sofa" : 1,  "begin" : 1474,  "end" : 1475 }, 
        {"sofa" : 1,  "begin" : 1475,  "end" : 1476 }, 
        {"sofa" : 1,  "begin" : 1476,  "end" : 1480 }, 
        {"sofa" : 1,  "begin" : 1481,  "end" : 1484 }, 
        {"sofa" : 1,  "begin" : 1485,  "end" : 1489 }, 
        {"sofa" : 1,  "begin" : 1490,  "end" : 1494 }, 
        {"sofa" : 1,  "begin" : 1495,  "end" : 1503 }, 
        {"sofa" : 1,  "begin" : 1503,  "end" : 1504 }, 
        {"sofa" : 1,  "begin" : 1505,  "end" : 1508 }, 
        {"sofa" : 1,  "begin" : 1509,  "end" : 1512 }, 
        {"sofa" : 1,  "begin" : 1513,  "end" : 1517 }, 
        {"sofa" : 1,  "begin" : 1518,  "end" : 1522 }, 
        {"sofa" : 1,  "begin" : 1523,  "end" : 1527 }, 
        {"sofa" : 1,  "begin" : 1528,  "end" : 1532 }, 
        {"sofa" : 1,  "begin" : 1532,  "end" : 1533 }, 
        {"sofa" : 1,  "begin" : 1534,  "end" : 1536 }, 
        {"sofa" : 1,  "begin" : 1537,  "end" : 1539 }, 
        {"sofa" : 1,  "begin" : 1540,  "end" : 1541 }, 
        {"sofa" : 1,  "begin" : 1542,  "end" : 1547 }, 
        {"sofa" : 1,  "begin" : 1548,  "end" : 1549 }, 
        {"sofa" : 1,  "begin" : 1550,  "end" : 1551 }, 
        {"sofa" : 1,  "begin" : 1552,  "end" : 1560 }, 
        {"sofa" : 1,  "begin" : 1561,  "end" : 1565 }, 
        {"sofa" : 1,  "begin" : 1565,  "end" : 1566 }, 
        {"sofa" : 1,  "begin" : 1567,  "end" : 1570 }, 
        {"sofa" : 1,  "begin" : 1571,  "end" : 1576 }, 
        {"sofa" : 1,  "begin" : 1578,  "end" : 1585 }, 
        {"sofa" : 1,  "begin" : 1586,  "end" : 1591 }, 
        {"sofa" : 1,  "begin" : 1592,  "end" : 1597 }, 
        {"sofa" : 1,  "begin" : 1598,  "end" : 1610 }, 
        {"sofa" : 1,  "begin" : 1611,  "end" : 1614 }, 
        {"sofa" : 1,  "begin" : 1615,  "end" : 1619 }, 
        {"sofa" : 1,  "begin" : 1620,  "end" : 1622 }, 
        {"sofa" : 1,  "begin" : 1623,  "end" : 1627 }, 
        {"sofa" : 1,  "begin" : 1627,  "end" : 1628 }, 
        {"sofa" : 1,  "begin" : 1629,  "end" : 1633 }, 
        {"sofa" : 1,  "begin" : 1634,  "end" : 1638 }, 
        {"sofa" : 1,  "begin" : 1639,  "end" : 1641 }, 
        {"sofa" : 1,  "begin" : 1642,  "end" : 1645 }, 
        {"sofa" : 1,  "begin" : 1646,  "end" : 1649 }, 
        {"sofa" : 1,  "begin" : 1650,  "end" : 1660 }, 
        {"sofa" : 1,  "begin" : 1661,  "end" : 1663 }, 
        {"sofa" : 1,  "begin" : 1664,  "end" : 1667 }, 
        {"sofa" : 1,  "begin" : 1668,  "end" : 1673 }, 
        {"sofa" : 1,  "begin" : 1674,  "end" : 1679 }, 
        {"sofa" : 1,  "begin" : 1679,  "end" : 1680 }, 
        {"sofa" : 1,  "begin" : 1681,  "end" : 1685 }, 
        {"sofa" : 1,  "begin" : 1686,  "end" : 1687 }, 
        {"sofa" : 1,  "begin" : 1688,  "end" : 1696 }, 
        {"sofa" : 1,  "begin" : 1697,  "end" : 1702 }, 
        {"sofa" : 1,  "begin" : 1703,  "end" : 1705 }, 
        {"sofa" : 1,  "begin" : 1706,  "end" : 1709 }, 
        {"sofa" : 1,  "begin" : 1710,  "end" : 1713 }, 
        {"sofa" : 1,  "begin" : 1714,  "end" : 1718 }, 
        {"sofa" : 1,  "begin" : 1719,  "end" : 1723 }, 
        {"sofa" : 1,  "begin" : 1724,  "end" : 1727 }, 
        {"sofa" : 1,  "begin" : 1728,  "end" : 1735 }, 
        {"sofa" : 1,  "begin" : 1736,  "end" : 1740 }, 
        {"sofa" : 1,  "begin" : 1741,  "end" : 1743 }, 
        {"sofa" : 1,  "begin" : 1744,  "end" : 1752 }, 
        {"sofa" : 1,  "begin" : 1753,  "end" : 1758 }, 
        {"sofa" : 1,  "begin" : 1759,  "end" : 1761 }, 
        {"sofa" : 1,  "begin" : 1762,  "end" : 1766 }, 
        {"sofa" : 1,  "begin" : 1766,  "end" : 1767 }, 
        {"sofa" : 1,  "begin" : 1768,  "end" : 1771 }, 
        {"sofa" : 1,  "begin" : 1772,  "end" : 1777 }, 
        {"sofa" : 1,  "begin" : 1778,  "end" : 1783 }, 
        {"sofa" : 1,  "begin" : 1784,  "end" : 1789 }, 
        {"sofa" : 1,  "begin" : 1794,  "end" : 1797 }, 
        {"sofa" : 1,  "begin" : 1798,  "end" : 1802 }, 
        {"sofa" : 1,  "begin" : 1802,  "end" : 1803 }, 
        {"sofa" : 1,  "begin" : 1804,  "end" : 1808 }, 
        {"sofa" : 1,  "begin" : 1809,  "end" : 1810 }, 
        {"sofa" : 1,  "begin" : 1811,  "end" : 1815 }, 
        {"sofa" : 1,  "begin" : 1816,  "end" : 1821 }, 
        {"sofa" : 1,  "begin" : 1822,  "end" : 1824 }, 
        {"sofa" : 1,  "begin" : 1825,  "end" : 1833 }, 
        {"sofa" : 1,  "begin" : 1834,  "end" : 1841 }, 
        {"sofa" : 1,  "begin" : 1842,  "end" : 1848 } ] } }, 
  "_referenced_fss" : {
    "1" : {"_type" : "Sofa",  "sofaNum" : 1,  "sofaID" : "_InitialView",  "mimeType" : "text",  "sofaString" : "From common joy; which with the speechless feeling\nThat led her there united, and shot forth\nFrom her far eyes a light of deep revealing,\nAll but her dearest self from my regard concealing. \n\nHer lips were parted, and the measured breath\nWas now heard there; her dark and intricate eyes\nOrb within orb, deeper than sleep or death,\nAbsorbed the glories of the burning skies,\nWhich, mingling with her heart's deep ecstasies,\nBurst from her looks and gestures; and a light\nOf liquid tenderness, like love, did rise\nFrom her whole frame, an atmosphere which quite\nArrayed her in its beams, tremulous and soft and bright.\n\nShe would have clasped me to her glowing frame; \nThose warm and odorous lips might soon have shed\nOn mine the fragrance and the invisible flame\nWhich now the cold winds stole; she would have laid\nUpon my languid heart her dearest head;\nI might have heard her voice, tender and sweet; \nHer eyes, mingling with mine, might soon have fed\nMy soul with their own joy.—One moment yet\nI gazed—we parted then, never again to meet!\n\nNever but once to meet on Earth again!\nShe heard me as I fled—her eager tone \nSunk on my heart, and almost wove a chain\nAround my will to link it with her own,\nSo that my stern resolve was almost gone.\n'I cannot reach thee! whither dost thou fly?\nMy steps are faint—Come back, thou dearest one— \nReturn, ah me! return! ' —The wind passed by\nOn which those accents died, faint, far, and lingeringly.\n\nWoe! Woe! that moonless midnight!—Want and Pest\nWere horrible, but one more fell doth rear,\nAs in a hydra ' s swarming lair, its crest \nEminent among those victims—even the Fear\nOf Hell: each girt by the hot atmosphere\nOf his blind agony, like a scorpion stung\nBy his own rage upon his burning bier\nOf circling coals of fire; but still there clung \n   One hope, like a keen sword on starting threads uphung" }, 
    "5190" : {"_type" : "Span",  "sofa" : 1,  "begin" : 682,  "end" : 689,  "label" : "Smell_Word" }, 
    "5195" : {"_type" : "Span",  "sofa" : 1,  "begin" : 682,  "end" : 689,  "label" : "Quality" }, 
    "5207" : {"_type" : "Span",  "sofa" : 1,  "begin" : 690,  "end" : 694,  "label" : "Smell_Source" }, 
    "5219" : {"_type" : "Span",  "sofa" : 1,  "begin" : 728,  "end" : 737,  "label" : "Smell_Word" }, 
    "5224" : {"_type" : "Span",  "sofa" : 1,  "begin" : 716,  "end" : 723,  "label" : "Perceiver" } } }