#FORMAT=WebAnno TSV 3.3


#Text=Neemt een exempel van David selve, den welcken Godt van eenen herder der schapen heeft verheven tot de Konincklicke weerdigheyt.
1-1	2-7	Neemt	
1-2	8-11	een	
1-3	12-19	exempel	
1-4	20-23	van	
1-5	24-29	David	
1-6	30-35	selve	
1-7	35-36	,	
1-8	37-40	den	
1-9	41-48	welcken	
1-10	49-53	Godt	
1-11	54-57	van	
1-12	58-63	eenen	
1-13	64-70	herder	
1-14	71-74	der	
1-15	75-82	schapen	
1-16	83-88	heeft	
1-17	89-97	verheven	
1-18	98-101	tot	
1-19	102-104	de	
1-20	105-117	Konincklicke	
1-21	118-129	weerdigheyt	
1-22	129-130	.	

#Text=Anders, het nederige. siet hy den nederigen aen, ende D. de hoovaerdige.
2-1	131-137	Anders	
2-2	137-138	,	
2-3	139-142	het	
2-4	143-151	nederige	
2-5	151-152	.	
2-6	153-157	siet	
2-7	158-160	hy	
2-8	161-164	den	
2-9	165-174	nederigen	
2-10	175-178	aen	
2-11	178-179	,	
2-12	180-184	ende	
2-13	185-186	D	
2-14	186-187	.	
2-15	188-190	de	
2-16	191-202	hoovaerdige	
2-17	202-203	.	

#Text=Anders, het verhevene.
#Text=den verhevenen T.w. alsoo, dat hy hem vernederen ende straffen wil.
#Text=kent hy van verre.
#Text=
#Text=7
#Text=
#Text=Als ick wandele in het midden der benauwtheyt, Siet Psalm 119.25.
3-1	204-210	Anders	
3-2	210-211	,	
3-3	212-215	het	
3-4	216-225	verhevene	
3-5	225-226	.	
3-6	227-230	den	
3-7	231-241	verhevenen	
3-8	242-245	T.w	
3-9	245-246	.	
3-10	247-252	alsoo	
3-11	252-253	,	
3-12	254-257	dat	
3-13	258-260	hy	
3-14	261-264	hem	
3-15	265-275	vernederen	
3-16	276-280	ende	
3-17	281-289	straffen	
3-18	290-293	wil	
3-19	293-294	.	
3-20	295-299	kent	
3-21	300-302	hy	
3-22	303-306	van	
3-23	307-312	verre	
3-24	312-313	.	
3-25	315-316	7	
3-26	318-321	Als	
3-27	322-325	ick	
3-28	326-333	wandele	
3-29	334-336	in	
3-30	337-340	het	
3-31	341-347	midden	
3-32	348-351	der	
3-33	352-363	benauwtheyt	
3-34	363-364	,	
3-35	365-369	Siet	
3-36	370-375	Psalm	
3-37	376-382	119.25	
3-38	382-383	.	

#Text=And.
#Text=als ick sal wandelen, etc. sult ghy my levendigh maken, ende alsoo in ’t volgende.
#Text=maeckt ghy my levendigh, uwe hant streckt ghy uyt T.w. om dien te temmen ende te toomen, als Psalm 3.8.
4-1	384-387	And	
4-2	387-388	.	
4-3	389-392	als	
4-4	393-396	ick	
4-5	397-400	sal	
4-6	401-409	wandelen	
4-7	409-410	,	
4-8	411-414	etc	
4-9	414-415	.	
4-10	416-420	sult	
4-11	421-424	ghy	
4-12	425-427	my	
4-13	428-437	levendigh	
4-14	438-443	maken	
4-15	443-444	,	
4-16	445-449	ende	
4-17	450-455	alsoo	
4-18	456-458	in	
4-19	459-460	’	
4-20	460-461	t	
4-21	462-470	volgende	
4-22	470-471	.	
4-23	472-478	maeckt	
4-24	479-482	ghy	
4-25	483-485	my	
4-26	486-495	levendigh	
4-27	495-496	,	
4-28	497-500	uwe	
4-29	501-505	hant	
4-30	506-513	streckt	
4-31	514-517	ghy	
4-32	518-521	uyt	
4-33	522-525	T.w	
4-34	525-526	.	
4-35	527-529	om	
4-36	530-534	dien	
4-37	535-537	te	
4-38	538-544	temmen	
4-39	545-549	ende	
4-40	550-552	te	
4-41	553-559	toomen	
4-42	559-560	,	
4-43	561-564	als	
4-44	565-570	Psalm	
4-45	571-574	3.8	
4-46	574-575	.	

#Text=And. tegen den neuse, of, het aengesichte, T.w. om haer in ’t aengesichte te smijten.
5-1	576-579	And	
5-2	579-580	.	
5-3	581-586	tegen	
5-4	587-590	den	
5-5	591-596	neuse	
5-6	596-597	,	
5-7	598-600	of	
5-8	600-601	,	
5-9	602-605	het	
5-10	606-617	aengesichte	
5-11	617-618	,	
5-12	619-622	T.w	
5-13	622-623	.	
5-14	624-626	om	
5-15	627-631	haer	
5-16	632-634	in	
5-17	635-636	’	
5-18	636-637	t	
5-19	638-649	aengesichte	
5-20	650-652	te	
5-21	653-660	smijten	
5-22	660-661	.	

#Text=Het Hebreeusch woort
#Text=Aph beteeckent soo wel den neuse, als toorn.
#Text=tegen den toorn mijner vyanden, ende Of, ghy behoudt my met uwe rechter hant.
#Text=uwe rechter hant behoudt my.
#Text=
#Text=8
#Text=
#Text=De
#Text=Ofte, de Heere
#Text=voleynde het voor my.
6-1	662-665	Het	
6-2	666-676	Hebreeusch	
6-3	677-682	woort	
6-4	683-686	Aph	
6-5	687-697	beteeckent	
6-6	698-701	soo	
6-7	702-705	wel	
6-8	706-709	den	
6-9	710-715	neuse	
6-10	715-716	,	
6-11	717-720	als	
6-12	721-726	toorn	
6-13	726-727	.	
6-14	728-733	tegen	
6-15	734-737	den	
6-16	738-743	toorn	
6-17	744-750	mijner	
6-18	751-758	vyanden	
6-19	758-759	,	
6-20	760-764	ende	
6-21	765-767	Of	
6-22	767-768	,	
6-23	769-772	ghy	
6-24	773-780	behoudt	
6-25	781-783	my	
6-26	784-787	met	
6-27	788-791	uwe	
6-28	792-799	rechter	
6-29	800-804	hant	
6-30	804-805	.	
6-31	806-809	uwe	
6-32	810-817	rechter	
6-33	818-822	hant	
6-34	823-830	behoudt	
6-35	831-833	my	
6-36	833-834	.	
6-37	836-837	8	
6-38	839-841	De	
6-39	842-846	Ofte	
6-40	846-847	,	
6-41	848-850	de	
6-42	851-856	Heere	
6-43	857-865	voleynde	
6-44	866-869	het	
6-45	870-874	voor	
6-46	875-877	my	
6-47	877-878	.	

#Text=HEERE T.w. het gene hy in my begonnen heeft tegens mijne vyanden.
7-1	879-884	HEERE	
7-2	885-888	T.w	
7-3	888-889	.	
7-4	890-893	het	
7-5	894-898	gene	
7-6	899-901	hy	
7-7	902-904	in	
7-8	905-907	my	
7-9	908-916	begonnen	
7-10	917-922	heeft	
7-11	923-929	tegens	
7-12	930-935	mijne	
7-13	936-943	vyanden	
7-14	943-944	.	
