#FORMAT=WebAnno TSV 3.3


#Text=Odor fugax oftendit praeter formam tenuem diffemina-
#Text=
#Text=tam corpufculorum formam, vti fragrans et grauis collectam in fo-
#Text=
#Text=cum formam fignificat.
1-1	2-6	Odor	
1-2	7-12	fugax	
1-3	13-21	oftendit	
1-4	22-29	praeter	
1-5	30-36	formam	
1-6	37-43	tenuem	
1-7	44-53	diffemina	
1-8	53-54	-	
1-9	56-59	tam	
1-10	60-73	corpufculorum	
1-11	74-80	formam	
1-12	80-81	,	
1-13	82-85	vti	
1-14	86-94	fragrans	
1-15	95-97	et	
1-16	98-104	grauis	
1-17	105-114	collectam	
1-18	115-117	in	
1-19	118-120	fo	
1-20	120-121	-	
1-21	123-126	cum	
1-22	127-133	formam	
1-23	134-144	fignificat	
1-24	144-145	.	

#Text=His E. qualitatibus bene et saepius per-
#Text=
#Text=ceptis et annotatis, nunc partes fixiores in corpore funt conside-
#Text=
#Text=randae, et ex his colligendum, quod ad odoris huius vel illius
#Text=
#Text=intellectum complendum tuto concludi potest, et demum fi haec
#Text=
#Text=
#Text=
#Text=B 2
#Text=
#Text=
#Text=
#Text=
#Text=
#Text=non
#Text=
#Text=
#Text=
#Text=
#Text=
#Text=non fufficiant, videndum, num fynthesis nil promittat, vti in 5.
#Text=anteced.
#Text=ostendimus: Et his fundamentis innixi ipfum opus odores diuidendi aggredimur, in qua re, quantum mihi pro nunc datum fit, alii fed aequi iudices iudicent.
2-1	146-149	His	
2-2	150-151	E	
2-3	151-152	.	
2-4	153-165	qualitatibus	
2-5	166-170	bene	
2-6	171-173	et	
2-7	174-181	saepius	
2-8	182-185	per	
2-9	185-186	-	
2-10	188-194	ceptis	
2-11	195-197	et	
2-12	198-207	annotatis	
2-13	207-208	,	
2-14	209-213	nunc	
2-15	214-220	partes	
2-16	221-229	fixiores	
2-17	230-232	in	
2-18	233-240	corpore	
2-19	241-245	funt	
2-20	246-253	conside	
2-21	253-254	-	
2-22	256-262	randae	
2-23	262-263	,	
2-24	264-266	et	
2-25	267-269	ex	
2-26	270-273	his	
2-27	274-285	colligendum	
2-28	285-286	,	
2-29	287-291	quod	
2-30	292-294	ad	
2-31	295-301	odoris	
2-32	302-307	huius	
2-33	308-311	vel	
2-34	312-318	illius	
2-35	320-331	intellectum	
2-36	332-342	complendum	
2-37	343-347	tuto	
2-38	348-356	concludi	
2-39	357-363	potest	
2-40	363-364	,	
2-41	365-367	et	
2-42	368-373	demum	
2-43	374-376	fi	
2-44	377-381	haec	
2-45	385-386	B	
2-46	387-388	2	
2-47	394-397	non	
2-48	403-406	non	
2-49	407-417	fufficiant	
2-50	417-418	,	
2-51	419-427	videndum	
2-52	427-428	,	
2-53	429-432	num	
2-54	433-442	fynthesis	
2-55	443-446	nil	
2-56	447-456	promittat	
2-57	456-457	,	
2-58	458-461	vti	
2-59	462-464	in	
2-60	465-466	5	
2-61	466-467	.	
2-62	468-475	anteced	
2-63	475-476	.	
2-64	477-487	ostendimus	
2-65	487-488	:	
2-66	489-491	Et	
2-67	492-495	his	
2-68	496-507	fundamentis	
2-69	508-514	innixi	
2-70	515-520	ipfum	
2-71	521-525	opus	
2-72	526-532	odores	
2-73	533-542	diuidendi	
2-74	543-553	aggredimur	
2-75	553-554	,	
2-76	555-557	in	
2-77	558-561	qua	
2-78	562-564	re	
2-79	564-565	,	
2-80	566-573	quantum	
2-81	574-578	mihi	
2-82	579-582	pro	
2-83	583-587	nunc	
2-84	588-593	datum	
2-85	594-597	fit	
2-86	597-598	,	
2-87	599-603	alii	
2-88	604-607	fed	
2-89	608-613	aequi	
2-90	614-621	iudices	
2-91	622-630	iudicent	
2-92	630-631	.	

#Text=S.
3-1	632-633	S	
3-2	633-634	.	

#Text=V.
4-1	635-636	V	
4-2	636-637	.	

#Text=Initium vero capiam ab iftis odoribus, in quibus fimplices magis partes distingui poffunt, tranfiturus poftea ad compositas mixtiones.
5-1	641-648	Initium	
5-2	649-653	vero	
5-3	654-660	capiam	
5-4	661-663	ab	
5-5	664-669	iftis	
5-6	670-678	odoribus	
5-7	678-679	,	
5-8	680-682	in	
5-9	683-689	quibus	
5-10	690-699	fimplices	
5-11	700-705	magis	
5-12	706-712	partes	
5-13	713-722	distingui	
5-14	723-730	poffunt	
5-15	730-731	,	
5-16	732-743	tranfiturus	
5-17	744-750	poftea	
5-18	751-753	ad	
5-19	754-764	compositas	
5-20	765-774	mixtiones	
5-21	774-775	.	

#Text=Primus E. odor est Terreus (erdigt.
#Text=dumpfigt) et hic fine terreis partibus in altum elatis effe non potest.
6-1	776-782	Primus	
6-2	783-784	E	
6-3	784-785	.	
6-4	786-790	odor	
6-5	791-794	est	
6-6	795-802	Terreus	
6-7	803-804	(	
6-8	804-810	erdigt	
6-9	810-811	.	
6-10	812-820	dumpfigt	
6-11	820-821	)	
6-12	822-824	et	
6-13	825-828	hic	
6-14	829-833	fine	
6-15	834-841	terreis	
6-16	842-850	partibus	
6-17	851-853	in	
6-18	854-859	altum	
6-19	860-866	elatis	
6-20	867-871	effe	
6-21	872-875	non	
6-22	876-882	potest	
6-23	882-883	.	

#Text=Adsunt quidem etiam falinae et inflammab les partes, fed fuperant terreae.
7-1	884-890	Adsunt	
7-2	891-897	quidem	
7-3	898-903	etiam	
7-4	904-911	falinae	
7-5	912-914	et	
7-6	915-924	inflammab	
7-7	925-928	les	
7-8	929-935	partes	
7-9	935-936	,	
7-10	937-940	fed	
7-11	941-949	fuperant	
7-12	950-957	terreae	
7-13	957-958	.	

#Text=Deprehenditur in humo recenter exciffa.
8-1	959-972	Deprehenditur	
8-2	973-975	in	
8-3	976-980	humo	
8-4	981-989	recenter	
8-5	990-997	exciffa	
8-6	997-998	.	

#Text=Praecipue protinus nares ferit, fi radices euelluntur, quae odoratae sunt, per quem odorem etiam multae terraeae partes efferuntur.
9-1	999-1008	Praecipue	
9-2	1009-1017	protinus	
9-3	1018-1023	nares	
9-4	1024-1029	ferit	
9-5	1029-1030	,	
9-6	1031-1033	fi	
9-7	1034-1041	radices	
9-8	1042-1052	euelluntur	
9-9	1052-1053	,	
9-10	1054-1058	quae	
9-11	1059-1067	odoratae	
9-12	1068-1072	sunt	
9-13	1072-1073	,	
9-14	1074-1077	per	
9-15	1078-1082	quem	
9-16	1083-1089	odorem	
9-17	1090-1095	etiam	
9-18	1096-1102	multae	
9-19	1103-1111	terraeae	
9-20	1112-1118	partes	
9-21	1119-1129	efferuntur	
9-22	1129-1130	.	

#Text=Validus itaque talis odor sentitur, si rad.
#Text=caryophyllatae euellitur naribusque applicatur.
#Text=brassicae radice napi (Kohlrüben unter der Erde ) et huic odore analoga rad.
#Text=et HB.
#Text=cardamines annuae flore exiguo validum talem odorem fpirant.
10-1	1131-1138	Validus	
10-2	1139-1145	itaque	
10-3	1146-1151	talis	
10-4	1152-1156	odor	
10-5	1157-1165	sentitur	
10-6	1165-1166	,	
10-7	1167-1169	si	
10-8	1170-1173	rad	
10-9	1173-1174	.	
10-10	1175-1189	caryophyllatae	
10-11	1190-1199	euellitur	
10-12	1200-1210	naribusque	
10-13	1211-1221	applicatur	
10-14	1221-1222	.	
10-15	1223-1232	brassicae	
10-16	1233-1239	radice	
10-17	1240-1244	napi	
10-18	1245-1246	(	
10-19	1246-1255	Kohlrüben	
10-20	1256-1261	unter	
10-21	1262-1265	der	
10-22	1266-1270	Erde	
10-23	1271-1272	)	
10-24	1273-1275	et	
10-25	1276-1280	huic	
10-26	1281-1286	odore	
10-27	1287-1294	analoga	
10-28	1295-1298	rad	
10-29	1298-1299	.	
10-30	1300-1302	et	
10-31	1303-1305	HB	
10-32	1305-1306	.	
10-33	1307-1317	cardamines	
10-34	1318-1324	annuae	
10-35	1325-1330	flore	
10-36	1331-1337	exiguo	
10-37	1338-1345	validum	
10-38	1346-1351	talem	
10-39	1352-1358	odorem	
10-40	1359-1366	fpirant	
10-41	1366-1367	.	

#Text=Cort.
11-1	1368-1372	Cort	
11-2	1372-1373	.	

#Text=Peruuianus fi infunditur aut coquitur, valde terreum odorem fpirat quem dumpfigt vocant.
12-1	1374-1384	Peruuianus	
12-2	1385-1387	fi	
12-3	1388-1398	infunditur	
12-4	1399-1402	aut	
12-5	1403-1411	coquitur	
12-6	1411-1412	,	
12-7	1413-1418	valde	
12-8	1419-1426	terreum	
12-9	1427-1433	odorem	
12-10	1434-1440	fpirat	
12-11	1441-1445	quem	
12-12	1446-1454	dumpfigt	
12-13	1455-1461	vocant	
12-14	1461-1462	.	

#Text=Species huius odoris poffunt effe fuffocans odor fcilicet fulphureus vti in spiritu sulphuris vel fpiritu vitrioli volatili.
13-1	1463-1470	Species	
13-2	1471-1476	huius	
13-3	1477-1483	odoris	
13-4	1484-1491	poffunt	
13-5	1492-1496	effe	
13-6	1497-1506	fuffocans	
13-7	1507-1511	odor	
13-8	1512-1520	fcilicet	
13-9	1521-1531	fulphureus	
13-10	1532-1535	vti	
13-11	1536-1538	in	
13-12	1539-1546	spiritu	
13-13	1547-1556	sulphuris	
13-14	1557-1560	vel	
13-15	1561-1568	fpiritu	
13-16	1569-1577	vitrioli	
13-17	1578-1586	volatili	
13-18	1586-1587	.	

#Text=Rad.
#Text=quoque
#Text=
#Text=
#Text=
#Text=2) Fumoso empyreumaticus in fumo lignorum in culina et fumo
#Text=
#Text=tabaci.
14-1	1588-1591	Rad	
14-2	1591-1592	.	
14-3	1593-1599	quoque	
14-4	1603-1604	2	
14-5	1604-1605	)	
14-6	1606-1612	Fumoso	
14-7	1613-1627	empyreumaticus	
14-8	1628-1630	in	
14-9	1631-1635	fumo	
14-10	1636-1644	lignorum	
14-11	1645-1647	in	
14-12	1648-1654	culina	
14-13	1655-1657	et	
14-14	1658-1662	fumo	
14-15	1664-1670	tabaci	
14-16	1670-1671	.	
