#FORMAT=WebAnno TSV 3.3
#T_SP=custom.Span|label


#Text=[
#Text=383[381]/0413
#Text=]
#Text=
#Text=Rab.
1-1	0-1	[	_	
1-2	2-5	383	_	
1-3	5-6	[	_	
1-4	6-9	381	_	
1-5	9-10	]	_	
1-6	10-11	/	_	
1-7	11-15	0413	_	
1-8	16-17	]	_	
1-9	19-22	Rab	_	
1-10	22-23	.	_	

#Text=be/ gefꝛaͤſſige/ hungeꝛige/ raubgieꝛige Ungluͤcksvo-
#Text=gel/ krakracket in dem Flug/ nehrt ſich von deꝛ Gal-
#Text=genſpeis
#Text=/ ſteuꝛt ſeinen ſchwartzen Kiel zuꝛ lieblichẽ
#Text=
#Text=Muſic/
#Text=in der Raͤhtſel redet der Rab alſo:
#Text=
#Text=
#Text=
#Text=Daß meine rauhe Stimm bedeute die Gefahre/
#Text=
#Text=und jeden Leichnam riech’ auch vor der Todten-
#Text=Baare/
#Text=
#Text=ſagt man gewieß von mir.
2-1	27-29	be	_	
2-2	29-30	/	_	
2-3	31-42	gefꝛaͤſſige	_	
2-4	42-43	/	_	
2-5	44-53	hungeꝛige	_	
2-6	53-54	/	_	
2-7	55-66	raubgieꝛige	_	
2-8	67-78	Ungluͤcksvo	_	
2-9	78-79	-	_	
2-10	80-83	gel	_	
2-11	83-84	/	_	
2-12	85-95	krakracket	_	
2-13	96-98	in	_	
2-14	99-102	dem	_	
2-15	103-107	Flug	_	
2-16	107-108	/	_	
2-17	109-114	nehrt	_	
2-18	115-119	ſich	_	
2-19	120-123	von	_	
2-20	124-127	deꝛ	_	
2-21	128-131	Gal	_	
2-22	131-132	-	_	
2-23	133-141	genſpeis	_	
2-24	142-143	/	_	
2-25	144-150	ſteuꝛt	_	
2-26	151-157	ſeinen	_	
2-27	158-168	ſchwartzen	_	
2-28	169-173	Kiel	_	
2-29	174-177	zuꝛ	_	
2-30	178-187	lieblichẽ	_	
2-31	189-194	Muſic	_	
2-32	194-195	/	_	
2-33	196-198	in	_	
2-34	199-202	der	_	
2-35	203-211	Raͤhtſel	_	
2-36	212-217	redet	_	
2-37	218-221	der	_	
2-38	222-225	Rab	_	
2-39	226-230	alſo	_	
2-40	230-231	:	_	
2-41	235-238	Daß	_	
2-42	239-244	meine	_	
2-43	245-250	rauhe	_	
2-44	251-256	Stimm	_	
2-45	257-264	bedeute	_	
2-46	265-268	die	_	
2-47	269-276	Gefahre	_	
2-48	276-277	/	_	
2-49	279-282	und	_	
2-50	283-288	jeden	_	
2-51	289-297	Leichnam	Smell\_Source	
2-52	298-303	riech	Smell\_Word	
2-53	303-304	’	_	
2-54	305-309	auch	_	
2-55	310-313	vor	_	
2-56	314-317	der	_	
2-57	318-324	Todten	_	
2-58	324-325	-	_	
2-59	326-331	Baare	_	
2-60	331-332	/	_	
2-61	334-338	ſagt	_	
2-62	339-342	man	_	
2-63	343-349	gewieß	_	
2-64	350-353	von	_	
2-65	354-357	mir	_	
2-66	357-358	.	_	

#Text=Jch bin weiß wie
#Text=der Ruß/
#Text=
#Text=und der geſtohlen hat/
#Text=befuͤrchtet meinẽ Gruß.
3-1	359-362	Jch	_	
3-2	363-366	bin	_	
3-3	367-371	weiß	_	
3-4	372-375	wie	_	
3-5	376-379	der	_	
3-6	380-383	Ruß	_	
3-7	383-384	/	_	
3-8	386-389	und	_	
3-9	390-393	der	_	
3-10	394-403	geſtohlen	_	
3-11	404-407	hat	_	
3-12	407-408	/	_	
3-13	409-420	befuͤrchtet	_	
3-14	421-426	meinẽ	_	
3-15	427-431	Gruß	_	
3-16	431-432	.	_	

#Text=Der Rab hat die Deutung der Rache und
#Text=deß Raubs/ die jungen Raben ſollen von dem
#Text=Tau ernehret werden/ wann ſie die alten verlaſ-
#Text=ſen/ und deßwegen haben ſie eine Deutung Goͤtt-
#Text=licher Fuͤrſehung.
#Text=
#Text=
#Text=
#Text=361.
4-1	436-439	Der	_	
4-2	440-443	Rab	_	
4-3	444-447	hat	_	
4-4	448-451	die	_	
4-5	452-459	Deutung	_	
4-6	460-463	der	_	
4-7	464-469	Rache	_	
4-8	470-473	und	_	
4-9	474-477	deß	_	
4-10	478-483	Raubs	_	
4-11	483-484	/	_	
4-12	485-488	die	_	
4-13	489-495	jungen	_	
4-14	496-501	Raben	_	
4-15	502-508	ſollen	_	
4-16	509-512	von	_	
4-17	513-516	dem	_	
4-18	517-520	Tau	_	
4-19	521-529	ernehret	_	
4-20	530-536	werden	_	
4-21	536-537	/	_	
4-22	538-542	wann	_	
4-23	543-546	ſie	_	
4-24	547-550	die	_	
4-25	551-556	alten	_	
4-26	557-563	verlaſ	_	
4-27	563-564	-	_	
4-28	565-568	ſen	_	
4-29	568-569	/	_	
4-30	570-573	und	_	
4-31	574-582	deßwegen	_	
4-32	583-588	haben	_	
4-33	589-592	ſie	_	
4-34	593-597	eine	_	
4-35	598-605	Deutung	_	
4-36	606-611	Goͤtt	_	
4-37	611-612	-	_	
4-38	613-619	licher	_	
4-39	620-630	Fuͤrſehung	_	
4-40	630-631	.	_	
4-41	635-638	361	_	
4-42	638-639	.	_	

#Text=Rache.
5-1	640-645	Rache	_	
5-2	645-646	.	_	
