#FORMAT=WebAnno TSV 3.3
#T_SP=custom.Span|label
#T_RL=custom.Relation|label|BT_custom.Span


#Text=Darnach feuchtet die ſchrifft an mit dem athem oder anhauchen/ bele-
#Text=get ſie mit Blad-gold oder Blad-ſilber/ druͤcket ſolches mit baumwoll an/ und wiſchet
#Text=damit ab was nicht hafftet:
#Text=ſo erſcheinet die zeichnung guͤlden oder ſilbern.
1-1	2-9	Darnach	_	_	_	
1-2	10-18	feuchtet	_	_	_	
1-3	19-22	die	_	_	_	
1-4	23-31	ſchrifft	_	_	_	
1-5	32-34	an	_	_	_	
1-6	35-38	mit	_	_	_	
1-7	39-42	dem	_	_	_	
1-8	43-48	athem	_	_	_	
1-9	49-53	oder	_	_	_	
1-10	54-63	anhauchen	_	_	_	
1-11	63-64	/	_	_	_	
1-12	65-69	bele	_	_	_	
1-13	69-70	-	_	_	_	
1-14	71-74	get	_	_	_	
1-15	75-78	ſie	_	_	_	
1-16	79-82	mit	_	_	_	
1-17	83-92	Blad-gold	_	_	_	
1-18	93-97	oder	_	_	_	
1-19	98-109	Blad-ſilber	_	_	_	
1-20	109-110	/	_	_	_	
1-21	111-119	druͤcket	_	_	_	
1-22	120-127	ſolches	_	_	_	
1-23	128-131	mit	_	_	_	
1-24	132-140	baumwoll	_	_	_	
1-25	141-143	an	_	_	_	
1-26	143-144	/	_	_	_	
1-27	145-148	und	_	_	_	
1-28	149-156	wiſchet	_	_	_	
1-29	157-162	damit	_	_	_	
1-30	163-165	ab	_	_	_	
1-31	166-169	was	_	_	_	
1-32	170-175	nicht	_	_	_	
1-33	176-183	hafftet	_	_	_	
1-34	183-184	:	_	_	_	
1-35	185-187	ſo	_	_	_	
1-36	188-198	erſcheinet	_	_	_	
1-37	199-202	die	_	_	_	
1-38	203-212	zeichnung	_	_	_	
1-39	213-220	guͤlden	_	_	_	
1-40	221-225	oder	_	_	_	
1-41	226-233	ſilbern	_	_	_	
1-42	233-234	.	_	_	_	

#Text=Der-
#Text=
#Text=gleichen ſchrifft kan man auch auff die Blaͤtter ſetzen/ auff den blumen aber/
#Text=ſonder-
#Text=lich auff den rohten/ ſtehet es viel zierlicher.
2-1	235-238	Der	_	_	_	
2-2	238-239	-	_	_	_	
2-3	241-249	gleichen	_	_	_	
2-4	250-258	ſchrifft	_	_	_	
2-5	259-262	kan	_	_	_	
2-6	263-266	man	_	_	_	
2-7	267-271	auch	_	_	_	
2-8	272-276	auff	_	_	_	
2-9	277-280	die	_	_	_	
2-10	281-289	Blaͤtter	_	_	_	
2-11	290-296	ſetzen	_	_	_	
2-12	296-297	/	_	_	_	
2-13	298-302	auff	_	_	_	
2-14	303-306	den	_	_	_	
2-15	307-313	blumen	_	_	_	
2-16	314-318	aber	_	_	_	
2-17	318-319	/	_	_	_	
2-18	320-326	ſonder	_	_	_	
2-19	326-327	-	_	_	_	
2-20	328-332	lich	_	_	_	
2-21	333-337	auff	_	_	_	
2-22	338-341	den	_	_	_	
2-23	342-348	rohten	_	_	_	
2-24	348-349	/	_	_	_	
2-25	350-356	ſtehet	_	_	_	
2-26	357-359	es	_	_	_	
2-27	360-364	viel	_	_	_	
2-28	365-375	zierlicher	_	_	_	
2-29	375-376	.	_	_	_	

#Text=X.
3-1	379-380	X	_	_	_	
3-2	380-381	.	_	_	_	

#Text=Architectur der Blumen.
4-1	382-393	Architectur	_	_	_	
4-2	394-397	der	_	_	_	
4-3	398-404	Blumen	_	_	_	
4-4	404-405	.	_	_	_	

#Text=Hiedurch wird nichts anders verſtanden/ als eine ſinnliche zuſammenfuͤgung
#Text=
#Text=ſchoͤner Blumen/ daß daraus eine gewiſſe figur entſtehet.
5-1	407-415	Hiedurch	_	_	_	
5-2	416-420	wird	_	_	_	
5-3	421-427	nichts	_	_	_	
5-4	428-434	anders	_	_	_	
5-5	435-445	verſtanden	_	_	_	
5-6	445-446	/	_	_	_	
5-7	447-450	als	_	_	_	
5-8	451-455	eine	_	_	_	
5-9	456-465	ſinnliche	_	_	_	
5-10	466-481	zuſammenfuͤgung	_	_	_	
5-11	483-491	ſchoͤner	_	_	_	
5-12	492-498	Blumen	_	_	_	
5-13	498-499	/	_	_	_	
5-14	500-503	daß	_	_	_	
5-15	504-510	daraus	_	_	_	
5-16	511-515	eine	_	_	_	
5-17	516-523	gewiſſe	_	_	_	
5-18	524-529	figur	_	_	_	
5-19	530-539	entſtehet	_	_	_	
5-20	539-540	.	_	_	_	

#Text=Alſo die blumen Circkel-
#Text=rund zuſammen binden/ daß ein Krantz daraus werde/ iſt eine uhralte erfindung/ da-
#Text=von Polydorus Vergilius l. 2. c. 17. zu leſen.
6-1	541-545	Alſo	_	_	_	
6-2	546-549	die	_	_	_	
6-3	550-556	blumen	_	_	_	
6-4	557-564	Circkel	_	_	_	
6-5	564-565	-	_	_	_	
6-6	566-570	rund	_	_	_	
6-7	571-579	zuſammen	_	_	_	
6-8	580-586	binden	_	_	_	
6-9	586-587	/	_	_	_	
6-10	588-591	daß	_	_	_	
6-11	592-595	ein	_	_	_	
6-12	596-602	Krantz	_	_	_	
6-13	603-609	daraus	_	_	_	
6-14	610-615	werde	_	_	_	
6-15	615-616	/	_	_	_	
6-16	617-620	iſt	_	_	_	
6-17	621-625	eine	_	_	_	
6-18	626-633	uhralte	_	_	_	
6-19	634-643	erfindung	_	_	_	
6-20	643-644	/	_	_	_	
6-21	645-647	da	_	_	_	
6-22	647-648	-	_	_	_	
6-23	649-652	von	_	_	_	
6-24	653-662	Polydorus	_	_	_	
6-25	663-672	Vergilius	_	_	_	
6-26	673-674	l	_	_	_	
6-27	674-675	.	_	_	_	
6-28	676-677	2	_	_	_	
6-29	677-678	.	_	_	_	
6-30	679-680	c	_	_	_	
6-31	680-681	.	_	_	_	
6-32	682-684	17	_	_	_	
6-33	684-685	.	_	_	_	
6-34	686-688	zu	_	_	_	
6-35	689-694	leſen	_	_	_	
6-36	694-695	.	_	_	_	

#Text=Die Buͤſchlein zu riechen ſind gleich-
#Text=fals ſehr gemein/ jedoch zeiget ſelbige zu winden eine gar kuͤnſtliche art/
#Text=Jo.
7-1	696-699	Die	_	_	_	
7-2	700-710	Buͤſchlein	Smell\_Source	_	_	
7-3	711-713	zu	_	_	_	
7-4	714-721	riechen	Smell\_Word	_	_	
7-5	722-726	ſind	_	_	_	
7-6	727-733	gleich	_	_	_	
7-7	733-734	-	_	_	_	
7-8	735-739	fals	_	_	_	
7-9	740-744	ſehr	Quality	_	_	
7-10	745-751	gemein	Quality	*	7-9	
7-11	751-752	/	_	_	_	
7-12	753-759	jedoch	_	_	_	
7-13	760-766	zeiget	_	_	_	
7-14	767-774	ſelbige	_	_	_	
7-15	775-777	zu	_	_	_	
7-16	778-784	winden	_	_	_	
7-17	785-789	eine	_	_	_	
7-18	790-793	gar	_	_	_	
7-19	794-805	kuͤnſtliche	_	_	_	
7-20	806-809	art	_	_	_	
7-21	809-810	/	_	_	_	
7-22	811-813	Jo	_	_	_	
7-23	813-814	.	_	_	_	

#Text=Bapt.
8-1	815-819	Bapt	_	_	_	
8-2	819-820	.	_	_	_	

#Text=Fer-
#Text=
#Text=rarius l.
9-1	821-824	Fer	_	_	_	
9-2	824-825	-	_	_	_	
9-3	827-833	rarius	_	_	_	
9-4	834-835	l	_	_	_	
9-5	835-836	.	_	_	_	

#Text=IV.
10-1	837-839	IV	_	_	_	
10-2	839-840	.	_	_	_	

#Text=Flor.
#Text=c. 1. woſelbſt er auch etliche geflochtene koͤrblein fuͤrgeſtellet/ in wel-
#Text=
#Text=chen die abgebrochene Blumen gantz ordentlich auff geſtecket werden/ daß ſie einem
#Text=zierlichen Turn oder anderm Gebaͤw ehnlich ſehen/ und an ſtat der Schaweſſen auff
#Text=groſſer Herren Taffeln geſetzet werden koͤnnen.
11-1	841-845	Flor	_	_	_	
11-2	845-846	.	_	_	_	
11-3	847-848	c	_	_	_	
11-4	848-849	.	_	_	_	
11-5	850-851	1	_	_	_	
11-6	851-852	.	_	_	_	
11-7	853-861	woſelbſt	_	_	_	
11-8	862-864	er	_	_	_	
11-9	865-869	auch	_	_	_	
11-10	870-877	etliche	_	_	_	
11-11	878-889	geflochtene	_	_	_	
11-12	890-899	koͤrblein	_	_	_	
11-13	900-913	fuͤrgeſtellet	_	_	_	
11-14	913-914	/	_	_	_	
11-15	915-917	in	_	_	_	
11-16	918-921	wel	_	_	_	
11-17	921-922	-	_	_	_	
11-18	924-928	chen	_	_	_	
11-19	929-932	die	_	_	_	
11-20	933-945	abgebrochene	_	_	_	
11-21	946-952	Blumen	_	_	_	
11-22	953-958	gantz	_	_	_	
11-23	959-969	ordentlich	_	_	_	
11-24	970-974	auff	_	_	_	
11-25	975-984	geſtecket	_	_	_	
11-26	985-991	werden	_	_	_	
11-27	991-992	/	_	_	_	
11-28	993-996	daß	_	_	_	
11-29	997-1000	ſie	_	_	_	
11-30	1001-1006	einem	_	_	_	
11-31	1007-1017	zierlichen	_	_	_	
11-32	1018-1022	Turn	_	_	_	
11-33	1023-1027	oder	_	_	_	
11-34	1028-1034	anderm	_	_	_	
11-35	1035-1041	Gebaͤw	_	_	_	
11-36	1042-1049	ehnlich	_	_	_	
11-37	1050-1055	ſehen	_	_	_	
11-38	1055-1056	/	_	_	_	
11-39	1057-1060	und	_	_	_	
11-40	1061-1063	an	_	_	_	
11-41	1064-1068	ſtat	_	_	_	
11-42	1069-1072	der	_	_	_	
11-43	1073-1083	Schaweſſen	_	_	_	
11-44	1084-1088	auff	_	_	_	
11-45	1089-1096	groſſer	_	_	_	
11-46	1097-1103	Herren	_	_	_	
11-47	1104-1111	Taffeln	_	_	_	
11-48	1112-1120	geſetzet	_	_	_	
11-49	1121-1127	werden	_	_	_	
11-50	1128-1135	koͤnnen	_	_	_	
11-51	1135-1136	.	_	_	_	

#Text=Weil aber dergleichen Blumenbaw/ wegen mangel der Waͤſſerung/ gantz
#Text=unbeſtaͤndig/ und ſchnell vergehet: als iſt menſchlicher fleiß auch dahin bedacht gewe-
#Text=
#Text=ſen/
#Text=
#Text=
#Text=P 3\f
#Text=[118/0150]
#Text=
#Text=Des II.
12-1	1140-1144	Weil	_	_	_	
12-2	1145-1149	aber	_	_	_	
12-3	1150-1161	dergleichen	_	_	_	
12-4	1162-1171	Blumenbaw	_	_	_	
12-5	1171-1172	/	_	_	_	
12-6	1173-1178	wegen	_	_	_	
12-7	1179-1185	mangel	_	_	_	
12-8	1186-1189	der	_	_	_	
12-9	1190-1200	Waͤſſerung	_	_	_	
12-10	1200-1201	/	_	_	_	
12-11	1202-1207	gantz	_	_	_	
12-12	1208-1220	unbeſtaͤndig	_	_	_	
12-13	1220-1221	/	_	_	_	
12-14	1222-1225	und	_	_	_	
12-15	1226-1233	ſchnell	_	_	_	
12-16	1234-1242	vergehet	_	_	_	
12-17	1242-1243	:	_	_	_	
12-18	1244-1247	als	_	_	_	
12-19	1248-1251	iſt	_	_	_	
12-20	1252-1264	menſchlicher	_	_	_	
12-21	1265-1270	fleiß	_	_	_	
12-22	1271-1275	auch	_	_	_	
12-23	1276-1281	dahin	_	_	_	
12-24	1282-1289	bedacht	_	_	_	
12-25	1290-1294	gewe	_	_	_	
12-26	1294-1295	-	_	_	_	
12-27	1297-1300	ſen	_	_	_	
12-28	1300-1301	/	_	_	_	
12-29	1304-1305	P	_	_	_	
12-30	1306-1307	3	_	_	_	
12-31	1309-1310	[	_	_	_	
12-32	1310-1313	118	_	_	_	
12-33	1313-1314	/	_	_	_	
12-34	1314-1318	0150	_	_	_	
12-35	1318-1319	]	_	_	_	
12-36	1321-1324	Des	_	_	_	
12-37	1325-1327	II	_	_	_	
12-38	1327-1328	.	_	_	_	

#Text=Buchs VII.
13-1	1329-1334	Buchs	_	_	_	
13-2	1335-1338	VII	_	_	_	
13-3	1338-1339	.	_	_	_	
