#FORMAT=WebAnno TSV 3.3


#Text=- l. c. p. 30
1-1	3-4	-	
1-2	5-6	l	
1-3	6-7	.	
1-4	8-9	c	
1-5	9-10	.	
1-6	11-12	p	
1-7	12-13	.	
1-8	14-16	30	

#Text=.
2-1	16-17	.	

#Text=[
#Text=p. 529]
#Text=
#Text=Herfst hun begin neemen ten platten
#Text=Lande: en van daar naar de Steden overgaan;
#Text=deze schynt my waarlyk niet voor het gevoelen van UWelEd.
#Text=zeer Gel.
#Text=te pleiten.
3-1	20-21	[	
3-2	22-23	p	
3-3	23-24	.	
3-4	25-28	529	
3-5	28-29	]	
3-6	31-37	Herfst	
3-7	38-41	hun	
3-8	42-47	begin	
3-9	48-54	neemen	
3-10	55-58	ten	
3-11	59-66	platten	
3-12	67-72	Lande	
3-13	72-73	:	
3-14	74-76	en	
3-15	77-80	van	
3-16	81-85	daar	
3-17	86-90	naar	
3-18	91-93	de	
3-19	94-100	Steden	
3-20	101-109	overgaan	
3-21	109-110	;	
3-22	111-115	deze	
3-23	116-122	schynt	
3-24	123-125	my	
3-25	126-133	waarlyk	
3-26	134-138	niet	
3-27	139-143	voor	
3-28	144-147	het	
3-29	148-156	gevoelen	
3-30	157-160	van	
3-31	161-167	UWelEd	
3-32	167-168	.	
3-33	169-173	zeer	
3-34	174-177	Gel	
3-35	177-178	.	
3-36	179-181	te	
3-37	182-189	pleiten	
3-38	189-190	.	

#Text=De lucht ten platten
#Text=Lande is zeker zo niet bezwangerd met dampen van rottend Water, als in de Steden, te Amsterdam b.v. - te meer dewyl de winden in de Steden de lucht zo niet verdeelen en zuiveren kunnen(i) - en dus het water meer gelegenheid heeft om stil te staan en te rotten;
#Text=- hier koomt by, dat de Ligchaamen der Boeren meer gehard zyn, tegen de veranderingen des Weders, dan die der Stedelingen - dat de levenswyze der laatstgenoemde veel weeker is, en hun dus geschikter maakt tot Ziekten, welke geschiktheid, door de meerdere luwheid der Lucht in de Steden, nog(k) bevorderd word.
4-1	193-195	De	
4-2	196-201	lucht	
4-3	202-205	ten	
4-4	206-213	platten	
4-5	214-219	Lande	
4-6	220-222	is	
4-7	223-228	zeker	
4-8	229-231	zo	
4-9	232-236	niet	
4-10	237-247	bezwangerd	
4-11	248-251	met	
4-12	252-258	dampen	
4-13	259-262	van	
4-14	263-270	rottend	
4-15	271-276	Water	
4-16	276-277	,	
4-17	278-281	als	
4-18	282-284	in	
4-19	285-287	de	
4-20	288-294	Steden	
4-21	294-295	,	
4-22	296-298	te	
4-23	299-308	Amsterdam	
4-24	309-312	b.v	
4-25	312-313	.	
4-26	314-315	-	
4-27	316-318	te	
4-28	319-323	meer	
4-29	324-329	dewyl	
4-30	330-332	de	
4-31	333-339	winden	
4-32	340-342	in	
4-33	343-345	de	
4-34	346-352	Steden	
4-35	353-355	de	
4-36	356-361	lucht	
4-37	362-364	zo	
4-38	365-369	niet	
4-39	370-379	verdeelen	
4-40	380-382	en	
4-41	383-391	zuiveren	
4-42	392-398	kunnen	
4-43	398-399	(	
4-44	399-400	i	
4-45	400-401	)	
4-46	402-403	-	
4-47	404-406	en	
4-48	407-410	dus	
4-49	411-414	het	
4-50	415-420	water	
4-51	421-425	meer	
4-52	426-437	gelegenheid	
4-53	438-443	heeft	
4-54	444-446	om	
4-55	447-451	stil	
4-56	452-454	te	
4-57	455-460	staan	
4-58	461-463	en	
4-59	464-466	te	
4-60	467-473	rotten	
4-61	473-474	;	
4-62	475-476	-	
4-63	477-481	hier	
4-64	482-487	koomt	
4-65	488-490	by	
4-66	490-491	,	
4-67	492-495	dat	
4-68	496-498	de	
4-69	499-509	Ligchaamen	
4-70	510-513	der	
4-71	514-520	Boeren	
4-72	521-525	meer	
4-73	526-532	gehard	
4-74	533-536	zyn	
4-75	536-537	,	
4-76	538-543	tegen	
4-77	544-546	de	
4-78	547-560	veranderingen	
4-79	561-564	des	
4-80	565-571	Weders	
4-81	571-572	,	
4-82	573-576	dan	
4-83	577-580	die	
4-84	581-584	der	
4-85	585-596	Stedelingen	
4-86	597-598	-	
4-87	599-602	dat	
4-88	603-605	de	
4-89	606-616	levenswyze	
4-90	617-620	der	
4-91	621-635	laatstgenoemde	
4-92	636-640	veel	
4-93	641-647	weeker	
4-94	648-650	is	
4-95	650-651	,	
4-96	652-654	en	
4-97	655-658	hun	
4-98	659-662	dus	
4-99	663-673	geschikter	
4-100	674-679	maakt	
4-101	680-683	tot	
4-102	684-691	Ziekten	
4-103	691-692	,	
4-104	693-698	welke	
4-105	699-711	geschiktheid	
4-106	711-712	,	
4-107	713-717	door	
4-108	718-720	de	
4-109	721-729	meerdere	
4-110	730-737	luwheid	
4-111	738-741	der	
4-112	742-747	Lucht	
4-113	748-750	in	
4-114	751-753	de	
4-115	754-760	Steden	
4-116	760-761	,	
4-117	762-765	nog	
4-118	765-766	(	
4-119	766-767	k	
4-120	767-768	)	
4-121	769-778	bevorderd	
4-122	779-783	word	
4-123	783-784	.	

#Text=Men moest dus noodzaakelyk in de Steden meer en hardnekkiger Herfstziekten waarneemen dan op het Land, zo de dampen medewerkende oorzaaken van die Ziekten waren - dan dit is zo niet.
#Text=- In de Beverwyk, b.v. zyn de Koortsen meer en hardnekkiger in den Herfst, dan te Amsterdam(l).
5-1	785-788	Men	
5-2	789-794	moest	
5-3	795-798	dus	
5-4	799-811	noodzaakelyk	
5-5	812-814	in	
5-6	815-817	de	
5-7	818-824	Steden	
5-8	825-829	meer	
5-9	830-832	en	
5-10	833-845	hardnekkiger	
5-11	846-859	Herfstziekten	
5-12	860-870	waarneemen	
5-13	871-874	dan	
5-14	875-877	op	
5-15	878-881	het	
5-16	882-886	Land	
5-17	886-887	,	
5-18	888-890	zo	
5-19	891-893	de	
5-20	894-900	dampen	
5-21	901-913	medewerkende	
5-22	914-923	oorzaaken	
5-23	924-927	van	
5-24	928-931	die	
5-25	932-939	Ziekten	
5-26	940-945	waren	
5-27	946-947	-	
5-28	948-951	dan	
5-29	952-955	dit	
5-30	956-958	is	
5-31	959-961	zo	
5-32	962-966	niet	
5-33	966-967	.	
5-34	968-969	-	
5-35	970-972	In	
5-36	973-975	de	
5-37	976-984	Beverwyk	
5-38	984-985	,	
5-39	986-989	b.v	
5-40	989-990	.	
5-41	991-994	zyn	
5-42	995-997	de	
5-43	998-1006	Koortsen	
5-44	1007-1011	meer	
5-45	1012-1014	en	
5-46	1015-1027	hardnekkiger	
5-47	1028-1030	in	
5-48	1031-1034	den	
5-49	1035-1041	Herfst	
5-50	1041-1042	,	
5-51	1043-1046	dan	
5-52	1047-1049	te	
5-53	1050-1059	Amsterdam	
5-54	1059-1060	(	
5-55	1060-1061	l	
5-56	1061-1062	)	
5-57	1062-1063	.	

#Text=In de hoogere landen zyn dezelfde Herfst-Koortzen ook zeer gemeen, en op de hooge Veluwe zelfs, dat UWel Ed. voor zeer gezond opgeeft, vindt men zedert tien jaaren veel Rot-Koortzen(m), welke men te Amsterdam zeer zelden, naar de grootte van de Stad, waarneemt.
6-1	1064-1066	In	
6-2	1067-1069	de	
6-3	1070-1077	hoogere	
6-4	1078-1084	landen	
6-5	1085-1088	zyn	
6-6	1089-1097	dezelfde	
6-7	1098-1113	Herfst-Koortzen	
6-8	1114-1117	ook	
6-9	1118-1122	zeer	
6-10	1123-1129	gemeen	
6-11	1129-1130	,	
6-12	1131-1133	en	
6-13	1134-1136	op	
6-14	1137-1139	de	
6-15	1140-1145	hooge	
6-16	1146-1152	Veluwe	
6-17	1153-1158	zelfs	
6-18	1158-1159	,	
6-19	1160-1163	dat	
6-20	1164-1168	UWel	
6-21	1169-1171	Ed	
6-22	1171-1172	.	
6-23	1173-1177	voor	
6-24	1178-1182	zeer	
6-25	1183-1189	gezond	
6-26	1190-1197	opgeeft	
6-27	1197-1198	,	
6-28	1199-1204	vindt	
6-29	1205-1208	men	
6-30	1209-1215	zedert	
6-31	1216-1220	tien	
6-32	1221-1227	jaaren	
6-33	1228-1232	veel	
6-34	1233-1245	Rot-Koortzen	
6-35	1245-1246	(	
6-36	1246-1247	m	
6-37	1247-1248	)	
6-38	1248-1249	,	
6-39	1250-1255	welke	
6-40	1256-1259	men	
6-41	1260-1262	te	
6-42	1263-1272	Amsterdam	
6-43	1273-1277	zeer	
6-44	1278-1284	zelden	
6-45	1284-1285	,	
6-46	1286-1290	naar	
6-47	1291-1293	de	
6-48	1294-1301	grootte	
6-49	1302-1305	van	
6-50	1306-1308	de	
6-51	1309-1313	Stad	
6-52	1313-1314	,	
6-53	1315-1324	waarneemt	
6-54	1324-1325	.	

#Text=Leyden en Delft hebben in den Herfst ook geen minder aantal Zieken, en daar kan men die dampen egter niet beschuldigen.
7-1	1326-1332	Leyden	
7-2	1333-1335	en	
7-3	1336-1341	Delft	
7-4	1342-1348	hebben	
7-5	1349-1351	in	
7-6	1352-1355	den	
7-7	1356-1362	Herfst	
7-8	1363-1366	ook	
7-9	1367-1371	geen	
7-10	1372-1378	minder	
7-11	1379-1385	aantal	
7-12	1386-1392	Zieken	
7-13	1392-1393	,	
7-14	1394-1396	en	
7-15	1397-1401	daar	
7-16	1402-1405	kan	
7-17	1406-1409	men	
7-18	1410-1413	die	
7-19	1414-1420	dampen	
7-20	1421-1426	egter	
7-21	1427-1431	niet	
7-22	1432-1444	beschuldigen	
7-23	1444-1445	.	

#Text=Wat het tweede bewys aangaat, dat men namelyk in Steden, waarin een geweldigen stank waargenomen wordt, niet meer Zieken en dooden telt, dan op plaatzen, welke op het oog gezonder en beter gelegen zyn - dit gaat vry zeker;
#Text=en men kan het, ten minsten wat Haarlem en Amsterdam aangaat, uit de sterslysten betoogen.
8-1	1448-1451	Wat	
8-2	1452-1455	het	
8-3	1456-1462	tweede	
8-4	1463-1468	bewys	
8-5	1469-1476	aangaat	
8-6	1476-1477	,	
8-7	1478-1481	dat	
8-8	1482-1485	men	
8-9	1486-1493	namelyk	
8-10	1494-1496	in	
8-11	1497-1503	Steden	
8-12	1503-1504	,	
8-13	1505-1511	waarin	
8-14	1512-1515	een	
8-15	1516-1526	geweldigen	
8-16	1527-1532	stank	
8-17	1533-1544	waargenomen	
8-18	1545-1550	wordt	
8-19	1550-1551	,	
8-20	1552-1556	niet	
8-21	1557-1561	meer	
8-22	1562-1568	Zieken	
8-23	1569-1571	en	
8-24	1572-1578	dooden	
8-25	1579-1583	telt	
8-26	1583-1584	,	
8-27	1585-1588	dan	
8-28	1589-1591	op	
8-29	1592-1600	plaatzen	
8-30	1600-1601	,	
8-31	1602-1607	welke	
8-32	1608-1610	op	
8-33	1611-1614	het	
8-34	1615-1618	oog	
8-35	1619-1627	gezonder	
8-36	1628-1630	en	
8-37	1631-1636	beter	
8-38	1637-1644	gelegen	
8-39	1645-1648	zyn	
8-40	1649-1650	-	
8-41	1651-1654	dit	
8-42	1655-1659	gaat	
8-43	1660-1663	vry	
8-44	1664-1669	zeker	
8-45	1669-1670	;	
8-46	1671-1673	en	
8-47	1674-1677	men	
8-48	1678-1681	kan	
8-49	1682-1685	het	
8-50	1685-1686	,	
8-51	1687-1690	ten	
8-52	1691-1698	minsten	
8-53	1699-1702	wat	
8-54	1703-1710	Haarlem	
8-55	1711-1713	en	
8-56	1714-1723	Amsterdam	
8-57	1724-1731	aangaat	
8-58	1731-1732	,	
8-59	1733-1736	uit	
8-60	1737-1739	de	
8-61	1740-1751	sterslysten	
8-62	1752-1760	betoogen	
8-63	1760-1761	.	
