#FORMAT=WebAnno TSV 3.3
#T_SP=custom.Span|label
#T_RL=custom.Relation|label|BT_custom.Span


#Text=Er hat zwar auch einigen Nutzen in
#Text=der Artzney;
#Text=allein, weil ſein Geruch
#Text=den Weibsperſonen zu wieder iſt, dan-
#Text=nenhero wird er ſehr wenig gebrau-
#Text=chet.
1-1	2-4	Er	Smell\_Source	_	_	
1-2	5-8	hat	_	_	_	
1-3	9-13	zwar	_	_	_	
1-4	14-18	auch	_	_	_	
1-5	19-26	einigen	_	_	_	
1-6	27-33	Nutzen	_	_	_	
1-7	34-36	in	_	_	_	
1-8	37-40	der	_	_	_	
1-9	41-48	Artzney	_	_	_	
1-10	48-49	;	_	_	_	
1-11	50-56	allein	_	_	_	
1-12	56-57	,	_	_	_	
1-13	58-62	weil	_	_	_	
1-14	63-67	ſein	_	_	_	
1-15	68-74	Geruch	Smell\_Word	*|*|*|*	1-1|1-17|1-25[2_0]|1-18[1_0]	
1-16	75-78	den	_	_	_	
1-17	79-92	Weibsperſonen	Perceiver	_	_	
1-18	93-95	zu	Quality[1]	_	_	
1-19	96-102	wieder	Quality[1]	_	_	
1-20	103-106	iſt	_	_	_	
1-21	106-107	,	_	_	_	
1-22	108-111	dan	_	_	_	
1-23	111-112	-	_	_	_	
1-24	113-120	nenhero	_	_	_	
1-25	121-125	wird	Effect[2]	_	_	
1-26	126-128	er	Effect[2]	_	_	
1-27	129-133	ſehr	Effect[2]	_	_	
1-28	134-139	wenig	Effect[2]	_	_	
1-29	140-146	gebrau	Effect[2]	_	_	
1-30	146-147	-	Effect[2]	_	_	
1-31	148-152	chet	Effect[2]	_	_	
1-32	152-153	.	_	_	_	

#Text=Weil demnach der graue Amber
#Text=eine ſo uͤberaus theure Waare iſt, dero-
#Text=wegen moͤgen diejenigen, die deſſen ei-
#Text=ne gute Parthey einkauffen, ſich in Acht
#Text=nehmen, daß nichts anders drunter ge-
#Text=menget, oder aber er wohl gar nachge-
#Text=machet ſey.
2-1	157-161	Weil	_	_	_	
2-2	162-169	demnach	_	_	_	
2-3	170-173	der	_	_	_	
2-4	174-179	graue	_	_	_	
2-5	180-185	Amber	_	_	_	
2-6	186-190	eine	_	_	_	
2-7	191-193	ſo	_	_	_	
2-8	194-202	uͤberaus	_	_	_	
2-9	203-209	theure	_	_	_	
2-10	210-215	Waare	_	_	_	
2-11	216-219	iſt	_	_	_	
2-12	219-220	,	_	_	_	
2-13	221-225	dero	_	_	_	
2-14	225-226	-	_	_	_	
2-15	227-232	wegen	_	_	_	
2-16	233-239	moͤgen	_	_	_	
2-17	240-250	diejenigen	_	_	_	
2-18	250-251	,	_	_	_	
2-19	252-255	die	_	_	_	
2-20	256-262	deſſen	_	_	_	
2-21	263-265	ei	_	_	_	
2-22	265-266	-	_	_	_	
2-23	267-269	ne	_	_	_	
2-24	270-274	gute	_	_	_	
2-25	275-282	Parthey	_	_	_	
2-26	283-293	einkauffen	_	_	_	
2-27	293-294	,	_	_	_	
2-28	295-299	ſich	_	_	_	
2-29	300-302	in	_	_	_	
2-30	303-307	Acht	_	_	_	
2-31	308-314	nehmen	_	_	_	
2-32	314-315	,	_	_	_	
2-33	316-319	daß	_	_	_	
2-34	320-326	nichts	_	_	_	
2-35	327-333	anders	_	_	_	
2-36	334-341	drunter	_	_	_	
2-37	342-344	ge	_	_	_	
2-38	344-345	-	_	_	_	
2-39	346-352	menget	_	_	_	
2-40	352-353	,	_	_	_	
2-41	354-358	oder	_	_	_	
2-42	359-363	aber	_	_	_	
2-43	364-366	er	_	_	_	
2-44	367-371	wohl	_	_	_	
2-45	372-375	gar	_	_	_	
2-46	376-382	nachge	_	_	_	
2-47	382-383	-	_	_	_	
2-48	384-390	machet	_	_	_	
2-49	391-394	ſey	_	_	_	
2-50	394-395	.	_	_	_	

#Text=Ambereſſentz.
3-1	398-410	Ambereſſentz	_	_	_	
3-2	410-411	.	_	_	_	

#Text=Aus dem Amber ziehet man mit
#Text=Weingeiſt, Moſch und ein klein wenig
#Text=Zibet, eine ſehr ſtarckriechende Eſſentz,
#Text=derer man ſich, eben als wie des Am-
#Text=bers, zu vielerley bedienet, ſonderlich
#Text=aber die Zuckerbecker, Parfumirer, und
#Text=andere dergleichen mehr.
4-1	414-417	Aus	_	_	_	
4-2	418-421	dem	_	_	_	
4-3	422-427	Amber	_	_	_	
4-4	428-434	ziehet	_	_	_	
4-5	435-438	man	_	_	_	
4-6	439-442	mit	_	_	_	
4-7	443-452	Weingeiſt	_	_	_	
4-8	452-453	,	_	_	_	
4-9	454-459	Moſch	_	_	_	
4-10	460-463	und	_	_	_	
4-11	464-467	ein	_	_	_	
4-12	468-473	klein	_	_	_	
4-13	474-479	wenig	_	_	_	
4-14	480-485	Zibet	_	_	_	
4-15	485-486	,	_	_	_	
4-16	487-491	eine	_	_	_	
4-17	492-496	ſehr	Quality[3]	_	_	
4-18	497-512	ſtarckriechende	Quality[3]|Smell\_Word[4]	*|*	4-17[3_4]|4-19[0_4]	
4-19	513-520	Eſſentz	Smell\_Source	_	_	
4-20	520-521	,	_	_	_	
4-21	522-527	derer	_	_	_	
4-22	528-531	man	_	_	_	
4-23	532-536	ſich	_	_	_	
4-24	536-537	,	_	_	_	
4-25	538-542	eben	_	_	_	
4-26	543-546	als	_	_	_	
4-27	547-550	wie	_	_	_	
4-28	551-554	des	_	_	_	
4-29	555-557	Am	_	_	_	
4-30	557-558	-	_	_	_	
4-31	559-563	bers	_	_	_	
4-32	563-564	,	_	_	_	
4-33	565-567	zu	_	_	_	
4-34	568-577	vielerley	_	_	_	
4-35	578-586	bedienet	_	_	_	
4-36	586-587	,	_	_	_	
4-37	588-598	ſonderlich	_	_	_	
4-38	599-603	aber	_	_	_	
4-39	604-607	die	_	_	_	
4-40	608-620	Zuckerbecker	_	_	_	
4-41	620-621	,	_	_	_	
4-42	622-632	Parfumirer	_	_	_	
4-43	632-633	,	_	_	_	
4-44	634-637	und	_	_	_	
4-45	638-644	andere	_	_	_	
4-46	645-656	dergleichen	_	_	_	
4-47	657-661	mehr	_	_	_	
4-48	661-662	.	_	_	_	

#Text=Die aufrichtige Ambereſſentz muß
#Text=von recht gutem Amber bereitet wor-
#Text=den ſeyn.
5-1	666-669	Die	_	_	_	
5-2	670-681	aufrichtige	_	_	_	
5-3	682-694	Ambereſſentz	_	_	_	
5-4	695-698	muß	_	_	_	
5-5	699-702	von	_	_	_	
5-6	703-708	recht	_	_	_	
5-7	709-714	gutem	_	_	_	
5-8	715-720	Amber	_	_	_	
5-9	721-729	bereitet	_	_	_	
5-10	730-733	wor	_	_	_	
5-11	733-734	-	_	_	_	
5-12	735-738	den	_	_	_	
5-13	739-743	ſeyn	_	_	_	
5-14	743-744	.	_	_	_	

#Text=Die aus Holland und Por-
#Text=
#Text=tugall kommt, wird hoͤher geachtet,
#Text=als die, welche in Franckreich gemacht
#Text=wird, weil ſie viel angenehmer iſt, in-
#Text=dem gar wenig Biſam und Zibet dazu
#Text=
#Text=gethan wird, ſie auch nicht ſo ſehr nach
#Text=Branntwein riecht.
6-1	745-748	Die	Smell\_Source[5]	_	_	
6-2	749-752	aus	Smell\_Source[5]|Location[6]	_	_	
6-3	753-760	Holland	Smell\_Source[5]|Location[6]	_	_	
6-4	761-764	und	Smell\_Source[5]|Location[6]	_	_	
6-5	765-768	Por	Smell\_Source[5]|Location[6]	_	_	
6-6	768-769	-	Smell\_Source[5]|Location[6]	_	_	
6-7	771-777	tugall	Smell\_Source[5]|Location[6]	_	_	
6-8	778-783	kommt	Smell\_Source[5]	_	_	
6-9	783-784	,	_	_	_	
6-10	785-789	wird	Effect[7]	_	_	
6-11	790-796	hoͤher	Effect[7]	_	_	
6-12	797-805	geachtet	Effect[7]	_	_	
6-13	805-806	,	Effect[7]	_	_	
6-14	807-810	als	Effect[7]	_	_	
6-15	811-814	die	Effect[7]	_	_	
6-16	814-815	,	Effect[7]	_	_	
6-17	816-822	welche	Effect[7]	_	_	
6-18	823-825	in	Effect[7]	_	_	
6-19	826-837	Franckreich	Effect[7]	_	_	
6-20	838-845	gemacht	Effect[7]	_	_	
6-21	846-850	wird	Effect[7]	_	_	
6-22	850-851	,	_	_	_	
6-23	852-856	weil	_	_	_	
6-24	857-860	ſie	_	_	_	
6-25	861-865	viel	_	_	_	
6-26	866-876	angenehmer	_	_	_	
6-27	877-880	iſt	_	_	_	
6-28	880-881	,	_	_	_	
6-29	882-884	in	_	_	_	
6-30	884-885	-	_	_	_	
6-31	886-889	dem	_	_	_	
6-32	890-893	gar	_	_	_	
6-33	894-899	wenig	_	_	_	
6-34	900-905	Biſam	_	_	_	
6-35	906-909	und	_	_	_	
6-36	910-915	Zibet	_	_	_	
6-37	916-920	dazu	_	_	_	
6-38	922-928	gethan	_	_	_	
6-39	929-933	wird	_	_	_	
6-40	933-934	,	_	_	_	
6-41	935-938	ſie	_	_	_	
6-42	939-943	auch	_	_	_	
6-43	944-949	nicht	Evoked\_Odorant[8]	_	_	
6-44	950-952	ſo	Evoked\_Odorant[8]	_	_	
6-45	953-957	ſehr	Evoked\_Odorant[8]	_	_	
6-46	958-962	nach	Evoked\_Odorant[8]	_	_	
6-47	963-973	Branntwein	Evoked\_Odorant[8]	_	_	
6-48	974-980	riecht	Smell\_Word	*|*|*|*	6-43[8_0]|6-1[5_0]|6-2[6_0]|6-10[7_0]	
6-49	980-981	.	_	_	_	

#Text=Wir verkauffen auch, ohne den grau-
#Text=en Amber, noch eine Sorte, weiſſer
#Text=Amber genannt, welcher allein von
#Text=Standesperſonen gebrauchet, und zu
#Text=Erquickung des Hertzens, auch zur Er-
#Text=ſetzung der natuͤrlichen Waͤrme in einer
#Text=Suppe genommen wird.
7-1	985-988	Wir	_	_	_	
7-2	989-999	verkauffen	_	_	_	
7-3	1000-1004	auch	_	_	_	
7-4	1004-1005	,	_	_	_	
7-5	1006-1010	ohne	_	_	_	
7-6	1011-1014	den	_	_	_	
7-7	1015-1019	grau	_	_	_	
7-8	1019-1020	-	_	_	_	
7-9	1021-1023	en	_	_	_	
7-10	1024-1029	Amber	_	_	_	
7-11	1029-1030	,	_	_	_	
7-12	1031-1035	noch	_	_	_	
7-13	1036-1040	eine	_	_	_	
7-14	1041-1046	Sorte	_	_	_	
7-15	1046-1047	,	_	_	_	
7-16	1048-1055	weiſſer	_	_	_	
7-17	1056-1061	Amber	_	_	_	
7-18	1062-1069	genannt	_	_	_	
7-19	1069-1070	,	_	_	_	
7-20	1071-1078	welcher	_	_	_	
7-21	1079-1085	allein	_	_	_	
7-22	1086-1089	von	_	_	_	
7-23	1090-1105	Standesperſonen	_	_	_	
7-24	1106-1116	gebrauchet	_	_	_	
7-25	1116-1117	,	_	_	_	
7-26	1118-1121	und	_	_	_	
7-27	1122-1124	zu	_	_	_	
7-28	1125-1135	Erquickung	_	_	_	
7-29	1136-1139	des	_	_	_	
7-30	1140-1148	Hertzens	_	_	_	
7-31	1148-1149	,	_	_	_	
7-32	1150-1154	auch	_	_	_	
7-33	1155-1158	zur	_	_	_	
7-34	1159-1161	Er	_	_	_	
7-35	1161-1162	-	_	_	_	
7-36	1163-1170	ſetzung	_	_	_	
7-37	1171-1174	der	_	_	_	
7-38	1175-1187	natuͤrlichen	_	_	_	
7-39	1188-1194	Waͤrme	_	_	_	
7-40	1195-1197	in	_	_	_	
7-41	1198-1203	einer	_	_	_	
7-42	1204-1209	Suppe	_	_	_	
7-43	1210-1218	genommen	_	_	_	
7-44	1219-1223	wird	_	_	_	
7-45	1223-1224	.	_	_	_	

#Text=Weiſſer Am-
#Text=ber.
8-1	1228-1235	Weiſſer	_	_	_	
8-2	1236-1238	Am	_	_	_	
8-3	1238-1239	-	_	_	_	
8-4	1240-1243	ber	_	_	_	
8-5	1243-1244	.	_	_	_	

#Text=Es giebt ingleichen noch eine dritte
#Text=Art Ambra, welche eben ſo ſchwartz als
#Text=wie das fluͤßige Ladanum ſiehet, und
#Text=von etlichen den Namen Fuchsamber
#Text=bekommen hat, weil er ihrem Vorge-
#Text=ben nach, dieſe Farbe daher uͤberkom-
#Text=men haben ſoll, weil er einige Zeit in
#Text=dem Magen gewiſſer Fiſche gelegen, die
#Text=ihn hernachmahls wieder von ſich gege-
#Text=ben: welches ich aber nicht verſichern
#Text=
#Text=kan, dieweil ichs nicht geſehen.
9-1	1246-1248	Es	_	_	_	
9-2	1249-1254	giebt	_	_	_	
9-3	1255-1265	ingleichen	_	_	_	
9-4	1266-1270	noch	_	_	_	
9-5	1271-1275	eine	_	_	_	
9-6	1276-1282	dritte	_	_	_	
9-7	1283-1286	Art	_	_	_	
9-8	1287-1292	Ambra	_	_	_	
9-9	1292-1293	,	_	_	_	
9-10	1294-1300	welche	_	_	_	
9-11	1301-1305	eben	_	_	_	
9-12	1306-1308	ſo	_	_	_	
9-13	1309-1317	ſchwartz	_	_	_	
9-14	1318-1321	als	_	_	_	
9-15	1322-1325	wie	_	_	_	
9-16	1326-1329	das	_	_	_	
9-17	1330-1338	fluͤßige	_	_	_	
9-18	1339-1346	Ladanum	_	_	_	
9-19	1347-1353	ſiehet	_	_	_	
9-20	1353-1354	,	_	_	_	
9-21	1355-1358	und	_	_	_	
9-22	1359-1362	von	_	_	_	
9-23	1363-1371	etlichen	_	_	_	
9-24	1372-1375	den	_	_	_	
9-25	1376-1381	Namen	_	_	_	
9-26	1382-1392	Fuchsamber	_	_	_	
9-27	1393-1401	bekommen	_	_	_	
9-28	1402-1405	hat	_	_	_	
9-29	1405-1406	,	_	_	_	
9-30	1407-1411	weil	_	_	_	
9-31	1412-1414	er	_	_	_	
9-32	1415-1420	ihrem	_	_	_	
9-33	1421-1426	Vorge	_	_	_	
9-34	1426-1427	-	_	_	_	
9-35	1428-1431	ben	_	_	_	
9-36	1432-1436	nach	_	_	_	
9-37	1436-1437	,	_	_	_	
9-38	1438-1443	dieſe	_	_	_	
9-39	1444-1449	Farbe	_	_	_	
9-40	1450-1455	daher	_	_	_	
9-41	1456-1464	uͤberkom	_	_	_	
9-42	1464-1465	-	_	_	_	
9-43	1466-1469	men	_	_	_	
9-44	1470-1475	haben	_	_	_	
9-45	1476-1480	ſoll	_	_	_	
9-46	1480-1481	,	_	_	_	
9-47	1482-1486	weil	_	_	_	
9-48	1487-1489	er	_	_	_	
9-49	1490-1496	einige	_	_	_	
9-50	1497-1501	Zeit	_	_	_	
9-51	1502-1504	in	_	_	_	
9-52	1505-1508	dem	_	_	_	
9-53	1509-1514	Magen	_	_	_	
9-54	1515-1523	gewiſſer	_	_	_	
9-55	1524-1530	Fiſche	_	_	_	
9-56	1531-1538	gelegen	_	_	_	
9-57	1538-1539	,	_	_	_	
9-58	1540-1543	die	_	_	_	
9-59	1544-1547	ihn	_	_	_	
9-60	1548-1560	hernachmahls	_	_	_	
9-61	1561-1567	wieder	_	_	_	
9-62	1568-1571	von	_	_	_	
9-63	1572-1576	ſich	_	_	_	
9-64	1577-1581	gege	_	_	_	
9-65	1581-1582	-	_	_	_	
9-66	1583-1586	ben	_	_	_	
9-67	1586-1587	:	_	_	_	
9-68	1588-1595	welches	_	_	_	
9-69	1596-1599	ich	_	_	_	
9-70	1600-1604	aber	_	_	_	
9-71	1605-1610	nicht	_	_	_	
9-72	1611-1621	verſichern	_	_	_	
9-73	1623-1626	kan	_	_	_	
9-74	1626-1627	,	_	_	_	
9-75	1628-1635	dieweil	_	_	_	
9-76	1636-1640	ichs	_	_	_	
9-77	1641-1646	nicht	_	_	_	
9-78	1647-1654	geſehen	_	_	_	
9-79	1654-1655	.	_	_	_	

#Text=Schwartzer
#Text=
#Text=Amber oder
#Text=Fuchsamber.
10-1	1659-1669	Schwartzer	_	_	_	
10-2	1671-1676	Amber	_	_	_	
10-3	1677-1681	oder	_	_	_	
10-4	1682-1692	Fuchsamber	_	_	_	
10-5	1692-1693	.	_	_	_	
