#FORMAT=WebAnno TSV 3.3
#T_SP=custom.Span|label
#T_RL=custom.Relation|label|BT_custom.Span


#Text=Die Hollaͤnder machen die annoch
#Text=gruͤnen Naͤglein ein, und bereiten alſo
#Text=ein herrlich Eingemachtes, welches ſie
#Text=theils uͤber See verſenden, theils aber
#Text=und vielfaͤltig fuͤr alte Leute gebꝛauchen,
#Text=die ſich deſſen zu Wiedererſetzung der
#Text=natuͤrlichen Waͤrme bedienen.
1-1	2-5	Die	_	_	_	
1-2	6-16	Hollaͤnder	_	_	_	
1-3	17-23	machen	_	_	_	
1-4	24-27	die	_	_	_	
1-5	28-34	annoch	_	_	_	
1-6	35-42	gruͤnen	_	_	_	
1-7	43-51	Naͤglein	_	_	_	
1-8	52-55	ein	_	_	_	
1-9	55-56	,	_	_	_	
1-10	57-60	und	_	_	_	
1-11	61-69	bereiten	_	_	_	
1-12	70-74	alſo	_	_	_	
1-13	75-78	ein	_	_	_	
1-14	79-87	herrlich	_	_	_	
1-15	88-100	Eingemachtes	_	_	_	
1-16	100-101	,	_	_	_	
1-17	102-109	welches	_	_	_	
1-18	110-113	ſie	_	_	_	
1-19	114-120	theils	_	_	_	
1-20	121-126	uͤber	_	_	_	
1-21	127-130	See	_	_	_	
1-22	131-140	verſenden	_	_	_	
1-23	140-141	,	_	_	_	
1-24	142-148	theils	_	_	_	
1-25	149-153	aber	_	_	_	
1-26	154-157	und	_	_	_	
1-27	158-169	vielfaͤltig	_	_	_	
1-28	170-174	fuͤr	_	_	_	
1-29	175-179	alte	_	_	_	
1-30	180-185	Leute	_	_	_	
1-31	186-196	gebꝛauchen	_	_	_	
1-32	196-197	,	_	_	_	
1-33	198-201	die	_	_	_	
1-34	202-206	ſich	_	_	_	
1-35	207-213	deſſen	_	_	_	
1-36	214-216	zu	_	_	_	
1-37	217-232	Wiedererſetzung	_	_	_	
1-38	233-236	der	_	_	_	
1-39	237-249	natuͤrlichen	_	_	_	
1-40	250-256	Waͤrme	_	_	_	
1-41	257-265	bedienen	_	_	_	
1-42	265-266	.	_	_	_	

#Text=Dieſe
#Text=
#Text=Naͤglein ſollen weich ſeyn, und einen
#Text=heiſſen anmuthigen Geſchmack haben;
#Text=
#Text=es ſoll auch nicht zu viel Syrup drauf
#Text=ſeyn, ſondern nur ſo viel, als zur Erhal-
#Text=tung der Fruͤchte von noͤthen, denn er
#Text=ohne diß nicht ſo hoch geachtet wird, als
#Text=wie die Frucht.
2-1	267-272	Dieſe	_	_	_	
2-2	274-282	Naͤglein	_	_	_	
2-3	283-289	ſollen	_	_	_	
2-4	290-295	weich	_	_	_	
2-5	296-300	ſeyn	_	_	_	
2-6	300-301	,	_	_	_	
2-7	302-305	und	_	_	_	
2-8	306-311	einen	_	_	_	
2-9	312-319	heiſſen	_	_	_	
2-10	320-330	anmuthigen	_	_	_	
2-11	331-340	Geſchmack	_	_	_	
2-12	341-346	haben	_	_	_	
2-13	346-347	;	_	_	_	
2-14	349-351	es	_	_	_	
2-15	352-356	ſoll	_	_	_	
2-16	357-361	auch	_	_	_	
2-17	362-367	nicht	_	_	_	
2-18	368-370	zu	_	_	_	
2-19	371-375	viel	_	_	_	
2-20	376-381	Syrup	_	_	_	
2-21	382-387	drauf	_	_	_	
2-22	388-392	ſeyn	_	_	_	
2-23	392-393	,	_	_	_	
2-24	394-401	ſondern	_	_	_	
2-25	402-405	nur	_	_	_	
2-26	406-408	ſo	_	_	_	
2-27	409-413	viel	_	_	_	
2-28	413-414	,	_	_	_	
2-29	415-418	als	_	_	_	
2-30	419-422	zur	_	_	_	
2-31	423-428	Erhal	_	_	_	
2-32	428-429	-	_	_	_	
2-33	430-434	tung	_	_	_	
2-34	435-438	der	_	_	_	
2-35	439-447	Fruͤchte	_	_	_	
2-36	448-451	von	_	_	_	
2-37	452-459	noͤthen	_	_	_	
2-38	459-460	,	_	_	_	
2-39	461-465	denn	_	_	_	
2-40	466-468	er	_	_	_	
2-41	469-473	ohne	_	_	_	
2-42	474-477	diß	_	_	_	
2-43	478-483	nicht	_	_	_	
2-44	484-486	ſo	_	_	_	
2-45	487-491	hoch	_	_	_	
2-46	492-500	geachtet	_	_	_	
2-47	501-505	wird	_	_	_	
2-48	505-506	,	_	_	_	
2-49	507-510	als	_	_	_	
2-50	511-514	wie	_	_	_	
2-51	515-518	die	_	_	_	
2-52	519-525	Frucht	_	_	_	
2-53	525-526	.	_	_	_	

#Text=Eingemachte
#Text=
#Text=Naͤglein.
3-1	530-541	Eingemachte	_	_	_	
3-2	543-551	Naͤglein	_	_	_	
3-3	551-552	.	_	_	_	

#Text=Sie ziehen auch aus dieſer Frucht ein
#Text=
#Text=Oel, welches goldgelb ſiehet, wenn es
#Text=noch friſch iſt, und immer roͤther wird,
#Text=
#Text=wenn es lange ſtehet.
4-1	555-558	Sie	_	_	_	
4-2	559-565	ziehen	_	_	_	
4-3	566-570	auch	_	_	_	
4-4	571-574	aus	_	_	_	
4-5	575-581	dieſer	_	_	_	
4-6	582-588	Frucht	_	_	_	
4-7	589-592	ein	_	_	_	
4-8	594-597	Oel	_	_	_	
4-9	597-598	,	_	_	_	
4-10	599-606	welches	_	_	_	
4-11	607-615	goldgelb	_	_	_	
4-12	616-622	ſiehet	_	_	_	
4-13	622-623	,	_	_	_	
4-14	624-628	wenn	_	_	_	
4-15	629-631	es	_	_	_	
4-16	632-636	noch	_	_	_	
4-17	637-643	friſch	_	_	_	
4-18	644-647	iſt	_	_	_	
4-19	647-648	,	_	_	_	
4-20	649-652	und	_	_	_	
4-21	653-658	immer	_	_	_	
4-22	659-666	roͤther	_	_	_	
4-23	667-671	wird	_	_	_	
4-24	671-672	,	_	_	_	
4-25	674-678	wenn	_	_	_	
4-26	679-681	es	_	_	_	
4-27	682-687	lange	_	_	_	
4-28	688-694	ſtehet	_	_	_	
4-29	694-695	.	_	_	_	

#Text=Wenn dieſes Oel
#Text=aufrichtig ſeyn ſoll, denn muß es ietztge-
#Text=meldte Farbe haben, fetticht ſeyn, und
#Text=oben auf dem Waſſer ſchwimmen, dazu
#Text=muß es auch ſo ſtarck und penetrant
#Text=ſchmecken, als immer moͤglich, wie nicht
#Text=weniger einen Naͤglein Geſchmack und
#Text=Geruch haben.
5-1	696-700	Wenn	_	_	_	
5-2	701-707	dieſes	_	_	_	
5-3	708-711	Oel	Smell\_Source	_	_	
5-4	712-722	aufrichtig	_	_	_	
5-5	723-727	ſeyn	_	_	_	
5-6	728-732	ſoll	_	_	_	
5-7	732-733	,	_	_	_	
5-8	734-738	denn	_	_	_	
5-9	739-742	muß	_	_	_	
5-10	743-745	es	_	_	_	
5-11	746-753	ietztge	_	_	_	
5-12	753-754	-	_	_	_	
5-13	755-761	meldte	_	_	_	
5-14	762-767	Farbe	_	_	_	
5-15	768-773	haben	_	_	_	
5-16	773-774	,	_	_	_	
5-17	775-783	fetticht	_	_	_	
5-18	784-788	ſeyn	_	_	_	
5-19	788-789	,	_	_	_	
5-20	790-793	und	_	_	_	
5-21	794-798	oben	_	_	_	
5-22	799-802	auf	_	_	_	
5-23	803-806	dem	_	_	_	
5-24	807-813	Waſſer	_	_	_	
5-25	814-823	ſchwimmen	_	_	_	
5-26	823-824	,	_	_	_	
5-27	825-829	dazu	_	_	_	
5-28	830-833	muß	_	_	_	
5-29	834-836	es	_	_	_	
5-30	837-841	auch	_	_	_	
5-31	842-844	ſo	_	_	_	
5-32	845-851	ſtarck	_	_	_	
5-33	852-855	und	_	_	_	
5-34	856-865	penetrant	_	_	_	
5-35	866-875	ſchmecken	_	_	_	
5-36	875-876	,	_	_	_	
5-37	877-880	als	_	_	_	
5-38	881-886	immer	_	_	_	
5-39	887-895	moͤglich	_	_	_	
5-40	895-896	,	_	_	_	
5-41	897-900	wie	_	_	_	
5-42	901-906	nicht	_	_	_	
5-43	907-914	weniger	_	_	_	
5-44	915-920	einen	_	_	_	
5-45	921-929	Naͤglein	Evoked\_Odorant	_	_	
5-46	930-939	Geſchmack	_	_	_	
5-47	940-943	und	_	_	_	
5-48	944-950	Geruch	Smell\_Word	*|*	5-45|5-3	
5-49	951-956	haben	_	_	_	
5-50	956-957	.	_	_	_	

#Text=Uberdiß mag man be-
#Text=ſorget ſeyn, es bey rechtſchaffenen Leu-
#Text=ten zu erkauffen, weil es auf gar unter-
#Text=ſchiedene Weiſe kan vermiſchet werden,
#Text=welches alsdann gar ſchwerlich zu mer-
#Text=cken, indem dieſes Oel einen aus dermaſ-
#Text=ſen ſtarcken Geruch hat.
6-1	958-965	Uberdiß	_	_	_	
6-2	966-969	mag	_	_	_	
6-3	970-973	man	_	_	_	
6-4	974-976	be	_	_	_	
6-5	976-977	-	_	_	_	
6-6	978-984	ſorget	_	_	_	
6-7	985-989	ſeyn	_	_	_	
6-8	989-990	,	_	_	_	
6-9	991-993	es	_	_	_	
6-10	994-997	bey	_	_	_	
6-11	998-1013	rechtſchaffenen	_	_	_	
6-12	1014-1017	Leu	_	_	_	
6-13	1017-1018	-	_	_	_	
6-14	1019-1022	ten	_	_	_	
6-15	1023-1025	zu	_	_	_	
6-16	1026-1035	erkauffen	_	_	_	
6-17	1035-1036	,	_	_	_	
6-18	1037-1041	weil	_	_	_	
6-19	1042-1044	es	_	_	_	
6-20	1045-1048	auf	_	_	_	
6-21	1049-1052	gar	_	_	_	
6-22	1053-1058	unter	_	_	_	
6-23	1058-1059	-	_	_	_	
6-24	1060-1069	ſchiedene	_	_	_	
6-25	1070-1075	Weiſe	_	_	_	
6-26	1076-1079	kan	Effect[1]	_	_	
6-27	1080-1090	vermiſchet	Effect[1]	_	_	
6-28	1091-1097	werden	Effect[1]	_	_	
6-29	1097-1098	,	Effect[1]	_	_	
6-30	1099-1106	welches	Effect[1]	_	_	
6-31	1107-1114	alsdann	Effect[1]	_	_	
6-32	1115-1118	gar	Effect[1]	_	_	
6-33	1119-1129	ſchwerlich	Effect[1]	_	_	
6-34	1130-1132	zu	Effect[1]	_	_	
6-35	1133-1136	mer	Effect[1]	_	_	
6-36	1136-1137	-	Effect[1]	_	_	
6-37	1138-1142	cken	Effect[1]	_	_	
6-38	1142-1143	,	_	_	_	
6-39	1144-1149	indem	_	_	_	
6-40	1150-1156	dieſes	_	_	_	
6-41	1157-1160	Oel	Smell\_Source	_	_	
6-42	1161-1166	einen	_	_	_	
6-43	1167-1170	aus	_	_	_	
6-44	1171-1177	dermaſ	Quality[2]	_	_	
6-45	1177-1178	-	Quality[2]	_	_	
6-46	1179-1182	ſen	Quality[2]	_	_	
6-47	1183-1191	ſtarcken	Quality[2]	_	_	
6-48	1192-1198	Geruch	Smell\_Word	*|*|*	6-44[2_0]|6-41|6-26[1_0]	
6-49	1199-1202	hat	_	_	_	
6-50	1202-1203	.	_	_	_	

#Text=Man kan desgleichen aus den Naͤg-
#Text=lein, vermittelſt eines Trinckgeſchirrs u.
#Text=einer Wagſchale, mit Feuer ein weiſſes
#Text=Oel ziehen;
#Text=wie ſolches bey dem Herrn
#Text=Lemery aufgezeichnet ſtehet.
7-1	1207-1210	Man	_	_	_	
7-2	1211-1214	kan	_	_	_	
7-3	1215-1226	desgleichen	_	_	_	
7-4	1227-1230	aus	_	_	_	
7-5	1231-1234	den	_	_	_	
7-6	1235-1239	Naͤg	_	_	_	
7-7	1239-1240	-	_	_	_	
7-8	1241-1245	lein	_	_	_	
7-9	1245-1246	,	_	_	_	
7-10	1247-1258	vermittelſt	_	_	_	
7-11	1259-1264	eines	_	_	_	
7-12	1265-1280	Trinckgeſchirrs	_	_	_	
7-13	1281-1282	u	_	_	_	
7-14	1282-1283	.	_	_	_	
7-15	1284-1289	einer	_	_	_	
7-16	1290-1299	Wagſchale	_	_	_	
7-17	1299-1300	,	_	_	_	
7-18	1301-1304	mit	_	_	_	
7-19	1305-1310	Feuer	_	_	_	
7-20	1311-1314	ein	_	_	_	
7-21	1315-1322	weiſſes	_	_	_	
7-22	1323-1326	Oel	_	_	_	
7-23	1327-1333	ziehen	_	_	_	
7-24	1333-1334	;	_	_	_	
7-25	1335-1338	wie	_	_	_	
7-26	1339-1346	ſolches	_	_	_	
7-27	1347-1350	bey	_	_	_	
7-28	1351-1354	dem	_	_	_	
7-29	1355-1360	Herrn	_	_	_	
7-30	1361-1367	Lemery	_	_	_	
7-31	1368-1381	aufgezeichnet	_	_	_	
7-32	1382-1388	ſtehet	_	_	_	
7-33	1388-1389	.	_	_	_	

#Text=Allein
#Text=es
#Text=duͤrffte
#Text=die Muͤhe nicht belohnen,
#Text=theils, weil man eine geraume Zeit da-
#Text=zu anwenden muß, und denn, weil es
#Text=doppelt ſo viel koſtet, als das, welches
#Text=wir aus Holland bekommen, und weit
#Text=beſſer iſt.
8-1	1390-1396	Allein	_	_	_	
8-2	1397-1399	es	_	_	_	
8-3	1400-1408	duͤrffte	_	_	_	
8-4	1409-1412	die	_	_	_	
8-5	1413-1418	Muͤhe	_	_	_	
8-6	1419-1424	nicht	_	_	_	
8-7	1425-1433	belohnen	_	_	_	
8-8	1433-1434	,	_	_	_	
8-9	1435-1441	theils	_	_	_	
8-10	1441-1442	,	_	_	_	
8-11	1443-1447	weil	_	_	_	
8-12	1448-1451	man	_	_	_	
8-13	1452-1456	eine	_	_	_	
8-14	1457-1464	geraume	_	_	_	
8-15	1465-1469	Zeit	_	_	_	
8-16	1470-1472	da	_	_	_	
8-17	1472-1473	-	_	_	_	
8-18	1474-1476	zu	_	_	_	
8-19	1477-1485	anwenden	_	_	_	
8-20	1486-1489	muß	_	_	_	
8-21	1489-1490	,	_	_	_	
8-22	1491-1494	und	_	_	_	
8-23	1495-1499	denn	_	_	_	
8-24	1499-1500	,	_	_	_	
8-25	1501-1505	weil	_	_	_	
8-26	1506-1508	es	_	_	_	
8-27	1509-1516	doppelt	_	_	_	
8-28	1517-1519	ſo	_	_	_	
8-29	1520-1524	viel	_	_	_	
8-30	1525-1531	koſtet	_	_	_	
8-31	1531-1532	,	_	_	_	
8-32	1533-1536	als	_	_	_	
8-33	1537-1540	das	_	_	_	
8-34	1540-1541	,	_	_	_	
8-35	1542-1549	welches	_	_	_	
8-36	1550-1553	wir	_	_	_	
8-37	1554-1557	aus	_	_	_	
8-38	1558-1565	Holland	_	_	_	
8-39	1566-1574	bekommen	_	_	_	
8-40	1574-1575	,	_	_	_	
8-41	1576-1579	und	_	_	_	
8-42	1580-1584	weit	_	_	_	
8-43	1585-1591	beſſer	_	_	_	
8-44	1592-1595	iſt	_	_	_	
8-45	1595-1596	.	_	_	_	

#Text=Das Naͤgleinoͤl brauchen die Parfu-
#Text=mirer gar ſtarck, in der Artzney aber hat
#Text=es wenig Nutzen, auſſer daß man vor-
#Text=giebet, es ſey ein Univerſal und allge-
#Text=meines Mittel wider die Zahnſchmer-
#Text=tzen.
9-1	1600-1603	Das	_	_	_	
9-2	1604-1615	Naͤgleinoͤl	_	_	_	
9-3	1616-1624	brauchen	_	_	_	
9-4	1625-1628	die	_	_	_	
9-5	1629-1634	Parfu	_	_	_	
9-6	1634-1635	-	_	_	_	
9-7	1636-1641	mirer	_	_	_	
9-8	1642-1645	gar	_	_	_	
9-9	1646-1652	ſtarck	_	_	_	
9-10	1652-1653	,	_	_	_	
9-11	1654-1656	in	_	_	_	
9-12	1657-1660	der	_	_	_	
9-13	1661-1668	Artzney	_	_	_	
9-14	1669-1673	aber	_	_	_	
9-15	1674-1677	hat	_	_	_	
9-16	1678-1680	es	_	_	_	
9-17	1681-1686	wenig	_	_	_	
9-18	1687-1693	Nutzen	_	_	_	
9-19	1693-1694	,	_	_	_	
9-20	1695-1701	auſſer	_	_	_	
9-21	1702-1705	daß	_	_	_	
9-22	1706-1709	man	_	_	_	
9-23	1710-1713	vor	_	_	_	
9-24	1713-1714	-	_	_	_	
9-25	1715-1721	giebet	_	_	_	
9-26	1721-1722	,	_	_	_	
9-27	1723-1725	es	_	_	_	
9-28	1726-1729	ſey	_	_	_	
9-29	1730-1733	ein	_	_	_	
9-30	1734-1743	Univerſal	_	_	_	
9-31	1744-1747	und	_	_	_	
9-32	1748-1753	allge	_	_	_	
9-33	1753-1754	-	_	_	_	
9-34	1755-1761	meines	_	_	_	
9-35	1762-1768	Mittel	_	_	_	
9-36	1769-1774	wider	_	_	_	
9-37	1775-1778	die	_	_	_	
9-38	1779-1789	Zahnſchmer	_	_	_	
9-39	1789-1790	-	_	_	_	
9-40	1791-1795	tzen	_	_	_	
9-41	1795-1796	.	_	_	_	
