#FORMAT=WebAnno TSV 3.3
#T_SP=custom.Span|label
#T_RL=custom.Relation|label|BT_custom.Span


#Text=Von Myrten- und Heydelbeeren
#Text=.
1-1	4-7	Von	_	_	_	
1-2	8-14	Myrten	_	_	_	
1-3	14-15	-	_	_	_	
1-4	16-19	und	_	_	_	
1-5	20-32	Heydelbeeren	_	_	_	
1-6	33-34	.	_	_	_	

#Text=MRrtilles, Myrten- oder Welſchhey-
#Text=delbeeren ſind die Beeren oder der
#Text=
#Text=Samen gewiſſer Stauden, welche im
#Text=Frantzoͤſiſchen Myrtes, auch Meurtes, zu
#Text=
#Text=Teutſch,
#Text=
#Text=
#Text=B 3\f
#Text=[0046]
#Text=
#Text=
#Text=Der Spezereyen und Materialien
#Text=
#Text=
#Text=Teutſch, Myrtenbaͤumlein genennet
#Text=
#Text=werden, und ſind derer ſo vielerley
#Text=Ge-
#Text=ſchlecht und Arten, als vielleicht Mei-
#Text=nungen der Scribenten davon zu finden.
2-1	37-46	MRrtilles	_	_	_	
2-2	46-47	,	_	_	_	
2-3	48-54	Myrten	_	_	_	
2-4	54-55	-	_	_	_	
2-5	56-60	oder	_	_	_	
2-6	61-70	Welſchhey	_	_	_	
2-7	70-71	-	_	_	_	
2-8	72-81	delbeeren	_	_	_	
2-9	82-86	ſind	_	_	_	
2-10	87-90	die	_	_	_	
2-11	91-97	Beeren	_	_	_	
2-12	98-102	oder	_	_	_	
2-13	103-106	der	_	_	_	
2-14	108-113	Samen	_	_	_	
2-15	114-122	gewiſſer	_	_	_	
2-16	123-130	Stauden	_	_	_	
2-17	130-131	,	_	_	_	
2-18	132-138	welche	_	_	_	
2-19	139-141	im	_	_	_	
2-20	142-157	Frantzoͤſiſchen	_	_	_	
2-21	158-164	Myrtes	_	_	_	
2-22	164-165	,	_	_	_	
2-23	166-170	auch	_	_	_	
2-24	171-178	Meurtes	_	_	_	
2-25	178-179	,	_	_	_	
2-26	180-182	zu	_	_	_	
2-27	184-191	Teutſch	_	_	_	
2-28	191-192	,	_	_	_	
2-29	195-196	B	_	_	_	
2-30	197-198	3	_	_	_	
2-31	200-201	[	_	_	_	
2-32	201-205	0046	_	_	_	
2-33	205-206	]	_	_	_	
2-34	209-212	Der	_	_	_	
2-35	213-223	Spezereyen	_	_	_	
2-36	224-227	und	_	_	_	
2-37	228-239	Materialien	_	_	_	
2-38	242-249	Teutſch	_	_	_	
2-39	249-250	,	_	_	_	
2-40	251-266	Myrtenbaͤumlein	_	_	_	
2-41	267-275	genennet	_	_	_	
2-42	277-283	werden	_	_	_	
2-43	283-284	,	_	_	_	
2-44	285-288	und	_	_	_	
2-45	289-293	ſind	_	_	_	
2-46	294-299	derer	_	_	_	
2-47	300-302	ſo	_	_	_	
2-48	303-312	vielerley	_	_	_	
2-49	313-315	Ge	_	_	_	
2-50	315-316	-	_	_	_	
2-51	317-325	ſchlecht	_	_	_	
2-52	326-329	und	_	_	_	
2-53	330-335	Arten	_	_	_	
2-54	335-336	,	_	_	_	
2-55	337-340	als	_	_	_	
2-56	341-351	vielleicht	_	_	_	
2-57	352-355	Mei	_	_	_	
2-58	355-356	-	_	_	_	
2-59	357-363	nungen	_	_	_	
2-60	364-367	der	_	_	_	
2-61	368-378	Scribenten	_	_	_	
2-62	379-384	davon	_	_	_	
2-63	385-387	zu	_	_	_	
2-64	388-394	finden	_	_	_	
2-65	394-395	.	_	_	_	

#Text=Weil aber ſolchen Streit beyzulegen ich
#Text=viel zu unvermoͤgend bin, als habe mir
#Text=vorgenommen, nur zwey Gattungen
#Text=
#Text=derſelben, welche auch zu Paris bekannt
#Text=ſind und gebauet werden, zu beſchreiben,
#Text=und zwar die eine unter dem Titel des
#Text=Maͤnnleins, die andere unter dem Na-
#Text=men des Weibleins.
3-1	397-401	Weil	_	_	_	
3-2	402-406	aber	_	_	_	
3-3	407-414	ſolchen	_	_	_	
3-4	415-421	Streit	_	_	_	
3-5	422-432	beyzulegen	_	_	_	
3-6	433-436	ich	_	_	_	
3-7	437-441	viel	_	_	_	
3-8	442-444	zu	_	_	_	
3-9	445-457	unvermoͤgend	_	_	_	
3-10	458-461	bin	_	_	_	
3-11	461-462	,	_	_	_	
3-12	463-466	als	_	_	_	
3-13	467-471	habe	_	_	_	
3-14	472-475	mir	_	_	_	
3-15	476-487	vorgenommen	_	_	_	
3-16	487-488	,	_	_	_	
3-17	489-492	nur	_	_	_	
3-18	493-497	zwey	_	_	_	
3-19	498-507	Gattungen	_	_	_	
3-20	509-518	derſelben	_	_	_	
3-21	518-519	,	_	_	_	
3-22	520-526	welche	_	_	_	
3-23	527-531	auch	_	_	_	
3-24	532-534	zu	_	_	_	
3-25	535-540	Paris	_	_	_	
3-26	541-548	bekannt	_	_	_	
3-27	549-553	ſind	_	_	_	
3-28	554-557	und	_	_	_	
3-29	558-565	gebauet	_	_	_	
3-30	566-572	werden	_	_	_	
3-31	572-573	,	_	_	_	
3-32	574-576	zu	_	_	_	
3-33	577-588	beſchreiben	_	_	_	
3-34	588-589	,	_	_	_	
3-35	590-593	und	_	_	_	
3-36	594-598	zwar	_	_	_	
3-37	599-602	die	_	_	_	
3-38	603-607	eine	_	_	_	
3-39	608-613	unter	_	_	_	
3-40	614-617	dem	_	_	_	
3-41	618-623	Titel	_	_	_	
3-42	624-627	des	_	_	_	
3-43	628-638	Maͤnnleins	_	_	_	
3-44	638-639	,	_	_	_	
3-45	640-643	die	_	_	_	
3-46	644-650	andere	_	_	_	
3-47	651-656	unter	_	_	_	
3-48	657-660	dem	_	_	_	
3-49	661-663	Na	_	_	_	
3-50	663-664	-	_	_	_	
3-51	665-668	men	_	_	_	
3-52	669-672	des	_	_	_	
3-53	673-682	Weibleins	_	_	_	
3-54	682-683	.	_	_	_	

#Text=Das Maͤnnlein,
#Text=welches viel dicker und ſtaͤrcker wird, als
#Text=das Weiblein, hat blaßgruͤne, ſpitzige,
#Text=glatte, wohlriechende Blaͤtter, die wohl
#Text=drey oder viermahl ſo groß ſind, als des
#Text=Weibleins, welche dunckelgruͤne, und
#Text=bald wie Buchsbaumblaͤtter ſehen, ohne
#Text=daß ſie ein gut Theil kleiner ſind, und fein
#Text=ordentlich beyſammen wachſen.
4-1	684-687	Das	_	_	_	
4-2	688-697	Maͤnnlein	Smell\_Source	_	_	
4-3	697-698	,	_	_	_	
4-4	699-706	welches	Smell\_Source	*	4-23	
4-5	707-711	viel	_	_	_	
4-6	712-718	dicker	_	_	_	
4-7	719-722	und	_	_	_	
4-8	723-732	ſtaͤrcker	_	_	_	
4-9	733-737	wird	_	_	_	
4-10	737-738	,	_	_	_	
4-11	739-742	als	_	_	_	
4-12	743-746	das	_	_	_	
4-13	747-755	Weiblein	_	_	_	
4-14	755-756	,	_	_	_	
4-15	757-760	hat	_	_	_	
4-16	761-771	blaßgruͤne	_	_	_	
4-17	771-772	,	_	_	_	
4-18	773-781	ſpitzige	_	_	_	
4-19	781-782	,	_	_	_	
4-20	783-789	glatte	_	_	_	
4-21	789-790	,	_	_	_	
4-22	791-804	wohlriechende	Quality	_	_	
4-23	805-813	Blaͤtter	Smell\_Source	*	4-22	
4-24	813-814	,	_	_	_	
4-25	815-818	die	_	_	_	
4-26	819-823	wohl	_	_	_	
4-27	824-828	drey	_	_	_	
4-28	829-833	oder	_	_	_	
4-29	834-842	viermahl	_	_	_	
4-30	843-845	ſo	_	_	_	
4-31	846-850	groß	_	_	_	
4-32	851-855	ſind	_	_	_	
4-33	855-856	,	_	_	_	
4-34	857-860	als	_	_	_	
4-35	861-864	des	_	_	_	
4-36	865-874	Weibleins	_	_	_	
4-37	874-875	,	_	_	_	
4-38	876-882	welche	_	_	_	
4-39	883-896	dunckelgruͤne	_	_	_	
4-40	896-897	,	_	_	_	
4-41	898-901	und	_	_	_	
4-42	902-906	bald	_	_	_	
4-43	907-910	wie	_	_	_	
4-44	911-928	Buchsbaumblaͤtter	_	_	_	
4-45	929-934	ſehen	_	_	_	
4-46	934-935	,	_	_	_	
4-47	936-940	ohne	_	_	_	
4-48	941-944	daß	_	_	_	
4-49	945-948	ſie	_	_	_	
4-50	949-952	ein	_	_	_	
4-51	953-956	gut	_	_	_	
4-52	957-962	Theil	_	_	_	
4-53	963-970	kleiner	_	_	_	
4-54	971-975	ſind	_	_	_	
4-55	975-976	,	_	_	_	
4-56	977-980	und	_	_	_	
4-57	981-985	fein	_	_	_	
4-58	986-996	ordentlich	_	_	_	
4-59	997-1006	beyſammen	_	_	_	
4-60	1007-1014	wachſen	_	_	_	
4-61	1014-1015	.	_	_	_	

#Text=Bey-
#Text=
#Text=derley Myrtenblumen ſehen wie Roͤs-
#Text=gen, weiß und roͤthlicht, wachſen in glei-
#Text=cher Weite zwiſchen denen Blaͤttern her-
#Text=vor.
5-1	1016-1019	Bey	_	_	_	
5-2	1019-1020	-	_	_	_	
5-3	1022-1028	derley	_	_	_	
5-4	1029-1041	Myrtenblumen	_	_	_	
5-5	1042-1047	ſehen	_	_	_	
5-6	1048-1051	wie	_	_	_	
5-7	1052-1056	Roͤs	_	_	_	
5-8	1056-1057	-	_	_	_	
5-9	1058-1061	gen	_	_	_	
5-10	1061-1062	,	_	_	_	
5-11	1063-1067	weiß	_	_	_	
5-12	1068-1071	und	_	_	_	
5-13	1072-1082	roͤthlicht	_	_	_	
5-14	1082-1083	,	_	_	_	
5-15	1084-1091	wachſen	_	_	_	
5-16	1092-1094	in	_	_	_	
5-17	1095-1099	glei	_	_	_	
5-18	1099-1100	-	_	_	_	
5-19	1101-1105	cher	_	_	_	
5-20	1106-1111	Weite	_	_	_	
5-21	1112-1120	zwiſchen	_	_	_	
5-22	1121-1126	denen	_	_	_	
5-23	1127-1136	Blaͤttern	_	_	_	
5-24	1137-1140	her	_	_	_	
5-25	1140-1141	-	_	_	_	
5-26	1142-1145	vor	_	_	_	
5-27	1145-1146	.	_	_	_	

#Text=Sie tragen auch kleine Fruͤchte,
#Text=welche unter die Beeren zu rechnen, und
#Text=anfangs gruͤn ſehen, hernach aber immer
#Text=ſchwaͤrtzer werden, voll Saft und glatt
#Text=ſind: inwendig ſtecken ein Hauffen kleine
#Text=Kerne, die wie halbe Monde mit ein-
#Text=warts gekehrten Spitzen geſtaltet, dichte
#Text=und ſehr harte ſind, auch wie das gantze
#Text=Gewaͤchſe, anziehend ſchmecken.
6-1	1147-1150	Sie	_	_	_	
6-2	1151-1157	tragen	_	_	_	
6-3	1158-1162	auch	_	_	_	
6-4	1163-1169	kleine	_	_	_	
6-5	1170-1178	Fruͤchte	_	_	_	
6-6	1178-1179	,	_	_	_	
6-7	1180-1186	welche	_	_	_	
6-8	1187-1192	unter	_	_	_	
6-9	1193-1196	die	_	_	_	
6-10	1197-1203	Beeren	_	_	_	
6-11	1204-1206	zu	_	_	_	
6-12	1207-1214	rechnen	_	_	_	
6-13	1214-1215	,	_	_	_	
6-14	1216-1219	und	_	_	_	
6-15	1220-1227	anfangs	_	_	_	
6-16	1228-1233	gruͤn	_	_	_	
6-17	1234-1239	ſehen	_	_	_	
6-18	1239-1240	,	_	_	_	
6-19	1241-1248	hernach	_	_	_	
6-20	1249-1253	aber	_	_	_	
6-21	1254-1259	immer	_	_	_	
6-22	1260-1271	ſchwaͤrtzer	_	_	_	
6-23	1272-1278	werden	_	_	_	
6-24	1278-1279	,	_	_	_	
6-25	1280-1284	voll	_	_	_	
6-26	1285-1289	Saft	_	_	_	
6-27	1290-1293	und	_	_	_	
6-28	1294-1299	glatt	_	_	_	
6-29	1300-1304	ſind	_	_	_	
6-30	1304-1305	:	_	_	_	
6-31	1306-1314	inwendig	_	_	_	
6-32	1315-1322	ſtecken	_	_	_	
6-33	1323-1326	ein	_	_	_	
6-34	1327-1334	Hauffen	_	_	_	
6-35	1335-1341	kleine	_	_	_	
6-36	1342-1347	Kerne	_	_	_	
6-37	1347-1348	,	_	_	_	
6-38	1349-1352	die	_	_	_	
6-39	1353-1356	wie	_	_	_	
6-40	1357-1362	halbe	_	_	_	
6-41	1363-1368	Monde	_	_	_	
6-42	1369-1372	mit	_	_	_	
6-43	1373-1376	ein	_	_	_	
6-44	1376-1377	-	_	_	_	
6-45	1378-1383	warts	_	_	_	
6-46	1384-1393	gekehrten	_	_	_	
6-47	1394-1401	Spitzen	_	_	_	
6-48	1402-1411	geſtaltet	_	_	_	
6-49	1411-1412	,	_	_	_	
6-50	1413-1419	dichte	_	_	_	
6-51	1420-1423	und	_	_	_	
6-52	1424-1428	ſehr	_	_	_	
6-53	1429-1434	harte	_	_	_	
6-54	1435-1439	ſind	_	_	_	
6-55	1439-1440	,	_	_	_	
6-56	1441-1445	auch	_	_	_	
6-57	1446-1449	wie	_	_	_	
6-58	1450-1453	das	_	_	_	
6-59	1454-1460	gantze	_	_	_	
6-60	1461-1470	Gewaͤchſe	_	_	_	
6-61	1470-1471	,	_	_	_	
6-62	1472-1481	anziehend	_	_	_	
6-63	1482-1491	ſchmecken	_	_	_	
6-64	1491-1492	.	_	_	_	

#Text=Sie
#Text=
#Text=ſind mit einer rundlichen Huͤlſe umge-
#Text=ben, obſchon die Frucht ſelbſt laͤnglicht
#Text=
#Text=iſt, indem ſie gleichſam ein Kroͤnlein oben
#Text=auf hat, welches, ſo lange die Beeren
#Text=noch auf dem Stamme ſtehen, gantz
#Text=
#Text=wohl zu ſehen iſt;
#Text=wenn ſie aber an der
#Text=Sonne gedoͤrret und runtzlicht worden,
#Text=alsdann kan man es faſt gar nicht mehr
#Text=erkennen.
7-1	1493-1496	Sie	_	_	_	
7-2	1498-1502	ſind	_	_	_	
7-3	1503-1506	mit	_	_	_	
7-4	1507-1512	einer	_	_	_	
7-5	1513-1523	rundlichen	_	_	_	
7-6	1524-1530	Huͤlſe	_	_	_	
7-7	1531-1535	umge	_	_	_	
7-8	1535-1536	-	_	_	_	
7-9	1537-1540	ben	_	_	_	
7-10	1540-1541	,	_	_	_	
7-11	1542-1549	obſchon	_	_	_	
7-12	1550-1553	die	_	_	_	
7-13	1554-1560	Frucht	_	_	_	
7-14	1561-1567	ſelbſt	_	_	_	
7-15	1568-1578	laͤnglicht	_	_	_	
7-16	1580-1583	iſt	_	_	_	
7-17	1583-1584	,	_	_	_	
7-18	1585-1590	indem	_	_	_	
7-19	1591-1594	ſie	_	_	_	
7-20	1595-1604	gleichſam	_	_	_	
7-21	1605-1608	ein	_	_	_	
7-22	1609-1618	Kroͤnlein	_	_	_	
7-23	1619-1623	oben	_	_	_	
7-24	1624-1627	auf	_	_	_	
7-25	1628-1631	hat	_	_	_	
7-26	1631-1632	,	_	_	_	
7-27	1633-1640	welches	_	_	_	
7-28	1640-1641	,	_	_	_	
7-29	1642-1644	ſo	_	_	_	
7-30	1645-1650	lange	_	_	_	
7-31	1651-1654	die	_	_	_	
7-32	1655-1661	Beeren	_	_	_	
7-33	1662-1666	noch	_	_	_	
7-34	1667-1670	auf	_	_	_	
7-35	1671-1674	dem	_	_	_	
7-36	1675-1681	Stamme	_	_	_	
7-37	1682-1688	ſtehen	_	_	_	
7-38	1688-1689	,	_	_	_	
7-39	1690-1695	gantz	_	_	_	
7-40	1697-1701	wohl	_	_	_	
7-41	1702-1704	zu	_	_	_	
7-42	1705-1710	ſehen	_	_	_	
7-43	1711-1714	iſt	_	_	_	
7-44	1714-1715	;	_	_	_	
7-45	1716-1720	wenn	_	_	_	
7-46	1721-1724	ſie	_	_	_	
7-47	1725-1729	aber	_	_	_	
7-48	1730-1732	an	_	_	_	
7-49	1733-1736	der	_	_	_	
7-50	1737-1742	Sonne	_	_	_	
7-51	1743-1752	gedoͤrret	_	_	_	
7-52	1753-1756	und	_	_	_	
7-53	1757-1767	runtzlicht	_	_	_	
7-54	1768-1774	worden	_	_	_	
7-55	1774-1775	,	_	_	_	
7-56	1776-1783	alsdann	_	_	_	
7-57	1784-1787	kan	_	_	_	
7-58	1788-1791	man	_	_	_	
7-59	1792-1794	es	_	_	_	
7-60	1795-1799	faſt	_	_	_	
7-61	1800-1803	gar	_	_	_	
7-62	1804-1809	nicht	_	_	_	
7-63	1810-1814	mehr	_	_	_	
7-64	1815-1823	erkennen	_	_	_	
7-65	1823-1824	.	_	_	_	

#Text=Damit ich ſie aber deſto genauer be-
#Text=ſchreiben moͤchte, mich aber bey demje-
#Text=nigen, was ich irgend ſelbſt auf meinen
#Text=Reiſen davon angemercket, nicht aufhal-
#Text=ten duͤrffte, deswegen befragte ich mich
#Text=mit unterſchiedlichen Perſonen welche
#Text=ihrer Handlung halber zum oͤftern in
#Text=Languedoc und Provence zu reiſen
#Text=haben, welche mir dann ſaͤmtlich eben
#Text=das, was ich bereits gemeldet, berichtet,
#Text=und dabey verſichert haben, daß dieſe
#Text=Beeren, welche wir bekommen, meiſten-
#Text=theils auf der kleinen Art, oder dem
#Text=Weiblein, wuͤchſen.
8-1	1827-1832	Damit	_	_	_	
8-2	1833-1836	ich	_	_	_	
8-3	1837-1840	ſie	_	_	_	
8-4	1841-1845	aber	_	_	_	
8-5	1846-1851	deſto	_	_	_	
8-6	1852-1859	genauer	_	_	_	
8-7	1860-1862	be	_	_	_	
8-8	1862-1863	-	_	_	_	
8-9	1864-1873	ſchreiben	_	_	_	
8-10	1874-1881	moͤchte	_	_	_	
8-11	1881-1882	,	_	_	_	
8-12	1883-1887	mich	_	_	_	
8-13	1888-1892	aber	_	_	_	
8-14	1893-1896	bey	_	_	_	
8-15	1897-1902	demje	_	_	_	
8-16	1902-1903	-	_	_	_	
8-17	1904-1909	nigen	_	_	_	
8-18	1909-1910	,	_	_	_	
8-19	1911-1914	was	_	_	_	
8-20	1915-1918	ich	_	_	_	
8-21	1919-1925	irgend	_	_	_	
8-22	1926-1932	ſelbſt	_	_	_	
8-23	1933-1936	auf	_	_	_	
8-24	1937-1943	meinen	_	_	_	
8-25	1944-1950	Reiſen	_	_	_	
8-26	1951-1956	davon	_	_	_	
8-27	1957-1968	angemercket	_	_	_	
8-28	1968-1969	,	_	_	_	
8-29	1970-1975	nicht	_	_	_	
8-30	1976-1982	aufhal	_	_	_	
8-31	1982-1983	-	_	_	_	
8-32	1984-1987	ten	_	_	_	
8-33	1988-1996	duͤrffte	_	_	_	
8-34	1996-1997	,	_	_	_	
8-35	1998-2006	deswegen	_	_	_	
8-36	2007-2015	befragte	_	_	_	
8-37	2016-2019	ich	_	_	_	
8-38	2020-2024	mich	_	_	_	
8-39	2025-2028	mit	_	_	_	
8-40	2029-2046	unterſchiedlichen	_	_	_	
8-41	2047-2055	Perſonen	_	_	_	
8-42	2056-2062	welche	_	_	_	
8-43	2063-2068	ihrer	_	_	_	
8-44	2069-2077	Handlung	_	_	_	
8-45	2078-2084	halber	_	_	_	
8-46	2085-2088	zum	_	_	_	
8-47	2089-2096	oͤftern	_	_	_	
8-48	2097-2099	in	_	_	_	
8-49	2100-2109	Languedoc	_	_	_	
8-50	2110-2113	und	_	_	_	
8-51	2114-2122	Provence	_	_	_	
8-52	2123-2125	zu	_	_	_	
8-53	2126-2132	reiſen	_	_	_	
8-54	2133-2138	haben	_	_	_	
8-55	2138-2139	,	_	_	_	
8-56	2140-2146	welche	_	_	_	
8-57	2147-2150	mir	_	_	_	
8-58	2151-2155	dann	_	_	_	
8-59	2156-2165	ſaͤmtlich	_	_	_	
8-60	2166-2170	eben	_	_	_	
8-61	2171-2174	das	_	_	_	
8-62	2174-2175	,	_	_	_	
8-63	2176-2179	was	_	_	_	
8-64	2180-2183	ich	_	_	_	
8-65	2184-2191	bereits	_	_	_	
8-66	2192-2200	gemeldet	_	_	_	
8-67	2200-2201	,	_	_	_	
8-68	2202-2211	berichtet	_	_	_	
8-69	2211-2212	,	_	_	_	
8-70	2213-2216	und	_	_	_	
8-71	2217-2222	dabey	_	_	_	
8-72	2223-2233	verſichert	_	_	_	
8-73	2234-2239	haben	_	_	_	
8-74	2239-2240	,	_	_	_	
8-75	2241-2244	daß	_	_	_	
8-76	2245-2250	dieſe	_	_	_	
8-77	2251-2257	Beeren	_	_	_	
8-78	2257-2258	,	_	_	_	
8-79	2259-2265	welche	_	_	_	
8-80	2266-2269	wir	_	_	_	
8-81	2270-2278	bekommen	_	_	_	
8-82	2278-2279	,	_	_	_	
8-83	2280-2287	meiſten	_	_	_	
8-84	2287-2288	-	_	_	_	
8-85	2289-2295	theils	_	_	_	
8-86	2296-2299	auf	_	_	_	
8-87	2300-2303	der	_	_	_	
8-88	2304-2311	kleinen	_	_	_	
8-89	2312-2315	Art	_	_	_	
8-90	2315-2316	,	_	_	_	
8-91	2317-2321	oder	_	_	_	
8-92	2322-2325	dem	_	_	_	
8-93	2326-2334	Weiblein	_	_	_	
8-94	2334-2335	,	_	_	_	
8-95	2336-2344	wuͤchſen	_	_	_	
8-96	2344-2345	.	_	_	_	
