#FORMAT=WebAnno TSV 3.3


#Text=Die Blaͤtter
#Text=deſſelben gleichen dem Quittenlaube,
#Text=auſſer daß ſie etwas kleiner ſind.
1-1	2-5	Die	
1-2	6-14	Blaͤtter	
1-3	15-24	deſſelben	
1-4	25-33	gleichen	
1-5	34-37	dem	
1-6	38-50	Quittenlaube	
1-7	50-51	,	
1-8	52-58	auſſer	
1-9	59-62	daß	
1-10	63-66	ſie	
1-11	67-72	etwas	
1-12	73-80	kleiner	
1-13	81-85	ſind	
1-14	85-86	.	

#Text=Die
#Text=Fruͤchte ſind ſo groß, als wie die Haſel-
#Text=nuͤſſe, darinne ſteckt ein weiſſer oͤlichter
#Text=Kern, deſſen Geruch dem Storaxgeru-
#Text=che gantz und gar gleich iſt.
2-1	87-90	Die	
2-2	91-99	Fruͤchte	
2-3	100-104	ſind	
2-4	105-107	ſo	
2-5	108-112	groß	
2-6	112-113	,	
2-7	114-117	als	
2-8	118-121	wie	
2-9	122-125	die	
2-10	126-131	Haſel	
2-11	131-132	-	
2-12	133-139	nuͤſſe	
2-13	139-140	,	
2-14	141-148	darinne	
2-15	149-155	ſteckt	
2-16	156-159	ein	
2-17	160-167	weiſſer	
2-18	168-177	oͤlichter	
2-19	178-182	Kern	
2-20	182-183	,	
2-21	184-190	deſſen	
2-22	191-197	Geruch	
2-23	198-201	dem	
2-24	202-212	Storaxgeru	
2-25	212-213	-	
2-26	214-217	che	
2-27	218-223	gantz	
2-28	224-227	und	
2-29	228-231	gar	
2-30	232-238	gleich	
2-31	239-242	iſt	
2-32	242-243	.	

#Text=Weil auch
#Text=zuweilen und von ohngefehr etwas
#Text=Storax in dieſen zerbrochenen Schalen
#Text=gefunden wird, deshalben haben ihrer
#Text=viele vermeinet, der Storax kaͤme aus
#Text=dieſen Schalen.
3-1	244-248	Weil	
3-2	249-253	auch	
3-3	254-262	zuweilen	
3-4	263-266	und	
3-5	267-270	von	
3-6	271-280	ohngefehr	
3-7	281-286	etwas	
3-8	287-293	Storax	
3-9	294-296	in	
3-10	297-303	dieſen	
3-11	304-316	zerbrochenen	
3-12	317-324	Schalen	
3-13	325-333	gefunden	
3-14	334-338	wird	
3-15	338-339	,	
3-16	340-349	deshalben	
3-17	350-355	haben	
3-18	356-361	ihrer	
3-19	362-367	viele	
3-20	368-377	vermeinet	
3-21	377-378	,	
3-22	379-382	der	
3-23	383-389	Storax	
3-24	390-395	kaͤme	
3-25	396-399	aus	
3-26	400-406	dieſen	
3-27	407-414	Schalen	
3-28	414-415	.	

#Text=Siehe Fig.
#Text=281.
4-1	418-423	Siehe	
4-2	424-427	Fig	
4-3	427-428	.	
4-4	429-432	281	
4-5	432-433	.	

#Text=Dieſes Gummi wird uͤber Marſeil-
#Text=le/ von vielen Orten aus Syrien und
#Text=Levante/ allwo dieſe
#Text=Baͤume hauffen-
#Text=weiſe wachſen, zu uns gebracht.
5-1	435-441	Dieſes	
5-2	442-447	Gummi	
5-3	448-452	wird	
5-4	453-458	uͤber	
5-5	459-466	Marſeil	
5-6	466-467	-	
5-7	468-470	le	
5-8	470-471	/	
5-9	472-475	von	
5-10	476-482	vielen	
5-11	483-488	Orten	
5-12	489-492	aus	
5-13	493-499	Syrien	
5-14	500-503	und	
5-15	504-511	Levante	
5-16	511-512	/	
5-17	513-518	allwo	
5-18	519-524	dieſe	
5-19	525-531	Baͤume	
5-20	532-539	hauffen	
5-21	539-540	-	
5-22	541-546	weiſe	
5-23	547-554	wachſen	
5-24	554-555	,	
5-25	556-558	zu	
5-26	559-562	uns	
5-27	563-571	gebracht	
5-28	571-572	.	

#Text=Man erwehle aber diejenigen Stuͤ-
#Text=cken, welche roͤthlicht, fett und weich ſind,
#Text=
#Text=und angenehme riechen:
#Text=verwerffe hin-
#Text=gegen, welches trucken, voller Reißlein
#Text=
#Text=und andern Unrath iſt, und wie Styrax li-
#Text=quida riechet;
#Text=desgleichen die Storax-
#Text=kuchen, und den Storax, der wie Ku-
#Text=geln oder Maronen formiret iſt, indem
#Text=es nichts anders iſt, als Storax liquida und
#Text=Reißlein vom rechten Storax, und an-
#Text=deren geringen Materialien unter ein-
#Text=ander gemiſchet: wie auch den, der wie
#Text=Staub iſt, als welcher nichts iſt, denn die
#Text=Saͤgeſpaͤne vom Holtze.
6-1	576-579	Man	
6-2	580-587	erwehle	
6-3	588-592	aber	
6-4	593-603	diejenigen	
6-5	604-608	Stuͤ	
6-6	608-609	-	
6-7	610-614	cken	
6-8	614-615	,	
6-9	616-622	welche	
6-10	623-633	roͤthlicht	
6-11	633-634	,	
6-12	635-639	fett	
6-13	640-643	und	
6-14	644-649	weich	
6-15	650-654	ſind	
6-16	654-655	,	
6-17	657-660	und	
6-18	661-670	angenehme	
6-19	671-678	riechen	
6-20	678-679	:	
6-21	680-689	verwerffe	
6-22	690-693	hin	
6-23	693-694	-	
6-24	695-700	gegen	
6-25	700-701	,	
6-26	702-709	welches	
6-27	710-717	trucken	
6-28	717-718	,	
6-29	719-725	voller	
6-30	726-734	Reißlein	
6-31	736-739	und	
6-32	740-746	andern	
6-33	747-753	Unrath	
6-34	754-757	iſt	
6-35	757-758	,	
6-36	759-762	und	
6-37	763-766	wie	
6-38	767-773	Styrax	
6-39	774-776	li	
6-40	776-777	-	
6-41	778-783	quida	
6-42	784-791	riechet	
6-43	791-792	;	
6-44	793-804	desgleichen	
6-45	805-808	die	
6-46	809-815	Storax	
6-47	815-816	-	
6-48	817-823	kuchen	
6-49	823-824	,	
6-50	825-828	und	
6-51	829-832	den	
6-52	833-839	Storax	
6-53	839-840	,	
6-54	841-844	der	
6-55	845-848	wie	
6-56	849-851	Ku	
6-57	851-852	-	
6-58	853-857	geln	
6-59	858-862	oder	
6-60	863-870	Maronen	
6-61	871-879	formiret	
6-62	880-883	iſt	
6-63	883-884	,	
6-64	885-890	indem	
6-65	891-893	es	
6-66	894-900	nichts	
6-67	901-907	anders	
6-68	908-911	iſt	
6-69	911-912	,	
6-70	913-916	als	
6-71	917-923	Storax	
6-72	924-931	liquida	
6-73	932-935	und	
6-74	936-944	Reißlein	
6-75	945-948	vom	
6-76	949-956	rechten	
6-77	957-963	Storax	
6-78	963-964	,	
6-79	965-968	und	
6-80	969-971	an	
6-81	971-972	-	
6-82	973-978	deren	
6-83	979-987	geringen	
6-84	988-999	Materialien	
6-85	1000-1005	unter	
6-86	1006-1009	ein	
6-87	1009-1010	-	
6-88	1011-1016	ander	
6-89	1017-1026	gemiſchet	
6-90	1026-1027	:	
6-91	1028-1031	wie	
6-92	1032-1036	auch	
6-93	1037-1040	den	
6-94	1040-1041	,	
6-95	1042-1045	der	
6-96	1046-1049	wie	
6-97	1050-1055	Staub	
6-98	1056-1059	iſt	
6-99	1059-1060	,	
6-100	1061-1064	als	
6-101	1065-1072	welcher	
6-102	1073-1079	nichts	
6-103	1080-1083	iſt	
6-104	1083-1084	,	
6-105	1085-1089	denn	
6-106	1090-1093	die	
6-107	1094-1105	Saͤgeſpaͤne	
6-108	1106-1109	vom	
6-109	1110-1116	Holtze	
6-110	1116-1117	.	

#Text=Storaxku-
#Text=chen.
7-1	1121-1129	Storaxku	
7-2	1129-1130	-	
7-3	1131-1135	chen	
7-4	1135-1136	.	

#Text=Der Storax wird oft zur Artzney
#Text=
#Text=gebraucht, doch mehrentheils von den
#Text=Parfumirern, und andern Leuten, die
#Text=ihn an ſtatt des Weyrauchs gebrau-
#Text=chen.
8-1	1139-1142	Der	
8-2	1143-1149	Storax	
8-3	1150-1154	wird	
8-4	1155-1158	oft	
8-5	1159-1162	zur	
8-6	1163-1170	Artzney	
8-7	1172-1181	gebraucht	
8-8	1181-1182	,	
8-9	1183-1187	doch	
8-10	1188-1200	mehrentheils	
8-11	1201-1204	von	
8-12	1205-1208	den	
8-13	1209-1220	Parfumirern	
8-14	1220-1221	,	
8-15	1222-1225	und	
8-16	1226-1232	andern	
8-17	1233-1239	Leuten	
8-18	1239-1240	,	
8-19	1241-1244	die	
8-20	1245-1248	ihn	
8-21	1249-1251	an	
8-22	1252-1257	ſtatt	
8-23	1258-1261	des	
8-24	1262-1271	Weyrauchs	
8-25	1272-1278	gebrau	
8-26	1278-1279	-	
8-27	1280-1284	chen	
8-28	1284-1285	.	

#Text=Es wird auch ein Hartz aus dem
#Text=Storax gezogen, wie in der Pharmaco-
#Text=pœa des Herrn Charras pag.
#Text=297. ge-
#Text=lehret wird, dahin man ſeine Zuflucht
#Text=nehmen kan.
9-1	1289-1291	Es	
9-2	1292-1296	wird	
9-3	1297-1301	auch	
9-4	1302-1305	ein	
9-5	1306-1311	Hartz	
9-6	1312-1315	aus	
9-7	1316-1319	dem	
9-8	1320-1326	Storax	
9-9	1327-1334	gezogen	
9-10	1334-1335	,	
9-11	1336-1339	wie	
9-12	1340-1342	in	
9-13	1343-1346	der	
9-14	1347-1355	Pharmaco	
9-15	1355-1356	-	
9-16	1357-1360	pœa	
9-17	1361-1364	des	
9-18	1365-1370	Herrn	
9-19	1371-1378	Charras	
9-20	1379-1382	pag	
9-21	1382-1383	.	
9-22	1384-1387	297	
9-23	1387-1388	.	
9-24	1389-1391	ge	
9-25	1391-1392	-	
9-26	1393-1399	lehret	
9-27	1400-1404	wird	
9-28	1404-1405	,	
9-29	1406-1411	dahin	
9-30	1412-1415	man	
9-31	1416-1421	ſeine	
9-32	1422-1430	Zuflucht	
9-33	1431-1437	nehmen	
9-34	1438-1441	kan	
9-35	1441-1442	.	
