#FORMAT=WebAnno TSV 3.3


#Text=Maar de wortelen der twee laatste
#Text=zoorten worden ingenomen.
1-1	2-6	Maar	
1-2	7-9	de	
1-3	10-18	wortelen	
1-4	19-22	der	
1-5	23-27	twee	
1-6	28-35	laatste	
1-7	36-43	zoorten	
1-8	44-50	worden	
1-9	51-60	ingenomen	
1-10	60-61	.	

#Text=Men brengt de gedroogde Wortelen uit Languedoc, en Provence.
2-1	64-67	Men	
2-2	68-74	brengt	
2-3	75-77	de	
2-4	78-87	gedroogde	
2-5	88-96	Wortelen	
2-6	97-100	uit	
2-7	101-110	Languedoc	
2-8	110-111	,	
2-9	112-114	en	
2-10	115-123	Provence	
2-11	123-124	.	

#Text=Onder de lange
#Text=en ronde verkiest men de dikste en zwaarste, onlangs gedroogt, buiten grys, van
#Text=binnen geel, zynde zeer bitter van smaak.
3-1	125-130	Onder	
3-2	131-133	de	
3-3	134-139	lange	
3-4	140-142	en	
3-5	143-148	ronde	
3-6	149-157	verkiest	
3-7	158-161	men	
3-8	162-164	de	
3-9	165-171	dikste	
3-10	172-174	en	
3-11	175-183	zwaarste	
3-12	183-184	,	
3-13	185-192	onlangs	
3-14	193-201	gedroogt	
3-15	201-202	,	
3-16	203-209	buiten	
3-17	210-214	grys	
3-18	214-215	,	
3-19	216-219	van	
3-20	220-226	binnen	
3-21	227-231	geel	
3-22	231-232	,	
3-23	233-238	zynde	
3-24	239-243	zeer	
3-25	244-250	bitter	
3-26	251-254	van	
3-27	255-260	smaak	
3-28	260-261	.	

#Text=De kleine Wortel moet wel doorvoed zyn, digt in malkander gevlogten, gelyk de
#Text=wortel van zwart Nieskruid, versch gedroogt, geelagtig van kleur, en wel niezend,
#Text=bitter van smaak.
4-1	264-266	De	
4-2	267-273	kleine	
4-3	274-280	Wortel	
4-4	281-285	moet	
4-5	286-289	wel	
4-6	290-298	doorvoed	
4-7	299-302	zyn	
4-8	302-303	,	
4-9	304-308	digt	
4-10	309-311	in	
4-11	312-321	malkander	
4-12	322-331	gevlogten	
4-13	331-332	,	
4-14	333-338	gelyk	
4-15	339-341	de	
4-16	342-348	wortel	
4-17	349-352	van	
4-18	353-358	zwart	
4-19	359-368	Nieskruid	
4-20	368-369	,	
4-21	370-376	versch	
4-22	377-385	gedroogt	
4-23	385-386	,	
4-24	387-396	geelagtig	
4-25	397-400	van	
4-26	401-406	kleur	
4-27	406-407	,	
4-28	408-410	en	
4-29	411-414	wel	
4-30	415-422	niezend	
4-31	422-423	,	
4-32	424-430	bitter	
4-33	431-434	van	
4-34	435-440	smaak	
4-35	440-441	.	

#Text=Deze is de beste van alle, als een ingredient van Driakel gebruikt.
5-1	442-446	Deze	
5-2	447-449	is	
5-3	450-452	de	
5-4	453-458	beste	
5-5	459-462	van	
5-6	463-467	alle	
5-7	467-468	,	
5-8	469-472	als	
5-9	473-476	een	
5-10	477-487	ingredient	
5-11	488-491	van	
5-12	492-499	Driakel	
5-13	500-508	gebruikt	
5-14	508-509	.	

#Text=bacile.
6-1	511-517	bacile	
6-2	517-518	.	

#Text=Dit Plantgewas maakt stammen van omtrent anderhalf voet hoog, vol takken,
#Text=dik en houtig, kruipende doorgaans langs de aarde, maar zomwylen regt op staande.
7-1	519-522	Dit	
7-2	523-533	Plantgewas	
7-3	534-539	maakt	
7-4	540-547	stammen	
7-5	548-551	van	
7-6	552-559	omtrent	
7-7	560-569	anderhalf	
7-8	570-574	voet	
7-9	575-579	hoog	
7-10	579-580	,	
7-11	581-584	vol	
7-12	585-591	takken	
7-13	591-592	,	
7-14	593-596	dik	
7-15	597-599	en	
7-16	600-606	houtig	
7-17	606-607	,	
7-18	608-617	kruipende	
7-19	618-627	doorgaans	
7-20	628-633	langs	
7-21	634-636	de	
7-22	637-642	aarde	
7-23	642-643	,	
7-24	644-648	maar	
7-25	649-657	zomwylen	
7-26	658-662	regt	
7-27	663-665	op	
7-28	666-673	staande	
7-29	673-674	.	

#Text=M.
8-1	677-678	M	
8-2	678-679	.	

#Text=Noel Chomel, Huishoudelyk woordboek
#Text=
#Text=\f
#Text=De bladen zyn klein en smal, sterk, drie aan drie by elkander groeijende, van reuk
#Text=gelyk eppe, maar ziltig van smaak.
9-1	680-684	Noel	
9-2	685-691	Chomel	
9-3	691-692	,	
9-4	693-705	Huishoudelyk	
9-5	706-715	woordboek	
9-6	719-721	De	
9-7	722-728	bladen	
9-8	729-732	zyn	
9-9	733-738	klein	
9-10	739-741	en	
9-11	742-746	smal	
9-12	746-747	,	
9-13	748-753	sterk	
9-14	753-754	,	
9-15	755-759	drie	
9-16	760-763	aan	
9-17	764-768	drie	
9-18	769-771	by	
9-19	772-780	elkander	
9-20	781-791	groeijende	
9-21	791-792	,	
9-22	793-796	van	
9-23	797-801	reuk	
9-24	802-807	gelyk	
9-25	808-812	eppe	
9-26	812-813	,	
9-27	814-818	maar	
9-28	819-825	ziltig	
9-29	826-829	van	
9-30	830-835	smaak	
9-31	835-836	.	

#Text=De bloessem groeit als Zonneschermen, elk van
#Text=vyf witte bladen, van gedaante als Roozen.
10-1	837-839	De	
10-2	840-848	bloessem	
10-3	849-855	groeit	
10-4	856-859	als	
10-5	860-873	Zonneschermen	
10-6	873-874	,	
10-7	875-878	elk	
10-8	879-882	van	
10-9	883-886	vyf	
10-10	887-892	witte	
10-11	893-899	bladen	
10-12	899-900	,	
10-13	901-904	van	
10-14	905-913	gedaante	
10-15	914-917	als	
10-16	918-924	Roozen	
10-17	924-925	.	

#Text=Op de bloessem volgt het zaad, twee aan
#Text=twee, plat, van agteren gestreept, wit, en geurig van reuk, scherp van smaak.
11-1	926-928	Op	
11-2	929-931	de	
11-3	932-940	bloessem	
11-4	941-946	volgt	
11-5	947-950	het	
11-6	951-955	zaad	
11-7	955-956	,	
11-8	957-961	twee	
11-9	962-965	aan	
11-10	966-970	twee	
11-11	970-971	,	
11-12	972-976	plat	
11-13	976-977	,	
11-14	978-981	van	
11-15	982-989	agteren	
11-16	990-999	gestreept	
11-17	999-1000	,	
11-18	1001-1004	wit	
11-19	1004-1005	,	
11-20	1006-1008	en	
11-21	1009-1015	geurig	
11-22	1016-1019	van	
11-23	1020-1024	reuk	
11-24	1024-1025	,	
11-25	1026-1032	scherp	
11-26	1033-1036	van	
11-27	1037-1042	smaak	
11-28	1042-1043	.	

#Text=De
#Text=Wortel is lang, dik, houtig, getakt, en eenigzins wit.
12-1	1044-1046	De	
12-2	1047-1053	Wortel	
12-3	1054-1056	is	
12-4	1057-1061	lang	
12-5	1061-1062	,	
12-6	1063-1066	dik	
12-7	1066-1067	,	
12-8	1068-1074	houtig	
12-9	1074-1075	,	
12-10	1076-1082	getakt	
12-11	1082-1083	,	
12-12	1084-1086	en	
12-13	1087-1096	eenigzins	
12-14	1097-1100	wit	
12-15	1100-1101	.	

#Text=Men zegt, dat, als men de stammen in haren groei zynde insnydt, een melkagtig
#Text=zap daaruit zypelt, zig stremmende tot roodagtige droppelen.
13-1	1104-1107	Men	
13-2	1108-1112	zegt	
13-3	1112-1113	,	
13-4	1114-1117	dat	
13-5	1117-1118	,	
13-6	1119-1122	als	
13-7	1123-1126	men	
13-8	1127-1129	de	
13-9	1130-1137	stammen	
13-10	1138-1140	in	
13-11	1141-1146	haren	
13-12	1147-1152	groei	
13-13	1153-1158	zynde	
13-14	1159-1166	insnydt	
13-15	1166-1167	,	
13-16	1168-1171	een	
13-17	1172-1181	melkagtig	
13-18	1182-1185	zap	
13-19	1186-1193	daaruit	
13-20	1194-1200	zypelt	
13-21	1200-1201	,	
13-22	1202-1205	zig	
13-23	1206-1216	stremmende	
13-24	1217-1220	tot	
13-25	1221-1231	roodagtige	
13-26	1232-1241	droppelen	
13-27	1241-1242	.	

#Text=Eigenschappen.
14-1	1244-1257	Eigenschappen	
14-2	1257-1258	.	

#Text=Dit Plantgewas is van een openende kragt, een goed middel voor
#Text=het Graveel, om den Steen der Nieren en Blaas te vergruizen; en voorts om het Water
#Text=af te zetten, en de Maandstonden te bevorderen.
15-1	1259-1262	Dit	
15-2	1263-1273	Plantgewas	
15-3	1274-1276	is	
15-4	1277-1280	van	
15-5	1281-1284	een	
15-6	1285-1293	openende	
15-7	1294-1299	kragt	
15-8	1299-1300	,	
15-9	1301-1304	een	
15-10	1305-1309	goed	
15-11	1310-1316	middel	
15-12	1317-1321	voor	
15-13	1322-1325	het	
15-14	1326-1333	Graveel	
15-15	1333-1334	,	
15-16	1335-1337	om	
15-17	1338-1341	den	
15-18	1342-1347	Steen	
15-19	1348-1351	der	
15-20	1352-1358	Nieren	
15-21	1359-1361	en	
15-22	1362-1367	Blaas	
15-23	1368-1370	te	
15-24	1371-1381	vergruizen	
15-25	1381-1382	;	
15-26	1383-1385	en	
15-27	1386-1392	voorts	
15-28	1393-1395	om	
15-29	1396-1399	het	
15-30	1400-1405	Water	
15-31	1406-1408	af	
15-32	1409-1411	te	
15-33	1412-1418	zetten	
15-34	1418-1419	,	
15-35	1420-1422	en	
15-36	1423-1425	de	
15-37	1426-1438	Maandstonden	
15-38	1439-1441	te	
15-39	1442-1452	bevorderen	
15-40	1452-1453	.	

#Text=Het behelst veel Zout, Ollie en Vogt.
16-1	1454-1457	Het	
16-2	1458-1465	behelst	
16-3	1466-1470	veel	
16-4	1471-1475	Zout	
16-5	1475-1476	,	
16-6	1477-1482	Ollie	
16-7	1483-1485	en	
16-8	1486-1490	Vogt	
16-9	1490-1491	.	

#Text=Plaats.
17-1	1493-1499	Plaats	
17-2	1499-1500	.	
