#FORMAT=WebAnno TSV 3.3


#Text=Bei a tritt Keſſeldampf ein und reißt durch den
#Text=Rohranſatz b das Waſſer mit ſich und führt dieſes durch die Bohrung c
#Text=
#Text=
#Text=[
#Text=Abbildung\tFig.
#Text=80.
1-1	2-5	Bei	
1-2	6-7	a	
1-3	8-13	tritt	
1-4	14-25	Keſſeldampf	
1-5	26-29	ein	
1-6	30-33	und	
1-7	34-39	reißt	
1-8	40-45	durch	
1-9	46-49	den	
1-10	50-60	Rohranſatz	
1-11	61-62	b	
1-12	63-66	das	
1-13	67-73	Waſſer	
1-14	74-77	mit	
1-15	78-82	ſich	
1-16	83-86	und	
1-17	87-92	führt	
1-18	93-99	dieſes	
1-19	100-105	durch	
1-20	106-109	die	
1-21	110-117	Bohrung	
1-22	118-119	c	
1-23	122-123	[	
1-24	124-133	Abbildung	
1-25	134-137	Fig	
1-26	137-138	.	
1-27	139-141	80	
1-28	141-142	.	

#Text=Injektor von Giffard.
#Text=]
#Text=
#Text=in den Keſſel hinein.
2-1	144-152	Injektor	
2-2	153-156	von	
2-3	157-164	Giffard	
2-4	164-165	.	
2-5	166-167	]	
2-6	169-171	in	
2-7	172-175	den	
2-8	176-182	Keſſel	
2-9	183-189	hinein	
2-10	189-190	.	

#Text=Das überſchüſſige
#Text=Waſſer fließt durch das ſogenannte
#Text=Schlabberrohr d ab.
3-1	191-194	Das	
3-2	195-208	überſchüſſige	
3-3	209-215	Waſſer	
3-4	216-222	fließt	
3-5	223-228	durch	
3-6	229-232	das	
3-7	233-243	ſogenannte	
3-8	244-257	Schlabberrohr	
3-9	258-259	d	
3-10	260-262	ab	
3-11	262-263	.	

#Text=Fig.
#Text=81 ſtellt einen
#Text=Injektor modernſter Konſtruktion, den
#Text=Körtingſchen Univerſal-Injektor, dar;
#Text=
#Text=derſelbe iſt imſtande, kaltes Waſſer bis
#Text=auf 6,5 m zu ſaugen.
4-1	264-267	Fig	
4-2	267-268	.	
4-3	269-271	81	
4-4	272-278	ſtellt	
4-5	279-284	einen	
4-6	285-293	Injektor	
4-7	294-304	modernſter	
4-8	305-317	Konſtruktion	
4-9	317-318	,	
4-10	319-322	den	
4-11	323-335	Körtingſchen	
4-12	336-354	Univerſal-Injektor	
4-13	354-355	,	
4-14	356-359	dar	
4-15	359-360	;	
4-16	362-370	derſelbe	
4-17	371-374	iſt	
4-18	375-383	imſtande	
4-19	383-384	,	
4-20	385-391	kaltes	
4-21	392-398	Waſſer	
4-22	399-402	bis	
4-23	403-406	auf	
4-24	407-410	6,5	
4-25	411-412	m	
4-26	413-415	zu	
4-27	416-422	ſaugen	
4-28	422-423	.	

#Text=Die Wirkungs-
#Text=weiſe iſt folgende: Iſt die links befindliche
#Text=Düſe D durch das Ventil V geſchloſſen,
#Text=die rechts befindliche Düſe D' aber ge-
#Text=öffnet, ſo daß der bei H eintretende Keſſel-
#Text=dampf in die Kammer M' überſtrömen
#Text=und von hier durch den geöffneten Hahn L
#Text=austreten kann, ſo wird bei I kein Waſſer
#Text=angeſaugt, d. h. der Injektor iſt außer
#Text=
#Text=[Abbildung\tFig. 81.
5-1	424-427	Die	
5-2	428-436	Wirkungs	
5-3	436-437	-	
5-4	438-443	weiſe	
5-5	444-447	iſt	
5-6	448-456	folgende	
5-7	456-457	:	
5-8	458-461	Iſt	
5-9	462-465	die	
5-10	466-471	links	
5-11	472-483	befindliche	
5-12	484-488	Düſe	
5-13	489-490	D	
5-14	491-496	durch	
5-15	497-500	das	
5-16	501-507	Ventil	
5-17	508-509	V	
5-18	510-521	geſchloſſen	
5-19	521-522	,	
5-20	523-526	die	
5-21	527-533	rechts	
5-22	534-545	befindliche	
5-23	546-550	Düſe	
5-24	551-552	D	
5-25	552-553	'	
5-26	554-558	aber	
5-27	559-561	ge	
5-28	561-562	-	
5-29	563-569	öffnet	
5-30	569-570	,	
5-31	571-573	ſo	
5-32	574-577	daß	
5-33	578-581	der	
5-34	582-585	bei	
5-35	586-587	H	
5-36	588-599	eintretende	
5-37	600-606	Keſſel	
5-38	606-607	-	
5-39	608-613	dampf	
5-40	614-616	in	
5-41	617-620	die	
5-42	621-627	Kammer	
5-43	628-629	M	
5-44	629-630	'	
5-45	631-642	überſtrömen	
5-46	643-646	und	
5-47	647-650	von	
5-48	651-655	hier	
5-49	656-661	durch	
5-50	662-665	den	
5-51	666-676	geöffneten	
5-52	677-681	Hahn	
5-53	682-683	L	
5-54	684-693	austreten	
5-55	694-698	kann	
5-56	698-699	,	
5-57	700-702	ſo	
5-58	703-707	wird	
5-59	708-711	bei	
5-60	712-713	I	
5-61	714-718	kein	
5-62	719-725	Waſſer	
5-63	726-735	angeſaugt	
5-64	735-736	,	
5-65	737-738	d	
5-66	738-739	.	
5-67	740-741	h	
5-68	741-742	.	
5-69	743-746	der	
5-70	747-755	Injektor	
5-71	756-759	iſt	
5-72	760-765	außer	
5-73	767-768	[	
5-74	768-777	Abbildung	
5-75	778-781	Fig	
5-76	781-782	.	
5-77	783-785	81	
5-78	785-786	.	

#Text=Univerſal-Injektor von Körting.
#Text=]
#Text=
#Text=
#Text=Betrieb.
6-1	788-806	Univerſal-Injektor	
6-2	807-810	von	
6-3	811-818	Körting	
6-4	818-819	.	
6-5	820-821	]	
6-6	824-831	Betrieb	
6-7	831-832	.	

#Text=Wird dagegen durch einen außen angebrachten Griff der
#Text=Doppelhebel OO' von links nach rechts verdreht, ſo wird die Düſe links
#Text=
#Text=durch Lüftung des Ventiles V geöffnet, dagegen die rechts gelegene Düſe
#Text=durch Niederdrücken des Ventiles V' geſchloſſen.
7-1	833-837	Wird	
7-2	838-845	dagegen	
7-3	846-851	durch	
7-4	852-857	einen	
7-5	858-863	außen	
7-6	864-876	angebrachten	
7-7	877-882	Griff	
7-8	883-886	der	
7-9	887-898	Doppelhebel	
7-10	899-901	OO	
7-11	901-902	'	
7-12	903-906	von	
7-13	907-912	links	
7-14	913-917	nach	
7-15	918-924	rechts	
7-16	925-933	verdreht	
7-17	933-934	,	
7-18	935-937	ſo	
7-19	938-942	wird	
7-20	943-946	die	
7-21	947-951	Düſe	
7-22	952-957	links	
7-23	959-964	durch	
7-24	965-972	Lüftung	
7-25	973-976	des	
7-26	977-985	Ventiles	
7-27	986-987	V	
7-28	988-996	geöffnet	
7-29	996-997	,	
7-30	998-1005	dagegen	
7-31	1006-1009	die	
7-32	1010-1016	rechts	
7-33	1017-1025	gelegene	
7-34	1026-1030	Düſe	
7-35	1031-1036	durch	
7-36	1037-1050	Niederdrücken	
7-37	1051-1054	des	
7-38	1055-1063	Ventiles	
7-39	1064-1065	V	
7-40	1065-1066	'	
7-41	1067-1078	geſchloſſen	
7-42	1078-1079	.	

#Text=Es ſtrömt infolge
#Text=deſſen nunmehr der Dampf durch die Düſe links in die Kammer N,
#Text=ſaugt durch I Waſſer an und tritt, da Hahn L zugleich mit der Bewegung
#Text=des Doppelhebels
#Text=OO' geſchloſſen wurde, durch die Düſe F' in die
#Text=Kammer M' über.
8-1	1080-1082	Es	
8-2	1083-1089	ſtrömt	
8-3	1090-1097	infolge	
8-4	1098-1104	deſſen	
8-5	1105-1112	nunmehr	
8-6	1113-1116	der	
8-7	1117-1122	Dampf	
8-8	1123-1128	durch	
8-9	1129-1132	die	
8-10	1133-1137	Düſe	
8-11	1138-1143	links	
8-12	1144-1146	in	
8-13	1147-1150	die	
8-14	1151-1157	Kammer	
8-15	1158-1159	N	
8-16	1159-1160	,	
8-17	1161-1166	ſaugt	
8-18	1167-1172	durch	
8-19	1173-1174	I	
8-20	1175-1181	Waſſer	
8-21	1182-1184	an	
8-22	1185-1188	und	
8-23	1189-1194	tritt	
8-24	1194-1195	,	
8-25	1196-1198	da	
8-26	1199-1203	Hahn	
8-27	1204-1205	L	
8-28	1206-1214	zugleich	
8-29	1215-1218	mit	
8-30	1219-1222	der	
8-31	1223-1231	Bewegung	
8-32	1232-1235	des	
8-33	1236-1248	Doppelhebels	
8-34	1249-1251	OO	
8-35	1251-1252	'	
8-36	1253-1264	geſchloſſen	
8-37	1265-1270	wurde	
8-38	1270-1271	,	
8-39	1272-1277	durch	
8-40	1278-1281	die	
8-41	1282-1286	Düſe	
8-42	1287-1288	F	
8-43	1288-1289	'	
8-44	1290-1292	in	
8-45	1293-1296	die	
8-46	1297-1303	Kammer	
8-47	1304-1305	M	
8-48	1305-1306	'	
8-49	1307-1311	über	
8-50	1311-1312	.	

#Text=Hier öffnen der Dampf und das mitgeriſſene Waſſer
#Text=das Ventil C und ſtrömen vereint bei K in den Dampfkeſſel ein.
9-1	1313-1317	Hier	
9-2	1318-1324	öffnen	
9-3	1325-1328	der	
9-4	1329-1334	Dampf	
9-5	1335-1338	und	
9-6	1339-1342	das	
9-7	1343-1355	mitgeriſſene	
9-8	1356-1362	Waſſer	
9-9	1363-1366	das	
9-10	1367-1373	Ventil	
9-11	1374-1375	C	
9-12	1376-1379	und	
9-13	1380-1387	ſtrömen	
9-14	1388-1395	vereint	
9-15	1396-1399	bei	
9-16	1400-1401	K	
9-17	1402-1404	in	
9-18	1405-1408	den	
9-19	1409-1420	Dampfkeſſel	
9-20	1421-1424	ein	
9-21	1424-1425	.	
