#FORMAT=WebAnno TSV 3.3


#Text=48 Ut autem intravit Ptolemaidam Jonathas, clauserunt portas civitatis Ptolemenses, et comprehenderunt eum : et omnes qui cum eo intraverant, gladio interfecerunt.
#Text=49 Et misit Tryphon exercitum et equites in Galilæam et in campum magnum, ut perderent omnes socios Jonathæ.
#Text=50 At illi cum cognovissent quia comprehensus est Jonathas, et periit, et omnes qui cum eo erant, hortati sunt semetipsos, et exierunt parati in prælium.
#Text=51 Et videntes hi qui insecuti fuerant, quia pro anima res est illis, reversi sunt : 52 illi autem venerunt omnes cum pace in terram Juda.
1-1	2-4	48	
1-2	5-7	Ut	
1-3	8-13	autem	
1-4	14-22	intravit	
1-5	23-34	Ptolemaidam	
1-6	35-43	Jonathas	
1-7	43-44	,	
1-8	45-55	clauserunt	
1-9	56-62	portas	
1-10	63-72	civitatis	
1-11	73-84	Ptolemenses	
1-12	84-85	,	
1-13	86-88	et	
1-14	89-104	comprehenderunt	
1-15	105-108	eum	
1-16	109-110	:	
1-17	111-113	et	
1-18	114-119	omnes	
1-19	120-123	qui	
1-20	124-127	cum	
1-21	128-130	eo	
1-22	131-142	intraverant	
1-23	142-143	,	
1-24	144-150	gladio	
1-25	151-164	interfecerunt	
1-26	164-165	.	
1-27	166-168	49	
1-28	169-171	Et	
1-29	172-177	misit	
1-30	178-185	Tryphon	
1-31	186-195	exercitum	
1-32	196-198	et	
1-33	199-206	equites	
1-34	207-209	in	
1-35	210-218	Galilæam	
1-36	219-221	et	
1-37	222-224	in	
1-38	225-231	campum	
1-39	232-238	magnum	
1-40	238-239	,	
1-41	240-242	ut	
1-42	243-252	perderent	
1-43	253-258	omnes	
1-44	259-265	socios	
1-45	266-273	Jonathæ	
1-46	273-274	.	
1-47	275-277	50	
1-48	278-280	At	
1-49	281-285	illi	
1-50	286-289	cum	
1-51	290-302	cognovissent	
1-52	303-307	quia	
1-53	308-320	comprehensus	
1-54	321-324	est	
1-55	325-333	Jonathas	
1-56	333-334	,	
1-57	335-337	et	
1-58	338-344	periit	
1-59	344-345	,	
1-60	346-348	et	
1-61	349-354	omnes	
1-62	355-358	qui	
1-63	359-362	cum	
1-64	363-365	eo	
1-65	366-371	erant	
1-66	371-372	,	
1-67	373-380	hortati	
1-68	381-385	sunt	
1-69	386-396	semetipsos	
1-70	396-397	,	
1-71	398-400	et	
1-72	401-409	exierunt	
1-73	410-416	parati	
1-74	417-419	in	
1-75	420-427	prælium	
1-76	427-428	.	
1-77	429-431	51	
1-78	432-434	Et	
1-79	435-443	videntes	
1-80	444-446	hi	
1-81	447-450	qui	
1-82	451-459	insecuti	
1-83	460-467	fuerant	
1-84	467-468	,	
1-85	469-473	quia	
1-86	474-477	pro	
1-87	478-483	anima	
1-88	484-487	res	
1-89	488-491	est	
1-90	492-497	illis	
1-91	497-498	,	
1-92	499-506	reversi	
1-93	507-511	sunt	
1-94	512-513	:	
1-95	514-516	52	
1-96	517-521	illi	
1-97	522-527	autem	
1-98	528-536	venerunt	
1-99	537-542	omnes	
1-100	543-546	cum	
1-101	547-551	pace	
1-102	552-554	in	
1-103	555-561	terram	
1-104	562-566	Juda	
1-105	566-567	.	

#Text=Et planxerunt Jonathan, et eos qui cum ipso fuerant, valde : et luxit Israël luctu magno.
#Text=53 Et quæsierunt omnes gentes quæ erant in circuitu eorum conterere eos : dixerunt enim : 54 Non habent principem et adjuvantem : nunc ergo expugnemus illos, et tollamus de hominibus memoriam eorum.
2-1	568-570	Et	
2-2	571-581	planxerunt	
2-3	582-590	Jonathan	
2-4	590-591	,	
2-5	592-594	et	
2-6	595-598	eos	
2-7	599-602	qui	
2-8	603-606	cum	
2-9	607-611	ipso	
2-10	612-619	fuerant	
2-11	619-620	,	
2-12	621-626	valde	
2-13	627-628	:	
2-14	629-631	et	
2-15	632-637	luxit	
2-16	638-644	Israël	
2-17	645-650	luctu	
2-18	651-656	magno	
2-19	656-657	.	
2-20	658-660	53	
2-21	661-663	Et	
2-22	664-674	quæsierunt	
2-23	675-680	omnes	
2-24	681-687	gentes	
2-25	688-691	quæ	
2-26	692-697	erant	
2-27	698-700	in	
2-28	701-709	circuitu	
2-29	710-715	eorum	
2-30	716-725	conterere	
2-31	726-729	eos	
2-32	730-731	:	
2-33	732-740	dixerunt	
2-34	741-745	enim	
2-35	746-747	:	
2-36	748-750	54	
2-37	751-754	Non	
2-38	755-761	habent	
2-39	762-771	principem	
2-40	772-774	et	
2-41	775-785	adjuvantem	
2-42	786-787	:	
2-43	788-792	nunc	
2-44	793-797	ergo	
2-45	798-808	expugnemus	
2-46	809-814	illos	
2-47	814-815	,	
2-48	816-818	et	
2-49	819-827	tollamus	
2-50	828-830	de	
2-51	831-840	hominibus	
2-52	841-849	memoriam	
2-53	850-855	eorum	
2-54	855-856	.	

#Text=Caput 13
#Text=
#Text=
#Text=1 Et audivit Simon quod congregavit Tryphon exercitum copiosum ut veniret in terram Juda, et attereret eam.
#Text=2 Videns quia in tremore populus est, et in timore, ascendit Jerusalem, et congregavit populum : 3 et adhortans dixit : Vos scitis quanta ego, et fratres mei, et domus patris mei, fecimus pro legibus et pro sanctis, prælia, et angustias quales vidimus : 4 horum gratia perierunt fratres mei omnes propter Israël, et relictus sum ego solus.
#Text=5 Et nunc non mihi contingat parcere animæ meæ in omni tempore tribulationis : non enim melior sum fratribus meis.
#Text=6 Vindicabo itaque gentem meam, et sancta, natos quoque nostros, et uxores : quia congregatæ sunt universæ gentes conterere nos inimicitiæ gratia.
#Text=7 Et accensus est spiritus populi simul ut audivit sermones istos : 8 et responderunt voce magna, dicentes : Tu es dux noster loco Judæ, et Jonathæ fratris tui : 9 pugna prælium nostrum : et omnia, quæcumque dixeris nobis, faciemus.
#Text=10 Et congregans omnes viros bellatores, acceleravit consummare universos muros Jerusalem, et munivit eam in gyro.
#Text=11 Et misit Jonathan filium Absalomi, et cum eo exercitum novum in Joppen, et ejectis his qui erant in ea, remansit illic ipse.
#Text=12 Et movit Tryphon a Ptolemaida cum exercitu multo, ut veniret in terram Juda, et Jonathas cum eo in custodia.
#Text=13 Simon autem applicuit in Addus contra faciem campi.
#Text=14 Et ut cognovit Tryphon quia surrexit Simon loco fratris sui Jonathæ, et quia commissurus esset cum eo prælium, misit ad eum legatos, 15 dicens : Pro argento, quod debebat frater tuus Jonathas in ratione regis propter negotia quæ habuit, detinuimus eum.
#Text=16 Et nunc mitte argenti talenta centum, et duos filios ejus obsides, ut non dimissus fugiat a nobis, et remittemus eum.
#Text=17 Et cognovit Simon quia cum dolo loqueretur secum : jussit tamen dari argentum et pueros, ne inimicitiam magnam sumeret ad populum Israël, dicentem : 18 Quia non misit ei argentum, et pueros, propterea periit.
#Text=19 Et misit pueros, et centum talenta : et mentitus est, et non dimisit Jonathan.
#Text=20 Et post hæc venit Tryphon intra regionem, ut contereret eam : et gyraverunt per viam quæ ducit Ador : et Simon et castra ejus ambulabant in omnem locum quocumque ibant.
3-1	857-862	Caput	
3-2	863-865	13	
3-3	868-869	1	
3-4	870-872	Et	
3-5	873-880	audivit	
3-6	881-886	Simon	
3-7	887-891	quod	
3-8	892-903	congregavit	
3-9	904-911	Tryphon	
3-10	912-921	exercitum	
3-11	922-930	copiosum	
3-12	931-933	ut	
3-13	934-941	veniret	
3-14	942-944	in	
3-15	945-951	terram	
3-16	952-956	Juda	
3-17	956-957	,	
3-18	958-960	et	
3-19	961-970	attereret	
3-20	971-974	eam	
3-21	974-975	.	
3-22	976-977	2	
3-23	978-984	Videns	
3-24	985-989	quia	
3-25	990-992	in	
3-26	993-1000	tremore	
3-27	1001-1008	populus	
3-28	1009-1012	est	
3-29	1012-1013	,	
3-30	1014-1016	et	
3-31	1017-1019	in	
3-32	1020-1026	timore	
3-33	1026-1027	,	
3-34	1028-1036	ascendit	
3-35	1037-1046	Jerusalem	
3-36	1046-1047	,	
3-37	1048-1050	et	
3-38	1051-1062	congregavit	
3-39	1063-1070	populum	
3-40	1071-1072	:	
3-41	1073-1074	3	
3-42	1075-1077	et	
3-43	1078-1087	adhortans	
3-44	1088-1093	dixit	
3-45	1094-1095	:	
3-46	1096-1099	Vos	
3-47	1100-1106	scitis	
3-48	1107-1113	quanta	
3-49	1114-1117	ego	
3-50	1117-1118	,	
3-51	1119-1121	et	
3-52	1122-1129	fratres	
3-53	1130-1133	mei	
3-54	1133-1134	,	
3-55	1135-1137	et	
3-56	1138-1143	domus	
3-57	1144-1150	patris	
3-58	1151-1154	mei	
3-59	1154-1155	,	
3-60	1156-1163	fecimus	
3-61	1164-1167	pro	
3-62	1168-1175	legibus	
3-63	1176-1178	et	
3-64	1179-1182	pro	
3-65	1183-1190	sanctis	
3-66	1190-1191	,	
3-67	1192-1198	prælia	
3-68	1198-1199	,	
3-69	1200-1202	et	
3-70	1203-1212	angustias	
3-71	1213-1219	quales	
3-72	1220-1227	vidimus	
3-73	1228-1229	:	
3-74	1230-1231	4	
3-75	1232-1237	horum	
3-76	1238-1244	gratia	
3-77	1245-1254	perierunt	
3-78	1255-1262	fratres	
3-79	1263-1266	mei	
3-80	1267-1272	omnes	
3-81	1273-1280	propter	
3-82	1281-1287	Israël	
3-83	1287-1288	,	
3-84	1289-1291	et	
3-85	1292-1300	relictus	
3-86	1301-1304	sum	
3-87	1305-1308	ego	
3-88	1309-1314	solus	
3-89	1314-1315	.	
3-90	1316-1317	5	
3-91	1318-1320	Et	
3-92	1321-1325	nunc	
3-93	1326-1329	non	
3-94	1330-1334	mihi	
3-95	1335-1344	contingat	
3-96	1345-1352	parcere	
3-97	1353-1358	animæ	
3-98	1359-1362	meæ	
3-99	1363-1365	in	
3-100	1366-1370	omni	
3-101	1371-1378	tempore	
3-102	1379-1392	tribulationis	
3-103	1393-1394	:	
3-104	1395-1398	non	
3-105	1399-1403	enim	
3-106	1404-1410	melior	
3-107	1411-1414	sum	
3-108	1415-1424	fratribus	
3-109	1425-1429	meis	
3-110	1429-1430	.	
3-111	1431-1432	6	
3-112	1433-1442	Vindicabo	
3-113	1443-1449	itaque	
3-114	1450-1456	gentem	
3-115	1457-1461	meam	
3-116	1461-1462	,	
3-117	1463-1465	et	
3-118	1466-1472	sancta	
3-119	1472-1473	,	
3-120	1474-1479	natos	
3-121	1480-1486	quoque	
3-122	1487-1494	nostros	
3-123	1494-1495	,	
3-124	1496-1498	et	
3-125	1499-1505	uxores	
3-126	1506-1507	:	
3-127	1508-1512	quia	
3-128	1513-1523	congregatæ	
3-129	1524-1528	sunt	
3-130	1529-1537	universæ	
3-131	1538-1544	gentes	
3-132	1545-1554	conterere	
3-133	1555-1558	nos	
3-134	1559-1569	inimicitiæ	
3-135	1570-1576	gratia	
3-136	1576-1577	.	
3-137	1578-1579	7	
3-138	1580-1582	Et	
3-139	1583-1591	accensus	
3-140	1592-1595	est	
3-141	1596-1604	spiritus	
3-142	1605-1611	populi	
3-143	1612-1617	simul	
3-144	1618-1620	ut	
3-145	1621-1628	audivit	
3-146	1629-1637	sermones	
3-147	1638-1643	istos	
3-148	1644-1645	:	
3-149	1646-1647	8	
3-150	1648-1650	et	
3-151	1651-1663	responderunt	
3-152	1664-1668	voce	
3-153	1669-1674	magna	
3-154	1674-1675	,	
3-155	1676-1684	dicentes	
3-156	1685-1686	:	
3-157	1687-1689	Tu	
3-158	1690-1692	es	
3-159	1693-1696	dux	
3-160	1697-1703	noster	
3-161	1704-1708	loco	
3-162	1709-1713	Judæ	
3-163	1713-1714	,	
3-164	1715-1717	et	
3-165	1718-1725	Jonathæ	
3-166	1726-1733	fratris	
3-167	1734-1737	tui	
3-168	1738-1739	:	
3-169	1740-1741	9	
3-170	1742-1747	pugna	
3-171	1748-1755	prælium	
3-172	1756-1763	nostrum	
3-173	1764-1765	:	
3-174	1766-1768	et	
3-175	1769-1774	omnia	
3-176	1774-1775	,	
3-177	1776-1785	quæcumque	
3-178	1786-1793	dixeris	
3-179	1794-1799	nobis	
3-180	1799-1800	,	
3-181	1801-1809	faciemus	
3-182	1809-1810	.	
3-183	1811-1813	10	
3-184	1814-1816	Et	
3-185	1817-1827	congregans	
3-186	1828-1833	omnes	
3-187	1834-1839	viros	
3-188	1840-1850	bellatores	
3-189	1850-1851	,	
3-190	1852-1863	acceleravit	
3-191	1864-1874	consummare	
3-192	1875-1884	universos	
3-193	1885-1890	muros	
3-194	1891-1900	Jerusalem	
3-195	1900-1901	,	
3-196	1902-1904	et	
3-197	1905-1912	munivit	
3-198	1913-1916	eam	
3-199	1917-1919	in	
3-200	1920-1924	gyro	
3-201	1924-1925	.	
3-202	1926-1928	11	
3-203	1929-1931	Et	
3-204	1932-1937	misit	
3-205	1938-1946	Jonathan	
3-206	1947-1953	filium	
3-207	1954-1962	Absalomi	
3-208	1962-1963	,	
3-209	1964-1966	et	
3-210	1967-1970	cum	
3-211	1971-1973	eo	
3-212	1974-1983	exercitum	
3-213	1984-1989	novum	
3-214	1990-1992	in	
3-215	1993-1999	Joppen	
3-216	1999-2000	,	
3-217	2001-2003	et	
3-218	2004-2011	ejectis	
3-219	2012-2015	his	
3-220	2016-2019	qui	
3-221	2020-2025	erant	
3-222	2026-2028	in	
3-223	2029-2031	ea	
3-224	2031-2032	,	
3-225	2033-2041	remansit	
3-226	2042-2047	illic	
3-227	2048-2052	ipse	
3-228	2052-2053	.	
3-229	2054-2056	12	
3-230	2057-2059	Et	
3-231	2060-2065	movit	
3-232	2066-2073	Tryphon	
3-233	2074-2075	a	
3-234	2076-2086	Ptolemaida	
3-235	2087-2090	cum	
3-236	2091-2099	exercitu	
3-237	2100-2105	multo	
3-238	2105-2106	,	
3-239	2107-2109	ut	
3-240	2110-2117	veniret	
3-241	2118-2120	in	
3-242	2121-2127	terram	
3-243	2128-2132	Juda	
3-244	2132-2133	,	
3-245	2134-2136	et	
3-246	2137-2145	Jonathas	
3-247	2146-2149	cum	
3-248	2150-2152	eo	
3-249	2153-2155	in	
3-250	2156-2164	custodia	
3-251	2164-2165	.	
3-252	2166-2168	13	
3-253	2169-2174	Simon	
3-254	2175-2180	autem	
3-255	2181-2190	applicuit	
3-256	2191-2193	in	
3-257	2194-2199	Addus	
3-258	2200-2206	contra	
3-259	2207-2213	faciem	
3-260	2214-2219	campi	
3-261	2219-2220	.	
3-262	2221-2223	14	
3-263	2224-2226	Et	
3-264	2227-2229	ut	
3-265	2230-2238	cognovit	
3-266	2239-2246	Tryphon	
3-267	2247-2251	quia	
3-268	2252-2260	surrexit	
3-269	2261-2266	Simon	
3-270	2267-2271	loco	
3-271	2272-2279	fratris	
3-272	2280-2283	sui	
3-273	2284-2291	Jonathæ	
3-274	2291-2292	,	
3-275	2293-2295	et	
3-276	2296-2300	quia	
3-277	2301-2312	commissurus	
3-278	2313-2318	esset	
3-279	2319-2322	cum	
3-280	2323-2325	eo	
3-281	2326-2333	prælium	
3-282	2333-2334	,	
3-283	2335-2340	misit	
3-284	2341-2343	ad	
3-285	2344-2347	eum	
3-286	2348-2355	legatos	
3-287	2355-2356	,	
3-288	2357-2359	15	
3-289	2360-2366	dicens	
3-290	2367-2368	:	
3-291	2369-2372	Pro	
3-292	2373-2380	argento	
3-293	2380-2381	,	
3-294	2382-2386	quod	
3-295	2387-2394	debebat	
3-296	2395-2401	frater	
3-297	2402-2406	tuus	
3-298	2407-2415	Jonathas	
3-299	2416-2418	in	
3-300	2419-2426	ratione	
3-301	2427-2432	regis	
3-302	2433-2440	propter	
3-303	2441-2448	negotia	
3-304	2449-2452	quæ	
3-305	2453-2459	habuit	
3-306	2459-2460	,	
3-307	2461-2471	detinuimus	
3-308	2472-2475	eum	
3-309	2475-2476	.	
3-310	2477-2479	16	
3-311	2480-2482	Et	
3-312	2483-2487	nunc	
3-313	2488-2493	mitte	
3-314	2494-2501	argenti	
3-315	2502-2509	talenta	
3-316	2510-2516	centum	
3-317	2516-2517	,	
3-318	2518-2520	et	
3-319	2521-2525	duos	
3-320	2526-2532	filios	
3-321	2533-2537	ejus	
3-322	2538-2545	obsides	
3-323	2545-2546	,	
3-324	2547-2549	ut	
3-325	2550-2553	non	
3-326	2554-2562	dimissus	
3-327	2563-2569	fugiat	
3-328	2570-2571	a	
3-329	2572-2577	nobis	
3-330	2577-2578	,	
3-331	2579-2581	et	
3-332	2582-2592	remittemus	
3-333	2593-2596	eum	
3-334	2596-2597	.	
3-335	2598-2600	17	
3-336	2601-2603	Et	
3-337	2604-2612	cognovit	
3-338	2613-2618	Simon	
3-339	2619-2623	quia	
3-340	2624-2627	cum	
3-341	2628-2632	dolo	
3-342	2633-2643	loqueretur	
3-343	2644-2649	secum	
3-344	2650-2651	:	
3-345	2652-2658	jussit	
3-346	2659-2664	tamen	
3-347	2665-2669	dari	
3-348	2670-2678	argentum	
3-349	2679-2681	et	
3-350	2682-2688	pueros	
3-351	2688-2689	,	
3-352	2690-2692	ne	
3-353	2693-2704	inimicitiam	
3-354	2705-2711	magnam	
3-355	2712-2719	sumeret	
3-356	2720-2722	ad	
3-357	2723-2730	populum	
3-358	2731-2737	Israël	
3-359	2737-2738	,	
3-360	2739-2747	dicentem	
3-361	2748-2749	:	
3-362	2750-2752	18	
3-363	2753-2757	Quia	
3-364	2758-2761	non	
3-365	2762-2767	misit	
3-366	2768-2770	ei	
3-367	2771-2779	argentum	
3-368	2779-2780	,	
3-369	2781-2783	et	
3-370	2784-2790	pueros	
3-371	2790-2791	,	
3-372	2792-2801	propterea	
3-373	2802-2808	periit	
3-374	2808-2809	.	
3-375	2810-2812	19	
3-376	2813-2815	Et	
3-377	2816-2821	misit	
3-378	2822-2828	pueros	
3-379	2828-2829	,	
3-380	2830-2832	et	
3-381	2833-2839	centum	
3-382	2840-2847	talenta	
3-383	2848-2849	:	
3-384	2850-2852	et	
3-385	2853-2861	mentitus	
3-386	2862-2865	est	
3-387	2865-2866	,	
3-388	2867-2869	et	
3-389	2870-2873	non	
3-390	2874-2881	dimisit	
3-391	2882-2890	Jonathan	
3-392	2890-2891	.	
3-393	2892-2894	20	
3-394	2895-2897	Et	
3-395	2898-2902	post	
3-396	2903-2906	hæc	
3-397	2907-2912	venit	
3-398	2913-2920	Tryphon	
3-399	2921-2926	intra	
3-400	2927-2935	regionem	
3-401	2935-2936	,	
3-402	2937-2939	ut	
3-403	2940-2950	contereret	
3-404	2951-2954	eam	
3-405	2955-2956	:	
3-406	2957-2959	et	
3-407	2960-2970	gyraverunt	
3-408	2971-2974	per	
3-409	2975-2979	viam	
3-410	2980-2983	quæ	
3-411	2984-2989	ducit	
3-412	2990-2994	Ador	
3-413	2995-2996	:	
3-414	2997-2999	et	
3-415	3000-3005	Simon	
3-416	3006-3008	et	
3-417	3009-3015	castra	
3-418	3016-3020	ejus	
3-419	3021-3031	ambulabant	
3-420	3032-3034	in	
3-421	3035-3040	omnem	
3-422	3041-3046	locum	
3-423	3047-3056	quocumque	
3-424	3057-3062	ibant	
3-425	3062-3063	.	
