#FORMAT=WebAnno TSV 3.3
#T_SP=custom.Span|label
#T_RL=custom.Relation|label|BT_custom.Span


#Text=Vaderlandsche letteroefeningen.
1-1	2-15	Vaderlandsche	_	_	_	
1-2	16-32	letteroefeningen	_	_	_	
1-3	32-33	.	_	_	_	

#Text=Jaargang 1862
#Text=
#Text=genre
#Text=: non-fictie, periodieken, tijdschriften, jaarboeken, letterkunde (secundair)
#Text=
#Text=collectie
#Text=: DBNL 
#Text=aantal hits: 25
#Text=
#Text=
#Text=
#Text=IV.
2-1	34-42	Jaargang	_	_	_	
2-2	43-47	1862	_	_	_	
2-3	49-54	genre	_	_	_	
2-4	55-56	:	_	_	_	
2-5	57-67	non-fictie	_	_	_	
2-6	67-68	,	_	_	_	
2-7	69-80	periodieken	_	_	_	
2-8	80-81	,	_	_	_	
2-9	82-95	tijdschriften	_	_	_	
2-10	95-96	,	_	_	_	
2-11	97-107	jaarboeken	_	_	_	
2-12	107-108	,	_	_	_	
2-13	109-120	letterkunde	_	_	_	
2-14	121-122	(	_	_	_	
2-15	122-131	secundair	_	_	_	
2-16	131-132	)	_	_	_	
2-17	134-143	collectie	_	_	_	
2-18	144-145	:	_	_	_	
2-19	146-150	DBNL	_	_	_	
2-20	152-158	aantal	_	_	_	
2-21	159-163	hits	_	_	_	
2-22	163-164	:	_	_	_	
2-23	165-167	25	_	_	_	
2-24	171-173	IV	_	_	_	
2-25	173-174	.	_	_	_	

#Text=Het werktuig van den reuk.
3-1	175-178	Het	_	_	_	
3-2	179-187	werktuig	_	_	_	
3-3	188-191	van	_	_	_	
3-4	192-195	den	_	_	_	
3-5	196-200	reuk	_	_	_	
3-6	200-201	.	_	_	_	

#Text=De vereischten, onder welke de mensch zijn neus bezigen en aangename of onaangename gewaarwordingen van den reuk door denzelven ontvangen kan, zijn zeer gemakkelijk te verklaren.
4-1	205-207	De	_	_	_	
4-2	208-219	vereischten	_	_	_	
4-3	219-220	,	_	_	_	
4-4	221-226	onder	_	_	_	
4-5	227-232	welke	_	_	_	
4-6	233-235	de	_	_	_	
4-7	236-242	mensch	_	_	_	
4-8	243-247	zijn	_	_	_	
4-9	248-252	neus	Smell\_Word	*|*	4-12[1_0]|4-19[2_0]	
4-10	253-260	bezigen	_	_	_	
4-11	261-263	en	_	_	_	
4-12	264-273	aangename	Odour\_Carrier[1]	_	_	
4-13	274-276	of	Odour\_Carrier[1]	_	_	
4-14	277-288	onaangename	Odour\_Carrier[1]	_	_	
4-15	289-304	gewaarwordingen	Odour\_Carrier[1]	_	_	
4-16	305-308	van	Odour\_Carrier[1]	_	_	
4-17	309-312	den	Odour\_Carrier[1]	_	_	
4-18	313-317	reuk	Odour\_Carrier[1]	_	_	
4-19	318-322	door	Circumstances[2]	_	_	
4-20	323-332	denzelven	Circumstances[2]	_	_	
4-21	333-342	ontvangen	Circumstances[2]	_	_	
4-22	343-346	kan	Circumstances[2]	_	_	
4-23	346-347	,	_	_	_	
4-24	348-352	zijn	_	_	_	
4-25	353-357	zeer	_	_	_	
4-26	358-369	gemakkelijk	_	_	_	
4-27	370-372	te	_	_	_	
4-28	373-382	verklaren	_	_	_	
4-29	382-383	.	_	_	_	

#Text=De nabijheid der riekende stof alleen brengt zulks niet te weeg.
5-1	384-386	De	Location[3]	_	_	
5-2	387-396	nabijheid	Location[3]	_	_	
5-3	397-400	der	_	_	_	
5-4	401-409	riekende	Smell\_Word	*|*|*	5-5|5-1[3_0]|5-7[4_0]	
5-5	410-414	stof	Smell\_Source	_	_	
5-6	415-421	alleen	_	_	_	
5-7	422-428	brengt	Effect[4]	_	_	
5-8	429-434	zulks	Effect[4]|Circumstances[5]	Anaphoric	4-19[2_5]	
5-9	435-439	niet	Effect[4]	_	_	
5-10	440-442	te	Effect[4]	_	_	
5-11	443-447	weeg	Effect[4]	_	_	
5-12	447-448	.	_	_	_	

#Text=De zeer fijne uitvloeiselen der riekende ligchamen of deze ligchamen zelve moeten, wanneer zij luchtof gasyormig zijn, met den ademstroom door den neus opgehaald wordne;
#Text=want zoodra men den adem inhoudt, blijft men ook voor den sterksten reuk ongevoelig.
6-1	449-451	De	_	_	_	
6-2	452-456	zeer	_	_	_	
6-3	457-462	fijne	_	_	_	
6-4	463-476	uitvloeiselen	_	_	_	
6-5	477-480	der	_	_	_	
6-6	481-489	riekende	Smell\_Word	*|*	6-7|6-12[6_0]	
6-7	490-499	ligchamen	Smell\_Source	_	_	
6-8	500-502	of	_	_	_	
6-9	503-507	deze	_	_	_	
6-10	508-517	ligchamen	_	_	_	
6-11	518-523	zelve	_	_	_	
6-12	524-530	moeten	Circumstances[6]	_	_	
6-13	530-531	,	Circumstances[6]	_	_	
6-14	532-539	wanneer	Circumstances[6]	_	_	
6-15	540-543	zij	Circumstances[6]	_	_	
6-16	544-551	luchtof	Circumstances[6]	_	_	
6-17	552-561	gasyormig	Circumstances[6]	_	_	
6-18	562-566	zijn	Circumstances[6]	_	_	
6-19	566-567	,	Circumstances[6]	_	_	
6-20	568-571	met	Circumstances[6]	_	_	
6-21	572-575	den	Circumstances[6]	_	_	
6-22	576-586	ademstroom	Circumstances[6]	_	_	
6-23	587-591	door	Circumstances[6]	_	_	
6-24	592-595	den	Circumstances[6]	_	_	
6-25	596-600	neus	Circumstances[6]	_	_	
6-26	601-610	opgehaald	Circumstances[6]	_	_	
6-27	611-617	wordne	Circumstances[6]	_	_	
6-28	617-618	;	_	_	_	
6-29	619-623	want	_	_	_	
6-30	624-630	zoodra	Time[7]	_	_	
6-31	631-634	men	Time[7]	_	_	
6-32	635-638	den	Time[7]	_	_	
6-33	639-643	adem	Time[7]	_	_	
6-34	644-651	inhoudt	Time[7]	_	_	
6-35	651-652	,	_	_	_	
6-36	653-659	blijft	Circumstances[8]	_	_	
6-37	660-663	men	Circumstances[8]	_	_	
6-38	664-667	ook	_	_	_	
6-39	668-672	voor	_	_	_	
6-40	673-676	den	_	_	_	
6-41	677-686	sterksten	Quality	_	_	
6-42	687-691	reuk	Smell\_Word	*|*|*|*	6-41|6-30[7_0]|6-36[8_0]|6-43	
6-43	692-702	ongevoelig	Circumstances	Same\_span	6-36[8_0]	
6-44	702-703	.	_	_	_	

#Text=Men kan, loodregt op den rug liggende en met achterover gebogen hoofd den in die houding van achteren gesloten neus met sterk riekende vloeistoffen vullen, zonder nogtans de minste gewaarwording van reuk te bespeuren.
7-1	704-707	Men	Perceiver	_	_	
7-2	708-711	kan	_	_	_	
7-3	711-712	,	_	_	_	
7-4	713-721	loodregt	Circumstances[9]	_	_	
7-5	722-724	op	Circumstances[9]	_	_	
7-6	725-728	den	Circumstances[9]	_	_	
7-7	729-732	rug	Circumstances[9]	_	_	
7-8	733-741	liggende	Circumstances[9]	_	_	
7-9	742-744	en	Circumstances[9]	_	_	
7-10	745-748	met	Circumstances[9]	_	_	
7-11	749-759	achterover	Circumstances[9]	_	_	
7-12	760-767	gebogen	Circumstances[9]	_	_	
7-13	768-773	hoofd	Circumstances[9]	_	_	
7-14	774-777	den	Circumstances[9]	_	_	
7-15	778-780	in	_	_	_	
7-16	781-784	die	_	_	_	
7-17	785-792	houding	_	_	_	
7-18	793-796	van	_	_	_	
7-19	797-805	achteren	_	_	_	
7-20	806-814	gesloten	Perceiver[10]	_	_	
7-21	815-819	neus	Perceiver[10]	_	_	
7-22	820-823	met	_	_	_	
7-23	824-829	sterk	Quality	_	_	
7-24	830-838	riekende	Smell\_Word	*|*|*|*|*|*	7-1|7-4[9_0]|7-20[10_0]|7-23|7-25|7-28[11_0]	
7-25	839-851	vloeistoffen	Smell\_Source	_	_	
7-26	852-858	vullen	_	_	_	
7-27	858-859	,	_	_	_	
7-28	860-866	zonder	Effect[11]	_	_	
7-29	867-874	nogtans	Effect[11]	_	_	
7-30	875-877	de	Effect[11]	_	_	
7-31	878-884	minste	Effect[11]	_	_	
7-32	885-898	gewaarwording	Effect[11]	_	_	
7-33	899-902	van	Effect[11]	_	_	
7-34	903-907	reuk	Effect[11]	_	_	
7-35	908-910	te	Effect[11]	_	_	
7-36	911-920	bespeuren	Effect[11]	_	_	
7-37	920-921	.	_	_	_	

#Text=De algemeene ervaring leert verder, dat de neus door het snuiven zeer benadeeld wordt in zijne reukdiensten, gelijk zulks bij ziekte van eenig orgaan ook niet anders te verwachten is.
8-1	922-924	De	_	_	_	
8-2	925-934	algemeene	_	_	_	
8-3	935-943	ervaring	_	_	_	
8-4	944-949	leert	_	_	_	
8-5	950-956	verder	_	_	_	
8-6	956-957	,	_	_	_	
8-7	958-961	dat	_	_	_	
8-8	962-964	de	_	_	_	
8-9	965-969	neus	Smell\_Word	*|*	8-10[12_0]|8-13[13_0]	
8-10	970-974	door	Circumstances[12]	_	_	
8-11	975-978	het	Circumstances[12]	_	_	
8-12	979-986	snuiven	Circumstances[12]	_	_	
8-13	987-991	zeer	Effect[13]	_	_	
8-14	992-1001	benadeeld	Effect[13]	_	_	
8-15	1002-1007	wordt	Effect[13]	_	_	
8-16	1008-1010	in	Effect[13]	_	_	
8-17	1011-1016	zijne	Effect[13]	_	_	
8-18	1017-1029	reukdiensten	Effect[13]	_	_	
8-19	1029-1030	,	_	_	_	
8-20	1031-1037	gelijk	_	_	_	
8-21	1038-1043	zulks	_	_	_	
8-22	1044-1047	bij	_	_	_	
8-23	1048-1054	ziekte	_	_	_	
8-24	1055-1058	van	_	_	_	
8-25	1059-1064	eenig	_	_	_	
8-26	1065-1071	orgaan	_	_	_	
8-27	1072-1075	ook	_	_	_	
8-28	1076-1080	niet	_	_	_	
8-29	1081-1087	anders	_	_	_	
8-30	1088-1090	te	_	_	_	
8-31	1091-1101	verwachten	_	_	_	
8-32	1102-1104	is	_	_	_	
8-33	1104-1105	.	_	_	_	

#Text=illustratie
#Text=
#Text=Ten opzigte van den fijneren bouw onzer reukorganen zijn in den laatsten tijd eveneens zeer belangrijke ondekkingen gedaan.
9-1	1109-1120	illustratie	_	_	_	
9-2	1122-1125	Ten	_	_	_	
9-3	1126-1133	opzigte	_	_	_	
9-4	1134-1137	van	_	_	_	
9-5	1138-1141	den	_	_	_	
9-6	1142-1150	fijneren	_	_	_	
9-7	1151-1155	bouw	_	_	_	
9-8	1156-1161	onzer	_	_	_	
9-9	1162-1173	reukorganen	_	_	_	
9-10	1174-1178	zijn	_	_	_	
9-11	1179-1181	in	_	_	_	
9-12	1182-1185	den	_	_	_	
9-13	1186-1194	laatsten	_	_	_	
9-14	1195-1199	tijd	_	_	_	
9-15	1200-1208	eveneens	_	_	_	
9-16	1209-1213	zeer	_	_	_	
9-17	1214-1225	belangrijke	_	_	_	
9-18	1226-1237	ondekkingen	_	_	_	
9-19	1238-1244	gedaan	_	_	_	
9-20	1244-1245	.	_	_	_	

#Text=Tot nu toe moest men aannemen, dat de riekende stoffen eerst de zachte bekleeding der neusholten, namelijk de slijmhuid, moesten doordringen, alvorens de reukzenuwen en derzelver vertakkingen aan te doen.
10-1	1246-1249	Tot	_	_	_	
10-2	1250-1252	nu	_	_	_	
10-3	1253-1256	toe	_	_	_	
10-4	1257-1262	moest	_	_	_	
10-5	1263-1266	men	_	_	_	
10-6	1267-1275	aannemen	_	_	_	
10-7	1275-1276	,	_	_	_	
10-8	1277-1280	dat	_	_	_	
10-9	1281-1283	de	_	_	_	
10-10	1284-1292	riekende	Smell\_Word	*|*	10-11|10-12[14_0]	
10-11	1293-1300	stoffen	Smell\_Source	_	_	
10-12	1301-1306	eerst	Circumstances[14]	_	_	
10-13	1307-1309	de	Circumstances[14]	_	_	
10-14	1310-1316	zachte	Circumstances[14]	_	_	
10-15	1317-1327	bekleeding	Circumstances[14]	_	_	
10-16	1328-1331	der	Circumstances[14]	_	_	
10-17	1332-1342	neusholten	Circumstances[14]	_	_	
10-18	1342-1343	,	Circumstances[14]	_	_	
10-19	1344-1352	namelijk	Circumstances[14]	_	_	
10-20	1353-1355	de	Circumstances[14]	_	_	
10-21	1356-1365	slijmhuid	Circumstances[14]	_	_	
10-22	1365-1366	,	Circumstances[14]	_	_	
10-23	1367-1374	moesten	Circumstances[14]	_	_	
10-24	1375-1386	doordringen	Circumstances[14]	_	_	
10-25	1386-1387	,	Circumstances[14]	_	_	
10-26	1388-1396	alvorens	Circumstances[14]	_	_	
10-27	1397-1399	de	Circumstances[14]	_	_	
10-28	1400-1411	reukzenuwen	Circumstances[14]	_	_	
10-29	1412-1414	en	Circumstances[14]	_	_	
10-30	1415-1424	derzelver	Circumstances[14]	_	_	
10-31	1425-1437	vertakkingen	Circumstances[14]	_	_	
10-32	1438-1441	aan	Circumstances[14]	_	_	
10-33	1442-1444	te	Circumstances[14]	_	_	
10-34	1445-1449	doen	Circumstances[14]	_	_	
10-35	1449-1450	.	_	_	_	

#Text=Thans echter heeft men de overtuiging verkregen, dat de vezelen, waarin de enuw zich splijt, niet slechts tot aan de oppervlakte rei-
#Text=[p. 410]
#Text=ken, maar ook in eigenaardige borstelige verlengingen boven dezelve uitsteken.
11-1	1451-1456	Thans	_	_	_	
11-2	1457-1463	echter	_	_	_	
11-3	1464-1469	heeft	_	_	_	
11-4	1470-1473	men	_	_	_	
11-5	1474-1476	de	_	_	_	
11-6	1477-1488	overtuiging	_	_	_	
11-7	1489-1498	verkregen	_	_	_	
11-8	1498-1499	,	_	_	_	
11-9	1500-1503	dat	_	_	_	
11-10	1504-1506	de	_	_	_	
11-11	1507-1514	vezelen	_	_	_	
11-12	1514-1515	,	_	_	_	
11-13	1516-1522	waarin	_	_	_	
11-14	1523-1525	de	_	_	_	
11-15	1526-1530	enuw	_	_	_	
11-16	1531-1535	zich	_	_	_	
11-17	1536-1542	splijt	_	_	_	
11-18	1542-1543	,	_	_	_	
11-19	1544-1548	niet	_	_	_	
11-20	1549-1556	slechts	_	_	_	
11-21	1557-1560	tot	_	_	_	
11-22	1561-1564	aan	_	_	_	
11-23	1565-1567	de	_	_	_	
11-24	1568-1579	oppervlakte	_	_	_	
11-25	1580-1583	rei	_	_	_	
11-26	1583-1584	-	_	_	_	
11-27	1585-1586	[	_	_	_	
11-28	1586-1587	p	_	_	_	
11-29	1587-1588	.	_	_	_	
11-30	1589-1592	410	_	_	_	
11-31	1592-1593	]	_	_	_	
11-32	1594-1597	ken	_	_	_	
11-33	1597-1598	,	_	_	_	
11-34	1599-1603	maar	_	_	_	
11-35	1604-1607	ook	_	_	_	
11-36	1608-1610	in	_	_	_	
11-37	1611-1623	eigenaardige	_	_	_	
11-38	1624-1634	borstelige	_	_	_	
11-39	1635-1647	verlengingen	_	_	_	
11-40	1648-1653	boven	_	_	_	
11-41	1654-1661	dezelve	_	_	_	
11-42	1662-1671	uitsteken	_	_	_	
11-43	1671-1672	.	_	_	_	

#Text=Door dit aantal zenuwborsels nu strijkt de ademstroom, die de reukstof leidt, heen, terwijl daardoor tevens de reukzenuwen, zonder eenige de uitwerking verzwakkende bemiddeling, van de reukstoffen aangedaan worden.
12-1	1673-1677	Door	_	_	_	
12-2	1678-1681	dit	_	_	_	
12-3	1682-1688	aantal	_	_	_	
12-4	1689-1701	zenuwborsels	_	_	_	
12-5	1702-1704	nu	_	_	_	
12-6	1705-1712	strijkt	_	_	_	
12-7	1713-1715	de	_	_	_	
12-8	1716-1726	ademstroom	_	_	_	
12-9	1726-1727	,	_	_	_	
12-10	1728-1731	die	_	_	_	
12-11	1732-1734	de	_	_	_	
12-12	1735-1743	reukstof	_	_	_	
12-13	1744-1749	leidt	_	_	_	
12-14	1749-1750	,	_	_	_	
12-15	1751-1755	heen	_	_	_	
12-16	1755-1756	,	_	_	_	
12-17	1757-1764	terwijl	_	_	_	
12-18	1765-1773	daardoor	_	_	_	
12-19	1774-1780	tevens	_	_	_	
12-20	1781-1783	de	_	_	_	
12-21	1784-1795	reukzenuwen	_	_	_	
12-22	1795-1796	,	_	_	_	
12-23	1797-1803	zonder	_	_	_	
12-24	1804-1810	eenige	_	_	_	
12-25	1811-1813	de	_	_	_	
12-26	1814-1824	uitwerking	_	_	_	
12-27	1825-1837	verzwakkende	_	_	_	
12-28	1838-1849	bemiddeling	_	_	_	
12-29	1849-1850	,	_	_	_	
12-30	1851-1854	van	_	_	_	
12-31	1855-1857	de	_	_	_	
12-32	1858-1869	reukstoffen	_	_	_	
12-33	1870-1879	aangedaan	_	_	_	
12-34	1880-1886	worden	_	_	_	
12-35	1886-1887	.	_	_	_	

#Text=En ofschoon men uit de dagelijksche ondervinding weet, dat zeer kleine hoeveelheden eener reukstof toereikend zijn, om den reuk op te wekken, zoo zal toch de berekening, welke de physioloog Valentin opgesteld heeft, zeer belangrijke uitkomsten opleveren.
13-1	1890-1892	En	_	_	_	
13-2	1893-1901	ofschoon	_	_	_	
13-3	1902-1905	men	_	_	_	
13-4	1906-1909	uit	_	_	_	
13-5	1910-1912	de	_	_	_	
13-6	1913-1925	dagelijksche	_	_	_	
13-7	1926-1938	ondervinding	_	_	_	
13-8	1939-1943	weet	_	_	_	
13-9	1943-1944	,	_	_	_	
13-10	1945-1948	dat	_	_	_	
13-11	1949-1953	zeer	_	_	_	
13-12	1954-1960	kleine	_	_	_	
13-13	1961-1973	hoeveelheden	_	_	_	
13-14	1974-1979	eener	_	_	_	
13-15	1980-1988	reukstof	_	_	_	
13-16	1989-1999	toereikend	_	_	_	
13-17	2000-2004	zijn	_	_	_	
13-18	2004-2005	,	_	_	_	
13-19	2006-2008	om	_	_	_	
13-20	2009-2012	den	_	_	_	
13-21	2013-2017	reuk	_	_	_	
13-22	2018-2020	op	_	_	_	
13-23	2021-2023	te	_	_	_	
13-24	2024-2030	wekken	_	_	_	
13-25	2030-2031	,	_	_	_	
13-26	2032-2035	zoo	_	_	_	
13-27	2036-2039	zal	_	_	_	
13-28	2040-2044	toch	_	_	_	
13-29	2045-2047	de	_	_	_	
13-30	2048-2058	berekening	_	_	_	
13-31	2058-2059	,	_	_	_	
13-32	2060-2065	welke	_	_	_	
13-33	2066-2068	de	_	_	_	
13-34	2069-2079	physioloog	_	_	_	
13-35	2080-2088	Valentin	_	_	_	
13-36	2089-2098	opgesteld	_	_	_	
13-37	2099-2104	heeft	_	_	_	
13-38	2104-2105	,	_	_	_	
13-39	2106-2110	zeer	_	_	_	
13-40	2111-2122	belangrijke	_	_	_	
13-41	2123-2133	uitkomsten	_	_	_	
13-42	2134-2143	opleveren	_	_	_	
13-43	2143-2144	.	_	_	_	
