#FORMAT=WebAnno TSV 3.3


#Text=WV 
#Text=
#Text=
#Text=
#Text=DB
#Text=
#Text=
#Text=64 pAMBOTNSCGHE 
#Text=
#Text=in den jaare 1613, te Venetien gekocht was, wierd voor een ongemeen schoon en 
#Text=
#Text=verwonderlyk stuk gehouden, alhoewel het op verre na niet quam by 't geene waar 
#Text=
#Text=gver
#Text=ik
#Text=hier sehryve, nadien het, als wy boven gezegt hebben, twee duizent negen 
#Text=
#Text=hondert en twaalf oncen weegt.
1-1	5-7	WV	
1-2	12-14	DB	
1-3	17-19	64	
1-4	20-32	pAMBOTNSCGHE	
1-5	35-37	in	
1-6	38-41	den	
1-7	42-47	jaare	
1-8	48-52	1613	
1-9	52-53	,	
1-10	54-56	te	
1-11	57-65	Venetien	
1-12	66-73	gekocht	
1-13	74-77	was	
1-14	77-78	,	
1-15	79-84	wierd	
1-16	85-89	voor	
1-17	90-93	een	
1-18	94-102	ongemeen	
1-19	103-109	schoon	
1-20	110-112	en	
1-21	115-127	verwonderlyk	
1-22	128-132	stuk	
1-23	133-141	gehouden	
1-24	141-142	,	
1-25	143-151	alhoewel	
1-26	152-155	het	
1-27	156-158	op	
1-28	159-164	verre	
1-29	165-167	na	
1-30	168-172	niet	
1-31	173-177	quam	
1-32	178-180	by	
1-33	181-182	'	
1-34	182-183	t	
1-35	184-189	geene	
1-36	190-194	waar	
1-37	197-201	gver	
1-38	202-204	ik	
1-39	205-209	hier	
1-40	210-217	sehryve	
1-41	217-218	,	
1-42	219-225	nadien	
1-43	226-229	het	
1-44	229-230	,	
1-45	231-234	als	
1-46	235-237	wy	
1-47	238-243	boven	
1-48	244-250	gezegt	
1-49	251-257	hebben	
1-50	257-258	,	
1-51	259-263	twee	
1-52	264-271	duizent	
1-53	272-277	negen	
1-54	280-287	hondert	
1-55	288-290	en	
1-56	291-297	twaalf	
1-57	298-303	oncen	
1-58	304-309	weegt	
1-59	309-310	.	

#Text=De Schryver van 't gemelde boek Miscellanea
#Text=Natura &c
#Text=, tekent op deze onder-
#Text=
#Text=vindinge van Honnius Vollquadus aan, dat Gargus van l' Orto, in zyne Historie der 
#Text=
#Text=Drogeryen verhaalt
#Text=, en na hem andere Schryvers, die hem missehien hebben uitge-
#Text=
#Text=schreeven, dat men in zee niet alleen groote stukken Amber, maar zelf gansehe Ei-
#Text=
#Text=landen vindt.
2-1	314-316	De	
2-2	317-325	Schryver	
2-3	326-329	van	
2-4	330-331	'	
2-5	331-332	t	
2-6	333-340	gemelde	
2-7	341-345	boek	
2-8	346-357	Miscellanea	
2-9	358-364	Natura	
2-10	365-366	&	
2-11	366-367	c	
2-12	368-369	,	
2-13	370-376	tekent	
2-14	377-379	op	
2-15	380-384	deze	
2-16	385-390	onder	
2-17	390-391	-	
2-18	393-401	vindinge	
2-19	402-405	van	
2-20	406-413	Honnius	
2-21	414-424	Vollquadus	
2-22	425-428	aan	
2-23	428-429	,	
2-24	430-433	dat	
2-25	434-440	Gargus	
2-26	441-444	van	
2-27	445-446	l	
2-28	446-447	'	
2-29	448-452	Orto	
2-30	452-453	,	
2-31	454-456	in	
2-32	457-461	zyne	
2-33	462-470	Historie	
2-34	471-474	der	
2-35	477-486	Drogeryen	
2-36	487-495	verhaalt	
2-37	496-497	,	
2-38	498-500	en	
2-39	501-503	na	
2-40	504-507	hem	
2-41	508-514	andere	
2-42	515-524	Schryvers	
2-43	524-525	,	
2-44	526-529	die	
2-45	530-533	hem	
2-46	534-543	missehien	
2-47	544-550	hebben	
2-48	551-556	uitge	
2-49	556-557	-	
2-50	559-568	schreeven	
2-51	568-569	,	
2-52	570-573	dat	
2-53	574-577	men	
2-54	578-580	in	
2-55	581-584	zee	
2-56	585-589	niet	
2-57	590-596	alleen	
2-58	597-603	groote	
2-59	604-611	stukken	
2-60	612-617	Amber	
2-61	617-618	,	
2-62	619-623	maar	
2-63	624-628	zelf	
2-64	629-636	gansehe	
2-65	637-639	Ei	
2-66	639-640	-	
2-67	642-648	landen	
2-68	649-654	vindt	
2-69	654-655	.	

#Text=De Schryver die deze Aanmerking in zyn boek Miscellanea Natura 
#Text=
#Text=&-c. maakt, kryt deze beregten voor belachelyk uit, en voegt 'er by, dat indien hier in 
#Text=
#Text=gisingen mogen plaats hebben, deze vertellingen op 't verhaal der geener zyn gegrondt, 
#Text=
#Text=die over een stuk van de zee zynde gevaaren, daar Grauwen Amber op den grond 
#Text=
#Text=lag, over al de geur van dezen Amber geroken hebben, waar door zezyn bewogen ge-
#Text=
#Text=worden te gelooven, en daar na te verbreiden, dat het een Eiland van Amber onder 
#Text=
#Text=water was, 't geen dezen reuk uitgaf
#Text=Die zelve Schryver, om zyne meening te bevestigen, 
#Text=
#Text=verhaalt het geene Joannes Fabri, over het verslag van Gregorius van Bolmar; heeft uitge-
#Text=
#Text=geeven, te weeten, dat men in dit gedeelte van de zeeeen stuk Amber van 100 ponden ge-
#Text=
#Text=vonden had, en 't geen Gargius ook heeft verspreidt
#Text=, dat'er in't jaar
#Text=1545 5, omtrent de 
#Text=
#Text=Kaap
#Text=Komoryn
#Text=een brok van 300 ponden gevonden,en onder den naam van leem verkocht is.
3-1	656-658	De	
3-2	659-667	Schryver	
3-3	668-671	die	
3-4	672-676	deze	
3-5	677-687	Aanmerking	
3-6	688-690	in	
3-7	691-694	zyn	
3-8	695-699	boek	
3-9	700-711	Miscellanea	
3-10	712-718	Natura	
3-11	721-722	&	
3-12	722-723	-	
3-13	723-724	c	
3-14	724-725	.	
3-15	726-731	maakt	
3-16	731-732	,	
3-17	733-737	kryt	
3-18	738-742	deze	
3-19	743-751	beregten	
3-20	752-756	voor	
3-21	757-767	belachelyk	
3-22	768-771	uit	
3-23	771-772	,	
3-24	773-775	en	
3-25	776-781	voegt	
3-26	782-783	'	
3-27	783-785	er	
3-28	786-788	by	
3-29	788-789	,	
3-30	790-793	dat	
3-31	794-800	indien	
3-32	801-805	hier	
3-33	806-808	in	
3-34	811-819	gisingen	
3-35	820-825	mogen	
3-36	826-832	plaats	
3-37	833-839	hebben	
3-38	839-840	,	
3-39	841-845	deze	
3-40	846-858	vertellingen	
3-41	859-861	op	
3-42	862-863	'	
3-43	863-864	t	
3-44	865-872	verhaal	
3-45	873-876	der	
3-46	877-883	geener	
3-47	884-887	zyn	
3-48	888-896	gegrondt	
3-49	896-897	,	
3-50	900-903	die	
3-51	904-908	over	
3-52	909-912	een	
3-53	913-917	stuk	
3-54	918-921	van	
3-55	922-924	de	
3-56	925-928	zee	
3-57	929-934	zynde	
3-58	935-943	gevaaren	
3-59	943-944	,	
3-60	945-949	daar	
3-61	950-957	Grauwen	
3-62	958-963	Amber	
3-63	964-966	op	
3-64	967-970	den	
3-65	971-976	grond	
3-66	979-982	lag	
3-67	982-983	,	
3-68	984-988	over	
3-69	989-991	al	
3-70	992-994	de	
3-71	995-999	geur	
3-72	1000-1003	van	
3-73	1004-1009	dezen	
3-74	1010-1015	Amber	
3-75	1016-1023	geroken	
3-76	1024-1030	hebben	
3-77	1030-1031	,	
3-78	1032-1036	waar	
3-79	1037-1041	door	
3-80	1042-1047	zezyn	
3-81	1048-1055	bewogen	
3-82	1056-1058	ge	
3-83	1058-1059	-	
3-84	1061-1067	worden	
3-85	1068-1070	te	
3-86	1071-1079	gelooven	
3-87	1079-1080	,	
3-88	1081-1083	en	
3-89	1084-1088	daar	
3-90	1089-1091	na	
3-91	1092-1094	te	
3-92	1095-1105	verbreiden	
3-93	1105-1106	,	
3-94	1107-1110	dat	
3-95	1111-1114	het	
3-96	1115-1118	een	
3-97	1119-1125	Eiland	
3-98	1126-1129	van	
3-99	1130-1135	Amber	
3-100	1136-1141	onder	
3-101	1144-1149	water	
3-102	1150-1153	was	
3-103	1153-1154	,	
3-104	1155-1156	'	
3-105	1156-1157	t	
3-106	1158-1162	geen	
3-107	1163-1168	dezen	
3-108	1169-1173	reuk	
3-109	1174-1180	uitgaf	
3-110	1181-1184	Die	
3-111	1185-1190	zelve	
3-112	1191-1199	Schryver	
3-113	1199-1200	,	
3-114	1201-1203	om	
3-115	1204-1208	zyne	
3-116	1209-1216	meening	
3-117	1217-1219	te	
3-118	1220-1230	bevestigen	
3-119	1230-1231	,	
3-120	1234-1242	verhaalt	
3-121	1243-1246	het	
3-122	1247-1252	geene	
3-123	1253-1260	Joannes	
3-124	1261-1266	Fabri	
3-125	1266-1267	,	
3-126	1268-1272	over	
3-127	1273-1276	het	
3-128	1277-1284	verslag	
3-129	1285-1288	van	
3-130	1289-1298	Gregorius	
3-131	1299-1302	van	
3-132	1303-1309	Bolmar	
3-133	1309-1310	;	
3-134	1311-1316	heeft	
3-135	1317-1322	uitge	
3-136	1322-1323	-	
3-137	1325-1331	geeven	
3-138	1331-1332	,	
3-139	1333-1335	te	
3-140	1336-1342	weeten	
3-141	1342-1343	,	
3-142	1344-1347	dat	
3-143	1348-1351	men	
3-144	1352-1354	in	
3-145	1355-1358	dit	
3-146	1359-1367	gedeelte	
3-147	1368-1371	van	
3-148	1372-1374	de	
3-149	1375-1381	zeeeen	
3-150	1382-1386	stuk	
3-151	1387-1392	Amber	
3-152	1393-1396	van	
3-153	1397-1400	100	
3-154	1401-1407	ponden	
3-155	1408-1410	ge	
3-156	1410-1411	-	
3-157	1413-1419	vonden	
3-158	1420-1423	had	
3-159	1423-1424	,	
3-160	1425-1427	en	
3-161	1428-1429	'	
3-162	1429-1430	t	
3-163	1431-1435	geen	
3-164	1436-1443	Gargius	
3-165	1444-1447	ook	
3-166	1448-1453	heeft	
3-167	1454-1464	verspreidt	
3-168	1465-1466	,	
3-169	1467-1473	dat'er	
3-170	1474-1478	in't	
3-171	1479-1483	jaar	
3-172	1484-1488	1545	
3-173	1489-1490	5	
3-174	1490-1491	,	
3-175	1492-1499	omtrent	
3-176	1500-1502	de	
3-177	1505-1509	Kaap	
3-178	1510-1517	Komoryn	
3-179	1518-1521	een	
3-180	1522-1526	brok	
3-181	1527-1530	van	
3-182	1531-1534	300	
3-183	1535-1541	ponden	
3-184	1542-1550	gevonden	
3-185	1550-1551	,	
3-186	1551-1553	en	
3-187	1554-1559	onder	
3-188	1560-1563	den	
3-189	1564-1568	naam	
3-190	1569-1572	van	
3-191	1573-1577	leem	
3-192	1578-1586	verkocht	
3-193	1587-1589	is	
3-194	1589-1590	.	

#Text=Joannes Ugoliscotus verhaalt, dat 'er omtrent de Kaap Komoryn een ander stuk van 
#Text=
#Text=1500 ponden is verkocht, en Monardus schryft, dat 'er uit het lyf van eenen Walvisch 
#Text=
#Text=too ponden
#Text=Amber is gehaalt.
4-1	1593-1600	Joannes	
4-2	1601-1612	Ugoliscotus	
4-3	1613-1621	verhaalt	
4-4	1621-1622	,	
4-5	1623-1626	dat	
4-6	1627-1628	'	
4-7	1628-1630	er	
4-8	1631-1638	omtrent	
4-9	1639-1641	de	
4-10	1642-1646	Kaap	
4-11	1647-1654	Komoryn	
4-12	1655-1658	een	
4-13	1659-1664	ander	
4-14	1665-1669	stuk	
4-15	1670-1673	van	
4-16	1676-1680	1500	
4-17	1681-1687	ponden	
4-18	1688-1690	is	
4-19	1691-1699	verkocht	
4-20	1699-1700	,	
4-21	1701-1703	en	
4-22	1704-1712	Monardus	
4-23	1713-1720	schryft	
4-24	1720-1721	,	
4-25	1722-1725	dat	
4-26	1726-1727	'	
4-27	1727-1729	er	
4-28	1730-1733	uit	
4-29	1734-1737	het	
4-30	1738-1741	lyf	
4-31	1742-1745	van	
4-32	1746-1751	eenen	
4-33	1752-1760	Walvisch	
4-34	1763-1766	too	
4-35	1767-1773	ponden	
4-36	1774-1779	Amber	
4-37	1780-1782	is	
4-38	1783-1790	gehaalt	
4-39	1790-1791	.	

#Text=Onze Schryver, die deze aanmerkingen in zyn boek 
#Text=
#Text=Miscellanea Natura maakt, voegt 'er by, dat het geene de zelve Gargius, op 't ver-
#Text=
#Text=haal van anderen, heeft geschreven, de waarheit nader bykomt;
#Text=namelyk, dat men 
#Text=
#Text=een stuk Grauwen Amber van een mans lengte, en een ander van 30 handpalmen 
#Text=
#Text=lang, en 18 breed had gevonden.
5-1	1792-1796	Onze	
5-2	1797-1805	Schryver	
5-3	1805-1806	,	
5-4	1807-1810	die	
5-5	1811-1815	deze	
5-6	1816-1828	aanmerkingen	
5-7	1829-1831	in	
5-8	1832-1835	zyn	
5-9	1836-1840	boek	
5-10	1843-1854	Miscellanea	
5-11	1855-1861	Natura	
5-12	1862-1867	maakt	
5-13	1867-1868	,	
5-14	1869-1874	voegt	
5-15	1875-1876	'	
5-16	1876-1878	er	
5-17	1879-1881	by	
5-18	1881-1882	,	
5-19	1883-1886	dat	
5-20	1887-1890	het	
5-21	1891-1896	geene	
5-22	1897-1899	de	
5-23	1900-1905	zelve	
5-24	1906-1913	Gargius	
5-25	1913-1914	,	
5-26	1915-1917	op	
5-27	1918-1919	'	
5-28	1919-1920	t	
5-29	1921-1924	ver	
5-30	1924-1925	-	
5-31	1927-1931	haal	
5-32	1932-1935	van	
5-33	1936-1943	anderen	
5-34	1943-1944	,	
5-35	1945-1950	heeft	
5-36	1951-1961	geschreven	
5-37	1961-1962	,	
5-38	1963-1965	de	
5-39	1966-1974	waarheit	
5-40	1975-1980	nader	
5-41	1981-1987	bykomt	
5-42	1987-1988	;	
5-43	1989-1996	namelyk	
5-44	1996-1997	,	
5-45	1998-2001	dat	
5-46	2002-2005	men	
5-47	2008-2011	een	
5-48	2012-2016	stuk	
5-49	2017-2024	Grauwen	
5-50	2025-2030	Amber	
5-51	2031-2034	van	
5-52	2035-2038	een	
5-53	2039-2043	mans	
5-54	2044-2050	lengte	
5-55	2050-2051	,	
5-56	2052-2054	en	
5-57	2055-2058	een	
5-58	2059-2064	ander	
5-59	2065-2068	van	
5-60	2069-2071	30	
5-61	2072-2082	handpalmen	
5-62	2085-2089	lang	
5-63	2089-2090	,	
5-64	2091-2093	en	
5-65	2094-2096	18	
5-66	2097-2102	breed	
5-67	2103-2106	had	
5-68	2107-2115	gevonden	
5-69	2115-2116	.	
