#FORMAT=WebAnno TSV 3.3
#T_SP=custom.Span|label
#T_RL=custom.Relation|label|BT_custom.Span


#Text=die Aeſte ſind mit kleinen gruͤnen und
#Text=ſchmalen Blaͤttern beſetzt, die Fruͤchte
#Text=ſehen faſt wie die Tannzapfen.
1-1	3-6	die	_	_	_	
1-2	7-12	Aeſte	_	_	_	
1-3	13-17	ſind	_	_	_	
1-4	18-21	mit	_	_	_	
1-5	22-29	kleinen	_	_	_	
1-6	30-37	gruͤnen	_	_	_	
1-7	38-41	und	_	_	_	
1-8	42-50	ſchmalen	_	_	_	
1-9	51-60	Blaͤttern	_	_	_	
1-10	61-68	beſetzt	_	_	_	
1-11	68-69	,	_	_	_	
1-12	70-73	die	_	_	_	
1-13	74-82	Fruͤchte	_	_	_	
1-14	83-88	ſehen	_	_	_	
1-15	89-93	faſt	_	_	_	
1-16	94-97	wie	_	_	_	
1-17	98-101	die	_	_	_	
1-18	102-112	Tannzapfen	_	_	_	
1-19	112-113	.	_	_	_	

#Text=Aus dem Stamm und dicken Aeſten
#Text=
#Text=des Baumes rinnet bey groſſer Hitze,
#Text=von ihm ſelbſt, das weiſſe, klar und durch-
#Text=ſichtige Hartz, welches wir Cedern
#Text=Gummi oder Manna Maſtichina zu nen-
#Text=nen pflegen, deſſen die allergroͤſten Baͤu-
#Text=
#Text=me nicht mehr als ſechs Untzen des Ta-
#Text=ges geben.
2-1	117-120	Aus	_	_	_	
2-2	121-124	dem	_	_	_	
2-3	125-130	Stamm	_	_	_	
2-4	131-134	und	_	_	_	
2-5	135-141	dicken	_	_	_	
2-6	142-148	Aeſten	_	_	_	
2-7	150-153	des	_	_	_	
2-8	154-160	Baumes	_	_	_	
2-9	161-167	rinnet	_	_	_	
2-10	168-171	bey	_	_	_	
2-11	172-179	groſſer	_	_	_	
2-12	180-185	Hitze	_	_	_	
2-13	185-186	,	_	_	_	
2-14	187-190	von	_	_	_	
2-15	191-194	ihm	_	_	_	
2-16	195-201	ſelbſt	_	_	_	
2-17	201-202	,	_	_	_	
2-18	203-206	das	_	_	_	
2-19	207-213	weiſſe	_	_	_	
2-20	213-214	,	_	_	_	
2-21	215-219	klar	_	_	_	
2-22	220-223	und	_	_	_	
2-23	224-229	durch	_	_	_	
2-24	229-230	-	_	_	_	
2-25	231-239	ſichtige	_	_	_	
2-26	240-245	Hartz	_	_	_	
2-27	245-246	,	_	_	_	
2-28	247-254	welches	_	_	_	
2-29	255-258	wir	_	_	_	
2-30	259-265	Cedern	_	_	_	
2-31	266-271	Gummi	_	_	_	
2-32	272-276	oder	_	_	_	
2-33	277-282	Manna	_	_	_	
2-34	283-293	Maſtichina	_	_	_	
2-35	294-296	zu	_	_	_	
2-36	297-300	nen	_	_	_	
2-37	300-301	-	_	_	_	
2-38	302-305	nen	_	_	_	
2-39	306-313	pflegen	_	_	_	
2-40	313-314	,	_	_	_	
2-41	315-321	deſſen	_	_	_	
2-42	322-325	die	_	_	_	
2-43	326-339	allergroͤſten	_	_	_	
2-44	340-344	Baͤu	_	_	_	
2-45	344-345	-	_	_	_	
2-46	347-349	me	_	_	_	
2-47	350-355	nicht	_	_	_	
2-48	356-360	mehr	_	_	_	
2-49	361-364	als	_	_	_	
2-50	365-370	ſechs	_	_	_	
2-51	371-377	Untzen	_	_	_	
2-52	378-381	des	_	_	_	
2-53	382-384	Ta	_	_	_	
2-54	384-385	-	_	_	_	
2-55	386-389	ges	_	_	_	
2-56	390-395	geben	_	_	_	
2-57	395-396	.	_	_	_	

#Text=Es entſtehen auch an eben
#Text=dieſes Baumes Stamme, von der groſ-
#Text=ſen Sonnenhitze, kleine Blaͤslein, aus
#Text=
#Text=denen, wenn man ſie aufſticht, ein weiſ-
#Text=ſer klarer Saft, wie Waſſer, laͤufft, eines
#Text=ſtarcken durchtringenden Geruchs.
3-1	397-399	Es	_	_	_	
3-2	400-409	entſtehen	_	_	_	
3-3	410-414	auch	_	_	_	
3-4	415-417	an	_	_	_	
3-5	418-422	eben	_	_	_	
3-6	423-429	dieſes	_	_	_	
3-7	430-436	Baumes	_	_	_	
3-8	437-443	Stamme	_	_	_	
3-9	443-444	,	_	_	_	
3-10	445-448	von	_	_	_	
3-11	449-452	der	_	_	_	
3-12	453-457	groſ	_	_	_	
3-13	457-458	-	_	_	_	
3-14	459-462	ſen	_	_	_	
3-15	463-474	Sonnenhitze	_	_	_	
3-16	474-475	,	_	_	_	
3-17	476-482	kleine	_	_	_	
3-18	483-492	Blaͤslein	_	_	_	
3-19	492-493	,	_	_	_	
3-20	494-497	aus	_	_	_	
3-21	499-504	denen	_	_	_	
3-22	504-505	,	_	_	_	
3-23	506-510	wenn	Circumstances[1]	_	_	
3-24	511-514	man	Circumstances[1]	_	_	
3-25	515-518	ſie	Circumstances[1]	_	_	
3-26	519-528	aufſticht	Circumstances[1]	_	_	
3-27	528-529	,	_	_	_	
3-28	530-533	ein	_	_	_	
3-29	534-538	weiſ	_	_	_	
3-30	538-539	-	_	_	_	
3-31	540-543	ſer	_	_	_	
3-32	544-550	klarer	_	_	_	
3-33	551-555	Saft	Smell\_Source	_	_	
3-34	555-556	,	_	_	_	
3-35	557-560	wie	_	_	_	
3-36	561-567	Waſſer	_	_	_	
3-37	567-568	,	_	_	_	
3-38	569-576	laͤufft	_	_	_	
3-39	576-577	,	_	_	_	
3-40	578-583	eines	_	_	_	
3-41	584-592	ſtarcken	_	_	_	
3-42	593-608	durchtringenden	_	_	_	
3-43	609-616	Geruchs	Smell\_Word	*|*	3-33|3-23[1_0]	
3-44	616-617	.	_	_	_	

#Text=Wenn der Baum nichts mehr von ihm
#Text=ſelber giebt, alsdann ritzen ſie ihn auf,
#Text=da dann eine ſchmierichte Fettigkeit her-
#Text=
#Text=werde, als was mir davon kund wor-
#Text=den, und darauf anzeigen, was an ſtatt
#Text=des Aſpalathi verkaufft werde.
4-1	619-623	Wenn	_	_	_	
4-2	624-627	der	_	_	_	
4-3	628-632	Baum	_	_	_	
4-4	633-639	nichts	_	_	_	
4-5	640-644	mehr	_	_	_	
4-6	645-648	von	_	_	_	
4-7	649-652	ihm	_	_	_	
4-8	653-659	ſelber	_	_	_	
4-9	660-665	giebt	_	_	_	
4-10	665-666	,	_	_	_	
4-11	667-674	alsdann	_	_	_	
4-12	675-681	ritzen	_	_	_	
4-13	682-685	ſie	_	_	_	
4-14	686-689	ihn	_	_	_	
4-15	690-693	auf	_	_	_	
4-16	693-694	,	_	_	_	
4-17	695-697	da	_	_	_	
4-18	698-702	dann	_	_	_	
4-19	703-707	eine	_	_	_	
4-20	708-720	ſchmierichte	_	_	_	
4-21	721-731	Fettigkeit	_	_	_	
4-22	732-735	her	_	_	_	
4-23	735-736	-	_	_	_	
4-24	738-743	werde	_	_	_	
4-25	743-744	,	_	_	_	
4-26	745-748	als	_	_	_	
4-27	749-752	was	_	_	_	
4-28	753-756	mir	_	_	_	
4-29	757-762	davon	_	_	_	
4-30	763-767	kund	_	_	_	
4-31	768-771	wor	_	_	_	
4-32	771-772	-	_	_	_	
4-33	773-776	den	_	_	_	
4-34	776-777	,	_	_	_	
4-35	778-781	und	_	_	_	
4-36	782-788	darauf	_	_	_	
4-37	789-797	anzeigen	_	_	_	
4-38	797-798	,	_	_	_	
4-39	799-802	was	_	_	_	
4-40	803-805	an	_	_	_	
4-41	806-811	ſtatt	_	_	_	
4-42	812-815	des	_	_	_	
4-43	816-825	Aſpalathi	_	_	_	
4-44	826-835	verkaufft	_	_	_	
4-45	836-841	werde	_	_	_	
4-46	841-842	.	_	_	_	

#Text=(Jn dem Anhange aber hat unſer
#Text=Autor folgendes geſetzt:)
#Text=
#Text=„Nachdem dieſes Cap.
#Text=bereits ge-
#Text=„druckt war, habe ich nachfolgendes da-
#Text=„von gefunden:
#Text=
#Text=
#Text=„Es ſind Stuͤcken Holtz von einem
#Text=„Sineſiſchen Baume, der dem klei-
#Text=„nen Calambouc ſehr nahe kommt,
#Text=„welche dichte, mit ſchwartzbraunen
#Text=„oder weißlichten Adern gezieret, har-
#Text=„tzicht, viel luckerer und dicker, als die
#Text=„vom Aloeholtze, doch nicht ſo dichte
#Text=„ſind, einen bitterlichen, fett- und har-
#Text=„tzichten Geſchmack haben, auch eben
#Text=„nicht ſo gar ſtarck riechen.
5-1	845-846	(	_	_	_	
5-2	846-848	Jn	_	_	_	
5-3	849-852	dem	_	_	_	
5-4	853-860	Anhange	_	_	_	
5-5	861-865	aber	_	_	_	
5-6	866-869	hat	_	_	_	
5-7	870-875	unſer	_	_	_	
5-8	876-881	Autor	_	_	_	
5-9	882-891	folgendes	_	_	_	
5-10	892-899	geſetzt	_	_	_	
5-11	899-900	:	_	_	_	
5-12	900-901	)	_	_	_	
5-13	903-904	„	_	_	_	
5-14	904-911	Nachdem	_	_	_	
5-15	912-918	dieſes	_	_	_	
5-16	919-922	Cap	_	_	_	
5-17	922-923	.	_	_	_	
5-18	924-931	bereits	_	_	_	
5-19	932-934	ge	_	_	_	
5-20	934-935	-	_	_	_	
5-21	936-937	„	_	_	_	
5-22	937-943	druckt	_	_	_	
5-23	944-947	war	_	_	_	
5-24	947-948	,	_	_	_	
5-25	949-953	habe	_	_	_	
5-26	954-957	ich	_	_	_	
5-27	958-971	nachfolgendes	_	_	_	
5-28	972-974	da	_	_	_	
5-29	974-975	-	_	_	_	
5-30	976-977	„	_	_	_	
5-31	977-980	von	_	_	_	
5-32	981-989	gefunden	_	_	_	
5-33	989-990	:	_	_	_	
5-34	993-994	„	_	_	_	
5-35	994-996	Es	_	_	_	
5-36	997-1001	ſind	_	_	_	
5-37	1002-1010	Stuͤcken	_	_	_	
5-38	1011-1016	Holtz	Smell\_Source	_	_	
5-39	1017-1020	von	_	_	_	
5-40	1021-1026	einem	_	_	_	
5-41	1027-1028	„	_	_	_	
5-42	1028-1039	Sineſiſchen	_	_	_	
5-43	1040-1045	Baume	_	_	_	
5-44	1045-1046	,	_	_	_	
5-45	1047-1050	der	_	_	_	
5-46	1051-1054	dem	_	_	_	
5-47	1055-1059	klei	_	_	_	
5-48	1059-1060	-	_	_	_	
5-49	1061-1062	„	_	_	_	
5-50	1062-1065	nen	_	_	_	
5-51	1066-1075	Calambouc	_	_	_	
5-52	1076-1080	ſehr	_	_	_	
5-53	1081-1085	nahe	_	_	_	
5-54	1086-1091	kommt	_	_	_	
5-55	1091-1092	,	_	_	_	
5-56	1093-1094	„	_	_	_	
5-57	1094-1100	welche	_	_	_	
5-58	1101-1107	dichte	_	_	_	
5-59	1107-1108	,	_	_	_	
5-60	1109-1112	mit	_	_	_	
5-61	1113-1128	ſchwartzbraunen	_	_	_	
5-62	1129-1130	„	_	_	_	
5-63	1130-1134	oder	_	_	_	
5-64	1135-1146	weißlichten	_	_	_	
5-65	1147-1152	Adern	_	_	_	
5-66	1153-1161	gezieret	_	_	_	
5-67	1161-1162	,	_	_	_	
5-68	1163-1166	har	_	_	_	
5-69	1166-1167	-	_	_	_	
5-70	1168-1169	„	_	_	_	
5-71	1169-1175	tzicht	_	_	_	
5-72	1175-1176	,	_	_	_	
5-73	1177-1181	viel	_	_	_	
5-74	1182-1190	luckerer	_	_	_	
5-75	1191-1194	und	_	_	_	
5-76	1195-1201	dicker	_	_	_	
5-77	1201-1202	,	_	_	_	
5-78	1203-1206	als	_	_	_	
5-79	1207-1210	die	_	_	_	
5-80	1211-1212	„	_	_	_	
5-81	1212-1215	vom	_	_	_	
5-82	1216-1226	Aloeholtze	_	_	_	
5-83	1226-1227	,	_	_	_	
5-84	1228-1232	doch	_	_	_	
5-85	1233-1238	nicht	_	_	_	
5-86	1239-1241	ſo	_	_	_	
5-87	1242-1248	dichte	_	_	_	
5-88	1249-1250	„	_	_	_	
5-89	1250-1254	ſind	_	_	_	
5-90	1254-1255	,	_	_	_	
5-91	1256-1261	einen	_	_	_	
5-92	1262-1274	bitterlichen	_	_	_	
5-93	1274-1275	,	_	_	_	
5-94	1276-1280	fett	_	_	_	
5-95	1280-1281	-	_	_	_	
5-96	1282-1285	und	_	_	_	
5-97	1286-1289	har	_	_	_	
5-98	1289-1290	-	_	_	_	
5-99	1291-1292	„	_	_	_	
5-100	1292-1300	tzichten	_	_	_	
5-101	1301-1310	Geſchmack	_	_	_	
5-102	1311-1316	haben	_	_	_	
5-103	1316-1317	,	_	_	_	
5-104	1318-1322	auch	_	_	_	
5-105	1323-1327	eben	_	_	_	
5-106	1328-1329	„	_	_	_	
5-107	1329-1334	nicht	Quality[2]	_	_	
5-108	1335-1337	ſo	Quality[2]	_	_	
5-109	1338-1341	gar	Quality[2]	_	_	
5-110	1342-1348	ſtarck	Quality[2]	_	_	
5-111	1349-1356	riechen	Smell\_Word	*|*	5-107[2_0]|5-38	
5-112	1356-1357	.	_	_	_	

#Text=„Der Strauch des Aſpalathi iſt ſtach-
#Text=„licht, waͤchſt auf den Bergen, und
#Text=„wird fuͤr giftig gehalten.
6-1	1361-1362	„	_	_	_	
6-2	1362-1365	Der	_	_	_	
6-3	1366-1373	Strauch	_	_	_	
6-4	1374-1377	des	_	_	_	
6-5	1378-1387	Aſpalathi	_	_	_	
6-6	1388-1391	iſt	_	_	_	
6-7	1392-1397	ſtach	_	_	_	
6-8	1397-1398	-	_	_	_	
6-9	1399-1400	„	_	_	_	
6-10	1400-1405	licht	_	_	_	
6-11	1405-1406	,	_	_	_	
6-12	1407-1414	waͤchſt	_	_	_	
6-13	1415-1418	auf	_	_	_	
6-14	1419-1422	den	_	_	_	
6-15	1423-1429	Bergen	_	_	_	
6-16	1429-1430	,	_	_	_	
6-17	1431-1434	und	_	_	_	
6-18	1435-1436	„	_	_	_	
6-19	1436-1440	wird	_	_	_	
6-20	1441-1445	fuͤr	_	_	_	
6-21	1446-1452	giftig	_	_	_	
6-22	1453-1461	gehalten	_	_	_	
6-23	1461-1462	.	_	_	_	

#Text=„Bey den Alten werden unterſchie-
#Text=„dene Gattungen Aſpalathum beſchrie-
#Text=„ben, welche aber nicht mehr zu haben,
#Text=„ja man weiß faſt gar nichts mehr da-
#Text=„von.
7-1	1466-1467	„	_	_	_	
7-2	1467-1470	Bey	_	_	_	
7-3	1471-1474	den	_	_	_	
7-4	1475-1480	Alten	_	_	_	
7-5	1481-1487	werden	_	_	_	
7-6	1488-1498	unterſchie	_	_	_	
7-7	1498-1499	-	_	_	_	
7-8	1500-1501	„	_	_	_	
7-9	1501-1505	dene	_	_	_	
7-10	1506-1515	Gattungen	_	_	_	
7-11	1516-1526	Aſpalathum	_	_	_	
7-12	1527-1535	beſchrie	_	_	_	
7-13	1535-1536	-	_	_	_	
7-14	1537-1538	„	_	_	_	
7-15	1538-1541	ben	_	_	_	
7-16	1541-1542	,	_	_	_	
7-17	1543-1549	welche	_	_	_	
7-18	1550-1554	aber	_	_	_	
7-19	1555-1560	nicht	_	_	_	
7-20	1561-1565	mehr	_	_	_	
7-21	1566-1568	zu	_	_	_	
7-22	1569-1574	haben	_	_	_	
7-23	1574-1575	,	_	_	_	
7-24	1576-1577	„	_	_	_	
7-25	1577-1579	ja	_	_	_	
7-26	1580-1583	man	_	_	_	
7-27	1584-1588	weiß	_	_	_	
7-28	1589-1593	faſt	_	_	_	
7-29	1594-1597	gar	_	_	_	
7-30	1598-1604	nichts	_	_	_	
7-31	1605-1609	mehr	_	_	_	
7-32	1610-1612	da	_	_	_	
7-33	1612-1613	-	_	_	_	
7-34	1614-1615	„	_	_	_	
7-35	1615-1618	von	_	_	_	
7-36	1618-1619	.	_	_	_	

#Text=Sie gebrauchten dieſes Holtz zu
#Text=„Salben, kochten es in Oele, damit ſich
#Text=
#Text=„das Hartz heraus zoͤge, und gebrauch-
#Text=„ten hernachmahls daſſelbe Oel.
8-1	1620-1623	Sie	_	_	_	
8-2	1624-1635	gebrauchten	_	_	_	
8-3	1636-1642	dieſes	_	_	_	
8-4	1643-1648	Holtz	_	_	_	
8-5	1649-1651	zu	_	_	_	
8-6	1652-1653	„	_	_	_	
8-7	1653-1659	Salben	_	_	_	
8-8	1659-1660	,	_	_	_	
8-9	1661-1668	kochten	_	_	_	
8-10	1669-1671	es	_	_	_	
8-11	1672-1674	in	_	_	_	
8-12	1675-1679	Oele	_	_	_	
8-13	1679-1680	,	_	_	_	
8-14	1681-1686	damit	_	_	_	
8-15	1687-1691	ſich	_	_	_	
8-16	1693-1694	„	_	_	_	
8-17	1694-1697	das	_	_	_	
8-18	1698-1703	Hartz	_	_	_	
8-19	1704-1710	heraus	_	_	_	
8-20	1711-1716	zoͤge	_	_	_	
8-21	1716-1717	,	_	_	_	
8-22	1718-1721	und	_	_	_	
8-23	1722-1730	gebrauch	_	_	_	
8-24	1730-1731	-	_	_	_	
8-25	1732-1733	„	_	_	_	
8-26	1733-1736	ten	_	_	_	
8-27	1737-1749	hernachmahls	_	_	_	
8-28	1750-1758	daſſelbe	_	_	_	
8-29	1759-1762	Oel	_	_	_	
8-30	1762-1763	.	_	_	_	

#Text=„Das Holtz wird gleicher geſtalt als
#Text=„wie das Aloeholtz geſammlet, doch nur,
#Text=„der Sineſer Vorgeben nach, die har-
#Text=„tzichten Stuͤcke, und welche ſtarck
#Text=„riechen.
9-1	1767-1768	„	_	_	_	
9-2	1768-1771	Das	_	_	_	
9-3	1772-1777	Holtz	_	_	_	
9-4	1778-1782	wird	_	_	_	
9-5	1783-1791	gleicher	_	_	_	
9-6	1792-1799	geſtalt	_	_	_	
9-7	1800-1803	als	_	_	_	
9-8	1804-1805	„	_	_	_	
9-9	1805-1808	wie	_	_	_	
9-10	1809-1812	das	_	_	_	
9-11	1813-1822	Aloeholtz	_	_	_	
9-12	1823-1832	geſammlet	_	_	_	
9-13	1832-1833	,	_	_	_	
9-14	1834-1838	doch	_	_	_	
9-15	1839-1842	nur	_	_	_	
9-16	1842-1843	,	_	_	_	
9-17	1844-1845	„	_	_	_	
9-18	1845-1848	der	_	_	_	
9-19	1849-1856	Sineſer	_	_	_	
9-20	1857-1865	Vorgeben	_	_	_	
9-21	1866-1870	nach	_	_	_	
9-22	1870-1871	,	_	_	_	
9-23	1872-1875	die	Smell\_Source[3]	_	_	
9-24	1876-1879	har	Smell\_Source[3]	_	_	
9-25	1879-1880	-	Smell\_Source[3]	_	_	
9-26	1881-1882	„	Smell\_Source[3]	_	_	
9-27	1882-1890	tzichten	Smell\_Source[3]	_	_	
9-28	1891-1898	Stuͤcke	Smell\_Source[3]	_	_	
9-29	1898-1899	,	_	_	_	
9-30	1900-1903	und	_	_	_	
9-31	1904-1910	welche	_	_	_	
9-32	1911-1917	ſtarck	Quality	_	_	
9-33	1918-1919	„	_	_	_	
9-34	1919-1926	riechen	Smell\_Word	*|*	9-23[3_0]|9-32	
9-35	1926-1927	.	_	_	_	

#Text=Wir verkauffen dreyerley Holtz un-
#Text=ter dem Titel Aſpalathum.
10-1	1931-1934	Wir	_	_	_	
10-2	1935-1945	verkauffen	_	_	_	
10-3	1946-1955	dreyerley	_	_	_	
10-4	1956-1961	Holtz	_	_	_	
10-5	1962-1964	un	_	_	_	
10-6	1964-1965	-	_	_	_	
10-7	1966-1969	ter	_	_	_	
10-8	1970-1973	dem	_	_	_	
10-9	1974-1979	Titel	_	_	_	
10-10	1980-1990	Aſpalathum	_	_	_	
10-11	1990-1991	.	_	_	_	
