#FORMAT=WebAnno TSV 3.3


#Text=4
#Text=
#Text=Exod.
#Text=26.35.
1-1	3-4	4	
1-2	6-10	Exod	
1-3	10-11	.	
1-4	12-17	26.35	
1-5	17-18	.	

#Text=Daer na sult ghy de tafel daer in brengen, ende ghy sult D. ghy sult alles in bequame ordre schicken:
#Text=verstaende insonderheyt de toonbrooden. schicken dat daer op te schicken is:
#Text=Exod.
#Text=27.20. ghy sult oock den kandelaer daer in brengen, ende sijne lampen aensteken.
#Text=
#Text=5
#Text=
#Text=
#Text=Ende
#Text=ghy sult den goudenen altaer ten reuckwercke voor de Arke der getuygenisse setten:
#Text=Exod.
#Text=26.36.
#Text=dan sult ghy het decksel der deure des Tabernakels ophangen.
#Text=
#Text=6
#Text=
#Text=Ghy
#Text=sult oock den altaer des brand-offers setten voor de deure des Tabernakels der Tente der t’samenkomste.
#Text=
#Text=7
#Text=
#Text=Ende ghy sult het waschvat setten tusschen de Tente der t’samenkomste, ende tusschen
#Text=den altaer: ende ghy sult water daer [in] doen.
2-1	19-23	Daer	
2-2	24-26	na	
2-3	27-31	sult	
2-4	32-35	ghy	
2-5	36-38	de	
2-6	39-44	tafel	
2-7	45-49	daer	
2-8	50-52	in	
2-9	53-60	brengen	
2-10	60-61	,	
2-11	62-66	ende	
2-12	67-70	ghy	
2-13	71-75	sult	
2-14	76-77	D	
2-15	77-78	.	
2-16	79-82	ghy	
2-17	83-87	sult	
2-18	88-93	alles	
2-19	94-96	in	
2-20	97-104	bequame	
2-21	105-110	ordre	
2-22	111-119	schicken	
2-23	119-120	:	
2-24	121-131	verstaende	
2-25	132-144	insonderheyt	
2-26	145-147	de	
2-27	148-159	toonbrooden	
2-28	159-160	.	
2-29	161-169	schicken	
2-30	170-173	dat	
2-31	174-178	daer	
2-32	179-181	op	
2-33	182-184	te	
2-34	185-193	schicken	
2-35	194-196	is	
2-36	196-197	:	
2-37	198-202	Exod	
2-38	202-203	.	
2-39	204-209	27.20	
2-40	209-210	.	
2-41	211-214	ghy	
2-42	215-219	sult	
2-43	220-224	oock	
2-44	225-228	den	
2-45	229-238	kandelaer	
2-46	239-243	daer	
2-47	244-246	in	
2-48	247-254	brengen	
2-49	254-255	,	
2-50	256-260	ende	
2-51	261-266	sijne	
2-52	267-273	lampen	
2-53	274-283	aensteken	
2-54	283-284	.	
2-55	286-287	5	
2-56	290-294	Ende	
2-57	295-298	ghy	
2-58	299-303	sult	
2-59	304-307	den	
2-60	308-316	goudenen	
2-61	317-323	altaer	
2-62	324-327	ten	
2-63	328-339	reuckwercke	
2-64	340-344	voor	
2-65	345-347	de	
2-66	348-352	Arke	
2-67	353-356	der	
2-68	357-369	getuygenisse	
2-69	370-376	setten	
2-70	376-377	:	
2-71	378-382	Exod	
2-72	382-383	.	
2-73	384-389	26.36	
2-74	389-390	.	
2-75	391-394	dan	
2-76	395-399	sult	
2-77	400-403	ghy	
2-78	404-407	het	
2-79	408-415	decksel	
2-80	416-419	der	
2-81	420-425	deure	
2-82	426-429	des	
2-83	430-441	Tabernakels	
2-84	442-450	ophangen	
2-85	450-451	.	
2-86	453-454	6	
2-87	456-459	Ghy	
2-88	460-464	sult	
2-89	465-469	oock	
2-90	470-473	den	
2-91	474-480	altaer	
2-92	481-484	des	
2-93	485-497	brand-offers	
2-94	498-504	setten	
2-95	505-509	voor	
2-96	510-512	de	
2-97	513-518	deure	
2-98	519-522	des	
2-99	523-534	Tabernakels	
2-100	535-538	der	
2-101	539-544	Tente	
2-102	545-548	der	
2-103	549-550	t	
2-104	550-551	’	
2-105	551-562	samenkomste	
2-106	562-563	.	
2-107	565-566	7	
2-108	568-572	Ende	
2-109	573-576	ghy	
2-110	577-581	sult	
2-111	582-585	het	
2-112	586-594	waschvat	
2-113	595-601	setten	
2-114	602-610	tusschen	
2-115	611-613	de	
2-116	614-619	Tente	
2-117	620-623	der	
2-118	624-625	t	
2-119	625-626	’	
2-120	626-637	samenkomste	
2-121	637-638	,	
2-122	639-643	ende	
2-123	644-652	tusschen	
2-124	653-656	den	
2-125	657-663	altaer	
2-126	663-664	:	
2-127	665-669	ende	
2-128	670-673	ghy	
2-129	674-678	sult	
2-130	679-684	water	
2-131	685-689	daer	
2-132	690-691	[	
2-133	691-693	in	
2-134	693-694	]	
2-135	695-699	doen	
2-136	699-700	.	
