#FORMAT=WebAnno TSV 3.3


#Text=Caput 14
#Text=
#Text=
#Text=1 Locutusque est Dominus ad Moysen, dicens : 2 Hic est ritus leprosi, quando mundandus est.
1-1	2-7	Caput	
1-2	8-10	14	
1-3	13-14	1	
1-4	15-25	Locutusque	
1-5	26-29	est	
1-6	30-37	Dominus	
1-7	38-40	ad	
1-8	41-47	Moysen	
1-9	47-48	,	
1-10	49-55	dicens	
1-11	56-57	:	
1-12	58-59	2	
1-13	60-63	Hic	
1-14	64-67	est	
1-15	68-73	ritus	
1-16	74-81	leprosi	
1-17	81-82	,	
1-18	83-89	quando	
1-19	90-99	mundandus	
1-20	100-103	est	
1-21	103-104	.	

#Text=Adducetur ad sacerdotem : 3 qui egressus de castris, cum invenerit lepram esse mundatam, 4 præcipiet ei, qui purificatur, ut offerat duos passeres vivos pro se, quibus vesci licitum est, et lignum cedrinum, vermiculumque et hyssopum.
#Text=5 Et unum ex passeribus immolari jubebit in vase fictili super aquas viventes : 6 alium autem vivum cum ligno cedrino, et cocco et hyssopo, tinget in sanguine passeris immolati, 7 quo asperget illum, qui mundandus est, septies, ut jure purgetur : et dimittet passerem vivum, ut in agrum avolet.
#Text=8 Cumque laverit homo vestimenta sua, radet omnes pilos corporis, et lavabitur aqua : purificatusque ingredietur castra, ita dumtaxat ut maneat extra tabernaculum suum septem diebus, 9 et die septimo radet capillos capitis, barbamque et supercilia, ac totius corporis pilos.
2-1	105-114	Adducetur	
2-2	115-117	ad	
2-3	118-128	sacerdotem	
2-4	129-130	:	
2-5	131-132	3	
2-6	133-136	qui	
2-7	137-145	egressus	
2-8	146-148	de	
2-9	149-156	castris	
2-10	156-157	,	
2-11	158-161	cum	
2-12	162-171	invenerit	
2-13	172-178	lepram	
2-14	179-183	esse	
2-15	184-192	mundatam	
2-16	192-193	,	
2-17	194-195	4	
2-18	196-205	præcipiet	
2-19	206-208	ei	
2-20	208-209	,	
2-21	210-213	qui	
2-22	214-225	purificatur	
2-23	225-226	,	
2-24	227-229	ut	
2-25	230-237	offerat	
2-26	238-242	duos	
2-27	243-251	passeres	
2-28	252-257	vivos	
2-29	258-261	pro	
2-30	262-264	se	
2-31	264-265	,	
2-32	266-272	quibus	
2-33	273-278	vesci	
2-34	279-286	licitum	
2-35	287-290	est	
2-36	290-291	,	
2-37	292-294	et	
2-38	295-301	lignum	
2-39	302-310	cedrinum	
2-40	310-311	,	
2-41	312-325	vermiculumque	
2-42	326-328	et	
2-43	329-337	hyssopum	
2-44	337-338	.	
2-45	339-340	5	
2-46	341-343	Et	
2-47	344-348	unum	
2-48	349-351	ex	
2-49	352-362	passeribus	
2-50	363-371	immolari	
2-51	372-379	jubebit	
2-52	380-382	in	
2-53	383-387	vase	
2-54	388-395	fictili	
2-55	396-401	super	
2-56	402-407	aquas	
2-57	408-416	viventes	
2-58	417-418	:	
2-59	419-420	6	
2-60	421-426	alium	
2-61	427-432	autem	
2-62	433-438	vivum	
2-63	439-442	cum	
2-64	443-448	ligno	
2-65	449-456	cedrino	
2-66	456-457	,	
2-67	458-460	et	
2-68	461-466	cocco	
2-69	467-469	et	
2-70	470-477	hyssopo	
2-71	477-478	,	
2-72	479-485	tinget	
2-73	486-488	in	
2-74	489-497	sanguine	
2-75	498-506	passeris	
2-76	507-515	immolati	
2-77	515-516	,	
2-78	517-518	7	
2-79	519-522	quo	
2-80	523-531	asperget	
2-81	532-537	illum	
2-82	537-538	,	
2-83	539-542	qui	
2-84	543-552	mundandus	
2-85	553-556	est	
2-86	556-557	,	
2-87	558-565	septies	
2-88	565-566	,	
2-89	567-569	ut	
2-90	570-574	jure	
2-91	575-583	purgetur	
2-92	584-585	:	
2-93	586-588	et	
2-94	589-597	dimittet	
2-95	598-606	passerem	
2-96	607-612	vivum	
2-97	612-613	,	
2-98	614-616	ut	
2-99	617-619	in	
2-100	620-625	agrum	
2-101	626-632	avolet	
2-102	632-633	.	
2-103	634-635	8	
2-104	636-642	Cumque	
2-105	643-650	laverit	
2-106	651-655	homo	
2-107	656-666	vestimenta	
2-108	667-670	sua	
2-109	670-671	,	
2-110	672-677	radet	
2-111	678-683	omnes	
2-112	684-689	pilos	
2-113	690-698	corporis	
2-114	698-699	,	
2-115	700-702	et	
2-116	703-712	lavabitur	
2-117	713-717	aqua	
2-118	718-719	:	
2-119	720-734	purificatusque	
2-120	735-746	ingredietur	
2-121	747-753	castra	
2-122	753-754	,	
2-123	755-758	ita	
2-124	759-767	dumtaxat	
2-125	768-770	ut	
2-126	771-777	maneat	
2-127	778-783	extra	
2-128	784-796	tabernaculum	
2-129	797-801	suum	
2-130	802-808	septem	
2-131	809-815	diebus	
2-132	815-816	,	
2-133	817-818	9	
2-134	819-821	et	
2-135	822-825	die	
2-136	826-833	septimo	
2-137	834-839	radet	
2-138	840-848	capillos	
2-139	849-856	capitis	
2-140	856-857	,	
2-141	858-867	barbamque	
2-142	868-870	et	
2-143	871-881	supercilia	
2-144	881-882	,	
2-145	883-885	ac	
2-146	886-892	totius	
2-147	893-901	corporis	
2-148	902-907	pilos	
2-149	907-908	.	

#Text=Et lotis rursum vestibus et corpore, 10 die octavo assumet duos agnos immaculatos, et ovem anniculam absque macula, et tres decimas similæ in sacrificium, quæ conspersa sit oleo, et seorsum olei sextarium.
#Text=11 Cumque sacerdos purificans hominem, statuerit eum, et hæc omnia coram Domino in ostio tabernaculi testimonii, 12 tollet agnum et offeret eum pro delicto, oleique sextarium : et oblatis ante Dominum omnibus, 13 immolabit agnum, ubi solet immolari hostia pro peccato, et holocaustum, id est, in loco sancto.
3-1	909-911	Et	
3-2	912-917	lotis	
3-3	918-924	rursum	
3-4	925-933	vestibus	
3-5	934-936	et	
3-6	937-944	corpore	
3-7	944-945	,	
3-8	946-948	10	
3-9	949-952	die	
3-10	953-959	octavo	
3-11	960-967	assumet	
3-12	968-972	duos	
3-13	973-978	agnos	
3-14	979-990	immaculatos	
3-15	990-991	,	
3-16	992-994	et	
3-17	995-999	ovem	
3-18	1000-1009	anniculam	
3-19	1010-1016	absque	
3-20	1017-1023	macula	
3-21	1023-1024	,	
3-22	1025-1027	et	
3-23	1028-1032	tres	
3-24	1033-1040	decimas	
3-25	1041-1047	similæ	
3-26	1048-1050	in	
3-27	1051-1062	sacrificium	
3-28	1062-1063	,	
3-29	1064-1067	quæ	
3-30	1068-1077	conspersa	
3-31	1078-1081	sit	
3-32	1082-1086	oleo	
3-33	1086-1087	,	
3-34	1088-1090	et	
3-35	1091-1098	seorsum	
3-36	1099-1103	olei	
3-37	1104-1113	sextarium	
3-38	1113-1114	.	
3-39	1115-1117	11	
3-40	1118-1124	Cumque	
3-41	1125-1133	sacerdos	
3-42	1134-1144	purificans	
3-43	1145-1152	hominem	
3-44	1152-1153	,	
3-45	1154-1163	statuerit	
3-46	1164-1167	eum	
3-47	1167-1168	,	
3-48	1169-1171	et	
3-49	1172-1175	hæc	
3-50	1176-1181	omnia	
3-51	1182-1187	coram	
3-52	1188-1194	Domino	
3-53	1195-1197	in	
3-54	1198-1203	ostio	
3-55	1204-1215	tabernaculi	
3-56	1216-1226	testimonii	
3-57	1226-1227	,	
3-58	1228-1230	12	
3-59	1231-1237	tollet	
3-60	1238-1243	agnum	
3-61	1244-1246	et	
3-62	1247-1254	offeret	
3-63	1255-1258	eum	
3-64	1259-1262	pro	
3-65	1263-1270	delicto	
3-66	1270-1271	,	
3-67	1272-1279	oleique	
3-68	1280-1289	sextarium	
3-69	1290-1291	:	
3-70	1292-1294	et	
3-71	1295-1302	oblatis	
3-72	1303-1307	ante	
3-73	1308-1315	Dominum	
3-74	1316-1323	omnibus	
3-75	1323-1324	,	
3-76	1325-1327	13	
3-77	1328-1337	immolabit	
3-78	1338-1343	agnum	
3-79	1343-1344	,	
3-80	1345-1348	ubi	
3-81	1349-1354	solet	
3-82	1355-1363	immolari	
3-83	1364-1370	hostia	
3-84	1371-1374	pro	
3-85	1375-1382	peccato	
3-86	1382-1383	,	
3-87	1384-1386	et	
3-88	1387-1398	holocaustum	
3-89	1398-1399	,	
3-90	1400-1402	id	
3-91	1403-1406	est	
3-92	1406-1407	,	
3-93	1408-1410	in	
3-94	1411-1415	loco	
3-95	1416-1422	sancto	
3-96	1422-1423	.	

#Text=Sicut enim pro peccato, ita et pro delicto ad sacerdotem pertinet hostia : Sancta sanctorum est.
#Text=14 Assumensque sacerdos de sanguine hostiæ, quæ immolata est pro delicto, ponet super extremum auriculæ dextræ ejus qui mundatur, et super pollices manus dextræ et pedis : 15 et de olei sextario mittet in manum suam sinistram, 16 tingetque digitum dextrum in eo, et asperget coram Domino septies.
#Text=17 Quod autem reliquum est olei in læva manu, fundet super extremum auriculæ dextræ ejus qui mundatur, et super pollices manus ac pedis dextri, et super sanguinem qui effusus est pro delicto, 18 et super caput ejus.
#Text=19 Rogabitque pro eo coram Domino, et faciet sacrificium pro peccato : tunc immolabit holocaustum, 20 et ponet illud in altari cum libamentis suis, et homo rite mundabitur.
#Text=21 Quod si pauper est, et non potest manus ejus invenire quæ dicta sunt pro delicto, assumet agnum ad oblationem, ut roget pro eo sacerdos, decimamque partem similæ conspersæ oleo in sacrificium, et olei sextarium, 22 duosque turtures sive duos pullos columbæ, quorum unus sit pro peccato, et alter in holocaustum : 23 offeretque ea die octavo purificationis suæ sacerdoti, ad ostium tabernaculi testimonii coram Domino.
#Text=24 Qui suscipiens agnum pro delicto et sextarium olei, levabit simul : 25 immolatoque agno, de sanguine ejus ponet super extremum auriculæ dextræ illius qui mundatur, et super pollices manus ejus ac pedis dextri : 26 olei vero partem mittet in manum suam sinistram, 27 in quo tingens digitum dextræ manus asperget septies coram Domino : 28 tangetque extremum dextræ auriculæ illius qui mundatur, et pollices manus ac pedis dextri, in loco sanguinis qui effusus est pro delicto : 29 reliquam autem partem olei, quæ est in sinistra manu, mittet super caput purificati, ut placet pro eo Dominum : 30 et turturem sive pullum columbæ offeret, 31 unum pro delicto, et alterum in holocaustum cum libamentis suis.
#Text=32 Hoc est sacrificium leprosi, qui habere non potest omnia in emundationem sui.
#Text=33 Locutusque est Dominus ad Moysen et Aaron, dicens : 34 Cum ingressi fueritis terram Chanaan, quam ego dabo vobis in possessionem, si fuerit plaga lepræ in ædibus, 35 ibit cujus est domus, nuntians sacerdoti, et dicet : Quasi plaga lepræ videtur mihi esse in domo mea.
#Text=36 At ille præcipiet ut efferant universa de domo, priusquam ingrediatur eam, et videat utrum leprosa sit, ne immunda fiant omnia quæ in domo sunt.
4-1	1424-1429	Sicut	
4-2	1430-1434	enim	
4-3	1435-1438	pro	
4-4	1439-1446	peccato	
4-5	1446-1447	,	
4-6	1448-1451	ita	
4-7	1452-1454	et	
4-8	1455-1458	pro	
4-9	1459-1466	delicto	
4-10	1467-1469	ad	
4-11	1470-1480	sacerdotem	
4-12	1481-1489	pertinet	
4-13	1490-1496	hostia	
4-14	1497-1498	:	
4-15	1499-1505	Sancta	
4-16	1506-1515	sanctorum	
4-17	1516-1519	est	
4-18	1519-1520	.	
4-19	1521-1523	14	
4-20	1524-1535	Assumensque	
4-21	1536-1544	sacerdos	
4-22	1545-1547	de	
4-23	1548-1556	sanguine	
4-24	1557-1563	hostiæ	
4-25	1563-1564	,	
4-26	1565-1568	quæ	
4-27	1569-1577	immolata	
4-28	1578-1581	est	
4-29	1582-1585	pro	
4-30	1586-1593	delicto	
4-31	1593-1594	,	
4-32	1595-1600	ponet	
4-33	1601-1606	super	
4-34	1607-1615	extremum	
4-35	1616-1624	auriculæ	
4-36	1625-1631	dextræ	
4-37	1632-1636	ejus	
4-38	1637-1640	qui	
4-39	1641-1649	mundatur	
4-40	1649-1650	,	
4-41	1651-1653	et	
4-42	1654-1659	super	
4-43	1660-1668	pollices	
4-44	1669-1674	manus	
4-45	1675-1681	dextræ	
4-46	1682-1684	et	
4-47	1685-1690	pedis	
4-48	1691-1692	:	
4-49	1693-1695	15	
4-50	1696-1698	et	
4-51	1699-1701	de	
4-52	1702-1706	olei	
4-53	1707-1715	sextario	
4-54	1716-1722	mittet	
4-55	1723-1725	in	
4-56	1726-1731	manum	
4-57	1732-1736	suam	
4-58	1737-1746	sinistram	
4-59	1746-1747	,	
4-60	1748-1750	16	
4-61	1751-1760	tingetque	
4-62	1761-1768	digitum	
4-63	1769-1776	dextrum	
4-64	1777-1779	in	
4-65	1780-1782	eo	
4-66	1782-1783	,	
4-67	1784-1786	et	
4-68	1787-1795	asperget	
4-69	1796-1801	coram	
4-70	1802-1808	Domino	
4-71	1809-1816	septies	
4-72	1816-1817	.	
4-73	1818-1820	17	
4-74	1821-1825	Quod	
4-75	1826-1831	autem	
4-76	1832-1840	reliquum	
4-77	1841-1844	est	
4-78	1845-1849	olei	
4-79	1850-1852	in	
4-80	1853-1857	læva	
4-81	1858-1862	manu	
4-82	1862-1863	,	
4-83	1864-1870	fundet	
4-84	1871-1876	super	
4-85	1877-1885	extremum	
4-86	1886-1894	auriculæ	
4-87	1895-1901	dextræ	
4-88	1902-1906	ejus	
4-89	1907-1910	qui	
4-90	1911-1919	mundatur	
4-91	1919-1920	,	
4-92	1921-1923	et	
4-93	1924-1929	super	
4-94	1930-1938	pollices	
4-95	1939-1944	manus	
4-96	1945-1947	ac	
4-97	1948-1953	pedis	
4-98	1954-1960	dextri	
4-99	1960-1961	,	
4-100	1962-1964	et	
4-101	1965-1970	super	
4-102	1971-1980	sanguinem	
4-103	1981-1984	qui	
4-104	1985-1992	effusus	
4-105	1993-1996	est	
4-106	1997-2000	pro	
4-107	2001-2008	delicto	
4-108	2008-2009	,	
4-109	2010-2012	18	
4-110	2013-2015	et	
4-111	2016-2021	super	
4-112	2022-2027	caput	
4-113	2028-2032	ejus	
4-114	2032-2033	.	
4-115	2034-2036	19	
4-116	2037-2047	Rogabitque	
4-117	2048-2051	pro	
4-118	2052-2054	eo	
4-119	2055-2060	coram	
4-120	2061-2067	Domino	
4-121	2067-2068	,	
4-122	2069-2071	et	
4-123	2072-2078	faciet	
4-124	2079-2090	sacrificium	
4-125	2091-2094	pro	
4-126	2095-2102	peccato	
4-127	2103-2104	:	
4-128	2105-2109	tunc	
4-129	2110-2119	immolabit	
4-130	2120-2131	holocaustum	
4-131	2131-2132	,	
4-132	2133-2135	20	
4-133	2136-2138	et	
4-134	2139-2144	ponet	
4-135	2145-2150	illud	
4-136	2151-2153	in	
4-137	2154-2160	altari	
4-138	2161-2164	cum	
4-139	2165-2175	libamentis	
4-140	2176-2180	suis	
4-141	2180-2181	,	
4-142	2182-2184	et	
4-143	2185-2189	homo	
4-144	2190-2194	rite	
4-145	2195-2205	mundabitur	
4-146	2205-2206	.	
4-147	2207-2209	21	
4-148	2210-2214	Quod	
4-149	2215-2217	si	
4-150	2218-2224	pauper	
4-151	2225-2228	est	
4-152	2228-2229	,	
4-153	2230-2232	et	
4-154	2233-2236	non	
4-155	2237-2243	potest	
4-156	2244-2249	manus	
4-157	2250-2254	ejus	
4-158	2255-2263	invenire	
4-159	2264-2267	quæ	
4-160	2268-2273	dicta	
4-161	2274-2278	sunt	
4-162	2279-2282	pro	
4-163	2283-2290	delicto	
4-164	2290-2291	,	
4-165	2292-2299	assumet	
4-166	2300-2305	agnum	
4-167	2306-2308	ad	
4-168	2309-2319	oblationem	
4-169	2319-2320	,	
4-170	2321-2323	ut	
4-171	2324-2329	roget	
4-172	2330-2333	pro	
4-173	2334-2336	eo	
4-174	2337-2345	sacerdos	
4-175	2345-2346	,	
4-176	2347-2357	decimamque	
4-177	2358-2364	partem	
4-178	2365-2371	similæ	
4-179	2372-2381	conspersæ	
4-180	2382-2386	oleo	
4-181	2387-2389	in	
4-182	2390-2401	sacrificium	
4-183	2401-2402	,	
4-184	2403-2405	et	
4-185	2406-2410	olei	
4-186	2411-2420	sextarium	
4-187	2420-2421	,	
4-188	2422-2424	22	
4-189	2425-2432	duosque	
4-190	2433-2441	turtures	
4-191	2442-2446	sive	
4-192	2447-2451	duos	
4-193	2452-2458	pullos	
4-194	2459-2466	columbæ	
4-195	2466-2467	,	
4-196	2468-2474	quorum	
4-197	2475-2479	unus	
4-198	2480-2483	sit	
4-199	2484-2487	pro	
4-200	2488-2495	peccato	
4-201	2495-2496	,	
4-202	2497-2499	et	
4-203	2500-2505	alter	
4-204	2506-2508	in	
4-205	2509-2520	holocaustum	
4-206	2521-2522	:	
4-207	2523-2525	23	
4-208	2526-2536	offeretque	
4-209	2537-2539	ea	
4-210	2540-2543	die	
4-211	2544-2550	octavo	
4-212	2551-2565	purificationis	
4-213	2566-2569	suæ	
4-214	2570-2579	sacerdoti	
4-215	2579-2580	,	
4-216	2581-2583	ad	
4-217	2584-2590	ostium	
4-218	2591-2602	tabernaculi	
4-219	2603-2613	testimonii	
4-220	2614-2619	coram	
4-221	2620-2626	Domino	
4-222	2626-2627	.	
4-223	2628-2630	24	
4-224	2631-2634	Qui	
4-225	2635-2645	suscipiens	
4-226	2646-2651	agnum	
4-227	2652-2655	pro	
4-228	2656-2663	delicto	
4-229	2664-2666	et	
4-230	2667-2676	sextarium	
4-231	2677-2681	olei	
4-232	2681-2682	,	
4-233	2683-2690	levabit	
4-234	2691-2696	simul	
4-235	2697-2698	:	
4-236	2699-2701	25	
4-237	2702-2713	immolatoque	
4-238	2714-2718	agno	
4-239	2718-2719	,	
4-240	2720-2722	de	
4-241	2723-2731	sanguine	
4-242	2732-2736	ejus	
4-243	2737-2742	ponet	
4-244	2743-2748	super	
4-245	2749-2757	extremum	
4-246	2758-2766	auriculæ	
4-247	2767-2773	dextræ	
4-248	2774-2780	illius	
4-249	2781-2784	qui	
4-250	2785-2793	mundatur	
4-251	2793-2794	,	
4-252	2795-2797	et	
4-253	2798-2803	super	
4-254	2804-2812	pollices	
4-255	2813-2818	manus	
4-256	2819-2823	ejus	
4-257	2824-2826	ac	
4-258	2827-2832	pedis	
4-259	2833-2839	dextri	
4-260	2840-2841	:	
4-261	2842-2844	26	
4-262	2845-2849	olei	
4-263	2850-2854	vero	
4-264	2855-2861	partem	
4-265	2862-2868	mittet	
4-266	2869-2871	in	
4-267	2872-2877	manum	
4-268	2878-2882	suam	
4-269	2883-2892	sinistram	
4-270	2892-2893	,	
4-271	2894-2896	27	
4-272	2897-2899	in	
4-273	2900-2903	quo	
4-274	2904-2911	tingens	
4-275	2912-2919	digitum	
4-276	2920-2926	dextræ	
4-277	2927-2932	manus	
4-278	2933-2941	asperget	
4-279	2942-2949	septies	
4-280	2950-2955	coram	
4-281	2956-2962	Domino	
4-282	2963-2964	:	
4-283	2965-2967	28	
4-284	2968-2977	tangetque	
4-285	2978-2986	extremum	
4-286	2987-2993	dextræ	
4-287	2994-3002	auriculæ	
4-288	3003-3009	illius	
4-289	3010-3013	qui	
4-290	3014-3022	mundatur	
4-291	3022-3023	,	
4-292	3024-3026	et	
4-293	3027-3035	pollices	
4-294	3036-3041	manus	
4-295	3042-3044	ac	
4-296	3045-3050	pedis	
4-297	3051-3057	dextri	
4-298	3057-3058	,	
4-299	3059-3061	in	
4-300	3062-3066	loco	
4-301	3067-3076	sanguinis	
4-302	3077-3080	qui	
4-303	3081-3088	effusus	
4-304	3089-3092	est	
4-305	3093-3096	pro	
4-306	3097-3104	delicto	
4-307	3105-3106	:	
4-308	3107-3109	29	
4-309	3110-3118	reliquam	
4-310	3119-3124	autem	
4-311	3125-3131	partem	
4-312	3132-3136	olei	
4-313	3136-3137	,	
4-314	3138-3141	quæ	
4-315	3142-3145	est	
4-316	3146-3148	in	
4-317	3149-3157	sinistra	
4-318	3158-3162	manu	
4-319	3162-3163	,	
4-320	3164-3170	mittet	
4-321	3171-3176	super	
4-322	3177-3182	caput	
4-323	3183-3193	purificati	
4-324	3193-3194	,	
4-325	3195-3197	ut	
4-326	3198-3204	placet	
4-327	3205-3208	pro	
4-328	3209-3211	eo	
4-329	3212-3219	Dominum	
4-330	3220-3221	:	
4-331	3222-3224	30	
4-332	3225-3227	et	
4-333	3228-3236	turturem	
4-334	3237-3241	sive	
4-335	3242-3248	pullum	
4-336	3249-3256	columbæ	
4-337	3257-3264	offeret	
4-338	3264-3265	,	
4-339	3266-3268	31	
4-340	3269-3273	unum	
4-341	3274-3277	pro	
4-342	3278-3285	delicto	
4-343	3285-3286	,	
4-344	3287-3289	et	
4-345	3290-3297	alterum	
4-346	3298-3300	in	
4-347	3301-3312	holocaustum	
4-348	3313-3316	cum	
4-349	3317-3327	libamentis	
4-350	3328-3332	suis	
4-351	3332-3333	.	
4-352	3334-3336	32	
4-353	3337-3340	Hoc	
4-354	3341-3344	est	
4-355	3345-3356	sacrificium	
4-356	3357-3364	leprosi	
4-357	3364-3365	,	
4-358	3366-3369	qui	
4-359	3370-3376	habere	
4-360	3377-3380	non	
4-361	3381-3387	potest	
4-362	3388-3393	omnia	
4-363	3394-3396	in	
4-364	3397-3409	emundationem	
4-365	3410-3413	sui	
4-366	3413-3414	.	
4-367	3415-3417	33	
4-368	3418-3428	Locutusque	
4-369	3429-3432	est	
4-370	3433-3440	Dominus	
4-371	3441-3443	ad	
4-372	3444-3450	Moysen	
4-373	3451-3453	et	
4-374	3454-3459	Aaron	
4-375	3459-3460	,	
4-376	3461-3467	dicens	
4-377	3468-3469	:	
4-378	3470-3472	34	
4-379	3473-3476	Cum	
4-380	3477-3485	ingressi	
4-381	3486-3494	fueritis	
4-382	3495-3501	terram	
4-383	3502-3509	Chanaan	
4-384	3509-3510	,	
4-385	3511-3515	quam	
4-386	3516-3519	ego	
4-387	3520-3524	dabo	
4-388	3525-3530	vobis	
4-389	3531-3533	in	
4-390	3534-3546	possessionem	
4-391	3546-3547	,	
4-392	3548-3550	si	
4-393	3551-3557	fuerit	
4-394	3558-3563	plaga	
4-395	3564-3569	lepræ	
4-396	3570-3572	in	
4-397	3573-3579	ædibus	
4-398	3579-3580	,	
4-399	3581-3583	35	
4-400	3584-3588	ibit	
4-401	3589-3594	cujus	
4-402	3595-3598	est	
4-403	3599-3604	domus	
4-404	3604-3605	,	
4-405	3606-3614	nuntians	
4-406	3615-3624	sacerdoti	
4-407	3624-3625	,	
4-408	3626-3628	et	
4-409	3629-3634	dicet	
4-410	3635-3636	:	
4-411	3637-3642	Quasi	
4-412	3643-3648	plaga	
4-413	3649-3654	lepræ	
4-414	3655-3662	videtur	
4-415	3663-3667	mihi	
4-416	3668-3672	esse	
4-417	3673-3675	in	
4-418	3676-3680	domo	
4-419	3681-3684	mea	
4-420	3684-3685	.	
4-421	3686-3688	36	
4-422	3689-3691	At	
4-423	3692-3696	ille	
4-424	3697-3706	præcipiet	
4-425	3707-3709	ut	
4-426	3710-3718	efferant	
4-427	3719-3727	universa	
4-428	3728-3730	de	
4-429	3731-3735	domo	
4-430	3735-3736	,	
4-431	3737-3746	priusquam	
4-432	3747-3758	ingrediatur	
4-433	3759-3762	eam	
4-434	3762-3763	,	
4-435	3764-3766	et	
4-436	3767-3773	videat	
4-437	3774-3779	utrum	
4-438	3780-3787	leprosa	
4-439	3788-3791	sit	
4-440	3791-3792	,	
4-441	3793-3795	ne	
4-442	3796-3803	immunda	
4-443	3804-3809	fiant	
4-444	3810-3815	omnia	
4-445	3816-3819	quæ	
4-446	3820-3822	in	
4-447	3823-3827	domo	
4-448	3828-3832	sunt	
4-449	3832-3833	.	

#Text=Intrabitque postea ut consideret lepram domus : 37 et cum viderit in parietibus illius quasi valliculas pallore sive rubore deformes, et humiliores superficie reliqua, 38 egredietur ostium domus, et statim claudet illam septem diebus.
#Text=39 Reversusque die septimo, considerabit eam : si invenerit crevisse lepram, 40 jubebit erui lapides in quibus lepra est, et projici eos extra civitatem in locum immundum : 41 domum autem ipsam radi intrinsecus per circuitum, et spargi pulverem rasuræ extra urbem in locum immundum, 42 lapidesque alios reponi pro his qui ablati fuerint, et luto alio liniri domum.
#Text=43 Sin autem postquam eruti sunt lapides, et pulvis erasus, et alia terra lita, 44 ingressus sacerdos viderit reversam lepram, et parietes respersos maculis, lepra est perseverans, et immunda domus : 45 quam statim destruent, et lapides ejus ac ligna, atque universum pulverem projicient extra oppidum in locum immundum.
#Text=46 Qui intraverit domum quando clausa est, immundus erit usque ad vesperum : 47 et qui dormierit in ea, et comederit quippiam, lavabit vestimenta sua.
#Text=48 Quod si introiens sacerdos viderit lepram non crevisse in domo, postquam denuo lita fuerit, purificabit eam reddita sanitate : 49 et in purificationem ejus sumet duos passeres, lignumque cedrinum, et vermiculum atque hyssopum : 50 et immolato uno passere in vase fictili super aquas vivas, 51 tollet lignum cedrinum, et hyssopum, et coccum, et passerem vivum, et tinget omnia in sanguine passeris immolati, atque in aquis viventibus, et asperget domum septies, 52 purificabitque eam tam in sanguine passeris quam in aquis viventibus, et in passere vivo, lignoque cedrino et hyssopo atque vermiculo.
5-1	3834-3845	Intrabitque	
5-2	3846-3852	postea	
5-3	3853-3855	ut	
5-4	3856-3866	consideret	
5-5	3867-3873	lepram	
5-6	3874-3879	domus	
5-7	3880-3881	:	
5-8	3882-3884	37	
5-9	3885-3887	et	
5-10	3888-3891	cum	
5-11	3892-3899	viderit	
5-12	3900-3902	in	
5-13	3903-3913	parietibus	
5-14	3914-3920	illius	
5-15	3921-3926	quasi	
5-16	3927-3937	valliculas	
5-17	3938-3945	pallore	
5-18	3946-3950	sive	
5-19	3951-3957	rubore	
5-20	3958-3966	deformes	
5-21	3966-3967	,	
5-22	3968-3970	et	
5-23	3971-3981	humiliores	
5-24	3982-3992	superficie	
5-25	3993-4000	reliqua	
5-26	4000-4001	,	
5-27	4002-4004	38	
5-28	4005-4015	egredietur	
5-29	4016-4022	ostium	
5-30	4023-4028	domus	
5-31	4028-4029	,	
5-32	4030-4032	et	
5-33	4033-4039	statim	
5-34	4040-4047	claudet	
5-35	4048-4053	illam	
5-36	4054-4060	septem	
5-37	4061-4067	diebus	
5-38	4067-4068	.	
5-39	4069-4071	39	
5-40	4072-4083	Reversusque	
5-41	4084-4087	die	
5-42	4088-4095	septimo	
5-43	4095-4096	,	
5-44	4097-4109	considerabit	
5-45	4110-4113	eam	
5-46	4114-4115	:	
5-47	4116-4118	si	
5-48	4119-4128	invenerit	
5-49	4129-4137	crevisse	
5-50	4138-4144	lepram	
5-51	4144-4145	,	
5-52	4146-4148	40	
5-53	4149-4156	jubebit	
5-54	4157-4161	erui	
5-55	4162-4169	lapides	
5-56	4170-4172	in	
5-57	4173-4179	quibus	
5-58	4180-4185	lepra	
5-59	4186-4189	est	
5-60	4189-4190	,	
5-61	4191-4193	et	
5-62	4194-4201	projici	
5-63	4202-4205	eos	
5-64	4206-4211	extra	
5-65	4212-4221	civitatem	
5-66	4222-4224	in	
5-67	4225-4230	locum	
5-68	4231-4239	immundum	
5-69	4240-4241	:	
5-70	4242-4244	41	
5-71	4245-4250	domum	
5-72	4251-4256	autem	
5-73	4257-4262	ipsam	
5-74	4263-4267	radi	
5-75	4268-4279	intrinsecus	
5-76	4280-4283	per	
5-77	4284-4293	circuitum	
5-78	4293-4294	,	
5-79	4295-4297	et	
5-80	4298-4304	spargi	
5-81	4305-4313	pulverem	
5-82	4314-4320	rasuræ	
5-83	4321-4326	extra	
5-84	4327-4332	urbem	
5-85	4333-4335	in	
5-86	4336-4341	locum	
5-87	4342-4350	immundum	
5-88	4350-4351	,	
5-89	4352-4354	42	
5-90	4355-4365	lapidesque	
5-91	4366-4371	alios	
5-92	4372-4378	reponi	
5-93	4379-4382	pro	
5-94	4383-4386	his	
5-95	4387-4390	qui	
5-96	4391-4397	ablati	
5-97	4398-4405	fuerint	
5-98	4405-4406	,	
5-99	4407-4409	et	
5-100	4410-4414	luto	
5-101	4415-4419	alio	
5-102	4420-4426	liniri	
5-103	4427-4432	domum	
5-104	4432-4433	.	
5-105	4434-4436	43	
5-106	4437-4440	Sin	
5-107	4441-4446	autem	
5-108	4447-4455	postquam	
5-109	4456-4461	eruti	
5-110	4462-4466	sunt	
5-111	4467-4474	lapides	
5-112	4474-4475	,	
5-113	4476-4478	et	
5-114	4479-4485	pulvis	
5-115	4486-4492	erasus	
5-116	4492-4493	,	
5-117	4494-4496	et	
5-118	4497-4501	alia	
5-119	4502-4507	terra	
5-120	4508-4512	lita	
5-121	4512-4513	,	
5-122	4514-4516	44	
5-123	4517-4526	ingressus	
5-124	4527-4535	sacerdos	
5-125	4536-4543	viderit	
5-126	4544-4552	reversam	
5-127	4553-4559	lepram	
5-128	4559-4560	,	
5-129	4561-4563	et	
5-130	4564-4572	parietes	
5-131	4573-4582	respersos	
5-132	4583-4590	maculis	
5-133	4590-4591	,	
5-134	4592-4597	lepra	
5-135	4598-4601	est	
5-136	4602-4613	perseverans	
5-137	4613-4614	,	
5-138	4615-4617	et	
5-139	4618-4625	immunda	
5-140	4626-4631	domus	
5-141	4632-4633	:	
5-142	4634-4636	45	
5-143	4637-4641	quam	
5-144	4642-4648	statim	
5-145	4649-4658	destruent	
5-146	4658-4659	,	
5-147	4660-4662	et	
5-148	4663-4670	lapides	
5-149	4671-4675	ejus	
5-150	4676-4678	ac	
5-151	4679-4684	ligna	
5-152	4684-4685	,	
5-153	4686-4691	atque	
5-154	4692-4701	universum	
5-155	4702-4710	pulverem	
5-156	4711-4721	projicient	
5-157	4722-4727	extra	
5-158	4728-4735	oppidum	
5-159	4736-4738	in	
5-160	4739-4744	locum	
5-161	4745-4753	immundum	
5-162	4753-4754	.	
5-163	4755-4757	46	
5-164	4758-4761	Qui	
5-165	4762-4772	intraverit	
5-166	4773-4778	domum	
5-167	4779-4785	quando	
5-168	4786-4792	clausa	
5-169	4793-4796	est	
5-170	4796-4797	,	
5-171	4798-4806	immundus	
5-172	4807-4811	erit	
5-173	4812-4817	usque	
5-174	4818-4820	ad	
5-175	4821-4829	vesperum	
5-176	4830-4831	:	
5-177	4832-4834	47	
5-178	4835-4837	et	
5-179	4838-4841	qui	
5-180	4842-4851	dormierit	
5-181	4852-4854	in	
5-182	4855-4857	ea	
5-183	4857-4858	,	
5-184	4859-4861	et	
5-185	4862-4871	comederit	
5-186	4872-4880	quippiam	
5-187	4880-4881	,	
5-188	4882-4889	lavabit	
5-189	4890-4900	vestimenta	
5-190	4901-4904	sua	
5-191	4904-4905	.	
5-192	4906-4908	48	
5-193	4909-4913	Quod	
5-194	4914-4916	si	
5-195	4917-4926	introiens	
5-196	4927-4935	sacerdos	
5-197	4936-4943	viderit	
5-198	4944-4950	lepram	
5-199	4951-4954	non	
5-200	4955-4963	crevisse	
5-201	4964-4966	in	
5-202	4967-4971	domo	
5-203	4971-4972	,	
5-204	4973-4981	postquam	
5-205	4982-4987	denuo	
5-206	4988-4992	lita	
5-207	4993-4999	fuerit	
5-208	4999-5000	,	
5-209	5001-5012	purificabit	
5-210	5013-5016	eam	
5-211	5017-5024	reddita	
5-212	5025-5033	sanitate	
5-213	5034-5035	:	
5-214	5036-5038	49	
5-215	5039-5041	et	
5-216	5042-5044	in	
5-217	5045-5059	purificationem	
5-218	5060-5064	ejus	
5-219	5065-5070	sumet	
5-220	5071-5075	duos	
5-221	5076-5084	passeres	
5-222	5084-5085	,	
5-223	5086-5095	lignumque	
5-224	5096-5104	cedrinum	
5-225	5104-5105	,	
5-226	5106-5108	et	
5-227	5109-5119	vermiculum	
5-228	5120-5125	atque	
5-229	5126-5134	hyssopum	
5-230	5135-5136	:	
5-231	5137-5139	50	
5-232	5140-5142	et	
5-233	5143-5151	immolato	
5-234	5152-5155	uno	
5-235	5156-5163	passere	
5-236	5164-5166	in	
5-237	5167-5171	vase	
5-238	5172-5179	fictili	
5-239	5180-5185	super	
5-240	5186-5191	aquas	
5-241	5192-5197	vivas	
5-242	5197-5198	,	
5-243	5199-5201	51	
5-244	5202-5208	tollet	
5-245	5209-5215	lignum	
5-246	5216-5224	cedrinum	
5-247	5224-5225	,	
5-248	5226-5228	et	
5-249	5229-5237	hyssopum	
5-250	5237-5238	,	
5-251	5239-5241	et	
5-252	5242-5248	coccum	
5-253	5248-5249	,	
5-254	5250-5252	et	
5-255	5253-5261	passerem	
5-256	5262-5267	vivum	
5-257	5267-5268	,	
5-258	5269-5271	et	
5-259	5272-5278	tinget	
5-260	5279-5284	omnia	
5-261	5285-5287	in	
5-262	5288-5296	sanguine	
5-263	5297-5305	passeris	
5-264	5306-5314	immolati	
5-265	5314-5315	,	
5-266	5316-5321	atque	
5-267	5322-5324	in	
5-268	5325-5330	aquis	
5-269	5331-5341	viventibus	
5-270	5341-5342	,	
5-271	5343-5345	et	
5-272	5346-5354	asperget	
5-273	5355-5360	domum	
5-274	5361-5368	septies	
5-275	5368-5369	,	
5-276	5370-5372	52	
5-277	5373-5387	purificabitque	
5-278	5388-5391	eam	
5-279	5392-5395	tam	
5-280	5396-5398	in	
5-281	5399-5407	sanguine	
5-282	5408-5416	passeris	
5-283	5417-5421	quam	
5-284	5422-5424	in	
5-285	5425-5430	aquis	
5-286	5431-5441	viventibus	
5-287	5441-5442	,	
5-288	5443-5445	et	
5-289	5446-5448	in	
5-290	5449-5456	passere	
5-291	5457-5461	vivo	
5-292	5461-5462	,	
5-293	5463-5471	lignoque	
5-294	5472-5479	cedrino	
5-295	5480-5482	et	
5-296	5483-5490	hyssopo	
5-297	5491-5496	atque	
5-298	5497-5506	vermiculo	
5-299	5506-5507	.	
