#FORMAT=WebAnno TSV 3.3


#Text=Of kan 't niet weezen,
#Text=
#Text=Gy
#Text=moet u dan naa deezen
#Text=
#Text=Anders draagen.
#Text=
#Text=2.
1-1	2-4	Of	
1-2	5-8	kan	
1-3	9-10	'	
1-4	10-11	t	
1-5	12-16	niet	
1-6	17-23	weezen	
1-7	23-24	,	
1-8	26-28	Gy	
1-9	29-33	moet	
1-10	34-35	u	
1-11	36-39	dan	
1-12	40-43	naa	
1-13	44-50	deezen	
1-14	52-58	Anders	
1-15	59-66	draagen	
1-16	66-67	.	
1-17	69-70	2	
1-18	70-71	.	

#Text=Die heerlijk en verheeven
#Text=
#Text=In aan-zien zijt jaa Kooninglijk in waarde,
#Text=
#Text=Wat is uw vlugtig leeven?
2-1	72-75	Die	
2-2	76-84	heerlijk	
2-3	85-87	en	
2-4	88-97	verheeven	
2-5	99-101	In	
2-6	102-110	aan-zien	
2-7	111-115	zijt	
2-8	116-119	jaa	
2-9	120-131	Kooninglijk	
2-10	132-134	in	
2-11	135-141	waarde	
2-12	141-142	,	
2-13	144-147	Wat	
2-14	148-150	is	
2-15	151-153	uw	
2-16	154-161	vlugtig	
2-17	162-168	leeven	
2-18	168-169	?	

#Text=Een rook en damp.
3-1	172-175	Een	
3-2	176-180	rook	
3-3	181-183	en	
3-4	184-188	damp	
3-5	188-189	.	

#Text=Uw lighaam stof en aarde.
4-1	190-192	Uw	
4-2	193-200	lighaam	
4-3	201-205	stof	
4-4	206-208	en	
4-5	209-214	aarde	
4-6	214-215	.	

#Text=Wat heb gy meer //
#Text=Om voor den Heer
#Text=
#Text=In 't oordeel te verschijnen?
5-1	218-221	Wat	
5-2	222-225	heb	
5-3	226-228	gy	
5-4	229-233	meer	
5-5	234-235	/	
5-6	235-236	/	
5-7	237-239	Om	
5-8	240-244	voor	
5-9	245-248	den	
5-10	249-253	Heer	
5-11	255-257	In	
5-12	258-259	'	
5-13	259-260	t	
5-14	261-268	oordeel	
5-15	269-271	te	
5-16	272-283	verschijnen	
5-17	283-284	?	

#Text=Hebt gy geen deugde,
#Text=Helaas!
6-1	286-290	Hebt	
6-2	291-293	gy	
6-3	294-298	geen	
6-4	299-305	deugde	
6-5	305-306	,	
6-6	307-313	Helaas	
6-7	313-314	!	

#Text=uw staat en vreugde
#Text=
#Text=Moet verdwijnen.
#Text=
#Text=3.
7-1	315-317	uw	
7-2	318-323	staat	
7-3	324-326	en	
7-4	327-334	vreugde	
7-5	336-340	Moet	
7-6	341-351	verdwijnen	
7-7	351-352	.	
7-8	354-355	3	
7-9	355-356	.	
