#FORMAT=WebAnno TSV 3.3
#T_SP=custom.Span|label
#T_RL=custom.Relation|label|BT_custom.Span


#Text=dewyl aan my op die tyt geen wondersout meer overig
#Text=was; en een nieuwe toebereidinge wat te veel oppassens vereischte, om die nette
#Text=graet van sagte warmte aan te treffen, waar door dit sout sonder smelten tot poeyer
#Text=werden kan;
#Text=het geen egter hier nodigh is.
1-1	2-7	dewyl	_	_	_	
1-2	8-11	aan	_	_	_	
1-3	12-14	my	_	_	_	
1-4	15-17	op	_	_	_	
1-5	18-21	die	_	_	_	
1-6	22-25	tyt	_	_	_	
1-7	26-30	geen	_	_	_	
1-8	31-41	wondersout	_	_	_	
1-9	42-46	meer	_	_	_	
1-10	47-53	overig	_	_	_	
1-11	54-57	was	_	_	_	
1-12	57-58	;	_	_	_	
1-13	59-61	en	_	_	_	
1-14	62-65	een	_	_	_	
1-15	66-72	nieuwe	_	_	_	
1-16	73-86	toebereidinge	_	_	_	
1-17	87-90	wat	_	_	_	
1-18	91-93	te	_	_	_	
1-19	94-98	veel	_	_	_	
1-20	99-108	oppassens	_	_	_	
1-21	109-119	vereischte	_	_	_	
1-22	119-120	,	_	_	_	
1-23	121-123	om	_	_	_	
1-24	124-127	die	_	_	_	
1-25	128-133	nette	_	_	_	
1-26	134-139	graet	_	_	_	
1-27	140-143	van	_	_	_	
1-28	144-149	sagte	_	_	_	
1-29	150-156	warmte	_	_	_	
1-30	157-160	aan	_	_	_	
1-31	161-163	te	_	_	_	
1-32	164-171	treffen	_	_	_	
1-33	171-172	,	_	_	_	
1-34	173-177	waar	_	_	_	
1-35	178-182	door	_	_	_	
1-36	183-186	dit	_	_	_	
1-37	187-191	sout	_	_	_	
1-38	192-198	sonder	_	_	_	
1-39	199-206	smelten	_	_	_	
1-40	207-210	tot	_	_	_	
1-41	211-217	poeyer	_	_	_	
1-42	218-224	werden	_	_	_	
1-43	225-228	kan	_	_	_	
1-44	228-229	;	_	_	_	
1-45	230-233	het	_	_	_	
1-46	234-238	geen	_	_	_	
1-47	239-244	egter	_	_	_	
1-48	245-249	hier	_	_	_	
1-49	250-256	nodigh	_	_	_	
1-50	257-259	is	_	_	_	
1-51	259-260	.	_	_	_	

#Text=Nogh een geval sal ik
#Text=hier by doen, dat aen myn (nu zalige) Broeder bejegent is;
#Text=
#Text=dewelke, van die vogt, welke by de Chymici geest genaamt wert, en uit het uitsteeksel
#Text=van paarde-hoeven gedestilleert was, eerst al het vlugtig sout by sublimatie
#Text=afgescheiden hebbende, gereet was om het overblyvende soo seer na brant riekende,
#Text=en genoegsaam geen teken van eenigh overblyvend vluchtig sout meer gevende
#Text=water, wegh te werpen: dog egter, om syne nieusgierigheit ontrent dese voght te
#Text=voldoen, goet vont deselve, met toeset alleen van assche uit den oven, weder
#Text=tedestilleeren;
#Text=doende tot dien einde, op een ongewone wyse, den gantschen kolf tot
#Text=boven toe, daar den helm op staet, vol assche; en vyer daar onder gelegt hebbende,
#Text=quam weder een seer heldere vogt over;
#Text=welke soo langh, als de voegen gestopt
#Text=bleven, vloeyend als water was.
2-1	262-266	Nogh	_	_	_	
2-2	267-270	een	_	_	_	
2-3	271-276	geval	_	_	_	
2-4	277-280	sal	_	_	_	
2-5	281-283	ik	_	_	_	
2-6	284-288	hier	_	_	_	
2-7	289-291	by	_	_	_	
2-8	292-296	doen	_	_	_	
2-9	296-297	,	_	_	_	
2-10	298-301	dat	_	_	_	
2-11	302-305	aen	_	_	_	
2-12	306-309	myn	_	_	_	
2-13	310-311	(	_	_	_	
2-14	311-313	nu	_	_	_	
2-15	314-320	zalige	_	_	_	
2-16	320-321	)	_	_	_	
2-17	322-329	Broeder	_	_	_	
2-18	330-338	bejegent	_	_	_	
2-19	339-341	is	_	_	_	
2-20	341-342	;	_	_	_	
2-21	344-351	dewelke	_	_	_	
2-22	351-352	,	_	_	_	
2-23	353-356	van	_	_	_	
2-24	357-360	die	_	_	_	
2-25	361-365	vogt	_	_	_	
2-26	365-366	,	_	_	_	
2-27	367-372	welke	_	_	_	
2-28	373-375	by	_	_	_	
2-29	376-378	de	_	_	_	
2-30	379-386	Chymici	_	_	_	
2-31	387-392	geest	_	_	_	
2-32	393-400	genaamt	_	_	_	
2-33	401-405	wert	_	_	_	
2-34	405-406	,	_	_	_	
2-35	407-409	en	_	_	_	
2-36	410-413	uit	Circumstances[1]	_	_	
2-37	414-417	het	Circumstances[1]	_	_	
2-38	418-429	uitsteeksel	Circumstances[1]	_	_	
2-39	430-433	van	Circumstances[1]	_	_	
2-40	434-447	paarde-hoeven	Circumstances[1]	_	_	
2-41	448-461	gedestilleert	Circumstances[1]	_	_	
2-42	462-465	was	Circumstances[1]	_	_	
2-43	465-466	,	Circumstances[1]	_	_	
2-44	467-472	eerst	Circumstances[1]	_	_	
2-45	473-475	al	Circumstances[1]	_	_	
2-46	476-479	het	Circumstances[1]	_	_	
2-47	480-487	vlugtig	Circumstances[1]	_	_	
2-48	488-492	sout	Circumstances[1]	_	_	
2-49	493-495	by	Circumstances[1]	_	_	
2-50	496-506	sublimatie	Circumstances[1]	_	_	
2-51	507-519	afgescheiden	Circumstances[1]	_	_	
2-52	520-528	hebbende	Circumstances[1]	_	_	
2-53	528-529	,	_	_	_	
2-54	530-536	gereet	_	_	_	
2-55	537-540	was	_	_	_	
2-56	541-543	om	_	_	_	
2-57	544-547	het	Smell\_Source[2]	_	_	
2-58	548-560	overblyvende	Smell\_Source[2]	_	_	
2-59	561-564	soo	Quality[3]	_	_	
2-60	565-569	seer	Quality[3]	_	_	
2-61	570-572	na	Evoked\_Odorant[4]	_	_	
2-62	573-578	brant	Evoked\_Odorant[4]	_	_	
2-63	579-587	riekende	*	*|*|*|*	2-61[4_0]|2-59[3_0]|2-57[2_0]|2-36[1_0]	
2-64	587-588	,	_	_	_	
2-65	589-591	en	_	_	_	
2-66	592-602	genoegsaam	_	_	_	
2-67	603-607	geen	_	_	_	
2-68	608-613	teken	_	_	_	
2-69	614-617	van	_	_	_	
2-70	618-624	eenigh	_	_	_	
2-71	625-636	overblyvend	_	_	_	
2-72	637-645	vluchtig	_	_	_	
2-73	646-650	sout	_	_	_	
2-74	651-655	meer	_	_	_	
2-75	656-663	gevende	_	_	_	
2-76	664-669	water	_	_	_	
2-77	669-670	,	_	_	_	
2-78	671-675	wegh	_	_	_	
2-79	676-678	te	_	_	_	
2-80	679-685	werpen	_	_	_	
2-81	685-686	:	_	_	_	
2-82	687-690	dog	_	_	_	
2-83	691-696	egter	_	_	_	
2-84	696-697	,	_	_	_	
2-85	698-700	om	_	_	_	
2-86	701-705	syne	_	_	_	
2-87	706-721	nieusgierigheit	_	_	_	
2-88	722-729	ontrent	_	_	_	
2-89	730-734	dese	_	_	_	
2-90	735-740	voght	_	_	_	
2-91	741-743	te	_	_	_	
2-92	744-751	voldoen	_	_	_	
2-93	751-752	,	_	_	_	
2-94	753-757	goet	_	_	_	
2-95	758-762	vont	_	_	_	
2-96	763-770	deselve	_	_	_	
2-97	770-771	,	_	_	_	
2-98	772-775	met	_	_	_	
2-99	776-782	toeset	_	_	_	
2-100	783-789	alleen	_	_	_	
2-101	790-793	van	_	_	_	
2-102	794-800	assche	_	_	_	
2-103	801-804	uit	_	_	_	
2-104	805-808	den	_	_	_	
2-105	809-813	oven	_	_	_	
2-106	813-814	,	_	_	_	
2-107	815-820	weder	_	_	_	
2-108	821-835	tedestilleeren	_	_	_	
2-109	835-836	;	_	_	_	
2-110	837-843	doende	_	_	_	
2-111	844-847	tot	_	_	_	
2-112	848-852	dien	_	_	_	
2-113	853-858	einde	_	_	_	
2-114	858-859	,	_	_	_	
2-115	860-862	op	_	_	_	
2-116	863-866	een	_	_	_	
2-117	867-875	ongewone	_	_	_	
2-118	876-880	wyse	_	_	_	
2-119	880-881	,	_	_	_	
2-120	882-885	den	_	_	_	
2-121	886-895	gantschen	_	_	_	
2-122	896-900	kolf	_	_	_	
2-123	901-904	tot	_	_	_	
2-124	905-910	boven	_	_	_	
2-125	911-914	toe	_	_	_	
2-126	914-915	,	_	_	_	
2-127	916-920	daar	_	_	_	
2-128	921-924	den	_	_	_	
2-129	925-929	helm	_	_	_	
2-130	930-932	op	_	_	_	
2-131	933-938	staet	_	_	_	
2-132	938-939	,	_	_	_	
2-133	940-943	vol	_	_	_	
2-134	944-950	assche	_	_	_	
2-135	950-951	;	_	_	_	
2-136	952-954	en	_	_	_	
2-137	955-959	vyer	_	_	_	
2-138	960-964	daar	_	_	_	
2-139	965-970	onder	_	_	_	
2-140	971-977	gelegt	_	_	_	
2-141	978-986	hebbende	_	_	_	
2-142	986-987	,	_	_	_	
2-143	988-992	quam	_	_	_	
2-144	993-998	weder	_	_	_	
2-145	999-1002	een	_	_	_	
2-146	1003-1007	seer	_	_	_	
2-147	1008-1015	heldere	_	_	_	
2-148	1016-1020	vogt	_	_	_	
2-149	1021-1025	over	_	_	_	
2-150	1025-1026	;	_	_	_	
2-151	1027-1032	welke	_	_	_	
2-152	1033-1036	soo	_	_	_	
2-153	1037-1042	langh	_	_	_	
2-154	1042-1043	,	_	_	_	
2-155	1044-1047	als	_	_	_	
2-156	1048-1050	de	_	_	_	
2-157	1051-1057	voegen	_	_	_	
2-158	1058-1065	gestopt	_	_	_	
2-159	1066-1072	bleven	_	_	_	
2-160	1072-1073	,	_	_	_	
2-161	1074-1082	vloeyend	_	_	_	
2-162	1083-1086	als	_	_	_	
2-163	1087-1092	water	_	_	_	
2-164	1093-1096	was	_	_	_	
2-165	1096-1097	.	_	_	_	

#Text=Maar deselve uit het recipient in een ronde en dikke
#Text=pints vlesse overgietende, bevont hy, dat deselve naulyx daar in synde, sigh strax in
#Text=een vast', wit, hart lichaam, als marmer veranderde, sonder dat de minste vloeybaare
#Text=vogtigheit sigh daar in vertoonde;
#Text=en nam dit vaste lichaam volkomen de figure van
#Text=het glas aan in alles, gelyk gesmolten loot gewoon is die van syn vorm, waar in het
#Text=gegoten wert, aan te nemen.
3-1	1098-1102	Maar	_	_	_	
3-2	1103-1110	deselve	_	_	_	
3-3	1111-1114	uit	_	_	_	
3-4	1115-1118	het	_	_	_	
3-5	1119-1128	recipient	_	_	_	
3-6	1129-1131	in	_	_	_	
3-7	1132-1135	een	_	_	_	
3-8	1136-1141	ronde	_	_	_	
3-9	1142-1144	en	_	_	_	
3-10	1145-1150	dikke	_	_	_	
3-11	1151-1156	pints	_	_	_	
3-12	1157-1163	vlesse	_	_	_	
3-13	1164-1176	overgietende	_	_	_	
3-14	1176-1177	,	_	_	_	
3-15	1178-1184	bevont	_	_	_	
3-16	1185-1187	hy	_	_	_	
3-17	1187-1188	,	_	_	_	
3-18	1189-1192	dat	_	_	_	
3-19	1193-1200	deselve	_	_	_	
3-20	1201-1207	naulyx	_	_	_	
3-21	1208-1212	daar	_	_	_	
3-22	1213-1215	in	_	_	_	
3-23	1216-1221	synde	_	_	_	
3-24	1221-1222	,	_	_	_	
3-25	1223-1227	sigh	_	_	_	
3-26	1228-1233	strax	_	_	_	
3-27	1234-1236	in	_	_	_	
3-28	1237-1240	een	_	_	_	
3-29	1241-1245	vast	_	_	_	
3-30	1245-1246	'	_	_	_	
3-31	1246-1247	,	_	_	_	
3-32	1248-1251	wit	_	_	_	
3-33	1251-1252	,	_	_	_	
3-34	1253-1257	hart	_	_	_	
3-35	1258-1265	lichaam	_	_	_	
3-36	1265-1266	,	_	_	_	
3-37	1267-1270	als	_	_	_	
3-38	1271-1277	marmer	_	_	_	
3-39	1278-1288	veranderde	_	_	_	
3-40	1288-1289	,	_	_	_	
3-41	1290-1296	sonder	_	_	_	
3-42	1297-1300	dat	_	_	_	
3-43	1301-1303	de	_	_	_	
3-44	1304-1310	minste	_	_	_	
3-45	1311-1321	vloeybaare	_	_	_	
3-46	1322-1332	vogtigheit	_	_	_	
3-47	1333-1337	sigh	_	_	_	
3-48	1338-1342	daar	_	_	_	
3-49	1343-1345	in	_	_	_	
3-50	1346-1355	vertoonde	_	_	_	
3-51	1355-1356	;	_	_	_	
3-52	1357-1359	en	_	_	_	
3-53	1360-1363	nam	_	_	_	
3-54	1364-1367	dit	_	_	_	
3-55	1368-1373	vaste	_	_	_	
3-56	1374-1381	lichaam	_	_	_	
3-57	1382-1390	volkomen	_	_	_	
3-58	1391-1393	de	_	_	_	
3-59	1394-1400	figure	_	_	_	
3-60	1401-1404	van	_	_	_	
3-61	1405-1408	het	_	_	_	
3-62	1409-1413	glas	_	_	_	
3-63	1414-1417	aan	_	_	_	
3-64	1418-1420	in	_	_	_	
3-65	1421-1426	alles	_	_	_	
3-66	1426-1427	,	_	_	_	
3-67	1428-1433	gelyk	_	_	_	
3-68	1434-1443	gesmolten	_	_	_	
3-69	1444-1448	loot	_	_	_	
3-70	1449-1455	gewoon	_	_	_	
3-71	1456-1458	is	_	_	_	
3-72	1459-1462	die	_	_	_	
3-73	1463-1466	van	_	_	_	
3-74	1467-1470	syn	_	_	_	
3-75	1471-1475	vorm	_	_	_	
3-76	1475-1476	,	_	_	_	
3-77	1477-1481	waar	_	_	_	
3-78	1482-1484	in	_	_	_	
3-79	1485-1488	het	_	_	_	
3-80	1489-1496	gegoten	_	_	_	
3-81	1497-1501	wert	_	_	_	
3-82	1501-1502	,	_	_	_	
3-83	1503-1506	aan	_	_	_	
3-84	1507-1509	te	_	_	_	
3-85	1510-1515	nemen	_	_	_	
3-86	1515-1516	.	_	_	_	

#Text=Het welk ik daar na meermalen met verwonderingh dus
#Text=beschout hebbe; tot dat eindelyk, na eenige maanden langh syn figuur en stant
#Text=gehouden te hebben, dit lichaam allenxkens (de flesse niet seer nauw gestopt synde)
#Text=
#Text=tot een vogt, in reuk, de aldersterkste geest van Hartshoorn of van sal Armoniac, soo
#Text=niet
#Text=overtreffende, immers volkomen gelyk synde, wederkeerde.
4-1	1517-1520	Het	_	_	_	
4-2	1521-1525	welk	_	_	_	
4-3	1526-1528	ik	_	_	_	
4-4	1529-1533	daar	_	_	_	
4-5	1534-1536	na	_	_	_	
4-6	1537-1546	meermalen	_	_	_	
4-7	1547-1550	met	_	_	_	
4-8	1551-1564	verwonderingh	_	_	_	
4-9	1565-1568	dus	_	_	_	
4-10	1569-1577	beschout	_	_	_	
4-11	1578-1583	hebbe	_	_	_	
4-12	1583-1584	;	_	_	_	
4-13	1585-1588	tot	_	_	_	
4-14	1589-1592	dat	_	_	_	
4-15	1593-1601	eindelyk	_	_	_	
4-16	1601-1602	,	_	_	_	
4-17	1603-1605	na	_	_	_	
4-18	1606-1612	eenige	_	_	_	
4-19	1613-1620	maanden	_	_	_	
4-20	1621-1626	langh	_	_	_	
4-21	1627-1630	syn	_	_	_	
4-22	1631-1637	figuur	_	_	_	
4-23	1638-1640	en	_	_	_	
4-24	1641-1646	stant	_	_	_	
4-25	1647-1655	gehouden	_	_	_	
4-26	1656-1658	te	_	_	_	
4-27	1659-1665	hebben	_	_	_	
4-28	1665-1666	,	_	_	_	
4-29	1667-1670	dit	_	_	_	
4-30	1671-1678	lichaam	_	_	_	
4-31	1679-1689	allenxkens	_	_	_	
4-32	1690-1691	(	_	_	_	
4-33	1691-1693	de	_	_	_	
4-34	1694-1700	flesse	_	_	_	
4-35	1701-1705	niet	_	_	_	
4-36	1706-1710	seer	_	_	_	
4-37	1711-1715	nauw	_	_	_	
4-38	1716-1723	gestopt	_	_	_	
4-39	1724-1729	synde	_	_	_	
4-40	1729-1730	)	_	_	_	
4-41	1732-1735	tot	_	_	_	
4-42	1736-1739	een	_	_	_	
4-43	1740-1744	vogt	_	_	_	
4-44	1744-1745	,	_	_	_	
4-45	1746-1748	in	_	_	_	
4-46	1749-1753	reuk	_	_	_	
4-47	1753-1754	,	_	_	_	
4-48	1755-1757	de	_	_	_	
4-49	1758-1771	aldersterkste	_	_	_	
4-50	1772-1777	geest	_	_	_	
4-51	1778-1781	van	_	_	_	
4-52	1782-1792	Hartshoorn	_	_	_	
4-53	1793-1795	of	_	_	_	
4-54	1796-1799	van	_	_	_	
4-55	1800-1803	sal	_	_	_	
4-56	1804-1812	Armoniac	_	_	_	
4-57	1812-1813	,	_	_	_	
4-58	1814-1817	soo	_	_	_	
4-59	1818-1822	niet	_	_	_	
4-60	1823-1836	overtreffende	_	_	_	
4-61	1836-1837	,	_	_	_	
4-62	1838-1844	immers	_	_	_	
4-63	1845-1853	volkomen	_	_	_	
4-64	1854-1859	gelyk	_	_	_	
4-65	1860-1865	synde	_	_	_	
4-66	1865-1866	,	_	_	_	
4-67	1867-1878	wederkeerde	_	_	_	
4-68	1878-1879	.	_	_	_	

#Text=Ik hebbe dit hier by gevoegt, om (dewyl by de Chymici dese vogt, als al het
#Text=vlughtigh sout, soo verre mogelyk is, daar af gescheiden wert, al-
#Text=
#Text=Bernard Nieuwentijt, Het regt gebruik der werelt beschouwingen
#Text=
#Text=\f397
#Text=
#Text=leen voor een enkel Phlegma of water, dat misschien eenige olyagtige deelen in sigh
#Text=bevat, gehouden wert) te doen sien, hoe weinigh kennisse de grootste ondersoekers
#Text=nogh hebben van de innerlyke gesteltenisse van het geen water (en te regt na alle
#Text=waarschynelykheit)
#Text=by haar genoemt wert: en op hoe veele wysen het toonbaar is,
#Text=dat het water, waar van wy nu hier spreken, sigh in vaste lichamen veranderen kan,
#Text=om hier het Ys niet op te halen, dewyl sulx weder smeltende tot water wert, het welk
#Text=daarom geen veranderinge schynt in sigh selven ondergaan te hebben
5-1	1882-1884	Ik	_	_	_	
5-2	1885-1890	hebbe	_	_	_	
5-3	1891-1894	dit	_	_	_	
5-4	1895-1899	hier	_	_	_	
5-5	1900-1902	by	_	_	_	
5-6	1903-1910	gevoegt	_	_	_	
5-7	1910-1911	,	_	_	_	
5-8	1912-1914	om	_	_	_	
5-9	1915-1916	(	_	_	_	
5-10	1916-1921	dewyl	_	_	_	
5-11	1922-1924	by	_	_	_	
5-12	1925-1927	de	_	_	_	
5-13	1928-1935	Chymici	_	_	_	
5-14	1936-1940	dese	_	_	_	
5-15	1941-1945	vogt	_	_	_	
5-16	1945-1946	,	_	_	_	
5-17	1947-1950	als	_	_	_	
5-18	1951-1953	al	_	_	_	
5-19	1954-1957	het	_	_	_	
5-20	1958-1967	vlughtigh	_	_	_	
5-21	1968-1972	sout	_	_	_	
5-22	1972-1973	,	_	_	_	
5-23	1974-1977	soo	_	_	_	
5-24	1978-1983	verre	_	_	_	
5-25	1984-1991	mogelyk	_	_	_	
5-26	1992-1994	is	_	_	_	
5-27	1994-1995	,	_	_	_	
5-28	1996-2000	daar	_	_	_	
5-29	2001-2003	af	_	_	_	
5-30	2004-2014	gescheiden	_	_	_	
5-31	2015-2019	wert	_	_	_	
5-32	2019-2020	,	_	_	_	
5-33	2021-2023	al	_	_	_	
5-34	2023-2024	-	_	_	_	
5-35	2026-2033	Bernard	_	_	_	
5-36	2034-2045	Nieuwentijt	_	_	_	
5-37	2045-2046	,	_	_	_	
5-38	2047-2050	Het	_	_	_	
5-39	2051-2055	regt	_	_	_	
5-40	2056-2063	gebruik	_	_	_	
5-41	2064-2067	der	_	_	_	
5-42	2068-2074	werelt	_	_	_	
5-43	2075-2088	beschouwingen	_	_	_	
5-44	2091-2094	397	_	_	_	
5-45	2096-2100	leen	_	_	_	
5-46	2101-2105	voor	_	_	_	
5-47	2106-2109	een	_	_	_	
5-48	2110-2115	enkel	_	_	_	
5-49	2116-2123	Phlegma	_	_	_	
5-50	2124-2126	of	_	_	_	
5-51	2127-2132	water	_	_	_	
5-52	2132-2133	,	_	_	_	
5-53	2134-2137	dat	_	_	_	
5-54	2138-2147	misschien	_	_	_	
5-55	2148-2154	eenige	_	_	_	
5-56	2155-2164	olyagtige	_	_	_	
5-57	2165-2171	deelen	_	_	_	
5-58	2172-2174	in	_	_	_	
5-59	2175-2179	sigh	_	_	_	
5-60	2180-2185	bevat	_	_	_	
5-61	2185-2186	,	_	_	_	
5-62	2187-2195	gehouden	_	_	_	
5-63	2196-2200	wert	_	_	_	
5-64	2200-2201	)	_	_	_	
5-65	2202-2204	te	_	_	_	
5-66	2205-2209	doen	_	_	_	
5-67	2210-2214	sien	_	_	_	
5-68	2214-2215	,	_	_	_	
5-69	2216-2219	hoe	_	_	_	
5-70	2220-2227	weinigh	_	_	_	
5-71	2228-2236	kennisse	_	_	_	
5-72	2237-2239	de	_	_	_	
5-73	2240-2248	grootste	_	_	_	
5-74	2249-2261	ondersoekers	_	_	_	
5-75	2262-2266	nogh	_	_	_	
5-76	2267-2273	hebben	_	_	_	
5-77	2274-2277	van	_	_	_	
5-78	2278-2280	de	_	_	_	
5-79	2281-2290	innerlyke	_	_	_	
5-80	2291-2304	gesteltenisse	_	_	_	
5-81	2305-2308	van	_	_	_	
5-82	2309-2312	het	_	_	_	
5-83	2313-2317	geen	_	_	_	
5-84	2318-2323	water	_	_	_	
5-85	2324-2325	(	_	_	_	
5-86	2325-2327	en	_	_	_	
5-87	2328-2330	te	_	_	_	
5-88	2331-2335	regt	_	_	_	
5-89	2336-2338	na	_	_	_	
5-90	2339-2343	alle	_	_	_	
5-91	2344-2361	waarschynelykheit	_	_	_	
5-92	2361-2362	)	_	_	_	
5-93	2363-2365	by	_	_	_	
5-94	2366-2370	haar	_	_	_	
5-95	2371-2378	genoemt	_	_	_	
5-96	2379-2383	wert	_	_	_	
5-97	2383-2384	:	_	_	_	
5-98	2385-2387	en	_	_	_	
5-99	2388-2390	op	_	_	_	
5-100	2391-2394	hoe	_	_	_	
5-101	2395-2400	veele	_	_	_	
5-102	2401-2406	wysen	_	_	_	
5-103	2407-2410	het	_	_	_	
5-104	2411-2419	toonbaar	_	_	_	
5-105	2420-2422	is	_	_	_	
5-106	2422-2423	,	_	_	_	
5-107	2424-2427	dat	_	_	_	
5-108	2428-2431	het	_	_	_	
5-109	2432-2437	water	_	_	_	
5-110	2437-2438	,	_	_	_	
5-111	2439-2443	waar	_	_	_	
5-112	2444-2447	van	_	_	_	
5-113	2448-2450	wy	_	_	_	
5-114	2451-2453	nu	_	_	_	
5-115	2454-2458	hier	_	_	_	
5-116	2459-2466	spreken	_	_	_	
5-117	2466-2467	,	_	_	_	
5-118	2468-2472	sigh	_	_	_	
5-119	2473-2475	in	_	_	_	
5-120	2476-2481	vaste	_	_	_	
5-121	2482-2490	lichamen	_	_	_	
5-122	2491-2501	veranderen	_	_	_	
5-123	2502-2505	kan	_	_	_	
5-124	2505-2506	,	_	_	_	
5-125	2507-2509	om	_	_	_	
5-126	2510-2514	hier	_	_	_	
5-127	2515-2518	het	_	_	_	
5-128	2519-2521	Ys	_	_	_	
5-129	2522-2526	niet	_	_	_	
5-130	2527-2529	op	_	_	_	
5-131	2530-2532	te	_	_	_	
5-132	2533-2538	halen	_	_	_	
5-133	2538-2539	,	_	_	_	
5-134	2540-2545	dewyl	_	_	_	
5-135	2546-2550	sulx	_	_	_	
5-136	2551-2556	weder	_	_	_	
5-137	2557-2566	smeltende	_	_	_	
5-138	2567-2570	tot	_	_	_	
5-139	2571-2576	water	_	_	_	
5-140	2577-2581	wert	_	_	_	
5-141	2581-2582	,	_	_	_	
5-142	2583-2586	het	_	_	_	
5-143	2587-2591	welk	_	_	_	
5-144	2592-2598	daarom	_	_	_	
5-145	2599-2603	geen	_	_	_	
5-146	2604-2616	veranderinge	_	_	_	
5-147	2617-2623	schynt	_	_	_	
5-148	2624-2626	in	_	_	_	
5-149	2627-2631	sigh	_	_	_	
5-150	2632-2638	selven	_	_	_	
5-151	2639-2648	ondergaan	_	_	_	
5-152	2649-2651	te	_	_	_	
5-153	2652-2658	hebben	_	_	_	

#Text=.
6-1	2658-2659	.	_	_	_	

#Text=§.
#Text=12.
7-1	2662-2663	§	_	_	_	
7-2	2663-2664	.	_	_	_	
7-3	2665-2667	12	_	_	_	
7-4	2667-2668	.	_	_	_	

#Text=Dewyl nu niemant ontkennen sal, dat voor soo veel men uit de ondersoekinge der
#Text=oudheit leeren kan, dese veranderingh van water in aarde, aan de meeste Philosophen
#Text=volkomen is onbekent geweest;
#Text=nadien sy en water en aarde elk voor een bysondere
#Text=hooft-stoffe gehouden hebben;
8-1	2670-2675	Dewyl	_	_	_	
8-2	2676-2678	nu	_	_	_	
8-3	2679-2686	niemant	_	_	_	
8-4	2687-2696	ontkennen	_	_	_	
8-5	2697-2700	sal	_	_	_	
8-6	2700-2701	,	_	_	_	
8-7	2702-2705	dat	_	_	_	
8-8	2706-2710	voor	_	_	_	
8-9	2711-2714	soo	_	_	_	
8-10	2715-2719	veel	_	_	_	
8-11	2720-2723	men	_	_	_	
8-12	2724-2727	uit	_	_	_	
8-13	2728-2730	de	_	_	_	
8-14	2731-2744	ondersoekinge	_	_	_	
8-15	2745-2748	der	_	_	_	
8-16	2749-2756	oudheit	_	_	_	
8-17	2757-2763	leeren	_	_	_	
8-18	2764-2767	kan	_	_	_	
8-19	2767-2768	,	_	_	_	
8-20	2769-2773	dese	_	_	_	
8-21	2774-2786	veranderingh	_	_	_	
8-22	2787-2790	van	_	_	_	
8-23	2791-2796	water	_	_	_	
8-24	2797-2799	in	_	_	_	
8-25	2800-2805	aarde	_	_	_	
8-26	2805-2806	,	_	_	_	
8-27	2807-2810	aan	_	_	_	
8-28	2811-2813	de	_	_	_	
8-29	2814-2820	meeste	_	_	_	
8-30	2821-2832	Philosophen	_	_	_	
8-31	2833-2841	volkomen	_	_	_	
8-32	2842-2844	is	_	_	_	
8-33	2845-2853	onbekent	_	_	_	
8-34	2854-2861	geweest	_	_	_	
8-35	2861-2862	;	_	_	_	
8-36	2863-2869	nadien	_	_	_	
8-37	2870-2872	sy	_	_	_	
8-38	2873-2875	en	_	_	_	
8-39	2876-2881	water	_	_	_	
8-40	2882-2884	en	_	_	_	
8-41	2885-2890	aarde	_	_	_	
8-42	2891-2894	elk	_	_	_	
8-43	2895-2899	voor	_	_	_	
8-44	2900-2903	een	_	_	_	
8-45	2904-2913	bysondere	_	_	_	
8-46	2914-2926	hooft-stoffe	_	_	_	
8-47	2927-2935	gehouden	_	_	_	
8-48	2936-2942	hebben	_	_	_	
8-49	2942-2943	;	_	_	_	
