#FORMAT=WebAnno TSV 3.3


#Text=In neuerer Zeit ſind zahlreiche ähnliche
#Text=Legierungen zuſammengeſetzt worden, aber ihr Schmelzpunkt liegt nicht
#Text=oder doch wenigſtens nicht weſenlich unter 70°C
#Text=
#Text=
#Text=Das Zink.
1-1	2-4	In	
1-2	5-12	neuerer	
1-3	13-17	Zeit	
1-4	18-22	ſind	
1-5	23-33	zahlreiche	
1-6	34-42	ähnliche	
1-7	43-54	Legierungen	
1-8	55-70	zuſammengeſetzt	
1-9	71-77	worden	
1-10	77-78	,	
1-11	79-83	aber	
1-12	84-87	ihr	
1-13	88-100	Schmelzpunkt	
1-14	101-106	liegt	
1-15	107-112	nicht	
1-16	113-117	oder	
1-17	118-122	doch	
1-18	123-133	wenigſtens	
1-19	134-139	nicht	
1-20	140-149	weſenlich	
1-21	150-155	unter	
1-22	156-158	70	
1-23	158-159	°	
1-24	159-160	C	
1-25	163-166	Das	
1-26	167-171	Zink	
1-27	171-172	.	

#Text=Vorkommen.
2-1	174-183	Vorkommen	
2-2	183-184	.	

#Text=Das Zink (chemiſche Formel Zn) findet ſich in der
#Text=Natur niemals gediegen.
3-1	185-188	Das	
3-2	189-193	Zink	
3-3	194-195	(	
3-4	195-204	chemiſche	
3-5	205-211	Formel	
3-6	212-214	Zn	
3-7	214-215	)	
3-8	216-222	findet	
3-9	223-227	ſich	
3-10	228-230	in	
3-11	231-234	der	
3-12	235-240	Natur	
3-13	241-248	niemals	
3-14	249-257	gediegen	
3-15	257-258	.	

#Text=Es kommt als kohlenſaures Zink
#Text=ZnCO3
#Text=
#Text=Galmei oder Zinkſpat genannt und als Kieſelzinkerz, d. i. eine Verbindung
#Text=
#Text=der Kieſelſäure mit dem Zink und Waſſer Zn2SiO4, H2O in Weſt-
#Text=falen vor, ebenſo als Zinkblende ZnS, und ſchließlich findet es ſich
#Text=als Rotzinkerz d. i. ein durch Mangan rötlich gefärbtes Zinkoxyd und
#Text=als Gahnit d. i. eine Verbindung des Zinks mit dem Aluminium und
#Text=Sauerſtoff in manchen Fahlerzen.
4-1	259-261	Es	
4-2	262-267	kommt	
4-3	268-271	als	
4-4	272-284	kohlenſaures	
4-5	285-289	Zink	
4-6	290-295	ZnCO3	
4-7	297-303	Galmei	
4-8	304-308	oder	
4-9	309-317	Zinkſpat	
4-10	318-325	genannt	
4-11	326-329	und	
4-12	330-333	als	
4-13	334-347	Kieſelzinkerz	
4-14	347-348	,	
4-15	349-350	d	
4-16	350-351	.	
4-17	352-353	i	
4-18	353-354	.	
4-19	355-359	eine	
4-20	360-370	Verbindung	
4-21	372-375	der	
4-22	376-387	Kieſelſäure	
4-23	388-391	mit	
4-24	392-395	dem	
4-25	396-400	Zink	
4-26	401-404	und	
4-27	405-411	Waſſer	
4-28	412-419	Zn2SiO4	
4-29	419-420	,	
4-30	421-424	H2O	
4-31	425-427	in	
4-32	428-432	Weſt	
4-33	432-433	-	
4-34	434-439	falen	
4-35	440-443	vor	
4-36	443-444	,	
4-37	445-451	ebenſo	
4-38	452-455	als	
4-39	456-466	Zinkblende	
4-40	467-470	ZnS	
4-41	470-471	,	
4-42	472-475	und	
4-43	476-487	ſchließlich	
4-44	488-494	findet	
4-45	495-497	es	
4-46	498-502	ſich	
4-47	503-506	als	
4-48	507-517	Rotzinkerz	
4-49	518-519	d	
4-50	519-520	.	
4-51	521-522	i	
4-52	522-523	.	
4-53	524-527	ein	
4-54	528-533	durch	
4-55	534-540	Mangan	
4-56	541-548	rötlich	
4-57	549-558	gefärbtes	
4-58	559-567	Zinkoxyd	
4-59	568-571	und	
4-60	572-575	als	
4-61	576-582	Gahnit	
4-62	583-584	d	
4-63	584-585	.	
4-64	586-587	i	
4-65	587-588	.	
4-66	589-593	eine	
4-67	594-604	Verbindung	
4-68	605-608	des	
4-69	609-614	Zinks	
4-70	615-618	mit	
4-71	619-622	dem	
4-72	623-632	Aluminium	
4-73	633-636	und	
4-74	637-647	Sauerſtoff	
4-75	648-650	in	
4-76	651-658	manchen	
4-77	659-668	Fahlerzen	
4-78	668-669	.	

#Text=Darſtellung.
5-1	672-683	Darſtellung	
5-2	683-684	.	

#Text=Zur Gewinnung des Zinks werden der Zinkſpat
#Text=oder die Zinkblende geröſtet, wobei ſich Zinkoxyd bildet.
6-1	685-688	Zur	
6-2	689-698	Gewinnung	
6-3	699-702	des	
6-4	703-708	Zinks	
6-5	709-715	werden	
6-6	716-719	der	
6-7	720-728	Zinkſpat	
6-8	729-733	oder	
6-9	734-737	die	
6-10	738-748	Zinkblende	
6-11	749-757	geröſtet	
6-12	757-758	,	
6-13	759-764	wobei	
6-14	765-769	ſich	
6-15	770-778	Zinkoxyd	
6-16	779-785	bildet	
6-17	785-786	.	

#Text=Dieſes wird
#Text=durch Erhitzen mit Kohle zu Metall reduziert, welches ſich verflüchtigt,
#Text=und in Vorlagen kondenſiert, aufgefangen wird.
7-1	787-793	Dieſes	
7-2	794-798	wird	
7-3	799-804	durch	
7-4	805-813	Erhitzen	
7-5	814-817	mit	
7-6	818-823	Kohle	
7-7	824-826	zu	
7-8	827-833	Metall	
7-9	834-843	reduziert	
7-10	843-844	,	
7-11	845-852	welches	
7-12	853-857	ſich	
7-13	858-870	verflüchtigt	
7-14	870-871	,	
7-15	872-875	und	
7-16	876-878	in	
7-17	879-887	Vorlagen	
7-18	888-899	kondenſiert	
7-19	899-900	,	
7-20	901-912	aufgefangen	
7-21	913-917	wird	
7-22	917-918	.	

#Text=Schleſien, Belgien und
#Text=England nehmen dieſes Erhitzen bez.
8-1	919-928	Schleſien	
8-2	928-929	,	
8-3	930-937	Belgien	
8-4	938-941	und	
8-5	942-949	England	
8-6	950-956	nehmen	
8-7	957-963	dieſes	
8-8	964-972	Erhitzen	
8-9	973-976	bez	
8-10	976-977	.	

#Text=Deſtillieren nach drei verſchiedenen
#Text=Methoden vor.
9-1	978-990	Deſtillieren	
9-2	991-995	nach	
9-3	996-1000	drei	
9-4	1001-1014	verſchiedenen	
9-5	1015-1023	Methoden	
9-6	1024-1027	vor	
9-7	1027-1028	.	

#Text=In Oberſchleſien, Stolberg bei Aachen und in Weſtfalen geſchieht
#Text=die Reduktion und Deſtillation des Zinks in muffelähnlichen Deſtillations-
#Text=
#Text=gefäßen aus feuerfeſtem Thon, wie ſie Fig.
#Text=357 in der äußeren Anſicht
#Text=
#Text=und Fig.
#Text=358 im Längsſchnitt zeigen.
10-1	1032-1034	In	
10-2	1035-1048	Oberſchleſien	
10-3	1048-1049	,	
10-4	1050-1058	Stolberg	
10-5	1059-1062	bei	
10-6	1063-1069	Aachen	
10-7	1070-1073	und	
10-8	1074-1076	in	
10-9	1077-1086	Weſtfalen	
10-10	1087-1096	geſchieht	
10-11	1097-1100	die	
10-12	1101-1110	Reduktion	
10-13	1111-1114	und	
10-14	1115-1127	Deſtillation	
10-15	1128-1131	des	
10-16	1132-1137	Zinks	
10-17	1138-1140	in	
10-18	1141-1156	muffelähnlichen	
10-19	1157-1170	Deſtillations	
10-20	1170-1171	-	
10-21	1173-1180	gefäßen	
10-22	1181-1184	aus	
10-23	1185-1196	feuerfeſtem	
10-24	1197-1201	Thon	
10-25	1201-1202	,	
10-26	1203-1206	wie	
10-27	1207-1210	ſie	
10-28	1211-1214	Fig	
10-29	1214-1215	.	
10-30	1216-1219	357	
10-31	1220-1222	in	
10-32	1223-1226	der	
10-33	1227-1234	äußeren	
10-34	1235-1242	Anſicht	
10-35	1244-1247	und	
10-36	1248-1251	Fig	
10-37	1251-1252	.	
10-38	1253-1256	358	
10-39	1257-1259	im	
10-40	1260-1272	Längsſchnitt	
10-41	1273-1279	zeigen	
10-42	1279-1280	.	

#Text=Dieſe Muffeln haben an der
#Text=Stirnwand zwei Öffnungen a und b, von denen a — während der
#Text=Deſtillation geſchloſſen — dazu dient, nach beendetem Verfahren die
#Text=Deſtillationsrückſtände zu entfernen.
11-1	1281-1286	Dieſe	
11-2	1287-1294	Muffeln	
11-3	1295-1300	haben	
11-4	1301-1303	an	
11-5	1304-1307	der	
11-6	1308-1317	Stirnwand	
11-7	1318-1322	zwei	
11-8	1323-1332	Öffnungen	
11-9	1333-1334	a	
11-10	1335-1338	und	
11-11	1339-1340	b	
11-12	1340-1341	,	
11-13	1342-1345	von	
11-14	1346-1351	denen	
11-15	1352-1353	a	
11-16	1354-1355	—	
11-17	1356-1363	während	
11-18	1364-1367	der	
11-19	1368-1380	Deſtillation	
11-20	1381-1392	geſchloſſen	
11-21	1393-1394	—	
11-22	1395-1399	dazu	
11-23	1400-1405	dient	
11-24	1405-1406	,	
11-25	1407-1411	nach	
11-26	1412-1421	beendetem	
11-27	1422-1431	Verfahren	
11-28	1432-1435	die	
11-29	1436-1459	Deſtillationsrückſtände	
11-30	1460-1462	zu	
11-31	1463-1472	entfernen	
11-32	1472-1473	.	
