#FORMAT=WebAnno TSV 3.3


#Text=Men vult ook enige
#Text=
#Text=M.
1-1	2-5	Men	
1-2	6-10	vult	
1-3	11-14	ook	
1-4	15-20	enige	
1-5	22-23	M	
1-6	23-24	.	

#Text=Noel Chomel, Huishoudelyk woordboek
#Text=
#Text=\f470
#Text=kleine Pypjes van Riet, of Glas, met Kwik, en hangt ze den Kinderen om den hals
#Text=voor de kwade lucht.
2-1	25-29	Noel	
2-2	30-36	Chomel	
2-3	36-37	,	
2-4	38-50	Huishoudelyk	
2-5	51-60	woordboek	
2-6	63-66	470	
2-7	67-73	kleine	
2-8	74-80	Pypjes	
2-9	81-84	van	
2-10	85-89	Riet	
2-11	89-90	,	
2-12	91-93	of	
2-13	94-98	Glas	
2-14	98-99	,	
2-15	100-103	met	
2-16	104-108	Kwik	
2-17	108-109	,	
2-18	110-112	en	
2-19	113-118	hangt	
2-20	119-121	ze	
2-21	122-125	den	
2-22	126-134	Kinderen	
2-23	135-137	om	
2-24	138-141	den	
2-25	142-146	hals	
2-26	147-151	voor	
2-27	152-154	de	
2-28	155-160	kwade	
2-29	161-166	lucht	
2-30	166-167	.	

#Text=(Dit mag in Vrankryk geschieden, ik zoude juist niet raden van
#Text=het na te volgen.) (5.)
3-1	168-169	(	
3-2	169-172	Dit	
3-3	173-176	mag	
3-4	177-179	in	
3-5	180-188	Vrankryk	
3-6	189-199	geschieden	
3-7	199-200	,	
3-8	201-203	ik	
3-9	204-209	zoude	
3-10	210-215	juist	
3-11	216-220	niet	
3-12	221-226	raden	
3-13	227-230	van	
3-14	231-234	het	
3-15	235-237	na	
3-16	238-240	te	
3-17	241-247	volgen	
3-18	247-248	.	
3-19	248-249	)	
3-20	250-251	(	
3-21	251-252	5	
3-22	252-253	.	
3-23	253-254	)	

#Text=De Kwik is, gelyk te voren gezegd is, mede goed voor ’t lopende
#Text=Zeer, voor Schurftheid en Venus-kwalen.
#Text=(6.)
4-1	255-257	De	
4-2	258-262	Kwik	
4-3	263-265	is	
4-4	265-266	,	
4-5	267-272	gelyk	
4-6	273-275	te	
4-7	276-281	voren	
4-8	282-288	gezegd	
4-9	289-291	is	
4-10	291-292	,	
4-11	293-297	mede	
4-12	298-302	goed	
4-13	303-307	voor	
4-14	308-309	’	
4-15	309-310	t	
4-16	311-318	lopende	
4-17	319-323	Zeer	
4-18	323-324	,	
4-19	325-329	voor	
4-20	330-341	Schurftheid	
4-21	342-344	en	
4-22	345-357	Venus-kwalen	
4-23	357-358	.	
4-24	359-360	(	
4-25	360-361	6	
4-26	361-362	.	
4-27	362-363	)	

#Text=Het zy men ze in, of uitwendig gebruikt,
#Text=zy doet allerhande Gezwellen, en Verstoppingen verdwynen.
#Text=(7.)
5-1	364-367	Het	
5-2	368-370	zy	
5-3	371-374	men	
5-4	375-377	ze	
5-5	378-380	in	
5-6	380-381	,	
5-7	382-384	of	
5-8	385-394	uitwendig	
5-9	395-403	gebruikt	
5-10	403-404	,	
5-11	405-407	zy	
5-12	408-412	doet	
5-13	413-423	allerhande	
5-14	424-433	Gezwellen	
5-15	433-434	,	
5-16	435-437	en	
5-17	438-451	Verstoppingen	
5-18	452-461	verdwynen	
5-19	461-462	.	
5-20	463-464	(	
5-21	464-465	7	
5-22	465-466	.	
5-23	466-467	)	

#Text=Zy wordt gebezigt
#Text=in verscheide Zalven en Pleisters.
#Text=(8.)
6-1	468-470	Zy	
6-2	471-476	wordt	
6-3	477-485	gebezigt	
6-4	486-488	in	
6-5	489-499	verscheide	
6-6	500-506	Zalven	
6-7	507-509	en	
6-8	510-519	Pleisters	
6-9	519-520	.	
6-10	521-522	(	
6-11	522-523	8	
6-12	523-524	.	
6-13	524-525	)	

#Text=Eindelyk geeft men ze ook in, in het Miserere,
#Text=of de Darmkronkeling, nemende een heel pond rauwe Kwik, dat men t’effens laat
#Text=doorslikken; want door zyne zwaarte rekt het de Darmen uit, welke in deze Ziekte
#Text=verdraaid, of in malkander geplooid zyn; het gaat door den Stoelgank af, zo als het
#Text=ingenomen is, zonder verandering.
#Text=(9.)
7-1	526-534	Eindelyk	
7-2	535-540	geeft	
7-3	541-544	men	
7-4	545-547	ze	
7-5	548-551	ook	
7-6	552-554	in	
7-7	554-555	,	
7-8	556-558	in	
7-9	559-562	het	
7-10	563-571	Miserere	
7-11	571-572	,	
7-12	573-575	of	
7-13	576-578	de	
7-14	579-593	Darmkronkeling	
7-15	593-594	,	
7-16	595-602	nemende	
7-17	603-606	een	
7-18	607-611	heel	
7-19	612-616	pond	
7-20	617-622	rauwe	
7-21	623-627	Kwik	
7-22	627-628	,	
7-23	629-632	dat	
7-24	633-636	men	
7-25	637-638	t	
7-26	638-639	’	
7-27	639-645	effens	
7-28	646-650	laat	
7-29	651-662	doorslikken	
7-30	662-663	;	
7-31	664-668	want	
7-32	669-673	door	
7-33	674-678	zyne	
7-34	679-686	zwaarte	
7-35	687-691	rekt	
7-36	692-695	het	
7-37	696-698	de	
7-38	699-705	Darmen	
7-39	706-709	uit	
7-40	709-710	,	
7-41	711-716	welke	
7-42	717-719	in	
7-43	720-724	deze	
7-44	725-731	Ziekte	
7-45	732-741	verdraaid	
7-46	741-742	,	
7-47	743-745	of	
7-48	746-748	in	
7-49	749-758	malkander	
7-50	759-767	geplooid	
7-51	768-771	zyn	
7-52	771-772	;	
7-53	773-776	het	
7-54	777-781	gaat	
7-55	782-786	door	
7-56	787-790	den	
7-57	791-800	Stoelgank	
7-58	801-803	af	
7-59	803-804	,	
7-60	805-807	zo	
7-61	808-811	als	
7-62	812-815	het	
7-63	816-825	ingenomen	
7-64	826-828	is	
7-65	828-829	,	
7-66	830-836	zonder	
7-67	837-848	verandering	
7-68	848-849	.	
7-69	850-851	(	
7-70	851-852	9	
7-71	852-853	.	
7-72	853-854	)	

#Text=Nog dient de Kwik, om’er Weerglazen, of
#Text=Barometers van te maken, welke door hare ryzing en daling de zwaarte van de lucht
#Text=aanwyzen.
8-1	855-858	Nog	
8-2	859-864	dient	
8-3	865-867	de	
8-4	868-872	Kwik	
8-5	872-873	,	
8-6	874-876	om	
8-7	876-877	’	
8-8	877-879	er	
8-9	880-890	Weerglazen	
8-10	890-891	,	
8-11	892-894	of	
8-12	895-905	Barometers	
8-13	906-909	van	
8-14	910-912	te	
8-15	913-918	maken	
8-16	918-919	,	
8-17	920-925	welke	
8-18	926-930	door	
8-19	931-935	hare	
8-20	936-942	ryzing	
8-21	943-945	en	
8-22	946-952	daling	
8-23	953-955	de	
8-24	956-963	zwaarte	
8-25	964-967	van	
8-26	968-970	de	
8-27	971-976	lucht	
8-28	977-985	aanwyzen	
8-29	985-986	.	

#Text=Om deze Weerglazen te maken, neem ene lange glaze Pyp, vul die met
#Text=Kwik, die wel gereinigd is, dat is, eens, en andermaal door een Ledere lap gewrongen
#Text=is.
9-1	987-989	Om	
9-2	990-994	deze	
9-3	995-1005	Weerglazen	
9-4	1006-1008	te	
9-5	1009-1014	maken	
9-6	1014-1015	,	
9-7	1016-1020	neem	
9-8	1021-1024	ene	
9-9	1025-1030	lange	
9-10	1031-1036	glaze	
9-11	1037-1040	Pyp	
9-12	1040-1041	,	
9-13	1042-1045	vul	
9-14	1046-1049	die	
9-15	1050-1053	met	
9-16	1054-1058	Kwik	
9-17	1058-1059	,	
9-18	1060-1063	die	
9-19	1064-1067	wel	
9-20	1068-1077	gereinigd	
9-21	1078-1080	is	
9-22	1080-1081	,	
9-23	1082-1085	dat	
9-24	1086-1088	is	
9-25	1088-1089	,	
9-26	1090-1094	eens	
9-27	1094-1095	,	
9-28	1096-1098	en	
9-29	1099-1108	andermaal	
9-30	1109-1113	door	
9-31	1114-1117	een	
9-32	1118-1124	Ledere	
9-33	1125-1128	lap	
9-34	1129-1138	gewrongen	
9-35	1139-1141	is	
9-36	1141-1142	.	

#Text=Als de Pyp vol is, zie toe, of’er ook gene holtens en blaasjes in zyn, keer dezelve
#Text=
#Text=dan t’ondersten boven, de opening met den vinger toestoppende;
#Text=zo zullen de blaasjes
#Text=na omhoog klimmen;
#Text=herhaal deze omkeering, tot dat alle blazen verdwenen zyn.
10-1	1143-1146	Als	
10-2	1147-1149	de	
10-3	1150-1153	Pyp	
10-4	1154-1157	vol	
10-5	1158-1160	is	
10-6	1160-1161	,	
10-7	1162-1165	zie	
10-8	1166-1169	toe	
10-9	1169-1170	,	
10-10	1171-1173	of	
10-11	1173-1174	’	
10-12	1174-1176	er	
10-13	1177-1180	ook	
10-14	1181-1185	gene	
10-15	1186-1193	holtens	
10-16	1194-1196	en	
10-17	1197-1205	blaasjes	
10-18	1206-1208	in	
10-19	1209-1212	zyn	
10-20	1212-1213	,	
10-21	1214-1218	keer	
10-22	1219-1226	dezelve	
10-23	1228-1231	dan	
10-24	1232-1233	t	
10-25	1233-1234	’	
10-26	1234-1243	ondersten	
10-27	1244-1249	boven	
10-28	1249-1250	,	
10-29	1251-1253	de	
10-30	1254-1261	opening	
10-31	1262-1265	met	
10-32	1266-1269	den	
10-33	1270-1276	vinger	
10-34	1277-1289	toestoppende	
10-35	1289-1290	;	
10-36	1291-1293	zo	
10-37	1294-1300	zullen	
10-38	1301-1303	de	
10-39	1304-1312	blaasjes	
10-40	1313-1315	na	
10-41	1316-1322	omhoog	
10-42	1323-1330	klimmen	
10-43	1330-1331	;	
10-44	1332-1339	herhaal	
10-45	1340-1344	deze	
10-46	1345-1354	omkeering	
10-47	1354-1355	,	
10-48	1356-1359	tot	
10-49	1360-1363	dat	
10-50	1364-1368	alle	
10-51	1369-1375	blazen	
10-52	1376-1385	verdwenen	
10-53	1386-1389	zyn	
10-54	1389-1390	.	

#Text=Neem dan een rond glaze
#Text=Bakje
#Text=, mede met Kwik gevuld, zet de gevulde Pyp daar
#Text=in, zodanig, dat de opening na beneden kome, zo zal een gedeelte van de Kwik weder
#Text=uit de Pyp lopen, doch niet meer dan’er nodig is;
11-1	1393-1397	Neem	
11-2	1398-1401	dan	
11-3	1402-1405	een	
11-4	1406-1410	rond	
11-5	1411-1416	glaze	
11-6	1417-1422	Bakje	
11-7	1423-1424	,	
11-8	1425-1429	mede	
11-9	1430-1433	met	
11-10	1434-1438	Kwik	
11-11	1439-1445	gevuld	
11-12	1445-1446	,	
11-13	1447-1450	zet	
11-14	1451-1453	de	
11-15	1454-1461	gevulde	
11-16	1462-1465	Pyp	
11-17	1466-1470	daar	
11-18	1471-1473	in	
11-19	1473-1474	,	
11-20	1475-1482	zodanig	
11-21	1482-1483	,	
11-22	1484-1487	dat	
11-23	1488-1490	de	
11-24	1491-1498	opening	
11-25	1499-1501	na	
11-26	1502-1509	beneden	
11-27	1510-1514	kome	
11-28	1514-1515	,	
11-29	1516-1518	zo	
11-30	1519-1522	zal	
11-31	1523-1526	een	
11-32	1527-1535	gedeelte	
11-33	1536-1539	van	
11-34	1540-1542	de	
11-35	1543-1547	Kwik	
11-36	1548-1553	weder	
11-37	1554-1557	uit	
11-38	1558-1560	de	
11-39	1561-1564	Pyp	
11-40	1565-1570	lopen	
11-41	1570-1571	,	
11-42	1572-1576	doch	
11-43	1577-1581	niet	
11-44	1582-1586	meer	
11-45	1587-1590	dan	
11-46	1590-1591	’	
11-47	1591-1593	er	
11-48	1594-1599	nodig	
11-49	1600-1602	is	
11-50	1602-1603	;	
