#FORMAT=WebAnno TSV 3.3


#Text=8 Vanitas vanitatum, dixit Ecclesiastes, et omnia vanitas.
#Text=9 Cumque esset sapientissimus Ecclesiastes, docuit populum, et enarravit quæ fecerat ; et investigans composuit parabolas multas.
#Text=10 Quæsivit verba utilia, et conscripsit sermones rectissimos ac veritate plenos.
#Text=11 Verba sapientium sicut stimuli, et quasi clavi in altum defixi, quæ per magistrorum consilium data sunt a pastore uno.
#Text=12 His amplius, fili mi, ne requiras.
1-1	2-3	8	
1-2	4-11	Vanitas	
1-3	12-21	vanitatum	
1-4	21-22	,	
1-5	23-28	dixit	
1-6	29-41	Ecclesiastes	
1-7	41-42	,	
1-8	43-45	et	
1-9	46-51	omnia	
1-10	52-59	vanitas	
1-11	59-60	.	
1-12	61-62	9	
1-13	63-69	Cumque	
1-14	70-75	esset	
1-15	76-90	sapientissimus	
1-16	91-103	Ecclesiastes	
1-17	103-104	,	
1-18	105-111	docuit	
1-19	112-119	populum	
1-20	119-120	,	
1-21	121-123	et	
1-22	124-133	enarravit	
1-23	134-137	quæ	
1-24	138-145	fecerat	
1-25	146-147	;	
1-26	148-150	et	
1-27	151-162	investigans	
1-28	163-172	composuit	
1-29	173-182	parabolas	
1-30	183-189	multas	
1-31	189-190	.	
1-32	191-193	10	
1-33	194-202	Quæsivit	
1-34	203-208	verba	
1-35	209-215	utilia	
1-36	215-216	,	
1-37	217-219	et	
1-38	220-231	conscripsit	
1-39	232-240	sermones	
1-40	241-252	rectissimos	
1-41	253-255	ac	
1-42	256-264	veritate	
1-43	265-271	plenos	
1-44	271-272	.	
1-45	273-275	11	
1-46	276-281	Verba	
1-47	282-292	sapientium	
1-48	293-298	sicut	
1-49	299-306	stimuli	
1-50	306-307	,	
1-51	308-310	et	
1-52	311-316	quasi	
1-53	317-322	clavi	
1-54	323-325	in	
1-55	326-331	altum	
1-56	332-338	defixi	
1-57	338-339	,	
1-58	340-343	quæ	
1-59	344-347	per	
1-60	348-359	magistrorum	
1-61	360-369	consilium	
1-62	370-374	data	
1-63	375-379	sunt	
1-64	380-381	a	
1-65	382-389	pastore	
1-66	390-393	uno	
1-67	393-394	.	
1-68	395-397	12	
1-69	398-401	His	
1-70	402-409	amplius	
1-71	409-410	,	
1-72	411-415	fili	
1-73	416-418	mi	
1-74	418-419	,	
1-75	420-422	ne	
1-76	423-431	requiras	
1-77	431-432	.	

#Text=Faciendi plures libros nullus est finis ; frequensque meditatio, carnis afflictio est.
#Text=13 Finem loquendi pariter omnes audiamus.
2-1	433-441	Faciendi	
2-2	442-448	plures	
2-3	449-455	libros	
2-4	456-462	nullus	
2-5	463-466	est	
2-6	467-472	finis	
2-7	473-474	;	
2-8	475-486	frequensque	
2-9	487-496	meditatio	
2-10	496-497	,	
2-11	498-504	carnis	
2-12	505-514	afflictio	
2-13	515-518	est	
2-14	518-519	.	
2-15	520-522	13	
2-16	523-528	Finem	
2-17	529-537	loquendi	
2-18	538-545	pariter	
2-19	546-551	omnes	
2-20	552-560	audiamus	
2-21	560-561	.	

#Text=Deum time, et mandata ejus observa : hoc est enim omnis homo, 14 et cuncta quæ fiunt adducet Deus in judicium pro omni errato, sive bonum, sive malum illud sit.
3-1	562-566	Deum	
3-2	567-571	time	
3-3	571-572	,	
3-4	573-575	et	
3-5	576-583	mandata	
3-6	584-588	ejus	
3-7	589-596	observa	
3-8	597-598	:	
3-9	599-602	hoc	
3-10	603-606	est	
3-11	607-611	enim	
3-12	612-617	omnis	
3-13	618-622	homo	
3-14	622-623	,	
3-15	624-626	14	
3-16	627-629	et	
3-17	630-636	cuncta	
3-18	637-640	quæ	
3-19	641-646	fiunt	
3-20	647-654	adducet	
3-21	655-659	Deus	
3-22	660-662	in	
3-23	663-671	judicium	
3-24	672-675	pro	
3-25	676-680	omni	
3-26	681-687	errato	
3-27	687-688	,	
3-28	689-693	sive	
3-29	694-699	bonum	
3-30	699-700	,	
3-31	701-705	sive	
3-32	706-711	malum	
3-33	712-717	illud	
3-34	718-721	sit	
3-35	721-722	.	

#Text=Caput 1
#Text=
#Text=
#Text=1 <Sponsa>Osculetur me osculo oris sui ; quia meliora sunt ubera tua vino, 2 fragrantia unguentis optimis.
4-1	723-728	Caput	
4-2	729-730	1	
4-3	733-734	1	
4-4	735-736	<	
4-5	736-742	Sponsa	
4-6	742-743	>	
4-7	743-752	Osculetur	
4-8	753-755	me	
4-9	756-762	osculo	
4-10	763-767	oris	
4-11	768-771	sui	
4-12	772-773	;	
4-13	774-778	quia	
4-14	779-786	meliora	
4-15	787-791	sunt	
4-16	792-797	ubera	
4-17	798-801	tua	
4-18	802-806	vino	
4-19	806-807	,	
4-20	808-809	2	
4-21	810-820	fragrantia	
4-22	821-830	unguentis	
4-23	831-838	optimis	
4-24	838-839	.	

#Text=Oleum effusum nomen tuum ; ideo adolescentulæ dilexerunt te.
#Text=3 <Chorus Adolescentularum>Trahe me, post te curremus in odorem unguentorum tuorum.
5-1	840-845	Oleum	
5-2	846-853	effusum	
5-3	854-859	nomen	
5-4	860-864	tuum	
5-5	865-866	;	
5-6	867-871	ideo	
5-7	872-885	adolescentulæ	
5-8	886-896	dilexerunt	
5-9	897-899	te	
5-10	899-900	.	
5-11	901-902	3	
5-12	903-904	<	
5-13	904-910	Chorus	
5-14	911-927	Adolescentularum	
5-15	927-928	>	
5-16	928-933	Trahe	
5-17	934-936	me	
5-18	936-937	,	
5-19	938-942	post	
5-20	943-945	te	
5-21	946-954	curremus	
5-22	955-957	in	
5-23	958-964	odorem	
5-24	965-976	unguentorum	
5-25	977-983	tuorum	
5-26	983-984	.	

#Text=Introduxit me rex in cellaria sua ; exsultabimus et lætabimur in te, memores uberum tuorum super vinum.
6-1	985-995	Introduxit	
6-2	996-998	me	
6-3	999-1002	rex	
6-4	1003-1005	in	
6-5	1006-1014	cellaria	
6-6	1015-1018	sua	
6-7	1019-1020	;	
6-8	1021-1033	exsultabimus	
6-9	1034-1036	et	
6-10	1037-1046	lætabimur	
6-11	1047-1049	in	
6-12	1050-1052	te	
6-13	1052-1053	,	
6-14	1054-1061	memores	
6-15	1062-1068	uberum	
6-16	1069-1075	tuorum	
6-17	1076-1081	super	
6-18	1082-1087	vinum	
6-19	1087-1088	.	

#Text=Recti diligunt te.
#Text=4 <Sponsa>Nigra sum, sed formosa, filiæ Jerusalem, sicut tabernacula Cedar, sicut pelles Salomonis.
#Text=5 Nolite me considerare quod fusca sim, quia decoloravit me sol.
7-1	1089-1094	Recti	
7-2	1095-1103	diligunt	
7-3	1104-1106	te	
7-4	1106-1107	.	
7-5	1108-1109	4	
7-6	1110-1111	<	
7-7	1111-1117	Sponsa	
7-8	1117-1118	>	
7-9	1118-1123	Nigra	
7-10	1124-1127	sum	
7-11	1127-1128	,	
7-12	1129-1132	sed	
7-13	1133-1140	formosa	
7-14	1140-1141	,	
7-15	1142-1147	filiæ	
7-16	1148-1157	Jerusalem	
7-17	1157-1158	,	
7-18	1159-1164	sicut	
7-19	1165-1176	tabernacula	
7-20	1177-1182	Cedar	
7-21	1182-1183	,	
7-22	1184-1189	sicut	
7-23	1190-1196	pelles	
7-24	1197-1206	Salomonis	
7-25	1206-1207	.	
7-26	1208-1209	5	
7-27	1210-1216	Nolite	
7-28	1217-1219	me	
7-29	1220-1231	considerare	
7-30	1232-1236	quod	
7-31	1237-1242	fusca	
7-32	1243-1246	sim	
7-33	1246-1247	,	
7-34	1248-1252	quia	
7-35	1253-1264	decoloravit	
7-36	1265-1267	me	
7-37	1268-1271	sol	
7-38	1271-1272	.	

#Text=Filii matris meæ pugnaverunt contra me ; posuerunt me custodem in vineis : vineam meam non custodivi.
#Text=6 Indica mihi, quem diligit anima mea, ubi pascas, ubi cubes in meridie, ne vagari incipiam post greges sodalium tuorum.
#Text=7 <Sponsus>Si ignoras te, o pulcherrima inter mulieres, egredere, et abi post vestigia gregum, et pasce hædos tuos juxta tabernacula pastorum.
#Text=8 Equitatui meo in curribus Pharaonis assimilavi te, amica mea.
#Text=9 Pulchræ sunt genæ tuæ sicut turturis ; collum tuum sicut monilia.
8-1	1273-1278	Filii	
8-2	1279-1285	matris	
8-3	1286-1289	meæ	
8-4	1290-1301	pugnaverunt	
8-5	1302-1308	contra	
8-6	1309-1311	me	
8-7	1312-1313	;	
8-8	1314-1323	posuerunt	
8-9	1324-1326	me	
8-10	1327-1335	custodem	
8-11	1336-1338	in	
8-12	1339-1345	vineis	
8-13	1346-1347	:	
8-14	1348-1354	vineam	
8-15	1355-1359	meam	
8-16	1360-1363	non	
8-17	1364-1373	custodivi	
8-18	1373-1374	.	
8-19	1375-1376	6	
8-20	1377-1383	Indica	
8-21	1384-1388	mihi	
8-22	1388-1389	,	
8-23	1390-1394	quem	
8-24	1395-1402	diligit	
8-25	1403-1408	anima	
8-26	1409-1412	mea	
8-27	1412-1413	,	
8-28	1414-1417	ubi	
8-29	1418-1424	pascas	
8-30	1424-1425	,	
8-31	1426-1429	ubi	
8-32	1430-1435	cubes	
8-33	1436-1438	in	
8-34	1439-1446	meridie	
8-35	1446-1447	,	
8-36	1448-1450	ne	
8-37	1451-1457	vagari	
8-38	1458-1466	incipiam	
8-39	1467-1471	post	
8-40	1472-1478	greges	
8-41	1479-1487	sodalium	
8-42	1488-1494	tuorum	
8-43	1494-1495	.	
8-44	1496-1497	7	
8-45	1498-1499	<	
8-46	1499-1506	Sponsus	
8-47	1506-1507	>	
8-48	1507-1509	Si	
8-49	1510-1517	ignoras	
8-50	1518-1520	te	
8-51	1520-1521	,	
8-52	1522-1523	o	
8-53	1524-1535	pulcherrima	
8-54	1536-1541	inter	
8-55	1542-1550	mulieres	
8-56	1550-1551	,	
8-57	1552-1560	egredere	
8-58	1560-1561	,	
8-59	1562-1564	et	
8-60	1565-1568	abi	
8-61	1569-1573	post	
8-62	1574-1582	vestigia	
8-63	1583-1589	gregum	
8-64	1589-1590	,	
8-65	1591-1593	et	
8-66	1594-1599	pasce	
8-67	1600-1605	hædos	
8-68	1606-1610	tuos	
8-69	1611-1616	juxta	
8-70	1617-1628	tabernacula	
8-71	1629-1637	pastorum	
8-72	1637-1638	.	
8-73	1639-1640	8	
8-74	1641-1650	Equitatui	
8-75	1651-1654	meo	
8-76	1655-1657	in	
8-77	1658-1666	curribus	
8-78	1667-1676	Pharaonis	
8-79	1677-1687	assimilavi	
8-80	1688-1690	te	
8-81	1690-1691	,	
8-82	1692-1697	amica	
8-83	1698-1701	mea	
8-84	1701-1702	.	
8-85	1703-1704	9	
8-86	1705-1712	Pulchræ	
8-87	1713-1717	sunt	
8-88	1718-1722	genæ	
8-89	1723-1726	tuæ	
8-90	1727-1732	sicut	
8-91	1733-1741	turturis	
8-92	1742-1743	;	
8-93	1744-1750	collum	
8-94	1751-1755	tuum	
8-95	1756-1761	sicut	
8-96	1762-1769	monilia	
8-97	1769-1770	.	
