#FORMAT=WebAnno TSV 3.3


#Text=3655 pont 12 loot gout.
#Text=
#Text=100 talenten
#Text=1775 sikelen silver Beloopende in de heden-daeghse wicht ontrent
#Text=12573
#Text=pont 31 loot silver.
#Text=
#Text=70 talenten
#Text=2400 sikelen koper Beloopende in de heden-daeghse wicht ontrent 8850 pont-loot koper.
1-1	2-6	3655	
1-2	7-11	pont	
1-3	12-14	12	
1-4	15-19	loot	
1-5	20-24	gout	
1-6	24-25	.	
1-7	27-30	100	
1-8	31-39	talenten	
1-9	40-44	1775	
1-10	45-52	sikelen	
1-11	53-59	silver	
1-12	60-70	Beloopende	
1-13	71-73	in	
1-14	74-76	de	
1-15	77-90	heden-daeghse	
1-16	91-96	wicht	
1-17	97-104	ontrent	
1-18	105-110	12573	
1-19	111-115	pont	
1-20	116-118	31	
1-21	119-123	loot	
1-22	124-130	silver	
1-23	130-131	.	
1-24	133-135	70	
1-25	136-144	talenten	
1-26	145-149	2400	
1-27	150-157	sikelen	
1-28	158-163	koper	
1-29	164-174	Beloopende	
1-30	175-177	in	
1-31	178-180	de	
1-32	181-194	heden-daeghse	
1-33	195-200	wicht	
1-34	201-208	ontrent	
1-35	209-213	8850	
1-36	214-223	pont-loot	
1-37	224-229	koper	
1-38	229-230	.	

#Text=Behalven
#Text=het Laken, Sijde, Vellen, Olie, Specerijen ende verscheyden kostelicke gesteenten:
#Text=den Tabernakel gereet zijnde, wert aldaer voor d’eerste reyse opgestelt, in ’t tweede jaer na den uyttocht, op den eersten dagh der eerster maent;
#Text=den Altaer is door Mose gesalft ende geheylight, alsoo rustte van die tijt af de Wolcke des Heeren boven den Tabernakel des daeghs, doch des nachts als een vyer-vlamme verlichten hy het gantsche leger: de Oudtste des volcks brachten een vrywillige gifte tot de inwijdinge des Altaers, te weten ses overdeckte wagens met twaelf runderen daer voor, voorts aen goude reuckschalen, silvere schotelen, en sprenghbeckens, een gewichte van hondert en twintigh sikelen, dat is vijf pont Gout, item twee duysent en vier hondert sikelen ofte hondert pont silver, ses en dertigh varren, rammen, eenjarige lammeren, ende geytebocken, van yeder soorte twee en seventigh.
2-1	232-240	Behalven	
2-2	241-244	het	
2-3	245-250	Laken	
2-4	250-251	,	
2-5	252-257	Sijde	
2-6	257-258	,	
2-7	259-265	Vellen	
2-8	265-266	,	
2-9	267-271	Olie	
2-10	271-272	,	
2-11	273-283	Specerijen	
2-12	284-288	ende	
2-13	289-300	verscheyden	
2-14	301-311	kostelicke	
2-15	312-322	gesteenten	
2-16	322-323	:	
2-17	324-327	den	
2-18	328-338	Tabernakel	
2-19	339-345	gereet	
2-20	346-352	zijnde	
2-21	352-353	,	
2-22	354-358	wert	
2-23	359-365	aldaer	
2-24	366-370	voor	
2-25	371-372	d	
2-26	372-373	’	
2-27	373-379	eerste	
2-28	380-385	reyse	
2-29	386-395	opgestelt	
2-30	395-396	,	
2-31	397-399	in	
2-32	400-401	’	
2-33	401-402	t	
2-34	403-409	tweede	
2-35	410-414	jaer	
2-36	415-417	na	
2-37	418-421	den	
2-38	422-430	uyttocht	
2-39	430-431	,	
2-40	432-434	op	
2-41	435-438	den	
2-42	439-446	eersten	
2-43	447-451	dagh	
2-44	452-455	der	
2-45	456-463	eerster	
2-46	464-469	maent	
2-47	469-470	;	
2-48	471-474	den	
2-49	475-481	Altaer	
2-50	482-484	is	
2-51	485-489	door	
2-52	490-494	Mose	
2-53	495-502	gesalft	
2-54	503-507	ende	
2-55	508-518	geheylight	
2-56	518-519	,	
2-57	520-525	alsoo	
2-58	526-532	rustte	
2-59	533-536	van	
2-60	537-540	die	
2-61	541-545	tijt	
2-62	546-548	af	
2-63	549-551	de	
2-64	552-558	Wolcke	
2-65	559-562	des	
2-66	563-569	Heeren	
2-67	570-575	boven	
2-68	576-579	den	
2-69	580-590	Tabernakel	
2-70	591-594	des	
2-71	595-601	daeghs	
2-72	601-602	,	
2-73	603-607	doch	
2-74	608-611	des	
2-75	612-618	nachts	
2-76	619-622	als	
2-77	623-626	een	
2-78	627-638	vyer-vlamme	
2-79	639-649	verlichten	
2-80	650-652	hy	
2-81	653-656	het	
2-82	657-665	gantsche	
2-83	666-671	leger	
2-84	671-672	:	
2-85	673-675	de	
2-86	676-683	Oudtste	
2-87	684-687	des	
2-88	688-694	volcks	
2-89	695-703	brachten	
2-90	704-707	een	
2-91	708-718	vrywillige	
2-92	719-724	gifte	
2-93	725-728	tot	
2-94	729-731	de	
2-95	732-742	inwijdinge	
2-96	743-746	des	
2-97	747-754	Altaers	
2-98	754-755	,	
2-99	756-758	te	
2-100	759-764	weten	
2-101	765-768	ses	
2-102	769-779	overdeckte	
2-103	780-786	wagens	
2-104	787-790	met	
2-105	791-797	twaelf	
2-106	798-806	runderen	
2-107	807-811	daer	
2-108	812-816	voor	
2-109	816-817	,	
2-110	818-824	voorts	
2-111	825-828	aen	
2-112	829-834	goude	
2-113	835-847	reuckschalen	
2-114	847-848	,	
2-115	849-856	silvere	
2-116	857-866	schotelen	
2-117	866-867	,	
2-118	868-870	en	
2-119	871-885	sprenghbeckens	
2-120	885-886	,	
2-121	887-890	een	
2-122	891-899	gewichte	
2-123	900-903	van	
2-124	904-911	hondert	
2-125	912-914	en	
2-126	915-923	twintigh	
2-127	924-931	sikelen	
2-128	931-932	,	
2-129	933-936	dat	
2-130	937-939	is	
2-131	940-944	vijf	
2-132	945-949	pont	
2-133	950-954	Gout	
2-134	954-955	,	
2-135	956-960	item	
2-136	961-965	twee	
2-137	966-973	duysent	
2-138	974-976	en	
2-139	977-981	vier	
2-140	982-989	hondert	
2-141	990-997	sikelen	
2-142	998-1002	ofte	
2-143	1003-1010	hondert	
2-144	1011-1015	pont	
2-145	1016-1022	silver	
2-146	1022-1023	,	
2-147	1024-1027	ses	
2-148	1028-1030	en	
2-149	1031-1038	dertigh	
2-150	1039-1045	varren	
2-151	1045-1046	,	
2-152	1047-1053	rammen	
2-153	1053-1054	,	
2-154	1055-1064	eenjarige	
2-155	1065-1073	lammeren	
2-156	1073-1074	,	
2-157	1075-1079	ende	
2-158	1080-1091	geytebocken	
2-159	1091-1092	,	
2-160	1093-1096	van	
2-161	1097-1102	yeder	
2-162	1103-1109	soorte	
2-163	1110-1114	twee	
2-164	1115-1117	en	
2-165	1118-1127	seventigh	
2-166	1127-1128	.	

#Text=Mose dede oock tellen de Leviten van een maendt oudt, ende daer boven, zijnde in getale twee en twintigh duysent.
3-1	1129-1133	Mose	
3-2	1134-1138	dede	
3-3	1139-1143	oock	
3-4	1144-1150	tellen	
3-5	1151-1153	de	
3-6	1154-1161	Leviten	
3-7	1162-1165	van	
3-8	1166-1169	een	
3-9	1170-1176	maendt	
3-10	1177-1181	oudt	
3-11	1181-1182	,	
3-12	1183-1187	ende	
3-13	1188-1192	daer	
3-14	1193-1198	boven	
3-15	1198-1199	,	
3-16	1200-1206	zijnde	
3-17	1207-1209	in	
3-18	1210-1216	getale	
3-19	1217-1221	twee	
3-20	1222-1224	en	
3-21	1225-1233	twintigh	
3-22	1234-1241	duysent	
3-23	1241-1242	.	

#Text=Waer by noch getelt werden de Priesters, mitsgaders de eerstgeborenen die den Heere geheylight waren drie hondert.
4-1	1243-1247	Waer	
4-2	1248-1250	by	
4-3	1251-1255	noch	
4-4	1256-1262	getelt	
4-5	1263-1269	werden	
4-6	1270-1272	de	
4-7	1273-1282	Priesters	
4-8	1282-1283	,	
4-9	1284-1294	mitsgaders	
4-10	1295-1297	de	
4-11	1298-1312	eerstgeborenen	
4-12	1313-1316	die	
4-13	1317-1320	den	
4-14	1321-1326	Heere	
4-15	1327-1337	geheylight	
4-16	1338-1343	waren	
4-17	1344-1348	drie	
4-18	1349-1356	hondert	
4-19	1356-1357	.	

#Text=Soo dat de voorgetelde neffens dese Priesters, Leviten en eerstgeboren uytbrachten, een getal van ses hondert en vijf en twintigh duysent, acht hondert en vijftigh, alle manspersoonen, behalven noch alle minderjarige knechtkens beneden de twintigh jaren oudt, vrouwen ende dochters, die buyten twijffel noch een overgroot getal hebben uytgebracht, soo dat met recht magh geseyt werden:
#Text=
#Text=O wonderbare Godt!
5-1	1358-1361	Soo	
5-2	1362-1365	dat	
5-3	1366-1368	de	
5-4	1369-1380	voorgetelde	
5-5	1381-1388	neffens	
5-6	1389-1393	dese	
5-7	1394-1403	Priesters	
5-8	1403-1404	,	
5-9	1405-1412	Leviten	
5-10	1413-1415	en	
5-11	1416-1428	eerstgeboren	
5-12	1429-1440	uytbrachten	
5-13	1440-1441	,	
5-14	1442-1445	een	
5-15	1446-1451	getal	
5-16	1452-1455	van	
5-17	1456-1459	ses	
5-18	1460-1467	hondert	
5-19	1468-1470	en	
5-20	1471-1475	vijf	
5-21	1476-1478	en	
5-22	1479-1487	twintigh	
5-23	1488-1495	duysent	
5-24	1495-1496	,	
5-25	1497-1501	acht	
5-26	1502-1509	hondert	
5-27	1510-1512	en	
5-28	1513-1521	vijftigh	
5-29	1521-1522	,	
5-30	1523-1527	alle	
5-31	1528-1541	manspersoonen	
5-32	1541-1542	,	
5-33	1543-1551	behalven	
5-34	1552-1556	noch	
5-35	1557-1561	alle	
5-36	1562-1574	minderjarige	
5-37	1575-1585	knechtkens	
5-38	1586-1593	beneden	
5-39	1594-1596	de	
5-40	1597-1605	twintigh	
5-41	1606-1611	jaren	
5-42	1612-1616	oudt	
5-43	1616-1617	,	
5-44	1618-1625	vrouwen	
5-45	1626-1630	ende	
5-46	1631-1639	dochters	
5-47	1639-1640	,	
5-48	1641-1644	die	
5-49	1645-1651	buyten	
5-50	1652-1660	twijffel	
5-51	1661-1665	noch	
5-52	1666-1669	een	
5-53	1670-1679	overgroot	
5-54	1680-1685	getal	
5-55	1686-1692	hebben	
5-56	1693-1704	uytgebracht	
5-57	1704-1705	,	
5-58	1706-1709	soo	
5-59	1710-1713	dat	
5-60	1714-1717	met	
5-61	1718-1723	recht	
5-62	1724-1728	magh	
5-63	1729-1735	geseyt	
5-64	1736-1742	werden	
5-65	1742-1743	:	
5-66	1745-1746	O	
5-67	1747-1757	wonderbare	
5-68	1758-1762	Godt	
5-69	1762-1763	!	

#Text=die soo veel volck kan spijsen,
#Text=
#Text=In ’t onvruchtbare lant in ’t woeste dorre pleyn,
#Text=Daer niet en wies noch was:
#Text=wie kan genoegh u prijsen?
6-1	1764-1767	die	
6-2	1768-1771	soo	
6-3	1772-1776	veel	
6-4	1777-1782	volck	
6-5	1783-1786	kan	
6-6	1787-1794	spijsen	
6-7	1794-1795	,	
6-8	1797-1799	In	
6-9	1800-1801	’	
6-10	1801-1802	t	
6-11	1803-1815	onvruchtbare	
6-12	1816-1820	lant	
6-13	1821-1823	in	
6-14	1824-1825	’	
6-15	1825-1826	t	
6-16	1827-1833	woeste	
6-17	1834-1839	dorre	
6-18	1840-1845	pleyn	
6-19	1845-1846	,	
6-20	1847-1851	Daer	
6-21	1852-1856	niet	
6-22	1857-1859	en	
6-23	1860-1864	wies	
6-24	1865-1869	noch	
6-25	1870-1873	was	
6-26	1873-1874	:	
6-27	1875-1878	wie	
6-28	1879-1882	kan	
6-29	1883-1890	genoegh	
6-30	1891-1892	u	
6-31	1893-1900	prijsen	
6-32	1900-1901	?	

#Text=Dit overgroot getal hier toe is veel te kleyn.
7-1	1904-1907	Dit	
7-2	1908-1917	overgroot	
7-3	1918-1923	getal	
7-4	1924-1928	hier	
7-5	1929-1932	toe	
7-6	1933-1935	is	
7-7	1936-1940	veel	
7-8	1941-1943	te	
7-9	1944-1949	kleyn	
7-10	1949-1950	.	
