#FORMAT=WebAnno TSV 3.3


#Text=De moerasziekten komen juist in die jaargetijden voor, die het gunstigste zijn voor het ontstaan van een miasma.
1-1	2-4	De	
1-2	5-18	moerasziekten	
1-3	19-24	komen	
1-4	25-30	juist	
1-5	31-33	in	
1-6	34-37	die	
1-7	38-50	jaargetijden	
1-8	51-55	voor	
1-9	55-56	,	
1-10	57-60	die	
1-11	61-64	het	
1-12	65-75	gunstigste	
1-13	76-80	zijn	
1-14	81-85	voor	
1-15	86-89	het	
1-16	90-98	ontstaan	
1-17	99-102	van	
1-18	103-106	een	
1-19	107-113	miasma	
1-20	113-114	.	

#Text=De tijden van den dag, waarop de moeraslucht het gevaarlijkste is, bewijzen juist, dat het moerasgif daar als schadelijk beginsel werkzaam is.
2-1	115-117	De	
2-2	118-124	tijden	
2-3	125-128	van	
2-4	129-132	den	
2-5	133-136	dag	
2-6	136-137	,	
2-7	138-144	waarop	
2-8	145-147	de	
2-9	148-159	moeraslucht	
2-10	160-163	het	
2-11	164-177	gevaarlijkste	
2-12	178-180	is	
2-13	180-181	,	
2-14	182-190	bewijzen	
2-15	191-196	juist	
2-16	196-197	,	
2-17	198-201	dat	
2-18	202-205	het	
2-19	206-215	moerasgif	
2-20	216-220	daar	
2-21	221-224	als	
2-22	225-235	schadelijk	
2-23	236-244	beginsel	
2-24	245-253	werkzaam	
2-25	254-256	is	
2-26	256-257	.	

#Text=Stell.
#Text=3.
3-1	259-264	Stell	
3-2	264-265	.	
3-3	266-267	3	
3-4	267-268	.	

#Text=Het wezen, zoowel als de vorm en het beeld der moeraskoortsen pleiten daarvoor, dat die ziekten uit een bepaald nadeelig beginsel ontstaan.
4-1	269-272	Het	
4-2	273-278	wezen	
4-3	278-279	,	
4-4	280-286	zoowel	
4-5	287-290	als	
4-6	291-293	de	
4-7	294-298	vorm	
4-8	299-301	en	
4-9	302-305	het	
4-10	306-311	beeld	
4-11	312-315	der	
4-12	316-330	moeraskoortsen	
4-13	331-338	pleiten	
4-14	339-347	daarvoor	
4-15	347-348	,	
4-16	349-352	dat	
4-17	353-356	die	
4-18	357-364	ziekten	
4-19	365-368	uit	
4-20	369-372	een	
4-21	373-380	bepaald	
4-22	381-389	nadeelig	
4-23	390-398	beginsel	
4-24	399-407	ontstaan	
4-25	407-408	.	

#Text=Stell.
#Text=4.
5-1	410-415	Stell	
5-2	415-416	.	
5-3	417-418	4	
5-4	418-419	.	

#Text=De ziekten van moerasstreken staan, wat hare kwaadaardigheid betreft, in regtstreeksche verhouding tot de omstandigheden, die het ontstaan van een moerasgif kunnen bevorderen.
6-1	420-422	De	
6-2	423-430	ziekten	
6-3	431-434	van	
6-4	435-448	moerasstreken	
6-5	449-454	staan	
6-6	454-455	,	
6-7	456-459	wat	
6-8	460-464	hare	
6-9	465-480	kwaadaardigheid	
6-10	481-488	betreft	
6-11	488-489	,	
6-12	490-492	in	
6-13	493-507	regtstreeksche	
6-14	508-518	verhouding	
6-15	519-522	tot	
6-16	523-525	de	
6-17	526-540	omstandigheden	
6-18	540-541	,	
6-19	542-545	die	
6-20	546-549	het	
6-21	550-558	ontstaan	
6-22	559-562	van	
6-23	563-566	een	
6-24	567-576	moerasgif	
6-25	577-583	kunnen	
6-26	584-594	bevorderen	
6-27	594-595	.	

#Text=Stell.
#Text=5.
7-1	597-602	Stell	
7-2	602-603	.	
7-3	604-605	5	
7-4	605-606	.	

#Text=De algemeen heerschende epidemische ziekten verloopen in moerasstreken zoodanig, dat de bijzondere invloed dier uitwasemingen niet te miskennen is.
8-1	607-609	De	
8-2	610-618	algemeen	
8-3	619-630	heerschende	
8-4	631-642	epidemische	
8-5	643-650	ziekten	
8-6	651-660	verloopen	
8-7	661-663	in	
8-8	664-677	moerasstreken	
8-9	678-686	zoodanig	
8-10	686-687	,	
8-11	688-691	dat	
8-12	692-694	de	
8-13	695-705	bijzondere	
8-14	706-713	invloed	
8-15	714-718	dier	
8-16	719-732	uitwasemingen	
8-17	733-737	niet	
8-18	738-740	te	
8-19	741-750	miskennen	
8-20	751-753	is	
8-21	753-754	.	

#Text=Stell.
#Text=6.
9-1	756-761	Stell	
9-2	761-762	.	
9-3	763-764	6	
9-4	764-765	.	

#Text=Menschen, die slechts weinige oogenblikken de moeraslucht inademen, op dien tijd, dat de invloed van de uitwasemingen het meest te vreezen is, worden plotseling door de moeraskoortsen aangedaan.
10-1	766-774	Menschen	
10-2	774-775	,	
10-3	776-779	die	
10-4	780-787	slechts	
10-5	788-795	weinige	
10-6	796-808	oogenblikken	
10-7	809-811	de	
10-8	812-823	moeraslucht	
10-9	824-832	inademen	
10-10	832-833	,	
10-11	834-836	op	
10-12	837-841	dien	
10-13	842-846	tijd	
10-14	846-847	,	
10-15	848-851	dat	
10-16	852-854	de	
10-17	855-862	invloed	
10-18	863-866	van	
10-19	867-869	de	
10-20	870-883	uitwasemingen	
10-21	884-887	het	
10-22	888-893	meest	
10-23	894-896	te	
10-24	897-904	vreezen	
10-25	905-907	is	
10-26	907-908	,	
10-27	909-915	worden	
10-28	916-926	plotseling	
10-29	927-931	door	
10-30	932-934	de	
10-31	935-949	moeraskoortsen	
10-32	950-959	aangedaan	
10-33	959-960	.	

#Text=Stell.
#Text=7.
11-1	962-967	Stell	
11-2	967-968	.	
11-3	969-970	7	
11-4	970-971	.	

#Text=De bijzondere omstandigheden, die de werking der moeraslucht tegengaan, zoowel als het goede gevolg van eenige voorzigtigheidsmaatregelen, die de bewoners in moerasstreken plegen te nemen, zijn bewijzen voor het stoffelijke van den invloed dier uitwasemingen.
12-1	972-974	De	
12-2	975-985	bijzondere	
12-3	986-1000	omstandigheden	
12-4	1000-1001	,	
12-5	1002-1005	die	
12-6	1006-1008	de	
12-7	1009-1016	werking	
12-8	1017-1020	der	
12-9	1021-1032	moeraslucht	
12-10	1033-1042	tegengaan	
12-11	1042-1043	,	
12-12	1044-1050	zoowel	
12-13	1051-1054	als	
12-14	1055-1058	het	
12-15	1059-1064	goede	
12-16	1065-1071	gevolg	
12-17	1072-1075	van	
12-18	1076-1082	eenige	
12-19	1083-1109	voorzigtigheidsmaatregelen	
12-20	1109-1110	,	
12-21	1111-1114	die	
12-22	1115-1117	de	
12-23	1118-1126	bewoners	
12-24	1127-1129	in	
12-25	1130-1143	moerasstreken	
12-26	1144-1150	plegen	
12-27	1151-1153	te	
12-28	1154-1159	nemen	
12-29	1159-1160	,	
12-30	1161-1165	zijn	
12-31	1166-1174	bewijzen	
12-32	1175-1179	voor	
12-33	1180-1183	het	
12-34	1184-1195	stoffelijke	
12-35	1196-1199	van	
12-36	1200-1203	den	
12-37	1204-1211	invloed	
12-38	1212-1216	dier	
12-39	1217-1230	uitwasemingen	
12-40	1230-1231	.	

#Text=Stell.
#Text=8.
13-1	1233-1238	Stell	
13-2	1238-1239	.	
13-3	1240-1241	8	
13-4	1241-1242	.	

#Text=Zij, die zich eenigen tijd in moerasstreken opgehouden hebben, dragen de kiemen der koortsen somwijlen met zich en worden zelfs dan, wanneer zij die plaatsen reeds verlaten hebben, er nog door aangetast.
14-1	1243-1246	Zij	
14-2	1246-1247	,	
14-3	1248-1251	die	
14-4	1252-1256	zich	
14-5	1257-1264	eenigen	
14-6	1265-1269	tijd	
14-7	1270-1272	in	
14-8	1273-1286	moerasstreken	
14-9	1287-1297	opgehouden	
14-10	1298-1304	hebben	
14-11	1304-1305	,	
14-12	1306-1312	dragen	
14-13	1313-1315	de	
14-14	1316-1322	kiemen	
14-15	1323-1326	der	
14-16	1327-1335	koortsen	
14-17	1336-1345	somwijlen	
14-18	1346-1349	met	
14-19	1350-1354	zich	
14-20	1355-1357	en	
14-21	1358-1364	worden	
14-22	1365-1370	zelfs	
14-23	1371-1374	dan	
14-24	1374-1375	,	
14-25	1376-1383	wanneer	
14-26	1384-1387	zij	
14-27	1388-1391	die	
14-28	1392-1400	plaatsen	
14-29	1401-1406	reeds	
14-30	1407-1415	verlaten	
14-31	1416-1422	hebben	
14-32	1422-1423	,	
14-33	1424-1426	er	
14-34	1427-1430	nog	
14-35	1431-1435	door	
14-36	1436-1445	aangetast	
14-37	1445-1446	.	
