#FORMAT=WebAnno TSV 3.3


#Text=Vti vero amara acidum cogens continent cum ignescente pr.
#Text=mixtum, ita Dulcia magis acidum tenue .
#Text=quale falis marini in Regno minerali, aut tartari in R, vegetabili est, habent, fed cum viscoso intime coniunctum.
1-1	2-5	Vti	
1-2	6-10	vero	
1-3	11-16	amara	
1-4	17-23	acidum	
1-5	24-30	cogens	
1-6	31-40	continent	
1-7	41-44	cum	
1-8	45-55	ignescente	
1-9	56-58	pr	
1-10	58-59	.	
1-11	60-66	mixtum	
1-12	66-67	,	
1-13	68-71	ita	
1-14	72-78	Dulcia	
1-15	79-84	magis	
1-16	85-91	acidum	
1-17	92-97	tenue	
1-18	98-99	.	
1-19	100-105	quale	
1-20	106-111	falis	
1-21	112-118	marini	
1-22	119-121	in	
1-23	122-127	Regno	
1-24	128-136	minerali	
1-25	136-137	,	
1-26	138-141	aut	
1-27	142-149	tartari	
1-28	150-152	in	
1-29	153-154	R	
1-30	154-155	,	
1-31	156-166	vegetabili	
1-32	167-170	est	
1-33	170-171	,	
1-34	172-178	habent	
1-35	178-179	,	
1-36	180-183	fed	
1-37	184-187	cum	
1-38	188-195	viscoso	
1-39	196-202	intime	
1-40	203-213	coniunctum	
1-41	213-214	.	

#Text=Analysis fachari hoc docet: fi quis vero luculentius velit argumentom, conficiat facharum lactis.
2-1	215-223	Analysis	
2-2	224-231	fachari	
2-3	232-235	hoc	
2-4	236-241	docet	
2-5	241-242	:	
2-6	243-245	fi	
2-7	246-250	quis	
2-8	251-255	vero	
2-9	256-267	luculentius	
2-10	268-273	velit	
2-11	274-284	argumentom	
2-12	284-285	,	
2-13	286-295	conficiat	
2-14	296-304	facharum	
2-15	305-311	lactis	
2-16	311-312	.	

#Text=Sal lactis cum sero et aqua dilutum acidum eft: fi infpiffatur ita , vt terra -viscofa animalis admisceatur, facharum eft: fi iterum diffoluitur facharum per fermentationem , acidum feparatur a terra viscosa,
#Text=
#Text=et acidus fapor loco dulcis fit.
3-1	313-316	Sal	
3-2	317-323	lactis	
3-3	324-327	cum	
3-4	328-332	sero	
3-5	333-335	et	
3-6	336-340	aqua	
3-7	341-348	dilutum	
3-8	349-355	acidum	
3-9	356-359	eft	
3-10	359-360	:	
3-11	361-363	fi	
3-12	364-375	infpiffatur	
3-13	376-379	ita	
3-14	380-381	,	
3-15	382-384	vt	
3-16	385-390	terra	
3-17	391-392	-	
3-18	392-399	viscofa	
3-19	400-408	animalis	
3-20	409-420	admisceatur	
3-21	420-421	,	
3-22	422-430	facharum	
3-23	431-434	eft	
3-24	434-435	:	
3-25	436-438	fi	
3-26	439-445	iterum	
3-27	446-457	diffoluitur	
3-28	458-466	facharum	
3-29	467-470	per	
3-30	471-485	fermentationem	
3-31	486-487	,	
3-32	488-494	acidum	
3-33	495-504	feparatur	
3-34	505-506	a	
3-35	507-512	terra	
3-36	513-520	viscosa	
3-37	520-521	,	
3-38	523-525	et	
3-39	526-532	acidus	
3-40	533-538	fapor	
3-41	539-543	loco	
3-42	544-550	dulcis	
3-43	551-554	fit	
3-44	554-555	.	

#Text=Odorem talem dulcem continet rad, vincetoxici : pertinet quoque huc acido-dulcis in fructibus.
4-1	556-562	Odorem	
4-2	563-568	talem	
4-3	569-575	dulcem	
4-4	576-584	continet	
4-5	585-588	rad	
4-6	588-589	,	
4-7	590-601	vincetoxici	
4-8	602-603	:	
4-9	604-612	pertinet	
4-10	613-619	quoque	
4-11	620-623	huc	
4-12	624-636	acido-dulcis	
4-13	637-639	in	
4-14	640-649	fructibus	
4-15	649-650	.	

#Text=Cum vero acidum ex plantis efferri et a naribus sentiri poffit, cur non tenuiffimum fal ammoniacale, cum acido craflius fit, fentiri posset?
5-1	651-654	Cum	
5-2	655-659	vero	
5-3	660-666	acidum	
5-4	667-669	ex	
5-5	670-677	plantis	
5-6	678-685	efferri	
5-7	686-688	et	
5-8	689-690	a	
5-9	691-698	naribus	
5-10	699-706	sentiri	
5-11	707-713	poffit	
5-12	713-714	,	
5-13	715-718	cur	
5-14	719-722	non	
5-15	723-734	tenuiffimum	
5-16	735-738	fal	
5-17	739-750	ammoniacale	
5-18	750-751	,	
5-19	752-755	cum	
5-20	756-761	acido	
5-21	762-770	craflius	
5-22	771-774	fit	
5-23	774-775	,	
5-24	776-783	fentiri	
5-25	784-790	posset	
5-26	790-791	?	

#Text=Purum fal vrinosum volatile omnes deprehendunt per odorem in fpiritu falis armoniaci, vrinae, cornu cerui.
6-1	792-797	Purum	
6-2	798-801	fal	
6-3	802-810	vrinosum	
6-4	811-819	volatile	
6-5	820-825	omnes	
6-6	826-838	deprehendunt	
6-7	839-842	per	
6-8	843-849	odorem	
6-9	850-852	in	
6-10	853-860	fpiritu	
6-11	861-866	falis	
6-12	867-876	armoniaci	
6-13	876-877	,	
6-14	878-884	vrinae	
6-15	884-885	,	
6-16	886-891	cornu	
6-17	892-897	cerui	
6-18	897-898	.	

#Text=Nonne idem in multis plantis e le verifimile eft ?
7-1	899-904	Nonne	
7-2	905-909	idem	
7-3	910-912	in	
7-4	913-919	multis	
7-5	920-927	plantis	
7-6	928-929	e	
7-7	930-932	le	
7-8	933-943	verifimile	
7-9	944-947	eft	
7-10	948-949	?	

#Text=Certe verifimillimum est, idem fal, fed diuersis aliis partibus modificatum yolatile redditum effe in nasturcinis, alliaceis, ymbelliferis multis non refinofis; non
#Text=
#Text=
#Text=
#Text=fo.
8-1	950-955	Certe	
8-2	956-970	verifimillimum	
8-3	971-974	est	
8-4	974-975	,	
8-5	976-980	idem	
8-6	981-984	fal	
8-7	984-985	,	
8-8	986-989	fed	
8-9	990-998	diuersis	
8-10	999-1004	aliis	
8-11	1005-1013	partibus	
8-12	1014-1025	modificatum	
8-13	1026-1034	yolatile	
8-14	1035-1043	redditum	
8-15	1044-1048	effe	
8-16	1049-1051	in	
8-17	1052-1063	nasturcinis	
8-18	1063-1064	,	
8-19	1065-1074	alliaceis	
8-20	1074-1075	,	
8-21	1076-1088	ymbelliferis	
8-22	1089-1095	multis	
8-23	1096-1099	non	
8-24	1100-1109	refinofis	
8-25	1109-1110	;	
8-26	1111-1114	non	
8-27	1118-1120	fo	
8-28	1120-1121	.	

#Text=B 3
#Text=
#Text=
#Text=
#Text=
#Text=
#Text=solum, quia haec examini chemico subiecta plurimum fal volatile vrinofum etiam spontaneum et non per ignis torturam produétum largiuntur, fed etiam , quia hic odor cum aliis odoribus comparatus etiam sensu interno ipfo iudice ad nullum aliud genus odorum referri commodius poteft, quam ad salinum medium volatilem.'
9-1	1122-1123	B	
9-2	1124-1125	3	
9-3	1131-1136	solum	
9-4	1136-1137	,	
9-5	1138-1142	quia	
9-6	1143-1147	haec	
9-7	1148-1155	examini	
9-8	1156-1163	chemico	
9-9	1164-1172	subiecta	
9-10	1173-1181	plurimum	
9-11	1182-1185	fal	
9-12	1186-1194	volatile	
9-13	1195-1203	vrinofum	
9-14	1204-1209	etiam	
9-15	1210-1220	spontaneum	
9-16	1221-1223	et	
9-17	1224-1227	non	
9-18	1228-1231	per	
9-19	1232-1237	ignis	
9-20	1238-1246	torturam	
9-21	1247-1256	produétum	
9-22	1257-1267	largiuntur	
9-23	1267-1268	,	
9-24	1269-1272	fed	
9-25	1273-1278	etiam	
9-26	1279-1280	,	
9-27	1281-1285	quia	
9-28	1286-1289	hic	
9-29	1290-1294	odor	
9-30	1295-1298	cum	
9-31	1299-1304	aliis	
9-32	1305-1313	odoribus	
9-33	1314-1324	comparatus	
9-34	1325-1330	etiam	
9-35	1331-1336	sensu	
9-36	1337-1344	interno	
9-37	1345-1349	ipfo	
9-38	1350-1356	iudice	
9-39	1357-1359	ad	
9-40	1360-1366	nullum	
9-41	1367-1372	aliud	
9-42	1373-1378	genus	
9-43	1379-1385	odorum	
9-44	1386-1393	referri	
9-45	1394-1403	commodius	
9-46	1404-1410	poteft	
9-47	1410-1411	,	
9-48	1412-1416	quam	
9-49	1417-1419	ad	
9-50	1420-1427	salinum	
9-51	1428-1434	medium	
9-52	1435-1444	volatilem	
9-53	1444-1445	.	
9-54	1445-1446	'	

#Text=Di.
#Text=ftingui potest.
#Text=acre et blandum in iis , tenue et crassum, diductum et concentratum.
10-1	1447-1449	Di	
10-2	1449-1450	.	
10-3	1451-1458	ftingui	
10-4	1459-1465	potest	
10-5	1465-1466	.	
10-6	1467-1471	acre	
10-7	1472-1474	et	
10-8	1475-1482	blandum	
10-9	1483-1485	in	
10-10	1486-1489	iis	
10-11	1490-1491	,	
10-12	1492-1497	tenue	
10-13	1498-1500	et	
10-14	1501-1508	crassum	
10-15	1508-1509	,	
10-16	1510-1518	diductum	
10-17	1519-1521	et	
10-18	1522-1534	concentratum	
10-19	1534-1535	.	

#Text=Plurimi quoque odores hircini huc referri poffant, et quamuis hi odores omnes non eundem plane fenfum naribus exhiheant, id tamen exhibent certissime, vt intelligatur, magis fal volatile medium, quam aliam partem conftitutiuam in iis fuperare.
11-1	1536-1543	Plurimi	
11-2	1544-1550	quoque	
11-3	1551-1557	odores	
11-4	1558-1565	hircini	
11-5	1566-1569	huc	
11-6	1570-1577	referri	
11-7	1578-1585	poffant	
11-8	1585-1586	,	
11-9	1587-1589	et	
11-10	1590-1597	quamuis	
11-11	1598-1600	hi	
11-12	1601-1607	odores	
11-13	1608-1613	omnes	
11-14	1614-1617	non	
11-15	1618-1624	eundem	
11-16	1625-1630	plane	
11-17	1631-1637	fenfum	
11-18	1638-1645	naribus	
11-19	1646-1655	exhiheant	
11-20	1655-1656	,	
11-21	1657-1659	id	
11-22	1660-1665	tamen	
11-23	1666-1674	exhibent	
11-24	1675-1685	certissime	
11-25	1685-1686	,	
11-26	1687-1689	vt	
11-27	1690-1702	intelligatur	
11-28	1702-1703	,	
11-29	1704-1709	magis	
11-30	1710-1713	fal	
11-31	1714-1722	volatile	
11-32	1723-1729	medium	
11-33	1729-1730	,	
11-34	1731-1735	quam	
11-35	1736-1741	aliam	
11-36	1742-1748	partem	
11-37	1749-1762	conftitutiuam	
11-38	1763-1765	in	
11-39	1766-1769	iis	
11-40	1770-1778	fuperare	
11-41	1778-1779	.	

#Text=Sed aliis quoque argumentis hoc affertum poteft probari, quae ex ipfa fynthesi petuntur.
12-1	1780-1783	Sed	
12-2	1784-1789	aliis	
12-3	1790-1796	quoque	
12-4	1797-1807	argumentis	
12-5	1808-1811	hoc	
12-6	1812-1820	affertum	
12-7	1821-1827	poteft	
12-8	1828-1835	probari	
12-9	1835-1836	,	
12-10	1837-1841	quae	
12-11	1842-1844	ex	
12-12	1845-1849	ipfa	
12-13	1850-1858	fynthesi	
12-14	1859-1867	petuntur	
12-15	1867-1868	.	

#Text=Sic ex fale marino elici poteft sulphureum principium.
#Text=semiuolatile falsum, et hoc verum odorem allii refert.
13-1	1869-1872	Sic	
13-2	1873-1875	ex	
13-3	1876-1880	fale	
13-4	1881-1887	marino	
13-5	1888-1893	elici	
13-6	1894-1900	poteft	
13-7	1901-1911	sulphureum	
13-8	1912-1922	principium	
13-9	1922-1923	.	
13-10	1924-1936	semiuolatile	
13-11	1937-1943	falsum	
13-12	1943-1944	,	
13-13	1945-1947	et	
13-14	1948-1951	hoc	
13-15	1952-1957	verum	
13-16	1958-1964	odorem	
13-17	1965-1970	allii	
13-18	1971-1977	refert	
13-19	1977-1978	.	

#Text=Annon ex eodem fulphureo principio acidi falis marini .concentrati alliaceus odor in Arfenico oritur?
14-1	1979-1984	Annon	
14-2	1985-1987	ex	
14-3	1988-1993	eodem	
14-4	1994-2003	fulphureo	
14-5	2004-2013	principio	
14-6	2014-2019	acidi	
14-7	2020-2025	falis	
14-8	2026-2032	marini	
14-9	2033-2034	.	
14-10	2034-2045	concentrati	
14-11	2046-2055	alliaceus	
14-12	2056-2060	odor	
14-13	2061-2063	in	
14-14	2064-2072	Arfenico	
14-15	2073-2079	oritur	
14-16	2079-2080	?	

#Text=Nasturcinus odor oritur, fi acidum quoddam oleofum e. g. acetum faepius super tartarum vitriolatum abftrahitur vti faepius fapientiffimus RYDIGERVS praeceptor meus maxime venerandus in mat.
#Text=med.
15-1	2081-2092	Nasturcinus	
15-2	2093-2097	odor	
15-3	2098-2104	oritur	
15-4	2104-2105	,	
15-5	2106-2108	fi	
15-6	2109-2115	acidum	
15-7	2116-2123	quoddam	
15-8	2124-2131	oleofum	
15-9	2132-2133	e	
15-10	2133-2134	.	
15-11	2135-2136	g	
15-12	2136-2137	.	
15-13	2138-2144	acetum	
15-14	2145-2152	faepius	
15-15	2153-2158	super	
15-16	2159-2167	tartarum	
15-17	2168-2179	vitriolatum	
15-18	2180-2191	abftrahitur	
15-19	2192-2195	vti	
15-20	2196-2203	faepius	
15-21	2204-2218	fapientiffimus	
15-22	2219-2228	RYDIGERVS	
15-23	2229-2239	praeceptor	
15-24	2240-2244	meus	
15-25	2245-2251	maxime	
15-26	2252-2262	venerandus	
15-27	2263-2265	in	
15-28	2266-2269	mat	
15-29	2269-2270	.	
15-30	2271-2274	med	
15-31	2274-2275	.	
