#FORMAT=WebAnno TSV 3.3
#T_SP=custom.Span|label
#T_RL=custom.Relation|label|BT_custom.Span


#Text=Man läßt
#Text=die Maſſe erkalten, verdünnt mit Waſſer und neutraliſiert langſam und unter
#Text=beſtändigem Umrühren mit verdünntem Aetzammoniak.
1-1	2-5	Man	_	_	_	
1-2	6-10	läßt	_	_	_	
1-3	11-14	die	_	_	_	
1-4	15-20	Maſſe	_	_	_	
1-5	21-29	erkalten	_	_	_	
1-6	29-30	,	_	_	_	
1-7	31-39	verdünnt	_	_	_	
1-8	40-43	mit	_	_	_	
1-9	44-50	Waſſer	_	_	_	
1-10	51-54	und	_	_	_	
1-11	55-68	neutraliſiert	_	_	_	
1-12	69-76	langſam	_	_	_	
1-13	77-80	und	_	_	_	
1-14	81-86	unter	_	_	_	
1-15	87-98	beſtändigem	_	_	_	
1-16	99-107	Umrühren	_	_	_	
1-17	108-111	mit	_	_	_	
1-18	112-122	verdünntem	_	_	_	
1-19	123-135	Aetzammoniak	_	_	_	
1-20	135-136	.	_	_	_	

#Text=Man läßt über Nacht
#Text=
#Text=ſtehen;
#Text=am andern Morgen hat ſich das ſulfoleïnſaure Ammoniak abgeſchie-
#Text=den und wird nach ſeiner Trennung von der wäſſerigen ſalzigen Mutterlauge
#Text=durch wiederholtes Durchſchütteln mit konzentrierter Kochſalzlöſung gereinigt.
2-1	137-140	Man	_	_	_	
2-2	141-145	läßt	_	_	_	
2-3	146-150	über	_	_	_	
2-4	151-156	Nacht	_	_	_	
2-5	158-164	ſtehen	_	_	_	
2-6	164-165	;	_	_	_	
2-7	166-168	am	_	_	_	
2-8	169-175	andern	_	_	_	
2-9	176-182	Morgen	_	_	_	
2-10	183-186	hat	_	_	_	
2-11	187-191	ſich	_	_	_	
2-12	192-195	das	_	_	_	
2-13	196-210	ſulfoleïnſaure	_	_	_	
2-14	211-219	Ammoniak	_	_	_	
2-15	220-229	abgeſchie	_	_	_	
2-16	229-230	-	_	_	_	
2-17	231-234	den	_	_	_	
2-18	235-238	und	_	_	_	
2-19	239-243	wird	_	_	_	
2-20	244-248	nach	_	_	_	
2-21	249-255	ſeiner	_	_	_	
2-22	256-264	Trennung	_	_	_	
2-23	265-268	von	_	_	_	
2-24	269-272	der	_	_	_	
2-25	273-283	wäſſerigen	_	_	_	
2-26	284-292	ſalzigen	_	_	_	
2-27	293-304	Mutterlauge	_	_	_	
2-28	305-310	durch	_	_	_	
2-29	311-323	wiederholtes	_	_	_	
2-30	324-338	Durchſchütteln	_	_	_	
2-31	339-342	mit	_	_	_	
2-32	343-357	konzentrierter	_	_	_	
2-33	358-372	Kochſalzlöſung	_	_	_	
2-34	373-382	gereinigt	_	_	_	
2-35	382-383	.	_	_	_	

#Text=Im letztern Falle hätte man mindeſtens den Vorteil eines gleichmäßigen
#Text=Fabrikats.
3-1	386-388	Im	_	_	_	
3-2	389-397	letztern	_	_	_	
3-3	398-403	Falle	_	_	_	
3-4	404-409	hätte	_	_	_	
3-5	410-413	man	_	_	_	
3-6	414-424	mindeſtens	_	_	_	
3-7	425-428	den	_	_	_	
3-8	429-436	Vorteil	_	_	_	
3-9	437-442	eines	_	_	_	
3-10	443-456	gleichmäßigen	_	_	_	
3-11	457-466	Fabrikats	_	_	_	
3-12	466-467	.	_	_	_	

#Text=Die in den Handel gelangenden Fabrikate werden nach vonein-
#Text=ander abweichenden Vorſchriften gefertigt, und fallen ſehr verſchieden aus,
#Text=ſind ſogar nicht ſelten chemiſch ganz und gar verſchiedene Körper.
4-1	468-471	Die	_	_	_	
4-2	472-474	in	_	_	_	
4-3	475-478	den	_	_	_	
4-4	479-485	Handel	_	_	_	
4-5	486-497	gelangenden	_	_	_	
4-6	498-507	Fabrikate	_	_	_	
4-7	508-514	werden	_	_	_	
4-8	515-519	nach	_	_	_	
4-9	520-526	vonein	_	_	_	
4-10	526-527	-	_	_	_	
4-11	528-533	ander	_	_	_	
4-12	534-546	abweichenden	_	_	_	
4-13	547-559	Vorſchriften	_	_	_	
4-14	560-569	gefertigt	_	_	_	
4-15	569-570	,	_	_	_	
4-16	571-574	und	_	_	_	
4-17	575-581	fallen	_	_	_	
4-18	582-586	ſehr	_	_	_	
4-19	587-598	verſchieden	_	_	_	
4-20	599-602	aus	_	_	_	
4-21	602-603	,	_	_	_	
4-22	604-608	ſind	_	_	_	
4-23	609-614	ſogar	_	_	_	
4-24	615-620	nicht	_	_	_	
4-25	621-627	ſelten	_	_	_	
4-26	628-636	chemiſch	_	_	_	
4-27	637-641	ganz	_	_	_	
4-28	642-645	und	_	_	_	
4-29	646-649	gar	_	_	_	
4-30	650-662	verſchiedene	_	_	_	
4-31	663-669	Körper	_	_	_	
4-32	669-670	.	_	_	_	

#Text=Romen *)
#Text=
#Text=beſchreibt dasſelbe als „eine dickliche, ſyrupähnliche Flüſſigkeit, durchſcheinend,
#Text=klar, von gelblichrotem Anſehen, ähnlich einer ſehr konzentrierten Gummi-
#Text=löſung;
#Text=in Waſſer gegoſſen, bildet es mit dieſem ſofort eine innige Emul-
#Text=ſion von weißer oder ganz waſſerheller Farbe, welche im erſteren Falle genau
#Text=einer Oel- und Soda- oder Pottaſchenemulſion gleicht.
5-1	671-676	Romen	_	_	_	
5-2	677-678	*	_	_	_	
5-3	678-679	)	_	_	_	
5-4	681-691	beſchreibt	_	_	_	
5-5	692-700	dasſelbe	_	_	_	
5-6	701-704	als	_	_	_	
5-7	705-706	„	_	_	_	
5-8	706-710	eine	_	_	_	
5-9	711-720	dickliche	_	_	_	
5-10	720-721	,	_	_	_	
5-11	722-735	ſyrupähnliche	_	_	_	
5-12	736-747	Flüſſigkeit	_	_	_	
5-13	747-748	,	_	_	_	
5-14	749-763	durchſcheinend	_	_	_	
5-15	763-764	,	_	_	_	
5-16	765-769	klar	_	_	_	
5-17	769-770	,	_	_	_	
5-18	771-774	von	_	_	_	
5-19	775-788	gelblichrotem	_	_	_	
5-20	789-796	Anſehen	_	_	_	
5-21	796-797	,	_	_	_	
5-22	798-805	ähnlich	_	_	_	
5-23	806-811	einer	_	_	_	
5-24	812-816	ſehr	_	_	_	
5-25	817-831	konzentrierten	_	_	_	
5-26	832-837	Gummi	_	_	_	
5-27	837-838	-	_	_	_	
5-28	839-845	löſung	_	_	_	
5-29	845-846	;	_	_	_	
5-30	847-849	in	_	_	_	
5-31	850-856	Waſſer	_	_	_	
5-32	857-865	gegoſſen	_	_	_	
5-33	865-866	,	_	_	_	
5-34	867-873	bildet	_	_	_	
5-35	874-876	es	_	_	_	
5-36	877-880	mit	_	_	_	
5-37	881-887	dieſem	_	_	_	
5-38	888-894	ſofort	_	_	_	
5-39	895-899	eine	_	_	_	
5-40	900-906	innige	_	_	_	
5-41	907-911	Emul	_	_	_	
5-42	911-912	-	_	_	_	
5-43	913-917	ſion	_	_	_	
5-44	918-921	von	_	_	_	
5-45	922-928	weißer	_	_	_	
5-46	929-933	oder	_	_	_	
5-47	934-938	ganz	_	_	_	
5-48	939-951	waſſerheller	_	_	_	
5-49	952-957	Farbe	_	_	_	
5-50	957-958	,	_	_	_	
5-51	959-965	welche	_	_	_	
5-52	966-968	im	_	_	_	
5-53	969-977	erſteren	_	_	_	
5-54	978-983	Falle	_	_	_	
5-55	984-989	genau	_	_	_	
5-56	990-995	einer	_	_	_	
5-57	996-999	Oel	_	_	_	
5-58	999-1000	-	_	_	_	
5-59	1001-1004	und	_	_	_	
5-60	1005-1009	Soda	_	_	_	
5-61	1009-1010	-	_	_	_	
5-62	1011-1015	oder	_	_	_	
5-63	1016-1034	Pottaſchenemulſion	_	_	_	
5-64	1035-1042	gleicht	_	_	_	
5-65	1042-1043	.	_	_	_	

#Text=Es hat einen ſchar-
#Text=fen beißenden Geſchmack, einen fettigen, eigentümlich penetranten Geruch und
#Text=fühlt ſich wie ein mit Gummi verſetztes Oel an“.
6-1	1044-1046	Es	Smell\_Source	_	_	
6-2	1047-1050	hat	_	_	_	
6-3	1051-1056	einen	_	_	_	
6-4	1057-1062	ſchar	_	_	_	
6-5	1062-1063	-	_	_	_	
6-6	1064-1067	fen	_	_	_	
6-7	1068-1077	beißenden	_	_	_	
6-8	1078-1087	Geſchmack	_	_	_	
6-9	1087-1088	,	_	_	_	
6-10	1089-1094	einen	_	_	_	
6-11	1095-1103	fettigen	_	_	_	
6-12	1103-1104	,	_	_	_	
6-13	1105-1117	eigentümlich	Quality[1]	_	_	
6-14	1118-1129	penetranten	Quality[1]	_	_	
6-15	1130-1136	Geruch	Smell\_Word	*|*	6-13[1_0]|6-1	
6-16	1137-1140	und	_	_	_	
6-17	1141-1146	fühlt	_	_	_	
6-18	1147-1151	ſich	_	_	_	
6-19	1152-1155	wie	_	_	_	
6-20	1156-1159	ein	_	_	_	
6-21	1160-1163	mit	_	_	_	
6-22	1164-1169	Gummi	_	_	_	
6-23	1170-1180	verſetztes	_	_	_	
6-24	1181-1184	Oel	_	_	_	
6-25	1185-1187	an	_	_	_	
6-26	1187-1188	“	_	_	_	
6-27	1188-1189	.	_	_	_	

#Text=Ganswindt hingegen
#Text=
#Text=ſchildert ſie an oben bezeichneter Stelle als „neutrale, mehr oder minder dicke,
#Text=ſyrupähnliche, hellgelbe Flüſſigkeit vom ſpez.
7-1	1190-1199	Ganswindt	_	_	_	
7-2	1200-1208	hingegen	_	_	_	
7-3	1210-1219	ſchildert	_	_	_	
7-4	1220-1223	ſie	_	_	_	
7-5	1224-1226	an	_	_	_	
7-6	1227-1231	oben	_	_	_	
7-7	1232-1244	bezeichneter	_	_	_	
7-8	1245-1251	Stelle	_	_	_	
7-9	1252-1255	als	_	_	_	
7-10	1256-1257	„	_	_	_	
7-11	1257-1265	neutrale	_	_	_	
7-12	1265-1266	,	_	_	_	
7-13	1267-1271	mehr	_	_	_	
7-14	1272-1276	oder	_	_	_	
7-15	1277-1283	minder	_	_	_	
7-16	1284-1289	dicke	_	_	_	
7-17	1289-1290	,	_	_	_	
7-18	1291-1304	ſyrupähnliche	_	_	_	
7-19	1304-1305	,	_	_	_	
7-20	1306-1315	hellgelbe	_	_	_	
7-21	1316-1327	Flüſſigkeit	_	_	_	
7-22	1328-1331	vom	_	_	_	
7-23	1332-1336	ſpez	_	_	_	
7-24	1336-1337	.	_	_	_	

#Text=Gewicht 1,023;
#Text=ſie fühlt ſich
#Text=bei der erſten Berührung fettig an, beim Verreiben zwiſchen den Händen
#Text=hingegen merkt man ſofort, daß man es mit einer richtigen Seife zu thun
#Text=hat.
8-1	1338-1345	Gewicht	_	_	_	
8-2	1346-1351	1,023	_	_	_	
8-3	1351-1352	;	_	_	_	
8-4	1353-1356	ſie	_	_	_	
8-5	1357-1362	fühlt	_	_	_	
8-6	1363-1367	ſich	_	_	_	
8-7	1368-1371	bei	_	_	_	
8-8	1372-1375	der	_	_	_	
8-9	1376-1382	erſten	_	_	_	
8-10	1383-1392	Berührung	_	_	_	
8-11	1393-1399	fettig	_	_	_	
8-12	1400-1402	an	_	_	_	
8-13	1402-1403	,	_	_	_	
8-14	1404-1408	beim	_	_	_	
8-15	1409-1418	Verreiben	_	_	_	
8-16	1419-1427	zwiſchen	_	_	_	
8-17	1428-1431	den	_	_	_	
8-18	1432-1438	Händen	_	_	_	
8-19	1439-1447	hingegen	_	_	_	
8-20	1448-1453	merkt	_	_	_	
8-21	1454-1457	man	_	_	_	
8-22	1458-1464	ſofort	_	_	_	
8-23	1464-1465	,	_	_	_	
8-24	1466-1469	daß	_	_	_	
8-25	1470-1473	man	_	_	_	
8-26	1474-1476	es	_	_	_	
8-27	1477-1480	mit	_	_	_	
8-28	1481-1486	einer	_	_	_	
8-29	1487-1496	richtigen	_	_	_	
8-30	1497-1502	Seife	_	_	_	
8-31	1503-1505	zu	_	_	_	
8-32	1506-1510	thun	_	_	_	
8-33	1511-1514	hat	_	_	_	
8-34	1514-1515	.	_	_	_	

#Text=Sie miſcht ſich in jedem Verhältniſſe mit Waſſer, und löſt
#Text=ſich in Waſſer zu einer ſtark ſchäumenden Flüſſigkeit von bitterem, ſcharfem,
#Text=hinterher alkaliſchem, auf der Zunge lange anhaltendem Geſchmacke.
9-1	1516-1519	Sie	_	_	_	
9-2	1520-1526	miſcht	_	_	_	
9-3	1527-1531	ſich	_	_	_	
9-4	1532-1534	in	_	_	_	
9-5	1535-1540	jedem	_	_	_	
9-6	1541-1553	Verhältniſſe	_	_	_	
9-7	1554-1557	mit	_	_	_	
9-8	1558-1564	Waſſer	_	_	_	
9-9	1564-1565	,	_	_	_	
9-10	1566-1569	und	_	_	_	
9-11	1570-1574	löſt	_	_	_	
9-12	1575-1579	ſich	_	_	_	
9-13	1580-1582	in	_	_	_	
9-14	1583-1589	Waſſer	_	_	_	
9-15	1590-1592	zu	_	_	_	
9-16	1593-1598	einer	_	_	_	
9-17	1599-1604	ſtark	_	_	_	
9-18	1605-1616	ſchäumenden	_	_	_	
9-19	1617-1628	Flüſſigkeit	_	_	_	
9-20	1629-1632	von	_	_	_	
9-21	1633-1641	bitterem	_	_	_	
9-22	1641-1642	,	_	_	_	
9-23	1643-1651	ſcharfem	_	_	_	
9-24	1651-1652	,	_	_	_	
9-25	1653-1662	hinterher	_	_	_	
9-26	1663-1674	alkaliſchem	_	_	_	
9-27	1674-1675	,	_	_	_	
9-28	1676-1679	auf	_	_	_	
9-29	1680-1683	der	_	_	_	
9-30	1684-1689	Zunge	_	_	_	
9-31	1690-1695	lange	_	_	_	
9-32	1696-1707	anhaltendem	_	_	_	
9-33	1708-1718	Geſchmacke	_	_	_	
9-34	1718-1719	.	_	_	_	

#Text=Beim
#Text=Einreiben der Hände verhält ſie ſich genau wie die gewöhnlichen Seifen u. ſ.
#Text=w.“
#Text=
#Text=
#Text=
#Text=Das Türkiſchrotöl, wie es zur Alizarinfärberei gebraucht wird, muß
#Text=neutral ſein, es darf rotes Lackmuspapier weder blau, noch blaues rot
#Text=färben.
10-1	1720-1724	Beim	_	_	_	
10-2	1725-1734	Einreiben	_	_	_	
10-3	1735-1738	der	_	_	_	
10-4	1739-1744	Hände	_	_	_	
10-5	1745-1752	verhält	_	_	_	
10-6	1753-1756	ſie	_	_	_	
10-7	1757-1761	ſich	_	_	_	
10-8	1762-1767	genau	_	_	_	
10-9	1768-1771	wie	_	_	_	
10-10	1772-1775	die	_	_	_	
10-11	1776-1788	gewöhnlichen	_	_	_	
10-12	1789-1795	Seifen	_	_	_	
10-13	1796-1797	u	_	_	_	
10-14	1797-1798	.	_	_	_	
10-15	1799-1800	ſ	_	_	_	
10-16	1800-1801	.	_	_	_	
10-17	1802-1803	w	_	_	_	
10-18	1803-1804	.	_	_	_	
10-19	1804-1805	“	_	_	_	
10-20	1809-1812	Das	_	_	_	
10-21	1813-1826	Türkiſchrotöl	_	_	_	
10-22	1826-1827	,	_	_	_	
10-23	1828-1831	wie	_	_	_	
10-24	1832-1834	es	_	_	_	
10-25	1835-1838	zur	_	_	_	
10-26	1839-1855	Alizarinfärberei	_	_	_	
10-27	1856-1865	gebraucht	_	_	_	
10-28	1866-1870	wird	_	_	_	
10-29	1870-1871	,	_	_	_	
10-30	1872-1875	muß	_	_	_	
10-31	1876-1883	neutral	_	_	_	
10-32	1884-1888	ſein	_	_	_	
10-33	1888-1889	,	_	_	_	
10-34	1890-1892	es	_	_	_	
10-35	1893-1897	darf	_	_	_	
10-36	1898-1903	rotes	_	_	_	
10-37	1904-1917	Lackmuspapier	_	_	_	
10-38	1918-1923	weder	_	_	_	
10-39	1924-1928	blau	_	_	_	
10-40	1928-1929	,	_	_	_	
10-41	1930-1934	noch	_	_	_	
10-42	1935-1941	blaues	_	_	_	
10-43	1942-1945	rot	_	_	_	
10-44	1946-1952	färben	_	_	_	
10-45	1952-1953	.	_	_	_	
