#FORMAT=WebAnno TSV 3.3


#Text=- VE 'enim plantae quæ requi-humor in odorem tempe
#Text=
#Text=recur , neceffe eft, vt & calor praepolleat ; & humor vinci, fubigi;& coqui com
#Text=
#Text=modè poffit.
1-1	2-3	-	
1-2	4-6	VE	
1-3	7-8	'	
1-4	8-12	enim	
1-5	13-20	plantae	
1-6	21-24	quæ	
1-7	25-36	requi-humor	
1-8	37-39	in	
1-9	40-46	odorem	
1-10	47-52	tempe	
1-11	54-59	recur	
1-12	60-61	,	
1-13	62-69	neceffe	
1-14	70-73	eft	
1-15	73-74	,	
1-16	75-77	vt	
1-17	78-79	&	
1-18	80-85	calor	
1-19	86-97	praepolleat	
1-20	98-99	;	
1-21	100-101	&	
1-22	102-107	humor	
1-23	108-113	vinci	
1-24	113-114	,	
1-25	115-121	fubigi	
1-26	121-122	;	
1-27	122-123	&	
1-28	124-129	coqui	
1-29	130-133	com	
1-30	135-139	modè	
1-31	140-146	poffit	
1-32	146-147	.	

#Text=Ex quo fit, ve Cur in Sep- in regione feptentrionali, odores non vbi languet calor, humor
#Text=
#Text=que abundat & affluit, inodora fint omnia , quae ex terra nafcuncur.
2-1	148-150	Ex	
2-2	151-154	quo	
2-3	155-158	fit	
2-4	158-159	,	
2-5	160-162	ve	
2-6	163-166	Cur	
2-7	167-169	in	
2-8	170-173	Sep	
2-9	173-174	-	
2-10	175-177	in	
2-11	178-185	regione	
2-12	186-200	feptentrionali	
2-13	200-201	,	
2-14	202-208	odores	
2-15	209-212	non	
2-16	213-216	vbi	
2-17	217-224	languet	
2-18	225-230	calor	
2-19	230-231	,	
2-20	232-237	humor	
2-21	239-242	que	
2-22	243-250	abundat	
2-23	251-252	&	
2-24	253-260	affluit	
2-25	260-261	,	
2-26	262-269	inodora	
2-27	270-274	fint	
2-28	275-280	omnia	
2-29	281-282	,	
2-30	283-287	quae	
2-31	288-290	ex	
2-32	291-296	terra	
2-33	297-306	nafcuncur	
2-34	306-307	.	

#Text=Neque vc
#Text=
#Text=rò
#Text=
#Text=
#Text=
#Text=rantur :
#Text=
#Text=
#Text=
#Text=siguantur
#Text=
#Text=
#Text=
#Text=
#Text=
#Text=:
#Text=
#Text=
#Text=
#Text=rò existimandum proptereà
#Text=
#Text=est, humorem esse deberes
#Text=
#Text=omnino exiguum , quia
#Text=
#Text=
#Text=
#Text=fi
#Text=
#Text=calis fit,exlicca eric terra,
#Text=
#Text=ab eaque nata arida , exic-
#Text=
#Text=cataque una planè inepta,
#Text=
#Text=ve vaporem fundant odore
#Text=
#Text=fuauem, nequc enim a ca
#Text=
#Text=lore coquitur, exiguus: ille,
#Text=
#Text=humor, fed potius exuria
#Text=
#Text=tur.
3-1	308-313	Neque	
3-2	314-316	vc	
3-3	318-320	rò	
3-4	324-330	rantur	
3-5	331-332	:	
3-6	336-345	siguantur	
3-7	351-352	:	
3-8	356-358	rò	
3-9	359-371	existimandum	
3-10	372-381	proptereà	
3-11	383-386	est	
3-12	386-387	,	
3-13	388-395	humorem	
3-14	396-400	esse	
3-15	401-408	deberes	
3-16	410-416	omnino	
3-17	417-424	exiguum	
3-18	425-426	,	
3-19	427-431	quia	
3-20	435-437	fi	
3-21	439-444	calis	
3-22	445-448	fit	
3-23	448-449	,	
3-24	449-456	exlicca	
3-25	457-461	eric	
3-26	462-467	terra	
3-27	467-468	,	
3-28	470-472	ab	
3-29	473-478	eaque	
3-30	479-483	nata	
3-31	484-489	arida	
3-32	490-491	,	
3-33	492-496	exic	
3-34	496-497	-	
3-35	499-506	cataque	
3-36	507-510	una	
3-37	511-516	planè	
3-38	517-523	inepta	
3-39	523-524	,	
3-40	526-528	ve	
3-41	529-536	vaporem	
3-42	537-544	fundant	
3-43	545-550	odore	
3-44	552-558	fuauem	
3-45	558-559	,	
3-46	560-565	nequc	
3-47	566-570	enim	
3-48	571-572	a	
3-49	573-575	ca	
3-50	577-581	lore	
3-51	582-590	coquitur	
3-52	590-591	,	
3-53	592-599	exiguus	
3-54	599-600	:	
3-55	601-605	ille	
3-56	605-606	,	
3-57	608-613	humor	
3-58	613-614	,	
3-59	615-618	fed	
3-60	619-625	potius	
3-61	626-632	exuria	
3-62	634-637	tur	
3-63	637-638	.	

#Text=Quarè in Africa, ficca Africa cu
#Text=
#Text=exuccaque meridionali re-, signate
#Text=
#Text=giane, quae ex terra nascuncho
#Text=
#Text=tur, inodora funt.
4-1	639-644	Quarè	
4-2	645-647	in	
4-3	648-654	Africa	
4-4	654-655	,	
4-5	656-661	ficca	
4-6	662-668	Africa	
4-7	669-671	cu	
4-8	673-682	exuccaque	
4-9	683-694	meridionali	
4-10	695-697	re	
4-11	697-698	-	
4-12	698-699	,	
4-13	700-707	signate	
4-14	709-714	giane	
4-15	714-715	,	
4-16	716-720	quae	
4-17	721-723	ex	
4-18	724-729	terra	
4-19	730-739	nascuncho	
4-20	741-744	tur	
4-21	744-745	,	
4-22	746-753	inodora	
4-23	754-758	funt	
4-24	758-759	.	

#Text=Contra
#Text=
#Text=vero accidit in Arabia,quae
#Text=
#Text=ad orienté solem vergitssuc-
#Text=
#Text=cosa enim magis eft & hu-
#Text=
#Text=mecta.
#Text=nam calor praepol-
#Text=
#Text=lens terram,
#Text=
#Text=
#Text=
#Text=moderato hu
#Text=
#Text=
#Text=
#Text=
#Text=
#Text=mo
#Text=
#Text=
#Text=
#Text=
#Text=
#Text=more perfusam, bene.com
#Text=
#Text=quit & fubigit, ex eaques Arabia cur nata in : fuauem odorem odoratagi
#Text=
#Text=.
#Text=condit ac températ.
5-1	760-766	Contra	
5-2	768-772	vero	
5-3	773-780	accidit	
5-4	781-783	in	
5-5	784-790	Arabia	
5-6	790-791	,	
5-7	791-795	quae	
5-8	797-799	ad	
5-9	800-807	orienté	
5-10	808-813	solem	
5-11	814-824	vergitssuc	
5-12	824-825	-	
5-13	827-831	cosa	
5-14	832-836	enim	
5-15	837-842	magis	
5-16	843-846	eft	
5-17	847-848	&	
5-18	849-851	hu	
5-19	851-852	-	
5-20	854-859	mecta	
5-21	859-860	.	
5-22	861-864	nam	
5-23	865-870	calor	
5-24	871-878	praepol	
5-25	878-879	-	
5-26	881-885	lens	
5-27	886-892	terram	
5-28	892-893	,	
5-29	897-905	moderato	
5-30	906-908	hu	
5-31	914-916	mo	
5-32	922-926	more	
5-33	927-935	perfusam	
5-34	935-936	,	
5-35	937-945	bene.com	
5-36	947-951	quit	
5-37	952-953	&	
5-38	954-961	fubigit	
5-39	961-962	,	
5-40	963-965	ex	
5-41	966-972	eaques	
5-42	973-979	Arabia	
5-43	980-983	cur	
5-44	984-988	nata	
5-45	989-991	in	
5-46	992-993	:	
5-47	994-1000	fuauem	
5-48	1001-1007	odorem	
5-49	1008-1017	odoratagi	
5-50	1019-1020	.	
5-51	1021-1027	condit	
5-52	1028-1030	ac	
5-53	1031-1039	températ	
5-54	1039-1040	.	

#Text=Neo
#Text=
#Text=pigeat érgo, vt omnia cibi apertiora fint,ipfum loquen tem Philosophuin audines: Etenim quae parce bumida quen.
#Text=dam in modum recalucrint, odom
#Text=
#Text=Pala redduntur.
#Text=bunior enim como Ariftotelis qui calore nimirum poteft.
6-1	1041-1044	Neo	
6-2	1046-1052	pigeat	
6-3	1053-1057	érgo	
6-4	1057-1058	,	
6-5	1059-1061	vt	
6-6	1062-1067	omnia	
6-7	1068-1072	cibi	
6-8	1073-1082	apertiora	
6-9	1083-1087	fint	
6-10	1087-1088	,	
6-11	1088-1093	ipfum	
6-12	1094-1100	loquen	
6-13	1101-1104	tem	
6-14	1105-1117	Philosophuin	
6-15	1118-1125	audines	
6-16	1125-1126	:	
6-17	1127-1133	Etenim	
6-18	1134-1138	quae	
6-19	1139-1144	parce	
6-20	1145-1151	bumida	
6-21	1152-1156	quen	
6-22	1156-1157	.	
6-23	1158-1161	dam	
6-24	1162-1164	in	
6-25	1165-1170	modum	
6-26	1171-1182	recalucrint	
6-27	1182-1183	,	
6-28	1184-1188	odom	
6-29	1190-1194	Pala	
6-30	1195-1204	redduntur	
6-31	1204-1205	.	
6-32	1206-1212	bunior	
6-33	1213-1217	enim	
6-34	1218-1222	como	
6-35	1223-1234	Ariftotelis	
6-36	1235-1238	qui	
6-37	1239-1245	calore	
6-38	1246-1253	nimirum	
6-39	1254-1260	poteft	
6-40	1260-1261	.	

#Text=Quiao regionibus
#Text=
#Text=de caufa totius quoque prbis terharum quæ ad folem- orieniem, Spectant , odoratiora exurgunt
#Text=
#Text=quàm quæ ad septentrionem , eorum ipforum , quae ad ontums plus vergunt , quàm quae ad meridiem , eo quòd taca Syrine dore -Arabiae pleniora funt atque ter
#Text=
#Text=
#Text=
#Text=feptétia de
#Text=
#Text=
#Text=
#Text=odoriferis.
#Text=renoheras Africae uerò arenoface Aticulofaque.
7-1	1262-1267	Quiao	
7-2	1268-1278	regionibus	
7-3	1280-1282	de	
7-4	1283-1288	caufa	
7-5	1289-1295	totius	
7-6	1296-1302	quoque	
7-7	1303-1308	prbis	
7-8	1309-1317	terharum	
7-9	1318-1321	quæ	
7-10	1322-1324	ad	
7-11	1325-1330	folem	
7-12	1330-1331	-	
7-13	1332-1340	orieniem	
7-14	1340-1341	,	
7-15	1342-1350	Spectant	
7-16	1351-1352	,	
7-17	1353-1363	odoratiora	
7-18	1364-1372	exurgunt	
7-19	1374-1378	quàm	
7-20	1379-1382	quæ	
7-21	1383-1385	ad	
7-22	1386-1399	septentrionem	
7-23	1400-1401	,	
7-24	1402-1407	eorum	
7-25	1408-1415	ipforum	
7-26	1416-1417	,	
7-27	1418-1422	quae	
7-28	1423-1425	ad	
7-29	1426-1432	ontums	
7-30	1433-1437	plus	
7-31	1438-1445	vergunt	
7-32	1446-1447	,	
7-33	1448-1452	quàm	
7-34	1453-1457	quae	
7-35	1458-1460	ad	
7-36	1461-1469	meridiem	
7-37	1470-1471	,	
7-38	1472-1474	eo	
7-39	1475-1479	quòd	
7-40	1480-1484	taca	
7-41	1485-1491	Syrine	
7-42	1492-1496	dore	
7-43	1497-1498	-	
7-44	1498-1505	Arabiae	
7-45	1506-1514	pleniora	
7-46	1515-1519	funt	
7-47	1520-1525	atque	
7-48	1526-1529	ter	
7-49	1533-1541	feptétia	
7-50	1542-1544	de	
7-51	1548-1558	odoriferis	
7-52	1558-1559	.	
7-53	1560-1569	renoheras	
7-54	1570-1577	Africae	
7-55	1578-1582	uerò	
7-56	1583-1592	arenoface	
7-57	1593-1605	Aticulofaque	
7-58	1605-1606	.	

#Text=Nec enim humorem nimium ineffe løperiet f cancegui namque mimoids sioni pateity) neg gullum rikta jenimbullus vaper.in do signi pateff.
8-1	1607-1610	Nec	
8-2	1611-1615	enim	
8-3	1616-1623	humorem	
8-4	1624-1630	nimium	
8-5	1631-1637	ineffe	
8-6	1638-1646	løperiet	
8-7	1647-1648	f	
8-8	1649-1657	cancegui	
8-9	1658-1664	namque	
8-10	1665-1672	mimoids	
8-11	1673-1678	sioni	
8-12	1679-1686	pateity	
8-13	1686-1687	)	
8-14	1688-1691	neg	
8-15	1692-1698	gullum	
8-16	1699-1704	rikta	
8-17	1705-1716	jenimbullus	
8-18	1717-1725	vaper.in	
8-19	1726-1728	do	
8-20	1729-1734	signi	
8-21	1735-1741	pateff	
8-22	1741-1742	.	

#Text=Axistoteles igie Septalius in tur deiungit, quod ad.9da-tiat ab Arift.
9-1	1743-1754	Axistoteles	
9-2	1755-1759	igie	
9-3	1760-1769	Septalius	
9-4	1770-1772	in	
9-5	1773-1776	tur	
9-6	1777-1785	deiungit	
9-7	1785-1786	,	
9-8	1787-1791	quod	
9-9	1792-1794	ad	
9-10	1794-1803	.9da-tiat	
9-11	1804-1806	ab	
9-12	1807-1812	Arift	
9-13	1812-1813	.	

#Text=#s, fpectatArabiam, a Lys -biangunit septalius coniungit:c eamque Odäriferim side ille feribis , quam licu.
#Text=inadoram proficelli.
10-1	1814-1815	#	
10-2	1815-1816	s	
10-3	1816-1817	,	
10-4	1818-1832	fpectatArabiam	
10-5	1832-1833	,	
10-6	1834-1835	a	
10-7	1836-1839	Lys	
10-8	1840-1841	-	
10-9	1841-1850	biangunit	
10-10	1851-1860	septalius	
10-11	1861-1870	coniungit	
10-12	1870-1871	:	
10-13	1871-1872	c	
10-14	1873-1879	eamque	
10-15	1880-1890	Odäriferim	
10-16	1891-1895	side	
10-17	1896-1900	ille	
10-18	1901-1908	feribis	
10-19	1909-1910	,	
10-20	1911-1915	quam	
10-21	1916-1920	licu	
10-22	1920-1921	.	
10-23	1922-1930	inadoram	
10-24	1931-1941	proficelli	
10-25	1941-1942	.	

#Text=Sed 'videor.abriairex philologi Eis ad phyficaexplicandae caufa Anistotelis fententiae.
11-1	1943-1946	Sed	
11-2	1947-1948	'	
11-3	1948-1964	videor.abriairex	
11-4	1965-1974	philologi	
11-5	1975-1978	Eis	
11-6	1979-1981	ad	
11-7	1982-2000	phyficaexplicandae	
11-8	2001-2006	caufa	
11-9	2007-2018	Anistotelis	
11-10	2019-2029	fententiae	
11-11	2029-2030	.	

#Text=Hactenus igitur haec: ad Arabiam rcuertamus quae Arabia cur nuncupata demum Diues cupata , est, quia Arabes Commercis
#Text=
#Text=
#Text=
#Text=
#Text=
#Text=Student y aliena nön emunt , VCH dunt fua: non enim merces mercibus , fed auro com
#Text=
#Text=mutant Peculiariter yerò Solinus ca.
12-1	2031-2039	Hactenus	
12-2	2040-2046	igitur	
12-3	2047-2051	haec	
12-4	2051-2052	:	
12-5	2053-2055	ad	
12-6	2056-2063	Arabiam	
12-7	2064-2074	rcuertamus	
12-8	2075-2079	quae	
12-9	2080-2086	Arabia	
12-10	2087-2090	cur	
12-11	2091-2100	nuncupata	
12-12	2101-2106	demum	
12-13	2107-2112	Diues	
12-14	2113-2119	cupata	
12-15	2120-2121	,	
12-16	2122-2125	est	
12-17	2125-2126	,	
12-18	2127-2131	quia	
12-19	2132-2138	Arabes	
12-20	2139-2148	Commercis	
12-21	2154-2161	Student	
12-22	2162-2163	y	
12-23	2164-2170	aliena	
12-24	2171-2174	nön	
12-25	2175-2180	emunt	
12-26	2181-2182	,	
12-27	2183-2186	VCH	
12-28	2187-2191	dunt	
12-29	2192-2195	fua	
12-30	2195-2196	:	
12-31	2197-2200	non	
12-32	2201-2205	enim	
12-33	2206-2212	merces	
12-34	2213-2221	mercibus	
12-35	2222-2223	,	
12-36	2224-2227	fed	
12-37	2228-2232	auro	
12-38	2233-2236	com	
12-39	2238-2244	mutant	
12-40	2245-2257	Peculiariter	
12-41	2258-2262	yerò	
12-42	2263-2270	Solinus	
12-43	2271-2273	ca	
12-44	2273-2274	.	

#Text=Siluis diuites funt Arabes , ve ******** Solinus fcribit : quod con
#Text=
#Text=i 11 firmate videcur Tibullus,
#Text=
#Text=Odoratae diues Arabs segesis ; &
#Text=
#Text=Apuleius, Odorum diuites -
#Text=
#Text=
#Text=
#Text=vabas: imò odoribus: vt proPlin.lib, v.. prereà inter eos Plinius meC.
13-1	2275-2281	Siluis	
13-2	2282-2289	diuites	
13-3	2290-2294	funt	
13-4	2295-2301	Arabes	
13-5	2302-2303	,	
13-6	2304-2306	ve	
13-7	2307-2308	*	
13-8	2308-2309	*	
13-9	2309-2310	*	
13-10	2310-2311	*	
13-11	2311-2312	*	
13-12	2312-2313	*	
13-13	2313-2314	*	
13-14	2314-2315	*	
13-15	2316-2323	Solinus	
13-16	2324-2331	fcribit	
13-17	2332-2333	:	
13-18	2334-2338	quod	
13-19	2339-2342	con	
13-20	2344-2345	i	
13-21	2346-2348	11	
13-22	2349-2356	firmate	
13-23	2357-2364	videcur	
13-24	2365-2373	Tibullus	
13-25	2373-2374	,	
13-26	2376-2384	Odoratae	
13-27	2385-2390	diues	
13-28	2391-2396	Arabs	
13-29	2397-2404	segesis	
13-30	2405-2406	;	
13-31	2407-2408	&	
13-32	2410-2418	Apuleius	
13-33	2418-2419	,	
13-34	2420-2426	Odorum	
13-35	2427-2434	diuites	
13-36	2435-2436	-	
13-37	2440-2445	vabas	
13-38	2445-2446	:	
13-39	2447-2450	imò	
13-40	2451-2459	odoribus	
13-41	2459-2460	:	
13-42	2461-2463	vt	
13-43	2464-2475	proPlin.lib	
13-44	2475-2476	,	
13-45	2477-2478	v	
13-46	2478-2479	.	
13-47	2479-2480	.	
13-48	2481-2487	prereà	
13-49	2488-2493	inter	
13-50	2494-2497	eos	
13-51	2498-2505	Plinius	
13-52	2506-2509	meC	
13-53	2509-2510	.	

#Text=IXVIII.
14-1	2511-2517	IXVIII	
14-2	2517-2518	.	
