#FORMAT=WebAnno TSV 3.3
#T_SP=custom.Span|label
#T_RL=custom.Relation|label|BT_custom.Span


#Text=Introduxit me rex in cellaria sua ; exsultabimus et lætabimur in te, memores uberum tuorum super vinum.
1-1	2-12	Introduxit	_	_	_	
1-2	13-15	me	_	_	_	
1-3	16-19	rex	_	_	_	
1-4	20-22	in	_	_	_	
1-5	23-31	cellaria	_	_	_	
1-6	32-35	sua	_	_	_	
1-7	36-37	;	_	_	_	
1-8	38-50	exsultabimus	_	_	_	
1-9	51-53	et	_	_	_	
1-10	54-63	lætabimur	_	_	_	
1-11	64-66	in	_	_	_	
1-12	67-69	te	_	_	_	
1-13	69-70	,	_	_	_	
1-14	71-78	memores	_	_	_	
1-15	79-85	uberum	_	_	_	
1-16	86-92	tuorum	_	_	_	
1-17	93-98	super	_	_	_	
1-18	99-104	vinum	_	_	_	
1-19	104-105	.	_	_	_	

#Text=Recti diligunt te.
#Text=4 <Sponsa>Nigra sum, sed formosa, filiæ Jerusalem, sicut tabernacula Cedar, sicut pelles Salomonis.
#Text=5 Nolite me considerare quod fusca sim, quia decoloravit me sol.
2-1	106-111	Recti	_	_	_	
2-2	112-120	diligunt	_	_	_	
2-3	121-123	te	_	_	_	
2-4	123-124	.	_	_	_	
2-5	125-126	4	_	_	_	
2-6	127-128	<	_	_	_	
2-7	128-134	Sponsa	_	_	_	
2-8	134-135	>	_	_	_	
2-9	135-140	Nigra	_	_	_	
2-10	141-144	sum	_	_	_	
2-11	144-145	,	_	_	_	
2-12	146-149	sed	_	_	_	
2-13	150-157	formosa	_	_	_	
2-14	157-158	,	_	_	_	
2-15	159-164	filiæ	_	_	_	
2-16	165-174	Jerusalem	_	_	_	
2-17	174-175	,	_	_	_	
2-18	176-181	sicut	_	_	_	
2-19	182-193	tabernacula	_	_	_	
2-20	194-199	Cedar	_	_	_	
2-21	199-200	,	_	_	_	
2-22	201-206	sicut	_	_	_	
2-23	207-213	pelles	_	_	_	
2-24	214-223	Salomonis	_	_	_	
2-25	223-224	.	_	_	_	
2-26	225-226	5	_	_	_	
2-27	227-233	Nolite	_	_	_	
2-28	234-236	me	_	_	_	
2-29	237-248	considerare	_	_	_	
2-30	249-253	quod	_	_	_	
2-31	254-259	fusca	_	_	_	
2-32	260-263	sim	_	_	_	
2-33	263-264	,	_	_	_	
2-34	265-269	quia	_	_	_	
2-35	270-281	decoloravit	_	_	_	
2-36	282-284	me	_	_	_	
2-37	285-288	sol	_	_	_	
2-38	288-289	.	_	_	_	

#Text=Filii matris meæ pugnaverunt contra me ; posuerunt me custodem in vineis : vineam meam non custodivi.
#Text=6 Indica mihi, quem diligit anima mea, ubi pascas, ubi cubes in meridie, ne vagari incipiam post greges sodalium tuorum.
#Text=7 <Sponsus>Si ignoras te, o pulcherrima inter mulieres, egredere, et abi post vestigia gregum, et pasce hædos tuos juxta tabernacula pastorum.
#Text=8 Equitatui meo in curribus Pharaonis assimilavi te, amica mea.
#Text=9 Pulchræ sunt genæ tuæ sicut turturis ; collum tuum sicut monilia.
#Text=10 Murenulas aureas faciemus tibi, vermiculatas argento.
#Text=11 <Sponsa>Dum esset rex in accubitu suo, nardus mea dedit odorem suum.
#Text=12 Fasciculus myrrhæ dilectus meus mihi ; inter ubera mea commorabitur.
#Text=13 Botrus cypri dilectus meus mihi in vineis Engaddi.
#Text=14 <Sponsus>Ecce tu pulchra es, amica mea !
3-1	290-295	Filii	_	_	_	
3-2	296-302	matris	_	_	_	
3-3	303-306	meæ	_	_	_	
3-4	307-318	pugnaverunt	_	_	_	
3-5	319-325	contra	_	_	_	
3-6	326-328	me	_	_	_	
3-7	329-330	;	_	_	_	
3-8	331-340	posuerunt	_	_	_	
3-9	341-343	me	_	_	_	
3-10	344-352	custodem	_	_	_	
3-11	353-355	in	_	_	_	
3-12	356-362	vineis	_	_	_	
3-13	363-364	:	_	_	_	
3-14	365-371	vineam	_	_	_	
3-15	372-376	meam	_	_	_	
3-16	377-380	non	_	_	_	
3-17	381-390	custodivi	_	_	_	
3-18	390-391	.	_	_	_	
3-19	392-393	6	_	_	_	
3-20	394-400	Indica	_	_	_	
3-21	401-405	mihi	_	_	_	
3-22	405-406	,	_	_	_	
3-23	407-411	quem	_	_	_	
3-24	412-419	diligit	_	_	_	
3-25	420-425	anima	_	_	_	
3-26	426-429	mea	_	_	_	
3-27	429-430	,	_	_	_	
3-28	431-434	ubi	_	_	_	
3-29	435-441	pascas	_	_	_	
3-30	441-442	,	_	_	_	
3-31	443-446	ubi	_	_	_	
3-32	447-452	cubes	_	_	_	
3-33	453-455	in	_	_	_	
3-34	456-463	meridie	_	_	_	
3-35	463-464	,	_	_	_	
3-36	465-467	ne	_	_	_	
3-37	468-474	vagari	_	_	_	
3-38	475-483	incipiam	_	_	_	
3-39	484-488	post	_	_	_	
3-40	489-495	greges	_	_	_	
3-41	496-504	sodalium	_	_	_	
3-42	505-511	tuorum	_	_	_	
3-43	511-512	.	_	_	_	
3-44	513-514	7	_	_	_	
3-45	515-516	<	_	_	_	
3-46	516-523	Sponsus	_	_	_	
3-47	523-524	>	_	_	_	
3-48	524-526	Si	_	_	_	
3-49	527-534	ignoras	_	_	_	
3-50	535-537	te	_	_	_	
3-51	537-538	,	_	_	_	
3-52	539-540	o	_	_	_	
3-53	541-552	pulcherrima	_	_	_	
3-54	553-558	inter	_	_	_	
3-55	559-567	mulieres	_	_	_	
3-56	567-568	,	_	_	_	
3-57	569-577	egredere	_	_	_	
3-58	577-578	,	_	_	_	
3-59	579-581	et	_	_	_	
3-60	582-585	abi	_	_	_	
3-61	586-590	post	_	_	_	
3-62	591-599	vestigia	_	_	_	
3-63	600-606	gregum	_	_	_	
3-64	606-607	,	_	_	_	
3-65	608-610	et	_	_	_	
3-66	611-616	pasce	_	_	_	
3-67	617-622	hædos	_	_	_	
3-68	623-627	tuos	_	_	_	
3-69	628-633	juxta	_	_	_	
3-70	634-645	tabernacula	_	_	_	
3-71	646-654	pastorum	_	_	_	
3-72	654-655	.	_	_	_	
3-73	656-657	8	_	_	_	
3-74	658-667	Equitatui	_	_	_	
3-75	668-671	meo	_	_	_	
3-76	672-674	in	_	_	_	
3-77	675-683	curribus	_	_	_	
3-78	684-693	Pharaonis	_	_	_	
3-79	694-704	assimilavi	_	_	_	
3-80	705-707	te	_	_	_	
3-81	707-708	,	_	_	_	
3-82	709-714	amica	_	_	_	
3-83	715-718	mea	_	_	_	
3-84	718-719	.	_	_	_	
3-85	720-721	9	_	_	_	
3-86	722-729	Pulchræ	_	_	_	
3-87	730-734	sunt	_	_	_	
3-88	735-739	genæ	_	_	_	
3-89	740-743	tuæ	_	_	_	
3-90	744-749	sicut	_	_	_	
3-91	750-758	turturis	_	_	_	
3-92	759-760	;	_	_	_	
3-93	761-767	collum	_	_	_	
3-94	768-772	tuum	_	_	_	
3-95	773-778	sicut	_	_	_	
3-96	779-786	monilia	_	_	_	
3-97	786-787	.	_	_	_	
3-98	788-790	10	_	_	_	
3-99	791-800	Murenulas	_	_	_	
3-100	801-807	aureas	_	_	_	
3-101	808-816	faciemus	_	_	_	
3-102	817-821	tibi	_	_	_	
3-103	821-822	,	_	_	_	
3-104	823-835	vermiculatas	_	_	_	
3-105	836-843	argento	_	_	_	
3-106	843-844	.	_	_	_	
3-107	845-847	11	_	_	_	
3-108	848-849	<	_	_	_	
3-109	849-855	Sponsa	_	_	_	
3-110	855-856	>	_	_	_	
3-111	856-859	Dum	Time[1]	_	_	
3-112	860-865	esset	Time[1]	_	_	
3-113	866-869	rex	Time[1]	_	_	
3-114	870-872	in	Time[1]	_	_	
3-115	873-881	accubitu	Time[1]	_	_	
3-116	882-885	suo	Time[1]	_	_	
3-117	885-886	,	_	_	_	
3-118	887-893	nardus	Smell\_Source[2]	_	_	
3-119	894-897	mea	Smell\_Source[2]	_	_	
3-120	898-903	dedit	_	_	_	
3-121	904-910	odorem	Smell\_Word	*|*	3-122|3-111[1_0]	
3-122	911-915	suum	Smell\_Source	Anaphoric	3-118[2_0]	
3-123	915-916	.	_	_	_	
3-124	917-919	12	_	_	_	
3-125	920-930	Fasciculus	Odour\_Carrier	_	_	
3-126	931-937	myrrhæ	Smell\_Word	*|*|*|*	3-125|3-127[3_0]|3-129|3-131[4_0]	
3-127	938-946	dilectus	Smell\_Source[3]	_	_	
3-128	947-951	meus	Smell\_Source[3]	_	_	
3-129	952-956	mihi	Perceiver	_	_	
3-130	957-958	;	_	_	_	
3-131	959-964	inter	Location[4]	_	_	
3-132	965-970	ubera	Location[4]	_	_	
3-133	971-974	mea	Location[4]	_	_	
3-134	975-987	commorabitur	_	_	_	
3-135	987-988	.	_	_	_	
3-136	989-991	13	_	_	_	
3-137	992-998	Botrus	Odour\_Carrier	_	_	
3-138	999-1004	cypri	Smell\_Word	*|*|*|*	3-139[5_0]|3-141|3-137|3-142[6_0]	
3-139	1005-1013	dilectus	Smell\_Source[5]	_	_	
3-140	1014-1018	meus	Smell\_Source[5]	_	_	
3-141	1019-1023	mihi	Perceiver	_	_	
3-142	1024-1026	in	Location[6]	_	_	
3-143	1027-1033	vineis	Location[6]	_	_	
3-144	1034-1041	Engaddi	Location[6]	_	_	
3-145	1041-1042	.	_	_	_	
3-146	1043-1045	14	_	_	_	
3-147	1046-1047	<	_	_	_	
3-148	1047-1054	Sponsus	_	_	_	
3-149	1054-1055	>	_	_	_	
3-150	1055-1059	Ecce	_	_	_	
3-151	1060-1062	tu	_	_	_	
3-152	1063-1070	pulchra	_	_	_	
3-153	1071-1073	es	_	_	_	
3-154	1073-1074	,	_	_	_	
3-155	1075-1080	amica	_	_	_	
3-156	1081-1084	mea	_	_	_	
3-157	1085-1086	!	_	_	_	

#Text=ecce tu pulchra es !
4-1	1087-1091	ecce	_	_	_	
4-2	1092-1094	tu	_	_	_	
4-3	1095-1102	pulchra	_	_	_	
4-4	1103-1105	es	_	_	_	
4-5	1106-1107	!	_	_	_	

#Text=Oculi tui columbarum.
#Text=15 <Sponsa>Ecce tu pulcher es, dilecte mi, et decorus !
5-1	1108-1113	Oculi	_	_	_	
5-2	1114-1117	tui	_	_	_	
5-3	1118-1128	columbarum	_	_	_	
5-4	1128-1129	.	_	_	_	
5-5	1130-1132	15	_	_	_	
5-6	1133-1134	<	_	_	_	
5-7	1134-1140	Sponsa	_	_	_	
5-8	1140-1141	>	_	_	_	
5-9	1141-1145	Ecce	_	_	_	
5-10	1146-1148	tu	_	_	_	
5-11	1149-1156	pulcher	_	_	_	
5-12	1157-1159	es	_	_	_	
5-13	1159-1160	,	_	_	_	
5-14	1161-1168	dilecte	_	_	_	
5-15	1169-1171	mi	_	_	_	
5-16	1171-1172	,	_	_	_	
5-17	1173-1175	et	_	_	_	
5-18	1176-1183	decorus	_	_	_	
5-19	1184-1185	!	_	_	_	

#Text=Lectulus noster floridus.
#Text=16 Tigna domorum nostrarum cedrina, laquearia nostra cypressina.
6-1	1186-1194	Lectulus	_	_	_	
6-2	1195-1201	noster	_	_	_	
6-3	1202-1210	floridus	_	_	_	
6-4	1210-1211	.	_	_	_	
6-5	1212-1214	16	_	_	_	
6-6	1215-1220	Tigna	_	_	_	
6-7	1221-1228	domorum	_	_	_	
6-8	1229-1238	nostrarum	_	_	_	
6-9	1239-1246	cedrina	_	_	_	
6-10	1246-1247	,	_	_	_	
6-11	1248-1257	laquearia	_	_	_	
6-12	1258-1264	nostra	_	_	_	
6-13	1265-1275	cypressina	_	_	_	
6-14	1275-1276	.	_	_	_	

#Text=Caput 2
#Text=
#Text=
#Text=1 Ego flos campi, et lilium convallium.
7-1	1277-1282	Caput	_	_	_	
7-2	1283-1284	2	_	_	_	
7-3	1287-1288	1	_	_	_	
7-4	1289-1292	Ego	_	_	_	
7-5	1293-1297	flos	_	_	_	
7-6	1298-1303	campi	_	_	_	
7-7	1303-1304	,	_	_	_	
7-8	1305-1307	et	_	_	_	
7-9	1308-1314	lilium	_	_	_	
7-10	1315-1325	convallium	_	_	_	
7-11	1325-1326	.	_	_	_	
