#FORMAT=WebAnno TSV 3.3


#Text=Et haec ita quoque interne fieri alia obferuatio BOERHA VII in Hift.
#Text=plant.
#Text=docet dum de serpillo dicit, quod fi a delaflatis affiimatur, protinus ipfis videatur, ac fi omnes fpiritus euaporantes retineantur et coerceantur.
1-1	2-4	Et	
1-2	5-9	haec	
1-3	10-13	ita	
1-4	14-20	quoque	
1-5	21-28	interne	
1-6	29-34	fieri	
1-7	35-39	alia	
1-8	40-50	obferuatio	
1-9	51-57	BOERHA	
1-10	58-61	VII	
1-11	62-64	in	
1-12	65-69	Hift	
1-13	69-70	.	
1-14	71-76	plant	
1-15	76-77	.	
1-16	78-83	docet	
1-17	84-87	dum	
1-18	88-90	de	
1-19	91-99	serpillo	
1-20	100-105	dicit	
1-21	105-106	,	
1-22	107-111	quod	
1-23	112-114	fi	
1-24	115-116	a	
1-25	117-127	delaflatis	
1-26	128-138	affiimatur	
1-27	138-139	,	
1-28	140-148	protinus	
1-29	149-154	ipfis	
1-30	155-163	videatur	
1-31	163-164	,	
1-32	165-167	ac	
1-33	168-170	fi	
1-34	171-176	omnes	
1-35	177-185	fpiritus	
1-36	186-197	euaporantes	
1-37	198-209	retineantur	
1-38	210-212	et	
1-39	213-224	coerceantur	
1-40	224-225	.	

#Text=Camphoratus.
2-1	226-237	Camphoratus	
2-2	237-238	.	

#Text=E. odor dum terram fubtilcm figentem i. e, nisus neruorum versus Centrum augentem ipfis applicat, confortantem sensum exhibet.
#Text=i Non ita multum diftat, Odor aromaticus: hic fine dubio proprie fic dictum mercarium falis olei et 'igném falis olei in fe continet.
3-1	239-240	E	
3-2	240-241	.	
3-3	242-246	odor	
3-4	247-250	dum	
3-5	251-257	terram	
3-6	258-266	fubtilcm	
3-7	267-275	figentem	
3-8	276-277	i	
3-9	277-278	.	
3-10	279-280	e	
3-11	280-281	,	
3-12	282-287	nisus	
3-13	288-296	neruorum	
3-14	297-303	versus	
3-15	304-311	Centrum	
3-16	312-320	augentem	
3-17	321-326	ipfis	
3-18	327-335	applicat	
3-19	335-336	,	
3-20	337-349	confortantem	
3-21	350-356	sensum	
3-22	357-364	exhibet	
3-23	364-365	.	
3-24	366-367	i	
3-25	368-371	Non	
3-26	372-375	ita	
3-27	376-382	multum	
3-28	383-389	diftat	
3-29	389-390	,	
3-30	391-395	Odor	
3-31	396-406	aromaticus	
3-32	406-407	:	
3-33	408-411	hic	
3-34	412-416	fine	
3-35	417-422	dubio	
3-36	423-430	proprie	
3-37	431-434	fic	
3-38	435-441	dictum	
3-39	442-451	mercarium	
3-40	452-457	falis	
3-41	458-462	olei	
3-42	463-465	et	
3-43	466-467	'	
3-44	467-472	igném	
3-45	473-478	falis	
3-46	479-483	olei	
3-47	484-486	in	
3-48	487-489	fe	
3-49	490-498	continet	
3-50	498-499	.	

#Text=Non fal' abundat, non aqua, nec terra, fed fal volatile oleofum tenuiffimum fed multo igne refertum.
4-1	500-503	Non	
4-2	504-507	fal	
4-3	507-508	'	
4-4	509-516	abundat	
4-5	516-517	,	
4-6	518-521	non	
4-7	522-526	aqua	
4-8	526-527	,	
4-9	528-531	nec	
4-10	532-537	terra	
4-11	537-538	,	
4-12	539-542	fed	
4-13	543-546	fal	
4-14	547-555	volatile	
4-15	556-563	oleofum	
4-16	564-575	tenuiffimum	
4-17	576-579	fed	
4-18	580-585	multo	
4-19	586-590	igne	
4-20	591-599	refertum	
4-21	599-600	.	

#Text=Hinc huius materiae omnes multum olei aetherei largiuntur: plurimafaporem acrem continent et calorem infigniter augent: fed 'numne haec fine fale volatili oleoso-acido igneo cogitari poffunt?
5-1	601-605	Hinc	
5-2	606-611	huius	
5-3	612-620	materiae	
5-4	621-626	omnes	
5-5	627-633	multum	
5-6	634-638	olei	
5-7	639-647	aetherei	
5-8	648-658	largiuntur	
5-9	658-659	:	
5-10	660-674	plurimafaporem	
5-11	675-680	acrem	
5-12	681-690	continent	
5-13	691-693	et	
5-14	694-701	calorem	
5-15	702-712	infigniter	
5-16	713-719	augent	
5-17	719-720	:	
5-18	721-724	fed	
5-19	725-726	'	
5-20	726-731	numne	
5-21	732-736	haec	
5-22	737-741	fine	
5-23	742-746	fale	
5-24	747-755	volatili	
5-25	756-768	oleoso-acido	
5-26	769-774	igneo	
5-27	775-783	cogitari	
5-28	784-791	poffunt	
5-29	791-792	?	

#Text=Sal vero ipsum effentiale in his oleis diuerfum eft fc.
#Text=est vel magis tenue et tartareum vel vinofum magis vet magis cogens et ad lignorum acidum accedens.
6-1	793-796	Sal	
6-2	797-801	vero	
6-3	802-807	ipsum	
6-4	808-818	effentiale	
6-5	819-821	in	
6-6	822-825	his	
6-7	826-831	oleis	
6-8	832-840	diuerfum	
6-9	841-844	eft	
6-10	845-847	fc	
6-11	847-848	.	
6-12	849-852	est	
6-13	853-856	vel	
6-14	857-862	magis	
6-15	863-868	tenue	
6-16	869-871	et	
6-17	872-881	tartareum	
6-18	882-885	vel	
6-19	886-893	vinofum	
6-20	894-899	magis	
6-21	900-903	vet	
6-22	904-909	magis	
6-23	910-916	cogens	
6-24	917-919	et	
6-25	920-922	ad	
6-26	923-931	lignorum	
6-27	932-938	acidum	
6-28	939-947	accedens	
6-29	947-948	.	

#Text=Sed dantur etiam aromata blanda et his adfcribitur Odor am.
#Text=brosiacus."
7-1	949-952	Sed	
7-2	953-959	dantur	
7-3	960-965	etiam	
7-4	966-973	aromata	
7-5	974-980	blanda	
7-6	981-983	et	
7-7	984-987	his	
7-8	988-999	adfcribitur	
7-9	1000-1004	Odor	
7-10	1005-1007	am	
7-11	1007-1008	.	
7-12	1009-1018	brosiacus	
7-13	1018-1019	.	
7-14	1019-1020	"	

#Text=In his omnes odoratu aquae vires mucilaginosas et falino- inflammábiles distinguere poflunt.
8-1	1021-1023	In	
8-2	1024-1027	his	
8-3	1028-1033	omnes	
8-4	1034-1041	odoratu	
8-5	1042-1047	aquae	
8-6	1048-1053	vires	
8-7	1054-1067	mucilaginosas	
8-8	1068-1070	et	
8-9	1071-1077	falino	
8-10	1077-1078	-	
8-11	1079-1092	inflammábiles	
8-12	1093-1104	distinguere	
8-13	1105-1112	poflunt	
8-14	1112-1113	.	

#Text=Non acris est aromaticus, E. ignis non superat: fed tamen aromatici quid continet i. e. oleum aethereum diffolutum i. e. fal olei est blandum et blandities cogitari non potest sine aquae 'et terrae viribus i. e. fine viscoso E.
9-1	1114-1117	Non	
9-2	1118-1123	acris	
9-3	1124-1127	est	
9-4	1128-1138	aromaticus	
9-5	1138-1139	,	
9-6	1140-1141	E	
9-7	1141-1142	.	
9-8	1143-1148	ignis	
9-9	1149-1152	non	
9-10	1153-1160	superat	
9-11	1160-1161	:	
9-12	1162-1165	fed	
9-13	1166-1171	tamen	
9-14	1172-1181	aromatici	
9-15	1182-1186	quid	
9-16	1187-1195	continet	
9-17	1196-1197	i	
9-18	1197-1198	.	
9-19	1199-1200	e	
9-20	1200-1201	.	
9-21	1202-1207	oleum	
9-22	1208-1217	aethereum	
9-23	1218-1228	diffolutum	
9-24	1229-1230	i	
9-25	1230-1231	.	
9-26	1232-1233	e	
9-27	1233-1234	.	
9-28	1235-1238	fal	
9-29	1239-1243	olei	
9-30	1244-1247	est	
9-31	1248-1255	blandum	
9-32	1256-1258	et	
9-33	1259-1269	blandities	
9-34	1270-1278	cogitari	
9-35	1279-1282	non	
9-36	1283-1289	potest	
9-37	1290-1294	sine	
9-38	1295-1300	aquae	
9-39	1301-1302	'	
9-40	1302-1304	et	
9-41	1305-1311	terrae	
9-42	1312-1319	viribus	
9-43	1320-1321	i	
9-44	1321-1322	.	
9-45	1323-1324	e	
9-46	1324-1325	.	
9-47	1326-1330	fine	
9-48	1331-1338	viscoso	
9-49	1339-1340	E	
9-50	1340-1341	.	

#Text=Sal olei non igneum sed blandum ineft.
10-1	1342-1345	Sal	
10-2	1346-1350	olei	
10-3	1351-1354	non	
10-4	1355-1361	igneum	
10-5	1362-1365	sed	
10-6	1366-1373	blandum	
10-7	1374-1379	ineft	
10-8	1379-1380	.	

#Text=E. mercurius falis olei áqua temperatus.
11-1	1381-1382	E	
11-2	1382-1383	.	
11-3	1384-1393	mercurius	
11-4	1394-1399	falis	
11-5	1400-1404	olei	
11-6	1405-1409	áqua	
11-7	1410-1420	temperatus	
11-8	1420-1421	.	

#Text=Nunc confer haec cum examine chymico: · Omnia fuppeditant multum oleum aethereum sed magis blandum, et aquae viribus temperatum.
12-1	1422-1426	Nunc	
12-2	1427-1433	confer	
12-3	1434-1438	haec	
12-4	1439-1442	cum	
12-5	1443-1450	examine	
12-6	1451-1458	chymico	
12-7	1458-1459	:	
12-8	1460-1461	·	
12-9	1462-1467	Omnia	
12-10	1468-1479	fuppeditant	
12-11	1480-1486	multum	
12-12	1487-1492	oleum	
12-13	1493-1502	aethereum	
12-14	1503-1506	sed	
12-15	1507-1512	magis	
12-16	1513-1520	blandum	
12-17	1520-1521	,	
12-18	1522-1524	et	
12-19	1525-1530	aquae	
12-20	1531-1538	viribus	
12-21	1539-1549	temperatum	
12-22	1549-1550	.	

#Text=Eft 0
#Text=
#Text=
#Text=
#Text=Salia vero effentialia iterum diuerfa funt in his odoribus quod discrimen quidem nunc in fingulis regnis oftendendum eft.
#Text=dor ambrosiacus in regno animali fcilicet in moscho et zibetho : haec fingulare fal habent scilicet magis nitrosum et sulphureum
#Text=
#Text=
#Text=
#Text=cum
#Text=
#Text=
#Text=
#Text=
#Text=
#Text=cum terra antacida.
13-1	1551-1554	Eft	
13-2	1555-1556	0	
13-3	1560-1565	Salia	
13-4	1566-1570	vero	
13-5	1571-1582	effentialia	
13-6	1583-1589	iterum	
13-7	1590-1597	diuerfa	
13-8	1598-1602	funt	
13-9	1603-1605	in	
13-10	1606-1609	his	
13-11	1610-1618	odoribus	
13-12	1619-1623	quod	
13-13	1624-1633	discrimen	
13-14	1634-1640	quidem	
13-15	1641-1645	nunc	
13-16	1646-1648	in	
13-17	1649-1657	fingulis	
13-18	1658-1664	regnis	
13-19	1665-1676	oftendendum	
13-20	1677-1680	eft	
13-21	1680-1681	.	
13-22	1682-1685	dor	
13-23	1686-1697	ambrosiacus	
13-24	1698-1700	in	
13-25	1701-1706	regno	
13-26	1707-1714	animali	
13-27	1715-1723	fcilicet	
13-28	1724-1726	in	
13-29	1727-1733	moscho	
13-30	1734-1736	et	
13-31	1737-1744	zibetho	
13-32	1745-1746	:	
13-33	1747-1751	haec	
13-34	1752-1761	fingulare	
13-35	1762-1765	fal	
13-36	1766-1772	habent	
13-37	1773-1781	scilicet	
13-38	1782-1787	magis	
13-39	1788-1796	nitrosum	
13-40	1797-1799	et	
13-41	1800-1810	sulphureum	
13-42	1814-1817	cum	
13-43	1823-1826	cum	
13-44	1827-1832	terra	
13-45	1833-1841	antacida	
13-46	1841-1842	.	

#Text=Hoc nonfolum ostendit tota humorum animaa lium natura , quae fere nitroso- fulphureo ammoniacalis eft, fed e. tiam alia phoenomena ostendunt; et vt recte haec intelligantur, pluribus de hoc odore loquar.
14-1	1843-1846	Hoc	
14-2	1847-1855	nonfolum	
14-3	1856-1864	ostendit	
14-4	1865-1869	tota	
14-5	1870-1877	humorum	
14-6	1878-1884	animaa	
14-7	1885-1889	lium	
14-8	1890-1896	natura	
14-9	1897-1898	,	
14-10	1899-1903	quae	
14-11	1904-1908	fere	
14-12	1909-1916	nitroso	
14-13	1916-1917	-	
14-14	1918-1927	fulphureo	
14-15	1928-1940	ammoniacalis	
14-16	1941-1944	eft	
14-17	1944-1945	,	
14-18	1946-1949	fed	
14-19	1950-1951	e	
14-20	1951-1952	.	
14-21	1953-1957	tiam	
14-22	1958-1962	alia	
14-23	1963-1973	phoenomena	
14-24	1974-1983	ostendunt	
14-25	1983-1984	;	
14-26	1985-1987	et	
14-27	1988-1990	vt	
14-28	1991-1996	recte	
14-29	1997-2001	haec	
14-30	2002-2015	intelligantur	
14-31	2015-2016	,	
14-32	2017-2025	pluribus	
14-33	2026-2028	de	
14-34	2029-2032	hoc	
14-35	2033-2038	odore	
14-36	2039-2045	loquar	
14-37	2045-2046	.	
