#FORMAT=WebAnno TSV 3.3


#Text=Luchtreizigers dergelijke wolken doorgaande, zien de luchtballon en hun voertuig spoedig bij snerpende koude met duizende naaldjes bedekt.
1-1	3-17	Luchtreizigers	
1-2	18-28	dergelijke	
1-3	29-35	wolken	
1-4	36-46	doorgaande	
1-5	46-47	,	
1-6	48-52	zien	
1-7	53-55	de	
1-8	56-67	luchtballon	
1-9	68-70	en	
1-10	71-74	hun	
1-11	75-83	voertuig	
1-12	84-91	spoedig	
1-13	92-95	bij	
1-14	96-105	snerpende	
1-15	106-111	koude	
1-16	112-115	met	
1-17	116-124	duizende	
1-18	125-133	naaldjes	
1-19	134-140	bedekt	
1-20	140-141	.	

#Text=Maar wij hebben niet op luchtreizigers behoeven te wachten, eer wij tot hun aanwezen besloten.
2-1	142-146	Maar	
2-2	147-150	wij	
2-3	151-157	hebben	
2-4	158-162	niet	
2-5	163-165	op	
2-6	166-180	luchtreizigers	
2-7	181-189	behoeven	
2-8	190-192	te	
2-9	193-200	wachten	
2-10	200-201	,	
2-11	202-205	eer	
2-12	206-209	wij	
2-13	210-213	tot	
2-14	214-217	hun	
2-15	218-226	aanwezen	
2-16	227-235	besloten	
2-17	235-236	.	

#Text=Wij wisten immers, dat water zich als zoodanig kan voordoen, en Bravais vooral zag, dat hij door het vooronderstellen van dezen vorm tevens de verklaring vond 1o.
#Text=van de groote weinig gekleurde kringen, die zich rondom zon en maan op afstanden van 22 graden en het dubbel daarvan kunnen vormen, 2o.
#Text=van de verticale en horizon-
#Text=[
#Text=p. 47]
#Text=
#Text=tale ongekleurde cirkels, welke het lichtend hemelligchaam doorkruisen;
#Text=3o.
#Text=van de bijzonnen en bijmanen;
#Text=4o.
#Text=van de aan eerstgenoemde eirkels rakende bogen; kortom van de prachtige verschijnselen, welke nu en dan, bij heldere nachten en vooral als koude aanstaande is, die reeds in de bovenlucht boven onze hoofden zweeft, zich aan ons vertoonen.
3-1	237-240	Wij	
3-2	241-247	wisten	
3-3	248-254	immers	
3-4	254-255	,	
3-5	256-259	dat	
3-6	260-265	water	
3-7	266-270	zich	
3-8	271-274	als	
3-9	275-283	zoodanig	
3-10	284-287	kan	
3-11	288-296	voordoen	
3-12	296-297	,	
3-13	298-300	en	
3-14	301-308	Bravais	
3-15	309-315	vooral	
3-16	316-319	zag	
3-17	319-320	,	
3-18	321-324	dat	
3-19	325-328	hij	
3-20	329-333	door	
3-21	334-337	het	
3-22	338-354	vooronderstellen	
3-23	355-358	van	
3-24	359-364	dezen	
3-25	365-369	vorm	
3-26	370-376	tevens	
3-27	377-379	de	
3-28	380-390	verklaring	
3-29	391-395	vond	
3-30	396-398	1o	
3-31	398-399	.	
3-32	400-403	van	
3-33	404-406	de	
3-34	407-413	groote	
3-35	414-420	weinig	
3-36	421-430	gekleurde	
3-37	431-438	kringen	
3-38	438-439	,	
3-39	440-443	die	
3-40	444-448	zich	
3-41	449-455	rondom	
3-42	456-459	zon	
3-43	460-462	en	
3-44	463-467	maan	
3-45	468-470	op	
3-46	471-480	afstanden	
3-47	481-484	van	
3-48	485-487	22	
3-49	488-494	graden	
3-50	495-497	en	
3-51	498-501	het	
3-52	502-508	dubbel	
3-53	509-516	daarvan	
3-54	517-523	kunnen	
3-55	524-530	vormen	
3-56	530-531	,	
3-57	532-534	2o	
3-58	534-535	.	
3-59	536-539	van	
3-60	540-542	de	
3-61	543-552	verticale	
3-62	553-555	en	
3-63	556-563	horizon	
3-64	563-564	-	
3-65	565-566	[	
3-66	567-568	p	
3-67	568-569	.	
3-68	570-572	47	
3-69	572-573	]	
3-70	575-579	tale	
3-71	580-591	ongekleurde	
3-72	592-599	cirkels	
3-73	599-600	,	
3-74	601-606	welke	
3-75	607-610	het	
3-76	611-619	lichtend	
3-77	620-633	hemelligchaam	
3-78	634-645	doorkruisen	
3-79	645-646	;	
3-80	647-649	3o	
3-81	649-650	.	
3-82	651-654	van	
3-83	655-657	de	
3-84	658-667	bijzonnen	
3-85	668-670	en	
3-86	671-679	bijmanen	
3-87	679-680	;	
3-88	681-683	4o	
3-89	683-684	.	
3-90	685-688	van	
3-91	689-691	de	
3-92	692-695	aan	
3-93	696-709	eerstgenoemde	
3-94	710-717	eirkels	
3-95	718-725	rakende	
3-96	726-731	bogen	
3-97	731-732	;	
3-98	733-739	kortom	
3-99	740-743	van	
3-100	744-746	de	
3-101	747-756	prachtige	
3-102	757-771	verschijnselen	
3-103	771-772	,	
3-104	773-778	welke	
3-105	779-781	nu	
3-106	782-784	en	
3-107	785-788	dan	
3-108	788-789	,	
3-109	790-793	bij	
3-110	794-801	heldere	
3-111	802-809	nachten	
3-112	810-812	en	
3-113	813-819	vooral	
3-114	820-823	als	
3-115	824-829	koude	
3-116	830-840	aanstaande	
3-117	841-843	is	
3-118	843-844	,	
3-119	845-848	die	
3-120	849-854	reeds	
3-121	855-857	in	
3-122	858-860	de	
3-123	861-871	bovenlucht	
3-124	872-877	boven	
3-125	878-882	onze	
3-126	883-890	hoofden	
3-127	891-897	zweeft	
3-128	897-898	,	
3-129	899-903	zich	
3-130	904-907	aan	
3-131	908-911	ons	
3-132	912-921	vertoonen	
3-133	921-922	.	

#Text=Maandelijks zijn zij in meerdere of mindere mate te zien, maar zeldzaam komen zij tot groote en volledige ontwikkeling, maar trekken dan ook ieders oog zoo als te St.
4-1	923-934	Maandelijks	
4-2	935-939	zijn	
4-3	940-943	zij	
4-4	944-946	in	
4-5	947-955	meerdere	
4-6	956-958	of	
4-7	959-966	mindere	
4-8	967-971	mate	
4-9	972-974	te	
4-10	975-979	zien	
4-11	979-980	,	
4-12	981-985	maar	
4-13	986-994	zeldzaam	
4-14	995-1000	komen	
4-15	1001-1004	zij	
4-16	1005-1008	tot	
4-17	1009-1015	groote	
4-18	1016-1018	en	
4-19	1019-1028	volledige	
4-20	1029-1041	ontwikkeling	
4-21	1041-1042	,	
4-22	1043-1047	maar	
4-23	1048-1055	trekken	
4-24	1056-1059	dan	
4-25	1060-1063	ook	
4-26	1064-1070	ieders	
4-27	1071-1074	oog	
4-28	1075-1078	zoo	
4-29	1079-1082	als	
4-30	1083-1085	te	
4-31	1086-1088	St	
4-32	1088-1089	.	

#Text=Petersburg, 29 Junij 1790, te Danzig in 1610, te Rome en enkele andere malen, volledig ook voor een tiental jaren in Utrecht.
5-1	1090-1100	Petersburg	
5-2	1100-1101	,	
5-3	1102-1104	29	
5-4	1105-1110	Junij	
5-5	1111-1115	1790	
5-6	1115-1116	,	
5-7	1117-1119	te	
5-8	1120-1126	Danzig	
5-9	1127-1129	in	
5-10	1130-1134	1610	
5-11	1134-1135	,	
5-12	1136-1138	te	
5-13	1139-1143	Rome	
5-14	1144-1146	en	
5-15	1147-1153	enkele	
5-16	1154-1160	andere	
5-17	1161-1166	malen	
5-18	1166-1167	,	
5-19	1168-1176	volledig	
5-20	1177-1180	ook	
5-21	1181-1185	voor	
5-22	1186-1189	een	
5-23	1190-1197	tiental	
5-24	1198-1203	jaren	
5-25	1204-1206	in	
5-26	1207-1214	Utrecht	
5-27	1214-1215	.	

#Text=Mogen zij dan al door het bijgeloof als onheilspellende of gelukkige teekenen beschouwd zijn, voor den natuuronderzoeker zijn zij hoogst merkwaardig, omdat met zoo geringe middelen als de kristalvorm van het ijs zoo velerlei tot stand komt en uit dezen alleen zooveel wordt verklaard.
6-1	1217-1222	Mogen	
6-2	1223-1226	zij	
6-3	1227-1230	dan	
6-4	1231-1233	al	
6-5	1234-1238	door	
6-6	1239-1242	het	
6-7	1243-1252	bijgeloof	
6-8	1253-1256	als	
6-9	1257-1272	onheilspellende	
6-10	1273-1275	of	
6-11	1276-1285	gelukkige	
6-12	1286-1294	teekenen	
6-13	1295-1304	beschouwd	
6-14	1305-1309	zijn	
6-15	1309-1310	,	
6-16	1311-1315	voor	
6-17	1316-1319	den	
6-18	1320-1337	natuuronderzoeker	
6-19	1338-1342	zijn	
6-20	1343-1346	zij	
6-21	1347-1353	hoogst	
6-22	1354-1365	merkwaardig	
6-23	1365-1366	,	
6-24	1367-1372	omdat	
6-25	1373-1376	met	
6-26	1377-1380	zoo	
6-27	1381-1388	geringe	
6-28	1389-1397	middelen	
6-29	1398-1401	als	
6-30	1402-1404	de	
6-31	1405-1416	kristalvorm	
6-32	1417-1420	van	
6-33	1421-1424	het	
6-34	1425-1428	ijs	
6-35	1429-1432	zoo	
6-36	1433-1441	velerlei	
6-37	1442-1445	tot	
6-38	1446-1451	stand	
6-39	1452-1456	komt	
6-40	1457-1459	en	
6-41	1460-1463	uit	
6-42	1464-1469	dezen	
6-43	1470-1476	alleen	
6-44	1477-1484	zooveel	
6-45	1485-1490	wordt	
6-46	1491-1500	verklaard	
6-47	1500-1501	.	

#Text=Zoo geven ons de verschillende vereenigingen der waterdeeltjes in de lucht boven ons aangegaan schoone kleurschakeringen zelfs in den vorm, waarin die moleculen schijnbaar dood zijn en nu sprak ik nog niet eens van het geval, dat de waterdamp lager in de lucht aan uitstekende voorwerpen, aan de fijne takken der boomen zich als ijsnaalden afzet, die ingeval van daarop volgend helder weder, het licht der zon in duizenden rigtingen en uit duizenden punten weêrkaatsen, zoodat het winterkleed der natuur als met diamanten is bezaaid.
7-1	1502-1505	Zoo	
7-2	1506-1511	geven	
7-3	1512-1515	ons	
7-4	1516-1518	de	
7-5	1519-1532	verschillende	
7-6	1533-1546	vereenigingen	
7-7	1547-1550	der	
7-8	1551-1564	waterdeeltjes	
7-9	1565-1567	in	
7-10	1568-1570	de	
7-11	1571-1576	lucht	
7-12	1577-1582	boven	
7-13	1583-1586	ons	
7-14	1587-1596	aangegaan	
7-15	1597-1604	schoone	
7-16	1605-1622	kleurschakeringen	
7-17	1623-1628	zelfs	
7-18	1629-1631	in	
7-19	1632-1635	den	
7-20	1636-1640	vorm	
7-21	1640-1641	,	
7-22	1642-1648	waarin	
7-23	1649-1652	die	
7-24	1653-1662	moleculen	
7-25	1663-1673	schijnbaar	
7-26	1674-1678	dood	
7-27	1679-1683	zijn	
7-28	1684-1686	en	
7-29	1687-1689	nu	
7-30	1690-1695	sprak	
7-31	1696-1698	ik	
7-32	1699-1702	nog	
7-33	1703-1707	niet	
7-34	1708-1712	eens	
7-35	1713-1716	van	
7-36	1717-1720	het	
7-37	1721-1726	geval	
7-38	1726-1727	,	
7-39	1728-1731	dat	
7-40	1732-1734	de	
7-41	1735-1744	waterdamp	
7-42	1745-1750	lager	
7-43	1751-1753	in	
7-44	1754-1756	de	
7-45	1757-1762	lucht	
7-46	1763-1766	aan	
7-47	1767-1778	uitstekende	
7-48	1779-1789	voorwerpen	
7-49	1789-1790	,	
7-50	1791-1794	aan	
7-51	1795-1797	de	
7-52	1798-1803	fijne	
7-53	1804-1810	takken	
7-54	1811-1814	der	
7-55	1815-1821	boomen	
7-56	1822-1826	zich	
7-57	1827-1830	als	
7-58	1831-1841	ijsnaalden	
7-59	1842-1847	afzet	
7-60	1847-1848	,	
7-61	1849-1852	die	
7-62	1853-1860	ingeval	
7-63	1861-1864	van	
7-64	1865-1871	daarop	
7-65	1872-1879	volgend	
7-66	1880-1886	helder	
7-67	1887-1892	weder	
7-68	1892-1893	,	
7-69	1894-1897	het	
7-70	1898-1903	licht	
7-71	1904-1907	der	
7-72	1908-1911	zon	
7-73	1912-1914	in	
7-74	1915-1924	duizenden	
7-75	1925-1934	rigtingen	
7-76	1935-1937	en	
7-77	1938-1941	uit	
7-78	1942-1951	duizenden	
7-79	1952-1958	punten	
7-80	1959-1970	weêrkaatsen	
7-81	1970-1971	,	
7-82	1972-1978	zoodat	
7-83	1979-1982	het	
7-84	1983-1994	winterkleed	
7-85	1995-1998	der	
7-86	1999-2005	natuur	
7-87	2006-2009	als	
7-88	2010-2013	met	
7-89	2014-2023	diamanten	
7-90	2024-2026	is	
7-91	2027-2034	bezaaid	
7-92	2034-2035	.	

#Text=In die laatst beschouwde vormen doen zich de individuen niet in grooten getale voor, zijn althans niet zoo algemeen zigtbaar, maar veelvuldiger geschiedt het, dat in de lucht zelve zich de naaldjes aaneen hechten onder bepaalde hoeken, door den kristalvorm des waters bepaald.
8-1	2036-2038	In	
8-2	2039-2042	die	
8-3	2043-2049	laatst	
8-4	2050-2060	beschouwde	
8-5	2061-2067	vormen	
8-6	2068-2072	doen	
8-7	2073-2077	zich	
8-8	2078-2080	de	
8-9	2081-2091	individuen	
8-10	2092-2096	niet	
8-11	2097-2099	in	
8-12	2100-2107	grooten	
8-13	2108-2114	getale	
8-14	2115-2119	voor	
8-15	2119-2120	,	
8-16	2121-2125	zijn	
8-17	2126-2133	althans	
8-18	2134-2138	niet	
8-19	2139-2142	zoo	
8-20	2143-2151	algemeen	
8-21	2152-2160	zigtbaar	
8-22	2160-2161	,	
8-23	2162-2166	maar	
8-24	2167-2179	veelvuldiger	
8-25	2180-2189	geschiedt	
8-26	2190-2193	het	
8-27	2193-2194	,	
8-28	2195-2198	dat	
8-29	2199-2201	in	
8-30	2202-2204	de	
8-31	2205-2210	lucht	
8-32	2211-2216	zelve	
8-33	2217-2221	zich	
8-34	2222-2224	de	
8-35	2225-2233	naaldjes	
8-36	2234-2240	aaneen	
8-37	2241-2248	hechten	
8-38	2249-2254	onder	
8-39	2255-2263	bepaalde	
8-40	2264-2270	hoeken	
8-41	2270-2271	,	
8-42	2272-2276	door	
8-43	2277-2280	den	
8-44	2281-2292	kristalvorm	
8-45	2293-2296	des	
8-46	2297-2303	waters	
8-47	2304-2311	bepaald	
8-48	2311-2312	.	

#Text=Vangt men ze voorzigtig op, zoo kan men schoone zamenstellingen daarvan beschouwen.
9-1	2313-2318	Vangt	
9-2	2319-2322	men	
9-3	2323-2325	ze	
9-4	2326-2336	voorzigtig	
9-5	2337-2339	op	
9-6	2339-2340	,	
9-7	2341-2344	zoo	
9-8	2345-2348	kan	
9-9	2349-2352	men	
9-10	2353-2360	schoone	
9-11	2361-2376	zamenstellingen	
9-12	2377-2384	daarvan	
9-13	2385-2395	beschouwen	
9-14	2395-2396	.	

#Text=De vallende sneeuwvlokken vertoonen zich als kantwerk van groote fijnheid, de tallooze mogelijkheden der combinatien doen
#Text=velerlei figuren ontstaan, uit eene andere sneeuwbui weder andere vormen; zelfs uit eenzelfde sneeuwbui, als die tusschenbeide eens verflaauwd was of bijna opgehouden had, na de hervatting weder nieuwe figuren.
10-1	2397-2399	De	
10-2	2400-2408	vallende	
10-3	2409-2422	sneeuwvlokken	
10-4	2423-2432	vertoonen	
10-5	2433-2437	zich	
10-6	2438-2441	als	
10-7	2442-2450	kantwerk	
10-8	2451-2454	van	
10-9	2455-2461	groote	
10-10	2462-2470	fijnheid	
10-11	2470-2471	,	
10-12	2472-2474	de	
10-13	2475-2483	tallooze	
10-14	2484-2497	mogelijkheden	
10-15	2498-2501	der	
10-16	2502-2513	combinatien	
10-17	2514-2518	doen	
10-18	2519-2527	velerlei	
10-19	2528-2535	figuren	
10-20	2536-2544	ontstaan	
10-21	2544-2545	,	
10-22	2546-2549	uit	
10-23	2550-2554	eene	
10-24	2555-2561	andere	
10-25	2562-2571	sneeuwbui	
10-26	2572-2577	weder	
10-27	2578-2584	andere	
10-28	2585-2591	vormen	
10-29	2591-2592	;	
10-30	2593-2598	zelfs	
10-31	2599-2602	uit	
10-32	2603-2612	eenzelfde	
10-33	2613-2622	sneeuwbui	
10-34	2622-2623	,	
10-35	2624-2627	als	
10-36	2628-2631	die	
10-37	2632-2645	tusschenbeide	
10-38	2646-2650	eens	
10-39	2651-2661	verflaauwd	
10-40	2662-2665	was	
10-41	2666-2668	of	
10-42	2669-2674	bijna	
10-43	2675-2685	opgehouden	
10-44	2686-2689	had	
10-45	2689-2690	,	
10-46	2691-2693	na	
10-47	2694-2696	de	
10-48	2697-2707	hervatting	
10-49	2708-2713	weder	
10-50	2714-2720	nieuwe	
10-51	2721-2728	figuren	
10-52	2728-2729	.	

#Text=Weldra zijn zij echter in zulk eene hoeveelheid gevallen, dat zij elkander bedekken, aan elkander kleven, de onderste verbreken en te zamen een donzig kleed vormen, dat versch gevallen en door geen smet nog ontsierd, het reinste wit ons geeft, althans even rein als de zon zelve.
11-1	2730-2736	Weldra	
11-2	2737-2741	zijn	
11-3	2742-2745	zij	
11-4	2746-2752	echter	
11-5	2753-2755	in	
11-6	2756-2760	zulk	
11-7	2761-2765	eene	
11-8	2766-2777	hoeveelheid	
11-9	2778-2786	gevallen	
11-10	2786-2787	,	
11-11	2788-2791	dat	
11-12	2792-2795	zij	
11-13	2796-2804	elkander	
11-14	2805-2813	bedekken	
11-15	2813-2814	,	
11-16	2815-2818	aan	
11-17	2819-2827	elkander	
11-18	2828-2834	kleven	
11-19	2834-2835	,	
11-20	2836-2838	de	
11-21	2839-2847	onderste	
11-22	2848-2857	verbreken	
11-23	2858-2860	en	
11-24	2861-2863	te	
11-25	2864-2869	zamen	
11-26	2870-2873	een	
11-27	2874-2880	donzig	
11-28	2881-2886	kleed	
11-29	2887-2893	vormen	
11-30	2893-2894	,	
11-31	2895-2898	dat	
11-32	2899-2905	versch	
11-33	2906-2914	gevallen	
11-34	2915-2917	en	
11-35	2918-2922	door	
11-36	2923-2927	geen	
11-37	2928-2932	smet	
11-38	2933-2936	nog	
11-39	2937-2945	ontsierd	
11-40	2945-2946	,	
11-41	2947-2950	het	
11-42	2951-2958	reinste	
11-43	2959-2962	wit	
11-44	2963-2966	ons	
11-45	2967-2972	geeft	
11-46	2972-2973	,	
11-47	2974-2981	althans	
11-48	2982-2986	even	
11-49	2987-2991	rein	
11-50	2992-2995	als	
11-51	2996-2998	de	
11-52	2999-3002	zon	
11-53	3003-3008	zelve	
11-54	3008-3009	.	

#Text=Onafgebroken
12-1	3010-3022	Onafgebroken	
