#FORMAT=WebAnno TSV 3.3


#Text=Equito.
1-1	2-8	Equito	
1-2	8-9	.	

#Text=Ick
#Text={ Rijm.
2-1	12-15	Ick	
2-2	16-17	{	
2-3	18-22	Rijm	
2-4	22-23	.	

#Text=Ie rhime.
3-1	24-26	Ie	
3-2	27-32	rhime	
3-3	32-33	.	

#Text=Versifico.
4-1	34-43	Versifico	
4-2	43-44	.	

#Text=Ick {
#Text=Ryp
#Text=.
5-1	47-50	Ick	
5-2	51-52	{	
5-3	53-56	Ryp	
5-4	57-58	.	

#Text=Ie meuris.
6-1	59-61	Ie	
6-2	62-68	meuris	
6-3	68-69	.	

#Text=Praecoque.
7-1	70-79	Praecoque	
7-2	79-80	.	

#Text=Ick
#Text={ Rys.
8-1	83-86	Ick	
8-2	87-88	{	
8-3	89-92	Rys	
8-4	92-93	.	

#Text=Ie me leue.
9-1	94-96	Ie	
9-2	97-99	me	
9-3	100-104	leue	
9-4	104-105	.	

#Text=Subleuo.
10-1	106-113	Subleuo	
10-2	113-114	.	

#Text=Ick
#Text={ Rips.
11-1	117-120	Ick	
11-2	121-122	{	
11-3	123-127	Rips	
11-4	127-128	.	
