#FORMAT=WebAnno TSV 3.3
#T_SP=custom.Span|label
#T_RL=custom.Relation|label|BT_custom.Span


#Text=Aber gleichwol ſo beſchreibet er vns zu
#Text=gleich ſummi Judicis iram, den fewer-brennenden Zorn deß Hoͤheſten vnd
#Text=vnd ſtrengeſten Richters/ welcher ſonderlich in ſolchen wettern herfuͤr leuch-
#Text=tet.
1-1	2-6	Aber	_	_	_	
1-2	7-16	gleichwol	_	_	_	
1-3	17-19	ſo	_	_	_	
1-4	20-31	beſchreibet	_	_	_	
1-5	32-34	er	_	_	_	
1-6	35-38	vns	_	_	_	
1-7	39-41	zu	_	_	_	
1-8	42-48	gleich	_	_	_	
1-9	49-54	ſummi	_	_	_	
1-10	55-62	Judicis	_	_	_	
1-11	63-67	iram	_	_	_	
1-12	67-68	,	_	_	_	
1-13	69-72	den	_	_	_	
1-14	73-89	fewer-brennenden	_	_	_	
1-15	90-94	Zorn	_	_	_	
1-16	95-98	deß	_	_	_	
1-17	99-108	Hoͤheſten	_	_	_	
1-18	109-112	vnd	_	_	_	
1-19	113-116	vnd	_	_	_	
1-20	117-128	ſtrengeſten	_	_	_	
1-21	129-137	Richters	_	_	_	
1-22	137-138	/	_	_	_	
1-23	139-146	welcher	_	_	_	
1-24	147-157	ſonderlich	_	_	_	
1-25	158-160	in	_	_	_	
1-26	161-168	ſolchen	_	_	_	
1-27	169-176	wettern	_	_	_	
1-28	177-184	herfuͤr	_	_	_	
1-29	185-190	leuch	_	_	_	
1-30	190-191	-	_	_	_	
1-31	192-195	tet	_	_	_	
1-32	195-196	.	_	_	_	

#Text=Jſt ein Gleichnuͤß genommen nicht nur von Menſchen/ welcher wann
#Text=er zuͤrnet/ ſo wird ſeine Naß alterirt, er ſchnaubet/ es gehet ein dampff
#Text=davon/ ſondern auch von den vnvernuͤnfftigen Thieren/ deren zorn gleicher
#Text=geſtallt beſchrieben wird;
#Text=Das iſt preiß ſeiner Naſen/ was ſchroͤck-
#Text=lich iſt/ das iſt/ wie es Lutherus erklaͤret/
#Text=Er iſt nur deſto trutziger vnd
#Text=
#Text=muthiger/ vnd ſchnaubet/ wo ſchroͤckliche ding als Streit vnd Krieg vor-
#Text=handen.
2-1	197-200	Jſt	_	_	_	
2-2	201-204	ein	_	_	_	
2-3	205-215	Gleichnuͤß	_	_	_	
2-4	216-224	genommen	_	_	_	
2-5	225-230	nicht	_	_	_	
2-6	231-234	nur	_	_	_	
2-7	235-238	von	_	_	_	
2-8	239-247	Menſchen	_	_	_	
2-9	247-248	/	_	_	_	
2-10	249-256	welcher	_	_	_	
2-11	257-261	wann	_	_	_	
2-12	262-264	er	_	_	_	
2-13	265-272	zuͤrnet	_	_	_	
2-14	272-273	/	_	_	_	
2-15	274-276	ſo	_	_	_	
2-16	277-281	wird	_	_	_	
2-17	282-287	ſeine	_	_	_	
2-18	288-291	Naß	_	_	_	
2-19	292-300	alterirt	_	_	_	
2-20	300-301	,	_	_	_	
2-21	302-304	er	_	_	_	
2-22	305-314	ſchnaubet	_	_	_	
2-23	314-315	/	_	_	_	
2-24	316-318	es	_	_	_	
2-25	319-324	gehet	_	_	_	
2-26	325-328	ein	_	_	_	
2-27	329-335	dampff	_	_	_	
2-28	336-341	davon	_	_	_	
2-29	341-342	/	_	_	_	
2-30	343-350	ſondern	_	_	_	
2-31	351-355	auch	_	_	_	
2-32	356-359	von	_	_	_	
2-33	360-363	den	_	_	_	
2-34	364-380	vnvernuͤnfftigen	_	_	_	
2-35	381-388	Thieren	_	_	_	
2-36	388-389	/	_	_	_	
2-37	390-395	deren	_	_	_	
2-38	396-400	zorn	_	_	_	
2-39	401-409	gleicher	_	_	_	
2-40	410-418	geſtallt	_	_	_	
2-41	419-430	beſchrieben	_	_	_	
2-42	431-435	wird	_	_	_	
2-43	435-436	;	_	_	_	
2-44	437-440	Das	_	_	_	
2-45	441-444	iſt	_	_	_	
2-46	445-450	preiß	_	_	_	
2-47	451-457	ſeiner	_	_	_	
2-48	458-463	Naſen	_	_	_	
2-49	463-464	/	_	_	_	
2-50	465-468	was	_	_	_	
2-51	469-477	ſchroͤck	_	_	_	
2-52	477-478	-	_	_	_	
2-53	479-483	lich	_	_	_	
2-54	484-487	iſt	_	_	_	
2-55	487-488	/	_	_	_	
2-56	489-492	das	_	_	_	
2-57	493-496	iſt	_	_	_	
2-58	496-497	/	_	_	_	
2-59	498-501	wie	_	_	_	
2-60	502-504	es	_	_	_	
2-61	505-513	Lutherus	_	_	_	
2-62	514-523	erklaͤret	_	_	_	
2-63	523-524	/	_	_	_	
2-64	525-527	Er	_	_	_	
2-65	528-531	iſt	_	_	_	
2-66	532-535	nur	_	_	_	
2-67	536-541	deſto	_	_	_	
2-68	542-551	trutziger	_	_	_	
2-69	552-555	vnd	_	_	_	
2-70	557-565	muthiger	_	_	_	
2-71	565-566	/	_	_	_	
2-72	567-570	vnd	_	_	_	
2-73	571-580	ſchnaubet	_	_	_	
2-74	580-581	/	_	_	_	
2-75	582-584	wo	_	_	_	
2-76	585-598	ſchroͤckliche	_	_	_	
2-77	599-603	ding	_	_	_	
2-78	604-607	als	_	_	_	
2-79	608-614	Streit	_	_	_	
2-80	615-618	vnd	_	_	_	
2-81	619-624	Krieg	_	_	_	
2-82	625-628	vor	_	_	_	
2-83	628-629	-	_	_	_	
2-84	630-636	handen	_	_	_	
2-85	636-637	.	_	_	_	

#Text=Auß der Naſen deß Leviathan/ das iſt/ deß Wahlfiſches/
#Text=
#Text=gehet Rauch/ wie von heiſſen Toͤpffen vnd Keſſeln.
3-1	638-641	Auß	_	_	_	
3-2	642-645	der	_	_	_	
3-3	646-651	Naſen	_	_	_	
3-4	652-655	deß	_	_	_	
3-5	656-665	Leviathan	_	_	_	
3-6	665-666	/	_	_	_	
3-7	667-670	das	_	_	_	
3-8	671-674	iſt	_	_	_	
3-9	674-675	/	_	_	_	
3-10	676-679	deß	_	_	_	
3-11	680-691	Wahlfiſches	_	_	_	
3-12	691-692	/	_	_	_	
3-13	694-699	gehet	_	_	_	
3-14	700-705	Rauch	_	_	_	
3-15	705-706	/	_	_	_	
3-16	707-710	wie	_	_	_	
3-17	711-714	von	_	_	_	
3-18	715-722	heiſſen	_	_	_	
3-19	723-731	Toͤpffen	_	_	_	
3-20	732-735	vnd	_	_	_	
3-21	736-743	Keſſeln	_	_	_	
3-22	743-744	.	_	_	_	

#Text=Alſo will Da-
#Text=vid ſagen:
#Text=O Herr/ wann du gleichſam dich armireſt vnd zu Lufft zieheſt/
#Text=
#Text=wann du deine Hagel-geſchuͤtz aufffuͤhreſt vnd mit Canonen herunder
#Text=ſchieſſeſt/
#Text=ſo iſt das ein zeichen deines Zorns/ ſo erreget ſich der dampff deiner
#Text=Naſen/ bezeugeſt damit/ daß du ein Heyliger vnd gerechter Gott ſeyeſt/ den
#Text=Suͤnden geſtanck vnd gifftige vapores nicht leideſt/ ſondern diſſipireſt/
#Text=
#Text=gleich wie die Blitze die Lufft von den ſchaͤdlichen/ faulen vnd gifftigen
#Text=duͤn-
#Text=ſten purificiren vnd reinigen.
4-1	745-749	Alſo	_	_	_	
4-2	750-754	will	_	_	_	
4-3	755-757	Da	_	_	_	
4-4	757-758	-	_	_	_	
4-5	759-762	vid	_	_	_	
4-6	763-768	ſagen	_	_	_	
4-7	768-769	:	_	_	_	
4-8	770-771	O	_	_	_	
4-9	772-776	Herr	_	_	_	
4-10	776-777	/	_	_	_	
4-11	778-782	wann	_	_	_	
4-12	783-785	du	_	_	_	
4-13	786-795	gleichſam	_	_	_	
4-14	796-800	dich	_	_	_	
4-15	801-809	armireſt	_	_	_	
4-16	810-813	vnd	_	_	_	
4-17	814-816	zu	_	_	_	
4-18	817-822	Lufft	_	_	_	
4-19	823-830	zieheſt	_	_	_	
4-20	830-831	/	_	_	_	
4-21	833-837	wann	_	_	_	
4-22	838-840	du	_	_	_	
4-23	841-846	deine	_	_	_	
4-24	847-862	Hagel-geſchuͤtz	_	_	_	
4-25	863-875	aufffuͤhreſt	_	_	_	
4-26	876-879	vnd	_	_	_	
4-27	880-883	mit	_	_	_	
4-28	884-891	Canonen	_	_	_	
4-29	892-900	herunder	_	_	_	
4-30	901-911	ſchieſſeſt	_	_	_	
4-31	911-912	/	_	_	_	
4-32	913-915	ſo	_	_	_	
4-33	916-919	iſt	_	_	_	
4-34	920-923	das	_	_	_	
4-35	924-927	ein	_	_	_	
4-36	928-935	zeichen	_	_	_	
4-37	936-942	deines	_	_	_	
4-38	943-948	Zorns	_	_	_	
4-39	948-949	/	_	_	_	
4-40	950-952	ſo	_	_	_	
4-41	953-960	erreget	_	_	_	
4-42	961-965	ſich	_	_	_	
4-43	966-969	der	_	_	_	
4-44	970-976	dampff	_	_	_	
4-45	977-983	deiner	_	_	_	
4-46	984-989	Naſen	_	_	_	
4-47	989-990	/	_	_	_	
4-48	991-1000	bezeugeſt	_	_	_	
4-49	1001-1006	damit	_	_	_	
4-50	1006-1007	/	_	_	_	
4-51	1008-1011	daß	_	_	_	
4-52	1012-1014	du	_	_	_	
4-53	1015-1018	ein	_	_	_	
4-54	1019-1027	Heyliger	_	_	_	
4-55	1028-1031	vnd	_	_	_	
4-56	1032-1041	gerechter	_	_	_	
4-57	1042-1046	Gott	Perceiver	_	_	
4-58	1047-1053	ſeyeſt	_	_	_	
4-59	1053-1054	/	_	_	_	
4-60	1055-1058	den	_	_	_	
4-61	1059-1066	Suͤnden	Smell\_Source	_	_	
4-62	1067-1075	geſtanck	Quality[1]|Smell\_Word[2]	*|*|*	4-62[1_2]|4-61[0_2]|4-57[0_2]	
4-63	1076-1079	vnd	_	_	_	
4-64	1080-1088	gifftige	_	_	_	
4-65	1089-1096	vapores	_	_	_	
4-66	1097-1102	nicht	_	_	_	
4-67	1103-1110	leideſt	_	_	_	
4-68	1110-1111	/	_	_	_	
4-69	1112-1119	ſondern	_	_	_	
4-70	1120-1131	diſſipireſt	_	_	_	
4-71	1131-1132	/	_	_	_	
4-72	1134-1140	gleich	_	_	_	
4-73	1141-1144	wie	_	_	_	
4-74	1145-1148	die	_	_	_	
4-75	1149-1155	Blitze	_	_	_	
4-76	1156-1159	die	_	_	_	
4-77	1160-1165	Lufft	_	_	_	
4-78	1166-1169	von	_	_	_	
4-79	1170-1173	den	_	_	_	
4-80	1174-1186	ſchaͤdlichen	Quality	_	_	
4-81	1186-1187	/	_	_	_	
4-82	1188-1194	faulen	Quality	_	_	
4-83	1195-1198	vnd	_	_	_	
4-84	1199-1208	gifftigen	Quality	_	_	
4-85	1209-1213	duͤn	Smell\_Word[3]	*|*|*	4-82[0_3]|4-80[0_3]|4-84[0_3]	
4-86	1213-1214	-	Smell\_Word[3]	_	_	
4-87	1215-1219	ſten	Smell\_Word[3]	_	_	
4-88	1220-1231	purificiren	_	_	_	
4-89	1232-1235	vnd	_	_	_	
4-90	1236-1244	reinigen	_	_	_	
4-91	1244-1245	.	_	_	_	

#Text=Sein Zorn iſt ein maͤchtiger zorn/ bey vns
#Text=Menſchen heiſſets: vana eſt ſine viribus ira;
#Text=das iſt ein todter vnd vergeb-
#Text=licher Zorn/ wañ man die kraͤffte nicht hat denſelben zu erkuͤhlen: aber hie gilt
#Text=das Spruͤchwort:
#Text=ubi ira cum potentiâ habitat fulmen eſt, wo Zorn vnd
#Text=gewalt nimt vberhand/
#Text=da ſchlaͤgt Hagel vnd Stral ins Land/ das hat So-
#Text=dom erfahren/
#Text=Jeruſalem hats empfunden/
#Text=Teutſchland iſt gewitziget wor-
#Text=den/ Gottes eygener Sohn am Creutz iſts mit Ach vnd Wehe iñen worden.
5-1	1246-1250	Sein	_	_	_	
5-2	1251-1255	Zorn	_	_	_	
5-3	1256-1259	iſt	_	_	_	
5-4	1260-1263	ein	_	_	_	
5-5	1264-1274	maͤchtiger	_	_	_	
5-6	1275-1279	zorn	_	_	_	
5-7	1279-1280	/	_	_	_	
5-8	1281-1284	bey	_	_	_	
5-9	1285-1288	vns	_	_	_	
5-10	1289-1297	Menſchen	_	_	_	
5-11	1298-1306	heiſſets	_	_	_	
5-12	1306-1307	:	_	_	_	
5-13	1308-1312	vana	_	_	_	
5-14	1313-1316	eſt	_	_	_	
5-15	1317-1321	ſine	_	_	_	
5-16	1322-1329	viribus	_	_	_	
5-17	1330-1333	ira	_	_	_	
5-18	1333-1334	;	_	_	_	
5-19	1335-1338	das	_	_	_	
5-20	1339-1342	iſt	_	_	_	
5-21	1343-1346	ein	_	_	_	
5-22	1347-1353	todter	_	_	_	
5-23	1354-1357	vnd	_	_	_	
5-24	1358-1364	vergeb	_	_	_	
5-25	1364-1365	-	_	_	_	
5-26	1366-1372	licher	_	_	_	
5-27	1373-1377	Zorn	_	_	_	
5-28	1377-1378	/	_	_	_	
5-29	1379-1383	wañ	_	_	_	
5-30	1384-1387	man	_	_	_	
5-31	1388-1391	die	_	_	_	
5-32	1392-1400	kraͤffte	_	_	_	
5-33	1401-1406	nicht	_	_	_	
5-34	1407-1410	hat	_	_	_	
5-35	1411-1420	denſelben	_	_	_	
5-36	1421-1423	zu	_	_	_	
5-37	1424-1433	erkuͤhlen	_	_	_	
5-38	1433-1434	:	_	_	_	
5-39	1435-1439	aber	_	_	_	
5-40	1440-1443	hie	_	_	_	
5-41	1444-1448	gilt	_	_	_	
5-42	1449-1452	das	_	_	_	
5-43	1453-1464	Spruͤchwort	_	_	_	
5-44	1464-1465	:	_	_	_	
5-45	1466-1469	ubi	_	_	_	
5-46	1470-1473	ira	_	_	_	
5-47	1474-1477	cum	_	_	_	
5-48	1478-1486	potentiâ	_	_	_	
5-49	1487-1494	habitat	_	_	_	
5-50	1495-1501	fulmen	_	_	_	
5-51	1502-1505	eſt	_	_	_	
5-52	1505-1506	,	_	_	_	
5-53	1507-1509	wo	_	_	_	
5-54	1510-1514	Zorn	_	_	_	
5-55	1515-1518	vnd	_	_	_	
5-56	1519-1525	gewalt	_	_	_	
5-57	1526-1530	nimt	_	_	_	
5-58	1531-1539	vberhand	_	_	_	
5-59	1539-1540	/	_	_	_	
5-60	1541-1543	da	_	_	_	
5-61	1544-1552	ſchlaͤgt	_	_	_	
5-62	1553-1558	Hagel	_	_	_	
5-63	1559-1562	vnd	_	_	_	
5-64	1563-1568	Stral	_	_	_	
5-65	1569-1572	ins	_	_	_	
5-66	1573-1577	Land	_	_	_	
5-67	1577-1578	/	_	_	_	
5-68	1579-1582	das	_	_	_	
5-69	1583-1586	hat	_	_	_	
5-70	1587-1589	So	_	_	_	
5-71	1589-1590	-	_	_	_	
5-72	1591-1594	dom	_	_	_	
5-73	1595-1603	erfahren	_	_	_	
5-74	1603-1604	/	_	_	_	
5-75	1605-1614	Jeruſalem	_	_	_	
5-76	1615-1619	hats	_	_	_	
5-77	1620-1629	empfunden	_	_	_	
5-78	1629-1630	/	_	_	_	
5-79	1631-1642	Teutſchland	_	_	_	
5-80	1643-1646	iſt	_	_	_	
5-81	1647-1657	gewitziget	_	_	_	
5-82	1658-1661	wor	_	_	_	
5-83	1661-1662	-	_	_	_	
5-84	1663-1666	den	_	_	_	
5-85	1666-1667	/	_	_	_	
5-86	1668-1674	Gottes	_	_	_	
5-87	1675-1682	eygener	_	_	_	
5-88	1683-1687	Sohn	_	_	_	
5-89	1688-1690	am	_	_	_	
5-90	1691-1697	Creutz	_	_	_	
5-91	1698-1702	iſts	_	_	_	
5-92	1703-1706	mit	_	_	_	
5-93	1707-1710	Ach	_	_	_	
5-94	1711-1714	vnd	_	_	_	
5-95	1715-1719	Wehe	_	_	_	
5-96	1720-1725	iñen	_	_	_	
5-97	1726-1732	worden	_	_	_	
5-98	1732-1733	.	_	_	_	
