#FORMAT=WebAnno TSV 3.3
#T_SP=custom.Span|label
#T_RL=custom.Relation|label|BT_custom.Span


#Text=Aufbleiben dahinten!
1-1	2-12	Aufbleiben	_	_	_	
1-2	13-21	dahinten	_	_	_	
1-3	21-22	!	_	_	_	

#Text=“
#Text=
#Text=
#Text=
#Text=Ach, zu des Geistes
#Text=Flügeln wird so bald
#Text=
#Text=
#Text=Kein körperlicher Flügel sich gesellen!
2-1	22-23	“	_	_	_	
2-2	27-30	Ach	_	_	_	
2-3	30-31	,	_	_	_	
2-4	32-34	zu	_	_	_	
2-5	35-38	des	_	_	_	
2-6	39-46	Geistes	_	_	_	
2-7	47-54	Flügeln	_	_	_	
2-8	55-59	wird	_	_	_	
2-9	60-62	so	_	_	_	
2-10	63-67	bald	_	_	_	
2-11	70-74	Kein	_	_	_	
2-12	75-87	körperlicher	_	_	_	
2-13	88-94	Flügel	_	_	_	
2-14	95-99	sich	_	_	_	
2-15	100-108	gesellen	_	_	_	
2-16	108-109	!	_	_	_	

#Text=Endlich erreichten wir das Dorf Orainville, den Ruheort des Füsilier-Regiments 73, eins der typischen Nester jener Gegend, gebildet durch 50 Häuschen aus Ziegel- oder Kreidesteinen um einen parkumschlossenen Herrensitz.
3-1	112-119	Endlich	_	_	_	
3-2	120-130	erreichten	_	_	_	
3-3	131-134	wir	_	_	_	
3-4	135-138	das	_	_	_	
3-5	139-143	Dorf	_	_	_	
3-6	144-154	Orainville	_	_	_	
3-7	154-155	,	_	_	_	
3-8	156-159	den	_	_	_	
3-9	160-167	Ruheort	_	_	_	
3-10	168-171	des	_	_	_	
3-11	172-190	Füsilier-Regiments	_	_	_	
3-12	191-193	73	_	_	_	
3-13	193-194	,	_	_	_	
3-14	195-199	eins	_	_	_	
3-15	200-203	der	_	_	_	
3-16	204-213	typischen	_	_	_	
3-17	214-220	Nester	_	_	_	
3-18	221-226	jener	_	_	_	
3-19	227-233	Gegend	_	_	_	
3-20	233-234	,	_	_	_	
3-21	235-243	gebildet	_	_	_	
3-22	244-249	durch	_	_	_	
3-23	250-252	50	_	_	_	
3-24	253-261	Häuschen	_	_	_	
3-25	262-265	aus	_	_	_	
3-26	266-272	Ziegel	_	_	_	
3-27	272-273	-	_	_	_	
3-28	274-278	oder	_	_	_	
3-29	279-292	Kreidesteinen	_	_	_	
3-30	293-295	um	_	_	_	
3-31	296-301	einen	_	_	_	
3-32	302-319	parkumschlossenen	_	_	_	
3-33	320-330	Herrensitz	_	_	_	
3-34	330-331	.	_	_	_	

#Text=Das Treiben auf der Dorfstraße bot den kulturgewohnten Augen einen fremden Anblick.
4-1	335-338	Das	_	_	_	
4-2	339-346	Treiben	_	_	_	
4-3	347-350	auf	_	_	_	
4-4	351-354	der	_	_	_	
4-5	355-365	Dorfstraße	_	_	_	
4-6	366-369	bot	_	_	_	
4-7	370-373	den	_	_	_	
4-8	374-389	kulturgewohnten	_	_	_	
4-9	390-395	Augen	_	_	_	
4-10	396-401	einen	_	_	_	
4-11	402-409	fremden	_	_	_	
4-12	410-417	Anblick	_	_	_	
4-13	417-418	.	_	_	_	

#Text=Man sah nur wenige scheue und zerlumpte Zivilisten;
#Text=überall Soldaten in abgetragenen, zerschlissenen Röcken mit wettergegerbten, meist von großen Bärten umrahmten Gesichtern, die langsamen Schrittes dahinschlenderten oder in kleinen Gruppen vor den Türen der Häuser standen und uns Neulinge mit Scherzrufen empfingen.
5-1	419-422	Man	_	_	_	
5-2	423-426	sah	_	_	_	
5-3	427-430	nur	_	_	_	
5-4	431-437	wenige	_	_	_	
5-5	438-444	scheue	_	_	_	
5-6	445-448	und	_	_	_	
5-7	449-458	zerlumpte	_	_	_	
5-8	459-469	Zivilisten	_	_	_	
5-9	469-470	;	_	_	_	
5-10	471-478	überall	_	_	_	
5-11	479-487	Soldaten	_	_	_	
5-12	488-490	in	_	_	_	
5-13	491-503	abgetragenen	_	_	_	
5-14	503-504	,	_	_	_	
5-15	505-519	zerschlissenen	_	_	_	
5-16	520-526	Röcken	_	_	_	
5-17	527-530	mit	_	_	_	
5-18	531-546	wettergegerbten	_	_	_	
5-19	546-547	,	_	_	_	
5-20	548-553	meist	_	_	_	
5-21	554-557	von	_	_	_	
5-22	558-564	großen	_	_	_	
5-23	565-571	Bärten	_	_	_	
5-24	572-581	umrahmten	_	_	_	
5-25	582-592	Gesichtern	_	_	_	
5-26	592-593	,	_	_	_	
5-27	594-597	die	_	_	_	
5-28	598-607	langsamen	_	_	_	
5-29	608-617	Schrittes	_	_	_	
5-30	618-635	dahinschlenderten	_	_	_	
5-31	636-640	oder	_	_	_	
5-32	641-643	in	_	_	_	
5-33	644-651	kleinen	_	_	_	
5-34	652-659	Gruppen	_	_	_	
5-35	660-663	vor	_	_	_	
5-36	664-667	den	_	_	_	
5-37	668-673	Türen	_	_	_	
5-38	674-677	der	_	_	_	
5-39	678-684	Häuser	_	_	_	
5-40	685-692	standen	_	_	_	
5-41	693-696	und	_	_	_	
5-42	697-700	uns	_	_	_	
5-43	701-709	Neulinge	_	_	_	
5-44	710-713	mit	_	_	_	
5-45	714-725	Scherzrufen	_	_	_	
5-46	726-735	empfingen	_	_	_	
5-47	735-736	.	_	_	_	

#Text=Irgendwo stand eine nach Erbsensuppe duftende Feldküche, von kochgeschirrklappernden Essenholern umringt.
6-1	737-745	Irgendwo	_	_	_	
6-2	746-751	stand	_	_	_	
6-3	752-756	eine	_	_	_	
6-4	757-761	nach	_	_	_	
6-5	762-773	Erbsensuppe	Smell\_Source	_	_	
6-6	774-782	duftende	Smell\_Word[1]|Quality[2]	*|*|*	6-6[2_1]|6-7[0_1]|6-5[0_1]	
6-7	783-792	Feldküche	Odour\_Carrier	_	_	
6-8	792-793	,	_	_	_	
6-9	794-797	von	_	_	_	
6-10	798-821	kochgeschirrklappernden	_	_	_	
6-11	822-833	Essenholern	_	_	_	
6-12	834-841	umringt	_	_	_	
6-13	841-842	.	_	_	_	

#Text=Die wallensteinsche Romantik wurde durch den beginnenden Verfall des Dorfes noch gesteigert.
7-1	843-846	Die	_	_	_	
7-2	847-862	wallensteinsche	_	_	_	
7-3	863-871	Romantik	_	_	_	
7-4	872-877	wurde	_	_	_	
7-5	878-883	durch	_	_	_	
7-6	884-887	den	_	_	_	
7-7	888-899	beginnenden	_	_	_	
7-8	900-907	Verfall	_	_	_	
7-9	908-911	des	_	_	_	
7-10	912-918	Dorfes	_	_	_	
7-11	919-923	noch	_	_	_	
7-12	924-934	gesteigert	_	_	_	
7-13	934-935	.	_	_	_	

#Text=Nachdem wir die erste Nacht in einer gewaltigen Scheune verbracht hatten, wurden wir im Hofe des Schlosses vom Regimentsadjutanten, dem damaligen Oberleutnant v.
8-1	938-945	Nachdem	_	_	_	
8-2	946-949	wir	_	_	_	
8-3	950-953	die	_	_	_	
8-4	954-959	erste	_	_	_	
8-5	960-965	Nacht	_	_	_	
8-6	966-968	in	_	_	_	
8-7	969-974	einer	_	_	_	
8-8	975-985	gewaltigen	_	_	_	
8-9	986-993	Scheune	_	_	_	
8-10	994-1003	verbracht	_	_	_	
8-11	1004-1010	hatten	_	_	_	
8-12	1010-1011	,	_	_	_	
8-13	1012-1018	wurden	_	_	_	
8-14	1019-1022	wir	_	_	_	
8-15	1023-1025	im	_	_	_	
8-16	1026-1030	Hofe	_	_	_	
8-17	1031-1034	des	_	_	_	
8-18	1035-1044	Schlosses	_	_	_	
8-19	1045-1048	vom	_	_	_	
8-20	1049-1068	Regimentsadjutanten	_	_	_	
8-21	1068-1069	,	_	_	_	
8-22	1070-1073	dem	_	_	_	
8-23	1074-1083	damaligen	_	_	_	
8-24	1084-1096	Oberleutnant	_	_	_	
8-25	1097-1098	v	_	_	_	
8-26	1098-1099	.	_	_	_	

#Text=Brixen, eingeteilt und ich der 9.
9-1	1100-1106	Brixen	_	_	_	
9-2	1106-1107	,	_	_	_	
9-3	1108-1118	eingeteilt	_	_	_	
9-4	1119-1122	und	_	_	_	
9-5	1123-1126	ich	_	_	_	
9-6	1127-1130	der	_	_	_	
9-7	1131-1132	9	_	_	_	
9-8	1132-1133	.	_	_	_	

#Text=Kompagnie überwiesen.
10-1	1134-1143	Kompagnie	_	_	_	
10-2	1144-1154	überwiesen	_	_	_	
10-3	1154-1155	.	_	_	_	

#Text=Unser erster Kriegstag sollte nicht vorübergehen, ohne uns einen entscheidenden Eindruck zu hinterlassen:
#Text=Wir saßen in der uns als Quartier angewiesenen Schule und frühstückten.
11-1	1159-1164	Unser	_	_	_	
11-2	1165-1171	erster	_	_	_	
11-3	1172-1181	Kriegstag	_	_	_	
11-4	1182-1188	sollte	_	_	_	
11-5	1189-1194	nicht	_	_	_	
11-6	1195-1207	vorübergehen	_	_	_	
11-7	1207-1208	,	_	_	_	
11-8	1209-1213	ohne	_	_	_	
11-9	1214-1217	uns	_	_	_	
11-10	1218-1223	einen	_	_	_	
11-11	1224-1238	entscheidenden	_	_	_	
11-12	1239-1247	Eindruck	_	_	_	
11-13	1248-1250	zu	_	_	_	
11-14	1251-1263	hinterlassen	_	_	_	
11-15	1263-1264	:	_	_	_	
11-16	1265-1268	Wir	_	_	_	
11-17	1269-1274	saßen	_	_	_	
11-18	1275-1277	in	_	_	_	
11-19	1278-1281	der	_	_	_	
11-20	1282-1285	uns	_	_	_	
11-21	1286-1289	als	_	_	_	
11-22	1290-1298	Quartier	_	_	_	
11-23	1299-1311	angewiesenen	_	_	_	
11-24	1312-1318	Schule	_	_	_	
11-25	1319-1322	und	_	_	_	
11-26	1323-1335	frühstückten	_	_	_	
11-27	1335-1336	.	_	_	_	

#Text=Plötzlich dröhnte eine Reihe dumpfer Erschütterungen in der Nähe, während aus allen Häusern Soldaten dem Dorfeingang zustürzten.
12-1	1337-1346	Plötzlich	_	_	_	
12-2	1347-1354	dröhnte	_	_	_	
12-3	1355-1359	eine	_	_	_	
12-4	1360-1365	Reihe	_	_	_	
12-5	1366-1373	dumpfer	_	_	_	
12-6	1374-1389	Erschütterungen	_	_	_	
12-7	1390-1392	in	_	_	_	
12-8	1393-1396	der	_	_	_	
12-9	1397-1401	Nähe	_	_	_	
12-10	1401-1402	,	_	_	_	
12-11	1403-1410	während	_	_	_	
12-12	1411-1414	aus	_	_	_	
12-13	1415-1420	allen	_	_	_	
12-14	1421-1428	Häusern	_	_	_	
12-15	1429-1437	Soldaten	_	_	_	
12-16	1438-1441	dem	_	_	_	
12-17	1442-1453	Dorfeingang	_	_	_	
12-18	1454-1464	zustürzten	_	_	_	
12-19	1464-1465	.	_	_	_	

#Text=Wir befolgten dies Beispiel, ohne recht zu wissen warum.
13-1	1466-1469	Wir	_	_	_	
13-2	1470-1479	befolgten	_	_	_	
13-3	1480-1484	dies	_	_	_	
13-4	1485-1493	Beispiel	_	_	_	
13-5	1493-1494	,	_	_	_	
13-6	1495-1499	ohne	_	_	_	
13-7	1500-1505	recht	_	_	_	
13-8	1506-1508	zu	_	_	_	
13-9	1509-1515	wissen	_	_	_	
13-10	1516-1521	warum	_	_	_	
13-11	1521-1522	.	_	_	_	

#Text=Wieder ertönte ein eigenartiges, nie gehörtes Flattern und Rauschen über uns und ertrank in polterndem Krachen.
14-1	1523-1529	Wieder	_	_	_	
14-2	1530-1537	ertönte	_	_	_	
14-3	1538-1541	ein	_	_	_	
14-4	1542-1554	eigenartiges	_	_	_	
14-5	1554-1555	,	_	_	_	
14-6	1556-1559	nie	_	_	_	
14-7	1560-1568	gehörtes	_	_	_	
14-8	1569-1577	Flattern	_	_	_	
14-9	1578-1581	und	_	_	_	
14-10	1582-1590	Rauschen	_	_	_	
14-11	1591-1595	über	_	_	_	
14-12	1596-1599	uns	_	_	_	
14-13	1600-1603	und	_	_	_	
14-14	1604-1611	ertrank	_	_	_	
14-15	1612-1614	in	_	_	_	
14-16	1615-1625	polterndem	_	_	_	
14-17	1626-1633	Krachen	_	_	_	
14-18	1633-1634	.	_	_	_	

#Text=Ich wunderte mich, daß die Leute um mich sich zusammenduckten wie unter furchtbarer Drohung.
15-1	1635-1638	Ich	_	_	_	
15-2	1639-1647	wunderte	_	_	_	
15-3	1648-1652	mich	_	_	_	
15-4	1652-1653	,	_	_	_	
15-5	1654-1657	daß	_	_	_	
15-6	1658-1661	die	_	_	_	
15-7	1662-1667	Leute	_	_	_	
15-8	1668-1670	um	_	_	_	
15-9	1671-1675	mich	_	_	_	
15-10	1676-1680	sich	_	_	_	
15-11	1681-1696	zusammenduckten	_	_	_	
15-12	1697-1700	wie	_	_	_	
15-13	1701-1706	unter	_	_	_	
15-14	1707-1718	furchtbarer	_	_	_	
15-15	1719-1726	Drohung	_	_	_	
15-16	1726-1727	.	_	_	_	
