{"_context" : {
    "_types" : {
      "DocumentMetaData" : {
        "_feature_types" : {"sofa" : "_ref" } }, 
      "Relation" : {
        "_feature_types" : {"sofa" : "_ref",  "Dependent" : "_ref",  "Governor" : "_ref" } }, 
      "Sentence" : {
        "_feature_types" : {"sofa" : "_ref" } }, 
      "Sofa" : {
        "_feature_types" : {"sofaArray" : "_ref" } }, 
      "Span" : {
        "_feature_types" : {"sofa" : "_ref" } }, 
      "TagsetDescription" : {
        "_feature_types" : {"sofa" : "_ref",  "tags" : "_ref" } }, 
      "Token" : {
        "_feature_types" : {"sofa" : "_ref",  "parent" : "_ref",  "lemma" : "_ref",  "stem" : "_ref",  "pos" : "_ref",  "morph" : "_ref",  "form" : "_ref" } }, 
      "DocumentAnnotation" : {
        "_feature_types" : {"sofa" : "_ref" }, 
        "_subtypes" : ["DocumentMetaData" ] }, 
      "Annotation" : {
        "_feature_types" : {"sofa" : "_ref" }, 
        "_subtypes" : ["DocumentAnnotation",  "Relation",  "Sentence",  "Span",  "TagsetDescription",  "Token" ] }, 
      "AnnotationBase" : {
        "_feature_types" : {"sofa" : "_ref" }, 
        "_subtypes" : ["Annotation" ] }, 
      "TOP" : {
        "_subtypes" : ["AnnotationBase",  "Sofa" ] } } }, 
  "_views" : {
    "_InitialView" : {
      "Relation" : [
        {"sofa" : 1,  "begin" : 4527,  "end" : 4533,  "Dependent" : 15409,  "Governor" : 15404 }, 
        {"sofa" : 1,  "begin" : 4527,  "end" : 4533,  "Dependent" : 15409,  "Governor" : 15421 }, 
        {"sofa" : 1,  "begin" : 4527,  "end" : 4533,  "Dependent" : 15409,  "Governor" : 15453 }, 
        {"sofa" : 1,  "begin" : 4527,  "end" : 4533,  "Dependent" : 15409,  "Governor" : 15458 }, 
        {"sofa" : 1,  "begin" : 4527,  "end" : 4533,  "Dependent" : 15409,  "Governor" : 15463 }, 
        {"sofa" : 1,  "begin" : 4527,  "end" : 4533,  "Dependent" : 15409,  "Governor" : 15468 }, 
        {"sofa" : 1,  "begin" : 4940,  "end" : 4948,  "Dependent" : 15576,  "Governor" : 15571 }, 
        {"sofa" : 1,  "begin" : 4940,  "end" : 4948,  "Dependent" : 15576,  "Governor" : 15588 }, 
        {"sofa" : 1,  "begin" : 4940,  "end" : 4948,  "Dependent" : 15576,  "Governor" : 15600 }, 
        {"sofa" : 1,  "begin" : 5146,  "end" : 5154,  "Dependent" : 15629,  "Governor" : 15612 }, 
        {"sofa" : 1,  "begin" : 5146,  "end" : 5154,  "Dependent" : 15629,  "Governor" : 15617 }, 
        {"sofa" : 1,  "begin" : 5146,  "end" : 5154,  "Dependent" : 15629,  "Governor" : 15706 }, 
        {"sofa" : 1,  "begin" : 5146,  "end" : 5154,  "Dependent" : 15629,  "Governor" : 15718 }, 
        {"sofa" : 1,  "begin" : 5263,  "end" : 5271,  "Dependent" : 15740,  "Governor" : 15730 }, 
        {"sofa" : 1,  "begin" : 5263,  "end" : 5271,  "Dependent" : 15740,  "Governor" : 15745 }, 
        {"sofa" : 1,  "begin" : 5422,  "end" : 5428,  "Dependent" : 15793,  "Governor" : 15803 }, 
        {"sofa" : 1,  "begin" : 5433,  "end" : 5441,  "Dependent" : 15813,  "Governor" : 15803 }, 
        {"sofa" : 1,  "begin" : 5469,  "end" : 5474,  "Dependent" : 15842,  "Governor" : 15832 }, 
        {"sofa" : 1,  "begin" : 5469,  "end" : 5474,  "Dependent" : 15842,  "Governor" : 15837 } ], 
      "Span" : [15421,  15404,  15409,  15453,  15458,  15463,  15468,  15571,  15576,  15588,  15600,  15612,  15629,  15617,  15706,  15718,  15730, 
        {"sofa" : 1,  "begin" : 5263,  "end" : 5271,  "label" : "Quality" },  15740,  15745,  15803,  15793,  15813,  15832,  15837,  15842 ], 
      "DocumentMetaData" : [
        {"sofa" : 1,  "end" : 5644,  "language" : "x-unspecified",  "documentTitle" : "013E%20Edward%20Farnham%201656%20The%20Compleat%20Doctoress__32_MED.txt",  "documentId" : "teresa",  "documentUri" : "file:/home/dhuser/alessio/inception/repository/project/29/document/7218/source/teresa",  "collectionId" : "file:/home/dhuser/alessio/inception/repository/project/29/document/7218/source/",  "documentBaseUri" : "file:/home/dhuser/alessio/inception/repository/project/29/document/7218/source/",  "isLastSegment" : false } ], 
      "TagsetDescription" : [
        {"sofa" : 1,  "layer" : "webanno.custom.Emotions",  "name" : "Emotion Labels",  "input" : false }, 
        {"sofa" : 1,  "layer" : "custom.Relation",  "name" : "Relation labels",  "input" : false }, 
        {"sofa" : 1,  "layer" : "custom.Span",  "name" : "Smell labels",  "input" : false } ], 
      "Sentence" : [
        {"sofa" : 1,  "end" : 1312 }, 
        {"sofa" : 1,  "begin" : 1313,  "end" : 1890 }, 
        {"sofa" : 1,  "begin" : 1892,  "end" : 2164 }, 
        {"sofa" : 1,  "begin" : 2165,  "end" : 2529 }, 
        {"sofa" : 1,  "begin" : 2531,  "end" : 2729 }, 
        {"sofa" : 1,  "begin" : 2731,  "end" : 3089 }, 
        {"sofa" : 1,  "begin" : 3091,  "end" : 3494 }, 
        {"sofa" : 1,  "begin" : 3496,  "end" : 3536 }, 
        {"sofa" : 1,  "begin" : 3538,  "end" : 3627 }, 
        {"sofa" : 1,  "begin" : 3629,  "end" : 3649 }, 
        {"sofa" : 1,  "begin" : 3651,  "end" : 3722 }, 
        {"sofa" : 1,  "begin" : 3724,  "end" : 3777 }, 
        {"sofa" : 1,  "begin" : 3779,  "end" : 3970 }, 
        {"sofa" : 1,  "begin" : 3972,  "end" : 4020 }, 
        {"sofa" : 1,  "begin" : 4022,  "end" : 4047 }, 
        {"sofa" : 1,  "begin" : 4049,  "end" : 4076 }, 
        {"sofa" : 1,  "begin" : 4078,  "end" : 4110 }, 
        {"sofa" : 1,  "begin" : 4112,  "end" : 4808 }, 
        {"sofa" : 1,  "begin" : 4810,  "end" : 4975 }, 
        {"sofa" : 1,  "begin" : 4976,  "end" : 5371 }, 
        {"sofa" : 1,  "begin" : 5372,  "end" : 5381 }, 
        {"sofa" : 1,  "begin" : 5382,  "end" : 5641 } ], 
      "Token" : [
        {"sofa" : 1,  "end" : 3 }, 
        {"sofa" : 1,  "begin" : 4,  "end" : 9 }, 
        {"sofa" : 1,  "begin" : 10,  "end" : 12 }, 
        {"sofa" : 1,  "begin" : 13,  "end" : 17 }, 
        {"sofa" : 1,  "begin" : 18,  "end" : 25 }, 
        {"sofa" : 1,  "begin" : 26,  "end" : 28 }, 
        {"sofa" : 1,  "begin" : 29,  "end" : 36 }, 
        {"sofa" : 1,  "begin" : 36,  "end" : 37 }, 
        {"sofa" : 1,  "begin" : 38,  "end" : 41 }, 
        {"sofa" : 1,  "begin" : 42,  "end" : 51 }, 
        {"sofa" : 1,  "begin" : 52,  "end" : 54 }, 
        {"sofa" : 1,  "begin" : 55,  "end" : 58 }, 
        {"sofa" : 1,  "begin" : 59,  "end" : 63 }, 
        {"sofa" : 1,  "begin" : 63,  "end" : 64 }, 
        {"sofa" : 1,  "begin" : 65,  "end" : 68 }, 
        {"sofa" : 1,  "begin" : 69,  "end" : 72 }, 
        {"sofa" : 1,  "begin" : 73,  "end" : 82 }, 
        {"sofa" : 1,  "begin" : 82,  "end" : 83 }, 
        {"sofa" : 1,  "begin" : 84,  "end" : 89 }, 
        {"sofa" : 1,  "begin" : 90,  "end" : 93 }, 
        {"sofa" : 1,  "begin" : 94,  "end" : 97 }, 
        {"sofa" : 1,  "begin" : 98,  "end" : 107 }, 
        {"sofa" : 1,  "begin" : 108,  "end" : 113 }, 
        {"sofa" : 1,  "begin" : 113,  "end" : 114 }, 
        {"sofa" : 1,  "begin" : 115,  "end" : 118 }, 
        {"sofa" : 1,  "begin" : 119,  "end" : 120 }, 
        {"sofa" : 1,  "begin" : 121,  "end" : 125 }, 
        {"sofa" : 1,  "begin" : 126,  "end" : 129 }, 
        {"sofa" : 1,  "begin" : 130,  "end" : 135 }, 
        {"sofa" : 1,  "begin" : 136,  "end" : 145 }, 
        {"sofa" : 1,  "begin" : 146,  "end" : 148 }, 
        {"sofa" : 1,  "begin" : 149,  "end" : 152 }, 
        {"sofa" : 1,  "begin" : 153,  "end" : 159 }, 
        {"sofa" : 1,  "begin" : 159,  "end" : 160 }, 
        {"sofa" : 1,  "begin" : 161,  "end" : 169 }, 
        {"sofa" : 1,  "begin" : 170,  "end" : 181 }, 
        {"sofa" : 1,  "begin" : 182,  "end" : 185 }, 
        {"sofa" : 1,  "begin" : 186,  "end" : 191 }, 
        {"sofa" : 1,  "begin" : 192,  "end" : 198 }, 
        {"sofa" : 1,  "begin" : 198,  "end" : 199 }, 
        {"sofa" : 1,  "begin" : 200,  "end" : 205 }, 
        {"sofa" : 1,  "begin" : 206,  "end" : 208 }, 
        {"sofa" : 1,  "begin" : 209,  "end" : 212 }, 
        {"sofa" : 1,  "begin" : 213,  "end" : 222 }, 
        {"sofa" : 1,  "begin" : 223,  "end" : 228 }, 
        {"sofa" : 1,  "begin" : 228,  "end" : 229 }, 
        {"sofa" : 1,  "begin" : 230,  "end" : 233 }, 
        {"sofa" : 1,  "begin" : 234,  "end" : 238 }, 
        {"sofa" : 1,  "begin" : 239,  "end" : 242 }, 
        {"sofa" : 1,  "begin" : 243,  "end" : 247 }, 
        {"sofa" : 1,  "begin" : 248,  "end" : 250 }, 
        {"sofa" : 1,  "begin" : 251,  "end" : 259 }, 
        {"sofa" : 1,  "begin" : 259,  "end" : 260 }, 
        {"sofa" : 1,  "begin" : 261,  "end" : 264 }, 
        {"sofa" : 1,  "begin" : 265,  "end" : 268 }, 
        {"sofa" : 1,  "begin" : 269,  "end" : 278 }, 
        {"sofa" : 1,  "begin" : 279,  "end" : 283 }, 
        {"sofa" : 1,  "begin" : 284,  "end" : 287 }, 
        {"sofa" : 1,  "begin" : 288,  "end" : 291 }, 
        {"sofa" : 1,  "begin" : 292,  "end" : 301 }, 
        {"sofa" : 1,  "begin" : 301,  "end" : 302 }, 
        {"sofa" : 1,  "begin" : 303,  "end" : 306 }, 
        {"sofa" : 1,  "begin" : 307,  "end" : 313 }, 
        {"sofa" : 1,  "begin" : 314,  "end" : 318 }, 
        {"sofa" : 1,  "begin" : 318,  "end" : 319 }, 
        {"sofa" : 1,  "begin" : 320,  "end" : 324 }, 
        {"sofa" : 1,  "begin" : 325,  "end" : 332 }, 
        {"sofa" : 1,  "begin" : 333,  "end" : 336 }, 
        {"sofa" : 1,  "begin" : 337,  "end" : 343 }, 
        {"sofa" : 1,  "begin" : 343,  "end" : 344 }, 
        {"sofa" : 1,  "begin" : 345,  "end" : 348 }, 
        {"sofa" : 1,  "begin" : 349,  "end" : 354 }, 
        {"sofa" : 1,  "begin" : 354,  "end" : 355 }, 
        {"sofa" : 1,  "begin" : 356,  "end" : 359 }, 
        {"sofa" : 1,  "begin" : 360,  "end" : 370 }, 
        {"sofa" : 1,  "begin" : 371,  "end" : 374 }, 
        {"sofa" : 1,  "begin" : 375,  "end" : 379 }, 
        {"sofa" : 1,  "begin" : 380,  "end" : 387 }, 
        {"sofa" : 1,  "begin" : 387,  "end" : 388 }, 
        {"sofa" : 1,  "begin" : 389,  "end" : 393 }, 
        {"sofa" : 1,  "begin" : 394,  "end" : 398 }, 
        {"sofa" : 1,  "begin" : 399,  "end" : 402 }, 
        {"sofa" : 1,  "begin" : 403,  "end" : 414 }, 
        {"sofa" : 1,  "begin" : 415,  "end" : 417 }, 
        {"sofa" : 1,  "begin" : 418,  "end" : 421 }, 
        {"sofa" : 1,  "begin" : 422,  "end" : 430 }, 
        {"sofa" : 1,  "begin" : 431,  "end" : 435 }, 
        {"sofa" : 1,  "begin" : 435,  "end" : 436 }, 
        {"sofa" : 1,  "begin" : 437,  "end" : 442 }, 
        {"sofa" : 1,  "begin" : 443,  "end" : 450 }, 
        {"sofa" : 1,  "begin" : 451,  "end" : 454 }, 
        {"sofa" : 1,  "begin" : 455,  "end" : 459 }, 
        {"sofa" : 1,  "begin" : 459,  "end" : 460 }, 
        {"sofa" : 1,  "begin" : 461,  "end" : 471 }, 
        {"sofa" : 1,  "begin" : 472,  "end" : 474 }, 
        {"sofa" : 1,  "begin" : 475,  "end" : 478 }, 
        {"sofa" : 1,  "begin" : 479,  "end" : 485 }, 
        {"sofa" : 1,  "begin" : 485,  "end" : 486 }, 
        {"sofa" : 1,  "begin" : 487,  "end" : 492 }, 
        {"sofa" : 1,  "begin" : 493,  "end" : 495 }, 
        {"sofa" : 1,  "begin" : 496,  "end" : 502 }, 
        {"sofa" : 1,  "begin" : 503,  "end" : 505 }, 
        {"sofa" : 1,  "begin" : 506,  "end" : 507 }, 
        {"sofa" : 1,  "begin" : 508,  "end" : 512 }, 
        {"sofa" : 1,  "begin" : 512,  "end" : 513 }, 
        {"sofa" : 1,  "begin" : 514,  "end" : 521 }, 
        {"sofa" : 1,  "begin" : 521,  "end" : 522 }, 
        {"sofa" : 1,  "begin" : 523,  "end" : 526 }, 
        {"sofa" : 1,  "begin" : 527,  "end" : 537 }, 
        {"sofa" : 1,  "begin" : 538,  "end" : 542 }, 
        {"sofa" : 1,  "begin" : 542,  "end" : 543 }, 
        {"sofa" : 1,  "begin" : 544,  "end" : 549 }, 
        {"sofa" : 1,  "begin" : 550,  "end" : 553 }, 
        {"sofa" : 1,  "begin" : 554,  "end" : 558 }, 
        {"sofa" : 1,  "begin" : 559,  "end" : 565 }, 
        {"sofa" : 1,  "begin" : 565,  "end" : 566 }, 
        {"sofa" : 1,  "begin" : 567,  "end" : 569 }, 
        {"sofa" : 1,  "begin" : 570,  "end" : 573 }, 
        {"sofa" : 1,  "begin" : 574,  "end" : 578 }, 
        {"sofa" : 1,  "begin" : 579,  "end" : 581 }, 
        {"sofa" : 1,  "begin" : 582,  "end" : 586 }, 
        {"sofa" : 1,  "begin" : 587,  "end" : 590 }, 
        {"sofa" : 1,  "begin" : 591,  "end" : 595 }, 
        {"sofa" : 1,  "begin" : 595,  "end" : 596 }, 
        {"sofa" : 1,  "begin" : 597,  "end" : 599 }, 
        {"sofa" : 1,  "begin" : 600,  "end" : 610 }, 
        {"sofa" : 1,  "begin" : 611,  "end" : 614 }, 
        {"sofa" : 1,  "begin" : 615,  "end" : 623 }, 
        {"sofa" : 1,  "begin" : 624,  "end" : 626 }, 
        {"sofa" : 1,  "begin" : 627,  "end" : 630 }, 
        {"sofa" : 1,  "begin" : 631,  "end" : 640 }, 
        {"sofa" : 1,  "begin" : 641,  "end" : 646 }, 
        {"sofa" : 1,  "begin" : 646,  "end" : 647 }, 
        {"sofa" : 1,  "begin" : 648,  "end" : 651 }, 
        {"sofa" : 1,  "begin" : 652,  "end" : 655 }, 
        {"sofa" : 1,  "begin" : 656,  "end" : 664 }, 
        {"sofa" : 1,  "begin" : 664,  "end" : 665 }, 
        {"sofa" : 1,  "begin" : 666,  "end" : 668 }, 
        {"sofa" : 1,  "begin" : 669,  "end" : 679 }, 
        {"sofa" : 1,  "begin" : 680,  "end" : 683 }, 
        {"sofa" : 1,  "begin" : 684,  "end" : 689 }, 
        {"sofa" : 1,  "begin" : 689,  "end" : 690 }, 
        {"sofa" : 1,  "begin" : 691,  "end" : 698 }, 
        {"sofa" : 1,  "begin" : 699,  "end" : 707 }, 
        {"sofa" : 1,  "begin" : 708,  "end" : 711 }, 
        {"sofa" : 1,  "begin" : 712,  "end" : 720 }, 
        {"sofa" : 1,  "begin" : 721,  "end" : 725 }, 
        {"sofa" : 1,  "begin" : 725,  "end" : 726 }, 
        {"sofa" : 1,  "begin" : 727,  "end" : 734 }, 
        {"sofa" : 1,  "begin" : 735,  "end" : 737 }, 
        {"sofa" : 1,  "begin" : 738,  "end" : 740 }, 
        {"sofa" : 1,  "begin" : 741,  "end" : 745 }, 
        {"sofa" : 1,  "begin" : 745,  "end" : 746 }, 
        {"sofa" : 1,  "begin" : 747,  "end" : 750 }, 
        {"sofa" : 1,  "begin" : 751,  "end" : 758 }, 
        {"sofa" : 1,  "begin" : 759,  "end" : 764 }, 
        {"sofa" : 1,  "begin" : 765,  "end" : 768 }, 
        {"sofa" : 1,  "begin" : 769,  "end" : 774 }, 
        {"sofa" : 1,  "begin" : 774,  "end" : 775 }, 
        {"sofa" : 1,  "begin" : 776,  "end" : 779 }, 
        {"sofa" : 1,  "begin" : 780,  "end" : 786 }, 
        {"sofa" : 1,  "begin" : 787,  "end" : 789 }, 
        {"sofa" : 1,  "begin" : 790,  "end" : 794 }, 
        {"sofa" : 1,  "begin" : 795,  "end" : 796 }, 
        {"sofa" : 1,  "begin" : 797,  "end" : 803 }, 
        {"sofa" : 1,  "begin" : 804,  "end" : 806 }, 
        {"sofa" : 1,  "begin" : 807,  "end" : 811 }, 
        {"sofa" : 1,  "begin" : 812,  "end" : 815 }, 
        {"sofa" : 1,  "begin" : 816,  "end" : 822 }, 
        {"sofa" : 1,  "begin" : 822,  "end" : 823 }, 
        {"sofa" : 1,  "begin" : 824,  "end" : 828 }, 
        {"sofa" : 1,  "begin" : 829,  "end" : 832 }, 
        {"sofa" : 1,  "begin" : 833,  "end" : 837 }, 
        {"sofa" : 1,  "begin" : 838,  "end" : 843 }, 
        {"sofa" : 1,  "begin" : 844,  "end" : 846 }, 
        {"sofa" : 1,  "begin" : 847,  "end" : 849 }, 
        {"sofa" : 1,  "begin" : 850,  "end" : 856 }, 
        {"sofa" : 1,  "begin" : 857,  "end" : 859 }, 
        {"sofa" : 1,  "begin" : 860,  "end" : 862 }, 
        {"sofa" : 1,  "begin" : 863,  "end" : 872 }, 
        {"sofa" : 1,  "begin" : 872,  "end" : 873 }, 
        {"sofa" : 1,  "begin" : 874,  "end" : 877 }, 
        {"sofa" : 1,  "begin" : 878,  "end" : 882 }, 
        {"sofa" : 1,  "begin" : 883,  "end" : 885 }, 
        {"sofa" : 1,  "begin" : 886,  "end" : 895 }, 
        {"sofa" : 1,  "begin" : 896,  "end" : 901 }, 
        {"sofa" : 1,  "begin" : 901,  "end" : 902 }, 
        {"sofa" : 1,  "begin" : 903,  "end" : 910 }, 
        {"sofa" : 1,  "begin" : 910,  "end" : 911 }, 
        {"sofa" : 1,  "begin" : 912,  "end" : 915 }, 
        {"sofa" : 1,  "begin" : 916,  "end" : 923 }, 
        {"sofa" : 1,  "begin" : 923,  "end" : 924 }, 
        {"sofa" : 1,  "begin" : 925,  "end" : 928 }, 
        {"sofa" : 1,  "begin" : 929,  "end" : 933 }, 
        {"sofa" : 1,  "begin" : 934,  "end" : 940 }, 
        {"sofa" : 1,  "begin" : 941,  "end" : 952 }, 
        {"sofa" : 1,  "begin" : 953,  "end" : 956 }, 
        {"sofa" : 1,  "begin" : 957,  "end" : 966 }, 
        {"sofa" : 1,  "begin" : 966,  "end" : 967 }, 
        {"sofa" : 1,  "begin" : 968,  "end" : 971 }, 
        {"sofa" : 1,  "begin" : 972,  "end" : 974 }, 
        {"sofa" : 1,  "begin" : 975,  "end" : 979 }, 
        {"sofa" : 1,  "begin" : 980,  "end" : 988 }, 
        {"sofa" : 1,  "begin" : 989,  "end" : 996 }, 
        {"sofa" : 1,  "begin" : 997,  "end" : 999 }, 
        {"sofa" : 1,  "begin" : 999,  "end" : 1000 }, 
        {"sofa" : 1,  "begin" : 1001,  "end" : 1003 }, 
        {"sofa" : 1,  "begin" : 1004,  "end" : 1009 }, 
        {"sofa" : 1,  "begin" : 1010,  "end" : 1014 }, 
        {"sofa" : 1,  "begin" : 1015,  "end" : 1022 }, 
        {"sofa" : 1,  "begin" : 1023,  "end" : 1027 }, 
        {"sofa" : 1,  "begin" : 1028,  "end" : 1038 }, 
        {"sofa" : 1,  "begin" : 1039,  "end" : 1043 }, 
        {"sofa" : 1,  "begin" : 1043,  "end" : 1044 }, 
        {"sofa" : 1,  "begin" : 1045,  "end" : 1048 }, 
        {"sofa" : 1,  "begin" : 1049,  "end" : 1053 }, 
        {"sofa" : 1,  "begin" : 1053,  "end" : 1054 }, 
        {"sofa" : 1,  "begin" : 1055,  "end" : 1057 }, 
        {"sofa" : 1,  "begin" : 1058,  "end" : 1060 }, 
        {"sofa" : 1,  "begin" : 1061,  "end" : 1064 }, 
        {"sofa" : 1,  "begin" : 1065,  "end" : 1069 }, 
        {"sofa" : 1,  "begin" : 1070,  "end" : 1080 }, 
        {"sofa" : 1,  "begin" : 1081,  "end" : 1084 }, 
        {"sofa" : 1,  "begin" : 1085,  "end" : 1089 }, 
        {"sofa" : 1,  "begin" : 1090,  "end" : 1092 }, 
        {"sofa" : 1,  "begin" : 1093,  "end" : 1098 }, 
        {"sofa" : 1,  "begin" : 1098,  "end" : 1099 }, 
        {"sofa" : 1,  "begin" : 1100,  "end" : 1103 }, 
        {"sofa" : 1,  "begin" : 1104,  "end" : 1108 }, 
        {"sofa" : 1,  "begin" : 1109,  "end" : 1112 }, 
        {"sofa" : 1,  "begin" : 1113,  "end" : 1118 }, 
        {"sofa" : 1,  "begin" : 1119,  "end" : 1122 }, 
        {"sofa" : 1,  "begin" : 1123,  "end" : 1126 }, 
        {"sofa" : 1,  "begin" : 1127,  "end" : 1132 }, 
        {"sofa" : 1,  "begin" : 1133,  "end" : 1141 }, 
        {"sofa" : 1,  "begin" : 1141,  "end" : 1142 }, 
        {"sofa" : 1,  "begin" : 1143,  "end" : 1146 }, 
        {"sofa" : 1,  "begin" : 1147,  "end" : 1156 }, 
        {"sofa" : 1,  "begin" : 1157,  "end" : 1163 }, 
        {"sofa" : 1,  "begin" : 1163,  "end" : 1164 }, 
        {"sofa" : 1,  "begin" : 1165,  "end" : 1168 }, 
        {"sofa" : 1,  "begin" : 1169,  "end" : 1178 }, 
        {"sofa" : 1,  "begin" : 1179,  "end" : 1181 }, 
        {"sofa" : 1,  "begin" : 1182,  "end" : 1188 }, 
        {"sofa" : 1,  "begin" : 1188,  "end" : 1189 }, 
        {"sofa" : 1,  "begin" : 1190,  "end" : 1194 }, 
        {"sofa" : 1,  "begin" : 1195,  "end" : 1197 }, 
        {"sofa" : 1,  "begin" : 1198,  "end" : 1200 }, 
        {"sofa" : 1,  "begin" : 1201,  "end" : 1207 }, 
        {"sofa" : 1,  "begin" : 1208,  "end" : 1219 }, 
        {"sofa" : 1,  "begin" : 1219,  "end" : 1220 }, 
        {"sofa" : 1,  "begin" : 1221,  "end" : 1224 }, 
        {"sofa" : 1,  "begin" : 1225,  "end" : 1231 }, 
        {"sofa" : 1,  "begin" : 1232,  "end" : 1235 }, 
        {"sofa" : 1,  "begin" : 1236,  "end" : 1238 }, 
        {"sofa" : 1,  "begin" : 1239,  "end" : 1241 }, 
        {"sofa" : 1,  "begin" : 1242,  "end" : 1245 }, 
        {"sofa" : 1,  "begin" : 1246,  "end" : 1248 }, 
        {"sofa" : 1,  "begin" : 1249,  "end" : 1255 }, 
        {"sofa" : 1,  "begin" : 1255,  "end" : 1256 }, 
        {"sofa" : 1,  "begin" : 1257,  "end" : 1261 }, 
        {"sofa" : 1,  "begin" : 1262,  "end" : 1265 }, 
        {"sofa" : 1,  "begin" : 1266,  "end" : 1277 }, 
        {"sofa" : 1,  "begin" : 1278,  "end" : 1281 }, 
        {"sofa" : 1,  "begin" : 1282,  "end" : 1288 }, 
        {"sofa" : 1,  "begin" : 1289,  "end" : 1296 }, 
        {"sofa" : 1,  "begin" : 1297,  "end" : 1300 }, 
        {"sofa" : 1,  "begin" : 1301,  "end" : 1303 }, 
        {"sofa" : 1,  "begin" : 1304,  "end" : 1306 }, 
        {"sofa" : 1,  "begin" : 1307,  "end" : 1311 }, 
        {"sofa" : 1,  "begin" : 1311,  "end" : 1312 }, 
        {"sofa" : 1,  "begin" : 1313,  "end" : 1316 }, 
        {"sofa" : 1,  "begin" : 1317,  "end" : 1324 }, 
        {"sofa" : 1,  "begin" : 1325,  "end" : 1328 }, 
        {"sofa" : 1,  "begin" : 1329,  "end" : 1335 }, 
        {"sofa" : 1,  "begin" : 1336,  "end" : 1343 }, 
        {"sofa" : 1,  "begin" : 1344,  "end" : 1350 }, 
        {"sofa" : 1,  "begin" : 1351,  "end" : 1356 }, 
        {"sofa" : 1,  "begin" : 1357,  "end" : 1364 }, 
        {"sofa" : 1,  "begin" : 1365,  "end" : 1369 }, 
        {"sofa" : 1,  "begin" : 1370,  "end" : 1374 }, 
        {"sofa" : 1,  "begin" : 1374,  "end" : 1375 }, 
        {"sofa" : 1,  "begin" : 1376,  "end" : 1383 }, 
        {"sofa" : 1,  "begin" : 1384,  "end" : 1388 }, 
        {"sofa" : 1,  "begin" : 1389,  "end" : 1392 }, 
        {"sofa" : 1,  "begin" : 1393,  "end" : 1396 }, 
        {"sofa" : 1,  "begin" : 1397,  "end" : 1405 }, 
        {"sofa" : 1,  "begin" : 1406,  "end" : 1410 }, 
        {"sofa" : 1,  "begin" : 1411,  "end" : 1413 }, 
        {"sofa" : 1,  "begin" : 1413,  "end" : 1414 }, 
        {"sofa" : 1,  "begin" : 1415,  "end" : 1419 }, 
        {"sofa" : 1,  "begin" : 1420,  "end" : 1423 }, 
        {"sofa" : 1,  "begin" : 1424,  "end" : 1427 }, 
        {"sofa" : 1,  "begin" : 1428,  "end" : 1430 }, 
        {"sofa" : 1,  "begin" : 1431,  "end" : 1436 }, 
        {"sofa" : 1,  "begin" : 1437,  "end" : 1443 }, 
        {"sofa" : 1,  "begin" : 1444,  "end" : 1448 }, 
        {"sofa" : 1,  "begin" : 1448,  "end" : 1449 }, 
        {"sofa" : 1,  "begin" : 1450,  "end" : 1457 }, 
        {"sofa" : 1,  "begin" : 1458,  "end" : 1461 }, 
        {"sofa" : 1,  "begin" : 1462,  "end" : 1473 }, 
        {"sofa" : 1,  "begin" : 1473,  "end" : 1474 }, 
        {"sofa" : 1,  "begin" : 1475,  "end" : 1478 }, 
        {"sofa" : 1,  "begin" : 1479,  "end" : 1481 }, 
        {"sofa" : 1,  "begin" : 1482,  "end" : 1489 }, 
        {"sofa" : 1,  "begin" : 1490,  "end" : 1494 }, 
        {"sofa" : 1,  "begin" : 1495,  "end" : 1496 }, 
        {"sofa" : 1,  "begin" : 1497,  "end" : 1506 }, 
        {"sofa" : 1,  "begin" : 1507,  "end" : 1508 }, 
        {"sofa" : 1,  "begin" : 1508,  "end" : 1515 }, 
        {"sofa" : 1,  "begin" : 1516,  "end" : 1523 }, 
        {"sofa" : 1,  "begin" : 1524,  "end" : 1531 }, 
        {"sofa" : 1,  "begin" : 1531,  "end" : 1532 }, 
        {"sofa" : 1,  "begin" : 1533,  "end" : 1540 }, 
        {"sofa" : 1,  "begin" : 1541,  "end" : 1544 }, 
        {"sofa" : 1,  "begin" : 1545,  "end" : 1546 }, 
        {"sofa" : 1,  "begin" : 1546,  "end" : 1547 }, 
        {"sofa" : 1,  "begin" : 1547,  "end" : 1549 }, 
        {"sofa" : 1,  "begin" : 1550,  "end" : 1554 }, 
        {"sofa" : 1,  "begin" : 1555,  "end" : 1556 }, 
        {"sofa" : 1,  "begin" : 1557,  "end" : 1565 }, 
        {"sofa" : 1,  "begin" : 1566,  "end" : 1569 }, 
        {"sofa" : 1,  "begin" : 1570,  "end" : 1574 }, 
        {"sofa" : 1,  "begin" : 1575,  "end" : 1580 }, 
        {"sofa" : 1,  "begin" : 1580,  "end" : 1581 }, 
        {"sofa" : 1,  "begin" : 1582,  "end" : 1589 }, 
        {"sofa" : 1,  "begin" : 1590,  "end" : 1594 }, 
        {"sofa" : 1,  "begin" : 1595,  "end" : 1598 }, 
        {"sofa" : 1,  "begin" : 1599,  "end" : 1602 }, 
        {"sofa" : 1,  "begin" : 1603,  "end" : 1608 }, 
        {"sofa" : 1,  "begin" : 1609,  "end" : 1613 }, 
        {"sofa" : 1,  "begin" : 1614,  "end" : 1618 }, 
        {"sofa" : 1,  "begin" : 1618,  "end" : 1619 }, 
        {"sofa" : 1,  "begin" : 1620,  "end" : 1623 }, 
        {"sofa" : 1,  "begin" : 1624,  "end" : 1631 }, 
        {"sofa" : 1,  "begin" : 1632,  "end" : 1635 }, 
        {"sofa" : 1,  "begin" : 1636,  "end" : 1642 }, 
        {"sofa" : 1,  "begin" : 1642,  "end" : 1643 }, 
        {"sofa" : 1,  "begin" : 1644,  "end" : 1647 }, 
        {"sofa" : 1,  "begin" : 1648,  "end" : 1652 }, 
        {"sofa" : 1,  "begin" : 1653,  "end" : 1656 }, 
        {"sofa" : 1,  "begin" : 1657,  "end" : 1661 }, 
        {"sofa" : 1,  "begin" : 1662,  "end" : 1665 }, 
        {"sofa" : 1,  "begin" : 1666,  "end" : 1672 }, 
        {"sofa" : 1,  "begin" : 1672,  "end" : 1673 }, 
        {"sofa" : 1,  "begin" : 1674,  "end" : 1677 }, 
        {"sofa" : 1,  "begin" : 1678,  "end" : 1687 }, 
        {"sofa" : 1,  "begin" : 1688,  "end" : 1692 }, 
        {"sofa" : 1,  "begin" : 1693,  "end" : 1703 }, 
        {"sofa" : 1,  "begin" : 1704,  "end" : 1708 }, 
        {"sofa" : 1,  "begin" : 1708,  "end" : 1709 }, 
        {"sofa" : 1,  "begin" : 1710,  "end" : 1715 }, 
        {"sofa" : 1,  "begin" : 1716,  "end" : 1720 }, 
        {"sofa" : 1,  "begin" : 1721,  "end" : 1724 }, 
        {"sofa" : 1,  "begin" : 1725,  "end" : 1730 }, 
        {"sofa" : 1,  "begin" : 1731,  "end" : 1736 }, 
        {"sofa" : 1,  "begin" : 1737,  "end" : 1740 }, 
        {"sofa" : 1,  "begin" : 1741,  "end" : 1750 }, 
        {"sofa" : 1,  "begin" : 1751,  "end" : 1754 }, 
        {"sofa" : 1,  "begin" : 1755,  "end" : 1762 }, 
        {"sofa" : 1,  "begin" : 1763,  "end" : 1767 }, 
        {"sofa" : 1,  "begin" : 1768,  "end" : 1776 }, 
        {"sofa" : 1,  "begin" : 1777,  "end" : 1784 }, 
        {"sofa" : 1,  "begin" : 1784,  "end" : 1785 }, 
        {"sofa" : 1,  "begin" : 1786,  "end" : 1789 }, 
        {"sofa" : 1,  "begin" : 1790,  "end" : 1797 }, 
        {"sofa" : 1,  "begin" : 1798,  "end" : 1806 }, 
        {"sofa" : 1,  "begin" : 1806,  "end" : 1807 }, 
        {"sofa" : 1,  "begin" : 1808,  "end" : 1811 }, 
        {"sofa" : 1,  "begin" : 1812,  "end" : 1814 }, 
        {"sofa" : 1,  "begin" : 1815,  "end" : 1819 }, 
        {"sofa" : 1,  "begin" : 1820,  "end" : 1822 }, 
        {"sofa" : 1,  "begin" : 1823,  "end" : 1825 }, 
        {"sofa" : 1,  "begin" : 1826,  "end" : 1839 }, 
        {"sofa" : 1,  "begin" : 1840,  "end" : 1844 }, 
        {"sofa" : 1,  "begin" : 1845,  "end" : 1847 }, 
        {"sofa" : 1,  "begin" : 1848,  "end" : 1856 }, 
        {"sofa" : 1,  "begin" : 1856,  "end" : 1857 }, 
        {"sofa" : 1,  "begin" : 1858,  "end" : 1862 }, 
        {"sofa" : 1,  "begin" : 1863,  "end" : 1868 }, 
        {"sofa" : 1,  "begin" : 1869,  "end" : 1871 }, 
        {"sofa" : 1,  "begin" : 1872,  "end" : 1874 }, 
        {"sofa" : 1,  "begin" : 1875,  "end" : 1884 }, 
        {"sofa" : 1,  "begin" : 1885,  "end" : 1889 }, 
        {"sofa" : 1,  "begin" : 1889,  "end" : 1890 }, 
        {"sofa" : 1,  "begin" : 1892,  "end" : 1897 }, 
        {"sofa" : 1,  "begin" : 1898,  "end" : 1906 }, 
        {"sofa" : 1,  "begin" : 1907,  "end" : 1910 }, 
        {"sofa" : 1,  "begin" : 1911,  "end" : 1916 }, 
        {"sofa" : 1,  "begin" : 1917,  "end" : 1922 }, 
        {"sofa" : 1,  "begin" : 1923,  "end" : 1926 }, 
        {"sofa" : 1,  "begin" : 1927,  "end" : 1931 }, 
        {"sofa" : 1,  "begin" : 1931,  "end" : 1932 }, 
        {"sofa" : 1,  "begin" : 1933,  "end" : 1936 }, 
        {"sofa" : 1,  "begin" : 1937,  "end" : 1940 }, 
        {"sofa" : 1,  "begin" : 1941,  "end" : 1949 }, 
        {"sofa" : 1,  "begin" : 1950,  "end" : 1954 }, 
        {"sofa" : 1,  "begin" : 1955,  "end" : 1960 }, 
        {"sofa" : 1,  "begin" : 1961,  "end" : 1966 }, 
        {"sofa" : 1,  "begin" : 1967,  "end" : 1971 }, 
        {"sofa" : 1,  "begin" : 1972,  "end" : 1974 }, 
        {"sofa" : 1,  "begin" : 1975,  "end" : 1978 }, 
        {"sofa" : 1,  "begin" : 1979,  "end" : 1985 }, 
        {"sofa" : 1,  "begin" : 1985,  "end" : 1986 }, 
        {"sofa" : 1,  "begin" : 1987,  "end" : 1994 }, 
        {"sofa" : 1,  "begin" : 1995,  "end" : 1998 }, 
        {"sofa" : 1,  "begin" : 1999,  "end" : 2003 }, 
        {"sofa" : 1,  "begin" : 2003,  "end" : 2004 }, 
        {"sofa" : 1,  "begin" : 2005,  "end" : 2007 }, 
        {"sofa" : 1,  "begin" : 2008,  "end" : 2017 }, 
        {"sofa" : 1,  "begin" : 2017,  "end" : 2018 }, 
        {"sofa" : 1,  "begin" : 2019,  "end" : 2021 }, 
        {"sofa" : 1,  "begin" : 2022,  "end" : 2024 }, 
        {"sofa" : 1,  "begin" : 2025,  "end" : 2029 }, 
        {"sofa" : 1,  "begin" : 2030,  "end" : 2032 }, 
        {"sofa" : 1,  "begin" : 2033,  "end" : 2035 }, 
        {"sofa" : 1,  "begin" : 2036,  "end" : 2038 }, 
        {"sofa" : 1,  "begin" : 2039,  "end" : 2049 }, 
        {"sofa" : 1,  "begin" : 2050,  "end" : 2053 }, 
        {"sofa" : 1,  "begin" : 2054,  "end" : 2057 }, 
        {"sofa" : 1,  "begin" : 2058,  "end" : 2062 }, 
        {"sofa" : 1,  "begin" : 2063,  "end" : 2069 }, 
        {"sofa" : 1,  "begin" : 2070,  "end" : 2073 }, 
        {"sofa" : 1,  "begin" : 2074,  "end" : 2076 }, 
        {"sofa" : 1,  "begin" : 2077,  "end" : 2083 }, 
        {"sofa" : 1,  "begin" : 2083,  "end" : 2084 }, 
        {"sofa" : 1,  "begin" : 2085,  "end" : 2087 }, 
        {"sofa" : 1,  "begin" : 2088,  "end" : 2091 }, 
        {"sofa" : 1,  "begin" : 2092,  "end" : 2094 }, 
        {"sofa" : 1,  "begin" : 2094,  "end" : 2095 }, 
        {"sofa" : 1,  "begin" : 2096,  "end" : 2100 }, 
        {"sofa" : 1,  "begin" : 2101,  "end" : 2110 }, 
        {"sofa" : 1,  "begin" : 2111,  "end" : 2114 }, 
        {"sofa" : 1,  "begin" : 2114,  "end" : 2115 }, 
        {"sofa" : 1,  "begin" : 2116,  "end" : 2118 }, 
        {"sofa" : 1,  "begin" : 2119,  "end" : 2123 }, 
        {"sofa" : 1,  "begin" : 2123,  "end" : 2124 }, 
        {"sofa" : 1,  "begin" : 2125,  "end" : 2128 }, 
        {"sofa" : 1,  "begin" : 2129,  "end" : 2131 }, 
        {"sofa" : 1,  "begin" : 2132,  "end" : 2136 }, 
        {"sofa" : 1,  "begin" : 2137,  "end" : 2139 }, 
        {"sofa" : 1,  "begin" : 2140,  "end" : 2144 }, 
        {"sofa" : 1,  "begin" : 2144,  "end" : 2145 }, 
        {"sofa" : 1,  "begin" : 2146,  "end" : 2148 }, 
        {"sofa" : 1,  "begin" : 2149,  "end" : 2153 }, 
        {"sofa" : 1,  "begin" : 2154,  "end" : 2156 }, 
        {"sofa" : 1,  "begin" : 2157,  "end" : 2163 }, 
        {"sofa" : 1,  "begin" : 2163,  "end" : 2164 }, 
        {"sofa" : 1,  "begin" : 2165,  "end" : 2167 }, 
        {"sofa" : 1,  "begin" : 2168,  "end" : 2172 }, 
        {"sofa" : 1,  "begin" : 2173,  "end" : 2174 }, 
        {"sofa" : 1,  "begin" : 2175,  "end" : 2181 }, 
        {"sofa" : 1,  "begin" : 2182,  "end" : 2186 }, 
        {"sofa" : 1,  "begin" : 2187,  "end" : 2195 }, 
        {"sofa" : 1,  "begin" : 2196,  "end" : 2201 }, 
        {"sofa" : 1,  "begin" : 2202,  "end" : 2207 }, 
        {"sofa" : 1,  "begin" : 2208,  "end" : 2212 }, 
        {"sofa" : 1,  "begin" : 2213,  "end" : 2220 }, 
        {"sofa" : 1,  "begin" : 2221,  "end" : 2232 }, 
        {"sofa" : 1,  "begin" : 2232,  "end" : 2233 }, 
        {"sofa" : 1,  "begin" : 2234,  "end" : 2237 }, 
        {"sofa" : 1,  "begin" : 2238,  "end" : 2241 }, 
        {"sofa" : 1,  "begin" : 2242,  "end" : 2246 }, 
        {"sofa" : 1,  "begin" : 2247,  "end" : 2250 }, 
        {"sofa" : 1,  "begin" : 2251,  "end" : 2255 }, 
        {"sofa" : 1,  "begin" : 2256,  "end" : 2263 }, 
        {"sofa" : 1,  "begin" : 2264,  "end" : 2277 }, 
        {"sofa" : 1,  "begin" : 2277,  "end" : 2278 }, 
        {"sofa" : 1,  "begin" : 2279,  "end" : 2282 }, 
        {"sofa" : 1,  "begin" : 2283,  "end" : 2287 }, 
        {"sofa" : 1,  "begin" : 2288,  "end" : 2293 }, 
        {"sofa" : 1,  "begin" : 2294,  "end" : 2303 }, 
        {"sofa" : 1,  "begin" : 2304,  "end" : 2312 }, 
        {"sofa" : 1,  "begin" : 2313,  "end" : 2316 }, 
        {"sofa" : 1,  "begin" : 2317,  "end" : 2322 }, 
        {"sofa" : 1,  "begin" : 2323,  "end" : 2325 }, 
        {"sofa" : 1,  "begin" : 2326,  "end" : 2329 }, 
        {"sofa" : 1,  "begin" : 2330,  "end" : 2334 }, 
        {"sofa" : 1,  "begin" : 2334,  "end" : 2335 }, 
        {"sofa" : 1,  "begin" : 2336,  "end" : 2338 }, 
        {"sofa" : 1,  "begin" : 2339,  "end" : 2342 }, 
        {"sofa" : 1,  "begin" : 2343,  "end" : 2349 }, 
        {"sofa" : 1,  "begin" : 2350,  "end" : 2352 }, 
        {"sofa" : 1,  "begin" : 2353,  "end" : 2356 }, 
        {"sofa" : 1,  "begin" : 2357,  "end" : 2365 }, 
        {"sofa" : 1,  "begin" : 2365,  "end" : 2366 }, 
        {"sofa" : 1,  "begin" : 2367,  "end" : 2376 }, 
        {"sofa" : 1,  "begin" : 2377,  "end" : 2380 }, 
        {"sofa" : 1,  "begin" : 2381,  "end" : 2384 }, 
        {"sofa" : 1,  "begin" : 2384,  "end" : 2385 }, 
        {"sofa" : 1,  "begin" : 2386,  "end" : 2391 }, 
        {"sofa" : 1,  "begin" : 2392,  "end" : 2394 }, 
        {"sofa" : 1,  "begin" : 2395,  "end" : 2398 }, 
        {"sofa" : 1,  "begin" : 2399,  "end" : 2405 }, 
        {"sofa" : 1,  "begin" : 2406,  "end" : 2410 }, 
        {"sofa" : 1,  "begin" : 2410,  "end" : 2411 }, 
        {"sofa" : 1,  "begin" : 2412,  "end" : 2415 }, 
        {"sofa" : 1,  "begin" : 2416,  "end" : 2420 }, 
        {"sofa" : 1,  "begin" : 2421,  "end" : 2425 }, 
        {"sofa" : 1,  "begin" : 2426,  "end" : 2431 }, 
        {"sofa" : 1,  "begin" : 2432,  "end" : 2436 }, 
        {"sofa" : 1,  "begin" : 2437,  "end" : 2445 }, 
        {"sofa" : 1,  "begin" : 2446,  "end" : 2448 }, 
        {"sofa" : 1,  "begin" : 2449,  "end" : 2452 }, 
        {"sofa" : 1,  "begin" : 2453,  "end" : 2458 }, 
        {"sofa" : 1,  "begin" : 2458,  "end" : 2459 }, 
        {"sofa" : 1,  "begin" : 2460,  "end" : 2462 }, 
        {"sofa" : 1,  "begin" : 2463,  "end" : 2465 }, 
        {"sofa" : 1,  "begin" : 2466,  "end" : 2472 }, 
        {"sofa" : 1,  "begin" : 2472,  "end" : 2473 }, 
        {"sofa" : 1,  "begin" : 2474,  "end" : 2477 }, 
        {"sofa" : 1,  "begin" : 2478,  "end" : 2489 }, 
        {"sofa" : 1,  "begin" : 2490,  "end" : 2492 }, 
        {"sofa" : 1,  "begin" : 2493,  "end" : 2497 }, 
        {"sofa" : 1,  "begin" : 2498,  "end" : 2505 }, 
        {"sofa" : 1,  "begin" : 2506,  "end" : 2508 }, 
        {"sofa" : 1,  "begin" : 2509,  "end" : 2522 }, 
        {"sofa" : 1,  "begin" : 2523,  "end" : 2528 }, 
        {"sofa" : 1,  "begin" : 2528,  "end" : 2529 }, 
        {"sofa" : 1,  "begin" : 2531,  "end" : 2534 }, 
        {"sofa" : 1,  "begin" : 2535,  "end" : 2537 }, 
        {"sofa" : 1,  "begin" : 2538,  "end" : 2545 }, 
        {"sofa" : 1,  "begin" : 2546,  "end" : 2548 }, 
        {"sofa" : 1,  "begin" : 2549,  "end" : 2558 }, 
        {"sofa" : 1,  "begin" : 2558,  "end" : 2559 }, 
        {"sofa" : 1,  "begin" : 2560,  "end" : 2565 }, 
        {"sofa" : 1,  "begin" : 2565,  "end" : 2566 }, 
        {"sofa" : 1,  "begin" : 2567,  "end" : 2570 }, 
        {"sofa" : 1,  "begin" : 2571,  "end" : 2576 }, 
        {"sofa" : 1,  "begin" : 2577,  "end" : 2579 }, 
        {"sofa" : 1,  "begin" : 2580,  "end" : 2586 }, 
        {"sofa" : 1,  "begin" : 2587,  "end" : 2589 }, 
        {"sofa" : 1,  "begin" : 2590,  "end" : 2594 }, 
        {"sofa" : 1,  "begin" : 2594,  "end" : 2595 }, 
        {"sofa" : 1,  "begin" : 2596,  "end" : 2600 }, 
        {"sofa" : 1,  "begin" : 2601,  "end" : 2602 }, 
        {"sofa" : 1,  "begin" : 2603,  "end" : 2610 }, 
        {"sofa" : 1,  "begin" : 2610,  "end" : 2611 }, 
        {"sofa" : 1,  "begin" : 2612,  "end" : 2614 }, 
        {"sofa" : 1,  "begin" : 2615,  "end" : 2616 }, 
        {"sofa" : 1,  "begin" : 2617,  "end" : 2631 }, 
        {"sofa" : 1,  "begin" : 2632,  "end" : 2634 }, 
        {"sofa" : 1,  "begin" : 2635,  "end" : 2638 }, 
        {"sofa" : 1,  "begin" : 2639,  "end" : 2644 }, 
        {"sofa" : 1,  "begin" : 2644,  "end" : 2645 }, 
        {"sofa" : 1,  "begin" : 2646,  "end" : 2649 }, 
        {"sofa" : 1,  "begin" : 2650,  "end" : 2656 }, 
        {"sofa" : 1,  "begin" : 2657,  "end" : 2661 }, 
        {"sofa" : 1,  "begin" : 2661,  "end" : 2662 }, 
        {"sofa" : 1,  "begin" : 2663,  "end" : 2665 }, 
        {"sofa" : 1,  "begin" : 2666,  "end" : 2669 }, 
        {"sofa" : 1,  "begin" : 2670,  "end" : 2676 }, 
        {"sofa" : 1,  "begin" : 2677,  "end" : 2679 }, 
        {"sofa" : 1,  "begin" : 2680,  "end" : 2687 }, 
        {"sofa" : 1,  "begin" : 2688,  "end" : 2690 }, 
        {"sofa" : 1,  "begin" : 2691,  "end" : 2693 }, 
        {"sofa" : 1,  "begin" : 2694,  "end" : 2696 }, 
        {"sofa" : 1,  "begin" : 2697,  "end" : 2706 }, 
        {"sofa" : 1,  "begin" : 2707,  "end" : 2712 }, 
        {"sofa" : 1,  "begin" : 2713,  "end" : 2717 }, 
        {"sofa" : 1,  "begin" : 2718,  "end" : 2721 }, 
        {"sofa" : 1,  "begin" : 2722,  "end" : 2728 }, 
        {"sofa" : 1,  "begin" : 2728,  "end" : 2729 }, 
        {"sofa" : 1,  "begin" : 2731,  "end" : 2735 }, 
        {"sofa" : 1,  "begin" : 2736,  "end" : 2738 }, 
        {"sofa" : 1,  "begin" : 2739,  "end" : 2740 }, 
        {"sofa" : 1,  "begin" : 2741,  "end" : 2745 }, 
        {"sofa" : 1,  "begin" : 2746,  "end" : 2751 }, 
        {"sofa" : 1,  "begin" : 2752,  "end" : 2759 }, 
        {"sofa" : 1,  "begin" : 2759,  "end" : 2760 }, 
        {"sofa" : 1,  "begin" : 2761,  "end" : 2764 }, 
        {"sofa" : 1,  "begin" : 2765,  "end" : 2770 }, 
        {"sofa" : 1,  "begin" : 2771,  "end" : 2782 }, 
        {"sofa" : 1,  "begin" : 2783,  "end" : 2786 }, 
        {"sofa" : 1,  "begin" : 2787,  "end" : 2791 }, 
        {"sofa" : 1,  "begin" : 2792,  "end" : 2797 }, 
        {"sofa" : 1,  "begin" : 2797,  "end" : 2798 }, 
        {"sofa" : 1,  "begin" : 2799,  "end" : 2809 }, 
        {"sofa" : 1,  "begin" : 2810,  "end" : 2812 }, 
        {"sofa" : 1,  "begin" : 2813,  "end" : 2815 }, 
        {"sofa" : 1,  "begin" : 2816,  "end" : 2820 }, 
        {"sofa" : 1,  "begin" : 2821,  "end" : 2830 }, 
        {"sofa" : 1,  "begin" : 2831,  "end" : 2835 }, 
        {"sofa" : 1,  "begin" : 2836,  "end" : 2844 }, 
        {"sofa" : 1,  "begin" : 2845,  "end" : 2855 }, 
        {"sofa" : 1,  "begin" : 2855,  "end" : 2856 }, 
        {"sofa" : 1,  "begin" : 2857,  "end" : 2860 }, 
        {"sofa" : 1,  "begin" : 2861,  "end" : 2870 }, 
        {"sofa" : 1,  "begin" : 2871,  "end" : 2878 }, 
        {"sofa" : 1,  "begin" : 2878,  "end" : 2879 }, 
        {"sofa" : 1,  "begin" : 2880,  "end" : 2889 }, 
        {"sofa" : 1,  "begin" : 2890,  "end" : 2895 }, 
        {"sofa" : 1,  "begin" : 2895,  "end" : 2896 }, 
        {"sofa" : 1,  "begin" : 2897,  "end" : 2900 }, 
        {"sofa" : 1,  "begin" : 2901,  "end" : 2906 }, 
        {"sofa" : 1,  "begin" : 2907,  "end" : 2914 }, 
        {"sofa" : 1,  "begin" : 2915,  "end" : 2919 }, 
        {"sofa" : 1,  "begin" : 2920,  "end" : 2923 }, 
        {"sofa" : 1,  "begin" : 2924,  "end" : 2929 }, 
        {"sofa" : 1,  "begin" : 2929,  "end" : 2930 }, 
        {"sofa" : 1,  "begin" : 2931,  "end" : 2934 }, 
        {"sofa" : 1,  "begin" : 2935,  "end" : 2938 }, 
        {"sofa" : 1,  "begin" : 2939,  "end" : 2941 }, 
        {"sofa" : 1,  "begin" : 2942,  "end" : 2948 }, 
        {"sofa" : 1,  "begin" : 2948,  "end" : 2949 }, 
        {"sofa" : 1,  "begin" : 2950,  "end" : 2953 }, 
        {"sofa" : 1,  "begin" : 2954,  "end" : 2958 }, 
        {"sofa" : 1,  "begin" : 2959,  "end" : 2966 }, 
        {"sofa" : 1,  "begin" : 2967,  "end" : 2969 }, 
        {"sofa" : 1,  "begin" : 2970,  "end" : 2972 }, 
        {"sofa" : 1,  "begin" : 2972,  "end" : 2973 }, 
        {"sofa" : 1,  "begin" : 2974,  "end" : 2977 }, 
        {"sofa" : 1,  "begin" : 2978,  "end" : 2985 }, 
        {"sofa" : 1,  "begin" : 2986,  "end" : 2991 }, 
        {"sofa" : 1,  "begin" : 2992,  "end" : 2996 }, 
        {"sofa" : 1,  "begin" : 2997,  "end" : 3002 }, 
        {"sofa" : 1,  "begin" : 3003,  "end" : 3006 }, 
        {"sofa" : 1,  "begin" : 3007,  "end" : 3014 }, 
        {"sofa" : 1,  "begin" : 3015,  "end" : 3017 }, 
        {"sofa" : 1,  "begin" : 3018,  "end" : 3023 }, 
        {"sofa" : 1,  "begin" : 3024,  "end" : 3032 }, 
        {"sofa" : 1,  "begin" : 3032,  "end" : 3033 }, 
        {"sofa" : 1,  "begin" : 3034,  "end" : 3037 }, 
        {"sofa" : 1,  "begin" : 3038,  "end" : 3042 }, 
        {"sofa" : 1,  "begin" : 3043,  "end" : 3045 }, 
        {"sofa" : 1,  "begin" : 3046,  "end" : 3049 }, 
        {"sofa" : 1,  "begin" : 3050,  "end" : 3054 }, 
        {"sofa" : 1,  "begin" : 3055,  "end" : 3061 }, 
        {"sofa" : 1,  "begin" : 3061,  "end" : 3062 }, 
        {"sofa" : 1,  "begin" : 3063,  "end" : 3066 }, 
        {"sofa" : 1,  "begin" : 3067,  "end" : 3074 }, 
        {"sofa" : 1,  "begin" : 3075,  "end" : 3082 }, 
        {"sofa" : 1,  "begin" : 3083,  "end" : 3085 }, 
        {"sofa" : 1,  "begin" : 3086,  "end" : 3088 }, 
        {"sofa" : 1,  "begin" : 3088,  "end" : 3089 }, 
        {"sofa" : 1,  "begin" : 3091,  "end" : 3094 }, 
        {"sofa" : 1,  "begin" : 3095,  "end" : 3099 }, 
        {"sofa" : 1,  "begin" : 3100,  "end" : 3105 }, 
        {"sofa" : 1,  "begin" : 3106,  "end" : 3110 }, 
        {"sofa" : 1,  "begin" : 3111,  "end" : 3119 }, 
        {"sofa" : 1,  "begin" : 3120,  "end" : 3122 }, 
        {"sofa" : 1,  "begin" : 3123,  "end" : 3126 }, 
        {"sofa" : 1,  "begin" : 3127,  "end" : 3128 }, 
        {"sofa" : 1,  "begin" : 3128,  "end" : 3129 }, 
        {"sofa" : 1,  "begin" : 3129,  "end" : 3130 }, 
        {"sofa" : 1,  "begin" : 3130,  "end" : 3131 }, 
        {"sofa" : 1,  "begin" : 3132,  "end" : 3135 }, 
        {"sofa" : 1,  "begin" : 3136,  "end" : 3141 }, 
        {"sofa" : 1,  "begin" : 3142,  "end" : 3145 }, 
        {"sofa" : 1,  "begin" : 3146,  "end" : 3149 }, 
        {"sofa" : 1,  "begin" : 3149,  "end" : 3150 }, 
        {"sofa" : 1,  "begin" : 3151,  "end" : 3153 }, 
        {"sofa" : 1,  "begin" : 3154,  "end" : 3157 }, 
        {"sofa" : 1,  "begin" : 3158,  "end" : 3161 }, 
        {"sofa" : 1,  "begin" : 3161,  "end" : 3162 }, 
        {"sofa" : 1,  "begin" : 3163,  "end" : 3166 }, 
        {"sofa" : 1,  "begin" : 3167,  "end" : 3173 }, 
        {"sofa" : 1,  "begin" : 3174,  "end" : 3178 }, 
        {"sofa" : 1,  "begin" : 3179,  "end" : 3181 }, 
        {"sofa" : 1,  "begin" : 3182,  "end" : 3187 }, 
        {"sofa" : 1,  "begin" : 3188,  "end" : 3192 }, 
        {"sofa" : 1,  "begin" : 3193,  "end" : 3197 }, 
        {"sofa" : 1,  "begin" : 3198,  "end" : 3205 }, 
        {"sofa" : 1,  "begin" : 3206,  "end" : 3209 }, 
        {"sofa" : 1,  "begin" : 3210,  "end" : 3215 }, 
        {"sofa" : 1,  "begin" : 3215,  "end" : 3216 }, 
        {"sofa" : 1,  "begin" : 3217,  "end" : 3218 }, 
        {"sofa" : 1,  "begin" : 3218,  "end" : 3222 }, 
        {"sofa" : 1,  "begin" : 3223,  "end" : 3231 }, 
        {"sofa" : 1,  "begin" : 3232,  "end" : 3241 }, 
        {"sofa" : 1,  "begin" : 3242,  "end" : 3247 }, 
        {"sofa" : 1,  "begin" : 3248,  "end" : 3252 }, 
        {"sofa" : 1,  "begin" : 3252,  "end" : 3253 }, 
        {"sofa" : 1,  "begin" : 3254,  "end" : 3257 }, 
        {"sofa" : 1,  "begin" : 3258,  "end" : 3266 }, 
        {"sofa" : 1,  "begin" : 3267,  "end" : 3280 }, 
        {"sofa" : 1,  "begin" : 3280,  "end" : 3281 }, 
        {"sofa" : 1,  "begin" : 3282,  "end" : 3286 }, 
        {"sofa" : 1,  "begin" : 3287,  "end" : 3301 }, 
        {"sofa" : 1,  "begin" : 3302,  "end" : 3304 }, 
        {"sofa" : 1,  "begin" : 3305,  "end" : 3308 }, 
        {"sofa" : 1,  "begin" : 3309,  "end" : 3315 }, 
        {"sofa" : 1,  "begin" : 3316,  "end" : 3318 }, 
        {"sofa" : 1,  "begin" : 3319,  "end" : 3322 }, 
        {"sofa" : 1,  "begin" : 3323,  "end" : 3327 }, 
        {"sofa" : 1,  "begin" : 3327,  "end" : 3328 }, 
        {"sofa" : 1,  "begin" : 3329,  "end" : 3333 }, 
        {"sofa" : 1,  "begin" : 3334,  "end" : 3338 }, 
        {"sofa" : 1,  "begin" : 3339,  "end" : 3347 }, 
        {"sofa" : 1,  "begin" : 3348,  "end" : 3350 }, 
        {"sofa" : 1,  "begin" : 3351,  "end" : 3361 }, 
        {"sofa" : 1,  "begin" : 3361,  "end" : 3362 }, 
        {"sofa" : 1,  "begin" : 3363,  "end" : 3365 }, 
        {"sofa" : 1,  "begin" : 3366,  "end" : 3370 }, 
        {"sofa" : 1,  "begin" : 3371,  "end" : 3375 }, 
        {"sofa" : 1,  "begin" : 3376,  "end" : 3380 }, 
        {"sofa" : 1,  "begin" : 3381,  "end" : 3384 }, 
        {"sofa" : 1,  "begin" : 3385,  "end" : 3390 }, 
        {"sofa" : 1,  "begin" : 3390,  "end" : 3391 }, 
        {"sofa" : 1,  "begin" : 3392,  "end" : 3400 }, 
        {"sofa" : 1,  "begin" : 3400,  "end" : 3401 }, 
        {"sofa" : 1,  "begin" : 3402,  "end" : 3406 }, 
        {"sofa" : 1,  "begin" : 3407,  "end" : 3411 }, 
        {"sofa" : 1,  "begin" : 3411,  "end" : 3412 }, 
        {"sofa" : 1,  "begin" : 3413,  "end" : 3416 }, 
        {"sofa" : 1,  "begin" : 3417,  "end" : 3422 }, 
        {"sofa" : 1,  "begin" : 3423,  "end" : 3426 }, 
        {"sofa" : 1,  "begin" : 3427,  "end" : 3430 }, 
        {"sofa" : 1,  "begin" : 3431,  "end" : 3436 }, 
        {"sofa" : 1,  "begin" : 3437,  "end" : 3444 }, 
        {"sofa" : 1,  "begin" : 3444,  "end" : 3445 }, 
        {"sofa" : 1,  "begin" : 3446,  "end" : 3449 }, 
        {"sofa" : 1,  "begin" : 3450,  "end" : 3453 }, 
        {"sofa" : 1,  "begin" : 3454,  "end" : 3462 }, 
        {"sofa" : 1,  "begin" : 3463,  "end" : 3467 }, 
        {"sofa" : 1,  "begin" : 3468,  "end" : 3470 }, 
        {"sofa" : 1,  "begin" : 3471,  "end" : 3476 }, 
        {"sofa" : 1,  "begin" : 3477,  "end" : 3483 }, 
        {"sofa" : 1,  "begin" : 3484,  "end" : 3493 }, 
        {"sofa" : 1,  "begin" : 3493,  "end" : 3494 }, 
        {"sofa" : 1,  "begin" : 3496,  "end" : 3500 }, 
        {"sofa" : 1,  "begin" : 3501,  "end" : 3506 }, 
        {"sofa" : 1,  "begin" : 3507,  "end" : 3509 }, 
        {"sofa" : 1,  "begin" : 3510,  "end" : 3515 }, 
        {"sofa" : 1,  "begin" : 3516,  "end" : 3518 }, 
        {"sofa" : 1,  "begin" : 3519,  "end" : 3529 }, 
        {"sofa" : 1,  "begin" : 3530,  "end" : 3535 }, 
        {"sofa" : 1,  "begin" : 3535,  "end" : 3536 }, 
        {"sofa" : 1,  "begin" : 3538,  "end" : 3541 }, 
        {"sofa" : 1,  "begin" : 3542,  "end" : 3548 }, 
        {"sofa" : 1,  "begin" : 3549,  "end" : 3551 }, 
        {"sofa" : 1,  "begin" : 3552,  "end" : 3555 }, 
        {"sofa" : 1,  "begin" : 3555,  "end" : 3556 }, 
        {"sofa" : 1,  "begin" : 3557,  "end" : 3568 }, 
        {"sofa" : 1,  "begin" : 3568,  "end" : 3569 }, 
        {"sofa" : 1,  "begin" : 3570,  "end" : 3580 }, 
        {"sofa" : 1,  "begin" : 3580,  "end" : 3581 }, 
        {"sofa" : 1,  "begin" : 3581,  "end" : 3584 }, 
        {"sofa" : 1,  "begin" : 3585,  "end" : 3594 }, 
        {"sofa" : 1,  "begin" : 3595,  "end" : 3597 }, 
        {"sofa" : 1,  "begin" : 3598,  "end" : 3601 }, 
        {"sofa" : 1,  "begin" : 3602,  "end" : 3606 }, 
        {"sofa" : 1,  "begin" : 3606,  "end" : 3607 }, 
        {"sofa" : 1,  "begin" : 3608,  "end" : 3610 }, 
        {"sofa" : 1,  "begin" : 3611,  "end" : 3615 }, 
        {"sofa" : 1,  "begin" : 3616,  "end" : 3617 }, 
        {"sofa" : 1,  "begin" : 3618,  "end" : 3626 }, 
        {"sofa" : 1,  "begin" : 3626,  "end" : 3627 }, 
        {"sofa" : 1,  "begin" : 3629,  "end" : 3634 }, 
        {"sofa" : 1,  "begin" : 3635,  "end" : 3640 }, 
        {"sofa" : 1,  "begin" : 3641,  "end" : 3643 }, 
        {"sofa" : 1,  "begin" : 3644,  "end" : 3648 }, 
        {"sofa" : 1,  "begin" : 3648,  "end" : 3649 }, 
        {"sofa" : 1,  "begin" : 3651,  "end" : 3655 }, 
        {"sofa" : 1,  "begin" : 3655,  "end" : 3656 }, 
        {"sofa" : 1,  "begin" : 3657,  "end" : 3665 }, 
        {"sofa" : 1,  "begin" : 3666,  "end" : 3673 }, 
        {"sofa" : 1,  "begin" : 3673,  "end" : 3674 }, 
        {"sofa" : 1,  "begin" : 3675,  "end" : 3678 }, 
        {"sofa" : 1,  "begin" : 3679,  "end" : 3682 }, 
        {"sofa" : 1,  "begin" : 3683,  "end" : 3687 }, 
        {"sofa" : 1,  "begin" : 3688,  "end" : 3690 }, 
        {"sofa" : 1,  "begin" : 3691,  "end" : 3695 }, 
        {"sofa" : 1,  "begin" : 3695,  "end" : 3696 }, 
        {"sofa" : 1,  "begin" : 3697,  "end" : 3699 }, 
        {"sofa" : 1,  "begin" : 3700,  "end" : 3704 }, 
        {"sofa" : 1,  "begin" : 3705,  "end" : 3710 }, 
        {"sofa" : 1,  "begin" : 3711,  "end" : 3712 }, 
        {"sofa" : 1,  "begin" : 3713,  "end" : 3721 }, 
        {"sofa" : 1,  "begin" : 3721,  "end" : 3722 }, 
        {"sofa" : 1,  "begin" : 3724,  "end" : 3731 }, 
        {"sofa" : 1,  "begin" : 3732,  "end" : 3739 }, 
        {"sofa" : 1,  "begin" : 3739,  "end" : 3740 }, 
        {"sofa" : 1,  "begin" : 3741,  "end" : 3744 }, 
        {"sofa" : 1,  "begin" : 3745,  "end" : 3751 }, 
        {"sofa" : 1,  "begin" : 3752,  "end" : 3757 }, 
        {"sofa" : 1,  "begin" : 3757,  "end" : 3758 }, 
        {"sofa" : 1,  "begin" : 3759,  "end" : 3761 }, 
        {"sofa" : 1,  "begin" : 3762,  "end" : 3766 }, 
        {"sofa" : 1,  "begin" : 3767,  "end" : 3770 }, 
        {"sofa" : 1,  "begin" : 3771,  "end" : 3776 }, 
        {"sofa" : 1,  "begin" : 3776,  "end" : 3777 }, 
        {"sofa" : 1,  "begin" : 3779,  "end" : 3784 }, 
        {"sofa" : 1,  "begin" : 3785,  "end" : 3789 }, 
        {"sofa" : 1,  "begin" : 3790,  "end" : 3792 }, 
        {"sofa" : 1,  "begin" : 3793,  "end" : 3794 }, 
        {"sofa" : 1,  "begin" : 3795,  "end" : 3805 }, 
        {"sofa" : 1,  "begin" : 3806,  "end" : 3815 }, 
        {"sofa" : 1,  "begin" : 3816,  "end" : 3818 }, 
        {"sofa" : 1,  "begin" : 3819,  "end" : 3828 }, 
        {"sofa" : 1,  "begin" : 3829,  "end" : 3834 }, 
        {"sofa" : 1,  "begin" : 3835,  "end" : 3837 }, 
        {"sofa" : 1,  "begin" : 3838,  "end" : 3842 }, 
        {"sofa" : 1,  "begin" : 3843,  "end" : 3849 }, 
        {"sofa" : 1,  "begin" : 3849,  "end" : 3850 }, 
        {"sofa" : 1,  "begin" : 3851,  "end" : 3853 }, 
        {"sofa" : 1,  "begin" : 3854,  "end" : 3857 }, 
        {"sofa" : 1,  "begin" : 3858,  "end" : 3866 }, 
        {"sofa" : 1,  "begin" : 3867,  "end" : 3873 }, 
        {"sofa" : 1,  "begin" : 3874,  "end" : 3879 }, 
        {"sofa" : 1,  "begin" : 3880,  "end" : 3888 }, 
        {"sofa" : 1,  "begin" : 3888,  "end" : 3889 }, 
        {"sofa" : 1,  "begin" : 3890,  "end" : 3893 }, 
        {"sofa" : 1,  "begin" : 3894,  "end" : 3899 }, 
        {"sofa" : 1,  "begin" : 3900,  "end" : 3904 }, 
        {"sofa" : 1,  "begin" : 3905,  "end" : 3909 }, 
        {"sofa" : 1,  "begin" : 3909,  "end" : 3910 }, 
        {"sofa" : 1,  "begin" : 3911,  "end" : 3914 }, 
        {"sofa" : 1,  "begin" : 3916,  "end" : 3927 }, 
        {"sofa" : 1,  "begin" : 3927,  "end" : 3928 }, 
        {"sofa" : 1,  "begin" : 3929,  "end" : 3932 }, 
        {"sofa" : 1,  "begin" : 3933,  "end" : 3942 }, 
        {"sofa" : 1,  "begin" : 3943,  "end" : 3951 }, 
        {"sofa" : 1,  "begin" : 3951,  "end" : 3952 }, 
        {"sofa" : 1,  "begin" : 3953,  "end" : 3955 }, 
        {"sofa" : 1,  "begin" : 3956,  "end" : 3960 }, 
        {"sofa" : 1,  "begin" : 3961,  "end" : 3963 }, 
        {"sofa" : 1,  "begin" : 3964,  "end" : 3969 }, 
        {"sofa" : 1,  "begin" : 3969,  "end" : 3970 }, 
        {"sofa" : 1,  "begin" : 3972,  "end" : 3976 }, 
        {"sofa" : 1,  "begin" : 3977,  "end" : 3979 }, 
        {"sofa" : 1,  "begin" : 3980,  "end" : 3984 }, 
        {"sofa" : 1,  "begin" : 3984,  "end" : 3985 }, 
        {"sofa" : 1,  "begin" : 3986,  "end" : 3989 }, 
        {"sofa" : 1,  "begin" : 3990,  "end" : 3994 }, 
        {"sofa" : 1,  "begin" : 3995,  "end" : 3997 }, 
        {"sofa" : 1,  "begin" : 3998,  "end" : 4001 }, 
        {"sofa" : 1,  "begin" : 4001,  "end" : 4002 }, 
        {"sofa" : 1,  "begin" : 4003,  "end" : 4005 }, 
        {"sofa" : 1,  "begin" : 4006,  "end" : 4010 }, 
        {"sofa" : 1,  "begin" : 4011,  "end" : 4012 }, 
        {"sofa" : 1,  "begin" : 4012,  "end" : 4013 }, 
        {"sofa" : 1,  "begin" : 4014,  "end" : 4019 }, 
        {"sofa" : 1,  "begin" : 4019,  "end" : 4020 }, 
        {"sofa" : 1,  "begin" : 4022,  "end" : 4027 }, 
        {"sofa" : 1,  "begin" : 4028,  "end" : 4030 }, 
        {"sofa" : 1,  "begin" : 4031,  "end" : 4036 }, 
        {"sofa" : 1,  "begin" : 4037,  "end" : 4039 }, 
        {"sofa" : 1,  "begin" : 4040,  "end" : 4046 }, 
        {"sofa" : 1,  "begin" : 4046,  "end" : 4047 }, 
        {"sofa" : 1,  "begin" : 4049,  "end" : 4050 }, 
        {"sofa" : 1,  "begin" : 4051,  "end" : 4055 }, 
        {"sofa" : 1,  "begin" : 4056,  "end" : 4059 }, 
        {"sofa" : 1,  "begin" : 4060,  "end" : 4061 }, 
        {"sofa" : 1,  "begin" : 4062,  "end" : 4067 }, 
        {"sofa" : 1,  "begin" : 4068,  "end" : 4070 }, 
        {"sofa" : 1,  "begin" : 4071,  "end" : 4075 }, 
        {"sofa" : 1,  "begin" : 4075,  "end" : 4076 }, 
        {"sofa" : 1,  "begin" : 4078,  "end" : 4084 }, 
        {"sofa" : 1,  "begin" : 4085,  "end" : 4089 }, 
        {"sofa" : 1,  "begin" : 4089,  "end" : 4090 }, 
        {"sofa" : 1,  "begin" : 4091,  "end" : 4094 }, 
        {"sofa" : 1,  "begin" : 4095,  "end" : 4099 }, 
        {"sofa" : 1,  "begin" : 4100,  "end" : 4101 }, 
        {"sofa" : 1,  "begin" : 4102,  "end" : 4109 }, 
        {"sofa" : 1,  "begin" : 4109,  "end" : 4110 }, 
        {"sofa" : 1,  "begin" : 4112,  "end" : 4123 }, 
        {"sofa" : 1,  "begin" : 4124,  "end" : 4133 }, 
        {"sofa" : 1,  "begin" : 4134,  "end" : 4138 }, 
        {"sofa" : 1,  "begin" : 4139,  "end" : 4141 }, 
        {"sofa" : 1,  "begin" : 4142,  "end" : 4146 }, 
        {"sofa" : 1,  "begin" : 4147,  "end" : 4151 }, 
        {"sofa" : 1,  "begin" : 4152,  "end" : 4155 }, 
        {"sofa" : 1,  "begin" : 4156,  "end" : 4161 }, 
        {"sofa" : 1,  "begin" : 4162,  "end" : 4168 }, 
        {"sofa" : 1,  "begin" : 4169,  "end" : 4175 }, 
        {"sofa" : 1,  "begin" : 4175,  "end" : 4176 }, 
        {"sofa" : 1,  "begin" : 4177,  "end" : 4179 }, 
        {"sofa" : 1,  "begin" : 4180,  "end" : 4191 }, 
        {"sofa" : 1,  "begin" : 4192,  "end" : 4196 }, 
        {"sofa" : 1,  "begin" : 4197,  "end" : 4199 }, 
        {"sofa" : 1,  "begin" : 4200,  "end" : 4203 }, 
        {"sofa" : 1,  "begin" : 4204,  "end" : 4210 }, 
        {"sofa" : 1,  "begin" : 4211,  "end" : 4213 }, 
        {"sofa" : 1,  "begin" : 4214,  "end" : 4217 }, 
        {"sofa" : 1,  "begin" : 4217,  "end" : 4218 }, 
        {"sofa" : 1,  "begin" : 4219,  "end" : 4229 }, 
        {"sofa" : 1,  "begin" : 4229,  "end" : 4230 }, 
        {"sofa" : 1,  "begin" : 4231,  "end" : 4242 }, 
        {"sofa" : 1,  "begin" : 4242,  "end" : 4243 }, 
        {"sofa" : 1,  "begin" : 4244,  "end" : 4247 }, 
        {"sofa" : 1,  "begin" : 4248,  "end" : 4255 }, 
        {"sofa" : 1,  "begin" : 4256,  "end" : 4258 }, 
        {"sofa" : 1,  "begin" : 4259,  "end" : 4266 }, 
        {"sofa" : 1,  "begin" : 4266,  "end" : 4267 }, 
        {"sofa" : 1,  "begin" : 4268,  "end" : 4271 }, 
        {"sofa" : 1,  "begin" : 4272,  "end" : 4280 }, 
        {"sofa" : 1,  "begin" : 4280,  "end" : 4281 }, 
        {"sofa" : 1,  "begin" : 4282,  "end" : 4284 }, 
        {"sofa" : 1,  "begin" : 4285,  "end" : 4292 }, 
        {"sofa" : 1,  "begin" : 4292,  "end" : 4293 }, 
        {"sofa" : 1,  "begin" : 4294,  "end" : 4296 }, 
        {"sofa" : 1,  "begin" : 4297,  "end" : 4303 }, 
        {"sofa" : 1,  "begin" : 4303,  "end" : 4304 }, 
        {"sofa" : 1,  "begin" : 4305,  "end" : 4309 }, 
        {"sofa" : 1,  "begin" : 4310,  "end" : 4313 }, 
        {"sofa" : 1,  "begin" : 4314,  "end" : 4317 }, 
        {"sofa" : 1,  "begin" : 4318,  "end" : 4320 }, 
        {"sofa" : 1,  "begin" : 4321,  "end" : 4329 }, 
        {"sofa" : 1,  "begin" : 4329,  "end" : 4330 }, 
        {"sofa" : 1,  "begin" : 4331,  "end" : 4335 }, 
        {"sofa" : 1,  "begin" : 4335,  "end" : 4336 }, 
        {"sofa" : 1,  "begin" : 4337,  "end" : 4340 }, 
        {"sofa" : 1,  "begin" : 4341,  "end" : 4344 }, 
        {"sofa" : 1,  "begin" : 4344,  "end" : 4345 }, 
        {"sofa" : 1,  "begin" : 4346,  "end" : 4349 }, 
        {"sofa" : 1,  "begin" : 4350,  "end" : 4354 }, 
        {"sofa" : 1,  "begin" : 4355,  "end" : 4361 }, 
        {"sofa" : 1,  "begin" : 4361,  "end" : 4362 }, 
        {"sofa" : 1,  "begin" : 4362,  "end" : 4365 }, 
        {"sofa" : 1,  "begin" : 4366,  "end" : 4369 }, 
        {"sofa" : 1,  "begin" : 4370,  "end" : 4378 }, 
        {"sofa" : 1,  "begin" : 4379,  "end" : 4381 }, 
        {"sofa" : 1,  "begin" : 4382,  "end" : 4389 }, 
        {"sofa" : 1,  "begin" : 4390,  "end" : 4393 }, 
        {"sofa" : 1,  "begin" : 4394,  "end" : 4399 }, 
        {"sofa" : 1,  "begin" : 4399,  "end" : 4400 }, 
        {"sofa" : 1,  "begin" : 4401,  "end" : 4403 }, 
        {"sofa" : 1,  "begin" : 4404,  "end" : 4413 }, 
        {"sofa" : 1,  "begin" : 4414,  "end" : 4417 }, 
        {"sofa" : 1,  "begin" : 4418,  "end" : 4423 }, 
        {"sofa" : 1,  "begin" : 4423,  "end" : 4424 }, 
        {"sofa" : 1,  "begin" : 4425,  "end" : 4434 }, 
        {"sofa" : 1,  "begin" : 4435,  "end" : 4438 }, 
        {"sofa" : 1,  "begin" : 4439,  "end" : 4441 }, 
        {"sofa" : 1,  "begin" : 4442,  "end" : 4443 }, 
        {"sofa" : 1,  "begin" : 4443,  "end" : 4444 }, 
        {"sofa" : 1,  "begin" : 4444,  "end" : 4445 }, 
        {"sofa" : 1,  "begin" : 4446,  "end" : 4448 }, 
        {"sofa" : 1,  "begin" : 4448,  "end" : 4449 }, 
        {"sofa" : 1,  "begin" : 4450,  "end" : 4454 }, 
        {"sofa" : 1,  "begin" : 4455,  "end" : 4459 }, 
        {"sofa" : 1,  "begin" : 4460,  "end" : 4465 }, 
        {"sofa" : 1,  "begin" : 4465,  "end" : 4466 }, 
        {"sofa" : 1,  "begin" : 4467,  "end" : 4471 }, 
        {"sofa" : 1,  "begin" : 4471,  "end" : 4472 }, 
        {"sofa" : 1,  "begin" : 4473,  "end" : 4476 }, 
        {"sofa" : 1,  "begin" : 4477,  "end" : 4482 }, 
        {"sofa" : 1,  "begin" : 4483,  "end" : 4486 }, 
        {"sofa" : 1,  "begin" : 4487,  "end" : 4490 }, 
        {"sofa" : 1,  "begin" : 4491,  "end" : 4495 }, 
        {"sofa" : 1,  "begin" : 4496,  "end" : 4503 }, 
        {"sofa" : 1,  "begin" : 4504,  "end" : 4507 }, 
        {"sofa" : 1,  "begin" : 4508,  "end" : 4512 }, 
        {"sofa" : 1,  "begin" : 4513,  "end" : 4517 }, 
        {"sofa" : 1,  "begin" : 4518,  "end" : 4526 }, 
        {"sofa" : 1,  "begin" : 4527,  "end" : 4533 }, 
        {"sofa" : 1,  "begin" : 4533,  "end" : 4534 }, 
        {"sofa" : 1,  "begin" : 4535,  "end" : 4537 }, 
        {"sofa" : 1,  "begin" : 4538,  "end" : 4541 }, 
        {"sofa" : 1,  "begin" : 4542,  "end" : 4548 }, 
        {"sofa" : 1,  "begin" : 4549,  "end" : 4551 }, 
        {"sofa" : 1,  "begin" : 4552,  "end" : 4561 }, 
        {"sofa" : 1,  "begin" : 4561,  "end" : 4562 }, 
        {"sofa" : 1,  "begin" : 4563,  "end" : 4566 }, 
        {"sofa" : 1,  "begin" : 4567,  "end" : 4572 }, 
        {"sofa" : 1,  "begin" : 4573,  "end" : 4582 }, 
        {"sofa" : 1,  "begin" : 4583,  "end" : 4587 }, 
        {"sofa" : 1,  "begin" : 4588,  "end" : 4591 }, 
        {"sofa" : 1,  "begin" : 4592,  "end" : 4597 }, 
        {"sofa" : 1,  "begin" : 4598,  "end" : 4602 }, 
        {"sofa" : 1,  "begin" : 4603,  "end" : 4612 }, 
        {"sofa" : 1,  "begin" : 4613,  "end" : 4621 }, 
        {"sofa" : 1,  "begin" : 4621,  "end" : 4622 }, 
        {"sofa" : 1,  "begin" : 4623,  "end" : 4632 }, 
        {"sofa" : 1,  "begin" : 4633,  "end" : 4641 }, 
        {"sofa" : 1,  "begin" : 4641,  "end" : 4642 }, 
        {"sofa" : 1,  "begin" : 4643,  "end" : 4645 }, 
        {"sofa" : 1,  "begin" : 4646,  "end" : 4652 }, 
        {"sofa" : 1,  "begin" : 4652,  "end" : 4653 }, 
        {"sofa" : 1,  "begin" : 4654,  "end" : 4657 }, 
        {"sofa" : 1,  "begin" : 4658,  "end" : 4661 }, 
        {"sofa" : 1,  "begin" : 4662,  "end" : 4666 }, 
        {"sofa" : 1,  "begin" : 4666,  "end" : 4667 }, 
        {"sofa" : 1,  "begin" : 4668,  "end" : 4672 }, 
        {"sofa" : 1,  "begin" : 4673,  "end" : 4677 }, 
        {"sofa" : 1,  "begin" : 4678,  "end" : 4681 }, 
        {"sofa" : 1,  "begin" : 4682,  "end" : 4686 }, 
        {"sofa" : 1,  "begin" : 4686,  "end" : 4687 }, 
        {"sofa" : 1,  "begin" : 4688,  "end" : 4695 }, 
        {"sofa" : 1,  "begin" : 4696,  "end" : 4699 }, 
        {"sofa" : 1,  "begin" : 4700,  "end" : 4706 }, 
        {"sofa" : 1,  "begin" : 4707,  "end" : 4711 }, 
        {"sofa" : 1,  "begin" : 4711,  "end" : 4712 }, 
        {"sofa" : 1,  "begin" : 4713,  "end" : 4715 }, 
        {"sofa" : 1,  "begin" : 4716,  "end" : 4718 }, 
        {"sofa" : 1,  "begin" : 4719,  "end" : 4723 }, 
        {"sofa" : 1,  "begin" : 4724,  "end" : 4729 }, 
        {"sofa" : 1,  "begin" : 4729,  "end" : 4730 }, 
        {"sofa" : 1,  "begin" : 4731,  "end" : 4738 }, 
        {"sofa" : 1,  "begin" : 4738,  "end" : 4739 }, 
        {"sofa" : 1,  "begin" : 4740,  "end" : 4743 }, 
        {"sofa" : 1,  "begin" : 4744,  "end" : 4748 }, 
        {"sofa" : 1,  "begin" : 4749,  "end" : 4753 }, 
        {"sofa" : 1,  "begin" : 4754,  "end" : 4759 }, 
        {"sofa" : 1,  "begin" : 4760,  "end" : 4766 }, 
        {"sofa" : 1,  "begin" : 4766,  "end" : 4767 }, 
        {"sofa" : 1,  "begin" : 4768,  "end" : 4775 }, 
        {"sofa" : 1,  "begin" : 4776,  "end" : 4781 }, 
        {"sofa" : 1,  "begin" : 4782,  "end" : 4788 }, 
        {"sofa" : 1,  "begin" : 4789,  "end" : 4792 }, 
        {"sofa" : 1,  "begin" : 4793,  "end" : 4799 }, 
        {"sofa" : 1,  "begin" : 4800,  "end" : 4802 }, 
        {"sofa" : 1,  "begin" : 4803,  "end" : 4807 }, 
        {"sofa" : 1,  "begin" : 4807,  "end" : 4808 }, 
        {"sofa" : 1,  "begin" : 4810,  "end" : 4813 }, 
        {"sofa" : 1,  "begin" : 4814,  "end" : 4818 }, 
        {"sofa" : 1,  "begin" : 4819,  "end" : 4826 }, 
        {"sofa" : 1,  "begin" : 4827,  "end" : 4833 }, 
        {"sofa" : 1,  "begin" : 4834,  "end" : 4837 }, 
        {"sofa" : 1,  "begin" : 4838,  "end" : 4842 }, 
        {"sofa" : 1,  "begin" : 4843,  "end" : 4849 }, 
        {"sofa" : 1,  "begin" : 4849,  "end" : 4850 }, 
        {"sofa" : 1,  "begin" : 4851,  "end" : 4854 }, 
        {"sofa" : 1,  "begin" : 4855,  "end" : 4860 }, 
        {"sofa" : 1,  "begin" : 4861,  "end" : 4867 }, 
        {"sofa" : 1,  "begin" : 4868,  "end" : 4872 }, 
        {"sofa" : 1,  "begin" : 4873,  "end" : 4875 }, 
        {"sofa" : 1,  "begin" : 4876,  "end" : 4879 }, 
        {"sofa" : 1,  "begin" : 4880,  "end" : 4884 }, 
        {"sofa" : 1,  "begin" : 4885,  "end" : 4888 }, 
        {"sofa" : 1,  "begin" : 4889,  "end" : 4894 }, 
        {"sofa" : 1,  "begin" : 4895,  "end" : 4898 }, 
        {"sofa" : 1,  "begin" : 4899,  "end" : 4903 }, 
        {"sofa" : 1,  "begin" : 4904,  "end" : 4906 }, 
        {"sofa" : 1,  "begin" : 4907,  "end" : 4910 }, 
        {"sofa" : 1,  "begin" : 4911,  "end" : 4917 }, 
        {"sofa" : 1,  "begin" : 4917,  "end" : 4918 }, 
        {"sofa" : 1,  "begin" : 4919,  "end" : 4922 }, 
        {"sofa" : 1,  "begin" : 4923,  "end" : 4925 }, 
        {"sofa" : 1,  "begin" : 4926,  "end" : 4929 }, 
        {"sofa" : 1,  "begin" : 4930,  "end" : 4938 }, 
        {"sofa" : 1,  "begin" : 4938,  "end" : 4939 }, 
        {"sofa" : 1,  "begin" : 4940,  "end" : 4948 }, 
        {"sofa" : 1,  "begin" : 4949,  "end" : 4955 }, 
        {"sofa" : 1,  "begin" : 4956,  "end" : 4963 }, 
        {"sofa" : 1,  "begin" : 4964,  "end" : 4969 }, 
        {"sofa" : 1,  "begin" : 4970,  "end" : 4974 }, 
        {"sofa" : 1,  "begin" : 4974,  "end" : 4975 }, 
        {"sofa" : 1,  "begin" : 4976,  "end" : 4977 }, 
        {"sofa" : 1,  "begin" : 4978,  "end" : 4984 }, 
        {"sofa" : 1,  "begin" : 4984,  "end" : 4985 }, 
        {"sofa" : 1,  "begin" : 4986,  "end" : 4991 }, 
        {"sofa" : 1,  "begin" : 4992,  "end" : 4998 }, 
        {"sofa" : 1,  "begin" : 4999,  "end" : 5006 }, 
        {"sofa" : 1,  "begin" : 5007,  "end" : 5009 }, 
        {"sofa" : 1,  "begin" : 5010,  "end" : 5013 }, 
        {"sofa" : 1,  "begin" : 5014,  "end" : 5020 }, 
        {"sofa" : 1,  "begin" : 5020,  "end" : 5021 }, 
        {"sofa" : 1,  "begin" : 5022,  "end" : 5024 }, 
        {"sofa" : 1,  "begin" : 5025,  "end" : 5031 }, 
        {"sofa" : 1,  "begin" : 5032,  "end" : 5036 }, 
        {"sofa" : 1,  "begin" : 5037,  "end" : 5041 }, 
        {"sofa" : 1,  "begin" : 5042,  "end" : 5045 }, 
        {"sofa" : 1,  "begin" : 5046,  "end" : 5049 }, 
        {"sofa" : 1,  "begin" : 5049,  "end" : 5050 }, 
        {"sofa" : 1,  "begin" : 5051,  "end" : 5054 }, 
        {"sofa" : 1,  "begin" : 5055,  "end" : 5061 }, 
        {"sofa" : 1,  "begin" : 5062,  "end" : 5065 }, 
        {"sofa" : 1,  "begin" : 5066,  "end" : 5071 }, 
        {"sofa" : 1,  "begin" : 5071,  "end" : 5072 }, 
        {"sofa" : 1,  "begin" : 5073,  "end" : 5076 }, 
        {"sofa" : 1,  "begin" : 5077,  "end" : 5081 }, 
        {"sofa" : 1,  "begin" : 5082,  "end" : 5085 }, 
        {"sofa" : 1,  "begin" : 5086,  "end" : 5090 }, 
        {"sofa" : 1,  "begin" : 5091,  "end" : 5094 }, 
        {"sofa" : 1,  "begin" : 5095,  "end" : 5104 }, 
        {"sofa" : 1,  "begin" : 5105,  "end" : 5111 }, 
        {"sofa" : 1,  "begin" : 5111,  "end" : 5112 }, 
        {"sofa" : 1,  "begin" : 5113,  "end" : 5116 }, 
        {"sofa" : 1,  "begin" : 5117,  "end" : 5127 }, 
        {"sofa" : 1,  "begin" : 5128,  "end" : 5133 }, 
        {"sofa" : 1,  "begin" : 5134,  "end" : 5136 }, 
        {"sofa" : 1,  "begin" : 5137,  "end" : 5140 }, 
        {"sofa" : 1,  "begin" : 5140,  "end" : 5141 }, 
        {"sofa" : 1,  "begin" : 5142,  "end" : 5145 }, 
        {"sofa" : 1,  "begin" : 5146,  "end" : 5154 }, 
        {"sofa" : 1,  "begin" : 5155,  "end" : 5161 }, 
        {"sofa" : 1,  "begin" : 5162,  "end" : 5169 }, 
        {"sofa" : 1,  "begin" : 5170,  "end" : 5172 }, 
        {"sofa" : 1,  "begin" : 5173,  "end" : 5176 }, 
        {"sofa" : 1,  "begin" : 5177,  "end" : 5181 }, 
        {"sofa" : 1,  "begin" : 5181,  "end" : 5182 }, 
        {"sofa" : 1,  "begin" : 5183,  "end" : 5190 }, 
        {"sofa" : 1,  "begin" : 5191,  "end" : 5194 }, 
        {"sofa" : 1,  "begin" : 5195,  "end" : 5204 }, 
        {"sofa" : 1,  "begin" : 5205,  "end" : 5212 }, 
        {"sofa" : 1,  "begin" : 5213,  "end" : 5217 }, 
        {"sofa" : 1,  "begin" : 5218,  "end" : 5223 }, 
        {"sofa" : 1,  "begin" : 5224,  "end" : 5228 }, 
        {"sofa" : 1,  "begin" : 5228,  "end" : 5229 }, 
        {"sofa" : 1,  "begin" : 5230,  "end" : 5233 }, 
        {"sofa" : 1,  "begin" : 5234,  "end" : 5237 }, 
        {"sofa" : 1,  "begin" : 5238,  "end" : 5241 }, 
        {"sofa" : 1,  "begin" : 5242,  "end" : 5247 }, 
        {"sofa" : 1,  "begin" : 5248,  "end" : 5254 }, 
        {"sofa" : 1,  "begin" : 5254,  "end" : 5255 }, 
        {"sofa" : 1,  "begin" : 5256,  "end" : 5258 }, 
        {"sofa" : 1,  "begin" : 5259,  "end" : 5262 }, 
        {"sofa" : 1,  "begin" : 5263,  "end" : 5271 }, 
        {"sofa" : 1,  "begin" : 5272,  "end" : 5278 }, 
        {"sofa" : 1,  "begin" : 5279,  "end" : 5281 }, 
        {"sofa" : 1,  "begin" : 5282,  "end" : 5286 }, 
        {"sofa" : 1,  "begin" : 5287,  "end" : 5289 }, 
        {"sofa" : 1,  "begin" : 5290,  "end" : 5295 }, 
        {"sofa" : 1,  "begin" : 5296,  "end" : 5299 }, 
        {"sofa" : 1,  "begin" : 5300,  "end" : 5305 }, 
        {"sofa" : 1,  "begin" : 5305,  "end" : 5306 }, 
        {"sofa" : 1,  "begin" : 5307,  "end" : 5310 }, 
        {"sofa" : 1,  "begin" : 5311,  "end" : 5314 }, 
        {"sofa" : 1,  "begin" : 5315,  "end" : 5319 }, 
        {"sofa" : 1,  "begin" : 5320,  "end" : 5323 }, 
        {"sofa" : 1,  "begin" : 5324,  "end" : 5326 }, 
        {"sofa" : 1,  "begin" : 5327,  "end" : 5331 }, 
        {"sofa" : 1,  "begin" : 5332,  "end" : 5334 }, 
        {"sofa" : 1,  "begin" : 5335,  "end" : 5338 }, 
        {"sofa" : 1,  "begin" : 5339,  "end" : 5345 }, 
        {"sofa" : 1,  "begin" : 5345,  "end" : 5346 }, 
        {"sofa" : 1,  "begin" : 5347,  "end" : 5349 }, 
        {"sofa" : 1,  "begin" : 5350,  "end" : 5354 }, 
        {"sofa" : 1,  "begin" : 5355,  "end" : 5357 }, 
        {"sofa" : 1,  "begin" : 5358,  "end" : 5363 }, 
        {"sofa" : 1,  "begin" : 5364,  "end" : 5370 }, 
        {"sofa" : 1,  "begin" : 5370,  "end" : 5371 }, 
        {"sofa" : 1,  "begin" : 5372,  "end" : 5373 }, 
        {"sofa" : 1,  "begin" : 5374,  "end" : 5380 }, 
        {"sofa" : 1,  "begin" : 5380,  "end" : 5381 }, 
        {"sofa" : 1,  "begin" : 5382,  "end" : 5385 }, 
        {"sofa" : 1,  "begin" : 5386,  "end" : 5392 }, 
        {"sofa" : 1,  "begin" : 5393,  "end" : 5402 }, 
        {"sofa" : 1,  "begin" : 5402,  "end" : 5403 }, 
        {"sofa" : 1,  "begin" : 5404,  "end" : 5407 }, 
        {"sofa" : 1,  "begin" : 5408,  "end" : 5415 }, 
        {"sofa" : 1,  "begin" : 5416,  "end" : 5421 }, 
        {"sofa" : 1,  "begin" : 5422,  "end" : 5428 }, 
        {"sofa" : 1,  "begin" : 5429,  "end" : 5432 }, 
        {"sofa" : 1,  "begin" : 5433,  "end" : 5441 }, 
        {"sofa" : 1,  "begin" : 5441,  "end" : 5442 }, 
        {"sofa" : 1,  "begin" : 5443,  "end" : 5446 }, 
        {"sofa" : 1,  "begin" : 5447,  "end" : 5455 }, 
        {"sofa" : 1,  "begin" : 5456,  "end" : 5459 }, 
        {"sofa" : 1,  "begin" : 5460,  "end" : 5468 }, 
        {"sofa" : 1,  "begin" : 5469,  "end" : 5474 }, 
        {"sofa" : 1,  "begin" : 5475,  "end" : 5477 }, 
        {"sofa" : 1,  "begin" : 5478,  "end" : 5484 }, 
        {"sofa" : 1,  "begin" : 5484,  "end" : 5485 }, 
        {"sofa" : 1,  "begin" : 5486,  "end" : 5489 }, 
        {"sofa" : 1,  "begin" : 5490,  "end" : 5495 }, 
        {"sofa" : 1,  "begin" : 5496,  "end" : 5500 }, 
        {"sofa" : 1,  "begin" : 5500,  "end" : 5501 }, 
        {"sofa" : 1,  "begin" : 5502,  "end" : 5505 }, 
        {"sofa" : 1,  "begin" : 5507,  "end" : 5508 }, 
        {"sofa" : 1,  "begin" : 5509,  "end" : 5512 }, 
        {"sofa" : 1,  "begin" : 5513,  "end" : 5514 }, 
        {"sofa" : 1,  "begin" : 5515,  "end" : 5519 }, 
        {"sofa" : 1,  "begin" : 5520,  "end" : 5528 }, 
        {"sofa" : 1,  "begin" : 5529,  "end" : 5534 }, 
        {"sofa" : 1,  "begin" : 5534,  "end" : 5535 }, 
        {"sofa" : 1,  "begin" : 5536,  "end" : 5540 }, 
        {"sofa" : 1,  "begin" : 5541,  "end" : 5546 }, 
        {"sofa" : 1,  "begin" : 5547,  "end" : 5555 }, 
        {"sofa" : 1,  "begin" : 5555,  "end" : 5556 }, 
        {"sofa" : 1,  "begin" : 5557,  "end" : 5561 }, 
        {"sofa" : 1,  "begin" : 5562,  "end" : 5564 }, 
        {"sofa" : 1,  "begin" : 5565,  "end" : 5573 }, 
        {"sofa" : 1,  "begin" : 5574,  "end" : 5582 }, 
        {"sofa" : 1,  "begin" : 5582,  "end" : 5583 }, 
        {"sofa" : 1,  "begin" : 5584,  "end" : 5592 }, 
        {"sofa" : 1,  "begin" : 5593,  "end" : 5607 }, 
        {"sofa" : 1,  "begin" : 5607,  "end" : 5608 }, 
        {"sofa" : 1,  "begin" : 5609,  "end" : 5612 }, 
        {"sofa" : 1,  "begin" : 5613,  "end" : 5622 }, 
        {"sofa" : 1,  "begin" : 5623,  "end" : 5629 }, 
        {"sofa" : 1,  "begin" : 5630,  "end" : 5640 }, 
        {"sofa" : 1,  "begin" : 5640,  "end" : 5641 } ] } }, 
  "_referenced_fss" : {
    "1" : {"_type" : "Sofa",  "sofaNum" : 1,  "sofaID" : "_InitialView",  "mimeType" : "text",  "sofaString" : "The Cause of this Disease is twofold: the Retention of the Seed, and the Menstruum, which are the materiall cause: and a cold and moist distemper of the Matrix, breeding phlegmatick and thick juices, which is the efficient cause: for when the Seed is retained, and the Menstruum hath not the customary, and usuall vent, they burthen the Matrix, and choak, and extinguish\nthe heat thereof: then upon the diminishing of the naturall heat, windy humours are bred, especially in the Matrix, which by nature is a cold, nervous, and bloudlesse part; after the same manner, if the seed be kept too long, it disturbeth the Function of the spiritous parts, and the Midriffe, it oppresseth the heart, causeth fainting and sounding fits, bindeth as it were, and girteth about the parts, and seemes in such a manner to stop the breath, that the sick woman is in danger to be strangled: her puls is sometimes weake, various, and obscure: she hath inward discontents and anxieties, and is most commonly invaded by, at least very subject unto Convulsion fits: she lies, as if she were astonished and void of sense: and from her belly you may heare rumbling, and murmuring noises; she breatheth so weakly, that it is scarce discernable, and indeed she is so sad an object, that the by-standers may easily mistake her to be dead. The drowsie and sleepy disease called Carus differs from this, because they who are affected with it, have the use of their breath free, without any molestation: and it differs from a Catalipsy (another drowsie disease, casting the ••ck into a profound and dead sleep) because\nthey who are taken with that, lie without any motion, but they who have the mother, are tormented with Convulsion fits, their legs and their hands are stretched and wrythed into unusuall figures, and strange postures; and by this it is distinguished from an Apoplexy, unto which it is exceeding like.\n\nGalen wondreth how these women can live, who are troubled with these cruel fits of the Mother, without any puls, or breathing, in as much as it is impossible for one that liveth not to breath, or for on• that breatheth not, to live; for so long we live, so long we breath. To this I answer that although these women live without respiration, yet doe they not live without transpiration; for this being performed thorough the pores of the skin, by the motion of the arteries, conserves the sym• metry of the vitall heat; for then that small heat retiring to the heart, as to Castle, may bepreserved by this benefit of transpiration alone.\n\nNow to procure an assurance, whith• the woman be living or dead, hold a feather, or a looking-glasse to her mouth, the former stir, or the latter be spotted it is an undoubted signe that she liveth.\n\nThis is a most acute Disease, and soone dispatcheth the sick woman, especially if it took beginning from somevery contagious, and poisonous vapours; lecherous women, and lusty widowes that are prone, and apt to Venery, are most subject to it: but married women that injoy the company of their husbands, and such as are with childe, are seldome invaded by it.\n\nYou must apply your Remedies in the ••t, and after the fit: in the fit, the humour just be drawn back with rubbing the parts, •ying painfull Ligatures about them, and applying Cuppinglasses, with scariffication to the calfes of her legs: have such Glysters in readinesse, as will take away the paine, dissolve, draw back, and purge out the thick humours: you may compound them by these formes following.\n\nTake halfe an ounce of Elecampane roots.\n\nThe leaves of rue, penniroyall, Motherwort,and pellitory of the wall, of each a handfull.\n\nThree drams of sena.\n\nBran, Camomile flowers, and the tops of Dill, of each halfe a handfull.\n\nBastard Saffron, and Annise seeds, of each two drams.\n\nBoile them in a sufficient quantitie of\nbirthwort water to nine ounces, to the strained liquor being squeezed, and press very hard, add\n\nDiaphenicon, and benedicta laxativa, of each an ounce.\n\nOyle of dill, and oyle of rue, of each s• drams.\n\nHalfe an ounce of butter.\n\nA dram and a halfe of salt.\n\nMingle them, and make a Glyster.\n\nCarminative medicines must be laid upon the whole inward region, as fomentation made of the leaves of Rue, Motherwort, Penniroyall, the flowers of Melilot, and Camomile, or unguent. de Althea, with the oyl of Camomile, Dill, and Rue; for this loosen¦eth the passages by opening the pores, an expelling the winde; pessaries may be p•• up, made with Civet, Musk, and Amber but you must affront her nose with stinking odours, as the steame of brimstone, the smoke ascending from old shoes burn Partridge feathers, sagapenum galbanum, as fetida, and the like, cast into the fire; because the Matrix doth, as it were abhor, retreat, and flie from these things, whereas sweet things doe allure to them.\n\nBut some curious braine may here demand, why sweet things held to the nose\ndoe breed the fits of the Mother, and on the contrary, stinking things appease those fits? I answer; sweet things applyed to the Matrix, in regard that they are hot, doe expell the winde, cut into the slow and tenacious phlegm, and afterwards purge it out: but stinking things applied to the Nose, consume the ascending vapours with their heat; but you may still demand, if hot stinking things be good to break the winde, why may they not be laid to the Matrix, as well as sweet things? I answer? the Matrix embraceth, and meeteth sweet odours and perfumes, but unsavory and stinking sents it abhors, and flies from; for  ' tis a most certaine truth, that every creature, even by naturall instinct, shunneth inconveniences, and affecteth things convenient.\n\n\n" }, 
    "15409" : {"_type" : "Span",  "sofa" : 1,  "begin" : 4527,  "end" : 4533,  "label" : "Smell_Word" }, 
    "15404" : {"_type" : "Span",  "sofa" : 1,  "begin" : 4518,  "end" : 4526,  "label" : "Quality" }, 
    "15421" : {"_type" : "Span",  "sofa" : 1,  "begin" : 4504,  "end" : 4507,  "label" : "Perceiver" }, 
    "15453" : {"_type" : "Span",  "sofa" : 1,  "begin" : 4538,  "end" : 4561,  "label" : "Smell_Source" }, 
    "15458" : {"_type" : "Span",  "sofa" : 1,  "begin" : 4563,  "end" : 4621,  "label" : "Smell_Source" }, 
    "15463" : {"_type" : "Span",  "sofa" : 1,  "begin" : 4623,  "end" : 4641,  "label" : "Smell_Source" }, 
    "15468" : {"_type" : "Span",  "sofa" : 1,  "begin" : 4646,  "end" : 4652,  "label" : "Smell_Source" }, 
    "15576" : {"_type" : "Span",  "sofa" : 1,  "begin" : 4940,  "end" : 4948,  "label" : "Smell_Word" }, 
    "15571" : {"_type" : "Span",  "sofa" : 1,  "begin" : 4940,  "end" : 4948,  "label" : "Quality" }, 
    "15588" : {"_type" : "Span",  "sofa" : 1,  "begin" : 4949,  "end" : 4955,  "label" : "Smell_Source" }, 
    "15600" : {"_type" : "Span",  "sofa" : 1,  "begin" : 4956,  "end" : 4974,  "label" : "Effect" }, 
    "15629" : {"_type" : "Span",  "sofa" : 1,  "begin" : 5146,  "end" : 5154,  "label" : "Smell_Word" }, 
    "15612" : {"_type" : "Span",  "sofa" : 1,  "begin" : 5146,  "end" : 5154,  "label" : "Quality" }, 
    "15617" : {"_type" : "Span",  "sofa" : 1,  "begin" : 5155,  "end" : 5161,  "label" : "Smell_Source" }, 
    "15706" : {"_type" : "Span",  "sofa" : 1,  "begin" : 5162,  "end" : 5181,  "label" : "Circumstances" }, 
    "15718" : {"_type" : "Span",  "sofa" : 1,  "begin" : 5183,  "end" : 5228,  "label" : "Effect" }, 
    "15740" : {"_type" : "Span",  "sofa" : 1,  "begin" : 5263,  "end" : 5271,  "label" : "Smell_Word" }, 
    "15730" : {"_type" : "Span",  "sofa" : 1,  "begin" : 5259,  "end" : 5262,  "label" : "Quality" }, 
    "15745" : {"_type" : "Span",  "sofa" : 1,  "begin" : 5272,  "end" : 5278,  "label" : "Smell_Source" }, 
    "15793" : {"_type" : "Span",  "sofa" : 1,  "begin" : 5422,  "end" : 5428,  "label" : "Smell_Word" }, 
    "15803" : {"_type" : "Span",  "sofa" : 1,  "begin" : 5416,  "end" : 5421,  "label" : "Quality" }, 
    "15813" : {"_type" : "Span",  "sofa" : 1,  "begin" : 5433,  "end" : 5441,  "label" : "Smell_Word" }, 
    "15842" : {"_type" : "Span",  "sofa" : 1,  "begin" : 5469,  "end" : 5474,  "label" : "Smell_Word" }, 
    "15832" : {"_type" : "Span",  "sofa" : 1,  "begin" : 5447,  "end" : 5455,  "label" : "Quality" }, 
    "15837" : {"_type" : "Span",  "sofa" : 1,  "begin" : 5460,  "end" : 5468,  "label" : "Quality" } } }