#FORMAT=WebAnno TSV 3.3
#T_SP=custom.Span|label
#T_RL=custom.Relation|label|BT_custom.Span


#Text=Der Stamm und die Aeſte haben
#Text=ein aſchenfarbe Rinden.
1-1	2-5	Der	_	_	_	
1-2	6-11	Stamm	_	_	_	
1-3	12-15	und	_	_	_	
1-4	16-19	die	_	_	_	
1-5	20-25	Aeſte	_	_	_	
1-6	26-31	haben	_	_	_	
1-7	32-35	ein	_	_	_	
1-8	36-47	aſchenfarbe	_	_	_	
1-9	48-54	Rinden	_	_	_	
1-10	54-55	.	_	_	_	

#Text=Die Blaͤtter ſind
#Text=ſchoͤn und lind/ laͤnger als die Breite einer
#Text=Hand/ mit einem dicken Faden in der Laͤnge/
#Text=und vielen durchlauffenden Aederlein/ auß-
#Text=wendig gar gruͤn/ inwendig etwas bleicher/
#Text=
#Text=mit Bluͤmlein/ die ſich aus dem rothen auf
#Text=die Purpurfarbe ziehen/ und vielen Faͤdem-
#Text=
#Text=lein in der Mitte/
#Text=die auch lieblich anzuſehen
#Text=ſind/ ſie haben ein Geſchmack wie die Zinck-
#Text=lein an den Weinraͤben.
2-1	56-59	Die	_	_	_	
2-2	60-68	Blaͤtter	_	_	_	
2-3	69-73	ſind	_	_	_	
2-4	74-80	ſchoͤn	_	_	_	
2-5	81-84	und	_	_	_	
2-6	85-89	lind	_	_	_	
2-7	89-90	/	_	_	_	
2-8	91-98	laͤnger	_	_	_	
2-9	99-102	als	_	_	_	
2-10	103-106	die	_	_	_	
2-11	107-113	Breite	_	_	_	
2-12	114-119	einer	_	_	_	
2-13	120-124	Hand	_	_	_	
2-14	124-125	/	_	_	_	
2-15	126-129	mit	_	_	_	
2-16	130-135	einem	_	_	_	
2-17	136-142	dicken	_	_	_	
2-18	143-148	Faden	_	_	_	
2-19	149-151	in	_	_	_	
2-20	152-155	der	_	_	_	
2-21	156-162	Laͤnge	_	_	_	
2-22	162-163	/	_	_	_	
2-23	164-167	und	_	_	_	
2-24	168-174	vielen	_	_	_	
2-25	175-190	durchlauffenden	_	_	_	
2-26	191-200	Aederlein	_	_	_	
2-27	200-201	/	_	_	_	
2-28	202-205	auß	_	_	_	
2-29	205-206	-	_	_	_	
2-30	207-213	wendig	_	_	_	
2-31	214-217	gar	_	_	_	
2-32	218-223	gruͤn	_	_	_	
2-33	223-224	/	_	_	_	
2-34	225-233	inwendig	_	_	_	
2-35	234-239	etwas	_	_	_	
2-36	240-248	bleicher	_	_	_	
2-37	248-249	/	_	_	_	
2-38	251-254	mit	_	_	_	
2-39	255-264	Bluͤmlein	_	_	_	
2-40	264-265	/	_	_	_	
2-41	266-269	die	_	_	_	
2-42	270-274	ſich	_	_	_	
2-43	275-278	aus	_	_	_	
2-44	279-282	dem	_	_	_	
2-45	283-289	rothen	_	_	_	
2-46	290-293	auf	_	_	_	
2-47	294-297	die	_	_	_	
2-48	298-309	Purpurfarbe	_	_	_	
2-49	310-316	ziehen	_	_	_	
2-50	316-317	/	_	_	_	
2-51	318-321	und	_	_	_	
2-52	322-328	vielen	_	_	_	
2-53	329-335	Faͤdem	_	_	_	
2-54	335-336	-	_	_	_	
2-55	338-342	lein	_	_	_	
2-56	343-345	in	_	_	_	
2-57	346-349	der	_	_	_	
2-58	350-355	Mitte	_	_	_	
2-59	355-356	/	_	_	_	
2-60	357-360	die	_	_	_	
2-61	361-365	auch	_	_	_	
2-62	366-374	lieblich	_	_	_	
2-63	375-384	anzuſehen	_	_	_	
2-64	385-389	ſind	_	_	_	
2-65	389-390	/	_	_	_	
2-66	391-394	ſie	_	_	_	
2-67	395-400	haben	_	_	_	
2-68	401-404	ein	_	_	_	
2-69	405-414	Geſchmack	_	_	_	
2-70	415-418	wie	_	_	_	
2-71	419-422	die	_	_	_	
2-72	423-428	Zinck	_	_	_	
2-73	428-429	-	_	_	_	
2-74	430-434	lein	_	_	_	
2-75	435-437	an	_	_	_	
2-76	438-441	den	_	_	_	
2-77	442-452	Weinraͤben	_	_	_	
2-78	452-453	.	_	_	_	

#Text=Die Frucht iſt in
#Text=der Groͤſſe einer Birn/ oder nach etlicher
#Text=Meinung eines groſſen Spaniſchen Gall-
#Text=aͤpffels:
#Text=dieſer Fruͤchte ſind zweyerley Art/
#Text=
#Text=eine iſt dunckelroth/ ſihet als ob ſie ſchwartz
#Text=
#Text=waͤre/ hat gemeiniglch keinen Kernen/ iſt
#Text=
#Text=geſchmackter deñ die andere/ welche blauroth/
#Text=
#Text=oder auß dem roten purpurfaͤrbig/ mit einem
#Text=lieblichen Roſengeruch/ hat in ſich ein weiſ-
#Text=ſes und hartes Steinlein oder Kern/ nicht
#Text=gar rund/ in der Groͤſſe eines Pferſichkerns/
#Text=
#Text=weiß und mit einem rauchen Haͤutlein uͤber-
#Text=zogen.
3-1	454-457	Die	Smell\_Source[1]	_	_	
3-2	458-464	Frucht	Smell\_Source[1]	_	_	
3-3	465-468	iſt	_	_	_	
3-4	469-471	in	_	_	_	
3-5	472-475	der	_	_	_	
3-6	476-483	Groͤſſe	_	_	_	
3-7	484-489	einer	_	_	_	
3-8	490-494	Birn	_	_	_	
3-9	494-495	/	_	_	_	
3-10	496-500	oder	_	_	_	
3-11	501-505	nach	_	_	_	
3-12	506-514	etlicher	_	_	_	
3-13	515-522	Meinung	_	_	_	
3-14	523-528	eines	_	_	_	
3-15	529-536	groſſen	_	_	_	
3-16	537-547	Spaniſchen	_	_	_	
3-17	548-552	Gall	_	_	_	
3-18	552-553	-	_	_	_	
3-19	554-562	aͤpffels	_	_	_	
3-20	562-563	:	_	_	_	
3-21	564-570	dieſer	_	_	_	
3-22	571-579	Fruͤchte	Smell\_Source[2]	_	_	
3-23	580-584	ſind	Smell\_Source[2]	_	_	
3-24	585-594	zweyerley	Smell\_Source[2]	_	_	
3-25	595-598	Art	Smell\_Source[2]	_	_	
3-26	598-599	/	_	_	_	
3-27	601-605	eine	_	_	_	
3-28	606-609	iſt	_	_	_	
3-29	610-621	dunckelroth	_	_	_	
3-30	621-622	/	_	_	_	
3-31	623-628	ſihet	_	_	_	
3-32	629-632	als	_	_	_	
3-33	633-635	ob	_	_	_	
3-34	636-639	ſie	_	_	_	
3-35	640-648	ſchwartz	_	_	_	
3-36	650-655	waͤre	_	_	_	
3-37	655-656	/	_	_	_	
3-38	657-660	hat	_	_	_	
3-39	661-672	gemeiniglch	_	_	_	
3-40	673-679	keinen	_	_	_	
3-41	680-686	Kernen	_	_	_	
3-42	686-687	/	_	_	_	
3-43	688-691	iſt	_	_	_	
3-44	693-705	geſchmackter	_	_	_	
3-45	706-709	deñ	_	_	_	
3-46	710-713	die	Smell\_Source[3]	Anaphoric	3-1[1_3]	
3-47	714-720	andere	Smell\_Source[3]	_	_	
3-48	720-721	/	_	_	_	
3-49	722-728	welche	_	_	_	
3-50	729-737	blauroth	_	_	_	
3-51	737-738	/	_	_	_	
3-52	740-744	oder	_	_	_	
3-53	745-748	auß	_	_	_	
3-54	749-752	dem	_	_	_	
3-55	753-758	roten	_	_	_	
3-56	759-772	purpurfaͤrbig	_	_	_	
3-57	772-773	/	_	_	_	
3-58	774-777	mit	_	_	_	
3-59	778-783	einem	_	_	_	
3-60	784-794	lieblichen	Quality	_	_	
3-61	795-806	Roſengeruch	Smell\_Word[4]|Evoked\_Odorant[5]	*|*|*|*	3-60[0_4]|3-61[5_4]|3-1[1_4]|3-46[3_4]	
3-62	806-807	/	_	_	_	
3-63	808-811	hat	_	_	_	
3-64	812-814	in	_	_	_	
3-65	815-819	ſich	_	_	_	
3-66	820-823	ein	_	_	_	
3-67	824-828	weiſ	_	_	_	
3-68	828-829	-	_	_	_	
3-69	830-833	ſes	_	_	_	
3-70	834-837	und	_	_	_	
3-71	838-844	hartes	_	_	_	
3-72	845-854	Steinlein	_	_	_	
3-73	855-859	oder	_	_	_	
3-74	860-864	Kern	_	_	_	
3-75	864-865	/	_	_	_	
3-76	866-871	nicht	_	_	_	
3-77	872-875	gar	_	_	_	
3-78	876-880	rund	_	_	_	
3-79	880-881	/	_	_	_	
3-80	882-884	in	_	_	_	
3-81	885-888	der	_	_	_	
3-82	889-896	Groͤſſe	_	_	_	
3-83	897-902	eines	_	_	_	
3-84	903-916	Pferſichkerns	_	_	_	
3-85	916-917	/	_	_	_	
3-86	919-923	weiß	_	_	_	
3-87	924-927	und	_	_	_	
3-88	928-931	mit	_	_	_	
3-89	932-937	einem	_	_	_	
3-90	938-945	rauchen	_	_	_	
3-91	946-955	Haͤutlein	_	_	_	
3-92	956-961	uͤber	_	_	_	
3-93	961-962	-	_	_	_	
3-94	963-968	zogen	_	_	_	
3-95	968-969	.	_	_	_	

#Text=Dieſe/
#Text=ob ſie wol nicht ſo groß wie die
#Text=vorige/ iſt doch angenehmer den leckermaͤuli-
#Text=gen Leuten.
4-1	970-975	Dieſe	_	_	_	
4-2	975-976	/	_	_	_	
4-3	977-979	ob	_	_	_	
4-4	980-983	ſie	_	_	_	
4-5	984-987	wol	_	_	_	
4-6	988-993	nicht	_	_	_	
4-7	994-996	ſo	_	_	_	
4-8	997-1001	groß	_	_	_	
4-9	1002-1005	wie	_	_	_	
4-10	1006-1009	die	_	_	_	
4-11	1010-1016	vorige	_	_	_	
4-12	1016-1017	/	_	_	_	
4-13	1018-1021	iſt	_	_	_	
4-14	1022-1026	doch	_	_	_	
4-15	1027-1037	angenehmer	_	_	_	
4-16	1038-1041	den	_	_	_	
4-17	1042-1054	leckermaͤuli	_	_	_	
4-18	1054-1055	-	_	_	_	
4-19	1056-1059	gen	_	_	_	
4-20	1060-1066	Leuten	_	_	_	
4-21	1066-1067	.	_	_	_	

#Text=Sie riechen alle beyde wie liebli-
#Text=che Roſen/ ſind kalt und feucht/ gantz ſanfft
#Text=und lind/ mit einem duͤnnen
#Text=Haͤutlein umb-
#Text=geben/
#Text=das man mit keinem Meſſer kan ab-
#Text=ſchaͤlen.
5-1	1068-1071	Sie	Smell\_Source	Anaphoric	3-22[2_0]	
5-2	1072-1079	riechen	Smell\_Word	*|*|*	5-1|3-22[2_0]|5-5[6_0]	
5-3	1080-1084	alle	_	_	_	
5-4	1085-1090	beyde	_	_	_	
5-5	1091-1094	wie	Evoked\_Odorant[6]	_	_	
5-6	1095-1101	liebli	Evoked\_Odorant[6]	_	_	
5-7	1101-1102	-	Evoked\_Odorant[6]	_	_	
5-8	1103-1106	che	Evoked\_Odorant[6]	_	_	
5-9	1107-1112	Roſen	Evoked\_Odorant[6]	_	_	
5-10	1112-1113	/	_	_	_	
5-11	1114-1118	ſind	_	_	_	
5-12	1119-1123	kalt	_	_	_	
5-13	1124-1127	und	_	_	_	
5-14	1128-1134	feucht	_	_	_	
5-15	1134-1135	/	_	_	_	
5-16	1136-1141	gantz	_	_	_	
5-17	1142-1148	ſanfft	_	_	_	
5-18	1149-1152	und	_	_	_	
5-19	1153-1157	lind	_	_	_	
5-20	1157-1158	/	_	_	_	
5-21	1159-1162	mit	_	_	_	
5-22	1163-1168	einem	_	_	_	
5-23	1169-1176	duͤnnen	_	_	_	
5-24	1177-1186	Haͤutlein	_	_	_	
5-25	1187-1190	umb	_	_	_	
5-26	1190-1191	-	_	_	_	
5-27	1192-1197	geben	_	_	_	
5-28	1197-1198	/	_	_	_	
5-29	1199-1202	das	_	_	_	
5-30	1203-1206	man	_	_	_	
5-31	1207-1210	mit	_	_	_	
5-32	1211-1217	keinem	_	_	_	
5-33	1218-1224	Meſſer	_	_	_	
5-34	1225-1228	kan	_	_	_	
5-35	1229-1231	ab	_	_	_	
5-36	1231-1232	-	_	_	_	
5-37	1233-1241	ſchaͤlen	_	_	_	
5-38	1241-1242	.	_	_	_	

#Text=Dieſer Baum wurtzlet ſehr tieff und
#Text=wird in vier Jahren fruchtbar/ tragt auch
#Text=durch das gantze Jahr/ und wird nimmer oh-
#Text=ne Frucht oder Bluͤth geſehen:
#Text=Denn er ge-
#Text=meiniglich entweder voller Bluͤth/ oder voll
#Text=zeitiger und unzeitiger Fruͤchten ſtehet.
6-1	1243-1249	Dieſer	_	_	_	
6-2	1250-1254	Baum	_	_	_	
6-3	1255-1263	wurtzlet	_	_	_	
6-4	1264-1268	ſehr	_	_	_	
6-5	1269-1274	tieff	_	_	_	
6-6	1275-1278	und	_	_	_	
6-7	1279-1283	wird	_	_	_	
6-8	1284-1286	in	_	_	_	
6-9	1287-1291	vier	_	_	_	
6-10	1292-1298	Jahren	_	_	_	
6-11	1299-1308	fruchtbar	_	_	_	
6-12	1308-1309	/	_	_	_	
6-13	1310-1315	tragt	_	_	_	
6-14	1316-1320	auch	_	_	_	
6-15	1321-1326	durch	_	_	_	
6-16	1327-1330	das	_	_	_	
6-17	1331-1337	gantze	_	_	_	
6-18	1338-1342	Jahr	_	_	_	
6-19	1342-1343	/	_	_	_	
6-20	1344-1347	und	_	_	_	
6-21	1348-1352	wird	_	_	_	
6-22	1353-1359	nimmer	_	_	_	
6-23	1360-1362	oh	_	_	_	
6-24	1362-1363	-	_	_	_	
6-25	1364-1366	ne	_	_	_	
6-26	1367-1373	Frucht	_	_	_	
6-27	1374-1378	oder	_	_	_	
6-28	1379-1385	Bluͤth	_	_	_	
6-29	1386-1393	geſehen	_	_	_	
6-30	1393-1394	:	_	_	_	
6-31	1395-1399	Denn	_	_	_	
6-32	1400-1402	er	_	_	_	
6-33	1403-1405	ge	_	_	_	
6-34	1405-1406	-	_	_	_	
6-35	1407-1417	meiniglich	_	_	_	
6-36	1418-1426	entweder	_	_	_	
6-37	1427-1433	voller	_	_	_	
6-38	1434-1440	Bluͤth	_	_	_	
6-39	1440-1441	/	_	_	_	
6-40	1442-1446	oder	_	_	_	
6-41	1447-1451	voll	_	_	_	
6-42	1452-1460	zeitiger	_	_	_	
6-43	1461-1464	und	_	_	_	
6-44	1465-1475	unzeitiger	_	_	_	
6-45	1476-1485	Fruͤchten	_	_	_	
6-46	1486-1492	ſtehet	_	_	_	
6-47	1492-1493	.	_	_	_	

#Text=Ja
#Text=wenn die Bluͤmlein abfallen (von welchen
#Text=das Erdreich anzuſehen iſt/ als waͤre es mit
#Text=roter Farb angeſtrichen) ſo wachſen wide-
#Text=rumb friſche: dahero etliche Fruͤchte erſt an-
#Text=fangen zu wachſen/ andere zu zeitigen/ etliche
#Text=aber ſchon zeitig ſind/ und geleſen oder ab-
#Text=gebrochen werden.
7-1	1494-1496	Ja	_	_	_	
7-2	1497-1501	wenn	_	_	_	
7-3	1502-1505	die	_	_	_	
7-4	1506-1515	Bluͤmlein	_	_	_	
7-5	1516-1524	abfallen	_	_	_	
7-6	1525-1526	(	_	_	_	
7-7	1526-1529	von	_	_	_	
7-8	1530-1537	welchen	_	_	_	
7-9	1538-1541	das	_	_	_	
7-10	1542-1550	Erdreich	_	_	_	
7-11	1551-1560	anzuſehen	_	_	_	
7-12	1561-1564	iſt	_	_	_	
7-13	1564-1565	/	_	_	_	
7-14	1566-1569	als	_	_	_	
7-15	1570-1575	waͤre	_	_	_	
7-16	1576-1578	es	_	_	_	
7-17	1579-1582	mit	_	_	_	
7-18	1583-1588	roter	_	_	_	
7-19	1589-1593	Farb	_	_	_	
7-20	1594-1606	angeſtrichen	_	_	_	
7-21	1606-1607	)	_	_	_	
7-22	1608-1610	ſo	_	_	_	
7-23	1611-1618	wachſen	_	_	_	
7-24	1619-1623	wide	_	_	_	
7-25	1623-1624	-	_	_	_	
7-26	1625-1629	rumb	_	_	_	
7-27	1630-1637	friſche	_	_	_	
7-28	1637-1638	:	_	_	_	
7-29	1639-1645	dahero	_	_	_	
7-30	1646-1653	etliche	_	_	_	
7-31	1654-1662	Fruͤchte	_	_	_	
7-32	1663-1667	erſt	_	_	_	
7-33	1668-1670	an	_	_	_	
7-34	1670-1671	-	_	_	_	
7-35	1672-1678	fangen	_	_	_	
7-36	1679-1681	zu	_	_	_	
7-37	1682-1689	wachſen	_	_	_	
7-38	1689-1690	/	_	_	_	
7-39	1691-1697	andere	_	_	_	
7-40	1698-1700	zu	_	_	_	
7-41	1701-1709	zeitigen	_	_	_	
7-42	1709-1710	/	_	_	_	
7-43	1711-1718	etliche	_	_	_	
7-44	1719-1723	aber	_	_	_	
7-45	1724-1729	ſchon	_	_	_	
7-46	1730-1736	zeitig	_	_	_	
7-47	1737-1741	ſind	_	_	_	
7-48	1741-1742	/	_	_	_	
7-49	1743-1746	und	_	_	_	
7-50	1747-1754	geleſen	_	_	_	
7-51	1755-1759	oder	_	_	_	
7-52	1760-1762	ab	_	_	_	
7-53	1762-1763	-	_	_	_	
7-54	1764-1773	gebrochen	_	_	_	
7-55	1774-1780	werden	_	_	_	
7-56	1780-1781	.	_	_	_	
