#FORMAT=WebAnno TSV 3.3


#Text=Immolatoque vitulo in conspectu Domini, 16 inferet sacerdos, qui unctus est, de sanguine ejus in tabernaculum testimonii, 17 tincto digito aspergens septies contra velum.
#Text=18 Ponetque de eodem sanguine in cornibus altaris, quod est coram Domino in tabernaculo testimonii : reliquum autem sanguinem fundet juxta basim altaris holocaustorum, quod est in ostio tabernaculi testimonii.
#Text=19 Omnemque ejus adipem tollet, et adolebit super altare : 20 sic faciens et de hoc vitulo quomodo fecit et prius : et rogante pro eis sacerdote, propitius erit eis Dominus.
#Text=21 Ipsum autem vitulum efferet extra castra, atque comburet sicut et priorem vitulum : quia est pro peccato multitudinis.
#Text=22 Si peccaverit princeps, et fecerit unum e pluribus per ignorantiam, quod Domini lege prohibetur : 23 et postea intellexerit peccatum suum, offeret hostiam Domino, hircum de capris immaculatum.
#Text=24 Ponetque manum suam super caput ejus : cumque immolaverit eum in loco ubi solet mactari holocaustum coram Domino, quia pro peccato est, 25 tinget sacerdos digitum in sanguine hostiæ pro peccato, tangens cornua altaris holocausti, et reliquum fundens ad basim ejus.
#Text=26 Adipem vero adolebit supra, sicut in victimis pacificorum fieri solet : rogabitque pro eo sacerdos, et pro peccato ejus, et dimittetur ei.
#Text=27 Quod si peccaverit anima per ignorantiam, de populo terræ, ut faciat quidquam de his, quæ Domini lege prohibentur, atque delinquat, 28 et cognoverit peccatum suum, offeret capram immaculatam.
#Text=29 Ponetque manum super caput hostiæ quæ pro peccato est, et immolabit eam in loco holocausti.
#Text=30 Tolletque sacerdos de sanguine in digito suo : et tangens cornua altaris holocausti, reliquum fundet ad basim ejus.
#Text=31 Omnem autem adipem auferens, sicut auferri solet de victimis pacificorum, adolebit super altare in odorem suavitatis Domino : rogabitque pro eo, et dimittetur ei.
#Text=32 Sin autem de pecoribus obtulerit victimam pro peccato, ovem scilicet immaculatam : 33 ponet manum super caput ejus, et immolabit eam in loco ubi solent cædi holocaustorum hostiæ.
#Text=34 Sumetque sacerdos de sanguine ejus digito suo, et tangens cornua altaris holocausti, reliquum fundet ad basim ejus.
#Text=35 Omnem quoque adipem auferens, sicut auferri solet adeps arietis, qui immolatur pro pacificis, cremabit super altare in incensum Domini : rogabitque pro eo, et pro peccato ejus, et dimittetur ei.
1-1	2-13	Immolatoque	
1-2	14-20	vitulo	
1-3	21-23	in	
1-4	24-33	conspectu	
1-5	34-40	Domini	
1-6	40-41	,	
1-7	42-44	16	
1-8	45-52	inferet	
1-9	53-61	sacerdos	
1-10	61-62	,	
1-11	63-66	qui	
1-12	67-73	unctus	
1-13	74-77	est	
1-14	77-78	,	
1-15	79-81	de	
1-16	82-90	sanguine	
1-17	91-95	ejus	
1-18	96-98	in	
1-19	99-111	tabernaculum	
1-20	112-122	testimonii	
1-21	122-123	,	
1-22	124-126	17	
1-23	127-133	tincto	
1-24	134-140	digito	
1-25	141-150	aspergens	
1-26	151-158	septies	
1-27	159-165	contra	
1-28	166-171	velum	
1-29	171-172	.	
1-30	173-175	18	
1-31	176-184	Ponetque	
1-32	185-187	de	
1-33	188-193	eodem	
1-34	194-202	sanguine	
1-35	203-205	in	
1-36	206-214	cornibus	
1-37	215-222	altaris	
1-38	222-223	,	
1-39	224-228	quod	
1-40	229-232	est	
1-41	233-238	coram	
1-42	239-245	Domino	
1-43	246-248	in	
1-44	249-260	tabernaculo	
1-45	261-271	testimonii	
1-46	272-273	:	
1-47	274-282	reliquum	
1-48	283-288	autem	
1-49	289-298	sanguinem	
1-50	299-305	fundet	
1-51	306-311	juxta	
1-52	312-317	basim	
1-53	318-325	altaris	
1-54	326-339	holocaustorum	
1-55	339-340	,	
1-56	341-345	quod	
1-57	346-349	est	
1-58	350-352	in	
1-59	353-358	ostio	
1-60	359-370	tabernaculi	
1-61	371-381	testimonii	
1-62	381-382	.	
1-63	383-385	19	
1-64	386-394	Omnemque	
1-65	395-399	ejus	
1-66	400-406	adipem	
1-67	407-413	tollet	
1-68	413-414	,	
1-69	415-417	et	
1-70	418-426	adolebit	
1-71	427-432	super	
1-72	433-439	altare	
1-73	440-441	:	
1-74	442-444	20	
1-75	445-448	sic	
1-76	449-456	faciens	
1-77	457-459	et	
1-78	460-462	de	
1-79	463-466	hoc	
1-80	467-473	vitulo	
1-81	474-481	quomodo	
1-82	482-487	fecit	
1-83	488-490	et	
1-84	491-496	prius	
1-85	497-498	:	
1-86	499-501	et	
1-87	502-509	rogante	
1-88	510-513	pro	
1-89	514-517	eis	
1-90	518-527	sacerdote	
1-91	527-528	,	
1-92	529-538	propitius	
1-93	539-543	erit	
1-94	544-547	eis	
1-95	548-555	Dominus	
1-96	555-556	.	
1-97	557-559	21	
1-98	560-565	Ipsum	
1-99	566-571	autem	
1-100	572-579	vitulum	
1-101	580-587	efferet	
1-102	588-593	extra	
1-103	594-600	castra	
1-104	600-601	,	
1-105	602-607	atque	
1-106	608-616	comburet	
1-107	617-622	sicut	
1-108	623-625	et	
1-109	626-633	priorem	
1-110	634-641	vitulum	
1-111	642-643	:	
1-112	644-648	quia	
1-113	649-652	est	
1-114	653-656	pro	
1-115	657-664	peccato	
1-116	665-677	multitudinis	
1-117	677-678	.	
1-118	679-681	22	
1-119	682-684	Si	
1-120	685-695	peccaverit	
1-121	696-704	princeps	
1-122	704-705	,	
1-123	706-708	et	
1-124	709-716	fecerit	
1-125	717-721	unum	
1-126	722-723	e	
1-127	724-732	pluribus	
1-128	733-736	per	
1-129	737-748	ignorantiam	
1-130	748-749	,	
1-131	750-754	quod	
1-132	755-761	Domini	
1-133	762-766	lege	
1-134	767-777	prohibetur	
1-135	778-779	:	
1-136	780-782	23	
1-137	783-785	et	
1-138	786-792	postea	
1-139	793-805	intellexerit	
1-140	806-814	peccatum	
1-141	815-819	suum	
1-142	819-820	,	
1-143	821-828	offeret	
1-144	829-836	hostiam	
1-145	837-843	Domino	
1-146	843-844	,	
1-147	845-851	hircum	
1-148	852-854	de	
1-149	855-861	capris	
1-150	862-873	immaculatum	
1-151	873-874	.	
1-152	875-877	24	
1-153	878-886	Ponetque	
1-154	887-892	manum	
1-155	893-897	suam	
1-156	898-903	super	
1-157	904-909	caput	
1-158	910-914	ejus	
1-159	915-916	:	
1-160	917-923	cumque	
1-161	924-935	immolaverit	
1-162	936-939	eum	
1-163	940-942	in	
1-164	943-947	loco	
1-165	948-951	ubi	
1-166	952-957	solet	
1-167	958-965	mactari	
1-168	966-977	holocaustum	
1-169	978-983	coram	
1-170	984-990	Domino	
1-171	990-991	,	
1-172	992-996	quia	
1-173	997-1000	pro	
1-174	1001-1008	peccato	
1-175	1009-1012	est	
1-176	1012-1013	,	
1-177	1014-1016	25	
1-178	1017-1023	tinget	
1-179	1024-1032	sacerdos	
1-180	1033-1040	digitum	
1-181	1041-1043	in	
1-182	1044-1052	sanguine	
1-183	1053-1059	hostiæ	
1-184	1060-1063	pro	
1-185	1064-1071	peccato	
1-186	1071-1072	,	
1-187	1073-1080	tangens	
1-188	1081-1087	cornua	
1-189	1088-1095	altaris	
1-190	1096-1106	holocausti	
1-191	1106-1107	,	
1-192	1108-1110	et	
1-193	1111-1119	reliquum	
1-194	1120-1127	fundens	
1-195	1128-1130	ad	
1-196	1131-1136	basim	
1-197	1137-1141	ejus	
1-198	1141-1142	.	
1-199	1143-1145	26	
1-200	1146-1152	Adipem	
1-201	1153-1157	vero	
1-202	1158-1166	adolebit	
1-203	1167-1172	supra	
1-204	1172-1173	,	
1-205	1174-1179	sicut	
1-206	1180-1182	in	
1-207	1183-1191	victimis	
1-208	1192-1203	pacificorum	
1-209	1204-1209	fieri	
1-210	1210-1215	solet	
1-211	1216-1217	:	
1-212	1218-1228	rogabitque	
1-213	1229-1232	pro	
1-214	1233-1235	eo	
1-215	1236-1244	sacerdos	
1-216	1244-1245	,	
1-217	1246-1248	et	
1-218	1249-1252	pro	
1-219	1253-1260	peccato	
1-220	1261-1265	ejus	
1-221	1265-1266	,	
1-222	1267-1269	et	
1-223	1270-1280	dimittetur	
1-224	1281-1283	ei	
1-225	1283-1284	.	
1-226	1285-1287	27	
1-227	1288-1292	Quod	
1-228	1293-1295	si	
1-229	1296-1306	peccaverit	
1-230	1307-1312	anima	
1-231	1313-1316	per	
1-232	1317-1328	ignorantiam	
1-233	1328-1329	,	
1-234	1330-1332	de	
1-235	1333-1339	populo	
1-236	1340-1345	terræ	
1-237	1345-1346	,	
1-238	1347-1349	ut	
1-239	1350-1356	faciat	
1-240	1357-1365	quidquam	
1-241	1366-1368	de	
1-242	1369-1372	his	
1-243	1372-1373	,	
1-244	1374-1377	quæ	
1-245	1378-1384	Domini	
1-246	1385-1389	lege	
1-247	1390-1401	prohibentur	
1-248	1401-1402	,	
1-249	1403-1408	atque	
1-250	1409-1418	delinquat	
1-251	1418-1419	,	
1-252	1420-1422	28	
1-253	1423-1425	et	
1-254	1426-1436	cognoverit	
1-255	1437-1445	peccatum	
1-256	1446-1450	suum	
1-257	1450-1451	,	
1-258	1452-1459	offeret	
1-259	1460-1466	capram	
1-260	1467-1478	immaculatam	
1-261	1478-1479	.	
1-262	1480-1482	29	
1-263	1483-1491	Ponetque	
1-264	1492-1497	manum	
1-265	1498-1503	super	
1-266	1504-1509	caput	
1-267	1510-1516	hostiæ	
1-268	1517-1520	quæ	
1-269	1521-1524	pro	
1-270	1525-1532	peccato	
1-271	1533-1536	est	
1-272	1536-1537	,	
1-273	1538-1540	et	
1-274	1541-1550	immolabit	
1-275	1551-1554	eam	
1-276	1555-1557	in	
1-277	1558-1562	loco	
1-278	1563-1573	holocausti	
1-279	1573-1574	.	
1-280	1575-1577	30	
1-281	1578-1587	Tolletque	
1-282	1588-1596	sacerdos	
1-283	1597-1599	de	
1-284	1600-1608	sanguine	
1-285	1609-1611	in	
1-286	1612-1618	digito	
1-287	1619-1622	suo	
1-288	1623-1624	:	
1-289	1625-1627	et	
1-290	1628-1635	tangens	
1-291	1636-1642	cornua	
1-292	1643-1650	altaris	
1-293	1651-1661	holocausti	
1-294	1661-1662	,	
1-295	1663-1671	reliquum	
1-296	1672-1678	fundet	
1-297	1679-1681	ad	
1-298	1682-1687	basim	
1-299	1688-1692	ejus	
1-300	1692-1693	.	
1-301	1694-1696	31	
1-302	1697-1702	Omnem	
1-303	1703-1708	autem	
1-304	1709-1715	adipem	
1-305	1716-1724	auferens	
1-306	1724-1725	,	
1-307	1726-1731	sicut	
1-308	1732-1739	auferri	
1-309	1740-1745	solet	
1-310	1746-1748	de	
1-311	1749-1757	victimis	
1-312	1758-1769	pacificorum	
1-313	1769-1770	,	
1-314	1771-1779	adolebit	
1-315	1780-1785	super	
1-316	1786-1792	altare	
1-317	1793-1795	in	
1-318	1796-1802	odorem	
1-319	1803-1813	suavitatis	
1-320	1814-1820	Domino	
1-321	1821-1822	:	
1-322	1823-1833	rogabitque	
1-323	1834-1837	pro	
1-324	1838-1840	eo	
1-325	1840-1841	,	
1-326	1842-1844	et	
1-327	1845-1855	dimittetur	
1-328	1856-1858	ei	
1-329	1858-1859	.	
1-330	1860-1862	32	
1-331	1863-1866	Sin	
1-332	1867-1872	autem	
1-333	1873-1875	de	
1-334	1876-1885	pecoribus	
1-335	1886-1895	obtulerit	
1-336	1896-1904	victimam	
1-337	1905-1908	pro	
1-338	1909-1916	peccato	
1-339	1916-1917	,	
1-340	1918-1922	ovem	
1-341	1923-1931	scilicet	
1-342	1932-1943	immaculatam	
1-343	1944-1945	:	
1-344	1946-1948	33	
1-345	1949-1954	ponet	
1-346	1955-1960	manum	
1-347	1961-1966	super	
1-348	1967-1972	caput	
1-349	1973-1977	ejus	
1-350	1977-1978	,	
1-351	1979-1981	et	
1-352	1982-1991	immolabit	
1-353	1992-1995	eam	
1-354	1996-1998	in	
1-355	1999-2003	loco	
1-356	2004-2007	ubi	
1-357	2008-2014	solent	
1-358	2015-2019	cædi	
1-359	2020-2033	holocaustorum	
1-360	2034-2040	hostiæ	
1-361	2040-2041	.	
1-362	2042-2044	34	
1-363	2045-2053	Sumetque	
1-364	2054-2062	sacerdos	
1-365	2063-2065	de	
1-366	2066-2074	sanguine	
1-367	2075-2079	ejus	
1-368	2080-2086	digito	
1-369	2087-2090	suo	
1-370	2090-2091	,	
1-371	2092-2094	et	
1-372	2095-2102	tangens	
1-373	2103-2109	cornua	
1-374	2110-2117	altaris	
1-375	2118-2128	holocausti	
1-376	2128-2129	,	
1-377	2130-2138	reliquum	
1-378	2139-2145	fundet	
1-379	2146-2148	ad	
1-380	2149-2154	basim	
1-381	2155-2159	ejus	
1-382	2159-2160	.	
1-383	2161-2163	35	
1-384	2164-2169	Omnem	
1-385	2170-2176	quoque	
1-386	2177-2183	adipem	
1-387	2184-2192	auferens	
1-388	2192-2193	,	
1-389	2194-2199	sicut	
1-390	2200-2207	auferri	
1-391	2208-2213	solet	
1-392	2214-2219	adeps	
1-393	2220-2227	arietis	
1-394	2227-2228	,	
1-395	2229-2232	qui	
1-396	2233-2242	immolatur	
1-397	2243-2246	pro	
1-398	2247-2256	pacificis	
1-399	2256-2257	,	
1-400	2258-2266	cremabit	
1-401	2267-2272	super	
1-402	2273-2279	altare	
1-403	2280-2282	in	
1-404	2283-2291	incensum	
1-405	2292-2298	Domini	
1-406	2299-2300	:	
1-407	2301-2311	rogabitque	
1-408	2312-2315	pro	
1-409	2316-2318	eo	
1-410	2318-2319	,	
1-411	2320-2322	et	
1-412	2323-2326	pro	
1-413	2327-2334	peccato	
1-414	2335-2339	ejus	
1-415	2339-2340	,	
1-416	2341-2343	et	
1-417	2344-2354	dimittetur	
1-418	2355-2357	ei	
1-419	2357-2358	.	

#Text=Caput 5
#Text=
#Text=
#Text=1 Si peccaverit anima, et audierit vocem jurantis, testisque fuerit quod aut ipse vidit, aut conscius est : nisi indicaverit, portabit iniquitatem suam.
#Text=2 Anima quæ tetigerit aliquid immundum, sive quod occisum a bestia est, aut per se mortuum, aut quodlibet aliud reptile : et oblita fuerit immunditiæ suæ, rea est, et deliquit : 3 et si tetigerit quidquam de immunditia hominis juxta omnem impuritatem, qua pollui solet, oblitaque cognoverit postea, subjacebit delicto.
#Text=4 Anima, quæ juraverit, et protulerit labiis suis, ut vel male quid faceret, vel bene, et idipsum juramento et sermone firmaverit, oblitaque postea intellexerit delictum suum, 5 agat pœnitentiam pro peccato, 6 et offerat de gregibus agnam sive capram, orabitque pro ea sacerdos et pro peccato ejus.
#Text=7 Sin autem non potuerit offerre pecus, offerat duos turtures, vel duos pullos columbarum Domino, unum pro peccato, et alterum in holocaustum, 8 dabitque eos sacerdoti : qui primum offerens pro peccato, retorquebit caput ejus ad pennulas, ita ut collo hæreat, et non penitus abrumpatur.
#Text=9 Et asperget de sanguine ejus parietem altaris ; quidquid autem reliquum fuerit, faciet distillare ad fundamentum ejus, quia pro peccato est.
#Text=10 Alterum vero adolebit in holocaustum, ut fieri solet : rogabitque pro eo sacerdos et pro peccato ejus, et dimittetur ei.
2-1	2359-2364	Caput	
2-2	2365-2366	5	
2-3	2369-2370	1	
2-4	2371-2373	Si	
2-5	2374-2384	peccaverit	
2-6	2385-2390	anima	
2-7	2390-2391	,	
2-8	2392-2394	et	
2-9	2395-2403	audierit	
2-10	2404-2409	vocem	
2-11	2410-2418	jurantis	
2-12	2418-2419	,	
2-13	2420-2429	testisque	
2-14	2430-2436	fuerit	
2-15	2437-2441	quod	
2-16	2442-2445	aut	
2-17	2446-2450	ipse	
2-18	2451-2456	vidit	
2-19	2456-2457	,	
2-20	2458-2461	aut	
2-21	2462-2470	conscius	
2-22	2471-2474	est	
2-23	2475-2476	:	
2-24	2477-2481	nisi	
2-25	2482-2493	indicaverit	
2-26	2493-2494	,	
2-27	2495-2503	portabit	
2-28	2504-2515	iniquitatem	
2-29	2516-2520	suam	
2-30	2520-2521	.	
2-31	2522-2523	2	
2-32	2524-2529	Anima	
2-33	2530-2533	quæ	
2-34	2534-2543	tetigerit	
2-35	2544-2551	aliquid	
2-36	2552-2560	immundum	
2-37	2560-2561	,	
2-38	2562-2566	sive	
2-39	2567-2571	quod	
2-40	2572-2579	occisum	
2-41	2580-2581	a	
2-42	2582-2588	bestia	
2-43	2589-2592	est	
2-44	2592-2593	,	
2-45	2594-2597	aut	
2-46	2598-2601	per	
2-47	2602-2604	se	
2-48	2605-2612	mortuum	
2-49	2612-2613	,	
2-50	2614-2617	aut	
2-51	2618-2627	quodlibet	
2-52	2628-2633	aliud	
2-53	2634-2641	reptile	
2-54	2642-2643	:	
2-55	2644-2646	et	
2-56	2647-2653	oblita	
2-57	2654-2660	fuerit	
2-58	2661-2671	immunditiæ	
2-59	2672-2675	suæ	
2-60	2675-2676	,	
2-61	2677-2680	rea	
2-62	2681-2684	est	
2-63	2684-2685	,	
2-64	2686-2688	et	
2-65	2689-2697	deliquit	
2-66	2698-2699	:	
2-67	2700-2701	3	
2-68	2702-2704	et	
2-69	2705-2707	si	
2-70	2708-2717	tetigerit	
2-71	2718-2726	quidquam	
2-72	2727-2729	de	
2-73	2730-2740	immunditia	
2-74	2741-2748	hominis	
2-75	2749-2754	juxta	
2-76	2755-2760	omnem	
2-77	2761-2772	impuritatem	
2-78	2772-2773	,	
2-79	2774-2777	qua	
2-80	2778-2784	pollui	
2-81	2785-2790	solet	
2-82	2790-2791	,	
2-83	2792-2801	oblitaque	
2-84	2802-2812	cognoverit	
2-85	2813-2819	postea	
2-86	2819-2820	,	
2-87	2821-2831	subjacebit	
2-88	2832-2839	delicto	
2-89	2839-2840	.	
2-90	2841-2842	4	
2-91	2843-2848	Anima	
2-92	2848-2849	,	
2-93	2850-2853	quæ	
2-94	2854-2863	juraverit	
2-95	2863-2864	,	
2-96	2865-2867	et	
2-97	2868-2878	protulerit	
2-98	2879-2885	labiis	
2-99	2886-2890	suis	
2-100	2890-2891	,	
2-101	2892-2894	ut	
2-102	2895-2898	vel	
2-103	2899-2903	male	
2-104	2904-2908	quid	
2-105	2909-2916	faceret	
2-106	2916-2917	,	
2-107	2918-2921	vel	
2-108	2922-2926	bene	
2-109	2926-2927	,	
2-110	2928-2930	et	
2-111	2931-2938	idipsum	
2-112	2939-2948	juramento	
2-113	2949-2951	et	
2-114	2952-2959	sermone	
2-115	2960-2970	firmaverit	
2-116	2970-2971	,	
2-117	2972-2981	oblitaque	
2-118	2982-2988	postea	
2-119	2989-3001	intellexerit	
2-120	3002-3010	delictum	
2-121	3011-3015	suum	
2-122	3015-3016	,	
2-123	3017-3018	5	
2-124	3019-3023	agat	
2-125	3024-3035	pœnitentiam	
2-126	3036-3039	pro	
2-127	3040-3047	peccato	
2-128	3047-3048	,	
2-129	3049-3050	6	
2-130	3051-3053	et	
2-131	3054-3061	offerat	
2-132	3062-3064	de	
2-133	3065-3073	gregibus	
2-134	3074-3079	agnam	
2-135	3080-3084	sive	
2-136	3085-3091	capram	
2-137	3091-3092	,	
2-138	3093-3102	orabitque	
2-139	3103-3106	pro	
2-140	3107-3109	ea	
2-141	3110-3118	sacerdos	
2-142	3119-3121	et	
2-143	3122-3125	pro	
2-144	3126-3133	peccato	
2-145	3134-3138	ejus	
2-146	3138-3139	.	
2-147	3140-3141	7	
2-148	3142-3145	Sin	
2-149	3146-3151	autem	
2-150	3152-3155	non	
2-151	3156-3164	potuerit	
2-152	3165-3172	offerre	
2-153	3173-3178	pecus	
2-154	3178-3179	,	
2-155	3180-3187	offerat	
2-156	3188-3192	duos	
2-157	3193-3201	turtures	
2-158	3201-3202	,	
2-159	3203-3206	vel	
2-160	3207-3211	duos	
2-161	3212-3218	pullos	
2-162	3219-3229	columbarum	
2-163	3230-3236	Domino	
2-164	3236-3237	,	
2-165	3238-3242	unum	
2-166	3243-3246	pro	
2-167	3247-3254	peccato	
2-168	3254-3255	,	
2-169	3256-3258	et	
2-170	3259-3266	alterum	
2-171	3267-3269	in	
2-172	3270-3281	holocaustum	
2-173	3281-3282	,	
2-174	3283-3284	8	
2-175	3285-3293	dabitque	
2-176	3294-3297	eos	
2-177	3298-3307	sacerdoti	
2-178	3308-3309	:	
2-179	3310-3313	qui	
2-180	3314-3320	primum	
2-181	3321-3329	offerens	
2-182	3330-3333	pro	
2-183	3334-3341	peccato	
2-184	3341-3342	,	
2-185	3343-3354	retorquebit	
2-186	3355-3360	caput	
2-187	3361-3365	ejus	
2-188	3366-3368	ad	
2-189	3369-3377	pennulas	
2-190	3377-3378	,	
2-191	3379-3382	ita	
2-192	3383-3385	ut	
2-193	3386-3391	collo	
2-194	3392-3398	hæreat	
2-195	3398-3399	,	
2-196	3400-3402	et	
2-197	3403-3406	non	
2-198	3407-3414	penitus	
2-199	3415-3425	abrumpatur	
2-200	3425-3426	.	
2-201	3427-3428	9	
2-202	3429-3431	Et	
2-203	3432-3440	asperget	
2-204	3441-3443	de	
2-205	3444-3452	sanguine	
2-206	3453-3457	ejus	
2-207	3458-3466	parietem	
2-208	3467-3474	altaris	
2-209	3475-3476	;	
2-210	3477-3485	quidquid	
2-211	3486-3491	autem	
2-212	3492-3500	reliquum	
2-213	3501-3507	fuerit	
2-214	3507-3508	,	
2-215	3509-3515	faciet	
2-216	3516-3526	distillare	
2-217	3527-3529	ad	
2-218	3530-3541	fundamentum	
2-219	3542-3546	ejus	
2-220	3546-3547	,	
2-221	3548-3552	quia	
2-222	3553-3556	pro	
2-223	3557-3564	peccato	
2-224	3565-3568	est	
2-225	3568-3569	.	
2-226	3570-3572	10	
2-227	3573-3580	Alterum	
2-228	3581-3585	vero	
2-229	3586-3594	adolebit	
2-230	3595-3597	in	
2-231	3598-3609	holocaustum	
2-232	3609-3610	,	
2-233	3611-3613	ut	
2-234	3614-3619	fieri	
2-235	3620-3625	solet	
2-236	3626-3627	:	
2-237	3628-3638	rogabitque	
2-238	3639-3642	pro	
2-239	3643-3645	eo	
2-240	3646-3654	sacerdos	
2-241	3655-3657	et	
2-242	3658-3661	pro	
2-243	3662-3669	peccato	
2-244	3670-3674	ejus	
2-245	3674-3675	,	
2-246	3676-3678	et	
2-247	3679-3689	dimittetur	
2-248	3690-3692	ei	
2-249	3692-3693	.	
