#FORMAT=WebAnno TSV 3.3


#Text=en vastgedroogd was.
1-1	3-5	en	
1-2	6-18	vastgedroogd	
1-3	19-22	was	
1-4	22-23	.	

#Text=De Dauwstoffe, dus tot een klomp vergaderd zynde, was
#Text=vetagtig, bros, ligtlyk van een te breeken, en ligt in de hand:
#Text=ik kan dezelve allerbest
#Text=vergelyken by eene zekere soort van Volaarde, en by de zoogenaamde Maanmelk,
#Text=Lac Lunae, die op de Zwitsersche Alpen, en by de Pool, gevonden word, en
#Text=misschien ook van Dauw geformeerd is.
2-1	24-26	De	
2-2	27-37	Dauwstoffe	
2-3	37-38	,	
2-4	39-42	dus	
2-5	43-46	tot	
2-6	47-50	een	
2-7	51-56	klomp	
2-8	57-66	vergaderd	
2-9	67-72	zynde	
2-10	72-73	,	
2-11	74-77	was	
2-12	78-86	vetagtig	
2-13	86-87	,	
2-14	88-92	bros	
2-15	92-93	,	
2-16	94-101	ligtlyk	
2-17	102-105	van	
2-18	106-109	een	
2-19	110-112	te	
2-20	113-120	breeken	
2-21	120-121	,	
2-22	122-124	en	
2-23	125-129	ligt	
2-24	130-132	in	
2-25	133-135	de	
2-26	136-140	hand	
2-27	140-141	:	
2-28	142-144	ik	
2-29	145-148	kan	
2-30	149-156	dezelve	
2-31	157-166	allerbest	
2-32	167-177	vergelyken	
2-33	178-180	by	
2-34	181-185	eene	
2-35	186-192	zekere	
2-36	193-198	soort	
2-37	199-202	van	
2-38	203-211	Volaarde	
2-39	211-212	,	
2-40	213-215	en	
2-41	216-218	by	
2-42	219-221	de	
2-43	222-233	zoogenaamde	
2-44	234-242	Maanmelk	
2-45	242-243	,	
2-46	244-247	Lac	
2-47	248-253	Lunae	
2-48	253-254	,	
2-49	255-258	die	
2-50	259-261	op	
2-51	262-264	de	
2-52	265-276	Zwitsersche	
2-53	277-282	Alpen	
2-54	282-283	,	
2-55	284-286	en	
2-56	287-289	by	
2-57	290-292	de	
2-58	293-297	Pool	
2-59	297-298	,	
2-60	299-307	gevonden	
2-61	308-312	word	
2-62	312-313	,	
2-63	314-316	en	
2-64	317-326	misschien	
2-65	327-330	ook	
2-66	331-334	van	
2-67	335-339	Dauw	
2-68	340-350	geformeerd	
2-69	351-353	is	
2-70	353-354	.	

#Text=De verwe was geelagtig, en alles kwam
#Text=overeen met de Proeven van den Heer D E B U F F O N , hier boven gemeld;
#Text=als mede
#Text=met die der andere opgenoemde Geleerden, voor zoo verre het de uitwendige
#Text=beschryving betreft.
3-1	355-357	De	
3-2	358-363	verwe	
3-3	364-367	was	
3-4	368-377	geelagtig	
3-5	377-378	,	
3-6	379-381	en	
3-7	382-387	alles	
3-8	388-392	kwam	
3-9	393-400	overeen	
3-10	401-404	met	
3-11	405-407	de	
3-12	408-415	Proeven	
3-13	416-419	van	
3-14	420-423	den	
3-15	424-428	Heer	
3-16	429-430	D	
3-17	431-432	E	
3-18	433-434	B	
3-19	435-436	U	
3-20	437-438	F	
3-21	439-440	F	
3-22	441-442	O	
3-23	443-444	N	
3-24	445-446	,	
3-25	447-451	hier	
3-26	452-457	boven	
3-27	458-464	gemeld	
3-28	464-465	;	
3-29	466-469	als	
3-30	470-474	mede	
3-31	475-478	met	
3-32	479-482	die	
3-33	483-486	der	
3-34	487-493	andere	
3-35	494-504	opgenoemde	
3-36	505-514	Geleerden	
3-37	514-515	,	
3-38	516-520	voor	
3-39	521-524	zoo	
3-40	525-530	verre	
3-41	531-534	het	
3-42	535-537	de	
3-43	538-548	uitwendige	
3-44	549-560	beschryving	
3-45	561-568	betreft	
3-46	568-569	.	

#Text=Maar wat aangaat de nadere ontleeding van den Dauw, hier in
#Text=heb ik alle die byzonderheden niet gevonden;
#Text=en zulks ook, aangezien dit maar
#Text=eene enkele Proef is, niet verder onderzogt.
4-1	570-574	Maar	
4-2	575-578	wat	
4-3	579-586	aangaat	
4-4	587-589	de	
4-5	590-596	nadere	
4-6	597-607	ontleeding	
4-7	608-611	van	
4-8	612-615	den	
4-9	616-620	Dauw	
4-10	620-621	,	
4-11	622-626	hier	
4-12	627-629	in	
4-13	630-633	heb	
4-14	634-636	ik	
4-15	637-641	alle	
4-16	642-645	die	
4-17	646-659	byzonderheden	
4-18	660-664	niet	
4-19	665-673	gevonden	
4-20	673-674	;	
4-21	675-677	en	
4-22	678-683	zulks	
4-23	684-687	ook	
4-24	687-688	,	
4-25	689-698	aangezien	
4-26	699-702	dit	
4-27	703-707	maar	
4-28	708-712	eene	
4-29	713-719	enkele	
4-30	720-725	Proef	
4-31	726-728	is	
4-32	728-729	,	
4-33	730-734	niet	
4-34	735-741	verder	
4-35	742-751	onderzogt	
4-36	751-752	.	

#Text=Dit alleen kan ik nog van myne
#Text=ondervinding melden; dat 'er zig, toen ik deeze geconcentreerde Dauwstof brandde,
#Text=uit haaren rook een lugtige reuk, byna als die van Petroly, Steenof Aard-oly, dog op
#Text=verre na zoo sterk niet, verspreidde.
5-1	753-756	Dit	
5-2	757-763	alleen	
5-3	764-767	kan	
5-4	768-770	ik	
5-5	771-774	nog	
5-6	775-778	van	
5-7	779-783	myne	
5-8	784-796	ondervinding	
5-9	797-803	melden	
5-10	803-804	;	
5-11	805-808	dat	
5-12	809-810	'	
5-13	810-812	er	
5-14	813-816	zig	
5-15	816-817	,	
5-16	818-822	toen	
5-17	823-825	ik	
5-18	826-831	deeze	
5-19	832-847	geconcentreerde	
5-20	848-856	Dauwstof	
5-21	857-864	brandde	
5-22	864-865	,	
5-23	866-869	uit	
5-24	870-876	haaren	
5-25	877-881	rook	
5-26	882-885	een	
5-27	886-893	lugtige	
5-28	894-898	reuk	
5-29	898-899	,	
5-30	900-904	byna	
5-31	905-908	als	
5-32	909-912	die	
5-33	913-916	van	
5-34	917-924	Petroly	
5-35	924-925	,	
5-36	926-933	Steenof	
5-37	934-942	Aard-oly	
5-38	942-943	,	
5-39	944-947	dog	
5-40	948-950	op	
5-41	951-956	verre	
5-42	957-959	na	
5-43	960-963	zoo	
5-44	964-969	sterk	
5-45	970-974	niet	
5-46	974-975	,	
5-47	976-987	verspreidde	
5-48	987-988	.	

#Text=Een klompje, geheel uitgebrand zynde, liet
#Text=eene graauw-witte harde stoffe na.
6-1	989-992	Een	
6-2	993-1000	klompje	
6-3	1000-1001	,	
6-4	1002-1008	geheel	
6-5	1009-1019	uitgebrand	
6-6	1020-1025	zynde	
6-7	1025-1026	,	
6-8	1027-1031	liet	
6-9	1032-1036	eene	
6-10	1037-1049	graauw-witte	
6-11	1050-1055	harde	
6-12	1056-1062	stoffe	
6-13	1063-1065	na	
6-14	1065-1066	.	

#Text=Een goed gedeelte, ter overhaalinge geschikt,
#Text=bragt eene vette olyagtige stoffe te voorschyn, die zig sterk aan de glazen
#Text=vastzettede; en deeze Oly
#Text=
#Text=J. le Francq van Berkhey, Natuurlyke historie van Holland.
7-1	1067-1070	Een	
7-2	1071-1075	goed	
7-3	1076-1084	gedeelte	
7-4	1084-1085	,	
7-5	1086-1089	ter	
7-6	1090-1102	overhaalinge	
7-7	1103-1111	geschikt	
7-8	1111-1112	,	
7-9	1113-1118	bragt	
7-10	1119-1123	eene	
7-11	1124-1129	vette	
7-12	1130-1139	olyagtige	
7-13	1140-1146	stoffe	
7-14	1147-1149	te	
7-15	1150-1159	voorschyn	
7-16	1159-1160	,	
7-17	1161-1164	die	
7-18	1165-1168	zig	
7-19	1169-1174	sterk	
7-20	1175-1178	aan	
7-21	1179-1181	de	
7-22	1182-1188	glazen	
7-23	1189-1200	vastzettede	
7-24	1200-1201	;	
7-25	1202-1204	en	
7-26	1205-1210	deeze	
7-27	1211-1214	Oly	
7-28	1216-1217	J	
7-29	1217-1218	.	
7-30	1219-1221	le	
7-31	1222-1228	Francq	
7-32	1229-1232	van	
7-33	1233-1240	Berkhey	
7-34	1240-1241	,	
7-35	1242-1252	Natuurlyke	
7-36	1253-1261	historie	
7-37	1262-1265	van	
7-38	1266-1273	Holland	
7-39	1273-1274	.	

#Text=Eerste deel
#Text=
#Text=\f314
#Text=+
#Text=
#Text=gebrand zynde, had een zwavelagtigen reuk, gelyk aan dien van eene zekere vette
#Text=+
#Text=stoffe, die ik uit klai getrokken had.
8-1	1275-1281	Eerste	
8-2	1282-1286	deel	
8-3	1289-1292	314	
8-4	1293-1294	+	
8-5	1296-1303	gebrand	
8-6	1304-1309	zynde	
8-7	1309-1310	,	
8-8	1311-1314	had	
8-9	1315-1318	een	
8-10	1319-1332	zwavelagtigen	
8-11	1333-1337	reuk	
8-12	1337-1338	,	
8-13	1339-1344	gelyk	
8-14	1345-1348	aan	
8-15	1349-1353	dien	
8-16	1354-1357	van	
8-17	1358-1362	eene	
8-18	1363-1369	zekere	
8-19	1370-1375	vette	
8-20	1376-1377	+	
8-21	1378-1384	stoffe	
8-22	1384-1385	,	
8-23	1386-1389	die	
8-24	1390-1392	ik	
8-25	1393-1396	uit	
8-26	1397-1401	klai	
8-27	1402-1411	getrokken	
8-28	1412-1415	had	
8-29	1415-1416	.	

#Text=LUGTSGESTELDHEID.
9-1	1418-1434	LUGTSGESTELDHEID	
9-2	1434-1435	.	

#Text=Wanneer men nu deeze Proeve vergelykt, met de gemelde ondervindingen
#Text=van hun, die den Dauw overgehaald en Chymisch onderzogt hebben;
#Text=zoo blykt het,
#Text=dat dezelve eene zwavelagtige vettigheid en geest bezit;
#Text=het welk de vermaarde
#Text=Scheikundige H E N S H O U D ook bevestigt, en de groote B E C H E R U S insgelyks
#Text=ondervond, toen hy zyne blydschap betuigde, om dat het hem gelukt was, de
#Text=eigenschap van den Dauw gevonden te hebben; en nader toonde, dat dezelve een
#Text=geest bezat, die meest uit Zwavel bestond.
10-1	1438-1445	Wanneer	
10-2	1446-1449	men	
10-3	1450-1452	nu	
10-4	1453-1458	deeze	
10-5	1459-1465	Proeve	
10-6	1466-1475	vergelykt	
10-7	1475-1476	,	
10-8	1477-1480	met	
10-9	1481-1483	de	
10-10	1484-1491	gemelde	
10-11	1492-1506	ondervindingen	
10-12	1507-1510	van	
10-13	1511-1514	hun	
10-14	1514-1515	,	
10-15	1516-1519	die	
10-16	1520-1523	den	
10-17	1524-1528	Dauw	
10-18	1529-1540	overgehaald	
10-19	1541-1543	en	
10-20	1544-1552	Chymisch	
10-21	1553-1562	onderzogt	
10-22	1563-1569	hebben	
10-23	1569-1570	;	
10-24	1571-1574	zoo	
10-25	1575-1580	blykt	
10-26	1581-1584	het	
10-27	1584-1585	,	
10-28	1586-1589	dat	
10-29	1590-1597	dezelve	
10-30	1598-1602	eene	
10-31	1603-1615	zwavelagtige	
10-32	1616-1626	vettigheid	
10-33	1627-1629	en	
10-34	1630-1635	geest	
10-35	1636-1641	bezit	
10-36	1641-1642	;	
10-37	1643-1646	het	
10-38	1647-1651	welk	
10-39	1652-1654	de	
10-40	1655-1664	vermaarde	
10-41	1665-1677	Scheikundige	
10-42	1678-1679	H	
10-43	1680-1681	E	
10-44	1682-1683	N	
10-45	1684-1685	S	
10-46	1686-1687	H	
10-47	1688-1689	O	
10-48	1690-1691	U	
10-49	1692-1693	D	
10-50	1694-1697	ook	
10-51	1698-1707	bevestigt	
10-52	1707-1708	,	
10-53	1709-1711	en	
10-54	1712-1714	de	
10-55	1715-1721	groote	
10-56	1722-1723	B	
10-57	1724-1725	E	
10-58	1726-1727	C	
10-59	1728-1729	H	
10-60	1730-1731	E	
10-61	1732-1733	R	
10-62	1734-1735	U	
10-63	1736-1737	S	
10-64	1738-1747	insgelyks	
10-65	1748-1757	ondervond	
10-66	1757-1758	,	
10-67	1759-1763	toen	
10-68	1764-1766	hy	
10-69	1767-1771	zyne	
10-70	1772-1781	blydschap	
10-71	1782-1790	betuigde	
10-72	1790-1791	,	
10-73	1792-1794	om	
10-74	1795-1798	dat	
10-75	1799-1802	het	
10-76	1803-1806	hem	
10-77	1807-1813	gelukt	
10-78	1814-1817	was	
10-79	1817-1818	,	
10-80	1819-1821	de	
10-81	1822-1832	eigenschap	
10-82	1833-1836	van	
10-83	1837-1840	den	
10-84	1841-1845	Dauw	
10-85	1846-1854	gevonden	
10-86	1855-1857	te	
10-87	1858-1864	hebben	
10-88	1864-1865	;	
10-89	1866-1868	en	
10-90	1869-1874	nader	
10-91	1875-1881	toonde	
10-92	1881-1882	,	
10-93	1883-1886	dat	
10-94	1887-1894	dezelve	
10-95	1895-1898	een	
10-96	1899-1904	geest	
10-97	1905-1910	bezat	
10-98	1910-1911	,	
10-99	1912-1915	die	
10-100	1916-1921	meest	
10-101	1922-1925	uit	
10-102	1926-1932	Zwavel	
10-103	1933-1940	bestond	
10-104	1940-1941	.	

#Text=Dit zoo zynde, is het getuigenis van
#Text=S E N E R T U S , dat de Dauw uit Ammoniac Zout, Aarde en Salpeter zoude bestaan,
#Text=gantsch twyfelagtig.
11-1	1942-1945	Dit	
11-2	1946-1949	zoo	
11-3	1950-1955	zynde	
11-4	1955-1956	,	
11-5	1957-1959	is	
11-6	1960-1963	het	
11-7	1964-1974	getuigenis	
11-8	1975-1978	van	
11-9	1979-1980	S	
11-10	1981-1982	E	
11-11	1983-1984	N	
11-12	1985-1986	E	
11-13	1987-1988	R	
11-14	1989-1990	T	
11-15	1991-1992	U	
11-16	1993-1994	S	
11-17	1995-1996	,	
11-18	1997-2000	dat	
11-19	2001-2003	de	
11-20	2004-2008	Dauw	
11-21	2009-2012	uit	
11-22	2013-2021	Ammoniac	
11-23	2022-2026	Zout	
11-24	2026-2027	,	
11-25	2028-2033	Aarde	
11-26	2034-2036	en	
11-27	2037-2045	Salpeter	
11-28	2046-2051	zoude	
11-29	2052-2059	bestaan	
11-30	2059-2060	,	
11-31	2061-2068	gantsch	
11-32	2069-2080	twyfelagtig	
11-33	2080-2081	.	

#Text=Men kan wel niet ontkennen, dat de Dauw zig, by geval, en
#Text=naar gelegenheid der streeken of lighaamen, waarop dezelve valt, met allerleie
#Text=zouten zoude kunnen vereenigen;
#Text=dog dit moet dan niet als natuurlyk aan den Dauw
#Text=aangemerkt worden; maar slegts, als eene toevallige vermenging van allerleie
#Text=deeltjes en ligte stoffen, die den Regen, Sneeuw, Mist en andere verhevelingen
#Text=vergezellen.
12-1	2082-2085	Men	
12-2	2086-2089	kan	
12-3	2090-2093	wel	
12-4	2094-2098	niet	
12-5	2099-2108	ontkennen	
12-6	2108-2109	,	
12-7	2110-2113	dat	
12-8	2114-2116	de	
12-9	2117-2121	Dauw	
12-10	2122-2125	zig	
12-11	2125-2126	,	
12-12	2127-2129	by	
12-13	2130-2135	geval	
12-14	2135-2136	,	
12-15	2137-2139	en	
12-16	2140-2144	naar	
12-17	2145-2156	gelegenheid	
12-18	2157-2160	der	
12-19	2161-2169	streeken	
12-20	2170-2172	of	
12-21	2173-2182	lighaamen	
12-22	2182-2183	,	
12-23	2184-2190	waarop	
12-24	2191-2198	dezelve	
12-25	2199-2203	valt	
12-26	2203-2204	,	
12-27	2205-2208	met	
12-28	2209-2218	allerleie	
12-29	2219-2225	zouten	
12-30	2226-2231	zoude	
12-31	2232-2238	kunnen	
12-32	2239-2249	vereenigen	
12-33	2249-2250	;	
12-34	2251-2254	dog	
12-35	2255-2258	dit	
12-36	2259-2263	moet	
12-37	2264-2267	dan	
12-38	2268-2272	niet	
12-39	2273-2276	als	
12-40	2277-2286	natuurlyk	
12-41	2287-2290	aan	
12-42	2291-2294	den	
12-43	2295-2299	Dauw	
12-44	2300-2310	aangemerkt	
12-45	2311-2317	worden	
12-46	2317-2318	;	
12-47	2319-2323	maar	
12-48	2324-2330	slegts	
12-49	2330-2331	,	
12-50	2332-2335	als	
12-51	2336-2340	eene	
12-52	2341-2351	toevallige	
12-53	2352-2362	vermenging	
12-54	2363-2366	van	
12-55	2367-2376	allerleie	
12-56	2377-2385	deeltjes	
12-57	2386-2388	en	
12-58	2389-2394	ligte	
12-59	2395-2402	stoffen	
12-60	2402-2403	,	
12-61	2404-2407	die	
12-62	2408-2411	den	
12-63	2412-2417	Regen	
12-64	2417-2418	,	
12-65	2419-2425	Sneeuw	
12-66	2425-2426	,	
12-67	2427-2431	Mist	
12-68	2432-2434	en	
12-69	2435-2441	andere	
12-70	2442-2455	verhevelingen	
12-71	2456-2467	vergezellen	
12-72	2467-2468	.	

#Text=Om nu eindelyk nog, het geene ik van den Dauw bepaal, in duidelyke
#Text=uitdrukkingen ter neder te stellen, zal ik hier gebruik maaken van de aanmerkelyke,
#Text=en by my waaragtige woorden van B E C H E R U S .
13-1	2469-2471	Om	
13-2	2472-2474	nu	
13-3	2475-2483	eindelyk	
13-4	2484-2487	nog	
13-5	2487-2488	,	
13-6	2489-2492	het	
13-7	2493-2498	geene	
13-8	2499-2501	ik	
13-9	2502-2505	van	
13-10	2506-2509	den	
13-11	2510-2514	Dauw	
13-12	2515-2521	bepaal	
13-13	2521-2522	,	
13-14	2523-2525	in	
13-15	2526-2535	duidelyke	
13-16	2536-2549	uitdrukkingen	
13-17	2550-2553	ter	
13-18	2554-2559	neder	
13-19	2560-2562	te	
13-20	2563-2570	stellen	
13-21	2570-2571	,	
13-22	2572-2575	zal	
13-23	2576-2578	ik	
13-24	2579-2583	hier	
13-25	2584-2591	gebruik	
13-26	2592-2598	maaken	
13-27	2599-2602	van	
13-28	2603-2605	de	
13-29	2606-2618	aanmerkelyke	
13-30	2618-2619	,	
13-31	2620-2622	en	
13-32	2623-2625	by	
13-33	2626-2628	my	
13-34	2629-2639	waaragtige	
13-35	2640-2647	woorden	
13-36	2648-2651	van	
13-37	2652-2653	B	
13-38	2654-2655	E	
13-39	2656-2657	C	
13-40	2658-2659	H	
13-41	2660-2661	E	
13-42	2662-2663	R	
13-43	2664-2665	U	
13-44	2666-2667	S	
13-45	2668-2669	.	
