#FORMAT=WebAnno TSV 3.3


#Text=Brief.
1-1	2-7	Brief	
1-2	7-8	.	

#Text=Vertroosting aan een aangevochte Ziele.
2-1	10-22	Vertroosting	
2-2	23-26	aan	
2-3	27-30	een	
2-4	31-42	aangevochte	
2-5	43-48	Ziele	
2-6	48-49	.	

#Text=Emanuël.
3-1	51-58	Emanuël	
3-2	58-59	.	

#Text=BEMINDE
#Text=ZUSTER,
#Text=
#Text=Een vriendelyke groetenis, de Heere Jezus zy uw verquikking en ademtocht der
#Text=ziele,
#Text=langs den vreemden Pelgrims weg
#Text=, tot noch toe be-
#Text=
#Text=Jan Luyken, Geestelyke brieven
#Text=
#Text=
#Text=\f57
#Text=vinden wy ons te zaamen in dit vreemde land, maar wy hebben gehoord, hoe dat
#Text=gy als alreede op den oever gestaan hebt, om van hier in het zalige Vaderland te
#Text=scheiden, en toenmaals het zonnetje van des Heeren genade in uw ziele schynende
#Text=was tot verheuginge.
4-1	61-68	BEMINDE	
4-2	69-75	ZUSTER	
4-3	75-76	,	
4-4	78-81	Een	
4-5	82-93	vriendelyke	
4-6	94-103	groetenis	
4-7	103-104	,	
4-8	105-107	de	
4-9	108-113	Heere	
4-10	114-119	Jezus	
4-11	120-122	zy	
4-12	123-125	uw	
4-13	126-137	verquikking	
4-14	138-140	en	
4-15	141-150	ademtocht	
4-16	151-154	der	
4-17	155-160	ziele	
4-18	160-161	,	
4-19	162-167	langs	
4-20	168-171	den	
4-21	172-180	vreemden	
4-22	181-189	Pelgrims	
4-23	190-193	weg	
4-24	194-195	,	
4-25	196-199	tot	
4-26	200-204	noch	
4-27	205-208	toe	
4-28	209-211	be	
4-29	211-212	-	
4-30	214-217	Jan	
4-31	218-224	Luyken	
4-32	224-225	,	
4-33	226-236	Geestelyke	
4-34	237-244	brieven	
4-35	248-250	57	
4-36	251-257	vinden	
4-37	258-260	wy	
4-38	261-264	ons	
4-39	265-267	te	
4-40	268-274	zaamen	
4-41	275-277	in	
4-42	278-281	dit	
4-43	282-289	vreemde	
4-44	290-294	land	
4-45	294-295	,	
4-46	296-300	maar	
4-47	301-303	wy	
4-48	304-310	hebben	
4-49	311-318	gehoord	
4-50	318-319	,	
4-51	320-323	hoe	
4-52	324-327	dat	
4-53	328-330	gy	
4-54	331-334	als	
4-55	335-342	alreede	
4-56	343-345	op	
4-57	346-349	den	
4-58	350-355	oever	
4-59	356-363	gestaan	
4-60	364-368	hebt	
4-61	368-369	,	
4-62	370-372	om	
4-63	373-376	van	
4-64	377-381	hier	
4-65	382-384	in	
4-66	385-388	het	
4-67	389-395	zalige	
4-68	396-405	Vaderland	
4-69	406-408	te	
4-70	409-417	scheiden	
4-71	417-418	,	
4-72	419-421	en	
4-73	422-431	toenmaals	
4-74	432-435	het	
4-75	436-444	zonnetje	
4-76	445-448	van	
4-77	449-452	des	
4-78	453-459	Heeren	
4-79	460-466	genade	
4-80	467-469	in	
4-81	470-472	uw	
4-82	473-478	ziele	
4-83	479-488	schynende	
4-84	489-492	was	
4-85	493-496	tot	
4-86	497-508	verheuginge	
4-87	508-509	.	

#Text=Doch het heeft de Hoogste en wyste belieft, dat gy met ons
#Text=noch op den Pelgrims weg moet wandelen, en wy hoopen dat hy ons te zaamen
#Text=tot aan het gelukkig einde geleide en behouden brengen zal, en of het veeltyds een
#Text=betrokken lucht zy, evenwel weeten wy dat 'er de zonne is, het vriendelyke
#Text=aangezichte van de zonne der Goddelyke liefde in Jezus Christus verandert niet,
#Text=als de zwaare wolk des lichaams, met al zyn nevelen en dampen, eindeling in 't
#Text=scheiden van hier verdwynt, dan hoopen wy hem te zien gelyk
#Text=hy is, of zouw ons
#Text=iemant die hoop zoeken te ontneemen, wyzende op onzen rok, dat hy noch zo veel
#Text=smetten heeft, wy weeten 't ook wel, maar verblyden ons dat de Beminde een proever
#Text=van herten en nieren is, en het tedere bloempje des willens en begeerens, dat
#Text=geduurig uit alle de stank en mest opgaat, kend en ziet: en hy die de zonne der
#Text=goedheid en zoetheid is, zal het niet verdorren, maar genadig en vriendelyk op
#Text=trekken.
5-1	510-514	Doch	
5-2	515-518	het	
5-3	519-524	heeft	
5-4	525-527	de	
5-5	528-535	Hoogste	
5-6	536-538	en	
5-7	539-544	wyste	
5-8	545-552	belieft	
5-9	552-553	,	
5-10	554-557	dat	
5-11	558-560	gy	
5-12	561-564	met	
5-13	565-568	ons	
5-14	569-573	noch	
5-15	574-576	op	
5-16	577-580	den	
5-17	581-589	Pelgrims	
5-18	590-593	weg	
5-19	594-598	moet	
5-20	599-607	wandelen	
5-21	607-608	,	
5-22	609-611	en	
5-23	612-614	wy	
5-24	615-621	hoopen	
5-25	622-625	dat	
5-26	626-628	hy	
5-27	629-632	ons	
5-28	633-635	te	
5-29	636-642	zaamen	
5-30	643-646	tot	
5-31	647-650	aan	
5-32	651-654	het	
5-33	655-663	gelukkig	
5-34	664-669	einde	
5-35	670-677	geleide	
5-36	678-680	en	
5-37	681-689	behouden	
5-38	690-697	brengen	
5-39	698-701	zal	
5-40	701-702	,	
5-41	703-705	en	
5-42	706-708	of	
5-43	709-712	het	
5-44	713-721	veeltyds	
5-45	722-725	een	
5-46	726-735	betrokken	
5-47	736-741	lucht	
5-48	742-744	zy	
5-49	744-745	,	
5-50	746-753	evenwel	
5-51	754-760	weeten	
5-52	761-763	wy	
5-53	764-767	dat	
5-54	768-769	'	
5-55	769-771	er	
5-56	772-774	de	
5-57	775-780	zonne	
5-58	781-783	is	
5-59	783-784	,	
5-60	785-788	het	
5-61	789-800	vriendelyke	
5-62	801-812	aangezichte	
5-63	813-816	van	
5-64	817-819	de	
5-65	820-825	zonne	
5-66	826-829	der	
5-67	830-839	Goddelyke	
5-68	840-846	liefde	
5-69	847-849	in	
5-70	850-855	Jezus	
5-71	856-864	Christus	
5-72	865-874	verandert	
5-73	875-879	niet	
5-74	879-880	,	
5-75	881-884	als	
5-76	885-887	de	
5-77	888-894	zwaare	
5-78	895-899	wolk	
5-79	900-903	des	
5-80	904-912	lichaams	
5-81	912-913	,	
5-82	914-917	met	
5-83	918-920	al	
5-84	921-924	zyn	
5-85	925-932	nevelen	
5-86	933-935	en	
5-87	936-942	dampen	
5-88	942-943	,	
5-89	944-953	eindeling	
5-90	954-956	in	
5-91	957-958	'	
5-92	958-959	t	
5-93	960-968	scheiden	
5-94	969-972	van	
5-95	973-977	hier	
5-96	978-986	verdwynt	
5-97	986-987	,	
5-98	988-991	dan	
5-99	992-998	hoopen	
5-100	999-1001	wy	
5-101	1002-1005	hem	
5-102	1006-1008	te	
5-103	1009-1013	zien	
5-104	1014-1019	gelyk	
5-105	1020-1022	hy	
5-106	1023-1025	is	
5-107	1025-1026	,	
5-108	1027-1029	of	
5-109	1030-1034	zouw	
5-110	1035-1038	ons	
5-111	1039-1045	iemant	
5-112	1046-1049	die	
5-113	1050-1054	hoop	
5-114	1055-1061	zoeken	
5-115	1062-1064	te	
5-116	1065-1074	ontneemen	
5-117	1074-1075	,	
5-118	1076-1083	wyzende	
5-119	1084-1086	op	
5-120	1087-1092	onzen	
5-121	1093-1096	rok	
5-122	1096-1097	,	
5-123	1098-1101	dat	
5-124	1102-1104	hy	
5-125	1105-1109	noch	
5-126	1110-1112	zo	
5-127	1113-1117	veel	
5-128	1118-1125	smetten	
5-129	1126-1131	heeft	
5-130	1131-1132	,	
5-131	1133-1135	wy	
5-132	1136-1142	weeten	
5-133	1143-1144	'	
5-134	1144-1145	t	
5-135	1146-1149	ook	
5-136	1150-1153	wel	
5-137	1153-1154	,	
5-138	1155-1159	maar	
5-139	1160-1169	verblyden	
5-140	1170-1173	ons	
5-141	1174-1177	dat	
5-142	1178-1180	de	
5-143	1181-1188	Beminde	
5-144	1189-1192	een	
5-145	1193-1200	proever	
5-146	1201-1204	van	
5-147	1205-1211	herten	
5-148	1212-1214	en	
5-149	1215-1221	nieren	
5-150	1222-1224	is	
5-151	1224-1225	,	
5-152	1226-1228	en	
5-153	1229-1232	het	
5-154	1233-1239	tedere	
5-155	1240-1248	bloempje	
5-156	1249-1252	des	
5-157	1253-1260	willens	
5-158	1261-1263	en	
5-159	1264-1273	begeerens	
5-160	1273-1274	,	
5-161	1275-1278	dat	
5-162	1279-1287	geduurig	
5-163	1288-1291	uit	
5-164	1292-1296	alle	
5-165	1297-1299	de	
5-166	1300-1305	stank	
5-167	1306-1308	en	
5-168	1309-1313	mest	
5-169	1314-1320	opgaat	
5-170	1320-1321	,	
5-171	1322-1326	kend	
5-172	1327-1329	en	
5-173	1330-1334	ziet	
5-174	1334-1335	:	
5-175	1336-1338	en	
5-176	1339-1341	hy	
5-177	1342-1345	die	
5-178	1346-1348	de	
5-179	1349-1354	zonne	
5-180	1355-1358	der	
5-181	1359-1367	goedheid	
5-182	1368-1370	en	
5-183	1371-1379	zoetheid	
5-184	1380-1382	is	
5-185	1382-1383	,	
5-186	1384-1387	zal	
5-187	1388-1391	het	
5-188	1392-1396	niet	
5-189	1397-1406	verdorren	
5-190	1406-1407	,	
5-191	1408-1412	maar	
5-192	1413-1420	genadig	
5-193	1421-1423	en	
5-194	1424-1434	vriendelyk	
5-195	1435-1437	op	
5-196	1438-1445	trekken	
5-197	1445-1446	.	

#Text=Immers weeten wy de uitgangen onzes herten, waar zy na toe gaan in de
#Text=geest van deze wereld, of in den verborgen God.
6-1	1447-1453	Immers	
6-2	1454-1460	weeten	
6-3	1461-1463	wy	
6-4	1464-1466	de	
6-5	1467-1476	uitgangen	
6-6	1477-1482	onzes	
6-7	1483-1489	herten	
6-8	1489-1490	,	
6-9	1491-1495	waar	
6-10	1496-1498	zy	
6-11	1499-1501	na	
6-12	1502-1505	toe	
6-13	1506-1510	gaan	
6-14	1511-1513	in	
6-15	1514-1516	de	
6-16	1517-1522	geest	
6-17	1523-1526	van	
6-18	1527-1531	deze	
6-19	1532-1538	wereld	
6-20	1538-1539	,	
6-21	1540-1542	of	
6-22	1543-1545	in	
6-23	1546-1549	den	
6-24	1550-1559	verborgen	
6-25	1560-1563	God	
6-26	1563-1564	.	

#Text=Zo wy dan van het onreine tot
#Text=hem uitgaan, zo gaat hy ook tot ons uit, hy scheide nu het onreine na zyn Godde-
#Text=
#Text=Jan Luyken, Geestelyke brieven
#Text=
#Text=
#Text=\f58
#Text=lyke wysheid, wy kennen ons zelve niet, noch weeten niet wat wy zyn, als dat wy
#Text=ons uitstrekken na den oorsprong aller beminnelykheid, en ons eeuwig in hem
#Text=zoeken te verzinken, en dat zelve begeeren en imagineeren, is zyn genade in ons.
7-1	1565-1567	Zo	
7-2	1568-1570	wy	
7-3	1571-1574	dan	
7-4	1575-1578	van	
7-5	1579-1582	het	
7-6	1583-1590	onreine	
7-7	1591-1594	tot	
7-8	1595-1598	hem	
7-9	1599-1606	uitgaan	
7-10	1606-1607	,	
7-11	1608-1610	zo	
7-12	1611-1615	gaat	
7-13	1616-1618	hy	
7-14	1619-1622	ook	
7-15	1623-1626	tot	
7-16	1627-1630	ons	
7-17	1631-1634	uit	
7-18	1634-1635	,	
7-19	1636-1638	hy	
7-20	1639-1646	scheide	
7-21	1647-1649	nu	
7-22	1650-1653	het	
7-23	1654-1661	onreine	
7-24	1662-1664	na	
7-25	1665-1668	zyn	
7-26	1669-1674	Godde	
7-27	1674-1675	-	
7-28	1677-1680	Jan	
7-29	1681-1687	Luyken	
7-30	1687-1688	,	
7-31	1689-1699	Geestelyke	
7-32	1700-1707	brieven	
7-33	1711-1713	58	
7-34	1714-1718	lyke	
7-35	1719-1726	wysheid	
7-36	1726-1727	,	
7-37	1728-1730	wy	
7-38	1731-1737	kennen	
7-39	1738-1741	ons	
7-40	1742-1747	zelve	
7-41	1748-1752	niet	
7-42	1752-1753	,	
7-43	1754-1758	noch	
7-44	1759-1765	weeten	
7-45	1766-1770	niet	
7-46	1771-1774	wat	
7-47	1775-1777	wy	
7-48	1778-1781	zyn	
7-49	1781-1782	,	
7-50	1783-1786	als	
7-51	1787-1790	dat	
7-52	1791-1793	wy	
7-53	1794-1797	ons	
7-54	1798-1809	uitstrekken	
7-55	1810-1812	na	
7-56	1813-1816	den	
7-57	1817-1826	oorsprong	
7-58	1827-1832	aller	
7-59	1833-1847	beminnelykheid	
7-60	1847-1848	,	
7-61	1849-1851	en	
7-62	1852-1855	ons	
7-63	1856-1862	eeuwig	
7-64	1863-1865	in	
7-65	1866-1869	hem	
7-66	1870-1876	zoeken	
7-67	1877-1879	te	
7-68	1880-1889	verzinken	
7-69	1889-1890	,	
7-70	1891-1893	en	
7-71	1894-1897	dat	
7-72	1898-1903	zelve	
7-73	1904-1912	begeeren	
7-74	1913-1915	en	
7-75	1916-1927	imagineeren	
7-76	1927-1928	,	
7-77	1929-1931	is	
7-78	1932-1935	zyn	
7-79	1936-1942	genade	
7-80	1943-1945	in	
7-81	1946-1949	ons	
7-82	1949-1950	.	

#Text=O Zuster,
#Text=wy willen ons als reisgenooten op den vreemden weg der woestyne een
#Text=weinig vertroosten, denkende hoe de minnelyke Jezus met onreinigheid in zyn
#Text=gebenedyde aangezicht bespoogen en mismaakt wordende, evenwel van natuur,
#Text=niet besmet, leelyk, of ongedaan, maar de schoonste van alle was: en wy ook ten
#Text=deele in het aangezicht van het tot God gekeert gemoed, dagelyks met veele
#Text=onreinigheden, tegens onze innerlyke wille verfoejelyk bespoogen worde, evenwel
#Text=van den beminnelyken Bruidegom niet voor zo verfoejelyk of haatelyk aangezien
#Text=worden, want hy ziet door alles, en kend het bloote aangezicht des herten, dat tot
#Text=hem gekeert staat, hoewel het ons smertelyk is, en doet zuchten, want wy
#Text=verscheenen gaarn zuiver en onbesmet, voor onzen beminde die wy lief hebben,
#Text=maar wy willen ons daarom niet laaten te rug schelden, want wy hebben hem lief,
#Text=hy is onze beminde, het zy dan ook zo met ons als het wil;
#Text=evenwel is hy onze
#Text=beminde; wy willen van hem niet af laaten, zyn wy onrein en bevlekt, wy zoeken
#Text=van hem gewassen en gezuivert te worden, heeft hy ons dan zo lief gehad, dat hy
#Text=zyn eigen bloed voor ons heeft vergooten, tot een bad der reini-
#Text=
#Text=
#Text=Jan Luyken, Geestelyke
#Text=brieven
#Text=
#Text=
#Text=\f59
#Text=ging, waarom zouden wy noch vertsaagen, die zo veel gedaan heeft zal meer doen,
#Text=wy willen wel gemoed zyn, en hem nagaan, en al zouden wy over ons zelven zuchten
#Text=tot in den dood, want wy willen anders nergens heen, het schoon schynende
#Text=mom-aangezicht der wereld begeeren wy niet, maar wy begeeren
8-1	1952-1953	O	
8-2	1954-1960	Zuster	
8-3	1960-1961	,	
8-4	1962-1964	wy	
8-5	1965-1971	willen	
8-6	1972-1975	ons	
8-7	1976-1979	als	
8-8	1980-1992	reisgenooten	
8-9	1993-1995	op	
8-10	1996-1999	den	
8-11	2000-2008	vreemden	
8-12	2009-2012	weg	
8-13	2013-2016	der	
8-14	2017-2025	woestyne	
8-15	2026-2029	een	
8-16	2030-2036	weinig	
8-17	2037-2048	vertroosten	
8-18	2048-2049	,	
8-19	2050-2058	denkende	
8-20	2059-2062	hoe	
8-21	2063-2065	de	
8-22	2066-2075	minnelyke	
8-23	2076-2081	Jezus	
8-24	2082-2085	met	
8-25	2086-2098	onreinigheid	
8-26	2099-2101	in	
8-27	2102-2105	zyn	
8-28	2106-2116	gebenedyde	
8-29	2117-2127	aangezicht	
8-30	2128-2137	bespoogen	
8-31	2138-2140	en	
8-32	2141-2149	mismaakt	
8-33	2150-2158	wordende	
8-34	2158-2159	,	
8-35	2160-2167	evenwel	
8-36	2168-2171	van	
8-37	2172-2178	natuur	
8-38	2178-2179	,	
8-39	2180-2184	niet	
8-40	2185-2191	besmet	
8-41	2191-2192	,	
8-42	2193-2199	leelyk	
8-43	2199-2200	,	
8-44	2201-2203	of	
8-45	2204-2212	ongedaan	
8-46	2212-2213	,	
8-47	2214-2218	maar	
8-48	2219-2221	de	
8-49	2222-2231	schoonste	
8-50	2232-2235	van	
8-51	2236-2240	alle	
8-52	2241-2244	was	
8-53	2244-2245	:	
8-54	2246-2248	en	
8-55	2249-2251	wy	
8-56	2252-2255	ook	
8-57	2256-2259	ten	
8-58	2260-2265	deele	
8-59	2266-2268	in	
8-60	2269-2272	het	
8-61	2273-2283	aangezicht	
8-62	2284-2287	van	
8-63	2288-2291	het	
8-64	2292-2295	tot	
8-65	2296-2299	God	
8-66	2300-2307	gekeert	
8-67	2308-2314	gemoed	
8-68	2314-2315	,	
8-69	2316-2324	dagelyks	
8-70	2325-2328	met	
8-71	2329-2334	veele	
8-72	2335-2348	onreinigheden	
8-73	2348-2349	,	
8-74	2350-2356	tegens	
8-75	2357-2361	onze	
8-76	2362-2371	innerlyke	
8-77	2372-2377	wille	
8-78	2378-2389	verfoejelyk	
8-79	2390-2399	bespoogen	
8-80	2400-2405	worde	
8-81	2405-2406	,	
8-82	2407-2414	evenwel	
8-83	2415-2418	van	
8-84	2419-2422	den	
8-85	2423-2435	beminnelyken	
8-86	2436-2445	Bruidegom	
8-87	2446-2450	niet	
8-88	2451-2455	voor	
8-89	2456-2458	zo	
8-90	2459-2470	verfoejelyk	
8-91	2471-2473	of	
8-92	2474-2482	haatelyk	
8-93	2483-2492	aangezien	
8-94	2493-2499	worden	
8-95	2499-2500	,	
8-96	2501-2505	want	
8-97	2506-2508	hy	
8-98	2509-2513	ziet	
8-99	2514-2518	door	
8-100	2519-2524	alles	
8-101	2524-2525	,	
8-102	2526-2528	en	
8-103	2529-2533	kend	
8-104	2534-2537	het	
8-105	2538-2544	bloote	
8-106	2545-2555	aangezicht	
8-107	2556-2559	des	
8-108	2560-2566	herten	
8-109	2566-2567	,	
8-110	2568-2571	dat	
8-111	2572-2575	tot	
8-112	2576-2579	hem	
8-113	2580-2587	gekeert	
8-114	2588-2593	staat	
8-115	2593-2594	,	
8-116	2595-2601	hoewel	
8-117	2602-2605	het	
8-118	2606-2609	ons	
8-119	2610-2619	smertelyk	
8-120	2620-2622	is	
8-121	2622-2623	,	
8-122	2624-2626	en	
8-123	2627-2631	doet	
8-124	2632-2639	zuchten	
8-125	2639-2640	,	
8-126	2641-2645	want	
8-127	2646-2648	wy	
8-128	2649-2660	verscheenen	
8-129	2661-2666	gaarn	
8-130	2667-2673	zuiver	
8-131	2674-2676	en	
8-132	2677-2685	onbesmet	
8-133	2685-2686	,	
8-134	2687-2691	voor	
8-135	2692-2697	onzen	
8-136	2698-2705	beminde	
8-137	2706-2709	die	
8-138	2710-2712	wy	
8-139	2713-2717	lief	
8-140	2718-2724	hebben	
8-141	2724-2725	,	
8-142	2726-2730	maar	
8-143	2731-2733	wy	
8-144	2734-2740	willen	
8-145	2741-2744	ons	
8-146	2745-2751	daarom	
8-147	2752-2756	niet	
8-148	2757-2763	laaten	
8-149	2764-2766	te	
8-150	2767-2770	rug	
8-151	2771-2779	schelden	
8-152	2779-2780	,	
8-153	2781-2785	want	
8-154	2786-2788	wy	
8-155	2789-2795	hebben	
8-156	2796-2799	hem	
8-157	2800-2804	lief	
8-158	2804-2805	,	
8-159	2806-2808	hy	
8-160	2809-2811	is	
8-161	2812-2816	onze	
8-162	2817-2824	beminde	
8-163	2824-2825	,	
8-164	2826-2829	het	
8-165	2830-2832	zy	
8-166	2833-2836	dan	
8-167	2837-2840	ook	
8-168	2841-2843	zo	
8-169	2844-2847	met	
8-170	2848-2851	ons	
8-171	2852-2855	als	
8-172	2856-2859	het	
8-173	2860-2863	wil	
8-174	2863-2864	;	
8-175	2865-2872	evenwel	
8-176	2873-2875	is	
8-177	2876-2878	hy	
8-178	2879-2883	onze	
8-179	2884-2891	beminde	
8-180	2891-2892	;	
8-181	2893-2895	wy	
8-182	2896-2902	willen	
8-183	2903-2906	van	
8-184	2907-2910	hem	
8-185	2911-2915	niet	
8-186	2916-2918	af	
8-187	2919-2925	laaten	
8-188	2925-2926	,	
8-189	2927-2930	zyn	
8-190	2931-2933	wy	
8-191	2934-2940	onrein	
8-192	2941-2943	en	
8-193	2944-2951	bevlekt	
8-194	2951-2952	,	
8-195	2953-2955	wy	
8-196	2956-2962	zoeken	
8-197	2963-2966	van	
8-198	2967-2970	hem	
8-199	2971-2979	gewassen	
8-200	2980-2982	en	
8-201	2983-2992	gezuivert	
8-202	2993-2995	te	
8-203	2996-3002	worden	
8-204	3002-3003	,	
8-205	3004-3009	heeft	
8-206	3010-3012	hy	
8-207	3013-3016	ons	
8-208	3017-3020	dan	
8-209	3021-3023	zo	
8-210	3024-3028	lief	
8-211	3029-3034	gehad	
8-212	3034-3035	,	
8-213	3036-3039	dat	
8-214	3040-3042	hy	
8-215	3043-3046	zyn	
8-216	3047-3052	eigen	
8-217	3053-3058	bloed	
8-218	3059-3063	voor	
8-219	3064-3067	ons	
8-220	3068-3073	heeft	
8-221	3074-3083	vergooten	
8-222	3083-3084	,	
8-223	3085-3088	tot	
8-224	3089-3092	een	
8-225	3093-3096	bad	
8-226	3097-3100	der	
8-227	3101-3106	reini	
8-228	3106-3107	-	
8-229	3110-3113	Jan	
8-230	3114-3120	Luyken	
8-231	3120-3121	,	
8-232	3122-3132	Geestelyke	
8-233	3133-3140	brieven	
8-234	3144-3146	59	
8-235	3147-3151	ging	
8-236	3151-3152	,	
8-237	3153-3159	waarom	
8-238	3160-3166	zouden	
8-239	3167-3169	wy	
8-240	3170-3174	noch	
8-241	3175-3185	vertsaagen	
8-242	3185-3186	,	
8-243	3187-3190	die	
8-244	3191-3193	zo	
8-245	3194-3198	veel	
8-246	3199-3205	gedaan	
8-247	3206-3211	heeft	
8-248	3212-3215	zal	
8-249	3216-3220	meer	
8-250	3221-3225	doen	
8-251	3225-3226	,	
8-252	3227-3229	wy	
8-253	3230-3236	willen	
8-254	3237-3240	wel	
8-255	3241-3247	gemoed	
8-256	3248-3251	zyn	
8-257	3251-3252	,	
8-258	3253-3255	en	
8-259	3256-3259	hem	
8-260	3260-3266	nagaan	
8-261	3266-3267	,	
8-262	3268-3270	en	
8-263	3271-3273	al	
8-264	3274-3280	zouden	
8-265	3281-3283	wy	
8-266	3284-3288	over	
8-267	3289-3292	ons	
8-268	3293-3299	zelven	
8-269	3300-3307	zuchten	
8-270	3308-3311	tot	
8-271	3312-3314	in	
8-272	3315-3318	den	
8-273	3319-3323	dood	
8-274	3323-3324	,	
8-275	3325-3329	want	
8-276	3330-3332	wy	
8-277	3333-3339	willen	
8-278	3340-3346	anders	
8-279	3347-3354	nergens	
8-280	3355-3359	heen	
8-281	3359-3360	,	
8-282	3361-3364	het	
8-283	3365-3371	schoon	
8-284	3372-3381	schynende	
8-285	3382-3396	mom-aangezicht	
8-286	3397-3400	der	
8-287	3401-3407	wereld	
8-288	3408-3416	begeeren	
8-289	3417-3419	wy	
8-290	3420-3424	niet	
8-291	3424-3425	,	
8-292	3426-3430	maar	
8-293	3431-3433	wy	
8-294	3434-3442	begeeren	
