#FORMAT=WebAnno TSV 3.3


#Text=So
#Text=kuͤhnlich darff der unmaͤßige Geſaͤtz- und
#Text=vernunfft-loſe Geitz ſich underſtehen/
#Text=dem
#Text=Herꝛen der Natur/ und Geber alles guten
#Text=ſelbſten/ ſeine milte Guͤte und Wolthaͤtig-
#Text=
#Text=keit auffzuruͤcken.
1-1	2-4	So	
1-2	5-14	kuͤhnlich	
1-3	15-20	darff	
1-4	21-24	der	
1-5	25-34	unmaͤßige	
1-6	35-42	Geſaͤtz	
1-7	42-43	-	
1-8	44-47	und	
1-9	48-62	vernunfft-loſe	
1-10	63-68	Geitz	
1-11	69-73	ſich	
1-12	74-85	underſtehen	
1-13	85-86	/	
1-14	87-90	dem	
1-15	91-97	Herꝛen	
1-16	98-101	der	
1-17	102-107	Natur	
1-18	107-108	/	
1-19	109-112	und	
1-20	113-118	Geber	
1-21	119-124	alles	
1-22	125-130	guten	
1-23	131-139	ſelbſten	
1-24	139-140	/	
1-25	141-146	ſeine	
1-26	147-152	milte	
1-27	153-158	Guͤte	
1-28	159-162	und	
1-29	163-173	Wolthaͤtig	
1-30	173-174	-	
1-31	176-180	keit	
1-32	181-194	auffzuruͤcken	
1-33	194-195	.	

#Text=Es ſind aber noch uͤbrig
#Text=
#Text=under den Molucciſchen Jnſuln Tidor und
#Text=Marigeron/ welche in Spaniſcher Gewalt/
#Text=und ingleichem Annboine/ dahin die Nider-
#Text=laͤnder noch zur zeit handeln.
2-1	196-198	Es	
2-2	199-203	ſind	
2-3	204-208	aber	
2-4	209-213	noch	
2-5	214-220	uͤbrig	
2-6	222-227	under	
2-7	228-231	den	
2-8	232-244	Molucciſchen	
2-9	245-251	Jnſuln	
2-10	252-257	Tidor	
2-11	258-261	und	
2-12	262-271	Marigeron	
2-13	271-272	/	
2-14	273-279	welche	
2-15	280-282	in	
2-16	283-293	Spaniſcher	
2-17	294-300	Gewalt	
2-18	300-301	/	
2-19	302-305	und	
2-20	306-316	ingleichem	
2-21	317-325	Annboine	
2-22	325-326	/	
2-23	327-332	dahin	
2-24	333-336	die	
2-25	337-342	Nider	
2-26	342-343	-	
2-27	344-351	laͤnder	
2-28	352-356	noch	
2-29	357-360	zur	
2-30	361-365	zeit	
2-31	366-373	handeln	
2-32	373-374	.	

#Text=An ſolchen
#Text=oͤrtern findet man/
#Text=Gott Lob!
3-1	375-377	An	
3-2	378-385	ſolchen	
3-3	386-393	oͤrtern	
3-4	394-400	findet	
3-5	401-404	man	
3-6	404-405	/	
3-7	406-410	Gott	
3-8	411-414	Lob	
3-9	414-415	!	

#Text=noch einen
#Text=guten Vorꝛath von Naͤgelein-gewaͤchs/
#Text=
#Text=wenn ſolches nicht waͤre/ wurde man wenig
#Text=von dieſem edlen Gewuͤrtze in Europa mehr
#Text=ſehen.
4-1	416-420	noch	
4-2	421-426	einen	
4-3	427-432	guten	
4-4	433-440	Vorꝛath	
4-5	441-444	von	
4-6	445-463	Naͤgelein-gewaͤchs	
4-7	463-464	/	
4-8	466-470	wenn	
4-9	471-478	ſolches	
4-10	479-484	nicht	
4-11	485-490	waͤre	
4-12	490-491	/	
4-13	492-497	wurde	
4-14	498-501	man	
4-15	502-507	wenig	
4-16	508-511	von	
4-17	512-518	dieſem	
4-18	519-524	edlen	
4-19	525-534	Gewuͤrtze	
4-20	535-537	in	
4-21	538-544	Europa	
4-22	545-549	mehr	
4-23	550-555	ſehen	
4-24	555-556	.	

#Text=Die Gewuͤrtz-naͤgelein/ wenn ſie gantz
#Text=zeitig/ reiff und auffgeſchwollen ſind/ wer-
#Text=den ins gemein Antophylli, die unreiffen
#Text=aber Caryophylli aromatici genennet.
5-1	560-563	Die	
5-2	564-582	Gewuͤrtz-naͤgelein	
5-3	582-583	/	
5-4	584-588	wenn	
5-5	589-592	ſie	
5-6	593-598	gantz	
5-7	599-605	zeitig	
5-8	605-606	/	
5-9	607-612	reiff	
5-10	613-616	und	
5-11	617-632	auffgeſchwollen	
5-12	633-637	ſind	
5-13	637-638	/	
5-14	639-642	wer	
5-15	642-643	-	
5-16	644-647	den	
5-17	648-651	ins	
5-18	652-658	gemein	
5-19	659-669	Antophylli	
5-20	669-670	,	
5-21	671-674	die	
5-22	675-684	unreiffen	
5-23	685-689	aber	
5-24	690-701	Caryophylli	
5-25	702-711	aromatici	
5-26	712-720	genennet	
5-27	720-721	.	

#Text=Sie
#Text=
#Text=werden zimlich verfaͤlſcht in Europam ge-
#Text=bracht/ weilen ſie eins theils in dem ſaltzich-
#Text=ten Meer-waſſer eingebeitzt/ hernach auch
#Text=in Europa/ damit ſie deſto ſchwerer ſeyen/
#Text=
#Text=mit Waſſer angefeuchtet werden/
#Text=dadurch
#Text=dann ihrer krafft ein merckliches abgehet.
6-1	722-725	Sie	
6-2	727-733	werden	
6-3	734-741	zimlich	
6-4	742-753	verfaͤlſcht	
6-5	754-756	in	
6-6	757-764	Europam	
6-7	765-767	ge	
6-8	767-768	-	
6-9	769-775	bracht	
6-10	775-776	/	
6-11	777-783	weilen	
6-12	784-787	ſie	
6-13	788-792	eins	
6-14	793-799	theils	
6-15	800-802	in	
6-16	803-806	dem	
6-17	807-815	ſaltzich	
6-18	815-816	-	
6-19	817-820	ten	
6-20	821-832	Meer-waſſer	
6-21	833-844	eingebeitzt	
6-22	844-845	/	
6-23	846-853	hernach	
6-24	854-858	auch	
6-25	859-861	in	
6-26	862-868	Europa	
6-27	868-869	/	
6-28	870-875	damit	
6-29	876-879	ſie	
6-30	880-885	deſto	
6-31	886-894	ſchwerer	
6-32	895-900	ſeyen	
6-33	900-901	/	
6-34	903-906	mit	
6-35	907-913	Waſſer	
6-36	914-926	angefeuchtet	
6-37	927-933	werden	
6-38	933-934	/	
6-39	935-942	dadurch	
6-40	943-947	dann	
6-41	948-953	ihrer	
6-42	954-960	krafft	
6-43	961-964	ein	
6-44	965-976	merckliches	
6-45	977-984	abgehet	
6-46	984-985	.	

#Text=Ja es glauben viel/ es werde in Jndien zu-
#Text=vor das oͤl umb etwas darauß deſtillieret/
#Text=
#Text=ehe ſie in Europam gebracht werden/ nur
#Text=
#Text=damit
#Text=
#Text=\f
#Text=[192/0208
#Text=]
#Text=
#Text=
#Text=Das Erſte Buch/
#Text=
#Text=
#Text=damit man ſie in dieſen Landen nicht pflan-
#Text=tzen koͤnne.
7-1	987-989	Ja	
7-2	990-992	es	
7-3	993-1000	glauben	
7-4	1001-1005	viel	
7-5	1005-1006	/	
7-6	1007-1009	es	
7-7	1010-1015	werde	
7-8	1016-1018	in	
7-9	1019-1025	Jndien	
7-10	1026-1028	zu	
7-11	1028-1029	-	
7-12	1030-1033	vor	
7-13	1034-1037	das	
7-14	1038-1041	oͤl	
7-15	1042-1045	umb	
7-16	1046-1051	etwas	
7-17	1052-1058	darauß	
7-18	1059-1071	deſtillieret	
7-19	1071-1072	/	
7-20	1074-1077	ehe	
7-21	1078-1081	ſie	
7-22	1082-1084	in	
7-23	1085-1092	Europam	
7-24	1093-1101	gebracht	
7-25	1102-1108	werden	
7-26	1108-1109	/	
7-27	1110-1113	nur	
7-28	1115-1120	damit	
7-29	1124-1125	[	
7-30	1125-1128	192	
7-31	1128-1129	/	
7-32	1129-1133	0208	
7-33	1134-1135	]	
7-34	1138-1141	Das	
7-35	1142-1147	Erſte	
7-36	1148-1152	Buch	
7-37	1152-1153	/	
7-38	1156-1161	damit	
7-39	1162-1165	man	
7-40	1166-1169	ſie	
7-41	1170-1172	in	
7-42	1173-1179	dieſen	
7-43	1180-1186	Landen	
7-44	1187-1192	nicht	
7-45	1193-1198	pflan	
7-46	1198-1199	-	
7-47	1200-1204	tzen	
7-48	1205-1211	koͤnne	
7-49	1211-1212	.	
