#FORMAT=WebAnno TSV 3.3


#Text=Nar
#Text=
#Text=
#Text=
#Text=coti.
#Text=it, et on fied ici: en ati.
#Text=atu ere m ed
#Text=
#Text=
#Text=
#Text=
#Text=
#Text=coticis id perpetuum eft, vt faporem fatuum i. e. qui nec acris nec
#Text=
#Text=aromaticus, nec acidus eft, quique magis ad oleofum, et viscosum
#Text=
#Text=accedit, exhibeant: omnia vero narcotica examine chemico subie.
#Text=eta ostendunt multum falis vrinosi, multumque oleum vifcidum,
#Text=
#Text=parum acidi aut salsi liquoris.
1-1	2-5	Nar	
1-2	9-13	coti	
1-3	13-14	.	
1-4	15-17	it	
1-5	17-18	,	
1-6	19-21	et	
1-7	22-24	on	
1-8	25-29	fied	
1-9	30-33	ici	
1-10	33-34	:	
1-11	35-37	en	
1-12	38-41	ati	
1-13	41-42	.	
1-14	43-46	atu	
1-15	47-50	ere	
1-16	51-52	m	
1-17	53-55	ed	
1-18	61-68	coticis	
1-19	69-71	id	
1-20	72-81	perpetuum	
1-21	82-85	eft	
1-22	85-86	,	
1-23	87-89	vt	
1-24	90-97	faporem	
1-25	98-104	fatuum	
1-26	105-106	i	
1-27	106-107	.	
1-28	108-109	e	
1-29	109-110	.	
1-30	111-114	qui	
1-31	115-118	nec	
1-32	119-124	acris	
1-33	125-128	nec	
1-34	130-140	aromaticus	
1-35	140-141	,	
1-36	142-145	nec	
1-37	146-152	acidus	
1-38	153-156	eft	
1-39	156-157	,	
1-40	158-164	quique	
1-41	165-170	magis	
1-42	171-173	ad	
1-43	174-181	oleofum	
1-44	181-182	,	
1-45	183-185	et	
1-46	186-194	viscosum	
1-47	196-203	accedit	
1-48	203-204	,	
1-49	205-214	exhibeant	
1-50	214-215	:	
1-51	216-221	omnia	
1-52	222-226	vero	
1-53	227-236	narcotica	
1-54	237-244	examine	
1-55	245-252	chemico	
1-56	253-258	subie	
1-57	258-259	.	
1-58	260-263	eta	
1-59	264-273	ostendunt	
1-60	274-280	multum	
1-61	281-286	falis	
1-62	287-294	vrinosi	
1-63	294-295	,	
1-64	296-305	multumque	
1-65	306-311	oleum	
1-66	312-320	vifcidum	
1-67	320-321	,	
1-68	323-328	parum	
1-69	329-334	acidi	
1-70	335-338	aut	
1-71	339-344	salsi	
1-72	345-353	liquoris	
1-73	353-354	.	

#Text=Nunc cum oleum semiper ex reli-
#Text=
#Text=quis partibus conftitutiuis plantae ortum fit , fcilicet ex multa terra
#Text=
#Text=antacida viscosa per inflammabile principium et paucum fal volatile
#Text=
#Text=redditum, et cum fpiritus rector femper etiam sequatur olei natu-
#Text=
#Text=ram, fequitur odorem narcoticum esse aerem terrae antacidae visco.
#Text=fae i, e. fubtilissimam et maxime attenuatam terram antacidam visco-
#Text=
#Text=fam.
2-1	355-359	Nunc	
2-2	360-363	cum	
2-3	364-369	oleum	
2-4	370-377	semiper	
2-5	378-380	ex	
2-6	381-385	reli	
2-7	385-386	-	
2-8	388-392	quis	
2-9	393-401	partibus	
2-10	402-415	conftitutiuis	
2-11	416-423	plantae	
2-12	424-429	ortum	
2-13	430-433	fit	
2-14	434-435	,	
2-15	436-444	fcilicet	
2-16	445-447	ex	
2-17	448-453	multa	
2-18	454-459	terra	
2-19	461-469	antacida	
2-20	470-477	viscosa	
2-21	478-481	per	
2-22	482-494	inflammabile	
2-23	495-505	principium	
2-24	506-508	et	
2-25	509-515	paucum	
2-26	516-519	fal	
2-27	520-528	volatile	
2-28	530-538	redditum	
2-29	538-539	,	
2-30	540-542	et	
2-31	543-546	cum	
2-32	547-555	fpiritus	
2-33	556-562	rector	
2-34	563-569	femper	
2-35	570-575	etiam	
2-36	576-584	sequatur	
2-37	585-589	olei	
2-38	590-594	natu	
2-39	594-595	-	
2-40	597-600	ram	
2-41	600-601	,	
2-42	602-610	fequitur	
2-43	611-617	odorem	
2-44	618-628	narcoticum	
2-45	629-633	esse	
2-46	634-639	aerem	
2-47	640-646	terrae	
2-48	647-656	antacidae	
2-49	657-662	visco	
2-50	662-663	.	
2-51	664-667	fae	
2-52	668-669	i	
2-53	669-670	,	
2-54	671-672	e	
2-55	672-673	.	
2-56	674-687	fubtilissimam	
2-57	688-690	et	
2-58	691-697	maxime	
2-59	698-708	attenuatam	
2-60	709-715	terram	
2-61	716-725	antacidam	
2-62	726-731	visco	
2-63	731-732	-	
2-64	734-737	fam	
2-65	737-738	.	

#Text=Sed nonne hoc per odorem percipitur ?
3-1	739-742	Sed	
3-2	743-748	nonne	
3-3	749-752	hoc	
3-4	753-756	per	
3-5	757-763	odorem	
3-6	764-774	percipitur	
3-7	775-776	?	

#Text=certe odor grauis est
#Text=
#Text=propter viscofum, nam nil graue cogitari poteft fine molesta aliqua
#Text=
#Text=re, et dum hoc viscofum fluido nerüeo molestum est, grauis odo-
#Text=
#Text=ris fenfum exhibet.
4-1	777-782	certe	
4-2	783-787	odor	
4-3	788-794	grauis	
4-4	795-798	est	
4-5	800-807	propter	
4-6	808-816	viscofum	
4-7	816-817	,	
4-8	818-821	nam	
4-9	822-825	nil	
4-10	826-831	graue	
4-11	832-840	cogitari	
4-12	841-847	poteft	
4-13	848-852	fine	
4-14	853-860	molesta	
4-15	861-867	aliqua	
4-16	869-871	re	
4-17	871-872	,	
4-18	873-875	et	
4-19	876-879	dum	
4-20	880-883	hoc	
4-21	884-892	viscofum	
4-22	893-899	fluido	
4-23	900-906	nerüeo	
4-24	907-915	molestum	
4-25	916-919	est	
4-26	919-920	,	
4-27	921-927	grauis	
4-28	928-931	odo	
4-29	931-932	-	
4-30	934-937	ris	
4-31	938-944	fenfum	
4-32	945-952	exhibet	
4-33	952-953	.	

#Text=Nauseofus vero non nernis sed animo est, qui
#Text=
#Text=periculum ftatim ex hac 'mixtione odoris peftifera sentit: Et hoc
#Text=
#Text=est fulphur illud narcoticum, quod paucis fatis cognitum eft.
5-1	954-963	Nauseofus	
5-2	964-968	vero	
5-3	969-972	non	
5-4	973-979	nernis	
5-5	980-983	sed	
5-6	984-989	animo	
5-7	990-993	est	
5-8	993-994	,	
5-9	995-998	qui	
5-10	1000-1009	periculum	
5-11	1010-1016	ftatim	
5-12	1017-1019	ex	
5-13	1020-1023	hac	
5-14	1024-1025	'	
5-15	1025-1033	mixtione	
5-16	1034-1040	odoris	
5-17	1041-1050	peftifera	
5-18	1051-1057	sentit	
5-19	1057-1058	:	
5-20	1059-1061	Et	
5-21	1062-1065	hoc	
5-22	1067-1070	est	
5-23	1071-1078	fulphur	
5-24	1079-1084	illud	
5-25	1085-1095	narcoticum	
5-26	1095-1096	,	
5-27	1097-1101	quod	
5-28	1102-1108	paucis	
5-29	1109-1114	fatis	
5-30	1115-1123	cognitum	
5-31	1124-1127	eft	
5-32	1127-1128	.	

#Text=Patet itaque, quod fi etiam fapor nil detegere poteft ad odoris na-
#Text=
#Text=turam eruendam, non deeffe tamen alia adminicula, ex quibus ad
#Text=
#Text=odoris naturain concludere licet, et haec ipfa peti ex analysi chemi-
#Text=
#Text=ca.
6-1	1129-1134	Patet	
6-2	1135-1141	itaque	
6-3	1141-1142	,	
6-4	1143-1147	quod	
6-5	1148-1150	fi	
6-6	1151-1156	etiam	
6-7	1157-1162	fapor	
6-8	1163-1166	nil	
6-9	1167-1175	detegere	
6-10	1176-1182	poteft	
6-11	1183-1185	ad	
6-12	1186-1192	odoris	
6-13	1193-1195	na	
6-14	1195-1196	-	
6-15	1198-1203	turam	
6-16	1204-1212	eruendam	
6-17	1212-1213	,	
6-18	1214-1217	non	
6-19	1218-1224	deeffe	
6-20	1225-1230	tamen	
6-21	1231-1235	alia	
6-22	1236-1246	adminicula	
6-23	1246-1247	,	
6-24	1248-1250	ex	
6-25	1251-1257	quibus	
6-26	1258-1260	ad	
6-27	1262-1268	odoris	
6-28	1269-1277	naturain	
6-29	1278-1288	concludere	
6-30	1289-1294	licet	
6-31	1294-1295	,	
6-32	1296-1298	et	
6-33	1299-1303	haec	
6-34	1304-1308	ipfa	
6-35	1309-1313	peti	
6-36	1314-1316	ex	
6-37	1317-1324	analysi	
6-38	1325-1330	chemi	
6-39	1330-1331	-	
6-40	1333-1335	ca	
6-41	1335-1336	.	

#Text=Sed synthesis quoque prodest ad odoris discrimina eruenda; de
#Text=
#Text=qua exempla quoque nominasie ad rem pertinet.
7-1	1337-1340	Sed	
7-2	1341-1350	synthesis	
7-3	1351-1357	quoque	
7-4	1358-1365	prodest	
7-5	1366-1368	ad	
7-6	1369-1375	odoris	
7-7	1376-1386	discrimina	
7-8	1387-1394	eruenda	
7-9	1394-1395	;	
7-10	1396-1398	de	
7-11	1400-1403	qua	
7-12	1404-1411	exempla	
7-13	1412-1418	quoque	
7-14	1419-1428	nominasie	
7-15	1429-1431	ad	
7-16	1432-1435	rem	
7-17	1436-1444	pertinet	
7-18	1444-1445	.	

#Text=Sulphureus odor
#Text=
#Text=figentem quendam sensum et cum impetu quodam contrahentem
#Text=
#Text=animo repraesentat: E. concludere iam poffem, quod ad odorem
#Text=
#Text=terrestrem pertineret i. e. qui contractionem neruorum auget, et cum
#Text=
#Text=fciam, hanc vim a fale primigenio et terra figente prouenire, tuto
#Text=
#Text=iam concludere poffem, quod hae partes constitutiuae infint.
8-1	1446-1456	Sulphureus	
8-2	1457-1461	odor	
8-3	1463-1471	figentem	
8-4	1472-1479	quendam	
8-5	1480-1486	sensum	
8-6	1487-1489	et	
8-7	1490-1493	cum	
8-8	1494-1500	impetu	
8-9	1501-1507	quodam	
8-10	1508-1520	contrahentem	
8-11	1522-1527	animo	
8-12	1528-1540	repraesentat	
8-13	1540-1541	:	
8-14	1542-1543	E	
8-15	1543-1544	.	
8-16	1545-1555	concludere	
8-17	1556-1559	iam	
8-18	1560-1566	poffem	
8-19	1566-1567	,	
8-20	1568-1572	quod	
8-21	1573-1575	ad	
8-22	1576-1582	odorem	
8-23	1584-1594	terrestrem	
8-24	1595-1605	pertineret	
8-25	1606-1607	i	
8-26	1607-1608	.	
8-27	1609-1610	e	
8-28	1610-1611	.	
8-29	1612-1615	qui	
8-30	1616-1629	contractionem	
8-31	1630-1638	neruorum	
8-32	1639-1644	auget	
8-33	1644-1645	,	
8-34	1646-1648	et	
8-35	1649-1652	cum	
8-36	1654-1659	fciam	
8-37	1659-1660	,	
8-38	1661-1665	hanc	
8-39	1666-1669	vim	
8-40	1670-1671	a	
8-41	1672-1676	fale	
8-42	1677-1687	primigenio	
8-43	1688-1690	et	
8-44	1691-1696	terra	
8-45	1697-1704	figente	
8-46	1705-1714	prouenire	
8-47	1714-1715	,	
8-48	1716-1720	tuto	
8-49	1722-1725	iam	
8-50	1726-1736	concludere	
8-51	1737-1743	poffem	
8-52	1743-1744	,	
8-53	1745-1749	quod	
8-54	1750-1753	hae	
8-55	1754-1760	partes	
8-56	1761-1774	constitutiuae	
8-57	1775-1781	infint	
8-58	1781-1782	.	

#Text=Sed
#Text=
#Text=fac, non ita concludere licere aut velle, analysis docet acidum pri-
#Text=
#Text=mogenium vitriolicum cum inflammabili quodam adhuc mitificatum,
#Text=
#Text=E. concludere liceret, quod fubtilissima horum pars elata odorem
#Text=
#Text=fulphureum praestaret.
9-1	1783-1786	Sed	
9-2	1788-1791	fac	
9-3	1791-1792	,	
9-4	1793-1796	non	
9-5	1797-1800	ita	
9-6	1801-1811	concludere	
9-7	1812-1818	licere	
9-8	1819-1822	aut	
9-9	1823-1828	velle	
9-10	1828-1829	,	
9-11	1830-1838	analysis	
9-12	1839-1844	docet	
9-13	1845-1851	acidum	
9-14	1852-1855	pri	
9-15	1855-1856	-	
9-16	1858-1866	mogenium	
9-17	1867-1878	vitriolicum	
9-18	1879-1882	cum	
9-19	1883-1895	inflammabili	
9-20	1896-1902	quodam	
9-21	1903-1908	adhuc	
9-22	1909-1920	mitificatum	
9-23	1920-1921	,	
9-24	1923-1924	E	
9-25	1924-1925	.	
9-26	1926-1936	concludere	
9-27	1937-1944	liceret	
9-28	1944-1945	,	
9-29	1946-1950	quod	
9-30	1951-1963	fubtilissima	
9-31	1964-1969	horum	
9-32	1970-1974	pars	
9-33	1975-1980	elata	
9-34	1981-1987	odorem	
9-35	1989-1999	fulphureum	
9-36	2000-2010	praestaret	
9-37	2010-2011	.	

#Text=Sed fac, ne haec quidem fciri, synthesis do-
#Text=
#Text=cet , quod fi oleum vitrioli cum oleo terebinthinae commiscetur ,
#Text=
#Text=odorem sulphureum oriri.
10-1	2012-2015	Sed	
10-2	2016-2019	fac	
10-3	2019-2020	,	
10-4	2021-2023	ne	
10-5	2024-2028	haec	
10-6	2029-2035	quidem	
10-7	2036-2041	fciri	
10-8	2041-2042	,	
10-9	2043-2052	synthesis	
10-10	2053-2055	do	
10-11	2055-2056	-	
10-12	2058-2061	cet	
10-13	2062-2063	,	
10-14	2064-2068	quod	
10-15	2069-2071	fi	
10-16	2072-2077	oleum	
10-17	2078-2086	vitrioli	
10-18	2087-2090	cum	
10-19	2091-2095	oleo	
10-20	2096-2109	terebinthinae	
10-21	2110-2121	commiscetur	
10-22	2122-2123	,	
10-23	2125-2131	odorem	
10-24	2132-2142	sulphureum	
10-25	2143-2148	oriri	
10-26	2148-2149	.	

#Text=E. eadem veritas ex fynthesi patet.
11-1	2150-2151	E	
11-2	2151-2152	.	
11-3	2153-2158	eadem	
11-4	2159-2166	veritas	
11-5	2167-2169	ex	
11-6	2170-2178	fynthesi	
11-7	2179-2184	patet	
11-8	2184-2185	.	

#Text=Sed
#Text=
#Text=alia quoque exempla in prointu funt, quae fimul ostendunt, quan-
#Text=
#Text=tum chemiae in proprietatibus corporum eruendis debeamus.
12-1	2186-2189	Sed	
12-2	2191-2195	alia	
12-3	2196-2202	quoque	
12-4	2203-2210	exempla	
12-5	2211-2213	in	
12-6	2214-2221	prointu	
12-7	2222-2226	funt	
12-8	2226-2227	,	
12-9	2228-2232	quae	
12-10	2233-2238	fimul	
12-11	2239-2248	ostendunt	
12-12	2248-2249	,	
12-13	2250-2254	quan	
12-14	2254-2255	-	
12-15	2257-2260	tum	
12-16	2261-2268	chemiae	
12-17	2269-2271	in	
12-18	2272-2286	proprietatibus	
12-19	2287-2295	corporum	
12-20	2296-2304	eruendis	
12-21	2305-2313	debeamus	
12-22	2313-2314	.	

#Text=Odor
#Text=
#Text=ambrofiacus fpirituum anodynorum dulcium et odor su'phureus di-
#Text=
#Text=uerfisfimum fenfum exhibent, et tamen ex iisdem materiis nati funt:
#Text=
#Text=B
#Text=
#Text=
#Text=
#Text=sc.
#Text=em
#Text=
#Text=
#Text=
#Text=pe
#Text=
#Text=
#Text=
#Text=d, nt,
#Text=
#Text=
#Text=
#Text='0
#Text=
#Text=
#Text=
#Text=ite et id in
#Text=
#Text=
#Text=
#Text=e
#Text=
#Text=
#Text=
#Text=1
#Text=
#Text=
#Text=
#Text=
#Text=
#Text=fe.
#Text=fpiritus anodynus ex acido minerali et inflammabili, et sulphureus ex acido minerali et inflammabili.
13-1	2315-2319	Odor	
13-2	2321-2332	ambrofiacus	
13-3	2333-2342	fpirituum	
13-4	2343-2353	anodynorum	
13-5	2354-2361	dulcium	
13-6	2362-2364	et	
13-7	2365-2369	odor	
13-8	2370-2380	su'phureus	
13-9	2381-2383	di	
13-10	2383-2384	-	
13-11	2386-2397	uerfisfimum	
13-12	2398-2404	fenfum	
13-13	2405-2413	exhibent	
13-14	2413-2414	,	
13-15	2415-2417	et	
13-16	2418-2423	tamen	
13-17	2424-2426	ex	
13-18	2427-2433	iisdem	
13-19	2434-2442	materiis	
13-20	2443-2447	nati	
13-21	2448-2452	funt	
13-22	2452-2453	:	
13-23	2455-2456	B	
13-24	2460-2462	sc	
13-25	2462-2463	.	
13-26	2464-2466	em	
13-27	2470-2472	pe	
13-28	2476-2477	d	
13-29	2477-2478	,	
13-30	2479-2481	nt	
13-31	2481-2482	,	
13-32	2486-2487	'	
13-33	2487-2488	0	
13-34	2492-2495	ite	
13-35	2496-2498	et	
13-36	2499-2501	id	
13-37	2502-2504	in	
13-38	2508-2509	e	
13-39	2513-2514	1	
13-40	2520-2522	fe	
13-41	2522-2523	.	
13-42	2524-2532	fpiritus	
13-43	2533-2541	anodynus	
13-44	2542-2544	ex	
13-45	2545-2550	acido	
13-46	2551-2559	minerali	
13-47	2560-2562	et	
13-48	2563-2575	inflammabili	
13-49	2575-2576	,	
13-50	2577-2579	et	
13-51	2580-2590	sulphureus	
13-52	2591-2593	ex	
13-53	2594-2599	acido	
13-54	2600-2608	minerali	
13-55	2609-2611	et	
13-56	2612-2624	inflammabili	
13-57	2624-2625	.	

#Text=Vnde E. haec diuerfitas?
14-1	2626-2630	Vnde	
14-2	2631-2632	E	
14-3	2632-2633	.	
14-4	2634-2638	haec	
14-5	2639-2649	diuerfitas	
14-6	2649-2650	?	
