#FORMAT=WebAnno TSV 3.3


#Text=op den dagh der elf dagen, alsoo ond.
#Text=vers 78.
1-1	2-4	op	
1-2	5-8	den	
1-3	9-13	dagh	
1-4	14-17	der	
1-5	18-21	elf	
1-6	22-27	dagen	
1-7	27-28	,	
1-8	29-34	alsoo	
1-9	35-38	ond	
1-10	38-39	.	
1-11	40-44	vers	
1-12	45-47	78	
1-13	47-48	.	

#Text=Op den elfden dagh
#Text=[offerde]
#Text=de Overste der kinderen
#Text=Asers;
#Text=Pagiël de sone Ochran.
#Text=
#Text=73
#Text=
#Text=Sijne offerhande was eene silvere schotel, welcker gewichte was hondert ende dertigh
#Text=[sikelen,] een silveren sprenghbecken, van seventigh sikelen, na den sikel des heylighdoms:
#Text=sy waren beyde vol meelbloeme met olie gemenght, ten spijs-offer:
#Text=74
#Text=Eene reuckschale van tien goudene [sikelen] vol reuckwercks:
#Text=
#Text=75
#Text=
#Text=Een varre, een jongh runt, een ram, een lam, dat eenjarigh was, ten brand-offer:
#Text=76
#Text=
#Text=Een geytenbock, ten sond-offer:
#Text=
#Text=77
#Text=
#Text=
#Text=Ende
#Text=ten danck-offer, twee runderen, vijf rammen, vijf bocken, vijf eenjarige lammeren:
#Text=dat was de offerhande van Pagiël de sone Ochran.
#Text=
#Text=78
2-1	49-51	Op	
2-2	52-55	den	
2-3	56-62	elfden	
2-4	63-67	dagh	
2-5	68-69	[	
2-6	69-76	offerde	
2-7	76-77	]	
2-8	78-80	de	
2-9	81-88	Overste	
2-10	89-92	der	
2-11	93-101	kinderen	
2-12	102-107	Asers	
2-13	107-108	;	
2-14	109-115	Pagiël	
2-15	116-118	de	
2-16	119-123	sone	
2-17	124-130	Ochran	
2-18	130-131	.	
2-19	133-135	73	
2-20	137-142	Sijne	
2-21	143-153	offerhande	
2-22	154-157	was	
2-23	158-162	eene	
2-24	163-170	silvere	
2-25	171-178	schotel	
2-26	178-179	,	
2-27	180-187	welcker	
2-28	188-196	gewichte	
2-29	197-200	was	
2-30	201-208	hondert	
2-31	209-213	ende	
2-32	214-221	dertigh	
2-33	222-223	[	
2-34	223-230	sikelen	
2-35	230-231	,	
2-36	231-232	]	
2-37	233-236	een	
2-38	237-245	silveren	
2-39	246-259	sprenghbecken	
2-40	259-260	,	
2-41	261-264	van	
2-42	265-274	seventigh	
2-43	275-282	sikelen	
2-44	282-283	,	
2-45	284-286	na	
2-46	287-290	den	
2-47	291-296	sikel	
2-48	297-300	des	
2-49	301-312	heylighdoms	
2-50	312-313	:	
2-51	314-316	sy	
2-52	317-322	waren	
2-53	323-328	beyde	
2-54	329-332	vol	
2-55	333-343	meelbloeme	
2-56	344-347	met	
2-57	348-352	olie	
2-58	353-361	gemenght	
2-59	361-362	,	
2-60	363-366	ten	
2-61	367-378	spijs-offer	
2-62	378-379	:	
2-63	380-382	74	
2-64	383-387	Eene	
2-65	388-399	reuckschale	
2-66	400-403	van	
2-67	404-408	tien	
2-68	409-416	goudene	
2-69	417-418	[	
2-70	418-425	sikelen	
2-71	425-426	]	
2-72	427-430	vol	
2-73	431-442	reuckwercks	
2-74	442-443	:	
2-75	445-447	75	
2-76	449-452	Een	
2-77	453-458	varre	
2-78	458-459	,	
2-79	460-463	een	
2-80	464-469	jongh	
2-81	470-474	runt	
2-82	474-475	,	
2-83	476-479	een	
2-84	480-483	ram	
2-85	483-484	,	
2-86	485-488	een	
2-87	489-492	lam	
2-88	492-493	,	
2-89	494-497	dat	
2-90	498-507	eenjarigh	
2-91	508-511	was	
2-92	511-512	,	
2-93	513-516	ten	
2-94	517-528	brand-offer	
2-95	528-529	:	
2-96	530-532	76	
2-97	534-537	Een	
2-98	538-548	geytenbock	
2-99	548-549	,	
2-100	550-553	ten	
2-101	554-564	sond-offer	
2-102	564-565	:	
2-103	567-569	77	
2-104	572-576	Ende	
2-105	577-580	ten	
2-106	581-592	danck-offer	
2-107	592-593	,	
2-108	594-598	twee	
2-109	599-607	runderen	
2-110	607-608	,	
2-111	609-613	vijf	
2-112	614-620	rammen	
2-113	620-621	,	
2-114	622-626	vijf	
2-115	627-633	bocken	
2-116	633-634	,	
2-117	635-639	vijf	
2-118	640-649	eenjarige	
2-119	650-658	lammeren	
2-120	658-659	:	
2-121	660-663	dat	
2-122	664-667	was	
2-123	668-670	de	
2-124	671-681	offerhande	
2-125	682-685	van	
2-126	686-692	Pagiël	
2-127	693-695	de	
2-128	696-700	sone	
2-129	701-707	Ochran	
2-130	707-708	.	
2-131	710-712	78	
