#FORMAT=WebAnno TSV 3.3


#Text=Das im Alaun vorhandene ſchwefel-
#Text=ſaure Kali oder ſchwefelſaure Ammonium iſt bei der Färberei ohne alle
#Text=Wirkſamkeit und daher nutzlos.
1-1	0-3	Das	
1-2	4-6	im	
1-3	7-12	Alaun	
1-4	13-23	vorhandene	
1-5	24-32	ſchwefel	
1-6	32-33	-	
1-7	34-39	ſaure	
1-8	40-44	Kali	
1-9	45-49	oder	
1-10	50-63	ſchwefelſaure	
1-11	64-72	Ammonium	
1-12	73-76	iſt	
1-13	77-80	bei	
1-14	81-84	der	
1-15	85-93	Färberei	
1-16	94-98	ohne	
1-17	99-103	alle	
1-18	104-115	Wirkſamkeit	
1-19	116-119	und	
1-20	120-125	daher	
1-21	126-133	nutzlos	
1-22	133-134	.	

#Text=Dieſe
#Text=Betrachtung führte ſchon vor längerer
#Text=Zeit dazu, nach einem „konzentrierten“ Alaun zu ſtreben, d. h. einem Alaun
#Text=
#Text=ohne Kalium- und Ammoniumſulfat, oder noch richtiger, nach reiner ſchwefel-
#Text=ſaurer Thonerde.
2-1	135-140	Dieſe	
2-2	141-152	Betrachtung	
2-3	153-159	führte	
2-4	160-165	ſchon	
2-5	166-169	vor	
2-6	170-178	längerer	
2-7	179-183	Zeit	
2-8	184-188	dazu	
2-9	188-189	,	
2-10	190-194	nach	
2-11	195-200	einem	
2-12	201-202	„	
2-13	202-216	konzentrierten	
2-14	216-217	“	
2-15	218-223	Alaun	
2-16	224-226	zu	
2-17	227-234	ſtreben	
2-18	234-235	,	
2-19	236-237	d	
2-20	237-238	.	
2-21	239-240	h	
2-22	240-241	.	
2-23	242-247	einem	
2-24	248-253	Alaun	
2-25	255-259	ohne	
2-26	260-266	Kalium	
2-27	266-267	-	
2-28	268-271	und	
2-29	272-286	Ammoniumſulfat	
2-30	286-287	,	
2-31	288-292	oder	
2-32	293-297	noch	
2-33	298-307	richtiger	
2-34	307-308	,	
2-35	309-313	nach	
2-36	314-320	reiner	
2-37	321-329	ſchwefel	
2-38	329-330	-	
2-39	331-337	ſaurer	
2-40	338-346	Thonerde	
2-41	346-347	.	

#Text=Wohl gelang es, eine ſolche herzuſtellen, aber das Präpa-
#Text=rat enthielt ſtets ſo große Beimengungen von Eiſen und Schwefelſäure, daß
#Text=es ſich für Färbereizwecke nicht einzuführen vermochte und daß man vorzog,
#Text=den reineren, wenn auch an Thonerde ärmeren Alaun weiter zu verwenden.
3-1	348-352	Wohl	
3-2	353-359	gelang	
3-3	360-362	es	
3-4	362-363	,	
3-5	364-368	eine	
3-6	369-375	ſolche	
3-7	376-388	herzuſtellen	
3-8	388-389	,	
3-9	390-394	aber	
3-10	395-398	das	
3-11	399-404	Präpa	
3-12	404-405	-	
3-13	406-409	rat	
3-14	410-418	enthielt	
3-15	419-424	ſtets	
3-16	425-427	ſo	
3-17	428-433	große	
3-18	434-446	Beimengungen	
3-19	447-450	von	
3-20	451-456	Eiſen	
3-21	457-460	und	
3-22	461-474	Schwefelſäure	
3-23	474-475	,	
3-24	476-479	daß	
3-25	480-482	es	
3-26	483-487	ſich	
3-27	488-491	für	
3-28	492-506	Färbereizwecke	
3-29	507-512	nicht	
3-30	513-524	einzuführen	
3-31	525-534	vermochte	
3-32	535-538	und	
3-33	539-542	daß	
3-34	543-546	man	
3-35	547-553	vorzog	
3-36	553-554	,	
3-37	555-558	den	
3-38	559-567	reineren	
3-39	567-568	,	
3-40	569-573	wenn	
3-41	574-578	auch	
3-42	579-581	an	
3-43	582-590	Thonerde	
3-44	591-598	ärmeren	
3-45	599-604	Alaun	
3-46	605-611	weiter	
3-47	612-614	zu	
3-48	615-624	verwenden	
3-49	624-625	.	

#Text=In neuerer Zeit aber kommt die ſchwefelſaure Thonerde in ſo reiner Form
#Text=
#Text=in den Handel, daß ſie ohne weiteres verwendet werden kann.
4-1	628-630	In	
4-2	631-638	neuerer	
4-3	639-643	Zeit	
4-4	644-648	aber	
4-5	649-654	kommt	
4-6	655-658	die	
4-7	659-672	ſchwefelſaure	
4-8	673-681	Thonerde	
4-9	682-684	in	
4-10	685-687	ſo	
4-11	688-694	reiner	
4-12	695-699	Form	
4-13	701-703	in	
4-14	704-707	den	
4-15	708-714	Handel	
4-16	714-715	,	
4-17	716-719	daß	
4-18	720-723	ſie	
4-19	724-728	ohne	
4-20	729-737	weiteres	
4-21	738-747	verwendet	
4-22	748-754	werden	
4-23	755-759	kann	
4-24	759-760	.	

#Text=Seit man
#Text=gelernt hat, ein völlig ſchwefelſäurefreies und faſt eiſenfreies Thonerdehydrat
#Text=darzuſtellen, iſt es auch gelungen, ein genügend reines Aluminiumſulfat zu
#Text=erzielen durch Löſen von friſch gefälltem reinem Thonerdehydrat in konzen-
#Text=trierter Schwefelſäure von 50° Bé.
5-1	761-765	Seit	
5-2	766-769	man	
5-3	770-777	gelernt	
5-4	778-781	hat	
5-5	781-782	,	
5-6	783-786	ein	
5-7	787-793	völlig	
5-8	794-813	ſchwefelſäurefreies	
5-9	814-817	und	
5-10	818-822	faſt	
5-11	823-834	eiſenfreies	
5-12	835-849	Thonerdehydrat	
5-13	850-862	darzuſtellen	
5-14	862-863	,	
5-15	864-867	iſt	
5-16	868-870	es	
5-17	871-875	auch	
5-18	876-884	gelungen	
5-19	884-885	,	
5-20	886-889	ein	
5-21	890-898	genügend	
5-22	899-905	reines	
5-23	906-921	Aluminiumſulfat	
5-24	922-924	zu	
5-25	925-933	erzielen	
5-26	934-939	durch	
5-27	940-945	Löſen	
5-28	946-949	von	
5-29	950-956	friſch	
5-30	957-966	gefälltem	
5-31	967-973	reinem	
5-32	974-988	Thonerdehydrat	
5-33	989-991	in	
5-34	992-998	konzen	
5-35	998-999	-	
5-36	1000-1008	trierter	
5-37	1009-1022	Schwefelſäure	
5-38	1023-1026	von	
5-39	1027-1029	50	
5-40	1029-1030	°	
5-41	1031-1033	Bé	
5-42	1033-1034	.	

#Text=Auch durch Löſen von möglichſt eiſen-
#Text=und kalkfreier feinſt gemahlener Porzellanerde unter Erwärmen erhält man
#Text=eine genügend reine ſchwefelſaure Thonerde;
#Text=man läßt die Löſungen ſich klä-
#Text=ren, zieht klar ab, und dampft die Laugen zur Kryſtalliſation ein.
6-1	1035-1039	Auch	
6-2	1040-1045	durch	
6-3	1046-1051	Löſen	
6-4	1052-1055	von	
6-5	1056-1065	möglichſt	
6-6	1066-1071	eiſen	
6-7	1071-1072	-	
6-8	1073-1076	und	
6-9	1077-1087	kalkfreier	
6-10	1088-1094	feinſt	
6-11	1095-1105	gemahlener	
6-12	1106-1119	Porzellanerde	
6-13	1120-1125	unter	
6-14	1126-1134	Erwärmen	
6-15	1135-1141	erhält	
6-16	1142-1145	man	
6-17	1146-1150	eine	
6-18	1151-1159	genügend	
6-19	1160-1165	reine	
6-20	1166-1179	ſchwefelſaure	
6-21	1180-1188	Thonerde	
6-22	1188-1189	;	
6-23	1190-1193	man	
6-24	1194-1198	läßt	
6-25	1199-1202	die	
6-26	1203-1211	Löſungen	
6-27	1212-1216	ſich	
6-28	1217-1220	klä	
6-29	1220-1221	-	
6-30	1222-1225	ren	
6-31	1225-1226	,	
6-32	1227-1232	zieht	
6-33	1233-1237	klar	
6-34	1238-1240	ab	
6-35	1240-1241	,	
6-36	1242-1245	und	
6-37	1246-1252	dampft	
6-38	1253-1256	die	
6-39	1257-1263	Laugen	
6-40	1264-1267	zur	
6-41	1268-1283	Kryſtalliſation	
6-42	1284-1287	ein	
6-43	1287-1288	.	

#Text=Eigenſchaften: Es erſcheint im Handel in formloſen, gelblich weißen
#Text=bis weißen Maſſen, ſeltener in viereckigen Tafeln, löſt ſich in zwei Teilen
#Text=
#Text=Waſſer, aber faſt gar nicht in Alkohol.
7-1	1291-1304	Eigenſchaften	
7-2	1304-1305	:	
7-3	1306-1308	Es	
7-4	1309-1318	erſcheint	
7-5	1319-1321	im	
7-6	1322-1328	Handel	
7-7	1329-1331	in	
7-8	1332-1341	formloſen	
7-9	1341-1342	,	
7-10	1343-1351	gelblich	
7-11	1352-1358	weißen	
7-12	1359-1362	bis	
7-13	1363-1369	weißen	
7-14	1370-1376	Maſſen	
7-15	1376-1377	,	
7-16	1378-1386	ſeltener	
7-17	1387-1389	in	
7-18	1390-1401	viereckigen	
7-19	1402-1408	Tafeln	
7-20	1408-1409	,	
7-21	1410-1414	löſt	
7-22	1415-1419	ſich	
7-23	1420-1422	in	
7-24	1423-1427	zwei	
7-25	1428-1434	Teilen	
7-26	1436-1442	Waſſer	
7-27	1442-1443	,	
7-28	1444-1448	aber	
7-29	1449-1453	faſt	
7-30	1454-1457	gar	
7-31	1458-1463	nicht	
7-32	1464-1466	in	
7-33	1467-1474	Alkohol	
7-34	1474-1475	.	

#Text=Die wäſſerige Löſung reagiert ſauer
#Text=und ſchmeckt ſüßlich zuſammenziehend.
8-1	1476-1479	Die	
8-2	1480-1489	wäſſerige	
8-3	1490-1496	Löſung	
8-4	1497-1505	reagiert	
8-5	1506-1511	ſauer	
8-6	1512-1515	und	
8-7	1516-1524	ſchmeckt	
8-8	1525-1532	ſüßlich	
8-9	1533-1548	zuſammenziehend	
8-10	1548-1549	.	

#Text=Beim Erhitzen ſchmilzt es zuerſt
#Text=in ſeinem Kryſtallwaſſer, bläht ſich dann ſtark auf und geht in waſſerfreies
#Text=Aluminiumſulfat über, was ſich nur ſehr langſam wieder in Waſſer löſt.
9-1	1550-1554	Beim	
9-2	1555-1563	Erhitzen	
9-3	1564-1572	ſchmilzt	
9-4	1573-1575	es	
9-5	1576-1582	zuerſt	
9-6	1583-1585	in	
9-7	1586-1592	ſeinem	
9-8	1593-1607	Kryſtallwaſſer	
9-9	1607-1608	,	
9-10	1609-1614	bläht	
9-11	1615-1619	ſich	
9-12	1620-1624	dann	
9-13	1625-1630	ſtark	
9-14	1631-1634	auf	
9-15	1635-1638	und	
9-16	1639-1643	geht	
9-17	1644-1646	in	
9-18	1647-1659	waſſerfreies	
9-19	1660-1675	Aluminiumſulfat	
9-20	1676-1680	über	
9-21	1680-1681	,	
9-22	1682-1685	was	
9-23	1686-1690	ſich	
9-24	1691-1694	nur	
9-25	1695-1699	ſehr	
9-26	1700-1707	langſam	
9-27	1708-1714	wieder	
9-28	1715-1717	in	
9-29	1718-1724	Waſſer	
9-30	1725-1729	löſt	
9-31	1729-1730	.	

#Text=Prüfung:
#Text=Es iſt nur auf einen Eiſengehalt zu prüfen.
#Text=1 g des
#Text=Salzes im 10fachen Gewicht Waſſer gelöſt, dürfen auf Zuſatz eines Tropfens
#Text=Gerbſäurelöſung keine oder eine nur ſchwach bläuliche Färbung geben.
10-1	1733-1740	Prüfung	
10-2	1740-1741	:	
10-3	1742-1744	Es	
10-4	1745-1748	iſt	
10-5	1749-1752	nur	
10-6	1753-1756	auf	
10-7	1757-1762	einen	
10-8	1763-1774	Eiſengehalt	
10-9	1775-1777	zu	
10-10	1778-1784	prüfen	
10-11	1784-1785	.	
10-12	1786-1787	1	
10-13	1788-1789	g	
10-14	1790-1793	des	
10-15	1794-1800	Salzes	
10-16	1801-1803	im	
10-17	1804-1812	10fachen	
10-18	1813-1820	Gewicht	
10-19	1821-1827	Waſſer	
10-20	1828-1834	gelöſt	
10-21	1834-1835	,	
10-22	1836-1842	dürfen	
10-23	1843-1846	auf	
10-24	1847-1853	Zuſatz	
10-25	1854-1859	eines	
10-26	1860-1868	Tropfens	
10-27	1869-1884	Gerbſäurelöſung	
10-28	1885-1890	keine	
10-29	1891-1895	oder	
10-30	1896-1900	eine	
10-31	1901-1904	nur	
10-32	1905-1912	ſchwach	
10-33	1913-1922	bläuliche	
10-34	1923-1930	Färbung	
10-35	1931-1936	geben	
10-36	1936-1937	.	

#Text=Tritt
#Text=
#Text=ſchwarzblaue Färbung auf, ſo iſt das Salz nicht verwendbar und zu be-
#Text=anſtanden.
11-1	1938-1943	Tritt	
11-2	1945-1957	ſchwarzblaue	
11-3	1958-1965	Färbung	
11-4	1966-1969	auf	
11-5	1969-1970	,	
11-6	1971-1973	ſo	
11-7	1974-1977	iſt	
11-8	1978-1981	das	
11-9	1982-1986	Salz	
11-10	1987-1992	nicht	
11-11	1993-2003	verwendbar	
11-12	2004-2007	und	
11-13	2008-2010	zu	
11-14	2011-2013	be	
11-15	2013-2014	-	
11-16	2015-2024	anſtanden	
11-17	2024-2025	.	
