#FORMAT=WebAnno TSV 3.3
#T_SP=custom.Span|label
#T_RL=custom.Relation|label|BT_custom.Span


#Text=9 Et in omni terra steti : et in omni populo, 10 et in omni gente primatum habui : 11 et omnium excellentium et humilium corda virtute calcavi.
1-1	2-3	9	_	_	_	
1-2	4-6	Et	_	_	_	
1-3	7-9	in	_	_	_	
1-4	10-14	omni	_	_	_	
1-5	15-20	terra	_	_	_	
1-6	21-26	steti	_	_	_	
1-7	27-28	:	_	_	_	
1-8	29-31	et	_	_	_	
1-9	32-34	in	_	_	_	
1-10	35-39	omni	_	_	_	
1-11	40-46	populo	_	_	_	
1-12	46-47	,	_	_	_	
1-13	48-50	10	_	_	_	
1-14	51-53	et	_	_	_	
1-15	54-56	in	_	_	_	
1-16	57-61	omni	_	_	_	
1-17	62-67	gente	_	_	_	
1-18	68-76	primatum	_	_	_	
1-19	77-82	habui	_	_	_	
1-20	83-84	:	_	_	_	
1-21	85-87	11	_	_	_	
1-22	88-90	et	_	_	_	
1-23	91-97	omnium	_	_	_	
1-24	98-110	excellentium	_	_	_	
1-25	111-113	et	_	_	_	
1-26	114-122	humilium	_	_	_	
1-27	123-128	corda	_	_	_	
1-28	129-136	virtute	_	_	_	
1-29	137-144	calcavi	_	_	_	
1-30	144-145	.	_	_	_	

#Text=Et in his omnibus requiem quæsivi, et in hæreditate Domini morabor.
#Text=12 Tunc præcepit, et dixit mihi Creator omnium : et qui creavit me, requievit in tabernaculo meo.
#Text=13 Et dixit mihi : In Jacob inhabita, et in Israël hæreditare, et in electis meis mitte radices.
#Text=14 Ab initio et ante sæcula creata sum, et usque ad futurum sæculum non desinam : et in habitatione sancta coram ipso ministravi.
#Text=15 Et sic in Sion firmata sum, et in civitate sanctificata similiter requievi, et in Jerusalem potestas mea.
#Text=16 Et radicavi in populo honorificato, et in parte Dei mei hæreditas illius, et in plenitudine sanctorum detentio mea.
#Text=17 Quasi cedrus exaltata sum in Libano, et quasi cypressus in monte Sion : 18 quasi palma exaltata sum in Cades, et quasi plantatio rosæ in Jericho : 19 quasi oliva speciosa in campis, et quasi platanus exaltata sum juxta aquam in plateis.
#Text=20 Sicut cinnamomum et balsamum aromatizans odorem dedi ; quasi myrrha electa dedi suavitatem odoris : 21 et quasi storax, et galbanus, et ungula, et gutta, et quasi Libanus non incisus vaporavi habitationem meam, et quasi balsamum non mistum odor meus.
#Text=22 Ego quasi terebinthus extendi ramos meos, et rami mei honoris et gratiæ.
#Text=23 Ego quasi vitis fructificavi suavitatem odoris : et flores mei fructus honoris et honestatis.
#Text=24 Ego mater pulchræ dilectionis, et timoris, et agnitionis, et sanctæ spei.
#Text=25 In me gratia omnis viæ et veritatis : in me omnis spes vitæ et virtutis.
#Text=26 Transite ad me, omnes qui concupiscitis me, et a generationibus meis implemini : 27 spiritus enim meus super mel dulcis, et hæreditas mea super mel et favum.
#Text=28 Memoria mea in generationes sæculorum.
#Text=29 Qui edunt me, adhuc esurient, et qui bibunt me, adhuc sitient.
#Text=30 Qui audit me non confundetur, et qui operantur in me non peccabunt : 31 qui elucidant me, vitam æternam habebunt.
#Text=32 Hæc omnia liber vitæ, et testamentum Altissimi, et agnitio veritatis.
#Text=33 Legem mandavit Moyses in præceptis justitiarum, et hæreditatem domui Jacob, et Israël promissiones.
#Text=34 Posuit David, puero suo, excitare regem ex ipso fortissimum, et in throno honoris sedentem in sempiternum.
2-1	146-148	Et	_	_	_	
2-2	149-151	in	_	_	_	
2-3	152-155	his	_	_	_	
2-4	156-163	omnibus	_	_	_	
2-5	164-171	requiem	_	_	_	
2-6	172-179	quæsivi	_	_	_	
2-7	179-180	,	_	_	_	
2-8	181-183	et	_	_	_	
2-9	184-186	in	_	_	_	
2-10	187-197	hæreditate	_	_	_	
2-11	198-204	Domini	_	_	_	
2-12	205-212	morabor	_	_	_	
2-13	212-213	.	_	_	_	
2-14	214-216	12	_	_	_	
2-15	217-221	Tunc	_	_	_	
2-16	222-230	præcepit	_	_	_	
2-17	230-231	,	_	_	_	
2-18	232-234	et	_	_	_	
2-19	235-240	dixit	_	_	_	
2-20	241-245	mihi	_	_	_	
2-21	246-253	Creator	_	_	_	
2-22	254-260	omnium	_	_	_	
2-23	261-262	:	_	_	_	
2-24	263-265	et	_	_	_	
2-25	266-269	qui	_	_	_	
2-26	270-277	creavit	_	_	_	
2-27	278-280	me	_	_	_	
2-28	280-281	,	_	_	_	
2-29	282-291	requievit	_	_	_	
2-30	292-294	in	_	_	_	
2-31	295-306	tabernaculo	_	_	_	
2-32	307-310	meo	_	_	_	
2-33	310-311	.	_	_	_	
2-34	312-314	13	_	_	_	
2-35	315-317	Et	_	_	_	
2-36	318-323	dixit	_	_	_	
2-37	324-328	mihi	_	_	_	
2-38	329-330	:	_	_	_	
2-39	331-333	In	_	_	_	
2-40	334-339	Jacob	_	_	_	
2-41	340-348	inhabita	_	_	_	
2-42	348-349	,	_	_	_	
2-43	350-352	et	_	_	_	
2-44	353-355	in	_	_	_	
2-45	356-362	Israël	_	_	_	
2-46	363-373	hæreditare	_	_	_	
2-47	373-374	,	_	_	_	
2-48	375-377	et	_	_	_	
2-49	378-380	in	_	_	_	
2-50	381-388	electis	_	_	_	
2-51	389-393	meis	_	_	_	
2-52	394-399	mitte	_	_	_	
2-53	400-407	radices	_	_	_	
2-54	407-408	.	_	_	_	
2-55	409-411	14	_	_	_	
2-56	412-414	Ab	_	_	_	
2-57	415-421	initio	_	_	_	
2-58	422-424	et	_	_	_	
2-59	425-429	ante	_	_	_	
2-60	430-436	sæcula	_	_	_	
2-61	437-443	creata	_	_	_	
2-62	444-447	sum	_	_	_	
2-63	447-448	,	_	_	_	
2-64	449-451	et	_	_	_	
2-65	452-457	usque	_	_	_	
2-66	458-460	ad	_	_	_	
2-67	461-468	futurum	_	_	_	
2-68	469-476	sæculum	_	_	_	
2-69	477-480	non	_	_	_	
2-70	481-488	desinam	_	_	_	
2-71	489-490	:	_	_	_	
2-72	491-493	et	_	_	_	
2-73	494-496	in	_	_	_	
2-74	497-508	habitatione	_	_	_	
2-75	509-515	sancta	_	_	_	
2-76	516-521	coram	_	_	_	
2-77	522-526	ipso	_	_	_	
2-78	527-537	ministravi	_	_	_	
2-79	537-538	.	_	_	_	
2-80	539-541	15	_	_	_	
2-81	542-544	Et	_	_	_	
2-82	545-548	sic	_	_	_	
2-83	549-551	in	_	_	_	
2-84	552-556	Sion	_	_	_	
2-85	557-564	firmata	_	_	_	
2-86	565-568	sum	_	_	_	
2-87	568-569	,	_	_	_	
2-88	570-572	et	_	_	_	
2-89	573-575	in	_	_	_	
2-90	576-584	civitate	_	_	_	
2-91	585-597	sanctificata	_	_	_	
2-92	598-607	similiter	_	_	_	
2-93	608-616	requievi	_	_	_	
2-94	616-617	,	_	_	_	
2-95	618-620	et	_	_	_	
2-96	621-623	in	_	_	_	
2-97	624-633	Jerusalem	_	_	_	
2-98	634-642	potestas	_	_	_	
2-99	643-646	mea	_	_	_	
2-100	646-647	.	_	_	_	
2-101	648-650	16	_	_	_	
2-102	651-653	Et	_	_	_	
2-103	654-662	radicavi	_	_	_	
2-104	663-665	in	_	_	_	
2-105	666-672	populo	_	_	_	
2-106	673-685	honorificato	_	_	_	
2-107	685-686	,	_	_	_	
2-108	687-689	et	_	_	_	
2-109	690-692	in	_	_	_	
2-110	693-698	parte	_	_	_	
2-111	699-702	Dei	_	_	_	
2-112	703-706	mei	_	_	_	
2-113	707-716	hæreditas	_	_	_	
2-114	717-723	illius	_	_	_	
2-115	723-724	,	_	_	_	
2-116	725-727	et	_	_	_	
2-117	728-730	in	_	_	_	
2-118	731-742	plenitudine	_	_	_	
2-119	743-752	sanctorum	_	_	_	
2-120	753-761	detentio	_	_	_	
2-121	762-765	mea	_	_	_	
2-122	765-766	.	_	_	_	
2-123	767-769	17	_	_	_	
2-124	770-775	Quasi	_	_	_	
2-125	776-782	cedrus	_	_	_	
2-126	783-791	exaltata	_	_	_	
2-127	792-795	sum	_	_	_	
2-128	796-798	in	_	_	_	
2-129	799-805	Libano	_	_	_	
2-130	805-806	,	_	_	_	
2-131	807-809	et	_	_	_	
2-132	810-815	quasi	_	_	_	
2-133	816-825	cypressus	_	_	_	
2-134	826-828	in	_	_	_	
2-135	829-834	monte	_	_	_	
2-136	835-839	Sion	_	_	_	
2-137	840-841	:	_	_	_	
2-138	842-844	18	_	_	_	
2-139	845-850	quasi	_	_	_	
2-140	851-856	palma	_	_	_	
2-141	857-865	exaltata	_	_	_	
2-142	866-869	sum	_	_	_	
2-143	870-872	in	_	_	_	
2-144	873-878	Cades	_	_	_	
2-145	878-879	,	_	_	_	
2-146	880-882	et	_	_	_	
2-147	883-888	quasi	_	_	_	
2-148	889-898	plantatio	_	_	_	
2-149	899-903	rosæ	_	_	_	
2-150	904-906	in	_	_	_	
2-151	907-914	Jericho	_	_	_	
2-152	915-916	:	_	_	_	
2-153	917-919	19	_	_	_	
2-154	920-925	quasi	_	_	_	
2-155	926-931	oliva	_	_	_	
2-156	932-940	speciosa	_	_	_	
2-157	941-943	in	_	_	_	
2-158	944-950	campis	_	_	_	
2-159	950-951	,	_	_	_	
2-160	952-954	et	_	_	_	
2-161	955-960	quasi	_	_	_	
2-162	961-969	platanus	_	_	_	
2-163	970-978	exaltata	_	_	_	
2-164	979-982	sum	_	_	_	
2-165	983-988	juxta	_	_	_	
2-166	989-994	aquam	_	_	_	
2-167	995-997	in	_	_	_	
2-168	998-1005	plateis	_	_	_	
2-169	1005-1006	.	_	_	_	
2-170	1007-1009	20	_	_	_	
2-171	1010-1015	Sicut	Evoked\_Odorant[1]	_	_	
2-172	1016-1026	cinnamomum	Evoked\_Odorant[1]	_	_	
2-173	1027-1029	et	Evoked\_Odorant[1]	_	_	
2-174	1030-1038	balsamum	Evoked\_Odorant[1]	_	_	
2-175	1039-1050	aromatizans	Evoked\_Odorant[1]	_	_	
2-176	1051-1057	odorem	Smell\_Word	*	2-171[1_0]	
2-177	1058-1062	dedi	_	_	_	
2-178	1063-1064	;	_	_	_	
2-179	1065-1070	quasi	Evoked\_Odorant[2]	_	_	
2-180	1071-1077	myrrha	Evoked\_Odorant[2]	_	_	
2-181	1078-1084	electa	Evoked\_Odorant[2]	_	_	
2-182	1085-1089	dedi	_	_	_	
2-183	1090-1100	suavitatem	Quality	_	_	
2-184	1101-1107	odoris	Smell\_Word	*|*	2-183|2-179[2_0]	
2-185	1108-1109	:	_	_	_	
2-186	1110-1112	21	_	_	_	
2-187	1113-1115	et	_	_	_	
2-188	1116-1121	quasi	_	_	_	
2-189	1122-1128	storax	_	_	_	
2-190	1128-1129	,	_	_	_	
2-191	1130-1132	et	_	_	_	
2-192	1133-1141	galbanus	_	_	_	
2-193	1141-1142	,	_	_	_	
2-194	1143-1145	et	_	_	_	
2-195	1146-1152	ungula	_	_	_	
2-196	1152-1153	,	_	_	_	
2-197	1154-1156	et	_	_	_	
2-198	1157-1162	gutta	_	_	_	
2-199	1162-1163	,	_	_	_	
2-200	1164-1166	et	_	_	_	
2-201	1167-1172	quasi	_	_	_	
2-202	1173-1180	Libanus	_	_	_	
2-203	1181-1184	non	_	_	_	
2-204	1185-1192	incisus	_	_	_	
2-205	1193-1201	vaporavi	_	_	_	
2-206	1202-1214	habitationem	_	_	_	
2-207	1215-1219	meam	_	_	_	
2-208	1219-1220	,	_	_	_	
2-209	1221-1223	et	_	_	_	
2-210	1224-1229	quasi	Evoked\_Odorant[3]	_	_	
2-211	1230-1238	balsamum	Evoked\_Odorant[3]	_	_	
2-212	1239-1242	non	Evoked\_Odorant[3]	_	_	
2-213	1243-1249	mistum	Evoked\_Odorant[3]	_	_	
2-214	1250-1254	odor	Smell\_Word	*|*	2-215|2-210[3_0]	
2-215	1255-1259	meus	Smell\_Source	_	_	
2-216	1259-1260	.	_	_	_	
2-217	1261-1263	22	_	_	_	
2-218	1264-1267	Ego	_	_	_	
2-219	1268-1273	quasi	_	_	_	
2-220	1274-1285	terebinthus	_	_	_	
2-221	1286-1293	extendi	_	_	_	
2-222	1294-1299	ramos	_	_	_	
2-223	1300-1304	meos	_	_	_	
2-224	1304-1305	,	_	_	_	
2-225	1306-1308	et	_	_	_	
2-226	1309-1313	rami	_	_	_	
2-227	1314-1317	mei	_	_	_	
2-228	1318-1325	honoris	_	_	_	
2-229	1326-1328	et	_	_	_	
2-230	1329-1335	gratiæ	_	_	_	
2-231	1335-1336	.	_	_	_	
2-232	1337-1339	23	_	_	_	
2-233	1340-1343	Ego	Smell\_Source	_	_	
2-234	1344-1349	quasi	Evoked\_Odorant[4]	_	_	
2-235	1350-1355	vitis	Evoked\_Odorant[4]	_	_	
2-236	1356-1368	fructificavi	_	_	_	
2-237	1369-1379	suavitatem	Quality	_	_	
2-238	1380-1386	odoris	Smell\_Word	*|*|*	2-237|2-234[4_0]|2-233	
2-239	1387-1388	:	_	_	_	
2-240	1389-1391	et	_	_	_	
2-241	1392-1398	flores	_	_	_	
2-242	1399-1402	mei	_	_	_	
2-243	1403-1410	fructus	_	_	_	
2-244	1411-1418	honoris	_	_	_	
2-245	1419-1421	et	_	_	_	
2-246	1422-1432	honestatis	_	_	_	
2-247	1432-1433	.	_	_	_	
2-248	1434-1436	24	_	_	_	
2-249	1437-1440	Ego	_	_	_	
2-250	1441-1446	mater	_	_	_	
2-251	1447-1454	pulchræ	_	_	_	
2-252	1455-1466	dilectionis	_	_	_	
2-253	1466-1467	,	_	_	_	
2-254	1468-1470	et	_	_	_	
2-255	1471-1478	timoris	_	_	_	
2-256	1478-1479	,	_	_	_	
2-257	1480-1482	et	_	_	_	
2-258	1483-1493	agnitionis	_	_	_	
2-259	1493-1494	,	_	_	_	
2-260	1495-1497	et	_	_	_	
2-261	1498-1504	sanctæ	_	_	_	
2-262	1505-1509	spei	_	_	_	
2-263	1509-1510	.	_	_	_	
2-264	1511-1513	25	_	_	_	
2-265	1514-1516	In	_	_	_	
2-266	1517-1519	me	_	_	_	
2-267	1520-1526	gratia	_	_	_	
2-268	1527-1532	omnis	_	_	_	
2-269	1533-1536	viæ	_	_	_	
2-270	1537-1539	et	_	_	_	
2-271	1540-1549	veritatis	_	_	_	
2-272	1550-1551	:	_	_	_	
2-273	1552-1554	in	_	_	_	
2-274	1555-1557	me	_	_	_	
2-275	1558-1563	omnis	_	_	_	
2-276	1564-1568	spes	_	_	_	
2-277	1569-1573	vitæ	_	_	_	
2-278	1574-1576	et	_	_	_	
2-279	1577-1585	virtutis	_	_	_	
2-280	1585-1586	.	_	_	_	
2-281	1587-1589	26	_	_	_	
2-282	1590-1598	Transite	_	_	_	
2-283	1599-1601	ad	_	_	_	
2-284	1602-1604	me	_	_	_	
2-285	1604-1605	,	_	_	_	
2-286	1606-1611	omnes	_	_	_	
2-287	1612-1615	qui	_	_	_	
2-288	1616-1629	concupiscitis	_	_	_	
2-289	1630-1632	me	_	_	_	
2-290	1632-1633	,	_	_	_	
2-291	1634-1636	et	_	_	_	
2-292	1637-1638	a	_	_	_	
2-293	1639-1653	generationibus	_	_	_	
2-294	1654-1658	meis	_	_	_	
2-295	1659-1668	implemini	_	_	_	
2-296	1669-1670	:	_	_	_	
2-297	1671-1673	27	_	_	_	
2-298	1674-1682	spiritus	_	_	_	
2-299	1683-1687	enim	_	_	_	
2-300	1688-1692	meus	_	_	_	
2-301	1693-1698	super	_	_	_	
2-302	1699-1702	mel	_	_	_	
2-303	1703-1709	dulcis	_	_	_	
2-304	1709-1710	,	_	_	_	
2-305	1711-1713	et	_	_	_	
2-306	1714-1723	hæreditas	_	_	_	
2-307	1724-1727	mea	_	_	_	
2-308	1728-1733	super	_	_	_	
2-309	1734-1737	mel	_	_	_	
2-310	1738-1740	et	_	_	_	
2-311	1741-1746	favum	_	_	_	
2-312	1746-1747	.	_	_	_	
2-313	1748-1750	28	_	_	_	
2-314	1751-1758	Memoria	_	_	_	
2-315	1759-1762	mea	_	_	_	
2-316	1763-1765	in	_	_	_	
2-317	1766-1778	generationes	_	_	_	
2-318	1779-1788	sæculorum	_	_	_	
2-319	1788-1789	.	_	_	_	
2-320	1790-1792	29	_	_	_	
2-321	1793-1796	Qui	_	_	_	
2-322	1797-1802	edunt	_	_	_	
2-323	1803-1805	me	_	_	_	
2-324	1805-1806	,	_	_	_	
2-325	1807-1812	adhuc	_	_	_	
2-326	1813-1821	esurient	_	_	_	
2-327	1821-1822	,	_	_	_	
2-328	1823-1825	et	_	_	_	
2-329	1826-1829	qui	_	_	_	
2-330	1830-1836	bibunt	_	_	_	
2-331	1837-1839	me	_	_	_	
2-332	1839-1840	,	_	_	_	
2-333	1841-1846	adhuc	_	_	_	
2-334	1847-1854	sitient	_	_	_	
2-335	1854-1855	.	_	_	_	
2-336	1856-1858	30	_	_	_	
2-337	1859-1862	Qui	_	_	_	
2-338	1863-1868	audit	_	_	_	
2-339	1869-1871	me	_	_	_	
2-340	1872-1875	non	_	_	_	
2-341	1876-1887	confundetur	_	_	_	
2-342	1887-1888	,	_	_	_	
2-343	1889-1891	et	_	_	_	
2-344	1892-1895	qui	_	_	_	
2-345	1896-1905	operantur	_	_	_	
2-346	1906-1908	in	_	_	_	
2-347	1909-1911	me	_	_	_	
2-348	1912-1915	non	_	_	_	
2-349	1916-1925	peccabunt	_	_	_	
2-350	1926-1927	:	_	_	_	
2-351	1928-1930	31	_	_	_	
2-352	1931-1934	qui	_	_	_	
2-353	1935-1944	elucidant	_	_	_	
2-354	1945-1947	me	_	_	_	
2-355	1947-1948	,	_	_	_	
2-356	1949-1954	vitam	_	_	_	
2-357	1955-1962	æternam	_	_	_	
2-358	1963-1971	habebunt	_	_	_	
2-359	1971-1972	.	_	_	_	
2-360	1973-1975	32	_	_	_	
2-361	1976-1979	Hæc	_	_	_	
2-362	1980-1985	omnia	_	_	_	
2-363	1986-1991	liber	_	_	_	
2-364	1992-1996	vitæ	_	_	_	
2-365	1996-1997	,	_	_	_	
2-366	1998-2000	et	_	_	_	
2-367	2001-2012	testamentum	_	_	_	
2-368	2013-2022	Altissimi	_	_	_	
2-369	2022-2023	,	_	_	_	
2-370	2024-2026	et	_	_	_	
2-371	2027-2034	agnitio	_	_	_	
2-372	2035-2044	veritatis	_	_	_	
2-373	2044-2045	.	_	_	_	
2-374	2046-2048	33	_	_	_	
2-375	2049-2054	Legem	_	_	_	
2-376	2055-2063	mandavit	_	_	_	
2-377	2064-2070	Moyses	_	_	_	
2-378	2071-2073	in	_	_	_	
2-379	2074-2083	præceptis	_	_	_	
2-380	2084-2095	justitiarum	_	_	_	
2-381	2095-2096	,	_	_	_	
2-382	2097-2099	et	_	_	_	
2-383	2100-2111	hæreditatem	_	_	_	
2-384	2112-2117	domui	_	_	_	
2-385	2118-2123	Jacob	_	_	_	
2-386	2123-2124	,	_	_	_	
2-387	2125-2127	et	_	_	_	
2-388	2128-2134	Israël	_	_	_	
2-389	2135-2147	promissiones	_	_	_	
2-390	2147-2148	.	_	_	_	
2-391	2149-2151	34	_	_	_	
2-392	2152-2158	Posuit	_	_	_	
2-393	2159-2164	David	_	_	_	
2-394	2164-2165	,	_	_	_	
2-395	2166-2171	puero	_	_	_	
2-396	2172-2175	suo	_	_	_	
2-397	2175-2176	,	_	_	_	
2-398	2177-2185	excitare	_	_	_	
2-399	2186-2191	regem	_	_	_	
2-400	2192-2194	ex	_	_	_	
2-401	2195-2199	ipso	_	_	_	
2-402	2200-2211	fortissimum	_	_	_	
2-403	2211-2212	,	_	_	_	
2-404	2213-2215	et	_	_	_	
2-405	2216-2218	in	_	_	_	
2-406	2219-2225	throno	_	_	_	
2-407	2226-2233	honoris	_	_	_	
2-408	2234-2242	sedentem	_	_	_	
2-409	2243-2245	in	_	_	_	
2-410	2246-2257	sempiternum	_	_	_	
2-411	2257-2258	.	_	_	_	
