#FORMAT=WebAnno TSV 3.3
#T_SP=custom.Span|label
#T_RL=custom.Relation|label|BT_custom.Span


#Text=Das drey und zwantzigſte Capitel.
1-1	2-5	Das	_	_	_	
1-2	6-10	drey	_	_	_	
1-3	11-14	und	_	_	_	
1-4	15-26	zwantzigſte	_	_	_	
1-5	27-34	Capitel	_	_	_	
1-6	34-35	.	_	_	_	

#Text=Vom groſſen Baldrian.
2-1	38-41	Vom	_	_	_	
2-2	42-49	groſſen	_	_	_	
2-3	50-58	Baldrian	_	_	_	
2-4	58-59	.	_	_	_	

#Text=VAleriana major, der groſſe Baldri-
#Text=an/
#Text=von Johann Bauhin Valeri-
#Text=
#Text=ana major radice odorata, mit der ſtarck-
#Text=riechenden Wurtzel, genennet, iſt ein
#Text=Kraut, deſſen Wurtzeln Daumens dicke,
#Text=auſſenher braun und knorricht ſind, als
#Text=ob ſie aus lauter Ringen beſtuͤnden;
#Text=an
#Text=den Seiten ſind ſie mit Zaſern beſetzt, und
#Text=haben einen ſtarcken aromatiſchen gantz
#Text=unangenehmen Geruch.
3-1	63-72	VAleriana	Smell\_Source[1]	*|*|*	3-5[2_1]|3-13[3_1]|3-25[0_1]	
3-2	73-78	major	Smell\_Source[1]	_	_	
3-3	78-79	,	_	_	_	
3-4	80-83	der	_	_	_	
3-5	84-90	groſſe	Smell\_Source[2]	_	_	
3-6	91-97	Baldri	Smell\_Source[2]	_	_	
3-7	97-98	-	Smell\_Source[2]	_	_	
3-8	99-101	an	Smell\_Source[2]	_	_	
3-9	101-102	/	_	_	_	
3-10	103-106	von	_	_	_	
3-11	107-113	Johann	_	_	_	
3-12	114-120	Bauhin	_	_	_	
3-13	121-127	Valeri	Smell\_Source[3]	_	_	
3-14	127-128	-	Smell\_Source[3]	_	_	
3-15	130-133	ana	Smell\_Source[3]	_	_	
3-16	134-139	major	Smell\_Source[3]	_	_	
3-17	140-146	radice	Smell\_Source[3]	_	_	
3-18	147-154	odorata	Smell\_Source[3]	_	_	
3-19	154-155	,	_	_	_	
3-20	156-159	mit	_	_	_	
3-21	160-163	der	_	_	_	
3-22	164-170	ſtarck	Quality	_	_	
3-23	170-171	-	_	_	_	
3-24	172-182	riechenden	Smell\_Word	*	3-22	
3-25	183-190	Wurtzel	Smell\_Source	*	3-24	
3-26	190-191	,	_	_	_	
3-27	192-200	genennet	_	_	_	
3-28	200-201	,	_	_	_	
3-29	202-205	iſt	_	_	_	
3-30	206-209	ein	_	_	_	
3-31	210-215	Kraut	_	_	_	
3-32	215-216	,	_	_	_	
3-33	217-223	deſſen	_	_	_	
3-34	224-232	Wurtzeln	Smell\_Source	*	3-68	
3-35	233-240	Daumens	_	_	_	
3-36	241-246	dicke	_	_	_	
3-37	246-247	,	_	_	_	
3-38	248-257	auſſenher	_	_	_	
3-39	258-263	braun	_	_	_	
3-40	264-267	und	_	_	_	
3-41	268-277	knorricht	_	_	_	
3-42	278-282	ſind	_	_	_	
3-43	282-283	,	_	_	_	
3-44	284-287	als	_	_	_	
3-45	288-290	ob	_	_	_	
3-46	291-294	ſie	_	_	_	
3-47	295-298	aus	_	_	_	
3-48	299-305	lauter	_	_	_	
3-49	306-312	Ringen	_	_	_	
3-50	313-323	beſtuͤnden	_	_	_	
3-51	323-324	;	_	_	_	
3-52	325-327	an	_	_	_	
3-53	328-331	den	_	_	_	
3-54	332-338	Seiten	_	_	_	
3-55	339-343	ſind	_	_	_	
3-56	344-347	ſie	_	_	_	
3-57	348-351	mit	_	_	_	
3-58	352-358	Zaſern	_	_	_	
3-59	359-366	beſetzt	_	_	_	
3-60	366-367	,	_	_	_	
3-61	368-371	und	_	_	_	
3-62	372-377	haben	_	_	_	
3-63	378-383	einen	_	_	_	
3-64	384-392	ſtarcken	Quality	_	_	
3-65	393-405	aromatiſchen	Quality	_	_	
3-66	406-411	gantz	Quality[4]	_	_	
3-67	412-424	unangenehmen	Quality[4]	_	_	
3-68	425-431	Geruch	Smell\_Word	*|*|*	3-64|3-65|3-66[4_0]	
3-69	431-432	.	_	_	_	

#Text=Er ſchießt drey
#Text=Fuß hoch gerade in die Hoͤhe, iſt hol und
#Text=hat bey iedem Knoten zwey Blaͤtter ge-
#Text=
#Text=gen einander uͤber ſtehend.
4-1	433-435	Er	_	_	_	
4-2	436-443	ſchießt	_	_	_	
4-3	444-448	drey	_	_	_	
4-4	449-452	Fuß	_	_	_	
4-5	453-457	hoch	_	_	_	
4-6	458-464	gerade	_	_	_	
4-7	465-467	in	_	_	_	
4-8	468-471	die	_	_	_	
4-9	472-477	Hoͤhe	_	_	_	
4-10	477-478	,	_	_	_	
4-11	479-482	iſt	_	_	_	
4-12	483-486	hol	_	_	_	
4-13	487-490	und	_	_	_	
4-14	491-494	hat	_	_	_	
4-15	495-498	bey	_	_	_	
4-16	499-504	iedem	_	_	_	
4-17	505-511	Knoten	_	_	_	
4-18	512-516	zwey	_	_	_	
4-19	517-525	Blaͤtter	_	_	_	
4-20	526-528	ge	_	_	_	
4-21	528-529	-	_	_	_	
4-22	531-534	gen	_	_	_	
4-23	535-543	einander	_	_	_	
4-24	544-549	uͤber	_	_	_	
4-25	550-557	ſtehend	_	_	_	
4-26	557-558	.	_	_	_	

#Text=Die erſten
#Text=Blaͤtter ſind gantz, die andern aber an
#Text=beyden Seiten gar ſehr zerkerbet, oft-
#Text=mahls bis an den Strunck.
5-1	559-562	Die	_	_	_	
5-2	563-569	erſten	_	_	_	
5-3	570-578	Blaͤtter	_	_	_	
5-4	579-583	ſind	_	_	_	
5-5	584-589	gantz	_	_	_	
5-6	589-590	,	_	_	_	
5-7	591-594	die	_	_	_	
5-8	595-601	andern	_	_	_	
5-9	602-606	aber	_	_	_	
5-10	607-609	an	_	_	_	
5-11	610-616	beyden	_	_	_	
5-12	617-623	Seiten	_	_	_	
5-13	624-627	gar	_	_	_	
5-14	628-632	ſehr	_	_	_	
5-15	633-642	zerkerbet	_	_	_	
5-16	642-643	,	_	_	_	
5-17	644-647	oft	_	_	_	
5-18	647-648	-	_	_	_	
5-19	649-654	mahls	_	_	_	
5-20	655-658	bis	_	_	_	
5-21	659-661	an	_	_	_	
5-22	662-665	den	_	_	_	
5-23	666-673	Strunck	_	_	_	
5-24	673-674	.	_	_	_	

#Text=Die Blu-
#Text=men ſind weiß, riechen wie Jaſinin, und
#Text=wachſen in Buͤſchlein, oben auf den
#Text=Stengeln, ſehen wie kleine Roͤhrlein, die
#Text=zu oberſt in fuͤnff Theile zerſpalten, und
#Text=laſſen lange platte Samen hinter ſich,
#Text=welche oben einen rauchen weiſſen Bart
#Text=haben.
6-1	675-678	Die	_	_	_	
6-2	679-682	Blu	Smell\_Source[5]	*	6-8[0_5]	
6-3	682-683	-	Smell\_Source[5]	_	_	
6-4	684-687	men	Smell\_Source[5]	_	_	
6-5	688-692	ſind	_	_	_	
6-6	693-697	weiß	_	_	_	
6-7	697-698	,	_	_	_	
6-8	699-706	riechen	Smell\_Word	*	6-9[6_0]	
6-9	707-710	wie	Effect[6]	_	_	
6-10	711-718	Jaſinin	Effect[6]	_	_	
6-11	718-719	,	_	_	_	
6-12	720-723	und	_	_	_	
6-13	724-731	wachſen	_	_	_	
6-14	732-734	in	_	_	_	
6-15	735-745	Buͤſchlein	_	_	_	
6-16	745-746	,	_	_	_	
6-17	747-751	oben	_	_	_	
6-18	752-755	auf	_	_	_	
6-19	756-759	den	_	_	_	
6-20	760-768	Stengeln	_	_	_	
6-21	768-769	,	_	_	_	
6-22	770-775	ſehen	_	_	_	
6-23	776-779	wie	_	_	_	
6-24	780-786	kleine	_	_	_	
6-25	787-796	Roͤhrlein	_	_	_	
6-26	796-797	,	_	_	_	
6-27	798-801	die	_	_	_	
6-28	802-804	zu	_	_	_	
6-29	805-811	oberſt	_	_	_	
6-30	812-814	in	_	_	_	
6-31	815-821	fuͤnff	_	_	_	
6-32	822-828	Theile	_	_	_	
6-33	829-839	zerſpalten	_	_	_	
6-34	839-840	,	_	_	_	
6-35	841-844	und	_	_	_	
6-36	845-851	laſſen	_	_	_	
6-37	852-857	lange	_	_	_	
6-38	858-864	platte	_	_	_	
6-39	865-870	Samen	_	_	_	
6-40	871-877	hinter	_	_	_	
6-41	878-882	ſich	_	_	_	
6-42	882-883	,	_	_	_	
6-43	884-890	welche	_	_	_	
6-44	891-895	oben	_	_	_	
6-45	896-901	einen	_	_	_	
6-46	902-909	rauchen	_	_	_	
6-47	910-917	weiſſen	_	_	_	
6-48	918-922	Bart	_	_	_	
6-49	923-928	haben	_	_	_	
6-50	928-929	.	_	_	_	

#Text=Siehe Fig. 70.
7-1	932-937	Siehe	_	_	_	
7-2	938-941	Fig	_	_	_	
7-3	941-942	.	_	_	_	
7-4	943-945	70	_	_	_	
7-5	945-946	.	_	_	_	

#Text=Der kleinen Valeriana Wurtzeln
#Text=
#Text=ſind
#Text=
#Text=
#Text=
#Text=Siehe Fig.
#Text=71
8-1	949-952	Der	_	_	_	
8-2	953-960	kleinen	_	_	_	
8-3	961-970	Valeriana	_	_	_	
8-4	971-979	Wurtzeln	_	_	_	
8-5	981-985	ſind	_	_	_	
8-6	989-994	Siehe	_	_	_	
8-7	995-998	Fig	_	_	_	
8-8	998-999	.	_	_	_	
8-9	1000-1002	71	_	_	_	

#Text=.
9-1	1002-1003	.	_	_	_	

#Text=[
#Text=0097
#Text=]
#Text=
#Text=TAB.
10-1	1006-1007	[	_	_	_	
10-2	1008-1012	0097	_	_	_	
10-3	1013-1014	]	_	_	_	
10-4	1016-1019	TAB	_	_	_	
10-5	1019-1020	.	_	_	_	

#Text=XV.
11-1	1021-1023	XV	_	_	_	
11-2	1023-1024	.	_	_	_	
