#FORMAT=WebAnno TSV 3.3


#Text=6 Non est similis tui, Domine : magnus es tu, et magnum nomen tuum in fortitudine.
#Text=7 Quis non timebit te, o Rex gentium ?
1-1	2-3	6	
1-2	4-7	Non	
1-3	8-11	est	
1-4	12-19	similis	
1-5	20-23	tui	
1-6	23-24	,	
1-7	25-31	Domine	
1-8	32-33	:	
1-9	34-40	magnus	
1-10	41-43	es	
1-11	44-46	tu	
1-12	46-47	,	
1-13	48-50	et	
1-14	51-57	magnum	
1-15	58-63	nomen	
1-16	64-68	tuum	
1-17	69-71	in	
1-18	72-83	fortitudine	
1-19	83-84	.	
1-20	85-86	7	
1-21	87-91	Quis	
1-22	92-95	non	
1-23	96-103	timebit	
1-24	104-106	te	
1-25	106-107	,	
1-26	108-109	o	
1-27	110-113	Rex	
1-28	114-121	gentium	
1-29	122-123	?	

#Text=tuum est enim decus : inter cunctos sapientes gentium, et in universis regnis eorum, nullus est similis tui.
#Text=8 Pariter insipientes et fatui probabuntur : doctrina vanitatis eorum lignum est.
#Text=9 Argentum involutum de Tharsis affertur, et aurum de Ophaz : opus artificis et manus ærarii.
2-1	124-128	tuum	
2-2	129-132	est	
2-3	133-137	enim	
2-4	138-143	decus	
2-5	144-145	:	
2-6	146-151	inter	
2-7	152-159	cunctos	
2-8	160-169	sapientes	
2-9	170-177	gentium	
2-10	177-178	,	
2-11	179-181	et	
2-12	182-184	in	
2-13	185-194	universis	
2-14	195-201	regnis	
2-15	202-207	eorum	
2-16	207-208	,	
2-17	209-215	nullus	
2-18	216-219	est	
2-19	220-227	similis	
2-20	228-231	tui	
2-21	231-232	.	
2-22	233-234	8	
2-23	235-242	Pariter	
2-24	243-254	insipientes	
2-25	255-257	et	
2-26	258-263	fatui	
2-27	264-275	probabuntur	
2-28	276-277	:	
2-29	278-286	doctrina	
2-30	287-296	vanitatis	
2-31	297-302	eorum	
2-32	303-309	lignum	
2-33	310-313	est	
2-34	313-314	.	
2-35	315-316	9	
2-36	317-325	Argentum	
2-37	326-335	involutum	
2-38	336-338	de	
2-39	339-346	Tharsis	
2-40	347-355	affertur	
2-41	355-356	,	
2-42	357-359	et	
2-43	360-365	aurum	
2-44	366-368	de	
2-45	369-374	Ophaz	
2-46	375-376	:	
2-47	377-381	opus	
2-48	382-391	artificis	
2-49	392-394	et	
2-50	395-400	manus	
2-51	401-407	ærarii	
2-52	407-408	.	

#Text=Hyacinthus et purpura indumentum eorum : opus artificum universa hæc.
#Text=10 Dominus autem Deus verus est, ipse Deus vivens, et rex sempiternus.
3-1	409-419	Hyacinthus	
3-2	420-422	et	
3-3	423-430	purpura	
3-4	431-441	indumentum	
3-5	442-447	eorum	
3-6	448-449	:	
3-7	450-454	opus	
3-8	455-464	artificum	
3-9	465-473	universa	
3-10	474-477	hæc	
3-11	477-478	.	
3-12	479-481	10	
3-13	482-489	Dominus	
3-14	490-495	autem	
3-15	496-500	Deus	
3-16	501-506	verus	
3-17	507-510	est	
3-18	510-511	,	
3-19	512-516	ipse	
3-20	517-521	Deus	
3-21	522-528	vivens	
3-22	528-529	,	
3-23	530-532	et	
3-24	533-536	rex	
3-25	537-548	sempiternus	
3-26	548-549	.	

#Text=Ab indignatione ejus commovebitur terra, et non sustinebunt gentes comminationem ejus.
#Text=11 Sic ergo dicetis eis : Dii qui cælos et terram non fecerunt, pereant de terra et de his quæ sub cælo sunt !
4-1	550-552	Ab	
4-2	553-565	indignatione	
4-3	566-570	ejus	
4-4	571-583	commovebitur	
4-5	584-589	terra	
4-6	589-590	,	
4-7	591-593	et	
4-8	594-597	non	
4-9	598-609	sustinebunt	
4-10	610-616	gentes	
4-11	617-630	comminationem	
4-12	631-635	ejus	
4-13	635-636	.	
4-14	637-639	11	
4-15	640-643	Sic	
4-16	644-648	ergo	
4-17	649-656	dicetis	
4-18	657-660	eis	
4-19	661-662	:	
4-20	663-666	Dii	
4-21	667-670	qui	
4-22	671-676	cælos	
4-23	677-679	et	
4-24	680-686	terram	
4-25	687-690	non	
4-26	691-699	fecerunt	
4-27	699-700	,	
4-28	701-708	pereant	
4-29	709-711	de	
4-30	712-717	terra	
4-31	718-720	et	
4-32	721-723	de	
4-33	724-727	his	
4-34	728-731	quæ	
4-35	732-735	sub	
4-36	736-740	cælo	
4-37	741-745	sunt	
4-38	746-747	!	

#Text=12 Qui facit terram in fortitudine sua, præparat orbem in sapientia sua, et prudentia sua extendit cælos : 13 ad vocem suam dat multitudinem aquarum in cælo, et elevat nebulas ab extremitatibus terræ : fulgura in pluviam facit, et educit ventum de thesauris suis.
#Text=14 Stultus factus est omnis homo a scientia : confusus est artifex omnis in sculptili, quoniam falsum est quod conflavit, et non est spiritus in eis.
#Text=15 Vana sunt, et opus risu dignum : in tempore visitationis suæ peribunt.
#Text=16 Non est his similis pars Jacob : qui enim formavit omnia, ipse est, et Israël virga hæreditatis ejus : Dominus exercituum nomen illi.
#Text=17 Congrega de terra confusionem tuam, quæ habitas in obsidione : 18 quia hæc dicit Dominus : Ecce ego longe projiciam habitatores terræ in hac vice, et tribulabo eos ita ut inveniantur.
#Text=19 Væ mihi super contritione mea : pessima plaga mea.
5-1	748-750	12	
5-2	751-754	Qui	
5-3	755-760	facit	
5-4	761-767	terram	
5-5	768-770	in	
5-6	771-782	fortitudine	
5-7	783-786	sua	
5-8	786-787	,	
5-9	788-796	præparat	
5-10	797-802	orbem	
5-11	803-805	in	
5-12	806-815	sapientia	
5-13	816-819	sua	
5-14	819-820	,	
5-15	821-823	et	
5-16	824-833	prudentia	
5-17	834-837	sua	
5-18	838-846	extendit	
5-19	847-852	cælos	
5-20	853-854	:	
5-21	855-857	13	
5-22	858-860	ad	
5-23	861-866	vocem	
5-24	867-871	suam	
5-25	872-875	dat	
5-26	876-888	multitudinem	
5-27	889-896	aquarum	
5-28	897-899	in	
5-29	900-904	cælo	
5-30	904-905	,	
5-31	906-908	et	
5-32	909-915	elevat	
5-33	916-923	nebulas	
5-34	924-926	ab	
5-35	927-941	extremitatibus	
5-36	942-947	terræ	
5-37	948-949	:	
5-38	950-957	fulgura	
5-39	958-960	in	
5-40	961-968	pluviam	
5-41	969-974	facit	
5-42	974-975	,	
5-43	976-978	et	
5-44	979-985	educit	
5-45	986-992	ventum	
5-46	993-995	de	
5-47	996-1005	thesauris	
5-48	1006-1010	suis	
5-49	1010-1011	.	
5-50	1012-1014	14	
5-51	1015-1022	Stultus	
5-52	1023-1029	factus	
5-53	1030-1033	est	
5-54	1034-1039	omnis	
5-55	1040-1044	homo	
5-56	1045-1046	a	
5-57	1047-1055	scientia	
5-58	1056-1057	:	
5-59	1058-1066	confusus	
5-60	1067-1070	est	
5-61	1071-1078	artifex	
5-62	1079-1084	omnis	
5-63	1085-1087	in	
5-64	1088-1097	sculptili	
5-65	1097-1098	,	
5-66	1099-1106	quoniam	
5-67	1107-1113	falsum	
5-68	1114-1117	est	
5-69	1118-1122	quod	
5-70	1123-1132	conflavit	
5-71	1132-1133	,	
5-72	1134-1136	et	
5-73	1137-1140	non	
5-74	1141-1144	est	
5-75	1145-1153	spiritus	
5-76	1154-1156	in	
5-77	1157-1160	eis	
5-78	1160-1161	.	
5-79	1162-1164	15	
5-80	1165-1169	Vana	
5-81	1170-1174	sunt	
5-82	1174-1175	,	
5-83	1176-1178	et	
5-84	1179-1183	opus	
5-85	1184-1188	risu	
5-86	1189-1195	dignum	
5-87	1196-1197	:	
5-88	1198-1200	in	
5-89	1201-1208	tempore	
5-90	1209-1221	visitationis	
5-91	1222-1225	suæ	
5-92	1226-1234	peribunt	
5-93	1234-1235	.	
5-94	1236-1238	16	
5-95	1239-1242	Non	
5-96	1243-1246	est	
5-97	1247-1250	his	
5-98	1251-1258	similis	
5-99	1259-1263	pars	
5-100	1264-1269	Jacob	
5-101	1270-1271	:	
5-102	1272-1275	qui	
5-103	1276-1280	enim	
5-104	1281-1289	formavit	
5-105	1290-1295	omnia	
5-106	1295-1296	,	
5-107	1297-1301	ipse	
5-108	1302-1305	est	
5-109	1305-1306	,	
5-110	1307-1309	et	
5-111	1310-1316	Israël	
5-112	1317-1322	virga	
5-113	1323-1334	hæreditatis	
5-114	1335-1339	ejus	
5-115	1340-1341	:	
5-116	1342-1349	Dominus	
5-117	1350-1360	exercituum	
5-118	1361-1366	nomen	
5-119	1367-1371	illi	
5-120	1371-1372	.	
5-121	1373-1375	17	
5-122	1376-1384	Congrega	
5-123	1385-1387	de	
5-124	1388-1393	terra	
5-125	1394-1405	confusionem	
5-126	1406-1410	tuam	
5-127	1410-1411	,	
5-128	1412-1415	quæ	
5-129	1416-1423	habitas	
5-130	1424-1426	in	
5-131	1427-1436	obsidione	
5-132	1437-1438	:	
5-133	1439-1441	18	
5-134	1442-1446	quia	
5-135	1447-1450	hæc	
5-136	1451-1456	dicit	
5-137	1457-1464	Dominus	
5-138	1465-1466	:	
5-139	1467-1471	Ecce	
5-140	1472-1475	ego	
5-141	1476-1481	longe	
5-142	1482-1491	projiciam	
5-143	1492-1503	habitatores	
5-144	1504-1509	terræ	
5-145	1510-1512	in	
5-146	1513-1516	hac	
5-147	1517-1521	vice	
5-148	1521-1522	,	
5-149	1523-1525	et	
5-150	1526-1535	tribulabo	
5-151	1536-1539	eos	
5-152	1540-1543	ita	
5-153	1544-1546	ut	
5-154	1547-1558	inveniantur	
5-155	1558-1559	.	
5-156	1560-1562	19	
5-157	1563-1565	Væ	
5-158	1566-1570	mihi	
5-159	1571-1576	super	
5-160	1577-1588	contritione	
5-161	1589-1592	mea	
5-162	1593-1594	:	
5-163	1595-1602	pessima	
5-164	1603-1608	plaga	
5-165	1609-1612	mea	
5-166	1612-1613	.	

#Text=Ego autem dixi : Plane hæc infirmitas mea est, et portabo illam.
#Text=20 Tabernaculum meum vastatum est ; omnes funiculi mei dirupti sunt : filii mei exierunt a me, et non subsistunt.
6-1	1614-1617	Ego	
6-2	1618-1623	autem	
6-3	1624-1628	dixi	
6-4	1629-1630	:	
6-5	1631-1636	Plane	
6-6	1637-1640	hæc	
6-7	1641-1651	infirmitas	
6-8	1652-1655	mea	
6-9	1656-1659	est	
6-10	1659-1660	,	
6-11	1661-1663	et	
6-12	1664-1671	portabo	
6-13	1672-1677	illam	
6-14	1677-1678	.	
6-15	1679-1681	20	
6-16	1682-1694	Tabernaculum	
6-17	1695-1699	meum	
6-18	1700-1708	vastatum	
6-19	1709-1712	est	
6-20	1713-1714	;	
6-21	1715-1720	omnes	
6-22	1721-1729	funiculi	
6-23	1730-1733	mei	
6-24	1734-1741	dirupti	
6-25	1742-1746	sunt	
6-26	1747-1748	:	
6-27	1749-1754	filii	
6-28	1755-1758	mei	
6-29	1759-1767	exierunt	
6-30	1768-1769	a	
6-31	1770-1772	me	
6-32	1772-1773	,	
6-33	1774-1776	et	
6-34	1777-1780	non	
6-35	1781-1791	subsistunt	
6-36	1791-1792	.	

#Text=Non est qui extendat ultra tentorium meum, et erigat pelles meas.
#Text=21 Quia stulte egerunt pastores, et Dominum non quæsierunt : propterea non intellexerunt, et omnis grex eorum dispersus est.
#Text=22 Vox auditionis ecce venit, et commotio magna de terra aquilonis : ut ponat civitates Juda solitudinem, et habitaculum draconum.
7-1	1793-1796	Non	
7-2	1797-1800	est	
7-3	1801-1804	qui	
7-4	1805-1813	extendat	
7-5	1814-1819	ultra	
7-6	1820-1829	tentorium	
7-7	1830-1834	meum	
7-8	1834-1835	,	
7-9	1836-1838	et	
7-10	1839-1845	erigat	
7-11	1846-1852	pelles	
7-12	1853-1857	meas	
7-13	1857-1858	.	
7-14	1859-1861	21	
7-15	1862-1866	Quia	
7-16	1867-1873	stulte	
7-17	1874-1881	egerunt	
7-18	1882-1890	pastores	
7-19	1890-1891	,	
7-20	1892-1894	et	
7-21	1895-1902	Dominum	
7-22	1903-1906	non	
7-23	1907-1917	quæsierunt	
7-24	1918-1919	:	
7-25	1920-1929	propterea	
7-26	1930-1933	non	
7-27	1934-1947	intellexerunt	
7-28	1947-1948	,	
7-29	1949-1951	et	
7-30	1952-1957	omnis	
7-31	1958-1962	grex	
7-32	1963-1968	eorum	
7-33	1969-1978	dispersus	
7-34	1979-1982	est	
7-35	1982-1983	.	
7-36	1984-1986	22	
7-37	1987-1990	Vox	
7-38	1991-2001	auditionis	
7-39	2002-2006	ecce	
7-40	2007-2012	venit	
7-41	2012-2013	,	
7-42	2014-2016	et	
7-43	2017-2025	commotio	
7-44	2026-2031	magna	
7-45	2032-2034	de	
7-46	2035-2040	terra	
7-47	2041-2050	aquilonis	
7-48	2051-2052	:	
7-49	2053-2055	ut	
7-50	2056-2061	ponat	
7-51	2062-2071	civitates	
7-52	2072-2076	Juda	
7-53	2077-2088	solitudinem	
7-54	2088-2089	,	
7-55	2090-2092	et	
7-56	2093-2104	habitaculum	
7-57	2105-2113	draconum	
7-58	2113-2114	.	
