#FORMAT=WebAnno TSV 3.3


#Text=of misschien
#Text=hebbenze hun riemen hoog en laag, door 't boort, in zee gestoken, om ruimte te
#Text=winnen, en vrye slag in 't water te bekomen; waar na deeze woorden van zekeren
#Text=vermaarden
#Text=Schryver schynen te hellen, Triremes habent duos ordines
#Text=remorum,
#Text=superiorem & inferiorem.
1-1	2-4	of	
1-2	5-14	misschien	
1-3	15-23	hebbenze	
1-4	24-27	hun	
1-5	28-34	riemen	
1-6	35-39	hoog	
1-7	40-42	en	
1-8	43-47	laag	
1-9	47-48	,	
1-10	49-53	door	
1-11	54-55	'	
1-12	55-56	t	
1-13	57-62	boort	
1-14	62-63	,	
1-15	64-66	in	
1-16	67-70	zee	
1-17	71-79	gestoken	
1-18	79-80	,	
1-19	81-83	om	
1-20	84-90	ruimte	
1-21	91-93	te	
1-22	94-100	winnen	
1-23	100-101	,	
1-24	102-104	en	
1-25	105-109	vrye	
1-26	110-114	slag	
1-27	115-117	in	
1-28	118-119	'	
1-29	119-120	t	
1-30	121-126	water	
1-31	127-129	te	
1-32	130-137	bekomen	
1-33	137-138	;	
1-34	139-143	waar	
1-35	144-146	na	
1-36	147-152	deeze	
1-37	153-160	woorden	
1-38	161-164	van	
1-39	165-172	zekeren	
1-40	173-183	vermaarden	
1-41	184-192	Schryver	
1-42	193-200	schynen	
1-43	201-203	te	
1-44	204-210	hellen	
1-45	210-211	,	
1-46	212-220	Triremes	
1-47	221-227	habent	
1-48	228-232	duos	
1-49	233-240	ordines	
1-50	241-248	remorum	
1-51	248-249	,	
1-52	250-260	superiorem	
1-53	261-262	&	
1-54	263-273	inferiorem	
1-55	273-274	.	

#Text=Op Duits:
#Text=De drie-riem Scheepen voeren twee reien riemen,
#Text=een onder en een bovenste.
2-1	275-277	Op	
2-2	278-283	Duits	
2-3	283-284	:	
2-4	285-287	De	
2-5	288-297	drie-riem	
2-6	298-306	Scheepen	
2-7	307-313	voeren	
2-8	314-318	twee	
2-9	319-324	reien	
2-10	325-331	riemen	
2-11	331-332	,	
2-12	333-336	een	
2-13	337-342	onder	
2-14	343-345	en	
2-15	346-349	een	
2-16	350-358	bovenste	
2-17	358-359	.	

#Text=De genen, welke dryven dat de roeijers boven elkander hebben gezeten, brengen
#Text=Aristophanes, een aanzienlyke Schryver, te bort;
#Text=welk zegt, in zeker verhaal, dat
#Text=de Thalamiten, ofte laag-roeijers, den Thraniten, ofte hoogroeijers, in de neus
#Text=veesten:
#Text='t geen, zeggen zy, niet kan geschiet zyn, of moeten nootwendig boven
#Text=elkander hebben gezeeten;
#Text=behalven dat dit op eenige andere wyze zoude konnen
#Text=geschiet zyn.
3-1	362-364	De	
3-2	365-370	genen	
3-3	370-371	,	
3-4	372-377	welke	
3-5	378-384	dryven	
3-6	385-388	dat	
3-7	389-391	de	
3-8	392-400	roeijers	
3-9	401-406	boven	
3-10	407-415	elkander	
3-11	416-422	hebben	
3-12	423-430	gezeten	
3-13	430-431	,	
3-14	432-439	brengen	
3-15	440-452	Aristophanes	
3-16	452-453	,	
3-17	454-457	een	
3-18	458-469	aanzienlyke	
3-19	470-478	Schryver	
3-20	478-479	,	
3-21	480-482	te	
3-22	483-487	bort	
3-23	487-488	;	
3-24	489-493	welk	
3-25	494-498	zegt	
3-26	498-499	,	
3-27	500-502	in	
3-28	503-508	zeker	
3-29	509-516	verhaal	
3-30	516-517	,	
3-31	518-521	dat	
3-32	522-524	de	
3-33	525-535	Thalamiten	
3-34	535-536	,	
3-35	537-541	ofte	
3-36	542-555	laag-roeijers	
3-37	555-556	,	
3-38	557-560	den	
3-39	561-570	Thraniten	
3-40	570-571	,	
3-41	572-576	ofte	
3-42	577-589	hoogroeijers	
3-43	589-590	,	
3-44	591-593	in	
3-45	594-596	de	
3-46	597-601	neus	
3-47	602-609	veesten	
3-48	609-610	:	
3-49	611-612	'	
3-50	612-613	t	
3-51	614-618	geen	
3-52	618-619	,	
3-53	620-626	zeggen	
3-54	627-629	zy	
3-55	629-630	,	
3-56	631-635	niet	
3-57	636-639	kan	
3-58	640-648	geschiet	
3-59	649-652	zyn	
3-60	652-653	,	
3-61	654-656	of	
3-62	657-663	moeten	
3-63	664-674	nootwendig	
3-64	675-680	boven	
3-65	681-689	elkander	
3-66	690-696	hebben	
3-67	697-705	gezeeten	
3-68	705-706	;	
3-69	707-715	behalven	
3-70	716-719	dat	
3-71	720-723	dit	
3-72	724-726	op	
3-73	727-733	eenige	
3-74	734-740	andere	
3-75	741-745	wyze	
3-76	746-751	zoude	
3-77	752-758	konnen	
3-78	759-767	geschiet	
3-79	768-771	zyn	
3-80	771-772	.	

#Text=Zoo blyft dan echter noch een zwarigheit, waar de Zygiten, die tusschen
#Text=de Thalamiten en Thraniten zaten, zijn gebleeven, welke dikmaal van drie of vier
#Text=reien zyn geweest, als de gene, welke heel om hoogh zaten, den genen die geheel
#Text=om laag zaten in de mont veesten.
4-1	773-776	Zoo	
4-2	777-782	blyft	
4-3	783-786	dan	
4-4	787-793	echter	
4-5	794-798	noch	
4-6	799-802	een	
4-7	803-813	zwarigheit	
4-8	813-814	,	
4-9	815-819	waar	
4-10	820-822	de	
4-11	823-830	Zygiten	
4-12	830-831	,	
4-13	832-835	die	
4-14	836-844	tusschen	
4-15	845-847	de	
4-16	848-858	Thalamiten	
4-17	859-861	en	
4-18	862-871	Thraniten	
4-19	872-877	zaten	
4-20	877-878	,	
4-21	879-883	zijn	
4-22	884-893	gebleeven	
4-23	893-894	,	
4-24	895-900	welke	
4-25	901-908	dikmaal	
4-26	909-912	van	
4-27	913-917	drie	
4-28	918-920	of	
4-29	921-925	vier	
4-30	926-931	reien	
4-31	932-935	zyn	
4-32	936-943	geweest	
4-33	943-944	,	
4-34	945-948	als	
4-35	949-951	de	
4-36	952-956	gene	
4-37	956-957	,	
4-38	958-963	welke	
4-39	964-968	heel	
4-40	969-971	om	
4-41	972-977	hoogh	
4-42	978-983	zaten	
4-43	983-984	,	
4-44	985-988	den	
4-45	989-994	genen	
4-46	995-998	die	
4-47	999-1005	geheel	
4-48	1006-1008	om	
4-49	1009-1013	laag	
4-50	1014-1019	zaten	
4-51	1020-1022	in	
4-52	1023-1025	de	
4-53	1026-1030	mont	
4-54	1031-1038	veesten	
4-55	1038-1039	.	

#Text=De zommige meinen, dat de middelste riemen de langste zyn geweest, waar toe
#Text=zy voor bewys
#Text=Aristoteles Lib.
#Text=4.
#Text=by brengen, waar hy zegt, dat, gelyk de middelste
#Text=vingers, dat ook zoo de middelste riemen
#Text=de langste zyn.
5-1	1042-1044	De	
5-2	1045-1052	zommige	
5-3	1053-1059	meinen	
5-4	1059-1060	,	
5-5	1061-1064	dat	
5-6	1065-1067	de	
5-7	1068-1077	middelste	
5-8	1078-1084	riemen	
5-9	1085-1087	de	
5-10	1088-1095	langste	
5-11	1096-1099	zyn	
5-12	1100-1107	geweest	
5-13	1107-1108	,	
5-14	1109-1113	waar	
5-15	1114-1117	toe	
5-16	1118-1120	zy	
5-17	1121-1125	voor	
5-18	1126-1131	bewys	
5-19	1132-1143	Aristoteles	
5-20	1144-1147	Lib	
5-21	1147-1148	.	
5-22	1149-1150	4	
5-23	1150-1151	.	
5-24	1152-1154	by	
5-25	1155-1162	brengen	
5-26	1162-1163	,	
5-27	1164-1168	waar	
5-28	1169-1171	hy	
5-29	1172-1176	zegt	
5-30	1176-1177	,	
5-31	1178-1181	dat	
5-32	1181-1182	,	
5-33	1183-1188	gelyk	
5-34	1189-1191	de	
5-35	1192-1201	middelste	
5-36	1202-1209	vingers	
5-37	1209-1210	,	
5-38	1211-1214	dat	
5-39	1215-1218	ook	
5-40	1219-1222	zoo	
5-41	1223-1225	de	
5-42	1226-1235	middelste	
5-43	1236-1242	riemen	
5-44	1243-1245	de	
5-45	1246-1253	langste	
5-46	1254-1257	zyn	
5-47	1257-1258	.	

#Text=Dat de riemen niet even
#Text=lang zyn geweest, schoon zy buiten boorts aldus scheenen te zyn, magh uit Galenus
#Text=Lib.
#Text=1. bespeurt werden:
#Text=Het is, mein ik, (zegt hy) gelyk als in de drie riem-rei
#Text=scheepen, de einden der riemen komen
6-1	1259-1262	Dat	
6-2	1263-1265	de	
6-3	1266-1272	riemen	
6-4	1273-1277	niet	
6-5	1278-1282	even	
6-6	1283-1287	lang	
6-7	1288-1291	zyn	
6-8	1292-1299	geweest	
6-9	1299-1300	,	
6-10	1301-1307	schoon	
6-11	1308-1310	zy	
6-12	1311-1317	buiten	
6-13	1318-1324	boorts	
6-14	1325-1330	aldus	
6-15	1331-1339	scheenen	
6-16	1340-1342	te	
6-17	1343-1346	zyn	
6-18	1346-1347	,	
6-19	1348-1352	magh	
6-20	1353-1356	uit	
6-21	1357-1364	Galenus	
6-22	1365-1368	Lib	
6-23	1368-1369	.	
6-24	1370-1371	1	
6-25	1371-1372	.	
6-26	1373-1381	bespeurt	
6-27	1382-1388	werden	
6-28	1388-1389	:	
6-29	1390-1393	Het	
6-30	1394-1396	is	
6-31	1396-1397	,	
6-32	1398-1402	mein	
6-33	1403-1405	ik	
6-34	1405-1406	,	
6-35	1407-1408	(	
6-36	1408-1412	zegt	
6-37	1413-1415	hy	
6-38	1415-1416	)	
6-39	1417-1422	gelyk	
6-40	1423-1426	als	
6-41	1427-1429	in	
6-42	1430-1432	de	
6-43	1433-1437	drie	
6-44	1438-1446	riem-rei	
6-45	1447-1455	scheepen	
6-46	1455-1456	,	
6-47	1457-1459	de	
6-48	1460-1466	einden	
6-49	1467-1470	der	
6-50	1471-1477	riemen	
6-51	1478-1483	komen	
