#FORMAT=WebAnno TSV 3.3


#Text="I han got no money, I tell ye," said Barton.
1-1	2-3	"	
1-2	3-4	I	
1-3	5-8	han	
1-4	9-12	got	
1-5	13-15	no	
1-6	16-21	money	
1-7	21-22	,	
1-8	23-24	I	
1-9	25-29	tell	
1-10	30-32	ye	
1-11	32-33	,	
1-12	33-34	"	
1-13	35-39	said	
1-14	40-46	Barton	
1-15	46-47	.	

#Text=Wilson looked disappointed.
2-1	48-54	Wilson	
2-2	55-61	looked	
2-3	62-74	disappointed	
2-4	74-75	.	

#Text=Barton tried not to be interested, but he could not help it in spite of his gruffness.
3-1	76-82	Barton	
3-2	83-88	tried	
3-3	89-92	not	
3-4	93-95	to	
3-5	96-98	be	
3-6	99-109	interested	
3-7	109-110	,	
3-8	111-114	but	
3-9	115-117	he	
3-10	118-123	could	
3-11	124-127	not	
3-12	128-132	help	
3-13	133-135	it	
3-14	136-138	in	
3-15	139-144	spite	
3-16	145-147	of	
3-17	148-151	his	
3-18	152-161	gruffness	
3-19	161-162	.	

#Text=He rose, and went to the cupboard (his wife ' s pride long ago).
4-1	163-165	He	
4-2	166-170	rose	
4-3	170-171	,	
4-4	172-175	and	
4-5	176-180	went	
4-6	181-183	to	
4-7	184-187	the	
4-8	188-196	cupboard	
4-9	197-198	(	
4-10	198-201	his	
4-11	202-206	wife	
4-12	207-208	'	
4-13	209-210	s	
4-14	211-216	pride	
4-15	217-221	long	
4-16	222-225	ago	
4-17	225-226	)	
4-18	226-227	.	

#Text=There lay the remains of his dinner, hastily put by ready for supper.
5-1	228-233	There	
5-2	234-237	lay	
5-3	238-241	the	
5-4	242-249	remains	
5-5	250-252	of	
5-6	253-256	his	
5-7	257-263	dinner	
5-8	263-264	,	
5-9	265-272	hastily	
5-10	273-276	put	
5-11	277-279	by	
5-12	280-285	ready	
5-13	286-289	for	
5-14	290-296	supper	
5-15	296-297	.	

#Text=Bread, and a slice of cold fat boiled bacon.
6-1	298-303	Bread	
6-2	303-304	,	
6-3	305-308	and	
6-4	309-310	a	
6-5	311-316	slice	
6-6	317-319	of	
6-7	320-324	cold	
6-8	325-328	fat	
6-9	329-335	boiled	
6-10	336-341	bacon	
6-11	341-342	.	

#Text=He wrapped them in his handkerchief, put them in the crown of his hat, and said—"Come, let ' s be going."
7-1	343-345	He	
7-2	346-353	wrapped	
7-3	354-358	them	
7-4	359-361	in	
7-5	362-365	his	
7-6	366-378	handkerchief	
7-7	378-379	,	
7-8	380-383	put	
7-9	384-388	them	
7-10	389-391	in	
7-11	392-395	the	
7-12	396-401	crown	
7-13	402-404	of	
7-14	405-408	his	
7-15	409-412	hat	
7-16	412-413	,	
7-17	414-417	and	
7-18	418-422	said	
7-19	422-423	—	
7-20	423-424	"	
7-21	424-428	Come	
7-22	428-429	,	
7-23	430-433	let	
7-24	434-435	'	
7-25	436-437	s	
7-26	438-440	be	
7-27	441-446	going	
7-28	446-447	.	
7-29	447-448	"	

#Text="Going—art thou going to work this time o '  day?"
8-1	450-451	"	
8-2	451-460	Going—art	
8-3	461-465	thou	
8-4	466-471	going	
8-5	472-474	to	
8-6	475-479	work	
8-7	480-484	this	
8-8	485-489	time	
8-9	490-491	o	
8-10	492-493	'	
8-11	495-498	day	
8-12	498-499	?	
8-13	499-500	"	

#Text="No, stupid, to be sure not.
9-1	502-503	"	
9-2	503-505	No	
9-3	505-506	,	
9-4	507-513	stupid	
9-5	513-514	,	
9-6	515-517	to	
9-7	518-520	be	
9-8	521-525	sure	
9-9	526-529	not	
9-10	529-530	.	

#Text=Going to see the fellow thou spoke on."
10-1	531-536	Going	
10-2	537-539	to	
10-3	540-543	see	
10-4	544-547	the	
10-5	548-554	fellow	
10-6	555-559	thou	
10-7	560-565	spoke	
10-8	566-568	on	
10-9	568-569	.	
10-10	569-570	"	

#Text=So they put on their hats and set out.
11-1	571-573	So	
11-2	574-578	they	
11-3	579-582	put	
11-4	583-585	on	
11-5	586-591	their	
11-6	592-596	hats	
11-7	597-600	and	
11-8	601-604	set	
11-9	605-608	out	
11-10	608-609	.	

#Text=On the way Wilson said Davenport was a good fellow, though too much of the Methodee; that his children were too young to work, but not too young to be cold and hungry; that they had sunk lower and lower, and pawned thing after thing, and that now they lived in a cellar in Berry Street, off Store Street.
12-1	610-612	On	
12-2	613-616	the	
12-3	617-620	way	
12-4	621-627	Wilson	
12-5	628-632	said	
12-6	633-642	Davenport	
12-7	643-646	was	
12-8	647-648	a	
12-9	649-653	good	
12-10	654-660	fellow	
12-11	660-661	,	
12-12	662-668	though	
12-13	669-672	too	
12-14	673-677	much	
12-15	678-680	of	
12-16	681-684	the	
12-17	685-693	Methodee	
12-18	693-694	;	
12-19	695-699	that	
12-20	700-703	his	
12-21	704-712	children	
12-22	713-717	were	
12-23	718-721	too	
12-24	722-727	young	
12-25	728-730	to	
12-26	731-735	work	
12-27	735-736	,	
12-28	737-740	but	
12-29	741-744	not	
12-30	745-748	too	
12-31	749-754	young	
12-32	755-757	to	
12-33	758-760	be	
12-34	761-765	cold	
12-35	766-769	and	
12-36	770-776	hungry	
12-37	776-777	;	
12-38	778-782	that	
12-39	783-787	they	
12-40	788-791	had	
12-41	792-796	sunk	
12-42	797-802	lower	
12-43	803-806	and	
12-44	807-812	lower	
12-45	812-813	,	
12-46	814-817	and	
12-47	818-824	pawned	
12-48	825-830	thing	
12-49	831-836	after	
12-50	837-842	thing	
12-51	842-843	,	
12-52	844-847	and	
12-53	848-852	that	
12-54	853-856	now	
12-55	857-861	they	
12-56	862-867	lived	
12-57	868-870	in	
12-58	871-872	a	
12-59	873-879	cellar	
12-60	880-882	in	
12-61	883-888	Berry	
12-62	889-895	Street	
12-63	895-896	,	
12-64	897-900	off	
12-65	901-906	Store	
12-66	907-913	Street	
12-67	913-914	.	

#Text=Barton growled inarticulate words of no benevolent import to a large class of mankind, and so they went along till they arrived in Berry Street.
13-1	915-921	Barton	
13-2	922-929	growled	
13-3	930-942	inarticulate	
13-4	943-948	words	
13-5	949-951	of	
13-6	952-954	no	
13-7	955-965	benevolent	
13-8	966-972	import	
13-9	973-975	to	
13-10	976-977	a	
13-11	978-983	large	
13-12	984-989	class	
13-13	990-992	of	
13-14	993-1000	mankind	
13-15	1000-1001	,	
13-16	1002-1005	and	
13-17	1006-1008	so	
13-18	1009-1013	they	
13-19	1014-1018	went	
13-20	1019-1024	along	
13-21	1025-1029	till	
13-22	1030-1034	they	
13-23	1035-1042	arrived	
13-24	1043-1045	in	
13-25	1046-1051	Berry	
13-26	1052-1058	Street	
13-27	1058-1059	.	

#Text=It was unpaved; and down the middle a gutter forced its way, every now and then forming pools in the holes with which the street abounded.
14-1	1060-1062	It	
14-2	1063-1066	was	
14-3	1067-1074	unpaved	
14-4	1074-1075	;	
14-5	1076-1079	and	
14-6	1080-1084	down	
14-7	1085-1088	the	
14-8	1089-1095	middle	
14-9	1096-1097	a	
14-10	1098-1104	gutter	
14-11	1105-1111	forced	
14-12	1112-1115	its	
14-13	1116-1119	way	
14-14	1119-1120	,	
14-15	1121-1126	every	
14-16	1127-1130	now	
14-17	1131-1134	and	
14-18	1135-1139	then	
14-19	1140-1147	forming	
14-20	1148-1153	pools	
14-21	1154-1156	in	
14-22	1157-1160	the	
14-23	1161-1166	holes	
14-24	1167-1171	with	
14-25	1172-1177	which	
14-26	1178-1181	the	
14-27	1182-1188	street	
14-28	1189-1197	abounded	
14-29	1197-1198	.	

#Text=Never was the Old Edinburgh cry of "Gardez l ' eau" more necessary than in this street.
15-1	1199-1204	Never	
15-2	1205-1208	was	
15-3	1209-1212	the	
15-4	1213-1216	Old	
15-5	1217-1226	Edinburgh	
15-6	1227-1230	cry	
15-7	1231-1233	of	
15-8	1234-1235	"	
15-9	1235-1241	Gardez	
15-10	1242-1243	l	
15-11	1244-1245	'	
15-12	1246-1249	eau	
15-13	1249-1250	"	
15-14	1251-1255	more	
15-15	1256-1265	necessary	
15-16	1266-1270	than	
15-17	1271-1273	in	
15-18	1274-1278	this	
15-19	1279-1285	street	
15-20	1285-1286	.	

#Text=As they passed, women from their doors tossed household slops of every description into the gutter; they ran into the next pool, which overflowed and stagnated.
16-1	1287-1289	As	
16-2	1290-1294	they	
16-3	1295-1301	passed	
16-4	1301-1302	,	
16-5	1303-1308	women	
16-6	1309-1313	from	
16-7	1314-1319	their	
16-8	1320-1325	doors	
16-9	1326-1332	tossed	
16-10	1333-1342	household	
16-11	1343-1348	slops	
16-12	1349-1351	of	
16-13	1352-1357	every	
16-14	1358-1369	description	
16-15	1370-1374	into	
16-16	1375-1378	the	
16-17	1379-1385	gutter	
16-18	1385-1386	;	
16-19	1387-1391	they	
16-20	1392-1395	ran	
16-21	1396-1400	into	
16-22	1401-1404	the	
16-23	1405-1409	next	
16-24	1410-1414	pool	
16-25	1414-1415	,	
16-26	1416-1421	which	
16-27	1422-1432	overflowed	
16-28	1433-1436	and	
16-29	1437-1446	stagnated	
16-30	1446-1447	.	

#Text=Heaps of ashes were the stepping-stones, on which the passer-by, who cared in the least for cleanliness, took care not to put his foot.
17-1	1448-1453	Heaps	
17-2	1454-1456	of	
17-3	1457-1462	ashes	
17-4	1463-1467	were	
17-5	1468-1471	the	
17-6	1472-1487	stepping-stones	
17-7	1487-1488	,	
17-8	1489-1491	on	
17-9	1492-1497	which	
17-10	1498-1501	the	
17-11	1502-1511	passer-by	
17-12	1511-1512	,	
17-13	1513-1516	who	
17-14	1517-1522	cared	
17-15	1523-1525	in	
17-16	1526-1529	the	
17-17	1530-1535	least	
17-18	1536-1539	for	
17-19	1540-1551	cleanliness	
17-20	1551-1552	,	
17-21	1553-1557	took	
17-22	1558-1562	care	
17-23	1563-1566	not	
17-24	1567-1569	to	
17-25	1570-1573	put	
17-26	1574-1577	his	
17-27	1578-1582	foot	
17-28	1582-1583	.	

#Text=Our friends were not dainty, but even they picked their way till they got to some steps leading down into a small area, where a person standing would have his head about one foot below the level of the street, and might at the same time, without the least motion of his body, touch the window of the cellar and the damp muddy wall right opposite.
18-1	1584-1587	Our	
18-2	1588-1595	friends	
18-3	1596-1600	were	
18-4	1601-1604	not	
18-5	1605-1611	dainty	
18-6	1611-1612	,	
18-7	1613-1616	but	
18-8	1617-1621	even	
18-9	1622-1626	they	
18-10	1627-1633	picked	
18-11	1634-1639	their	
18-12	1640-1643	way	
18-13	1644-1648	till	
18-14	1649-1653	they	
18-15	1654-1657	got	
18-16	1658-1660	to	
18-17	1661-1665	some	
18-18	1666-1671	steps	
18-19	1672-1679	leading	
18-20	1680-1684	down	
18-21	1685-1689	into	
18-22	1690-1691	a	
18-23	1692-1697	small	
18-24	1698-1702	area	
18-25	1702-1703	,	
18-26	1704-1709	where	
18-27	1710-1711	a	
18-28	1712-1718	person	
18-29	1719-1727	standing	
18-30	1728-1733	would	
18-31	1734-1738	have	
18-32	1739-1742	his	
18-33	1743-1747	head	
18-34	1748-1753	about	
18-35	1754-1757	one	
18-36	1758-1762	foot	
18-37	1763-1768	below	
18-38	1769-1772	the	
18-39	1773-1778	level	
18-40	1779-1781	of	
18-41	1782-1785	the	
18-42	1786-1792	street	
18-43	1792-1793	,	
18-44	1794-1797	and	
18-45	1798-1803	might	
18-46	1804-1806	at	
18-47	1807-1810	the	
18-48	1811-1815	same	
18-49	1816-1820	time	
18-50	1820-1821	,	
18-51	1822-1829	without	
18-52	1830-1833	the	
18-53	1834-1839	least	
18-54	1840-1846	motion	
18-55	1847-1849	of	
18-56	1850-1853	his	
18-57	1854-1858	body	
18-58	1858-1859	,	
18-59	1860-1865	touch	
18-60	1866-1869	the	
18-61	1870-1876	window	
18-62	1877-1879	of	
18-63	1880-1883	the	
18-64	1884-1890	cellar	
18-65	1891-1894	and	
18-66	1895-1898	the	
18-67	1899-1903	damp	
18-68	1904-1909	muddy	
18-69	1910-1914	wall	
18-70	1915-1920	right	
18-71	1921-1929	opposite	
18-72	1929-1930	.	

#Text=You went down one step even from the foul area into the cellar in which a family of human beings lived.
19-1	1931-1934	You	
19-2	1935-1939	went	
19-3	1940-1944	down	
19-4	1945-1948	one	
19-5	1949-1953	step	
19-6	1954-1958	even	
19-7	1959-1963	from	
19-8	1964-1967	the	
19-9	1968-1972	foul	
19-10	1973-1977	area	
19-11	1978-1982	into	
19-12	1983-1986	the	
19-13	1987-1993	cellar	
19-14	1994-1996	in	
19-15	1997-2002	which	
19-16	2003-2004	a	
19-17	2005-2011	family	
19-18	2012-2014	of	
19-19	2015-2020	human	
19-20	2021-2027	beings	
19-21	2028-2033	lived	
19-22	2033-2034	.	

#Text=It was very dark inside.
20-1	2035-2037	It	
20-2	2038-2041	was	
20-3	2042-2046	very	
20-4	2047-2051	dark	
20-5	2052-2058	inside	
20-6	2058-2059	.	

#Text=The window-panes were, many of them, broken and stuffed with rags, which was reason enough for the dusky light that pervaded the place even at mid-day.
21-1	2060-2063	The	
21-2	2064-2076	window-panes	
21-3	2077-2081	were	
21-4	2081-2082	,	
21-5	2083-2087	many	
21-6	2088-2090	of	
21-7	2091-2095	them	
21-8	2095-2096	,	
21-9	2097-2103	broken	
21-10	2104-2107	and	
21-11	2108-2115	stuffed	
21-12	2116-2120	with	
21-13	2121-2125	rags	
21-14	2125-2126	,	
21-15	2127-2132	which	
21-16	2133-2136	was	
21-17	2137-2143	reason	
21-18	2144-2150	enough	
21-19	2151-2154	for	
21-20	2155-2158	the	
21-21	2159-2164	dusky	
21-22	2165-2170	light	
21-23	2171-2175	that	
21-24	2176-2184	pervaded	
21-25	2185-2188	the	
21-26	2189-2194	place	
21-27	2195-2199	even	
21-28	2200-2202	at	
21-29	2203-2210	mid-day	
21-30	2210-2211	.	

#Text=After the account I have given of the state of the street, no one can be surprised that on going into the cellar inhabited by Davenport, the smell was so fœtid as almost to knock the two men down.
22-1	2212-2217	After	
22-2	2218-2221	the	
22-3	2222-2229	account	
22-4	2230-2231	I	
22-5	2232-2236	have	
22-6	2237-2242	given	
22-7	2243-2245	of	
22-8	2246-2249	the	
22-9	2250-2255	state	
22-10	2256-2258	of	
22-11	2259-2262	the	
22-12	2263-2269	street	
22-13	2269-2270	,	
22-14	2271-2273	no	
22-15	2274-2277	one	
22-16	2278-2281	can	
22-17	2282-2284	be	
22-18	2285-2294	surprised	
22-19	2295-2299	that	
22-20	2300-2302	on	
22-21	2303-2308	going	
22-22	2309-2313	into	
22-23	2314-2317	the	
22-24	2318-2324	cellar	
22-25	2325-2334	inhabited	
22-26	2335-2337	by	
22-27	2338-2347	Davenport	
22-28	2347-2348	,	
22-29	2349-2352	the	
22-30	2353-2358	smell	
22-31	2359-2362	was	
22-32	2363-2365	so	
22-33	2366-2371	fœtid	
22-34	2372-2374	as	
22-35	2375-2381	almost	
22-36	2382-2384	to	
22-37	2385-2390	knock	
22-38	2391-2394	the	
22-39	2395-2398	two	
22-40	2399-2402	men	
22-41	2403-2407	down	
22-42	2407-2408	.	

#Text=Quickly recovering themselves, as those inured to such things do, they began to penetrate the thick darkness of the place, and to see three or four little children rolling on the damp, nay wet, brick floor, through which the stagnant, filthy moisture of the street oozed up; the fire-place was empty and black; the wife sat on her husband ' s lair, and cried in the dank loneliness.
23-1	2409-2416	Quickly	
23-2	2417-2427	recovering	
23-3	2428-2438	themselves	
23-4	2438-2439	,	
23-5	2440-2442	as	
23-6	2443-2448	those	
23-7	2449-2455	inured	
23-8	2456-2458	to	
23-9	2459-2463	such	
23-10	2464-2470	things	
23-11	2471-2473	do	
23-12	2473-2474	,	
23-13	2475-2479	they	
23-14	2480-2485	began	
23-15	2486-2488	to	
23-16	2489-2498	penetrate	
23-17	2499-2502	the	
23-18	2503-2508	thick	
23-19	2509-2517	darkness	
23-20	2518-2520	of	
23-21	2521-2524	the	
23-22	2525-2530	place	
23-23	2530-2531	,	
23-24	2532-2535	and	
23-25	2536-2538	to	
23-26	2539-2542	see	
23-27	2543-2548	three	
23-28	2549-2551	or	
23-29	2552-2556	four	
23-30	2557-2563	little	
23-31	2564-2572	children	
23-32	2573-2580	rolling	
23-33	2581-2583	on	
23-34	2584-2587	the	
23-35	2588-2592	damp	
23-36	2592-2593	,	
23-37	2594-2597	nay	
23-38	2598-2601	wet	
23-39	2601-2602	,	
23-40	2603-2608	brick	
23-41	2609-2614	floor	
23-42	2614-2615	,	
23-43	2616-2623	through	
23-44	2624-2629	which	
23-45	2630-2633	the	
23-46	2634-2642	stagnant	
23-47	2642-2643	,	
23-48	2644-2650	filthy	
23-49	2651-2659	moisture	
23-50	2660-2662	of	
23-51	2663-2666	the	
23-52	2667-2673	street	
23-53	2674-2679	oozed	
23-54	2680-2682	up	
23-55	2682-2683	;	
23-56	2684-2687	the	
23-57	2688-2698	fire-place	
23-58	2699-2702	was	
23-59	2703-2708	empty	
23-60	2709-2712	and	
23-61	2713-2718	black	
23-62	2718-2719	;	
23-63	2720-2723	the	
23-64	2724-2728	wife	
23-65	2729-2732	sat	
23-66	2733-2735	on	
23-67	2736-2739	her	
23-68	2740-2747	husband	
23-69	2748-2749	'	
23-70	2750-2751	s	
23-71	2752-2756	lair	
23-72	2756-2757	,	
23-73	2758-2761	and	
23-74	2762-2767	cried	
23-75	2768-2770	in	
23-76	2771-2774	the	
23-77	2775-2779	dank	
23-78	2780-2790	loneliness	
23-79	2790-2791	.	

#Text="See, missis, I ' m back again.
24-1	2793-2794	"	
24-2	2794-2797	See	
24-3	2797-2798	,	
24-4	2799-2805	missis	
24-5	2805-2806	,	
24-6	2807-2808	I	
24-7	2809-2810	'	
24-8	2811-2812	m	
24-9	2813-2817	back	
24-10	2818-2823	again	
24-11	2823-2824	.	

#Text=—Hold your noise, children, and don ' t mither [13] your mammy for bread; here ' s a chap as has got some for you."
25-1	2824-2825	—	
25-2	2825-2829	Hold	
25-3	2830-2834	your	
25-4	2835-2840	noise	
25-5	2840-2841	,	
25-6	2842-2850	children	
25-7	2850-2851	,	
25-8	2852-2855	and	
25-9	2856-2859	don	
25-10	2860-2861	'	
25-11	2862-2863	t	
25-12	2864-2870	mither	
25-13	2871-2872	[	
25-14	2872-2874	13	
25-15	2874-2875	]	
25-16	2876-2880	your	
25-17	2881-2886	mammy	
25-18	2887-2890	for	
25-19	2891-2896	bread	
25-20	2896-2897	;	
25-21	2898-2902	here	
25-22	2903-2904	'	
25-23	2905-2906	s	
25-24	2907-2908	a	
25-25	2909-2913	chap	
25-26	2914-2916	as	
25-27	2917-2920	has	
25-28	2921-2924	got	
25-29	2925-2929	some	
25-30	2930-2933	for	
25-31	2934-2937	you	
25-32	2937-2938	.	
25-33	2938-2939	"	

#Text=In that dim light, which was darkness to strangers, they clustered round Barton, and tore from him the food he had brought with him.
26-1	2942-2944	In	
26-2	2945-2949	that	
26-3	2950-2953	dim	
26-4	2954-2959	light	
26-5	2959-2960	,	
26-6	2961-2966	which	
26-7	2967-2970	was	
26-8	2971-2979	darkness	
26-9	2980-2982	to	
26-10	2983-2992	strangers	
26-11	2992-2993	,	
26-12	2994-2998	they	
26-13	2999-3008	clustered	
26-14	3009-3014	round	
26-15	3015-3021	Barton	
26-16	3021-3022	,	
26-17	3023-3026	and	
26-18	3027-3031	tore	
26-19	3032-3036	from	
26-20	3037-3040	him	
26-21	3041-3044	the	
26-22	3045-3049	food	
26-23	3050-3052	he	
26-24	3053-3056	had	
26-25	3057-3064	brought	
26-26	3065-3069	with	
26-27	3070-3073	him	
26-28	3073-3074	.	

#Text=It was a large hunch of bread, but it vanished in an instant.
27-1	3075-3077	It	
27-2	3078-3081	was	
27-3	3082-3083	a	
27-4	3084-3089	large	
27-5	3090-3095	hunch	
27-6	3096-3098	of	
27-7	3099-3104	bread	
27-8	3104-3105	,	
27-9	3106-3109	but	
27-10	3110-3112	it	
27-11	3113-3121	vanished	
27-12	3122-3124	in	
27-13	3125-3127	an	
27-14	3128-3135	instant	
27-15	3135-3136	.	

#Text="We mun do summut for  ' em," said he to Wilson.
28-1	3138-3139	"	
28-2	3139-3141	We	
28-3	3142-3145	mun	
28-4	3146-3148	do	
28-5	3149-3155	summut	
28-6	3156-3159	for	
28-7	3161-3162	'	
28-8	3163-3165	em	
28-9	3165-3166	,	
28-10	3166-3167	"	
28-11	3168-3172	said	
28-12	3173-3175	he	
28-13	3176-3178	to	
28-14	3179-3185	Wilson	
28-15	3185-3186	.	

#Text="Yo stop here, and I ' ll be back in half-an-hour."
29-1	3187-3188	"	
29-2	3188-3190	Yo	
29-3	3191-3195	stop	
29-4	3196-3200	here	
29-5	3200-3201	,	
29-6	3202-3205	and	
29-7	3206-3207	I	
29-8	3208-3209	'	
29-9	3210-3212	ll	
29-10	3213-3215	be	
29-11	3216-3220	back	
29-12	3221-3223	in	
29-13	3224-3236	half-an-hour	
29-14	3236-3237	.	
29-15	3237-3238	"	

#Text=So he strode, and ran, and hurried home.
30-1	3240-3242	So	
30-2	3243-3245	he	
30-3	3246-3252	strode	
30-4	3252-3253	,	
30-5	3254-3257	and	
30-6	3258-3261	ran	
30-7	3261-3262	,	
30-8	3263-3266	and	
30-9	3267-3274	hurried	
30-10	3275-3279	home	
30-11	3279-3280	.	

#Text=He emptied into the ever-useful pocket-handkerchief the little meal remaining in the mug.
31-1	3281-3283	He	
31-2	3284-3291	emptied	
31-3	3292-3296	into	
31-4	3297-3300	the	
31-5	3301-3312	ever-useful	
31-6	3313-3332	pocket-handkerchief	
31-7	3333-3336	the	
31-8	3337-3343	little	
31-9	3344-3348	meal	
31-10	3349-3358	remaining	
31-11	3359-3361	in	
31-12	3362-3365	the	
31-13	3366-3369	mug	
31-14	3369-3370	.	

#Text=Mary would have her tea at Miss Simmonds ' ; her food for the day was safe.
32-1	3371-3375	Mary	
32-2	3376-3381	would	
32-3	3382-3386	have	
32-4	3387-3390	her	
32-5	3391-3394	tea	
32-6	3395-3397	at	
32-7	3398-3402	Miss	
32-8	3403-3411	Simmonds	
32-9	3412-3413	'	
32-10	3414-3415	;	
32-11	3416-3419	her	
32-12	3420-3424	food	
32-13	3425-3428	for	
32-14	3429-3432	the	
32-15	3433-3436	day	
32-16	3437-3440	was	
32-17	3441-3445	safe	
32-18	3445-3446	.	

#Text=Then he went up-stairs for his better coat, and his one, gay, red-and-yellow silk pocket-handkerchief—his jewels, his plate, his valuables, these were.
33-1	3447-3451	Then	
33-2	3452-3454	he	
33-3	3455-3459	went	
33-4	3460-3469	up-stairs	
33-5	3470-3473	for	
33-6	3474-3477	his	
33-7	3478-3484	better	
33-8	3485-3489	coat	
33-9	3489-3490	,	
33-10	3491-3494	and	
33-11	3495-3498	his	
33-12	3499-3502	one	
33-13	3502-3503	,	
33-14	3504-3507	gay	
33-15	3507-3508	,	
33-16	3509-3523	red-and-yellow	
33-17	3524-3528	silk	
33-18	3529-3552	pocket-handkerchief—his	
33-19	3553-3559	jewels	
33-20	3559-3560	,	
33-21	3561-3564	his	
33-22	3565-3570	plate	
33-23	3570-3571	,	
33-24	3572-3575	his	
33-25	3576-3585	valuables	
33-26	3585-3586	,	
33-27	3587-3592	these	
33-28	3593-3597	were	
33-29	3597-3598	.	

#Text=He went to the pawn-shop; he pawned them for five shillings; he stopped not, nor stayed, till he was once more in London Road, within five minutes '  walk of Berry Street—then he loitered in his gait, in order to discover the shops he wanted.
34-1	3599-3601	He	
34-2	3602-3606	went	
34-3	3607-3609	to	
34-4	3610-3613	the	
34-5	3614-3623	pawn-shop	
34-6	3623-3624	;	
34-7	3625-3627	he	
34-8	3628-3634	pawned	
34-9	3635-3639	them	
34-10	3640-3643	for	
34-11	3644-3648	five	
34-12	3649-3658	shillings	
34-13	3658-3659	;	
34-14	3660-3662	he	
34-15	3663-3670	stopped	
34-16	3671-3674	not	
34-17	3674-3675	,	
34-18	3676-3679	nor	
34-19	3680-3686	stayed	
34-20	3686-3687	,	
34-21	3688-3692	till	
34-22	3693-3695	he	
34-23	3696-3699	was	
34-24	3700-3704	once	
34-25	3705-3709	more	
34-26	3710-3712	in	
34-27	3713-3719	London	
34-28	3720-3724	Road	
34-29	3724-3725	,	
34-30	3726-3732	within	
34-31	3733-3737	five	
34-32	3738-3745	minutes	
34-33	3746-3747	'	
34-34	3749-3753	walk	
34-35	3754-3756	of	
34-36	3757-3762	Berry	
34-37	3763-3774	Street—then	
34-38	3775-3777	he	
34-39	3778-3786	loitered	
34-40	3787-3789	in	
34-41	3790-3793	his	
34-42	3794-3798	gait	
34-43	3798-3799	,	
34-44	3800-3802	in	
34-45	3803-3808	order	
34-46	3809-3811	to	
34-47	3812-3820	discover	
34-48	3821-3824	the	
34-49	3825-3830	shops	
34-50	3831-3833	he	
34-51	3834-3840	wanted	
34-52	3840-3841	.	

#Text=He bought meat, and a loaf of bread, candles, chips, and from a little retail yard he purchased a couple of hundredweights of coals.
35-1	3842-3844	He	
35-2	3845-3851	bought	
35-3	3852-3856	meat	
35-4	3856-3857	,	
35-5	3858-3861	and	
35-6	3862-3863	a	
35-7	3864-3868	loaf	
35-8	3869-3871	of	
35-9	3872-3877	bread	
35-10	3877-3878	,	
35-11	3879-3886	candles	
35-12	3886-3887	,	
35-13	3888-3893	chips	
35-14	3893-3894	,	
35-15	3895-3898	and	
35-16	3899-3903	from	
35-17	3904-3905	a	
35-18	3906-3912	little	
35-19	3913-3919	retail	
35-20	3920-3924	yard	
35-21	3925-3927	he	
35-22	3928-3937	purchased	
35-23	3938-3939	a	
35-24	3940-3946	couple	
35-25	3947-3949	of	
35-26	3950-3964	hundredweights	
35-27	3965-3967	of	
35-28	3968-3973	coals	
35-29	3973-3974	.	

#Text=Some money yet remained—all destined for them, but he did not yet know how best to spend it.
36-1	3975-3979	Some	
36-2	3980-3985	money	
36-3	3986-3989	yet	
36-4	3990-4002	remained—all	
36-5	4003-4011	destined	
36-6	4012-4015	for	
36-7	4016-4020	them	
36-8	4020-4021	,	
36-9	4022-4025	but	
36-10	4026-4028	he	
36-11	4029-4032	did	
36-12	4033-4036	not	
36-13	4037-4040	yet	
36-14	4041-4045	know	
36-15	4046-4049	how	
36-16	4050-4054	best	
36-17	4055-4057	to	
36-18	4058-4063	spend	
36-19	4064-4066	it	
36-20	4066-4067	.	

#Text=Food, light, and warmth, he had instantly seen were necessary; for luxuries he would wait.
37-1	4068-4072	Food	
37-2	4072-4073	,	
37-3	4074-4079	light	
37-4	4079-4080	,	
37-5	4081-4084	and	
37-6	4085-4091	warmth	
37-7	4091-4092	,	
37-8	4093-4095	he	
37-9	4096-4099	had	
37-10	4100-4109	instantly	
37-11	4110-4114	seen	
37-12	4115-4119	were	
37-13	4120-4129	necessary	
37-14	4129-4130	;	
37-15	4131-4134	for	
37-16	4135-4143	luxuries	
37-17	4144-4146	he	
37-18	4147-4152	would	
37-19	4153-4157	wait	
37-20	4157-4158	.	

#Text=Wilson ' s eyes filled with tears when he saw Barton enter with his purchases.
38-1	4159-4165	Wilson	
38-2	4166-4167	'	
38-3	4168-4169	s	
38-4	4170-4174	eyes	
38-5	4175-4181	filled	
38-6	4182-4186	with	
38-7	4187-4192	tears	
38-8	4193-4197	when	
38-9	4198-4200	he	
38-10	4201-4204	saw	
38-11	4205-4211	Barton	
38-12	4212-4217	enter	
38-13	4218-4222	with	
38-14	4223-4226	his	
38-15	4227-4236	purchases	
38-16	4236-4237	.	

#Text=He understood it all, and longed to be once more in work, that he might help in some of these material ways, without feeling that he was using his son ' s money.
39-1	4238-4240	He	
39-2	4241-4251	understood	
39-3	4252-4254	it	
39-4	4255-4258	all	
39-5	4258-4259	,	
39-6	4260-4263	and	
39-7	4264-4270	longed	
39-8	4271-4273	to	
39-9	4274-4276	be	
39-10	4277-4281	once	
39-11	4282-4286	more	
39-12	4287-4289	in	
39-13	4290-4294	work	
39-14	4294-4295	,	
39-15	4296-4300	that	
39-16	4301-4303	he	
39-17	4304-4309	might	
39-18	4310-4314	help	
39-19	4315-4317	in	
39-20	4318-4322	some	
39-21	4323-4325	of	
39-22	4326-4331	these	
39-23	4332-4340	material	
39-24	4341-4345	ways	
39-25	4345-4346	,	
39-26	4347-4354	without	
39-27	4355-4362	feeling	
39-28	4363-4367	that	
39-29	4368-4370	he	
39-30	4371-4374	was	
39-31	4375-4380	using	
39-32	4381-4384	his	
39-33	4385-4388	son	
39-34	4389-4390	'	
39-35	4391-4392	s	
39-36	4393-4398	money	
39-37	4398-4399	.	

#Text=But though "silver and gold he had none," he gave heart-service and love works of far more value.
40-1	4400-4403	But	
40-2	4404-4410	though	
40-3	4411-4412	"	
40-4	4412-4418	silver	
40-5	4419-4422	and	
40-6	4423-4427	gold	
40-7	4428-4430	he	
40-8	4431-4434	had	
40-9	4435-4439	none	
40-10	4439-4440	,	
40-11	4440-4441	"	
40-12	4442-4444	he	
40-13	4445-4449	gave	
40-14	4450-4463	heart-service	
40-15	4464-4467	and	
40-16	4468-4472	love	
40-17	4473-4478	works	
40-18	4479-4481	of	
40-19	4482-4485	far	
40-20	4486-4490	more	
40-21	4491-4496	value	
40-22	4496-4497	.	

#Text=Nor was John Barton behind in these.
41-1	4498-4501	Nor	
41-2	4502-4505	was	
41-3	4506-4510	John	
41-4	4511-4517	Barton	
41-5	4518-4524	behind	
41-6	4525-4527	in	
41-7	4528-4533	these	
41-8	4533-4534	.	

#Text="The fever" was (as it usually is in Manchester) of a low, putrid, typhoid kind; brought on by miserable living, filthy neighbourhood, and great depression of mind and body.
42-1	4535-4536	"	
42-2	4536-4539	The	
42-3	4540-4545	fever	
42-4	4545-4546	"	
42-5	4547-4550	was	
42-6	4551-4552	(	
42-7	4552-4554	as	
42-8	4555-4557	it	
42-9	4558-4565	usually	
42-10	4566-4568	is	
42-11	4569-4571	in	
42-12	4572-4582	Manchester	
42-13	4582-4583	)	
42-14	4584-4586	of	
42-15	4587-4588	a	
42-16	4589-4592	low	
42-17	4592-4593	,	
42-18	4594-4600	putrid	
42-19	4600-4601	,	
42-20	4602-4609	typhoid	
42-21	4610-4614	kind	
42-22	4614-4615	;	
42-23	4616-4623	brought	
42-24	4624-4626	on	
42-25	4627-4629	by	
42-26	4630-4639	miserable	
42-27	4640-4646	living	
42-28	4646-4647	,	
42-29	4648-4654	filthy	
42-30	4655-4668	neighbourhood	
42-31	4668-4669	,	
42-32	4670-4673	and	
42-33	4674-4679	great	
42-34	4680-4690	depression	
42-35	4691-4693	of	
42-36	4694-4698	mind	
42-37	4699-4702	and	
42-38	4703-4707	body	
42-39	4707-4708	.	

#Text=It is virulent, malignant, and highly infectious.
43-1	4709-4711	It	
43-2	4712-4714	is	
43-3	4715-4723	virulent	
43-4	4723-4724	,	
43-5	4725-4734	malignant	
43-6	4734-4735	,	
43-7	4736-4739	and	
43-8	4740-4746	highly	
43-9	4747-4757	infectious	
43-10	4757-4758	.	

#Text=But the poor are fatalists with regard to infection; and well for them it is so, for in their crowded dwellings no invalid can be isolated.
44-1	4759-4762	But	
44-2	4763-4766	the	
44-3	4767-4771	poor	
44-4	4772-4775	are	
44-5	4776-4785	fatalists	
44-6	4786-4790	with	
44-7	4791-4797	regard	
44-8	4798-4800	to	
44-9	4801-4810	infection	
44-10	4810-4811	;	
44-11	4812-4815	and	
44-12	4816-4820	well	
44-13	4821-4824	for	
44-14	4825-4829	them	
44-15	4830-4832	it	
44-16	4833-4835	is	
44-17	4836-4838	so	
44-18	4838-4839	,	
44-19	4840-4843	for	
44-20	4844-4846	in	
44-21	4847-4852	their	
44-22	4853-4860	crowded	
44-23	4861-4870	dwellings	
44-24	4871-4873	no	
44-25	4874-4881	invalid	
44-26	4882-4885	can	
44-27	4886-4888	be	
44-28	4889-4897	isolated	
44-29	4897-4898	.	

#Text=Wilson asked Barton if he thought he should catch it, and was laughed at for his idea.
45-1	4899-4905	Wilson	
45-2	4906-4911	asked	
45-3	4912-4918	Barton	
45-4	4919-4921	if	
45-5	4922-4924	he	
45-6	4925-4932	thought	
45-7	4933-4935	he	
45-8	4936-4942	should	
45-9	4943-4948	catch	
45-10	4949-4951	it	
45-11	4951-4952	,	
45-12	4953-4956	and	
45-13	4957-4960	was	
45-14	4961-4968	laughed	
45-15	4969-4971	at	
45-16	4972-4975	for	
45-17	4976-4979	his	
45-18	4980-4984	idea	
45-19	4984-4985	.	

#Text=The two men, rough, tender nurses as they were, lighted the fire, which smoked and puffed into the room as if it did not know the way up the damp, unused chimney.
46-1	4987-4990	The	
46-2	4991-4994	two	
46-3	4995-4998	men	
46-4	4998-4999	,	
46-5	5000-5005	rough	
46-6	5005-5006	,	
46-7	5007-5013	tender	
46-8	5014-5020	nurses	
46-9	5021-5023	as	
46-10	5024-5028	they	
46-11	5029-5033	were	
46-12	5033-5034	,	
46-13	5035-5042	lighted	
46-14	5043-5046	the	
46-15	5047-5051	fire	
46-16	5051-5052	,	
46-17	5053-5058	which	
46-18	5059-5065	smoked	
46-19	5066-5069	and	
46-20	5070-5076	puffed	
46-21	5077-5081	into	
46-22	5082-5085	the	
46-23	5086-5090	room	
46-24	5091-5093	as	
46-25	5094-5096	if	
46-26	5097-5099	it	
46-27	5100-5103	did	
46-28	5104-5107	not	
46-29	5108-5112	know	
46-30	5113-5116	the	
46-31	5117-5120	way	
46-32	5121-5123	up	
46-33	5124-5127	the	
46-34	5128-5132	damp	
46-35	5132-5133	,	
46-36	5134-5140	unused	
46-37	5141-5148	chimney	
46-38	5148-5149	.	

#Text=The very smoke seemed purifying and healthy in the thick clammy air.
47-1	5150-5153	The	
47-2	5154-5158	very	
47-3	5159-5164	smoke	
47-4	5165-5171	seemed	
47-5	5172-5181	purifying	
47-6	5182-5185	and	
47-7	5186-5193	healthy	
47-8	5194-5196	in	
47-9	5197-5200	the	
47-10	5201-5206	thick	
47-11	5207-5213	clammy	
47-12	5214-5217	air	
47-13	5217-5218	.	

#Text=The children clamoured again for bread; but this time Barton took a piece first to the poor, helpless, hopeless woman, who still sat by the side of her husband, listening to his anxious miserable mutterings.
48-1	5219-5222	The	
48-2	5223-5231	children	
48-3	5232-5241	clamoured	
48-4	5242-5247	again	
48-5	5248-5251	for	
48-6	5252-5257	bread	
48-7	5257-5258	;	
48-8	5259-5262	but	
48-9	5263-5267	this	
48-10	5268-5272	time	
48-11	5273-5279	Barton	
48-12	5280-5284	took	
48-13	5285-5286	a	
48-14	5287-5292	piece	
48-15	5293-5298	first	
48-16	5299-5301	to	
48-17	5302-5305	the	
48-18	5306-5310	poor	
48-19	5310-5311	,	
48-20	5312-5320	helpless	
48-21	5320-5321	,	
48-22	5322-5330	hopeless	
48-23	5331-5336	woman	
48-24	5336-5337	,	
48-25	5338-5341	who	
48-26	5342-5347	still	
48-27	5348-5351	sat	
48-28	5352-5354	by	
48-29	5355-5358	the	
48-30	5359-5363	side	
48-31	5364-5366	of	
48-32	5367-5370	her	
48-33	5371-5378	husband	
48-34	5378-5379	,	
48-35	5380-5389	listening	
48-36	5390-5392	to	
48-37	5393-5396	his	
48-38	5397-5404	anxious	
48-39	5405-5414	miserable	
48-40	5415-5425	mutterings	
48-41	5425-5426	.	

#Text=She took the bread, when it was put into her hand, and broke a bit, but could not eat.
49-1	5427-5430	She	
49-2	5431-5435	took	
49-3	5436-5439	the	
49-4	5440-5445	bread	
49-5	5445-5446	,	
49-6	5447-5451	when	
49-7	5452-5454	it	
49-8	5455-5458	was	
49-9	5459-5462	put	
49-10	5463-5467	into	
49-11	5468-5471	her	
49-12	5472-5476	hand	
49-13	5476-5477	,	
49-14	5478-5481	and	
49-15	5482-5487	broke	
49-16	5488-5489	a	
49-17	5490-5493	bit	
49-18	5493-5494	,	
49-19	5495-5498	but	
49-20	5499-5504	could	
49-21	5505-5508	not	
49-22	5509-5512	eat	
49-23	5512-5513	.	

#Text=She was past hunger.
50-1	5514-5517	She	
50-2	5518-5521	was	
50-3	5522-5526	past	
50-4	5527-5533	hunger	
50-5	5533-5534	.	

#Text=She fell down on the floor with a heavy unresisting bang.
51-1	5535-5538	She	
51-2	5539-5543	fell	
51-3	5544-5548	down	
51-4	5549-5551	on	
51-5	5552-5555	the	
51-6	5556-5561	floor	
51-7	5562-5566	with	
51-8	5567-5568	a	
51-9	5569-5574	heavy	
51-10	5575-5586	unresisting	
51-11	5587-5591	bang	
51-12	5591-5592	.	

#Text=The men looked puzzled.
52-1	5593-5596	The	
52-2	5597-5600	men	
52-3	5601-5607	looked	
52-4	5608-5615	puzzled	
52-5	5615-5616	.	

#Text="She ' s well-nigh clemmed," said Barton.
53-1	5617-5618	"	
53-2	5618-5621	She	
53-3	5622-5623	'	
53-4	5624-5625	s	
53-5	5626-5635	well-nigh	
53-6	5636-5643	clemmed	
53-7	5643-5644	,	
53-8	5644-5645	"	
53-9	5646-5650	said	
53-10	5651-5657	Barton	
53-11	5657-5658	.	

#Text="Folk do say one mustn ' t give clemmed people much to eat; but, bless us, she ' ll eat nought."
54-1	5659-5660	"	
54-2	5660-5664	Folk	
54-3	5665-5667	do	
54-4	5668-5671	say	
54-5	5672-5675	one	
54-6	5676-5681	mustn	
54-7	5682-5683	'	
54-8	5684-5685	t	
54-9	5686-5690	give	
54-10	5691-5698	clemmed	
54-11	5699-5705	people	
54-12	5706-5710	much	
54-13	5711-5713	to	
54-14	5714-5717	eat	
54-15	5717-5718	;	
54-16	5719-5722	but	
54-17	5722-5723	,	
54-18	5724-5729	bless	
54-19	5730-5732	us	
54-20	5732-5733	,	
54-21	5734-5737	she	
54-22	5738-5739	'	
54-23	5740-5742	ll	
54-24	5743-5746	eat	
54-25	5747-5753	nought	
54-26	5753-5754	.	
54-27	5754-5755	"	

#Text="I ' ll tell yo what I ' ll do," said Wilson.
55-1	5757-5758	"	
55-2	5758-5759	I	
55-3	5760-5761	'	
55-4	5762-5764	ll	
55-5	5765-5769	tell	
55-6	5770-5772	yo	
55-7	5773-5777	what	
55-8	5778-5779	I	
55-9	5780-5781	'	
55-10	5782-5784	ll	
55-11	5785-5787	do	
55-12	5787-5788	,	
55-13	5788-5789	"	
55-14	5790-5794	said	
55-15	5795-5801	Wilson	
55-16	5801-5802	.	

#Text="I ' ll take these two big lads, as does nought but fight, home to my missis ' s for to-night, and I ' ll get a jug o '  tea.
56-1	5803-5804	"	
56-2	5804-5805	I	
56-3	5806-5807	'	
56-4	5808-5810	ll	
56-5	5811-5815	take	
56-6	5816-5821	these	
56-7	5822-5825	two	
56-8	5826-5829	big	
56-9	5830-5834	lads	
56-10	5834-5835	,	
56-11	5836-5838	as	
56-12	5839-5843	does	
56-13	5844-5850	nought	
56-14	5851-5854	but	
56-15	5855-5860	fight	
56-16	5860-5861	,	
56-17	5862-5866	home	
56-18	5867-5869	to	
56-19	5870-5872	my	
56-20	5873-5879	missis	
56-21	5880-5881	'	
56-22	5882-5883	s	
56-23	5884-5887	for	
56-24	5888-5896	to-night	
56-25	5896-5897	,	
56-26	5898-5901	and	
56-27	5902-5903	I	
56-28	5904-5905	'	
56-29	5906-5908	ll	
56-30	5909-5912	get	
56-31	5913-5914	a	
56-32	5915-5918	jug	
56-33	5919-5920	o	
56-34	5921-5922	'	
56-35	5924-5927	tea	
56-36	5927-5928	.	

#Text=Them women always does best with tea and such-like slop."
57-1	5929-5933	Them	
57-2	5934-5939	women	
57-3	5940-5946	always	
57-4	5947-5951	does	
57-5	5952-5956	best	
57-6	5957-5961	with	
57-7	5962-5965	tea	
57-8	5966-5969	and	
57-9	5970-5979	such-like	
57-10	5980-5984	slop	
57-11	5984-5985	.	
57-12	5985-5986	"	

#Text=So Barton was now left alone with a little child, crying (when it had done eating) for mammy; with a fainting, dead-like woman; and with the sick man, whose mutterings were rising up to screams and shrieks of agonised anxiety.
58-1	5988-5990	So	
58-2	5991-5997	Barton	
58-3	5998-6001	was	
58-4	6002-6005	now	
58-5	6006-6010	left	
58-6	6011-6016	alone	
58-7	6017-6021	with	
58-8	6022-6023	a	
58-9	6024-6030	little	
58-10	6031-6036	child	
58-11	6036-6037	,	
58-12	6038-6044	crying	
58-13	6045-6046	(	
58-14	6046-6050	when	
58-15	6051-6053	it	
58-16	6054-6057	had	
58-17	6058-6062	done	
58-18	6063-6069	eating	
58-19	6069-6070	)	
58-20	6071-6074	for	
58-21	6075-6080	mammy	
58-22	6080-6081	;	
58-23	6082-6086	with	
58-24	6087-6088	a	
58-25	6089-6097	fainting	
58-26	6097-6098	,	
58-27	6099-6108	dead-like	
58-28	6109-6114	woman	
58-29	6114-6115	;	
58-30	6116-6119	and	
58-31	6120-6124	with	
58-32	6125-6128	the	
58-33	6129-6133	sick	
58-34	6134-6137	man	
58-35	6137-6138	,	
58-36	6139-6144	whose	
58-37	6145-6155	mutterings	
58-38	6156-6160	were	
58-39	6161-6167	rising	
58-40	6168-6170	up	
58-41	6171-6173	to	
58-42	6174-6181	screams	
58-43	6182-6185	and	
58-44	6186-6193	shrieks	
58-45	6194-6196	of	
58-46	6197-6205	agonised	
58-47	6206-6213	anxiety	
58-48	6213-6214	.	

#Text=He carried the woman to the fire, and chafed her hands.
59-1	6215-6217	He	
59-2	6218-6225	carried	
59-3	6226-6229	the	
59-4	6230-6235	woman	
59-5	6236-6238	to	
59-6	6239-6242	the	
59-7	6243-6247	fire	
59-8	6247-6248	,	
59-9	6249-6252	and	
59-10	6253-6259	chafed	
59-11	6260-6263	her	
59-12	6264-6269	hands	
59-13	6269-6270	.	

#Text=He looked around for something to raise her head.
60-1	6271-6273	He	
60-2	6274-6280	looked	
60-3	6281-6287	around	
60-4	6288-6291	for	
60-5	6292-6301	something	
60-6	6302-6304	to	
60-7	6305-6310	raise	
60-8	6311-6314	her	
60-9	6315-6319	head	
60-10	6319-6320	.	

#Text=There was literally nothing but some loose bricks.
61-1	6321-6326	There	
61-2	6327-6330	was	
61-3	6331-6340	literally	
61-4	6341-6348	nothing	
61-5	6349-6352	but	
61-6	6353-6357	some	
61-7	6358-6363	loose	
61-8	6364-6370	bricks	
61-9	6370-6371	.	

#Text=However, those he got; and taking off his coat he covered them with it as well as he could.
62-1	6372-6379	However	
62-2	6379-6380	,	
62-3	6381-6386	those	
62-4	6387-6389	he	
62-5	6390-6393	got	
62-6	6393-6394	;	
62-7	6395-6398	and	
62-8	6399-6405	taking	
62-9	6406-6409	off	
62-10	6410-6413	his	
62-11	6414-6418	coat	
62-12	6419-6421	he	
62-13	6422-6429	covered	
62-14	6430-6434	them	
62-15	6435-6439	with	
62-16	6440-6442	it	
62-17	6443-6445	as	
62-18	6446-6450	well	
62-19	6451-6453	as	
62-20	6454-6456	he	
62-21	6457-6462	could	
62-22	6462-6463	.	

#Text=He pulled her feet to the fire, which now began to emit some faint heat.
63-1	6464-6466	He	
63-2	6467-6473	pulled	
63-3	6474-6477	her	
63-4	6478-6482	feet	
63-5	6483-6485	to	
63-6	6486-6489	the	
63-7	6490-6494	fire	
63-8	6494-6495	,	
63-9	6496-6501	which	
63-10	6502-6505	now	
63-11	6506-6511	began	
63-12	6512-6514	to	
63-13	6515-6519	emit	
63-14	6520-6524	some	
63-15	6525-6530	faint	
63-16	6531-6535	heat	
63-17	6535-6536	.	

#Text=He looked round for water, but the poor woman had been too weak to drag herself out to the distant pump, and water there was none.
64-1	6537-6539	He	
64-2	6540-6546	looked	
64-3	6547-6552	round	
64-4	6553-6556	for	
64-5	6557-6562	water	
64-6	6562-6563	,	
64-7	6564-6567	but	
64-8	6568-6571	the	
64-9	6572-6576	poor	
64-10	6577-6582	woman	
64-11	6583-6586	had	
64-12	6587-6591	been	
64-13	6592-6595	too	
64-14	6596-6600	weak	
64-15	6601-6603	to	
64-16	6604-6608	drag	
64-17	6609-6616	herself	
64-18	6617-6620	out	
64-19	6621-6623	to	
64-20	6624-6627	the	
64-21	6628-6635	distant	
64-22	6636-6640	pump	
64-23	6640-6641	,	
64-24	6642-6645	and	
64-25	6646-6651	water	
64-26	6652-6657	there	
64-27	6658-6661	was	
64-28	6662-6666	none	
64-29	6666-6667	.	

#Text=He snatched the child, and ran up the area-steps to the room above, and borrowed their only saucepan with some water in it.
65-1	6668-6670	He	
65-2	6671-6679	snatched	
65-3	6680-6683	the	
65-4	6684-6689	child	
65-5	6689-6690	,	
65-6	6691-6694	and	
65-7	6695-6698	ran	
65-8	6699-6701	up	
65-9	6702-6705	the	
65-10	6706-6716	area-steps	
65-11	6717-6719	to	
65-12	6720-6723	the	
65-13	6724-6728	room	
65-14	6729-6734	above	
65-15	6734-6735	,	
65-16	6736-6739	and	
65-17	6740-6748	borrowed	
65-18	6749-6754	their	
65-19	6755-6759	only	
65-20	6760-6768	saucepan	
65-21	6769-6773	with	
65-22	6774-6778	some	
65-23	6779-6784	water	
65-24	6785-6787	in	
65-25	6788-6790	it	
65-26	6790-6791	.	

#Text=Then he began, with the useful skill of a working-man, to make some gruel; and when it was hastily made he seized a battered iron table-spoon (kept when many other little things had been sold in a lot), in order to feed baby, and with it he forced one or two drops between her clenched teeth.
66-1	6792-6796	Then	
66-2	6797-6799	he	
66-3	6800-6805	began	
66-4	6805-6806	,	
66-5	6807-6811	with	
66-6	6812-6815	the	
66-7	6816-6822	useful	
66-8	6823-6828	skill	
66-9	6829-6831	of	
66-10	6832-6833	a	
66-11	6834-6845	working-man	
66-12	6845-6846	,	
66-13	6847-6849	to	
66-14	6850-6854	make	
66-15	6855-6859	some	
66-16	6860-6865	gruel	
66-17	6865-6866	;	
66-18	6867-6870	and	
66-19	6871-6875	when	
66-20	6876-6878	it	
66-21	6879-6882	was	
66-22	6883-6890	hastily	
66-23	6891-6895	made	
66-24	6896-6898	he	
66-25	6899-6905	seized	
66-26	6906-6907	a	
66-27	6908-6916	battered	
66-28	6917-6921	iron	
66-29	6922-6933	table-spoon	
66-30	6934-6935	(	
66-31	6935-6939	kept	
66-32	6940-6944	when	
66-33	6945-6949	many	
66-34	6950-6955	other	
66-35	6956-6962	little	
66-36	6963-6969	things	
66-37	6970-6973	had	
66-38	6974-6978	been	
66-39	6979-6983	sold	
66-40	6984-6986	in	
66-41	6987-6988	a	
66-42	6989-6992	lot	
66-43	6992-6993	)	
66-44	6993-6994	,	
66-45	6995-6997	in	
66-46	6998-7003	order	
66-47	7004-7006	to	
66-48	7007-7011	feed	
66-49	7012-7016	baby	
66-50	7016-7017	,	
66-51	7018-7021	and	
66-52	7022-7026	with	
66-53	7027-7029	it	
66-54	7030-7032	he	
66-55	7033-7039	forced	
66-56	7040-7043	one	
66-57	7044-7046	or	
66-58	7047-7050	two	
66-59	7051-7056	drops	
66-60	7057-7064	between	
66-61	7065-7068	her	
66-62	7069-7077	clenched	
66-63	7078-7083	teeth	
66-64	7083-7084	.	

#Text=The mouth opened mechanically to receive more, and gradually she revived.
67-1	7085-7088	The	
67-2	7089-7094	mouth	
67-3	7095-7101	opened	
67-4	7102-7114	mechanically	
67-5	7115-7117	to	
67-6	7118-7125	receive	
67-7	7126-7130	more	
67-8	7130-7131	,	
67-9	7132-7135	and	
67-10	7136-7145	gradually	
67-11	7146-7149	she	
67-12	7150-7157	revived	
67-13	7157-7158	.	

#Text=She sat up and looked round; and recollecting all, fell down again in weak and passive despair.
68-1	7159-7162	She	
68-2	7163-7166	sat	
68-3	7167-7169	up	
68-4	7170-7173	and	
68-5	7174-7180	looked	
68-6	7181-7186	round	
68-7	7186-7187	;	
68-8	7188-7191	and	
68-9	7192-7204	recollecting	
68-10	7205-7208	all	
68-11	7208-7209	,	
68-12	7210-7214	fell	
68-13	7215-7219	down	
68-14	7220-7225	again	
68-15	7226-7228	in	
68-16	7229-7233	weak	
68-17	7234-7237	and	
68-18	7238-7245	passive	
68-19	7246-7253	despair	
68-20	7253-7254	.	

#Text=Her little child crawled to her, and wiped with its fingers the thick-coming tears which she now had strength to weep.
69-1	7255-7258	Her	
69-2	7259-7265	little	
69-3	7266-7271	child	
69-4	7272-7279	crawled	
69-5	7280-7282	to	
69-6	7283-7286	her	
69-7	7286-7287	,	
69-8	7288-7291	and	
69-9	7292-7297	wiped	
69-10	7298-7302	with	
69-11	7303-7306	its	
69-12	7307-7314	fingers	
69-13	7315-7318	the	
69-14	7319-7331	thick-coming	
69-15	7332-7337	tears	
69-16	7338-7343	which	
69-17	7344-7347	she	
69-18	7348-7351	now	
69-19	7352-7355	had	
69-20	7356-7364	strength	
69-21	7365-7367	to	
69-22	7368-7372	weep	
69-23	7372-7373	.	

#Text=It was now high time to attend to the man.
70-1	7374-7376	It	
70-2	7377-7380	was	
70-3	7381-7384	now	
70-4	7385-7389	high	
70-5	7390-7394	time	
70-6	7395-7397	to	
70-7	7398-7404	attend	
70-8	7405-7407	to	
70-9	7408-7411	the	
70-10	7412-7415	man	
70-11	7415-7416	.	

#Text=He lay on straw, so damp and mouldy no dog would have chosen it in preference to flags; over it was a piece of sacking, coming next to his worn skeleton of a body; above him was mustered every article of clothing that could be spared by mother or children this bitter weather; and in addition to his own, these might have given as much warmth as one blanket, could they have been kept on him; but as he restlessly tossed to and fro, they fell off and left him shivering in spite of the burning heat of his skin.
71-1	7417-7419	He	
71-2	7420-7423	lay	
71-3	7424-7426	on	
71-4	7427-7432	straw	
71-5	7432-7433	,	
71-6	7434-7436	so	
71-7	7437-7441	damp	
71-8	7442-7445	and	
71-9	7446-7452	mouldy	
71-10	7453-7455	no	
71-11	7456-7459	dog	
71-12	7460-7465	would	
71-13	7466-7470	have	
71-14	7471-7477	chosen	
71-15	7478-7480	it	
71-16	7481-7483	in	
71-17	7484-7494	preference	
71-18	7495-7497	to	
71-19	7498-7503	flags	
71-20	7503-7504	;	
71-21	7505-7509	over	
71-22	7510-7512	it	
71-23	7513-7516	was	
71-24	7517-7518	a	
71-25	7519-7524	piece	
71-26	7525-7527	of	
71-27	7528-7535	sacking	
71-28	7535-7536	,	
71-29	7537-7543	coming	
71-30	7544-7548	next	
71-31	7549-7551	to	
71-32	7552-7555	his	
71-33	7556-7560	worn	
71-34	7561-7569	skeleton	
71-35	7570-7572	of	
71-36	7573-7574	a	
71-37	7575-7579	body	
71-38	7579-7580	;	
71-39	7581-7586	above	
71-40	7587-7590	him	
71-41	7591-7594	was	
71-42	7595-7603	mustered	
71-43	7604-7609	every	
71-44	7610-7617	article	
71-45	7618-7620	of	
71-46	7621-7629	clothing	
71-47	7630-7634	that	
71-48	7635-7640	could	
71-49	7641-7643	be	
71-50	7644-7650	spared	
71-51	7651-7653	by	
71-52	7654-7660	mother	
71-53	7661-7663	or	
71-54	7664-7672	children	
71-55	7673-7677	this	
71-56	7678-7684	bitter	
71-57	7685-7692	weather	
71-58	7692-7693	;	
71-59	7694-7697	and	
71-60	7698-7700	in	
71-61	7701-7709	addition	
71-62	7710-7712	to	
71-63	7713-7716	his	
71-64	7717-7720	own	
71-65	7720-7721	,	
71-66	7722-7727	these	
71-67	7728-7733	might	
71-68	7734-7738	have	
71-69	7739-7744	given	
71-70	7745-7747	as	
71-71	7748-7752	much	
71-72	7753-7759	warmth	
71-73	7760-7762	as	
71-74	7763-7766	one	
71-75	7767-7774	blanket	
71-76	7774-7775	,	
71-77	7776-7781	could	
71-78	7782-7786	they	
71-79	7787-7791	have	
71-80	7792-7796	been	
71-81	7797-7801	kept	
71-82	7802-7804	on	
71-83	7805-7808	him	
71-84	7808-7809	;	
71-85	7810-7813	but	
71-86	7814-7816	as	
71-87	7817-7819	he	
71-88	7820-7830	restlessly	
71-89	7831-7837	tossed	
71-90	7838-7840	to	
71-91	7841-7844	and	
71-92	7845-7848	fro	
71-93	7848-7849	,	
71-94	7850-7854	they	
71-95	7855-7859	fell	
71-96	7860-7863	off	
71-97	7864-7867	and	
71-98	7868-7872	left	
71-99	7873-7876	him	
71-100	7877-7886	shivering	
71-101	7887-7889	in	
71-102	7890-7895	spite	
71-103	7896-7898	of	
71-104	7899-7902	the	
71-105	7903-7910	burning	
71-106	7911-7915	heat	
71-107	7916-7918	of	
71-108	7919-7922	his	
71-109	7923-7927	skin	
71-110	7927-7928	.	

#Text=Every now and then he started up in his naked madness, looking like the prophet of woe in the fearful plague-picture; but he soon fell again in exhaustion, and Barton found he must be closely watched, lest in these falls he should injure himself against the hard brick floor.
72-1	7929-7934	Every	
72-2	7935-7938	now	
72-3	7939-7942	and	
72-4	7943-7947	then	
72-5	7948-7950	he	
72-6	7951-7958	started	
72-7	7959-7961	up	
72-8	7962-7964	in	
72-9	7965-7968	his	
72-10	7969-7974	naked	
72-11	7975-7982	madness	
72-12	7982-7983	,	
72-13	7984-7991	looking	
72-14	7992-7996	like	
72-15	7997-8000	the	
72-16	8001-8008	prophet	
72-17	8009-8011	of	
72-18	8012-8015	woe	
72-19	8016-8018	in	
72-20	8019-8022	the	
72-21	8023-8030	fearful	
72-22	8031-8045	plague-picture	
72-23	8045-8046	;	
72-24	8047-8050	but	
72-25	8051-8053	he	
72-26	8054-8058	soon	
72-27	8059-8063	fell	
72-28	8064-8069	again	
72-29	8070-8072	in	
72-30	8073-8083	exhaustion	
72-31	8083-8084	,	
72-32	8085-8088	and	
72-33	8089-8095	Barton	
72-34	8096-8101	found	
72-35	8102-8104	he	
72-36	8105-8109	must	
72-37	8110-8112	be	
72-38	8113-8120	closely	
72-39	8121-8128	watched	
72-40	8128-8129	,	
72-41	8130-8134	lest	
72-42	8135-8137	in	
72-43	8138-8143	these	
72-44	8144-8149	falls	
72-45	8150-8152	he	
72-46	8153-8159	should	
72-47	8160-8166	injure	
72-48	8167-8174	himself	
72-49	8175-8182	against	
72-50	8183-8186	the	
72-51	8187-8191	hard	
72-52	8192-8197	brick	
72-53	8198-8203	floor	
72-54	8203-8204	.	

#Text=He was thankful when Wilson re-appeared, carrying in both hands a jug of steaming tea, intended for the poor wife; but when the delirious husband saw drink, he snatched at it with animal instinct, with a selfishness he had never shown in health.
73-1	8205-8207	He	
73-2	8208-8211	was	
73-3	8212-8220	thankful	
73-4	8221-8225	when	
73-5	8226-8232	Wilson	
73-6	8233-8244	re-appeared	
73-7	8244-8245	,	
73-8	8246-8254	carrying	
73-9	8255-8257	in	
73-10	8258-8262	both	
73-11	8263-8268	hands	
73-12	8269-8270	a	
73-13	8271-8274	jug	
73-14	8275-8277	of	
73-15	8278-8286	steaming	
73-16	8287-8290	tea	
73-17	8290-8291	,	
73-18	8292-8300	intended	
73-19	8301-8304	for	
73-20	8305-8308	the	
73-21	8309-8313	poor	
73-22	8314-8318	wife	
73-23	8318-8319	;	
73-24	8320-8323	but	
73-25	8324-8328	when	
73-26	8329-8332	the	
73-27	8333-8342	delirious	
73-28	8343-8350	husband	
73-29	8351-8354	saw	
73-30	8355-8360	drink	
73-31	8360-8361	,	
73-32	8362-8364	he	
73-33	8365-8373	snatched	
73-34	8374-8376	at	
73-35	8377-8379	it	
73-36	8380-8384	with	
73-37	8385-8391	animal	
73-38	8392-8400	instinct	
73-39	8400-8401	,	
73-40	8402-8406	with	
73-41	8407-8408	a	
73-42	8409-8420	selfishness	
73-43	8421-8423	he	
73-44	8424-8427	had	
73-45	8428-8433	never	
73-46	8434-8439	shown	
73-47	8440-8442	in	
73-48	8443-8449	health	
73-49	8449-8450	.	

#Text=Then the two men consulted together.
74-1	8452-8456	Then	
74-2	8457-8460	the	
74-3	8461-8464	two	
74-4	8465-8468	men	
74-5	8469-8478	consulted	
74-6	8479-8487	together	
74-7	8487-8488	.	

#Text=It seemed decided, without a word being spoken on the subject, that both should spend the night with the forlorn couple; that was settled.
75-1	8489-8491	It	
75-2	8492-8498	seemed	
75-3	8499-8506	decided	
75-4	8506-8507	,	
75-5	8508-8515	without	
75-6	8516-8517	a	
75-7	8518-8522	word	
75-8	8523-8528	being	
75-9	8529-8535	spoken	
75-10	8536-8538	on	
75-11	8539-8542	the	
75-12	8543-8550	subject	
75-13	8550-8551	,	
75-14	8552-8556	that	
75-15	8557-8561	both	
75-16	8562-8568	should	
75-17	8569-8574	spend	
75-18	8575-8578	the	
75-19	8579-8584	night	
75-20	8585-8589	with	
75-21	8590-8593	the	
75-22	8594-8601	forlorn	
75-23	8602-8608	couple	
75-24	8608-8609	;	
75-25	8610-8614	that	
75-26	8615-8618	was	
75-27	8619-8626	settled	
75-28	8626-8627	.	

#Text=But could no doctor be had?
76-1	8628-8631	But	
76-2	8632-8637	could	
76-3	8638-8640	no	
76-4	8641-8647	doctor	
76-5	8648-8650	be	
76-6	8651-8654	had	
76-7	8654-8655	?	

#Text=In all probability, no; the next day an infirmary order might be begged, but meanwhile the only medical advice they could have must be from a druggist ' s.
77-1	8656-8658	In	
77-2	8659-8662	all	
77-3	8663-8674	probability	
77-4	8674-8675	,	
77-5	8676-8678	no	
77-6	8678-8679	;	
77-7	8680-8683	the	
77-8	8684-8688	next	
77-9	8689-8692	day	
77-10	8693-8695	an	
77-11	8696-8705	infirmary	
77-12	8706-8711	order	
77-13	8712-8717	might	
77-14	8718-8720	be	
77-15	8721-8727	begged	
77-16	8727-8728	,	
77-17	8729-8732	but	
77-18	8733-8742	meanwhile	
77-19	8743-8746	the	
77-20	8747-8751	only	
77-21	8752-8759	medical	
77-22	8760-8766	advice	
77-23	8767-8771	they	
77-24	8772-8777	could	
77-25	8778-8782	have	
77-26	8783-8787	must	
77-27	8788-8790	be	
77-28	8791-8795	from	
77-29	8796-8797	a	
77-30	8798-8806	druggist	
77-31	8807-8808	'	
77-32	8809-8810	s	
77-33	8810-8811	.	

#Text=So Barton (being the moneyed man) set out to find a shop in London Road.
78-1	8812-8814	So	
78-2	8815-8821	Barton	
78-3	8822-8823	(	
78-4	8823-8828	being	
78-5	8829-8832	the	
78-6	8833-8840	moneyed	
78-7	8841-8844	man	
78-8	8844-8845	)	
78-9	8846-8849	set	
78-10	8850-8853	out	
78-11	8854-8856	to	
78-12	8857-8861	find	
78-13	8862-8863	a	
78-14	8864-8868	shop	
78-15	8869-8871	in	
78-16	8872-8878	London	
78-17	8879-8883	Road	
78-18	8883-8884	.	

#Text=It is a pretty sight to walk through a street with lighted shops; the gas is so brilliant, the display of goods so much more vividly shown than by day, and of all shops a druggist ' s looks the most like the tales of our childhood, from Aladdin ' s garden of enchanted fruits to the charming Rosamond with her purple jar.
79-1	8886-8888	It	
79-2	8889-8891	is	
79-3	8892-8893	a	
79-4	8894-8900	pretty	
79-5	8901-8906	sight	
79-6	8907-8909	to	
79-7	8910-8914	walk	
79-8	8915-8922	through	
79-9	8923-8924	a	
79-10	8925-8931	street	
79-11	8932-8936	with	
79-12	8937-8944	lighted	
79-13	8945-8950	shops	
79-14	8950-8951	;	
79-15	8952-8955	the	
79-16	8956-8959	gas	
79-17	8960-8962	is	
79-18	8963-8965	so	
79-19	8966-8975	brilliant	
79-20	8975-8976	,	
79-21	8977-8980	the	
79-22	8981-8988	display	
79-23	8989-8991	of	
79-24	8992-8997	goods	
79-25	8998-9000	so	
79-26	9001-9005	much	
79-27	9006-9010	more	
79-28	9011-9018	vividly	
79-29	9019-9024	shown	
79-30	9025-9029	than	
79-31	9030-9032	by	
79-32	9033-9036	day	
79-33	9036-9037	,	
79-34	9038-9041	and	
79-35	9042-9044	of	
79-36	9045-9048	all	
79-37	9049-9054	shops	
79-38	9055-9056	a	
79-39	9057-9065	druggist	
79-40	9066-9067	'	
79-41	9068-9069	s	
79-42	9070-9075	looks	
79-43	9076-9079	the	
79-44	9080-9084	most	
79-45	9085-9089	like	
79-46	9090-9093	the	
79-47	9094-9099	tales	
79-48	9100-9102	of	
79-49	9103-9106	our	
79-50	9107-9116	childhood	
79-51	9116-9117	,	
79-52	9118-9122	from	
79-53	9123-9130	Aladdin	
79-54	9131-9132	'	
79-55	9133-9134	s	
79-56	9135-9141	garden	
79-57	9142-9144	of	
79-58	9145-9154	enchanted	
79-59	9155-9161	fruits	
79-60	9162-9164	to	
79-61	9165-9168	the	
79-62	9169-9177	charming	
79-63	9178-9186	Rosamond	
79-64	9187-9191	with	
79-65	9192-9195	her	
79-66	9196-9202	purple	
79-67	9203-9206	jar	
79-68	9206-9207	.	

#Text=No such associations had Barton; yet he felt the contrast between the well-filled, well-lighted shops and the dim gloomy cellar, and it made him moody that such contrasts should exist.
80-1	9208-9210	No	
80-2	9211-9215	such	
80-3	9216-9228	associations	
80-4	9229-9232	had	
80-5	9233-9239	Barton	
80-6	9239-9240	;	
80-7	9241-9244	yet	
80-8	9245-9247	he	
80-9	9248-9252	felt	
80-10	9253-9256	the	
80-11	9257-9265	contrast	
80-12	9266-9273	between	
80-13	9274-9277	the	
80-14	9278-9289	well-filled	
80-15	9289-9290	,	
80-16	9291-9303	well-lighted	
80-17	9304-9309	shops	
80-18	9310-9313	and	
80-19	9314-9317	the	
80-20	9318-9321	dim	
80-21	9322-9328	gloomy	
80-22	9329-9335	cellar	
80-23	9335-9336	,	
80-24	9337-9340	and	
80-25	9341-9343	it	
80-26	9344-9348	made	
80-27	9349-9352	him	
80-28	9353-9358	moody	
80-29	9359-9363	that	
80-30	9364-9368	such	
80-31	9369-9378	contrasts	
80-32	9379-9385	should	
80-33	9386-9391	exist	
80-34	9391-9392	.	

#Text=They are the mysterious problem of life to more than him.
81-1	9393-9397	They	
81-2	9398-9401	are	
81-3	9402-9405	the	
81-4	9406-9416	mysterious	
81-5	9417-9424	problem	
81-6	9425-9427	of	
81-7	9428-9432	life	
81-8	9433-9435	to	
81-9	9436-9440	more	
81-10	9441-9445	than	
81-11	9446-9449	him	
81-12	9449-9450	.	

#Text=He wondered if any in all the hurrying crowd had come from such a house of mourning.
82-1	9451-9453	He	
82-2	9454-9462	wondered	
82-3	9463-9465	if	
82-4	9466-9469	any	
82-5	9470-9472	in	
82-6	9473-9476	all	
82-7	9477-9480	the	
82-8	9481-9489	hurrying	
82-9	9490-9495	crowd	
82-10	9496-9499	had	
82-11	9500-9504	come	
82-12	9505-9509	from	
82-13	9510-9514	such	
82-14	9515-9516	a	
82-15	9517-9522	house	
82-16	9523-9525	of	
82-17	9526-9534	mourning	
82-18	9534-9535	.	

#Text=He thought they all looked joyous, and he was angry with them.
83-1	9536-9538	He	
83-2	9539-9546	thought	
83-3	9547-9551	they	
83-4	9552-9555	all	
83-5	9556-9562	looked	
83-6	9563-9569	joyous	
83-7	9569-9570	,	
83-8	9571-9574	and	
83-9	9575-9577	he	
83-10	9578-9581	was	
83-11	9582-9587	angry	
83-12	9588-9592	with	
83-13	9593-9597	them	
83-14	9597-9598	.	

#Text=But he could not, you cannot, read the lot of those who daily pass you by in the street.
84-1	9599-9602	But	
84-2	9603-9605	he	
84-3	9606-9611	could	
84-4	9612-9615	not	
84-5	9615-9616	,	
84-6	9617-9620	you	
84-7	9621-9627	cannot	
84-8	9627-9628	,	
84-9	9629-9633	read	
84-10	9634-9637	the	
84-11	9638-9641	lot	
84-12	9642-9644	of	
84-13	9645-9650	those	
84-14	9651-9654	who	
84-15	9655-9660	daily	
84-16	9661-9665	pass	
84-17	9666-9669	you	
84-18	9670-9672	by	
84-19	9673-9675	in	
84-20	9676-9679	the	
84-21	9680-9686	street	
84-22	9686-9687	.	

#Text=How do you know the wild romances of their lives; the trials, the temptations they are even now enduring, resisting, sinking under?
85-1	9688-9691	How	
85-2	9692-9694	do	
85-3	9695-9698	you	
85-4	9699-9703	know	
85-5	9704-9707	the	
85-6	9708-9712	wild	
85-7	9713-9721	romances	
85-8	9722-9724	of	
85-9	9725-9730	their	
85-10	9731-9736	lives	
85-11	9736-9737	;	
85-12	9738-9741	the	
85-13	9742-9748	trials	
85-14	9748-9749	,	
85-15	9750-9753	the	
85-16	9754-9765	temptations	
85-17	9766-9770	they	
85-18	9771-9774	are	
85-19	9775-9779	even	
85-20	9780-9783	now	
85-21	9784-9792	enduring	
85-22	9792-9793	,	
85-23	9794-9803	resisting	
85-24	9803-9804	,	
85-25	9805-9812	sinking	
85-26	9813-9818	under	
85-27	9818-9819	?	

#Text=You may be elbowed one instant by the girl desperate in her abandonment, laughing in mad merriment with her outward gesture, while her soul is longing for the rest of the dead, and bringing itself to think of the cold-flowing river as the only mercy of God remaining to her here.
86-1	9820-9823	You	
86-2	9824-9827	may	
86-3	9828-9830	be	
86-4	9831-9838	elbowed	
86-5	9839-9842	one	
86-6	9843-9850	instant	
86-7	9851-9853	by	
86-8	9854-9857	the	
86-9	9858-9862	girl	
86-10	9863-9872	desperate	
86-11	9873-9875	in	
86-12	9876-9879	her	
86-13	9880-9891	abandonment	
86-14	9891-9892	,	
86-15	9893-9901	laughing	
86-16	9902-9904	in	
86-17	9905-9908	mad	
86-18	9909-9918	merriment	
86-19	9919-9923	with	
86-20	9924-9927	her	
86-21	9928-9935	outward	
86-22	9936-9943	gesture	
86-23	9943-9944	,	
86-24	9945-9950	while	
86-25	9951-9954	her	
86-26	9955-9959	soul	
86-27	9960-9962	is	
86-28	9963-9970	longing	
86-29	9971-9974	for	
86-30	9975-9978	the	
86-31	9979-9983	rest	
86-32	9984-9986	of	
86-33	9987-9990	the	
86-34	9991-9995	dead	
86-35	9995-9996	,	
86-36	9997-10000	and	
86-37	10001-10009	bringing	
86-38	10010-10016	itself	
86-39	10017-10019	to	
86-40	10020-10025	think	
86-41	10026-10028	of	
86-42	10029-10032	the	
86-43	10033-10045	cold-flowing	
86-44	10046-10051	river	
86-45	10052-10054	as	
86-46	10055-10058	the	
86-47	10059-10063	only	
86-48	10064-10069	mercy	
86-49	10070-10072	of	
86-50	10073-10076	God	
86-51	10077-10086	remaining	
86-52	10087-10089	to	
86-53	10090-10093	her	
86-54	10094-10098	here	
86-55	10098-10099	.	

#Text=You may pass the criminal, meditating crimes at which you will to-morrow shudder with horror as you read them.
87-1	10100-10103	You	
87-2	10104-10107	may	
87-3	10108-10112	pass	
87-4	10113-10116	the	
87-5	10117-10125	criminal	
87-6	10125-10126	,	
87-7	10127-10137	meditating	
87-8	10138-10144	crimes	
87-9	10145-10147	at	
87-10	10148-10153	which	
87-11	10154-10157	you	
87-12	10158-10162	will	
87-13	10163-10172	to-morrow	
87-14	10173-10180	shudder	
87-15	10181-10185	with	
87-16	10186-10192	horror	
87-17	10193-10195	as	
87-18	10196-10199	you	
87-19	10200-10204	read	
87-20	10205-10209	them	
87-21	10209-10210	.	

#Text=You may push against one, humble and unnoticed, the last upon earth, who in Heaven will for ever be in the immediate light of God ' s countenance.
88-1	10211-10214	You	
88-2	10215-10218	may	
88-3	10219-10223	push	
88-4	10224-10231	against	
88-5	10232-10235	one	
88-6	10235-10236	,	
88-7	10237-10243	humble	
88-8	10244-10247	and	
88-9	10248-10257	unnoticed	
88-10	10257-10258	,	
88-11	10259-10262	the	
88-12	10263-10267	last	
88-13	10268-10272	upon	
88-14	10273-10278	earth	
88-15	10278-10279	,	
88-16	10280-10283	who	
88-17	10284-10286	in	
88-18	10287-10293	Heaven	
88-19	10294-10298	will	
88-20	10299-10302	for	
88-21	10303-10307	ever	
88-22	10308-10310	be	
88-23	10311-10313	in	
88-24	10314-10317	the	
88-25	10318-10327	immediate	
88-26	10328-10333	light	
88-27	10334-10336	of	
88-28	10337-10340	God	
88-29	10341-10342	'	
88-30	10343-10344	s	
88-31	10345-10356	countenance	
88-32	10356-10357	.	

#Text=Errands of mercy—errands of sin—did you ever think where all the thousands of people you daily meet are bound?
89-1	10358-10365	Errands	
89-2	10366-10368	of	
89-3	10369-10382	mercy—errands	
89-4	10383-10385	of	
89-5	10386-10393	sin—did	
89-6	10394-10397	you	
89-7	10398-10402	ever	
89-8	10403-10408	think	
89-9	10409-10414	where	
89-10	10415-10418	all	
89-11	10419-10422	the	
89-12	10423-10432	thousands	
89-13	10433-10435	of	
89-14	10436-10442	people	
89-15	10443-10446	you	
89-16	10447-10452	daily	
89-17	10453-10457	meet	
89-18	10458-10461	are	
89-19	10462-10467	bound	
89-20	10467-10468	?	

#Text=Barton ' s was an errand of mercy; but the thoughts of his heart were touched by sin, by bitter hatred of the happy, whom he, for the time, confounded with the selfish.
90-1	10469-10475	Barton	
90-2	10476-10477	'	
90-3	10478-10479	s	
90-4	10480-10483	was	
90-5	10484-10486	an	
90-6	10487-10493	errand	
90-7	10494-10496	of	
90-8	10497-10502	mercy	
90-9	10502-10503	;	
90-10	10504-10507	but	
90-11	10508-10511	the	
90-12	10512-10520	thoughts	
90-13	10521-10523	of	
90-14	10524-10527	his	
90-15	10528-10533	heart	
90-16	10534-10538	were	
90-17	10539-10546	touched	
90-18	10547-10549	by	
90-19	10550-10553	sin	
90-20	10553-10554	,	
90-21	10555-10557	by	
90-22	10558-10564	bitter	
90-23	10565-10571	hatred	
90-24	10572-10574	of	
90-25	10575-10578	the	
90-26	10579-10584	happy	
90-27	10584-10585	,	
90-28	10586-10590	whom	
90-29	10591-10593	he	
90-30	10593-10594	,	
90-31	10595-10598	for	
90-32	10599-10602	the	
90-33	10603-10607	time	
90-34	10607-10608	,	
90-35	10609-10619	confounded	
90-36	10620-10624	with	
90-37	10625-10628	the	
90-38	10629-10636	selfish	
90-39	10636-10637	.	

#Text=He reached a druggist ' s shop, and entered.
91-1	10639-10641	He	
91-2	10642-10649	reached	
91-3	10650-10651	a	
91-4	10652-10660	druggist	
91-5	10661-10662	'	
91-6	10663-10664	s	
91-7	10665-10669	shop	
91-8	10669-10670	,	
91-9	10671-10674	and	
91-10	10675-10682	entered	
91-11	10682-10683	.	

#Text=The druggist (whose smooth manners seemed to have been salved over with his own spermaceti) listened attentively to Barton ' s description of Davenport ' s illness; concluded it was typhus fever, very prevalent in that neighbourhood; and proceeded to make up a bottle of medicine, sweet spirits of nitre, or some such innocent potion, very good for slight colds, but utterly powerless to stop, for an instant, the raging fever of the poor man it was intended to relieve.
92-1	10684-10687	The	
92-2	10688-10696	druggist	
92-3	10697-10698	(	
92-4	10698-10703	whose	
92-5	10704-10710	smooth	
92-6	10711-10718	manners	
92-7	10719-10725	seemed	
92-8	10726-10728	to	
92-9	10729-10733	have	
92-10	10734-10738	been	
92-11	10739-10745	salved	
92-12	10746-10750	over	
92-13	10751-10755	with	
92-14	10756-10759	his	
92-15	10760-10763	own	
92-16	10764-10774	spermaceti	
92-17	10774-10775	)	
92-18	10776-10784	listened	
92-19	10785-10796	attentively	
92-20	10797-10799	to	
92-21	10800-10806	Barton	
92-22	10807-10808	'	
92-23	10809-10810	s	
92-24	10811-10822	description	
92-25	10823-10825	of	
92-26	10826-10835	Davenport	
92-27	10836-10837	'	
92-28	10838-10839	s	
92-29	10840-10847	illness	
92-30	10847-10848	;	
92-31	10849-10858	concluded	
92-32	10859-10861	it	
92-33	10862-10865	was	
92-34	10866-10872	typhus	
92-35	10873-10878	fever	
92-36	10878-10879	,	
92-37	10880-10884	very	
92-38	10885-10894	prevalent	
92-39	10895-10897	in	
92-40	10898-10902	that	
92-41	10903-10916	neighbourhood	
92-42	10916-10917	;	
92-43	10918-10921	and	
92-44	10922-10931	proceeded	
92-45	10932-10934	to	
92-46	10935-10939	make	
92-47	10940-10942	up	
92-48	10943-10944	a	
92-49	10945-10951	bottle	
92-50	10952-10954	of	
92-51	10955-10963	medicine	
92-52	10963-10964	,	
92-53	10965-10970	sweet	
92-54	10971-10978	spirits	
92-55	10979-10981	of	
92-56	10982-10987	nitre	
92-57	10987-10988	,	
92-58	10989-10991	or	
92-59	10992-10996	some	
92-60	10997-11001	such	
92-61	11002-11010	innocent	
92-62	11011-11017	potion	
92-63	11017-11018	,	
92-64	11019-11023	very	
92-65	11024-11028	good	
92-66	11029-11032	for	
92-67	11033-11039	slight	
92-68	11040-11045	colds	
92-69	11045-11046	,	
92-70	11047-11050	but	
92-71	11051-11058	utterly	
92-72	11059-11068	powerless	
92-73	11069-11071	to	
92-74	11072-11076	stop	
92-75	11076-11077	,	
92-76	11078-11081	for	
92-77	11082-11084	an	
92-78	11085-11092	instant	
92-79	11092-11093	,	
92-80	11094-11097	the	
92-81	11098-11104	raging	
92-82	11105-11110	fever	
92-83	11111-11113	of	
92-84	11114-11117	the	
92-85	11118-11122	poor	
92-86	11123-11126	man	
92-87	11127-11129	it	
92-88	11130-11133	was	
92-89	11134-11142	intended	
92-90	11143-11145	to	
92-91	11146-11153	relieve	
92-92	11153-11154	.	

#Text=He recommended the same course they had previously determined to adopt, applying the next morning for an infirmary order; and Barton left the shop with comfortable faith in the physic given him; for men of his class, if they believe in physic at all, believe that every description is equally efficacious.
93-1	11155-11157	He	
93-2	11158-11169	recommended	
93-3	11170-11173	the	
93-4	11174-11178	same	
93-5	11179-11185	course	
93-6	11186-11190	they	
93-7	11191-11194	had	
93-8	11195-11205	previously	
93-9	11206-11216	determined	
93-10	11217-11219	to	
93-11	11220-11225	adopt	
93-12	11225-11226	,	
93-13	11227-11235	applying	
93-14	11236-11239	the	
93-15	11240-11244	next	
93-16	11245-11252	morning	
93-17	11253-11256	for	
93-18	11257-11259	an	
93-19	11260-11269	infirmary	
93-20	11270-11275	order	
93-21	11275-11276	;	
93-22	11277-11280	and	
93-23	11281-11287	Barton	
93-24	11288-11292	left	
93-25	11293-11296	the	
93-26	11297-11301	shop	
93-27	11302-11306	with	
93-28	11307-11318	comfortable	
93-29	11319-11324	faith	
93-30	11325-11327	in	
93-31	11328-11331	the	
93-32	11332-11338	physic	
93-33	11339-11344	given	
93-34	11345-11348	him	
93-35	11348-11349	;	
93-36	11350-11353	for	
93-37	11354-11357	men	
93-38	11358-11360	of	
93-39	11361-11364	his	
93-40	11365-11370	class	
93-41	11370-11371	,	
93-42	11372-11374	if	
93-43	11375-11379	they	
93-44	11380-11387	believe	
93-45	11388-11390	in	
93-46	11391-11397	physic	
93-47	11398-11400	at	
93-48	11401-11404	all	
93-49	11404-11405	,	
93-50	11406-11413	believe	
93-51	11414-11418	that	
93-52	11419-11424	every	
93-53	11425-11436	description	
93-54	11437-11439	is	
93-55	11440-11447	equally	
93-56	11448-11459	efficacious	
93-57	11459-11460	.	

#Text=Meanwhile, Wilson had done what he could at Davenport ' s home.
94-1	11462-11471	Meanwhile	
94-2	11471-11472	,	
94-3	11473-11479	Wilson	
94-4	11480-11483	had	
94-5	11484-11488	done	
94-6	11489-11493	what	
94-7	11494-11496	he	
94-8	11497-11502	could	
94-9	11503-11505	at	
94-10	11506-11515	Davenport	
94-11	11516-11517	'	
94-12	11518-11519	s	
94-13	11520-11524	home	
94-14	11524-11525	.	

#Text=He had soothed, and covered the man many a time; he had fed and hushed the little child, and spoken tenderly to the woman, who lay still in her weakness and her weariness.
95-1	11526-11528	He	
95-2	11529-11532	had	
95-3	11533-11540	soothed	
95-4	11540-11541	,	
95-5	11542-11545	and	
95-6	11546-11553	covered	
95-7	11554-11557	the	
95-8	11558-11561	man	
95-9	11562-11566	many	
95-10	11567-11568	a	
95-11	11569-11573	time	
95-12	11573-11574	;	
95-13	11575-11577	he	
95-14	11578-11581	had	
95-15	11582-11585	fed	
95-16	11586-11589	and	
95-17	11590-11596	hushed	
95-18	11597-11600	the	
95-19	11601-11607	little	
95-20	11608-11613	child	
95-21	11613-11614	,	
95-22	11615-11618	and	
95-23	11619-11625	spoken	
95-24	11626-11634	tenderly	
95-25	11635-11637	to	
95-26	11638-11641	the	
95-27	11642-11647	woman	
95-28	11647-11648	,	
95-29	11649-11652	who	
95-30	11653-11656	lay	
95-31	11657-11662	still	
95-32	11663-11665	in	
95-33	11666-11669	her	
95-34	11670-11678	weakness	
95-35	11679-11682	and	
95-36	11683-11686	her	
95-37	11687-11696	weariness	
95-38	11696-11697	.	

#Text=He had opened a door, but only for an instant; it led into a back cellar, with a grating instead of a window, down which dropped the moisture from pigsties, and worse abominations.
96-1	11698-11700	He	
96-2	11701-11704	had	
96-3	11705-11711	opened	
96-4	11712-11713	a	
96-5	11714-11718	door	
96-6	11718-11719	,	
96-7	11720-11723	but	
96-8	11724-11728	only	
96-9	11729-11732	for	
96-10	11733-11735	an	
96-11	11736-11743	instant	
96-12	11743-11744	;	
96-13	11745-11747	it	
96-14	11748-11751	led	
96-15	11752-11756	into	
96-16	11757-11758	a	
96-17	11759-11763	back	
96-18	11764-11770	cellar	
96-19	11770-11771	,	
96-20	11772-11776	with	
96-21	11777-11778	a	
96-22	11779-11786	grating	
96-23	11787-11794	instead	
96-24	11795-11797	of	
96-25	11798-11799	a	
96-26	11800-11806	window	
96-27	11806-11807	,	
96-28	11808-11812	down	
96-29	11813-11818	which	
96-30	11819-11826	dropped	
96-31	11827-11830	the	
96-32	11831-11839	moisture	
96-33	11840-11844	from	
96-34	11845-11853	pigsties	
96-35	11853-11854	,	
96-36	11855-11858	and	
96-37	11859-11864	worse	
96-38	11865-11877	abominations	
96-39	11877-11878	.	

#Text=It was not paved; the floor was one mass of bad smelling mud.
97-1	11879-11881	It	
97-2	11882-11885	was	
97-3	11886-11889	not	
97-4	11890-11895	paved	
97-5	11895-11896	;	
97-6	11897-11900	the	
97-7	11901-11906	floor	
97-8	11907-11910	was	
97-9	11911-11914	one	
97-10	11915-11919	mass	
97-11	11920-11922	of	
97-12	11923-11926	bad	
97-13	11927-11935	smelling	
97-14	11936-11939	mud	
97-15	11939-11940	.	

#Text=It had never been used, for there was not an article of furniture in it; nor could a human being, much less a pig, have lived there many days.
98-1	11941-11943	It	
98-2	11944-11947	had	
98-3	11948-11953	never	
98-4	11954-11958	been	
98-5	11959-11963	used	
98-6	11963-11964	,	
98-7	11965-11968	for	
98-8	11969-11974	there	
98-9	11975-11978	was	
98-10	11979-11982	not	
98-11	11983-11985	an	
98-12	11986-11993	article	
98-13	11994-11996	of	
98-14	11997-12006	furniture	
98-15	12007-12009	in	
98-16	12010-12012	it	
98-17	12012-12013	;	
98-18	12014-12017	nor	
98-19	12018-12023	could	
98-20	12024-12025	a	
98-21	12026-12031	human	
98-22	12032-12037	being	
98-23	12037-12038	,	
98-24	12039-12043	much	
98-25	12044-12048	less	
98-26	12049-12050	a	
98-27	12051-12054	pig	
98-28	12054-12055	,	
98-29	12056-12060	have	
98-30	12061-12066	lived	
98-31	12067-12072	there	
98-32	12073-12077	many	
98-33	12078-12082	days	
98-34	12082-12083	.	

#Text=Yet the "back apartment" made a difference in the rent.
99-1	12084-12087	Yet	
99-2	12088-12091	the	
99-3	12092-12093	"	
99-4	12093-12097	back	
99-5	12098-12107	apartment	
99-6	12107-12108	"	
99-7	12109-12113	made	
99-8	12114-12115	a	
99-9	12116-12126	difference	
99-10	12127-12129	in	
99-11	12130-12133	the	
99-12	12134-12138	rent	
99-13	12138-12139	.	

#Text=The Davenports paid threepence more for having two rooms.
100-1	12140-12143	The	
100-2	12144-12154	Davenports	
100-3	12155-12159	paid	
100-4	12160-12170	threepence	
100-5	12171-12175	more	
100-6	12176-12179	for	
100-7	12180-12186	having	
100-8	12187-12190	two	
100-9	12191-12196	rooms	
100-10	12196-12197	.	

#Text=When he turned round again, he saw the woman suckling the child from her dry, withered breast.
101-1	12198-12202	When	
101-2	12203-12205	he	
101-3	12206-12212	turned	
101-4	12213-12218	round	
101-5	12219-12224	again	
101-6	12224-12225	,	
101-7	12226-12228	he	
101-8	12229-12232	saw	
101-9	12233-12236	the	
101-10	12237-12242	woman	
101-11	12243-12251	suckling	
101-12	12252-12255	the	
101-13	12256-12261	child	
101-14	12262-12266	from	
101-15	12267-12270	her	
101-16	12271-12274	dry	
101-17	12274-12275	,	
101-18	12276-12284	withered	
101-19	12285-12291	breast	
101-20	12291-12292	.	

#Text="Surely the lad is weaned!"
102-1	12294-12295	"	
102-2	12295-12301	Surely	
102-3	12302-12305	the	
102-4	12306-12309	lad	
102-5	12310-12312	is	
102-6	12313-12319	weaned	
102-7	12319-12320	!	
102-8	12320-12321	"	

#Text=exclaimed he, in surprise.
103-1	12322-12331	exclaimed	
103-2	12332-12334	he	
103-3	12334-12335	,	
103-4	12336-12338	in	
103-5	12339-12347	surprise	
103-6	12347-12348	.	

#Text="Why, how old is he?"
104-1	12349-12350	"	
104-2	12350-12353	Why	
104-3	12353-12354	,	
104-4	12355-12358	how	
104-5	12359-12362	old	
104-6	12363-12365	is	
104-7	12366-12368	he	
104-8	12368-12369	?	
104-9	12369-12370	"	
