#FORMAT=WebAnno TSV 3.3
#T_SP=custom.Span|label


#Text=Mindeſtens müſſen wir uns mit einer ſo allgemeinen An-
#Text=nahme für ſolange begnügen, bis ein anderweiter einwandfreier Beweis für
#Text=die Wirkung der Oele erbracht ſein wird.
1-1	2-12	Mindeſtens	_	
1-2	13-19	müſſen	_	
1-3	20-23	wir	_	
1-4	24-27	uns	_	
1-5	28-31	mit	_	
1-6	32-37	einer	_	
1-7	38-40	ſo	_	
1-8	41-52	allgemeinen	_	
1-9	53-55	An	_	
1-10	55-56	-	_	
1-11	57-62	nahme	_	
1-12	63-66	für	_	
1-13	67-74	ſolange	_	
1-14	75-83	begnügen	_	
1-15	83-84	,	_	
1-16	85-88	bis	_	
1-17	89-92	ein	_	
1-18	93-104	anderweiter	_	
1-19	105-118	einwandfreier	_	
1-20	119-125	Beweis	_	
1-21	126-129	für	_	
1-22	130-133	die	_	
1-23	134-141	Wirkung	_	
1-24	142-145	der	_	
1-25	146-150	Oele	_	
1-26	151-159	erbracht	_	
1-27	160-164	ſein	_	
1-28	165-169	wird	_	
1-29	169-170	.	_	

#Text=Anwendung finden die Fette und Oele teils als Oelbeizen, und zwar
#Text=auf Baumwolle und zum Fixieren von Thonerdebeizen, ſowie als Einfet-
#Text=tungsmittel und auch in der Appretur.
#Text=
#Text=
#Text=
#Text=1.
2-1	174-183	Anwendung	_	
2-2	184-190	finden	_	
2-3	191-194	die	_	
2-4	195-200	Fette	_	
2-5	201-204	und	_	
2-6	205-209	Oele	_	
2-7	210-215	teils	_	
2-8	216-219	als	_	
2-9	220-229	Oelbeizen	_	
2-10	229-230	,	_	
2-11	231-234	und	_	
2-12	235-239	zwar	_	
2-13	240-243	auf	_	
2-14	244-253	Baumwolle	_	
2-15	254-257	und	_	
2-16	258-261	zum	_	
2-17	262-270	Fixieren	_	
2-18	271-274	von	_	
2-19	275-289	Thonerdebeizen	_	
2-20	289-290	,	_	
2-21	291-296	ſowie	_	
2-22	297-300	als	_	
2-23	301-307	Einfet	_	
2-24	307-308	-	_	
2-25	309-320	tungsmittel	_	
2-26	321-324	und	_	
2-27	325-329	auch	_	
2-28	330-332	in	_	
2-29	333-336	der	_	
2-30	337-345	Appretur	_	
2-31	345-346	.	_	
2-32	350-351	1	_	
2-33	351-352	.	_	

#Text=Olivenöl, Baumöl, Provenceröl, Tournantöl.
3-1	353-361	Olivenöl	_	
3-2	361-362	,	_	
3-3	363-369	Baumöl	_	
3-4	369-370	,	_	
3-5	371-382	Provenceröl	_	
3-6	382-383	,	_	
3-7	384-394	Tournantöl	_	
3-8	394-395	.	_	

#Text=Das aus
#Text=dem Fruchtfleiſch der Oliven, der Früchte des Oelbaums, Olea euro-
#Text=paea L., durch Preſſen gewonnene Oel.
4-1	396-399	Das	_	
4-2	400-403	aus	_	
4-3	404-407	dem	_	
4-4	408-421	Fruchtfleiſch	_	
4-5	422-425	der	_	
4-6	426-432	Oliven	_	
4-7	432-433	,	_	
4-8	434-437	der	_	
4-9	438-445	Früchte	_	
4-10	446-449	des	_	
4-11	450-458	Oelbaums	_	
4-12	458-459	,	_	
4-13	460-464	Olea	_	
4-14	465-469	euro	_	
4-15	469-470	-	_	
4-16	471-475	paea	_	
4-17	476-477	L	_	
4-18	477-478	.	_	
4-19	478-479	,	_	
4-20	480-485	durch	_	
4-21	486-493	Preſſen	_	
4-22	494-503	gewonnene	_	
4-23	504-507	Oel	_	
4-24	507-508	.	_	

#Text=Die erſte Preſſung geſchieht kalt
#Text=
#Text=und ohne großen Druck, ſie liefert das feinſte Olivenöl, welches als Jungfernöl,
#Text=huile de vierge, in den Handel kommt.
5-1	509-512	Die	_	
5-2	513-518	erſte	_	
5-3	519-527	Preſſung	_	
5-4	528-537	geſchieht	_	
5-5	538-542	kalt	_	
5-6	544-547	und	_	
5-7	548-552	ohne	_	
5-8	553-559	großen	_	
5-9	560-565	Druck	_	
5-10	565-566	,	_	
5-11	567-570	ſie	_	
5-12	571-578	liefert	_	
5-13	579-582	das	_	
5-14	583-590	feinſte	_	
5-15	591-599	Olivenöl	_	
5-16	599-600	,	_	
5-17	601-608	welches	_	
5-18	609-612	als	_	
5-19	613-623	Jungfernöl	_	
5-20	623-624	,	_	
5-21	625-630	huile	_	
5-22	631-633	de	_	
5-23	634-640	vierge	_	
5-24	640-641	,	_	
5-25	642-644	in	_	
5-26	645-648	den	_	
5-27	649-655	Handel	_	
5-28	656-661	kommt	_	
5-29	661-662	.	_	

#Text=Dann folgt eine zweite ſehr ſcharfe
#Text=kalte, und darauf eine dritte heiße Preſſung.
6-1	663-667	Dann	_	
6-2	668-673	folgt	_	
6-3	674-678	eine	_	
6-4	679-685	zweite	_	
6-5	686-690	ſehr	_	
6-6	691-698	ſcharfe	_	
6-7	699-704	kalte	_	
6-8	704-705	,	_	
6-9	706-709	und	_	
6-10	710-716	darauf	_	
6-11	717-721	eine	_	
6-12	722-728	dritte	_	
6-13	729-734	heiße	_	
6-14	735-743	Preſſung	_	
6-15	743-744	.	_	

#Text=Die zweite Preſſung liefert
#Text=noch ein klares, gelbes, als Speiſeöl verwendbares Olivenöl;
#Text=die dritte
#Text=Preſſung gibt das bereits eigentümlich ranzig riechende grünliche Baumöl.
7-1	745-748	Die	_	
7-2	749-755	zweite	_	
7-3	756-764	Preſſung	_	
7-4	765-772	liefert	_	
7-5	773-777	noch	_	
7-6	778-781	ein	_	
7-7	782-788	klares	_	
7-8	788-789	,	_	
7-9	790-796	gelbes	_	
7-10	796-797	,	_	
7-11	798-801	als	_	
7-12	802-810	Speiſeöl	_	
7-13	811-823	verwendbares	_	
7-14	824-832	Olivenöl	_	
7-15	832-833	;	_	
7-16	834-837	die	Circumstances[1]	
7-17	838-844	dritte	Circumstances[1]	
7-18	845-853	Preſſung	Circumstances[1]	
7-19	854-858	gibt	_	
7-20	859-862	das	_	
7-21	863-870	bereits	_	
7-22	871-883	eigentümlich	Quality	
7-23	884-890	ranzig	Quality	
7-24	891-900	riechende	Smell\_Word	
7-25	901-910	grünliche	Smell\_Source[2]	
7-26	911-917	Baumöl	Smell\_Source[2]	
7-27	917-918	.	_	

#Text=Nach der dritten Preſſung wird der Preßkuchen zerkleinert, mit überhitztem
#Text=Waſſerdampf behandelt und nochmals ſcharf heiß gepreßt.
8-1	921-925	Nach	_	
8-2	926-929	der	_	
8-3	930-937	dritten	_	
8-4	938-946	Preſſung	_	
8-5	947-951	wird	_	
8-6	952-955	der	_	
8-7	956-966	Preßkuchen	_	
8-8	967-978	zerkleinert	_	
8-9	978-979	,	_	
8-10	980-983	mit	_	
8-11	984-995	überhitztem	_	
8-12	996-1007	Waſſerdampf	_	
8-13	1008-1017	behandelt	_	
8-14	1018-1021	und	_	
8-15	1022-1030	nochmals	_	
8-16	1031-1037	ſcharf	_	
8-17	1038-1042	heiß	_	
8-18	1043-1050	gepreßt	_	
8-19	1050-1051	.	_	

#Text=Man erhält ſo
#Text=
#Text=
#Text=das Tournantöl, ein dickes trübes ranziges Oel, welches durch Erwärmen
#Text=ein klares gelbes Oel von 0,916 bis 0,918 ſpez.
9-1	1052-1055	Man	_	
9-2	1056-1062	erhält	_	
9-3	1063-1065	ſo	_	
9-4	1068-1071	das	_	
9-5	1072-1082	Tournantöl	_	
9-6	1082-1083	,	_	
9-7	1084-1087	ein	_	
9-8	1088-1094	dickes	_	
9-9	1095-1101	trübes	_	
9-10	1102-1110	ranziges	_	
9-11	1111-1114	Oel	_	
9-12	1114-1115	,	_	
9-13	1116-1123	welches	_	
9-14	1124-1129	durch	_	
9-15	1130-1138	Erwärmen	_	
9-16	1139-1142	ein	_	
9-17	1143-1149	klares	_	
9-18	1150-1156	gelbes	_	
9-19	1157-1160	Oel	_	
9-20	1161-1164	von	_	
9-21	1165-1170	0,916	_	
9-22	1171-1174	bis	_	
9-23	1175-1180	0,918	_	
9-24	1181-1185	ſpez	_	
9-25	1185-1186	.	_	

#Text=Gewicht gibt.
10-1	1187-1194	Gewicht	_	
10-2	1195-1199	gibt	_	
10-3	1199-1200	.	_	

#Text=Dieſes
#Text=
#Text=Tournantöl iſt das in der Färberei verwendete Oel.
11-1	1201-1207	Dieſes	_	
11-2	1209-1219	Tournantöl	_	
11-3	1220-1223	iſt	_	
11-4	1224-1227	das	_	
11-5	1228-1230	in	_	
11-6	1231-1234	der	_	
11-7	1235-1243	Färberei	_	
11-8	1244-1254	verwendete	_	
11-9	1255-1258	Oel	_	
11-10	1258-1259	.	_	

#Text=Die Anwendung iſt
#Text=eine beſchränkte;
12-1	1260-1263	Die	_	
12-2	1264-1273	Anwendung	_	
12-3	1274-1277	iſt	_	
12-4	1278-1282	eine	_	
12-5	1283-1294	beſchränkte	_	
12-6	1294-1295	;	_	
