#FORMAT=WebAnno TSV 3.3


#Text=zibechum & mofchum net glexerit.
1-1	2-10	zibechum	
1-2	11-12	&	
1-3	13-20	mofchum	
1-4	21-24	net	
1-5	25-33	glexerit	
1-6	33-34	.	

#Text=Neque enim edi.
2-1	35-40	Neque	
2-2	41-45	enim	
2-3	46-49	edi	
2-4	49-50	.	

#Text=Cur vete.
#Text=res ambra
#Text=
#Text=
#Text=
#Text=
#Text=
#Text=gaita,
#Text=
#Text=
#Text=
#Text=de nasca.
#Text=stimandum eft,vt aliqui fálSò existimasse vidétur, haec Ambra mo: pura fynceraque antiquitùs hos albe non fuisse , fed non fecus ac quitus cod opere aliquo; & artificio fa.
#Text=da, noftris temporibus in vniuerfitatem rerum emanal fe Etenim ambra, siue sit Ambra yabalenae semen, vt nonnul- tur : li arbitrati funt ; fiue fter cus quarundam auium :O doriferis herbis educatarú, in fcopulis agglutinatum; fiue pungi cuiųldam marini species, d'fundo, vbi na.
#Text=fcitur,agitatione maris eru.
#Text=ta, frie; quod
#Text=
#Text=Ronodaco pla cet; fic bituminis quoddam getnis, e maris alueo pro
#Text=
#Text=cel.
#Text=minatur,
#Text=
#Text=
#Text=
#Text=pram odoraberis , vix quic quam fenties w quod nares obiectet.
#Text=fi demum liquo It mollitum frices, bene
#Text=
#Text=elere percipies; non tamen Ambra exa fuauissime.
3-1	51-54	Cur	
3-2	55-59	vete	
3-3	59-60	.	
3-4	61-64	res	
3-5	65-70	ambra	
3-6	76-81	gaita	
3-7	81-82	,	
3-8	86-88	de	
3-9	89-94	nasca	
3-10	94-95	.	
3-11	96-105	stimandum	
3-12	106-109	eft	
3-13	109-110	,	
3-14	110-112	vt	
3-15	113-119	aliqui	
3-16	120-125	fálSò	
3-17	126-137	existimasse	
3-18	138-145	vidétur	
3-19	145-146	,	
3-20	147-151	haec	
3-21	152-157	Ambra	
3-22	158-160	mo	
3-23	160-161	:	
3-24	162-166	pura	
3-25	167-177	fynceraque	
3-26	178-188	antiquitùs	
3-27	189-192	hos	
3-28	193-197	albe	
3-29	198-201	non	
3-30	202-208	fuisse	
3-31	209-210	,	
3-32	211-214	fed	
3-33	215-218	non	
3-34	219-224	fecus	
3-35	225-227	ac	
3-36	228-234	quitus	
3-37	235-238	cod	
3-38	239-244	opere	
3-39	245-251	aliquo	
3-40	251-252	;	
3-41	253-254	&	
3-42	255-264	artificio	
3-43	265-267	fa	
3-44	267-268	.	
3-45	269-271	da	
3-46	271-272	,	
3-47	273-280	noftris	
3-48	281-291	temporibus	
3-49	292-294	in	
3-50	295-308	vniuerfitatem	
3-51	309-314	rerum	
3-52	315-321	emanal	
3-53	322-324	fe	
3-54	325-331	Etenim	
3-55	332-337	ambra	
3-56	337-338	,	
3-57	339-343	siue	
3-58	344-347	sit	
3-59	348-353	Ambra	
3-60	354-363	yabalenae	
3-61	364-369	semen	
3-62	369-370	,	
3-63	371-373	vt	
3-64	374-380	nonnul	
3-65	380-381	-	
3-66	382-385	tur	
3-67	386-387	:	
3-68	388-390	li	
3-69	391-400	arbitrati	
3-70	401-405	funt	
3-71	406-407	;	
3-72	408-412	fiue	
3-73	413-417	fter	
3-74	418-421	cus	
3-75	422-431	quarundam	
3-76	432-437	auium	
3-77	438-439	:	
3-78	439-440	O	
3-79	441-450	doriferis	
3-80	451-457	herbis	
3-81	458-467	educatarú	
3-82	467-468	,	
3-83	469-471	in	
3-84	472-480	fcopulis	
3-85	481-493	agglutinatum	
3-86	493-494	;	
3-87	495-499	fiue	
3-88	500-505	pungi	
3-89	506-514	cuiųldam	
3-90	515-521	marini	
3-91	522-529	species	
3-92	529-530	,	
3-93	531-538	d'fundo	
3-94	538-539	,	
3-95	540-543	vbi	
3-96	544-546	na	
3-97	546-547	.	
3-98	548-554	fcitur	
3-99	554-555	,	
3-100	555-565	agitatione	
3-101	566-571	maris	
3-102	572-575	eru	
3-103	575-576	.	
3-104	577-579	ta	
3-105	579-580	,	
3-106	581-585	frie	
3-107	585-586	;	
3-108	587-591	quod	
3-109	593-601	Ronodaco	
3-110	602-605	pla	
3-111	606-609	cet	
3-112	609-610	;	
3-113	611-614	fic	
3-114	615-624	bituminis	
3-115	625-632	quoddam	
3-116	633-639	getnis	
3-117	639-640	,	
3-118	641-642	e	
3-119	643-648	maris	
3-120	649-654	alueo	
3-121	655-658	pro	
3-122	660-663	cel	
3-123	663-664	.	
3-124	665-672	minatur	
3-125	672-673	,	
3-126	677-681	pram	
3-127	682-692	odoraberis	
3-128	693-694	,	
3-129	695-698	vix	
3-130	699-703	quic	
3-131	704-708	quam	
3-132	709-716	fenties	
3-133	717-718	w	
3-134	719-723	quod	
3-135	724-729	nares	
3-136	730-738	obiectet	
3-137	738-739	.	
3-138	740-742	fi	
3-139	743-748	demum	
3-140	749-754	liquo	
3-141	755-757	It	
3-142	758-766	mollitum	
3-143	767-773	frices	
3-144	773-774	,	
3-145	775-779	bene	
3-146	781-786	elere	
3-147	787-796	percipies	
3-148	796-797	;	
3-149	798-801	non	
3-150	802-807	tamen	
3-151	808-813	Ambra	
3-152	814-817	exa	
3-153	818-828	fuauissime	
3-154	828-829	.	

#Text=At verò Am
#Text=
#Text=baignaua planè eft pura
#Text=
#Text=ac loliçaria; quam cum opti: 31 Maalta adoratus fatevis,vix di
#Text=
#Text=cere audeas, quid verè fpia ret; certè affirmare vel iumai ous- quisques poterit firm nam fragrantiam , quamli aliqui praedicant, non fpi
#Text=
#Text=pares, 19in orat: res ambrä - Hinc factum esse opinor, bon vfurpa ve veteres cam , atque adeò enguenta .
#Text=zibethum & mofchum met glewerikt.
4-1	830-832	At	
4-2	833-837	verò	
4-3	838-840	Am	
4-4	842-850	baignaua	
4-5	851-856	planè	
4-6	857-860	eft	
4-7	861-865	pura	
4-8	867-869	ac	
4-9	870-879	loliçaria	
4-10	879-880	;	
4-11	881-885	quam	
4-12	886-889	cum	
4-13	890-894	opti	
4-14	894-895	:	
4-15	896-898	31	
4-16	899-905	Maalta	
4-17	906-914	adoratus	
4-18	915-922	fatevis	
4-19	922-923	,	
4-20	923-926	vix	
4-21	927-929	di	
4-22	931-935	cere	
4-23	936-942	audeas	
4-24	942-943	,	
4-25	944-948	quid	
4-26	949-953	verè	
4-27	954-958	fpia	
4-28	959-962	ret	
4-29	962-963	;	
4-30	964-969	certè	
4-31	970-979	affirmare	
4-32	980-983	vel	
4-33	984-989	iumai	
4-34	990-993	ous	
4-35	993-994	-	
4-36	995-1003	quisques	
4-37	1004-1011	poterit	
4-38	1012-1016	firm	
4-39	1017-1020	nam	
4-40	1021-1032	fragrantiam	
4-41	1033-1034	,	
4-42	1035-1041	quamli	
4-43	1042-1048	aliqui	
4-44	1049-1059	praedicant	
4-45	1059-1060	,	
4-46	1061-1064	non	
4-47	1065-1068	fpi	
4-48	1070-1075	pares	
4-49	1075-1076	,	
4-50	1077-1081	19in	
4-51	1082-1086	orat	
4-52	1086-1087	:	
4-53	1088-1091	res	
4-54	1092-1097	ambrä	
4-55	1098-1099	-	
4-56	1100-1104	Hinc	
4-57	1105-1111	factum	
4-58	1112-1116	esse	
4-59	1117-1123	opinor	
4-60	1123-1124	,	
4-61	1125-1128	bon	
4-62	1129-1135	vfurpa	
4-63	1136-1138	ve	
4-64	1139-1146	veteres	
4-65	1147-1150	cam	
4-66	1151-1152	,	
4-67	1153-1158	atque	
4-68	1159-1163	adeò	
4-69	1164-1172	enguenta	
4-70	1173-1174	.	
4-71	1175-1183	zibethum	
4-72	1184-1185	&	
4-73	1186-1193	mofchum	
4-74	1194-1197	met	
4-75	1198-1207	glewerikt	
4-76	1207-1208	.	

#Text=Neque enim
#Text=
#Text=escia
#Text=
#Text=, IST
#Text=
#Text=Iti
#Text=
#Text=
#Text=
#Text=1
#Text=
#Text=
#Text=
#Text=Cur vete.
#Text=gnita,
#Text=
#Text=
#Text=
#Text=de nasca.
#Text=stimandum eft,vtaliqui falsò existimasse vidétur, haec Ambra mo.
#Text=pura lynceraque antiquitùs (hus albe non fuisse , fed non fecus ac quitus coc opere aliquo, & artificio fa.
#Text=da,noftris temporibus in vniuerfitatem rerum emanaf fe Etenim ambra , fiue fit Ambra vnbalenae semen, vt nonnul- tur li arbitrati funt ; fiue fter cus:quarundam auium ,0 doriferis herbis educatarú, in fcopulis agglutinarum; fiue fungi cuiųldam maria ni species, d fundo, vbi na.
#Text=scicur,agitatione maris eruta, fnis, quod Renodaco pla cet; fic bituminis quoddam getuisje maris aluco pro
#Text=
#Text=cel
#Text=
#Text=
#Text=
#Text=
#Text=
#Text=per fuiff
#Text=
#Text=
#Text=
#Text=cellarum vi in littus eiectu; e nunquam profectò nó fuic; Ambrá fem alienum enim
#Text=
#Text=eft existinia , probátur.
#Text=re, hanc fpeciem nuper in
#Text=
#Text=rerum vniuerfitate natam
#Text=
#Text=effe , & le nacurae gremio
#Text=
#Text=
#Text=
#Text=productam.
5-1	1209-1214	Neque	
5-2	1215-1219	enim	
5-3	1221-1226	escia	
5-4	1228-1229	,	
5-5	1230-1233	IST	
5-6	1235-1238	Iti	
5-7	1242-1243	1	
5-8	1247-1250	Cur	
5-9	1251-1255	vete	
5-10	1255-1256	.	
5-11	1257-1262	gnita	
5-12	1262-1263	,	
5-13	1267-1269	de	
5-14	1270-1275	nasca	
5-15	1275-1276	.	
5-16	1277-1286	stimandum	
5-17	1287-1290	eft	
5-18	1290-1291	,	
5-19	1291-1299	vtaliqui	
5-20	1300-1305	falsò	
5-21	1306-1317	existimasse	
5-22	1318-1325	vidétur	
5-23	1325-1326	,	
5-24	1327-1331	haec	
5-25	1332-1337	Ambra	
5-26	1338-1340	mo	
5-27	1340-1341	.	
5-28	1342-1346	pura	
5-29	1347-1357	lynceraque	
5-30	1358-1368	antiquitùs	
5-31	1369-1370	(	
5-32	1370-1373	hus	
5-33	1374-1378	albe	
5-34	1379-1382	non	
5-35	1383-1389	fuisse	
5-36	1390-1391	,	
5-37	1392-1395	fed	
5-38	1396-1399	non	
5-39	1400-1405	fecus	
5-40	1406-1408	ac	
5-41	1409-1415	quitus	
5-42	1416-1419	coc	
5-43	1420-1425	opere	
5-44	1426-1432	aliquo	
5-45	1432-1433	,	
5-46	1434-1435	&	
5-47	1436-1445	artificio	
5-48	1446-1448	fa	
5-49	1448-1449	.	
5-50	1450-1452	da	
5-51	1452-1453	,	
5-52	1453-1460	noftris	
5-53	1461-1471	temporibus	
5-54	1472-1474	in	
5-55	1475-1488	vniuerfitatem	
5-56	1489-1494	rerum	
5-57	1495-1501	emanaf	
5-58	1502-1504	fe	
5-59	1505-1511	Etenim	
5-60	1512-1517	ambra	
5-61	1518-1519	,	
5-62	1520-1524	fiue	
5-63	1525-1528	fit	
5-64	1529-1534	Ambra	
5-65	1535-1544	vnbalenae	
5-66	1545-1550	semen	
5-67	1550-1551	,	
5-68	1552-1554	vt	
5-69	1555-1561	nonnul	
5-70	1561-1562	-	
5-71	1563-1566	tur	
5-72	1567-1569	li	
5-73	1570-1579	arbitrati	
5-74	1580-1584	funt	
5-75	1585-1586	;	
5-76	1587-1591	fiue	
5-77	1592-1596	fter	
5-78	1597-1600	cus	
5-79	1600-1601	:	
5-80	1601-1610	quarundam	
5-81	1611-1616	auium	
5-82	1617-1618	,	
5-83	1618-1619	0	
5-84	1620-1629	doriferis	
5-85	1630-1636	herbis	
5-86	1637-1646	educatarú	
5-87	1646-1647	,	
5-88	1648-1650	in	
5-89	1651-1659	fcopulis	
5-90	1660-1672	agglutinarum	
5-91	1672-1673	;	
5-92	1674-1678	fiue	
5-93	1679-1684	fungi	
5-94	1685-1693	cuiųldam	
5-95	1694-1699	maria	
5-96	1700-1702	ni	
5-97	1703-1710	species	
5-98	1710-1711	,	
5-99	1712-1713	d	
5-100	1714-1719	fundo	
5-101	1719-1720	,	
5-102	1721-1724	vbi	
5-103	1725-1727	na	
5-104	1727-1728	.	
5-105	1729-1735	scicur	
5-106	1735-1736	,	
5-107	1736-1746	agitatione	
5-108	1747-1752	maris	
5-109	1753-1758	eruta	
5-110	1758-1759	,	
5-111	1760-1764	fnis	
5-112	1764-1765	,	
5-113	1766-1770	quod	
5-114	1771-1779	Renodaco	
5-115	1780-1783	pla	
5-116	1784-1787	cet	
5-117	1787-1788	;	
5-118	1789-1792	fic	
5-119	1793-1802	bituminis	
5-120	1803-1810	quoddam	
5-121	1811-1819	getuisje	
5-122	1820-1825	maris	
5-123	1826-1831	aluco	
5-124	1832-1835	pro	
5-125	1837-1840	cel	
5-126	1846-1849	per	
5-127	1850-1855	fuiff	
5-128	1859-1867	cellarum	
5-129	1868-1870	vi	
5-130	1871-1873	in	
5-131	1874-1880	littus	
5-132	1881-1887	eiectu	
5-133	1887-1888	;	
5-134	1889-1890	e	
5-135	1891-1898	nunquam	
5-136	1899-1907	profectò	
5-137	1908-1910	nó	
5-138	1911-1915	fuic	
5-139	1915-1916	;	
5-140	1917-1922	Ambrá	
5-141	1923-1926	fem	
5-142	1927-1934	alienum	
5-143	1935-1939	enim	
5-144	1941-1944	eft	
5-145	1945-1954	existinia	
5-146	1955-1956	,	
5-147	1957-1965	probátur	
5-148	1965-1966	.	
5-149	1967-1969	re	
5-150	1969-1970	,	
5-151	1971-1975	hanc	
5-152	1976-1983	fpeciem	
5-153	1984-1989	nuper	
5-154	1990-1992	in	
5-155	1994-1999	rerum	
5-156	2000-2012	vniuerfitate	
5-157	2013-2018	natam	
5-158	2020-2024	effe	
5-159	2025-2026	,	
5-160	2027-2028	&	
5-161	2029-2031	le	
5-162	2032-2039	nacurae	
5-163	2040-2046	gremio	
5-164	2050-2059	productam	
5-165	2059-2060	.	

#Text=Etbalena qais 1.
6-1	2061-2069	Etbalena	
6-2	2070-2074	qais	
6-3	2075-2076	1	
6-4	2076-2077	.	
