#FORMAT=WebAnno TSV 3.3


#Text=; in Nieuw
#Text=Guiné is hy bekend
#Text=onder den naam van Burung-arou,
#Text=en in de Indiën onder dien van Boëres, dat wil zeggen Vogelen:
#Text=deeze Volken
#Text=hebben geene byzondere naamen om de verschillende soorten aan te duiden.
1-1	0-1	;	
1-2	2-4	in	
1-3	5-10	Nieuw	
1-4	11-16	Guiné	
1-5	17-19	is	
1-6	20-22	hy	
1-7	23-29	bekend	
1-8	30-35	onder	
1-9	36-39	den	
1-10	40-44	naam	
1-11	45-48	van	
1-12	49-60	Burung-arou	
1-13	60-61	,	
1-14	62-64	en	
1-15	65-67	in	
1-16	68-70	de	
1-17	71-77	Indiën	
1-18	78-83	onder	
1-19	84-88	dien	
1-20	89-92	van	
1-21	93-99	Boëres	
1-22	99-100	,	
1-23	101-104	dat	
1-24	105-108	wil	
1-25	109-115	zeggen	
1-26	116-123	Vogelen	
1-27	123-124	:	
1-28	125-130	deeze	
1-29	131-137	Volken	
1-30	138-144	hebben	
1-31	145-150	geene	
1-32	151-160	byzondere	
1-33	161-167	naamen	
1-34	168-170	om	
1-35	171-173	de	
1-36	174-187	verschillende	
1-37	188-195	soorten	
1-38	196-199	aan	
1-39	200-202	te	
1-40	203-209	duiden	
1-41	209-210	.	

#Text=Deeze
#Text=soort van Vogelen is veel vermaarder
#Text=, door de valsche en ingebeelde
#Text=hoedanigheden daar aan toegeschreeven, dan door de weezenlyke en met de daad
#Text=opmerkenswaardige eigenschappen.
2-1	213-218	Deeze	
2-2	219-224	soort	
2-3	225-228	van	
2-4	229-236	Vogelen	
2-5	237-239	is	
2-6	240-244	veel	
2-7	245-255	vermaarder	
2-8	256-257	,	
2-9	258-262	door	
2-10	263-265	de	
2-11	266-273	valsche	
2-12	274-276	en	
2-13	277-287	ingebeelde	
2-14	288-301	hoedanigheden	
2-15	302-306	daar	
2-16	307-310	aan	
2-17	311-325	toegeschreeven	
2-18	325-326	,	
2-19	327-330	dan	
2-20	331-335	door	
2-21	336-338	de	
2-22	339-349	weezenlyke	
2-23	350-352	en	
2-24	353-356	met	
2-25	357-359	de	
2-26	360-364	daad	
2-27	365-382	opmerkenswaardige	
2-28	383-396	eigenschappen	
2-29	396-397	.	

#Text=De naam van Paradys-Vogel verwekt by de
#Text=meesten het denkbeeld van een Vogel zonder Pooten, die altoos vliegt, zelfs als hy
#Text=slaapt, of ten hoogsten eenige oogenblikken zich aan de takken der boomen ophangt,
#Text=door
#Text=
#Text=(8)
#Text=
#Text=Of deeze melk-witte Rhabarber eene byzonderer zoort uitmaakt, of eene speeling der Natuur
#Text=is, staat nog te beslissen.
3-1	398-400	De	
3-2	401-405	naam	
3-3	406-409	van	
3-4	410-423	Paradys-Vogel	
3-5	424-431	verwekt	
3-6	432-434	by	
3-7	435-437	de	
3-8	438-445	meesten	
3-9	446-449	het	
3-10	450-459	denkbeeld	
3-11	460-463	van	
3-12	464-467	een	
3-13	468-473	Vogel	
3-14	474-480	zonder	
3-15	481-487	Pooten	
3-16	487-488	,	
3-17	489-492	die	
3-18	493-499	altoos	
3-19	500-506	vliegt	
3-20	506-507	,	
3-21	508-513	zelfs	
3-22	514-517	als	
3-23	518-520	hy	
3-24	521-527	slaapt	
3-25	527-528	,	
3-26	529-531	of	
3-27	532-535	ten	
3-28	536-544	hoogsten	
3-29	545-551	eenige	
3-30	552-564	oogenblikken	
3-31	565-569	zich	
3-32	570-573	aan	
3-33	574-576	de	
3-34	577-583	takken	
3-35	584-587	der	
3-36	588-594	boomen	
3-37	595-602	ophangt	
3-38	602-603	,	
3-39	604-608	door	
3-40	610-611	(	
3-41	611-612	8	
3-42	612-613	)	
3-43	615-617	Of	
3-44	618-623	deeze	
3-45	624-634	melk-witte	
3-46	635-644	Rhabarber	
3-47	645-649	eene	
3-48	650-660	byzonderer	
3-49	661-666	zoort	
3-50	667-675	uitmaakt	
3-51	675-676	,	
3-52	677-679	of	
3-53	680-684	eene	
3-54	685-693	speeling	
3-55	694-697	der	
3-56	698-704	Natuur	
3-57	705-707	is	
3-58	707-708	,	
3-59	709-714	staat	
3-60	715-718	nog	
3-61	719-721	te	
3-62	722-731	beslissen	
3-63	731-732	.	

#Text=Vaderlandsche Letteroefeningen Jaargang 1777
#Text=
#Text=
#Text=\f102
#Text=middel zyner twee lange uitsteekende staartpennen; die, vliegende, paart, gelyk
#Text=eenige Insecten, en ook vliegende de eijeren ligt en uitbroedt, en dus zonder
#Text=voorbeeld in de Natuur; die alleen van damp en dauw leeft, het lyf geheel met vet
#Text=opgevuld en geen maag of darmen heeft:
#Text=deelen ook, welke deezen Vogel geheel
#Text=niet zouden te staade komen;
#Text=dewyl hy, niets eetende, ook niets te verteeren heeft,
#Text=of uit te werpen:
#Text=met één woord, een Vogel die altoos beweegende en alleen in de
#Text=lugt bestaat, en zich daar in onthoudt zo lang hy leeft, gelyk de Visschen in 't Water,
#Text=en niet, dan naa zyn' dood, op aarde komt.
4-1	735-748	Vaderlandsche	
4-2	749-765	Letteroefeningen	
4-3	766-774	Jaargang	
4-4	775-779	1777	
4-5	783-786	102	
4-6	787-793	middel	
4-7	794-799	zyner	
4-8	800-804	twee	
4-9	805-810	lange	
4-10	811-823	uitsteekende	
4-11	824-836	staartpennen	
4-12	836-837	;	
4-13	838-841	die	
4-14	841-842	,	
4-15	843-852	vliegende	
4-16	852-853	,	
4-17	854-859	paart	
4-18	859-860	,	
4-19	861-866	gelyk	
4-20	867-873	eenige	
4-21	874-882	Insecten	
4-22	882-883	,	
4-23	884-886	en	
4-24	887-890	ook	
4-25	891-900	vliegende	
4-26	901-903	de	
4-27	904-911	eijeren	
4-28	912-916	ligt	
4-29	917-919	en	
4-30	920-929	uitbroedt	
4-31	929-930	,	
4-32	931-933	en	
4-33	934-937	dus	
4-34	938-944	zonder	
4-35	945-954	voorbeeld	
4-36	955-957	in	
4-37	958-960	de	
4-38	961-967	Natuur	
4-39	967-968	;	
4-40	969-972	die	
4-41	973-979	alleen	
4-42	980-983	van	
4-43	984-988	damp	
4-44	989-991	en	
4-45	992-996	dauw	
4-46	997-1002	leeft	
4-47	1002-1003	,	
4-48	1004-1007	het	
4-49	1008-1011	lyf	
4-50	1012-1018	geheel	
4-51	1019-1022	met	
4-52	1023-1026	vet	
4-53	1027-1035	opgevuld	
4-54	1036-1038	en	
4-55	1039-1043	geen	
4-56	1044-1048	maag	
4-57	1049-1051	of	
4-58	1052-1058	darmen	
4-59	1059-1064	heeft	
4-60	1064-1065	:	
4-61	1066-1072	deelen	
4-62	1073-1076	ook	
4-63	1076-1077	,	
4-64	1078-1083	welke	
4-65	1084-1090	deezen	
4-66	1091-1096	Vogel	
4-67	1097-1103	geheel	
4-68	1104-1108	niet	
4-69	1109-1115	zouden	
4-70	1116-1118	te	
4-71	1119-1125	staade	
4-72	1126-1131	komen	
4-73	1131-1132	;	
4-74	1133-1138	dewyl	
4-75	1139-1141	hy	
4-76	1141-1142	,	
4-77	1143-1148	niets	
4-78	1149-1156	eetende	
4-79	1156-1157	,	
4-80	1158-1161	ook	
4-81	1162-1167	niets	
4-82	1168-1170	te	
4-83	1171-1180	verteeren	
4-84	1181-1186	heeft	
4-85	1186-1187	,	
4-86	1188-1190	of	
4-87	1191-1194	uit	
4-88	1195-1197	te	
4-89	1198-1204	werpen	
4-90	1204-1205	:	
4-91	1206-1209	met	
4-92	1210-1213	één	
4-93	1214-1219	woord	
4-94	1219-1220	,	
4-95	1221-1224	een	
4-96	1225-1230	Vogel	
4-97	1231-1234	die	
4-98	1235-1241	altoos	
4-99	1242-1252	beweegende	
4-100	1253-1255	en	
4-101	1256-1262	alleen	
4-102	1263-1265	in	
4-103	1266-1268	de	
4-104	1269-1273	lugt	
4-105	1274-1281	bestaat	
4-106	1281-1282	,	
4-107	1283-1285	en	
4-108	1286-1290	zich	
4-109	1291-1295	daar	
4-110	1296-1298	in	
4-111	1299-1307	onthoudt	
4-112	1308-1310	zo	
4-113	1311-1315	lang	
4-114	1316-1318	hy	
4-115	1319-1324	leeft	
4-116	1324-1325	,	
4-117	1326-1331	gelyk	
4-118	1332-1334	de	
4-119	1335-1343	Visschen	
4-120	1344-1346	in	
4-121	1347-1348	'	
4-122	1348-1349	t	
4-123	1350-1355	Water	
4-124	1355-1356	,	
4-125	1357-1359	en	
4-126	1360-1364	niet	
4-127	1364-1365	,	
4-128	1366-1369	dan	
4-129	1370-1373	naa	
4-130	1374-1377	zyn	
4-131	1377-1378	'	
4-132	1379-1383	dood	
4-133	1383-1384	,	
4-134	1385-1387	op	
4-135	1388-1393	aarde	
4-136	1394-1398	komt	
4-137	1398-1399	.	

#Text=Zodanig eene aaneenschakeling van lompe dwaalingen is enkel een gevolg van
#Text=de eerste dwaaling; de veronderstelling naamlyk, dat de Paradys-Vogel geen Pooten
#Text=hebbe, schoon hy van zeer groote voorzien is:
#Text=deeze eerste dwaaling ontstaat hier
#Text=uit, dat de Indiaansche Kooplieden, die handel dryven in de Vederen deezes Vogels,
#Text=of dat de Jaagers, die ze hun leveren, voor eene gewoonte hebben, 't zy om ze te
#Text=beter te bewaaren, of te gemaklyker in te pakken, of eindelyk om eene dwaaling,
#Text=die hun voordeel aanbrengt, te onderschraagen, deeze els met de vederen te
#Text=droogen, naa de Pooten en Ingewand weggenomen te hebben: en deywl het langen
#Text=tyd is aangeloopen, eer men van deeze Vogels andere, dan die dus toebereid waren,
#Text=gezien heeft, is het vooroordeel dermaate versterkt, dat men de eerste ontdekkers
#Text=der waarheid, gelyk het gewoonlyk gaat, voor Leugenaars scholdt.
5-1	1401-1408	Zodanig	
5-2	1409-1413	eene	
5-3	1414-1430	aaneenschakeling	
5-4	1431-1434	van	
5-5	1435-1440	lompe	
5-6	1441-1451	dwaalingen	
5-7	1452-1454	is	
5-8	1455-1460	enkel	
5-9	1461-1464	een	
5-10	1465-1471	gevolg	
5-11	1472-1475	van	
5-12	1476-1478	de	
5-13	1479-1485	eerste	
5-14	1486-1494	dwaaling	
5-15	1494-1495	;	
5-16	1496-1498	de	
5-17	1499-1515	veronderstelling	
5-18	1516-1523	naamlyk	
5-19	1523-1524	,	
5-20	1525-1528	dat	
5-21	1529-1531	de	
5-22	1532-1545	Paradys-Vogel	
5-23	1546-1550	geen	
5-24	1551-1557	Pooten	
5-25	1558-1563	hebbe	
5-26	1563-1564	,	
5-27	1565-1571	schoon	
5-28	1572-1574	hy	
5-29	1575-1578	van	
5-30	1579-1583	zeer	
5-31	1584-1590	groote	
5-32	1591-1599	voorzien	
5-33	1600-1602	is	
5-34	1602-1603	:	
5-35	1604-1609	deeze	
5-36	1610-1616	eerste	
5-37	1617-1625	dwaaling	
5-38	1626-1634	ontstaat	
5-39	1635-1639	hier	
5-40	1640-1643	uit	
5-41	1643-1644	,	
5-42	1645-1648	dat	
5-43	1649-1651	de	
5-44	1652-1663	Indiaansche	
5-45	1664-1674	Kooplieden	
5-46	1674-1675	,	
5-47	1676-1679	die	
5-48	1680-1686	handel	
5-49	1687-1693	dryven	
5-50	1694-1696	in	
5-51	1697-1699	de	
5-52	1700-1707	Vederen	
5-53	1708-1714	deezes	
5-54	1715-1721	Vogels	
5-55	1721-1722	,	
5-56	1723-1725	of	
5-57	1726-1729	dat	
5-58	1730-1732	de	
5-59	1733-1740	Jaagers	
5-60	1740-1741	,	
5-61	1742-1745	die	
5-62	1746-1748	ze	
5-63	1749-1752	hun	
5-64	1753-1760	leveren	
5-65	1760-1761	,	
5-66	1762-1766	voor	
5-67	1767-1771	eene	
5-68	1772-1780	gewoonte	
5-69	1781-1787	hebben	
5-70	1787-1788	,	
5-71	1789-1790	'	
5-72	1790-1791	t	
5-73	1792-1794	zy	
5-74	1795-1797	om	
5-75	1798-1800	ze	
5-76	1801-1803	te	
5-77	1804-1809	beter	
5-78	1810-1812	te	
5-79	1813-1821	bewaaren	
5-80	1821-1822	,	
5-81	1823-1825	of	
5-82	1826-1828	te	
5-83	1829-1839	gemaklyker	
5-84	1840-1842	in	
5-85	1843-1845	te	
5-86	1846-1852	pakken	
5-87	1852-1853	,	
5-88	1854-1856	of	
5-89	1857-1865	eindelyk	
5-90	1866-1868	om	
5-91	1869-1873	eene	
5-92	1874-1882	dwaaling	
5-93	1882-1883	,	
5-94	1884-1887	die	
5-95	1888-1891	hun	
5-96	1892-1900	voordeel	
5-97	1901-1910	aanbrengt	
5-98	1910-1911	,	
5-99	1912-1914	te	
5-100	1915-1929	onderschraagen	
5-101	1929-1930	,	
5-102	1931-1936	deeze	
5-103	1937-1940	els	
5-104	1941-1944	met	
5-105	1945-1947	de	
5-106	1948-1955	vederen	
5-107	1956-1958	te	
5-108	1959-1966	droogen	
5-109	1966-1967	,	
5-110	1968-1971	naa	
5-111	1972-1974	de	
5-112	1975-1981	Pooten	
5-113	1982-1984	en	
5-114	1985-1993	Ingewand	
5-115	1994-2004	weggenomen	
5-116	2005-2007	te	
5-117	2008-2014	hebben	
5-118	2014-2015	:	
5-119	2016-2018	en	
5-120	2019-2024	deywl	
5-121	2025-2028	het	
5-122	2029-2035	langen	
5-123	2036-2039	tyd	
5-124	2040-2042	is	
5-125	2043-2054	aangeloopen	
5-126	2054-2055	,	
5-127	2056-2059	eer	
5-128	2060-2063	men	
5-129	2064-2067	van	
5-130	2068-2073	deeze	
5-131	2074-2080	Vogels	
5-132	2081-2087	andere	
5-133	2087-2088	,	
5-134	2089-2092	dan	
5-135	2093-2096	die	
5-136	2097-2100	dus	
5-137	2101-2110	toebereid	
5-138	2111-2116	waren	
5-139	2116-2117	,	
5-140	2118-2124	gezien	
5-141	2125-2130	heeft	
5-142	2130-2131	,	
5-143	2132-2134	is	
5-144	2135-2138	het	
5-145	2139-2150	vooroordeel	
5-146	2151-2159	dermaate	
5-147	2160-2169	versterkt	
5-148	2169-2170	,	
5-149	2171-2174	dat	
5-150	2175-2178	men	
5-151	2179-2181	de	
5-152	2182-2188	eerste	
5-153	2189-2199	ontdekkers	
5-154	2200-2203	der	
5-155	2204-2212	waarheid	
5-156	2212-2213	,	
5-157	2214-2219	gelyk	
5-158	2220-2223	het	
5-159	2224-2233	gewoonlyk	
5-160	2234-2238	gaat	
5-161	2238-2239	,	
5-162	2240-2244	voor	
5-163	2245-2255	Leugenaars	
5-164	2256-2263	scholdt	
5-165	2263-2264	.	

#Text=Voor 't overige, indien iets den schyn der waarheid kon byzetten aan het
#Text=verdichtzeltje van 't geduurig vliegen
#Text=des Paradys-Vogels, 't is zyne lïgtheid,
#Text=veroorzaakt, door de menigte en verbaazende uitgestrektheid zyner Vederen:
#Text=want,
#Text=behalven die de Vogels in 't algemeen bezitten, hebben zy veele andere en zeer
#Text=lange, die aan de zyden uitkomen, en zich verre buiten den weezenlyken Staart
#Text=uitstrekken;
6-1	2267-2271	Voor	
6-2	2272-2273	'	
6-3	2273-2274	t	
6-4	2275-2282	overige	
6-5	2282-2283	,	
6-6	2284-2290	indien	
6-7	2291-2295	iets	
6-8	2296-2299	den	
6-9	2300-2305	schyn	
6-10	2306-2309	der	
6-11	2310-2318	waarheid	
6-12	2319-2322	kon	
6-13	2323-2331	byzetten	
6-14	2332-2335	aan	
6-15	2336-2339	het	
6-16	2340-2354	verdichtzeltje	
6-17	2355-2358	van	
6-18	2359-2360	'	
6-19	2360-2361	t	
6-20	2362-2370	geduurig	
6-21	2371-2378	vliegen	
6-22	2379-2382	des	
6-23	2383-2397	Paradys-Vogels	
6-24	2397-2398	,	
6-25	2399-2400	'	
6-26	2400-2401	t	
6-27	2402-2404	is	
6-28	2405-2409	zyne	
6-29	2410-2418	lïgtheid	
6-30	2418-2419	,	
6-31	2420-2431	veroorzaakt	
6-32	2431-2432	,	
6-33	2433-2437	door	
6-34	2438-2440	de	
6-35	2441-2448	menigte	
6-36	2449-2451	en	
6-37	2452-2463	verbaazende	
6-38	2464-2479	uitgestrektheid	
6-39	2480-2485	zyner	
6-40	2486-2493	Vederen	
6-41	2493-2494	:	
6-42	2495-2499	want	
6-43	2499-2500	,	
6-44	2501-2509	behalven	
6-45	2510-2513	die	
6-46	2514-2516	de	
6-47	2517-2523	Vogels	
6-48	2524-2526	in	
6-49	2527-2528	'	
6-50	2528-2529	t	
6-51	2530-2538	algemeen	
6-52	2539-2547	bezitten	
6-53	2547-2548	,	
6-54	2549-2555	hebben	
6-55	2556-2558	zy	
6-56	2559-2564	veele	
6-57	2565-2571	andere	
6-58	2572-2574	en	
6-59	2575-2579	zeer	
6-60	2580-2585	lange	
6-61	2585-2586	,	
6-62	2587-2590	die	
6-63	2591-2594	aan	
6-64	2595-2597	de	
6-65	2598-2603	zyden	
6-66	2604-2612	uitkomen	
6-67	2612-2613	,	
6-68	2614-2616	en	
6-69	2617-2621	zich	
6-70	2622-2627	verre	
6-71	2628-2634	buiten	
6-72	2635-2638	den	
6-73	2639-2650	weezenlyken	
6-74	2651-2657	Staart	
6-75	2658-2669	uitstrekken	
6-76	2669-2670	;	
