#FORMAT=WebAnno TSV 3.3


#Text=Historie
#Text=beschryft; en verzekert, dat men dat Recept, eigenhandig door dien groten en
#Text=ongelukkigen Vorst geschreven, onder zyne Papieren heeft gevonden, welke gevallen
#Text=zyn onder de handen van deszelfs overwinnaar
#Text=, dus is’er niets anders eigentlyk
#Text=overgebleven, in de Mithridaat, dan de naam:
#Text=want de Drogeryen, die’er in komen,
#Text=verschillen zeer veel.
#Text=
#Text=’t Geen in de Mithridaat komt, zyn de Myrrhe, Saffraan, de Lorkenzwam, Gember,
#Text=Kaneel, Spica Nardi, de Olibanum, de zaden der Thlaspi en Massilise Seseli.
1-1	2-10	Historie	
1-2	11-20	beschryft	
1-3	20-21	;	
1-4	22-24	en	
1-5	25-34	verzekert	
1-6	34-35	,	
1-7	36-39	dat	
1-8	40-43	men	
1-9	44-47	dat	
1-10	48-54	Recept	
1-11	54-55	,	
1-12	56-67	eigenhandig	
1-13	68-72	door	
1-14	73-77	dien	
1-15	78-84	groten	
1-16	85-87	en	
1-17	88-100	ongelukkigen	
1-18	101-106	Vorst	
1-19	107-117	geschreven	
1-20	117-118	,	
1-21	119-124	onder	
1-22	125-129	zyne	
1-23	130-138	Papieren	
1-24	139-144	heeft	
1-25	145-153	gevonden	
1-26	153-154	,	
1-27	155-160	welke	
1-28	161-169	gevallen	
1-29	170-173	zyn	
1-30	174-179	onder	
1-31	180-182	de	
1-32	183-189	handen	
1-33	190-193	van	
1-34	194-202	deszelfs	
1-35	203-214	overwinnaar	
1-36	215-216	,	
1-37	217-220	dus	
1-38	221-223	is	
1-39	223-224	’	
1-40	224-226	er	
1-41	227-232	niets	
1-42	233-239	anders	
1-43	240-249	eigentlyk	
1-44	250-262	overgebleven	
1-45	262-263	,	
1-46	264-266	in	
1-47	267-269	de	
1-48	270-280	Mithridaat	
1-49	280-281	,	
1-50	282-285	dan	
1-51	286-288	de	
1-52	289-293	naam	
1-53	293-294	:	
1-54	295-299	want	
1-55	300-302	de	
1-56	303-312	Drogeryen	
1-57	312-313	,	
1-58	314-317	die	
1-59	317-318	’	
1-60	318-320	er	
1-61	321-323	in	
1-62	324-329	komen	
1-63	329-330	,	
1-64	331-342	verschillen	
1-65	343-347	zeer	
1-66	348-352	veel	
1-67	352-353	.	
1-68	355-356	’	
1-69	356-357	t	
1-70	358-362	Geen	
1-71	363-365	in	
1-72	366-368	de	
1-73	369-379	Mithridaat	
1-74	380-384	komt	
1-75	384-385	,	
1-76	386-389	zyn	
1-77	390-392	de	
1-78	393-399	Myrrhe	
1-79	399-400	,	
1-80	401-409	Saffraan	
1-81	409-410	,	
1-82	411-413	de	
1-83	414-424	Lorkenzwam	
1-84	424-425	,	
1-85	426-432	Gember	
1-86	432-433	,	
1-87	434-440	Kaneel	
1-88	440-441	,	
1-89	442-447	Spica	
1-90	448-453	Nardi	
1-91	453-454	,	
1-92	455-457	de	
1-93	458-466	Olibanum	
1-94	466-467	,	
1-95	468-470	de	
1-96	471-476	zaden	
1-97	477-480	der	
1-98	481-488	Thlaspi	
1-99	489-491	en	
1-100	492-501	Massilise	
1-101	502-508	Seseli	
1-102	508-509	.	

#Text=Opobalsamum, de ruikende Lis, de Arabise Staecas, de witte Costi, de Galbanum,
#Text=Terebintyn, lange Peper, Castoreum, sap van Hypocistis, de Styrax Kalamita,
#Text=Opopanax.
2-1	511-522	Opobalsamum	
2-2	522-523	,	
2-3	524-526	de	
2-4	527-535	ruikende	
2-5	536-539	Lis	
2-6	539-540	,	
2-7	541-543	de	
2-8	544-551	Arabise	
2-9	552-559	Staecas	
2-10	559-560	,	
2-11	561-563	de	
2-12	564-569	witte	
2-13	570-575	Costi	
2-14	575-576	,	
2-15	577-579	de	
2-16	580-588	Galbanum	
2-17	588-589	,	
2-18	590-600	Terebintyn	
2-19	600-601	,	
2-20	602-607	lange	
2-21	608-613	Peper	
2-22	613-614	,	
2-23	615-624	Castoreum	
2-24	624-625	,	
2-25	626-629	sap	
2-26	630-633	van	
2-27	634-644	Hypocistis	
2-28	644-645	,	
2-29	646-648	de	
2-30	649-655	Styrax	
2-31	656-664	Kalamita	
2-32	664-665	,	
2-33	666-674	Opopanax	
2-34	674-675	.	

#Text=Folium Indicum, de ruikende Cassia, Bergpolei, witte Peper, Scordium,
#Text=het zaat van Cretise Daucus, Carpobalsamum, Trochisci van de Cyphis, Bdellium,
#Text=Celtise Nardus, Arabise Gom, Macedonise Pieterselie, Opium, kleine Cardamom,
#Text=Venkelzaad, Gentiaanwortel, rode Rozen, Cretise Dictamnus, Anyszaad, de wortel
#Text=van Acorus verus, Kalfsvoet, Phu, Sagapenum, Meum Athamanthicum, Acacia Vera,
#Text=de buik van de Stincus, en ’t zaad van St.
3-1	676-682	Folium	
3-2	683-690	Indicum	
3-3	690-691	,	
3-4	692-694	de	
3-5	695-703	ruikende	
3-6	704-710	Cassia	
3-7	710-711	,	
3-8	712-721	Bergpolei	
3-9	721-722	,	
3-10	723-728	witte	
3-11	729-734	Peper	
3-12	734-735	,	
3-13	736-744	Scordium	
3-14	744-745	,	
3-15	746-749	het	
3-16	750-754	zaat	
3-17	755-758	van	
3-18	759-766	Cretise	
3-19	767-773	Daucus	
3-20	773-774	,	
3-21	775-788	Carpobalsamum	
3-22	788-789	,	
3-23	790-799	Trochisci	
3-24	800-803	van	
3-25	804-806	de	
3-26	807-813	Cyphis	
3-27	813-814	,	
3-28	815-823	Bdellium	
3-29	823-824	,	
3-30	825-832	Celtise	
3-31	833-839	Nardus	
3-32	839-840	,	
3-33	841-848	Arabise	
3-34	849-852	Gom	
3-35	852-853	,	
3-36	854-864	Macedonise	
3-37	865-876	Pieterselie	
3-38	876-877	,	
3-39	878-883	Opium	
3-40	883-884	,	
3-41	885-891	kleine	
3-42	892-900	Cardamom	
3-43	900-901	,	
3-44	902-912	Venkelzaad	
3-45	912-913	,	
3-46	914-928	Gentiaanwortel	
3-47	928-929	,	
3-48	930-934	rode	
3-49	935-940	Rozen	
3-50	940-941	,	
3-51	942-949	Cretise	
3-52	950-959	Dictamnus	
3-53	959-960	,	
3-54	961-969	Anyszaad	
3-55	969-970	,	
3-56	971-973	de	
3-57	974-980	wortel	
3-58	981-984	van	
3-59	985-991	Acorus	
3-60	992-997	verus	
3-61	997-998	,	
3-62	999-1008	Kalfsvoet	
3-63	1008-1009	,	
3-64	1010-1013	Phu	
3-65	1013-1014	,	
3-66	1015-1024	Sagapenum	
3-67	1024-1025	,	
3-68	1026-1030	Meum	
3-69	1031-1044	Athamanthicum	
3-70	1044-1045	,	
3-71	1046-1052	Acacia	
3-72	1053-1057	Vera	
3-73	1057-1058	,	
3-74	1059-1061	de	
3-75	1062-1066	buik	
3-76	1067-1070	van	
3-77	1071-1073	de	
3-78	1074-1081	Stincus	
3-79	1081-1082	,	
3-80	1083-1085	en	
3-81	1086-1087	’	
3-82	1087-1088	t	
3-83	1089-1093	zaad	
3-84	1094-1097	van	
3-85	1098-1100	St	
3-86	1100-1101	.	

#Text=Jans kruid.
4-1	1102-1106	Jans	
4-2	1107-1112	kruid	
4-3	1112-1113	.	

#Text=Om te mengen, zegt Bouderon, moet men elke Drogery op zich zelven eerst op
#Text=heete As in Falernise Wyn Malvesei, of ene zeer goede oude Wyn laten trekken, de
#Text=Opium in kleine stukjes gesneden, de Sagapenum, Opopanax, Bdellium, Hypocistis
#Text=Acacia, Arabise Gom, de Myrrhe, en de Styrax; ondertussen wil hy, dat men de
#Text=Poejers klaar maakt, door ze met Wyn tot koekjes te maken, en ze te laten drogen,
#Text=en daar na te stampen.
5-1	1116-1118	Om	
5-2	1119-1121	te	
5-3	1122-1128	mengen	
5-4	1128-1129	,	
5-5	1130-1134	zegt	
5-6	1135-1143	Bouderon	
5-7	1143-1144	,	
5-8	1145-1149	moet	
5-9	1150-1153	men	
5-10	1154-1158	elke	
5-11	1159-1166	Drogery	
5-12	1167-1169	op	
5-13	1170-1174	zich	
5-14	1175-1181	zelven	
5-15	1182-1187	eerst	
5-16	1188-1190	op	
5-17	1191-1196	heete	
5-18	1197-1199	As	
5-19	1200-1202	in	
5-20	1203-1212	Falernise	
5-21	1213-1216	Wyn	
5-22	1217-1225	Malvesei	
5-23	1225-1226	,	
5-24	1227-1229	of	
5-25	1230-1233	ene	
5-26	1234-1238	zeer	
5-27	1239-1244	goede	
5-28	1245-1249	oude	
5-29	1250-1253	Wyn	
5-30	1254-1259	laten	
5-31	1260-1267	trekken	
5-32	1267-1268	,	
5-33	1269-1271	de	
5-34	1272-1277	Opium	
5-35	1278-1280	in	
5-36	1281-1287	kleine	
5-37	1288-1295	stukjes	
5-38	1296-1304	gesneden	
5-39	1304-1305	,	
5-40	1306-1308	de	
5-41	1309-1318	Sagapenum	
5-42	1318-1319	,	
5-43	1320-1328	Opopanax	
5-44	1328-1329	,	
5-45	1330-1338	Bdellium	
5-46	1338-1339	,	
5-47	1340-1350	Hypocistis	
5-48	1351-1357	Acacia	
5-49	1357-1358	,	
5-50	1359-1366	Arabise	
5-51	1367-1370	Gom	
5-52	1370-1371	,	
5-53	1372-1374	de	
5-54	1375-1381	Myrrhe	
5-55	1381-1382	,	
5-56	1383-1385	en	
5-57	1386-1388	de	
5-58	1389-1395	Styrax	
5-59	1395-1396	;	
5-60	1397-1408	ondertussen	
5-61	1409-1412	wil	
5-62	1413-1415	hy	
5-63	1415-1416	,	
5-64	1417-1420	dat	
5-65	1421-1424	men	
5-66	1425-1427	de	
5-67	1428-1435	Poejers	
5-68	1436-1441	klaar	
5-69	1442-1447	maakt	
5-70	1447-1448	,	
5-71	1449-1453	door	
5-72	1454-1456	ze	
5-73	1457-1460	met	
5-74	1461-1464	Wyn	
5-75	1465-1468	tot	
5-76	1469-1476	koekjes	
5-77	1477-1479	te	
5-78	1480-1485	maken	
5-79	1485-1486	,	
5-80	1487-1489	en	
5-81	1490-1492	ze	
5-82	1493-1495	te	
5-83	1496-1501	laten	
5-84	1502-1508	drogen	
5-85	1508-1509	,	
5-86	1510-1512	en	
5-87	1513-1517	daar	
5-88	1518-1520	na	
5-89	1521-1523	te	
5-90	1524-1531	stampen	
5-91	1531-1532	.	

#Text=Dit gedaan
#Text=zynde wil hy, dat men ze fynmakende beginne
#Text=met de gesneden wortels van Gentiaan, Meum, Acorus, Valeriaan, Gember, Costus,
#Text=Spica Nardi; en dat in den tweden rang
#Text=men zette de Celtise Nardus, Castoreum, de
#Text=Folium Indicum, Kaneel, de ruikende Cassia, Staechas; en alle de Zaden, en de
#Text=Koekjes der Cyphis; en ten derden de Kruiden en Rozen.
6-1	1533-1536	Dit	
6-2	1537-1543	gedaan	
6-3	1544-1549	zynde	
6-4	1550-1553	wil	
6-5	1554-1556	hy	
6-6	1556-1557	,	
6-7	1558-1561	dat	
6-8	1562-1565	men	
6-9	1566-1568	ze	
6-10	1569-1579	fynmakende	
6-11	1580-1587	beginne	
6-12	1588-1591	met	
6-13	1592-1594	de	
6-14	1595-1603	gesneden	
6-15	1604-1611	wortels	
6-16	1612-1615	van	
6-17	1616-1624	Gentiaan	
6-18	1624-1625	,	
6-19	1626-1630	Meum	
6-20	1630-1631	,	
6-21	1632-1638	Acorus	
6-22	1638-1639	,	
6-23	1640-1649	Valeriaan	
6-24	1649-1650	,	
6-25	1651-1657	Gember	
6-26	1657-1658	,	
6-27	1659-1665	Costus	
6-28	1665-1666	,	
6-29	1667-1672	Spica	
6-30	1673-1678	Nardi	
6-31	1678-1679	;	
6-32	1680-1682	en	
6-33	1683-1686	dat	
6-34	1687-1689	in	
6-35	1690-1693	den	
6-36	1694-1700	tweden	
6-37	1701-1705	rang	
6-38	1706-1709	men	
6-39	1710-1715	zette	
6-40	1716-1718	de	
6-41	1719-1726	Celtise	
6-42	1727-1733	Nardus	
6-43	1733-1734	,	
6-44	1735-1744	Castoreum	
6-45	1744-1745	,	
6-46	1746-1748	de	
6-47	1749-1755	Folium	
6-48	1756-1763	Indicum	
6-49	1763-1764	,	
6-50	1765-1771	Kaneel	
6-51	1771-1772	,	
6-52	1773-1775	de	
6-53	1776-1784	ruikende	
6-54	1785-1791	Cassia	
6-55	1791-1792	,	
6-56	1793-1801	Staechas	
6-57	1801-1802	;	
6-58	1803-1805	en	
6-59	1806-1810	alle	
6-60	1811-1813	de	
6-61	1814-1819	Zaden	
6-62	1819-1820	,	
6-63	1821-1823	en	
6-64	1824-1826	de	
6-65	1827-1834	Koekjes	
6-66	1835-1838	der	
6-67	1839-1845	Cyphis	
6-68	1845-1846	;	
6-69	1847-1849	en	
6-70	1850-1853	ten	
6-71	1854-1860	derden	
6-72	1861-1863	de	
6-73	1864-1871	Kruiden	
6-74	1872-1874	en	
6-75	1875-1880	Rozen	
6-76	1880-1881	.	

#Text=Hy wil, dat men elke in ’t byzonder stote, de Wierook, Saffraan, Arabise Gom, zo
#Text=zy droog is, waar van de fyne poejers gemengd bewaard zullen worden, om ze met
#Text=de anderen te mengen; dit gedaan zynde, wil hy, dat men de vochten, de Gommen,
#Text=en de Sappen afgiete;
#Text=en dat men ze koke tot dat zy droog, of om en by droog zyn,
#Text=van de Wyn, die men’er op heeft gedaan gehad;
#Text=dat men daar na neme witte Provencie,
#Text=of Languedokse Honig, tot het derde deel van ’t geheel, die men te voren geschuimd
#Text=en gekookt heeft;
#Text=en dat men daar de Gommen allengskens in smelte, zo wel, als de
#Text=
#Text=M.
7-1	1884-1886	Hy	
7-2	1887-1890	wil	
7-3	1890-1891	,	
7-4	1892-1895	dat	
7-5	1896-1899	men	
7-6	1900-1904	elke	
7-7	1905-1907	in	
7-8	1908-1909	’	
7-9	1909-1910	t	
7-10	1911-1919	byzonder	
7-11	1920-1925	stote	
7-12	1925-1926	,	
7-13	1927-1929	de	
7-14	1930-1937	Wierook	
7-15	1937-1938	,	
7-16	1939-1947	Saffraan	
7-17	1947-1948	,	
7-18	1949-1956	Arabise	
7-19	1957-1960	Gom	
7-20	1960-1961	,	
7-21	1962-1964	zo	
7-22	1965-1967	zy	
7-23	1968-1973	droog	
7-24	1974-1976	is	
7-25	1976-1977	,	
7-26	1978-1982	waar	
7-27	1983-1986	van	
7-28	1987-1989	de	
7-29	1990-1994	fyne	
7-30	1995-2002	poejers	
7-31	2003-2010	gemengd	
7-32	2011-2018	bewaard	
7-33	2019-2025	zullen	
7-34	2026-2032	worden	
7-35	2032-2033	,	
7-36	2034-2036	om	
7-37	2037-2039	ze	
7-38	2040-2043	met	
7-39	2044-2046	de	
7-40	2047-2054	anderen	
7-41	2055-2057	te	
7-42	2058-2064	mengen	
7-43	2064-2065	;	
7-44	2066-2069	dit	
7-45	2070-2076	gedaan	
7-46	2077-2082	zynde	
7-47	2082-2083	,	
7-48	2084-2087	wil	
7-49	2088-2090	hy	
7-50	2090-2091	,	
7-51	2092-2095	dat	
7-52	2096-2099	men	
7-53	2100-2102	de	
7-54	2103-2110	vochten	
7-55	2110-2111	,	
7-56	2112-2114	de	
7-57	2115-2121	Gommen	
7-58	2121-2122	,	
7-59	2123-2125	en	
7-60	2126-2128	de	
7-61	2129-2135	Sappen	
7-62	2136-2143	afgiete	
7-63	2143-2144	;	
7-64	2145-2147	en	
7-65	2148-2151	dat	
7-66	2152-2155	men	
7-67	2156-2158	ze	
7-68	2159-2163	koke	
7-69	2164-2167	tot	
7-70	2168-2171	dat	
7-71	2172-2174	zy	
7-72	2175-2180	droog	
7-73	2180-2181	,	
7-74	2182-2184	of	
7-75	2185-2187	om	
7-76	2188-2190	en	
7-77	2191-2193	by	
7-78	2194-2199	droog	
7-79	2200-2203	zyn	
7-80	2203-2204	,	
7-81	2205-2208	van	
7-82	2209-2211	de	
7-83	2212-2215	Wyn	
7-84	2215-2216	,	
7-85	2217-2220	die	
7-86	2221-2224	men	
7-87	2224-2225	’	
7-88	2225-2227	er	
7-89	2228-2230	op	
7-90	2231-2236	heeft	
7-91	2237-2243	gedaan	
7-92	2244-2249	gehad	
7-93	2249-2250	;	
7-94	2251-2254	dat	
7-95	2255-2258	men	
7-96	2259-2263	daar	
7-97	2264-2266	na	
7-98	2267-2271	neme	
7-99	2272-2277	witte	
7-100	2278-2287	Provencie	
7-101	2287-2288	,	
7-102	2289-2291	of	
7-103	2292-2303	Languedokse	
7-104	2304-2309	Honig	
7-105	2309-2310	,	
7-106	2311-2314	tot	
7-107	2315-2318	het	
7-108	2319-2324	derde	
7-109	2325-2329	deel	
7-110	2330-2333	van	
7-111	2334-2335	’	
7-112	2335-2336	t	
7-113	2337-2343	geheel	
7-114	2343-2344	,	
7-115	2345-2348	die	
7-116	2349-2352	men	
7-117	2353-2355	te	
7-118	2356-2361	voren	
7-119	2362-2371	geschuimd	
7-120	2372-2374	en	
7-121	2375-2382	gekookt	
7-122	2383-2388	heeft	
7-123	2388-2389	;	
7-124	2390-2392	en	
7-125	2393-2396	dat	
7-126	2397-2400	men	
7-127	2401-2405	daar	
7-128	2406-2408	de	
7-129	2409-2415	Gommen	
7-130	2416-2427	allengskens	
7-131	2428-2430	in	
7-132	2431-2437	smelte	
7-133	2437-2438	,	
7-134	2439-2441	zo	
7-135	2442-2445	wel	
7-136	2445-2446	,	
7-137	2447-2450	als	
7-138	2451-2453	de	
7-139	2455-2456	M	
7-140	2456-2457	.	

#Text=Noel Chomel, Huishoudelyk woordboek
#Text=
#Text=\fSappen; dat men’er daar na de poejers by doe, en als de Ketel van ’t vuur is, de
#Text=Terebintyn.
8-1	2458-2462	Noel	
8-2	2463-2469	Chomel	
8-3	2469-2470	,	
8-4	2471-2483	Huishoudelyk	
8-5	2484-2493	woordboek	
8-6	2496-2502	Sappen	
8-7	2502-2503	;	
8-8	2504-2507	dat	
8-9	2508-2511	men	
8-10	2511-2512	’	
8-11	2512-2514	er	
8-12	2515-2519	daar	
8-13	2520-2522	na	
8-14	2523-2525	de	
8-15	2526-2533	poejers	
8-16	2534-2536	by	
8-17	2537-2540	doe	
8-18	2540-2541	,	
8-19	2542-2544	en	
8-20	2545-2548	als	
8-21	2549-2551	de	
8-22	2552-2557	Ketel	
8-23	2558-2561	van	
8-24	2562-2563	’	
8-25	2563-2564	t	
8-26	2565-2569	vuur	
8-27	2570-2572	is	
8-28	2572-2573	,	
8-29	2574-2576	de	
8-30	2577-2587	Terebintyn	
8-31	2587-2588	.	

#Text=Hy wil dat men daar na alles blyft roeren met ene houtten Spatel, tot dat het koud
#Text=is, en dat het in een verglaasde aarden pot, bewaard worde, zo dat de pot niet gans
#Text=vol zy, op dat het opgistende niet overloope.
9-1	2591-2593	Hy	
9-2	2594-2597	wil	
9-3	2598-2601	dat	
9-4	2602-2605	men	
9-5	2606-2610	daar	
9-6	2611-2613	na	
9-7	2614-2619	alles	
9-8	2620-2625	blyft	
9-9	2626-2632	roeren	
9-10	2633-2636	met	
9-11	2637-2640	ene	
9-12	2641-2648	houtten	
9-13	2649-2655	Spatel	
9-14	2655-2656	,	
9-15	2657-2660	tot	
9-16	2661-2664	dat	
9-17	2665-2668	het	
9-18	2669-2673	koud	
9-19	2674-2676	is	
9-20	2676-2677	,	
9-21	2678-2680	en	
9-22	2681-2684	dat	
9-23	2685-2688	het	
9-24	2689-2691	in	
9-25	2692-2695	een	
9-26	2696-2706	verglaasde	
9-27	2707-2713	aarden	
9-28	2714-2717	pot	
9-29	2717-2718	,	
9-30	2719-2726	bewaard	
9-31	2727-2732	worde	
9-32	2732-2733	,	
9-33	2734-2736	zo	
9-34	2737-2740	dat	
9-35	2741-2743	de	
9-36	2744-2747	pot	
9-37	2748-2752	niet	
9-38	2753-2757	gans	
9-39	2758-2761	vol	
9-40	2762-2764	zy	
9-41	2764-2765	,	
9-42	2766-2768	op	
9-43	2769-2772	dat	
9-44	2773-2776	het	
9-45	2777-2787	opgistende	
9-46	2788-2792	niet	
9-47	2793-2802	overloope	
9-48	2802-2803	.	

#Text=Vernei is van de zelfde gedagten,
#Text=uitgenomen dat hy zegt, wat de Gommen, Tranen en andere Sappen, die wel zuiver
#Text=zyn, belangt, elke daar van moet op zynen tyd onder de poejer gedaan worden; en
#Text=om wel zuiver te wezen, moet men ze door een Teems laten lóópen, de Terebinthyn
#Text=uitgezonderd, en de Opobalsamum, die over klein vuur zullen gesmolten worden in
#Text=een potje, dat bekwaam is, en het Mengsel van Poejer met Honig, zal men daar, nog
#Text=heet zynde, over gieten en wel mengen.
10-1	2804-2810	Vernei	
10-2	2811-2813	is	
10-3	2814-2817	van	
10-4	2818-2820	de	
10-5	2821-2827	zelfde	
10-6	2828-2836	gedagten	
10-7	2836-2837	,	
10-8	2838-2848	uitgenomen	
10-9	2849-2852	dat	
10-10	2853-2855	hy	
10-11	2856-2860	zegt	
10-12	2860-2861	,	
10-13	2862-2865	wat	
10-14	2866-2868	de	
10-15	2869-2875	Gommen	
10-16	2875-2876	,	
10-17	2877-2883	Tranen	
10-18	2884-2886	en	
10-19	2887-2893	andere	
10-20	2894-2900	Sappen	
10-21	2900-2901	,	
10-22	2902-2905	die	
10-23	2906-2909	wel	
10-24	2910-2916	zuiver	
10-25	2917-2920	zyn	
10-26	2920-2921	,	
10-27	2922-2929	belangt	
10-28	2929-2930	,	
10-29	2931-2935	elke	
10-30	2936-2940	daar	
10-31	2941-2944	van	
10-32	2945-2949	moet	
10-33	2950-2952	op	
10-34	2953-2958	zynen	
10-35	2959-2962	tyd	
10-36	2963-2968	onder	
10-37	2969-2971	de	
10-38	2972-2978	poejer	
10-39	2979-2985	gedaan	
10-40	2986-2992	worden	
10-41	2992-2993	;	
10-42	2994-2996	en	
10-43	2997-2999	om	
10-44	3000-3003	wel	
10-45	3004-3010	zuiver	
10-46	3011-3013	te	
10-47	3014-3019	wezen	
10-48	3019-3020	,	
10-49	3021-3025	moet	
10-50	3026-3029	men	
10-51	3030-3032	ze	
10-52	3033-3037	door	
10-53	3038-3041	een	
10-54	3042-3047	Teems	
10-55	3048-3053	laten	
10-56	3054-3060	lóópen	
10-57	3060-3061	,	
10-58	3062-3064	de	
10-59	3065-3076	Terebinthyn	
10-60	3077-3089	uitgezonderd	
10-61	3089-3090	,	
10-62	3091-3093	en	
10-63	3094-3096	de	
10-64	3097-3108	Opobalsamum	
10-65	3108-3109	,	
10-66	3110-3113	die	
10-67	3114-3118	over	
10-68	3119-3124	klein	
10-69	3125-3129	vuur	
10-70	3130-3136	zullen	
10-71	3137-3146	gesmolten	
10-72	3147-3153	worden	
10-73	3154-3156	in	
10-74	3157-3160	een	
10-75	3161-3166	potje	
10-76	3166-3167	,	
10-77	3168-3171	dat	
10-78	3172-3179	bekwaam	
10-79	3180-3182	is	
10-80	3182-3183	,	
10-81	3184-3186	en	
10-82	3187-3190	het	
10-83	3191-3198	Mengsel	
10-84	3199-3202	van	
10-85	3203-3209	Poejer	
10-86	3210-3213	met	
10-87	3214-3219	Honig	
10-88	3219-3220	,	
10-89	3221-3224	zal	
10-90	3225-3228	men	
10-91	3229-3233	daar	
10-92	3233-3234	,	
10-93	3235-3238	nog	
10-94	3239-3243	heet	
10-95	3244-3249	zynde	
10-96	3249-3250	,	
10-97	3251-3255	over	
10-98	3256-3262	gieten	
10-99	3263-3265	en	
10-100	3266-3269	wel	
10-101	3270-3276	mengen	
10-102	3276-3277	.	

#Text=Kragt en eigenschap van de Mithridaat.
11-1	3280-3285	Kragt	
11-2	3286-3288	en	
11-3	3289-3299	eigenschap	
11-4	3300-3303	van	
11-5	3304-3306	de	
11-6	3307-3317	Mithridaat	
11-7	3317-3318	.	
