#FORMAT=WebAnno TSV 3.3


#Text=246
#Text=
#Text=En wy vervallen weêr in d'eerste duisterheden.
1-1	6-9	246	
1-2	11-13	En	
1-3	14-16	wy	
1-4	17-26	vervallen	
1-5	27-31	weêr	
1-6	32-34	in	
1-7	35-43	d'eerste	
1-8	44-56	duisterheden	
1-9	56-57	.	

#Text=Hoe angstig, naar en droef is 't alles zonder licht.
2-1	60-63	Hoe	
2-2	64-71	angstig	
2-3	71-72	,	
2-4	73-77	naar	
2-5	78-80	en	
2-6	81-86	droef	
2-7	87-89	is	
2-8	90-91	'	
2-9	91-92	t	
2-10	93-98	alles	
2-11	99-105	zonder	
2-12	106-111	licht	
2-13	111-112	.	

#Text=Hou
#Text=moed:
#Text=ik zien op nieu een Hemellicht verschynen.
3-1	115-118	Hou	
3-2	119-123	moed	
3-3	123-124	:	
3-4	125-127	ik	
3-5	128-132	zien	
3-6	133-135	op	
3-7	136-140	nieu	
3-8	141-144	een	
3-9	145-155	Hemellicht	
3-10	156-166	verschynen	
3-11	166-167	.	

#Text=Wie schuifd weêr aan de lucht de zwarte Nachtgordynen?
4-1	170-173	Wie	
4-2	174-181	schuifd	
4-3	182-186	weêr	
4-4	187-190	aan	
4-5	191-193	de	
4-6	194-199	lucht	
4-7	200-202	de	
4-8	203-209	zwarte	
4-9	210-223	Nachtgordynen	
4-10	223-224	?	

#Text='t
#Text=En is geen Zon?
5-1	226-227	'	
5-2	227-228	t	
5-3	229-231	En	
5-4	232-234	is	
5-5	235-239	geen	
5-6	240-243	Zon	
5-7	243-244	?	

#Text=o Neen: zou 't wel haar dochter zyn?
6-1	245-246	o	
6-2	247-251	Neen	
6-3	251-252	:	
6-4	253-256	zou	
6-5	257-258	'	
6-6	258-259	t	
6-7	260-263	wel	
6-8	264-268	haar	
6-9	269-276	dochter	
6-10	277-280	zyn	
6-11	280-281	?	

#Text=O Zilvre
#Text=Maan!
7-1	283-284	O	
7-2	285-291	Zilvre	
7-3	292-296	Maan	
7-4	296-297	!	

#Text='t Zy gy uw glans krygd van uw Moeder,
#Text=Of uw geleende licht zyt schuldig uwen
#Text=Broeder,
#Text=
#Text=Wy danken ook met recht uwe aangenaame schyn.
8-1	298-299	'	
8-2	299-300	t	
8-3	301-303	Zy	
8-4	304-306	gy	
8-5	307-309	uw	
8-6	310-315	glans	
8-7	316-321	krygd	
8-8	322-325	van	
8-9	326-328	uw	
8-10	329-335	Moeder	
8-11	335-336	,	
8-12	337-339	Of	
8-13	340-342	uw	
8-14	343-351	geleende	
8-15	352-357	licht	
8-16	358-361	zyt	
8-17	362-370	schuldig	
8-18	371-375	uwen	
8-19	376-383	Broeder	
8-20	383-384	,	
8-21	386-388	Wy	
8-22	389-395	danken	
8-23	396-399	ook	
8-24	400-403	met	
8-25	404-409	recht	
8-26	410-413	uwe	
8-27	414-424	aangenaame	
8-28	425-430	schyn	
8-29	430-431	.	

#Text=Maar toch:
9-1	433-437	Maar	
9-2	438-442	toch	
9-3	442-443	:	
