#FORMAT=WebAnno TSV 3.3


#Text=Doch ik stel hier niet vast, dat de stoffagie in de eerstgenoemde Stukken uit die
#Text=lichte en gloeijende koleuren alleen zal bestaan:
#Text=geensins, maar wel dat dezelve +Aanmerkingen hier over.
1-1	4-8	Doch	
1-2	9-11	ik	
1-3	12-16	stel	
1-4	17-21	hier	
1-5	22-26	niet	
1-6	27-31	vast	
1-7	31-32	,	
1-8	33-36	dat	
1-9	37-39	de	
1-10	40-49	stoffagie	
1-11	50-52	in	
1-12	53-55	de	
1-13	56-69	eerstgenoemde	
1-14	70-77	Stukken	
1-15	78-81	uit	
1-16	82-85	die	
1-17	86-92	lichte	
1-18	93-95	en	
1-19	96-106	gloeijende	
1-20	107-115	koleuren	
1-21	116-122	alleen	
1-22	123-126	zal	
1-23	127-134	bestaan	
1-24	134-135	:	
1-25	136-144	geensins	
1-26	144-145	,	
1-27	146-150	maar	
1-28	151-154	wel	
1-29	155-158	dat	
1-30	159-166	dezelve	
1-31	167-168	+	
1-32	168-180	Aanmerkingen	
1-33	181-185	hier	
1-34	186-190	over	
1-35	190-191	.	

#Text=met eenige donkere en zwakke geschakeerd werden:
#Text=en in de tweede, alwaar
#Text=men donkere en zwakke koleuren tot stoffagie gebruikt, daar zal men eenige lichte
#Text=en gloeijende tussen schikken.
2-1	193-196	met	
2-2	197-203	eenige	
2-3	204-211	donkere	
2-4	212-214	en	
2-5	215-221	zwakke	
2-6	222-233	geschakeerd	
2-7	234-240	werden	
2-8	240-241	:	
2-9	242-244	en	
2-10	245-247	in	
2-11	248-250	de	
2-12	251-257	tweede	
2-13	257-258	,	
2-14	259-265	alwaar	
2-15	266-269	men	
2-16	270-277	donkere	
2-17	278-280	en	
2-18	281-287	zwakke	
2-19	288-296	koleuren	
2-20	297-300	tot	
2-21	301-310	stoffagie	
2-22	311-319	gebruikt	
2-23	319-320	,	
2-24	321-325	daar	
2-25	326-329	zal	
2-26	330-333	men	
2-27	334-340	eenige	
2-28	341-347	lichte	
2-29	348-350	en	
2-30	351-361	gloeijende	
2-31	362-368	tussen	
2-32	369-377	schikken	
2-33	377-378	.	

#Text=Nu zouden zommige mogelyk denken, om dat wy hier nevens de andere koleuren
#Text=het blaauw stellen, dat het zelve tegens het verschiet hinderlyk zoude zyn, of dat
#Text=het verschiet der bergen, die men om de verheid gemeenlyk blaauw vertoont, door
#Text=zulk een schoone vlek te niet gedaan zou worden: doch deze twyffeling is haast
#Text=weg genomen, wanneer men gelieft te letten dat ik hier niet allegader donkere
#Text=koleuren verkies;
#Text=maar wel dat het verschiet daar door eenigsins verder, zwakker,
#Text=en smeltende schynen zal.
3-1	381-383	Nu	
3-2	384-390	zouden	
3-3	391-398	zommige	
3-4	399-406	mogelyk	
3-5	407-413	denken	
3-6	413-414	,	
3-7	415-417	om	
3-8	418-421	dat	
3-9	422-424	wy	
3-10	425-429	hier	
3-11	430-436	nevens	
3-12	437-439	de	
3-13	440-446	andere	
3-14	447-455	koleuren	
3-15	456-459	het	
3-16	460-466	blaauw	
3-17	467-474	stellen	
3-18	474-475	,	
3-19	476-479	dat	
3-20	480-483	het	
3-21	484-489	zelve	
3-22	490-496	tegens	
3-23	497-500	het	
3-24	501-510	verschiet	
3-25	511-520	hinderlyk	
3-26	521-526	zoude	
3-27	527-530	zyn	
3-28	530-531	,	
3-29	532-534	of	
3-30	535-538	dat	
3-31	539-542	het	
3-32	543-552	verschiet	
3-33	553-556	der	
3-34	557-563	bergen	
3-35	563-564	,	
3-36	565-568	die	
3-37	569-572	men	
3-38	573-575	om	
3-39	576-578	de	
3-40	579-586	verheid	
3-41	587-596	gemeenlyk	
3-42	597-603	blaauw	
3-43	604-612	vertoont	
3-44	612-613	,	
3-45	614-618	door	
3-46	619-623	zulk	
3-47	624-627	een	
3-48	628-635	schoone	
3-49	636-640	vlek	
3-50	641-643	te	
3-51	644-648	niet	
3-52	649-655	gedaan	
3-53	656-659	zou	
3-54	660-666	worden	
3-55	666-667	:	
3-56	668-672	doch	
3-57	673-677	deze	
3-58	678-688	twyffeling	
3-59	689-691	is	
3-60	692-697	haast	
3-61	698-701	weg	
3-62	702-709	genomen	
3-63	709-710	,	
3-64	711-718	wanneer	
3-65	719-722	men	
3-66	723-730	gelieft	
3-67	731-733	te	
3-68	734-740	letten	
3-69	741-744	dat	
3-70	745-747	ik	
3-71	748-752	hier	
3-72	753-757	niet	
3-73	758-767	allegader	
3-74	768-775	donkere	
3-75	776-784	koleuren	
3-76	785-792	verkies	
3-77	792-793	;	
3-78	794-798	maar	
3-79	799-802	wel	
3-80	803-806	dat	
3-81	807-810	het	
3-82	811-820	verschiet	
3-83	821-825	daar	
3-84	826-830	door	
3-85	831-840	eenigsins	
3-86	841-847	verder	
3-87	847-848	,	
3-88	849-856	zwakker	
3-89	856-857	,	
3-90	858-860	en	
3-91	861-870	smeltende	
3-92	871-878	schynen	
3-93	879-882	zal	
3-94	882-883	.	

#Text='t Is ook waar, dat de blaauwheid in een Landschap
#Text=dikmaals hard is, en het Stuk verwachtig maakt: maar door de donkerheid, in dit
#Text=geval, werd het murw, natuurlyk en teeder.
4-1	884-885	'	
4-2	885-886	t	
4-3	887-889	Is	
4-4	890-893	ook	
4-5	894-898	waar	
4-6	898-899	,	
4-7	900-903	dat	
4-8	904-906	de	
4-9	907-917	blaauwheid	
4-10	918-920	in	
4-11	921-924	een	
4-12	925-934	Landschap	
4-13	935-943	dikmaals	
4-14	944-948	hard	
4-15	949-951	is	
4-16	951-952	,	
4-17	953-955	en	
4-18	956-959	het	
4-19	960-964	Stuk	
4-20	965-975	verwachtig	
4-21	976-981	maakt	
4-22	981-982	:	
4-23	983-987	maar	
4-24	988-992	door	
4-25	993-995	de	
4-26	996-1006	donkerheid	
4-27	1006-1007	,	
4-28	1008-1010	in	
4-29	1011-1014	dit	
4-30	1015-1020	geval	
4-31	1020-1021	,	
4-32	1022-1026	werd	
4-33	1027-1030	het	
4-34	1031-1035	murw	
4-35	1035-1036	,	
4-36	1037-1046	natuurlyk	
4-37	1047-1049	en	
4-38	1050-1056	teeder	
4-39	1056-1057	.	

#Text=Buiten het blaauw noem ik ook paars, groen, enz.
5-1	1059-1065	Buiten	
5-2	1066-1069	het	
5-3	1070-1076	blaauw	
5-4	1077-1081	noem	
5-5	1082-1084	ik	
5-6	1085-1088	ook	
5-7	1089-1094	paars	
5-8	1094-1095	,	
5-9	1096-1101	groen	
5-10	1101-1102	,	
5-11	1103-1106	enz	
5-12	1106-1107	.	

#Text=Nu is de meening niet, dat het
#Text=evenveel is waar menze zonder onderscheid schikt; het blaauw tegen het blaauw
#Text=der lucht; het groen tegen het groen der boomen, het paars tegens een paarsachtige
#Text=steen of grond; of licht tegen licht, en donker tegen donker.
6-1	1108-1110	Nu	
6-2	1111-1113	is	
6-3	1114-1116	de	
6-4	1117-1124	meening	
6-5	1125-1129	niet	
6-6	1129-1130	,	
6-7	1131-1134	dat	
6-8	1135-1138	het	
6-9	1139-1147	evenveel	
6-10	1148-1150	is	
6-11	1151-1155	waar	
6-12	1156-1161	menze	
6-13	1162-1168	zonder	
6-14	1169-1180	onderscheid	
6-15	1181-1187	schikt	
6-16	1187-1188	;	
6-17	1189-1192	het	
6-18	1193-1199	blaauw	
6-19	1200-1205	tegen	
6-20	1206-1209	het	
6-21	1210-1216	blaauw	
6-22	1217-1220	der	
6-23	1221-1226	lucht	
6-24	1226-1227	;	
6-25	1228-1231	het	
6-26	1232-1237	groen	
6-27	1238-1243	tegen	
6-28	1244-1247	het	
6-29	1248-1253	groen	
6-30	1254-1257	der	
6-31	1258-1264	boomen	
6-32	1264-1265	,	
6-33	1266-1269	het	
6-34	1270-1275	paars	
6-35	1276-1282	tegens	
6-36	1283-1286	een	
6-37	1287-1299	paarsachtige	
6-38	1300-1305	steen	
6-39	1306-1308	of	
6-40	1309-1314	grond	
6-41	1314-1315	;	
6-42	1316-1318	of	
6-43	1319-1324	licht	
6-44	1325-1330	tegen	
6-45	1331-1336	licht	
6-46	1336-1337	,	
6-47	1338-1340	en	
6-48	1341-1347	donker	
6-49	1348-1353	tegen	
6-50	1354-1360	donker	
6-51	1360-1361	.	

#Text=Neen, dat zou oneigen
#Text=
#Text=zyn
#Text=: want gelyk in een Landschap donker en licht is, zo is'er altyd middel om aan
#Text=donkere en lichte koleuren ieder haare plaats te geeven
7-1	1362-1366	Neen	
7-2	1366-1367	,	
7-3	1368-1371	dat	
7-4	1372-1375	zou	
7-5	1376-1383	oneigen	
7-6	1385-1388	zyn	
7-7	1389-1390	:	
7-8	1391-1395	want	
7-9	1396-1401	gelyk	
7-10	1402-1404	in	
7-11	1405-1408	een	
7-12	1409-1418	Landschap	
7-13	1419-1425	donker	
7-14	1426-1428	en	
7-15	1429-1434	licht	
7-16	1435-1437	is	
7-17	1437-1438	,	
7-18	1439-1441	zo	
7-19	1442-1447	is'er	
7-20	1448-1453	altyd	
7-21	1454-1460	middel	
7-22	1461-1463	om	
7-23	1464-1467	aan	
7-24	1468-1475	donkere	
7-25	1476-1478	en	
7-26	1479-1485	lichte	
7-27	1486-1494	koleuren	
7-28	1495-1500	ieder	
7-29	1501-1506	haare	
7-30	1507-1513	plaats	
7-31	1514-1516	te	
7-32	1517-1523	geeven	

#Text=.
8-1	1523-1524	.	

#Text=+
#Text=
#Text=
#Text=In een kaarslicht, buiten of binnens huis, of andere lichten die uit vuur bestaan,
#Text=+
#Text=voegt paars, purper, blaauw, groen, wit, zwart, rood en geene uitgezonderd;
#Text=
#Text=
#Text=Welke koleuren by
#Text=zynde dit stukken waar in de voornoemde koleuren met voordeel werken, en als Kaarslicht en Vuur de
#Text=grootste kracht doen.
9-1	1526-1527	+	
9-2	1530-1532	In	
9-3	1533-1536	een	
9-4	1537-1547	kaarslicht	
9-5	1547-1548	,	
9-6	1549-1555	buiten	
9-7	1556-1558	of	
9-8	1559-1566	binnens	
9-9	1567-1571	huis	
9-10	1571-1572	,	
9-11	1573-1575	of	
9-12	1576-1582	andere	
9-13	1583-1590	lichten	
9-14	1591-1594	die	
9-15	1595-1598	uit	
9-16	1599-1603	vuur	
9-17	1604-1611	bestaan	
9-18	1611-1612	,	
9-19	1613-1614	+	
9-20	1615-1620	voegt	
9-21	1621-1626	paars	
9-22	1626-1627	,	
9-23	1628-1634	purper	
9-24	1634-1635	,	
9-25	1636-1642	blaauw	
9-26	1642-1643	,	
9-27	1644-1649	groen	
9-28	1649-1650	,	
9-29	1651-1654	wit	
9-30	1654-1655	,	
9-31	1656-1661	zwart	
9-32	1661-1662	,	
9-33	1663-1667	rood	
9-34	1668-1670	en	
9-35	1671-1676	geene	
9-36	1677-1689	uitgezonderd	
9-37	1689-1690	;	
9-38	1693-1698	Welke	
9-39	1699-1707	koleuren	
9-40	1708-1710	by	
9-41	1711-1716	zynde	
9-42	1717-1720	dit	
9-43	1721-1728	stukken	
9-44	1729-1733	waar	
9-45	1734-1736	in	
9-46	1737-1739	de	
9-47	1740-1750	voornoemde	
9-48	1751-1759	koleuren	
9-49	1760-1763	met	
9-50	1764-1772	voordeel	
9-51	1773-1779	werken	
9-52	1779-1780	,	
9-53	1781-1783	en	
9-54	1784-1787	als	
9-55	1788-1798	Kaarslicht	
9-56	1799-1801	en	
9-57	1802-1806	Vuur	
9-58	1807-1809	de	
9-59	1810-1818	grootste	
9-60	1819-1825	kracht	
9-61	1826-1830	doen	
9-62	1830-1831	.	

#Text=op haar toegeëigende grond heerschen: want met geel en rood is het omtrent
#Text=geleegen als met een brandende kaars, die groote uitwerkselen by nacht doet, en
#Text=op den dag van geene kracht noch vermoogen is, als welkers
10-1	1833-1835	op	
10-2	1836-1840	haar	
10-3	1841-1853	toegeëigende	
10-4	1854-1859	grond	
10-5	1860-1869	heerschen	
10-6	1869-1870	:	
10-7	1871-1875	want	
10-8	1876-1879	met	
10-9	1880-1884	geel	
10-10	1885-1887	en	
10-11	1888-1892	rood	
10-12	1893-1895	is	
10-13	1896-1899	het	
10-14	1900-1907	omtrent	
10-15	1908-1916	geleegen	
10-16	1917-1920	als	
10-17	1921-1924	met	
10-18	1925-1928	een	
10-19	1929-1938	brandende	
10-20	1939-1944	kaars	
10-21	1944-1945	,	
10-22	1946-1949	die	
10-23	1950-1956	groote	
10-24	1957-1969	uitwerkselen	
10-25	1970-1972	by	
10-26	1973-1978	nacht	
10-27	1979-1983	doet	
10-28	1983-1984	,	
10-29	1985-1987	en	
10-30	1988-1990	op	
10-31	1991-1994	den	
10-32	1995-1998	dag	
10-33	1999-2002	van	
10-34	2003-2008	geene	
10-35	2009-2015	kracht	
10-36	2016-2020	noch	
10-37	2021-2030	vermoogen	
10-38	2031-2033	is	
10-39	2033-2034	,	
10-40	2035-2038	als	
10-41	2039-2046	welkers	
