#FORMAT=WebAnno TSV 3.3


#Text=He coughed slightly and said, ‘Yes,’ and the way
#Text=he said it told me that it was going to be a romantic
#Text=occasion.
1-1	0-2	He	
1-2	3-10	coughed	
1-3	11-19	slightly	
1-4	20-23	and	
1-5	24-28	said	
1-6	28-29	,	
1-7	30-31	‘	
1-8	31-34	Yes	
1-9	34-35	,	
1-10	35-36	’	
1-11	37-40	and	
1-12	41-44	the	
1-13	45-48	way	
1-14	49-51	he	
1-15	52-56	said	
1-16	57-59	it	
1-17	60-64	told	
1-18	65-67	me	
1-19	68-72	that	
1-20	73-75	it	
1-21	76-79	was	
1-22	80-85	going	
1-23	86-88	to	
1-24	89-91	be	
1-25	92-93	a	
1-26	94-102	romantic	
1-27	103-111	occasion	
1-28	111-112	.	

#Text=Then dawn.
2-1	114-118	Then	
2-2	119-123	dawn	
2-3	123-124	.	

#Text=If there is anything more wonderful in London
#Text=than dawn coming up over the tangled shipping of the docks
#Text=I would like to know of it.
3-1	125-127	If	
3-2	128-133	there	
3-3	134-136	is	
3-4	137-145	anything	
3-5	146-150	more	
3-6	151-160	wonderful	
3-7	161-163	in	
3-8	164-170	London	
3-9	171-175	than	
3-10	176-180	dawn	
3-11	181-187	coming	
3-12	188-190	up	
3-13	191-195	over	
3-14	196-199	the	
3-15	200-207	tangled	
3-16	208-216	shipping	
3-17	217-219	of	
3-18	220-223	the	
3-19	224-229	docks	
3-20	230-231	I	
3-21	232-237	would	
3-22	238-242	like	
3-23	243-245	to	
3-24	246-250	know	
3-25	251-253	of	
3-26	254-256	it	
3-27	256-257	.	

#Text=First a silvery light in the air, a
#Text=chilly greyness, then a flush in the east, and, with startling
#Text=suddenness, every mast, every funnel, every leaning crane is
#Text=suhouetted jet-black against the pearl-coloured sky... .
4-1	258-263	First	
4-2	264-265	a	
4-3	266-273	silvery	
4-4	274-279	light	
4-5	280-282	in	
4-6	283-286	the	
4-7	287-290	air	
4-8	290-291	,	
4-9	292-293	a	
4-10	294-300	chilly	
4-11	301-309	greyness	
4-12	309-310	,	
4-13	311-315	then	
4-14	316-317	a	
4-15	318-323	flush	
4-16	324-326	in	
4-17	327-330	the	
4-18	331-335	east	
4-19	335-336	,	
4-20	337-340	and	
4-21	340-341	,	
4-22	342-346	with	
4-23	347-356	startling	
4-24	357-367	suddenness	
4-25	367-368	,	
4-26	369-374	every	
4-27	375-379	mast	
4-28	379-380	,	
4-29	381-386	every	
4-30	387-393	funnel	
4-31	393-394	,	
4-32	395-400	every	
4-33	401-408	leaning	
4-34	409-414	crane	
4-35	415-417	is	
4-36	418-428	suhouetted	
4-37	429-438	jet-black	
4-38	439-446	against	
4-39	447-450	the	
4-40	451-465	pearl-coloured	
4-41	466-469	sky	
4-42	469-470	.	
4-43	470-471	.	
4-44	471-472	.	
4-45	473-474	.	

#Text=Unreal... still... silent.
5-1	475-481	Unreal	
5-2	481-482	.	
5-3	482-483	.	
5-4	483-484	.	
5-5	485-490	still	
5-6	490-491	.	
5-7	491-492	.	
5-8	492-493	.	
5-9	494-500	silent	
5-10	500-501	.	

#Text=Gradually the docks awaken.
6-1	503-512	Gradually	
6-2	513-516	the	
6-3	517-522	docks	
6-4	523-529	awaken	
6-5	529-530	.	

#Text=Men walk along the wharf-side, doors are opened.
7-1	531-534	Men	
7-2	535-539	walk	
7-3	540-545	along	
7-4	546-549	the	
7-5	550-560	wharf-side	
7-6	560-561	,	
7-7	562-567	doors	
7-8	568-571	are	
7-9	572-578	opened	
7-10	578-579	.	

#Text=In the depths of little ships men rise
#Text=and become busy with ropes; there is, from some, a smell of
#Text=frying bacon; on tall ships mast lights grow pale in the dawn
#Text=light, men in swinging cradles yawn and start painting a
#Text=ship’s hull, and from far off comes the ring of the first hammer
#Text=of a new day.
8-1	580-582	In	
8-2	583-586	the	
8-3	587-593	depths	
8-4	594-596	of	
8-5	597-603	little	
8-6	604-609	ships	
8-7	610-613	men	
8-8	614-618	rise	
8-9	619-622	and	
8-10	623-629	become	
8-11	630-634	busy	
8-12	635-639	with	
8-13	640-645	ropes	
8-14	645-646	;	
8-15	647-652	there	
8-16	653-655	is	
8-17	655-656	,	
8-18	657-661	from	
8-19	662-666	some	
8-20	666-667	,	
8-21	668-669	a	
8-22	670-675	smell	
8-23	676-678	of	
8-24	679-685	frying	
8-25	686-691	bacon	
8-26	691-692	;	
8-27	693-695	on	
8-28	696-700	tall	
8-29	701-706	ships	
8-30	707-711	mast	
8-31	712-718	lights	
8-32	719-723	grow	
8-33	724-728	pale	
8-34	729-731	in	
8-35	732-735	the	
8-36	736-740	dawn	
8-37	741-746	light	
8-38	746-747	,	
8-39	748-751	men	
8-40	752-754	in	
8-41	755-763	swinging	
8-42	764-771	cradles	
8-43	772-776	yawn	
8-44	777-780	and	
8-45	781-786	start	
8-46	787-795	painting	
8-47	796-797	a	
8-48	798-802	ship	
8-49	802-803	’	
8-50	803-804	s	
8-51	805-809	hull	
8-52	809-810	,	
8-53	811-814	and	
8-54	815-819	from	
8-55	820-823	far	
8-56	824-827	off	
8-57	828-833	comes	
8-58	834-837	the	
8-59	838-842	ring	
8-60	843-845	of	
8-61	846-849	the	
8-62	850-855	first	
8-63	856-862	hammer	
8-64	863-865	of	
8-65	866-867	a	
8-66	868-871	new	
8-67	872-875	day	
8-68	875-876	.	

#Text=As the light grows, one’s sense of smell improves.
9-1	878-880	As	
9-2	881-884	the	
9-3	885-890	light	
9-4	891-896	grows	
9-5	896-897	,	
9-6	898-901	one	
9-7	901-902	’	
9-8	902-903	s	
9-9	904-909	sense	
9-10	910-912	of	
9-11	913-918	smell	
9-12	919-927	improves	
9-13	927-928	.	

#Text=This is
#Text=strange.
10-1	929-933	This	
10-2	934-936	is	
10-3	937-944	strange	
10-4	944-945	.	

#Text=The air is now full of a pungent smell of hemp and
#Text=tow and tar, and even distant docks, stored with their
#Text=merchandise, seem to contribute their part as the dawn
#Text=wind blows.
11-1	946-949	The	
11-2	950-953	air	
11-3	954-956	is	
11-4	957-960	now	
11-5	961-965	full	
11-6	966-968	of	
11-7	969-970	a	
11-8	971-978	pungent	
11-9	979-984	smell	
11-10	985-987	of	
11-11	988-992	hemp	
11-12	993-996	and	
11-13	997-1000	tow	
11-14	1001-1004	and	
11-15	1005-1008	tar	
11-16	1008-1009	,	
11-17	1010-1013	and	
11-18	1014-1018	even	
11-19	1019-1026	distant	
11-20	1027-1032	docks	
11-21	1032-1033	,	
11-22	1034-1040	stored	
11-23	1041-1045	with	
11-24	1046-1051	their	
11-25	1052-1063	merchandise	
11-26	1063-1064	,	
11-27	1065-1069	seem	
11-28	1070-1072	to	
11-29	1073-1083	contribute	
11-30	1084-1089	their	
11-31	1090-1094	part	
11-32	1095-1097	as	
11-33	1098-1101	the	
11-34	1102-1106	dawn	
11-35	1107-1111	wind	
11-36	1112-1117	blows	
11-37	1117-1118	.	

#Text=There is a flush of pink cloud high up in the sky, such a
#Text=delicate flamingo pink that changes, spreads, and fades even
#Text=as you look.
12-1	1120-1125	There	
12-2	1126-1128	is	
12-3	1129-1130	a	
12-4	1131-1136	flush	
12-5	1137-1139	of	
12-6	1140-1144	pink	
12-7	1145-1150	cloud	
12-8	1151-1155	high	
12-9	1156-1158	up	
12-10	1159-1161	in	
12-11	1162-1165	the	
12-12	1166-1169	sky	
12-13	1169-1170	,	
12-14	1171-1175	such	
12-15	1176-1177	a	
12-16	1178-1186	delicate	
12-17	1187-1195	flamingo	
12-18	1196-1200	pink	
12-19	1201-1205	that	
12-20	1206-1213	changes	
12-21	1213-1214	,	
12-22	1215-1222	spreads	
12-23	1222-1223	,	
12-24	1224-1227	and	
12-25	1228-1233	fades	
12-26	1234-1238	even	
12-27	1239-1241	as	
12-28	1242-1245	you	
12-29	1246-1250	look	
12-30	1250-1251	.	

#Text=It becomes gold, and you know that at any
#Text=
#Text=
#Text=
#Text=moment the sun may nise up like a tocsin and call the world
#Text=to work.
13-1	1252-1254	It	
13-2	1255-1262	becomes	
13-3	1263-1267	gold	
13-4	1267-1268	,	
13-5	1269-1272	and	
13-6	1273-1276	you	
13-7	1277-1281	know	
13-8	1282-1286	that	
13-9	1287-1289	at	
13-10	1290-1293	any	
13-11	1297-1303	moment	
13-12	1304-1307	the	
13-13	1308-1311	sun	
13-14	1312-1315	may	
13-15	1316-1320	nise	
13-16	1321-1323	up	
13-17	1324-1328	like	
13-18	1329-1330	a	
13-19	1331-1337	tocsin	
13-20	1338-1341	and	
13-21	1342-1346	call	
13-22	1347-1350	the	
13-23	1351-1356	world	
13-24	1357-1359	to	
13-25	1360-1364	work	
13-26	1364-1365	.	

#Text=We found the ship.
14-1	1368-1370	We	
14-2	1371-1376	found	
14-3	1377-1380	the	
14-4	1381-1385	ship	
14-5	1385-1386	.	

#Text=A mountain she was, towering up above
#Text=us with tiny holes in her side like the entrances to caves.
15-1	1387-1388	A	
15-2	1389-1397	mountain	
15-3	1398-1401	she	
15-4	1402-1405	was	
15-5	1405-1406	,	
15-6	1407-1415	towering	
15-7	1416-1418	up	
15-8	1419-1424	above	
15-9	1425-1427	us	
15-10	1428-1432	with	
15-11	1433-1437	tiny	
15-12	1438-1443	holes	
15-13	1444-1446	in	
15-14	1447-1450	her	
15-15	1451-1455	side	
15-16	1456-1460	like	
15-17	1461-1464	the	
15-18	1465-1474	entrances	
15-19	1475-1477	to	
15-20	1478-1483	caves	
15-21	1483-1484	.	

#Text=She
#Text=smelt of fried fish, bacon and eggs and coffee... .
16-1	1485-1488	She	
16-2	1489-1494	smelt	
16-3	1495-1497	of	
16-4	1498-1503	fried	
16-5	1504-1508	fish	
16-6	1508-1509	,	
16-7	1510-1515	bacon	
16-8	1516-1519	and	
16-9	1520-1524	eggs	
16-10	1525-1528	and	
16-11	1529-1535	coffee	
16-12	1535-1536	.	
16-13	1536-1537	.	
16-14	1537-1538	.	
16-15	1539-1540	.	

#Text=Soon after I was aboard I had to look the other way, for
#Text=I had seen my friend holding a girl in his arms and I had heard
#Text=himm Say:
#Text=
#Text=‘And how are you, darling?’
17-1	1542-1546	Soon	
17-2	1547-1552	after	
17-3	1553-1554	I	
17-4	1555-1558	was	
17-5	1559-1565	aboard	
17-6	1566-1567	I	
17-7	1568-1571	had	
17-8	1572-1574	to	
17-9	1575-1579	look	
17-10	1580-1583	the	
17-11	1584-1589	other	
17-12	1590-1593	way	
17-13	1593-1594	,	
17-14	1595-1598	for	
17-15	1599-1600	I	
17-16	1601-1604	had	
17-17	1605-1609	seen	
17-18	1610-1612	my	
17-19	1613-1619	friend	
17-20	1620-1627	holding	
17-21	1628-1629	a	
17-22	1630-1634	girl	
17-23	1635-1637	in	
17-24	1638-1641	his	
17-25	1642-1646	arms	
17-26	1647-1650	and	
17-27	1651-1652	I	
17-28	1653-1656	had	
17-29	1657-1662	heard	
17-30	1663-1667	himm	
17-31	1668-1671	Say	
17-32	1671-1672	:	
17-33	1674-1675	‘	
17-34	1675-1678	And	
17-35	1679-1682	how	
17-36	1683-1686	are	
17-37	1687-1690	you	
17-38	1690-1691	,	
17-39	1692-1699	darling	
17-40	1699-1700	?	
17-41	1700-1701	’	

#Text=‘Splendid!’
18-1	1703-1704	‘	
18-2	1704-1712	Splendid	
18-3	1712-1713	!	
18-4	1713-1714	’	

#Text=she cried.
19-1	1715-1718	she	
19-2	1719-1724	cried	
19-3	1724-1725	.	

#Text=‘Let me look at you!
20-1	1726-1727	‘	
20-2	1727-1730	Let	
20-3	1731-1733	me	
20-4	1734-1738	look	
20-5	1739-1741	at	
20-6	1742-1745	you	
20-7	1745-1746	!	
