#FORMAT=WebAnno TSV 3.3


#Text=(e)
#Text=
#Text=- l. c. p. 322, 323
1-1	3-4	(	
1-2	4-5	e	
1-3	5-6	)	
1-4	8-9	-	
1-5	10-11	l	
1-6	11-12	.	
1-7	13-14	c	
1-8	14-15	.	
1-9	16-17	p	
1-10	17-18	.	
1-11	19-22	322	
1-12	22-23	,	
1-13	24-27	323	

#Text=.
2-1	27-28	.	

#Text=[
#Text=p. 534]
#Text=was eertyds gezond, de Rivier had een behoorlyke loozing van haar water:
#Text=dan nu men den mond van de Rivier gestopt heeft, zuigt het water in den grond:
#Text=de Huizen zyn dus vochtiger, en daar door ongezonder.
#Text=- Hier door zyn de Soldaaten, op en by moerassen gelegerd, of, in cazernen wonende, op diergelyke plaatzen gebouwd, dikwerf, meer aan Ziekten onderhevig, dan die hooger en drooger woonen.
3-1	31-32	[	
3-2	33-34	p	
3-3	34-35	.	
3-4	36-39	534	
3-5	39-40	]	
3-6	41-44	was	
3-7	45-52	eertyds	
3-8	53-59	gezond	
3-9	59-60	,	
3-10	61-63	de	
3-11	64-70	Rivier	
3-12	71-74	had	
3-13	75-78	een	
3-14	79-89	behoorlyke	
3-15	90-97	loozing	
3-16	98-101	van	
3-17	102-106	haar	
3-18	107-112	water	
3-19	112-113	:	
3-20	114-117	dan	
3-21	118-120	nu	
3-22	121-124	men	
3-23	125-128	den	
3-24	129-133	mond	
3-25	134-137	van	
3-26	138-140	de	
3-27	141-147	Rivier	
3-28	148-155	gestopt	
3-29	156-161	heeft	
3-30	161-162	,	
3-31	163-168	zuigt	
3-32	169-172	het	
3-33	173-178	water	
3-34	179-181	in	
3-35	182-185	den	
3-36	186-191	grond	
3-37	191-192	:	
3-38	193-195	de	
3-39	196-202	Huizen	
3-40	203-206	zyn	
3-41	207-210	dus	
3-42	211-220	vochtiger	
3-43	220-221	,	
3-44	222-224	en	
3-45	225-229	daar	
3-46	230-234	door	
3-47	235-245	ongezonder	
3-48	245-246	.	
3-49	247-248	-	
3-50	249-253	Hier	
3-51	254-258	door	
3-52	259-262	zyn	
3-53	263-265	de	
3-54	266-275	Soldaaten	
3-55	275-276	,	
3-56	277-279	op	
3-57	280-282	en	
3-58	283-285	by	
3-59	286-295	moerassen	
3-60	296-304	gelegerd	
3-61	304-305	,	
3-62	306-308	of	
3-63	308-309	,	
3-64	310-312	in	
3-65	313-321	cazernen	
3-66	322-329	wonende	
3-67	329-330	,	
3-68	331-333	op	
3-69	334-344	diergelyke	
3-70	345-353	plaatzen	
3-71	354-361	gebouwd	
3-72	361-362	,	
3-73	363-370	dikwerf	
3-74	370-371	,	
3-75	372-376	meer	
3-76	377-380	aan	
3-77	381-388	Ziekten	
3-78	389-399	onderhevig	
3-79	399-400	,	
3-80	401-404	dan	
3-81	405-408	die	
3-82	409-415	hooger	
3-83	416-418	en	
3-84	419-426	drooger	
3-85	427-433	woonen	
3-86	433-434	.	

#Text=Dit bewyst zelfs eene Waarneeming, welke UWelEd.
4-1	435-438	Dit	
4-2	439-445	bewyst	
4-3	446-451	zelfs	
4-4	452-456	eene	
4-5	457-468	Waarneeming	
4-6	468-469	,	
4-7	470-475	welke	
4-8	476-482	UWelEd	
4-9	482-483	.	

#Text=(f) aanhaalt.
#Text=- Te Helvoet immers, slegts een halve myl van de Vuchtse moerassen, was het Guarnisoen gezond, - daar de Engelschen, terwyl zy laager plaatzen bewoonden, ziek wierden;
#Text=- dit moet men van de meerdere of mindere vochtigheid des gronds, en niet van den verschillenden dampkring, afleiden.
#Text=- Men kan niet stellen, dat die weinig hoogere grond een anderen dampkring had.
#Text=- De bosschen kunnen die dampen zeker schadelyk maaken, zy houden de Lucht op, doen ze stilstaan, en bederven.
#Text=- Zy neemt hoe langer hoe meer uitwaassemingen van den grond aan, zy wordt dus als het ware gesupersatureerd door die dampen, en dan wordt zy waarlyk schadelyk.
#Text=- Dit bewyst de meerdere sterfte in Haarlem(g), en dit bewyst de Waarneeming van den Heer dachs te Philippine, van UWelEd.
5-1	483-484	(	
5-2	484-485	f	
5-3	485-486	)	
5-4	487-495	aanhaalt	
5-5	495-496	.	
5-6	497-498	-	
5-7	499-501	Te	
5-8	502-509	Helvoet	
5-9	510-516	immers	
5-10	516-517	,	
5-11	518-524	slegts	
5-12	525-528	een	
5-13	529-534	halve	
5-14	535-538	myl	
5-15	539-542	van	
5-16	543-545	de	
5-17	546-553	Vuchtse	
5-18	554-563	moerassen	
5-19	563-564	,	
5-20	565-568	was	
5-21	569-572	het	
5-22	573-583	Guarnisoen	
5-23	584-590	gezond	
5-24	590-591	,	
5-25	592-593	-	
5-26	594-598	daar	
5-27	599-601	de	
5-28	602-612	Engelschen	
5-29	612-613	,	
5-30	614-620	terwyl	
5-31	621-623	zy	
5-32	624-630	laager	
5-33	631-639	plaatzen	
5-34	640-649	bewoonden	
5-35	649-650	,	
5-36	651-655	ziek	
5-37	656-663	wierden	
5-38	663-664	;	
5-39	665-666	-	
5-40	667-670	dit	
5-41	671-675	moet	
5-42	676-679	men	
5-43	680-683	van	
5-44	684-686	de	
5-45	687-695	meerdere	
5-46	696-698	of	
5-47	699-706	mindere	
5-48	707-718	vochtigheid	
5-49	719-722	des	
5-50	723-729	gronds	
5-51	729-730	,	
5-52	731-733	en	
5-53	734-738	niet	
5-54	739-742	van	
5-55	743-746	den	
5-56	747-761	verschillenden	
5-57	762-771	dampkring	
5-58	771-772	,	
5-59	773-781	afleiden	
5-60	781-782	.	
5-61	783-784	-	
5-62	785-788	Men	
5-63	789-792	kan	
5-64	793-797	niet	
5-65	798-805	stellen	
5-66	805-806	,	
5-67	807-810	dat	
5-68	811-814	die	
5-69	815-821	weinig	
5-70	822-829	hoogere	
5-71	830-835	grond	
5-72	836-839	een	
5-73	840-847	anderen	
5-74	848-857	dampkring	
5-75	858-861	had	
5-76	861-862	.	
5-77	863-864	-	
5-78	865-867	De	
5-79	868-876	bosschen	
5-80	877-883	kunnen	
5-81	884-887	die	
5-82	888-894	dampen	
5-83	895-900	zeker	
5-84	901-910	schadelyk	
5-85	911-917	maaken	
5-86	917-918	,	
5-87	919-921	zy	
5-88	922-928	houden	
5-89	929-931	de	
5-90	932-937	Lucht	
5-91	938-940	op	
5-92	940-941	,	
5-93	942-946	doen	
5-94	947-949	ze	
5-95	950-959	stilstaan	
5-96	959-960	,	
5-97	961-963	en	
5-98	964-972	bederven	
5-99	972-973	.	
5-100	974-975	-	
5-101	976-978	Zy	
5-102	979-984	neemt	
5-103	985-988	hoe	
5-104	989-995	langer	
5-105	996-999	hoe	
5-106	1000-1004	meer	
5-107	1005-1020	uitwaassemingen	
5-108	1021-1024	van	
5-109	1025-1028	den	
5-110	1029-1034	grond	
5-111	1035-1038	aan	
5-112	1038-1039	,	
5-113	1040-1042	zy	
5-114	1043-1048	wordt	
5-115	1049-1052	dus	
5-116	1053-1056	als	
5-117	1057-1060	het	
5-118	1061-1065	ware	
5-119	1066-1082	gesupersatureerd	
5-120	1083-1087	door	
5-121	1088-1091	die	
5-122	1092-1098	dampen	
5-123	1098-1099	,	
5-124	1100-1102	en	
5-125	1103-1106	dan	
5-126	1107-1112	wordt	
5-127	1113-1115	zy	
5-128	1116-1123	waarlyk	
5-129	1124-1133	schadelyk	
5-130	1133-1134	.	
5-131	1135-1136	-	
5-132	1137-1140	Dit	
5-133	1141-1147	bewyst	
5-134	1148-1150	de	
5-135	1151-1159	meerdere	
5-136	1160-1167	sterfte	
5-137	1168-1170	in	
5-138	1171-1178	Haarlem	
5-139	1178-1179	(	
5-140	1179-1180	g	
5-141	1180-1181	)	
5-142	1181-1182	,	
5-143	1183-1185	en	
5-144	1186-1189	dit	
5-145	1190-1196	bewyst	
5-146	1197-1199	de	
5-147	1200-1211	Waarneeming	
5-148	1212-1215	van	
5-149	1216-1219	den	
5-150	1220-1224	Heer	
5-151	1225-1230	dachs	
5-152	1231-1233	te	
5-153	1234-1244	Philippine	
5-154	1244-1245	,	
5-155	1246-1249	van	
5-156	1250-1256	UWelEd	
5-157	1256-1257	.	

#Text=(h)
#Text=aangehaald, allerklaarst.
#Text=- Ons besluit is dus dat de dampen van stilstaand rottend Water in de gemeene Lucht niet schadelyk zyn, of zy moeten opgehouden worden:
#Text=dan wordt de Lucht 'er als het ware mede over verzadigd, en dan ademen wy, eigenlyk gezegd, geene Lucht, maar rottige dampen, (ten minste voor een groot gedeelte,) in.
#Text=- Ik zal dit door Natuurkundige Proeven zoeken op te helderen.
6-1	1257-1258	(	
6-2	1258-1259	h	
6-3	1259-1260	)	
6-4	1261-1271	aangehaald	
6-5	1271-1272	,	
6-6	1273-1285	allerklaarst	
6-7	1285-1286	.	
6-8	1287-1288	-	
6-9	1289-1292	Ons	
6-10	1293-1300	besluit	
6-11	1301-1303	is	
6-12	1304-1307	dus	
6-13	1308-1311	dat	
6-14	1312-1314	de	
6-15	1315-1321	dampen	
6-16	1322-1325	van	
6-17	1326-1336	stilstaand	
6-18	1337-1344	rottend	
6-19	1345-1350	Water	
6-20	1351-1353	in	
6-21	1354-1356	de	
6-22	1357-1364	gemeene	
6-23	1365-1370	Lucht	
6-24	1371-1375	niet	
6-25	1376-1385	schadelyk	
6-26	1386-1389	zyn	
6-27	1389-1390	,	
6-28	1391-1393	of	
6-29	1394-1396	zy	
6-30	1397-1403	moeten	
6-31	1404-1414	opgehouden	
6-32	1415-1421	worden	
6-33	1421-1422	:	
6-34	1423-1426	dan	
6-35	1427-1432	wordt	
6-36	1433-1435	de	
6-37	1436-1441	Lucht	
6-38	1442-1443	'	
6-39	1443-1445	er	
6-40	1446-1449	als	
6-41	1450-1453	het	
6-42	1454-1458	ware	
6-43	1459-1463	mede	
6-44	1464-1468	over	
6-45	1469-1478	verzadigd	
6-46	1478-1479	,	
6-47	1480-1482	en	
6-48	1483-1486	dan	
6-49	1487-1493	ademen	
6-50	1494-1496	wy	
6-51	1496-1497	,	
6-52	1498-1506	eigenlyk	
6-53	1507-1513	gezegd	
6-54	1513-1514	,	
6-55	1515-1520	geene	
6-56	1521-1526	Lucht	
6-57	1526-1527	,	
6-58	1528-1532	maar	
6-59	1533-1540	rottige	
6-60	1541-1547	dampen	
6-61	1547-1548	,	
6-62	1549-1550	(	
6-63	1550-1553	ten	
6-64	1554-1560	minste	
6-65	1561-1565	voor	
6-66	1566-1569	een	
6-67	1570-1575	groot	
6-68	1576-1584	gedeelte	
6-69	1584-1585	,	
6-70	1585-1586	)	
6-71	1587-1589	in	
6-72	1589-1590	.	
6-73	1591-1592	-	
6-74	1593-1595	Ik	
6-75	1596-1599	zal	
6-76	1600-1603	dit	
6-77	1604-1608	door	
6-78	1609-1622	Natuurkundige	
6-79	1623-1630	Proeven	
6-80	1631-1637	zoeken	
6-81	1638-1640	op	
6-82	1641-1643	te	
6-83	1644-1652	helderen	
6-84	1652-1653	.	

#Text=De dampen en uitwaassemingen van stilstaand rottend water zyn, gelyk die van moerassen, van eenen phlogisticquen aart.
7-1	1655-1657	De	
7-2	1658-1664	dampen	
7-3	1665-1667	en	
7-4	1668-1683	uitwaassemingen	
7-5	1684-1687	van	
7-6	1688-1698	stilstaand	
7-7	1699-1706	rottend	
7-8	1707-1712	water	
7-9	1713-1716	zyn	
7-10	1716-1717	,	
7-11	1718-1723	gelyk	
7-12	1724-1727	die	
7-13	1728-1731	van	
7-14	1732-1741	moerassen	
7-15	1741-1742	,	
7-16	1743-1746	van	
7-17	1747-1752	eenen	
7-18	1753-1767	phlogisticquen	
7-19	1768-1772	aart	
7-20	1772-1773	.	
