#FORMAT=WebAnno TSV 3.3


#Text=In via hac qua ambulabam absconderunt laqueum mihi.
#Text=5 Considerabam ad dexteram, et videbam, et non erat qui cognosceret me : periit fuga a me, et non est qui requirat animam meam.
#Text=6 Clamavi ad te, Domine ; dixi : Tu es spes mea, portio mea in terra viventium.
#Text=7 Intende ad deprecationem meam, quia humiliatus sum nimis.
1-1	2-4	In	
1-2	5-8	via	
1-3	9-12	hac	
1-4	13-16	qua	
1-5	17-26	ambulabam	
1-6	27-39	absconderunt	
1-7	40-47	laqueum	
1-8	48-52	mihi	
1-9	52-53	.	
1-10	54-55	5	
1-11	56-68	Considerabam	
1-12	69-71	ad	
1-13	72-80	dexteram	
1-14	80-81	,	
1-15	82-84	et	
1-16	85-92	videbam	
1-17	92-93	,	
1-18	94-96	et	
1-19	97-100	non	
1-20	101-105	erat	
1-21	106-109	qui	
1-22	110-121	cognosceret	
1-23	122-124	me	
1-24	125-126	:	
1-25	127-133	periit	
1-26	134-138	fuga	
1-27	139-140	a	
1-28	141-143	me	
1-29	143-144	,	
1-30	145-147	et	
1-31	148-151	non	
1-32	152-155	est	
1-33	156-159	qui	
1-34	160-168	requirat	
1-35	169-175	animam	
1-36	176-180	meam	
1-37	180-181	.	
1-38	182-183	6	
1-39	184-191	Clamavi	
1-40	192-194	ad	
1-41	195-197	te	
1-42	197-198	,	
1-43	199-205	Domine	
1-44	206-207	;	
1-45	208-212	dixi	
1-46	213-214	:	
1-47	215-217	Tu	
1-48	218-220	es	
1-49	221-225	spes	
1-50	226-229	mea	
1-51	229-230	,	
1-52	231-237	portio	
1-53	238-241	mea	
1-54	242-244	in	
1-55	245-250	terra	
1-56	251-260	viventium	
1-57	260-261	.	
1-58	262-263	7	
1-59	264-271	Intende	
1-60	272-274	ad	
1-61	275-288	deprecationem	
1-62	289-293	meam	
1-63	293-294	,	
1-64	295-299	quia	
1-65	300-310	humiliatus	
1-66	311-314	sum	
1-67	315-320	nimis	
1-68	320-321	.	

#Text=Libera me a persequentibus me, quia confortati sunt super me.
#Text=8 Educ de custodia animam meam ad confitendum nomini tuo ; me exspectant justi donec retribuas mihi.
2-1	322-328	Libera	
2-2	329-331	me	
2-3	332-333	a	
2-4	334-348	persequentibus	
2-5	349-351	me	
2-6	351-352	,	
2-7	353-357	quia	
2-8	358-368	confortati	
2-9	369-373	sunt	
2-10	374-379	super	
2-11	380-382	me	
2-12	382-383	.	
2-13	384-385	8	
2-14	386-390	Educ	
2-15	391-393	de	
2-16	394-402	custodia	
2-17	403-409	animam	
2-18	410-414	meam	
2-19	415-417	ad	
2-20	418-429	confitendum	
2-21	430-436	nomini	
2-22	437-440	tuo	
2-23	441-442	;	
2-24	443-445	me	
2-25	446-456	exspectant	
2-26	457-462	justi	
2-27	463-468	donec	
2-28	469-478	retribuas	
2-29	479-483	mihi	
2-30	483-484	.	

#Text=Caput 142
#Text=
#Text=
#Text=1 Psalmus David, quando persequebatur eum Absalom filius ejus.
3-1	485-490	Caput	
3-2	491-494	142	
3-3	497-498	1	
3-4	499-506	Psalmus	
3-5	507-512	David	
3-6	512-513	,	
3-7	514-520	quando	
3-8	521-534	persequebatur	
3-9	535-538	eum	
3-10	539-546	Absalom	
3-11	547-553	filius	
3-12	554-558	ejus	
3-13	558-559	.	

#Text=Domine, exaudi orationem meam ; auribus percipe obsecrationem meam in veritate tua ; exaudi me in tua justitia.
#Text=2 Et non intres in judicium cum servo tuo, quia non justificabitur in conspectu tuo omnis vivens.
#Text=3 Quia persecutus est inimicus animam meam ; humiliavit in terra vitam meam ; collocavit me in obscuris, sicut mortuos sæculi.
#Text=4 Et anxiatus est super me spiritus meus ; in me turbatum est cor meum.
#Text=5 Memor fui dierum antiquorum ; meditatus sum in omnibus operibus tuis : in factis manuum tuarum meditabar.
#Text=6 Expandi manus meas ad te ; anima mea sicut terra sine aqua tibi.
#Text=7 Velociter exaudi me, Domine ; defecit spiritus meus.
4-1	560-566	Domine	
4-2	566-567	,	
4-3	568-574	exaudi	
4-4	575-584	orationem	
4-5	585-589	meam	
4-6	590-591	;	
4-7	592-599	auribus	
4-8	600-607	percipe	
4-9	608-621	obsecrationem	
4-10	622-626	meam	
4-11	627-629	in	
4-12	630-638	veritate	
4-13	639-642	tua	
4-14	643-644	;	
4-15	645-651	exaudi	
4-16	652-654	me	
4-17	655-657	in	
4-18	658-661	tua	
4-19	662-670	justitia	
4-20	670-671	.	
4-21	672-673	2	
4-22	674-676	Et	
4-23	677-680	non	
4-24	681-687	intres	
4-25	688-690	in	
4-26	691-699	judicium	
4-27	700-703	cum	
4-28	704-709	servo	
4-29	710-713	tuo	
4-30	713-714	,	
4-31	715-719	quia	
4-32	720-723	non	
4-33	724-738	justificabitur	
4-34	739-741	in	
4-35	742-751	conspectu	
4-36	752-755	tuo	
4-37	756-761	omnis	
4-38	762-768	vivens	
4-39	768-769	.	
4-40	770-771	3	
4-41	772-776	Quia	
4-42	777-787	persecutus	
4-43	788-791	est	
4-44	792-800	inimicus	
4-45	801-807	animam	
4-46	808-812	meam	
4-47	813-814	;	
4-48	815-825	humiliavit	
4-49	826-828	in	
4-50	829-834	terra	
4-51	835-840	vitam	
4-52	841-845	meam	
4-53	846-847	;	
4-54	848-858	collocavit	
4-55	859-861	me	
4-56	862-864	in	
4-57	865-873	obscuris	
4-58	873-874	,	
4-59	875-880	sicut	
4-60	881-888	mortuos	
4-61	889-895	sæculi	
4-62	895-896	.	
4-63	897-898	4	
4-64	899-901	Et	
4-65	902-910	anxiatus	
4-66	911-914	est	
4-67	915-920	super	
4-68	921-923	me	
4-69	924-932	spiritus	
4-70	933-937	meus	
4-71	938-939	;	
4-72	940-942	in	
4-73	943-945	me	
4-74	946-954	turbatum	
4-75	955-958	est	
4-76	959-962	cor	
4-77	963-967	meum	
4-78	967-968	.	
4-79	969-970	5	
4-80	971-976	Memor	
4-81	977-980	fui	
4-82	981-987	dierum	
4-83	988-998	antiquorum	
4-84	999-1000	;	
4-85	1001-1010	meditatus	
4-86	1011-1014	sum	
4-87	1015-1017	in	
4-88	1018-1025	omnibus	
4-89	1026-1034	operibus	
4-90	1035-1039	tuis	
4-91	1040-1041	:	
4-92	1042-1044	in	
4-93	1045-1051	factis	
4-94	1052-1058	manuum	
4-95	1059-1065	tuarum	
4-96	1066-1075	meditabar	
4-97	1075-1076	.	
4-98	1077-1078	6	
4-99	1079-1086	Expandi	
4-100	1087-1092	manus	
4-101	1093-1097	meas	
4-102	1098-1100	ad	
4-103	1101-1103	te	
4-104	1104-1105	;	
4-105	1106-1111	anima	
4-106	1112-1115	mea	
4-107	1116-1121	sicut	
4-108	1122-1127	terra	
4-109	1128-1132	sine	
4-110	1133-1137	aqua	
4-111	1138-1142	tibi	
4-112	1142-1143	.	
4-113	1144-1145	7	
4-114	1146-1155	Velociter	
4-115	1156-1162	exaudi	
4-116	1163-1165	me	
4-117	1165-1166	,	
4-118	1167-1173	Domine	
4-119	1174-1175	;	
4-120	1176-1183	defecit	
4-121	1184-1192	spiritus	
4-122	1193-1197	meus	
4-123	1197-1198	.	

#Text=Non avertas faciem tuam a me, et similis ero descendentibus in lacum.
#Text=8 Auditam fac mihi mane misericordiam tuam, quia in te speravi.
5-1	1199-1202	Non	
5-2	1203-1210	avertas	
5-3	1211-1217	faciem	
5-4	1218-1222	tuam	
5-5	1223-1224	a	
5-6	1225-1227	me	
5-7	1227-1228	,	
5-8	1229-1231	et	
5-9	1232-1239	similis	
5-10	1240-1243	ero	
5-11	1244-1258	descendentibus	
5-12	1259-1261	in	
5-13	1262-1267	lacum	
5-14	1267-1268	.	
5-15	1269-1270	8	
5-16	1271-1278	Auditam	
5-17	1279-1282	fac	
5-18	1283-1287	mihi	
5-19	1288-1292	mane	
5-20	1293-1306	misericordiam	
5-21	1307-1311	tuam	
5-22	1311-1312	,	
5-23	1313-1317	quia	
5-24	1318-1320	in	
5-25	1321-1323	te	
5-26	1324-1331	speravi	
5-27	1331-1332	.	

#Text=Notam fac mihi viam in qua ambulem, quia ad te levavi animam meam.
#Text=9 Eripe me de inimicis meis, Domine : ad te confugi.
#Text=10 Doce me facere voluntatem tuam, quia Deus meus es tu.
6-1	1333-1338	Notam	
6-2	1339-1342	fac	
6-3	1343-1347	mihi	
6-4	1348-1352	viam	
6-5	1353-1355	in	
6-6	1356-1359	qua	
6-7	1360-1367	ambulem	
6-8	1367-1368	,	
6-9	1369-1373	quia	
6-10	1374-1376	ad	
6-11	1377-1379	te	
6-12	1380-1386	levavi	
6-13	1387-1393	animam	
6-14	1394-1398	meam	
6-15	1398-1399	.	
6-16	1400-1401	9	
6-17	1402-1407	Eripe	
6-18	1408-1410	me	
6-19	1411-1413	de	
6-20	1414-1422	inimicis	
6-21	1423-1427	meis	
6-22	1427-1428	,	
6-23	1429-1435	Domine	
6-24	1436-1437	:	
6-25	1438-1440	ad	
6-26	1441-1443	te	
6-27	1444-1451	confugi	
6-28	1451-1452	.	
6-29	1453-1455	10	
6-30	1456-1460	Doce	
6-31	1461-1463	me	
6-32	1464-1470	facere	
6-33	1471-1481	voluntatem	
6-34	1482-1486	tuam	
6-35	1486-1487	,	
6-36	1488-1492	quia	
6-37	1493-1497	Deus	
6-38	1498-1502	meus	
6-39	1503-1505	es	
6-40	1506-1508	tu	
6-41	1508-1509	.	

#Text=Spiritus tuus bonus deducet me in terram rectam.
7-1	1510-1518	Spiritus	
7-2	1519-1523	tuus	
7-3	1524-1529	bonus	
7-4	1530-1537	deducet	
7-5	1538-1540	me	
7-6	1541-1543	in	
7-7	1544-1550	terram	
7-8	1551-1557	rectam	
7-9	1557-1558	.	
