#FORMAT=WebAnno TSV 3.3


#Text=Op dit teken wordt de plant uit den grond gehaald, en men laat ze 
#Text=in de Zonne droogen, waar na men ze op eene drooge plaats legt, alwaar ze, ten 
#Text=minste, zes maanden goed blyft
1-1	2-4	Op	
1-2	5-8	dit	
1-3	9-14	teken	
1-4	15-20	wordt	
1-5	21-23	de	
1-6	24-29	plant	
1-7	30-33	uit	
1-8	34-37	den	
1-9	38-43	grond	
1-10	44-51	gehaald	
1-11	51-52	,	
1-12	53-55	en	
1-13	56-59	men	
1-14	60-64	laat	
1-15	65-67	ze	
1-16	69-71	in	
1-17	72-74	de	
1-18	75-80	Zonne	
1-19	81-88	droogen	
1-20	88-89	,	
1-21	90-94	waar	
1-22	95-97	na	
1-23	98-101	men	
1-24	102-104	ze	
1-25	105-107	op	
1-26	108-112	eene	
1-27	113-119	drooge	
1-28	120-126	plaats	
1-29	127-131	legt	
1-30	131-132	,	
1-31	133-139	alwaar	
1-32	140-142	ze	
1-33	142-143	,	
1-34	144-147	ten	
1-35	149-155	minste	
1-36	155-156	,	
1-37	157-160	zes	
1-38	161-168	maanden	
1-39	169-173	goed	
1-40	174-179	blyft	

#Text=.
2-1	179-180	.	

#Text=+
#Text=De steel, welke deze plant voortbrengt, draagt eenige halmen, voorzien met 
#Text=bloempjes op de wyze van eene klok, waarvan het styltje in een peultje verandert,
#Text=
#Text=
#Text=
#Text=
#Text=
#Text=
#Text=
#Text=
#Text=
#Text=+
#Text=Van de voort-kweekinge
#Text=
#Text=
#Text=dat vol van zwart zaad is.
3-1	187-188	+	
3-2	189-191	De	
3-3	192-197	steel	
3-4	197-198	,	
3-5	199-204	welke	
3-6	205-209	deze	
3-7	210-215	plant	
3-8	216-227	voortbrengt	
3-9	227-228	,	
3-10	229-235	draagt	
3-11	236-242	eenige	
3-12	243-249	halmen	
3-13	249-250	,	
3-14	251-259	voorzien	
3-15	260-263	met	
3-16	265-274	bloempjes	
3-17	275-277	op	
3-18	278-280	de	
3-19	281-285	wyze	
3-20	286-289	van	
3-21	290-294	eene	
3-22	295-299	klok	
3-23	299-300	,	
3-24	301-308	waarvan	
3-25	309-312	het	
3-26	313-320	styltje	
3-27	321-323	in	
3-28	324-327	een	
3-29	328-335	peultje	
3-30	336-345	verandert	
3-31	345-346	,	
3-32	356-357	+	
3-33	358-361	Van	
3-34	362-364	de	
3-35	365-380	voort-kweekinge	
3-36	383-386	dat	
3-37	387-390	vol	
3-38	391-394	van	
3-39	395-400	zwart	
3-40	401-405	zaad	
3-41	406-408	is	
3-42	408-409	.	

#Text=Men behoeft 'er maar eens van te zaeien of te planten, 
#Text=om 'er altyd van in te zamelen;
#Text=om dat men zich gemeenlyk van 't hoofd van den 
#Text=wortel bedient, om de soort voort te kweeken.
4-1	410-413	Men	
4-2	414-421	behoeft	
4-3	422-423	'	
4-4	423-425	er	
4-5	426-430	maar	
4-6	431-435	eens	
4-7	436-439	van	
4-8	440-442	te	
4-9	443-449	zaeien	
4-10	450-452	of	
4-11	453-455	te	
4-12	456-463	planten	
4-13	463-464	,	
4-14	466-468	om	
4-15	469-470	'	
4-16	470-472	er	
4-17	473-478	altyd	
4-18	479-482	van	
4-19	483-485	in	
4-20	486-488	te	
4-21	489-496	zamelen	
4-22	496-497	;	
4-23	498-500	om	
4-24	501-504	dat	
4-25	505-508	men	
4-26	509-513	zich	
4-27	514-523	gemeenlyk	
4-28	524-527	van	
4-29	528-529	'	
4-30	529-530	t	
4-31	531-536	hoofd	
4-32	537-540	van	
4-33	541-544	den	
4-34	546-552	wortel	
4-35	553-560	bedient	
4-36	560-561	,	
4-37	562-564	om	
4-38	565-567	de	
4-39	568-573	soort	
4-40	574-579	voort	
4-41	580-582	te	
4-42	583-590	kweeken	
4-43	590-591	.	

#Text=Dit wordt in verscheidene stukken 
#Text=gesneeden, die in den
#Text=
#Text=
#Text=der Teies.
5-1	592-595	Dit	
5-2	596-601	wordt	
5-3	602-604	in	
5-4	605-617	verscheidene	
5-5	618-625	stukken	
5-6	627-636	gesneeden	
5-7	636-637	,	
5-8	638-641	die	
5-9	642-644	in	
5-10	645-648	den	
5-11	651-654	der	
5-12	655-660	Teies	
5-13	660-661	.	

#Text=grond gestoken worden, op den afstand van drie voeten, en, na verloop van zes 
#Text=maanden, kan men de vrucht inzamelen, 't welk zo schielyk niet gebeurt wanneer 
#Text=men het zaad zaeit.
6-1	668-673	grond	
6-2	674-682	gestoken	
6-3	683-689	worden	
6-4	689-690	,	
6-5	691-693	op	
6-6	694-697	den	
6-7	698-705	afstand	
6-8	706-709	van	
6-9	710-714	drie	
6-10	715-721	voeten	
6-11	721-722	,	
6-12	723-725	en	
6-13	725-726	,	
6-14	727-729	na	
6-15	730-737	verloop	
6-16	738-741	van	
6-17	742-745	zes	
6-18	747-754	maanden	
6-19	754-755	,	
6-20	756-759	kan	
6-21	760-763	men	
6-22	764-766	de	
6-23	767-773	vrucht	
6-24	774-783	inzamelen	
6-25	783-784	,	
6-26	785-786	'	
6-27	786-787	t	
6-28	788-792	welk	
6-29	793-795	zo	
6-30	796-804	schielyk	
6-31	805-809	niet	
6-32	810-817	gebeurt	
6-33	818-825	wanneer	
6-34	827-830	men	
6-35	831-834	het	
6-36	835-839	zaad	
6-37	840-845	zaeit	
6-38	845-846	.	

#Text=Deze wortel laat zich gemakkelyk kooken, en is echter een sterk voedzel, schoon 
#Text=luchtig, en zeer ligt om te verteeren.
7-1	851-855	Deze	
7-2	856-862	wortel	
7-3	863-867	laat	
7-4	868-872	zich	
7-5	873-883	gemakkelyk	
7-6	884-890	kooken	
7-7	890-891	,	
7-8	892-894	en	
7-9	895-897	is	
7-10	898-904	echter	
7-11	905-908	een	
7-12	909-914	sterk	
7-13	915-922	voedzel	
7-14	922-923	,	
7-15	924-930	schoon	
7-16	932-939	luchtig	
7-17	939-940	,	
7-18	941-943	en	
7-19	944-948	zeer	
7-20	949-953	ligt	
7-21	954-956	om	
7-22	957-959	te	
7-23	960-969	verteeren	
7-24	969-970	.	

#Text=Men eet denzelven gekookt met vleesch, of op 
#Text=heete koolen gebraaden, doende daar citroen, gestampte piment en zout by.
8-1	971-974	Men	
8-2	975-978	eet	
8-3	979-988	denzelven	
8-4	989-996	gekookt	
8-5	997-1000	met	
8-6	1001-1008	vleesch	
8-7	1008-1009	,	
8-8	1010-1012	of	
8-9	1013-1015	op	
8-10	1017-1022	heete	
8-11	1023-1029	koolen	
8-12	1030-1039	gebraaden	
8-13	1039-1040	,	
8-14	1041-1047	doende	
8-15	1048-1052	daar	
8-16	1053-1060	citroen	
8-17	1060-1061	,	
8-18	1062-1071	gestampte	
8-19	1072-1078	piment	
8-20	1079-1081	en	
8-21	1082-1086	zout	
8-22	1087-1089	by	
8-23	1089-1090	.	

#Text=Ook 
#Text=maakt men 'er een heerlyk braf van, welk op de volgende wyze klaar gemaakt wordt.
9-1	1091-1094	Ook	
9-2	1096-1101	maakt	
9-3	1102-1105	men	
9-4	1106-1107	'	
9-5	1107-1109	er	
9-6	1110-1113	een	
9-7	1114-1121	heerlyk	
9-8	1122-1126	braf	
9-9	1127-1130	van	
9-10	1130-1131	,	
9-11	1132-1136	welk	
9-12	1137-1139	op	
9-13	1140-1142	de	
9-14	1143-1151	volgende	
9-15	1152-1156	wyze	
9-16	1157-1162	klaar	
9-17	1163-1170	gemaakt	
9-18	1171-1176	wordt	
9-19	1176-1177	.	

#Text=Men kiest de kleinsten dezer wortelen, om dat zy smaakelyker zyn;
#Text=men kookt ze 
#Text=in water en men doedt 'er een stuk van best gezouten vleesch, gerookte visch, en 
#Text=meer andere dingen by, waar door deze ragout heerlyk van smaak wordt.
10-1	1180-1183	Men	
10-2	1184-1189	kiest	
10-3	1190-1192	de	
10-4	1193-1202	kleinsten	
10-5	1203-1208	dezer	
10-6	1209-1217	wortelen	
10-7	1217-1218	,	
10-8	1219-1221	om	
10-9	1222-1225	dat	
10-10	1226-1228	zy	
10-11	1229-1240	smaakelyker	
10-12	1241-1244	zyn	
10-13	1244-1245	;	
10-14	1246-1249	men	
10-15	1250-1255	kookt	
10-16	1256-1258	ze	
10-17	1260-1262	in	
10-18	1263-1268	water	
10-19	1269-1271	en	
10-20	1272-1275	men	
10-21	1276-1281	doedt	
10-22	1282-1283	'	
10-23	1283-1285	er	
10-24	1286-1289	een	
10-25	1290-1294	stuk	
10-26	1295-1298	van	
10-27	1299-1303	best	
10-28	1304-1312	gezouten	
10-29	1313-1320	vleesch	
10-30	1320-1321	,	
10-31	1322-1330	gerookte	
10-32	1331-1336	visch	
10-33	1336-1337	,	
10-34	1338-1340	en	
10-35	1342-1346	meer	
10-36	1347-1353	andere	
10-37	1354-1360	dingen	
10-38	1361-1363	by	
10-39	1363-1364	,	
10-40	1365-1369	waar	
10-41	1370-1374	door	
10-42	1375-1379	deze	
10-43	1380-1386	ragout	
10-44	1387-1394	heerlyk	
10-45	1395-1398	van	
10-46	1399-1404	smaak	
10-47	1405-1410	wordt	
10-48	1410-1411	.	

#Text=Ik spreek 
#Text='er van by ondervindinge, als hebbende regelmaatig eens in de week, daar van 
#Text=gegeeten.
11-1	1412-1414	Ik	
11-2	1415-1421	spreek	
11-3	1423-1424	'	
11-4	1424-1426	er	
11-5	1427-1430	van	
11-6	1431-1433	by	
11-7	1434-1447	ondervindinge	
11-8	1447-1448	,	
11-9	1449-1452	als	
11-10	1453-1461	hebbende	
11-11	1462-1473	regelmaatig	
11-12	1474-1478	eens	
11-13	1479-1481	in	
11-14	1482-1484	de	
11-15	1485-1489	week	
11-16	1489-1490	,	
11-17	1491-1495	daar	
11-18	1496-1499	van	
11-19	1501-1509	gegeeten	
11-20	1509-1510	.	

#Text=Ik zeg zelfs, dat, al hadt men niets anders dan deze plant, en de pataten 
#Text=of aardappels, die ik beschreeven heb, men het brood gemakkelyk, ten allen tyde, 
#Text=zou kunnen missen
12-1	1511-1513	Ik	
12-2	1514-1517	zeg	
12-3	1518-1523	zelfs	
12-4	1523-1524	,	
12-5	1525-1528	dat	
12-6	1528-1529	,	
12-7	1530-1532	al	
12-8	1533-1537	hadt	
12-9	1538-1541	men	
12-10	1542-1547	niets	
12-11	1548-1554	anders	
12-12	1555-1558	dan	
12-13	1559-1563	deze	
12-14	1564-1569	plant	
12-15	1569-1570	,	
12-16	1571-1573	en	
12-17	1574-1576	de	
12-18	1577-1584	pataten	
12-19	1586-1588	of	
12-20	1589-1599	aardappels	
12-21	1599-1600	,	
12-22	1601-1604	die	
12-23	1605-1607	ik	
12-24	1608-1619	beschreeven	
12-25	1620-1623	heb	
12-26	1623-1624	,	
12-27	1625-1628	men	
12-28	1629-1632	het	
12-29	1633-1638	brood	
12-30	1639-1649	gemakkelyk	
12-31	1649-1650	,	
12-32	1651-1654	ten	
12-33	1655-1660	allen	
12-34	1661-1665	tyde	
12-35	1665-1666	,	
12-36	1668-1671	zou	
12-37	1672-1678	kunnen	
12-38	1679-1685	missen	

#Text=.
13-1	1685-1686	.	

#Text=+
14-1	1693-1694	+	
