#FORMAT=WebAnno TSV 3.3


#Text=18 Congregavit ergo Jehu omnem populum, et dixit ad eos : Achab coluit Baal parum, ego autem colam eum amplius.
#Text=19 Nunc igitur omnes prophetas Baal, et universos servos ejus, et cunctos sacerdotes ipsius vocate ad me : nullus sit qui non veniat : sacrificium enim grande est mihi Baal : quicumque defuerit, non vivet.
1-1	2-4	18	
1-2	5-16	Congregavit	
1-3	17-21	ergo	
1-4	22-26	Jehu	
1-5	27-32	omnem	
1-6	33-40	populum	
1-7	40-41	,	
1-8	42-44	et	
1-9	45-50	dixit	
1-10	51-53	ad	
1-11	54-57	eos	
1-12	58-59	:	
1-13	60-65	Achab	
1-14	66-72	coluit	
1-15	73-77	Baal	
1-16	78-83	parum	
1-17	83-84	,	
1-18	85-88	ego	
1-19	89-94	autem	
1-20	95-100	colam	
1-21	101-104	eum	
1-22	105-112	amplius	
1-23	112-113	.	
1-24	114-116	19	
1-25	117-121	Nunc	
1-26	122-128	igitur	
1-27	129-134	omnes	
1-28	135-144	prophetas	
1-29	145-149	Baal	
1-30	149-150	,	
1-31	151-153	et	
1-32	154-163	universos	
1-33	164-170	servos	
1-34	171-175	ejus	
1-35	175-176	,	
1-36	177-179	et	
1-37	180-187	cunctos	
1-38	188-198	sacerdotes	
1-39	199-205	ipsius	
1-40	206-212	vocate	
1-41	213-215	ad	
1-42	216-218	me	
1-43	219-220	:	
1-44	221-227	nullus	
1-45	228-231	sit	
1-46	232-235	qui	
1-47	236-239	non	
1-48	240-246	veniat	
1-49	247-248	:	
1-50	249-260	sacrificium	
1-51	261-265	enim	
1-52	266-272	grande	
1-53	273-276	est	
1-54	277-281	mihi	
1-55	282-286	Baal	
1-56	287-288	:	
1-57	289-298	quicumque	
1-58	299-307	defuerit	
1-59	307-308	,	
1-60	309-312	non	
1-61	313-318	vivet	
1-62	318-319	.	

#Text=Porro Jehu faciebat hoc insidiose, ut disperderet cultores Baal.
#Text=20 Et dixit : Sanctificate diem solemnem Baal.
2-1	320-325	Porro	
2-2	326-330	Jehu	
2-3	331-339	faciebat	
2-4	340-343	hoc	
2-5	344-353	insidiose	
2-6	353-354	,	
2-7	355-357	ut	
2-8	358-369	disperderet	
2-9	370-378	cultores	
2-10	379-383	Baal	
2-11	383-384	.	
2-12	385-387	20	
2-13	388-390	Et	
2-14	391-396	dixit	
2-15	397-398	:	
2-16	399-411	Sanctificate	
2-17	412-416	diem	
2-18	417-425	solemnem	
2-19	426-430	Baal	
2-20	430-431	.	

#Text=Vocavitque, 21 et misit in universos terminos Israël, et venerunt cuncti servi Baal : non fuit residuus ne unus quidem qui non veniret.
3-1	432-442	Vocavitque	
3-2	442-443	,	
3-3	444-446	21	
3-4	447-449	et	
3-5	450-455	misit	
3-6	456-458	in	
3-7	459-468	universos	
3-8	469-477	terminos	
3-9	478-484	Israël	
3-10	484-485	,	
3-11	486-488	et	
3-12	489-497	venerunt	
3-13	498-504	cuncti	
3-14	505-510	servi	
3-15	511-515	Baal	
3-16	516-517	:	
3-17	518-521	non	
3-18	522-526	fuit	
3-19	527-535	residuus	
3-20	536-538	ne	
3-21	539-543	unus	
3-22	544-550	quidem	
3-23	551-554	qui	
3-24	555-558	non	
3-25	559-566	veniret	
3-26	566-567	.	

#Text=Et ingressi sunt templum Baal : et repleta est domus Baal, a summo usque ad summum.
#Text=22 Dixitque his qui erant super vestes : Proferte vestimenta universis servis Baal.
4-1	568-570	Et	
4-2	571-579	ingressi	
4-3	580-584	sunt	
4-4	585-592	templum	
4-5	593-597	Baal	
4-6	598-599	:	
4-7	600-602	et	
4-8	603-610	repleta	
4-9	611-614	est	
4-10	615-620	domus	
4-11	621-625	Baal	
4-12	625-626	,	
4-13	627-628	a	
4-14	629-634	summo	
4-15	635-640	usque	
4-16	641-643	ad	
4-17	644-650	summum	
4-18	650-651	.	
4-19	652-654	22	
4-20	655-663	Dixitque	
4-21	664-667	his	
4-22	668-671	qui	
4-23	672-677	erant	
4-24	678-683	super	
4-25	684-690	vestes	
4-26	691-692	:	
4-27	693-701	Proferte	
4-28	702-712	vestimenta	
4-29	713-722	universis	
4-30	723-729	servis	
4-31	730-734	Baal	
4-32	734-735	.	

#Text=Et protulerunt eis vestes.
#Text=23 Ingressusque Jehu, et Jonadab filius Rechab, templum Baal, ait cultoribus Baal : Perquirite, et videte, ne quis forte vobiscum sit de servis Domini, sed ut sint servi Baal soli.
#Text=24 Ingressi sunt igitur ut facerent victimas et holocausta : Jehu autem præparaverat sibi foris octoginta viros, et dixerat eis : Quicumque fugerit de hominibus his, quos ego adduxero in manus vestras, anima ejus erit pro anima illius.
#Text=25 Factum est autem, cum completum esset holocaustum, præcepit Jehu militibus et ducibus suis : Ingredimini, et percutite eos : nullus evadat.
5-1	736-738	Et	
5-2	739-750	protulerunt	
5-3	751-754	eis	
5-4	755-761	vestes	
5-5	761-762	.	
5-6	763-765	23	
5-7	766-778	Ingressusque	
5-8	779-783	Jehu	
5-9	783-784	,	
5-10	785-787	et	
5-11	788-795	Jonadab	
5-12	796-802	filius	
5-13	803-809	Rechab	
5-14	809-810	,	
5-15	811-818	templum	
5-16	819-823	Baal	
5-17	823-824	,	
5-18	825-828	ait	
5-19	829-839	cultoribus	
5-20	840-844	Baal	
5-21	845-846	:	
5-22	847-857	Perquirite	
5-23	857-858	,	
5-24	859-861	et	
5-25	862-868	videte	
5-26	868-869	,	
5-27	870-872	ne	
5-28	873-877	quis	
5-29	878-883	forte	
5-30	884-892	vobiscum	
5-31	893-896	sit	
5-32	897-899	de	
5-33	900-906	servis	
5-34	907-913	Domini	
5-35	913-914	,	
5-36	915-918	sed	
5-37	919-921	ut	
5-38	922-926	sint	
5-39	927-932	servi	
5-40	933-937	Baal	
5-41	938-942	soli	
5-42	942-943	.	
5-43	944-946	24	
5-44	947-955	Ingressi	
5-45	956-960	sunt	
5-46	961-967	igitur	
5-47	968-970	ut	
5-48	971-979	facerent	
5-49	980-988	victimas	
5-50	989-991	et	
5-51	992-1002	holocausta	
5-52	1003-1004	:	
5-53	1005-1009	Jehu	
5-54	1010-1015	autem	
5-55	1016-1028	præparaverat	
5-56	1029-1033	sibi	
5-57	1034-1039	foris	
5-58	1040-1049	octoginta	
5-59	1050-1055	viros	
5-60	1055-1056	,	
5-61	1057-1059	et	
5-62	1060-1067	dixerat	
5-63	1068-1071	eis	
5-64	1072-1073	:	
5-65	1074-1083	Quicumque	
5-66	1084-1091	fugerit	
5-67	1092-1094	de	
5-68	1095-1104	hominibus	
5-69	1105-1108	his	
5-70	1108-1109	,	
5-71	1110-1114	quos	
5-72	1115-1118	ego	
5-73	1119-1127	adduxero	
5-74	1128-1130	in	
5-75	1131-1136	manus	
5-76	1137-1144	vestras	
5-77	1144-1145	,	
5-78	1146-1151	anima	
5-79	1152-1156	ejus	
5-80	1157-1161	erit	
5-81	1162-1165	pro	
5-82	1166-1171	anima	
5-83	1172-1178	illius	
5-84	1178-1179	.	
5-85	1180-1182	25	
5-86	1183-1189	Factum	
5-87	1190-1193	est	
5-88	1194-1199	autem	
5-89	1199-1200	,	
5-90	1201-1204	cum	
5-91	1205-1214	completum	
5-92	1215-1220	esset	
5-93	1221-1232	holocaustum	
5-94	1232-1233	,	
5-95	1234-1242	præcepit	
5-96	1243-1247	Jehu	
5-97	1248-1257	militibus	
5-98	1258-1260	et	
5-99	1261-1268	ducibus	
5-100	1269-1273	suis	
5-101	1274-1275	:	
5-102	1276-1287	Ingredimini	
5-103	1287-1288	,	
5-104	1289-1291	et	
5-105	1292-1301	percutite	
5-106	1302-1305	eos	
5-107	1306-1307	:	
5-108	1308-1314	nullus	
5-109	1315-1321	evadat	
5-110	1321-1322	.	

#Text=Percusseruntque eos in ore gladii, et projecerunt milites et duces : et ierunt in civitatem templi Baal, 26 et protulerunt statuam de fano Baal, et combusserunt, 27 et comminuerunt eam.
6-1	1323-1338	Percusseruntque	
6-2	1339-1342	eos	
6-3	1343-1345	in	
6-4	1346-1349	ore	
6-5	1350-1356	gladii	
6-6	1356-1357	,	
6-7	1358-1360	et	
6-8	1361-1372	projecerunt	
6-9	1373-1380	milites	
6-10	1381-1383	et	
6-11	1384-1389	duces	
6-12	1390-1391	:	
6-13	1392-1394	et	
6-14	1395-1401	ierunt	
6-15	1402-1404	in	
6-16	1405-1414	civitatem	
6-17	1415-1421	templi	
6-18	1422-1426	Baal	
6-19	1426-1427	,	
6-20	1428-1430	26	
6-21	1431-1433	et	
6-22	1434-1445	protulerunt	
6-23	1446-1453	statuam	
6-24	1454-1456	de	
6-25	1457-1461	fano	
6-26	1462-1466	Baal	
6-27	1466-1467	,	
6-28	1468-1470	et	
6-29	1471-1483	combusserunt	
6-30	1483-1484	,	
6-31	1485-1487	27	
6-32	1488-1490	et	
6-33	1491-1503	comminuerunt	
6-34	1504-1507	eam	
6-35	1507-1508	.	

#Text=Destruxerunt quoque ædem Baal, et fecerunt pro ea latrinas usque in diem hanc.
#Text=28 Delevit itaque Jehu Baal de Israël : 29 verumtamen a peccatis Jeroboam filii Nabat, qui peccare fecit Israël, non recessit, nec dereliquit vitulos aureos qui erant in Bethel et in Dan.
#Text=30 Dixit autem Dominus ad Jehu : Quia studiose egisti quod rectum erat, et placebat in oculis meis, et omnia quæ erant in corde meo fecisti contra domum Achab : filii tui usque ad quartam generationem sedebunt super thronum Israël.
#Text=31 Porro Jehu non custodivit ut ambularet in lege Domini Dei Israël in toto corde suo : non enim recessit a peccatis Jeroboam, qui peccare fecerat Israël.
#Text=32 In diebus illis cœpit Dominus tædere super Israël : percussitque eos Hazaël in universis finibus Israël, 33 a Jordane contra orientalem plagam, omnem terram Galaad, et Gad, et Ruben, et Manasse, ab Aroër, quæ est super torrentem Arnon, et Galaad, et Basan.
#Text=34 Reliqua autem verborum Jehu, et universa quæ fecit, et fortitudo ejus, nonne hæc scripta sunt in libro verborum dierum regum Israël ?
7-1	1509-1521	Destruxerunt	
7-2	1522-1528	quoque	
7-3	1529-1533	ædem	
7-4	1534-1538	Baal	
7-5	1538-1539	,	
7-6	1540-1542	et	
7-7	1543-1551	fecerunt	
7-8	1552-1555	pro	
7-9	1556-1558	ea	
7-10	1559-1567	latrinas	
7-11	1568-1573	usque	
7-12	1574-1576	in	
7-13	1577-1581	diem	
7-14	1582-1586	hanc	
7-15	1586-1587	.	
7-16	1588-1590	28	
7-17	1591-1598	Delevit	
7-18	1599-1605	itaque	
7-19	1606-1610	Jehu	
7-20	1611-1615	Baal	
7-21	1616-1618	de	
7-22	1619-1625	Israël	
7-23	1626-1627	:	
7-24	1628-1630	29	
7-25	1631-1641	verumtamen	
7-26	1642-1643	a	
7-27	1644-1652	peccatis	
7-28	1653-1661	Jeroboam	
7-29	1662-1667	filii	
7-30	1668-1673	Nabat	
7-31	1673-1674	,	
7-32	1675-1678	qui	
7-33	1679-1686	peccare	
7-34	1687-1692	fecit	
7-35	1693-1699	Israël	
7-36	1699-1700	,	
7-37	1701-1704	non	
7-38	1705-1713	recessit	
7-39	1713-1714	,	
7-40	1715-1718	nec	
7-41	1719-1729	dereliquit	
7-42	1730-1737	vitulos	
7-43	1738-1744	aureos	
7-44	1745-1748	qui	
7-45	1749-1754	erant	
7-46	1755-1757	in	
7-47	1758-1764	Bethel	
7-48	1765-1767	et	
7-49	1768-1770	in	
7-50	1771-1774	Dan	
7-51	1774-1775	.	
7-52	1776-1778	30	
7-53	1779-1784	Dixit	
7-54	1785-1790	autem	
7-55	1791-1798	Dominus	
7-56	1799-1801	ad	
7-57	1802-1806	Jehu	
7-58	1807-1808	:	
7-59	1809-1813	Quia	
7-60	1814-1822	studiose	
7-61	1823-1829	egisti	
7-62	1830-1834	quod	
7-63	1835-1841	rectum	
7-64	1842-1846	erat	
7-65	1846-1847	,	
7-66	1848-1850	et	
7-67	1851-1859	placebat	
7-68	1860-1862	in	
7-69	1863-1869	oculis	
7-70	1870-1874	meis	
7-71	1874-1875	,	
7-72	1876-1878	et	
7-73	1879-1884	omnia	
7-74	1885-1888	quæ	
7-75	1889-1894	erant	
7-76	1895-1897	in	
7-77	1898-1903	corde	
7-78	1904-1907	meo	
7-79	1908-1915	fecisti	
7-80	1916-1922	contra	
7-81	1923-1928	domum	
7-82	1929-1934	Achab	
7-83	1935-1936	:	
7-84	1937-1942	filii	
7-85	1943-1946	tui	
7-86	1947-1952	usque	
7-87	1953-1955	ad	
7-88	1956-1963	quartam	
7-89	1964-1976	generationem	
7-90	1977-1985	sedebunt	
7-91	1986-1991	super	
7-92	1992-1999	thronum	
7-93	2000-2006	Israël	
7-94	2006-2007	.	
7-95	2008-2010	31	
7-96	2011-2016	Porro	
7-97	2017-2021	Jehu	
7-98	2022-2025	non	
7-99	2026-2036	custodivit	
7-100	2037-2039	ut	
7-101	2040-2049	ambularet	
7-102	2050-2052	in	
7-103	2053-2057	lege	
7-104	2058-2064	Domini	
7-105	2065-2068	Dei	
7-106	2069-2075	Israël	
7-107	2076-2078	in	
7-108	2079-2083	toto	
7-109	2084-2089	corde	
7-110	2090-2093	suo	
7-111	2094-2095	:	
7-112	2096-2099	non	
7-113	2100-2104	enim	
7-114	2105-2113	recessit	
7-115	2114-2115	a	
7-116	2116-2124	peccatis	
7-117	2125-2133	Jeroboam	
7-118	2133-2134	,	
7-119	2135-2138	qui	
7-120	2139-2146	peccare	
7-121	2147-2154	fecerat	
7-122	2155-2161	Israël	
7-123	2161-2162	.	
7-124	2163-2165	32	
7-125	2166-2168	In	
7-126	2169-2175	diebus	
7-127	2176-2181	illis	
7-128	2182-2187	cœpit	
7-129	2188-2195	Dominus	
7-130	2196-2202	tædere	
7-131	2203-2208	super	
7-132	2209-2215	Israël	
7-133	2216-2217	:	
7-134	2218-2230	percussitque	
7-135	2231-2234	eos	
7-136	2235-2241	Hazaël	
7-137	2242-2244	in	
7-138	2245-2254	universis	
7-139	2255-2262	finibus	
7-140	2263-2269	Israël	
7-141	2269-2270	,	
7-142	2271-2273	33	
7-143	2274-2275	a	
7-144	2276-2283	Jordane	
7-145	2284-2290	contra	
7-146	2291-2301	orientalem	
7-147	2302-2308	plagam	
7-148	2308-2309	,	
7-149	2310-2315	omnem	
7-150	2316-2322	terram	
7-151	2323-2329	Galaad	
7-152	2329-2330	,	
7-153	2331-2333	et	
7-154	2334-2337	Gad	
7-155	2337-2338	,	
7-156	2339-2341	et	
7-157	2342-2347	Ruben	
7-158	2347-2348	,	
7-159	2349-2351	et	
7-160	2352-2359	Manasse	
7-161	2359-2360	,	
7-162	2361-2363	ab	
7-163	2364-2369	Aroër	
7-164	2369-2370	,	
7-165	2371-2374	quæ	
7-166	2375-2378	est	
7-167	2379-2384	super	
7-168	2385-2394	torrentem	
7-169	2395-2400	Arnon	
7-170	2400-2401	,	
7-171	2402-2404	et	
7-172	2405-2411	Galaad	
7-173	2411-2412	,	
7-174	2413-2415	et	
7-175	2416-2421	Basan	
7-176	2421-2422	.	
7-177	2423-2425	34	
7-178	2426-2433	Reliqua	
7-179	2434-2439	autem	
7-180	2440-2448	verborum	
7-181	2449-2453	Jehu	
7-182	2453-2454	,	
7-183	2455-2457	et	
7-184	2458-2466	universa	
7-185	2467-2470	quæ	
7-186	2471-2476	fecit	
7-187	2476-2477	,	
7-188	2478-2480	et	
7-189	2481-2490	fortitudo	
7-190	2491-2495	ejus	
7-191	2495-2496	,	
7-192	2497-2502	nonne	
7-193	2503-2506	hæc	
7-194	2507-2514	scripta	
7-195	2515-2519	sunt	
7-196	2520-2522	in	
7-197	2523-2528	libro	
7-198	2529-2537	verborum	
7-199	2538-2544	dierum	
7-200	2545-2550	regum	
7-201	2551-2557	Israël	
7-202	2558-2559	?	

#Text=35 Et dormivit Jehu cum patribus suis, sepelieruntque eum in Samaria : et regnavit Joachaz filius ejus pro eo.
#Text=36 Dies autem quos regnavit Jehu super Israël, viginti et octo anni sunt in Samaria.
8-1	2560-2562	35	
8-2	2563-2565	Et	
8-3	2566-2574	dormivit	
8-4	2575-2579	Jehu	
8-5	2580-2583	cum	
8-6	2584-2592	patribus	
8-7	2593-2597	suis	
8-8	2597-2598	,	
8-9	2599-2613	sepelieruntque	
8-10	2614-2617	eum	
8-11	2618-2620	in	
8-12	2621-2628	Samaria	
8-13	2629-2630	:	
8-14	2631-2633	et	
8-15	2634-2642	regnavit	
8-16	2643-2650	Joachaz	
8-17	2651-2657	filius	
8-18	2658-2662	ejus	
8-19	2663-2666	pro	
8-20	2667-2669	eo	
8-21	2669-2670	.	
8-22	2671-2673	36	
8-23	2674-2678	Dies	
8-24	2679-2684	autem	
8-25	2685-2689	quos	
8-26	2690-2698	regnavit	
8-27	2699-2703	Jehu	
8-28	2704-2709	super	
8-29	2710-2716	Israël	
8-30	2716-2717	,	
8-31	2718-2725	viginti	
8-32	2726-2728	et	
8-33	2729-2733	octo	
8-34	2734-2738	anni	
8-35	2739-2743	sunt	
8-36	2744-2746	in	
8-37	2747-2754	Samaria	
8-38	2754-2755	.	
