#FORMAT=WebAnno TSV 3.3
#T_SP=custom.Span|label
#T_RL=custom.Relation|label|BT_custom.Span


#Text=Mitto Xe nophanem & Hippoc.
#Text=& Anacreonte aetate maioré, qui saepe apud Athenaeum lib. xi.
#Text=eorundem meminit.
1-1	2-7	Mitto	_	_	_	
1-2	8-10	Xe	_	_	_	
1-3	11-19	nophanem	_	_	_	
1-4	20-21	&	_	_	_	
1-5	22-28	Hippoc	_	_	_	
1-6	28-29	.	_	_	_	
1-7	30-31	&	_	_	_	
1-8	32-42	Anacreonte	_	_	_	
1-9	43-49	aetate	_	_	_	
1-10	50-56	maioré	_	_	_	
1-11	56-57	,	_	_	_	
1-12	58-61	qui	_	_	_	
1-13	62-67	saepe	_	_	_	
1-14	68-72	apud	_	_	_	
1-15	73-82	Athenaeum	_	_	_	
1-16	83-86	lib	_	_	_	
1-17	86-87	.	_	_	_	
1-18	88-90	xi	_	_	_	
1-19	90-91	.	_	_	_	
1-20	92-100	eorundem	_	_	_	
1-21	101-108	meminit	_	_	_	
1-22	108-109	.	_	_	_	

#Text=Mitto Ennium,qui de Tarquinio Rege loqués ait, Tarquinij corpus bona femina lauit unxit.
2-1	110-115	Mitto	_	_	_	
2-2	116-122	Ennium	_	_	_	
2-3	122-123	,	_	_	_	
2-4	123-126	qui	_	_	_	
2-5	127-129	de	_	_	_	
2-6	130-139	Tarquinio	_	_	_	
2-7	140-144	Rege	_	_	_	
2-8	145-151	loqués	_	_	_	
2-9	152-155	ait	_	_	_	
2-10	155-156	,	_	_	_	
2-11	157-166	Tarquinij	_	_	_	
2-12	167-173	corpus	_	_	_	
2-13	174-178	bona	_	_	_	
2-14	179-185	femina	_	_	_	
2-15	186-191	lauit	_	_	_	
2-16	192-197	unxit	_	_	_	
2-17	197-198	.	_	_	_	

#Text=Mitto Archilo gum, qui Romuli aetate, Foruit, Primusque omnium
#Text=
#Text=voce Múgov vfus eft, auctore, Solon lege Athenaeo lib.xv.
3-1	199-204	Mitto	_	_	_	
3-2	205-212	Archilo	_	_	_	
3-3	213-216	gum	_	_	_	
3-4	216-217	,	_	_	_	
3-5	218-221	qui	_	_	_	
3-6	222-228	Romuli	_	_	_	
3-7	229-235	aetate	_	_	_	
3-8	235-236	,	_	_	_	
3-9	237-243	Foruit	_	_	_	
3-10	243-244	,	_	_	_	
3-11	245-254	Primusque	_	_	_	
3-12	255-261	omnium	_	_	_	
3-13	263-267	voce	_	_	_	
3-14	268-273	Múgov	_	_	_	
3-15	274-278	vfus	_	_	_	
3-16	279-282	eft	_	_	_	
3-17	282-283	,	_	_	_	
3-18	284-291	auctore	_	_	_	
3-19	291-292	,	_	_	_	
3-20	293-298	Solon	_	_	_	
3-21	299-303	lege	_	_	_	
3-22	304-312	Athenaeo	_	_	_	
3-23	313-319	lib.xv	_	_	_	
3-24	319-320	.	_	_	_	

#Text=Micco Soprohibuit.
#Text=lonem , qui Atheniensibus
#Text=
#Text=vnguenta lege interdixit .
4-1	321-326	Micco	_	_	_	
4-2	327-338	Soprohibuit	_	_	_	
4-3	338-339	.	_	_	_	
4-4	340-345	lonem	_	_	_	
4-5	346-347	,	_	_	_	
4-6	348-351	qui	_	_	_	
4-7	352-365	Atheniensibus	_	_	_	
4-8	367-375	vnguenta	_	_	_	
4-9	376-380	lege	_	_	_	
4-10	381-391	interdixit	_	_	_	
4-11	392-393	.	_	_	_	

#Text=Mitto demum Alcaeum), qui Tullij Regis aerate vi.
#Text=vnguenta
#Text=
#Text=
#Text=
#Text=
#Text=
#Text=rum anri.
#Text=xit; Aristippum, qui Artaxersis Persarura Regis; Ari.
#Text=stophanem , Helychium, Empedoclem , ceterosque huius & antiquioris aetatis, Rege Dario longè maiores, qui odoramentorum meminerunt:e facris libris intelligimus, Afam Regem mer- Vnguento fuum, in letas unguentis meretri.
#Text=quitas .
#Text=cijs pleno, collocatum esse.
5-1	394-399	Mitto	_	_	_	
5-2	400-405	demum	_	_	_	
5-3	406-413	Alcaeum	_	_	_	
5-4	413-414	)	_	_	_	
5-5	414-415	,	_	_	_	
5-6	416-419	qui	_	_	_	
5-7	420-426	Tullij	_	_	_	
5-8	427-432	Regis	_	_	_	
5-9	433-439	aerate	_	_	_	
5-10	440-442	vi	_	_	_	
5-11	442-443	.	_	_	_	
5-12	444-452	vnguenta	_	_	_	
5-13	458-461	rum	_	_	_	
5-14	462-466	anri	_	_	_	
5-15	466-467	.	_	_	_	
5-16	468-471	xit	_	_	_	
5-17	471-472	;	_	_	_	
5-18	473-483	Aristippum	_	_	_	
5-19	483-484	,	_	_	_	
5-20	485-488	qui	_	_	_	
5-21	489-499	Artaxersis	_	_	_	
5-22	500-509	Persarura	_	_	_	
5-23	510-515	Regis	_	_	_	
5-24	515-516	;	_	_	_	
5-25	517-520	Ari	_	_	_	
5-26	520-521	.	_	_	_	
5-27	522-531	stophanem	_	_	_	
5-28	532-533	,	_	_	_	
5-29	534-543	Helychium	_	_	_	
5-30	543-544	,	_	_	_	
5-31	545-555	Empedoclem	_	_	_	
5-32	556-557	,	_	_	_	
5-33	558-568	ceterosque	_	_	_	
5-34	569-574	huius	_	_	_	
5-35	575-576	&	_	_	_	
5-36	577-588	antiquioris	_	_	_	
5-37	589-596	aetatis	_	_	_	
5-38	596-597	,	_	_	_	
5-39	598-602	Rege	_	_	_	
5-40	603-608	Dario	_	_	_	
5-41	609-614	longè	_	_	_	
5-42	615-622	maiores	_	_	_	
5-43	622-623	,	_	_	_	
5-44	624-627	qui	_	_	_	
5-45	628-641	odoramentorum	Smell\_Word[1]|Smell\_Source[2]	*	5-45[2_1]	
5-46	642-652	meminerunt	_	_	_	
5-47	652-653	:	_	_	_	
5-48	653-654	e	_	_	_	
5-49	655-661	facris	_	_	_	
5-50	662-668	libris	_	_	_	
5-51	669-681	intelligimus	_	_	_	
5-52	681-682	,	_	_	_	
5-53	683-687	Afam	_	_	_	
5-54	688-693	Regem	_	_	_	
5-55	694-697	mer	_	_	_	
5-56	697-698	-	_	_	_	
5-57	699-707	Vnguento	_	_	_	
5-58	708-712	fuum	_	_	_	
5-59	712-713	,	_	_	_	
5-60	714-716	in	_	_	_	
5-61	717-722	letas	_	_	_	
5-62	723-732	unguentis	_	_	_	
5-63	733-740	meretri	_	_	_	
5-64	740-741	.	_	_	_	
5-65	742-748	quitas	_	_	_	
5-66	749-750	.	_	_	_	
5-67	751-755	cijs	_	_	_	
5-68	756-761	pleno	_	_	_	
5-69	761-762	,	_	_	_	
5-70	763-773	collocatum	_	_	_	
5-71	774-778	esse	_	_	_	
5-72	778-779	.	_	_	_	

#Text=Atque adeò Iudith , facie unguenta de.
#Text=libutam , perrexilę ab Olofernem.
6-1	780-785	Atque	_	_	_	
6-2	786-790	adeò	_	_	_	
6-3	791-797	Iudith	_	_	_	
6-4	798-799	,	_	_	_	
6-5	800-805	facie	_	_	_	
6-6	806-814	unguenta	_	_	_	
6-7	815-817	de	_	_	_	
6-8	817-818	.	_	_	_	
6-9	819-826	libutam	_	_	_	
6-10	827-828	,	_	_	_	
6-11	829-838	perrexilę	_	_	_	
6-12	839-841	ab	_	_	_	
6-13	842-851	Olofernem	_	_	_	
6-14	851-852	.	_	_	_	

#Text=Imò vero Aaron unguentum capi ti affundere solitus erat, quod in barbam defcenderet, Quinimo ipsis Iliacis temporibus ynguenta odorata in ylų fuifle polita , liquet ex Hộniero
#Text=
#Text=Iliad.
#Text=1
#Text=
#Text=
#Text=
#Text=
#Text=
#Text=Iliad.
#Text=viii.
#Text=loquens enim de Iafone, Vnxerunt, inquit,
#Text=
#Text=pingui oleo , diuino, Juaui, quod Olei nomi.
#Text=ci odorem fpirabat.
7-1	853-856	Imò	_	_	_	
7-2	857-861	vero	_	_	_	
7-3	862-867	Aaron	_	_	_	
7-4	868-877	unguentum	_	_	_	
7-5	878-882	capi	_	_	_	
7-6	883-885	ti	_	_	_	
7-7	886-895	affundere	_	_	_	
7-8	896-903	solitus	_	_	_	
7-9	904-908	erat	_	_	_	
7-10	908-909	,	_	_	_	
7-11	910-914	quod	_	_	_	
7-12	915-917	in	_	_	_	
7-13	918-924	barbam	_	_	_	
7-14	925-936	defcenderet	_	_	_	
7-15	936-937	,	_	_	_	
7-16	938-945	Quinimo	_	_	_	
7-17	946-951	ipsis	Time[3]	_	_	
7-18	952-959	Iliacis	Time[3]	_	_	
7-19	960-970	temporibus	Time[3]	_	_	
7-20	971-979	ynguenta	Smell\_Source	_	_	
7-21	980-987	odorata	Smell\_Word	*|*	7-20|7-17[3_0]	
7-22	988-990	in	_	_	_	
7-23	991-994	ylų	_	_	_	
7-24	995-1001	fuifle	_	_	_	
7-25	1002-1008	polita	_	_	_	
7-26	1009-1010	,	_	_	_	
7-27	1011-1017	liquet	_	_	_	
7-28	1018-1020	ex	_	_	_	
7-29	1021-1028	Hộniero	_	_	_	
7-30	1030-1035	Iliad	_	_	_	
7-31	1035-1036	.	_	_	_	
7-32	1037-1038	1	_	_	_	
7-33	1044-1049	Iliad	_	_	_	
7-34	1049-1050	.	_	_	_	
7-35	1051-1055	viii	_	_	_	
7-36	1055-1056	.	_	_	_	
7-37	1057-1064	loquens	_	_	_	
7-38	1065-1069	enim	_	_	_	
7-39	1070-1072	de	_	_	_	
7-40	1073-1079	Iafone	Perceiver	_	_	
7-41	1079-1080	,	_	_	_	
7-42	1081-1089	Vnxerunt	_	_	_	
7-43	1089-1090	,	_	_	_	
7-44	1091-1097	inquit	_	_	_	
7-45	1097-1098	,	_	_	_	
7-46	1100-1106	pingui	_	_	_	
7-47	1107-1111	oleo	_	_	_	
7-48	1112-1113	,	_	_	_	
7-49	1114-1120	diuino	_	_	_	
7-50	1120-1121	,	_	_	_	
7-51	1122-1127	Juaui	_	_	_	
7-52	1127-1128	,	_	_	_	
7-53	1129-1133	quod	_	_	_	
7-54	1134-1138	Olei	_	_	_	
7-55	1139-1143	nomi	_	_	_	
7-56	1143-1144	.	_	_	_	
7-57	1145-1147	ci	Perceiver	Anaphoric	7-40	
7-58	1148-1154	odorem	Smell\_Source	_	_	
7-59	1155-1163	fpirabat	Smell\_Word	*|*	7-58|7-57	
7-60	1163-1164	.	_	_	_	
