#FORMAT=WebAnno TSV 3.3
#T_SP=custom.Span|label
#T_RL=custom.Relation|label|BT_custom.Span


#Text=It seems highly probable that, as has been especially emphasized by Hagen, perfumes were primitively used by women, 
#Text=not as is sometimes the case in civilization, with the idea of 
#Text=disguising any possible natural odor, but with the object of 
#Text=heightening and fortifying the natural odor.
1-1	2-4	It	_	_	_	
1-2	5-10	seems	_	_	_	
1-3	11-17	highly	_	_	_	
1-4	18-26	probable	_	_	_	
1-5	27-31	that	_	_	_	
1-6	31-32	,	_	_	_	
1-7	33-35	as	_	_	_	
1-8	36-39	has	_	_	_	
1-9	40-44	been	_	_	_	
1-10	45-55	especially	_	_	_	
1-11	56-66	emphasized	_	_	_	
1-12	67-69	by	_	_	_	
1-13	70-75	Hagen	_	_	_	
1-14	75-76	,	_	_	_	
1-15	77-85	perfumes	Smell\_Word	*|*|*	1-17|1-35[1_0]|1-46[4_0]	
1-16	86-90	were	_	_	_	
1-17	91-102	primitively	Time	_	_	
1-18	103-107	used	_	_	_	
1-19	108-110	by	_	_	_	
1-20	111-116	women	_	_	_	
1-21	116-117	,	_	_	_	
1-22	119-122	not	_	_	_	
1-23	123-125	as	_	_	_	
1-24	126-128	is	_	_	_	
1-25	129-138	sometimes	_	_	_	
1-26	139-142	the	_	_	_	
1-27	143-147	case	_	_	_	
1-28	148-150	in	_	_	_	
1-29	151-163	civilization	_	_	_	
1-30	163-164	,	_	_	_	
1-31	165-169	with	_	_	_	
1-32	170-173	the	_	_	_	
1-33	174-178	idea	_	_	_	
1-34	179-181	of	_	_	_	
1-35	183-193	disguising	Effect[1]	_	_	
1-36	194-197	any	Effect[1]	_	_	
1-37	198-206	possible	Effect[1]	_	_	
1-38	207-214	natural	Effect[1]|Quality[2]	_	_	
1-39	215-219	odor	Effect[1]|Smell\_Word[3]	*	1-38[2_3]	
1-40	219-220	,	_	_	_	
1-41	221-224	but	_	_	_	
1-42	225-229	with	_	_	_	
1-43	230-233	the	_	_	_	
1-44	234-240	object	_	_	_	
1-45	241-243	of	_	_	_	
1-46	245-256	heightening	Effect[4]	_	_	
1-47	257-260	and	Effect[4]	_	_	
1-48	261-271	fortifying	Effect[4]	_	_	
1-49	272-275	the	Effect[4]	_	_	
1-50	276-283	natural	Effect[4]|Quality[5]	_	_	
1-51	284-288	odor	Effect[4]|Smell\_Word[6]	*	1-50[5_6]	
1-52	288-289	.	_	_	_	

#Text=If the primitive 
#Text=man was inclined to disparage a woman whose odor was slight 
#Text=or imperceptible, — turning away from her with contempt, as 
#Text=the Polynesian turned away from the ladies of Sydney : "They 
#Text=have no smell!"
2-1	290-292	If	_	_	_	
2-2	293-296	the	_	_	_	
2-3	297-306	primitive	_	_	_	
2-4	308-311	man	_	_	_	
2-5	312-315	was	_	_	_	
2-6	316-324	inclined	_	_	_	
2-7	325-327	to	_	_	_	
2-8	328-337	disparage	_	_	_	
2-9	338-339	a	Smell\_Source[7]	_	_	
2-10	340-345	woman	Smell\_Source[7]	_	_	
2-11	346-351	whose	Smell\_Source	Anaphoric	2-9[7_0]	
2-12	352-356	odor	Smell\_Word	*|*|*	2-11|2-14|2-16	
2-13	357-360	was	_	_	_	
2-14	361-367	slight	Quality	_	_	
2-15	369-371	or	_	_	_	
2-16	372-385	imperceptible	Quality	_	_	
2-17	385-386	,	_	_	_	
2-18	387-388	—	_	_	_	
2-19	389-396	turning	_	_	_	
2-20	397-401	away	_	_	_	
2-21	402-406	from	_	_	_	
2-22	407-410	her	_	_	_	
2-23	411-415	with	_	_	_	
2-24	416-424	contempt	_	_	_	
2-25	424-425	,	_	_	_	
2-26	426-428	as	_	_	_	
2-27	430-433	the	_	_	_	
2-28	434-444	Polynesian	_	_	_	
2-29	445-451	turned	_	_	_	
2-30	452-456	away	_	_	_	
2-31	457-461	from	_	_	_	
2-32	462-465	the	Smell\_Source[8]	_	_	
2-33	466-472	ladies	Smell\_Source[8]	_	_	
2-34	473-475	of	Smell\_Source[8]	_	_	
2-35	476-482	Sydney	Smell\_Source[8]	_	_	
2-36	483-484	:	_	_	_	
2-37	485-486	"	_	_	_	
2-38	486-490	They	Smell\_Source	Anaphoric	2-32[8_0]	
2-39	492-496	have	_	_	_	
2-40	497-499	no	_	_	_	
2-41	500-505	smell	Smell\_Word	*	2-38	
2-42	505-506	!	_	_	_	
2-43	506-507	"	_	_	_	

#Text=— women would inevitably seek to supplement 
#Text=any natural defects in this respect, and to accentuate their 
#Text=odorous qualities, in the same way as by corsets and bustles, 
#Text=even in civilization, they have sought to accentuate the sexual 
#Text=saliencies of their bodies.
3-1	508-509	—	_	_	_	
3-2	510-515	women	Smell\_Source	_	_	
3-3	516-521	would	_	_	_	
3-4	522-532	inevitably	_	_	_	
3-5	533-537	seek	_	_	_	
3-6	538-540	to	_	_	_	
3-7	541-551	supplement	_	_	_	
3-8	553-556	any	_	_	_	
3-9	557-564	natural	_	_	_	
3-10	565-572	defects	_	_	_	
3-11	573-575	in	_	_	_	
3-12	576-580	this	_	_	_	
3-13	581-588	respect	_	_	_	
3-14	588-589	,	_	_	_	
3-15	590-593	and	_	_	_	
3-16	594-596	to	_	_	_	
3-17	597-607	accentuate	_	_	_	
3-18	608-613	their	Smell\_Source	Anaphoric	3-2	
3-19	615-622	odorous	Smell\_Word[9]|Quality[10]	*|*	3-19[10_9]|3-18[0_9]	
3-20	623-632	qualities	_	_	_	
3-21	632-633	,	_	_	_	
3-22	634-636	in	_	_	_	
3-23	637-640	the	_	_	_	
3-24	641-645	same	_	_	_	
3-25	646-649	way	_	_	_	
3-26	650-652	as	_	_	_	
3-27	653-655	by	_	_	_	
3-28	656-663	corsets	_	_	_	
3-29	664-667	and	_	_	_	
3-30	668-675	bustles	_	_	_	
3-31	675-676	,	_	_	_	
3-32	678-682	even	_	_	_	
3-33	683-685	in	_	_	_	
3-34	686-698	civilization	_	_	_	
3-35	698-699	,	_	_	_	
3-36	700-704	they	_	_	_	
3-37	705-709	have	_	_	_	
3-38	710-716	sought	_	_	_	
3-39	717-719	to	_	_	_	
3-40	720-730	accentuate	_	_	_	
3-41	731-734	the	_	_	_	
3-42	735-741	sexual	_	_	_	
3-43	743-753	saliencies	_	_	_	
3-44	754-756	of	_	_	_	
3-45	757-762	their	_	_	_	
3-46	763-769	bodies	_	_	_	
3-47	769-770	.	_	_	_	

#Text=In this way we may, as Hagen suggests, explain the fact that until recent times the odors preferred 
#Text=by women have not been the most delicate or exquisite, but the 
#Text=strongest, the most animal, the most sexual : musk, castoreum, 
#Text=civet, and ambergris.
4-1	771-773	In	_	_	_	
4-2	774-778	this	_	_	_	
4-3	779-782	way	_	_	_	
4-4	783-785	we	_	_	_	
4-5	786-789	may	_	_	_	
4-6	789-790	,	_	_	_	
4-7	791-793	as	_	_	_	
4-8	794-799	Hagen	_	_	_	
4-9	800-808	suggests	_	_	_	
4-10	808-809	,	_	_	_	
4-11	810-817	explain	_	_	_	
4-12	818-821	the	_	_	_	
4-13	822-826	fact	_	_	_	
4-14	827-831	that	_	_	_	
4-15	832-837	until	_	_	_	
4-16	838-844	recent	_	_	_	
4-17	845-850	times	_	_	_	
4-18	851-854	the	_	_	_	
4-19	855-860	odors	Smell\_Word	*|*|*|*|*|*|*|*|*	4-40[14_0]|4-36[13_0]|4-30|4-26[11_0]|4-51|4-48|4-46|4-44|4-33[12_0]	
4-20	861-870	preferred	_	_	_	
4-21	872-874	by	_	_	_	
4-22	875-880	women	_	_	_	
4-23	881-885	have	_	_	_	
4-24	886-889	not	_	_	_	
4-25	890-894	been	_	_	_	
4-26	895-898	the	Quality[11]	_	_	
4-27	899-903	most	Quality[11]	_	_	
4-28	904-912	delicate	Quality[11]	_	_	
4-29	913-915	or	_	_	_	
4-30	916-925	exquisite	Quality	_	_	
4-31	925-926	,	_	_	_	
4-32	927-930	but	_	_	_	
4-33	931-934	the	Quality[12]	_	_	
4-34	936-945	strongest	Quality[12]	_	_	
4-35	945-946	,	_	_	_	
4-36	947-950	the	Quality[13]	_	_	
4-37	951-955	most	Quality[13]	_	_	
4-38	956-962	animal	Quality[13]	_	_	
4-39	962-963	,	_	_	_	
4-40	964-967	the	Quality[14]	_	_	
4-41	968-972	most	Quality[14]	_	_	
4-42	973-979	sexual	Quality[14]	_	_	
4-43	980-981	:	_	_	_	
4-44	982-986	musk	Smell\_Source	_	_	
4-45	986-987	,	_	_	_	
4-46	988-997	castoreum	Smell\_Source	_	_	
4-47	997-998	,	_	_	_	
4-48	1000-1005	civet	Smell\_Source	_	_	
4-49	1005-1006	,	_	_	_	
4-50	1007-1010	and	_	_	_	
4-51	1011-1020	ambergris	Smell\_Source	_	_	
4-52	1020-1021	.	_	_	_	

#Text=In that interesting novel — dealing with the adventures of a Jewish 
#Text=maiden at the Persian court of Xerxes — which under the title of 
#Text=Esther has found its way into the Old Testament we are told that it 
#Text=was customary in the royal harem at Shushan to submit the women to 
#Text=a very prolonged course of perfuming before they were admitted 
#Text=to the king: "six months with oil of myrrh and six months with 
#Text=sweet odors."
5-1	1024-1026	In	_	_	_	
5-2	1027-1031	that	_	_	_	
5-3	1032-1043	interesting	_	_	_	
5-4	1044-1049	novel	_	_	_	
5-5	1050-1051	—	_	_	_	
5-6	1052-1059	dealing	_	_	_	
5-7	1060-1064	with	_	_	_	
5-8	1065-1068	the	_	_	_	
5-9	1069-1079	adventures	_	_	_	
5-10	1080-1082	of	_	_	_	
5-11	1083-1084	a	_	_	_	
5-12	1085-1091	Jewish	_	_	_	
5-13	1093-1099	maiden	_	_	_	
5-14	1100-1102	at	_	_	_	
5-15	1103-1106	the	_	_	_	
5-16	1107-1114	Persian	_	_	_	
5-17	1115-1120	court	_	_	_	
5-18	1121-1123	of	_	_	_	
5-19	1124-1130	Xerxes	_	_	_	
5-20	1131-1132	—	_	_	_	
5-21	1133-1138	which	_	_	_	
5-22	1139-1144	under	_	_	_	
5-23	1145-1148	the	_	_	_	
5-24	1149-1154	title	_	_	_	
5-25	1155-1157	of	_	_	_	
5-26	1159-1165	Esther	_	_	_	
5-27	1166-1169	has	_	_	_	
5-28	1170-1175	found	_	_	_	
5-29	1176-1179	its	_	_	_	
5-30	1180-1183	way	_	_	_	
5-31	1184-1188	into	_	_	_	
5-32	1189-1192	the	_	_	_	
5-33	1193-1196	Old	_	_	_	
5-34	1197-1206	Testament	_	_	_	
5-35	1207-1209	we	_	_	_	
5-36	1210-1213	are	_	_	_	
5-37	1214-1218	told	_	_	_	
5-38	1219-1223	that	_	_	_	
5-39	1224-1226	it	_	_	_	
5-40	1228-1231	was	_	_	_	
5-41	1232-1241	customary	_	_	_	
5-42	1242-1244	in	Location[15]	_	_	
5-43	1245-1248	the	Location[15]	_	_	
5-44	1249-1254	royal	Location[15]	_	_	
5-45	1255-1260	harem	Location[15]	_	_	
5-46	1261-1263	at	Location[15]	_	_	
5-47	1264-1271	Shushan	Location[15]	_	_	
5-48	1272-1274	to	_	_	_	
5-49	1275-1281	submit	_	_	_	
5-50	1282-1285	the	Smell\_Source[16]	_	_	
5-51	1286-1291	women	Smell\_Source[16]	_	_	
5-52	1292-1294	to	_	_	_	
5-53	1296-1297	a	_	_	_	
5-54	1298-1302	very	_	_	_	
5-55	1303-1312	prolonged	_	_	_	
5-56	1313-1319	course	_	_	_	
5-57	1320-1322	of	_	_	_	
5-58	1323-1332	perfuming	Smell\_Word	*|*|*|*	5-42[15_0]|5-50[16_0]|5-59[17_0]|5-77[21_0]	
5-59	1333-1339	before	Circumstances[17]	_	_	
5-60	1340-1344	they	Circumstances[17]	_	_	
5-61	1345-1349	were	Circumstances[17]	_	_	
5-62	1350-1358	admitted	Circumstances[17]	_	_	
5-63	1360-1362	to	Circumstances[17]	_	_	
5-64	1363-1366	the	Circumstances[17]	_	_	
5-65	1367-1371	king	Circumstances[17]	_	_	
5-66	1371-1372	:	_	_	_	
5-67	1373-1374	"	_	_	_	
5-68	1374-1377	six	Time[18]	_	_	
5-69	1378-1384	months	Time[18]	_	_	
5-70	1385-1389	with	Smell\_Source[19]	_	_	
5-71	1390-1393	oil	Smell\_Source[19]	_	_	
5-72	1394-1396	of	Smell\_Source[19]	_	_	
5-73	1397-1402	myrrh	Smell\_Source[19]	_	_	
5-74	1403-1406	and	_	_	_	
5-75	1407-1410	six	Time[20]	_	_	
5-76	1411-1417	months	Time[20]	_	_	
5-77	1418-1422	with	Smell\_Source[21]	_	_	
5-78	1424-1429	sweet	Smell\_Source[21]|Quality[22]	_	_	
5-79	1430-1435	odors	Smell\_Source[21]|Smell\_Word[23]	*|*|*|*	5-78[22_23]|5-75[20_23]|5-68[18_23]|5-70[19_23]	
5-80	1435-1436	.	_	_	_	
5-81	1436-1437	"	_	_	_	

#Text={Esther, Chapter II, v. 12.)
6-1	1438-1439	{	_	_	_	
6-2	1439-1445	Esther	_	_	_	
6-3	1445-1446	,	_	_	_	
6-4	1447-1454	Chapter	_	_	_	
6-5	1455-1457	II	_	_	_	
6-6	1457-1458	,	_	_	_	
6-7	1459-1460	v	_	_	_	
6-8	1460-1461	.	_	_	_	
6-9	1462-1464	12	_	_	_	
6-10	1464-1465	.	_	_	_	
6-11	1465-1466	)	_	_	_	

#Text=In the Arabian Nights there are many allusions to the use of perfumes by women with a more or less definitely stated aphrodisiacal 
#Text=intent.
7-1	1469-1471	In	_	_	_	
7-2	1472-1475	the	_	_	_	
7-3	1476-1483	Arabian	_	_	_	
7-4	1484-1490	Nights	_	_	_	
7-5	1491-1496	there	_	_	_	
7-6	1497-1500	are	_	_	_	
7-7	1501-1505	many	_	_	_	
7-8	1506-1515	allusions	_	_	_	
7-9	1516-1518	to	_	_	_	
7-10	1519-1522	the	_	_	_	
7-11	1523-1526	use	_	_	_	
7-12	1527-1529	of	_	_	_	
7-13	1530-1538	perfumes	Smell\_Word	*	7-16[24_0]	
7-14	1539-1541	by	_	_	_	
7-15	1542-1547	women	_	_	_	
7-16	1548-1552	with	Effect[24]	_	_	
7-17	1553-1554	a	Effect[24]	_	_	
7-18	1555-1559	more	Effect[24]	_	_	
7-19	1560-1562	or	Effect[24]	_	_	
7-20	1563-1567	less	Effect[24]	_	_	
7-21	1568-1578	definitely	Effect[24]	_	_	
7-22	1579-1585	stated	Effect[24]	_	_	
7-23	1586-1599	aphrodisiacal	Effect[24]	_	_	
7-24	1601-1607	intent	Effect[24]	_	_	
7-25	1607-1608	.	_	_	_	

#Text=Thus we read in the story of Kamaralzaman: "With fine incense I will perfume my breasts, my belly, my whole body, so that my 
#Text=skin may melt more sweetly in thy mouth, O apple of my eye!"
8-1	1609-1613	Thus	_	_	_	
8-2	1614-1616	we	_	_	_	
8-3	1617-1621	read	_	_	_	
8-4	1622-1624	in	_	_	_	
8-5	1625-1628	the	_	_	_	
8-6	1629-1634	story	_	_	_	
8-7	1635-1637	of	_	_	_	
8-8	1638-1650	Kamaralzaman	_	_	_	
8-9	1650-1651	:	_	_	_	
8-10	1652-1653	"	_	_	_	
8-11	1653-1657	With	Smell\_Source[25]	_	_	
8-12	1658-1662	fine	Smell\_Source[25]	_	_	
8-13	1663-1670	incense	Smell\_Source[25]	_	_	
8-14	1671-1672	I	_	_	_	
8-15	1673-1677	will	_	_	_	
8-16	1678-1685	perfume	Smell\_Word	*	8-11[25_0]	
8-17	1686-1688	my	_	_	_	
8-18	1689-1696	breasts	_	_	_	
8-19	1696-1697	,	_	_	_	
8-20	1698-1700	my	_	_	_	
8-21	1701-1706	belly	_	_	_	
8-22	1706-1707	,	_	_	_	
8-23	1708-1710	my	_	_	_	
8-24	1711-1716	whole	_	_	_	
8-25	1717-1721	body	_	_	_	
8-26	1721-1722	,	_	_	_	
8-27	1723-1725	so	_	_	_	
8-28	1726-1730	that	_	_	_	
8-29	1731-1733	my	_	_	_	
8-30	1735-1739	skin	_	_	_	
8-31	1740-1743	may	_	_	_	
8-32	1744-1748	melt	_	_	_	
8-33	1749-1753	more	_	_	_	
8-34	1754-1761	sweetly	_	_	_	
8-35	1762-1764	in	_	_	_	
8-36	1765-1768	thy	_	_	_	
8-37	1769-1774	mouth	_	_	_	
8-38	1774-1775	,	_	_	_	
8-39	1776-1777	O	_	_	_	
8-40	1778-1783	apple	_	_	_	
8-41	1784-1786	of	_	_	_	
8-42	1787-1789	my	_	_	_	
8-43	1790-1793	eye	_	_	_	
8-44	1793-1794	!	_	_	_	
8-45	1794-1795	"	_	_	_	

#Text=Even among savages the perfuming of the body is sometimes practiced with the object of inducing love in the partner.
9-1	1799-1803	Even	_	_	_	
9-2	1804-1809	among	_	_	_	
9-3	1810-1817	savages	_	_	_	
9-4	1818-1821	the	_	_	_	
9-5	1822-1831	perfuming	Smell\_Word	*|*|*	9-12[27_0]|9-6[26_0]|9-10	
9-6	1832-1834	of	Odour\_Carrier[26]	_	_	
9-7	1835-1838	the	Odour\_Carrier[26]	_	_	
9-8	1839-1843	body	Odour\_Carrier[26]	_	_	
9-9	1844-1846	is	_	_	_	
9-10	1847-1856	sometimes	Time	_	_	
9-11	1857-1866	practiced	_	_	_	
9-12	1867-1871	with	Effect[27]	_	_	
9-13	1872-1875	the	Effect[27]	_	_	
9-14	1876-1882	object	Effect[27]	_	_	
9-15	1883-1885	of	Effect[27]	_	_	
9-16	1886-1894	inducing	Effect[27]	_	_	
9-17	1895-1899	love	Effect[27]	_	_	
9-18	1900-1902	in	Effect[27]	_	_	
9-19	1903-1906	the	Effect[27]	_	_	
9-20	1907-1914	partner	Effect[27]	_	_	
9-21	1914-1915	.	_	_	_	

#Text=Schellong states 
#Text=that the Papuans of Kaiser Wilhelm's Land rub various fragrant plants 
#Text=into their bodies for this purpose.
10-1	1916-1925	Schellong	_	_	_	
10-2	1926-1932	states	_	_	_	
10-3	1934-1938	that	_	_	_	
10-4	1939-1942	the	_	_	_	
10-5	1943-1950	Papuans	_	_	_	
10-6	1951-1953	of	_	_	_	
10-7	1954-1960	Kaiser	_	_	_	
10-8	1961-1970	Wilhelm's	_	_	_	
10-9	1971-1975	Land	_	_	_	
10-10	1976-1979	rub	_	_	_	
10-11	1980-1987	various	_	_	_	
10-12	1988-1996	fragrant	Quality[28]|Smell\_Word[29]	*|*	10-12[28_29]|10-13[0_29]	
10-13	1997-2003	plants	Smell\_Source	_	_	
10-14	2005-2009	into	_	_	_	
10-15	2010-2015	their	_	_	_	
10-16	2016-2022	bodies	_	_	_	
10-17	2023-2026	for	_	_	_	
10-18	2027-2031	this	_	_	_	
10-19	2032-2039	purpose	_	_	_	
10-20	2039-2040	.	_	_	_	

#Text={Zeitschrift fur Ethnologic, 1899, ht.
11-1	2041-2042	{	_	_	_	
11-2	2042-2053	Zeitschrift	_	_	_	
11-3	2054-2057	fur	_	_	_	
11-4	2058-2068	Ethnologic	_	_	_	
11-5	2068-2069	,	_	_	_	
11-6	2070-2074	1899	_	_	_	
11-7	2074-2075	,	_	_	_	
11-8	2076-2078	ht	_	_	_	
11-9	2078-2079	.	_	_	_	

#Text=i, p. 19.)
12-1	2081-2082	i	_	_	_	
12-2	2082-2083	,	_	_	_	
12-3	2084-2085	p	_	_	_	
12-4	2085-2086	.	_	_	_	
12-5	2087-2089	19	_	_	_	
12-6	2089-2090	.	_	_	_	
12-7	2090-2091	)	_	_	_	

#Text=The significance of this practice is more fully revealed by Haddon when studying the Papuans of Torres Straits, among whom the 
#Text=initiative in courtship is taken by the women.
13-1	2092-2095	The	_	_	_	
13-2	2096-2108	significance	_	_	_	
13-3	2109-2111	of	_	_	_	
13-4	2112-2116	this	_	_	_	
13-5	2117-2125	practice	_	_	_	
13-6	2126-2128	is	_	_	_	
13-7	2129-2133	more	_	_	_	
13-8	2134-2139	fully	_	_	_	
13-9	2140-2148	revealed	_	_	_	
13-10	2149-2151	by	_	_	_	
13-11	2152-2158	Haddon	_	_	_	
13-12	2159-2163	when	_	_	_	
13-13	2164-2172	studying	_	_	_	
13-14	2173-2176	the	_	_	_	
13-15	2177-2184	Papuans	_	_	_	
13-16	2185-2187	of	_	_	_	
13-17	2188-2194	Torres	_	_	_	
13-18	2195-2202	Straits	_	_	_	
13-19	2202-2203	,	_	_	_	
13-20	2204-2209	among	_	_	_	
13-21	2210-2214	whom	_	_	_	
13-22	2215-2218	the	_	_	_	
13-23	2220-2230	initiative	_	_	_	
13-24	2231-2233	in	_	_	_	
13-25	2234-2243	courtship	_	_	_	
13-26	2244-2246	is	_	_	_	
13-27	2247-2252	taken	_	_	_	
13-28	2253-2255	by	_	_	_	
13-29	2256-2259	the	_	_	_	
13-30	2260-2265	women	_	_	_	
13-31	2265-2266	.	_	_	_	

#Text=It was by scenting 
#Text=himself with a pungent odorous substance that a young man indicated
#Text=that he was ready to be sued by the girls.
14-1	2267-2269	It	_	_	_	
14-2	2270-2273	was	_	_	_	
14-3	2274-2276	by	_	_	_	
14-4	2277-2285	scenting	Smell\_Word	*	14-11[32_0]	
14-5	2287-2294	himself	_	_	_	
14-6	2295-2299	with	_	_	_	
14-7	2300-2301	a	_	_	_	
14-8	2302-2309	pungent	Quality	_	_	
14-9	2310-2317	odorous	Smell\_Word[30]|Quality[31]	*|*|*	14-9[31_30]|14-8[0_30]|14-10[0_31]	
14-10	2318-2327	substance	Smell\_Source	_	_	
14-11	2328-2332	that	Effect[32]	_	_	
14-12	2333-2334	a	Effect[32]	_	_	
14-13	2335-2340	young	Effect[32]	_	_	
14-14	2341-2344	man	Effect[32]	_	_	
14-15	2345-2354	indicated	Effect[32]	_	_	
14-16	2355-2359	that	Effect[32]	_	_	
14-17	2360-2362	he	Effect[32]	_	_	
14-18	2363-2366	was	Effect[32]	_	_	
14-19	2367-2372	ready	Effect[32]	_	_	
14-20	2373-2375	to	Effect[32]	_	_	
14-21	2376-2378	be	Effect[32]	_	_	
14-22	2379-2383	sued	Effect[32]	_	_	
14-23	2384-2386	by	Effect[32]	_	_	
14-24	2387-2390	the	Effect[32]	_	_	
14-25	2391-2396	girls	Effect[32]	_	_	
14-26	2396-2397	.	_	_	_	

#Text=A man would wear this
#Text=scent at the back of his neck during a dance in order to attract the
#Text=attention of a particular girl; it was believed to act with magical certainty, after the manner of a charm (Reports of the Cambridge Anthropological Expedition to Torres Straits, vol. v, pp. 211, 222, and 328).
15-1	2398-2399	A	_	_	_	
15-2	2400-2403	man	_	_	_	
15-3	2404-2409	would	_	_	_	
15-4	2410-2414	wear	_	_	_	
15-5	2415-2419	this	_	_	_	
15-6	2420-2425	scent	Smell\_Word	*|*	15-13[33_0]|15-16[34_0]	
15-7	2426-2428	at	_	_	_	
15-8	2429-2432	the	_	_	_	
15-9	2433-2437	back	_	_	_	
15-10	2438-2440	of	_	_	_	
15-11	2441-2444	his	_	_	_	
15-12	2445-2449	neck	_	_	_	
15-13	2450-2456	during	Circumstances[33]	_	_	
15-14	2457-2458	a	Circumstances[33]	_	_	
15-15	2459-2464	dance	Circumstances[33]	_	_	
15-16	2465-2467	in	Effect[34]	_	_	
15-17	2468-2473	order	Effect[34]	_	_	
15-18	2474-2476	to	Effect[34]	_	_	
15-19	2477-2484	attract	Effect[34]	_	_	
15-20	2485-2488	the	Effect[34]	_	_	
15-21	2489-2498	attention	Effect[34]	_	_	
15-22	2499-2501	of	Effect[34]	_	_	
15-23	2502-2503	a	Effect[34]	_	_	
15-24	2504-2514	particular	Effect[34]	_	_	
15-25	2515-2519	girl	Effect[34]	_	_	
15-26	2519-2520	;	_	_	_	
15-27	2521-2523	it	_	_	_	
15-28	2524-2527	was	_	_	_	
15-29	2528-2536	believed	_	_	_	
15-30	2537-2539	to	_	_	_	
15-31	2540-2543	act	_	_	_	
15-32	2544-2548	with	_	_	_	
15-33	2549-2556	magical	_	_	_	
15-34	2557-2566	certainty	_	_	_	
15-35	2566-2567	,	_	_	_	
15-36	2568-2573	after	_	_	_	
15-37	2574-2577	the	_	_	_	
15-38	2578-2584	manner	_	_	_	
15-39	2585-2587	of	_	_	_	
15-40	2588-2589	a	_	_	_	
15-41	2590-2595	charm	_	_	_	
15-42	2596-2597	(	_	_	_	
15-43	2597-2604	Reports	_	_	_	
15-44	2605-2607	of	_	_	_	
15-45	2608-2611	the	_	_	_	
15-46	2612-2621	Cambridge	_	_	_	
15-47	2622-2637	Anthropological	_	_	_	
15-48	2638-2648	Expedition	_	_	_	
15-49	2649-2651	to	_	_	_	
15-50	2652-2658	Torres	_	_	_	
15-51	2659-2666	Straits	_	_	_	
15-52	2666-2667	,	_	_	_	
15-53	2668-2671	vol	_	_	_	
15-54	2671-2672	.	_	_	_	
15-55	2673-2674	v	_	_	_	
15-56	2674-2675	,	_	_	_	
15-57	2676-2678	pp	_	_	_	
15-58	2678-2679	.	_	_	_	
15-59	2680-2683	211	_	_	_	
15-60	2683-2684	,	_	_	_	
15-61	2685-2688	222	_	_	_	
15-62	2688-2689	,	_	_	_	
15-63	2690-2693	and	_	_	_	
15-64	2694-2697	328	_	_	_	
15-65	2697-2698	)	_	_	_	
15-66	2698-2699	.	_	_	_	

#Text=The perfume which is of all perfumes the most interesting
#Text=from the present point of view is certainly musk.
16-1	2701-2704	The	_	_	_	
16-2	2705-2712	perfume	Smell\_Word	*|*	16-8[35_0]|16-19	
16-3	2713-2718	which	_	_	_	
16-4	2719-2721	is	_	_	_	
16-5	2722-2724	of	_	_	_	
16-6	2725-2728	all	_	_	_	
16-7	2729-2737	perfumes	Smell\_Word	_	_	
16-8	2738-2741	the	Quality[35]	_	_	
16-9	2742-2746	most	Quality[35]	_	_	
16-10	2747-2758	interesting	Quality[35]	_	_	
16-11	2759-2763	from	_	_	_	
16-12	2764-2767	the	_	_	_	
16-13	2768-2775	present	_	_	_	
16-14	2776-2781	point	_	_	_	
16-15	2782-2784	of	_	_	_	
16-16	2785-2789	view	_	_	_	
16-17	2790-2792	is	_	_	_	
16-18	2793-2802	certainly	_	_	_	
16-19	2803-2807	musk	Smell\_Source	_	_	
16-20	2807-2808	.	_	_	_	

#Text=With ambergris, musk is the chief member of Linnseus ' s group of Odores
#Text=ambrosiacce, a group which in sexual significances, as Zwaardemaker remarks, ranks besides the capryl group of odors.
17-1	2809-2813	With	_	_	_	
17-2	2814-2823	ambergris	Smell\_Source	_	_	
17-3	2823-2824	,	_	_	_	
17-4	2825-2829	musk	Smell\_Source	_	_	
17-5	2830-2832	is	_	_	_	
17-6	2833-2836	the	_	_	_	
17-7	2837-2842	chief	_	_	_	
17-8	2843-2849	member	_	_	_	
17-9	2850-2852	of	_	_	_	
17-10	2853-2861	Linnseus	_	_	_	
17-11	2862-2863	'	_	_	_	
17-12	2864-2865	s	_	_	_	
17-13	2866-2871	group	_	_	_	
17-14	2872-2874	of	_	_	_	
17-15	2875-2881	Odores	Smell\_Word	*|*|*	17-2|17-4|17-16	
17-16	2882-2893	ambrosiacce	Quality	_	_	
17-17	2893-2894	,	_	_	_	
17-18	2895-2896	a	_	_	_	
17-19	2897-2902	group	_	_	_	
17-20	2903-2908	which	_	_	_	
17-21	2909-2911	in	_	_	_	
17-22	2912-2918	sexual	_	_	_	
17-23	2919-2932	significances	_	_	_	
17-24	2932-2933	,	_	_	_	
17-25	2934-2936	as	_	_	_	
17-26	2937-2949	Zwaardemaker	_	_	_	
17-27	2950-2957	remarks	_	_	_	
17-28	2957-2958	,	_	_	_	
17-29	2959-2964	ranks	_	_	_	
17-30	2965-2972	besides	_	_	_	
17-31	2973-2976	the	_	_	_	
17-32	2977-2983	capryl	Quality	_	_	
17-33	2984-2989	group	_	_	_	
17-34	2990-2992	of	_	_	_	
17-35	2993-2998	odors	Smell\_Word	*	17-32	
17-36	2998-2999	.	_	_	_	

#Text=It
#Text=is a perfume of ancient origin ; its name is Persian 1 (indicating
#Text=doubtless the channel whence it reached Europe) and ultimately derived from the Sanskrit word for testicle in allusion
#Text=to the fact that it was contained in a pouch removed from the
#Text=sexual parts of the male musk-deer.
18-1	3000-3002	It	_	_	_	
18-2	3003-3005	is	_	_	_	
18-3	3006-3007	a	_	_	_	
18-4	3008-3015	perfume	Smell\_Word	*|*	18-5[36_0]|18-12[37_0]	
18-5	3016-3018	of	Quality[36]	_	_	
18-6	3019-3026	ancient	Quality[36]	_	_	
18-7	3027-3033	origin	Quality[36]	_	_	
18-8	3034-3035	;	_	_	_	
18-9	3036-3039	its	_	_	_	
18-10	3040-3044	name	_	_	_	
18-11	3045-3047	is	_	_	_	
18-12	3048-3055	Persian	Smell\_Source[37]	_	_	
18-13	3056-3057	1	Smell\_Source[37]	_	_	
18-14	3058-3059	(	_	_	_	
18-15	3059-3069	indicating	_	_	_	
18-16	3070-3079	doubtless	_	_	_	
18-17	3080-3083	the	_	_	_	
18-18	3084-3091	channel	_	_	_	
18-19	3092-3098	whence	_	_	_	
18-20	3099-3101	it	_	_	_	
18-21	3102-3109	reached	_	_	_	
18-22	3110-3116	Europe	_	_	_	
18-23	3116-3117	)	_	_	_	
18-24	3118-3121	and	_	_	_	
18-25	3122-3132	ultimately	_	_	_	
18-26	3133-3140	derived	_	_	_	
18-27	3141-3145	from	_	_	_	
18-28	3146-3149	the	_	_	_	
18-29	3150-3158	Sanskrit	_	_	_	
18-30	3159-3163	word	_	_	_	
18-31	3164-3167	for	_	_	_	
18-32	3168-3176	testicle	_	_	_	
18-33	3177-3179	in	_	_	_	
18-34	3180-3188	allusion	_	_	_	
18-35	3189-3191	to	_	_	_	
18-36	3192-3195	the	_	_	_	
18-37	3196-3200	fact	_	_	_	
18-38	3201-3205	that	_	_	_	
18-39	3206-3208	it	_	_	_	
18-40	3209-3212	was	_	_	_	
18-41	3213-3222	contained	_	_	_	
18-42	3223-3225	in	_	_	_	
18-43	3226-3227	a	_	_	_	
18-44	3228-3233	pouch	_	_	_	
18-45	3234-3241	removed	_	_	_	
18-46	3242-3246	from	_	_	_	
18-47	3247-3250	the	_	_	_	
18-48	3251-3257	sexual	_	_	_	
18-49	3258-3263	parts	_	_	_	
18-50	3264-3266	of	_	_	_	
18-51	3267-3270	the	_	_	_	
18-52	3271-3275	male	_	_	_	
18-53	3276-3285	musk-deer	_	_	_	
18-54	3285-3286	.	_	_	_	

#Text=Musk odors, however,
#Text=often of considerable strength, are very widely distributed in
#Text=Nature, alike among animals and plants.
19-1	3287-3291	Musk	Smell\_Source	_	_	
19-2	3292-3297	odors	Smell\_Word	*|*	19-1|19-7[38_0]	
19-3	3297-3298	,	_	_	_	
19-4	3299-3306	however	_	_	_	
19-5	3306-3307	,	_	_	_	
19-6	3308-3313	often	_	_	_	
19-7	3314-3316	of	Quality[38]	_	_	
19-8	3317-3329	considerable	Quality[38]	_	_	
19-9	3330-3338	strength	Quality[38]	_	_	
19-10	3338-3339	,	_	_	_	
19-11	3340-3343	are	_	_	_	
19-12	3344-3348	very	_	_	_	
19-13	3349-3355	widely	_	_	_	
19-14	3356-3367	distributed	_	_	_	
19-15	3368-3370	in	_	_	_	
19-16	3371-3377	Nature	_	_	_	
19-17	3377-3378	,	_	_	_	
19-18	3379-3384	alike	_	_	_	
19-19	3385-3390	among	_	_	_	
19-20	3391-3398	animals	_	_	_	
19-21	3399-3402	and	_	_	_	
19-22	3403-3409	plants	_	_	_	
19-23	3409-3410	.	_	_	_	

#Text=This is indicated
#Text=by the frequency with which the word "musk" forms part of
#Text=the names of animals and plants which are by no means always nearly related.
20-1	3411-3415	This	_	_	_	
20-2	3416-3418	is	_	_	_	
20-3	3419-3428	indicated	_	_	_	
20-4	3429-3431	by	_	_	_	
20-5	3432-3435	the	_	_	_	
20-6	3436-3445	frequency	_	_	_	
20-7	3446-3450	with	_	_	_	
20-8	3451-3456	which	_	_	_	
20-9	3457-3460	the	_	_	_	
20-10	3461-3465	word	_	_	_	
20-11	3466-3467	"	_	_	_	
20-12	3467-3471	musk	_	_	_	
20-13	3471-3472	"	_	_	_	
20-14	3473-3478	forms	_	_	_	
20-15	3479-3483	part	_	_	_	
20-16	3484-3486	of	_	_	_	
20-17	3487-3490	the	_	_	_	
20-18	3491-3496	names	_	_	_	
20-19	3497-3499	of	_	_	_	
20-20	3500-3507	animals	_	_	_	
20-21	3508-3511	and	_	_	_	
20-22	3512-3518	plants	_	_	_	
20-23	3519-3524	which	_	_	_	
20-24	3525-3528	are	_	_	_	
20-25	3529-3531	by	_	_	_	
20-26	3532-3534	no	_	_	_	
20-27	3535-3540	means	_	_	_	
20-28	3541-3547	always	_	_	_	
20-29	3548-3554	nearly	_	_	_	
20-30	3555-3562	related	_	_	_	
20-31	3562-3563	.	_	_	_	

#Text=We have the musk-ox, the musky mole,
#Text=several species called musk-rat, the musk-duck, the muskbeetle; while among plants which have received their names
#Text=from a real or supposed musky odor are, besides several that
#Text=are called musk-plant, the musk-rose, the musk-hyacinth, the
#Text=musk-mallow, the musk-orchid, the musk-melon, the muskcherry, the musk-pear, the musk-plum, muskat and muscatels,
#Text=musk-seed, musk-tree, musk-wood, etc. 2 But a musky odor
#Text=is not merely widespread in Nature among plants and the
#Text=lower animals, it is peculiarly associated with man.
21-1	3564-3566	We	_	_	_	
21-2	3567-3571	have	_	_	_	
21-3	3572-3575	the	_	_	_	
21-4	3576-3583	musk-ox	Smell\_Source	_	_	
21-5	3583-3584	,	_	_	_	
21-6	3585-3588	the	_	_	_	
21-7	3589-3594	musky	Smell\_Source[39]	_	_	
21-8	3595-3599	mole	Smell\_Source[39]	_	_	
21-9	3599-3600	,	_	_	_	
21-10	3601-3608	several	_	_	_	
21-11	3609-3616	species	_	_	_	
21-12	3617-3623	called	_	_	_	
21-13	3624-3632	musk-rat	Smell\_Source	_	_	
21-14	3632-3633	,	_	_	_	
21-15	3634-3637	the	_	_	_	
21-16	3638-3647	musk-duck	Smell\_Source	_	_	
21-17	3647-3648	,	_	_	_	
21-18	3649-3652	the	_	_	_	
21-19	3653-3663	muskbeetle	Smell\_Source	_	_	
21-20	3663-3664	;	_	_	_	
21-21	3665-3670	while	_	_	_	
21-22	3671-3676	among	_	_	_	
21-23	3677-3683	plants	_	_	_	
21-24	3684-3689	which	_	_	_	
21-25	3690-3694	have	_	_	_	
21-26	3695-3703	received	_	_	_	
21-27	3704-3709	their	_	_	_	
21-28	3710-3715	names	_	_	_	
21-29	3716-3720	from	_	_	_	
21-30	3721-3722	a	_	_	_	
21-31	3723-3727	real	_	_	_	
21-32	3728-3730	or	_	_	_	
21-33	3731-3739	supposed	_	_	_	
21-34	3740-3745	musky	Quality	_	_	
21-35	3746-3750	odor	Smell\_Word	*|*|*|*|*|*|*|*|*|*|*|*|*|*|*|*|*|*|*|*	21-34|21-43|21-46|21-49|21-52|21-55|21-58|21-61|21-64|21-67|21-69|21-71|21-73|21-75|21-77|21-4|21-7[39_0]|21-13|21-16|21-19	
21-36	3751-3754	are	_	_	_	
21-37	3754-3755	,	_	_	_	
21-38	3756-3763	besides	_	_	_	
21-39	3764-3771	several	_	_	_	
21-40	3772-3776	that	_	_	_	
21-41	3777-3780	are	_	_	_	
21-42	3781-3787	called	_	_	_	
21-43	3788-3798	musk-plant	Smell\_Source	_	_	
21-44	3798-3799	,	_	_	_	
21-45	3800-3803	the	_	_	_	
21-46	3804-3813	musk-rose	Smell\_Source	_	_	
21-47	3813-3814	,	_	_	_	
21-48	3815-3818	the	_	_	_	
21-49	3819-3832	musk-hyacinth	Smell\_Source	_	_	
21-50	3832-3833	,	_	_	_	
21-51	3834-3837	the	_	_	_	
21-52	3838-3849	musk-mallow	Smell\_Source	_	_	
21-53	3849-3850	,	_	_	_	
21-54	3851-3854	the	_	_	_	
21-55	3855-3866	musk-orchid	Smell\_Source	_	_	
21-56	3866-3867	,	_	_	_	
21-57	3868-3871	the	_	_	_	
21-58	3872-3882	musk-melon	Smell\_Source	_	_	
21-59	3882-3883	,	_	_	_	
21-60	3884-3887	the	_	_	_	
21-61	3888-3898	muskcherry	Smell\_Source	_	_	
21-62	3898-3899	,	_	_	_	
21-63	3900-3903	the	_	_	_	
21-64	3904-3913	musk-pear	Smell\_Source	_	_	
21-65	3913-3914	,	_	_	_	
21-66	3915-3918	the	_	_	_	
21-67	3919-3928	musk-plum	Smell\_Source	_	_	
21-68	3928-3929	,	_	_	_	
21-69	3930-3936	muskat	Smell\_Source	_	_	
21-70	3937-3940	and	_	_	_	
21-71	3941-3950	muscatels	Smell\_Source	_	_	
21-72	3950-3951	,	_	_	_	
21-73	3952-3961	musk-seed	Smell\_Source	_	_	
21-74	3961-3962	,	_	_	_	
21-75	3963-3972	musk-tree	Smell\_Source	_	_	
21-76	3972-3973	,	_	_	_	
21-77	3974-3983	musk-wood	Smell\_Source	_	_	
21-78	3983-3984	,	_	_	_	
21-79	3985-3988	etc	_	_	_	
21-80	3988-3989	.	_	_	_	
21-81	3990-3991	2	_	_	_	
21-82	3992-3995	But	_	_	_	
21-83	3996-3997	a	_	_	_	
21-84	3998-4003	musky	Quality	_	_	
21-85	4004-4008	odor	Smell\_Word	*|*	21-84|21-90[40_0]	
21-86	4009-4011	is	_	_	_	
21-87	4012-4015	not	_	_	_	
21-88	4016-4022	merely	_	_	_	
21-89	4023-4033	widespread	_	_	_	
21-90	4034-4036	in	Location[40]	_	_	
21-91	4037-4043	Nature	Location[40]	_	_	
21-92	4044-4049	among	_	_	_	
21-93	4050-4056	plants	_	_	_	
21-94	4057-4060	and	_	_	_	
21-95	4061-4064	the	_	_	_	
21-96	4065-4070	lower	_	_	_	
21-97	4071-4078	animals	_	_	_	
21-98	4078-4079	,	_	_	_	
21-99	4080-4082	it	_	_	_	
21-100	4083-4085	is	_	_	_	
21-101	4086-4096	peculiarly	_	_	_	
21-102	4097-4107	associated	_	_	_	
21-103	4108-4112	with	_	_	_	
21-104	4113-4116	man	_	_	_	
21-105	4116-4117	.	_	_	_	

#Text=Incidentally we have already seen how it is regarded as characteristic of some races of man, especially the Chinese.
22-1	4118-4130	Incidentally	_	_	_	
22-2	4131-4133	we	_	_	_	
22-3	4134-4138	have	_	_	_	
22-4	4139-4146	already	_	_	_	
22-5	4147-4151	seen	_	_	_	
22-6	4152-4155	how	_	_	_	
22-7	4156-4158	it	_	_	_	
22-8	4159-4161	is	_	_	_	
22-9	4162-4170	regarded	_	_	_	
22-10	4171-4173	as	_	_	_	
22-11	4174-4188	characteristic	_	_	_	
22-12	4189-4191	of	_	_	_	
22-13	4192-4196	some	_	_	_	
22-14	4197-4202	races	_	_	_	
22-15	4203-4205	of	_	_	_	
22-16	4206-4209	man	_	_	_	
22-17	4209-4210	,	_	_	_	
22-18	4211-4221	especially	_	_	_	
22-19	4222-4225	the	_	_	_	
22-20	4226-4233	Chinese	_	_	_	
22-21	4233-4234	.	_	_	_	

#Text=Moreover,
#Text=the smell of the negress is said to be musky in character, and
#Text=
#Text=
#Text=among Europeans a musky odor is said to be characteristic of
#Text=blondes.
23-1	4235-4243	Moreover	_	_	_	
23-2	4243-4244	,	_	_	_	
23-3	4245-4248	the	_	_	_	
23-4	4249-4254	smell	Smell\_Word	*|*	23-5[41_0]|23-12	
23-5	4255-4257	of	Smell\_Source[41]	_	_	
23-6	4258-4261	the	Smell\_Source[41]	_	_	
23-7	4262-4269	negress	Smell\_Source[41]	_	_	
23-8	4270-4272	is	_	_	_	
23-9	4273-4277	said	_	_	_	
23-10	4278-4280	to	_	_	_	
23-11	4281-4283	be	_	_	_	
23-12	4284-4289	musky	Quality	_	_	
23-13	4290-4292	in	_	_	_	
23-14	4293-4302	character	_	_	_	
23-15	4302-4303	,	_	_	_	
23-16	4304-4307	and	_	_	_	
23-17	4310-4315	among	_	_	_	
23-18	4316-4325	Europeans	_	_	_	
23-19	4326-4327	a	_	_	_	
23-20	4328-4333	musky	Quality	_	_	
23-21	4334-4338	odor	Smell\_Word	*|*	23-20|23-27[42_0]	
23-22	4339-4341	is	_	_	_	
23-23	4342-4346	said	_	_	_	
23-24	4347-4349	to	_	_	_	
23-25	4350-4352	be	_	_	_	
23-26	4353-4367	characteristic	_	_	_	
23-27	4368-4370	of	Smell\_Source[42]	_	_	
23-28	4371-4378	blondes	Smell\_Source[42]	_	_	
23-29	4378-4379	.	_	_	_	

#Text=Laycock, in his Nervous Diseases of Women, stated
#Text=his opinion that "the musk odor is certainly the sexual odor
#Text=of man"; and Fere states that the musk odor is that among
#Text=natural perfumes most nearly approaching the odor of the sexual secretions.
24-1	4380-4387	Laycock	_	_	_	
24-2	4387-4388	,	_	_	_	
24-3	4389-4391	in	_	_	_	
24-4	4392-4395	his	_	_	_	
24-5	4396-4403	Nervous	_	_	_	
24-6	4404-4412	Diseases	_	_	_	
24-7	4413-4415	of	_	_	_	
24-8	4416-4421	Women	_	_	_	
24-9	4421-4422	,	_	_	_	
24-10	4423-4429	stated	_	_	_	
24-11	4430-4433	his	_	_	_	
24-12	4434-4441	opinion	_	_	_	
24-13	4442-4446	that	_	_	_	
24-14	4447-4448	"	_	_	_	
24-15	4448-4451	the	_	_	_	
24-16	4452-4456	musk	Smell\_Source	_	_	
24-17	4457-4461	odor	Smell\_Word	*	24-16	
24-18	4462-4464	is	_	_	_	
24-19	4465-4474	certainly	_	_	_	
24-20	4475-4478	the	_	_	_	
24-21	4479-4485	sexual	Quality	_	_	
24-22	4486-4490	odor	Smell\_Word	*|*	24-21|24-16	
24-23	4491-4493	of	_	_	_	
24-24	4494-4497	man	_	_	_	
24-25	4497-4498	"	_	_	_	
24-26	4498-4499	;	_	_	_	
24-27	4500-4503	and	_	_	_	
24-28	4504-4508	Fere	_	_	_	
24-29	4509-4515	states	_	_	_	
24-30	4516-4520	that	_	_	_	
24-31	4521-4524	the	_	_	_	
24-32	4525-4529	musk	Smell\_Source	_	_	
24-33	4530-4534	odor	Smell\_Word	*	24-32	
24-34	4535-4537	is	_	_	_	
24-35	4538-4542	that	_	_	_	
24-36	4543-4548	among	_	_	_	
24-37	4549-4556	natural	Quality	_	_	
24-38	4557-4565	perfumes	Smell\_Word	*	24-37	
24-39	4566-4570	most	_	_	_	
24-40	4571-4577	nearly	_	_	_	
24-41	4578-4589	approaching	_	_	_	
24-42	4590-4593	the	_	_	_	
24-43	4594-4598	odor	Smell\_Word	*	24-44[43_0]	
24-44	4599-4601	of	Evoked\_Odorant[43]	_	_	
24-45	4602-4605	the	Evoked\_Odorant[43]	_	_	
24-46	4606-4612	sexual	Evoked\_Odorant[43]	_	_	
24-47	4613-4623	secretions	Evoked\_Odorant[43]	_	_	
24-48	4623-4624	.	_	_	_	

#Text=We have seen that the Chinese poet vaunts
#Text=the musky odor of his mistress ' s armpits, while another Oriental saying concerning the attractive woman is that "her navel
#Text=is filled with musk."
25-1	4625-4627	We	_	_	_	
25-2	4628-4632	have	_	_	_	
25-3	4633-4637	seen	_	_	_	
25-4	4638-4642	that	_	_	_	
25-5	4643-4646	the	Perceiver[44]	_	_	
25-6	4647-4654	Chinese	Perceiver[44]	_	_	
25-7	4655-4659	poet	Perceiver[44]	_	_	
25-8	4660-4666	vaunts	_	_	_	
25-9	4667-4670	the	_	_	_	
25-10	4671-4676	musky	Quality	_	_	
25-11	4677-4681	odor	Smell\_Word	*|*|*	25-10|25-5[44_0]|25-12[45_0]	
25-12	4682-4684	of	Smell\_Source[45]	_	_	
25-13	4685-4688	his	Smell\_Source[45]	_	_	
25-14	4689-4697	mistress	Smell\_Source[45]	_	_	
25-15	4698-4699	'	Smell\_Source[45]	_	_	
25-16	4700-4701	s	Smell\_Source[45]	_	_	
25-17	4702-4709	armpits	Smell\_Source[45]	_	_	
25-18	4709-4710	,	_	_	_	
25-19	4711-4716	while	_	_	_	
25-20	4717-4724	another	_	_	_	
25-21	4725-4733	Oriental	_	_	_	
25-22	4734-4740	saying	_	_	_	
25-23	4741-4751	concerning	_	_	_	
25-24	4752-4755	the	_	_	_	
25-25	4756-4766	attractive	_	_	_	
25-26	4767-4772	woman	_	_	_	
25-27	4773-4775	is	_	_	_	
25-28	4776-4780	that	_	_	_	
25-29	4781-4782	"	_	_	_	
25-30	4782-4785	her	_	_	_	
25-31	4786-4791	navel	_	_	_	
25-32	4792-4794	is	_	_	_	
25-33	4795-4801	filled	_	_	_	
25-34	4802-4806	with	_	_	_	
25-35	4807-4811	musk	_	_	_	
25-36	4811-4812	.	_	_	_	
25-37	4812-4813	"	_	_	_	

#Text=Persian literature contains many references to musk as an attractive body odor, and Firdusi speaks
#Text=of a woman ' s hair as "a crown of musk," while the Arabian
#Text=poet Motannabi says of his mistress that "her hyacinthine hair
#Text=smells sweeter than Scythian musk."
26-1	4814-4821	Persian	_	_	_	
26-2	4822-4832	literature	_	_	_	
26-3	4833-4841	contains	_	_	_	
26-4	4842-4846	many	_	_	_	
26-5	4847-4857	references	_	_	_	
26-6	4858-4860	to	_	_	_	
26-7	4861-4865	musk	Smell\_Source	_	_	
26-8	4866-4868	as	_	_	_	
26-9	4869-4871	an	_	_	_	
26-10	4872-4882	attractive	Quality	_	_	
26-11	4883-4887	body	Quality	_	_	
26-12	4888-4892	odor	Smell\_Word	*|*|*	26-11|26-10|26-7	
26-13	4892-4893	,	_	_	_	
26-14	4894-4897	and	_	_	_	
26-15	4898-4905	Firdusi	_	_	_	
26-16	4906-4912	speaks	_	_	_	
26-17	4913-4915	of	_	_	_	
26-18	4916-4917	a	_	_	_	
26-19	4918-4923	woman	_	_	_	
26-20	4924-4925	'	_	_	_	
26-21	4926-4927	s	_	_	_	
26-22	4928-4932	hair	_	_	_	
26-23	4933-4935	as	_	_	_	
26-24	4936-4937	"	_	_	_	
26-25	4937-4938	a	_	_	_	
26-26	4939-4944	crown	_	_	_	
26-27	4945-4947	of	_	_	_	
26-28	4948-4952	musk	_	_	_	
26-29	4952-4953	,	_	_	_	
26-30	4953-4954	"	_	_	_	
26-31	4955-4960	while	_	_	_	
26-32	4961-4964	the	_	_	_	
26-33	4965-4972	Arabian	_	_	_	
26-34	4973-4977	poet	_	_	_	
26-35	4978-4987	Motannabi	_	_	_	
26-36	4988-4992	says	_	_	_	
26-37	4993-4995	of	_	_	_	
26-38	4996-4999	his	_	_	_	
26-39	5000-5008	mistress	_	_	_	
26-40	5009-5013	that	_	_	_	
26-41	5014-5015	"	_	_	_	
26-42	5015-5018	her	Smell\_Source[46]	_	_	
26-43	5019-5030	hyacinthine	Smell\_Source[46]	_	_	
26-44	5031-5035	hair	Smell\_Source[46]	_	_	
26-45	5036-5042	smells	Smell\_Word	*|*|*	26-42[46_0]|26-46|26-47[47_0]	
26-46	5043-5050	sweeter	Quality	_	_	
26-47	5051-5055	than	Evoked\_Odorant[47]	_	_	
26-48	5056-5064	Scythian	Evoked\_Odorant[47]	_	_	
26-49	5065-5069	musk	Evoked\_Odorant[47]	_	_	
26-50	5069-5070	.	_	_	_	
26-51	5070-5071	"	_	_	_	

#Text=Galopin stated that he
#Text=knew women whose natural odor of musk (and less frequently
#Text=of ambergris) was sufficiently strong to impart to a bath in
#Text=less than an hour a perfume due entirely to the exhalations
#Text=of the musky body; it must be added that Galopin was an enthusiast in this matter.
27-1	5072-5079	Galopin	_	_	_	
27-2	5080-5086	stated	_	_	_	
27-3	5087-5091	that	_	_	_	
27-4	5092-5094	he	_	_	_	
27-5	5095-5099	knew	_	_	_	
27-6	5100-5105	women	_	_	_	
27-7	5106-5111	whose	_	_	_	
27-8	5112-5119	natural	Quality	_	_	
27-9	5120-5124	odor	Smell\_Word	*|*|*|*|*	27-10[48_0]|27-8|27-16[49_0]|27-20[50_0]|27-22[51_0]	
27-10	5125-5127	of	Smell\_Source[48]	_	_	
27-11	5128-5132	musk	Smell\_Source[48]	_	_	
27-12	5133-5134	(	_	_	_	
27-13	5134-5137	and	_	_	_	
27-14	5138-5142	less	_	_	_	
27-15	5143-5153	frequently	_	_	_	
27-16	5154-5156	of	Smell\_Source[49]	_	_	
27-17	5157-5166	ambergris	Smell\_Source[49]	_	_	
27-18	5166-5167	)	_	_	_	
27-19	5168-5171	was	_	_	_	
27-20	5172-5184	sufficiently	Quality[50]	_	_	
27-21	5185-5191	strong	Quality[50]	_	_	
27-22	5192-5194	to	Effect[51]	_	_	
27-23	5195-5201	impart	Effect[51]	_	_	
27-24	5202-5204	to	Effect[51]	_	_	
27-25	5205-5206	a	Effect[51]	_	_	
27-26	5207-5211	bath	Effect[51]	_	_	
27-27	5212-5214	in	Effect[51]	_	_	
27-28	5215-5219	less	Effect[51]	_	_	
27-29	5220-5224	than	Effect[51]	_	_	
27-30	5225-5227	an	Effect[51]	_	_	
27-31	5228-5232	hour	Effect[51]	_	_	
27-32	5233-5234	a	Effect[51]	_	_	
27-33	5235-5242	perfume	Effect[51]|Smell\_Word[52]	*|*	27-39[54_52]|27-38[53_52]	
27-34	5243-5246	due	Effect[51]	_	_	
27-35	5247-5255	entirely	Effect[51]	_	_	
27-36	5256-5258	to	Effect[51]	_	_	
27-37	5259-5262	the	Effect[51]	_	_	
27-38	5263-5274	exhalations	Effect[51]|Odour\_Carrier[53]	_	_	
27-39	5275-5277	of	Effect[51]|Smell\_Source[54]	_	_	
27-40	5278-5281	the	Effect[51]|Smell\_Source[54]	_	_	
27-41	5282-5287	musky	Effect[51]|Smell\_Source[54]	_	_	
27-42	5288-5292	body	Effect[51]|Smell\_Source[54]	_	_	
27-43	5292-5293	;	_	_	_	
27-44	5294-5296	it	_	_	_	
27-45	5297-5301	must	_	_	_	
27-46	5302-5304	be	_	_	_	
27-47	5305-5310	added	_	_	_	
27-48	5311-5315	that	_	_	_	
27-49	5316-5323	Galopin	_	_	_	
27-50	5324-5327	was	_	_	_	
27-51	5328-5330	an	_	_	_	
27-52	5331-5341	enthusiast	_	_	_	
27-53	5342-5344	in	_	_	_	
27-54	5345-5349	this	_	_	_	
27-55	5350-5356	matter	_	_	_	
27-56	5356-5357	.	_	_	_	

#Text=The special significance of musk from our present point
#Text=of view lies not only in the fact that we here have a perfume,
#Text=widely scattered throughout nature and often in an agreeable
#Text=form, which is at the same time a very frequent personal odor
#Text=in man.
28-1	5359-5362	The	_	_	_	
28-2	5363-5370	special	_	_	_	
28-3	5371-5383	significance	_	_	_	
28-4	5384-5386	of	Smell\_Source[55]	_	_	
28-5	5387-5391	musk	Smell\_Source[55]	_	_	
28-6	5392-5396	from	_	_	_	
28-7	5397-5400	our	_	_	_	
28-8	5401-5408	present	_	_	_	
28-9	5409-5414	point	_	_	_	
28-10	5415-5417	of	_	_	_	
28-11	5418-5422	view	_	_	_	
28-12	5423-5427	lies	_	_	_	
28-13	5428-5431	not	_	_	_	
28-14	5432-5436	only	_	_	_	
28-15	5437-5439	in	_	_	_	
28-16	5440-5443	the	_	_	_	
28-17	5444-5448	fact	_	_	_	
28-18	5449-5453	that	_	_	_	
28-19	5454-5456	we	_	_	_	
28-20	5457-5461	here	_	_	_	
28-21	5462-5466	have	_	_	_	
28-22	5467-5468	a	_	_	_	
28-23	5469-5476	perfume	Smell\_Word	*	28-4[55_0]	
28-24	5476-5477	,	_	_	_	
28-25	5478-5484	widely	_	_	_	
28-26	5485-5494	scattered	_	_	_	
28-27	5495-5505	throughout	_	_	_	
28-28	5506-5512	nature	_	_	_	
28-29	5513-5516	and	_	_	_	
28-30	5517-5522	often	_	_	_	
28-31	5523-5525	in	_	_	_	
28-32	5526-5528	an	_	_	_	
28-33	5529-5538	agreeable	_	_	_	
28-34	5539-5543	form	_	_	_	
28-35	5543-5544	,	_	_	_	
28-36	5545-5550	which	_	_	_	
28-37	5551-5553	is	_	_	_	
28-38	5554-5556	at	_	_	_	
28-39	5557-5560	the	_	_	_	
28-40	5561-5565	same	_	_	_	
28-41	5566-5570	time	_	_	_	
28-42	5571-5572	a	_	_	_	
28-43	5573-5577	very	Quality[56]	_	_	
28-44	5578-5586	frequent	Quality[56]	_	_	
28-45	5587-5595	personal	Quality	_	_	
28-46	5596-5600	odor	Smell\_Word	*|*	28-45|28-43[56_0]	
28-47	5601-5603	in	_	_	_	
28-48	5604-5607	man	_	_	_	
28-49	5607-5608	.	_	_	_	

#Text=Musk is the odor which not only in the animals to
#Text=which it has given a name, but in many others, is a specifically
#Text=sexual odor, chiefly emitted during the sexual season.
29-1	5609-5613	Musk	Smell\_Source	_	_	
29-2	5614-5616	is	_	_	_	
29-3	5617-5620	the	_	_	_	
29-4	5621-5625	odor	Smell\_Word	*	29-1	
29-5	5626-5631	which	_	_	_	
29-6	5632-5635	not	_	_	_	
29-7	5636-5640	only	_	_	_	
29-8	5641-5643	in	_	_	_	
29-9	5644-5647	the	_	_	_	
29-10	5648-5655	animals	_	_	_	
29-11	5656-5658	to	_	_	_	
29-12	5659-5664	which	_	_	_	
29-13	5665-5667	it	_	_	_	
29-14	5668-5671	has	_	_	_	
29-15	5672-5677	given	_	_	_	
29-16	5678-5679	a	_	_	_	
29-17	5680-5684	name	_	_	_	
29-18	5684-5685	,	_	_	_	
29-19	5686-5689	but	_	_	_	
29-20	5690-5692	in	_	_	_	
29-21	5693-5697	many	_	_	_	
29-22	5698-5704	others	_	_	_	
29-23	5704-5705	,	_	_	_	
29-24	5706-5708	is	_	_	_	
29-25	5709-5710	a	_	_	_	
29-26	5711-5723	specifically	_	_	_	
29-27	5724-5730	sexual	Quality	_	_	
29-28	5731-5735	odor	Smell\_Word	*|*|*	29-27|29-32[58_0]|29-30[57_0]	
29-29	5735-5736	,	_	_	_	
29-30	5737-5744	chiefly	Circumstances[57]	_	_	
29-31	5745-5752	emitted	Circumstances[57]	_	_	
29-32	5753-5759	during	Circumstances[57]|Time[58]	_	_	
29-33	5760-5763	the	Circumstances[57]|Time[58]	_	_	
29-34	5764-5770	sexual	Circumstances[57]|Time[58]	_	_	
29-35	5771-5777	season	Circumstances[57]|Time[58]	_	_	
29-36	5777-5778	.	_	_	_	

#Text=The sexual odors, indeed, of most animals seem to be modifications of
#Text=musk.
30-1	5779-5782	The	_	_	_	
30-2	5783-5789	sexual	Quality	_	_	
30-3	5790-5795	odors	Smell\_Word	*|*	30-14[59_0]|30-2	
30-4	5795-5796	,	_	_	_	
30-5	5797-5803	indeed	_	_	_	
30-6	5803-5804	,	_	_	_	
30-7	5805-5807	of	_	_	_	
30-8	5808-5812	most	_	_	_	
30-9	5813-5820	animals	_	_	_	
30-10	5821-5825	seem	_	_	_	
30-11	5826-5828	to	_	_	_	
30-12	5829-5831	be	_	_	_	
30-13	5832-5845	modifications	_	_	_	
30-14	5846-5848	of	Smell\_Source[59]	_	_	
30-15	5849-5853	musk	Smell\_Source[59]	_	_	
30-16	5853-5854	.	_	_	_	

#Text=The Sphinx moth has a musky odor which is confined
#Text=to the male and is doubtless sexual.
31-1	5855-5858	The	Smell\_Source[60]	_	_	
31-2	5859-5865	Sphinx	Smell\_Source[60]	_	_	
31-3	5866-5870	moth	Smell\_Source[60]	_	_	
31-4	5871-5874	has	_	_	_	
31-5	5875-5876	a	_	_	_	
31-6	5877-5882	musky	Quality	_	_	
31-7	5883-5887	odor	Smell\_Word	*|*|*	31-6|31-1[60_0]|31-17	
31-8	5888-5893	which	_	_	_	
31-9	5894-5896	is	_	_	_	
31-10	5897-5905	confined	_	_	_	
31-11	5906-5908	to	_	_	_	
31-12	5909-5912	the	_	_	_	
31-13	5913-5917	male	_	_	_	
31-14	5918-5921	and	_	_	_	
31-15	5922-5924	is	_	_	_	
31-16	5925-5934	doubtless	_	_	_	
31-17	5935-5941	sexual	Quality	_	_	
31-18	5941-5942	.	_	_	_	

#Text=Some lizards have a musky
#Text=odor which is heightened at the sexual season; crocodiles during the pairing season emit from their submaxillary glands a
#Text=musky odor which pervades their haunts.
32-1	5943-5947	Some	Smell\_Source[61]	_	_	
32-2	5948-5955	lizards	Smell\_Source[61]	_	_	
32-3	5956-5960	have	_	_	_	
32-4	5961-5962	a	_	_	_	
32-5	5963-5968	musky	Quality	_	_	
32-6	5969-5973	odor	Smell\_Word	*|*|*	32-5|32-1[61_0]|32-9[62_0]	
32-7	5974-5979	which	_	_	_	
32-8	5980-5982	is	_	_	_	
32-9	5983-5993	heightened	Circumstances[62]	_	_	
32-10	5994-5996	at	Circumstances[62]	_	_	
32-11	5997-6000	the	Circumstances[62]	_	_	
32-12	6001-6007	sexual	Circumstances[62]	_	_	
32-13	6008-6014	season	Circumstances[62]	_	_	
32-14	6014-6015	;	_	_	_	
32-15	6016-6026	crocodiles	Smell\_Source	_	_	
32-16	6027-6033	during	Time[63]	_	_	
32-17	6034-6037	the	Time[63]	_	_	
32-18	6038-6045	pairing	Time[63]	_	_	
32-19	6046-6052	season	Time[63]	_	_	
32-20	6053-6057	emit	_	_	_	
32-21	6058-6062	from	_	_	_	
32-22	6063-6068	their	_	_	_	
32-23	6069-6081	submaxillary	_	_	_	
32-24	6082-6088	glands	_	_	_	
32-25	6089-6090	a	_	_	_	
32-26	6091-6096	musky	Quality	_	_	
32-27	6097-6101	odor	Smell\_Word	*|*|*|*	32-26|32-15|32-28[64_0]|32-16[63_0]	
32-28	6102-6107	which	Effect[64]	_	_	
32-29	6108-6116	pervades	Effect[64]	_	_	
32-30	6117-6122	their	Effect[64]	_	_	
32-31	6123-6129	haunts	Effect[64]	_	_	
32-32	6129-6130	.	_	_	_	

#Text=In the same way
#Text=elephants emit a musky odor from their facial glands during
#Text=the rutting season.
33-1	6131-6133	In	_	_	_	
33-2	6134-6137	the	_	_	_	
33-3	6138-6142	same	_	_	_	
33-4	6143-6146	way	_	_	_	
33-5	6147-6156	elephants	Smell\_Source	_	_	
33-6	6157-6161	emit	_	_	_	
33-7	6162-6163	a	_	_	_	
33-8	6164-6169	musky	Quality	_	_	
33-9	6170-6174	odor	Smell\_Word	*|*|*	33-8|33-5|33-14[65_0]	
33-10	6175-6179	from	_	_	_	
33-11	6180-6185	their	_	_	_	
33-12	6186-6192	facial	_	_	_	
33-13	6193-6199	glands	_	_	_	
33-14	6200-6206	during	Time[65]	_	_	
33-15	6207-6210	the	Time[65]	_	_	
33-16	6211-6218	rutting	Time[65]	_	_	
33-17	6219-6225	season	Time[65]	_	_	
33-18	6225-6226	.	_	_	_	

#Text=The odor of the musk-duck is chiefly confined to the breeding season. 1 The musky odor of the negress
#Text=is said to be heightened during sexual excitement.
34-1	6227-6230	The	_	_	_	
34-2	6231-6235	odor	Smell\_Word	*|*	34-3[66_0]|34-8[67_0]	
34-3	6236-6238	of	Smell\_Source[66]	_	_	
34-4	6239-6242	the	Smell\_Source[66]	_	_	
34-5	6243-6252	musk-duck	Smell\_Source[66]	_	_	
34-6	6253-6255	is	_	_	_	
34-7	6256-6263	chiefly	_	_	_	
34-8	6264-6272	confined	Circumstances[67]	_	_	
34-9	6273-6275	to	Circumstances[67]	_	_	
34-10	6276-6279	the	Circumstances[67]	_	_	
34-11	6280-6288	breeding	Circumstances[67]	_	_	
34-12	6289-6295	season	Circumstances[67]	_	_	
34-13	6295-6296	.	_	_	_	
34-14	6297-6298	1	_	_	_	
34-15	6299-6302	The	_	_	_	
34-16	6303-6308	musky	Quality	_	_	
34-17	6309-6313	odor	Smell\_Word	*|*|*	34-18[68_0]|34-16|34-25[69_0]	
34-18	6314-6316	of	Smell\_Source[68]	_	_	
34-19	6317-6320	the	Smell\_Source[68]	_	_	
34-20	6321-6328	negress	Smell\_Source[68]	_	_	
34-21	6329-6331	is	_	_	_	
34-22	6332-6336	said	_	_	_	
34-23	6337-6339	to	_	_	_	
34-24	6340-6342	be	_	_	_	
34-25	6343-6353	heightened	Circumstances[69]	_	_	
34-26	6354-6360	during	Circumstances[69]	_	_	
34-27	6361-6367	sexual	Circumstances[69]	_	_	
34-28	6368-6378	excitement	Circumstances[69]	_	_	
34-29	6378-6379	.	_	_	_	

#Text=The predominance of musk as a sexual odor is associated
#Text=with the fact that its actual nervous influence, apart from the
#Text=presence of sexual associations, is very considerable.
35-1	6382-6385	The	_	_	_	
35-2	6386-6398	predominance	_	_	_	
35-3	6399-6401	of	_	_	_	
35-4	6402-6406	musk	Smell\_Source	_	_	
35-5	6407-6409	as	_	_	_	
35-6	6410-6411	a	_	_	_	
35-7	6412-6418	sexual	Quality	_	_	
35-8	6419-6423	odor	Smell\_Word	*|*	35-7|35-4	
35-9	6424-6426	is	_	_	_	
35-10	6427-6437	associated	_	_	_	
35-11	6438-6442	with	_	_	_	
35-12	6443-6446	the	_	_	_	
35-13	6447-6451	fact	_	_	_	
35-14	6452-6456	that	_	_	_	
35-15	6457-6460	its	_	_	_	
35-16	6461-6467	actual	_	_	_	
35-17	6468-6475	nervous	_	_	_	
35-18	6476-6485	influence	_	_	_	
35-19	6485-6486	,	_	_	_	
35-20	6487-6492	apart	_	_	_	
35-21	6493-6497	from	_	_	_	
35-22	6498-6501	the	_	_	_	
35-23	6502-6510	presence	_	_	_	
35-24	6511-6513	of	_	_	_	
35-25	6514-6520	sexual	_	_	_	
35-26	6521-6533	associations	_	_	_	
35-27	6533-6534	,	_	_	_	
35-28	6535-6537	is	_	_	_	
35-29	6538-6542	very	_	_	_	
35-30	6543-6555	considerable	_	_	_	
35-31	6555-6556	.	_	_	_	

#Text=Fere
#Text=found it to be a powerful muscular stimulant.
36-1	6557-6561	Fere	_	_	_	
36-2	6562-6567	found	_	_	_	
36-3	6568-6570	it	_	_	_	
36-4	6571-6573	to	_	_	_	
36-5	6574-6576	be	_	_	_	
36-6	6577-6578	a	_	_	_	
36-7	6579-6587	powerful	_	_	_	
36-8	6588-6596	muscular	_	_	_	
36-9	6597-6606	stimulant	_	_	_	
36-10	6606-6607	.	_	_	_	

#Text=In former times
#Text=musk enjoyed a high reputation as a cardiac stimulant; it fell
#Text=into disuse, but in recent years its use in asthenic states has
#Text=been revived, and excellent results, it has been claimed, have
#Text=followed its administration in cases of collapse from Asiatic
#Text=cholera.
37-1	6608-6610	In	_	_	_	
37-2	6611-6617	former	_	_	_	
37-3	6618-6623	times	_	_	_	
37-4	6624-6628	musk	_	_	_	
37-5	6629-6636	enjoyed	_	_	_	
37-6	6637-6638	a	_	_	_	
37-7	6639-6643	high	_	_	_	
37-8	6644-6654	reputation	_	_	_	
37-9	6655-6657	as	_	_	_	
37-10	6658-6659	a	_	_	_	
37-11	6660-6667	cardiac	_	_	_	
37-12	6668-6677	stimulant	_	_	_	
37-13	6677-6678	;	_	_	_	
37-14	6679-6681	it	_	_	_	
37-15	6682-6686	fell	_	_	_	
37-16	6687-6691	into	_	_	_	
37-17	6692-6698	disuse	_	_	_	
37-18	6698-6699	,	_	_	_	
37-19	6700-6703	but	_	_	_	
37-20	6704-6706	in	_	_	_	
37-21	6707-6713	recent	_	_	_	
37-22	6714-6719	years	_	_	_	
37-23	6720-6723	its	_	_	_	
37-24	6724-6727	use	_	_	_	
37-25	6728-6730	in	_	_	_	
37-26	6731-6739	asthenic	_	_	_	
37-27	6740-6746	states	_	_	_	
37-28	6747-6750	has	_	_	_	
37-29	6751-6755	been	_	_	_	
37-30	6756-6763	revived	_	_	_	
37-31	6763-6764	,	_	_	_	
37-32	6765-6768	and	_	_	_	
37-33	6769-6778	excellent	_	_	_	
37-34	6779-6786	results	_	_	_	
37-35	6786-6787	,	_	_	_	
37-36	6788-6790	it	_	_	_	
37-37	6791-6794	has	_	_	_	
37-38	6795-6799	been	_	_	_	
37-39	6800-6807	claimed	_	_	_	
37-40	6807-6808	,	_	_	_	
37-41	6809-6813	have	_	_	_	
37-42	6814-6822	followed	_	_	_	
37-43	6823-6826	its	_	_	_	
37-44	6827-6841	administration	_	_	_	
37-45	6842-6844	in	_	_	_	
37-46	6845-6850	cases	_	_	_	
37-47	6851-6853	of	_	_	_	
37-48	6854-6862	collapse	_	_	_	
37-49	6863-6867	from	_	_	_	
37-50	6868-6875	Asiatic	_	_	_	
37-51	6876-6883	cholera	_	_	_	
37-52	6883-6884	.	_	_	_	

#Text=For sexual torpor in women it still has (like vanilla
#Text=and sandal) a certain degree of reputation, though it is not
#Text=often used, and some of the old Arabian physicians (especially
#Text=Avicenna) recommended it, with castoreum and myrrh, for
#Text=amenorrhoea.
38-1	6885-6888	For	_	_	_	
38-2	6889-6895	sexual	_	_	_	
38-3	6896-6902	torpor	_	_	_	
38-4	6903-6905	in	_	_	_	
38-5	6906-6911	women	_	_	_	
38-6	6912-6914	it	_	_	_	
38-7	6915-6920	still	_	_	_	
38-8	6921-6924	has	_	_	_	
38-9	6925-6926	(	_	_	_	
38-10	6926-6930	like	_	_	_	
38-11	6931-6938	vanilla	_	_	_	
38-12	6939-6942	and	_	_	_	
38-13	6943-6949	sandal	_	_	_	
38-14	6949-6950	)	_	_	_	
38-15	6951-6952	a	_	_	_	
38-16	6953-6960	certain	_	_	_	
38-17	6961-6967	degree	_	_	_	
38-18	6968-6970	of	_	_	_	
38-19	6971-6981	reputation	_	_	_	
38-20	6981-6982	,	_	_	_	
38-21	6983-6989	though	_	_	_	
38-22	6990-6992	it	_	_	_	
38-23	6993-6995	is	_	_	_	
38-24	6996-6999	not	_	_	_	
38-25	7000-7005	often	_	_	_	
38-26	7006-7010	used	_	_	_	
38-27	7010-7011	,	_	_	_	
38-28	7012-7015	and	_	_	_	
38-29	7016-7020	some	_	_	_	
38-30	7021-7023	of	_	_	_	
38-31	7024-7027	the	_	_	_	
38-32	7028-7031	old	_	_	_	
38-33	7032-7039	Arabian	_	_	_	
38-34	7040-7050	physicians	_	_	_	
38-35	7051-7052	(	_	_	_	
38-36	7052-7062	especially	_	_	_	
38-37	7063-7071	Avicenna	_	_	_	
38-38	7071-7072	)	_	_	_	
38-39	7073-7084	recommended	_	_	_	
38-40	7085-7087	it	_	_	_	
38-41	7087-7088	,	_	_	_	
38-42	7089-7093	with	_	_	_	
38-43	7094-7103	castoreum	_	_	_	
38-44	7104-7107	and	_	_	_	
38-45	7108-7113	myrrh	_	_	_	
38-46	7113-7114	,	_	_	_	
38-47	7115-7118	for	_	_	_	
38-48	7119-7130	amenorrhoea	_	_	_	
38-49	7130-7131	.	_	_	_	

#Text=Its powerful action is indicated by the experience of Esquirol, who stated that he had seen cases in which
#Text=sensory stimulation by musk in women during lactation had
#Text=produced mania.
39-1	7132-7135	Its	_	_	_	
39-2	7136-7144	powerful	_	_	_	
39-3	7145-7151	action	_	_	_	
39-4	7152-7154	is	_	_	_	
39-5	7155-7164	indicated	_	_	_	
39-6	7165-7167	by	_	_	_	
39-7	7168-7171	the	_	_	_	
39-8	7172-7182	experience	_	_	_	
39-9	7183-7185	of	_	_	_	
39-10	7186-7194	Esquirol	_	_	_	
39-11	7194-7195	,	_	_	_	
39-12	7196-7199	who	_	_	_	
39-13	7200-7206	stated	_	_	_	
39-14	7207-7211	that	_	_	_	
39-15	7212-7214	he	_	_	_	
39-16	7215-7218	had	_	_	_	
39-17	7219-7223	seen	_	_	_	
39-18	7224-7229	cases	_	_	_	
39-19	7230-7232	in	_	_	_	
39-20	7233-7238	which	_	_	_	
39-21	7239-7246	sensory	_	_	_	
39-22	7247-7258	stimulation	_	_	_	
39-23	7259-7261	by	_	_	_	
39-24	7262-7266	musk	_	_	_	
39-25	7267-7269	in	_	_	_	
39-26	7270-7275	women	_	_	_	
39-27	7276-7282	during	_	_	_	
39-28	7283-7292	lactation	_	_	_	
39-29	7293-7296	had	_	_	_	
39-30	7297-7305	produced	_	_	_	
39-31	7306-7311	mania	_	_	_	
39-32	7311-7312	.	_	_	_	

#Text=It has always had the reputation, more especially in the Mohammedan East, of being a sexual stimulant
#Text=to men ; "the noblest of perfumes/ '  it is called in El Ktab, "and
#Text=that which most provokes to venery."
40-1	7313-7315	It	_	_	_	
40-2	7316-7319	has	_	_	_	
40-3	7320-7326	always	_	_	_	
40-4	7327-7330	had	_	_	_	
40-5	7331-7334	the	_	_	_	
40-6	7335-7345	reputation	_	_	_	
40-7	7345-7346	,	_	_	_	
40-8	7347-7351	more	_	_	_	
40-9	7352-7362	especially	_	_	_	
40-10	7363-7365	in	_	_	_	
40-11	7366-7369	the	_	_	_	
40-12	7370-7380	Mohammedan	_	_	_	
40-13	7381-7385	East	_	_	_	
40-14	7385-7386	,	_	_	_	
40-15	7387-7389	of	_	_	_	
40-16	7390-7395	being	_	_	_	
40-17	7396-7397	a	_	_	_	
40-18	7398-7404	sexual	_	_	_	
40-19	7405-7414	stimulant	_	_	_	
40-20	7415-7417	to	_	_	_	
40-21	7418-7421	men	_	_	_	
40-22	7422-7423	;	_	_	_	
40-23	7424-7425	"	_	_	_	
40-24	7425-7428	the	_	_	_	
40-25	7429-7436	noblest	_	_	_	
40-26	7437-7439	of	_	_	_	
40-27	7440-7448	perfumes	_	_	_	
40-28	7448-7449	/	_	_	_	
40-29	7450-7451	'	_	_	_	
40-30	7453-7455	it	_	_	_	
40-31	7456-7458	is	_	_	_	
40-32	7459-7465	called	_	_	_	
40-33	7466-7468	in	_	_	_	
40-34	7469-7471	El	_	_	_	
40-35	7472-7476	Ktab	_	_	_	
40-36	7476-7477	,	_	_	_	
40-37	7478-7479	"	_	_	_	
40-38	7479-7482	and	_	_	_	
40-39	7483-7487	that	_	_	_	
40-40	7488-7493	which	_	_	_	
40-41	7494-7498	most	_	_	_	
40-42	7499-7507	provokes	_	_	_	
40-43	7508-7510	to	_	_	_	
40-44	7511-7517	venery	_	_	_	
40-45	7517-7518	.	_	_	_	
40-46	7518-7519	"	_	_	_	

#Text=Not only is musk the most cherished perfume of the
#Text=Islamic world, and the special favorite of the Prophet himself,
#Text=who greatly delighted in perfumes ("I love your world," he is
#Text=reported to have said in old age, "for its women and its perfumes"), 1 it is the only perfume generally used by the women of
#Text=a land in which the refinements of life have been carried so
#Text=far as Japan, and they received it from the Chinese. 2
#Text=
#Text=Moreover, musk is still the most popular of European
#Text=perfumes.
41-1	7524-7527	Not	_	_	_	
41-2	7528-7532	only	_	_	_	
41-3	7533-7535	is	_	_	_	
41-4	7536-7540	musk	Smell\_Source	_	_	
41-5	7541-7544	the	Quality[70]	_	_	
41-6	7545-7549	most	Quality[70]	_	_	
41-7	7550-7559	cherished	Quality[70]	_	_	
41-8	7560-7567	perfume	Smell\_Word	*|*	41-5[70_0]|41-9[71_0]	
41-9	7568-7570	of	Location[71]	_	_	
41-10	7571-7574	the	Location[71]	_	_	
41-11	7575-7582	Islamic	Location[71]	_	_	
41-12	7583-7588	world	Location[71]	_	_	
41-13	7588-7589	,	_	_	_	
41-14	7590-7593	and	_	_	_	
41-15	7594-7597	the	_	_	_	
41-16	7598-7605	special	_	_	_	
41-17	7606-7614	favorite	_	_	_	
41-18	7615-7617	of	_	_	_	
41-19	7618-7621	the	Perceiver[72]	_	_	
41-20	7622-7629	Prophet	Perceiver[72]	_	_	
41-21	7630-7637	himself	_	_	_	
41-22	7637-7638	,	_	_	_	
41-23	7639-7642	who	_	_	_	
41-24	7643-7650	greatly	_	_	_	
41-25	7651-7660	delighted	_	_	_	
41-26	7661-7663	in	_	_	_	
41-27	7664-7672	perfumes	Smell\_Word	*	41-19[72_0]	
41-28	7673-7674	(	_	_	_	
41-29	7674-7675	"	_	_	_	
41-30	7675-7676	I	Perceiver	Anaphoric	41-19[72_0]	
41-31	7677-7681	love	_	_	_	
41-32	7682-7686	your	Location[73]	_	_	
41-33	7687-7692	world	Location[73]	_	_	
41-34	7692-7693	,	_	_	_	
41-35	7693-7694	"	_	_	_	
41-36	7695-7697	he	_	_	_	
41-37	7698-7700	is	_	_	_	
41-38	7701-7709	reported	_	_	_	
41-39	7710-7712	to	_	_	_	
41-40	7713-7717	have	_	_	_	
41-41	7718-7722	said	_	_	_	
41-42	7723-7725	in	_	_	_	
41-43	7726-7729	old	_	_	_	
41-44	7730-7733	age	_	_	_	
41-45	7733-7734	,	_	_	_	
41-46	7735-7736	"	_	_	_	
41-47	7736-7739	for	_	_	_	
41-48	7740-7743	its	_	_	_	
41-49	7744-7749	women	_	_	_	
41-50	7750-7753	and	_	_	_	
41-51	7754-7757	its	Location	Anaphoric	41-32[73_0]	
41-52	7758-7766	perfumes	Smell\_Word	*|*	41-51|41-30	
41-53	7766-7767	"	_	_	_	
41-54	7767-7768	)	_	_	_	
41-55	7768-7769	,	_	_	_	
41-56	7770-7771	1	_	_	_	
41-57	7772-7774	it	Smell\_Source	Anaphoric	41-4	
41-58	7775-7777	is	_	_	_	
41-59	7778-7781	the	Quality[74]	_	_	
41-60	7782-7786	only	Quality[74]	_	_	
41-61	7787-7794	perfume	Smell\_Word	*|*	41-59[74_0]|41-57	
41-62	7795-7804	generally	_	_	_	
41-63	7805-7809	used	_	_	_	
41-64	7810-7812	by	_	_	_	
41-65	7813-7816	the	_	_	_	
41-66	7817-7822	women	_	_	_	
41-67	7823-7825	of	_	_	_	
41-68	7826-7827	a	_	_	_	
41-69	7828-7832	land	_	_	_	
41-70	7833-7835	in	_	_	_	
41-71	7836-7841	which	_	_	_	
41-72	7842-7845	the	_	_	_	
41-73	7846-7857	refinements	_	_	_	
41-74	7858-7860	of	_	_	_	
41-75	7861-7865	life	_	_	_	
41-76	7866-7870	have	_	_	_	
41-77	7871-7875	been	_	_	_	
41-78	7876-7883	carried	_	_	_	
41-79	7884-7886	so	_	_	_	
41-80	7887-7890	far	_	_	_	
41-81	7891-7893	as	_	_	_	
41-82	7894-7899	Japan	_	_	_	
41-83	7899-7900	,	_	_	_	
41-84	7901-7904	and	_	_	_	
41-85	7905-7909	they	_	_	_	
41-86	7910-7918	received	_	_	_	
41-87	7919-7921	it	_	_	_	
41-88	7922-7926	from	_	_	_	
41-89	7927-7930	the	_	_	_	
41-90	7931-7938	Chinese	_	_	_	
41-91	7938-7939	.	_	_	_	
41-92	7940-7941	2	_	_	_	
41-93	7943-7951	Moreover	_	_	_	
41-94	7951-7952	,	_	_	_	
41-95	7953-7957	musk	Smell\_Source	_	_	
41-96	7958-7960	is	_	_	_	
41-97	7961-7966	still	_	_	_	
41-98	7967-7970	the	Quality[75]	_	_	
41-99	7971-7975	most	Quality[75]	_	_	
41-100	7976-7983	popular	Quality[75]	_	_	
41-101	7984-7986	of	_	_	_	
41-102	7987-7995	European	Quality	_	_	
41-103	7996-8004	perfumes	Smell\_Word	*|*|*	41-102|41-98[75_0]|41-95	
41-104	8004-8005	.	_	_	_	

#Text=It is the perfumes containing musk, Piesse states in
#Text=his well-known book on the Art of Perfumery, which sell best.
42-1	8006-8008	It	_	_	_	
42-2	8009-8011	is	_	_	_	
42-3	8012-8015	the	_	_	_	
42-4	8016-8024	perfumes	Smell\_Word	*	42-6	
42-5	8025-8035	containing	_	_	_	
42-6	8036-8040	musk	Smell\_Source	_	_	
42-7	8040-8041	,	_	_	_	
42-8	8042-8048	Piesse	_	_	_	
42-9	8049-8055	states	_	_	_	
42-10	8056-8058	in	_	_	_	
42-11	8059-8062	his	_	_	_	
42-12	8063-8073	well-known	_	_	_	
42-13	8074-8078	book	_	_	_	
42-14	8079-8081	on	_	_	_	
42-15	8082-8085	the	_	_	_	
42-16	8086-8089	Art	_	_	_	
42-17	8090-8092	of	_	_	_	
42-18	8093-8102	Perfumery	_	_	_	
42-19	8102-8103	,	_	_	_	
42-20	8104-8109	which	_	_	_	
42-21	8110-8114	sell	_	_	_	
42-22	8115-8119	best	_	_	_	
42-23	8119-8120	.	_	_	_	

#Text=It is certainly true that in its simple form the odor of musk
#Text=is not nowadays highly considered in Europe.
43-1	8121-8123	It	_	_	_	
43-2	8124-8126	is	_	_	_	
43-3	8127-8136	certainly	_	_	_	
43-4	8137-8141	true	_	_	_	
43-5	8142-8146	that	_	_	_	
43-6	8147-8149	in	_	_	_	
43-7	8150-8153	its	_	_	_	
43-8	8154-8160	simple	_	_	_	
43-9	8161-8165	form	_	_	_	
43-10	8166-8169	the	_	_	_	
43-11	8170-8174	odor	Smell\_Word	*|*|*	43-12[76_0]|43-16|43-19[77_0]	
43-12	8175-8177	of	Smell\_Source[76]	_	_	
43-13	8178-8182	musk	Smell\_Source[76]	_	_	
43-14	8183-8185	is	_	_	_	
43-15	8186-8189	not	_	_	_	
43-16	8190-8198	nowadays	Time	_	_	
43-17	8199-8205	highly	_	_	_	
43-18	8206-8216	considered	_	_	_	
43-19	8217-8219	in	Location[77]	_	_	
43-20	8220-8226	Europe	Location[77]	_	_	
43-21	8226-8227	.	_	_	_	

#Text=This fact is
#Text=connected with the ever-growing refinement in accordance with
#Text=which the specific odors of the sexual regions in human beings
#Text=tend to lose their primitive attractiveness and bodily odors generally become mingled with artificial perfumes and so disguised.
44-1	8228-8232	This	_	_	_	
44-2	8233-8237	fact	_	_	_	
44-3	8238-8240	is	_	_	_	
44-4	8241-8250	connected	_	_	_	
44-5	8251-8255	with	_	_	_	
44-6	8256-8259	the	_	_	_	
44-7	8260-8272	ever-growing	_	_	_	
44-8	8273-8283	refinement	_	_	_	
44-9	8284-8286	in	_	_	_	
44-10	8287-8297	accordance	_	_	_	
44-11	8298-8302	with	_	_	_	
44-12	8303-8308	which	_	_	_	
44-13	8309-8312	the	_	_	_	
44-14	8313-8321	specific	Quality	_	_	
44-15	8322-8327	odors	Smell\_Word	*|*	44-14|44-16[78_0]	
44-16	8328-8330	of	Smell\_Source[78]	_	_	
44-17	8331-8334	the	Smell\_Source[78]	_	_	
44-18	8335-8341	sexual	Smell\_Source[78]	_	_	
44-19	8342-8349	regions	Smell\_Source[78]	_	_	
44-20	8350-8352	in	Smell\_Source[78]	_	_	
44-21	8353-8358	human	Smell\_Source[78]	_	_	
44-22	8359-8365	beings	Smell\_Source[78]	_	_	
44-23	8366-8370	tend	_	_	_	
44-24	8371-8373	to	_	_	_	
44-25	8374-8378	lose	_	_	_	
44-26	8379-8384	their	_	_	_	
44-27	8385-8394	primitive	_	_	_	
44-28	8395-8409	attractiveness	_	_	_	
44-29	8410-8413	and	_	_	_	
44-30	8414-8420	bodily	Quality	_	_	
44-31	8421-8426	odors	Smell\_Word	*	44-30	
44-32	8427-8436	generally	_	_	_	
44-33	8437-8443	become	_	_	_	
44-34	8444-8451	mingled	_	_	_	
44-35	8452-8456	with	_	_	_	
44-36	8457-8467	artificial	Quality	_	_	
44-37	8468-8476	perfumes	Smell\_Word	*	44-36	
44-38	8477-8480	and	_	_	_	
44-39	8481-8483	so	_	_	_	
44-40	8484-8493	disguised	_	_	_	
44-41	8493-8494	.	_	_	_	

#Text=But, although musk in its simple form, and under its ancient
#Text=name, has lost its hold in Europe, it is an interesting and significant fact that it is still the perfumes which contains musk
#Text=that are the most widely popular.
45-1	8495-8498	But	_	_	_	
45-2	8498-8499	,	_	_	_	
45-3	8500-8508	although	_	_	_	
45-4	8509-8513	musk	_	_	_	
45-5	8514-8516	in	_	_	_	
45-6	8517-8520	its	_	_	_	
45-7	8521-8527	simple	_	_	_	
45-8	8528-8532	form	_	_	_	
45-9	8532-8533	,	_	_	_	
45-10	8534-8537	and	_	_	_	
45-11	8538-8543	under	_	_	_	
45-12	8544-8547	its	_	_	_	
45-13	8548-8555	ancient	_	_	_	
45-14	8556-8560	name	_	_	_	
45-15	8560-8561	,	_	_	_	
45-16	8562-8565	has	_	_	_	
45-17	8566-8570	lost	_	_	_	
45-18	8571-8574	its	_	_	_	
45-19	8575-8579	hold	_	_	_	
45-20	8580-8582	in	_	_	_	
45-21	8583-8589	Europe	_	_	_	
45-22	8589-8590	,	_	_	_	
45-23	8591-8593	it	_	_	_	
45-24	8594-8596	is	_	_	_	
45-25	8597-8599	an	_	_	_	
45-26	8600-8611	interesting	_	_	_	
45-27	8612-8615	and	_	_	_	
45-28	8616-8627	significant	_	_	_	
45-29	8628-8632	fact	_	_	_	
45-30	8633-8637	that	_	_	_	
45-31	8638-8640	it	_	_	_	
45-32	8641-8643	is	_	_	_	
45-33	8644-8649	still	_	_	_	
45-34	8650-8653	the	_	_	_	
45-35	8654-8662	perfumes	Smell\_Word	*|*	45-38|45-41[79_0]	
45-36	8663-8668	which	_	_	_	
45-37	8669-8677	contains	_	_	_	
45-38	8678-8682	musk	Smell\_Source	_	_	
45-39	8683-8687	that	_	_	_	
45-40	8688-8691	are	_	_	_	
45-41	8692-8695	the	Quality[79]	_	_	
45-42	8696-8700	most	Quality[79]	_	_	
45-43	8701-8707	widely	Quality[79]	_	_	
45-44	8708-8715	popular	Quality[79]	_	_	
45-45	8715-8716	.	_	_	_	

#Text=Peau d ' Espagne may be mentioned as a highly complex and
#Text=luxurious perfume, often the favorite scent of sensuous persons, which really owes a large part of its potency to the presence of the crude animal sexual odors of musk and civet.
46-1	8718-8722	Peau	Smell\_Source[80]	_	_	
46-2	8723-8724	d	Smell\_Source[80]	_	_	
46-3	8725-8726	'	Smell\_Source[80]	_	_	
46-4	8727-8734	Espagne	Smell\_Source[80]	_	_	
46-5	8735-8738	may	_	_	_	
46-6	8739-8741	be	_	_	_	
46-7	8742-8751	mentioned	_	_	_	
46-8	8752-8754	as	_	_	_	
46-9	8755-8756	a	_	_	_	
46-10	8757-8763	highly	Quality[81]	_	_	
46-11	8764-8771	complex	Quality[81]	_	_	
46-12	8772-8775	and	_	_	_	
46-13	8776-8785	luxurious	Quality	_	_	
46-14	8786-8793	perfume	Smell\_Word	*|*|*	46-13|46-10[81_0]|46-1[80_0]	
46-15	8793-8794	,	_	_	_	
46-16	8795-8800	often	_	_	_	
46-17	8801-8804	the	Quality[82]	_	_	
46-18	8805-8813	favorite	Quality[82]	_	_	
46-19	8814-8819	scent	Smell\_Word	*	46-17[82_0]	
46-20	8820-8822	of	_	_	_	
46-21	8823-8831	sensuous	_	_	_	
46-22	8832-8839	persons	_	_	_	
46-23	8839-8840	,	_	_	_	
46-24	8841-8846	which	_	_	_	
46-25	8847-8853	really	_	_	_	
46-26	8854-8858	owes	_	_	_	
46-27	8859-8860	a	_	_	_	
46-28	8861-8866	large	_	_	_	
46-29	8867-8871	part	_	_	_	
46-30	8872-8874	of	_	_	_	
46-31	8875-8878	its	_	_	_	
46-32	8879-8886	potency	_	_	_	
46-33	8887-8889	to	_	_	_	
46-34	8890-8893	the	_	_	_	
46-35	8894-8902	presence	_	_	_	
46-36	8903-8905	of	_	_	_	
46-37	8906-8909	the	_	_	_	
46-38	8910-8915	crude	_	_	_	
46-39	8916-8922	animal	Quality	_	_	
46-40	8923-8929	sexual	Quality	_	_	
46-41	8930-8935	odors	Smell\_Word	*|*|*|*	46-45|46-42[83_0]|46-40|46-39	
46-42	8936-8938	of	Smell\_Source[83]	_	_	
46-43	8939-8943	musk	Smell\_Source[83]	_	_	
46-44	8944-8947	and	_	_	_	
46-45	8948-8953	civet	Smell\_Source	_	_	
46-46	8953-8954	.	_	_	_	

#Text=It
#Text=consists of wash-leather steeped in ottos of neroli, rose, santal,
#Text=lavender, verbena, bergamot, cloves, and cinnamon, subsequently smeared with civet and musk.
47-1	8955-8957	It	Smell\_Word	*|*	46-19|47-3[84_0]	
47-2	8958-8966	consists	_	_	_	
47-3	8967-8969	of	Smell\_Source[84]	_	_	
47-4	8970-8982	wash-leather	Smell\_Source[84]	_	_	
47-5	8983-8990	steeped	_	_	_	
47-6	8991-8993	in	_	_	_	
47-7	8994-8999	ottos	Smell\_Word	*|*|*|*|*|*|*|*	47-8[85_0]|47-24|47-11|47-13|47-15|47-17|47-19|47-21	
47-8	9000-9002	of	Smell\_Source[85]	_	_	
47-9	9003-9009	neroli	Smell\_Source[85]	_	_	
47-10	9009-9010	,	_	_	_	
47-11	9011-9015	rose	Smell\_Source	_	_	
47-12	9015-9016	,	_	_	_	
47-13	9017-9023	santal	Smell\_Source	_	_	
47-14	9023-9024	,	_	_	_	
47-15	9025-9033	lavender	Smell\_Source	_	_	
47-16	9033-9034	,	_	_	_	
47-17	9035-9042	verbena	Smell\_Source	_	_	
47-18	9042-9043	,	_	_	_	
47-19	9044-9052	bergamot	Smell\_Source	_	_	
47-20	9052-9053	,	_	_	_	
47-21	9054-9060	cloves	Smell\_Source	_	_	
47-22	9060-9061	,	_	_	_	
47-23	9062-9065	and	_	_	_	
47-24	9066-9074	cinnamon	Smell\_Source	_	_	
47-25	9074-9075	,	_	_	_	
47-26	9076-9088	subsequently	_	_	_	
47-27	9089-9096	smeared	_	_	_	
47-28	9097-9101	with	_	_	_	
47-29	9102-9107	civet	_	_	_	
47-30	9108-9111	and	_	_	_	
47-31	9112-9116	musk	_	_	_	
47-32	9116-9117	.	_	_	_	

#Text=It is said by some, probably with a certain degree of truth, that Peau d ' Espagne is of
#Text=
#Text=all perfumes that which most nearly approaches the odor of a
#Text=woman ' s skin; whether it also suggests the odor of leather is
#Text=not so clear.
48-1	9118-9120	It	_	_	_	
48-2	9121-9123	is	_	_	_	
48-3	9124-9128	said	_	_	_	
48-4	9129-9131	by	_	_	_	
48-5	9132-9136	some	_	_	_	
48-6	9136-9137	,	_	_	_	
48-7	9138-9146	probably	_	_	_	
48-8	9147-9151	with	_	_	_	
48-9	9152-9153	a	_	_	_	
48-10	9154-9161	certain	_	_	_	
48-11	9162-9168	degree	_	_	_	
48-12	9169-9171	of	_	_	_	
48-13	9172-9177	truth	_	_	_	
48-14	9177-9178	,	_	_	_	
48-15	9179-9183	that	_	_	_	
48-16	9184-9188	Peau	Smell\_Source[86]	_	_	
48-17	9189-9190	d	Smell\_Source[86]	_	_	
48-18	9191-9192	'	Smell\_Source[86]	_	_	
48-19	9193-9200	Espagne	Smell\_Source[86]	_	_	
48-20	9201-9203	is	_	_	_	
48-21	9204-9206	of	_	_	_	
48-22	9208-9211	all	_	_	_	
48-23	9212-9220	perfumes	Smell\_Word	*	48-16[86_0]	
48-24	9221-9225	that	_	_	_	
48-25	9226-9231	which	_	_	_	
48-26	9232-9236	most	_	_	_	
48-27	9237-9243	nearly	_	_	_	
48-28	9244-9254	approaches	_	_	_	
48-29	9255-9258	the	_	_	_	
48-30	9259-9263	odor	Smell\_Word	*	48-31[87_0]	
48-31	9264-9266	of	Smell\_Source[87]	_	_	
48-32	9267-9268	a	Smell\_Source[87]	_	_	
48-33	9269-9274	woman	Smell\_Source[87]	_	_	
48-34	9275-9276	'	Smell\_Source[87]	_	_	
48-35	9277-9278	s	Smell\_Source[87]	_	_	
48-36	9279-9283	skin	Smell\_Source[87]	_	_	
48-37	9283-9284	;	_	_	_	
48-38	9285-9292	whether	_	_	_	
48-39	9293-9295	it	_	_	_	
48-40	9296-9300	also	_	_	_	
48-41	9301-9309	suggests	_	_	_	
48-42	9310-9313	the	_	_	_	
48-43	9314-9318	odor	Smell\_Word	*	48-44[88_0]	
48-44	9319-9321	of	Smell\_Source[88]	_	_	
48-45	9322-9329	leather	Smell\_Source[88]	_	_	
48-46	9330-9332	is	_	_	_	
48-47	9333-9336	not	_	_	_	
48-48	9337-9339	so	_	_	_	
48-49	9340-9345	clear	_	_	_	
48-50	9345-9346	.	_	_	_	

#Text=There is, however, no doubt that the smell of leather has
#Text=a curiously stimulating sexual influence on many men and
#Text=women.
49-1	9348-9353	There	_	_	_	
49-2	9354-9356	is	_	_	_	
49-3	9356-9357	,	_	_	_	
49-4	9358-9365	however	_	_	_	
49-5	9365-9366	,	_	_	_	
49-6	9367-9369	no	_	_	_	
49-7	9370-9375	doubt	_	_	_	
49-8	9376-9380	that	_	_	_	
49-9	9381-9384	the	_	_	_	
49-10	9385-9390	smell	Smell\_Word	*|*	49-11[89_0]|49-13[90_0]	
49-11	9391-9393	of	Smell\_Source[89]	_	_	
49-12	9394-9401	leather	Smell\_Source[89]	_	_	
49-13	9402-9405	has	Effect[90]	_	_	
49-14	9406-9407	a	Effect[90]	_	_	
49-15	9408-9417	curiously	Effect[90]	_	_	
49-16	9418-9429	stimulating	Effect[90]	_	_	
49-17	9430-9436	sexual	Effect[90]	_	_	
49-18	9437-9446	influence	Effect[90]	_	_	
49-19	9447-9449	on	Effect[90]	_	_	
49-20	9450-9454	many	Effect[90]	_	_	
49-21	9455-9458	men	Effect[90]	_	_	
49-22	9459-9462	and	Effect[90]	_	_	
49-23	9463-9468	women	Effect[90]	_	_	
49-24	9468-9469	.	_	_	_	

#Text=It is an odor which seems to occupy an intermediate
#Text=place between the natural body odors and the artificial perfumes for which it sometimes serves as a basis; possibly it is
#Text=to this fact that its occasional sexual influence is owing, for, as
#Text=Ave have already seen, there is a tendency for sexual allurement
#Text=to attach to odors which are not the specific personal body odors
#Text=but yet are related to them.
50-1	9470-9472	It	Smell\_Source	Anaphoric	49-11[89_0]	
50-2	9473-9475	is	_	_	_	
50-3	9476-9478	an	_	_	_	
50-4	9479-9483	odor	Smell\_Word	*	50-1	
50-5	9484-9489	which	_	_	_	
50-6	9490-9495	seems	_	_	_	
50-7	9496-9498	to	_	_	_	
50-8	9499-9505	occupy	_	_	_	
50-9	9506-9508	an	_	_	_	
50-10	9509-9521	intermediate	_	_	_	
50-11	9522-9527	place	_	_	_	
50-12	9528-9535	between	_	_	_	
50-13	9536-9539	the	_	_	_	
50-14	9540-9547	natural	Quality	_	_	
50-15	9548-9552	body	Quality	_	_	
50-16	9553-9558	odors	Smell\_Word	*|*	50-14|50-15	
50-17	9559-9562	and	_	_	_	
50-18	9563-9566	the	_	_	_	
50-19	9567-9577	artificial	Quality	_	_	
50-20	9578-9586	perfumes	Smell\_Word	*	50-19	
50-21	9587-9590	for	_	_	_	
50-22	9591-9596	which	_	_	_	
50-23	9597-9599	it	_	_	_	
50-24	9600-9609	sometimes	_	_	_	
50-25	9610-9616	serves	_	_	_	
50-26	9617-9619	as	_	_	_	
50-27	9620-9621	a	_	_	_	
50-28	9622-9627	basis	_	_	_	
50-29	9627-9628	;	_	_	_	
50-30	9629-9637	possibly	_	_	_	
50-31	9638-9640	it	_	_	_	
50-32	9641-9643	is	_	_	_	
50-33	9644-9646	to	_	_	_	
50-34	9647-9651	this	_	_	_	
50-35	9652-9656	fact	_	_	_	
50-36	9657-9661	that	_	_	_	
50-37	9662-9665	its	_	_	_	
50-38	9666-9676	occasional	_	_	_	
50-39	9677-9683	sexual	_	_	_	
50-40	9684-9693	influence	_	_	_	
50-41	9694-9696	is	_	_	_	
50-42	9697-9702	owing	_	_	_	
50-43	9702-9703	,	_	_	_	
50-44	9704-9707	for	_	_	_	
50-45	9707-9708	,	_	_	_	
50-46	9709-9711	as	_	_	_	
50-47	9712-9715	Ave	_	_	_	
50-48	9716-9720	have	_	_	_	
50-49	9721-9728	already	_	_	_	
50-50	9729-9733	seen	_	_	_	
50-51	9733-9734	,	_	_	_	
50-52	9735-9740	there	_	_	_	
50-53	9741-9743	is	_	_	_	
50-54	9744-9745	a	_	_	_	
50-55	9746-9754	tendency	_	_	_	
50-56	9755-9758	for	_	_	_	
50-57	9759-9765	sexual	_	_	_	
50-58	9766-9776	allurement	_	_	_	
50-59	9777-9779	to	_	_	_	
50-60	9780-9786	attach	_	_	_	
50-61	9787-9789	to	_	_	_	
50-62	9790-9795	odors	Smell\_Word	_	_	
50-63	9796-9801	which	_	_	_	
50-64	9802-9805	are	_	_	_	
50-65	9806-9809	not	_	_	_	
50-66	9810-9813	the	_	_	_	
50-67	9814-9822	specific	Quality	_	_	
50-68	9823-9831	personal	Quality	_	_	
50-69	9832-9836	body	Quality	_	_	
50-70	9837-9842	odors	Smell\_Word	*|*|*	50-67|50-68|50-69	
50-71	9843-9846	but	_	_	_	
50-72	9847-9850	yet	_	_	_	
50-73	9851-9854	are	_	_	_	
50-74	9855-9862	related	_	_	_	
50-75	9863-9865	to	_	_	_	
50-76	9866-9870	them	_	_	_	
50-77	9870-9871	.	_	_	_	

#Text=Moll considers, no doubt rightly,
#Text=that shoe fetichism, perhaps the most frequent of sexual fetichistic perversions, is greatly favored, if, indeed, it does not owe
#Text=its origin to, the associated odor of the feet and of the shoes.
51-1	9872-9876	Moll	_	_	_	
51-2	9877-9886	considers	_	_	_	
51-3	9886-9887	,	_	_	_	
51-4	9888-9890	no	_	_	_	
51-5	9891-9896	doubt	_	_	_	
51-6	9897-9904	rightly	_	_	_	
51-7	9904-9905	,	_	_	_	
51-8	9906-9910	that	_	_	_	
51-9	9911-9915	shoe	_	_	_	
51-10	9916-9925	fetichism	_	_	_	
51-11	9925-9926	,	_	_	_	
51-12	9927-9934	perhaps	_	_	_	
51-13	9935-9938	the	_	_	_	
51-14	9939-9943	most	_	_	_	
51-15	9944-9952	frequent	_	_	_	
51-16	9953-9955	of	_	_	_	
51-17	9956-9962	sexual	_	_	_	
51-18	9963-9974	fetichistic	_	_	_	
51-19	9975-9986	perversions	_	_	_	
51-20	9986-9987	,	_	_	_	
51-21	9988-9990	is	_	_	_	
51-22	9991-9998	greatly	_	_	_	
51-23	9999-10006	favored	_	_	_	
51-24	10006-10007	,	_	_	_	
51-25	10008-10010	if	_	_	_	
51-26	10010-10011	,	_	_	_	
51-27	10012-10018	indeed	_	_	_	
51-28	10018-10019	,	_	_	_	
51-29	10020-10022	it	_	_	_	
51-30	10023-10027	does	_	_	_	
51-31	10028-10031	not	_	_	_	
51-32	10032-10035	owe	_	_	_	
51-33	10036-10039	its	_	_	_	
51-34	10040-10046	origin	_	_	_	
51-35	10047-10049	to	_	_	_	
51-36	10049-10050	,	_	_	_	
51-37	10051-10054	the	_	_	_	
51-38	10055-10065	associated	_	_	_	
51-39	10066-10070	odor	Smell\_Word	*|*	51-40[91_0]|51-44[92_0]	
51-40	10071-10073	of	Smell\_Source[91]	_	_	
51-41	10074-10077	the	Smell\_Source[91]	_	_	
51-42	10078-10082	feet	Smell\_Source[91]	_	_	
51-43	10083-10086	and	_	_	_	
51-44	10087-10089	of	Smell\_Source[92]	_	_	
51-45	10090-10093	the	Smell\_Source[92]	_	_	
51-46	10094-10099	shoes	Smell\_Source[92]	_	_	
51-47	10099-10100	.	_	_	_	

#Text=He narrates a case of shoe fetichism in a man in which the perversion began at the age of 6, when for the first time he wore
#Text=new shoes, having previously used only the left-off shoes of his
#Text=elder brother; he felt and smelt these new shoes with sensations of unmeasured pleasure; and a few years later began to
#Text=use shoes as a method of masturbation.
52-1	10102-10104	He	_	_	_	
52-2	10105-10113	narrates	_	_	_	
52-3	10114-10115	a	_	_	_	
52-4	10116-10120	case	_	_	_	
52-5	10121-10123	of	_	_	_	
52-6	10124-10128	shoe	_	_	_	
52-7	10129-10138	fetichism	_	_	_	
52-8	10139-10141	in	_	_	_	
52-9	10142-10143	a	Perceiver[93]	_	_	
52-10	10144-10147	man	Perceiver[93]	_	_	
52-11	10148-10150	in	_	_	_	
52-12	10151-10156	which	_	_	_	
52-13	10157-10160	the	_	_	_	
52-14	10161-10171	perversion	_	_	_	
52-15	10172-10177	began	_	_	_	
52-16	10178-10180	at	_	_	_	
52-17	10181-10184	the	_	_	_	
52-18	10185-10188	age	_	_	_	
52-19	10189-10191	of	_	_	_	
52-20	10192-10193	6	_	_	_	
52-21	10193-10194	,	_	_	_	
52-22	10195-10199	when	_	_	_	
52-23	10200-10203	for	_	_	_	
52-24	10204-10207	the	_	_	_	
52-25	10208-10213	first	_	_	_	
52-26	10214-10218	time	_	_	_	
52-27	10219-10221	he	_	_	_	
52-28	10222-10226	wore	_	_	_	
52-29	10227-10230	new	_	_	_	
52-30	10231-10236	shoes	_	_	_	
52-31	10236-10237	,	_	_	_	
52-32	10238-10244	having	_	_	_	
52-33	10245-10255	previously	_	_	_	
52-34	10256-10260	used	_	_	_	
52-35	10261-10265	only	_	_	_	
52-36	10266-10269	the	_	_	_	
52-37	10270-10278	left-off	_	_	_	
52-38	10279-10284	shoes	_	_	_	
52-39	10285-10287	of	_	_	_	
52-40	10288-10291	his	_	_	_	
52-41	10292-10297	elder	_	_	_	
52-42	10298-10305	brother	_	_	_	
52-43	10305-10306	;	_	_	_	
52-44	10307-10309	he	Perceiver	Anaphoric	52-9[93_0]	
52-45	10310-10314	felt	_	_	_	
52-46	10315-10318	and	_	_	_	
52-47	10319-10324	smelt	Smell\_Word	*|*|*	52-44|52-48[94_0]|52-51[95_0]	
52-48	10325-10330	these	Smell\_Source[94]	_	_	
52-49	10331-10334	new	Smell\_Source[94]	_	_	
52-50	10335-10340	shoes	Smell\_Source[94]	_	_	
52-51	10341-10345	with	Effect[95]	_	_	
52-52	10346-10356	sensations	Effect[95]	_	_	
52-53	10357-10359	of	Effect[95]	_	_	
52-54	10360-10370	unmeasured	Effect[95]	_	_	
52-55	10371-10379	pleasure	Effect[95]	_	_	
52-56	10379-10380	;	_	_	_	
52-57	10381-10384	and	_	_	_	
52-58	10385-10386	a	_	_	_	
52-59	10387-10390	few	_	_	_	
52-60	10391-10396	years	_	_	_	
52-61	10397-10402	later	_	_	_	
52-62	10403-10408	began	_	_	_	
52-63	10409-10411	to	_	_	_	
52-64	10412-10415	use	_	_	_	
52-65	10416-10421	shoes	_	_	_	
52-66	10422-10424	as	_	_	_	
52-67	10425-10426	a	_	_	_	
52-68	10427-10433	method	_	_	_	
52-69	10434-10436	of	_	_	_	
52-70	10437-10449	masturbation	_	_	_	
52-71	10449-10450	.	_	_	_	

#Text=ISTacke has also recorded the case of a shoe fetichist who declared that the sexual
#Text=attraction of shoes (usually his wife ' s) lay largely in the odor
#Text=of the leather.
53-1	10451-10458	ISTacke	_	_	_	
53-2	10459-10462	has	_	_	_	
53-3	10463-10467	also	_	_	_	
53-4	10468-10476	recorded	_	_	_	
53-5	10477-10480	the	_	_	_	
53-6	10481-10485	case	_	_	_	
53-7	10486-10488	of	_	_	_	
53-8	10489-10490	a	_	_	_	
53-9	10491-10495	shoe	Perceiver[96]	_	_	
53-10	10496-10505	fetichist	Perceiver[96]	_	_	
53-11	10506-10509	who	_	_	_	
53-12	10510-10518	declared	_	_	_	
53-13	10519-10523	that	_	_	_	
53-14	10524-10527	the	_	_	_	
53-15	10528-10534	sexual	_	_	_	
53-16	10535-10545	attraction	_	_	_	
53-17	10546-10548	of	_	_	_	
53-18	10549-10554	shoes	_	_	_	
53-19	10555-10556	(	_	_	_	
53-20	10556-10563	usually	_	_	_	
53-21	10564-10567	his	_	_	_	
53-22	10568-10572	wife	_	_	_	
53-23	10573-10574	'	_	_	_	
53-24	10575-10576	s	_	_	_	
53-25	10576-10577	)	_	_	_	
53-26	10578-10581	lay	_	_	_	
53-27	10582-10589	largely	_	_	_	
53-28	10590-10592	in	_	_	_	
53-29	10593-10596	the	_	_	_	
53-30	10597-10601	odor	Smell\_Word	*|*	53-31[97_0]|53-9[96_0]	
53-31	10602-10604	of	Smell\_Source[97]	_	_	
53-32	10605-10608	the	Smell\_Source[97]	_	_	
53-33	10609-10616	leather	Smell\_Source[97]	_	_	
53-34	10616-10617	.	_	_	_	

#Text=Krafft-Ebing, again, brings forward a case
#Text=of shoe fetichism in which the significant fact is mentioned
#Text=that the subject bought a pair of leather cuffs to smell while
#Text=masturbating.
54-1	10618-10630	Krafft-Ebing	_	_	_	
54-2	10630-10631	,	_	_	_	
54-3	10632-10637	again	_	_	_	
54-4	10637-10638	,	_	_	_	
54-5	10639-10645	brings	_	_	_	
54-6	10646-10653	forward	_	_	_	
54-7	10654-10655	a	_	_	_	
54-8	10656-10660	case	_	_	_	
54-9	10661-10663	of	_	_	_	
54-10	10664-10668	shoe	_	_	_	
54-11	10669-10678	fetichism	_	_	_	
54-12	10679-10681	in	_	_	_	
54-13	10682-10687	which	_	_	_	
54-14	10688-10691	the	_	_	_	
54-15	10692-10703	significant	_	_	_	
54-16	10704-10708	fact	_	_	_	
54-17	10709-10711	is	_	_	_	
54-18	10712-10721	mentioned	_	_	_	
54-19	10722-10726	that	_	_	_	
54-20	10727-10730	the	Perceiver[98]	_	_	
54-21	10731-10738	subject	Perceiver[98]	_	_	
54-22	10739-10745	bought	_	_	_	
54-23	10746-10747	a	Smell\_Source[99]	_	_	
54-24	10748-10752	pair	Smell\_Source[99]	_	_	
54-25	10753-10755	of	Smell\_Source[99]	_	_	
54-26	10756-10763	leather	Smell\_Source[99]	_	_	
54-27	10764-10769	cuffs	Smell\_Source[99]	_	_	
54-28	10770-10772	to	_	_	_	
54-29	10773-10778	smell	Smell\_Word	*|*|*	54-30[100_0]|54-23[99_0]|54-20[98_0]	
54-30	10779-10784	while	Circumstances[100]	_	_	
54-31	10785-10797	masturbating	Circumstances[100]	_	_	
54-32	10797-10798	.	_	_	_	

#Text=Eestif de la Bretonne, who was somewhat of a
#Text=shoe fetichist, appears to have enjoyed smelling shoes.
55-1	10799-10805	Eestif	Perceiver[101]	_	_	
55-2	10806-10808	de	Perceiver[101]	_	_	
55-3	10809-10811	la	Perceiver[101]	_	_	
55-4	10812-10820	Bretonne	Perceiver[101]	_	_	
55-5	10820-10821	,	_	_	_	
55-6	10822-10825	who	_	_	_	
55-7	10826-10829	was	_	_	_	
55-8	10830-10838	somewhat	_	_	_	
55-9	10839-10841	of	_	_	_	
55-10	10842-10843	a	_	_	_	
55-11	10844-10848	shoe	_	_	_	
55-12	10849-10858	fetichist	_	_	_	
55-13	10858-10859	,	_	_	_	
55-14	10860-10867	appears	_	_	_	
55-15	10868-10870	to	_	_	_	
55-16	10871-10875	have	_	_	_	
55-17	10876-10883	enjoyed	_	_	_	
55-18	10884-10892	smelling	Smell\_Word[102]|Quality[103]	*|*|*	55-18[103_102]|55-19[0_102]|55-1[101_102]	
55-19	10893-10898	shoes	Smell\_Source	_	_	
55-20	10898-10899	.	_	_	_	

#Text=It is
#Text=not probable that the odor of leather explains the whole of
#Text=shoe fetichism, — as we shall see when, in another "Study," this
#Text=question comes before us — and in many cases it cannot be said 
#Text=to enter at all; it is, however, one of the factors.
56-1	10900-10902	It	_	_	_	
56-2	10903-10905	is	_	_	_	
56-3	10906-10909	not	_	_	_	
56-4	10910-10918	probable	_	_	_	
56-5	10919-10923	that	_	_	_	
56-6	10924-10927	the	_	_	_	
56-7	10928-10932	odor	Smell\_Word	*	56-8[104_0]	
56-8	10933-10935	of	Smell\_Source[104]	_	_	
56-9	10936-10943	leather	Smell\_Source[104]	_	_	
56-10	10944-10952	explains	_	_	_	
56-11	10953-10956	the	_	_	_	
56-12	10957-10962	whole	_	_	_	
56-13	10963-10965	of	_	_	_	
56-14	10966-10970	shoe	_	_	_	
56-15	10971-10980	fetichism	_	_	_	
56-16	10980-10981	,	_	_	_	
56-17	10982-10983	—	_	_	_	
56-18	10984-10986	as	_	_	_	
56-19	10987-10989	we	_	_	_	
56-20	10990-10995	shall	_	_	_	
56-21	10996-10999	see	_	_	_	
56-22	11000-11004	when	_	_	_	
56-23	11004-11005	,	_	_	_	
56-24	11006-11008	in	_	_	_	
56-25	11009-11016	another	_	_	_	
56-26	11017-11018	"	_	_	_	
56-27	11018-11023	Study	_	_	_	
56-28	11023-11024	,	_	_	_	
56-29	11024-11025	"	_	_	_	
56-30	11026-11030	this	_	_	_	
56-31	11031-11039	question	_	_	_	
56-32	11040-11045	comes	_	_	_	
56-33	11046-11052	before	_	_	_	
56-34	11053-11055	us	_	_	_	
56-35	11056-11057	—	_	_	_	
56-36	11058-11061	and	_	_	_	
56-37	11062-11064	in	_	_	_	
56-38	11065-11069	many	_	_	_	
56-39	11070-11075	cases	_	_	_	
56-40	11076-11078	it	_	_	_	
56-41	11079-11085	cannot	_	_	_	
56-42	11086-11088	be	_	_	_	
56-43	11089-11093	said	_	_	_	
56-44	11095-11097	to	_	_	_	
56-45	11098-11103	enter	_	_	_	
56-46	11104-11106	at	_	_	_	
56-47	11107-11110	all	_	_	_	
56-48	11110-11111	;	_	_	_	
56-49	11112-11114	it	_	_	_	
56-50	11115-11117	is	_	_	_	
56-51	11117-11118	,	_	_	_	
56-52	11119-11126	however	_	_	_	
56-53	11126-11127	,	_	_	_	
56-54	11128-11131	one	_	_	_	
56-55	11132-11134	of	_	_	_	
56-56	11135-11138	the	_	_	_	
56-57	11139-11146	factors	_	_	_	
56-58	11146-11147	.	_	_	_	

#Text=Such a conclusion is further supported by the fact that by many the odor 
#Text=of new shoes is sometimes desired as an adjuvant to coitus.
57-1	11148-11152	Such	_	_	_	
57-2	11153-11154	a	_	_	_	
57-3	11155-11165	conclusion	_	_	_	
57-4	11166-11168	is	_	_	_	
57-5	11169-11176	further	_	_	_	
57-6	11177-11186	supported	_	_	_	
57-7	11187-11189	by	_	_	_	
57-8	11190-11193	the	_	_	_	
57-9	11194-11198	fact	_	_	_	
57-10	11199-11203	that	_	_	_	
57-11	11204-11206	by	Perceiver[105]	_	_	
57-12	11207-11211	many	Perceiver[105]	_	_	
57-13	11212-11215	the	_	_	_	
57-14	11216-11220	odor	Smell\_Word	*|*|*|*	57-15[106_0]|57-19|57-11[105_0]|57-23[107_0]	
57-15	11222-11224	of	Smell\_Source[106]	_	_	
57-16	11225-11228	new	Smell\_Source[106]	_	_	
57-17	11229-11234	shoes	Smell\_Source[106]	_	_	
57-18	11235-11237	is	_	_	_	
57-19	11238-11247	sometimes	Time	_	_	
57-20	11248-11255	desired	_	_	_	
57-21	11256-11258	as	_	_	_	
57-22	11259-11261	an	_	_	_	
57-23	11262-11270	adjuvant	Effect[107]	_	_	
57-24	11271-11273	to	Effect[107]	_	_	
57-25	11274-11280	coitus	Effect[107]	_	_	
57-26	11280-11281	.	_	_	_	

#Text=It 
#Text=is in the experience of prostitutes that such a device is not in- 
#Text=frequent.
58-1	11282-11284	It	_	_	_	
58-2	11286-11288	is	_	_	_	
58-3	11289-11291	in	_	_	_	
58-4	11292-11295	the	_	_	_	
58-5	11296-11306	experience	_	_	_	
58-6	11307-11309	of	_	_	_	
58-7	11310-11321	prostitutes	_	_	_	
58-8	11322-11326	that	_	_	_	
58-9	11327-11331	such	_	_	_	
58-10	11332-11333	a	_	_	_	
58-11	11334-11340	device	_	_	_	
58-12	11341-11343	is	_	_	_	
58-13	11344-11347	not	_	_	_	
58-14	11348-11350	in	_	_	_	
58-15	11350-11351	-	_	_	_	
58-16	11353-11361	frequent	_	_	_	
58-17	11361-11362	.	_	_	_	

#Text=Niieke mentions that a colleague of his was informed 
#Text=by a prostitute that several of her clients desired the odor of 
#Text=new shoes in the room, and that she was accustomed to obtain 
#Text=the desired perfume by holding her shoes for a moment over the 
#Text=flame of a spirit lamp.
59-1	11363-11369	Niieke	_	_	_	
59-2	11370-11378	mentions	_	_	_	
59-3	11379-11383	that	_	_	_	
59-4	11384-11385	a	_	_	_	
59-5	11386-11395	colleague	_	_	_	
59-6	11396-11398	of	_	_	_	
59-7	11399-11402	his	_	_	_	
59-8	11403-11406	was	_	_	_	
59-9	11407-11415	informed	_	_	_	
59-10	11417-11419	by	_	_	_	
59-11	11420-11421	a	_	_	_	
59-12	11422-11432	prostitute	_	_	_	
59-13	11433-11437	that	_	_	_	
59-14	11438-11445	several	Perceiver[108]	_	_	
59-15	11446-11448	of	Perceiver[108]	_	_	
59-16	11449-11452	her	Perceiver[108]	_	_	
59-17	11453-11460	clients	Perceiver[108]	_	_	
59-18	11461-11468	desired	_	_	_	
59-19	11469-11472	the	_	_	_	
59-20	11473-11477	odor	Smell\_Word	*|*|*	59-21[109_0]|59-24[110_0]|59-14[108_0]	
59-21	11478-11480	of	Smell\_Source[109]	_	_	
59-22	11482-11485	new	Smell\_Source[109]	_	_	
59-23	11486-11491	shoes	Smell\_Source[109]	_	_	
59-24	11492-11494	in	Location[110]	_	_	
59-25	11495-11498	the	Location[110]	_	_	
59-26	11499-11503	room	Location[110]	_	_	
59-27	11503-11504	,	_	_	_	
59-28	11505-11508	and	_	_	_	
59-29	11509-11513	that	_	_	_	
59-30	11514-11517	she	_	_	_	
59-31	11518-11521	was	_	_	_	
59-32	11522-11532	accustomed	_	_	_	
59-33	11533-11535	to	_	_	_	
59-34	11536-11542	obtain	_	_	_	
59-35	11544-11547	the	_	_	_	
59-36	11548-11555	desired	Quality	_	_	
59-37	11556-11563	perfume	Smell\_Word	*|*	59-36|59-38[111_0]	
59-38	11564-11566	by	Circumstances[111]	_	_	
59-39	11567-11574	holding	Circumstances[111]	_	_	
59-40	11575-11578	her	Circumstances[111]	_	_	
59-41	11579-11584	shoes	Circumstances[111]	_	_	
59-42	11585-11588	for	Circumstances[111]	_	_	
59-43	11589-11590	a	Circumstances[111]	_	_	
59-44	11591-11597	moment	Circumstances[111]	_	_	
59-45	11598-11602	over	Circumstances[111]	_	_	
59-46	11603-11606	the	Circumstances[111]	_	_	
59-47	11608-11613	flame	Circumstances[111]	_	_	
59-48	11614-11616	of	Circumstances[111]	_	_	
59-49	11617-11618	a	Circumstances[111]	_	_	
59-50	11619-11625	spirit	Circumstances[111]	_	_	
59-51	11626-11630	lamp	Circumstances[111]	_	_	
59-52	11630-11631	.	_	_	_	
