#FORMAT=WebAnno TSV 3.3


#Text=9 Et asperget de sanguine ejus parietem altaris ; quidquid autem reliquum fuerit, faciet distillare ad fundamentum ejus, quia pro peccato est.
#Text=10 Alterum vero adolebit in holocaustum, ut fieri solet : rogabitque pro eo sacerdos et pro peccato ejus, et dimittetur ei.
#Text=11 Quod si non quiverit manus ejus duos offerre turtures, aut duos pullos columbarum, offeret pro peccato suo similæ partem ephi decimam : non mittet in eam oleum, nec thuris aliquid imponet, quia pro peccato est.
#Text=12 Tradetque eam sacerdoti : qui plenum ex ea pugillum hauriens, cremabit super altare in monimentum ejus qui obtulerit, 13 rogans pro illo et expians : reliquam vero partem ipse habebit in munere.
#Text=14 Locutusque est Dominus ad Moysen, dicens : 15 Anima si prævaricans cæremonias, per errorem, in his quæ Domino sunt sanctificata, peccaverit, offeret pro delicto suo arietem immaculatum de gregibus, qui emi potest duobus siclis, juxta pondus sanctuarii : 16 ipsumque quod intulit damni restituet, et quintam partem ponet supra, tradens sacerdoti, qui rogabit pro eo offerens arietem, et dimittetur ei.
#Text=17 Anima si peccaverit per ignorantiam, feceritque unum ex his quæ Domini lege prohibentur, et peccati rea intellexerit iniquitatem suam, 18 offeret arietem immaculatum de gregibus sacerdoti, juxta mensuram æstimationemque peccati : qui orabit pro eo, quia nesciens fecerit : et dimittetur ei, 19 quia per errorem deliquit in Dominum.
1-1	2-3	9	
1-2	4-6	Et	
1-3	7-15	asperget	
1-4	16-18	de	
1-5	19-27	sanguine	
1-6	28-32	ejus	
1-7	33-41	parietem	
1-8	42-49	altaris	
1-9	50-51	;	
1-10	52-60	quidquid	
1-11	61-66	autem	
1-12	67-75	reliquum	
1-13	76-82	fuerit	
1-14	82-83	,	
1-15	84-90	faciet	
1-16	91-101	distillare	
1-17	102-104	ad	
1-18	105-116	fundamentum	
1-19	117-121	ejus	
1-20	121-122	,	
1-21	123-127	quia	
1-22	128-131	pro	
1-23	132-139	peccato	
1-24	140-143	est	
1-25	143-144	.	
1-26	145-147	10	
1-27	148-155	Alterum	
1-28	156-160	vero	
1-29	161-169	adolebit	
1-30	170-172	in	
1-31	173-184	holocaustum	
1-32	184-185	,	
1-33	186-188	ut	
1-34	189-194	fieri	
1-35	195-200	solet	
1-36	201-202	:	
1-37	203-213	rogabitque	
1-38	214-217	pro	
1-39	218-220	eo	
1-40	221-229	sacerdos	
1-41	230-232	et	
1-42	233-236	pro	
1-43	237-244	peccato	
1-44	245-249	ejus	
1-45	249-250	,	
1-46	251-253	et	
1-47	254-264	dimittetur	
1-48	265-267	ei	
1-49	267-268	.	
1-50	269-271	11	
1-51	272-276	Quod	
1-52	277-279	si	
1-53	280-283	non	
1-54	284-292	quiverit	
1-55	293-298	manus	
1-56	299-303	ejus	
1-57	304-308	duos	
1-58	309-316	offerre	
1-59	317-325	turtures	
1-60	325-326	,	
1-61	327-330	aut	
1-62	331-335	duos	
1-63	336-342	pullos	
1-64	343-353	columbarum	
1-65	353-354	,	
1-66	355-362	offeret	
1-67	363-366	pro	
1-68	367-374	peccato	
1-69	375-378	suo	
1-70	379-385	similæ	
1-71	386-392	partem	
1-72	393-397	ephi	
1-73	398-405	decimam	
1-74	406-407	:	
1-75	408-411	non	
1-76	412-418	mittet	
1-77	419-421	in	
1-78	422-425	eam	
1-79	426-431	oleum	
1-80	431-432	,	
1-81	433-436	nec	
1-82	437-443	thuris	
1-83	444-451	aliquid	
1-84	452-459	imponet	
1-85	459-460	,	
1-86	461-465	quia	
1-87	466-469	pro	
1-88	470-477	peccato	
1-89	478-481	est	
1-90	481-482	.	
1-91	483-485	12	
1-92	486-495	Tradetque	
1-93	496-499	eam	
1-94	500-509	sacerdoti	
1-95	510-511	:	
1-96	512-515	qui	
1-97	516-522	plenum	
1-98	523-525	ex	
1-99	526-528	ea	
1-100	529-537	pugillum	
1-101	538-546	hauriens	
1-102	546-547	,	
1-103	548-556	cremabit	
1-104	557-562	super	
1-105	563-569	altare	
1-106	570-572	in	
1-107	573-583	monimentum	
1-108	584-588	ejus	
1-109	589-592	qui	
1-110	593-602	obtulerit	
1-111	602-603	,	
1-112	604-606	13	
1-113	607-613	rogans	
1-114	614-617	pro	
1-115	618-622	illo	
1-116	623-625	et	
1-117	626-633	expians	
1-118	634-635	:	
1-119	636-644	reliquam	
1-120	645-649	vero	
1-121	650-656	partem	
1-122	657-661	ipse	
1-123	662-669	habebit	
1-124	670-672	in	
1-125	673-679	munere	
1-126	679-680	.	
1-127	681-683	14	
1-128	684-694	Locutusque	
1-129	695-698	est	
1-130	699-706	Dominus	
1-131	707-709	ad	
1-132	710-716	Moysen	
1-133	716-717	,	
1-134	718-724	dicens	
1-135	725-726	:	
1-136	727-729	15	
1-137	730-735	Anima	
1-138	736-738	si	
1-139	739-750	prævaricans	
1-140	751-761	cæremonias	
1-141	761-762	,	
1-142	763-766	per	
1-143	767-774	errorem	
1-144	774-775	,	
1-145	776-778	in	
1-146	779-782	his	
1-147	783-786	quæ	
1-148	787-793	Domino	
1-149	794-798	sunt	
1-150	799-811	sanctificata	
1-151	811-812	,	
1-152	813-823	peccaverit	
1-153	823-824	,	
1-154	825-832	offeret	
1-155	833-836	pro	
1-156	837-844	delicto	
1-157	845-848	suo	
1-158	849-856	arietem	
1-159	857-868	immaculatum	
1-160	869-871	de	
1-161	872-880	gregibus	
1-162	880-881	,	
1-163	882-885	qui	
1-164	886-889	emi	
1-165	890-896	potest	
1-166	897-903	duobus	
1-167	904-910	siclis	
1-168	910-911	,	
1-169	912-917	juxta	
1-170	918-924	pondus	
1-171	925-935	sanctuarii	
1-172	936-937	:	
1-173	938-940	16	
1-174	941-949	ipsumque	
1-175	950-954	quod	
1-176	955-962	intulit	
1-177	963-968	damni	
1-178	969-978	restituet	
1-179	978-979	,	
1-180	980-982	et	
1-181	983-990	quintam	
1-182	991-997	partem	
1-183	998-1003	ponet	
1-184	1004-1009	supra	
1-185	1009-1010	,	
1-186	1011-1018	tradens	
1-187	1019-1028	sacerdoti	
1-188	1028-1029	,	
1-189	1030-1033	qui	
1-190	1034-1041	rogabit	
1-191	1042-1045	pro	
1-192	1046-1048	eo	
1-193	1049-1057	offerens	
1-194	1058-1065	arietem	
1-195	1065-1066	,	
1-196	1067-1069	et	
1-197	1070-1080	dimittetur	
1-198	1081-1083	ei	
1-199	1083-1084	.	
1-200	1085-1087	17	
1-201	1088-1093	Anima	
1-202	1094-1096	si	
1-203	1097-1107	peccaverit	
1-204	1108-1111	per	
1-205	1112-1123	ignorantiam	
1-206	1123-1124	,	
1-207	1125-1135	feceritque	
1-208	1136-1140	unum	
1-209	1141-1143	ex	
1-210	1144-1147	his	
1-211	1148-1151	quæ	
1-212	1152-1158	Domini	
1-213	1159-1163	lege	
1-214	1164-1175	prohibentur	
1-215	1175-1176	,	
1-216	1177-1179	et	
1-217	1180-1187	peccati	
1-218	1188-1191	rea	
1-219	1192-1204	intellexerit	
1-220	1205-1216	iniquitatem	
1-221	1217-1221	suam	
1-222	1221-1222	,	
1-223	1223-1225	18	
1-224	1226-1233	offeret	
1-225	1234-1241	arietem	
1-226	1242-1253	immaculatum	
1-227	1254-1256	de	
1-228	1257-1265	gregibus	
1-229	1266-1275	sacerdoti	
1-230	1275-1276	,	
1-231	1277-1282	juxta	
1-232	1283-1291	mensuram	
1-233	1292-1307	æstimationemque	
1-234	1308-1315	peccati	
1-235	1316-1317	:	
1-236	1318-1321	qui	
1-237	1322-1328	orabit	
1-238	1329-1332	pro	
1-239	1333-1335	eo	
1-240	1335-1336	,	
1-241	1337-1341	quia	
1-242	1342-1350	nesciens	
1-243	1351-1358	fecerit	
1-244	1359-1360	:	
1-245	1361-1363	et	
1-246	1364-1374	dimittetur	
1-247	1375-1377	ei	
1-248	1377-1378	,	
1-249	1379-1381	19	
1-250	1382-1386	quia	
1-251	1387-1390	per	
1-252	1391-1398	errorem	
1-253	1399-1407	deliquit	
1-254	1408-1410	in	
1-255	1411-1418	Dominum	
1-256	1418-1419	.	

#Text=Caput 6
#Text=
#Text=
#Text=1 Locutus est Dominus ad Moysen, dicens : 2 Anima quæ peccaverit, et contempto Domino, negaverit proximo suo depositum quod fidei ejus creditum fuerat, vel vi aliquid extorserit, aut calumniam fecerit, 3 sive rem perditam invenerit, et inficians insuper pejeraverit, et quodlibet aliud ex pluribus fecerit, in quibus solent peccare homines, 4 convicta delicti, 5 reddet omnia, quæ per fraudem voluit obtinere, integra, et quintam insuper partem domino cui damnum intulerat.
#Text=6 Pro peccato autem suo offeret arietem immaculatum de grege, et dabit eum sacerdoti, juxta æstimationem mensuramque delicti : 7 qui rogabit pro eo coram Domino, et dimittetur illi pro singulis quæ faciendo peccavit.
#Text=8 Locutusque est Dominus ad Moysen, dicens : 9 Præcipe Aaron et filiis ejus : Hæc est lex holocausti : cremabitur in altari tota nocte usque mane : ignis ex eodem altari erit.
#Text=10 Vestietur tunica sacerdos et feminalibus lineis : tolletque cineres, quos vorans ignis exussit, et ponens juxta altare, 11 spoliabitur prioribus vestimentis, indutusque aliis, efferret eos extra castra, et in loco mundissimo usque ad favillam consumi faciet.
#Text=12 Ignis autem in altari semper ardebit, quem nutriet sacerdos subjiciens ligna mane per singulos dies, et imposito holocausto, desuper adolebit adipes pacificorum.
#Text=13 Ignis est iste perpetuus, qui numquam deficiet in altari.
#Text=14 Hæc est lex sacrificii et libamentorum, quæ offerent filii Aaron coram Domino, et coram altari.
#Text=15 Tollet sacerdos pugillum similæ, quæ conspersa est oleo, et totum thus, quod super similam positum est : adolebitque illud in altari in monimentum odoris suavissimi Domino : 16 reliquam autem partem similæ comedet Aaron cum filiis suis, absque fermento : et comedet in loco sancto atrii tabernaculi.
#Text=17 Ideo autem non fermentabitur, quia pars ejus in Domini offertur incensum.
2-1	1420-1425	Caput	
2-2	1426-1427	6	
2-3	1430-1431	1	
2-4	1432-1439	Locutus	
2-5	1440-1443	est	
2-6	1444-1451	Dominus	
2-7	1452-1454	ad	
2-8	1455-1461	Moysen	
2-9	1461-1462	,	
2-10	1463-1469	dicens	
2-11	1470-1471	:	
2-12	1472-1473	2	
2-13	1474-1479	Anima	
2-14	1480-1483	quæ	
2-15	1484-1494	peccaverit	
2-16	1494-1495	,	
2-17	1496-1498	et	
2-18	1499-1508	contempto	
2-19	1509-1515	Domino	
2-20	1515-1516	,	
2-21	1517-1526	negaverit	
2-22	1527-1534	proximo	
2-23	1535-1538	suo	
2-24	1539-1548	depositum	
2-25	1549-1553	quod	
2-26	1554-1559	fidei	
2-27	1560-1564	ejus	
2-28	1565-1573	creditum	
2-29	1574-1580	fuerat	
2-30	1580-1581	,	
2-31	1582-1585	vel	
2-32	1586-1588	vi	
2-33	1589-1596	aliquid	
2-34	1597-1607	extorserit	
2-35	1607-1608	,	
2-36	1609-1612	aut	
2-37	1613-1622	calumniam	
2-38	1623-1630	fecerit	
2-39	1630-1631	,	
2-40	1632-1633	3	
2-41	1634-1638	sive	
2-42	1639-1642	rem	
2-43	1643-1651	perditam	
2-44	1652-1661	invenerit	
2-45	1661-1662	,	
2-46	1663-1665	et	
2-47	1666-1675	inficians	
2-48	1676-1683	insuper	
2-49	1684-1695	pejeraverit	
2-50	1695-1696	,	
2-51	1697-1699	et	
2-52	1700-1709	quodlibet	
2-53	1710-1715	aliud	
2-54	1716-1718	ex	
2-55	1719-1727	pluribus	
2-56	1728-1735	fecerit	
2-57	1735-1736	,	
2-58	1737-1739	in	
2-59	1740-1746	quibus	
2-60	1747-1753	solent	
2-61	1754-1761	peccare	
2-62	1762-1769	homines	
2-63	1769-1770	,	
2-64	1771-1772	4	
2-65	1773-1781	convicta	
2-66	1782-1789	delicti	
2-67	1789-1790	,	
2-68	1791-1792	5	
2-69	1793-1799	reddet	
2-70	1800-1805	omnia	
2-71	1805-1806	,	
2-72	1807-1810	quæ	
2-73	1811-1814	per	
2-74	1815-1822	fraudem	
2-75	1823-1829	voluit	
2-76	1830-1838	obtinere	
2-77	1838-1839	,	
2-78	1840-1847	integra	
2-79	1847-1848	,	
2-80	1849-1851	et	
2-81	1852-1859	quintam	
2-82	1860-1867	insuper	
2-83	1868-1874	partem	
2-84	1875-1881	domino	
2-85	1882-1885	cui	
2-86	1886-1892	damnum	
2-87	1893-1902	intulerat	
2-88	1902-1903	.	
2-89	1904-1905	6	
2-90	1906-1909	Pro	
2-91	1910-1917	peccato	
2-92	1918-1923	autem	
2-93	1924-1927	suo	
2-94	1928-1935	offeret	
2-95	1936-1943	arietem	
2-96	1944-1955	immaculatum	
2-97	1956-1958	de	
2-98	1959-1964	grege	
2-99	1964-1965	,	
2-100	1966-1968	et	
2-101	1969-1974	dabit	
2-102	1975-1978	eum	
2-103	1979-1988	sacerdoti	
2-104	1988-1989	,	
2-105	1990-1995	juxta	
2-106	1996-2008	æstimationem	
2-107	2009-2020	mensuramque	
2-108	2021-2028	delicti	
2-109	2029-2030	:	
2-110	2031-2032	7	
2-111	2033-2036	qui	
2-112	2037-2044	rogabit	
2-113	2045-2048	pro	
2-114	2049-2051	eo	
2-115	2052-2057	coram	
2-116	2058-2064	Domino	
2-117	2064-2065	,	
2-118	2066-2068	et	
2-119	2069-2079	dimittetur	
2-120	2080-2084	illi	
2-121	2085-2088	pro	
2-122	2089-2097	singulis	
2-123	2098-2101	quæ	
2-124	2102-2110	faciendo	
2-125	2111-2119	peccavit	
2-126	2119-2120	.	
2-127	2121-2122	8	
2-128	2123-2133	Locutusque	
2-129	2134-2137	est	
2-130	2138-2145	Dominus	
2-131	2146-2148	ad	
2-132	2149-2155	Moysen	
2-133	2155-2156	,	
2-134	2157-2163	dicens	
2-135	2164-2165	:	
2-136	2166-2167	9	
2-137	2168-2175	Præcipe	
2-138	2176-2181	Aaron	
2-139	2182-2184	et	
2-140	2185-2191	filiis	
2-141	2192-2196	ejus	
2-142	2197-2198	:	
2-143	2199-2202	Hæc	
2-144	2203-2206	est	
2-145	2207-2210	lex	
2-146	2211-2221	holocausti	
2-147	2222-2223	:	
2-148	2224-2234	cremabitur	
2-149	2235-2237	in	
2-150	2238-2244	altari	
2-151	2245-2249	tota	
2-152	2250-2255	nocte	
2-153	2256-2261	usque	
2-154	2262-2266	mane	
2-155	2267-2268	:	
2-156	2269-2274	ignis	
2-157	2275-2277	ex	
2-158	2278-2283	eodem	
2-159	2284-2290	altari	
2-160	2291-2295	erit	
2-161	2295-2296	.	
2-162	2297-2299	10	
2-163	2300-2309	Vestietur	
2-164	2310-2316	tunica	
2-165	2317-2325	sacerdos	
2-166	2326-2328	et	
2-167	2329-2340	feminalibus	
2-168	2341-2347	lineis	
2-169	2348-2349	:	
2-170	2350-2359	tolletque	
2-171	2360-2367	cineres	
2-172	2367-2368	,	
2-173	2369-2373	quos	
2-174	2374-2380	vorans	
2-175	2381-2386	ignis	
2-176	2387-2394	exussit	
2-177	2394-2395	,	
2-178	2396-2398	et	
2-179	2399-2405	ponens	
2-180	2406-2411	juxta	
2-181	2412-2418	altare	
2-182	2418-2419	,	
2-183	2420-2422	11	
2-184	2423-2434	spoliabitur	
2-185	2435-2444	prioribus	
2-186	2445-2456	vestimentis	
2-187	2456-2457	,	
2-188	2458-2468	indutusque	
2-189	2469-2474	aliis	
2-190	2474-2475	,	
2-191	2476-2484	efferret	
2-192	2485-2488	eos	
2-193	2489-2494	extra	
2-194	2495-2501	castra	
2-195	2501-2502	,	
2-196	2503-2505	et	
2-197	2506-2508	in	
2-198	2509-2513	loco	
2-199	2514-2524	mundissimo	
2-200	2525-2530	usque	
2-201	2531-2533	ad	
2-202	2534-2542	favillam	
2-203	2543-2550	consumi	
2-204	2551-2557	faciet	
2-205	2557-2558	.	
2-206	2559-2561	12	
2-207	2562-2567	Ignis	
2-208	2568-2573	autem	
2-209	2574-2576	in	
2-210	2577-2583	altari	
2-211	2584-2590	semper	
2-212	2591-2598	ardebit	
2-213	2598-2599	,	
2-214	2600-2604	quem	
2-215	2605-2612	nutriet	
2-216	2613-2621	sacerdos	
2-217	2622-2632	subjiciens	
2-218	2633-2638	ligna	
2-219	2639-2643	mane	
2-220	2644-2647	per	
2-221	2648-2656	singulos	
2-222	2657-2661	dies	
2-223	2661-2662	,	
2-224	2663-2665	et	
2-225	2666-2674	imposito	
2-226	2675-2685	holocausto	
2-227	2685-2686	,	
2-228	2687-2694	desuper	
2-229	2695-2703	adolebit	
2-230	2704-2710	adipes	
2-231	2711-2722	pacificorum	
2-232	2722-2723	.	
2-233	2724-2726	13	
2-234	2727-2732	Ignis	
2-235	2733-2736	est	
2-236	2737-2741	iste	
2-237	2742-2751	perpetuus	
2-238	2751-2752	,	
2-239	2753-2756	qui	
2-240	2757-2764	numquam	
2-241	2765-2773	deficiet	
2-242	2774-2776	in	
2-243	2777-2783	altari	
2-244	2783-2784	.	
2-245	2785-2787	14	
2-246	2788-2791	Hæc	
2-247	2792-2795	est	
2-248	2796-2799	lex	
2-249	2800-2810	sacrificii	
2-250	2811-2813	et	
2-251	2814-2826	libamentorum	
2-252	2826-2827	,	
2-253	2828-2831	quæ	
2-254	2832-2840	offerent	
2-255	2841-2846	filii	
2-256	2847-2852	Aaron	
2-257	2853-2858	coram	
2-258	2859-2865	Domino	
2-259	2865-2866	,	
2-260	2867-2869	et	
2-261	2870-2875	coram	
2-262	2876-2882	altari	
2-263	2882-2883	.	
2-264	2884-2886	15	
2-265	2887-2893	Tollet	
2-266	2894-2902	sacerdos	
2-267	2903-2911	pugillum	
2-268	2912-2918	similæ	
2-269	2918-2919	,	
2-270	2920-2923	quæ	
2-271	2924-2933	conspersa	
2-272	2934-2937	est	
2-273	2938-2942	oleo	
2-274	2942-2943	,	
2-275	2944-2946	et	
2-276	2947-2952	totum	
2-277	2953-2957	thus	
2-278	2957-2958	,	
2-279	2959-2963	quod	
2-280	2964-2969	super	
2-281	2970-2977	similam	
2-282	2978-2985	positum	
2-283	2986-2989	est	
2-284	2990-2991	:	
2-285	2992-3003	adolebitque	
2-286	3004-3009	illud	
2-287	3010-3012	in	
2-288	3013-3019	altari	
2-289	3020-3022	in	
2-290	3023-3033	monimentum	
2-291	3034-3040	odoris	
2-292	3041-3051	suavissimi	
2-293	3052-3058	Domino	
2-294	3059-3060	:	
2-295	3061-3063	16	
2-296	3064-3072	reliquam	
2-297	3073-3078	autem	
2-298	3079-3085	partem	
2-299	3086-3092	similæ	
2-300	3093-3100	comedet	
2-301	3101-3106	Aaron	
2-302	3107-3110	cum	
2-303	3111-3117	filiis	
2-304	3118-3122	suis	
2-305	3122-3123	,	
2-306	3124-3130	absque	
2-307	3131-3139	fermento	
2-308	3140-3141	:	
2-309	3142-3144	et	
2-310	3145-3152	comedet	
2-311	3153-3155	in	
2-312	3156-3160	loco	
2-313	3161-3167	sancto	
2-314	3168-3173	atrii	
2-315	3174-3185	tabernaculi	
2-316	3185-3186	.	
2-317	3187-3189	17	
2-318	3190-3194	Ideo	
2-319	3195-3200	autem	
2-320	3201-3204	non	
2-321	3205-3218	fermentabitur	
2-322	3218-3219	,	
2-323	3220-3224	quia	
2-324	3225-3229	pars	
2-325	3230-3234	ejus	
2-326	3235-3237	in	
2-327	3238-3244	Domini	
2-328	3245-3253	offertur	
2-329	3254-3262	incensum	
2-330	3262-3263	.	

#Text=Sanctum sanctorum erit, sicut pro peccato atque delicto.
#Text=18 Mares tantum stirpis Aaron comedent illud.
3-1	3264-3271	Sanctum	
3-2	3272-3281	sanctorum	
3-3	3282-3286	erit	
3-4	3286-3287	,	
3-5	3288-3293	sicut	
3-6	3294-3297	pro	
3-7	3298-3305	peccato	
3-8	3306-3311	atque	
3-9	3312-3319	delicto	
3-10	3319-3320	.	
3-11	3321-3323	18	
3-12	3324-3329	Mares	
3-13	3330-3336	tantum	
3-14	3337-3344	stirpis	
3-15	3345-3350	Aaron	
3-16	3351-3359	comedent	
3-17	3360-3365	illud	
3-18	3365-3366	.	

#Text=Legitimum ac sempiternum erit in generationibus vestris de sacrificiis Domini : omnis qui tetigerit illa, sanctificabitur.
#Text=19 Locutusque est Dominus ad Moysen, dicens : 20 Hæc est oblatio Aaron, et filiorum ejus, quam offerre debent Domino in die unctionis suæ.
4-1	3367-3376	Legitimum	
4-2	3377-3379	ac	
4-3	3380-3391	sempiternum	
4-4	3392-3396	erit	
4-5	3397-3399	in	
4-6	3400-3414	generationibus	
4-7	3415-3422	vestris	
4-8	3423-3425	de	
4-9	3426-3437	sacrificiis	
4-10	3438-3444	Domini	
4-11	3445-3446	:	
4-12	3447-3452	omnis	
4-13	3453-3456	qui	
4-14	3457-3466	tetigerit	
4-15	3467-3471	illa	
4-16	3471-3472	,	
4-17	3473-3488	sanctificabitur	
4-18	3488-3489	.	
4-19	3490-3492	19	
4-20	3493-3503	Locutusque	
4-21	3504-3507	est	
4-22	3508-3515	Dominus	
4-23	3516-3518	ad	
4-24	3519-3525	Moysen	
4-25	3525-3526	,	
4-26	3527-3533	dicens	
4-27	3534-3535	:	
4-28	3536-3538	20	
4-29	3539-3542	Hæc	
4-30	3543-3546	est	
4-31	3547-3554	oblatio	
4-32	3555-3560	Aaron	
4-33	3560-3561	,	
4-34	3562-3564	et	
4-35	3565-3573	filiorum	
4-36	3574-3578	ejus	
4-37	3578-3579	,	
4-38	3580-3584	quam	
4-39	3585-3592	offerre	
4-40	3593-3599	debent	
4-41	3600-3606	Domino	
4-42	3607-3609	in	
4-43	3610-3613	die	
4-44	3614-3623	unctionis	
4-45	3624-3627	suæ	
4-46	3627-3628	.	

#Text=Decimam partem ephi offerent similæ in sacrificio sempiterno, medium ejus mane, et medium ejus vespere : 21 quæ in sartagine oleo conspersa frigetur.
5-1	3629-3636	Decimam	
5-2	3637-3643	partem	
5-3	3644-3648	ephi	
5-4	3649-3657	offerent	
5-5	3658-3664	similæ	
5-6	3665-3667	in	
5-7	3668-3678	sacrificio	
5-8	3679-3689	sempiterno	
5-9	3689-3690	,	
5-10	3691-3697	medium	
5-11	3698-3702	ejus	
5-12	3703-3707	mane	
5-13	3707-3708	,	
5-14	3709-3711	et	
5-15	3712-3718	medium	
5-16	3719-3723	ejus	
5-17	3724-3731	vespere	
5-18	3732-3733	:	
5-19	3734-3736	21	
5-20	3737-3740	quæ	
5-21	3741-3743	in	
5-22	3744-3753	sartagine	
5-23	3754-3758	oleo	
5-24	3759-3768	conspersa	
5-25	3769-3777	frigetur	
5-26	3777-3778	.	
