#FORMAT=WebAnno TSV 3.3


#Text=Nectar Guda Safft af Heliconis Ralla!
1-1	2-8	Nectar	
1-2	9-13	Guda	
1-3	14-19	Safft	
1-4	20-22	af	
1-5	23-32	Heliconis	
1-6	33-38	Ralla	
1-7	38-39	!	

#Text=Du fuchtar Gidta Pundh!
2-1	40-42	Du	
2-2	43-50	fuchtar	
2-3	51-56	Gidta	
2-4	57-62	Pundh	
2-5	62-63	!	

#Text=och Phæbi fold
#Text=
#Text=
#Text=
#Text=gidr rada:
#Text=
#Text=I synnerhet dhen/ som på Dygdens Wag
#Text=
#Text=
#Text=
#Text=framfar /
#Text=
#Text=Och Sdtman (matar så / att luchten blifwer qwar.
3-1	64-67	och	
3-2	68-73	Phæbi	
3-3	74-78	fold	
3-4	82-86	gidr	
3-5	87-91	rada	
3-6	91-92	:	
3-7	94-95	I	
3-8	96-105	synnerhet	
3-9	106-110	dhen	
3-10	110-111	/	
3-11	112-115	som	
3-12	116-118	på	
3-13	119-126	Dygdens	
3-14	127-130	Wag	
3-15	134-141	framfar	
3-16	142-143	/	
3-17	145-148	Och	
3-18	149-155	Sdtman	
3-19	156-157	(	
3-20	157-162	matar	
3-21	163-165	så	
3-22	166-167	/	
3-23	168-171	att	
3-24	172-179	luchten	
3-25	180-187	blifwer	
3-26	188-192	qwar	
3-27	192-193	.	

#Text=Min Hr.
4-1	194-197	Min	
4-2	198-200	Hr	
4-3	200-201	.	

#Text=REPPLER Chr flüt / Beswar och Watsainhet
#Text=
#Text=Í hår i Lunden hafft/ lidst til en Tacksamhet/
#Text=
#Text=
#Text=
#Text=Apollo lårer sielf en Krantz af Lager grøn/
#Text=
#Text=Hopfiåtta / ehr til Tienst och gifwa @hr til lohn.
5-1	202-209	REPPLER	
5-2	210-213	Chr	
5-3	214-218	flüt	
5-4	219-220	/	
5-5	221-227	Beswar	
5-6	228-231	och	
5-7	232-242	Watsainhet	
5-8	244-245	Í	
5-9	246-249	hår	
5-10	250-251	i	
5-11	252-258	Lunden	
5-12	259-264	hafft	
5-13	264-265	/	
5-14	266-271	lidst	
5-15	272-275	til	
5-16	276-278	en	
5-17	279-289	Tacksamhet	
5-18	289-290	/	
5-19	294-300	Apollo	
5-20	301-306	lårer	
5-21	307-312	sielf	
5-22	313-315	en	
5-23	316-322	Krantz	
5-24	323-325	af	
5-25	326-331	Lager	
5-26	332-336	grøn	
5-27	336-337	/	
5-28	339-348	Hopfiåtta	
5-29	349-350	/	
5-30	351-354	ehr	
5-31	355-358	til	
5-32	359-365	Tienst	
5-33	366-369	och	
5-34	370-375	gifwa	
5-35	376-377	@	
5-36	377-379	hr	
5-37	380-383	til	
5-38	384-388	lohn	
5-39	388-389	.	

#Text=Lia Betygan af en stadig Wånstap tortes
#Text=
#Text=ligst framstålt af
#Text=
#Text=G.
6-1	390-393	Lia	
6-2	394-401	Betygan	
6-3	402-404	af	
6-4	405-407	en	
6-5	408-414	stadig	
6-6	415-422	Wånstap	
6-7	423-429	tortes	
6-8	431-436	ligst	
6-9	437-446	framstålt	
6-10	447-449	af	
6-11	451-452	G	
6-12	452-453	.	

#Text=BERGHMAN.
#Text=wo
#Text=
#Text=Emundte naris Juveni ,
#Text=
#Text=
#Text=
#Text=Dn.
7-1	454-462	BERGHMAN	
7-2	462-463	.	
7-3	464-466	wo	
7-4	468-475	Emundte	
7-5	476-481	naris	
7-6	482-488	Juveni	
7-7	489-490	,	
7-8	494-496	Dn	
7-9	496-497	.	

#Text=ANDREÆK KEPPLERO,
#Text=
#Text=
#Text=
#Text=Cum,
#Text=
#Text=De Odoribus, Olentem ex Polymathia Dissertationis Philyram, * Auris faventioribûs, emitteret,
#Text=
#Text=Thymiams Gratulationis amicè offert
#Text=
#Text=J: TOMSON.
8-1	498-505	ANDREÆK	
8-2	506-514	KEPPLERO	
8-3	514-515	,	
8-4	519-522	Cum	
8-5	522-523	,	
8-6	525-527	De	
8-7	528-536	Odoribus	
8-8	536-537	,	
8-9	538-545	Olentem	
8-10	546-548	ex	
8-11	549-559	Polymathia	
8-12	560-574	Dissertationis	
8-13	575-583	Philyram	
8-14	583-584	,	
8-15	585-586	*	
8-16	587-592	Auris	
8-17	593-606	faventioribûs	
8-18	606-607	,	
8-19	608-617	emitteret	
8-20	617-618	,	
8-21	620-628	Thymiams	
8-22	629-642	Gratulationis	
8-23	643-648	amicè	
8-24	649-655	offert	
8-25	657-658	J	
8-26	658-659	:	
8-27	660-666	TOMSON	
8-28	666-667	.	

#Text=M:
#Text=
#Text=
#Text=
#Text=C:
#Text=
#Text=Unt, fibi qui putent, nifi cùm Diapasmate fæieni,
#Text=
#Text=
#Text=
#Text=Sunt, qui Pastillos semper olere student.
9-1	668-669	M	
9-2	669-670	:	
9-3	674-675	C	
9-4	675-676	:	
9-5	678-681	Unt	
9-6	681-682	,	
9-7	683-687	fibi	
9-8	688-691	qui	
9-9	692-698	putent	
9-10	698-699	,	
9-11	700-704	nifi	
9-12	705-708	cùm	
9-13	709-719	Diapasmate	
9-14	720-726	fæieni	
9-15	726-727	,	
9-16	731-735	Sunt	
9-17	735-736	,	
9-18	737-740	qui	
9-19	741-750	Pastillos	
9-20	751-757	semper	
9-21	758-763	olere	
9-22	764-771	student	
9-23	771-772	.	

#Text=Sunt , quibus arrident nidores usø Popinæ,
#Text=
#Text=
#Text=
#Text=Sunt,
#Text=
#Text=
#Text=
#Text=
#Text=
#Text=1
#Text=
#Text=
#Text=
#Text=Sunt, quéis Cauponæ fumida te&ta placent.
10-1	773-777	Sunt	
10-2	778-779	,	
10-3	780-786	quibus	
10-4	787-795	arrident	
10-5	796-803	nidores	
10-6	804-807	usø	
10-7	808-814	Popinæ	
10-8	814-815	,	
10-9	819-823	Sunt	
10-10	823-824	,	
10-11	830-831	1	
10-12	835-839	Sunt	
10-13	839-840	,	
10-14	841-846	quéis	
10-15	847-854	Cauponæ	
10-16	855-861	fumida	
10-17	862-864	te	
10-18	864-865	&	
10-19	865-867	ta	
10-20	868-875	placent	
10-21	875-876	.	

#Text=Sunt, qui sčitando súbolent, fi fortè reclusâ
#Text=
#Text=
#Text=
#Text=Infelix flatum pyxide Crispus agit;
#Text=
#Text=Dum potius nalum chartis immittere debent,
#Text=
#Text=
#Text=
#Text=Hesperidum fpirans ut capiatur odor.
11-1	877-881	Sunt	
11-2	881-882	,	
11-3	883-886	qui	
11-4	887-895	sčitando	
11-5	896-904	súbolent	
11-6	904-905	,	
11-7	906-908	fi	
11-8	909-914	fortè	
11-9	915-922	reclusâ	
11-10	926-933	Infelix	
11-11	934-940	flatum	
11-12	941-947	pyxide	
11-13	948-955	Crispus	
11-14	956-960	agit	
11-15	960-961	;	
11-16	963-966	Dum	
11-17	967-973	potius	
11-18	974-979	nalum	
11-19	980-987	chartis	
11-20	988-997	immittere	
11-21	998-1004	debent	
11-22	1004-1005	,	
11-23	1009-1019	Hesperidum	
11-24	1020-1027	fpirans	
11-25	1028-1030	ut	
11-26	1031-1039	capiatur	
11-27	1040-1044	odor	
11-28	1044-1045	.	

#Text=Ar Noster REPPLERUS, Amomi ille&us amore
#Text=
#Text=
#Text=
#Text=Fragrantisg Thymi, quæ Jovis arva colunt,
#Text=
#Text=Gestic odoriferam versando evolvere pbaram,
#Text=
#Text=
#Text=
#Text=Indagato Sagax, quomodo fiat Odor.
12-1	1046-1048	Ar	
12-2	1049-1055	Noster	
12-3	1056-1065	REPPLERUS	
12-4	1065-1066	,	
12-5	1067-1072	Amomi	
12-6	1073-1077	ille	
12-7	1077-1078	&	
12-8	1078-1080	us	
12-9	1081-1086	amore	
12-10	1090-1101	Fragrantisg	
12-11	1102-1107	Thymi	
12-12	1107-1108	,	
12-13	1109-1112	quæ	
12-14	1113-1118	Jovis	
12-15	1119-1123	arva	
12-16	1124-1130	colunt	
12-17	1130-1131	,	
12-18	1133-1139	Gestic	
12-19	1140-1150	odoriferam	
12-20	1151-1159	versando	
12-21	1160-1168	evolvere	
12-22	1169-1175	pbaram	
12-23	1175-1176	,	
12-24	1180-1188	Indagato	
12-25	1189-1194	Sagax	
12-26	1194-1195	,	
12-27	1196-1203	quomodo	
12-28	1204-1208	fiat	
12-29	1209-1213	Odor	
12-30	1213-1214	.	

#Text=Ergo, fuis balans Parnassia Laudibus Hybla
#Text=
#Text=
#Text=
#Text=Quin trahat & plures, non dubitamus, Apes.
13-1	1215-1219	Ergo	
13-2	1219-1220	,	
13-3	1221-1225	fuis	
13-4	1226-1232	balans	
13-5	1233-1242	Parnassia	
13-6	1243-1251	Laudibus	
13-7	1252-1257	Hybla	
13-8	1261-1265	Quin	
13-9	1266-1272	trahat	
13-10	1273-1274	&	
13-11	1275-1281	plures	
13-12	1281-1282	,	
13-13	1283-1286	non	
13-14	1287-1296	dubitamus	
13-15	1296-1297	,	
13-16	1298-1302	Apes	
13-17	1302-1303	.	

#Text=Inde fubolfaciet quis non præfagia Lauri?
14-1	1304-1308	Inde	
14-2	1309-1320	fubolfaciet	
14-3	1321-1325	quis	
14-4	1326-1329	non	
14-5	1330-1338	præfagia	
14-6	1339-1344	Lauri	
14-7	1344-1345	?	

#Text=Munera quis plausùs non adolebit ei?
15-1	1346-1352	Munera	
15-2	1353-1357	quis	
15-3	1358-1365	plausùs	
15-4	1366-1369	non	
15-5	1370-1378	adolebit	
15-6	1379-1381	ei	
15-7	1381-1382	?	

#Text=(2623623:
#Text=
#Text=630633831
#Text=
#Text=Viro- fuveni
#Text=
#Text=Præstantissimo, literisg & moribus ornatiffimo;
#Text=
#Text=
#Text=
#Text=Confanguineo fuo perdile&to,
#Text=
#Text=Dn.
16-1	1383-1384	(	
16-2	1384-1391	2623623	
16-3	1391-1392	:	
16-4	1394-1403	630633831	
16-5	1405-1409	Viro	
16-6	1409-1410	-	
16-7	1411-1417	fuveni	
16-8	1419-1433	Præstantissimo	
16-9	1433-1434	,	
16-10	1435-1443	literisg	
16-11	1444-1445	&	
16-12	1446-1453	moribus	
16-13	1454-1465	ornatiffimo	
16-14	1465-1466	;	
16-15	1470-1482	Confanguineo	
16-16	1483-1486	fuo	
16-17	1487-1494	perdile	
16-18	1494-1495	&	
16-19	1495-1497	to	
16-20	1497-1498	,	
16-21	1500-1502	Dn	
16-22	1502-1503	.	

#Text=ANDREÅ REPPLERO,
#Text=
#Text=De Odoribus egregiè disserenti.
17-1	1504-1510	ANDREÅ	
17-2	1511-1519	REPPLERO	
17-3	1519-1520	,	
17-4	1522-1524	De	
17-5	1525-1533	Odoribus	
17-6	1534-1541	egregiè	
17-7	1542-1552	disserenti	
17-8	1552-1553	.	

#Text=S.
18-1	1554-1555	S	
18-2	1555-1556	.	

#Text=P.
19-1	1557-1558	P	
19-2	1558-1559	.	

#Text=D.
20-1	1560-1561	D	
20-2	1561-1562	.	

#Text=Henr.
#Text=entrand.
21-1	1564-1568	Henr	
21-2	1568-1569	.	
21-3	1570-1577	entrand	
21-4	1577-1578	.	

#Text=J.
22-1	1579-1580	J	
22-2	1580-1581	.	

#Text=Mnibus quidem erectioris ingenii hominibus insis ta eft å natura gloriæ quædam cupiditas: veram
#Text=
#Text=autem gloriam oppidò pauci consequuntur; Pluri.
#Text=mi quippe virtutis, quà folâ vera paratur gloria, magnå difficultate abfterriti, seriam cd operam navare detrectant; ideoque laborem defugientes, laboris quoğ; fructu fraudan
#Text=
#Text=tur,
#Text=
#Text=
#Text=
#Text=
#Text=
#Text=tur, desiderataque frustrantur gloria.
23-1	1582-1588	Mnibus	
23-2	1589-1595	quidem	
23-3	1596-1606	erectioris	
23-4	1607-1614	ingenii	
23-5	1615-1624	hominibus	
23-6	1625-1630	insis	
23-7	1631-1633	ta	
23-8	1634-1637	eft	
23-9	1638-1639	å	
23-10	1640-1646	natura	
23-11	1647-1653	gloriæ	
23-12	1654-1660	quædam	
23-13	1661-1670	cupiditas	
23-14	1670-1671	:	
23-15	1672-1677	veram	
23-16	1679-1684	autem	
23-17	1685-1692	gloriam	
23-18	1693-1699	oppidò	
23-19	1700-1705	pauci	
23-20	1706-1718	consequuntur	
23-21	1718-1719	;	
23-22	1720-1725	Pluri	
23-23	1725-1726	.	
23-24	1727-1729	mi	
23-25	1730-1736	quippe	
23-26	1737-1745	virtutis	
23-27	1745-1746	,	
23-28	1747-1750	quà	
23-29	1751-1755	folâ	
23-30	1756-1760	vera	
23-31	1761-1768	paratur	
23-32	1769-1775	gloria	
23-33	1775-1776	,	
23-34	1777-1782	magnå	
23-35	1783-1795	difficultate	
23-36	1796-1806	abfterriti	
23-37	1806-1807	,	
23-38	1808-1814	seriam	
23-39	1815-1817	cd	
23-40	1818-1824	operam	
23-41	1825-1831	navare	
23-42	1832-1842	detrectant	
23-43	1842-1843	;	
23-44	1844-1851	ideoque	
23-45	1852-1859	laborem	
23-46	1860-1871	defugientes	
23-47	1871-1872	,	
23-48	1873-1880	laboris	
23-49	1881-1885	quoğ	
23-50	1885-1886	;	
23-51	1887-1893	fructu	
23-52	1894-1901	fraudan	
23-53	1903-1906	tur	
23-54	1906-1907	,	
23-55	1913-1916	tur	
23-56	1916-1917	,	
23-57	1918-1931	desiderataque	
23-58	1932-1943	frustrantur	
23-59	1944-1950	gloria	
23-60	1950-1951	.	

#Text=Quibuscumý; igitur gloria curæ eft cordiğ;, iis in virtutis via impigre de: currendum est, plurimique labores ftrenue exantlandi, atá occurrentes quælibet difficultates animo immoto & lustinendæ & superandæ; ut ad honorem tandem gloriamque feliciter pervenire possint: Inter omnes autem ad veram gloriam ducentes vias, vix ulla difficilior eft aut ardua magis, quam illa literarum: qua, per varia fcientiarum artiumg; genera, indefeffo studio & inexhaustis diurnis no cturnisque laboribus , spretis omnibus & voluptatum illecebris, & dissicultatum molestiis, ad eruditionem ac doctrinam, quæq; eam consequitur, laudem & gloriam solidam, parandam contenditur.
24-1	1952-1962	Quibuscumý	
24-2	1962-1963	;	
24-3	1964-1970	igitur	
24-4	1971-1977	gloria	
24-5	1978-1982	curæ	
24-6	1983-1986	eft	
24-7	1987-1993	cordiğ	
24-8	1993-1994	;	
24-9	1994-1995	,	
24-10	1996-1999	iis	
24-11	2000-2002	in	
24-12	2003-2011	virtutis	
24-13	2012-2015	via	
24-14	2016-2023	impigre	
24-15	2024-2026	de	
24-16	2026-2027	:	
24-17	2028-2037	currendum	
24-18	2038-2041	est	
24-19	2041-2042	,	
24-20	2043-2053	plurimique	
24-21	2054-2061	labores	
24-22	2062-2069	ftrenue	
24-23	2070-2080	exantlandi	
24-24	2080-2081	,	
24-25	2082-2085	atá	
24-26	2086-2097	occurrentes	
24-27	2098-2106	quælibet	
24-28	2107-2120	difficultates	
24-29	2121-2126	animo	
24-30	2127-2133	immoto	
24-31	2134-2135	&	
24-32	2136-2146	lustinendæ	
24-33	2147-2148	&	
24-34	2149-2158	superandæ	
24-35	2158-2159	;	
24-36	2160-2162	ut	
24-37	2163-2165	ad	
24-38	2166-2173	honorem	
24-39	2174-2180	tandem	
24-40	2181-2191	gloriamque	
24-41	2192-2201	feliciter	
24-42	2202-2211	pervenire	
24-43	2212-2219	possint	
24-44	2219-2220	:	
24-45	2221-2226	Inter	
24-46	2227-2232	omnes	
24-47	2233-2238	autem	
24-48	2239-2241	ad	
24-49	2242-2247	veram	
24-50	2248-2255	gloriam	
24-51	2256-2264	ducentes	
24-52	2265-2269	vias	
24-53	2269-2270	,	
24-54	2271-2274	vix	
24-55	2275-2279	ulla	
24-56	2280-2291	difficilior	
24-57	2292-2295	eft	
24-58	2296-2299	aut	
24-59	2300-2305	ardua	
24-60	2306-2311	magis	
24-61	2311-2312	,	
24-62	2313-2317	quam	
24-63	2318-2322	illa	
24-64	2323-2332	literarum	
24-65	2332-2333	:	
24-66	2334-2337	qua	
24-67	2337-2338	,	
24-68	2339-2342	per	
24-69	2343-2348	varia	
24-70	2349-2360	fcientiarum	
24-71	2361-2368	artiumg	
24-72	2368-2369	;	
24-73	2370-2376	genera	
24-74	2376-2377	,	
24-75	2378-2387	indefeffo	
24-76	2388-2394	studio	
24-77	2395-2396	&	
24-78	2397-2408	inexhaustis	
24-79	2409-2416	diurnis	
24-80	2417-2419	no	
24-81	2420-2430	cturnisque	
24-82	2431-2440	laboribus	
24-83	2441-2442	,	
24-84	2443-2450	spretis	
24-85	2451-2458	omnibus	
24-86	2459-2460	&	
24-87	2461-2471	voluptatum	
24-88	2472-2482	illecebris	
24-89	2482-2483	,	
24-90	2484-2485	&	
24-91	2486-2499	dissicultatum	
24-92	2500-2509	molestiis	
24-93	2509-2510	,	
24-94	2511-2513	ad	
24-95	2514-2525	eruditionem	
24-96	2526-2528	ac	
24-97	2529-2538	doctrinam	
24-98	2538-2539	,	
24-99	2540-2544	quæq	
24-100	2544-2545	;	
24-101	2546-2549	eam	
24-102	2550-2561	consequitur	
24-103	2561-2562	,	
24-104	2563-2569	laudem	
24-105	2570-2571	&	
24-106	2572-2579	gloriam	
24-107	2580-2587	solidam	
24-108	2587-2588	,	
24-109	2589-2597	parandam	
24-110	2598-2609	contenditur	
24-111	2609-2610	.	
