#FORMAT=WebAnno TSV 3.3


#Text=Ik wensche, dat zy, die hunne behoudenis lief hebben, al wat ik hier omtrent gezegd 
#Text=heb, met bedaardheid overweegen;
#Text=dewyl
#Text=ik geenszins
#Text=twyfele, of zy zullen my den 
#Text=
#Text=een of anderen tyd eenigen dank weeten, dat ik hun de middelen onder het oog 
#Text=gebragt hebbe, waar door zy van zo veele ziekten, die hen maar al te dikwyls 
#Text=plaagen, kunnen geneezen worden.
1-1	2-4	Ik	
1-2	5-12	wensche	
1-3	12-13	,	
1-4	14-17	dat	
1-5	18-20	zy	
1-6	20-21	,	
1-7	22-25	die	
1-8	26-31	hunne	
1-9	32-42	behoudenis	
1-10	43-47	lief	
1-11	48-54	hebben	
1-12	54-55	,	
1-13	56-58	al	
1-14	59-62	wat	
1-15	63-65	ik	
1-16	66-70	hier	
1-17	71-78	omtrent	
1-18	79-85	gezegd	
1-19	87-90	heb	
1-20	90-91	,	
1-21	92-95	met	
1-22	96-107	bedaardheid	
1-23	108-118	overweegen	
1-24	118-119	;	
1-25	120-125	dewyl	
1-26	126-128	ik	
1-27	129-138	geenszins	
1-28	139-146	twyfele	
1-29	146-147	,	
1-30	148-150	of	
1-31	151-153	zy	
1-32	154-160	zullen	
1-33	161-163	my	
1-34	164-167	den	
1-35	170-173	een	
1-36	174-176	of	
1-37	177-184	anderen	
1-38	185-188	tyd	
1-39	189-196	eenigen	
1-40	197-201	dank	
1-41	202-208	weeten	
1-42	208-209	,	
1-43	210-213	dat	
1-44	214-216	ik	
1-45	217-220	hun	
1-46	221-223	de	
1-47	224-232	middelen	
1-48	233-238	onder	
1-49	239-242	het	
1-50	243-246	oog	
1-51	248-255	gebragt	
1-52	256-261	hebbe	
1-53	261-262	,	
1-54	263-267	waar	
1-55	268-272	door	
1-56	273-275	zy	
1-57	276-279	van	
1-58	280-282	zo	
1-59	283-288	veele	
1-60	289-296	ziekten	
1-61	296-297	,	
1-62	298-301	die	
1-63	302-305	hen	
1-64	306-310	maar	
1-65	311-313	al	
1-66	314-316	te	
1-67	317-324	dikwyls	
1-68	326-333	plaagen	
1-69	333-334	,	
1-70	335-341	kunnen	
1-71	342-350	geneezen	
1-72	351-357	worden	
1-73	357-358	.	

#Text=Mogten de beweegredenen, die my bestieren,
#Text=
#Text=indruk maaken op alle de geenen, die de menschelykheid tot hun deel hebben, en 
#Text=hen aanzetten, om overeenkomstig met myne oogmerken te handelen, en dus
#Text=mynen arbeid tot nut der inwooners van deze Kolonie te doen gedyen.
2-1	359-365	Mogten	
2-2	366-368	de	
2-3	369-382	beweegredenen	
2-4	382-383	,	
2-5	384-387	die	
2-6	388-390	my	
2-7	391-400	bestieren	
2-8	400-401	,	
2-9	403-409	indruk	
2-10	410-416	maaken	
2-11	417-419	op	
2-12	420-424	alle	
2-13	425-427	de	
2-14	428-434	geenen	
2-15	434-435	,	
2-16	436-439	die	
2-17	440-442	de	
2-18	443-457	menschelykheid	
2-19	458-461	tot	
2-20	462-465	hun	
2-21	466-470	deel	
2-22	471-477	hebben	
2-23	477-478	,	
2-24	479-481	en	
2-25	483-486	hen	
2-26	487-496	aanzetten	
2-27	496-497	,	
2-28	498-500	om	
2-29	501-515	overeenkomstig	
2-30	516-519	met	
2-31	520-524	myne	
2-32	525-534	oogmerken	
2-33	535-537	te	
2-34	538-546	handelen	
2-35	546-547	,	
2-36	548-550	en	
2-37	551-554	dus	
2-38	555-560	mynen	
2-39	561-567	arbeid	
2-40	568-571	tot	
2-41	572-575	nut	
2-42	576-579	der	
2-43	580-589	inwooners	
2-44	590-593	van	
2-45	594-598	deze	
2-46	599-606	Kolonie	
2-47	607-609	te	
2-48	610-614	doen	
2-49	615-621	gedyen	
2-50	621-622	.	

#Text=Zeventiende hoofdstuk.
3-1	625-636	Zeventiende	
3-2	637-646	hoofdstuk	
3-3	646-647	.	

#Text=Beschryving van het bekwaame Timmerhout, en de gommen, die 
#Text='er uit druipen.
4-1	649-660	Beschryving	
4-2	661-664	van	
4-3	665-668	het	
4-4	669-677	bekwaame	
4-5	678-688	Timmerhout	
4-6	688-689	,	
4-7	690-692	en	
4-8	693-695	de	
4-9	696-702	gommen	
4-10	702-703	,	
4-11	704-707	die	
4-12	709-710	'	
4-13	710-712	er	
4-14	713-716	uit	
4-15	717-724	druipen	
4-16	724-725	.	

#Text=Een ieder weet, dat het hout eene stof is, welke ons het binnenste der boomen of
#Text=
#Text=
#Text=
#Text=
#Text=
#Text=boomgewassen verschaft, die niet alleen, in de verscheidene soorten van boomen, 
#Text=in zwaarte, dikte, en hardigheid verschilt, maar zelfs ook in de geenen, die van een 
#Text=en de zelfde soorte zyn, maar in onderscheidene gronden of luchtstreeken 
#Text=voortkomen.
5-1	728-731	Een	
5-2	732-737	ieder	
5-3	738-742	weet	
5-4	742-743	,	
5-5	744-747	dat	
5-6	748-751	het	
5-7	752-756	hout	
5-8	757-761	eene	
5-9	762-766	stof	
5-10	767-769	is	
5-11	769-770	,	
5-12	771-776	welke	
5-13	777-780	ons	
5-14	781-784	het	
5-15	785-794	binnenste	
5-16	795-798	der	
5-17	799-805	boomen	
5-18	806-808	of	
5-19	814-826	boomgewassen	
5-20	827-836	verschaft	
5-21	836-837	,	
5-22	838-841	die	
5-23	842-846	niet	
5-24	847-853	alleen	
5-25	853-854	,	
5-26	855-857	in	
5-27	858-860	de	
5-28	861-873	verscheidene	
5-29	874-881	soorten	
5-30	882-885	van	
5-31	886-892	boomen	
5-32	892-893	,	
5-33	895-897	in	
5-34	898-905	zwaarte	
5-35	905-906	,	
5-36	907-912	dikte	
5-37	912-913	,	
5-38	914-916	en	
5-39	917-927	hardigheid	
5-40	928-937	verschilt	
5-41	937-938	,	
5-42	939-943	maar	
5-43	944-949	zelfs	
5-44	950-953	ook	
5-45	954-956	in	
5-46	957-959	de	
5-47	960-966	geenen	
5-48	966-967	,	
5-49	968-971	die	
5-50	972-975	van	
5-51	976-979	een	
5-52	981-983	en	
5-53	984-986	de	
5-54	987-993	zelfde	
5-55	994-1000	soorte	
5-56	1001-1004	zyn	
5-57	1004-1005	,	
5-58	1006-1010	maar	
5-59	1011-1013	in	
5-60	1014-1028	onderscheidene	
5-61	1029-1036	gronden	
5-62	1037-1039	of	
5-63	1040-1053	luchtstreeken	
5-64	1055-1065	voortkomen	
5-65	1065-1066	.	

#Text=De digtheid van het hout heeft altyd overeenkomst met den tyd van deszelfs groei;
#Text=
#Text=want hoe langzaamer het hout wast, hoe harder, het wordt.
6-1	1071-1073	De	
6-2	1074-1082	digtheid	
6-3	1083-1086	van	
6-4	1087-1090	het	
6-5	1091-1095	hout	
6-6	1096-1101	heeft	
6-7	1102-1107	altyd	
6-8	1108-1120	overeenkomst	
6-9	1121-1124	met	
6-10	1125-1128	den	
6-11	1129-1132	tyd	
6-12	1133-1136	van	
6-13	1137-1145	deszelfs	
6-14	1146-1151	groei	
6-15	1151-1152	;	
6-16	1154-1158	want	
6-17	1159-1162	hoe	
6-18	1163-1173	langzaamer	
6-19	1174-1177	het	
6-20	1178-1182	hout	
6-21	1183-1187	wast	
6-22	1187-1188	,	
6-23	1189-1192	hoe	
6-24	1193-1199	harder	
6-25	1199-1200	,	
6-26	1201-1204	het	
6-27	1205-1210	wordt	
6-28	1210-1211	.	

#Text=De verschillende natuur 
#Text=der houtgewassen, waarvan zommigen zich beter houden onder het water, en 
#Text=anderen wederom langer duuren in drooge landen, maakt, dat men dezelven tot 
#Text=veele zaaken kan gebruiken, hoe harder zy derhalve zyn, hoe beter tot allerleie 
#Text=soorten van werk.
7-1	1212-1214	De	
7-2	1215-1228	verschillende	
7-3	1229-1235	natuur	
7-4	1237-1240	der	
7-5	1241-1253	houtgewassen	
7-6	1253-1254	,	
7-7	1255-1262	waarvan	
7-8	1263-1271	zommigen	
7-9	1272-1276	zich	
7-10	1277-1282	beter	
7-11	1283-1289	houden	
7-12	1290-1295	onder	
7-13	1296-1299	het	
7-14	1300-1305	water	
7-15	1305-1306	,	
7-16	1307-1309	en	
7-17	1311-1318	anderen	
7-18	1319-1326	wederom	
7-19	1327-1333	langer	
7-20	1334-1340	duuren	
7-21	1341-1343	in	
7-22	1344-1350	drooge	
7-23	1351-1357	landen	
7-24	1357-1358	,	
7-25	1359-1364	maakt	
7-26	1364-1365	,	
7-27	1366-1369	dat	
7-28	1370-1373	men	
7-29	1374-1382	dezelven	
7-30	1383-1386	tot	
7-31	1388-1393	veele	
7-32	1394-1400	zaaken	
7-33	1401-1404	kan	
7-34	1405-1414	gebruiken	
7-35	1414-1415	,	
7-36	1416-1419	hoe	
7-37	1420-1426	harder	
7-38	1427-1429	zy	
7-39	1430-1438	derhalve	
7-40	1439-1442	zyn	
7-41	1442-1443	,	
7-42	1444-1447	hoe	
7-43	1448-1453	beter	
7-44	1454-1457	tot	
7-45	1458-1467	allerleie	
7-46	1469-1476	soorten	
7-47	1477-1480	van	
7-48	1481-1485	werk	
7-49	1485-1486	.	

#Text=In Suriname ontbreekt het aan geen bekwaam timmerhout, en 
#Text=daar men zich zonder onderscheid van kan bedienen;
#Text=maar het is buitenspoorig 
#Text=duur, om dat het grootste gedeelte, en wel voornaamlyk dat men 't meeste van 
#Text=nooden zou hebben, zo hard is om te bewerken, dat de Negers, die uit de natuur
#Text=lui zyn, zich door de zwaarigheden laaten afschrikken, en 'er niet veel werk van 
#Text=maaken.
8-1	1487-1489	In	
8-2	1490-1498	Suriname	
8-3	1499-1508	ontbreekt	
8-4	1509-1512	het	
8-5	1513-1516	aan	
8-6	1517-1521	geen	
8-7	1522-1529	bekwaam	
8-8	1530-1540	timmerhout	
8-9	1540-1541	,	
8-10	1542-1544	en	
8-11	1546-1550	daar	
8-12	1551-1554	men	
8-13	1555-1559	zich	
8-14	1560-1566	zonder	
8-15	1567-1578	onderscheid	
8-16	1579-1582	van	
8-17	1583-1586	kan	
8-18	1587-1595	bedienen	
8-19	1595-1596	;	
8-20	1597-1601	maar	
8-21	1602-1605	het	
8-22	1606-1608	is	
8-23	1609-1622	buitenspoorig	
8-24	1624-1628	duur	
8-25	1628-1629	,	
8-26	1630-1632	om	
8-27	1633-1636	dat	
8-28	1637-1640	het	
8-29	1641-1649	grootste	
8-30	1650-1658	gedeelte	
8-31	1658-1659	,	
8-32	1660-1662	en	
8-33	1663-1666	wel	
8-34	1667-1678	voornaamlyk	
8-35	1679-1682	dat	
8-36	1683-1686	men	
8-37	1687-1688	'	
8-38	1688-1689	t	
8-39	1690-1696	meeste	
8-40	1697-1700	van	
8-41	1702-1708	nooden	
8-42	1709-1712	zou	
8-43	1713-1719	hebben	
8-44	1719-1720	,	
8-45	1721-1723	zo	
8-46	1724-1728	hard	
8-47	1729-1731	is	
8-48	1732-1734	om	
8-49	1735-1737	te	
8-50	1738-1746	bewerken	
8-51	1746-1747	,	
8-52	1748-1751	dat	
8-53	1752-1754	de	
8-54	1755-1761	Negers	
8-55	1761-1762	,	
8-56	1763-1766	die	
8-57	1767-1770	uit	
8-58	1771-1773	de	
8-59	1774-1780	natuur	
8-60	1781-1784	lui	
8-61	1785-1788	zyn	
8-62	1788-1789	,	
8-63	1790-1794	zich	
8-64	1795-1799	door	
8-65	1800-1802	de	
8-66	1803-1815	zwaarigheden	
8-67	1816-1822	laaten	
8-68	1823-1834	afschrikken	
8-69	1834-1835	,	
8-70	1836-1838	en	
8-71	1839-1840	'	
8-72	1840-1842	er	
8-73	1843-1847	niet	
8-74	1848-1852	veel	
8-75	1853-1857	werk	
8-76	1858-1861	van	
8-77	1863-1869	maaken	
8-78	1869-1870	.	

#Text=Zie hier eene lyst van alle die soorten van hout
9-1	1871-1874	Zie	
9-2	1875-1879	hier	
9-3	1880-1884	eene	
9-4	1885-1889	lyst	
9-5	1890-1893	van	
9-6	1894-1898	alle	
9-7	1899-1902	die	
9-8	1903-1910	soorten	
9-9	1911-1914	van	
9-10	1915-1919	hout	

#Text=.
10-1	1919-1920	.	

#Text=+
#Text=Het Boltri-hout is niet alleen hard en vast, maar kan ook de ongemakken van de 
#Text=lucht verduuren;
11-1	1926-1927	+	
11-2	1928-1931	Het	
11-3	1932-1943	Boltri-hout	
11-4	1944-1946	is	
11-5	1947-1951	niet	
11-6	1952-1958	alleen	
11-7	1959-1963	hard	
11-8	1964-1966	en	
11-9	1967-1971	vast	
11-10	1971-1972	,	
11-11	1973-1977	maar	
11-12	1978-1981	kan	
11-13	1982-1985	ook	
11-14	1986-1988	de	
11-15	1989-1999	ongemakken	
11-16	2000-2003	van	
11-17	2004-2006	de	
11-18	2008-2013	lucht	
11-19	2014-2023	verduuren	
11-20	2023-2024	;	
