#FORMAT=WebAnno TSV 3.3


#Text=en men verbeelde daar aan tekens,
#Text=waar van de zelve haar benaaminge droegen, die'er ook wel aan wierden
#Text=geschreeven;
#Text=als van Leeuwen, Paerden, en Tritons: een vergulden of geschilderden
#Text=
#Text=Godt Apol, Jupyn, Isis, AEsculaap, een Dwerg, een Reus, en anderen
#Text=, zag men
#Text=
#Text=daar vertoont:
#Text=gelyk ook levenlooze ken-tekens; by voorbeeldt, een Helmet, ook 't
#Text=Geloof, Voorzigtigheit, en zoo voorts;
#Text=als wydtloopig, klaar, en byzonder volmaakt,
#Text=uit de Grieksche en Latynsche oudtheit, met aantooging veeler voorbeelden der
#Text=eigene Schryvers, zulks is betoont door den hooghgeleerden en vermaarden
#Text=Heer
#Text=
#Text=Raphaël
#Text=Fabretti
#Text=, in zyn nooit volpreezen, gront-geleert, en doorluchtigh werk van
#Text=den Trajaanschen Zegen-zuil, in 't licht gebraght tot Romen na den eersten uitgeef
#Text=myner Scheeps-bouw.
1-1	2-4	en	
1-2	5-8	men	
1-3	9-18	verbeelde	
1-4	19-23	daar	
1-5	24-27	aan	
1-6	28-34	tekens	
1-7	34-35	,	
1-8	36-40	waar	
1-9	41-44	van	
1-10	45-47	de	
1-11	48-53	zelve	
1-12	54-58	haar	
1-13	59-69	benaaminge	
1-14	70-77	droegen	
1-15	77-78	,	
1-16	79-85	die'er	
1-17	86-89	ook	
1-18	90-93	wel	
1-19	94-97	aan	
1-20	98-105	wierden	
1-21	106-117	geschreeven	
1-22	117-118	;	
1-23	119-122	als	
1-24	123-126	van	
1-25	127-134	Leeuwen	
1-26	134-135	,	
1-27	136-143	Paerden	
1-28	143-144	,	
1-29	145-147	en	
1-30	148-155	Tritons	
1-31	155-156	:	
1-32	157-160	een	
1-33	161-170	vergulden	
1-34	171-173	of	
1-35	174-187	geschilderden	
1-36	189-193	Godt	
1-37	194-198	Apol	
1-38	198-199	,	
1-39	200-205	Jupyn	
1-40	205-206	,	
1-41	207-211	Isis	
1-42	211-212	,	
1-43	213-222	AEsculaap	
1-44	222-223	,	
1-45	224-227	een	
1-46	228-233	Dwerg	
1-47	233-234	,	
1-48	235-238	een	
1-49	239-243	Reus	
1-50	243-244	,	
1-51	245-247	en	
1-52	248-255	anderen	
1-53	256-257	,	
1-54	258-261	zag	
1-55	262-265	men	
1-56	267-271	daar	
1-57	272-280	vertoont	
1-58	280-281	:	
1-59	282-287	gelyk	
1-60	288-291	ook	
1-61	292-302	levenlooze	
1-62	303-313	ken-tekens	
1-63	313-314	;	
1-64	315-317	by	
1-65	318-328	voorbeeldt	
1-66	328-329	,	
1-67	330-333	een	
1-68	334-340	Helmet	
1-69	340-341	,	
1-70	342-345	ook	
1-71	346-347	'	
1-72	347-348	t	
1-73	349-355	Geloof	
1-74	355-356	,	
1-75	357-371	Voorzigtigheit	
1-76	371-372	,	
1-77	373-375	en	
1-78	376-379	zoo	
1-79	380-386	voorts	
1-80	386-387	;	
1-81	388-391	als	
1-82	392-402	wydtloopig	
1-83	402-403	,	
1-84	404-409	klaar	
1-85	409-410	,	
1-86	411-413	en	
1-87	414-422	byzonder	
1-88	423-431	volmaakt	
1-89	431-432	,	
1-90	433-436	uit	
1-91	437-439	de	
1-92	440-449	Grieksche	
1-93	450-452	en	
1-94	453-462	Latynsche	
1-95	463-471	oudtheit	
1-96	471-472	,	
1-97	473-476	met	
1-98	477-487	aantooging	
1-99	488-494	veeler	
1-100	495-506	voorbeelden	
1-101	507-510	der	
1-102	511-517	eigene	
1-103	518-527	Schryvers	
1-104	527-528	,	
1-105	529-534	zulks	
1-106	535-537	is	
1-107	538-545	betoont	
1-108	546-550	door	
1-109	551-554	den	
1-110	555-569	hooghgeleerden	
1-111	570-572	en	
1-112	573-583	vermaarden	
1-113	584-588	Heer	
1-114	590-597	Raphaël	
1-115	598-606	Fabretti	
1-116	607-608	,	
1-117	609-611	in	
1-118	612-615	zyn	
1-119	616-621	nooit	
1-120	622-632	volpreezen	
1-121	632-633	,	
1-122	634-647	gront-geleert	
1-123	647-648	,	
1-124	649-651	en	
1-125	652-664	doorluchtigh	
1-126	665-669	werk	
1-127	670-673	van	
1-128	674-677	den	
1-129	678-690	Trajaanschen	
1-130	691-701	Zegen-zuil	
1-131	701-702	,	
1-132	703-705	in	
1-133	706-707	'	
1-134	707-708	t	
1-135	709-714	licht	
1-136	715-723	gebraght	
1-137	724-727	tot	
1-138	728-733	Romen	
1-139	734-736	na	
1-140	737-740	den	
1-141	741-748	eersten	
1-142	749-756	uitgeef	
1-143	757-762	myner	
1-144	763-775	Scheeps-bouw	
1-145	775-776	.	

#Text=Hy vertoont, onder andere overblyfzelen der vermaarde
#Text=oudtheit, eenige in steen gehouwene gedenkschriften, ter eeren dapperer
#Text=Zee-helden, nooit voor deezen dus in't gemein gezien, waar onder zyn deeze drie
#Text=volgende.
2-1	777-779	Hy	
2-2	780-788	vertoont	
2-3	788-789	,	
2-4	790-795	onder	
2-5	796-802	andere	
2-6	803-816	overblyfzelen	
2-7	817-820	der	
2-8	821-830	vermaarde	
2-9	831-839	oudtheit	
2-10	839-840	,	
2-11	841-847	eenige	
2-12	848-850	in	
2-13	851-856	steen	
2-14	857-866	gehouwene	
2-15	867-882	gedenkschriften	
2-16	882-883	,	
2-17	884-887	ter	
2-18	888-893	eeren	
2-19	894-902	dapperer	
2-20	903-913	Zee-helden	
2-21	913-914	,	
2-22	915-920	nooit	
2-23	921-925	voor	
2-24	926-932	deezen	
2-25	933-936	dus	
2-26	937-941	in't	
2-27	942-948	gemein	
2-28	949-955	gezien	
2-29	955-956	,	
2-30	957-961	waar	
2-31	962-967	onder	
2-32	968-971	zyn	
2-33	972-977	deeze	
2-34	978-982	drie	
2-35	983-991	volgende	
2-36	991-992	.	

#Text=D.M.
3-1	994-997	D.M	
3-2	997-998	.	

#Text=T.
4-1	999-1000	T	
4-2	1000-1001	.	

#Text=FLAVIO.
5-1	1002-1008	FLAVIO	
5-2	1008-1009	.	

#Text=CANDIDIO
#Text=MILITI.
6-1	1010-1018	CANDIDIO	
6-2	1019-1025	MILITI	
6-3	1025-1026	.	

#Text=CLAS.
7-1	1027-1031	CLAS	
7-2	1031-1032	.	

#Text=PR.
8-1	1033-1035	PR	
8-2	1035-1036	.	

#Text=RA
#Text=BEN.
9-1	1037-1039	RA	
9-2	1040-1043	BEN	
9-3	1043-1044	.	

#Text=III.
10-1	1045-1048	III	
10-2	1048-1049	.	

#Text=HERCVLIS
#Text=NATIONE.
11-1	1050-1058	HERCVLIS	
11-2	1059-1066	NATIONE	
11-3	1066-1067	.	

#Text=SIRVS.
12-1	1068-1073	SIRVS	
12-2	1073-1074	.	

#Text=O
#Text=IVLIVS.
13-1	1075-1076	O	
13-2	1077-1083	IVLIVS	
13-3	1083-1084	.	
