#FORMAT=WebAnno TSV 3.3


#Text=de beek zich uitstortte, scheen het hun toe, dat de oevers van denzelven van geregeld op elkander geplaatste steenen gemaakt waren, waaruit zij opmaakten, dat de vijver door menschen handen gegraven was.
1-1	2-4	de	
1-2	5-9	beek	
1-3	10-14	zich	
1-4	15-25	uitstortte	
1-5	25-26	,	
1-6	27-33	scheen	
1-7	34-37	het	
1-8	38-41	hun	
1-9	42-45	toe	
1-10	45-46	,	
1-11	47-50	dat	
1-12	51-53	de	
1-13	54-60	oevers	
1-14	61-64	van	
1-15	65-74	denzelven	
1-16	75-78	van	
1-17	79-87	geregeld	
1-18	88-90	op	
1-19	91-99	elkander	
1-20	100-110	geplaatste	
1-21	111-118	steenen	
1-22	119-126	gemaakt	
1-23	127-132	waren	
1-24	132-133	,	
1-25	134-141	waaruit	
1-26	142-145	zij	
1-27	146-155	opmaakten	
1-28	155-156	,	
1-29	157-160	dat	
1-30	161-163	de	
1-31	164-170	vijver	
1-32	171-175	door	
1-33	176-184	menschen	
1-34	185-191	handen	
1-35	192-200	gegraven	
1-36	201-204	was	
1-37	204-205	.	

#Text=Zij naderden zoo digt mogelijk om de zaak van naderbij te onderzoeken, en werden allen overtuigd, dat de vijver gedeeltelijk het werk van menschen was.
2-1	206-209	Zij	
2-2	210-218	naderden	
2-3	219-222	zoo	
2-4	223-227	digt	
2-5	228-236	mogelijk	
2-6	237-239	om	
2-7	240-242	de	
2-8	243-247	zaak	
2-9	248-251	van	
2-10	252-260	naderbij	
2-11	261-263	te	
2-12	264-275	onderzoeken	
2-13	275-276	,	
2-14	277-279	en	
2-15	280-286	werden	
2-16	287-292	allen	
2-17	293-302	overtuigd	
2-18	302-303	,	
2-19	304-307	dat	
2-20	308-310	de	
2-21	311-317	vijver	
2-22	318-330	gedeeltelijk	
2-23	331-334	het	
2-24	335-339	werk	
2-25	340-343	van	
2-26	344-352	menschen	
2-27	353-356	was	
2-28	356-357	.	

#Text=Deze ontdekking vervulde hun allen met vreugde en moed, en deed de neerslagtigheid der beide jonge lieden meer en meer verdwijnen.
3-1	362-366	Deze	
3-2	367-377	ontdekking	
3-3	378-386	vervulde	
3-4	387-390	hun	
3-5	391-396	allen	
3-6	397-400	met	
3-7	401-408	vreugde	
3-8	409-411	en	
3-9	412-416	moed	
3-10	416-417	,	
3-11	418-420	en	
3-12	421-425	deed	
3-13	426-428	de	
3-14	429-444	neerslagtigheid	
3-15	445-448	der	
3-16	449-454	beide	
3-17	455-460	jonge	
3-18	461-467	lieden	
3-19	468-472	meer	
3-20	473-475	en	
3-21	476-480	meer	
3-22	481-491	verdwijnen	
3-23	491-492	.	

#Text=N 27.
4-1	495-496	N	
4-2	497-499	27	
4-3	499-500	.	

#Text=Eene vallei.
5-1	502-506	Eene	
5-2	507-513	vallei	
5-3	513-514	.	

#Text=Vermoeid van de langdurige en lastige reis, besloten zij zich ter ruste te begeven.
6-1	517-525	Vermoeid	
6-2	526-529	van	
6-3	530-532	de	
6-4	533-543	langdurige	
6-5	544-546	en	
6-6	547-554	lastige	
6-7	555-559	reis	
6-8	559-560	,	
6-9	561-569	besloten	
6-10	570-573	zij	
6-11	574-578	zich	
6-12	579-582	ter	
6-13	583-588	ruste	
6-14	589-591	te	
6-15	592-599	begeven	
6-16	599-600	.	

#Text=Voorzigtigheidshalve werd er echter besloten, dat een van hen bij beurten zoude
#Text=waken, terwijl de twee anderen konden slapen.
7-1	602-622	Voorzigtigheidshalve	
7-2	623-627	werd	
7-3	628-630	er	
7-4	631-637	echter	
7-5	638-646	besloten	
7-6	646-647	,	
7-7	648-651	dat	
7-8	652-655	een	
7-9	656-659	van	
7-10	660-663	hen	
7-11	664-667	bij	
7-12	668-675	beurten	
7-13	676-681	zoude	
7-14	682-687	waken	
7-15	687-688	,	
7-16	689-696	terwijl	
7-17	697-699	de	
7-18	700-704	twee	
7-19	705-712	anderen	
7-20	713-719	konden	
7-21	720-726	slapen	
7-22	726-727	.	

#Text=Gewikkeld in hunne pelzen legerden zich de stuurman en ALEXIS bij het vuur, terwijl zich IWAN had aangeboden het eerst de wacht te houden.
8-1	728-737	Gewikkeld	
8-2	738-740	in	
8-3	741-746	hunne	
8-4	747-753	pelzen	
8-5	754-762	legerden	
8-6	763-767	zich	
8-7	768-770	de	
8-8	771-779	stuurman	
8-9	780-782	en	
8-10	783-789	ALEXIS	
8-11	790-793	bij	
8-12	794-797	het	
8-13	798-802	vuur	
8-14	802-803	,	
8-15	804-811	terwijl	
8-16	812-816	zich	
8-17	817-821	IWAN	
8-18	822-825	had	
8-19	826-836	aangeboden	
8-20	837-840	het	
8-21	841-846	eerst	
8-22	847-849	de	
8-23	850-855	wacht	
8-24	856-858	te	
8-25	859-865	houden	
8-26	865-866	.	

#Text=In zulk een koud luchtsgestel onder den blooten hemel te gaan slapen, is geene aangename zaak;
#Text=maar onze reizigers waren Russen van Archangel, aan het noordelijke luchtsgestel gewoon.
9-1	867-869	In	
9-2	870-874	zulk	
9-3	875-878	een	
9-4	879-883	koud	
9-5	884-896	luchtsgestel	
9-6	897-902	onder	
9-7	903-906	den	
9-8	907-914	blooten	
9-9	915-920	hemel	
9-10	921-923	te	
9-11	924-928	gaan	
9-12	929-935	slapen	
9-13	935-936	,	
9-14	937-939	is	
9-15	940-945	geene	
9-16	946-955	aangename	
9-17	956-960	zaak	
9-18	960-961	;	
9-19	962-966	maar	
9-20	967-971	onze	
9-21	972-981	reizigers	
9-22	982-987	waren	
9-23	988-994	Russen	
9-24	995-998	van	
9-25	999-1008	Archangel	
9-26	1008-1009	,	
9-27	1010-1013	aan	
9-28	1014-1017	het	
9-29	1018-1029	noordelijke	
9-30	1030-1042	luchtsgestel	
9-31	1043-1049	gewoon	
9-32	1049-1050	.	

#Text=Zij zonden, vr zich neder te leggen, een gebed tot God, en betoonden
#Text=Hem hunne dankbaarheid, daar Hij hun hout had doen vinden om
#Text=
#Text=
#Text=
#Text=vuur te kunnen maken, en sliepen daarop spoedig in.
10-1	1051-1054	Zij	
10-2	1055-1061	zonden	
10-3	1061-1062	,	
10-4	1063-1065	vr	
10-5	1066-1070	zich	
10-6	1071-1076	neder	
10-7	1077-1079	te	
10-8	1080-1086	leggen	
10-9	1086-1087	,	
10-10	1088-1091	een	
10-11	1092-1097	gebed	
10-12	1098-1101	tot	
10-13	1102-1105	God	
10-14	1105-1106	,	
10-15	1107-1109	en	
10-16	1110-1119	betoonden	
10-17	1120-1123	Hem	
10-18	1124-1129	hunne	
10-19	1130-1142	dankbaarheid	
10-20	1142-1143	,	
10-21	1144-1148	daar	
10-22	1149-1152	Hij	
10-23	1153-1156	hun	
10-24	1157-1161	hout	
10-25	1162-1165	had	
10-26	1166-1170	doen	
10-27	1171-1177	vinden	
10-28	1178-1180	om	
10-29	1184-1188	vuur	
10-30	1189-1191	te	
10-31	1192-1198	kunnen	
10-32	1199-1204	maken	
10-33	1204-1205	,	
10-34	1206-1208	en	
10-35	1209-1216	sliepen	
10-36	1217-1223	daarop	
10-37	1224-1231	spoedig	
10-38	1232-1234	in	
10-39	1234-1235	.	

#Text=Bij den opgang der zon zochten zij lang te vergeefs naar eenen uitgang, om uit de vallei te komen;
#Text=eindelijk bespeurden zij in eene rots eene soort van trap, wier treden op gelijke afstanden in de rots waren uitgehouwen, hetgeen ten duidelijkste deed zien, dat aldaar menschen gewoond hadden.
11-1	1239-1242	Bij	
11-2	1243-1246	den	
11-3	1247-1253	opgang	
11-4	1254-1257	der	
11-5	1258-1261	zon	
11-6	1262-1269	zochten	
11-7	1270-1273	zij	
11-8	1274-1278	lang	
11-9	1279-1281	te	
11-10	1282-1290	vergeefs	
11-11	1291-1295	naar	
11-12	1296-1301	eenen	
11-13	1302-1309	uitgang	
11-14	1309-1310	,	
11-15	1311-1313	om	
11-16	1314-1317	uit	
11-17	1318-1320	de	
11-18	1321-1327	vallei	
11-19	1328-1330	te	
11-20	1331-1336	komen	
11-21	1336-1337	;	
11-22	1338-1347	eindelijk	
11-23	1348-1358	bespeurden	
11-24	1359-1362	zij	
11-25	1363-1365	in	
11-26	1366-1370	eene	
11-27	1371-1375	rots	
11-28	1376-1380	eene	
11-29	1381-1386	soort	
11-30	1387-1390	van	
11-31	1391-1395	trap	
11-32	1395-1396	,	
11-33	1397-1401	wier	
11-34	1402-1408	treden	
11-35	1409-1411	op	
11-36	1412-1419	gelijke	
11-37	1420-1429	afstanden	
11-38	1430-1432	in	
11-39	1433-1435	de	
11-40	1436-1440	rots	
11-41	1441-1446	waren	
11-42	1447-1458	uitgehouwen	
11-43	1458-1459	,	
11-44	1460-1467	hetgeen	
11-45	1468-1471	ten	
11-46	1472-1484	duidelijkste	
11-47	1485-1489	deed	
11-48	1490-1494	zien	
11-49	1494-1495	,	
11-50	1496-1499	dat	
11-51	1500-1506	aldaar	
11-52	1507-1515	menschen	
11-53	1516-1523	gewoond	
11-54	1524-1530	hadden	
11-55	1530-1531	.	

#Text=Dadelijk klommen zij dien trap op.
12-1	1532-1540	Dadelijk	
12-2	1541-1548	klommen	
12-3	1549-1552	zij	
12-4	1553-1557	dien	
12-5	1558-1562	trap	
12-6	1563-1565	op	
12-7	1565-1566	.	

#Text=Toen zij op eene zekere hoogte gekomen waren, zagen zij eenen weg, die mede door menschen gemaakt was, en om de rots kronkelde tot aan den top.
13-1	1567-1571	Toen	
13-2	1572-1575	zij	
13-3	1576-1578	op	
13-4	1579-1583	eene	
13-5	1584-1590	zekere	
13-6	1591-1597	hoogte	
13-7	1598-1605	gekomen	
13-8	1606-1611	waren	
13-9	1611-1612	,	
13-10	1613-1618	zagen	
13-11	1619-1622	zij	
13-12	1623-1628	eenen	
13-13	1629-1632	weg	
13-14	1632-1633	,	
13-15	1634-1637	die	
13-16	1638-1642	mede	
13-17	1643-1647	door	
13-18	1648-1656	menschen	
13-19	1657-1664	gemaakt	
13-20	1665-1668	was	
13-21	1668-1669	,	
13-22	1670-1672	en	
13-23	1673-1675	om	
13-24	1676-1678	de	
13-25	1679-1683	rots	
13-26	1684-1693	kronkelde	
13-27	1694-1697	tot	
13-28	1698-1701	aan	
13-29	1702-1705	den	
13-30	1706-1709	top	
13-31	1709-1710	.	

#Text=Op de hoogte der rots gekomen, was het als waren zij eensklaps in eene andere luchtstreek overgebragt, door de aangename voorwerpen, die zich aan hunne oogen vertoonden.
14-1	1714-1716	Op	
14-2	1717-1719	de	
14-3	1720-1726	hoogte	
14-4	1727-1730	der	
14-5	1731-1735	rots	
14-6	1736-1743	gekomen	
14-7	1743-1744	,	
14-8	1745-1748	was	
14-9	1749-1752	het	
14-10	1753-1756	als	
14-11	1757-1762	waren	
14-12	1763-1766	zij	
14-13	1767-1776	eensklaps	
14-14	1777-1779	in	
14-15	1780-1784	eene	
14-16	1785-1791	andere	
14-17	1792-1803	luchtstreek	
14-18	1804-1815	overgebragt	
14-19	1815-1816	,	
14-20	1817-1821	door	
14-21	1822-1824	de	
14-22	1825-1834	aangename	
14-23	1835-1845	voorwerpen	
14-24	1845-1846	,	
14-25	1847-1850	die	
14-26	1851-1855	zich	
14-27	1856-1859	aan	
14-28	1860-1865	hunne	
14-29	1866-1871	oogen	
14-30	1872-1882	vertoonden	
14-31	1882-1883	.	

#Text=Boven de hooge rotsen naar het oosten vertoonde zich de schitterende schijf der zon, beneden eene breede vallei, omringd door bergen, waarvan er sommige eene verbazende hoogte hadden.
15-1	1884-1889	Boven	
15-2	1890-1892	de	
15-3	1893-1898	hooge	
15-4	1899-1905	rotsen	
15-5	1906-1910	naar	
15-6	1911-1914	het	
15-7	1915-1921	oosten	
15-8	1922-1931	vertoonde	
15-9	1932-1936	zich	
15-10	1937-1939	de	
15-11	1940-1952	schitterende	
15-12	1953-1959	schijf	
15-13	1960-1963	der	
15-14	1964-1967	zon	
15-15	1967-1968	,	
15-16	1969-1976	beneden	
15-17	1977-1981	eene	
15-18	1982-1988	breede	
15-19	1989-1995	vallei	
15-20	1995-1996	,	
15-21	1997-2004	omringd	
15-22	2005-2009	door	
15-23	2010-2016	bergen	
15-24	2016-2017	,	
15-25	2018-2025	waarvan	
15-26	2026-2028	er	
15-27	2029-2036	sommige	
15-28	2037-2041	eene	
15-29	2042-2052	verbazende	
15-30	2053-2059	hoogte	
15-31	2060-2066	hadden	
15-32	2066-2067	.	

#Text=Ten zuiden zag men de uitgestrekte ijszee, die eene naauwe golf vormde, welke in het midden der vallei eindigde.
16-1	2068-2071	Ten	
16-2	2072-2078	zuiden	
16-3	2079-2082	zag	
16-4	2083-2086	men	
16-5	2087-2089	de	
16-6	2090-2102	uitgestrekte	
16-7	2103-2109	ijszee	
16-8	2109-2110	,	
16-9	2111-2114	die	
16-10	2115-2119	eene	
16-11	2120-2126	naauwe	
16-12	2127-2131	golf	
16-13	2132-2138	vormde	
16-14	2138-2139	,	
16-15	2140-2145	welke	
16-16	2146-2148	in	
16-17	2149-2152	het	
16-18	2153-2159	midden	
16-19	2160-2163	der	
16-20	2164-2170	vallei	
16-21	2171-2179	eindigde	
16-22	2179-2180	.	
