#FORMAT=WebAnno TSV 3.3
#T_SP=custom.Span|label
#T_RL=custom.Relation|label|BT_custom.Span


#Text=6 Cor suum tradet ad vigilandum diluculo ad Dominum, qui fecit illum, et in conspectu Altissimi deprecabitur.
#Text=7 Aperiet os suum in oratione, et pro delictis suis deprecabitur.
#Text=8 Si enim Dominus magnus voluerit, spiritu intelligentiæ replebit illum : 9 et ipse tamquam imbres mittet eloquia sapientiæ suæ, et in oratione confitebitur Domino : 10 et ipse diriget consilium ejus, et disciplinam, et in absconditis suis consiliabitur.
#Text=11 Ipse palam faciet disciplinam doctrinæ suæ, et in lege testamenti Domini gloriabitur.
#Text=12 Collaudabunt multi sapientiam ejus, et usque in sæculum non delebitur.
#Text=13 Non recedet memoria ejus, et nomen ejus requiretur a generatione in generationem.
#Text=14 Sapientiam ejus enarrabunt gentes, et laudem ejus enuntiabit ecclesia.
#Text=15 Si permanserit, nomen derelinquet plus quam mille : et si requieverit, proderit illi.
#Text=16 Adhuc consiliabor ut enarrem : ut furore enim repletus sum.
#Text=17 In voce dicit : Obaudite me, divini fructus, et quasi rosa plantata super rivos aquarum fructificate.
#Text=18 Quasi Libanus odorem suavitatis habete.
#Text=19 Florete flores quasi lilium : et date odorem, et frondete in gratiam : et collaudate canticum, et benedicite Dominum in operibus suis.
#Text=20 Date nomini ejus magnificentiam, et confitemini illi in voce labiorum vestrorum, et in canticis labiorum, et citharis : et sic dicetis in confessione : 21 Opera Domini universa bona valde.
#Text=22 In verbo ejus stetit aqua sicut congeries : et in sermone oris illius sicut exceptoria aquarum : 23 quoniam in præcepto ipsius placor fit, et non est minoratio in salute ipsius.
#Text=24 Opera omnis carnis coram illo, et non est quidquam absconditum ab oculis ejus.
#Text=25 A sæculo usque in sæculum respicit, et nihil est mirabile in conspectu ejus.
#Text=26 Non est dicere : Quid est hoc, aut quid est istud ?
1-1	2-3	6	_	_	_	
1-2	4-7	Cor	_	_	_	
1-3	8-12	suum	_	_	_	
1-4	13-19	tradet	_	_	_	
1-5	20-22	ad	_	_	_	
1-6	23-33	vigilandum	_	_	_	
1-7	34-42	diluculo	_	_	_	
1-8	43-45	ad	_	_	_	
1-9	46-53	Dominum	_	_	_	
1-10	53-54	,	_	_	_	
1-11	55-58	qui	_	_	_	
1-12	59-64	fecit	_	_	_	
1-13	65-70	illum	_	_	_	
1-14	70-71	,	_	_	_	
1-15	72-74	et	_	_	_	
1-16	75-77	in	_	_	_	
1-17	78-87	conspectu	_	_	_	
1-18	88-97	Altissimi	_	_	_	
1-19	98-110	deprecabitur	_	_	_	
1-20	110-111	.	_	_	_	
1-21	112-113	7	_	_	_	
1-22	114-121	Aperiet	_	_	_	
1-23	122-124	os	_	_	_	
1-24	125-129	suum	_	_	_	
1-25	130-132	in	_	_	_	
1-26	133-141	oratione	_	_	_	
1-27	141-142	,	_	_	_	
1-28	143-145	et	_	_	_	
1-29	146-149	pro	_	_	_	
1-30	150-158	delictis	_	_	_	
1-31	159-163	suis	_	_	_	
1-32	164-176	deprecabitur	_	_	_	
1-33	176-177	.	_	_	_	
1-34	178-179	8	_	_	_	
1-35	180-182	Si	_	_	_	
1-36	183-187	enim	_	_	_	
1-37	188-195	Dominus	_	_	_	
1-38	196-202	magnus	_	_	_	
1-39	203-211	voluerit	_	_	_	
1-40	211-212	,	_	_	_	
1-41	213-220	spiritu	_	_	_	
1-42	221-234	intelligentiæ	_	_	_	
1-43	235-243	replebit	_	_	_	
1-44	244-249	illum	_	_	_	
1-45	250-251	:	_	_	_	
1-46	252-253	9	_	_	_	
1-47	254-256	et	_	_	_	
1-48	257-261	ipse	_	_	_	
1-49	262-269	tamquam	_	_	_	
1-50	270-276	imbres	_	_	_	
1-51	277-283	mittet	_	_	_	
1-52	284-291	eloquia	_	_	_	
1-53	292-301	sapientiæ	_	_	_	
1-54	302-305	suæ	_	_	_	
1-55	305-306	,	_	_	_	
1-56	307-309	et	_	_	_	
1-57	310-312	in	_	_	_	
1-58	313-321	oratione	_	_	_	
1-59	322-334	confitebitur	_	_	_	
1-60	335-341	Domino	_	_	_	
1-61	342-343	:	_	_	_	
1-62	344-346	10	_	_	_	
1-63	347-349	et	_	_	_	
1-64	350-354	ipse	_	_	_	
1-65	355-362	diriget	_	_	_	
1-66	363-372	consilium	_	_	_	
1-67	373-377	ejus	_	_	_	
1-68	377-378	,	_	_	_	
1-69	379-381	et	_	_	_	
1-70	382-393	disciplinam	_	_	_	
1-71	393-394	,	_	_	_	
1-72	395-397	et	_	_	_	
1-73	398-400	in	_	_	_	
1-74	401-412	absconditis	_	_	_	
1-75	413-417	suis	_	_	_	
1-76	418-431	consiliabitur	_	_	_	
1-77	431-432	.	_	_	_	
1-78	433-435	11	_	_	_	
1-79	436-440	Ipse	_	_	_	
1-80	441-446	palam	_	_	_	
1-81	447-453	faciet	_	_	_	
1-82	454-465	disciplinam	_	_	_	
1-83	466-474	doctrinæ	_	_	_	
1-84	475-478	suæ	_	_	_	
1-85	478-479	,	_	_	_	
1-86	480-482	et	_	_	_	
1-87	483-485	in	_	_	_	
1-88	486-490	lege	_	_	_	
1-89	491-501	testamenti	_	_	_	
1-90	502-508	Domini	_	_	_	
1-91	509-520	gloriabitur	_	_	_	
1-92	520-521	.	_	_	_	
1-93	522-524	12	_	_	_	
1-94	525-537	Collaudabunt	_	_	_	
1-95	538-543	multi	_	_	_	
1-96	544-554	sapientiam	_	_	_	
1-97	555-559	ejus	_	_	_	
1-98	559-560	,	_	_	_	
1-99	561-563	et	_	_	_	
1-100	564-569	usque	_	_	_	
1-101	570-572	in	_	_	_	
1-102	573-580	sæculum	_	_	_	
1-103	581-584	non	_	_	_	
1-104	585-594	delebitur	_	_	_	
1-105	594-595	.	_	_	_	
1-106	596-598	13	_	_	_	
1-107	599-602	Non	_	_	_	
1-108	603-610	recedet	_	_	_	
1-109	611-618	memoria	_	_	_	
1-110	619-623	ejus	_	_	_	
1-111	623-624	,	_	_	_	
1-112	625-627	et	_	_	_	
1-113	628-633	nomen	_	_	_	
1-114	634-638	ejus	_	_	_	
1-115	639-649	requiretur	_	_	_	
1-116	650-651	a	_	_	_	
1-117	652-663	generatione	_	_	_	
1-118	664-666	in	_	_	_	
1-119	667-679	generationem	_	_	_	
1-120	679-680	.	_	_	_	
1-121	681-683	14	_	_	_	
1-122	684-694	Sapientiam	_	_	_	
1-123	695-699	ejus	_	_	_	
1-124	700-710	enarrabunt	_	_	_	
1-125	711-717	gentes	_	_	_	
1-126	717-718	,	_	_	_	
1-127	719-721	et	_	_	_	
1-128	722-728	laudem	_	_	_	
1-129	729-733	ejus	_	_	_	
1-130	734-744	enuntiabit	_	_	_	
1-131	745-753	ecclesia	_	_	_	
1-132	753-754	.	_	_	_	
1-133	755-757	15	_	_	_	
1-134	758-760	Si	_	_	_	
1-135	761-772	permanserit	_	_	_	
1-136	772-773	,	_	_	_	
1-137	774-779	nomen	_	_	_	
1-138	780-791	derelinquet	_	_	_	
1-139	792-796	plus	_	_	_	
1-140	797-801	quam	_	_	_	
1-141	802-807	mille	_	_	_	
1-142	808-809	:	_	_	_	
1-143	810-812	et	_	_	_	
1-144	813-815	si	_	_	_	
1-145	816-827	requieverit	_	_	_	
1-146	827-828	,	_	_	_	
1-147	829-837	proderit	_	_	_	
1-148	838-842	illi	_	_	_	
1-149	842-843	.	_	_	_	
1-150	844-846	16	_	_	_	
1-151	847-852	Adhuc	_	_	_	
1-152	853-864	consiliabor	_	_	_	
1-153	865-867	ut	_	_	_	
1-154	868-875	enarrem	_	_	_	
1-155	876-877	:	_	_	_	
1-156	878-880	ut	_	_	_	
1-157	881-887	furore	_	_	_	
1-158	888-892	enim	_	_	_	
1-159	893-901	repletus	_	_	_	
1-160	902-905	sum	_	_	_	
1-161	905-906	.	_	_	_	
1-162	907-909	17	_	_	_	
1-163	910-912	In	_	_	_	
1-164	913-917	voce	_	_	_	
1-165	918-923	dicit	_	_	_	
1-166	924-925	:	_	_	_	
1-167	926-934	Obaudite	_	_	_	
1-168	935-937	me	_	_	_	
1-169	937-938	,	_	_	_	
1-170	939-945	divini	_	_	_	
1-171	946-953	fructus	_	_	_	
1-172	953-954	,	_	_	_	
1-173	955-957	et	_	_	_	
1-174	958-963	quasi	_	_	_	
1-175	964-968	rosa	_	_	_	
1-176	969-977	plantata	_	_	_	
1-177	978-983	super	_	_	_	
1-178	984-989	rivos	_	_	_	
1-179	990-997	aquarum	_	_	_	
1-180	998-1010	fructificate	_	_	_	
1-181	1010-1011	.	_	_	_	
1-182	1012-1014	18	_	_	_	
1-183	1015-1020	Quasi	Evoked\_Odorant[1]	_	_	
1-184	1021-1028	Libanus	Evoked\_Odorant[1]	_	_	
1-185	1029-1035	odorem	Smell\_Word	*|*	1-186|1-183[1_0]	
1-186	1036-1046	suavitatis	Quality	_	_	
1-187	1047-1053	habete	_	_	_	
1-188	1053-1054	.	_	_	_	
1-189	1055-1057	19	_	_	_	
1-190	1058-1065	Florete	_	_	_	
1-191	1066-1072	flores	_	_	_	
1-192	1073-1078	quasi	_	_	_	
1-193	1079-1085	lilium	_	_	_	
1-194	1086-1087	:	_	_	_	
1-195	1088-1090	et	_	_	_	
1-196	1091-1095	date	_	_	_	
1-197	1096-1102	odorem	Smell\_Word	_	_	
1-198	1102-1103	,	_	_	_	
1-199	1104-1106	et	_	_	_	
1-200	1107-1115	frondete	_	_	_	
1-201	1116-1118	in	_	_	_	
1-202	1119-1126	gratiam	_	_	_	
1-203	1127-1128	:	_	_	_	
1-204	1129-1131	et	_	_	_	
1-205	1132-1142	collaudate	_	_	_	
1-206	1143-1151	canticum	_	_	_	
1-207	1151-1152	,	_	_	_	
1-208	1153-1155	et	_	_	_	
1-209	1156-1166	benedicite	_	_	_	
1-210	1167-1174	Dominum	_	_	_	
1-211	1175-1177	in	_	_	_	
1-212	1178-1186	operibus	_	_	_	
1-213	1187-1191	suis	_	_	_	
1-214	1191-1192	.	_	_	_	
1-215	1193-1195	20	_	_	_	
1-216	1196-1200	Date	_	_	_	
1-217	1201-1207	nomini	_	_	_	
1-218	1208-1212	ejus	_	_	_	
1-219	1213-1227	magnificentiam	_	_	_	
1-220	1227-1228	,	_	_	_	
1-221	1229-1231	et	_	_	_	
1-222	1232-1243	confitemini	_	_	_	
1-223	1244-1248	illi	_	_	_	
1-224	1249-1251	in	_	_	_	
1-225	1252-1256	voce	_	_	_	
1-226	1257-1265	labiorum	_	_	_	
1-227	1266-1275	vestrorum	_	_	_	
1-228	1275-1276	,	_	_	_	
1-229	1277-1279	et	_	_	_	
1-230	1280-1282	in	_	_	_	
1-231	1283-1291	canticis	_	_	_	
1-232	1292-1300	labiorum	_	_	_	
1-233	1300-1301	,	_	_	_	
1-234	1302-1304	et	_	_	_	
1-235	1305-1313	citharis	_	_	_	
1-236	1314-1315	:	_	_	_	
1-237	1316-1318	et	_	_	_	
1-238	1319-1322	sic	_	_	_	
1-239	1323-1330	dicetis	_	_	_	
1-240	1331-1333	in	_	_	_	
1-241	1334-1345	confessione	_	_	_	
1-242	1346-1347	:	_	_	_	
1-243	1348-1350	21	_	_	_	
1-244	1351-1356	Opera	_	_	_	
1-245	1357-1363	Domini	_	_	_	
1-246	1364-1372	universa	_	_	_	
1-247	1373-1377	bona	_	_	_	
1-248	1378-1383	valde	_	_	_	
1-249	1383-1384	.	_	_	_	
1-250	1385-1387	22	_	_	_	
1-251	1388-1390	In	_	_	_	
1-252	1391-1396	verbo	_	_	_	
1-253	1397-1401	ejus	_	_	_	
1-254	1402-1408	stetit	_	_	_	
1-255	1409-1413	aqua	_	_	_	
1-256	1414-1419	sicut	_	_	_	
1-257	1420-1429	congeries	_	_	_	
1-258	1430-1431	:	_	_	_	
1-259	1432-1434	et	_	_	_	
1-260	1435-1437	in	_	_	_	
1-261	1438-1445	sermone	_	_	_	
1-262	1446-1450	oris	_	_	_	
1-263	1451-1457	illius	_	_	_	
1-264	1458-1463	sicut	_	_	_	
1-265	1464-1474	exceptoria	_	_	_	
1-266	1475-1482	aquarum	_	_	_	
1-267	1483-1484	:	_	_	_	
1-268	1485-1487	23	_	_	_	
1-269	1488-1495	quoniam	_	_	_	
1-270	1496-1498	in	_	_	_	
1-271	1499-1507	præcepto	_	_	_	
1-272	1508-1514	ipsius	_	_	_	
1-273	1515-1521	placor	_	_	_	
1-274	1522-1525	fit	_	_	_	
1-275	1525-1526	,	_	_	_	
1-276	1527-1529	et	_	_	_	
1-277	1530-1533	non	_	_	_	
1-278	1534-1537	est	_	_	_	
1-279	1538-1547	minoratio	_	_	_	
1-280	1548-1550	in	_	_	_	
1-281	1551-1557	salute	_	_	_	
1-282	1558-1564	ipsius	_	_	_	
1-283	1564-1565	.	_	_	_	
1-284	1566-1568	24	_	_	_	
1-285	1569-1574	Opera	_	_	_	
1-286	1575-1580	omnis	_	_	_	
1-287	1581-1587	carnis	_	_	_	
1-288	1588-1593	coram	_	_	_	
1-289	1594-1598	illo	_	_	_	
1-290	1598-1599	,	_	_	_	
1-291	1600-1602	et	_	_	_	
1-292	1603-1606	non	_	_	_	
1-293	1607-1610	est	_	_	_	
1-294	1611-1619	quidquam	_	_	_	
1-295	1620-1631	absconditum	_	_	_	
1-296	1632-1634	ab	_	_	_	
1-297	1635-1641	oculis	_	_	_	
1-298	1642-1646	ejus	_	_	_	
1-299	1646-1647	.	_	_	_	
1-300	1648-1650	25	_	_	_	
1-301	1651-1652	A	_	_	_	
1-302	1653-1659	sæculo	_	_	_	
1-303	1660-1665	usque	_	_	_	
1-304	1666-1668	in	_	_	_	
1-305	1669-1676	sæculum	_	_	_	
1-306	1677-1685	respicit	_	_	_	
1-307	1685-1686	,	_	_	_	
1-308	1687-1689	et	_	_	_	
1-309	1690-1695	nihil	_	_	_	
1-310	1696-1699	est	_	_	_	
1-311	1700-1708	mirabile	_	_	_	
1-312	1709-1711	in	_	_	_	
1-313	1712-1721	conspectu	_	_	_	
1-314	1722-1726	ejus	_	_	_	
1-315	1726-1727	.	_	_	_	
1-316	1728-1730	26	_	_	_	
1-317	1731-1734	Non	_	_	_	
1-318	1735-1738	est	_	_	_	
1-319	1739-1745	dicere	_	_	_	
1-320	1746-1747	:	_	_	_	
1-321	1748-1752	Quid	_	_	_	
1-322	1753-1756	est	_	_	_	
1-323	1757-1760	hoc	_	_	_	
1-324	1760-1761	,	_	_	_	
1-325	1762-1765	aut	_	_	_	
1-326	1766-1770	quid	_	_	_	
1-327	1771-1774	est	_	_	_	
1-328	1775-1780	istud	_	_	_	
1-329	1781-1782	?	_	_	_	

#Text=omnia enim in tempore suo quærentur.
#Text=27 Benedictio illius quasi fluvius inundavit.
#Text=28 Quomodo cataclysmus aridam inebriavit, sic ira ipsius gentes quæ non exquisierunt eum hæreditabit.
2-1	1783-1788	omnia	_	_	_	
2-2	1789-1793	enim	_	_	_	
2-3	1794-1796	in	_	_	_	
2-4	1797-1804	tempore	_	_	_	
2-5	1805-1808	suo	_	_	_	
2-6	1809-1818	quærentur	_	_	_	
2-7	1818-1819	.	_	_	_	
2-8	1820-1822	27	_	_	_	
2-9	1823-1833	Benedictio	_	_	_	
2-10	1834-1840	illius	_	_	_	
2-11	1841-1846	quasi	_	_	_	
2-12	1847-1854	fluvius	_	_	_	
2-13	1855-1864	inundavit	_	_	_	
2-14	1864-1865	.	_	_	_	
2-15	1866-1868	28	_	_	_	
2-16	1869-1876	Quomodo	_	_	_	
2-17	1877-1888	cataclysmus	_	_	_	
2-18	1889-1895	aridam	_	_	_	
2-19	1896-1906	inebriavit	_	_	_	
2-20	1906-1907	,	_	_	_	
2-21	1908-1911	sic	_	_	_	
2-22	1912-1915	ira	_	_	_	
2-23	1916-1922	ipsius	_	_	_	
2-24	1923-1929	gentes	_	_	_	
2-25	1930-1933	quæ	_	_	_	
2-26	1934-1937	non	_	_	_	
2-27	1938-1950	exquisierunt	_	_	_	
2-28	1951-1954	eum	_	_	_	
2-29	1955-1966	hæreditabit	_	_	_	
2-30	1966-1967	.	_	_	_	
