#FORMAT=WebAnno TSV 3.3


#Text=Viele brauchen anietzo die Contra-
#Text=yerva mit doppelt ſoviel gleichfalls
#Text=ge-
#Text=puͤlverter Quinquina das Fieber zu
#Text=vertreiben, oder doch zum wenigſten deſ-
#Text=ſen Anfall eine weile zu verhindern;
#Text=
#Text=andere vermiſchen ſie auf eben ſolche Art
#Text=mit der Jpecacuanha und gebrauchen
#Text=ſie in der rothen Ruhr/ und Durch-
#Text=lauff.
1-1	2-7	Viele	
1-2	8-16	brauchen	
1-3	17-24	anietzo	
1-4	25-28	die	
1-5	29-35	Contra	
1-6	35-36	-	
1-7	37-42	yerva	
1-8	43-46	mit	
1-9	47-54	doppelt	
1-10	55-61	ſoviel	
1-11	62-73	gleichfalls	
1-12	74-76	ge	
1-13	76-77	-	
1-14	78-88	puͤlverter	
1-15	89-98	Quinquina	
1-16	99-102	das	
1-17	103-109	Fieber	
1-18	110-112	zu	
1-19	113-123	vertreiben	
1-20	123-124	,	
1-21	125-129	oder	
1-22	130-134	doch	
1-23	135-138	zum	
1-24	139-148	wenigſten	
1-25	149-152	deſ	
1-26	152-153	-	
1-27	154-157	ſen	
1-28	158-164	Anfall	
1-29	165-169	eine	
1-30	170-175	weile	
1-31	176-178	zu	
1-32	179-189	verhindern	
1-33	189-190	;	
1-34	192-198	andere	
1-35	199-209	vermiſchen	
1-36	210-213	ſie	
1-37	214-217	auf	
1-38	218-222	eben	
1-39	223-229	ſolche	
1-40	230-233	Art	
1-41	234-237	mit	
1-42	238-241	der	
1-43	242-253	Jpecacuanha	
1-44	254-257	und	
1-45	258-268	gebrauchen	
1-46	269-272	ſie	
1-47	273-275	in	
1-48	276-279	der	
1-49	280-286	rothen	
1-50	287-291	Ruhr	
1-51	291-292	/	
1-52	293-296	und	
1-53	297-302	Durch	
1-54	302-303	-	
1-55	304-309	lauff	
1-56	309-310	.	

#Text=Wir verkauffen ferner die Wurtzel
#Text=von einem Kraute, das in Franckreich,
#Text=in den Gaͤrten haͤuffig waͤchſt, auch faſt
#Text=iederman, unter dem Namen Aſclepias,
#Text=bekannt iſt;
#Text=wird ſonſten von den Sim-
#Text=pliciſten Hirundinaria genannt.
2-1	315-318	Wir	
2-2	319-329	verkauffen	
2-3	330-336	ferner	
2-4	337-340	die	
2-5	341-348	Wurtzel	
2-6	349-352	von	
2-7	353-358	einem	
2-8	359-365	Kraute	
2-9	365-366	,	
2-10	367-370	das	
2-11	371-373	in	
2-12	374-385	Franckreich	
2-13	385-386	,	
2-14	387-389	in	
2-15	390-393	den	
2-16	394-401	Gaͤrten	
2-17	402-410	haͤuffig	
2-18	411-418	waͤchſt	
2-19	418-419	,	
2-20	420-424	auch	
2-21	425-429	faſt	
2-22	430-438	iederman	
2-23	438-439	,	
2-24	440-445	unter	
2-25	446-449	dem	
2-26	450-455	Namen	
2-27	456-465	Aſclepias	
2-28	465-466	,	
2-29	467-474	bekannt	
2-30	475-478	iſt	
2-31	478-479	;	
2-32	480-484	wird	
2-33	485-492	ſonſten	
2-34	493-496	von	
2-35	497-500	den	
2-36	501-504	Sim	
2-37	504-505	-	
2-38	506-515	pliciſten	
2-39	516-528	Hirundinaria	
2-40	529-536	genannt	
2-41	536-537	.	

#Text=Dieſe
#Text=
#Text=Wurtzel iſt uͤberaus zarte, weißlicht, und
#Text=der Haſelwurtz nicht unaͤhnlich:
#Text=etliche
#Text=nennen ſie die weiſſe Contrayerva/
#Text=
#Text=weil ſie, ihrem Vorgeben nach, gleiche
#Text=Kraͤfte haben ſoll.
3-1	538-543	Dieſe	
3-2	545-552	Wurtzel	
3-3	553-556	iſt	
3-4	557-565	uͤberaus	
3-5	566-571	zarte	
3-6	571-572	,	
3-7	573-582	weißlicht	
3-8	582-583	,	
3-9	584-587	und	
3-10	588-591	der	
3-11	592-602	Haſelwurtz	
3-12	603-608	nicht	
3-13	609-619	unaͤhnlich	
3-14	619-620	:	
3-15	621-628	etliche	
3-16	629-635	nennen	
3-17	636-639	ſie	
3-18	640-643	die	
3-19	644-650	weiſſe	
3-20	651-662	Contrayerva	
3-21	662-663	/	
3-22	665-669	weil	
3-23	670-673	ſie	
3-24	673-674	,	
3-25	675-680	ihrem	
3-26	681-689	Vorgeben	
3-27	690-694	nach	
3-28	694-695	,	
3-29	696-703	gleiche	
3-30	704-711	Kraͤfte	
3-31	712-717	haben	
3-32	718-722	ſoll	
3-33	722-723	.	

#Text=Man muß ſie aber
#Text=alſo auſſuchen, daß ſie fein friſch und
#Text=voͤllig ſey, auch einen etwas beitzenden
#Text=und aromatiſchen Geſchmack habe.
4-1	724-727	Man	
4-2	728-731	muß	
4-3	732-735	ſie	
4-4	736-740	aber	
4-5	741-745	alſo	
4-6	746-755	auſſuchen	
4-7	755-756	,	
4-8	757-760	daß	
4-9	761-764	ſie	
4-10	765-769	fein	
4-11	770-776	friſch	
4-12	777-780	und	
4-13	781-788	voͤllig	
4-14	789-792	ſey	
4-15	792-793	,	
4-16	794-798	auch	
4-17	799-804	einen	
4-18	805-810	etwas	
4-19	811-821	beitzenden	
4-20	822-825	und	
4-21	826-838	aromatiſchen	
4-22	839-848	Geſchmack	
4-23	849-853	habe	
4-24	853-854	.	

#Text=Weiſſe Con-
#Text=trayerva.
5-1	858-864	Weiſſe	
5-2	865-868	Con	
5-3	868-869	-	
5-4	870-878	trayerva	
5-5	878-879	.	

#Text=Jn der Phar-
#Text=macopœa des
#Text=Herrn Char-
#Text=ras am
#Text=141.
6-1	881-883	Jn	
6-2	884-887	der	
6-3	888-892	Phar	
6-4	892-893	-	
6-5	894-901	macopœa	
6-6	902-905	des	
6-7	906-911	Herrn	
6-8	912-916	Char	
6-9	916-917	-	
6-10	918-921	ras	
6-11	922-924	am	
6-12	925-928	141	
6-13	928-929	.	

#Text=Blat ſteht ei-
#Text=ne Compoſi-
#Text=tion von gar
#Text=vielen ingre-
#Text=dientien, wel-
#Text=cher deswe-
#Text=gen der Na-
#Text=me lapis Con-
#Text=trayervæ gege-
#Text=ben worden/
#Text=
#Text=dieweil die Contrayerva das Hauptſtuͤck drunter iſt.
7-1	931-935	Blat	
7-2	936-941	ſteht	
7-3	942-944	ei	
7-4	944-945	-	
7-5	946-948	ne	
7-6	949-956	Compoſi	
7-7	956-957	-	
7-8	958-962	tion	
7-9	963-966	von	
7-10	967-970	gar	
7-11	971-977	vielen	
7-12	978-983	ingre	
7-13	983-984	-	
7-14	985-993	dientien	
7-15	993-994	,	
7-16	995-998	wel	
7-17	998-999	-	
7-18	1000-1004	cher	
7-19	1005-1010	deswe	
7-20	1010-1011	-	
7-21	1012-1015	gen	
7-22	1016-1019	der	
7-23	1020-1022	Na	
7-24	1022-1023	-	
7-25	1024-1026	me	
7-26	1027-1032	lapis	
7-27	1033-1036	Con	
7-28	1036-1037	-	
7-29	1038-1046	trayervæ	
7-30	1047-1051	gege	
7-31	1051-1052	-	
7-32	1053-1056	ben	
7-33	1057-1063	worden	
7-34	1063-1064	/	
7-35	1066-1073	dieweil	
7-36	1074-1077	die	
7-37	1078-1089	Contrayerva	
7-38	1090-1093	das	
7-39	1094-1105	Hauptſtuͤck	
7-40	1106-1113	drunter	
7-41	1114-1117	iſt	
7-42	1117-1118	.	

#Text=Das dritte Capitel.
8-1	1122-1125	Das	
8-2	1126-1132	dritte	
8-3	1133-1140	Capitel	
8-4	1140-1141	.	
