#FORMAT=WebAnno TSV 3.3


#Text=31 Cumque sanctificasset eos in vestitu suo, præcepit eis, dicens : Coquite carnes ante fores tabernaculi, et ibi comedite eas ; panes quoque consecrationis edite, qui positi sunt in canistro, sicut præcepit mihi Dominus, dicens : Aaron et filii ejus comedent eos : 32 quidquid autem reliquum fuerit de carne et panibus, ignis absumet.
#Text=33 De ostio quoque tabernaculi non exibitis septem diebus, usque ad diem quo complebitur tempus consecrationis vestræ ; septem enim diebus finitur consecratio : 34 sicut et impræsentiarum factum est, ut ritus sacrificii compleretur.
#Text=35 Die ac nocte manebitis in tabernaculo observantes custodias Domini, ne moriamini : sic enim mihi præceptum est.
#Text=36 Feceruntque Aaron et filii ejus cuncta quæ locutus est Dominus per manum Moysi.
1-1	2-4	31	
1-2	5-11	Cumque	
1-3	12-26	sanctificasset	
1-4	27-30	eos	
1-5	31-33	in	
1-6	34-41	vestitu	
1-7	42-45	suo	
1-8	45-46	,	
1-9	47-55	præcepit	
1-10	56-59	eis	
1-11	59-60	,	
1-12	61-67	dicens	
1-13	68-69	:	
1-14	70-77	Coquite	
1-15	78-84	carnes	
1-16	85-89	ante	
1-17	90-95	fores	
1-18	96-107	tabernaculi	
1-19	107-108	,	
1-20	109-111	et	
1-21	112-115	ibi	
1-22	116-124	comedite	
1-23	125-128	eas	
1-24	129-130	;	
1-25	131-136	panes	
1-26	137-143	quoque	
1-27	144-158	consecrationis	
1-28	159-164	edite	
1-29	164-165	,	
1-30	166-169	qui	
1-31	170-176	positi	
1-32	177-181	sunt	
1-33	182-184	in	
1-34	185-193	canistro	
1-35	193-194	,	
1-36	195-200	sicut	
1-37	201-209	præcepit	
1-38	210-214	mihi	
1-39	215-222	Dominus	
1-40	222-223	,	
1-41	224-230	dicens	
1-42	231-232	:	
1-43	233-238	Aaron	
1-44	239-241	et	
1-45	242-247	filii	
1-46	248-252	ejus	
1-47	253-261	comedent	
1-48	262-265	eos	
1-49	266-267	:	
1-50	268-270	32	
1-51	271-279	quidquid	
1-52	280-285	autem	
1-53	286-294	reliquum	
1-54	295-301	fuerit	
1-55	302-304	de	
1-56	305-310	carne	
1-57	311-313	et	
1-58	314-321	panibus	
1-59	321-322	,	
1-60	323-328	ignis	
1-61	329-336	absumet	
1-62	336-337	.	
1-63	338-340	33	
1-64	341-343	De	
1-65	344-349	ostio	
1-66	350-356	quoque	
1-67	357-368	tabernaculi	
1-68	369-372	non	
1-69	373-381	exibitis	
1-70	382-388	septem	
1-71	389-395	diebus	
1-72	395-396	,	
1-73	397-402	usque	
1-74	403-405	ad	
1-75	406-410	diem	
1-76	411-414	quo	
1-77	415-426	complebitur	
1-78	427-433	tempus	
1-79	434-448	consecrationis	
1-80	449-455	vestræ	
1-81	456-457	;	
1-82	458-464	septem	
1-83	465-469	enim	
1-84	470-476	diebus	
1-85	477-484	finitur	
1-86	485-496	consecratio	
1-87	497-498	:	
1-88	499-501	34	
1-89	502-507	sicut	
1-90	508-510	et	
1-91	511-525	impræsentiarum	
1-92	526-532	factum	
1-93	533-536	est	
1-94	536-537	,	
1-95	538-540	ut	
1-96	541-546	ritus	
1-97	547-557	sacrificii	
1-98	558-569	compleretur	
1-99	569-570	.	
1-100	571-573	35	
1-101	574-577	Die	
1-102	578-580	ac	
1-103	581-586	nocte	
1-104	587-596	manebitis	
1-105	597-599	in	
1-106	600-611	tabernaculo	
1-107	612-623	observantes	
1-108	624-633	custodias	
1-109	634-640	Domini	
1-110	640-641	,	
1-111	642-644	ne	
1-112	645-654	moriamini	
1-113	655-656	:	
1-114	657-660	sic	
1-115	661-665	enim	
1-116	666-670	mihi	
1-117	671-680	præceptum	
1-118	681-684	est	
1-119	684-685	.	
1-120	686-688	36	
1-121	689-700	Feceruntque	
1-122	701-706	Aaron	
1-123	707-709	et	
1-124	710-715	filii	
1-125	716-720	ejus	
1-126	721-727	cuncta	
1-127	728-731	quæ	
1-128	732-739	locutus	
1-129	740-743	est	
1-130	744-751	Dominus	
1-131	752-755	per	
1-132	756-761	manum	
1-133	762-767	Moysi	
1-134	767-768	.	

#Text=Caput 9
#Text=
#Text=
#Text=1 Facto autem octavo die, vocavit Moyses Aaron, et filios ejus, ac majores natu Israël, dixitque ad Aaron : 2 Tolle de armento vitulum pro peccato, et arietem in holocaustum, utrumque immaculatum, et offer illos coram Domino.
#Text=3 Et ad filios Israël loqueris : Tollite hircum pro peccato, et vitulum, atque agnum, anniculos, et sine macula in holocaustum, 4 bovem et arietem pro pacificis : et immolate eos coram Domino, in sacrificio singulorum similam conspersam oleo offerentes : hodie enim Dominus apparebit vobis.
#Text=5 Tulerunt ergo cuncta quæ jusserat Moyses ad ostium tabernaculi : ubi cum omnis multitudo astaret, 6 ait Moyses : Iste est sermo, quem præcepit Dominus : facite, et apparebit vobis gloria ejus.
#Text=7 Et dixit ad Aaron : Accede ad altare, et immola pro peccato tuo : offer holocaustum, et deprecare pro te et pro populo : cumque mactaveris hostiam populi, ora pro eo, sicut præcepit Dominus.
#Text=8 Statimque Aaron accedens ad altare, immolavit vitulum pro peccato suo : 9 cujus sanguinem obtulerunt ei filii sui : in quo tingens digitum, tetigit cornua altaris, et fudit residuum ad basim ejus.
#Text=10 Adipemque, et renunculos, ac reticulum jecoris, quæ sunt pro peccato, adolevit super altare, sicut præceperat Dominus Moysi : 11 carnes vero et pellem ejus extra castra combussit igni.
#Text=12 Immolavit et holocausti victimam : obtuleruntque ei filii sui sanguinem ejus, quem fudit per altaris circuitum.
#Text=13 Ipsam etiam hostiam in frusta concisam, cum capite et membris singulis obtulerunt ; quæ omnia super altare cremavit igni, 14 lotis aqua prius intestinis et pedibus.
#Text=15 Et pro peccato populi offerens, mactavit hircum : expiatoque altari, 16 fecit holocaustum, 17 addens in sacrificio libamenta, quæ pariter offeruntur, et adolens ea super altare, absque cæremoniis holocausti matutini.
#Text=18 Immolavit et bovem atque arietem, hostias pacificas populi : obtuleruntque ei filii sui sanguinem, quem fudit super altare in circuitum.
#Text=19 Adipem autem bovis, et caudam arietis, renunculosque cum adipibus suis, et reticulum jecoris, 20 posuerunt super pectora : cumque cremati essent adipes super altare, 21 pectora eorum, et armos dextros separavit Aaron, elevans coram Domino, sicut præceperat Moyses.
#Text=22 Et extendens manus ad populum, benedixit ei.
2-1	769-774	Caput	
2-2	775-776	9	
2-3	779-780	1	
2-4	781-786	Facto	
2-5	787-792	autem	
2-6	793-799	octavo	
2-7	800-803	die	
2-8	803-804	,	
2-9	805-812	vocavit	
2-10	813-819	Moyses	
2-11	820-825	Aaron	
2-12	825-826	,	
2-13	827-829	et	
2-14	830-836	filios	
2-15	837-841	ejus	
2-16	841-842	,	
2-17	843-845	ac	
2-18	846-853	majores	
2-19	854-858	natu	
2-20	859-865	Israël	
2-21	865-866	,	
2-22	867-875	dixitque	
2-23	876-878	ad	
2-24	879-884	Aaron	
2-25	885-886	:	
2-26	887-888	2	
2-27	889-894	Tolle	
2-28	895-897	de	
2-29	898-905	armento	
2-30	906-913	vitulum	
2-31	914-917	pro	
2-32	918-925	peccato	
2-33	925-926	,	
2-34	927-929	et	
2-35	930-937	arietem	
2-36	938-940	in	
2-37	941-952	holocaustum	
2-38	952-953	,	
2-39	954-962	utrumque	
2-40	963-974	immaculatum	
2-41	974-975	,	
2-42	976-978	et	
2-43	979-984	offer	
2-44	985-990	illos	
2-45	991-996	coram	
2-46	997-1003	Domino	
2-47	1003-1004	.	
2-48	1005-1006	3	
2-49	1007-1009	Et	
2-50	1010-1012	ad	
2-51	1013-1019	filios	
2-52	1020-1026	Israël	
2-53	1027-1035	loqueris	
2-54	1036-1037	:	
2-55	1038-1045	Tollite	
2-56	1046-1052	hircum	
2-57	1053-1056	pro	
2-58	1057-1064	peccato	
2-59	1064-1065	,	
2-60	1066-1068	et	
2-61	1069-1076	vitulum	
2-62	1076-1077	,	
2-63	1078-1083	atque	
2-64	1084-1089	agnum	
2-65	1089-1090	,	
2-66	1091-1100	anniculos	
2-67	1100-1101	,	
2-68	1102-1104	et	
2-69	1105-1109	sine	
2-70	1110-1116	macula	
2-71	1117-1119	in	
2-72	1120-1131	holocaustum	
2-73	1131-1132	,	
2-74	1133-1134	4	
2-75	1135-1140	bovem	
2-76	1141-1143	et	
2-77	1144-1151	arietem	
2-78	1152-1155	pro	
2-79	1156-1165	pacificis	
2-80	1166-1167	:	
2-81	1168-1170	et	
2-82	1171-1179	immolate	
2-83	1180-1183	eos	
2-84	1184-1189	coram	
2-85	1190-1196	Domino	
2-86	1196-1197	,	
2-87	1198-1200	in	
2-88	1201-1211	sacrificio	
2-89	1212-1222	singulorum	
2-90	1223-1230	similam	
2-91	1231-1241	conspersam	
2-92	1242-1246	oleo	
2-93	1247-1257	offerentes	
2-94	1258-1259	:	
2-95	1260-1265	hodie	
2-96	1266-1270	enim	
2-97	1271-1278	Dominus	
2-98	1279-1288	apparebit	
2-99	1289-1294	vobis	
2-100	1294-1295	.	
2-101	1296-1297	5	
2-102	1298-1306	Tulerunt	
2-103	1307-1311	ergo	
2-104	1312-1318	cuncta	
2-105	1319-1322	quæ	
2-106	1323-1331	jusserat	
2-107	1332-1338	Moyses	
2-108	1339-1341	ad	
2-109	1342-1348	ostium	
2-110	1349-1360	tabernaculi	
2-111	1361-1362	:	
2-112	1363-1366	ubi	
2-113	1367-1370	cum	
2-114	1371-1376	omnis	
2-115	1377-1386	multitudo	
2-116	1387-1394	astaret	
2-117	1394-1395	,	
2-118	1396-1397	6	
2-119	1398-1401	ait	
2-120	1402-1408	Moyses	
2-121	1409-1410	:	
2-122	1411-1415	Iste	
2-123	1416-1419	est	
2-124	1420-1425	sermo	
2-125	1425-1426	,	
2-126	1427-1431	quem	
2-127	1432-1440	præcepit	
2-128	1441-1448	Dominus	
2-129	1449-1450	:	
2-130	1451-1457	facite	
2-131	1457-1458	,	
2-132	1459-1461	et	
2-133	1462-1471	apparebit	
2-134	1472-1477	vobis	
2-135	1478-1484	gloria	
2-136	1485-1489	ejus	
2-137	1489-1490	.	
2-138	1491-1492	7	
2-139	1493-1495	Et	
2-140	1496-1501	dixit	
2-141	1502-1504	ad	
2-142	1505-1510	Aaron	
2-143	1511-1512	:	
2-144	1513-1519	Accede	
2-145	1520-1522	ad	
2-146	1523-1529	altare	
2-147	1529-1530	,	
2-148	1531-1533	et	
2-149	1534-1540	immola	
2-150	1541-1544	pro	
2-151	1545-1552	peccato	
2-152	1553-1556	tuo	
2-153	1557-1558	:	
2-154	1559-1564	offer	
2-155	1565-1576	holocaustum	
2-156	1576-1577	,	
2-157	1578-1580	et	
2-158	1581-1590	deprecare	
2-159	1591-1594	pro	
2-160	1595-1597	te	
2-161	1598-1600	et	
2-162	1601-1604	pro	
2-163	1605-1611	populo	
2-164	1612-1613	:	
2-165	1614-1620	cumque	
2-166	1621-1631	mactaveris	
2-167	1632-1639	hostiam	
2-168	1640-1646	populi	
2-169	1646-1647	,	
2-170	1648-1651	ora	
2-171	1652-1655	pro	
2-172	1656-1658	eo	
2-173	1658-1659	,	
2-174	1660-1665	sicut	
2-175	1666-1674	præcepit	
2-176	1675-1682	Dominus	
2-177	1682-1683	.	
2-178	1684-1685	8	
2-179	1686-1695	Statimque	
2-180	1696-1701	Aaron	
2-181	1702-1710	accedens	
2-182	1711-1713	ad	
2-183	1714-1720	altare	
2-184	1720-1721	,	
2-185	1722-1731	immolavit	
2-186	1732-1739	vitulum	
2-187	1740-1743	pro	
2-188	1744-1751	peccato	
2-189	1752-1755	suo	
2-190	1756-1757	:	
2-191	1758-1759	9	
2-192	1760-1765	cujus	
2-193	1766-1775	sanguinem	
2-194	1776-1786	obtulerunt	
2-195	1787-1789	ei	
2-196	1790-1795	filii	
2-197	1796-1799	sui	
2-198	1800-1801	:	
2-199	1802-1804	in	
2-200	1805-1808	quo	
2-201	1809-1816	tingens	
2-202	1817-1824	digitum	
2-203	1824-1825	,	
2-204	1826-1833	tetigit	
2-205	1834-1840	cornua	
2-206	1841-1848	altaris	
2-207	1848-1849	,	
2-208	1850-1852	et	
2-209	1853-1858	fudit	
2-210	1859-1867	residuum	
2-211	1868-1870	ad	
2-212	1871-1876	basim	
2-213	1877-1881	ejus	
2-214	1881-1882	.	
2-215	1883-1885	10	
2-216	1886-1895	Adipemque	
2-217	1895-1896	,	
2-218	1897-1899	et	
2-219	1900-1910	renunculos	
2-220	1910-1911	,	
2-221	1912-1914	ac	
2-222	1915-1924	reticulum	
2-223	1925-1932	jecoris	
2-224	1932-1933	,	
2-225	1934-1937	quæ	
2-226	1938-1942	sunt	
2-227	1943-1946	pro	
2-228	1947-1954	peccato	
2-229	1954-1955	,	
2-230	1956-1964	adolevit	
2-231	1965-1970	super	
2-232	1971-1977	altare	
2-233	1977-1978	,	
2-234	1979-1984	sicut	
2-235	1985-1995	præceperat	
2-236	1996-2003	Dominus	
2-237	2004-2009	Moysi	
2-238	2010-2011	:	
2-239	2012-2014	11	
2-240	2015-2021	carnes	
2-241	2022-2026	vero	
2-242	2027-2029	et	
2-243	2030-2036	pellem	
2-244	2037-2041	ejus	
2-245	2042-2047	extra	
2-246	2048-2054	castra	
2-247	2055-2064	combussit	
2-248	2065-2069	igni	
2-249	2069-2070	.	
2-250	2071-2073	12	
2-251	2074-2083	Immolavit	
2-252	2084-2086	et	
2-253	2087-2097	holocausti	
2-254	2098-2106	victimam	
2-255	2107-2108	:	
2-256	2109-2122	obtuleruntque	
2-257	2123-2125	ei	
2-258	2126-2131	filii	
2-259	2132-2135	sui	
2-260	2136-2145	sanguinem	
2-261	2146-2150	ejus	
2-262	2150-2151	,	
2-263	2152-2156	quem	
2-264	2157-2162	fudit	
2-265	2163-2166	per	
2-266	2167-2174	altaris	
2-267	2175-2184	circuitum	
2-268	2184-2185	.	
2-269	2186-2188	13	
2-270	2189-2194	Ipsam	
2-271	2195-2200	etiam	
2-272	2201-2208	hostiam	
2-273	2209-2211	in	
2-274	2212-2218	frusta	
2-275	2219-2227	concisam	
2-276	2227-2228	,	
2-277	2229-2232	cum	
2-278	2233-2239	capite	
2-279	2240-2242	et	
2-280	2243-2250	membris	
2-281	2251-2259	singulis	
2-282	2260-2270	obtulerunt	
2-283	2271-2272	;	
2-284	2273-2276	quæ	
2-285	2277-2282	omnia	
2-286	2283-2288	super	
2-287	2289-2295	altare	
2-288	2296-2304	cremavit	
2-289	2305-2309	igni	
2-290	2309-2310	,	
2-291	2311-2313	14	
2-292	2314-2319	lotis	
2-293	2320-2324	aqua	
2-294	2325-2330	prius	
2-295	2331-2341	intestinis	
2-296	2342-2344	et	
2-297	2345-2352	pedibus	
2-298	2352-2353	.	
2-299	2354-2356	15	
2-300	2357-2359	Et	
2-301	2360-2363	pro	
2-302	2364-2371	peccato	
2-303	2372-2378	populi	
2-304	2379-2387	offerens	
2-305	2387-2388	,	
2-306	2389-2397	mactavit	
2-307	2398-2404	hircum	
2-308	2405-2406	:	
2-309	2407-2417	expiatoque	
2-310	2418-2424	altari	
2-311	2424-2425	,	
2-312	2426-2428	16	
2-313	2429-2434	fecit	
2-314	2435-2446	holocaustum	
2-315	2446-2447	,	
2-316	2448-2450	17	
2-317	2451-2457	addens	
2-318	2458-2460	in	
2-319	2461-2471	sacrificio	
2-320	2472-2481	libamenta	
2-321	2481-2482	,	
2-322	2483-2486	quæ	
2-323	2487-2494	pariter	
2-324	2495-2505	offeruntur	
2-325	2505-2506	,	
2-326	2507-2509	et	
2-327	2510-2517	adolens	
2-328	2518-2520	ea	
2-329	2521-2526	super	
2-330	2527-2533	altare	
2-331	2533-2534	,	
2-332	2535-2541	absque	
2-333	2542-2552	cæremoniis	
2-334	2553-2563	holocausti	
2-335	2564-2572	matutini	
2-336	2572-2573	.	
2-337	2574-2576	18	
2-338	2577-2586	Immolavit	
2-339	2587-2589	et	
2-340	2590-2595	bovem	
2-341	2596-2601	atque	
2-342	2602-2609	arietem	
2-343	2609-2610	,	
2-344	2611-2618	hostias	
2-345	2619-2628	pacificas	
2-346	2629-2635	populi	
2-347	2636-2637	:	
2-348	2638-2651	obtuleruntque	
2-349	2652-2654	ei	
2-350	2655-2660	filii	
2-351	2661-2664	sui	
2-352	2665-2674	sanguinem	
2-353	2674-2675	,	
2-354	2676-2680	quem	
2-355	2681-2686	fudit	
2-356	2687-2692	super	
2-357	2693-2699	altare	
2-358	2700-2702	in	
2-359	2703-2712	circuitum	
2-360	2712-2713	.	
2-361	2714-2716	19	
2-362	2717-2723	Adipem	
2-363	2724-2729	autem	
2-364	2730-2735	bovis	
2-365	2735-2736	,	
2-366	2737-2739	et	
2-367	2740-2746	caudam	
2-368	2747-2754	arietis	
2-369	2754-2755	,	
2-370	2756-2769	renunculosque	
2-371	2770-2773	cum	
2-372	2774-2782	adipibus	
2-373	2783-2787	suis	
2-374	2787-2788	,	
2-375	2789-2791	et	
2-376	2792-2801	reticulum	
2-377	2802-2809	jecoris	
2-378	2809-2810	,	
2-379	2811-2813	20	
2-380	2814-2823	posuerunt	
2-381	2824-2829	super	
2-382	2830-2837	pectora	
2-383	2838-2839	:	
2-384	2840-2846	cumque	
2-385	2847-2854	cremati	
2-386	2855-2861	essent	
2-387	2862-2868	adipes	
2-388	2869-2874	super	
2-389	2875-2881	altare	
2-390	2881-2882	,	
2-391	2883-2885	21	
2-392	2886-2893	pectora	
2-393	2894-2899	eorum	
2-394	2899-2900	,	
2-395	2901-2903	et	
2-396	2904-2909	armos	
2-397	2910-2917	dextros	
2-398	2918-2927	separavit	
2-399	2928-2933	Aaron	
2-400	2933-2934	,	
2-401	2935-2942	elevans	
2-402	2943-2948	coram	
2-403	2949-2955	Domino	
2-404	2955-2956	,	
2-405	2957-2962	sicut	
2-406	2963-2973	præceperat	
2-407	2974-2980	Moyses	
2-408	2980-2981	.	
2-409	2982-2984	22	
2-410	2985-2987	Et	
2-411	2988-2997	extendens	
2-412	2998-3003	manus	
2-413	3004-3006	ad	
2-414	3007-3014	populum	
2-415	3014-3015	,	
2-416	3016-3025	benedixit	
2-417	3026-3028	ei	
2-418	3028-3029	.	

#Text=Sicque completis hostiis pro peccato, et holocaustis, et pacificis, descendit.
#Text=23 Ingressi autem Moyses et Aaron in tabernaculum testimonii, et deinceps egressi, benedixerunt populo.
3-1	3030-3036	Sicque	
3-2	3037-3046	completis	
3-3	3047-3054	hostiis	
3-4	3055-3058	pro	
3-5	3059-3066	peccato	
3-6	3066-3067	,	
3-7	3068-3070	et	
3-8	3071-3082	holocaustis	
3-9	3082-3083	,	
3-10	3084-3086	et	
3-11	3087-3096	pacificis	
3-12	3096-3097	,	
3-13	3098-3107	descendit	
3-14	3107-3108	.	
3-15	3109-3111	23	
3-16	3112-3120	Ingressi	
3-17	3121-3126	autem	
3-18	3127-3133	Moyses	
3-19	3134-3136	et	
3-20	3137-3142	Aaron	
3-21	3143-3145	in	
3-22	3146-3158	tabernaculum	
3-23	3159-3169	testimonii	
3-24	3169-3170	,	
3-25	3171-3173	et	
3-26	3174-3182	deinceps	
3-27	3183-3190	egressi	
3-28	3190-3191	,	
3-29	3192-3204	benedixerunt	
3-30	3205-3211	populo	
3-31	3211-3212	.	

#Text=Apparuitque gloria Domini omni multitudini : 24 et ecce egressus ignis a Domino, devoravit holocaustum, et adipes qui erant super altare.
4-1	3213-3224	Apparuitque	
4-2	3225-3231	gloria	
4-3	3232-3238	Domini	
4-4	3239-3243	omni	
4-5	3244-3255	multitudini	
4-6	3256-3257	:	
4-7	3258-3260	24	
4-8	3261-3263	et	
4-9	3264-3268	ecce	
4-10	3269-3277	egressus	
4-11	3278-3283	ignis	
4-12	3284-3285	a	
4-13	3286-3292	Domino	
4-14	3292-3293	,	
4-15	3294-3303	devoravit	
4-16	3304-3315	holocaustum	
4-17	3315-3316	,	
4-18	3317-3319	et	
4-19	3320-3326	adipes	
4-20	3327-3330	qui	
4-21	3331-3336	erant	
4-22	3337-3342	super	
4-23	3343-3349	altare	
4-24	3349-3350	.	

#Text=Quod cum vidissent turbæ, laudaverunt Dominum, ruentes in facies suas.
5-1	3351-3355	Quod	
5-2	3356-3359	cum	
5-3	3360-3369	vidissent	
5-4	3370-3375	turbæ	
5-5	3375-3376	,	
5-6	3377-3388	laudaverunt	
5-7	3389-3396	Dominum	
5-8	3396-3397	,	
5-9	3398-3405	ruentes	
5-10	3406-3408	in	
5-11	3409-3415	facies	
5-12	3416-3420	suas	
5-13	3420-3421	.	
