#FORMAT=WebAnno TSV 3.3


#Text=Deinde cum odores nil aliud efle possint quam partes conftitatiuae corporis cuiusdam attenuatae et volatiles redditae, fere recte concludimus, quales partes in fixioribus abundant, tales in volatilioribus effe.
1-1	2-8	Deinde	
1-2	9-12	cum	
1-3	13-19	odores	
1-4	20-23	nil	
1-5	24-29	aliud	
1-6	30-34	efle	
1-7	35-42	possint	
1-8	43-47	quam	
1-9	48-54	partes	
1-10	55-68	conftitatiuae	
1-11	69-77	corporis	
1-12	78-86	cuiusdam	
1-13	87-97	attenuatae	
1-14	98-100	et	
1-15	101-110	volatiles	
1-16	111-119	redditae	
1-17	119-120	,	
1-18	121-125	fere	
1-19	126-131	recte	
1-20	132-143	concludimus	
1-21	143-144	,	
1-22	145-151	quales	
1-23	152-158	partes	
1-24	159-161	in	
1-25	162-172	fixioribus	
1-26	173-181	abundant	
1-27	181-182	,	
1-28	183-188	tales	
1-29	189-191	in	
1-30	192-206	volatilioribus	
1-31	207-211	effe	
1-32	211-212	.	

#Text=Tandem vero alia via eaque longe tutior eft, per quam odoris naturam cognoscere datur, fc.
#Text=fynthesis.
2-1	213-219	Tandem	
2-2	220-224	vero	
2-3	225-229	alia	
2-4	230-233	via	
2-5	234-239	eaque	
2-6	240-245	longe	
2-7	246-252	tutior	
2-8	253-256	eft	
2-9	256-257	,	
2-10	258-261	per	
2-11	262-266	quam	
2-12	267-273	odoris	
2-13	274-281	naturam	
2-14	282-292	cognoscere	
2-15	293-298	datur	
2-16	298-299	,	
2-17	300-302	fc	
2-18	302-303	.	
2-19	304-313	fynthesis	
2-20	313-314	.	

#Text=Saepius fcilicet contingit chemicis, vt dum duas aut tres materias componunt, odor oriatur in materia alibi iam cognitus; et hic odor ex compofitis materiis.
#Text=vel ita oritur , vt fubtiliora effluuia, quae fingula odorem non faciunt, dum cöeunt demum odorati quid producant, vel ita vt vna materia, quae cum altera coit, odorati quid expellat.
3-1	315-322	Saepius	
3-2	323-331	fcilicet	
3-3	332-341	contingit	
3-4	342-350	chemicis	
3-5	350-351	,	
3-6	352-354	vt	
3-7	355-358	dum	
3-8	359-363	duas	
3-9	364-367	aut	
3-10	368-372	tres	
3-11	373-381	materias	
3-12	382-391	componunt	
3-13	391-392	,	
3-14	393-397	odor	
3-15	398-405	oriatur	
3-16	406-408	in	
3-17	409-416	materia	
3-18	417-422	alibi	
3-19	423-426	iam	
3-20	427-435	cognitus	
3-21	435-436	;	
3-22	437-439	et	
3-23	440-443	hic	
3-24	444-448	odor	
3-25	449-451	ex	
3-26	452-462	compofitis	
3-27	463-471	materiis	
3-28	471-472	.	
3-29	473-476	vel	
3-30	477-480	ita	
3-31	481-487	oritur	
3-32	488-489	,	
3-33	490-492	vt	
3-34	493-503	fubtiliora	
3-35	504-512	effluuia	
3-36	512-513	,	
3-37	514-518	quae	
3-38	519-526	fingula	
3-39	527-533	odorem	
3-40	534-537	non	
3-41	538-545	faciunt	
3-42	545-546	,	
3-43	547-550	dum	
3-44	551-557	cöeunt	
3-45	558-563	demum	
3-46	564-571	odorati	
3-47	572-576	quid	
3-48	577-586	producant	
3-49	586-587	,	
3-50	588-591	vel	
3-51	592-595	ita	
3-52	596-598	vt	
3-53	599-602	vna	
3-54	603-610	materia	
3-55	610-611	,	
3-56	612-616	quae	
3-57	617-620	cum	
3-58	621-627	altera	
3-59	628-632	coit	
3-60	632-633	,	
3-61	634-641	odorati	
3-62	642-646	quid	
3-63	647-655	expellat	
3-64	655-656	.	

#Text=Haec ipfa vero amplioribus discutiamus, vt videamus, num certi quid haec methodus polliceatur.
4-1	657-661	Haec	
4-2	662-666	ipfa	
4-3	667-671	vero	
4-4	672-683	amplioribus	
4-5	684-695	discutiamus	
4-6	695-696	,	
4-7	697-699	vt	
4-8	700-708	videamus	
4-9	708-709	,	
4-10	710-713	num	
4-11	714-719	certi	
4-12	720-724	quid	
4-13	725-729	haec	
4-14	730-738	methodus	
4-15	739-750	polliceatur	
4-16	750-751	.	

#Text=Primum fuit, odorum naturam eruere, dum cum fapore, quatenus quidem ex chemia cognofcitur, confertur.
5-1	752-758	Primum	
5-2	759-763	fuit	
5-3	763-764	,	
5-4	765-771	odorum	
5-5	772-779	naturam	
5-6	780-786	eruere	
5-7	786-787	,	
5-8	788-791	dum	
5-9	792-795	cum	
5-10	796-802	fapore	
5-11	802-803	,	
5-12	804-812	quatenus	
5-13	813-819	quidem	
5-14	820-822	ex	
5-15	823-829	chemia	
5-16	830-841	cognofcitur	
5-17	841-842	,	
5-18	843-852	confertur	
5-19	852-853	.	

#Text=Odoris E. nerui si odorem percipiunt, sentiunt quid, i. e. qualitas quaedam volatilis cuiusdam corpusculi fluido nerueo neruorum olfa
#Text=
#Text=toriorum inprimitur, et per hoc ánimo ir fensorio communi repraesentatur: haec qualitas nil aliud effe poteft, nifi id quod in vltima particula distingui potest et haec est forma et figura corpufculi.
6-1	854-860	Odoris	
6-2	861-862	E	
6-3	862-863	.	
6-4	864-869	nerui	
6-5	870-872	si	
6-6	873-879	odorem	
6-7	880-890	percipiunt	
6-8	890-891	,	
6-9	892-900	sentiunt	
6-10	901-905	quid	
6-11	905-906	,	
6-12	907-908	i	
6-13	908-909	.	
6-14	910-911	e	
6-15	911-912	.	
6-16	913-921	qualitas	
6-17	922-929	quaedam	
6-18	930-939	volatilis	
6-19	940-948	cuiusdam	
6-20	949-959	corpusculi	
6-21	960-966	fluido	
6-22	967-973	nerueo	
6-23	974-982	neruorum	
6-24	983-987	olfa	
6-25	989-997	toriorum	
6-26	998-1008	inprimitur	
6-27	1008-1009	,	
6-28	1010-1012	et	
6-29	1013-1016	per	
6-30	1017-1020	hoc	
6-31	1021-1026	ánimo	
6-32	1027-1029	ir	
6-33	1030-1038	fensorio	
6-34	1039-1046	communi	
6-35	1047-1061	repraesentatur	
6-36	1061-1062	:	
6-37	1063-1067	haec	
6-38	1068-1076	qualitas	
6-39	1077-1080	nil	
6-40	1081-1086	aliud	
6-41	1087-1091	effe	
6-42	1092-1098	poteft	
6-43	1098-1099	,	
6-44	1100-1104	nifi	
6-45	1105-1107	id	
6-46	1108-1112	quod	
6-47	1113-1115	in	
6-48	1116-1122	vltima	
6-49	1123-1132	particula	
6-50	1133-1142	distingui	
6-51	1143-1149	potest	
6-52	1150-1152	et	
6-53	1153-1157	haec	
6-54	1158-1161	est	
6-55	1162-1167	forma	
6-56	1168-1170	et	
6-57	1171-1177	figura	
6-58	1178-1188	corpufculi	
6-59	1188-1189	.	

#Text=Neque vero tamen id volumus, vt figuram determinatam accipiamus sed formam, quae pro diuerfitate mixtionis vltimarum particularum scilicet falis, terrae , aquae et inflammabilis principii multiplex effe potest, et vel talis est, quae fimul a faporis neruis diiudicari poteft yel talis, quae fi hos neruos fugit, tamen ex analyfi chemica conclu
#Text=
#Text=di di poteft.
7-1	1190-1195	Neque	
7-2	1196-1200	vero	
7-3	1201-1206	tamen	
7-4	1207-1209	id	
7-5	1210-1217	volumus	
7-6	1217-1218	,	
7-7	1219-1221	vt	
7-8	1222-1229	figuram	
7-9	1230-1242	determinatam	
7-10	1243-1253	accipiamus	
7-11	1254-1257	sed	
7-12	1258-1264	formam	
7-13	1264-1265	,	
7-14	1266-1270	quae	
7-15	1271-1274	pro	
7-16	1275-1286	diuerfitate	
7-17	1287-1296	mixtionis	
7-18	1297-1306	vltimarum	
7-19	1307-1319	particularum	
7-20	1320-1328	scilicet	
7-21	1329-1334	falis	
7-22	1334-1335	,	
7-23	1336-1342	terrae	
7-24	1343-1344	,	
7-25	1345-1350	aquae	
7-26	1351-1353	et	
7-27	1354-1367	inflammabilis	
7-28	1368-1377	principii	
7-29	1378-1387	multiplex	
7-30	1388-1392	effe	
7-31	1393-1399	potest	
7-32	1399-1400	,	
7-33	1401-1403	et	
7-34	1404-1407	vel	
7-35	1408-1413	talis	
7-36	1414-1417	est	
7-37	1417-1418	,	
7-38	1419-1423	quae	
7-39	1424-1429	fimul	
7-40	1430-1431	a	
7-41	1432-1439	faporis	
7-42	1440-1446	neruis	
7-43	1447-1457	diiudicari	
7-44	1458-1464	poteft	
7-45	1465-1468	yel	
7-46	1469-1474	talis	
7-47	1474-1475	,	
7-48	1476-1480	quae	
7-49	1481-1483	fi	
7-50	1484-1487	hos	
7-51	1488-1494	neruos	
7-52	1495-1500	fugit	
7-53	1500-1501	,	
7-54	1502-1507	tamen	
7-55	1508-1510	ex	
7-56	1511-1518	analyfi	
7-57	1519-1526	chemica	
7-58	1527-1533	conclu	
7-59	1535-1537	di	
7-60	1538-1540	di	
7-61	1541-1547	poteft	
7-62	1547-1548	.	

#Text=Exemplis haec probare e re'erit: Perpetuum aliquid eft, quod quae acidi faporis fint, acidum quoque odorem fpirent, et quidem odor aeque diuersus est, ac fapor.
8-1	1549-1557	Exemplis	
8-2	1558-1562	haec	
8-3	1563-1570	probare	
8-4	1571-1572	e	
8-5	1573-1580	re'erit	
8-6	1580-1581	:	
8-7	1582-1591	Perpetuum	
8-8	1592-1599	aliquid	
8-9	1600-1603	eft	
8-10	1603-1604	,	
8-11	1605-1609	quod	
8-12	1610-1614	quae	
8-13	1615-1620	acidi	
8-14	1621-1628	faporis	
8-15	1629-1633	fint	
8-16	1633-1634	,	
8-17	1635-1641	acidum	
8-18	1642-1648	quoque	
8-19	1649-1655	odorem	
8-20	1656-1663	fpirent	
8-21	1663-1664	,	
8-22	1665-1667	et	
8-23	1668-1674	quidem	
8-24	1675-1679	odor	
8-25	1680-1685	aeque	
8-26	1686-1694	diuersus	
8-27	1695-1698	est	
8-28	1698-1699	,	
8-29	1700-1702	ac	
8-30	1703-1708	fapor	
8-31	1708-1709	.	

#Text=Acetum cereuisiae non tam acriter odoris neruos vellicat quam quidem acetum vini : fed nonne idem in sapore fit ?
9-1	1710-1716	Acetum	
9-2	1717-1727	cereuisiae	
9-3	1728-1731	non	
9-4	1732-1735	tam	
9-5	1736-1743	acriter	
9-6	1744-1750	odoris	
9-7	1751-1757	neruos	
9-8	1758-1766	vellicat	
9-9	1767-1771	quam	
9-10	1772-1778	quidem	
9-11	1779-1785	acetum	
9-12	1786-1790	vini	
9-13	1791-1792	:	
9-14	1793-1796	fed	
9-15	1797-1802	nonne	
9-16	1803-1807	idem	
9-17	1808-1810	in	
9-18	1811-1817	sapore	
9-19	1818-1821	fit	
9-20	1822-1823	?	

#Text=Et quis non citri odorem acido.. muci: laginofum fimul et olfacere et degastare potest?
10-1	1824-1826	Et	
10-2	1827-1831	quis	
10-3	1832-1835	non	
10-4	1836-1841	citri	
10-5	1842-1848	odorem	
10-6	1849-1854	acido	
10-7	1854-1855	.	
10-8	1855-1856	.	
10-9	1857-1861	muci	
10-10	1861-1862	:	
10-11	1863-1872	laginofum	
10-12	1873-1878	fimul	
10-13	1879-1881	et	
10-14	1882-1890	olfacere	
10-15	1891-1893	et	
10-16	1894-1903	degastare	
10-17	1904-1910	potest	
10-18	1910-1911	?	

#Text=Idem difcrimen faepius in fpiritu tartari deprehendi, fcilicet acido - empyreumati.
#Text=cum oleofum odorem et saporem.
11-1	1912-1916	Idem	
11-2	1917-1926	difcrimen	
11-3	1927-1934	faepius	
11-4	1935-1937	in	
11-5	1938-1945	fpiritu	
11-6	1946-1953	tartari	
11-7	1954-1964	deprehendi	
11-8	1964-1965	,	
11-9	1966-1974	fcilicet	
11-10	1975-1980	acido	
11-11	1981-1982	-	
11-12	1983-1994	empyreumati	
11-13	1994-1995	.	
11-14	1996-1999	cum	
11-15	2000-2007	oleofum	
11-16	2008-2014	odorem	
11-17	2015-2017	et	
11-18	2018-2025	saporem	
11-19	2025-2026	.	

#Text=Alia vero quoque
#Text=
#Text=in promtu funt.
12-1	2027-2031	Alia	
12-2	2032-2036	vero	
12-3	2037-2043	quoque	
12-4	2045-2047	in	
12-5	2048-2054	promtu	
12-6	2055-2059	funt	
12-7	2059-2060	.	

#Text=Abfinthii amaritiem quilibet et gustu et odorata percipere poteft.
13-1	2061-2070	Abfinthii	
13-2	2071-2080	amaritiem	
13-3	2081-2089	quilibet	
13-4	2090-2092	et	
13-5	2093-2098	gustu	
13-6	2099-2101	et	
13-7	2102-2109	odorata	
13-8	2110-2119	percipere	
13-9	2120-2126	poteft	
13-10	2126-2127	.	

#Text=Idem in carduo benedicto aliisque amaris, quae amaritiem volatilem habent contingit e. g. in trifolio fibrino, fumaria.
14-1	2128-2132	Idem	
14-2	2133-2135	in	
14-3	2136-2142	carduo	
14-4	2143-2152	benedicto	
14-5	2153-2161	aliisque	
14-6	2162-2168	amaris	
14-7	2168-2169	,	
14-8	2170-2174	quae	
14-9	2175-2184	amaritiem	
14-10	2185-2194	volatilem	
14-11	2195-2201	habent	
14-12	2202-2211	contingit	
14-13	2212-2213	e	
14-14	2213-2214	.	
14-15	2215-2216	g	
14-16	2216-2217	.	
14-17	2218-2220	in	
14-18	2221-2229	trifolio	
14-19	2230-2237	fibrino	
14-20	2237-2238	,	
14-21	2239-2246	fumaria	
14-22	2246-2247	.	

#Text=Sed quae multum terrae figentis habent e. g. gentianae rad.
#Text=marrubium, hanc ipfam, fi volatilis redditur in odore oftendunt.
15-1	2248-2251	Sed	
15-2	2252-2256	quae	
15-3	2257-2263	multum	
15-4	2264-2270	terrae	
15-5	2271-2279	figentis	
15-6	2280-2286	habent	
15-7	2287-2288	e	
15-8	2288-2289	.	
15-9	2290-2291	g	
15-10	2291-2292	.	
15-11	2293-2302	gentianae	
15-12	2303-2306	rad	
15-13	2306-2307	.	
15-14	2308-2317	marrubium	
15-15	2317-2318	,	
15-16	2319-2323	hanc	
15-17	2324-2329	ipfam	
15-18	2329-2330	,	
15-19	2331-2333	fi	
15-20	2334-2343	volatilis	
15-21	2344-2352	redditur	
15-22	2353-2355	in	
15-23	2356-2361	odore	
15-24	2362-2371	oftendunt	
15-25	2371-2372	.	

#Text=Marrubium recens, si contunditur aut coquitur, non amaritiem tenuem et acrem, fed obtufam et figentem, quae cum grauitate quadam et aromate coniuncta eft, oftendit.
16-1	2373-2382	Marrubium	
16-2	2383-2389	recens	
16-3	2389-2390	,	
16-4	2391-2393	si	
16-5	2394-2405	contunditur	
16-6	2406-2409	aut	
16-7	2410-2418	coquitur	
16-8	2418-2419	,	
16-9	2420-2423	non	
16-10	2424-2433	amaritiem	
16-11	2434-2440	tenuem	
16-12	2441-2443	et	
16-13	2444-2449	acrem	
16-14	2449-2450	,	
16-15	2451-2454	fed	
16-16	2455-2462	obtufam	
16-17	2463-2465	et	
16-18	2466-2474	figentem	
16-19	2474-2475	,	
16-20	2476-2480	quae	
16-21	2481-2484	cum	
16-22	2485-2494	grauitate	
16-23	2495-2501	quadam	
16-24	2502-2504	et	
16-25	2505-2512	aromate	
16-26	2513-2522	coniuncta	
16-27	2523-2526	eft	
16-28	2526-2527	,	
16-29	2528-2536	oftendit	
16-30	2536-2537	.	
