#FORMAT=WebAnno TSV 3.3


#Text=Lemery hat ſehr ſchoͤn da-
#Text=von geſchrieben, und zu dem mag man
#Text=ſeine Zuflucht nehmen.
1-1	2-8	Lemery	
1-2	9-12	hat	
1-3	13-17	ſehr	
1-4	18-24	ſchoͤn	
1-5	25-27	da	
1-6	27-28	-	
1-7	29-32	von	
1-8	33-44	geſchrieben	
1-9	44-45	,	
1-10	46-49	und	
1-11	50-52	zu	
1-12	53-56	dem	
1-13	57-60	mag	
1-14	61-64	man	
1-15	65-70	ſeine	
1-16	71-79	Zuflucht	
1-17	80-86	nehmen	
1-18	86-87	.	

#Text=Campheroͤl.
2-1	91-101	Campheroͤl	
2-2	101-102	.	

#Text=Er ſoll auch
#Text=fuͤrs
#Text=Fieber
#Text=gut ſeyn,
#Text=wenn er in
#Text=Scharlach genaͤhet, und an den Hals gehenckt wird.
3-1	105-107	Er	
3-2	108-112	ſoll	
3-3	113-117	auch	
3-4	118-123	fuͤrs	
3-5	124-130	Fieber	
3-6	131-134	gut	
3-7	135-139	ſeyn	
3-8	139-140	,	
3-9	141-145	wenn	
3-10	146-148	er	
3-11	149-151	in	
3-12	152-161	Scharlach	
3-13	162-170	genaͤhet	
3-14	170-171	,	
3-15	172-175	und	
3-16	176-178	an	
3-17	179-182	den	
3-18	183-187	Hals	
3-19	188-196	gehenckt	
3-20	197-201	wird	
3-21	201-202	.	

#Text=Das vierzehende Capitel.
4-1	206-209	Das	
4-2	210-221	vierzehende	
4-3	222-229	Capitel	
4-4	229-230	.	

#Text=Vom wohlriechenden Aſand.
5-1	233-236	Vom	
5-2	237-251	wohlriechenden	
5-3	252-257	Aſand	
5-4	257-258	.	

#Text=DEr wohlriechende Aſand, oder
#Text=die Benzoe iſt ein Gummi, welches
#Text=aus dem Stamme und den dickſten
#Text=Aeſten eines groſſen Baumes dringet,
#Text=wenn dieſelbigen aufgeritzet worden.
6-1	261-264	DEr	
6-2	265-278	wohlriechende	
6-3	279-284	Aſand	
6-4	284-285	,	
6-5	286-290	oder	
6-6	291-294	die	
6-7	295-301	Benzoe	
6-8	302-305	iſt	
6-9	306-309	ein	
6-10	310-315	Gummi	
6-11	315-316	,	
6-12	317-324	welches	
6-13	325-328	aus	
6-14	329-332	dem	
6-15	333-339	Stamme	
6-16	340-343	und	
6-17	344-347	den	
6-18	348-356	dickſten	
6-19	357-363	Aeſten	
6-20	364-369	eines	
6-21	370-377	groſſen	
6-22	378-384	Baumes	
6-23	385-392	dringet	
6-24	392-393	,	
6-25	394-398	wenn	
6-26	399-410	dieſelbigen	
6-27	411-422	aufgeritzet	
6-28	423-429	worden	
6-29	429-430	.	

#Text=Die Blaͤtter ſehen, wie ſie abgebildet,
#Text=und die Baͤume wachſen haͤuffig in Co-
#Text=chinchina/ ſonderlich in den Waͤldern,
#Text=der Koͤnigreiche Lao und Siam: dar-
#Text=um brachten auch die Leute der Siami-
#Text=ſchen Geſandten deſſen ſo viel mit nach
#Text=Paris, allda es ſpottwohlfeil verkaufft
#Text=wurde.
7-1	433-436	Die	
7-2	437-445	Blaͤtter	
7-3	446-451	ſehen	
7-4	451-452	,	
7-5	453-456	wie	
7-6	457-460	ſie	
7-7	461-471	abgebildet	
7-8	471-472	,	
7-9	473-476	und	
7-10	477-480	die	
7-11	481-487	Baͤume	
7-12	488-495	wachſen	
7-13	496-504	haͤuffig	
7-14	505-507	in	
7-15	508-510	Co	
7-16	510-511	-	
7-17	512-521	chinchina	
7-18	521-522	/	
7-19	523-533	ſonderlich	
7-20	534-536	in	
7-21	537-540	den	
7-22	541-549	Waͤldern	
7-23	549-550	,	
7-24	551-554	der	
7-25	555-567	Koͤnigreiche	
7-26	568-571	Lao	
7-27	572-575	und	
7-28	576-580	Siam	
7-29	580-581	:	
7-30	582-585	dar	
7-31	585-586	-	
7-32	587-589	um	
7-33	590-598	brachten	
7-34	599-603	auch	
7-35	604-607	die	
7-36	608-613	Leute	
7-37	614-617	der	
7-38	618-623	Siami	
7-39	623-624	-	
7-40	625-630	ſchen	
7-41	631-640	Geſandten	
7-42	641-647	deſſen	
7-43	648-650	ſo	
7-44	651-655	viel	
7-45	656-659	mit	
7-46	660-664	nach	
7-47	665-670	Paris	
7-48	670-671	,	
7-49	672-677	allda	
7-50	678-680	es	
7-51	681-694	ſpottwohlfeil	
7-52	695-704	verkaufft	
7-53	705-710	wurde	
7-54	710-711	.	

#Text=Siehe Fig.
#Text=280.
8-1	714-719	Siehe	
8-2	720-723	Fig	
8-3	723-724	.	
8-4	725-728	280	
8-5	728-729	.	

#Text=Man erwehle die Benzoe en larmes,
#Text=in Tropfen, oder die tropfichte, die auſ-
#Text=ſenher goldgelb, inwendig weiß iſt, mit
#Text=vielen hellen, weiſſen und rothen Aeder-
#Text=lein durchzogen;
#Text=die ſich gerne zerbre-
#Text=chen laͤßt, darneben keinen Geſchmack,
#Text=wohl aber einen ſuͤſſen lieblichen und
#Text=wuͤrtzhaften
#Text=Geruch hat.
9-1	731-734	Man	
9-2	735-742	erwehle	
9-3	743-746	die	
9-4	747-753	Benzoe	
9-5	754-756	en	
9-6	757-763	larmes	
9-7	763-764	,	
9-8	765-767	in	
9-9	768-775	Tropfen	
9-10	775-776	,	
9-11	777-781	oder	
9-12	782-785	die	
9-13	786-796	tropfichte	
9-14	796-797	,	
9-15	798-801	die	
9-16	802-805	auſ	
9-17	805-806	-	
9-18	807-813	ſenher	
9-19	814-822	goldgelb	
9-20	822-823	,	
9-21	824-832	inwendig	
9-22	833-837	weiß	
9-23	838-841	iſt	
9-24	841-842	,	
9-25	843-846	mit	
9-26	847-853	vielen	
9-27	854-860	hellen	
9-28	860-861	,	
9-29	862-869	weiſſen	
9-30	870-873	und	
9-31	874-880	rothen	
9-32	881-886	Aeder	
9-33	886-887	-	
9-34	888-892	lein	
9-35	893-903	durchzogen	
9-36	903-904	;	
9-37	905-908	die	
9-38	909-913	ſich	
9-39	914-919	gerne	
9-40	920-926	zerbre	
9-41	926-927	-	
9-42	928-932	chen	
9-43	933-938	laͤßt	
9-44	938-939	,	
9-45	940-948	darneben	
9-46	949-955	keinen	
9-47	956-965	Geſchmack	
9-48	965-966	,	
9-49	967-971	wohl	
9-50	972-976	aber	
9-51	977-982	einen	
9-52	983-990	ſuͤſſen	
9-53	991-1001	lieblichen	
9-54	1002-1005	und	
9-55	1006-1018	wuͤrtzhaften	
9-56	1019-1025	Geruch	
9-57	1026-1029	hat	
9-58	1029-1030	.	

#Text=Tropfichte
10-1	1034-1044	Tropfichte	
