#FORMAT=WebAnno TSV 3.3
#T_SP=custom.Span|label
#T_RL=custom.Relation|label|BT_custom.Span


#Text=La Société royale, de médecine, qui veille par principe et par devoir à la préservation des maladies des hommes et à celles des animaux, nous a aussi communiqué ses idées patriotiques sur les avantages des dessèchements.
1-1	0-2	La	_	_	_	
1-2	3-10	Société	_	_	_	
1-3	11-17	royale	_	_	_	
1-4	17-18	,	_	_	_	
1-5	19-21	de	_	_	_	
1-6	22-30	médecine	_	_	_	
1-7	30-31	,	_	_	_	
1-8	32-35	qui	_	_	_	
1-9	36-42	veille	_	_	_	
1-10	43-46	par	_	_	_	
1-11	47-55	principe	_	_	_	
1-12	56-58	et	_	_	_	
1-13	59-62	par	_	_	_	
1-14	63-69	devoir	_	_	_	
1-15	70-71	à	_	_	_	
1-16	72-74	la	_	_	_	
1-17	75-87	préservation	_	_	_	
1-18	88-91	des	_	_	_	
1-19	92-100	maladies	_	_	_	
1-20	101-104	des	_	_	_	
1-21	105-111	hommes	_	_	_	
1-22	112-114	et	_	_	_	
1-23	115-116	à	_	_	_	
1-24	117-123	celles	_	_	_	
1-25	124-127	des	_	_	_	
1-26	128-135	animaux	_	_	_	
1-27	135-136	,	_	_	_	
1-28	137-141	nous	_	_	_	
1-29	142-143	a	_	_	_	
1-30	144-149	aussi	_	_	_	
1-31	150-160	communiqué	_	_	_	
1-32	161-164	ses	_	_	_	
1-33	165-170	idées	_	_	_	
1-34	171-183	patriotiques	_	_	_	
1-35	184-187	sur	_	_	_	
1-36	188-191	les	_	_	_	
1-37	192-201	avantages	_	_	_	
1-38	202-205	des	_	_	_	
1-39	206-219	dessèchements	_	_	_	
1-40	219-220	.	_	_	_	

#Text=Son mémoire, appelant en témoignage toutes les provinces de France, dit que le voisinage des marais cause des lièvres de toute nature, durant l'été et l'automne; que leurs exhalaisons malsaines dépeuplent les villages de bestiaux, et détruisent les forces des ouvriers de la campagne cfàns les saisons des travaux les plus nécessaires.
2-1	221-224	Son	_	_	_	
2-2	225-232	mémoire	_	_	_	
2-3	232-233	,	_	_	_	
2-4	234-242	appelant	_	_	_	
2-5	243-245	en	_	_	_	
2-6	246-256	témoignage	_	_	_	
2-7	257-263	toutes	_	_	_	
2-8	264-267	les	_	_	_	
2-9	268-277	provinces	_	_	_	
2-10	278-280	de	_	_	_	
2-11	281-287	France	Location	_	_	
2-12	287-288	,	_	_	_	
2-13	289-292	dit	_	_	_	
2-14	293-296	que	_	_	_	
2-15	297-299	le	_	_	_	
2-16	300-309	voisinage	_	_	_	
2-17	310-313	des	_	_	_	
2-18	314-320	marais	_	_	_	
2-19	321-326	cause	_	_	_	
2-20	327-330	des	_	_	_	
2-21	331-338	lièvres	_	_	_	
2-22	339-341	de	_	_	_	
2-23	342-347	toute	_	_	_	
2-24	348-354	nature	_	_	_	
2-25	354-355	,	_	_	_	
2-26	356-362	durant	_	_	_	
2-27	363-368	l'été	_	_	_	
2-28	369-371	et	_	_	_	
2-29	372-381	l'automne	_	_	_	
2-30	381-382	;	_	_	_	
2-31	383-386	que	_	_	_	
2-32	387-392	leurs	_	_	_	
2-33	393-404	exhalaisons	Smell\_Word	*|*|*	2-11|2-34|5-94[1_0]	
2-34	405-414	malsaines	Quality	_	_	
2-35	415-425	dépeuplent	_	_	_	
2-36	426-429	les	_	_	_	
2-37	430-438	villages	_	_	_	
2-38	439-441	de	_	_	_	
2-39	442-450	bestiaux	_	_	_	
2-40	450-451	,	_	_	_	
2-41	452-454	et	_	_	_	
2-42	455-465	détruisent	_	_	_	
2-43	466-469	les	_	_	_	
2-44	470-476	forces	_	_	_	
2-45	477-480	des	_	_	_	
2-46	481-489	ouvriers	_	_	_	
2-47	490-492	de	_	_	_	
2-48	493-495	la	_	_	_	
2-49	496-504	campagne	_	_	_	
2-50	505-510	cfàns	_	_	_	
2-51	511-514	les	_	_	_	
2-52	515-522	saisons	_	_	_	
2-53	523-526	des	_	_	_	
2-54	527-534	travaux	_	_	_	
2-55	535-538	les	_	_	_	
2-56	539-543	plus	_	_	_	
2-57	544-555	nécessaires	_	_	_	
2-58	555-556	.	_	_	_	

#Text=On y voit que ja ville de Bordeaux n'a joui d'un air salubre que depuis la construction d une chaussée bordée d'arbres, qui a desséché, dans son sein, un marais infect.
3-1	557-559	On	_	_	_	
3-2	560-561	y	_	_	_	
3-3	562-566	voit	_	_	_	
3-4	567-570	que	_	_	_	
3-5	571-573	ja	_	_	_	
3-6	574-579	ville	_	_	_	
3-7	580-582	de	_	_	_	
3-8	583-591	Bordeaux	_	_	_	
3-9	592-595	n'a	_	_	_	
3-10	596-600	joui	_	_	_	
3-11	601-605	d'un	_	_	_	
3-12	606-609	air	_	_	_	
3-13	610-617	salubre	_	_	_	
3-14	618-621	que	_	_	_	
3-15	622-628	depuis	_	_	_	
3-16	629-631	la	_	_	_	
3-17	632-644	construction	_	_	_	
3-18	645-646	d	_	_	_	
3-19	647-650	une	_	_	_	
3-20	651-659	chaussée	_	_	_	
3-21	660-666	bordée	_	_	_	
3-22	667-675	d'arbres	_	_	_	
3-23	675-676	,	_	_	_	
3-24	677-680	qui	_	_	_	
3-25	681-682	a	_	_	_	
3-26	683-691	desséché	_	_	_	
3-27	691-692	,	_	_	_	
3-28	693-697	dans	_	_	_	
3-29	698-701	son	_	_	_	
3-30	702-706	sein	_	_	_	
3-31	706-707	,	_	_	_	
3-32	708-710	un	_	_	_	
3-33	711-717	marais	_	_	_	
3-34	718-724	infect	_	_	_	
3-35	724-725	.	_	_	_	

#Text=On y lit que sur les bords marécageux de la Sommé, non loin de Saint-Quentin, il existe des villages où les propriétaires et les fermiers sont obligés de donner de doubles gages aux domestiques de l'agriculture, pour les déterminer à s'y fixer, tant l air qu'on y réspire est redoutable ; il ne l'est pas moins aux environs des Moeres, marais situés dans là Flandre maritime.
4-1	726-728	On	_	_	_	
4-2	729-730	y	_	_	_	
4-3	731-734	lit	_	_	_	
4-4	735-738	que	_	_	_	
4-5	739-742	sur	_	_	_	
4-6	743-746	les	_	_	_	
4-7	747-752	bords	_	_	_	
4-8	753-763	marécageux	_	_	_	
4-9	764-766	de	_	_	_	
4-10	767-769	la	_	_	_	
4-11	770-775	Sommé	_	_	_	
4-12	775-776	,	_	_	_	
4-13	777-780	non	_	_	_	
4-14	781-785	loin	_	_	_	
4-15	786-788	de	_	_	_	
4-16	789-802	Saint-Quentin	_	_	_	
4-17	802-803	,	_	_	_	
4-18	804-806	il	_	_	_	
4-19	807-813	existe	_	_	_	
4-20	814-817	des	_	_	_	
4-21	818-826	villages	_	_	_	
4-22	827-829	où	_	_	_	
4-23	830-833	les	_	_	_	
4-24	834-847	propriétaires	_	_	_	
4-25	848-850	et	_	_	_	
4-26	851-854	les	_	_	_	
4-27	855-863	fermiers	_	_	_	
4-28	864-868	sont	_	_	_	
4-29	869-876	obligés	_	_	_	
4-30	877-879	de	_	_	_	
4-31	880-886	donner	_	_	_	
4-32	887-889	de	_	_	_	
4-33	890-897	doubles	_	_	_	
4-34	898-903	gages	_	_	_	
4-35	904-907	aux	_	_	_	
4-36	908-919	domestiques	_	_	_	
4-37	920-922	de	_	_	_	
4-38	923-936	l'agriculture	_	_	_	
4-39	936-937	,	_	_	_	
4-40	938-942	pour	_	_	_	
4-41	943-946	les	_	_	_	
4-42	947-957	déterminer	_	_	_	
4-43	958-959	à	_	_	_	
4-44	960-963	s'y	_	_	_	
4-45	964-969	fixer	_	_	_	
4-46	969-970	,	_	_	_	
4-47	971-975	tant	_	_	_	
4-48	976-977	l	_	_	_	
4-49	978-981	air	_	_	_	
4-50	982-987	qu'on	_	_	_	
4-51	988-989	y	_	_	_	
4-52	990-997	réspire	_	_	_	
4-53	998-1001	est	_	_	_	
4-54	1002-1012	redoutable	_	_	_	
4-55	1013-1014	;	_	_	_	
4-56	1015-1017	il	_	_	_	
4-57	1018-1020	ne	_	_	_	
4-58	1021-1026	l'est	_	_	_	
4-59	1027-1030	pas	_	_	_	
4-60	1031-1036	moins	_	_	_	
4-61	1037-1040	aux	_	_	_	
4-62	1041-1049	environs	_	_	_	
4-63	1050-1053	des	_	_	_	
4-64	1054-1060	Moeres	_	_	_	
4-65	1060-1061	,	_	_	_	
4-66	1062-1068	marais	_	_	_	
4-67	1069-1075	situés	_	_	_	
4-68	1076-1080	dans	_	_	_	
4-69	1081-1083	là	_	_	_	
4-70	1084-1091	Flandre	_	_	_	
4-71	1092-1100	maritime	_	_	_	
4-72	1100-1101	.	_	_	_	

#Text=D'après les observations de petite société, les meuniers ont tous le défaut d'élever trop leurs écluses; des changements seraient désirables dans la construction des moulins, et tout pays est intéressé à la suppression des étangs que ne traverse Pôint Une eau vive; d'après ses calculs, la population des cantons de marais ne montent pas à la moitié de celle des pays secs; d'après ses conseils, on ne doit commencer les dessèchement qu'à la fin de Tau tomme, aux milieu des eaux, afin d'éviter les vapeurs impures de iafange mise en fermation par la chaleur.
5-1	1102-1109	D'après	_	_	_	
5-2	1110-1113	les	_	_	_	
5-3	1114-1126	observations	_	_	_	
5-4	1127-1129	de	_	_	_	
5-5	1130-1136	petite	_	_	_	
5-6	1137-1144	société	_	_	_	
5-7	1144-1145	,	_	_	_	
5-8	1146-1149	les	_	_	_	
5-9	1150-1158	meuniers	_	_	_	
5-10	1159-1162	ont	_	_	_	
5-11	1163-1167	tous	_	_	_	
5-12	1168-1170	le	_	_	_	
5-13	1171-1177	défaut	_	_	_	
5-14	1178-1186	d'élever	_	_	_	
5-15	1187-1191	trop	_	_	_	
5-16	1192-1197	leurs	_	_	_	
5-17	1198-1205	écluses	_	_	_	
5-18	1205-1206	;	_	_	_	
5-19	1207-1210	des	_	_	_	
5-20	1211-1222	changements	_	_	_	
5-21	1223-1231	seraient	_	_	_	
5-22	1232-1242	désirables	_	_	_	
5-23	1243-1247	dans	_	_	_	
5-24	1248-1250	la	_	_	_	
5-25	1251-1263	construction	_	_	_	
5-26	1264-1267	des	_	_	_	
5-27	1268-1275	moulins	_	_	_	
5-28	1275-1276	,	_	_	_	
5-29	1277-1279	et	_	_	_	
5-30	1280-1284	tout	_	_	_	
5-31	1285-1289	pays	_	_	_	
5-32	1290-1293	est	_	_	_	
5-33	1294-1303	intéressé	_	_	_	
5-34	1304-1305	à	_	_	_	
5-35	1306-1308	la	_	_	_	
5-36	1309-1320	suppression	_	_	_	
5-37	1321-1324	des	_	_	_	
5-38	1325-1331	étangs	_	_	_	
5-39	1332-1335	que	_	_	_	
5-40	1336-1338	ne	_	_	_	
5-41	1339-1347	traverse	_	_	_	
5-42	1348-1353	Pôint	_	_	_	
5-43	1354-1357	Une	_	_	_	
5-44	1358-1361	eau	_	_	_	
5-45	1362-1366	vive	_	_	_	
5-46	1366-1367	;	_	_	_	
5-47	1368-1375	d'après	_	_	_	
5-48	1376-1379	ses	_	_	_	
5-49	1380-1387	calculs	_	_	_	
5-50	1387-1388	,	_	_	_	
5-51	1389-1391	la	_	_	_	
5-52	1392-1402	population	_	_	_	
5-53	1403-1406	des	_	_	_	
5-54	1407-1414	cantons	_	_	_	
5-55	1415-1417	de	_	_	_	
5-56	1418-1424	marais	_	_	_	
5-57	1425-1427	ne	_	_	_	
5-58	1428-1435	montent	_	_	_	
5-59	1436-1439	pas	_	_	_	
5-60	1440-1441	à	_	_	_	
5-61	1442-1444	la	_	_	_	
5-62	1445-1451	moitié	_	_	_	
5-63	1452-1454	de	_	_	_	
5-64	1455-1460	celle	_	_	_	
5-65	1461-1464	des	_	_	_	
5-66	1465-1469	pays	_	_	_	
5-67	1470-1474	secs	_	_	_	
5-68	1474-1475	;	_	_	_	
5-69	1476-1483	d'après	_	_	_	
5-70	1484-1487	ses	_	_	_	
5-71	1488-1496	conseils	_	_	_	
5-72	1496-1497	,	_	_	_	
5-73	1498-1500	on	_	_	_	
5-74	1501-1503	ne	_	_	_	
5-75	1504-1508	doit	_	_	_	
5-76	1509-1518	commencer	_	_	_	
5-77	1519-1522	les	_	_	_	
5-78	1523-1535	dessèchement	_	_	_	
5-79	1536-1540	qu'à	_	_	_	
5-80	1541-1543	la	_	_	_	
5-81	1544-1547	fin	_	_	_	
5-82	1548-1550	de	_	_	_	
5-83	1551-1554	Tau	_	_	_	
5-84	1555-1560	tomme	_	_	_	
5-85	1560-1561	,	_	_	_	
5-86	1562-1565	aux	_	_	_	
5-87	1566-1572	milieu	_	_	_	
5-88	1573-1576	des	_	_	_	
5-89	1577-1581	eaux	_	_	_	
5-90	1581-1582	,	_	_	_	
5-91	1583-1587	afin	_	_	_	
5-92	1588-1596	d'éviter	_	_	_	
5-93	1597-1600	les	_	_	_	
5-94	1601-1608	vapeurs	Evoked\_Odorant[1]	_	_	
5-95	1609-1616	impures	Evoked\_Odorant[1]	_	_	
5-96	1617-1619	de	Evoked\_Odorant[1]	_	_	
5-97	1620-1627	iafange	Evoked\_Odorant[1]	_	_	
5-98	1628-1632	mise	_	_	_	
5-99	1633-1635	en	_	_	_	
5-100	1636-1645	fermation	_	_	_	
5-101	1646-1649	par	_	_	_	
5-102	1650-1652	la	_	_	_	
5-103	1653-1660	chaleur	_	_	_	
5-104	1660-1661	.	_	_	_	
