#FORMAT=WebAnno TSV 3.3


#Text=De vogelen hebben in den regel geen of althans een zeer slechten reuk;
#Text=alleen enkele roofdieren maken daarop eene uitzondering en worden op den buit, die voor hun gezigtskring
#Text=[
#Text=p. 411
#Text=]
#Text=te verwijderd is, door het orgaan van den reuk opmerkzaam gemaakt.
1-1	4-6	De	
1-2	7-14	vogelen	
1-3	15-21	hebben	
1-4	22-24	in	
1-5	25-28	den	
1-6	29-34	regel	
1-7	35-39	geen	
1-8	40-42	of	
1-9	43-50	althans	
1-10	51-54	een	
1-11	55-59	zeer	
1-12	60-68	slechten	
1-13	69-73	reuk	
1-14	73-74	;	
1-15	75-81	alleen	
1-16	82-88	enkele	
1-17	89-99	roofdieren	
1-18	100-105	maken	
1-19	106-112	daarop	
1-20	113-117	eene	
1-21	118-130	uitzondering	
1-22	131-133	en	
1-23	134-140	worden	
1-24	141-143	op	
1-25	144-147	den	
1-26	148-152	buit	
1-27	152-153	,	
1-28	154-157	die	
1-29	158-162	voor	
1-30	163-166	hun	
1-31	167-179	gezigtskring	
1-32	180-181	[	
1-33	182-183	p	
1-34	183-184	.	
1-35	185-188	411	
1-36	189-190	]	
1-37	191-193	te	
1-38	194-204	verwijderd	
1-39	205-207	is	
1-40	207-208	,	
1-41	209-213	door	
1-42	214-217	het	
1-43	218-224	orgaan	
1-44	225-228	van	
1-45	229-232	den	
1-46	233-237	reuk	
1-47	238-248	opmerkzaam	
1-48	249-256	gemaakt	
1-49	256-257	.	

#Text=Over het reukorgaan der amphibiën en visschen weet ik hier niet veel te zeggen.
2-1	258-262	Over	
2-2	263-266	het	
2-3	267-277	reukorgaan	
2-4	278-281	der	
2-5	282-291	amphibiën	
2-6	292-294	en	
2-7	295-303	visschen	
2-8	304-308	weet	
2-9	309-311	ik	
2-10	312-316	hier	
2-11	317-321	niet	
2-12	322-326	veel	
2-13	327-329	te	
2-14	330-336	zeggen	
2-15	336-337	.	

#Text=De lagere of zoogenaamde wervellooze dieren schijnen zich meest in dien toestand te bevinden als de mensch, wanneer hij zeer verkouden is - zij rieken namelijk volstrekt niet.
3-1	340-342	De	
3-2	343-349	lagere	
3-3	350-352	of	
3-4	353-364	zoogenaamde	
3-5	365-376	wervellooze	
3-6	377-383	dieren	
3-7	384-392	schijnen	
3-8	393-397	zich	
3-9	398-403	meest	
3-10	404-406	in	
3-11	407-411	dien	
3-12	412-420	toestand	
3-13	421-423	te	
3-14	424-432	bevinden	
3-15	433-436	als	
3-16	437-439	de	
3-17	440-446	mensch	
3-18	446-447	,	
3-19	448-455	wanneer	
3-20	456-459	hij	
3-21	460-464	zeer	
3-22	465-474	verkouden	
3-23	475-477	is	
3-24	478-479	-	
3-25	480-483	zij	
3-26	484-490	rieken	
3-27	491-499	namelijk	
3-28	500-509	volstrekt	
3-29	510-514	niet	
3-30	514-515	.	

#Text=Alleen bij enkele, de inktslakken (sepiën, calamari), kan men met eenige waarschijnlijkheid zekere aan den kop aanwezige groefjes als het orgaan van den reuk aanwijzen.
4-1	516-522	Alleen	
4-2	523-526	bij	
4-3	527-533	enkele	
4-4	533-534	,	
4-5	535-537	de	
4-6	538-549	inktslakken	
4-7	550-551	(	
4-8	551-557	sepiën	
4-9	557-558	,	
4-10	559-567	calamari	
4-11	567-568	)	
4-12	568-569	,	
4-13	570-573	kan	
4-14	574-577	men	
4-15	578-581	met	
4-16	582-588	eenige	
4-17	589-607	waarschijnlijkheid	
4-18	608-614	zekere	
4-19	615-618	aan	
4-20	619-622	den	
4-21	623-626	kop	
4-22	627-636	aanwezige	
4-23	637-645	groefjes	
4-24	646-649	als	
4-25	650-653	het	
4-26	654-660	orgaan	
4-27	661-664	van	
4-28	665-668	den	
4-29	669-673	reuk	
4-30	674-683	aanwijzen	
4-31	683-684	.	

#Text=Ook bij de rivierkreeft kan de zoöloog den neus aanwijzen, hoewel met veel minder stellige zekerheid.
5-1	685-688	Ook	
5-2	689-692	bij	
5-3	693-695	de	
5-4	696-708	rivierkreeft	
5-5	709-712	kan	
5-6	713-715	de	
5-7	716-723	zoöloog	
5-8	724-727	den	
5-9	728-732	neus	
5-10	733-742	aanwijzen	
5-11	742-743	,	
5-12	744-750	hoewel	
5-13	751-754	met	
5-14	755-759	veel	
5-15	760-766	minder	
5-16	767-775	stellige	
5-17	776-785	zekerheid	
5-18	785-786	.	

#Text=Van de insecten daarentegen kan men niets bepaalds zeggen, hoewel het genoeg bekend en schier zeker is, dat velen derzelve een uitmuntenden reuk hebben;
#Text=want op een tot bederf overgaand ligchaam vertoonen zich immers al zeer spoedig de zoogenaamde aasvliegen;
#Text=evenzeer worden de mestkevers door dien hun welgevalligen reuk geleid.
6-1	787-790	Van	
6-2	791-793	de	
6-3	794-802	insecten	
6-4	803-814	daarentegen	
6-5	815-818	kan	
6-6	819-822	men	
6-7	823-828	niets	
6-8	829-837	bepaalds	
6-9	838-844	zeggen	
6-10	844-845	,	
6-11	846-852	hoewel	
6-12	853-856	het	
6-13	857-863	genoeg	
6-14	864-870	bekend	
6-15	871-873	en	
6-16	874-880	schier	
6-17	881-886	zeker	
6-18	887-889	is	
6-19	889-890	,	
6-20	891-894	dat	
6-21	895-900	velen	
6-22	901-909	derzelve	
6-23	910-913	een	
6-24	914-926	uitmuntenden	
6-25	927-931	reuk	
6-26	932-938	hebben	
6-27	938-939	;	
6-28	940-944	want	
6-29	945-947	op	
6-30	948-951	een	
6-31	952-955	tot	
6-32	956-962	bederf	
6-33	963-972	overgaand	
6-34	973-981	ligchaam	
6-35	982-991	vertoonen	
6-36	992-996	zich	
6-37	997-1003	immers	
6-38	1004-1006	al	
6-39	1007-1011	zeer	
6-40	1012-1019	spoedig	
6-41	1020-1022	de	
6-42	1023-1034	zoogenaamde	
6-43	1035-1045	aasvliegen	
6-44	1045-1046	;	
6-45	1047-1055	evenzeer	
6-46	1056-1062	worden	
6-47	1063-1065	de	
6-48	1066-1076	mestkevers	
6-49	1077-1081	door	
6-50	1082-1086	dien	
6-51	1087-1090	hun	
6-52	1091-1104	welgevalligen	
6-53	1105-1109	reuk	
6-54	1110-1116	geleid	
6-55	1116-1117	.	

#Text=En welk is nu het reukorgaan dezer dieren?
7-1	1118-1120	En	
7-2	1121-1125	welk	
7-3	1126-1128	is	
7-4	1129-1131	nu	
7-5	1132-1135	het	
7-6	1136-1146	reukorgaan	
7-7	1147-1152	dezer	
7-8	1153-1159	dieren	
7-9	1159-1160	?	

#Text=Men moet aannemen, dat hunne voelhorens, even als om te tasten, ook ter opneming van reukopwekkingen geschikt zijn;
#Text=met het mikroskoop althans kan men daaraan kleine groefjes waarnemen, die eenige zekerheid geven tot die onderstelling van den natuuronderzoeker, terwijl overigens aan hun zoo duizendvoudig doorkorven ligchaam geene andere plaats aanwezig of althans te vinden is, waaruit men zou kunnen opmaken, dat zij in staat zijn om te ruiken.
8-1	1161-1164	Men	
8-2	1165-1169	moet	
8-3	1170-1178	aannemen	
8-4	1178-1179	,	
8-5	1180-1183	dat	
8-6	1184-1189	hunne	
8-7	1190-1200	voelhorens	
8-8	1200-1201	,	
8-9	1202-1206	even	
8-10	1207-1210	als	
8-11	1211-1213	om	
8-12	1214-1216	te	
8-13	1217-1223	tasten	
8-14	1223-1224	,	
8-15	1225-1228	ook	
8-16	1229-1232	ter	
8-17	1233-1241	opneming	
8-18	1242-1245	van	
8-19	1246-1261	reukopwekkingen	
8-20	1262-1270	geschikt	
8-21	1271-1275	zijn	
8-22	1275-1276	;	
8-23	1277-1280	met	
8-24	1281-1284	het	
8-25	1285-1295	mikroskoop	
8-26	1296-1303	althans	
8-27	1304-1307	kan	
8-28	1308-1311	men	
8-29	1312-1319	daaraan	
8-30	1320-1326	kleine	
8-31	1327-1335	groefjes	
8-32	1336-1345	waarnemen	
8-33	1345-1346	,	
8-34	1347-1350	die	
8-35	1351-1357	eenige	
8-36	1358-1367	zekerheid	
8-37	1368-1373	geven	
8-38	1374-1377	tot	
8-39	1378-1381	die	
8-40	1382-1395	onderstelling	
8-41	1396-1399	van	
8-42	1400-1403	den	
8-43	1404-1421	natuuronderzoeker	
8-44	1421-1422	,	
8-45	1423-1430	terwijl	
8-46	1431-1440	overigens	
8-47	1441-1444	aan	
8-48	1445-1448	hun	
8-49	1449-1452	zoo	
8-50	1453-1466	duizendvoudig	
8-51	1467-1477	doorkorven	
8-52	1478-1486	ligchaam	
8-53	1487-1492	geene	
8-54	1493-1499	andere	
8-55	1500-1506	plaats	
8-56	1507-1515	aanwezig	
8-57	1516-1518	of	
8-58	1519-1526	althans	
8-59	1527-1529	te	
8-60	1530-1536	vinden	
8-61	1537-1539	is	
8-62	1539-1540	,	
8-63	1541-1548	waaruit	
8-64	1549-1552	men	
8-65	1553-1556	zou	
8-66	1557-1563	kunnen	
8-67	1564-1571	opmaken	
8-68	1571-1572	,	
8-69	1573-1576	dat	
8-70	1577-1580	zij	
8-71	1581-1583	in	
8-72	1584-1589	staat	
8-73	1590-1594	zijn	
8-74	1595-1597	om	
8-75	1598-1600	te	
8-76	1601-1607	ruiken	
8-77	1607-1608	.	
