#FORMAT=WebAnno TSV 3.3


#Text=VIII.
1-1	4-8	VIII	
1-2	8-9	.	

#Text=Jſt der Jndianiſche groſſe Jaſmin/
#Text=
#Text=Jaſminum Indicum flore polypetalo exalbido,
#Text=fructu minori.
2-1	10-13	Jſt	
2-2	14-17	der	
2-3	18-29	Jndianiſche	
2-4	30-36	groſſe	
2-5	37-43	Jaſmin	
2-6	43-44	/	
2-7	46-54	Jaſminum	
2-8	55-62	Indicum	
2-9	63-68	flore	
2-10	69-79	polypetalo	
2-11	80-88	exalbido	
2-12	88-89	,	
2-13	90-96	fructu	
2-14	97-103	minori	
2-15	103-104	.	

#Text=Tsjeregam-Mulla, Hort.
3-1	105-120	Tsjeregam-Mulla	
3-2	120-121	,	
3-3	122-126	Hort	
3-4	126-127	.	

#Text=Mal.
4-1	128-131	Mal	
4-2	131-132	.	

#Text=Waͤchſt Manns-hoͤhe/ von einem runden/
#Text=harten/ knodichten Stamm/ wirfft ſeine
#Text=Gertlein weit auß.
5-1	134-141	Waͤchſt	
5-2	142-153	Manns-hoͤhe	
5-3	153-154	/	
5-4	155-158	von	
5-5	159-164	einem	
5-6	165-171	runden	
5-7	171-172	/	
5-8	173-179	harten	
5-9	179-180	/	
5-10	181-191	knodichten	
5-11	192-197	Stamm	
5-12	197-198	/	
5-13	199-205	wirfft	
5-14	206-211	ſeine	
5-15	212-220	Gertlein	
5-16	221-225	weit	
5-17	226-229	auß	
5-18	229-230	.	

#Text=Die Blaͤtter ſtehen ge-
#Text=gen einander/ ſind glaͤntzend gruͤn/ glatt/
#Text=
#Text=ablang/ in einen langen ſpitz ſich endend/
#Text=
#Text=eines bittern Geſchmacks/ von keinem Ge-
#Text=ruch.
6-1	231-234	Die	
6-2	235-243	Blaͤtter	
6-3	244-250	ſtehen	
6-4	251-253	ge	
6-5	253-254	-	
6-6	255-258	gen	
6-7	259-267	einander	
6-8	267-268	/	
6-9	269-273	ſind	
6-10	274-284	glaͤntzend	
6-11	285-290	gruͤn	
6-12	290-291	/	
6-13	292-297	glatt	
6-14	297-298	/	
6-15	300-306	ablang	
6-16	306-307	/	
6-17	308-310	in	
6-18	311-316	einen	
6-19	317-323	langen	
6-20	324-329	ſpitz	
6-21	330-334	ſich	
6-22	335-341	endend	
6-23	341-342	/	
6-24	344-349	eines	
6-25	350-357	bittern	
6-26	358-368	Geſchmacks	
6-27	368-369	/	
6-28	370-373	von	
6-29	374-380	keinem	
6-30	381-383	Ge	
6-31	383-384	-	
6-32	385-389	ruch	
6-33	389-390	.	

#Text=Die Blumen ſind weißlicht/ auß 6.
#Text=7. und offt mehr Blaͤttlein beſtehend/
#Text=ſo an
#Text=dem umbkreiß etwas krauß/ haben ſonſten
#Text=einen ſehr lieblichen geruch/ und werden von
#Text=den Weiberen deßwegen zu den Kraͤntzen
#Text=und Straͤuſſen gebraucht.
7-1	391-394	Die	
7-2	395-401	Blumen	
7-3	402-406	ſind	
7-4	407-416	weißlicht	
7-5	416-417	/	
7-6	418-421	auß	
7-7	422-423	6	
7-8	423-424	.	
7-9	425-426	7	
7-10	426-427	.	
7-11	428-431	und	
7-12	432-436	offt	
7-13	437-441	mehr	
7-14	442-452	Blaͤttlein	
7-15	453-462	beſtehend	
7-16	462-463	/	
7-17	464-466	ſo	
7-18	467-469	an	
7-19	470-473	dem	
7-20	474-482	umbkreiß	
7-21	483-488	etwas	
7-22	489-494	krauß	
7-23	494-495	/	
7-24	496-501	haben	
7-25	502-509	ſonſten	
7-26	510-515	einen	
7-27	516-520	ſehr	
7-28	521-531	lieblichen	
7-29	532-538	geruch	
7-30	538-539	/	
7-31	540-543	und	
7-32	544-550	werden	
7-33	551-554	von	
7-34	555-558	den	
7-35	559-567	Weiberen	
7-36	568-576	deßwegen	
7-37	577-579	zu	
7-38	580-583	den	
7-39	584-593	Kraͤntzen	
7-40	594-597	und	
7-41	598-608	Straͤuſſen	
7-42	609-618	gebraucht	
7-43	618-619	.	

#Text=Die Frucht iſt
#Text=den kleinen Kirſchen gleich/ ſchwartzlicht/
#Text=
#Text=glatt/ mit einem duͤnnen Haͤutlein/ und
#Text=weichem ſchwartz-rothen/ ſuͤßlichten Fleiſch/
#Text=
#Text=wie auch einem runden haarichten Samen
#Text=
#Text=begabet.
8-1	620-623	Die	
8-2	624-630	Frucht	
8-3	631-634	iſt	
8-4	635-638	den	
8-5	639-646	kleinen	
8-6	647-655	Kirſchen	
8-7	656-662	gleich	
8-8	662-663	/	
8-9	664-677	ſchwartzlicht	
8-10	677-678	/	
8-11	680-685	glatt	
8-12	685-686	/	
8-13	687-690	mit	
8-14	691-696	einem	
8-15	697-704	duͤnnen	
8-16	705-714	Haͤutlein	
8-17	714-715	/	
8-18	716-719	und	
8-19	720-727	weichem	
8-20	728-743	ſchwartz-rothen	
8-21	743-744	/	
8-22	745-756	ſuͤßlichten	
8-23	757-764	Fleiſch	
8-24	764-765	/	
8-25	767-770	wie	
8-26	771-775	auch	
8-27	776-781	einem	
8-28	782-788	runden	
8-29	789-799	haarichten	
8-30	800-805	Samen	
8-31	807-814	begabet	
8-32	814-815	.	

#Text=IX.
9-1	819-821	IX	
9-2	821-822	.	

#Text=Jſt ein ander Jndianiſches Jaſmin-
#Text=geſchlecht mit weiſſen vielblaͤttigen/ an dem
#Text=umkreiß roͤthlichten wolriechenden Blumen/
#Text=
#Text=waͤchſt ſonderlich in ſandichtem Erdreich bey
#Text=Cranganoor und Catoer, gruͤnet immerdar/
#Text=
#Text=bluͤhet in dem Brach- und Hew-monat.
10-1	823-826	Jſt	
10-2	827-830	ein	
10-3	831-836	ander	
10-4	837-849	Jndianiſches	
10-5	850-856	Jaſmin	
10-6	856-857	-	
10-7	858-868	geſchlecht	
10-8	869-872	mit	
10-9	873-880	weiſſen	
10-10	881-895	vielblaͤttigen	
10-11	895-896	/	
10-12	897-899	an	
10-13	900-903	dem	
10-14	904-911	umkreiß	
10-15	912-924	roͤthlichten	
10-16	925-938	wolriechenden	
10-17	939-945	Blumen	
10-18	945-946	/	
10-19	948-955	waͤchſt	
10-20	956-966	ſonderlich	
10-21	967-969	in	
10-22	970-980	ſandichtem	
10-23	981-989	Erdreich	
10-24	990-993	bey	
10-25	994-1004	Cranganoor	
10-26	1005-1008	und	
10-27	1009-1015	Catoer	
10-28	1015-1016	,	
10-29	1017-1024	gruͤnet	
10-30	1025-1033	immerdar	
10-31	1033-1034	/	
10-32	1036-1043	bluͤhet	
10-33	1044-1046	in	
10-34	1047-1050	dem	
10-35	1051-1056	Brach	
10-36	1056-1057	-	
10-37	1058-1061	und	
10-38	1062-1071	Hew-monat	
10-39	1071-1072	.	
