#FORMAT=WebAnno TSV 3.3


#Text=Wel is waar dat de Magneet, of Zeil-steen, en veele van zyn eigenschappen, van
#Text=alle eeuwen af bekent zyn geweest.
1-1	2-5	Wel	
1-2	6-8	is	
1-3	9-13	waar	
1-4	14-17	dat	
1-5	18-20	de	
1-6	21-28	Magneet	
1-7	28-29	,	
1-8	30-32	of	
1-9	33-43	Zeil-steen	
1-10	43-44	,	
1-11	45-47	en	
1-12	48-53	veele	
1-13	54-57	van	
1-14	58-61	zyn	
1-15	62-75	eigenschappen	
1-16	75-76	,	
1-17	77-80	van	
1-18	81-85	alle	
1-19	86-92	eeuwen	
1-20	93-95	af	
1-21	96-102	bekent	
1-22	103-106	zyn	
1-23	107-114	geweest	
1-24	114-115	.	

#Text=De Rabbinen melden, dat deeze steen niet
#Text=alleen den Hebreen bekent is geweest, maar ook, dat die gebruikt zy geweest in
#Text=het bouwen van de Hutte des Verbondts.
2-1	116-118	De	
2-2	119-127	Rabbinen	
2-3	128-134	melden	
2-4	134-135	,	
2-5	136-139	dat	
2-6	140-145	deeze	
2-7	146-151	steen	
2-8	152-156	niet	
2-9	157-163	alleen	
2-10	164-167	den	
2-11	168-175	Hebreen	
2-12	176-182	bekent	
2-13	183-185	is	
2-14	186-193	geweest	
2-15	193-194	,	
2-16	195-199	maar	
2-17	200-203	ook	
2-18	203-204	,	
2-19	205-208	dat	
2-20	209-212	die	
2-21	213-221	gebruikt	
2-22	222-224	zy	
2-23	225-232	geweest	
2-24	233-235	in	
2-25	236-239	het	
2-26	240-246	bouwen	
2-27	247-250	van	
2-28	251-253	de	
2-29	254-259	Hutte	
2-30	260-263	des	
2-31	264-273	Verbondts	
2-32	273-274	.	

#Text=Uit Plutarchus
#Text=is klaar te besluiten, dat de Egyptenaren niet alleen den Magneet
#Text=hebben gekent, maar zelfs dat zy van zyne trekkende kracht kundigh zyn geweest.
3-1	277-280	Uit	
3-2	281-291	Plutarchus	
3-3	292-294	is	
3-4	295-300	klaar	
3-5	301-303	te	
3-6	304-313	besluiten	
3-7	313-314	,	
3-8	315-318	dat	
3-9	319-321	de	
3-10	322-333	Egyptenaren	
3-11	334-338	niet	
3-12	339-345	alleen	
3-13	346-349	den	
3-14	350-357	Magneet	
3-15	358-364	hebben	
3-16	365-371	gekent	
3-17	371-372	,	
3-18	373-377	maar	
3-19	378-383	zelfs	
3-20	384-387	dat	
3-21	388-390	zy	
3-22	391-394	van	
3-23	395-399	zyne	
3-24	400-409	trekkende	
3-25	410-416	kracht	
3-26	417-424	kundigh	
3-27	425-428	zyn	
3-28	429-436	geweest	
3-29	436-437	.	

#Text=Zy stelden zware Magneet-steenen dier voegen in hare Tempelen, dat eenige daar
#Text=onder gestelde lichamen van yzer, zoo men wil, als een verbeelde Zon, en Maan,
#Text=in de lucht quamen te hangen;
#Text=gelyk valschelyk van Mahomets doot-kist wert
#Text=verhaalt.
4-1	440-442	Zy	
4-2	443-450	stelden	
4-3	451-456	zware	
4-4	457-472	Magneet-steenen	
4-5	473-477	dier	
4-6	478-484	voegen	
4-7	485-487	in	
4-8	488-492	hare	
4-9	493-501	Tempelen	
4-10	501-502	,	
4-11	503-506	dat	
4-12	507-513	eenige	
4-13	514-518	daar	
4-14	519-524	onder	
4-15	525-533	gestelde	
4-16	534-542	lichamen	
4-17	543-546	van	
4-18	547-551	yzer	
4-19	551-552	,	
4-20	553-556	zoo	
4-21	557-560	men	
4-22	561-564	wil	
4-23	564-565	,	
4-24	566-569	als	
4-25	570-573	een	
4-26	574-583	verbeelde	
4-27	584-587	Zon	
4-28	587-588	,	
4-29	589-591	en	
4-30	592-596	Maan	
4-31	596-597	,	
4-32	598-600	in	
4-33	601-603	de	
4-34	604-609	lucht	
4-35	610-616	quamen	
4-36	617-619	te	
4-37	620-626	hangen	
4-38	626-627	;	
4-39	628-633	gelyk	
4-40	634-644	valschelyk	
4-41	645-648	van	
4-42	649-657	Mahomets	
4-43	658-667	doot-kist	
4-44	668-672	wert	
4-45	673-681	verhaalt	
4-46	681-682	.	

#Text=Lucianus schryft, dat de Priesters van de Syrische afgodin haar afbeeldtzels in
#Text=de lucht deeden hangen, door kracht van den Magneet.
5-1	684-692	Lucianus	
5-2	693-700	schryft	
5-3	700-701	,	
5-4	702-705	dat	
5-5	706-708	de	
5-6	709-718	Priesters	
5-7	719-722	van	
5-8	723-725	de	
5-9	726-734	Syrische	
5-10	735-742	afgodin	
5-11	743-747	haar	
5-12	748-760	afbeeldtzels	
5-13	761-763	in	
5-14	764-766	de	
5-15	767-772	lucht	
5-16	773-779	deeden	
5-17	780-786	hangen	
5-18	786-787	,	
5-19	788-792	door	
5-20	793-799	kracht	
5-21	800-803	van	
5-22	804-807	den	
5-23	808-815	Magneet	
5-24	815-816	.	

#Text=Men wil ook, dat Jeroboam hier door de gemeente van Israël tot afgoderye
#Text=verlokte, wanneer hy insgelyks het kalf in de lucht zoude doen hangen hebben.
6-1	819-822	Men	
6-2	823-826	wil	
6-3	827-830	ook	
6-4	830-831	,	
6-5	832-835	dat	
6-6	836-844	Jeroboam	
6-7	845-849	hier	
6-8	850-854	door	
6-9	855-857	de	
6-10	858-866	gemeente	
6-11	867-870	van	
6-12	871-877	Israël	
6-13	878-881	tot	
6-14	882-891	afgoderye	
6-15	892-900	verlokte	
6-16	900-901	,	
6-17	902-909	wanneer	
6-18	910-912	hy	
6-19	913-922	insgelyks	
6-20	923-926	het	
6-21	927-931	kalf	
6-22	932-934	in	
6-23	935-937	de	
6-24	938-943	lucht	
6-25	944-949	zoude	
6-26	950-954	doen	
6-27	955-961	hangen	
6-28	962-968	hebben	
6-29	968-969	.	

#Text=Homerus, Plato, Aristoteles, Pythagoras, en andere, stemmen eenhellig toe, dat
#Text=by
#Text=
#Text=Nicolaas Witsen, Aaloude en hedendaagsche scheeps-bouw en bestier
#Text=
#Text=\f520
#Text=de Ouden kennisse zy geweest van veele eigenschappen deezer steen.
7-1	971-978	Homerus	
7-2	978-979	,	
7-3	980-985	Plato	
7-4	985-986	,	
7-5	987-998	Aristoteles	
7-6	998-999	,	
7-7	1000-1010	Pythagoras	
7-8	1010-1011	,	
7-9	1012-1014	en	
7-10	1015-1021	andere	
7-11	1021-1022	,	
7-12	1023-1030	stemmen	
7-13	1031-1040	eenhellig	
7-14	1041-1044	toe	
7-15	1044-1045	,	
7-16	1046-1049	dat	
7-17	1050-1052	by	
7-18	1054-1062	Nicolaas	
7-19	1063-1069	Witsen	
7-20	1069-1070	,	
7-21	1071-1078	Aaloude	
7-22	1079-1081	en	
7-23	1082-1095	hedendaagsche	
7-24	1096-1108	scheeps-bouw	
7-25	1109-1111	en	
7-26	1112-1119	bestier	
7-27	1122-1125	520	
7-28	1126-1128	de	
7-29	1129-1134	Ouden	
7-30	1135-1143	kennisse	
7-31	1144-1146	zy	
7-32	1147-1154	geweest	
7-33	1155-1158	van	
7-34	1159-1164	veele	
7-35	1165-1178	eigenschappen	
7-36	1179-1185	deezer	
7-37	1186-1191	steen	
7-38	1191-1192	.	

#Text=Doch
#Text=Pythagoras, die nochtans een onderzoeker van alle verborgentheden was, meldt
#Text=het minste niet van dat het Noordt wyzen
#Text=deezes steens aan de oudtheit bekent zy
#Text=geweest.
8-1	1193-1197	Doch	
8-2	1198-1208	Pythagoras	
8-3	1208-1209	,	
8-4	1210-1213	die	
8-5	1214-1222	nochtans	
8-6	1223-1226	een	
8-7	1227-1238	onderzoeker	
8-8	1239-1242	van	
8-9	1243-1247	alle	
8-10	1248-1263	verborgentheden	
8-11	1264-1267	was	
8-12	1267-1268	,	
8-13	1269-1274	meldt	
8-14	1275-1278	het	
8-15	1279-1285	minste	
8-16	1286-1290	niet	
8-17	1291-1294	van	
8-18	1295-1298	dat	
8-19	1299-1302	het	
8-20	1303-1309	Noordt	
8-21	1310-1315	wyzen	
8-22	1316-1322	deezes	
8-23	1323-1329	steens	
8-24	1330-1333	aan	
8-25	1334-1336	de	
8-26	1337-1345	oudtheit	
8-27	1346-1352	bekent	
8-28	1353-1355	zy	
8-29	1356-1363	geweest	
8-30	1363-1364	.	

#Text=Andere zyn van gevoelen, dat deezen steen aangebeden is geweest, en
#Text=dat het Heidendom waande eenige goddelykheit daar onder te schuilen.
9-1	1365-1371	Andere	
9-2	1372-1375	zyn	
9-3	1376-1379	van	
9-4	1380-1388	gevoelen	
9-5	1388-1389	,	
9-6	1390-1393	dat	
9-7	1394-1400	deezen	
9-8	1401-1406	steen	
9-9	1407-1417	aangebeden	
9-10	1418-1420	is	
9-11	1421-1428	geweest	
9-12	1428-1429	,	
9-13	1430-1432	en	
9-14	1433-1436	dat	
9-15	1437-1440	het	
9-16	1441-1450	Heidendom	
9-17	1451-1457	waande	
9-18	1458-1464	eenige	
9-19	1465-1477	goddelykheit	
9-20	1478-1482	daar	
9-21	1483-1488	onder	
9-22	1489-1491	te	
9-23	1492-1500	schuilen	
9-24	1500-1501	.	

#Text=Het zyn mede raadtzelen, of de scheepelingen op de vloot van Salomon het
#Text=gebruik van 't Compas hebben gehadt, voornamentlyk om dat de gewesten, waar
#Text=heen en waar langs deeze vloot heeft gezeilt, zonder het zelve te bevaren zyn
#Text=geweest
10-1	1504-1507	Het	
10-2	1508-1511	zyn	
10-3	1512-1516	mede	
10-4	1517-1527	raadtzelen	
10-5	1527-1528	,	
10-6	1529-1531	of	
10-7	1532-1534	de	
10-8	1535-1548	scheepelingen	
10-9	1549-1551	op	
10-10	1552-1554	de	
10-11	1555-1560	vloot	
10-12	1561-1564	van	
10-13	1565-1572	Salomon	
10-14	1573-1576	het	
10-15	1577-1584	gebruik	
10-16	1585-1588	van	
10-17	1589-1590	'	
10-18	1590-1591	t	
10-19	1592-1598	Compas	
10-20	1599-1605	hebben	
10-21	1606-1612	gehadt	
10-22	1612-1613	,	
10-23	1614-1627	voornamentlyk	
10-24	1628-1630	om	
10-25	1631-1634	dat	
10-26	1635-1637	de	
10-27	1638-1646	gewesten	
10-28	1646-1647	,	
10-29	1648-1652	waar	
10-30	1653-1657	heen	
10-31	1658-1660	en	
10-32	1661-1665	waar	
10-33	1666-1671	langs	
10-34	1672-1677	deeze	
10-35	1678-1683	vloot	
10-36	1684-1689	heeft	
10-37	1690-1697	gezeilt	
10-38	1697-1698	,	
10-39	1699-1705	zonder	
10-40	1706-1709	het	
10-41	1710-1715	zelve	
10-42	1716-1718	te	
10-43	1719-1726	bevaren	
10-44	1727-1730	zyn	
10-45	1731-1738	geweest	

#Text=.
11-1	1738-1739	.	

#Text=+
#Text=
#Text=
#Text=Ophir wert, na alle waarschynlykheit, gelooft geweest te zyn
12-1	1741-1742	+	
12-2	1745-1750	Ophir	
12-3	1751-1755	wert	
12-4	1755-1756	,	
12-5	1757-1759	na	
12-6	1760-1764	alle	
12-7	1765-1781	waarschynlykheit	
12-8	1781-1782	,	
12-9	1783-1790	gelooft	
12-10	1791-1798	geweest	
12-11	1799-1801	te	
12-12	1802-1805	zyn	
