#FORMAT=WebAnno TSV 3.3


#Text=eu.
1-1	2-4	eu	
1-2	4-5	.	

#Text=Totus hic locus voluptati dicatus est, sed honestae, pascendis oculis, recreandis naribus, reficiendis animis.
2-1	6-11	Totus	
2-2	12-15	hic	
2-3	16-21	locus	
2-4	22-31	voluptati	
2-5	32-39	dicatus	
2-6	40-43	est	
2-7	43-44	,	
2-8	45-48	sed	
2-9	49-57	honestae	
2-10	57-58	,	
2-11	59-68	pascendis	
2-12	69-75	oculis	
2-13	75-76	,	
2-14	77-87	recreandis	
2-15	88-95	naribus	
2-16	95-96	,	
2-17	97-108	reficiendis	
2-18	109-115	animis	
2-19	115-116	.	

#Text=Nihil hic nascitur praeter odoratas herbas, nec eas quaslibet, sed eximias duntaxat.
3-1	117-122	Nihil	
3-2	123-126	hic	
3-3	127-135	nascitur	
3-4	136-143	praeter	
3-5	144-152	odoratas	
3-6	153-159	herbas	
3-7	159-160	,	
3-8	161-164	nec	
3-9	165-168	eas	
3-10	169-178	quaslibet	
3-11	178-179	,	
3-12	180-183	sed	
3-13	184-191	eximias	
3-14	192-200	duntaxat	
3-15	200-201	.	

#Text=Unumquodque genus suas habet areas.
#Text=ti.
4-1	202-213	Unumquodque	
4-2	214-219	genus	
4-3	220-224	suas	
4-4	225-230	habet	
4-5	231-236	areas	
4-6	236-237	.	
4-7	238-240	ti	
4-8	240-241	.	

#Text=Nec herbae mutae sunt apud te, quantum video.
#Text=eu.
5-1	242-245	Nec	
5-2	246-252	herbae	
5-3	253-258	mutae	
5-4	259-263	sunt	
5-5	264-268	apud	
5-6	269-271	te	
5-7	271-272	,	
5-8	273-280	quantum	
5-9	281-286	video	
5-10	286-287	.	
5-11	288-290	eu	
5-12	290-291	.	

#Text=Probe dicis: alii domus habent opulentas, ego loquacissimam habeo, ne quando solus videri possim: id magis etiam dices, ubi totam videris.
6-1	292-297	Probe	
6-2	298-303	dicis	
6-3	303-304	:	
6-4	305-309	alii	
6-5	310-315	domus	
6-6	316-322	habent	
6-7	323-332	opulentas	
6-8	332-333	,	
6-9	334-337	ego	
6-10	338-351	loquacissimam	
6-11	352-357	habeo	
6-12	357-358	,	
6-13	359-361	ne	
6-14	362-368	quando	
6-15	369-374	solus	
6-16	375-381	videri	
6-17	382-388	possim	
6-18	388-389	:	
6-19	390-392	id	
6-20	393-398	magis	
6-21	399-404	etiam	
6-22	405-410	dices	
6-23	410-411	,	
6-24	412-415	ubi	
6-25	416-421	totam	
6-26	422-429	videris	
6-27	429-430	.	

#Text=Ut herbae sunt velut in turmas digestae, ita singulae turmae singula habent uexilla cum inscriptione.
7-1	431-433	Ut	
7-2	434-440	herbae	
7-3	441-445	sunt	
7-4	446-451	velut	
7-5	452-454	in	
7-6	455-461	turmas	
7-7	462-470	digestae	
7-8	470-471	,	
7-9	472-475	ita	
7-10	476-484	singulae	
7-11	485-491	turmae	
7-12	492-499	singula	
7-13	500-506	habent	
7-14	507-514	uexilla	
7-15	515-518	cum	
7-16	519-531	inscriptione	
7-17	531-532	.	

#Text=Velut amaracus hic: Abstine, inquit, sus; non tibi spiro.
8-1	533-538	Velut	
8-2	539-547	amaracus	
8-3	548-551	hic	
8-4	551-552	:	
8-5	553-560	Abstine	
8-6	560-561	,	
8-7	562-568	inquit	
8-8	568-569	,	
8-9	570-573	sus	
8-10	573-574	;	
8-11	575-578	non	
8-12	579-583	tibi	
8-13	584-589	spiro	
8-14	589-590	.	

#Text=Quum enim sit suauissimae fragrantiae, sues tamen hoc odore uehementer offenduntur.
9-1	591-595	Quum	
9-2	596-600	enim	
9-3	601-604	sit	
9-4	605-616	suauissimae	
9-5	617-628	fragrantiae	
9-6	628-629	,	
9-7	630-634	sues	
9-8	635-640	tamen	
9-9	641-644	hoc	
9-10	645-650	odore	
9-11	651-661	uehementer	
9-12	662-673	offenduntur	
9-13	673-674	.	

#Text=Itidem singula genera habent suos titulos, aliquid indicantes, quod ad peculiarem eius herbae vim pertinet.
#Text=ti.
10-1	675-681	Itidem	
10-2	682-689	singula	
10-3	690-696	genera	
10-4	697-703	habent	
10-5	704-708	suos	
10-6	709-716	titulos	
10-7	716-717	,	
10-8	718-725	aliquid	
10-9	726-736	indicantes	
10-10	736-737	,	
10-11	738-742	quod	
10-12	743-745	ad	
10-13	746-756	peculiarem	
10-14	757-761	eius	
10-15	762-768	herbae	
10-16	769-772	vim	
10-17	773-781	pertinet	
10-18	781-782	.	
10-19	783-785	ti	
10-20	785-786	.	

#Text=Nihil adhuc vidi hoc fonticulo festiuius, qui medius velut arridet herbis omnibus ac refrigerium illis pollicetur aduersus aestum.
11-1	787-792	Nihil	
11-2	793-798	adhuc	
11-3	799-803	vidi	
11-4	804-807	hoc	
11-5	808-817	fonticulo	
11-6	818-827	festiuius	
11-7	827-828	,	
11-8	829-832	qui	
11-9	833-839	medius	
11-10	840-845	velut	
11-11	846-853	arridet	
11-12	854-860	herbis	
11-13	861-868	omnibus	
11-14	869-871	ac	
11-15	872-883	refrigerium	
11-16	884-889	illis	
11-17	890-900	pollicetur	
11-18	901-909	aduersus	
11-19	910-916	aestum	
11-20	916-917	.	

#Text=Sed alueolus hic, qui tanta gratia totam aquam ostendit oculis hominum, hinc atque hinc aequis spatiis hortum dirimens, in quo sese utrinque herbae velut in speculo contemplari gestiunt, num marmoreus est?
12-1	918-921	Sed	
12-2	922-930	alueolus	
12-3	931-934	hic	
12-4	934-935	,	
12-5	936-939	qui	
12-6	940-945	tanta	
12-7	946-952	gratia	
12-8	953-958	totam	
12-9	959-964	aquam	
12-10	965-973	ostendit	
12-11	974-980	oculis	
12-12	981-988	hominum	
12-13	988-989	,	
12-14	990-994	hinc	
12-15	995-1000	atque	
12-16	1001-1005	hinc	
12-17	1006-1012	aequis	
12-18	1013-1020	spatiis	
12-19	1021-1027	hortum	
12-20	1028-1036	dirimens	
12-21	1036-1037	,	
12-22	1038-1040	in	
12-23	1041-1044	quo	
12-24	1045-1049	sese	
12-25	1050-1058	utrinque	
12-26	1059-1065	herbae	
12-27	1066-1071	velut	
12-28	1072-1074	in	
12-29	1075-1082	speculo	
12-30	1083-1094	contemplari	
12-31	1095-1103	gestiunt	
12-32	1103-1104	,	
12-33	1105-1108	num	
12-34	1109-1118	marmoreus	
12-35	1119-1122	est	
12-36	1122-1123	?	

#Text=eu.
13-1	1124-1126	eu	
13-2	1126-1127	.	

#Text=Bona verba; unde huc marmor?
14-1	1128-1132	Bona	
14-2	1133-1138	verba	
14-3	1138-1139	;	
14-4	1140-1144	unde	
14-5	1145-1148	huc	
14-6	1149-1155	marmor	
14-7	1155-1156	?	

#Text=E contusis cementis factitium marmor est: coloris candor additus est incrustamento.
#Text=ti.
15-1	1157-1158	E	
15-2	1159-1167	contusis	
15-3	1168-1176	cementis	
15-4	1177-1186	factitium	
15-5	1187-1193	marmor	
15-6	1194-1197	est	
15-7	1197-1198	:	
15-8	1199-1206	coloris	
15-9	1207-1213	candor	
15-10	1214-1221	additus	
15-11	1222-1225	est	
15-12	1226-1239	incrustamento	
15-13	1239-1240	.	
15-14	1241-1243	ti	
15-15	1243-1244	.	

#Text=Quo tandem sese condit tam amabilis riuus?
16-1	1245-1248	Quo	
16-2	1249-1255	tandem	
16-3	1256-1260	sese	
16-4	1261-1267	condit	
16-5	1268-1271	tam	
16-6	1272-1280	amabilis	
16-7	1281-1286	riuus	
16-8	1286-1287	?	
