#FORMAT=WebAnno TSV 3.3


#Text=vermaertheyt.
1-1	2-14	vermaertheyt	
1-2	14-15	.	

#Text=De sin is, Soo lange ghy een volck sult zijn, sult ghy sterck, machtigh, ofte, vermaert van wegen uwe sterckte ofte vermogen zijn, uwe ouderdom sal zijn als uwe jeught.
#Text=sterckte gelijck uwe dagen.
#Text=
#Text=26
#Text=Of, daer is niemant, gelijck de Godt van Ieschurun.
2-1	16-18	De	
2-2	19-22	sin	
2-3	23-25	is	
2-4	25-26	,	
2-5	27-30	Soo	
2-6	31-36	lange	
2-7	37-40	ghy	
2-8	41-44	een	
2-9	45-50	volck	
2-10	51-55	sult	
2-11	56-60	zijn	
2-12	60-61	,	
2-13	62-66	sult	
2-14	67-70	ghy	
2-15	71-77	sterck	
2-16	77-78	,	
2-17	79-87	machtigh	
2-18	87-88	,	
2-19	89-93	ofte	
2-20	93-94	,	
2-21	95-103	vermaert	
2-22	104-107	van	
2-23	108-113	wegen	
2-24	114-117	uwe	
2-25	118-126	sterckte	
2-26	127-131	ofte	
2-27	132-140	vermogen	
2-28	141-145	zijn	
2-29	145-146	,	
2-30	147-150	uwe	
2-31	151-159	ouderdom	
2-32	160-163	sal	
2-33	164-168	zijn	
2-34	169-172	als	
2-35	173-176	uwe	
2-36	177-183	jeught	
2-37	183-184	.	
2-38	185-193	sterckte	
2-39	194-201	gelijck	
2-40	202-205	uwe	
2-41	206-211	dagen	
2-42	211-212	.	
2-43	214-216	26	
2-44	217-219	Of	
2-45	219-220	,	
2-46	221-225	daer	
2-47	226-228	is	
2-48	229-236	niemant	
2-49	236-237	,	
2-50	238-245	gelijck	
2-51	246-248	de	
2-52	249-253	Godt	
2-53	254-257	van	
2-54	258-267	Ieschurun	
2-55	267-268	.	

#Text=Siet van Ieschurun boven 32.
#Text=vers 15.
3-1	269-273	Siet	
3-2	274-277	van	
3-3	278-287	Ieschurun	
3-4	288-293	boven	
3-5	294-296	32	
3-6	296-297	.	
3-7	298-302	vers	
3-8	303-305	15	
3-9	305-306	.	

#Text=Niemant is’er gelijck
#Text=Godt, O Ieschurun: die D. op de lucht, van waer hy sijn volck hulpe toeschickt tegens hare vyanden, die hy van daer met schrickelick onweder van hagel, blicksem ende donder slaet ende verderft.
4-1	307-314	Niemant	
4-2	315-317	is	
4-3	317-318	’	
4-4	318-320	er	
4-5	321-328	gelijck	
4-6	329-333	Godt	
4-7	333-334	,	
4-8	335-336	O	
4-9	337-346	Ieschurun	
4-10	346-347	:	
4-11	348-351	die	
4-12	352-353	D	
4-13	353-354	.	
4-14	355-357	op	
4-15	358-360	de	
4-16	361-366	lucht	
4-17	366-367	,	
4-18	368-371	van	
4-19	372-376	waer	
4-20	377-379	hy	
4-21	380-384	sijn	
4-22	385-390	volck	
4-23	391-396	hulpe	
4-24	397-407	toeschickt	
4-25	408-414	tegens	
4-26	415-419	hare	
4-27	420-427	vyanden	
4-28	427-428	,	
4-29	429-432	die	
4-30	433-435	hy	
4-31	436-439	van	
4-32	440-444	daer	
4-33	445-448	met	
4-34	449-461	schrickelick	
4-35	462-469	onweder	
4-36	470-473	van	
4-37	474-479	hagel	
4-38	479-480	,	
4-39	481-489	blicksem	
4-40	490-494	ende	
4-41	495-501	donder	
4-42	502-507	slaet	
4-43	508-512	ende	
4-44	513-521	verderft	
4-45	521-522	.	

#Text=Siet eene heerlicke verklaringe Psalm 18. van vers 7, tot vers 20.
#Text=op den hemel vaert tot uwe hulpe, ende D. met sijne hooge ende heerlicke werckingen.
#Text=met sijne hoogheyt op de Ofte, dunste, die in het opperste deel der lucht voort gebracht worden.
#Text=bovenste wolcken.
#Text=
#Text=27
#Text=
#Text=Het Hebreeusch woort, van schepselen gebruyckt, beteeckent, dat in voortijden, van oudts, ofte van het begin der werelt geweest is, als boven vers 15.
#Text=maer van Godt gebruyckt, beteeckent het oock eeuwigheyt, ofte, die voor alle tijden geweest is.
5-1	523-527	Siet	
5-2	528-532	eene	
5-3	533-542	heerlicke	
5-4	543-554	verklaringe	
5-5	555-560	Psalm	
5-6	561-563	18	
5-7	563-564	.	
5-8	565-568	van	
5-9	569-573	vers	
5-10	574-575	7	
5-11	575-576	,	
5-12	577-580	tot	
5-13	581-585	vers	
5-14	586-588	20	
5-15	588-589	.	
5-16	590-592	op	
5-17	593-596	den	
5-18	597-602	hemel	
5-19	603-608	vaert	
5-20	609-612	tot	
5-21	613-616	uwe	
5-22	617-622	hulpe	
5-23	622-623	,	
5-24	624-628	ende	
5-25	629-630	D	
5-26	630-631	.	
5-27	632-635	met	
5-28	636-641	sijne	
5-29	642-647	hooge	
5-30	648-652	ende	
5-31	653-662	heerlicke	
5-32	663-673	werckingen	
5-33	673-674	.	
5-34	675-678	met	
5-35	679-684	sijne	
5-36	685-693	hoogheyt	
5-37	694-696	op	
5-38	697-699	de	
5-39	700-704	Ofte	
5-40	704-705	,	
5-41	706-712	dunste	
5-42	712-713	,	
5-43	714-717	die	
5-44	718-720	in	
5-45	721-724	het	
5-46	725-733	opperste	
5-47	734-738	deel	
5-48	739-742	der	
5-49	743-748	lucht	
5-50	749-754	voort	
5-51	755-763	gebracht	
5-52	764-770	worden	
5-53	770-771	.	
5-54	772-780	bovenste	
5-55	781-788	wolcken	
5-56	788-789	.	
5-57	791-793	27	
5-58	795-798	Het	
5-59	799-809	Hebreeusch	
5-60	810-815	woort	
5-61	815-816	,	
5-62	817-820	van	
5-63	821-831	schepselen	
5-64	832-841	gebruyckt	
5-65	841-842	,	
5-66	843-853	beteeckent	
5-67	853-854	,	
5-68	855-858	dat	
5-69	859-861	in	
5-70	862-872	voortijden	
5-71	872-873	,	
5-72	874-877	van	
5-73	878-883	oudts	
5-74	883-884	,	
5-75	885-889	ofte	
5-76	890-893	van	
5-77	894-897	het	
5-78	898-903	begin	
5-79	904-907	der	
5-80	908-914	werelt	
5-81	915-922	geweest	
5-82	923-925	is	
5-83	925-926	,	
5-84	927-930	als	
5-85	931-936	boven	
5-86	937-941	vers	
5-87	942-944	15	
5-88	944-945	.	
5-89	946-950	maer	
5-90	951-954	van	
5-91	955-959	Godt	
5-92	960-969	gebruyckt	
5-93	969-970	,	
5-94	971-981	beteeckent	
5-95	982-985	het	
5-96	986-990	oock	
5-97	991-1001	eeuwigheyt	
5-98	1001-1002	,	
5-99	1003-1007	ofte	
5-100	1007-1008	,	
5-101	1009-1012	die	
5-102	1013-1017	voor	
5-103	1018-1022	alle	
5-104	1023-1029	tijden	
5-105	1030-1037	geweest	
5-106	1038-1040	is	
5-107	1040-1041	.	

#Text=Hebr.
6-1	1042-1046	Hebr	
6-2	1046-1047	.	

#Text=Godt der eeuwigheyt.
7-1	1048-1052	Godt	
7-2	1053-1056	der	
7-3	1057-1067	eeuwigheyt	
7-4	1067-1068	.	

#Text=De eeuwige Godt zy u D. als eene verhevene plaetse, daer in ghy stil ende seker mooght leven.
#Text=eene wooninge; ende van onder, Hebr.
#Text=armen der eeuwigheyt, D. de eeuwige almachtigheyt Godts salse beneden op aerden helpen ende beschutten.
8-1	1069-1071	De	
8-2	1072-1079	eeuwige	
8-3	1080-1084	Godt	
8-4	1085-1087	zy	
8-5	1088-1089	u	
8-6	1090-1091	D	
8-7	1091-1092	.	
8-8	1093-1096	als	
8-9	1097-1101	eene	
8-10	1102-1111	verhevene	
8-11	1112-1119	plaetse	
8-12	1119-1120	,	
8-13	1121-1125	daer	
8-14	1126-1128	in	
8-15	1129-1132	ghy	
8-16	1133-1137	stil	
8-17	1138-1142	ende	
8-18	1143-1148	seker	
8-19	1149-1155	mooght	
8-20	1156-1161	leven	
8-21	1161-1162	.	
8-22	1163-1167	eene	
8-23	1168-1176	wooninge	
8-24	1176-1177	;	
8-25	1178-1182	ende	
8-26	1183-1186	van	
8-27	1187-1192	onder	
8-28	1192-1193	,	
8-29	1194-1198	Hebr	
8-30	1198-1199	.	
8-31	1200-1205	armen	
8-32	1206-1209	der	
8-33	1210-1220	eeuwigheyt	
8-34	1220-1221	,	
8-35	1222-1223	D	
8-36	1223-1224	.	
8-37	1225-1227	de	
8-38	1228-1235	eeuwige	
8-39	1236-1249	almachtigheyt	
8-40	1250-1255	Godts	
8-41	1256-1261	salse	
8-42	1262-1269	beneden	
8-43	1270-1272	op	
8-44	1273-1279	aerden	
8-45	1280-1286	helpen	
8-46	1287-1291	ende	
8-47	1292-1302	beschutten	
8-48	1302-1303	.	
