#FORMAT=WebAnno TSV 3.3


#Text=Daar
#Text=is niets dat die bose geest niet weet;
#Text=men vraagt hem alle ding.
1-1	2-6	Daar	
1-2	7-9	is	
1-3	10-15	niets	
1-4	16-19	dat	
1-5	20-23	die	
1-6	24-28	bose	
1-7	29-34	geest	
1-8	35-39	niet	
1-9	40-44	weet	
1-10	44-45	;	
1-11	46-49	men	
1-12	50-56	vraagt	
1-13	57-60	hem	
1-14	61-65	alle	
1-15	66-70	ding	
1-16	70-71	.	

#Text=Maar sagh Salomo
#Text=wel sonder ogen?
2-1	72-76	Maar	
2-2	77-81	sagh	
2-3	82-88	Salomo	
2-4	89-92	wel	
2-5	93-99	sonder	
2-6	100-104	ogen	
2-7	104-105	?	

#Text=of hoorden hy sonder werktuigh van 't gehoor?
3-1	106-108	of	
3-2	109-116	hoorden	
3-3	117-119	hy	
3-4	120-126	sonder	
3-5	127-136	werktuigh	
3-6	137-140	van	
3-7	141-142	'	
3-8	142-143	t	
3-9	144-150	gehoor	
3-10	150-151	?	

#Text=So schrander was
#Text=de ziel van Aristoteles niet, datse uit haar self of door haars gelijke wist, het gene hy
#Text=in sijne boeken van den aart der dieren en der planten schreef.
4-1	152-154	So	
4-2	155-164	schrander	
4-3	165-168	was	
4-4	169-171	de	
4-5	172-176	ziel	
4-6	177-180	van	
4-7	181-192	Aristoteles	
4-8	193-197	niet	
4-9	197-198	,	
4-10	199-204	datse	
4-11	205-208	uit	
4-12	209-213	haar	
4-13	214-218	self	
4-14	219-221	of	
4-15	222-226	door	
4-16	227-232	haars	
4-17	233-240	gelijke	
4-18	241-245	wist	
4-19	245-246	,	
4-20	247-250	het	
4-21	251-255	gene	
4-22	256-258	hy	
4-23	259-261	in	
4-24	262-267	sijne	
4-25	268-274	boeken	
4-26	275-278	van	
4-27	279-282	den	
4-28	283-287	aart	
4-29	288-291	der	
4-30	292-298	dieren	
4-31	299-301	en	
4-32	302-305	der	
4-33	306-313	planten	
4-34	314-321	schreef	
4-35	321-322	.	

#Text=Sy moest haar lichaam,
#Text=en de leden en lichamelike sinnen danken, 't gene sy van enig lichaam wist.
5-1	323-325	Sy	
5-2	326-331	moest	
5-3	332-336	haar	
5-4	337-344	lichaam	
5-5	344-345	,	
5-6	346-348	en	
5-7	349-351	de	
5-8	352-357	leden	
5-9	358-360	en	
5-10	361-372	lichamelike	
5-11	373-379	sinnen	
5-12	380-386	danken	
5-13	386-387	,	
5-14	388-389	'	
5-15	389-390	t	
5-16	391-395	gene	
5-17	396-398	sy	
5-18	399-402	van	
5-19	403-407	enig	
5-20	408-415	lichaam	
5-21	416-420	wist	
5-22	420-421	.	

#Text=En was
#Text=sijn regel ergens goed, dat niets in 't verstand kan komen, 't gene niet eerst zy in de
#Text=sinnen: hier heeftse seker plaats.
6-1	422-424	En	
6-2	425-428	was	
6-3	429-433	sijn	
6-4	434-439	regel	
6-5	440-446	ergens	
6-6	447-451	goed	
6-7	451-452	,	
6-8	453-456	dat	
6-9	457-462	niets	
6-10	463-465	in	
6-11	466-467	'	
6-12	467-468	t	
6-13	469-477	verstand	
6-14	478-481	kan	
6-15	482-487	komen	
6-16	487-488	,	
6-17	489-490	'	
6-18	490-491	t	
6-19	492-496	gene	
6-20	497-501	niet	
6-21	502-507	eerst	
6-22	508-510	zy	
6-23	511-513	in	
6-24	514-516	de	
6-25	517-523	sinnen	
6-26	523-524	:	
6-27	525-529	hier	
6-28	530-537	heeftse	
6-29	538-543	seker	
6-30	544-550	plaats	
6-31	550-551	.	

#Text=De Duivel die geen van Salomons noch Aristoteles
#Text=vijf sinnen heeft, hoe word hy 't al gewaar?
7-1	552-554	De	
7-2	555-561	Duivel	
7-3	562-565	die	
7-4	566-570	geen	
7-5	571-574	van	
7-6	575-583	Salomons	
7-7	584-588	noch	
7-8	589-600	Aristoteles	
7-9	601-605	vijf	
7-10	606-612	sinnen	
7-11	613-618	heeft	
7-12	618-619	,	
7-13	620-623	hoe	
7-14	624-628	word	
7-15	629-631	hy	
7-16	632-633	'	
7-17	633-634	t	
7-18	635-637	al	
7-19	638-644	gewaar	
7-20	644-645	?	

#Text=Ik segge rond uit, en hebbe mijne redenen,
#Text=so veel als de Natuur betreft, in 't VII.
#Text=hoofdstuk eens geseid: dat het onbegrijpelijk
#Text=is, hoe een Geest lichamelike dingen sonder middel van 't lichamelijk begrijpt.
8-1	646-648	Ik	
8-2	649-654	segge	
8-3	655-659	rond	
8-4	660-663	uit	
8-5	663-664	,	
8-6	665-667	en	
8-7	668-673	hebbe	
8-8	674-679	mijne	
8-9	680-687	redenen	
8-10	687-688	,	
8-11	689-691	so	
8-12	692-696	veel	
8-13	697-700	als	
8-14	701-703	de	
8-15	704-710	Natuur	
8-16	711-718	betreft	
8-17	718-719	,	
8-18	720-722	in	
8-19	723-724	'	
8-20	724-725	t	
8-21	726-729	VII	
8-22	729-730	.	
8-23	731-740	hoofdstuk	
8-24	741-745	eens	
8-25	746-752	geseid	
8-26	752-753	:	
8-27	754-757	dat	
8-28	758-761	het	
8-29	762-776	onbegrijpelijk	
8-30	777-779	is	
8-31	779-780	,	
8-32	781-784	hoe	
8-33	785-788	een	
8-34	789-794	Geest	
8-35	795-806	lichamelike	
8-36	807-813	dingen	
8-37	814-820	sonder	
8-38	821-827	middel	
8-39	828-831	van	
8-40	832-833	'	
8-41	833-834	t	
8-42	835-846	lichamelijk	
8-43	847-855	begrijpt	
8-44	855-856	.	

#Text=De
#Text=bose geest derhalven, hoe luchtig van verstand dat hy anders wesen mag, hier komt
#Text=hy veel te kort, ende kan, doorgebrek van reedschap voor de sinnen, niet begrijpen
#Text=(noch veel min bewerken)
#Text=het gene niet als lichaam is
9-1	857-859	De	
9-2	860-864	bose	
9-3	865-870	geest	
9-4	871-880	derhalven	
9-5	880-881	,	
9-6	882-885	hoe	
9-7	886-893	luchtig	
9-8	894-897	van	
9-9	898-906	verstand	
9-10	907-910	dat	
9-11	911-913	hy	
9-12	914-920	anders	
9-13	921-926	wesen	
9-14	927-930	mag	
9-15	930-931	,	
9-16	932-936	hier	
9-17	937-941	komt	
9-18	942-944	hy	
9-19	945-949	veel	
9-20	950-952	te	
9-21	953-957	kort	
9-22	957-958	,	
9-23	959-963	ende	
9-24	964-967	kan	
9-25	967-968	,	
9-26	969-979	doorgebrek	
9-27	980-983	van	
9-28	984-993	reedschap	
9-29	994-998	voor	
9-30	999-1001	de	
9-31	1002-1008	sinnen	
9-32	1008-1009	,	
9-33	1010-1014	niet	
9-34	1015-1024	begrijpen	
9-35	1025-1026	(	
9-36	1026-1030	noch	
9-37	1031-1035	veel	
9-38	1036-1039	min	
9-39	1040-1048	bewerken	
9-40	1048-1049	)	
9-41	1050-1053	het	
9-42	1054-1058	gene	
9-43	1059-1063	niet	
9-44	1064-1067	als	
9-45	1068-1075	lichaam	
9-46	1076-1078	is	

#Text=.
10-1	1078-1079	.	

#Text=§.
#Text=4.
11-1	1081-1082	§	
11-2	1082-1083	.	
11-3	1084-1085	4	
11-4	1085-1086	.	

#Text=In 't gene ik segge sal my de Schrift, en daar in Salomo self te hulpe komen.
12-1	1087-1089	In	
12-2	1090-1091	'	
12-3	1091-1092	t	
12-4	1093-1097	gene	
12-5	1098-1100	ik	
12-6	1101-1106	segge	
12-7	1107-1110	sal	
12-8	1111-1113	my	
12-9	1114-1116	de	
12-10	1117-1124	Schrift	
12-11	1124-1125	,	
12-12	1126-1128	en	
12-13	1129-1133	daar	
12-14	1134-1136	in	
12-15	1137-1143	Salomo	
12-16	1144-1148	self	
12-17	1149-1151	te	
12-18	1152-1157	hulpe	
12-19	1158-1163	komen	
12-20	1163-1164	.	

#Text=Abraham en weet van ons niet, en Israël en kent ons niet: Ies.
#Text=63: 16.
#Text=want de doden
#Text=weten niet met allen.
13-1	1166-1173	Abraham	
13-2	1174-1176	en	
13-3	1177-1181	weet	
13-4	1182-1185	van	
13-5	1186-1189	ons	
13-6	1190-1194	niet	
13-7	1194-1195	,	
13-8	1196-1198	en	
13-9	1199-1205	Israël	
13-10	1206-1208	en	
13-11	1209-1213	kent	
13-12	1214-1217	ons	
13-13	1218-1222	niet	
13-14	1222-1223	:	
13-15	1224-1227	Ies	
13-16	1227-1228	.	
13-17	1229-1231	63	
13-18	1231-1232	:	
13-19	1233-1235	16	
13-20	1235-1236	.	
13-21	1237-1241	want	
13-22	1242-1244	de	
13-23	1245-1250	doden	
13-24	1251-1256	weten	
13-25	1257-1261	niet	
13-26	1262-1265	met	
13-27	1266-1271	allen	
13-28	1271-1272	.	

#Text=Pred.
#Text=9:
14-1	1273-1277	Pred	
14-2	1277-1278	.	
14-3	1279-1280	9	
14-4	1280-1281	:	
