#FORMAT=WebAnno TSV 3.3


#Text=Ongevoelig, zegt hy, hebben wy den winter bereikt, en zijn door de allengsjes
#Text=afneemende warmte aen de koude gewend geworden.
1-1	2-12	Ongevoelig	
1-2	12-13	,	
1-3	14-18	zegt	
1-4	19-21	hy	
1-5	21-22	,	
1-6	23-29	hebben	
1-7	30-32	wy	
1-8	33-36	den	
1-9	37-43	winter	
1-10	44-51	bereikt	
1-11	51-52	,	
1-12	53-55	en	
1-13	56-60	zijn	
1-14	61-65	door	
1-15	66-68	de	
1-16	69-79	allengsjes	
1-17	80-90	afneemende	
1-18	91-97	warmte	
1-19	98-101	aen	
1-20	102-104	de	
1-21	105-110	koude	
1-22	111-117	gewend	
1-23	118-126	geworden	
1-24	126-127	.	

#Text=Hoe wijsselijk, hoe
#Text=overeenkomstig onze natuur, heevt het volmaekte Opperwezen deze beurtwisseling
#Text=geschikt!
2-1	128-131	Hoe	
2-2	132-142	wijsselijk	
2-3	142-143	,	
2-4	144-147	hoe	
2-5	148-162	overeenkomstig	
2-6	163-167	onze	
2-7	168-174	natuur	
2-8	174-175	,	
2-9	176-181	heevt	
2-10	182-185	het	
2-11	186-195	volmaekte	
2-12	196-206	Opperwezen	
2-13	207-211	deze	
2-14	212-226	beurtwisseling	
2-15	227-235	geschikt	
2-16	235-236	!	

#Text=Ons gestel was niet bestaenbaer om tot de strenge koude overtegaen, uit
#Text=de brandende zomerhitte;
#Text=nu word de lucht bij trappen meer gematigd, de zon
#Text=verliest zijne krachten, en bereid onze ligchaemen tot de koude.
3-1	237-240	Ons	
3-2	241-247	gestel	
3-3	248-251	was	
3-4	252-256	niet	
3-5	257-268	bestaenbaer	
3-6	269-271	om	
3-7	272-275	tot	
3-8	276-278	de	
3-9	279-286	strenge	
3-10	287-292	koude	
3-11	293-303	overtegaen	
3-12	303-304	,	
3-13	305-308	uit	
3-14	309-311	de	
3-15	312-321	brandende	
3-16	322-332	zomerhitte	
3-17	332-333	;	
3-18	334-336	nu	
3-19	337-341	word	
3-20	342-344	de	
3-21	345-350	lucht	
3-22	351-354	bij	
3-23	355-362	trappen	
3-24	363-367	meer	
3-25	368-376	gematigd	
3-26	376-377	,	
3-27	378-380	de	
3-28	381-384	zon	
3-29	385-393	verliest	
3-30	394-399	zijne	
3-31	400-408	krachten	
3-32	408-409	,	
3-33	410-412	en	
3-34	413-419	bereid	
3-35	420-424	onze	
3-36	425-435	ligchaemen	
3-37	436-439	tot	
3-38	440-442	de	
3-39	443-448	koude	
3-40	448-449	.	

#Text=De planten zouden
#Text=deze verbazende verandering niet kunnen verduuren.
4-1	450-452	De	
4-2	453-460	planten	
4-3	461-467	zouden	
4-4	468-472	deze	
4-5	473-483	verbazende	
4-6	484-495	verandering	
4-7	496-500	niet	
4-8	501-507	kunnen	
4-9	508-517	verduuren	
4-10	517-518	.	

#Text=De hervst schikt ons weder
#Text=tot den winter, welke, even als de voorige Jaersaisoenen, zijne nuttigheid heevt.
5-1	519-521	De	
5-2	522-528	hervst	
5-3	529-535	schikt	
5-4	536-539	ons	
5-5	540-545	weder	
5-6	546-549	tot	
5-7	550-553	den	
5-8	554-560	winter	
5-9	560-561	,	
5-10	562-567	welke	
5-11	567-568	,	
5-12	569-573	even	
5-13	574-577	als	
5-14	578-580	de	
5-15	581-588	voorige	
5-16	589-602	Jaersaisoenen	
5-17	602-603	,	
5-18	604-609	zijne	
5-19	610-620	nuttigheid	
5-20	621-626	heevt	
5-21	626-627	.	

#Text=De
#Text=strenge vorst dood het ongedierte, 't welk anders het gezaeide koorn zoude opeeten,
#Text=en trekt de overtollige vochtigheid uit de aerde.
6-1	628-630	De	
6-2	631-638	strenge	
6-3	639-644	vorst	
6-4	645-649	dood	
6-5	650-653	het	
6-6	654-664	ongedierte	
6-7	664-665	,	
6-8	666-667	'	
6-9	667-668	t	
6-10	669-673	welk	
6-11	674-680	anders	
6-12	681-684	het	
6-13	685-693	gezaeide	
6-14	694-699	koorn	
6-15	700-705	zoude	
6-16	706-713	opeeten	
6-17	713-714	,	
6-18	715-717	en	
6-19	718-723	trekt	
6-20	724-726	de	
6-21	727-738	overtollige	
6-22	739-750	vochtigheid	
6-23	751-754	uit	
6-24	755-757	de	
6-25	758-763	aerde	
6-26	763-764	.	

#Text=De lucht word gezuiverd van de
#Text=kwaede dampen, die, in een geduurigen zomer, in waterachtige en moerassige
#Text=landen, niet zelden besinettingen zouden veroorzaeken;
#Text=de lucht word door eene
#Text=felle storm schoon gevaegd, en door deze geweldige schokken in staet gesteld, om
#Text=aen het oogmerk van den Schepper te voldoen.
7-1	765-767	De	
7-2	768-773	lucht	
7-3	774-778	word	
7-4	779-788	gezuiverd	
7-5	789-792	van	
7-6	793-795	de	
7-7	796-802	kwaede	
7-8	803-809	dampen	
7-9	809-810	,	
7-10	811-814	die	
7-11	814-815	,	
7-12	816-818	in	
7-13	819-822	een	
7-14	823-833	geduurigen	
7-15	834-839	zomer	
7-16	839-840	,	
7-17	841-843	in	
7-18	844-856	waterachtige	
7-19	857-859	en	
7-20	860-870	moerassige	
7-21	871-877	landen	
7-22	877-878	,	
7-23	879-883	niet	
7-24	884-890	zelden	
7-25	891-904	besinettingen	
7-26	905-911	zouden	
7-27	912-924	veroorzaeken	
7-28	924-925	;	
7-29	926-928	de	
7-30	929-934	lucht	
7-31	935-939	word	
7-32	940-944	door	
7-33	945-949	eene	
7-34	950-955	felle	
7-35	956-961	storm	
7-36	962-968	schoon	
7-37	969-976	gevaegd	
7-38	976-977	,	
7-39	978-980	en	
7-40	981-985	door	
7-41	986-990	deze	
7-42	991-1000	geweldige	
7-43	1001-1009	schokken	
7-44	1010-1012	in	
7-45	1013-1018	staet	
7-46	1019-1026	gesteld	
7-47	1026-1027	,	
7-48	1028-1030	om	
7-49	1031-1034	aen	
7-50	1035-1038	het	
7-51	1039-1046	oogmerk	
7-52	1047-1050	van	
7-53	1051-1054	den	
7-54	1055-1063	Schepper	
7-55	1064-1066	te	
7-56	1067-1074	voldoen	
7-57	1074-1075	.	

#Text=De nagten geven bij eene heldere lucht het schoonste gezigt, en met een het
#Text=bondigste bewijs voor het aenwesen der Godheid.
8-1	1078-1080	De	
8-2	1081-1087	nagten	
8-3	1088-1093	geven	
8-4	1094-1097	bij	
8-5	1098-1102	eene	
8-6	1103-1110	heldere	
8-7	1111-1116	lucht	
8-8	1117-1120	het	
8-9	1121-1130	schoonste	
8-10	1131-1137	gezigt	
8-11	1137-1138	,	
8-12	1139-1141	en	
8-13	1142-1145	met	
8-14	1146-1149	een	
8-15	1150-1153	het	
8-16	1154-1163	bondigste	
8-17	1164-1170	bewijs	
8-18	1171-1175	voor	
8-19	1176-1179	het	
8-20	1180-1188	aenwesen	
8-21	1189-1192	der	
8-22	1193-1200	Godheid	
8-23	1200-1201	.	

#Text=Millioenen waerelden, millioenen
#Text=zonnestelzels kunnen met een gewapend oge ontdekt worden.
9-1	1202-1212	Millioenen	
9-2	1213-1222	waerelden	
9-3	1222-1223	,	
9-4	1224-1234	millioenen	
9-5	1235-1248	zonnestelzels	
9-6	1249-1255	kunnen	
9-7	1256-1259	met	
9-8	1260-1263	een	
9-9	1264-1272	gewapend	
9-10	1273-1276	oge	
9-11	1277-1284	ontdekt	
9-12	1285-1291	worden	
9-13	1291-1292	.	

#Text=De Oriön, het
#Text=Zevengestarnte, de Melkweg bevatten een onnoemelijk getal tintelende lichten,
#Text=zonder te kunnen vergeleken worden, met die, welke ons gezicht niet kan bereiken.
10-1	1293-1295	De	
10-2	1296-1301	Oriön	
10-3	1301-1302	,	
10-4	1303-1306	het	
10-5	1307-1321	Zevengestarnte	
10-6	1321-1322	,	
10-7	1323-1325	de	
10-8	1326-1333	Melkweg	
10-9	1334-1342	bevatten	
10-10	1343-1346	een	
10-11	1347-1358	onnoemelijk	
10-12	1359-1364	getal	
10-13	1365-1375	tintelende	
10-14	1376-1383	lichten	
10-15	1383-1384	,	
10-16	1385-1391	zonder	
10-17	1392-1394	te	
10-18	1395-1401	kunnen	
10-19	1402-1412	vergeleken	
10-20	1413-1419	worden	
10-21	1419-1420	,	
10-22	1421-1424	met	
10-23	1425-1428	die	
10-24	1428-1429	,	
10-25	1430-1435	welke	
10-26	1436-1439	ons	
10-27	1440-1447	gezicht	
10-28	1448-1452	niet	
10-29	1453-1456	kan	
10-30	1457-1465	bereiken	
10-31	1465-1466	.	

#Text=Wij zijn niet bepaeld binnen onzen bekrompen aerd-
#Text=
#Text=Vaderlandsche Letteroefeningen
#Text=Jaargang
#Text=1777
#Text=
#Text=
#Text=\f607
#Text=bol of ons zonnestelzel, noch genoodzaekt in deze alleen bewijzen te zoeken voor
#Text=eene eeuwige en verstandige oorzaek; het gantsche heelal bied zich aen om deze
#Text=waerheid te staeven.
11-1	1469-1472	Wij	
11-2	1473-1477	zijn	
11-3	1478-1482	niet	
11-4	1483-1490	bepaeld	
11-5	1491-1497	binnen	
11-6	1498-1503	onzen	
11-7	1504-1513	bekrompen	
11-8	1514-1518	aerd	
11-9	1518-1519	-	
11-10	1521-1534	Vaderlandsche	
11-11	1535-1551	Letteroefeningen	
11-12	1552-1560	Jaargang	
11-13	1561-1565	1777	
11-14	1569-1572	607	
11-15	1573-1576	bol	
11-16	1577-1579	of	
11-17	1580-1583	ons	
11-18	1584-1596	zonnestelzel	
11-19	1596-1597	,	
11-20	1598-1602	noch	
11-21	1603-1614	genoodzaekt	
11-22	1615-1617	in	
11-23	1618-1622	deze	
11-24	1623-1629	alleen	
11-25	1630-1638	bewijzen	
11-26	1639-1641	te	
11-27	1642-1648	zoeken	
11-28	1649-1653	voor	
11-29	1654-1658	eene	
11-30	1659-1666	eeuwige	
11-31	1667-1669	en	
11-32	1670-1681	verstandige	
11-33	1682-1689	oorzaek	
11-34	1689-1690	;	
11-35	1691-1694	het	
11-36	1695-1703	gantsche	
11-37	1704-1710	heelal	
11-38	1711-1715	bied	
11-39	1716-1720	zich	
11-40	1721-1724	aen	
11-41	1725-1727	om	
11-42	1728-1732	deze	
11-43	1733-1741	waerheid	
11-44	1742-1744	te	
11-45	1745-1752	staeven	
11-46	1752-1753	.	

#Text=De dwaelsterren doorloopen ieder heure vaste kringen,
#Text=overeenkomstig het verband, in het welke zij tot elkander staen, en het zonnestelzel,
#Text=tot het welk zij behoren.
12-1	1754-1756	De	
12-2	1757-1769	dwaelsterren	
12-3	1770-1780	doorloopen	
12-4	1781-1786	ieder	
12-5	1787-1792	heure	
12-6	1793-1798	vaste	
12-7	1799-1806	kringen	
12-8	1806-1807	,	
12-9	1808-1822	overeenkomstig	
12-10	1823-1826	het	
12-11	1827-1834	verband	
12-12	1834-1835	,	
12-13	1836-1838	in	
12-14	1839-1842	het	
12-15	1843-1848	welke	
12-16	1849-1852	zij	
12-17	1853-1856	tot	
12-18	1857-1865	elkander	
12-19	1866-1871	staen	
12-20	1871-1872	,	
12-21	1873-1875	en	
12-22	1876-1879	het	
12-23	1880-1892	zonnestelzel	
12-24	1892-1893	,	
12-25	1894-1897	tot	
12-26	1898-1901	het	
12-27	1902-1906	welk	
12-28	1907-1910	zij	
12-29	1911-1918	behoren	
12-30	1918-1919	.	

#Text=De Zonnestelzels, ieder tot ondergeschikte einden in den
#Text=onmeetbaeren kring geplaetst, in welke van Eeuwigheid
13-1	1920-1922	De	
13-2	1923-1936	Zonnestelzels	
13-3	1936-1937	,	
13-4	1938-1943	ieder	
13-5	1944-1947	tot	
13-6	1948-1962	ondergeschikte	
13-7	1963-1969	einden	
13-8	1970-1972	in	
13-9	1973-1976	den	
13-10	1977-1989	onmeetbaeren	
13-11	1990-1995	kring	
13-12	1996-2005	geplaetst	
13-13	2005-2006	,	
13-14	2007-2009	in	
13-15	2010-2015	welke	
13-16	2016-2019	van	
13-17	2020-2030	Eeuwigheid	
