#FORMAT=WebAnno TSV 3.3


#Text=2 Misitque Jezabel nuntium ad Eliam, dicens : Hæc mihi faciant dii, et hæc addant, nisi hac hora cras posuero animam tuam sicut animam unius ex illis.
#Text=3 Timuit ergo Elias, et surgens abiit quocumque eum ferebat voluntas : venitque in Bersabee Juda, et dimisit ibi puerum suum, 4 et perrexit in desertum, viam unius diei.
1-1	2-3	2	
1-2	4-12	Misitque	
1-3	13-20	Jezabel	
1-4	21-28	nuntium	
1-5	29-31	ad	
1-6	32-37	Eliam	
1-7	37-38	,	
1-8	39-45	dicens	
1-9	46-47	:	
1-10	48-51	Hæc	
1-11	52-56	mihi	
1-12	57-64	faciant	
1-13	65-68	dii	
1-14	68-69	,	
1-15	70-72	et	
1-16	73-76	hæc	
1-17	77-83	addant	
1-18	83-84	,	
1-19	85-89	nisi	
1-20	90-93	hac	
1-21	94-98	hora	
1-22	99-103	cras	
1-23	104-111	posuero	
1-24	112-118	animam	
1-25	119-123	tuam	
1-26	124-129	sicut	
1-27	130-136	animam	
1-28	137-142	unius	
1-29	143-145	ex	
1-30	146-151	illis	
1-31	151-152	.	
1-32	153-154	3	
1-33	155-161	Timuit	
1-34	162-166	ergo	
1-35	167-172	Elias	
1-36	172-173	,	
1-37	174-176	et	
1-38	177-184	surgens	
1-39	185-190	abiit	
1-40	191-200	quocumque	
1-41	201-204	eum	
1-42	205-212	ferebat	
1-43	213-221	voluntas	
1-44	222-223	:	
1-45	224-232	venitque	
1-46	233-235	in	
1-47	236-244	Bersabee	
1-48	245-249	Juda	
1-49	249-250	,	
1-50	251-253	et	
1-51	254-261	dimisit	
1-52	262-265	ibi	
1-53	266-272	puerum	
1-54	273-277	suum	
1-55	277-278	,	
1-56	279-280	4	
1-57	281-283	et	
1-58	284-292	perrexit	
1-59	293-295	in	
1-60	296-304	desertum	
1-61	304-305	,	
1-62	306-310	viam	
1-63	311-316	unius	
1-64	317-321	diei	
1-65	321-322	.	

#Text=Cumque venisset, et sederet subter unam juniperum, petivit animæ suæ ut moreretur, et ait : Sufficit mihi, Domine : tolle animam meam : neque enim melior sum quam patres mei.
#Text=5 Projecitque se, et obdormivit in umbra juniperi : et ecce angelus Domini tetigit eum, et dixit illi : Surge, et comede.
#Text=6 Respexit, et ecce ad caput suum subcinericius panis, et vas aquæ : comedit ergo, et bibit, et rursum obdormivit.
#Text=7 Reversusque est angelus Domini secundo, et tetigit eum, dixitque illi : Surge, comede : grandis enim tibi restat via.
#Text=8 Qui cum surrexisset, comedit et bibit, et ambulavit in fortitudine cibi illius quadraginta diebus et quadraginta noctibus usque ad montem Dei Horeb.
#Text=9 Cumque venisset illuc, mansit in spelunca : et ecce sermo Domini ad eum, dixitque illi : Quid hic agis, Elia ?
2-1	323-329	Cumque	
2-2	330-338	venisset	
2-3	338-339	,	
2-4	340-342	et	
2-5	343-350	sederet	
2-6	351-357	subter	
2-7	358-362	unam	
2-8	363-372	juniperum	
2-9	372-373	,	
2-10	374-381	petivit	
2-11	382-387	animæ	
2-12	388-391	suæ	
2-13	392-394	ut	
2-14	395-404	moreretur	
2-15	404-405	,	
2-16	406-408	et	
2-17	409-412	ait	
2-18	413-414	:	
2-19	415-423	Sufficit	
2-20	424-428	mihi	
2-21	428-429	,	
2-22	430-436	Domine	
2-23	437-438	:	
2-24	439-444	tolle	
2-25	445-451	animam	
2-26	452-456	meam	
2-27	457-458	:	
2-28	459-464	neque	
2-29	465-469	enim	
2-30	470-476	melior	
2-31	477-480	sum	
2-32	481-485	quam	
2-33	486-492	patres	
2-34	493-496	mei	
2-35	496-497	.	
2-36	498-499	5	
2-37	500-511	Projecitque	
2-38	512-514	se	
2-39	514-515	,	
2-40	516-518	et	
2-41	519-529	obdormivit	
2-42	530-532	in	
2-43	533-538	umbra	
2-44	539-547	juniperi	
2-45	548-549	:	
2-46	550-552	et	
2-47	553-557	ecce	
2-48	558-565	angelus	
2-49	566-572	Domini	
2-50	573-580	tetigit	
2-51	581-584	eum	
2-52	584-585	,	
2-53	586-588	et	
2-54	589-594	dixit	
2-55	595-599	illi	
2-56	600-601	:	
2-57	602-607	Surge	
2-58	607-608	,	
2-59	609-611	et	
2-60	612-618	comede	
2-61	618-619	.	
2-62	620-621	6	
2-63	622-630	Respexit	
2-64	630-631	,	
2-65	632-634	et	
2-66	635-639	ecce	
2-67	640-642	ad	
2-68	643-648	caput	
2-69	649-653	suum	
2-70	654-667	subcinericius	
2-71	668-673	panis	
2-72	673-674	,	
2-73	675-677	et	
2-74	678-681	vas	
2-75	682-686	aquæ	
2-76	687-688	:	
2-77	689-696	comedit	
2-78	697-701	ergo	
2-79	701-702	,	
2-80	703-705	et	
2-81	706-711	bibit	
2-82	711-712	,	
2-83	713-715	et	
2-84	716-722	rursum	
2-85	723-733	obdormivit	
2-86	733-734	.	
2-87	735-736	7	
2-88	737-748	Reversusque	
2-89	749-752	est	
2-90	753-760	angelus	
2-91	761-767	Domini	
2-92	768-775	secundo	
2-93	775-776	,	
2-94	777-779	et	
2-95	780-787	tetigit	
2-96	788-791	eum	
2-97	791-792	,	
2-98	793-801	dixitque	
2-99	802-806	illi	
2-100	807-808	:	
2-101	809-814	Surge	
2-102	814-815	,	
2-103	816-822	comede	
2-104	823-824	:	
2-105	825-832	grandis	
2-106	833-837	enim	
2-107	838-842	tibi	
2-108	843-849	restat	
2-109	850-853	via	
2-110	853-854	.	
2-111	855-856	8	
2-112	857-860	Qui	
2-113	861-864	cum	
2-114	865-876	surrexisset	
2-115	876-877	,	
2-116	878-885	comedit	
2-117	886-888	et	
2-118	889-894	bibit	
2-119	894-895	,	
2-120	896-898	et	
2-121	899-908	ambulavit	
2-122	909-911	in	
2-123	912-923	fortitudine	
2-124	924-928	cibi	
2-125	929-935	illius	
2-126	936-947	quadraginta	
2-127	948-954	diebus	
2-128	955-957	et	
2-129	958-969	quadraginta	
2-130	970-978	noctibus	
2-131	979-984	usque	
2-132	985-987	ad	
2-133	988-994	montem	
2-134	995-998	Dei	
2-135	999-1004	Horeb	
2-136	1004-1005	.	
2-137	1006-1007	9	
2-138	1008-1014	Cumque	
2-139	1015-1023	venisset	
2-140	1024-1029	illuc	
2-141	1029-1030	,	
2-142	1031-1037	mansit	
2-143	1038-1040	in	
2-144	1041-1049	spelunca	
2-145	1050-1051	:	
2-146	1052-1054	et	
2-147	1055-1059	ecce	
2-148	1060-1065	sermo	
2-149	1066-1072	Domini	
2-150	1073-1075	ad	
2-151	1076-1079	eum	
2-152	1079-1080	,	
2-153	1081-1089	dixitque	
2-154	1090-1094	illi	
2-155	1095-1096	:	
2-156	1097-1101	Quid	
2-157	1102-1105	hic	
2-158	1106-1110	agis	
2-159	1110-1111	,	
2-160	1112-1116	Elia	
2-161	1117-1118	?	

#Text=10 At ille respondit : Zelo zelatus sum pro Domino Deo exercituum, quia dereliquerunt pactum tuum filii Israël : altaria tua destruxerunt, prophetas tuos occiderunt gladio, derelictus sum ego solus, et quærunt animam meam ut auferant eam.
#Text=11 Et ait ei : Egredere, et sta in monte coram Domino : et ecce Dominus transit.
3-1	1119-1121	10	
3-2	1122-1124	At	
3-3	1125-1129	ille	
3-4	1130-1139	respondit	
3-5	1140-1141	:	
3-6	1142-1146	Zelo	
3-7	1147-1154	zelatus	
3-8	1155-1158	sum	
3-9	1159-1162	pro	
3-10	1163-1169	Domino	
3-11	1170-1173	Deo	
3-12	1174-1184	exercituum	
3-13	1184-1185	,	
3-14	1186-1190	quia	
3-15	1191-1204	dereliquerunt	
3-16	1205-1211	pactum	
3-17	1212-1216	tuum	
3-18	1217-1222	filii	
3-19	1223-1229	Israël	
3-20	1230-1231	:	
3-21	1232-1239	altaria	
3-22	1240-1243	tua	
3-23	1244-1256	destruxerunt	
3-24	1256-1257	,	
3-25	1258-1267	prophetas	
3-26	1268-1272	tuos	
3-27	1273-1283	occiderunt	
3-28	1284-1290	gladio	
3-29	1290-1291	,	
3-30	1292-1302	derelictus	
3-31	1303-1306	sum	
3-32	1307-1310	ego	
3-33	1311-1316	solus	
3-34	1316-1317	,	
3-35	1318-1320	et	
3-36	1321-1328	quærunt	
3-37	1329-1335	animam	
3-38	1336-1340	meam	
3-39	1341-1343	ut	
3-40	1344-1352	auferant	
3-41	1353-1356	eam	
3-42	1356-1357	.	
3-43	1358-1360	11	
3-44	1361-1363	Et	
3-45	1364-1367	ait	
3-46	1368-1370	ei	
3-47	1371-1372	:	
3-48	1373-1381	Egredere	
3-49	1381-1382	,	
3-50	1383-1385	et	
3-51	1386-1389	sta	
3-52	1390-1392	in	
3-53	1393-1398	monte	
3-54	1399-1404	coram	
3-55	1405-1411	Domino	
3-56	1412-1413	:	
3-57	1414-1416	et	
3-58	1417-1421	ecce	
3-59	1422-1429	Dominus	
3-60	1430-1437	transit	
3-61	1437-1438	.	

#Text=Et spiritus grandis et fortis subvertens montes, et conterens petras, ante Dominum : non in spiritu Dominus.
4-1	1439-1441	Et	
4-2	1442-1450	spiritus	
4-3	1451-1458	grandis	
4-4	1459-1461	et	
4-5	1462-1468	fortis	
4-6	1469-1479	subvertens	
4-7	1480-1486	montes	
4-8	1486-1487	,	
4-9	1488-1490	et	
4-10	1491-1500	conterens	
4-11	1501-1507	petras	
4-12	1507-1508	,	
4-13	1509-1513	ante	
4-14	1514-1521	Dominum	
4-15	1522-1523	:	
4-16	1524-1527	non	
4-17	1528-1530	in	
4-18	1531-1538	spiritu	
4-19	1539-1546	Dominus	
4-20	1546-1547	.	

#Text=Et post spiritum commotio : non in commotione Dominus.
#Text=12 Et post commotionem ignis : non in igne Dominus.
5-1	1548-1550	Et	
5-2	1551-1555	post	
5-3	1556-1564	spiritum	
5-4	1565-1573	commotio	
5-5	1574-1575	:	
5-6	1576-1579	non	
5-7	1580-1582	in	
5-8	1583-1593	commotione	
5-9	1594-1601	Dominus	
5-10	1601-1602	.	
5-11	1603-1605	12	
5-12	1606-1608	Et	
5-13	1609-1613	post	
5-14	1614-1625	commotionem	
5-15	1626-1631	ignis	
5-16	1632-1633	:	
5-17	1634-1637	non	
5-18	1638-1640	in	
5-19	1641-1645	igne	
5-20	1646-1653	Dominus	
5-21	1653-1654	.	

#Text=Et post ignem sibilus auræ tenuis.
#Text=13 Quod cum audisset Elias, operuit vultum suum pallio, et egressus stetit in ostio speluncæ.
6-1	1655-1657	Et	
6-2	1658-1662	post	
6-3	1663-1668	ignem	
6-4	1669-1676	sibilus	
6-5	1677-1681	auræ	
6-6	1682-1688	tenuis	
6-7	1688-1689	.	
6-8	1690-1692	13	
6-9	1693-1697	Quod	
6-10	1698-1701	cum	
6-11	1702-1710	audisset	
6-12	1711-1716	Elias	
6-13	1716-1717	,	
6-14	1718-1725	operuit	
6-15	1726-1732	vultum	
6-16	1733-1737	suum	
6-17	1738-1744	pallio	
6-18	1744-1745	,	
6-19	1746-1748	et	
6-20	1749-1757	egressus	
6-21	1758-1764	stetit	
6-22	1765-1767	in	
6-23	1768-1773	ostio	
6-24	1774-1782	speluncæ	
6-25	1782-1783	.	

#Text=Et ecce vox ad eum dicens : Quid hic agis, Elia ?
7-1	1784-1786	Et	
7-2	1787-1791	ecce	
7-3	1792-1795	vox	
7-4	1796-1798	ad	
7-5	1799-1802	eum	
7-6	1803-1809	dicens	
7-7	1810-1811	:	
7-8	1812-1816	Quid	
7-9	1817-1820	hic	
7-10	1821-1825	agis	
7-11	1825-1826	,	
7-12	1827-1831	Elia	
7-13	1832-1833	?	

#Text=Et ille respondit : 14 Zelo zelatus sum pro Domino Deo exercituum, quia dereliquerunt pactum tuum filii Israël : altaria tua destruxerunt, prophetas tuos occiderunt gladio, derelictus sum ego solus, et quærunt animam meam ut auferant eam.
#Text=15 Et ait Dominus ad eum : Vade, et revertere in viam tuam per desertum in Damascum : cumque perveneris illuc, unges Hazaël regem super Syriam, 16 et Jehu filium Namsi unges regem super Israël : Eliseum autem filium Saphat, qui est de Abelmehula, unges prophetam pro te.
#Text=17 Et erit : quicumque fugerit gladium Hazaël, occidet eum Jehu : et quicumque fugerit gladium Jehu, interficiet eum Eliseus.
#Text=18 Et derelinquam mihi in Israël septem millia virorum, quorum genua non sunt incurvata ante Baal, et omne os quod non adoravit eum osculans manus.
8-1	1834-1836	Et	
8-2	1837-1841	ille	
8-3	1842-1851	respondit	
8-4	1852-1853	:	
8-5	1854-1856	14	
8-6	1857-1861	Zelo	
8-7	1862-1869	zelatus	
8-8	1870-1873	sum	
8-9	1874-1877	pro	
8-10	1878-1884	Domino	
8-11	1885-1888	Deo	
8-12	1889-1899	exercituum	
8-13	1899-1900	,	
8-14	1901-1905	quia	
8-15	1906-1919	dereliquerunt	
8-16	1920-1926	pactum	
8-17	1927-1931	tuum	
8-18	1932-1937	filii	
8-19	1938-1944	Israël	
8-20	1945-1946	:	
8-21	1947-1954	altaria	
8-22	1955-1958	tua	
8-23	1959-1971	destruxerunt	
8-24	1971-1972	,	
8-25	1973-1982	prophetas	
8-26	1983-1987	tuos	
8-27	1988-1998	occiderunt	
8-28	1999-2005	gladio	
8-29	2005-2006	,	
8-30	2007-2017	derelictus	
8-31	2018-2021	sum	
8-32	2022-2025	ego	
8-33	2026-2031	solus	
8-34	2031-2032	,	
8-35	2033-2035	et	
8-36	2036-2043	quærunt	
8-37	2044-2050	animam	
8-38	2051-2055	meam	
8-39	2056-2058	ut	
8-40	2059-2067	auferant	
8-41	2068-2071	eam	
8-42	2071-2072	.	
8-43	2073-2075	15	
8-44	2076-2078	Et	
8-45	2079-2082	ait	
8-46	2083-2090	Dominus	
8-47	2091-2093	ad	
8-48	2094-2097	eum	
8-49	2098-2099	:	
8-50	2100-2104	Vade	
8-51	2104-2105	,	
8-52	2106-2108	et	
8-53	2109-2118	revertere	
8-54	2119-2121	in	
8-55	2122-2126	viam	
8-56	2127-2131	tuam	
8-57	2132-2135	per	
8-58	2136-2144	desertum	
8-59	2145-2147	in	
8-60	2148-2156	Damascum	
8-61	2157-2158	:	
8-62	2159-2165	cumque	
8-63	2166-2176	perveneris	
8-64	2177-2182	illuc	
8-65	2182-2183	,	
8-66	2184-2189	unges	
8-67	2190-2196	Hazaël	
8-68	2197-2202	regem	
8-69	2203-2208	super	
8-70	2209-2215	Syriam	
8-71	2215-2216	,	
8-72	2217-2219	16	
8-73	2220-2222	et	
8-74	2223-2227	Jehu	
8-75	2228-2234	filium	
8-76	2235-2240	Namsi	
8-77	2241-2246	unges	
8-78	2247-2252	regem	
8-79	2253-2258	super	
8-80	2259-2265	Israël	
8-81	2266-2267	:	
8-82	2268-2275	Eliseum	
8-83	2276-2281	autem	
8-84	2282-2288	filium	
8-85	2289-2295	Saphat	
8-86	2295-2296	,	
8-87	2297-2300	qui	
8-88	2301-2304	est	
8-89	2305-2307	de	
8-90	2308-2318	Abelmehula	
8-91	2318-2319	,	
8-92	2320-2325	unges	
8-93	2326-2335	prophetam	
8-94	2336-2339	pro	
8-95	2340-2342	te	
8-96	2342-2343	.	
8-97	2344-2346	17	
8-98	2347-2349	Et	
8-99	2350-2354	erit	
8-100	2355-2356	:	
8-101	2357-2366	quicumque	
8-102	2367-2374	fugerit	
8-103	2375-2382	gladium	
8-104	2383-2389	Hazaël	
8-105	2389-2390	,	
8-106	2391-2398	occidet	
8-107	2399-2402	eum	
8-108	2403-2407	Jehu	
8-109	2408-2409	:	
8-110	2410-2412	et	
8-111	2413-2422	quicumque	
8-112	2423-2430	fugerit	
8-113	2431-2438	gladium	
8-114	2439-2443	Jehu	
8-115	2443-2444	,	
8-116	2445-2456	interficiet	
8-117	2457-2460	eum	
8-118	2461-2468	Eliseus	
8-119	2468-2469	.	
8-120	2470-2472	18	
8-121	2473-2475	Et	
8-122	2476-2487	derelinquam	
8-123	2488-2492	mihi	
8-124	2493-2495	in	
8-125	2496-2502	Israël	
8-126	2503-2509	septem	
8-127	2510-2516	millia	
8-128	2517-2524	virorum	
8-129	2524-2525	,	
8-130	2526-2532	quorum	
8-131	2533-2538	genua	
8-132	2539-2542	non	
8-133	2543-2547	sunt	
8-134	2548-2557	incurvata	
8-135	2558-2562	ante	
8-136	2563-2567	Baal	
8-137	2567-2568	,	
8-138	2569-2571	et	
8-139	2572-2576	omne	
8-140	2577-2579	os	
8-141	2580-2584	quod	
8-142	2585-2588	non	
8-143	2589-2597	adoravit	
8-144	2598-2601	eum	
8-145	2602-2610	osculans	
8-146	2611-2616	manus	
8-147	2616-2617	.	
