{"_context" : {
    "_types" : {
      "DocumentMetaData" : {
        "_feature_types" : {"sofa" : "_ref" } }, 
      "Sentence" : {
        "_feature_types" : {"sofa" : "_ref" } }, 
      "Sofa" : {
        "_feature_types" : {"sofaArray" : "_ref" } }, 
      "TagsetDescription" : {
        "_feature_types" : {"sofa" : "_ref",  "tags" : "_ref" } }, 
      "Token" : {
        "_feature_types" : {"sofa" : "_ref",  "parent" : "_ref",  "lemma" : "_ref",  "stem" : "_ref",  "pos" : "_ref",  "morph" : "_ref",  "form" : "_ref" } }, 
      "DocumentAnnotation" : {
        "_feature_types" : {"sofa" : "_ref" }, 
        "_subtypes" : ["DocumentMetaData" ] }, 
      "Annotation" : {
        "_feature_types" : {"sofa" : "_ref" }, 
        "_subtypes" : ["DocumentAnnotation",  "Sentence",  "TagsetDescription",  "Token" ] }, 
      "AnnotationBase" : {
        "_feature_types" : {"sofa" : "_ref" }, 
        "_subtypes" : ["Annotation" ] }, 
      "TOP" : {
        "_subtypes" : ["AnnotationBase",  "Sofa" ] } } }, 
  "_views" : {
    "_InitialView" : {
      "DocumentMetaData" : [
        {"sofa" : 1,  "end" : 5973,  "language" : "x-unspecified",  "documentTitle" : "021E%20Thomas%20Tomkis%201607%20Lingua%20or%20the%20battle%20of%20the%20senses__26_THE.txt",  "documentId" : "teresa",  "documentUri" : "file:/home/dhuser/alessio/inception/repository/project/29/document/7266/source/teresa",  "collectionId" : "file:/home/dhuser/alessio/inception/repository/project/29/document/7266/source/",  "documentBaseUri" : "file:/home/dhuser/alessio/inception/repository/project/29/document/7266/source/",  "isLastSegment" : false } ], 
      "TagsetDescription" : [
        {"sofa" : 1,  "layer" : "webanno.custom.Emotions",  "name" : "Emotion Labels",  "input" : false }, 
        {"sofa" : 1,  "layer" : "custom.Relation",  "name" : "Relation labels",  "input" : false }, 
        {"sofa" : 1,  "layer" : "custom.Span",  "name" : "Smell labels",  "input" : false } ], 
      "Sentence" : [
        {"sofa" : 1,  "end" : 347 }, 
        {"sofa" : 1,  "begin" : 348,  "end" : 841 }, 
        {"sofa" : 1,  "begin" : 842,  "end" : 922 }, 
        {"sofa" : 1,  "begin" : 923,  "end" : 927 }, 
        {"sofa" : 1,  "begin" : 928,  "end" : 932 }, 
        {"sofa" : 1,  "begin" : 933,  "end" : 1128 }, 
        {"sofa" : 1,  "begin" : 1130,  "end" : 1189 }, 
        {"sofa" : 1,  "begin" : 1190,  "end" : 1199 }, 
        {"sofa" : 1,  "begin" : 1200,  "end" : 1209 }, 
        {"sofa" : 1,  "begin" : 1210,  "end" : 1658 }, 
        {"sofa" : 1,  "begin" : 1659,  "end" : 1661 }, 
        {"sofa" : 1,  "begin" : 1662,  "end" : 1666 }, 
        {"sofa" : 1,  "begin" : 1667,  "end" : 2077 }, 
        {"sofa" : 1,  "begin" : 2079,  "end" : 2083 }, 
        {"sofa" : 1,  "begin" : 2084,  "end" : 2155 }, 
        {"sofa" : 1,  "begin" : 2157,  "end" : 2162 }, 
        {"sofa" : 1,  "begin" : 2163,  "end" : 2427 }, 
        {"sofa" : 1,  "begin" : 2428,  "end" : 2432 }, 
        {"sofa" : 1,  "begin" : 2433,  "end" : 2690 }, 
        {"sofa" : 1,  "begin" : 2692,  "end" : 2699 }, 
        {"sofa" : 1,  "begin" : 2700,  "end" : 2708 }, 
        {"sofa" : 1,  "begin" : 2709,  "end" : 3146 }, 
        {"sofa" : 1,  "begin" : 3147,  "end" : 3151 }, 
        {"sofa" : 1,  "begin" : 3152,  "end" : 3184 }, 
        {"sofa" : 1,  "begin" : 3185,  "end" : 3225 }, 
        {"sofa" : 1,  "begin" : 3227,  "end" : 3231 }, 
        {"sofa" : 1,  "begin" : 3232,  "end" : 3269 }, 
        {"sofa" : 1,  "begin" : 3271,  "end" : 3275 }, 
        {"sofa" : 1,  "begin" : 3276,  "end" : 3280 }, 
        {"sofa" : 1,  "begin" : 3281,  "end" : 3342 }, 
        {"sofa" : 1,  "begin" : 3344,  "end" : 3348 }, 
        {"sofa" : 1,  "begin" : 3349,  "end" : 3393 }, 
        {"sofa" : 1,  "begin" : 3395,  "end" : 3399 }, 
        {"sofa" : 1,  "begin" : 3400,  "end" : 3478 }, 
        {"sofa" : 1,  "begin" : 3480,  "end" : 3484 }, 
        {"sofa" : 1,  "begin" : 3485,  "end" : 3551 }, 
        {"sofa" : 1,  "begin" : 3553,  "end" : 3659 }, 
        {"sofa" : 1,  "begin" : 3660,  "end" : 3664 }, 
        {"sofa" : 1,  "begin" : 3665,  "end" : 3669 }, 
        {"sofa" : 1,  "begin" : 3670,  "end" : 3697 }, 
        {"sofa" : 1,  "begin" : 3698,  "end" : 3702 }, 
        {"sofa" : 1,  "begin" : 3703,  "end" : 3850 }, 
        {"sofa" : 1,  "begin" : 3852,  "end" : 3856 }, 
        {"sofa" : 1,  "begin" : 3857,  "end" : 3922 }, 
        {"sofa" : 1,  "begin" : 3923,  "end" : 3927 }, 
        {"sofa" : 1,  "begin" : 3928,  "end" : 4030 }, 
        {"sofa" : 1,  "begin" : 4032,  "end" : 4036 }, 
        {"sofa" : 1,  "begin" : 4038,  "end" : 4124 }, 
        {"sofa" : 1,  "begin" : 4126,  "end" : 4130 }, 
        {"sofa" : 1,  "begin" : 4131,  "end" : 4213 }, 
        {"sofa" : 1,  "begin" : 4215,  "end" : 4219 }, 
        {"sofa" : 1,  "begin" : 4220,  "end" : 4309 }, 
        {"sofa" : 1,  "begin" : 4310,  "end" : 4314 }, 
        {"sofa" : 1,  "begin" : 4315,  "end" : 4623 }, 
        {"sofa" : 1,  "begin" : 4625,  "end" : 4629 }, 
        {"sofa" : 1,  "begin" : 4630,  "end" : 4769 }, 
        {"sofa" : 1,  "begin" : 4771,  "end" : 4775 }, 
        {"sofa" : 1,  "begin" : 4776,  "end" : 4780 }, 
        {"sofa" : 1,  "begin" : 4781,  "end" : 5415 }, 
        {"sofa" : 1,  "begin" : 5416,  "end" : 5913 }, 
        {"sofa" : 1,  "begin" : 5914,  "end" : 5972 } ], 
      "Token" : [
        {"sofa" : 1,  "end" : 2 }, 
        {"sofa" : 1,  "begin" : 3,  "end" : 6 }, 
        {"sofa" : 1,  "begin" : 7,  "end" : 14 }, 
        {"sofa" : 1,  "begin" : 15,  "end" : 17 }, 
        {"sofa" : 1,  "begin" : 18,  "end" : 24 }, 
        {"sofa" : 1,  "begin" : 25,  "end" : 26 }, 
        {"sofa" : 1,  "begin" : 27,  "end" : 33 }, 
        {"sofa" : 1,  "begin" : 34,  "end" : 41 }, 
        {"sofa" : 1,  "begin" : 41,  "end" : 42 }, 
        {"sofa" : 1,  "begin" : 43,  "end" : 53 }, 
        {"sofa" : 1,  "begin" : 54,  "end" : 58 }, 
        {"sofa" : 1,  "begin" : 59,  "end" : 62 }, 
        {"sofa" : 1,  "begin" : 63,  "end" : 69 }, 
        {"sofa" : 1,  "begin" : 70,  "end" : 72 }, 
        {"sofa" : 1,  "begin" : 73,  "end" : 74 }, 
        {"sofa" : 1,  "begin" : 75,  "end" : 81 }, 
        {"sofa" : 1,  "begin" : 81,  "end" : 82 }, 
        {"sofa" : 1,  "begin" : 83,  "end" : 91 }, 
        {"sofa" : 1,  "begin" : 92,  "end" : 96 }, 
        {"sofa" : 1,  "begin" : 97,  "end" : 105 }, 
        {"sofa" : 1,  "begin" : 106,  "end" : 108 }, 
        {"sofa" : 1,  "begin" : 109,  "end" : 110 }, 
        {"sofa" : 1,  "begin" : 111,  "end" : 118 }, 
        {"sofa" : 1,  "begin" : 119,  "end" : 125 }, 
        {"sofa" : 1,  "begin" : 125,  "end" : 126 }, 
        {"sofa" : 1,  "begin" : 127,  "end" : 132 }, 
        {"sofa" : 1,  "begin" : 133,  "end" : 138 }, 
        {"sofa" : 1,  "begin" : 139,  "end" : 143 }, 
        {"sofa" : 1,  "begin" : 144,  "end" : 145 }, 
        {"sofa" : 1,  "begin" : 146,  "end" : 152 }, 
        {"sofa" : 1,  "begin" : 153,  "end" : 155 }, 
        {"sofa" : 1,  "begin" : 156,  "end" : 158 }, 
        {"sofa" : 1,  "begin" : 159,  "end" : 163 }, 
        {"sofa" : 1,  "begin" : 163,  "end" : 164 }, 
        {"sofa" : 1,  "begin" : 165,  "end" : 166 }, 
        {"sofa" : 1,  "begin" : 167,  "end" : 170 }, 
        {"sofa" : 1,  "begin" : 171,  "end" : 174 }, 
        {"sofa" : 1,  "begin" : 175,  "end" : 180 }, 
        {"sofa" : 1,  "begin" : 181,  "end" : 184 }, 
        {"sofa" : 1,  "begin" : 185,  "end" : 190 }, 
        {"sofa" : 1,  "begin" : 191,  "end" : 194 }, 
        {"sofa" : 1,  "begin" : 195,  "end" : 201 }, 
        {"sofa" : 1,  "begin" : 202,  "end" : 206 }, 
        {"sofa" : 1,  "begin" : 207,  "end" : 211 }, 
        {"sofa" : 1,  "begin" : 211,  "end" : 212 }, 
        {"sofa" : 1,  "begin" : 213,  "end" : 217 }, 
        {"sofa" : 1,  "begin" : 218,  "end" : 220 }, 
        {"sofa" : 1,  "begin" : 221,  "end" : 227 }, 
        {"sofa" : 1,  "begin" : 228,  "end" : 231 }, 
        {"sofa" : 1,  "begin" : 232,  "end" : 234 }, 
        {"sofa" : 1,  "begin" : 235,  "end" : 239 }, 
        {"sofa" : 1,  "begin" : 240,  "end" : 244 }, 
        {"sofa" : 1,  "begin" : 245,  "end" : 248 }, 
        {"sofa" : 1,  "begin" : 248,  "end" : 249 }, 
        {"sofa" : 1,  "begin" : 250,  "end" : 253 }, 
        {"sofa" : 1,  "begin" : 254,  "end" : 257 }, 
        {"sofa" : 1,  "begin" : 258,  "end" : 262 }, 
        {"sofa" : 1,  "begin" : 262,  "end" : 263 }, 
        {"sofa" : 1,  "begin" : 264,  "end" : 273 }, 
        {"sofa" : 1,  "begin" : 274,  "end" : 279 }, 
        {"sofa" : 1,  "begin" : 279,  "end" : 280 }, 
        {"sofa" : 1,  "begin" : 281,  "end" : 285 }, 
        {"sofa" : 1,  "begin" : 286,  "end" : 293 }, 
        {"sofa" : 1,  "begin" : 294,  "end" : 300 }, 
        {"sofa" : 1,  "begin" : 300,  "end" : 301 }, 
        {"sofa" : 1,  "begin" : 302,  "end" : 306 }, 
        {"sofa" : 1,  "begin" : 307,  "end" : 309 }, 
        {"sofa" : 1,  "begin" : 310,  "end" : 315 }, 
        {"sofa" : 1,  "begin" : 316,  "end" : 323 }, 
        {"sofa" : 1,  "begin" : 324,  "end" : 326 }, 
        {"sofa" : 1,  "begin" : 327,  "end" : 331 }, 
        {"sofa" : 1,  "begin" : 332,  "end" : 341 }, 
        {"sofa" : 1,  "begin" : 342,  "end" : 346 }, 
        {"sofa" : 1,  "begin" : 346,  "end" : 347 }, 
        {"sofa" : 1,  "begin" : 348,  "end" : 355 }, 
        {"sofa" : 1,  "begin" : 356,  "end" : 358 }, 
        {"sofa" : 1,  "begin" : 359,  "end" : 360 }, 
        {"sofa" : 1,  "begin" : 361,  "end" : 367 }, 
        {"sofa" : 1,  "begin" : 368,  "end" : 375 }, 
        {"sofa" : 1,  "begin" : 376,  "end" : 378 }, 
        {"sofa" : 1,  "begin" : 379,  "end" : 382 }, 
        {"sofa" : 1,  "begin" : 383,  "end" : 390 }, 
        {"sofa" : 1,  "begin" : 390,  "end" : 391 }, 
        {"sofa" : 1,  "begin" : 392,  "end" : 399 }, 
        {"sofa" : 1,  "begin" : 400,  "end" : 404 }, 
        {"sofa" : 1,  "begin" : 405,  "end" : 411 }, 
        {"sofa" : 1,  "begin" : 411,  "end" : 412 }, 
        {"sofa" : 1,  "begin" : 413,  "end" : 424 }, 
        {"sofa" : 1,  "begin" : 425,  "end" : 430 }, 
        {"sofa" : 1,  "begin" : 430,  "end" : 431 }, 
        {"sofa" : 1,  "begin" : 432,  "end" : 441 }, 
        {"sofa" : 1,  "begin" : 442,  "end" : 447 }, 
        {"sofa" : 1,  "begin" : 448,  "end" : 456 }, 
        {"sofa" : 1,  "begin" : 456,  "end" : 457 }, 
        {"sofa" : 1,  "begin" : 458,  "end" : 463 }, 
        {"sofa" : 1,  "begin" : 464,  "end" : 474 }, 
        {"sofa" : 1,  "begin" : 474,  "end" : 475 }, 
        {"sofa" : 1,  "begin" : 476,  "end" : 483 }, 
        {"sofa" : 1,  "begin" : 484,  "end" : 493 }, 
        {"sofa" : 1,  "begin" : 493,  "end" : 494 }, 
        {"sofa" : 1,  "begin" : 495,  "end" : 504 }, 
        {"sofa" : 1,  "begin" : 505,  "end" : 507 }, 
        {"sofa" : 1,  "begin" : 508,  "end" : 516 }, 
        {"sofa" : 1,  "begin" : 517,  "end" : 523 }, 
        {"sofa" : 1,  "begin" : 523,  "end" : 524 }, 
        {"sofa" : 1,  "begin" : 525,  "end" : 529 }, 
        {"sofa" : 1,  "begin" : 530,  "end" : 534 }, 
        {"sofa" : 1,  "begin" : 535,  "end" : 537 }, 
        {"sofa" : 1,  "begin" : 538,  "end" : 543 }, 
        {"sofa" : 1,  "begin" : 544,  "end" : 550 }, 
        {"sofa" : 1,  "begin" : 551,  "end" : 559 }, 
        {"sofa" : 1,  "begin" : 560,  "end" : 565 }, 
        {"sofa" : 1,  "begin" : 565,  "end" : 566 }, 
        {"sofa" : 1,  "begin" : 567,  "end" : 570 }, 
        {"sofa" : 1,  "begin" : 571,  "end" : 578 }, 
        {"sofa" : 1,  "begin" : 579,  "end" : 581 }, 
        {"sofa" : 1,  "begin" : 582,  "end" : 587 }, 
        {"sofa" : 1,  "begin" : 588,  "end" : 596 }, 
        {"sofa" : 1,  "begin" : 597,  "end" : 600 }, 
        {"sofa" : 1,  "begin" : 601,  "end" : 604 }, 
        {"sofa" : 1,  "begin" : 605,  "end" : 612 }, 
        {"sofa" : 1,  "begin" : 612,  "end" : 613 }, 
        {"sofa" : 1,  "begin" : 614,  "end" : 616 }, 
        {"sofa" : 1,  "begin" : 617,  "end" : 625 }, 
        {"sofa" : 1,  "begin" : 626,  "end" : 630 }, 
        {"sofa" : 1,  "begin" : 630,  "end" : 631 }, 
        {"sofa" : 1,  "begin" : 632,  "end" : 636 }, 
        {"sofa" : 1,  "begin" : 637,  "end" : 642 }, 
        {"sofa" : 1,  "begin" : 642,  "end" : 643 }, 
        {"sofa" : 1,  "begin" : 644,  "end" : 647 }, 
        {"sofa" : 1,  "begin" : 648,  "end" : 652 }, 
        {"sofa" : 1,  "begin" : 653,  "end" : 661 }, 
        {"sofa" : 1,  "begin" : 661,  "end" : 662 }, 
        {"sofa" : 1,  "begin" : 663,  "end" : 666 }, 
        {"sofa" : 1,  "begin" : 667,  "end" : 672 }, 
        {"sofa" : 1,  "begin" : 673,  "end" : 678 }, 
        {"sofa" : 1,  "begin" : 679,  "end" : 681 }, 
        {"sofa" : 1,  "begin" : 682,  "end" : 686 }, 
        {"sofa" : 1,  "begin" : 687,  "end" : 690 }, 
        {"sofa" : 1,  "begin" : 691,  "end" : 696 }, 
        {"sofa" : 1,  "begin" : 697,  "end" : 704 }, 
        {"sofa" : 1,  "begin" : 704,  "end" : 705 }, 
        {"sofa" : 1,  "begin" : 706,  "end" : 708 }, 
        {"sofa" : 1,  "begin" : 709,  "end" : 719 }, 
        {"sofa" : 1,  "begin" : 719,  "end" : 720 }, 
        {"sofa" : 1,  "begin" : 721,  "end" : 725 }, 
        {"sofa" : 1,  "begin" : 726,  "end" : 735 }, 
        {"sofa" : 1,  "begin" : 736,  "end" : 744 }, 
        {"sofa" : 1,  "begin" : 745,  "end" : 750 }, 
        {"sofa" : 1,  "begin" : 750,  "end" : 751 }, 
        {"sofa" : 1,  "begin" : 752,  "end" : 753 }, 
        {"sofa" : 1,  "begin" : 754,  "end" : 761 }, 
        {"sofa" : 1,  "begin" : 762,  "end" : 764 }, 
        {"sofa" : 1,  "begin" : 765,  "end" : 772 }, 
        {"sofa" : 1,  "begin" : 773,  "end" : 776 }, 
        {"sofa" : 1,  "begin" : 777,  "end" : 785 }, 
        {"sofa" : 1,  "begin" : 786,  "end" : 795 }, 
        {"sofa" : 1,  "begin" : 795,  "end" : 796 }, 
        {"sofa" : 1,  "begin" : 797,  "end" : 799 }, 
        {"sofa" : 1,  "begin" : 800,  "end" : 808 }, 
        {"sofa" : 1,  "begin" : 809,  "end" : 820 }, 
        {"sofa" : 1,  "begin" : 821,  "end" : 825 }, 
        {"sofa" : 1,  "begin" : 826,  "end" : 834 }, 
        {"sofa" : 1,  "begin" : 835,  "end" : 840 }, 
        {"sofa" : 1,  "begin" : 840,  "end" : 841 }, 
        {"sofa" : 1,  "begin" : 842,  "end" : 844 }, 
        {"sofa" : 1,  "begin" : 845,  "end" : 849 }, 
        {"sofa" : 1,  "begin" : 850,  "end" : 851 }, 
        {"sofa" : 1,  "begin" : 851,  "end" : 852 }, 
        {"sofa" : 1,  "begin" : 852,  "end" : 857 }, 
        {"sofa" : 1,  "begin" : 857,  "end" : 858 }, 
        {"sofa" : 1,  "begin" : 859,  "end" : 863 }, 
        {"sofa" : 1,  "begin" : 864,  "end" : 870 }, 
        {"sofa" : 1,  "begin" : 871,  "end" : 872 }, 
        {"sofa" : 1,  "begin" : 873,  "end" : 874 }, 
        {"sofa" : 1,  "begin" : 875,  "end" : 878 }, 
        {"sofa" : 1,  "begin" : 879,  "end" : 883 }, 
        {"sofa" : 1,  "begin" : 883,  "end" : 884 }, 
        {"sofa" : 1,  "begin" : 885,  "end" : 888 }, 
        {"sofa" : 1,  "begin" : 889,  "end" : 892 }, 
        {"sofa" : 1,  "begin" : 893,  "end" : 895 }, 
        {"sofa" : 1,  "begin" : 896,  "end" : 905 }, 
        {"sofa" : 1,  "begin" : 906,  "end" : 912 }, 
        {"sofa" : 1,  "begin" : 913,  "end" : 916 }, 
        {"sofa" : 1,  "begin" : 917,  "end" : 921 }, 
        {"sofa" : 1,  "begin" : 921,  "end" : 922 }, 
        {"sofa" : 1,  "begin" : 923,  "end" : 926 }, 
        {"sofa" : 1,  "begin" : 926,  "end" : 927 }, 
        {"sofa" : 1,  "begin" : 928,  "end" : 931 }, 
        {"sofa" : 1,  "begin" : 931,  "end" : 932 }, 
        {"sofa" : 1,  "begin" : 933,  "end" : 940 }, 
        {"sofa" : 1,  "begin" : 941,  "end" : 942 }, 
        {"sofa" : 1,  "begin" : 943,  "end" : 945 }, 
        {"sofa" : 1,  "begin" : 946,  "end" : 952 }, 
        {"sofa" : 1,  "begin" : 953,  "end" : 954 }, 
        {"sofa" : 1,  "begin" : 955,  "end" : 964 }, 
        {"sofa" : 1,  "begin" : 965,  "end" : 967 }, 
        {"sofa" : 1,  "begin" : 968,  "end" : 972 }, 
        {"sofa" : 1,  "begin" : 973,  "end" : 979 }, 
        {"sofa" : 1,  "begin" : 979,  "end" : 980 }, 
        {"sofa" : 1,  "begin" : 981,  "end" : 987 }, 
        {"sofa" : 1,  "begin" : 988,  "end" : 995 }, 
        {"sofa" : 1,  "begin" : 996,  "end" : 1001 }, 
        {"sofa" : 1,  "begin" : 1002,  "end" : 1005 }, 
        {"sofa" : 1,  "begin" : 1006,  "end" : 1009 }, 
        {"sofa" : 1,  "begin" : 1010,  "end" : 1018 }, 
        {"sofa" : 1,  "begin" : 1019,  "end" : 1021 }, 
        {"sofa" : 1,  "begin" : 1022,  "end" : 1025 }, 
        {"sofa" : 1,  "begin" : 1026,  "end" : 1031 }, 
        {"sofa" : 1,  "begin" : 1032,  "end" : 1036 }, 
        {"sofa" : 1,  "begin" : 1037,  "end" : 1044 }, 
        {"sofa" : 1,  "begin" : 1044,  "end" : 1045 }, 
        {"sofa" : 1,  "begin" : 1046,  "end" : 1050 }, 
        {"sofa" : 1,  "begin" : 1051,  "end" : 1052 }, 
        {"sofa" : 1,  "begin" : 1053,  "end" : 1057 }, 
        {"sofa" : 1,  "begin" : 1058,  "end" : 1063 }, 
        {"sofa" : 1,  "begin" : 1064,  "end" : 1067 }, 
        {"sofa" : 1,  "begin" : 1068,  "end" : 1072 }, 
        {"sofa" : 1,  "begin" : 1072,  "end" : 1073 }, 
        {"sofa" : 1,  "begin" : 1074,  "end" : 1075 }, 
        {"sofa" : 1,  "begin" : 1076,  "end" : 1080 }, 
        {"sofa" : 1,  "begin" : 1081,  "end" : 1089 }, 
        {"sofa" : 1,  "begin" : 1090,  "end" : 1099 }, 
        {"sofa" : 1,  "begin" : 1099,  "end" : 1100 }, 
        {"sofa" : 1,  "begin" : 1101,  "end" : 1106 }, 
        {"sofa" : 1,  "begin" : 1107,  "end" : 1112 }, 
        {"sofa" : 1,  "begin" : 1113,  "end" : 1116 }, 
        {"sofa" : 1,  "begin" : 1117,  "end" : 1120 }, 
        {"sofa" : 1,  "begin" : 1121,  "end" : 1127 }, 
        {"sofa" : 1,  "begin" : 1127,  "end" : 1128 }, 
        {"sofa" : 1,  "begin" : 1130,  "end" : 1137 }, 
        {"sofa" : 1,  "begin" : 1138,  "end" : 1143 }, 
        {"sofa" : 1,  "begin" : 1144,  "end" : 1147 }, 
        {"sofa" : 1,  "begin" : 1148,  "end" : 1153 }, 
        {"sofa" : 1,  "begin" : 1154,  "end" : 1159 }, 
        {"sofa" : 1,  "begin" : 1160,  "end" : 1163 }, 
        {"sofa" : 1,  "begin" : 1164,  "end" : 1169 }, 
        {"sofa" : 1,  "begin" : 1169,  "end" : 1170 }, 
        {"sofa" : 1,  "begin" : 1171,  "end" : 1174 }, 
        {"sofa" : 1,  "begin" : 1175,  "end" : 1179 }, 
        {"sofa" : 1,  "begin" : 1180,  "end" : 1184 }, 
        {"sofa" : 1,  "begin" : 1185,  "end" : 1188 }, 
        {"sofa" : 1,  "begin" : 1188,  "end" : 1189 }, 
        {"sofa" : 1,  "begin" : 1190,  "end" : 1195 }, 
        {"sofa" : 1,  "begin" : 1195,  "end" : 1196 }, 
        {"sofa" : 1,  "begin" : 1197,  "end" : 1198 }, 
        {"sofa" : 1,  "begin" : 1198,  "end" : 1199 }, 
        {"sofa" : 1,  "begin" : 1200,  "end" : 1205 }, 
        {"sofa" : 1,  "begin" : 1205,  "end" : 1206 }, 
        {"sofa" : 1,  "begin" : 1207,  "end" : 1208 }, 
        {"sofa" : 1,  "begin" : 1208,  "end" : 1209 }, 
        {"sofa" : 1,  "begin" : 1210,  "end" : 1218 }, 
        {"sofa" : 1,  "begin" : 1219,  "end" : 1225 }, 
        {"sofa" : 1,  "begin" : 1225,  "end" : 1226 }, 
        {"sofa" : 1,  "begin" : 1227,  "end" : 1234 }, 
        {"sofa" : 1,  "begin" : 1234,  "end" : 1235 }, 
        {"sofa" : 1,  "begin" : 1236,  "end" : 1246 }, 
        {"sofa" : 1,  "begin" : 1246,  "end" : 1247 }, 
        {"sofa" : 1,  "begin" : 1248,  "end" : 1258 }, 
        {"sofa" : 1,  "begin" : 1258,  "end" : 1259 }, 
        {"sofa" : 1,  "begin" : 1260,  "end" : 1268 }, 
        {"sofa" : 1,  "begin" : 1269,  "end" : 1271 }, 
        {"sofa" : 1,  "begin" : 1272,  "end" : 1278 }, 
        {"sofa" : 1,  "begin" : 1278,  "end" : 1279 }, 
        {"sofa" : 1,  "begin" : 1280,  "end" : 1288 }, 
        {"sofa" : 1,  "begin" : 1289,  "end" : 1291 }, 
        {"sofa" : 1,  "begin" : 1292,  "end" : 1293 }, 
        {"sofa" : 1,  "begin" : 1294,  "end" : 1301 }, 
        {"sofa" : 1,  "begin" : 1302,  "end" : 1304 }, 
        {"sofa" : 1,  "begin" : 1305,  "end" : 1313 }, 
        {"sofa" : 1,  "begin" : 1314,  "end" : 1321 }, 
        {"sofa" : 1,  "begin" : 1321,  "end" : 1322 }, 
        {"sofa" : 1,  "begin" : 1323,  "end" : 1324 }, 
        {"sofa" : 1,  "begin" : 1325,  "end" : 1329 }, 
        {"sofa" : 1,  "begin" : 1330,  "end" : 1336 }, 
        {"sofa" : 1,  "begin" : 1337,  "end" : 1340 }, 
        {"sofa" : 1,  "begin" : 1340,  "end" : 1341 }, 
        {"sofa" : 1,  "begin" : 1342,  "end" : 1349 }, 
        {"sofa" : 1,  "begin" : 1350,  "end" : 1353 }, 
        {"sofa" : 1,  "begin" : 1354,  "end" : 1360 }, 
        {"sofa" : 1,  "begin" : 1360,  "end" : 1361 }, 
        {"sofa" : 1,  "begin" : 1362,  "end" : 1365 }, 
        {"sofa" : 1,  "begin" : 1366,  "end" : 1371 }, 
        {"sofa" : 1,  "begin" : 1372,  "end" : 1376 }, 
        {"sofa" : 1,  "begin" : 1376,  "end" : 1377 }, 
        {"sofa" : 1,  "begin" : 1378,  "end" : 1384 }, 
        {"sofa" : 1,  "begin" : 1385,  "end" : 1391 }, 
        {"sofa" : 1,  "begin" : 1391,  "end" : 1392 }, 
        {"sofa" : 1,  "begin" : 1393,  "end" : 1396 }, 
        {"sofa" : 1,  "begin" : 1397,  "end" : 1402 }, 
        {"sofa" : 1,  "begin" : 1403,  "end" : 1407 }, 
        {"sofa" : 1,  "begin" : 1408,  "end" : 1415 }, 
        {"sofa" : 1,  "begin" : 1416,  "end" : 1424 }, 
        {"sofa" : 1,  "begin" : 1424,  "end" : 1425 }, 
        {"sofa" : 1,  "begin" : 1426,  "end" : 1429 }, 
        {"sofa" : 1,  "begin" : 1430,  "end" : 1433 }, 
        {"sofa" : 1,  "begin" : 1434,  "end" : 1438 }, 
        {"sofa" : 1,  "begin" : 1439,  "end" : 1446 }, 
        {"sofa" : 1,  "begin" : 1447,  "end" : 1451 }, 
        {"sofa" : 1,  "begin" : 1452,  "end" : 1459 }, 
        {"sofa" : 1,  "begin" : 1459,  "end" : 1460 }, 
        {"sofa" : 1,  "begin" : 1461,  "end" : 1468 }, 
        {"sofa" : 1,  "begin" : 1469,  "end" : 1473 }, 
        {"sofa" : 1,  "begin" : 1474,  "end" : 1475 }, 
        {"sofa" : 1,  "begin" : 1476,  "end" : 1482 }, 
        {"sofa" : 1,  "begin" : 1483,  "end" : 1490 }, 
        {"sofa" : 1,  "begin" : 1491,  "end" : 1496 }, 
        {"sofa" : 1,  "begin" : 1497,  "end" : 1501 }, 
        {"sofa" : 1,  "begin" : 1502,  "end" : 1509 }, 
        {"sofa" : 1,  "begin" : 1509,  "end" : 1510 }, 
        {"sofa" : 1,  "begin" : 1511,  "end" : 1513 }, 
        {"sofa" : 1,  "begin" : 1514,  "end" : 1519 }, 
        {"sofa" : 1,  "begin" : 1520,  "end" : 1524 }, 
        {"sofa" : 1,  "begin" : 1525,  "end" : 1526 }, 
        {"sofa" : 1,  "begin" : 1527,  "end" : 1533 }, 
        {"sofa" : 1,  "begin" : 1534,  "end" : 1536 }, 
        {"sofa" : 1,  "begin" : 1537,  "end" : 1544 }, 
        {"sofa" : 1,  "begin" : 1544,  "end" : 1545 }, 
        {"sofa" : 1,  "begin" : 1546,  "end" : 1548 }, 
        {"sofa" : 1,  "begin" : 1549,  "end" : 1554 }, 
        {"sofa" : 1,  "begin" : 1555,  "end" : 1559 }, 
        {"sofa" : 1,  "begin" : 1560,  "end" : 1561 }, 
        {"sofa" : 1,  "begin" : 1562,  "end" : 1565 }, 
        {"sofa" : 1,  "begin" : 1566,  "end" : 1568 }, 
        {"sofa" : 1,  "begin" : 1569,  "end" : 1577 }, 
        {"sofa" : 1,  "begin" : 1577,  "end" : 1578 }, 
        {"sofa" : 1,  "begin" : 1579,  "end" : 1587 }, 
        {"sofa" : 1,  "begin" : 1588,  "end" : 1593 }, 
        {"sofa" : 1,  "begin" : 1594,  "end" : 1598 }, 
        {"sofa" : 1,  "begin" : 1599,  "end" : 1604 }, 
        {"sofa" : 1,  "begin" : 1604,  "end" : 1605 }, 
        {"sofa" : 1,  "begin" : 1606,  "end" : 1609 }, 
        {"sofa" : 1,  "begin" : 1610,  "end" : 1616 }, 
        {"sofa" : 1,  "begin" : 1617,  "end" : 1626 }, 
        {"sofa" : 1,  "begin" : 1627,  "end" : 1635 }, 
        {"sofa" : 1,  "begin" : 1636,  "end" : 1640 }, 
        {"sofa" : 1,  "begin" : 1641,  "end" : 1647 }, 
        {"sofa" : 1,  "begin" : 1648,  "end" : 1651 }, 
        {"sofa" : 1,  "begin" : 1652,  "end" : 1657 }, 
        {"sofa" : 1,  "begin" : 1657,  "end" : 1658 }, 
        {"sofa" : 1,  "begin" : 1659,  "end" : 1660 }, 
        {"sofa" : 1,  "begin" : 1660,  "end" : 1661 }, 
        {"sofa" : 1,  "begin" : 1662,  "end" : 1665 }, 
        {"sofa" : 1,  "begin" : 1665,  "end" : 1666 }, 
        {"sofa" : 1,  "begin" : 1667,  "end" : 1671 }, 
        {"sofa" : 1,  "begin" : 1672,  "end" : 1677 }, 
        {"sofa" : 1,  "begin" : 1678,  "end" : 1681 }, 
        {"sofa" : 1,  "begin" : 1682,  "end" : 1684 }, 
        {"sofa" : 1,  "begin" : 1685,  "end" : 1689 }, 
        {"sofa" : 1,  "begin" : 1690,  "end" : 1691 }, 
        {"sofa" : 1,  "begin" : 1692,  "end" : 1696 }, 
        {"sofa" : 1,  "begin" : 1697,  "end" : 1705 }, 
        {"sofa" : 1,  "begin" : 1705,  "end" : 1706 }, 
        {"sofa" : 1,  "begin" : 1707,  "end" : 1709 }, 
        {"sofa" : 1,  "begin" : 1710,  "end" : 1714 }, 
        {"sofa" : 1,  "begin" : 1714,  "end" : 1715 }, 
        {"sofa" : 1,  "begin" : 1716,  "end" : 1720 }, 
        {"sofa" : 1,  "begin" : 1721,  "end" : 1723 }, 
        {"sofa" : 1,  "begin" : 1724,  "end" : 1729 }, 
        {"sofa" : 1,  "begin" : 1730,  "end" : 1732 }, 
        {"sofa" : 1,  "begin" : 1733,  "end" : 1736 }, 
        {"sofa" : 1,  "begin" : 1737,  "end" : 1743 }, 
        {"sofa" : 1,  "begin" : 1744,  "end" : 1750 }, 
        {"sofa" : 1,  "begin" : 1751,  "end" : 1756 }, 
        {"sofa" : 1,  "begin" : 1756,  "end" : 1757 }, 
        {"sofa" : 1,  "begin" : 1758,  "end" : 1765 }, 
        {"sofa" : 1,  "begin" : 1766,  "end" : 1769 }, 
        {"sofa" : 1,  "begin" : 1770,  "end" : 1777 }, 
        {"sofa" : 1,  "begin" : 1778,  "end" : 1784 }, 
        {"sofa" : 1,  "begin" : 1785,  "end" : 1790 }, 
        {"sofa" : 1,  "begin" : 1791,  "end" : 1793 }, 
        {"sofa" : 1,  "begin" : 1794,  "end" : 1800 }, 
        {"sofa" : 1,  "begin" : 1801,  "end" : 1803 }, 
        {"sofa" : 1,  "begin" : 1804,  "end" : 1815 }, 
        {"sofa" : 1,  "begin" : 1816,  "end" : 1820 }, 
        {"sofa" : 1,  "begin" : 1821,  "end" : 1826 }, 
        {"sofa" : 1,  "begin" : 1826,  "end" : 1827 }, 
        {"sofa" : 1,  "begin" : 1828,  "end" : 1832 }, 
        {"sofa" : 1,  "begin" : 1833,  "end" : 1837 }, 
        {"sofa" : 1,  "begin" : 1838,  "end" : 1841 }, 
        {"sofa" : 1,  "begin" : 1842,  "end" : 1846 }, 
        {"sofa" : 1,  "begin" : 1847,  "end" : 1855 }, 
        {"sofa" : 1,  "begin" : 1855,  "end" : 1856 }, 
        {"sofa" : 1,  "begin" : 1857,  "end" : 1865 }, 
        {"sofa" : 1,  "begin" : 1865,  "end" : 1866 }, 
        {"sofa" : 1,  "begin" : 1867,  "end" : 1871 }, 
        {"sofa" : 1,  "begin" : 1872,  "end" : 1880 }, 
        {"sofa" : 1,  "begin" : 1880,  "end" : 1881 }, 
        {"sofa" : 1,  "begin" : 1882,  "end" : 1887 }, 
        {"sofa" : 1,  "begin" : 1888,  "end" : 1894 }, 
        {"sofa" : 1,  "begin" : 1894,  "end" : 1895 }, 
        {"sofa" : 1,  "begin" : 1896,  "end" : 1899 }, 
        {"sofa" : 1,  "begin" : 1900,  "end" : 1905 }, 
        {"sofa" : 1,  "begin" : 1905,  "end" : 1906 }, 
        {"sofa" : 1,  "begin" : 1907,  "end" : 1910 }, 
        {"sofa" : 1,  "begin" : 1911,  "end" : 1914 }, 
        {"sofa" : 1,  "begin" : 1915,  "end" : 1917 }, 
        {"sofa" : 1,  "begin" : 1917,  "end" : 1918 }, 
        {"sofa" : 1,  "begin" : 1919,  "end" : 1930 }, 
        {"sofa" : 1,  "begin" : 1931,  "end" : 1935 }, 
        {"sofa" : 1,  "begin" : 1936,  "end" : 1944 }, 
        {"sofa" : 1,  "begin" : 1944,  "end" : 1945 }, 
        {"sofa" : 1,  "begin" : 1946,  "end" : 1949 }, 
        {"sofa" : 1,  "begin" : 1950,  "end" : 1954 }, 
        {"sofa" : 1,  "begin" : 1955,  "end" : 1959 }, 
        {"sofa" : 1,  "begin" : 1960,  "end" : 1964 }, 
        {"sofa" : 1,  "begin" : 1965,  "end" : 1969 }, 
        {"sofa" : 1,  "begin" : 1970,  "end" : 1975 }, 
        {"sofa" : 1,  "begin" : 1976,  "end" : 1979 }, 
        {"sofa" : 1,  "begin" : 1980,  "end" : 1986 }, 
        {"sofa" : 1,  "begin" : 1986,  "end" : 1987 }, 
        {"sofa" : 1,  "begin" : 1988,  "end" : 1992 }, 
        {"sofa" : 1,  "begin" : 1993,  "end" : 1995 }, 
        {"sofa" : 1,  "begin" : 1996,  "end" : 2000 }, 
        {"sofa" : 1,  "begin" : 2001,  "end" : 2007 }, 
        {"sofa" : 1,  "begin" : 2008,  "end" : 2011 }, 
        {"sofa" : 1,  "begin" : 2012,  "end" : 2015 }, 
        {"sofa" : 1,  "begin" : 2016,  "end" : 2018 }, 
        {"sofa" : 1,  "begin" : 2019,  "end" : 2026 }, 
        {"sofa" : 1,  "begin" : 2026,  "end" : 2027 }, 
        {"sofa" : 1,  "begin" : 2028,  "end" : 2032 }, 
        {"sofa" : 1,  "begin" : 2033,  "end" : 2037 }, 
        {"sofa" : 1,  "begin" : 2038,  "end" : 2041 }, 
        {"sofa" : 1,  "begin" : 2042,  "end" : 2047 }, 
        {"sofa" : 1,  "begin" : 2048,  "end" : 2050 }, 
        {"sofa" : 1,  "begin" : 2051,  "end" : 2057 }, 
        {"sofa" : 1,  "begin" : 2058,  "end" : 2060 }, 
        {"sofa" : 1,  "begin" : 2061,  "end" : 2063 }, 
        {"sofa" : 1,  "begin" : 2064,  "end" : 2070 }, 
        {"sofa" : 1,  "begin" : 2071,  "end" : 2076 }, 
        {"sofa" : 1,  "begin" : 2076,  "end" : 2077 }, 
        {"sofa" : 1,  "begin" : 2079,  "end" : 2082 }, 
        {"sofa" : 1,  "begin" : 2082,  "end" : 2083 }, 
        {"sofa" : 1,  "begin" : 2084,  "end" : 2088 }, 
        {"sofa" : 1,  "begin" : 2089,  "end" : 2092 }, 
        {"sofa" : 1,  "begin" : 2093,  "end" : 2095 }, 
        {"sofa" : 1,  "begin" : 2096,  "end" : 2102 }, 
        {"sofa" : 1,  "begin" : 2103,  "end" : 2108 }, 
        {"sofa" : 1,  "begin" : 2109,  "end" : 2119 }, 
        {"sofa" : 1,  "begin" : 2120,  "end" : 2124 }, 
        {"sofa" : 1,  "begin" : 2124,  "end" : 2125 }, 
        {"sofa" : 1,  "begin" : 2126,  "end" : 2129 }, 
        {"sofa" : 1,  "begin" : 2130,  "end" : 2132 }, 
        {"sofa" : 1,  "begin" : 2133,  "end" : 2135 }, 
        {"sofa" : 1,  "begin" : 2136,  "end" : 2143 }, 
        {"sofa" : 1,  "begin" : 2144,  "end" : 2145 }, 
        {"sofa" : 1,  "begin" : 2146,  "end" : 2154 }, 
        {"sofa" : 1,  "begin" : 2154,  "end" : 2155 }, 
        {"sofa" : 1,  "begin" : 2157,  "end" : 2161 }, 
        {"sofa" : 1,  "begin" : 2161,  "end" : 2162 }, 
        {"sofa" : 1,  "begin" : 2163,  "end" : 2164 }, 
        {"sofa" : 1,  "begin" : 2165,  "end" : 2167 }, 
        {"sofa" : 1,  "begin" : 2168,  "end" : 2170 }, 
        {"sofa" : 1,  "begin" : 2171,  "end" : 2175 }, 
        {"sofa" : 1,  "begin" : 2175,  "end" : 2176 }, 
        {"sofa" : 1,  "begin" : 2177,  "end" : 2180 }, 
        {"sofa" : 1,  "begin" : 2181,  "end" : 2185 }, 
        {"sofa" : 1,  "begin" : 2186,  "end" : 2188 }, 
        {"sofa" : 1,  "begin" : 2189,  "end" : 2191 }, 
        {"sofa" : 1,  "begin" : 2192,  "end" : 2199 }, 
        {"sofa" : 1,  "begin" : 2199,  "end" : 2200 }, 
        {"sofa" : 1,  "begin" : 2201,  "end" : 2204 }, 
        {"sofa" : 1,  "begin" : 2205,  "end" : 2210 }, 
        {"sofa" : 1,  "begin" : 2211,  "end" : 2213 }, 
        {"sofa" : 1,  "begin" : 2214,  "end" : 2221 }, 
        {"sofa" : 1,  "begin" : 2221,  "end" : 2222 }, 
        {"sofa" : 1,  "begin" : 2223,  "end" : 2226 }, 
        {"sofa" : 1,  "begin" : 2227,  "end" : 2238 }, 
        {"sofa" : 1,  "begin" : 2239,  "end" : 2244 }, 
        {"sofa" : 1,  "begin" : 2244,  "end" : 2245 }, 
        {"sofa" : 1,  "begin" : 2246,  "end" : 2248 }, 
        {"sofa" : 1,  "begin" : 2249,  "end" : 2258 }, 
        {"sofa" : 1,  "begin" : 2259,  "end" : 2265 }, 
        {"sofa" : 1,  "begin" : 2265,  "end" : 2266 }, 
        {"sofa" : 1,  "begin" : 2267,  "end" : 2270 }, 
        {"sofa" : 1,  "begin" : 2271,  "end" : 2280 }, 
        {"sofa" : 1,  "begin" : 2281,  "end" : 2289 }, 
        {"sofa" : 1,  "begin" : 2289,  "end" : 2290 }, 
        {"sofa" : 1,  "begin" : 2291,  "end" : 2294 }, 
        {"sofa" : 1,  "begin" : 2295,  "end" : 2305 }, 
        {"sofa" : 1,  "begin" : 2306,  "end" : 2312 }, 
        {"sofa" : 1,  "begin" : 2312,  "end" : 2313 }, 
        {"sofa" : 1,  "begin" : 2314,  "end" : 2319 }, 
        {"sofa" : 1,  "begin" : 2320,  "end" : 2322 }, 
        {"sofa" : 1,  "begin" : 2323,  "end" : 2327 }, 
        {"sofa" : 1,  "begin" : 2328,  "end" : 2331 }, 
        {"sofa" : 1,  "begin" : 2332,  "end" : 2337 }, 
        {"sofa" : 1,  "begin" : 2337,  "end" : 2338 }, 
        {"sofa" : 1,  "begin" : 2339,  "end" : 2342 }, 
        {"sofa" : 1,  "begin" : 2343,  "end" : 2345 }, 
        {"sofa" : 1,  "begin" : 2346,  "end" : 2350 }, 
        {"sofa" : 1,  "begin" : 2351,  "end" : 2356 }, 
        {"sofa" : 1,  "begin" : 2357,  "end" : 2362 }, 
        {"sofa" : 1,  "begin" : 2363,  "end" : 2367 }, 
        {"sofa" : 1,  "begin" : 2368,  "end" : 2370 }, 
        {"sofa" : 1,  "begin" : 2371,  "end" : 2372 }, 
        {"sofa" : 1,  "begin" : 2373,  "end" : 2380 }, 
        {"sofa" : 1,  "begin" : 2380,  "end" : 2381 }, 
        {"sofa" : 1,  "begin" : 2382,  "end" : 2386 }, 
        {"sofa" : 1,  "begin" : 2387,  "end" : 2390 }, 
        {"sofa" : 1,  "begin" : 2391,  "end" : 2395 }, 
        {"sofa" : 1,  "begin" : 2396,  "end" : 2400 }, 
        {"sofa" : 1,  "begin" : 2401,  "end" : 2405 }, 
        {"sofa" : 1,  "begin" : 2406,  "end" : 2418 }, 
        {"sofa" : 1,  "begin" : 2419,  "end" : 2421 }, 
        {"sofa" : 1,  "begin" : 2422,  "end" : 2426 }, 
        {"sofa" : 1,  "begin" : 2426,  "end" : 2427 }, 
        {"sofa" : 1,  "begin" : 2428,  "end" : 2431 }, 
        {"sofa" : 1,  "begin" : 2431,  "end" : 2432 }, 
        {"sofa" : 1,  "begin" : 2433,  "end" : 2441 }, 
        {"sofa" : 1,  "begin" : 2442,  "end" : 2444 }, 
        {"sofa" : 1,  "begin" : 2445,  "end" : 2448 }, 
        {"sofa" : 1,  "begin" : 2449,  "end" : 2452 }, 
        {"sofa" : 1,  "begin" : 2453,  "end" : 2459 }, 
        {"sofa" : 1,  "begin" : 2459,  "end" : 2460 }, 
        {"sofa" : 1,  "begin" : 2461,  "end" : 2465 }, 
        {"sofa" : 1,  "begin" : 2466,  "end" : 2473 }, 
        {"sofa" : 1,  "begin" : 2474,  "end" : 2478 }, 
        {"sofa" : 1,  "begin" : 2479,  "end" : 2482 }, 
        {"sofa" : 1,  "begin" : 2483,  "end" : 2488 }, 
        {"sofa" : 1,  "begin" : 2489,  "end" : 2493 }, 
        {"sofa" : 1,  "begin" : 2493,  "end" : 2494 }, 
        {"sofa" : 1,  "begin" : 2495,  "end" : 2499 }, 
        {"sofa" : 1,  "begin" : 2500,  "end" : 2503 }, 
        {"sofa" : 1,  "begin" : 2504,  "end" : 2511 }, 
        {"sofa" : 1,  "begin" : 2512,  "end" : 2519 }, 
        {"sofa" : 1,  "begin" : 2520,  "end" : 2524 }, 
        {"sofa" : 1,  "begin" : 2525,  "end" : 2530 }, 
        {"sofa" : 1,  "begin" : 2531,  "end" : 2541 }, 
        {"sofa" : 1,  "begin" : 2541,  "end" : 2542 }, 
        {"sofa" : 1,  "begin" : 2543,  "end" : 2546 }, 
        {"sofa" : 1,  "begin" : 2547,  "end" : 2551 }, 
        {"sofa" : 1,  "begin" : 2552,  "end" : 2555 }, 
        {"sofa" : 1,  "begin" : 2556,  "end" : 2561 }, 
        {"sofa" : 1,  "begin" : 2562,  "end" : 2567 }, 
        {"sofa" : 1,  "begin" : 2567,  "end" : 2568 }, 
        {"sofa" : 1,  "begin" : 2569,  "end" : 2572 }, 
        {"sofa" : 1,  "begin" : 2573,  "end" : 2577 }, 
        {"sofa" : 1,  "begin" : 2578,  "end" : 2581 }, 
        {"sofa" : 1,  "begin" : 2582,  "end" : 2591 }, 
        {"sofa" : 1,  "begin" : 2592,  "end" : 2594 }, 
        {"sofa" : 1,  "begin" : 2595,  "end" : 2596 }, 
        {"sofa" : 1,  "begin" : 2597,  "end" : 2603 }, 
        {"sofa" : 1,  "begin" : 2604,  "end" : 2609 }, 
        {"sofa" : 1,  "begin" : 2610,  "end" : 2614 }, 
        {"sofa" : 1,  "begin" : 2614,  "end" : 2615 }, 
        {"sofa" : 1,  "begin" : 2616,  "end" : 2621 }, 
        {"sofa" : 1,  "begin" : 2622,  "end" : 2625 }, 
        {"sofa" : 1,  "begin" : 2626,  "end" : 2634 }, 
        {"sofa" : 1,  "begin" : 2635,  "end" : 2642 }, 
        {"sofa" : 1,  "begin" : 2642,  "end" : 2643 }, 
        {"sofa" : 1,  "begin" : 2644,  "end" : 2647 }, 
        {"sofa" : 1,  "begin" : 2648,  "end" : 2656 }, 
        {"sofa" : 1,  "begin" : 2657,  "end" : 2661 }, 
        {"sofa" : 1,  "begin" : 2661,  "end" : 2662 }, 
        {"sofa" : 1,  "begin" : 2663,  "end" : 2667 }, 
        {"sofa" : 1,  "begin" : 2668,  "end" : 2672 }, 
        {"sofa" : 1,  "begin" : 2673,  "end" : 2675 }, 
        {"sofa" : 1,  "begin" : 2676,  "end" : 2683 }, 
        {"sofa" : 1,  "begin" : 2684,  "end" : 2689 }, 
        {"sofa" : 1,  "begin" : 2689,  "end" : 2690 }, 
        {"sofa" : 1,  "begin" : 2692,  "end" : 2695 }, 
        {"sofa" : 1,  "begin" : 2695,  "end" : 2696 }, 
        {"sofa" : 1,  "begin" : 2697,  "end" : 2698 }, 
        {"sofa" : 1,  "begin" : 2698,  "end" : 2699 }, 
        {"sofa" : 1,  "begin" : 2700,  "end" : 2705 }, 
        {"sofa" : 1,  "begin" : 2706,  "end" : 2707 }, 
        {"sofa" : 1,  "begin" : 2707,  "end" : 2708 }, 
        {"sofa" : 1,  "begin" : 2709,  "end" : 2712 }, 
        {"sofa" : 1,  "begin" : 2713,  "end" : 2718 }, 
        {"sofa" : 1,  "begin" : 2719,  "end" : 2722 }, 
        {"sofa" : 1,  "begin" : 2723,  "end" : 2731 }, 
        {"sofa" : 1,  "begin" : 2732,  "end" : 2734 }, 
        {"sofa" : 1,  "begin" : 2735,  "end" : 2741 }, 
        {"sofa" : 1,  "begin" : 2741,  "end" : 2742 }, 
        {"sofa" : 1,  "begin" : 2743,  "end" : 2750 }, 
        {"sofa" : 1,  "begin" : 2751,  "end" : 2761 }, 
        {"sofa" : 1,  "begin" : 2762,  "end" : 2764 }, 
        {"sofa" : 1,  "begin" : 2765,  "end" : 2766 }, 
        {"sofa" : 1,  "begin" : 2767,  "end" : 2774 }, 
        {"sofa" : 1,  "begin" : 2775,  "end" : 2781 }, 
        {"sofa" : 1,  "begin" : 2781,  "end" : 2782 }, 
        {"sofa" : 1,  "begin" : 2783,  "end" : 2786 }, 
        {"sofa" : 1,  "begin" : 2787,  "end" : 2792 }, 
        {"sofa" : 1,  "begin" : 2793,  "end" : 2799 }, 
        {"sofa" : 1,  "begin" : 2800,  "end" : 2803 }, 
        {"sofa" : 1,  "begin" : 2804,  "end" : 2809 }, 
        {"sofa" : 1,  "begin" : 2809,  "end" : 2810 }, 
        {"sofa" : 1,  "begin" : 2811,  "end" : 2818 }, 
        {"sofa" : 1,  "begin" : 2819,  "end" : 2823 }, 
        {"sofa" : 1,  "begin" : 2824,  "end" : 2826 }, 
        {"sofa" : 1,  "begin" : 2827,  "end" : 2830 }, 
        {"sofa" : 1,  "begin" : 2831,  "end" : 2838 }, 
        {"sofa" : 1,  "begin" : 2839,  "end" : 2841 }, 
        {"sofa" : 1,  "begin" : 2842,  "end" : 2848 }, 
        {"sofa" : 1,  "begin" : 2848,  "end" : 2849 }, 
        {"sofa" : 1,  "begin" : 2850,  "end" : 2853 }, 
        {"sofa" : 1,  "begin" : 2854,  "end" : 2859 }, 
        {"sofa" : 1,  "begin" : 2860,  "end" : 2864 }, 
        {"sofa" : 1,  "begin" : 2864,  "end" : 2865 }, 
        {"sofa" : 1,  "begin" : 2866,  "end" : 2870 }, 
        {"sofa" : 1,  "begin" : 2871,  "end" : 2875 }, 
        {"sofa" : 1,  "begin" : 2876,  "end" : 2882 }, 
        {"sofa" : 1,  "begin" : 2883,  "end" : 2889 }, 
        {"sofa" : 1,  "begin" : 2889,  "end" : 2890 }, 
        {"sofa" : 1,  "begin" : 2891,  "end" : 2894 }, 
        {"sofa" : 1,  "begin" : 2895,  "end" : 2899 }, 
        {"sofa" : 1,  "begin" : 2900,  "end" : 2906 }, 
        {"sofa" : 1,  "begin" : 2907,  "end" : 2914 }, 
        {"sofa" : 1,  "begin" : 2915,  "end" : 2919 }, 
        {"sofa" : 1,  "begin" : 2920,  "end" : 2925 }, 
        {"sofa" : 1,  "begin" : 2926,  "end" : 2933 }, 
        {"sofa" : 1,  "begin" : 2933,  "end" : 2934 }, 
        {"sofa" : 1,  "begin" : 2935,  "end" : 2937 }, 
        {"sofa" : 1,  "begin" : 2938,  "end" : 2941 }, 
        {"sofa" : 1,  "begin" : 2942,  "end" : 2946 }, 
        {"sofa" : 1,  "begin" : 2947,  "end" : 2953 }, 
        {"sofa" : 1,  "begin" : 2954,  "end" : 2959 }, 
        {"sofa" : 1,  "begin" : 2959,  "end" : 2960 }, 
        {"sofa" : 1,  "begin" : 2961,  "end" : 2963 }, 
        {"sofa" : 1,  "begin" : 2964,  "end" : 2967 }, 
        {"sofa" : 1,  "begin" : 2968,  "end" : 2972 }, 
        {"sofa" : 1,  "begin" : 2973,  "end" : 2974 }, 
        {"sofa" : 1,  "begin" : 2975,  "end" : 2982 }, 
        {"sofa" : 1,  "begin" : 2983,  "end" : 2989 }, 
        {"sofa" : 1,  "begin" : 2990,  "end" : 2996 }, 
        {"sofa" : 1,  "begin" : 2996,  "end" : 2997 }, 
        {"sofa" : 1,  "begin" : 2998,  "end" : 3002 }, 
        {"sofa" : 1,  "begin" : 3003,  "end" : 3010 }, 
        {"sofa" : 1,  "begin" : 3011,  "end" : 3016 }, 
        {"sofa" : 1,  "begin" : 3017,  "end" : 3020 }, 
        {"sofa" : 1,  "begin" : 3021,  "end" : 3023 }, 
        {"sofa" : 1,  "begin" : 3024,  "end" : 3026 }, 
        {"sofa" : 1,  "begin" : 3026,  "end" : 3027 }, 
        {"sofa" : 1,  "begin" : 3028,  "end" : 3029 }, 
        {"sofa" : 1,  "begin" : 3029,  "end" : 3034 }, 
        {"sofa" : 1,  "begin" : 3035,  "end" : 3037 }, 
        {"sofa" : 1,  "begin" : 3038,  "end" : 3045 }, 
        {"sofa" : 1,  "begin" : 3046,  "end" : 3052 }, 
        {"sofa" : 1,  "begin" : 3052,  "end" : 3053 }, 
        {"sofa" : 1,  "begin" : 3054,  "end" : 3058 }, 
        {"sofa" : 1,  "begin" : 3059,  "end" : 3061 }, 
        {"sofa" : 1,  "begin" : 3062,  "end" : 3065 }, 
        {"sofa" : 1,  "begin" : 3066,  "end" : 3072 }, 
        {"sofa" : 1,  "begin" : 3073,  "end" : 3078 }, 
        {"sofa" : 1,  "begin" : 3079,  "end" : 3084 }, 
        {"sofa" : 1,  "begin" : 3084,  "end" : 3085 }, 
        {"sofa" : 1,  "begin" : 3086,  "end" : 3090 }, 
        {"sofa" : 1,  "begin" : 3091,  "end" : 3097 }, 
        {"sofa" : 1,  "begin" : 3098,  "end" : 3100 }, 
        {"sofa" : 1,  "begin" : 3101,  "end" : 3106 }, 
        {"sofa" : 1,  "begin" : 3107,  "end" : 3112 }, 
        {"sofa" : 1,  "begin" : 3112,  "end" : 3113 }, 
        {"sofa" : 1,  "begin" : 3114,  "end" : 3121 }, 
        {"sofa" : 1,  "begin" : 3122,  "end" : 3127 }, 
        {"sofa" : 1,  "begin" : 3128,  "end" : 3131 }, 
        {"sofa" : 1,  "begin" : 3132,  "end" : 3137 }, 
        {"sofa" : 1,  "begin" : 3138,  "end" : 3145 }, 
        {"sofa" : 1,  "begin" : 3145,  "end" : 3146 }, 
        {"sofa" : 1,  "begin" : 3147,  "end" : 3150 }, 
        {"sofa" : 1,  "begin" : 3150,  "end" : 3151 }, 
        {"sofa" : 1,  "begin" : 3152,  "end" : 3155 }, 
        {"sofa" : 1,  "begin" : 3155,  "end" : 3156 }, 
        {"sofa" : 1,  "begin" : 3157,  "end" : 3160 }, 
        {"sofa" : 1,  "begin" : 3160,  "end" : 3161 }, 
        {"sofa" : 1,  "begin" : 3162,  "end" : 3166 }, 
        {"sofa" : 1,  "begin" : 3167,  "end" : 3168 }, 
        {"sofa" : 1,  "begin" : 3169,  "end" : 3174 }, 
        {"sofa" : 1,  "begin" : 3175,  "end" : 3177 }, 
        {"sofa" : 1,  "begin" : 3178,  "end" : 3183 }, 
        {"sofa" : 1,  "begin" : 3183,  "end" : 3184 }, 
        {"sofa" : 1,  "begin" : 3185,  "end" : 3187 }, 
        {"sofa" : 1,  "begin" : 3188,  "end" : 3192 }, 
        {"sofa" : 1,  "begin" : 3193,  "end" : 3196 }, 
        {"sofa" : 1,  "begin" : 3197,  "end" : 3199 }, 
        {"sofa" : 1,  "begin" : 3200,  "end" : 3204 }, 
        {"sofa" : 1,  "begin" : 3205,  "end" : 3216 }, 
        {"sofa" : 1,  "begin" : 3217,  "end" : 3224 }, 
        {"sofa" : 1,  "begin" : 3224,  "end" : 3225 }, 
        {"sofa" : 1,  "begin" : 3227,  "end" : 3230 }, 
        {"sofa" : 1,  "begin" : 3230,  "end" : 3231 }, 
        {"sofa" : 1,  "begin" : 3232,  "end" : 3234 }, 
        {"sofa" : 1,  "begin" : 3235,  "end" : 3237 }, 
        {"sofa" : 1,  "begin" : 3238,  "end" : 3242 }, 
        {"sofa" : 1,  "begin" : 3243,  "end" : 3248 }, 
        {"sofa" : 1,  "begin" : 3249,  "end" : 3253 }, 
        {"sofa" : 1,  "begin" : 3254,  "end" : 3256 }, 
        {"sofa" : 1,  "begin" : 3257,  "end" : 3264 }, 
        {"sofa" : 1,  "begin" : 3265,  "end" : 3268 }, 
        {"sofa" : 1,  "begin" : 3268,  "end" : 3269 }, 
        {"sofa" : 1,  "begin" : 3271,  "end" : 3274 }, 
        {"sofa" : 1,  "begin" : 3274,  "end" : 3275 }, 
        {"sofa" : 1,  "begin" : 3276,  "end" : 3279 }, 
        {"sofa" : 1,  "begin" : 3279,  "end" : 3280 }, 
        {"sofa" : 1,  "begin" : 3281,  "end" : 3285 }, 
        {"sofa" : 1,  "begin" : 3286,  "end" : 3291 }, 
        {"sofa" : 1,  "begin" : 3292,  "end" : 3298 }, 
        {"sofa" : 1,  "begin" : 3299,  "end" : 3301 }, 
        {"sofa" : 1,  "begin" : 3302,  "end" : 3306 }, 
        {"sofa" : 1,  "begin" : 3306,  "end" : 3307 }, 
        {"sofa" : 1,  "begin" : 3308,  "end" : 3313 }, 
        {"sofa" : 1,  "begin" : 3314,  "end" : 3320 }, 
        {"sofa" : 1,  "begin" : 3321,  "end" : 3323 }, 
        {"sofa" : 1,  "begin" : 3324,  "end" : 3328 }, 
        {"sofa" : 1,  "begin" : 3329,  "end" : 3331 }, 
        {"sofa" : 1,  "begin" : 3332,  "end" : 3335 }, 
        {"sofa" : 1,  "begin" : 3336,  "end" : 3341 }, 
        {"sofa" : 1,  "begin" : 3341,  "end" : 3342 }, 
        {"sofa" : 1,  "begin" : 3344,  "end" : 3347 }, 
        {"sofa" : 1,  "begin" : 3347,  "end" : 3348 }, 
        {"sofa" : 1,  "begin" : 3349,  "end" : 3351 }, 
        {"sofa" : 1,  "begin" : 3352,  "end" : 3354 }, 
        {"sofa" : 1,  "begin" : 3355,  "end" : 3358 }, 
        {"sofa" : 1,  "begin" : 3359,  "end" : 3364 }, 
        {"sofa" : 1,  "begin" : 3365,  "end" : 3368 }, 
        {"sofa" : 1,  "begin" : 3369,  "end" : 3377 }, 
        {"sofa" : 1,  "begin" : 3378,  "end" : 3381 }, 
        {"sofa" : 1,  "begin" : 3382,  "end" : 3384 }, 
        {"sofa" : 1,  "begin" : 3385,  "end" : 3392 }, 
        {"sofa" : 1,  "begin" : 3392,  "end" : 3393 }, 
        {"sofa" : 1,  "begin" : 3395,  "end" : 3398 }, 
        {"sofa" : 1,  "begin" : 3398,  "end" : 3399 }, 
        {"sofa" : 1,  "begin" : 3400,  "end" : 3406 }, 
        {"sofa" : 1,  "begin" : 3407,  "end" : 3416 }, 
        {"sofa" : 1,  "begin" : 3417,  "end" : 3423 }, 
        {"sofa" : 1,  "begin" : 3424,  "end" : 3431 }, 
        {"sofa" : 1,  "begin" : 3432,  "end" : 3438 }, 
        {"sofa" : 1,  "begin" : 3438,  "end" : 3439 }, 
        {"sofa" : 1,  "begin" : 3440,  "end" : 3445 }, 
        {"sofa" : 1,  "begin" : 3446,  "end" : 3448 }, 
        {"sofa" : 1,  "begin" : 3449,  "end" : 3455 }, 
        {"sofa" : 1,  "begin" : 3455,  "end" : 3456 }, 
        {"sofa" : 1,  "begin" : 3457,  "end" : 3461 }, 
        {"sofa" : 1,  "begin" : 3462,  "end" : 3469 }, 
        {"sofa" : 1,  "begin" : 3470,  "end" : 3477 }, 
        {"sofa" : 1,  "begin" : 3477,  "end" : 3478 }, 
        {"sofa" : 1,  "begin" : 3480,  "end" : 3483 }, 
        {"sofa" : 1,  "begin" : 3483,  "end" : 3484 }, 
        {"sofa" : 1,  "begin" : 3485,  "end" : 3487 }, 
        {"sofa" : 1,  "begin" : 3487,  "end" : 3488 }, 
        {"sofa" : 1,  "begin" : 3489,  "end" : 3491 }, 
        {"sofa" : 1,  "begin" : 3491,  "end" : 3492 }, 
        {"sofa" : 1,  "begin" : 3493,  "end" : 3495 }, 
        {"sofa" : 1,  "begin" : 3495,  "end" : 3496 }, 
        {"sofa" : 1,  "begin" : 3497,  "end" : 3499 }, 
        {"sofa" : 1,  "begin" : 3499,  "end" : 3500 }, 
        {"sofa" : 1,  "begin" : 3501,  "end" : 3505 }, 
        {"sofa" : 1,  "begin" : 3506,  "end" : 3508 }, 
        {"sofa" : 1,  "begin" : 3509,  "end" : 3511 }, 
        {"sofa" : 1,  "begin" : 3512,  "end" : 3519 }, 
        {"sofa" : 1,  "begin" : 3520,  "end" : 3522 }, 
        {"sofa" : 1,  "begin" : 3523,  "end" : 3526 }, 
        {"sofa" : 1,  "begin" : 3527,  "end" : 3533 }, 
        {"sofa" : 1,  "begin" : 3534,  "end" : 3536 }, 
        {"sofa" : 1,  "begin" : 3537,  "end" : 3540 }, 
        {"sofa" : 1,  "begin" : 3541,  "end" : 3550 }, 
        {"sofa" : 1,  "begin" : 3550,  "end" : 3551 }, 
        {"sofa" : 1,  "begin" : 3553,  "end" : 3556 }, 
        {"sofa" : 1,  "begin" : 3556,  "end" : 3557 }, 
        {"sofa" : 1,  "begin" : 3558,  "end" : 3560 }, 
        {"sofa" : 1,  "begin" : 3561,  "end" : 3562 }, 
        {"sofa" : 1,  "begin" : 3563,  "end" : 3571 }, 
        {"sofa" : 1,  "begin" : 3572,  "end" : 3574 }, 
        {"sofa" : 1,  "begin" : 3575,  "end" : 3579 }, 
        {"sofa" : 1,  "begin" : 3580,  "end" : 3584 }, 
        {"sofa" : 1,  "begin" : 3584,  "end" : 3585 }, 
        {"sofa" : 1,  "begin" : 3586,  "end" : 3588 }, 
        {"sofa" : 1,  "begin" : 3589,  "end" : 3592 }, 
        {"sofa" : 1,  "begin" : 3593,  "end" : 3596 }, 
        {"sofa" : 1,  "begin" : 3597,  "end" : 3605 }, 
        {"sofa" : 1,  "begin" : 3606,  "end" : 3609 }, 
        {"sofa" : 1,  "begin" : 3610,  "end" : 3619 }, 
        {"sofa" : 1,  "begin" : 3620,  "end" : 3625 }, 
        {"sofa" : 1,  "begin" : 3625,  "end" : 3626 }, 
        {"sofa" : 1,  "begin" : 3627,  "end" : 3631 }, 
        {"sofa" : 1,  "begin" : 3632,  "end" : 3637 }, 
        {"sofa" : 1,  "begin" : 3638,  "end" : 3642 }, 
        {"sofa" : 1,  "begin" : 3643,  "end" : 3649 }, 
        {"sofa" : 1,  "begin" : 3650,  "end" : 3653 }, 
        {"sofa" : 1,  "begin" : 3654,  "end" : 3658 }, 
        {"sofa" : 1,  "begin" : 3658,  "end" : 3659 }, 
        {"sofa" : 1,  "begin" : 3660,  "end" : 3663 }, 
        {"sofa" : 1,  "begin" : 3663,  "end" : 3664 }, 
        {"sofa" : 1,  "begin" : 3665,  "end" : 3668 }, 
        {"sofa" : 1,  "begin" : 3668,  "end" : 3669 }, 
        {"sofa" : 1,  "begin" : 3670,  "end" : 3674 }, 
        {"sofa" : 1,  "begin" : 3675,  "end" : 3684 }, 
        {"sofa" : 1,  "begin" : 3685,  "end" : 3687 }, 
        {"sofa" : 1,  "begin" : 3688,  "end" : 3696 }, 
        {"sofa" : 1,  "begin" : 3696,  "end" : 3697 }, 
        {"sofa" : 1,  "begin" : 3698,  "end" : 3701 }, 
        {"sofa" : 1,  "begin" : 3701,  "end" : 3702 }, 
        {"sofa" : 1,  "begin" : 3703,  "end" : 3707 }, 
        {"sofa" : 1,  "begin" : 3708,  "end" : 3710 }, 
        {"sofa" : 1,  "begin" : 3711,  "end" : 3714 }, 
        {"sofa" : 1,  "begin" : 3715,  "end" : 3721 }, 
        {"sofa" : 1,  "begin" : 3722,  "end" : 3730 }, 
        {"sofa" : 1,  "begin" : 3731,  "end" : 3738 }, 
        {"sofa" : 1,  "begin" : 3738,  "end" : 3739 }, 
        {"sofa" : 1,  "begin" : 3740,  "end" : 3744 }, 
        {"sofa" : 1,  "begin" : 3745,  "end" : 3747 }, 
        {"sofa" : 1,  "begin" : 3748,  "end" : 3757 }, 
        {"sofa" : 1,  "begin" : 3757,  "end" : 3758 }, 
        {"sofa" : 1,  "begin" : 3759,  "end" : 3763 }, 
        {"sofa" : 1,  "begin" : 3764,  "end" : 3766 }, 
        {"sofa" : 1,  "begin" : 3767,  "end" : 3772 }, 
        {"sofa" : 1,  "begin" : 3773,  "end" : 3782 }, 
        {"sofa" : 1,  "begin" : 3782,  "end" : 3783 }, 
        {"sofa" : 1,  "begin" : 3784,  "end" : 3793 }, 
        {"sofa" : 1,  "begin" : 3794,  "end" : 3797 }, 
        {"sofa" : 1,  "begin" : 3798,  "end" : 3804 }, 
        {"sofa" : 1,  "begin" : 3804,  "end" : 3805 }, 
        {"sofa" : 1,  "begin" : 3806,  "end" : 3808 }, 
        {"sofa" : 1,  "begin" : 3809,  "end" : 3815 }, 
        {"sofa" : 1,  "begin" : 3816,  "end" : 3820 }, 
        {"sofa" : 1,  "begin" : 3821,  "end" : 3824 }, 
        {"sofa" : 1,  "begin" : 3825,  "end" : 3832 }, 
        {"sofa" : 1,  "begin" : 3833,  "end" : 3836 }, 
        {"sofa" : 1,  "begin" : 3837,  "end" : 3842 }, 
        {"sofa" : 1,  "begin" : 3843,  "end" : 3849 }, 
        {"sofa" : 1,  "begin" : 3849,  "end" : 3850 }, 
        {"sofa" : 1,  "begin" : 3852,  "end" : 3855 }, 
        {"sofa" : 1,  "begin" : 3855,  "end" : 3856 }, 
        {"sofa" : 1,  "begin" : 3857,  "end" : 3865 }, 
        {"sofa" : 1,  "begin" : 3866,  "end" : 3873 }, 
        {"sofa" : 1,  "begin" : 3874,  "end" : 3879 }, 
        {"sofa" : 1,  "begin" : 3880,  "end" : 3887 }, 
        {"sofa" : 1,  "begin" : 3887,  "end" : 3888 }, 
        {"sofa" : 1,  "begin" : 3889,  "end" : 3896 }, 
        {"sofa" : 1,  "begin" : 3897,  "end" : 3905 }, 
        {"sofa" : 1,  "begin" : 3906,  "end" : 3908 }, 
        {"sofa" : 1,  "begin" : 3909,  "end" : 3911 }, 
        {"sofa" : 1,  "begin" : 3912,  "end" : 3921 }, 
        {"sofa" : 1,  "begin" : 3921,  "end" : 3922 }, 
        {"sofa" : 1,  "begin" : 3923,  "end" : 3926 }, 
        {"sofa" : 1,  "begin" : 3926,  "end" : 3927 }, 
        {"sofa" : 1,  "begin" : 3928,  "end" : 3936 }, 
        {"sofa" : 1,  "begin" : 3937,  "end" : 3939 }, 
        {"sofa" : 1,  "begin" : 3940,  "end" : 3948 }, 
        {"sofa" : 1,  "begin" : 3948,  "end" : 3949 }, 
        {"sofa" : 1,  "begin" : 3950,  "end" : 3958 }, 
        {"sofa" : 1,  "begin" : 3959,  "end" : 3961 }, 
        {"sofa" : 1,  "begin" : 3962,  "end" : 3965 }, 
        {"sofa" : 1,  "begin" : 3966,  "end" : 3971 }, 
        {"sofa" : 1,  "begin" : 3971,  "end" : 3972 }, 
        {"sofa" : 1,  "begin" : 3973,  "end" : 3977 }, 
        {"sofa" : 1,  "begin" : 3978,  "end" : 3982 }, 
        {"sofa" : 1,  "begin" : 3983,  "end" : 3988 }, 
        {"sofa" : 1,  "begin" : 3989,  "end" : 3994 }, 
        {"sofa" : 1,  "begin" : 3995,  "end" : 3998 }, 
        {"sofa" : 1,  "begin" : 3999,  "end" : 4002 }, 
        {"sofa" : 1,  "begin" : 4003,  "end" : 4008 }, 
        {"sofa" : 1,  "begin" : 4009,  "end" : 4015 }, 
        {"sofa" : 1,  "begin" : 4016,  "end" : 4018 }, 
        {"sofa" : 1,  "begin" : 4019,  "end" : 4020 }, 
        {"sofa" : 1,  "begin" : 4021,  "end" : 4024 }, 
        {"sofa" : 1,  "begin" : 4025,  "end" : 4029 }, 
        {"sofa" : 1,  "begin" : 4029,  "end" : 4030 }, 
        {"sofa" : 1,  "begin" : 4032,  "end" : 4035 }, 
        {"sofa" : 1,  "begin" : 4035,  "end" : 4036 }, 
        {"sofa" : 1,  "begin" : 4038,  "end" : 4046 }, 
        {"sofa" : 1,  "begin" : 4047,  "end" : 4052 }, 
        {"sofa" : 1,  "begin" : 4052,  "end" : 4053 }, 
        {"sofa" : 1,  "begin" : 4054,  "end" : 4055 }, 
        {"sofa" : 1,  "begin" : 4056,  "end" : 4061 }, 
        {"sofa" : 1,  "begin" : 4062,  "end" : 4070 }, 
        {"sofa" : 1,  "begin" : 4071,  "end" : 4077 }, 
        {"sofa" : 1,  "begin" : 4077,  "end" : 4078 }, 
        {"sofa" : 1,  "begin" : 4079,  "end" : 4087 }, 
        {"sofa" : 1,  "begin" : 4088,  "end" : 4092 }, 
        {"sofa" : 1,  "begin" : 4092,  "end" : 4093 }, 
        {"sofa" : 1,  "begin" : 4094,  "end" : 4097 }, 
        {"sofa" : 1,  "begin" : 4098,  "end" : 4101 }, 
        {"sofa" : 1,  "begin" : 4101,  "end" : 4102 }, 
        {"sofa" : 1,  "begin" : 4102,  "end" : 4103 }, 
        {"sofa" : 1,  "begin" : 4104,  "end" : 4114 }, 
        {"sofa" : 1,  "begin" : 4114,  "end" : 4115 }, 
        {"sofa" : 1,  "begin" : 4116,  "end" : 4123 }, 
        {"sofa" : 1,  "begin" : 4123,  "end" : 4124 }, 
        {"sofa" : 1,  "begin" : 4126,  "end" : 4129 }, 
        {"sofa" : 1,  "begin" : 4129,  "end" : 4130 }, 
        {"sofa" : 1,  "begin" : 4131,  "end" : 4136 }, 
        {"sofa" : 1,  "begin" : 4137,  "end" : 4139 }, 
        {"sofa" : 1,  "begin" : 4140,  "end" : 4143 }, 
        {"sofa" : 1,  "begin" : 4144,  "end" : 4147 }, 
        {"sofa" : 1,  "begin" : 4148,  "end" : 4154 }, 
        {"sofa" : 1,  "begin" : 4154,  "end" : 4155 }, 
        {"sofa" : 1,  "begin" : 4156,  "end" : 4159 }, 
        {"sofa" : 1,  "begin" : 4160,  "end" : 4166 }, 
        {"sofa" : 1,  "begin" : 4166,  "end" : 4167 }, 
        {"sofa" : 1,  "begin" : 4168,  "end" : 4173 }, 
        {"sofa" : 1,  "begin" : 4174,  "end" : 4176 }, 
        {"sofa" : 1,  "begin" : 4177,  "end" : 4180 }, 
        {"sofa" : 1,  "begin" : 4181,  "end" : 4187 }, 
        {"sofa" : 1,  "begin" : 4188,  "end" : 4190 }, 
        {"sofa" : 1,  "begin" : 4191,  "end" : 4196 }, 
        {"sofa" : 1,  "begin" : 4196,  "end" : 4197 }, 
        {"sofa" : 1,  "begin" : 4198,  "end" : 4204 }, 
        {"sofa" : 1,  "begin" : 4205,  "end" : 4212 }, 
        {"sofa" : 1,  "begin" : 4212,  "end" : 4213 }, 
        {"sofa" : 1,  "begin" : 4215,  "end" : 4218 }, 
        {"sofa" : 1,  "begin" : 4218,  "end" : 4219 }, 
        {"sofa" : 1,  "begin" : 4220,  "end" : 4231 }, 
        {"sofa" : 1,  "begin" : 4231,  "end" : 4232 }, 
        {"sofa" : 1,  "begin" : 4233,  "end" : 4244 }, 
        {"sofa" : 1,  "begin" : 4244,  "end" : 4245 }, 
        {"sofa" : 1,  "begin" : 4246,  "end" : 4253 }, 
        {"sofa" : 1,  "begin" : 4254,  "end" : 4255 }, 
        {"sofa" : 1,  "begin" : 4255,  "end" : 4265 }, 
        {"sofa" : 1,  "begin" : 4265,  "end" : 4266 }, 
        {"sofa" : 1,  "begin" : 4267,  "end" : 4276 }, 
        {"sofa" : 1,  "begin" : 4277,  "end" : 4288 }, 
        {"sofa" : 1,  "begin" : 4288,  "end" : 4289 }, 
        {"sofa" : 1,  "begin" : 4290,  "end" : 4298 }, 
        {"sofa" : 1,  "begin" : 4298,  "end" : 4299 }, 
        {"sofa" : 1,  "begin" : 4299,  "end" : 4300 }, 
        {"sofa" : 1,  "begin" : 4301,  "end" : 4308 }, 
        {"sofa" : 1,  "begin" : 4308,  "end" : 4309 }, 
        {"sofa" : 1,  "begin" : 4310,  "end" : 4313 }, 
        {"sofa" : 1,  "begin" : 4313,  "end" : 4314 }, 
        {"sofa" : 1,  "begin" : 4315,  "end" : 4321 }, 
        {"sofa" : 1,  "begin" : 4322,  "end" : 4324 }, 
        {"sofa" : 1,  "begin" : 4325,  "end" : 4328 }, 
        {"sofa" : 1,  "begin" : 4329,  "end" : 4339 }, 
        {"sofa" : 1,  "begin" : 4339,  "end" : 4340 }, 
        {"sofa" : 1,  "begin" : 4341,  "end" : 4348 }, 
        {"sofa" : 1,  "begin" : 4349,  "end" : 4354 }, 
        {"sofa" : 1,  "begin" : 4355,  "end" : 4357 }, 
        {"sofa" : 1,  "begin" : 4358,  "end" : 4368 }, 
        {"sofa" : 1,  "begin" : 4368,  "end" : 4369 }, 
        {"sofa" : 1,  "begin" : 4370,  "end" : 4376 }, 
        {"sofa" : 1,  "begin" : 4377,  "end" : 4385 }, 
        {"sofa" : 1,  "begin" : 4386,  "end" : 4389 }, 
        {"sofa" : 1,  "begin" : 4390,  "end" : 4395 }, 
        {"sofa" : 1,  "begin" : 4396,  "end" : 4401 }, 
        {"sofa" : 1,  "begin" : 4401,  "end" : 4402 }, 
        {"sofa" : 1,  "begin" : 4403,  "end" : 4408 }, 
        {"sofa" : 1,  "begin" : 4409,  "end" : 4413 }, 
        {"sofa" : 1,  "begin" : 4414,  "end" : 4416 }, 
        {"sofa" : 1,  "begin" : 4417,  "end" : 4421 }, 
        {"sofa" : 1,  "begin" : 4422,  "end" : 4432 }, 
        {"sofa" : 1,  "begin" : 4432,  "end" : 4433 }, 
        {"sofa" : 1,  "begin" : 4434,  "end" : 4441 }, 
        {"sofa" : 1,  "begin" : 4442,  "end" : 4444 }, 
        {"sofa" : 1,  "begin" : 4445,  "end" : 4452 }, 
        {"sofa" : 1,  "begin" : 4452,  "end" : 4453 }, 
        {"sofa" : 1,  "begin" : 4454,  "end" : 4459 }, 
        {"sofa" : 1,  "begin" : 4460,  "end" : 4465 }, 
        {"sofa" : 1,  "begin" : 4465,  "end" : 4466 }, 
        {"sofa" : 1,  "begin" : 4467,  "end" : 4469 }, 
        {"sofa" : 1,  "begin" : 4470,  "end" : 4475 }, 
        {"sofa" : 1,  "begin" : 4476,  "end" : 4479 }, 
        {"sofa" : 1,  "begin" : 4480,  "end" : 4485 }, 
        {"sofa" : 1,  "begin" : 4486,  "end" : 4488 }, 
        {"sofa" : 1,  "begin" : 4489,  "end" : 4493 }, 
        {"sofa" : 1,  "begin" : 4493,  "end" : 4494 }, 
        {"sofa" : 1,  "begin" : 4495,  "end" : 4500 }, 
        {"sofa" : 1,  "begin" : 4501,  "end" : 4503 }, 
        {"sofa" : 1,  "begin" : 4504,  "end" : 4508 }, 
        {"sofa" : 1,  "begin" : 4508,  "end" : 4509 }, 
        {"sofa" : 1,  "begin" : 4510,  "end" : 4513 }, 
        {"sofa" : 1,  "begin" : 4514,  "end" : 4519 }, 
        {"sofa" : 1,  "begin" : 4520,  "end" : 4524 }, 
        {"sofa" : 1,  "begin" : 4525,  "end" : 4529 }, 
        {"sofa" : 1,  "begin" : 4530,  "end" : 4533 }, 
        {"sofa" : 1,  "begin" : 4534,  "end" : 4537 }, 
        {"sofa" : 1,  "begin" : 4537,  "end" : 4538 }, 
        {"sofa" : 1,  "begin" : 4539,  "end" : 4542 }, 
        {"sofa" : 1,  "begin" : 4543,  "end" : 4545 }, 
        {"sofa" : 1,  "begin" : 4546,  "end" : 4548 }, 
        {"sofa" : 1,  "begin" : 4549,  "end" : 4554 }, 
        {"sofa" : 1,  "begin" : 4555,  "end" : 4562 }, 
        {"sofa" : 1,  "begin" : 4562,  "end" : 4563 }, 
        {"sofa" : 1,  "begin" : 4564,  "end" : 4568 }, 
        {"sofa" : 1,  "begin" : 4569,  "end" : 4572 }, 
        {"sofa" : 1,  "begin" : 4573,  "end" : 4575 }, 
        {"sofa" : 1,  "begin" : 4576,  "end" : 4578 }, 
        {"sofa" : 1,  "begin" : 4579,  "end" : 4589 }, 
        {"sofa" : 1,  "begin" : 4590,  "end" : 4594 }, 
        {"sofa" : 1,  "begin" : 4595,  "end" : 4598 }, 
        {"sofa" : 1,  "begin" : 4598,  "end" : 4599 }, 
        {"sofa" : 1,  "begin" : 4600,  "end" : 4603 }, 
        {"sofa" : 1,  "begin" : 4604,  "end" : 4610 }, 
        {"sofa" : 1,  "begin" : 4611,  "end" : 4618 }, 
        {"sofa" : 1,  "begin" : 4619,  "end" : 4622 }, 
        {"sofa" : 1,  "begin" : 4622,  "end" : 4623 }, 
        {"sofa" : 1,  "begin" : 4625,  "end" : 4628 }, 
        {"sofa" : 1,  "begin" : 4628,  "end" : 4629 }, 
        {"sofa" : 1,  "begin" : 4630,  "end" : 4632 }, 
        {"sofa" : 1,  "begin" : 4633,  "end" : 4639 }, 
        {"sofa" : 1,  "begin" : 4640,  "end" : 4645 }, 
        {"sofa" : 1,  "begin" : 4646,  "end" : 4650 }, 
        {"sofa" : 1,  "begin" : 4651,  "end" : 4656 }, 
        {"sofa" : 1,  "begin" : 4657,  "end" : 4661 }, 
        {"sofa" : 1,  "begin" : 4662,  "end" : 4666 }, 
        {"sofa" : 1,  "begin" : 4667,  "end" : 4678 }, 
        {"sofa" : 1,  "begin" : 4678,  "end" : 4679 }, 
        {"sofa" : 1,  "begin" : 4680,  "end" : 4681 }, 
        {"sofa" : 1,  "begin" : 4682,  "end" : 4689 }, 
        {"sofa" : 1,  "begin" : 4690,  "end" : 4693 }, 
        {"sofa" : 1,  "begin" : 4694,  "end" : 4695 }, 
        {"sofa" : 1,  "begin" : 4696,  "end" : 4699 }, 
        {"sofa" : 1,  "begin" : 4700,  "end" : 4702 }, 
        {"sofa" : 1,  "begin" : 4703,  "end" : 4708 }, 
        {"sofa" : 1,  "begin" : 4709,  "end" : 4721 }, 
        {"sofa" : 1,  "begin" : 4721,  "end" : 4722 }, 
        {"sofa" : 1,  "begin" : 4723,  "end" : 4725 }, 
        {"sofa" : 1,  "begin" : 4726,  "end" : 4729 }, 
        {"sofa" : 1,  "begin" : 4730,  "end" : 4732 }, 
        {"sofa" : 1,  "begin" : 4733,  "end" : 4735 }, 
        {"sofa" : 1,  "begin" : 4736,  "end" : 4740 }, 
        {"sofa" : 1,  "begin" : 4741,  "end" : 4747 }, 
        {"sofa" : 1,  "begin" : 4748,  "end" : 4751 }, 
        {"sofa" : 1,  "begin" : 4752,  "end" : 4755 }, 
        {"sofa" : 1,  "begin" : 4756,  "end" : 4761 }, 
        {"sofa" : 1,  "begin" : 4762,  "end" : 4768 }, 
        {"sofa" : 1,  "begin" : 4768,  "end" : 4769 }, 
        {"sofa" : 1,  "begin" : 4771,  "end" : 4774 }, 
        {"sofa" : 1,  "begin" : 4774,  "end" : 4775 }, 
        {"sofa" : 1,  "begin" : 4776,  "end" : 4779 }, 
        {"sofa" : 1,  "begin" : 4779,  "end" : 4780 }, 
        {"sofa" : 1,  "begin" : 4781,  "end" : 4784 }, 
        {"sofa" : 1,  "begin" : 4785,  "end" : 4792 }, 
        {"sofa" : 1,  "begin" : 4793,  "end" : 4801 }, 
        {"sofa" : 1,  "begin" : 4801,  "end" : 4802 }, 
        {"sofa" : 1,  "begin" : 4803,  "end" : 4805 }, 
        {"sofa" : 1,  "begin" : 4806,  "end" : 4810 }, 
        {"sofa" : 1,  "begin" : 4811,  "end" : 4815 }, 
        {"sofa" : 1,  "begin" : 4816,  "end" : 4820 }, 
        {"sofa" : 1,  "begin" : 4821,  "end" : 4827 }, 
        {"sofa" : 1,  "begin" : 4828,  "end" : 4831 }, 
        {"sofa" : 1,  "begin" : 4831,  "end" : 4832 }, 
        {"sofa" : 1,  "begin" : 4833,  "end" : 4837 }, 
        {"sofa" : 1,  "begin" : 4838,  "end" : 4842 }, 
        {"sofa" : 1,  "begin" : 4843,  "end" : 4854 }, 
        {"sofa" : 1,  "begin" : 4856,  "end" : 4859 }, 
        {"sofa" : 1,  "begin" : 4859,  "end" : 4860 }, 
        {"sofa" : 1,  "begin" : 4861,  "end" : 4865 }, 
        {"sofa" : 1,  "begin" : 4866,  "end" : 4868 }, 
        {"sofa" : 1,  "begin" : 4869,  "end" : 4872 }, 
        {"sofa" : 1,  "begin" : 4873,  "end" : 4876 }, 
        {"sofa" : 1,  "begin" : 4877,  "end" : 4878 }, 
        {"sofa" : 1,  "begin" : 4879,  "end" : 4881 }, 
        {"sofa" : 1,  "begin" : 4882,  "end" : 4884 }, 
        {"sofa" : 1,  "begin" : 4885,  "end" : 4894 }, 
        {"sofa" : 1,  "begin" : 4895,  "end" : 4900 }, 
        {"sofa" : 1,  "begin" : 4901,  "end" : 4905 }, 
        {"sofa" : 1,  "begin" : 4906,  "end" : 4908 }, 
        {"sofa" : 1,  "begin" : 4910,  "end" : 4911 }, 
        {"sofa" : 1,  "begin" : 4912,  "end" : 4917 }, 
        {"sofa" : 1,  "begin" : 4918,  "end" : 4919 }, 
        {"sofa" : 1,  "begin" : 4920,  "end" : 4933 }, 
        {"sofa" : 1,  "begin" : 4934,  "end" : 4938 }, 
        {"sofa" : 1,  "begin" : 4939,  "end" : 4942 }, 
        {"sofa" : 1,  "begin" : 4943,  "end" : 4947 }, 
        {"sofa" : 1,  "begin" : 4947,  "end" : 4948 }, 
        {"sofa" : 1,  "begin" : 4949,  "end" : 4957 }, 
        {"sofa" : 1,  "begin" : 4958,  "end" : 4965 }, 
        {"sofa" : 1,  "begin" : 4966,  "end" : 4971 }, 
        {"sofa" : 1,  "begin" : 4972,  "end" : 4974 }, 
        {"sofa" : 1,  "begin" : 4975,  "end" : 4981 }, 
        {"sofa" : 1,  "begin" : 4982,  "end" : 4986 }, 
        {"sofa" : 1,  "begin" : 4986,  "end" : 4987 }, 
        {"sofa" : 1,  "begin" : 4988,  "end" : 4994 }, 
        {"sofa" : 1,  "begin" : 4995,  "end" : 5005 }, 
        {"sofa" : 1,  "begin" : 5006,  "end" : 5010 }, 
        {"sofa" : 1,  "begin" : 5011,  "end" : 5014 }, 
        {"sofa" : 1,  "begin" : 5015,  "end" : 5023 }, 
        {"sofa" : 1,  "begin" : 5024,  "end" : 5030 }, 
        {"sofa" : 1,  "begin" : 5030,  "end" : 5031 }, 
        {"sofa" : 1,  "begin" : 5032,  "end" : 5035 }, 
        {"sofa" : 1,  "begin" : 5036,  "end" : 5042 }, 
        {"sofa" : 1,  "begin" : 5043,  "end" : 5050 }, 
        {"sofa" : 1,  "begin" : 5051,  "end" : 5055 }, 
        {"sofa" : 1,  "begin" : 5056,  "end" : 5062 }, 
        {"sofa" : 1,  "begin" : 5063,  "end" : 5066 }, 
        {"sofa" : 1,  "begin" : 5067,  "end" : 5073 }, 
        {"sofa" : 1,  "begin" : 5074,  "end" : 5075 }, 
        {"sofa" : 1,  "begin" : 5076,  "end" : 5077 }, 
        {"sofa" : 1,  "begin" : 5077,  "end" : 5078 }, 
        {"sofa" : 1,  "begin" : 5079,  "end" : 5083 }, 
        {"sofa" : 1,  "begin" : 5084,  "end" : 5090 }, 
        {"sofa" : 1,  "begin" : 5091,  "end" : 5098 }, 
        {"sofa" : 1,  "begin" : 5098,  "end" : 5099 }, 
        {"sofa" : 1,  "begin" : 5100,  "end" : 5103 }, 
        {"sofa" : 1,  "begin" : 5104,  "end" : 5113 }, 
        {"sofa" : 1,  "begin" : 5114,  "end" : 5122 }, 
        {"sofa" : 1,  "begin" : 5122,  "end" : 5123 }, 
        {"sofa" : 1,  "begin" : 5124,  "end" : 5129 }, 
        {"sofa" : 1,  "begin" : 5130,  "end" : 5132 }, 
        {"sofa" : 1,  "begin" : 5133,  "end" : 5136 }, 
        {"sofa" : 1,  "begin" : 5137,  "end" : 5140 }, 
        {"sofa" : 1,  "begin" : 5141,  "end" : 5145 }, 
        {"sofa" : 1,  "begin" : 5146,  "end" : 5154 }, 
        {"sofa" : 1,  "begin" : 5155,  "end" : 5158 }, 
        {"sofa" : 1,  "begin" : 5159,  "end" : 5167 }, 
        {"sofa" : 1,  "begin" : 5167,  "end" : 5168 }, 
        {"sofa" : 1,  "begin" : 5169,  "end" : 5172 }, 
        {"sofa" : 1,  "begin" : 5173,  "end" : 5179 }, 
        {"sofa" : 1,  "begin" : 5180,  "end" : 5183 }, 
        {"sofa" : 1,  "begin" : 5183,  "end" : 5184 }, 
        {"sofa" : 1,  "begin" : 5185,  "end" : 5188 }, 
        {"sofa" : 1,  "begin" : 5189,  "end" : 5196 }, 
        {"sofa" : 1,  "begin" : 5197,  "end" : 5206 }, 
        {"sofa" : 1,  "begin" : 5206,  "end" : 5207 }, 
        {"sofa" : 1,  "begin" : 5208,  "end" : 5210 }, 
        {"sofa" : 1,  "begin" : 5211,  "end" : 5216 }, 
        {"sofa" : 1,  "begin" : 5217,  "end" : 5220 }, 
        {"sofa" : 1,  "begin" : 5221,  "end" : 5228 }, 
        {"sofa" : 1,  "begin" : 5229,  "end" : 5231 }, 
        {"sofa" : 1,  "begin" : 5232,  "end" : 5238 }, 
        {"sofa" : 1,  "begin" : 5239,  "end" : 5245 }, 
        {"sofa" : 1,  "begin" : 5245,  "end" : 5246 }, 
        {"sofa" : 1,  "begin" : 5247,  "end" : 5248 }, 
        {"sofa" : 1,  "begin" : 5249,  "end" : 5252 }, 
        {"sofa" : 1,  "begin" : 5253,  "end" : 5255 }, 
        {"sofa" : 1,  "begin" : 5256,  "end" : 5260 }, 
        {"sofa" : 1,  "begin" : 5261,  "end" : 5269 }, 
        {"sofa" : 1,  "begin" : 5270,  "end" : 5273 }, 
        {"sofa" : 1,  "begin" : 5274,  "end" : 5283 }, 
        {"sofa" : 1,  "begin" : 5284,  "end" : 5292 }, 
        {"sofa" : 1,  "begin" : 5292,  "end" : 5293 }, 
        {"sofa" : 1,  "begin" : 5294,  "end" : 5298 }, 
        {"sofa" : 1,  "begin" : 5299,  "end" : 5304 }, 
        {"sofa" : 1,  "begin" : 5305,  "end" : 5311 }, 
        {"sofa" : 1,  "begin" : 5312,  "end" : 5317 }, 
        {"sofa" : 1,  "begin" : 5318,  "end" : 5321 }, 
        {"sofa" : 1,  "begin" : 5322,  "end" : 5326 }, 
        {"sofa" : 1,  "begin" : 5327,  "end" : 5329 }, 
        {"sofa" : 1,  "begin" : 5330,  "end" : 5335 }, 
        {"sofa" : 1,  "begin" : 5335,  "end" : 5336 }, 
        {"sofa" : 1,  "begin" : 5337,  "end" : 5342 }, 
        {"sofa" : 1,  "begin" : 5343,  "end" : 5344 }, 
        {"sofa" : 1,  "begin" : 5345,  "end" : 5355 }, 
        {"sofa" : 1,  "begin" : 5356,  "end" : 5358 }, 
        {"sofa" : 1,  "begin" : 5359,  "end" : 5362 }, 
        {"sofa" : 1,  "begin" : 5363,  "end" : 5366 }, 
        {"sofa" : 1,  "begin" : 5367,  "end" : 5370 }, 
        {"sofa" : 1,  "begin" : 5371,  "end" : 5375 }, 
        {"sofa" : 1,  "begin" : 5375,  "end" : 5376 }, 
        {"sofa" : 1,  "begin" : 5377,  "end" : 5382 }, 
        {"sofa" : 1,  "begin" : 5383,  "end" : 5390 }, 
        {"sofa" : 1,  "begin" : 5391,  "end" : 5394 }, 
        {"sofa" : 1,  "begin" : 5395,  "end" : 5398 }, 
        {"sofa" : 1,  "begin" : 5399,  "end" : 5403 }, 
        {"sofa" : 1,  "begin" : 5404,  "end" : 5410 }, 
        {"sofa" : 1,  "begin" : 5411,  "end" : 5412 }, 
        {"sofa" : 1,  "begin" : 5413,  "end" : 5414 }, 
        {"sofa" : 1,  "begin" : 5414,  "end" : 5415 }, 
        {"sofa" : 1,  "begin" : 5416,  "end" : 5418 }, 
        {"sofa" : 1,  "begin" : 5419,  "end" : 5421 }, 
        {"sofa" : 1,  "begin" : 5422,  "end" : 5426 }, 
        {"sofa" : 1,  "begin" : 5427,  "end" : 5436 }, 
        {"sofa" : 1,  "begin" : 5436,  "end" : 5437 }, 
        {"sofa" : 1,  "begin" : 5438,  "end" : 5440 }, 
        {"sofa" : 1,  "begin" : 5441,  "end" : 5443 }, 
        {"sofa" : 1,  "begin" : 5444,  "end" : 5446 }, 
        {"sofa" : 1,  "begin" : 5447,  "end" : 5451 }, 
        {"sofa" : 1,  "begin" : 5451,  "end" : 5452 }, 
        {"sofa" : 1,  "begin" : 5453,  "end" : 5456 }, 
        {"sofa" : 1,  "begin" : 5457,  "end" : 5460 }, 
        {"sofa" : 1,  "begin" : 5461,  "end" : 5463 }, 
        {"sofa" : 1,  "begin" : 5464,  "end" : 5469 }, 
        {"sofa" : 1,  "begin" : 5470,  "end" : 5473 }, 
        {"sofa" : 1,  "begin" : 5474,  "end" : 5479 }, 
        {"sofa" : 1,  "begin" : 5480,  "end" : 5484 }, 
        {"sofa" : 1,  "begin" : 5485,  "end" : 5491 }, 
        {"sofa" : 1,  "begin" : 5492,  "end" : 5498 }, 
        {"sofa" : 1,  "begin" : 5498,  "end" : 5499 }, 
        {"sofa" : 1,  "begin" : 5500,  "end" : 5505 }, 
        {"sofa" : 1,  "begin" : 5506,  "end" : 5508 }, 
        {"sofa" : 1,  "begin" : 5509,  "end" : 5510 }, 
        {"sofa" : 1,  "begin" : 5511,  "end" : 5519 }, 
        {"sofa" : 1,  "begin" : 5520,  "end" : 5528 }, 
        {"sofa" : 1,  "begin" : 5529,  "end" : 5536 }, 
        {"sofa" : 1,  "begin" : 5537,  "end" : 5541 }, 
        {"sofa" : 1,  "begin" : 5542,  "end" : 5545 }, 
        {"sofa" : 1,  "begin" : 5546,  "end" : 5555 }, 
        {"sofa" : 1,  "begin" : 5556,  "end" : 5562 }, 
        {"sofa" : 1,  "begin" : 5562,  "end" : 5563 }, 
        {"sofa" : 1,  "begin" : 5564,  "end" : 5572 }, 
        {"sofa" : 1,  "begin" : 5573,  "end" : 5575 }, 
        {"sofa" : 1,  "begin" : 5576,  "end" : 5581 }, 
        {"sofa" : 1,  "begin" : 5582,  "end" : 5584 }, 
        {"sofa" : 1,  "begin" : 5585,  "end" : 5591 }, 
        {"sofa" : 1,  "begin" : 5592,  "end" : 5596 }, 
        {"sofa" : 1,  "begin" : 5597,  "end" : 5601 }, 
        {"sofa" : 1,  "begin" : 5601,  "end" : 5602 }, 
        {"sofa" : 1,  "begin" : 5603,  "end" : 5606 }, 
        {"sofa" : 1,  "begin" : 5607,  "end" : 5611 }, 
        {"sofa" : 1,  "begin" : 5612,  "end" : 5616 }, 
        {"sofa" : 1,  "begin" : 5617,  "end" : 5625 }, 
        {"sofa" : 1,  "begin" : 5626,  "end" : 5628 }, 
        {"sofa" : 1,  "begin" : 5629,  "end" : 5635 }, 
        {"sofa" : 1,  "begin" : 5636,  "end" : 5639 }, 
        {"sofa" : 1,  "begin" : 5639,  "end" : 5640 }, 
        {"sofa" : 1,  "begin" : 5641,  "end" : 5644 }, 
        {"sofa" : 1,  "begin" : 5645,  "end" : 5651 }, 
        {"sofa" : 1,  "begin" : 5652,  "end" : 5661 }, 
        {"sofa" : 1,  "begin" : 5662,  "end" : 5665 }, 
        {"sofa" : 1,  "begin" : 5666,  "end" : 5676 }, 
        {"sofa" : 1,  "begin" : 5677,  "end" : 5683 }, 
        {"sofa" : 1,  "begin" : 5683,  "end" : 5684 }, 
        {"sofa" : 1,  "begin" : 5685,  "end" : 5689 }, 
        {"sofa" : 1,  "begin" : 5690,  "end" : 5696 }, 
        {"sofa" : 1,  "begin" : 5697,  "end" : 5699 }, 
        {"sofa" : 1,  "begin" : 5700,  "end" : 5704 }, 
        {"sofa" : 1,  "begin" : 5704,  "end" : 5705 }, 
        {"sofa" : 1,  "begin" : 5706,  "end" : 5710 }, 
        {"sofa" : 1,  "begin" : 5711,  "end" : 5714 }, 
        {"sofa" : 1,  "begin" : 5715,  "end" : 5723 }, 
        {"sofa" : 1,  "begin" : 5723,  "end" : 5724 }, 
        {"sofa" : 1,  "begin" : 5725,  "end" : 5732 }, 
        {"sofa" : 1,  "begin" : 5733,  "end" : 5736 }, 
        {"sofa" : 1,  "begin" : 5737,  "end" : 5744 }, 
        {"sofa" : 1,  "begin" : 5745,  "end" : 5747 }, 
        {"sofa" : 1,  "begin" : 5748,  "end" : 5752 }, 
        {"sofa" : 1,  "begin" : 5753,  "end" : 5757 }, 
        {"sofa" : 1,  "begin" : 5758,  "end" : 5765 }, 
        {"sofa" : 1,  "begin" : 5766,  "end" : 5770 }, 
        {"sofa" : 1,  "begin" : 5771,  "end" : 5774 }, 
        {"sofa" : 1,  "begin" : 5775,  "end" : 5778 }, 
        {"sofa" : 1,  "begin" : 5779,  "end" : 5785 }, 
        {"sofa" : 1,  "begin" : 5786,  "end" : 5792 }, 
        {"sofa" : 1,  "begin" : 5792,  "end" : 5793 }, 
        {"sofa" : 1,  "begin" : 5794,  "end" : 5801 }, 
        {"sofa" : 1,  "begin" : 5802,  "end" : 5803 }, 
        {"sofa" : 1,  "begin" : 5804,  "end" : 5812 }, 
        {"sofa" : 1,  "begin" : 5813,  "end" : 5817 }, 
        {"sofa" : 1,  "begin" : 5818,  "end" : 5829 }, 
        {"sofa" : 1,  "begin" : 5829,  "end" : 5830 }, 
        {"sofa" : 1,  "begin" : 5831,  "end" : 5833 }, 
        {"sofa" : 1,  "begin" : 5834,  "end" : 5838 }, 
        {"sofa" : 1,  "begin" : 5839,  "end" : 5846 }, 
        {"sofa" : 1,  "begin" : 5847,  "end" : 5851 }, 
        {"sofa" : 1,  "begin" : 5852,  "end" : 5861 }, 
        {"sofa" : 1,  "begin" : 5862,  "end" : 5863 }, 
        {"sofa" : 1,  "begin" : 5864,  "end" : 5871 }, 
        {"sofa" : 1,  "begin" : 5871,  "end" : 5872 }, 
        {"sofa" : 1,  "begin" : 5873,  "end" : 5877 }, 
        {"sofa" : 1,  "begin" : 5878,  "end" : 5880 }, 
        {"sofa" : 1,  "begin" : 5881,  "end" : 5884 }, 
        {"sofa" : 1,  "begin" : 5885,  "end" : 5891 }, 
        {"sofa" : 1,  "begin" : 5892,  "end" : 5894 }, 
        {"sofa" : 1,  "begin" : 5895,  "end" : 5896 }, 
        {"sofa" : 1,  "begin" : 5897,  "end" : 5904 }, 
        {"sofa" : 1,  "begin" : 5905,  "end" : 5907 }, 
        {"sofa" : 1,  "begin" : 5908,  "end" : 5912 }, 
        {"sofa" : 1,  "begin" : 5912,  "end" : 5913 }, 
        {"sofa" : 1,  "begin" : 5914,  "end" : 5922 }, 
        {"sofa" : 1,  "begin" : 5923,  "end" : 5929 }, 
        {"sofa" : 1,  "begin" : 5930,  "end" : 5933 }, 
        {"sofa" : 1,  "begin" : 5934,  "end" : 5941 }, 
        {"sofa" : 1,  "begin" : 5942,  "end" : 5947 }, 
        {"sofa" : 1,  "begin" : 5948,  "end" : 5951 }, 
        {"sofa" : 1,  "begin" : 5952,  "end" : 5957 }, 
        {"sofa" : 1,  "begin" : 5957,  "end" : 5958 }, 
        {"sofa" : 1,  "begin" : 5959,  "end" : 5962 }, 
        {"sofa" : 1,  "begin" : 5963,  "end" : 5967 }, 
        {"sofa" : 1,  "begin" : 5968,  "end" : 5971 }, 
        {"sofa" : 1,  "begin" : 5971,  "end" : 5972 } ] } }, 
  "_referenced_fss" : {
    "1" : {"_type" : "Sofa",  "sofaNum" : 1,  "sofaID" : "_InitialView",  "mimeType" : "text",  "sofaString" : "At end whereof is placed a costly portall:\nResembling much the figure of a drumme,\nGranting slow entrance to a priuate closet:\nWhere daily with a mallet in my hand,\nI set and frame all words and sounds that come,\nVpon an Anuile and so make them fit:\nFor the pere: vinckling poore; that winding leades,\nFrom my close chamber to your Lordships cell.\nThither do I chiefe Iustice of all accents,\nPsyches next porter, Microcosmes front:\nLearnings ritch treasure, bring discipline,\nReasons discourse, knowledge of foraigne states,\nLowd fame of great Heroes vertuous deeds:\nThe marrowe of graue speeches and the flowers:\nOf quickest Wits, neat Iests, and pure Conceits,\nAnd often times to ease the heauy burthen,\nOf gouernment, your Lordships shoulder beare,\nI thither do conduce the pleasing Nuptialls:\nOf sweetest iustruments with heauenly noise.\nIf then A•ditus, haue deseru ' d the best:\nLet him be dignified before the rest.\nCOM. SEN.\nAuditus I am almost a Skepticke in this matter,\nscarce knowing which way the ballance of the cause will decline,\nwhen I haue heard the rest, I will dispatch iudgement, meane\nwhile you may depart.\n\nAuditus leads his showe about the stage, and then goes out.\nACTVS. 4. SCENA. 3.\nCOMMVNIS SENSVS, Memoria, Phantastes, Anamnestes, Heuresis as before, Olfactus in a garland of seuerall flowers, a page before him, bearing his target, his field vert, around argent, two Boyes with casting bottells, and two with censors with incense, another with a veluet cushion stuck with slowers, an other with a basket of hearbes, an other with a box of Oyntment, Olfactus leads them about, and making obeysance presents them before the bench.\nI. BOY.\nYour onely way to make a good pomander, is this,\ntake an ownce of the purest garden mould, clensed and steeped\nseauen daies in change of motherlesse rose water, then\ntake the best Labdanum, Benioine, both Storaxes, amber\ngreece, and Ciuet, and mus ke, incorporate them together, and\nwork them into what forme you please, this if your breath bee\nnot to valiant, will make you smell as sweete as my Ladies\ndogge.\n\nPHA.\nThis Boy it should seeme represents Odor, hee is so\nperfect a persumer.\n\nODOR.\nI do my Lord, and haue at my command,\nThe smell of flowers, and Odoriferous drugs,\nOf oyntments sweete, and excellent perfumes,\nAnd Court-like waters, which if once you smell,\nYou in your heart would wish as I suppose:\nThat all your Body were transsformed to Nose.\nPHA.\nOlfactus of all the Senses, your obiects haue the worst\nluck, they are alwaies iarring with their contraries, for none\ncan weare Ciuet, but they are suspected of a proper badde\nsent, where the prouerbe springs, hee smelleth best, that doth of\nnothing smell.\n\nACT. 4. SCENA 4.\nThe bench and Olfactus as before, Tobacco apparelled in a taffata mantle, his armes browne and naked, buskins made of the pilling of Osiers, his necke bare, hung with Indian leanes, his face browne painted with blewe stripes, in his nose swines teeth, on his head a painted wicker crowne, with Tobacco pipes set in it, •lumes of Tobacco leaues, lead by two Indian boyes naked, with tapers in their hands, Tobacco boxes and pipes lighted.\nPHA.\nFoh, foh, what a smell is heare? is this one of your delightfull\nobiects?\n\nOLF.\nIt is your onely sent in request Sir.\n\nCOM. SEN.\nWhat fiery fellow is that, which smokes so\nmuch in the mouth?\n\nOLF.\nIt is the great and puissant God of Tobacco.\n\nTOB.\nLadoch guevarroh pusuer shelvar baggon,\nOlfia di quanon, Indi cortilo uraggon.\n\nPHA.\nHa, ha, ha, ha, this in my opinion is the tongue of the Antipodes.\n\nMEM,\nNo I remember it very well, it was the language the\nArcadians spake, that siued long before the Moon.\nCOM. SEN.\nWhat signifies it Olfactus?\nOLF.\nThis is the mighty Emperour Tobacco, King of Trinidado,\nthat in being conquered, conquered all Europe, in making\nthem pay tribute for their smoake.\n\nTOB.\nErfronge inglues conde hifinge,\nDevelin floscoth ma pu cocthinge.\nOLF.\nExpeller of Catarhes, banisher of all agues, your guts\nonely salue for the green wounds of a non plus.\n\nTOB.\n\nAlvulcam vercu, I parda poraside gratam, kafamala\nmara, che Bau•o respartera, quirara?\n\nOLF.\nSonne to the God Vulcan, and Tellus, kinne to the father\nof Myrth, called Bacchiu?\n\nTOB.\nViscardonok, pillostuphe, pascano •inaromagas,\nPagidagon stollisinfe, carociba•o scribas.\nOLF.\nGenius of all Swaggerers, profest enemy to Physitions,\nsweete ointment for sowre teeth, firme knot of good fellowship,\nAdamant of Company, switt winde, to spred the\nwings of Time, hated of none, but those that know him not,\nand of so great deserts, that who so is acquainted with him,\ncan hardly forsake him.\n\nPHA.\nIt seemes these last words were very significant, I\npromise you a God of great denomination, he may be my Lord\nTappes for his large Titles.\n\nCOM. SEN.\nBut forward Olfactus, as they haue done before\nyou, with your discription\n\nOLF.\nlust in the mid ' st of Cephalons round face\nAs  ' twere a frontis-spice vnto the hill,\nOlfactus lodging built in figure long,\nDoubly dis-parted with two precious vaults,\nThe rootes whereof most richly are inclos ' d,\nWith Orient Pearles, and sparkling Diamonds:\nBeset at the end with Emerauds and Turchois,\nAnd Rubies red, and flaming Crisolits,\nAt vpper end whereof in costly manner,\nI lay my head betweene two spungeous pillowes,\nLike faire Adonis twixt the paps of Venus,\nWhere I conducting in and out the wind,\nDaily examine all the ayre inspir ' d.\nBy my pure searching, if it be pure,\nAnd sit to serue the lungs with liuely breath:\nHence do I likewise minister perfume\nVnto the neighbour brayne, perfumes of force\nTo clense your head, and make your fantasie\nTo refine wit, and sharpe inuention\nAnd strengthen memory, from whence it came,\nThat old deuotion, incence did ordaine\nTo make mans spirits more apt for things diuine,\nBesides a thousand more commodities,\nIn leiw whereof your Lordships I request,\nGiue me the crowne if I deserue it best.\nOlfactus leades his company about the Stage, and goes out.\n" } } }