#FORMAT=WebAnno TSV 3.3


#Text=Ecce omnes quasi vestimentum conterentur ; tinea comedet eos.
#Text=10 Quis ex vobis timens Dominum, audiens vocem servi sui ?
1-1	2-6	Ecce	
1-2	7-12	omnes	
1-3	13-18	quasi	
1-4	19-30	vestimentum	
1-5	31-42	conterentur	
1-6	43-44	;	
1-7	45-50	tinea	
1-8	51-58	comedet	
1-9	59-62	eos	
1-10	62-63	.	
1-11	64-66	10	
1-12	67-71	Quis	
1-13	72-74	ex	
1-14	75-80	vobis	
1-15	81-87	timens	
1-16	88-95	Dominum	
1-17	95-96	,	
1-18	97-104	audiens	
1-19	105-110	vocem	
1-20	111-116	servi	
1-21	117-120	sui	
1-22	121-122	?	

#Text=Qui ambulavit in tenebris, et non est lumen ei, speret in nomine Domini, et innitatur super Deum suum.
#Text=11 Ecce vos omnes accendentes ignem, accincti flammis : ambulate in lumine ignis vestri, et in flammis quas succendistis ; de manu mea factum est hoc vobis : in doloribus dormietis.
2-1	123-126	Qui	
2-2	127-136	ambulavit	
2-3	137-139	in	
2-4	140-148	tenebris	
2-5	148-149	,	
2-6	150-152	et	
2-7	153-156	non	
2-8	157-160	est	
2-9	161-166	lumen	
2-10	167-169	ei	
2-11	169-170	,	
2-12	171-177	speret	
2-13	178-180	in	
2-14	181-187	nomine	
2-15	188-194	Domini	
2-16	194-195	,	
2-17	196-198	et	
2-18	199-208	innitatur	
2-19	209-214	super	
2-20	215-219	Deum	
2-21	220-224	suum	
2-22	224-225	.	
2-23	226-228	11	
2-24	229-233	Ecce	
2-25	234-237	vos	
2-26	238-243	omnes	
2-27	244-255	accendentes	
2-28	256-261	ignem	
2-29	261-262	,	
2-30	263-271	accincti	
2-31	272-279	flammis	
2-32	280-281	:	
2-33	282-290	ambulate	
2-34	291-293	in	
2-35	294-300	lumine	
2-36	301-306	ignis	
2-37	307-313	vestri	
2-38	313-314	,	
2-39	315-317	et	
2-40	318-320	in	
2-41	321-328	flammis	
2-42	329-333	quas	
2-43	334-346	succendistis	
2-44	347-348	;	
2-45	349-351	de	
2-46	352-356	manu	
2-47	357-360	mea	
2-48	361-367	factum	
2-49	368-371	est	
2-50	372-375	hoc	
2-51	376-381	vobis	
2-52	382-383	:	
2-53	384-386	in	
2-54	387-396	doloribus	
2-55	397-406	dormietis	
2-56	406-407	.	

#Text=Caput 51
#Text=
#Text=
#Text=1 Audite me, qui sequimini quod justum est, et quæritis Dominum ; attendite ad petram unde excisi estis, et ad cavernam laci de qua præcisi estis.
#Text=2 Attendite ad Abraham, patrem vestrum, et ad Saram, quæ peperit vos : quia unum vocavi eum, et benedixi ei, et multiplicavi eum.
#Text=3 Consolabitur ergo Dominus Sion, et consolabitur omnes ruinas ejus : et ponet desertum ejus quasi delicias, et solitudinem ejus quasi hortum Domini.
3-1	408-413	Caput	
3-2	414-416	51	
3-3	419-420	1	
3-4	421-427	Audite	
3-5	428-430	me	
3-6	430-431	,	
3-7	432-435	qui	
3-8	436-445	sequimini	
3-9	446-450	quod	
3-10	451-457	justum	
3-11	458-461	est	
3-12	461-462	,	
3-13	463-465	et	
3-14	466-474	quæritis	
3-15	475-482	Dominum	
3-16	483-484	;	
3-17	485-494	attendite	
3-18	495-497	ad	
3-19	498-504	petram	
3-20	505-509	unde	
3-21	510-516	excisi	
3-22	517-522	estis	
3-23	522-523	,	
3-24	524-526	et	
3-25	527-529	ad	
3-26	530-538	cavernam	
3-27	539-543	laci	
3-28	544-546	de	
3-29	547-550	qua	
3-30	551-558	præcisi	
3-31	559-564	estis	
3-32	564-565	.	
3-33	566-567	2	
3-34	568-577	Attendite	
3-35	578-580	ad	
3-36	581-588	Abraham	
3-37	588-589	,	
3-38	590-596	patrem	
3-39	597-604	vestrum	
3-40	604-605	,	
3-41	606-608	et	
3-42	609-611	ad	
3-43	612-617	Saram	
3-44	617-618	,	
3-45	619-622	quæ	
3-46	623-630	peperit	
3-47	631-634	vos	
3-48	635-636	:	
3-49	637-641	quia	
3-50	642-646	unum	
3-51	647-653	vocavi	
3-52	654-657	eum	
3-53	657-658	,	
3-54	659-661	et	
3-55	662-670	benedixi	
3-56	671-673	ei	
3-57	673-674	,	
3-58	675-677	et	
3-59	678-690	multiplicavi	
3-60	691-694	eum	
3-61	694-695	.	
3-62	696-697	3	
3-63	698-710	Consolabitur	
3-64	711-715	ergo	
3-65	716-723	Dominus	
3-66	724-728	Sion	
3-67	728-729	,	
3-68	730-732	et	
3-69	733-745	consolabitur	
3-70	746-751	omnes	
3-71	752-758	ruinas	
3-72	759-763	ejus	
3-73	764-765	:	
3-74	766-768	et	
3-75	769-774	ponet	
3-76	775-783	desertum	
3-77	784-788	ejus	
3-78	789-794	quasi	
3-79	795-803	delicias	
3-80	803-804	,	
3-81	805-807	et	
3-82	808-819	solitudinem	
3-83	820-824	ejus	
3-84	825-830	quasi	
3-85	831-837	hortum	
3-86	838-844	Domini	
3-87	844-845	.	

#Text=Gaudium et lætitia invenietur in ea, gratiarum actio et vox laudis.
#Text=4 Attendite ad me, popule meus, et tribus mea, me audite : quia lex a me exiet, et judicium meum in lucem populorum requiescet.
#Text=5 Prope est justus meus, egressus est salvator meus, et brachia mea populos judicabunt ; me insulæ exspectabunt, et brachium meum sustinebunt.
#Text=6 Levate in cælum oculos vestros, et videte sub terra deorsum : quia cæli sicut fumus liquescent, et terra sicut vestimentum atteretur, et habitatores ejus sicut hæc interibunt : salus autem mea in sempiternum erit, et justitia mea non deficiet.
#Text=7 Audite me, qui scitis justum, populus meus, lex mea in corde eorum : nolite timere opprobrium hominum, et blasphemias eorum ne metuatis : 8 sicut enim vestimentum, sic comedet eos vermis, et sicut lanam, sic devorabit eos tinea : salus autem mea in sempiternum erit, et justitia mea in generationes generationum.
#Text=9 Consurge, consurge, induere fortitudinem, brachium Domini !
4-1	846-853	Gaudium	
4-2	854-856	et	
4-3	857-864	lætitia	
4-4	865-875	invenietur	
4-5	876-878	in	
4-6	879-881	ea	
4-7	881-882	,	
4-8	883-892	gratiarum	
4-9	893-898	actio	
4-10	899-901	et	
4-11	902-905	vox	
4-12	906-912	laudis	
4-13	912-913	.	
4-14	914-915	4	
4-15	916-925	Attendite	
4-16	926-928	ad	
4-17	929-931	me	
4-18	931-932	,	
4-19	933-939	popule	
4-20	940-944	meus	
4-21	944-945	,	
4-22	946-948	et	
4-23	949-955	tribus	
4-24	956-959	mea	
4-25	959-960	,	
4-26	961-963	me	
4-27	964-970	audite	
4-28	971-972	:	
4-29	973-977	quia	
4-30	978-981	lex	
4-31	982-983	a	
4-32	984-986	me	
4-33	987-992	exiet	
4-34	992-993	,	
4-35	994-996	et	
4-36	997-1005	judicium	
4-37	1006-1010	meum	
4-38	1011-1013	in	
4-39	1014-1019	lucem	
4-40	1020-1029	populorum	
4-41	1030-1040	requiescet	
4-42	1040-1041	.	
4-43	1042-1043	5	
4-44	1044-1049	Prope	
4-45	1050-1053	est	
4-46	1054-1060	justus	
4-47	1061-1065	meus	
4-48	1065-1066	,	
4-49	1067-1075	egressus	
4-50	1076-1079	est	
4-51	1080-1088	salvator	
4-52	1089-1093	meus	
4-53	1093-1094	,	
4-54	1095-1097	et	
4-55	1098-1105	brachia	
4-56	1106-1109	mea	
4-57	1110-1117	populos	
4-58	1118-1128	judicabunt	
4-59	1129-1130	;	
4-60	1131-1133	me	
4-61	1134-1140	insulæ	
4-62	1141-1153	exspectabunt	
4-63	1153-1154	,	
4-64	1155-1157	et	
4-65	1158-1166	brachium	
4-66	1167-1171	meum	
4-67	1172-1183	sustinebunt	
4-68	1183-1184	.	
4-69	1185-1186	6	
4-70	1187-1193	Levate	
4-71	1194-1196	in	
4-72	1197-1202	cælum	
4-73	1203-1209	oculos	
4-74	1210-1217	vestros	
4-75	1217-1218	,	
4-76	1219-1221	et	
4-77	1222-1228	videte	
4-78	1229-1232	sub	
4-79	1233-1238	terra	
4-80	1239-1246	deorsum	
4-81	1247-1248	:	
4-82	1249-1253	quia	
4-83	1254-1258	cæli	
4-84	1259-1264	sicut	
4-85	1265-1270	fumus	
4-86	1271-1281	liquescent	
4-87	1281-1282	,	
4-88	1283-1285	et	
4-89	1286-1291	terra	
4-90	1292-1297	sicut	
4-91	1298-1309	vestimentum	
4-92	1310-1319	atteretur	
4-93	1319-1320	,	
4-94	1321-1323	et	
4-95	1324-1335	habitatores	
4-96	1336-1340	ejus	
4-97	1341-1346	sicut	
4-98	1347-1350	hæc	
4-99	1351-1361	interibunt	
4-100	1362-1363	:	
4-101	1364-1369	salus	
4-102	1370-1375	autem	
4-103	1376-1379	mea	
4-104	1380-1382	in	
4-105	1383-1394	sempiternum	
4-106	1395-1399	erit	
4-107	1399-1400	,	
4-108	1401-1403	et	
4-109	1404-1412	justitia	
4-110	1413-1416	mea	
4-111	1417-1420	non	
4-112	1421-1429	deficiet	
4-113	1429-1430	.	
4-114	1431-1432	7	
4-115	1433-1439	Audite	
4-116	1440-1442	me	
4-117	1442-1443	,	
4-118	1444-1447	qui	
4-119	1448-1454	scitis	
4-120	1455-1461	justum	
4-121	1461-1462	,	
4-122	1463-1470	populus	
4-123	1471-1475	meus	
4-124	1475-1476	,	
4-125	1477-1480	lex	
4-126	1481-1484	mea	
4-127	1485-1487	in	
4-128	1488-1493	corde	
4-129	1494-1499	eorum	
4-130	1500-1501	:	
4-131	1502-1508	nolite	
4-132	1509-1515	timere	
4-133	1516-1526	opprobrium	
4-134	1527-1534	hominum	
4-135	1534-1535	,	
4-136	1536-1538	et	
4-137	1539-1550	blasphemias	
4-138	1551-1556	eorum	
4-139	1557-1559	ne	
4-140	1560-1568	metuatis	
4-141	1569-1570	:	
4-142	1571-1572	8	
4-143	1573-1578	sicut	
4-144	1579-1583	enim	
4-145	1584-1595	vestimentum	
4-146	1595-1596	,	
4-147	1597-1600	sic	
4-148	1601-1608	comedet	
4-149	1609-1612	eos	
4-150	1613-1619	vermis	
4-151	1619-1620	,	
4-152	1621-1623	et	
4-153	1624-1629	sicut	
4-154	1630-1635	lanam	
4-155	1635-1636	,	
4-156	1637-1640	sic	
4-157	1641-1650	devorabit	
4-158	1651-1654	eos	
4-159	1655-1660	tinea	
4-160	1661-1662	:	
4-161	1663-1668	salus	
4-162	1669-1674	autem	
4-163	1675-1678	mea	
4-164	1679-1681	in	
4-165	1682-1693	sempiternum	
4-166	1694-1698	erit	
4-167	1698-1699	,	
4-168	1700-1702	et	
4-169	1703-1711	justitia	
4-170	1712-1715	mea	
4-171	1716-1718	in	
4-172	1719-1731	generationes	
4-173	1732-1744	generationum	
4-174	1744-1745	.	
4-175	1746-1747	9	
4-176	1748-1756	Consurge	
4-177	1756-1757	,	
4-178	1758-1766	consurge	
4-179	1766-1767	,	
4-180	1768-1775	induere	
4-181	1776-1788	fortitudinem	
4-182	1788-1789	,	
4-183	1790-1798	brachium	
4-184	1799-1805	Domini	
4-185	1806-1807	!	

#Text=consurge sicut in diebus antiquis, in generationibus sæculorum.
5-1	1808-1816	consurge	
5-2	1817-1822	sicut	
5-3	1823-1825	in	
5-4	1826-1832	diebus	
5-5	1833-1841	antiquis	
5-6	1841-1842	,	
5-7	1843-1845	in	
5-8	1846-1860	generationibus	
5-9	1861-1870	sæculorum	
5-10	1870-1871	.	

#Text=Numquid non tu percussisti superbum, vulnerasti draconem ?
6-1	1872-1879	Numquid	
6-2	1880-1883	non	
6-3	1884-1886	tu	
6-4	1887-1898	percussisti	
6-5	1899-1907	superbum	
6-6	1907-1908	,	
6-7	1909-1919	vulnerasti	
6-8	1920-1928	draconem	
6-9	1929-1930	?	

#Text=10 numquid non tu siccasti mare, aquam abyssi vehementis ; qui posuisti profundum maris viam, ut transirent liberati ?
7-1	1931-1933	10	
7-2	1934-1941	numquid	
7-3	1942-1945	non	
7-4	1946-1948	tu	
7-5	1949-1957	siccasti	
7-6	1958-1962	mare	
7-7	1962-1963	,	
7-8	1964-1969	aquam	
7-9	1970-1976	abyssi	
7-10	1977-1987	vehementis	
7-11	1988-1989	;	
7-12	1990-1993	qui	
7-13	1994-2002	posuisti	
7-14	2003-2012	profundum	
7-15	2013-2018	maris	
7-16	2019-2023	viam	
7-17	2023-2024	,	
7-18	2025-2027	ut	
7-19	2028-2038	transirent	
7-20	2039-2047	liberati	
7-21	2048-2049	?	

#Text=11 Et nunc qui redempti sunt a Domino, revertentur, et venient in Sion laudantes, et lætitia sempiterna super capita eorum : gaudium et lætitiam tenebunt ; fugiet dolor et gemitus.
#Text=12 Ego, ego ipse consolabor vos.
8-1	2050-2052	11	
8-2	2053-2055	Et	
8-3	2056-2060	nunc	
8-4	2061-2064	qui	
8-5	2065-2073	redempti	
8-6	2074-2078	sunt	
8-7	2079-2080	a	
8-8	2081-2087	Domino	
8-9	2087-2088	,	
8-10	2089-2100	revertentur	
8-11	2100-2101	,	
8-12	2102-2104	et	
8-13	2105-2112	venient	
8-14	2113-2115	in	
8-15	2116-2120	Sion	
8-16	2121-2130	laudantes	
8-17	2130-2131	,	
8-18	2132-2134	et	
8-19	2135-2142	lætitia	
8-20	2143-2153	sempiterna	
8-21	2154-2159	super	
8-22	2160-2166	capita	
8-23	2167-2172	eorum	
8-24	2173-2174	:	
8-25	2175-2182	gaudium	
8-26	2183-2185	et	
8-27	2186-2194	lætitiam	
8-28	2195-2203	tenebunt	
8-29	2204-2205	;	
8-30	2206-2212	fugiet	
8-31	2213-2218	dolor	
8-32	2219-2221	et	
8-33	2222-2229	gemitus	
8-34	2229-2230	.	
8-35	2231-2233	12	
8-36	2234-2237	Ego	
8-37	2237-2238	,	
8-38	2239-2242	ego	
8-39	2243-2247	ipse	
8-40	2248-2258	consolabor	
8-41	2259-2262	vos	
8-42	2262-2263	.	

#Text=Quis tu, ut timeres ab homine mortali, et a filio hominis qui quasi fœnum ita arescet ?
9-1	2264-2268	Quis	
9-2	2269-2271	tu	
9-3	2271-2272	,	
9-4	2273-2275	ut	
9-5	2276-2283	timeres	
9-6	2284-2286	ab	
9-7	2287-2293	homine	
9-8	2294-2301	mortali	
9-9	2301-2302	,	
9-10	2303-2305	et	
9-11	2306-2307	a	
9-12	2308-2313	filio	
9-13	2314-2321	hominis	
9-14	2322-2325	qui	
9-15	2326-2331	quasi	
9-16	2332-2337	fœnum	
9-17	2338-2341	ita	
9-18	2342-2349	arescet	
9-19	2350-2351	?	

#Text=13 Et oblitus es Domini, factoris tui, qui tetendit cælos et fundavit terram ; et formidasti jugiter tota die a facie furoris ejus qui te tribulabat, et paraverat ad perdendum.
10-1	2352-2354	13	
10-2	2355-2357	Et	
10-3	2358-2365	oblitus	
10-4	2366-2368	es	
10-5	2369-2375	Domini	
10-6	2375-2376	,	
10-7	2377-2385	factoris	
10-8	2386-2389	tui	
10-9	2389-2390	,	
10-10	2391-2394	qui	
10-11	2395-2403	tetendit	
10-12	2404-2409	cælos	
10-13	2410-2412	et	
10-14	2413-2421	fundavit	
10-15	2422-2428	terram	
10-16	2429-2430	;	
10-17	2431-2433	et	
10-18	2434-2444	formidasti	
10-19	2445-2452	jugiter	
10-20	2453-2457	tota	
10-21	2458-2461	die	
10-22	2462-2463	a	
10-23	2464-2469	facie	
10-24	2470-2477	furoris	
10-25	2478-2482	ejus	
10-26	2483-2486	qui	
10-27	2487-2489	te	
10-28	2490-2500	tribulabat	
10-29	2500-2501	,	
10-30	2502-2504	et	
10-31	2505-2514	paraverat	
10-32	2515-2517	ad	
10-33	2518-2527	perdendum	
10-34	2527-2528	.	
