#FORMAT=WebAnno TSV 3.3
#T_SP=custom.Span|label
#T_RL=custom.Relation|label|BT_custom.Span


#Text=Eigenschappen.
1-1	3-16	Eigenschappen	_	_	_	
1-2	16-17	.	_	_	_	

#Text=De bloemen en bladen van de smalbladige Rosmaryn, worden in
#Text=de Medicynen gebruikt.
2-1	18-20	De	_	_	_	
2-2	21-28	bloemen	_	_	_	
2-3	29-31	en	_	_	_	
2-4	32-38	bladen	_	_	_	
2-5	39-42	van	_	_	_	
2-6	43-45	de	_	_	_	
2-7	46-57	smalbladige	_	_	_	
2-8	58-66	Rosmaryn	_	_	_	
2-9	66-67	,	_	_	_	
2-10	68-74	worden	_	_	_	
2-11	75-77	in	_	_	_	
2-12	78-80	de	_	_	_	
2-13	81-90	Medicynen	_	_	_	
2-14	91-99	gebruikt	_	_	_	
2-15	99-100	.	_	_	_	

#Text=De Rosmaryn van Languedok is beter, dan die van Noordlyker landen.
3-1	103-105	De	_	_	_	
3-2	106-114	Rosmaryn	_	_	_	
3-3	115-118	van	_	_	_	
3-4	119-128	Languedok	_	_	_	
3-5	129-131	is	_	_	_	
3-6	132-137	beter	_	_	_	
3-7	137-138	,	_	_	_	
3-8	139-142	dan	_	_	_	
3-9	143-146	die	_	_	_	
3-10	147-150	van	_	_	_	
3-11	151-161	Noordlyker	_	_	_	
3-12	162-168	landen	_	_	_	
3-13	168-169	.	_	_	_	

#Text=Men gebruikt
#Text=deszelfs bladen in de Geneeskunst om te verdunnen ontbinden, en zuiveren.
4-1	170-173	Men	_	_	_	
4-2	174-182	gebruikt	_	_	_	
4-3	183-191	deszelfs	_	_	_	
4-4	192-198	bladen	_	_	_	
4-5	199-201	in	_	_	_	
4-6	202-204	de	_	_	_	
4-7	205-216	Geneeskunst	_	_	_	
4-8	217-219	om	_	_	_	
4-9	220-222	te	_	_	_	
4-10	223-232	verdunnen	_	_	_	
4-11	233-242	ontbinden	_	_	_	
4-12	242-243	,	_	_	_	
4-13	244-246	en	_	_	_	
4-14	247-255	zuiveren	_	_	_	
4-15	255-256	.	_	_	_	

#Text=Zy
#Text=sterken de hersenen.
5-1	257-259	Zy	_	_	_	
5-2	260-267	sterken	_	_	_	
5-3	268-270	de	_	_	_	
5-4	271-279	hersenen	_	_	_	
5-5	279-280	.	_	_	_	

#Text=Men kan’er een poejer van maken, die men in Wyn neemt, om
#Text=de Zinkingen te genezen, en de koude ongematigdheden, de pynen der Mildt en
#Text=Lever, de Vallendeziekten, de drajingen des hoofds, de stuiptrekkingen, Lamheid,
#Text=en de dampen van de lyfmoer.
6-1	281-284	Men	_	_	_	
6-2	285-288	kan	_	_	_	
6-3	288-289	’	_	_	_	
6-4	289-291	er	_	_	_	
6-5	292-295	een	_	_	_	
6-6	296-302	poejer	_	_	_	
6-7	303-306	van	_	_	_	
6-8	307-312	maken	_	_	_	
6-9	312-313	,	_	_	_	
6-10	314-317	die	_	_	_	
6-11	318-321	men	_	_	_	
6-12	322-324	in	_	_	_	
6-13	325-328	Wyn	_	_	_	
6-14	329-334	neemt	_	_	_	
6-15	334-335	,	_	_	_	
6-16	336-338	om	_	_	_	
6-17	339-341	de	_	_	_	
6-18	342-351	Zinkingen	_	_	_	
6-19	352-354	te	_	_	_	
6-20	355-362	genezen	_	_	_	
6-21	362-363	,	_	_	_	
6-22	364-366	en	_	_	_	
6-23	367-369	de	_	_	_	
6-24	370-375	koude	_	_	_	
6-25	376-391	ongematigdheden	_	_	_	
6-26	391-392	,	_	_	_	
6-27	393-395	de	_	_	_	
6-28	396-401	pynen	_	_	_	
6-29	402-405	der	_	_	_	
6-30	406-411	Mildt	_	_	_	
6-31	412-414	en	_	_	_	
6-32	415-420	Lever	_	_	_	
6-33	420-421	,	_	_	_	
6-34	422-424	de	_	_	_	
6-35	425-440	Vallendeziekten	_	_	_	
6-36	440-441	,	_	_	_	
6-37	442-444	de	_	_	_	
6-38	445-454	drajingen	_	_	_	
6-39	455-458	des	_	_	_	
6-40	459-465	hoofds	_	_	_	
6-41	465-466	,	_	_	_	
6-42	467-469	de	_	_	_	
6-43	470-485	stuiptrekkingen	_	_	_	
6-44	485-486	,	_	_	_	
6-45	487-494	Lamheid	_	_	_	
6-46	494-495	,	_	_	_	
6-47	496-498	en	_	_	_	
6-48	499-501	de	_	_	_	
6-49	502-508	dampen	_	_	_	
6-50	509-512	van	_	_	_	
6-51	513-515	de	_	_	_	
6-52	516-523	lyfmoer	_	_	_	
6-53	523-524	.	_	_	_	

#Text=De bloemen en bladen van Rosmaryn, met Zout en Brood, alle morgens gegeten,
#Text=doen de pyn des hóófds overgaan, versterken ’t gezicht, en maken een goeden adem.
7-1	527-529	De	_	_	_	
7-2	530-537	bloemen	_	_	_	
7-3	538-540	en	_	_	_	
7-4	541-547	bladen	_	_	_	
7-5	548-551	van	_	_	_	
7-6	552-560	Rosmaryn	_	_	_	
7-7	560-561	,	_	_	_	
7-8	562-565	met	_	_	_	
7-9	566-570	Zout	_	_	_	
7-10	571-573	en	_	_	_	
7-11	574-579	Brood	_	_	_	
7-12	579-580	,	_	_	_	
7-13	581-585	alle	_	_	_	
7-14	586-593	morgens	_	_	_	
7-15	594-601	gegeten	_	_	_	
7-16	601-602	,	_	_	_	
7-17	603-607	doen	_	_	_	
7-18	608-610	de	_	_	_	
7-19	611-614	pyn	_	_	_	
7-20	615-618	des	_	_	_	
7-21	619-625	hóófds	_	_	_	
7-22	626-634	overgaan	_	_	_	
7-23	634-635	,	_	_	_	
7-24	636-646	versterken	_	_	_	
7-25	647-648	’	_	_	_	
7-26	648-649	t	_	_	_	
7-27	650-657	gezicht	_	_	_	
7-28	657-658	,	_	_	_	
7-29	659-661	en	_	_	_	
7-30	662-667	maken	_	_	_	
7-31	668-671	een	_	_	_	
7-32	672-678	goeden	_	_	_	
7-33	679-683	adem	_	_	_	
7-34	683-684	.	_	_	_	

#Text=In den Pesttyd is het goed het huis met Rosmaryn te berooken, om dat die róók de
#Text=kwade lucht verdryft.
8-1	687-689	In	Time[1]	_	_	
8-2	690-693	den	Time[1]	_	_	
8-3	694-701	Pesttyd	Time[1]	_	_	
8-4	702-704	is	_	_	_	
8-5	705-708	het	_	_	_	
8-6	709-713	goed	_	_	_	
8-7	714-717	het	Location[2]	_	_	
8-8	718-722	huis	Location[2]	_	_	
8-9	723-726	met	_	_	_	
8-10	727-735	Rosmaryn	Smell\_Source	_	_	
8-11	736-738	te	_	_	_	
8-12	739-747	berooken	Smell\_Word	*|*|*|*	8-7[2_0]|8-1[1_0]|8-10|8-16[3_0]	
8-13	747-748	,	_	_	_	
8-14	749-751	om	_	_	_	
8-15	752-755	dat	_	_	_	
8-16	756-759	die	Effect[3]	_	_	
8-17	760-764	róók	Effect[3]	_	_	
8-18	765-767	de	Effect[3]	_	_	
8-19	768-773	kwade	Effect[3]	_	_	
8-20	774-779	lucht	Effect[3]	_	_	
8-21	780-788	verdryft	Effect[3]	_	_	
8-22	788-789	.	_	_	_	

#Text=De bloemen tot Conserf gemaakt, versterken de Maag, en zyn
#Text=goed voor
#Text=
#Text=M.
9-1	790-792	De	_	_	_	
9-2	793-800	bloemen	_	_	_	
9-3	801-804	tot	_	_	_	
9-4	805-812	Conserf	_	_	_	
9-5	813-820	gemaakt	_	_	_	
9-6	820-821	,	_	_	_	
9-7	822-832	versterken	_	_	_	
9-8	833-835	de	_	_	_	
9-9	836-840	Maag	_	_	_	
9-10	840-841	,	_	_	_	
9-11	842-844	en	_	_	_	
9-12	845-848	zyn	_	_	_	
9-13	849-853	goed	_	_	_	
9-14	854-858	voor	_	_	_	
9-15	860-861	M	_	_	_	
9-16	861-862	.	_	_	_	

#Text=Noel Chomel, Huishoudelyk woordboek
#Text=
#Text=\f923
#Text=de droefgeestigen, voor de Vallendeziekte, Zenuwtrekkingen, en Lamheid.
#Text=’t Zaad,
#Text=met Peper en witte Wyn gedronken, geneest de Geluw en opent de verstoppingen
#Text=van de Lever; ’t Afziedsel van deszelfs bloemen met witte Wyn, versterkt de
#Text=verzwakte Zenuwen, zo men’er het hóófd mede wast.
10-1	863-867	Noel	_	_	_	
10-2	868-874	Chomel	_	_	_	
10-3	874-875	,	_	_	_	
10-4	876-888	Huishoudelyk	_	_	_	
10-5	889-898	woordboek	_	_	_	
10-6	901-904	923	_	_	_	
10-7	905-907	de	_	_	_	
10-8	908-922	droefgeestigen	_	_	_	
10-9	922-923	,	_	_	_	
10-10	924-928	voor	_	_	_	
10-11	929-931	de	_	_	_	
10-12	932-946	Vallendeziekte	_	_	_	
10-13	946-947	,	_	_	_	
10-14	948-963	Zenuwtrekkingen	_	_	_	
10-15	963-964	,	_	_	_	
10-16	965-967	en	_	_	_	
10-17	968-975	Lamheid	_	_	_	
10-18	975-976	.	_	_	_	
10-19	977-978	’	_	_	_	
10-20	978-979	t	_	_	_	
10-21	980-984	Zaad	_	_	_	
10-22	984-985	,	_	_	_	
10-23	986-989	met	_	_	_	
10-24	990-995	Peper	_	_	_	
10-25	996-998	en	_	_	_	
10-26	999-1004	witte	_	_	_	
10-27	1005-1008	Wyn	_	_	_	
10-28	1009-1018	gedronken	_	_	_	
10-29	1018-1019	,	_	_	_	
10-30	1020-1027	geneest	_	_	_	
10-31	1028-1030	de	_	_	_	
10-32	1031-1036	Geluw	_	_	_	
10-33	1037-1039	en	_	_	_	
10-34	1040-1045	opent	_	_	_	
10-35	1046-1048	de	_	_	_	
10-36	1049-1062	verstoppingen	_	_	_	
10-37	1063-1066	van	_	_	_	
10-38	1067-1069	de	_	_	_	
10-39	1070-1075	Lever	_	_	_	
10-40	1075-1076	;	_	_	_	
10-41	1077-1078	’	_	_	_	
10-42	1078-1079	t	_	_	_	
10-43	1080-1089	Afziedsel	_	_	_	
10-44	1090-1093	van	_	_	_	
10-45	1094-1102	deszelfs	_	_	_	
10-46	1103-1110	bloemen	_	_	_	
10-47	1111-1114	met	_	_	_	
10-48	1115-1120	witte	_	_	_	
10-49	1121-1124	Wyn	_	_	_	
10-50	1124-1125	,	_	_	_	
10-51	1126-1135	versterkt	_	_	_	
10-52	1136-1138	de	_	_	_	
10-53	1139-1148	verzwakte	_	_	_	
10-54	1149-1156	Zenuwen	_	_	_	
10-55	1156-1157	,	_	_	_	
10-56	1158-1160	zo	_	_	_	
10-57	1161-1164	men	_	_	_	
10-58	1164-1165	’	_	_	_	
10-59	1165-1167	er	_	_	_	
10-60	1168-1171	het	_	_	_	
10-61	1172-1177	hóófd	_	_	_	
10-62	1178-1182	mede	_	_	_	
10-63	1183-1187	wast	_	_	_	
10-64	1187-1188	.	_	_	_	

#Text=Men maakt van de takjes goede
#Text=Tandestokers en Houtskool, om’er mede te tekenen.
11-1	1189-1192	Men	_	_	_	
11-2	1193-1198	maakt	_	_	_	
11-3	1199-1202	van	_	_	_	
11-4	1203-1205	de	_	_	_	
11-5	1206-1212	takjes	_	_	_	
11-6	1213-1218	goede	_	_	_	
11-7	1219-1231	Tandestokers	_	_	_	
11-8	1232-1234	en	_	_	_	
11-9	1235-1244	Houtskool	_	_	_	
11-10	1244-1245	,	_	_	_	
11-11	1246-1248	om	_	_	_	
11-12	1248-1249	’	_	_	_	
11-13	1249-1251	er	_	_	_	
11-14	1252-1256	mede	_	_	_	
11-15	1257-1259	te	_	_	_	
11-16	1260-1267	tekenen	_	_	_	
11-17	1267-1268	.	_	_	_	

#Text=Men gebruikt de bloemen van Rosmaryn om’
#Text=er Eau de la Reine de Hongrie van
#Text=te maken.
12-1	1271-1274	Men	_	_	_	
12-2	1275-1283	gebruikt	_	_	_	
12-3	1284-1286	de	_	_	_	
12-4	1287-1294	bloemen	_	_	_	
12-5	1295-1298	van	_	_	_	
12-6	1299-1307	Rosmaryn	_	_	_	
12-7	1308-1310	om	_	_	_	
12-8	1310-1311	’	_	_	_	
12-9	1312-1314	er	_	_	_	
12-10	1315-1318	Eau	_	_	_	
12-11	1319-1321	de	_	_	_	
12-12	1322-1324	la	_	_	_	
12-13	1325-1330	Reine	_	_	_	
12-14	1331-1333	de	_	_	_	
12-15	1334-1341	Hongrie	_	_	_	
12-16	1342-1345	van	_	_	_	
12-17	1346-1348	te	_	_	_	
12-18	1349-1354	maken	_	_	_	
12-19	1354-1355	.	_	_	_	

#Text=Zie destillatie, of water.
13-1	1356-1359	Zie	_	_	_	
13-2	1360-1371	destillatie	_	_	_	
13-3	1371-1372	,	_	_	_	
13-4	1373-1375	of	_	_	_	
13-5	1376-1381	water	_	_	_	
13-6	1381-1382	.	_	_	_	

#Text=rossolis is een aangename drank die men gemeenlyk op ’t eind der Maaltyd neemt.
14-1	1384-1392	rossolis	_	_	_	
14-2	1393-1395	is	_	_	_	
14-3	1396-1399	een	_	_	_	
14-4	1400-1409	aangename	_	_	_	
14-5	1410-1415	drank	_	_	_	
14-6	1416-1419	die	_	_	_	
14-7	1420-1423	men	_	_	_	
14-8	1424-1433	gemeenlyk	_	_	_	
14-9	1434-1436	op	_	_	_	
14-10	1437-1438	’	_	_	_	
14-11	1438-1439	t	_	_	_	
14-12	1440-1444	eind	_	_	_	
14-13	1445-1448	der	_	_	_	
14-14	1449-1456	Maaltyd	_	_	_	
14-15	1457-1462	neemt	_	_	_	
14-16	1462-1463	.	_	_	_	

#Text=Om Rossolis te maken.
15-1	1466-1468	Om	_	_	_	
15-2	1469-1477	Rossolis	_	_	_	
15-3	1478-1480	te	_	_	_	
15-4	1481-1486	maken	_	_	_	
15-5	1486-1487	.	_	_	_	
