#FORMAT=WebAnno TSV 3.3


#Text=4 Anima, quæ juraverit, et protulerit labiis suis, ut vel male quid faceret, vel bene, et idipsum juramento et sermone firmaverit, oblitaque postea intellexerit delictum suum, 5 agat pœnitentiam pro peccato, 6 et offerat de gregibus agnam sive capram, orabitque pro ea sacerdos et pro peccato ejus.
#Text=7 Sin autem non potuerit offerre pecus, offerat duos turtures, vel duos pullos columbarum Domino, unum pro peccato, et alterum in holocaustum, 8 dabitque eos sacerdoti : qui primum offerens pro peccato, retorquebit caput ejus ad pennulas, ita ut collo hæreat, et non penitus abrumpatur.
#Text=9 Et asperget de sanguine ejus parietem altaris ; quidquid autem reliquum fuerit, faciet distillare ad fundamentum ejus, quia pro peccato est.
#Text=10 Alterum vero adolebit in holocaustum, ut fieri solet : rogabitque pro eo sacerdos et pro peccato ejus, et dimittetur ei.
#Text=11 Quod si non quiverit manus ejus duos offerre turtures, aut duos pullos columbarum, offeret pro peccato suo similæ partem ephi decimam : non mittet in eam oleum, nec thuris aliquid imponet, quia pro peccato est.
#Text=12 Tradetque eam sacerdoti : qui plenum ex ea pugillum hauriens, cremabit super altare in monimentum ejus qui obtulerit, 13 rogans pro illo et expians : reliquam vero partem ipse habebit in munere.
#Text=14 Locutusque est Dominus ad Moysen, dicens : 15 Anima si prævaricans cæremonias, per errorem, in his quæ Domino sunt sanctificata, peccaverit, offeret pro delicto suo arietem immaculatum de gregibus, qui emi potest duobus siclis, juxta pondus sanctuarii : 16 ipsumque quod intulit damni restituet, et quintam partem ponet supra, tradens sacerdoti, qui rogabit pro eo offerens arietem, et dimittetur ei.
#Text=17 Anima si peccaverit per ignorantiam, feceritque unum ex his quæ Domini lege prohibentur, et peccati rea intellexerit iniquitatem suam, 18 offeret arietem immaculatum de gregibus sacerdoti, juxta mensuram æstimationemque peccati : qui orabit pro eo, quia nesciens fecerit : et dimittetur ei, 19 quia per errorem deliquit in Dominum.
1-1	2-3	4	
1-2	4-9	Anima	
1-3	9-10	,	
1-4	11-14	quæ	
1-5	15-24	juraverit	
1-6	24-25	,	
1-7	26-28	et	
1-8	29-39	protulerit	
1-9	40-46	labiis	
1-10	47-51	suis	
1-11	51-52	,	
1-12	53-55	ut	
1-13	56-59	vel	
1-14	60-64	male	
1-15	65-69	quid	
1-16	70-77	faceret	
1-17	77-78	,	
1-18	79-82	vel	
1-19	83-87	bene	
1-20	87-88	,	
1-21	89-91	et	
1-22	92-99	idipsum	
1-23	100-109	juramento	
1-24	110-112	et	
1-25	113-120	sermone	
1-26	121-131	firmaverit	
1-27	131-132	,	
1-28	133-142	oblitaque	
1-29	143-149	postea	
1-30	150-162	intellexerit	
1-31	163-171	delictum	
1-32	172-176	suum	
1-33	176-177	,	
1-34	178-179	5	
1-35	180-184	agat	
1-36	185-196	pœnitentiam	
1-37	197-200	pro	
1-38	201-208	peccato	
1-39	208-209	,	
1-40	210-211	6	
1-41	212-214	et	
1-42	215-222	offerat	
1-43	223-225	de	
1-44	226-234	gregibus	
1-45	235-240	agnam	
1-46	241-245	sive	
1-47	246-252	capram	
1-48	252-253	,	
1-49	254-263	orabitque	
1-50	264-267	pro	
1-51	268-270	ea	
1-52	271-279	sacerdos	
1-53	280-282	et	
1-54	283-286	pro	
1-55	287-294	peccato	
1-56	295-299	ejus	
1-57	299-300	.	
1-58	301-302	7	
1-59	303-306	Sin	
1-60	307-312	autem	
1-61	313-316	non	
1-62	317-325	potuerit	
1-63	326-333	offerre	
1-64	334-339	pecus	
1-65	339-340	,	
1-66	341-348	offerat	
1-67	349-353	duos	
1-68	354-362	turtures	
1-69	362-363	,	
1-70	364-367	vel	
1-71	368-372	duos	
1-72	373-379	pullos	
1-73	380-390	columbarum	
1-74	391-397	Domino	
1-75	397-398	,	
1-76	399-403	unum	
1-77	404-407	pro	
1-78	408-415	peccato	
1-79	415-416	,	
1-80	417-419	et	
1-81	420-427	alterum	
1-82	428-430	in	
1-83	431-442	holocaustum	
1-84	442-443	,	
1-85	444-445	8	
1-86	446-454	dabitque	
1-87	455-458	eos	
1-88	459-468	sacerdoti	
1-89	469-470	:	
1-90	471-474	qui	
1-91	475-481	primum	
1-92	482-490	offerens	
1-93	491-494	pro	
1-94	495-502	peccato	
1-95	502-503	,	
1-96	504-515	retorquebit	
1-97	516-521	caput	
1-98	522-526	ejus	
1-99	527-529	ad	
1-100	530-538	pennulas	
1-101	538-539	,	
1-102	540-543	ita	
1-103	544-546	ut	
1-104	547-552	collo	
1-105	553-559	hæreat	
1-106	559-560	,	
1-107	561-563	et	
1-108	564-567	non	
1-109	568-575	penitus	
1-110	576-586	abrumpatur	
1-111	586-587	.	
1-112	588-589	9	
1-113	590-592	Et	
1-114	593-601	asperget	
1-115	602-604	de	
1-116	605-613	sanguine	
1-117	614-618	ejus	
1-118	619-627	parietem	
1-119	628-635	altaris	
1-120	636-637	;	
1-121	638-646	quidquid	
1-122	647-652	autem	
1-123	653-661	reliquum	
1-124	662-668	fuerit	
1-125	668-669	,	
1-126	670-676	faciet	
1-127	677-687	distillare	
1-128	688-690	ad	
1-129	691-702	fundamentum	
1-130	703-707	ejus	
1-131	707-708	,	
1-132	709-713	quia	
1-133	714-717	pro	
1-134	718-725	peccato	
1-135	726-729	est	
1-136	729-730	.	
1-137	731-733	10	
1-138	734-741	Alterum	
1-139	742-746	vero	
1-140	747-755	adolebit	
1-141	756-758	in	
1-142	759-770	holocaustum	
1-143	770-771	,	
1-144	772-774	ut	
1-145	775-780	fieri	
1-146	781-786	solet	
1-147	787-788	:	
1-148	789-799	rogabitque	
1-149	800-803	pro	
1-150	804-806	eo	
1-151	807-815	sacerdos	
1-152	816-818	et	
1-153	819-822	pro	
1-154	823-830	peccato	
1-155	831-835	ejus	
1-156	835-836	,	
1-157	837-839	et	
1-158	840-850	dimittetur	
1-159	851-853	ei	
1-160	853-854	.	
1-161	855-857	11	
1-162	858-862	Quod	
1-163	863-865	si	
1-164	866-869	non	
1-165	870-878	quiverit	
1-166	879-884	manus	
1-167	885-889	ejus	
1-168	890-894	duos	
1-169	895-902	offerre	
1-170	903-911	turtures	
1-171	911-912	,	
1-172	913-916	aut	
1-173	917-921	duos	
1-174	922-928	pullos	
1-175	929-939	columbarum	
1-176	939-940	,	
1-177	941-948	offeret	
1-178	949-952	pro	
1-179	953-960	peccato	
1-180	961-964	suo	
1-181	965-971	similæ	
1-182	972-978	partem	
1-183	979-983	ephi	
1-184	984-991	decimam	
1-185	992-993	:	
1-186	994-997	non	
1-187	998-1004	mittet	
1-188	1005-1007	in	
1-189	1008-1011	eam	
1-190	1012-1017	oleum	
1-191	1017-1018	,	
1-192	1019-1022	nec	
1-193	1023-1029	thuris	
1-194	1030-1037	aliquid	
1-195	1038-1045	imponet	
1-196	1045-1046	,	
1-197	1047-1051	quia	
1-198	1052-1055	pro	
1-199	1056-1063	peccato	
1-200	1064-1067	est	
1-201	1067-1068	.	
1-202	1069-1071	12	
1-203	1072-1081	Tradetque	
1-204	1082-1085	eam	
1-205	1086-1095	sacerdoti	
1-206	1096-1097	:	
1-207	1098-1101	qui	
1-208	1102-1108	plenum	
1-209	1109-1111	ex	
1-210	1112-1114	ea	
1-211	1115-1123	pugillum	
1-212	1124-1132	hauriens	
1-213	1132-1133	,	
1-214	1134-1142	cremabit	
1-215	1143-1148	super	
1-216	1149-1155	altare	
1-217	1156-1158	in	
1-218	1159-1169	monimentum	
1-219	1170-1174	ejus	
1-220	1175-1178	qui	
1-221	1179-1188	obtulerit	
1-222	1188-1189	,	
1-223	1190-1192	13	
1-224	1193-1199	rogans	
1-225	1200-1203	pro	
1-226	1204-1208	illo	
1-227	1209-1211	et	
1-228	1212-1219	expians	
1-229	1220-1221	:	
1-230	1222-1230	reliquam	
1-231	1231-1235	vero	
1-232	1236-1242	partem	
1-233	1243-1247	ipse	
1-234	1248-1255	habebit	
1-235	1256-1258	in	
1-236	1259-1265	munere	
1-237	1265-1266	.	
1-238	1267-1269	14	
1-239	1270-1280	Locutusque	
1-240	1281-1284	est	
1-241	1285-1292	Dominus	
1-242	1293-1295	ad	
1-243	1296-1302	Moysen	
1-244	1302-1303	,	
1-245	1304-1310	dicens	
1-246	1311-1312	:	
1-247	1313-1315	15	
1-248	1316-1321	Anima	
1-249	1322-1324	si	
1-250	1325-1336	prævaricans	
1-251	1337-1347	cæremonias	
1-252	1347-1348	,	
1-253	1349-1352	per	
1-254	1353-1360	errorem	
1-255	1360-1361	,	
1-256	1362-1364	in	
1-257	1365-1368	his	
1-258	1369-1372	quæ	
1-259	1373-1379	Domino	
1-260	1380-1384	sunt	
1-261	1385-1397	sanctificata	
1-262	1397-1398	,	
1-263	1399-1409	peccaverit	
1-264	1409-1410	,	
1-265	1411-1418	offeret	
1-266	1419-1422	pro	
1-267	1423-1430	delicto	
1-268	1431-1434	suo	
1-269	1435-1442	arietem	
1-270	1443-1454	immaculatum	
1-271	1455-1457	de	
1-272	1458-1466	gregibus	
1-273	1466-1467	,	
1-274	1468-1471	qui	
1-275	1472-1475	emi	
1-276	1476-1482	potest	
1-277	1483-1489	duobus	
1-278	1490-1496	siclis	
1-279	1496-1497	,	
1-280	1498-1503	juxta	
1-281	1504-1510	pondus	
1-282	1511-1521	sanctuarii	
1-283	1522-1523	:	
1-284	1524-1526	16	
1-285	1527-1535	ipsumque	
1-286	1536-1540	quod	
1-287	1541-1548	intulit	
1-288	1549-1554	damni	
1-289	1555-1564	restituet	
1-290	1564-1565	,	
1-291	1566-1568	et	
1-292	1569-1576	quintam	
1-293	1577-1583	partem	
1-294	1584-1589	ponet	
1-295	1590-1595	supra	
1-296	1595-1596	,	
1-297	1597-1604	tradens	
1-298	1605-1614	sacerdoti	
1-299	1614-1615	,	
1-300	1616-1619	qui	
1-301	1620-1627	rogabit	
1-302	1628-1631	pro	
1-303	1632-1634	eo	
1-304	1635-1643	offerens	
1-305	1644-1651	arietem	
1-306	1651-1652	,	
1-307	1653-1655	et	
1-308	1656-1666	dimittetur	
1-309	1667-1669	ei	
1-310	1669-1670	.	
1-311	1671-1673	17	
1-312	1674-1679	Anima	
1-313	1680-1682	si	
1-314	1683-1693	peccaverit	
1-315	1694-1697	per	
1-316	1698-1709	ignorantiam	
1-317	1709-1710	,	
1-318	1711-1721	feceritque	
1-319	1722-1726	unum	
1-320	1727-1729	ex	
1-321	1730-1733	his	
1-322	1734-1737	quæ	
1-323	1738-1744	Domini	
1-324	1745-1749	lege	
1-325	1750-1761	prohibentur	
1-326	1761-1762	,	
1-327	1763-1765	et	
1-328	1766-1773	peccati	
1-329	1774-1777	rea	
1-330	1778-1790	intellexerit	
1-331	1791-1802	iniquitatem	
1-332	1803-1807	suam	
1-333	1807-1808	,	
1-334	1809-1811	18	
1-335	1812-1819	offeret	
1-336	1820-1827	arietem	
1-337	1828-1839	immaculatum	
1-338	1840-1842	de	
1-339	1843-1851	gregibus	
1-340	1852-1861	sacerdoti	
1-341	1861-1862	,	
1-342	1863-1868	juxta	
1-343	1869-1877	mensuram	
1-344	1878-1893	æstimationemque	
1-345	1894-1901	peccati	
1-346	1902-1903	:	
1-347	1904-1907	qui	
1-348	1908-1914	orabit	
1-349	1915-1918	pro	
1-350	1919-1921	eo	
1-351	1921-1922	,	
1-352	1923-1927	quia	
1-353	1928-1936	nesciens	
1-354	1937-1944	fecerit	
1-355	1945-1946	:	
1-356	1947-1949	et	
1-357	1950-1960	dimittetur	
1-358	1961-1963	ei	
1-359	1963-1964	,	
1-360	1965-1967	19	
1-361	1968-1972	quia	
1-362	1973-1976	per	
1-363	1977-1984	errorem	
1-364	1985-1993	deliquit	
1-365	1994-1996	in	
1-366	1997-2004	Dominum	
1-367	2004-2005	.	

#Text=Caput 6
#Text=
#Text=
#Text=1 Locutus est Dominus ad Moysen, dicens : 2 Anima quæ peccaverit, et contempto Domino, negaverit proximo suo depositum quod fidei ejus creditum fuerat, vel vi aliquid extorserit, aut calumniam fecerit, 3 sive rem perditam invenerit, et inficians insuper pejeraverit, et quodlibet aliud ex pluribus fecerit, in quibus solent peccare homines, 4 convicta delicti, 5 reddet omnia, quæ per fraudem voluit obtinere, integra, et quintam insuper partem domino cui damnum intulerat.
#Text=6 Pro peccato autem suo offeret arietem immaculatum de grege, et dabit eum sacerdoti, juxta æstimationem mensuramque delicti : 7 qui rogabit pro eo coram Domino, et dimittetur illi pro singulis quæ faciendo peccavit.
#Text=8 Locutusque est Dominus ad Moysen, dicens : 9 Præcipe Aaron et filiis ejus : Hæc est lex holocausti : cremabitur in altari tota nocte usque mane : ignis ex eodem altari erit.
#Text=10 Vestietur tunica sacerdos et feminalibus lineis : tolletque cineres, quos vorans ignis exussit, et ponens juxta altare, 11 spoliabitur prioribus vestimentis, indutusque aliis, efferret eos extra castra, et in loco mundissimo usque ad favillam consumi faciet.
#Text=12 Ignis autem in altari semper ardebit, quem nutriet sacerdos subjiciens ligna mane per singulos dies, et imposito holocausto, desuper adolebit adipes pacificorum.
#Text=13 Ignis est iste perpetuus, qui numquam deficiet in altari.
#Text=14 Hæc est lex sacrificii et libamentorum, quæ offerent filii Aaron coram Domino, et coram altari.
#Text=15 Tollet sacerdos pugillum similæ, quæ conspersa est oleo, et totum thus, quod super similam positum est : adolebitque illud in altari in monimentum odoris suavissimi Domino : 16 reliquam autem partem similæ comedet Aaron cum filiis suis, absque fermento : et comedet in loco sancto atrii tabernaculi.
#Text=17 Ideo autem non fermentabitur, quia pars ejus in Domini offertur incensum.
2-1	2006-2011	Caput	
2-2	2012-2013	6	
2-3	2016-2017	1	
2-4	2018-2025	Locutus	
2-5	2026-2029	est	
2-6	2030-2037	Dominus	
2-7	2038-2040	ad	
2-8	2041-2047	Moysen	
2-9	2047-2048	,	
2-10	2049-2055	dicens	
2-11	2056-2057	:	
2-12	2058-2059	2	
2-13	2060-2065	Anima	
2-14	2066-2069	quæ	
2-15	2070-2080	peccaverit	
2-16	2080-2081	,	
2-17	2082-2084	et	
2-18	2085-2094	contempto	
2-19	2095-2101	Domino	
2-20	2101-2102	,	
2-21	2103-2112	negaverit	
2-22	2113-2120	proximo	
2-23	2121-2124	suo	
2-24	2125-2134	depositum	
2-25	2135-2139	quod	
2-26	2140-2145	fidei	
2-27	2146-2150	ejus	
2-28	2151-2159	creditum	
2-29	2160-2166	fuerat	
2-30	2166-2167	,	
2-31	2168-2171	vel	
2-32	2172-2174	vi	
2-33	2175-2182	aliquid	
2-34	2183-2193	extorserit	
2-35	2193-2194	,	
2-36	2195-2198	aut	
2-37	2199-2208	calumniam	
2-38	2209-2216	fecerit	
2-39	2216-2217	,	
2-40	2218-2219	3	
2-41	2220-2224	sive	
2-42	2225-2228	rem	
2-43	2229-2237	perditam	
2-44	2238-2247	invenerit	
2-45	2247-2248	,	
2-46	2249-2251	et	
2-47	2252-2261	inficians	
2-48	2262-2269	insuper	
2-49	2270-2281	pejeraverit	
2-50	2281-2282	,	
2-51	2283-2285	et	
2-52	2286-2295	quodlibet	
2-53	2296-2301	aliud	
2-54	2302-2304	ex	
2-55	2305-2313	pluribus	
2-56	2314-2321	fecerit	
2-57	2321-2322	,	
2-58	2323-2325	in	
2-59	2326-2332	quibus	
2-60	2333-2339	solent	
2-61	2340-2347	peccare	
2-62	2348-2355	homines	
2-63	2355-2356	,	
2-64	2357-2358	4	
2-65	2359-2367	convicta	
2-66	2368-2375	delicti	
2-67	2375-2376	,	
2-68	2377-2378	5	
2-69	2379-2385	reddet	
2-70	2386-2391	omnia	
2-71	2391-2392	,	
2-72	2393-2396	quæ	
2-73	2397-2400	per	
2-74	2401-2408	fraudem	
2-75	2409-2415	voluit	
2-76	2416-2424	obtinere	
2-77	2424-2425	,	
2-78	2426-2433	integra	
2-79	2433-2434	,	
2-80	2435-2437	et	
2-81	2438-2445	quintam	
2-82	2446-2453	insuper	
2-83	2454-2460	partem	
2-84	2461-2467	domino	
2-85	2468-2471	cui	
2-86	2472-2478	damnum	
2-87	2479-2488	intulerat	
2-88	2488-2489	.	
2-89	2490-2491	6	
2-90	2492-2495	Pro	
2-91	2496-2503	peccato	
2-92	2504-2509	autem	
2-93	2510-2513	suo	
2-94	2514-2521	offeret	
2-95	2522-2529	arietem	
2-96	2530-2541	immaculatum	
2-97	2542-2544	de	
2-98	2545-2550	grege	
2-99	2550-2551	,	
2-100	2552-2554	et	
2-101	2555-2560	dabit	
2-102	2561-2564	eum	
2-103	2565-2574	sacerdoti	
2-104	2574-2575	,	
2-105	2576-2581	juxta	
2-106	2582-2594	æstimationem	
2-107	2595-2606	mensuramque	
2-108	2607-2614	delicti	
2-109	2615-2616	:	
2-110	2617-2618	7	
2-111	2619-2622	qui	
2-112	2623-2630	rogabit	
2-113	2631-2634	pro	
2-114	2635-2637	eo	
2-115	2638-2643	coram	
2-116	2644-2650	Domino	
2-117	2650-2651	,	
2-118	2652-2654	et	
2-119	2655-2665	dimittetur	
2-120	2666-2670	illi	
2-121	2671-2674	pro	
2-122	2675-2683	singulis	
2-123	2684-2687	quæ	
2-124	2688-2696	faciendo	
2-125	2697-2705	peccavit	
2-126	2705-2706	.	
2-127	2707-2708	8	
2-128	2709-2719	Locutusque	
2-129	2720-2723	est	
2-130	2724-2731	Dominus	
2-131	2732-2734	ad	
2-132	2735-2741	Moysen	
2-133	2741-2742	,	
2-134	2743-2749	dicens	
2-135	2750-2751	:	
2-136	2752-2753	9	
2-137	2754-2761	Præcipe	
2-138	2762-2767	Aaron	
2-139	2768-2770	et	
2-140	2771-2777	filiis	
2-141	2778-2782	ejus	
2-142	2783-2784	:	
2-143	2785-2788	Hæc	
2-144	2789-2792	est	
2-145	2793-2796	lex	
2-146	2797-2807	holocausti	
2-147	2808-2809	:	
2-148	2810-2820	cremabitur	
2-149	2821-2823	in	
2-150	2824-2830	altari	
2-151	2831-2835	tota	
2-152	2836-2841	nocte	
2-153	2842-2847	usque	
2-154	2848-2852	mane	
2-155	2853-2854	:	
2-156	2855-2860	ignis	
2-157	2861-2863	ex	
2-158	2864-2869	eodem	
2-159	2870-2876	altari	
2-160	2877-2881	erit	
2-161	2881-2882	.	
2-162	2883-2885	10	
2-163	2886-2895	Vestietur	
2-164	2896-2902	tunica	
2-165	2903-2911	sacerdos	
2-166	2912-2914	et	
2-167	2915-2926	feminalibus	
2-168	2927-2933	lineis	
2-169	2934-2935	:	
2-170	2936-2945	tolletque	
2-171	2946-2953	cineres	
2-172	2953-2954	,	
2-173	2955-2959	quos	
2-174	2960-2966	vorans	
2-175	2967-2972	ignis	
2-176	2973-2980	exussit	
2-177	2980-2981	,	
2-178	2982-2984	et	
2-179	2985-2991	ponens	
2-180	2992-2997	juxta	
2-181	2998-3004	altare	
2-182	3004-3005	,	
2-183	3006-3008	11	
2-184	3009-3020	spoliabitur	
2-185	3021-3030	prioribus	
2-186	3031-3042	vestimentis	
2-187	3042-3043	,	
2-188	3044-3054	indutusque	
2-189	3055-3060	aliis	
2-190	3060-3061	,	
2-191	3062-3070	efferret	
2-192	3071-3074	eos	
2-193	3075-3080	extra	
2-194	3081-3087	castra	
2-195	3087-3088	,	
2-196	3089-3091	et	
2-197	3092-3094	in	
2-198	3095-3099	loco	
2-199	3100-3110	mundissimo	
2-200	3111-3116	usque	
2-201	3117-3119	ad	
2-202	3120-3128	favillam	
2-203	3129-3136	consumi	
2-204	3137-3143	faciet	
2-205	3143-3144	.	
2-206	3145-3147	12	
2-207	3148-3153	Ignis	
2-208	3154-3159	autem	
2-209	3160-3162	in	
2-210	3163-3169	altari	
2-211	3170-3176	semper	
2-212	3177-3184	ardebit	
2-213	3184-3185	,	
2-214	3186-3190	quem	
2-215	3191-3198	nutriet	
2-216	3199-3207	sacerdos	
2-217	3208-3218	subjiciens	
2-218	3219-3224	ligna	
2-219	3225-3229	mane	
2-220	3230-3233	per	
2-221	3234-3242	singulos	
2-222	3243-3247	dies	
2-223	3247-3248	,	
2-224	3249-3251	et	
2-225	3252-3260	imposito	
2-226	3261-3271	holocausto	
2-227	3271-3272	,	
2-228	3273-3280	desuper	
2-229	3281-3289	adolebit	
2-230	3290-3296	adipes	
2-231	3297-3308	pacificorum	
2-232	3308-3309	.	
2-233	3310-3312	13	
2-234	3313-3318	Ignis	
2-235	3319-3322	est	
2-236	3323-3327	iste	
2-237	3328-3337	perpetuus	
2-238	3337-3338	,	
2-239	3339-3342	qui	
2-240	3343-3350	numquam	
2-241	3351-3359	deficiet	
2-242	3360-3362	in	
2-243	3363-3369	altari	
2-244	3369-3370	.	
2-245	3371-3373	14	
2-246	3374-3377	Hæc	
2-247	3378-3381	est	
2-248	3382-3385	lex	
2-249	3386-3396	sacrificii	
2-250	3397-3399	et	
2-251	3400-3412	libamentorum	
2-252	3412-3413	,	
2-253	3414-3417	quæ	
2-254	3418-3426	offerent	
2-255	3427-3432	filii	
2-256	3433-3438	Aaron	
2-257	3439-3444	coram	
2-258	3445-3451	Domino	
2-259	3451-3452	,	
2-260	3453-3455	et	
2-261	3456-3461	coram	
2-262	3462-3468	altari	
2-263	3468-3469	.	
2-264	3470-3472	15	
2-265	3473-3479	Tollet	
2-266	3480-3488	sacerdos	
2-267	3489-3497	pugillum	
2-268	3498-3504	similæ	
2-269	3504-3505	,	
2-270	3506-3509	quæ	
2-271	3510-3519	conspersa	
2-272	3520-3523	est	
2-273	3524-3528	oleo	
2-274	3528-3529	,	
2-275	3530-3532	et	
2-276	3533-3538	totum	
2-277	3539-3543	thus	
2-278	3543-3544	,	
2-279	3545-3549	quod	
2-280	3550-3555	super	
2-281	3556-3563	similam	
2-282	3564-3571	positum	
2-283	3572-3575	est	
2-284	3576-3577	:	
2-285	3578-3589	adolebitque	
2-286	3590-3595	illud	
2-287	3596-3598	in	
2-288	3599-3605	altari	
2-289	3606-3608	in	
2-290	3609-3619	monimentum	
2-291	3620-3626	odoris	
2-292	3627-3637	suavissimi	
2-293	3638-3644	Domino	
2-294	3645-3646	:	
2-295	3647-3649	16	
2-296	3650-3658	reliquam	
2-297	3659-3664	autem	
2-298	3665-3671	partem	
2-299	3672-3678	similæ	
2-300	3679-3686	comedet	
2-301	3687-3692	Aaron	
2-302	3693-3696	cum	
2-303	3697-3703	filiis	
2-304	3704-3708	suis	
2-305	3708-3709	,	
2-306	3710-3716	absque	
2-307	3717-3725	fermento	
2-308	3726-3727	:	
2-309	3728-3730	et	
2-310	3731-3738	comedet	
2-311	3739-3741	in	
2-312	3742-3746	loco	
2-313	3747-3753	sancto	
2-314	3754-3759	atrii	
2-315	3760-3771	tabernaculi	
2-316	3771-3772	.	
2-317	3773-3775	17	
2-318	3776-3780	Ideo	
2-319	3781-3786	autem	
2-320	3787-3790	non	
2-321	3791-3804	fermentabitur	
2-322	3804-3805	,	
2-323	3806-3810	quia	
2-324	3811-3815	pars	
2-325	3816-3820	ejus	
2-326	3821-3823	in	
2-327	3824-3830	Domini	
2-328	3831-3839	offertur	
2-329	3840-3848	incensum	
2-330	3848-3849	.	

#Text=Sanctum sanctorum erit, sicut pro peccato atque delicto.
#Text=18 Mares tantum stirpis Aaron comedent illud.
3-1	3850-3857	Sanctum	
3-2	3858-3867	sanctorum	
3-3	3868-3872	erit	
3-4	3872-3873	,	
3-5	3874-3879	sicut	
3-6	3880-3883	pro	
3-7	3884-3891	peccato	
3-8	3892-3897	atque	
3-9	3898-3905	delicto	
3-10	3905-3906	.	
3-11	3907-3909	18	
3-12	3910-3915	Mares	
3-13	3916-3922	tantum	
3-14	3923-3930	stirpis	
3-15	3931-3936	Aaron	
3-16	3937-3945	comedent	
3-17	3946-3951	illud	
3-18	3951-3952	.	

#Text=Legitimum ac sempiternum erit in generationibus vestris de sacrificiis Domini : omnis qui tetigerit illa, sanctificabitur.
4-1	3953-3962	Legitimum	
4-2	3963-3965	ac	
4-3	3966-3977	sempiternum	
4-4	3978-3982	erit	
4-5	3983-3985	in	
4-6	3986-4000	generationibus	
4-7	4001-4008	vestris	
4-8	4009-4011	de	
4-9	4012-4023	sacrificiis	
4-10	4024-4030	Domini	
4-11	4031-4032	:	
4-12	4033-4038	omnis	
4-13	4039-4042	qui	
4-14	4043-4052	tetigerit	
4-15	4053-4057	illa	
4-16	4057-4058	,	
4-17	4059-4074	sanctificabitur	
4-18	4074-4075	.	
