#FORMAT=WebAnno TSV 3.3
#T_SP=custom.Span|label
#T_RL=custom.Relation|label|BT_custom.Span


#Text=Agtſtein 1.
1-1	2-10	Agtſtein	_	_	_	
1-2	11-12	1	_	_	_	
1-3	12-13	.	_	_	_	

#Text=Quentlein.
2-1	14-23	Quentlein	_	_	_	
2-2	23-24	.	_	_	_	

#Text=Benzoes
#Text=
#Text=Sto-
#Text=
#Text=\f
#Text=[312/0338]
#Text=Studenten-Kranckheiten
#Text=
#Text=
#Text=Storax Calamita iedes 1½.
3-1	28-35	Benzoes	_	_	_	
3-2	37-40	Sto	_	_	_	
3-3	40-41	-	_	_	_	
3-4	45-46	[	_	_	_	
3-5	46-49	312	_	_	_	
3-6	49-50	/	_	_	_	
3-7	50-54	0338	_	_	_	
3-8	54-55	]	_	_	_	
3-9	56-78	Studenten-Kranckheiten	_	_	_	
3-10	81-87	Storax	_	_	_	
3-11	88-96	Calamita	_	_	_	
3-12	97-102	iedes	_	_	_	
3-13	103-105	1½	_	_	_	
3-14	105-106	.	_	_	_	

#Text=Quentl.
4-1	107-113	Quentl	_	_	_	
4-2	113-114	.	_	_	_	

#Text=Maſtix/
#Text=Weyrauch iedes 1.
5-1	118-124	Maſtix	_	_	_	
5-2	124-125	/	_	_	_	
5-3	126-134	Weyrauch	_	_	_	
5-4	135-140	iedes	_	_	_	
5-5	141-142	1	_	_	_	
5-6	142-143	.	_	_	_	

#Text=Scrup
#Text=
#Text=
#Text=
#Text=Lavendel
#Text=Blumen/ 3. pugill.
6-1	144-149	Scrup	_	_	_	
6-2	153-161	Lavendel	_	_	_	
6-3	162-168	Blumen	_	_	_	
6-4	168-169	/	_	_	_	
6-5	170-171	3	_	_	_	
6-6	171-172	.	_	_	_	
6-7	173-179	pugill	_	_	_	
6-8	179-180	.	_	_	_	

#Text=wohl riechende Spaniſche Maſſa
#Text=
#Text=guten Theil
#Text=
#Text=geraſpelt Roſen
#Text=Holtz
#Text=ein wenig.
7-1	183-187	wohl	Quality[1]|Smell\_Word[2]	*	7-3[3_2]	
7-2	188-197	riechende	Quality[1]|Smell\_Word[2]	_	_	
7-3	198-207	Spaniſche	Smell\_Source[3]	_	_	
7-4	208-213	Maſſa	Smell\_Source[3]	_	_	
7-5	215-220	guten	_	_	_	
7-6	221-226	Theil	_	_	_	
7-7	228-237	geraſpelt	_	_	_	
7-8	238-243	Roſen	_	_	_	
7-9	244-249	Holtz	_	_	_	
7-10	250-253	ein	_	_	_	
7-11	254-259	wenig	_	_	_	
7-12	259-260	.	_	_	_	

#Text=Mache es zum groben Pulver/
#Text=das
#Text=giebt einen angenehmen und dem Kopff
#Text=
#Text=zutraͤglichen Geruch.
8-1	263-268	Mache	_	_	_	
8-2	269-271	es	_	_	_	
8-3	272-275	zum	_	_	_	
8-4	276-282	groben	_	_	_	
8-5	283-289	Pulver	_	_	_	
8-6	289-290	/	_	_	_	
8-7	291-294	das	_	_	_	
8-8	295-300	giebt	_	_	_	
8-9	301-306	einen	_	_	_	
8-10	307-317	angenehmen	_	_	_	
8-11	318-321	und	_	_	_	
8-12	322-325	dem	_	_	_	
8-13	326-331	Kopff	_	_	_	
8-14	333-346	zutraͤglichen	_	_	_	
8-15	347-353	Geruch	*[4]|Smell\_Word[5]	_	_	
8-16	353-354	.	_	_	_	

#Text=V.
9-1	358-359	V	_	_	_	
9-2	359-360	.	_	_	_	

#Text=Ein gutes Zahn Pulver
10-1	362-365	Ein	_	_	_	
10-2	366-371	gutes	_	_	_	
10-3	372-376	Zahn	_	_	_	
10-4	377-383	Pulver	_	_	_	

#Text=.
11-1	383-384	.	_	_	_	

#Text=℞ Des weiſſen Jeniſchen Streu-
#Text=
#Text=Sand Stein/
12-1	386-387	℞	_	_	_	
12-2	388-391	Des	_	_	_	
12-3	392-399	weiſſen	_	_	_	
12-4	400-409	Jeniſchen	_	_	_	
12-5	410-415	Streu	_	_	_	
12-6	415-416	-	_	_	_	
12-7	418-422	Sand	_	_	_	
12-8	423-428	Stein	_	_	_	
12-9	428-429	/	_	_	_	
