#FORMAT=WebAnno TSV 3.3
#T_SP=custom.Span|label
#T_RL=custom.Relation|label|BT_custom.Span


#Text=Tabelle des Gehaltes der Ammoniakflüſſigkeit an Ammoniak-
#Text=gas bei 14°.
1-1	5-12	Tabelle	_	_	_	
1-2	13-16	des	_	_	_	
1-3	17-25	Gehaltes	_	_	_	
1-4	26-29	der	_	_	_	
1-5	30-49	Ammoniakflüſſigkeit	_	_	_	
1-6	50-52	an	_	_	_	
1-7	53-61	Ammoniak	_	_	_	
1-8	61-62	-	_	_	_	
1-9	63-66	gas	_	_	_	
1-10	67-70	bei	_	_	_	
1-11	71-73	14	_	_	_	
1-12	73-74	°	_	_	_	
1-13	74-75	.	_	_	_	

#Text=(Nach Carius.)
2-1	76-77	(	_	_	_	
2-2	77-81	Nach	_	_	_	
2-3	82-88	Carius	_	_	_	
2-4	88-89	.	_	_	_	
2-5	89-90	)	_	_	_	

#Text=Anwendung findet das Ammoniak zum Neutraliſieren ſaurer Flüſſig-
#Text=keiten und zum Fixieren einzelner Metalloxyde, z.
3-1	94-103	Anwendung	_	_	_	
3-2	104-110	findet	_	_	_	
3-3	111-114	das	_	_	_	
3-4	115-123	Ammoniak	_	_	_	
3-5	124-127	zum	_	_	_	
3-6	128-142	Neutraliſieren	_	_	_	
3-7	143-149	ſaurer	_	_	_	
3-8	150-157	Flüſſig	_	_	_	
3-9	157-158	-	_	_	_	
3-10	159-165	keiten	_	_	_	
3-11	166-169	und	_	_	_	
3-12	170-173	zum	_	_	_	
3-13	174-182	Fixieren	_	_	_	
3-14	183-192	einzelner	_	_	_	
3-15	193-204	Metalloxyde	_	_	_	
3-16	204-205	,	_	_	_	
3-17	206-207	z	_	_	_	
3-18	207-208	.	_	_	_	

#Text=B. der Oxyde des Chroms
#Text=und des Bleioxyds auf der Faſer, zum Auflöſen und Abziehen von auf den
#Text=Geweben befindlichen Kupferſalzen, als Hilfsmittel zum Löſen einiger natür-
#Text=licher Farbſtoffe, z.
4-1	209-210	B	_	_	_	
4-2	210-211	.	_	_	_	
4-3	212-215	der	_	_	_	
4-4	216-221	Oxyde	_	_	_	
4-5	222-225	des	_	_	_	
4-6	226-232	Chroms	_	_	_	
4-7	233-236	und	_	_	_	
4-8	237-240	des	_	_	_	
4-9	241-250	Bleioxyds	_	_	_	
4-10	251-254	auf	_	_	_	
4-11	255-258	der	_	_	_	
4-12	259-264	Faſer	_	_	_	
4-13	264-265	,	_	_	_	
4-14	266-269	zum	_	_	_	
4-15	270-278	Auflöſen	_	_	_	
4-16	279-282	und	_	_	_	
4-17	283-291	Abziehen	_	_	_	
4-18	292-295	von	_	_	_	
4-19	296-299	auf	_	_	_	
4-20	300-303	den	_	_	_	
4-21	304-311	Geweben	_	_	_	
4-22	312-324	befindlichen	_	_	_	
4-23	325-337	Kupferſalzen	_	_	_	
4-24	337-338	,	_	_	_	
4-25	339-342	als	_	_	_	
4-26	343-354	Hilfsmittel	_	_	_	
4-27	355-358	zum	_	_	_	
4-28	359-364	Löſen	_	_	_	
4-29	365-372	einiger	_	_	_	
4-30	373-378	natür	_	_	_	
4-31	378-379	-	_	_	_	
4-32	380-386	licher	_	_	_	
4-33	387-397	Farbſtoffe	_	_	_	
4-34	397-398	,	_	_	_	
4-35	399-400	z	_	_	_	
4-36	400-401	.	_	_	_	

#Text=B. des Cochenille- und des Orſeillefarbſtoffes, zur Löſung
#Text=
#Text=des Indigos in der Harnküpe, zum Schönen für einzelne Farben, endlich
#Text=als Fleckentilgungsmittel bei gebrauchter Garderobe.
#Text=
#Text=
#Text=2.
5-1	402-403	B	_	_	_	
5-2	403-404	.	_	_	_	
5-3	405-408	des	_	_	_	
5-4	409-419	Cochenille	_	_	_	
5-5	419-420	-	_	_	_	
5-6	421-424	und	_	_	_	
5-7	425-428	des	_	_	_	
5-8	429-448	Orſeillefarbſtoffes	_	_	_	
5-9	448-449	,	_	_	_	
5-10	450-453	zur	_	_	_	
5-11	454-460	Löſung	_	_	_	
5-12	462-465	des	_	_	_	
5-13	466-473	Indigos	_	_	_	
5-14	474-476	in	_	_	_	
5-15	477-480	der	_	_	_	
5-16	481-489	Harnküpe	_	_	_	
5-17	489-490	,	_	_	_	
5-18	491-494	zum	_	_	_	
5-19	495-502	Schönen	_	_	_	
5-20	503-506	für	_	_	_	
5-21	507-515	einzelne	_	_	_	
5-22	516-522	Farben	_	_	_	
5-23	522-523	,	_	_	_	
5-24	524-531	endlich	_	_	_	
5-25	532-535	als	_	_	_	
5-26	536-557	Fleckentilgungsmittel	_	_	_	
5-27	558-561	bei	_	_	_	
5-28	562-573	gebrauchter	_	_	_	
5-29	574-583	Garderobe	_	_	_	
5-30	583-584	.	_	_	_	
5-31	587-588	2	_	_	_	
5-32	588-589	.	_	_	_	

#Text=Aetzkali, Kalihydrat, Kaliumhydroxyd, KHO, iſt das am
#Text=ſtärkſten ätzend wirkende Alkali.
6-1	590-598	Aetzkali	_	_	_	
6-2	598-599	,	_	_	_	
6-3	600-610	Kalihydrat	_	_	_	
6-4	610-611	,	_	_	_	
6-5	612-626	Kaliumhydroxyd	_	_	_	
6-6	626-627	,	_	_	_	
6-7	628-631	KHO	_	_	_	
6-8	631-632	,	_	_	_	
6-9	633-636	iſt	_	_	_	
6-10	637-640	das	_	_	_	
6-11	641-643	am	_	_	_	
6-12	644-653	ſtärkſten	_	_	_	
6-13	654-660	ätzend	_	_	_	
6-14	661-669	wirkende	_	_	_	
6-15	670-676	Alkali	_	_	_	
6-16	676-677	.	_	_	_	

#Text=Es wird aus der Pottaſche durch Kochen
#Text=
#Text=mit Aetzkalk gewonnen.
7-1	678-680	Es	_	_	_	
7-2	681-685	wird	_	_	_	
7-3	686-689	aus	Circumstances[1]	_	_	
7-4	690-693	der	Circumstances[1]	_	_	
7-5	694-703	Pottaſche	Circumstances[1]	_	_	
7-6	704-709	durch	Circumstances[1]	_	_	
7-7	710-716	Kochen	Circumstances[1]	_	_	
7-8	718-721	mit	Circumstances[1]	_	_	
7-9	722-730	Aetzkalk	Circumstances[1]	_	_	
7-10	731-739	gewonnen	_	_	_	
7-11	739-740	.	_	_	_	

#Text=Die dabei entſtehende Löſung von Aetzkali, die
#Text=Kalilauge, iſt eine gelbliche, ölartige, mit Waſſer in allen Verhältniſſen
#Text=
#Text=miſchbare Flüſſigkeit von eigentümlich laugenhaftem Geruch.
8-1	741-744	Die	_	_	_	
8-2	745-750	dabei	_	_	_	
8-3	751-762	entſtehende	_	_	_	
8-4	763-769	Löſung	_	_	_	
8-5	770-773	von	_	_	_	
8-6	774-782	Aetzkali	_	_	_	
8-7	782-783	,	_	_	_	
8-8	784-787	die	_	_	_	
8-9	788-797	Kalilauge	_	_	_	
8-10	797-798	,	_	_	_	
8-11	799-802	iſt	_	_	_	
8-12	803-807	eine	_	_	_	
8-13	808-817	gelbliche	_	_	_	
8-14	817-818	,	_	_	_	
8-15	819-827	ölartige	_	_	_	
8-16	827-828	,	_	_	_	
8-17	829-832	mit	_	_	_	
8-18	833-839	Waſſer	_	_	_	
8-19	840-842	in	_	_	_	
8-20	843-848	allen	_	_	_	
8-21	849-862	Verhältniſſen	_	_	_	
8-22	864-873	miſchbare	_	_	_	
8-23	874-885	Flüſſigkeit	Smell\_Source	_	_	
8-24	886-889	von	_	_	_	
8-25	890-902	eigentümlich	Quality	_	_	
8-26	903-915	laugenhaftem	Evoked\_Odorant	_	_	
8-27	916-922	Geruch	Smell\_Word	*|*|*|*	8-25|8-26|8-23|7-3[1_0]	
8-28	922-923	.	_	_	_	

#Text=Durch Ein-
#Text=dampfen der Lauge in ſchmiedeeiſernen Keſſeln bis zur Trockne und ſchließ-
#Text=liches Schmelzen erhält man das trockne Aetzkali entweder als krümliges
#Text=weißes Pulver oder in Form gegoſſener weißer Stangen.
9-1	924-929	Durch	_	_	_	
9-2	930-933	Ein	_	_	_	
9-3	933-934	-	_	_	_	
9-4	935-942	dampfen	_	_	_	
9-5	943-946	der	_	_	_	
9-6	947-952	Lauge	_	_	_	
9-7	953-955	in	_	_	_	
9-8	956-972	ſchmiedeeiſernen	_	_	_	
9-9	973-980	Keſſeln	_	_	_	
9-10	981-984	bis	_	_	_	
9-11	985-988	zur	_	_	_	
9-12	989-996	Trockne	_	_	_	
9-13	997-1000	und	_	_	_	
9-14	1001-1008	ſchließ	_	_	_	
9-15	1008-1009	-	_	_	_	
9-16	1010-1016	liches	_	_	_	
9-17	1017-1026	Schmelzen	_	_	_	
9-18	1027-1033	erhält	_	_	_	
9-19	1034-1037	man	_	_	_	
9-20	1038-1041	das	_	_	_	
9-21	1042-1049	trockne	_	_	_	
9-22	1050-1058	Aetzkali	_	_	_	
9-23	1059-1067	entweder	_	_	_	
9-24	1068-1071	als	_	_	_	
9-25	1072-1081	krümliges	_	_	_	
9-26	1082-1088	weißes	_	_	_	
9-27	1089-1095	Pulver	_	_	_	
9-28	1096-1100	oder	_	_	_	
9-29	1101-1103	in	_	_	_	
9-30	1104-1108	Form	_	_	_	
9-31	1109-1119	gegoſſener	_	_	_	
9-32	1120-1126	weißer	_	_	_	
9-33	1127-1134	Stangen	_	_	_	
9-34	1134-1135	.	_	_	_	

#Text=Es zieht begierig
#Text=
#Text=Feuchtigkeit aus der Luft an
#Text=und zerfließt ſchließlich vollſtändig zu einer
#Text=
#Text=
#Text=Ganswindt, Färberei
#Text=.
#Text=16\f
#Text=[242/0268
#Text=]
#Text=
#Text=ölartigen Flüſſigkeit, welche eine mit Pottaſche verunreinigte ſtarke Kalilauge
#Text=vorſtellt;
#Text=es zieht ferner Kohlenſäure aus der Luft an, damit Pottaſche
#Text=bildend.
10-1	1136-1138	Es	_	_	_	
10-2	1139-1144	zieht	_	_	_	
10-3	1145-1153	begierig	_	_	_	
10-4	1155-1167	Feuchtigkeit	_	_	_	
10-5	1168-1171	aus	_	_	_	
10-6	1172-1175	der	_	_	_	
10-7	1176-1180	Luft	_	_	_	
10-8	1181-1183	an	_	_	_	
10-9	1184-1187	und	_	_	_	
10-10	1188-1197	zerfließt	_	_	_	
10-11	1198-1209	ſchließlich	_	_	_	
10-12	1210-1221	vollſtändig	_	_	_	
10-13	1222-1224	zu	_	_	_	
10-14	1225-1230	einer	_	_	_	
10-15	1233-1242	Ganswindt	_	_	_	
10-16	1242-1243	,	_	_	_	
10-17	1244-1252	Färberei	_	_	_	
10-18	1253-1254	.	_	_	_	
10-19	1255-1257	16	_	_	_	
10-20	1259-1260	[	_	_	_	
10-21	1260-1263	242	_	_	_	
10-22	1263-1264	/	_	_	_	
10-23	1264-1268	0268	_	_	_	
10-24	1269-1270	]	_	_	_	
10-25	1272-1281	ölartigen	_	_	_	
10-26	1282-1293	Flüſſigkeit	_	_	_	
10-27	1293-1294	,	_	_	_	
10-28	1295-1301	welche	_	_	_	
10-29	1302-1306	eine	_	_	_	
10-30	1307-1310	mit	_	_	_	
10-31	1311-1320	Pottaſche	_	_	_	
10-32	1321-1334	verunreinigte	_	_	_	
10-33	1335-1341	ſtarke	_	_	_	
10-34	1342-1351	Kalilauge	_	_	_	
10-35	1352-1361	vorſtellt	_	_	_	
10-36	1361-1362	;	_	_	_	
10-37	1363-1365	es	_	_	_	
10-38	1366-1371	zieht	_	_	_	
10-39	1372-1378	ferner	_	_	_	
10-40	1379-1390	Kohlenſäure	_	_	_	
10-41	1391-1394	aus	_	_	_	
10-42	1395-1398	der	_	_	_	
10-43	1399-1403	Luft	_	_	_	
10-44	1404-1406	an	_	_	_	
10-45	1406-1407	,	_	_	_	
10-46	1408-1413	damit	_	_	_	
10-47	1414-1423	Pottaſche	_	_	_	
10-48	1424-1431	bildend	_	_	_	
10-49	1431-1432	.	_	_	_	

#Text=Es muß aus dieſem Grunde vor Luftzutritt ſorgfältig geſchützt
11-1	1433-1435	Es	_	_	_	
11-2	1436-1439	muß	_	_	_	
11-3	1440-1443	aus	_	_	_	
11-4	1444-1450	dieſem	_	_	_	
11-5	1451-1457	Grunde	_	_	_	
11-6	1458-1461	vor	_	_	_	
11-7	1462-1473	Luftzutritt	_	_	_	
11-8	1474-1484	ſorgfältig	_	_	_	
11-9	1485-1494	geſchützt	_	_	_	
