#FORMAT=WebAnno TSV 3.3


#Text=8 Unus est, et secundum non habet, non filium, non fratrem, et tamen laborare non cessat, nec satiantur oculi ejus divitiis ; nec recogitat, dicens : Cui laboro, et fraudo animam meam bonis ?
1-1	2-3	8	
1-2	4-8	Unus	
1-3	9-12	est	
1-4	12-13	,	
1-5	14-16	et	
1-6	17-25	secundum	
1-7	26-29	non	
1-8	30-35	habet	
1-9	35-36	,	
1-10	37-40	non	
1-11	41-47	filium	
1-12	47-48	,	
1-13	49-52	non	
1-14	53-60	fratrem	
1-15	60-61	,	
1-16	62-64	et	
1-17	65-70	tamen	
1-18	71-79	laborare	
1-19	80-83	non	
1-20	84-90	cessat	
1-21	90-91	,	
1-22	92-95	nec	
1-23	96-105	satiantur	
1-24	106-111	oculi	
1-25	112-116	ejus	
1-26	117-125	divitiis	
1-27	126-127	;	
1-28	128-131	nec	
1-29	132-141	recogitat	
1-30	141-142	,	
1-31	143-149	dicens	
1-32	150-151	:	
1-33	152-155	Cui	
1-34	156-162	laboro	
1-35	162-163	,	
1-36	164-166	et	
1-37	167-173	fraudo	
1-38	174-180	animam	
1-39	181-185	meam	
1-40	186-191	bonis	
1-41	192-193	?	

#Text=In hoc quoque vanitas est et afflictio pessima.
#Text=9 Melius est ergo duos esse simul quam unum ; habent enim emolumentum societatis suæ.
#Text=10 Si unus ceciderit, ab altero fulcietur.
2-1	194-196	In	
2-2	197-200	hoc	
2-3	201-207	quoque	
2-4	208-215	vanitas	
2-5	216-219	est	
2-6	220-222	et	
2-7	223-232	afflictio	
2-8	233-240	pessima	
2-9	240-241	.	
2-10	242-243	9	
2-11	244-250	Melius	
2-12	251-254	est	
2-13	255-259	ergo	
2-14	260-264	duos	
2-15	265-269	esse	
2-16	270-275	simul	
2-17	276-280	quam	
2-18	281-285	unum	
2-19	286-287	;	
2-20	288-294	habent	
2-21	295-299	enim	
2-22	300-311	emolumentum	
2-23	312-322	societatis	
2-24	323-326	suæ	
2-25	326-327	.	
2-26	328-330	10	
2-27	331-333	Si	
2-28	334-338	unus	
2-29	339-348	ceciderit	
2-30	348-349	,	
2-31	350-352	ab	
2-32	353-359	altero	
2-33	360-369	fulcietur	
2-34	369-370	.	

#Text=Væ soli, quia cum ceciderit, non habet sublevantem se.
#Text=11 Et si dormierint duo, fovebuntur mutuo ; unus quomodo calefiet ?
3-1	371-373	Væ	
3-2	374-378	soli	
3-3	378-379	,	
3-4	380-384	quia	
3-5	385-388	cum	
3-6	389-398	ceciderit	
3-7	398-399	,	
3-8	400-403	non	
3-9	404-409	habet	
3-10	410-421	sublevantem	
3-11	422-424	se	
3-12	424-425	.	
3-13	426-428	11	
3-14	429-431	Et	
3-15	432-434	si	
3-16	435-445	dormierint	
3-17	446-449	duo	
3-18	449-450	,	
3-19	451-461	fovebuntur	
3-20	462-467	mutuo	
3-21	468-469	;	
3-22	470-474	unus	
3-23	475-482	quomodo	
3-24	483-491	calefiet	
3-25	492-493	?	

#Text=12 Et si quispiam prævaluerit contra unum, duo resistunt ei ; funiculus triplex difficile rumpitur.
#Text=13 Melior est puer pauper et sapiens, rege sene et stulto, qui nescit prævidere in posterum.
#Text=14 Quod de carcere catenisque interdum quis egrediatur ad regnum ; et alius, natus in regno, inopia consumatur.
#Text=15 Vidi cunctos viventes qui ambulant sub sole cum adolescente secundo, qui consurget pro eo.
#Text=16 Infinitus numerus est populi omnium qui fuerunt ante eum, et qui postea futuri sunt non lætabuntur in eo ; sed et hoc vanitas et afflictio spiritus.
#Text=17 Custodi pedem tuum ingrediens domum Dei, et appropinqua ut audias.
4-1	494-496	12	
4-2	497-499	Et	
4-3	500-502	si	
4-4	503-511	quispiam	
4-5	512-523	prævaluerit	
4-6	524-530	contra	
4-7	531-535	unum	
4-8	535-536	,	
4-9	537-540	duo	
4-10	541-550	resistunt	
4-11	551-553	ei	
4-12	554-555	;	
4-13	556-565	funiculus	
4-14	566-573	triplex	
4-15	574-583	difficile	
4-16	584-592	rumpitur	
4-17	592-593	.	
4-18	594-596	13	
4-19	597-603	Melior	
4-20	604-607	est	
4-21	608-612	puer	
4-22	613-619	pauper	
4-23	620-622	et	
4-24	623-630	sapiens	
4-25	630-631	,	
4-26	632-636	rege	
4-27	637-641	sene	
4-28	642-644	et	
4-29	645-651	stulto	
4-30	651-652	,	
4-31	653-656	qui	
4-32	657-663	nescit	
4-33	664-673	prævidere	
4-34	674-676	in	
4-35	677-685	posterum	
4-36	685-686	.	
4-37	687-689	14	
4-38	690-694	Quod	
4-39	695-697	de	
4-40	698-705	carcere	
4-41	706-716	catenisque	
4-42	717-725	interdum	
4-43	726-730	quis	
4-44	731-741	egrediatur	
4-45	742-744	ad	
4-46	745-751	regnum	
4-47	752-753	;	
4-48	754-756	et	
4-49	757-762	alius	
4-50	762-763	,	
4-51	764-769	natus	
4-52	770-772	in	
4-53	773-778	regno	
4-54	778-779	,	
4-55	780-786	inopia	
4-56	787-797	consumatur	
4-57	797-798	.	
4-58	799-801	15	
4-59	802-806	Vidi	
4-60	807-814	cunctos	
4-61	815-823	viventes	
4-62	824-827	qui	
4-63	828-836	ambulant	
4-64	837-840	sub	
4-65	841-845	sole	
4-66	846-849	cum	
4-67	850-861	adolescente	
4-68	862-869	secundo	
4-69	869-870	,	
4-70	871-874	qui	
4-71	875-884	consurget	
4-72	885-888	pro	
4-73	889-891	eo	
4-74	891-892	.	
4-75	893-895	16	
4-76	896-905	Infinitus	
4-77	906-913	numerus	
4-78	914-917	est	
4-79	918-924	populi	
4-80	925-931	omnium	
4-81	932-935	qui	
4-82	936-943	fuerunt	
4-83	944-948	ante	
4-84	949-952	eum	
4-85	952-953	,	
4-86	954-956	et	
4-87	957-960	qui	
4-88	961-967	postea	
4-89	968-974	futuri	
4-90	975-979	sunt	
4-91	980-983	non	
4-92	984-994	lætabuntur	
4-93	995-997	in	
4-94	998-1000	eo	
4-95	1001-1002	;	
4-96	1003-1006	sed	
4-97	1007-1009	et	
4-98	1010-1013	hoc	
4-99	1014-1021	vanitas	
4-100	1022-1024	et	
4-101	1025-1034	afflictio	
4-102	1035-1043	spiritus	
4-103	1043-1044	.	
4-104	1045-1047	17	
4-105	1048-1055	Custodi	
4-106	1056-1061	pedem	
4-107	1062-1066	tuum	
4-108	1067-1077	ingrediens	
4-109	1078-1083	domum	
4-110	1084-1087	Dei	
4-111	1087-1088	,	
4-112	1089-1091	et	
4-113	1092-1103	appropinqua	
4-114	1104-1106	ut	
4-115	1107-1113	audias	
4-116	1113-1114	.	

#Text=Multo enim melior est obedientia quam stultorum victimæ, qui nesciunt quid faciunt mali.
5-1	1115-1120	Multo	
5-2	1121-1125	enim	
5-3	1126-1132	melior	
5-4	1133-1136	est	
5-5	1137-1147	obedientia	
5-6	1148-1152	quam	
5-7	1153-1162	stultorum	
5-8	1163-1170	victimæ	
5-9	1170-1171	,	
5-10	1172-1175	qui	
5-11	1176-1184	nesciunt	
5-12	1185-1189	quid	
5-13	1190-1197	faciunt	
5-14	1198-1202	mali	
5-15	1202-1203	.	

#Text=Caput 5
#Text=
#Text=
#Text=1 Ne temere quid loquaris, neque cor tuum sit velox ad proferendum sermonem coram Deo.
6-1	1204-1209	Caput	
6-2	1210-1211	5	
6-3	1214-1215	1	
6-4	1216-1218	Ne	
6-5	1219-1225	temere	
6-6	1226-1230	quid	
6-7	1231-1239	loquaris	
6-8	1239-1240	,	
6-9	1241-1246	neque	
6-10	1247-1250	cor	
6-11	1251-1255	tuum	
6-12	1256-1259	sit	
6-13	1260-1265	velox	
6-14	1266-1268	ad	
6-15	1269-1280	proferendum	
6-16	1281-1289	sermonem	
6-17	1290-1295	coram	
6-18	1296-1299	Deo	
6-19	1299-1300	.	

#Text=Deus enim in cælo, et tu super terram ; idcirco sint pauci sermones tui.
#Text=2 Multas curas sequuntur somnia, et in multis sermonibus invenietur stultitia.
#Text=3 Si quid vovisti Deo, ne moreris reddere : displicet enim ei infidelis et stulta promissio, sed quodcumque voveris redde : 4 multoque melius est non vovere, quam post votum promissa non reddere.
#Text=5 Ne dederis os tuum ut peccare facias carnem tuam, neque dicas coram angelo : Non est providentia : ne forte iratus Deus contra sermones tuos dissipet cuncta opera manuum tuarum.
#Text=6 Ubi multa sunt somnia, plurimæ sunt vanitates, et sermones innumeri ; tu vero Deum time.
#Text=7 Si videris calumnias egenorum, et violenta judicia, et subverti justitiam in provincia, non mireris super hoc negotio : quia excelso excelsior est alius, et super hos quoque eminentiores sunt alii ; 8 et insuper universæ terræ rex imperat servienti.
7-1	1301-1305	Deus	
7-2	1306-1310	enim	
7-3	1311-1313	in	
7-4	1314-1318	cælo	
7-5	1318-1319	,	
7-6	1320-1322	et	
7-7	1323-1325	tu	
7-8	1326-1331	super	
7-9	1332-1338	terram	
7-10	1339-1340	;	
7-11	1341-1348	idcirco	
7-12	1349-1353	sint	
7-13	1354-1359	pauci	
7-14	1360-1368	sermones	
7-15	1369-1372	tui	
7-16	1372-1373	.	
7-17	1374-1375	2	
7-18	1376-1382	Multas	
7-19	1383-1388	curas	
7-20	1389-1398	sequuntur	
7-21	1399-1405	somnia	
7-22	1405-1406	,	
7-23	1407-1409	et	
7-24	1410-1412	in	
7-25	1413-1419	multis	
7-26	1420-1430	sermonibus	
7-27	1431-1441	invenietur	
7-28	1442-1451	stultitia	
7-29	1451-1452	.	
7-30	1453-1454	3	
7-31	1455-1457	Si	
7-32	1458-1462	quid	
7-33	1463-1470	vovisti	
7-34	1471-1474	Deo	
7-35	1474-1475	,	
7-36	1476-1478	ne	
7-37	1479-1486	moreris	
7-38	1487-1494	reddere	
7-39	1495-1496	:	
7-40	1497-1506	displicet	
7-41	1507-1511	enim	
7-42	1512-1514	ei	
7-43	1515-1524	infidelis	
7-44	1525-1527	et	
7-45	1528-1534	stulta	
7-46	1535-1544	promissio	
7-47	1544-1545	,	
7-48	1546-1549	sed	
7-49	1550-1560	quodcumque	
7-50	1561-1568	voveris	
7-51	1569-1574	redde	
7-52	1575-1576	:	
7-53	1577-1578	4	
7-54	1579-1587	multoque	
7-55	1588-1594	melius	
7-56	1595-1598	est	
7-57	1599-1602	non	
7-58	1603-1609	vovere	
7-59	1609-1610	,	
7-60	1611-1615	quam	
7-61	1616-1620	post	
7-62	1621-1626	votum	
7-63	1627-1635	promissa	
7-64	1636-1639	non	
7-65	1640-1647	reddere	
7-66	1647-1648	.	
7-67	1649-1650	5	
7-68	1651-1653	Ne	
7-69	1654-1661	dederis	
7-70	1662-1664	os	
7-71	1665-1669	tuum	
7-72	1670-1672	ut	
7-73	1673-1680	peccare	
7-74	1681-1687	facias	
7-75	1688-1694	carnem	
7-76	1695-1699	tuam	
7-77	1699-1700	,	
7-78	1701-1706	neque	
7-79	1707-1712	dicas	
7-80	1713-1718	coram	
7-81	1719-1725	angelo	
7-82	1726-1727	:	
7-83	1728-1731	Non	
7-84	1732-1735	est	
7-85	1736-1747	providentia	
7-86	1748-1749	:	
7-87	1750-1752	ne	
7-88	1753-1758	forte	
7-89	1759-1765	iratus	
7-90	1766-1770	Deus	
7-91	1771-1777	contra	
7-92	1778-1786	sermones	
7-93	1787-1791	tuos	
7-94	1792-1800	dissipet	
7-95	1801-1807	cuncta	
7-96	1808-1813	opera	
7-97	1814-1820	manuum	
7-98	1821-1827	tuarum	
7-99	1827-1828	.	
7-100	1829-1830	6	
7-101	1831-1834	Ubi	
7-102	1835-1840	multa	
7-103	1841-1845	sunt	
7-104	1846-1852	somnia	
7-105	1852-1853	,	
7-106	1854-1861	plurimæ	
7-107	1862-1866	sunt	
7-108	1867-1876	vanitates	
7-109	1876-1877	,	
7-110	1878-1880	et	
7-111	1881-1889	sermones	
7-112	1890-1898	innumeri	
7-113	1899-1900	;	
7-114	1901-1903	tu	
7-115	1904-1908	vero	
7-116	1909-1913	Deum	
7-117	1914-1918	time	
7-118	1918-1919	.	
7-119	1920-1921	7	
7-120	1922-1924	Si	
7-121	1925-1932	videris	
7-122	1933-1942	calumnias	
7-123	1943-1951	egenorum	
7-124	1951-1952	,	
7-125	1953-1955	et	
7-126	1956-1964	violenta	
7-127	1965-1972	judicia	
7-128	1972-1973	,	
7-129	1974-1976	et	
7-130	1977-1985	subverti	
7-131	1986-1995	justitiam	
7-132	1996-1998	in	
7-133	1999-2008	provincia	
7-134	2008-2009	,	
7-135	2010-2013	non	
7-136	2014-2021	mireris	
7-137	2022-2027	super	
7-138	2028-2031	hoc	
7-139	2032-2039	negotio	
7-140	2040-2041	:	
7-141	2042-2046	quia	
7-142	2047-2054	excelso	
7-143	2055-2064	excelsior	
7-144	2065-2068	est	
7-145	2069-2074	alius	
7-146	2074-2075	,	
7-147	2076-2078	et	
7-148	2079-2084	super	
7-149	2085-2088	hos	
7-150	2089-2095	quoque	
7-151	2096-2108	eminentiores	
7-152	2109-2113	sunt	
7-153	2114-2118	alii	
7-154	2119-2120	;	
7-155	2121-2122	8	
7-156	2123-2125	et	
7-157	2126-2133	insuper	
7-158	2134-2142	universæ	
7-159	2143-2148	terræ	
7-160	2149-2152	rex	
7-161	2153-2160	imperat	
7-162	2161-2170	servienti	
7-163	2170-2171	.	
