#FORMAT=WebAnno TSV 3.3
#T_SP=custom.Span|label
#T_RL=custom.Relation|label|BT_custom.Span


#Text=alleen enkele roofdieren maken daarop eene uitzondering en worden op den buit, die voor hun gezigtskring
#Text=[
#Text=p. 411
#Text=]
#Text=te verwijderd is, door het orgaan van den reuk opmerkzaam gemaakt.
1-1	2-8	alleen	_	_	_	
1-2	9-15	enkele	_	_	_	
1-3	16-26	roofdieren	_	_	_	
1-4	27-32	maken	_	_	_	
1-5	33-39	daarop	_	_	_	
1-6	40-44	eene	_	_	_	
1-7	45-57	uitzondering	_	_	_	
1-8	58-60	en	_	_	_	
1-9	61-67	worden	_	_	_	
1-10	68-70	op	_	_	_	
1-11	71-74	den	_	_	_	
1-12	75-79	buit	_	_	_	
1-13	79-80	,	_	_	_	
1-14	81-84	die	_	_	_	
1-15	85-89	voor	_	_	_	
1-16	90-93	hun	_	_	_	
1-17	94-106	gezigtskring	_	_	_	
1-18	107-108	[	_	_	_	
1-19	109-110	p	_	_	_	
1-20	110-111	.	_	_	_	
1-21	112-115	411	_	_	_	
1-22	116-117	]	_	_	_	
1-23	118-120	te	_	_	_	
1-24	121-131	verwijderd	_	_	_	
1-25	132-134	is	_	_	_	
1-26	134-135	,	_	_	_	
1-27	136-140	door	_	_	_	
1-28	141-144	het	_	_	_	
1-29	145-151	orgaan	_	_	_	
1-30	152-155	van	_	_	_	
1-31	156-159	den	_	_	_	
1-32	160-164	reuk	_	_	_	
1-33	165-175	opmerkzaam	_	_	_	
1-34	176-183	gemaakt	_	_	_	
1-35	183-184	.	_	_	_	

#Text=Over het reukorgaan der amphibiën en visschen weet ik hier niet veel te zeggen.
2-1	185-189	Over	_	_	_	
2-2	190-193	het	_	_	_	
2-3	194-204	reukorgaan	_	_	_	
2-4	205-208	der	_	_	_	
2-5	209-218	amphibiën	_	_	_	
2-6	219-221	en	_	_	_	
2-7	222-230	visschen	_	_	_	
2-8	231-235	weet	_	_	_	
2-9	236-238	ik	_	_	_	
2-10	239-243	hier	_	_	_	
2-11	244-248	niet	_	_	_	
2-12	249-253	veel	_	_	_	
2-13	254-256	te	_	_	_	
2-14	257-263	zeggen	_	_	_	
2-15	263-264	.	_	_	_	

#Text=De lagere of zoogenaamde wervellooze dieren schijnen zich meest in dien toestand te bevinden als de mensch, wanneer hij zeer verkouden is - zij rieken namelijk volstrekt niet.
3-1	267-269	De	Perceiver[1]	Anaphoric	3-25[0_1]	
3-2	270-276	lagere	Perceiver[1]	_	_	
3-3	277-279	of	Perceiver[1]	_	_	
3-4	280-291	zoogenaamde	Perceiver[1]	_	_	
3-5	292-303	wervellooze	Perceiver[1]	_	_	
3-6	304-310	dieren	Perceiver[1]	_	_	
3-7	311-319	schijnen	_	_	_	
3-8	320-324	zich	_	_	_	
3-9	325-330	meest	_	_	_	
3-10	331-333	in	_	_	_	
3-11	334-338	dien	_	_	_	
3-12	339-347	toestand	_	_	_	
3-13	348-350	te	_	_	_	
3-14	351-359	bevinden	_	_	_	
3-15	360-363	als	_	_	_	
3-16	364-366	de	_	_	_	
3-17	367-373	mensch	_	_	_	
3-18	373-374	,	_	_	_	
3-19	375-382	wanneer	Circumstances[2]	_	_	
3-20	383-386	hij	Circumstances[2]	_	_	
3-21	387-391	zeer	Circumstances[2]	_	_	
3-22	392-401	verkouden	Circumstances[2]	_	_	
3-23	402-404	is	Circumstances[2]	_	_	
3-24	405-406	-	_	_	_	
3-25	407-410	zij	Perceiver	_	_	
3-26	411-417	rieken	Smell\_Word	*|*|*|*	3-28[3_0]|3-19[2_0]|3-1[1_0]|3-25	
3-27	418-426	namelijk	_	_	_	
3-28	427-436	volstrekt	Circumstances[3]	_	_	
3-29	437-441	niet	Circumstances[3]	_	_	
3-30	441-442	.	_	_	_	

#Text=Alleen bij enkele, de inktslakken (sepiën, calamari), kan men met eenige waarschijnlijkheid zekere aan den kop aanwezige groefjes als het orgaan van den reuk aanwijzen.
4-1	443-449	Alleen	_	_	_	
4-2	450-453	bij	_	_	_	
4-3	454-460	enkele	_	_	_	
4-4	460-461	,	_	_	_	
4-5	462-464	de	_	_	_	
4-6	465-476	inktslakken	_	_	_	
4-7	477-478	(	_	_	_	
4-8	478-484	sepiën	_	_	_	
4-9	484-485	,	_	_	_	
4-10	486-494	calamari	_	_	_	
4-11	494-495	)	_	_	_	
4-12	495-496	,	_	_	_	
4-13	497-500	kan	_	_	_	
4-14	501-504	men	_	_	_	
4-15	505-508	met	_	_	_	
4-16	509-515	eenige	_	_	_	
4-17	516-534	waarschijnlijkheid	_	_	_	
4-18	535-541	zekere	_	_	_	
4-19	542-545	aan	_	_	_	
4-20	546-549	den	_	_	_	
4-21	550-553	kop	_	_	_	
4-22	554-563	aanwezige	_	_	_	
4-23	564-572	groefjes	_	_	_	
4-24	573-576	als	_	_	_	
4-25	577-580	het	_	_	_	
4-26	581-587	orgaan	_	_	_	
4-27	588-591	van	_	_	_	
4-28	592-595	den	_	_	_	
4-29	596-600	reuk	_	_	_	
4-30	601-610	aanwijzen	_	_	_	
4-31	610-611	.	_	_	_	

#Text=Ook bij de rivierkreeft kan de zoöloog den neus aanwijzen, hoewel met veel minder stellige zekerheid.
5-1	612-615	Ook	_	_	_	
5-2	616-619	bij	_	_	_	
5-3	620-622	de	_	_	_	
5-4	623-635	rivierkreeft	_	_	_	
5-5	636-639	kan	_	_	_	
5-6	640-642	de	_	_	_	
5-7	643-650	zoöloog	_	_	_	
5-8	651-654	den	_	_	_	
5-9	655-659	neus	_	_	_	
5-10	660-669	aanwijzen	_	_	_	
5-11	669-670	,	_	_	_	
5-12	671-677	hoewel	_	_	_	
5-13	678-681	met	_	_	_	
5-14	682-686	veel	_	_	_	
5-15	687-693	minder	_	_	_	
5-16	694-702	stellige	_	_	_	
5-17	703-712	zekerheid	_	_	_	
5-18	712-713	.	_	_	_	

#Text=Van de insecten daarentegen kan men niets bepaalds zeggen, hoewel het genoeg bekend en schier zeker is, dat velen derzelve een uitmuntenden reuk hebben;
#Text=want op een tot bederf overgaand ligchaam vertoonen zich immers al zeer spoedig de zoogenaamde aasvliegen;
#Text=evenzeer worden de mestkevers door dien hun welgevalligen reuk geleid.
6-1	714-717	Van	_	_	_	
6-2	718-720	de	_	_	_	
6-3	721-729	insecten	_	_	_	
6-4	730-741	daarentegen	_	_	_	
6-5	742-745	kan	_	_	_	
6-6	746-749	men	_	_	_	
6-7	750-755	niets	_	_	_	
6-8	756-764	bepaalds	_	_	_	
6-9	765-771	zeggen	_	_	_	
6-10	771-772	,	_	_	_	
6-11	773-779	hoewel	_	_	_	
6-12	780-783	het	_	_	_	
6-13	784-790	genoeg	_	_	_	
6-14	791-797	bekend	_	_	_	
6-15	798-800	en	_	_	_	
6-16	801-807	schier	_	_	_	
6-17	808-813	zeker	_	_	_	
6-18	814-816	is	_	_	_	
6-19	816-817	,	_	_	_	
6-20	818-821	dat	_	_	_	
6-21	822-827	velen	_	_	_	
6-22	828-836	derzelve	_	_	_	
6-23	837-840	een	_	_	_	
6-24	841-853	uitmuntenden	_	_	_	
6-25	854-858	reuk	_	_	_	
6-26	859-865	hebben	_	_	_	
6-27	865-866	;	_	_	_	
6-28	867-871	want	_	_	_	
6-29	872-874	op	_	_	_	
6-30	875-878	een	_	_	_	
6-31	879-882	tot	_	_	_	
6-32	883-889	bederf	_	_	_	
6-33	890-899	overgaand	_	_	_	
6-34	900-908	ligchaam	_	_	_	
6-35	909-918	vertoonen	_	_	_	
6-36	919-923	zich	_	_	_	
6-37	924-930	immers	_	_	_	
6-38	931-933	al	_	_	_	
6-39	934-938	zeer	_	_	_	
6-40	939-946	spoedig	_	_	_	
6-41	947-949	de	_	_	_	
6-42	950-961	zoogenaamde	_	_	_	
6-43	962-972	aasvliegen	_	_	_	
6-44	972-973	;	_	_	_	
6-45	974-982	evenzeer	_	_	_	
6-46	983-989	worden	_	_	_	
6-47	990-992	de	_	_	_	
6-48	993-1003	mestkevers	_	_	_	
6-49	1004-1008	door	_	_	_	
6-50	1009-1013	dien	_	_	_	
6-51	1014-1017	hun	_	_	_	
6-52	1018-1031	welgevalligen	_	_	_	
6-53	1032-1036	reuk	_	_	_	
6-54	1037-1043	geleid	_	_	_	
6-55	1043-1044	.	_	_	_	

#Text=En welk is nu het reukorgaan dezer dieren?
7-1	1045-1047	En	_	_	_	
7-2	1048-1052	welk	_	_	_	
7-3	1053-1055	is	_	_	_	
7-4	1056-1058	nu	_	_	_	
7-5	1059-1062	het	_	_	_	
7-6	1063-1073	reukorgaan	_	_	_	
7-7	1074-1079	dezer	_	_	_	
7-8	1080-1086	dieren	_	_	_	
7-9	1086-1087	?	_	_	_	

#Text=Men moet aannemen, dat hunne voelhorens, even als om te tasten, ook ter opneming van reukopwekkingen geschikt zijn;
#Text=met het mikroskoop althans kan men daaraan kleine groefjes waarnemen, die eenige zekerheid geven tot die onderstelling van den natuuronderzoeker, terwijl overigens aan hun zoo duizendvoudig doorkorven ligchaam geene andere plaats aanwezig of althans te vinden is, waaruit men zou kunnen opmaken, dat zij in staat zijn om te ruiken.
8-1	1088-1091	Men	_	_	_	
8-2	1092-1096	moet	_	_	_	
8-3	1097-1105	aannemen	_	_	_	
8-4	1105-1106	,	_	_	_	
8-5	1107-1110	dat	_	_	_	
8-6	1111-1116	hunne	_	_	_	
8-7	1117-1127	voelhorens	_	_	_	
8-8	1127-1128	,	_	_	_	
8-9	1129-1133	even	_	_	_	
8-10	1134-1137	als	_	_	_	
8-11	1138-1140	om	_	_	_	
8-12	1141-1143	te	_	_	_	
8-13	1144-1150	tasten	_	_	_	
8-14	1150-1151	,	_	_	_	
8-15	1152-1155	ook	_	_	_	
8-16	1156-1159	ter	_	_	_	
8-17	1160-1168	opneming	_	_	_	
8-18	1169-1172	van	_	_	_	
8-19	1173-1188	reukopwekkingen	_	_	_	
8-20	1189-1197	geschikt	_	_	_	
8-21	1198-1202	zijn	_	_	_	
8-22	1202-1203	;	_	_	_	
8-23	1204-1207	met	_	_	_	
8-24	1208-1211	het	_	_	_	
8-25	1212-1222	mikroskoop	_	_	_	
8-26	1223-1230	althans	_	_	_	
8-27	1231-1234	kan	_	_	_	
8-28	1235-1238	men	_	_	_	
8-29	1239-1246	daaraan	_	_	_	
8-30	1247-1253	kleine	_	_	_	
8-31	1254-1262	groefjes	_	_	_	
8-32	1263-1272	waarnemen	_	_	_	
8-33	1272-1273	,	_	_	_	
8-34	1274-1277	die	_	_	_	
8-35	1278-1284	eenige	_	_	_	
8-36	1285-1294	zekerheid	_	_	_	
8-37	1295-1300	geven	_	_	_	
8-38	1301-1304	tot	_	_	_	
8-39	1305-1308	die	_	_	_	
8-40	1309-1322	onderstelling	_	_	_	
8-41	1323-1326	van	_	_	_	
8-42	1327-1330	den	_	_	_	
8-43	1331-1348	natuuronderzoeker	_	_	_	
8-44	1348-1349	,	_	_	_	
8-45	1350-1357	terwijl	_	_	_	
8-46	1358-1367	overigens	_	_	_	
8-47	1368-1371	aan	_	_	_	
8-48	1372-1375	hun	_	_	_	
8-49	1376-1379	zoo	_	_	_	
8-50	1380-1393	duizendvoudig	_	_	_	
8-51	1394-1404	doorkorven	_	_	_	
8-52	1405-1413	ligchaam	_	_	_	
8-53	1414-1419	geene	_	_	_	
8-54	1420-1426	andere	_	_	_	
8-55	1427-1433	plaats	_	_	_	
8-56	1434-1442	aanwezig	_	_	_	
8-57	1443-1445	of	_	_	_	
8-58	1446-1453	althans	_	_	_	
8-59	1454-1456	te	_	_	_	
8-60	1457-1463	vinden	_	_	_	
8-61	1464-1466	is	_	_	_	
8-62	1466-1467	,	_	_	_	
8-63	1468-1475	waaruit	_	_	_	
8-64	1476-1479	men	_	_	_	
8-65	1480-1483	zou	_	_	_	
8-66	1484-1490	kunnen	_	_	_	
8-67	1491-1498	opmaken	_	_	_	
8-68	1498-1499	,	_	_	_	
8-69	1500-1503	dat	_	_	_	
8-70	1504-1507	zij	_	_	_	
8-71	1508-1510	in	_	_	_	
8-72	1511-1516	staat	_	_	_	
8-73	1517-1521	zijn	_	_	_	
8-74	1522-1524	om	_	_	_	
8-75	1525-1527	te	_	_	_	
8-76	1528-1534	ruiken	_	_	_	
8-77	1534-1535	.	_	_	_	
