#FORMAT=WebAnno TSV 3.3
#T_SP=custom.Span|label
#T_RL=custom.Relation|label|BT_custom.Span


#Text=Il n'y avait autrefois qu'une pythie à Delphes: on en établit trois, lorsque l'oracle fut plus fréquenté; et il fut décidé qu'elles seraient âgées de plus de 50 ans, après qu'un thessalien eut enlevé une de ces prêtresses.
1-1	0-2	Il	_	_	_	
1-2	3-6	n'y	_	_	_	
1-3	7-12	avait	_	_	_	
1-4	13-22	autrefois	_	_	_	
1-5	23-29	qu'une	_	_	_	
1-6	30-36	pythie	_	_	_	
1-7	37-38	à	_	_	_	
1-8	39-46	Delphes	Location	_	_	
1-9	46-47	:	_	_	_	
1-10	48-50	on	_	_	_	
1-11	51-53	en	_	_	_	
1-12	54-61	établit	_	_	_	
1-13	62-67	trois	Odour\_Carrier	_	_	
1-14	67-68	,	_	_	_	
1-15	69-76	lorsque	_	_	_	
1-16	77-85	l'oracle	_	_	_	
1-17	86-89	fut	_	_	_	
1-18	90-94	plus	_	_	_	
1-19	95-104	fréquenté	_	_	_	
1-20	104-105	;	_	_	_	
1-21	106-108	et	_	_	_	
1-22	109-111	il	_	_	_	
1-23	112-115	fut	_	_	_	
1-24	116-122	décidé	_	_	_	
1-25	123-131	qu'elles	_	_	_	
1-26	132-140	seraient	_	_	_	
1-27	141-146	âgées	_	_	_	
1-28	147-149	de	_	_	_	
1-29	150-154	plus	_	_	_	
1-30	155-157	de	_	_	_	
1-31	158-160	50	_	_	_	
1-32	161-164	ans	_	_	_	
1-33	164-165	,	_	_	_	
1-34	166-171	après	_	_	_	
1-35	172-177	qu'un	_	_	_	
1-36	178-188	thessalien	_	_	_	
1-37	189-192	eut	_	_	_	
1-38	193-199	enlevé	_	_	_	
1-39	200-203	une	_	_	_	
1-40	204-206	de	_	_	_	
1-41	207-210	ces	_	_	_	
1-42	211-221	prêtresses	_	_	_	
1-43	221-222	.	_	_	_	

#Text=Elles servent à tour de rôle.
2-1	223-228	Elles	_	_	_	
2-2	229-236	servent	_	_	_	
2-3	237-238	à	_	_	_	
2-4	239-243	tour	_	_	_	
2-5	244-246	de	_	_	_	
2-6	247-251	rôle	_	_	_	
2-7	251-252	.	_	_	_	

#Text=On les choisit parmi les habitants de Delphes, et dans la condition la plus obscure.
3-1	253-255	On	_	_	_	
3-2	256-259	les	_	_	_	
3-3	260-267	choisit	_	_	_	
3-4	268-273	parmi	_	_	_	
3-5	274-277	les	_	_	_	
3-6	278-287	habitants	_	_	_	
3-7	288-290	de	_	_	_	
3-8	291-298	Delphes	_	_	_	
3-9	298-299	,	_	_	_	
3-10	300-302	et	_	_	_	
3-11	303-307	dans	_	_	_	
3-12	308-310	la	_	_	_	
3-13	311-320	condition	_	_	_	
3-14	321-323	la	_	_	_	
3-15	324-328	plus	_	_	_	
3-16	329-336	obscure	_	_	_	
3-17	336-337	.	_	_	_	

#Text=Ce sont pour l'ordinaire des filles pauvres, sans éducation, sans expérience, de mœurs très pures et d'un esprit très borné.
4-1	338-340	Ce	_	_	_	
4-2	341-345	sont	_	_	_	
4-3	346-350	pour	_	_	_	
4-4	351-362	l'ordinaire	_	_	_	
4-5	363-366	des	_	_	_	
4-6	367-373	filles	_	_	_	
4-7	374-381	pauvres	_	_	_	
4-8	381-382	,	_	_	_	
4-9	383-387	sans	_	_	_	
4-10	388-397	éducation	_	_	_	
4-11	397-398	,	_	_	_	
4-12	399-403	sans	_	_	_	
4-13	404-414	expérience	_	_	_	
4-14	414-415	,	_	_	_	
4-15	416-418	de	_	_	_	
4-16	419-424	mœurs	_	_	_	
4-17	425-429	très	_	_	_	
4-18	430-435	pures	_	_	_	
4-19	436-438	et	_	_	_	
4-20	439-443	d'un	_	_	_	
4-21	444-450	esprit	_	_	_	
4-22	451-455	très	_	_	_	
4-23	456-461	borné	_	_	_	
4-24	461-462	.	_	_	_	

#Text=Elles doivent s'habiller simplement, ne jamais se parfumer d'essences, et passer leur vie dans l'exercice des pratiques religieuses.
5-1	463-468	Elles	Odour\_Carrier	Anaphoric	1-13	
5-2	469-476	doivent	_	_	_	
5-3	477-487	s'habiller	_	_	_	
5-4	488-498	simplement	_	_	_	
5-5	498-499	,	_	_	_	
5-6	500-502	ne	_	_	_	
5-7	503-509	jamais	_	_	_	
5-8	510-512	se	_	_	_	
5-9	513-521	parfumer	Smell\_Word	*|*|*	5-10|5-1|1-8	
5-10	522-532	d'essences	Smell\_Source	_	_	
5-11	532-533	,	_	_	_	
5-12	534-536	et	_	_	_	
5-13	537-543	passer	_	_	_	
5-14	544-548	leur	_	_	_	
5-15	549-552	vie	_	_	_	
5-16	553-557	dans	_	_	_	
5-17	558-568	l'exercice	_	_	_	
5-18	569-572	des	_	_	_	
5-19	573-582	pratiques	_	_	_	
5-20	583-594	religieuses	_	_	_	
5-21	594-595	.	_	_	_	

#Text=Quantité d'étrangers se disposaient à consulter l'oracle.
6-1	596-604	Quantité	_	_	_	
6-2	605-616	d'étrangers	_	_	_	
6-3	617-619	se	_	_	_	
6-4	620-631	disposaient	_	_	_	
6-5	632-633	à	_	_	_	
6-6	634-643	consulter	_	_	_	
6-7	644-652	l'oracle	_	_	_	
6-8	652-653	.	_	_	_	

#Text=Le temple était entouré de victimes qui tombaient sous le couteau sacré, et dont les cris se mêlaient au chant des hymnes.
7-1	654-656	Le	_	_	_	
7-2	657-663	temple	_	_	_	
7-3	664-669	était	_	_	_	
7-4	670-677	entouré	_	_	_	
7-5	678-680	de	_	_	_	
7-6	681-689	victimes	_	_	_	
7-7	690-693	qui	_	_	_	
7-8	694-703	tombaient	_	_	_	
7-9	704-708	sous	_	_	_	
7-10	709-711	le	_	_	_	
7-11	712-719	couteau	_	_	_	
7-12	720-725	sacré	_	_	_	
7-13	725-726	,	_	_	_	
7-14	727-729	et	_	_	_	
7-15	730-734	dont	_	_	_	
7-16	735-738	les	_	_	_	
7-17	739-743	cris	_	_	_	
7-18	744-746	se	_	_	_	
7-19	747-755	mêlaient	_	_	_	
7-20	756-758	au	_	_	_	
7-21	759-764	chant	_	_	_	
7-22	765-768	des	_	_	_	
7-23	769-775	hymnes	_	_	_	
7-24	775-776	.	_	_	_	

#Text=Le désirs impatient de connaître l'avenir, se peignait dans tous les yeux avec l'espérance et la crainte qui en sont inséparables.
8-1	777-779	Le	_	_	_	
8-2	780-786	désirs	_	_	_	
8-3	787-796	impatient	_	_	_	
8-4	797-799	de	_	_	_	
8-5	800-809	connaître	_	_	_	
8-6	810-818	l'avenir	_	_	_	
8-7	818-819	,	_	_	_	
8-8	820-822	se	_	_	_	
8-9	823-831	peignait	_	_	_	
8-10	832-836	dans	_	_	_	
8-11	837-841	tous	_	_	_	
8-12	842-845	les	_	_	_	
8-13	846-850	yeux	_	_	_	
8-14	851-855	avec	_	_	_	
8-15	856-867	l'espérance	_	_	_	
8-16	868-870	et	_	_	_	
8-17	871-873	la	_	_	_	
8-18	874-881	crainte	_	_	_	
8-19	882-885	qui	_	_	_	
8-20	886-888	en	_	_	_	
8-21	889-893	sont	_	_	_	
8-22	894-906	inséparables	_	_	_	
8-23	906-907	.	_	_	_	

#Text=Un des prêtres se chargea de nous préparer.
9-1	908-910	Un	_	_	_	
9-2	911-914	des	_	_	_	
9-3	915-922	prêtres	_	_	_	
9-4	923-925	se	_	_	_	
9-5	926-933	chargea	_	_	_	
9-6	934-936	de	_	_	_	
9-7	937-941	nous	_	_	_	
9-8	942-950	préparer	_	_	_	
9-9	950-951	.	_	_	_	

#Text=Après que l'eau sainte nous eut purifiés, nous offrîmes un taureau et une chèvre.
10-1	952-957	Après	_	_	_	
10-2	958-961	que	_	_	_	
10-3	962-967	l'eau	_	_	_	
10-4	968-974	sainte	_	_	_	
10-5	975-979	nous	_	_	_	
10-6	980-983	eut	_	_	_	
10-7	984-992	purifiés	_	_	_	
10-8	992-993	,	_	_	_	
10-9	994-998	nous	_	_	_	
10-10	999-1007	offrîmes	_	_	_	
10-11	1008-1010	un	_	_	_	
10-12	1011-1018	taureau	_	_	_	
10-13	1019-1021	et	_	_	_	
10-14	1022-1025	une	_	_	_	
10-15	1026-1032	chèvre	_	_	_	
10-16	1032-1033	.	_	_	_	

#Text=Pour que ce sacrifice fût agréable aux dieux, il fallait que le taureau mangeât sans hésiter la farine qu'on lui présentait; il fallait qu'après avoir jeté de l'eau froide sur la chèvre, on vît frissonner ses membres pendant quelques instants.
11-1	1034-1038	Pour	_	_	_	
11-2	1039-1042	que	_	_	_	
11-3	1043-1045	ce	_	_	_	
11-4	1046-1055	sacrifice	_	_	_	
11-5	1056-1059	fût	_	_	_	
11-6	1060-1068	agréable	_	_	_	
11-7	1069-1072	aux	_	_	_	
11-8	1073-1078	dieux	_	_	_	
11-9	1078-1079	,	_	_	_	
11-10	1080-1082	il	_	_	_	
11-11	1083-1090	fallait	_	_	_	
11-12	1091-1094	que	_	_	_	
11-13	1095-1097	le	_	_	_	
11-14	1098-1105	taureau	_	_	_	
11-15	1106-1113	mangeât	_	_	_	
11-16	1114-1118	sans	_	_	_	
11-17	1119-1126	hésiter	_	_	_	
11-18	1127-1129	la	_	_	_	
11-19	1130-1136	farine	_	_	_	
11-20	1137-1142	qu'on	_	_	_	
11-21	1143-1146	lui	_	_	_	
11-22	1147-1157	présentait	_	_	_	
11-23	1157-1158	;	_	_	_	
11-24	1159-1161	il	_	_	_	
11-25	1162-1169	fallait	_	_	_	
11-26	1170-1178	qu'après	_	_	_	
11-27	1179-1184	avoir	_	_	_	
11-28	1185-1189	jeté	_	_	_	
11-29	1190-1192	de	_	_	_	
11-30	1193-1198	l'eau	_	_	_	
11-31	1199-1205	froide	_	_	_	
11-32	1206-1209	sur	_	_	_	
11-33	1210-1212	la	_	_	_	
11-34	1213-1219	chèvre	_	_	_	
11-35	1219-1220	,	_	_	_	
11-36	1221-1223	on	_	_	_	
11-37	1224-1227	vît	_	_	_	
11-38	1228-1238	frissonner	_	_	_	
11-39	1239-1242	ses	_	_	_	
11-40	1243-1250	membres	_	_	_	
11-41	1251-1258	pendant	_	_	_	
11-42	1259-1267	quelques	_	_	_	
11-43	1268-1276	instants	_	_	_	
11-44	1276-1277	.	_	_	_	

#Text=On ne nous rendit aucune raison de ces cérémonies; mais plus elles sont inexplicables, plus elles inspirent de respect.
12-1	1278-1280	On	_	_	_	
12-2	1281-1283	ne	_	_	_	
12-3	1284-1288	nous	_	_	_	
12-4	1289-1295	rendit	_	_	_	
12-5	1296-1302	aucune	_	_	_	
12-6	1303-1309	raison	_	_	_	
12-7	1310-1312	de	_	_	_	
12-8	1313-1316	ces	_	_	_	
12-9	1317-1327	cérémonies	_	_	_	
12-10	1327-1328	;	_	_	_	
12-11	1329-1333	mais	_	_	_	
12-12	1334-1338	plus	_	_	_	
12-13	1339-1344	elles	_	_	_	
12-14	1345-1349	sont	_	_	_	
12-15	1350-1363	inexplicables	_	_	_	
12-16	1363-1364	,	_	_	_	
12-17	1365-1369	plus	_	_	_	
12-18	1370-1375	elles	_	_	_	
12-19	1376-1385	inspirent	_	_	_	
12-20	1386-1388	de	_	_	_	
12-21	1389-1396	respect	_	_	_	
12-22	1396-1397	.	_	_	_	

#Text=Le succès ayantjustifié la pureté de nos intentions, nous rentrâmes dans le temple, la tête couronnée de laurier, et tenant dans nos mains un rameau entouré d'une bandelette de laine blanche.
13-1	1398-1400	Le	_	_	_	
13-2	1401-1407	succès	_	_	_	
13-3	1408-1421	ayantjustifié	_	_	_	
13-4	1422-1424	la	_	_	_	
13-5	1425-1431	pureté	_	_	_	
13-6	1432-1434	de	_	_	_	
13-7	1435-1438	nos	_	_	_	
13-8	1439-1449	intentions	_	_	_	
13-9	1449-1450	,	_	_	_	
13-10	1451-1455	nous	_	_	_	
13-11	1456-1465	rentrâmes	_	_	_	
13-12	1466-1470	dans	_	_	_	
13-13	1471-1473	le	_	_	_	
13-14	1474-1480	temple	_	_	_	
13-15	1480-1481	,	_	_	_	
13-16	1482-1484	la	_	_	_	
13-17	1485-1489	tête	_	_	_	
13-18	1490-1499	couronnée	_	_	_	
13-19	1500-1502	de	_	_	_	
13-20	1503-1510	laurier	_	_	_	
13-21	1510-1511	,	_	_	_	
13-22	1512-1514	et	_	_	_	
13-23	1515-1521	tenant	_	_	_	
13-24	1522-1526	dans	_	_	_	
13-25	1527-1530	nos	_	_	_	
13-26	1531-1536	mains	_	_	_	
13-27	1537-1539	un	_	_	_	
13-28	1540-1546	rameau	_	_	_	
13-29	1547-1554	entouré	_	_	_	
13-30	1555-1560	d'une	_	_	_	
13-31	1561-1571	bandelette	_	_	_	
13-32	1572-1574	de	_	_	_	
13-33	1575-1580	laine	_	_	_	
13-34	1581-1588	blanche	_	_	_	
13-35	1588-1589	.	_	_	_	

#Text=C'est avec ce symbole que les supplians approchent des autels.
14-1	1590-1595	C'est	_	_	_	
14-2	1596-1600	avec	_	_	_	
14-3	1601-1603	ce	_	_	_	
14-4	1604-1611	symbole	_	_	_	
14-5	1612-1615	que	_	_	_	
14-6	1616-1619	les	_	_	_	
14-7	1620-1629	supplians	_	_	_	
14-8	1630-1640	approchent	_	_	_	
14-9	1641-1644	des	_	_	_	
14-10	1645-1651	autels	_	_	_	
14-11	1651-1652	.	_	_	_	

#Text=On nous introduisit dans une chapelle, où, dans des moment qui ne sont, à ce qu'on prétend, ni prévus, ni réglés par les prêtres, on respire tout-à-coup une odeur extrêmement douce.
15-1	1653-1655	On	_	_	_	
15-2	1656-1660	nous	Perceiver	_	_	
15-3	1661-1672	introduisit	_	_	_	
15-4	1673-1677	dans	_	_	_	
15-5	1678-1681	une	_	_	_	
15-6	1682-1690	chapelle	Location	_	_	
15-7	1690-1691	,	_	_	_	
15-8	1692-1694	où	_	_	_	
15-9	1694-1695	,	_	_	_	
15-10	1696-1700	dans	_	_	_	
15-11	1701-1704	des	_	_	_	
15-12	1705-1711	moment	_	_	_	
15-13	1712-1715	qui	_	_	_	
15-14	1716-1718	ne	_	_	_	
15-15	1719-1723	sont	_	_	_	
15-16	1723-1724	,	_	_	_	
15-17	1725-1726	à	_	_	_	
15-18	1727-1729	ce	_	_	_	
15-19	1730-1735	qu'on	_	_	_	
15-20	1736-1743	prétend	_	_	_	
15-21	1743-1744	,	_	_	_	
15-22	1745-1747	ni	_	_	_	
15-23	1748-1754	prévus	_	_	_	
15-24	1754-1755	,	_	_	_	
15-25	1756-1758	ni	_	_	_	
15-26	1759-1765	réglés	_	_	_	
15-27	1766-1769	par	_	_	_	
15-28	1770-1773	les	_	_	_	
15-29	1774-1781	prêtres	_	_	_	
15-30	1781-1782	,	_	_	_	
15-31	1783-1785	on	_	_	_	
15-32	1786-1793	respire	_	_	_	
15-33	1794-1805	tout-à-coup	_	_	_	
15-34	1806-1809	une	_	_	_	
15-35	1810-1815	odeur	Smell\_Word	*|*|*	15-36[1_0]|15-6|15-2	
15-36	1816-1827	extrêmement	Quality[1]	_	_	
15-37	1828-1833	douce	Quality[1]	_	_	
15-38	1833-1834	.	_	_	_	

#Text=On a soin de faire remarquer ce prodige aux étrangers.
16-1	1835-1837	On	_	_	_	
16-2	1838-1839	a	_	_	_	
16-3	1840-1844	soin	_	_	_	
16-4	1845-1847	de	_	_	_	
16-5	1848-1853	faire	_	_	_	
16-6	1854-1863	remarquer	_	_	_	
16-7	1864-1866	ce	_	_	_	
16-8	1867-1874	prodige	_	_	_	
16-9	1875-1878	aux	_	_	_	
16-10	1879-1888	étrangers	_	_	_	
16-11	1888-1889	.	_	_	_	

#Text=Quelque temps après, le prêtre vint nous chercher, et nous mena dans le sanctuaire, espèce de caverne profonde, dont les parois sont ornées de différentes offrandes.
17-1	1890-1897	Quelque	_	_	_	
17-2	1898-1903	temps	_	_	_	
17-3	1904-1909	après	_	_	_	
17-4	1909-1910	,	_	_	_	
17-5	1911-1913	le	_	_	_	
17-6	1914-1920	prêtre	_	_	_	
17-7	1921-1925	vint	_	_	_	
17-8	1926-1930	nous	Perceiver	_	_	
17-9	1931-1939	chercher	_	_	_	
17-10	1939-1940	,	_	_	_	
17-11	1941-1943	et	_	_	_	
17-12	1944-1948	nous	_	_	_	
17-13	1949-1953	mena	_	_	_	
17-14	1954-1958	dans	_	_	_	
17-15	1959-1961	le	_	_	_	
17-16	1962-1972	sanctuaire	Location	_	_	
17-17	1972-1973	,	_	_	_	
17-18	1974-1980	espèce	_	_	_	
17-19	1981-1983	de	_	_	_	
17-20	1984-1991	caverne	_	_	_	
17-21	1992-2000	profonde	_	_	_	
17-22	2000-2001	,	_	_	_	
17-23	2002-2006	dont	_	_	_	
17-24	2007-2010	les	_	_	_	
17-25	2011-2017	parois	_	_	_	
17-26	2018-2022	sont	_	_	_	
17-27	2023-2029	ornées	_	_	_	
17-28	2030-2032	de	_	_	_	
17-29	2033-2044	différentes	_	_	_	
17-30	2045-2054	offrandes	_	_	_	
17-31	2054-2055	.	_	_	_	

#Text=Il venait de s'en détacher une bandelette sur laquelle on avait brodé des couronnes et des victoires.
18-1	2056-2058	Il	_	_	_	
18-2	2059-2065	venait	_	_	_	
18-3	2066-2068	de	_	_	_	
18-4	2069-2073	s'en	_	_	_	
18-5	2074-2082	détacher	_	_	_	
18-6	2083-2086	une	_	_	_	
18-7	2087-2097	bandelette	_	_	_	
18-8	2098-2101	sur	_	_	_	
18-9	2102-2110	laquelle	_	_	_	
18-10	2111-2113	on	_	_	_	
18-11	2114-2119	avait	_	_	_	
18-12	2120-2125	brodé	_	_	_	
18-13	2126-2129	des	_	_	_	
18-14	2130-2139	couronnes	_	_	_	
18-15	2140-2142	et	_	_	_	
18-16	2143-2146	des	_	_	_	
18-17	2147-2156	victoires	_	_	_	
18-18	2156-2157	.	_	_	_	

#Text=Nous eûmes d'abord de la peine à discerner les objets.
19-1	2158-2162	Nous	_	_	_	
19-2	2163-2168	eûmes	_	_	_	
19-3	2169-2176	d'abord	_	_	_	
19-4	2177-2179	de	_	_	_	
19-5	2180-2182	la	_	_	_	
19-6	2183-2188	peine	_	_	_	
19-7	2189-2190	à	_	_	_	
19-8	2191-2200	discerner	_	_	_	
19-9	2201-2204	les	_	_	_	
19-10	2205-2211	objets	_	_	_	
19-11	2211-2212	.	_	_	_	

#Text=L'encens et les autres parfums qu'on y brûlait continuellement, le remplissaient d'une fumée épaisse.
20-1	2213-2221	L'encens	Smell\_Source	_	_	
20-2	2222-2224	et	_	_	_	
20-3	2225-2228	les	_	_	_	
20-4	2229-2235	autres	Smell\_Source	_	_	
20-5	2236-2243	parfums	Smell\_Word	*|*|*|*|*|*|*	20-1|20-4|20-9|20-7[2_0]|17-16|17-8|20-14	
20-6	2244-2249	qu'on	_	_	_	
20-7	2250-2251	y	Circumstances[2]	_	_	
20-8	2252-2259	brûlait	Circumstances[2]	_	_	
20-9	2260-2275	continuellement	Time	_	_	
20-10	2275-2276	,	_	_	_	
20-11	2277-2279	le	_	_	_	
20-12	2280-2293	remplissaient	_	_	_	
20-13	2294-2299	d'une	_	_	_	
20-14	2300-2305	fumée	Odour\_Carrier	_	_	
20-15	2306-2313	épaisse	_	_	_	
20-16	2313-2314	.	_	_	_	

#Text=Vers le milieu est un soupirail d'où sort l'exhalaison prophétique.
21-1	2315-2319	Vers	_	_	_	
21-2	2320-2322	le	_	_	_	
21-3	2323-2329	milieu	_	_	_	
21-4	2330-2333	est	_	_	_	
21-5	2334-2336	un	_	_	_	
21-6	2337-2346	soupirail	_	_	_	
21-7	2347-2351	d'où	_	_	_	
21-8	2352-2356	sort	_	_	_	
21-9	2357-2369	l'exhalaison	_	_	_	
21-10	2370-2381	prophétique	_	_	_	
21-11	2381-2382	.	_	_	_	

#Text=On s'en approche par une pente insensible; mais on ne peut pas le voir, parce qu'il est couvert d'un trépied tellement entouré de couronnes et de rameaux de laurier, que la vapeur ne saurait se répandre au dehors.
22-1	2383-2385	On	_	_	_	
22-2	2386-2390	s'en	_	_	_	
22-3	2391-2399	approche	_	_	_	
22-4	2400-2403	par	_	_	_	
22-5	2404-2407	une	_	_	_	
22-6	2408-2413	pente	_	_	_	
22-7	2414-2424	insensible	_	_	_	
22-8	2424-2425	;	_	_	_	
22-9	2426-2430	mais	_	_	_	
22-10	2431-2433	on	_	_	_	
22-11	2434-2436	ne	_	_	_	
22-12	2437-2441	peut	_	_	_	
22-13	2442-2445	pas	_	_	_	
22-14	2446-2448	le	_	_	_	
22-15	2449-2453	voir	_	_	_	
22-16	2453-2454	,	_	_	_	
22-17	2455-2460	parce	_	_	_	
22-18	2461-2466	qu'il	_	_	_	
22-19	2467-2470	est	_	_	_	
22-20	2471-2478	couvert	_	_	_	
22-21	2479-2483	d'un	_	_	_	
22-22	2484-2491	trépied	_	_	_	
22-23	2492-2501	tellement	_	_	_	
22-24	2502-2509	entouré	_	_	_	
22-25	2510-2512	de	_	_	_	
22-26	2513-2522	couronnes	_	_	_	
22-27	2523-2525	et	_	_	_	
22-28	2526-2528	de	_	_	_	
22-29	2529-2536	rameaux	_	_	_	
22-30	2537-2539	de	_	_	_	
22-31	2540-2547	laurier	_	_	_	
22-32	2547-2548	,	_	_	_	
22-33	2549-2552	que	_	_	_	
22-34	2553-2555	la	_	_	_	
22-35	2556-2562	vapeur	_	_	_	
22-36	2563-2565	ne	_	_	_	
22-37	2566-2573	saurait	_	_	_	
22-38	2574-2576	se	_	_	_	
22-39	2577-2585	répandre	_	_	_	
22-40	2586-2588	au	_	_	_	
22-41	2589-2595	dehors	_	_	_	
22-42	2595-2596	.	_	_	_	

#Text=La pythie, excédée de fatigue, refusait de répondre à nos questions.
23-1	2597-2599	La	_	_	_	
23-2	2600-2606	pythie	_	_	_	
23-3	2606-2607	,	_	_	_	
23-4	2608-2615	excédée	_	_	_	
23-5	2616-2618	de	_	_	_	
23-6	2619-2626	fatigue	_	_	_	
23-7	2626-2627	,	_	_	_	
23-8	2628-2636	refusait	_	_	_	
23-9	2637-2639	de	_	_	_	
23-10	2640-2648	répondre	_	_	_	
23-11	2649-2650	à	_	_	_	
23-12	2651-2654	nos	_	_	_	
23-13	2655-2664	questions	_	_	_	
23-14	2664-2665	.	_	_	_	

#Text=Les ministres dont elle était environnée, employaient tour-à-tour les menaces et la violence.
24-1	2666-2669	Les	_	_	_	
24-2	2670-2679	ministres	_	_	_	
24-3	2680-2684	dont	_	_	_	
24-4	2685-2689	elle	_	_	_	
24-5	2690-2695	était	_	_	_	
24-6	2696-2706	environnée	_	_	_	
24-7	2706-2707	,	_	_	_	
24-8	2708-2719	employaient	_	_	_	
24-9	2720-2731	tour-à-tour	_	_	_	
24-10	2732-2735	les	_	_	_	
24-11	2736-2743	menaces	_	_	_	
24-12	2744-2746	et	_	_	_	
24-13	2747-2749	la	_	_	_	
24-14	2750-2758	violence	_	_	_	
24-15	2758-2759	.	_	_	_	

#Text=Cédant enfin à leurs efforts, elle se plaça sur le trépied, aprèsavoir bu d'une eau qui coule dans le sanctuaire, et qui sert, dit-on, à dévoiler l'avenir
25-1	2760-2766	Cédant	_	_	_	
25-2	2767-2772	enfin	_	_	_	
25-3	2773-2774	à	_	_	_	
25-4	2775-2780	leurs	_	_	_	
25-5	2781-2788	efforts	_	_	_	
25-6	2788-2789	,	_	_	_	
25-7	2790-2794	elle	_	_	_	
25-8	2795-2797	se	_	_	_	
25-9	2798-2803	plaça	_	_	_	
25-10	2804-2807	sur	_	_	_	
25-11	2808-2810	le	_	_	_	
25-12	2811-2818	trépied	_	_	_	
25-13	2818-2819	,	_	_	_	
25-14	2820-2830	aprèsavoir	_	_	_	
25-15	2831-2833	bu	_	_	_	
25-16	2834-2839	d'une	_	_	_	
25-17	2840-2843	eau	_	_	_	
25-18	2844-2847	qui	_	_	_	
25-19	2848-2853	coule	_	_	_	
25-20	2854-2858	dans	_	_	_	
25-21	2859-2861	le	_	_	_	
25-22	2862-2872	sanctuaire	_	_	_	
25-23	2872-2873	,	_	_	_	
25-24	2874-2876	et	_	_	_	
25-25	2877-2880	qui	_	_	_	
25-26	2881-2885	sert	_	_	_	
25-27	2885-2886	,	_	_	_	
25-28	2887-2893	dit-on	_	_	_	
25-29	2893-2894	,	_	_	_	
25-30	2895-2896	à	_	_	_	
25-31	2897-2905	dévoiler	_	_	_	
25-32	2906-2914	l'avenir	_	_	_	
