#FORMAT=WebAnno TSV 3.3


#Text=f
#Text=g
#Text=dat ijmant onrecht doett?
1-1	3-4	f	
1-2	5-6	g	
1-3	7-10	dat	
1-4	11-17	ijmant	
1-5	18-25	onrecht	
1-6	26-31	doett	
1-7	31-32	?	

#Text=die Erf-zond zoos' ontwort,
#Text=h
#Text=i
#Text=
#Text=
#Text=daar blijft niet dat ook d'heetste mensch tott tooren port:
#Text=
#Text=j
#Text=
#Text=Ons
#Text=Heijl-lands heijligingh dees Erf-zond komt vermoorden,
#Text=k
#Text=l
#Text=zoo wie geloovich volght, en vast blijft in zijn woorden,
#Text=m
#Text=n
#Text=
#Text=o
#Text=ziet, waakt, en bidt al staagh, dien toont zijn waarheijt sterk,
#Text=p
#Text=dat wij geen rechters zijn van ander luijden werk :
#Text=q
#Text=zoo swakken
#Text=schepsel is de mensch dat hem mach krenken
#Text=
#Text=r
#Text=s
#Text=
#Text=een qua lucht, steen-val, beest of mensch;
#Text=Hier wilt gedenken
#Text=t
#Text=dat geen van allen dees' u ongelijk doen aan;
#Text=
#Text=u
#Text=
#Text=v
#Text=
#Text=Daar
#Text=op verbiett ons Christ
#Text=den boosen weer te staan
#Text=
#Text=w
#Text=x
#Text=
#Text=Dit heet rechtvaardicheijt te lieven, en betrachten
#Text=y
#Text=z
#Text=als schoon, dees neijging-boett vree, en vreuchd verpachten.
2-1	33-36	die	
2-2	37-45	Erf-zond	
2-3	46-50	zoos	
2-4	50-51	'	
2-5	52-59	ontwort	
2-6	59-60	,	
2-7	61-62	h	
2-8	63-64	i	
2-9	67-71	daar	
2-10	72-78	blijft	
2-11	79-83	niet	
2-12	84-87	dat	
2-13	88-91	ook	
2-14	92-101	d'heetste	
2-15	102-108	mensch	
2-16	109-113	tott	
2-17	114-120	tooren	
2-18	121-125	port	
2-19	125-126	:	
2-20	128-129	j	
2-21	131-134	Ons	
2-22	135-146	Heijl-lands	
2-23	147-158	heijligingh	
2-24	159-163	dees	
2-25	164-172	Erf-zond	
2-26	173-177	komt	
2-27	178-188	vermoorden	
2-28	188-189	,	
2-29	190-191	k	
2-30	192-193	l	
2-31	194-197	zoo	
2-32	198-201	wie	
2-33	202-211	geloovich	
2-34	212-218	volght	
2-35	218-219	,	
2-36	220-222	en	
2-37	223-227	vast	
2-38	228-234	blijft	
2-39	235-237	in	
2-40	238-242	zijn	
2-41	243-250	woorden	
2-42	250-251	,	
2-43	252-253	m	
2-44	254-255	n	
2-45	257-258	o	
2-46	259-263	ziet	
2-47	263-264	,	
2-48	265-270	waakt	
2-49	270-271	,	
2-50	272-274	en	
2-51	275-279	bidt	
2-52	280-282	al	
2-53	283-289	staagh	
2-54	289-290	,	
2-55	291-295	dien	
2-56	296-301	toont	
2-57	302-306	zijn	
2-58	307-316	waarheijt	
2-59	317-322	sterk	
2-60	322-323	,	
2-61	324-325	p	
2-62	326-329	dat	
2-63	330-333	wij	
2-64	334-338	geen	
2-65	339-347	rechters	
2-66	348-352	zijn	
2-67	353-356	van	
2-68	357-362	ander	
2-69	363-370	luijden	
2-70	371-375	werk	
2-71	376-377	:	
2-72	378-379	q	
2-73	380-383	zoo	
2-74	384-391	swakken	
2-75	392-400	schepsel	
2-76	401-403	is	
2-77	404-406	de	
2-78	407-413	mensch	
2-79	414-417	dat	
2-80	418-421	hem	
2-81	422-426	mach	
2-82	427-434	krenken	
2-83	436-437	r	
2-84	438-439	s	
2-85	441-444	een	
2-86	445-448	qua	
2-87	449-454	lucht	
2-88	454-455	,	
2-89	456-465	steen-val	
2-90	465-466	,	
2-91	467-472	beest	
2-92	473-475	of	
2-93	476-482	mensch	
2-94	482-483	;	
2-95	484-488	Hier	
2-96	489-493	wilt	
2-97	494-502	gedenken	
2-98	503-504	t	
2-99	505-508	dat	
2-100	509-513	geen	
2-101	514-517	van	
2-102	518-523	allen	
2-103	524-528	dees	
2-104	528-529	'	
2-105	530-531	u	
2-106	532-540	ongelijk	
2-107	541-545	doen	
2-108	546-549	aan	
2-109	549-550	;	
2-110	552-553	u	
2-111	555-556	v	
2-112	558-562	Daar	
2-113	563-565	op	
2-114	566-574	verbiett	
2-115	575-578	ons	
2-116	579-585	Christ	
2-117	586-589	den	
2-118	590-596	boosen	
2-119	597-601	weer	
2-120	602-604	te	
2-121	605-610	staan	
2-122	612-613	w	
2-123	614-615	x	
2-124	617-620	Dit	
2-125	621-625	heet	
2-126	626-643	rechtvaardicheijt	
2-127	644-646	te	
2-128	647-653	lieven	
2-129	653-654	,	
2-130	655-657	en	
2-131	658-668	betrachten	
2-132	669-670	y	
2-133	671-672	z	
2-134	673-676	als	
2-135	677-683	schoon	
2-136	683-684	,	
2-137	685-689	dees	
2-138	690-704	neijging-boett	
2-139	705-709	vree	
2-140	709-710	,	
2-141	711-713	en	
2-142	714-721	vreuchd	
2-143	722-732	verpachten	
2-144	732-733	.	

#Text=a
#Text=b
#Text=c
#Text=d
#Text=f
#Text=f
#Text=g
#Text=h
#Text=i
3-1	736-737	a	
3-2	738-739	b	
3-3	740-741	c	
3-4	742-743	d	
3-5	744-745	f	
3-6	746-747	f	
3-7	748-749	g	
3-8	750-751	h	
3-9	752-753	i	
