#FORMAT=WebAnno TSV 3.3


#Text=Dese kamer
#Text=nu houd 9216 cubic-voeten, en deselve met 1000, of het getal der
#Text=duimen in een voet, als hy in 10 deelen na syne lengte gedeelt is, multipliceerende
#Text=
#Text=9216000 duimen.
1-1	3-7	Dese	
1-2	8-13	kamer	
1-3	14-16	nu	
1-4	17-21	houd	
1-5	22-26	9216	
1-6	27-39	cubic-voeten	
1-7	39-40	,	
1-8	41-43	en	
1-9	44-51	deselve	
1-10	52-55	met	
1-11	56-60	1000	
1-12	60-61	,	
1-13	62-64	of	
1-14	65-68	het	
1-15	69-74	getal	
1-16	75-78	der	
1-17	79-85	duimen	
1-18	86-88	in	
1-19	89-92	een	
1-20	93-97	voet	
1-21	97-98	,	
1-22	99-102	als	
1-23	103-105	hy	
1-24	106-108	in	
1-25	109-111	10	
1-26	112-118	deelen	
1-27	119-121	na	
1-28	122-126	syne	
1-29	127-133	lengte	
1-30	134-141	gedeelt	
1-31	142-144	is	
1-32	144-145	,	
1-33	146-162	multipliceerende	
1-34	164-171	9216000	
1-35	172-178	duimen	
1-36	178-179	.	

#Text=Nu 1/100 van een duim in lengte is met oogen sigtbaar (§.
#Text=4.) derhalven ook een
#Text=1/1000000 van een lichamelyken duim:
#Text=soo dat 1000,000 sigtbare deeltjes in een
#Text=duim synde, 9216,000,000,000 der selver in dese kamer syn; en ingevalle in elk maar
#Text=een deeltje Benzoin was, soude een vierendeel loots
#Text=Benzoin hier door in meer als
#Text=negen duisent maal duisent millioenen deeltjes gedeelt syn.
2-1	182-184	Nu	
2-2	185-186	1	
2-3	186-187	/	
2-4	187-190	100	
2-5	191-194	van	
2-6	195-198	een	
2-7	199-203	duim	
2-8	204-206	in	
2-9	207-213	lengte	
2-10	214-216	is	
2-11	217-220	met	
2-12	221-226	oogen	
2-13	227-235	sigtbaar	
2-14	236-237	(	
2-15	237-238	§	
2-16	238-239	.	
2-17	240-241	4	
2-18	241-242	.	
2-19	242-243	)	
2-20	244-253	derhalven	
2-21	254-257	ook	
2-22	258-261	een	
2-23	262-263	1	
2-24	263-264	/	
2-25	264-271	1000000	
2-26	272-275	van	
2-27	276-279	een	
2-28	280-292	lichamelyken	
2-29	293-297	duim	
2-30	297-298	:	
2-31	299-302	soo	
2-32	303-306	dat	
2-33	307-315	1000,000	
2-34	316-324	sigtbare	
2-35	325-333	deeltjes	
2-36	334-336	in	
2-37	337-340	een	
2-38	341-345	duim	
2-39	346-351	synde	
2-40	351-352	,	
2-41	353-369	9216,000,000,000	
2-42	370-373	der	
2-43	374-380	selver	
2-44	381-383	in	
2-45	384-388	dese	
2-46	389-394	kamer	
2-47	395-398	syn	
2-48	398-399	;	
2-49	400-402	en	
2-50	403-412	ingevalle	
2-51	413-415	in	
2-52	416-419	elk	
2-53	420-424	maar	
2-54	425-428	een	
2-55	429-436	deeltje	
2-56	437-444	Benzoin	
2-57	445-448	was	
2-58	448-449	,	
2-59	450-455	soude	
2-60	456-459	een	
2-61	460-470	vierendeel	
2-62	471-476	loots	
2-63	477-484	Benzoin	
2-64	485-489	hier	
2-65	490-494	door	
2-66	495-497	in	
2-67	498-502	meer	
2-68	503-506	als	
2-69	507-512	negen	
2-70	513-520	duisent	
2-71	521-525	maal	
2-72	526-533	duisent	
2-73	534-544	millioenen	
2-74	545-553	deeltjes	
2-75	554-561	gedeelt	
2-76	562-565	syn	
2-77	565-566	.	

#Text=Hoe wel het selve vry
#Text=kleinder in grootheit is als een duim, gelyk door de Water-wigt seer gemakkelyk kan
#Text=getoont werden.
3-1	567-570	Hoe	
3-2	571-574	wel	
3-3	575-578	het	
3-4	579-584	selve	
3-5	585-588	vry	
3-6	589-597	kleinder	
3-7	598-600	in	
3-8	601-610	grootheit	
3-9	611-613	is	
3-10	614-617	als	
3-11	618-621	een	
3-12	622-626	duim	
3-13	626-627	,	
3-14	628-633	gelyk	
3-15	634-638	door	
3-16	639-641	de	
3-17	642-652	Water-wigt	
3-18	653-657	seer	
3-19	658-668	gemakkelyk	
3-20	669-672	kan	
3-21	673-680	getoont	
3-22	681-687	werden	
3-23	687-688	.	

#Text=Indien men nu hier by doet niet alleen, dat desen rook over al de reuk Benzoin
#Text=hadde, maar ook dat het aan de Chymici bekent is, dat den selven rook vergadert
#Text=synde een gesuyverde Benzoin, Bloem van Benzoin genoemt uitmaakt, sal boven de
#Text=kleinheit van haar deelen, ook de blyvende en bepaalde eigenschap kunnen afgenomen
#Text=werden;
#Text=en dat soo wel dese kleine uitgewasemde deeltjes de natuur van Benzoin
#Text=selfs behouden, als de dampen die van het water, waar uit sy komen, en in het welk
#Text=sy vergadert synde, wederkeeren
4-1	691-697	Indien	
4-2	698-701	men	
4-3	702-704	nu	
4-4	705-709	hier	
4-5	710-712	by	
4-6	713-717	doet	
4-7	718-722	niet	
4-8	723-729	alleen	
4-9	729-730	,	
4-10	731-734	dat	
4-11	735-740	desen	
4-12	741-745	rook	
4-13	746-750	over	
4-14	751-753	al	
4-15	754-756	de	
4-16	757-761	reuk	
4-17	762-769	Benzoin	
4-18	770-775	hadde	
4-19	775-776	,	
4-20	777-781	maar	
4-21	782-785	ook	
4-22	786-789	dat	
4-23	790-793	het	
4-24	794-797	aan	
4-25	798-800	de	
4-26	801-808	Chymici	
4-27	809-815	bekent	
4-28	816-818	is	
4-29	818-819	,	
4-30	820-823	dat	
4-31	824-827	den	
4-32	828-834	selven	
4-33	835-839	rook	
4-34	840-849	vergadert	
4-35	850-855	synde	
4-36	856-859	een	
4-37	860-870	gesuyverde	
4-38	871-878	Benzoin	
4-39	878-879	,	
4-40	880-885	Bloem	
4-41	886-889	van	
4-42	890-897	Benzoin	
4-43	898-905	genoemt	
4-44	906-914	uitmaakt	
4-45	914-915	,	
4-46	916-919	sal	
4-47	920-925	boven	
4-48	926-928	de	
4-49	929-938	kleinheit	
4-50	939-942	van	
4-51	943-947	haar	
4-52	948-954	deelen	
4-53	954-955	,	
4-54	956-959	ook	
4-55	960-962	de	
4-56	963-971	blyvende	
4-57	972-974	en	
4-58	975-983	bepaalde	
4-59	984-994	eigenschap	
4-60	995-1001	kunnen	
4-61	1002-1011	afgenomen	
4-62	1012-1018	werden	
4-63	1018-1019	;	
4-64	1020-1022	en	
4-65	1023-1026	dat	
4-66	1027-1030	soo	
4-67	1031-1034	wel	
4-68	1035-1039	dese	
4-69	1040-1046	kleine	
4-70	1047-1059	uitgewasemde	
4-71	1060-1068	deeltjes	
4-72	1069-1071	de	
4-73	1072-1078	natuur	
4-74	1079-1082	van	
4-75	1083-1090	Benzoin	
4-76	1091-1096	selfs	
4-77	1097-1105	behouden	
4-78	1105-1106	,	
4-79	1107-1110	als	
4-80	1111-1113	de	
4-81	1114-1120	dampen	
4-82	1121-1124	die	
4-83	1125-1128	van	
4-84	1129-1132	het	
4-85	1133-1138	water	
4-86	1138-1139	,	
4-87	1140-1144	waar	
4-88	1145-1148	uit	
4-89	1149-1151	sy	
4-90	1152-1157	komen	
4-91	1157-1158	,	
4-92	1159-1161	en	
4-93	1162-1164	in	
4-94	1165-1168	het	
4-95	1169-1173	welk	
4-96	1174-1176	sy	
4-97	1177-1186	vergadert	
4-98	1187-1192	synde	
4-99	1192-1193	,	
4-100	1194-1205	wederkeeren	

#Text=.
5-1	1205-1206	.	

#Text=§.
#Text=22.
6-1	1209-1210	§	
6-2	1210-1211	.	
6-3	1212-1214	22	
6-4	1214-1215	.	

#Text=Een ongelukkigh Atheist, die nu alles, dat hier van de kleinheit en meenighvuldigheit
#Text=deser deeltjes gesegt is, niet alleen in het voor by gaan verstaan, maar met
#Text=
#Text=Bernard Nieuwentijt, Het regt gebruik
#Text=der werelt beschouwingen
#Text=
#Text=\f
#Text=meenighmalen lesen en overdenken sigh
#Text=de beschouwinge daar van gemeensaam
#Text=gemaakt heeft, stelle sigh nu dat groote Gebouw van de sigtbare Wereld, in alle hare
#Text=deelen voor: en denke niet alleen uit
#Text=
#Text=Bernard Nieuwentijt, Het regt gebruik der werelt beschouwingen
#Text=
#Text=\f
#Text=737
7-1	1218-1221	Een	
7-2	1222-1233	ongelukkigh	
7-3	1234-1241	Atheist	
7-4	1241-1242	,	
7-5	1243-1246	die	
7-6	1247-1249	nu	
7-7	1250-1255	alles	
7-8	1255-1256	,	
7-9	1257-1260	dat	
7-10	1261-1265	hier	
7-11	1266-1269	van	
7-12	1270-1272	de	
7-13	1273-1282	kleinheit	
7-14	1283-1285	en	
7-15	1286-1303	meenighvuldigheit	
7-16	1304-1309	deser	
7-17	1310-1318	deeltjes	
7-18	1319-1325	gesegt	
7-19	1326-1328	is	
7-20	1328-1329	,	
7-21	1330-1334	niet	
7-22	1335-1341	alleen	
7-23	1342-1344	in	
7-24	1345-1348	het	
7-25	1349-1353	voor	
7-26	1354-1356	by	
7-27	1357-1361	gaan	
7-28	1362-1370	verstaan	
7-29	1370-1371	,	
7-30	1372-1376	maar	
7-31	1377-1380	met	
7-32	1382-1389	Bernard	
7-33	1390-1401	Nieuwentijt	
7-34	1401-1402	,	
7-35	1403-1406	Het	
7-36	1407-1411	regt	
7-37	1412-1419	gebruik	
7-38	1420-1423	der	
7-39	1424-1430	werelt	
7-40	1431-1444	beschouwingen	
7-41	1448-1460	meenighmalen	
7-42	1461-1466	lesen	
7-43	1467-1469	en	
7-44	1470-1480	overdenken	
7-45	1481-1485	sigh	
7-46	1486-1488	de	
7-47	1489-1501	beschouwinge	
7-48	1502-1506	daar	
7-49	1507-1510	van	
7-50	1511-1521	gemeensaam	
7-51	1522-1529	gemaakt	
7-52	1530-1535	heeft	
7-53	1535-1536	,	
7-54	1537-1543	stelle	
7-55	1544-1548	sigh	
7-56	1549-1551	nu	
7-57	1552-1555	dat	
7-58	1556-1562	groote	
7-59	1563-1569	Gebouw	
7-60	1570-1573	van	
7-61	1574-1576	de	
7-62	1577-1585	sigtbare	
7-63	1586-1592	Wereld	
7-64	1592-1593	,	
7-65	1594-1596	in	
7-66	1597-1601	alle	
7-67	1602-1606	hare	
7-68	1607-1613	deelen	
7-69	1614-1618	voor	
7-70	1618-1619	:	
7-71	1620-1622	en	
7-72	1623-1628	denke	
7-73	1629-1633	niet	
7-74	1634-1640	alleen	
7-75	1641-1644	uit	
7-76	1646-1653	Bernard	
7-77	1654-1665	Nieuwentijt	
7-78	1665-1666	,	
7-79	1667-1670	Het	
7-80	1671-1675	regt	
7-81	1676-1683	gebruik	
7-82	1684-1687	der	
7-83	1688-1694	werelt	
7-84	1695-1708	beschouwingen	
7-85	1712-1715	737	
