#FORMAT=WebAnno TSV 3.3


#Text=- Weinig moeite zou het zyn hier proeven van onderscheiden zoort te berde te
#Text=brengen; maar, buiten dat zulks dit Artykel te breedvoerig zou maaken, zo worden
#Text=we, door 't Wintersaisoen, als gedrongen, ons oog te slaan op het geen de Autheur
#Text=ons deswegens aan de hand geeft, dat ten staal zyner schryfwyze kan strekken
1-1	3-4	-	
1-2	5-11	Weinig	
1-3	12-18	moeite	
1-4	19-22	zou	
1-5	23-26	het	
1-6	27-30	zyn	
1-7	31-35	hier	
1-8	36-43	proeven	
1-9	44-47	van	
1-10	48-61	onderscheiden	
1-11	62-67	zoort	
1-12	68-70	te	
1-13	71-76	berde	
1-14	77-79	te	
1-15	80-87	brengen	
1-16	87-88	;	
1-17	89-93	maar	
1-18	93-94	,	
1-19	95-101	buiten	
1-20	102-105	dat	
1-21	106-111	zulks	
1-22	112-115	dit	
1-23	116-123	Artykel	
1-24	124-126	te	
1-25	127-138	breedvoerig	
1-26	139-142	zou	
1-27	143-149	maaken	
1-28	149-150	,	
1-29	151-153	zo	
1-30	154-160	worden	
1-31	161-163	we	
1-32	163-164	,	
1-33	165-169	door	
1-34	170-171	'	
1-35	171-172	t	
1-36	173-186	Wintersaisoen	
1-37	186-187	,	
1-38	188-191	als	
1-39	192-201	gedrongen	
1-40	201-202	,	
1-41	203-206	ons	
1-42	207-210	oog	
1-43	211-213	te	
1-44	214-219	slaan	
1-45	220-222	op	
1-46	223-226	het	
1-47	227-231	geen	
1-48	232-234	de	
1-49	235-242	Autheur	
1-50	243-246	ons	
1-51	247-256	deswegens	
1-52	257-260	aan	
1-53	261-263	de	
1-54	264-268	hand	
1-55	269-274	geeft	
1-56	274-275	,	
1-57	276-279	dat	
1-58	280-283	ten	
1-59	284-289	staal	
1-60	290-295	zyner	
1-61	296-306	schryfwyze	
1-62	307-310	kan	
1-63	311-319	strekken	

#Text=.
2-1	319-320	.	

#Text=‘
#Text=Ongevoelig, zegt hy, hebben wy den winter bereikt, en zijn door de allengsjes
#Text=afneemende warmte aen de koude gewend geworden.
3-1	322-323	‘	
3-2	324-334	Ongevoelig	
3-3	334-335	,	
3-4	336-340	zegt	
3-5	341-343	hy	
3-6	343-344	,	
3-7	345-351	hebben	
3-8	352-354	wy	
3-9	355-358	den	
3-10	359-365	winter	
3-11	366-373	bereikt	
3-12	373-374	,	
3-13	375-377	en	
3-14	378-382	zijn	
3-15	383-387	door	
3-16	388-390	de	
3-17	391-401	allengsjes	
3-18	402-412	afneemende	
3-19	413-419	warmte	
3-20	420-423	aen	
3-21	424-426	de	
3-22	427-432	koude	
3-23	433-439	gewend	
3-24	440-448	geworden	
3-25	448-449	.	

#Text=Hoe wijsselijk, hoe
#Text=overeenkomstig onze natuur, heevt het volmaekte Opperwezen deze beurtwisseling
#Text=geschikt!
4-1	450-453	Hoe	
4-2	454-464	wijsselijk	
4-3	464-465	,	
4-4	466-469	hoe	
4-5	470-484	overeenkomstig	
4-6	485-489	onze	
4-7	490-496	natuur	
4-8	496-497	,	
4-9	498-503	heevt	
4-10	504-507	het	
4-11	508-517	volmaekte	
4-12	518-528	Opperwezen	
4-13	529-533	deze	
4-14	534-548	beurtwisseling	
4-15	549-557	geschikt	
4-16	557-558	!	

#Text=Ons gestel was niet bestaenbaer om tot de strenge koude overtegaen, uit
#Text=de brandende zomerhitte;
#Text=nu word de lucht bij trappen meer gematigd, de zon
#Text=verliest zijne krachten, en bereid onze ligchaemen tot de koude.
5-1	559-562	Ons	
5-2	563-569	gestel	
5-3	570-573	was	
5-4	574-578	niet	
5-5	579-590	bestaenbaer	
5-6	591-593	om	
5-7	594-597	tot	
5-8	598-600	de	
5-9	601-608	strenge	
5-10	609-614	koude	
5-11	615-625	overtegaen	
5-12	625-626	,	
5-13	627-630	uit	
5-14	631-633	de	
5-15	634-643	brandende	
5-16	644-654	zomerhitte	
5-17	654-655	;	
5-18	656-658	nu	
5-19	659-663	word	
5-20	664-666	de	
5-21	667-672	lucht	
5-22	673-676	bij	
5-23	677-684	trappen	
5-24	685-689	meer	
5-25	690-698	gematigd	
5-26	698-699	,	
5-27	700-702	de	
5-28	703-706	zon	
5-29	707-715	verliest	
5-30	716-721	zijne	
5-31	722-730	krachten	
5-32	730-731	,	
5-33	732-734	en	
5-34	735-741	bereid	
5-35	742-746	onze	
5-36	747-757	ligchaemen	
5-37	758-761	tot	
5-38	762-764	de	
5-39	765-770	koude	
5-40	770-771	.	

#Text=De planten zouden
#Text=deze verbazende verandering niet kunnen verduuren.
6-1	772-774	De	
6-2	775-782	planten	
6-3	783-789	zouden	
6-4	790-794	deze	
6-5	795-805	verbazende	
6-6	806-817	verandering	
6-7	818-822	niet	
6-8	823-829	kunnen	
6-9	830-839	verduuren	
6-10	839-840	.	

#Text=De hervst schikt ons weder
#Text=tot den winter, welke, even als de voorige Jaersaisoenen, zijne nuttigheid heevt.
7-1	841-843	De	
7-2	844-850	hervst	
7-3	851-857	schikt	
7-4	858-861	ons	
7-5	862-867	weder	
7-6	868-871	tot	
7-7	872-875	den	
7-8	876-882	winter	
7-9	882-883	,	
7-10	884-889	welke	
7-11	889-890	,	
7-12	891-895	even	
7-13	896-899	als	
7-14	900-902	de	
7-15	903-910	voorige	
7-16	911-924	Jaersaisoenen	
7-17	924-925	,	
7-18	926-931	zijne	
7-19	932-942	nuttigheid	
7-20	943-948	heevt	
7-21	948-949	.	

#Text=De
#Text=strenge vorst dood het ongedierte, 't welk anders het gezaeide koorn zoude opeeten,
#Text=en trekt de overtollige vochtigheid uit de aerde.
8-1	950-952	De	
8-2	953-960	strenge	
8-3	961-966	vorst	
8-4	967-971	dood	
8-5	972-975	het	
8-6	976-986	ongedierte	
8-7	986-987	,	
8-8	988-989	'	
8-9	989-990	t	
8-10	991-995	welk	
8-11	996-1002	anders	
8-12	1003-1006	het	
8-13	1007-1015	gezaeide	
8-14	1016-1021	koorn	
8-15	1022-1027	zoude	
8-16	1028-1035	opeeten	
8-17	1035-1036	,	
8-18	1037-1039	en	
8-19	1040-1045	trekt	
8-20	1046-1048	de	
8-21	1049-1060	overtollige	
8-22	1061-1072	vochtigheid	
8-23	1073-1076	uit	
8-24	1077-1079	de	
8-25	1080-1085	aerde	
8-26	1085-1086	.	

#Text=De lucht word gezuiverd van de
#Text=kwaede dampen, die, in een geduurigen zomer, in waterachtige en moerassige
#Text=landen, niet zelden besinettingen zouden veroorzaeken;
#Text=de lucht word door eene
#Text=felle storm schoon gevaegd, en door deze geweldige schokken in staet gesteld, om
#Text=aen het oogmerk van den Schepper te voldoen.
9-1	1087-1089	De	
9-2	1090-1095	lucht	
9-3	1096-1100	word	
9-4	1101-1110	gezuiverd	
9-5	1111-1114	van	
9-6	1115-1117	de	
9-7	1118-1124	kwaede	
9-8	1125-1131	dampen	
9-9	1131-1132	,	
9-10	1133-1136	die	
9-11	1136-1137	,	
9-12	1138-1140	in	
9-13	1141-1144	een	
9-14	1145-1155	geduurigen	
9-15	1156-1161	zomer	
9-16	1161-1162	,	
9-17	1163-1165	in	
9-18	1166-1178	waterachtige	
9-19	1179-1181	en	
9-20	1182-1192	moerassige	
9-21	1193-1199	landen	
9-22	1199-1200	,	
9-23	1201-1205	niet	
9-24	1206-1212	zelden	
9-25	1213-1226	besinettingen	
9-26	1227-1233	zouden	
9-27	1234-1246	veroorzaeken	
9-28	1246-1247	;	
9-29	1248-1250	de	
9-30	1251-1256	lucht	
9-31	1257-1261	word	
9-32	1262-1266	door	
9-33	1267-1271	eene	
9-34	1272-1277	felle	
9-35	1278-1283	storm	
9-36	1284-1290	schoon	
9-37	1291-1298	gevaegd	
9-38	1298-1299	,	
9-39	1300-1302	en	
9-40	1303-1307	door	
9-41	1308-1312	deze	
9-42	1313-1322	geweldige	
9-43	1323-1331	schokken	
9-44	1332-1334	in	
9-45	1335-1340	staet	
9-46	1341-1348	gesteld	
9-47	1348-1349	,	
9-48	1350-1352	om	
9-49	1353-1356	aen	
9-50	1357-1360	het	
9-51	1361-1368	oogmerk	
9-52	1369-1372	van	
9-53	1373-1376	den	
9-54	1377-1385	Schepper	
9-55	1386-1388	te	
9-56	1389-1396	voldoen	
9-57	1396-1397	.	

#Text=De nagten geven bij eene heldere lucht het schoonste gezigt, en met een het
#Text=bondigste bewijs voor het aenwesen der Godheid.
10-1	1400-1402	De	
10-2	1403-1409	nagten	
10-3	1410-1415	geven	
10-4	1416-1419	bij	
10-5	1420-1424	eene	
10-6	1425-1432	heldere	
10-7	1433-1438	lucht	
10-8	1439-1442	het	
10-9	1443-1452	schoonste	
10-10	1453-1459	gezigt	
10-11	1459-1460	,	
10-12	1461-1463	en	
10-13	1464-1467	met	
10-14	1468-1471	een	
10-15	1472-1475	het	
10-16	1476-1485	bondigste	
10-17	1486-1492	bewijs	
10-18	1493-1497	voor	
10-19	1498-1501	het	
10-20	1502-1510	aenwesen	
10-21	1511-1514	der	
10-22	1515-1522	Godheid	
10-23	1522-1523	.	

#Text=Millioenen waerelden, millioenen
#Text=zonnestelzels kunnen met een gewapend oge ontdekt worden.
11-1	1524-1534	Millioenen	
11-2	1535-1544	waerelden	
11-3	1544-1545	,	
11-4	1546-1556	millioenen	
11-5	1557-1570	zonnestelzels	
11-6	1571-1577	kunnen	
11-7	1578-1581	met	
11-8	1582-1585	een	
11-9	1586-1594	gewapend	
11-10	1595-1598	oge	
11-11	1599-1606	ontdekt	
11-12	1607-1613	worden	
11-13	1613-1614	.	

#Text=De Oriön, het
#Text=Zevengestarnte, de Melkweg bevatten een onnoemelijk getal tintelende lichten,
#Text=zonder te kunnen vergeleken worden, met die, welke ons gezicht niet kan bereiken.
12-1	1615-1617	De	
12-2	1618-1623	Oriön	
12-3	1623-1624	,	
12-4	1625-1628	het	
12-5	1629-1643	Zevengestarnte	
12-6	1643-1644	,	
12-7	1645-1647	de	
12-8	1648-1655	Melkweg	
12-9	1656-1664	bevatten	
12-10	1665-1668	een	
12-11	1669-1680	onnoemelijk	
12-12	1681-1686	getal	
12-13	1687-1697	tintelende	
12-14	1698-1705	lichten	
12-15	1705-1706	,	
12-16	1707-1713	zonder	
12-17	1714-1716	te	
12-18	1717-1723	kunnen	
12-19	1724-1734	vergeleken	
12-20	1735-1741	worden	
12-21	1741-1742	,	
12-22	1743-1746	met	
12-23	1747-1750	die	
12-24	1750-1751	,	
12-25	1752-1757	welke	
12-26	1758-1761	ons	
12-27	1762-1769	gezicht	
12-28	1770-1774	niet	
12-29	1775-1778	kan	
12-30	1779-1787	bereiken	
12-31	1787-1788	.	

#Text=Wij zijn niet bepaeld binnen onzen bekrompen aerd-
#Text=
#Text=Vaderlandsche Letteroefeningen
#Text=Jaargang
#Text=1777
#Text=
#Text=
#Text=\f607
#Text=bol of ons zonnestelzel, noch genoodzaekt in deze alleen bewijzen te zoeken voor
#Text=eene eeuwige en verstandige oorzaek; het gantsche heelal bied zich aen om deze
#Text=waerheid te staeven.
13-1	1791-1794	Wij	
13-2	1795-1799	zijn	
13-3	1800-1804	niet	
13-4	1805-1812	bepaeld	
13-5	1813-1819	binnen	
13-6	1820-1825	onzen	
13-7	1826-1835	bekrompen	
13-8	1836-1840	aerd	
13-9	1840-1841	-	
13-10	1843-1856	Vaderlandsche	
13-11	1857-1873	Letteroefeningen	
13-12	1874-1882	Jaargang	
13-13	1883-1887	1777	
13-14	1891-1894	607	
13-15	1895-1898	bol	
13-16	1899-1901	of	
13-17	1902-1905	ons	
13-18	1906-1918	zonnestelzel	
13-19	1918-1919	,	
13-20	1920-1924	noch	
13-21	1925-1936	genoodzaekt	
13-22	1937-1939	in	
13-23	1940-1944	deze	
13-24	1945-1951	alleen	
13-25	1952-1960	bewijzen	
13-26	1961-1963	te	
13-27	1964-1970	zoeken	
13-28	1971-1975	voor	
13-29	1976-1980	eene	
13-30	1981-1988	eeuwige	
13-31	1989-1991	en	
13-32	1992-2003	verstandige	
13-33	2004-2011	oorzaek	
13-34	2011-2012	;	
13-35	2013-2016	het	
13-36	2017-2025	gantsche	
13-37	2026-2032	heelal	
13-38	2033-2037	bied	
13-39	2038-2042	zich	
13-40	2043-2046	aen	
13-41	2047-2049	om	
13-42	2050-2054	deze	
13-43	2055-2063	waerheid	
13-44	2064-2066	te	
13-45	2067-2074	staeven	
13-46	2074-2075	.	
