#FORMAT=WebAnno TSV 3.3
#T_SP=custom.Span|label
#T_RL=custom.Relation|label|BT_custom.Span


#Text=Oleum Iasmini.
1-1	0-5	Oleum	_	_	_	
1-2	6-13	Iasmini	_	_	_	
1-3	13-14	.	_	_	_	

#Text=Fruftula panni denfloris albi , vel flocculi gossipini Oleo Balanino leviter imbuti ; in lance latiori extensi, recentibus Iasmini floribus mediocriter operiantur, statimque simili lance tegantur : Tertia vel quartà quaque hora renoventur flores rejectis prioribus , eademque florum renovatio decies aut duodecies repetatur, expressisque deinde panni fruftulis, vel gossipinis flocculis, effluxum fragrans Oleum ad usus servetur.
2-1	16-24	Fruftula	_	_	_	
2-2	25-30	panni	_	_	_	
2-3	31-40	denfloris	_	_	_	
2-4	41-45	albi	_	_	_	
2-5	46-47	,	_	_	_	
2-6	48-51	vel	_	_	_	
2-7	52-60	flocculi	_	_	_	
2-8	61-70	gossipini	_	_	_	
2-9	71-75	Oleo	_	_	_	
2-10	76-84	Balanino	_	_	_	
2-11	85-92	leviter	_	_	_	
2-12	93-99	imbuti	_	_	_	
2-13	100-101	;	_	_	_	
2-14	102-104	in	_	_	_	
2-15	105-110	lance	_	_	_	
2-16	111-118	latiori	_	_	_	
2-17	119-126	extensi	_	_	_	
2-18	126-127	,	_	_	_	
2-19	128-138	recentibus	_	_	_	
2-20	139-146	Iasmini	_	_	_	
2-21	147-155	floribus	_	_	_	
2-22	156-167	mediocriter	_	_	_	
2-23	168-178	operiantur	_	_	_	
2-24	178-179	,	_	_	_	
2-25	180-189	statimque	_	_	_	
2-26	190-196	simili	_	_	_	
2-27	197-202	lance	_	_	_	
2-28	203-211	tegantur	_	_	_	
2-29	212-213	:	_	_	_	
2-30	214-220	Tertia	_	_	_	
2-31	221-224	vel	_	_	_	
2-32	225-231	quartà	_	_	_	
2-33	232-238	quaque	_	_	_	
2-34	239-243	hora	_	_	_	
2-35	244-254	renoventur	_	_	_	
2-36	255-261	flores	_	_	_	
2-37	262-270	rejectis	_	_	_	
2-38	271-280	prioribus	_	_	_	
2-39	281-282	,	_	_	_	
2-40	283-291	eademque	_	_	_	
2-41	292-298	florum	_	_	_	
2-42	299-308	renovatio	_	_	_	
2-43	309-315	decies	_	_	_	
2-44	316-319	aut	_	_	_	
2-45	320-329	duodecies	_	_	_	
2-46	330-339	repetatur	_	_	_	
2-47	339-340	,	_	_	_	
2-48	341-353	expressisque	_	_	_	
2-49	354-360	deinde	_	_	_	
2-50	361-366	panni	_	_	_	
2-51	367-376	fruftulis	_	_	_	
2-52	376-377	,	_	_	_	
2-53	378-381	vel	_	_	_	
2-54	382-392	gossipinis	_	_	_	
2-55	393-402	flocculis	_	_	_	
2-56	402-403	,	_	_	_	
2-57	404-412	effluxum	_	_	_	
2-58	413-421	fragrans	_	_	_	
2-59	422-427	Oleum	_	_	_	
2-60	428-430	ad	_	_	_	
2-61	431-435	usus	_	_	_	
2-62	436-444	servetur	_	_	_	
2-63	444-445	.	_	_	_	

#Text=L'odeur & la vertu des fleurs de jasmin font si superficielles & si volatiles, qu'elles ne peuvent souffrir aucune chaleur considerable sans se dissiper, en forte qu'on ne sçauroit utilement les infuser, ni les cuire, non plus que pretendre de communiquer leur bonne odeur à aucune matiere en les pilant parmi, ni à aucune liqueur par le moyen du feu, & qu'on ne sçauroit se vanter de la pouvoir tirer par distillation.
3-1	447-454	L'odeur	Smell\_Word	*|*|*	3-6[1_0]|3-11|3-14	
3-2	455-456	&	_	_	_	
3-3	457-459	la	_	_	_	
3-4	460-465	vertu	_	_	_	
3-5	466-469	des	_	_	_	
3-6	470-476	fleurs	Smell\_Source[1]	Anaphoric	3-46[0_1]	
3-7	477-479	de	Smell\_Source[1]	_	_	
3-8	480-486	jasmin	Smell\_Source[1]	_	_	
3-9	487-491	font	_	_	_	
3-10	492-494	si	_	_	_	
3-11	495-509	superficielles	Quality	_	_	
3-12	510-511	&	_	_	_	
3-13	512-514	si	_	_	_	
3-14	515-524	volatiles	Quality	_	_	
3-15	524-525	,	_	_	_	
3-16	526-534	qu'elles	_	_	_	
3-17	535-537	ne	_	_	_	
3-18	538-545	peuvent	_	_	_	
3-19	546-554	souffrir	_	_	_	
3-20	555-561	aucune	_	_	_	
3-21	562-569	chaleur	_	_	_	
3-22	570-582	considerable	_	_	_	
3-23	583-587	sans	_	_	_	
3-24	588-590	se	_	_	_	
3-25	591-599	dissiper	_	_	_	
3-26	599-600	,	_	_	_	
3-27	601-603	en	_	_	_	
3-28	604-609	forte	_	_	_	
3-29	610-615	qu'on	_	_	_	
3-30	616-618	ne	_	_	_	
3-31	619-627	sçauroit	_	_	_	
3-32	628-637	utilement	_	_	_	
3-33	638-641	les	_	_	_	
3-34	642-649	infuser	_	_	_	
3-35	649-650	,	_	_	_	
3-36	651-653	ni	_	_	_	
3-37	654-657	les	_	_	_	
3-38	658-663	cuire	_	_	_	
3-39	663-664	,	_	_	_	
3-40	665-668	non	_	_	_	
3-41	669-673	plus	_	_	_	
3-42	674-677	que	_	_	_	
3-43	678-687	pretendre	_	_	_	
3-44	688-690	de	_	_	_	
3-45	691-702	communiquer	_	_	_	
3-46	703-707	leur	Smell\_Source	_	_	
3-47	708-713	bonne	Quality	_	_	
3-48	714-719	odeur	Smell\_Word	*|*	3-47|3-46	
3-49	720-721	à	_	_	_	
3-50	722-728	aucune	_	_	_	
3-51	729-736	matiere	_	_	_	
3-52	737-739	en	_	_	_	
3-53	740-743	les	_	_	_	
3-54	744-750	pilant	_	_	_	
3-55	751-756	parmi	_	_	_	
3-56	756-757	,	_	_	_	
3-57	758-760	ni	_	_	_	
3-58	761-762	à	_	_	_	
3-59	763-769	aucune	_	_	_	
3-60	770-777	liqueur	_	_	_	
3-61	778-781	par	_	_	_	
3-62	782-784	le	_	_	_	
3-63	785-790	moyen	_	_	_	
3-64	791-793	du	_	_	_	
3-65	794-797	feu	_	_	_	
3-66	797-798	,	_	_	_	
3-67	799-800	&	_	_	_	
3-68	801-806	qu'on	_	_	_	
3-69	807-809	ne	_	_	_	
3-70	810-818	sçauroit	_	_	_	
3-71	819-821	se	_	_	_	
3-72	822-828	vanter	_	_	_	
3-73	829-831	de	_	_	_	
3-74	832-834	la	_	_	_	
3-75	835-842	pouvoir	_	_	_	
3-76	843-848	tirer	_	_	_	
3-77	849-852	par	_	_	_	
3-78	853-865	distillation	_	_	_	
3-79	865-866	.	_	_	_	

#Text=Ces considerations, & le desir qu'on a eu de profiter d'une odeur si agreable , ont excité les Artistes à rechercher d'autres moyens, & on y a réüssi en forte que sans chaufer ni froisser les fleurs, on a trouvé le moyen de communiquer leur odeur aux huiles, aux pommades, aux Gans & à plusieurs autres matieres, & de l'y conserver beaucoup plus long tems, que dans les fleurs mesmes qui ne sçauroient secher sans la perdre.
4-1	867-870	Ces	_	_	_	
4-2	871-885	considerations	_	_	_	
4-3	885-886	,	_	_	_	
4-4	887-888	&	_	_	_	
4-5	889-891	le	_	_	_	
4-6	892-897	desir	_	_	_	
4-7	898-903	qu'on	_	_	_	
4-8	904-905	a	_	_	_	
4-9	906-908	eu	_	_	_	
4-10	909-911	de	_	_	_	
4-11	912-920	profiter	_	_	_	
4-12	921-926	d'une	_	_	_	
4-13	927-932	odeur	Smell\_Word	*|*	4-15|4-39	
4-14	933-935	si	_	_	_	
4-15	936-944	agreable	Quality	_	_	
4-16	945-946	,	_	_	_	
4-17	947-950	ont	_	_	_	
4-18	951-957	excité	_	_	_	
4-19	958-961	les	_	_	_	
4-20	962-970	Artistes	_	_	_	
4-21	971-972	à	_	_	_	
4-22	973-983	rechercher	_	_	_	
4-23	984-992	d'autres	_	_	_	
4-24	993-999	moyens	_	_	_	
4-25	999-1000	,	_	_	_	
4-26	1001-1002	&	_	_	_	
4-27	1003-1005	on	_	_	_	
4-28	1006-1007	y	_	_	_	
4-29	1008-1009	a	_	_	_	
4-30	1010-1016	réüssi	_	_	_	
4-31	1017-1019	en	_	_	_	
4-32	1020-1025	forte	_	_	_	
4-33	1026-1029	que	_	_	_	
4-34	1030-1034	sans	_	_	_	
4-35	1035-1042	chaufer	_	_	_	
4-36	1043-1045	ni	_	_	_	
4-37	1046-1054	froisser	_	_	_	
4-38	1055-1058	les	_	_	_	
4-39	1059-1065	fleurs	Smell\_Source	Anaphoric	4-48	
4-40	1065-1066	,	_	_	_	
4-41	1067-1069	on	_	_	_	
4-42	1070-1071	a	_	_	_	
4-43	1072-1078	trouvé	_	_	_	
4-44	1079-1081	le	_	_	_	
4-45	1082-1087	moyen	_	_	_	
4-46	1088-1090	de	_	_	_	
4-47	1091-1102	communiquer	_	_	_	
4-48	1103-1107	leur	Smell\_Source	_	_	
4-49	1108-1113	odeur	Smell\_Word	*|*|*|*|*|*	4-48|4-51|4-54|4-57|4-60[2_0]|4-70[3_0]	
4-50	1114-1117	aux	_	_	_	
4-51	1118-1124	huiles	Odour\_Carrier	_	_	
4-52	1124-1125	,	_	_	_	
4-53	1126-1129	aux	_	_	_	
4-54	1130-1138	pommades	Odour\_Carrier	_	_	
4-55	1138-1139	,	_	_	_	
4-56	1140-1143	aux	_	_	_	
4-57	1144-1148	Gans	Odour\_Carrier	_	_	
4-58	1149-1150	&	_	_	_	
4-59	1151-1152	à	_	_	_	
4-60	1153-1162	plusieurs	Odour\_Carrier[2]	_	_	
4-61	1163-1169	autres	Odour\_Carrier[2]	_	_	
4-62	1170-1178	matieres	Odour\_Carrier[2]	_	_	
4-63	1178-1179	,	_	_	_	
4-64	1180-1181	&	_	_	_	
4-65	1182-1184	de	_	_	_	
4-66	1185-1188	l'y	_	_	_	
4-67	1189-1198	conserver	_	_	_	
4-68	1199-1207	beaucoup	_	_	_	
4-69	1208-1212	plus	_	_	_	
4-70	1213-1217	long	Time[3]	_	_	
4-71	1218-1222	tems	Time[3]	_	_	
4-72	1222-1223	,	_	_	_	
4-73	1224-1227	que	_	_	_	
4-74	1228-1232	dans	_	_	_	
4-75	1233-1236	les	_	_	_	
4-76	1237-1243	fleurs	_	_	_	
4-77	1244-1250	mesmes	_	_	_	
4-78	1251-1254	qui	_	_	_	
4-79	1255-1257	ne	_	_	_	
4-80	1258-1268	sçauroient	_	_	_	
4-81	1269-1275	secher	_	_	_	
4-82	1276-1280	sans	_	_	_	
4-83	1281-1283	la	_	_	_	
4-84	1284-1290	perdre	_	_	_	
4-85	1290-1291	.	_	_	_	

#Text=On aura de petits floccons de cotton cardé & bien blanc, ou de petits morceaux de drap blanchi avec de l'Alum, & qui n'ait aucune mauvaise odeur ; on les imbibera legerement avec de l'huile de Ben tirée sans feu, & les ayant estendus dans un bassin de fayance, d'estain, ou d'argent, on les couvrira de fleurs de jasmin nouvellement cueillies à la hauteur d'un bon travers de doigt, & ayant couvert le tout d'un baffin pareil au premier, on l'enveloppera encore d'un drap ou d'un gros linge, & au bout de trois ou quatre heures, on ostera & rejettera ces fleurs, pour y en mettre de nouvelles, & ayant reïteré dix ou douze fois le renouvellement de fleurs, on mettra à la presse les morceaux de drap ou floccons de cotton, & sans les chaufer on en retirera l'huile, qui se trouvera fort chargée de l'odeur des fleurs, & en estat de la retenir long-tems, si on la garde dans une fiole forte bien bouchée.
5-1	1293-1295	On	_	_	_	
5-2	1296-1300	aura	_	_	_	
5-3	1301-1303	de	_	_	_	
5-4	1304-1310	petits	_	_	_	
5-5	1311-1319	floccons	Smell\_Source[4]	_	_	
5-6	1320-1322	de	Smell\_Source[4]	_	_	
5-7	1323-1329	cotton	Smell\_Source[4]	_	_	
5-8	1330-1335	cardé	_	_	_	
5-9	1336-1337	&	_	_	_	
5-10	1338-1342	bien	_	_	_	
5-11	1343-1348	blanc	_	_	_	
5-12	1348-1349	,	_	_	_	
5-13	1350-1352	ou	_	_	_	
5-14	1353-1355	de	_	_	_	
5-15	1356-1362	petits	_	_	_	
5-16	1363-1371	morceaux	Smell\_Source[5]	_	_	
5-17	1372-1374	de	Smell\_Source[5]	_	_	
5-18	1375-1379	drap	Smell\_Source[5]	_	_	
5-19	1380-1387	blanchi	_	_	_	
5-20	1388-1392	avec	_	_	_	
5-21	1393-1395	de	_	_	_	
5-22	1396-1402	l'Alum	_	_	_	
5-23	1402-1403	,	_	_	_	
5-24	1404-1405	&	_	_	_	
5-25	1406-1409	qui	_	_	_	
5-26	1410-1415	n'ait	_	_	_	
5-27	1416-1422	aucune	Quality[6]	_	_	
5-28	1423-1431	mauvaise	Quality[6]	_	_	
5-29	1432-1437	odeur	Smell\_Word	*|*|*	5-27[6_0]|5-5[4_0]|5-16[5_0]	
5-30	1438-1439	;	_	_	_	
5-31	1440-1442	on	_	_	_	
5-32	1443-1446	les	_	_	_	
5-33	1447-1455	imbibera	_	_	_	
5-34	1456-1466	legerement	_	_	_	
5-35	1467-1471	avec	_	_	_	
5-36	1472-1474	de	_	_	_	
5-37	1475-1482	l'huile	_	_	_	
5-38	1483-1485	de	_	_	_	
5-39	1486-1489	Ben	_	_	_	
5-40	1490-1495	tirée	_	_	_	
5-41	1496-1500	sans	_	_	_	
5-42	1501-1504	feu	_	_	_	
5-43	1504-1505	,	_	_	_	
5-44	1506-1507	&	_	_	_	
5-45	1508-1511	les	_	_	_	
5-46	1512-1517	ayant	_	_	_	
5-47	1518-1526	estendus	_	_	_	
5-48	1527-1531	dans	_	_	_	
5-49	1532-1534	un	_	_	_	
5-50	1535-1541	bassin	_	_	_	
5-51	1542-1544	de	_	_	_	
5-52	1545-1552	fayance	_	_	_	
5-53	1552-1553	,	_	_	_	
5-54	1554-1562	d'estain	_	_	_	
5-55	1562-1563	,	_	_	_	
5-56	1564-1566	ou	_	_	_	
5-57	1567-1575	d'argent	_	_	_	
5-58	1575-1576	,	_	_	_	
5-59	1577-1579	on	_	_	_	
5-60	1580-1583	les	_	_	_	
5-61	1584-1592	couvrira	_	_	_	
5-62	1593-1595	de	_	_	_	
5-63	1596-1602	fleurs	_	_	_	
5-64	1603-1605	de	_	_	_	
5-65	1606-1612	jasmin	_	_	_	
5-66	1613-1625	nouvellement	_	_	_	
5-67	1626-1635	cueillies	_	_	_	
5-68	1636-1637	à	_	_	_	
5-69	1638-1640	la	_	_	_	
5-70	1641-1648	hauteur	_	_	_	
5-71	1649-1653	d'un	_	_	_	
5-72	1654-1657	bon	_	_	_	
5-73	1658-1665	travers	_	_	_	
5-74	1666-1668	de	_	_	_	
5-75	1669-1674	doigt	_	_	_	
5-76	1674-1675	,	_	_	_	
5-77	1676-1677	&	_	_	_	
5-78	1678-1683	ayant	_	_	_	
5-79	1684-1691	couvert	_	_	_	
5-80	1692-1694	le	_	_	_	
5-81	1695-1699	tout	_	_	_	
5-82	1700-1704	d'un	_	_	_	
5-83	1705-1711	baffin	_	_	_	
5-84	1712-1718	pareil	_	_	_	
5-85	1719-1721	au	_	_	_	
5-86	1722-1729	premier	_	_	_	
5-87	1729-1730	,	_	_	_	
5-88	1731-1733	on	_	_	_	
5-89	1734-1747	l'enveloppera	_	_	_	
5-90	1748-1754	encore	_	_	_	
5-91	1755-1759	d'un	_	_	_	
5-92	1760-1764	drap	_	_	_	
5-93	1765-1767	ou	_	_	_	
5-94	1768-1772	d'un	_	_	_	
5-95	1773-1777	gros	_	_	_	
5-96	1778-1783	linge	_	_	_	
5-97	1783-1784	,	_	_	_	
5-98	1785-1786	&	_	_	_	
5-99	1787-1789	au	_	_	_	
5-100	1790-1794	bout	_	_	_	
5-101	1795-1797	de	_	_	_	
5-102	1798-1803	trois	_	_	_	
5-103	1804-1806	ou	_	_	_	
5-104	1807-1813	quatre	_	_	_	
5-105	1814-1820	heures	_	_	_	
5-106	1820-1821	,	_	_	_	
5-107	1822-1824	on	_	_	_	
5-108	1825-1831	ostera	_	_	_	
5-109	1832-1833	&	_	_	_	
5-110	1834-1843	rejettera	_	_	_	
5-111	1844-1847	ces	_	_	_	
5-112	1848-1854	fleurs	_	_	_	
5-113	1854-1855	,	_	_	_	
5-114	1856-1860	pour	_	_	_	
5-115	1861-1862	y	_	_	_	
5-116	1863-1865	en	_	_	_	
5-117	1866-1872	mettre	_	_	_	
5-118	1873-1875	de	_	_	_	
5-119	1876-1885	nouvelles	_	_	_	
5-120	1885-1886	,	_	_	_	
5-121	1887-1888	&	_	_	_	
5-122	1889-1894	ayant	_	_	_	
5-123	1895-1902	reïteré	_	_	_	
5-124	1903-1906	dix	_	_	_	
5-125	1907-1909	ou	_	_	_	
5-126	1910-1915	douze	_	_	_	
5-127	1916-1920	fois	_	_	_	
5-128	1921-1923	le	_	_	_	
5-129	1924-1938	renouvellement	_	_	_	
5-130	1939-1941	de	_	_	_	
5-131	1942-1948	fleurs	_	_	_	
5-132	1948-1949	,	_	_	_	
5-133	1950-1952	on	_	_	_	
5-134	1953-1959	mettra	_	_	_	
5-135	1960-1961	à	_	_	_	
5-136	1962-1964	la	_	_	_	
5-137	1965-1971	presse	_	_	_	
5-138	1972-1975	les	_	_	_	
5-139	1976-1984	morceaux	_	_	_	
5-140	1985-1987	de	_	_	_	
5-141	1988-1992	drap	_	_	_	
5-142	1993-1995	ou	_	_	_	
5-143	1996-2004	floccons	_	_	_	
5-144	2005-2007	de	_	_	_	
5-145	2008-2014	cotton	_	_	_	
5-146	2014-2015	,	_	_	_	
5-147	2016-2017	&	_	_	_	
5-148	2018-2022	sans	_	_	_	
5-149	2023-2026	les	_	_	_	
5-150	2027-2034	chaufer	_	_	_	
5-151	2035-2037	on	_	_	_	
5-152	2038-2040	en	_	_	_	
5-153	2041-2049	retirera	_	_	_	
5-154	2050-2057	l'huile	Odour\_Carrier	_	_	
5-155	2057-2058	,	_	_	_	
5-156	2059-2062	qui	_	_	_	
5-157	2063-2065	se	_	_	_	
5-158	2066-2074	trouvera	_	_	_	
5-159	2075-2079	fort	Quality[7]	_	_	
5-160	2080-2087	chargée	Quality[7]	_	_	
5-161	2088-2090	de	_	_	_	
5-162	2091-2098	l'odeur	Smell\_Word	*|*|*|*|*	5-164|5-159[7_0]|5-180|5-172|5-154	
5-163	2099-2102	des	_	_	_	
5-164	2103-2109	fleurs	Smell\_Source	_	_	
5-165	2109-2110	,	_	_	_	
5-166	2111-2112	&	_	_	_	
5-167	2113-2115	en	_	_	_	
5-168	2116-2121	estat	_	_	_	
5-169	2122-2124	de	_	_	_	
5-170	2125-2127	la	_	_	_	
5-171	2128-2135	retenir	_	_	_	
5-172	2136-2145	long-tems	Time	_	_	
5-173	2145-2146	,	_	_	_	
5-174	2147-2149	si	_	_	_	
5-175	2150-2152	on	_	_	_	
5-176	2153-2155	la	_	_	_	
5-177	2156-2161	garde	_	_	_	
5-178	2162-2166	dans	_	_	_	
5-179	2167-2170	une	_	_	_	
5-180	2171-2176	fiole	Odour\_Carrier	_	_	
5-181	2177-2182	forte	_	_	_	
5-182	2183-2187	bien	_	_	_	
5-183	2188-2195	bouchée	_	_	_	
5-184	2195-2196	.	_	_	_	

#Text=On peut aussi à la place des floccons de cotton & des morceaux de drap imbibez de l'huile de Ben , y employer le fruit mesme de Ben mondé, grossierement pilé, l' étendant dans un bassin & le couvrant de fleurs de Jasmin, & le tout d'un autre bassin de mesme grandeur & d'un drap, car en y procedant de mesme qu'avec l'huile, Se renouvellant les fleurs tout autant de fois, l'huile qu'on tirera par expression sans feu de ce Ben ainsi parfumé fera aussi odorant que l'autre, & se conservera de mesme.
6-1	2198-2200	On	_	_	_	
6-2	2201-2205	peut	_	_	_	
6-3	2206-2211	aussi	_	_	_	
6-4	2212-2213	à	_	_	_	
6-5	2214-2216	la	_	_	_	
6-6	2217-2222	place	_	_	_	
6-7	2223-2226	des	_	_	_	
6-8	2227-2235	floccons	_	_	_	
6-9	2236-2238	de	_	_	_	
6-10	2239-2245	cotton	_	_	_	
6-11	2246-2247	&	_	_	_	
6-12	2248-2251	des	_	_	_	
6-13	2252-2260	morceaux	_	_	_	
6-14	2261-2263	de	_	_	_	
6-15	2264-2268	drap	_	_	_	
6-16	2269-2276	imbibez	_	_	_	
6-17	2277-2279	de	_	_	_	
6-18	2280-2287	l'huile	_	_	_	
6-19	2288-2290	de	_	_	_	
6-20	2291-2294	Ben	_	_	_	
6-21	2295-2296	,	_	_	_	
6-22	2297-2298	y	_	_	_	
6-23	2299-2307	employer	_	_	_	
6-24	2308-2310	le	_	_	_	
6-25	2311-2316	fruit	_	_	_	
6-26	2317-2322	mesme	_	_	_	
6-27	2323-2325	de	_	_	_	
6-28	2326-2329	Ben	_	_	_	
6-29	2330-2335	mondé	_	_	_	
6-30	2335-2336	,	_	_	_	
6-31	2337-2350	grossierement	_	_	_	
6-32	2351-2355	pilé	_	_	_	
6-33	2355-2356	,	_	_	_	
6-34	2357-2358	l	_	_	_	
6-35	2358-2359	'	_	_	_	
6-36	2360-2368	étendant	_	_	_	
6-37	2369-2373	dans	_	_	_	
6-38	2374-2376	un	_	_	_	
6-39	2377-2383	bassin	_	_	_	
6-40	2384-2385	&	_	_	_	
6-41	2386-2388	le	_	_	_	
6-42	2389-2397	couvrant	_	_	_	
6-43	2398-2400	de	_	_	_	
6-44	2401-2407	fleurs	_	_	_	
6-45	2408-2410	de	_	_	_	
6-46	2411-2417	Jasmin	_	_	_	
6-47	2417-2418	,	_	_	_	
6-48	2419-2420	&	_	_	_	
6-49	2421-2423	le	_	_	_	
6-50	2424-2428	tout	_	_	_	
6-51	2429-2433	d'un	_	_	_	
6-52	2434-2439	autre	_	_	_	
6-53	2440-2446	bassin	_	_	_	
6-54	2447-2449	de	_	_	_	
6-55	2450-2455	mesme	_	_	_	
6-56	2456-2464	grandeur	_	_	_	
6-57	2465-2466	&	_	_	_	
6-58	2467-2471	d'un	_	_	_	
6-59	2472-2476	drap	_	_	_	
6-60	2476-2477	,	_	_	_	
6-61	2478-2481	car	_	_	_	
6-62	2482-2484	en	_	_	_	
6-63	2485-2486	y	_	_	_	
6-64	2487-2496	procedant	_	_	_	
6-65	2497-2499	de	_	_	_	
6-66	2500-2505	mesme	_	_	_	
6-67	2506-2513	qu'avec	_	_	_	
6-68	2514-2521	l'huile	_	_	_	
6-69	2521-2522	,	_	_	_	
6-70	2523-2525	Se	_	_	_	
6-71	2526-2538	renouvellant	_	_	_	
6-72	2539-2542	les	_	_	_	
6-73	2543-2549	fleurs	Smell\_Source	_	_	
6-74	2550-2554	tout	_	_	_	
6-75	2555-2561	autant	_	_	_	
6-76	2562-2564	de	_	_	_	
6-77	2565-2569	fois	_	_	_	
6-78	2569-2570	,	_	_	_	
6-79	2571-2578	l'huile	Odour\_Carrier	_	_	
6-80	2579-2584	qu'on	_	_	_	
6-81	2585-2591	tirera	_	_	_	
6-82	2592-2595	par	_	_	_	
6-83	2596-2606	expression	_	_	_	
6-84	2607-2611	sans	_	_	_	
6-85	2612-2615	feu	_	_	_	
6-86	2616-2618	de	_	_	_	
6-87	2619-2621	ce	_	_	_	
6-88	2622-2625	Ben	_	_	_	
6-89	2626-2631	ainsi	_	_	_	
6-90	2632-2639	parfumé	Quality	_	_	
6-91	2640-2644	fera	_	_	_	
6-92	2645-2650	aussi	_	_	_	
6-93	2651-2658	odorant	Smell\_Word[8]|Quality[9]	*|*|*|*	6-90[0_8]|6-73[0_8]|6-79[0_8]|6-93[9_8]	
6-94	2659-2662	que	_	_	_	
6-95	2663-2670	l'autre	_	_	_	
6-96	2670-2671	,	_	_	_	
6-97	2672-2673	&	_	_	_	
6-98	2674-2676	se	_	_	_	
6-99	2677-2687	conservera	_	_	_	
6-100	2688-2690	de	_	_	_	
6-101	2691-2696	mesme	_	_	_	
6-102	2696-2697	.	_	_	_	

#Text=On pourroit aussi employer à cela les Amandes douces gros fierement pilées, ou leur huile de mesme que celle de Ben ; Mais on fera beaucoup mieux de n'employer que le Ben ou son huile, parce que l'huile d'Amandes gardée quelque-tems ne manque pas de rancir & de corrompre la bonne odeur du Jasmin : Ce qui n'arrive pas de l'huile de Ben.
7-1	2699-2701	On	_	_	_	
7-2	2702-2710	pourroit	_	_	_	
7-3	2711-2716	aussi	_	_	_	
7-4	2717-2725	employer	_	_	_	
7-5	2726-2727	à	_	_	_	
7-6	2728-2732	cela	_	_	_	
7-7	2733-2736	les	_	_	_	
7-8	2737-2744	Amandes	_	_	_	
7-9	2745-2751	douces	_	_	_	
7-10	2752-2756	gros	_	_	_	
7-11	2757-2766	fierement	_	_	_	
7-12	2767-2773	pilées	_	_	_	
7-13	2773-2774	,	_	_	_	
7-14	2775-2777	ou	_	_	_	
7-15	2778-2782	leur	_	_	_	
7-16	2783-2788	huile	_	_	_	
7-17	2789-2791	de	_	_	_	
7-18	2792-2797	mesme	_	_	_	
7-19	2798-2801	que	_	_	_	
7-20	2802-2807	celle	_	_	_	
7-21	2808-2810	de	_	_	_	
7-22	2811-2814	Ben	_	_	_	
7-23	2815-2816	;	_	_	_	
7-24	2817-2821	Mais	_	_	_	
7-25	2822-2824	on	_	_	_	
7-26	2825-2829	fera	_	_	_	
7-27	2830-2838	beaucoup	_	_	_	
7-28	2839-2844	mieux	_	_	_	
7-29	2845-2847	de	_	_	_	
7-30	2848-2858	n'employer	_	_	_	
7-31	2859-2862	que	_	_	_	
7-32	2863-2865	le	_	_	_	
7-33	2866-2869	Ben	_	_	_	
7-34	2870-2872	ou	_	_	_	
7-35	2873-2876	son	_	_	_	
7-36	2877-2882	huile	_	_	_	
7-37	2882-2883	,	_	_	_	
7-38	2884-2889	parce	_	_	_	
7-39	2890-2893	que	_	_	_	
7-40	2894-2901	l'huile	_	_	_	
7-41	2902-2911	d'Amandes	_	_	_	
7-42	2912-2918	gardée	_	_	_	
7-43	2919-2931	quelque-tems	_	_	_	
7-44	2932-2934	ne	_	_	_	
7-45	2935-2941	manque	_	_	_	
7-46	2942-2945	pas	_	_	_	
7-47	2946-2948	de	_	_	_	
7-48	2949-2955	rancir	_	_	_	
7-49	2956-2957	&	_	_	_	
7-50	2958-2960	de	_	_	_	
7-51	2961-2970	corrompre	_	_	_	
7-52	2971-2973	la	_	_	_	
7-53	2974-2979	bonne	Quality	_	_	
7-54	2980-2985	odeur	Smell\_Word	*|*	7-53|7-56	
7-55	2986-2988	du	_	_	_	
7-56	2989-2995	Jasmin	Smell\_Source	_	_	
7-57	2996-2997	:	_	_	_	
7-58	2998-3000	Ce	_	_	_	
7-59	3001-3004	qui	_	_	_	
7-60	3005-3013	n'arrive	_	_	_	
7-61	3014-3017	pas	_	_	_	
7-62	3018-3020	de	_	_	_	
7-63	3021-3028	l'huile	_	_	_	
7-64	3029-3031	de	_	_	_	
7-65	3032-3035	Ben	_	_	_	
7-66	3035-3036	.	_	_	_	

#Text=Les Anciens, & mesme quelques Modernes veulent qu'on pre• pare l'huile de Jasmin par diverses infusions de fleurs dans l'huile d'Amandes douces, ou d'Olives, & qu'on y procede de mesme que pour l'huile Rosat : Ceux qui ne rechercheront pas la bonne odeur, qui est ce que le Jasmin a de plus sublime, & qui ne voudront profiter que de sa partie herbacée & terrestre, pourront suivre cette methode; Mais le peu de vertu & le peu d'employ de cette huile ainsi preparée, détourneront comme je crois tous les Artistes de cette preparation.
8-1	3038-3041	Les	_	_	_	
8-2	3042-3049	Anciens	_	_	_	
8-3	3049-3050	,	_	_	_	
8-4	3051-3052	&	_	_	_	
8-5	3053-3058	mesme	_	_	_	
8-6	3059-3067	quelques	_	_	_	
8-7	3068-3076	Modernes	_	_	_	
8-8	3077-3084	veulent	_	_	_	
8-9	3085-3090	qu'on	_	_	_	
8-10	3091-3094	pre	_	_	_	
8-11	3094-3095	•	_	_	_	
8-12	3096-3100	pare	_	_	_	
8-13	3101-3108	l'huile	_	_	_	
8-14	3109-3111	de	_	_	_	
8-15	3112-3118	Jasmin	_	_	_	
8-16	3119-3122	par	_	_	_	
8-17	3123-3131	diverses	_	_	_	
8-18	3132-3141	infusions	_	_	_	
8-19	3142-3144	de	_	_	_	
8-20	3145-3151	fleurs	_	_	_	
8-21	3152-3156	dans	_	_	_	
8-22	3157-3164	l'huile	_	_	_	
8-23	3165-3174	d'Amandes	_	_	_	
8-24	3175-3181	douces	_	_	_	
8-25	3181-3182	,	_	_	_	
8-26	3183-3185	ou	_	_	_	
8-27	3186-3194	d'Olives	_	_	_	
8-28	3194-3195	,	_	_	_	
8-29	3196-3197	&	_	_	_	
8-30	3198-3203	qu'on	_	_	_	
8-31	3204-3205	y	_	_	_	
8-32	3206-3213	procede	_	_	_	
8-33	3214-3216	de	_	_	_	
8-34	3217-3222	mesme	_	_	_	
8-35	3223-3226	que	_	_	_	
8-36	3227-3231	pour	_	_	_	
8-37	3232-3239	l'huile	_	_	_	
8-38	3240-3245	Rosat	_	_	_	
8-39	3246-3247	:	_	_	_	
8-40	3248-3252	Ceux	_	_	_	
8-41	3253-3256	qui	_	_	_	
8-42	3257-3259	ne	_	_	_	
8-43	3260-3273	rechercheront	_	_	_	
8-44	3274-3277	pas	_	_	_	
8-45	3278-3280	la	_	_	_	
8-46	3281-3286	bonne	Quality	_	_	
8-47	3287-3292	odeur	Smell\_Word	*|*|*	8-46|8-54|8-58	
8-48	3292-3293	,	_	_	_	
8-49	3294-3297	qui	_	_	_	
8-50	3298-3301	est	_	_	_	
8-51	3302-3304	ce	_	_	_	
8-52	3305-3308	que	_	_	_	
8-53	3309-3311	le	_	_	_	
8-54	3312-3318	Jasmin	Smell\_Source	_	_	
8-55	3319-3320	a	_	_	_	
8-56	3321-3323	de	_	_	_	
8-57	3324-3328	plus	_	_	_	
8-58	3329-3336	sublime	Quality	_	_	
8-59	3336-3337	,	_	_	_	
8-60	3338-3339	&	_	_	_	
8-61	3340-3343	qui	_	_	_	
8-62	3344-3346	ne	_	_	_	
8-63	3347-3355	voudront	_	_	_	
8-64	3356-3364	profiter	_	_	_	
8-65	3365-3368	que	_	_	_	
8-66	3369-3371	de	_	_	_	
8-67	3372-3374	sa	_	_	_	
8-68	3375-3381	partie	_	_	_	
8-69	3382-3390	herbacée	_	_	_	
8-70	3391-3392	&	_	_	_	
8-71	3393-3402	terrestre	_	_	_	
8-72	3402-3403	,	_	_	_	
8-73	3404-3412	pourront	_	_	_	
8-74	3413-3419	suivre	_	_	_	
8-75	3420-3425	cette	_	_	_	
8-76	3426-3433	methode	_	_	_	
8-77	3433-3434	;	_	_	_	
8-78	3435-3439	Mais	_	_	_	
8-79	3440-3442	le	_	_	_	
8-80	3443-3446	peu	_	_	_	
8-81	3447-3449	de	_	_	_	
8-82	3450-3455	vertu	_	_	_	
8-83	3456-3457	&	_	_	_	
8-84	3458-3460	le	_	_	_	
8-85	3461-3464	peu	_	_	_	
8-86	3465-3473	d'employ	_	_	_	
8-87	3474-3476	de	_	_	_	
8-88	3477-3482	cette	_	_	_	
8-89	3483-3488	huile	_	_	_	
8-90	3489-3494	ainsi	_	_	_	
8-91	3495-3503	preparée	_	_	_	
8-92	3503-3504	,	_	_	_	
8-93	3505-3517	détourneront	_	_	_	
8-94	3518-3523	comme	_	_	_	
8-95	3524-3526	je	_	_	_	
8-96	3527-3532	crois	_	_	_	
8-97	3533-3537	tous	_	_	_	
8-98	3538-3541	les	_	_	_	
8-99	3542-3550	Artistes	_	_	_	
8-100	3551-3553	de	_	_	_	
8-101	3554-3559	cette	_	_	_	
8-102	3560-3571	preparation	_	_	_	
8-103	3571-3572	.	_	_	_	

#Text=Ceux aussi qui auront essayé de tirer l'huile de Jasmin par distillation , en y procedant comme pour celle de Roses, comme quelques-uns ont écrit, n'adhereront pas à l'avenir à des pensées si esloignées de l'experience qu'ils en auront faite.
9-1	3574-3578	Ceux	_	_	_	
9-2	3579-3584	aussi	_	_	_	
9-3	3585-3588	qui	_	_	_	
9-4	3589-3595	auront	_	_	_	
9-5	3596-3602	essayé	_	_	_	
9-6	3603-3605	de	_	_	_	
9-7	3606-3611	tirer	_	_	_	
9-8	3612-3619	l'huile	_	_	_	
9-9	3620-3622	de	_	_	_	
9-10	3623-3629	Jasmin	_	_	_	
9-11	3630-3633	par	_	_	_	
9-12	3634-3646	distillation	_	_	_	
9-13	3647-3648	,	_	_	_	
9-14	3649-3651	en	_	_	_	
9-15	3652-3653	y	_	_	_	
9-16	3654-3663	procedant	_	_	_	
9-17	3664-3669	comme	_	_	_	
9-18	3670-3674	pour	_	_	_	
9-19	3675-3680	celle	_	_	_	
9-20	3681-3683	de	_	_	_	
9-21	3684-3689	Roses	_	_	_	
9-22	3689-3690	,	_	_	_	
9-23	3691-3696	comme	_	_	_	
9-24	3697-3709	quelques-uns	_	_	_	
9-25	3710-3713	ont	_	_	_	
9-26	3714-3719	écrit	_	_	_	
9-27	3719-3720	,	_	_	_	
9-28	3721-3733	n'adhereront	_	_	_	
9-29	3734-3737	pas	_	_	_	
9-30	3738-3739	à	_	_	_	
9-31	3740-3748	l'avenir	_	_	_	
9-32	3749-3750	à	_	_	_	
9-33	3751-3754	des	_	_	_	
9-34	3755-3762	pensées	_	_	_	
9-35	3763-3765	si	_	_	_	
9-36	3766-3776	esloignées	_	_	_	
9-37	3777-3779	de	_	_	_	
9-38	3780-3792	l'experience	_	_	_	
9-39	3793-3799	qu'ils	_	_	_	
9-40	3800-3802	en	_	_	_	
9-41	3803-3809	auront	_	_	_	
9-42	3810-3815	faite	_	_	_	
9-43	3815-3816	.	_	_	_	

#Text=On peut preparer des huiles de fleurs d'Oranges, de Citrons, de Violettes, d'Oeillets, de Roses & de plusieurs autres, de mesme que celle de Jasmin; Ce qui n'empesche pas qu'on ne puisse tirer par distillation les huiles de fleurs d'Oranges, de Citrons, de Roses & de plusieurs autres fleurs de substance plus compacte que ne font celles de Jasmin.
10-1	3818-3820	On	_	_	_	
10-2	3821-3825	peut	_	_	_	
10-3	3826-3834	preparer	_	_	_	
10-4	3835-3838	des	_	_	_	
10-5	3839-3845	huiles	_	_	_	
10-6	3846-3848	de	_	_	_	
10-7	3849-3855	fleurs	_	_	_	
10-8	3856-3865	d'Oranges	_	_	_	
10-9	3865-3866	,	_	_	_	
10-10	3867-3869	de	_	_	_	
10-11	3870-3877	Citrons	_	_	_	
10-12	3877-3878	,	_	_	_	
10-13	3879-3881	de	_	_	_	
10-14	3882-3891	Violettes	_	_	_	
10-15	3891-3892	,	_	_	_	
10-16	3893-3903	d'Oeillets	_	_	_	
10-17	3903-3904	,	_	_	_	
10-18	3905-3907	de	_	_	_	
10-19	3908-3913	Roses	_	_	_	
10-20	3914-3915	&	_	_	_	
10-21	3916-3918	de	_	_	_	
10-22	3919-3928	plusieurs	_	_	_	
10-23	3929-3935	autres	_	_	_	
10-24	3935-3936	,	_	_	_	
10-25	3937-3939	de	_	_	_	
10-26	3940-3945	mesme	_	_	_	
10-27	3946-3949	que	_	_	_	
10-28	3950-3955	celle	_	_	_	
10-29	3956-3958	de	_	_	_	
10-30	3959-3965	Jasmin	_	_	_	
10-31	3965-3966	;	_	_	_	
10-32	3967-3969	Ce	_	_	_	
10-33	3970-3973	qui	_	_	_	
10-34	3974-3984	n'empesche	_	_	_	
10-35	3985-3988	pas	_	_	_	
10-36	3989-3994	qu'on	_	_	_	
10-37	3995-3997	ne	_	_	_	
10-38	3998-4004	puisse	_	_	_	
10-39	4005-4010	tirer	_	_	_	
10-40	4011-4014	par	_	_	_	
10-41	4015-4027	distillation	_	_	_	
10-42	4028-4031	les	_	_	_	
10-43	4032-4038	huiles	_	_	_	
10-44	4039-4041	de	_	_	_	
10-45	4042-4048	fleurs	_	_	_	
10-46	4049-4058	d'Oranges	_	_	_	
10-47	4058-4059	,	_	_	_	
10-48	4060-4062	de	_	_	_	
10-49	4063-4070	Citrons	_	_	_	
10-50	4070-4071	,	_	_	_	
10-51	4072-4074	de	_	_	_	
10-52	4075-4080	Roses	_	_	_	
10-53	4081-4082	&	_	_	_	
10-54	4083-4085	de	_	_	_	
10-55	4086-4095	plusieurs	_	_	_	
10-56	4096-4102	autres	_	_	_	
10-57	4103-4109	fleurs	_	_	_	
10-58	4110-4112	de	_	_	_	
10-59	4113-4122	substance	_	_	_	
10-60	4123-4127	plus	_	_	_	
10-61	4128-4136	compacte	_	_	_	
10-62	4137-4140	que	_	_	_	
10-63	4141-4143	ne	_	_	_	
10-64	4144-4148	font	_	_	_	
10-65	4149-4155	celles	_	_	_	
10-66	4156-4158	de	_	_	_	
10-67	4159-4165	Jasmin	_	_	_	
10-68	4165-4166	.	_	_	_	

#Text=L'huile de Jasmin est principalement estimée pour son odeur douce & agreable; Elle est aussi plus employée pour les delices de ceux qui se portent bien , que pour la guerison des malades; quoy que sa bonne odeur foit capable de les recréer, en leur fortissant le cerveau & toutes les parties nobles.
11-1	4168-4175	L'huile	Smell\_Source[10]	Anaphoric	11-38[0_10]	
11-2	4176-4178	de	Smell\_Source[10]	_	_	
11-3	4179-4185	Jasmin	Smell\_Source[10]	_	_	
11-4	4186-4189	est	_	_	_	
11-5	4190-4204	principalement	_	_	_	
11-6	4205-4212	estimée	_	_	_	
11-7	4213-4217	pour	_	_	_	
11-8	4218-4221	son	_	_	_	
11-9	4222-4227	odeur	Smell\_Word	*|*|*	11-1[10_0]|11-10|11-12	
11-10	4228-4233	douce	Quality	_	_	
11-11	4234-4235	&	_	_	_	
11-12	4236-4244	agreable	Quality	_	_	
11-13	4244-4245	;	_	_	_	
11-14	4246-4250	Elle	_	_	_	
11-15	4251-4254	est	_	_	_	
11-16	4255-4260	aussi	_	_	_	
11-17	4261-4265	plus	_	_	_	
11-18	4266-4274	employée	_	_	_	
11-19	4275-4279	pour	_	_	_	
11-20	4280-4283	les	_	_	_	
11-21	4284-4291	delices	_	_	_	
11-22	4292-4294	de	_	_	_	
11-23	4295-4299	ceux	_	_	_	
11-24	4300-4303	qui	_	_	_	
11-25	4304-4306	se	_	_	_	
11-26	4307-4314	portent	_	_	_	
11-27	4315-4319	bien	_	_	_	
11-28	4320-4321	,	_	_	_	
11-29	4322-4325	que	_	_	_	
11-30	4326-4330	pour	_	_	_	
11-31	4331-4333	la	_	_	_	
11-32	4334-4342	guerison	_	_	_	
11-33	4343-4346	des	_	_	_	
11-34	4347-4354	malades	_	_	_	
11-35	4354-4355	;	_	_	_	
11-36	4356-4360	quoy	_	_	_	
11-37	4361-4364	que	_	_	_	
11-38	4365-4367	sa	Smell\_Source	_	_	
11-39	4368-4373	bonne	Quality	_	_	
11-40	4374-4379	odeur	Smell\_Word	*|*|*	11-38|11-39|11-49[11_0]	
11-41	4380-4384	foit	_	_	_	
11-42	4385-4392	capable	_	_	_	
11-43	4393-4395	de	_	_	_	
11-44	4396-4399	les	_	_	_	
11-45	4400-4407	recréer	_	_	_	
11-46	4407-4408	,	_	_	_	
11-47	4409-4411	en	_	_	_	
11-48	4412-4416	leur	_	_	_	
11-49	4417-4427	fortissant	Effect[11]	_	_	
11-50	4428-4430	le	Effect[11]	_	_	
11-51	4431-4438	cerveau	Effect[11]	_	_	
11-52	4439-4440	&	Effect[11]	_	_	
11-53	4441-4447	toutes	Effect[11]	_	_	
11-54	4448-4451	les	Effect[11]	_	_	
11-55	4452-4459	parties	Effect[11]	_	_	
11-56	4460-4466	nobles	Effect[11]	_	_	
11-57	4466-4467	.	_	_	_	
