#FORMAT=WebAnno TSV 3.3


#Text=28 Reminiscentur et convertentur ad Dominum universi fines terræ ; et adorabunt in conspectu ejus universæ familiæ gentium : 29 quoniam Domini est regnum, et ipse dominabitur gentium.
#Text=30 Manducaverunt et adoraverunt omnes pingues terræ ; in conspectu ejus cadent omnes qui descendunt in terram.
#Text=31 Et anima mea illi vivet ; et semen meum serviet ipsi.
#Text=32 Annuntiabitur Domino generatio ventura ; et annuntiabunt cæli justitiam ejus populo qui nascetur, quem fecit Dominus.
1-1	2-4	28	
1-2	5-18	Reminiscentur	
1-3	19-21	et	
1-4	22-34	convertentur	
1-5	35-37	ad	
1-6	38-45	Dominum	
1-7	46-54	universi	
1-8	55-60	fines	
1-9	61-66	terræ	
1-10	67-68	;	
1-11	69-71	et	
1-12	72-81	adorabunt	
1-13	82-84	in	
1-14	85-94	conspectu	
1-15	95-99	ejus	
1-16	100-108	universæ	
1-17	109-116	familiæ	
1-18	117-124	gentium	
1-19	125-126	:	
1-20	127-129	29	
1-21	130-137	quoniam	
1-22	138-144	Domini	
1-23	145-148	est	
1-24	149-155	regnum	
1-25	155-156	,	
1-26	157-159	et	
1-27	160-164	ipse	
1-28	165-176	dominabitur	
1-29	177-184	gentium	
1-30	184-185	.	
1-31	186-188	30	
1-32	189-202	Manducaverunt	
1-33	203-205	et	
1-34	206-217	adoraverunt	
1-35	218-223	omnes	
1-36	224-231	pingues	
1-37	232-237	terræ	
1-38	238-239	;	
1-39	240-242	in	
1-40	243-252	conspectu	
1-41	253-257	ejus	
1-42	258-264	cadent	
1-43	265-270	omnes	
1-44	271-274	qui	
1-45	275-285	descendunt	
1-46	286-288	in	
1-47	289-295	terram	
1-48	295-296	.	
1-49	297-299	31	
1-50	300-302	Et	
1-51	303-308	anima	
1-52	309-312	mea	
1-53	313-317	illi	
1-54	318-323	vivet	
1-55	324-325	;	
1-56	326-328	et	
1-57	329-334	semen	
1-58	335-339	meum	
1-59	340-347	serviet	
1-60	348-352	ipsi	
1-61	352-353	.	
1-62	354-356	32	
1-63	357-370	Annuntiabitur	
1-64	371-377	Domino	
1-65	378-387	generatio	
1-66	388-395	ventura	
1-67	396-397	;	
1-68	398-400	et	
1-69	401-413	annuntiabunt	
1-70	414-418	cæli	
1-71	419-428	justitiam	
1-72	429-433	ejus	
1-73	434-440	populo	
1-74	441-444	qui	
1-75	445-453	nascetur	
1-76	453-454	,	
1-77	455-459	quem	
1-78	460-465	fecit	
1-79	466-473	Dominus	
1-80	473-474	.	

#Text=Caput 22
#Text=
#Text=
#Text=1 Psalmus David.
2-1	475-480	Caput	
2-2	481-483	22	
2-3	486-487	1	
2-4	488-495	Psalmus	
2-5	496-501	David	
2-6	501-502	.	

#Text=Dominus regit me, et nihil mihi deerit : 2 in loco pascuæ, ibi me collocavit.
3-1	503-510	Dominus	
3-2	511-516	regit	
3-3	517-519	me	
3-4	519-520	,	
3-5	521-523	et	
3-6	524-529	nihil	
3-7	530-534	mihi	
3-8	535-541	deerit	
3-9	542-543	:	
3-10	544-545	2	
3-11	546-548	in	
3-12	549-553	loco	
3-13	554-560	pascuæ	
3-14	560-561	,	
3-15	562-565	ibi	
3-16	566-568	me	
3-17	569-579	collocavit	
3-18	579-580	.	

#Text=Super aquam refectionis educavit me ; 3 animam meam convertit.
4-1	581-586	Super	
4-2	587-592	aquam	
4-3	593-604	refectionis	
4-4	605-613	educavit	
4-5	614-616	me	
4-6	617-618	;	
4-7	619-620	3	
4-8	621-627	animam	
4-9	628-632	meam	
4-10	633-642	convertit	
4-11	642-643	.	

#Text=Deduxit me super semitas justitiæ propter nomen suum.
#Text=4 Nam etsi ambulavero in medio umbræ mortis, non timebo mala, quoniam tu mecum es.
5-1	644-651	Deduxit	
5-2	652-654	me	
5-3	655-660	super	
5-4	661-668	semitas	
5-5	669-677	justitiæ	
5-6	678-685	propter	
5-7	686-691	nomen	
5-8	692-696	suum	
5-9	696-697	.	
5-10	698-699	4	
5-11	700-703	Nam	
5-12	704-708	etsi	
5-13	709-719	ambulavero	
5-14	720-722	in	
5-15	723-728	medio	
5-16	729-734	umbræ	
5-17	735-741	mortis	
5-18	741-742	,	
5-19	743-746	non	
5-20	747-753	timebo	
5-21	754-758	mala	
5-22	758-759	,	
5-23	760-767	quoniam	
5-24	768-770	tu	
5-25	771-776	mecum	
5-26	777-779	es	
5-27	779-780	.	

#Text=Virga tua, et baculus tuus, ipsa me consolata sunt.
#Text=5 Parasti in conspectu meo mensam adversus eos qui tribulant me ; impinguasti in oleo caput meum : et calix meus inebrians, quam præclarus est !
6-1	781-786	Virga	
6-2	787-790	tua	
6-3	790-791	,	
6-4	792-794	et	
6-5	795-802	baculus	
6-6	803-807	tuus	
6-7	807-808	,	
6-8	809-813	ipsa	
6-9	814-816	me	
6-10	817-826	consolata	
6-11	827-831	sunt	
6-12	831-832	.	
6-13	833-834	5	
6-14	835-842	Parasti	
6-15	843-845	in	
6-16	846-855	conspectu	
6-17	856-859	meo	
6-18	860-866	mensam	
6-19	867-875	adversus	
6-20	876-879	eos	
6-21	880-883	qui	
6-22	884-893	tribulant	
6-23	894-896	me	
6-24	897-898	;	
6-25	899-910	impinguasti	
6-26	911-913	in	
6-27	914-918	oleo	
6-28	919-924	caput	
6-29	925-929	meum	
6-30	930-931	:	
6-31	932-934	et	
6-32	935-940	calix	
6-33	941-945	meus	
6-34	946-955	inebrians	
6-35	955-956	,	
6-36	957-961	quam	
6-37	962-971	præclarus	
6-38	972-975	est	
6-39	976-977	!	

#Text=6 Et misericordia tua subsequetur me omnibus diebus vitæ meæ ; et ut inhabitem in domo Domini in longitudinem dierum.
7-1	978-979	6	
7-2	980-982	Et	
7-3	983-995	misericordia	
7-4	996-999	tua	
7-5	1000-1011	subsequetur	
7-6	1012-1014	me	
7-7	1015-1022	omnibus	
7-8	1023-1029	diebus	
7-9	1030-1034	vitæ	
7-10	1035-1038	meæ	
7-11	1039-1040	;	
7-12	1041-1043	et	
7-13	1044-1046	ut	
7-14	1047-1056	inhabitem	
7-15	1057-1059	in	
7-16	1060-1064	domo	
7-17	1065-1071	Domini	
7-18	1072-1074	in	
7-19	1075-1087	longitudinem	
7-20	1088-1094	dierum	
7-21	1094-1095	.	

#Text=Caput 23
#Text=
#Text=
#Text=1 Prima sabbati.
8-1	1096-1101	Caput	
8-2	1102-1104	23	
8-3	1107-1108	1	
8-4	1109-1114	Prima	
8-5	1115-1122	sabbati	
8-6	1122-1123	.	

#Text=Psalmus David.
9-1	1124-1131	Psalmus	
9-2	1132-1137	David	
9-3	1137-1138	.	

#Text=Domini est terra, et plenitudo ejus ; orbis terrarum, et universi qui habitant in eo.
#Text=2 Quia ipse super maria fundavit eum, et super flumina præparavit eum.
#Text=3 Quis ascendet in montem Domini ?
10-1	1139-1145	Domini	
10-2	1146-1149	est	
10-3	1150-1155	terra	
10-4	1155-1156	,	
10-5	1157-1159	et	
10-6	1160-1169	plenitudo	
10-7	1170-1174	ejus	
10-8	1175-1176	;	
10-9	1177-1182	orbis	
10-10	1183-1191	terrarum	
10-11	1191-1192	,	
10-12	1193-1195	et	
10-13	1196-1204	universi	
10-14	1205-1208	qui	
10-15	1209-1217	habitant	
10-16	1218-1220	in	
10-17	1221-1223	eo	
10-18	1223-1224	.	
10-19	1225-1226	2	
10-20	1227-1231	Quia	
10-21	1232-1236	ipse	
10-22	1237-1242	super	
10-23	1243-1248	maria	
10-24	1249-1257	fundavit	
10-25	1258-1261	eum	
10-26	1261-1262	,	
10-27	1263-1265	et	
10-28	1266-1271	super	
10-29	1272-1279	flumina	
10-30	1280-1290	præparavit	
10-31	1291-1294	eum	
10-32	1294-1295	.	
10-33	1296-1297	3	
10-34	1298-1302	Quis	
10-35	1303-1311	ascendet	
10-36	1312-1314	in	
10-37	1315-1321	montem	
10-38	1322-1328	Domini	
10-39	1329-1330	?	

#Text=aut quis stabit in loco sancto ejus ?
11-1	1331-1334	aut	
11-2	1335-1339	quis	
11-3	1340-1346	stabit	
11-4	1347-1349	in	
11-5	1350-1354	loco	
11-6	1355-1361	sancto	
11-7	1362-1366	ejus	
11-8	1367-1368	?	

#Text=4 Innocens manibus et mundo corde, qui non accepit in vano animam suam, nec juravit in dolo proximo suo : 5 hic accipiet benedictionem a Domino, et misericordiam a Deo salutari suo.
#Text=6 Hæc est generatio quærentium eum, quærentium faciem Dei Jacob.
12-1	1369-1370	4	
12-2	1371-1379	Innocens	
12-3	1380-1387	manibus	
12-4	1388-1390	et	
12-5	1391-1396	mundo	
12-6	1397-1402	corde	
12-7	1402-1403	,	
12-8	1404-1407	qui	
12-9	1408-1411	non	
12-10	1412-1419	accepit	
12-11	1420-1422	in	
12-12	1423-1427	vano	
12-13	1428-1434	animam	
12-14	1435-1439	suam	
12-15	1439-1440	,	
12-16	1441-1444	nec	
12-17	1445-1452	juravit	
12-18	1453-1455	in	
12-19	1456-1460	dolo	
12-20	1461-1468	proximo	
12-21	1469-1472	suo	
12-22	1473-1474	:	
12-23	1475-1476	5	
12-24	1477-1480	hic	
12-25	1481-1489	accipiet	
12-26	1490-1503	benedictionem	
12-27	1504-1505	a	
12-28	1506-1512	Domino	
12-29	1512-1513	,	
12-30	1514-1516	et	
12-31	1517-1530	misericordiam	
12-32	1531-1532	a	
12-33	1533-1536	Deo	
12-34	1537-1545	salutari	
12-35	1546-1549	suo	
12-36	1549-1550	.	
12-37	1551-1552	6	
12-38	1553-1556	Hæc	
12-39	1557-1560	est	
12-40	1561-1570	generatio	
12-41	1571-1581	quærentium	
12-42	1582-1585	eum	
12-43	1585-1586	,	
12-44	1587-1597	quærentium	
12-45	1598-1604	faciem	
12-46	1605-1608	Dei	
12-47	1609-1614	Jacob	
12-48	1614-1615	.	
