#FORMAT=WebAnno TSV 3.3


#Text=(1) Motor autem univerfalis est materia subtilis, quam per universum mundum diffusam esse, innumera credere, nos jubent phænomena.
1-1	2-3	(	
1-2	3-4	1	
1-3	4-5	)	
1-4	6-11	Motor	
1-5	12-17	autem	
1-6	18-29	univerfalis	
1-7	30-33	est	
1-8	34-41	materia	
1-9	42-50	subtilis	
1-10	50-51	,	
1-11	52-56	quam	
1-12	57-60	per	
1-13	61-70	universum	
1-14	71-77	mundum	
1-15	78-86	diffusam	
1-16	87-91	esse	
1-17	91-92	,	
1-18	93-101	innumera	
1-19	102-109	credere	
1-20	109-110	,	
1-21	111-114	nos	
1-22	115-121	jubent	
1-23	122-131	phænomena	
1-24	131-132	.	

#Text=Per materiam hanc intelligo subtiliffimum ignem, mobilisfimum, & efficacissimum, cujuscung demum ejus particu læ fint figuræ.
2-1	133-136	Per	
2-2	137-145	materiam	
2-3	146-150	hanc	
2-4	151-160	intelligo	
2-5	161-174	subtiliffimum	
2-6	175-180	ignem	
2-7	180-181	,	
2-8	182-194	mobilisfimum	
2-9	194-195	,	
2-10	196-197	&	
2-11	198-212	efficacissimum	
2-12	212-213	,	
2-13	214-223	cujuscung	
2-14	224-229	demum	
2-15	230-234	ejus	
2-16	235-242	particu	
2-17	243-245	læ	
2-18	246-250	fint	
2-19	251-257	figuræ	
2-20	257-258	.	

#Text=Hunc ignem omnia corpora per meare, non sine ratione suspicantur Philofophi.
3-1	259-263	Hunc	
3-2	264-269	ignem	
3-3	270-275	omnia	
3-4	276-283	corpora	
3-5	284-287	per	
3-6	288-293	meare	
3-7	293-294	,	
3-8	295-298	non	
3-9	299-303	sine	
3-10	304-311	ratione	
3-11	312-323	suspicantur	
3-12	324-334	Philofophi	
3-13	334-335	.	

#Text=Ne vero tibi persvadeas, fore ut ignis hic aquam trajiciendo extinguatur, scias solis radios , qui tamen etiam ignei sunt , vítro uftorio rite colle&tos; per medias aquas, chartam bibulam, vel lignum;
#Text=
#Text=+ ; , vitro (1) Confer Sturm.
4-1	336-338	Ne	
4-2	339-343	vero	
4-3	344-348	tibi	
4-4	349-359	persvadeas	
4-5	359-360	,	
4-6	361-365	fore	
4-7	366-368	ut	
4-8	369-374	ignis	
4-9	375-378	hic	
4-10	379-384	aquam	
4-11	385-396	trajiciendo	
4-12	397-408	extinguatur	
4-13	408-409	,	
4-14	410-415	scias	
4-15	416-421	solis	
4-16	422-428	radios	
4-17	429-430	,	
4-18	431-434	qui	
4-19	435-440	tamen	
4-20	441-446	etiam	
4-21	447-452	ignei	
4-22	453-457	sunt	
4-23	458-459	,	
4-24	460-465	vítro	
4-25	466-473	uftorio	
4-26	474-478	rite	
4-27	479-484	colle	
4-28	484-485	&	
4-29	485-488	tos	
4-30	488-489	;	
4-31	490-493	per	
4-32	494-500	medias	
4-33	501-506	aquas	
4-34	506-507	,	
4-35	508-515	chartam	
4-36	516-523	bibulam	
4-37	523-524	,	
4-38	525-528	vel	
4-39	529-535	lignum	
4-40	535-536	;	
4-41	538-539	+	
4-42	540-541	;	
4-43	542-543	,	
4-44	544-549	vitro	
4-45	550-551	(	
4-46	551-552	1	
4-47	552-553	)	
4-48	554-560	Confer	
4-49	561-566	Sturm	
4-50	566-567	.	

#Text=Pbyfic.
5-1	568-574	Pbyfic	
5-2	574-575	.	

#Text=Ele&tiv.
#Text=spicrifis ad c. 4.
6-1	576-579	Ele	
6-2	579-580	&	
6-3	580-583	tiv	
6-4	583-584	.	
6-5	585-594	spicrifis	
6-6	595-597	ad	
6-7	598-599	c	
6-8	599-600	.	
6-9	601-602	4	
6-10	602-603	.	

#Text=P: 179.
7-1	604-605	P	
7-2	605-606	:	
7-3	607-610	179	
7-4	610-611	.	

#Text=one (11) vitro alicui aquâ repleto subjecta, comburere, ut
#Text=
#Text=publice monstravit Experiencis: Præses.
8-1	617-620	one	
8-2	621-622	(	
8-3	622-624	11	
8-4	624-625	)	
8-5	626-631	vitro	
8-6	632-638	alicui	
8-7	639-643	aquâ	
8-8	644-651	repleto	
8-9	652-660	subjecta	
8-10	660-661	,	
8-11	662-671	comburere	
8-12	671-672	,	
8-13	673-675	ut	
8-14	677-684	publice	
8-15	685-695	monstravit	
8-16	696-707	Experiencis	
8-17	707-708	:	
8-18	709-715	Præses	
8-19	715-716	.	

#Text=Et fi forte exiftimes vegetabilia, alias tenerioris texturæ corpora concrematum iri , si eorundem poros trajicerec hic ignis; en!
9-1	717-719	Et	
9-2	720-722	fi	
9-3	723-728	forte	
9-4	729-738	exiftimes	
9-5	739-750	vegetabilia	
9-6	750-751	,	
9-7	752-757	alias	
9-8	758-768	tenerioris	
9-9	769-776	texturæ	
9-10	777-784	corpora	
9-11	785-796	concrematum	
9-12	797-800	iri	
9-13	801-802	,	
9-14	803-805	si	
9-15	806-814	eorundem	
9-16	815-820	poros	
9-17	821-831	trajicerec	
9-18	832-835	hic	
9-19	836-841	ignis	
9-20	841-842	;	
9-21	843-845	en	
9-22	845-846	!	

#Text=fulgur monetam intra marsupium interdum liquefacit , illæso tamen manente marsupio.
10-1	847-853	fulgur	
10-2	854-861	monetam	
10-3	862-867	intra	
10-4	868-877	marsupium	
10-5	878-886	interdum	
10-6	887-897	liquefacit	
10-7	898-899	,	
10-8	900-906	illæso	
10-9	907-912	tamen	
10-10	913-920	manente	
10-11	921-929	marsupio	
10-12	929-930	.	

#Text=Tandem & hoc affirmare tuto potero, quod effluvia odorifera valde à se'invicem discrépent, cum ratione magnitudinis; tum ratione figuræ & multitudinis; quamvis in genere ita sint exigua, ut visus ea cognoscere non queat.
11-1	931-937	Tandem	
11-2	938-939	&	
11-3	940-943	hoc	
11-4	944-953	affirmare	
11-5	954-958	tuto	
11-6	959-965	potero	
11-7	965-966	,	
11-8	967-971	quod	
11-9	972-980	effluvia	
11-10	981-990	odorifera	
11-11	991-996	valde	
11-12	997-998	à	
11-13	999-1009	se'invicem	
11-14	1010-1020	discrépent	
11-15	1020-1021	,	
11-16	1022-1025	cum	
11-17	1026-1033	ratione	
11-18	1034-1046	magnitudinis	
11-19	1046-1047	;	
11-20	1048-1051	tum	
11-21	1052-1059	ratione	
11-22	1060-1066	figuræ	
11-23	1067-1068	&	
11-24	1069-1081	multitudinis	
11-25	1081-1082	;	
11-26	1083-1090	quamvis	
11-27	1091-1093	in	
11-28	1094-1100	genere	
11-29	1101-1104	ita	
11-30	1105-1109	sint	
11-31	1110-1116	exigua	
11-32	1116-1117	,	
11-33	1118-1120	ut	
11-34	1121-1126	visus	
11-35	1127-1129	ea	
11-36	1130-1140	cognoscere	
11-37	1141-1144	non	
11-38	1145-1150	queat	
11-39	1150-1151	.	

#Text=S. 4.
12-1	1152-1153	S	
12-2	1153-1154	.	
12-3	1155-1156	4	
12-4	1156-1157	.	

#Text=Sed, ne jure nobis objici queat, nimis nos generaliter de odoriferorum effluviis fuisse locutos, ad specialiora progrediendum.
13-1	1158-1161	Sed	
13-2	1161-1162	,	
13-3	1163-1165	ne	
13-4	1166-1170	jure	
13-5	1171-1176	nobis	
13-6	1177-1183	objici	
13-7	1184-1189	queat	
13-8	1189-1190	,	
13-9	1191-1196	nimis	
13-10	1197-1200	nos	
13-11	1201-1212	generaliter	
13-12	1213-1215	de	
13-13	1216-1228	odoriferorum	
13-14	1229-1238	effluviis	
13-15	1239-1245	fuisse	
13-16	1246-1253	locutos	
13-17	1253-1254	,	
13-18	1255-1257	ad	
13-19	1258-1269	specialiora	
13-20	1270-1283	progrediendum	
13-21	1283-1284	.	

#Text=Adeamus itac Chymicorum officinas, ut per artificiofam corporum naturalium analysin, ad profundiorem odorum notitiam viam nobis aperiamus, & quænam in specie particulæ , pro odorum basi agnofcendæ sint, discamus; quoniam hoc certiffimum eft, non quasvis corporis odorati particulas adeequata odoratûs esse objecta , sed, hac in re, longè majorem prærogativam unam habere, quam alte
#Text=
#Text=Ut autem ordine procedamus , observabimus primò, quod omnia corpora odorata, vel tota, vel ex parte inflammabilia fint.
14-1	1285-1292	Adeamus	
14-2	1293-1297	itac	
14-3	1298-1308	Chymicorum	
14-4	1309-1318	officinas	
14-5	1318-1319	,	
14-6	1320-1322	ut	
14-7	1323-1326	per	
14-8	1327-1339	artificiofam	
14-9	1340-1348	corporum	
14-10	1349-1359	naturalium	
14-11	1360-1368	analysin	
14-12	1368-1369	,	
14-13	1370-1372	ad	
14-14	1373-1385	profundiorem	
14-15	1386-1392	odorum	
14-16	1393-1401	notitiam	
14-17	1402-1406	viam	
14-18	1407-1412	nobis	
14-19	1413-1422	aperiamus	
14-20	1422-1423	,	
14-21	1424-1425	&	
14-22	1426-1432	quænam	
14-23	1433-1435	in	
14-24	1436-1442	specie	
14-25	1443-1452	particulæ	
14-26	1453-1454	,	
14-27	1455-1458	pro	
14-28	1459-1465	odorum	
14-29	1466-1470	basi	
14-30	1471-1481	agnofcendæ	
14-31	1482-1486	sint	
14-32	1486-1487	,	
14-33	1488-1496	discamus	
14-34	1496-1497	;	
14-35	1498-1505	quoniam	
14-36	1506-1509	hoc	
14-37	1510-1521	certiffimum	
14-38	1522-1525	eft	
14-39	1525-1526	,	
14-40	1527-1530	non	
14-41	1531-1538	quasvis	
14-42	1539-1547	corporis	
14-43	1548-1555	odorati	
14-44	1556-1566	particulas	
14-45	1567-1576	adeequata	
14-46	1577-1585	odoratûs	
14-47	1586-1590	esse	
14-48	1591-1598	objecta	
14-49	1599-1600	,	
14-50	1601-1604	sed	
14-51	1604-1605	,	
14-52	1606-1609	hac	
14-53	1610-1612	in	
14-54	1613-1615	re	
14-55	1615-1616	,	
14-56	1617-1622	longè	
14-57	1623-1630	majorem	
14-58	1631-1643	prærogativam	
14-59	1644-1648	unam	
14-60	1649-1655	habere	
14-61	1655-1656	,	
14-62	1657-1661	quam	
14-63	1662-1666	alte	
14-64	1668-1670	Ut	
14-65	1671-1676	autem	
14-66	1677-1683	ordine	
14-67	1684-1694	procedamus	
14-68	1695-1696	,	
14-69	1697-1709	observabimus	
14-70	1710-1715	primò	
14-71	1715-1716	,	
14-72	1717-1721	quod	
14-73	1722-1727	omnia	
14-74	1728-1735	corpora	
14-75	1736-1743	odorata	
14-76	1743-1744	,	
14-77	1745-1748	vel	
14-78	1749-1753	tota	
14-79	1753-1754	,	
14-80	1755-1758	vel	
14-81	1759-1761	ex	
14-82	1762-1767	parte	
14-83	1768-1781	inflammabilia	
14-84	1782-1786	fint	
14-85	1786-1787	.	

#Text=Secundo , quod infiammabilitas hæc, maximam partem à sulphureis, " oleosis & pinguibus particulis derivanda Git.
15-1	1788-1795	Secundo	
15-2	1796-1797	,	
15-3	1798-1802	quod	
15-4	1803-1818	infiammabilitas	
15-5	1819-1822	hæc	
15-6	1822-1823	,	
15-7	1824-1831	maximam	
15-8	1832-1838	partem	
15-9	1839-1840	à	
15-10	1841-1851	sulphureis	
15-11	1851-1852	,	
15-12	1853-1854	"	
15-13	1855-1862	oleosis	
15-14	1863-1864	&	
15-15	1865-1874	pinguibus	
15-16	1875-1885	particulis	
15-17	1886-1895	derivanda	
15-18	1896-1899	Git	
15-19	1899-1900	.	

#Text=His
#Text=
#Text=B2
#Text=
#Text=enim
#Text=
#Text=
#Text=
#Text=· ram.
#Text=enim particulis quæ deftituuntur , ignem non facile concipiunt.
#Text=krtio quod omnia illa corpora, qui.
#Text=bus natura ipfa tales denegavic particulas, quemadmodum etiam illa , quæ mediante deftillationis, extractionis, aliusve chymicæ encheireseos artificiô, fulphureis particulis expoliata funt, inodora reperiantur.
16-1	1901-1904	His	
16-2	1906-1908	B2	
16-3	1910-1914	enim	
16-4	1918-1919	·	
16-5	1920-1923	ram	
16-6	1923-1924	.	
16-7	1925-1929	enim	
16-8	1930-1940	particulis	
16-9	1941-1944	quæ	
16-10	1945-1957	deftituuntur	
16-11	1958-1959	,	
16-12	1960-1965	ignem	
16-13	1966-1969	non	
16-14	1970-1976	facile	
16-15	1977-1987	concipiunt	
16-16	1987-1988	.	
16-17	1989-1994	krtio	
16-18	1995-1999	quod	
16-19	2000-2005	omnia	
16-20	2006-2010	illa	
16-21	2011-2018	corpora	
16-22	2018-2019	,	
16-23	2020-2023	qui	
16-24	2023-2024	.	
16-25	2025-2028	bus	
16-26	2029-2035	natura	
16-27	2036-2040	ipfa	
16-28	2041-2046	tales	
16-29	2047-2056	denegavic	
16-30	2057-2067	particulas	
16-31	2067-2068	,	
16-32	2069-2080	quemadmodum	
16-33	2081-2086	etiam	
16-34	2087-2091	illa	
16-35	2092-2093	,	
16-36	2094-2097	quæ	
16-37	2098-2106	mediante	
16-38	2107-2121	deftillationis	
16-39	2121-2122	,	
16-40	2123-2135	extractionis	
16-41	2135-2136	,	
16-42	2137-2144	aliusve	
16-43	2145-2152	chymicæ	
16-44	2153-2165	encheireseos	
16-45	2166-2175	artificiô	
16-46	2175-2176	,	
16-47	2177-2187	fulphureis	
16-48	2188-2198	particulis	
16-49	2199-2208	expoliata	
16-50	2209-2213	funt	
16-51	2213-2214	,	
16-52	2215-2222	inodora	
16-53	2223-2234	reperiantur	
16-54	2234-2235	.	

#Text=Quarto, quod fulphureæ particulæ folæ, nunquam certum aliquem odorem producant , sed semper salium consortio iudigeant, ut odores spirent.
17-1	2236-2242	Quarto	
17-2	2242-2243	,	
17-3	2244-2248	quod	
17-4	2249-2258	fulphureæ	
17-5	2259-2268	particulæ	
17-6	2269-2273	folæ	
17-7	2273-2274	,	
17-8	2275-2282	nunquam	
17-9	2283-2289	certum	
17-10	2290-2297	aliquem	
17-11	2298-2304	odorem	
17-12	2305-2314	producant	
17-13	2315-2316	,	
17-14	2317-2320	sed	
17-15	2321-2327	semper	
17-16	2328-2334	salium	
17-17	2335-2344	consortio	
17-18	2345-2354	iudigeant	
17-19	2354-2355	,	
17-20	2356-2358	ut	
17-21	2359-2365	odores	
17-22	2366-2373	spirent	
17-23	2373-2374	.	
