#FORMAT=WebAnno TSV 3.3


#Text=35
#Text=
#Text=
#Text=Ende
#Text=T.w.
1-1	3-5	35	
1-2	8-12	Ende	
1-3	13-16	T.w	
1-4	16-17	.	

#Text=Mose
#Text=, die het eerst gemaeckt heeft
#Text=.
#Text=ghy sult een reuckwerck eener salve daer uyt maken, na het werck des Apothekers, And. gesouten. gemenght, reyn, heyligh.
#Text=
#Text=36
#Text=
#Text=Ende
#Text=ghy sult van ’t selve heel kleyn pulver stooten, ende ghy sult daer van leggen voor D. op den reuck-altaer, die voor de Arke der getuygenisse stont.
#Text=het getuygenisse in de Tente der t’samenkomste, daer henen ick tot u komen sal:
#Text=’t sal u-lieden heyligheyt der heyligheden zijn.
#Text=
#Text=37
#Text=Doch na het maecksel deses reuckwercks, ’t welck ghy gemaeckt sult hebben, en sult ghylieden voor u selven geen maken:
#Text=het sal T.w. soo den Priester, als den Volcke.
#Text=u heyligheyt zijn D. tot dienst des Heeren.
#Text=voor den HEERE.
#Text=
#Text=38
#Text=
#Text=De man die dergelijcke maken sal, D. om dat selve tot een reuckwerck te gebruycken.
#Text=om daer aen te riecken, die sal uytgeroeyt worden uyt sijne volckeren.
2-1	18-22	Mose	
2-2	23-24	,	
2-3	25-28	die	
2-4	29-32	het	
2-5	33-38	eerst	
2-6	39-47	gemaeckt	
2-7	48-53	heeft	
2-8	54-55	.	
2-9	56-59	ghy	
2-10	60-64	sult	
2-11	65-68	een	
2-12	69-79	reuckwerck	
2-13	80-85	eener	
2-14	86-91	salve	
2-15	92-96	daer	
2-16	97-100	uyt	
2-17	101-106	maken	
2-18	106-107	,	
2-19	108-110	na	
2-20	111-114	het	
2-21	115-120	werck	
2-22	121-124	des	
2-23	125-135	Apothekers	
2-24	135-136	,	
2-25	137-140	And	
2-26	140-141	.	
2-27	142-150	gesouten	
2-28	150-151	.	
2-29	152-160	gemenght	
2-30	160-161	,	
2-31	162-166	reyn	
2-32	166-167	,	
2-33	168-175	heyligh	
2-34	175-176	.	
2-35	178-180	36	
2-36	182-186	Ende	
2-37	187-190	ghy	
2-38	191-195	sult	
2-39	196-199	van	
2-40	200-201	’	
2-41	201-202	t	
2-42	203-208	selve	
2-43	209-213	heel	
2-44	214-219	kleyn	
2-45	220-226	pulver	
2-46	227-234	stooten	
2-47	234-235	,	
2-48	236-240	ende	
2-49	241-244	ghy	
2-50	245-249	sult	
2-51	250-254	daer	
2-52	255-258	van	
2-53	259-265	leggen	
2-54	266-270	voor	
2-55	271-272	D	
2-56	272-273	.	
2-57	274-276	op	
2-58	277-280	den	
2-59	281-293	reuck-altaer	
2-60	293-294	,	
2-61	295-298	die	
2-62	299-303	voor	
2-63	304-306	de	
2-64	307-311	Arke	
2-65	312-315	der	
2-66	316-328	getuygenisse	
2-67	329-334	stont	
2-68	334-335	.	
2-69	336-339	het	
2-70	340-352	getuygenisse	
2-71	353-355	in	
2-72	356-358	de	
2-73	359-364	Tente	
2-74	365-368	der	
2-75	369-370	t	
2-76	370-371	’	
2-77	371-382	samenkomste	
2-78	382-383	,	
2-79	384-388	daer	
2-80	389-394	henen	
2-81	395-398	ick	
2-82	399-402	tot	
2-83	403-404	u	
2-84	405-410	komen	
2-85	411-414	sal	
2-86	414-415	:	
2-87	416-417	’	
2-88	417-418	t	
2-89	419-422	sal	
2-90	423-431	u-lieden	
2-91	432-442	heyligheyt	
2-92	443-446	der	
2-93	447-458	heyligheden	
2-94	459-463	zijn	
2-95	463-464	.	
2-96	466-468	37	
2-97	469-473	Doch	
2-98	474-476	na	
2-99	477-480	het	
2-100	481-489	maecksel	
2-101	490-495	deses	
2-102	496-507	reuckwercks	
2-103	507-508	,	
2-104	509-510	’	
2-105	510-511	t	
2-106	512-517	welck	
2-107	518-521	ghy	
2-108	522-530	gemaeckt	
2-109	531-535	sult	
2-110	536-542	hebben	
2-111	542-543	,	
2-112	544-546	en	
2-113	547-551	sult	
2-114	552-561	ghylieden	
2-115	562-566	voor	
2-116	567-568	u	
2-117	569-575	selven	
2-118	576-580	geen	
2-119	581-586	maken	
2-120	586-587	:	
2-121	588-591	het	
2-122	592-595	sal	
2-123	596-599	T.w	
2-124	599-600	.	
2-125	601-604	soo	
2-126	605-608	den	
2-127	609-617	Priester	
2-128	617-618	,	
2-129	619-622	als	
2-130	623-626	den	
2-131	627-633	Volcke	
2-132	633-634	.	
2-133	635-636	u	
2-134	637-647	heyligheyt	
2-135	648-652	zijn	
2-136	653-654	D	
2-137	654-655	.	
2-138	656-659	tot	
2-139	660-666	dienst	
2-140	667-670	des	
2-141	671-677	Heeren	
2-142	677-678	.	
2-143	679-683	voor	
2-144	684-687	den	
2-145	688-693	HEERE	
2-146	693-694	.	
2-147	696-698	38	
2-148	700-702	De	
2-149	703-706	man	
2-150	707-710	die	
2-151	711-722	dergelijcke	
2-152	723-728	maken	
2-153	729-732	sal	
2-154	732-733	,	
2-155	734-735	D	
2-156	735-736	.	
2-157	737-739	om	
2-158	740-743	dat	
2-159	744-749	selve	
2-160	750-753	tot	
2-161	754-757	een	
2-162	758-768	reuckwerck	
2-163	769-771	te	
2-164	772-782	gebruycken	
2-165	782-783	.	
2-166	784-786	om	
2-167	787-791	daer	
2-168	792-795	aen	
2-169	796-798	te	
2-170	799-806	riecken	
2-171	806-807	,	
2-172	808-811	die	
2-173	812-815	sal	
2-174	816-826	uytgeroeyt	
2-175	827-833	worden	
2-176	834-837	uyt	
2-177	838-843	sijne	
2-178	844-853	volckeren	
2-179	853-854	.	
