{"_context" : {
    "_types" : {
      "DocumentMetaData" : {
        "_feature_types" : {"sofa" : "_ref" } }, 
      "Relation" : {
        "_feature_types" : {"sofa" : "_ref",  "Dependent" : "_ref",  "Governor" : "_ref" } }, 
      "Sentence" : {
        "_feature_types" : {"sofa" : "_ref" } }, 
      "Sofa" : {
        "_feature_types" : {"sofaArray" : "_ref" } }, 
      "Span" : {
        "_feature_types" : {"sofa" : "_ref" } }, 
      "TagsetDescription" : {
        "_feature_types" : {"sofa" : "_ref",  "tags" : "_ref" } }, 
      "Token" : {
        "_feature_types" : {"sofa" : "_ref",  "parent" : "_ref",  "lemma" : "_ref",  "stem" : "_ref",  "pos" : "_ref",  "morph" : "_ref",  "form" : "_ref" } }, 
      "DocumentAnnotation" : {
        "_feature_types" : {"sofa" : "_ref" }, 
        "_subtypes" : ["DocumentMetaData" ] }, 
      "Annotation" : {
        "_feature_types" : {"sofa" : "_ref" }, 
        "_subtypes" : ["DocumentAnnotation",  "Relation",  "Sentence",  "Span",  "TagsetDescription",  "Token" ] }, 
      "AnnotationBase" : {
        "_feature_types" : {"sofa" : "_ref" }, 
        "_subtypes" : ["Annotation" ] }, 
      "TOP" : {
        "_subtypes" : ["AnnotationBase",  "Sofa" ] } } }, 
  "_views" : {
    "_InitialView" : {
      "Relation" : [
        {"sofa" : 1,  "begin" : 720,  "end" : 725,  "Dependent" : 6563,  "Governor" : 6568 }, 
        {"sofa" : 1,  "begin" : 940,  "end" : 948,  "Dependent" : 6614,  "Governor" : 6619 }, 
        {"sofa" : 1,  "begin" : 940,  "end" : 948,  "Dependent" : 6614,  "Governor" : 6609 }, 
        {"sofa" : 1,  "begin" : 993,  "end" : 998,  "Dependent" : 6580,  "Governor" : 6590 }, 
        {"sofa" : 1,  "begin" : 993,  "end" : 998,  "Dependent" : 6580,  "Governor" : 6585 }, 
        {"sofa" : 1,  "begin" : 993,  "end" : 998,  "Dependent" : 6580,  "Governor" : 6609 }, 
        {"sofa" : 1,  "begin" : 1484,  "end" : 1489,  "Dependent" : 6645,  "Governor" : 6650 }, 
        {"sofa" : 1,  "begin" : 1484,  "end" : 1489,  "Dependent" : 6645,  "Governor" : 6662 }, 
        {"sofa" : 1,  "begin" : 2353,  "end" : 2356,  "Dependent" : 6679,  "Governor" : 6684,  "label" : "Anaphoric" }, 
        {"sofa" : 1,  "begin" : 2357,  "end" : 2362,  "Dependent" : 6674,  "Governor" : 6679 } ], 
      "Span" : [6568,  6563,  6609,  6614,  6619,  6585,  6590,  6580,  6662,  6650,  6645,  6684,  6679,  6674 ], 
      "DocumentMetaData" : [
        {"sofa" : 1,  "end" : 2536,  "language" : "x-unspecified",  "documentTitle" : "030E%20Francis%20Vacher%201905%20Food%20Inspectors%20Handbook_LAW.txt",  "documentId" : "satonelli",  "documentUri" : "file:/home/dhuser/alessio/inception/repository/project/29/document/8673/source/satonelli",  "collectionId" : "file:/home/dhuser/alessio/inception/repository/project/29/document/8673/source/",  "documentBaseUri" : "file:/home/dhuser/alessio/inception/repository/project/29/document/8673/source/",  "isLastSegment" : false } ], 
      "TagsetDescription" : [
        {"sofa" : 1,  "layer" : "webanno.custom.Emotions",  "name" : "Emotion Labels",  "input" : false }, 
        {"sofa" : 1,  "layer" : "custom.Relation",  "name" : "Relation labels",  "input" : false }, 
        {"sofa" : 1,  "layer" : "custom.Span",  "name" : "Smell labels",  "input" : false } ], 
      "Sentence" : [
        {"sofa" : 1,  "end" : 148 }, 
        {"sofa" : 1,  "begin" : 149,  "end" : 236 }, 
        {"sofa" : 1,  "begin" : 237,  "end" : 312 }, 
        {"sofa" : 1,  "begin" : 313,  "end" : 360 }, 
        {"sofa" : 1,  "begin" : 361,  "end" : 412 }, 
        {"sofa" : 1,  "begin" : 413,  "end" : 475 }, 
        {"sofa" : 1,  "begin" : 476,  "end" : 563 }, 
        {"sofa" : 1,  "begin" : 565,  "end" : 638 }, 
        {"sofa" : 1,  "begin" : 639,  "end" : 726 }, 
        {"sofa" : 1,  "begin" : 727,  "end" : 909 }, 
        {"sofa" : 1,  "begin" : 910,  "end" : 999 }, 
        {"sofa" : 1,  "begin" : 1000,  "end" : 1076 }, 
        {"sofa" : 1,  "begin" : 1077,  "end" : 1195 }, 
        {"sofa" : 1,  "begin" : 1197,  "end" : 1302 }, 
        {"sofa" : 1,  "begin" : 1303,  "end" : 1428 }, 
        {"sofa" : 1,  "begin" : 1429,  "end" : 1506 }, 
        {"sofa" : 1,  "begin" : 1507,  "end" : 1559 }, 
        {"sofa" : 1,  "begin" : 1562,  "end" : 1667 }, 
        {"sofa" : 1,  "begin" : 1668,  "end" : 1823 }, 
        {"sofa" : 1,  "begin" : 1824,  "end" : 1877 }, 
        {"sofa" : 1,  "begin" : 1878,  "end" : 1882 }, 
        {"sofa" : 1,  "begin" : 1884,  "end" : 1951 }, 
        {"sofa" : 1,  "begin" : 1952,  "end" : 2142 }, 
        {"sofa" : 1,  "begin" : 2144,  "end" : 2261 }, 
        {"sofa" : 1,  "begin" : 2262,  "end" : 2376 }, 
        {"sofa" : 1,  "begin" : 2377,  "end" : 2463 }, 
        {"sofa" : 1,  "begin" : 2464,  "end" : 2536 } ], 
      "Token" : [
        {"sofa" : 1,  "end" : 5 }, 
        {"sofa" : 1,  "begin" : 6,  "end" : 12 }, 
        {"sofa" : 1,  "begin" : 13,  "end" : 15 }, 
        {"sofa" : 1,  "begin" : 16,  "end" : 26 }, 
        {"sofa" : 1,  "begin" : 27,  "end" : 28 }, 
        {"sofa" : 1,  "begin" : 29,  "end" : 36 }, 
        {"sofa" : 1,  "begin" : 37,  "end" : 39 }, 
        {"sofa" : 1,  "begin" : 40,  "end" : 48 }, 
        {"sofa" : 1,  "begin" : 48,  "end" : 49 }, 
        {"sofa" : 1,  "begin" : 50,  "end" : 55 }, 
        {"sofa" : 1,  "begin" : 56,  "end" : 62 }, 
        {"sofa" : 1,  "begin" : 62,  "end" : 63 }, 
        {"sofa" : 1,  "begin" : 64,  "end" : 73 }, 
        {"sofa" : 1,  "begin" : 74,  "end" : 79 }, 
        {"sofa" : 1,  "begin" : 79,  "end" : 80 }, 
        {"sofa" : 1,  "begin" : 81,  "end" : 88 }, 
        {"sofa" : 1,  "begin" : 88,  "end" : 89 }, 
        {"sofa" : 1,  "begin" : 90,  "end" : 99 }, 
        {"sofa" : 1,  "begin" : 99,  "end" : 100 }, 
        {"sofa" : 1,  "begin" : 101,  "end" : 106 }, 
        {"sofa" : 1,  "begin" : 106,  "end" : 107 }, 
        {"sofa" : 1,  "begin" : 108,  "end" : 117 }, 
        {"sofa" : 1,  "begin" : 117,  "end" : 118 }, 
        {"sofa" : 1,  "begin" : 119,  "end" : 125 }, 
        {"sofa" : 1,  "begin" : 125,  "end" : 126 }, 
        {"sofa" : 1,  "begin" : 127,  "end" : 135 }, 
        {"sofa" : 1,  "begin" : 135,  "end" : 136 }, 
        {"sofa" : 1,  "begin" : 137,  "end" : 140 }, 
        {"sofa" : 1,  "begin" : 141,  "end" : 147 }, 
        {"sofa" : 1,  "begin" : 147,  "end" : 148 }, 
        {"sofa" : 1,  "begin" : 149,  "end" : 157 }, 
        {"sofa" : 1,  "begin" : 157,  "end" : 158 }, 
        {"sofa" : 1,  "begin" : 159,  "end" : 162 }, 
        {"sofa" : 1,  "begin" : 163,  "end" : 173 }, 
        {"sofa" : 1,  "begin" : 174,  "end" : 184 }, 
        {"sofa" : 1,  "begin" : 185,  "end" : 188 }, 
        {"sofa" : 1,  "begin" : 189,  "end" : 198 }, 
        {"sofa" : 1,  "begin" : 199,  "end" : 205 }, 
        {"sofa" : 1,  "begin" : 205,  "end" : 206 }, 
        {"sofa" : 1,  "begin" : 207,  "end" : 212 }, 
        {"sofa" : 1,  "begin" : 213,  "end" : 216 }, 
        {"sofa" : 1,  "begin" : 217,  "end" : 224 }, 
        {"sofa" : 1,  "begin" : 225,  "end" : 235 }, 
        {"sofa" : 1,  "begin" : 235,  "end" : 236 }, 
        {"sofa" : 1,  "begin" : 237,  "end" : 242 }, 
        {"sofa" : 1,  "begin" : 243,  "end" : 245 }, 
        {"sofa" : 1,  "begin" : 246,  "end" : 250 }, 
        {"sofa" : 1,  "begin" : 251,  "end" : 252 }, 
        {"sofa" : 1,  "begin" : 253,  "end" : 258 }, 
        {"sofa" : 1,  "begin" : 259,  "end" : 267 }, 
        {"sofa" : 1,  "begin" : 268,  "end" : 270 }, 
        {"sofa" : 1,  "begin" : 271,  "end" : 278 }, 
        {"sofa" : 1,  "begin" : 278,  "end" : 279 }, 
        {"sofa" : 1,  "begin" : 280,  "end" : 289 }, 
        {"sofa" : 1,  "begin" : 289,  "end" : 290 }, 
        {"sofa" : 1,  "begin" : 291,  "end" : 296 }, 
        {"sofa" : 1,  "begin" : 296,  "end" : 297 }, 
        {"sofa" : 1,  "begin" : 298,  "end" : 301 }, 
        {"sofa" : 1,  "begin" : 302,  "end" : 311 }, 
        {"sofa" : 1,  "begin" : 311,  "end" : 312 }, 
        {"sofa" : 1,  "begin" : 313,  "end" : 319 }, 
        {"sofa" : 1,  "begin" : 319,  "end" : 320 }, 
        {"sofa" : 1,  "begin" : 321,  "end" : 329 }, 
        {"sofa" : 1,  "begin" : 329,  "end" : 330 }, 
        {"sofa" : 1,  "begin" : 331,  "end" : 334 }, 
        {"sofa" : 1,  "begin" : 335,  "end" : 341 }, 
        {"sofa" : 1,  "begin" : 342,  "end" : 345 }, 
        {"sofa" : 1,  "begin" : 346,  "end" : 351 }, 
        {"sofa" : 1,  "begin" : 352,  "end" : 359 }, 
        {"sofa" : 1,  "begin" : 359,  "end" : 360 }, 
        {"sofa" : 1,  "begin" : 361,  "end" : 369 }, 
        {"sofa" : 1,  "begin" : 370,  "end" : 376 }, 
        {"sofa" : 1,  "begin" : 377,  "end" : 379 }, 
        {"sofa" : 1,  "begin" : 380,  "end" : 388 }, 
        {"sofa" : 1,  "begin" : 389,  "end" : 393 }, 
        {"sofa" : 1,  "begin" : 394,  "end" : 397 }, 
        {"sofa" : 1,  "begin" : 398,  "end" : 405 }, 
        {"sofa" : 1,  "begin" : 406,  "end" : 411 }, 
        {"sofa" : 1,  "begin" : 411,  "end" : 412 }, 
        {"sofa" : 1,  "begin" : 413,  "end" : 416 }, 
        {"sofa" : 1,  "begin" : 417,  "end" : 423 }, 
        {"sofa" : 1,  "begin" : 424,  "end" : 431 }, 
        {"sofa" : 1,  "begin" : 432,  "end" : 434 }, 
        {"sofa" : 1,  "begin" : 435,  "end" : 438 }, 
        {"sofa" : 1,  "begin" : 439,  "end" : 444 }, 
        {"sofa" : 1,  "begin" : 445,  "end" : 448 }, 
        {"sofa" : 1,  "begin" : 449,  "end" : 454 }, 
        {"sofa" : 1,  "begin" : 455,  "end" : 458 }, 
        {"sofa" : 1,  "begin" : 459,  "end" : 465 }, 
        {"sofa" : 1,  "begin" : 466,  "end" : 468 }, 
        {"sofa" : 1,  "begin" : 469,  "end" : 474 }, 
        {"sofa" : 1,  "begin" : 474,  "end" : 475 }, 
        {"sofa" : 1,  "begin" : 476,  "end" : 478 }, 
        {"sofa" : 1,  "begin" : 479,  "end" : 481 }, 
        {"sofa" : 1,  "begin" : 482,  "end" : 486 }, 
        {"sofa" : 1,  "begin" : 487,  "end" : 489 }, 
        {"sofa" : 1,  "begin" : 490,  "end" : 492 }, 
        {"sofa" : 1,  "begin" : 493,  "end" : 504 }, 
        {"sofa" : 1,  "begin" : 505,  "end" : 509 }, 
        {"sofa" : 1,  "begin" : 510,  "end" : 516 }, 
        {"sofa" : 1,  "begin" : 517,  "end" : 519 }, 
        {"sofa" : 1,  "begin" : 520,  "end" : 528 }, 
        {"sofa" : 1,  "begin" : 529,  "end" : 532 }, 
        {"sofa" : 1,  "begin" : 533,  "end" : 539 }, 
        {"sofa" : 1,  "begin" : 539,  "end" : 540 }, 
        {"sofa" : 1,  "begin" : 541,  "end" : 544 }, 
        {"sofa" : 1,  "begin" : 545,  "end" : 549 }, 
        {"sofa" : 1,  "begin" : 550,  "end" : 556 }, 
        {"sofa" : 1,  "begin" : 557,  "end" : 562 }, 
        {"sofa" : 1,  "begin" : 562,  "end" : 563 }, 
        {"sofa" : 1,  "begin" : 565,  "end" : 568 }, 
        {"sofa" : 1,  "begin" : 569,  "end" : 574 }, 
        {"sofa" : 1,  "begin" : 575,  "end" : 577 }, 
        {"sofa" : 1,  "begin" : 578,  "end" : 581 }, 
        {"sofa" : 1,  "begin" : 582,  "end" : 591 }, 
        {"sofa" : 1,  "begin" : 592,  "end" : 594 }, 
        {"sofa" : 1,  "begin" : 595,  "end" : 600 }, 
        {"sofa" : 1,  "begin" : 600,  "end" : 601 }, 
        {"sofa" : 1,  "begin" : 602,  "end" : 605 }, 
        {"sofa" : 1,  "begin" : 606,  "end" : 612 }, 
        {"sofa" : 1,  "begin" : 613,  "end" : 615 }, 
        {"sofa" : 1,  "begin" : 616,  "end" : 621 }, 
        {"sofa" : 1,  "begin" : 622,  "end" : 624 }, 
        {"sofa" : 1,  "begin" : 625,  "end" : 630 }, 
        {"sofa" : 1,  "begin" : 631,  "end" : 637 }, 
        {"sofa" : 1,  "begin" : 637,  "end" : 638 }, 
        {"sofa" : 1,  "begin" : 639,  "end" : 641 }, 
        {"sofa" : 1,  "begin" : 642,  "end" : 650 }, 
        {"sofa" : 1,  "begin" : 651,  "end" : 654 }, 
        {"sofa" : 1,  "begin" : 655,  "end" : 669 }, 
        {"sofa" : 1,  "begin" : 670,  "end" : 683 }, 
        {"sofa" : 1,  "begin" : 684,  "end" : 689 }, 
        {"sofa" : 1,  "begin" : 689,  "end" : 690 }, 
        {"sofa" : 1,  "begin" : 691,  "end" : 697 }, 
        {"sofa" : 1,  "begin" : 698,  "end" : 700 }, 
        {"sofa" : 1,  "begin" : 701,  "end" : 709 }, 
        {"sofa" : 1,  "begin" : 710,  "end" : 715 }, 
        {"sofa" : 1,  "begin" : 716,  "end" : 719 }, 
        {"sofa" : 1,  "begin" : 720,  "end" : 725 }, 
        {"sofa" : 1,  "begin" : 725,  "end" : 726 }, 
        {"sofa" : 1,  "begin" : 727,  "end" : 730 }, 
        {"sofa" : 1,  "begin" : 731,  "end" : 743 }, 
        {"sofa" : 1,  "begin" : 743,  "end" : 744 }, 
        {"sofa" : 1,  "begin" : 745,  "end" : 747 }, 
        {"sofa" : 1,  "begin" : 748,  "end" : 752 }, 
        {"sofa" : 1,  "begin" : 752,  "end" : 753 }, 
        {"sofa" : 1,  "begin" : 754,  "end" : 756 }, 
        {"sofa" : 1,  "begin" : 757,  "end" : 765 }, 
        {"sofa" : 1,  "begin" : 766,  "end" : 769 }, 
        {"sofa" : 1,  "begin" : 770,  "end" : 772 }, 
        {"sofa" : 1,  "begin" : 773,  "end" : 783 }, 
        {"sofa" : 1,  "begin" : 784,  "end" : 788 }, 
        {"sofa" : 1,  "begin" : 788,  "end" : 789 }, 
        {"sofa" : 1,  "begin" : 790,  "end" : 794 }, 
        {"sofa" : 1,  "begin" : 795,  "end" : 805 }, 
        {"sofa" : 1,  "begin" : 806,  "end" : 813 }, 
        {"sofa" : 1,  "begin" : 814,  "end" : 818 }, 
        {"sofa" : 1,  "begin" : 818,  "end" : 819 }, 
        {"sofa" : 1,  "begin" : 820,  "end" : 833 }, 
        {"sofa" : 1,  "begin" : 834,  "end" : 839 }, 
        {"sofa" : 1,  "begin" : 839,  "end" : 840 }, 
        {"sofa" : 1,  "begin" : 841,  "end" : 847 }, 
        {"sofa" : 1,  "begin" : 848,  "end" : 849 }, 
        {"sofa" : 1,  "begin" : 850,  "end" : 857 }, 
        {"sofa" : 1,  "begin" : 858,  "end" : 863 }, 
        {"sofa" : 1,  "begin" : 863,  "end" : 864 }, 
        {"sofa" : 1,  "begin" : 865,  "end" : 868 }, 
        {"sofa" : 1,  "begin" : 869,  "end" : 878 }, 
        {"sofa" : 1,  "begin" : 879,  "end" : 884 }, 
        {"sofa" : 1,  "begin" : 885,  "end" : 887 }, 
        {"sofa" : 1,  "begin" : 888,  "end" : 889 }, 
        {"sofa" : 1,  "begin" : 889,  "end" : 895 }, 
        {"sofa" : 1,  "begin" : 896,  "end" : 898 }, 
        {"sofa" : 1,  "begin" : 899,  "end" : 907 }, 
        {"sofa" : 1,  "begin" : 907,  "end" : 908 }, 
        {"sofa" : 1,  "begin" : 908,  "end" : 909 }, 
        {"sofa" : 1,  "begin" : 910,  "end" : 915 }, 
        {"sofa" : 1,  "begin" : 916,  "end" : 919 }, 
        {"sofa" : 1,  "begin" : 920,  "end" : 929 }, 
        {"sofa" : 1,  "begin" : 930,  "end" : 935 }, 
        {"sofa" : 1,  "begin" : 936,  "end" : 939 }, 
        {"sofa" : 1,  "begin" : 940,  "end" : 948 }, 
        {"sofa" : 1,  "begin" : 949,  "end" : 954 }, 
        {"sofa" : 1,  "begin" : 955,  "end" : 961 }, 
        {"sofa" : 1,  "begin" : 962,  "end" : 963 }, 
        {"sofa" : 1,  "begin" : 964,  "end" : 972 }, 
        {"sofa" : 1,  "begin" : 973,  "end" : 982 }, 
        {"sofa" : 1,  "begin" : 983,  "end" : 988 }, 
        {"sofa" : 1,  "begin" : 989,  "end" : 992 }, 
        {"sofa" : 1,  "begin" : 993,  "end" : 998 }, 
        {"sofa" : 1,  "begin" : 998,  "end" : 999 }, 
        {"sofa" : 1,  "begin" : 1000,  "end" : 1003 }, 
        {"sofa" : 1,  "begin" : 1004,  "end" : 1018 }, 
        {"sofa" : 1,  "begin" : 1019,  "end" : 1026 }, 
        {"sofa" : 1,  "begin" : 1027,  "end" : 1029 }, 
        {"sofa" : 1,  "begin" : 1030,  "end" : 1035 }, 
        {"sofa" : 1,  "begin" : 1036,  "end" : 1038 }, 
        {"sofa" : 1,  "begin" : 1039,  "end" : 1042 }, 
        {"sofa" : 1,  "begin" : 1043,  "end" : 1050 }, 
        {"sofa" : 1,  "begin" : 1051,  "end" : 1053 }, 
        {"sofa" : 1,  "begin" : 1054,  "end" : 1057 }, 
        {"sofa" : 1,  "begin" : 1058,  "end" : 1063 }, 
        {"sofa" : 1,  "begin" : 1064,  "end" : 1066 }, 
        {"sofa" : 1,  "begin" : 1067,  "end" : 1075 }, 
        {"sofa" : 1,  "begin" : 1075,  "end" : 1076 }, 
        {"sofa" : 1,  "begin" : 1077,  "end" : 1082 }, 
        {"sofa" : 1,  "begin" : 1083,  "end" : 1086 }, 
        {"sofa" : 1,  "begin" : 1087,  "end" : 1091 }, 
        {"sofa" : 1,  "begin" : 1092,  "end" : 1097 }, 
        {"sofa" : 1,  "begin" : 1098,  "end" : 1100 }, 
        {"sofa" : 1,  "begin" : 1101,  "end" : 1103 }, 
        {"sofa" : 1,  "begin" : 1104,  "end" : 1115 }, 
        {"sofa" : 1,  "begin" : 1116,  "end" : 1120 }, 
        {"sofa" : 1,  "begin" : 1121,  "end" : 1127 }, 
        {"sofa" : 1,  "begin" : 1128,  "end" : 1132 }, 
        {"sofa" : 1,  "begin" : 1132,  "end" : 1133 }, 
        {"sofa" : 1,  "begin" : 1134,  "end" : 1140 }, 
        {"sofa" : 1,  "begin" : 1141,  "end" : 1147 }, 
        {"sofa" : 1,  "begin" : 1147,  "end" : 1148 }, 
        {"sofa" : 1,  "begin" : 1149,  "end" : 1155 }, 
        {"sofa" : 1,  "begin" : 1156,  "end" : 1160 }, 
        {"sofa" : 1,  "begin" : 1160,  "end" : 1161 }, 
        {"sofa" : 1,  "begin" : 1162,  "end" : 1165 }, 
        {"sofa" : 1,  "begin" : 1166,  "end" : 1170 }, 
        {"sofa" : 1,  "begin" : 1170,  "end" : 1171 }, 
        {"sofa" : 1,  "begin" : 1172,  "end" : 1175 }, 
        {"sofa" : 1,  "begin" : 1176,  "end" : 1187 }, 
        {"sofa" : 1,  "begin" : 1188,  "end" : 1194 }, 
        {"sofa" : 1,  "begin" : 1194,  "end" : 1195 }, 
        {"sofa" : 1,  "begin" : 1197,  "end" : 1202 }, 
        {"sofa" : 1,  "begin" : 1203,  "end" : 1206 }, 
        {"sofa" : 1,  "begin" : 1207,  "end" : 1209 }, 
        {"sofa" : 1,  "begin" : 1210,  "end" : 1219 }, 
        {"sofa" : 1,  "begin" : 1220,  "end" : 1224 }, 
        {"sofa" : 1,  "begin" : 1225,  "end" : 1231 }, 
        {"sofa" : 1,  "begin" : 1231,  "end" : 1232 }, 
        {"sofa" : 1,  "begin" : 1233,  "end" : 1236 }, 
        {"sofa" : 1,  "begin" : 1237,  "end" : 1242 }, 
        {"sofa" : 1,  "begin" : 1243,  "end" : 1245 }, 
        {"sofa" : 1,  "begin" : 1246,  "end" : 1247 }, 
        {"sofa" : 1,  "begin" : 1248,  "end" : 1258 }, 
        {"sofa" : 1,  "begin" : 1259,  "end" : 1263 }, 
        {"sofa" : 1,  "begin" : 1264,  "end" : 1274 }, 
        {"sofa" : 1,  "begin" : 1275,  "end" : 1277 }, 
        {"sofa" : 1,  "begin" : 1278,  "end" : 1282 }, 
        {"sofa" : 1,  "begin" : 1283,  "end" : 1291 }, 
        {"sofa" : 1,  "begin" : 1292,  "end" : 1301 }, 
        {"sofa" : 1,  "begin" : 1301,  "end" : 1302 }, 
        {"sofa" : 1,  "begin" : 1303,  "end" : 1309 }, 
        {"sofa" : 1,  "begin" : 1310,  "end" : 1316 }, 
        {"sofa" : 1,  "begin" : 1317,  "end" : 1324 }, 
        {"sofa" : 1,  "begin" : 1325,  "end" : 1329 }, 
        {"sofa" : 1,  "begin" : 1330,  "end" : 1332 }, 
        {"sofa" : 1,  "begin" : 1333,  "end" : 1335 }, 
        {"sofa" : 1,  "begin" : 1336,  "end" : 1338 }, 
        {"sofa" : 1,  "begin" : 1339,  "end" : 1342 }, 
        {"sofa" : 1,  "begin" : 1343,  "end" : 1347 }, 
        {"sofa" : 1,  "begin" : 1347,  "end" : 1348 }, 
        {"sofa" : 1,  "begin" : 1349,  "end" : 1351 }, 
        {"sofa" : 1,  "begin" : 1352,  "end" : 1357 }, 
        {"sofa" : 1,  "begin" : 1358,  "end" : 1364 }, 
        {"sofa" : 1,  "begin" : 1365,  "end" : 1367 }, 
        {"sofa" : 1,  "begin" : 1368,  "end" : 1371 }, 
        {"sofa" : 1,  "begin" : 1371,  "end" : 1372 }, 
        {"sofa" : 1,  "begin" : 1373,  "end" : 1376 }, 
        {"sofa" : 1,  "begin" : 1377,  "end" : 1380 }, 
        {"sofa" : 1,  "begin" : 1381,  "end" : 1386 }, 
        {"sofa" : 1,  "begin" : 1387,  "end" : 1392 }, 
        {"sofa" : 1,  "begin" : 1393,  "end" : 1395 }, 
        {"sofa" : 1,  "begin" : 1396,  "end" : 1399 }, 
        {"sofa" : 1,  "begin" : 1400,  "end" : 1407 }, 
        {"sofa" : 1,  "begin" : 1408,  "end" : 1410 }, 
        {"sofa" : 1,  "begin" : 1411,  "end" : 1414 }, 
        {"sofa" : 1,  "begin" : 1415,  "end" : 1419 }, 
        {"sofa" : 1,  "begin" : 1420,  "end" : 1427 }, 
        {"sofa" : 1,  "begin" : 1427,  "end" : 1428 }, 
        {"sofa" : 1,  "begin" : 1429,  "end" : 1432 }, 
        {"sofa" : 1,  "begin" : 1433,  "end" : 1437 }, 
        {"sofa" : 1,  "begin" : 1438,  "end" : 1441 }, 
        {"sofa" : 1,  "begin" : 1442,  "end" : 1444 }, 
        {"sofa" : 1,  "begin" : 1445,  "end" : 1449 }, 
        {"sofa" : 1,  "begin" : 1450,  "end" : 1456 }, 
        {"sofa" : 1,  "begin" : 1456,  "end" : 1457 }, 
        {"sofa" : 1,  "begin" : 1458,  "end" : 1469 }, 
        {"sofa" : 1,  "begin" : 1469,  "end" : 1470 }, 
        {"sofa" : 1,  "begin" : 1471,  "end" : 1473 }, 
        {"sofa" : 1,  "begin" : 1474,  "end" : 1483 }, 
        {"sofa" : 1,  "begin" : 1484,  "end" : 1489 }, 
        {"sofa" : 1,  "begin" : 1490,  "end" : 1493 }, 
        {"sofa" : 1,  "begin" : 1494,  "end" : 1499 }, 
        {"sofa" : 1,  "begin" : 1500,  "end" : 1505 }, 
        {"sofa" : 1,  "begin" : 1505,  "end" : 1506 }, 
        {"sofa" : 1,  "begin" : 1507,  "end" : 1509 }, 
        {"sofa" : 1,  "begin" : 1510,  "end" : 1515 }, 
        {"sofa" : 1,  "begin" : 1516,  "end" : 1520 }, 
        {"sofa" : 1,  "begin" : 1520,  "end" : 1521 }, 
        {"sofa" : 1,  "begin" : 1522,  "end" : 1527 }, 
        {"sofa" : 1,  "begin" : 1528,  "end" : 1534 }, 
        {"sofa" : 1,  "begin" : 1535,  "end" : 1541 }, 
        {"sofa" : 1,  "begin" : 1542,  "end" : 1544 }, 
        {"sofa" : 1,  "begin" : 1545,  "end" : 1551 }, 
        {"sofa" : 1,  "begin" : 1552,  "end" : 1558 }, 
        {"sofa" : 1,  "begin" : 1558,  "end" : 1559 }, 
        {"sofa" : 1,  "begin" : 1562,  "end" : 1567 }, 
        {"sofa" : 1,  "begin" : 1568,  "end" : 1571 }, 
        {"sofa" : 1,  "begin" : 1572,  "end" : 1574 }, 
        {"sofa" : 1,  "begin" : 1575,  "end" : 1578 }, 
        {"sofa" : 1,  "begin" : 1579,  "end" : 1591 }, 
        {"sofa" : 1,  "begin" : 1592,  "end" : 1603 }, 
        {"sofa" : 1,  "begin" : 1604,  "end" : 1608 }, 
        {"sofa" : 1,  "begin" : 1609,  "end" : 1620 }, 
        {"sofa" : 1,  "begin" : 1621,  "end" : 1624 }, 
        {"sofa" : 1,  "begin" : 1624,  "end" : 1625 }, 
        {"sofa" : 1,  "begin" : 1626,  "end" : 1630 }, 
        {"sofa" : 1,  "begin" : 1631,  "end" : 1634 }, 
        {"sofa" : 1,  "begin" : 1634,  "end" : 1635 }, 
        {"sofa" : 1,  "begin" : 1636,  "end" : 1639 }, 
        {"sofa" : 1,  "begin" : 1640,  "end" : 1645 }, 
        {"sofa" : 1,  "begin" : 1646,  "end" : 1651 }, 
        {"sofa" : 1,  "begin" : 1652,  "end" : 1661 }, 
        {"sofa" : 1,  "begin" : 1662,  "end" : 1666 }, 
        {"sofa" : 1,  "begin" : 1666,  "end" : 1667 }, 
        {"sofa" : 1,  "begin" : 1668,  "end" : 1674 }, 
        {"sofa" : 1,  "begin" : 1675,  "end" : 1678 }, 
        {"sofa" : 1,  "begin" : 1679,  "end" : 1687 }, 
        {"sofa" : 1,  "begin" : 1688,  "end" : 1695 }, 
        {"sofa" : 1,  "begin" : 1696,  "end" : 1698 }, 
        {"sofa" : 1,  "begin" : 1699,  "end" : 1704 }, 
        {"sofa" : 1,  "begin" : 1705,  "end" : 1715 }, 
        {"sofa" : 1,  "begin" : 1716,  "end" : 1718 }, 
        {"sofa" : 1,  "begin" : 1719,  "end" : 1723 }, 
        {"sofa" : 1,  "begin" : 1724,  "end" : 1729 }, 
        {"sofa" : 1,  "begin" : 1730,  "end" : 1732 }, 
        {"sofa" : 1,  "begin" : 1733,  "end" : 1735 }, 
        {"sofa" : 1,  "begin" : 1736,  "end" : 1746 }, 
        {"sofa" : 1,  "begin" : 1747,  "end" : 1754 }, 
        {"sofa" : 1,  "begin" : 1754,  "end" : 1755 }, 
        {"sofa" : 1,  "begin" : 1756,  "end" : 1759 }, 
        {"sofa" : 1,  "begin" : 1760,  "end" : 1762 }, 
        {"sofa" : 1,  "begin" : 1763,  "end" : 1770 }, 
        {"sofa" : 1,  "begin" : 1771,  "end" : 1774 }, 
        {"sofa" : 1,  "begin" : 1775,  "end" : 1779 }, 
        {"sofa" : 1,  "begin" : 1780,  "end" : 1789 }, 
        {"sofa" : 1,  "begin" : 1790,  "end" : 1792 }, 
        {"sofa" : 1,  "begin" : 1793,  "end" : 1800 }, 
        {"sofa" : 1,  "begin" : 1801,  "end" : 1802 }, 
        {"sofa" : 1,  "begin" : 1803,  "end" : 1809 }, 
        {"sofa" : 1,  "begin" : 1810,  "end" : 1812 }, 
        {"sofa" : 1,  "begin" : 1813,  "end" : 1815 }, 
        {"sofa" : 1,  "begin" : 1816,  "end" : 1822 }, 
        {"sofa" : 1,  "begin" : 1822,  "end" : 1823 }, 
        {"sofa" : 1,  "begin" : 1824,  "end" : 1827 }, 
        {"sofa" : 1,  "begin" : 1828,  "end" : 1836 }, 
        {"sofa" : 1,  "begin" : 1837,  "end" : 1844 }, 
        {"sofa" : 1,  "begin" : 1845,  "end" : 1847 }, 
        {"sofa" : 1,  "begin" : 1848,  "end" : 1853 }, 
        {"sofa" : 1,  "begin" : 1854,  "end" : 1857 }, 
        {"sofa" : 1,  "begin" : 1858,  "end" : 1860 }, 
        {"sofa" : 1,  "begin" : 1861,  "end" : 1864 }, 
        {"sofa" : 1,  "begin" : 1864,  "end" : 1865 }, 
        {"sofa" : 1,  "begin" : 1865,  "end" : 1866 }, 
        {"sofa" : 1,  "begin" : 1867,  "end" : 1869 }, 
        {"sofa" : 1,  "begin" : 1870,  "end" : 1872 }, 
        {"sofa" : 1,  "begin" : 1873,  "end" : 1876 }, 
        {"sofa" : 1,  "begin" : 1876,  "end" : 1877 }, 
        {"sofa" : 1,  "begin" : 1878,  "end" : 1881 }, 
        {"sofa" : 1,  "begin" : 1881,  "end" : 1882 }, 
        {"sofa" : 1,  "begin" : 1884,  "end" : 1891 }, 
        {"sofa" : 1,  "begin" : 1891,  "end" : 1892 }, 
        {"sofa" : 1,  "begin" : 1893,  "end" : 1894 }, 
        {"sofa" : 1,  "begin" : 1895,  "end" : 1905 }, 
        {"sofa" : 1,  "begin" : 1906,  "end" : 1913 }, 
        {"sofa" : 1,  "begin" : 1914,  "end" : 1916 }, 
        {"sofa" : 1,  "begin" : 1917,  "end" : 1918 }, 
        {"sofa" : 1,  "begin" : 1919,  "end" : 1923 }, 
        {"sofa" : 1,  "begin" : 1924,  "end" : 1926 }, 
        {"sofa" : 1,  "begin" : 1927,  "end" : 1931 }, 
        {"sofa" : 1,  "begin" : 1932,  "end" : 1938 }, 
        {"sofa" : 1,  "begin" : 1939,  "end" : 1945 }, 
        {"sofa" : 1,  "begin" : 1946,  "end" : 1950 }, 
        {"sofa" : 1,  "begin" : 1950,  "end" : 1951 }, 
        {"sofa" : 1,  "begin" : 1952,  "end" : 1959 }, 
        {"sofa" : 1,  "begin" : 1960,  "end" : 1966 }, 
        {"sofa" : 1,  "begin" : 1967,  "end" : 1971 }, 
        {"sofa" : 1,  "begin" : 1972,  "end" : 1974 }, 
        {"sofa" : 1,  "begin" : 1975,  "end" : 1982 }, 
        {"sofa" : 1,  "begin" : 1983,  "end" : 1991 }, 
        {"sofa" : 1,  "begin" : 1992,  "end" : 1996 }, 
        {"sofa" : 1,  "begin" : 1997,  "end" : 2004 }, 
        {"sofa" : 1,  "begin" : 2004,  "end" : 2005 }, 
        {"sofa" : 1,  "begin" : 2006,  "end" : 2012 }, 
        {"sofa" : 1,  "begin" : 2013,  "end" : 2018 }, 
        {"sofa" : 1,  "begin" : 2018,  "end" : 2019 }, 
        {"sofa" : 1,  "begin" : 2020,  "end" : 2025 }, 
        {"sofa" : 1,  "begin" : 2025,  "end" : 2026 }, 
        {"sofa" : 1,  "begin" : 2027,  "end" : 2030 }, 
        {"sofa" : 1,  "begin" : 2030,  "end" : 2031 }, 
        {"sofa" : 1,  "begin" : 2032,  "end" : 2039 }, 
        {"sofa" : 1,  "begin" : 2040,  "end" : 2045 }, 
        {"sofa" : 1,  "begin" : 2045,  "end" : 2046 }, 
        {"sofa" : 1,  "begin" : 2047,  "end" : 2048 }, 
        {"sofa" : 1,  "begin" : 2048,  "end" : 2049 }, 
        {"sofa" : 1,  "begin" : 2049,  "end" : 2050 }, 
        {"sofa" : 1,  "begin" : 2051,  "end" : 2054 }, 
        {"sofa" : 1,  "begin" : 2055,  "end" : 2066 }, 
        {"sofa" : 1,  "begin" : 2067,  "end" : 2076 }, 
        {"sofa" : 1,  "begin" : 2077,  "end" : 2079 }, 
        {"sofa" : 1,  "begin" : 2080,  "end" : 2084 }, 
        {"sofa" : 1,  "begin" : 2085,  "end" : 2091 }, 
        {"sofa" : 1,  "begin" : 2092,  "end" : 2094 }, 
        {"sofa" : 1,  "begin" : 2095,  "end" : 2098 }, 
        {"sofa" : 1,  "begin" : 2099,  "end" : 2109 }, 
        {"sofa" : 1,  "begin" : 2110,  "end" : 2114 }, 
        {"sofa" : 1,  "begin" : 2115,  "end" : 2120 }, 
        {"sofa" : 1,  "begin" : 2121,  "end" : 2123 }, 
        {"sofa" : 1,  "begin" : 2124,  "end" : 2127 }, 
        {"sofa" : 1,  "begin" : 2128,  "end" : 2132 }, 
        {"sofa" : 1,  "begin" : 2133,  "end" : 2141 }, 
        {"sofa" : 1,  "begin" : 2141,  "end" : 2142 }, 
        {"sofa" : 1,  "begin" : 2144,  "end" : 2147 }, 
        {"sofa" : 1,  "begin" : 2148,  "end" : 2157 }, 
        {"sofa" : 1,  "begin" : 2158,  "end" : 2167 }, 
        {"sofa" : 1,  "begin" : 2168,  "end" : 2170 }, 
        {"sofa" : 1,  "begin" : 2171,  "end" : 2178 }, 
        {"sofa" : 1,  "begin" : 2178,  "end" : 2179 }, 
        {"sofa" : 1,  "begin" : 2180,  "end" : 2189 }, 
        {"sofa" : 1,  "begin" : 2190,  "end" : 2192 }, 
        {"sofa" : 1,  "begin" : 2193,  "end" : 2198 }, 
        {"sofa" : 1,  "begin" : 2199,  "end" : 2205 }, 
        {"sofa" : 1,  "begin" : 2205,  "end" : 2206 }, 
        {"sofa" : 1,  "begin" : 2207,  "end" : 2210 }, 
        {"sofa" : 1,  "begin" : 2211,  "end" : 2215 }, 
        {"sofa" : 1,  "begin" : 2215,  "end" : 2216 }, 
        {"sofa" : 1,  "begin" : 2217,  "end" : 2221 }, 
        {"sofa" : 1,  "begin" : 2221,  "end" : 2222 }, 
        {"sofa" : 1,  "begin" : 2223,  "end" : 2228 }, 
        {"sofa" : 1,  "begin" : 2228,  "end" : 2229 }, 
        {"sofa" : 1,  "begin" : 2230,  "end" : 2234 }, 
        {"sofa" : 1,  "begin" : 2234,  "end" : 2235 }, 
        {"sofa" : 1,  "begin" : 2236,  "end" : 2241 }, 
        {"sofa" : 1,  "begin" : 2241,  "end" : 2242 }, 
        {"sofa" : 1,  "begin" : 2243,  "end" : 2246 }, 
        {"sofa" : 1,  "begin" : 2247,  "end" : 2251 }, 
        {"sofa" : 1,  "begin" : 2252,  "end" : 2260 }, 
        {"sofa" : 1,  "begin" : 2260,  "end" : 2261 }, 
        {"sofa" : 1,  "begin" : 2262,  "end" : 2268 }, 
        {"sofa" : 1,  "begin" : 2269,  "end" : 2273 }, 
        {"sofa" : 1,  "begin" : 2274,  "end" : 2276 }, 
        {"sofa" : 1,  "begin" : 2277,  "end" : 2280 }, 
        {"sofa" : 1,  "begin" : 2281,  "end" : 2289 }, 
        {"sofa" : 1,  "begin" : 2290,  "end" : 2299 }, 
        {"sofa" : 1,  "begin" : 2300,  "end" : 2302 }, 
        {"sofa" : 1,  "begin" : 2303,  "end" : 2306 }, 
        {"sofa" : 1,  "begin" : 2306,  "end" : 2307 }, 
        {"sofa" : 1,  "begin" : 2308,  "end" : 2310 }, 
        {"sofa" : 1,  "begin" : 2311,  "end" : 2314 }, 
        {"sofa" : 1,  "begin" : 2315,  "end" : 2323 }, 
        {"sofa" : 1,  "begin" : 2324,  "end" : 2326 }, 
        {"sofa" : 1,  "begin" : 2327,  "end" : 2332 }, 
        {"sofa" : 1,  "begin" : 2333,  "end" : 2340 }, 
        {"sofa" : 1,  "begin" : 2341,  "end" : 2347 }, 
        {"sofa" : 1,  "begin" : 2348,  "end" : 2352 }, 
        {"sofa" : 1,  "begin" : 2353,  "end" : 2356 }, 
        {"sofa" : 1,  "begin" : 2357,  "end" : 2362 }, 
        {"sofa" : 1,  "begin" : 2363,  "end" : 2366 }, 
        {"sofa" : 1,  "begin" : 2367,  "end" : 2375 }, 
        {"sofa" : 1,  "begin" : 2375,  "end" : 2376 }, 
        {"sofa" : 1,  "begin" : 2377,  "end" : 2379 }, 
        {"sofa" : 1,  "begin" : 2380,  "end" : 2383 }, 
        {"sofa" : 1,  "begin" : 2384,  "end" : 2386 }, 
        {"sofa" : 1,  "begin" : 2387,  "end" : 2396 }, 
        {"sofa" : 1,  "begin" : 2397,  "end" : 2399 }, 
        {"sofa" : 1,  "begin" : 2400,  "end" : 2403 }, 
        {"sofa" : 1,  "begin" : 2404,  "end" : 2416 }, 
        {"sofa" : 1,  "begin" : 2418,  "end" : 2420 }, 
        {"sofa" : 1,  "begin" : 2421,  "end" : 2425 }, 
        {"sofa" : 1,  "begin" : 2426,  "end" : 2435 }, 
        {"sofa" : 1,  "begin" : 2436,  "end" : 2439 }, 
        {"sofa" : 1,  "begin" : 2440,  "end" : 2444 }, 
        {"sofa" : 1,  "begin" : 2445,  "end" : 2451 }, 
        {"sofa" : 1,  "begin" : 2452,  "end" : 2462 }, 
        {"sofa" : 1,  "begin" : 2462,  "end" : 2463 }, 
        {"sofa" : 1,  "begin" : 2464,  "end" : 2467 }, 
        {"sofa" : 1,  "begin" : 2468,  "end" : 2477 }, 
        {"sofa" : 1,  "begin" : 2478,  "end" : 2486 }, 
        {"sofa" : 1,  "begin" : 2487,  "end" : 2494 }, 
        {"sofa" : 1,  "begin" : 2495,  "end" : 2497 }, 
        {"sofa" : 1,  "begin" : 2498,  "end" : 2506 }, 
        {"sofa" : 1,  "begin" : 2507,  "end" : 2514 }, 
        {"sofa" : 1,  "begin" : 2515,  "end" : 2519 }, 
        {"sofa" : 1,  "begin" : 2520,  "end" : 2527 }, 
        {"sofa" : 1,  "begin" : 2528,  "end" : 2535 }, 
        {"sofa" : 1,  "begin" : 2535,  "end" : 2536 } ] } }, 
  "_referenced_fss" : {
    "1" : {"_type" : "Sofa",  "sofaNum" : 1,  "sofaID" : "_InitialView",  "mimeType" : "text",  "sofaString" : "Curry Powder is ordinarily a mixture of turmeric, black\npepper, coriander seeds, cayenne, cardamoms, cumin, fenugreek, ginger, allspice, and cloves. Turmeric, the ingredient\nfurnishing the colouring matter, forms the largest proportion.\nThere is only a small quantity of cayenne, cardamoms,\ncumin, and fenugreek. Ginger, allspice, and cloves are often\nomitted. Turmeric powder is obtained from the Curucma\nlonga. The ground turners of the plant are dried and\nground to flour. It is said to be adulterated with alkali to\nheighten the colour, and with yellow ochre. \nThe fruit of the coriander is round, and nearly as large as white pepper.\nIt contains two brown-coloured hemispherical seeds, having\nan aromatic taste and odour. The seed-vessels, or pods, of\ncardamom are of triangular form, each containing several\nhard, reddish-brown seeds, having a pungent taste, and\npopularly known as \"grains of paradise.\" Cumin and fenugreek seeds are aromatic seeds having a peculiar medicinal\ntaste and odour. The characteristic flavour of curry is due\nlargely to the cumin it contains. Curry has been found to\nbe adulterated with ground rice, potato starch, common salt,\nred lead, and ferruginous earths.\n\nOlive Oil is expressed from olives, the fruit of a well-known\ntree cultivated in many European countries. Olives should\nfurnish from 20 to 25 per cent, of their weight of oil, but\nthe whole yield is not usually of the same quality. The\npure oil is pale yellow, transparent, of agreeable odour and\nbland taste. It keeps well, being little liable to become\nrancid.\n\n\nOlive oil is not infrequently adulterated with cotton-seed\noil, rape oil, and other cheap vegetable oils. Taking the\nspecific gravity is often sufficient to show there is an adulterant present, and to warrant the food inspector in sending\na sample to an expert. The specific gravity of olive oil is\n917-6 at 59 deg. Fah.\n\nVinegar. — Commercial vinegar is a more or less impure\nacetic acid. Besides acetic acid it usually contains some\nalcohol, acetic ether, sugar, gum, various salts, &c, its composition depending to some extent on the substances from\nwhich it has been produced.\n\nThe different varieties of vinegar, according to their\nsource, are malt, wine, cider, beet, sugar, and wood vinegars.\nAcetic acid is the volatile principle in all, to the presence of\nwhich vinegar mainly owes its aroma and pungency. It\nmay be generated by the fermentation  of many vegetable\nand some animal substances. Any vegetable infusion\ncapable of yielding alcohol will furnish vinegar." }, 
    "6563" : {"_type" : "Span",  "sofa" : 1,  "begin" : 720,  "end" : 725,  "label" : "Smell_Word" }, 
    "6568" : {"_type" : "Span",  "sofa" : 1,  "begin" : 651,  "end" : 689,  "label" : "Smell_Source" }, 
    "6614" : {"_type" : "Span",  "sofa" : 1,  "begin" : 940,  "end" : 948,  "label" : "Smell_Word" }, 
    "6619" : {"_type" : "Span",  "sofa" : 1,  "begin" : 940,  "end" : 948,  "label" : "Quality" }, 
    "6609" : {"_type" : "Span",  "sofa" : 1,  "begin" : 910,  "end" : 935,  "label" : "Smell_Source" }, 
    "6580" : {"_type" : "Span",  "sofa" : 1,  "begin" : 993,  "end" : 998,  "label" : "Smell_Word" }, 
    "6590" : {"_type" : "Span",  "sofa" : 1,  "begin" : 973,  "end" : 982,  "label" : "Quality" }, 
    "6585" : {"_type" : "Span",  "sofa" : 1,  "begin" : 964,  "end" : 972,  "label" : "Quality" }, 
    "6645" : {"_type" : "Span",  "sofa" : 1,  "begin" : 1484,  "end" : 1489,  "label" : "Smell_Word" }, 
    "6650" : {"_type" : "Span",  "sofa" : 1,  "begin" : 1474,  "end" : 1483,  "label" : "Quality" }, 
    "6662" : {"_type" : "Span",  "sofa" : 1,  "begin" : 1429,  "end" : 1441,  "label" : "Smell_Source" }, 
    "6679" : {"_type" : "Span",  "sofa" : 1,  "begin" : 2353,  "end" : 2356,  "label" : "Smell_Source" }, 
    "6684" : {"_type" : "Span",  "sofa" : 1,  "begin" : 2333,  "end" : 2340,  "label" : "Smell_Source" }, 
    "6674" : {"_type" : "Span",  "sofa" : 1,  "begin" : 2357,  "end" : 2362,  "label" : "Smell_Word" } } }