#FORMAT=WebAnno TSV 3.3


#Text=P. 44.
#Text=*) LAVATERIS Fragmente, IV.
#Text=pag. 268.
1-1	2-3	P	
1-2	3-4	.	
1-3	5-7	44	
1-4	7-8	.	
1-5	9-10	*	
1-6	10-11	)	
1-7	12-21	LAVATERIS	
1-8	22-31	Fragmente	
1-9	31-32	,	
1-10	33-35	IV	
1-11	35-36	.	
1-12	37-40	pag	
1-13	40-41	.	
1-14	42-45	268	
1-15	45-46	.	

#Text=Sic Nigritas in insulis antillis dari dicunt o), qui olfactu Galli vestigium a vestigio Nigritae discernunt.
2-1	47-50	Sic	
2-2	51-59	Nigritas	
2-3	60-62	in	
2-4	63-70	insulis	
2-5	71-79	antillis	
2-6	80-84	dari	
2-7	85-91	dicunt	
2-8	92-93	o	
2-9	93-94	)	
2-10	94-95	,	
2-11	96-99	qui	
2-12	100-107	olfactu	
2-13	108-113	Galli	
2-14	114-123	vestigium	
2-15	124-125	a	
2-16	126-134	vestigio	
2-17	135-143	Nigritae	
2-18	144-154	discernunt	
2-19	154-155	.	

#Text=Sic barbarae quaedain gentes Americae Gallos, Hifpanos et Anglos narium ope dignoscere posse dicuntur p).
3-1	156-159	Sic	
3-2	160-168	barbarae	
3-3	169-177	quaedain	
3-4	178-184	gentes	
3-5	185-193	Americae	
3-6	194-200	Gallos	
3-7	200-201	,	
3-8	202-210	Hifpanos	
3-9	211-213	et	
3-10	214-220	Anglos	
3-11	221-227	narium	
3-12	228-231	ope	
3-13	232-242	dignoscere	
3-14	243-248	posse	
3-15	249-257	dicuntur	
3-16	258-259	p	
3-17	259-260	)	
3-18	260-261	.	

#Text=S.
4-1	262-263	S	
4-2	263-264	.	

#Text=X.
5-1	265-266	X	
5-2	266-267	.	

#Text=Magna deinde potentia est aetatis et sexus in odorem perspic rationis.
6-1	268-273	Magna	
6-2	274-280	deinde	
6-3	281-289	potentia	
6-4	290-293	est	
6-5	294-301	aetatis	
6-6	302-304	et	
6-7	305-310	sexus	
6-8	311-313	in	
6-9	314-320	odorem	
6-10	321-328	perspic	
6-11	329-337	rationis	
6-12	337-338	.	

#Text=In aetate infantili humores sunt blandiflimi, mere glutinosi, partibus acrioribus falinis paene deflituti.
7-1	339-341	In	
7-2	342-348	aetate	
7-3	349-358	infantili	
7-4	359-366	humores	
7-5	367-371	sunt	
7-6	372-383	blandiflimi	
7-7	383-384	,	
7-8	385-389	mere	
7-9	390-399	glutinosi	
7-10	399-400	,	
7-11	401-409	partibus	
7-12	410-420	acrioribus	
7-13	421-428	falinis	
7-14	429-434	paene	
7-15	435-444	deflituti	
7-16	444-445	.	

#Text=Haec est indoles sanguinis, haec etiam liquorum fecretorum: bilis haud est amara; vrina aquofa, insipida q), perfpiratio odoris, faltem grauioris, ex.
#Text=pers r).
8-1	446-450	Haec	
8-2	451-454	est	
8-3	455-462	indoles	
8-4	463-472	sanguinis	
8-5	472-473	,	
8-6	474-478	haec	
8-7	479-484	etiam	
8-8	485-493	liquorum	
8-9	494-504	fecretorum	
8-10	504-505	:	
8-11	506-511	bilis	
8-12	512-516	haud	
8-13	517-520	est	
8-14	521-526	amara	
8-15	526-527	;	
8-16	528-533	vrina	
8-17	534-540	aquofa	
8-18	540-541	,	
8-19	542-550	insipida	
8-20	551-552	q	
8-21	552-553	)	
8-22	553-554	,	
8-23	555-566	perfpiratio	
8-24	567-573	odoris	
8-25	573-574	,	
8-26	575-581	faltem	
8-27	582-591	grauioris	
8-28	591-592	,	
8-29	593-595	ex	
8-30	595-596	.	
8-31	597-601	pers	
8-32	602-603	r	
8-33	603-604	)	
8-34	604-605	.	

#Text=Aetate crescente natura omnium humorum paulatim mutatur; particulae acres in fanguine augentur; bili accedit amaritudo, vrinac acrimonia alcalina et perfpirationi odor fortior.
9-1	606-612	Aetate	
9-2	613-622	crescente	
9-3	623-629	natura	
9-4	630-636	omnium	
9-5	637-644	humorum	
9-6	645-653	paulatim	
9-7	654-661	mutatur	
9-8	661-662	;	
9-9	663-673	particulae	
9-10	674-679	acres	
9-11	680-682	in	
9-12	683-691	fanguine	
9-13	692-700	augentur	
9-14	700-701	;	
9-15	702-706	bili	
9-16	707-714	accedit	
9-17	715-724	amaritudo	
9-18	724-725	,	
9-19	726-732	vrinac	
9-20	733-742	acrimonia	
9-21	743-751	alcalina	
9-22	752-754	et	
9-23	755-768	perfpirationi	
9-24	769-773	odor	
9-25	774-781	fortior	
9-26	781-782	.	

#Text=Praecipue autem fenes per cutem atque alia emunctoria odorem fpirant valde ingratum, quem Hallervs, qui acutislimo gaudebat olfactu, iam in decem paffuum distantia percipere poterat s).
10-1	783-792	Praecipue	
10-2	793-798	autem	
10-3	799-804	fenes	
10-4	805-808	per	
10-5	809-814	cutem	
10-6	815-820	atque	
10-7	821-825	alia	
10-8	826-836	emunctoria	
10-9	837-843	odorem	
10-10	844-851	fpirant	
10-11	852-857	valde	
10-12	858-866	ingratum	
10-13	866-867	,	
10-14	868-872	quem	
10-15	873-881	Hallervs	
10-16	881-882	,	
10-17	883-886	qui	
10-18	887-897	acutislimo	
10-19	898-906	gaudebat	
10-20	907-914	olfactu	
10-21	914-915	,	
10-22	916-919	iam	
10-23	920-922	in	
10-24	923-928	decem	
10-25	929-936	paffuum	
10-26	937-946	distantia	
10-27	947-956	percipere	
10-28	957-964	poterat	
10-29	965-966	s	
10-30	966-967	)	
10-31	967-968	.	

#Text=Quod
#Text=
#Text=.)
11-1	969-973	Quod	
11-2	975-976	.	
11-3	976-977	)	

#Text=Le Cat des sens.
#Text=pap. 256. p) On afsure, que les Brasiliens et ceux du Canada ont l'odorat fi fin,
#Text=
#Text=que au flair ils diftinguèrent un François d'avec un Espagnol et d'avec
#Text=
#Text=un Anglois.
12-1	978-980	Le	
12-2	981-984	Cat	
12-3	985-988	des	
12-4	989-993	sens	
12-5	993-994	.	
12-6	995-998	pap	
12-7	998-999	.	
12-8	1000-1003	256	
12-9	1003-1004	.	
12-10	1005-1006	p	
12-11	1006-1007	)	
12-12	1008-1010	On	
12-13	1011-1017	afsure	
12-14	1017-1018	,	
12-15	1019-1022	que	
12-16	1023-1026	les	
12-17	1027-1037	Brasiliens	
12-18	1038-1040	et	
12-19	1041-1045	ceux	
12-20	1046-1048	du	
12-21	1049-1055	Canada	
12-22	1056-1059	ont	
12-23	1060-1068	l'odorat	
12-24	1069-1071	fi	
12-25	1072-1075	fin	
12-26	1075-1076	,	
12-27	1078-1081	que	
12-28	1082-1084	au	
12-29	1085-1090	flair	
12-30	1091-1094	ils	
12-31	1095-1108	diftinguèrent	
12-32	1109-1111	un	
12-33	1112-1120	François	
12-34	1121-1127	d'avec	
12-35	1128-1130	un	
12-36	1131-1139	Espagnol	
12-37	1140-1142	et	
12-38	1143-1149	d'avec	
12-39	1151-1153	un	
12-40	1154-1161	Anglois	
12-41	1161-1162	.	

#Text=PERNETY recherches philosophiques.
#Text=.)
13-1	1163-1170	PERNETY	
13-2	1171-1181	recherches	
13-3	1182-1196	philosophiques	
13-4	1196-1197	.	
13-5	1198-1199	.	
13-6	1199-1200	)	

#Text=HALLER priin, lin.
#Text=phyfiolog.
#Text=6.
14-1	1201-1207	HALLER	
14-2	1208-1213	priin	
14-3	1213-1214	,	
14-4	1215-1218	lin	
14-5	1218-1219	.	
14-6	1220-1229	phyfiolog	
14-7	1229-1230	.	
14-8	1231-1232	6	
14-9	1232-1233	.	
