#FORMAT=WebAnno TSV 3.3


#Text=18 Insuper et clamore magno, lingua judaica, contra populum qui sedebat in muris Jerusalem, personabat, ut terreret eos, et caperet civitatem.
#Text=19 Locutusque est contra Deum Jerusalem, sicut adversum deos populorum terræ, opera manuum hominum.
#Text=20 Oraverunt igitur Ezechias rex, et Isaias filius Amos prophetes, adversum hanc blasphemiam, ac vociferati sunt usque in cælum.
#Text=21 Et misit Dominus angelum, qui percussit omnem virum robustum, et bellatorem, et principem exercitus regis Assyriorum : reversusque est cum ignominia in terram suam.
1-1	2-4	18	
1-2	5-12	Insuper	
1-3	13-15	et	
1-4	16-23	clamore	
1-5	24-29	magno	
1-6	29-30	,	
1-7	31-37	lingua	
1-8	38-45	judaica	
1-9	45-46	,	
1-10	47-53	contra	
1-11	54-61	populum	
1-12	62-65	qui	
1-13	66-73	sedebat	
1-14	74-76	in	
1-15	77-82	muris	
1-16	83-92	Jerusalem	
1-17	92-93	,	
1-18	94-104	personabat	
1-19	104-105	,	
1-20	106-108	ut	
1-21	109-117	terreret	
1-22	118-121	eos	
1-23	121-122	,	
1-24	123-125	et	
1-25	126-133	caperet	
1-26	134-143	civitatem	
1-27	143-144	.	
1-28	145-147	19	
1-29	148-158	Locutusque	
1-30	159-162	est	
1-31	163-169	contra	
1-32	170-174	Deum	
1-33	175-184	Jerusalem	
1-34	184-185	,	
1-35	186-191	sicut	
1-36	192-200	adversum	
1-37	201-205	deos	
1-38	206-215	populorum	
1-39	216-221	terræ	
1-40	221-222	,	
1-41	223-228	opera	
1-42	229-235	manuum	
1-43	236-243	hominum	
1-44	243-244	.	
1-45	245-247	20	
1-46	248-257	Oraverunt	
1-47	258-264	igitur	
1-48	265-273	Ezechias	
1-49	274-277	rex	
1-50	277-278	,	
1-51	279-281	et	
1-52	282-288	Isaias	
1-53	289-295	filius	
1-54	296-300	Amos	
1-55	301-310	prophetes	
1-56	310-311	,	
1-57	312-320	adversum	
1-58	321-325	hanc	
1-59	326-337	blasphemiam	
1-60	337-338	,	
1-61	339-341	ac	
1-62	342-352	vociferati	
1-63	353-357	sunt	
1-64	358-363	usque	
1-65	364-366	in	
1-66	367-372	cælum	
1-67	372-373	.	
1-68	374-376	21	
1-69	377-379	Et	
1-70	380-385	misit	
1-71	386-393	Dominus	
1-72	394-401	angelum	
1-73	401-402	,	
1-74	403-406	qui	
1-75	407-416	percussit	
1-76	417-422	omnem	
1-77	423-428	virum	
1-78	429-437	robustum	
1-79	437-438	,	
1-80	439-441	et	
1-81	442-452	bellatorem	
1-82	452-453	,	
1-83	454-456	et	
1-84	457-466	principem	
1-85	467-476	exercitus	
1-86	477-482	regis	
1-87	483-493	Assyriorum	
1-88	494-495	:	
1-89	496-507	reversusque	
1-90	508-511	est	
1-91	512-515	cum	
1-92	516-525	ignominia	
1-93	526-528	in	
1-94	529-535	terram	
1-95	536-540	suam	
1-96	540-541	.	

#Text=Cumque ingressus esset domum dei sui, filii qui egressi fuerant de utero ejus interfecerunt eum gladio.
#Text=22 Salvavitque Dominus Ezechiam et habitatores Jerusalem de manu Sennacherib regis Assyriorum, et de manu omnium, et præstitit eis quietem per circuitum.
#Text=23 Multi etiam deferebant hostias et sacrificia Domino in Jerusalem, et munera Ezechiæ regi Juda : qui exaltatus est post hæc coram cunctis gentibus.
#Text=24 In diebus illis ægrotavit Ezechias usque ad mortem, et oravit Dominum : exaudivitque eum, et dedit ei signum.
#Text=25 Sed non juxta beneficia quæ acceperat, retribuit, quia elevatum est cor ejus : et facta est contra eum ira, et contra Judam et Jerusalem.
#Text=26 Humiliatusque est postea, eo quod exaltatum fuisset cor ejus, tam ipse quam habitatores Jerusalem : et idcirco non venit super eos ira Domini in diebus Ezechiæ.
#Text=27 Fuit autem Ezechias dives, et inclytus valde, et thesauros sibi plurimos congregavit argenti, et auri, et lapidis pretiosi, aromatum, et armorum universi generis, et vasorum magni pretii.
#Text=28 Apothecas quoque frumenti, vini, et olei, et præsepia omnium jumentorum, caulasque pecorum, 29 et urbes ædificavit sibi : habebat quippe greges ovium et armentorum innumerabiles, eo quod dedisset ei Dominus substantiam multam nimis.
#Text=30 Ipse est Ezechias, qui obturavit superiorem fontem aquarum Gihon, et avertit eas subter ad occidentem urbis David : in omnibus operibus suis fecit prospere quæ voluit.
#Text=31 Attamen in legatione principum Babylonis, qui missi fuerant ad eum ut interrogarent de portento quod acciderat super terram, dereliquit eum Deus ut tentaretur, et nota fierent omnia quæ erant in corde ejus.
#Text=32 Reliqua autem sermonum Ezechiæ, et misericordiarum ejus, scripta sunt in visione Isaiæ filii Amos prophetæ, et in libro regum Juda et Israël.
#Text=33 Dormivitque Ezechias cum patribus suis, et sepelierunt eum super sepulchra filiorum David : et celebravit ejus exequias universus Juda, et omnes habitatores Jerusalem : regnavitque Manasses filius ejus pro eo.
2-1	542-548	Cumque	
2-2	549-558	ingressus	
2-3	559-564	esset	
2-4	565-570	domum	
2-5	571-574	dei	
2-6	575-578	sui	
2-7	578-579	,	
2-8	580-585	filii	
2-9	586-589	qui	
2-10	590-597	egressi	
2-11	598-605	fuerant	
2-12	606-608	de	
2-13	609-614	utero	
2-14	615-619	ejus	
2-15	620-633	interfecerunt	
2-16	634-637	eum	
2-17	638-644	gladio	
2-18	644-645	.	
2-19	646-648	22	
2-20	649-660	Salvavitque	
2-21	661-668	Dominus	
2-22	669-677	Ezechiam	
2-23	678-680	et	
2-24	681-692	habitatores	
2-25	693-702	Jerusalem	
2-26	703-705	de	
2-27	706-710	manu	
2-28	711-722	Sennacherib	
2-29	723-728	regis	
2-30	729-739	Assyriorum	
2-31	739-740	,	
2-32	741-743	et	
2-33	744-746	de	
2-34	747-751	manu	
2-35	752-758	omnium	
2-36	758-759	,	
2-37	760-762	et	
2-38	763-772	præstitit	
2-39	773-776	eis	
2-40	777-784	quietem	
2-41	785-788	per	
2-42	789-798	circuitum	
2-43	798-799	.	
2-44	800-802	23	
2-45	803-808	Multi	
2-46	809-814	etiam	
2-47	815-825	deferebant	
2-48	826-833	hostias	
2-49	834-836	et	
2-50	837-847	sacrificia	
2-51	848-854	Domino	
2-52	855-857	in	
2-53	858-867	Jerusalem	
2-54	867-868	,	
2-55	869-871	et	
2-56	872-878	munera	
2-57	879-886	Ezechiæ	
2-58	887-891	regi	
2-59	892-896	Juda	
2-60	897-898	:	
2-61	899-902	qui	
2-62	903-912	exaltatus	
2-63	913-916	est	
2-64	917-921	post	
2-65	922-925	hæc	
2-66	926-931	coram	
2-67	932-939	cunctis	
2-68	940-948	gentibus	
2-69	948-949	.	
2-70	950-952	24	
2-71	953-955	In	
2-72	956-962	diebus	
2-73	963-968	illis	
2-74	969-978	ægrotavit	
2-75	979-987	Ezechias	
2-76	988-993	usque	
2-77	994-996	ad	
2-78	997-1003	mortem	
2-79	1003-1004	,	
2-80	1005-1007	et	
2-81	1008-1014	oravit	
2-82	1015-1022	Dominum	
2-83	1023-1024	:	
2-84	1025-1037	exaudivitque	
2-85	1038-1041	eum	
2-86	1041-1042	,	
2-87	1043-1045	et	
2-88	1046-1051	dedit	
2-89	1052-1054	ei	
2-90	1055-1061	signum	
2-91	1061-1062	.	
2-92	1063-1065	25	
2-93	1066-1069	Sed	
2-94	1070-1073	non	
2-95	1074-1079	juxta	
2-96	1080-1089	beneficia	
2-97	1090-1093	quæ	
2-98	1094-1103	acceperat	
2-99	1103-1104	,	
2-100	1105-1114	retribuit	
2-101	1114-1115	,	
2-102	1116-1120	quia	
2-103	1121-1129	elevatum	
2-104	1130-1133	est	
2-105	1134-1137	cor	
2-106	1138-1142	ejus	
2-107	1143-1144	:	
2-108	1145-1147	et	
2-109	1148-1153	facta	
2-110	1154-1157	est	
2-111	1158-1164	contra	
2-112	1165-1168	eum	
2-113	1169-1172	ira	
2-114	1172-1173	,	
2-115	1174-1176	et	
2-116	1177-1183	contra	
2-117	1184-1189	Judam	
2-118	1190-1192	et	
2-119	1193-1202	Jerusalem	
2-120	1202-1203	.	
2-121	1204-1206	26	
2-122	1207-1220	Humiliatusque	
2-123	1221-1224	est	
2-124	1225-1231	postea	
2-125	1231-1232	,	
2-126	1233-1235	eo	
2-127	1236-1240	quod	
2-128	1241-1250	exaltatum	
2-129	1251-1258	fuisset	
2-130	1259-1262	cor	
2-131	1263-1267	ejus	
2-132	1267-1268	,	
2-133	1269-1272	tam	
2-134	1273-1277	ipse	
2-135	1278-1282	quam	
2-136	1283-1294	habitatores	
2-137	1295-1304	Jerusalem	
2-138	1305-1306	:	
2-139	1307-1309	et	
2-140	1310-1317	idcirco	
2-141	1318-1321	non	
2-142	1322-1327	venit	
2-143	1328-1333	super	
2-144	1334-1337	eos	
2-145	1338-1341	ira	
2-146	1342-1348	Domini	
2-147	1349-1351	in	
2-148	1352-1358	diebus	
2-149	1359-1366	Ezechiæ	
2-150	1366-1367	.	
2-151	1368-1370	27	
2-152	1371-1375	Fuit	
2-153	1376-1381	autem	
2-154	1382-1390	Ezechias	
2-155	1391-1396	dives	
2-156	1396-1397	,	
2-157	1398-1400	et	
2-158	1401-1409	inclytus	
2-159	1410-1415	valde	
2-160	1415-1416	,	
2-161	1417-1419	et	
2-162	1420-1429	thesauros	
2-163	1430-1434	sibi	
2-164	1435-1443	plurimos	
2-165	1444-1455	congregavit	
2-166	1456-1463	argenti	
2-167	1463-1464	,	
2-168	1465-1467	et	
2-169	1468-1472	auri	
2-170	1472-1473	,	
2-171	1474-1476	et	
2-172	1477-1484	lapidis	
2-173	1485-1493	pretiosi	
2-174	1493-1494	,	
2-175	1495-1503	aromatum	
2-176	1503-1504	,	
2-177	1505-1507	et	
2-178	1508-1515	armorum	
2-179	1516-1524	universi	
2-180	1525-1532	generis	
2-181	1532-1533	,	
2-182	1534-1536	et	
2-183	1537-1544	vasorum	
2-184	1545-1550	magni	
2-185	1551-1557	pretii	
2-186	1557-1558	.	
2-187	1559-1561	28	
2-188	1562-1571	Apothecas	
2-189	1572-1578	quoque	
2-190	1579-1587	frumenti	
2-191	1587-1588	,	
2-192	1589-1593	vini	
2-193	1593-1594	,	
2-194	1595-1597	et	
2-195	1598-1602	olei	
2-196	1602-1603	,	
2-197	1604-1606	et	
2-198	1607-1615	præsepia	
2-199	1616-1622	omnium	
2-200	1623-1633	jumentorum	
2-201	1633-1634	,	
2-202	1635-1644	caulasque	
2-203	1645-1652	pecorum	
2-204	1652-1653	,	
2-205	1654-1656	29	
2-206	1657-1659	et	
2-207	1660-1665	urbes	
2-208	1666-1676	ædificavit	
2-209	1677-1681	sibi	
2-210	1682-1683	:	
2-211	1684-1691	habebat	
2-212	1692-1698	quippe	
2-213	1699-1705	greges	
2-214	1706-1711	ovium	
2-215	1712-1714	et	
2-216	1715-1725	armentorum	
2-217	1726-1739	innumerabiles	
2-218	1739-1740	,	
2-219	1741-1743	eo	
2-220	1744-1748	quod	
2-221	1749-1757	dedisset	
2-222	1758-1760	ei	
2-223	1761-1768	Dominus	
2-224	1769-1780	substantiam	
2-225	1781-1787	multam	
2-226	1788-1793	nimis	
2-227	1793-1794	.	
2-228	1795-1797	30	
2-229	1798-1802	Ipse	
2-230	1803-1806	est	
2-231	1807-1815	Ezechias	
2-232	1815-1816	,	
2-233	1817-1820	qui	
2-234	1821-1830	obturavit	
2-235	1831-1841	superiorem	
2-236	1842-1848	fontem	
2-237	1849-1856	aquarum	
2-238	1857-1862	Gihon	
2-239	1862-1863	,	
2-240	1864-1866	et	
2-241	1867-1874	avertit	
2-242	1875-1878	eas	
2-243	1879-1885	subter	
2-244	1886-1888	ad	
2-245	1889-1899	occidentem	
2-246	1900-1905	urbis	
2-247	1906-1911	David	
2-248	1912-1913	:	
2-249	1914-1916	in	
2-250	1917-1924	omnibus	
2-251	1925-1933	operibus	
2-252	1934-1938	suis	
2-253	1939-1944	fecit	
2-254	1945-1953	prospere	
2-255	1954-1957	quæ	
2-256	1958-1964	voluit	
2-257	1964-1965	.	
2-258	1966-1968	31	
2-259	1969-1976	Attamen	
2-260	1977-1979	in	
2-261	1980-1989	legatione	
2-262	1990-1999	principum	
2-263	2000-2009	Babylonis	
2-264	2009-2010	,	
2-265	2011-2014	qui	
2-266	2015-2020	missi	
2-267	2021-2028	fuerant	
2-268	2029-2031	ad	
2-269	2032-2035	eum	
2-270	2036-2038	ut	
2-271	2039-2052	interrogarent	
2-272	2053-2055	de	
2-273	2056-2064	portento	
2-274	2065-2069	quod	
2-275	2070-2079	acciderat	
2-276	2080-2085	super	
2-277	2086-2092	terram	
2-278	2092-2093	,	
2-279	2094-2104	dereliquit	
2-280	2105-2108	eum	
2-281	2109-2113	Deus	
2-282	2114-2116	ut	
2-283	2117-2127	tentaretur	
2-284	2127-2128	,	
2-285	2129-2131	et	
2-286	2132-2136	nota	
2-287	2137-2144	fierent	
2-288	2145-2150	omnia	
2-289	2151-2154	quæ	
2-290	2155-2160	erant	
2-291	2161-2163	in	
2-292	2164-2169	corde	
2-293	2170-2174	ejus	
2-294	2174-2175	.	
2-295	2176-2178	32	
2-296	2179-2186	Reliqua	
2-297	2187-2192	autem	
2-298	2193-2201	sermonum	
2-299	2202-2209	Ezechiæ	
2-300	2209-2210	,	
2-301	2211-2213	et	
2-302	2214-2229	misericordiarum	
2-303	2230-2234	ejus	
2-304	2234-2235	,	
2-305	2236-2243	scripta	
2-306	2244-2248	sunt	
2-307	2249-2251	in	
2-308	2252-2259	visione	
2-309	2260-2265	Isaiæ	
2-310	2266-2271	filii	
2-311	2272-2276	Amos	
2-312	2277-2285	prophetæ	
2-313	2285-2286	,	
2-314	2287-2289	et	
2-315	2290-2292	in	
2-316	2293-2298	libro	
2-317	2299-2304	regum	
2-318	2305-2309	Juda	
2-319	2310-2312	et	
2-320	2313-2319	Israël	
2-321	2319-2320	.	
2-322	2321-2323	33	
2-323	2324-2335	Dormivitque	
2-324	2336-2344	Ezechias	
2-325	2345-2348	cum	
2-326	2349-2357	patribus	
2-327	2358-2362	suis	
2-328	2362-2363	,	
2-329	2364-2366	et	
2-330	2367-2378	sepelierunt	
2-331	2379-2382	eum	
2-332	2383-2388	super	
2-333	2389-2398	sepulchra	
2-334	2399-2407	filiorum	
2-335	2408-2413	David	
2-336	2414-2415	:	
2-337	2416-2418	et	
2-338	2419-2429	celebravit	
2-339	2430-2434	ejus	
2-340	2435-2443	exequias	
2-341	2444-2453	universus	
2-342	2454-2458	Juda	
2-343	2458-2459	,	
2-344	2460-2462	et	
2-345	2463-2468	omnes	
2-346	2469-2480	habitatores	
2-347	2481-2490	Jerusalem	
2-348	2491-2492	:	
2-349	2493-2504	regnavitque	
2-350	2505-2513	Manasses	
2-351	2514-2520	filius	
2-352	2521-2525	ejus	
2-353	2526-2529	pro	
2-354	2530-2532	eo	
2-355	2532-2533	.	

#Text=Caput 33
#Text=
#Text=
#Text=1 Duodecim annorum erat Manasses cum regnare cœpisset, et quinquaginta quinque annis regnavit in Jerusalem.
#Text=2 Fecit autem malum coram Domino, juxta abominationes gentium quas subvertit Dominus coram filiis Israël : 3 et conversus instauravit excelsa quæ demolitus fuerat Ezechias pater ejus : construxitque aras Baalim, et fecit lucos, et adoravit omnem militiam cæli, et coluit eam.
#Text=4 Ædificavit quoque altaria in domo Domini, de qua dixerat Dominus : In Jerusalem erit nomen meum in æternum.
#Text=5 Ædificavit autem ea cuncto exercitui cæli in duobus atriis domus Domini.
3-1	2534-2539	Caput	
3-2	2540-2542	33	
3-3	2545-2546	1	
3-4	2547-2555	Duodecim	
3-5	2556-2563	annorum	
3-6	2564-2568	erat	
3-7	2569-2577	Manasses	
3-8	2578-2581	cum	
3-9	2582-2589	regnare	
3-10	2590-2598	cœpisset	
3-11	2598-2599	,	
3-12	2600-2602	et	
3-13	2603-2615	quinquaginta	
3-14	2616-2623	quinque	
3-15	2624-2629	annis	
3-16	2630-2638	regnavit	
3-17	2639-2641	in	
3-18	2642-2651	Jerusalem	
3-19	2651-2652	.	
3-20	2653-2654	2	
3-21	2655-2660	Fecit	
3-22	2661-2666	autem	
3-23	2667-2672	malum	
3-24	2673-2678	coram	
3-25	2679-2685	Domino	
3-26	2685-2686	,	
3-27	2687-2692	juxta	
3-28	2693-2706	abominationes	
3-29	2707-2714	gentium	
3-30	2715-2719	quas	
3-31	2720-2729	subvertit	
3-32	2730-2737	Dominus	
3-33	2738-2743	coram	
3-34	2744-2750	filiis	
3-35	2751-2757	Israël	
3-36	2758-2759	:	
3-37	2760-2761	3	
3-38	2762-2764	et	
3-39	2765-2774	conversus	
3-40	2775-2786	instauravit	
3-41	2787-2794	excelsa	
3-42	2795-2798	quæ	
3-43	2799-2808	demolitus	
3-44	2809-2815	fuerat	
3-45	2816-2824	Ezechias	
3-46	2825-2830	pater	
3-47	2831-2835	ejus	
3-48	2836-2837	:	
3-49	2838-2851	construxitque	
3-50	2852-2856	aras	
3-51	2857-2863	Baalim	
3-52	2863-2864	,	
3-53	2865-2867	et	
3-54	2868-2873	fecit	
3-55	2874-2879	lucos	
3-56	2879-2880	,	
3-57	2881-2883	et	
3-58	2884-2892	adoravit	
3-59	2893-2898	omnem	
3-60	2899-2907	militiam	
3-61	2908-2912	cæli	
3-62	2912-2913	,	
3-63	2914-2916	et	
3-64	2917-2923	coluit	
3-65	2924-2927	eam	
3-66	2927-2928	.	
3-67	2929-2930	4	
3-68	2931-2941	Ædificavit	
3-69	2942-2948	quoque	
3-70	2949-2956	altaria	
3-71	2957-2959	in	
3-72	2960-2964	domo	
3-73	2965-2971	Domini	
3-74	2971-2972	,	
3-75	2973-2975	de	
3-76	2976-2979	qua	
3-77	2980-2987	dixerat	
3-78	2988-2995	Dominus	
3-79	2996-2997	:	
3-80	2998-3000	In	
3-81	3001-3010	Jerusalem	
3-82	3011-3015	erit	
3-83	3016-3021	nomen	
3-84	3022-3026	meum	
3-85	3027-3029	in	
3-86	3030-3037	æternum	
3-87	3037-3038	.	
3-88	3039-3040	5	
3-89	3041-3051	Ædificavit	
3-90	3052-3057	autem	
3-91	3058-3060	ea	
3-92	3061-3067	cuncto	
3-93	3068-3077	exercitui	
3-94	3078-3082	cæli	
3-95	3083-3085	in	
3-96	3086-3092	duobus	
3-97	3093-3099	atriis	
3-98	3100-3105	domus	
3-99	3106-3112	Domini	
3-100	3112-3113	.	
