#FORMAT=WebAnno TSV 3.3


#Text=Eft 0
#Text=
#Text=
#Text=
#Text=Salia vero effentialia iterum diuerfa funt in his odoribus quod discrimen quidem nunc in fingulis regnis oftendendum eft.
#Text=dor ambrosiacus in regno animali fcilicet in moscho et zibetho : haec fingulare fal habent scilicet magis nitrosum et sulphureum
#Text=
#Text=
#Text=
#Text=cum
#Text=
#Text=
#Text=
#Text=
#Text=
#Text=cum terra antacida.
1-1	2-5	Eft	
1-2	6-7	0	
1-3	11-16	Salia	
1-4	17-21	vero	
1-5	22-33	effentialia	
1-6	34-40	iterum	
1-7	41-48	diuerfa	
1-8	49-53	funt	
1-9	54-56	in	
1-10	57-60	his	
1-11	61-69	odoribus	
1-12	70-74	quod	
1-13	75-84	discrimen	
1-14	85-91	quidem	
1-15	92-96	nunc	
1-16	97-99	in	
1-17	100-108	fingulis	
1-18	109-115	regnis	
1-19	116-127	oftendendum	
1-20	128-131	eft	
1-21	131-132	.	
1-22	133-136	dor	
1-23	137-148	ambrosiacus	
1-24	149-151	in	
1-25	152-157	regno	
1-26	158-165	animali	
1-27	166-174	fcilicet	
1-28	175-177	in	
1-29	178-184	moscho	
1-30	185-187	et	
1-31	188-195	zibetho	
1-32	196-197	:	
1-33	198-202	haec	
1-34	203-212	fingulare	
1-35	213-216	fal	
1-36	217-223	habent	
1-37	224-232	scilicet	
1-38	233-238	magis	
1-39	239-247	nitrosum	
1-40	248-250	et	
1-41	251-261	sulphureum	
1-42	265-268	cum	
1-43	274-277	cum	
1-44	278-283	terra	
1-45	284-292	antacida	
1-46	292-293	.	

#Text=Hoc nonfolum ostendit tota humorum animaa lium natura , quae fere nitroso- fulphureo ammoniacalis eft, fed e. tiam alia phoenomena ostendunt; et vt recte haec intelligantur, pluribus de hoc odore loquar.
2-1	294-297	Hoc	
2-2	298-306	nonfolum	
2-3	307-315	ostendit	
2-4	316-320	tota	
2-5	321-328	humorum	
2-6	329-335	animaa	
2-7	336-340	lium	
2-8	341-347	natura	
2-9	348-349	,	
2-10	350-354	quae	
2-11	355-359	fere	
2-12	360-367	nitroso	
2-13	367-368	-	
2-14	369-378	fulphureo	
2-15	379-391	ammoniacalis	
2-16	392-395	eft	
2-17	395-396	,	
2-18	397-400	fed	
2-19	401-402	e	
2-20	402-403	.	
2-21	404-408	tiam	
2-22	409-413	alia	
2-23	414-424	phoenomena	
2-24	425-434	ostendunt	
2-25	434-435	;	
2-26	436-438	et	
2-27	439-441	vt	
2-28	442-447	recte	
2-29	448-452	haec	
2-30	453-466	intelligantur	
2-31	466-467	,	
2-32	468-476	pluribus	
2-33	477-479	de	
2-34	480-483	hoc	
2-35	484-489	odore	
2-36	490-496	loquar	
2-37	496-497	.	

#Text=Id E. nullus negabit, quod mo.
#Text=schi, zibethi et castorei odor : ex fale per inflammabiles.
#Text=partes blandas volatilifato oriatur.
3-1	498-500	Id	
3-2	501-502	E	
3-3	502-503	.	
3-4	504-510	nullus	
3-5	511-518	negabit	
3-6	518-519	,	
3-7	520-524	quod	
3-8	525-527	mo	
3-9	527-528	.	
3-10	529-533	schi	
3-11	533-534	,	
3-12	535-542	zibethi	
3-13	543-545	et	
3-14	546-554	castorei	
3-15	555-559	odor	
3-16	560-561	:	
3-17	562-564	ex	
3-18	565-569	fale	
3-19	570-573	per	
3-20	574-587	inflammabiles	
3-21	587-588	.	
3-22	589-595	partes	
3-23	596-603	blandas	
3-24	604-616	volatilifato	
3-25	617-624	oriatur	
3-26	624-625	.	

#Text=Nam confirmatur id, quod odoriferum horum animalium in pingui masla delitescat, et quod omnia animalia acidum animale contineant.
4-1	626-629	Nam	
4-2	630-641	confirmatur	
4-3	642-644	id	
4-4	644-645	,	
4-5	646-650	quod	
4-6	651-661	odoriferum	
4-7	662-667	horum	
4-8	668-677	animalium	
4-9	678-680	in	
4-10	681-687	pingui	
4-11	688-693	masla	
4-12	694-704	delitescat	
4-13	704-705	,	
4-14	706-708	et	
4-15	709-713	quod	
4-16	714-719	omnia	
4-17	720-728	animalia	
4-18	729-735	acidum	
4-19	736-743	animale	
4-20	744-754	contineant	
4-21	754-755	.	

#Text=Cum vero 1) ex terra olei volatili reddita acidum nitrofum oriatur, cum 2) omnium animalium acidum nitrosum fit, cum 3) ex oleo succini et spiritu nitri concentrato moschi odor oriatur: cnm 4) bilis femiputrida eundem odorem spiret, cum porro axillae hominum calore aestiuo interdum mofchum fpirent, cumque homines ipfi interdum hunc odorem fpirent, quas obferuationes CRANTZIVS in Mat.
#Text=ined.
#Text=affert fub moscho: cum 5) fimus per agros sparsus in primis per primum hye.
#Text=male tempus mofchum redoleat, vti BOYLE Orig form.
5-1	756-759	Cum	
5-2	760-764	vero	
5-3	765-766	1	
5-4	766-767	)	
5-5	768-770	ex	
5-6	771-776	terra	
5-7	777-781	olei	
5-8	782-790	volatili	
5-9	791-798	reddita	
5-10	799-805	acidum	
5-11	806-814	nitrofum	
5-12	815-822	oriatur	
5-13	822-823	,	
5-14	824-827	cum	
5-15	828-829	2	
5-16	829-830	)	
5-17	831-837	omnium	
5-18	838-847	animalium	
5-19	848-854	acidum	
5-20	855-863	nitrosum	
5-21	864-867	fit	
5-22	867-868	,	
5-23	869-872	cum	
5-24	873-874	3	
5-25	874-875	)	
5-26	876-878	ex	
5-27	879-883	oleo	
5-28	884-891	succini	
5-29	892-894	et	
5-30	895-902	spiritu	
5-31	903-908	nitri	
5-32	909-920	concentrato	
5-33	921-927	moschi	
5-34	928-932	odor	
5-35	933-940	oriatur	
5-36	940-941	:	
5-37	942-945	cnm	
5-38	946-947	4	
5-39	947-948	)	
5-40	949-954	bilis	
5-41	955-966	femiputrida	
5-42	967-973	eundem	
5-43	974-980	odorem	
5-44	981-987	spiret	
5-45	987-988	,	
5-46	989-992	cum	
5-47	993-998	porro	
5-48	999-1006	axillae	
5-49	1007-1014	hominum	
5-50	1015-1021	calore	
5-51	1022-1029	aestiuo	
5-52	1030-1038	interdum	
5-53	1039-1046	mofchum	
5-54	1047-1054	fpirent	
5-55	1054-1055	,	
5-56	1056-1062	cumque	
5-57	1063-1070	homines	
5-58	1071-1075	ipfi	
5-59	1076-1084	interdum	
5-60	1085-1089	hunc	
5-61	1090-1096	odorem	
5-62	1097-1104	fpirent	
5-63	1104-1105	,	
5-64	1106-1110	quas	
5-65	1111-1124	obferuationes	
5-66	1125-1134	CRANTZIVS	
5-67	1135-1137	in	
5-68	1138-1141	Mat	
5-69	1141-1142	.	
5-70	1143-1147	ined	
5-71	1147-1148	.	
5-72	1149-1155	affert	
5-73	1156-1159	fub	
5-74	1160-1166	moscho	
5-75	1166-1167	:	
5-76	1168-1171	cum	
5-77	1172-1173	5	
5-78	1173-1174	)	
5-79	1175-1180	fimus	
5-80	1181-1184	per	
5-81	1185-1190	agros	
5-82	1191-1198	sparsus	
5-83	1199-1201	in	
5-84	1202-1208	primis	
5-85	1209-1212	per	
5-86	1213-1219	primum	
5-87	1220-1223	hye	
5-88	1223-1224	.	
5-89	1225-1229	male	
5-90	1230-1236	tempus	
5-91	1237-1244	mofchum	
5-92	1245-1253	redoleat	
5-93	1253-1254	,	
5-94	1255-1258	vti	
5-95	1259-1264	BOYLE	
5-96	1265-1269	Orig	
5-97	1270-1274	form	
5-98	1274-1275	.	

#Text=P. 144. affert, cum 6) vrina vaccae exhalatione aquae infpiffata eiusdem odo: ris fit.
#Text=vid.
6-1	1276-1277	P	
6-2	1277-1278	.	
6-3	1279-1282	144	
6-4	1282-1283	.	
6-5	1284-1290	affert	
6-6	1290-1291	,	
6-7	1292-1295	cum	
6-8	1296-1297	6	
6-9	1297-1298	)	
6-10	1299-1304	vrina	
6-11	1305-1311	vaccae	
6-12	1312-1323	exhalatione	
6-13	1324-1329	aquae	
6-14	1330-1340	infpiffata	
6-15	1341-1348	eiusdem	
6-16	1349-1352	odo	
6-17	1352-1353	:	
6-18	1354-1357	ris	
6-19	1358-1361	fit	
6-20	1361-1362	.	
6-21	1363-1366	vid	
6-22	1366-1367	.	

#Text=RVTTY Synops.
#Text=of.
#Text=mineral wat.
7-1	1368-1373	RVTTY	
7-2	1374-1380	Synops	
7-3	1380-1381	.	
7-4	1382-1384	of	
7-5	1384-1385	.	
7-6	1386-1393	mineral	
7-7	1394-1397	wat	
7-8	1397-1398	.	

#Text=Tom.
8-1	1399-1402	Tom	
8-2	1402-1403	.	

#Text=I. p. 457. cum 7) vulua bubalina ficca vti BARTHOLINVS vtil.
#Text=peregrin.
#Text=p. 10. obferuat.
#Text=cumque 8) fanguis bubulus et sudor fani hominis mofchum fpirent, verifimillimum est mofchi odorem ex terra olei volatili red dita per acidum vniuerfale vel ex acido- nitroso-ammoniacali sulphù.
#Text=reo cum inflammab.
9-1	1404-1405	I	
9-2	1405-1406	.	
9-3	1407-1408	p	
9-4	1408-1409	.	
9-5	1410-1413	457	
9-6	1413-1414	.	
9-7	1415-1418	cum	
9-8	1419-1420	7	
9-9	1420-1421	)	
9-10	1422-1427	vulua	
9-11	1428-1436	bubalina	
9-12	1437-1442	ficca	
9-13	1443-1446	vti	
9-14	1447-1458	BARTHOLINVS	
9-15	1459-1463	vtil	
9-16	1463-1464	.	
9-17	1465-1473	peregrin	
9-18	1473-1474	.	
9-19	1475-1476	p	
9-20	1476-1477	.	
9-21	1478-1480	10	
9-22	1480-1481	.	
9-23	1482-1490	obferuat	
9-24	1490-1491	.	
9-25	1492-1498	cumque	
9-26	1499-1500	8	
9-27	1500-1501	)	
9-28	1502-1509	fanguis	
9-29	1510-1517	bubulus	
9-30	1518-1520	et	
9-31	1521-1526	sudor	
9-32	1527-1531	fani	
9-33	1532-1539	hominis	
9-34	1540-1547	mofchum	
9-35	1548-1555	fpirent	
9-36	1555-1556	,	
9-37	1557-1571	verifimillimum	
9-38	1572-1575	est	
9-39	1576-1582	mofchi	
9-40	1583-1589	odorem	
9-41	1590-1592	ex	
9-42	1593-1598	terra	
9-43	1599-1603	olei	
9-44	1604-1612	volatili	
9-45	1613-1616	red	
9-46	1617-1621	dita	
9-47	1622-1625	per	
9-48	1626-1632	acidum	
9-49	1633-1643	vniuerfale	
9-50	1644-1647	vel	
9-51	1648-1650	ex	
9-52	1651-1656	acido	
9-53	1656-1657	-	
9-54	1658-1677	nitroso-ammoniacali	
9-55	1678-1684	sulphù	
9-56	1684-1685	.	
9-57	1686-1689	reo	
9-58	1690-1693	cum	
9-59	1694-1703	inflammab	
9-60	1703-1704	.	
