#FORMAT=WebAnno TSV 3.3


#Text=The regiment ' s colours were now carried on board on the 23d in great state, which put a final close to the expedition, but without receiving any honours from Fort Zealandia, not a single gun being fired, nor even the flag hoisted on the occasion, to the great mortification of Colonel Fourgeoud, though in effect it was chiefly owing to his own neglect, as he had never given the Governor official notice of his intended departure.
1-1	0-3	The	
1-2	4-12	regiment	
1-3	13-14	'	
1-4	15-16	s	
1-5	17-24	colours	
1-6	25-29	were	
1-7	30-33	now	
1-8	34-41	carried	
1-9	42-44	on	
1-10	45-50	board	
1-11	51-53	on	
1-12	54-57	the	
1-13	58-61	23d	
1-14	62-64	in	
1-15	65-70	great	
1-16	71-76	state	
1-17	76-77	,	
1-18	78-83	which	
1-19	84-87	put	
1-20	88-89	a	
1-21	90-95	final	
1-22	96-101	close	
1-23	102-104	to	
1-24	105-108	the	
1-25	109-119	expedition	
1-26	119-120	,	
1-27	121-124	but	
1-28	125-132	without	
1-29	133-142	receiving	
1-30	143-146	any	
1-31	147-154	honours	
1-32	155-159	from	
1-33	160-164	Fort	
1-34	165-174	Zealandia	
1-35	174-175	,	
1-36	176-179	not	
1-37	180-181	a	
1-38	182-188	single	
1-39	189-192	gun	
1-40	193-198	being	
1-41	199-204	fired	
1-42	204-205	,	
1-43	206-209	nor	
1-44	210-214	even	
1-45	215-218	the	
1-46	219-223	flag	
1-47	224-231	hoisted	
1-48	232-234	on	
1-49	235-238	the	
1-50	239-247	occasion	
1-51	247-248	,	
1-52	249-251	to	
1-53	252-255	the	
1-54	256-261	great	
1-55	262-275	mortification	
1-56	276-278	of	
1-57	279-286	Colonel	
1-58	287-296	Fourgeoud	
1-59	296-297	,	
1-60	298-304	though	
1-61	305-307	in	
1-62	308-314	effect	
1-63	315-317	it	
1-64	318-321	was	
1-65	322-329	chiefly	
1-66	330-335	owing	
1-67	336-338	to	
1-68	339-342	his	
1-69	343-346	own	
1-70	347-354	neglect	
1-71	354-355	,	
1-72	356-358	as	
1-73	359-361	he	
1-74	362-365	had	
1-75	366-371	never	
1-76	372-377	given	
1-77	378-381	the	
1-78	382-390	Governor	
1-79	391-399	official	
1-80	400-406	notice	
1-81	407-409	of	
1-82	410-413	his	
1-83	414-422	intended	
1-84	423-432	departure	
1-85	432-433	.	

#Text=The baggage was also sent on board the ships; and a gentleman of the name of Van Heyst entertained the marines at his private expence with three hundred bottles of wine, fruit, &c.
2-1	434-437	The	
2-2	438-445	baggage	
2-3	446-449	was	
2-4	450-454	also	
2-5	455-459	sent	
2-6	460-462	on	
2-7	463-468	board	
2-8	469-472	the	
2-9	473-478	ships	
2-10	478-479	;	
2-11	480-483	and	
2-12	484-485	a	
2-13	486-495	gentleman	
2-14	496-498	of	
2-15	499-502	the	
2-16	503-507	name	
2-17	508-510	of	
2-18	511-514	Van	
2-19	515-520	Heyst	
2-20	521-532	entertained	
2-21	533-536	the	
2-22	537-544	marines	
2-23	545-547	at	
2-24	548-551	his	
2-25	552-559	private	
2-26	560-567	expence	
2-27	568-572	with	
2-28	573-578	three	
2-29	579-586	hundred	
2-30	587-594	bottles	
2-31	595-597	of	
2-32	598-602	wine	
2-33	602-603	,	
2-34	604-609	fruit	
2-35	609-610	,	
2-36	611-612	&	
2-37	612-613	c	
2-38	613-614	.	

#Text=I have often remarked the hospitality and generosity of these people, which I now also once more experienced, receiving various presents of fruits and preserves from my numerous friends, to refresh me at sea while on the voyage; amongst the preserves were the female pappayas, the male bearing no fruit.
3-1	616-617	I	
3-2	618-622	have	
3-3	623-628	often	
3-4	629-637	remarked	
3-5	638-641	the	
3-6	642-653	hospitality	
3-7	654-657	and	
3-8	658-668	generosity	
3-9	669-671	of	
3-10	672-677	these	
3-11	678-684	people	
3-12	684-685	,	
3-13	686-691	which	
3-14	692-693	I	
3-15	694-697	now	
3-16	698-702	also	
3-17	703-707	once	
3-18	708-712	more	
3-19	713-724	experienced	
3-20	724-725	,	
3-21	726-735	receiving	
3-22	736-743	various	
3-23	744-752	presents	
3-24	753-755	of	
3-25	756-762	fruits	
3-26	763-766	and	
3-27	767-776	preserves	
3-28	777-781	from	
3-29	782-784	my	
3-30	785-793	numerous	
3-31	794-801	friends	
3-32	801-802	,	
3-33	803-805	to	
3-34	806-813	refresh	
3-35	814-816	me	
3-36	817-819	at	
3-37	820-823	sea	
3-38	824-829	while	
3-39	830-832	on	
3-40	833-836	the	
3-41	837-843	voyage	
3-42	843-844	;	
3-43	845-852	amongst	
3-44	853-856	the	
3-45	857-866	preserves	
3-46	867-871	were	
3-47	872-875	the	
3-48	876-882	female	
3-49	883-891	pappayas	
3-50	891-892	,	
3-51	893-896	the	
3-52	897-901	male	
3-53	902-909	bearing	
3-54	910-912	no	
3-55	913-918	fruit	
3-56	918-919	.	

#Text=This grows on a grey trunk, near twenty feet high, straight, and pithy within, the top being covered with a crown, and only fourteen or sixteen diverging leaves, extremely large and digitated.
4-1	920-924	This	
4-2	925-930	grows	
4-3	931-933	on	
4-4	934-935	a	
4-5	936-940	grey	
4-6	941-946	trunk	
4-7	946-947	,	
4-8	948-952	near	
4-9	953-959	twenty	
4-10	960-964	feet	
4-11	965-969	high	
4-12	969-970	,	
4-13	971-979	straight	
4-14	979-980	,	
4-15	981-984	and	
4-16	985-990	pithy	
4-17	991-997	within	
4-18	997-998	,	
4-19	999-1002	the	
4-20	1003-1006	top	
4-21	1007-1012	being	
4-22	1013-1020	covered	
4-23	1021-1025	with	
4-24	1026-1027	a	
4-25	1028-1033	crown	
4-26	1033-1034	,	
4-27	1035-1038	and	
4-28	1039-1043	only	
4-29	1044-1052	fourteen	
4-30	1053-1055	or	
4-31	1056-1063	sixteen	
4-32	1064-1073	diverging	
4-33	1074-1080	leaves	
4-34	1080-1081	,	
4-35	1082-1091	extremely	
4-36	1092-1097	large	
4-37	1098-1101	and	
4-38	1102-1111	digitated	
4-39	1111-1112	.	

#Text=The fruit grows close to the trunk; the flower or blossom has
#Text=
#Text=a most delicious fragrance.
5-1	1113-1116	The	
5-2	1117-1122	fruit	
5-3	1123-1128	grows	
5-4	1129-1134	close	
5-5	1135-1137	to	
5-6	1138-1141	the	
5-7	1142-1147	trunk	
5-8	1147-1148	;	
5-9	1149-1152	the	
5-10	1153-1159	flower	
5-11	1160-1162	or	
5-12	1163-1170	blossom	
5-13	1171-1174	has	
5-14	1176-1177	a	
5-15	1178-1182	most	
5-16	1183-1192	delicious	
5-17	1193-1202	fragrance	
5-18	1202-1203	.	

#Text=When ripe, it is the size and shape of a water-melon, and turns from green to yellow, but its pulp is more firm and solid: the inner pulp is soft and slimy, filled with innumerable seeds.
6-1	1204-1208	When	
6-2	1209-1213	ripe	
6-3	1213-1214	,	
6-4	1215-1217	it	
6-5	1218-1220	is	
6-6	1221-1224	the	
6-7	1225-1229	size	
6-8	1230-1233	and	
6-9	1234-1239	shape	
6-10	1240-1242	of	
6-11	1243-1244	a	
6-12	1245-1256	water-melon	
6-13	1256-1257	,	
6-14	1258-1261	and	
6-15	1262-1267	turns	
6-16	1268-1272	from	
6-17	1273-1278	green	
6-18	1279-1281	to	
6-19	1282-1288	yellow	
6-20	1288-1289	,	
6-21	1290-1293	but	
6-22	1294-1297	its	
6-23	1298-1302	pulp	
6-24	1303-1305	is	
6-25	1306-1310	more	
6-26	1311-1315	firm	
6-27	1316-1319	and	
6-28	1320-1325	solid	
6-29	1325-1326	:	
6-30	1327-1330	the	
6-31	1331-1336	inner	
6-32	1337-1341	pulp	
6-33	1342-1344	is	
6-34	1345-1349	soft	
6-35	1350-1353	and	
6-36	1354-1359	slimy	
6-37	1359-1360	,	
6-38	1361-1367	filled	
6-39	1368-1372	with	
6-40	1373-1384	innumerable	
6-41	1385-1390	seeds	
6-42	1390-1391	.	

#Text=This fruit at full maturity is cut in pieces and boiled, when it eats like English turnips; but they use it principally for confectionary and sweetmeats, when young, and with its blossoms being both extremely delicate and wholesome.
7-1	1392-1396	This	
7-2	1397-1402	fruit	
7-3	1403-1405	at	
7-4	1406-1410	full	
7-5	1411-1419	maturity	
7-6	1420-1422	is	
7-7	1423-1426	cut	
7-8	1427-1429	in	
7-9	1430-1436	pieces	
7-10	1437-1440	and	
7-11	1441-1447	boiled	
7-12	1447-1448	,	
7-13	1449-1453	when	
7-14	1454-1456	it	
7-15	1457-1461	eats	
7-16	1462-1466	like	
7-17	1467-1474	English	
7-18	1475-1482	turnips	
7-19	1482-1483	;	
7-20	1484-1487	but	
7-21	1488-1492	they	
7-22	1493-1496	use	
7-23	1497-1499	it	
7-24	1500-1511	principally	
7-25	1512-1515	for	
7-26	1516-1529	confectionary	
7-27	1530-1533	and	
7-28	1534-1544	sweetmeats	
7-29	1544-1545	,	
7-30	1546-1550	when	
7-31	1551-1556	young	
7-32	1556-1557	,	
7-33	1558-1561	and	
7-34	1562-1566	with	
7-35	1567-1570	its	
7-36	1571-1579	blossoms	
7-37	1580-1585	being	
7-38	1586-1590	both	
7-39	1591-1600	extremely	
7-40	1601-1609	delicate	
7-41	1610-1613	and	
7-42	1614-1623	wholesome	
7-43	1623-1624	.	

#Text=I had also sent me some fine preserved ginger; this is the root of a kind of reedy stalk, that never exceeds two feet in height, with long, narrow pointed leaves.
8-1	1625-1626	I	
8-2	1627-1630	had	
8-3	1631-1635	also	
8-4	1636-1640	sent	
8-5	1641-1643	me	
8-6	1644-1648	some	
8-7	1649-1653	fine	
8-8	1654-1663	preserved	
8-9	1664-1670	ginger	
8-10	1670-1671	;	
8-11	1672-1676	this	
8-12	1677-1679	is	
8-13	1680-1683	the	
8-14	1684-1688	root	
8-15	1689-1691	of	
8-16	1692-1693	a	
8-17	1694-1698	kind	
8-18	1699-1701	of	
8-19	1702-1707	reedy	
8-20	1708-1713	stalk	
8-21	1713-1714	,	
8-22	1715-1719	that	
8-23	1720-1725	never	
8-24	1726-1733	exceeds	
8-25	1734-1737	two	
8-26	1738-1742	feet	
8-27	1743-1745	in	
8-28	1746-1752	height	
8-29	1752-1753	,	
8-30	1754-1758	with	
8-31	1759-1763	long	
8-32	1763-1764	,	
8-33	1765-1771	narrow	
8-34	1772-1779	pointed	
8-35	1780-1786	leaves	
8-36	1786-1787	.	

#Text=These roots are tuberous, flattish, small, and clustered in many different shapes, not unlike pig-potatoes, and of nearly the same colour in the inside, but fibrous, acid, hot, and aromatic; the  smell  is highly fragrant: it is well known to be not only an agreeable preserve, but in many cases an excellent medicine.
9-1	1788-1793	These	
9-2	1794-1799	roots	
9-3	1800-1803	are	
9-4	1804-1812	tuberous	
9-5	1812-1813	,	
9-6	1814-1822	flattish	
9-7	1822-1823	,	
9-8	1824-1829	small	
9-9	1829-1830	,	
9-10	1831-1834	and	
9-11	1835-1844	clustered	
9-12	1845-1847	in	
9-13	1848-1852	many	
9-14	1853-1862	different	
9-15	1863-1869	shapes	
9-16	1869-1870	,	
9-17	1871-1874	not	
9-18	1875-1881	unlike	
9-19	1882-1894	pig-potatoes	
9-20	1894-1895	,	
9-21	1896-1899	and	
9-22	1900-1902	of	
9-23	1903-1909	nearly	
9-24	1910-1913	the	
9-25	1914-1918	same	
9-26	1919-1925	colour	
9-27	1926-1928	in	
9-28	1929-1932	the	
9-29	1933-1939	inside	
9-30	1939-1940	,	
9-31	1941-1944	but	
9-32	1945-1952	fibrous	
9-33	1952-1953	,	
9-34	1954-1958	acid	
9-35	1958-1959	,	
9-36	1960-1963	hot	
9-37	1963-1964	,	
9-38	1965-1968	and	
9-39	1969-1977	aromatic	
9-40	1977-1978	;	
9-41	1979-1982	the	
9-42	1984-1989	smell	
9-43	1991-1993	is	
9-44	1994-2000	highly	
9-45	2001-2009	fragrant	
9-46	2009-2010	:	
9-47	2011-2013	it	
9-48	2014-2016	is	
9-49	2017-2021	well	
9-50	2022-2027	known	
9-51	2028-2030	to	
9-52	2031-2033	be	
9-53	2034-2037	not	
9-54	2038-2042	only	
9-55	2043-2045	an	
9-56	2046-2055	agreeable	
9-57	2056-2064	preserve	
9-58	2064-2065	,	
9-59	2066-2069	but	
9-60	2070-2072	in	
9-61	2073-2077	many	
9-62	2078-2083	cases	
9-63	2084-2086	an	
9-64	2087-2096	excellent	
9-65	2097-2105	medicine	
9-66	2105-2106	.	

#Text=But to proceed.
10-1	2107-2110	But	
10-2	2111-2113	to	
10-3	2114-2121	proceed	
10-4	2121-2122	.	

#Text=On the 24th of July, the sails being bent to the yards, we at last proceeded in corps to take leave of his Excellency the Governor of the colony, who, while he still received us with the greatest politeness, yet gave our hero to understand, that were his colours now to be sent on board, they should most certainly be saluted with those honours which indisputably were their due.
11-1	2124-2126	On	
11-2	2127-2130	the	
11-3	2131-2135	24th	
11-4	2136-2138	of	
11-5	2139-2143	July	
11-6	2143-2144	,	
11-7	2145-2148	the	
11-8	2149-2154	sails	
11-9	2155-2160	being	
11-10	2161-2165	bent	
11-11	2166-2168	to	
11-12	2169-2172	the	
11-13	2173-2178	yards	
11-14	2178-2179	,	
11-15	2180-2182	we	
11-16	2183-2185	at	
11-17	2186-2190	last	
11-18	2191-2200	proceeded	
11-19	2201-2203	in	
11-20	2204-2209	corps	
11-21	2210-2212	to	
11-22	2213-2217	take	
11-23	2218-2223	leave	
11-24	2224-2226	of	
11-25	2227-2230	his	
11-26	2231-2241	Excellency	
11-27	2242-2245	the	
11-28	2246-2254	Governor	
11-29	2255-2257	of	
11-30	2258-2261	the	
11-31	2262-2268	colony	
11-32	2268-2269	,	
11-33	2270-2273	who	
11-34	2273-2274	,	
11-35	2275-2280	while	
11-36	2281-2283	he	
11-37	2284-2289	still	
11-38	2290-2298	received	
11-39	2299-2301	us	
11-40	2302-2306	with	
11-41	2307-2310	the	
11-42	2311-2319	greatest	
11-43	2320-2330	politeness	
11-44	2330-2331	,	
11-45	2332-2335	yet	
11-46	2336-2340	gave	
11-47	2341-2344	our	
11-48	2345-2349	hero	
11-49	2350-2352	to	
11-50	2353-2363	understand	
11-51	2363-2364	,	
11-52	2365-2369	that	
11-53	2370-2374	were	
11-54	2375-2378	his	
11-55	2379-2386	colours	
11-56	2387-2390	now	
11-57	2391-2393	to	
11-58	2394-2396	be	
11-59	2397-2401	sent	
11-60	2402-2404	on	
11-61	2405-2410	board	
11-62	2410-2411	,	
11-63	2412-2416	they	
11-64	2417-2423	should	
11-65	2424-2428	most	
11-66	2429-2438	certainly	
11-67	2439-2441	be	
11-68	2442-2449	saluted	
11-69	2450-2454	with	
11-70	2455-2460	those	
11-71	2461-2468	honours	
11-72	2469-2474	which	
11-73	2475-2487	indisputably	
11-74	2488-2492	were	
11-75	2493-2498	their	
11-76	2499-2502	due	
11-77	2502-2503	.	

#Text=After which he sent the whole corps of Society officers to the head-quarters in state, to wish us a prosperous voyage to Holland; and in this contest of etiquette his Excellency most assuredly led the van; for hinting which, however, to some of Fourgeoud ' s favourites, I had nearly engaged myself once more
#Text=
#Text=in a serious quarrel.
12-1	2504-2509	After	
12-2	2510-2515	which	
12-3	2516-2518	he	
12-4	2519-2523	sent	
12-5	2524-2527	the	
12-6	2528-2533	whole	
12-7	2534-2539	corps	
12-8	2540-2542	of	
12-9	2543-2550	Society	
12-10	2551-2559	officers	
12-11	2560-2562	to	
12-12	2563-2566	the	
12-13	2567-2580	head-quarters	
12-14	2581-2583	in	
12-15	2584-2589	state	
12-16	2589-2590	,	
12-17	2591-2593	to	
12-18	2594-2598	wish	
12-19	2599-2601	us	
12-20	2602-2603	a	
12-21	2604-2614	prosperous	
12-22	2615-2621	voyage	
12-23	2622-2624	to	
12-24	2625-2632	Holland	
12-25	2632-2633	;	
12-26	2634-2637	and	
12-27	2638-2640	in	
12-28	2641-2645	this	
12-29	2646-2653	contest	
12-30	2654-2656	of	
12-31	2657-2666	etiquette	
12-32	2667-2670	his	
12-33	2671-2681	Excellency	
12-34	2682-2686	most	
12-35	2687-2696	assuredly	
12-36	2697-2700	led	
12-37	2701-2704	the	
12-38	2705-2708	van	
12-39	2708-2709	;	
12-40	2710-2713	for	
12-41	2714-2721	hinting	
12-42	2722-2727	which	
12-43	2727-2728	,	
12-44	2729-2736	however	
12-45	2736-2737	,	
12-46	2738-2740	to	
12-47	2741-2745	some	
12-48	2746-2748	of	
12-49	2749-2758	Fourgeoud	
12-50	2759-2760	'	
12-51	2761-2762	s	
12-52	2763-2773	favourites	
12-53	2773-2774	,	
12-54	2775-2776	I	
12-55	2777-2780	had	
12-56	2781-2787	nearly	
12-57	2788-2795	engaged	
12-58	2796-2802	myself	
12-59	2803-2807	once	
12-60	2808-2812	more	
12-61	2814-2816	in	
12-62	2817-2818	a	
12-63	2819-2826	serious	
12-64	2827-2834	quarrel	
12-65	2834-2835	.	

#Text=Our men, who had been on board since the 18th, being now joined by their officers, the poor remains of this fine regiment were thus finally embarked, and in the highest flow of spirits, expecting to set sail the following day for Europe; while (one alone excepted) every countenance wore the appearance of happiness and joy; and nothing indeed could equal the exultation of the few surviving troops, when the next morning the orders were issued for the ships to weigh anchor and put to sea.
13-1	2836-2839	Our	
13-2	2840-2843	men	
13-3	2843-2844	,	
13-4	2845-2848	who	
13-5	2849-2852	had	
13-6	2853-2857	been	
13-7	2858-2860	on	
13-8	2861-2866	board	
13-9	2867-2872	since	
13-10	2873-2876	the	
13-11	2877-2881	18th	
13-12	2881-2882	,	
13-13	2883-2888	being	
13-14	2889-2892	now	
13-15	2893-2899	joined	
13-16	2900-2902	by	
13-17	2903-2908	their	
13-18	2909-2917	officers	
13-19	2917-2918	,	
13-20	2919-2922	the	
13-21	2923-2927	poor	
13-22	2928-2935	remains	
13-23	2936-2938	of	
13-24	2939-2943	this	
13-25	2944-2948	fine	
13-26	2949-2957	regiment	
13-27	2958-2962	were	
13-28	2963-2967	thus	
13-29	2968-2975	finally	
13-30	2976-2984	embarked	
13-31	2984-2985	,	
13-32	2986-2989	and	
13-33	2990-2992	in	
13-34	2993-2996	the	
13-35	2997-3004	highest	
13-36	3005-3009	flow	
13-37	3010-3012	of	
13-38	3013-3020	spirits	
13-39	3020-3021	,	
13-40	3022-3031	expecting	
13-41	3032-3034	to	
13-42	3035-3038	set	
13-43	3039-3043	sail	
13-44	3044-3047	the	
13-45	3048-3057	following	
13-46	3058-3061	day	
13-47	3062-3065	for	
13-48	3066-3072	Europe	
13-49	3072-3073	;	
13-50	3074-3079	while	
13-51	3080-3081	(	
13-52	3081-3084	one	
13-53	3085-3090	alone	
13-54	3091-3099	excepted	
13-55	3099-3100	)	
13-56	3101-3106	every	
13-57	3107-3118	countenance	
13-58	3119-3123	wore	
13-59	3124-3127	the	
13-60	3128-3138	appearance	
13-61	3139-3141	of	
13-62	3142-3151	happiness	
13-63	3152-3155	and	
13-64	3156-3159	joy	
13-65	3159-3160	;	
13-66	3161-3164	and	
13-67	3165-3172	nothing	
13-68	3173-3179	indeed	
13-69	3180-3185	could	
13-70	3186-3191	equal	
13-71	3192-3195	the	
13-72	3196-3206	exultation	
13-73	3207-3209	of	
13-74	3210-3213	the	
13-75	3214-3217	few	
13-76	3218-3227	surviving	
13-77	3228-3234	troops	
13-78	3234-3235	,	
13-79	3236-3240	when	
13-80	3241-3244	the	
13-81	3245-3249	next	
13-82	3250-3257	morning	
13-83	3258-3261	the	
13-84	3262-3268	orders	
13-85	3269-3273	were	
13-86	3274-3280	issued	
13-87	3281-3284	for	
13-88	3285-3288	the	
13-89	3289-3294	ships	
13-90	3295-3297	to	
13-91	3298-3303	weigh	
13-92	3304-3310	anchor	
13-93	3311-3314	and	
13-94	3315-3318	put	
13-95	3319-3321	to	
13-96	3322-3325	sea	
13-97	3325-3326	.	

#Text=But it was by fate ordained that their eager hopes and expectations once more should be blasted: for on the very moment of departure, a ship entered the river with dispatches, inclosing an order for the regiment immediately to re-enter the woods, and remain in the colony until relieved by fresh troops to be sent out from Holland for that purpose.
14-1	3328-3331	But	
14-2	3332-3334	it	
14-3	3335-3338	was	
14-4	3339-3341	by	
14-5	3342-3346	fate	
14-6	3347-3355	ordained	
14-7	3356-3360	that	
14-8	3361-3366	their	
14-9	3367-3372	eager	
14-10	3373-3378	hopes	
14-11	3379-3382	and	
14-12	3383-3395	expectations	
14-13	3396-3400	once	
14-14	3401-3405	more	
14-15	3406-3412	should	
14-16	3413-3415	be	
14-17	3416-3423	blasted	
14-18	3423-3424	:	
14-19	3425-3428	for	
14-20	3429-3431	on	
14-21	3432-3435	the	
14-22	3436-3440	very	
14-23	3441-3447	moment	
14-24	3448-3450	of	
14-25	3451-3460	departure	
14-26	3460-3461	,	
14-27	3462-3463	a	
14-28	3464-3468	ship	
14-29	3469-3476	entered	
14-30	3477-3480	the	
14-31	3481-3486	river	
14-32	3487-3491	with	
14-33	3492-3502	dispatches	
14-34	3502-3503	,	
14-35	3504-3513	inclosing	
14-36	3514-3516	an	
14-37	3517-3522	order	
14-38	3523-3526	for	
14-39	3527-3530	the	
14-40	3531-3539	regiment	
14-41	3540-3551	immediately	
14-42	3552-3554	to	
14-43	3555-3563	re-enter	
14-44	3564-3567	the	
14-45	3568-3573	woods	
14-46	3573-3574	,	
14-47	3575-3578	and	
14-48	3579-3585	remain	
14-49	3586-3588	in	
14-50	3589-3592	the	
14-51	3593-3599	colony	
14-52	3600-3605	until	
14-53	3606-3614	relieved	
14-54	3615-3617	by	
14-55	3618-3623	fresh	
14-56	3624-3630	troops	
14-57	3631-3633	to	
14-58	3634-3636	be	
14-59	3637-3641	sent	
14-60	3642-3645	out	
14-61	3646-3650	from	
14-62	3651-3658	Holland	
14-63	3659-3662	for	
14-64	3663-3667	that	
14-65	3668-3675	purpose	
14-66	3675-3676	.	

#Text=The SINCERE THANKS of his Serene Highness the Prince of Orange were now read to the men from the quarter-deck of each vessel,
#Text=
#Text="for the manly and spirited conduct they had displayed during so long a trial, and so many great and unprecedented hardships;"
#Text=but as they concluded with orders for the troops to disembark, and remain in this dreadful service, I never saw dejection, disappointment, and despair so strongly marked: while at this moment I, who but just before had been completely miserable, was now in turn the only one who was not depressed with sorrow.
15-1	3677-3680	The	
15-2	3681-3688	SINCERE	
15-3	3689-3695	THANKS	
15-4	3696-3698	of	
15-5	3699-3702	his	
15-6	3703-3709	Serene	
15-7	3710-3718	Highness	
15-8	3719-3722	the	
15-9	3723-3729	Prince	
15-10	3730-3732	of	
15-11	3733-3739	Orange	
15-12	3740-3744	were	
15-13	3745-3748	now	
15-14	3749-3753	read	
15-15	3754-3756	to	
15-16	3757-3760	the	
15-17	3761-3764	men	
15-18	3765-3769	from	
15-19	3770-3773	the	
15-20	3774-3786	quarter-deck	
15-21	3787-3789	of	
15-22	3790-3794	each	
15-23	3795-3801	vessel	
15-24	3801-3802	,	
15-25	3804-3805	"	
15-26	3805-3808	for	
15-27	3809-3812	the	
15-28	3813-3818	manly	
15-29	3819-3822	and	
15-30	3823-3831	spirited	
15-31	3832-3839	conduct	
15-32	3840-3844	they	
15-33	3845-3848	had	
15-34	3849-3858	displayed	
15-35	3859-3865	during	
15-36	3866-3868	so	
15-37	3869-3873	long	
15-38	3874-3875	a	
15-39	3876-3881	trial	
15-40	3881-3882	,	
15-41	3883-3886	and	
15-42	3887-3889	so	
15-43	3890-3894	many	
15-44	3895-3900	great	
15-45	3901-3904	and	
15-46	3905-3918	unprecedented	
15-47	3919-3928	hardships	
15-48	3928-3929	;	
15-49	3929-3930	"	
15-50	3931-3934	but	
15-51	3935-3937	as	
15-52	3938-3942	they	
15-53	3943-3952	concluded	
15-54	3953-3957	with	
15-55	3958-3964	orders	
15-56	3965-3968	for	
15-57	3969-3972	the	
15-58	3973-3979	troops	
15-59	3980-3982	to	
15-60	3983-3992	disembark	
15-61	3992-3993	,	
15-62	3994-3997	and	
15-63	3998-4004	remain	
15-64	4005-4007	in	
15-65	4008-4012	this	
15-66	4013-4021	dreadful	
15-67	4022-4029	service	
15-68	4029-4030	,	
15-69	4031-4032	I	
15-70	4033-4038	never	
15-71	4039-4042	saw	
15-72	4043-4052	dejection	
15-73	4052-4053	,	
15-74	4054-4068	disappointment	
15-75	4068-4069	,	
15-76	4070-4073	and	
15-77	4074-4081	despair	
15-78	4082-4084	so	
15-79	4085-4093	strongly	
15-80	4094-4100	marked	
15-81	4100-4101	:	
15-82	4102-4107	while	
15-83	4108-4110	at	
15-84	4111-4115	this	
15-85	4116-4122	moment	
15-86	4123-4124	I	
15-87	4124-4125	,	
15-88	4126-4129	who	
15-89	4130-4133	but	
15-90	4134-4138	just	
15-91	4139-4145	before	
15-92	4146-4149	had	
15-93	4150-4154	been	
15-94	4155-4165	completely	
15-95	4166-4175	miserable	
15-96	4175-4176	,	
15-97	4177-4180	was	
15-98	4181-4184	now	
15-99	4185-4187	in	
15-100	4188-4192	turn	
15-101	4193-4196	the	
15-102	4197-4201	only	
15-103	4202-4205	one	
15-104	4206-4209	who	
15-105	4210-4213	was	
15-106	4214-4217	not	
15-107	4218-4227	depressed	
15-108	4228-4232	with	
15-109	4233-4239	sorrow	
15-110	4239-4240	.	

#Text=In the midst of this gloomy scene, the men were ordered to give three cheers, which the marines on board one of the vessels absolutely refused to comply with: Colonel Scyburg, and unluckily myself, were in consequence ordered to compel them; which he undertook, with a cane in one hand, and a loaded pistol cocked in the other.
16-1	4241-4243	In	
16-2	4244-4247	the	
16-3	4248-4253	midst	
16-4	4254-4256	of	
16-5	4257-4261	this	
16-6	4262-4268	gloomy	
16-7	4269-4274	scene	
16-8	4274-4275	,	
16-9	4276-4279	the	
16-10	4280-4283	men	
16-11	4284-4288	were	
16-12	4289-4296	ordered	
16-13	4297-4299	to	
16-14	4300-4304	give	
16-15	4305-4310	three	
16-16	4311-4317	cheers	
16-17	4317-4318	,	
16-18	4319-4324	which	
16-19	4325-4328	the	
16-20	4329-4336	marines	
16-21	4337-4339	on	
16-22	4340-4345	board	
16-23	4346-4349	one	
16-24	4350-4352	of	
16-25	4353-4356	the	
16-26	4357-4364	vessels	
16-27	4365-4375	absolutely	
16-28	4376-4383	refused	
16-29	4384-4386	to	
16-30	4387-4393	comply	
16-31	4394-4398	with	
16-32	4398-4399	:	
16-33	4400-4407	Colonel	
16-34	4408-4415	Scyburg	
16-35	4415-4416	,	
16-36	4417-4420	and	
16-37	4421-4430	unluckily	
16-38	4431-4437	myself	
16-39	4437-4438	,	
16-40	4439-4443	were	
16-41	4444-4446	in	
16-42	4447-4458	consequence	
16-43	4459-4466	ordered	
16-44	4467-4469	to	
16-45	4470-4476	compel	
16-46	4477-4481	them	
16-47	4481-4482	;	
16-48	4483-4488	which	
16-49	4489-4491	he	
16-50	4492-4501	undertook	
16-51	4501-4502	,	
16-52	4503-4507	with	
16-53	4508-4509	a	
16-54	4510-4514	cane	
16-55	4515-4517	in	
16-56	4518-4521	one	
16-57	4522-4526	hand	
16-58	4526-4527	,	
16-59	4528-4531	and	
16-60	4532-4533	a	
16-61	4534-4540	loaded	
16-62	4541-4547	pistol	
16-63	4548-4554	cocked	
16-64	4555-4557	in	
16-65	4558-4561	the	
16-66	4562-4567	other	
16-67	4567-4568	.	

#Text=Knowing his temper to be fiery and irascible, what did I not feel at this moment?
17-1	4569-4576	Knowing	
17-2	4577-4580	his	
17-3	4581-4587	temper	
17-4	4588-4590	to	
17-5	4591-4593	be	
17-6	4594-4599	fiery	
17-7	4600-4603	and	
17-8	4604-4613	irascible	
17-9	4613-4614	,	
17-10	4615-4619	what	
17-11	4620-4623	did	
17-12	4624-4625	I	
17-13	4626-4629	not	
17-14	4630-4634	feel	
17-15	4635-4637	at	
17-16	4638-4642	this	
17-17	4643-4649	moment	
17-18	4649-4650	?	

#Text=I suddenly leapt into the boat that lay along-side, where, after haranguing those few that leaned over the gunwale, I promised the ship ' s crew twenty gallons of Holland ' s gin if they would only begin the melancholy chorus.
18-1	4651-4652	I	
18-2	4653-4661	suddenly	
18-3	4662-4667	leapt	
18-4	4668-4672	into	
18-5	4673-4676	the	
18-6	4677-4681	boat	
18-7	4682-4686	that	
18-8	4687-4690	lay	
18-9	4691-4701	along-side	
18-10	4701-4702	,	
18-11	4703-4708	where	
18-12	4708-4709	,	
18-13	4710-4715	after	
18-14	4716-4726	haranguing	
18-15	4727-4732	those	
18-16	4733-4736	few	
18-17	4737-4741	that	
18-18	4742-4748	leaned	
18-19	4749-4753	over	
18-20	4754-4757	the	
18-21	4758-4765	gunwale	
18-22	4765-4766	,	
18-23	4767-4768	I	
18-24	4769-4777	promised	
18-25	4778-4781	the	
18-26	4782-4786	ship	
18-27	4787-4788	'	
18-28	4789-4790	s	
18-29	4791-4795	crew	
18-30	4796-4802	twenty	
18-31	4803-4810	gallons	
18-32	4811-4813	of	
18-33	4814-4821	Holland	
18-34	4822-4823	'	
18-35	4824-4825	s	
18-36	4826-4829	gin	
18-37	4830-4832	if	
18-38	4833-4837	they	
18-39	4838-4843	would	
18-40	4844-4848	only	
18-41	4849-4854	begin	
18-42	4855-4858	the	
18-43	4859-4869	melancholy	
18-44	4870-4876	chorus	
18-45	4876-4877	.	

#Text=Then mounting again the quarter-deck, I acquainted the Colonel that all were now ready and willing to obey his commands; we then re-entered the boat, and in shoving off had the satisfaction to receive three hearty cheers from the sailors, in which joined a few marines, but with such languid looks and heavy hearts as cannot be described.
19-1	4878-4882	Then	
19-2	4883-4891	mounting	
19-3	4892-4897	again	
19-4	4898-4901	the	
19-5	4902-4914	quarter-deck	
19-6	4914-4915	,	
19-7	4916-4917	I	
19-8	4918-4928	acquainted	
19-9	4929-4932	the	
19-10	4933-4940	Colonel	
19-11	4941-4945	that	
19-12	4946-4949	all	
19-13	4950-4954	were	
19-14	4955-4958	now	
19-15	4959-4964	ready	
19-16	4965-4968	and	
19-17	4969-4976	willing	
19-18	4977-4979	to	
19-19	4980-4984	obey	
19-20	4985-4988	his	
19-21	4989-4997	commands	
19-22	4997-4998	;	
19-23	4999-5001	we	
19-24	5002-5006	then	
19-25	5007-5017	re-entered	
19-26	5018-5021	the	
19-27	5022-5026	boat	
19-28	5026-5027	,	
19-29	5028-5031	and	
19-30	5032-5034	in	
19-31	5035-5042	shoving	
19-32	5043-5046	off	
19-33	5047-5050	had	
19-34	5051-5054	the	
19-35	5055-5067	satisfaction	
19-36	5068-5070	to	
19-37	5071-5078	receive	
19-38	5079-5084	three	
19-39	5085-5091	hearty	
19-40	5092-5098	cheers	
19-41	5099-5103	from	
19-42	5104-5107	the	
19-43	5108-5115	sailors	
19-44	5115-5116	,	
19-45	5117-5119	in	
19-46	5120-5125	which	
19-47	5126-5132	joined	
19-48	5133-5134	a	
19-49	5135-5138	few	
19-50	5139-5146	marines	
19-51	5146-5147	,	
19-52	5148-5151	but	
19-53	5152-5156	with	
19-54	5157-5161	such	
19-55	5162-5169	languid	
19-56	5170-5175	looks	
19-57	5176-5179	and	
19-58	5180-5185	heavy	
19-59	5186-5192	hearts	
19-60	5193-5195	as	
19-61	5196-5202	cannot	
19-62	5203-5205	be	
19-63	5206-5215	described	
19-64	5215-5216	.	
