#FORMAT=WebAnno TSV 3.3


#Text=Caput 8
#Text=
#Text=
#Text=1 Expletis autem viginti annis postquam ædificavit Salomon domum Domini et domum suam, 2 civitates quas dederat Hiram Salomoni, ædificavit, et habitare ibi fecit filios Israël.
#Text=3 Abiit quoque in Emath Suba, et obtinuit eam.
#Text=4 Et ædificavit Palmyram in deserto, et alias civitates munitissimas ædificavit in Emath.
#Text=5 Exstruxitque Bethoron superiorem, et Bethoron inferiorem, civitates muratas habentes portas et vectes et seras : 6 Balaath etiam et omnes urbes firmissimas quæ fuerunt Salomonis, cunctasque urbes quadrigarum, et urbes equitum.
1-1	2-7	Caput	
1-2	8-9	8	
1-3	12-13	1	
1-4	14-22	Expletis	
1-5	23-28	autem	
1-6	29-36	viginti	
1-7	37-42	annis	
1-8	43-51	postquam	
1-9	52-62	ædificavit	
1-10	63-70	Salomon	
1-11	71-76	domum	
1-12	77-83	Domini	
1-13	84-86	et	
1-14	87-92	domum	
1-15	93-97	suam	
1-16	97-98	,	
1-17	99-100	2	
1-18	101-110	civitates	
1-19	111-115	quas	
1-20	116-123	dederat	
1-21	124-129	Hiram	
1-22	130-138	Salomoni	
1-23	138-139	,	
1-24	140-150	ædificavit	
1-25	150-151	,	
1-26	152-154	et	
1-27	155-163	habitare	
1-28	164-167	ibi	
1-29	168-173	fecit	
1-30	174-180	filios	
1-31	181-187	Israël	
1-32	187-188	.	
1-33	189-190	3	
1-34	191-196	Abiit	
1-35	197-203	quoque	
1-36	204-206	in	
1-37	207-212	Emath	
1-38	213-217	Suba	
1-39	217-218	,	
1-40	219-221	et	
1-41	222-230	obtinuit	
1-42	231-234	eam	
1-43	234-235	.	
1-44	236-237	4	
1-45	238-240	Et	
1-46	241-251	ædificavit	
1-47	252-260	Palmyram	
1-48	261-263	in	
1-49	264-271	deserto	
1-50	271-272	,	
1-51	273-275	et	
1-52	276-281	alias	
1-53	282-291	civitates	
1-54	292-304	munitissimas	
1-55	305-315	ædificavit	
1-56	316-318	in	
1-57	319-324	Emath	
1-58	324-325	.	
1-59	326-327	5	
1-60	328-340	Exstruxitque	
1-61	341-349	Bethoron	
1-62	350-360	superiorem	
1-63	360-361	,	
1-64	362-364	et	
1-65	365-373	Bethoron	
1-66	374-384	inferiorem	
1-67	384-385	,	
1-68	386-395	civitates	
1-69	396-403	muratas	
1-70	404-412	habentes	
1-71	413-419	portas	
1-72	420-422	et	
1-73	423-429	vectes	
1-74	430-432	et	
1-75	433-438	seras	
1-76	439-440	:	
1-77	441-442	6	
1-78	443-450	Balaath	
1-79	451-456	etiam	
1-80	457-459	et	
1-81	460-465	omnes	
1-82	466-471	urbes	
1-83	472-483	firmissimas	
1-84	484-487	quæ	
1-85	488-495	fuerunt	
1-86	496-505	Salomonis	
1-87	505-506	,	
1-88	507-517	cunctasque	
1-89	518-523	urbes	
1-90	524-535	quadrigarum	
1-91	535-536	,	
1-92	537-539	et	
1-93	540-545	urbes	
1-94	546-553	equitum	
1-95	553-554	.	

#Text=Omnia quæcumque voluit Salomon atque disposuit, ædificavit in Jerusalem, et in Libano, et in universa terra potestatis suæ.
#Text=7 Omnem populum qui derelictus fuerat de Hethæis, et Amorrhæis, et Pherezæis, et Hevæis, et Jebusæis, qui non erant de stirpe Israël, 8 de filiis eorum, et de posteris, quos non interfecerant filii Israël, subjugavit Salomon in tributarios, usque in diem hanc.
#Text=9 Porro de filiis Israël non posuit ut servirent operibus regis : ipsi enim erant viri bellatores, et duces primi, et principes quadrigarum et equitum ejus.
#Text=10 Omnes autem principes exercitus regis Salomonis fuerunt ducenti quinquaginta, qui erudiebant populum.
#Text=11 Filiam vero Pharaonis transtulit de civitate David in domum quam ædificaverat ei.
2-1	555-560	Omnia	
2-2	561-570	quæcumque	
2-3	571-577	voluit	
2-4	578-585	Salomon	
2-5	586-591	atque	
2-6	592-601	disposuit	
2-7	601-602	,	
2-8	603-613	ædificavit	
2-9	614-616	in	
2-10	617-626	Jerusalem	
2-11	626-627	,	
2-12	628-630	et	
2-13	631-633	in	
2-14	634-640	Libano	
2-15	640-641	,	
2-16	642-644	et	
2-17	645-647	in	
2-18	648-656	universa	
2-19	657-662	terra	
2-20	663-673	potestatis	
2-21	674-677	suæ	
2-22	677-678	.	
2-23	679-680	7	
2-24	681-686	Omnem	
2-25	687-694	populum	
2-26	695-698	qui	
2-27	699-709	derelictus	
2-28	710-716	fuerat	
2-29	717-719	de	
2-30	720-727	Hethæis	
2-31	727-728	,	
2-32	729-731	et	
2-33	732-741	Amorrhæis	
2-34	741-742	,	
2-35	743-745	et	
2-36	746-755	Pherezæis	
2-37	755-756	,	
2-38	757-759	et	
2-39	760-766	Hevæis	
2-40	766-767	,	
2-41	768-770	et	
2-42	771-779	Jebusæis	
2-43	779-780	,	
2-44	781-784	qui	
2-45	785-788	non	
2-46	789-794	erant	
2-47	795-797	de	
2-48	798-804	stirpe	
2-49	805-811	Israël	
2-50	811-812	,	
2-51	813-814	8	
2-52	815-817	de	
2-53	818-824	filiis	
2-54	825-830	eorum	
2-55	830-831	,	
2-56	832-834	et	
2-57	835-837	de	
2-58	838-846	posteris	
2-59	846-847	,	
2-60	848-852	quos	
2-61	853-856	non	
2-62	857-870	interfecerant	
2-63	871-876	filii	
2-64	877-883	Israël	
2-65	883-884	,	
2-66	885-895	subjugavit	
2-67	896-903	Salomon	
2-68	904-906	in	
2-69	907-918	tributarios	
2-70	918-919	,	
2-71	920-925	usque	
2-72	926-928	in	
2-73	929-933	diem	
2-74	934-938	hanc	
2-75	938-939	.	
2-76	940-941	9	
2-77	942-947	Porro	
2-78	948-950	de	
2-79	951-957	filiis	
2-80	958-964	Israël	
2-81	965-968	non	
2-82	969-975	posuit	
2-83	976-978	ut	
2-84	979-988	servirent	
2-85	989-997	operibus	
2-86	998-1003	regis	
2-87	1004-1005	:	
2-88	1006-1010	ipsi	
2-89	1011-1015	enim	
2-90	1016-1021	erant	
2-91	1022-1026	viri	
2-92	1027-1037	bellatores	
2-93	1037-1038	,	
2-94	1039-1041	et	
2-95	1042-1047	duces	
2-96	1048-1053	primi	
2-97	1053-1054	,	
2-98	1055-1057	et	
2-99	1058-1067	principes	
2-100	1068-1079	quadrigarum	
2-101	1080-1082	et	
2-102	1083-1090	equitum	
2-103	1091-1095	ejus	
2-104	1095-1096	.	
2-105	1097-1099	10	
2-106	1100-1105	Omnes	
2-107	1106-1111	autem	
2-108	1112-1121	principes	
2-109	1122-1131	exercitus	
2-110	1132-1137	regis	
2-111	1138-1147	Salomonis	
2-112	1148-1155	fuerunt	
2-113	1156-1163	ducenti	
2-114	1164-1176	quinquaginta	
2-115	1176-1177	,	
2-116	1178-1181	qui	
2-117	1182-1192	erudiebant	
2-118	1193-1200	populum	
2-119	1200-1201	.	
2-120	1202-1204	11	
2-121	1205-1211	Filiam	
2-122	1212-1216	vero	
2-123	1217-1226	Pharaonis	
2-124	1227-1237	transtulit	
2-125	1238-1240	de	
2-126	1241-1249	civitate	
2-127	1250-1255	David	
2-128	1256-1258	in	
2-129	1259-1264	domum	
2-130	1265-1269	quam	
2-131	1270-1282	ædificaverat	
2-132	1283-1285	ei	
2-133	1285-1286	.	

#Text=Dixit enim rex : Non habitabit uxor mea in domo David regis Israël, eo quod sanctificata sit : quia ingressa est in eam arca Domini.
#Text=12 Tunc obtulit Salomon holocausta Domino super altare Domini, quod exstruxerat ante porticum, 13 ut per singulos dies offerretur in eo juxta præceptum Moysi in sabbatis et in calendis, et in festis diebus, ter per annum, id est, in solemnitate azymorum, et in solemnitate hebdomadarum, et in solemnitate tabernaculorum.
#Text=14 Et constituit juxta dispositionem David patris sui officia sacerdotum in ministeriis suis, et Levitas in ordine suo, ut laudarent et ministrarent coram sacerdotibus juxta ritum uniuscujusque diei, et janitores in divisionibus suis per portam et portam : sic enim præceperat David homo Dei.
#Text=15 Nec prætergressi sunt de mandatis regis tam sacerdotes quam Levitæ, ex omnibus quæ præceperat, et in custodiis thesaurorum.
#Text=16 Omnes impensas præparatas habuit Salomon ex eo die quo fundavit domum Domini usque in diem quo perfecit eam.
#Text=17 Tunc abiit Salomon in Asiongaber, et in Ailath ad oram maris Rubri, quæ est in terra Edom.
#Text=18 Misit autem ei Hiram per manus servorum suorum naves, et nautas gnaros maris, et abierunt cum servis Salomonis in Ophir, tuleruntque inde quadringenta quinquaginta talenta auri, et attulerunt ad regem Salomonem.
3-1	1287-1292	Dixit	
3-2	1293-1297	enim	
3-3	1298-1301	rex	
3-4	1302-1303	:	
3-5	1304-1307	Non	
3-6	1308-1317	habitabit	
3-7	1318-1322	uxor	
3-8	1323-1326	mea	
3-9	1327-1329	in	
3-10	1330-1334	domo	
3-11	1335-1340	David	
3-12	1341-1346	regis	
3-13	1347-1353	Israël	
3-14	1353-1354	,	
3-15	1355-1357	eo	
3-16	1358-1362	quod	
3-17	1363-1375	sanctificata	
3-18	1376-1379	sit	
3-19	1380-1381	:	
3-20	1382-1386	quia	
3-21	1387-1395	ingressa	
3-22	1396-1399	est	
3-23	1400-1402	in	
3-24	1403-1406	eam	
3-25	1407-1411	arca	
3-26	1412-1418	Domini	
3-27	1418-1419	.	
3-28	1420-1422	12	
3-29	1423-1427	Tunc	
3-30	1428-1435	obtulit	
3-31	1436-1443	Salomon	
3-32	1444-1454	holocausta	
3-33	1455-1461	Domino	
3-34	1462-1467	super	
3-35	1468-1474	altare	
3-36	1475-1481	Domini	
3-37	1481-1482	,	
3-38	1483-1487	quod	
3-39	1488-1499	exstruxerat	
3-40	1500-1504	ante	
3-41	1505-1513	porticum	
3-42	1513-1514	,	
3-43	1515-1517	13	
3-44	1518-1520	ut	
3-45	1521-1524	per	
3-46	1525-1533	singulos	
3-47	1534-1538	dies	
3-48	1539-1549	offerretur	
3-49	1550-1552	in	
3-50	1553-1555	eo	
3-51	1556-1561	juxta	
3-52	1562-1571	præceptum	
3-53	1572-1577	Moysi	
3-54	1578-1580	in	
3-55	1581-1589	sabbatis	
3-56	1590-1592	et	
3-57	1593-1595	in	
3-58	1596-1604	calendis	
3-59	1604-1605	,	
3-60	1606-1608	et	
3-61	1609-1611	in	
3-62	1612-1618	festis	
3-63	1619-1625	diebus	
3-64	1625-1626	,	
3-65	1627-1630	ter	
3-66	1631-1634	per	
3-67	1635-1640	annum	
3-68	1640-1641	,	
3-69	1642-1644	id	
3-70	1645-1648	est	
3-71	1648-1649	,	
3-72	1650-1652	in	
3-73	1653-1664	solemnitate	
3-74	1665-1673	azymorum	
3-75	1673-1674	,	
3-76	1675-1677	et	
3-77	1678-1680	in	
3-78	1681-1692	solemnitate	
3-79	1693-1705	hebdomadarum	
3-80	1705-1706	,	
3-81	1707-1709	et	
3-82	1710-1712	in	
3-83	1713-1724	solemnitate	
3-84	1725-1739	tabernaculorum	
3-85	1739-1740	.	
3-86	1741-1743	14	
3-87	1744-1746	Et	
3-88	1747-1757	constituit	
3-89	1758-1763	juxta	
3-90	1764-1777	dispositionem	
3-91	1778-1783	David	
3-92	1784-1790	patris	
3-93	1791-1794	sui	
3-94	1795-1802	officia	
3-95	1803-1813	sacerdotum	
3-96	1814-1816	in	
3-97	1817-1828	ministeriis	
3-98	1829-1833	suis	
3-99	1833-1834	,	
3-100	1835-1837	et	
3-101	1838-1845	Levitas	
3-102	1846-1848	in	
3-103	1849-1855	ordine	
3-104	1856-1859	suo	
3-105	1859-1860	,	
3-106	1861-1863	ut	
3-107	1864-1873	laudarent	
3-108	1874-1876	et	
3-109	1877-1889	ministrarent	
3-110	1890-1895	coram	
3-111	1896-1908	sacerdotibus	
3-112	1909-1914	juxta	
3-113	1915-1920	ritum	
3-114	1921-1934	uniuscujusque	
3-115	1935-1939	diei	
3-116	1939-1940	,	
3-117	1941-1943	et	
3-118	1944-1953	janitores	
3-119	1954-1956	in	
3-120	1957-1969	divisionibus	
3-121	1970-1974	suis	
3-122	1975-1978	per	
3-123	1979-1985	portam	
3-124	1986-1988	et	
3-125	1989-1995	portam	
3-126	1996-1997	:	
3-127	1998-2001	sic	
3-128	2002-2006	enim	
3-129	2007-2017	præceperat	
3-130	2018-2023	David	
3-131	2024-2028	homo	
3-132	2029-2032	Dei	
3-133	2032-2033	.	
3-134	2034-2036	15	
3-135	2037-2040	Nec	
3-136	2041-2053	prætergressi	
3-137	2054-2058	sunt	
3-138	2059-2061	de	
3-139	2062-2070	mandatis	
3-140	2071-2076	regis	
3-141	2077-2080	tam	
3-142	2081-2091	sacerdotes	
3-143	2092-2096	quam	
3-144	2097-2103	Levitæ	
3-145	2103-2104	,	
3-146	2105-2107	ex	
3-147	2108-2115	omnibus	
3-148	2116-2119	quæ	
3-149	2120-2130	præceperat	
3-150	2130-2131	,	
3-151	2132-2134	et	
3-152	2135-2137	in	
3-153	2138-2147	custodiis	
3-154	2148-2159	thesaurorum	
3-155	2159-2160	.	
3-156	2161-2163	16	
3-157	2164-2169	Omnes	
3-158	2170-2178	impensas	
3-159	2179-2189	præparatas	
3-160	2190-2196	habuit	
3-161	2197-2204	Salomon	
3-162	2205-2207	ex	
3-163	2208-2210	eo	
3-164	2211-2214	die	
3-165	2215-2218	quo	
3-166	2219-2227	fundavit	
3-167	2228-2233	domum	
3-168	2234-2240	Domini	
3-169	2241-2246	usque	
3-170	2247-2249	in	
3-171	2250-2254	diem	
3-172	2255-2258	quo	
3-173	2259-2267	perfecit	
3-174	2268-2271	eam	
3-175	2271-2272	.	
3-176	2273-2275	17	
3-177	2276-2280	Tunc	
3-178	2281-2286	abiit	
3-179	2287-2294	Salomon	
3-180	2295-2297	in	
3-181	2298-2308	Asiongaber	
3-182	2308-2309	,	
3-183	2310-2312	et	
3-184	2313-2315	in	
3-185	2316-2322	Ailath	
3-186	2323-2325	ad	
3-187	2326-2330	oram	
3-188	2331-2336	maris	
3-189	2337-2342	Rubri	
3-190	2342-2343	,	
3-191	2344-2347	quæ	
3-192	2348-2351	est	
3-193	2352-2354	in	
3-194	2355-2360	terra	
3-195	2361-2365	Edom	
3-196	2365-2366	.	
3-197	2367-2369	18	
3-198	2370-2375	Misit	
3-199	2376-2381	autem	
3-200	2382-2384	ei	
3-201	2385-2390	Hiram	
3-202	2391-2394	per	
3-203	2395-2400	manus	
3-204	2401-2409	servorum	
3-205	2410-2416	suorum	
3-206	2417-2422	naves	
3-207	2422-2423	,	
3-208	2424-2426	et	
3-209	2427-2433	nautas	
3-210	2434-2440	gnaros	
3-211	2441-2446	maris	
3-212	2446-2447	,	
3-213	2448-2450	et	
3-214	2451-2459	abierunt	
3-215	2460-2463	cum	
3-216	2464-2470	servis	
3-217	2471-2480	Salomonis	
3-218	2481-2483	in	
3-219	2484-2489	Ophir	
3-220	2489-2490	,	
3-221	2491-2502	tuleruntque	
3-222	2503-2507	inde	
3-223	2508-2520	quadringenta	
3-224	2521-2533	quinquaginta	
3-225	2534-2541	talenta	
3-226	2542-2546	auri	
3-227	2546-2547	,	
3-228	2548-2550	et	
3-229	2551-2561	attulerunt	
3-230	2562-2564	ad	
3-231	2565-2570	regem	
3-232	2571-2580	Salomonem	
3-233	2580-2581	.	

#Text=Caput 9
#Text=
#Text=
#Text=1 Regina quoque Saba, cum audisset famam Salomonis, venit ut tentaret eum in ænigmatibus in Jerusalem, cum magnis opibus et camelis, qui portabant aromata, et auri plurimum, gemmasque pretiosas.
4-1	2582-2587	Caput	
4-2	2588-2589	9	
4-3	2592-2593	1	
4-4	2594-2600	Regina	
4-5	2601-2607	quoque	
4-6	2608-2612	Saba	
4-7	2612-2613	,	
4-8	2614-2617	cum	
4-9	2618-2626	audisset	
4-10	2627-2632	famam	
4-11	2633-2642	Salomonis	
4-12	2642-2643	,	
4-13	2644-2649	venit	
4-14	2650-2652	ut	
4-15	2653-2661	tentaret	
4-16	2662-2665	eum	
4-17	2666-2668	in	
4-18	2669-2680	ænigmatibus	
4-19	2681-2683	in	
4-20	2684-2693	Jerusalem	
4-21	2693-2694	,	
4-22	2695-2698	cum	
4-23	2699-2705	magnis	
4-24	2706-2712	opibus	
4-25	2713-2715	et	
4-26	2716-2723	camelis	
4-27	2723-2724	,	
4-28	2725-2728	qui	
4-29	2729-2738	portabant	
4-30	2739-2746	aromata	
4-31	2746-2747	,	
4-32	2748-2750	et	
4-33	2751-2755	auri	
4-34	2756-2764	plurimum	
4-35	2764-2765	,	
4-36	2766-2775	gemmasque	
4-37	2776-2785	pretiosas	
4-38	2785-2786	.	

#Text=Cumque venisset ad Salomonem, locuta est ei quæcumque erant in corde suo.
#Text=2 Et exposuit ei Salomon omnia quæ proposuerat : nec quidquam fuit, quod non perspicuum ei fecerit.
#Text=3 Quæ postquam vidit, sapientiam scilicet Salomonis, et domum quam ædificaverat, 4 necnon et cibaria mensæ ejus, et habitacula servorum, et officia ministrorum ejus, et vestimenta eorum, pincernas quoque et vestes eorum, et victimas quas immolabat in domo Domini : non erat præ stupore ultra in ea spiritus.
5-1	2787-2793	Cumque	
5-2	2794-2802	venisset	
5-3	2803-2805	ad	
5-4	2806-2815	Salomonem	
5-5	2815-2816	,	
5-6	2817-2823	locuta	
5-7	2824-2827	est	
5-8	2828-2830	ei	
5-9	2831-2840	quæcumque	
5-10	2841-2846	erant	
5-11	2847-2849	in	
5-12	2850-2855	corde	
5-13	2856-2859	suo	
5-14	2859-2860	.	
5-15	2861-2862	2	
5-16	2863-2865	Et	
5-17	2866-2874	exposuit	
5-18	2875-2877	ei	
5-19	2878-2885	Salomon	
5-20	2886-2891	omnia	
5-21	2892-2895	quæ	
5-22	2896-2907	proposuerat	
5-23	2908-2909	:	
5-24	2910-2913	nec	
5-25	2914-2922	quidquam	
5-26	2923-2927	fuit	
5-27	2927-2928	,	
5-28	2929-2933	quod	
5-29	2934-2937	non	
5-30	2938-2948	perspicuum	
5-31	2949-2951	ei	
5-32	2952-2959	fecerit	
5-33	2959-2960	.	
5-34	2961-2962	3	
5-35	2963-2966	Quæ	
5-36	2967-2975	postquam	
5-37	2976-2981	vidit	
5-38	2981-2982	,	
5-39	2983-2993	sapientiam	
5-40	2994-3002	scilicet	
5-41	3003-3012	Salomonis	
5-42	3012-3013	,	
5-43	3014-3016	et	
5-44	3017-3022	domum	
5-45	3023-3027	quam	
5-46	3028-3040	ædificaverat	
5-47	3040-3041	,	
5-48	3042-3043	4	
5-49	3044-3050	necnon	
5-50	3051-3053	et	
5-51	3054-3061	cibaria	
5-52	3062-3067	mensæ	
5-53	3068-3072	ejus	
5-54	3072-3073	,	
5-55	3074-3076	et	
5-56	3077-3087	habitacula	
5-57	3088-3096	servorum	
5-58	3096-3097	,	
5-59	3098-3100	et	
5-60	3101-3108	officia	
5-61	3109-3120	ministrorum	
5-62	3121-3125	ejus	
5-63	3125-3126	,	
5-64	3127-3129	et	
5-65	3130-3140	vestimenta	
5-66	3141-3146	eorum	
5-67	3146-3147	,	
5-68	3148-3157	pincernas	
5-69	3158-3164	quoque	
5-70	3165-3167	et	
5-71	3168-3174	vestes	
5-72	3175-3180	eorum	
5-73	3180-3181	,	
5-74	3182-3184	et	
5-75	3185-3193	victimas	
5-76	3194-3198	quas	
5-77	3199-3208	immolabat	
5-78	3209-3211	in	
5-79	3212-3216	domo	
5-80	3217-3223	Domini	
5-81	3224-3225	:	
5-82	3226-3229	non	
5-83	3230-3234	erat	
5-84	3235-3238	præ	
5-85	3239-3246	stupore	
5-86	3247-3252	ultra	
5-87	3253-3255	in	
5-88	3256-3258	ea	
5-89	3259-3267	spiritus	
5-90	3267-3268	.	
