#FORMAT=WebAnno TSV 3.3
#T_SP=custom.Span|label
#T_RL=custom.Relation|label|BT_custom.Span


#Text=Man haltet gemeiniglich darfuͤr/ wie das
#Text=Weibliche Geſchlecht allein den anmuͤtigen
#Text=Geruch der Roſen nicht dulden koͤnne: aber
#Text=die erfahrenheit hat ein anders genugſam
#Text=bezeuget.
1-1	5-8	Man	_	_	_	
1-2	9-15	haltet	_	_	_	
1-3	16-28	gemeiniglich	_	_	_	
1-4	29-36	darfuͤr	_	_	_	
1-5	36-37	/	_	_	_	
1-6	38-41	wie	_	_	_	
1-7	42-45	das	_	_	_	
1-8	46-55	Weibliche	Perceiver[1]	_	_	
1-9	56-66	Geſchlecht	Perceiver[1]	_	_	
1-10	67-73	allein	_	_	_	
1-11	74-77	den	_	_	_	
1-12	78-88	anmuͤtigen	Quality	_	_	
1-13	89-95	Geruch	Smell\_Word	*|*|*|*	1-12|1-15|1-8[1_0]|1-16[2_0]	
1-14	96-99	der	_	_	_	
1-15	100-105	Roſen	Smell\_Source	_	_	
1-16	106-111	nicht	Effect[2]	_	_	
1-17	112-118	dulden	Effect[2]	_	_	
1-18	119-125	koͤnne	Effect[2]	_	_	
1-19	125-126	:	Effect[2]	_	_	
1-20	127-131	aber	Effect[2]	_	_	
1-21	132-135	die	Effect[2]	_	_	
1-22	136-148	erfahrenheit	Effect[2]	_	_	
1-23	149-152	hat	Effect[2]	_	_	
1-24	153-156	ein	Effect[2]	_	_	
1-25	157-163	anders	Effect[2]	_	_	
1-26	164-172	genugſam	Effect[2]	_	_	
1-27	173-181	bezeuget	Effect[2]	_	_	
1-28	181-182	.	_	_	_	

#Text=Von Franciſco Venerio, Hertzogen
#Text=zu Venedig wird geſchrieben/ als er an ei-
#Text=nem Feſttag die Kirchen beſucht/ und der
#Text=Prieſter etliche Roſen mit ſich gebracht hat-
#Text=te/ gabe er befehl dieſelbigen alſobald hinauß-
#Text=zu tragen/ ſonſten jhne ein Ohnmacht an-
#Text=ſtoſſen werde.
2-1	183-186	Von	_	_	_	
2-2	187-196	Franciſco	_	_	_	
2-3	197-204	Venerio	_	_	_	
2-4	204-205	,	_	_	_	
2-5	206-215	Hertzogen	_	_	_	
2-6	216-218	zu	_	_	_	
2-7	219-226	Venedig	_	_	_	
2-8	227-231	wird	_	_	_	
2-9	232-243	geſchrieben	_	_	_	
2-10	243-244	/	_	_	_	
2-11	245-248	als	_	_	_	
2-12	249-251	er	_	_	_	
2-13	252-254	an	_	_	_	
2-14	255-257	ei	_	_	_	
2-15	257-258	-	_	_	_	
2-16	259-262	nem	_	_	_	
2-17	263-270	Feſttag	_	_	_	
2-18	271-274	die	_	_	_	
2-19	275-282	Kirchen	_	_	_	
2-20	283-290	beſucht	_	_	_	
2-21	290-291	/	_	_	_	
2-22	292-295	und	_	_	_	
2-23	296-299	der	_	_	_	
2-24	300-308	Prieſter	_	_	_	
2-25	309-316	etliche	_	_	_	
2-26	317-322	Roſen	_	_	_	
2-27	323-326	mit	_	_	_	
2-28	327-331	ſich	_	_	_	
2-29	332-340	gebracht	_	_	_	
2-30	341-344	hat	_	_	_	
2-31	344-345	-	_	_	_	
2-32	346-348	te	_	_	_	
2-33	348-349	/	_	_	_	
2-34	350-354	gabe	_	_	_	
2-35	355-357	er	_	_	_	
2-36	358-364	befehl	_	_	_	
2-37	365-376	dieſelbigen	_	_	_	
2-38	377-385	alſobald	_	_	_	
2-39	386-392	hinauß	_	_	_	
2-40	392-393	-	_	_	_	
2-41	394-396	zu	_	_	_	
2-42	397-403	tragen	_	_	_	
2-43	403-404	/	_	_	_	
2-44	405-412	ſonſten	_	_	_	
2-45	413-417	jhne	_	_	_	
2-46	418-421	ein	_	_	_	
2-47	422-430	Ohnmacht	_	_	_	
2-48	431-433	an	_	_	_	
2-49	433-434	-	_	_	_	
2-50	435-442	ſtoſſen	_	_	_	
2-51	443-448	werde	_	_	_	
2-52	448-449	.	_	_	_	

#Text=Dergleichen liſet man von
#Text=zween Cardinaͤlen/ Henrico Cordona und O-
#Text=liverio Caraffa, ſo den lieblichen Geruch der
#Text=Roſen auch nicht leiden konten.
3-1	450-461	Dergleichen	_	_	_	
3-2	462-467	liſet	_	_	_	
3-3	468-471	man	_	_	_	
3-4	472-475	von	_	_	_	
3-5	476-481	zween	Perceiver[3]	_	_	
3-6	482-493	Cardinaͤlen	Perceiver[3]	_	_	
3-7	493-494	/	Perceiver[3]	_	_	
3-8	495-502	Henrico	Perceiver[3]	_	_	
3-9	503-510	Cordona	Perceiver[3]	_	_	
3-10	511-514	und	Perceiver[3]	_	_	
3-11	515-516	O	Perceiver[3]	_	_	
3-12	516-517	-	Perceiver[3]	_	_	
3-13	518-525	liverio	Perceiver[3]	_	_	
3-14	526-533	Caraffa	Perceiver[3]	_	_	
3-15	533-534	,	_	_	_	
3-16	535-537	ſo	_	_	_	
3-17	538-541	den	_	_	_	
3-18	542-552	lieblichen	Quality	_	_	
3-19	553-559	Geruch	Smell\_Word	*|*|*|*	3-18|3-5[3_0]|3-21|3-23[4_0]	
3-20	560-563	der	_	_	_	
3-21	564-569	Roſen	Smell\_Source	_	_	
3-22	570-574	auch	_	_	_	
3-23	575-580	nicht	Effect[4]	_	_	
3-24	581-587	leiden	Effect[4]	_	_	
3-25	588-594	konten	Effect[4]	_	_	
3-26	594-595	.	_	_	_	

#Text=Von einem
#Text=Prediger-Moͤnchen/
#Text=welcher ein Venetia-
#Text=niſcher Edelmann/ auß dem Geſchecht der
#Text=Barbarigorum gebohren ware/ meldet Amatus
#Text=
#Text=Luſitanus centur.
4-1	596-599	Von	_	_	_	
4-2	600-605	einem	Perceiver[5]	_	_	
4-3	606-623	Prediger-Moͤnchen	Perceiver[5]	_	_	
4-4	623-624	/	_	_	_	
4-5	625-632	welcher	_	_	_	
4-6	633-636	ein	_	_	_	
4-7	637-644	Venetia	_	_	_	
4-8	644-645	-	_	_	_	
4-9	646-653	niſcher	_	_	_	
4-10	654-662	Edelmann	_	_	_	
4-11	662-663	/	_	_	_	
4-12	664-667	auß	_	_	_	
4-13	668-671	dem	_	_	_	
4-14	672-681	Geſchecht	_	_	_	
4-15	682-685	der	_	_	_	
4-16	686-698	Barbarigorum	_	_	_	
4-17	699-707	gebohren	_	_	_	
4-18	708-712	ware	_	_	_	
4-19	712-713	/	_	_	_	
4-20	714-720	meldet	_	_	_	
4-21	721-727	Amatus	_	_	_	
4-22	729-738	Luſitanus	_	_	_	
4-23	739-745	centur	_	_	_	
4-24	745-746	.	_	_	_	

#Text=II.
5-1	747-749	II	_	_	_	
5-2	749-750	.	_	_	_	

#Text=Curation.
#Text=medic.
#Text=36.
6-1	751-759	Curation	_	_	_	
6-2	759-760	.	_	_	_	
6-3	761-766	medic	_	_	_	
6-4	766-767	.	_	_	_	
6-5	768-770	36	_	_	_	
6-6	770-771	.	_	_	_	

#Text=Daß
#Text=nicht allein von dem geruch/ ſondern auch
#Text=von dem bloſen anſchawen der Roſen jhme
#Text=Ohnmaͤchtig worden ſeye.
7-1	772-775	Daß	_	_	_	
7-2	776-781	nicht	_	_	_	
7-3	782-788	allein	_	_	_	
7-4	789-792	von	_	_	_	
7-5	793-796	dem	_	_	_	
7-6	797-803	geruch	Smell\_Word	*|*|*	7-16[6_0]|7-15|4-2[5_0]	
7-7	803-804	/	_	_	_	
7-8	805-812	ſondern	_	_	_	
7-9	813-817	auch	_	_	_	
7-10	818-821	von	_	_	_	
7-11	822-825	dem	_	_	_	
7-12	826-832	bloſen	_	_	_	
7-13	833-842	anſchawen	_	_	_	
7-14	843-846	der	_	_	_	
7-15	847-852	Roſen	Smell\_Source	_	_	
7-16	853-857	jhme	Effect[6]	_	_	
7-17	858-869	Ohnmaͤchtig	Effect[6]	_	_	
7-18	870-876	worden	Effect[6]	_	_	
7-19	877-881	ſeye	Effect[6]	_	_	
7-20	881-882	.	_	_	_	

#Text=Eigenſchafft.
8-1	885-897	Eigenſchafft	_	_	_	
8-2	897-898	.	_	_	_	

#Text=Die Roſen haben nicht einerley natur/
#Text=we-
#Text=gen ungleicher vermiſchung der Elementen.
9-1	901-904	Die	_	_	_	
9-2	905-910	Roſen	Smell\_Source	_	_	
9-3	911-916	haben	_	_	_	
9-4	917-922	nicht	_	_	_	
9-5	923-931	einerley	_	_	_	
9-6	932-937	natur	_	_	_	
9-7	937-938	/	_	_	_	
9-8	939-941	we	_	_	_	
9-9	941-942	-	_	_	_	
9-10	943-946	gen	_	_	_	
9-11	947-957	ungleicher	_	_	_	
9-12	958-969	vermiſchung	_	_	_	
9-13	970-973	der	_	_	_	
9-14	974-983	Elementen	_	_	_	
9-15	983-984	.	_	_	_	

#Text=Von dem Waſſer uñ Erden habẽ ſieeine kalte
#Text=zuſam̃en ziehende krafft/ von dem Lufft ein
#Text=ſuͤßlichten und wolriechenden geſchmack und
#Text=geruch/
#Text=von dem Fewr ein geringe bitter-
#Text=keit und die rothe farb/ denn die rothen Ro-
#Text=ſen ſind waͤrmer in jhrer natur als die weiſ-
#Text=ſen.
10-1	987-990	Von	_	_	_	
10-2	991-994	dem	_	_	_	
10-3	995-1001	Waſſer	_	_	_	
10-4	1002-1004	uñ	_	_	_	
10-5	1005-1010	Erden	_	_	_	
10-6	1011-1015	habẽ	_	_	_	
10-7	1016-1023	ſieeine	_	_	_	
10-8	1024-1029	kalte	_	_	_	
10-9	1030-1038	zuſam̃en	_	_	_	
10-10	1039-1047	ziehende	_	_	_	
10-11	1048-1054	krafft	_	_	_	
10-12	1054-1055	/	_	_	_	
10-13	1056-1059	von	_	_	_	
10-14	1060-1063	dem	_	_	_	
10-15	1064-1069	Lufft	Odour\_Carrier	_	_	
10-16	1070-1073	ein	_	_	_	
10-17	1074-1085	ſuͤßlichten	Quality	_	_	
10-18	1086-1089	und	_	_	_	
10-19	1090-1103	wolriechenden	Quality	_	_	
10-20	1104-1113	geſchmack	_	_	_	
10-21	1114-1117	und	_	_	_	
10-22	1118-1124	geruch	Smell\_Word	*|*|*|*	10-17|10-19|10-15|9-2	
10-23	1124-1125	/	_	_	_	
10-24	1126-1129	von	_	_	_	
10-25	1130-1133	dem	_	_	_	
10-26	1134-1138	Fewr	_	_	_	
10-27	1139-1142	ein	_	_	_	
10-28	1143-1150	geringe	_	_	_	
10-29	1151-1157	bitter	_	_	_	
10-30	1157-1158	-	_	_	_	
10-31	1159-1163	keit	_	_	_	
10-32	1164-1167	und	_	_	_	
10-33	1168-1171	die	_	_	_	
10-34	1172-1177	rothe	_	_	_	
10-35	1178-1182	farb	_	_	_	
10-36	1182-1183	/	_	_	_	
10-37	1184-1188	denn	_	_	_	
10-38	1189-1192	die	_	_	_	
10-39	1193-1199	rothen	_	_	_	
10-40	1200-1202	Ro	_	_	_	
10-41	1202-1203	-	_	_	_	
10-42	1204-1207	ſen	_	_	_	
10-43	1208-1212	ſind	_	_	_	
10-44	1213-1220	waͤrmer	_	_	_	
10-45	1221-1223	in	_	_	_	
10-46	1224-1229	jhrer	_	_	_	
10-47	1230-1235	natur	_	_	_	
10-48	1236-1239	als	_	_	_	
10-49	1240-1243	die	_	_	_	
10-50	1244-1248	weiſ	_	_	_	
10-51	1248-1249	-	_	_	_	
10-52	1250-1253	ſen	_	_	_	
10-53	1253-1254	.	_	_	_	

#Text=Jn den friſchen und newen Roſen iſt
#Text=mehr bitterkeit als zuſammenziehung/ dero-
#Text=
#Text=halben
#Text=
#Text=\f
#Text=[240/0256
#Text=]
11-1	1255-1257	Jn	_	_	_	
11-2	1258-1261	den	_	_	_	
11-3	1262-1270	friſchen	_	_	_	
11-4	1271-1274	und	_	_	_	
11-5	1275-1280	newen	_	_	_	
11-6	1281-1286	Roſen	_	_	_	
11-7	1287-1290	iſt	_	_	_	
11-8	1291-1295	mehr	_	_	_	
11-9	1296-1306	bitterkeit	_	_	_	
11-10	1307-1310	als	_	_	_	
11-11	1311-1326	zuſammenziehung	_	_	_	
11-12	1326-1327	/	_	_	_	
11-13	1328-1332	dero	_	_	_	
11-14	1332-1333	-	_	_	_	
11-15	1335-1341	halben	_	_	_	
11-16	1345-1346	[	_	_	_	
11-17	1346-1349	240	_	_	_	
11-18	1349-1350	/	_	_	_	
11-19	1350-1354	0256	_	_	_	
11-20	1355-1356	]	_	_	_	
