#FORMAT=WebAnno TSV 3.3
#T_SP=custom.Span|label
#T_RL=custom.Relation|label|BT_custom.Span


#Text=Gummi Ani-
#Text=mæ
#Text=
#Text=Viel werden zwar meinen Worten
#Text=keinen Glauben geben, obgleich Da-
#Text=lechamp und andere auch davon ge-
#Text=handelt haben;
#Text=jedoch bin ich bereit der
#Text=Sache Wahrheit mit einem Stuͤcke von
#Text=ſolchem Gummi, das einer Fauſt dicke iſt,
#Text=und ich beſitze, zu erweiſen, denn daran
#Text=ſind alle dieſe vier Arten Gummi an ein-
#Text=ander gleichſam gefuͤget, zu ſehen.
1-1	3-8	Gummi	_	_	_	
1-2	9-12	Ani	_	_	_	
1-3	12-13	-	_	_	_	
1-4	14-16	mæ	_	_	_	
1-5	18-22	Viel	_	_	_	
1-6	23-29	werden	_	_	_	
1-7	30-34	zwar	_	_	_	
1-8	35-41	meinen	_	_	_	
1-9	42-48	Worten	_	_	_	
1-10	49-55	keinen	_	_	_	
1-11	56-63	Glauben	_	_	_	
1-12	64-69	geben	_	_	_	
1-13	69-70	,	_	_	_	
1-14	71-79	obgleich	_	_	_	
1-15	80-82	Da	_	_	_	
1-16	82-83	-	_	_	_	
1-17	84-91	lechamp	_	_	_	
1-18	92-95	und	_	_	_	
1-19	96-102	andere	_	_	_	
1-20	103-107	auch	_	_	_	
1-21	108-113	davon	_	_	_	
1-22	114-116	ge	_	_	_	
1-23	116-117	-	_	_	_	
1-24	118-125	handelt	_	_	_	
1-25	126-131	haben	_	_	_	
1-26	131-132	;	_	_	_	
1-27	133-139	jedoch	_	_	_	
1-28	140-143	bin	_	_	_	
1-29	144-147	ich	_	_	_	
1-30	148-154	bereit	_	_	_	
1-31	155-158	der	_	_	_	
1-32	159-164	Sache	_	_	_	
1-33	165-173	Wahrheit	_	_	_	
1-34	174-177	mit	_	_	_	
1-35	178-183	einem	_	_	_	
1-36	184-191	Stuͤcke	_	_	_	
1-37	192-195	von	_	_	_	
1-38	196-203	ſolchem	_	_	_	
1-39	204-209	Gummi	_	_	_	
1-40	209-210	,	_	_	_	
1-41	211-214	das	_	_	_	
1-42	215-220	einer	_	_	_	
1-43	221-226	Fauſt	_	_	_	
1-44	227-232	dicke	_	_	_	
1-45	233-236	iſt	_	_	_	
1-46	236-237	,	_	_	_	
1-47	238-241	und	_	_	_	
1-48	242-245	ich	_	_	_	
1-49	246-253	beſitze	_	_	_	
1-50	253-254	,	_	_	_	
1-51	255-257	zu	_	_	_	
1-52	258-266	erweiſen	_	_	_	
1-53	266-267	,	_	_	_	
1-54	268-272	denn	_	_	_	
1-55	273-278	daran	_	_	_	
1-56	279-283	ſind	_	_	_	
1-57	284-288	alle	_	_	_	
1-58	289-294	dieſe	_	_	_	
1-59	295-299	vier	_	_	_	
1-60	300-305	Arten	_	_	_	
1-61	306-311	Gummi	_	_	_	
1-62	312-314	an	_	_	_	
1-63	315-318	ein	_	_	_	
1-64	318-319	-	_	_	_	
1-65	320-325	ander	_	_	_	
1-66	326-335	gleichſam	_	_	_	
1-67	336-344	gefuͤget	_	_	_	
1-68	344-345	,	_	_	_	
1-69	346-348	zu	_	_	_	
1-70	349-354	ſehen	_	_	_	
1-71	354-355	.	_	_	_	

#Text=Der Baum, der dieſe vier Gummen
#Text=traͤgt, iſt nicht allzuhoch, und hat Blaͤt-
#Text=ter, wie die Myrtenbaͤume, waͤchſt
#Text=haͤuf-
#Text=fig in Africa/ Braſilia, und auf der
#Text=S.
2-1	359-362	Der	_	_	_	
2-2	363-367	Baum	_	_	_	
2-3	367-368	,	_	_	_	
2-4	369-372	der	_	_	_	
2-5	373-378	dieſe	_	_	_	
2-6	379-383	vier	_	_	_	
2-7	384-390	Gummen	_	_	_	
2-8	391-397	traͤgt	_	_	_	
2-9	397-398	,	_	_	_	
2-10	399-402	iſt	_	_	_	
2-11	403-408	nicht	_	_	_	
2-12	409-418	allzuhoch	_	_	_	
2-13	418-419	,	_	_	_	
2-14	420-423	und	_	_	_	
2-15	424-427	hat	_	_	_	
2-16	428-433	Blaͤt	_	_	_	
2-17	433-434	-	_	_	_	
2-18	435-438	ter	_	_	_	
2-19	438-439	,	_	_	_	
2-20	440-443	wie	_	_	_	
2-21	444-447	die	_	_	_	
2-22	448-460	Myrtenbaͤume	_	_	_	
2-23	460-461	,	_	_	_	
2-24	462-469	waͤchſt	_	_	_	
2-25	470-475	haͤuf	_	_	_	
2-26	475-476	-	_	_	_	
2-27	477-480	fig	_	_	_	
2-28	481-483	in	_	_	_	
2-29	484-490	Africa	_	_	_	
2-30	490-491	/	_	_	_	
2-31	492-500	Braſilia	_	_	_	
2-32	500-501	,	_	_	_	
2-33	502-505	und	_	_	_	
2-34	506-509	auf	_	_	_	
2-35	510-513	der	_	_	_	
2-36	514-515	S	_	_	_	
2-37	515-516	.	_	_	_	

#Text=Chriſtophels Jnſel, von dannen
#Text=mein Stuͤck hergekommen, ſo mir den
#Text=
#Text=31.
3-1	517-529	Chriſtophels	_	_	_	
3-2	530-535	Jnſel	_	_	_	
3-3	535-536	,	_	_	_	
3-4	537-540	von	_	_	_	
3-5	541-547	dannen	_	_	_	
3-6	548-552	mein	_	_	_	
3-7	553-559	Stuͤck	_	_	_	
3-8	560-571	hergekommen	_	_	_	
3-9	571-572	,	_	_	_	
3-10	573-575	ſo	_	_	_	
3-11	576-579	mir	_	_	_	
3-12	580-583	den	_	_	_	
3-13	585-587	31	_	_	_	
3-14	587-588	.	_	_	_	

#Text=Julius
#Text=1686.
#Text=von einem guten
#Text=Freunde verehret worden, der es von ei-
#Text=ner vornehmen Perſon, zu welcher er
#Text=von dem Gouverneur der gemeldten Jn-
#Text=ſel geſendet worden, erhalten hat.
4-1	589-595	Julius	_	_	_	
4-2	596-600	1686	_	_	_	
4-3	600-601	.	_	_	_	
4-4	602-605	von	_	_	_	
4-5	606-611	einem	_	_	_	
4-6	612-617	guten	_	_	_	
4-7	618-625	Freunde	_	_	_	
4-8	626-634	verehret	_	_	_	
4-9	635-641	worden	_	_	_	
4-10	641-642	,	_	_	_	
4-11	643-646	der	_	_	_	
4-12	647-649	es	_	_	_	
4-13	650-653	von	_	_	_	
4-14	654-656	ei	_	_	_	
4-15	656-657	-	_	_	_	
4-16	658-661	ner	_	_	_	
4-17	662-671	vornehmen	_	_	_	
4-18	672-678	Perſon	_	_	_	
4-19	678-679	,	_	_	_	
4-20	680-682	zu	_	_	_	
4-21	683-690	welcher	_	_	_	
4-22	691-693	er	_	_	_	
4-23	694-697	von	_	_	_	
4-24	698-701	dem	_	_	_	
4-25	702-712	Gouverneur	_	_	_	
4-26	713-716	der	_	_	_	
4-27	717-726	gemeldten	_	_	_	
4-28	727-729	Jn	_	_	_	
4-29	729-730	-	_	_	_	
4-30	731-734	ſel	_	_	_	
4-31	735-743	geſendet	_	_	_	
4-32	744-750	worden	_	_	_	
4-33	750-751	,	_	_	_	
4-34	752-760	erhalten	_	_	_	
4-35	761-764	hat	_	_	_	
4-36	764-765	.	_	_	_	

#Text=Dasjenige, das dem Agtſteine glei-
#Text=chet, zerſchmiltzet, wenn es angezuͤndet
#Text=oder verbrannt wird, und riecht wie
#Text=Gummi Lacca.
5-1	769-778	Dasjenige	Smell\_Source[1]	_	_	
5-2	778-779	,	Smell\_Source[1]	_	_	
5-3	780-783	das	Smell\_Source[1]	_	_	
5-4	784-787	dem	Smell\_Source[1]	_	_	
5-5	788-797	Agtſteine	Smell\_Source[1]	_	_	
5-6	798-802	glei	Smell\_Source[1]	_	_	
5-7	802-803	-	Smell\_Source[1]	_	_	
5-8	804-808	chet	Smell\_Source[1]	_	_	
5-9	808-809	,	_	_	_	
5-10	810-823	zerſchmiltzet	_	_	_	
5-11	823-824	,	_	_	_	
5-12	825-829	wenn	_	_	_	
5-13	830-832	es	_	_	_	
5-14	833-844	angezuͤndet	_	_	_	
5-15	845-849	oder	_	_	_	
5-16	850-859	verbrannt	_	_	_	
5-17	860-864	wird	_	_	_	
5-18	864-865	,	_	_	_	
5-19	866-869	und	_	_	_	
5-20	870-876	riecht	Smell\_Word	*|*	5-1[1_0]|5-21[2_0]	
5-21	877-880	wie	Evoked\_Odorant[2]	_	_	
5-22	881-886	Gummi	Evoked\_Odorant[2]	_	_	
5-23	887-892	Lacca	Evoked\_Odorant[2]	_	_	
5-24	892-893	.	_	_	_	

#Text=Das andere und ſchwartze zerſchmiltzt
#Text=ebenfalls, riecht aber viel anmuthiger.
6-1	897-900	Das	Smell\_Source[3]	_	_	
6-2	901-907	andere	Smell\_Source[3]	_	_	
6-3	908-911	und	Smell\_Source[3]	_	_	
6-4	912-921	ſchwartze	Smell\_Source[3]	_	_	
6-5	922-934	zerſchmiltzt	_	_	_	
6-6	935-944	ebenfalls	_	_	_	
6-7	944-945	,	_	_	_	
6-8	946-952	riecht	Smell\_Word	*|*	6-1[3_0]|6-10[4_0]	
6-9	953-957	aber	_	_	_	
6-10	958-962	viel	Quality[4]	_	_	
6-11	963-973	anmuthiger	Quality[4]	_	_	
6-12	973-974	.	_	_	_	

#Text=Das dritte aber, das wie Horn ſie-
#Text=het, hat faſt gar keinen Geruch, ſowohl
#Text=als das vierte, welches das Gummi Ani-
#Text=maͤ iſt.
7-1	978-981	Das	Smell\_Source[5]	_	_	
7-2	982-988	dritte	Smell\_Source[5]	_	_	
7-3	989-993	aber	Smell\_Source[5]	_	_	
7-4	993-994	,	Smell\_Source[5]	_	_	
7-5	995-998	das	Smell\_Source[5]	_	_	
7-6	999-1002	wie	Smell\_Source[5]	_	_	
7-7	1003-1007	Horn	Smell\_Source[5]	_	_	
7-8	1008-1011	ſie	Smell\_Source[5]	_	_	
7-9	1011-1012	-	Smell\_Source[5]	_	_	
7-10	1013-1016	het	Smell\_Source[5]	_	_	
7-11	1016-1017	,	_	_	_	
7-12	1018-1021	hat	_	_	_	
7-13	1022-1026	faſt	Quality[6]	_	_	
7-14	1027-1030	gar	Quality[6]	_	_	
7-15	1031-1037	keinen	Quality[6]	_	_	
7-16	1038-1044	Geruch	Smell\_Word	*|*|*	7-13[6_0]|7-1[5_0]|7-20[7_0]	
7-17	1044-1045	,	_	_	_	
7-18	1046-1052	ſowohl	_	_	_	
7-19	1053-1056	als	_	_	_	
7-20	1057-1060	das	Smell\_Source[7]	_	_	
7-21	1061-1067	vierte	Smell\_Source[7]	_	_	
7-22	1067-1068	,	_	_	_	
7-23	1069-1076	welches	_	_	_	
7-24	1077-1080	das	_	_	_	
7-25	1081-1086	Gummi	_	_	_	
7-26	1087-1090	Ani	_	_	_	
7-27	1090-1091	-	_	_	_	
7-28	1092-1095	maͤ	_	_	_	
7-29	1096-1099	iſt	_	_	_	
7-30	1099-1100	.	_	_	_	

#Text=Sehet alſo, was das wahrhafte
#Text=Cancamum ſey.
8-1	1103-1108	Sehet	_	_	_	
8-2	1109-1113	alſo	_	_	_	
8-3	1113-1114	,	_	_	_	
8-4	1115-1118	was	_	_	_	
8-5	1119-1122	das	_	_	_	
8-6	1123-1132	wahrhafte	_	_	_	
8-7	1133-1141	Cancamum	_	_	_	
8-8	1142-1145	ſey	_	_	_	
8-9	1145-1146	.	_	_	_	

#Text=Die deſſen habhaft
#Text=werden koͤnnen, moͤgen es, in Oel zer-
#Text=laſſen, zu Heilung der Wunden gebrau-
#Text=chen.
9-1	1147-1150	Die	_	_	_	
9-2	1151-1157	deſſen	_	_	_	
9-3	1158-1165	habhaft	_	_	_	
9-4	1166-1172	werden	_	_	_	
9-5	1173-1180	koͤnnen	_	_	_	
9-6	1180-1181	,	_	_	_	
9-7	1182-1188	moͤgen	_	_	_	
9-8	1189-1191	es	_	_	_	
9-9	1191-1192	,	_	_	_	
9-10	1193-1195	in	_	_	_	
9-11	1196-1199	Oel	_	_	_	
9-12	1200-1203	zer	_	_	_	
9-13	1203-1204	-	_	_	_	
9-14	1205-1211	laſſen	_	_	_	
9-15	1211-1212	,	_	_	_	
9-16	1213-1215	zu	_	_	_	
9-17	1216-1223	Heilung	_	_	_	
9-18	1224-1227	der	_	_	_	
9-19	1228-1234	Wunden	_	_	_	
9-20	1235-1241	gebrau	_	_	_	
9-21	1241-1242	-	_	_	_	
9-22	1243-1247	chen	_	_	_	
9-23	1247-1248	.	_	_	_	

#Text=Zu Stillung der Zahnſchmer-
#Text=tzen wird es ſo, wie es von dem Baume
#Text=kommt, aufgeleget.
10-1	1249-1251	Zu	_	_	_	
10-2	1252-1260	Stillung	_	_	_	
10-3	1261-1264	der	_	_	_	
10-4	1265-1275	Zahnſchmer	_	_	_	
10-5	1275-1276	-	_	_	_	
10-6	1277-1281	tzen	_	_	_	
10-7	1282-1286	wird	_	_	_	
10-8	1287-1289	es	_	_	_	
10-9	1290-1292	ſo	_	_	_	
10-10	1292-1293	,	_	_	_	
10-11	1294-1297	wie	_	_	_	
10-12	1298-1300	es	_	_	_	
10-13	1301-1304	von	_	_	_	
10-14	1305-1308	dem	_	_	_	
10-15	1309-1314	Baume	_	_	_	
10-16	1315-1320	kommt	_	_	_	
10-17	1320-1321	,	_	_	_	
10-18	1322-1332	aufgeleget	_	_	_	
10-19	1332-1333	.	_	_	_	

#Text=Weil aber wir zu Paris nur allein
#Text=das Gummi Animaͤ zu ſehen bekom̃en,
#Text=deswegen ſoll man daſſelbe ausſuchen,
#Text=welches weiß und trucken iſt, ſich leicht
#Text=zerreiben laͤßt, einen guten Geruch hat,
#Text=und ſo viel als moͤglich, weder gypſicht,
#Text=noch mit den andern Gummen vermi-
#Text=ſchet iſt:
11-1	1337-1341	Weil	_	_	_	
11-2	1342-1346	aber	_	_	_	
11-3	1347-1350	wir	_	_	_	
11-4	1351-1353	zu	_	_	_	
11-5	1354-1359	Paris	_	_	_	
11-6	1360-1363	nur	_	_	_	
11-7	1364-1370	allein	_	_	_	
11-8	1371-1374	das	_	_	_	
11-9	1375-1380	Gummi	_	_	_	
11-10	1381-1387	Animaͤ	_	_	_	
11-11	1388-1390	zu	_	_	_	
11-12	1391-1396	ſehen	_	_	_	
11-13	1397-1405	bekom̃en	_	_	_	
11-14	1405-1406	,	_	_	_	
11-15	1407-1415	deswegen	_	_	_	
11-16	1416-1420	ſoll	_	_	_	
11-17	1421-1424	man	_	_	_	
11-18	1425-1433	daſſelbe	Smell\_Source	_	_	
11-19	1434-1443	ausſuchen	Effect	_	_	
11-20	1443-1444	,	_	_	_	
11-21	1445-1452	welches	_	_	_	
11-22	1453-1457	weiß	_	_	_	
11-23	1458-1461	und	_	_	_	
11-24	1462-1469	trucken	_	_	_	
11-25	1470-1473	iſt	_	_	_	
11-26	1473-1474	,	_	_	_	
11-27	1475-1479	ſich	_	_	_	
11-28	1480-1486	leicht	_	_	_	
11-29	1487-1496	zerreiben	_	_	_	
11-30	1497-1502	laͤßt	_	_	_	
11-31	1502-1503	,	_	_	_	
11-32	1504-1509	einen	_	_	_	
11-33	1510-1515	guten	Quality	_	_	
11-34	1516-1522	Geruch	Smell\_Word	*|*|*	11-33|11-18|11-19	
11-35	1523-1526	hat	_	_	_	
11-36	1526-1527	,	_	_	_	
11-37	1528-1531	und	_	_	_	
11-38	1532-1534	ſo	_	_	_	
11-39	1535-1539	viel	_	_	_	
11-40	1540-1543	als	_	_	_	
11-41	1544-1552	moͤglich	_	_	_	
11-42	1552-1553	,	_	_	_	
11-43	1554-1559	weder	_	_	_	
11-44	1560-1568	gypſicht	_	_	_	
11-45	1568-1569	,	_	_	_	
11-46	1570-1574	noch	_	_	_	
11-47	1575-1578	mit	_	_	_	
11-48	1579-1582	den	_	_	_	
11-49	1583-1589	andern	_	_	_	
11-50	1590-1596	Gummen	_	_	_	
11-51	1597-1602	vermi	_	_	_	
11-52	1602-1603	-	_	_	_	
11-53	1604-1609	ſchet	_	_	_	
11-54	1610-1613	iſt	_	_	_	
11-55	1613-1614	:	_	_	_	
