#FORMAT=WebAnno TSV 3.3
#T_SP=custom.Span|label
#T_RL=custom.Relation|label|BT_custom.Span


#Text=Knoͤpflein wie ein Gerſtenkorn/
#Text=doch groͤſſer/ gantz
#Text=fett
#Text=und oͤlicht/ gelblicht an der Farb/ und klebericht/ eines
#Text=angenehmen Geruchs/ daraus endlich die Blaͤtter er-
#Text=wachſen;
#Text=in der Apotheken heiſſt man ſie Alberbroſſen.
1-1	3-13	Knoͤpflein	Smell\_Source	_	_	
1-2	14-17	wie	_	_	_	
1-3	18-21	ein	_	_	_	
1-4	22-33	Gerſtenkorn	_	_	_	
1-5	33-34	/	_	_	_	
1-6	35-39	doch	_	_	_	
1-7	40-48	groͤſſer	_	_	_	
1-8	48-49	/	_	_	_	
1-9	50-55	gantz	_	_	_	
1-10	56-60	fett	_	_	_	
1-11	61-64	und	_	_	_	
1-12	65-72	oͤlicht	_	_	_	
1-13	72-73	/	_	_	_	
1-14	74-83	gelblicht	_	_	_	
1-15	84-86	an	_	_	_	
1-16	87-90	der	_	_	_	
1-17	91-95	Farb	_	_	_	
1-18	95-96	/	_	_	_	
1-19	97-100	und	_	_	_	
1-20	101-111	klebericht	_	_	_	
1-21	111-112	/	_	_	_	
1-22	113-118	eines	_	_	_	
1-23	119-129	angenehmen	Quality	_	_	
1-24	130-137	Geruchs	Smell\_Word	*|*	1-23|1-1	
1-25	137-138	/	_	_	_	
1-26	139-145	daraus	_	_	_	
1-27	146-153	endlich	_	_	_	
1-28	154-157	die	_	_	_	
1-29	158-166	Blaͤtter	_	_	_	
1-30	167-169	er	_	_	_	
1-31	169-170	-	_	_	_	
1-32	171-178	wachſen	_	_	_	
1-33	178-179	;	_	_	_	
1-34	180-182	in	_	_	_	
1-35	183-186	der	_	_	_	
1-36	187-196	Apotheken	_	_	_	
1-37	197-203	heiſſt	_	_	_	
1-38	204-207	man	_	_	_	
1-39	208-211	ſie	_	_	_	
1-40	212-224	Alberbroſſen	_	_	_	
1-41	224-225	.	_	_	_	

#Text=Auf dieſem Baum wachſen auch (wie Tabernæmonta-
#Text=nus bezeuget)
#Text=laͤnglichte
#Text=Zapffen/
#Text=nach welchen traͤublich-
#Text=
#Text=te Aeſtlein kommen/ mit runden Beeren beſetzt/
#Text=welche
#Text=wann ſie zeitig werden/ wie eine Woll verfliegen;
#Text=dieſer
#Text=wurtzelt beſſer und feſter ein/ als die erſte Art/ er waͤchſet
#Text=
#Text=auch hoͤher/ und wird bißweilen an ſeinem Stamm
#Text=ein
#Text=Hartz/ wie an den Kirſchbaͤumen gefunden/
#Text=ſo warm iſt
#Text=im andern Grad/ und hat eine Krafft zu reinigen und zu
#Text=ſaͤubern.
2-1	228-231	Auf	_	_	_	
2-2	232-238	dieſem	_	_	_	
2-3	239-243	Baum	_	_	_	
2-4	244-251	wachſen	_	_	_	
2-5	252-256	auch	_	_	_	
2-6	257-258	(	_	_	_	
2-7	258-261	wie	_	_	_	
2-8	262-274	Tabernæmonta	_	_	_	
2-9	274-275	-	_	_	_	
2-10	276-279	nus	_	_	_	
2-11	280-288	bezeuget	_	_	_	
2-12	288-289	)	_	_	_	
2-13	290-301	laͤnglichte	_	_	_	
2-14	302-309	Zapffen	_	_	_	
2-15	309-310	/	_	_	_	
2-16	311-315	nach	_	_	_	
2-17	316-323	welchen	_	_	_	
2-18	324-334	traͤublich	_	_	_	
2-19	334-335	-	_	_	_	
2-20	337-339	te	_	_	_	
2-21	340-348	Aeſtlein	_	_	_	
2-22	349-355	kommen	_	_	_	
2-23	355-356	/	_	_	_	
2-24	357-360	mit	_	_	_	
2-25	361-367	runden	_	_	_	
2-26	368-374	Beeren	_	_	_	
2-27	375-382	beſetzt	_	_	_	
2-28	382-383	/	_	_	_	
2-29	384-390	welche	_	_	_	
2-30	391-395	wann	_	_	_	
2-31	396-399	ſie	_	_	_	
2-32	400-406	zeitig	_	_	_	
2-33	407-413	werden	_	_	_	
2-34	413-414	/	_	_	_	
2-35	415-418	wie	_	_	_	
2-36	419-423	eine	_	_	_	
2-37	424-428	Woll	_	_	_	
2-38	429-439	verfliegen	_	_	_	
2-39	439-440	;	_	_	_	
2-40	441-447	dieſer	_	_	_	
2-41	448-456	wurtzelt	_	_	_	
2-42	457-463	beſſer	_	_	_	
2-43	464-467	und	_	_	_	
2-44	468-474	feſter	_	_	_	
2-45	475-478	ein	_	_	_	
2-46	478-479	/	_	_	_	
2-47	480-483	als	_	_	_	
2-48	484-487	die	_	_	_	
2-49	488-493	erſte	_	_	_	
2-50	494-497	Art	_	_	_	
2-51	497-498	/	_	_	_	
2-52	499-501	er	_	_	_	
2-53	502-510	waͤchſet	_	_	_	
2-54	512-516	auch	_	_	_	
2-55	517-523	hoͤher	_	_	_	
2-56	523-524	/	_	_	_	
2-57	525-528	und	_	_	_	
2-58	529-533	wird	_	_	_	
2-59	534-543	bißweilen	_	_	_	
2-60	544-546	an	_	_	_	
2-61	547-553	ſeinem	_	_	_	
2-62	554-559	Stamm	_	_	_	
2-63	560-563	ein	_	_	_	
2-64	564-569	Hartz	_	_	_	
2-65	569-570	/	_	_	_	
2-66	571-574	wie	_	_	_	
2-67	575-577	an	_	_	_	
2-68	578-581	den	_	_	_	
2-69	582-595	Kirſchbaͤumen	_	_	_	
2-70	596-604	gefunden	_	_	_	
2-71	604-605	/	_	_	_	
2-72	606-608	ſo	_	_	_	
2-73	609-613	warm	_	_	_	
2-74	614-617	iſt	_	_	_	
2-75	618-620	im	_	_	_	
2-76	621-627	andern	_	_	_	
2-77	628-632	Grad	_	_	_	
2-78	632-633	/	_	_	_	
2-79	634-637	und	_	_	_	
2-80	638-641	hat	_	_	_	
2-81	642-646	eine	_	_	_	
2-82	647-653	Krafft	_	_	_	
2-83	654-656	zu	_	_	_	
2-84	657-665	reinigen	_	_	_	
2-85	666-669	und	_	_	_	
2-86	670-672	zu	_	_	_	
2-87	673-681	ſaͤubern	_	_	_	
2-88	681-682	.	_	_	_	

#Text=Die Rinden von den Albern gekocht/ ſoll gut
#Text=fuͤr das Huͤfft- und Lendenwehe ſeyn/ wie Serenus be-
#Text=zeuget:
#Text=
#Text=
#Text=Sæpius occultus victâ coxendice morbus
#Text=
#Text=Perfurit, & greſſus diro languore moratur;
#Text=
#Text=Populus alba dabit medicos de cortice potus.
3-1	683-686	Die	_	_	_	
3-2	687-693	Rinden	_	_	_	
3-3	694-697	von	_	_	_	
3-4	698-701	den	_	_	_	
3-5	702-708	Albern	_	_	_	
3-6	709-716	gekocht	_	_	_	
3-7	716-717	/	_	_	_	
3-8	718-722	ſoll	_	_	_	
3-9	723-726	gut	_	_	_	
3-10	727-731	fuͤr	_	_	_	
3-11	732-735	das	_	_	_	
3-12	736-742	Huͤfft	_	_	_	
3-13	742-743	-	_	_	_	
3-14	744-747	und	_	_	_	
3-15	748-758	Lendenwehe	_	_	_	
3-16	759-763	ſeyn	_	_	_	
3-17	763-764	/	_	_	_	
3-18	765-768	wie	_	_	_	
3-19	769-776	Serenus	_	_	_	
3-20	777-779	be	_	_	_	
3-21	779-780	-	_	_	_	
3-22	781-787	zeuget	_	_	_	
3-23	787-788	:	_	_	_	
3-24	791-797	Sæpius	_	_	_	
3-25	798-806	occultus	_	_	_	
3-26	807-812	victâ	_	_	_	
3-27	813-822	coxendice	_	_	_	
3-28	823-829	morbus	_	_	_	
3-29	831-839	Perfurit	_	_	_	
3-30	839-840	,	_	_	_	
3-31	841-842	&	_	_	_	
3-32	843-850	greſſus	_	_	_	
3-33	851-855	diro	_	_	_	
3-34	856-864	languore	_	_	_	
3-35	865-872	moratur	_	_	_	
3-36	872-873	;	_	_	_	
3-37	875-882	Populus	_	_	_	
3-38	883-887	alba	_	_	_	
3-39	888-893	dabit	_	_	_	
3-40	894-901	medicos	_	_	_	
3-41	902-904	de	_	_	_	
3-42	905-912	cortice	_	_	_	
3-43	913-918	potus	_	_	_	
3-44	918-919	.	_	_	_	
