#FORMAT=WebAnno TSV 3.3
#T_SP=custom.Span|label


#Text=ſtaͤrcket das
#Text=Zahnfleiſch/ und vertreibet die Blattern
#Text=
#Text=im Munde.
1-1	2-11	ſtaͤrcket	_	
1-2	12-15	das	_	
1-3	16-27	Zahnfleiſch	_	
1-4	27-28	/	_	
1-5	29-32	und	_	
1-6	33-43	vertreibet	_	
1-7	44-47	die	_	
1-8	48-56	Blattern	_	
1-9	58-60	im	_	
1-10	61-66	Munde	_	
1-11	66-67	.	_	

#Text=Sycomorus Lonic:
#Text=Adams-
#Text=feige/ n.
#Text=1248.
2-1	68-77	Sycomorus	_	
2-2	78-83	Lonic	_	
2-3	83-84	:	_	
2-4	85-90	Adams	_	
2-5	90-91	-	_	
2-6	92-97	feige	_	
2-7	97-98	/	_	
2-8	99-100	n	_	
2-9	100-101	.	_	
2-10	102-106	1248	_	
2-11	106-107	.	_	

#Text=Pſeudoſycomorus Matt.
3-1	108-123	Pſeudoſycomorus	_	
3-2	124-128	Matt	_	
3-3	128-129	.	_	

#Text=n.
#Text=1249.
4-1	131-132	n	_	
4-2	132-133	.	_	
4-3	134-138	1249	_	
4-4	138-139	.	_	

#Text=Morus Basſus, v.
5-1	143-148	Morus	_	
5-2	149-155	Basſus	_	
5-3	155-156	,	_	
5-4	157-158	v	_	
5-5	158-159	.	_	

#Text=Rubus.
6-1	160-165	Rubus	_	
6-2	165-166	.	_	

#Text=Moſchata nux, aromatica, Myti-
#Text=ſtica, Moſchocaryon, Mußkaten nuß:
#Text=
#Text=Macis, Mußkaten Blumen/ num.
#Text=1232.
7-1	170-178	Moſchata	_	
7-2	179-182	nux	_	
7-3	182-183	,	_	
7-4	184-193	aromatica	_	
7-5	193-194	,	_	
7-6	195-199	Myti	_	
7-7	199-200	-	_	
7-8	201-206	ſtica	_	
7-9	206-207	,	_	
7-10	208-220	Moſchocaryon	_	
7-11	220-221	,	_	
7-12	222-230	Mußkaten	_	
7-13	231-234	nuß	_	
7-14	234-235	:	_	
7-15	237-242	Macis	_	
7-16	242-243	,	_	
7-17	244-252	Mußkaten	_	
7-18	253-259	Blumen	_	
7-19	259-260	/	_	
7-20	261-264	num	_	
7-21	264-265	.	_	
7-22	266-270	1232	_	
7-23	270-271	.	_	

#Text=Dienen dem Magen/ Hertz/
#Text=Haupt
#Text=und Mutter: Mindern die Miltz/
#Text=ſtil-
#Text=len das Brechen und Durchlauff:
#Text=Helf-
#Text=fen daͤuen/ erquicken das Kind im Mut-
#Text=terleibe/ inſonderheit die eingemachten/
#Text=
#Text=machen einen lieblichen Athem.
8-1	273-279	Dienen	_	
8-2	280-283	dem	_	
8-3	284-289	Magen	_	
8-4	289-290	/	_	
8-5	291-296	Hertz	_	
8-6	296-297	/	_	
8-7	298-303	Haupt	_	
8-8	304-307	und	_	
8-9	308-314	Mutter	_	
8-10	314-315	:	_	
8-11	316-323	Mindern	_	
8-12	324-327	die	_	
8-13	328-333	Miltz	_	
8-14	333-334	/	_	
8-15	335-339	ſtil	_	
8-16	339-340	-	_	
8-17	341-344	len	_	
8-18	345-348	das	_	
8-19	349-356	Brechen	_	
8-20	357-360	und	_	
8-21	361-371	Durchlauff	_	
8-22	371-372	:	_	
8-23	373-377	Helf	_	
8-24	377-378	-	_	
8-25	379-382	fen	_	
8-26	383-389	daͤuen	_	
8-27	389-390	/	_	
8-28	391-400	erquicken	_	
8-29	401-404	das	_	
8-30	405-409	Kind	_	
8-31	410-412	im	_	
8-32	413-416	Mut	_	
8-33	416-417	-	_	
8-34	418-426	terleibe	_	
8-35	426-427	/	_	
8-36	428-440	inſonderheit	_	
8-37	441-444	die	_	
8-38	445-457	eingemachten	_	
8-39	457-458	/	_	
8-40	460-466	machen	_	
8-41	467-472	einen	_	
8-42	473-483	lieblichen	Quality	
8-43	484-489	Athem	Smell\_Source	
8-44	489-490	.	_	

#Text=Muß-
#Text=katen Oel- oder Balſam iſt auch ſo be-
#Text=kandt/
#Text=daß faſt keine Balſambuͤchſe zu
#Text=finden/ darin derſelbe nicht ſolte mit ver-
#Text=handen ſeyn:
9-1	491-494	Muß	_	
9-2	494-495	-	_	
9-3	496-501	katen	_	
9-4	502-505	Oel	_	
9-5	505-506	-	_	
9-6	507-511	oder	_	
9-7	512-518	Balſam	_	
9-8	519-522	iſt	_	
9-9	523-527	auch	_	
9-10	528-530	ſo	_	
9-11	531-533	be	_	
9-12	533-534	-	_	
9-13	535-540	kandt	_	
9-14	540-541	/	_	
9-15	542-545	daß	_	
9-16	546-550	faſt	_	
9-17	551-556	keine	_	
9-18	557-570	Balſambuͤchſe	_	
9-19	571-573	zu	_	
9-20	574-580	finden	_	
9-21	580-581	/	_	
9-22	582-587	darin	_	
9-23	588-596	derſelbe	_	
9-24	597-602	nicht	_	
9-25	603-608	ſolte	_	
9-26	609-612	mit	_	
9-27	613-616	ver	_	
9-28	616-617	-	_	
9-29	618-624	handen	_	
9-30	625-629	ſeyn	_	
9-31	629-630	:	_	
