#FORMAT=WebAnno TSV 3.3
#T_SP=custom.Span|label
#T_RL=custom.Relation|label|BT_custom.Span


#Text=Wenn dem baum
#Text=die Rinde genommen/
#Text=ſo muß er ohngefehr
#Text=drey Jahr zeit haben/ ehe und bevor er eine
#Text=
#Text=newe Canellſchale bekombt;
#Text=inzwiſchen ſchei-
#Text=net es/ (wie leicht zu erachten) als wollte
#Text=der baum verdorꝛen;
#Text=erhaͤlt dennoch hernach
#Text=ſeine vorige Eigenſchafft
#Text=wider
#Text=.
1-1	2-6	Wenn	_	_	_	
1-2	7-10	dem	_	_	_	
1-3	11-15	baum	_	_	_	
1-4	16-19	die	_	_	_	
1-5	20-25	Rinde	_	_	_	
1-6	26-34	genommen	_	_	_	
1-7	34-35	/	_	_	_	
1-8	36-38	ſo	_	_	_	
1-9	39-42	muß	_	_	_	
1-10	43-45	er	_	_	_	
1-11	46-55	ohngefehr	_	_	_	
1-12	56-60	drey	_	_	_	
1-13	61-65	Jahr	_	_	_	
1-14	66-70	zeit	_	_	_	
1-15	71-76	haben	_	_	_	
1-16	76-77	/	_	_	_	
1-17	78-81	ehe	_	_	_	
1-18	82-85	und	_	_	_	
1-19	86-91	bevor	_	_	_	
1-20	92-94	er	_	_	_	
1-21	95-99	eine	_	_	_	
1-22	101-105	newe	_	_	_	
1-23	106-118	Canellſchale	_	_	_	
1-24	119-126	bekombt	_	_	_	
1-25	126-127	;	_	_	_	
1-26	128-138	inzwiſchen	_	_	_	
1-27	139-144	ſchei	_	_	_	
1-28	144-145	-	_	_	_	
1-29	146-149	net	_	_	_	
1-30	150-152	es	_	_	_	
1-31	152-153	/	_	_	_	
1-32	154-155	(	_	_	_	
1-33	155-158	wie	_	_	_	
1-34	159-165	leicht	_	_	_	
1-35	166-168	zu	_	_	_	
1-36	169-177	erachten	_	_	_	
1-37	177-178	)	_	_	_	
1-38	179-182	als	_	_	_	
1-39	183-189	wollte	_	_	_	
1-40	190-193	der	_	_	_	
1-41	194-198	baum	_	_	_	
1-42	199-208	verdorꝛen	_	_	_	
1-43	208-209	;	_	_	_	
1-44	210-217	erhaͤlt	_	_	_	
1-45	218-225	dennoch	_	_	_	
1-46	226-233	hernach	_	_	_	
1-47	234-239	ſeine	_	_	_	
1-48	240-246	vorige	_	_	_	
1-49	247-259	Eigenſchafft	_	_	_	
1-50	260-265	wider	_	_	_	
1-51	266-267	.	_	_	_	

#Text=Zwiſchen
#Text=
#Text=Puntogale und Negumbo waͤchſt
#Text=der beſte
#Text=und reineſte Canell/ welcher dreyerley gat-
#Text=tung iſt/ nemlich der feinſte/ feine/ und
#Text=unfeinſte oder groͤbſte/ welcher von den al-
#Text=ten baͤumen gebrochen wird.
2-1	268-276	Zwiſchen	_	_	_	
2-2	278-287	Puntogale	_	_	_	
2-3	288-291	und	_	_	_	
2-4	292-299	Negumbo	_	_	_	
2-5	300-307	waͤchſt	_	_	_	
2-6	308-311	der	_	_	_	
2-7	312-317	beſte	_	_	_	
2-8	318-321	und	_	_	_	
2-9	322-330	reineſte	_	_	_	
2-10	331-337	Canell	_	_	_	
2-11	337-338	/	_	_	_	
2-12	339-346	welcher	_	_	_	
2-13	347-356	dreyerley	_	_	_	
2-14	357-360	gat	_	_	_	
2-15	360-361	-	_	_	_	
2-16	362-366	tung	_	_	_	
2-17	367-370	iſt	_	_	_	
2-18	370-371	/	_	_	_	
2-19	372-379	nemlich	_	_	_	
2-20	380-383	der	_	_	_	
2-21	384-391	feinſte	_	_	_	
2-22	391-392	/	_	_	_	
2-23	393-398	feine	_	_	_	
2-24	398-399	/	_	_	_	
2-25	400-403	und	_	_	_	
2-26	404-413	unfeinſte	_	_	_	
2-27	414-418	oder	_	_	_	
2-28	419-427	groͤbſte	_	_	_	
2-29	427-428	/	_	_	_	
2-30	429-436	welcher	_	_	_	
2-31	437-440	von	_	_	_	
2-32	441-444	den	_	_	_	
2-33	445-447	al	_	_	_	
2-34	447-448	-	_	_	_	
2-35	449-452	ten	_	_	_	
2-36	453-460	baͤumen	_	_	_	
2-37	461-470	gebrochen	_	_	_	
2-38	471-475	wird	_	_	_	
2-39	475-476	.	_	_	_	

#Text=Es wird auch
#Text=ein wilder Canellbaum gefunden auff Ma-
#Text=labar.
3-1	477-479	Es	_	_	_	
3-2	480-484	wird	_	_	_	
3-3	485-489	auch	_	_	_	
3-4	490-493	ein	_	_	_	
3-5	494-500	wilder	_	_	_	
3-6	501-511	Canellbaum	_	_	_	
3-7	512-520	gefunden	_	_	_	
3-8	521-525	auff	_	_	_	
3-9	526-528	Ma	_	_	_	
3-10	528-529	-	_	_	_	
3-11	530-535	labar	_	_	_	
3-12	535-536	.	_	_	_	

#Text=Die Einwohner zimmeren offt ihre
#Text=Haͤuſer auß Canell-baͤumen/ oder bedienen
#Text=ſich des holtzes in den kuchen/ zum kochen
#Text=und braten/ welches alsdann einen liebli-
#Text=chen geruch von ſich gibt.
4-1	537-540	Die	_	_	_	
4-2	541-550	Einwohner	Perceiver	_	_	
4-3	551-559	zimmeren	_	_	_	
4-4	560-564	offt	_	_	_	
4-5	565-569	ihre	_	_	_	
4-6	570-577	Haͤuſer	_	_	_	
4-7	578-581	auß	_	_	_	
4-8	582-596	Canell-baͤumen	Smell\_Source	_	_	
4-9	596-597	/	_	_	_	
4-10	598-602	oder	_	_	_	
4-11	603-611	bedienen	Circumstances[1]	_	_	
4-12	612-616	ſich	Circumstances[1]	_	_	
4-13	617-620	des	Circumstances[1]	_	_	
4-14	621-628	holtzes	Circumstances[1]	_	_	
4-15	629-631	in	Circumstances[1]	_	_	
4-16	632-635	den	Circumstances[1]	_	_	
4-17	636-642	kuchen	Circumstances[1]	_	_	
4-18	642-643	/	Circumstances[1]	_	_	
4-19	644-647	zum	Circumstances[1]	_	_	
4-20	648-654	kochen	Circumstances[1]	_	_	
4-21	655-658	und	Circumstances[1]	_	_	
4-22	659-665	braten	Circumstances[1]	_	_	
4-23	665-666	/	_	_	_	
4-24	667-674	welches	_	_	_	
4-25	675-682	alsdann	_	_	_	
4-26	683-688	einen	_	_	_	
4-27	689-695	liebli	Quality[2]	_	_	
4-28	695-696	-	Quality[2]	_	_	
4-29	697-701	chen	Quality[2]	_	_	
4-30	702-708	geruch	Smell\_Word	*|*|*	4-8|4-27[2_0]|4-11[1_0]	
4-31	709-712	von	_	_	_	
4-32	713-717	ſich	_	_	_	
4-33	718-722	gibt	_	_	_	
4-34	722-723	.	_	_	_	

#Text=Und ob gleich
#Text=der Canell im dritten grad warm zu ſeyn
#Text=befunden wird/
#Text=ſo fleuͤßt dennoch auß der
#Text=ſafftreichen wurtzel/ nicht nur ein wohlrie-
#Text=hendes Waſſer hervor/ ſondern auch eine
#Text=Art Camffer.
5-1	724-727	Und	_	_	_	
5-2	728-730	ob	_	_	_	
5-3	731-737	gleich	_	_	_	
5-4	738-741	der	_	_	_	
5-5	742-748	Canell	_	_	_	
5-6	749-751	im	_	_	_	
5-7	752-759	dritten	_	_	_	
5-8	760-764	grad	_	_	_	
5-9	765-769	warm	_	_	_	
5-10	770-772	zu	_	_	_	
5-11	773-777	ſeyn	_	_	_	
5-12	778-786	befunden	_	_	_	
5-13	787-791	wird	_	_	_	
5-14	791-792	/	_	_	_	
5-15	793-795	ſo	_	_	_	
5-16	796-803	fleuͤßt	_	_	_	
5-17	804-811	dennoch	_	_	_	
5-18	812-815	auß	_	_	_	
5-19	816-819	der	_	_	_	
5-20	820-832	ſafftreichen	_	_	_	
5-21	833-840	wurtzel	Smell\_Source	_	_	
5-22	840-841	/	_	_	_	
5-23	842-847	nicht	_	_	_	
5-24	848-851	nur	_	_	_	
5-25	852-855	ein	_	_	_	
5-26	856-863	wohlrie	Quality[3]|Smell\_Word[4]	*	5-29[0_4]	
5-27	863-864	-	Quality[3]|Smell\_Word[4]	_	_	
5-28	865-871	hendes	Quality[3]|Smell\_Word[4]	_	_	
5-29	872-878	Waſſer	Smell\_Source	*	5-21	
5-30	879-885	hervor	_	_	_	
5-31	885-886	/	_	_	_	
5-32	887-894	ſondern	_	_	_	
5-33	895-899	auch	_	_	_	
5-34	900-904	eine	_	_	_	
5-35	905-908	Art	_	_	_	
5-36	909-916	Camffer	_	_	_	
5-37	916-917	.	_	_	_	

#Text=Die Einwohner wiſſen
#Text=die gruͤne Canell-ſchale ſehr kuͤnſtlich und uͤ-
#Text=
#Text=ber die maſſen ſubtil/ in kleine kaͤſtlein/ laden
#Text=
#Text=und ſtaͤbe einzulegen/ wie ich denn auch
#Text=ſelbſt dergleichen gehabt habe/ die mit fei-
#Text=nem Canell gezieret und eingelegt waren.
6-1	918-921	Die	_	_	_	
6-2	922-931	Einwohner	_	_	_	
6-3	932-938	wiſſen	_	_	_	
6-4	939-942	die	_	_	_	
6-5	943-949	gruͤne	_	_	_	
6-6	950-963	Canell-ſchale	_	_	_	
6-7	964-968	ſehr	_	_	_	
6-8	969-979	kuͤnſtlich	_	_	_	
6-9	980-983	und	_	_	_	
6-10	984-986	uͤ	_	_	_	
6-11	986-987	-	_	_	_	
6-12	989-992	ber	_	_	_	
6-13	993-996	die	_	_	_	
6-14	997-1003	maſſen	_	_	_	
6-15	1004-1010	ſubtil	_	_	_	
6-16	1010-1011	/	_	_	_	
6-17	1012-1014	in	_	_	_	
6-18	1015-1021	kleine	_	_	_	
6-19	1022-1031	kaͤſtlein	_	_	_	
6-20	1031-1032	/	_	_	_	
6-21	1033-1038	laden	_	_	_	
6-22	1040-1043	und	_	_	_	
6-23	1044-1050	ſtaͤbe	_	_	_	
6-24	1051-1061	einzulegen	_	_	_	
6-25	1061-1062	/	_	_	_	
6-26	1063-1066	wie	_	_	_	
6-27	1067-1070	ich	_	_	_	
6-28	1071-1075	denn	_	_	_	
6-29	1076-1080	auch	_	_	_	
6-30	1081-1087	ſelbſt	_	_	_	
6-31	1088-1099	dergleichen	_	_	_	
6-32	1100-1106	gehabt	_	_	_	
6-33	1107-1111	habe	_	_	_	
6-34	1111-1112	/	_	_	_	
6-35	1113-1116	die	_	_	_	
6-36	1117-1120	mit	_	_	_	
6-37	1121-1124	fei	_	_	_	
6-38	1124-1125	-	_	_	_	
6-39	1126-1129	nem	_	_	_	
6-40	1130-1136	Canell	_	_	_	
6-41	1137-1145	gezieret	_	_	_	
6-42	1146-1149	und	_	_	_	
6-43	1150-1159	eingelegt	_	_	_	
6-44	1160-1165	waren	_	_	_	
6-45	1165-1166	.	_	_	_	

#Text=So
#Text=viel Herꝛ Schultzen.
7-1	1167-1169	So	_	_	_	
7-2	1170-1174	viel	_	_	_	
7-3	1175-1179	Herꝛ	_	_	_	
7-4	1180-1189	Schultzen	_	_	_	
7-5	1189-1190	.	_	_	_	

#Text=Den Canell oder Zimmet beſchreibet Phi-
#Text=lippus Baldæus, weiland Diener deß Goͤttli-
#Text=chen Worts auff Zeilon/ in ſeinem Buch von
#Text=der groſſen und beruͤhmten Jnſul Zeilon im
#Text=50.
8-1	1194-1197	Den	_	_	_	
8-2	1198-1204	Canell	_	_	_	
8-3	1205-1209	oder	_	_	_	
8-4	1210-1216	Zimmet	_	_	_	
8-5	1217-1228	beſchreibet	_	_	_	
8-6	1229-1232	Phi	_	_	_	
8-7	1232-1233	-	_	_	_	
8-8	1234-1240	lippus	_	_	_	
8-9	1241-1248	Baldæus	_	_	_	
8-10	1248-1249	,	_	_	_	
8-11	1250-1257	weiland	_	_	_	
8-12	1258-1264	Diener	_	_	_	
8-13	1265-1268	deß	_	_	_	
8-14	1269-1276	Goͤttli	_	_	_	
8-15	1276-1277	-	_	_	_	
8-16	1278-1282	chen	_	_	_	
8-17	1283-1288	Worts	_	_	_	
8-18	1289-1293	auff	_	_	_	
8-19	1294-1300	Zeilon	_	_	_	
8-20	1300-1301	/	_	_	_	
8-21	1302-1304	in	_	_	_	
8-22	1305-1311	ſeinem	_	_	_	
8-23	1312-1316	Buch	_	_	_	
8-24	1317-1320	von	_	_	_	
8-25	1321-1324	der	_	_	_	
8-26	1325-1332	groſſen	_	_	_	
8-27	1333-1336	und	_	_	_	
8-28	1337-1347	beruͤhmten	_	_	_	
8-29	1348-1353	Jnſul	_	_	_	
8-30	1354-1360	Zeilon	_	_	_	
8-31	1361-1363	im	_	_	_	
8-32	1364-1366	50	_	_	_	
8-33	1366-1367	.	_	_	_	

#Text=Cap. alſo.
9-1	1368-1371	Cap	_	_	_	
9-2	1371-1372	.	_	_	_	
9-3	1373-1377	alſo	_	_	_	
9-4	1377-1378	.	_	_	_	

#Text=Der Canell faͤllt allein auff
#Text=dieſer Jnſull ſchoͤn und rein/ wie er mag ge-
#Text=wuͤnſchet werden.
10-1	1379-1382	Der	_	_	_	
10-2	1383-1389	Canell	_	_	_	
10-3	1390-1396	faͤllt	_	_	_	
10-4	1397-1403	allein	_	_	_	
10-5	1404-1408	auff	_	_	_	
10-6	1409-1415	dieſer	_	_	_	
10-7	1416-1422	Jnſull	_	_	_	
10-8	1423-1429	ſchoͤn	_	_	_	
10-9	1430-1433	und	_	_	_	
10-10	1434-1438	rein	_	_	_	
10-11	1438-1439	/	_	_	_	
10-12	1440-1443	wie	_	_	_	
10-13	1444-1446	er	_	_	_	
10-14	1447-1450	mag	_	_	_	
10-15	1451-1453	ge	_	_	_	
10-16	1453-1454	-	_	_	_	
10-17	1455-1464	wuͤnſchet	_	_	_	
10-18	1465-1471	werden	_	_	_	
10-19	1471-1472	.	_	_	_	
