#FORMAT=WebAnno TSV 3.3


#Text=13 Et cum venisset Samuel ad Saul, dixit ei Saul : Benedictus tu Domino : implevi verbum Domini.
#Text=14 Dixitque Samuel : Et quæ est hæc vox gregum, quæ resonat in auribus meis, et armentorum, quam ego audio ?
1-1	2-4	13	
1-2	5-7	Et	
1-3	8-11	cum	
1-4	12-20	venisset	
1-5	21-27	Samuel	
1-6	28-30	ad	
1-7	31-35	Saul	
1-8	35-36	,	
1-9	37-42	dixit	
1-10	43-45	ei	
1-11	46-50	Saul	
1-12	51-52	:	
1-13	53-63	Benedictus	
1-14	64-66	tu	
1-15	67-73	Domino	
1-16	74-75	:	
1-17	76-83	implevi	
1-18	84-90	verbum	
1-19	91-97	Domini	
1-20	97-98	.	
1-21	99-101	14	
1-22	102-110	Dixitque	
1-23	111-117	Samuel	
1-24	118-119	:	
1-25	120-122	Et	
1-26	123-126	quæ	
1-27	127-130	est	
1-28	131-134	hæc	
1-29	135-138	vox	
1-30	139-145	gregum	
1-31	145-146	,	
1-32	147-150	quæ	
1-33	151-158	resonat	
1-34	159-161	in	
1-35	162-169	auribus	
1-36	170-174	meis	
1-37	174-175	,	
1-38	176-178	et	
1-39	179-189	armentorum	
1-40	189-190	,	
1-41	191-195	quam	
1-42	196-199	ego	
1-43	200-205	audio	
1-44	206-207	?	

#Text=15 Et ait Saul : De Amalec adduxerunt ea : pepercit enim populus melioribus ovibus et armentis ut immolarentur Domino Deo tuo, reliqua vero occidimus.
#Text=16 Ait autem Samuel ad Saul : Sine me, et indicabo tibi quæ locutus sit Dominus ad me nocte.
2-1	208-210	15	
2-2	211-213	Et	
2-3	214-217	ait	
2-4	218-222	Saul	
2-5	223-224	:	
2-6	225-227	De	
2-7	228-234	Amalec	
2-8	235-245	adduxerunt	
2-9	246-248	ea	
2-10	249-250	:	
2-11	251-259	pepercit	
2-12	260-264	enim	
2-13	265-272	populus	
2-14	273-283	melioribus	
2-15	284-290	ovibus	
2-16	291-293	et	
2-17	294-302	armentis	
2-18	303-305	ut	
2-19	306-318	immolarentur	
2-20	319-325	Domino	
2-21	326-329	Deo	
2-22	330-333	tuo	
2-23	333-334	,	
2-24	335-342	reliqua	
2-25	343-347	vero	
2-26	348-357	occidimus	
2-27	357-358	.	
2-28	359-361	16	
2-29	362-365	Ait	
2-30	366-371	autem	
2-31	372-378	Samuel	
2-32	379-381	ad	
2-33	382-386	Saul	
2-34	387-388	:	
2-35	389-393	Sine	
2-36	394-396	me	
2-37	396-397	,	
2-38	398-400	et	
2-39	401-409	indicabo	
2-40	410-414	tibi	
2-41	415-418	quæ	
2-42	419-426	locutus	
2-43	427-430	sit	
2-44	431-438	Dominus	
2-45	439-441	ad	
2-46	442-444	me	
2-47	445-450	nocte	
2-48	450-451	.	

#Text=Dixitque ei : Loquere.
#Text=17 Et ait Samuel : Nonne cum parvulus esses in oculis tuis, caput in tribubus Israël factus es ?
3-1	452-460	Dixitque	
3-2	461-463	ei	
3-3	464-465	:	
3-4	466-473	Loquere	
3-5	473-474	.	
3-6	475-477	17	
3-7	478-480	Et	
3-8	481-484	ait	
3-9	485-491	Samuel	
3-10	492-493	:	
3-11	494-499	Nonne	
3-12	500-503	cum	
3-13	504-512	parvulus	
3-14	513-518	esses	
3-15	519-521	in	
3-16	522-528	oculis	
3-17	529-533	tuis	
3-18	533-534	,	
3-19	535-540	caput	
3-20	541-543	in	
3-21	544-552	tribubus	
3-22	553-559	Israël	
3-23	560-566	factus	
3-24	567-569	es	
3-25	570-571	?	

#Text=unxitque te Dominus in regem super Israël, 18 et misit te Dominus in viam, et ait : Vade, et interfice peccatores Amalec, et pugnabis contra eos usque ad internecionem eorum ?
4-1	572-580	unxitque	
4-2	581-583	te	
4-3	584-591	Dominus	
4-4	592-594	in	
4-5	595-600	regem	
4-6	601-606	super	
4-7	607-613	Israël	
4-8	613-614	,	
4-9	615-617	18	
4-10	618-620	et	
4-11	621-626	misit	
4-12	627-629	te	
4-13	630-637	Dominus	
4-14	638-640	in	
4-15	641-645	viam	
4-16	645-646	,	
4-17	647-649	et	
4-18	650-653	ait	
4-19	654-655	:	
4-20	656-660	Vade	
4-21	660-661	,	
4-22	662-664	et	
4-23	665-674	interfice	
4-24	675-685	peccatores	
4-25	686-692	Amalec	
4-26	692-693	,	
4-27	694-696	et	
4-28	697-705	pugnabis	
4-29	706-712	contra	
4-30	713-716	eos	
4-31	717-722	usque	
4-32	723-725	ad	
4-33	726-739	internecionem	
4-34	740-745	eorum	
4-35	746-747	?	

#Text=19 Quare ergo non audisti vocem Domini : sed versus ad prædam es, et fecisti malum in oculis Domini ?
5-1	748-750	19	
5-2	751-756	Quare	
5-3	757-761	ergo	
5-4	762-765	non	
5-5	766-773	audisti	
5-6	774-779	vocem	
5-7	780-786	Domini	
5-8	787-788	:	
5-9	789-792	sed	
5-10	793-799	versus	
5-11	800-802	ad	
5-12	803-809	prædam	
5-13	810-812	es	
5-14	812-813	,	
5-15	814-816	et	
5-16	817-824	fecisti	
5-17	825-830	malum	
5-18	831-833	in	
5-19	834-840	oculis	
5-20	841-847	Domini	
5-21	848-849	?	

#Text=20 Et ait Saul ad Samuelem : Immo audivi vocem Domini, et ambulavi in via per quam misit me Dominus, et adduxi Agag regem Amalec, et Amalec interfeci.
#Text=21 Tulit autem de præda populus oves et boves, primitias eorum quæ cæsa sunt, ut immolet Domino Deo suo in Galgalis.
#Text=22 Et ait Samuel : Numquid vult Dominus holocausta et victimas, et non potius ut obediatur voci Domini ?
6-1	850-852	20	
6-2	853-855	Et	
6-3	856-859	ait	
6-4	860-864	Saul	
6-5	865-867	ad	
6-6	868-876	Samuelem	
6-7	877-878	:	
6-8	879-883	Immo	
6-9	884-890	audivi	
6-10	891-896	vocem	
6-11	897-903	Domini	
6-12	903-904	,	
6-13	905-907	et	
6-14	908-916	ambulavi	
6-15	917-919	in	
6-16	920-923	via	
6-17	924-927	per	
6-18	928-932	quam	
6-19	933-938	misit	
6-20	939-941	me	
6-21	942-949	Dominus	
6-22	949-950	,	
6-23	951-953	et	
6-24	954-960	adduxi	
6-25	961-965	Agag	
6-26	966-971	regem	
6-27	972-978	Amalec	
6-28	978-979	,	
6-29	980-982	et	
6-30	983-989	Amalec	
6-31	990-999	interfeci	
6-32	999-1000	.	
6-33	1001-1003	21	
6-34	1004-1009	Tulit	
6-35	1010-1015	autem	
6-36	1016-1018	de	
6-37	1019-1024	præda	
6-38	1025-1032	populus	
6-39	1033-1037	oves	
6-40	1038-1040	et	
6-41	1041-1046	boves	
6-42	1046-1047	,	
6-43	1048-1057	primitias	
6-44	1058-1063	eorum	
6-45	1064-1067	quæ	
6-46	1068-1072	cæsa	
6-47	1073-1077	sunt	
6-48	1077-1078	,	
6-49	1079-1081	ut	
6-50	1082-1089	immolet	
6-51	1090-1096	Domino	
6-52	1097-1100	Deo	
6-53	1101-1104	suo	
6-54	1105-1107	in	
6-55	1108-1116	Galgalis	
6-56	1116-1117	.	
6-57	1118-1120	22	
6-58	1121-1123	Et	
6-59	1124-1127	ait	
6-60	1128-1134	Samuel	
6-61	1135-1136	:	
6-62	1137-1144	Numquid	
6-63	1145-1149	vult	
6-64	1150-1157	Dominus	
6-65	1158-1168	holocausta	
6-66	1169-1171	et	
6-67	1172-1180	victimas	
6-68	1180-1181	,	
6-69	1182-1184	et	
6-70	1185-1188	non	
6-71	1189-1195	potius	
6-72	1196-1198	ut	
6-73	1199-1208	obediatur	
6-74	1209-1213	voci	
6-75	1214-1220	Domini	
6-76	1221-1222	?	

#Text=melior est enim obedientia quam victimæ, et auscultare magis quam offerre adipem arietum.
#Text=23 Quoniam quasi peccatum ariolandi est, repugnare : et quasi scelus idololatriæ, nolle acquiescere.
7-1	1223-1229	melior	
7-2	1230-1233	est	
7-3	1234-1238	enim	
7-4	1239-1249	obedientia	
7-5	1250-1254	quam	
7-6	1255-1262	victimæ	
7-7	1262-1263	,	
7-8	1264-1266	et	
7-9	1267-1277	auscultare	
7-10	1278-1283	magis	
7-11	1284-1288	quam	
7-12	1289-1296	offerre	
7-13	1297-1303	adipem	
7-14	1304-1311	arietum	
7-15	1311-1312	.	
7-16	1313-1315	23	
7-17	1316-1323	Quoniam	
7-18	1324-1329	quasi	
7-19	1330-1338	peccatum	
7-20	1339-1348	ariolandi	
7-21	1349-1352	est	
7-22	1352-1353	,	
7-23	1354-1363	repugnare	
7-24	1364-1365	:	
7-25	1366-1368	et	
7-26	1369-1374	quasi	
7-27	1375-1381	scelus	
7-28	1382-1393	idololatriæ	
7-29	1393-1394	,	
7-30	1395-1400	nolle	
7-31	1401-1412	acquiescere	
7-32	1412-1413	.	

#Text=Pro eo ergo quod abjecisti sermonem Domini, abjecit te Dominus ne sis rex.
#Text=24 Dixitque Saul ad Samuelem : Peccavi, quia prævaricatus sum sermonem Domini et verba tua, timens populum, et obediens voci eorum.
#Text=25 Sed nunc porta, quæso, peccatum meum, et revertere mecum, ut adorem Dominum.
#Text=26 Et ait Samuel ad Saul : Non revertar tecum, quia projecisti sermonem Domini, et projecit te Dominus ne sis rex super Israël.
#Text=27 Et conversus est Samuel ut abiret : ille autem apprehendit summitatem pallii ejus, quæ et scissa est.
#Text=28 Et ait ad eum Samuel : Scidit Dominus regnum Israël a te hodie, et tradidit illud proximo tuo meliori te.
#Text=29 Porro triumphator in Israël non parcet, et pœnitudine non flectetur : neque enim homo est ut agat pœnitentiam.
8-1	1414-1417	Pro	
8-2	1418-1420	eo	
8-3	1421-1425	ergo	
8-4	1426-1430	quod	
8-5	1431-1440	abjecisti	
8-6	1441-1449	sermonem	
8-7	1450-1456	Domini	
8-8	1456-1457	,	
8-9	1458-1465	abjecit	
8-10	1466-1468	te	
8-11	1469-1476	Dominus	
8-12	1477-1479	ne	
8-13	1480-1483	sis	
8-14	1484-1487	rex	
8-15	1487-1488	.	
8-16	1489-1491	24	
8-17	1492-1500	Dixitque	
8-18	1501-1505	Saul	
8-19	1506-1508	ad	
8-20	1509-1517	Samuelem	
8-21	1518-1519	:	
8-22	1520-1527	Peccavi	
8-23	1527-1528	,	
8-24	1529-1533	quia	
8-25	1534-1546	prævaricatus	
8-26	1547-1550	sum	
8-27	1551-1559	sermonem	
8-28	1560-1566	Domini	
8-29	1567-1569	et	
8-30	1570-1575	verba	
8-31	1576-1579	tua	
8-32	1579-1580	,	
8-33	1581-1587	timens	
8-34	1588-1595	populum	
8-35	1595-1596	,	
8-36	1597-1599	et	
8-37	1600-1608	obediens	
8-38	1609-1613	voci	
8-39	1614-1619	eorum	
8-40	1619-1620	.	
8-41	1621-1623	25	
8-42	1624-1627	Sed	
8-43	1628-1632	nunc	
8-44	1633-1638	porta	
8-45	1638-1639	,	
8-46	1640-1645	quæso	
8-47	1645-1646	,	
8-48	1647-1655	peccatum	
8-49	1656-1660	meum	
8-50	1660-1661	,	
8-51	1662-1664	et	
8-52	1665-1674	revertere	
8-53	1675-1680	mecum	
8-54	1680-1681	,	
8-55	1682-1684	ut	
8-56	1685-1691	adorem	
8-57	1692-1699	Dominum	
8-58	1699-1700	.	
8-59	1701-1703	26	
8-60	1704-1706	Et	
8-61	1707-1710	ait	
8-62	1711-1717	Samuel	
8-63	1718-1720	ad	
8-64	1721-1725	Saul	
8-65	1726-1727	:	
8-66	1728-1731	Non	
8-67	1732-1740	revertar	
8-68	1741-1746	tecum	
8-69	1746-1747	,	
8-70	1748-1752	quia	
8-71	1753-1763	projecisti	
8-72	1764-1772	sermonem	
8-73	1773-1779	Domini	
8-74	1779-1780	,	
8-75	1781-1783	et	
8-76	1784-1792	projecit	
8-77	1793-1795	te	
8-78	1796-1803	Dominus	
8-79	1804-1806	ne	
8-80	1807-1810	sis	
8-81	1811-1814	rex	
8-82	1815-1820	super	
8-83	1821-1827	Israël	
8-84	1827-1828	.	
8-85	1829-1831	27	
8-86	1832-1834	Et	
8-87	1835-1844	conversus	
8-88	1845-1848	est	
8-89	1849-1855	Samuel	
8-90	1856-1858	ut	
8-91	1859-1865	abiret	
8-92	1866-1867	:	
8-93	1868-1872	ille	
8-94	1873-1878	autem	
8-95	1879-1890	apprehendit	
8-96	1891-1901	summitatem	
8-97	1902-1908	pallii	
8-98	1909-1913	ejus	
8-99	1913-1914	,	
8-100	1915-1918	quæ	
8-101	1919-1921	et	
8-102	1922-1928	scissa	
8-103	1929-1932	est	
8-104	1932-1933	.	
8-105	1934-1936	28	
8-106	1937-1939	Et	
8-107	1940-1943	ait	
8-108	1944-1946	ad	
8-109	1947-1950	eum	
8-110	1951-1957	Samuel	
8-111	1958-1959	:	
8-112	1960-1966	Scidit	
8-113	1967-1974	Dominus	
8-114	1975-1981	regnum	
8-115	1982-1988	Israël	
8-116	1989-1990	a	
8-117	1991-1993	te	
8-118	1994-1999	hodie	
8-119	1999-2000	,	
8-120	2001-2003	et	
8-121	2004-2012	tradidit	
8-122	2013-2018	illud	
8-123	2019-2026	proximo	
8-124	2027-2030	tuo	
8-125	2031-2038	meliori	
8-126	2039-2041	te	
8-127	2041-2042	.	
8-128	2043-2045	29	
8-129	2046-2051	Porro	
8-130	2052-2063	triumphator	
8-131	2064-2066	in	
8-132	2067-2073	Israël	
8-133	2074-2077	non	
8-134	2078-2084	parcet	
8-135	2084-2085	,	
8-136	2086-2088	et	
8-137	2089-2099	pœnitudine	
8-138	2100-2103	non	
8-139	2104-2113	flectetur	
8-140	2114-2115	:	
8-141	2116-2121	neque	
8-142	2122-2126	enim	
8-143	2127-2131	homo	
8-144	2132-2135	est	
8-145	2136-2138	ut	
8-146	2139-2143	agat	
8-147	2144-2155	pœnitentiam	
8-148	2155-2156	.	
