#FORMAT=WebAnno TSV 3.3


#Text=De schors is graeuw en tamelyk glad.
1-1	2-4	De	
1-2	5-11	schors	
1-3	12-14	is	
1-4	15-21	graeuw	
1-5	22-24	en	
1-6	25-32	tamelyk	
1-7	33-37	glad	
1-8	37-38	.	

#Text=De 
#Text=bladen hebben de lengte van zes tot acht duimen, langwerpig rond, iets puntig aan 
#Text=het einde, redelyk dik, en van eene fraeie groene kleur;
#Text=zo dat de takken, die 'er 
#Text=zeer wel van voorzien zyn, eene verrukkende schaduwe maaken.
2-1	39-41	De	
2-2	43-49	bladen	
2-3	50-56	hebben	
2-4	57-59	de	
2-5	60-66	lengte	
2-6	67-70	van	
2-7	71-74	zes	
2-8	75-78	tot	
2-9	79-83	acht	
2-10	84-90	duimen	
2-11	90-91	,	
2-12	92-102	langwerpig	
2-13	103-107	rond	
2-14	107-108	,	
2-15	109-113	iets	
2-16	114-120	puntig	
2-17	121-124	aan	
2-18	126-129	het	
2-19	130-135	einde	
2-20	135-136	,	
2-21	137-144	redelyk	
2-22	145-148	dik	
2-23	148-149	,	
2-24	150-152	en	
2-25	153-156	van	
2-26	157-161	eene	
2-27	162-168	fraeie	
2-28	169-175	groene	
2-29	176-181	kleur	
2-30	181-182	;	
2-31	183-185	zo	
2-32	186-189	dat	
2-33	190-192	de	
2-34	193-199	takken	
2-35	199-200	,	
2-36	201-204	die	
2-37	205-206	'	
2-38	206-208	er	
2-39	210-214	zeer	
2-40	215-218	wel	
2-41	219-222	van	
2-42	223-231	voorzien	
2-43	232-235	zyn	
2-44	235-236	,	
2-45	237-241	eene	
2-46	242-253	verrukkende	
2-47	254-262	schaduwe	
2-48	263-269	maaken	
2-49	269-270	.	

#Text=De vrucht gelykt 
#Text=
#Text=niet kwaalyk naar een kanons-kogel, hebbende byna eene ronde figuur.
3-1	271-273	De	
3-2	274-280	vrucht	
3-3	281-287	gelykt	
3-4	290-294	niet	
3-5	295-302	kwaalyk	
3-6	303-307	naar	
3-7	308-311	een	
3-8	312-324	kanons-kogel	
3-9	324-325	,	
3-10	326-334	hebbende	
3-11	335-339	byna	
3-12	340-344	eene	
3-13	345-350	ronde	
3-14	351-357	figuur	
3-15	357-358	.	

#Text=Zy heeft 
#Text=van zes tot acht duimen middelyns, en is overtoogen met eene roodachtige schil 
#Text=ter dikte van een' halven vinger die zo buigzaam is als ler, en weg gedaan wordt, 
#Text=als of men de vrucht schilde, of gelyk men met een' perzik leeft, wanneer men 'er 
#Text=het vel afdoet.
4-1	359-361	Zy	
4-2	362-367	heeft	
4-3	369-372	van	
4-4	373-376	zes	
4-5	377-380	tot	
4-6	381-385	acht	
4-7	386-392	duimen	
4-8	393-402	middelyns	
4-9	402-403	,	
4-10	404-406	en	
4-11	407-409	is	
4-12	410-420	overtoogen	
4-13	421-424	met	
4-14	425-429	eene	
4-15	430-441	roodachtige	
4-16	442-447	schil	
4-17	449-452	ter	
4-18	453-458	dikte	
4-19	459-462	van	
4-20	463-466	een	
4-21	466-467	'	
4-22	468-474	halven	
4-23	475-481	vinger	
4-24	482-485	die	
4-25	486-488	zo	
4-26	489-497	buigzaam	
4-27	498-500	is	
4-28	501-504	als	
4-29	505-508	ler	
4-30	508-509	,	
4-31	510-512	en	
4-32	513-516	weg	
4-33	517-523	gedaan	
4-34	524-529	wordt	
4-35	529-530	,	
4-36	532-535	als	
4-37	536-538	of	
4-38	539-542	men	
4-39	543-545	de	
4-40	546-552	vrucht	
4-41	553-560	schilde	
4-42	560-561	,	
4-43	562-564	of	
4-44	565-570	gelyk	
4-45	571-574	men	
4-46	575-578	met	
4-47	579-582	een	
4-48	582-583	'	
4-49	584-590	perzik	
4-50	591-596	leeft	
4-51	596-597	,	
4-52	598-605	wanneer	
4-53	606-609	men	
4-54	610-611	'	
4-55	611-613	er	
4-56	615-618	het	
4-57	619-622	vel	
4-58	623-629	afdoet	
4-59	629-630	.	

#Text=Onder de-
#Text=
#Text=
#Text=
#Text=
#Text=
#Text=
#Text=
#Text=
#Text=
#Text=
#Text=
#Text=
#Text=
#Text=
#Text=
#Text=
#Text=
#Text=
#Text=
#Text=
#Text=
#Text=
#Text=
#Text=
#Text=
#Text=
#Text=
#Text=
#Text=(r)\t
#Text=Pekia, fructu maximo globoso.
5-1	631-636	Onder	
5-2	637-639	de	
5-3	639-640	-	
5-4	669-670	(	
5-5	670-671	r	
5-6	671-672	)	
5-7	674-679	Pekia	
5-8	679-680	,	
5-9	681-687	fructu	
5-10	688-694	maximo	
5-11	695-702	globoso	
5-12	702-703	.	

#Text=+Van de Mamis.
6-1	711-712	+	
6-2	712-715	Van	
6-3	716-718	de	
6-4	719-724	Mamis	
6-5	724-725	.	

#Text=ze schil vindt men nog een geelachtig vliesje, zittende vast aan het vleesch, welk 
#Text=ook geel en vast is, en een' aangenaamen balzem geur verspreidt.
7-1	732-734	ze	
7-2	735-740	schil	
7-3	741-746	vindt	
7-4	747-750	men	
7-5	751-754	nog	
7-6	755-758	een	
7-7	759-769	geelachtig	
7-8	770-777	vliesje	
7-9	777-778	,	
7-10	779-787	zittende	
7-11	788-792	vast	
7-12	793-796	aan	
7-13	797-800	het	
7-14	801-808	vleesch	
7-15	808-809	,	
7-16	810-814	welk	
7-17	816-819	ook	
7-18	820-824	geel	
7-19	825-827	en	
7-20	828-832	vast	
7-21	833-835	is	
7-22	835-836	,	
7-23	837-839	en	
7-24	840-843	een	
7-25	843-844	'	
7-26	845-856	aangenaamen	
7-27	857-863	balzem	
7-28	864-868	geur	
7-29	869-879	verspreidt	
7-30	879-880	.	

#Text=Men eet de 
#Text=vrucht gesneeden in schyfjes.
8-1	881-884	Men	
8-2	885-888	eet	
8-3	889-891	de	
8-4	893-899	vrucht	
8-5	900-909	gesneeden	
8-6	910-912	in	
8-7	913-921	schyfjes	
8-8	921-922	.	

#Text=Binnen in zit een steen, zo groot als een duiven-ei, 
#Text=die aan de eene zyde plat, hobbelig en hard is, en een wit en zeer bitter pit bevat.
9-1	923-929	Binnen	
9-2	930-932	in	
9-3	933-936	zit	
9-4	937-940	een	
9-5	941-946	steen	
9-6	946-947	,	
9-7	948-950	zo	
9-8	951-956	groot	
9-9	957-960	als	
9-10	961-964	een	
9-11	965-974	duiven-ei	
9-12	974-975	,	
9-13	977-980	die	
9-14	981-984	aan	
9-15	985-987	de	
9-16	988-992	eene	
9-17	993-997	zyde	
9-18	998-1002	plat	
9-19	1002-1003	,	
9-20	1004-1012	hobbelig	
9-21	1013-1015	en	
9-22	1016-1020	hard	
9-23	1021-1023	is	
9-24	1023-1024	,	
9-25	1025-1027	en	
9-26	1028-1031	een	
9-27	1032-1035	wit	
9-28	1036-1038	en	
9-29	1039-1043	zeer	
9-30	1044-1050	bitter	
9-31	1051-1054	pit	
9-32	1055-1060	bevat	
9-33	1060-1061	.	

#Text=Het is zekerlyk een der beste vruchten, welken ik kenne, hebbende eenen heerlyken 
#Text=smaak, en eenen reuk zo aangenaam dat men denzelven in geen acht dagen kan 
#Text=vergeeten.
10-1	1064-1067	Het	
10-2	1068-1070	is	
10-3	1071-1079	zekerlyk	
10-4	1080-1083	een	
10-5	1084-1087	der	
10-6	1088-1093	beste	
10-7	1094-1102	vruchten	
10-8	1102-1103	,	
10-9	1104-1110	welken	
10-10	1111-1113	ik	
10-11	1114-1119	kenne	
10-12	1119-1120	,	
10-13	1121-1129	hebbende	
10-14	1130-1135	eenen	
10-15	1136-1145	heerlyken	
10-16	1147-1152	smaak	
10-17	1152-1153	,	
10-18	1154-1156	en	
10-19	1157-1162	eenen	
10-20	1163-1167	reuk	
10-21	1168-1170	zo	
10-22	1171-1180	aangenaam	
10-23	1181-1184	dat	
10-24	1185-1188	men	
10-25	1189-1198	denzelven	
10-26	1199-1201	in	
10-27	1202-1206	geen	
10-28	1207-1211	acht	
10-29	1212-1217	dagen	
10-30	1218-1221	kan	
10-31	1223-1232	vergeeten	
10-32	1232-1233	.	

#Text=Men maakt 'er marmelades en taarten van, die wy, by geene mogelykheid, 
#Text=van onze beste Europeaansche vruchten zo goed kunnen maaken
11-1	1234-1237	Men	
11-2	1238-1243	maakt	
11-3	1244-1245	'	
11-4	1245-1247	er	
11-5	1248-1258	marmelades	
11-6	1259-1261	en	
11-7	1262-1269	taarten	
11-8	1270-1273	van	
11-9	1273-1274	,	
11-10	1275-1278	die	
11-11	1279-1281	wy	
11-12	1281-1282	,	
11-13	1283-1285	by	
11-14	1286-1291	geene	
11-15	1292-1303	mogelykheid	
11-16	1303-1304	,	
11-17	1306-1309	van	
11-18	1310-1314	onze	
11-19	1315-1320	beste	
11-20	1321-1334	Europeaansche	
11-21	1335-1343	vruchten	
11-22	1344-1346	zo	
11-23	1347-1351	goed	
11-24	1352-1358	kunnen	
11-25	1359-1365	maaken	

#Text=.
12-1	1365-1366	.	

#Text=+
#Text=De Marmeladedoos
#Text=zyn niet grooter dan perzikken, hebbende eene eironde 
#Text=figuur, en eene schil, welke ruuw en geel is, en naar die van tuinboonen gelykt.
13-1	1373-1374	+	
13-2	1375-1377	De	
13-3	1378-1391	Marmeladedoos	
13-4	1392-1395	zyn	
13-5	1396-1400	niet	
13-6	1401-1408	grooter	
13-7	1409-1412	dan	
13-8	1413-1422	perzikken	
13-9	1422-1423	,	
13-10	1424-1432	hebbende	
13-11	1433-1437	eene	
13-12	1438-1445	eironde	
13-13	1447-1453	figuur	
13-14	1453-1454	,	
13-15	1455-1457	en	
13-16	1458-1462	eene	
13-17	1463-1468	schil	
13-18	1468-1469	,	
13-19	1470-1475	welke	
13-20	1476-1480	ruuw	
13-21	1481-1483	en	
13-22	1484-1488	geel	
13-23	1489-1491	is	
13-24	1491-1492	,	
13-25	1493-1495	en	
13-26	1496-1500	naar	
13-27	1501-1504	die	
13-28	1505-1508	van	
13-29	1509-1519	tuinboonen	
13-30	1520-1526	gelykt	
13-31	1526-1527	.	
