#FORMAT=WebAnno TSV 3.3


#Text=Sal olei non igneum sed blandum ineft.
1-1	2-5	Sal	
1-2	6-10	olei	
1-3	11-14	non	
1-4	15-21	igneum	
1-5	22-25	sed	
1-6	26-33	blandum	
1-7	34-39	ineft	
1-8	39-40	.	

#Text=E. mercurius falis olei áqua temperatus.
2-1	41-42	E	
2-2	42-43	.	
2-3	44-53	mercurius	
2-4	54-59	falis	
2-5	60-64	olei	
2-6	65-69	áqua	
2-7	70-80	temperatus	
2-8	80-81	.	

#Text=Nunc confer haec cum examine chymico: · Omnia fuppeditant multum oleum aethereum sed magis blandum, et aquae viribus temperatum.
3-1	82-86	Nunc	
3-2	87-93	confer	
3-3	94-98	haec	
3-4	99-102	cum	
3-5	103-110	examine	
3-6	111-118	chymico	
3-7	118-119	:	
3-8	120-121	·	
3-9	122-127	Omnia	
3-10	128-139	fuppeditant	
3-11	140-146	multum	
3-12	147-152	oleum	
3-13	153-162	aethereum	
3-14	163-166	sed	
3-15	167-172	magis	
3-16	173-180	blandum	
3-17	180-181	,	
3-18	182-184	et	
3-19	185-190	aquae	
3-20	191-198	viribus	
3-21	199-209	temperatum	
3-22	209-210	.	

#Text=Eft 0
#Text=
#Text=
#Text=
#Text=Salia vero effentialia iterum diuerfa funt in his odoribus quod discrimen quidem nunc in fingulis regnis oftendendum eft.
#Text=dor ambrosiacus in regno animali fcilicet in moscho et zibetho : haec fingulare fal habent scilicet magis nitrosum et sulphureum
#Text=
#Text=
#Text=
#Text=cum
#Text=
#Text=
#Text=
#Text=
#Text=
#Text=cum terra antacida.
4-1	211-214	Eft	
4-2	215-216	0	
4-3	220-225	Salia	
4-4	226-230	vero	
4-5	231-242	effentialia	
4-6	243-249	iterum	
4-7	250-257	diuerfa	
4-8	258-262	funt	
4-9	263-265	in	
4-10	266-269	his	
4-11	270-278	odoribus	
4-12	279-283	quod	
4-13	284-293	discrimen	
4-14	294-300	quidem	
4-15	301-305	nunc	
4-16	306-308	in	
4-17	309-317	fingulis	
4-18	318-324	regnis	
4-19	325-336	oftendendum	
4-20	337-340	eft	
4-21	340-341	.	
4-22	342-345	dor	
4-23	346-357	ambrosiacus	
4-24	358-360	in	
4-25	361-366	regno	
4-26	367-374	animali	
4-27	375-383	fcilicet	
4-28	384-386	in	
4-29	387-393	moscho	
4-30	394-396	et	
4-31	397-404	zibetho	
4-32	405-406	:	
4-33	407-411	haec	
4-34	412-421	fingulare	
4-35	422-425	fal	
4-36	426-432	habent	
4-37	433-441	scilicet	
4-38	442-447	magis	
4-39	448-456	nitrosum	
4-40	457-459	et	
4-41	460-470	sulphureum	
4-42	474-477	cum	
4-43	483-486	cum	
4-44	487-492	terra	
4-45	493-501	antacida	
4-46	501-502	.	

#Text=Hoc nonfolum ostendit tota humorum animaa lium natura , quae fere nitroso- fulphureo ammoniacalis eft, fed e. tiam alia phoenomena ostendunt; et vt recte haec intelligantur, pluribus de hoc odore loquar.
5-1	503-506	Hoc	
5-2	507-515	nonfolum	
5-3	516-524	ostendit	
5-4	525-529	tota	
5-5	530-537	humorum	
5-6	538-544	animaa	
5-7	545-549	lium	
5-8	550-556	natura	
5-9	557-558	,	
5-10	559-563	quae	
5-11	564-568	fere	
5-12	569-576	nitroso	
5-13	576-577	-	
5-14	578-587	fulphureo	
5-15	588-600	ammoniacalis	
5-16	601-604	eft	
5-17	604-605	,	
5-18	606-609	fed	
5-19	610-611	e	
5-20	611-612	.	
5-21	613-617	tiam	
5-22	618-622	alia	
5-23	623-633	phoenomena	
5-24	634-643	ostendunt	
5-25	643-644	;	
5-26	645-647	et	
5-27	648-650	vt	
5-28	651-656	recte	
5-29	657-661	haec	
5-30	662-675	intelligantur	
5-31	675-676	,	
5-32	677-685	pluribus	
5-33	686-688	de	
5-34	689-692	hoc	
5-35	693-698	odore	
5-36	699-705	loquar	
5-37	705-706	.	

#Text=Id E. nullus negabit, quod mo.
#Text=schi, zibethi et castorei odor : ex fale per inflammabiles.
#Text=partes blandas volatilifato oriatur.
6-1	707-709	Id	
6-2	710-711	E	
6-3	711-712	.	
6-4	713-719	nullus	
6-5	720-727	negabit	
6-6	727-728	,	
6-7	729-733	quod	
6-8	734-736	mo	
6-9	736-737	.	
6-10	738-742	schi	
6-11	742-743	,	
6-12	744-751	zibethi	
6-13	752-754	et	
6-14	755-763	castorei	
6-15	764-768	odor	
6-16	769-770	:	
6-17	771-773	ex	
6-18	774-778	fale	
6-19	779-782	per	
6-20	783-796	inflammabiles	
6-21	796-797	.	
6-22	798-804	partes	
6-23	805-812	blandas	
6-24	813-825	volatilifato	
6-25	826-833	oriatur	
6-26	833-834	.	

#Text=Nam confirmatur id, quod odoriferum horum animalium in pingui masla delitescat, et quod omnia animalia acidum animale contineant.
7-1	835-838	Nam	
7-2	839-850	confirmatur	
7-3	851-853	id	
7-4	853-854	,	
7-5	855-859	quod	
7-6	860-870	odoriferum	
7-7	871-876	horum	
7-8	877-886	animalium	
7-9	887-889	in	
7-10	890-896	pingui	
7-11	897-902	masla	
7-12	903-913	delitescat	
7-13	913-914	,	
7-14	915-917	et	
7-15	918-922	quod	
7-16	923-928	omnia	
7-17	929-937	animalia	
7-18	938-944	acidum	
7-19	945-952	animale	
7-20	953-963	contineant	
7-21	963-964	.	

#Text=Cum vero 1) ex terra olei volatili reddita acidum nitrofum oriatur, cum 2) omnium animalium acidum nitrosum fit, cum 3) ex oleo succini et spiritu nitri concentrato moschi odor oriatur: cnm 4) bilis femiputrida eundem odorem spiret, cum porro axillae hominum calore aestiuo interdum mofchum fpirent, cumque homines ipfi interdum hunc odorem fpirent, quas obferuationes CRANTZIVS in Mat.
#Text=ined.
#Text=affert fub moscho: cum 5) fimus per agros sparsus in primis per primum hye.
#Text=male tempus mofchum redoleat, vti BOYLE Orig form.
8-1	965-968	Cum	
8-2	969-973	vero	
8-3	974-975	1	
8-4	975-976	)	
8-5	977-979	ex	
8-6	980-985	terra	
8-7	986-990	olei	
8-8	991-999	volatili	
8-9	1000-1007	reddita	
8-10	1008-1014	acidum	
8-11	1015-1023	nitrofum	
8-12	1024-1031	oriatur	
8-13	1031-1032	,	
8-14	1033-1036	cum	
8-15	1037-1038	2	
8-16	1038-1039	)	
8-17	1040-1046	omnium	
8-18	1047-1056	animalium	
8-19	1057-1063	acidum	
8-20	1064-1072	nitrosum	
8-21	1073-1076	fit	
8-22	1076-1077	,	
8-23	1078-1081	cum	
8-24	1082-1083	3	
8-25	1083-1084	)	
8-26	1085-1087	ex	
8-27	1088-1092	oleo	
8-28	1093-1100	succini	
8-29	1101-1103	et	
8-30	1104-1111	spiritu	
8-31	1112-1117	nitri	
8-32	1118-1129	concentrato	
8-33	1130-1136	moschi	
8-34	1137-1141	odor	
8-35	1142-1149	oriatur	
8-36	1149-1150	:	
8-37	1151-1154	cnm	
8-38	1155-1156	4	
8-39	1156-1157	)	
8-40	1158-1163	bilis	
8-41	1164-1175	femiputrida	
8-42	1176-1182	eundem	
8-43	1183-1189	odorem	
8-44	1190-1196	spiret	
8-45	1196-1197	,	
8-46	1198-1201	cum	
8-47	1202-1207	porro	
8-48	1208-1215	axillae	
8-49	1216-1223	hominum	
8-50	1224-1230	calore	
8-51	1231-1238	aestiuo	
8-52	1239-1247	interdum	
8-53	1248-1255	mofchum	
8-54	1256-1263	fpirent	
8-55	1263-1264	,	
8-56	1265-1271	cumque	
8-57	1272-1279	homines	
8-58	1280-1284	ipfi	
8-59	1285-1293	interdum	
8-60	1294-1298	hunc	
8-61	1299-1305	odorem	
8-62	1306-1313	fpirent	
8-63	1313-1314	,	
8-64	1315-1319	quas	
8-65	1320-1333	obferuationes	
8-66	1334-1343	CRANTZIVS	
8-67	1344-1346	in	
8-68	1347-1350	Mat	
8-69	1350-1351	.	
8-70	1352-1356	ined	
8-71	1356-1357	.	
8-72	1358-1364	affert	
8-73	1365-1368	fub	
8-74	1369-1375	moscho	
8-75	1375-1376	:	
8-76	1377-1380	cum	
8-77	1381-1382	5	
8-78	1382-1383	)	
8-79	1384-1389	fimus	
8-80	1390-1393	per	
8-81	1394-1399	agros	
8-82	1400-1407	sparsus	
8-83	1408-1410	in	
8-84	1411-1417	primis	
8-85	1418-1421	per	
8-86	1422-1428	primum	
8-87	1429-1432	hye	
8-88	1432-1433	.	
8-89	1434-1438	male	
8-90	1439-1445	tempus	
8-91	1446-1453	mofchum	
8-92	1454-1462	redoleat	
8-93	1462-1463	,	
8-94	1464-1467	vti	
8-95	1468-1473	BOYLE	
8-96	1474-1478	Orig	
8-97	1479-1483	form	
8-98	1483-1484	.	

#Text=P. 144. affert, cum 6) vrina vaccae exhalatione aquae infpiffata eiusdem odo: ris fit.
#Text=vid.
9-1	1485-1486	P	
9-2	1486-1487	.	
9-3	1488-1491	144	
9-4	1491-1492	.	
9-5	1493-1499	affert	
9-6	1499-1500	,	
9-7	1501-1504	cum	
9-8	1505-1506	6	
9-9	1506-1507	)	
9-10	1508-1513	vrina	
9-11	1514-1520	vaccae	
9-12	1521-1532	exhalatione	
9-13	1533-1538	aquae	
9-14	1539-1549	infpiffata	
9-15	1550-1557	eiusdem	
9-16	1558-1561	odo	
9-17	1561-1562	:	
9-18	1563-1566	ris	
9-19	1567-1570	fit	
9-20	1570-1571	.	
9-21	1572-1575	vid	
9-22	1575-1576	.	

#Text=RVTTY Synops.
#Text=of.
#Text=mineral wat.
10-1	1577-1582	RVTTY	
10-2	1583-1589	Synops	
10-3	1589-1590	.	
10-4	1591-1593	of	
10-5	1593-1594	.	
10-6	1595-1602	mineral	
10-7	1603-1606	wat	
10-8	1606-1607	.	

#Text=Tom.
11-1	1608-1611	Tom	
11-2	1611-1612	.	

#Text=I. p. 457. cum 7) vulua bubalina ficca vti BARTHOLINVS vtil.
#Text=peregrin.
12-1	1613-1614	I	
12-2	1614-1615	.	
12-3	1616-1617	p	
12-4	1617-1618	.	
12-5	1619-1622	457	
12-6	1622-1623	.	
12-7	1624-1627	cum	
12-8	1628-1629	7	
12-9	1629-1630	)	
12-10	1631-1636	vulua	
12-11	1637-1645	bubalina	
12-12	1646-1651	ficca	
12-13	1652-1655	vti	
12-14	1656-1667	BARTHOLINVS	
12-15	1668-1672	vtil	
12-16	1672-1673	.	
12-17	1674-1682	peregrin	
12-18	1682-1683	.	
