{"_context" : {
    "_types" : {
      "DocumentMetaData" : {
        "_feature_types" : {"sofa" : "_ref" } }, 
      "Relation" : {
        "_feature_types" : {"sofa" : "_ref",  "Dependent" : "_ref",  "Governor" : "_ref" } }, 
      "Sentence" : {
        "_feature_types" : {"sofa" : "_ref" } }, 
      "Sofa" : {
        "_feature_types" : {"sofaArray" : "_ref" } }, 
      "Span" : {
        "_feature_types" : {"sofa" : "_ref" } }, 
      "TagsetDescription" : {
        "_feature_types" : {"sofa" : "_ref",  "tags" : "_ref" } }, 
      "Token" : {
        "_feature_types" : {"sofa" : "_ref",  "parent" : "_ref",  "lemma" : "_ref",  "stem" : "_ref",  "pos" : "_ref",  "morph" : "_ref",  "form" : "_ref" } }, 
      "DocumentAnnotation" : {
        "_feature_types" : {"sofa" : "_ref" }, 
        "_subtypes" : ["DocumentMetaData" ] }, 
      "Annotation" : {
        "_feature_types" : {"sofa" : "_ref" }, 
        "_subtypes" : ["DocumentAnnotation",  "Relation",  "Sentence",  "Span",  "TagsetDescription",  "Token" ] }, 
      "AnnotationBase" : {
        "_feature_types" : {"sofa" : "_ref" }, 
        "_subtypes" : ["Annotation" ] }, 
      "TOP" : {
        "_subtypes" : ["AnnotationBase",  "Sofa" ] } } }, 
  "_views" : {
    "_InitialView" : {
      "Relation" : [
        {"sofa" : 1,  "begin" : 1160,  "end" : 1162,  "Dependent" : 16959,  "Governor" : 16988,  "label" : "Anaphoric" }, 
        {"sofa" : 1,  "begin" : 1172,  "end" : 1177,  "Dependent" : 16925,  "Governor" : 16930 }, 
        {"sofa" : 1,  "begin" : 1172,  "end" : 1177,  "Dependent" : 16925,  "Governor" : 16947 }, 
        {"sofa" : 1,  "begin" : 4366,  "end" : 4369,  "Dependent" : 17041,  "Governor" : 17029,  "label" : "Anaphoric" }, 
        {"sofa" : 1,  "begin" : 4370,  "end" : 4378,  "Dependent" : 17000,  "Governor" : 17005 }, 
        {"sofa" : 1,  "begin" : 4370,  "end" : 4378,  "Dependent" : 17000,  "Governor" : 17017 }, 
        {"sofa" : 1,  "begin" : 4370,  "end" : 4378,  "Dependent" : 17000,  "Governor" : 17041 }, 
        {"sofa" : 1,  "begin" : 4524,  "end" : 4532,  "Dependent" : 17053,  "Governor" : 17075 }, 
        {"sofa" : 1,  "begin" : 4524,  "end" : 4532,  "Dependent" : 17053,  "Governor" : 17106 }, 
        {"sofa" : 1,  "begin" : 4537,  "end" : 4543,  "Dependent" : 17070,  "Governor" : 17080 }, 
        {"sofa" : 1,  "begin" : 4537,  "end" : 4543,  "Dependent" : 17070,  "Governor" : 17075 }, 
        {"sofa" : 1,  "begin" : 4588,  "end" : 4594,  "Dependent" : 17118,  "Governor" : 17123 }, 
        {"sofa" : 1,  "begin" : 4639,  "end" : 4645,  "Dependent" : 17135,  "Governor" : 17140 }, 
        {"sofa" : 1,  "begin" : 4639,  "end" : 4645,  "Dependent" : 17135,  "Governor" : 17200 }, 
        {"sofa" : 1,  "begin" : 4639,  "end" : 4645,  "Dependent" : 17135,  "Governor" : 17212 }, 
        {"sofa" : 1,  "begin" : 4680,  "end" : 4684,  "Dependent" : 17169,  "Governor" : 17135,  "label" : "Anaphoric" }, 
        {"sofa" : 1,  "begin" : 4680,  "end" : 4684,  "Dependent" : 17169,  "Governor" : 17164 }, 
        {"sofa" : 1,  "begin" : 4680,  "end" : 4684,  "Dependent" : 17169,  "Governor" : 17188 }, 
        {"sofa" : 1,  "begin" : 5001,  "end" : 5008,  "Dependent" : 17224,  "Governor" : 17234 }, 
        {"sofa" : 1,  "begin" : 5001,  "end" : 5008,  "Dependent" : 17224,  "Governor" : 17229 }, 
        {"sofa" : 1,  "begin" : 5001,  "end" : 5008,  "Dependent" : 17224,  "Governor" : 17253 }, 
        {"sofa" : 1,  "begin" : 5001,  "end" : 5008,  "Dependent" : 17224,  "Governor" : 17265 }, 
        {"sofa" : 1,  "begin" : 5025,  "end" : 5033,  "Dependent" : 17282,  "Governor" : 17287 }, 
        {"sofa" : 1,  "begin" : 5025,  "end" : 5033,  "Dependent" : 17282,  "Governor" : 17299 }, 
        {"sofa" : 1,  "begin" : 5025,  "end" : 5033,  "Dependent" : 17282,  "Governor" : 17277 }, 
        {"sofa" : 1,  "begin" : 5025,  "end" : 5033,  "Dependent" : 17282,  "Governor" : 17323 }, 
        {"sofa" : 1,  "begin" : 5025,  "end" : 5033,  "Dependent" : 17282,  "Governor" : 17265 }, 
        {"sofa" : 1,  "begin" : 5100,  "end" : 5105,  "Dependent" : 17342,  "Governor" : 17347 }, 
        {"sofa" : 1,  "begin" : 5100,  "end" : 5105,  "Dependent" : 17342,  "Governor" : 17376 }, 
        {"sofa" : 1,  "begin" : 5198,  "end" : 5204,  "Dependent" : 17393,  "Governor" : 17398 }, 
        {"sofa" : 1,  "begin" : 5198,  "end" : 5204,  "Dependent" : 17393,  "Governor" : 17388 }, 
        {"sofa" : 1,  "begin" : 5198,  "end" : 5204,  "Dependent" : 17393,  "Governor" : 17417 }, 
        {"sofa" : 1,  "begin" : 5198,  "end" : 5204,  "Dependent" : 17393,  "Governor" : 17429 }, 
        {"sofa" : 1,  "begin" : 5383,  "end" : 5388,  "Dependent" : 17446,  "Governor" : 17417,  "label" : "Anaphoric" }, 
        {"sofa" : 1,  "begin" : 5389,  "end" : 5394,  "Dependent" : 17441,  "Governor" : 17446 }, 
        {"sofa" : 1,  "begin" : 5389,  "end" : 5394,  "Dependent" : 17441,  "Governor" : 17465 }, 
        {"sofa" : 1,  "begin" : 5521,  "end" : 5526,  "Dependent" : 17477,  "Governor" : 17482 }, 
        {"sofa" : 1,  "begin" : 5521,  "end" : 5526,  "Dependent" : 17477,  "Governor" : 17494 } ], 
      "Span" : [16988,  16947,  16959,  16925,  16930,  17029,  17041,  17000,  17005,  17017,  17053,  17070,  17075,  17080,  17106,  17118,  17123,  17140,  17135,  17212,  17200,  17164,  17169,  17188,  17265,  17234,  17224,  17253,  17229,  17277,  17282,  17287,  17299,  17323,  17376,  17347,  17342,  17388,  17393,  17398,  17417,  17429,  17446,  17441,  17465,  17494,  17477,  17482 ], 
      "DocumentMetaData" : [
        {"sofa" : 1,  "end" : 5861,  "language" : "x-unspecified",  "documentTitle" : "072E%20Richard%20Middleton%201619%20Goodnes%20the%20blessed%20mans%20badge__18_distribution_REL.txt",  "documentId" : "teresa",  "documentUri" : "file:/home/dhuser/alessio/inception/repository/project/29/document/10788/source/teresa",  "collectionId" : "file:/home/dhuser/alessio/inception/repository/project/29/document/10788/source/",  "documentBaseUri" : "file:/home/dhuser/alessio/inception/repository/project/29/document/10788/source/",  "isLastSegment" : false } ], 
      "TagsetDescription" : [
        {"sofa" : 1,  "layer" : "webanno.custom.Emotions",  "name" : "Emotion Labels",  "input" : false }, 
        {"sofa" : 1,  "layer" : "custom.Relation",  "name" : "Relation labels",  "input" : false }, 
        {"sofa" : 1,  "layer" : "custom.Span",  "name" : "Smell labels",  "input" : false } ], 
      "Sentence" : [
        {"sofa" : 1,  "end" : 69 }, 
        {"sofa" : 1,  "begin" : 70,  "end" : 108 }, 
        {"sofa" : 1,  "begin" : 109,  "end" : 118 }, 
        {"sofa" : 1,  "begin" : 119,  "end" : 133 }, 
        {"sofa" : 1,  "begin" : 134,  "end" : 141 }, 
        {"sofa" : 1,  "begin" : 142,  "end" : 195 }, 
        {"sofa" : 1,  "begin" : 196,  "end" : 228 }, 
        {"sofa" : 1,  "begin" : 229,  "end" : 289 }, 
        {"sofa" : 1,  "begin" : 290,  "end" : 369 }, 
        {"sofa" : 1,  "begin" : 370,  "end" : 456 }, 
        {"sofa" : 1,  "begin" : 457,  "end" : 540 }, 
        {"sofa" : 1,  "begin" : 541,  "end" : 604 }, 
        {"sofa" : 1,  "begin" : 605,  "end" : 639 }, 
        {"sofa" : 1,  "begin" : 640,  "end" : 653 }, 
        {"sofa" : 1,  "begin" : 654,  "end" : 683 }, 
        {"sofa" : 1,  "begin" : 684,  "end" : 699 }, 
        {"sofa" : 1,  "begin" : 700,  "end" : 775 }, 
        {"sofa" : 1,  "begin" : 776,  "end" : 839 }, 
        {"sofa" : 1,  "begin" : 840,  "end" : 850 }, 
        {"sofa" : 1,  "begin" : 851,  "end" : 879 }, 
        {"sofa" : 1,  "begin" : 880,  "end" : 890 }, 
        {"sofa" : 1,  "begin" : 891,  "end" : 973 }, 
        {"sofa" : 1,  "begin" : 974,  "end" : 1035 }, 
        {"sofa" : 1,  "begin" : 1036,  "end" : 1200 }, 
        {"sofa" : 1,  "begin" : 1201,  "end" : 1432 }, 
        {"sofa" : 1,  "begin" : 1433,  "end" : 1596 }, 
        {"sofa" : 1,  "begin" : 1597,  "end" : 1713 }, 
        {"sofa" : 1,  "begin" : 1714,  "end" : 1804 }, 
        {"sofa" : 1,  "begin" : 1805,  "end" : 1846 }, 
        {"sofa" : 1,  "begin" : 1847,  "end" : 1857 }, 
        {"sofa" : 1,  "begin" : 1858,  "end" : 1901 }, 
        {"sofa" : 1,  "begin" : 1902,  "end" : 2059 }, 
        {"sofa" : 1,  "begin" : 2060,  "end" : 2216 }, 
        {"sofa" : 1,  "begin" : 2217,  "end" : 2357 }, 
        {"sofa" : 1,  "begin" : 2358,  "end" : 2500 }, 
        {"sofa" : 1,  "begin" : 2501,  "end" : 2848 }, 
        {"sofa" : 1,  "begin" : 2850,  "end" : 2976 }, 
        {"sofa" : 1,  "begin" : 2977,  "end" : 3024 }, 
        {"sofa" : 1,  "begin" : 3025,  "end" : 3155 }, 
        {"sofa" : 1,  "begin" : 3156,  "end" : 3540 }, 
        {"sofa" : 1,  "begin" : 3541,  "end" : 3639 }, 
        {"sofa" : 1,  "begin" : 3641,  "end" : 4317 }, 
        {"sofa" : 1,  "begin" : 4319,  "end" : 4622 }, 
        {"sofa" : 1,  "begin" : 4623,  "end" : 4708 }, 
        {"sofa" : 1,  "begin" : 4709,  "end" : 4965 }, 
        {"sofa" : 1,  "begin" : 4966,  "end" : 5177 }, 
        {"sofa" : 1,  "begin" : 5178,  "end" : 5439 }, 
        {"sofa" : 1,  "begin" : 5440,  "end" : 5861 } ], 
      "Token" : [
        {"sofa" : 1,  "end" : 3 }, 
        {"sofa" : 1,  "begin" : 4,  "end" : 6 }, 
        {"sofa" : 1,  "begin" : 7,  "end" : 10 }, 
        {"sofa" : 1,  "begin" : 11,  "end" : 18 }, 
        {"sofa" : 1,  "begin" : 19,  "end" : 28 }, 
        {"sofa" : 1,  "begin" : 29,  "end" : 33 }, 
        {"sofa" : 1,  "begin" : 34,  "end" : 36 }, 
        {"sofa" : 1,  "begin" : 36,  "end" : 37 }, 
        {"sofa" : 1,  "begin" : 38,  "end" : 41 }, 
        {"sofa" : 1,  "begin" : 42,  "end" : 45 }, 
        {"sofa" : 1,  "begin" : 46,  "end" : 47 }, 
        {"sofa" : 1,  "begin" : 48,  "end" : 51 }, 
        {"sofa" : 1,  "begin" : 52,  "end" : 54 }, 
        {"sofa" : 1,  "begin" : 55,  "end" : 58 }, 
        {"sofa" : 1,  "begin" : 59,  "end" : 62 }, 
        {"sofa" : 1,  "begin" : 63,  "end" : 68 }, 
        {"sofa" : 1,  "begin" : 68,  "end" : 69 }, 
        {"sofa" : 1,  "begin" : 70,  "end" : 74 }, 
        {"sofa" : 1,  "begin" : 75,  "end" : 81 }, 
        {"sofa" : 1,  "begin" : 82,  "end" : 84 }, 
        {"sofa" : 1,  "begin" : 85,  "end" : 91 }, 
        {"sofa" : 1,  "begin" : 92,  "end" : 96 }, 
        {"sofa" : 1,  "begin" : 97,  "end" : 101 }, 
        {"sofa" : 1,  "begin" : 102,  "end" : 107 }, 
        {"sofa" : 1,  "begin" : 107,  "end" : 108 }, 
        {"sofa" : 1,  "begin" : 109,  "end" : 117 }, 
        {"sofa" : 1,  "begin" : 117,  "end" : 118 }, 
        {"sofa" : 1,  "begin" : 119,  "end" : 123 }, 
        {"sofa" : 1,  "begin" : 124,  "end" : 129 }, 
        {"sofa" : 1,  "begin" : 130,  "end" : 132 }, 
        {"sofa" : 1,  "begin" : 132,  "end" : 133 }, 
        {"sofa" : 1,  "begin" : 134,  "end" : 140 }, 
        {"sofa" : 1,  "begin" : 140,  "end" : 141 }, 
        {"sofa" : 1,  "begin" : 142,  "end" : 146 }, 
        {"sofa" : 1,  "begin" : 147,  "end" : 151 }, 
        {"sofa" : 1,  "begin" : 152,  "end" : 154 }, 
        {"sofa" : 1,  "begin" : 154,  "end" : 155 }, 
        {"sofa" : 1,  "begin" : 156,  "end" : 158 }, 
        {"sofa" : 1,  "begin" : 159,  "end" : 161 }, 
        {"sofa" : 1,  "begin" : 162,  "end" : 172 }, 
        {"sofa" : 1,  "begin" : 172,  "end" : 173 }, 
        {"sofa" : 1,  "begin" : 174,  "end" : 186 }, 
        {"sofa" : 1,  "begin" : 186,  "end" : 187 }, 
        {"sofa" : 1,  "begin" : 188,  "end" : 194 }, 
        {"sofa" : 1,  "begin" : 194,  "end" : 195 }, 
        {"sofa" : 1,  "begin" : 196,  "end" : 198 }, 
        {"sofa" : 1,  "begin" : 199,  "end" : 201 }, 
        {"sofa" : 1,  "begin" : 202,  "end" : 204 }, 
        {"sofa" : 1,  "begin" : 205,  "end" : 207 }, 
        {"sofa" : 1,  "begin" : 208,  "end" : 211 }, 
        {"sofa" : 1,  "begin" : 212,  "end" : 218 }, 
        {"sofa" : 1,  "begin" : 219,  "end" : 221 }, 
        {"sofa" : 1,  "begin" : 222,  "end" : 223 }, 
        {"sofa" : 1,  "begin" : 224,  "end" : 227 }, 
        {"sofa" : 1,  "begin" : 227,  "end" : 228 }, 
        {"sofa" : 1,  "begin" : 229,  "end" : 233 }, 
        {"sofa" : 1,  "begin" : 234,  "end" : 240 }, 
        {"sofa" : 1,  "begin" : 241,  "end" : 244 }, 
        {"sofa" : 1,  "begin" : 245,  "end" : 251 }, 
        {"sofa" : 1,  "begin" : 252,  "end" : 255 }, 
        {"sofa" : 1,  "begin" : 256,  "end" : 259 }, 
        {"sofa" : 1,  "begin" : 260,  "end" : 268 }, 
        {"sofa" : 1,  "begin" : 269,  "end" : 272 }, 
        {"sofa" : 1,  "begin" : 273,  "end" : 282 }, 
        {"sofa" : 1,  "begin" : 283,  "end" : 288 }, 
        {"sofa" : 1,  "begin" : 288,  "end" : 289 }, 
        {"sofa" : 1,  "begin" : 290,  "end" : 292 }, 
        {"sofa" : 1,  "begin" : 293,  "end" : 296 }, 
        {"sofa" : 1,  "begin" : 297,  "end" : 306 }, 
        {"sofa" : 1,  "begin" : 306,  "end" : 307 }, 
        {"sofa" : 1,  "begin" : 308,  "end" : 313 }, 
        {"sofa" : 1,  "begin" : 313,  "end" : 314 }, 
        {"sofa" : 1,  "begin" : 315,  "end" : 321 }, 
        {"sofa" : 1,  "begin" : 321,  "end" : 322 }, 
        {"sofa" : 1,  "begin" : 323,  "end" : 329 }, 
        {"sofa" : 1,  "begin" : 329,  "end" : 330 }, 
        {"sofa" : 1,  "begin" : 331,  "end" : 339 }, 
        {"sofa" : 1,  "begin" : 339,  "end" : 340 }, 
        {"sofa" : 1,  "begin" : 341,  "end" : 348 }, 
        {"sofa" : 1,  "begin" : 348,  "end" : 349 }, 
        {"sofa" : 1,  "begin" : 350,  "end" : 351 }, 
        {"sofa" : 1,  "begin" : 352,  "end" : 357 }, 
        {"sofa" : 1,  "begin" : 358,  "end" : 360 }, 
        {"sofa" : 1,  "begin" : 361,  "end" : 364 }, 
        {"sofa" : 1,  "begin" : 365,  "end" : 368 }, 
        {"sofa" : 1,  "begin" : 368,  "end" : 369 }, 
        {"sofa" : 1,  "begin" : 370,  "end" : 375 }, 
        {"sofa" : 1,  "begin" : 376,  "end" : 379 }, 
        {"sofa" : 1,  "begin" : 379,  "end" : 380 }, 
        {"sofa" : 1,  "begin" : 381,  "end" : 382 }, 
        {"sofa" : 1,  "begin" : 383,  "end" : 389 }, 
        {"sofa" : 1,  "begin" : 390,  "end" : 393 }, 
        {"sofa" : 1,  "begin" : 393,  "end" : 394 }, 
        {"sofa" : 1,  "begin" : 395,  "end" : 396 }, 
        {"sofa" : 1,  "begin" : 397,  "end" : 402 }, 
        {"sofa" : 1,  "begin" : 403,  "end" : 406 }, 
        {"sofa" : 1,  "begin" : 406,  "end" : 407 }, 
        {"sofa" : 1,  "begin" : 408,  "end" : 411 }, 
        {"sofa" : 1,  "begin" : 412,  "end" : 415 }, 
        {"sofa" : 1,  "begin" : 416,  "end" : 421 }, 
        {"sofa" : 1,  "begin" : 422,  "end" : 425 }, 
        {"sofa" : 1,  "begin" : 426,  "end" : 427 }, 
        {"sofa" : 1,  "begin" : 428,  "end" : 431 }, 
        {"sofa" : 1,  "begin" : 431,  "end" : 432 }, 
        {"sofa" : 1,  "begin" : 433,  "end" : 436 }, 
        {"sofa" : 1,  "begin" : 437,  "end" : 446 }, 
        {"sofa" : 1,  "begin" : 447,  "end" : 451 }, 
        {"sofa" : 1,  "begin" : 452,  "end" : 455 }, 
        {"sofa" : 1,  "begin" : 455,  "end" : 456 }, 
        {"sofa" : 1,  "begin" : 457,  "end" : 460 }, 
        {"sofa" : 1,  "begin" : 461,  "end" : 464 }, 
        {"sofa" : 1,  "begin" : 465,  "end" : 468 }, 
        {"sofa" : 1,  "begin" : 469,  "end" : 473 }, 
        {"sofa" : 1,  "begin" : 474,  "end" : 477 }, 
        {"sofa" : 1,  "begin" : 478,  "end" : 484 }, 
        {"sofa" : 1,  "begin" : 485,  "end" : 495 }, 
        {"sofa" : 1,  "begin" : 495,  "end" : 496 }, 
        {"sofa" : 1,  "begin" : 497,  "end" : 499 }, 
        {"sofa" : 1,  "begin" : 500,  "end" : 515 }, 
        {"sofa" : 1,  "begin" : 515,  "end" : 516 }, 
        {"sofa" : 1,  "begin" : 517,  "end" : 519 }, 
        {"sofa" : 1,  "begin" : 520,  "end" : 525 }, 
        {"sofa" : 1,  "begin" : 525,  "end" : 526 }, 
        {"sofa" : 1,  "begin" : 527,  "end" : 529 }, 
        {"sofa" : 1,  "begin" : 530,  "end" : 539 }, 
        {"sofa" : 1,  "begin" : 539,  "end" : 540 }, 
        {"sofa" : 1,  "begin" : 541,  "end" : 543 }, 
        {"sofa" : 1,  "begin" : 544,  "end" : 547 }, 
        {"sofa" : 1,  "begin" : 548,  "end" : 557 }, 
        {"sofa" : 1,  "begin" : 557,  "end" : 558 }, 
        {"sofa" : 1,  "begin" : 559,  "end" : 566 }, 
        {"sofa" : 1,  "begin" : 566,  "end" : 567 }, 
        {"sofa" : 1,  "begin" : 568,  "end" : 573 }, 
        {"sofa" : 1,  "begin" : 573,  "end" : 574 }, 
        {"sofa" : 1,  "begin" : 575,  "end" : 584 }, 
        {"sofa" : 1,  "begin" : 585,  "end" : 587 }, 
        {"sofa" : 1,  "begin" : 588,  "end" : 596 }, 
        {"sofa" : 1,  "begin" : 597,  "end" : 603 }, 
        {"sofa" : 1,  "begin" : 603,  "end" : 604 }, 
        {"sofa" : 1,  "begin" : 605,  "end" : 607 }, 
        {"sofa" : 1,  "begin" : 608,  "end" : 610 }, 
        {"sofa" : 1,  "begin" : 611,  "end" : 616 }, 
        {"sofa" : 1,  "begin" : 616,  "end" : 617 }, 
        {"sofa" : 1,  "begin" : 618,  "end" : 625 }, 
        {"sofa" : 1,  "begin" : 625,  "end" : 626 }, 
        {"sofa" : 1,  "begin" : 627,  "end" : 638 }, 
        {"sofa" : 1,  "begin" : 638,  "end" : 639 }, 
        {"sofa" : 1,  "begin" : 640,  "end" : 642 }, 
        {"sofa" : 1,  "begin" : 643,  "end" : 646 }, 
        {"sofa" : 1,  "begin" : 647,  "end" : 652 }, 
        {"sofa" : 1,  "begin" : 652,  "end" : 653 }, 
        {"sofa" : 1,  "begin" : 654,  "end" : 656 }, 
        {"sofa" : 1,  "begin" : 657,  "end" : 660 }, 
        {"sofa" : 1,  "begin" : 661,  "end" : 662 }, 
        {"sofa" : 1,  "begin" : 663,  "end" : 670 }, 
        {"sofa" : 1,  "begin" : 671,  "end" : 673 }, 
        {"sofa" : 1,  "begin" : 674,  "end" : 682 }, 
        {"sofa" : 1,  "begin" : 682,  "end" : 683 }, 
        {"sofa" : 1,  "begin" : 684,  "end" : 686 }, 
        {"sofa" : 1,  "begin" : 687,  "end" : 690 }, 
        {"sofa" : 1,  "begin" : 691,  "end" : 698 }, 
        {"sofa" : 1,  "begin" : 698,  "end" : 699 }, 
        {"sofa" : 1,  "begin" : 700,  "end" : 704 }, 
        {"sofa" : 1,  "begin" : 705,  "end" : 708 }, 
        {"sofa" : 1,  "begin" : 709,  "end" : 716 }, 
        {"sofa" : 1,  "begin" : 717,  "end" : 725 }, 
        {"sofa" : 1,  "begin" : 726,  "end" : 728 }, 
        {"sofa" : 1,  "begin" : 729,  "end" : 733 }, 
        {"sofa" : 1,  "begin" : 734,  "end" : 736 }, 
        {"sofa" : 1,  "begin" : 737,  "end" : 743 }, 
        {"sofa" : 1,  "begin" : 744,  "end" : 747 }, 
        {"sofa" : 1,  "begin" : 747,  "end" : 748 }, 
        {"sofa" : 1,  "begin" : 749,  "end" : 753 }, 
        {"sofa" : 1,  "begin" : 754,  "end" : 757 }, 
        {"sofa" : 1,  "begin" : 758,  "end" : 762 }, 
        {"sofa" : 1,  "begin" : 763,  "end" : 774 }, 
        {"sofa" : 1,  "begin" : 774,  "end" : 775 }, 
        {"sofa" : 1,  "begin" : 776,  "end" : 778 }, 
        {"sofa" : 1,  "begin" : 779,  "end" : 782 }, 
        {"sofa" : 1,  "begin" : 783,  "end" : 785 }, 
        {"sofa" : 1,  "begin" : 786,  "end" : 794 }, 
        {"sofa" : 1,  "begin" : 795,  "end" : 805 }, 
        {"sofa" : 1,  "begin" : 806,  "end" : 812 }, 
        {"sofa" : 1,  "begin" : 813,  "end" : 818 }, 
        {"sofa" : 1,  "begin" : 819,  "end" : 821 }, 
        {"sofa" : 1,  "begin" : 822,  "end" : 825 }, 
        {"sofa" : 1,  "begin" : 826,  "end" : 832 }, 
        {"sofa" : 1,  "begin" : 833,  "end" : 838 }, 
        {"sofa" : 1,  "begin" : 838,  "end" : 839 }, 
        {"sofa" : 1,  "begin" : 840,  "end" : 844 }, 
        {"sofa" : 1,  "begin" : 845,  "end" : 849 }, 
        {"sofa" : 1,  "begin" : 849,  "end" : 850 }, 
        {"sofa" : 1,  "begin" : 851,  "end" : 855 }, 
        {"sofa" : 1,  "begin" : 856,  "end" : 860 }, 
        {"sofa" : 1,  "begin" : 861,  "end" : 864 }, 
        {"sofa" : 1,  "begin" : 865,  "end" : 869 }, 
        {"sofa" : 1,  "begin" : 870,  "end" : 872 }, 
        {"sofa" : 1,  "begin" : 873,  "end" : 874 }, 
        {"sofa" : 1,  "begin" : 875,  "end" : 878 }, 
        {"sofa" : 1,  "begin" : 878,  "end" : 879 }, 
        {"sofa" : 1,  "begin" : 880,  "end" : 886 }, 
        {"sofa" : 1,  "begin" : 887,  "end" : 889 }, 
        {"sofa" : 1,  "begin" : 889,  "end" : 890 }, 
        {"sofa" : 1,  "begin" : 891,  "end" : 898 }, 
        {"sofa" : 1,  "begin" : 899,  "end" : 905 }, 
        {"sofa" : 1,  "begin" : 906,  "end" : 910 }, 
        {"sofa" : 1,  "begin" : 911,  "end" : 915 }, 
        {"sofa" : 1,  "begin" : 915,  "end" : 916 }, 
        {"sofa" : 1,  "begin" : 917,  "end" : 919 }, 
        {"sofa" : 1,  "begin" : 920,  "end" : 922 }, 
        {"sofa" : 1,  "begin" : 923,  "end" : 929 }, 
        {"sofa" : 1,  "begin" : 930,  "end" : 933 }, 
        {"sofa" : 1,  "begin" : 934,  "end" : 939 }, 
        {"sofa" : 1,  "begin" : 940,  "end" : 944 }, 
        {"sofa" : 1,  "begin" : 945,  "end" : 946 }, 
        {"sofa" : 1,  "begin" : 947,  "end" : 950 }, 
        {"sofa" : 1,  "begin" : 950,  "end" : 951 }, 
        {"sofa" : 1,  "begin" : 952,  "end" : 955 }, 
        {"sofa" : 1,  "begin" : 956,  "end" : 957 }, 
        {"sofa" : 1,  "begin" : 958,  "end" : 961 }, 
        {"sofa" : 1,  "begin" : 962,  "end" : 965 }, 
        {"sofa" : 1,  "begin" : 966,  "end" : 968 }, 
        {"sofa" : 1,  "begin" : 969,  "end" : 972 }, 
        {"sofa" : 1,  "begin" : 972,  "end" : 973 }, 
        {"sofa" : 1,  "begin" : 974,  "end" : 978 }, 
        {"sofa" : 1,  "begin" : 979,  "end" : 983 }, 
        {"sofa" : 1,  "begin" : 984,  "end" : 987 }, 
        {"sofa" : 1,  "begin" : 987,  "end" : 988 }, 
        {"sofa" : 1,  "begin" : 989,  "end" : 993 }, 
        {"sofa" : 1,  "begin" : 994,  "end" : 997 }, 
        {"sofa" : 1,  "begin" : 998,  "end" : 1004 }, 
        {"sofa" : 1,  "begin" : 1005,  "end" : 1008 }, 
        {"sofa" : 1,  "begin" : 1009,  "end" : 1015 }, 
        {"sofa" : 1,  "begin" : 1016,  "end" : 1018 }, 
        {"sofa" : 1,  "begin" : 1019,  "end" : 1021 }, 
        {"sofa" : 1,  "begin" : 1022,  "end" : 1027 }, 
        {"sofa" : 1,  "begin" : 1028,  "end" : 1034 }, 
        {"sofa" : 1,  "begin" : 1034,  "end" : 1035 }, 
        {"sofa" : 1,  "begin" : 1036,  "end" : 1038 }, 
        {"sofa" : 1,  "begin" : 1039,  "end" : 1043 }, 
        {"sofa" : 1,  "begin" : 1044,  "end" : 1047 }, 
        {"sofa" : 1,  "begin" : 1048,  "end" : 1050 }, 
        {"sofa" : 1,  "begin" : 1050,  "end" : 1051 }, 
        {"sofa" : 1,  "begin" : 1052,  "end" : 1056 }, 
        {"sofa" : 1,  "begin" : 1057,  "end" : 1061 }, 
        {"sofa" : 1,  "begin" : 1062,  "end" : 1068 }, 
        {"sofa" : 1,  "begin" : 1069,  "end" : 1073 }, 
        {"sofa" : 1,  "begin" : 1074,  "end" : 1075 }, 
        {"sofa" : 1,  "begin" : 1076,  "end" : 1081 }, 
        {"sofa" : 1,  "begin" : 1082,  "end" : 1084 }, 
        {"sofa" : 1,  "begin" : 1085,  "end" : 1089 }, 
        {"sofa" : 1,  "begin" : 1090,  "end" : 1092 }, 
        {"sofa" : 1,  "begin" : 1093,  "end" : 1097 }, 
        {"sofa" : 1,  "begin" : 1098,  "end" : 1100 }, 
        {"sofa" : 1,  "begin" : 1101,  "end" : 1106 }, 
        {"sofa" : 1,  "begin" : 1106,  "end" : 1107 }, 
        {"sofa" : 1,  "begin" : 1108,  "end" : 1115 }, 
        {"sofa" : 1,  "begin" : 1116,  "end" : 1118 }, 
        {"sofa" : 1,  "begin" : 1119,  "end" : 1121 }, 
        {"sofa" : 1,  "begin" : 1122,  "end" : 1127 }, 
        {"sofa" : 1,  "begin" : 1128,  "end" : 1132 }, 
        {"sofa" : 1,  "begin" : 1133,  "end" : 1135 }, 
        {"sofa" : 1,  "begin" : 1136,  "end" : 1141 }, 
        {"sofa" : 1,  "begin" : 1141,  "end" : 1142 }, 
        {"sofa" : 1,  "begin" : 1143,  "end" : 1147 }, 
        {"sofa" : 1,  "begin" : 1148,  "end" : 1154 }, 
        {"sofa" : 1,  "begin" : 1155,  "end" : 1158 }, 
        {"sofa" : 1,  "begin" : 1158,  "end" : 1159 }, 
        {"sofa" : 1,  "begin" : 1160,  "end" : 1162 }, 
        {"sofa" : 1,  "begin" : 1163,  "end" : 1167 }, 
        {"sofa" : 1,  "begin" : 1168,  "end" : 1171 }, 
        {"sofa" : 1,  "begin" : 1172,  "end" : 1177 }, 
        {"sofa" : 1,  "begin" : 1178,  "end" : 1181 }, 
        {"sofa" : 1,  "begin" : 1182,  "end" : 1187 }, 
        {"sofa" : 1,  "begin" : 1188,  "end" : 1190 }, 
        {"sofa" : 1,  "begin" : 1191,  "end" : 1193 }, 
        {"sofa" : 1,  "begin" : 1194,  "end" : 1199 }, 
        {"sofa" : 1,  "begin" : 1199,  "end" : 1200 }, 
        {"sofa" : 1,  "begin" : 1201,  "end" : 1204 }, 
        {"sofa" : 1,  "begin" : 1205,  "end" : 1208 }, 
        {"sofa" : 1,  "begin" : 1209,  "end" : 1217 }, 
        {"sofa" : 1,  "begin" : 1218,  "end" : 1233 }, 
        {"sofa" : 1,  "begin" : 1234,  "end" : 1237 }, 
        {"sofa" : 1,  "begin" : 1238,  "end" : 1248 }, 
        {"sofa" : 1,  "begin" : 1249,  "end" : 1252 }, 
        {"sofa" : 1,  "begin" : 1253,  "end" : 1256 }, 
        {"sofa" : 1,  "begin" : 1257,  "end" : 1267 }, 
        {"sofa" : 1,  "begin" : 1267,  "end" : 1268 }, 
        {"sofa" : 1,  "begin" : 1269,  "end" : 1271 }, 
        {"sofa" : 1,  "begin" : 1272,  "end" : 1274 }, 
        {"sofa" : 1,  "begin" : 1275,  "end" : 1278 }, 
        {"sofa" : 1,  "begin" : 1279,  "end" : 1280 }, 
        {"sofa" : 1,  "begin" : 1281,  "end" : 1285 }, 
        {"sofa" : 1,  "begin" : 1285,  "end" : 1286 }, 
        {"sofa" : 1,  "begin" : 1287,  "end" : 1289 }, 
        {"sofa" : 1,  "begin" : 1290,  "end" : 1292 }, 
        {"sofa" : 1,  "begin" : 1293,  "end" : 1296 }, 
        {"sofa" : 1,  "begin" : 1296,  "end" : 1297 }, 
        {"sofa" : 1,  "begin" : 1298,  "end" : 1300 }, 
        {"sofa" : 1,  "begin" : 1301,  "end" : 1304 }, 
        {"sofa" : 1,  "begin" : 1305,  "end" : 1309 }, 
        {"sofa" : 1,  "begin" : 1309,  "end" : 1310 }, 
        {"sofa" : 1,  "begin" : 1311,  "end" : 1315 }, 
        {"sofa" : 1,  "begin" : 1316,  "end" : 1319 }, 
        {"sofa" : 1,  "begin" : 1320,  "end" : 1330 }, 
        {"sofa" : 1,  "begin" : 1331,  "end" : 1333 }, 
        {"sofa" : 1,  "begin" : 1334,  "end" : 1344 }, 
        {"sofa" : 1,  "begin" : 1345,  "end" : 1346 }, 
        {"sofa" : 1,  "begin" : 1347,  "end" : 1350 }, 
        {"sofa" : 1,  "begin" : 1350,  "end" : 1351 }, 
        {"sofa" : 1,  "begin" : 1352,  "end" : 1355 }, 
        {"sofa" : 1,  "begin" : 1356,  "end" : 1362 }, 
        {"sofa" : 1,  "begin" : 1363,  "end" : 1371 }, 
        {"sofa" : 1,  "begin" : 1371,  "end" : 1372 }, 
        {"sofa" : 1,  "begin" : 1373,  "end" : 1376 }, 
        {"sofa" : 1,  "begin" : 1377,  "end" : 1385 }, 
        {"sofa" : 1,  "begin" : 1386,  "end" : 1389 }, 
        {"sofa" : 1,  "begin" : 1390,  "end" : 1395 }, 
        {"sofa" : 1,  "begin" : 1396,  "end" : 1403 }, 
        {"sofa" : 1,  "begin" : 1403,  "end" : 1404 }, 
        {"sofa" : 1,  "begin" : 1405,  "end" : 1408 }, 
        {"sofa" : 1,  "begin" : 1409,  "end" : 1417 }, 
        {"sofa" : 1,  "begin" : 1418,  "end" : 1420 }, 
        {"sofa" : 1,  "begin" : 1421,  "end" : 1425 }, 
        {"sofa" : 1,  "begin" : 1426,  "end" : 1427 }, 
        {"sofa" : 1,  "begin" : 1428,  "end" : 1431 }, 
        {"sofa" : 1,  "begin" : 1431,  "end" : 1432 }, 
        {"sofa" : 1,  "begin" : 1433,  "end" : 1437 }, 
        {"sofa" : 1,  "begin" : 1438,  "end" : 1441 }, 
        {"sofa" : 1,  "begin" : 1442,  "end" : 1448 }, 
        {"sofa" : 1,  "begin" : 1449,  "end" : 1452 }, 
        {"sofa" : 1,  "begin" : 1453,  "end" : 1461 }, 
        {"sofa" : 1,  "begin" : 1462,  "end" : 1473 }, 
        {"sofa" : 1,  "begin" : 1474,  "end" : 1478 }, 
        {"sofa" : 1,  "begin" : 1479,  "end" : 1481 }, 
        {"sofa" : 1,  "begin" : 1482,  "end" : 1484 }, 
        {"sofa" : 1,  "begin" : 1485,  "end" : 1493 }, 
        {"sofa" : 1,  "begin" : 1493,  "end" : 1494 }, 
        {"sofa" : 1,  "begin" : 1495,  "end" : 1497 }, 
        {"sofa" : 1,  "begin" : 1498,  "end" : 1509 }, 
        {"sofa" : 1,  "begin" : 1510,  "end" : 1513 }, 
        {"sofa" : 1,  "begin" : 1514,  "end" : 1517 }, 
        {"sofa" : 1,  "begin" : 1518,  "end" : 1524 }, 
        {"sofa" : 1,  "begin" : 1525,  "end" : 1529 }, 
        {"sofa" : 1,  "begin" : 1530,  "end" : 1536 }, 
        {"sofa" : 1,  "begin" : 1537,  "end" : 1539 }, 
        {"sofa" : 1,  "begin" : 1540,  "end" : 1543 }, 
        {"sofa" : 1,  "begin" : 1544,  "end" : 1549 }, 
        {"sofa" : 1,  "begin" : 1549,  "end" : 1550 }, 
        {"sofa" : 1,  "begin" : 1551,  "end" : 1553 }, 
        {"sofa" : 1,  "begin" : 1554,  "end" : 1557 }, 
        {"sofa" : 1,  "begin" : 1558,  "end" : 1567 }, 
        {"sofa" : 1,  "begin" : 1567,  "end" : 1568 }, 
        {"sofa" : 1,  "begin" : 1569,  "end" : 1574 }, 
        {"sofa" : 1,  "begin" : 1575,  "end" : 1578 }, 
        {"sofa" : 1,  "begin" : 1579,  "end" : 1582 }, 
        {"sofa" : 1,  "begin" : 1583,  "end" : 1585 }, 
        {"sofa" : 1,  "begin" : 1586,  "end" : 1588 }, 
        {"sofa" : 1,  "begin" : 1589,  "end" : 1590 }, 
        {"sofa" : 1,  "begin" : 1591,  "end" : 1594 }, 
        {"sofa" : 1,  "begin" : 1594,  "end" : 1595 }, 
        {"sofa" : 1,  "begin" : 1595,  "end" : 1596 }, 
        {"sofa" : 1,  "begin" : 1597,  "end" : 1599 }, 
        {"sofa" : 1,  "begin" : 1599,  "end" : 1600 }, 
        {"sofa" : 1,  "begin" : 1601,  "end" : 1604 }, 
        {"sofa" : 1,  "begin" : 1605,  "end" : 1607 }, 
        {"sofa" : 1,  "begin" : 1608,  "end" : 1610 }, 
        {"sofa" : 1,  "begin" : 1611,  "end" : 1615 }, 
        {"sofa" : 1,  "begin" : 1615,  "end" : 1616 }, 
        {"sofa" : 1,  "begin" : 1617,  "end" : 1620 }, 
        {"sofa" : 1,  "begin" : 1621,  "end" : 1635 }, 
        {"sofa" : 1,  "begin" : 1636,  "end" : 1639 }, 
        {"sofa" : 1,  "begin" : 1640,  "end" : 1647 }, 
        {"sofa" : 1,  "begin" : 1648,  "end" : 1650 }, 
        {"sofa" : 1,  "begin" : 1651,  "end" : 1655 }, 
        {"sofa" : 1,  "begin" : 1655,  "end" : 1656 }, 
        {"sofa" : 1,  "begin" : 1657,  "end" : 1660 }, 
        {"sofa" : 1,  "begin" : 1661,  "end" : 1663 }, 
        {"sofa" : 1,  "begin" : 1664,  "end" : 1676 }, 
        {"sofa" : 1,  "begin" : 1676,  "end" : 1677 }, 
        {"sofa" : 1,  "begin" : 1678,  "end" : 1681 }, 
        {"sofa" : 1,  "begin" : 1682,  "end" : 1684 }, 
        {"sofa" : 1,  "begin" : 1685,  "end" : 1688 }, 
        {"sofa" : 1,  "begin" : 1689,  "end" : 1694 }, 
        {"sofa" : 1,  "begin" : 1695,  "end" : 1701 }, 
        {"sofa" : 1,  "begin" : 1702,  "end" : 1706 }, 
        {"sofa" : 1,  "begin" : 1707,  "end" : 1708 }, 
        {"sofa" : 1,  "begin" : 1709,  "end" : 1712 }, 
        {"sofa" : 1,  "begin" : 1712,  "end" : 1713 }, 
        {"sofa" : 1,  "begin" : 1714,  "end" : 1721 }, 
        {"sofa" : 1,  "begin" : 1722,  "end" : 1727 }, 
        {"sofa" : 1,  "begin" : 1728,  "end" : 1730 }, 
        {"sofa" : 1,  "begin" : 1730,  "end" : 1731 }, 
        {"sofa" : 1,  "begin" : 1732,  "end" : 1735 }, 
        {"sofa" : 1,  "begin" : 1736,  "end" : 1742 }, 
        {"sofa" : 1,  "begin" : 1743,  "end" : 1747 }, 
        {"sofa" : 1,  "begin" : 1748,  "end" : 1752 }, 
        {"sofa" : 1,  "begin" : 1753,  "end" : 1756 }, 
        {"sofa" : 1,  "begin" : 1757,  "end" : 1760 }, 
        {"sofa" : 1,  "begin" : 1761,  "end" : 1769 }, 
        {"sofa" : 1,  "begin" : 1769,  "end" : 1770 }, 
        {"sofa" : 1,  "begin" : 1771,  "end" : 1775 }, 
        {"sofa" : 1,  "begin" : 1776,  "end" : 1779 }, 
        {"sofa" : 1,  "begin" : 1780,  "end" : 1783 }, 
        {"sofa" : 1,  "begin" : 1784,  "end" : 1790 }, 
        {"sofa" : 1,  "begin" : 1791,  "end" : 1794 }, 
        {"sofa" : 1,  "begin" : 1795,  "end" : 1803 }, 
        {"sofa" : 1,  "begin" : 1803,  "end" : 1804 }, 
        {"sofa" : 1,  "begin" : 1805,  "end" : 1814 }, 
        {"sofa" : 1,  "begin" : 1815,  "end" : 1817 }, 
        {"sofa" : 1,  "begin" : 1818,  "end" : 1825 }, 
        {"sofa" : 1,  "begin" : 1826,  "end" : 1827 }, 
        {"sofa" : 1,  "begin" : 1828,  "end" : 1833 }, 
        {"sofa" : 1,  "begin" : 1834,  "end" : 1837 }, 
        {"sofa" : 1,  "begin" : 1838,  "end" : 1840 }, 
        {"sofa" : 1,  "begin" : 1841,  "end" : 1845 }, 
        {"sofa" : 1,  "begin" : 1845,  "end" : 1846 }, 
        {"sofa" : 1,  "begin" : 1847,  "end" : 1851 }, 
        {"sofa" : 1,  "begin" : 1852,  "end" : 1856 }, 
        {"sofa" : 1,  "begin" : 1856,  "end" : 1857 }, 
        {"sofa" : 1,  "begin" : 1858,  "end" : 1862 }, 
        {"sofa" : 1,  "begin" : 1863,  "end" : 1869 }, 
        {"sofa" : 1,  "begin" : 1869,  "end" : 1870 }, 
        {"sofa" : 1,  "begin" : 1871,  "end" : 1872 }, 
        {"sofa" : 1,  "begin" : 1873,  "end" : 1878 }, 
        {"sofa" : 1,  "begin" : 1878,  "end" : 1879 }, 
        {"sofa" : 1,  "begin" : 1880,  "end" : 1886 }, 
        {"sofa" : 1,  "begin" : 1886,  "end" : 1887 }, 
        {"sofa" : 1,  "begin" : 1888,  "end" : 1894 }, 
        {"sofa" : 1,  "begin" : 1895,  "end" : 1900 }, 
        {"sofa" : 1,  "begin" : 1900,  "end" : 1901 }, 
        {"sofa" : 1,  "begin" : 1902,  "end" : 1904 }, 
        {"sofa" : 1,  "begin" : 1905,  "end" : 1907 }, 
        {"sofa" : 1,  "begin" : 1908,  "end" : 1911 }, 
        {"sofa" : 1,  "begin" : 1912,  "end" : 1916 }, 
        {"sofa" : 1,  "begin" : 1917,  "end" : 1920 }, 
        {"sofa" : 1,  "begin" : 1921,  "end" : 1926 }, 
        {"sofa" : 1,  "begin" : 1927,  "end" : 1928 }, 
        {"sofa" : 1,  "begin" : 1929,  "end" : 1934 }, 
        {"sofa" : 1,  "begin" : 1935,  "end" : 1937 }, 
        {"sofa" : 1,  "begin" : 1938,  "end" : 1939 }, 
        {"sofa" : 1,  "begin" : 1940,  "end" : 1943 }, 
        {"sofa" : 1,  "begin" : 1944,  "end" : 1948 }, 
        {"sofa" : 1,  "begin" : 1949,  "end" : 1954 }, 
        {"sofa" : 1,  "begin" : 1955,  "end" : 1956 }, 
        {"sofa" : 1,  "begin" : 1957,  "end" : 1960 }, 
        {"sofa" : 1,  "begin" : 1960,  "end" : 1961 }, 
        {"sofa" : 1,  "begin" : 1962,  "end" : 1965 }, 
        {"sofa" : 1,  "begin" : 1966,  "end" : 1969 }, 
        {"sofa" : 1,  "begin" : 1970,  "end" : 1975 }, 
        {"sofa" : 1,  "begin" : 1976,  "end" : 1978 }, 
        {"sofa" : 1,  "begin" : 1979,  "end" : 1982 }, 
        {"sofa" : 1,  "begin" : 1983,  "end" : 1985 }, 
        {"sofa" : 1,  "begin" : 1986,  "end" : 1989 }, 
        {"sofa" : 1,  "begin" : 1989,  "end" : 1990 }, 
        {"sofa" : 1,  "begin" : 1991,  "end" : 1994 }, 
        {"sofa" : 1,  "begin" : 1995,  "end" : 2003 }, 
        {"sofa" : 1,  "begin" : 2004,  "end" : 2016 }, 
        {"sofa" : 1,  "begin" : 2016,  "end" : 2017 }, 
        {"sofa" : 1,  "begin" : 2018,  "end" : 2021 }, 
        {"sofa" : 1,  "begin" : 2022,  "end" : 2030 }, 
        {"sofa" : 1,  "begin" : 2031,  "end" : 2041 }, 
        {"sofa" : 1,  "begin" : 2042,  "end" : 2044 }, 
        {"sofa" : 1,  "begin" : 2045,  "end" : 2049 }, 
        {"sofa" : 1,  "begin" : 2050,  "end" : 2058 }, 
        {"sofa" : 1,  "begin" : 2058,  "end" : 2059 }, 
        {"sofa" : 1,  "begin" : 2060,  "end" : 2062 }, 
        {"sofa" : 1,  "begin" : 2063,  "end" : 2065 }, 
        {"sofa" : 1,  "begin" : 2066,  "end" : 2070 }, 
        {"sofa" : 1,  "begin" : 2071,  "end" : 2074 }, 
        {"sofa" : 1,  "begin" : 2075,  "end" : 2080 }, 
        {"sofa" : 1,  "begin" : 2081,  "end" : 2083 }, 
        {"sofa" : 1,  "begin" : 2084,  "end" : 2090 }, 
        {"sofa" : 1,  "begin" : 2091,  "end" : 2094 }, 
        {"sofa" : 1,  "begin" : 2095,  "end" : 2104 }, 
        {"sofa" : 1,  "begin" : 2104,  "end" : 2105 }, 
        {"sofa" : 1,  "begin" : 2106,  "end" : 2108 }, 
        {"sofa" : 1,  "begin" : 2109,  "end" : 2114 }, 
        {"sofa" : 1,  "begin" : 2115,  "end" : 2118 }, 
        {"sofa" : 1,  "begin" : 2119,  "end" : 2126 }, 
        {"sofa" : 1,  "begin" : 2126,  "end" : 2127 }, 
        {"sofa" : 1,  "begin" : 2128,  "end" : 2130 }, 
        {"sofa" : 1,  "begin" : 2131,  "end" : 2133 }, 
        {"sofa" : 1,  "begin" : 2134,  "end" : 2135 }, 
        {"sofa" : 1,  "begin" : 2136,  "end" : 2139 }, 
        {"sofa" : 1,  "begin" : 2139,  "end" : 2140 }, 
        {"sofa" : 1,  "begin" : 2141,  "end" : 2143 }, 
        {"sofa" : 1,  "begin" : 2144,  "end" : 2147 }, 
        {"sofa" : 1,  "begin" : 2147,  "end" : 2148 }, 
        {"sofa" : 1,  "begin" : 2149,  "end" : 2151 }, 
        {"sofa" : 1,  "begin" : 2152,  "end" : 2154 }, 
        {"sofa" : 1,  "begin" : 2155,  "end" : 2157 }, 
        {"sofa" : 1,  "begin" : 2158,  "end" : 2162 }, 
        {"sofa" : 1,  "begin" : 2163,  "end" : 2168 }, 
        {"sofa" : 1,  "begin" : 2169,  "end" : 2173 }, 
        {"sofa" : 1,  "begin" : 2174,  "end" : 2175 }, 
        {"sofa" : 1,  "begin" : 2176,  "end" : 2179 }, 
        {"sofa" : 1,  "begin" : 2179,  "end" : 2180 }, 
        {"sofa" : 1,  "begin" : 2181,  "end" : 2183 }, 
        {"sofa" : 1,  "begin" : 2184,  "end" : 2185 }, 
        {"sofa" : 1,  "begin" : 2186,  "end" : 2190 }, 
        {"sofa" : 1,  "begin" : 2191,  "end" : 2194 }, 
        {"sofa" : 1,  "begin" : 2195,  "end" : 2197 }, 
        {"sofa" : 1,  "begin" : 2198,  "end" : 2202 }, 
        {"sofa" : 1,  "begin" : 2203,  "end" : 2207 }, 
        {"sofa" : 1,  "begin" : 2208,  "end" : 2209 }, 
        {"sofa" : 1,  "begin" : 2210,  "end" : 2215 }, 
        {"sofa" : 1,  "begin" : 2215,  "end" : 2216 }, 
        {"sofa" : 1,  "begin" : 2217,  "end" : 2219 }, 
        {"sofa" : 1,  "begin" : 2220,  "end" : 2224 }, 
        {"sofa" : 1,  "begin" : 2225,  "end" : 2229 }, 
        {"sofa" : 1,  "begin" : 2230,  "end" : 2236 }, 
        {"sofa" : 1,  "begin" : 2237,  "end" : 2246 }, 
        {"sofa" : 1,  "begin" : 2246,  "end" : 2247 }, 
        {"sofa" : 1,  "begin" : 2248,  "end" : 2250 }, 
        {"sofa" : 1,  "begin" : 2251,  "end" : 2256 }, 
        {"sofa" : 1,  "begin" : 2257,  "end" : 2261 }, 
        {"sofa" : 1,  "begin" : 2262,  "end" : 2271 }, 
        {"sofa" : 1,  "begin" : 2272,  "end" : 2274 }, 
        {"sofa" : 1,  "begin" : 2275,  "end" : 2279 }, 
        {"sofa" : 1,  "begin" : 2280,  "end" : 2282 }, 
        {"sofa" : 1,  "begin" : 2283,  "end" : 2288 }, 
        {"sofa" : 1,  "begin" : 2289,  "end" : 2294 }, 
        {"sofa" : 1,  "begin" : 2295,  "end" : 2298 }, 
        {"sofa" : 1,  "begin" : 2299,  "end" : 2304 }, 
        {"sofa" : 1,  "begin" : 2305,  "end" : 2308 }, 
        {"sofa" : 1,  "begin" : 2309,  "end" : 2315 }, 
        {"sofa" : 1,  "begin" : 2316,  "end" : 2318 }, 
        {"sofa" : 1,  "begin" : 2319,  "end" : 2322 }, 
        {"sofa" : 1,  "begin" : 2322,  "end" : 2323 }, 
        {"sofa" : 1,  "begin" : 2324,  "end" : 2326 }, 
        {"sofa" : 1,  "begin" : 2327,  "end" : 2329 }, 
        {"sofa" : 1,  "begin" : 2330,  "end" : 2334 }, 
        {"sofa" : 1,  "begin" : 2335,  "end" : 2342 }, 
        {"sofa" : 1,  "begin" : 2343,  "end" : 2345 }, 
        {"sofa" : 1,  "begin" : 2346,  "end" : 2356 }, 
        {"sofa" : 1,  "begin" : 2356,  "end" : 2357 }, 
        {"sofa" : 1,  "begin" : 2358,  "end" : 2361 }, 
        {"sofa" : 1,  "begin" : 2362,  "end" : 2366 }, 
        {"sofa" : 1,  "begin" : 2367,  "end" : 2373 }, 
        {"sofa" : 1,  "begin" : 2374,  "end" : 2378 }, 
        {"sofa" : 1,  "begin" : 2379,  "end" : 2382 }, 
        {"sofa" : 1,  "begin" : 2383,  "end" : 2390 }, 
        {"sofa" : 1,  "begin" : 2391,  "end" : 2394 }, 
        {"sofa" : 1,  "begin" : 2395,  "end" : 2403 }, 
        {"sofa" : 1,  "begin" : 2404,  "end" : 2411 }, 
        {"sofa" : 1,  "begin" : 2412,  "end" : 2414 }, 
        {"sofa" : 1,  "begin" : 2415,  "end" : 2418 }, 
        {"sofa" : 1,  "begin" : 2419,  "end" : 2424 }, 
        {"sofa" : 1,  "begin" : 2424,  "end" : 2425 }, 
        {"sofa" : 1,  "begin" : 2426,  "end" : 2429 }, 
        {"sofa" : 1,  "begin" : 2430,  "end" : 2434 }, 
        {"sofa" : 1,  "begin" : 2435,  "end" : 2438 }, 
        {"sofa" : 1,  "begin" : 2439,  "end" : 2441 }, 
        {"sofa" : 1,  "begin" : 2442,  "end" : 2452 }, 
        {"sofa" : 1,  "begin" : 2453,  "end" : 2457 }, 
        {"sofa" : 1,  "begin" : 2458,  "end" : 2465 }, 
        {"sofa" : 1,  "begin" : 2466,  "end" : 2468 }, 
        {"sofa" : 1,  "begin" : 2469,  "end" : 2472 }, 
        {"sofa" : 1,  "begin" : 2472,  "end" : 2473 }, 
        {"sofa" : 1,  "begin" : 2474,  "end" : 2476 }, 
        {"sofa" : 1,  "begin" : 2477,  "end" : 2482 }, 
        {"sofa" : 1,  "begin" : 2482,  "end" : 2483 }, 
        {"sofa" : 1,  "begin" : 2484,  "end" : 2486 }, 
        {"sofa" : 1,  "begin" : 2487,  "end" : 2491 }, 
        {"sofa" : 1,  "begin" : 2492,  "end" : 2495 }, 
        {"sofa" : 1,  "begin" : 2496,  "end" : 2499 }, 
        {"sofa" : 1,  "begin" : 2499,  "end" : 2500 }, 
        {"sofa" : 1,  "begin" : 2501,  "end" : 2505 }, 
        {"sofa" : 1,  "begin" : 2506,  "end" : 2512 }, 
        {"sofa" : 1,  "begin" : 2513,  "end" : 2517 }, 
        {"sofa" : 1,  "begin" : 2518,  "end" : 2524 }, 
        {"sofa" : 1,  "begin" : 2525,  "end" : 2535 }, 
        {"sofa" : 1,  "begin" : 2536,  "end" : 2538 }, 
        {"sofa" : 1,  "begin" : 2539,  "end" : 2542 }, 
        {"sofa" : 1,  "begin" : 2543,  "end" : 2546 }, 
        {"sofa" : 1,  "begin" : 2547,  "end" : 2552 }, 
        {"sofa" : 1,  "begin" : 2553,  "end" : 2558 }, 
        {"sofa" : 1,  "begin" : 2559,  "end" : 2562 }, 
        {"sofa" : 1,  "begin" : 2563,  "end" : 2565 }, 
        {"sofa" : 1,  "begin" : 2566,  "end" : 2570 }, 
        {"sofa" : 1,  "begin" : 2571,  "end" : 2576 }, 
        {"sofa" : 1,  "begin" : 2576,  "end" : 2577 }, 
        {"sofa" : 1,  "begin" : 2578,  "end" : 2582 }, 
        {"sofa" : 1,  "begin" : 2583,  "end" : 2586 }, 
        {"sofa" : 1,  "begin" : 2587,  "end" : 2589 }, 
        {"sofa" : 1,  "begin" : 2590,  "end" : 2594 }, 
        {"sofa" : 1,  "begin" : 2595,  "end" : 2602 }, 
        {"sofa" : 1,  "begin" : 2603,  "end" : 2607 }, 
        {"sofa" : 1,  "begin" : 2608,  "end" : 2611 }, 
        {"sofa" : 1,  "begin" : 2612,  "end" : 2620 }, 
        {"sofa" : 1,  "begin" : 2620,  "end" : 2621 }, 
        {"sofa" : 1,  "begin" : 2622,  "end" : 2625 }, 
        {"sofa" : 1,  "begin" : 2626,  "end" : 2628 }, 
        {"sofa" : 1,  "begin" : 2629,  "end" : 2636 }, 
        {"sofa" : 1,  "begin" : 2637,  "end" : 2642 }, 
        {"sofa" : 1,  "begin" : 2643,  "end" : 2653 }, 
        {"sofa" : 1,  "begin" : 2653,  "end" : 2654 }, 
        {"sofa" : 1,  "begin" : 2655,  "end" : 2658 }, 
        {"sofa" : 1,  "begin" : 2659,  "end" : 2663 }, 
        {"sofa" : 1,  "begin" : 2664,  "end" : 2669 }, 
        {"sofa" : 1,  "begin" : 2670,  "end" : 2672 }, 
        {"sofa" : 1,  "begin" : 2673,  "end" : 2676 }, 
        {"sofa" : 1,  "begin" : 2677,  "end" : 2683 }, 
        {"sofa" : 1,  "begin" : 2683,  "end" : 2684 }, 
        {"sofa" : 1,  "begin" : 2685,  "end" : 2688 }, 
        {"sofa" : 1,  "begin" : 2689,  "end" : 2693 }, 
        {"sofa" : 1,  "begin" : 2694,  "end" : 2698 }, 
        {"sofa" : 1,  "begin" : 2699,  "end" : 2702 }, 
        {"sofa" : 1,  "begin" : 2703,  "end" : 2707 }, 
        {"sofa" : 1,  "begin" : 2708,  "end" : 2711 }, 
        {"sofa" : 1,  "begin" : 2711,  "end" : 2712 }, 
        {"sofa" : 1,  "begin" : 2713,  "end" : 2721 }, 
        {"sofa" : 1,  "begin" : 2722,  "end" : 2724 }, 
        {"sofa" : 1,  "begin" : 2725,  "end" : 2728 }, 
        {"sofa" : 1,  "begin" : 2729,  "end" : 2733 }, 
        {"sofa" : 1,  "begin" : 2734,  "end" : 2736 }, 
        {"sofa" : 1,  "begin" : 2737,  "end" : 2740 }, 
        {"sofa" : 1,  "begin" : 2741,  "end" : 2749 }, 
        {"sofa" : 1,  "begin" : 2749,  "end" : 2750 }, 
        {"sofa" : 1,  "begin" : 2751,  "end" : 2754 }, 
        {"sofa" : 1,  "begin" : 2755,  "end" : 2757 }, 
        {"sofa" : 1,  "begin" : 2758,  "end" : 2762 }, 
        {"sofa" : 1,  "begin" : 2763,  "end" : 2767 }, 
        {"sofa" : 1,  "begin" : 2768,  "end" : 2772 }, 
        {"sofa" : 1,  "begin" : 2773,  "end" : 2777 }, 
        {"sofa" : 1,  "begin" : 2778,  "end" : 2781 }, 
        {"sofa" : 1,  "begin" : 2782,  "end" : 2791 }, 
        {"sofa" : 1,  "begin" : 2791,  "end" : 2792 }, 
        {"sofa" : 1,  "begin" : 2793,  "end" : 2798 }, 
        {"sofa" : 1,  "begin" : 2799,  "end" : 2801 }, 
        {"sofa" : 1,  "begin" : 2802,  "end" : 2806 }, 
        {"sofa" : 1,  "begin" : 2807,  "end" : 2810 }, 
        {"sofa" : 1,  "begin" : 2811,  "end" : 2818 }, 
        {"sofa" : 1,  "begin" : 2819,  "end" : 2822 }, 
        {"sofa" : 1,  "begin" : 2823,  "end" : 2825 }, 
        {"sofa" : 1,  "begin" : 2826,  "end" : 2829 }, 
        {"sofa" : 1,  "begin" : 2830,  "end" : 2836 }, 
        {"sofa" : 1,  "begin" : 2837,  "end" : 2842 }, 
        {"sofa" : 1,  "begin" : 2843,  "end" : 2847 }, 
        {"sofa" : 1,  "begin" : 2847,  "end" : 2848 }, 
        {"sofa" : 1,  "begin" : 2850,  "end" : 2853 }, 
        {"sofa" : 1,  "begin" : 2854,  "end" : 2863 }, 
        {"sofa" : 1,  "begin" : 2864,  "end" : 2866 }, 
        {"sofa" : 1,  "begin" : 2867,  "end" : 2868 }, 
        {"sofa" : 1,  "begin" : 2869,  "end" : 2873 }, 
        {"sofa" : 1,  "begin" : 2874,  "end" : 2881 }, 
        {"sofa" : 1,  "begin" : 2882,  "end" : 2884 }, 
        {"sofa" : 1,  "begin" : 2885,  "end" : 2886 }, 
        {"sofa" : 1,  "begin" : 2887,  "end" : 2897 }, 
        {"sofa" : 1,  "begin" : 2897,  "end" : 2898 }, 
        {"sofa" : 1,  "begin" : 2899,  "end" : 2909 }, 
        {"sofa" : 1,  "begin" : 2910,  "end" : 2913 }, 
        {"sofa" : 1,  "begin" : 2913,  "end" : 2914 }, 
        {"sofa" : 1,  "begin" : 2915,  "end" : 2921 }, 
        {"sofa" : 1,  "begin" : 2922,  "end" : 2925 }, 
        {"sofa" : 1,  "begin" : 2926,  "end" : 2928 }, 
        {"sofa" : 1,  "begin" : 2929,  "end" : 2932 }, 
        {"sofa" : 1,  "begin" : 2933,  "end" : 2939 }, 
        {"sofa" : 1,  "begin" : 2940,  "end" : 2942 }, 
        {"sofa" : 1,  "begin" : 2943,  "end" : 2946 }, 
        {"sofa" : 1,  "begin" : 2947,  "end" : 2951 }, 
        {"sofa" : 1,  "begin" : 2952,  "end" : 2953 }, 
        {"sofa" : 1,  "begin" : 2954,  "end" : 2959 }, 
        {"sofa" : 1,  "begin" : 2960,  "end" : 2963 }, 
        {"sofa" : 1,  "begin" : 2964,  "end" : 2969 }, 
        {"sofa" : 1,  "begin" : 2970,  "end" : 2975 }, 
        {"sofa" : 1,  "begin" : 2975,  "end" : 2976 }, 
        {"sofa" : 1,  "begin" : 2977,  "end" : 2980 }, 
        {"sofa" : 1,  "begin" : 2981,  "end" : 2987 }, 
        {"sofa" : 1,  "begin" : 2988,  "end" : 2992 }, 
        {"sofa" : 1,  "begin" : 2993,  "end" : 2995 }, 
        {"sofa" : 1,  "begin" : 2995,  "end" : 2996 }, 
        {"sofa" : 1,  "begin" : 2997,  "end" : 3000 }, 
        {"sofa" : 1,  "begin" : 3001,  "end" : 3004 }, 
        {"sofa" : 1,  "begin" : 3005,  "end" : 3008 }, 
        {"sofa" : 1,  "begin" : 3009,  "end" : 3011 }, 
        {"sofa" : 1,  "begin" : 3012,  "end" : 3017 }, 
        {"sofa" : 1,  "begin" : 3018,  "end" : 3023 }, 
        {"sofa" : 1,  "begin" : 3023,  "end" : 3024 }, 
        {"sofa" : 1,  "begin" : 3025,  "end" : 3028 }, 
        {"sofa" : 1,  "begin" : 3029,  "end" : 3031 }, 
        {"sofa" : 1,  "begin" : 3032,  "end" : 3037 }, 
        {"sofa" : 1,  "begin" : 3038,  "end" : 3040 }, 
        {"sofa" : 1,  "begin" : 3041,  "end" : 3048 }, 
        {"sofa" : 1,  "begin" : 3049,  "end" : 3054 }, 
        {"sofa" : 1,  "begin" : 3055,  "end" : 3057 }, 
        {"sofa" : 1,  "begin" : 3058,  "end" : 3066 }, 
        {"sofa" : 1,  "begin" : 3067,  "end" : 3070 }, 
        {"sofa" : 1,  "begin" : 3071,  "end" : 3078 }, 
        {"sofa" : 1,  "begin" : 3078,  "end" : 3079 }, 
        {"sofa" : 1,  "begin" : 3080,  "end" : 3086 }, 
        {"sofa" : 1,  "begin" : 3087,  "end" : 3094 }, 
        {"sofa" : 1,  "begin" : 3095,  "end" : 3101 }, 
        {"sofa" : 1,  "begin" : 3102,  "end" : 3107 }, 
        {"sofa" : 1,  "begin" : 3107,  "end" : 3108 }, 
        {"sofa" : 1,  "begin" : 3109,  "end" : 3112 }, 
        {"sofa" : 1,  "begin" : 3113,  "end" : 3116 }, 
        {"sofa" : 1,  "begin" : 3117,  "end" : 3120 }, 
        {"sofa" : 1,  "begin" : 3121,  "end" : 3125 }, 
        {"sofa" : 1,  "begin" : 3126,  "end" : 3128 }, 
        {"sofa" : 1,  "begin" : 3129,  "end" : 3138 }, 
        {"sofa" : 1,  "begin" : 3139,  "end" : 3140 }, 
        {"sofa" : 1,  "begin" : 3141,  "end" : 3146 }, 
        {"sofa" : 1,  "begin" : 3147,  "end" : 3154 }, 
        {"sofa" : 1,  "begin" : 3154,  "end" : 3155 }, 
        {"sofa" : 1,  "begin" : 3156,  "end" : 3158 }, 
        {"sofa" : 1,  "begin" : 3159,  "end" : 3163 }, 
        {"sofa" : 1,  "begin" : 3164,  "end" : 3166 }, 
        {"sofa" : 1,  "begin" : 3167,  "end" : 3172 }, 
        {"sofa" : 1,  "begin" : 3173,  "end" : 3178 }, 
        {"sofa" : 1,  "begin" : 3178,  "end" : 3179 }, 
        {"sofa" : 1,  "begin" : 3180,  "end" : 3182 }, 
        {"sofa" : 1,  "begin" : 3183,  "end" : 3185 }, 
        {"sofa" : 1,  "begin" : 3186,  "end" : 3190 }, 
        {"sofa" : 1,  "begin" : 3190,  "end" : 3191 }, 
        {"sofa" : 1,  "begin" : 3192,  "end" : 3194 }, 
        {"sofa" : 1,  "begin" : 3195,  "end" : 3197 }, 
        {"sofa" : 1,  "begin" : 3198,  "end" : 3201 }, 
        {"sofa" : 1,  "begin" : 3202,  "end" : 3213 }, 
        {"sofa" : 1,  "begin" : 3214,  "end" : 3216 }, 
        {"sofa" : 1,  "begin" : 3217,  "end" : 3223 }, 
        {"sofa" : 1,  "begin" : 3224,  "end" : 3226 }, 
        {"sofa" : 1,  "begin" : 3227,  "end" : 3234 }, 
        {"sofa" : 1,  "begin" : 3235,  "end" : 3238 }, 
        {"sofa" : 1,  "begin" : 3239,  "end" : 3243 }, 
        {"sofa" : 1,  "begin" : 3244,  "end" : 3250 }, 
        {"sofa" : 1,  "begin" : 3250,  "end" : 3251 }, 
        {"sofa" : 1,  "begin" : 3252,  "end" : 3257 }, 
        {"sofa" : 1,  "begin" : 3258,  "end" : 3264 }, 
        {"sofa" : 1,  "begin" : 3265,  "end" : 3271 }, 
        {"sofa" : 1,  "begin" : 3272,  "end" : 3275 }, 
        {"sofa" : 1,  "begin" : 3276,  "end" : 3282 }, 
        {"sofa" : 1,  "begin" : 3283,  "end" : 3287 }, 
        {"sofa" : 1,  "begin" : 3287,  "end" : 3288 }, 
        {"sofa" : 1,  "begin" : 3289,  "end" : 3301 }, 
        {"sofa" : 1,  "begin" : 3301,  "end" : 3302 }, 
        {"sofa" : 1,  "begin" : 3303,  "end" : 3314 }, 
        {"sofa" : 1,  "begin" : 3314,  "end" : 3315 }, 
        {"sofa" : 1,  "begin" : 3316,  "end" : 3323 }, 
        {"sofa" : 1,  "begin" : 3323,  "end" : 3324 }, 
        {"sofa" : 1,  "begin" : 3325,  "end" : 3328 }, 
        {"sofa" : 1,  "begin" : 3329,  "end" : 3332 }, 
        {"sofa" : 1,  "begin" : 3333,  "end" : 3338 }, 
        {"sofa" : 1,  "begin" : 3339,  "end" : 3344 }, 
        {"sofa" : 1,  "begin" : 3345,  "end" : 3346 }, 
        {"sofa" : 1,  "begin" : 3346,  "end" : 3348 }, 
        {"sofa" : 1,  "begin" : 3349,  "end" : 3352 }, 
        {"sofa" : 1,  "begin" : 3353,  "end" : 3360 }, 
        {"sofa" : 1,  "begin" : 3361,  "end" : 3363 }, 
        {"sofa" : 1,  "begin" : 3364,  "end" : 3367 }, 
        {"sofa" : 1,  "begin" : 3368,  "end" : 3375 }, 
        {"sofa" : 1,  "begin" : 3375,  "end" : 3376 }, 
        {"sofa" : 1,  "begin" : 3377,  "end" : 3379 }, 
        {"sofa" : 1,  "begin" : 3380,  "end" : 3386 }, 
        {"sofa" : 1,  "begin" : 3387,  "end" : 3390 }, 
        {"sofa" : 1,  "begin" : 3391,  "end" : 3394 }, 
        {"sofa" : 1,  "begin" : 3395,  "end" : 3402 }, 
        {"sofa" : 1,  "begin" : 3403,  "end" : 3409 }, 
        {"sofa" : 1,  "begin" : 3410,  "end" : 3416 }, 
        {"sofa" : 1,  "begin" : 3416,  "end" : 3417 }, 
        {"sofa" : 1,  "begin" : 3418,  "end" : 3421 }, 
        {"sofa" : 1,  "begin" : 3422,  "end" : 3424 }, 
        {"sofa" : 1,  "begin" : 3425,  "end" : 3427 }, 
        {"sofa" : 1,  "begin" : 3428,  "end" : 3430 }, 
        {"sofa" : 1,  "begin" : 3431,  "end" : 3435 }, 
        {"sofa" : 1,  "begin" : 3436,  "end" : 3443 }, 
        {"sofa" : 1,  "begin" : 3444,  "end" : 3449 }, 
        {"sofa" : 1,  "begin" : 3449,  "end" : 3450 }, 
        {"sofa" : 1,  "begin" : 3451,  "end" : 3453 }, 
        {"sofa" : 1,  "begin" : 3454,  "end" : 3456 }, 
        {"sofa" : 1,  "begin" : 3457,  "end" : 3460 }, 
        {"sofa" : 1,  "begin" : 3461,  "end" : 3463 }, 
        {"sofa" : 1,  "begin" : 3464,  "end" : 3467 }, 
        {"sofa" : 1,  "begin" : 3468,  "end" : 3474 }, 
        {"sofa" : 1,  "begin" : 3475,  "end" : 3481 }, 
        {"sofa" : 1,  "begin" : 3482,  "end" : 3485 }, 
        {"sofa" : 1,  "begin" : 3486,  "end" : 3492 }, 
        {"sofa" : 1,  "begin" : 3492,  "end" : 3493 }, 
        {"sofa" : 1,  "begin" : 3494,  "end" : 3496 }, 
        {"sofa" : 1,  "begin" : 3497,  "end" : 3500 }, 
        {"sofa" : 1,  "begin" : 3501,  "end" : 3505 }, 
        {"sofa" : 1,  "begin" : 3506,  "end" : 3512 }, 
        {"sofa" : 1,  "begin" : 3513,  "end" : 3515 }, 
        {"sofa" : 1,  "begin" : 3516,  "end" : 3519 }, 
        {"sofa" : 1,  "begin" : 3520,  "end" : 3526 }, 
        {"sofa" : 1,  "begin" : 3527,  "end" : 3536 }, 
        {"sofa" : 1,  "begin" : 3537,  "end" : 3539 }, 
        {"sofa" : 1,  "begin" : 3539,  "end" : 3540 }, 
        {"sofa" : 1,  "begin" : 3541,  "end" : 3544 }, 
        {"sofa" : 1,  "begin" : 3545,  "end" : 3547 }, 
        {"sofa" : 1,  "begin" : 3548,  "end" : 3551 }, 
        {"sofa" : 1,  "begin" : 3552,  "end" : 3557 }, 
        {"sofa" : 1,  "begin" : 3558,  "end" : 3560 }, 
        {"sofa" : 1,  "begin" : 3561,  "end" : 3567 }, 
        {"sofa" : 1,  "begin" : 3568,  "end" : 3570 }, 
        {"sofa" : 1,  "begin" : 3571,  "end" : 3573 }, 
        {"sofa" : 1,  "begin" : 3574,  "end" : 3577 }, 
        {"sofa" : 1,  "begin" : 3578,  "end" : 3581 }, 
        {"sofa" : 1,  "begin" : 3582,  "end" : 3589 }, 
        {"sofa" : 1,  "begin" : 3590,  "end" : 3594 }, 
        {"sofa" : 1,  "begin" : 3594,  "end" : 3595 }, 
        {"sofa" : 1,  "begin" : 3596,  "end" : 3598 }, 
        {"sofa" : 1,  "begin" : 3599,  "end" : 3601 }, 
        {"sofa" : 1,  "begin" : 3602,  "end" : 3604 }, 
        {"sofa" : 1,  "begin" : 3605,  "end" : 3608 }, 
        {"sofa" : 1,  "begin" : 3609,  "end" : 3615 }, 
        {"sofa" : 1,  "begin" : 3616,  "end" : 3621 }, 
        {"sofa" : 1,  "begin" : 3621,  "end" : 3622 }, 
        {"sofa" : 1,  "begin" : 3623,  "end" : 3625 }, 
        {"sofa" : 1,  "begin" : 3626,  "end" : 3629 }, 
        {"sofa" : 1,  "begin" : 3630,  "end" : 3633 }, 
        {"sofa" : 1,  "begin" : 3634,  "end" : 3638 }, 
        {"sofa" : 1,  "begin" : 3638,  "end" : 3639 }, 
        {"sofa" : 1,  "begin" : 3641,  "end" : 3644 }, 
        {"sofa" : 1,  "begin" : 3645,  "end" : 3654 }, 
        {"sofa" : 1,  "begin" : 3655,  "end" : 3658 }, 
        {"sofa" : 1,  "begin" : 3659,  "end" : 3666 }, 
        {"sofa" : 1,  "begin" : 3667,  "end" : 3672 }, 
        {"sofa" : 1,  "begin" : 3673,  "end" : 3677 }, 
        {"sofa" : 1,  "begin" : 3678,  "end" : 3682 }, 
        {"sofa" : 1,  "begin" : 3683,  "end" : 3686 }, 
        {"sofa" : 1,  "begin" : 3687,  "end" : 3697 }, 
        {"sofa" : 1,  "begin" : 3698,  "end" : 3705 }, 
        {"sofa" : 1,  "begin" : 3706,  "end" : 3713 }, 
        {"sofa" : 1,  "begin" : 3714,  "end" : 3717 }, 
        {"sofa" : 1,  "begin" : 3718,  "end" : 3719 }, 
        {"sofa" : 1,  "begin" : 3720,  "end" : 3725 }, 
        {"sofa" : 1,  "begin" : 3725,  "end" : 3726 }, 
        {"sofa" : 1,  "begin" : 3727,  "end" : 3730 }, 
        {"sofa" : 1,  "begin" : 3731,  "end" : 3736 }, 
        {"sofa" : 1,  "begin" : 3737,  "end" : 3739 }, 
        {"sofa" : 1,  "begin" : 3740,  "end" : 3744 }, 
        {"sofa" : 1,  "begin" : 3745,  "end" : 3752 }, 
        {"sofa" : 1,  "begin" : 3753,  "end" : 3757 }, 
        {"sofa" : 1,  "begin" : 3758,  "end" : 3764 }, 
        {"sofa" : 1,  "begin" : 3765,  "end" : 3768 }, 
        {"sofa" : 1,  "begin" : 3768,  "end" : 3769 }, 
        {"sofa" : 1,  "begin" : 3770,  "end" : 3773 }, 
        {"sofa" : 1,  "begin" : 3774,  "end" : 3776 }, 
        {"sofa" : 1,  "begin" : 3777,  "end" : 3781 }, 
        {"sofa" : 1,  "begin" : 3782,  "end" : 3785 }, 
        {"sofa" : 1,  "begin" : 3786,  "end" : 3791 }, 
        {"sofa" : 1,  "begin" : 3792,  "end" : 3797 }, 
        {"sofa" : 1,  "begin" : 3798,  "end" : 3800 }, 
        {"sofa" : 1,  "begin" : 3801,  "end" : 3805 }, 
        {"sofa" : 1,  "begin" : 3805,  "end" : 3806 }, 
        {"sofa" : 1,  "begin" : 3807,  "end" : 3814 }, 
        {"sofa" : 1,  "begin" : 3815,  "end" : 3820 }, 
        {"sofa" : 1,  "begin" : 3821,  "end" : 3823 }, 
        {"sofa" : 1,  "begin" : 3824,  "end" : 3828 }, 
        {"sofa" : 1,  "begin" : 3829,  "end" : 3832 }, 
        {"sofa" : 1,  "begin" : 3833,  "end" : 3836 }, 
        {"sofa" : 1,  "begin" : 3836,  "end" : 3837 }, 
        {"sofa" : 1,  "begin" : 3838,  "end" : 3841 }, 
        {"sofa" : 1,  "begin" : 3842,  "end" : 3847 }, 
        {"sofa" : 1,  "begin" : 3848,  "end" : 3850 }, 
        {"sofa" : 1,  "begin" : 3851,  "end" : 3855 }, 
        {"sofa" : 1,  "begin" : 3856,  "end" : 3859 }, 
        {"sofa" : 1,  "begin" : 3860,  "end" : 3866 }, 
        {"sofa" : 1,  "begin" : 3866,  "end" : 3867 }, 
        {"sofa" : 1,  "begin" : 3868,  "end" : 3871 }, 
        {"sofa" : 1,  "begin" : 3872,  "end" : 3881 }, 
        {"sofa" : 1,  "begin" : 3882,  "end" : 3889 }, 
        {"sofa" : 1,  "begin" : 3890,  "end" : 3892 }, 
        {"sofa" : 1,  "begin" : 3893,  "end" : 3897 }, 
        {"sofa" : 1,  "begin" : 3898,  "end" : 3901 }, 
        {"sofa" : 1,  "begin" : 3902,  "end" : 3907 }, 
        {"sofa" : 1,  "begin" : 3907,  "end" : 3908 }, 
        {"sofa" : 1,  "begin" : 3909,  "end" : 3912 }, 
        {"sofa" : 1,  "begin" : 3913,  "end" : 3922 }, 
        {"sofa" : 1,  "begin" : 3923,  "end" : 3925 }, 
        {"sofa" : 1,  "begin" : 3926,  "end" : 3930 }, 
        {"sofa" : 1,  "begin" : 3931,  "end" : 3934 }, 
        {"sofa" : 1,  "begin" : 3935,  "end" : 3940 }, 
        {"sofa" : 1,  "begin" : 3940,  "end" : 3941 }, 
        {"sofa" : 1,  "begin" : 3942,  "end" : 3945 }, 
        {"sofa" : 1,  "begin" : 3946,  "end" : 3953 }, 
        {"sofa" : 1,  "begin" : 3954,  "end" : 3956 }, 
        {"sofa" : 1,  "begin" : 3957,  "end" : 3964 }, 
        {"sofa" : 1,  "begin" : 3965,  "end" : 3967 }, 
        {"sofa" : 1,  "begin" : 3968,  "end" : 3972 }, 
        {"sofa" : 1,  "begin" : 3973,  "end" : 3976 }, 
        {"sofa" : 1,  "begin" : 3977,  "end" : 3981 }, 
        {"sofa" : 1,  "begin" : 3981,  "end" : 3982 }, 
        {"sofa" : 1,  "begin" : 3983,  "end" : 3986 }, 
        {"sofa" : 1,  "begin" : 3987,  "end" : 3994 }, 
        {"sofa" : 1,  "begin" : 3995,  "end" : 3997 }, 
        {"sofa" : 1,  "begin" : 3998,  "end" : 4002 }, 
        {"sofa" : 1,  "begin" : 4003,  "end" : 4006 }, 
        {"sofa" : 1,  "begin" : 4007,  "end" : 4010 }, 
        {"sofa" : 1,  "begin" : 4010,  "end" : 4011 }, 
        {"sofa" : 1,  "begin" : 4012,  "end" : 4014 }, 
        {"sofa" : 1,  "begin" : 4015,  "end" : 4018 }, 
        {"sofa" : 1,  "begin" : 4019,  "end" : 4024 }, 
        {"sofa" : 1,  "begin" : 4025,  "end" : 4030 }, 
        {"sofa" : 1,  "begin" : 4031,  "end" : 4033 }, 
        {"sofa" : 1,  "begin" : 4034,  "end" : 4044 }, 
        {"sofa" : 1,  "begin" : 4045,  "end" : 4047 }, 
        {"sofa" : 1,  "begin" : 4048,  "end" : 4051 }, 
        {"sofa" : 1,  "begin" : 4052,  "end" : 4056 }, 
        {"sofa" : 1,  "begin" : 4057,  "end" : 4062 }, 
        {"sofa" : 1,  "begin" : 4063,  "end" : 4065 }, 
        {"sofa" : 1,  "begin" : 4065,  "end" : 4066 }, 
        {"sofa" : 1,  "begin" : 4067,  "end" : 4069 }, 
        {"sofa" : 1,  "begin" : 4070,  "end" : 4073 }, 
        {"sofa" : 1,  "begin" : 4074,  "end" : 4079 }, 
        {"sofa" : 1,  "begin" : 4080,  "end" : 4084 }, 
        {"sofa" : 1,  "begin" : 4085,  "end" : 4087 }, 
        {"sofa" : 1,  "begin" : 4088,  "end" : 4091 }, 
        {"sofa" : 1,  "begin" : 4092,  "end" : 4096 }, 
        {"sofa" : 1,  "begin" : 4096,  "end" : 4097 }, 
        {"sofa" : 1,  "begin" : 4098,  "end" : 4101 }, 
        {"sofa" : 1,  "begin" : 4102,  "end" : 4107 }, 
        {"sofa" : 1,  "begin" : 4108,  "end" : 4110 }, 
        {"sofa" : 1,  "begin" : 4111,  "end" : 4114 }, 
        {"sofa" : 1,  "begin" : 4115,  "end" : 4122 }, 
        {"sofa" : 1,  "begin" : 4122,  "end" : 4123 }, 
        {"sofa" : 1,  "begin" : 4124,  "end" : 4127 }, 
        {"sofa" : 1,  "begin" : 4128,  "end" : 4133 }, 
        {"sofa" : 1,  "begin" : 4134,  "end" : 4136 }, 
        {"sofa" : 1,  "begin" : 4137,  "end" : 4140 }, 
        {"sofa" : 1,  "begin" : 4141,  "end" : 4148 }, 
        {"sofa" : 1,  "begin" : 4148,  "end" : 4149 }, 
        {"sofa" : 1,  "begin" : 4150,  "end" : 4152 }, 
        {"sofa" : 1,  "begin" : 4153,  "end" : 4156 }, 
        {"sofa" : 1,  "begin" : 4157,  "end" : 4167 }, 
        {"sofa" : 1,  "begin" : 4168,  "end" : 4175 }, 
        {"sofa" : 1,  "begin" : 4176,  "end" : 4179 }, 
        {"sofa" : 1,  "begin" : 4180,  "end" : 4182 }, 
        {"sofa" : 1,  "begin" : 4183,  "end" : 4187 }, 
        {"sofa" : 1,  "begin" : 4188,  "end" : 4191 }, 
        {"sofa" : 1,  "begin" : 4192,  "end" : 4199 }, 
        {"sofa" : 1,  "begin" : 4199,  "end" : 4200 }, 
        {"sofa" : 1,  "begin" : 4201,  "end" : 4208 }, 
        {"sofa" : 1,  "begin" : 4209,  "end" : 4213 }, 
        {"sofa" : 1,  "begin" : 4214,  "end" : 4217 }, 
        {"sofa" : 1,  "begin" : 4217,  "end" : 4218 }, 
        {"sofa" : 1,  "begin" : 4219,  "end" : 4222 }, 
        {"sofa" : 1,  "begin" : 4223,  "end" : 4229 }, 
        {"sofa" : 1,  "begin" : 4230,  "end" : 4233 }, 
        {"sofa" : 1,  "begin" : 4234,  "end" : 4240 }, 
        {"sofa" : 1,  "begin" : 4241,  "end" : 4245 }, 
        {"sofa" : 1,  "begin" : 4246,  "end" : 4249 }, 
        {"sofa" : 1,  "begin" : 4250,  "end" : 4258 }, 
        {"sofa" : 1,  "begin" : 4259,  "end" : 4268 }, 
        {"sofa" : 1,  "begin" : 4269,  "end" : 4274 }, 
        {"sofa" : 1,  "begin" : 4274,  "end" : 4275 }, 
        {"sofa" : 1,  "begin" : 4276,  "end" : 4279 }, 
        {"sofa" : 1,  "begin" : 4280,  "end" : 4288 }, 
        {"sofa" : 1,  "begin" : 4289,  "end" : 4291 }, 
        {"sofa" : 1,  "begin" : 4292,  "end" : 4295 }, 
        {"sofa" : 1,  "begin" : 4295,  "end" : 4296 }, 
        {"sofa" : 1,  "begin" : 4297,  "end" : 4299 }, 
        {"sofa" : 1,  "begin" : 4300,  "end" : 4307 }, 
        {"sofa" : 1,  "begin" : 4308,  "end" : 4312 }, 
        {"sofa" : 1,  "begin" : 4313,  "end" : 4316 }, 
        {"sofa" : 1,  "begin" : 4316,  "end" : 4317 }, 
        {"sofa" : 1,  "begin" : 4319,  "end" : 4321 }, 
        {"sofa" : 1,  "begin" : 4322,  "end" : 4326 }, 
        {"sofa" : 1,  "begin" : 4327,  "end" : 4330 }, 
        {"sofa" : 1,  "begin" : 4331,  "end" : 4337 }, 
        {"sofa" : 1,  "begin" : 4338,  "end" : 4341 }, 
        {"sofa" : 1,  "begin" : 4342,  "end" : 4349 }, 
        {"sofa" : 1,  "begin" : 4350,  "end" : 4356 }, 
        {"sofa" : 1,  "begin" : 4357,  "end" : 4362 }, 
        {"sofa" : 1,  "begin" : 4363,  "end" : 4365 }, 
        {"sofa" : 1,  "begin" : 4366,  "end" : 4369 }, 
        {"sofa" : 1,  "begin" : 4370,  "end" : 4378 }, 
        {"sofa" : 1,  "begin" : 4379,  "end" : 4388 }, 
        {"sofa" : 1,  "begin" : 4388,  "end" : 4389 }, 
        {"sofa" : 1,  "begin" : 4390,  "end" : 4392 }, 
        {"sofa" : 1,  "begin" : 4393,  "end" : 4399 }, 
        {"sofa" : 1,  "begin" : 4400,  "end" : 4401 }, 
        {"sofa" : 1,  "begin" : 4402,  "end" : 4407 }, 
        {"sofa" : 1,  "begin" : 4408,  "end" : 4417 }, 
        {"sofa" : 1,  "begin" : 4418,  "end" : 4420 }, 
        {"sofa" : 1,  "begin" : 4421,  "end" : 4424 }, 
        {"sofa" : 1,  "begin" : 4425,  "end" : 4431 }, 
        {"sofa" : 1,  "begin" : 4432,  "end" : 4438 }, 
        {"sofa" : 1,  "begin" : 4438,  "end" : 4439 }, 
        {"sofa" : 1,  "begin" : 4440,  "end" : 4442 }, 
        {"sofa" : 1,  "begin" : 4443,  "end" : 4444 }, 
        {"sofa" : 1,  "begin" : 4445,  "end" : 4451 }, 
        {"sofa" : 1,  "begin" : 4452,  "end" : 4454 }, 
        {"sofa" : 1,  "begin" : 4455,  "end" : 4461 }, 
        {"sofa" : 1,  "begin" : 4461,  "end" : 4462 }, 
        {"sofa" : 1,  "begin" : 4463,  "end" : 4465 }, 
        {"sofa" : 1,  "begin" : 4466,  "end" : 4476 }, 
        {"sofa" : 1,  "begin" : 4477,  "end" : 4479 }, 
        {"sofa" : 1,  "begin" : 4480,  "end" : 4481 }, 
        {"sofa" : 1,  "begin" : 4482,  "end" : 4487 }, 
        {"sofa" : 1,  "begin" : 4487,  "end" : 4488 }, 
        {"sofa" : 1,  "begin" : 4489,  "end" : 4499 }, 
        {"sofa" : 1,  "begin" : 4500,  "end" : 4502 }, 
        {"sofa" : 1,  "begin" : 4503,  "end" : 4507 }, 
        {"sofa" : 1,  "begin" : 4508,  "end" : 4510 }, 
        {"sofa" : 1,  "begin" : 4511,  "end" : 4512 }, 
        {"sofa" : 1,  "begin" : 4513,  "end" : 4518 }, 
        {"sofa" : 1,  "begin" : 4518,  "end" : 4519 }, 
        {"sofa" : 1,  "begin" : 4520,  "end" : 4523 }, 
        {"sofa" : 1,  "begin" : 4524,  "end" : 4532 }, 
        {"sofa" : 1,  "begin" : 4533,  "end" : 4536 }, 
        {"sofa" : 1,  "begin" : 4537,  "end" : 4543 }, 
        {"sofa" : 1,  "begin" : 4544,  "end" : 4546 }, 
        {"sofa" : 1,  "begin" : 4547,  "end" : 4550 }, 
        {"sofa" : 1,  "begin" : 4551,  "end" : 4554 }, 
        {"sofa" : 1,  "begin" : 4555,  "end" : 4558 }, 
        {"sofa" : 1,  "begin" : 4559,  "end" : 4563 }, 
        {"sofa" : 1,  "begin" : 4564,  "end" : 4568 }, 
        {"sofa" : 1,  "begin" : 4569,  "end" : 4572 }, 
        {"sofa" : 1,  "begin" : 4573,  "end" : 4578 }, 
        {"sofa" : 1,  "begin" : 4579,  "end" : 4583 }, 
        {"sofa" : 1,  "begin" : 4584,  "end" : 4587 }, 
        {"sofa" : 1,  "begin" : 4588,  "end" : 4594 }, 
        {"sofa" : 1,  "begin" : 4595,  "end" : 4597 }, 
        {"sofa" : 1,  "begin" : 4598,  "end" : 4601 }, 
        {"sofa" : 1,  "begin" : 4602,  "end" : 4606 }, 
        {"sofa" : 1,  "begin" : 4607,  "end" : 4609 }, 
        {"sofa" : 1,  "begin" : 4610,  "end" : 4618 }, 
        {"sofa" : 1,  "begin" : 4619,  "end" : 4621 }, 
        {"sofa" : 1,  "begin" : 4621,  "end" : 4622 }, 
        {"sofa" : 1,  "begin" : 4623,  "end" : 4626 }, 
        {"sofa" : 1,  "begin" : 4627,  "end" : 4630 }, 
        {"sofa" : 1,  "begin" : 4631,  "end" : 4633 }, 
        {"sofa" : 1,  "begin" : 4634,  "end" : 4638 }, 
        {"sofa" : 1,  "begin" : 4639,  "end" : 4645 }, 
        {"sofa" : 1,  "begin" : 4646,  "end" : 4648 }, 
        {"sofa" : 1,  "begin" : 4649,  "end" : 4653 }, 
        {"sofa" : 1,  "begin" : 4654,  "end" : 4656 }, 
        {"sofa" : 1,  "begin" : 4657,  "end" : 4660 }, 
        {"sofa" : 1,  "begin" : 4661,  "end" : 4669 }, 
        {"sofa" : 1,  "begin" : 4669,  "end" : 4670 }, 
        {"sofa" : 1,  "begin" : 4671,  "end" : 4673 }, 
        {"sofa" : 1,  "begin" : 4674,  "end" : 4679 }, 
        {"sofa" : 1,  "begin" : 4680,  "end" : 4684 }, 
        {"sofa" : 1,  "begin" : 4685,  "end" : 4687 }, 
        {"sofa" : 1,  "begin" : 4688,  "end" : 4691 }, 
        {"sofa" : 1,  "begin" : 4692,  "end" : 4700 }, 
        {"sofa" : 1,  "begin" : 4701,  "end" : 4703 }, 
        {"sofa" : 1,  "begin" : 4704,  "end" : 4707 }, 
        {"sofa" : 1,  "begin" : 4707,  "end" : 4708 }, 
        {"sofa" : 1,  "begin" : 4709,  "end" : 4712 }, 
        {"sofa" : 1,  "begin" : 4713,  "end" : 4722 }, 
        {"sofa" : 1,  "begin" : 4723,  "end" : 4726 }, 
        {"sofa" : 1,  "begin" : 4727,  "end" : 4736 }, 
        {"sofa" : 1,  "begin" : 4737,  "end" : 4745 }, 
        {"sofa" : 1,  "begin" : 4746,  "end" : 4748 }, 
        {"sofa" : 1,  "begin" : 4749,  "end" : 4759 }, 
        {"sofa" : 1,  "begin" : 4760,  "end" : 4767 }, 
        {"sofa" : 1,  "begin" : 4767,  "end" : 4768 }, 
        {"sofa" : 1,  "begin" : 4769,  "end" : 4773 }, 
        {"sofa" : 1,  "begin" : 4774,  "end" : 4776 }, 
        {"sofa" : 1,  "begin" : 4777,  "end" : 4781 }, 
        {"sofa" : 1,  "begin" : 4782,  "end" : 4785 }, 
        {"sofa" : 1,  "begin" : 4786,  "end" : 4794 }, 
        {"sofa" : 1,  "begin" : 4795,  "end" : 4797 }, 
        {"sofa" : 1,  "begin" : 4798,  "end" : 4805 }, 
        {"sofa" : 1,  "begin" : 4806,  "end" : 4812 }, 
        {"sofa" : 1,  "begin" : 4813,  "end" : 4815 }, 
        {"sofa" : 1,  "begin" : 4816,  "end" : 4818 }, 
        {"sofa" : 1,  "begin" : 4819,  "end" : 4823 }, 
        {"sofa" : 1,  "begin" : 4824,  "end" : 4826 }, 
        {"sofa" : 1,  "begin" : 4827,  "end" : 4830 }, 
        {"sofa" : 1,  "begin" : 4831,  "end" : 4837 }, 
        {"sofa" : 1,  "begin" : 4837,  "end" : 4838 }, 
        {"sofa" : 1,  "begin" : 4839,  "end" : 4842 }, 
        {"sofa" : 1,  "begin" : 4843,  "end" : 4850 }, 
        {"sofa" : 1,  "begin" : 4851,  "end" : 4855 }, 
        {"sofa" : 1,  "begin" : 4856,  "end" : 4859 }, 
        {"sofa" : 1,  "begin" : 4860,  "end" : 4866 }, 
        {"sofa" : 1,  "begin" : 4867,  "end" : 4874 }, 
        {"sofa" : 1,  "begin" : 4875,  "end" : 4878 }, 
        {"sofa" : 1,  "begin" : 4879,  "end" : 4883 }, 
        {"sofa" : 1,  "begin" : 4883,  "end" : 4884 }, 
        {"sofa" : 1,  "begin" : 4885,  "end" : 4890 }, 
        {"sofa" : 1,  "begin" : 4891,  "end" : 4896 }, 
        {"sofa" : 1,  "begin" : 4897,  "end" : 4902 }, 
        {"sofa" : 1,  "begin" : 4903,  "end" : 4906 }, 
        {"sofa" : 1,  "begin" : 4907,  "end" : 4909 }, 
        {"sofa" : 1,  "begin" : 4910,  "end" : 4913 }, 
        {"sofa" : 1,  "begin" : 4914,  "end" : 4918 }, 
        {"sofa" : 1,  "begin" : 4918,  "end" : 4919 }, 
        {"sofa" : 1,  "begin" : 4920,  "end" : 4923 }, 
        {"sofa" : 1,  "begin" : 4924,  "end" : 4930 }, 
        {"sofa" : 1,  "begin" : 4931,  "end" : 4939 }, 
        {"sofa" : 1,  "begin" : 4940,  "end" : 4942 }, 
        {"sofa" : 1,  "begin" : 4943,  "end" : 4946 }, 
        {"sofa" : 1,  "begin" : 4947,  "end" : 4951 }, 
        {"sofa" : 1,  "begin" : 4952,  "end" : 4954 }, 
        {"sofa" : 1,  "begin" : 4955,  "end" : 4958 }, 
        {"sofa" : 1,  "begin" : 4959,  "end" : 4964 }, 
        {"sofa" : 1,  "begin" : 4964,  "end" : 4965 }, 
        {"sofa" : 1,  "begin" : 4966,  "end" : 4973 }, 
        {"sofa" : 1,  "begin" : 4974,  "end" : 4976 }, 
        {"sofa" : 1,  "begin" : 4977,  "end" : 4987 }, 
        {"sofa" : 1,  "begin" : 4987,  "end" : 4988 }, 
        {"sofa" : 1,  "begin" : 4989,  "end" : 4993 }, 
        {"sofa" : 1,  "begin" : 4994,  "end" : 4996 }, 
        {"sofa" : 1,  "begin" : 4997,  "end" : 5000 }, 
        {"sofa" : 1,  "begin" : 5001,  "end" : 5008 }, 
        {"sofa" : 1,  "begin" : 5009,  "end" : 5013 }, 
        {"sofa" : 1,  "begin" : 5013,  "end" : 5014 }, 
        {"sofa" : 1,  "begin" : 5015,  "end" : 5017 }, 
        {"sofa" : 1,  "begin" : 5018,  "end" : 5024 }, 
        {"sofa" : 1,  "begin" : 5025,  "end" : 5033 }, 
        {"sofa" : 1,  "begin" : 5034,  "end" : 5042 }, 
        {"sofa" : 1,  "begin" : 5043,  "end" : 5047 }, 
        {"sofa" : 1,  "begin" : 5048,  "end" : 5051 }, 
        {"sofa" : 1,  "begin" : 5052,  "end" : 5056 }, 
        {"sofa" : 1,  "begin" : 5057,  "end" : 5060 }, 
        {"sofa" : 1,  "begin" : 5061,  "end" : 5068 }, 
        {"sofa" : 1,  "begin" : 5068,  "end" : 5069 }, 
        {"sofa" : 1,  "begin" : 5070,  "end" : 5072 }, 
        {"sofa" : 1,  "begin" : 5073,  "end" : 5075 }, 
        {"sofa" : 1,  "begin" : 5076,  "end" : 5082 }, 
        {"sofa" : 1,  "begin" : 5083,  "end" : 5085 }, 
        {"sofa" : 1,  "begin" : 5086,  "end" : 5089 }, 
        {"sofa" : 1,  "begin" : 5090,  "end" : 5095 }, 
        {"sofa" : 1,  "begin" : 5096,  "end" : 5099 }, 
        {"sofa" : 1,  "begin" : 5100,  "end" : 5105 }, 
        {"sofa" : 1,  "begin" : 5105,  "end" : 5106 }, 
        {"sofa" : 1,  "begin" : 5107,  "end" : 5109 }, 
        {"sofa" : 1,  "begin" : 5110,  "end" : 5113 }, 
        {"sofa" : 1,  "begin" : 5114,  "end" : 5124 }, 
        {"sofa" : 1,  "begin" : 5125,  "end" : 5131 }, 
        {"sofa" : 1,  "begin" : 5132,  "end" : 5134 }, 
        {"sofa" : 1,  "begin" : 5135,  "end" : 5137 }, 
        {"sofa" : 1,  "begin" : 5138,  "end" : 5141 }, 
        {"sofa" : 1,  "begin" : 5142,  "end" : 5147 }, 
        {"sofa" : 1,  "begin" : 5148,  "end" : 5149 }, 
        {"sofa" : 1,  "begin" : 5150,  "end" : 5158 }, 
        {"sofa" : 1,  "begin" : 5159,  "end" : 5161 }, 
        {"sofa" : 1,  "begin" : 5162,  "end" : 5165 }, 
        {"sofa" : 1,  "begin" : 5166,  "end" : 5169 }, 
        {"sofa" : 1,  "begin" : 5170,  "end" : 5176 }, 
        {"sofa" : 1,  "begin" : 5176,  "end" : 5177 }, 
        {"sofa" : 1,  "begin" : 5178,  "end" : 5181 }, 
        {"sofa" : 1,  "begin" : 5182,  "end" : 5184 }, 
        {"sofa" : 1,  "begin" : 5185,  "end" : 5190 }, 
        {"sofa" : 1,  "begin" : 5191,  "end" : 5193 }, 
        {"sofa" : 1,  "begin" : 5194,  "end" : 5197 }, 
        {"sofa" : 1,  "begin" : 5198,  "end" : 5204 }, 
        {"sofa" : 1,  "begin" : 5205,  "end" : 5207 }, 
        {"sofa" : 1,  "begin" : 5208,  "end" : 5214 }, 
        {"sofa" : 1,  "begin" : 5215,  "end" : 5221 }, 
        {"sofa" : 1,  "begin" : 5221,  "end" : 5222 }, 
        {"sofa" : 1,  "begin" : 5223,  "end" : 5225 }, 
        {"sofa" : 1,  "begin" : 5226,  "end" : 5227 }, 
        {"sofa" : 1,  "begin" : 5228,  "end" : 5233 }, 
        {"sofa" : 1,  "begin" : 5234,  "end" : 5240 }, 
        {"sofa" : 1,  "begin" : 5241,  "end" : 5249 }, 
        {"sofa" : 1,  "begin" : 5249,  "end" : 5250 }, 
        {"sofa" : 1,  "begin" : 5251,  "end" : 5255 }, 
        {"sofa" : 1,  "begin" : 5256,  "end" : 5265 }, 
        {"sofa" : 1,  "begin" : 5266,  "end" : 5272 }, 
        {"sofa" : 1,  "begin" : 5273,  "end" : 5275 }, 
        {"sofa" : 1,  "begin" : 5276,  "end" : 5279 }, 
        {"sofa" : 1,  "begin" : 5280,  "end" : 5284 }, 
        {"sofa" : 1,  "begin" : 5285,  "end" : 5294 }, 
        {"sofa" : 1,  "begin" : 5295,  "end" : 5300 }, 
        {"sofa" : 1,  "begin" : 5301,  "end" : 5306 }, 
        {"sofa" : 1,  "begin" : 5307,  "end" : 5311 }, 
        {"sofa" : 1,  "begin" : 5312,  "end" : 5315 }, 
        {"sofa" : 1,  "begin" : 5316,  "end" : 5320 }, 
        {"sofa" : 1,  "begin" : 5321,  "end" : 5325 }, 
        {"sofa" : 1,  "begin" : 5326,  "end" : 5337 }, 
        {"sofa" : 1,  "begin" : 5337,  "end" : 5338 }, 
        {"sofa" : 1,  "begin" : 5339,  "end" : 5345 }, 
        {"sofa" : 1,  "begin" : 5346,  "end" : 5350 }, 
        {"sofa" : 1,  "begin" : 5351,  "end" : 5353 }, 
        {"sofa" : 1,  "begin" : 5353,  "end" : 5354 }, 
        {"sofa" : 1,  "begin" : 5355,  "end" : 5357 }, 
        {"sofa" : 1,  "begin" : 5358,  "end" : 5361 }, 
        {"sofa" : 1,  "begin" : 5362,  "end" : 5367 }, 
        {"sofa" : 1,  "begin" : 5368,  "end" : 5372 }, 
        {"sofa" : 1,  "begin" : 5373,  "end" : 5375 }, 
        {"sofa" : 1,  "begin" : 5376,  "end" : 5382 }, 
        {"sofa" : 1,  "begin" : 5383,  "end" : 5388 }, 
        {"sofa" : 1,  "begin" : 5389,  "end" : 5394 }, 
        {"sofa" : 1,  "begin" : 5394,  "end" : 5395 }, 
        {"sofa" : 1,  "begin" : 5396,  "end" : 5398 }, 
        {"sofa" : 1,  "begin" : 5399,  "end" : 5402 }, 
        {"sofa" : 1,  "begin" : 5403,  "end" : 5405 }, 
        {"sofa" : 1,  "begin" : 5406,  "end" : 5410 }, 
        {"sofa" : 1,  "begin" : 5411,  "end" : 5413 }, 
        {"sofa" : 1,  "begin" : 5414,  "end" : 5418 }, 
        {"sofa" : 1,  "begin" : 5419,  "end" : 5424 }, 
        {"sofa" : 1,  "begin" : 5425,  "end" : 5428 }, 
        {"sofa" : 1,  "begin" : 5429,  "end" : 5430 }, 
        {"sofa" : 1,  "begin" : 5431,  "end" : 5438 }, 
        {"sofa" : 1,  "begin" : 5438,  "end" : 5439 }, 
        {"sofa" : 1,  "begin" : 5440,  "end" : 5443 }, 
        {"sofa" : 1,  "begin" : 5444,  "end" : 5446 }, 
        {"sofa" : 1,  "begin" : 5447,  "end" : 5450 }, 
        {"sofa" : 1,  "begin" : 5451,  "end" : 5458 }, 
        {"sofa" : 1,  "begin" : 5459,  "end" : 5462 }, 
        {"sofa" : 1,  "begin" : 5463,  "end" : 5468 }, 
        {"sofa" : 1,  "begin" : 5469,  "end" : 5471 }, 
        {"sofa" : 1,  "begin" : 5472,  "end" : 5477 }, 
        {"sofa" : 1,  "begin" : 5478,  "end" : 5486 }, 
        {"sofa" : 1,  "begin" : 5486,  "end" : 5487 }, 
        {"sofa" : 1,  "begin" : 5488,  "end" : 5490 }, 
        {"sofa" : 1,  "begin" : 5491,  "end" : 5493 }, 
        {"sofa" : 1,  "begin" : 5494,  "end" : 5499 }, 
        {"sofa" : 1,  "begin" : 5500,  "end" : 5503 }, 
        {"sofa" : 1,  "begin" : 5504,  "end" : 5511 }, 
        {"sofa" : 1,  "begin" : 5512,  "end" : 5516 }, 
        {"sofa" : 1,  "begin" : 5517,  "end" : 5520 }, 
        {"sofa" : 1,  "begin" : 5521,  "end" : 5526 }, 
        {"sofa" : 1,  "begin" : 5527,  "end" : 5529 }, 
        {"sofa" : 1,  "begin" : 5530,  "end" : 5535 }, 
        {"sofa" : 1,  "begin" : 5535,  "end" : 5536 }, 
        {"sofa" : 1,  "begin" : 5537,  "end" : 5539 }, 
        {"sofa" : 1,  "begin" : 5540,  "end" : 5544 }, 
        {"sofa" : 1,  "begin" : 5545,  "end" : 5549 }, 
        {"sofa" : 1,  "begin" : 5550,  "end" : 5553 }, 
        {"sofa" : 1,  "begin" : 5554,  "end" : 5559 }, 
        {"sofa" : 1,  "begin" : 5560,  "end" : 5565 }, 
        {"sofa" : 1,  "begin" : 5565,  "end" : 5566 }, 
        {"sofa" : 1,  "begin" : 5567,  "end" : 5569 }, 
        {"sofa" : 1,  "begin" : 5570,  "end" : 5574 }, 
        {"sofa" : 1,  "begin" : 5575,  "end" : 5578 }, 
        {"sofa" : 1,  "begin" : 5579,  "end" : 5590 }, 
        {"sofa" : 1,  "begin" : 5591,  "end" : 5594 }, 
        {"sofa" : 1,  "begin" : 5595,  "end" : 5598 }, 
        {"sofa" : 1,  "begin" : 5599,  "end" : 5607 }, 
        {"sofa" : 1,  "begin" : 5607,  "end" : 5608 }, 
        {"sofa" : 1,  "begin" : 5609,  "end" : 5613 }, 
        {"sofa" : 1,  "begin" : 5614,  "end" : 5617 }, 
        {"sofa" : 1,  "begin" : 5618,  "end" : 5621 }, 
        {"sofa" : 1,  "begin" : 5622,  "end" : 5632 }, 
        {"sofa" : 1,  "begin" : 5633,  "end" : 5636 }, 
        {"sofa" : 1,  "begin" : 5637,  "end" : 5644 }, 
        {"sofa" : 1,  "begin" : 5645,  "end" : 5648 }, 
        {"sofa" : 1,  "begin" : 5649,  "end" : 5652 }, 
        {"sofa" : 1,  "begin" : 5653,  "end" : 5656 }, 
        {"sofa" : 1,  "begin" : 5657,  "end" : 5660 }, 
        {"sofa" : 1,  "begin" : 5661,  "end" : 5666 }, 
        {"sofa" : 1,  "begin" : 5666,  "end" : 5667 }, 
        {"sofa" : 1,  "begin" : 5668,  "end" : 5670 }, 
        {"sofa" : 1,  "begin" : 5671,  "end" : 5676 }, 
        {"sofa" : 1,  "begin" : 5677,  "end" : 5679 }, 
        {"sofa" : 1,  "begin" : 5680,  "end" : 5683 }, 
        {"sofa" : 1,  "begin" : 5684,  "end" : 5687 }, 
        {"sofa" : 1,  "begin" : 5688,  "end" : 5692 }, 
        {"sofa" : 1,  "begin" : 5693,  "end" : 5695 }, 
        {"sofa" : 1,  "begin" : 5696,  "end" : 5701 }, 
        {"sofa" : 1,  "begin" : 5702,  "end" : 5707 }, 
        {"sofa" : 1,  "begin" : 5708,  "end" : 5712 }, 
        {"sofa" : 1,  "begin" : 5713,  "end" : 5719 }, 
        {"sofa" : 1,  "begin" : 5720,  "end" : 5724 }, 
        {"sofa" : 1,  "begin" : 5724,  "end" : 5725 }, 
        {"sofa" : 1,  "begin" : 5726,  "end" : 5730 }, 
        {"sofa" : 1,  "begin" : 5731,  "end" : 5736 }, 
        {"sofa" : 1,  "begin" : 5737,  "end" : 5745 }, 
        {"sofa" : 1,  "begin" : 5746,  "end" : 5749 }, 
        {"sofa" : 1,  "begin" : 5750,  "end" : 5758 }, 
        {"sofa" : 1,  "begin" : 5759,  "end" : 5762 }, 
        {"sofa" : 1,  "begin" : 5763,  "end" : 5766 }, 
        {"sofa" : 1,  "begin" : 5767,  "end" : 5769 }, 
        {"sofa" : 1,  "begin" : 5770,  "end" : 5773 }, 
        {"sofa" : 1,  "begin" : 5773,  "end" : 5774 }, 
        {"sofa" : 1,  "begin" : 5775,  "end" : 5779 }, 
        {"sofa" : 1,  "begin" : 5780,  "end" : 5783 }, 
        {"sofa" : 1,  "begin" : 5784,  "end" : 5788 }, 
        {"sofa" : 1,  "begin" : 5789,  "end" : 5792 }, 
        {"sofa" : 1,  "begin" : 5793,  "end" : 5795 }, 
        {"sofa" : 1,  "begin" : 5796,  "end" : 5801 }, 
        {"sofa" : 1,  "begin" : 5802,  "end" : 5804 }, 
        {"sofa" : 1,  "begin" : 5805,  "end" : 5810 }, 
        {"sofa" : 1,  "begin" : 5811,  "end" : 5813 }, 
        {"sofa" : 1,  "begin" : 5814,  "end" : 5822 }, 
        {"sofa" : 1,  "begin" : 5822,  "end" : 5823 }, 
        {"sofa" : 1,  "begin" : 5824,  "end" : 5830 }, 
        {"sofa" : 1,  "begin" : 5831,  "end" : 5833 }, 
        {"sofa" : 1,  "begin" : 5834,  "end" : 5838 }, 
        {"sofa" : 1,  "begin" : 5839,  "end" : 5844 }, 
        {"sofa" : 1,  "begin" : 5845,  "end" : 5849 }, 
        {"sofa" : 1,  "begin" : 5850,  "end" : 5855 }, 
        {"sofa" : 1,  "begin" : 5856,  "end" : 5860 }, 
        {"sofa" : 1,  "begin" : 5860,  "end" : 5861 } ] } }, 
  "_referenced_fss" : {
    "1" : {"_type" : "Sofa",  "sofaNum" : 1,  "sofaID" : "_InitialView",  "mimeType" : "text",  "sofaString" : "For as the Heathen Epictetus tels vs, wee try a man as wee try money. What figure or stampe hath this coine? Traianes? Then bring it. Neroes? Away with is, it is adulterate, sophisticate, wicked. So is it in the tryall of a man. What figure and stampe doe his purposes and practises carry? Is hee mercifull, meeke, humble, gentle, sociable, patient, a louer of all men? Bring him, I allowe him, I admit him, and him onely for a man, and companion with God. But see hee haue not Neroes characters, or Nebuchadnezzars, or Ahabs, or Ieroboams. Is hee dissolute, riotous, vaine, luxarious an vncleane person? Is he proud, haughty, high-minded? Is hee angry? Is hee a pursuer of enmities? Is hee froward? Doth hee reuenge himselfe of such as offend him, when hee gets opportunity? Is hee an apparent impenitent wicked liuer in any grosse\nsinne? What then? Wilt thou say this is a man? Surely no. Quiduis potius quàm homo; He is rather any thing then a man: but a man hee is not. Wilt thou say, that all things are iudged of by their formes? If that bee so, then thou mayest call a lumpe of waxe or clay an apple, because it is round like an apple: thou mayest say, it hath the smell and taste of an apple. But the outwarde circumscription and attendants are not sufficient; it is not a nose, or an eye, or the like, that are sufficient to constitute a man: For humane purposes, and vertuous and noble actions, are required to make a man. This man heares not wholsome admonitions when he is reproued, he vnderstands not the things that belong to his peace, to his saluation: shall wee say he is a man,? No, hee is an asse: his shamefastnesse and modesty is dead, hee is vnprofitable, hee is any thing rather then a man. Another there is, who seekes with\nwhom hee may quarrell, whom hee may spurne and contemne. Therefore is neither a sheep nor an asse. What then? Fera bestia, A wilde, bruite, sauage beast? It is not then the shape & image of a man that makes a man, but the image of God in man, his vertuous inclinations, and resolute executions of good purposes. If he haue the stamp of vertue and holinesse, of mercy and goodnes, he is a man; if not, he is so much lesse then a man, as a good man is more then a beast. If this were truely disgested, it would make thousands of such as onely carry the names and shapes of men, to be much ashamed of themselues. For what should make the profane and godlesse persons of the world, who will not be acquainted with goodnes at all, to blush, if this doe not? That wheras they thinke themselues to bee the onely braue men of this world, they are in true account with God himselfe) who is Optimus\nrerum aestimator, The best iudge of all things) and also with all good men, esteemed as the dung of the streetes, and as salt that hath lost his saltnesse, which is good for nothing but to bee troden vnder foot.\n\nThe Prodigall is a true embleme of a voluptuous, impenitent man, turned out of the nature of man into a swine and brute beast. For Christ tels vs, hee was set to feede swine. And to feede is vsually taken to recreate and delight: Oculos pictura pascit inani, Hee fed his eyes in beholding a vaine picture. So that to feede swine, is as much, as by the filthinesse of sinnes to delight and feed diuels: sinne beeing truely the diuels food: drunkennesse, vncleanesse, luxurie, and all other vices (in the opinion of the learned) no better but the diuells dainty dishes: All of vs so long feeding swine, as we doe by our sinnes please the diuell, or doe such things as the diuell reioiceth\nat. For as the meate of Christ is to doe his Fathers will, so it is the diuels meate, to doe his will.\n\nAnd therefore our Sauiour might well call the impenitent vicious vngodly man a swine, not fitte to haue pearles cast before him: for as from the swine comes no good, neither milke as from the cow, nor wooll as from the sheepe, nor faithfull seruice as from the dogge, nor obedience as from the horse, nor bearing of burdens as from the asse, nor tillage as from the oxe: as the swine giues no cotentment to him that feeds it, as the horse doth by his pace, the dogge by his hunting, the hawke by his fowling: so the voluptuous carnall man is good for nothing; neyther hath God, who filles his bellie with his infinite treasures daily, any pleasure in him, or seruice from him.\n\nSo that the wicked and vngodly sinner lying in his stinking pleasures, is truely a swine wallowing\nin the filthy puddle, as a filthy as aswine, as gluttonous as a swine, delighting in dirt as a swine, not smelling the stinke of his sin any more then the swine doth the stinke of the dirt it wallowes in. And yet no dung stinks so much in our nostrels, as sinne doth in the nostrels of God. And therefore the Scripture speaking of impenitent sinners, tels vs that the carcasse of Iezabel should be as dung on the ground; and because they had sinned against the Lord, their flesh shall bee as the dung: the wicked becoming as the dung of the earth. Whereby we vnderstand, that no hot reeking dung, or filthy stinking carcasse cast out into the chanell, is so odious to our sight and smell, as the impenitent sinner is in the sight & nostrels of God and Angels. And so foule is the stinke of infull soules, as a godly Father obserues, that therefore Christ at the last iudgement shall shake them off with that irreuocable, depart from me, as not being able to endure their smell, no not so long as they shall bee a iudging. And as the vngodly are swine in these respects, so as Swine are choaked with the smell of roses, as they chew not their meate, as they are vnrofitable for all seruices, such are the voluptuous and carnall men for all the world; to heare or see any good or godly thing doth choake them, they neuer ruminate and consider the Law of God, they are good for no worke of piety or religion, hauing no more Soule then swine haue." }, 
    "16959" : {"_type" : "Span",  "sofa" : 1,  "begin" : 1160,  "end" : 1162,  "label" : "Smell_Source" }, 
    "16988" : {"_type" : "Span",  "sofa" : 1,  "begin" : 1074,  "end" : 1097,  "label" : "Smell_Source" }, 
    "16925" : {"_type" : "Span",  "sofa" : 1,  "begin" : 1172,  "end" : 1177,  "label" : "Smell_Word" }, 
    "16930" : {"_type" : "Span",  "sofa" : 1,  "begin" : 1188,  "end" : 1199,  "label" : "Evoked_Odorant" }, 
    "16947" : {"_type" : "Span",  "sofa" : 1,  "begin" : 1143,  "end" : 1147,  "label" : "Perceiver" }, 
    "17041" : {"_type" : "Span",  "sofa" : 1,  "begin" : 4366,  "end" : 4369,  "label" : "Perceiver" }, 
    "17029" : {"_type" : "Span",  "sofa" : 1,  "begin" : 4327,  "end" : 4356,  "label" : "Perceiver" }, 
    "17000" : {"_type" : "Span",  "sofa" : 1,  "begin" : 4370,  "end" : 4378,  "label" : "Smell_Word" }, 
    "17005" : {"_type" : "Span",  "sofa" : 1,  "begin" : 4370,  "end" : 4378,  "label" : "Quality" }, 
    "17017" : {"_type" : "Span",  "sofa" : 1,  "begin" : 4379,  "end" : 4388,  "label" : "Smell_Source" }, 
    "17053" : {"_type" : "Span",  "sofa" : 1,  "begin" : 4524,  "end" : 4532,  "label" : "Smell_Word" }, 
    "17075" : {"_type" : "Span",  "sofa" : 1,  "begin" : 4547,  "end" : 4550,  "label" : "Perceiver" }, 
    "17106" : {"_type" : "Span",  "sofa" : 1,  "begin" : 4555,  "end" : 4563,  "label" : "Time" }, 
    "17070" : {"_type" : "Span",  "sofa" : 1,  "begin" : 4537,  "end" : 4543,  "label" : "Smell_Word" }, 
    "17080" : {"_type" : "Span",  "sofa" : 1,  "begin" : 4551,  "end" : 4554,  "label" : "Smell_Source" }, 
    "17118" : {"_type" : "Span",  "sofa" : 1,  "begin" : 4588,  "end" : 4594,  "label" : "Smell_Word" }, 
    "17123" : {"_type" : "Span",  "sofa" : 1,  "begin" : 4595,  "end" : 4606,  "label" : "Smell_Source" }, 
    "17135" : {"_type" : "Span",  "sofa" : 1,  "begin" : 4639,  "end" : 4645,  "label" : "Smell_Word" }, 
    "17140" : {"_type" : "Span",  "sofa" : 1,  "begin" : 4634,  "end" : 4638,  "label" : "Smell_Source" }, 
    "17200" : {"_type" : "Span",  "sofa" : 1,  "begin" : 4654,  "end" : 4669,  "label" : "Perceiver" }, 
    "17212" : {"_type" : "Span",  "sofa" : 1,  "begin" : 4646,  "end" : 4653,  "label" : "Quality" }, 
    "17169" : {"_type" : "Span",  "sofa" : 1,  "begin" : 4680,  "end" : 4684,  "label" : "Smell_Word" }, 
    "17164" : {"_type" : "Span",  "sofa" : 1,  "begin" : 4674,  "end" : 4679,  "label" : "Smell_Source" }, 
    "17188" : {"_type" : "Span",  "sofa" : 1,  "begin" : 4685,  "end" : 4707,  "label" : "Perceiver" }, 
    "17224" : {"_type" : "Span",  "sofa" : 1,  "begin" : 5001,  "end" : 5008,  "label" : "Smell_Word" }, 
    "17234" : {"_type" : "Span",  "sofa" : 1,  "begin" : 4997,  "end" : 5000,  "label" : "Quality" }, 
    "17229" : {"_type" : "Span",  "sofa" : 1,  "begin" : 5009,  "end" : 5013,  "label" : "Smell_Source" }, 
    "17253" : {"_type" : "Span",  "sofa" : 1,  "begin" : 5001,  "end" : 5008,  "label" : "Quality" }, 
    "17265" : {"_type" : "Span",  "sofa" : 1,  "begin" : 4974,  "end" : 4976,  "label" : "Perceiver" }, 
    "17282" : {"_type" : "Span",  "sofa" : 1,  "begin" : 5025,  "end" : 5033,  "label" : "Smell_Word" }, 
    "17287" : {"_type" : "Span",  "sofa" : 1,  "begin" : 5025,  "end" : 5033,  "label" : "Quality" }, 
    "17299" : {"_type" : "Span",  "sofa" : 1,  "begin" : 5034,  "end" : 5042,  "label" : "Smell_Source" }, 
    "17277" : {"_type" : "Span",  "sofa" : 1,  "begin" : 5018,  "end" : 5024,  "label" : "Quality" }, 
    "17323" : {"_type" : "Span",  "sofa" : 1,  "begin" : 5052,  "end" : 5068,  "label" : "Location" }, 
    "17342" : {"_type" : "Span",  "sofa" : 1,  "begin" : 5100,  "end" : 5105,  "label" : "Smell_Word" }, 
    "17347" : {"_type" : "Span",  "sofa" : 1,  "begin" : 5086,  "end" : 5089,  "label" : "Perceiver" }, 
    "17376" : {"_type" : "Span",  "sofa" : 1,  "begin" : 5076,  "end" : 5085,  "label" : "Quality" }, 
    "17393" : {"_type" : "Span",  "sofa" : 1,  "begin" : 5198,  "end" : 5204,  "label" : "Smell_Word" }, 
    "17398" : {"_type" : "Span",  "sofa" : 1,  "begin" : 5198,  "end" : 5204,  "label" : "Quality" }, 
    "17388" : {"_type" : "Span",  "sofa" : 1,  "begin" : 5185,  "end" : 5190,  "label" : "Quality" }, 
    "17417" : {"_type" : "Span",  "sofa" : 1,  "begin" : 5205,  "end" : 5221,  "label" : "Smell_Source" }, 
    "17429" : {"_type" : "Span",  "sofa" : 1,  "begin" : 5251,  "end" : 5353,  "label" : "Effect" }, 
    "17446" : {"_type" : "Span",  "sofa" : 1,  "begin" : 5383,  "end" : 5388,  "label" : "Smell_Source" }, 
    "17441" : {"_type" : "Span",  "sofa" : 1,  "begin" : 5389,  "end" : 5394,  "label" : "Smell_Word" }, 
    "17465" : {"_type" : "Span",  "sofa" : 1,  "begin" : 5399,  "end" : 5438,  "label" : "Time" }, 
    "17477" : {"_type" : "Span",  "sofa" : 1,  "begin" : 5521,  "end" : 5526,  "label" : "Smell_Word" }, 
    "17482" : {"_type" : "Span",  "sofa" : 1,  "begin" : 5527,  "end" : 5535,  "label" : "Smell_Source" }, 
    "17494" : {"_type" : "Span",  "sofa" : 1,  "begin" : 5494,  "end" : 5499,  "label" : "Perceiver" } } }