#FORMAT=WebAnno TSV 3.3
#T_SP=custom.Span|label
#T_RL=custom.Relation|label|BT_custom.Span


#Text=2.
1-1	3-4	2	_	_	_	
1-2	4-5	.	_	_	_	

#Text=Fibroin iſt die von Seidenleim, von Fett und Farb-
#Text=ſtoff befreite Seidenfaſer;
#Text=ſie beträgt 66 Prozent.
#Text=
#Text=
#Text=3.
2-1	6-13	Fibroin	_	_	_	
2-2	14-17	iſt	_	_	_	
2-3	18-21	die	_	_	_	
2-4	22-25	von	_	_	_	
2-5	26-36	Seidenleim	_	_	_	
2-6	36-37	,	_	_	_	
2-7	38-41	von	_	_	_	
2-8	42-46	Fett	_	_	_	
2-9	47-50	und	_	_	_	
2-10	51-55	Farb	_	_	_	
2-11	55-56	-	_	_	_	
2-12	57-62	ſtoff	_	_	_	
2-13	63-71	befreite	_	_	_	
2-14	72-83	Seidenfaſer	_	_	_	
2-15	83-84	;	_	_	_	
2-16	85-88	ſie	_	_	_	
2-17	89-96	beträgt	_	_	_	
2-18	97-99	66	_	_	_	
2-19	100-107	Prozent	_	_	_	
2-20	107-108	.	_	_	_	
2-21	111-112	3	_	_	_	
2-22	112-113	.	_	_	_	

#Text=Fettſubſtanzen, Harz und Farbſtoff betragen 1,5 Prozent.
3-1	114-128	Fettſubſtanzen	_	_	_	
3-2	128-129	,	_	_	_	
3-3	130-134	Harz	_	_	_	
3-4	135-138	und	_	_	_	
3-5	139-148	Farbſtoff	_	_	_	
3-6	149-157	betragen	_	_	_	
3-7	158-161	1,5	_	_	_	
3-8	162-169	Prozent	_	_	_	
3-9	169-170	.	_	_	_	

#Text=Der Seidenleim bildet nach dem Verdampfen des Waſſers eine leim-
#Text=ähnliche, durchſcheinende, gelbliche Maſſe, welche ſich in Waſſer, in Seifen-
#Text=lauge und anderen alkaliſchen Flüſſigkeiten, ſowie in Eſſigſäure leicht löſt.
4-1	174-177	Der	_	_	_	
4-2	178-188	Seidenleim	_	_	_	
4-3	189-195	bildet	_	_	_	
4-4	196-200	nach	_	_	_	
4-5	201-204	dem	_	_	_	
4-6	205-215	Verdampfen	_	_	_	
4-7	216-219	des	_	_	_	
4-8	220-227	Waſſers	_	_	_	
4-9	228-232	eine	_	_	_	
4-10	233-237	leim	_	_	_	
4-11	237-238	-	_	_	_	
4-12	239-247	ähnliche	_	_	_	
4-13	247-248	,	_	_	_	
4-14	249-264	durchſcheinende	_	_	_	
4-15	264-265	,	_	_	_	
4-16	266-275	gelbliche	_	_	_	
4-17	276-281	Maſſe	_	_	_	
4-18	281-282	,	_	_	_	
4-19	283-289	welche	_	_	_	
4-20	290-294	ſich	_	_	_	
4-21	295-297	in	_	_	_	
4-22	298-304	Waſſer	_	_	_	
4-23	304-305	,	_	_	_	
4-24	306-308	in	_	_	_	
4-25	309-315	Seifen	_	_	_	
4-26	315-316	-	_	_	_	
4-27	317-322	lauge	_	_	_	
4-28	323-326	und	_	_	_	
4-29	327-334	anderen	_	_	_	
4-30	335-346	alkaliſchen	_	_	_	
4-31	347-360	Flüſſigkeiten	_	_	_	
4-32	360-361	,	_	_	_	
4-33	362-367	ſowie	_	_	_	
4-34	368-370	in	_	_	_	
4-35	371-381	Eſſigſäure	_	_	_	
4-36	382-388	leicht	_	_	_	
4-37	389-393	löſt	_	_	_	
4-38	393-394	.	_	_	_	

#Text=Die wäſſerige Löſung wird durch Alkohol, Gerbſäure, Bleieſſig, ſalpeterſau-
#Text=res Queckſilberoxydul und Zinnchlorid gefällt.
5-1	397-400	Die	_	_	_	
5-2	401-410	wäſſerige	_	_	_	
5-3	411-417	Löſung	_	_	_	
5-4	418-422	wird	_	_	_	
5-5	423-428	durch	_	_	_	
5-6	429-436	Alkohol	_	_	_	
5-7	436-437	,	_	_	_	
5-8	438-447	Gerbſäure	_	_	_	
5-9	447-448	,	_	_	_	
5-10	449-458	Bleieſſig	_	_	_	
5-11	458-459	,	_	_	_	
5-12	460-471	ſalpeterſau	_	_	_	
5-13	471-472	-	_	_	_	
5-14	473-476	res	_	_	_	
5-15	477-494	Queckſilberoxydul	_	_	_	
5-16	495-498	und	_	_	_	
5-17	499-510	Zinnchlorid	_	_	_	
5-18	511-518	gefällt	_	_	_	
5-19	518-519	.	_	_	_	

#Text=Die eſſigſaure Löſung gibt
#Text=mit Blutlaugenſalz einen grünlichen Niederſchlag.
6-1	520-523	Die	_	_	_	
6-2	524-534	eſſigſaure	_	_	_	
6-3	535-541	Löſung	_	_	_	
6-4	542-546	gibt	_	_	_	
6-5	547-550	mit	_	_	_	
6-6	551-565	Blutlaugenſalz	_	_	_	
6-7	566-571	einen	_	_	_	
6-8	572-582	grünlichen	_	_	_	
6-9	583-595	Niederſchlag	_	_	_	
6-10	595-596	.	_	_	_	

#Text=Die eigentliche Seidenfaſer oder das Fibroin iſt eine weiße glän-
#Text=zende Faſer, zerreiblich, geruch- und geſchmacklos in Waſſer, Alkohol, Aether
#Text=und Ammoniak und in kalter Eſſigſäure unlöslich, löslich dagegen in
#Text=heißer Eſſigſäure, in Alkalien, beſonders in ſtarken Laugen, in konzentrier-
#Text=ten Säuren, aber auch in verdünnter Salzſäure.
7-1	600-603	Die	_	_	_	
7-2	604-615	eigentliche	_	_	_	
7-3	616-627	Seidenfaſer	Smell\_Source	_	_	
7-4	628-632	oder	_	_	_	
7-5	633-636	das	_	_	_	
7-6	637-644	Fibroin	Smell\_Source	_	_	
7-7	645-648	iſt	_	_	_	
7-8	649-653	eine	_	_	_	
7-9	654-659	weiße	_	_	_	
7-10	660-664	glän	_	_	_	
7-11	664-665	-	_	_	_	
7-12	666-671	zende	_	_	_	
7-13	672-677	Faſer	_	_	_	
7-14	677-678	,	_	_	_	
7-15	679-690	zerreiblich	_	_	_	
7-16	690-691	,	_	_	_	
7-17	692-698	geruch	Smell\_Word[1]|Quality[2]	*|*|*|*|*	7-6[0_1]|7-3[0_1]|7-21[5_1]|7-20[3_1]|7-20[4_2]	
7-18	698-699	-	_	_	_	
7-19	700-703	und	_	_	_	
7-20	704-716	geſchmacklos	Smell\_Word[3]|Quality[4]	_	_	
7-21	717-719	in	Circumstances[5]	_	_	
7-22	720-726	Waſſer	Circumstances[5]	_	_	
7-23	726-727	,	Circumstances[5]	_	_	
7-24	728-735	Alkohol	Circumstances[5]	_	_	
7-25	735-736	,	Circumstances[5]	_	_	
7-26	737-743	Aether	Circumstances[5]	_	_	
7-27	744-747	und	Circumstances[5]	_	_	
7-28	748-756	Ammoniak	Circumstances[5]	_	_	
7-29	757-760	und	_	_	_	
7-30	761-763	in	_	_	_	
7-31	764-770	kalter	_	_	_	
7-32	771-781	Eſſigſäure	_	_	_	
7-33	782-791	unlöslich	_	_	_	
7-34	791-792	,	_	_	_	
7-35	793-800	löslich	_	_	_	
7-36	801-808	dagegen	_	_	_	
7-37	809-811	in	_	_	_	
7-38	812-818	heißer	_	_	_	
7-39	819-829	Eſſigſäure	_	_	_	
7-40	829-830	,	_	_	_	
7-41	831-833	in	_	_	_	
7-42	834-842	Alkalien	_	_	_	
7-43	842-843	,	_	_	_	
7-44	844-853	beſonders	_	_	_	
7-45	854-856	in	_	_	_	
7-46	857-864	ſtarken	_	_	_	
7-47	865-871	Laugen	_	_	_	
7-48	871-872	,	_	_	_	
7-49	873-875	in	_	_	_	
7-50	876-887	konzentrier	_	_	_	
7-51	887-888	-	_	_	_	
7-52	889-892	ten	_	_	_	
7-53	893-899	Säuren	_	_	_	
7-54	899-900	,	_	_	_	
7-55	901-905	aber	_	_	_	
7-56	906-910	auch	_	_	_	
7-57	911-913	in	_	_	_	
7-58	914-924	verdünnter	_	_	_	
7-59	925-934	Salzſäure	_	_	_	
7-60	934-935	.	_	_	_	

#Text=Das Fibroin ſteht nach
#Text=den Unterſuchungen Städelers der Hornſubſtanz nahe, unterſcheidet ſich
#Text=
#Text=von dieſer aber weſentlich dadurch, daß es aus ſeinen Löſungen durch Fäl-
#Text=lungsmittel ſtets in Faſerform abgeſchieden wird.
8-1	936-939	Das	_	_	_	
8-2	940-947	Fibroin	_	_	_	
8-3	948-953	ſteht	_	_	_	
8-4	954-958	nach	_	_	_	
8-5	959-962	den	_	_	_	
8-6	963-977	Unterſuchungen	_	_	_	
8-7	978-987	Städelers	_	_	_	
8-8	988-991	der	_	_	_	
8-9	992-1004	Hornſubſtanz	_	_	_	
8-10	1005-1009	nahe	_	_	_	
8-11	1009-1010	,	_	_	_	
8-12	1011-1024	unterſcheidet	_	_	_	
8-13	1025-1029	ſich	_	_	_	
8-14	1031-1034	von	_	_	_	
8-15	1035-1041	dieſer	_	_	_	
8-16	1042-1046	aber	_	_	_	
8-17	1047-1057	weſentlich	_	_	_	
8-18	1058-1065	dadurch	_	_	_	
8-19	1065-1066	,	_	_	_	
8-20	1067-1070	daß	_	_	_	
8-21	1071-1073	es	_	_	_	
8-22	1074-1077	aus	_	_	_	
8-23	1078-1084	ſeinen	_	_	_	
8-24	1085-1093	Löſungen	_	_	_	
8-25	1094-1099	durch	_	_	_	
8-26	1100-1103	Fäl	_	_	_	
8-27	1103-1104	-	_	_	_	
8-28	1105-1116	lungsmittel	_	_	_	
8-29	1117-1122	ſtets	_	_	_	
8-30	1123-1125	in	_	_	_	
8-31	1126-1135	Faſerform	_	_	_	
8-32	1136-1148	abgeſchieden	_	_	_	
8-33	1149-1153	wird	_	_	_	
8-34	1153-1154	.	_	_	_	

#Text=In feuchtem Zuſtande
#Text=längere Zeit der Luft ausgeſetzt, wird es etwas in Waſſer löslich;
#Text=es nimmt
#Text=dabei dem Anſchein nach die Beſtandteile des Waſſers und des Sauerſtoffs
#Text=auf und geht in Sericin über.
9-1	1155-1157	In	_	_	_	
9-2	1158-1166	feuchtem	_	_	_	
9-3	1167-1175	Zuſtande	_	_	_	
9-4	1176-1183	längere	_	_	_	
9-5	1184-1188	Zeit	_	_	_	
9-6	1189-1192	der	_	_	_	
9-7	1193-1197	Luft	_	_	_	
9-8	1198-1208	ausgeſetzt	_	_	_	
9-9	1208-1209	,	_	_	_	
9-10	1210-1214	wird	_	_	_	
9-11	1215-1217	es	_	_	_	
9-12	1218-1223	etwas	_	_	_	
9-13	1224-1226	in	_	_	_	
9-14	1227-1233	Waſſer	_	_	_	
9-15	1234-1241	löslich	_	_	_	
9-16	1241-1242	;	_	_	_	
9-17	1243-1245	es	_	_	_	
9-18	1246-1251	nimmt	_	_	_	
9-19	1252-1257	dabei	_	_	_	
9-20	1258-1261	dem	_	_	_	
9-21	1262-1270	Anſchein	_	_	_	
9-22	1271-1275	nach	_	_	_	
9-23	1276-1279	die	_	_	_	
9-24	1280-1292	Beſtandteile	_	_	_	
9-25	1293-1296	des	_	_	_	
9-26	1297-1304	Waſſers	_	_	_	
9-27	1305-1308	und	_	_	_	
9-28	1309-1312	des	_	_	_	
9-29	1313-1324	Sauerſtoffs	_	_	_	
9-30	1325-1328	auf	_	_	_	
9-31	1329-1332	und	_	_	_	
9-32	1333-1337	geht	_	_	_	
9-33	1338-1340	in	_	_	_	
9-34	1341-1348	Sericin	_	_	_	
9-35	1349-1353	über	_	_	_	
9-36	1353-1354	.	_	_	_	

#Text=Mit Schwefelſäure gekocht geht es in Tyroſin,
#Text=Leucin und Glycin über.
10-1	1355-1358	Mit	_	_	_	
10-2	1359-1372	Schwefelſäure	_	_	_	
10-3	1373-1380	gekocht	_	_	_	
10-4	1381-1385	geht	_	_	_	
10-5	1386-1388	es	_	_	_	
10-6	1389-1391	in	_	_	_	
10-7	1392-1399	Tyroſin	_	_	_	
10-8	1399-1400	,	_	_	_	
10-9	1401-1407	Leucin	_	_	_	
10-10	1408-1411	und	_	_	_	
10-11	1412-1418	Glycin	_	_	_	
10-12	1419-1423	über	_	_	_	
10-13	1423-1424	.	_	_	_	

#Text=Verarbeitung der Rohſeide.
11-1	1428-1440	Verarbeitung	_	_	_	
11-2	1441-1444	der	_	_	_	
11-3	1445-1453	Rohſeide	_	_	_	
11-4	1453-1454	.	_	_	_	

#Text=Die Rohſeide wird als ſolche zur
#Text=Färberei ſelten verwendet, eine Ausnahme macht die Maraboutſeide (ſ. unten).
12-1	1455-1458	Die	_	_	_	
12-2	1459-1467	Rohſeide	_	_	_	
12-3	1468-1472	wird	_	_	_	
12-4	1473-1476	als	_	_	_	
12-5	1477-1483	ſolche	_	_	_	
12-6	1484-1487	zur	_	_	_	
12-7	1488-1496	Färberei	_	_	_	
12-8	1497-1503	ſelten	_	_	_	
12-9	1504-1513	verwendet	_	_	_	
12-10	1513-1514	,	_	_	_	
12-11	1515-1519	eine	_	_	_	
12-12	1520-1528	Ausnahme	_	_	_	
12-13	1529-1534	macht	_	_	_	
12-14	1535-1538	die	_	_	_	
12-15	1539-1552	Maraboutſeide	_	_	_	
12-16	1553-1554	(	_	_	_	
12-17	1554-1555	ſ	_	_	_	
12-18	1555-1556	.	_	_	_	
12-19	1557-1562	unten	_	_	_	
12-20	1562-1563	)	_	_	_	
12-21	1563-1564	.	_	_	_	

#Text=Gemeinhin finden zuvor noch einige Operationen ſtatt und zwar das Zwirnen
#Text=und das Entſchälen.
13-1	1566-1575	Gemeinhin	_	_	_	
13-2	1576-1582	finden	_	_	_	
13-3	1583-1588	zuvor	_	_	_	
13-4	1589-1593	noch	_	_	_	
13-5	1594-1600	einige	_	_	_	
13-6	1601-1612	Operationen	_	_	_	
13-7	1613-1618	ſtatt	_	_	_	
13-8	1619-1622	und	_	_	_	
13-9	1623-1627	zwar	_	_	_	
13-10	1628-1631	das	_	_	_	
13-11	1632-1639	Zwirnen	_	_	_	
13-12	1640-1643	und	_	_	_	
13-13	1644-1647	das	_	_	_	
13-14	1648-1658	Entſchälen	_	_	_	
13-15	1658-1659	.	_	_	_	
