#FORMAT=WebAnno TSV 3.3


#Text=Het drabbig water, dat zy uit de bruine schoot
#Text=
#Text=Van Letes hadt geput, om d'oogen toe te lijmen,
#Text=
#Text=Op onze werreldtkreits.
#Text=de visch begon te zwijmen.
1-1	2-5	Het	
1-2	6-13	drabbig	
1-3	14-19	water	
1-4	19-20	,	
1-5	21-24	dat	
1-6	25-27	zy	
1-7	28-31	uit	
1-8	32-34	de	
1-9	35-41	bruine	
1-10	42-48	schoot	
1-11	50-53	Van	
1-12	54-59	Letes	
1-13	60-64	hadt	
1-14	65-70	geput	
1-15	70-71	,	
1-16	72-74	om	
1-17	75-82	d'oogen	
1-18	83-86	toe	
1-19	87-89	te	
1-20	90-96	lijmen	
1-21	96-97	,	
1-22	99-101	Op	
1-23	102-106	onze	
1-24	107-121	werreldtkreits	
1-25	121-122	.	
1-26	123-125	de	
1-27	126-131	visch	
1-28	132-137	begon	
1-29	138-140	te	
1-30	141-148	zwijmen	
1-31	148-149	.	

#Text=Het vee wierdt roereloos.
#Text=de stuurman raakt op zee
#Text=
#Text=Aan 't noodigh roer in slaap.
#Text=de leegerwachter glee
#Text=
#Text=Het waapen uit de handt.
#Text=het kon de donker voogels
#Text=Niet helpen, datze 't net, de strikken en de koogels
#Text=Ontvloogen; want de Slaap verrascht haar in de lucht.
2-1	152-155	Het	
2-2	156-159	vee	
2-3	160-166	wierdt	
2-4	167-176	roereloos	
2-5	176-177	.	
2-6	178-180	de	
2-7	181-189	stuurman	
2-8	190-195	raakt	
2-9	196-198	op	
2-10	199-202	zee	
2-11	204-207	Aan	
2-12	208-209	'	
2-13	209-210	t	
2-14	211-218	noodigh	
2-15	219-223	roer	
2-16	224-226	in	
2-17	227-232	slaap	
2-18	232-233	.	
2-19	234-236	de	
2-20	237-250	leegerwachter	
2-21	251-255	glee	
2-22	257-260	Het	
2-23	261-267	waapen	
2-24	268-271	uit	
2-25	272-274	de	
2-26	275-280	handt	
2-27	280-281	.	
2-28	282-285	het	
2-29	286-289	kon	
2-30	290-292	de	
2-31	293-299	donker	
2-32	300-307	voogels	
2-33	308-312	Niet	
2-34	313-319	helpen	
2-35	319-320	,	
2-36	321-326	datze	
2-37	327-328	'	
2-38	328-329	t	
2-39	330-333	net	
2-40	333-334	,	
2-41	335-337	de	
2-42	338-346	strikken	
2-43	347-349	en	
2-44	350-352	de	
2-45	353-360	koogels	
2-46	361-371	Ontvloogen	
2-47	371-372	;	
2-48	373-377	want	
2-49	378-380	de	
2-50	381-386	Slaap	
2-51	387-396	verrascht	
2-52	397-401	haar	
2-53	402-404	in	
2-54	405-407	de	
2-55	408-413	lucht	
2-56	413-414	.	

#Text=Ik voel, o Aamstelnimf!
3-1	417-419	Ik	
3-2	420-424	voel	
3-3	424-425	,	
3-4	426-427	o	
3-5	428-439	Aamstelnimf	
3-6	439-440	!	

#Text=ik voel de sluimerzucht,
#Text=
#Text=Nu ik haar kracht beschrijf, deur al mijn leeden trekken;
#Text=
#Text=Mijn oogen met een wolk van nachten overdekken.
4-1	441-443	ik	
4-2	444-448	voel	
4-3	449-451	de	
4-4	452-464	sluimerzucht	
4-5	464-465	,	
4-6	467-469	Nu	
4-7	470-472	ik	
4-8	473-477	haar	
4-9	478-484	kracht	
4-10	485-494	beschrijf	
4-11	494-495	,	
4-12	496-500	deur	
4-13	501-503	al	
4-14	504-508	mijn	
4-15	509-515	leeden	
4-16	516-523	trekken	
4-17	523-524	;	
4-18	526-530	Mijn	
4-19	531-536	oogen	
4-20	537-540	met	
4-21	541-544	een	
4-22	545-549	wolk	
4-23	550-553	van	
4-24	554-561	nachten	
4-25	562-572	overdekken	
4-26	572-573	.	

#Text=Mijn veeder schijnt van loodt.
#Text=mijn handt verliest haar kracht.
5-1	575-579	Mijn	
5-2	580-586	veeder	
5-3	587-594	schijnt	
5-4	595-598	van	
5-5	599-604	loodt	
5-6	604-605	.	
5-7	606-610	mijn	
5-8	611-616	handt	
5-9	617-625	verliest	
5-10	626-630	haar	
5-11	631-637	kracht	
5-12	637-638	.	

#Text=Mijn yver geeuwt van vaak.
6-1	641-645	Mijn	
6-2	646-650	yver	
6-3	651-657	geeuwt	
6-4	658-661	van	
6-5	662-666	vaak	
6-6	666-667	.	
