#FORMAT=WebAnno TSV 3.3


#Text=Fallunt mehercule & mena tiuntur, non inficior: Nam turris prope, quae quas
#Text=
#Text=drata furgit, Attritis procul angulis rotan
#Text=
#Text=
#Text=
#Text=Petronius
#Text=
#Text=Arbit,
#Text=
#Text=
#Text=
#Text=
#Text=
#Text=atque odorarus anger maleolencibus nion:faftidie, El marcem captam frequenter Petronius.
#Text=odit ciupe At nullus dabiro, quin fa no olfactus zibęchum itaw prorfus nędolçác .
1-1	2-9	Fallunt	
1-2	10-19	mehercule	
1-3	20-21	&	
1-4	22-26	mena	
1-5	27-34	tiuntur	
1-6	34-35	,	
1-7	36-39	non	
1-8	40-48	inficior	
1-9	48-49	:	
1-10	50-53	Nam	
1-11	54-60	turris	
1-12	61-66	prope	
1-13	66-67	,	
1-14	68-72	quae	
1-15	73-77	quas	
1-16	79-84	drata	
1-17	85-91	furgit	
1-18	91-92	,	
1-19	93-101	Attritis	
1-20	102-108	procul	
1-21	109-116	angulis	
1-22	117-122	rotan	
1-23	126-135	Petronius	
1-24	137-142	Arbit	
1-25	142-143	,	
1-26	149-154	atque	
1-27	155-163	odorarus	
1-28	164-169	anger	
1-29	170-183	maleolencibus	
1-30	184-188	nion	
1-31	188-189	:	
1-32	189-197	faftidie	
1-33	197-198	,	
1-34	199-201	El	
1-35	202-208	marcem	
1-36	209-215	captam	
1-37	216-226	frequenter	
1-38	227-236	Petronius	
1-39	236-237	.	
1-40	238-242	odit	
1-41	243-248	ciupe	
1-42	249-251	At	
1-43	252-258	nullus	
1-44	259-265	dabiro	
1-45	265-266	,	
1-46	267-271	quin	
1-47	272-274	fa	
1-48	275-277	no	
1-49	278-286	olfactus	
1-50	287-295	zibęchum	
1-51	296-300	itaw	
1-52	301-308	prorfus	
1-53	309-317	nędolçác	
1-54	318-319	.	

#Text=Neque verò putes; quod vulgo e maibus persuasúeft, hunc Zibethum , humorem animal ira ini- modo fluat.
#Text=cenfum exudare: (liceriratum vberius:exudec ) nam, -sponte is, in teftibus tuge feens, plerunque manat.
#Text=ipfe quidem vidi , ab humoris acrimonia , vellicará felem affridare humo teftes, eximiumqueyrfibi tamen sejidatumoleftum,abittep
#Text=
#Text=
#Text=
#Text=
#Text=
#Text=gere zibechum
#Text=
#Text=Narrauit etiam mihi tum is , qui eam felem curat, tum alius , qui alteras quinque ex OrienteRomam.
#Text=asportauir, sibique tum eorum vnicuique pecuniam foluenti facta videndi copia; tum emuncto e testibus zibccho.victum multos
#Text=
#Text=iam menfes Romae quae quéteszi.
#Text=bethi feles.
#Text=rit: retulit , inquam , vter
#Text=
#Text=que animal;nisi certis qui.bufdá ac definicis diebus e - teftibus abradarur humor, nates exercosque ipfos teftes, citilladte fenfum humoris acrimonia, septis listgueis, in quibus conclufum
#Text=
#Text=eft,
#Text=
#Text=
#Text=
#Text=Romae fre.
#Text=xaminatur. )
#Text=est; affricare, eaque copiofo inficere zibetho.
#Text=quod quidem collectum, liceradmistis tenuiflimis pilis ma gis vergat ad nigrum , eadem tamen odoris insuauitate,acutiéque vix ferendaw nares:ferit ac vellicar.
2-1	320-325	Neque	
2-2	326-330	verò	
2-3	331-336	putes	
2-4	336-337	;	
2-5	338-342	quod	
2-6	343-348	vulgo	
2-7	349-350	e	
2-8	351-357	maibus	
2-9	358-369	persuasúeft	
2-10	369-370	,	
2-11	371-375	hunc	
2-12	376-384	Zibethum	
2-13	385-386	,	
2-14	387-394	humorem	
2-15	395-401	animal	
2-16	402-405	ira	
2-17	406-409	ini	
2-18	409-410	-	
2-19	411-415	modo	
2-20	416-421	fluat	
2-21	421-422	.	
2-22	423-429	cenfum	
2-23	430-437	exudare	
2-24	437-438	:	
2-25	439-440	(	
2-26	440-451	liceriratum	
2-27	452-459	vberius	
2-28	459-460	:	
2-29	460-466	exudec	
2-30	467-468	)	
2-31	469-472	nam	
2-32	472-473	,	
2-33	474-475	-	
2-34	475-481	sponte	
2-35	482-484	is	
2-36	484-485	,	
2-37	486-488	in	
2-38	489-497	teftibus	
2-39	498-502	tuge	
2-40	503-508	feens	
2-41	508-509	,	
2-42	510-519	plerunque	
2-43	520-525	manat	
2-44	525-526	.	
2-45	527-531	ipfe	
2-46	532-538	quidem	
2-47	539-543	vidi	
2-48	544-545	,	
2-49	546-548	ab	
2-50	549-556	humoris	
2-51	557-566	acrimonia	
2-52	567-568	,	
2-53	569-578	vellicará	
2-54	579-584	felem	
2-55	585-594	affridare	
2-56	595-599	humo	
2-57	600-606	teftes	
2-58	606-607	,	
2-59	608-624	eximiumqueyrfibi	
2-60	625-630	tamen	
2-61	631-647	sejidatumoleftum	
2-62	647-648	,	
2-63	648-655	abittep	
2-64	661-665	gere	
2-65	666-674	zibechum	
2-66	676-684	Narrauit	
2-67	685-690	etiam	
2-68	691-695	mihi	
2-69	696-699	tum	
2-70	700-702	is	
2-71	703-704	,	
2-72	705-708	qui	
2-73	709-712	eam	
2-74	713-718	felem	
2-75	719-724	curat	
2-76	724-725	,	
2-77	726-729	tum	
2-78	730-735	alius	
2-79	736-737	,	
2-80	738-741	qui	
2-81	742-749	alteras	
2-82	750-757	quinque	
2-83	758-760	ex	
2-84	761-773	OrienteRomam	
2-85	773-774	.	
2-86	775-785	asportauir	
2-87	785-786	,	
2-88	787-794	sibique	
2-89	795-798	tum	
2-90	799-804	eorum	
2-91	805-814	vnicuique	
2-92	815-823	pecuniam	
2-93	824-832	foluenti	
2-94	833-838	facta	
2-95	839-846	videndi	
2-96	847-852	copia	
2-97	852-853	;	
2-98	854-857	tum	
2-99	858-865	emuncto	
2-100	866-867	e	
2-101	868-876	testibus	
2-102	877-891	zibccho.victum	
2-103	892-898	multos	
2-104	900-903	iam	
2-105	904-910	menfes	
2-106	911-916	Romae	
2-107	917-921	quae	
2-108	922-930	quéteszi	
2-109	930-931	.	
2-110	932-937	bethi	
2-111	938-943	feles	
2-112	943-944	.	
2-113	945-948	rit	
2-114	948-949	:	
2-115	950-957	retulit	
2-116	958-959	,	
2-117	960-966	inquam	
2-118	967-968	,	
2-119	969-973	vter	
2-120	975-978	que	
2-121	979-985	animal	
2-122	985-986	;	
2-123	986-990	nisi	
2-124	991-997	certis	
2-125	998-1007	qui.bufdá	
2-126	1008-1010	ac	
2-127	1011-1020	definicis	
2-128	1021-1027	diebus	
2-129	1028-1029	e	
2-130	1030-1031	-	
2-131	1032-1040	teftibus	
2-132	1041-1050	abradarur	
2-133	1051-1056	humor	
2-134	1056-1057	,	
2-135	1058-1063	nates	
2-136	1064-1074	exercosque	
2-137	1075-1080	ipfos	
2-138	1081-1087	teftes	
2-139	1087-1088	,	
2-140	1089-1099	citilladte	
2-141	1100-1106	fenfum	
2-142	1107-1114	humoris	
2-143	1115-1124	acrimonia	
2-144	1124-1125	,	
2-145	1126-1132	septis	
2-146	1133-1142	listgueis	
2-147	1142-1143	,	
2-148	1144-1146	in	
2-149	1147-1153	quibus	
2-150	1154-1163	conclufum	
2-151	1165-1168	eft	
2-152	1168-1169	,	
2-153	1173-1178	Romae	
2-154	1179-1182	fre	
2-155	1182-1183	.	
2-156	1184-1193	xaminatur	
2-157	1193-1194	.	
2-158	1195-1196	)	
2-159	1197-1200	est	
2-160	1200-1201	;	
2-161	1202-1211	affricare	
2-162	1211-1212	,	
2-163	1213-1218	eaque	
2-164	1219-1226	copiofo	
2-165	1227-1235	inficere	
2-166	1236-1243	zibetho	
2-167	1243-1244	.	
2-168	1245-1249	quod	
2-169	1250-1256	quidem	
2-170	1257-1266	collectum	
2-171	1266-1267	,	
2-172	1268-1281	liceradmistis	
2-173	1282-1293	tenuiflimis	
2-174	1294-1299	pilis	
2-175	1300-1302	ma	
2-176	1303-1306	gis	
2-177	1307-1313	vergat	
2-178	1314-1316	ad	
2-179	1317-1323	nigrum	
2-180	1324-1325	,	
2-181	1326-1331	eadem	
2-182	1332-1337	tamen	
2-183	1338-1344	odoris	
2-184	1345-1356	insuauitate	
2-185	1356-1357	,	
2-186	1357-1366	acutiéque	
2-187	1367-1370	vix	
2-188	1371-1379	ferendaw	
2-189	1380-1385	nares	
2-190	1385-1386	:	
2-191	1386-1391	ferit	
2-192	1392-1394	ac	
2-193	1395-1403	vellicar	
2-194	1403-1404	.	

#Text=De mofcho autem illud Moschus eexperimento compertum habeo, simplicem atq; sıncerum exquisitumque vehe menter quidem , fed malè, aut certe non bene, fuauia terque olere.
#Text=fienim in pia xide afferuatum moschum olfeceris , ingratam moleItamque acutiem fencies: G verò eius partem inde fum,
#Text=
#Text=ptam
#Text=
#Text=
#Text=
#Text=
#Text=
#Text=minatur
#Text=
#Text=
#Text=
#Text=pram odoraberis , vix quic quam lenties » quod nares obtectet.
#Text=fi demum liquo
#Text=
#Text=¢ mollicum frices, bene
#Text=
#Text=elere percipiesi; non tamen Ambra exa fuauifsimè.
3-1	1405-1407	De	
3-2	1408-1414	mofcho	
3-3	1415-1420	autem	
3-4	1421-1426	illud	
3-5	1427-1434	Moschus	
3-6	1435-1447	eexperimento	
3-7	1448-1457	compertum	
3-8	1458-1463	habeo	
3-9	1463-1464	,	
3-10	1465-1474	simplicem	
3-11	1475-1478	atq	
3-12	1478-1479	;	
3-13	1480-1488	sıncerum	
3-14	1489-1502	exquisitumque	
3-15	1503-1507	vehe	
3-16	1508-1514	menter	
3-17	1515-1521	quidem	
3-18	1522-1523	,	
3-19	1524-1527	fed	
3-20	1528-1532	malè	
3-21	1532-1533	,	
3-22	1534-1537	aut	
3-23	1538-1543	certe	
3-24	1544-1547	non	
3-25	1548-1552	bene	
3-26	1552-1553	,	
3-27	1554-1560	fuauia	
3-28	1561-1567	terque	
3-29	1568-1573	olere	
3-30	1573-1574	.	
3-31	1575-1581	fienim	
3-32	1582-1584	in	
3-33	1585-1588	pia	
3-34	1589-1593	xide	
3-35	1594-1604	afferuatum	
3-36	1605-1612	moschum	
3-37	1613-1622	olfeceris	
3-38	1623-1624	,	
3-39	1625-1633	ingratam	
3-40	1634-1645	moleItamque	
3-41	1646-1653	acutiem	
3-42	1654-1661	fencies	
3-43	1661-1662	:	
3-44	1663-1664	G	
3-45	1665-1669	verò	
3-46	1670-1674	eius	
3-47	1675-1681	partem	
3-48	1682-1686	inde	
3-49	1687-1690	fum	
3-50	1690-1691	,	
3-51	1693-1697	ptam	
3-52	1703-1710	minatur	
3-53	1714-1718	pram	
3-54	1719-1729	odoraberis	
3-55	1730-1731	,	
3-56	1732-1735	vix	
3-57	1736-1740	quic	
3-58	1741-1745	quam	
3-59	1746-1753	lenties	
3-60	1754-1755	»	
3-61	1756-1760	quod	
3-62	1761-1766	nares	
3-63	1767-1775	obtectet	
3-64	1775-1776	.	
3-65	1777-1779	fi	
3-66	1780-1785	demum	
3-67	1786-1791	liquo	
3-68	1793-1794	¢	
3-69	1795-1803	mollicum	
3-70	1804-1810	frices	
3-71	1810-1811	,	
3-72	1812-1816	bene	
3-73	1818-1823	elere	
3-74	1824-1834	percipiesi	
3-75	1834-1835	;	
3-76	1836-1839	non	
3-77	1840-1845	tamen	
3-78	1846-1851	Ambra	
3-79	1852-1855	exa	
3-80	1856-1866	fuauifsimè	
3-81	1866-1867	.	

#Text=At verò Am
#Text=
#Text=boa ignaua planè eft pura ac loliçaria; quam cum opti: tapiha odoratus fueris, vix di cere audeas, quid verè fpir ret: certè affirmare vel iura.
#Text=tus quisquer poteric vfum mam fragrantiam ; quami aliqui praedicant, non fpi.
#Text=saveuil :91910 oto:
#Text=
#Text=Hinc factum esse opinor, bon vfurpa ve veteres eam , atque adeo Saguenta .
#Text=zibechum & mofchum net glexerit.
4-1	1868-1870	At	
4-2	1871-1875	verò	
4-3	1876-1878	Am	
4-4	1880-1883	boa	
4-5	1884-1890	ignaua	
4-6	1891-1896	planè	
4-7	1897-1900	eft	
4-8	1901-1905	pura	
4-9	1906-1908	ac	
4-10	1909-1918	loliçaria	
4-11	1918-1919	;	
4-12	1920-1924	quam	
4-13	1925-1928	cum	
4-14	1929-1933	opti	
4-15	1933-1934	:	
4-16	1935-1941	tapiha	
4-17	1942-1950	odoratus	
4-18	1951-1957	fueris	
4-19	1957-1958	,	
4-20	1959-1962	vix	
4-21	1963-1965	di	
4-22	1966-1970	cere	
4-23	1971-1977	audeas	
4-24	1977-1978	,	
4-25	1979-1983	quid	
4-26	1984-1988	verè	
4-27	1989-1993	fpir	
4-28	1994-1997	ret	
4-29	1997-1998	:	
4-30	1999-2004	certè	
4-31	2005-2014	affirmare	
4-32	2015-2018	vel	
4-33	2019-2023	iura	
4-34	2023-2024	.	
4-35	2025-2028	tus	
4-36	2029-2037	quisquer	
4-37	2038-2045	poteric	
4-38	2046-2050	vfum	
4-39	2051-2054	mam	
4-40	2055-2066	fragrantiam	
4-41	2067-2068	;	
4-42	2069-2074	quami	
4-43	2075-2081	aliqui	
4-44	2082-2092	praedicant	
4-45	2092-2093	,	
4-46	2094-2097	non	
4-47	2098-2101	fpi	
4-48	2101-2102	.	
4-49	2103-2110	saveuil	
4-50	2111-2112	:	
4-51	2112-2117	91910	
4-52	2118-2121	oto	
4-53	2121-2122	:	
4-54	2124-2128	Hinc	
4-55	2129-2135	factum	
4-56	2136-2140	esse	
4-57	2141-2147	opinor	
4-58	2147-2148	,	
4-59	2149-2152	bon	
4-60	2153-2159	vfurpa	
4-61	2160-2162	ve	
4-62	2163-2170	veteres	
4-63	2171-2174	eam	
4-64	2175-2176	,	
4-65	2177-2182	atque	
4-66	2183-2187	adeo	
4-67	2188-2196	Saguenta	
4-68	2197-2198	.	
4-69	2199-2207	zibechum	
4-70	2208-2209	&	
4-71	2210-2217	mofchum	
4-72	2218-2221	net	
4-73	2222-2230	glexerit	
4-74	2230-2231	.	

#Text=Neque enim edi.
5-1	2232-2237	Neque	
5-2	2238-2242	enim	
5-3	2243-2246	edi	
5-4	2246-2247	.	

#Text=Cur vete.
6-1	2248-2251	Cur	
6-2	2252-2256	vete	
6-3	2256-2257	.	
