#FORMAT=WebAnno TSV 3.3


#Text=Dan sal hy daer van sijne offerhande offeren, een vyer-offer den HEERE; het vet bedeckende het ingewant:
#Text=ende al het vet, dat aen het ingewant is:
#Text=
#Text=15
#Text=Mitsgaders beyde de nieren, ende het vet, dat daer aen is, dat aen de weeckdarmen is;
#Text=ende het net over de lever, met de nieren, dat sal hy af nemen.
#Text=
#Text=16
#Text=
#Text=
#Text=Ende de Priester sal die aensteken
#Text=op den altaer: ’t is eene spijse des vyer-offers tot Siet Genes.
#Text=8.
#Text=op het vers 21.
#Text=eene lieflicke reucke:
#Text=Volgens dien en mochte het vet gener beeste, die tot de offerhande bequaem was, nochte van den Priester, nochte van den eygenaer gegeten worden, maer moeste den HEERE geheylight ende aengesteken zijn.
1-1	2-5	Dan	
1-2	6-9	sal	
1-3	10-12	hy	
1-4	13-17	daer	
1-5	18-21	van	
1-6	22-27	sijne	
1-7	28-38	offerhande	
1-8	39-46	offeren	
1-9	46-47	,	
1-10	48-51	een	
1-11	52-62	vyer-offer	
1-12	63-66	den	
1-13	67-72	HEERE	
1-14	72-73	;	
1-15	74-77	het	
1-16	78-81	vet	
1-17	82-92	bedeckende	
1-18	93-96	het	
1-19	97-105	ingewant	
1-20	105-106	:	
1-21	107-111	ende	
1-22	112-114	al	
1-23	115-118	het	
1-24	119-122	vet	
1-25	122-123	,	
1-26	124-127	dat	
1-27	128-131	aen	
1-28	132-135	het	
1-29	136-144	ingewant	
1-30	145-147	is	
1-31	147-148	:	
1-32	150-152	15	
1-33	153-163	Mitsgaders	
1-34	164-169	beyde	
1-35	170-172	de	
1-36	173-179	nieren	
1-37	179-180	,	
1-38	181-185	ende	
1-39	186-189	het	
1-40	190-193	vet	
1-41	193-194	,	
1-42	195-198	dat	
1-43	199-203	daer	
1-44	204-207	aen	
1-45	208-210	is	
1-46	210-211	,	
1-47	212-215	dat	
1-48	216-219	aen	
1-49	220-222	de	
1-50	223-234	weeckdarmen	
1-51	235-237	is	
1-52	237-238	;	
1-53	239-243	ende	
1-54	244-247	het	
1-55	248-251	net	
1-56	252-256	over	
1-57	257-259	de	
1-58	260-265	lever	
1-59	265-266	,	
1-60	267-270	met	
1-61	271-273	de	
1-62	274-280	nieren	
1-63	280-281	,	
1-64	282-285	dat	
1-65	286-289	sal	
1-66	290-292	hy	
1-67	293-295	af	
1-68	296-301	nemen	
1-69	301-302	.	
1-70	304-306	16	
1-71	309-313	Ende	
1-72	314-316	de	
1-73	317-325	Priester	
1-74	326-329	sal	
1-75	330-333	die	
1-76	334-343	aensteken	
1-77	344-346	op	
1-78	347-350	den	
1-79	351-357	altaer	
1-80	357-358	:	
1-81	359-360	’	
1-82	360-361	t	
1-83	362-364	is	
1-84	365-369	eene	
1-85	370-376	spijse	
1-86	377-380	des	
1-87	381-392	vyer-offers	
1-88	393-396	tot	
1-89	397-401	Siet	
1-90	402-407	Genes	
1-91	407-408	.	
1-92	409-410	8	
1-93	410-411	.	
1-94	412-414	op	
1-95	415-418	het	
1-96	419-423	vers	
1-97	424-426	21	
1-98	426-427	.	
1-99	428-432	eene	
1-100	433-442	lieflicke	
1-101	443-449	reucke	
1-102	449-450	:	
1-103	451-458	Volgens	
1-104	459-463	dien	
1-105	464-466	en	
1-106	467-473	mochte	
1-107	474-477	het	
1-108	478-481	vet	
1-109	482-487	gener	
1-110	488-494	beeste	
1-111	494-495	,	
1-112	496-499	die	
1-113	500-503	tot	
1-114	504-506	de	
1-115	507-517	offerhande	
1-116	518-525	bequaem	
1-117	526-529	was	
1-118	529-530	,	
1-119	531-537	nochte	
1-120	538-541	van	
1-121	542-545	den	
1-122	546-554	Priester	
1-123	554-555	,	
1-124	556-562	nochte	
1-125	563-566	van	
1-126	567-570	den	
1-127	571-579	eygenaer	
1-128	580-587	gegeten	
1-129	588-594	worden	
1-130	594-595	,	
1-131	596-600	maer	
1-132	601-607	moeste	
1-133	608-611	den	
1-134	612-617	HEERE	
1-135	618-628	geheylight	
1-136	629-633	ende	
1-137	634-645	aengesteken	
1-138	646-650	zijn	
1-139	650-651	.	

#Text=Siet ond.
#Text=7.23.
#Text=etc.
2-1	652-656	Siet	
2-2	657-660	ond	
2-3	660-661	.	
2-4	662-666	7.23	
2-5	666-667	.	
2-6	668-671	etc	
2-7	671-672	.	

#Text=Alle vet sal des HEEREN zijn.
#Text=
#Text=17
#Text=
#Text=[
#Text=Dit] zy eene Hebr.
#Text=insettinge der eeuwigheyt.
3-1	673-677	Alle	
3-2	678-681	vet	
3-3	682-685	sal	
3-4	686-689	des	
3-5	690-696	HEEREN	
3-6	697-701	zijn	
3-7	701-702	.	
3-8	704-706	17	
3-9	708-709	[	
3-10	710-713	Dit	
3-11	713-714	]	
3-12	715-717	zy	
3-13	718-722	eene	
3-14	723-727	Hebr	
3-15	727-728	.	
3-16	729-739	insettinge	
3-17	740-743	der	
3-18	744-754	eeuwigheyt	
3-19	754-755	.	
