#FORMAT=WebAnno TSV 3.3
#T_SP=custom.Span|label
#T_RL=custom.Relation|label|BT_custom.Span


#Text=n, 4
1-1	1-2	n	_	_	_	
1-2	2-3	,	_	_	_	
1-3	4-5	4	_	_	_	

#Text=.
2-1	5-6	.	_	_	_	

#Text=[155/0181
#Text=]
#Text=
#Text=und derer Curen.
3-1	9-10	[	_	_	_	
3-2	10-13	155	_	_	_	
3-3	13-14	/	_	_	_	
3-4	14-18	0181	_	_	_	
3-5	19-20	]	_	_	_	
3-6	22-25	und	_	_	_	
3-7	26-31	derer	_	_	_	
3-8	32-37	Curen	_	_	_	
3-9	37-38	.	_	_	_	

#Text=welches das Gedaͤchtnuͤß verdirbet und
#Text=dem Gehirn Schaden bringet.
4-1	42-49	welches	_	_	_	
4-2	50-53	das	_	_	_	
4-3	54-66	Gedaͤchtnuͤß	_	_	_	
4-4	67-76	verdirbet	_	_	_	
4-5	77-80	und	_	_	_	
4-6	81-84	dem	_	_	_	
4-7	85-91	Gehirn	_	_	_	
4-8	92-99	Schaden	_	_	_	
4-9	100-107	bringet	_	_	_	
4-10	107-108	.	_	_	_	

#Text=Bey
#Text=truͤber kalter und naſſer Lufft ſollen ſie
#Text=
#Text=
#Text=ihre Stuben und Gemaͤcher mit wohl-
#Text=riechenden Sachen raͤuchern und alſo
#Text=die kalte und dicke Lufft zertrennen und
#Text=corrigiren, damit ſie zum ſtudiren mehr
#Text=tuͤchtig gemacht werde/ und weil das
#Text=Feuer die beſte Lufft-Reinigung iſt/
#Text=ſo
#Text=
#Text=iſts gar gut/ des Morgens im Herbſt
#Text=und Winter/ auch ſonſten/ wo es die
#Text=Noth erfordert/ mit gantzen Wachol-
#Text=derſtraͤuchen zu raͤuchern/
#Text=weil in denen
#Text=Wacholdern was koͤſtliches/ nemlich
#Text=ein balſamus floridiſſimus oder ſtets
#Text=gruͤnender Balſam ſtecket.
5-1	109-112	Bey	Circumstances[1]	_	_	
5-2	113-120	truͤber	Circumstances[1]	_	_	
5-3	121-127	kalter	Circumstances[1]	_	_	
5-4	128-131	und	Circumstances[1]	_	_	
5-5	132-138	naſſer	Circumstances[1]	_	_	
5-6	139-144	Lufft	Circumstances[1]	_	_	
5-7	145-151	ſollen	_	_	_	
5-8	152-155	ſie	_	_	_	
5-9	158-162	ihre	Location[2]	_	_	
5-10	163-169	Stuben	Location[2]	_	_	
5-11	170-173	und	Location[2]	_	_	
5-12	174-183	Gemaͤcher	Location[2]	_	_	
5-13	184-187	mit	_	_	_	
5-14	188-192	wohl	Quality	_	_	
5-15	192-193	-	_	_	_	
5-16	194-204	riechenden	Smell\_Word	*|*|*|*|*	5-14|5-17|5-1[1_0]|5-9[2_0]|5-20[3_0]	
5-17	205-211	Sachen	Smell\_Source	_	_	
5-18	212-221	raͤuchern	_	_	_	
5-19	222-225	und	_	_	_	
5-20	226-230	alſo	Effect[3]	_	_	
5-21	231-234	die	Effect[3]	_	_	
5-22	235-240	kalte	Effect[3]	_	_	
5-23	241-244	und	Effect[3]	_	_	
5-24	245-250	dicke	Effect[3]	_	_	
5-25	251-256	Lufft	Effect[3]	_	_	
5-26	257-267	zertrennen	Effect[3]	_	_	
5-27	268-271	und	Effect[3]	_	_	
5-28	272-282	corrigiren	Effect[3]	_	_	
5-29	282-283	,	_	_	_	
5-30	284-289	damit	_	_	_	
5-31	290-293	ſie	_	_	_	
5-32	294-297	zum	_	_	_	
5-33	298-306	ſtudiren	_	_	_	
5-34	307-311	mehr	_	_	_	
5-35	312-320	tuͤchtig	_	_	_	
5-36	321-328	gemacht	_	_	_	
5-37	329-334	werde	_	_	_	
5-38	334-335	/	_	_	_	
5-39	336-339	und	_	_	_	
5-40	340-344	weil	_	_	_	
5-41	345-348	das	_	_	_	
5-42	349-354	Feuer	_	_	_	
5-43	355-358	die	_	_	_	
5-44	359-364	beſte	_	_	_	
5-45	365-380	Lufft-Reinigung	_	_	_	
5-46	381-384	iſt	_	_	_	
5-47	384-385	/	_	_	_	
5-48	386-388	ſo	_	_	_	
5-49	390-394	iſts	_	_	_	
5-50	395-398	gar	_	_	_	
5-51	399-402	gut	_	_	_	
5-52	402-403	/	_	_	_	
5-53	404-407	des	_	_	_	
5-54	408-415	Morgens	_	_	_	
5-55	416-418	im	_	_	_	
5-56	419-425	Herbſt	_	_	_	
5-57	426-429	und	_	_	_	
5-58	430-436	Winter	_	_	_	
5-59	436-437	/	_	_	_	
5-60	438-442	auch	_	_	_	
5-61	443-450	ſonſten	_	_	_	
5-62	450-451	/	_	_	_	
5-63	452-454	wo	_	_	_	
5-64	455-457	es	_	_	_	
5-65	458-461	die	_	_	_	
5-66	462-466	Noth	_	_	_	
5-67	467-476	erfordert	_	_	_	
5-68	476-477	/	_	_	_	
5-69	478-481	mit	_	_	_	
5-70	482-489	gantzen	_	_	_	
5-71	490-496	Wachol	_	_	_	
5-72	496-497	-	_	_	_	
5-73	498-511	derſtraͤuchen	_	_	_	
5-74	512-514	zu	_	_	_	
5-75	515-524	raͤuchern	_	_	_	
5-76	524-525	/	_	_	_	
5-77	526-530	weil	_	_	_	
5-78	531-533	in	_	_	_	
5-79	534-539	denen	_	_	_	
5-80	540-550	Wacholdern	_	_	_	
5-81	551-554	was	_	_	_	
5-82	555-566	koͤſtliches	_	_	_	
5-83	566-567	/	_	_	_	
5-84	568-575	nemlich	_	_	_	
5-85	576-579	ein	_	_	_	
5-86	580-588	balſamus	_	_	_	
5-87	589-602	floridiſſimus	_	_	_	
5-88	603-607	oder	_	_	_	
5-89	608-613	ſtets	_	_	_	
5-90	614-624	gruͤnender	_	_	_	
5-91	625-631	Balſam	_	_	_	
5-92	632-639	ſtecket	_	_	_	
5-93	639-640	.	_	_	_	

#Text=Auch ſol
#Text=man mit andern wohlriechenden Sa-
#Text=chen ſeine Stuben anfuͤllen/ denn die
#Text=Spiritus haben einen immediatum con-
#Text=tactum mit denen wohlriechenden Sa-
#Text=chen/ doch iſt dieſes darbey zu mercken/
#Text=
#Text=daß man den Dampff nicht gar zu groß
#Text=
#Text=machen ſol/ ſonſten werden die Loͤchrigen
#Text=des Gehirns damit verſtopffet/ auch ſol
#Text=es geſchehen fruͤh morgens vor Aufſte-
#Text=hens/
#Text=daß alſo der Rauch ſich ein wenig
#Text=
#Text=gele-
#Text=
#Text=
#Text=G 6\f
#Text=[156/0182
#Text=]
#Text=
#Text=Studenten-Kranckheiten
#Text=
#Text=
#Text=
#Text=
#Text=geleget und die dicke Lufft diſpergiret ſey.
6-1	641-645	Auch	_	_	_	
6-2	646-649	ſol	_	_	_	
6-3	650-653	man	_	_	_	
6-4	654-657	mit	_	_	_	
6-5	658-664	andern	_	_	_	
6-6	665-679	wohlriechenden	Smell\_Word[4]|Quality[5]	*|*|*	6-6[5_4]|6-7[6_4]|6-10[7_4]	
6-7	680-682	Sa	Smell\_Source[6]	_	_	
6-8	682-683	-	Smell\_Source[6]	_	_	
6-9	684-688	chen	Smell\_Source[6]	_	_	
6-10	689-694	ſeine	Location[7]	_	_	
6-11	695-701	Stuben	Location[7]	_	_	
6-12	702-711	anfuͤllen	_	_	_	
6-13	711-712	/	_	_	_	
6-14	713-717	denn	_	_	_	
6-15	718-721	die	_	_	_	
6-16	722-730	Spiritus	_	_	_	
6-17	731-736	haben	_	_	_	
6-18	737-742	einen	_	_	_	
6-19	743-753	immediatum	_	_	_	
6-20	754-757	con	_	_	_	
6-21	757-758	-	_	_	_	
6-22	759-765	tactum	_	_	_	
6-23	766-769	mit	_	_	_	
6-24	770-775	denen	_	_	_	
6-25	776-790	wohlriechenden	Smell\_Word[8]|Quality[9]	*|*	6-26[10_8]|6-25[9_8]	
6-26	791-793	Sa	Smell\_Source[10]	_	_	
6-27	793-794	-	Smell\_Source[10]	_	_	
6-28	795-799	chen	Smell\_Source[10]	_	_	
6-29	799-800	/	_	_	_	
6-30	801-805	doch	_	_	_	
6-31	806-809	iſt	_	_	_	
6-32	810-816	dieſes	_	_	_	
6-33	817-823	darbey	_	_	_	
6-34	824-826	zu	_	_	_	
6-35	827-834	mercken	_	_	_	
6-36	834-835	/	_	_	_	
6-37	837-840	daß	_	_	_	
6-38	841-844	man	_	_	_	
6-39	845-848	den	_	_	_	
6-40	849-855	Dampff	_	_	_	
6-41	856-861	nicht	_	_	_	
6-42	862-865	gar	_	_	_	
6-43	866-868	zu	_	_	_	
6-44	869-873	groß	_	_	_	
6-45	875-881	machen	_	_	_	
6-46	882-885	ſol	_	_	_	
6-47	885-886	/	_	_	_	
6-48	887-894	ſonſten	_	_	_	
6-49	895-901	werden	_	_	_	
6-50	902-905	die	_	_	_	
6-51	906-916	Loͤchrigen	_	_	_	
6-52	917-920	des	_	_	_	
6-53	921-928	Gehirns	_	_	_	
6-54	929-934	damit	_	_	_	
6-55	935-946	verſtopffet	_	_	_	
6-56	946-947	/	_	_	_	
6-57	948-952	auch	_	_	_	
6-58	953-956	ſol	_	_	_	
6-59	957-959	es	_	_	_	
6-60	960-969	geſchehen	_	_	_	
6-61	970-975	fruͤh	_	_	_	
6-62	976-983	morgens	_	_	_	
6-63	984-987	vor	_	_	_	
6-64	988-994	Aufſte	_	_	_	
6-65	994-995	-	_	_	_	
6-66	996-1000	hens	_	_	_	
6-67	1000-1001	/	_	_	_	
6-68	1002-1005	daß	_	_	_	
6-69	1006-1010	alſo	_	_	_	
6-70	1011-1014	der	_	_	_	
6-71	1015-1020	Rauch	_	_	_	
6-72	1021-1025	ſich	_	_	_	
6-73	1026-1029	ein	_	_	_	
6-74	1030-1035	wenig	_	_	_	
6-75	1037-1041	gele	_	_	_	
6-76	1041-1042	-	_	_	_	
6-77	1045-1046	G	_	_	_	
6-78	1047-1048	6	_	_	_	
6-79	1050-1051	[	_	_	_	
6-80	1051-1054	156	_	_	_	
6-81	1054-1055	/	_	_	_	
6-82	1055-1059	0182	_	_	_	
6-83	1060-1061	]	_	_	_	
6-84	1063-1085	Studenten-Kranckheiten	_	_	_	
6-85	1090-1097	geleget	_	_	_	
6-86	1098-1101	und	_	_	_	
6-87	1102-1105	die	_	_	_	
6-88	1106-1111	dicke	_	_	_	
6-89	1112-1117	Lufft	_	_	_	
6-90	1118-1129	diſpergiret	_	_	_	
6-91	1130-1133	ſey	_	_	_	
6-92	1133-1134	.	_	_	_	

#Text=Womit ſie aber eigendlich ihre Stuben
#Text=raͤuchern ſollen/ davon ſol unten ein Re-
#Text=cept folgen unter denen polychreſtis der
#Text=Studenten.
7-1	1137-1142	Womit	_	_	_	
7-2	1143-1146	ſie	_	_	_	
7-3	1147-1151	aber	_	_	_	
7-4	1152-1162	eigendlich	_	_	_	
7-5	1163-1167	ihre	_	_	_	
7-6	1168-1174	Stuben	_	_	_	
7-7	1175-1184	raͤuchern	_	_	_	
7-8	1185-1191	ſollen	_	_	_	
7-9	1191-1192	/	_	_	_	
7-10	1193-1198	davon	_	_	_	
7-11	1199-1202	ſol	_	_	_	
7-12	1203-1208	unten	_	_	_	
7-13	1209-1212	ein	_	_	_	
7-14	1213-1215	Re	_	_	_	
7-15	1215-1216	-	_	_	_	
7-16	1217-1221	cept	_	_	_	
7-17	1222-1228	folgen	_	_	_	
7-18	1229-1234	unter	_	_	_	
7-19	1235-1240	denen	_	_	_	
7-20	1241-1253	polychreſtis	_	_	_	
7-21	1254-1257	der	_	_	_	
7-22	1258-1267	Studenten	_	_	_	
7-23	1267-1268	.	_	_	_	
