#FORMAT=WebAnno TSV 3.3
#T_SP=custom.Span|label
#T_RL=custom.Relation|label|BT_custom.Span


#Text=umb ein Cronen verkaufft.
1-1	3-6	umb	_	_	_	
1-2	7-10	ein	_	_	_	
1-3	11-17	Cronen	_	_	_	
1-4	18-27	verkaufft	_	_	_	
1-5	27-28	.	_	_	_	

#Text=Die Beerlein a-
#Text=
#Text=ber/ wenn ſie eins theils Wuͤrmlein noch in
#Text=ſich haben/ gibt man ein viertheil umb ein
#Text=Cronen.
2-1	29-32	Die	_	_	_	
2-2	33-41	Beerlein	_	_	_	
2-3	42-43	a	_	_	_	
2-4	43-44	-	_	_	_	
2-5	46-49	ber	_	_	_	
2-6	49-50	/	_	_	_	
2-7	51-55	wenn	_	_	_	
2-8	56-59	ſie	_	_	_	
2-9	60-64	eins	_	_	_	
2-10	65-71	theils	_	_	_	
2-11	72-81	Wuͤrmlein	_	_	_	
2-12	82-86	noch	_	_	_	
2-13	87-89	in	_	_	_	
2-14	90-94	ſich	_	_	_	
2-15	95-100	haben	_	_	_	
2-16	100-101	/	_	_	_	
2-17	102-106	gibt	_	_	_	
2-18	107-110	man	_	_	_	
2-19	111-114	ein	_	_	_	
2-20	115-124	viertheil	_	_	_	
2-21	125-128	umb	_	_	_	
2-22	129-132	ein	_	_	_	
2-23	133-139	Cronen	_	_	_	
2-24	139-140	.	_	_	_	

#Text=Dieſe
#Text=Wuͤrmlein regen ſich nicht
#Text=ehe/
#Text=biß ſie auff ein Tuch an die Sonnen
#Text=gelegt werden/ alßdenn empfinden ſie die
#Text=waͤrme/ und begehren davon.
3-1	141-146	Dieſe	_	_	_	
3-2	147-156	Wuͤrmlein	_	_	_	
3-3	157-162	regen	_	_	_	
3-4	163-167	ſich	_	_	_	
3-5	168-173	nicht	_	_	_	
3-6	174-177	ehe	_	_	_	
3-7	177-178	/	_	_	_	
3-8	179-182	biß	_	_	_	
3-9	183-186	ſie	_	_	_	
3-10	187-191	auff	_	_	_	
3-11	192-195	ein	_	_	_	
3-12	196-200	Tuch	_	_	_	
3-13	201-203	an	_	_	_	
3-14	204-207	die	_	_	_	
3-15	208-214	Sonnen	_	_	_	
3-16	215-221	gelegt	_	_	_	
3-17	222-228	werden	_	_	_	
3-18	228-229	/	_	_	_	
3-19	230-237	alßdenn	_	_	_	
3-20	238-247	empfinden	_	_	_	
3-21	248-251	ſie	_	_	_	
3-22	252-255	die	_	_	_	
3-23	256-262	waͤrme	_	_	_	
3-24	262-263	/	_	_	_	
3-25	264-267	und	_	_	_	
3-26	268-276	begehren	_	_	_	
3-27	277-282	davon	_	_	_	
3-28	282-283	.	_	_	_	

#Text=Aber es ſtehet
#Text=ſtaͤtigs
#Text=einer darbey/ und treibet ſie ſo lang
#Text=mitten auff das Tuch zuſammen/
#Text=biß ſie
#Text=
#Text=ſterben.
4-1	284-288	Aber	_	_	_	
4-2	289-291	es	_	_	_	
4-3	292-298	ſtehet	_	_	_	
4-4	299-307	ſtaͤtigs	_	_	_	
4-5	308-313	einer	_	_	_	
4-6	314-320	darbey	_	_	_	
4-7	320-321	/	_	_	_	
4-8	322-325	und	_	_	_	
4-9	326-333	treibet	_	_	_	
4-10	334-337	ſie	_	_	_	
4-11	338-340	ſo	_	_	_	
4-12	341-345	lang	_	_	_	
4-13	346-352	mitten	_	_	_	
4-14	353-357	auff	_	_	_	
4-15	358-361	das	_	_	_	
4-16	362-366	Tuch	_	_	_	
4-17	367-375	zuſammen	_	_	_	
4-18	375-376	/	_	_	_	
4-19	377-380	biß	_	_	_	
4-20	381-384	ſie	_	_	_	
4-21	386-393	ſterben	_	_	_	
4-22	393-394	.	_	_	_	

#Text=Zu dieſer Zeit/ und bey drey Tag her-
#Text=nach/ riechen ſie ſo lieblich/ als Biſam/
#Text=Am-
#Text=bra und Citronen-bluͤht.
5-1	395-397	Zu	Time[1]	_	_	
5-2	398-404	dieſer	Time[1]	_	_	
5-3	405-409	Zeit	Time[1]	_	_	
5-4	409-410	/	_	_	_	
5-5	411-414	und	_	_	_	
5-6	415-418	bey	Time[2]	_	_	
5-7	419-423	drey	Time[2]	_	_	
5-8	424-427	Tag	Time[2]	_	_	
5-9	428-431	her	Time[2]	_	_	
5-10	431-432	-	Time[2]	_	_	
5-11	433-437	nach	Time[2]	_	_	
5-12	437-438	/	_	_	_	
5-13	439-446	riechen	Smell\_Word	_	_	
5-14	447-450	ſie	Smell\_Source	_	_	
5-15	451-453	ſo	Quality	_	_	
5-16	454-462	lieblich	Quality	*	5-15	
5-17	462-463	/	_	_	_	
5-18	464-467	als	Evoked\_Odorant[3]	_	_	
5-19	468-473	Biſam	Evoked\_Odorant[3]|*[4]	_	_	
5-20	473-474	/	Evoked\_Odorant[3]	_	_	
5-21	475-477	Am	Evoked\_Odorant[3]|*[5]	_	_	
5-22	477-478	-	Evoked\_Odorant[3]|*[5]	_	_	
5-23	479-482	bra	Evoked\_Odorant[3]|*[5]	_	_	
5-24	483-486	und	Evoked\_Odorant[3]	_	_	
5-25	487-502	Citronen-bluͤht	Evoked\_Odorant[3]|*[6]	_	_	
5-26	502-503	.	_	_	_	

#Text=Wenn etliche Beer-
#Text=lein gantz bleiben/ auß denen werden hernach
#Text=viel kleinere Wuͤrmlein/
#Text=welche davon flie-
#Text=gen.
6-1	504-508	Wenn	_	_	_	
6-2	509-516	etliche	_	_	_	
6-3	517-521	Beer	_	_	_	
6-4	521-522	-	_	_	_	
6-5	523-527	lein	_	_	_	
6-6	528-533	gantz	_	_	_	
6-7	534-541	bleiben	_	_	_	
6-8	541-542	/	_	_	_	
6-9	543-546	auß	_	_	_	
6-10	547-552	denen	_	_	_	
6-11	553-559	werden	_	_	_	
6-12	560-567	hernach	_	_	_	
6-13	568-572	viel	_	_	_	
6-14	573-581	kleinere	_	_	_	
6-15	582-591	Wuͤrmlein	_	_	_	
6-16	591-592	/	_	_	_	
6-17	593-599	welche	_	_	_	
6-18	600-605	davon	_	_	_	
6-19	606-610	flie	_	_	_	
6-20	610-611	-	_	_	_	
6-21	612-615	gen	_	_	_	
6-22	615-616	.	_	_	_	

#Text=Jn einem Jahr hat man auß gemeldtem
#Text=Campo lapideo, bey Arelate/ von diſen Schar-
#Text=lachbeeren bey eilfftauſend Cronen einkom-
#Text=mens gehabt.
7-1	617-619	Jn	_	_	_	
7-2	620-625	einem	_	_	_	
7-3	626-630	Jahr	_	_	_	
7-4	631-634	hat	_	_	_	
7-5	635-638	man	_	_	_	
7-6	639-642	auß	_	_	_	
7-7	643-652	gemeldtem	_	_	_	
7-8	653-658	Campo	_	_	_	
7-9	659-666	lapideo	_	_	_	
7-10	666-667	,	_	_	_	
7-11	668-671	bey	_	_	_	
7-12	672-679	Arelate	_	_	_	
7-13	679-680	/	_	_	_	
7-14	681-684	von	_	_	_	
7-15	685-690	diſen	_	_	_	
7-16	691-696	Schar	_	_	_	
7-17	696-697	-	_	_	_	
7-18	698-708	lachbeeren	_	_	_	
7-19	709-712	bey	_	_	_	
7-20	713-725	eilfftauſend	_	_	_	
7-21	726-732	Cronen	_	_	_	
7-22	733-739	einkom	_	_	_	
7-23	739-740	-	_	_	_	
7-24	741-745	mens	_	_	_	
7-25	746-752	gehabt	_	_	_	
7-26	752-753	.	_	_	_	

#Text=Dieſes ſchreibet Quinqueranus
#Text=
#Text=von dem Cocco, oder Scharlach/ der in
#Text=Franckreich wachſt.
8-1	754-760	Dieſes	_	_	_	
8-2	761-770	ſchreibet	_	_	_	
8-3	771-783	Quinqueranus	_	_	_	
8-4	785-788	von	_	_	_	
8-5	789-792	dem	_	_	_	
8-6	793-798	Cocco	_	_	_	
8-7	798-799	,	_	_	_	
8-8	800-804	oder	_	_	_	
8-9	805-814	Scharlach	_	_	_	
8-10	814-815	/	_	_	_	
8-11	816-819	der	_	_	_	
8-12	820-822	in	_	_	_	
8-13	823-834	Franckreich	_	_	_	
8-14	835-841	wachſt	_	_	_	
8-15	841-842	.	_	_	_	

#Text=Es werden aber ſolche
#Text=Koͤrner-oder Grana auch in Engelland und
#Text=anderſtwo an den Kirſchbaͤumen und dero-
#Text=ſelben kleinen Schoͤßlein geſehen/ welche deñ
#Text=ſambtlich nichts anders/ als gewiſſe neſtlein
#Text=ſeyen/ welche die Mucken an den blaͤtteren
#Text=und ſproͤßlein dergleichen Baͤumen durch
#Text=ihre biſſe zuwegen bringen/ und ihre frucht-
#Text=bare Eylein darein legen/ die hernach von der
#Text=Sonnen-hitz außgebruͤtet/ und anfaͤnglich
#Text=zu Wuͤrmen/ endlich aber auch zu fliegen-
#Text=den Muͤcklein werden.
9-1	843-845	Es	_	_	_	
9-2	846-852	werden	_	_	_	
9-3	853-857	aber	_	_	_	
9-4	858-864	ſolche	_	_	_	
9-5	865-877	Koͤrner-oder	_	_	_	
9-6	878-883	Grana	_	_	_	
9-7	884-888	auch	_	_	_	
9-8	889-891	in	_	_	_	
9-9	892-901	Engelland	_	_	_	
9-10	902-905	und	_	_	_	
9-11	906-915	anderſtwo	_	_	_	
9-12	916-918	an	_	_	_	
9-13	919-922	den	_	_	_	
9-14	923-936	Kirſchbaͤumen	_	_	_	
9-15	937-940	und	_	_	_	
9-16	941-945	dero	_	_	_	
9-17	945-946	-	_	_	_	
9-18	947-953	ſelben	_	_	_	
9-19	954-961	kleinen	_	_	_	
9-20	962-972	Schoͤßlein	_	_	_	
9-21	973-980	geſehen	_	_	_	
9-22	980-981	/	_	_	_	
9-23	982-988	welche	_	_	_	
9-24	989-992	deñ	_	_	_	
9-25	993-1002	ſambtlich	_	_	_	
9-26	1003-1009	nichts	_	_	_	
9-27	1010-1016	anders	_	_	_	
9-28	1016-1017	/	_	_	_	
9-29	1018-1021	als	_	_	_	
9-30	1022-1029	gewiſſe	_	_	_	
9-31	1030-1038	neſtlein	_	_	_	
9-32	1039-1044	ſeyen	_	_	_	
9-33	1044-1045	/	_	_	_	
9-34	1046-1052	welche	_	_	_	
9-35	1053-1056	die	_	_	_	
9-36	1057-1063	Mucken	_	_	_	
9-37	1064-1066	an	_	_	_	
9-38	1067-1070	den	_	_	_	
9-39	1071-1081	blaͤtteren	_	_	_	
9-40	1082-1085	und	_	_	_	
9-41	1086-1096	ſproͤßlein	_	_	_	
9-42	1097-1108	dergleichen	_	_	_	
9-43	1109-1116	Baͤumen	_	_	_	
9-44	1117-1122	durch	_	_	_	
9-45	1123-1127	ihre	_	_	_	
9-46	1128-1133	biſſe	_	_	_	
9-47	1134-1141	zuwegen	_	_	_	
9-48	1142-1149	bringen	_	_	_	
9-49	1149-1150	/	_	_	_	
9-50	1151-1154	und	_	_	_	
9-51	1155-1159	ihre	_	_	_	
9-52	1160-1166	frucht	_	_	_	
9-53	1166-1167	-	_	_	_	
9-54	1168-1172	bare	_	_	_	
9-55	1173-1179	Eylein	_	_	_	
9-56	1180-1186	darein	_	_	_	
9-57	1187-1192	legen	_	_	_	
9-58	1192-1193	/	_	_	_	
9-59	1194-1197	die	_	_	_	
9-60	1198-1205	hernach	_	_	_	
9-61	1206-1209	von	_	_	_	
9-62	1210-1213	der	_	_	_	
9-63	1214-1225	Sonnen-hitz	_	_	_	
9-64	1226-1238	außgebruͤtet	_	_	_	
9-65	1238-1239	/	_	_	_	
9-66	1240-1243	und	_	_	_	
9-67	1244-1255	anfaͤnglich	_	_	_	
9-68	1256-1258	zu	_	_	_	
9-69	1259-1266	Wuͤrmen	_	_	_	
9-70	1266-1267	/	_	_	_	
9-71	1268-1275	endlich	_	_	_	
9-72	1276-1280	aber	_	_	_	
9-73	1281-1285	auch	_	_	_	
9-74	1286-1288	zu	_	_	_	
9-75	1289-1296	fliegen	_	_	_	
9-76	1296-1297	-	_	_	_	
9-77	1298-1301	den	_	_	_	
9-78	1302-1311	Muͤcklein	_	_	_	
9-79	1312-1318	werden	_	_	_	
9-80	1318-1319	.	_	_	_	

#Text=Eigenſchafft.
10-1	1322-1334	Eigenſchafft	_	_	_	
10-2	1334-1335	.	_	_	_	

#Text=Dieſes Baͤumlein/ hat alle eigenſchafften
#Text=mit dem Eychbaum gemein/ die Scharlach-
#Text=beere ſind auch ein wenig zuſammenziehen-
#Text=der Natur/ haben aber zugleich wegen den
#Text=fluͤchtigen/ geiſtreichen theilen der Wuͤrme/
11-1	1337-1343	Dieſes	_	_	_	
11-2	1344-1353	Baͤumlein	_	_	_	
11-3	1353-1354	/	_	_	_	
11-4	1355-1358	hat	_	_	_	
11-5	1359-1363	alle	_	_	_	
11-6	1364-1378	eigenſchafften	_	_	_	
11-7	1379-1382	mit	_	_	_	
11-8	1383-1386	dem	_	_	_	
11-9	1387-1395	Eychbaum	_	_	_	
11-10	1396-1402	gemein	_	_	_	
11-11	1402-1403	/	_	_	_	
11-12	1404-1407	die	_	_	_	
11-13	1408-1417	Scharlach	_	_	_	
11-14	1417-1418	-	_	_	_	
11-15	1419-1424	beere	_	_	_	
11-16	1425-1429	ſind	_	_	_	
11-17	1430-1434	auch	_	_	_	
11-18	1435-1438	ein	_	_	_	
11-19	1439-1444	wenig	_	_	_	
11-20	1445-1459	zuſammenziehen	_	_	_	
11-21	1459-1460	-	_	_	_	
11-22	1461-1464	der	_	_	_	
11-23	1465-1470	Natur	_	_	_	
11-24	1470-1471	/	_	_	_	
11-25	1472-1477	haben	_	_	_	
11-26	1478-1482	aber	_	_	_	
11-27	1483-1491	zugleich	_	_	_	
11-28	1492-1497	wegen	_	_	_	
11-29	1498-1501	den	_	_	_	
11-30	1502-1513	fluͤchtigen	_	_	_	
11-31	1513-1514	/	_	_	_	
11-32	1515-1527	geiſtreichen	_	_	_	
11-33	1528-1535	theilen	_	_	_	
11-34	1536-1539	der	_	_	_	
11-35	1540-1546	Wuͤrme	_	_	_	
11-36	1546-1547	/	_	_	_	
