#FORMAT=WebAnno TSV 3.3


#Text=7 Multiplicatam quasi germen agri dedi te : et multiplicata es, et grandis effecta, et ingressa es, et pervenisti ad mundum muliebrem : ubera tua intumuerunt, et pilus tuus germinavit : et eras nuda, et confusione plena.
#Text=8 Et transivi per te, et vidi te : et ecce tempus tuum, tempus amantium : et expandi amictum meum super te, et operui ignominiam tuam : et juravi tibi, et ingressus sum pactum tecum, ait Dominus Deus, et facta es mihi.
#Text=9 Et lavi te aqua, et emundavi sanguinem tuum ex te, et unxi te oleo.
#Text=10 Et vestivi te discoloribus, et calceavi te janthino, et cinxi te bysso, et indui te subtilibus : 11 et ornavi te ornamento, et dedi armillas in manibus tuis, et torquem circa collum tuum : 12 et dedi inaurem super os tuum, et circulos auribus tuis, et coronam decoris in capite tuo.
#Text=13 Et ornata es auro et argento, et vestita es bysso et polymito et multicoloribus : similam, et mel, et oleum comedisti : et decora facta es vehementer nimis, et profecisti in regnum.
#Text=14 Et egressum est nomen tuum in gentes propter speciem tuam, quia perfecta eras in decore meo quem posueram super te, dicit Dominus Deus.
#Text=15 Et habens fiduciam in pulchritudine tua, fornicata es in nomine tuo : et exposuisti fornicationem tuam omni transeunti, ut ejus fieres.
#Text=16 Et sumens de vestimentis tuis, fecisti tibi excelsa hinc inde consuta, et fornicata es super eis sicut non est factum, neque futurum est.
#Text=17 Et tulisti vasa decoris tui de auro meo atque argento meo, quæ dedi tibi, et fecisti tibi imagines masculinas, et fornicata es in eis.
#Text=18 Et sumpsisti vestimenta tua multicoloria, et operuisti illas, et oleum meum et thymiama meum posuisti coram eis.
#Text=19 Et panem meum quem dedi tibi, similam, et oleum, et mel, quibus enutrivi te, posuisti in conspectu eorum in odorem suavitatis : et factum est, ait Dominus Deus.
#Text=20 Et tulisti filios tuos et filias tuas quas generasti mihi, et immolasti eis ad devorandum.
1-1	2-3	7	
1-2	4-17	Multiplicatam	
1-3	18-23	quasi	
1-4	24-30	germen	
1-5	31-35	agri	
1-6	36-40	dedi	
1-7	41-43	te	
1-8	44-45	:	
1-9	46-48	et	
1-10	49-61	multiplicata	
1-11	62-64	es	
1-12	64-65	,	
1-13	66-68	et	
1-14	69-76	grandis	
1-15	77-84	effecta	
1-16	84-85	,	
1-17	86-88	et	
1-18	89-97	ingressa	
1-19	98-100	es	
1-20	100-101	,	
1-21	102-104	et	
1-22	105-115	pervenisti	
1-23	116-118	ad	
1-24	119-125	mundum	
1-25	126-135	muliebrem	
1-26	136-137	:	
1-27	138-143	ubera	
1-28	144-147	tua	
1-29	148-159	intumuerunt	
1-30	159-160	,	
1-31	161-163	et	
1-32	164-169	pilus	
1-33	170-174	tuus	
1-34	175-185	germinavit	
1-35	186-187	:	
1-36	188-190	et	
1-37	191-195	eras	
1-38	196-200	nuda	
1-39	200-201	,	
1-40	202-204	et	
1-41	205-215	confusione	
1-42	216-221	plena	
1-43	221-222	.	
1-44	223-224	8	
1-45	225-227	Et	
1-46	228-236	transivi	
1-47	237-240	per	
1-48	241-243	te	
1-49	243-244	,	
1-50	245-247	et	
1-51	248-252	vidi	
1-52	253-255	te	
1-53	256-257	:	
1-54	258-260	et	
1-55	261-265	ecce	
1-56	266-272	tempus	
1-57	273-277	tuum	
1-58	277-278	,	
1-59	279-285	tempus	
1-60	286-294	amantium	
1-61	295-296	:	
1-62	297-299	et	
1-63	300-307	expandi	
1-64	308-315	amictum	
1-65	316-320	meum	
1-66	321-326	super	
1-67	327-329	te	
1-68	329-330	,	
1-69	331-333	et	
1-70	334-340	operui	
1-71	341-351	ignominiam	
1-72	352-356	tuam	
1-73	357-358	:	
1-74	359-361	et	
1-75	362-368	juravi	
1-76	369-373	tibi	
1-77	373-374	,	
1-78	375-377	et	
1-79	378-387	ingressus	
1-80	388-391	sum	
1-81	392-398	pactum	
1-82	399-404	tecum	
1-83	404-405	,	
1-84	406-409	ait	
1-85	410-417	Dominus	
1-86	418-422	Deus	
1-87	422-423	,	
1-88	424-426	et	
1-89	427-432	facta	
1-90	433-435	es	
1-91	436-440	mihi	
1-92	440-441	.	
1-93	442-443	9	
1-94	444-446	Et	
1-95	447-451	lavi	
1-96	452-454	te	
1-97	455-459	aqua	
1-98	459-460	,	
1-99	461-463	et	
1-100	464-472	emundavi	
1-101	473-482	sanguinem	
1-102	483-487	tuum	
1-103	488-490	ex	
1-104	491-493	te	
1-105	493-494	,	
1-106	495-497	et	
1-107	498-502	unxi	
1-108	503-505	te	
1-109	506-510	oleo	
1-110	510-511	.	
1-111	512-514	10	
1-112	515-517	Et	
1-113	518-525	vestivi	
1-114	526-528	te	
1-115	529-541	discoloribus	
1-116	541-542	,	
1-117	543-545	et	
1-118	546-554	calceavi	
1-119	555-557	te	
1-120	558-566	janthino	
1-121	566-567	,	
1-122	568-570	et	
1-123	571-576	cinxi	
1-124	577-579	te	
1-125	580-585	bysso	
1-126	585-586	,	
1-127	587-589	et	
1-128	590-595	indui	
1-129	596-598	te	
1-130	599-609	subtilibus	
1-131	610-611	:	
1-132	612-614	11	
1-133	615-617	et	
1-134	618-624	ornavi	
1-135	625-627	te	
1-136	628-637	ornamento	
1-137	637-638	,	
1-138	639-641	et	
1-139	642-646	dedi	
1-140	647-655	armillas	
1-141	656-658	in	
1-142	659-666	manibus	
1-143	667-671	tuis	
1-144	671-672	,	
1-145	673-675	et	
1-146	676-683	torquem	
1-147	684-689	circa	
1-148	690-696	collum	
1-149	697-701	tuum	
1-150	702-703	:	
1-151	704-706	12	
1-152	707-709	et	
1-153	710-714	dedi	
1-154	715-722	inaurem	
1-155	723-728	super	
1-156	729-731	os	
1-157	732-736	tuum	
1-158	736-737	,	
1-159	738-740	et	
1-160	741-749	circulos	
1-161	750-757	auribus	
1-162	758-762	tuis	
1-163	762-763	,	
1-164	764-766	et	
1-165	767-774	coronam	
1-166	775-782	decoris	
1-167	783-785	in	
1-168	786-792	capite	
1-169	793-796	tuo	
1-170	796-797	.	
1-171	798-800	13	
1-172	801-803	Et	
1-173	804-810	ornata	
1-174	811-813	es	
1-175	814-818	auro	
1-176	819-821	et	
1-177	822-829	argento	
1-178	829-830	,	
1-179	831-833	et	
1-180	834-841	vestita	
1-181	842-844	es	
1-182	845-850	bysso	
1-183	851-853	et	
1-184	854-862	polymito	
1-185	863-865	et	
1-186	866-880	multicoloribus	
1-187	881-882	:	
1-188	883-890	similam	
1-189	890-891	,	
1-190	892-894	et	
1-191	895-898	mel	
1-192	898-899	,	
1-193	900-902	et	
1-194	903-908	oleum	
1-195	909-918	comedisti	
1-196	919-920	:	
1-197	921-923	et	
1-198	924-930	decora	
1-199	931-936	facta	
1-200	937-939	es	
1-201	940-950	vehementer	
1-202	951-956	nimis	
1-203	956-957	,	
1-204	958-960	et	
1-205	961-971	profecisti	
1-206	972-974	in	
1-207	975-981	regnum	
1-208	981-982	.	
1-209	983-985	14	
1-210	986-988	Et	
1-211	989-997	egressum	
1-212	998-1001	est	
1-213	1002-1007	nomen	
1-214	1008-1012	tuum	
1-215	1013-1015	in	
1-216	1016-1022	gentes	
1-217	1023-1030	propter	
1-218	1031-1038	speciem	
1-219	1039-1043	tuam	
1-220	1043-1044	,	
1-221	1045-1049	quia	
1-222	1050-1058	perfecta	
1-223	1059-1063	eras	
1-224	1064-1066	in	
1-225	1067-1073	decore	
1-226	1074-1077	meo	
1-227	1078-1082	quem	
1-228	1083-1091	posueram	
1-229	1092-1097	super	
1-230	1098-1100	te	
1-231	1100-1101	,	
1-232	1102-1107	dicit	
1-233	1108-1115	Dominus	
1-234	1116-1120	Deus	
1-235	1120-1121	.	
1-236	1122-1124	15	
1-237	1125-1127	Et	
1-238	1128-1134	habens	
1-239	1135-1143	fiduciam	
1-240	1144-1146	in	
1-241	1147-1160	pulchritudine	
1-242	1161-1164	tua	
1-243	1164-1165	,	
1-244	1166-1175	fornicata	
1-245	1176-1178	es	
1-246	1179-1181	in	
1-247	1182-1188	nomine	
1-248	1189-1192	tuo	
1-249	1193-1194	:	
1-250	1195-1197	et	
1-251	1198-1208	exposuisti	
1-252	1209-1222	fornicationem	
1-253	1223-1227	tuam	
1-254	1228-1232	omni	
1-255	1233-1243	transeunti	
1-256	1243-1244	,	
1-257	1245-1247	ut	
1-258	1248-1252	ejus	
1-259	1253-1259	fieres	
1-260	1259-1260	.	
1-261	1261-1263	16	
1-262	1264-1266	Et	
1-263	1267-1273	sumens	
1-264	1274-1276	de	
1-265	1277-1288	vestimentis	
1-266	1289-1293	tuis	
1-267	1293-1294	,	
1-268	1295-1302	fecisti	
1-269	1303-1307	tibi	
1-270	1308-1315	excelsa	
1-271	1316-1320	hinc	
1-272	1321-1325	inde	
1-273	1326-1333	consuta	
1-274	1333-1334	,	
1-275	1335-1337	et	
1-276	1338-1347	fornicata	
1-277	1348-1350	es	
1-278	1351-1356	super	
1-279	1357-1360	eis	
1-280	1361-1366	sicut	
1-281	1367-1370	non	
1-282	1371-1374	est	
1-283	1375-1381	factum	
1-284	1381-1382	,	
1-285	1383-1388	neque	
1-286	1389-1396	futurum	
1-287	1397-1400	est	
1-288	1400-1401	.	
1-289	1402-1404	17	
1-290	1405-1407	Et	
1-291	1408-1415	tulisti	
1-292	1416-1420	vasa	
1-293	1421-1428	decoris	
1-294	1429-1432	tui	
1-295	1433-1435	de	
1-296	1436-1440	auro	
1-297	1441-1444	meo	
1-298	1445-1450	atque	
1-299	1451-1458	argento	
1-300	1459-1462	meo	
1-301	1462-1463	,	
1-302	1464-1467	quæ	
1-303	1468-1472	dedi	
1-304	1473-1477	tibi	
1-305	1477-1478	,	
1-306	1479-1481	et	
1-307	1482-1489	fecisti	
1-308	1490-1494	tibi	
1-309	1495-1503	imagines	
1-310	1504-1514	masculinas	
1-311	1514-1515	,	
1-312	1516-1518	et	
1-313	1519-1528	fornicata	
1-314	1529-1531	es	
1-315	1532-1534	in	
1-316	1535-1538	eis	
1-317	1538-1539	.	
1-318	1540-1542	18	
1-319	1543-1545	Et	
1-320	1546-1555	sumpsisti	
1-321	1556-1566	vestimenta	
1-322	1567-1570	tua	
1-323	1571-1583	multicoloria	
1-324	1583-1584	,	
1-325	1585-1587	et	
1-326	1588-1597	operuisti	
1-327	1598-1603	illas	
1-328	1603-1604	,	
1-329	1605-1607	et	
1-330	1608-1613	oleum	
1-331	1614-1618	meum	
1-332	1619-1621	et	
1-333	1622-1630	thymiama	
1-334	1631-1635	meum	
1-335	1636-1644	posuisti	
1-336	1645-1650	coram	
1-337	1651-1654	eis	
1-338	1654-1655	.	
1-339	1656-1658	19	
1-340	1659-1661	Et	
1-341	1662-1667	panem	
1-342	1668-1672	meum	
1-343	1673-1677	quem	
1-344	1678-1682	dedi	
1-345	1683-1687	tibi	
1-346	1687-1688	,	
1-347	1689-1696	similam	
1-348	1696-1697	,	
1-349	1698-1700	et	
1-350	1701-1706	oleum	
1-351	1706-1707	,	
1-352	1708-1710	et	
1-353	1711-1714	mel	
1-354	1714-1715	,	
1-355	1716-1722	quibus	
1-356	1723-1731	enutrivi	
1-357	1732-1734	te	
1-358	1734-1735	,	
1-359	1736-1744	posuisti	
1-360	1745-1747	in	
1-361	1748-1757	conspectu	
1-362	1758-1763	eorum	
1-363	1764-1766	in	
1-364	1767-1773	odorem	
1-365	1774-1784	suavitatis	
1-366	1785-1786	:	
1-367	1787-1789	et	
1-368	1790-1796	factum	
1-369	1797-1800	est	
1-370	1800-1801	,	
1-371	1802-1805	ait	
1-372	1806-1813	Dominus	
1-373	1814-1818	Deus	
1-374	1818-1819	.	
1-375	1820-1822	20	
1-376	1823-1825	Et	
1-377	1826-1833	tulisti	
1-378	1834-1840	filios	
1-379	1841-1845	tuos	
1-380	1846-1848	et	
1-381	1849-1855	filias	
1-382	1856-1860	tuas	
1-383	1861-1865	quas	
1-384	1866-1875	generasti	
1-385	1876-1880	mihi	
1-386	1880-1881	,	
1-387	1882-1884	et	
1-388	1885-1894	immolasti	
1-389	1895-1898	eis	
1-390	1899-1901	ad	
1-391	1902-1912	devorandum	
1-392	1912-1913	.	

#Text=Numquid parva est fornicatio tua ?
2-1	1914-1921	Numquid	
2-2	1922-1927	parva	
2-3	1928-1931	est	
2-4	1932-1942	fornicatio	
2-5	1943-1946	tua	
2-6	1947-1948	?	

#Text=21 Immolasti filios meos, et dedisti, illos consecrans, eis.
#Text=22 Et post omnes abominationes tuas et fornicationes, non es recordata dierum adolescentiæ tuæ, quando eras nuda et confusione plena, conculcata in sanguine tuo.
#Text=23 Et accidit post omnem malitiam tuam (væ, væ tibi !
3-1	1949-1951	21	
3-2	1952-1961	Immolasti	
3-3	1962-1968	filios	
3-4	1969-1973	meos	
3-5	1973-1974	,	
3-6	1975-1977	et	
3-7	1978-1985	dedisti	
3-8	1985-1986	,	
3-9	1987-1992	illos	
3-10	1993-2003	consecrans	
3-11	2003-2004	,	
3-12	2005-2008	eis	
3-13	2008-2009	.	
3-14	2010-2012	22	
3-15	2013-2015	Et	
3-16	2016-2020	post	
3-17	2021-2026	omnes	
3-18	2027-2040	abominationes	
3-19	2041-2045	tuas	
3-20	2046-2048	et	
3-21	2049-2062	fornicationes	
3-22	2062-2063	,	
3-23	2064-2067	non	
3-24	2068-2070	es	
3-25	2071-2080	recordata	
3-26	2081-2087	dierum	
3-27	2088-2100	adolescentiæ	
3-28	2101-2104	tuæ	
3-29	2104-2105	,	
3-30	2106-2112	quando	
3-31	2113-2117	eras	
3-32	2118-2122	nuda	
3-33	2123-2125	et	
3-34	2126-2136	confusione	
3-35	2137-2142	plena	
3-36	2142-2143	,	
3-37	2144-2154	conculcata	
3-38	2155-2157	in	
3-39	2158-2166	sanguine	
3-40	2167-2170	tuo	
3-41	2170-2171	.	
3-42	2172-2174	23	
3-43	2175-2177	Et	
3-44	2178-2185	accidit	
3-45	2186-2190	post	
3-46	2191-2196	omnem	
3-47	2197-2205	malitiam	
3-48	2206-2210	tuam	
3-49	2211-2212	(	
3-50	2212-2214	væ	
3-51	2214-2215	,	
3-52	2216-2218	væ	
3-53	2219-2223	tibi	
3-54	2224-2225	!	

#Text=ait Dominus Deus), 24 et ædificasti tibi lupanar, et fecisti tibi prostibulum in cunctis plateis.
#Text=25 Ad omne caput viæ ædificasti signum prostitutionis tuæ, et abominabilem fecisti decorem tuum : et divisisti pedes tuos omni transeunti, et multiplicasti fornicationes tuas : 26 et fornicata es cum filiis Ægypti, vicinis tuis, magnarum carnium : et multiplicasti fornicationem tuam ad irritandum me.
#Text=27 Ecce ego extendam manum meam super te, et auferam justificationem tuam, et dabo te in animas odientium te filiarum Palæstinarum, quæ erubescunt in via tua scelerata.
#Text=28 Et fornicata es in filiis Assyriorum eo quod necdum fueris expleta : et postquam fornicata es, nec sic es satiata : 29 et multiplicasti fornicationem tuam in terra Chanaan cum Chaldæis, et nec sic satiata es.
4-1	2226-2229	ait	
4-2	2230-2237	Dominus	
4-3	2238-2242	Deus	
4-4	2242-2243	)	
4-5	2243-2244	,	
4-6	2245-2247	24	
4-7	2248-2250	et	
4-8	2251-2261	ædificasti	
4-9	2262-2266	tibi	
4-10	2267-2274	lupanar	
4-11	2274-2275	,	
4-12	2276-2278	et	
4-13	2279-2286	fecisti	
4-14	2287-2291	tibi	
4-15	2292-2303	prostibulum	
4-16	2304-2306	in	
4-17	2307-2314	cunctis	
4-18	2315-2322	plateis	
4-19	2322-2323	.	
4-20	2324-2326	25	
4-21	2327-2329	Ad	
4-22	2330-2334	omne	
4-23	2335-2340	caput	
4-24	2341-2344	viæ	
4-25	2345-2355	ædificasti	
4-26	2356-2362	signum	
4-27	2363-2377	prostitutionis	
4-28	2378-2381	tuæ	
4-29	2381-2382	,	
4-30	2383-2385	et	
4-31	2386-2398	abominabilem	
4-32	2399-2406	fecisti	
4-33	2407-2414	decorem	
4-34	2415-2419	tuum	
4-35	2420-2421	:	
4-36	2422-2424	et	
4-37	2425-2434	divisisti	
4-38	2435-2440	pedes	
4-39	2441-2445	tuos	
4-40	2446-2450	omni	
4-41	2451-2461	transeunti	
4-42	2461-2462	,	
4-43	2463-2465	et	
4-44	2466-2479	multiplicasti	
4-45	2480-2493	fornicationes	
4-46	2494-2498	tuas	
4-47	2499-2500	:	
4-48	2501-2503	26	
4-49	2504-2506	et	
4-50	2507-2516	fornicata	
4-51	2517-2519	es	
4-52	2520-2523	cum	
4-53	2524-2530	filiis	
4-54	2531-2537	Ægypti	
4-55	2537-2538	,	
4-56	2539-2546	vicinis	
4-57	2547-2551	tuis	
4-58	2551-2552	,	
4-59	2553-2561	magnarum	
4-60	2562-2569	carnium	
4-61	2570-2571	:	
4-62	2572-2574	et	
4-63	2575-2588	multiplicasti	
4-64	2589-2602	fornicationem	
4-65	2603-2607	tuam	
4-66	2608-2610	ad	
4-67	2611-2621	irritandum	
4-68	2622-2624	me	
4-69	2624-2625	.	
4-70	2626-2628	27	
4-71	2629-2633	Ecce	
4-72	2634-2637	ego	
4-73	2638-2646	extendam	
4-74	2647-2652	manum	
4-75	2653-2657	meam	
4-76	2658-2663	super	
4-77	2664-2666	te	
4-78	2666-2667	,	
4-79	2668-2670	et	
4-80	2671-2678	auferam	
4-81	2679-2694	justificationem	
4-82	2695-2699	tuam	
4-83	2699-2700	,	
4-84	2701-2703	et	
4-85	2704-2708	dabo	
4-86	2709-2711	te	
4-87	2712-2714	in	
4-88	2715-2721	animas	
4-89	2722-2731	odientium	
4-90	2732-2734	te	
4-91	2735-2743	filiarum	
4-92	2744-2756	Palæstinarum	
4-93	2756-2757	,	
4-94	2758-2761	quæ	
4-95	2762-2772	erubescunt	
4-96	2773-2775	in	
4-97	2776-2779	via	
4-98	2780-2783	tua	
4-99	2784-2793	scelerata	
4-100	2793-2794	.	
4-101	2795-2797	28	
4-102	2798-2800	Et	
4-103	2801-2810	fornicata	
4-104	2811-2813	es	
4-105	2814-2816	in	
4-106	2817-2823	filiis	
4-107	2824-2834	Assyriorum	
4-108	2835-2837	eo	
4-109	2838-2842	quod	
4-110	2843-2849	necdum	
4-111	2850-2856	fueris	
4-112	2857-2864	expleta	
4-113	2865-2866	:	
4-114	2867-2869	et	
4-115	2870-2878	postquam	
4-116	2879-2888	fornicata	
4-117	2889-2891	es	
4-118	2891-2892	,	
4-119	2893-2896	nec	
4-120	2897-2900	sic	
4-121	2901-2903	es	
4-122	2904-2911	satiata	
4-123	2912-2913	:	
4-124	2914-2916	29	
4-125	2917-2919	et	
4-126	2920-2933	multiplicasti	
4-127	2934-2947	fornicationem	
4-128	2948-2952	tuam	
4-129	2953-2955	in	
4-130	2956-2961	terra	
4-131	2962-2969	Chanaan	
4-132	2970-2973	cum	
4-133	2974-2982	Chaldæis	
4-134	2982-2983	,	
4-135	2984-2986	et	
4-136	2987-2990	nec	
4-137	2991-2994	sic	
4-138	2995-3002	satiata	
4-139	3003-3005	es	
4-140	3005-3006	.	
