{"_context" : {
    "_types" : {
      "DocumentMetaData" : {
        "_feature_types" : {"sofa" : "_ref" } }, 
      "Relation" : {
        "_feature_types" : {"sofa" : "_ref",  "Dependent" : "_ref",  "Governor" : "_ref" } }, 
      "Sentence" : {
        "_feature_types" : {"sofa" : "_ref" } }, 
      "Sofa" : {
        "_feature_types" : {"sofaArray" : "_ref" } }, 
      "Span" : {
        "_feature_types" : {"sofa" : "_ref" } }, 
      "TagsetDescription" : {
        "_feature_types" : {"sofa" : "_ref",  "tags" : "_ref" } }, 
      "Token" : {
        "_feature_types" : {"sofa" : "_ref",  "parent" : "_ref",  "lemma" : "_ref",  "stem" : "_ref",  "pos" : "_ref",  "morph" : "_ref",  "form" : "_ref" } }, 
      "DocumentAnnotation" : {
        "_feature_types" : {"sofa" : "_ref" }, 
        "_subtypes" : ["DocumentMetaData" ] }, 
      "Annotation" : {
        "_feature_types" : {"sofa" : "_ref" }, 
        "_subtypes" : ["DocumentAnnotation",  "Relation",  "Sentence",  "Span",  "TagsetDescription",  "Token" ] }, 
      "AnnotationBase" : {
        "_feature_types" : {"sofa" : "_ref" }, 
        "_subtypes" : ["Annotation" ] }, 
      "TOP" : {
        "_subtypes" : ["AnnotationBase",  "Sofa" ] } } }, 
  "_views" : {
    "_InitialView" : {
      "Relation" : [
        {"sofa" : 1,  "begin" : 1464,  "end" : 1469,  "Dependent" : 11683,  "Governor" : 11688 }, 
        {"sofa" : 1,  "begin" : 1464,  "end" : 1469,  "Dependent" : 11683,  "Governor" : 11678 }, 
        {"sofa" : 1,  "begin" : 1464,  "end" : 1469,  "Dependent" : 11683,  "Governor" : 11707 }, 
        {"sofa" : 1,  "begin" : 1659,  "end" : 1667,  "Dependent" : 11719,  "Governor" : 11736 }, 
        {"sofa" : 1,  "begin" : 1659,  "end" : 1667,  "Dependent" : 11719,  "Governor" : 11748 }, 
        {"sofa" : 1,  "begin" : 1668,  "end" : 1670,  "Dependent" : 11724,  "Governor" : 11688,  "label" : "Anaphoric" }, 
        {"sofa" : 1,  "begin" : 4154,  "end" : 4159,  "Dependent" : 11785,  "Governor" : 11775 }, 
        {"sofa" : 1,  "begin" : 4154,  "end" : 4159,  "Dependent" : 11785,  "Governor" : 11797 }, 
        {"sofa" : 1,  "begin" : 4154,  "end" : 4159,  "Dependent" : 11775,  "Governor" : 11780 }, 
        {"sofa" : 1,  "begin" : 4154,  "end" : 4159,  "Dependent" : 11785,  "Governor" : 11816 } ], 
      "Span" : [11688,  11678,  11683,  11707,  11748,  11719,  11724,  11736,  11797,  11775,  11785,  11780,  11816 ], 
      "DocumentMetaData" : [
        {"sofa" : 1,  "end" : 4398,  "language" : "x-unspecified",  "documentTitle" : "082E%20Isabella%20Beeton%201861%20The%20Book%20of%20Household%20Management__480_distribution_HOUS.txt",  "documentId" : "teresa",  "documentUri" : "file:/home/dhuser/alessio/inception/repository/project/29/document/10791/source/teresa",  "collectionId" : "file:/home/dhuser/alessio/inception/repository/project/29/document/10791/source/",  "documentBaseUri" : "file:/home/dhuser/alessio/inception/repository/project/29/document/10791/source/",  "isLastSegment" : false } ], 
      "TagsetDescription" : [
        {"sofa" : 1,  "layer" : "webanno.custom.Emotions",  "name" : "Emotion Labels",  "input" : false }, 
        {"sofa" : 1,  "layer" : "custom.Relation",  "name" : "Relation labels",  "input" : false }, 
        {"sofa" : 1,  "layer" : "custom.Span",  "name" : "Smell labels",  "input" : false } ], 
      "Sentence" : [
        {"sofa" : 1,  "end" : 242 }, 
        {"sofa" : 1,  "begin" : 243,  "end" : 330 }, 
        {"sofa" : 1,  "begin" : 331,  "end" : 380 }, 
        {"sofa" : 1,  "begin" : 381,  "end" : 570 }, 
        {"sofa" : 1,  "begin" : 571,  "end" : 826 }, 
        {"sofa" : 1,  "begin" : 827,  "end" : 880 }, 
        {"sofa" : 1,  "begin" : 880,  "end" : 891 }, 
        {"sofa" : 1,  "begin" : 892,  "end" : 1086 }, 
        {"sofa" : 1,  "begin" : 1087,  "end" : 1164 }, 
        {"sofa" : 1,  "begin" : 1165,  "end" : 1220 }, 
        {"sofa" : 1,  "begin" : 1221,  "end" : 1389 }, 
        {"sofa" : 1,  "begin" : 1390,  "end" : 1519 }, 
        {"sofa" : 1,  "begin" : 1519,  "end" : 1569 }, 
        {"sofa" : 1,  "begin" : 1570,  "end" : 1671 }, 
        {"sofa" : 1,  "begin" : 1672,  "end" : 1910 }, 
        {"sofa" : 1,  "begin" : 1910,  "end" : 1921 }, 
        {"sofa" : 1,  "begin" : 1922,  "end" : 2058 }, 
        {"sofa" : 1,  "begin" : 2059,  "end" : 2250 }, 
        {"sofa" : 1,  "begin" : 2251,  "end" : 2335 }, 
        {"sofa" : 1,  "begin" : 2336,  "end" : 2444 }, 
        {"sofa" : 1,  "begin" : 2445,  "end" : 2628 }, 
        {"sofa" : 1,  "begin" : 2628,  "end" : 2696 }, 
        {"sofa" : 1,  "begin" : 2697,  "end" : 2740 }, 
        {"sofa" : 1,  "begin" : 2740,  "end" : 2792 }, 
        {"sofa" : 1,  "begin" : 2793,  "end" : 3161 }, 
        {"sofa" : 1,  "begin" : 3162,  "end" : 3220 }, 
        {"sofa" : 1,  "begin" : 3221,  "end" : 3348 }, 
        {"sofa" : 1,  "begin" : 3349,  "end" : 3389 }, 
        {"sofa" : 1,  "begin" : 3389,  "end" : 3400 }, 
        {"sofa" : 1,  "begin" : 3401,  "end" : 3532 }, 
        {"sofa" : 1,  "begin" : 3533,  "end" : 3637 }, 
        {"sofa" : 1,  "begin" : 3638,  "end" : 3766 }, 
        {"sofa" : 1,  "begin" : 3767,  "end" : 3979 }, 
        {"sofa" : 1,  "begin" : 3980,  "end" : 4136 }, 
        {"sofa" : 1,  "begin" : 4137,  "end" : 4292 }, 
        {"sofa" : 1,  "begin" : 4293,  "end" : 4398 } ], 
      "Token" : [
        {"sofa" : 1,  "end" : 2 }, 
        {"sofa" : 1,  "begin" : 3,  "end" : 6 }, 
        {"sofa" : 1,  "begin" : 7,  "end" : 9 }, 
        {"sofa" : 1,  "begin" : 10,  "end" : 23 }, 
        {"sofa" : 1,  "begin" : 24,  "end" : 28 }, 
        {"sofa" : 1,  "begin" : 29,  "end" : 33 }, 
        {"sofa" : 1,  "begin" : 34,  "end" : 36 }, 
        {"sofa" : 1,  "begin" : 37,  "end" : 40 }, 
        {"sofa" : 1,  "begin" : 41,  "end" : 45 }, 
        {"sofa" : 1,  "begin" : 46,  "end" : 50 }, 
        {"sofa" : 1,  "begin" : 51,  "end" : 56 }, 
        {"sofa" : 1,  "begin" : 57,  "end" : 60 }, 
        {"sofa" : 1,  "begin" : 61,  "end" : 64 }, 
        {"sofa" : 1,  "begin" : 65,  "end" : 70 }, 
        {"sofa" : 1,  "begin" : 70,  "end" : 71 }, 
        {"sofa" : 1,  "begin" : 72,  "end" : 77 }, 
        {"sofa" : 1,  "begin" : 78,  "end" : 80 }, 
        {"sofa" : 1,  "begin" : 81,  "end" : 85 }, 
        {"sofa" : 1,  "begin" : 86,  "end" : 88 }, 
        {"sofa" : 1,  "begin" : 89,  "end" : 102 }, 
        {"sofa" : 1,  "begin" : 103,  "end" : 111 }, 
        {"sofa" : 1,  "begin" : 111,  "end" : 112 }, 
        {"sofa" : 1,  "begin" : 113,  "end" : 117 }, 
        {"sofa" : 1,  "begin" : 118,  "end" : 120 }, 
        {"sofa" : 1,  "begin" : 121,  "end" : 126 }, 
        {"sofa" : 1,  "begin" : 126,  "end" : 127 }, 
        {"sofa" : 1,  "begin" : 128,  "end" : 130 }, 
        {"sofa" : 1,  "begin" : 131,  "end" : 134 }, 
        {"sofa" : 1,  "begin" : 135,  "end" : 139 }, 
        {"sofa" : 1,  "begin" : 140,  "end" : 141 }, 
        {"sofa" : 1,  "begin" : 142,  "end" : 146 }, 
        {"sofa" : 1,  "begin" : 147,  "end" : 149 }, 
        {"sofa" : 1,  "begin" : 150,  "end" : 153 }, 
        {"sofa" : 1,  "begin" : 153,  "end" : 154 }, 
        {"sofa" : 1,  "begin" : 155,  "end" : 159 }, 
        {"sofa" : 1,  "begin" : 160,  "end" : 164 }, 
        {"sofa" : 1,  "begin" : 165,  "end" : 167 }, 
        {"sofa" : 1,  "begin" : 168,  "end" : 170 }, 
        {"sofa" : 1,  "begin" : 171,  "end" : 172 }, 
        {"sofa" : 1,  "begin" : 173,  "end" : 180 }, 
        {"sofa" : 1,  "begin" : 181,  "end" : 186 }, 
        {"sofa" : 1,  "begin" : 186,  "end" : 187 }, 
        {"sofa" : 1,  "begin" : 188,  "end" : 195 }, 
        {"sofa" : 1,  "begin" : 196,  "end" : 201 }, 
        {"sofa" : 1,  "begin" : 202,  "end" : 207 }, 
        {"sofa" : 1,  "begin" : 208,  "end" : 212 }, 
        {"sofa" : 1,  "begin" : 213,  "end" : 216 }, 
        {"sofa" : 1,  "begin" : 217,  "end" : 223 }, 
        {"sofa" : 1,  "begin" : 224,  "end" : 227 }, 
        {"sofa" : 1,  "begin" : 228,  "end" : 234 }, 
        {"sofa" : 1,  "begin" : 235,  "end" : 237 }, 
        {"sofa" : 1,  "begin" : 238,  "end" : 241 }, 
        {"sofa" : 1,  "begin" : 241,  "end" : 242 }, 
        {"sofa" : 1,  "begin" : 243,  "end" : 247 }, 
        {"sofa" : 1,  "begin" : 248,  "end" : 249 }, 
        {"sofa" : 1,  "begin" : 250,  "end" : 255 }, 
        {"sofa" : 1,  "begin" : 256,  "end" : 260 }, 
        {"sofa" : 1,  "begin" : 261,  "end" : 263 }, 
        {"sofa" : 1,  "begin" : 264,  "end" : 268 }, 
        {"sofa" : 1,  "begin" : 269,  "end" : 275 }, 
        {"sofa" : 1,  "begin" : 276,  "end" : 279 }, 
        {"sofa" : 1,  "begin" : 280,  "end" : 284 }, 
        {"sofa" : 1,  "begin" : 285,  "end" : 290 }, 
        {"sofa" : 1,  "begin" : 290,  "end" : 291 }, 
        {"sofa" : 1,  "begin" : 292,  "end" : 297 }, 
        {"sofa" : 1,  "begin" : 298,  "end" : 303 }, 
        {"sofa" : 1,  "begin" : 304,  "end" : 309 }, 
        {"sofa" : 1,  "begin" : 310,  "end" : 314 }, 
        {"sofa" : 1,  "begin" : 315,  "end" : 322 }, 
        {"sofa" : 1,  "begin" : 323,  "end" : 329 }, 
        {"sofa" : 1,  "begin" : 329,  "end" : 330 }, 
        {"sofa" : 1,  "begin" : 331,  "end" : 339 }, 
        {"sofa" : 1,  "begin" : 340,  "end" : 348 }, 
        {"sofa" : 1,  "begin" : 349,  "end" : 351 }, 
        {"sofa" : 1,  "begin" : 352,  "end" : 357 }, 
        {"sofa" : 1,  "begin" : 358,  "end" : 361 }, 
        {"sofa" : 1,  "begin" : 362,  "end" : 366 }, 
        {"sofa" : 1,  "begin" : 367,  "end" : 376 }, 
        {"sofa" : 1,  "begin" : 377,  "end" : 379 }, 
        {"sofa" : 1,  "begin" : 379,  "end" : 380 }, 
        {"sofa" : 1,  "begin" : 381,  "end" : 382 }, 
        {"sofa" : 1,  "begin" : 383,  "end" : 386 }, 
        {"sofa" : 1,  "begin" : 386,  "end" : 387 }, 
        {"sofa" : 1,  "begin" : 388,  "end" : 395 }, 
        {"sofa" : 1,  "begin" : 395,  "end" : 396 }, 
        {"sofa" : 1,  "begin" : 397,  "end" : 401 }, 
        {"sofa" : 1,  "begin" : 402,  "end" : 407 }, 
        {"sofa" : 1,  "begin" : 408,  "end" : 410 }, 
        {"sofa" : 1,  "begin" : 411,  "end" : 415 }, 
        {"sofa" : 1,  "begin" : 416,  "end" : 418 }, 
        {"sofa" : 1,  "begin" : 419,  "end" : 422 }, 
        {"sofa" : 1,  "begin" : 423,  "end" : 426 }, 
        {"sofa" : 1,  "begin" : 427,  "end" : 429 }, 
        {"sofa" : 1,  "begin" : 430,  "end" : 440 }, 
        {"sofa" : 1,  "begin" : 440,  "end" : 441 }, 
        {"sofa" : 1,  "begin" : 442,  "end" : 445 }, 
        {"sofa" : 1,  "begin" : 446,  "end" : 454 }, 
        {"sofa" : 1,  "begin" : 455,  "end" : 457 }, 
        {"sofa" : 1,  "begin" : 458,  "end" : 459 }, 
        {"sofa" : 1,  "begin" : 460,  "end" : 474 }, 
        {"sofa" : 1,  "begin" : 475,  "end" : 480 }, 
        {"sofa" : 1,  "begin" : 481,  "end" : 483 }, 
        {"sofa" : 1,  "begin" : 484,  "end" : 492 }, 
        {"sofa" : 1,  "begin" : 492,  "end" : 493 }, 
        {"sofa" : 1,  "begin" : 494,  "end" : 500 }, 
        {"sofa" : 1,  "begin" : 501,  "end" : 503 }, 
        {"sofa" : 1,  "begin" : 504,  "end" : 509 }, 
        {"sofa" : 1,  "begin" : 509,  "end" : 510 }, 
        {"sofa" : 1,  "begin" : 511,  "end" : 520 }, 
        {"sofa" : 1,  "begin" : 521,  "end" : 523 }, 
        {"sofa" : 1,  "begin" : 524,  "end" : 527 }, 
        {"sofa" : 1,  "begin" : 528,  "end" : 536 }, 
        {"sofa" : 1,  "begin" : 537,  "end" : 540 }, 
        {"sofa" : 1,  "begin" : 541,  "end" : 549 }, 
        {"sofa" : 1,  "begin" : 550,  "end" : 552 }, 
        {"sofa" : 1,  "begin" : 553,  "end" : 556 }, 
        {"sofa" : 1,  "begin" : 557,  "end" : 563 }, 
        {"sofa" : 1,  "begin" : 564,  "end" : 569 }, 
        {"sofa" : 1,  "begin" : 569,  "end" : 570 }, 
        {"sofa" : 1,  "begin" : 571,  "end" : 576 }, 
        {"sofa" : 1,  "begin" : 577,  "end" : 579 }, 
        {"sofa" : 1,  "begin" : 580,  "end" : 585 }, 
        {"sofa" : 1,  "begin" : 586,  "end" : 596 }, 
        {"sofa" : 1,  "begin" : 597,  "end" : 601 }, 
        {"sofa" : 1,  "begin" : 602,  "end" : 606 }, 
        {"sofa" : 1,  "begin" : 607,  "end" : 610 }, 
        {"sofa" : 1,  "begin" : 611,  "end" : 618 }, 
        {"sofa" : 1,  "begin" : 618,  "end" : 619 }, 
        {"sofa" : 1,  "begin" : 620,  "end" : 628 }, 
        {"sofa" : 1,  "begin" : 629,  "end" : 631 }, 
        {"sofa" : 1,  "begin" : 632,  "end" : 638 }, 
        {"sofa" : 1,  "begin" : 639,  "end" : 652 }, 
        {"sofa" : 1,  "begin" : 653,  "end" : 656 }, 
        {"sofa" : 1,  "begin" : 657,  "end" : 668 }, 
        {"sofa" : 1,  "begin" : 668,  "end" : 669 }, 
        {"sofa" : 1,  "begin" : 670,  "end" : 673 }, 
        {"sofa" : 1,  "begin" : 674,  "end" : 678 }, 
        {"sofa" : 1,  "begin" : 679,  "end" : 682 }, 
        {"sofa" : 1,  "begin" : 683,  "end" : 688 }, 
        {"sofa" : 1,  "begin" : 689,  "end" : 694 }, 
        {"sofa" : 1,  "begin" : 695,  "end" : 697 }, 
        {"sofa" : 1,  "begin" : 697,  "end" : 698 }, 
        {"sofa" : 1,  "begin" : 699,  "end" : 702 }, 
        {"sofa" : 1,  "begin" : 703,  "end" : 708 }, 
        {"sofa" : 1,  "begin" : 709,  "end" : 711 }, 
        {"sofa" : 1,  "begin" : 712,  "end" : 721 }, 
        {"sofa" : 1,  "begin" : 722,  "end" : 728 }, 
        {"sofa" : 1,  "begin" : 728,  "end" : 729 }, 
        {"sofa" : 1,  "begin" : 730,  "end" : 734 }, 
        {"sofa" : 1,  "begin" : 735,  "end" : 740 }, 
        {"sofa" : 1,  "begin" : 741,  "end" : 744 }, 
        {"sofa" : 1,  "begin" : 745,  "end" : 752 }, 
        {"sofa" : 1,  "begin" : 752,  "end" : 753 }, 
        {"sofa" : 1,  "begin" : 754,  "end" : 761 }, 
        {"sofa" : 1,  "begin" : 761,  "end" : 762 }, 
        {"sofa" : 1,  "begin" : 763,  "end" : 766 }, 
        {"sofa" : 1,  "begin" : 767,  "end" : 773 }, 
        {"sofa" : 1,  "begin" : 774,  "end" : 776 }, 
        {"sofa" : 1,  "begin" : 777,  "end" : 783 }, 
        {"sofa" : 1,  "begin" : 783,  "end" : 784 }, 
        {"sofa" : 1,  "begin" : 785,  "end" : 788 }, 
        {"sofa" : 1,  "begin" : 789,  "end" : 795 }, 
        {"sofa" : 1,  "begin" : 796,  "end" : 801 }, 
        {"sofa" : 1,  "begin" : 802,  "end" : 813 }, 
        {"sofa" : 1,  "begin" : 814,  "end" : 816 }, 
        {"sofa" : 1,  "begin" : 817,  "end" : 825 }, 
        {"sofa" : 1,  "begin" : 825,  "end" : 826 }, 
        {"sofa" : 1,  "begin" : 827,  "end" : 830 }, 
        {"sofa" : 1,  "begin" : 831,  "end" : 836 }, 
        {"sofa" : 1,  "begin" : 837,  "end" : 839 }, 
        {"sofa" : 1,  "begin" : 840,  "end" : 845 }, 
        {"sofa" : 1,  "begin" : 846,  "end" : 849 }, 
        {"sofa" : 1,  "begin" : 850,  "end" : 854 }, 
        {"sofa" : 1,  "begin" : 854,  "end" : 855 }, 
        {"sofa" : 1,  "begin" : 856,  "end" : 859 }, 
        {"sofa" : 1,  "begin" : 860,  "end" : 863 }, 
        {"sofa" : 1,  "begin" : 864,  "end" : 873 }, 
        {"sofa" : 1,  "begin" : 874,  "end" : 879 }, 
        {"sofa" : 1,  "begin" : 879,  "end" : 880 }, 
        {"sofa" : 1,  "begin" : 880,  "end" : 881 }, 
        {"sofa" : 1,  "begin" : 881,  "end" : 890 }, 
        {"sofa" : 1,  "begin" : 890,  "end" : 891 }, 
        {"sofa" : 1,  "begin" : 892,  "end" : 897 }, 
        {"sofa" : 1,  "begin" : 898,  "end" : 900 }, 
        {"sofa" : 1,  "begin" : 901,  "end" : 909 }, 
        {"sofa" : 1,  "begin" : 909,  "end" : 910 }, 
        {"sofa" : 1,  "begin" : 911,  "end" : 915 }, 
        {"sofa" : 1,  "begin" : 916,  "end" : 920 }, 
        {"sofa" : 1,  "begin" : 921,  "end" : 922 }, 
        {"sofa" : 1,  "begin" : 923,  "end" : 928 }, 
        {"sofa" : 1,  "begin" : 929,  "end" : 933 }, 
        {"sofa" : 1,  "begin" : 934,  "end" : 939 }, 
        {"sofa" : 1,  "begin" : 939,  "end" : 940 }, 
        {"sofa" : 1,  "begin" : 941,  "end" : 947 }, 
        {"sofa" : 1,  "begin" : 948,  "end" : 950 }, 
        {"sofa" : 1,  "begin" : 951,  "end" : 956 }, 
        {"sofa" : 1,  "begin" : 957,  "end" : 959 }, 
        {"sofa" : 1,  "begin" : 960,  "end" : 965 }, 
        {"sofa" : 1,  "begin" : 966,  "end" : 976 }, 
        {"sofa" : 1,  "begin" : 976,  "end" : 977 }, 
        {"sofa" : 1,  "begin" : 978,  "end" : 981 }, 
        {"sofa" : 1,  "begin" : 982,  "end" : 992 }, 
        {"sofa" : 1,  "begin" : 993,  "end" : 996 }, 
        {"sofa" : 1,  "begin" : 997,  "end" : 1003 }, 
        {"sofa" : 1,  "begin" : 1004,  "end" : 1011 }, 
        {"sofa" : 1,  "begin" : 1012,  "end" : 1017 }, 
        {"sofa" : 1,  "begin" : 1018,  "end" : 1028 }, 
        {"sofa" : 1,  "begin" : 1028,  "end" : 1029 }, 
        {"sofa" : 1,  "begin" : 1030,  "end" : 1032 }, 
        {"sofa" : 1,  "begin" : 1033,  "end" : 1037 }, 
        {"sofa" : 1,  "begin" : 1038,  "end" : 1055 }, 
        {"sofa" : 1,  "begin" : 1055,  "end" : 1056 }, 
        {"sofa" : 1,  "begin" : 1057,  "end" : 1059 }, 
        {"sofa" : 1,  "begin" : 1060,  "end" : 1063 }, 
        {"sofa" : 1,  "begin" : 1064,  "end" : 1071 }, 
        {"sofa" : 1,  "begin" : 1072,  "end" : 1078 }, 
        {"sofa" : 1,  "begin" : 1079,  "end" : 1081 }, 
        {"sofa" : 1,  "begin" : 1082,  "end" : 1085 }, 
        {"sofa" : 1,  "begin" : 1085,  "end" : 1086 }, 
        {"sofa" : 1,  "begin" : 1087,  "end" : 1090 }, 
        {"sofa" : 1,  "begin" : 1091,  "end" : 1095 }, 
        {"sofa" : 1,  "begin" : 1096,  "end" : 1100 }, 
        {"sofa" : 1,  "begin" : 1101,  "end" : 1103 }, 
        {"sofa" : 1,  "begin" : 1104,  "end" : 1107 }, 
        {"sofa" : 1,  "begin" : 1108,  "end" : 1114 }, 
        {"sofa" : 1,  "begin" : 1115,  "end" : 1117 }, 
        {"sofa" : 1,  "begin" : 1118,  "end" : 1120 }, 
        {"sofa" : 1,  "begin" : 1121,  "end" : 1128 }, 
        {"sofa" : 1,  "begin" : 1129,  "end" : 1133 }, 
        {"sofa" : 1,  "begin" : 1134,  "end" : 1135 }, 
        {"sofa" : 1,  "begin" : 1136,  "end" : 1143 }, 
        {"sofa" : 1,  "begin" : 1143,  "end" : 1144 }, 
        {"sofa" : 1,  "begin" : 1145,  "end" : 1147 }, 
        {"sofa" : 1,  "begin" : 1148,  "end" : 1154 }, 
        {"sofa" : 1,  "begin" : 1155,  "end" : 1163 }, 
        {"sofa" : 1,  "begin" : 1163,  "end" : 1164 }, 
        {"sofa" : 1,  "begin" : 1165,  "end" : 1174 }, 
        {"sofa" : 1,  "begin" : 1174,  "end" : 1175 }, 
        {"sofa" : 1,  "begin" : 1176,  "end" : 1181 }, 
        {"sofa" : 1,  "begin" : 1181,  "end" : 1182 }, 
        {"sofa" : 1,  "begin" : 1183,  "end" : 1186 }, 
        {"sofa" : 1,  "begin" : 1187,  "end" : 1190 }, 
        {"sofa" : 1,  "begin" : 1191,  "end" : 1195 }, 
        {"sofa" : 1,  "begin" : 1196,  "end" : 1202 }, 
        {"sofa" : 1,  "begin" : 1202,  "end" : 1203 }, 
        {"sofa" : 1,  "begin" : 1204,  "end" : 1207 }, 
        {"sofa" : 1,  "begin" : 1208,  "end" : 1210 }, 
        {"sofa" : 1,  "begin" : 1211,  "end" : 1213 }, 
        {"sofa" : 1,  "begin" : 1214,  "end" : 1219 }, 
        {"sofa" : 1,  "begin" : 1219,  "end" : 1220 }, 
        {"sofa" : 1,  "begin" : 1221,  "end" : 1225 }, 
        {"sofa" : 1,  "begin" : 1226,  "end" : 1229 }, 
        {"sofa" : 1,  "begin" : 1230,  "end" : 1241 }, 
        {"sofa" : 1,  "begin" : 1242,  "end" : 1244 }, 
        {"sofa" : 1,  "begin" : 1245,  "end" : 1253 }, 
        {"sofa" : 1,  "begin" : 1254,  "end" : 1256 }, 
        {"sofa" : 1,  "begin" : 1257,  "end" : 1261 }, 
        {"sofa" : 1,  "begin" : 1262,  "end" : 1267 }, 
        {"sofa" : 1,  "begin" : 1268,  "end" : 1271 }, 
        {"sofa" : 1,  "begin" : 1272,  "end" : 1275 }, 
        {"sofa" : 1,  "begin" : 1276,  "end" : 1280 }, 
        {"sofa" : 1,  "begin" : 1281,  "end" : 1285 }, 
        {"sofa" : 1,  "begin" : 1285,  "end" : 1286 }, 
        {"sofa" : 1,  "begin" : 1287,  "end" : 1293 }, 
        {"sofa" : 1,  "begin" : 1294,  "end" : 1296 }, 
        {"sofa" : 1,  "begin" : 1297,  "end" : 1299 }, 
        {"sofa" : 1,  "begin" : 1300,  "end" : 1302 }, 
        {"sofa" : 1,  "begin" : 1303,  "end" : 1310 }, 
        {"sofa" : 1,  "begin" : 1311,  "end" : 1313 }, 
        {"sofa" : 1,  "begin" : 1314,  "end" : 1316 }, 
        {"sofa" : 1,  "begin" : 1316,  "end" : 1317 }, 
        {"sofa" : 1,  "begin" : 1318,  "end" : 1321 }, 
        {"sofa" : 1,  "begin" : 1322,  "end" : 1323 }, 
        {"sofa" : 1,  "begin" : 1324,  "end" : 1330 }, 
        {"sofa" : 1,  "begin" : 1331,  "end" : 1347 }, 
        {"sofa" : 1,  "begin" : 1347,  "end" : 1348 }, 
        {"sofa" : 1,  "begin" : 1349,  "end" : 1351 }, 
        {"sofa" : 1,  "begin" : 1352,  "end" : 1364 }, 
        {"sofa" : 1,  "begin" : 1365,  "end" : 1368 }, 
        {"sofa" : 1,  "begin" : 1369,  "end" : 1374 }, 
        {"sofa" : 1,  "begin" : 1374,  "end" : 1375 }, 
        {"sofa" : 1,  "begin" : 1376,  "end" : 1381 }, 
        {"sofa" : 1,  "begin" : 1381,  "end" : 1382 }, 
        {"sofa" : 1,  "begin" : 1384,  "end" : 1388 }, 
        {"sofa" : 1,  "begin" : 1388,  "end" : 1389 }, 
        {"sofa" : 1,  "begin" : 1390,  "end" : 1397 }, 
        {"sofa" : 1,  "begin" : 1398,  "end" : 1402 }, 
        {"sofa" : 1,  "begin" : 1403,  "end" : 1404 }, 
        {"sofa" : 1,  "begin" : 1404,  "end" : 1405 }, 
        {"sofa" : 1,  "begin" : 1406,  "end" : 1410 }, 
        {"sofa" : 1,  "begin" : 1410,  "end" : 1411 }, 
        {"sofa" : 1,  "begin" : 1412,  "end" : 1423 }, 
        {"sofa" : 1,  "begin" : 1423,  "end" : 1424 }, 
        {"sofa" : 1,  "begin" : 1425,  "end" : 1428 }, 
        {"sofa" : 1,  "begin" : 1429,  "end" : 1439 }, 
        {"sofa" : 1,  "begin" : 1440,  "end" : 1446 }, 
        {"sofa" : 1,  "begin" : 1446,  "end" : 1447 }, 
        {"sofa" : 1,  "begin" : 1448,  "end" : 1452 }, 
        {"sofa" : 1,  "begin" : 1453,  "end" : 1454 }, 
        {"sofa" : 1,  "begin" : 1455,  "end" : 1463 }, 
        {"sofa" : 1,  "begin" : 1464,  "end" : 1469 }, 
        {"sofa" : 1,  "begin" : 1469,  "end" : 1470 }, 
        {"sofa" : 1,  "begin" : 1471,  "end" : 1476 }, 
        {"sofa" : 1,  "begin" : 1477,  "end" : 1484 }, 
        {"sofa" : 1,  "begin" : 1485,  "end" : 1494 }, 
        {"sofa" : 1,  "begin" : 1495,  "end" : 1499 }, 
        {"sofa" : 1,  "begin" : 1500,  "end" : 1502 }, 
        {"sofa" : 1,  "begin" : 1503,  "end" : 1509 }, 
        {"sofa" : 1,  "begin" : 1510,  "end" : 1517 }, 
        {"sofa" : 1,  "begin" : 1517,  "end" : 1518 }, 
        {"sofa" : 1,  "begin" : 1518,  "end" : 1519 }, 
        {"sofa" : 1,  "begin" : 1519,  "end" : 1520 }, 
        {"sofa" : 1,  "begin" : 1520,  "end" : 1528 }, 
        {"sofa" : 1,  "begin" : 1529,  "end" : 1537 }, 
        {"sofa" : 1,  "begin" : 1538,  "end" : 1540 }, 
        {"sofa" : 1,  "begin" : 1541,  "end" : 1546 }, 
        {"sofa" : 1,  "begin" : 1547,  "end" : 1550 }, 
        {"sofa" : 1,  "begin" : 1551,  "end" : 1555 }, 
        {"sofa" : 1,  "begin" : 1556,  "end" : 1565 }, 
        {"sofa" : 1,  "begin" : 1566,  "end" : 1568 }, 
        {"sofa" : 1,  "begin" : 1568,  "end" : 1569 }, 
        {"sofa" : 1,  "begin" : 1570,  "end" : 1575 }, 
        {"sofa" : 1,  "begin" : 1576,  "end" : 1580 }, 
        {"sofa" : 1,  "begin" : 1581,  "end" : 1583 }, 
        {"sofa" : 1,  "begin" : 1584,  "end" : 1595 }, 
        {"sofa" : 1,  "begin" : 1596,  "end" : 1601 }, 
        {"sofa" : 1,  "begin" : 1602,  "end" : 1605 }, 
        {"sofa" : 1,  "begin" : 1606,  "end" : 1612 }, 
        {"sofa" : 1,  "begin" : 1613,  "end" : 1616 }, 
        {"sofa" : 1,  "begin" : 1617,  "end" : 1621 }, 
        {"sofa" : 1,  "begin" : 1622,  "end" : 1627 }, 
        {"sofa" : 1,  "begin" : 1627,  "end" : 1628 }, 
        {"sofa" : 1,  "begin" : 1629,  "end" : 1632 }, 
        {"sofa" : 1,  "begin" : 1633,  "end" : 1636 }, 
        {"sofa" : 1,  "begin" : 1637,  "end" : 1639 }, 
        {"sofa" : 1,  "begin" : 1640,  "end" : 1648 }, 
        {"sofa" : 1,  "begin" : 1649,  "end" : 1651 }, 
        {"sofa" : 1,  "begin" : 1652,  "end" : 1658 }, 
        {"sofa" : 1,  "begin" : 1659,  "end" : 1667 }, 
        {"sofa" : 1,  "begin" : 1668,  "end" : 1670 }, 
        {"sofa" : 1,  "begin" : 1670,  "end" : 1671 }, 
        {"sofa" : 1,  "begin" : 1672,  "end" : 1675 }, 
        {"sofa" : 1,  "begin" : 1676,  "end" : 1683 }, 
        {"sofa" : 1,  "begin" : 1684,  "end" : 1691 }, 
        {"sofa" : 1,  "begin" : 1692,  "end" : 1701 }, 
        {"sofa" : 1,  "begin" : 1702,  "end" : 1712 }, 
        {"sofa" : 1,  "begin" : 1712,  "end" : 1713 }, 
        {"sofa" : 1,  "begin" : 1714,  "end" : 1717 }, 
        {"sofa" : 1,  "begin" : 1718,  "end" : 1723 }, 
        {"sofa" : 1,  "begin" : 1724,  "end" : 1728 }, 
        {"sofa" : 1,  "begin" : 1729,  "end" : 1731 }, 
        {"sofa" : 1,  "begin" : 1732,  "end" : 1747 }, 
        {"sofa" : 1,  "begin" : 1748,  "end" : 1752 }, 
        {"sofa" : 1,  "begin" : 1753,  "end" : 1756 }, 
        {"sofa" : 1,  "begin" : 1757,  "end" : 1762 }, 
        {"sofa" : 1,  "begin" : 1763,  "end" : 1766 }, 
        {"sofa" : 1,  "begin" : 1767,  "end" : 1774 }, 
        {"sofa" : 1,  "begin" : 1774,  "end" : 1775 }, 
        {"sofa" : 1,  "begin" : 1776,  "end" : 1779 }, 
        {"sofa" : 1,  "begin" : 1780,  "end" : 1786 }, 
        {"sofa" : 1,  "begin" : 1787,  "end" : 1792 }, 
        {"sofa" : 1,  "begin" : 1793,  "end" : 1799 }, 
        {"sofa" : 1,  "begin" : 1800,  "end" : 1804 }, 
        {"sofa" : 1,  "begin" : 1805,  "end" : 1812 }, 
        {"sofa" : 1,  "begin" : 1812,  "end" : 1813 }, 
        {"sofa" : 1,  "begin" : 1814,  "end" : 1817 }, 
        {"sofa" : 1,  "begin" : 1818,  "end" : 1822 }, 
        {"sofa" : 1,  "begin" : 1823,  "end" : 1825 }, 
        {"sofa" : 1,  "begin" : 1826,  "end" : 1830 }, 
        {"sofa" : 1,  "begin" : 1831,  "end" : 1834 }, 
        {"sofa" : 1,  "begin" : 1835,  "end" : 1841 }, 
        {"sofa" : 1,  "begin" : 1841,  "end" : 1842 }, 
        {"sofa" : 1,  "begin" : 1843,  "end" : 1846 }, 
        {"sofa" : 1,  "begin" : 1847,  "end" : 1852 }, 
        {"sofa" : 1,  "begin" : 1853,  "end" : 1861 }, 
        {"sofa" : 1,  "begin" : 1862,  "end" : 1873 }, 
        {"sofa" : 1,  "begin" : 1873,  "end" : 1874 }, 
        {"sofa" : 1,  "begin" : 1875,  "end" : 1878 }, 
        {"sofa" : 1,  "begin" : 1879,  "end" : 1882 }, 
        {"sofa" : 1,  "begin" : 1883,  "end" : 1892 }, 
        {"sofa" : 1,  "begin" : 1893,  "end" : 1897 }, 
        {"sofa" : 1,  "begin" : 1898,  "end" : 1901 }, 
        {"sofa" : 1,  "begin" : 1902,  "end" : 1909 }, 
        {"sofa" : 1,  "begin" : 1909,  "end" : 1910 }, 
        {"sofa" : 1,  "begin" : 1910,  "end" : 1911 }, 
        {"sofa" : 1,  "begin" : 1911,  "end" : 1920 }, 
        {"sofa" : 1,  "begin" : 1920,  "end" : 1921 }, 
        {"sofa" : 1,  "begin" : 1922,  "end" : 1926 }, 
        {"sofa" : 1,  "begin" : 1927,  "end" : 1933 }, 
        {"sofa" : 1,  "begin" : 1934,  "end" : 1937 }, 
        {"sofa" : 1,  "begin" : 1938,  "end" : 1940 }, 
        {"sofa" : 1,  "begin" : 1941,  "end" : 1945 }, 
        {"sofa" : 1,  "begin" : 1946,  "end" : 1948 }, 
        {"sofa" : 1,  "begin" : 1949,  "end" : 1954 }, 
        {"sofa" : 1,  "begin" : 1955,  "end" : 1960 }, 
        {"sofa" : 1,  "begin" : 1960,  "end" : 1961 }, 
        {"sofa" : 1,  "begin" : 1962,  "end" : 1964 }, 
        {"sofa" : 1,  "begin" : 1965,  "end" : 1970 }, 
        {"sofa" : 1,  "begin" : 1971,  "end" : 1976 }, 
        {"sofa" : 1,  "begin" : 1977,  "end" : 1982 }, 
        {"sofa" : 1,  "begin" : 1983,  "end" : 1985 }, 
        {"sofa" : 1,  "begin" : 1986,  "end" : 1993 }, 
        {"sofa" : 1,  "begin" : 1994,  "end" : 1999 }, 
        {"sofa" : 1,  "begin" : 2000,  "end" : 2003 }, 
        {"sofa" : 1,  "begin" : 2004,  "end" : 2010 }, 
        {"sofa" : 1,  "begin" : 2011,  "end" : 2014 }, 
        {"sofa" : 1,  "begin" : 2015,  "end" : 2019 }, 
        {"sofa" : 1,  "begin" : 2020,  "end" : 2029 }, 
        {"sofa" : 1,  "begin" : 2029,  "end" : 2030 }, 
        {"sofa" : 1,  "begin" : 2031,  "end" : 2035 }, 
        {"sofa" : 1,  "begin" : 2036,  "end" : 2038 }, 
        {"sofa" : 1,  "begin" : 2039,  "end" : 2044 }, 
        {"sofa" : 1,  "begin" : 2045,  "end" : 2050 }, 
        {"sofa" : 1,  "begin" : 2051,  "end" : 2053 }, 
        {"sofa" : 1,  "begin" : 2054,  "end" : 2057 }, 
        {"sofa" : 1,  "begin" : 2057,  "end" : 2058 }, 
        {"sofa" : 1,  "begin" : 2059,  "end" : 2062 }, 
        {"sofa" : 1,  "begin" : 2063,  "end" : 2067 }, 
        {"sofa" : 1,  "begin" : 2068,  "end" : 2083 }, 
        {"sofa" : 1,  "begin" : 2084,  "end" : 2090 }, 
        {"sofa" : 1,  "begin" : 2091,  "end" : 2097 }, 
        {"sofa" : 1,  "begin" : 2098,  "end" : 2100 }, 
        {"sofa" : 1,  "begin" : 2101,  "end" : 2108 }, 
        {"sofa" : 1,  "begin" : 2109,  "end" : 2111 }, 
        {"sofa" : 1,  "begin" : 2112,  "end" : 2115 }, 
        {"sofa" : 1,  "begin" : 2116,  "end" : 2121 }, 
        {"sofa" : 1,  "begin" : 2121,  "end" : 2122 }, 
        {"sofa" : 1,  "begin" : 2123,  "end" : 2127 }, 
        {"sofa" : 1,  "begin" : 2128,  "end" : 2134 }, 
        {"sofa" : 1,  "begin" : 2135,  "end" : 2138 }, 
        {"sofa" : 1,  "begin" : 2139,  "end" : 2146 }, 
        {"sofa" : 1,  "begin" : 2147,  "end" : 2154 }, 
        {"sofa" : 1,  "begin" : 2155,  "end" : 2160 }, 
        {"sofa" : 1,  "begin" : 2161,  "end" : 2168 }, 
        {"sofa" : 1,  "begin" : 2169,  "end" : 2171 }, 
        {"sofa" : 1,  "begin" : 2172,  "end" : 2176 }, 
        {"sofa" : 1,  "begin" : 2177,  "end" : 2187 }, 
        {"sofa" : 1,  "begin" : 2188,  "end" : 2190 }, 
        {"sofa" : 1,  "begin" : 2191,  "end" : 2195 }, 
        {"sofa" : 1,  "begin" : 2196,  "end" : 2201 }, 
        {"sofa" : 1,  "begin" : 2202,  "end" : 2204 }, 
        {"sofa" : 1,  "begin" : 2205,  "end" : 2208 }, 
        {"sofa" : 1,  "begin" : 2209,  "end" : 2213 }, 
        {"sofa" : 1,  "begin" : 2213,  "end" : 2214 }, 
        {"sofa" : 1,  "begin" : 2215,  "end" : 2219 }, 
        {"sofa" : 1,  "begin" : 2220,  "end" : 2223 }, 
        {"sofa" : 1,  "begin" : 2224,  "end" : 2227 }, 
        {"sofa" : 1,  "begin" : 2228,  "end" : 2230 }, 
        {"sofa" : 1,  "begin" : 2231,  "end" : 2234 }, 
        {"sofa" : 1,  "begin" : 2235,  "end" : 2239 }, 
        {"sofa" : 1,  "begin" : 2240,  "end" : 2249 }, 
        {"sofa" : 1,  "begin" : 2249,  "end" : 2250 }, 
        {"sofa" : 1,  "begin" : 2251,  "end" : 2258 }, 
        {"sofa" : 1,  "begin" : 2259,  "end" : 2262 }, 
        {"sofa" : 1,  "begin" : 2263,  "end" : 2270 }, 
        {"sofa" : 1,  "begin" : 2271,  "end" : 2276 }, 
        {"sofa" : 1,  "begin" : 2277,  "end" : 2278 }, 
        {"sofa" : 1,  "begin" : 2279,  "end" : 2283 }, 
        {"sofa" : 1,  "begin" : 2283,  "end" : 2284 }, 
        {"sofa" : 1,  "begin" : 2285,  "end" : 2288 }, 
        {"sofa" : 1,  "begin" : 2289,  "end" : 2296 }, 
        {"sofa" : 1,  "begin" : 2297,  "end" : 2299 }, 
        {"sofa" : 1,  "begin" : 2300,  "end" : 2303 }, 
        {"sofa" : 1,  "begin" : 2303,  "end" : 2304 }, 
        {"sofa" : 1,  "begin" : 2305,  "end" : 2307 }, 
        {"sofa" : 1,  "begin" : 2308,  "end" : 2311 }, 
        {"sofa" : 1,  "begin" : 2312,  "end" : 2316 }, 
        {"sofa" : 1,  "begin" : 2317,  "end" : 2320 }, 
        {"sofa" : 1,  "begin" : 2321,  "end" : 2323 }, 
        {"sofa" : 1,  "begin" : 2324,  "end" : 2329 }, 
        {"sofa" : 1,  "begin" : 2330,  "end" : 2334 }, 
        {"sofa" : 1,  "begin" : 2334,  "end" : 2335 }, 
        {"sofa" : 1,  "begin" : 2336,  "end" : 2350 }, 
        {"sofa" : 1,  "begin" : 2351,  "end" : 2354 }, 
        {"sofa" : 1,  "begin" : 2355,  "end" : 2359 }, 
        {"sofa" : 1,  "begin" : 2360,  "end" : 2362 }, 
        {"sofa" : 1,  "begin" : 2363,  "end" : 2365 }, 
        {"sofa" : 1,  "begin" : 2366,  "end" : 2373 }, 
        {"sofa" : 1,  "begin" : 2374,  "end" : 2376 }, 
        {"sofa" : 1,  "begin" : 2377,  "end" : 2380 }, 
        {"sofa" : 1,  "begin" : 2381,  "end" : 2385 }, 
        {"sofa" : 1,  "begin" : 2385,  "end" : 2386 }, 
        {"sofa" : 1,  "begin" : 2387,  "end" : 2390 }, 
        {"sofa" : 1,  "begin" : 2391,  "end" : 2394 }, 
        {"sofa" : 1,  "begin" : 2395,  "end" : 2400 }, 
        {"sofa" : 1,  "begin" : 2401,  "end" : 2405 }, 
        {"sofa" : 1,  "begin" : 2406,  "end" : 2412 }, 
        {"sofa" : 1,  "begin" : 2413,  "end" : 2417 }, 
        {"sofa" : 1,  "begin" : 2418,  "end" : 2419 }, 
        {"sofa" : 1,  "begin" : 2420,  "end" : 2427 }, 
        {"sofa" : 1,  "begin" : 2428,  "end" : 2436 }, 
        {"sofa" : 1,  "begin" : 2436,  "end" : 2437 }, 
        {"sofa" : 1,  "begin" : 2439,  "end" : 2443 }, 
        {"sofa" : 1,  "begin" : 2443,  "end" : 2444 }, 
        {"sofa" : 1,  "begin" : 2445,  "end" : 2452 }, 
        {"sofa" : 1,  "begin" : 2452,  "end" : 2453 }, 
        {"sofa" : 1,  "begin" : 2454,  "end" : 2460 }, 
        {"sofa" : 1,  "begin" : 2460,  "end" : 2461 }, 
        {"sofa" : 1,  "begin" : 2462,  "end" : 2466 }, 
        {"sofa" : 1,  "begin" : 2466,  "end" : 2467 }, 
        {"sofa" : 1,  "begin" : 2468,  "end" : 2471 }, 
        {"sofa" : 1,  "begin" : 2472,  "end" : 2479 }, 
        {"sofa" : 1,  "begin" : 2479,  "end" : 2480 }, 
        {"sofa" : 1,  "begin" : 2481,  "end" : 2483 }, 
        {"sofa" : 1,  "begin" : 2484,  "end" : 2490 }, 
        {"sofa" : 1,  "begin" : 2491,  "end" : 2505 }, 
        {"sofa" : 1,  "begin" : 2505,  "end" : 2506 }, 
        {"sofa" : 1,  "begin" : 2507,  "end" : 2511 }, 
        {"sofa" : 1,  "begin" : 2512,  "end" : 2517 }, 
        {"sofa" : 1,  "begin" : 2518,  "end" : 2527 }, 
        {"sofa" : 1,  "begin" : 2528,  "end" : 2549 }, 
        {"sofa" : 1,  "begin" : 2549,  "end" : 2550 }, 
        {"sofa" : 1,  "begin" : 2551,  "end" : 2555 }, 
        {"sofa" : 1,  "begin" : 2556,  "end" : 2560 }, 
        {"sofa" : 1,  "begin" : 2560,  "end" : 2561 }, 
        {"sofa" : 1,  "begin" : 2562,  "end" : 2568 }, 
        {"sofa" : 1,  "begin" : 2569,  "end" : 2577 }, 
        {"sofa" : 1,  "begin" : 2577,  "end" : 2578 }, 
        {"sofa" : 1,  "begin" : 2579,  "end" : 2584 }, 
        {"sofa" : 1,  "begin" : 2584,  "end" : 2585 }, 
        {"sofa" : 1,  "begin" : 2586,  "end" : 2589 }, 
        {"sofa" : 1,  "begin" : 2590,  "end" : 2598 }, 
        {"sofa" : 1,  "begin" : 2598,  "end" : 2599 }, 
        {"sofa" : 1,  "begin" : 2600,  "end" : 2609 }, 
        {"sofa" : 1,  "begin" : 2609,  "end" : 2610 }, 
        {"sofa" : 1,  "begin" : 2611,  "end" : 2614 }, 
        {"sofa" : 1,  "begin" : 2615,  "end" : 2627 }, 
        {"sofa" : 1,  "begin" : 2627,  "end" : 2628 }, 
        {"sofa" : 1,  "begin" : 2628,  "end" : 2629 }, 
        {"sofa" : 1,  "begin" : 2629,  "end" : 2636 }, 
        {"sofa" : 1,  "begin" : 2637,  "end" : 2640 }, 
        {"sofa" : 1,  "begin" : 2641,  "end" : 2647 }, 
        {"sofa" : 1,  "begin" : 2648,  "end" : 2653 }, 
        {"sofa" : 1,  "begin" : 2654,  "end" : 2656 }, 
        {"sofa" : 1,  "begin" : 2657,  "end" : 2662 }, 
        {"sofa" : 1,  "begin" : 2663,  "end" : 2667 }, 
        {"sofa" : 1,  "begin" : 2668,  "end" : 2671 }, 
        {"sofa" : 1,  "begin" : 2672,  "end" : 2676 }, 
        {"sofa" : 1,  "begin" : 2677,  "end" : 2679 }, 
        {"sofa" : 1,  "begin" : 2680,  "end" : 2690 }, 
        {"sofa" : 1,  "begin" : 2691,  "end" : 2695 }, 
        {"sofa" : 1,  "begin" : 2695,  "end" : 2696 }, 
        {"sofa" : 1,  "begin" : 2697,  "end" : 2701 }, 
        {"sofa" : 1,  "begin" : 2702,  "end" : 2705 }, 
        {"sofa" : 1,  "begin" : 2705,  "end" : 2706 }, 
        {"sofa" : 1,  "begin" : 2707,  "end" : 2714 }, 
        {"sofa" : 1,  "begin" : 2714,  "end" : 2715 }, 
        {"sofa" : 1,  "begin" : 2716,  "end" : 2718 }, 
        {"sofa" : 1,  "begin" : 2719,  "end" : 2728 }, 
        {"sofa" : 1,  "begin" : 2729,  "end" : 2731 }, 
        {"sofa" : 1,  "begin" : 2732,  "end" : 2739 }, 
        {"sofa" : 1,  "begin" : 2739,  "end" : 2740 }, 
        {"sofa" : 1,  "begin" : 2740,  "end" : 2741 }, 
        {"sofa" : 1,  "begin" : 2741,  "end" : 2749 }, 
        {"sofa" : 1,  "begin" : 2750,  "end" : 2758 }, 
        {"sofa" : 1,  "begin" : 2759,  "end" : 2761 }, 
        {"sofa" : 1,  "begin" : 2762,  "end" : 2767 }, 
        {"sofa" : 1,  "begin" : 2768,  "end" : 2771 }, 
        {"sofa" : 1,  "begin" : 2772,  "end" : 2776 }, 
        {"sofa" : 1,  "begin" : 2777,  "end" : 2786 }, 
        {"sofa" : 1,  "begin" : 2787,  "end" : 2791 }, 
        {"sofa" : 1,  "begin" : 2791,  "end" : 2792 }, 
        {"sofa" : 1,  "begin" : 2793,  "end" : 2798 }, 
        {"sofa" : 1,  "begin" : 2799,  "end" : 2801 }, 
        {"sofa" : 1,  "begin" : 2802,  "end" : 2804 }, 
        {"sofa" : 1,  "begin" : 2805,  "end" : 2810 }, 
        {"sofa" : 1,  "begin" : 2811,  "end" : 2812 }, 
        {"sofa" : 1,  "begin" : 2813,  "end" : 2820 }, 
        {"sofa" : 1,  "begin" : 2820,  "end" : 2821 }, 
        {"sofa" : 1,  "begin" : 2822,  "end" : 2827 }, 
        {"sofa" : 1,  "begin" : 2828,  "end" : 2833 }, 
        {"sofa" : 1,  "begin" : 2834,  "end" : 2836 }, 
        {"sofa" : 1,  "begin" : 2836,  "end" : 2837 }, 
        {"sofa" : 1,  "begin" : 2838,  "end" : 2841 }, 
        {"sofa" : 1,  "begin" : 2842,  "end" : 2843 }, 
        {"sofa" : 1,  "begin" : 2844,  "end" : 2853 }, 
        {"sofa" : 1,  "begin" : 2854,  "end" : 2856 }, 
        {"sofa" : 1,  "begin" : 2857,  "end" : 2866 }, 
        {"sofa" : 1,  "begin" : 2867,  "end" : 2872 }, 
        {"sofa" : 1,  "begin" : 2872,  "end" : 2873 }, 
        {"sofa" : 1,  "begin" : 2874,  "end" : 2877 }, 
        {"sofa" : 1,  "begin" : 2878,  "end" : 2884 }, 
        {"sofa" : 1,  "begin" : 2884,  "end" : 2885 }, 
        {"sofa" : 1,  "begin" : 2886,  "end" : 2890 }, 
        {"sofa" : 1,  "begin" : 2891,  "end" : 2895 }, 
        {"sofa" : 1,  "begin" : 2896,  "end" : 2898 }, 
        {"sofa" : 1,  "begin" : 2899,  "end" : 2909 }, 
        {"sofa" : 1,  "begin" : 2909,  "end" : 2910 }, 
        {"sofa" : 1,  "begin" : 2911,  "end" : 2914 }, 
        {"sofa" : 1,  "begin" : 2915,  "end" : 2919 }, 
        {"sofa" : 1,  "begin" : 2920,  "end" : 2927 }, 
        {"sofa" : 1,  "begin" : 2928,  "end" : 2930 }, 
        {"sofa" : 1,  "begin" : 2931,  "end" : 2940 }, 
        {"sofa" : 1,  "begin" : 2940,  "end" : 2941 }, 
        {"sofa" : 1,  "begin" : 2942,  "end" : 2950 }, 
        {"sofa" : 1,  "begin" : 2951,  "end" : 2957 }, 
        {"sofa" : 1,  "begin" : 2958,  "end" : 2966 }, 
        {"sofa" : 1,  "begin" : 2967,  "end" : 2969 }, 
        {"sofa" : 1,  "begin" : 2970,  "end" : 2976 }, 
        {"sofa" : 1,  "begin" : 2977,  "end" : 2985 }, 
        {"sofa" : 1,  "begin" : 2985,  "end" : 2986 }, 
        {"sofa" : 1,  "begin" : 2987,  "end" : 2991 }, 
        {"sofa" : 1,  "begin" : 2992,  "end" : 2996 }, 
        {"sofa" : 1,  "begin" : 2997,  "end" : 2999 }, 
        {"sofa" : 1,  "begin" : 2999,  "end" : 3000 }, 
        {"sofa" : 1,  "begin" : 3001,  "end" : 3004 }, 
        {"sofa" : 1,  "begin" : 3005,  "end" : 3012 }, 
        {"sofa" : 1,  "begin" : 3013,  "end" : 3020 }, 
        {"sofa" : 1,  "begin" : 3021,  "end" : 3026 }, 
        {"sofa" : 1,  "begin" : 3027,  "end" : 3037 }, 
        {"sofa" : 1,  "begin" : 3038,  "end" : 3043 }, 
        {"sofa" : 1,  "begin" : 3044,  "end" : 3046 }, 
        {"sofa" : 1,  "begin" : 3047,  "end" : 3048 }, 
        {"sofa" : 1,  "begin" : 3049,  "end" : 3053 }, 
        {"sofa" : 1,  "begin" : 3054,  "end" : 3059 }, 
        {"sofa" : 1,  "begin" : 3060,  "end" : 3066 }, 
        {"sofa" : 1,  "begin" : 3066,  "end" : 3067 }, 
        {"sofa" : 1,  "begin" : 3068,  "end" : 3072 }, 
        {"sofa" : 1,  "begin" : 3073,  "end" : 3079 }, 
        {"sofa" : 1,  "begin" : 3080,  "end" : 3086 }, 
        {"sofa" : 1,  "begin" : 3087,  "end" : 3089 }, 
        {"sofa" : 1,  "begin" : 3090,  "end" : 3095 }, 
        {"sofa" : 1,  "begin" : 3096,  "end" : 3100 }, 
        {"sofa" : 1,  "begin" : 3101,  "end" : 3104 }, 
        {"sofa" : 1,  "begin" : 3105,  "end" : 3110 }, 
        {"sofa" : 1,  "begin" : 3110,  "end" : 3111 }, 
        {"sofa" : 1,  "begin" : 3112,  "end" : 3115 }, 
        {"sofa" : 1,  "begin" : 3116,  "end" : 3122 }, 
        {"sofa" : 1,  "begin" : 3123,  "end" : 3131 }, 
        {"sofa" : 1,  "begin" : 3132,  "end" : 3141 }, 
        {"sofa" : 1,  "begin" : 3142,  "end" : 3146 }, 
        {"sofa" : 1,  "begin" : 3147,  "end" : 3154 }, 
        {"sofa" : 1,  "begin" : 3155,  "end" : 3160 }, 
        {"sofa" : 1,  "begin" : 3160,  "end" : 3161 }, 
        {"sofa" : 1,  "begin" : 3162,  "end" : 3167 }, 
        {"sofa" : 1,  "begin" : 3168,  "end" : 3170 }, 
        {"sofa" : 1,  "begin" : 3171,  "end" : 3174 }, 
        {"sofa" : 1,  "begin" : 3175,  "end" : 3180 }, 
        {"sofa" : 1,  "begin" : 3181,  "end" : 3191 }, 
        {"sofa" : 1,  "begin" : 3192,  "end" : 3196 }, 
        {"sofa" : 1,  "begin" : 3197,  "end" : 3200 }, 
        {"sofa" : 1,  "begin" : 3201,  "end" : 3206 }, 
        {"sofa" : 1,  "begin" : 3207,  "end" : 3209 }, 
        {"sofa" : 1,  "begin" : 3210,  "end" : 3213 }, 
        {"sofa" : 1,  "begin" : 3214,  "end" : 3219 }, 
        {"sofa" : 1,  "begin" : 3219,  "end" : 3220 }, 
        {"sofa" : 1,  "begin" : 3221,  "end" : 3226 }, 
        {"sofa" : 1,  "begin" : 3227,  "end" : 3228 }, 
        {"sofa" : 1,  "begin" : 3229,  "end" : 3235 }, 
        {"sofa" : 1,  "begin" : 3236,  "end" : 3241 }, 
        {"sofa" : 1,  "begin" : 3241,  "end" : 3242 }, 
        {"sofa" : 1,  "begin" : 3243,  "end" : 3248 }, 
        {"sofa" : 1,  "begin" : 3249,  "end" : 3257 }, 
        {"sofa" : 1,  "begin" : 3257,  "end" : 3258 }, 
        {"sofa" : 1,  "begin" : 3259,  "end" : 3263 }, 
        {"sofa" : 1,  "begin" : 3264,  "end" : 3268 }, 
        {"sofa" : 1,  "begin" : 3268,  "end" : 3269 }, 
        {"sofa" : 1,  "begin" : 3270,  "end" : 3276 }, 
        {"sofa" : 1,  "begin" : 3277,  "end" : 3283 }, 
        {"sofa" : 1,  "begin" : 3283,  "end" : 3284 }, 
        {"sofa" : 1,  "begin" : 3285,  "end" : 3286 }, 
        {"sofa" : 1,  "begin" : 3287,  "end" : 3292 }, 
        {"sofa" : 1,  "begin" : 3293,  "end" : 3297 }, 
        {"sofa" : 1,  "begin" : 3298,  "end" : 3303 }, 
        {"sofa" : 1,  "begin" : 3303,  "end" : 3304 }, 
        {"sofa" : 1,  "begin" : 3305,  "end" : 3308 }, 
        {"sofa" : 1,  "begin" : 3309,  "end" : 3316 }, 
        {"sofa" : 1,  "begin" : 3317,  "end" : 3319 }, 
        {"sofa" : 1,  "begin" : 3320,  "end" : 3326 }, 
        {"sofa" : 1,  "begin" : 3327,  "end" : 3334 }, 
        {"sofa" : 1,  "begin" : 3334,  "end" : 3335 }, 
        {"sofa" : 1,  "begin" : 3336,  "end" : 3341 }, 
        {"sofa" : 1,  "begin" : 3342,  "end" : 3347 }, 
        {"sofa" : 1,  "begin" : 3347,  "end" : 3348 }, 
        {"sofa" : 1,  "begin" : 3349,  "end" : 3352 }, 
        {"sofa" : 1,  "begin" : 3353,  "end" : 3358 }, 
        {"sofa" : 1,  "begin" : 3358,  "end" : 3359 }, 
        {"sofa" : 1,  "begin" : 3360,  "end" : 3363 }, 
        {"sofa" : 1,  "begin" : 3363,  "end" : 3364 }, 
        {"sofa" : 1,  "begin" : 3365,  "end" : 3371 }, 
        {"sofa" : 1,  "begin" : 3372,  "end" : 3379 }, 
        {"sofa" : 1,  "begin" : 3380,  "end" : 3388 }, 
        {"sofa" : 1,  "begin" : 3388,  "end" : 3389 }, 
        {"sofa" : 1,  "begin" : 3389,  "end" : 3390 }, 
        {"sofa" : 1,  "begin" : 3390,  "end" : 3399 }, 
        {"sofa" : 1,  "begin" : 3399,  "end" : 3400 }, 
        {"sofa" : 1,  "begin" : 3401,  "end" : 3405 }, 
        {"sofa" : 1,  "begin" : 3406,  "end" : 3409 }, 
        {"sofa" : 1,  "begin" : 3410,  "end" : 3424 }, 
        {"sofa" : 1,  "begin" : 3425,  "end" : 3427 }, 
        {"sofa" : 1,  "begin" : 3428,  "end" : 3435 }, 
        {"sofa" : 1,  "begin" : 3436,  "end" : 3438 }, 
        {"sofa" : 1,  "begin" : 3439,  "end" : 3450 }, 
        {"sofa" : 1,  "begin" : 3451,  "end" : 3453 }, 
        {"sofa" : 1,  "begin" : 3454,  "end" : 3455 }, 
        {"sofa" : 1,  "begin" : 3456,  "end" : 3464 }, 
        {"sofa" : 1,  "begin" : 3465,  "end" : 3467 }, 
        {"sofa" : 1,  "begin" : 3468,  "end" : 3473 }, 
        {"sofa" : 1,  "begin" : 3474,  "end" : 3479 }, 
        {"sofa" : 1,  "begin" : 3480,  "end" : 3483 }, 
        {"sofa" : 1,  "begin" : 3484,  "end" : 3491 }, 
        {"sofa" : 1,  "begin" : 3492,  "end" : 3497 }, 
        {"sofa" : 1,  "begin" : 3498,  "end" : 3501 }, 
        {"sofa" : 1,  "begin" : 3502,  "end" : 3509 }, 
        {"sofa" : 1,  "begin" : 3510,  "end" : 3519 }, 
        {"sofa" : 1,  "begin" : 3520,  "end" : 3522 }, 
        {"sofa" : 1,  "begin" : 3523,  "end" : 3531 }, 
        {"sofa" : 1,  "begin" : 3531,  "end" : 3532 }, 
        {"sofa" : 1,  "begin" : 3533,  "end" : 3536 }, 
        {"sofa" : 1,  "begin" : 3537,  "end" : 3541 }, 
        {"sofa" : 1,  "begin" : 3542,  "end" : 3544 }, 
        {"sofa" : 1,  "begin" : 3545,  "end" : 3548 }, 
        {"sofa" : 1,  "begin" : 3549,  "end" : 3551 }, 
        {"sofa" : 1,  "begin" : 3552,  "end" : 3556 }, 
        {"sofa" : 1,  "begin" : 3557,  "end" : 3560 }, 
        {"sofa" : 1,  "begin" : 3561,  "end" : 3565 }, 
        {"sofa" : 1,  "begin" : 3566,  "end" : 3568 }, 
        {"sofa" : 1,  "begin" : 3569,  "end" : 3574 }, 
        {"sofa" : 1,  "begin" : 3574,  "end" : 3575 }, 
        {"sofa" : 1,  "begin" : 3576,  "end" : 3579 }, 
        {"sofa" : 1,  "begin" : 3580,  "end" : 3584 }, 
        {"sofa" : 1,  "begin" : 3585,  "end" : 3589 }, 
        {"sofa" : 1,  "begin" : 3590,  "end" : 3594 }, 
        {"sofa" : 1,  "begin" : 3595,  "end" : 3599 }, 
        {"sofa" : 1,  "begin" : 3600,  "end" : 3605 }, 
        {"sofa" : 1,  "begin" : 3606,  "end" : 3610 }, 
        {"sofa" : 1,  "begin" : 3611,  "end" : 3614 }, 
        {"sofa" : 1,  "begin" : 3615,  "end" : 3621 }, 
        {"sofa" : 1,  "begin" : 3622,  "end" : 3624 }, 
        {"sofa" : 1,  "begin" : 3625,  "end" : 3628 }, 
        {"sofa" : 1,  "begin" : 3629,  "end" : 3636 }, 
        {"sofa" : 1,  "begin" : 3636,  "end" : 3637 }, 
        {"sofa" : 1,  "begin" : 3638,  "end" : 3650 }, 
        {"sofa" : 1,  "begin" : 3650,  "end" : 3651 }, 
        {"sofa" : 1,  "begin" : 3652,  "end" : 3657 }, 
        {"sofa" : 1,  "begin" : 3657,  "end" : 3658 }, 
        {"sofa" : 1,  "begin" : 3659,  "end" : 3668 }, 
        {"sofa" : 1,  "begin" : 3668,  "end" : 3669 }, 
        {"sofa" : 1,  "begin" : 3670,  "end" : 3681 }, 
        {"sofa" : 1,  "begin" : 3681,  "end" : 3682 }, 
        {"sofa" : 1,  "begin" : 3683,  "end" : 3684 }, 
        {"sofa" : 1,  "begin" : 3684,  "end" : 3685 }, 
        {"sofa" : 1,  "begin" : 3685,  "end" : 3686 }, 
        {"sofa" : 1,  "begin" : 3686,  "end" : 3687 }, 
        {"sofa" : 1,  "begin" : 3688,  "end" : 3691 }, 
        {"sofa" : 1,  "begin" : 3692,  "end" : 3696 }, 
        {"sofa" : 1,  "begin" : 3697,  "end" : 3701 }, 
        {"sofa" : 1,  "begin" : 3702,  "end" : 3708 }, 
        {"sofa" : 1,  "begin" : 3708,  "end" : 3709 }, 
        {"sofa" : 1,  "begin" : 3710,  "end" : 3713 }, 
        {"sofa" : 1,  "begin" : 3714,  "end" : 3720 }, 
        {"sofa" : 1,  "begin" : 3721,  "end" : 3723 }, 
        {"sofa" : 1,  "begin" : 3724,  "end" : 3729 }, 
        {"sofa" : 1,  "begin" : 3730,  "end" : 3740 }, 
        {"sofa" : 1,  "begin" : 3740,  "end" : 3741 }, 
        {"sofa" : 1,  "begin" : 3742,  "end" : 3745 }, 
        {"sofa" : 1,  "begin" : 3746,  "end" : 3748 }, 
        {"sofa" : 1,  "begin" : 3749,  "end" : 3754 }, 
        {"sofa" : 1,  "begin" : 3755,  "end" : 3765 }, 
        {"sofa" : 1,  "begin" : 3765,  "end" : 3766 }, 
        {"sofa" : 1,  "begin" : 3767,  "end" : 3769 }, 
        {"sofa" : 1,  "begin" : 3770,  "end" : 3782 }, 
        {"sofa" : 1,  "begin" : 3783,  "end" : 3789 }, 
        {"sofa" : 1,  "begin" : 3790,  "end" : 3794 }, 
        {"sofa" : 1,  "begin" : 3795,  "end" : 3800 }, 
        {"sofa" : 1,  "begin" : 3800,  "end" : 3801 }, 
        {"sofa" : 1,  "begin" : 3802,  "end" : 3804 }, 
        {"sofa" : 1,  "begin" : 3805,  "end" : 3807 }, 
        {"sofa" : 1,  "begin" : 3808,  "end" : 3810 }, 
        {"sofa" : 1,  "begin" : 3811,  "end" : 3813 }, 
        {"sofa" : 1,  "begin" : 3814,  "end" : 3821 }, 
        {"sofa" : 1,  "begin" : 3822,  "end" : 3824 }, 
        {"sofa" : 1,  "begin" : 3825,  "end" : 3833 }, 
        {"sofa" : 1,  "begin" : 3834,  "end" : 3841 }, 
        {"sofa" : 1,  "begin" : 3842,  "end" : 3845 }, 
        {"sofa" : 1,  "begin" : 3846,  "end" : 3850 }, 
        {"sofa" : 1,  "begin" : 3851,  "end" : 3856 }, 
        {"sofa" : 1,  "begin" : 3857,  "end" : 3869 }, 
        {"sofa" : 1,  "begin" : 3870,  "end" : 3872 }, 
        {"sofa" : 1,  "begin" : 3873,  "end" : 3876 }, 
        {"sofa" : 1,  "begin" : 3877,  "end" : 3881 }, 
        {"sofa" : 1,  "begin" : 3882,  "end" : 3887 }, 
        {"sofa" : 1,  "begin" : 3888,  "end" : 3891 }, 
        {"sofa" : 1,  "begin" : 3892,  "end" : 3896 }, 
        {"sofa" : 1,  "begin" : 3897,  "end" : 3899 }, 
        {"sofa" : 1,  "begin" : 3900,  "end" : 3904 }, 
        {"sofa" : 1,  "begin" : 3905,  "end" : 3909 }, 
        {"sofa" : 1,  "begin" : 3909,  "end" : 3910 }, 
        {"sofa" : 1,  "begin" : 3911,  "end" : 3914 }, 
        {"sofa" : 1,  "begin" : 3915,  "end" : 3921 }, 
        {"sofa" : 1,  "begin" : 3922,  "end" : 3925 }, 
        {"sofa" : 1,  "begin" : 3926,  "end" : 3940 }, 
        {"sofa" : 1,  "begin" : 3941,  "end" : 3943 }, 
        {"sofa" : 1,  "begin" : 3944,  "end" : 3947 }, 
        {"sofa" : 1,  "begin" : 3948,  "end" : 3953 }, 
        {"sofa" : 1,  "begin" : 3954,  "end" : 3961 }, 
        {"sofa" : 1,  "begin" : 3962,  "end" : 3967 }, 
        {"sofa" : 1,  "begin" : 3968,  "end" : 3972 }, 
        {"sofa" : 1,  "begin" : 3973,  "end" : 3978 }, 
        {"sofa" : 1,  "begin" : 3978,  "end" : 3979 }, 
        {"sofa" : 1,  "begin" : 3980,  "end" : 3983 }, 
        {"sofa" : 1,  "begin" : 3984,  "end" : 3988 }, 
        {"sofa" : 1,  "begin" : 3989,  "end" : 3991 }, 
        {"sofa" : 1,  "begin" : 3992,  "end" : 3995 }, 
        {"sofa" : 1,  "begin" : 3996,  "end" : 4001 }, 
        {"sofa" : 1,  "begin" : 4002,  "end" : 4007 }, 
        {"sofa" : 1,  "begin" : 4008,  "end" : 4014 }, 
        {"sofa" : 1,  "begin" : 4015,  "end" : 4019 }, 
        {"sofa" : 1,  "begin" : 4020,  "end" : 4027 }, 
        {"sofa" : 1,  "begin" : 4028,  "end" : 4030 }, 
        {"sofa" : 1,  "begin" : 4031,  "end" : 4040 }, 
        {"sofa" : 1,  "begin" : 4041,  "end" : 4043 }, 
        {"sofa" : 1,  "begin" : 4044,  "end" : 4049 }, 
        {"sofa" : 1,  "begin" : 4050,  "end" : 4053 }, 
        {"sofa" : 1,  "begin" : 4054,  "end" : 4057 }, 
        {"sofa" : 1,  "begin" : 4058,  "end" : 4063 }, 
        {"sofa" : 1,  "begin" : 4064,  "end" : 4067 }, 
        {"sofa" : 1,  "begin" : 4068,  "end" : 4072 }, 
        {"sofa" : 1,  "begin" : 4072,  "end" : 4073 }, 
        {"sofa" : 1,  "begin" : 4074,  "end" : 4077 }, 
        {"sofa" : 1,  "begin" : 4078,  "end" : 4082 }, 
        {"sofa" : 1,  "begin" : 4083,  "end" : 4085 }, 
        {"sofa" : 1,  "begin" : 4086,  "end" : 4090 }, 
        {"sofa" : 1,  "begin" : 4091,  "end" : 4096 }, 
        {"sofa" : 1,  "begin" : 4097,  "end" : 4099 }, 
        {"sofa" : 1,  "begin" : 4100,  "end" : 4108 }, 
        {"sofa" : 1,  "begin" : 4109,  "end" : 4112 }, 
        {"sofa" : 1,  "begin" : 4113,  "end" : 4117 }, 
        {"sofa" : 1,  "begin" : 4118,  "end" : 4122 }, 
        {"sofa" : 1,  "begin" : 4123,  "end" : 4128 }, 
        {"sofa" : 1,  "begin" : 4128,  "end" : 4129 }, 
        {"sofa" : 1,  "begin" : 4131,  "end" : 4135 }, 
        {"sofa" : 1,  "begin" : 4135,  "end" : 4136 }, 
        {"sofa" : 1,  "begin" : 4137,  "end" : 4141 }, 
        {"sofa" : 1,  "begin" : 4142,  "end" : 4146 }, 
        {"sofa" : 1,  "begin" : 4147,  "end" : 4153 }, 
        {"sofa" : 1,  "begin" : 4154,  "end" : 4159 }, 
        {"sofa" : 1,  "begin" : 4160,  "end" : 4162 }, 
        {"sofa" : 1,  "begin" : 4163,  "end" : 4177 }, 
        {"sofa" : 1,  "begin" : 4178,  "end" : 4182 }, 
        {"sofa" : 1,  "begin" : 4183,  "end" : 4185 }, 
        {"sofa" : 1,  "begin" : 4186,  "end" : 4189 }, 
        {"sofa" : 1,  "begin" : 4190,  "end" : 4193 }, 
        {"sofa" : 1,  "begin" : 4194,  "end" : 4198 }, 
        {"sofa" : 1,  "begin" : 4199,  "end" : 4206 }, 
        {"sofa" : 1,  "begin" : 4206,  "end" : 4207 }, 
        {"sofa" : 1,  "begin" : 4208,  "end" : 4213 }, 
        {"sofa" : 1,  "begin" : 4214,  "end" : 4216 }, 
        {"sofa" : 1,  "begin" : 4217,  "end" : 4222 }, 
        {"sofa" : 1,  "begin" : 4223,  "end" : 4233 }, 
        {"sofa" : 1,  "begin" : 4234,  "end" : 4236 }, 
        {"sofa" : 1,  "begin" : 4237,  "end" : 4246 }, 
        {"sofa" : 1,  "begin" : 4246,  "end" : 4247 }, 
        {"sofa" : 1,  "begin" : 4248,  "end" : 4251 }, 
        {"sofa" : 1,  "begin" : 4252,  "end" : 4260 }, 
        {"sofa" : 1,  "begin" : 4261,  "end" : 4265 }, 
        {"sofa" : 1,  "begin" : 4266,  "end" : 4268 }, 
        {"sofa" : 1,  "begin" : 4269,  "end" : 4272 }, 
        {"sofa" : 1,  "begin" : 4273,  "end" : 4278 }, 
        {"sofa" : 1,  "begin" : 4279,  "end" : 4282 }, 
        {"sofa" : 1,  "begin" : 4283,  "end" : 4291 }, 
        {"sofa" : 1,  "begin" : 4291,  "end" : 4292 }, 
        {"sofa" : 1,  "begin" : 4293,  "end" : 4295 }, 
        {"sofa" : 1,  "begin" : 4296,  "end" : 4300 }, 
        {"sofa" : 1,  "begin" : 4301,  "end" : 4305 }, 
        {"sofa" : 1,  "begin" : 4306,  "end" : 4309 }, 
        {"sofa" : 1,  "begin" : 4310,  "end" : 4313 }, 
        {"sofa" : 1,  "begin" : 4314,  "end" : 4321 }, 
        {"sofa" : 1,  "begin" : 4322,  "end" : 4328 }, 
        {"sofa" : 1,  "begin" : 4329,  "end" : 4332 }, 
        {"sofa" : 1,  "begin" : 4333,  "end" : 4338 }, 
        {"sofa" : 1,  "begin" : 4339,  "end" : 4341 }, 
        {"sofa" : 1,  "begin" : 4342,  "end" : 4346 }, 
        {"sofa" : 1,  "begin" : 4347,  "end" : 4354 }, 
        {"sofa" : 1,  "begin" : 4354,  "end" : 4355 }, 
        {"sofa" : 1,  "begin" : 4356,  "end" : 4359 }, 
        {"sofa" : 1,  "begin" : 4360,  "end" : 4365 }, 
        {"sofa" : 1,  "begin" : 4366,  "end" : 4369 }, 
        {"sofa" : 1,  "begin" : 4370,  "end" : 4378 }, 
        {"sofa" : 1,  "begin" : 4379,  "end" : 4387 }, 
        {"sofa" : 1,  "begin" : 4388,  "end" : 4390 }, 
        {"sofa" : 1,  "begin" : 4391,  "end" : 4397 }, 
        {"sofa" : 1,  "begin" : 4397,  "end" : 4398 } ] } }, 
  "_referenced_fss" : {
    "1" : {"_type" : "Sofa",  "sofaNum" : 1,  "sofaID" : "_InitialView",  "mimeType" : "text",  "sofaString" : "It may be distinguished from them by its very acid taste and its shape, which is that of needle-formed crystals, each of which, if put into a drop of ink, will turn it to a reddish brown, whereas Epsom salts will not change its colour at all.\nWhen a large dose of this poison has been taken, death takes place very quickly indeed. Symptoms produced in those who have swallowed it.\nA hot, burning, acid taste is felt in the act of swallowing, and vomiting of a greenish-brown fluid is produced, sooner or later, according to the quantity and strength of the poison taken.\nThere is great tenderness felt over the stomach, followed by clammy perspirations and convulsions; the legs are often drawn up, and there is generally stupor, from which the patient, however, can easily be roused, and always great prostration of strength.\nThe pulse is small and weak, and the breathing faint.—Treatment.\nChalk or magnesia, made into a cream with water, should be given in large quantities, and afterwards the emetic draught above prescribed, or some mustard-and-water, if the draught cannot be got.\nThe back part of the throat to be tickled with a feather, to induce vomiting.\nArrowroot, gruel, and the like drinks, are to be taken.\nWhen the prostration of strength is very great and the body cold, warmth is to be applied to it, and a little brandy-and-water, or sal-volatile and water, given.\n\n2653.\nPrussic Acid (a thin, transparent, and colourless liquid, with a peculiar smell, which greatly resembles that of bitter almonds).—Symptoms produced in those who have swallowed it.\nThese come on immediately after the poison has been taken, and may be produced by merely smelling it.\nThe patient becomes perfectly insensible, and falls down in convulsions—his eyes are fixed and staring, the pupils being bigger than natural, the skin is cold and clammy, the pulse scarcely perceptible, and the breathing slow and gasping.—Treatment.\nVery little can be done in these cases, as death takes place so quickly after the poison has been swallowed, when it takes place at all.\nThe best treatment—which should always be adopted in all cases, even though the patient appears quite dead-is to dash quantities of cold water on the back, from the top of the neck downwards.\nPlacing the patient under a pump, and pumping on him, is the best way of doing this.\nSmelling-salts are also to be applied to the nose, and the chest well rubbed with a camphor liniment.\n\n2654.\nALKALIS: Potash, Soda, and Ammonia, or common Smelling-Salts, with their principal preparations—Pearlash, Soap Lees, Liquor Potassae, Nitre, Sal Prunella, Hartshorn, and Sal—Volatile.—Alkalis are seldom taken or given with the view of destroying life.\nThey may, however, be swallowed by mistake.—Symptoms produced in those who have swallowed them.\nThere is at first a burning, acrid taste in, and a sensation of tightness round, the throat, like that of strangling; the skin touched is destroyed; retching mostly followed by actual vomiting, then sets in; the vomited matters often containing blood of a dark brown colour, with little shreds of flesh here and there, and always changing vegetable blue colours green.\nThere is now great tenderness over the whole of the belly.\nAfter a little while, great weakness, with cold, clammy sweats, a quick weak pulse, and purging of bloody matters, takes place.\nThe brain, too, mostly becomes affected.—Treatment.\nGive two tablespoonfuls of vinegar or lemon-juice in a glassful of water every few minutes until the burning sensation is relieved.\nAny kind of oil or milk may also be given, and will form soap when mixed with the poison in the stomach.\nBarley-water, gruel, arrowroot, linseed-tea, &c., are also very useful, and should be taken constantly, and in large quantities.\nIf inflammation should take place, it is to be treated by applying leeches and warm poppy fomentations to the part where the pain is most felt, and giving two tablespoonfuls of the fever mixture every four hours.\nThe diet in all these cases should only consist of arrowroot or gruel for the first few days, and then of weak broth or beef-tea for some time after.\n\n2655.\nWhen very strong fumes of smelling-salts have in any way been inhaled, there is great difficulty of breathing, and alarming pain in the mouth and nostrils.\nIn this case let the patient inhale the steam of warm vinegar, and treat the feverish symptoms as before." }, 
    "11683" : {"_type" : "Span",  "sofa" : 1,  "begin" : 1464,  "end" : 1469,  "label" : "Smell_Word" }, 
    "11688" : {"_type" : "Span",  "sofa" : 1,  "begin" : 1390,  "end" : 1402,  "label" : "Smell_Source" }, 
    "11678" : {"_type" : "Span",  "sofa" : 1,  "begin" : 1455,  "end" : 1463,  "label" : "Quality" }, 
    "11707" : {"_type" : "Span",  "sofa" : 1,  "begin" : 1471,  "end" : 1517,  "label" : "Evoked_Odorant" }, 
    "11719" : {"_type" : "Span",  "sofa" : 1,  "begin" : 1659,  "end" : 1667,  "label" : "Smell_Word" }, 
    "11736" : {"_type" : "Span",  "sofa" : 1,  "begin" : 1672,  "end" : 1909,  "label" : "Effect" }, 
    "11748" : {"_type" : "Span",  "sofa" : 1,  "begin" : 1584,  "end" : 1627,  "label" : "Circumstances" }, 
    "11724" : {"_type" : "Span",  "sofa" : 1,  "begin" : 1668,  "end" : 1670,  "label" : "Smell_Source" }, 
    "11785" : {"_type" : "Span",  "sofa" : 1,  "begin" : 4154,  "end" : 4159,  "label" : "Smell_Word" }, 
    "11775" : {"_type" : "Span",  "sofa" : 1,  "begin" : 4154,  "end" : 4159,  "label" : "Odour_Carrier" }, 
    "11797" : {"_type" : "Span",  "sofa" : 1,  "begin" : 4142,  "end" : 4153,  "label" : "Quality" }, 
    "11780" : {"_type" : "Span",  "sofa" : 1,  "begin" : 4160,  "end" : 4177,  "label" : "Smell_Source" }, 
    "11816" : {"_type" : "Span",  "sofa" : 1,  "begin" : 4208,  "end" : 4291,  "label" : "Effect" } } }