#FORMAT=WebAnno TSV 3.3
#T_SP=custom.Span|label
#T_RL=custom.Relation|label|BT_custom.Span


#Text=Obgleich dieſes Holtz
#Text=auch in Franckreich waͤchſt, dennoch be-
#Text=kommen wir es manchmahl aus Holl-
#Text=und England in beſſern Preiß, als
#Text=wenn wir es aus Provence bringen
#Text=laſſen.
1-1	2-10	Obgleich	_	_	_	
1-2	11-17	dieſes	_	_	_	
1-3	18-23	Holtz	_	_	_	
1-4	24-28	auch	_	_	_	
1-5	29-31	in	_	_	_	
1-6	32-43	Franckreich	_	_	_	
1-7	44-51	waͤchſt	_	_	_	
1-8	51-52	,	_	_	_	
1-9	53-60	dennoch	_	_	_	
1-10	61-63	be	_	_	_	
1-11	63-64	-	_	_	_	
1-12	65-71	kommen	_	_	_	
1-13	72-75	wir	_	_	_	
1-14	76-78	es	_	_	_	
1-15	79-88	manchmahl	_	_	_	
1-16	89-92	aus	_	_	_	
1-17	93-97	Holl	_	_	_	
1-18	97-98	-	_	_	_	
1-19	99-102	und	_	_	_	
1-20	103-110	England	_	_	_	
1-21	111-113	in	_	_	_	
1-22	114-121	beſſern	_	_	_	
1-23	122-127	Preiß	_	_	_	
1-24	127-128	,	_	_	_	
1-25	129-132	als	_	_	_	
1-26	133-137	wenn	_	_	_	
1-27	138-141	wir	_	_	_	
1-28	142-144	es	_	_	_	
1-29	145-148	aus	_	_	_	
1-30	149-157	Provence	_	_	_	
1-31	158-165	bringen	_	_	_	
1-32	166-172	laſſen	_	_	_	
1-33	172-173	.	_	_	_	

#Text=Die Schwartzfaͤrber faͤrben abge-
#Text=ſchoſſen gelb oder Feuille morte und Coffe-
#Text=farb damit: auch brauchen es die Eben-
#Text=holtzarbeiter zu weilen.
2-1	177-180	Die	_	_	_	
2-2	181-196	Schwartzfaͤrber	_	_	_	
2-3	197-204	faͤrben	_	_	_	
2-4	205-209	abge	_	_	_	
2-5	209-210	-	_	_	_	
2-6	211-219	ſchoſſen	_	_	_	
2-7	220-224	gelb	_	_	_	
2-8	225-229	oder	_	_	_	
2-9	230-237	Feuille	_	_	_	
2-10	238-243	morte	_	_	_	
2-11	244-247	und	_	_	_	
2-12	248-253	Coffe	_	_	_	
2-13	253-254	-	_	_	_	
2-14	255-259	farb	_	_	_	
2-15	260-265	damit	_	_	_	
2-16	265-266	:	_	_	_	
2-17	267-271	auch	_	_	_	
2-18	272-280	brauchen	_	_	_	
2-19	281-283	es	_	_	_	
2-20	284-287	die	_	_	_	
2-21	288-292	Eben	_	_	_	
2-22	292-293	-	_	_	_	
2-23	294-307	holtzarbeiter	_	_	_	
2-24	308-310	zu	_	_	_	
2-25	311-317	weilen	_	_	_	
2-26	317-318	.	_	_	_	

#Text=Wir laſſen auch noch eine Art Gelb-
#Text=holtz wie groſſe Scheiter aus Holl- und
#Text=England bringen, welches meines be-
#Text=halts, keinen andern Namen, als Gelb-
#Text=holtz fuͤhret, deſſen ſich erſterwehnte
#Text=Leute ebenfalls bedienen: mehr habe
#Text=
#Text=ich ſonſt nichts davon erfahren koͤnnen.
3-1	322-325	Wir	_	_	_	
3-2	326-332	laſſen	_	_	_	
3-3	333-337	auch	_	_	_	
3-4	338-342	noch	_	_	_	
3-5	343-347	eine	_	_	_	
3-6	348-351	Art	_	_	_	
3-7	352-356	Gelb	_	_	_	
3-8	356-357	-	_	_	_	
3-9	358-363	holtz	_	_	_	
3-10	364-367	wie	_	_	_	
3-11	368-374	groſſe	_	_	_	
3-12	375-383	Scheiter	_	_	_	
3-13	384-387	aus	_	_	_	
3-14	388-392	Holl	_	_	_	
3-15	392-393	-	_	_	_	
3-16	394-397	und	_	_	_	
3-17	398-405	England	_	_	_	
3-18	406-413	bringen	_	_	_	
3-19	413-414	,	_	_	_	
3-20	415-422	welches	_	_	_	
3-21	423-429	meines	_	_	_	
3-22	430-432	be	_	_	_	
3-23	432-433	-	_	_	_	
3-24	434-439	halts	_	_	_	
3-25	439-440	,	_	_	_	
3-26	441-447	keinen	_	_	_	
3-27	448-454	andern	_	_	_	
3-28	455-460	Namen	_	_	_	
3-29	460-461	,	_	_	_	
3-30	462-465	als	_	_	_	
3-31	466-470	Gelb	_	_	_	
3-32	470-471	-	_	_	_	
3-33	472-477	holtz	_	_	_	
3-34	478-485	fuͤhret	_	_	_	
3-35	485-486	,	_	_	_	
3-36	487-493	deſſen	_	_	_	
3-37	494-498	ſich	_	_	_	
3-38	499-511	erſterwehnte	_	_	_	
3-39	512-517	Leute	_	_	_	
3-40	518-527	ebenfalls	_	_	_	
3-41	528-536	bedienen	_	_	_	
3-42	536-537	:	_	_	_	
3-43	538-542	mehr	_	_	_	
3-44	543-547	habe	_	_	_	
3-45	549-552	ich	_	_	_	
3-46	553-558	ſonſt	_	_	_	
3-47	559-565	nichts	_	_	_	
3-48	566-571	davon	_	_	_	
3-49	572-580	erfahren	_	_	_	
3-50	581-588	koͤnnen	_	_	_	
3-51	588-589	.	_	_	_	

#Text=Aus Lothringen kommt ein gewiſ-
#Text=ſes Holtz, welches graulicht und ein we-
#Text=nig roͤthlicht ſiehet, hart und daneben ſo
#Text=etwas ſchwer iſt, mit einer duͤnnen brau-
#Text=nen Rinde verſehen: daſſelbe nennen
#Text=wir S.
4-1	593-596	Aus	_	_	_	
4-2	597-607	Lothringen	_	_	_	
4-3	608-613	kommt	_	_	_	
4-4	614-617	ein	_	_	_	
4-5	618-623	gewiſ	_	_	_	
4-6	623-624	-	_	_	_	
4-7	625-628	ſes	_	_	_	
4-8	629-634	Holtz	_	_	_	
4-9	634-635	,	_	_	_	
4-10	636-643	welches	_	_	_	
4-11	644-653	graulicht	_	_	_	
4-12	654-657	und	_	_	_	
4-13	658-661	ein	_	_	_	
4-14	662-664	we	_	_	_	
4-15	664-665	-	_	_	_	
4-16	666-669	nig	_	_	_	
4-17	670-680	roͤthlicht	_	_	_	
4-18	681-687	ſiehet	_	_	_	
4-19	687-688	,	_	_	_	
4-20	689-693	hart	_	_	_	
4-21	694-697	und	_	_	_	
4-22	698-705	daneben	_	_	_	
4-23	706-708	ſo	_	_	_	
4-24	709-714	etwas	_	_	_	
4-25	715-721	ſchwer	_	_	_	
4-26	722-725	iſt	_	_	_	
4-27	725-726	,	_	_	_	
4-28	727-730	mit	_	_	_	
4-29	731-736	einer	_	_	_	
4-30	737-744	duͤnnen	_	_	_	
4-31	745-749	brau	_	_	_	
4-32	749-750	-	_	_	_	
4-33	751-754	nen	_	_	_	
4-34	755-760	Rinde	_	_	_	
4-35	761-769	verſehen	_	_	_	
4-36	769-770	:	_	_	_	
4-37	771-779	daſſelbe	_	_	_	
4-38	780-786	nennen	_	_	_	
4-39	787-790	wir	_	_	_	
4-40	791-792	S	_	_	_	
4-41	792-793	.	_	_	_	

#Text=Luzienholtz, und wird wegen
#Text=ſeines angenehmen Geruchs von den
#Text=Ebenholtzarbeitern gebrauchet.
5-1	794-805	Luzienholtz	_	_	_	
5-2	805-806	,	_	_	_	
5-3	807-810	und	_	_	_	
5-4	811-815	wird	_	_	_	
5-5	816-821	wegen	_	_	_	
5-6	822-828	ſeines	_	_	_	
5-7	829-839	angenehmen	_	_	_	
5-8	840-847	Geruchs	_	_	_	
5-9	848-851	von	_	_	_	
5-10	852-855	den	_	_	_	
5-11	856-874	Ebenholtzarbeitern	_	_	_	
5-12	875-885	gebrauchet	_	_	_	
5-13	885-886	.	_	_	_	

#Text=Es
#Text=muß fein dichte und ohne Knorren ſeyn.
6-1	887-889	Es	_	_	_	
6-2	890-893	muß	_	_	_	
6-3	894-898	fein	_	_	_	
6-4	899-905	dichte	_	_	_	
6-5	906-909	und	_	_	_	
6-6	910-914	ohne	_	_	_	
6-7	915-922	Knorren	_	_	_	
6-8	923-927	ſeyn	_	_	_	
6-9	927-928	.	_	_	_	

#Text=S.
7-1	931-932	S	Smell\_Source[1]	_	_	
7-2	932-933	.	Smell\_Source[1]	_	_	

#Text=Luzien-
#Text=holtz.
8-1	934-940	Luzien	Smell\_Source[1]	_	_	
8-2	940-941	-	Smell\_Source[1]	_	_	
8-3	942-947	holtz	Smell\_Source[1]	_	_	
8-4	947-948	.	_	_	_	

#Text=Dieſes Holtz iſt von einer gar beſon-
#Text=dern und unvergleichlichen Natur, maſ-
#Text=ſen es gantz keinen Spind nicht hat, und
#Text=immer ſtaͤrcker riecht, ie aͤlter es wird.
9-1	950-956	Dieſes	_	_	_	
9-2	957-962	Holtz	_	_	_	
9-3	963-966	iſt	_	_	_	
9-4	967-970	von	_	_	_	
9-5	971-976	einer	_	_	_	
9-6	977-980	gar	_	_	_	
9-7	981-986	beſon	_	_	_	
9-8	986-987	-	_	_	_	
9-9	988-992	dern	_	_	_	
9-10	993-996	und	_	_	_	
9-11	997-1014	unvergleichlichen	_	_	_	
9-12	1015-1020	Natur	_	_	_	
9-13	1020-1021	,	_	_	_	
9-14	1022-1025	maſ	_	_	_	
9-15	1025-1026	-	_	_	_	
9-16	1027-1030	ſen	_	_	_	
9-17	1031-1033	es	_	_	_	
9-18	1034-1039	gantz	_	_	_	
9-19	1040-1046	keinen	_	_	_	
9-20	1047-1052	Spind	_	_	_	
9-21	1053-1058	nicht	_	_	_	
9-22	1059-1062	hat	_	_	_	
9-23	1062-1063	,	_	_	_	
9-24	1064-1067	und	_	_	_	
9-25	1068-1073	immer	_	_	_	
9-26	1074-1083	ſtaͤrcker	Quality	_	_	
9-27	1084-1090	riecht	Smell\_Word	*|*|*	9-29[2_0]|9-26|7-1[1_0]	
9-28	1090-1091	,	_	_	_	
9-29	1092-1094	ie	Time[2]	_	_	
9-30	1095-1101	aͤlter	Time[2]	_	_	
9-31	1102-1104	es	Time[2]	_	_	
9-32	1105-1109	wird	Time[2]	_	_	
9-33	1109-1110	.	_	_	_	

#Text=Der Herr Tournefort hat mich ver-
#Text=ſichert, das S.
10-1	1113-1116	Der	_	_	_	
10-2	1117-1121	Herr	_	_	_	
10-3	1122-1132	Tournefort	_	_	_	
10-4	1133-1136	hat	_	_	_	
10-5	1137-1141	mich	_	_	_	
10-6	1142-1145	ver	_	_	_	
10-7	1145-1146	-	_	_	_	
10-8	1147-1154	ſichert	_	_	_	
10-9	1154-1155	,	_	_	_	
10-10	1156-1159	das	_	_	_	
10-11	1160-1161	S	_	_	_	
10-12	1161-1162	.	_	_	_	

#Text=Luzienholtz ſey der
#Text=Stamm desjenigen Strauches, darauf
#Text=der Mahalep wachſe, von dem ich im
#Text=Buch von den Samen gehandelt habe.
11-1	1163-1174	Luzienholtz	_	_	_	
11-2	1175-1178	ſey	_	_	_	
11-3	1179-1182	der	_	_	_	
11-4	1183-1188	Stamm	_	_	_	
11-5	1189-1199	desjenigen	_	_	_	
11-6	1200-1209	Strauches	_	_	_	
11-7	1209-1210	,	_	_	_	
11-8	1211-1217	darauf	_	_	_	
11-9	1218-1221	der	_	_	_	
11-10	1222-1229	Mahalep	_	_	_	
11-11	1230-1236	wachſe	_	_	_	
11-12	1236-1237	,	_	_	_	
11-13	1238-1241	von	_	_	_	
11-14	1242-1245	dem	_	_	_	
11-15	1246-1249	ich	_	_	_	
11-16	1250-1252	im	_	_	_	
11-17	1253-1257	Buch	_	_	_	
11-18	1258-1261	von	_	_	_	
11-19	1262-1265	den	_	_	_	
11-20	1266-1271	Samen	_	_	_	
11-21	1272-1281	gehandelt	_	_	_	
11-22	1282-1286	habe	_	_	_	
11-23	1286-1287	.	_	_	_	

#Text=Es wird auch ein gewiſſes gruͤnlich-
#Text=tes Holtz, unter dem Namen Calam-
#Text=bourg, aus Jndien gebracht, als wie
#Text=dicke Scheiter, von ſehr gutem Geruch,
#Text=deſſen ſich verſchiedene Handwercker be-
#Text=dienen, theils wegen ſeines guten Ge-
#Text=ruchs, und denn, weil es zu allerley Ar-
#Text=beit bequem iſt, z.
12-1	1291-1293	Es	_	_	_	
12-2	1294-1298	wird	_	_	_	
12-3	1299-1303	auch	_	_	_	
12-4	1304-1307	ein	_	_	_	
12-5	1308-1316	gewiſſes	_	_	_	
12-6	1317-1326	gruͤnlich	_	_	_	
12-7	1326-1327	-	_	_	_	
12-8	1328-1331	tes	_	_	_	
12-9	1332-1337	Holtz	_	_	_	
12-10	1337-1338	,	_	_	_	
12-11	1339-1344	unter	_	_	_	
12-12	1345-1348	dem	_	_	_	
12-13	1349-1354	Namen	_	_	_	
12-14	1355-1360	Calam	Smell\_Source[3]	_	_	
12-15	1360-1361	-	Smell\_Source[3]	_	_	
12-16	1362-1367	bourg	Smell\_Source[3]	_	_	
12-17	1367-1368	,	_	_	_	
12-18	1369-1372	aus	Location[4]	_	_	
12-19	1373-1379	Jndien	Location[4]	_	_	
12-20	1380-1388	gebracht	_	_	_	
12-21	1388-1389	,	_	_	_	
12-22	1390-1393	als	_	_	_	
12-23	1394-1397	wie	_	_	_	
12-24	1398-1403	dicke	_	_	_	
12-25	1404-1412	Scheiter	_	_	_	
12-26	1412-1413	,	_	_	_	
12-27	1414-1417	von	_	_	_	
12-28	1418-1422	ſehr	Quality[5]	_	_	
12-29	1423-1428	gutem	Quality[5]	_	_	
12-30	1429-1435	Geruch	Smell\_Word	*|*|*|*	12-14[3_0]|12-18[4_0]|12-32[6_0]|12-28[5_0]	
12-31	1435-1436	,	_	_	_	
12-32	1437-1443	deſſen	Effect[6]	_	_	
12-33	1444-1448	ſich	Effect[6]	_	_	
12-34	1449-1461	verſchiedene	Effect[6]	_	_	
12-35	1462-1473	Handwercker	Effect[6]	_	_	
12-36	1474-1476	be	Effect[6]	_	_	
12-37	1476-1477	-	Effect[6]	_	_	
12-38	1478-1484	dienen	Effect[6]	_	_	
12-39	1484-1485	,	_	_	_	
12-40	1486-1492	theils	_	_	_	
12-41	1493-1498	wegen	_	_	_	
12-42	1499-1505	ſeines	_	_	_	
12-43	1506-1511	guten	Quality	_	_	
12-44	1512-1514	Ge	Smell\_Word[7]	*|*|*	12-43[0_7]|12-14[3_7]|12-32[6_7]	
12-45	1514-1515	-	Smell\_Word[7]	_	_	
12-46	1516-1521	ruchs	Smell\_Word[7]	_	_	
12-47	1521-1522	,	_	_	_	
12-48	1523-1526	und	_	_	_	
12-49	1527-1531	denn	_	_	_	
12-50	1531-1532	,	_	_	_	
12-51	1533-1537	weil	_	_	_	
12-52	1538-1540	es	_	_	_	
12-53	1541-1543	zu	_	_	_	
12-54	1544-1552	allerley	_	_	_	
12-55	1553-1555	Ar	_	_	_	
12-56	1555-1556	-	_	_	_	
12-57	1557-1561	beit	_	_	_	
12-58	1562-1568	bequem	_	_	_	
12-59	1569-1572	iſt	_	_	_	
12-60	1572-1573	,	_	_	_	
12-61	1574-1575	z	_	_	_	
12-62	1575-1576	.	_	_	_	

#Text=E. zu eingelegter Ar-
#Text=beit, zu Roſenkraͤntzen und andern Din-
#Text=gen.
13-1	1577-1578	E	_	_	_	
13-2	1578-1579	.	_	_	_	
13-3	1580-1582	zu	_	_	_	
13-4	1583-1594	eingelegter	_	_	_	
13-5	1595-1597	Ar	_	_	_	
13-6	1597-1598	-	_	_	_	
13-7	1599-1603	beit	_	_	_	
13-8	1603-1604	,	_	_	_	
13-9	1605-1607	zu	_	_	_	
13-10	1608-1622	Roſenkraͤntzen	_	_	_	
13-11	1623-1626	und	_	_	_	
13-12	1627-1633	andern	_	_	_	
13-13	1634-1637	Din	_	_	_	
13-14	1637-1638	-	_	_	_	
13-15	1639-1642	gen	_	_	_	
13-16	1642-1643	.	_	_	_	

#Text=Die Barbierer brauchen es an
#Text=ſtatt des Roſenholtzes, und laſſen es in
#Text=dem Waſſer, das ſie zum Bartputzen
#Text=gebrauchen, ſieden.
14-1	1644-1647	Die	_	_	_	
14-2	1648-1657	Barbierer	_	_	_	
14-3	1658-1666	brauchen	_	_	_	
14-4	1667-1669	es	_	_	_	
14-5	1670-1672	an	_	_	_	
14-6	1673-1678	ſtatt	_	_	_	
14-7	1679-1682	des	_	_	_	
14-8	1683-1695	Roſenholtzes	_	_	_	
14-9	1695-1696	,	_	_	_	
14-10	1697-1700	und	_	_	_	
14-11	1701-1707	laſſen	_	_	_	
14-12	1708-1710	es	_	_	_	
14-13	1711-1713	in	_	_	_	
14-14	1714-1717	dem	_	_	_	
14-15	1718-1724	Waſſer	_	_	_	
14-16	1724-1725	,	_	_	_	
14-17	1726-1729	das	_	_	_	
14-18	1730-1733	ſie	_	_	_	
14-19	1734-1737	zum	_	_	_	
14-20	1738-1748	Bartputzen	_	_	_	
14-21	1749-1759	gebrauchen	_	_	_	
14-22	1759-1760	,	_	_	_	
14-23	1761-1767	ſieden	_	_	_	
14-24	1767-1768	.	_	_	_	

#Text=Calambourg-
#Text=holtz.
15-1	1772-1782	Calambourg	_	_	_	
15-2	1782-1783	-	_	_	_	
15-3	1784-1789	holtz	_	_	_	
15-4	1789-1790	.	_	_	_	

#Text=Desgleichen ſenden uns die Hollaͤn-
#Text=der zweyerley Gattung violbraun
#Text=
#Text=Holtz/ wie ſtarcke Scheiter, welche zu
#Text=nichts als zu Tiſchlerarbeit dienen.
16-1	1792-1803	Desgleichen	_	_	_	
16-2	1804-1810	ſenden	_	_	_	
16-3	1811-1814	uns	_	_	_	
16-4	1815-1818	die	_	_	_	
16-5	1819-1826	Hollaͤn	_	_	_	
16-6	1826-1827	-	_	_	_	
16-7	1828-1831	der	_	_	_	
16-8	1832-1841	zweyerley	_	_	_	
16-9	1842-1849	Gattung	_	_	_	
16-10	1850-1859	violbraun	_	_	_	
16-11	1861-1866	Holtz	_	_	_	
16-12	1866-1867	/	_	_	_	
16-13	1868-1871	wie	_	_	_	
16-14	1872-1879	ſtarcke	_	_	_	
16-15	1880-1888	Scheiter	_	_	_	
16-16	1888-1889	,	_	_	_	
16-17	1890-1896	welche	_	_	_	
16-18	1897-1899	zu	_	_	_	
16-19	1900-1906	nichts	_	_	_	
16-20	1907-1910	als	_	_	_	
16-21	1911-1913	zu	_	_	_	
16-22	1914-1928	Tiſchlerarbeit	_	_	_	
16-23	1929-1935	dienen	_	_	_	
16-24	1935-1936	.	_	_	_	
