#FORMAT=WebAnno TSV 3.3


#Text=sal den vlakken cirkel C N D G wesen van 99/56 vlakke duimen,
#Text=welke gemultipliceert met 7 (synde het ⅓ van B R of 21) sal voor den geheelen
#Text=
#Text=damp-kegel
#Text=B C D
#Text=een grootheit van 99/2 of 12⅜ cubische duimen komen.
1-1	2-5	sal	
1-2	6-9	den	
1-3	10-17	vlakken	
1-4	18-24	cirkel	
1-5	25-26	C	
1-6	27-28	N	
1-7	29-30	D	
1-8	31-32	G	
1-9	33-38	wesen	
1-10	39-42	van	
1-11	43-45	99	
1-12	45-46	/	
1-13	46-48	56	
1-14	49-55	vlakke	
1-15	56-62	duimen	
1-16	62-63	,	
1-17	64-69	welke	
1-18	70-85	gemultipliceert	
1-19	86-89	met	
1-20	90-91	7	
1-21	92-93	(	
1-22	93-98	synde	
1-23	99-102	het	
1-24	103-104	⅓	
1-25	105-108	van	
1-26	109-110	B	
1-27	111-112	R	
1-28	113-115	of	
1-29	116-118	21	
1-30	118-119	)	
1-31	120-123	sal	
1-32	124-128	voor	
1-33	129-132	den	
1-34	133-141	geheelen	
1-35	143-153	damp-kegel	
1-36	154-155	B	
1-37	156-157	C	
1-38	158-159	D	
1-39	160-163	een	
1-40	164-173	grootheit	
1-41	174-177	van	
1-42	178-180	99	
1-43	180-181	/	
1-44	181-182	2	
1-45	183-185	of	
1-46	186-189	12⅜	
1-47	190-198	cubische	
1-48	199-205	duimen	
1-49	206-211	komen	
1-50	211-212	.	

#Text=Ingevalle men dit net na de mate van Boyle gerekent hadde, soude den damp-kegel
#Text=B C D te samen met den gekorten wolk-kegel C D L K, meer als 32 teerling-duimen
#Text=bedragen hebben:
#Text=schoon men al B R niet meerder als 18, C D 1, R M 5, en K L 4
#Text=duimen, en by gevolge alles op het minste genomen hadde.
2-1	214-223	Ingevalle	
2-2	224-227	men	
2-3	228-231	dit	
2-4	232-235	net	
2-5	236-238	na	
2-6	239-241	de	
2-7	242-246	mate	
2-8	247-250	van	
2-9	251-256	Boyle	
2-10	257-265	gerekent	
2-11	266-271	hadde	
2-12	271-272	,	
2-13	273-278	soude	
2-14	279-282	den	
2-15	283-293	damp-kegel	
2-16	294-295	B	
2-17	296-297	C	
2-18	298-299	D	
2-19	300-302	te	
2-20	303-308	samen	
2-21	309-312	met	
2-22	313-316	den	
2-23	317-325	gekorten	
2-24	326-336	wolk-kegel	
2-25	337-338	C	
2-26	339-340	D	
2-27	341-342	L	
2-28	343-344	K	
2-29	344-345	,	
2-30	346-350	meer	
2-31	351-354	als	
2-32	355-357	32	
2-33	358-373	teerling-duimen	
2-34	374-382	bedragen	
2-35	383-389	hebben	
2-36	389-390	:	
2-37	391-397	schoon	
2-38	398-401	men	
2-39	402-404	al	
2-40	405-406	B	
2-41	407-408	R	
2-42	409-413	niet	
2-43	414-421	meerder	
2-44	422-425	als	
2-45	426-428	18	
2-46	428-429	,	
2-47	430-431	C	
2-48	432-433	D	
2-49	434-435	1	
2-50	435-436	,	
2-51	437-438	R	
2-52	439-440	M	
2-53	441-442	5	
2-54	442-443	,	
2-55	444-446	en	
2-56	447-448	K	
2-57	449-450	L	
2-58	451-452	4	
2-59	453-459	duimen	
2-60	459-460	,	
2-61	461-463	en	
2-62	464-466	by	
2-63	467-474	gevolge	
2-64	475-480	alles	
2-65	481-483	op	
2-66	484-487	het	
2-67	488-494	minste	
2-68	495-502	genomen	
2-69	503-508	hadde	
2-70	508-509	.	

#Text=Dogh wy hebben om
#Text=meer overtuigende te kunnen schryven en alle vitteryen voor te komen, dit alles nogh
#Text=op geen 13 duimen genomen.
3-1	510-514	Dogh	
3-2	515-517	wy	
3-3	518-524	hebben	
3-4	525-527	om	
3-5	528-532	meer	
3-6	533-545	overtuigende	
3-7	546-548	te	
3-8	549-555	kunnen	
3-9	556-564	schryven	
3-10	565-567	en	
3-11	568-572	alle	
3-12	573-582	vitteryen	
3-13	583-587	voor	
3-14	588-590	te	
3-15	591-596	komen	
3-16	596-597	,	
3-17	598-601	dit	
3-18	602-607	alles	
3-19	608-612	nogh	
3-20	613-615	op	
3-21	616-620	geen	
3-22	621-623	13	
3-23	624-630	duimen	
3-24	631-638	genomen	
3-25	638-639	.	

#Text=Soo dat men soo verre op dese uitrekeningen meerder
#Text=als gerust kan syn.
4-1	640-643	Soo	
4-2	644-647	dat	
4-3	648-651	men	
4-4	652-655	soo	
4-5	656-661	verre	
4-6	662-664	op	
4-7	665-669	dese	
4-8	670-683	uitrekeningen	
4-9	684-691	meerder	
4-10	692-695	als	
4-11	696-702	gerust	
4-12	703-706	kan	
4-13	707-710	syn	
4-14	710-711	.	

#Text=Laat ons nu stellen, dat een damp-deel uit de AEolipila A door het gat B, de lengte
#Text=van B tot R in een seconde voortloopt;
#Text=soo dat in elken seconde een nieuwen
#Text=damp
#Text=kegel geformeert werd: soo sullen in 18 minuten of in 1080 seconden ook soo veel
#Text=verscheidene damp-kegels voortgekomen syn.
5-1	713-717	Laat	
5-2	718-721	ons	
5-3	722-724	nu	
5-4	725-732	stellen	
5-5	732-733	,	
5-6	734-737	dat	
5-7	738-741	een	
5-8	742-751	damp-deel	
5-9	752-755	uit	
5-10	756-758	de	
5-11	759-768	AEolipila	
5-12	769-770	A	
5-13	771-775	door	
5-14	776-779	het	
5-15	780-783	gat	
5-16	784-785	B	
5-17	785-786	,	
5-18	787-789	de	
5-19	790-796	lengte	
5-20	797-800	van	
5-21	801-802	B	
5-22	803-806	tot	
5-23	807-808	R	
5-24	809-811	in	
5-25	812-815	een	
5-26	816-823	seconde	
5-27	824-834	voortloopt	
5-28	834-835	;	
5-29	836-839	soo	
5-30	840-843	dat	
5-31	844-846	in	
5-32	847-852	elken	
5-33	853-860	seconde	
5-34	861-864	een	
5-35	865-872	nieuwen	
5-36	873-877	damp	
5-37	878-883	kegel	
5-38	884-894	geformeert	
5-39	895-899	werd	
5-40	899-900	:	
5-41	901-904	soo	
5-42	905-911	sullen	
5-43	912-914	in	
5-44	915-917	18	
5-45	918-925	minuten	
5-46	926-928	of	
5-47	929-931	in	
5-48	932-936	1080	
5-49	937-945	seconden	
5-50	946-949	ook	
5-51	950-953	soo	
5-52	954-958	veel	
5-53	959-971	verscheidene	
5-54	972-983	damp-kegels	
5-55	984-996	voortgekomen	
5-56	997-1000	syn	
5-57	1000-1001	.	

#Text=Nu elken damp-kegel maakt
#Text=12⅜ lichamelyke
#Text=duimen
#Text=; en daarom sullen alle de
#Text=damp-kegels, die uit dese once waters haren oorspronk hebben, 12⅜ malen
#Text=1080 of
#Text=
#Text=13365 deser duimen uitmaken.
6-1	1004-1006	Nu	
6-2	1007-1012	elken	
6-3	1013-1023	damp-kegel	
6-4	1024-1029	maakt	
6-5	1030-1033	12⅜	
6-6	1034-1045	lichamelyke	
6-7	1046-1052	duimen	
6-8	1053-1054	;	
6-9	1055-1057	en	
6-10	1058-1064	daarom	
6-11	1065-1071	sullen	
6-12	1072-1076	alle	
6-13	1077-1079	de	
6-14	1080-1091	damp-kegels	
6-15	1091-1092	,	
6-16	1093-1096	die	
6-17	1097-1100	uit	
6-18	1101-1105	dese	
6-19	1106-1110	once	
6-20	1111-1117	waters	
6-21	1118-1123	haren	
6-22	1124-1133	oorspronk	
6-23	1134-1140	hebben	
6-24	1140-1141	,	
6-25	1142-1145	12⅜	
6-26	1146-1151	malen	
6-27	1152-1156	1080	
6-28	1157-1159	of	
6-29	1161-1166	13365	
6-30	1167-1172	deser	
6-31	1173-1179	duimen	
6-32	1180-1188	uitmaken	
6-33	1188-1189	.	

#Text=Indien nu in elk sigtbaar deeltje van alle dese kegels maar een deeltje water is
#Text=geweest (dewyl 'er een millioen in een duim syn §.
7-1	1192-1198	Indien	
7-2	1199-1201	nu	
7-3	1202-1204	in	
7-4	1205-1208	elk	
7-5	1209-1217	sigtbaar	
7-6	1218-1225	deeltje	
7-7	1226-1229	van	
7-8	1230-1234	alle	
7-9	1235-1239	dese	
7-10	1240-1246	kegels	
7-11	1247-1251	maar	
7-12	1252-1255	een	
7-13	1256-1263	deeltje	
7-14	1264-1269	water	
7-15	1270-1272	is	
7-16	1273-1280	geweest	
7-17	1281-1282	(	
7-18	1282-1287	dewyl	
7-19	1288-1289	'	
7-20	1289-1291	er	
7-21	1292-1295	een	
7-22	1296-1304	millioen	
7-23	1305-1307	in	
7-24	1308-1311	een	
7-25	1312-1316	duim	
7-26	1317-1320	syn	
7-27	1321-1322	§	
7-28	1322-1323	.	
