#FORMAT=WebAnno TSV 3.3


#Text=welke, schoon
#Text=
#Text=haar hoogheit weinigh proportie heeft tot de dikte des Aardkloots, egter oordeelt, dat
#Text=de breedte die sy beslaan, wel een tiende deel van die van het vaste
#Text=
#Text=Bernard Nieuwentijt, Het regt gebruik der werelt beschouwingen
#Text=
#Text=
#Text=\f432
#Text=land soude bedragen.
1-1	2-7	welke	
1-2	7-8	,	
1-3	9-15	schoon	
1-4	17-21	haar	
1-5	22-30	hoogheit	
1-6	31-38	weinigh	
1-7	39-48	proportie	
1-8	49-54	heeft	
1-9	55-58	tot	
1-10	59-61	de	
1-11	62-67	dikte	
1-12	68-71	des	
1-13	72-82	Aardkloots	
1-14	82-83	,	
1-15	84-89	egter	
1-16	90-98	oordeelt	
1-17	98-99	,	
1-18	100-103	dat	
1-19	104-106	de	
1-20	107-114	breedte	
1-21	115-118	die	
1-22	119-121	sy	
1-23	122-129	beslaan	
1-24	129-130	,	
1-25	131-134	wel	
1-26	135-138	een	
1-27	139-145	tiende	
1-28	146-150	deel	
1-29	151-154	van	
1-30	155-158	die	
1-31	159-162	van	
1-32	163-166	het	
1-33	167-172	vaste	
1-34	174-181	Bernard	
1-35	182-193	Nieuwentijt	
1-36	193-194	,	
1-37	195-198	Het	
1-38	199-203	regt	
1-39	204-211	gebruik	
1-40	212-215	der	
1-41	216-222	werelt	
1-42	223-236	beschouwingen	
1-43	240-243	432	
1-44	244-248	land	
1-45	249-254	soude	
1-46	255-263	bedragen	
1-47	263-264	.	

#Text=Die daar eenigh begrip van maken wil, kan de figuren, die
#Text=desen laatsten
#Text=Autheur (schoon die deselve rot een contrarie oogmerk bybrengt)
#Text=daar
#Text=van gemaakt heeft, na sien.
2-1	265-268	Die	
2-2	269-273	daar	
2-3	274-280	eenigh	
2-4	281-287	begrip	
2-5	288-291	van	
2-6	292-297	maken	
2-7	298-301	wil	
2-8	301-302	,	
2-9	303-306	kan	
2-10	307-309	de	
2-11	310-317	figuren	
2-12	317-318	,	
2-13	319-322	die	
2-14	323-328	desen	
2-15	329-337	laatsten	
2-16	338-345	Autheur	
2-17	346-347	(	
2-18	347-353	schoon	
2-19	354-357	die	
2-20	358-365	deselve	
2-21	366-369	rot	
2-22	370-373	een	
2-23	374-383	contrarie	
2-24	384-391	oogmerk	
2-25	392-400	bybrengt	
2-26	400-401	)	
2-27	402-406	daar	
2-28	407-410	van	
2-29	411-418	gemaakt	
2-30	419-424	heeft	
2-31	424-425	,	
2-32	426-428	na	
2-33	429-433	sien	
2-34	433-434	.	

#Text=Hoe wel hy verscheidene en seer groote bergen daar in
#Text=nogh heeft uitgelaten om de kleinheit der afbeeldinge, als den Apenninus en meerder
#Text=bergen van Italien en seer veele andere.
3-1	435-438	Hoe	
3-2	439-442	wel	
3-3	443-445	hy	
3-4	446-458	verscheidene	
3-5	459-461	en	
3-6	462-466	seer	
3-7	467-473	groote	
3-8	474-480	bergen	
3-9	481-485	daar	
3-10	486-488	in	
3-11	489-493	nogh	
3-12	494-499	heeft	
3-13	500-510	uitgelaten	
3-14	511-513	om	
3-15	514-516	de	
3-16	517-526	kleinheit	
3-17	527-530	der	
3-18	531-542	afbeeldinge	
3-19	542-543	,	
3-20	544-547	als	
3-21	548-551	den	
3-22	552-561	Apenninus	
3-23	562-564	en	
3-24	565-572	meerder	
3-25	573-579	bergen	
3-26	580-583	van	
3-27	584-591	Italien	
3-28	592-594	en	
3-29	595-599	seer	
3-30	600-605	veele	
3-31	606-612	andere	
3-32	612-613	.	

#Text=V.
4-1	614-615	V	
4-2	615-616	.	

#Text=Nu scheen het nogh noot sakelyk, dat in
#Text=de Procurrentes, of in de zee uitloopende deelen van het vaste land, gelyk het strax
#Text=genoemde Italien en ook meer andere, bergen tot dit einde insonderheit geplaatst
#Text=
#Text=wierden:
#Text=op dat de dampen uit de zee oprysende, alle niet verre over het land souden
#Text=
#Text=behoeven gevoert te werden, eer sy bergen, om daar op in water neder te dalen,
#Text=aantroffen.
5-1	617-619	Nu	
5-2	620-626	scheen	
5-3	627-630	het	
5-4	631-635	nogh	
5-5	636-640	noot	
5-6	641-648	sakelyk	
5-7	648-649	,	
5-8	650-653	dat	
5-9	654-656	in	
5-10	657-659	de	
5-11	660-672	Procurrentes	
5-12	672-673	,	
5-13	674-676	of	
5-14	677-679	in	
5-15	680-682	de	
5-16	683-686	zee	
5-17	687-698	uitloopende	
5-18	699-705	deelen	
5-19	706-709	van	
5-20	710-713	het	
5-21	714-719	vaste	
5-22	720-724	land	
5-23	724-725	,	
5-24	726-731	gelyk	
5-25	732-735	het	
5-26	736-741	strax	
5-27	742-750	genoemde	
5-28	751-758	Italien	
5-29	759-761	en	
5-30	762-765	ook	
5-31	766-770	meer	
5-32	771-777	andere	
5-33	777-778	,	
5-34	779-785	bergen	
5-35	786-789	tot	
5-36	790-793	dit	
5-37	794-799	einde	
5-38	800-812	insonderheit	
5-39	813-822	geplaatst	
5-40	824-831	wierden	
5-41	831-832	:	
5-42	833-835	op	
5-43	836-839	dat	
5-44	840-842	de	
5-45	843-849	dampen	
5-46	850-853	uit	
5-47	854-856	de	
5-48	857-860	zee	
5-49	861-870	oprysende	
5-50	870-871	,	
5-51	872-876	alle	
5-52	877-881	niet	
5-53	882-887	verre	
5-54	888-892	over	
5-55	893-896	het	
5-56	897-901	land	
5-57	902-908	souden	
5-58	910-918	behoeven	
5-59	919-926	gevoert	
5-60	927-929	te	
5-61	930-936	werden	
5-62	936-937	,	
5-63	938-941	eer	
5-64	942-944	sy	
5-65	945-951	bergen	
5-66	951-952	,	
5-67	953-955	om	
5-68	956-960	daar	
5-69	961-963	op	
5-70	964-966	in	
5-71	967-972	water	
5-72	973-978	neder	
5-73	979-981	te	
5-74	982-987	dalen	
5-75	987-988	,	
5-76	989-999	aantroffen	
5-77	999-1000	.	

#Text=VI.
6-1	1001-1003	VI	
6-2	1003-1004	.	

#Text=Ook scheenen de eilanden voor alles bergen van noden te hebben;
#Text=
#Text=dewyl deselve van de son beschenen synde heeter syn als de zee-wateren, die haar
#Text=omringen, en daarom weinigh regen schynen te moeten ontfangen.
7-1	1005-1008	Ook	
7-2	1009-1017	scheenen	
7-3	1018-1020	de	
7-4	1021-1029	eilanden	
7-5	1030-1034	voor	
7-6	1035-1040	alles	
7-7	1041-1047	bergen	
7-8	1048-1051	van	
7-9	1052-1057	noden	
7-10	1058-1060	te	
7-11	1061-1067	hebben	
7-12	1067-1068	;	
7-13	1070-1075	dewyl	
7-14	1076-1083	deselve	
7-15	1084-1087	van	
7-16	1088-1090	de	
7-17	1091-1094	son	
7-18	1095-1104	beschenen	
7-19	1105-1110	synde	
7-20	1111-1117	heeter	
7-21	1118-1121	syn	
7-22	1122-1125	als	
7-23	1126-1128	de	
7-24	1129-1140	zee-wateren	
7-25	1140-1141	,	
7-26	1142-1145	die	
7-27	1146-1150	haar	
7-28	1151-1159	omringen	
7-29	1159-1160	,	
7-30	1161-1163	en	
7-31	1164-1170	daarom	
7-32	1171-1178	weinigh	
7-33	1179-1184	regen	
7-34	1185-1192	schynen	
7-35	1193-1195	te	
7-36	1196-1202	moeten	
7-37	1203-1212	ontfangen	
7-38	1212-1213	.	

#Text=Laat om hier van
#Text=overtuigt te syn, ymand de vooraangehaalde eilanden St.
8-1	1214-1218	Laat	
8-2	1219-1221	om	
8-3	1222-1226	hier	
8-4	1227-1230	van	
8-5	1231-1240	overtuigt	
8-6	1241-1243	te	
8-7	1244-1247	syn	
8-8	1247-1248	,	
8-9	1249-1254	ymand	
8-10	1255-1257	de	
8-11	1258-1273	vooraangehaalde	
8-12	1274-1282	eilanden	
8-13	1283-1285	St	
8-14	1285-1286	.	

#Text=Helena, St.
9-1	1287-1293	Helena	
9-2	1293-1294	,	
9-3	1295-1297	St	
9-4	1297-1298	.	

#Text=Thomè &c. in
#Text=een kaarte nasien; en selfs denken, os het waarscheinelyk soude syn, dat soo kleine
#Text=vlakjes ten opsigt van de omgelegen zee, en die in hitte soo verre boven deselve, om
#Text=de meermaal geseide reden, uitsteken, ook eenige hoop souden hebben van water
#Text=genoegh van den Hemel te sullen genieten;
#Text=ingevalle niet op een bysondere wyse
#Text=daar voor gesorgt was.
10-1	1299-1304	Thomè	
10-2	1305-1306	&	
10-3	1306-1307	c	
10-4	1307-1308	.	
10-5	1309-1311	in	
10-6	1312-1315	een	
10-7	1316-1322	kaarte	
10-8	1323-1329	nasien	
10-9	1329-1330	;	
10-10	1331-1333	en	
10-11	1334-1339	selfs	
10-12	1340-1346	denken	
10-13	1346-1347	,	
10-14	1348-1350	os	
10-15	1351-1354	het	
10-16	1355-1369	waarscheinelyk	
10-17	1370-1375	soude	
10-18	1376-1379	syn	
10-19	1379-1380	,	
10-20	1381-1384	dat	
10-21	1385-1388	soo	
10-22	1389-1395	kleine	
10-23	1396-1403	vlakjes	
10-24	1404-1407	ten	
10-25	1408-1414	opsigt	
10-26	1415-1418	van	
10-27	1419-1421	de	
10-28	1422-1431	omgelegen	
10-29	1432-1435	zee	
10-30	1435-1436	,	
10-31	1437-1439	en	
10-32	1440-1443	die	
10-33	1444-1446	in	
10-34	1447-1452	hitte	
10-35	1453-1456	soo	
10-36	1457-1462	verre	
10-37	1463-1468	boven	
10-38	1469-1476	deselve	
10-39	1476-1477	,	
10-40	1478-1480	om	
10-41	1481-1483	de	
10-42	1484-1492	meermaal	
10-43	1493-1500	geseide	
10-44	1501-1506	reden	
10-45	1506-1507	,	
10-46	1508-1517	uitsteken	
10-47	1517-1518	,	
10-48	1519-1522	ook	
10-49	1523-1529	eenige	
10-50	1530-1534	hoop	
10-51	1535-1541	souden	
10-52	1542-1548	hebben	
10-53	1549-1552	van	
10-54	1553-1558	water	
10-55	1559-1566	genoegh	
10-56	1567-1570	van	
10-57	1571-1574	den	
10-58	1575-1580	Hemel	
10-59	1581-1583	te	
10-60	1584-1590	sullen	
10-61	1591-1599	genieten	
10-62	1599-1600	;	
10-63	1601-1610	ingevalle	
10-64	1611-1615	niet	
10-65	1616-1618	op	
10-66	1619-1622	een	
10-67	1623-1632	bysondere	
10-68	1633-1637	wyse	
10-69	1638-1642	daar	
10-70	1643-1647	voor	
10-71	1648-1655	gesorgt	
10-72	1656-1659	was	
10-73	1659-1660	.	

#Text=Indien nu ymand dit volgende leest by de Aard-Beschryvers, als eerst by Burnet,
#Text=p. 47.
11-1	1663-1669	Indien	
11-2	1670-1672	nu	
11-3	1673-1678	ymand	
11-4	1679-1682	dit	
11-5	1683-1691	volgende	
11-6	1692-1697	leest	
11-7	1698-1700	by	
11-8	1701-1703	de	
11-9	1704-1720	Aard-Beschryvers	
11-10	1720-1721	,	
11-11	1722-1725	als	
11-12	1726-1731	eerst	
11-13	1732-1734	by	
11-14	1735-1741	Burnet	
11-15	1741-1742	,	
11-16	1743-1744	p	
11-17	1744-1745	.	
11-18	1746-1748	47	
11-19	1748-1749	.	

#Text=Daar is geen vast land van de oude of nieuwe wereld, geen oudt Eiland of het
#Text=beeft syne gebergten.
12-1	1750-1754	Daar	
12-2	1755-1757	is	
12-3	1758-1762	geen	
12-4	1763-1767	vast	
12-5	1768-1772	land	
12-6	1773-1776	van	
12-7	1777-1779	de	
12-8	1780-1784	oude	
12-9	1785-1787	of	
12-10	1788-1794	nieuwe	
12-11	1795-1801	wereld	
12-12	1801-1802	,	
12-13	1803-1807	geen	
12-14	1808-1812	oudt	
12-15	1813-1819	Eiland	
12-16	1820-1822	of	
12-17	1823-1826	het	
12-18	1827-1832	beeft	
12-19	1833-1837	syne	
12-20	1838-1847	gebergten	
12-21	1847-1848	.	
