#FORMAT=WebAnno TSV 3.3
#T_SP=custom.Span|label


#Text=Sämmtliche
#Text=Dünndärme entliielten Luft, einen an ihren Wän- 
#Text=
#Text=
#Text=
#Text=Digitized by Google 
#Text=
#Text=
#Text=
#Text=
#Text=
#Text=144 
#Text=
#Text=
#Text=
#Text=
#Text=K 
#Text=
#Text=
#Text=
#Text=
#Text=den adhärirenden grauweissen oder gelbweissen Schleim*) und 
#Text=mehr oder weniger dünnflüssige oder dünnbreiige Massen, welche 
#Text=im Zwölffiuger- und Leerdarm trüber und dicker , im Krurnm- 
#Text=darme heller und dünner, rücksichtlich ihrer Farbe bald weiss, 
#Text=bald gelblich , bald röthlich (N. 3, 4, 5) und schaumend (N. 5) 
#Text=und selbst bräunlich oder chokolatfarben (N. 13), unter allen Um- 
#Text=ständen aber flockig und ohne gallige Beimischung zu sein 
#Text=pflegten.
#Text=t
#Text=
#Text=
#Text=
#Text=Bonnet behauptet zwar , dass die im Magen Vorgefundenen 
#Text=flüssigen Massen immer dünner und durclisichtiger , als die der 
#Text=dünnen Därme seien , wovon ich mich indessen nicht habe über*
#Text=
#Text=zeugen können , wenigstens in den Fällen nicht, wo im Verlaufe , 
#Text=der Krankheit keine Getränke , sondern kleine Stückchen Eis ge- 
#Text=reicht worden waren.
1-1	0-10	Sämmtliche	_	
1-2	11-20	Dünndärme	_	
1-3	21-32	entliielten	_	
1-4	33-37	Luft	_	
1-5	37-38	,	_	
1-6	39-44	einen	_	
1-7	45-47	an	_	
1-8	48-53	ihren	_	
1-9	54-57	Wän	_	
1-10	57-58	-	_	
1-11	63-72	Digitized	_	
1-12	73-75	by	_	
1-13	76-82	Google	_	
1-14	89-92	144	_	
1-15	98-99	K	_	
1-16	105-108	den	_	
1-17	109-121	adhärirenden	_	
1-18	122-133	grauweissen	_	
1-19	134-138	oder	_	
1-20	139-150	gelbweissen	_	
1-21	151-158	Schleim	_	
1-22	158-159	*	_	
1-23	159-160	)	_	
1-24	161-164	und	_	
1-25	166-170	mehr	_	
1-26	171-175	oder	_	
1-27	176-183	weniger	_	
1-28	184-196	dünnflüssige	_	
1-29	197-201	oder	_	
1-30	202-213	dünnbreiige	_	
1-31	214-220	Massen	_	
1-32	220-221	,	_	
1-33	222-228	welche	_	
1-34	230-232	im	_	
1-35	233-244	Zwölffiuger	_	
1-36	244-245	-	_	
1-37	246-249	und	_	
1-38	250-258	Leerdarm	_	
1-39	259-265	trüber	_	
1-40	266-269	und	_	
1-41	270-276	dicker	_	
1-42	277-278	,	_	
1-43	279-281	im	_	
1-44	282-288	Krurnm	_	
1-45	288-289	-	_	
1-46	291-296	darme	_	
1-47	297-303	heller	_	
1-48	304-307	und	_	
1-49	308-314	dünner	_	
1-50	314-315	,	_	
1-51	316-329	rücksichtlich	_	
1-52	330-335	ihrer	_	
1-53	336-341	Farbe	_	
1-54	342-346	bald	_	
1-55	347-352	weiss	_	
1-56	352-353	,	_	
1-57	355-359	bald	_	
1-58	360-368	gelblich	_	
1-59	369-370	,	_	
1-60	371-375	bald	_	
1-61	376-384	röthlich	_	
1-62	385-386	(	_	
1-63	386-387	N	_	
1-64	387-388	.	_	
1-65	389-390	3	_	
1-66	390-391	,	_	
1-67	392-393	4	_	
1-68	393-394	,	_	
1-69	395-396	5	_	
1-70	396-397	)	_	
1-71	398-401	und	_	
1-72	402-411	schaumend	_	
1-73	412-413	(	_	
1-74	413-414	N	_	
1-75	414-415	.	_	
1-76	416-417	5	_	
1-77	417-418	)	_	
1-78	420-423	und	_	
1-79	424-430	selbst	_	
1-80	431-440	bräunlich	_	
1-81	441-445	oder	_	
1-82	446-460	chokolatfarben	_	
1-83	461-462	(	_	
1-84	462-463	N	_	
1-85	463-464	.	_	
1-86	465-467	13	_	
1-87	467-468	)	_	
1-88	468-469	,	_	
1-89	470-475	unter	_	
1-90	476-481	allen	_	
1-91	482-484	Um	_	
1-92	484-485	-	_	
1-93	487-494	ständen	_	
1-94	495-499	aber	_	
1-95	500-507	flockig	_	
1-96	508-511	und	_	
1-97	512-516	ohne	_	
1-98	517-524	gallige	_	
1-99	525-536	Beimischung	_	
1-100	537-539	zu	_	
1-101	540-544	sein	_	
1-102	546-554	pflegten	_	
1-103	554-555	.	_	
1-104	556-557	t	_	
1-105	561-567	Bonnet	_	
1-106	568-577	behauptet	_	
1-107	578-582	zwar	_	
1-108	583-584	,	_	
1-109	585-589	dass	_	
1-110	590-593	die	_	
1-111	594-596	im	_	
1-112	597-602	Magen	_	
1-113	603-616	Vorgefundenen	_	
1-114	618-627	flüssigen	_	
1-115	628-634	Massen	_	
1-116	635-640	immer	_	
1-117	641-647	dünner	_	
1-118	648-651	und	_	
1-119	652-667	durclisichtiger	_	
1-120	668-669	,	_	
1-121	670-673	als	_	
1-122	674-677	die	_	
1-123	678-681	der	_	
1-124	683-689	dünnen	_	
1-125	690-695	Därme	_	
1-126	696-701	seien	_	
1-127	702-703	,	_	
1-128	704-709	wovon	_	
1-129	710-713	ich	_	
1-130	714-718	mich	_	
1-131	719-727	indessen	_	
1-132	728-733	nicht	_	
1-133	734-738	habe	_	
1-134	739-743	über	_	
1-135	743-744	*	_	
1-136	746-752	zeugen	_	
1-137	753-759	können	_	
1-138	760-761	,	_	
1-139	762-772	wenigstens	_	
1-140	773-775	in	_	
1-141	776-779	den	_	
1-142	780-786	Fällen	_	
1-143	787-792	nicht	_	
1-144	792-793	,	_	
1-145	794-796	wo	_	
1-146	797-799	im	_	
1-147	800-808	Verlaufe	_	
1-148	809-810	,	_	
1-149	812-815	der	_	
1-150	816-825	Krankheit	_	
1-151	826-831	keine	_	
1-152	832-840	Getränke	_	
1-153	841-842	,	_	
1-154	843-850	sondern	_	
1-155	851-857	kleine	_	
1-156	858-867	Stückchen	_	
1-157	868-871	Eis	_	
1-158	872-874	ge	_	
1-159	874-875	-	_	
1-160	877-883	reicht	_	
1-161	884-890	worden	_	
1-162	891-896	waren	_	
1-163	896-897	.	_	

#Text=Bouillaud will in den Dünndärmen immer entweder
#Text=eine 
#Text=weisse, flockige, inolkenartige , fade riechende, oder eine hell- 
#Text=oder dunkelrotlie blutige, häufig stinkende Flüssigkeit, oft in der 
#Text=obem Hälfte der Dünndärme die weisse und in der untern die 
#Text=rothe gefunden haben.
#Text=, 
#Text=
#Text=
#Text=Der Inhalt des Krummdarms glich am meisten den Darrn- 
#Text=ausleerungen der Cholerakranken , was aber auch von den Cou- 
#Text=tentis der dicken Därme galt, die niemals fäculent und in der Re- 
#Text=gel reiswasserartig , molkig (N. 3, 4) und flockig, sehr häufig 
#Text=aber auch gelblich , blutig , eiterartig , chokolatfarben und stin- 
#Text=kend waren.
#Text=• 
#Text=
#Text=Hin und wieder (N. 9) wurden Invaginationen der Dünndärme
#Text=
#Text=vorgefunden , unter andern hat Capuron deren 25 angemerkt;
#Text=
#Text=ebenso wurden auch Spulwürmer iin Magen , in den dünnen und 
#Text=in den dicken Därmen (N. 13) angetroffen, in welchem Falle 
#Text=die Darmhäute nach Broussais in einem Zustande grosser Irritation 
#Text=sein sollen
2-1	901-910	Bouillaud	_	
2-2	911-915	will	_	
2-3	916-918	in	_	
2-4	919-922	den	_	
2-5	923-933	Dünndärmen	_	
2-6	934-939	immer	_	
2-7	940-948	entweder	_	
2-8	949-953	eine	_	
2-9	955-961	weisse	_	
2-10	961-962	,	_	
2-11	963-971	flockige	_	
2-12	971-972	,	_	
2-13	973-986	inolkenartige	_	
2-14	987-988	,	_	
2-15	989-993	fade	Quality	
2-16	994-1003	riechende	Smell\_Word	
2-17	1003-1004	,	_	
2-18	1005-1009	oder	_	
2-19	1010-1014	eine	_	
2-20	1015-1019	hell	_	
2-21	1019-1020	-	_	
2-22	1022-1026	oder	_	
2-23	1027-1039	dunkelrotlie	_	
2-24	1040-1047	blutige	_	
2-25	1047-1048	,	_	
2-26	1049-1055	häufig	_	
2-27	1056-1065	stinkende	_	
2-28	1066-1077	Flüssigkeit	Smell\_Source	
2-29	1077-1078	,	_	
2-30	1079-1082	oft	_	
2-31	1083-1085	in	_	
2-32	1086-1089	der	_	
2-33	1091-1095	obem	_	
2-34	1096-1102	Hälfte	_	
2-35	1103-1106	der	_	
2-36	1107-1116	Dünndärme	_	
2-37	1117-1120	die	_	
2-38	1121-1127	weisse	_	
2-39	1128-1131	und	_	
2-40	1132-1134	in	_	
2-41	1135-1138	der	_	
2-42	1139-1145	untern	_	
2-43	1146-1149	die	_	
2-44	1151-1156	rothe	_	
2-45	1157-1165	gefunden	_	
2-46	1166-1171	haben	_	
2-47	1171-1172	.	_	
2-48	1173-1174	,	_	
2-49	1178-1181	Der	_	
2-50	1182-1188	Inhalt	_	
2-51	1189-1192	des	_	
2-52	1193-1203	Krummdarms	_	
2-53	1204-1209	glich	_	
2-54	1210-1212	am	_	
2-55	1213-1220	meisten	_	
2-56	1221-1224	den	_	
2-57	1225-1230	Darrn	_	
2-58	1230-1231	-	_	
2-59	1233-1245	ausleerungen	_	
2-60	1246-1249	der	_	
2-61	1250-1264	Cholerakranken	_	
2-62	1265-1266	,	_	
2-63	1267-1270	was	_	
2-64	1271-1275	aber	_	
2-65	1276-1280	auch	_	
2-66	1281-1284	von	_	
2-67	1285-1288	den	_	
2-68	1289-1292	Cou	_	
2-69	1292-1293	-	_	
2-70	1295-1301	tentis	_	
2-71	1302-1305	der	_	
2-72	1306-1312	dicken	_	
2-73	1313-1318	Därme	_	
2-74	1319-1323	galt	_	
2-75	1323-1324	,	_	
2-76	1325-1328	die	_	
2-77	1329-1336	niemals	_	
2-78	1337-1345	fäculent	_	
2-79	1346-1349	und	_	
2-80	1350-1352	in	_	
2-81	1353-1356	der	_	
2-82	1357-1359	Re	_	
2-83	1359-1360	-	_	
2-84	1362-1365	gel	_	
2-85	1366-1381	reiswasserartig	_	
2-86	1382-1383	,	_	
2-87	1384-1390	molkig	_	
2-88	1391-1392	(	_	
2-89	1392-1393	N	_	
2-90	1393-1394	.	_	
2-91	1395-1396	3	_	
2-92	1396-1397	,	_	
2-93	1398-1399	4	_	
2-94	1399-1400	)	_	
2-95	1401-1404	und	_	
2-96	1405-1412	flockig	_	
2-97	1412-1413	,	_	
2-98	1414-1418	sehr	_	
2-99	1419-1425	häufig	_	
2-100	1427-1431	aber	_	
2-101	1432-1436	auch	_	
2-102	1437-1445	gelblich	_	
2-103	1446-1447	,	_	
2-104	1448-1454	blutig	_	
2-105	1455-1456	,	_	
2-106	1457-1467	eiterartig	_	
2-107	1468-1469	,	_	
2-108	1470-1484	chokolatfarben	_	
2-109	1485-1488	und	_	
2-110	1489-1493	stin	_	
2-111	1493-1494	-	_	
2-112	1496-1500	kend	_	
2-113	1501-1506	waren	_	
2-114	1506-1507	.	_	
2-115	1508-1509	•	_	
2-116	1512-1515	Hin	_	
2-117	1516-1519	und	_	
2-118	1520-1526	wieder	_	
2-119	1527-1528	(	_	
2-120	1528-1529	N	_	
2-121	1529-1530	.	_	
2-122	1531-1532	9	_	
2-123	1532-1533	)	_	
2-124	1534-1540	wurden	_	
2-125	1541-1555	Invaginationen	_	
2-126	1556-1559	der	_	
2-127	1560-1569	Dünndärme	_	
2-128	1571-1582	vorgefunden	_	
2-129	1583-1584	,	_	
2-130	1585-1590	unter	_	
2-131	1591-1597	andern	_	
2-132	1598-1601	hat	_	
2-133	1602-1609	Capuron	_	
2-134	1610-1615	deren	_	
2-135	1616-1618	25	_	
2-136	1619-1628	angemerkt	_	
2-137	1628-1629	;	_	
2-138	1631-1637	ebenso	_	
2-139	1638-1644	wurden	_	
2-140	1645-1649	auch	_	
2-141	1650-1660	Spulwürmer	_	
2-142	1661-1664	iin	_	
2-143	1665-1670	Magen	_	
2-144	1671-1672	,	_	
2-145	1673-1675	in	_	
2-146	1676-1679	den	_	
2-147	1680-1686	dünnen	_	
2-148	1687-1690	und	_	
2-149	1692-1694	in	_	
2-150	1695-1698	den	_	
2-151	1699-1705	dicken	_	
2-152	1706-1712	Därmen	_	
2-153	1713-1714	(	_	
2-154	1714-1715	N	_	
2-155	1715-1716	.	_	
2-156	1717-1719	13	_	
2-157	1719-1720	)	_	
2-158	1721-1732	angetroffen	_	
2-159	1732-1733	,	_	
2-160	1734-1736	in	_	
2-161	1737-1744	welchem	_	
2-162	1745-1750	Falle	_	
2-163	1752-1755	die	_	
2-164	1756-1765	Darmhäute	_	
2-165	1766-1770	nach	_	
2-166	1771-1780	Broussais	_	
2-167	1781-1783	in	_	
2-168	1784-1789	einem	_	
2-169	1790-1798	Zustande	_	
2-170	1799-1806	grosser	_	
2-171	1807-1817	Irritation	_	
2-172	1819-1823	sein	_	
2-173	1824-1830	sollen	_	

#Text=.
3-1	1830-1831	.	_	

#Text=*)
#Text=In der obern Hälfte der dünnen Därme pflegte dieser Schleim 
#Text=mehr adhärent,' als in der untern, zu sein.
4-1	1836-1837	*	_	
4-2	1837-1838	)	_	
4-3	1839-1841	In	_	
4-4	1842-1845	der	_	
4-5	1846-1851	obern	_	
4-6	1852-1858	Hälfte	_	
4-7	1859-1862	der	_	
4-8	1863-1869	dünnen	_	
4-9	1870-1875	Därme	_	
4-10	1876-1883	pflegte	_	
4-11	1884-1890	dieser	_	
4-12	1891-1898	Schleim	_	
4-13	1900-1904	mehr	_	
4-14	1905-1913	adhärent	_	
4-15	1913-1914	,	_	
4-16	1914-1915	'	_	
4-17	1916-1919	als	_	
4-18	1920-1922	in	_	
4-19	1923-1926	der	_	
4-20	1927-1933	untern	_	
4-21	1933-1934	,	_	
4-22	1935-1937	zu	_	
4-23	1938-1942	sein	_	
4-24	1942-1943	.	_	

#Text=Digitized by Google
#Text=
#Text=
#Text=
#Text=
#Text=
#Text=145 
#Text=
#Text=
#Text=
#Text=T
5-1	1948-1957	Digitized	_	
5-2	1958-1960	by	_	
5-3	1961-1967	Google	_	
5-4	1973-1976	145	_	
5-5	1981-1982	T	_	
