#FORMAT=WebAnno TSV 3.3


#Text=Aan
#Text=de andere kant van ’t hengsel zal men een kleine knop geven, om dit kleine Luikje
#Text=op te lichten met de Tang.
1-1	2-5	Aan	
1-2	6-8	de	
1-3	9-15	andere	
1-4	16-20	kant	
1-5	21-24	van	
1-6	25-26	’	
1-7	26-27	t	
1-8	28-35	hengsel	
1-9	36-39	zal	
1-10	40-43	men	
1-11	44-47	een	
1-12	48-54	kleine	
1-13	55-59	knop	
1-14	60-65	geven	
1-15	65-66	,	
1-16	67-69	om	
1-17	70-73	dit	
1-18	74-80	kleine	
1-19	81-87	Luikje	
1-20	88-90	op	
1-21	91-93	te	
1-22	94-101	lichten	
1-23	102-105	met	
1-24	106-108	de	
1-25	109-113	Tang	
1-26	113-114	.	

#Text=Men kan’er van onderen een grendel aan doen, die aan
#Text=die knop vast is.
2-1	115-118	Men	
2-2	119-122	kan	
2-3	122-123	’	
2-4	123-125	er	
2-5	126-129	van	
2-6	130-137	onderen	
2-7	138-141	een	
2-8	142-149	grendel	
2-9	150-153	aan	
2-10	154-158	doen	
2-11	158-159	,	
2-12	160-163	die	
2-13	164-167	aan	
2-14	168-171	die	
2-15	172-176	knop	
2-16	177-181	vast	
2-17	182-184	is	
2-18	184-185	.	

#Text=Aan beide de kanten van ’t Luik, zal’er van onderen een kleine steel
#Text=van een rond zyn, waar van ’t midden ’t hengsel zal raken, op dat de lucht’er niet
#Text=kan uitgaan dan van voren en na het vuur, als men ’t Luik zal oplichten: en op dat
#Text=men het open houde, zo hoog als ons goeddunkt;
#Text=om meer of min lucht te geven, zal
#Text=men’er van ondere twe kleine Veren aan vast maken, die elke rusten zullen op een
#Text=van de deelen van ’t rond, en die genoeg zullen drukken om ’t Luik op te houden.
3-1	186-189	Aan	
3-2	190-195	beide	
3-3	196-198	de	
3-4	199-205	kanten	
3-5	206-209	van	
3-6	210-211	’	
3-7	211-212	t	
3-8	213-217	Luik	
3-9	217-218	,	
3-10	219-222	zal	
3-11	222-223	’	
3-12	223-225	er	
3-13	226-229	van	
3-14	230-237	onderen	
3-15	238-241	een	
3-16	242-248	kleine	
3-17	249-254	steel	
3-18	255-258	van	
3-19	259-262	een	
3-20	263-267	rond	
3-21	268-271	zyn	
3-22	271-272	,	
3-23	273-277	waar	
3-24	278-281	van	
3-25	282-283	’	
3-26	283-284	t	
3-27	285-291	midden	
3-28	292-293	’	
3-29	293-294	t	
3-30	295-302	hengsel	
3-31	303-306	zal	
3-32	307-312	raken	
3-33	312-313	,	
3-34	314-316	op	
3-35	317-320	dat	
3-36	321-323	de	
3-37	324-329	lucht	
3-38	329-330	’	
3-39	330-332	er	
3-40	333-337	niet	
3-41	338-341	kan	
3-42	342-349	uitgaan	
3-43	350-353	dan	
3-44	354-357	van	
3-45	358-363	voren	
3-46	364-366	en	
3-47	367-369	na	
3-48	370-373	het	
3-49	374-378	vuur	
3-50	378-379	,	
3-51	380-383	als	
3-52	384-387	men	
3-53	388-389	’	
3-54	389-390	t	
3-55	391-395	Luik	
3-56	396-399	zal	
3-57	400-409	oplichten	
3-58	409-410	:	
3-59	411-413	en	
3-60	414-416	op	
3-61	417-420	dat	
3-62	421-424	men	
3-63	425-428	het	
3-64	429-433	open	
3-65	434-439	houde	
3-66	439-440	,	
3-67	441-443	zo	
3-68	444-448	hoog	
3-69	449-452	als	
3-70	453-456	ons	
3-71	457-466	goeddunkt	
3-72	466-467	;	
3-73	468-470	om	
3-74	471-475	meer	
3-75	476-478	of	
3-76	479-482	min	
3-77	483-488	lucht	
3-78	489-491	te	
3-79	492-497	geven	
3-80	497-498	,	
3-81	499-502	zal	
3-82	503-506	men	
3-83	506-507	’	
3-84	507-509	er	
3-85	510-513	van	
3-86	514-520	ondere	
3-87	521-524	twe	
3-88	525-531	kleine	
3-89	532-537	Veren	
3-90	538-541	aan	
3-91	542-546	vast	
3-92	547-552	maken	
3-93	552-553	,	
3-94	554-557	die	
3-95	558-562	elke	
3-96	563-569	rusten	
3-97	570-576	zullen	
3-98	577-579	op	
3-99	580-583	een	
3-100	584-587	van	
3-101	588-590	de	
3-102	591-597	deelen	
3-103	598-601	van	
3-104	602-603	’	
3-105	603-604	t	
3-106	605-609	rond	
3-107	609-610	,	
3-108	611-613	en	
3-109	614-617	die	
3-110	618-624	genoeg	
3-111	625-631	zullen	
3-112	632-639	drukken	
3-113	640-642	om	
3-114	643-644	’	
3-115	644-645	t	
3-116	646-650	Luik	
3-117	651-653	op	
3-118	654-656	te	
3-119	657-663	houden	
3-120	663-664	.	

#Text=M.
4-1	667-668	M	
4-2	668-669	.	

#Text=Noel Chomel, Huishoudelyk woordboek
#Text=
#Text=\f960
#Text=
#Text=Toestel van de Schoorsteen-mantel, en ’t begin van de Schoorsteen-pyp.
5-1	670-674	Noel	
5-2	675-681	Chomel	
5-3	681-682	,	
5-4	683-695	Huishoudelyk	
5-5	696-705	woordboek	
5-6	708-711	960	
5-7	713-720	Toestel	
5-8	721-724	van	
5-9	725-727	de	
5-10	728-746	Schoorsteen-mantel	
5-11	746-747	,	
5-12	748-750	en	
5-13	751-752	’	
5-14	752-753	t	
5-15	754-759	begin	
5-16	760-763	van	
5-17	764-766	de	
5-18	767-782	Schoorsteen-pyp	
5-19	782-783	.	

#Text=Maak, dat het onderste van de Schoorsteen-mantel en zyne wydte evenwydig met
#Text=den Horizont zy, of waterpas, even al wilde men ze (want zy kan worden overwulft)
#Text=
#Text=in de winkelhaak op den grond der Schoorsteen zetten, waar van ze niet boven tien,
#Text=of twaalf duimen zal af zyn, op dat de Pyp der Schoorsteen op die plaats niet hebbe,
#Text=dan die wydte.
6-1	785-789	Maak	
6-2	789-790	,	
6-3	791-794	dat	
6-4	795-798	het	
6-5	799-807	onderste	
6-6	808-811	van	
6-7	812-814	de	
6-8	815-833	Schoorsteen-mantel	
6-9	834-836	en	
6-10	837-841	zyne	
6-11	842-847	wydte	
6-12	848-857	evenwydig	
6-13	858-861	met	
6-14	862-865	den	
6-15	866-874	Horizont	
6-16	875-877	zy	
6-17	877-878	,	
6-18	879-881	of	
6-19	882-890	waterpas	
6-20	890-891	,	
6-21	892-896	even	
6-22	897-899	al	
6-23	900-905	wilde	
6-24	906-909	men	
6-25	910-912	ze	
6-26	913-914	(	
6-27	914-918	want	
6-28	919-921	zy	
6-29	922-925	kan	
6-30	926-932	worden	
6-31	933-942	overwulft	
6-32	942-943	)	
6-33	945-947	in	
6-34	948-950	de	
6-35	951-961	winkelhaak	
6-36	962-964	op	
6-37	965-968	den	
6-38	969-974	grond	
6-39	975-978	der	
6-40	979-990	Schoorsteen	
6-41	991-997	zetten	
6-42	997-998	,	
6-43	999-1003	waar	
6-44	1004-1007	van	
6-45	1008-1010	ze	
6-46	1011-1015	niet	
6-47	1016-1021	boven	
6-48	1022-1026	tien	
6-49	1026-1027	,	
6-50	1028-1030	of	
6-51	1031-1037	twaalf	
6-52	1038-1044	duimen	
6-53	1045-1048	zal	
6-54	1049-1051	af	
6-55	1052-1055	zyn	
6-56	1055-1056	,	
6-57	1057-1059	op	
6-58	1060-1063	dat	
6-59	1064-1066	de	
6-60	1067-1070	Pyp	
6-61	1071-1074	der	
6-62	1075-1086	Schoorsteen	
6-63	1087-1089	op	
6-64	1090-1093	die	
6-65	1094-1100	plaats	
6-66	1101-1105	niet	
6-67	1106-1111	hebbe	
6-68	1111-1112	,	
6-69	1113-1116	dan	
6-70	1117-1120	die	
6-71	1121-1126	wydte	
6-72	1126-1127	.	

#Text=Zo de Pyp kwalyk is gelegd, zult gy aan de kanten maken tongetjes naar gelang
#Text=van het rond, van het opperste der posten tot aan de planke vloer.
7-1	1130-1132	Zo	
7-2	1133-1135	de	
7-3	1136-1139	Pyp	
7-4	1140-1146	kwalyk	
7-5	1147-1149	is	
7-6	1150-1156	gelegd	
7-7	1156-1157	,	
7-8	1158-1162	zult	
7-9	1163-1165	gy	
7-10	1166-1169	aan	
7-11	1170-1172	de	
7-12	1173-1179	kanten	
7-13	1180-1185	maken	
7-14	1186-1195	tongetjes	
7-15	1196-1200	naar	
7-16	1201-1207	gelang	
7-17	1208-1211	van	
7-18	1212-1215	het	
7-19	1216-1220	rond	
7-20	1220-1221	,	
7-21	1222-1225	van	
7-22	1226-1229	het	
7-23	1230-1238	opperste	
7-24	1239-1242	der	
7-25	1243-1249	posten	
7-26	1250-1253	tot	
7-27	1254-1257	aan	
7-28	1258-1260	de	
7-29	1261-1267	planke	
7-30	1268-1273	vloer	
7-31	1273-1274	.	

#Text=Hoe men den bodem der Schoorsteen maakt, om de warme lucht in de Kamer
#Text=te laten komen.
8-1	1278-1281	Hoe	
8-2	1282-1285	men	
8-3	1286-1289	den	
8-4	1290-1295	bodem	
8-5	1296-1299	der	
8-6	1300-1311	Schoorsteen	
8-7	1312-1317	maakt	
8-8	1317-1318	,	
8-9	1319-1321	om	
8-10	1322-1324	de	
8-11	1325-1330	warme	
8-12	1331-1336	lucht	
8-13	1337-1339	in	
8-14	1340-1342	de	
8-15	1343-1348	Kamer	
8-16	1349-1351	te	
8-17	1352-1357	laten	
8-18	1358-1363	komen	
8-19	1363-1364	.	

#Text=Men kan ene enkele koperen, of yzeren Plaat, van verscheide bladen aan een nemen,
#Text=die ontrent vier voeten lang , en ontrent drie voeten en een half hoog is.
9-1	1367-1370	Men	
9-2	1371-1374	kan	
9-3	1375-1378	ene	
9-4	1379-1385	enkele	
9-5	1386-1393	koperen	
9-6	1393-1394	,	
9-7	1395-1397	of	
9-8	1398-1404	yzeren	
9-9	1405-1410	Plaat	
9-10	1410-1411	,	
9-11	1412-1415	van	
9-12	1416-1426	verscheide	
9-13	1427-1433	bladen	
9-14	1434-1437	aan	
9-15	1438-1441	een	
9-16	1442-1447	nemen	
9-17	1447-1448	,	
9-18	1449-1452	die	
9-19	1453-1460	ontrent	
9-20	1461-1465	vier	
9-21	1466-1472	voeten	
9-22	1473-1477	lang	
9-23	1478-1479	,	
9-24	1480-1482	en	
9-25	1483-1490	ontrent	
9-26	1491-1495	drie	
9-27	1496-1502	voeten	
9-28	1503-1505	en	
9-29	1506-1509	een	
9-30	1510-1514	half	
9-31	1515-1519	hoog	
9-32	1520-1522	is	
9-33	1522-1523	.	

#Text=Zy zal
#Text=voorzien zyn van verscheiden Banden, of Messingen van yzer, die ontrent vyf duimen
#Text=breed zyn, en ontrent tien duimen minder hoogte hebben, dan de langte van de Plaat.
10-1	1524-1526	Zy	
10-2	1527-1530	zal	
10-3	1531-1539	voorzien	
10-4	1540-1543	zyn	
10-5	1544-1547	van	
10-6	1548-1559	verscheiden	
10-7	1560-1566	Banden	
10-8	1566-1567	,	
10-9	1568-1570	of	
10-10	1571-1580	Messingen	
10-11	1581-1584	van	
10-12	1585-1589	yzer	
10-13	1589-1590	,	
10-14	1591-1594	die	
10-15	1595-1602	ontrent	
10-16	1603-1606	vyf	
10-17	1607-1613	duimen	
10-18	1614-1619	breed	
10-19	1620-1623	zyn	
10-20	1623-1624	,	
10-21	1625-1627	en	
10-22	1628-1635	ontrent	
10-23	1636-1640	tien	
10-24	1641-1647	duimen	
10-25	1648-1654	minder	
10-26	1655-1661	hoogte	
10-27	1662-1668	hebben	
10-28	1668-1669	,	
10-29	1670-1673	dan	
10-30	1674-1676	de	
10-31	1677-1683	langte	
10-32	1684-1687	van	
10-33	1688-1690	de	
10-34	1691-1696	Plaat	
10-35	1696-1697	.	

#Text=Zy zullen op deze wyze aan de Plaat worden vast gemaakt, dat de ene komt van
#Text=boven van de Plaat, en eindigt tot ontrent tien duimen van omlaag, de twede laat die
#Text=ruimte om hoog; de derde zy gezet, als de eerste; de vierde als de twede; de vyfde
#Text=als de eerste, gelyk men in een afbeelding achter ziet.
#Text=
#Text=’t Zoude goed wezen, zo men ’t doen konde, de Muur zo hol te maken, als nodig
#Text=is, op dat de Plaat niet te veel voor uit schiete.
11-1	1699-1701	Zy	
11-2	1702-1708	zullen	
11-3	1709-1711	op	
11-4	1712-1716	deze	
11-5	1717-1721	wyze	
11-6	1722-1725	aan	
11-7	1726-1728	de	
11-8	1729-1734	Plaat	
11-9	1735-1741	worden	
11-10	1742-1746	vast	
11-11	1747-1754	gemaakt	
11-12	1754-1755	,	
11-13	1756-1759	dat	
11-14	1760-1762	de	
11-15	1763-1766	ene	
11-16	1767-1771	komt	
11-17	1772-1775	van	
11-18	1776-1781	boven	
11-19	1782-1785	van	
11-20	1786-1788	de	
11-21	1789-1794	Plaat	
11-22	1794-1795	,	
11-23	1796-1798	en	
11-24	1799-1806	eindigt	
11-25	1807-1810	tot	
11-26	1811-1818	ontrent	
11-27	1819-1823	tien	
11-28	1824-1830	duimen	
11-29	1831-1834	van	
11-30	1835-1841	omlaag	
11-31	1841-1842	,	
11-32	1843-1845	de	
11-33	1846-1851	twede	
11-34	1852-1856	laat	
11-35	1857-1860	die	
11-36	1861-1867	ruimte	
11-37	1868-1870	om	
11-38	1871-1875	hoog	
11-39	1875-1876	;	
11-40	1877-1879	de	
11-41	1880-1885	derde	
11-42	1886-1888	zy	
11-43	1889-1894	gezet	
11-44	1894-1895	,	
11-45	1896-1899	als	
11-46	1900-1902	de	
11-47	1903-1909	eerste	
11-48	1909-1910	;	
11-49	1911-1913	de	
11-50	1914-1920	vierde	
11-51	1921-1924	als	
11-52	1925-1927	de	
11-53	1928-1933	twede	
11-54	1933-1934	;	
11-55	1935-1937	de	
11-56	1938-1943	vyfde	
11-57	1944-1947	als	
11-58	1948-1950	de	
11-59	1951-1957	eerste	
11-60	1957-1958	,	
11-61	1959-1964	gelyk	
11-62	1965-1968	men	
11-63	1969-1971	in	
11-64	1972-1975	een	
11-65	1976-1986	afbeelding	
11-66	1987-1993	achter	
11-67	1994-1998	ziet	
11-68	1998-1999	.	
11-69	2001-2002	’	
11-70	2002-2003	t	
11-71	2004-2009	Zoude	
11-72	2010-2014	goed	
11-73	2015-2020	wezen	
11-74	2020-2021	,	
11-75	2022-2024	zo	
11-76	2025-2028	men	
11-77	2029-2030	’	
11-78	2030-2031	t	
11-79	2032-2036	doen	
11-80	2037-2042	konde	
11-81	2042-2043	,	
11-82	2044-2046	de	
11-83	2047-2051	Muur	
11-84	2052-2054	zo	
11-85	2055-2058	hol	
11-86	2059-2061	te	
11-87	2062-2067	maken	
11-88	2067-2068	,	
11-89	2069-2072	als	
11-90	2073-2078	nodig	
11-91	2079-2081	is	
11-92	2081-2082	,	
11-93	2083-2085	op	
11-94	2086-2089	dat	
11-95	2090-2092	de	
11-96	2093-2098	Plaat	
11-97	2099-2103	niet	
11-98	2104-2106	te	
11-99	2107-2111	veel	
11-100	2112-2116	voor	
11-101	2117-2120	uit	
11-102	2121-2128	schiete	
11-103	2128-2129	.	

#Text=Hoe ’t zy, men moet de Muur een
#Text=duim diep uithollen, zo dat het met de Messingen overeenkomt, vullen de zelve met
#Text=beslagen
#Text=Kalk
#Text=, en daar de Messingen doen inkomen, die zich zeer wel verzegeld
#Text=zullen bevinden, en tussen de Muur en de Plaat ene ruimte van vier duimen diep
#Text=zullen laten.
#Text=’t Zoude mooglyk gemaklyker zyn, een yzere Kas van geslagen yzer
#Text=naar de gegeven maat te laten maken, om ze in den bodem der Haart in te laten
12-1	2130-2133	Hoe	
12-2	2134-2135	’	
12-3	2135-2136	t	
12-4	2137-2139	zy	
12-5	2139-2140	,	
12-6	2141-2144	men	
12-7	2145-2149	moet	
12-8	2150-2152	de	
12-9	2153-2157	Muur	
12-10	2158-2161	een	
12-11	2162-2166	duim	
12-12	2167-2171	diep	
12-13	2172-2181	uithollen	
12-14	2181-2182	,	
12-15	2183-2185	zo	
12-16	2186-2189	dat	
12-17	2190-2193	het	
12-18	2194-2197	met	
12-19	2198-2200	de	
12-20	2201-2210	Messingen	
12-21	2211-2222	overeenkomt	
12-22	2222-2223	,	
12-23	2224-2230	vullen	
12-24	2231-2233	de	
12-25	2234-2239	zelve	
12-26	2240-2243	met	
12-27	2244-2252	beslagen	
12-28	2253-2257	Kalk	
12-29	2258-2259	,	
12-30	2260-2262	en	
12-31	2263-2267	daar	
12-32	2268-2270	de	
12-33	2271-2280	Messingen	
12-34	2281-2285	doen	
12-35	2286-2293	inkomen	
12-36	2293-2294	,	
12-37	2295-2298	die	
12-38	2299-2303	zich	
12-39	2304-2308	zeer	
12-40	2309-2312	wel	
12-41	2313-2322	verzegeld	
12-42	2323-2329	zullen	
12-43	2330-2338	bevinden	
12-44	2338-2339	,	
12-45	2340-2342	en	
12-46	2343-2349	tussen	
12-47	2350-2352	de	
12-48	2353-2357	Muur	
12-49	2358-2360	en	
12-50	2361-2363	de	
12-51	2364-2369	Plaat	
12-52	2370-2373	ene	
12-53	2374-2380	ruimte	
12-54	2381-2384	van	
12-55	2385-2389	vier	
12-56	2390-2396	duimen	
12-57	2397-2401	diep	
12-58	2402-2408	zullen	
12-59	2409-2414	laten	
12-60	2414-2415	.	
12-61	2416-2417	’	
12-62	2417-2418	t	
12-63	2419-2424	Zoude	
12-64	2425-2432	mooglyk	
12-65	2433-2443	gemaklyker	
12-66	2444-2447	zyn	
12-67	2447-2448	,	
12-68	2449-2452	een	
12-69	2453-2458	yzere	
12-70	2459-2462	Kas	
12-71	2463-2466	van	
12-72	2467-2475	geslagen	
12-73	2476-2480	yzer	
12-74	2481-2485	naar	
12-75	2486-2488	de	
12-76	2489-2496	gegeven	
12-77	2497-2501	maat	
12-78	2502-2504	te	
12-79	2505-2510	laten	
12-80	2511-2516	maken	
12-81	2516-2517	,	
12-82	2518-2520	om	
12-83	2521-2523	ze	
12-84	2524-2526	in	
12-85	2527-2530	den	
12-86	2531-2536	bodem	
12-87	2537-2540	der	
12-88	2541-2546	Haart	
12-89	2547-2549	in	
12-90	2550-2552	te	
12-91	2553-2558	laten	
