#FORMAT=WebAnno TSV 3.3


#Text=La sueur de l'aisselle doit son parfum sui generis aux valérates, et surtout aux caproates . alcalins (Gh.
1-1	0-2	La	
1-2	3-8	sueur	
1-3	9-11	de	
1-4	12-22	l'aisselle	
1-5	23-27	doit	
1-6	28-31	son	
1-7	32-38	parfum	
1-8	39-42	sui	
1-9	43-50	generis	
1-10	51-54	aux	
1-11	55-64	valérates	
1-12	64-65	,	
1-13	66-68	et	
1-14	69-76	surtout	
1-15	77-80	aux	
1-16	81-90	caproates	
1-17	91-92	.	
1-18	93-101	alcalins	
1-19	102-103	(	
1-20	103-105	Gh	
1-21	105-106	.	

#Text=Robin, Humeurs, p. 625) et à certains acides libres, volatils et odorants : « Car, dit Robin, il n'y a pas d'odeur qui, dans l'économie, soit due absolument à un seul principe immédiat.
2-1	107-112	Robin	
2-2	112-113	,	
2-3	114-121	Humeurs	
2-4	121-122	,	
2-5	123-124	p	
2-6	124-125	.	
2-7	126-129	625	
2-8	129-130	)	
2-9	131-133	et	
2-10	134-135	à	
2-11	136-144	certains	
2-12	145-151	acides	
2-13	152-158	libres	
2-14	158-159	,	
2-15	160-168	volatils	
2-16	169-171	et	
2-17	172-180	odorants	
2-18	181-182	:	
2-19	183-184	«	
2-20	185-188	Car	
2-21	188-189	,	
2-22	190-193	dit	
2-23	194-199	Robin	
2-24	199-200	,	
2-25	201-203	il	
2-26	204-207	n'y	
2-27	208-209	a	
2-28	210-213	pas	
2-29	214-221	d'odeur	
2-30	222-225	qui	
2-31	225-226	,	
2-32	227-231	dans	
2-33	232-242	l'économie	
2-34	242-243	,	
2-35	244-248	soit	
2-36	249-252	due	
2-37	253-263	absolument	
2-38	264-265	à	
2-39	266-268	un	
2-40	269-273	seul	
2-41	274-282	principe	
2-42	283-291	immédiat	
2-43	291-292	.	

#Text=Il y a toujours un mélange de ceux-ci ; et lorsqu'une odeur se rapproche de celle de quelque principe particulier (comme l'acide caproïque pour la sueur axillaire), elle n'est jamais franchement, tout à fait, celle du principe seul. »\r
#Text=\r
#Text=La sueur axillaire revêt aisément l'odeur du bouc chez les gens malpropres.
3-1	293-295	Il	
3-2	296-297	y	
3-3	298-299	a	
3-4	300-308	toujours	
3-5	309-311	un	
3-6	312-319	mélange	
3-7	320-322	de	
3-8	323-330	ceux-ci	
3-9	331-332	;	
3-10	333-335	et	
3-11	336-346	lorsqu'une	
3-12	347-352	odeur	
3-13	353-355	se	
3-14	356-365	rapproche	
3-15	366-368	de	
3-16	369-374	celle	
3-17	375-377	de	
3-18	378-385	quelque	
3-19	386-394	principe	
3-20	395-406	particulier	
3-21	407-408	(	
3-22	408-413	comme	
3-23	414-421	l'acide	
3-24	422-431	caproïque	
3-25	432-436	pour	
3-26	437-439	la	
3-27	440-445	sueur	
3-28	446-455	axillaire	
3-29	455-456	)	
3-30	456-457	,	
3-31	458-462	elle	
3-32	463-468	n'est	
3-33	469-475	jamais	
3-34	476-487	franchement	
3-35	487-488	,	
3-36	489-493	tout	
3-37	494-495	à	
3-38	496-500	fait	
3-39	500-501	,	
3-40	502-507	celle	
3-41	508-510	du	
3-42	511-519	principe	
3-43	520-524	seul	
3-44	524-525	.	
3-45	526-527	»	
3-46	531-533	La	
3-47	534-539	sueur	
3-48	540-549	axillaire	
3-49	550-555	revêt	
3-50	556-564	aisément	
3-51	565-572	l'odeur	
3-52	573-575	du	
3-53	576-580	bouc	
3-54	581-585	chez	
3-55	586-589	les	
3-56	590-594	gens	
3-57	595-605	malpropres	
3-58	605-606	.	

#Text=Les anciens en faisaient le sujet de fréquentes épigrammes :\r
#Text=\r
#Text=«, Valle sub alarum trux habitare çaper. »\r
#Text=\r
#Text=Catulle
4-1	607-610	Les	
4-2	611-618	anciens	
4-3	619-621	en	
4-4	622-631	faisaient	
4-5	632-634	le	
4-6	635-640	sujet	
4-7	641-643	de	
4-8	644-654	fréquentes	
4-9	655-665	épigrammes	
4-10	666-667	:	
4-11	671-672	«	
4-12	672-673	,	
4-13	674-679	Valle	
4-14	680-683	sub	
4-15	684-690	alarum	
4-16	691-695	trux	
4-17	696-704	habitare	
4-18	705-710	çaper	
4-19	710-711	.	
4-20	712-713	»	
4-21	717-724	Catulle	

#Text=.
5-1	724-725	.	

#Text=«...
6-1	729-730	«	
6-2	730-731	.	
6-3	731-732	.	
6-4	732-733	.	

#Text=Loedùnt nares virque paterque gregis. »\r
#Text=\r
#Text=Ovide
7-1	734-741	Loedùnt	
7-2	742-747	nares	
7-3	748-754	virque	
7-4	755-763	paterque	
7-5	764-770	gregis	
7-6	770-771	.	
7-7	772-773	»	
7-8	777-782	Ovide	

#Text=.
8-1	782-783	.	

#Text=« La puanteur des aisselles vient, parce que le lieu est concave, non perspirable, qui faictque les sueurs ne s'exhalent et ne perspirent : et partant acquièrent pourriture, et mauvaise odeur de bouquin ou d'espaule de mouton. » (Amb: Paré. -7- Lib.
9-1	787-788	«	
9-2	789-791	La	
9-3	792-800	puanteur	
9-4	801-804	des	
9-5	805-814	aisselles	
9-6	815-820	vient	
9-7	820-821	,	
9-8	822-827	parce	
9-9	828-831	que	
9-10	832-834	le	
9-11	835-839	lieu	
9-12	840-843	est	
9-13	844-851	concave	
9-14	851-852	,	
9-15	853-856	non	
9-16	857-868	perspirable	
9-17	868-869	,	
9-18	870-873	qui	
9-19	874-882	faictque	
9-20	883-886	les	
9-21	887-893	sueurs	
9-22	894-896	ne	
9-23	897-907	s'exhalent	
9-24	908-910	et	
9-25	911-913	ne	
9-26	914-924	perspirent	
9-27	925-926	:	
9-28	927-929	et	
9-29	930-937	partant	
9-30	938-948	acquièrent	
9-31	949-959	pourriture	
9-32	959-960	,	
9-33	961-963	et	
9-34	964-972	mauvaise	
9-35	973-978	odeur	
9-36	979-981	de	
9-37	982-989	bouquin	
9-38	990-992	ou	
9-39	993-1002	d'espaule	
9-40	1003-1005	de	
9-41	1006-1012	mouton	
9-42	1012-1013	.	
9-43	1014-1015	»	
9-44	1016-1017	(	
9-45	1017-1020	Amb	
9-46	1020-1021	:	
9-47	1022-1026	Paré	
9-48	1026-1027	.	
9-49	1028-1029	-	
9-50	1029-1030	7	
9-51	1030-1031	-	
9-52	1032-1035	Lib	
9-53	1035-1036	.	

#Text=XIX, ch. 39).
10-1	1037-1040	XIX	
10-2	1040-1041	,	
10-3	1042-1044	ch	
10-4	1044-1045	.	
10-5	1046-1048	39	
10-6	1048-1049	)	
10-7	1049-1050	.	

#Text=Explication très juste, croyons-nous.
11-1	1051-1062	Explication	
11-2	1063-1067	très	
11-3	1068-1073	juste	
11-4	1073-1074	,	
11-5	1075-1087	croyons-nous	
11-6	1087-1088	.	

#Text=L'hypérhidrose axillaire est fréquente.
12-1	1092-1106	L'hypérhidrose	
12-2	1107-1116	axillaire	
12-3	1117-1120	est	
12-4	1121-1130	fréquente	
12-5	1130-1131	.	

#Text=Elle se produit notamment lorsque le corps est à° nu (Aubert, de Lyon) et, chez la femme, aux époques menstruelles : alors, elle répand fréquemment une odeur aromatique acidulé ou chloroformée.
13-1	1132-1136	Elle	
13-2	1137-1139	se	
13-3	1140-1147	produit	
13-4	1148-1157	notamment	
13-5	1158-1165	lorsque	
13-6	1166-1168	le	
13-7	1169-1174	corps	
13-8	1175-1178	est	
13-9	1179-1180	à	
13-10	1180-1181	°	
13-11	1182-1184	nu	
13-12	1185-1186	(	
13-13	1186-1192	Aubert	
13-14	1192-1193	,	
13-15	1194-1196	de	
13-16	1197-1201	Lyon	
13-17	1201-1202	)	
13-18	1203-1205	et	
13-19	1205-1206	,	
13-20	1207-1211	chez	
13-21	1212-1214	la	
13-22	1215-1220	femme	
13-23	1220-1221	,	
13-24	1222-1225	aux	
13-25	1226-1233	époques	
13-26	1234-1246	menstruelles	
13-27	1247-1248	:	
13-28	1249-1254	alors	
13-29	1254-1255	,	
13-30	1256-1260	elle	
13-31	1261-1267	répand	
13-32	1268-1279	fréquemment	
13-33	1280-1283	une	
13-34	1284-1289	odeur	
13-35	1290-1300	aromatique	
13-36	1301-1308	acidulé	
13-37	1309-1311	ou	
13-38	1312-1324	chloroformée	
13-39	1324-1325	.	

#Text=Pour ne rien omettre, mentionnons ici l'odeur du smegma préputial.
14-1	1329-1333	Pour	
14-2	1334-1336	ne	
14-3	1337-1341	rien	
14-4	1342-1349	omettre	
14-5	1349-1350	,	
14-6	1351-1362	mentionnons	
14-7	1363-1366	ici	
14-8	1367-1374	l'odeur	
14-9	1375-1377	du	
14-10	1378-1384	smegma	
14-11	1385-1394	préputial	
14-12	1394-1395	.	

#Text=Fade et aromatique à la fois,, elle rappelle l'odeur de marée, d'écrevisse cuite.
15-1	1396-1400	Fade	
15-2	1401-1403	et	
15-3	1404-1414	aromatique	
15-4	1415-1416	à	
15-5	1417-1419	la	
15-6	1420-1424	fois	
15-7	1424-1425	,	
15-8	1425-1426	,	
15-9	1427-1431	elle	
15-10	1432-1440	rappelle	
15-11	1441-1448	l'odeur	
15-12	1449-1451	de	
15-13	1452-1457	marée	
15-14	1457-1458	,	
15-15	1459-1470	d'écrevisse	
15-16	1471-1476	cuite	
15-17	1476-1477	.	

#Text=Lorsque le smegma est accumulé, il fermente; facilement, et produit une odeur aigre et fétide, due à l'acide butyrique et surtout à l'acroléine, d'après Barallier (article Crasse, du Dtat. de Jaccoud)
#Text=\r
#Text=Les sueurs localisées, très étudiées en ces dernières années, et dont les causes résident, presque toujours, dans les troubles nerveux tropliiques, sont ordinairement très odorantes.
16-1	1478-1485	Lorsque	
16-2	1486-1488	le	
16-3	1489-1495	smegma	
16-4	1496-1499	est	
16-5	1500-1508	accumulé	
16-6	1508-1509	,	
16-7	1510-1512	il	
16-8	1513-1521	fermente	
16-9	1521-1522	;	
16-10	1523-1533	facilement	
16-11	1533-1534	,	
16-12	1535-1537	et	
16-13	1538-1545	produit	
16-14	1546-1549	une	
16-15	1550-1555	odeur	
16-16	1556-1561	aigre	
16-17	1562-1564	et	
16-18	1565-1571	fétide	
16-19	1571-1572	,	
16-20	1573-1576	due	
16-21	1577-1578	à	
16-22	1579-1586	l'acide	
16-23	1587-1596	butyrique	
16-24	1597-1599	et	
16-25	1600-1607	surtout	
16-26	1608-1609	à	
16-27	1610-1621	l'acroléine	
16-28	1621-1622	,	
16-29	1623-1630	d'après	
16-30	1631-1640	Barallier	
16-31	1641-1642	(	
16-32	1642-1649	article	
16-33	1650-1656	Crasse	
16-34	1656-1657	,	
16-35	1658-1660	du	
16-36	1661-1665	Dtat	
16-37	1665-1666	.	
16-38	1667-1669	de	
16-39	1670-1677	Jaccoud	
16-40	1677-1678	)	
16-41	1681-1684	Les	
16-42	1685-1691	sueurs	
16-43	1692-1702	localisées	
16-44	1702-1703	,	
16-45	1704-1708	très	
16-46	1709-1717	étudiées	
16-47	1718-1720	en	
16-48	1721-1724	ces	
16-49	1725-1734	dernières	
16-50	1735-1741	années	
16-51	1741-1742	,	
16-52	1743-1745	et	
16-53	1746-1750	dont	
16-54	1751-1754	les	
16-55	1755-1761	causes	
16-56	1762-1770	résident	
16-57	1770-1771	,	
16-58	1772-1779	presque	
16-59	1780-1788	toujours	
16-60	1788-1789	,	
16-61	1790-1794	dans	
16-62	1795-1798	les	
16-63	1799-1807	troubles	
16-64	1808-1815	nerveux	
16-65	1816-1827	tropliiques	
16-66	1827-1828	,	
16-67	1829-1833	sont	
16-68	1834-1847	ordinairement	
16-69	1848-1852	très	
16-70	1853-1862	odorantes	
16-71	1862-1863	.	

#Text=Cette odeur forte tient, croyons-nous, à la macération épidermique dans le liquide hyperhidrosique (la desquamation épithéliale étant, d'ailleurs, fréquente dans tous les états trophonévrotiques).
17-1	1864-1869	Cette	
17-2	1870-1875	odeur	
17-3	1876-1881	forte	
17-4	1882-1887	tient	
17-5	1887-1888	,	
17-6	1889-1901	croyons-nous	
17-7	1901-1902	,	
17-8	1903-1904	à	
17-9	1905-1907	la	
17-10	1908-1918	macération	
17-11	1919-1930	épidermique	
17-12	1931-1935	dans	
17-13	1936-1938	le	
17-14	1939-1946	liquide	
17-15	1947-1962	hyperhidrosique	
17-16	1963-1964	(	
17-17	1964-1966	la	
17-18	1967-1979	desquamation	
17-19	1980-1991	épithéliale	
17-20	1992-1997	étant	
17-21	1997-1998	,	
17-22	1999-2009	d'ailleurs	
17-23	2009-2010	,	
17-24	2011-2020	fréquente	
17-25	2021-2025	dans	
17-26	2026-2030	tous	
17-27	2031-2034	les	
17-28	2035-2040	états	
17-29	2041-2058	trophonévrotiques	
17-30	2058-2059	)	
17-31	2059-2060	.	

#Text=Weir-Mitchell observait, du reste, que dans les lésions des nerfs, le territoire cutané correspondant exhale une senteur comparable à celle de l'eau croupie : il s'agit plutôt dans ces faits (croyons-nous), d'une dystrophie épithéliale, que de réelles altérations dans la sécrétion de la sueur.
18-1	2061-2074	Weir-Mitchell	
18-2	2075-2084	observait	
18-3	2084-2085	,	
18-4	2086-2088	du	
18-5	2089-2094	reste	
18-6	2094-2095	,	
18-7	2096-2099	que	
18-8	2100-2104	dans	
18-9	2105-2108	les	
18-10	2109-2116	lésions	
18-11	2117-2120	des	
18-12	2121-2126	nerfs	
18-13	2126-2127	,	
18-14	2128-2130	le	
18-15	2131-2141	territoire	
18-16	2142-2148	cutané	
18-17	2149-2162	correspondant	
18-18	2163-2169	exhale	
18-19	2170-2173	une	
18-20	2174-2181	senteur	
18-21	2182-2192	comparable	
18-22	2193-2194	à	
18-23	2195-2200	celle	
18-24	2201-2203	de	
18-25	2204-2209	l'eau	
18-26	2210-2217	croupie	
18-27	2218-2219	:	
18-28	2220-2222	il	
18-29	2223-2229	s'agit	
18-30	2230-2236	plutôt	
18-31	2237-2241	dans	
18-32	2242-2245	ces	
18-33	2246-2251	faits	
18-34	2252-2253	(	
18-35	2253-2265	croyons-nous	
18-36	2265-2266	)	
18-37	2266-2267	,	
18-38	2268-2273	d'une	
18-39	2274-2284	dystrophie	
18-40	2285-2296	épithéliale	
18-41	2296-2297	,	
18-42	2298-2301	que	
18-43	2302-2304	de	
18-44	2305-2312	réelles	
18-45	2313-2324	altérations	
18-46	2325-2329	dans	
18-47	2330-2332	la	
18-48	2333-2342	sécrétion	
18-49	2343-2345	de	
18-50	2346-2348	la	
18-51	2349-2354	sueur	
18-52	2354-2355	.	

#Text=Les ingesta, aliments et médicaments, éliminent volontiers par la peau leurs principes odorants> et viennent ainsi modifier l'odeur cutanée.
19-1	2359-2362	Les	
19-2	2363-2370	ingesta	
19-3	2370-2371	,	
19-4	2372-2380	aliments	
19-5	2381-2383	et	
19-6	2384-2395	médicaments	
19-7	2395-2396	,	
19-8	2397-2406	éliminent	
19-9	2407-2417	volontiers	
19-10	2418-2421	par	
19-11	2422-2424	la	
19-12	2425-2429	peau	
19-13	2430-2435	leurs	
19-14	2436-2445	principes	
19-15	2446-2454	odorants	
19-16	2454-2455	>	
19-17	2456-2458	et	
19-18	2459-2467	viennent	
19-19	2468-2473	ainsi	
19-20	2474-2482	modifier	
19-21	2483-2490	l'odeur	
19-22	2491-2498	cutanée	
19-23	2498-2499	.	

#Text=C'est ainsi que l'ail, l'alcool, le café, les truffes, la valériane (Barallier), le musc, la térébenthine, le goudron, le soufre et les sulfures alcalins, les gommes-résines fétides, les éthers, l'angéliquej l'acide benzoïque, l'iode et les iodures, le phosphore, etc... transmettent à la peau leur odeur propre, plus ou moins modifiée, selon l'activité fonctionnelle du tégument externe et les idiosyncrasies spéciales.
20-1	2500-2505	C'est	
20-2	2506-2511	ainsi	
20-3	2512-2515	que	
20-4	2516-2521	l'ail	
20-5	2521-2522	,	
20-6	2523-2531	l'alcool	
20-7	2531-2532	,	
20-8	2533-2535	le	
20-9	2536-2540	café	
20-10	2540-2541	,	
20-11	2542-2545	les	
20-12	2546-2553	truffes	
20-13	2553-2554	,	
20-14	2555-2557	la	
20-15	2558-2567	valériane	
20-16	2568-2569	(	
20-17	2569-2578	Barallier	
20-18	2578-2579	)	
20-19	2579-2580	,	
20-20	2581-2583	le	
20-21	2584-2588	musc	
20-22	2588-2589	,	
20-23	2590-2592	la	
20-24	2593-2605	térébenthine	
20-25	2605-2606	,	
20-26	2607-2609	le	
20-27	2610-2617	goudron	
20-28	2617-2618	,	
20-29	2619-2621	le	
20-30	2622-2628	soufre	
20-31	2629-2631	et	
20-32	2632-2635	les	
20-33	2636-2644	sulfures	
20-34	2645-2653	alcalins	
20-35	2653-2654	,	
20-36	2655-2658	les	
20-37	2659-2673	gommes-résines	
20-38	2674-2681	fétides	
20-39	2681-2682	,	
20-40	2683-2686	les	
20-41	2687-2693	éthers	
20-42	2693-2694	,	
20-43	2695-2707	l'angéliquej	
20-44	2708-2715	l'acide	
20-45	2716-2725	benzoïque	
20-46	2725-2726	,	
20-47	2727-2733	l'iode	
20-48	2734-2736	et	
20-49	2737-2740	les	
20-50	2741-2748	iodures	
20-51	2748-2749	,	
20-52	2750-2752	le	
20-53	2753-2762	phosphore	
20-54	2762-2763	,	
20-55	2764-2767	etc	
20-56	2767-2768	.	
20-57	2768-2769	.	
20-58	2769-2770	.	
20-59	2771-2783	transmettent	
20-60	2784-2785	à	
20-61	2786-2788	la	
20-62	2789-2793	peau	
20-63	2794-2798	leur	
20-64	2799-2804	odeur	
20-65	2805-2811	propre	
20-66	2811-2812	,	
20-67	2813-2817	plus	
20-68	2818-2820	ou	
20-69	2821-2826	moins	
20-70	2827-2835	modifiée	
20-71	2835-2836	,	
20-72	2837-2842	selon	
20-73	2843-2853	l'activité	
20-74	2854-2867	fonctionnelle	
20-75	2868-2870	du	
20-76	2871-2879	tégument	
20-77	2880-2887	externe	
20-78	2888-2890	et	
20-79	2891-2894	les	
20-80	2895-2909	idiosyncrasies	
20-81	2910-2919	spéciales	
20-82	2919-2920	.	

#Text=Lecopahu communique souvent à la peau sa senteur dénonciatrice.
21-1	2921-2929	Lecopahu	
21-2	2930-2940	communique	
21-3	2941-2948	souvent	
21-4	2949-2950	à	
21-5	2951-2953	la	
21-6	2954-2958	peau	
21-7	2959-2961	sa	
21-8	2962-2969	senteur	
21-9	2970-2983	dénonciatrice	
21-10	2983-2984	.	

#Text=Le sulfate de potasse, pris à l'intérieur, ■se réduit dans l'organisme, et donne à la sueur l'odeur hydrosulfurée.
22-1	2985-2987	Le	
22-2	2988-2995	sulfate	
22-3	2996-2998	de	
22-4	2999-3006	potasse	
22-5	3006-3007	,	
22-6	3008-3012	pris	
22-7	3013-3014	à	
22-8	3015-3026	l'intérieur	
22-9	3026-3027	,	
22-10	3028-3029	■	
22-11	3029-3031	se	
22-12	3032-3038	réduit	
22-13	3039-3043	dans	
22-14	3044-3055	l'organisme	
22-15	3055-3056	,	
22-16	3057-3059	et	
22-17	3060-3065	donne	
22-18	3066-3067	à	
22-19	3068-3070	la	
22-20	3071-3076	sueur	
22-21	3077-3084	l'odeur	
22-22	3085-3098	hydrosulfurée	
22-23	3098-3099	.	

#Text=Le phosphure de zinc donne des sueurs alliacées, etc.
23-1	3100-3102	Le	
23-2	3103-3112	phosphure	
23-3	3113-3115	de	
23-4	3116-3120	zinc	
23-5	3121-3126	donne	
23-6	3127-3130	des	
23-7	3131-3137	sueurs	
23-8	3138-3147	alliacées	
23-9	3147-3148	,	
23-10	3149-3152	etc	
23-11	3152-3153	.	
