#FORMAT=WebAnno TSV 3.3


#Text="spirationenı senibus falutarem esse contendit.
1-1	2-3	"	
1-2	3-15	spirationenı	
1-3	16-23	senibus	
1-4	24-33	falutarem	
1-5	34-38	esse	
1-6	39-48	contendit	
1-7	48-49	.	

#Text=Sed persuasum mihi eft,
#Text=
#Text=calorem illorum frigidis fenum corporibus prodeffe pofle,
#Text=
#Text=
#Text=
#Text=
#Text=
#Text=Quod atttinet fexum, viri caeteris paribus acrius olere dicuntur, quam feminae t).
2-1	50-53	Sed	
2-2	54-63	persuasum	
2-3	64-68	mihi	
2-4	69-72	eft	
2-5	72-73	,	
2-6	75-82	calorem	
2-7	83-90	illorum	
2-8	91-99	frigidis	
2-9	100-105	fenum	
2-10	106-116	corporibus	
2-11	117-125	prodeffe	
2-12	126-131	pofle	
2-13	131-132	,	
2-14	138-142	Quod	
2-15	143-151	atttinet	
2-16	152-157	fexum	
2-17	157-158	,	
2-18	159-163	viri	
2-19	164-172	caeteris	
2-20	173-180	paribus	
2-21	181-187	acrius	
2-22	188-193	olere	
2-23	194-202	dicuntur	
2-24	202-203	,	
2-25	204-208	quam	
2-26	209-216	feminae	
2-27	217-218	t	
2-28	218-219	)	
2-29	219-220	.	

#Text=In fexu potiori fummus inprimis obseruatur con.
#Text=fenfus inter odorem ferlpirationis et semigis fecretionein.
3-1	221-223	In	
3-2	224-228	fexu	
3-3	229-236	potiori	
3-4	237-243	fummus	
3-5	244-252	inprimis	
3-6	253-263	obseruatur	
3-7	264-267	con	
3-8	267-268	.	
3-9	269-275	fenfus	
3-10	276-281	inter	
3-11	282-288	odorem	
3-12	289-303	ferlpirationis	
3-13	304-306	et	
3-14	307-314	semigis	
3-15	315-327	fecretionein	
3-16	327-328	.	

#Text=Praeter alias enim, quae tempore pubertatis in iuuene fano fiunt mutationes, perspirationi etiam additur oder perquam volatilis »), qui secundum HALLERVM ortum trahit a resorbtione partis fubtilioris fcminis, de qua autein recentiorum nonnulli dubitant.
4-1	329-336	Praeter	
4-2	337-342	alias	
4-3	343-347	enim	
4-4	347-348	,	
4-5	349-353	quae	
4-6	354-361	tempore	
4-7	362-372	pubertatis	
4-8	373-375	in	
4-9	376-382	iuuene	
4-10	383-387	fano	
4-11	388-393	fiunt	
4-12	394-404	mutationes	
4-13	404-405	,	
4-14	406-419	perspirationi	
4-15	420-425	etiam	
4-16	426-433	additur	
4-17	434-438	oder	
4-18	439-446	perquam	
4-19	447-456	volatilis	
4-20	457-458	»	
4-21	458-459	)	
4-22	459-460	,	
4-23	461-464	qui	
4-24	465-473	secundum	
4-25	474-482	HALLERVM	
4-26	483-488	ortum	
4-27	489-495	trahit	
4-28	496-497	a	
4-29	498-509	resorbtione	
4-30	510-516	partis	
4-31	517-528	fubtilioris	
4-32	529-536	fcminis	
4-33	536-537	,	
4-34	538-540	de	
4-35	541-544	qua	
4-36	545-551	autein	
4-37	552-563	recentiorum	
4-38	564-572	nonnulli	
4-39	573-581	dubitant	
4-40	581-582	.	

#Text=Idem odor in brutis animalibus et praecipue in falacibus, qualis est hircus, tempore, quo in venerem ruunt, obseruatur , deest contra in hominibus et aniinalibus ante pubertatem caftratis x).
5-1	583-587	Idem	
5-2	588-592	odor	
5-3	593-595	in	
5-4	596-602	brutis	
5-5	603-613	animalibus	
5-6	614-616	et	
5-7	617-626	praecipue	
5-8	627-629	in	
5-9	630-639	falacibus	
5-10	639-640	,	
5-11	641-647	qualis	
5-12	648-651	est	
5-13	652-658	hircus	
5-14	658-659	,	
5-15	660-667	tempore	
5-16	667-668	,	
5-17	669-672	quo	
5-18	673-675	in	
5-19	676-683	venerem	
5-20	684-689	ruunt	
5-21	689-690	,	
5-22	691-701	obseruatur	
5-23	702-703	,	
5-24	704-709	deest	
5-25	710-716	contra	
5-26	717-719	in	
5-27	720-729	hominibus	
5-28	730-732	et	
5-29	733-744	aniinalibus	
5-30	745-749	ante	
5-31	750-760	pubertatem	
5-32	761-770	caftratis	
5-33	771-772	x	
5-34	772-773	)	
5-35	773-774	.	

#Text=Similis in sexu Sequiori fympathia perspirationis odori cum purgatione inenftrua intercedere videtur, Animam mulierum tempore menfium faepe grauiter foetere, inprimis per Ill.
6-1	775-782	Similis	
6-2	783-785	in	
6-3	786-790	sexu	
6-4	791-799	Sequiori	
6-5	800-809	fympathia	
6-6	810-824	perspirationis	
6-7	825-830	odori	
6-8	831-834	cum	
6-9	835-845	purgatione	
6-10	846-855	inenftrua	
6-11	856-867	intercedere	
6-12	868-875	videtur	
6-13	875-876	,	
6-14	877-883	Animam	
6-15	884-892	mulierum	
6-16	893-900	tempore	
6-17	901-908	menfium	
6-18	909-914	faepe	
6-19	915-923	grauiter	
6-20	924-931	foetere	
6-21	931-932	,	
6-22	933-941	inprimis	
6-23	942-945	per	
6-24	946-949	Ill	
6-25	949-950	.	

#Text=HorrMANNVM y) innotuit, illas autem tunc per cutem etiam pecu.
#Text=liare quid fpirare, itidem extra , dubitationes aleam pofitum eft.
7-1	951-961	HorrMANNVM	
7-2	962-963	y	
7-3	963-964	)	
7-4	965-973	innotuit	
7-5	973-974	,	
7-6	975-980	illas	
7-7	981-986	autem	
7-8	987-991	tunc	
7-9	992-995	per	
7-10	996-1001	cutem	
7-11	1002-1007	etiam	
7-12	1008-1012	pecu	
7-13	1012-1013	.	
7-14	1014-1019	liare	
7-15	1020-1024	quid	
7-16	1025-1032	fpirare	
7-17	1032-1033	,	
7-18	1034-1040	itidem	
7-19	1041-1046	extra	
7-20	1047-1048	,	
7-21	1049-1061	dubitationes	
7-22	1062-1067	aleam	
7-23	1068-1075	pofitum	
7-24	1076-1079	eft	
7-25	1079-1080	.	

#Text=Reperiuntur canes, qui, dum feininas menses patientes perpetuo insequuntur, odorein illis elle fingularem, fatis declarant.
8-1	1081-1092	Reperiuntur	
8-2	1093-1098	canes	
8-3	1098-1099	,	
8-4	1100-1103	qui	
8-5	1103-1104	,	
8-6	1105-1108	dum	
8-7	1109-1117	feininas	
8-8	1118-1124	menses	
8-9	1125-1134	patientes	
8-10	1135-1143	perpetuo	
8-11	1144-1155	insequuntur	
8-12	1155-1156	,	
8-13	1157-1164	odorein	
8-14	1165-1170	illis	
8-15	1171-1175	elle	
8-16	1176-1186	fingularem	
8-17	1186-1187	,	
8-18	1188-1193	fatis	
8-19	1194-1203	declarant	
8-20	1203-1204	.	

#Text=Et ipse noui virum iuuenem, ingenii dotibus aeque ac sensuum acie praestantem, qui olfactu se persentiscere contendit, vtrum mulier
#Text=
#Text=
#Text=
#Text=
#Text=
#Text=quae-
#Text=
#Text=damn
#Text=
#Text=
#Text=
#Text=s) Ill.
9-1	1205-1207	Et	
9-2	1208-1212	ipse	
9-3	1213-1217	noui	
9-4	1218-1223	virum	
9-5	1224-1231	iuuenem	
9-6	1231-1232	,	
9-7	1233-1240	ingenii	
9-8	1241-1248	dotibus	
9-9	1249-1254	aeque	
9-10	1255-1257	ac	
9-11	1258-1265	sensuum	
9-12	1266-1270	acie	
9-13	1271-1282	praestantem	
9-14	1282-1283	,	
9-15	1284-1287	qui	
9-16	1288-1295	olfactu	
9-17	1296-1298	se	
9-18	1299-1312	persentiscere	
9-19	1313-1322	contendit	
9-20	1322-1323	,	
9-21	1324-1329	vtrum	
9-22	1330-1336	mulier	
9-23	1342-1346	quae	
9-24	1346-1347	-	
9-25	1349-1353	damn	
9-26	1357-1358	s	
9-27	1358-1359	)	
9-28	1360-1363	Ill	
9-29	1363-1364	.	

#Text=ZIMMERNANN von der Erfahrung p. 607.
#Text=+) MARHERR praelea, in Herin, BOERHAVE Instit.
#Text=inedic, Tom, II.
10-1	1365-1375	ZIMMERNANN	
10-2	1376-1379	von	
10-3	1380-1383	der	
10-4	1384-1393	Erfahrung	
10-5	1394-1395	p	
10-6	1395-1396	.	
10-7	1397-1400	607	
10-8	1400-1401	.	
10-9	1402-1403	+	
10-10	1403-1404	)	
10-11	1405-1412	MARHERR	
10-12	1413-1420	praelea	
10-13	1420-1421	,	
10-14	1422-1424	in	
10-15	1425-1430	Herin	
10-16	1430-1431	,	
10-17	1432-1440	BOERHAVE	
10-18	1441-1447	Instit	
10-19	1447-1448	.	
10-20	1449-1455	inedic	
10-21	1455-1456	,	
10-22	1457-1460	Tom	
10-23	1460-1461	,	
10-24	1462-1464	II	
10-25	1464-1465	.	

#Text=P. 699.
#Text=1
#Text=
#Text=) HALLER prim, lin.
11-1	1466-1467	P	
11-2	1467-1468	.	
11-3	1469-1472	699	
11-4	1472-1473	.	
11-5	1474-1475	1	
11-6	1477-1478	)	
11-7	1479-1485	HALLER	
11-8	1486-1490	prim	
11-9	1490-1491	,	
11-10	1492-1495	lin	
11-11	1495-1496	.	

#Text=S. 827, *) HALLER clem.
12-1	1497-1498	S	
12-2	1498-1499	.	
12-3	1500-1503	827	
12-4	1503-1504	,	
12-5	1505-1506	*	
12-6	1506-1507	)	
12-7	1508-1514	HALLER	
12-8	1515-1519	clem	
12-9	1519-1520	.	

#Text=Tom.
13-1	1521-1524	Tom	
13-2	1524-1525	.	

#Text=VII.
#Text=pag. 545. y) Vid. ej.
14-1	1526-1529	VII	
14-2	1529-1530	.	
14-3	1531-1534	pag	
14-4	1534-1535	.	
14-5	1536-1539	545	
14-6	1539-1540	.	
14-7	1541-1542	y	
14-8	1542-1543	)	
14-9	1544-1547	Vid	
14-10	1547-1548	.	
14-11	1549-1551	ej	
14-12	1551-1552	.	
