#FORMAT=WebAnno TSV 3.3


#Text=Licet E. hoc loco propter angustiam libel.
#Text=li discuti non poffit cur tam diuersi fensus odores ex mineralibus euoluantur; id tamen certum est, omnes eiusmodi odores magis с
#Text=
#Text=ad
#Text=
#Text=
#Text=
#Text=
#Text=
#Text=ad ambrofiacum quam alium quendam odorem referri debere et hunc ideo oriri, quia fulphur mineralium per menftruum elicitur et volatilisatur, et hoc fulphur ideo blandum eft, quia terrae viscofae non vero ignis vires in eo abundant: fi quis vero et horum diuerforum odorum difcrimina ex vno genere orta vlterius difquirere cupit, confideret tantum fal efsentiale in menstruo et metallo, num magis vitriolicum, vel nitrofum magis, vel magis mercuriale fit, et videbit, quod ex hoc principio plurima odorum discrimina intelligi poffint.
1-1	2-7	Licet	
1-2	8-9	E	
1-3	9-10	.	
1-4	11-14	hoc	
1-5	15-19	loco	
1-6	20-27	propter	
1-7	28-37	angustiam	
1-8	38-43	libel	
1-9	43-44	.	
1-10	45-47	li	
1-11	48-55	discuti	
1-12	56-59	non	
1-13	60-66	poffit	
1-14	67-70	cur	
1-15	71-74	tam	
1-16	75-82	diuersi	
1-17	83-89	fensus	
1-18	90-96	odores	
1-19	97-99	ex	
1-20	100-111	mineralibus	
1-21	112-122	euoluantur	
1-22	122-123	;	
1-23	124-126	id	
1-24	127-132	tamen	
1-25	133-139	certum	
1-26	140-143	est	
1-27	143-144	,	
1-28	145-150	omnes	
1-29	151-159	eiusmodi	
1-30	160-166	odores	
1-31	167-172	magis	
1-32	173-174	с	
1-33	176-178	ad	
1-34	184-186	ad	
1-35	187-198	ambrofiacum	
1-36	199-203	quam	
1-37	204-209	alium	
1-38	210-217	quendam	
1-39	218-224	odorem	
1-40	225-232	referri	
1-41	233-239	debere	
1-42	240-242	et	
1-43	243-247	hunc	
1-44	248-252	ideo	
1-45	253-258	oriri	
1-46	258-259	,	
1-47	260-264	quia	
1-48	265-272	fulphur	
1-49	273-283	mineralium	
1-50	284-287	per	
1-51	288-297	menftruum	
1-52	298-306	elicitur	
1-53	307-309	et	
1-54	310-323	volatilisatur	
1-55	323-324	,	
1-56	325-327	et	
1-57	328-331	hoc	
1-58	332-339	fulphur	
1-59	340-344	ideo	
1-60	345-352	blandum	
1-61	353-356	eft	
1-62	356-357	,	
1-63	358-362	quia	
1-64	363-369	terrae	
1-65	370-378	viscofae	
1-66	379-382	non	
1-67	383-387	vero	
1-68	388-393	ignis	
1-69	394-399	vires	
1-70	400-402	in	
1-71	403-405	eo	
1-72	406-414	abundant	
1-73	414-415	:	
1-74	416-418	fi	
1-75	419-423	quis	
1-76	424-428	vero	
1-77	429-431	et	
1-78	432-437	horum	
1-79	438-448	diuerforum	
1-80	449-455	odorum	
1-81	456-466	difcrimina	
1-82	467-469	ex	
1-83	470-473	vno	
1-84	474-480	genere	
1-85	481-485	orta	
1-86	486-494	vlterius	
1-87	495-505	difquirere	
1-88	506-511	cupit	
1-89	511-512	,	
1-90	513-523	confideret	
1-91	524-530	tantum	
1-92	531-534	fal	
1-93	535-545	efsentiale	
1-94	546-548	in	
1-95	549-557	menstruo	
1-96	558-560	et	
1-97	561-568	metallo	
1-98	568-569	,	
1-99	570-573	num	
1-100	574-579	magis	
1-101	580-591	vitriolicum	
1-102	591-592	,	
1-103	593-596	vel	
1-104	597-605	nitrofum	
1-105	606-611	magis	
1-106	611-612	,	
1-107	613-616	vel	
1-108	617-622	magis	
1-109	623-633	mercuriale	
1-110	634-637	fit	
1-111	637-638	,	
1-112	639-641	et	
1-113	642-649	videbit	
1-114	649-650	,	
1-115	651-655	quod	
1-116	656-658	ex	
1-117	659-662	hoc	
1-118	663-672	principio	
1-119	673-680	plurima	
1-120	681-687	odorum	
1-121	688-698	discrimina	
1-122	699-708	intelligi	
1-123	709-716	poffint	
1-124	716-717	.	

#Text=E, odori ambrosiaco id perpetuum eft, vt contineat varium fat effentiale per infl: partes blandas dulcificatum, Sed prout fal effentiale diuersum est, ita quoque ipse odor diuersus eft in diuerfis Regnis.
2-1	718-719	E	
2-2	719-720	,	
2-3	721-726	odori	
2-4	727-737	ambrosiaco	
2-5	738-740	id	
2-6	741-750	perpetuum	
2-7	751-754	eft	
2-8	754-755	,	
2-9	756-758	vt	
2-10	759-768	contineat	
2-11	769-775	varium	
2-12	776-779	fat	
2-13	780-790	effentiale	
2-14	791-794	per	
2-15	795-799	infl	
2-16	799-800	:	
2-17	801-807	partes	
2-18	808-815	blandas	
2-19	816-828	dulcificatum	
2-20	828-829	,	
2-21	830-833	Sed	
2-22	834-839	prout	
2-23	840-843	fal	
2-24	844-854	effentiale	
2-25	855-863	diuersum	
2-26	864-867	est	
2-27	867-868	,	
2-28	869-872	ita	
2-29	873-879	quoque	
2-30	880-884	ipse	
2-31	885-889	odor	
2-32	890-898	diuersus	
2-33	899-902	eft	
2-34	903-905	in	
2-35	906-914	diuerfis	
2-36	915-921	Regnis	
2-37	921-922	.	

#Text=Sed proprium aliquod genus odorum eft Odor balsamicus: qui in balsamis natiuis, in multis radicibus plantarum umbelliferarum indigenarum et fuccis rad.
#Text=exoticarum fcilicet in Gummi re finofis ex ferulaceis, in arboribus refinofis, in plantis quoque piceis e. g. chamaepity eft.
3-1	923-926	Sed	
3-2	927-935	proprium	
3-3	936-943	aliquod	
3-4	944-949	genus	
3-5	950-956	odorum	
3-6	957-960	eft	
3-7	961-965	Odor	
3-8	966-976	balsamicus	
3-9	976-977	:	
3-10	978-981	qui	
3-11	982-984	in	
3-12	985-993	balsamis	
3-13	994-1001	natiuis	
3-14	1001-1002	,	
3-15	1003-1005	in	
3-16	1006-1012	multis	
3-17	1013-1022	radicibus	
3-18	1023-1032	plantarum	
3-19	1033-1047	umbelliferarum	
3-20	1048-1059	indigenarum	
3-21	1060-1062	et	
3-22	1063-1069	fuccis	
3-23	1070-1073	rad	
3-24	1073-1074	.	
3-25	1075-1085	exoticarum	
3-26	1086-1094	fcilicet	
3-27	1095-1097	in	
3-28	1098-1103	Gummi	
3-29	1104-1106	re	
3-30	1107-1114	finofis	
3-31	1115-1117	ex	
3-32	1118-1128	ferulaceis	
3-33	1128-1129	,	
3-34	1130-1132	in	
3-35	1133-1142	arboribus	
3-36	1143-1152	refinofis	
3-37	1152-1153	,	
3-38	1154-1156	in	
3-39	1157-1164	plantis	
3-40	1165-1171	quoque	
3-41	1172-1178	piceis	
3-42	1179-1180	e	
3-43	1180-1181	.	
3-44	1182-1183	g	
3-45	1183-1184	.	
3-46	1185-1195	chamaepity	
3-47	1196-1199	eft	
3-48	1199-1200	.	

#Text=Omni balsamico id proprium eft, vt resinam aeque ac oleum habeat, i. e. oleum mobile aeque ac coa gulatum.
4-1	1201-1205	Omni	
4-2	1206-1215	balsamico	
4-3	1216-1218	id	
4-4	1219-1227	proprium	
4-5	1228-1231	eft	
4-6	1231-1232	,	
4-7	1233-1235	vt	
4-8	1236-1243	resinam	
4-9	1244-1249	aeque	
4-10	1250-1252	ac	
4-11	1253-1258	oleum	
4-12	1259-1265	habeat	
4-13	1265-1266	,	
4-14	1267-1268	i	
4-15	1268-1269	.	
4-16	1270-1271	e	
4-17	1271-1272	.	
4-18	1273-1278	oleum	
4-19	1279-1285	mobile	
4-20	1286-1291	aeque	
4-21	1292-1294	ac	
4-22	1295-1298	coa	
4-23	1299-1306	gulatum	
4-24	1306-1307	.	

#Text=Nunc caufa, cur oleum et fal olei coaguletur, eft terra quaedam figens, pinguis, arenosa et terra falis marini.
5-1	1308-1312	Nunc	
5-2	1313-1318	caufa	
5-3	1318-1319	,	
5-4	1320-1323	cur	
5-5	1324-1329	oleum	
5-6	1330-1332	et	
5-7	1333-1336	fal	
5-8	1337-1341	olei	
5-9	1342-1352	coaguletur	
5-10	1352-1353	,	
5-11	1354-1357	eft	
5-12	1358-1363	terra	
5-13	1364-1371	quaedam	
5-14	1372-1378	figens	
5-15	1378-1379	,	
5-16	1380-1387	pinguis	
5-17	1387-1388	,	
5-18	1389-1396	arenosa	
5-19	1397-1399	et	
5-20	1400-1405	terra	
5-21	1406-1411	falis	
5-22	1412-1418	marini	
5-23	1418-1419	.	

#Text=E. fi.
#Text=ne dubio talis ignescens terra resinosa, fi volatilis redditor vna cum fale olei, balsamicus odor oritur.
6-1	1420-1421	E	
6-2	1421-1422	.	
6-3	1423-1425	fi	
6-4	1425-1426	.	
6-5	1427-1429	ne	
6-6	1430-1435	dubio	
6-7	1436-1441	talis	
6-8	1442-1451	ignescens	
6-9	1452-1457	terra	
6-10	1458-1466	resinosa	
6-11	1466-1467	,	
6-12	1468-1470	fi	
6-13	1471-1480	volatilis	
6-14	1481-1489	redditor	
6-15	1490-1493	vna	
6-16	1494-1497	cum	
6-17	1498-1502	fale	
6-18	1503-1507	olei	
6-19	1507-1508	,	
6-20	1509-1519	balsamicus	
6-21	1520-1524	odor	
6-22	1525-1531	oritur	
6-23	1531-1532	.	

#Text=Sensus ipse quoque hanc fuf picionem confirmat.
7-1	1533-1539	Sensus	
7-2	1540-1544	ipse	
7-3	1545-1551	quoque	
7-4	1552-1556	hanc	
7-5	1557-1560	fuf	
7-6	1561-1569	picionem	
7-7	1570-1579	confirmat	
7-8	1579-1580	.	

#Text=Nam refinofus ta is odor fortius nares vellicat et cum maiori robore agit, quam odor aromaticus.
8-1	1581-1584	Nam	
8-2	1585-1594	refinofus	
8-3	1595-1597	ta	
8-4	1598-1600	is	
8-5	1601-1605	odor	
8-6	1606-1613	fortius	
8-7	1614-1619	nares	
8-8	1620-1628	vellicat	
8-9	1629-1631	et	
8-10	1632-1635	cum	
8-11	1636-1642	maiori	
8-12	1643-1649	robore	
8-13	1650-1654	agit	
8-14	1654-1655	,	
8-15	1656-1660	quam	
8-16	1661-1665	odor	
8-17	1666-1676	aromaticus	
8-18	1676-1677	.	

#Text=Et hoc fine dubio propter terram ignescentem, quae a resina abeffe non potest, fieri folet.
9-1	1678-1680	Et	
9-2	1681-1684	hoc	
9-3	1685-1689	fine	
9-4	1690-1695	dubio	
9-5	1696-1703	propter	
9-6	1704-1710	terram	
9-7	1711-1722	ignescentem	
9-8	1722-1723	,	
9-9	1724-1728	quae	
9-10	1729-1730	a	
9-11	1731-1737	resina	
9-12	1738-1744	abeffe	
9-13	1745-1748	non	
9-14	1749-1755	potest	
9-15	1755-1756	,	
9-16	1757-1762	fieri	
9-17	1763-1768	folet	
9-18	1768-1769	.	

#Text=Merito vero tales balsamici odores duplicis generis effe poffunt i. e. balsamicus proprie fic dictus, vbi cum resina volatili femper oleofum aliquid blandum admixtum est et hoc eft in balfamis natiuis : deinde piceus vel refinofus, vbi mera terra ignescens cum infl.
#Text=principio intime mixta effertur.
10-1	1770-1776	Merito	
10-2	1777-1781	vero	
10-3	1782-1787	tales	
10-4	1788-1797	balsamici	
10-5	1798-1804	odores	
10-6	1805-1813	duplicis	
10-7	1814-1821	generis	
10-8	1822-1826	effe	
10-9	1827-1834	poffunt	
10-10	1835-1836	i	
10-11	1836-1837	.	
10-12	1838-1839	e	
10-13	1839-1840	.	
10-14	1841-1851	balsamicus	
10-15	1852-1859	proprie	
10-16	1860-1863	fic	
10-17	1864-1870	dictus	
10-18	1870-1871	,	
10-19	1872-1875	vbi	
10-20	1876-1879	cum	
10-21	1880-1886	resina	
10-22	1887-1895	volatili	
10-23	1896-1902	femper	
10-24	1903-1910	oleofum	
10-25	1911-1918	aliquid	
10-26	1919-1926	blandum	
10-27	1927-1935	admixtum	
10-28	1936-1939	est	
10-29	1940-1942	et	
10-30	1943-1946	hoc	
10-31	1947-1950	eft	
10-32	1951-1953	in	
10-33	1954-1962	balfamis	
10-34	1963-1970	natiuis	
10-35	1971-1972	:	
10-36	1973-1979	deinde	
10-37	1980-1986	piceus	
10-38	1987-1990	vel	
10-39	1991-2000	refinofus	
10-40	2000-2001	,	
10-41	2002-2005	vbi	
10-42	2006-2010	mera	
10-43	2011-2016	terra	
10-44	2017-2026	ignescens	
10-45	2027-2030	cum	
10-46	2031-2035	infl	
10-47	2035-2036	.	
10-48	2037-2046	principio	
10-49	2047-2053	intime	
10-50	2054-2059	mixta	
10-51	2060-2068	effertur	
10-52	2068-2069	.	

#Text=Sed pestifera aliqua mixtio in plaptis eft, quae odorem tetrum vel narcoticum vel virofum habent, in quo maxime attenuatam terram antacidam vifcofam effe fuperius probaui.
11-1	2070-2073	Sed	
11-2	2074-2083	pestifera	
11-3	2084-2090	aliqua	
11-4	2091-2097	mixtio	
11-5	2098-2100	in	
11-6	2101-2108	plaptis	
11-7	2109-2112	eft	
11-8	2112-2113	,	
11-9	2114-2118	quae	
11-10	2119-2125	odorem	
11-11	2126-2132	tetrum	
11-12	2133-2136	vel	
11-13	2137-2147	narcoticum	
11-14	2148-2151	vel	
11-15	2152-2159	virofum	
11-16	2160-2166	habent	
11-17	2166-2167	,	
11-18	2168-2170	in	
11-19	2171-2174	quo	
11-20	2175-2181	maxime	
11-21	2182-2192	attenuatam	
11-22	2193-2199	terram	
11-23	2200-2209	antacidam	
11-24	2210-2218	vifcofam	
11-25	2219-2223	effe	
11-26	2224-2232	fuperius	
11-27	2233-2240	probaui	
11-28	2240-2241	.	

#Text=Nomen fcilicet de.
#Text=derunt huic odori, virosum, fub quo grauem obtusum et nauseo.
#Text=fum
#Text=
#Text=
#Text=
#Text=
#Text=
#Text=-fum fubintelligunt.
12-1	2242-2247	Nomen	
12-2	2248-2256	fcilicet	
12-3	2257-2259	de	
12-4	2259-2260	.	
12-5	2261-2267	derunt	
12-6	2268-2272	huic	
12-7	2273-2278	odori	
12-8	2278-2279	,	
12-9	2280-2287	virosum	
12-10	2287-2288	,	
12-11	2289-2292	fub	
12-12	2293-2296	quo	
12-13	2297-2303	grauem	
12-14	2304-2311	obtusum	
12-15	2312-2314	et	
12-16	2315-2321	nauseo	
12-17	2321-2322	.	
12-18	2323-2326	fum	
12-19	2332-2333	-	
12-20	2333-2336	fum	
12-21	2337-2351	fubintelligunt	
12-22	2351-2352	.	

#Text=Haec nomina ab ipfo fenfu et mentis percetione tracta sunt, vti ego multoties sensi.
13-1	2353-2357	Haec	
13-2	2358-2364	nomina	
13-3	2365-2367	ab	
13-4	2368-2372	ipfo	
13-5	2373-2378	fenfu	
13-6	2379-2381	et	
13-7	2382-2388	mentis	
13-8	2389-2399	percetione	
13-9	2400-2406	tracta	
13-10	2407-2411	sunt	
13-11	2411-2412	,	
13-12	2413-2416	vti	
13-13	2417-2420	ego	
13-14	2421-2430	multoties	
13-15	2431-2436	sensi	
13-16	2436-2437	.	

#Text=Grauitas femper molesti quid fignificat, quod a viribus difficilius fuperatur.
14-1	2438-2446	Grauitas	
14-2	2447-2453	femper	
14-3	2454-2461	molesti	
14-4	2462-2466	quid	
14-5	2467-2477	fignificat	
14-6	2477-2478	,	
14-7	2479-2483	quod	
14-8	2484-2485	a	
14-9	2486-2493	viribus	
14-10	2494-2505	difficilius	
14-11	2506-2515	fuperatur	
14-12	2515-2516	.	
