#FORMAT=WebAnno TSV 3.3


#Text=Lucifer zoo trots zich tegens 't hoogh gebiedt
#Text=
#Text=Had opentlijck gekant, gereet hen aen te voeren
#Text=,
#Text=
#Text=Die hem bewieroockten, zijn starre en standert zwoeren;
#Text=]
#Text=
#Text=Schoot
#Text=voort
#Text=, op 't aenstaen van den trouwen Gabriël,
#Text=
#Text=Het schubbigh panser aen, en gaf terstont bevel
#Text=Aen al zijne Oversten, en hoofden, en Kornellen,
#Text=
#Text=De heiren, in Godts naem, in hun geleên te stellen,
#Text=
#Text=Om met gemeene maght en kracht, op 't luchtigh ruim,
#Text=Van 't zuivre hemelsblaeu al dit meineedigh schuim
#Text=Te vaegen, al dit spoock in duisternis te dompelen,
#Text=Eer zy op 't ongezienste ons moghten overrompelen.
1-1	2-9	Lucifer	
1-2	10-13	zoo	
1-3	14-19	trots	
1-4	20-24	zich	
1-5	25-31	tegens	
1-6	32-33	'	
1-7	33-34	t	
1-8	35-40	hoogh	
1-9	41-48	gebiedt	
1-10	50-53	Had	
1-11	54-64	opentlijck	
1-12	65-71	gekant	
1-13	71-72	,	
1-14	73-79	gereet	
1-15	80-83	hen	
1-16	84-87	aen	
1-17	88-90	te	
1-18	91-97	voeren	
1-19	98-99	,	
1-20	101-104	Die	
1-21	105-108	hem	
1-22	109-122	bewieroockten	
1-23	122-123	,	
1-24	124-128	zijn	
1-25	129-135	starre	
1-26	136-138	en	
1-27	139-147	standert	
1-28	148-155	zwoeren	
1-29	155-156	;	
1-30	157-158	]	
1-31	160-166	Schoot	
1-32	167-172	voort	
1-33	173-174	,	
1-34	175-177	op	
1-35	178-179	'	
1-36	179-180	t	
1-37	181-189	aenstaen	
1-38	190-193	van	
1-39	194-197	den	
1-40	198-205	trouwen	
1-41	206-213	Gabriël	
1-42	213-214	,	
1-43	216-219	Het	
1-44	220-229	schubbigh	
1-45	230-236	panser	
1-46	237-240	aen	
1-47	240-241	,	
1-48	242-244	en	
1-49	245-248	gaf	
1-50	249-257	terstont	
1-51	258-263	bevel	
1-52	264-267	Aen	
1-53	268-270	al	
1-54	271-276	zijne	
1-55	277-285	Oversten	
1-56	285-286	,	
1-57	287-289	en	
1-58	290-297	hoofden	
1-59	297-298	,	
1-60	299-301	en	
1-61	302-311	Kornellen	
1-62	311-312	,	
1-63	314-316	De	
1-64	317-323	heiren	
1-65	323-324	,	
1-66	325-327	in	
1-67	328-333	Godts	
1-68	334-338	naem	
1-69	338-339	,	
1-70	340-342	in	
1-71	343-346	hun	
1-72	347-353	geleên	
1-73	354-356	te	
1-74	357-364	stellen	
1-75	364-365	,	
1-76	367-369	Om	
1-77	370-373	met	
1-78	374-381	gemeene	
1-79	382-387	maght	
1-80	388-390	en	
1-81	391-397	kracht	
1-82	397-398	,	
1-83	399-401	op	
1-84	402-403	'	
1-85	403-404	t	
1-86	405-413	luchtigh	
1-87	414-418	ruim	
1-88	418-419	,	
1-89	420-423	Van	
1-90	424-425	'	
1-91	425-426	t	
1-92	427-433	zuivre	
1-93	434-445	hemelsblaeu	
1-94	446-448	al	
1-95	449-452	dit	
1-96	453-463	meineedigh	
1-97	464-470	schuim	
1-98	471-473	Te	
1-99	474-480	vaegen	
1-100	480-481	,	
1-101	482-484	al	
1-102	485-488	dit	
1-103	489-495	spoock	
1-104	496-498	in	
1-105	499-509	duisternis	
1-106	510-512	te	
1-107	513-521	dompelen	
1-108	521-522	,	
1-109	523-526	Eer	
1-110	527-529	zy	
1-111	530-532	op	
1-112	533-534	'	
1-113	534-535	t	
1-114	536-547	ongezienste	
1-115	548-551	ons	
1-116	552-559	moghten	
1-117	560-572	overrompelen	
1-118	572-573	.	

#Text=Op dezen
#Text=last vergaêrt Gods' heirkracht in der yl
#Text=Slaghordenswijs, zoo snel gelijck een vlugge pijl,
#Text=Gedreven van de pees.
#Text=men zagh ontelbre drommen,
#Text=
#Text=In een driekantigh heir, aen alle kanten brommen,
#Text=Gelijck een driehoeck steeckt en straelt op ons gezicht.
2-1	576-578	Op	
2-2	579-584	dezen	
2-3	585-589	last	
2-4	590-598	vergaêrt	
2-5	599-603	Gods	
2-6	603-604	'	
2-7	605-615	heirkracht	
2-8	616-618	in	
2-9	619-622	der	
2-10	623-625	yl	
2-11	626-641	Slaghordenswijs	
2-12	641-642	,	
2-13	643-646	zoo	
2-14	647-651	snel	
2-15	652-659	gelijck	
2-16	660-663	een	
2-17	664-670	vlugge	
2-18	671-675	pijl	
2-19	675-676	,	
2-20	677-685	Gedreven	
2-21	686-689	van	
2-22	690-692	de	
2-23	693-697	pees	
2-24	697-698	.	
2-25	699-702	men	
2-26	703-707	zagh	
2-27	708-716	ontelbre	
2-28	717-724	drommen	
2-29	724-725	,	
2-30	727-729	In	
2-31	730-733	een	
2-32	734-745	driekantigh	
2-33	746-750	heir	
2-34	750-751	,	
2-35	752-755	aen	
2-36	756-760	alle	
2-37	761-767	kanten	
2-38	768-775	brommen	
2-39	775-776	,	
2-40	777-784	Gelijck	
2-41	785-788	een	
2-42	789-798	driehoeck	
2-43	799-806	steeckt	
2-44	807-809	en	
2-45	810-817	straelt	
2-46	818-820	op	
2-47	821-824	ons	
2-48	825-832	gezicht	
2-49	832-833	.	

#Text=Men zagh een enckelheit in een driepuntigh licht,
#Text=Zoo spiegelgladt, gelijck een diamant, geslepen;
#Text=
#Text=
#Text=Een heirspits, eer van Godt dan eenigh
3-1	836-839	Men	
3-2	840-844	zagh	
3-3	845-848	een	
3-4	849-859	enckelheit	
3-5	860-862	in	
3-6	863-866	een	
3-7	867-878	driepuntigh	
3-8	879-884	licht	
3-9	884-885	,	
3-10	886-889	Zoo	
3-11	890-902	spiegelgladt	
3-12	902-903	,	
3-13	904-911	gelijck	
3-14	912-915	een	
3-15	916-923	diamant	
3-16	923-924	,	
3-17	925-933	geslepen	
3-18	933-934	;	
3-19	937-940	Een	
3-20	941-950	heirspits	
3-21	950-951	,	
3-22	952-955	eer	
3-23	956-959	van	
3-24	960-964	Godt	
3-25	965-968	dan	
3-26	969-975	eenigh	
