#FORMAT=WebAnno TSV 3.3


#Text=Genitalium Masculi constitutio id confirmat:
#Text=innuunt idem fortissimi
#Text=illi vapores seminales, qui naribus percipiuntur;
#Text=sicubi vel pauci quidam duntaxat
#Text=
#Text=Mares, examinandi tempore
#Text=, per aliquot saltem horarum spatium simul intra capsulam
#Text=conclusi haeserunt.
1-1	2-12	Genitalium	
1-2	13-20	Masculi	
1-3	21-32	constitutio	
1-4	33-35	id	
1-5	36-45	confirmat	
1-6	45-46	:	
1-7	47-54	innuunt	
1-8	55-59	idem	
1-9	60-70	fortissimi	
1-10	71-75	illi	
1-11	76-83	vapores	
1-12	84-93	seminales	
1-13	93-94	,	
1-14	95-98	qui	
1-15	99-106	naribus	
1-16	107-119	percipiuntur	
1-17	119-120	;	
1-18	121-127	sicubi	
1-19	128-131	vel	
1-20	132-137	pauci	
1-21	138-144	quidam	
1-22	145-153	duntaxat	
1-23	155-160	Mares	
1-24	160-161	,	
1-25	162-172	examinandi	
1-26	173-180	tempore	
1-27	181-182	,	
1-28	183-186	per	
1-29	187-194	aliquot	
1-30	195-201	saltem	
1-31	202-209	horarum	
1-32	210-217	spatium	
1-33	218-223	simul	
1-34	224-229	intra	
1-35	230-238	capsulam	
1-36	239-247	conclusi	
1-37	248-257	haeserunt	
1-38	257-258	.	

#Text=Quin hactenus propositis rationibus adjungi etiam possunt
#Text=aureae
#Text=Harvei observationes; quibus profecto quam evidentissime demonstratur,
#Text=quod vel in ipsis etiam Hominibus atque Brutis
#Text=se-
#Text=
#Text=genomen men mogt hier op antwoorden, dat de Mannekens met het Wyfken de
#Text=vermenging souden aangaan, wanneer sy om het huysken, daar het Wyfken uyt
#Text=voortkomt, hangen, soo is dat ook onmogelyk van wegen de onbekwame constructie
#Text=haarer Teelleeden, om dat werk te verrigten,
#Text=alsoo sy daar ganschelyk niet toegestelt
#Text=syn.
2-1	259-263	Quin	
2-2	264-272	hactenus	
2-3	273-283	propositis	
2-4	284-294	rationibus	
2-5	295-302	adjungi	
2-6	303-308	etiam	
2-7	309-316	possunt	
2-8	317-323	aureae	
2-9	324-330	Harvei	
2-10	331-344	observationes	
2-11	344-345	;	
2-12	346-352	quibus	
2-13	353-361	profecto	
2-14	362-366	quam	
2-15	367-380	evidentissime	
2-16	381-393	demonstratur	
2-17	393-394	,	
2-18	395-399	quod	
2-19	400-403	vel	
2-20	404-406	in	
2-21	407-412	ipsis	
2-22	413-418	etiam	
2-23	419-428	Hominibus	
2-24	429-434	atque	
2-25	435-441	Brutis	
2-26	442-444	se	
2-27	444-445	-	
2-28	447-454	genomen	
2-29	455-458	men	
2-30	459-463	mogt	
2-31	464-468	hier	
2-32	469-471	op	
2-33	472-482	antwoorden	
2-34	482-483	,	
2-35	484-487	dat	
2-36	488-490	de	
2-37	491-500	Mannekens	
2-38	501-504	met	
2-39	505-508	het	
2-40	509-515	Wyfken	
2-41	516-518	de	
2-42	519-529	vermenging	
2-43	530-536	souden	
2-44	537-544	aangaan	
2-45	544-545	,	
2-46	546-553	wanneer	
2-47	554-556	sy	
2-48	557-559	om	
2-49	560-563	het	
2-50	564-571	huysken	
2-51	571-572	,	
2-52	573-577	daar	
2-53	578-581	het	
2-54	582-588	Wyfken	
2-55	589-592	uyt	
2-56	593-602	voortkomt	
2-57	602-603	,	
2-58	604-610	hangen	
2-59	610-611	,	
2-60	612-615	soo	
2-61	616-618	is	
2-62	619-622	dat	
2-63	623-626	ook	
2-64	627-636	onmogelyk	
2-65	637-640	van	
2-66	641-646	wegen	
2-67	647-649	de	
2-68	650-659	onbekwame	
2-69	660-671	constructie	
2-70	672-678	haarer	
2-71	679-689	Teelleeden	
2-72	689-690	,	
2-73	691-693	om	
2-74	694-697	dat	
2-75	698-702	werk	
2-76	703-705	te	
2-77	706-715	verrigten	
2-78	715-716	,	
2-79	717-722	alsoo	
2-80	723-725	sy	
2-81	726-730	daar	
2-82	731-741	ganschelyk	
2-83	742-746	niet	
2-84	747-757	toegestelt	
2-85	758-761	syn	
2-86	761-762	.	

#Text=Maar soo nu de opening, daar het saat door passeert, natuurelyk in de
#Text=Teelleeden is, soo kan ik geern het gevoelen van eener myner vrienden toestaan,
#Text=dat de Mannekens, als se door de andere Byen heen loopen, wel eenig saat aan
#Text=het lichaam van het Wyfken kunnen vryven, om dat vrugtbaar te maaken; maar dat
#Text=gevoelen heeft weer geen plaats, soo die opening, daar het saat door uytgaat, niet
#Text=naturel is.
3-1	763-767	Maar	
3-2	768-771	soo	
3-3	772-774	nu	
3-4	775-777	de	
3-5	778-785	opening	
3-6	785-786	,	
3-7	787-791	daar	
3-8	792-795	het	
3-9	796-800	saat	
3-10	801-805	door	
3-11	806-814	passeert	
3-12	814-815	,	
3-13	816-826	natuurelyk	
3-14	827-829	in	
3-15	830-832	de	
3-16	833-843	Teelleeden	
3-17	844-846	is	
3-18	846-847	,	
3-19	848-851	soo	
3-20	852-855	kan	
3-21	856-858	ik	
3-22	859-864	geern	
3-23	865-868	het	
3-24	869-877	gevoelen	
3-25	878-881	van	
3-26	882-887	eener	
3-27	888-893	myner	
3-28	894-902	vrienden	
3-29	903-911	toestaan	
3-30	911-912	,	
3-31	913-916	dat	
3-32	917-919	de	
3-33	920-929	Mannekens	
3-34	929-930	,	
3-35	931-934	als	
3-36	935-937	se	
3-37	938-942	door	
3-38	943-945	de	
3-39	946-952	andere	
3-40	953-957	Byen	
3-41	958-962	heen	
3-42	963-969	loopen	
3-43	969-970	,	
3-44	971-974	wel	
3-45	975-980	eenig	
3-46	981-985	saat	
3-47	986-989	aan	
3-48	990-993	het	
3-49	994-1001	lichaam	
3-50	1002-1005	van	
3-51	1006-1009	het	
3-52	1010-1016	Wyfken	
3-53	1017-1023	kunnen	
3-54	1024-1030	vryven	
3-55	1030-1031	,	
3-56	1032-1034	om	
3-57	1035-1038	dat	
3-58	1039-1048	vrugtbaar	
3-59	1049-1051	te	
3-60	1052-1058	maaken	
3-61	1058-1059	;	
3-62	1060-1064	maar	
3-63	1065-1068	dat	
3-64	1069-1077	gevoelen	
3-65	1078-1083	heeft	
3-66	1084-1088	weer	
3-67	1089-1093	geen	
3-68	1094-1100	plaats	
3-69	1100-1101	,	
3-70	1102-1105	soo	
3-71	1106-1109	die	
3-72	1110-1117	opening	
3-73	1117-1118	,	
3-74	1119-1123	daar	
3-75	1124-1127	het	
3-76	1128-1132	saat	
3-77	1133-1137	door	
3-78	1138-1145	uytgaat	
3-79	1145-1146	,	
3-80	1147-1151	niet	
3-81	1152-1159	naturel	
3-82	1160-1162	is	
3-83	1162-1163	.	

#Text=Waarom ik dan veel liever en ook waarschynelyker wil besluyten, dat het
#Text=Wyfken alleen vrugtbaar wort, door de sterke en subtiele lucht van het mannelyke
#Text=saat.
4-1	1164-1170	Waarom	
4-2	1171-1173	ik	
4-3	1174-1177	dan	
4-4	1178-1182	veel	
4-5	1183-1189	liever	
4-6	1190-1192	en	
4-7	1193-1196	ook	
4-8	1197-1212	waarschynelyker	
4-9	1213-1216	wil	
4-10	1217-1226	besluyten	
4-11	1226-1227	,	
4-12	1228-1231	dat	
4-13	1232-1235	het	
4-14	1236-1242	Wyfken	
4-15	1243-1249	alleen	
4-16	1250-1259	vrugtbaar	
4-17	1260-1264	wort	
4-18	1264-1265	,	
4-19	1266-1270	door	
4-20	1271-1273	de	
4-21	1274-1280	sterke	
4-22	1281-1283	en	
4-23	1284-1292	subtiele	
4-24	1293-1298	lucht	
4-25	1299-1302	van	
4-26	1303-1306	het	
4-27	1307-1316	mannelyke	
4-28	1317-1321	saat	
4-29	1321-1322	.	

#Text=Want kunnen agt Mannekens alleen soo een kragtige lucht van haar geeven,
#Text=wat sal dan niet het getal van vier hondert kunnen, die 'er waarschynelyk in een
#Text=Korf syn, en mogelyk nog meerder;
#Text=dat men seker sou kunnen weeten, indien men
#Text=de Mannekens, of haare huyskens, daar sy in uytgebroeit syn, telden.
5-1	1323-1327	Want	
5-2	1328-1334	kunnen	
5-3	1335-1338	agt	
5-4	1339-1348	Mannekens	
5-5	1349-1355	alleen	
5-6	1356-1359	soo	
5-7	1360-1363	een	
5-8	1364-1372	kragtige	
5-9	1373-1378	lucht	
5-10	1379-1382	van	
5-11	1383-1387	haar	
5-12	1388-1394	geeven	
5-13	1394-1395	,	
5-14	1396-1399	wat	
5-15	1400-1403	sal	
5-16	1404-1407	dan	
5-17	1408-1412	niet	
5-18	1413-1416	het	
5-19	1417-1422	getal	
5-20	1423-1426	van	
5-21	1427-1431	vier	
5-22	1432-1439	hondert	
5-23	1440-1446	kunnen	
5-24	1446-1447	,	
5-25	1448-1451	die	
5-26	1452-1453	'	
5-27	1453-1455	er	
5-28	1456-1469	waarschynelyk	
5-29	1470-1472	in	
5-30	1473-1476	een	
5-31	1477-1481	Korf	
5-32	1482-1485	syn	
5-33	1485-1486	,	
5-34	1487-1489	en	
5-35	1490-1497	mogelyk	
5-36	1498-1501	nog	
5-37	1502-1509	meerder	
5-38	1509-1510	;	
5-39	1511-1514	dat	
5-40	1515-1518	men	
5-41	1519-1524	seker	
5-42	1525-1528	sou	
5-43	1529-1535	kunnen	
5-44	1536-1542	weeten	
5-45	1542-1543	,	
5-46	1544-1550	indien	
5-47	1551-1554	men	
5-48	1555-1557	de	
5-49	1558-1567	Mannekens	
5-50	1567-1568	,	
5-51	1569-1571	of	
5-52	1572-1577	haare	
5-53	1578-1586	huyskens	
5-54	1586-1587	,	
5-55	1588-1592	daar	
5-56	1593-1595	sy	
5-57	1596-1598	in	
5-58	1599-1610	uytgebroeit	
5-59	1611-1614	syn	
5-60	1614-1615	,	
5-61	1616-1622	telden	
5-62	1622-1623	.	

#Text=Doet hier nog
#Text=by, dat ook andere Dieren, alleen door een simpele aanraaking, of besproeying van
#Text=saat, haars gelyke vrugtbaar maaken, als in de Visschen en Vogelen plaats grypt.
6-1	1624-1628	Doet	
6-2	1629-1633	hier	
6-3	1634-1637	nog	
6-4	1638-1640	by	
6-5	1640-1641	,	
6-6	1642-1645	dat	
6-7	1646-1649	ook	
6-8	1650-1656	andere	
6-9	1657-1663	Dieren	
6-10	1663-1664	,	
6-11	1665-1671	alleen	
6-12	1672-1676	door	
6-13	1677-1680	een	
6-14	1681-1688	simpele	
6-15	1689-1699	aanraaking	
6-16	1699-1700	,	
6-17	1701-1703	of	
6-18	1704-1715	besproeying	
6-19	1716-1719	van	
6-20	1720-1724	saat	
6-21	1724-1725	,	
6-22	1726-1731	haars	
6-23	1732-1738	gelyke	
6-24	1739-1748	vrugtbaar	
6-25	1749-1755	maaken	
6-26	1755-1756	,	
6-27	1757-1760	als	
6-28	1761-1763	in	
6-29	1764-1766	de	
6-30	1767-1775	Visschen	
6-31	1776-1778	en	
6-32	1779-1786	Vogelen	
6-33	1787-1793	plaats	
6-34	1794-1799	grypt	
6-35	1799-1800	.	

#Text=Al waar men in de Visschen siet, dat op de Kuyt of Eyeren, die van het Wyfken in
#Text=
#Text=Jan Swammerdam, Bybel der natuure of historie der insecten.
7-1	1803-1805	Al	
7-2	1806-1810	waar	
7-3	1811-1814	men	
7-4	1815-1817	in	
7-5	1818-1820	de	
7-6	1821-1829	Visschen	
7-7	1830-1834	siet	
7-8	1834-1835	,	
7-9	1836-1839	dat	
7-10	1840-1842	op	
7-11	1843-1845	de	
7-12	1846-1850	Kuyt	
7-13	1851-1853	of	
7-14	1854-1860	Eyeren	
7-15	1860-1861	,	
7-16	1862-1865	die	
7-17	1866-1869	van	
7-18	1870-1873	het	
7-19	1874-1880	Wyfken	
7-20	1881-1883	in	
7-21	1885-1888	Jan	
7-22	1889-1899	Swammerdam	
7-23	1899-1900	,	
7-24	1901-1906	Bybel	
7-25	1907-1910	der	
7-26	1911-1918	natuure	
7-27	1919-1921	of	
7-28	1922-1930	historie	
7-29	1931-1934	der	
7-30	1935-1943	insecten	
7-31	1943-1944	.	

#Text=Deel 1
#Text=
#Text=\f't water geschooten syn, simpelyk de hom van het Manneken gesproeyt wort: waar
#Text=door dan deselve vrugtbaar worden.
8-1	1945-1949	Deel	
8-2	1950-1951	1	
8-3	1954-1955	'	
8-4	1955-1956	t	
8-5	1957-1962	water	
8-6	1963-1973	geschooten	
8-7	1974-1977	syn	
8-8	1977-1978	,	
8-9	1979-1987	simpelyk	
8-10	1988-1990	de	
8-11	1991-1994	hom	
8-12	1995-1998	van	
8-13	1999-2002	het	
8-14	2003-2011	Manneken	
8-15	2012-2021	gesproeyt	
8-16	2022-2026	wort	
8-17	2026-2027	:	
8-18	2028-2032	waar	
8-19	2033-2037	door	
8-20	2038-2041	dan	
8-21	2042-2049	deselve	
8-22	2050-2059	vrugtbaar	
8-23	2060-2066	worden	
8-24	2066-2067	.	

#Text=In het Haft gaat dit meede soo toe, alwaar het
#Text=Wyfken in de lucht vliegende haare Eyeren in 't water schiet, dewelke van het
#Text=Manneken opgesogt synde, door syn saat of Hom besproeyt, en vrugtbaar gemaakt
#Text=worden.
9-1	2068-2070	In	
9-2	2071-2074	het	
9-3	2075-2079	Haft	
9-4	2080-2084	gaat	
9-5	2085-2088	dit	
9-6	2089-2094	meede	
9-7	2095-2098	soo	
9-8	2099-2102	toe	
9-9	2102-2103	,	
9-10	2104-2110	alwaar	
9-11	2111-2114	het	
9-12	2115-2121	Wyfken	
9-13	2122-2124	in	
9-14	2125-2127	de	
9-15	2128-2133	lucht	
9-16	2134-2143	vliegende	
9-17	2144-2149	haare	
9-18	2150-2156	Eyeren	
9-19	2157-2159	in	
9-20	2160-2161	'	
9-21	2161-2162	t	
9-22	2163-2168	water	
9-23	2169-2175	schiet	
9-24	2175-2176	,	
9-25	2177-2184	dewelke	
9-26	2185-2188	van	
9-27	2189-2192	het	
9-28	2193-2201	Manneken	
9-29	2202-2210	opgesogt	
9-30	2211-2216	synde	
9-31	2216-2217	,	
9-32	2218-2222	door	
9-33	2223-2226	syn	
9-34	2227-2231	saat	
9-35	2232-2234	of	
9-36	2235-2238	Hom	
9-37	2239-2248	besproeyt	
9-38	2248-2249	,	
9-39	2250-2252	en	
9-40	2253-2262	vrugtbaar	
9-41	2263-2270	gemaakt	
9-42	2271-2277	worden	
9-43	2277-2278	.	

#Text=En gelyk in de Visschen het water het middel is, waar door de kragt van
#Text=het saat tot de vrugtbaarheid der Eyeren deselve meede gedeelt wort;
#Text=waarom sou
#Text=men het dan soo wonderlyk vinden, dat hier in de Byen de lucht het middel was,
#Text=waar door de subtiele deelen van het saat, in de lucht van de Bye korf verspreit
#Text=weesende, tot de vrugtbaarheid van den Eierstok in het Wyfken overgevoert wiert?
10-1	2279-2281	En	
10-2	2282-2287	gelyk	
10-3	2288-2290	in	
10-4	2291-2293	de	
10-5	2294-2302	Visschen	
10-6	2303-2306	het	
10-7	2307-2312	water	
10-8	2313-2316	het	
10-9	2317-2323	middel	
10-10	2324-2326	is	
10-11	2326-2327	,	
10-12	2328-2332	waar	
10-13	2333-2337	door	
10-14	2338-2340	de	
10-15	2341-2346	kragt	
10-16	2347-2350	van	
10-17	2351-2354	het	
10-18	2355-2359	saat	
10-19	2360-2363	tot	
10-20	2364-2366	de	
10-21	2367-2380	vrugtbaarheid	
10-22	2381-2384	der	
10-23	2385-2391	Eyeren	
10-24	2392-2399	deselve	
10-25	2400-2405	meede	
10-26	2406-2413	gedeelt	
10-27	2414-2418	wort	
10-28	2418-2419	;	
10-29	2420-2426	waarom	
10-30	2427-2430	sou	
10-31	2431-2434	men	
10-32	2435-2438	het	
10-33	2439-2442	dan	
10-34	2443-2446	soo	
10-35	2447-2456	wonderlyk	
10-36	2457-2463	vinden	
10-37	2463-2464	,	
10-38	2465-2468	dat	
10-39	2469-2473	hier	
10-40	2474-2476	in	
10-41	2477-2479	de	
10-42	2480-2484	Byen	
10-43	2485-2487	de	
10-44	2488-2493	lucht	
10-45	2494-2497	het	
10-46	2498-2504	middel	
10-47	2505-2508	was	
10-48	2508-2509	,	
10-49	2510-2514	waar	
10-50	2515-2519	door	
10-51	2520-2522	de	
10-52	2523-2531	subtiele	
10-53	2532-2538	deelen	
10-54	2539-2542	van	
10-55	2543-2546	het	
10-56	2547-2551	saat	
10-57	2551-2552	,	
10-58	2553-2555	in	
10-59	2556-2558	de	
10-60	2559-2564	lucht	
10-61	2565-2568	van	
10-62	2569-2571	de	
10-63	2572-2575	Bye	
10-64	2576-2580	korf	
10-65	2581-2590	verspreit	
10-66	2591-2599	weesende	
10-67	2599-2600	,	
10-68	2601-2604	tot	
10-69	2605-2607	de	
10-70	2608-2621	vrugtbaarheid	
10-71	2622-2625	van	
10-72	2626-2629	den	
10-73	2630-2638	Eierstok	
10-74	2639-2641	in	
10-75	2642-2645	het	
10-76	2646-2652	Wyfken	
10-77	2653-2664	overgevoert	
10-78	2665-2670	wiert	
10-79	2670-2671	?	
