#FORMAT=WebAnno TSV 3.3


#Text=Hi-
#Text=
#Text=4 stor.
1-1	2-4	Hi	
1-2	4-5	-	
1-3	7-8	4	
1-4	9-13	stor	
1-5	13-14	.	

#Text=Brasil. gevonden te worden in de Brasilische koebeesten, die hy
#Text=Tophos Pilosos
#Text=
#Text=
#Text=Jumentorum noemt:
#Text=Deze koebeesten gaan langen tyd kuchende en quynende tot dat ze
#Text=
#Text=sterven, gelyk de bokken, die den Bezoar hebben, dezelve ballen zyn gansch haai-
#Text=
#Text=rig van buiten met een zwantachtige harde en gladde huid omgeven:
#Text=Hy oordeelt
#Text=
#Text=zige dat ze komen als de koebeesten op haar vel jeuken gevoelen, het welk zy met byten
#Text=
#Text=6 in de huid verdryven, willende eenige haairtjes uitrukken en inzwelgen, die dan on-
#Text=
#Text=verdoulyk in de mage zittende met de voorschreve slymerige huid omgeven vorden.
2-1	15-21	Brasil	
2-2	21-22	.	
2-3	23-31	gevonden	
2-4	32-34	te	
2-5	35-41	worden	
2-6	42-44	in	
2-7	45-47	de	
2-8	48-59	Brasilische	
2-9	60-70	koebeesten	
2-10	70-71	,	
2-11	72-75	die	
2-12	76-78	hy	
2-13	79-85	Tophos	
2-14	86-93	Pilosos	
2-15	96-106	Jumentorum	
2-16	107-112	noemt	
2-17	112-113	:	
2-18	114-118	Deze	
2-19	119-129	koebeesten	
2-20	130-134	gaan	
2-21	135-141	langen	
2-22	142-145	tyd	
2-23	146-154	kuchende	
2-24	155-157	en	
2-25	158-166	quynende	
2-26	167-170	tot	
2-27	171-174	dat	
2-28	175-177	ze	
2-29	179-186	sterven	
2-30	186-187	,	
2-31	188-193	gelyk	
2-32	194-196	de	
2-33	197-203	bokken	
2-34	203-204	,	
2-35	205-208	die	
2-36	209-212	den	
2-37	213-219	Bezoar	
2-38	220-226	hebben	
2-39	226-227	,	
2-40	228-235	dezelve	
2-41	236-242	ballen	
2-42	243-246	zyn	
2-43	247-253	gansch	
2-44	254-258	haai	
2-45	258-259	-	
2-46	261-264	rig	
2-47	265-268	van	
2-48	269-275	buiten	
2-49	276-279	met	
2-50	280-283	een	
2-51	284-296	zwantachtige	
2-52	297-302	harde	
2-53	303-305	en	
2-54	306-312	gladde	
2-55	313-317	huid	
2-56	318-325	omgeven	
2-57	325-326	:	
2-58	327-329	Hy	
2-59	330-338	oordeelt	
2-60	340-344	zige	
2-61	345-348	dat	
2-62	349-351	ze	
2-63	352-357	komen	
2-64	358-361	als	
2-65	362-364	de	
2-66	365-375	koebeesten	
2-67	376-378	op	
2-68	379-383	haar	
2-69	384-387	vel	
2-70	388-394	jeuken	
2-71	395-403	gevoelen	
2-72	403-404	,	
2-73	405-408	het	
2-74	409-413	welk	
2-75	414-416	zy	
2-76	417-420	met	
2-77	421-426	byten	
2-78	428-429	6	
2-79	430-432	in	
2-80	433-435	de	
2-81	436-440	huid	
2-82	441-450	verdryven	
2-83	450-451	,	
2-84	452-460	willende	
2-85	461-467	eenige	
2-86	468-477	haairtjes	
2-87	478-487	uitrukken	
2-88	488-490	en	
2-89	491-500	inzwelgen	
2-90	500-501	,	
2-91	502-505	die	
2-92	506-509	dan	
2-93	510-512	on	
2-94	512-513	-	
2-95	515-524	verdoulyk	
2-96	525-527	in	
2-97	528-530	de	
2-98	531-535	mage	
2-99	536-544	zittende	
2-100	545-548	met	
2-101	549-551	de	
2-102	552-563	voorschreve	
2-103	564-573	slymerige	
2-104	574-578	huid	
2-105	579-586	omgeven	
2-106	587-593	vorden	
2-107	593-594	.	

#Text=DE WWWWWWWW
#Text=
#Text=de wilde
#Text=Varkens zyn kan, welkers ballen buiten lichtgrauw en ruig, binnen van rosse
#Text=
#Text=haairtjes gemaakt schynen, daar de Varkens hier te lande allegaar zwarte haairen heb-
#Text=
#Text=ben.
3-1	597-599	DE	
3-2	600-608	WWWWWWWW	
3-3	610-612	de	
3-4	613-618	wilde	
3-5	619-626	Varkens	
3-6	627-630	zyn	
3-7	631-634	kan	
3-8	634-635	,	
3-9	636-643	welkers	
3-10	644-650	ballen	
3-11	651-657	buiten	
3-12	658-668	lichtgrauw	
3-13	669-671	en	
3-14	672-676	ruig	
3-15	676-677	,	
3-16	678-684	binnen	
3-17	685-688	van	
3-18	689-694	rosse	
3-19	696-705	haairtjes	
3-20	706-713	gemaakt	
3-21	714-721	schynen	
3-22	721-722	,	
3-23	723-727	daar	
3-24	728-730	de	
3-25	731-738	Varkens	
3-26	739-743	hier	
3-27	744-746	te	
3-28	747-752	lande	
3-29	753-761	allegaar	
3-30	762-768	zwarte	
3-31	769-776	haairen	
3-32	777-780	heb	
3-33	780-781	-	
3-34	783-786	ben	
3-35	786-787	.	

#Text=wr ge
#Text=Het gebruik van de Brasilische Tophus is gewreeven en ingenomen tegens een lang-
#Text=
#Text=sin duurige dsentheria, van buiten als haazen haairen opgelegt, stillet het bloeden der 
#Text=
#Text=neuzen, 't welk Piso zegt bevonden te zyn.
4-1	790-792	wr	
4-2	793-795	ge	
4-3	796-799	Het	
4-4	800-807	gebruik	
4-5	808-811	van	
4-6	812-814	de	
4-7	815-826	Brasilische	
4-8	827-833	Tophus	
4-9	834-836	is	
4-10	837-846	gewreeven	
4-11	847-849	en	
4-12	850-859	ingenomen	
4-13	860-866	tegens	
4-14	867-870	een	
4-15	871-875	lang	
4-16	875-876	-	
4-17	878-881	sin	
4-18	882-889	duurige	
4-19	890-900	dsentheria	
4-20	900-901	,	
4-21	902-905	van	
4-22	906-912	buiten	
4-23	913-916	als	
4-24	917-923	haazen	
4-25	924-931	haairen	
4-26	932-940	opgelegt	
4-27	940-941	,	
4-28	942-949	stillet	
4-29	950-953	het	
4-30	954-961	bloeden	
4-31	962-965	der	
4-32	968-974	neuzen	
4-33	974-975	,	
4-34	976-977	'	
4-35	977-978	t	
4-36	979-983	welk	
4-37	984-988	Piso	
4-38	989-993	zegt	
4-39	994-1002	bevonden	
4-40	1003-1005	te	
4-41	1006-1009	zyn	
4-42	1009-1010	.	

#Text=De amboinsche Varkensteenen worden ge-
#Text=
#Text=brandt, en men laat de Jagthonden daar aan rieken om gretig op het wild te wor-
#Text=
#Text=den.
#Text=1 
#Text=
#Text=Om-
#Text=
#Text=RARITEIT-RAMER.
5-1	1011-1013	De	
5-2	1014-1024	amboinsche	
5-3	1025-1038	Varkensteenen	
5-4	1039-1045	worden	
5-5	1046-1048	ge	
5-6	1048-1049	-	
5-7	1051-1057	brandt	
5-8	1057-1058	,	
5-9	1059-1061	en	
5-10	1062-1065	men	
5-11	1066-1070	laat	
5-12	1071-1073	de	
5-13	1074-1084	Jagthonden	
5-14	1085-1089	daar	
5-15	1090-1093	aan	
5-16	1094-1100	rieken	
5-17	1101-1103	om	
5-18	1104-1110	gretig	
5-19	1111-1113	op	
5-20	1114-1117	het	
5-21	1118-1122	wild	
5-22	1123-1125	te	
5-23	1126-1129	wor	
5-24	1129-1130	-	
5-25	1132-1135	den	
5-26	1135-1136	.	
5-27	1137-1138	1	
5-28	1141-1143	Om	
5-29	1143-1144	-	
5-30	1146-1160	RARITEIT-RAMER	
5-31	1160-1161	.	

#Text=II Boek.
#Text=99 
#Text=
#Text=Waar de 
#Text=
#Text=Sineschen appel, buiten zwart als pik, binnen vol groffe en steekelige hairen, meest 
#Text=
#Text=van Gomoetoe:
#Text=Den welken ik gisse voortgebragt te zyn, dewyl de koebeesten de jon-bDes bryvers
#Text=
#Text=ge bladeren van den Saguweersboom gaeme eeten, als mede de Ela of zemelen van 4 
#Text=
#Text=
#Text=Zagoemeel, daar zy dan buiten twyffel veele haiten van Gomoetoe mede inslokken, die --ve 
#Text=
#Text=gich dan in de maagen zetten en t' zamen rollen, en dagelyks met nieuwe slym omge-
#Text=
#Text=ven worden.
6-1	1162-1164	II	
6-2	1165-1169	Boek	
6-3	1169-1170	.	
6-4	1171-1173	99	
6-5	1176-1180	Waar	
6-6	1181-1183	de	
6-7	1186-1195	Sineschen	
6-8	1196-1201	appel	
6-9	1201-1202	,	
6-10	1203-1209	buiten	
6-11	1210-1215	zwart	
6-12	1216-1219	als	
6-13	1220-1223	pik	
6-14	1223-1224	,	
6-15	1225-1231	binnen	
6-16	1232-1235	vol	
6-17	1236-1242	groffe	
6-18	1243-1245	en	
6-19	1246-1256	steekelige	
6-20	1257-1263	hairen	
6-21	1263-1264	,	
6-22	1265-1270	meest	
6-23	1273-1276	van	
6-24	1277-1285	Gomoetoe	
6-25	1285-1286	:	
6-26	1287-1290	Den	
6-27	1291-1297	welken	
6-28	1298-1300	ik	
6-29	1301-1306	gisse	
6-30	1307-1319	voortgebragt	
6-31	1320-1322	te	
6-32	1323-1326	zyn	
6-33	1326-1327	,	
6-34	1328-1333	dewyl	
6-35	1334-1336	de	
6-36	1337-1347	koebeesten	
6-37	1348-1350	de	
6-38	1351-1359	jon-bDes	
6-39	1360-1367	bryvers	
6-40	1369-1371	ge	
6-41	1372-1380	bladeren	
6-42	1381-1384	van	
6-43	1385-1388	den	
6-44	1389-1402	Saguweersboom	
6-45	1403-1408	gaeme	
6-46	1409-1414	eeten	
6-47	1414-1415	,	
6-48	1416-1419	als	
6-49	1420-1424	mede	
6-50	1425-1427	de	
6-51	1428-1431	Ela	
6-52	1432-1434	of	
6-53	1435-1442	zemelen	
6-54	1443-1446	van	
6-55	1447-1448	4	
6-56	1452-1461	Zagoemeel	
6-57	1461-1462	,	
6-58	1463-1467	daar	
6-59	1468-1470	zy	
6-60	1471-1474	dan	
6-61	1475-1481	buiten	
6-62	1482-1489	twyffel	
6-63	1490-1495	veele	
6-64	1496-1502	haiten	
6-65	1503-1506	van	
6-66	1507-1515	Gomoetoe	
6-67	1516-1520	mede	
6-68	1521-1530	inslokken	
6-69	1530-1531	,	
6-70	1532-1535	die	
6-71	1536-1537	-	
6-72	1537-1538	-	
6-73	1538-1540	ve	
6-74	1543-1547	gich	
6-75	1548-1551	dan	
6-76	1552-1554	in	
6-77	1555-1557	de	
6-78	1558-1564	maagen	
6-79	1565-1571	zetten	
6-80	1572-1574	en	
6-81	1575-1576	t	
6-82	1576-1577	'	
6-83	1578-1583	zamen	
6-84	1584-1590	rollen	
6-85	1590-1591	,	
6-86	1592-1594	en	
6-87	1595-1603	dagelyks	
6-88	1604-1607	met	
6-89	1608-1614	nieuwe	
6-90	1615-1619	slym	
6-91	1620-1624	omge	
6-92	1624-1625	-	
6-93	1627-1630	ven	
6-94	1631-1637	worden	
6-95	1637-1638	.	

#Text=In een ouden Poollchen
#Text=Bok totCracauis
#Text=in zynen blaas gevonden
7-1	1642-1644	In	
7-2	1645-1648	een	
7-3	1649-1654	ouden	
7-4	1655-1664	Poollchen	
7-5	1665-1668	Bok	
7-6	1669-1680	totCracauis	
7-7	1681-1683	in	
7-8	1684-1689	zynen	
7-9	1690-1695	blaas	
7-10	1696-1704	gevonden	
