#FORMAT=WebAnno TSV 3.3
#T_SP=custom.Span|label
#T_RL=custom.Relation|label|BT_custom.Span


#Text=[460/0482
#Text=]
#Text=
#Text=
#Text=Der Landtſtoͤrtzer.
1-1	4-5	[	_	_	_	
1-2	5-8	460	_	_	_	
1-3	8-9	/	_	_	_	
1-4	9-13	0482	_	_	_	
1-5	14-15	]	_	_	_	
1-6	18-21	Der	_	_	_	
1-7	22-36	Landtſtoͤrtzer	_	_	_	
1-8	36-37	.	_	_	_	

#Text=bey jhr/ daß ſie anfing jhren Bauch zuklagen
#Text=
#Text=vnd ſich zuſtellen/ als ob ſie ſich wolte retini-
#Text=ren vñ abwegs hinweg gehen wolte:
#Text=Jch aber
#Text=erwiſchte ſie hinderwerts/ hebte jhr den Rock
#Text=
#Text=auff/ vnnd hielte ſie ſo lang/
#Text=biß letztlichen
#Text=ſie
#Text=anfing vnden vnnd oben außzuwerffen/
#Text=vnnd
#Text=den Zuſehern einen ſehꝛ lieblichen Biſem vnd
#Text=geruch zumachen.
2-1	41-44	bey	_	_	_	
2-2	45-48	jhr	_	_	_	
2-3	48-49	/	_	_	_	
2-4	50-53	daß	_	_	_	
2-5	54-57	ſie	_	_	_	
2-6	58-64	anfing	_	_	_	
2-7	65-70	jhren	_	_	_	
2-8	71-76	Bauch	_	_	_	
2-9	77-85	zuklagen	_	_	_	
2-10	87-90	vnd	_	_	_	
2-11	91-95	ſich	_	_	_	
2-12	96-105	zuſtellen	_	_	_	
2-13	105-106	/	_	_	_	
2-14	107-110	als	_	_	_	
2-15	111-113	ob	_	_	_	
2-16	114-117	ſie	_	_	_	
2-17	118-122	ſich	_	_	_	
2-18	123-128	wolte	_	_	_	
2-19	129-135	retini	_	_	_	
2-20	135-136	-	_	_	_	
2-21	137-140	ren	_	_	_	
2-22	141-144	vñ	_	_	_	
2-23	145-151	abwegs	_	_	_	
2-24	152-158	hinweg	_	_	_	
2-25	159-164	gehen	_	_	_	
2-26	165-170	wolte	_	_	_	
2-27	170-171	:	_	_	_	
2-28	172-175	Jch	_	_	_	
2-29	176-180	aber	_	_	_	
2-30	181-190	erwiſchte	_	_	_	
2-31	191-194	ſie	_	_	_	
2-32	195-206	hinderwerts	_	_	_	
2-33	206-207	/	_	_	_	
2-34	208-213	hebte	_	_	_	
2-35	214-217	jhr	_	_	_	
2-36	218-221	den	_	_	_	
2-37	222-226	Rock	_	_	_	
2-38	228-232	auff	_	_	_	
2-39	232-233	/	_	_	_	
2-40	234-238	vnnd	_	_	_	
2-41	239-245	hielte	_	_	_	
2-42	246-249	ſie	_	_	_	
2-43	250-252	ſo	_	_	_	
2-44	253-257	lang	_	_	_	
2-45	257-258	/	_	_	_	
2-46	259-262	biß	_	_	_	
2-47	263-274	letztlichen	_	_	_	
2-48	275-278	ſie	Odour\_Carrier	_	_	
2-49	279-285	anfing	_	_	_	
2-50	286-291	vnden	_	_	_	
2-51	292-296	vnnd	_	_	_	
2-52	297-301	oben	_	_	_	
2-53	302-314	außzuwerffen	_	_	_	
2-54	314-315	/	_	_	_	
2-55	316-320	vnnd	_	_	_	
2-56	321-324	den	_	_	_	
2-57	325-333	Zuſehern	Perceiver	_	_	
2-58	334-339	einen	_	_	_	
2-59	340-344	ſehꝛ	Quality	_	_	
2-60	345-355	lieblichen	Quality	*	2-59	
2-61	356-361	Biſem	Smell\_Source	_	_	
2-62	362-365	vnd	_	_	_	
2-63	366-372	geruch	Smell\_Word	_	_	
2-64	373-381	zumachen	_	_	_	
2-65	381-382	.	_	_	_	

#Text=Das gelaͤchter war groß/
#Text=a-
#Text=
#Text=ber der danck war klein/ dann mein Herꝛ gab
#Text=
#Text=mir Bruͤgelſuppen zu freſſen.
3-1	383-386	Das	_	_	_	
3-2	387-397	gelaͤchter	_	_	_	
3-3	398-401	war	_	_	_	
3-4	402-406	groß	_	_	_	
3-5	406-407	/	_	_	_	
3-6	408-409	a	_	_	_	
3-7	409-410	-	_	_	_	
3-8	412-415	ber	_	_	_	
3-9	416-419	der	_	_	_	
3-10	420-425	danck	_	_	_	
3-11	426-429	war	_	_	_	
3-12	430-435	klein	_	_	_	
3-13	435-436	/	_	_	_	
3-14	437-441	dann	_	_	_	
3-15	442-446	mein	_	_	_	
3-16	447-451	Herꝛ	_	_	_	
3-17	452-455	gab	_	_	_	
3-18	457-460	mir	_	_	_	
3-19	461-474	Bruͤgelſuppen	_	_	_	
3-20	475-477	zu	_	_	_	
3-21	478-485	freſſen	_	_	_	
3-22	485-486	.	_	_	_	

#Text=Capvt LV.
4-1	490-495	Capvt	_	_	_	
4-2	496-498	LV	_	_	_	
4-3	498-499	.	_	_	_	

#Text=Guſman erzehlt/ was er fuͤr ſeltza-
#Text=me Wirth vnnd Wirthshaͤuſer in
#Text=Teutſchlandt angetrof-
#Text=fen.
5-1	501-507	Guſman	_	_	_	
5-2	508-515	erzehlt	_	_	_	
5-3	515-516	/	_	_	_	
5-4	517-520	was	_	_	_	
5-5	521-523	er	_	_	_	
5-6	524-528	fuͤr	_	_	_	
5-7	529-535	ſeltza	_	_	_	
5-8	535-536	-	_	_	_	
5-9	537-539	me	_	_	_	
5-10	540-545	Wirth	_	_	_	
5-11	546-550	vnnd	_	_	_	
5-12	551-564	Wirthshaͤuſer	_	_	_	
5-13	565-567	in	_	_	_	
5-14	568-580	Teutſchlandt	_	_	_	
5-15	581-589	angetrof	_	_	_	
5-16	589-590	-	_	_	_	
5-17	591-594	fen	_	_	_	
5-18	594-595	.	_	_	_	

#Text=JN deme ich nun ſambt meiner Come-
#Text=diantiſchen geſellſchaft alſo hin vñ wi-
#Text=der in Teutſchlandt vmbzohen/ traf-
#Text=fen
6-1	599-601	JN	_	_	_	
6-2	602-606	deme	_	_	_	
6-3	607-610	ich	_	_	_	
6-4	611-614	nun	_	_	_	
6-5	615-620	ſambt	_	_	_	
6-6	621-627	meiner	_	_	_	
6-7	628-632	Come	_	_	_	
6-8	632-633	-	_	_	_	
6-9	634-645	diantiſchen	_	_	_	
6-10	646-658	geſellſchaft	_	_	_	
6-11	659-663	alſo	_	_	_	
6-12	664-667	hin	_	_	_	
6-13	668-671	vñ	_	_	_	
6-14	672-674	wi	_	_	_	
6-15	674-675	-	_	_	_	
6-16	676-679	der	_	_	_	
6-17	680-682	in	_	_	_	
6-18	683-695	Teutſchlandt	_	_	_	
6-19	696-704	vmbzohen	_	_	_	
6-20	704-705	/	_	_	_	
6-21	706-710	traf	_	_	_	
6-22	710-711	-	_	_	_	
6-23	712-715	fen	_	_	_	
