#FORMAT=WebAnno TSV 3.3


#Text=het is heyligheyt, sy sal ulieden heyligheyt zijn.
#Text=
#Text=33
#Text=
#Text=De man die sulck een salve maken sal, als dese, ofte die daer van And. op yemants vreemts.
#Text=op wat vreemts doet, Siet Genes.
#Text=17.
#Text=vers 14.
#Text=die sal uytgeroeyt worden uyt sijne volckeren.
#Text=
#Text=34
#Text=
#Text=Voorder seyde de HEERE tot Mose, Neemt tot u welrieckende specerijen, 
#Text= Of, balsemdrop.
1-1	2-5	het	
1-2	6-8	is	
1-3	9-19	heyligheyt	
1-4	19-20	,	
1-5	21-23	sy	
1-6	24-27	sal	
1-7	28-35	ulieden	
1-8	36-46	heyligheyt	
1-9	47-51	zijn	
1-10	51-52	.	
1-11	54-56	33	
1-12	58-60	De	
1-13	61-64	man	
1-14	65-68	die	
1-15	69-74	sulck	
1-16	75-78	een	
1-17	79-84	salve	
1-18	85-90	maken	
1-19	91-94	sal	
1-20	94-95	,	
1-21	96-99	als	
1-22	100-104	dese	
1-23	104-105	,	
1-24	106-110	ofte	
1-25	111-114	die	
1-26	115-119	daer	
1-27	120-123	van	
1-28	124-127	And	
1-29	127-128	.	
1-30	129-131	op	
1-31	132-139	yemants	
1-32	140-147	vreemts	
1-33	147-148	.	
1-34	149-151	op	
1-35	152-155	wat	
1-36	156-163	vreemts	
1-37	164-168	doet	
1-38	168-169	,	
1-39	170-174	Siet	
1-40	175-180	Genes	
1-41	180-181	.	
1-42	182-184	17	
1-43	184-185	.	
1-44	186-190	vers	
1-45	191-193	14	
1-46	193-194	.	
1-47	195-198	die	
1-48	199-202	sal	
1-49	203-213	uytgeroeyt	
1-50	214-220	worden	
1-51	221-224	uyt	
1-52	225-230	sijne	
1-53	231-240	volckeren	
1-54	240-241	.	
1-55	243-245	34	
1-56	247-254	Voorder	
1-57	255-260	seyde	
1-58	261-263	de	
1-59	264-269	HEERE	
1-60	270-273	tot	
1-61	274-278	Mose	
1-62	278-279	,	
1-63	280-285	Neemt	
1-64	286-289	tot	
1-65	290-291	u	
1-66	292-304	welrieckende	
1-67	305-315	specerijen	
1-68	315-316	,	
1-69	319-321	Of	
1-70	321-322	,	
1-71	323-333	balsemdrop	
1-72	333-334	.	

#Text=Myrren-sap, ende
#Text=Een soorte van specerije, die men in het reuckwerck gebruyckte.
2-1	335-345	Myrren-sap	
2-2	345-346	,	
2-3	347-351	ende	
2-4	352-355	Een	
2-5	356-362	soorte	
2-6	363-366	van	
2-7	367-376	specerije	
2-8	376-377	,	
2-9	378-381	die	
2-10	382-385	men	
2-11	386-388	in	
2-12	389-392	het	
2-13	393-403	reuckwerck	
2-14	404-414	gebruyckte	
2-15	414-415	.	

#Text=Oniche, ende Galban, [dese] welrieckende specerijen, ende suyveren wieroock:
#Text=dat Hebr.
#Text=dat alleen by alleen zy, D. elck sal voor sich, sonder met eenige andere vochtigheyt vermenght te zijn, gestooten, ende alsoo reyn zijnde, te samen in een masse vermenght worden.
#Text=elck bysonder zy.
#Text=
#Text=35
#Text=
#Text=
#Text=Ende
#Text=T.w.
3-1	416-422	Oniche	
3-2	422-423	,	
3-3	424-428	ende	
3-4	429-435	Galban	
3-5	435-436	,	
3-6	437-438	[	
3-7	438-442	dese	
3-8	442-443	]	
3-9	444-456	welrieckende	
3-10	457-467	specerijen	
3-11	467-468	,	
3-12	469-473	ende	
3-13	474-482	suyveren	
3-14	483-491	wieroock	
3-15	491-492	:	
3-16	493-496	dat	
3-17	497-501	Hebr	
3-18	501-502	.	
3-19	503-506	dat	
3-20	507-513	alleen	
3-21	514-516	by	
3-22	517-523	alleen	
3-23	524-526	zy	
3-24	526-527	,	
3-25	528-529	D	
3-26	529-530	.	
3-27	531-535	elck	
3-28	536-539	sal	
3-29	540-544	voor	
3-30	545-549	sich	
3-31	549-550	,	
3-32	551-557	sonder	
3-33	558-561	met	
3-34	562-568	eenige	
3-35	569-575	andere	
3-36	576-587	vochtigheyt	
3-37	588-597	vermenght	
3-38	598-600	te	
3-39	601-605	zijn	
3-40	605-606	,	
3-41	607-616	gestooten	
3-42	616-617	,	
3-43	618-622	ende	
3-44	623-628	alsoo	
3-45	629-633	reyn	
3-46	634-640	zijnde	
3-47	640-641	,	
3-48	642-644	te	
3-49	645-650	samen	
3-50	651-653	in	
3-51	654-657	een	
3-52	658-663	masse	
3-53	664-673	vermenght	
3-54	674-680	worden	
3-55	680-681	.	
3-56	682-686	elck	
3-57	687-695	bysonder	
3-58	696-698	zy	
3-59	698-699	.	
3-60	701-703	35	
3-61	706-710	Ende	
3-62	711-714	T.w	
3-63	714-715	.	

#Text=Mose
4-1	716-720	Mose	
