#FORMAT=WebAnno TSV 3.3


#Text=Eerste deel
#Text=
#Text=\f
#Text=332
#Text=
#Text=+
#Text=
#Text=zyn my altyd als heldere, lichte, eenigzins bleek roode Kringen voorgekomen, en
#Text=ik heb dezelven niet gezien, dan met eene betrokken, of, om het naar de gewoonte +LUGTVERSCHYNSELS.
1-1	2-8	Eerste	
1-2	9-13	deel	
1-3	17-20	332	
1-4	22-23	+	
1-5	25-28	zyn	
1-6	29-31	my	
1-7	32-37	altyd	
1-8	38-41	als	
1-9	42-49	heldere	
1-10	49-50	,	
1-11	51-57	lichte	
1-12	57-58	,	
1-13	59-68	eenigzins	
1-14	69-74	bleek	
1-15	75-80	roode	
1-16	81-88	Kringen	
1-17	89-100	voorgekomen	
1-18	100-101	,	
1-19	102-104	en	
1-20	105-107	ik	
1-21	108-111	heb	
1-22	112-120	dezelven	
1-23	121-125	niet	
1-24	126-132	gezien	
1-25	132-133	,	
1-26	134-137	dan	
1-27	138-141	met	
1-28	142-146	eene	
1-29	147-156	betrokken	
1-30	156-157	,	
1-31	158-160	of	
1-32	160-161	,	
1-33	162-164	om	
1-34	165-168	het	
1-35	169-173	naar	
1-36	174-176	de	
1-37	177-185	gewoonte	
1-38	186-187	+	
1-39	187-203	LUGTVERSCHYNSELS	
1-40	203-204	.	

#Text=van onzen
#Text=Landaart uit te drukken, bewalmde lugt.
2-1	206-209	van	
2-2	210-215	onzen	
2-3	216-224	Landaart	
2-4	225-228	uit	
2-5	229-231	te	
2-6	232-239	drukken	
2-7	239-240	,	
2-8	241-249	bewalmde	
2-9	250-254	lugt	
2-10	254-255	.	

#Text=Ze zyn aan veele inwoonders
#Text=in Holland, byzonder op het platte land, over bekend; en dezelven noemen dit
#Text=verschynsel een Zonne-rad, gelyk zy de Kringen om de Maan, een Maan-rad, of
#Text=een rad om de Maan noemen; van welk laatste my nu, als het bovengemelde, met
#Text=opzigt tot het eerste, naar den eisch van myn ontwerp voldoende agtende, nog iets
#Text=te melden staat
3-1	256-258	Ze	
3-2	259-262	zyn	
3-3	263-266	aan	
3-4	267-272	veele	
3-5	273-283	inwoonders	
3-6	284-286	in	
3-7	287-294	Holland	
3-8	294-295	,	
3-9	296-304	byzonder	
3-10	305-307	op	
3-11	308-311	het	
3-12	312-318	platte	
3-13	319-323	land	
3-14	323-324	,	
3-15	325-329	over	
3-16	330-336	bekend	
3-17	336-337	;	
3-18	338-340	en	
3-19	341-349	dezelven	
3-20	350-356	noemen	
3-21	357-360	dit	
3-22	361-372	verschynsel	
3-23	373-376	een	
3-24	377-386	Zonne-rad	
3-25	386-387	,	
3-26	388-393	gelyk	
3-27	394-396	zy	
3-28	397-399	de	
3-29	400-407	Kringen	
3-30	408-410	om	
3-31	411-413	de	
3-32	414-418	Maan	
3-33	418-419	,	
3-34	420-423	een	
3-35	424-432	Maan-rad	
3-36	432-433	,	
3-37	434-436	of	
3-38	437-440	een	
3-39	441-444	rad	
3-40	445-447	om	
3-41	448-450	de	
3-42	451-455	Maan	
3-43	456-462	noemen	
3-44	462-463	;	
3-45	464-467	van	
3-46	468-472	welk	
3-47	473-480	laatste	
3-48	481-483	my	
3-49	484-486	nu	
3-50	486-487	,	
3-51	488-491	als	
3-52	492-495	het	
3-53	496-508	bovengemelde	
3-54	508-509	,	
3-55	510-513	met	
3-56	514-520	opzigt	
3-57	521-524	tot	
3-58	525-528	het	
3-59	529-535	eerste	
3-60	535-536	,	
3-61	537-541	naar	
3-62	542-545	den	
3-63	546-551	eisch	
3-64	552-555	van	
3-65	556-559	myn	
3-66	560-567	ontwerp	
3-67	568-577	voldoende	
3-68	578-585	agtende	
3-69	585-586	,	
3-70	587-590	nog	
3-71	591-595	iets	
3-72	596-598	te	
3-73	599-605	melden	
3-74	606-611	staat	

#Text=.
4-1	611-612	.	

#Text=+
#Text=
#Text=De Raden of Kringen
#Text=om de Maan zyn vry gemeender bekend, en worden, van
#Text=+
#Text=de meeste menschen met zoo veel verwondering niet beschouwd als de
#Text=MAANKRINGEN.
5-1	614-615	+	
5-2	617-619	De	
5-3	620-625	Raden	
5-4	626-628	of	
5-5	629-636	Kringen	
5-6	637-639	om	
5-7	640-642	de	
5-8	643-647	Maan	
5-9	648-651	zyn	
5-10	652-655	vry	
5-11	656-665	gemeender	
5-12	666-672	bekend	
5-13	672-673	,	
5-14	674-676	en	
5-15	677-683	worden	
5-16	683-684	,	
5-17	685-688	van	
5-18	689-690	+	
5-19	691-693	de	
5-20	694-700	meeste	
5-21	701-709	menschen	
5-22	710-713	met	
5-23	714-717	zoo	
5-24	718-722	veel	
5-25	723-735	verwondering	
5-26	736-740	niet	
5-27	741-750	beschouwd	
5-28	751-754	als	
5-29	755-757	de	
5-30	758-769	MAANKRINGEN	
5-31	769-770	.	

#Text=Zonnekringen; om dat zy zig in ons Land veel vertoonen, terwyl men de Maan
#Text=ook onbelemmerder dan de Zon kan aanschouwen.
6-1	772-784	Zonnekringen	
6-2	784-785	;	
6-3	786-788	om	
6-4	789-792	dat	
6-5	793-795	zy	
6-6	796-799	zig	
6-7	800-802	in	
6-8	803-806	ons	
6-9	807-811	Land	
6-10	812-816	veel	
6-11	817-826	vertoonen	
6-12	826-827	,	
6-13	828-834	terwyl	
6-14	835-838	men	
6-15	839-841	de	
6-16	842-846	Maan	
6-17	847-850	ook	
6-18	851-864	onbelemmerder	
6-19	865-868	dan	
6-20	869-871	de	
6-21	872-875	Zon	
6-22	876-879	kan	
6-23	880-891	aanschouwen	
6-24	891-892	.	

#Text=Deeze Kringen vertoonen zig
#Text=meest altyd met eene doomige en dampige lugtsgesteldheid, en vry veel in den
#Text=Winter; somtyds digt om de Maan, somtyds tot op een merkelyken afstand in de
#Text=rondte uitgebreid;
#Text=men ziet ze ook wel eens dubbeld, zoo dat 'er twee boven elkander
#Text=staan: dog, wanneer zy zig om de Maan vertoonen, is 'er zulk eene duistere lugt
#Text=niet tusschen als in de Zonnekringen.
7-1	893-898	Deeze	
7-2	899-906	Kringen	
7-3	907-916	vertoonen	
7-4	917-920	zig	
7-5	921-926	meest	
7-6	927-932	altyd	
7-7	933-936	met	
7-8	937-941	eene	
7-9	942-949	doomige	
7-10	950-952	en	
7-11	953-960	dampige	
7-12	961-977	lugtsgesteldheid	
7-13	977-978	,	
7-14	979-981	en	
7-15	982-985	vry	
7-16	986-990	veel	
7-17	991-993	in	
7-18	994-997	den	
7-19	998-1004	Winter	
7-20	1004-1005	;	
7-21	1006-1013	somtyds	
7-22	1014-1018	digt	
7-23	1019-1021	om	
7-24	1022-1024	de	
7-25	1025-1029	Maan	
7-26	1029-1030	,	
7-27	1031-1038	somtyds	
7-28	1039-1042	tot	
7-29	1043-1045	op	
7-30	1046-1049	een	
7-31	1050-1060	merkelyken	
7-32	1061-1068	afstand	
7-33	1069-1071	in	
7-34	1072-1074	de	
7-35	1075-1081	rondte	
7-36	1082-1092	uitgebreid	
7-37	1092-1093	;	
7-38	1094-1097	men	
7-39	1098-1102	ziet	
7-40	1103-1105	ze	
7-41	1106-1109	ook	
7-42	1110-1113	wel	
7-43	1114-1118	eens	
7-44	1119-1126	dubbeld	
7-45	1126-1127	,	
7-46	1128-1131	zoo	
7-47	1132-1135	dat	
7-48	1136-1137	'	
7-49	1137-1139	er	
7-50	1140-1144	twee	
7-51	1145-1150	boven	
7-52	1151-1159	elkander	
7-53	1160-1165	staan	
7-54	1165-1166	:	
7-55	1167-1170	dog	
7-56	1170-1171	,	
7-57	1172-1179	wanneer	
7-58	1180-1182	zy	
7-59	1183-1186	zig	
7-60	1187-1189	om	
7-61	1190-1192	de	
7-62	1193-1197	Maan	
7-63	1198-1207	vertoonen	
7-64	1207-1208	,	
7-65	1209-1211	is	
7-66	1212-1213	'	
7-67	1213-1215	er	
7-68	1216-1220	zulk	
7-69	1221-1225	eene	
7-70	1226-1234	duistere	
7-71	1235-1239	lugt	
7-72	1240-1244	niet	
7-73	1245-1253	tusschen	
7-74	1254-1257	als	
7-75	1258-1260	in	
7-76	1261-1263	de	
7-77	1264-1276	Zonnekringen	
7-78	1276-1277	.	

#Text=Men ziet de Maan zelve dikwils in zoodanig
#Text=een geelen, naar het roode hellenden Kring gedompeld; maar, als de Kring
#Text=uitgebreider word, vertoont het mid-
#Text=
#Text=J. le Francq van Berkhey, Natuurlyke historie van Holland.
8-1	1278-1281	Men	
8-2	1282-1286	ziet	
8-3	1287-1289	de	
8-4	1290-1294	Maan	
8-5	1295-1300	zelve	
8-6	1301-1308	dikwils	
8-7	1309-1311	in	
8-8	1312-1320	zoodanig	
8-9	1321-1324	een	
8-10	1325-1331	geelen	
8-11	1331-1332	,	
8-12	1333-1337	naar	
8-13	1338-1341	het	
8-14	1342-1347	roode	
8-15	1348-1357	hellenden	
8-16	1358-1363	Kring	
8-17	1364-1373	gedompeld	
8-18	1373-1374	;	
8-19	1375-1379	maar	
8-20	1379-1380	,	
8-21	1381-1384	als	
8-22	1385-1387	de	
8-23	1388-1393	Kring	
8-24	1394-1406	uitgebreider	
8-25	1407-1411	word	
8-26	1411-1412	,	
8-27	1413-1421	vertoont	
8-28	1422-1425	het	
8-29	1426-1429	mid	
8-30	1429-1430	-	
8-31	1432-1433	J	
8-32	1433-1434	.	
8-33	1435-1437	le	
8-34	1438-1444	Francq	
8-35	1445-1448	van	
8-36	1449-1456	Berkhey	
8-37	1456-1457	,	
8-38	1458-1468	Natuurlyke	
8-39	1469-1477	historie	
8-40	1478-1481	van	
8-41	1482-1489	Holland	
8-42	1489-1490	.	

#Text=Eerste deel
#Text=
#Text=\f333
#Text=+
#Text=
#Text=denvak zig blaauwer; en naarmaate dat de Kring nog verder uitgebreid gezien word,
#Text=+
#Text=vermindert dezelve in zyne geelagtige helderheid, tot dat hy flaauw wit worde,
#Text=LUGTVERSCHYNSELS.
9-1	1491-1497	Eerste	
9-2	1498-1502	deel	
9-3	1505-1508	333	
9-4	1509-1510	+	
9-5	1512-1518	denvak	
9-6	1519-1522	zig	
9-7	1523-1531	blaauwer	
9-8	1531-1532	;	
9-9	1533-1535	en	
9-10	1536-1545	naarmaate	
9-11	1546-1549	dat	
9-12	1550-1552	de	
9-13	1553-1558	Kring	
9-14	1559-1562	nog	
9-15	1563-1569	verder	
9-16	1570-1580	uitgebreid	
9-17	1581-1587	gezien	
9-18	1588-1592	word	
9-19	1592-1593	,	
9-20	1594-1595	+	
9-21	1596-1606	vermindert	
9-22	1607-1614	dezelve	
9-23	1615-1617	in	
9-24	1618-1622	zyne	
9-25	1623-1633	geelagtige	
9-26	1634-1644	helderheid	
9-27	1644-1645	,	
9-28	1646-1649	tot	
9-29	1650-1653	dat	
9-30	1654-1656	hy	
9-31	1657-1663	flaauw	
9-32	1664-1667	wit	
9-33	1668-1673	worde	
9-34	1673-1674	,	
9-35	1675-1691	LUGTVERSCHYNSELS	
9-36	1691-1692	.	

#Text=als eene dunne wolk.
10-1	1694-1697	als	
10-2	1698-1702	eene	
10-3	1703-1708	dunne	
10-4	1709-1713	wolk	
10-5	1713-1714	.	

#Text=M U S S C H E N B R O E K zegt, dat men hier te Lande veelal
#Text=gelooft, dat deeze Kringen wind of regen beduiden;
#Text=dog hy verwerpt het geheel als
#Text=fabelagtig;
#Text=vermids hy menigmaal ondervonden heeft, dat het den volgenden dag
#Text=bestendig goed weêr was.
11-1	1715-1716	M	
11-2	1717-1718	U	
11-3	1719-1720	S	
11-4	1721-1722	S	
11-5	1723-1724	C	
11-6	1725-1726	H	
11-7	1727-1728	E	
11-8	1729-1730	N	
11-9	1731-1732	B	
11-10	1733-1734	R	
11-11	1735-1736	O	
11-12	1737-1738	E	
11-13	1739-1740	K	
11-14	1741-1745	zegt	
11-15	1745-1746	,	
11-16	1747-1750	dat	
11-17	1751-1754	men	
11-18	1755-1759	hier	
11-19	1760-1762	te	
11-20	1763-1768	Lande	
11-21	1769-1775	veelal	
11-22	1776-1783	gelooft	
11-23	1783-1784	,	
11-24	1785-1788	dat	
11-25	1789-1794	deeze	
11-26	1795-1802	Kringen	
11-27	1803-1807	wind	
11-28	1808-1810	of	
11-29	1811-1816	regen	
11-30	1817-1825	beduiden	
11-31	1825-1826	;	
11-32	1827-1830	dog	
11-33	1831-1833	hy	
11-34	1834-1842	verwerpt	
11-35	1843-1846	het	
11-36	1847-1853	geheel	
11-37	1854-1857	als	
11-38	1858-1868	fabelagtig	
11-39	1868-1869	;	
11-40	1870-1877	vermids	
11-41	1878-1880	hy	
11-42	1881-1890	menigmaal	
11-43	1891-1902	ondervonden	
11-44	1903-1908	heeft	
11-45	1908-1909	,	
11-46	1910-1913	dat	
11-47	1914-1917	het	
11-48	1918-1921	den	
11-49	1922-1931	volgenden	
11-50	1932-1935	dag	
11-51	1936-1945	bestendig	
11-52	1946-1950	goed	
11-53	1951-1955	weêr	
11-54	1956-1959	was	
11-55	1959-1960	.	

#Text='t Is my voorgekomen, dat de Landlieden 'er meest allen
#Text=wind uit voorspellen;
#Text=dien ik 'er ook wel op heb zien volgen, maar ook wel niet:
12-1	1961-1962	'	
12-2	1962-1963	t	
12-3	1964-1966	Is	
12-4	1967-1969	my	
12-5	1970-1981	voorgekomen	
12-6	1981-1982	,	
12-7	1983-1986	dat	
12-8	1987-1989	de	
12-9	1990-2000	Landlieden	
12-10	2001-2002	'	
12-11	2002-2004	er	
12-12	2005-2010	meest	
12-13	2011-2016	allen	
12-14	2017-2021	wind	
12-15	2022-2025	uit	
12-16	2026-2037	voorspellen	
12-17	2037-2038	;	
12-18	2039-2043	dien	
12-19	2044-2046	ik	
12-20	2047-2048	'	
12-21	2048-2050	er	
12-22	2051-2054	ook	
12-23	2055-2058	wel	
12-24	2059-2061	op	
12-25	2062-2065	heb	
12-26	2066-2070	zien	
12-27	2071-2077	volgen	
12-28	2077-2078	,	
12-29	2079-2083	maar	
12-30	2084-2087	ook	
12-31	2088-2091	wel	
12-32	2092-2096	niet	
12-33	2096-2097	:	
