#FORMAT=WebAnno TSV 3.3


#Text=Ook zyn deze Amerikanen zoo gauw en
#Text=
#Text=vel afgerecht, dat een van hen eenen
#Text=Kaiman, een soort van Haagdisse, of Kro-
#Text=
#Text=
#Text=kodil, wel van dartig voeten lang en het wreedste van alle de zeedieren, kan afmaa-ken.
1-1	2-5	Ook	
1-2	6-9	zyn	
1-3	10-14	deze	
1-4	15-25	Amerikanen	
1-5	26-29	zoo	
1-6	30-34	gauw	
1-7	35-37	en	
1-8	39-42	vel	
1-9	43-52	afgerecht	
1-10	52-53	,	
1-11	54-57	dat	
1-12	58-61	een	
1-13	62-65	van	
1-14	66-69	hen	
1-15	70-75	eenen	
1-16	76-82	Kaiman	
1-17	82-83	,	
1-18	84-87	een	
1-19	88-93	soort	
1-20	94-97	van	
1-21	98-107	Haagdisse	
1-22	107-108	,	
1-23	109-111	of	
1-24	112-115	Kro	
1-25	115-116	-	
1-26	119-124	kodil	
1-27	124-125	,	
1-28	126-129	wel	
1-29	130-133	van	
1-30	134-140	dartig	
1-31	141-147	voeten	
1-32	148-152	lang	
1-33	153-155	en	
1-34	156-159	het	
1-35	160-168	wreedste	
1-36	169-172	van	
1-37	173-177	alle	
1-38	178-180	de	
1-39	181-190	zeedieren	
1-40	190-191	,	
1-41	192-195	kan	
1-42	196-205	afmaa-ken	
1-43	205-206	.	

#Text=Daar zyn 'er ook die beweeren, dat de grauwen Amber van eene zekere welrieken-
#Text=
#Text=ke vrucht komt, die dicht aan de zeestrand groeit, en in de maanden van Aprilof May 
#Text=
#Text=ryp word, en die, wanneer zy is afgevallen, van de Walvisschen word ingessokt.
2-1	207-211	Daar	
2-2	212-215	zyn	
2-3	216-217	'	
2-4	217-219	er	
2-5	220-223	ook	
2-6	224-227	die	
2-7	228-236	beweeren	
2-8	236-237	,	
2-9	238-241	dat	
2-10	242-244	de	
2-11	245-252	grauwen	
2-12	253-258	Amber	
2-13	259-262	van	
2-14	263-267	eene	
2-15	268-274	zekere	
2-16	275-284	welrieken	
2-17	284-285	-	
2-18	287-289	ke	
2-19	290-296	vrucht	
2-20	297-301	komt	
2-21	301-302	,	
2-22	303-306	die	
2-23	307-312	dicht	
2-24	313-316	aan	
2-25	317-319	de	
2-26	320-329	zeestrand	
2-27	330-336	groeit	
2-28	336-337	,	
2-29	338-340	en	
2-30	341-343	in	
2-31	344-346	de	
2-32	347-354	maanden	
2-33	355-358	van	
2-34	359-366	Aprilof	
2-35	367-370	May	
2-36	373-376	ryp	
2-37	377-381	word	
2-38	381-382	,	
2-39	383-385	en	
2-40	386-389	die	
2-41	389-390	,	
2-42	391-398	wanneer	
2-43	399-401	zy	
2-44	402-404	is	
2-45	405-415	afgevallen	
2-46	415-416	,	
2-47	417-420	van	
2-48	421-423	de	
2-49	424-435	Walvisschen	
2-50	436-440	word	
2-51	441-450	ingessokt	
2-52	450-451	.	

#Text=Gelyk of de vrucht, die tot voedzel strekt, iets anders dan vleesch en bloed kon voort-
#Text=
#Text=brengen.
3-1	454-459	Gelyk	
3-2	460-462	of	
3-3	463-465	de	
3-4	466-472	vrucht	
3-5	472-473	,	
3-6	474-477	die	
3-7	478-481	tot	
3-8	482-489	voedzel	
3-9	490-496	strekt	
3-10	496-497	,	
3-11	498-502	iets	
3-12	503-509	anders	
3-13	510-513	dan	
3-14	514-521	vleesch	
3-15	522-524	en	
3-16	525-530	bloed	
3-17	531-534	kon	
3-18	535-540	voort	
3-19	540-541	-	
3-20	543-550	brengen	
3-21	550-551	.	

#Text=Alhoewel 'er in 't eerste hooftdeel van 't boek van Garcias qu Jardin, verscheide
#Text=
#Text=dingen worden opgehaalt, wegens den oorsprong en de beschryvinge van den grau-
#Text=
#Text=wen Amber, zullen wy eehter, tot voldoeninge van den nieuwsgierigen Lezer hier
#Text=
#Text=eenige byzondere gevoelens noch dien aangaande bybrengen, om vervolgens den knoop 
#Text=
#Text=van 't besluit te leggen.
4-1	554-562	Alhoewel	
4-2	563-564	'	
4-3	564-566	er	
4-4	567-569	in	
4-5	570-571	'	
4-6	571-572	t	
4-7	573-579	eerste	
4-8	580-589	hooftdeel	
4-9	590-593	van	
4-10	594-595	'	
4-11	595-596	t	
4-12	597-601	boek	
4-13	602-605	van	
4-14	606-613	Garcias	
4-15	614-616	qu	
4-16	617-623	Jardin	
4-17	623-624	,	
4-18	625-635	verscheide	
4-19	637-643	dingen	
4-20	644-650	worden	
4-21	651-660	opgehaalt	
4-22	660-661	,	
4-23	662-668	wegens	
4-24	669-672	den	
4-25	673-682	oorsprong	
4-26	683-685	en	
4-27	686-688	de	
4-28	689-701	beschryvinge	
4-29	702-705	van	
4-30	706-709	den	
4-31	710-714	grau	
4-32	714-715	-	
4-33	717-720	wen	
4-34	721-726	Amber	
4-35	726-727	,	
4-36	728-734	zullen	
4-37	735-737	wy	
4-38	738-744	eehter	
4-39	744-745	,	
4-40	746-749	tot	
4-41	750-761	voldoeninge	
4-42	762-765	van	
4-43	766-769	den	
4-44	770-784	nieuwsgierigen	
4-45	785-790	Lezer	
4-46	791-795	hier	
4-47	797-803	eenige	
4-48	804-813	byzondere	
4-49	814-823	gevoelens	
4-50	824-828	noch	
4-51	829-833	dien	
4-52	834-843	aangaande	
4-53	844-853	bybrengen	
4-54	853-854	,	
4-55	855-857	om	
4-56	858-868	vervolgens	
4-57	869-872	den	
4-58	873-878	knoop	
4-59	881-884	van	
4-60	885-886	'	
4-61	886-887	t	
4-62	888-895	besluit	
4-63	896-898	te	
4-64	899-905	leggen	
4-65	905-906	.	

#Text=Seapon
#Text=Daar zyn 'er zommige, als Serapion, die stellen, dat de grauwen Amber op den
#Text=
#Text=& grond van de zee, of aan de boomen, of rotzen, die 'er instaan, voortkome, op
#Text=
#Text=de zelve wyze als een Kampernoelje, of Paddestoel op d' aarde, en dat hy ten tyde 
#Text=
#Text=van onweder, door't gewelt der baaren word losgerukt, en op strand gesmeten.
5-1	910-916	Seapon	
5-2	917-921	Daar	
5-3	922-925	zyn	
5-4	926-927	'	
5-5	927-929	er	
5-6	930-937	zommige	
5-7	937-938	,	
5-8	939-942	als	
5-9	943-951	Serapion	
5-10	951-952	,	
5-11	953-956	die	
5-12	957-964	stellen	
5-13	964-965	,	
5-14	966-969	dat	
5-15	970-972	de	
5-16	973-980	grauwen	
5-17	981-986	Amber	
5-18	987-989	op	
5-19	990-993	den	
5-20	995-996	&	
5-21	997-1002	grond	
5-22	1003-1006	van	
5-23	1007-1009	de	
5-24	1010-1013	zee	
5-25	1013-1014	,	
5-26	1015-1017	of	
5-27	1018-1021	aan	
5-28	1022-1024	de	
5-29	1025-1031	boomen	
5-30	1031-1032	,	
5-31	1033-1035	of	
5-32	1036-1042	rotzen	
5-33	1042-1043	,	
5-34	1044-1047	die	
5-35	1048-1049	'	
5-36	1049-1051	er	
5-37	1052-1059	instaan	
5-38	1059-1060	,	
5-39	1061-1070	voortkome	
5-40	1070-1071	,	
5-41	1072-1074	op	
5-42	1076-1078	de	
5-43	1079-1084	zelve	
5-44	1085-1089	wyze	
5-45	1090-1093	als	
5-46	1094-1097	een	
5-47	1098-1110	Kampernoelje	
5-48	1110-1111	,	
5-49	1112-1114	of	
5-50	1115-1125	Paddestoel	
5-51	1126-1128	op	
5-52	1129-1130	d	
5-53	1130-1131	'	
5-54	1132-1137	aarde	
5-55	1137-1138	,	
5-56	1139-1141	en	
5-57	1142-1145	dat	
5-58	1146-1148	hy	
5-59	1149-1152	ten	
5-60	1153-1157	tyde	
5-61	1160-1163	van	
5-62	1164-1171	onweder	
5-63	1171-1172	,	
5-64	1173-1179	door't	
5-65	1180-1186	gewelt	
5-66	1187-1190	der	
5-67	1191-1197	baaren	
5-68	1198-1202	word	
5-69	1203-1212	losgerukt	
5-70	1212-1213	,	
5-71	1214-1216	en	
5-72	1217-1219	op	
5-73	1220-1226	strand	
5-74	1227-1235	gesmeten	
5-75	1235-1236	.	

#Text=Ook
#Text=
#Text=Seale.
#Text=verzekert Scaliger, dat 'er op de Piteneesche gebergten, en in 't land van Rouergue
#Text=
#Text=welriekende Kampernoeljes gevonden worden.
6-1	1237-1240	Ook	
6-2	1242-1247	Seale	
6-3	1247-1248	.	
6-4	1249-1258	verzekert	
6-5	1259-1267	Scaliger	
6-6	1267-1268	,	
6-7	1269-1272	dat	
6-8	1273-1274	'	
6-9	1274-1276	er	
6-10	1277-1279	op	
6-11	1280-1282	de	
6-12	1283-1294	Piteneesche	
6-13	1295-1304	gebergten	
6-14	1304-1305	,	
6-15	1306-1308	en	
6-16	1309-1311	in	
6-17	1312-1313	'	
6-18	1313-1314	t	
6-19	1315-1319	land	
6-20	1320-1323	van	
6-21	1324-1332	Rouergue	
6-22	1334-1345	welriekende	
6-23	1346-1359	Kampernoeljes	
6-24	1360-1368	gevonden	
6-25	1369-1375	worden	
6-26	1375-1376	.	

#Text=WWW (f
#Text=
#Text=de dn.
#Text=er beweert, dat de grauwen Amber een Leem, grauwe aarde of eenige aarde van an-
#Text=
#Text=dere verwe is.
7-1	1379-1382	WWW	
7-2	1383-1384	(	
7-3	1384-1385	f	
7-4	1387-1389	de	
7-5	1390-1392	dn	
7-6	1392-1393	.	
7-7	1394-1396	er	
7-8	1397-1404	beweert	
7-9	1404-1405	,	
7-10	1406-1409	dat	
7-11	1410-1412	de	
7-12	1413-1420	grauwen	
7-13	1421-1426	Amber	
7-14	1427-1430	een	
7-15	1431-1435	Leem	
7-16	1435-1436	,	
7-17	1437-1443	grauwe	
7-18	1444-1449	aarde	
7-19	1450-1452	of	
7-20	1453-1459	eenige	
7-21	1460-1465	aarde	
7-22	1466-1469	van	
7-23	1470-1472	an	
7-24	1472-1473	-	
7-25	1475-1479	dere	
7-26	1480-1485	verwe	
7-27	1486-1488	is	
7-28	1488-1489	.	

#Text='t Geen niet onwaarschynlyk voorkomt, gemerkt men heele groote
#Text=
#Text=
#Text=Ben su stukken Amber vindt.
8-1	1490-1491	'	
8-2	1491-1492	t	
8-3	1493-1497	Geen	
8-4	1498-1502	niet	
8-5	1503-1517	onwaarschynlyk	
8-6	1518-1526	voorkomt	
8-7	1526-1527	,	
8-8	1528-1535	gemerkt	
8-9	1536-1539	men	
8-10	1540-1545	heele	
8-11	1546-1552	groote	
8-12	1555-1558	Ben	
8-13	1559-1561	su	
8-14	1562-1569	stukken	
8-15	1570-1575	Amber	
8-16	1576-1581	vindt	
8-17	1581-1582	.	

#Text='t Is noch geen hondert jaaren geleden, dat 'er tusschen Ba-
#Text=
#Text=te Eg jonne en Lappreton een brok van 100 ponden gewigt wierd gevonden.
9-1	1583-1584	'	
9-2	1584-1585	t	
9-3	1586-1588	Is	
9-4	1589-1593	noch	
9-5	1594-1598	geen	
9-6	1599-1606	hondert	
9-7	1607-1613	jaaren	
9-8	1614-1621	geleden	
9-9	1621-1622	,	
9-10	1623-1626	dat	
9-11	1627-1628	'	
9-12	1628-1630	er	
9-13	1631-1639	tusschen	
9-14	1640-1642	Ba	
9-15	1642-1643	-	
9-16	1645-1647	te	
9-17	1648-1650	Eg	
9-18	1651-1656	jonne	
9-19	1657-1659	en	
9-20	1660-1669	Lappreton	
9-21	1670-1673	een	
9-22	1674-1678	brok	
9-23	1679-1682	van	
9-24	1683-1686	100	
9-25	1687-1693	ponden	
9-26	1694-1700	gewigt	
9-27	1701-1706	wierd	
9-28	1707-1715	gevonden	
9-29	1715-1716	.	

#Text=De zee worp
#Text=
#Text=2 ook een stuk van 35 ponden op de naburige kust van Buch, en naderhant een ander
#Text=
#Text=gedonden.
#Text=van elf ponden en een halfop de strand van Marenzyn op.
10-1	1717-1719	De	
10-2	1720-1723	zee	
10-3	1724-1728	worp	
10-4	1730-1731	2	
10-5	1732-1735	ook	
10-6	1736-1739	een	
10-7	1740-1744	stuk	
10-8	1745-1748	van	
10-9	1749-1751	35	
10-10	1752-1758	ponden	
10-11	1759-1761	op	
10-12	1762-1764	de	
10-13	1765-1773	naburige	
10-14	1774-1778	kust	
10-15	1779-1782	van	
10-16	1783-1787	Buch	
10-17	1787-1788	,	
10-18	1789-1791	en	
10-19	1792-1801	naderhant	
10-20	1802-1805	een	
10-21	1806-1811	ander	
10-22	1813-1821	gedonden	
10-23	1821-1822	.	
10-24	1823-1826	van	
10-25	1827-1830	elf	
10-26	1831-1837	ponden	
10-27	1838-1840	en	
10-28	1841-1844	een	
10-29	1845-1851	halfop	
10-30	1852-1854	de	
10-31	1855-1861	strand	
10-32	1862-1865	van	
10-33	1866-1874	Marenzyn	
10-34	1875-1877	op	
10-35	1877-1878	.	

#Text=Geygcen
#Text=Eduard Barbossa zegt in zyn boek van de Indien, dat d' Inwoonders van de Pa-
#Text=
#Text=gee 1 landuursche Eilanden, in de Indische zee, het daar voor houden, dat d' Amber het
#Text=
#Text=boi.
11-1	1881-1888	Geygcen	
11-2	1889-1895	Eduard	
11-3	1896-1904	Barbossa	
11-4	1905-1909	zegt	
11-5	1910-1912	in	
11-6	1913-1916	zyn	
11-7	1917-1921	boek	
11-8	1922-1925	van	
11-9	1926-1928	de	
11-10	1929-1935	Indien	
11-11	1935-1936	,	
11-12	1937-1940	dat	
11-13	1941-1942	d	
11-14	1942-1943	'	
11-15	1944-1954	Inwoonders	
11-16	1955-1958	van	
11-17	1959-1961	de	
11-18	1962-1964	Pa	
11-19	1964-1965	-	
11-20	1967-1970	gee	
11-21	1971-1972	1	
11-22	1973-1984	landuursche	
11-23	1985-1993	Eilanden	
11-24	1993-1994	,	
11-25	1995-1997	in	
11-26	1998-2000	de	
11-27	2001-2009	Indische	
11-28	2010-2013	zee	
11-29	2013-2014	,	
11-30	2015-2018	het	
11-31	2019-2023	daar	
11-32	2024-2028	voor	
11-33	2029-2035	houden	
11-34	2035-2036	,	
11-35	2037-2040	dat	
11-36	2041-2042	d	
11-37	2042-2043	'	
11-38	2044-2049	Amber	
11-39	2050-2053	het	
11-40	2055-2058	boi	
11-41	2058-2059	.	
