#FORMAT=WebAnno TSV 3.3
#T_SP=custom.Span|label
#T_RL=custom.Relation|label|BT_custom.Span


#Text=Sie leiden kein Unkraut neben ſich/ ſondern reuten
#Text=
#Text=vielmehr
#Text=daſſelbe aus;
#Text=man muß ſie nicht uͤberzeitigen laſ-
#Text=ſen/ ſonſt reiſen ſie ſehr aus/
#Text=ſie ſind gut zur Rindermaſt/
#Text=
#Text=im Winter/ wann ſie mit geſaltzenem oder flieſſendem
#Text=Waſſer befeuchtet und alsdann gekocht werden.
1-1	0-3	Sie	_	_	_	
1-2	4-10	leiden	_	_	_	
1-3	11-15	kein	_	_	_	
1-4	16-23	Unkraut	_	_	_	
1-5	24-29	neben	_	_	_	
1-6	30-34	ſich	_	_	_	
1-7	34-35	/	_	_	_	
1-8	36-43	ſondern	_	_	_	
1-9	44-50	reuten	_	_	_	
1-10	52-60	vielmehr	_	_	_	
1-11	61-69	daſſelbe	_	_	_	
1-12	70-73	aus	_	_	_	
1-13	73-74	;	_	_	_	
1-14	75-78	man	_	_	_	
1-15	79-82	muß	_	_	_	
1-16	83-86	ſie	_	_	_	
1-17	87-92	nicht	_	_	_	
1-18	93-106	uͤberzeitigen	_	_	_	
1-19	107-110	laſ	_	_	_	
1-20	110-111	-	_	_	_	
1-21	112-115	ſen	_	_	_	
1-22	115-116	/	_	_	_	
1-23	117-122	ſonſt	_	_	_	
1-24	123-129	reiſen	_	_	_	
1-25	130-133	ſie	_	_	_	
1-26	134-138	ſehr	_	_	_	
1-27	139-142	aus	_	_	_	
1-28	142-143	/	_	_	_	
1-29	144-147	ſie	_	_	_	
1-30	148-152	ſind	_	_	_	
1-31	153-156	gut	_	_	_	
1-32	157-160	zur	_	_	_	
1-33	161-171	Rindermaſt	_	_	_	
1-34	171-172	/	_	_	_	
1-35	174-176	im	_	_	_	
1-36	177-183	Winter	_	_	_	
1-37	183-184	/	_	_	_	
1-38	185-189	wann	_	_	_	
1-39	190-193	ſie	_	_	_	
1-40	194-197	mit	_	_	_	
1-41	198-209	geſaltzenem	_	_	_	
1-42	210-214	oder	_	_	_	
1-43	215-226	flieſſendem	_	_	_	
1-44	227-233	Waſſer	_	_	_	
1-45	234-244	befeuchtet	_	_	_	
1-46	245-248	und	_	_	_	
1-47	249-256	alsdann	_	_	_	
1-48	257-264	gekocht	_	_	_	
1-49	265-271	werden	_	_	_	
1-50	271-272	.	_	_	_	

#Text=Sie haben des Solſequii Art an ſich/ und wenden
#Text=ſich nach der Sonnen;
#Text=wann ſie zerſtoſſen auf der Kin-
#Text=der Nabel gelegt werden/
#Text=toͤdten ſie die Spuͤhlwuͤrme;
#Text=
#Text=die gemeinen Feigbohnen bluͤhen weiß (die blauen und
#Text=geelen riechenden gehoͤren in die Gaͤrten) die Blaͤtter
#Text=haben fuͤnf Zincken/ wie eine Hand/ die ſich ausſpreitzet;
#Text=
#Text=in der Theurung wirds gemahlen/ und unter das andere
#Text=Korn/ nach Belieben/ gemengt.
2-1	276-279	Sie	_	_	_	
2-2	280-285	haben	_	_	_	
2-3	286-289	des	_	_	_	
2-4	290-299	Solſequii	_	_	_	
2-5	300-303	Art	_	_	_	
2-6	304-306	an	_	_	_	
2-7	307-311	ſich	_	_	_	
2-8	311-312	/	_	_	_	
2-9	313-316	und	_	_	_	
2-10	317-323	wenden	_	_	_	
2-11	324-328	ſich	_	_	_	
2-12	329-333	nach	_	_	_	
2-13	334-337	der	_	_	_	
2-14	338-344	Sonnen	_	_	_	
2-15	344-345	;	_	_	_	
2-16	346-350	wann	_	_	_	
2-17	351-354	ſie	_	_	_	
2-18	355-365	zerſtoſſen	_	_	_	
2-19	366-369	auf	_	_	_	
2-20	370-373	der	_	_	_	
2-21	374-377	Kin	_	_	_	
2-22	377-378	-	_	_	_	
2-23	379-382	der	_	_	_	
2-24	383-388	Nabel	_	_	_	
2-25	389-395	gelegt	_	_	_	
2-26	396-402	werden	_	_	_	
2-27	402-403	/	_	_	_	
2-28	404-411	toͤdten	_	_	_	
2-29	412-415	ſie	_	_	_	
2-30	416-419	die	_	_	_	
2-31	420-432	Spuͤhlwuͤrme	_	_	_	
2-32	432-433	;	_	_	_	
2-33	435-438	die	_	_	_	
2-34	439-447	gemeinen	_	_	_	
2-35	448-458	Feigbohnen	Smell\_Source	*	2-39[1_0]	
2-36	459-466	bluͤhen	_	_	_	
2-37	467-471	weiß	_	_	_	
2-38	472-473	(	_	_	_	
2-39	473-476	die	Smell\_Source[1]	*	2-43[0_1]	
2-40	477-483	blauen	Smell\_Source[1]	_	_	
2-41	484-487	und	Smell\_Source[1]	_	_	
2-42	488-494	geelen	Smell\_Source[1]	_	_	
2-43	495-505	riechenden	Smell\_Word	_	_	
2-44	506-514	gehoͤren	_	_	_	
2-45	515-517	in	_	_	_	
2-46	518-521	die	_	_	_	
2-47	522-529	Gaͤrten	_	_	_	
2-48	529-530	)	_	_	_	
2-49	531-534	die	_	_	_	
2-50	535-543	Blaͤtter	_	_	_	
2-51	544-549	haben	_	_	_	
2-52	550-555	fuͤnf	_	_	_	
2-53	556-563	Zincken	_	_	_	
2-54	563-564	/	_	_	_	
2-55	565-568	wie	_	_	_	
2-56	569-573	eine	_	_	_	
2-57	574-578	Hand	_	_	_	
2-58	578-579	/	_	_	_	
2-59	580-583	die	_	_	_	
2-60	584-588	ſich	_	_	_	
2-61	589-601	ausſpreitzet	_	_	_	
2-62	601-602	;	_	_	_	
2-63	604-606	in	_	_	_	
2-64	607-610	der	_	_	_	
2-65	611-619	Theurung	_	_	_	
2-66	620-625	wirds	_	_	_	
2-67	626-634	gemahlen	_	_	_	
2-68	634-635	/	_	_	_	
2-69	636-639	und	_	_	_	
2-70	640-645	unter	_	_	_	
2-71	646-649	das	_	_	_	
2-72	650-656	andere	_	_	_	
2-73	657-661	Korn	_	_	_	
2-74	661-662	/	_	_	_	
2-75	663-667	nach	_	_	_	
2-76	668-676	Belieben	_	_	_	
2-77	676-677	/	_	_	_	
2-78	678-685	gemengt	_	_	_	
2-79	685-686	.	_	_	_	

#Text=Wird auch im Herbſt/
#Text=
#Text=nach dem Æquinoctio autumnali geſaͤet/ wann nur
#Text=ein warmer Herbſt kommt/ daß ſie erſtarcken/ und des
#Text=Winters Froſt deſto beſſer ausdauren koͤnnen.
3-1	687-691	Wird	_	_	_	
3-2	692-696	auch	_	_	_	
3-3	697-699	im	_	_	_	
3-4	700-706	Herbſt	_	_	_	
3-5	706-707	/	_	_	_	
3-6	709-713	nach	_	_	_	
3-7	714-717	dem	_	_	_	
3-8	718-728	Æquinoctio	_	_	_	
3-9	729-738	autumnali	_	_	_	
3-10	739-746	geſaͤet	_	_	_	
3-11	746-747	/	_	_	_	
3-12	748-752	wann	_	_	_	
3-13	753-756	nur	_	_	_	
3-14	757-760	ein	_	_	_	
3-15	761-767	warmer	_	_	_	
3-16	768-774	Herbſt	_	_	_	
3-17	775-780	kommt	_	_	_	
3-18	780-781	/	_	_	_	
3-19	782-785	daß	_	_	_	
3-20	786-789	ſie	_	_	_	
3-21	790-800	erſtarcken	_	_	_	
3-22	800-801	/	_	_	_	
3-23	802-805	und	_	_	_	
3-24	806-809	des	_	_	_	
3-25	810-817	Winters	_	_	_	
3-26	818-823	Froſt	_	_	_	
3-27	824-829	deſto	_	_	_	
3-28	830-836	beſſer	_	_	_	
3-29	837-846	ausdauren	_	_	_	
3-30	847-854	koͤnnen	_	_	_	
3-31	854-855	.	_	_	_	

#Text=Man legt die Koͤrner gern an einen Ort/
#Text=darzu der
#Text=Rauch kommen mag/ weil ſie dardurch ausgetrocknet/
#Text=
#Text=und vor denen/ ihnen ſchadhafften/
#Text=Wuͤrmern
#Text=verhuͤtet
4-1	859-862	Man	_	_	_	
4-2	863-867	legt	_	_	_	
4-3	868-871	die	_	_	_	
4-4	872-879	Koͤrner	_	_	_	
4-5	880-884	gern	_	_	_	
4-6	885-887	an	_	_	_	
4-7	888-893	einen	_	_	_	
4-8	894-897	Ort	_	_	_	
4-9	897-898	/	_	_	_	
4-10	899-904	darzu	_	_	_	
4-11	905-908	der	_	_	_	
4-12	909-914	Rauch	_	_	_	
4-13	915-921	kommen	_	_	_	
4-14	922-925	mag	_	_	_	
4-15	925-926	/	_	_	_	
4-16	927-931	weil	_	_	_	
4-17	932-935	ſie	_	_	_	
4-18	936-944	dardurch	_	_	_	
4-19	945-958	ausgetrocknet	_	_	_	
4-20	958-959	/	_	_	_	
4-21	961-964	und	_	_	_	
4-22	965-968	vor	_	_	_	
4-23	969-974	denen	_	_	_	
4-24	974-975	/	_	_	_	
4-25	976-981	ihnen	_	_	_	
4-26	982-994	ſchadhafften	_	_	_	
4-27	994-995	/	_	_	_	
4-28	996-1004	Wuͤrmern	_	_	_	
4-29	1005-1014	verhuͤtet	_	_	_	
