#FORMAT=WebAnno TSV 3.3


#Text=-
#Text=
#Text=En
#Text=Gy vooral, die, met uw zilvren aangezicht,
#Text=
#Text=Uw hoornen afkeert van uws broeders schitterlicht,
#Text=
#Text=De tijden regelt, en de ontembre waterplassen
#Text=Waarheen gy de oogen wendt, heur boorden uit doet wassen:
#Text=
#Text=Nachtfakkel, wie 't geheim der diepste duisternis,
#Text=Ja, 't hart des afgronds tot zijn binnenst, zichtbaar is:
#Text=
#Text=
#Text=Wier koude stralen de aard het gift der akonieten,
#Text=Bezwangerd van de dood, in nachtschade uit doen schieten,
#Text=
#Text=En 't worgend Geestendom met aaklig nachtgerucht
#Text=
#Text=
#Text=Op vleêrmuisvlederen doen reien door de lucht!
1-1	2-3	-	
1-2	5-7	En	
1-3	8-10	Gy	
1-4	11-17	vooral	
1-5	17-18	,	
1-6	19-22	die	
1-7	22-23	,	
1-8	24-27	met	
1-9	28-30	uw	
1-10	31-38	zilvren	
1-11	39-49	aangezicht	
1-12	49-50	,	
1-13	52-54	Uw	
1-14	55-62	hoornen	
1-15	63-70	afkeert	
1-16	71-74	van	
1-17	75-78	uws	
1-18	79-87	broeders	
1-19	88-101	schitterlicht	
1-20	101-102	,	
1-21	104-106	De	
1-22	107-113	tijden	
1-23	114-120	regelt	
1-24	120-121	,	
1-25	122-124	en	
1-26	125-127	de	
1-27	128-136	ontembre	
1-28	137-149	waterplassen	
1-29	150-158	Waarheen	
1-30	159-161	gy	
1-31	162-164	de	
1-32	165-170	oogen	
1-33	171-176	wendt	
1-34	176-177	,	
1-35	178-182	heur	
1-36	183-190	boorden	
1-37	191-194	uit	
1-38	195-199	doet	
1-39	200-206	wassen	
1-40	206-207	:	
1-41	209-220	Nachtfakkel	
1-42	220-221	,	
1-43	222-225	wie	
1-44	226-227	'	
1-45	227-228	t	
1-46	229-235	geheim	
1-47	236-239	der	
1-48	240-247	diepste	
1-49	248-258	duisternis	
1-50	258-259	,	
1-51	260-262	Ja	
1-52	262-263	,	
1-53	264-265	'	
1-54	265-266	t	
1-55	267-271	hart	
1-56	272-275	des	
1-57	276-284	afgronds	
1-58	285-288	tot	
1-59	289-293	zijn	
1-60	294-302	binnenst	
1-61	302-303	,	
1-62	304-313	zichtbaar	
1-63	314-316	is	
1-64	316-317	:	
1-65	320-324	Wier	
1-66	325-330	koude	
1-67	331-338	stralen	
1-68	339-341	de	
1-69	342-346	aard	
1-70	347-350	het	
1-71	351-355	gift	
1-72	356-359	der	
1-73	360-369	akonieten	
1-74	369-370	,	
1-75	371-381	Bezwangerd	
1-76	382-385	van	
1-77	386-388	de	
1-78	389-393	dood	
1-79	393-394	,	
1-80	395-397	in	
1-81	398-409	nachtschade	
1-82	410-413	uit	
1-83	414-418	doen	
1-84	419-427	schieten	
1-85	427-428	,	
1-86	430-432	En	
1-87	433-434	'	
1-88	434-435	t	
1-89	436-443	worgend	
1-90	444-454	Geestendom	
1-91	455-458	met	
1-92	459-465	aaklig	
1-93	466-478	nachtgerucht	
1-94	481-483	Op	
1-95	484-501	vleêrmuisvlederen	
1-96	502-506	doen	
1-97	507-512	reien	
1-98	513-517	door	
1-99	518-520	de	
1-100	521-526	lucht	
1-101	526-527	!	

#Text=-
#Text=
#Text=En
#Text=Gy, wiens bloedig licht, met blaauwen damp omtogen,
#Text=Den bliksem van het zwaard doet schittren in onze oogen;
#Text=
#Text=Verdelger!
2-1	528-529	-	
2-2	531-533	En	
2-3	534-536	Gy	
2-4	536-537	,	
2-5	538-543	wiens	
2-6	544-551	bloedig	
2-7	552-557	licht	
2-8	557-558	,	
2-9	559-562	met	
2-10	563-571	blaauwen	
2-11	572-576	damp	
2-12	577-584	omtogen	
2-13	584-585	,	
2-14	586-589	Den	
2-15	590-597	bliksem	
2-16	598-601	van	
2-17	602-605	het	
2-18	606-612	zwaard	
2-19	613-617	doet	
2-20	618-627	schittren	
2-21	628-630	in	
2-22	631-635	onze	
2-23	636-641	oogen	
2-24	641-642	;	
2-25	644-653	Verdelger	
2-26	653-654	!	

#Text=- En ook Gy, der starren middelpunt,
#Text=Die elk rondom uw' throon zijn eigen loopperk gunt,
#Text=
#Text=Als wachters, nimmer moê op uwen wenk te zwieren,
#Text=ô Goddelijke Zon!
3-1	655-656	-	
3-2	657-659	En	
3-3	660-663	ook	
3-4	664-666	Gy	
3-5	666-667	,	
3-6	668-671	der	
3-7	672-679	starren	
3-8	680-690	middelpunt	
3-9	690-691	,	
3-10	692-695	Die	
3-11	696-699	elk	
3-12	700-706	rondom	
3-13	707-709	uw	
3-14	709-710	'	
3-15	711-717	throon	
3-16	718-722	zijn	
3-17	723-728	eigen	
3-18	729-737	loopperk	
3-19	738-742	gunt	
3-20	742-743	,	
3-21	745-748	Als	
3-22	749-757	wachters	
3-23	757-758	,	
3-24	759-765	nimmer	
3-25	766-769	moê	
3-26	770-772	op	
3-27	773-777	uwen	
3-28	778-782	wenk	
3-29	783-785	te	
3-30	786-793	zwieren	
3-31	793-794	,	
3-32	795-796	ô	
3-33	797-807	Goddelijke	
3-34	808-811	Zon	
3-35	811-812	!	

#Text=-
#Text=Aanschouwt onze offervieren!
4-1	813-814	-	
4-2	815-825	Aanschouwt	
4-3	826-830	onze	
4-4	831-842	offervieren	
4-5	842-843	!	

#Text=Wy slachten u den keur van kudde, en kooi, en stal.
5-1	846-848	Wy	
5-2	849-857	slachten	
5-3	858-859	u	
5-4	860-863	den	
5-5	864-868	keur	
5-6	869-872	van	
5-7	873-878	kudde	
5-8	878-879	,	
5-9	880-882	en	
5-10	883-887	kooi	
5-11	887-888	,	
5-12	889-891	en	
5-13	892-896	stal	
5-14	896-897	.	
