{"_context" : {
    "_types" : {
      "DocumentMetaData" : {
        "_feature_types" : {"sofa" : "_ref" } }, 
      "Relation" : {
        "_feature_types" : {"sofa" : "_ref",  "Dependent" : "_ref",  "Governor" : "_ref" } }, 
      "Sentence" : {
        "_feature_types" : {"sofa" : "_ref" } }, 
      "Sofa" : {
        "_feature_types" : {"sofaArray" : "_ref" } }, 
      "Span" : {
        "_feature_types" : {"sofa" : "_ref" } }, 
      "TagsetDescription" : {
        "_feature_types" : {"sofa" : "_ref",  "tags" : "_ref" } }, 
      "Token" : {
        "_feature_types" : {"sofa" : "_ref",  "parent" : "_ref",  "lemma" : "_ref",  "stem" : "_ref",  "pos" : "_ref",  "morph" : "_ref",  "form" : "_ref" } }, 
      "DocumentAnnotation" : {
        "_feature_types" : {"sofa" : "_ref" }, 
        "_subtypes" : ["DocumentMetaData" ] }, 
      "Annotation" : {
        "_feature_types" : {"sofa" : "_ref" }, 
        "_subtypes" : ["DocumentAnnotation",  "Relation",  "Sentence",  "Span",  "TagsetDescription",  "Token" ] }, 
      "AnnotationBase" : {
        "_feature_types" : {"sofa" : "_ref" }, 
        "_subtypes" : ["Annotation" ] }, 
      "TOP" : {
        "_subtypes" : ["AnnotationBase",  "Sofa" ] } } }, 
  "_views" : {
    "_InitialView" : {
      "Relation" : [
        {"sofa" : 1,  "begin" : 234,  "end" : 240,  "Dependent" : 5228,  "Governor" : 5233 }, 
        {"sofa" : 1,  "begin" : 234,  "end" : 240,  "Dependent" : 5228,  "Governor" : 5245 }, 
        {"sofa" : 1,  "begin" : 234,  "end" : 240,  "Dependent" : 5228,  "Governor" : 5257 }, 
        {"sofa" : 1,  "begin" : 504,  "end" : 506,  "Dependent" : 5286,  "Governor" : 5291,  "label" : "Anaphoric" }, 
        {"sofa" : 1,  "begin" : 521,  "end" : 530,  "Dependent" : 5269,  "Governor" : 5274 }, 
        {"sofa" : 1,  "begin" : 521,  "end" : 530,  "Dependent" : 5269,  "Governor" : 5286 }, 
        {"sofa" : 1,  "begin" : 531,  "end" : 536,  "Dependent" : 5339,  "Governor" : 5356,  "label" : "Anaphoric" }, 
        {"sofa" : 1,  "begin" : 585,  "end" : 591,  "Dependent" : 5310,  "Governor" : 5320 }, 
        {"sofa" : 1,  "begin" : 585,  "end" : 591,  "Dependent" : 5310,  "Governor" : 5315 }, 
        {"sofa" : 1,  "begin" : 585,  "end" : 591,  "Dependent" : 5310,  "Governor" : 5339 } ], 
      "Span" : [5233,  5228,  5245,  5257,  5291,  5286,  5356,  5274,  5269,  5339,  5315,  5320,  5310 ], 
      "DocumentMetaData" : [
        {"sofa" : 1,  "end" : 2219,  "language" : "x-unspecified",  "documentTitle" : "032E%20Albert%20Taylor%201905%20The%20Sanitary%20Inspectors%20Handbook__149_PUB.txt",  "documentId" : "satonelli",  "documentUri" : "file:/home/dhuser/alessio/inception/repository/project/29/document/8674/source/satonelli",  "collectionId" : "file:/home/dhuser/alessio/inception/repository/project/29/document/8674/source/",  "documentBaseUri" : "file:/home/dhuser/alessio/inception/repository/project/29/document/8674/source/",  "isLastSegment" : false } ], 
      "TagsetDescription" : [
        {"sofa" : 1,  "layer" : "webanno.custom.Emotions",  "name" : "Emotion Labels",  "input" : false }, 
        {"sofa" : 1,  "layer" : "custom.Relation",  "name" : "Relation labels",  "input" : false }, 
        {"sofa" : 1,  "layer" : "custom.Span",  "name" : "Smell labels",  "input" : false } ], 
      "Sentence" : [
        {"sofa" : 1,  "begin" : 1,  "end" : 64 }, 
        {"sofa" : 1,  "begin" : 66,  "end" : 592 }, 
        {"sofa" : 1,  "begin" : 594,  "end" : 837 }, 
        {"sofa" : 1,  "begin" : 838,  "end" : 1073 }, 
        {"sofa" : 1,  "begin" : 1075,  "end" : 1397 }, 
        {"sofa" : 1,  "begin" : 1399,  "end" : 1623 }, 
        {"sofa" : 1,  "begin" : 1624,  "end" : 2219 } ], 
      "Token" : [
        {"sofa" : 1,  "begin" : 1,  "end" : 11 }, 
        {"sofa" : 1,  "begin" : 12,  "end" : 14 }, 
        {"sofa" : 1,  "begin" : 15,  "end" : 23 }, 
        {"sofa" : 1,  "begin" : 24,  "end" : 28 }, 
        {"sofa" : 1,  "begin" : 29,  "end" : 32 }, 
        {"sofa" : 1,  "begin" : 33,  "end" : 38 }, 
        {"sofa" : 1,  "begin" : 39,  "end" : 44 }, 
        {"sofa" : 1,  "begin" : 45,  "end" : 47 }, 
        {"sofa" : 1,  "begin" : 48,  "end" : 55 }, 
        {"sofa" : 1,  "begin" : 56,  "end" : 63 }, 
        {"sofa" : 1,  "begin" : 63,  "end" : 64 }, 
        {"sofa" : 1,  "begin" : 66,  "end" : 68 }, 
        {"sofa" : 1,  "begin" : 69,  "end" : 80 }, 
        {"sofa" : 1,  "begin" : 81,  "end" : 84 }, 
        {"sofa" : 1,  "begin" : 85,  "end" : 93 }, 
        {"sofa" : 1,  "begin" : 94,  "end" : 96 }, 
        {"sofa" : 1,  "begin" : 97,  "end" : 106 }, 
        {"sofa" : 1,  "begin" : 107,  "end" : 111 }, 
        {"sofa" : 1,  "begin" : 112,  "end" : 121 }, 
        {"sofa" : 1,  "begin" : 122,  "end" : 128 }, 
        {"sofa" : 1,  "begin" : 129,  "end" : 131 }, 
        {"sofa" : 1,  "begin" : 132,  "end" : 137 }, 
        {"sofa" : 1,  "begin" : 138,  "end" : 140 }, 
        {"sofa" : 1,  "begin" : 141,  "end" : 143 }, 
        {"sofa" : 1,  "begin" : 144,  "end" : 154 }, 
        {"sofa" : 1,  "begin" : 155,  "end" : 157 }, 
        {"sofa" : 1,  "begin" : 158,  "end" : 166 }, 
        {"sofa" : 1,  "begin" : 167,  "end" : 174 }, 
        {"sofa" : 1,  "begin" : 175,  "end" : 177 }, 
        {"sofa" : 1,  "begin" : 178,  "end" : 187 }, 
        {"sofa" : 1,  "begin" : 188,  "end" : 192 }, 
        {"sofa" : 1,  "begin" : 193,  "end" : 194 }, 
        {"sofa" : 1,  "begin" : 195,  "end" : 205 }, 
        {"sofa" : 1,  "begin" : 206,  "end" : 207 }, 
        {"sofa" : 1,  "begin" : 208,  "end" : 209 }, 
        {"sofa" : 1,  "begin" : 210,  "end" : 215 }, 
        {"sofa" : 1,  "begin" : 216,  "end" : 218 }, 
        {"sofa" : 1,  "begin" : 219,  "end" : 223 }, 
        {"sofa" : 1,  "begin" : 224,  "end" : 233 }, 
        {"sofa" : 1,  "begin" : 234,  "end" : 240 }, 
        {"sofa" : 1,  "begin" : 241,  "end" : 247 }, 
        {"sofa" : 1,  "begin" : 248,  "end" : 251 }, 
        {"sofa" : 1,  "begin" : 252,  "end" : 258 }, 
        {"sofa" : 1,  "begin" : 259,  "end" : 261 }, 
        {"sofa" : 1,  "begin" : 262,  "end" : 265 }, 
        {"sofa" : 1,  "begin" : 266,  "end" : 269 }, 
        {"sofa" : 1,  "begin" : 270,  "end" : 278 }, 
        {"sofa" : 1,  "begin" : 278,  "end" : 279 }, 
        {"sofa" : 1,  "begin" : 280,  "end" : 283 }, 
        {"sofa" : 1,  "begin" : 284,  "end" : 287 }, 
        {"sofa" : 1,  "begin" : 288,  "end" : 291 }, 
        {"sofa" : 1,  "begin" : 292,  "end" : 295 }, 
        {"sofa" : 1,  "begin" : 296,  "end" : 304 }, 
        {"sofa" : 1,  "begin" : 305,  "end" : 315 }, 
        {"sofa" : 1,  "begin" : 315,  "end" : 316 }, 
        {"sofa" : 1,  "begin" : 317,  "end" : 320 }, 
        {"sofa" : 1,  "begin" : 321,  "end" : 327 }, 
        {"sofa" : 1,  "begin" : 328,  "end" : 330 }, 
        {"sofa" : 1,  "begin" : 331,  "end" : 333 }, 
        {"sofa" : 1,  "begin" : 334,  "end" : 335 }, 
        {"sofa" : 1,  "begin" : 336,  "end" : 343 }, 
        {"sofa" : 1,  "begin" : 344,  "end" : 354 }, 
        {"sofa" : 1,  "begin" : 355,  "end" : 357 }, 
        {"sofa" : 1,  "begin" : 358,  "end" : 366 }, 
        {"sofa" : 1,  "begin" : 367,  "end" : 374 }, 
        {"sofa" : 1,  "begin" : 375,  "end" : 379 }, 
        {"sofa" : 1,  "begin" : 380,  "end" : 383 }, 
        {"sofa" : 1,  "begin" : 384,  "end" : 394 }, 
        {"sofa" : 1,  "begin" : 395,  "end" : 402 }, 
        {"sofa" : 1,  "begin" : 403,  "end" : 407 }, 
        {"sofa" : 1,  "begin" : 408,  "end" : 410 }, 
        {"sofa" : 1,  "begin" : 411,  "end" : 421 }, 
        {"sofa" : 1,  "begin" : 422,  "end" : 424 }, 
        {"sofa" : 1,  "begin" : 425,  "end" : 426 }, 
        {"sofa" : 1,  "begin" : 427,  "end" : 431 }, 
        {"sofa" : 1,  "begin" : 432,  "end" : 442 }, 
        {"sofa" : 1,  "begin" : 443,  "end" : 445 }, 
        {"sofa" : 1,  "begin" : 446,  "end" : 449 }, 
        {"sofa" : 1,  "begin" : 450,  "end" : 460 }, 
        {"sofa" : 1,  "begin" : 460,  "end" : 461 }, 
        {"sofa" : 1,  "begin" : 462,  "end" : 465 }, 
        {"sofa" : 1,  "begin" : 466,  "end" : 472 }, 
        {"sofa" : 1,  "begin" : 473,  "end" : 476 }, 
        {"sofa" : 1,  "begin" : 477,  "end" : 482 }, 
        {"sofa" : 1,  "begin" : 483,  "end" : 485 }, 
        {"sofa" : 1,  "begin" : 486,  "end" : 495 }, 
        {"sofa" : 1,  "begin" : 496,  "end" : 503 }, 
        {"sofa" : 1,  "begin" : 504,  "end" : 506 }, 
        {"sofa" : 1,  "begin" : 507,  "end" : 511 }, 
        {"sofa" : 1,  "begin" : 512,  "end" : 520 }, 
        {"sofa" : 1,  "begin" : 521,  "end" : 530 }, 
        {"sofa" : 1,  "begin" : 531,  "end" : 536 }, 
        {"sofa" : 1,  "begin" : 537,  "end" : 543 }, 
        {"sofa" : 1,  "begin" : 544,  "end" : 551 }, 
        {"sofa" : 1,  "begin" : 552,  "end" : 556 }, 
        {"sofa" : 1,  "begin" : 557,  "end" : 564 }, 
        {"sofa" : 1,  "begin" : 565,  "end" : 568 }, 
        {"sofa" : 1,  "begin" : 569,  "end" : 573 }, 
        {"sofa" : 1,  "begin" : 574,  "end" : 581 }, 
        {"sofa" : 1,  "begin" : 582,  "end" : 584 }, 
        {"sofa" : 1,  "begin" : 585,  "end" : 591 }, 
        {"sofa" : 1,  "begin" : 591,  "end" : 592 }, 
        {"sofa" : 1,  "begin" : 594,  "end" : 603 }, 
        {"sofa" : 1,  "begin" : 604,  "end" : 611 }, 
        {"sofa" : 1,  "begin" : 612,  "end" : 616 }, 
        {"sofa" : 1,  "begin" : 617,  "end" : 626 }, 
        {"sofa" : 1,  "begin" : 627,  "end" : 633 }, 
        {"sofa" : 1,  "begin" : 634,  "end" : 640 }, 
        {"sofa" : 1,  "begin" : 641,  "end" : 645 }, 
        {"sofa" : 1,  "begin" : 646,  "end" : 656 }, 
        {"sofa" : 1,  "begin" : 657,  "end" : 661 }, 
        {"sofa" : 1,  "begin" : 662,  "end" : 666 }, 
        {"sofa" : 1,  "begin" : 667,  "end" : 673 }, 
        {"sofa" : 1,  "begin" : 673,  "end" : 674 }, 
        {"sofa" : 1,  "begin" : 675,  "end" : 678 }, 
        {"sofa" : 1,  "begin" : 679,  "end" : 681 }, 
        {"sofa" : 1,  "begin" : 682,  "end" : 691 }, 
        {"sofa" : 1,  "begin" : 692,  "end" : 700 }, 
        {"sofa" : 1,  "begin" : 701,  "end" : 704 }, 
        {"sofa" : 1,  "begin" : 705,  "end" : 707 }, 
        {"sofa" : 1,  "begin" : 708,  "end" : 719 }, 
        {"sofa" : 1,  "begin" : 720,  "end" : 727 }, 
        {"sofa" : 1,  "begin" : 728,  "end" : 731 }, 
        {"sofa" : 1,  "begin" : 732,  "end" : 740 }, 
        {"sofa" : 1,  "begin" : 741,  "end" : 743 }, 
        {"sofa" : 1,  "begin" : 744,  "end" : 747 }, 
        {"sofa" : 1,  "begin" : 748,  "end" : 754 }, 
        {"sofa" : 1,  "begin" : 755,  "end" : 761 }, 
        {"sofa" : 1,  "begin" : 762,  "end" : 769 }, 
        {"sofa" : 1,  "begin" : 770,  "end" : 772 }, 
        {"sofa" : 1,  "begin" : 773,  "end" : 776 }, 
        {"sofa" : 1,  "begin" : 777,  "end" : 787 }, 
        {"sofa" : 1,  "begin" : 787,  "end" : 788 }, 
        {"sofa" : 1,  "begin" : 789,  "end" : 791 }, 
        {"sofa" : 1,  "begin" : 792,  "end" : 794 }, 
        {"sofa" : 1,  "begin" : 795,  "end" : 800 }, 
        {"sofa" : 1,  "begin" : 801,  "end" : 809 }, 
        {"sofa" : 1,  "begin" : 810,  "end" : 819 }, 
        {"sofa" : 1,  "begin" : 820,  "end" : 822 }, 
        {"sofa" : 1,  "begin" : 823,  "end" : 826 }, 
        {"sofa" : 1,  "begin" : 827,  "end" : 836 }, 
        {"sofa" : 1,  "begin" : 836,  "end" : 837 }, 
        {"sofa" : 1,  "begin" : 838,  "end" : 840 }, 
        {"sofa" : 1,  "begin" : 841,  "end" : 847 }, 
        {"sofa" : 1,  "begin" : 847,  "end" : 848 }, 
        {"sofa" : 1,  "begin" : 849,  "end" : 852 }, 
        {"sofa" : 1,  "begin" : 853,  "end" : 859 }, 
        {"sofa" : 1,  "begin" : 860,  "end" : 867 }, 
        {"sofa" : 1,  "begin" : 868,  "end" : 870 }, 
        {"sofa" : 1,  "begin" : 871,  "end" : 879 }, 
        {"sofa" : 1,  "begin" : 880,  "end" : 882 }, 
        {"sofa" : 1,  "begin" : 883,  "end" : 887 }, 
        {"sofa" : 1,  "begin" : 888,  "end" : 890 }, 
        {"sofa" : 1,  "begin" : 891,  "end" : 896 }, 
        {"sofa" : 1,  "begin" : 897,  "end" : 899 }, 
        {"sofa" : 1,  "begin" : 900,  "end" : 904 }, 
        {"sofa" : 1,  "begin" : 905,  "end" : 906 }, 
        {"sofa" : 1,  "begin" : 908,  "end" : 914 }, 
        {"sofa" : 1,  "begin" : 915,  "end" : 917 }, 
        {"sofa" : 1,  "begin" : 918,  "end" : 921 }, 
        {"sofa" : 1,  "begin" : 922,  "end" : 930 }, 
        {"sofa" : 1,  "begin" : 931,  "end" : 940 }, 
        {"sofa" : 1,  "begin" : 941,  "end" : 943 }, 
        {"sofa" : 1,  "begin" : 944,  "end" : 947 }, 
        {"sofa" : 1,  "begin" : 948,  "end" : 956 }, 
        {"sofa" : 1,  "begin" : 957,  "end" : 962 }, 
        {"sofa" : 1,  "begin" : 963,  "end" : 966 }, 
        {"sofa" : 1,  "begin" : 967,  "end" : 975 }, 
        {"sofa" : 1,  "begin" : 976,  "end" : 985 }, 
        {"sofa" : 1,  "begin" : 986,  "end" : 989 }, 
        {"sofa" : 1,  "begin" : 990,  "end" : 997 }, 
        {"sofa" : 1,  "begin" : 998,  "end" : 1001 }, 
        {"sofa" : 1,  "begin" : 1002,  "end" : 1009 }, 
        {"sofa" : 1,  "begin" : 1009,  "end" : 1010 }, 
        {"sofa" : 1,  "begin" : 1011,  "end" : 1013 }, 
        {"sofa" : 1,  "begin" : 1014,  "end" : 1020 }, 
        {"sofa" : 1,  "begin" : 1021,  "end" : 1024 }, 
        {"sofa" : 1,  "begin" : 1025,  "end" : 1031 }, 
        {"sofa" : 1,  "begin" : 1031,  "end" : 1032 }, 
        {"sofa" : 1,  "begin" : 1033,  "end" : 1035 }, 
        {"sofa" : 1,  "begin" : 1036,  "end" : 1045 }, 
        {"sofa" : 1,  "begin" : 1045,  "end" : 1046 }, 
        {"sofa" : 1,  "begin" : 1047,  "end" : 1049 }, 
        {"sofa" : 1,  "begin" : 1050,  "end" : 1056 }, 
        {"sofa" : 1,  "begin" : 1057,  "end" : 1060 }, 
        {"sofa" : 1,  "begin" : 1061,  "end" : 1072 }, 
        {"sofa" : 1,  "begin" : 1072,  "end" : 1073 }, 
        {"sofa" : 1,  "begin" : 1075,  "end" : 1077 }, 
        {"sofa" : 1,  "begin" : 1078,  "end" : 1086 }, 
        {"sofa" : 1,  "begin" : 1087,  "end" : 1096 }, 
        {"sofa" : 1,  "begin" : 1097,  "end" : 1107 }, 
        {"sofa" : 1,  "begin" : 1108,  "end" : 1114 }, 
        {"sofa" : 1,  "begin" : 1115,  "end" : 1117 }, 
        {"sofa" : 1,  "begin" : 1118,  "end" : 1129 }, 
        {"sofa" : 1,  "begin" : 1130,  "end" : 1137 }, 
        {"sofa" : 1,  "begin" : 1138,  "end" : 1141 }, 
        {"sofa" : 1,  "begin" : 1142,  "end" : 1150 }, 
        {"sofa" : 1,  "begin" : 1151,  "end" : 1153 }, 
        {"sofa" : 1,  "begin" : 1154,  "end" : 1157 }, 
        {"sofa" : 1,  "begin" : 1158,  "end" : 1163 }, 
        {"sofa" : 1,  "begin" : 1164,  "end" : 1173 }, 
        {"sofa" : 1,  "begin" : 1173,  "end" : 1174 }, 
        {"sofa" : 1,  "begin" : 1175,  "end" : 1183 }, 
        {"sofa" : 1,  "begin" : 1184,  "end" : 1186 }, 
        {"sofa" : 1,  "begin" : 1187,  "end" : 1190 }, 
        {"sofa" : 1,  "begin" : 1191,  "end" : 1200 }, 
        {"sofa" : 1,  "begin" : 1201,  "end" : 1203 }, 
        {"sofa" : 1,  "begin" : 1204,  "end" : 1207 }, 
        {"sofa" : 1,  "begin" : 1208,  "end" : 1216 }, 
        {"sofa" : 1,  "begin" : 1217,  "end" : 1218 }, 
        {"sofa" : 1,  "begin" : 1219,  "end" : 1222 }, 
        {"sofa" : 1,  "begin" : 1223,  "end" : 1225 }, 
        {"sofa" : 1,  "begin" : 1226,  "end" : 1233 }, 
        {"sofa" : 1,  "begin" : 1234,  "end" : 1243 }, 
        {"sofa" : 1,  "begin" : 1244,  "end" : 1250 }, 
        {"sofa" : 1,  "begin" : 1251,  "end" : 1254 }, 
        {"sofa" : 1,  "begin" : 1255,  "end" : 1263 }, 
        {"sofa" : 1,  "begin" : 1264,  "end" : 1265 }, 
        {"sofa" : 1,  "begin" : 1267,  "end" : 1272 }, 
        {"sofa" : 1,  "begin" : 1272,  "end" : 1273 }, 
        {"sofa" : 1,  "begin" : 1274,  "end" : 1275 }, 
        {"sofa" : 1,  "begin" : 1276,  "end" : 1282 }, 
        {"sofa" : 1,  "begin" : 1283,  "end" : 1287 }, 
        {"sofa" : 1,  "begin" : 1288,  "end" : 1290 }, 
        {"sofa" : 1,  "begin" : 1291,  "end" : 1299 }, 
        {"sofa" : 1,  "begin" : 1300,  "end" : 1304 }, 
        {"sofa" : 1,  "begin" : 1305,  "end" : 1309 }, 
        {"sofa" : 1,  "begin" : 1310,  "end" : 1319 }, 
        {"sofa" : 1,  "begin" : 1320,  "end" : 1326 }, 
        {"sofa" : 1,  "begin" : 1327,  "end" : 1331 }, 
        {"sofa" : 1,  "begin" : 1332,  "end" : 1335 }, 
        {"sofa" : 1,  "begin" : 1336,  "end" : 1338 }, 
        {"sofa" : 1,  "begin" : 1339,  "end" : 1346 }, 
        {"sofa" : 1,  "begin" : 1347,  "end" : 1349 }, 
        {"sofa" : 1,  "begin" : 1349,  "end" : 1350 }, 
        {"sofa" : 1,  "begin" : 1351,  "end" : 1354 }, 
        {"sofa" : 1,  "begin" : 1355,  "end" : 1359 }, 
        {"sofa" : 1,  "begin" : 1360,  "end" : 1367 }, 
        {"sofa" : 1,  "begin" : 1368,  "end" : 1370 }, 
        {"sofa" : 1,  "begin" : 1371,  "end" : 1378 }, 
        {"sofa" : 1,  "begin" : 1379,  "end" : 1381 }, 
        {"sofa" : 1,  "begin" : 1382,  "end" : 1388 }, 
        {"sofa" : 1,  "begin" : 1389,  "end" : 1396 }, 
        {"sofa" : 1,  "begin" : 1396,  "end" : 1397 }, 
        {"sofa" : 1,  "begin" : 1399,  "end" : 1402 }, 
        {"sofa" : 1,  "begin" : 1403,  "end" : 1408 }, 
        {"sofa" : 1,  "begin" : 1409,  "end" : 1419 }, 
        {"sofa" : 1,  "begin" : 1420,  "end" : 1425 }, 
        {"sofa" : 1,  "begin" : 1426,  "end" : 1429 }, 
        {"sofa" : 1,  "begin" : 1430,  "end" : 1433 }, 
        {"sofa" : 1,  "begin" : 1434,  "end" : 1440 }, 
        {"sofa" : 1,  "begin" : 1441,  "end" : 1447 }, 
        {"sofa" : 1,  "begin" : 1448,  "end" : 1455 }, 
        {"sofa" : 1,  "begin" : 1456,  "end" : 1460 }, 
        {"sofa" : 1,  "begin" : 1461,  "end" : 1465 }, 
        {"sofa" : 1,  "begin" : 1466,  "end" : 1473 }, 
        {"sofa" : 1,  "begin" : 1474,  "end" : 1477 }, 
        {"sofa" : 1,  "begin" : 1478,  "end" : 1488 }, 
        {"sofa" : 1,  "begin" : 1489,  "end" : 1494 }, 
        {"sofa" : 1,  "begin" : 1495,  "end" : 1505 }, 
        {"sofa" : 1,  "begin" : 1505,  "end" : 1506 }, 
        {"sofa" : 1,  "begin" : 1507,  "end" : 1510 }, 
        {"sofa" : 1,  "begin" : 1511,  "end" : 1516 }, 
        {"sofa" : 1,  "begin" : 1517,  "end" : 1521 }, 
        {"sofa" : 1,  "begin" : 1522,  "end" : 1524 }, 
        {"sofa" : 1,  "begin" : 1525,  "end" : 1533 }, 
        {"sofa" : 1,  "begin" : 1534,  "end" : 1536 }, 
        {"sofa" : 1,  "begin" : 1537,  "end" : 1540 }, 
        {"sofa" : 1,  "begin" : 1541,  "end" : 1549 }, 
        {"sofa" : 1,  "begin" : 1550,  "end" : 1559 }, 
        {"sofa" : 1,  "begin" : 1560,  "end" : 1562 }, 
        {"sofa" : 1,  "begin" : 1563,  "end" : 1566 }, 
        {"sofa" : 1,  "begin" : 1567,  "end" : 1576 }, 
        {"sofa" : 1,  "begin" : 1576,  "end" : 1577 }, 
        {"sofa" : 1,  "begin" : 1578,  "end" : 1581 }, 
        {"sofa" : 1,  "begin" : 1582,  "end" : 1585 }, 
        {"sofa" : 1,  "begin" : 1586,  "end" : 1592 }, 
        {"sofa" : 1,  "begin" : 1593,  "end" : 1600 }, 
        {"sofa" : 1,  "begin" : 1601,  "end" : 1607 }, 
        {"sofa" : 1,  "begin" : 1608,  "end" : 1611 }, 
        {"sofa" : 1,  "begin" : 1612,  "end" : 1622 }, 
        {"sofa" : 1,  "begin" : 1622,  "end" : 1623 }, 
        {"sofa" : 1,  "begin" : 1624,  "end" : 1627 }, 
        {"sofa" : 1,  "begin" : 1628,  "end" : 1631 }, 
        {"sofa" : 1,  "begin" : 1632,  "end" : 1640 }, 
        {"sofa" : 1,  "begin" : 1641,  "end" : 1645 }, 
        {"sofa" : 1,  "begin" : 1646,  "end" : 1647 }, 
        {"sofa" : 1,  "begin" : 1648,  "end" : 1649 }, 
        {"sofa" : 1,  "begin" : 1651,  "end" : 1653 }, 
        {"sofa" : 1,  "begin" : 1654,  "end" : 1657 }, 
        {"sofa" : 1,  "begin" : 1658,  "end" : 1664 }, 
        {"sofa" : 1,  "begin" : 1665,  "end" : 1666 }, 
        {"sofa" : 1,  "begin" : 1668,  "end" : 1679 }, 
        {"sofa" : 1,  "begin" : 1680,  "end" : 1684 }, 
        {"sofa" : 1,  "begin" : 1685,  "end" : 1688 }, 
        {"sofa" : 1,  "begin" : 1689,  "end" : 1698 }, 
        {"sofa" : 1,  "begin" : 1699,  "end" : 1709 }, 
        {"sofa" : 1,  "begin" : 1709,  "end" : 1710 }, 
        {"sofa" : 1,  "begin" : 1711,  "end" : 1713 }, 
        {"sofa" : 1,  "begin" : 1714,  "end" : 1717 }, 
        {"sofa" : 1,  "begin" : 1718,  "end" : 1720 }, 
        {"sofa" : 1,  "begin" : 1721,  "end" : 1725 }, 
        {"sofa" : 1,  "begin" : 1726,  "end" : 1727 }, 
        {"sofa" : 1,  "begin" : 1728,  "end" : 1732 }, 
        {"sofa" : 1,  "begin" : 1733,  "end" : 1735 }, 
        {"sofa" : 1,  "begin" : 1736,  "end" : 1738 }, 
        {"sofa" : 1,  "begin" : 1739,  "end" : 1742 }, 
        {"sofa" : 1,  "begin" : 1742,  "end" : 1743 }, 
        {"sofa" : 1,  "begin" : 1744,  "end" : 1747 }, 
        {"sofa" : 1,  "begin" : 1748,  "end" : 1756 }, 
        {"sofa" : 1,  "begin" : 1757,  "end" : 1759 }, 
        {"sofa" : 1,  "begin" : 1760,  "end" : 1765 }, 
        {"sofa" : 1,  "begin" : 1766,  "end" : 1772 }, 
        {"sofa" : 1,  "begin" : 1772,  "end" : 1773 }, 
        {"sofa" : 1,  "begin" : 1774,  "end" : 1778 }, 
        {"sofa" : 1,  "begin" : 1779,  "end" : 1785 }, 
        {"sofa" : 1,  "begin" : 1785,  "end" : 1786 }, 
        {"sofa" : 1,  "begin" : 1787,  "end" : 1793 }, 
        {"sofa" : 1,  "begin" : 1794,  "end" : 1806 }, 
        {"sofa" : 1,  "begin" : 1806,  "end" : 1807 }, 
        {"sofa" : 1,  "begin" : 1808,  "end" : 1812 }, 
        {"sofa" : 1,  "begin" : 1813,  "end" : 1819 }, 
        {"sofa" : 1,  "begin" : 1819,  "end" : 1820 }, 
        {"sofa" : 1,  "begin" : 1821,  "end" : 1827 }, 
        {"sofa" : 1,  "begin" : 1828,  "end" : 1834 }, 
        {"sofa" : 1,  "begin" : 1834,  "end" : 1835 }, 
        {"sofa" : 1,  "begin" : 1836,  "end" : 1838 }, 
        {"sofa" : 1,  "begin" : 1839,  "end" : 1846 }, 
        {"sofa" : 1,  "begin" : 1846,  "end" : 1847 }, 
        {"sofa" : 1,  "begin" : 1848,  "end" : 1850 }, 
        {"sofa" : 1,  "begin" : 1852,  "end" : 1863 }, 
        {"sofa" : 1,  "begin" : 1864,  "end" : 1868 }, 
        {"sofa" : 1,  "begin" : 1868,  "end" : 1869 }, 
        {"sofa" : 1,  "begin" : 1870,  "end" : 1877 }, 
        {"sofa" : 1,  "begin" : 1878,  "end" : 1881 }, 
        {"sofa" : 1,  "begin" : 1882,  "end" : 1890 }, 
        {"sofa" : 1,  "begin" : 1891,  "end" : 1893 }, 
        {"sofa" : 1,  "begin" : 1894,  "end" : 1897 }, 
        {"sofa" : 1,  "begin" : 1898,  "end" : 1904 }, 
        {"sofa" : 1,  "begin" : 1905,  "end" : 1912 }, 
        {"sofa" : 1,  "begin" : 1912,  "end" : 1913 }, 
        {"sofa" : 1,  "begin" : 1914,  "end" : 1917 }, 
        {"sofa" : 1,  "begin" : 1918,  "end" : 1927 }, 
        {"sofa" : 1,  "begin" : 1928,  "end" : 1938 }, 
        {"sofa" : 1,  "begin" : 1939,  "end" : 1941 }, 
        {"sofa" : 1,  "begin" : 1942,  "end" : 1945 }, 
        {"sofa" : 1,  "begin" : 1946,  "end" : 1948 }, 
        {"sofa" : 1,  "begin" : 1949,  "end" : 1953 }, 
        {"sofa" : 1,  "begin" : 1954,  "end" : 1955 }, 
        {"sofa" : 1,  "begin" : 1956,  "end" : 1960 }, 
        {"sofa" : 1,  "begin" : 1961,  "end" : 1963 }, 
        {"sofa" : 1,  "begin" : 1964,  "end" : 1966 }, 
        {"sofa" : 1,  "begin" : 1967,  "end" : 1970 }, 
        {"sofa" : 1,  "begin" : 1970,  "end" : 1971 }, 
        {"sofa" : 1,  "begin" : 1972,  "end" : 1975 }, 
        {"sofa" : 1,  "begin" : 1976,  "end" : 1984 }, 
        {"sofa" : 1,  "begin" : 1985,  "end" : 1987 }, 
        {"sofa" : 1,  "begin" : 1988,  "end" : 1998 }, 
        {"sofa" : 1,  "begin" : 1998,  "end" : 1999 }, 
        {"sofa" : 1,  "begin" : 2000,  "end" : 2005 }, 
        {"sofa" : 1,  "begin" : 2006,  "end" : 2012 }, 
        {"sofa" : 1,  "begin" : 2012,  "end" : 2013 }, 
        {"sofa" : 1,  "begin" : 2014,  "end" : 2025 }, 
        {"sofa" : 1,  "begin" : 2026,  "end" : 2028 }, 
        {"sofa" : 1,  "begin" : 2029,  "end" : 2035 }, 
        {"sofa" : 1,  "begin" : 2036,  "end" : 2038 }, 
        {"sofa" : 1,  "begin" : 2039,  "end" : 2045 }, 
        {"sofa" : 1,  "begin" : 2045,  "end" : 2046 }, 
        {"sofa" : 1,  "begin" : 2047,  "end" : 2049 }, 
        {"sofa" : 1,  "begin" : 2050,  "end" : 2053 }, 
        {"sofa" : 1,  "begin" : 2054,  "end" : 2059 }, 
        {"sofa" : 1,  "begin" : 2060,  "end" : 2068 }, 
        {"sofa" : 1,  "begin" : 2069,  "end" : 2074 }, 
        {"sofa" : 1,  "begin" : 2075,  "end" : 2078 }, 
        {"sofa" : 1,  "begin" : 2079,  "end" : 2085 }, 
        {"sofa" : 1,  "begin" : 2086,  "end" : 2093 }, 
        {"sofa" : 1,  "begin" : 2094,  "end" : 2097 }, 
        {"sofa" : 1,  "begin" : 2098,  "end" : 2105 }, 
        {"sofa" : 1,  "begin" : 2106,  "end" : 2108 }, 
        {"sofa" : 1,  "begin" : 2109,  "end" : 2114 }, 
        {"sofa" : 1,  "begin" : 2115,  "end" : 2124 }, 
        {"sofa" : 1,  "begin" : 2125,  "end" : 2127 }, 
        {"sofa" : 1,  "begin" : 2128,  "end" : 2131 }, 
        {"sofa" : 1,  "begin" : 2132,  "end" : 2137 }, 
        {"sofa" : 1,  "begin" : 2138,  "end" : 2148 }, 
        {"sofa" : 1,  "begin" : 2149,  "end" : 2154 }, 
        {"sofa" : 1,  "begin" : 2154,  "end" : 2155 }, 
        {"sofa" : 1,  "begin" : 2156,  "end" : 2159 }, 
        {"sofa" : 1,  "begin" : 2160,  "end" : 2169 }, 
        {"sofa" : 1,  "begin" : 2170,  "end" : 2172 }, 
        {"sofa" : 1,  "begin" : 2173,  "end" : 2176 }, 
        {"sofa" : 1,  "begin" : 2177,  "end" : 2183 }, 
        {"sofa" : 1,  "begin" : 2184,  "end" : 2191 }, 
        {"sofa" : 1,  "begin" : 2192,  "end" : 2194 }, 
        {"sofa" : 1,  "begin" : 2195,  "end" : 2197 }, 
        {"sofa" : 1,  "begin" : 2198,  "end" : 2200 }, 
        {"sofa" : 1,  "begin" : 2201,  "end" : 2210 }, 
        {"sofa" : 1,  "begin" : 2211,  "end" : 2219 } ] } }, 
  "_referenced_fss" : {
    "1" : {"_type" : "Sofa",  "sofaNum" : 1,  "sofaID" : "_InitialView",  "mimeType" : "text",  "sofaString" : "\nMemorandum of Nuisance from any other cause or general remarks.\n\nIn considering the question of nuisances from offensive\ntrades it might be an infraction of personal liberty to\ninterfere with a proprietor ' s right to make offensive smells\nwithin the limits of his own tenement, and for his own\nseparate inhalation, but surely it is a greater infraction of\npersonal liberty when the proprietor assumes what is\nequivalent to a sole possession of the atmosphere, and\nclaims the right of diffusing through it some nauseous\neffluvium which others equally with himself are thus\nobliged to inhale.\n\nNuisances arising from offensive trades affect some\ninspectors more than others, but no offensive business\ncan be established without the sanction of the London\nCounty Council in the Metropolis, or an urban sanitary\nauthority in the provinces. In London, the County\nCouncil is required to give at least 14 days '  notice to\nthe sanitary authority of the district where the premises\nrequiring the license are situate, to enable the latter, if\nnecessary, to oppose the application.\n\nIn Scotland offensive businesses cannot be established\nwithout the sanction of the Local Authority, whatever be\nthe situation of the business ; and as regards slaughter\nhouses and knackers '  yards, a Hcense must be obtained\nfrom such Authority before they can be carried on, and\nthis license is subject to annual renewal.\n\nThe Local Government Board and the London County\nCouncil have made by-laws for regulating these businesses,\nand these must be enforced by the sanitary authority\nin the Provinces, and the County Council within the\nMetropolis. The Act provides that : —\n\nIf any person —\n\nEstablishes anew the following businesses, or any of them ; that is to\nsay, the business of blood boiler, bone boiler, manure manufacturer,\nsoap boiler, tallow melter, or knacker, or\n\nEstablishes anew, without the sanction of the county council, the\nfollowing businesses or any of them ; that is to say, the business of\nfellmonger, tripe boiler, slaughterer of cattle or horses, or any other\nbusiness which the county council may declare by order confirmed by the Local Government Board, and published in the London\nGazette to be an offensive business" }, 
    "5228" : {"_type" : "Span",  "sofa" : 1,  "begin" : 234,  "end" : 240,  "label" : "Smell_Word" }, 
    "5233" : {"_type" : "Span",  "sofa" : 1,  "begin" : 224,  "end" : 233,  "label" : "Quality" }, 
    "5245" : {"_type" : "Span",  "sofa" : 1,  "begin" : 241,  "end" : 278,  "label" : "Location" }, 
    "5257" : {"_type" : "Span",  "sofa" : 1,  "begin" : 284,  "end" : 315,  "label" : "Perceiver" }, 
    "5286" : {"_type" : "Span",  "sofa" : 1,  "begin" : 504,  "end" : 506,  "label" : "Odour_Carrier" }, 
    "5291" : {"_type" : "Span",  "sofa" : 1,  "begin" : 446,  "end" : 460,  "label" : "Odour_Carrier" }, 
    "5269" : {"_type" : "Span",  "sofa" : 1,  "begin" : 521,  "end" : 530,  "label" : "Smell_Word" }, 
    "5274" : {"_type" : "Span",  "sofa" : 1,  "begin" : 512,  "end" : 520,  "label" : "Quality" }, 
    "5339" : {"_type" : "Span",  "sofa" : 1,  "begin" : 531,  "end" : 536,  "label" : "Smell_Source" }, 
    "5356" : {"_type" : "Span",  "sofa" : 1,  "begin" : 507,  "end" : 530,  "label" : "Smell_Source" }, 
    "5310" : {"_type" : "Span",  "sofa" : 1,  "begin" : 585,  "end" : 591,  "label" : "Smell_Word" }, 
    "5320" : {"_type" : "Span",  "sofa" : 1,  "begin" : 557,  "end" : 564,  "label" : "Perceiver" }, 
    "5315" : {"_type" : "Span",  "sofa" : 1,  "begin" : 537,  "end" : 543,  "label" : "Perceiver" } } }