#FORMAT=WebAnno TSV 3.3


#Text=ob dieſe gefaͤrbte Bienen langſam oder
#Text=bald wieder zu den Bronnen kommen/
#Text=dabey mercken
#Text=ſie ab/
#Text=ob ſie nahend oder weit ihre Wohnungen haben/
#Text=
#Text=kommen ſie bald wieder/
#Text=ſo ſind ihre Hoͤhlen in der Naͤhe/
#Text=
#Text=ſind ſie aber weit/ muß man Liſt und Kunſt brauchen/
#Text=
#Text=
#Text=man
#Text=
#Text=
#Text=A a a iij\f
#Text=[374/0392
#Text=]
#Text=
#Text=Des Adelichen Land- und Feld-Lebens
#Text=
#Text=
#Text=[
#Text=Abbildung
#Text=]
#Text=
#Text=man nimmt ein ausgehohltes Rohr/ vermachts auf der
#Text=einen Seiten/ und ſtreicht Hoͤnig hinein/ und legts ne-
#Text=ben dem Bronnen/ die Bienen/ ſo das Hoͤnig ſtracks
#Text=riechen/ kommen bald mit Begierd/ und ſchlieffen in
#Text=das Rohr;
#Text=wenn genug Bienen darinnen ſind/ ſetzet
#Text=
#Text=man den Daum auf das Loch/ daß keine mehr heraus
#Text=mag/ nimmt das Rohr/ und laͤſſet nicht mehr als eine
#Text=heraus/ und ſo dieſelbe fortſauſet/ zeiget ſie mit ihrem Flug
#Text=(auf welchem ſorgfaͤltig Acht zu geben) den Wege/
#Text=
#Text=welchen man nacheilen ſolle/
#Text=ſo lang man die Bienen
#Text=mit den Augen erreichen kan;
#Text=lſt ſie aus den Geſicht
#Text=
#Text=entrunnen/ ſo laͤſt er eine andere heraus/ flieget dieſelbe
#Text=auch denſelben Wege/
#Text=ſo bleibt er auf der erſten Spur/
#Text=
#Text=und alſo
#Text=laͤſt
1-1	2-4	ob	
1-2	5-10	dieſe	
1-3	11-20	gefaͤrbte	
1-4	21-27	Bienen	
1-5	28-35	langſam	
1-6	36-40	oder	
1-7	41-45	bald	
1-8	46-52	wieder	
1-9	53-55	zu	
1-10	56-59	den	
1-11	60-67	Bronnen	
1-12	68-74	kommen	
1-13	74-75	/	
1-14	76-81	dabey	
1-15	82-89	mercken	
1-16	90-93	ſie	
1-17	94-96	ab	
1-18	96-97	/	
1-19	98-100	ob	
1-20	101-104	ſie	
1-21	105-111	nahend	
1-22	112-116	oder	
1-23	117-121	weit	
1-24	122-126	ihre	
1-25	127-136	Wohnungen	
1-26	137-142	haben	
1-27	142-143	/	
1-28	145-151	kommen	
1-29	152-155	ſie	
1-30	156-160	bald	
1-31	161-167	wieder	
1-32	167-168	/	
1-33	169-171	ſo	
1-34	172-176	ſind	
1-35	177-181	ihre	
1-36	182-189	Hoͤhlen	
1-37	190-192	in	
1-38	193-196	der	
1-39	197-202	Naͤhe	
1-40	202-203	/	
1-41	205-209	ſind	
1-42	210-213	ſie	
1-43	214-218	aber	
1-44	219-223	weit	
1-45	223-224	/	
1-46	225-228	muß	
1-47	229-232	man	
1-48	233-237	Liſt	
1-49	238-241	und	
1-50	242-247	Kunſt	
1-51	248-256	brauchen	
1-52	256-257	/	
1-53	260-263	man	
1-54	266-267	A	
1-55	268-269	a	
1-56	270-271	a	
1-57	272-275	iij	
1-58	277-278	[	
1-59	278-281	374	
1-60	281-282	/	
1-61	282-286	0392	
1-62	287-288	]	
1-63	290-293	Des	
1-64	294-303	Adelichen	
1-65	304-308	Land	
1-66	308-309	-	
1-67	310-313	und	
1-68	314-325	Feld-Lebens	
1-69	328-329	[	
1-70	330-339	Abbildung	
1-71	340-341	]	
1-72	343-346	man	
1-73	347-352	nimmt	
1-74	353-356	ein	
1-75	357-369	ausgehohltes	
1-76	370-374	Rohr	
1-77	374-375	/	
1-78	376-385	vermachts	
1-79	386-389	auf	
1-80	390-393	der	
1-81	394-399	einen	
1-82	400-406	Seiten	
1-83	406-407	/	
1-84	408-411	und	
1-85	412-420	ſtreicht	
1-86	421-427	Hoͤnig	
1-87	428-434	hinein	
1-88	434-435	/	
1-89	436-439	und	
1-90	440-445	legts	
1-91	446-448	ne	
1-92	448-449	-	
1-93	450-453	ben	
1-94	454-457	dem	
1-95	458-465	Bronnen	
1-96	465-466	/	
1-97	467-470	die	
1-98	471-477	Bienen	
1-99	477-478	/	
1-100	479-481	ſo	
1-101	482-485	das	
1-102	486-492	Hoͤnig	
1-103	493-500	ſtracks	
1-104	501-508	riechen	
1-105	508-509	/	
1-106	510-516	kommen	
1-107	517-521	bald	
1-108	522-525	mit	
1-109	526-533	Begierd	
1-110	533-534	/	
1-111	535-538	und	
1-112	539-549	ſchlieffen	
1-113	550-552	in	
1-114	553-556	das	
1-115	557-561	Rohr	
1-116	561-562	;	
1-117	563-567	wenn	
1-118	568-573	genug	
1-119	574-580	Bienen	
1-120	581-589	darinnen	
1-121	590-594	ſind	
1-122	594-595	/	
1-123	596-602	ſetzet	
1-124	604-607	man	
1-125	608-611	den	
1-126	612-616	Daum	
1-127	617-620	auf	
1-128	621-624	das	
1-129	625-629	Loch	
1-130	629-630	/	
1-131	631-634	daß	
1-132	635-640	keine	
1-133	641-645	mehr	
1-134	646-652	heraus	
1-135	653-656	mag	
1-136	656-657	/	
1-137	658-663	nimmt	
1-138	664-667	das	
1-139	668-672	Rohr	
1-140	672-673	/	
1-141	674-677	und	
1-142	678-685	laͤſſet	
1-143	686-691	nicht	
1-144	692-696	mehr	
1-145	697-700	als	
1-146	701-705	eine	
1-147	706-712	heraus	
1-148	712-713	/	
1-149	714-717	und	
1-150	718-720	ſo	
1-151	721-729	dieſelbe	
1-152	730-740	fortſauſet	
1-153	740-741	/	
1-154	742-748	zeiget	
1-155	749-752	ſie	
1-156	753-756	mit	
1-157	757-762	ihrem	
1-158	763-767	Flug	
1-159	768-769	(	
1-160	769-772	auf	
1-161	773-780	welchem	
1-162	781-792	ſorgfaͤltig	
1-163	793-797	Acht	
1-164	798-800	zu	
1-165	801-806	geben	
1-166	806-807	)	
1-167	808-811	den	
1-168	812-816	Wege	
1-169	816-817	/	
1-170	819-826	welchen	
1-171	827-830	man	
1-172	831-840	nacheilen	
1-173	841-846	ſolle	
1-174	846-847	/	
1-175	848-850	ſo	
1-176	851-855	lang	
1-177	856-859	man	
1-178	860-863	die	
1-179	864-870	Bienen	
1-180	871-874	mit	
1-181	875-878	den	
1-182	879-884	Augen	
1-183	885-894	erreichen	
1-184	895-898	kan	
1-185	898-899	;	
1-186	900-903	lſt	
1-187	904-907	ſie	
1-188	908-911	aus	
1-189	912-915	den	
1-190	916-923	Geſicht	
1-191	925-934	entrunnen	
1-192	934-935	/	
1-193	936-938	ſo	
1-194	939-944	laͤſt	
1-195	945-947	er	
1-196	948-952	eine	
1-197	953-959	andere	
1-198	960-966	heraus	
1-199	966-967	/	
1-200	968-975	flieget	
1-201	976-984	dieſelbe	
1-202	985-989	auch	
1-203	990-999	denſelben	
1-204	1000-1004	Wege	
1-205	1004-1005	/	
1-206	1006-1008	ſo	
1-207	1009-1015	bleibt	
1-208	1016-1018	er	
1-209	1019-1022	auf	
1-210	1023-1026	der	
1-211	1027-1033	erſten	
1-212	1034-1038	Spur	
1-213	1038-1039	/	
1-214	1041-1044	und	
1-215	1045-1049	alſo	
1-216	1050-1055	laͤſt	
