#FORMAT=WebAnno TSV 3.3


#Text=20 Beati qui seminatis super omnes aquas, immittentes pedem bovis et asini.
1-1	2-4	20	
1-2	5-10	Beati	
1-3	11-14	qui	
1-4	15-24	seminatis	
1-5	25-30	super	
1-6	31-36	omnes	
1-7	37-42	aquas	
1-8	42-43	,	
1-9	44-55	immittentes	
1-10	56-61	pedem	
1-11	62-67	bovis	
1-12	68-70	et	
1-13	71-76	asini	
1-14	76-77	.	

#Text=Caput 33
#Text=
#Text=
#Text=1 Væ qui prædaris !
2-1	78-83	Caput	
2-2	84-86	33	
2-3	89-90	1	
2-4	91-93	Væ	
2-5	94-97	qui	
2-6	98-106	prædaris	
2-7	107-108	!	

#Text=nonne et ipse prædaberis ?
3-1	109-114	nonne	
3-2	115-117	et	
3-3	118-122	ipse	
3-4	123-133	prædaberis	
3-5	134-135	?	

#Text=et qui spernis, nonne et ipse sperneris ?
4-1	136-138	et	
4-2	139-142	qui	
4-3	143-150	spernis	
4-4	150-151	,	
4-5	152-157	nonne	
4-6	158-160	et	
4-7	161-165	ipse	
4-8	166-175	sperneris	
4-9	176-177	?	

#Text=Cum consummaveris deprædationem, deprædaberis ; cum fatigatus desieris contemnere, contemneris.
#Text=2 Domine, miserere nostri, te enim exspectavimus ; esto brachium nostrum in mane, et salus nostra in tempore tribulationis.
#Text=3 A voce angeli fugerunt populi, et ab exaltatione tua dispersæ sunt gentes.
#Text=4 Et congregabuntur spolia vestra sicut colligitur bruchus, velut cum fossæ plenæ fuerint de eo.
#Text=5 Magnificatus est Dominus, quoniam habitavit in excelso ; implevit Sion judicio et justitia.
#Text=6 Et erit fides in temporibus tuis : divitiæ salutis sapientia et scientia ; timor Domini ipse est thesaurus ejus.
#Text=7 Ecce videntes clamabunt foris ; angeli pacis amare flebunt.
#Text=8 Dissipatæ sunt viæ, cessavit transiens per semitam : irritum factum est pactum, projecit civitates, non reputavit homines.
#Text=9 Luxit et elanguit terra ; confusus est Libanus, et obsorduit : et factus est Saron sicut desertum, et concussa est Basan, et Carmelus.
#Text=10 Nunc consurgam, dicit Dominus ; nunc exaltabor, nunc sublevabor.
#Text=11 Concipietis ardorem, parietis stipulam ; spiritus vester ut ignis vorabit vos.
#Text=12 Et erunt populi quasi de incendio cinis ; spinæ congregatæ igni comburentur.
#Text=13 Audite, qui longe estis, quæ fecerim ; et cognoscite, vicini, fortitudinem meam.
#Text=14 Conterriti sunt in Sion peccatores ; possedit tremor hypocritas.
5-1	178-181	Cum	
5-2	182-195	consummaveris	
5-3	196-209	deprædationem	
5-4	209-210	,	
5-5	211-223	deprædaberis	
5-6	224-225	;	
5-7	226-229	cum	
5-8	230-239	fatigatus	
5-9	240-248	desieris	
5-10	249-259	contemnere	
5-11	259-260	,	
5-12	261-272	contemneris	
5-13	272-273	.	
5-14	274-275	2	
5-15	276-282	Domine	
5-16	282-283	,	
5-17	284-292	miserere	
5-18	293-299	nostri	
5-19	299-300	,	
5-20	301-303	te	
5-21	304-308	enim	
5-22	309-322	exspectavimus	
5-23	323-324	;	
5-24	325-329	esto	
5-25	330-338	brachium	
5-26	339-346	nostrum	
5-27	347-349	in	
5-28	350-354	mane	
5-29	354-355	,	
5-30	356-358	et	
5-31	359-364	salus	
5-32	365-371	nostra	
5-33	372-374	in	
5-34	375-382	tempore	
5-35	383-396	tribulationis	
5-36	396-397	.	
5-37	398-399	3	
5-38	400-401	A	
5-39	402-406	voce	
5-40	407-413	angeli	
5-41	414-422	fugerunt	
5-42	423-429	populi	
5-43	429-430	,	
5-44	431-433	et	
5-45	434-436	ab	
5-46	437-448	exaltatione	
5-47	449-452	tua	
5-48	453-461	dispersæ	
5-49	462-466	sunt	
5-50	467-473	gentes	
5-51	473-474	.	
5-52	475-476	4	
5-53	477-479	Et	
5-54	480-494	congregabuntur	
5-55	495-501	spolia	
5-56	502-508	vestra	
5-57	509-514	sicut	
5-58	515-525	colligitur	
5-59	526-533	bruchus	
5-60	533-534	,	
5-61	535-540	velut	
5-62	541-544	cum	
5-63	545-550	fossæ	
5-64	551-556	plenæ	
5-65	557-564	fuerint	
5-66	565-567	de	
5-67	568-570	eo	
5-68	570-571	.	
5-69	572-573	5	
5-70	574-586	Magnificatus	
5-71	587-590	est	
5-72	591-598	Dominus	
5-73	598-599	,	
5-74	600-607	quoniam	
5-75	608-617	habitavit	
5-76	618-620	in	
5-77	621-628	excelso	
5-78	629-630	;	
5-79	631-639	implevit	
5-80	640-644	Sion	
5-81	645-652	judicio	
5-82	653-655	et	
5-83	656-664	justitia	
5-84	664-665	.	
5-85	666-667	6	
5-86	668-670	Et	
5-87	671-675	erit	
5-88	676-681	fides	
5-89	682-684	in	
5-90	685-695	temporibus	
5-91	696-700	tuis	
5-92	701-702	:	
5-93	703-710	divitiæ	
5-94	711-718	salutis	
5-95	719-728	sapientia	
5-96	729-731	et	
5-97	732-740	scientia	
5-98	741-742	;	
5-99	743-748	timor	
5-100	749-755	Domini	
5-101	756-760	ipse	
5-102	761-764	est	
5-103	765-774	thesaurus	
5-104	775-779	ejus	
5-105	779-780	.	
5-106	781-782	7	
5-107	783-787	Ecce	
5-108	788-796	videntes	
5-109	797-806	clamabunt	
5-110	807-812	foris	
5-111	813-814	;	
5-112	815-821	angeli	
5-113	822-827	pacis	
5-114	828-833	amare	
5-115	834-841	flebunt	
5-116	841-842	.	
5-117	843-844	8	
5-118	845-854	Dissipatæ	
5-119	855-859	sunt	
5-120	860-863	viæ	
5-121	863-864	,	
5-122	865-873	cessavit	
5-123	874-883	transiens	
5-124	884-887	per	
5-125	888-895	semitam	
5-126	896-897	:	
5-127	898-905	irritum	
5-128	906-912	factum	
5-129	913-916	est	
5-130	917-923	pactum	
5-131	923-924	,	
5-132	925-933	projecit	
5-133	934-943	civitates	
5-134	943-944	,	
5-135	945-948	non	
5-136	949-958	reputavit	
5-137	959-966	homines	
5-138	966-967	.	
5-139	968-969	9	
5-140	970-975	Luxit	
5-141	976-978	et	
5-142	979-987	elanguit	
5-143	988-993	terra	
5-144	994-995	;	
5-145	996-1004	confusus	
5-146	1005-1008	est	
5-147	1009-1016	Libanus	
5-148	1016-1017	,	
5-149	1018-1020	et	
5-150	1021-1030	obsorduit	
5-151	1031-1032	:	
5-152	1033-1035	et	
5-153	1036-1042	factus	
5-154	1043-1046	est	
5-155	1047-1052	Saron	
5-156	1053-1058	sicut	
5-157	1059-1067	desertum	
5-158	1067-1068	,	
5-159	1069-1071	et	
5-160	1072-1080	concussa	
5-161	1081-1084	est	
5-162	1085-1090	Basan	
5-163	1090-1091	,	
5-164	1092-1094	et	
5-165	1095-1103	Carmelus	
5-166	1103-1104	.	
5-167	1105-1107	10	
5-168	1108-1112	Nunc	
5-169	1113-1122	consurgam	
5-170	1122-1123	,	
5-171	1124-1129	dicit	
5-172	1130-1137	Dominus	
5-173	1138-1139	;	
5-174	1140-1144	nunc	
5-175	1145-1154	exaltabor	
5-176	1154-1155	,	
5-177	1156-1160	nunc	
5-178	1161-1171	sublevabor	
5-179	1171-1172	.	
5-180	1173-1175	11	
5-181	1176-1187	Concipietis	
5-182	1188-1195	ardorem	
5-183	1195-1196	,	
5-184	1197-1205	parietis	
5-185	1206-1214	stipulam	
5-186	1215-1216	;	
5-187	1217-1225	spiritus	
5-188	1226-1232	vester	
5-189	1233-1235	ut	
5-190	1236-1241	ignis	
5-191	1242-1249	vorabit	
5-192	1250-1253	vos	
5-193	1253-1254	.	
5-194	1255-1257	12	
5-195	1258-1260	Et	
5-196	1261-1266	erunt	
5-197	1267-1273	populi	
5-198	1274-1279	quasi	
5-199	1280-1282	de	
5-200	1283-1291	incendio	
5-201	1292-1297	cinis	
5-202	1298-1299	;	
5-203	1300-1305	spinæ	
5-204	1306-1316	congregatæ	
5-205	1317-1321	igni	
5-206	1322-1333	comburentur	
5-207	1333-1334	.	
5-208	1335-1337	13	
5-209	1338-1344	Audite	
5-210	1344-1345	,	
5-211	1346-1349	qui	
5-212	1350-1355	longe	
5-213	1356-1361	estis	
5-214	1361-1362	,	
5-215	1363-1366	quæ	
5-216	1367-1374	fecerim	
5-217	1375-1376	;	
5-218	1377-1379	et	
5-219	1380-1390	cognoscite	
5-220	1390-1391	,	
5-221	1392-1398	vicini	
5-222	1398-1399	,	
5-223	1400-1412	fortitudinem	
5-224	1413-1417	meam	
5-225	1417-1418	.	
5-226	1419-1421	14	
5-227	1422-1432	Conterriti	
5-228	1433-1437	sunt	
5-229	1438-1440	in	
5-230	1441-1445	Sion	
5-231	1446-1456	peccatores	
5-232	1457-1458	;	
5-233	1459-1467	possedit	
5-234	1468-1474	tremor	
5-235	1475-1485	hypocritas	
5-236	1485-1486	.	

#Text=Quis poterit habitare de vobis cum igne devorante ?
6-1	1487-1491	Quis	
6-2	1492-1499	poterit	
6-3	1500-1508	habitare	
6-4	1509-1511	de	
6-5	1512-1517	vobis	
6-6	1518-1521	cum	
6-7	1522-1526	igne	
6-8	1527-1536	devorante	
6-9	1537-1538	?	

#Text=quis habitabit ex vobis cum ardoribus sempiternis ?
7-1	1539-1543	quis	
7-2	1544-1553	habitabit	
7-3	1554-1556	ex	
7-4	1557-1562	vobis	
7-5	1563-1566	cum	
7-6	1567-1576	ardoribus	
7-7	1577-1588	sempiternis	
7-8	1589-1590	?	
