#FORMAT=WebAnno TSV 3.3
#T_SP=custom.Span|label
#T_RL=custom.Relation|label|BT_custom.Span


#Text=Sie kann getroſt glauben, ich werd' auch nie klug wer-
#Text=den.
1-1	0-3	Sie	_	_	_	
1-2	4-8	kann	_	_	_	
1-3	9-16	getroſt	_	_	_	
1-4	17-24	glauben	_	_	_	
1-5	24-25	,	_	_	_	
1-6	26-29	ich	_	_	_	
1-7	30-34	werd	_	_	_	
1-8	34-35	'	_	_	_	
1-9	36-40	auch	_	_	_	
1-10	41-44	nie	_	_	_	
1-11	45-49	klug	_	_	_	
1-12	50-53	wer	_	_	_	
1-13	53-54	-	_	_	_	
1-14	55-58	den	_	_	_	
1-15	58-59	.	_	_	_	

#Text=Wie ſoll ich Klugheit erwerben, mein einſamer
#Text=Lebenslauf führt nicht dazu.
2-1	60-63	Wie	_	_	_	
2-2	64-68	ſoll	_	_	_	
2-3	69-72	ich	_	_	_	
2-4	73-81	Klugheit	_	_	_	
2-5	82-90	erwerben	_	_	_	
2-6	90-91	,	_	_	_	
2-7	92-96	mein	_	_	_	
2-8	97-105	einſamer	_	_	_	
2-9	106-116	Lebenslauf	_	_	_	
2-10	117-122	führt	_	_	_	
2-11	123-128	nicht	_	_	_	
2-12	129-133	dazu	_	_	_	
2-13	133-134	.	_	_	_	

#Text=Was hab' ich dies Jahr
#Text=erlebt?
3-1	135-138	Was	_	_	_	
3-2	139-142	hab	_	_	_	
3-3	142-143	'	_	_	_	
3-4	144-147	ich	_	_	_	
3-5	148-152	dies	_	_	_	
3-6	153-157	Jahr	_	_	_	
3-7	158-164	erlebt	_	_	_	
3-8	164-165	?	_	_	_	

#Text=— Im Winter war ich krank;
#Text=dann macht' ich
#Text=ein Schattenſpiel von Pappendeckel, da hatten die Katze
#Text=
#Text=\f
#Text=[33/0065
#Text=]
#Text=
#Text=und der Ritter
#Text=die Hauptrollen, da hab' ich nah' an
#Text=ſechs Wochen die Rolle der Katze ſtudirt, ſie war keine
#Text=Philoſophin, ſonſt hätt' ich vielleicht profitirt.
4-1	166-167	—	_	_	_	
4-2	168-170	Im	_	_	_	
4-3	171-177	Winter	_	_	_	
4-4	178-181	war	_	_	_	
4-5	182-185	ich	_	_	_	
4-6	186-191	krank	_	_	_	
4-7	191-192	;	_	_	_	
4-8	193-197	dann	_	_	_	
4-9	198-203	macht	_	_	_	
4-10	203-204	'	_	_	_	
4-11	205-208	ich	_	_	_	
4-12	209-212	ein	_	_	_	
4-13	213-226	Schattenſpiel	_	_	_	
4-14	227-230	von	_	_	_	
4-15	231-243	Pappendeckel	_	_	_	
4-16	243-244	,	_	_	_	
4-17	245-247	da	_	_	_	
4-18	248-254	hatten	_	_	_	
4-19	255-258	die	_	_	_	
4-20	259-264	Katze	_	_	_	
4-21	268-269	[	_	_	_	
4-22	269-271	33	_	_	_	
4-23	271-272	/	_	_	_	
4-24	272-276	0065	_	_	_	
4-25	277-278	]	_	_	_	
4-26	280-283	und	_	_	_	
4-27	284-287	der	_	_	_	
4-28	288-294	Ritter	_	_	_	
4-29	295-298	die	_	_	_	
4-30	299-310	Hauptrollen	_	_	_	
4-31	310-311	,	_	_	_	
4-32	312-314	da	_	_	_	
4-33	315-318	hab	_	_	_	
4-34	318-319	'	_	_	_	
4-35	320-323	ich	_	_	_	
4-36	324-327	nah	_	_	_	
4-37	327-328	'	_	_	_	
4-38	329-331	an	_	_	_	
4-39	332-337	ſechs	_	_	_	
4-40	338-344	Wochen	_	_	_	
4-41	345-348	die	_	_	_	
4-42	349-354	Rolle	_	_	_	
4-43	355-358	der	_	_	_	
4-44	359-364	Katze	_	_	_	
4-45	365-372	ſtudirt	_	_	_	
4-46	372-373	,	_	_	_	
4-47	374-377	ſie	_	_	_	
4-48	378-381	war	_	_	_	
4-49	382-387	keine	_	_	_	
4-50	388-399	Philoſophin	_	_	_	
4-51	399-400	,	_	_	_	
4-52	401-406	ſonſt	_	_	_	
4-53	407-411	hätt	_	_	_	
4-54	411-412	'	_	_	_	
4-55	413-416	ich	_	_	_	
4-56	417-427	vielleicht	_	_	_	
4-57	428-437	profitirt	_	_	_	
4-58	437-438	.	_	_	_	

#Text=Im Früh-
#Text=jahr blühte der Orangenbaum in meinem Zimmer;
#Text=ich
#Text=
#Text=ließ mir einen Tiſch d'rum zimmern und eine Bank,
#Text=und in ſeinem duftenden Schatten hab' ich an meinen
#Text=Freund geſchrieben.
5-1	439-441	Im	_	_	_	
5-2	442-446	Früh	_	_	_	
5-3	446-447	-	_	_	_	
5-4	448-452	jahr	_	_	_	
5-5	453-459	blühte	_	_	_	
5-6	460-463	der	_	_	_	
5-7	464-475	Orangenbaum	Smell\_Source	*	5-27	
5-8	476-478	in	_	_	_	
5-9	479-485	meinem	_	_	_	
5-10	486-492	Zimmer	_	_	_	
5-11	492-493	;	_	_	_	
5-12	494-497	ich	_	_	_	
5-13	499-503	ließ	_	_	_	
5-14	504-507	mir	_	_	_	
5-15	508-513	einen	_	_	_	
5-16	514-519	Tiſch	_	_	_	
5-17	520-525	d'rum	_	_	_	
5-18	526-533	zimmern	_	_	_	
5-19	534-537	und	_	_	_	
5-20	538-542	eine	_	_	_	
5-21	543-547	Bank	_	_	_	
5-22	547-548	,	_	_	_	
5-23	549-552	und	_	_	_	
5-24	553-555	in	_	_	_	
5-25	556-562	ſeinem	Location	_	_	
5-26	563-572	duftenden	Smell\_Word	_	_	
5-27	573-581	Schatten	Location	*	5-25	
5-28	582-585	hab	_	_	_	
5-29	585-586	'	_	_	_	
5-30	587-590	ich	Perceiver	_	_	
5-31	591-593	an	_	_	_	
5-32	594-600	meinen	_	_	_	
5-33	601-607	Freund	_	_	_	
5-34	608-619	geſchrieben	_	_	_	
5-35	619-620	.	_	_	_	

#Text=Das war eine Luſt die keine Weis-
#Text=heit mir erſetzen konnte.
6-1	621-624	Das	_	_	_	
6-2	625-628	war	_	_	_	
6-3	629-633	eine	_	_	_	
6-4	634-638	Luſt	_	_	_	
6-5	639-642	die	_	_	_	
6-6	643-648	keine	_	_	_	
6-7	649-653	Weis	_	_	_	
6-8	653-654	-	_	_	_	
6-9	655-659	heit	_	_	_	
6-10	660-663	mir	_	_	_	
6-11	664-672	erſetzen	_	_	_	
6-12	673-679	konnte	_	_	_	
6-13	679-680	.	_	_	_	

#Text=Im Spiegel gegenüber ſah ich
#Text=den Baum noch einmal und wie die Sonnenſtrahlen
#Text=durch ſein Laub brachen;
#Text=ich ſah ſie drüben ſitzen die
#Text=Braune, Vermeſſene;
#Text=an den größten Dichter, an den Er-
#Text=habenen über alle, zu ſchreiben.
7-1	681-683	Im	_	_	_	
7-2	684-691	Spiegel	_	_	_	
7-3	692-701	gegenüber	_	_	_	
7-4	702-705	ſah	_	_	_	
7-5	706-709	ich	_	_	_	
7-6	710-713	den	_	_	_	
7-7	714-718	Baum	_	_	_	
7-8	719-723	noch	_	_	_	
7-9	724-730	einmal	_	_	_	
7-10	731-734	und	_	_	_	
7-11	735-738	wie	_	_	_	
7-12	739-742	die	_	_	_	
7-13	743-757	Sonnenſtrahlen	_	_	_	
7-14	758-763	durch	_	_	_	
7-15	764-768	ſein	_	_	_	
7-16	769-773	Laub	_	_	_	
7-17	774-781	brachen	_	_	_	
7-18	781-782	;	_	_	_	
7-19	783-786	ich	_	_	_	
7-20	787-790	ſah	_	_	_	
7-21	791-794	ſie	_	_	_	
7-22	795-801	drüben	_	_	_	
7-23	802-808	ſitzen	_	_	_	
7-24	809-812	die	_	_	_	
7-25	813-819	Braune	_	_	_	
7-26	819-820	,	_	_	_	
7-27	821-831	Vermeſſene	_	_	_	
7-28	831-832	;	_	_	_	
7-29	833-835	an	_	_	_	
7-30	836-839	den	_	_	_	
7-31	840-847	größten	_	_	_	
7-32	848-855	Dichter	_	_	_	
7-33	855-856	,	_	_	_	
7-34	857-859	an	_	_	_	
7-35	860-863	den	_	_	_	
7-36	864-866	Er	_	_	_	
7-37	866-867	-	_	_	_	
7-38	868-875	habenen	_	_	_	
7-39	876-880	über	_	_	_	
7-40	881-885	alle	_	_	_	
7-41	885-886	,	_	_	_	
7-42	887-889	zu	_	_	_	
7-43	890-899	ſchreiben	_	_	_	
7-44	899-900	.	_	_	_	

#Text=Im April bin ich früh
#Text=drauß geweſen auf dem Wall und hab' die erſten Veil-
#Text=chen geſucht und botaniſirt, im Mai hab' ich fahren
#Text=
#Text=gelernt mit zwei Pferd', Morgens mit Sonnenaufgang
#Text=
#Text=fuhr ich hinaus nach Oberrad, ich ſpaziert' in die Ge-
#Text=müsfelder und half dem Gärtner alles nach der Schnur
#Text=pflanzen, bei der Milchfrau hab' ich mir einen Nelken-
#Text=flor angelegt, die dunkelrothen Nelken ſind meine Lieb-
#Text=lingsblumen.
#Text=— Bei ſolcher Lebensweiſe, was ſoll ich
#Text=da lernen, woher ſoll ich klug werden?
8-1	901-903	Im	_	_	_	
8-2	904-909	April	_	_	_	
8-3	910-913	bin	_	_	_	
8-4	914-917	ich	_	_	_	
8-5	918-922	früh	_	_	_	
8-6	923-928	drauß	_	_	_	
8-7	929-936	geweſen	_	_	_	
8-8	937-940	auf	_	_	_	
8-9	941-944	dem	_	_	_	
8-10	945-949	Wall	_	_	_	
8-11	950-953	und	_	_	_	
8-12	954-957	hab	_	_	_	
8-13	957-958	'	_	_	_	
8-14	959-962	die	_	_	_	
8-15	963-969	erſten	_	_	_	
8-16	970-974	Veil	_	_	_	
8-17	974-975	-	_	_	_	
8-18	976-980	chen	_	_	_	
8-19	981-988	geſucht	_	_	_	
8-20	989-992	und	_	_	_	
8-21	993-1003	botaniſirt	_	_	_	
8-22	1003-1004	,	_	_	_	
8-23	1005-1007	im	_	_	_	
8-24	1008-1011	Mai	_	_	_	
8-25	1012-1015	hab	_	_	_	
8-26	1015-1016	'	_	_	_	
8-27	1017-1020	ich	_	_	_	
8-28	1021-1027	fahren	_	_	_	
8-29	1029-1036	gelernt	_	_	_	
8-30	1037-1040	mit	_	_	_	
8-31	1041-1045	zwei	_	_	_	
8-32	1046-1051	Pferd	_	_	_	
8-33	1051-1052	'	_	_	_	
8-34	1052-1053	,	_	_	_	
8-35	1054-1061	Morgens	_	_	_	
8-36	1062-1065	mit	_	_	_	
8-37	1066-1079	Sonnenaufgang	_	_	_	
8-38	1081-1085	fuhr	_	_	_	
8-39	1086-1089	ich	_	_	_	
8-40	1090-1096	hinaus	_	_	_	
8-41	1097-1101	nach	_	_	_	
8-42	1102-1109	Oberrad	_	_	_	
8-43	1109-1110	,	_	_	_	
8-44	1111-1114	ich	_	_	_	
8-45	1115-1123	ſpaziert	_	_	_	
8-46	1123-1124	'	_	_	_	
8-47	1125-1127	in	_	_	_	
8-48	1128-1131	die	_	_	_	
8-49	1132-1134	Ge	_	_	_	
8-50	1134-1135	-	_	_	_	
8-51	1136-1145	müsfelder	_	_	_	
8-52	1146-1149	und	_	_	_	
8-53	1150-1154	half	_	_	_	
8-54	1155-1158	dem	_	_	_	
8-55	1159-1166	Gärtner	_	_	_	
8-56	1167-1172	alles	_	_	_	
8-57	1173-1177	nach	_	_	_	
8-58	1178-1181	der	_	_	_	
8-59	1182-1188	Schnur	_	_	_	
8-60	1189-1197	pflanzen	_	_	_	
8-61	1197-1198	,	_	_	_	
8-62	1199-1202	bei	_	_	_	
8-63	1203-1206	der	_	_	_	
8-64	1207-1216	Milchfrau	_	_	_	
8-65	1217-1220	hab	_	_	_	
8-66	1220-1221	'	_	_	_	
8-67	1222-1225	ich	_	_	_	
8-68	1226-1229	mir	_	_	_	
8-69	1230-1235	einen	_	_	_	
8-70	1236-1242	Nelken	_	_	_	
8-71	1242-1243	-	_	_	_	
8-72	1244-1248	flor	_	_	_	
8-73	1249-1257	angelegt	_	_	_	
8-74	1257-1258	,	_	_	_	
8-75	1259-1262	die	_	_	_	
8-76	1263-1275	dunkelrothen	_	_	_	
8-77	1276-1282	Nelken	_	_	_	
8-78	1283-1287	ſind	_	_	_	
8-79	1288-1293	meine	_	_	_	
8-80	1294-1298	Lieb	_	_	_	
8-81	1298-1299	-	_	_	_	
8-82	1300-1311	lingsblumen	_	_	_	
8-83	1311-1312	.	_	_	_	
8-84	1313-1314	—	_	_	_	
8-85	1315-1318	Bei	_	_	_	
8-86	1319-1326	ſolcher	_	_	_	
8-87	1327-1338	Lebensweiſe	_	_	_	
8-88	1338-1339	,	_	_	_	
8-89	1340-1343	was	_	_	_	
8-90	1344-1348	ſoll	_	_	_	
8-91	1349-1352	ich	_	_	_	
8-92	1353-1355	da	_	_	_	
8-93	1356-1362	lernen	_	_	_	
8-94	1362-1363	,	_	_	_	
8-95	1364-1369	woher	_	_	_	
8-96	1370-1374	ſoll	_	_	_	
8-97	1375-1378	ich	_	_	_	
8-98	1379-1383	klug	_	_	_	
8-99	1384-1390	werden	_	_	_	
8-100	1390-1391	?	_	_	_	

#Text=— Was ich
#Text=Ihrem Sohn ſchreib' das gefällt ihm, er verlangt im-
#Text=mer mehr, und mich macht das ſeelig, denn ich ſchwelge
#Text=in einem Überfluß von Gedanken die meine Liebe, mein
#Text=
#Text=
#Text=2**\f
#Text=[34/0066
9-1	1392-1393	—	_	_	_	
9-2	1394-1397	Was	_	_	_	
9-3	1398-1401	ich	_	_	_	
9-4	1402-1407	Ihrem	_	_	_	
9-5	1408-1412	Sohn	_	_	_	
9-6	1413-1420	ſchreib	_	_	_	
9-7	1420-1421	'	_	_	_	
9-8	1422-1425	das	_	_	_	
9-9	1426-1433	gefällt	_	_	_	
9-10	1434-1437	ihm	_	_	_	
9-11	1437-1438	,	_	_	_	
9-12	1439-1441	er	_	_	_	
9-13	1442-1450	verlangt	_	_	_	
9-14	1451-1453	im	_	_	_	
9-15	1453-1454	-	_	_	_	
9-16	1455-1458	mer	_	_	_	
9-17	1459-1463	mehr	_	_	_	
9-18	1463-1464	,	_	_	_	
9-19	1465-1468	und	_	_	_	
9-20	1469-1473	mich	_	_	_	
9-21	1474-1479	macht	_	_	_	
9-22	1480-1483	das	_	_	_	
9-23	1484-1490	ſeelig	_	_	_	
9-24	1490-1491	,	_	_	_	
9-25	1492-1496	denn	_	_	_	
9-26	1497-1500	ich	_	_	_	
9-27	1501-1509	ſchwelge	_	_	_	
9-28	1510-1512	in	_	_	_	
9-29	1513-1518	einem	_	_	_	
9-30	1519-1527	Überfluß	_	_	_	
9-31	1528-1531	von	_	_	_	
9-32	1532-1540	Gedanken	_	_	_	
9-33	1541-1544	die	_	_	_	
9-34	1545-1550	meine	_	_	_	
9-35	1551-1556	Liebe	_	_	_	
9-36	1556-1557	,	_	_	_	
9-37	1558-1562	mein	_	_	_	
9-38	1565-1566	2	_	_	_	
9-39	1566-1567	*	_	_	_	
9-40	1567-1568	*	_	_	_	
9-41	1570-1571	[	_	_	_	
9-42	1571-1573	34	_	_	_	
9-43	1573-1574	/	_	_	_	
9-44	1574-1578	0066	_	_	_	
