#FORMAT=WebAnno TSV 3.3


#Text=Den Nederduytschen Helicon
#Text=
#Text=\f
#Text=282
#Text=bloedtgierigh gheselschap
#Text=in Ianus Kercke ghesloten, waer in dat Borgher, Landtman,
#Text=ende Zeeman, een groot behaghen ghehadt hebben, siende dat overal, daer onrustighe
#Text=steeck-doornen plochten te wassen, nu vreedtsame Olijf-spruytgens begonden groeyen.
1-1	5-8	Den	
1-2	9-23	Nederduytschen	
1-3	24-31	Helicon	
1-4	35-38	282	
1-5	39-52	bloedtgierigh	
1-6	53-64	gheselschap	
1-7	65-67	in	
1-8	68-73	Ianus	
1-9	74-80	Kercke	
1-10	81-90	ghesloten	
1-11	90-91	,	
1-12	92-96	waer	
1-13	97-99	in	
1-14	100-103	dat	
1-15	104-111	Borgher	
1-16	111-112	,	
1-17	113-121	Landtman	
1-18	121-122	,	
1-19	123-127	ende	
1-20	128-134	Zeeman	
1-21	134-135	,	
1-22	136-139	een	
1-23	140-145	groot	
1-24	146-154	behaghen	
1-25	155-162	ghehadt	
1-26	163-169	hebben	
1-27	169-170	,	
1-28	171-177	siende	
1-29	178-181	dat	
1-30	182-188	overal	
1-31	188-189	,	
1-32	190-194	daer	
1-33	195-205	onrustighe	
1-34	206-220	steeck-doornen	
1-35	221-229	plochten	
1-36	230-232	te	
1-37	233-239	wassen	
1-38	239-240	,	
1-39	241-243	nu	
1-40	244-254	vreedtsame	
1-41	255-271	Olijf-spruytgens	
1-42	272-280	begonden	
1-43	281-288	groeyen	
1-44	288-289	.	

#Text=Men hoorde ooc terstont over al sulck een gedommel des schietens met Vyerballen,
#Text=Vyerpijlen, Bussen, Musketten ende Grofgheschut, dattet eyghentlijck scheen of
#Text=men hem niet alleen en wilde ghevangen houden, maer t' eenemael ontsielen, de
#Text=groote Klocken luyden oock over al, ghelijck of men hem begraven ende zijn uytvaert
#Text=ghehouden hadde:
#Text=ende met dien wasser sulck een vreughden-spel van Trompetten,
#Text=Schalmeyen, ende alderley gesangh, tot willekomste van de voorsz.
#Text=aenkomende
#Text=Bodinne van Vrede, dat het lust om hooren was.
2-1	292-295	Men	
2-2	296-302	hoorde	
2-3	303-306	ooc	
2-4	307-315	terstont	
2-5	316-320	over	
2-6	321-323	al	
2-7	324-329	sulck	
2-8	330-333	een	
2-9	334-342	gedommel	
2-10	343-346	des	
2-11	347-356	schietens	
2-12	357-360	met	
2-13	361-371	Vyerballen	
2-14	371-372	,	
2-15	373-383	Vyerpijlen	
2-16	383-384	,	
2-17	385-391	Bussen	
2-18	391-392	,	
2-19	393-402	Musketten	
2-20	403-407	ende	
2-21	408-420	Grofgheschut	
2-22	420-421	,	
2-23	422-428	dattet	
2-24	429-441	eyghentlijck	
2-25	442-448	scheen	
2-26	449-451	of	
2-27	452-455	men	
2-28	456-459	hem	
2-29	460-464	niet	
2-30	465-471	alleen	
2-31	472-474	en	
2-32	475-480	wilde	
2-33	481-490	ghevangen	
2-34	491-497	houden	
2-35	497-498	,	
2-36	499-503	maer	
2-37	504-505	t	
2-38	505-506	'	
2-39	507-515	eenemael	
2-40	516-525	ontsielen	
2-41	525-526	,	
2-42	527-529	de	
2-43	530-536	groote	
2-44	537-544	Klocken	
2-45	545-551	luyden	
2-46	552-556	oock	
2-47	557-561	over	
2-48	562-564	al	
2-49	564-565	,	
2-50	566-574	ghelijck	
2-51	575-577	of	
2-52	578-581	men	
2-53	582-585	hem	
2-54	586-594	begraven	
2-55	595-599	ende	
2-56	600-604	zijn	
2-57	605-613	uytvaert	
2-58	614-623	ghehouden	
2-59	624-629	hadde	
2-60	629-630	:	
2-61	631-635	ende	
2-62	636-639	met	
2-63	640-644	dien	
2-64	645-651	wasser	
2-65	652-657	sulck	
2-66	658-661	een	
2-67	662-676	vreughden-spel	
2-68	677-680	van	
2-69	681-691	Trompetten	
2-70	691-692	,	
2-71	693-703	Schalmeyen	
2-72	703-704	,	
2-73	705-709	ende	
2-74	710-718	alderley	
2-75	719-726	gesangh	
2-76	726-727	,	
2-77	728-731	tot	
2-78	732-743	willekomste	
2-79	744-747	van	
2-80	748-750	de	
2-81	751-757	voorsz	
2-82	757-758	.	
2-83	759-769	aenkomende	
2-84	770-777	Bodinne	
2-85	778-781	van	
2-86	782-787	Vrede	
2-87	787-788	,	
2-88	789-792	dat	
2-89	793-796	het	
2-90	797-801	lust	
2-91	802-804	om	
2-92	805-811	hooren	
2-93	812-815	was	
2-94	815-816	.	

#Text=Daer waren ooc boven op de Thorens
#Text=sulcken menichte van brandt-lichten, dat het van verre aen te sien was, als of die
#Text=sterren des Hemels haer versamelt hadden, om met de Menschen haer te verblijden,
#Text=van 't verkreghen goedt.
3-1	817-821	Daer	
3-2	822-827	waren	
3-3	828-831	ooc	
3-4	832-837	boven	
3-5	838-840	op	
3-6	841-843	de	
3-7	844-851	Thorens	
3-8	852-859	sulcken	
3-9	860-868	menichte	
3-10	869-872	van	
3-11	873-887	brandt-lichten	
3-12	887-888	,	
3-13	889-892	dat	
3-14	893-896	het	
3-15	897-900	van	
3-16	901-906	verre	
3-17	907-910	aen	
3-18	911-913	te	
3-19	914-918	sien	
3-20	919-922	was	
3-21	922-923	,	
3-22	924-927	als	
3-23	928-930	of	
3-24	931-934	die	
3-25	935-942	sterren	
3-26	943-946	des	
3-27	947-953	Hemels	
3-28	954-958	haer	
3-29	959-968	versamelt	
3-30	969-975	hadden	
3-31	975-976	,	
3-32	977-979	om	
3-33	980-983	met	
3-34	984-986	de	
3-35	987-995	Menschen	
3-36	996-1000	haer	
3-37	1001-1003	te	
3-38	1004-1014	verblijden	
3-39	1014-1015	,	
3-40	1016-1019	van	
3-41	1020-1021	'	
3-42	1021-1022	t	
3-43	1023-1033	verkreghen	
3-44	1034-1039	goedt	
3-45	1039-1040	.	

#Text=Men sagh oock over al in de straten, ende op veel wateren,
#Text=beglinsterende vlammen der brandende Pectonnen, met den rooc van de welcke
#Text=(alsoo hy mits het dan teghenwoordigh stil weder recht op gingh)
#Text=den soeten reuck
#Text=der lof-spraken van de rondtomstaende, mochte optrecken in de hooghte, tot voor
#Text=den Alderhooghsten.
4-1	1041-1044	Men	
4-2	1045-1049	sagh	
4-3	1050-1054	oock	
4-4	1055-1059	over	
4-5	1060-1062	al	
4-6	1063-1065	in	
4-7	1066-1068	de	
4-8	1069-1076	straten	
4-9	1076-1077	,	
4-10	1078-1082	ende	
4-11	1083-1085	op	
4-12	1086-1090	veel	
4-13	1091-1098	wateren	
4-14	1098-1099	,	
4-15	1100-1114	beglinsterende	
4-16	1115-1122	vlammen	
4-17	1123-1126	der	
4-18	1127-1136	brandende	
4-19	1137-1146	Pectonnen	
4-20	1146-1147	,	
4-21	1148-1151	met	
4-22	1152-1155	den	
4-23	1156-1160	rooc	
4-24	1161-1164	van	
4-25	1165-1167	de	
4-26	1168-1174	welcke	
4-27	1175-1176	(	
4-28	1176-1181	alsoo	
4-29	1182-1184	hy	
4-30	1185-1189	mits	
4-31	1190-1193	het	
4-32	1194-1197	dan	
4-33	1198-1212	teghenwoordigh	
4-34	1213-1217	stil	
4-35	1218-1223	weder	
4-36	1224-1229	recht	
4-37	1230-1232	op	
4-38	1233-1238	gingh	
4-39	1238-1239	)	
4-40	1240-1243	den	
4-41	1244-1250	soeten	
4-42	1251-1256	reuck	
4-43	1257-1260	der	
4-44	1261-1272	lof-spraken	
4-45	1273-1276	van	
4-46	1277-1279	de	
4-47	1280-1294	rondtomstaende	
4-48	1294-1295	,	
4-49	1296-1302	mochte	
4-50	1303-1312	optrecken	
4-51	1313-1315	in	
4-52	1316-1318	de	
4-53	1319-1326	hooghte	
4-54	1326-1327	,	
4-55	1328-1331	tot	
4-56	1332-1336	voor	
4-57	1337-1340	den	
4-58	1341-1355	Alderhooghsten	
4-59	1355-1356	.	

#Text=Ende de overgroote vermakelijcke blijschap diemender sagh,
#Text=ware onuytsprekelijck, de welcke als ickse ten vollen met vollen lust, op Marckten,
#Text=Straten ende Weghen, aenschauwt hadde, quam ick gaende aen een Huys, soo groot,
#Text=schoone ende wel ghemaeckt, als oft een Lust-hof gheweest hadde, daer niet minder
#Text=vreught in en scheen te wesen, als ick daer buyten gespeurt hadde.
5-1	1357-1361	Ende	
5-2	1362-1364	de	
5-3	1365-1375	overgroote	
5-4	1376-1389	vermakelijcke	
5-5	1390-1399	blijschap	
5-6	1400-1409	diemender	
5-7	1410-1414	sagh	
5-8	1414-1415	,	
5-9	1416-1420	ware	
5-10	1421-1437	onuytsprekelijck	
5-11	1437-1438	,	
5-12	1439-1441	de	
5-13	1442-1448	welcke	
5-14	1449-1452	als	
5-15	1453-1458	ickse	
5-16	1459-1462	ten	
5-17	1463-1469	vollen	
5-18	1470-1473	met	
5-19	1474-1480	vollen	
5-20	1481-1485	lust	
5-21	1485-1486	,	
5-22	1487-1489	op	
5-23	1490-1498	Marckten	
5-24	1498-1499	,	
5-25	1500-1507	Straten	
5-26	1508-1512	ende	
5-27	1513-1519	Weghen	
5-28	1519-1520	,	
5-29	1521-1531	aenschauwt	
5-30	1532-1537	hadde	
5-31	1537-1538	,	
5-32	1539-1543	quam	
5-33	1544-1547	ick	
5-34	1548-1554	gaende	
5-35	1555-1558	aen	
5-36	1559-1562	een	
5-37	1563-1567	Huys	
5-38	1567-1568	,	
5-39	1569-1572	soo	
5-40	1573-1578	groot	
5-41	1578-1579	,	
5-42	1580-1587	schoone	
5-43	1588-1592	ende	
5-44	1593-1596	wel	
5-45	1597-1606	ghemaeckt	
5-46	1606-1607	,	
5-47	1608-1611	als	
5-48	1612-1615	oft	
5-49	1616-1619	een	
5-50	1620-1628	Lust-hof	
5-51	1629-1637	gheweest	
5-52	1638-1643	hadde	
5-53	1643-1644	,	
5-54	1645-1649	daer	
5-55	1650-1654	niet	
5-56	1655-1661	minder	
5-57	1662-1669	vreught	
5-58	1670-1672	in	
5-59	1673-1675	en	
5-60	1676-1682	scheen	
5-61	1683-1685	te	
5-62	1686-1691	wesen	
5-63	1691-1692	,	
5-64	1693-1696	als	
5-65	1697-1700	ick	
5-66	1701-1705	daer	
5-67	1706-1712	buyten	
5-68	1713-1721	gespeurt	
5-69	1722-1727	hadde	
5-70	1727-1728	.	

#Text=Om welck te
#Text=siene, ick (daer na toe gaende) hebbe bevonden, so haest als ick daer aen de deure
#Text=quam, dat in de Sale daer men eerst in komt, in elcken hoeck een bysonder paer
#Text=nieuw in Echt versaemde, elck met zijn byghenoodde geselschap
#Text=zijn blijde Bruytlof
#Text=
#Text=feest vierde, daer worde op de Thessalische Lier soo lievelijck den Hymeneus lof
#Text=toeghesongen dattet een half doot Mensche, ('t selve hoorende)
#Text=zijnen krancken
#Text=gheest wederomme soude hebben doen verquicken ende levende worden.
6-1	1729-1731	Om	
6-2	1732-1737	welck	
6-3	1738-1740	te	
6-4	1741-1746	siene	
6-5	1746-1747	,	
6-6	1748-1751	ick	
6-7	1752-1753	(	
6-8	1753-1757	daer	
6-9	1758-1760	na	
6-10	1761-1764	toe	
6-11	1765-1771	gaende	
6-12	1771-1772	)	
6-13	1773-1778	hebbe	
6-14	1779-1787	bevonden	
6-15	1787-1788	,	
6-16	1789-1791	so	
6-17	1792-1797	haest	
6-18	1798-1801	als	
6-19	1802-1805	ick	
6-20	1806-1810	daer	
6-21	1811-1814	aen	
6-22	1815-1817	de	
6-23	1818-1823	deure	
6-24	1824-1828	quam	
6-25	1828-1829	,	
6-26	1830-1833	dat	
6-27	1834-1836	in	
6-28	1837-1839	de	
6-29	1840-1844	Sale	
6-30	1845-1849	daer	
6-31	1850-1853	men	
6-32	1854-1859	eerst	
6-33	1860-1862	in	
6-34	1863-1867	komt	
6-35	1867-1868	,	
6-36	1869-1871	in	
6-37	1872-1878	elcken	
6-38	1879-1884	hoeck	
6-39	1885-1888	een	
6-40	1889-1897	bysonder	
6-41	1898-1902	paer	
6-42	1903-1908	nieuw	
6-43	1909-1911	in	
6-44	1912-1916	Echt	
6-45	1917-1926	versaemde	
6-46	1926-1927	,	
6-47	1928-1932	elck	
6-48	1933-1936	met	
6-49	1937-1941	zijn	
6-50	1942-1953	byghenoodde	
6-51	1954-1964	geselschap	
6-52	1965-1969	zijn	
6-53	1970-1976	blijde	
6-54	1977-1985	Bruytlof	
6-55	1987-1992	feest	
6-56	1993-1999	vierde	
6-57	1999-2000	,	
6-58	2001-2005	daer	
6-59	2006-2011	worde	
6-60	2012-2014	op	
6-61	2015-2017	de	
6-62	2018-2030	Thessalische	
6-63	2031-2035	Lier	
6-64	2036-2039	soo	
6-65	2040-2050	lievelijck	
6-66	2051-2054	den	
6-67	2055-2063	Hymeneus	
6-68	2064-2067	lof	
6-69	2068-2080	toeghesongen	
6-70	2081-2087	dattet	
6-71	2088-2091	een	
6-72	2092-2096	half	
6-73	2097-2101	doot	
6-74	2102-2109	Mensche	
6-75	2109-2110	,	
6-76	2111-2112	(	
6-77	2112-2113	'	
6-78	2113-2114	t	
6-79	2115-2120	selve	
6-80	2121-2129	hoorende	
6-81	2129-2130	)	
6-82	2131-2137	zijnen	
6-83	2138-2146	krancken	
6-84	2147-2153	gheest	
6-85	2154-2163	wederomme	
6-86	2164-2169	soude	
6-87	2170-2176	hebben	
6-88	2177-2181	doen	
6-89	2182-2192	verquicken	
6-90	2193-2197	ende	
6-91	2198-2205	levende	
6-92	2206-2212	worden	
6-93	2212-2213	.	

#Text=Ende met
#Text=dien dat ick daer quam ingaende, hoorde ick eenen onder het eerste Bruytloft
#Text=
#Text=geselschap, die met een Liedeken, dat hy song, prees de liefde tusschen Man ende
#Text=Wijf, ooc de nootwendigheyt der Vrauwen, ende wenschte dese nieu t' saem
#Text=verbondene gheluck, in hunnen goeden aengenomen
#Text=staet.
7-1	2214-2218	Ende	
7-2	2219-2222	met	
7-3	2223-2227	dien	
7-4	2228-2231	dat	
7-5	2232-2235	ick	
7-6	2236-2240	daer	
7-7	2241-2245	quam	
7-8	2246-2254	ingaende	
7-9	2254-2255	,	
7-10	2256-2262	hoorde	
7-11	2263-2266	ick	
7-12	2267-2272	eenen	
7-13	2273-2278	onder	
7-14	2279-2282	het	
7-15	2283-2289	eerste	
7-16	2290-2299	Bruytloft	
7-17	2301-2311	geselschap	
7-18	2311-2312	,	
7-19	2313-2316	die	
7-20	2317-2320	met	
7-21	2321-2324	een	
7-22	2325-2333	Liedeken	
7-23	2333-2334	,	
7-24	2335-2338	dat	
7-25	2339-2341	hy	
7-26	2342-2346	song	
7-27	2346-2347	,	
7-28	2348-2353	prees	
7-29	2354-2356	de	
7-30	2357-2363	liefde	
7-31	2364-2372	tusschen	
7-32	2373-2376	Man	
7-33	2377-2381	ende	
7-34	2382-2386	Wijf	
7-35	2386-2387	,	
7-36	2388-2391	ooc	
7-37	2392-2394	de	
7-38	2395-2409	nootwendigheyt	
7-39	2410-2413	der	
7-40	2414-2421	Vrauwen	
7-41	2421-2422	,	
7-42	2423-2427	ende	
7-43	2428-2436	wenschte	
7-44	2437-2441	dese	
7-45	2442-2446	nieu	
7-46	2447-2448	t	
7-47	2448-2449	'	
7-48	2450-2454	saem	
7-49	2455-2465	verbondene	
7-50	2466-2473	gheluck	
7-51	2473-2474	,	
7-52	2475-2477	in	
7-53	2478-2484	hunnen	
7-54	2485-2491	goeden	
7-55	2492-2502	aengenomen	
7-56	2503-2508	staet	
7-57	2508-2509	.	

#Text=Bruyloft Liedt.
8-1	2512-2520	Bruyloft	
8-2	2521-2526	Liedt	
8-3	2526-2527	.	
