#FORMAT=WebAnno TSV 3.3


#Text=Se, come dicemmo, l’apparizione dei fiori sulla pianta d’ordinario risponde a certi tempi, a certe epoche dell’anno, l’aprirsi e il chiudersi di alcuni di essi si alterna con vicenda non meno regolare nelle diverse ore del giorno.
1-1	0-2	Se	
1-2	2-3	,	
1-3	4-8	come	
1-4	9-16	dicemmo	
1-5	16-17	,	
1-6	18-19	l	
1-7	19-20	’	
1-8	20-31	apparizione	
1-9	32-35	dei	
1-10	36-41	fiori	
1-11	42-47	sulla	
1-12	48-54	pianta	
1-13	55-56	d	
1-14	56-57	’	
1-15	57-66	ordinario	
1-16	67-75	risponde	
1-17	76-77	a	
1-18	78-83	certi	
1-19	84-89	tempi	
1-20	89-90	,	
1-21	91-92	a	
1-22	93-98	certe	
1-23	99-105	epoche	
1-24	106-110	dell	
1-25	110-111	’	
1-26	111-115	anno	
1-27	115-116	,	
1-28	117-118	l	
1-29	118-119	’	
1-30	119-126	aprirsi	
1-31	127-128	e	
1-32	129-131	il	
1-33	132-141	chiudersi	
1-34	142-144	di	
1-35	145-151	alcuni	
1-36	152-154	di	
1-37	155-159	essi	
1-38	160-162	si	
1-39	163-170	alterna	
1-40	171-174	con	
1-41	175-182	vicenda	
1-42	183-186	non	
1-43	187-191	meno	
1-44	192-200	regolare	
1-45	201-206	nelle	
1-46	207-214	diverse	
1-47	215-218	ore	
1-48	219-222	del	
1-49	223-229	giorno	
1-50	229-230	.	

#Text=Di quì l’ingegnosa idea di Linneo di formarsi un orologio di Flora, come si era fatto un calendario.
2-1	231-233	Di	
2-2	234-237	quì	
2-3	238-239	l	
2-4	239-240	’	
2-5	240-249	ingegnosa	
2-6	250-254	idea	
2-7	255-257	di	
2-8	258-264	Linneo	
2-9	265-267	di	
2-10	268-276	formarsi	
2-11	277-279	un	
2-12	280-288	orologio	
2-13	289-291	di	
2-14	292-297	Flora	
2-15	297-298	,	
2-16	299-303	come	
2-17	304-306	si	
2-18	307-310	era	
2-19	311-316	fatto	
2-20	317-319	un	
2-21	320-330	calendario	
2-22	330-331	.	

#Text=Considerando i fiori da tale aspetto il naturalista svedese (dice Darwin) li divide in meteorici, che si allargano senza norma costante di tempo, or più presto or più tardi, secondo lo stato umido o secco dell’atmosfera; in fiori tropici, che si aprono al mattino, e chiudonsi avanti sera ogni giorno di guisa però, che l’ora di allargarsi giunge per essi più tempestiva, o più tarda secondo che cresce, o diminuisce la lunghezza del giorno; in fiori equinoziali, che si aprono costantemente ad una certa ora del giorno, e per la più parte si chiudono ad altra ora determinata, la quale però varia secondo la stagione ed il grado di latitudine per modo, che dieci gradi di latitudine più verso Settentrione danno una differenza quasi di un’ora.
3-1	332-344	Considerando	
3-2	345-346	i	
3-3	347-352	fiori	
3-4	353-355	da	
3-5	356-360	tale	
3-6	361-368	aspetto	
3-7	369-371	il	
3-8	372-383	naturalista	
3-9	384-391	svedese	
3-10	392-393	(	
3-11	393-397	dice	
3-12	398-404	Darwin	
3-13	404-405	)	
3-14	406-408	li	
3-15	409-415	divide	
3-16	416-418	in	
3-17	419-428	meteorici	
3-18	428-429	,	
3-19	430-433	che	
3-20	434-436	si	
3-21	437-446	allargano	
3-22	447-452	senza	
3-23	453-458	norma	
3-24	459-467	costante	
3-25	468-470	di	
3-26	471-476	tempo	
3-27	476-477	,	
3-28	478-480	or	
3-29	481-484	più	
3-30	485-491	presto	
3-31	492-494	or	
3-32	495-498	più	
3-33	499-504	tardi	
3-34	504-505	,	
3-35	506-513	secondo	
3-36	514-516	lo	
3-37	517-522	stato	
3-38	523-528	umido	
3-39	529-530	o	
3-40	531-536	secco	
3-41	537-541	dell	
3-42	541-542	’	
3-43	542-551	atmosfera	
3-44	551-552	;	
3-45	553-555	in	
3-46	556-561	fiori	
3-47	562-569	tropici	
3-48	569-570	,	
3-49	571-574	che	
3-50	575-577	si	
3-51	578-584	aprono	
3-52	585-587	al	
3-53	588-595	mattino	
3-54	595-596	,	
3-55	597-598	e	
3-56	599-608	chiudonsi	
3-57	609-615	avanti	
3-58	616-620	sera	
3-59	621-625	ogni	
3-60	626-632	giorno	
3-61	633-635	di	
3-62	636-641	guisa	
3-63	642-646	però	
3-64	646-647	,	
3-65	648-651	che	
3-66	652-653	l	
3-67	653-654	’	
3-68	654-657	ora	
3-69	658-660	di	
3-70	661-671	allargarsi	
3-71	672-678	giunge	
3-72	679-682	per	
3-73	683-687	essi	
3-74	688-691	più	
3-75	692-702	tempestiva	
3-76	702-703	,	
3-77	704-705	o	
3-78	706-709	più	
3-79	710-715	tarda	
3-80	716-723	secondo	
3-81	724-727	che	
3-82	728-734	cresce	
3-83	734-735	,	
3-84	736-737	o	
3-85	738-748	diminuisce	
3-86	749-751	la	
3-87	752-761	lunghezza	
3-88	762-765	del	
3-89	766-772	giorno	
3-90	772-773	;	
3-91	774-776	in	
3-92	777-782	fiori	
3-93	783-794	equinoziali	
3-94	794-795	,	
3-95	796-799	che	
3-96	800-802	si	
3-97	803-809	aprono	
3-98	810-823	costantemente	
3-99	824-826	ad	
3-100	827-830	una	
3-101	831-836	certa	
3-102	837-840	ora	
3-103	841-844	del	
3-104	845-851	giorno	
3-105	851-852	,	
3-106	853-854	e	
3-107	855-858	per	
3-108	859-861	la	
3-109	862-865	più	
3-110	866-871	parte	
3-111	872-874	si	
3-112	875-883	chiudono	
3-113	884-886	ad	
3-114	887-892	altra	
3-115	893-896	ora	
3-116	897-908	determinata	
3-117	908-909	,	
3-118	910-912	la	
3-119	913-918	quale	
3-120	919-923	però	
3-121	924-929	varia	
3-122	930-937	secondo	
3-123	938-940	la	
3-124	941-949	stagione	
3-125	950-952	ed	
3-126	953-955	il	
3-127	956-961	grado	
3-128	962-964	di	
3-129	965-975	latitudine	
3-130	976-979	per	
3-131	980-984	modo	
3-132	984-985	,	
3-133	986-989	che	
3-134	990-995	dieci	
3-135	996-1001	gradi	
3-136	1002-1004	di	
3-137	1005-1015	latitudine	
3-138	1016-1019	più	
3-139	1020-1025	verso	
3-140	1026-1038	Settentrione	
3-141	1039-1044	danno	
3-142	1045-1048	una	
3-143	1049-1059	differenza	
3-144	1060-1065	quasi	
3-145	1066-1068	di	
3-146	1069-1071	un	
3-147	1071-1072	’	
3-148	1072-1075	ora	
3-149	1075-1076	.	

#Text=Eccovi alcuni esempj di questi ultimi, scelti tra i fiori più volgari, secondo le osservazioni fatte da Linneo pel clima di Upsal posto a 60 di latitudine Nord.
4-1	1077-1083	Eccovi	
4-2	1084-1090	alcuni	
4-3	1091-1097	esempj	
4-4	1098-1100	di	
4-5	1101-1107	questi	
4-6	1108-1114	ultimi	
4-7	1114-1115	,	
4-8	1116-1122	scelti	
4-9	1123-1126	tra	
4-10	1127-1128	i	
4-11	1129-1134	fiori	
4-12	1135-1138	più	
4-13	1139-1146	volgari	
4-14	1146-1147	,	
4-15	1148-1155	secondo	
4-16	1156-1158	le	
4-17	1159-1171	osservazioni	
4-18	1172-1177	fatte	
4-19	1178-1180	da	
4-20	1181-1187	Linneo	
4-21	1188-1191	pel	
4-22	1192-1197	clima	
4-23	1198-1200	di	
4-24	1201-1206	Upsal	
4-25	1207-1212	posto	
4-26	1213-1214	a	
4-27	1215-1217	60	
4-28	1218-1220	di	
4-29	1221-1231	latitudine	
4-30	1232-1236	Nord	
4-31	1236-1237	.	

#Text=Il dente di leone (leontodon taraxacum) s’apre tra le cinque e le sei del mattino, e si chiude tra le otto e le nove.
5-1	1238-1240	Il	
5-2	1241-1246	dente	
5-3	1247-1249	di	
5-4	1250-1255	leone	
5-5	1256-1257	(	
5-6	1257-1266	leontodon	
5-7	1267-1276	taraxacum	
5-8	1276-1277	)	
5-9	1278-1279	s	
5-10	1279-1280	’	
5-11	1280-1284	apre	
5-12	1285-1288	tra	
5-13	1289-1291	le	
5-14	1292-1298	cinque	
5-15	1299-1300	e	
5-16	1301-1303	le	
5-17	1304-1307	sei	
5-18	1308-1311	del	
5-19	1312-1319	mattino	
5-20	1319-1320	,	
5-21	1321-1322	e	
5-22	1323-1325	si	
5-23	1326-1332	chiude	
5-24	1333-1336	tra	
5-25	1337-1339	le	
5-26	1340-1344	otto	
5-27	1345-1346	e	
5-28	1347-1349	le	
5-29	1350-1354	nove	
5-30	1354-1355	.	

#Text=La pilosella si allarga alle sette, e si stringe alle quattro.
6-1	1356-1358	La	
6-2	1359-1368	pilosella	
6-3	1369-1371	si	
6-4	1372-1379	allarga	
6-5	1380-1384	alle	
6-6	1385-1390	sette	
6-7	1390-1391	,	
6-8	1392-1393	e	
6-9	1394-1396	si	
6-10	1397-1404	stringe	
6-11	1405-1409	alle	
6-12	1410-1417	quattro	
6-13	1417-1418	.	

#Text=Il grèspino dei campi (sonchus laevis) spiega i fiorellini alle cinque e li serra tra le undici, e le dodici.
7-1	1419-1421	Il	
7-2	1422-1430	grèspino	
7-3	1431-1434	dei	
7-4	1435-1440	campi	
7-5	1441-1442	(	
7-6	1442-1449	sonchus	
7-7	1450-1456	laevis	
7-8	1456-1457	)	
7-9	1458-1464	spiega	
7-10	1465-1466	i	
7-11	1467-1477	fiorellini	
7-12	1478-1482	alle	
7-13	1483-1489	cinque	
7-14	1490-1491	e	
7-15	1492-1494	li	
7-16	1495-1500	serra	
7-17	1501-1504	tra	
7-18	1505-1507	le	
7-19	1508-1514	undici	
7-20	1514-1515	,	
7-21	1516-1517	e	
7-22	1518-1520	le	
7-23	1521-1527	dodici	
7-24	1527-1528	.	

#Text=La lattuga si apre alle sette, e dopo poche ore si chiude.
8-1	1529-1531	La	
8-2	1532-1539	lattuga	
8-3	1540-1542	si	
8-4	1543-1547	apre	
8-5	1548-1552	alle	
8-6	1553-1558	sette	
8-7	1558-1559	,	
8-8	1560-1561	e	
8-9	1562-1566	dopo	
8-10	1567-1572	poche	
8-11	1573-1576	ore	
8-12	1577-1579	si	
8-13	1580-1586	chiude	
8-14	1586-1587	.	

#Text=Il cappero di padule (nymphaea alba) allarga il fiore alle sette del mattino per chiuderlo alle cinque del pomeriggio.
9-1	1588-1590	Il	
9-2	1591-1598	cappero	
9-3	1599-1601	di	
9-4	1602-1608	padule	
9-5	1609-1610	(	
9-6	1610-1618	nymphaea	
9-7	1619-1623	alba	
9-8	1623-1624	)	
9-9	1625-1632	allarga	
9-10	1633-1635	il	
9-11	1636-1641	fiore	
9-12	1642-1646	alle	
9-13	1647-1652	sette	
9-14	1653-1656	del	
9-15	1657-1664	mattino	
9-16	1665-1668	per	
9-17	1669-1678	chiuderlo	
9-18	1679-1683	alle	
9-19	1684-1690	cinque	
9-20	1691-1694	del	
9-21	1695-1705	pomeriggio	
9-22	1705-1706	.	

#Text=Il fior rancio de’ campi (calendula arvensis) apre i fiori alle nove, e li raccoglie alle tre.
10-1	1707-1709	Il	
10-2	1710-1714	fior	
10-3	1715-1721	rancio	
10-4	1722-1724	de	
10-5	1724-1725	’	
10-6	1726-1731	campi	
10-7	1732-1733	(	
10-8	1733-1742	calendula	
10-9	1743-1751	arvensis	
10-10	1751-1752	)	
10-11	1753-1757	apre	
10-12	1758-1759	i	
10-13	1760-1765	fiori	
10-14	1766-1770	alle	
10-15	1771-1775	nove	
10-16	1775-1776	,	
10-17	1777-1778	e	
10-18	1779-1781	li	
10-19	1782-1791	raccoglie	
10-20	1792-1796	alle	
10-21	1797-1800	tre	
10-22	1800-1801	.	

#Text=D’onde chiaro apparisce potersi di leggeri, raccolti in un dato luogo parecchi di sì fatti fiori, combinare un cotal orologio, che tanto quanto supplisca al comune.
11-1	1802-1803	D	
11-2	1803-1804	’	
11-3	1804-1808	onde	
11-4	1809-1815	chiaro	
11-5	1816-1825	apparisce	
11-6	1826-1833	potersi	
11-7	1834-1836	di	
11-8	1837-1844	leggeri	
11-9	1844-1845	,	
11-10	1846-1854	raccolti	
11-11	1855-1857	in	
11-12	1858-1860	un	
11-13	1861-1865	dato	
11-14	1866-1871	luogo	
11-15	1872-1880	parecchi	
11-16	1881-1883	di	
11-17	1884-1886	sì	
11-18	1887-1892	fatti	
11-19	1893-1898	fiori	
11-20	1898-1899	,	
11-21	1900-1909	combinare	
11-22	1910-1912	un	
11-23	1913-1918	cotal	
11-24	1919-1927	orologio	
11-25	1927-1928	,	
11-26	1929-1932	che	
11-27	1933-1938	tanto	
11-28	1939-1945	quanto	
11-29	1946-1955	supplisca	
11-30	1956-1958	al	
11-31	1959-1965	comune	
11-32	1965-1966	.	

#Text=Quando poi nella vita tanto passaggera del fiore, l’alternativa della veglia, (che così chiamasi l’atto dello aprirsi), e del riposo (che è l’atto contrario) non accada che sola una volta, il fiore dicesi effimero.
12-1	1967-1973	Quando	
12-2	1974-1977	poi	
12-3	1978-1983	nella	
12-4	1984-1988	vita	
12-5	1989-1994	tanto	
12-6	1995-2005	passaggera	
12-7	2006-2009	del	
12-8	2010-2015	fiore	
12-9	2015-2016	,	
12-10	2017-2018	l	
12-11	2018-2019	’	
12-12	2019-2030	alternativa	
12-13	2031-2036	della	
12-14	2037-2043	veglia	
12-15	2043-2044	,	
12-16	2045-2046	(	
12-17	2046-2049	che	
12-18	2050-2054	così	
12-19	2055-2063	chiamasi	
12-20	2064-2065	l	
12-21	2065-2066	’	
12-22	2066-2070	atto	
12-23	2071-2076	dello	
12-24	2077-2084	aprirsi	
12-25	2084-2085	)	
12-26	2085-2086	,	
12-27	2087-2088	e	
12-28	2089-2092	del	
12-29	2093-2099	riposo	
12-30	2100-2101	(	
12-31	2101-2104	che	
12-32	2105-2106	è	
12-33	2107-2108	l	
12-34	2108-2109	’	
12-35	2109-2113	atto	
12-36	2114-2123	contrario	
12-37	2123-2124	)	
12-38	2125-2128	non	
12-39	2129-2135	accada	
12-40	2136-2139	che	
12-41	2140-2144	sola	
12-42	2145-2148	una	
12-43	2149-2154	volta	
12-44	2154-2155	,	
12-45	2156-2158	il	
12-46	2159-2164	fiore	
12-47	2165-2171	dicesi	
12-48	2172-2180	effimero	
12-49	2180-2181	.	

#Text=Diurni poi sono quei fiori, che si spiegano alla luce del giorno, in opposizione ai notturni, che restano chiusi di giorno, e s’aprono durante la notte. — Che di parecchi di tali fenomeni si avesse contezza già da gran tempo stanno a riprova qui pure i nomi volgari dati a certi fiori, onde abbiamo e la bella di giorno, e la bella di notte, e la regina delle notti, ed altri tali nomi che «attestano l’attitudine del popolo a cogliere il lato poetico nelle cose della natura. » E valga il vero «gran tempo, prima che Linneo ideasse il suo orologio di Flora, il contadino indovinava le ore dei giorno volgendo gli occhi al prato, ed avvertiva, senza saperlo, l’inesplicabile armonia, che esiste tra i moti di un piccol fiore, e il moto degli astri, che misurano il passaggio del tempo. »
#Text=
#Text=La quale alternativa del giorno e della notte sembra avere una notevole influenza anche su certe altre condizioni dei fiori. — D’ordinario l’odore, che essi mandano, è più manifesto la mattina e la sera, che non sia nel mezzo del giorno, o nel corso della notte.
13-1	2182-2188	Diurni	
13-2	2189-2192	poi	
13-3	2193-2197	sono	
13-4	2198-2202	quei	
13-5	2203-2208	fiori	
13-6	2208-2209	,	
13-7	2210-2213	che	
13-8	2214-2216	si	
13-9	2217-2225	spiegano	
13-10	2226-2230	alla	
13-11	2231-2235	luce	
13-12	2236-2239	del	
13-13	2240-2246	giorno	
13-14	2246-2247	,	
13-15	2248-2250	in	
13-16	2251-2262	opposizione	
13-17	2263-2265	ai	
13-18	2266-2274	notturni	
13-19	2274-2275	,	
13-20	2276-2279	che	
13-21	2280-2287	restano	
13-22	2288-2294	chiusi	
13-23	2295-2297	di	
13-24	2298-2304	giorno	
13-25	2304-2305	,	
13-26	2306-2307	e	
13-27	2308-2309	s	
13-28	2309-2310	’	
13-29	2310-2316	aprono	
13-30	2317-2324	durante	
13-31	2325-2327	la	
13-32	2328-2333	notte	
13-33	2333-2334	.	
13-34	2335-2336	—	
13-35	2337-2340	Che	
13-36	2341-2343	di	
13-37	2344-2352	parecchi	
13-38	2353-2355	di	
13-39	2356-2360	tali	
13-40	2361-2369	fenomeni	
13-41	2370-2372	si	
13-42	2373-2379	avesse	
13-43	2380-2388	contezza	
13-44	2389-2392	già	
13-45	2393-2395	da	
13-46	2396-2400	gran	
13-47	2401-2406	tempo	
13-48	2407-2413	stanno	
13-49	2414-2415	a	
13-50	2416-2423	riprova	
13-51	2424-2427	qui	
13-52	2428-2432	pure	
13-53	2433-2434	i	
13-54	2435-2439	nomi	
13-55	2440-2447	volgari	
13-56	2448-2452	dati	
13-57	2453-2454	a	
13-58	2455-2460	certi	
13-59	2461-2466	fiori	
13-60	2466-2467	,	
13-61	2468-2472	onde	
13-62	2473-2480	abbiamo	
13-63	2481-2482	e	
13-64	2483-2485	la	
13-65	2486-2491	bella	
13-66	2492-2494	di	
13-67	2495-2501	giorno	
13-68	2501-2502	,	
13-69	2503-2504	e	
13-70	2505-2507	la	
13-71	2508-2513	bella	
13-72	2514-2516	di	
13-73	2517-2522	notte	
13-74	2522-2523	,	
13-75	2524-2525	e	
13-76	2526-2528	la	
13-77	2529-2535	regina	
13-78	2536-2541	delle	
13-79	2542-2547	notti	
13-80	2547-2548	,	
13-81	2549-2551	ed	
13-82	2552-2557	altri	
13-83	2558-2562	tali	
13-84	2563-2567	nomi	
13-85	2568-2571	che	
13-86	2572-2573	«	
13-87	2573-2582	attestano	
13-88	2583-2584	l	
13-89	2584-2585	’	
13-90	2585-2595	attitudine	
13-91	2596-2599	del	
13-92	2600-2606	popolo	
13-93	2607-2608	a	
13-94	2609-2617	cogliere	
13-95	2618-2620	il	
13-96	2621-2625	lato	
13-97	2626-2633	poetico	
13-98	2634-2639	nelle	
13-99	2640-2644	cose	
13-100	2645-2650	della	
13-101	2651-2657	natura	
13-102	2657-2658	.	
13-103	2659-2660	»	
13-104	2661-2662	E	
13-105	2663-2668	valga	
13-106	2669-2671	il	
13-107	2672-2676	vero	
13-108	2677-2678	«	
13-109	2678-2682	gran	
13-110	2683-2688	tempo	
13-111	2688-2689	,	
13-112	2690-2695	prima	
13-113	2696-2699	che	
13-114	2700-2706	Linneo	
13-115	2707-2714	ideasse	
13-116	2715-2717	il	
13-117	2718-2721	suo	
13-118	2722-2730	orologio	
13-119	2731-2733	di	
13-120	2734-2739	Flora	
13-121	2739-2740	,	
13-122	2741-2743	il	
13-123	2744-2753	contadino	
13-124	2754-2764	indovinava	
13-125	2765-2767	le	
13-126	2768-2771	ore	
13-127	2772-2775	dei	
13-128	2776-2782	giorno	
13-129	2783-2791	volgendo	
13-130	2792-2795	gli	
13-131	2796-2801	occhi	
13-132	2802-2804	al	
13-133	2805-2810	prato	
13-134	2810-2811	,	
13-135	2812-2814	ed	
13-136	2815-2824	avvertiva	
13-137	2824-2825	,	
13-138	2826-2831	senza	
13-139	2832-2839	saperlo	
13-140	2839-2840	,	
13-141	2841-2842	l	
13-142	2842-2843	’	
13-143	2843-2856	inesplicabile	
13-144	2857-2864	armonia	
13-145	2864-2865	,	
13-146	2866-2869	che	
13-147	2870-2876	esiste	
13-148	2877-2880	tra	
13-149	2881-2882	i	
13-150	2883-2887	moti	
13-151	2888-2890	di	
13-152	2891-2893	un	
13-153	2894-2900	piccol	
13-154	2901-2906	fiore	
13-155	2906-2907	,	
13-156	2908-2909	e	
13-157	2910-2912	il	
13-158	2913-2917	moto	
13-159	2918-2923	degli	
13-160	2924-2929	astri	
13-161	2929-2930	,	
13-162	2931-2934	che	
13-163	2935-2943	misurano	
13-164	2944-2946	il	
13-165	2947-2956	passaggio	
13-166	2957-2960	del	
13-167	2961-2966	tempo	
13-168	2966-2967	.	
13-169	2968-2969	»	
13-170	2971-2973	La	
13-171	2974-2979	quale	
13-172	2980-2991	alternativa	
13-173	2992-2995	del	
13-174	2996-3002	giorno	
13-175	3003-3004	e	
13-176	3005-3010	della	
13-177	3011-3016	notte	
13-178	3017-3023	sembra	
13-179	3024-3029	avere	
13-180	3030-3033	una	
13-181	3034-3042	notevole	
13-182	3043-3052	influenza	
13-183	3053-3058	anche	
13-184	3059-3061	su	
13-185	3062-3067	certe	
13-186	3068-3073	altre	
13-187	3074-3084	condizioni	
13-188	3085-3088	dei	
13-189	3089-3094	fiori	
13-190	3094-3095	.	
13-191	3096-3097	—	
13-192	3098-3099	D	
13-193	3099-3100	’	
13-194	3100-3109	ordinario	
13-195	3110-3111	l	
13-196	3111-3112	’	
13-197	3112-3117	odore	
13-198	3117-3118	,	
13-199	3119-3122	che	
13-200	3123-3127	essi	
13-201	3128-3135	mandano	
13-202	3135-3136	,	
13-203	3137-3138	è	
13-204	3139-3142	più	
13-205	3143-3152	manifesto	
13-206	3153-3155	la	
13-207	3156-3163	mattina	
13-208	3164-3165	e	
13-209	3166-3168	la	
13-210	3169-3173	sera	
13-211	3173-3174	,	
13-212	3175-3178	che	
13-213	3179-3182	non	
13-214	3183-3186	sia	
13-215	3187-3190	nel	
13-216	3191-3196	mezzo	
13-217	3197-3200	del	
13-218	3201-3207	giorno	
13-219	3207-3208	,	
13-220	3209-3210	o	
13-221	3211-3214	nel	
13-222	3215-3220	corso	
13-223	3221-3226	della	
13-224	3227-3232	notte	
13-225	3232-3233	.	

#Text=Ma qui pure, come in ogni altra cosa del mondo, si avvera non darsi regola senza eccezione: v’hanno di fatto di tai fiori, che sono odorosi soltanto di notte, e dai botanici si ebbero l’epiteto di tristi per essere per forma e colore poco appariscenti; tale è il caso del geranio notturno o notturnino (pelargonium triste); del gladiolo o spadarella cangiante (gladiolus versicolor); del violaciocco di notte (hesperis tristis), e d’altri parecchi.
14-1	3234-3236	Ma	
14-2	3237-3240	qui	
14-3	3241-3245	pure	
14-4	3245-3246	,	
14-5	3247-3251	come	
14-6	3252-3254	in	
14-7	3255-3259	ogni	
14-8	3260-3265	altra	
14-9	3266-3270	cosa	
14-10	3271-3274	del	
14-11	3275-3280	mondo	
14-12	3280-3281	,	
14-13	3282-3284	si	
14-14	3285-3291	avvera	
14-15	3292-3295	non	
14-16	3296-3301	darsi	
14-17	3302-3308	regola	
14-18	3309-3314	senza	
14-19	3315-3324	eccezione	
14-20	3324-3325	:	
14-21	3326-3327	v	
14-22	3327-3328	’	
14-23	3328-3333	hanno	
14-24	3334-3336	di	
14-25	3337-3342	fatto	
14-26	3343-3345	di	
14-27	3346-3349	tai	
14-28	3350-3355	fiori	
14-29	3355-3356	,	
14-30	3357-3360	che	
14-31	3361-3365	sono	
14-32	3366-3373	odorosi	
14-33	3374-3382	soltanto	
14-34	3383-3385	di	
14-35	3386-3391	notte	
14-36	3391-3392	,	
14-37	3393-3394	e	
14-38	3395-3398	dai	
14-39	3399-3407	botanici	
14-40	3408-3410	si	
14-41	3411-3417	ebbero	
14-42	3418-3419	l	
14-43	3419-3420	’	
14-44	3420-3427	epiteto	
14-45	3428-3430	di	
14-46	3431-3437	tristi	
14-47	3438-3441	per	
14-48	3442-3448	essere	
14-49	3449-3452	per	
14-50	3453-3458	forma	
14-51	3459-3460	e	
14-52	3461-3467	colore	
14-53	3468-3472	poco	
14-54	3473-3485	appariscenti	
14-55	3485-3486	;	
14-56	3487-3491	tale	
14-57	3492-3493	è	
14-58	3494-3496	il	
14-59	3497-3501	caso	
14-60	3502-3505	del	
14-61	3506-3513	geranio	
14-62	3514-3522	notturno	
14-63	3523-3524	o	
14-64	3525-3535	notturnino	
14-65	3536-3537	(	
14-66	3537-3548	pelargonium	
14-67	3549-3555	triste	
14-68	3555-3556	)	
14-69	3556-3557	;	
14-70	3558-3561	del	
14-71	3562-3570	gladiolo	
14-72	3571-3572	o	
14-73	3573-3583	spadarella	
14-74	3584-3593	cangiante	
14-75	3594-3595	(	
14-76	3595-3604	gladiolus	
14-77	3605-3615	versicolor	
14-78	3615-3616	)	
14-79	3616-3617	;	
14-80	3618-3621	del	
14-81	3622-3633	violaciocco	
14-82	3634-3636	di	
14-83	3637-3642	notte	
14-84	3643-3644	(	
14-85	3644-3652	hesperis	
14-86	3653-3660	tristis	
14-87	3660-3661	)	
14-88	3661-3662	,	
14-89	3663-3664	e	
14-90	3665-3666	d	
14-91	3666-3667	’	
14-92	3667-3672	altri	
14-93	3673-3681	parecchi	
14-94	3681-3682	.	

#Text=I nominati fiori cominciano ad esalare il soave loro effluvio verso le cinque pomeridiane, lo conservano tutta la notte, e lo perdono verso le sette del successivo mattino.
15-1	3683-3684	I	
15-2	3685-3693	nominati	
15-3	3694-3699	fiori	
15-4	3700-3710	cominciano	
15-5	3711-3713	ad	
15-6	3714-3721	esalare	
15-7	3722-3724	il	
15-8	3725-3730	soave	
15-9	3731-3735	loro	
15-10	3736-3744	effluvio	
15-11	3745-3750	verso	
15-12	3751-3753	le	
15-13	3754-3760	cinque	
15-14	3761-3772	pomeridiane	
15-15	3772-3773	,	
15-16	3774-3776	lo	
15-17	3777-3787	conservano	
15-18	3788-3793	tutta	
15-19	3794-3796	la	
15-20	3797-3802	notte	
15-21	3802-3803	,	
15-22	3804-3805	e	
15-23	3806-3808	lo	
15-24	3809-3816	perdono	
15-25	3817-3822	verso	
15-26	3823-3825	le	
15-27	3826-3831	sette	
15-28	3832-3835	del	
15-29	3836-3846	successivo	
15-30	3847-3854	mattino	
15-31	3854-3855	.	

#Text=Il cestrum diurnum vien chiamato in tal guisa, perchè è più odoroso il giorno che la notte, mentre invece il cestrum nocturnum solo al principiare della notte rendesi odoroso.
16-1	3856-3858	Il	
16-2	3859-3866	cestrum	
16-3	3867-3874	diurnum	
16-4	3875-3879	vien	
16-5	3880-3888	chiamato	
16-6	3889-3891	in	
16-7	3892-3895	tal	
16-8	3896-3901	guisa	
16-9	3901-3902	,	
16-10	3903-3909	perchè	
16-11	3910-3911	è	
16-12	3912-3915	più	
16-13	3916-3923	odoroso	
16-14	3924-3926	il	
16-15	3927-3933	giorno	
16-16	3934-3937	che	
16-17	3938-3940	la	
16-18	3941-3946	notte	
16-19	3946-3947	,	
16-20	3948-3954	mentre	
16-21	3955-3961	invece	
16-22	3962-3964	il	
16-23	3965-3972	cestrum	
16-24	3973-3982	nocturnum	
16-25	3983-3987	solo	
16-26	3988-3990	al	
16-27	3991-4002	principiare	
16-28	4003-4008	della	
16-29	4009-4014	notte	
16-30	4015-4022	rendesi	
16-31	4023-4030	odoroso	
16-32	4030-4031	.	

#Text=Il catto vainiglia (cereus grandiflorus), uno dei più bei fiori che si conoscano, spande delicata fragranza, simile a quella della vainiglia, dalle ore sette della sera, momento in cui si apre, fino al mattino, chiudendosi allora per non più riaprirsi.
17-1	4032-4034	Il	
17-2	4035-4040	catto	
17-3	4041-4050	vainiglia	
17-4	4051-4052	(	
17-5	4052-4058	cereus	
17-6	4059-4071	grandiflorus	
17-7	4071-4072	)	
17-8	4072-4073	,	
17-9	4074-4077	uno	
17-10	4078-4081	dei	
17-11	4082-4085	più	
17-12	4086-4089	bei	
17-13	4090-4095	fiori	
17-14	4096-4099	che	
17-15	4100-4102	si	
17-16	4103-4112	conoscano	
17-17	4112-4113	,	
17-18	4114-4120	spande	
17-19	4121-4129	delicata	
17-20	4130-4139	fragranza	
17-21	4139-4140	,	
17-22	4141-4147	simile	
17-23	4148-4149	a	
17-24	4150-4156	quella	
17-25	4157-4162	della	
17-26	4163-4172	vainiglia	
17-27	4172-4173	,	
17-28	4174-4179	dalle	
17-29	4180-4183	ore	
17-30	4184-4189	sette	
17-31	4190-4195	della	
17-32	4196-4200	sera	
17-33	4200-4201	,	
17-34	4202-4209	momento	
17-35	4210-4212	in	
17-36	4213-4216	cui	
17-37	4217-4219	si	
17-38	4220-4224	apre	
17-39	4224-4225	,	
17-40	4226-4230	fino	
17-41	4231-4233	al	
17-42	4234-4241	mattino	
17-43	4241-4242	,	
17-44	4243-4254	chiudendosi	
17-45	4255-4261	allora	
17-46	4262-4265	per	
17-47	4266-4269	non	
17-48	4270-4273	più	
17-49	4274-4283	riaprirsi	
17-50	4283-4284	.	

#Text=L’azione della luce sui fiori è pur causa di altri singolari fenomeni nei medesimi.
18-1	4286-4287	L	
18-2	4287-4288	’	
18-3	4288-4294	azione	
18-4	4295-4300	della	
18-5	4301-4305	luce	
18-6	4306-4309	sui	
18-7	4310-4315	fiori	
18-8	4316-4317	è	
18-9	4318-4321	pur	
18-10	4322-4327	causa	
18-11	4328-4330	di	
18-12	4331-4336	altri	
18-13	4337-4346	singolari	
18-14	4347-4355	fenomeni	
18-15	4356-4359	nei	
18-16	4360-4368	medesimi	
18-17	4368-4369	.	

#Text=La cicerbita del settentrione (cacalia septentrionalis),» non manda odore, se non quando è direttamente percossa dai raggi del sole, di modo che, solo col farle ombra, le si può torre sul momento la facoltà odorante. »
#Text=
#Text=Anche il colore dei fiori può variare nelle diverse ore della giornata.
19-1	4370-4372	La	
19-2	4373-4382	cicerbita	
19-3	4383-4386	del	
19-4	4387-4399	settentrione	
19-5	4400-4401	(	
19-6	4401-4408	cacalia	
19-7	4409-4424	septentrionalis	
19-8	4424-4425	)	
19-9	4425-4426	,	
19-10	4426-4427	»	
19-11	4428-4431	non	
19-12	4432-4437	manda	
19-13	4438-4443	odore	
19-14	4443-4444	,	
19-15	4445-4447	se	
19-16	4448-4451	non	
19-17	4452-4458	quando	
19-18	4459-4460	è	
19-19	4461-4473	direttamente	
19-20	4474-4482	percossa	
19-21	4483-4486	dai	
19-22	4487-4492	raggi	
19-23	4493-4496	del	
19-24	4497-4501	sole	
19-25	4501-4502	,	
19-26	4503-4505	di	
19-27	4506-4510	modo	
19-28	4511-4514	che	
19-29	4514-4515	,	
19-30	4516-4520	solo	
19-31	4521-4524	col	
19-32	4525-4530	farle	
19-33	4531-4536	ombra	
19-34	4536-4537	,	
19-35	4538-4540	le	
19-36	4541-4543	si	
19-37	4544-4547	può	
19-38	4548-4553	torre	
19-39	4554-4557	sul	
19-40	4558-4565	momento	
19-41	4566-4568	la	
19-42	4569-4576	facoltà	
19-43	4577-4585	odorante	
19-44	4585-4586	.	
19-45	4587-4588	»	
19-46	4590-4595	Anche	
19-47	4596-4598	il	
19-48	4599-4605	colore	
19-49	4606-4609	dei	
19-50	4610-4615	fiori	
19-51	4616-4619	può	
19-52	4620-4627	variare	
19-53	4628-4633	nelle	
19-54	4634-4641	diverse	
19-55	4642-4645	ore	
19-56	4646-4651	della	
19-57	4652-4660	giornata	
19-58	4660-4661	.	

#Text=La spaderella a fior cangiante (gladiolus versicolor) bruna la mattina, si fa verso sera di un azzurro chiaro, e ripiglia nella notte il colore, che aveva il giorno innanzi.
20-1	4662-4664	La	
20-2	4665-4675	spaderella	
20-3	4676-4677	a	
20-4	4678-4682	fior	
20-5	4683-4692	cangiante	
20-6	4693-4694	(	
20-7	4694-4703	gladiolus	
20-8	4704-4714	versicolor	
20-9	4714-4715	)	
20-10	4716-4721	bruna	
20-11	4722-4724	la	
20-12	4725-4732	mattina	
20-13	4732-4733	,	
20-14	4734-4736	si	
20-15	4737-4739	fa	
20-16	4740-4745	verso	
20-17	4746-4750	sera	
20-18	4751-4753	di	
20-19	4754-4756	un	
20-20	4757-4764	azzurro	
20-21	4765-4771	chiaro	
20-22	4771-4772	,	
20-23	4773-4774	e	
20-24	4775-4783	ripiglia	
20-25	4784-4789	nella	
20-26	4790-4795	notte	
20-27	4796-4798	il	
20-28	4799-4805	colore	
20-29	4805-4806	,	
20-30	4807-4810	che	
20-31	4811-4816	aveva	
20-32	4817-4819	il	
20-33	4820-4826	giorno	
20-34	4827-4834	innanzi	
20-35	4834-4835	.	

#Text=Il fiore dell’ibisco vermiglione (hibiscus mutabilis) da principio è giallo pallido, di poi diventa rossiccio, e da ultimo pavonazzo.
21-1	4836-4838	Il	
21-2	4839-4844	fiore	
21-3	4845-4849	dell	
21-4	4849-4850	’	
21-5	4850-4856	ibisco	
21-6	4857-4868	vermiglione	
21-7	4869-4870	(	
21-8	4870-4878	hibiscus	
21-9	4879-4888	mutabilis	
21-10	4888-4889	)	
21-11	4890-4892	da	
21-12	4893-4902	principio	
21-13	4903-4904	è	
21-14	4905-4911	giallo	
21-15	4912-4919	pallido	
21-16	4919-4920	,	
21-17	4921-4923	di	
21-18	4924-4927	poi	
21-19	4928-4935	diventa	
21-20	4936-4945	rossiccio	
21-21	4945-4946	,	
21-22	4947-4948	e	
21-23	4949-4951	da	
21-24	4952-4958	ultimo	
21-25	4959-4968	pavonazzo	
21-26	4968-4969	.	

#Text=Il violaciocco variabile mette fiori, che, mutando colore da un giorno all’altro, sono ora bianchi, or gialli, or celestrini.
22-1	4970-4972	Il	
22-2	4973-4984	violaciocco	
22-3	4985-4994	variabile	
22-4	4995-5000	mette	
22-5	5001-5006	fiori	
22-6	5006-5007	,	
22-7	5008-5011	che	
22-8	5011-5012	,	
22-9	5013-5020	mutando	
22-10	5021-5027	colore	
22-11	5028-5030	da	
22-12	5031-5033	un	
22-13	5034-5040	giorno	
22-14	5041-5044	all	
22-15	5044-5045	’	
22-16	5045-5050	altro	
22-17	5050-5051	,	
22-18	5052-5056	sono	
22-19	5057-5060	ora	
22-20	5061-5068	bianchi	
22-21	5068-5069	,	
22-22	5070-5072	or	
22-23	5073-5079	gialli	
22-24	5079-5080	,	
22-25	5081-5083	or	
22-26	5084-5094	celestrini	
22-27	5094-5095	.	

#Text=E poichè abbiamo toccato degli accidenti che offrono i fiori nelle tinte e negli odori, non sarà senza interesse conoscere anche i rapporti numerici, che si riscontrano tra le varie qualità di colori, e quanti di essi fiori abbiano virtù di tramandare grato odore a petto a quelli, che o sono inodori, o danno di sé odore spiacente.
23-1	5099-5100	E	
23-2	5101-5107	poichè	
23-3	5108-5115	abbiamo	
23-4	5116-5123	toccato	
23-5	5124-5129	degli	
23-6	5130-5139	accidenti	
23-7	5140-5143	che	
23-8	5144-5151	offrono	
23-9	5152-5153	i	
23-10	5154-5159	fiori	
23-11	5160-5165	nelle	
23-12	5166-5171	tinte	
23-13	5172-5173	e	
23-14	5174-5179	negli	
23-15	5180-5185	odori	
23-16	5185-5186	,	
23-17	5187-5190	non	
23-18	5191-5195	sarà	
23-19	5196-5201	senza	
23-20	5202-5211	interesse	
23-21	5212-5221	conoscere	
23-22	5222-5227	anche	
23-23	5228-5229	i	
23-24	5230-5238	rapporti	
23-25	5239-5247	numerici	
23-26	5247-5248	,	
23-27	5249-5252	che	
23-28	5253-5255	si	
23-29	5256-5267	riscontrano	
23-30	5268-5271	tra	
23-31	5272-5274	le	
23-32	5275-5280	varie	
23-33	5281-5288	qualità	
23-34	5289-5291	di	
23-35	5292-5298	colori	
23-36	5298-5299	,	
23-37	5300-5301	e	
23-38	5302-5308	quanti	
23-39	5309-5311	di	
23-40	5312-5316	essi	
23-41	5317-5322	fiori	
23-42	5323-5330	abbiano	
23-43	5331-5336	virtù	
23-44	5337-5339	di	
23-45	5340-5350	tramandare	
23-46	5351-5356	grato	
23-47	5357-5362	odore	
23-48	5363-5364	a	
23-49	5365-5370	petto	
23-50	5371-5372	a	
23-51	5373-5379	quelli	
23-52	5379-5380	,	
23-53	5381-5384	che	
23-54	5385-5386	o	
23-55	5387-5391	sono	
23-56	5392-5399	inodori	
23-57	5399-5400	,	
23-58	5401-5402	o	
23-59	5403-5408	danno	
23-60	5409-5411	di	
23-61	5412-5414	sé	
23-62	5415-5420	odore	
23-63	5421-5430	spiacente	
23-64	5430-5431	.	

#Text=Le osservazioni di Schübler e Köhler fatte su parecchie migliaja di piante sì nostrali e sì d’altri climi hanno messo fuori di dubbio, essere il bianco il color dominante nel regno vegetale, avvegnaché sia proprio a forse la quarta parte dei fiori conosciuti.
24-1	5433-5435	Le	
24-2	5436-5448	osservazioni	
24-3	5449-5451	di	
24-4	5452-5460	Schübler	
24-5	5461-5462	e	
24-6	5463-5469	Köhler	
24-7	5470-5475	fatte	
24-8	5476-5478	su	
24-9	5479-5488	parecchie	
24-10	5489-5497	migliaja	
24-11	5498-5500	di	
24-12	5501-5507	piante	
24-13	5508-5510	sì	
24-14	5511-5519	nostrali	
24-15	5520-5521	e	
24-16	5522-5524	sì	
24-17	5525-5526	d	
24-18	5526-5527	’	
24-19	5527-5532	altri	
24-20	5533-5538	climi	
24-21	5539-5544	hanno	
24-22	5545-5550	messo	
24-23	5551-5556	fuori	
24-24	5557-5559	di	
24-25	5560-5566	dubbio	
24-26	5566-5567	,	
24-27	5568-5574	essere	
24-28	5575-5577	il	
24-29	5578-5584	bianco	
24-30	5585-5587	il	
24-31	5588-5593	color	
24-32	5594-5603	dominante	
24-33	5604-5607	nel	
24-34	5608-5613	regno	
24-35	5614-5622	vegetale	
24-36	5622-5623	,	
24-37	5624-5634	avvegnaché	
24-38	5635-5638	sia	
24-39	5639-5646	proprio	
24-40	5647-5648	a	
24-41	5649-5654	forse	
24-42	5655-5657	la	
24-43	5658-5664	quarta	
24-44	5665-5670	parte	
24-45	5671-5674	dei	
24-46	5675-5680	fiori	
24-47	5681-5691	conosciuti	
24-48	5691-5692	.	

#Text=Al bianco tengono dietro per una scala, che decresce a mano a mano, il rosso, il giallo, il cilestro, il verde, il violetto, il ranciato, e per ultimi il bruno, ed il nericcio.
25-1	5693-5695	Al	
25-2	5696-5702	bianco	
25-3	5703-5710	tengono	
25-4	5711-5717	dietro	
25-5	5718-5721	per	
25-6	5722-5725	una	
25-7	5726-5731	scala	
25-8	5731-5732	,	
25-9	5733-5736	che	
25-10	5737-5745	decresce	
25-11	5746-5747	a	
25-12	5748-5752	mano	
25-13	5753-5754	a	
25-14	5755-5759	mano	
25-15	5759-5760	,	
25-16	5761-5763	il	
25-17	5764-5769	rosso	
25-18	5769-5770	,	
25-19	5771-5773	il	
25-20	5774-5780	giallo	
25-21	5780-5781	,	
25-22	5782-5784	il	
25-23	5785-5793	cilestro	
25-24	5793-5794	,	
25-25	5795-5797	il	
25-26	5798-5803	verde	
25-27	5803-5804	,	
25-28	5805-5807	il	
25-29	5808-5816	violetto	
25-30	5816-5817	,	
25-31	5818-5820	il	
25-32	5821-5829	ranciato	
25-33	5829-5830	,	
25-34	5831-5832	e	
25-35	5833-5836	per	
25-36	5837-5843	ultimi	
25-37	5844-5846	il	
25-38	5847-5852	bruno	
25-39	5852-5853	,	
25-40	5854-5856	ed	
25-41	5857-5859	il	
25-42	5860-5868	nericcio	
25-43	5868-5869	.	

#Text=Quanto poi agli odori, considerati nei fiori di una medesima tinta, i nominati autori hanno trovato, che in cento fiori di color bianco ve ne ha un quattordici all’incirca grati per soave odore, laddove tra le piante, che portano fiori rossi, gialli, verdi, o cilestri le specie olezzanti, paragonate alle inodore, sono rispettivamente nell’ordine di otto, sette, sei e fino a solo due per cento.
26-1	5871-5877	Quanto	
26-2	5878-5881	poi	
26-3	5882-5886	agli	
26-4	5887-5892	odori	
26-5	5892-5893	,	
26-6	5894-5905	considerati	
26-7	5906-5909	nei	
26-8	5910-5915	fiori	
26-9	5916-5918	di	
26-10	5919-5922	una	
26-11	5923-5931	medesima	
26-12	5932-5937	tinta	
26-13	5937-5938	,	
26-14	5939-5940	i	
26-15	5941-5949	nominati	
26-16	5950-5956	autori	
26-17	5957-5962	hanno	
26-18	5963-5970	trovato	
26-19	5970-5971	,	
26-20	5972-5975	che	
26-21	5976-5978	in	
26-22	5979-5984	cento	
26-23	5985-5990	fiori	
26-24	5991-5993	di	
26-25	5994-5999	color	
26-26	6000-6006	bianco	
26-27	6007-6009	ve	
26-28	6010-6012	ne	
26-29	6013-6015	ha	
26-30	6016-6018	un	
26-31	6019-6030	quattordici	
26-32	6031-6034	all	
26-33	6034-6035	’	
26-34	6035-6042	incirca	
26-35	6043-6048	grati	
26-36	6049-6052	per	
26-37	6053-6058	soave	
26-38	6059-6064	odore	
26-39	6064-6065	,	
26-40	6066-6073	laddove	
26-41	6074-6077	tra	
26-42	6078-6080	le	
26-43	6081-6087	piante	
26-44	6087-6088	,	
26-45	6089-6092	che	
26-46	6093-6100	portano	
26-47	6101-6106	fiori	
26-48	6107-6112	rossi	
26-49	6112-6113	,	
26-50	6114-6120	gialli	
26-51	6120-6121	,	
26-52	6122-6127	verdi	
26-53	6127-6128	,	
26-54	6129-6130	o	
26-55	6131-6139	cilestri	
26-56	6140-6142	le	
26-57	6143-6149	specie	
26-58	6150-6159	olezzanti	
26-59	6159-6160	,	
26-60	6161-6171	paragonate	
26-61	6172-6176	alle	
26-62	6177-6184	inodore	
26-63	6184-6185	,	
26-64	6186-6190	sono	
26-65	6191-6206	rispettivamente	
26-66	6207-6211	nell	
26-67	6211-6212	’	
26-68	6212-6218	ordine	
26-69	6219-6221	di	
26-70	6222-6226	otto	
26-71	6226-6227	,	
26-72	6228-6233	sette	
26-73	6233-6234	,	
26-74	6235-6238	sei	
26-75	6239-6240	e	
26-76	6241-6245	fino	
26-77	6246-6247	a	
26-78	6248-6252	solo	
26-79	6253-6256	due	
26-80	6257-6260	per	
26-81	6261-6266	cento	
26-82	6266-6267	.	

#Text=D’onde è manifesto, che i fiori bianchi sono a un tempo e più comuni in natura, e i più odorosi.
27-1	6268-6269	D	
27-2	6269-6270	’	
27-3	6270-6274	onde	
27-4	6275-6276	è	
27-5	6277-6286	manifesto	
27-6	6286-6287	,	
27-7	6288-6291	che	
27-8	6292-6293	i	
27-9	6294-6299	fiori	
27-10	6300-6307	bianchi	
27-11	6308-6312	sono	
27-12	6313-6314	a	
27-13	6315-6317	un	
27-14	6318-6323	tempo	
27-15	6324-6325	e	
27-16	6326-6329	più	
27-17	6330-6336	comuni	
27-18	6337-6339	in	
27-19	6340-6346	natura	
27-20	6346-6347	,	
27-21	6348-6349	e	
27-22	6350-6351	i	
27-23	6352-6355	più	
27-24	6356-6363	odorosi	
27-25	6363-6364	.	

#Text=Né vuol essere taciuto, come i primi fiori, i quali vengono ad abbellire i nostri campi, si pregino di un abbagliante candore.
28-1	6365-6367	Né	
28-2	6368-6372	vuol	
28-3	6373-6379	essere	
28-4	6380-6387	taciuto	
28-5	6387-6388	,	
28-6	6389-6393	come	
28-7	6394-6395	i	
28-8	6396-6401	primi	
28-9	6402-6407	fiori	
28-10	6407-6408	,	
28-11	6409-6410	i	
28-12	6411-6416	quali	
28-13	6417-6424	vengono	
28-14	6425-6427	ad	
28-15	6428-6437	abbellire	
28-16	6438-6439	i	
28-17	6440-6446	nostri	
28-18	6447-6452	campi	
28-19	6452-6453	,	
28-20	6454-6456	si	
28-21	6457-6464	pregino	
28-22	6465-6467	di	
28-23	6468-6470	un	
28-24	6471-6482	abbagliante	
28-25	6483-6490	candore	
28-26	6490-6491	.	

#Text=Quando il verno scompare le praterie, gli aiberi, gli arbusti d’ogni genere copronsi di fiori bianchi.
29-1	6492-6498	Quando	
29-2	6499-6501	il	
29-3	6502-6507	verno	
29-4	6508-6516	scompare	
29-5	6517-6519	le	
29-6	6520-6528	praterie	
29-7	6528-6529	,	
29-8	6530-6533	gli	
29-9	6534-6540	aiberi	
29-10	6540-6541	,	
29-11	6542-6545	gli	
29-12	6546-6553	arbusti	
29-13	6554-6555	d	
29-14	6555-6556	’	
29-15	6556-6560	ogni	
29-16	6561-6567	genere	
29-17	6568-6576	copronsi	
29-18	6577-6579	di	
29-19	6580-6585	fiori	
29-20	6586-6593	bianchi	
29-21	6593-6594	.	

#Text=Di mezzo alle molte migliaja di fiori di questo colore, che appajono sui meli, sulle ciliegie, sulle fragole e sui peri, appena è, dice Martin, «che l’occhio possa di luogo in luogo arrestarsi su qualche cima di mandorlo, o di pesco dai fiori rossicci.»
30-1	6595-6597	Di	
30-2	6598-6603	mezzo	
30-3	6604-6608	alle	
30-4	6609-6614	molte	
30-5	6615-6623	migliaja	
30-6	6624-6626	di	
30-7	6627-6632	fiori	
30-8	6633-6635	di	
30-9	6636-6642	questo	
30-10	6643-6649	colore	
30-11	6649-6650	,	
30-12	6651-6654	che	
30-13	6655-6663	appajono	
30-14	6664-6667	sui	
30-15	6668-6672	meli	
30-16	6672-6673	,	
30-17	6674-6679	sulle	
30-18	6680-6688	ciliegie	
30-19	6688-6689	,	
30-20	6690-6695	sulle	
30-21	6696-6703	fragole	
30-22	6704-6705	e	
30-23	6706-6709	sui	
30-24	6710-6714	peri	
30-25	6714-6715	,	
30-26	6716-6722	appena	
30-27	6723-6724	è	
30-28	6724-6725	,	
30-29	6726-6730	dice	
30-30	6731-6737	Martin	
30-31	6737-6738	,	
30-32	6739-6740	«	
30-33	6740-6743	che	
30-34	6744-6745	l	
30-35	6745-6746	’	
30-36	6746-6752	occhio	
30-37	6753-6758	possa	
30-38	6759-6761	di	
30-39	6762-6767	luogo	
30-40	6768-6770	in	
30-41	6771-6776	luogo	
30-42	6777-6787	arrestarsi	
30-43	6788-6790	su	
30-44	6791-6798	qualche	
30-45	6799-6803	cima	
30-46	6804-6806	di	
30-47	6807-6815	mandorlo	
30-48	6815-6816	,	
30-49	6817-6818	o	
30-50	6819-6821	di	
30-51	6822-6827	pesco	
30-52	6828-6831	dai	
30-53	6832-6837	fiori	
30-54	6838-6846	rossicci	
30-55	6846-6847	.	
30-56	6847-6848	»	

#Text=Nè vogliate credere, che ciò sia fatto a caso.
31-1	6849-6851	Nè	
31-2	6852-6860	vogliate	
31-3	6861-6868	credere	
31-4	6868-6869	,	
31-5	6870-6873	che	
31-6	6874-6877	ciò	
31-7	6878-6881	sia	
31-8	6882-6887	fatto	
31-9	6888-6889	a	
31-10	6890-6894	caso	
31-11	6894-6895	.	

#Text=Anche in questo vuolsi riconoscere una sapientissima disposizione di natura.
32-1	6896-6901	Anche	
32-2	6902-6904	in	
32-3	6905-6911	questo	
32-4	6912-6918	vuolsi	
32-5	6919-6930	riconoscere	
32-6	6931-6934	una	
32-7	6935-6948	sapientissima	
32-8	6949-6961	disposizione	
32-9	6962-6964	di	
32-10	6965-6971	natura	
32-11	6971-6972	.	

#Text=È noto, che il color bianco serba nei corpi più a lungo il calorico, laonde quelle parti della pianta, che biancheggiano, per quantunque dilicatissime, ponno meglio avvantaggiarsi dello scarso grado di calore, che nei climi freddi e nei temperati accompagna la stagion primaverile.
33-1	6973-6974	È	
33-2	6975-6979	noto	
33-3	6979-6980	,	
33-4	6981-6984	che	
33-5	6985-6987	il	
33-6	6988-6993	color	
33-7	6994-7000	bianco	
33-8	7001-7006	serba	
33-9	7007-7010	nei	
33-10	7011-7016	corpi	
33-11	7017-7020	più	
33-12	7021-7022	a	
33-13	7023-7028	lungo	
33-14	7029-7031	il	
33-15	7032-7040	calorico	
33-16	7040-7041	,	
33-17	7042-7048	laonde	
33-18	7049-7055	quelle	
33-19	7056-7061	parti	
33-20	7062-7067	della	
33-21	7068-7074	pianta	
33-22	7074-7075	,	
33-23	7076-7079	che	
33-24	7080-7093	biancheggiano	
33-25	7093-7094	,	
33-26	7095-7098	per	
33-27	7099-7109	quantunque	
33-28	7110-7123	dilicatissime	
33-29	7123-7124	,	
33-30	7125-7130	ponno	
33-31	7131-7137	meglio	
33-32	7138-7152	avvantaggiarsi	
33-33	7153-7158	dello	
33-34	7159-7165	scarso	
33-35	7166-7171	grado	
33-36	7172-7174	di	
33-37	7175-7181	calore	
33-38	7181-7182	,	
33-39	7183-7186	che	
33-40	7187-7190	nei	
33-41	7191-7196	climi	
33-42	7197-7203	freddi	
33-43	7204-7205	e	
33-44	7206-7209	nei	
33-45	7210-7219	temperati	
33-46	7220-7230	accompagna	
33-47	7231-7233	la	
33-48	7234-7241	stagion	
33-49	7242-7253	primaverile	
33-50	7253-7254	.	

#Text=«Ma non sì tosto coll’avvicinarsi della state è cessato un tale bisogno, eccovi spuntare da ogni parte fiori con tinte più cariche.
34-1	7255-7256	«	
34-2	7256-7258	Ma	
34-3	7259-7262	non	
34-4	7263-7265	sì	
34-5	7266-7271	tosto	
34-6	7272-7276	coll	
34-7	7276-7277	’	
34-8	7277-7288	avvicinarsi	
34-9	7289-7294	della	
34-10	7295-7300	state	
34-11	7301-7302	è	
34-12	7303-7310	cessato	
34-13	7311-7313	un	
34-14	7314-7318	tale	
34-15	7319-7326	bisogno	
34-16	7326-7327	,	
34-17	7328-7334	eccovi	
34-18	7335-7343	spuntare	
34-19	7344-7346	da	
34-20	7347-7351	ogni	
34-21	7352-7357	parte	
34-22	7358-7363	fiori	
34-23	7364-7367	con	
34-24	7368-7373	tinte	
34-25	7374-7377	più	
34-26	7378-7385	cariche	
34-27	7385-7386	.	

#Text=Quà le iridi porporine, là i rossi papaveri, altrove le azzurre aquilegie, i gialli ranuncoli, i fulvi cisti, e di mezzo alle dorate spighe de’ cereali l’adonide dal fior miniato e tant’altre generazioni di fiori variopinti.»
35-1	7387-7390	Quà	
35-2	7391-7393	le	
35-3	7394-7399	iridi	
35-4	7400-7409	porporine	
35-5	7409-7410	,	
35-6	7411-7413	là	
35-7	7414-7415	i	
35-8	7416-7421	rossi	
35-9	7422-7430	papaveri	
35-10	7430-7431	,	
35-11	7432-7439	altrove	
35-12	7440-7442	le	
35-13	7443-7450	azzurre	
35-14	7451-7460	aquilegie	
35-15	7460-7461	,	
35-16	7462-7463	i	
35-17	7464-7470	gialli	
35-18	7471-7480	ranuncoli	
35-19	7480-7481	,	
35-20	7482-7483	i	
35-21	7484-7489	fulvi	
35-22	7490-7495	cisti	
35-23	7495-7496	,	
35-24	7497-7498	e	
35-25	7499-7501	di	
35-26	7502-7507	mezzo	
35-27	7508-7512	alle	
35-28	7513-7519	dorate	
35-29	7520-7526	spighe	
35-30	7527-7529	de	
35-31	7529-7530	’	
35-32	7531-7538	cereali	
35-33	7539-7540	l	
35-34	7540-7541	’	
35-35	7541-7548	adonide	
35-36	7549-7552	dal	
35-37	7553-7557	fior	
35-38	7558-7565	miniato	
35-39	7566-7567	e	
35-40	7568-7572	tant	
35-41	7572-7573	’	
35-42	7573-7578	altre	
35-43	7579-7590	generazioni	
35-44	7591-7593	di	
35-45	7594-7599	fiori	
35-46	7600-7610	variopinti	
35-47	7610-7611	.	
35-48	7611-7612	»	

#Text=E meritano questi fatti tanto più l’attenzione del naturalista, in quanto che appalesano in tutto il creato una mirabile armonia di fini e di mezzi, e porgono così, anche nelle minime cose, una luminosa prova della provvidenza divina.
36-1	7613-7614	E	
36-2	7615-7623	meritano	
36-3	7624-7630	questi	
36-4	7631-7636	fatti	
36-5	7637-7642	tanto	
36-6	7643-7646	più	
36-7	7647-7648	l	
36-8	7648-7649	’	
36-9	7649-7659	attenzione	
36-10	7660-7663	del	
36-11	7664-7675	naturalista	
36-12	7675-7676	,	
36-13	7677-7679	in	
36-14	7680-7686	quanto	
36-15	7687-7690	che	
36-16	7691-7701	appalesano	
36-17	7702-7704	in	
36-18	7705-7710	tutto	
36-19	7711-7713	il	
36-20	7714-7720	creato	
36-21	7721-7724	una	
36-22	7725-7733	mirabile	
36-23	7734-7741	armonia	
36-24	7742-7744	di	
36-25	7745-7749	fini	
36-26	7750-7751	e	
36-27	7752-7754	di	
36-28	7755-7760	mezzi	
36-29	7760-7761	,	
36-30	7762-7763	e	
36-31	7764-7771	porgono	
36-32	7772-7776	così	
36-33	7776-7777	,	
36-34	7778-7783	anche	
36-35	7784-7789	nelle	
36-36	7790-7796	minime	
36-37	7797-7801	cose	
36-38	7801-7802	,	
36-39	7803-7806	una	
36-40	7807-7815	luminosa	
36-41	7816-7821	prova	
36-42	7822-7827	della	
36-43	7828-7839	provvidenza	
36-44	7840-7846	divina	
36-45	7846-7847	.	

#Text=Ma altri prodigi ancora ne disvela il grazioso regno di Flora.
37-1	7849-7851	Ma	
37-2	7852-7857	altri	
37-3	7858-7865	prodigi	
37-4	7866-7872	ancora	
37-5	7873-7875	ne	
37-6	7876-7883	disvela	
37-7	7884-7886	il	
37-8	7887-7895	grazioso	
37-9	7896-7901	regno	
37-10	7902-7904	di	
37-11	7905-7910	Flora	
37-12	7910-7911	.	

#Text=Evvi una quantità di fiori, perfino tra i più comuni, tra quelli, che a così dire, noi calpestiamo ad ogni passo, i quali presentono il vento, la pioggia, e quante altre mutazioni avvenir possono nell’atmosfera.
38-1	7912-7916	Evvi	
38-2	7917-7920	una	
38-3	7921-7929	quantità	
38-4	7930-7932	di	
38-5	7933-7938	fiori	
38-6	7938-7939	,	
38-7	7940-7947	perfino	
38-8	7948-7951	tra	
38-9	7952-7953	i	
38-10	7954-7957	più	
38-11	7958-7964	comuni	
38-12	7964-7965	,	
38-13	7966-7969	tra	
38-14	7970-7976	quelli	
38-15	7976-7977	,	
38-16	7978-7981	che	
38-17	7982-7983	a	
38-18	7984-7988	così	
38-19	7989-7993	dire	
38-20	7993-7994	,	
38-21	7995-7998	noi	
38-22	7999-8010	calpestiamo	
38-23	8011-8013	ad	
38-24	8014-8018	ogni	
38-25	8019-8024	passo	
38-26	8024-8025	,	
38-27	8026-8027	i	
38-28	8028-8033	quali	
38-29	8034-8044	presentono	
38-30	8045-8047	il	
38-31	8048-8053	vento	
38-32	8053-8054	,	
38-33	8055-8057	la	
38-34	8058-8065	pioggia	
38-35	8065-8066	,	
38-36	8067-8068	e	
38-37	8069-8075	quante	
38-38	8076-8081	altre	
38-39	8082-8091	mutazioni	
38-40	8092-8099	avvenir	
38-41	8100-8107	possono	
38-42	8108-8112	nell	
38-43	8112-8113	’	
38-44	8113-8122	atmosfera	
38-45	8122-8123	.	

#Text=Tali sono, per citarne alcuni ad esempio, il fior rancio de’campi (calendula arvensis) che si allarga quando il cielo è sereno, ed annunzia il temporale col piegare i suoi fiorellini.
39-1	8124-8128	Tali	
39-2	8129-8133	sono	
39-3	8133-8134	,	
39-4	8135-8138	per	
39-5	8139-8146	citarne	
39-6	8147-8153	alcuni	
39-7	8154-8156	ad	
39-8	8157-8164	esempio	
39-9	8164-8165	,	
39-10	8166-8168	il	
39-11	8169-8173	fior	
39-12	8174-8180	rancio	
39-13	8181-8183	de	
39-14	8183-8184	’	
39-15	8184-8189	campi	
39-16	8190-8191	(	
39-17	8191-8200	calendula	
39-18	8201-8209	arvensis	
39-19	8209-8210	)	
39-20	8211-8214	che	
39-21	8215-8217	si	
39-22	8218-8225	allarga	
39-23	8226-8232	quando	
39-24	8233-8235	il	
39-25	8236-8241	cielo	
39-26	8242-8243	è	
39-27	8244-8250	sereno	
39-28	8250-8251	,	
39-29	8252-8254	ed	
39-30	8255-8263	annunzia	
39-31	8264-8266	il	
39-32	8267-8276	temporale	
39-33	8277-8280	col	
39-34	8281-8288	piegare	
39-35	8289-8290	i	
39-36	8291-8295	suoi	
39-37	8296-8306	fiorellini	
39-38	8306-8307	.	

#Text=La cicerbita della Siberia (sonchus sibiricus) se si chiude durante la notte «presagisce il bel giorno, che si avvicina, e par che ne dica col suo sonno tranquillo, ch’ella è sicura della dimane.»
40-1	8308-8310	La	
40-2	8311-8320	cicerbita	
40-3	8321-8326	della	
40-4	8327-8334	Siberia	
40-5	8335-8336	(	
40-6	8336-8343	sonchus	
40-7	8344-8353	sibiricus	
40-8	8353-8354	)	
40-9	8355-8357	se	
40-10	8358-8360	si	
40-11	8361-8367	chiude	
40-12	8368-8375	durante	
40-13	8376-8378	la	
40-14	8379-8384	notte	
40-15	8385-8386	«	
40-16	8386-8396	presagisce	
40-17	8397-8399	il	
40-18	8400-8403	bel	
40-19	8404-8410	giorno	
40-20	8410-8411	,	
40-21	8412-8415	che	
40-22	8416-8418	si	
40-23	8419-8427	avvicina	
40-24	8427-8428	,	
40-25	8429-8430	e	
40-26	8431-8434	par	
40-27	8435-8438	che	
40-28	8439-8441	ne	
40-29	8442-8446	dica	
40-30	8447-8450	col	
40-31	8451-8454	suo	
40-32	8455-8460	sonno	
40-33	8461-8471	tranquillo	
40-34	8471-8472	,	
40-35	8473-8475	ch	
40-36	8475-8476	’	
40-37	8476-8480	ella	
40-38	8481-8482	è	
40-39	8483-8489	sicura	
40-40	8490-8495	della	
40-41	8496-8502	dimane	
40-42	8502-8503	.	
40-43	8503-8504	»	

#Text=Gli agricoltori di alcuni paesi, ammaestrati da questi fatti sogliono alle porte della casa appendere a foggia di igrometro i fiori di una specie di carlina, i quali si dischiudono nei giorni sereni, e si chiudono ed appassiscono all’avvicinarsi della pioggia.
41-1	8505-8508	Gli	
41-2	8509-8520	agricoltori	
41-3	8521-8523	di	
41-4	8524-8530	alcuni	
41-5	8531-8536	paesi	
41-6	8536-8537	,	
41-7	8538-8549	ammaestrati	
41-8	8550-8552	da	
41-9	8553-8559	questi	
41-10	8560-8565	fatti	
41-11	8566-8574	sogliono	
41-12	8575-8579	alle	
41-13	8580-8585	porte	
41-14	8586-8591	della	
41-15	8592-8596	casa	
41-16	8597-8606	appendere	
41-17	8607-8608	a	
41-18	8609-8615	foggia	
41-19	8616-8618	di	
41-20	8619-8628	igrometro	
41-21	8629-8630	i	
41-22	8631-8636	fiori	
41-23	8637-8639	di	
41-24	8640-8643	una	
41-25	8644-8650	specie	
41-26	8651-8653	di	
41-27	8654-8661	carlina	
41-28	8661-8662	,	
41-29	8663-8664	i	
41-30	8665-8670	quali	
41-31	8671-8673	si	
41-32	8674-8685	dischiudono	
41-33	8686-8689	nei	
41-34	8690-8696	giorni	
41-35	8697-8703	sereni	
41-36	8703-8704	,	
41-37	8705-8706	e	
41-38	8707-8709	si	
41-39	8710-8718	chiudono	
41-40	8719-8721	ed	
41-41	8722-8734	appassiscono	
41-42	8735-8738	all	
41-43	8738-8739	’	
41-44	8739-8750	avvicinarsi	
41-45	8751-8756	della	
41-46	8757-8764	pioggia	
41-47	8764-8765	.	
