#FORMAT=WebAnno TSV 3.3
#T_SP=custom.Span|label
#T_RL=custom.Relation|label|BT_custom.Span


#Text=48.10.
#Text=kust my, mijn sone.
#Text=
#Text=27
#Text=
#Text=Ende
#Text=hy quam by, ende hy kuste [kolom] hem:
#Text=doe roock hy
#Text=Uyt den welcken hy hem-selven noch meer versekerde, dat Iacob was sijn sone Esau; als of hy seyde:
#Text=sijne kleederen en riecken niet nae den stal der beesten, maer nae het lieflicke veldt.
#Text=den reuck sijner kleederen, ende zegende hem: ende hy seyde;
#Text=Siet, Dat is, de reuck der kleederen mijnes soons.
#Text=de reuck mijnes soons is Dewelcke meest veroorsaeckt wordt door de gematigheyt des luchts, de goetheyt des lants, ende den kostelicken overvloedt van allerley gewas.
1-1	2-7	48.10	_	_	_	
1-2	7-8	.	_	_	_	
1-3	9-13	kust	_	_	_	
1-4	14-16	my	_	_	_	
1-5	16-17	,	_	_	_	
1-6	18-22	mijn	_	_	_	
1-7	23-27	sone	_	_	_	
1-8	27-28	.	_	_	_	
1-9	30-32	27	_	_	_	
1-10	34-38	Ende	_	_	_	
1-11	39-41	hy	_	_	_	
1-12	42-46	quam	_	_	_	
1-13	47-49	by	_	_	_	
1-14	49-50	,	_	_	_	
1-15	51-55	ende	_	_	_	
1-16	56-58	hy	_	_	_	
1-17	59-64	kuste	_	_	_	
1-18	65-66	[	_	_	_	
1-19	66-71	kolom	_	_	_	
1-20	71-72	]	_	_	_	
1-21	73-76	hem	_	_	_	
1-22	76-77	:	_	_	_	
1-23	78-81	doe	_	_	_	
1-24	82-87	roock	_	_	_	
1-25	88-90	hy	_	_	_	
1-26	91-94	Uyt	_	_	_	
1-27	95-98	den	_	_	_	
1-28	99-106	welcken	_	_	_	
1-29	107-109	hy	_	_	_	
1-30	110-120	hem-selven	_	_	_	
1-31	121-125	noch	_	_	_	
1-32	126-130	meer	_	_	_	
1-33	131-141	versekerde	_	_	_	
1-34	141-142	,	_	_	_	
1-35	143-146	dat	_	_	_	
1-36	147-152	Iacob	_	_	_	
1-37	153-156	was	_	_	_	
1-38	157-161	sijn	_	_	_	
1-39	162-166	sone	_	_	_	
1-40	167-171	Esau	_	_	_	
1-41	171-172	;	_	_	_	
1-42	173-176	als	_	_	_	
1-43	177-179	of	_	_	_	
1-44	180-182	hy	_	_	_	
1-45	183-188	seyde	_	_	_	
1-46	188-189	:	_	_	_	
1-47	190-195	sijne	Odour\_Carrier[1]	_	_	
1-48	196-205	kleederen	Odour\_Carrier[1]	_	_	
1-49	206-208	en	_	_	_	
1-50	209-216	riecken	Smell\_Word	*|*|*	1-47[1_0]|1-52[2_0]|1-59[3_0]	
1-51	217-221	niet	_	_	_	
1-52	222-225	nae	Evoked\_Odorant[2]	_	_	
1-53	226-229	den	Evoked\_Odorant[2]	_	_	
1-54	230-234	stal	Evoked\_Odorant[2]	_	_	
1-55	235-238	der	Evoked\_Odorant[2]	_	_	
1-56	239-246	beesten	Evoked\_Odorant[2]	_	_	
1-57	246-247	,	_	_	_	
1-58	248-252	maer	_	_	_	
1-59	253-256	nae	Evoked\_Odorant[3]	_	_	
1-60	257-260	het	Evoked\_Odorant[3]	_	_	
1-61	261-270	lieflicke	Evoked\_Odorant[3]	_	_	
1-62	271-276	veldt	Evoked\_Odorant[3]	_	_	
1-63	276-277	.	_	_	_	
1-64	278-281	den	_	_	_	
1-65	282-287	reuck	Smell\_Word	*|Anaphoric|Anaphoric|*	1-66[4_0]|1-79[5_0]|1-83|1-84[6_0]	
1-66	288-294	sijner	Smell\_Source[4]	_	_	
1-67	295-304	kleederen	Smell\_Source[4]	_	_	
1-68	304-305	,	_	_	_	
1-69	306-310	ende	_	_	_	
1-70	311-318	zegende	_	_	_	
1-71	319-322	hem	_	_	_	
1-72	322-323	:	_	_	_	
1-73	324-328	ende	_	_	_	
1-74	329-331	hy	_	_	_	
1-75	332-337	seyde	_	_	_	
1-76	337-338	;	_	_	_	
1-77	339-343	Siet	_	_	_	
1-78	343-344	,	_	_	_	
1-79	345-348	Dat	Smell\_Word[5]	_	_	
1-80	349-351	is	Smell\_Word[5]	_	_	
1-81	351-352	,	_	_	_	
1-82	353-355	de	_	_	_	
1-83	356-361	reuck	Smell\_Word	_	_	
1-84	362-365	der	Smell\_Source[6]	_	_	
1-85	366-375	kleederen	Smell\_Source[6]	_	_	
1-86	376-382	mijnes	Smell\_Source[6]	_	_	
1-87	383-388	soons	Smell\_Source[6]	_	_	
1-88	388-389	.	_	_	_	
1-89	390-392	de	_	_	_	
1-90	393-398	reuck	Smell\_Word	*|*	1-91[7_0]|1-94[8_0]	
1-91	399-405	mijnes	Smell\_Source[7]	_	_	
1-92	406-411	soons	Smell\_Source[7]	_	_	
1-93	412-414	is	_	_	_	
1-94	415-423	Dewelcke	Circumstances[8]	_	_	
1-95	424-429	meest	Circumstances[8]	_	_	
1-96	430-442	veroorsaeckt	Circumstances[8]	_	_	
1-97	443-448	wordt	Circumstances[8]	_	_	
1-98	449-453	door	Circumstances[8]	_	_	
1-99	454-456	de	Circumstances[8]	_	_	
1-100	457-468	gematigheyt	Circumstances[8]	_	_	
1-101	469-472	des	Circumstances[8]	_	_	
1-102	473-479	luchts	Circumstances[8]	_	_	
1-103	479-480	,	Circumstances[8]	_	_	
1-104	481-483	de	Circumstances[8]	_	_	
1-105	484-492	goetheyt	Circumstances[8]	_	_	
1-106	493-496	des	Circumstances[8]	_	_	
1-107	497-502	lants	Circumstances[8]	_	_	
1-108	502-503	,	Circumstances[8]	_	_	
1-109	504-508	ende	Circumstances[8]	_	_	
1-110	509-512	den	Circumstances[8]	_	_	
1-111	513-524	kostelicken	Circumstances[8]	_	_	
1-112	525-535	overvloedt	Circumstances[8]	_	_	
1-113	536-539	van	Circumstances[8]	_	_	
1-114	540-548	allerley	Circumstances[8]	_	_	
1-115	549-554	gewas	Circumstances[8]	_	_	
1-116	554-555	.	_	_	_	

#Text=De sin nu is: gelijck
#Text=de goede reuck eener landouwe een teecken is van hare schoone gelegentheyt, kostelicke vruchten, ende grooten overvloedt;
#Text=also is de reucke van de keederen {kleederen} mijnes soons my een teecken van sijne, ende der sijnen toekomende gelucksaligheydt, die by eene uytnemende landouwe sal te vergelijcken zijn.
#Text=als de reuck des veldts, het welck de HEERE gezegent heeft.
#Text=
#Text=28
#Text=Hebr.
#Text=11.20.
2-1	556-558	De	_	_	_	
2-2	559-562	sin	_	_	_	
2-3	563-565	nu	_	_	_	
2-4	566-568	is	_	_	_	
2-5	568-569	:	_	_	_	
2-6	570-577	gelijck	_	_	_	
2-7	578-580	de	_	_	_	
2-8	581-586	goede	Quality	_	_	
2-9	587-592	reuck	Smell\_Word	*|*	2-8|2-10[9_0]	
2-10	593-598	eener	Smell\_Source[9]	_	_	
2-11	599-607	landouwe	Smell\_Source[9]	_	_	
2-12	608-611	een	_	_	_	
2-13	612-619	teecken	_	_	_	
2-14	620-622	is	_	_	_	
2-15	623-626	van	_	_	_	
2-16	627-631	hare	_	_	_	
2-17	632-639	schoone	_	_	_	
2-18	640-652	gelegentheyt	_	_	_	
2-19	652-653	,	_	_	_	
2-20	654-664	kostelicke	_	_	_	
2-21	665-673	vruchten	_	_	_	
2-22	673-674	,	_	_	_	
2-23	675-679	ende	_	_	_	
2-24	680-687	grooten	_	_	_	
2-25	688-698	overvloedt	_	_	_	
2-26	698-699	;	_	_	_	
2-27	700-704	also	_	_	_	
2-28	705-707	is	_	_	_	
2-29	708-710	de	_	_	_	
2-30	711-717	reucke	Smell\_Word	*	2-32[10_0]	
2-31	718-721	van	_	_	_	
2-32	722-724	de	Smell\_Source[10]	_	_	
2-33	725-733	keederen	Smell\_Source[10]	_	_	
2-34	734-735	{	Smell\_Source[10]	_	_	
2-35	735-744	kleederen	Smell\_Source[10]	_	_	
2-36	744-745	}	Smell\_Source[10]	_	_	
2-37	746-752	mijnes	Smell\_Source[10]	_	_	
2-38	753-758	soons	Smell\_Source[10]	_	_	
2-39	759-761	my	_	_	_	
2-40	762-765	een	_	_	_	
2-41	766-773	teecken	_	_	_	
2-42	774-777	van	_	_	_	
2-43	778-783	sijne	_	_	_	
2-44	783-784	,	_	_	_	
2-45	785-789	ende	_	_	_	
2-46	790-793	der	_	_	_	
2-47	794-800	sijnen	_	_	_	
2-48	801-811	toekomende	_	_	_	
2-49	812-828	gelucksaligheydt	_	_	_	
2-50	828-829	,	_	_	_	
2-51	830-833	die	_	_	_	
2-52	834-836	by	_	_	_	
2-53	837-841	eene	_	_	_	
2-54	842-852	uytnemende	_	_	_	
2-55	853-861	landouwe	_	_	_	
2-56	862-865	sal	_	_	_	
2-57	866-868	te	_	_	_	
2-58	869-881	vergelijcken	_	_	_	
2-59	882-886	zijn	_	_	_	
2-60	886-887	.	_	_	_	
2-61	888-891	als	_	_	_	
2-62	892-894	de	_	_	_	
2-63	895-900	reuck	Smell\_Word	*	2-64[11_0]	
2-64	901-904	des	Smell\_Source[11]	_	_	
2-65	905-911	veldts	Smell\_Source[11]	_	_	
2-66	911-912	,	_	_	_	
2-67	913-916	het	_	_	_	
2-68	917-922	welck	_	_	_	
2-69	923-925	de	_	_	_	
2-70	926-931	HEERE	_	_	_	
2-71	932-940	gezegent	_	_	_	
2-72	941-946	heeft	_	_	_	
2-73	946-947	.	_	_	_	
2-74	949-951	28	_	_	_	
2-75	952-956	Hebr	_	_	_	
2-76	956-957	.	_	_	_	
2-77	958-963	11.20	_	_	_	
2-78	963-964	.	_	_	_	

#Text=Soo
#Text=Dit is niet alleen een wensch, maer oock eene prophetie, die na de letter niet soo seer in Iacob, als in sijne nakomelingen vervult soude worden.
3-1	965-968	Soo	_	_	_	
3-2	969-972	Dit	_	_	_	
3-3	973-975	is	_	_	_	
3-4	976-980	niet	_	_	_	
3-5	981-987	alleen	_	_	_	
3-6	988-991	een	_	_	_	
3-7	992-998	wensch	_	_	_	
3-8	998-999	,	_	_	_	
3-9	1000-1004	maer	_	_	_	
3-10	1005-1009	oock	_	_	_	
3-11	1010-1014	eene	_	_	_	
3-12	1015-1024	prophetie	_	_	_	
3-13	1024-1025	,	_	_	_	
3-14	1026-1029	die	_	_	_	
3-15	1030-1032	na	_	_	_	
3-16	1033-1035	de	_	_	_	
3-17	1036-1042	letter	_	_	_	
3-18	1043-1047	niet	_	_	_	
3-19	1048-1051	soo	_	_	_	
3-20	1052-1056	seer	_	_	_	
3-21	1057-1059	in	_	_	_	
3-22	1060-1065	Iacob	_	_	_	
3-23	1065-1066	,	_	_	_	
3-24	1067-1070	als	_	_	_	
3-25	1071-1073	in	_	_	_	
3-26	1074-1079	sijne	_	_	_	
3-27	1080-1092	nakomelingen	_	_	_	
3-28	1093-1100	vervult	_	_	_	
3-29	1101-1106	soude	_	_	_	
3-30	1107-1113	worden	_	_	_	
3-31	1113-1114	.	_	_	_	

#Text=Niet te min zijn de geestelicke weldaden daer door afgebeeldet, hem met alle ware geloovige gemeyn geweest.
4-1	1115-1119	Niet	_	_	_	
4-2	1120-1122	te	_	_	_	
4-3	1123-1126	min	_	_	_	
4-4	1127-1131	zijn	_	_	_	
4-5	1132-1134	de	_	_	_	
4-6	1135-1146	geestelicke	_	_	_	
4-7	1147-1155	weldaden	_	_	_	
4-8	1156-1160	daer	_	_	_	
4-9	1161-1165	door	_	_	_	
4-10	1166-1177	afgebeeldet	_	_	_	
4-11	1177-1178	,	_	_	_	
4-12	1179-1182	hem	_	_	_	
4-13	1183-1186	met	_	_	_	
4-14	1187-1191	alle	_	_	_	
4-15	1192-1196	ware	_	_	_	
4-16	1197-1206	geloovige	_	_	_	
4-17	1207-1213	gemeyn	_	_	_	
4-18	1214-1221	geweest	_	_	_	
4-19	1221-1222	.	_	_	_	
