#FORMAT=WebAnno TSV 3.3


#Text=derunt huic odori, virosum, fub quo grauem obtusum et nauseo.
#Text=fum
#Text=
#Text=
#Text=
#Text=
#Text=
#Text=-fum fubintelligunt.
1-1	2-8	derunt	
1-2	9-13	huic	
1-3	14-19	odori	
1-4	19-20	,	
1-5	21-28	virosum	
1-6	28-29	,	
1-7	30-33	fub	
1-8	34-37	quo	
1-9	38-44	grauem	
1-10	45-52	obtusum	
1-11	53-55	et	
1-12	56-62	nauseo	
1-13	62-63	.	
1-14	64-67	fum	
1-15	73-74	-	
1-16	74-77	fum	
1-17	78-92	fubintelligunt	
1-18	92-93	.	

#Text=Haec nomina ab ipfo fenfu et mentis percetione tracta sunt, vti ego multoties sensi.
2-1	94-98	Haec	
2-2	99-105	nomina	
2-3	106-108	ab	
2-4	109-113	ipfo	
2-5	114-119	fenfu	
2-6	120-122	et	
2-7	123-129	mentis	
2-8	130-140	percetione	
2-9	141-147	tracta	
2-10	148-152	sunt	
2-11	152-153	,	
2-12	154-157	vti	
2-13	158-161	ego	
2-14	162-171	multoties	
2-15	172-177	sensi	
2-16	177-178	.	

#Text=Grauitas femper molesti quid fignificat, quod a viribus difficilius fuperatur.
3-1	179-187	Grauitas	
3-2	188-194	femper	
3-3	195-202	molesti	
3-4	203-207	quid	
3-5	208-218	fignificat	
3-6	218-219	,	
3-7	220-224	quod	
3-8	225-226	a	
3-9	227-234	viribus	
3-10	235-246	difficilius	
3-11	247-256	fuperatur	
3-12	256-257	.	

#Text=Nunc fi hanc notionem neruis olfactoriis applicamus, quid ipfis molestum esse poteft ?
4-1	258-262	Nunc	
4-2	263-265	fi	
4-3	266-270	hanc	
4-4	271-279	notionem	
4-5	280-286	neruis	
4-6	287-298	olfactoriis	
4-7	299-309	applicamus	
4-8	309-310	,	
4-9	311-315	quid	
4-10	316-321	ipfis	
4-11	322-330	molestum	
4-12	331-335	esse	
4-13	336-342	poteft	
4-14	343-344	?	

#Text=fine dubio mixtio ipfis inimica i. e. vifcofum illud volatile redditum, quod ftatim aliquam partem ipfius fluidi neruei, quod repraefentare animo hanc mixtionem debet, abfumit et perdit.
5-1	345-349	fine	
5-2	350-355	dubio	
5-3	356-362	mixtio	
5-4	363-368	ipfis	
5-5	369-376	inimica	
5-6	377-378	i	
5-7	378-379	.	
5-8	380-381	e	
5-9	381-382	.	
5-10	383-391	vifcofum	
5-11	392-397	illud	
5-12	398-406	volatile	
5-13	407-415	redditum	
5-14	415-416	,	
5-15	417-421	quod	
5-16	422-428	ftatim	
5-17	429-436	aliquam	
5-18	437-443	partem	
5-19	444-450	ipfius	
5-20	451-457	fluidi	
5-21	458-464	neruei	
5-22	464-465	,	
5-23	466-470	quod	
5-24	471-484	repraefentare	
5-25	485-490	animo	
5-26	491-495	hanc	
5-27	496-505	mixtionem	
5-28	506-511	debet	
5-29	511-512	,	
5-30	513-520	abfumit	
5-31	521-523	et	
5-32	524-530	perdit	
5-33	530-531	.	

#Text=Propter idem vero periculum, quod animus praeuidet, nauseofus eft: obtufus vero ideo, quia inflammabile principium non euolutum sed inuolutum eft.
6-1	532-539	Propter	
6-2	540-544	idem	
6-3	545-549	vero	
6-4	550-559	periculum	
6-5	559-560	,	
6-6	561-565	quod	
6-7	566-572	animus	
6-8	573-582	praeuidet	
6-9	582-583	,	
6-10	584-593	nauseofus	
6-11	594-597	eft	
6-12	597-598	:	
6-13	599-606	obtufus	
6-14	607-611	vero	
6-15	612-616	ideo	
6-16	616-617	,	
6-17	618-622	quia	
6-18	623-635	inflammabile	
6-19	636-646	principium	
6-20	647-650	non	
6-21	651-659	euolutum	
6-22	660-663	sed	
6-23	664-673	inuolutum	
6-24	674-677	eft	
6-25	677-678	.	

#Text=Ex his E. apparet, quod narcotica vis non ab acri aliquo principio, quod in aromaticis, salinis diuerfis mixtionibus latet, pendeat, fed potius a viscofo quodam principio, cuius origo terra antacida per paucum fal et aquam solubilis reddita est, -cuique tantum infl.
#Text=pr.
#Text=acoeffit, quantum ad diuidendam ipfam iftam terram et volatilem reddendam fufficit.
7-1	679-681	Ex	
7-2	682-685	his	
7-3	686-687	E	
7-4	687-688	.	
7-5	689-696	apparet	
7-6	696-697	,	
7-7	698-702	quod	
7-8	703-712	narcotica	
7-9	713-716	vis	
7-10	717-720	non	
7-11	721-723	ab	
7-12	724-728	acri	
7-13	729-735	aliquo	
7-14	736-745	principio	
7-15	745-746	,	
7-16	747-751	quod	
7-17	752-754	in	
7-18	755-765	aromaticis	
7-19	765-766	,	
7-20	767-774	salinis	
7-21	775-783	diuerfis	
7-22	784-795	mixtionibus	
7-23	796-801	latet	
7-24	801-802	,	
7-25	803-810	pendeat	
7-26	810-811	,	
7-27	812-815	fed	
7-28	816-822	potius	
7-29	823-824	a	
7-30	825-832	viscofo	
7-31	833-839	quodam	
7-32	840-849	principio	
7-33	849-850	,	
7-34	851-856	cuius	
7-35	857-862	origo	
7-36	863-868	terra	
7-37	869-877	antacida	
7-38	878-881	per	
7-39	882-888	paucum	
7-40	889-892	fal	
7-41	893-895	et	
7-42	896-901	aquam	
7-43	902-911	solubilis	
7-44	912-919	reddita	
7-45	920-923	est	
7-46	923-924	,	
7-47	925-926	-	
7-48	926-932	cuique	
7-49	933-939	tantum	
7-50	940-944	infl	
7-51	944-945	.	
7-52	946-948	pr	
7-53	948-949	.	
7-54	950-958	acoeffit	
7-55	958-959	,	
7-56	960-967	quantum	
7-57	968-970	ad	
7-58	971-981	diuidendam	
7-59	982-987	ipfam	
7-60	988-993	iftam	
7-61	994-1000	terram	
7-62	1001-1003	et	
7-63	1004-1013	volatilem	
7-64	1014-1023	reddendam	
7-65	1024-1032	fufficit	
7-66	1032-1033	.	

#Text=Ignescens vero principium non euolutum fed a viscoso ipfo inuolutum eft, vnde non acris, fed viscolus potius, subtilis, grauis et obtusus odor o. ritur.
8-1	1034-1043	Ignescens	
8-2	1044-1048	vero	
8-3	1049-1059	principium	
8-4	1060-1063	non	
8-5	1064-1072	euolutum	
8-6	1073-1076	fed	
8-7	1077-1078	a	
8-8	1079-1086	viscoso	
8-9	1087-1091	ipfo	
8-10	1092-1101	inuolutum	
8-11	1102-1105	eft	
8-12	1105-1106	,	
8-13	1107-1111	vnde	
8-14	1112-1115	non	
8-15	1116-1121	acris	
8-16	1121-1122	,	
8-17	1123-1126	fed	
8-18	1127-1135	viscolus	
8-19	1136-1142	potius	
8-20	1142-1143	,	
8-21	1144-1152	subtilis	
8-22	1152-1153	,	
8-23	1154-1160	grauis	
8-24	1161-1163	et	
8-25	1164-1171	obtusus	
8-26	1172-1176	odor	
8-27	1177-1178	o	
8-28	1178-1179	.	
8-29	1180-1185	ritur	
8-30	1185-1186	.	

#Text=Et haec eft illa mixtio, quam plures, quo faltim nomen haberent, sulphur narcoticum nominarunt ipfa analyfi chemica ita docente yti fuperius dixi S.
9-1	1187-1189	Et	
9-2	1190-1194	haec	
9-3	1195-1198	eft	
9-4	1199-1203	illa	
9-5	1204-1210	mixtio	
9-6	1210-1211	,	
9-7	1212-1216	quam	
9-8	1217-1223	plures	
9-9	1223-1224	,	
9-10	1225-1228	quo	
9-11	1229-1235	faltim	
9-12	1236-1241	nomen	
9-13	1242-1250	haberent	
9-14	1250-1251	,	
9-15	1252-1259	sulphur	
9-16	1260-1270	narcoticum	
9-17	1271-1281	nominarunt	
9-18	1282-1286	ipfa	
9-19	1287-1294	analyfi	
9-20	1295-1302	chemica	
9-21	1303-1306	ita	
9-22	1307-1314	docente	
9-23	1315-1318	yti	
9-24	1319-1327	fuperius	
9-25	1328-1332	dixi	
9-26	1333-1334	S	
9-27	1334-1335	.	

#Text=IIL
#Text=
#Text=
#Text=
#Text=S.
10-1	1336-1339	IIL	
10-2	1343-1344	S	
10-3	1344-1345	.	

#Text=VIT.
11-1	1346-1349	VIT	
11-2	1349-1350	.	

#Text=Et haec quidem fumma odorum genera funt: dari vero mix tos odores aeque ac sapores, non dubium eft, quos quilibet acuto satis odoratus fenfu praeditus discernere potest, et ad.
#Text=quodnam genus magis pertineat, diiudicare.
12-1	1351-1353	Et	
12-2	1354-1358	haec	
12-3	1359-1365	quidem	
12-4	1366-1371	fumma	
12-5	1372-1378	odorum	
12-6	1379-1385	genera	
12-7	1386-1390	funt	
12-8	1390-1391	:	
12-9	1392-1396	dari	
12-10	1397-1401	vero	
12-11	1402-1405	mix	
12-12	1406-1409	tos	
12-13	1410-1416	odores	
12-14	1417-1422	aeque	
12-15	1423-1425	ac	
12-16	1426-1433	sapores	
12-17	1433-1434	,	
12-18	1435-1438	non	
12-19	1439-1445	dubium	
12-20	1446-1449	eft	
12-21	1449-1450	,	
12-22	1451-1455	quos	
12-23	1456-1464	quilibet	
12-24	1465-1470	acuto	
12-25	1471-1476	satis	
12-26	1477-1485	odoratus	
12-27	1486-1491	fenfu	
12-28	1492-1501	praeditus	
12-29	1502-1512	discernere	
12-30	1513-1519	potest	
12-31	1519-1520	,	
12-32	1521-1523	et	
12-33	1524-1526	ad	
12-34	1526-1527	.	
12-35	1528-1535	quodnam	
12-36	1536-1541	genus	
12-37	1542-1547	magis	
12-38	1548-1557	pertineat	
12-39	1557-1558	,	
12-40	1559-1569	diiudicare	
12-41	1569-1570	.	

#Text=Nunc quid fingula odorum genera intus in corpore efficere poffint, exponere annitar.
13-1	1571-1575	Nunc	
13-2	1576-1580	quid	
13-3	1581-1588	fingula	
13-4	1589-1595	odorum	
13-5	1596-1602	genera	
13-6	1603-1608	intus	
13-7	1609-1611	in	
13-8	1612-1619	corpore	
13-9	1620-1628	efficere	
13-10	1629-1636	poffint	
13-11	1636-1637	,	
13-12	1638-1646	exponere	
13-13	1647-1654	annitar	
13-14	1654-1655	.	

#Text=Et quidem in plurimis praeter camphoram fola odoris vis nec cogitari nec haberi potest.
14-1	1656-1658	Et	
14-2	1659-1665	quidem	
14-3	1666-1668	in	
14-4	1669-1677	plurimis	
14-5	1678-1685	praeter	
14-6	1686-1695	camphoram	
14-7	1696-1700	fola	
14-8	1701-1707	odoris	
14-9	1708-1711	vis	
14-10	1712-1715	nec	
14-11	1716-1724	cogitari	
14-12	1725-1728	nec	
14-13	1729-1735	haberi	
14-14	1736-1742	potest	
14-15	1742-1743	.	

#Text=Nam odor femper euanefcit, nisi domicilium habeat.
15-1	1744-1747	Nam	
15-2	1748-1752	odor	
15-3	1753-1759	femper	
15-4	1760-1769	euanefcit	
15-5	1769-1770	,	
15-6	1771-1775	nisi	
15-7	1776-1786	domicilium	
15-8	1787-1793	habeat	
15-9	1793-1794	.	

#Text=Siue E. odor cum integra fua materia adhuc coniunétas fit , fiue in aquam destillatam tranfierit, fiue cum oleo effentiali feparatus fit, femper cum his craffioribus partibus fimul agit.
16-1	1795-1799	Siue	
16-2	1800-1801	E	
16-3	1801-1802	.	
16-4	1803-1807	odor	
16-5	1808-1811	cum	
16-6	1812-1819	integra	
16-7	1820-1823	fua	
16-8	1824-1831	materia	
16-9	1832-1837	adhuc	
16-10	1838-1848	coniunétas	
16-11	1849-1852	fit	
16-12	1853-1854	,	
16-13	1855-1859	fiue	
16-14	1860-1862	in	
16-15	1863-1868	aquam	
16-16	1869-1880	destillatam	
16-17	1881-1891	tranfierit	
16-18	1891-1892	,	
16-19	1893-1897	fiue	
16-20	1898-1901	cum	
16-21	1902-1906	oleo	
16-22	1907-1917	effentiali	
16-23	1918-1927	feparatus	
16-24	1928-1931	fit	
16-25	1931-1932	,	
16-26	1933-1939	femper	
16-27	1940-1943	cum	
16-28	1944-1947	his	
16-29	1948-1960	craffioribus	
16-30	1961-1969	partibus	
16-31	1970-1975	fimul	
16-32	1976-1980	agit	
16-33	1980-1981	.	

#Text=Id vero etiam perpetuum eft, quod odoriferum vbicunque lateat, fi in corpus introuenerit, prius agat.
17-1	1982-1984	Id	
17-2	1985-1989	vero	
17-3	1990-1995	etiam	
17-4	1996-2005	perpetuum	
17-5	2006-2009	eft	
17-6	2009-2010	,	
17-7	2011-2015	quod	
17-8	2016-2026	odoriferum	
17-9	2027-2036	vbicunque	
17-10	2037-2043	lateat	
17-11	2043-2044	,	
17-12	2045-2047	fi	
17-13	2048-2050	in	
17-14	2051-2057	corpus	
17-15	2058-2070	introuenerit	
17-16	2070-2071	,	
17-17	2072-2077	prius	
17-18	2078-2082	agat	
17-19	2082-2083	.	

#Text=Hinc quidam odorem plantarum fpiritum rectorem dixerunt, quia quafi regit aliarum partium fimul
#Text=
#Text=af
#Text=
#Text=
#Text=
#Text=C 2
#Text=
#Text=
#Text=
#Text=
#Text=
#Text=affumtarum actionem i, e. qnia reliquae partes cum odorato con: iunctae, id ipsum fequantur in agendo : quod vero, non contingit, nifi in illis, quae admixtae funt: nam quae aggregatae sunt partes, praecipue fi concentratae sunt, fuum nisum fequuntur.
18-1	2084-2088	Hinc	
18-2	2089-2095	quidam	
18-3	2096-2102	odorem	
18-4	2103-2112	plantarum	
18-5	2113-2121	fpiritum	
18-6	2122-2130	rectorem	
18-7	2131-2139	dixerunt	
18-8	2139-2140	,	
18-9	2141-2145	quia	
18-10	2146-2151	quafi	
18-11	2152-2157	regit	
18-12	2158-2165	aliarum	
18-13	2166-2173	partium	
18-14	2174-2179	fimul	
18-15	2181-2183	af	
18-16	2187-2188	C	
18-17	2189-2190	2	
18-18	2196-2206	affumtarum	
18-19	2207-2215	actionem	
18-20	2216-2217	i	
18-21	2217-2218	,	
18-22	2219-2220	e	
18-23	2220-2221	.	
18-24	2222-2226	qnia	
18-25	2227-2235	reliquae	
18-26	2236-2242	partes	
18-27	2243-2246	cum	
18-28	2247-2254	odorato	
18-29	2255-2258	con	
18-30	2258-2259	:	
18-31	2260-2267	iunctae	
18-32	2267-2268	,	
18-33	2269-2271	id	
18-34	2272-2277	ipsum	
18-35	2278-2287	fequantur	
18-36	2288-2290	in	
18-37	2291-2297	agendo	
18-38	2298-2299	:	
18-39	2300-2304	quod	
18-40	2305-2309	vero	
18-41	2309-2310	,	
18-42	2311-2314	non	
18-43	2315-2324	contingit	
18-44	2324-2325	,	
18-45	2326-2330	nifi	
18-46	2331-2333	in	
18-47	2334-2339	illis	
18-48	2339-2340	,	
18-49	2341-2345	quae	
18-50	2346-2354	admixtae	
18-51	2355-2359	funt	
18-52	2359-2360	:	
18-53	2361-2364	nam	
18-54	2365-2369	quae	
18-55	2370-2380	aggregatae	
18-56	2381-2385	sunt	
18-57	2386-2392	partes	
18-58	2392-2393	,	
18-59	2394-2403	praecipue	
18-60	2404-2406	fi	
18-61	2407-2419	concentratae	
18-62	2420-2424	sunt	
18-63	2424-2425	,	
18-64	2426-2430	fuum	
18-65	2431-2436	nisum	
18-66	2437-2446	fequuntur	
18-67	2446-2447	.	
