#FORMAT=WebAnno TSV 3.3
#T_SP=custom.Span|label
#T_RL=custom.Relation|label|BT_custom.Span


#Text=Naͤgleinnuß,
#Text=Nuß von
#Text=Madagaſcar.
1-1	2-13	Naͤgleinnuß	_	_	_	
1-2	13-14	,	_	_	_	
1-3	15-18	Nuß	_	_	_	
1-4	19-22	von	_	_	_	
1-5	23-33	Madagaſcar	_	_	_	
1-6	33-34	.	_	_	_	

#Text=Cravo de
#Text=Marenhan.
2-1	36-41	Cravo	_	_	_	
2-2	42-44	de	_	_	_	
2-3	45-53	Marenhan	_	_	_	
2-4	53-54	.	_	_	_	

#Text=Das Naͤgleinholtz, oder vielmehr
#Text=die Naͤgleinrinde/ weil ſie wie Naͤglein
#Text=ſchmeckt und riecht, iſt ietziger Zeit ſo ſehr
#Text=im Brauch, daß wenig Tabuletkraͤmer
#Text=ſind, die ſie nicht, klein zerſtoſſen, fuͤr ge-
#Text=
#Text=ſtoſſene Naͤglein verkauffen ſolten, und
#Text=dahero rechtſchaffenen Handelsleuten
#Text=
#Text=groſſen Schaden thun, weil die geſtoſſe-
#Text=nen Naͤglein wohl vier bis fuͤnffmahl
#Text=ſo
#Text=
#Text=theuer ſind, als dieſe Rinde.
3-1	56-59	Das	_	_	_	
3-2	60-73	Naͤgleinholtz	_	_	_	
3-3	73-74	,	_	_	_	
3-4	75-79	oder	_	_	_	
3-5	80-88	vielmehr	_	_	_	
3-6	89-92	die	_	_	_	
3-7	93-106	Naͤgleinrinde	Smell\_Source	_	_	
3-8	106-107	/	_	_	_	
3-9	108-112	weil	_	_	_	
3-10	113-116	ſie	_	_	_	
3-11	117-120	wie	Effect[1]	_	_	
3-12	121-129	Naͤglein	Effect[1]	_	_	
3-13	130-138	ſchmeckt	_	_	_	
3-14	139-142	und	_	_	_	
3-15	143-149	riecht	Smell\_Word	*|*	3-11[1_0]|3-7	
3-16	149-150	,	_	_	_	
3-17	151-154	iſt	_	_	_	
3-18	155-163	ietziger	_	_	_	
3-19	164-168	Zeit	_	_	_	
3-20	169-171	ſo	_	_	_	
3-21	172-176	ſehr	_	_	_	
3-22	177-179	im	_	_	_	
3-23	180-186	Brauch	_	_	_	
3-24	186-187	,	_	_	_	
3-25	188-191	daß	_	_	_	
3-26	192-197	wenig	_	_	_	
3-27	198-212	Tabuletkraͤmer	_	_	_	
3-28	213-217	ſind	_	_	_	
3-29	217-218	,	_	_	_	
3-30	219-222	die	_	_	_	
3-31	223-226	ſie	_	_	_	
3-32	227-232	nicht	_	_	_	
3-33	232-233	,	_	_	_	
3-34	234-239	klein	_	_	_	
3-35	240-250	zerſtoſſen	_	_	_	
3-36	250-251	,	_	_	_	
3-37	252-256	fuͤr	_	_	_	
3-38	257-259	ge	_	_	_	
3-39	259-260	-	_	_	_	
3-40	262-270	ſtoſſene	_	_	_	
3-41	271-279	Naͤglein	_	_	_	
3-42	280-290	verkauffen	_	_	_	
3-43	291-297	ſolten	_	_	_	
3-44	297-298	,	_	_	_	
3-45	299-302	und	_	_	_	
3-46	303-309	dahero	_	_	_	
3-47	310-325	rechtſchaffenen	_	_	_	
3-48	326-339	Handelsleuten	_	_	_	
3-49	341-348	groſſen	_	_	_	
3-50	349-356	Schaden	_	_	_	
3-51	357-361	thun	_	_	_	
3-52	361-362	,	_	_	_	
3-53	363-367	weil	_	_	_	
3-54	368-371	die	_	_	_	
3-55	372-380	geſtoſſe	_	_	_	
3-56	380-381	-	_	_	_	
3-57	382-385	nen	_	_	_	
3-58	386-394	Naͤglein	_	_	_	
3-59	395-399	wohl	_	_	_	
3-60	400-404	vier	_	_	_	
3-61	405-408	bis	_	_	_	
3-62	409-419	fuͤnffmahl	_	_	_	
3-63	420-422	ſo	_	_	_	
3-64	424-430	theuer	_	_	_	
3-65	431-435	ſind	_	_	_	
3-66	435-436	,	_	_	_	
3-67	437-440	als	_	_	_	
3-68	441-446	dieſe	_	_	_	
3-69	447-452	Rinde	_	_	_	
3-70	452-453	.	_	_	_	

#Text=Sie ver-
#Text=kauffen dieſelbe auch gantz an die Buͤr-
#Text=ger und Paſtetenbecker, und bereden ſie,
#Text=es ſey die Rinde des Naͤgleinholtzes, wel-
#Text=ches doch die Unwahrheit, ſintemahl die
#Text=Naͤglein nirgend anders woher, als aus
#Text=der Jnſul Ternate kommen, dieſe Rin-
#Text=de aber kommt aus Braſilien, und der
#Text=Jnſul S.
4-1	454-457	Sie	_	_	_	
4-2	458-461	ver	_	_	_	
4-3	461-462	-	_	_	_	
4-4	463-470	kauffen	_	_	_	
4-5	471-479	dieſelbe	_	_	_	
4-6	480-484	auch	_	_	_	
4-7	485-490	gantz	_	_	_	
4-8	491-493	an	_	_	_	
4-9	494-497	die	_	_	_	
4-10	498-502	Buͤr	_	_	_	
4-11	502-503	-	_	_	_	
4-12	504-507	ger	_	_	_	
4-13	508-511	und	_	_	_	
4-14	512-526	Paſtetenbecker	_	_	_	
4-15	526-527	,	_	_	_	
4-16	528-531	und	_	_	_	
4-17	532-539	bereden	_	_	_	
4-18	540-543	ſie	_	_	_	
4-19	543-544	,	_	_	_	
4-20	545-547	es	_	_	_	
4-21	548-551	ſey	_	_	_	
4-22	552-555	die	_	_	_	
4-23	556-561	Rinde	_	_	_	
4-24	562-565	des	_	_	_	
4-25	566-581	Naͤgleinholtzes	_	_	_	
4-26	581-582	,	_	_	_	
4-27	583-586	wel	_	_	_	
4-28	586-587	-	_	_	_	
4-29	588-592	ches	_	_	_	
4-30	593-597	doch	_	_	_	
4-31	598-601	die	_	_	_	
4-32	602-612	Unwahrheit	_	_	_	
4-33	612-613	,	_	_	_	
4-34	614-623	ſintemahl	_	_	_	
4-35	624-627	die	_	_	_	
4-36	628-636	Naͤglein	_	_	_	
4-37	637-644	nirgend	_	_	_	
4-38	645-651	anders	_	_	_	
4-39	652-657	woher	_	_	_	
4-40	657-658	,	_	_	_	
4-41	659-662	als	_	_	_	
4-42	663-666	aus	_	_	_	
4-43	667-670	der	_	_	_	
4-44	671-676	Jnſul	_	_	_	
4-45	677-684	Ternate	_	_	_	
4-46	685-691	kommen	_	_	_	
4-47	691-692	,	_	_	_	
4-48	693-698	dieſe	_	_	_	
4-49	699-702	Rin	_	_	_	
4-50	702-703	-	_	_	_	
4-51	704-706	de	_	_	_	
4-52	707-711	aber	_	_	_	
4-53	712-717	kommt	_	_	_	
4-54	718-721	aus	_	_	_	
4-55	722-731	Braſilien	_	_	_	
4-56	731-732	,	_	_	_	
4-57	733-736	und	_	_	_	
4-58	737-740	der	_	_	_	
4-59	741-746	Jnſul	_	_	_	
4-60	747-748	S	_	_	_	
4-61	748-749	.	_	_	_	

#Text=Laurentius oder Mada-
#Text=gaſcar.
5-1	750-760	Laurentius	_	_	_	
5-2	761-765	oder	_	_	_	
5-3	766-770	Mada	_	_	_	
5-4	770-771	-	_	_	_	
5-5	772-778	gaſcar	_	_	_	
5-6	778-779	.	_	_	_	

#Text=Weil nun dieſe Rinde ſo vielfaͤltig ge-
#Text=brauchet wird, deswegen will ich ſagen,
#Text=man ſolle diejenige erwehlen, welche von
#Text=der erſten Schale, die insgemein grau
#Text=und hoͤckricht iſt, geſaubert worden, tan-
#Text=netfarben ſiehet, ſehr zarte iſt, und einen
#Text=
#Text=beiſſenden, ſcharffen aromatiſchen Ge-
#Text=ſchmack hat: mit einem Worte, die dem
#Text=Geſchmack der Naͤglein, ſo viel nur im-
#Text=mer moͤglich, beykomme.
6-1	783-787	Weil	_	_	_	
6-2	788-791	nun	_	_	_	
6-3	792-797	dieſe	_	_	_	
6-4	798-803	Rinde	_	_	_	
6-5	804-806	ſo	_	_	_	
6-6	807-818	vielfaͤltig	_	_	_	
6-7	819-821	ge	_	_	_	
6-8	821-822	-	_	_	_	
6-9	823-831	brauchet	_	_	_	
6-10	832-836	wird	_	_	_	
6-11	836-837	,	_	_	_	
6-12	838-846	deswegen	_	_	_	
6-13	847-851	will	_	_	_	
6-14	852-855	ich	_	_	_	
6-15	856-861	ſagen	_	_	_	
6-16	861-862	,	_	_	_	
6-17	863-866	man	_	_	_	
6-18	867-872	ſolle	_	_	_	
6-19	873-882	diejenige	_	_	_	
6-20	883-891	erwehlen	_	_	_	
6-21	891-892	,	_	_	_	
6-22	893-899	welche	_	_	_	
6-23	900-903	von	_	_	_	
6-24	904-907	der	_	_	_	
6-25	908-914	erſten	_	_	_	
6-26	915-921	Schale	_	_	_	
6-27	921-922	,	_	_	_	
6-28	923-926	die	_	_	_	
6-29	927-936	insgemein	_	_	_	
6-30	937-941	grau	_	_	_	
6-31	942-945	und	_	_	_	
6-32	946-956	hoͤckricht	_	_	_	
6-33	957-960	iſt	_	_	_	
6-34	960-961	,	_	_	_	
6-35	962-971	geſaubert	_	_	_	
6-36	972-978	worden	_	_	_	
6-37	978-979	,	_	_	_	
6-38	980-983	tan	_	_	_	
6-39	983-984	-	_	_	_	
6-40	985-994	netfarben	_	_	_	
6-41	995-1001	ſiehet	_	_	_	
6-42	1001-1002	,	_	_	_	
6-43	1003-1007	ſehr	_	_	_	
6-44	1008-1013	zarte	_	_	_	
6-45	1014-1017	iſt	_	_	_	
6-46	1017-1018	,	_	_	_	
6-47	1019-1022	und	_	_	_	
6-48	1023-1028	einen	_	_	_	
6-49	1030-1040	beiſſenden	_	_	_	
6-50	1040-1041	,	_	_	_	
6-51	1042-1051	ſcharffen	_	_	_	
6-52	1052-1064	aromatiſchen	_	_	_	
6-53	1065-1067	Ge	_	_	_	
6-54	1067-1068	-	_	_	_	
6-55	1069-1076	ſchmack	_	_	_	
6-56	1077-1080	hat	_	_	_	
6-57	1080-1081	:	_	_	_	
6-58	1082-1085	mit	_	_	_	
6-59	1086-1091	einem	_	_	_	
6-60	1092-1097	Worte	_	_	_	
6-61	1097-1098	,	_	_	_	
6-62	1099-1102	die	_	_	_	
6-63	1103-1106	dem	_	_	_	
6-64	1107-1116	Geſchmack	_	_	_	
6-65	1117-1120	der	_	_	_	
6-66	1121-1129	Naͤglein	_	_	_	
6-67	1129-1130	,	_	_	_	
6-68	1131-1133	ſo	_	_	_	
6-69	1134-1138	viel	_	_	_	
6-70	1139-1142	nur	_	_	_	
6-71	1143-1145	im	_	_	_	
6-72	1145-1146	-	_	_	_	
6-73	1147-1150	mer	_	_	_	
6-74	1151-1159	moͤglich	_	_	_	
6-75	1159-1160	,	_	_	_	
6-76	1161-1169	beykomme	_	_	_	
6-77	1169-1170	.	_	_	_	

#Text=Auch mag
#Text=man Achtung geben, daß ſie nicht mo-
#Text=dricht rieche, oder die Buͤndel mit dicken
#Text=Rinden, welche weder Geſchmack noch
#Text=Geruch haben, verfaͤlſchet ſeyen, welches
#Text=ſich gar ofte zutraͤgt.
7-1	1171-1175	Auch	_	_	_	
7-2	1176-1179	mag	_	_	_	
7-3	1180-1183	man	_	_	_	
7-4	1184-1191	Achtung	_	_	_	
7-5	1192-1197	geben	_	_	_	
7-6	1197-1198	,	_	_	_	
7-7	1199-1202	daß	_	_	_	
7-8	1203-1206	ſie	Smell\_Source	_	_	
7-9	1207-1212	nicht	Quality	_	_	
7-10	1213-1215	mo	Quality[2]	*	7-9[0_2]	
7-11	1215-1216	-	Quality[2]	_	_	
7-12	1217-1223	dricht	Quality[2]	_	_	
7-13	1224-1230	rieche	Smell\_Word	*|*	7-10[2_0]|7-8	
7-14	1230-1231	,	_	_	_	
7-15	1232-1236	oder	_	_	_	
7-16	1237-1240	die	_	_	_	
7-17	1241-1248	Buͤndel	_	_	_	
7-18	1249-1252	mit	_	_	_	
7-19	1253-1259	dicken	Smell\_Source[3]	_	_	
7-20	1260-1266	Rinden	Smell\_Source[3]	_	_	
7-21	1266-1267	,	_	_	_	
7-22	1268-1274	welche	_	_	_	
7-23	1275-1280	weder	_	_	_	
7-24	1281-1290	Geſchmack	_	_	_	
7-25	1291-1295	noch	Quality	_	_	
7-26	1296-1302	Geruch	Smell\_Word	*|*	7-25|7-19[3_0]	
7-27	1303-1308	haben	_	_	_	
7-28	1308-1309	,	_	_	_	
7-29	1310-1322	verfaͤlſchet	_	_	_	
7-30	1323-1328	ſeyen	_	_	_	
7-31	1328-1329	,	_	_	_	
7-32	1330-1337	welches	_	_	_	
7-33	1338-1342	ſich	_	_	_	
7-34	1343-1346	gar	_	_	_	
7-35	1347-1351	ofte	_	_	_	
7-36	1352-1360	zutraͤgt	_	_	_	
7-37	1360-1361	.	_	_	_	

#Text=Dieſe
#Text=Rinde wird gar nicht zur Artz-
#Text=ney gebraucht, es muͤſte denn von ſol-
#Text=chen Leuten geſchehen, die eine Tinctur
#Text=mit Brantwein oder Weinſpiritus dar-
#Text=aus ziehen, und dieſelbe ungeſcheut un-
#Text=ter dem Titel Naͤgleintinctur oder
#Text=Eſſentz verkauffen.
8-1	1365-1370	Dieſe	_	_	_	
8-2	1371-1376	Rinde	_	_	_	
8-3	1377-1381	wird	_	_	_	
8-4	1382-1385	gar	_	_	_	
8-5	1386-1391	nicht	_	_	_	
8-6	1392-1395	zur	_	_	_	
8-7	1396-1400	Artz	_	_	_	
8-8	1400-1401	-	_	_	_	
8-9	1402-1405	ney	_	_	_	
8-10	1406-1415	gebraucht	_	_	_	
8-11	1415-1416	,	_	_	_	
8-12	1417-1419	es	_	_	_	
8-13	1420-1426	muͤſte	_	_	_	
8-14	1427-1431	denn	_	_	_	
8-15	1432-1435	von	_	_	_	
8-16	1436-1439	ſol	_	_	_	
8-17	1439-1440	-	_	_	_	
8-18	1441-1445	chen	_	_	_	
8-19	1446-1452	Leuten	_	_	_	
8-20	1453-1462	geſchehen	_	_	_	
8-21	1462-1463	,	_	_	_	
8-22	1464-1467	die	_	_	_	
8-23	1468-1472	eine	_	_	_	
8-24	1473-1480	Tinctur	_	_	_	
8-25	1481-1484	mit	_	_	_	
8-26	1485-1494	Brantwein	_	_	_	
8-27	1495-1499	oder	_	_	_	
8-28	1500-1512	Weinſpiritus	_	_	_	
8-29	1513-1516	dar	_	_	_	
8-30	1516-1517	-	_	_	_	
8-31	1518-1521	aus	_	_	_	
8-32	1522-1528	ziehen	_	_	_	
8-33	1528-1529	,	_	_	_	
8-34	1530-1533	und	_	_	_	
8-35	1534-1542	dieſelbe	_	_	_	
8-36	1543-1553	ungeſcheut	_	_	_	
8-37	1554-1556	un	_	_	_	
8-38	1556-1557	-	_	_	_	
8-39	1558-1561	ter	_	_	_	
8-40	1562-1565	dem	_	_	_	
8-41	1566-1571	Titel	_	_	_	
8-42	1572-1587	Naͤgleintinctur	_	_	_	
8-43	1588-1592	oder	_	_	_	
8-44	1593-1600	Eſſentz	_	_	_	
8-45	1601-1611	verkauffen	_	_	_	
8-46	1611-1612	.	_	_	_	

#Text=Die Zuckerbecker
#Text=
#Text=nehmen ſie an ſtatt der Naͤglein, und
#Text=machen davon ihre alſo genañten uͤber-
#Text=
#Text=zogenen Naͤglein.
9-1	1613-1616	Die	_	_	_	
9-2	1617-1629	Zuckerbecker	_	_	_	
9-3	1631-1637	nehmen	_	_	_	
9-4	1638-1641	ſie	_	_	_	
9-5	1642-1644	an	_	_	_	
9-6	1645-1650	ſtatt	_	_	_	
9-7	1651-1654	der	_	_	_	
9-8	1655-1663	Naͤglein	_	_	_	
9-9	1663-1664	,	_	_	_	
9-10	1665-1668	und	_	_	_	
9-11	1669-1675	machen	_	_	_	
9-12	1676-1681	davon	_	_	_	
9-13	1682-1686	ihre	_	_	_	
9-14	1687-1691	alſo	_	_	_	
9-15	1692-1701	genañten	_	_	_	
9-16	1702-1707	uͤber	_	_	_	
9-17	1707-1708	-	_	_	_	
9-18	1710-1717	zogenen	_	_	_	
9-19	1718-1726	Naͤglein	_	_	_	
9-20	1726-1727	.	_	_	_	

#Text=Weil dieſe Wahre in kleinen Koͤrben,
#Text=die aus Rohr gemacht, und mit Blaͤt-
#Text=tern, welche gar angenehme anzuſehen,
#Text=umwickelt ſind, zu uns kommen, als ha-
#Text=be fuͤr gut angeſehen, zu vermelden, daß
#Text=dieſe Blaͤtter dasjenige ſeyn, welche der
#Text=P.
10-1	1731-1735	Weil	_	_	_	
10-2	1736-1741	dieſe	_	_	_	
10-3	1742-1747	Wahre	_	_	_	
10-4	1748-1750	in	_	_	_	
10-5	1751-1758	kleinen	_	_	_	
10-6	1759-1766	Koͤrben	_	_	_	
10-7	1766-1767	,	_	_	_	
10-8	1768-1771	die	_	_	_	
10-9	1772-1775	aus	_	_	_	
10-10	1776-1780	Rohr	_	_	_	
10-11	1781-1788	gemacht	_	_	_	
10-12	1788-1789	,	_	_	_	
10-13	1790-1793	und	_	_	_	
10-14	1794-1797	mit	_	_	_	
10-15	1798-1803	Blaͤt	_	_	_	
10-16	1803-1804	-	_	_	_	
10-17	1805-1809	tern	_	_	_	
10-18	1809-1810	,	_	_	_	
10-19	1811-1817	welche	_	_	_	
10-20	1818-1821	gar	_	_	_	
10-21	1822-1831	angenehme	_	_	_	
10-22	1832-1841	anzuſehen	_	_	_	
10-23	1841-1842	,	_	_	_	
10-24	1843-1852	umwickelt	_	_	_	
10-25	1853-1857	ſind	_	_	_	
10-26	1857-1858	,	_	_	_	
10-27	1859-1861	zu	_	_	_	
10-28	1862-1865	uns	_	_	_	
10-29	1866-1872	kommen	_	_	_	
10-30	1872-1873	,	_	_	_	
10-31	1874-1877	als	_	_	_	
10-32	1878-1880	ha	_	_	_	
10-33	1880-1881	-	_	_	_	
10-34	1882-1884	be	_	_	_	
10-35	1885-1889	fuͤr	_	_	_	
10-36	1890-1893	gut	_	_	_	
10-37	1894-1903	angeſehen	_	_	_	
10-38	1903-1904	,	_	_	_	
10-39	1905-1907	zu	_	_	_	
10-40	1908-1917	vermelden	_	_	_	
10-41	1917-1918	,	_	_	_	
10-42	1919-1922	daß	_	_	_	
10-43	1923-1928	dieſe	_	_	_	
10-44	1929-1937	Blaͤtter	_	_	_	
10-45	1938-1947	dasjenige	_	_	_	
10-46	1948-1952	ſeyn	_	_	_	
10-47	1952-1953	,	_	_	_	
10-48	1954-1960	welche	_	_	_	
10-49	1961-1964	der	_	_	_	
10-50	1965-1966	P	_	_	_	
10-51	1966-1967	.	_	_	_	

#Text=Plumier Arum hederaceum foliis bi-
#Text=ſectis, rigidis, ſcutatis, d. i.
11-1	1968-1975	Plumier	_	_	_	
11-2	1976-1980	Arum	_	_	_	
11-3	1981-1991	hederaceum	_	_	_	
11-4	1992-1998	foliis	_	_	_	
11-5	1999-2001	bi	_	_	_	
11-6	2001-2002	-	_	_	_	
11-7	2003-2009	ſectis	_	_	_	
11-8	2009-2010	,	_	_	_	
11-9	2011-2018	rigidis	_	_	_	
11-10	2018-2019	,	_	_	_	
11-11	2020-2028	ſcutatis	_	_	_	
11-12	2028-2029	,	_	_	_	
11-13	2030-2031	d	_	_	_	
11-14	2031-2032	.	_	_	_	
11-15	2033-2034	i	_	_	_	
11-16	2034-2035	.	_	_	_	

#Text=Arum mit ſtar-
#Text=cken, gefaltenen und geſpaltenen Blaͤt-
#Text=tern nennet.
12-1	2036-2040	Arum	_	_	_	
12-2	2041-2044	mit	_	_	_	
12-3	2045-2049	ſtar	_	_	_	
12-4	2049-2050	-	_	_	_	
12-5	2051-2055	cken	_	_	_	
12-6	2055-2056	,	_	_	_	
12-7	2057-2067	gefaltenen	_	_	_	
12-8	2068-2071	und	_	_	_	
12-9	2072-2083	geſpaltenen	_	_	_	
12-10	2084-2089	Blaͤt	_	_	_	
12-11	2089-2090	-	_	_	_	
12-12	2091-2095	tern	_	_	_	
12-13	2096-2102	nennet	_	_	_	
12-14	2102-2103	.	_	_	_	

#Text=Wer mehr davon zu wiſ-
#Text=ſen begehret, mag ſeine Zuflucht zu ſei-
#Text=nem Buche nehmen, dann er es da-
#Text=ſelbſt weitlaͤufftig beſchrieben.
13-1	2104-2107	Wer	_	_	_	
13-2	2108-2112	mehr	_	_	_	
13-3	2113-2118	davon	_	_	_	
13-4	2119-2121	zu	_	_	_	
13-5	2122-2125	wiſ	_	_	_	
13-6	2125-2126	-	_	_	_	
13-7	2127-2130	ſen	_	_	_	
13-8	2131-2139	begehret	_	_	_	
13-9	2139-2140	,	_	_	_	
13-10	2141-2144	mag	_	_	_	
13-11	2145-2150	ſeine	_	_	_	
13-12	2151-2159	Zuflucht	_	_	_	
13-13	2160-2162	zu	_	_	_	
13-14	2163-2166	ſei	_	_	_	
13-15	2166-2167	-	_	_	_	
13-16	2168-2171	nem	_	_	_	
13-17	2172-2177	Buche	_	_	_	
13-18	2178-2184	nehmen	_	_	_	
13-19	2184-2185	,	_	_	_	
13-20	2186-2190	dann	_	_	_	
13-21	2191-2193	er	_	_	_	
13-22	2194-2196	es	_	_	_	
13-23	2197-2199	da	_	_	_	
13-24	2199-2200	-	_	_	_	
13-25	2201-2207	ſelbſt	_	_	_	
13-26	2208-2221	weitlaͤufftig	_	_	_	
13-27	2222-2233	beſchrieben	_	_	_	
13-28	2233-2234	.	_	_	_	
