#FORMAT=WebAnno TSV 3.3
#T_SP=custom.Span|label
#T_RL=custom.Relation|label|BT_custom.Span


#Text=Dans le quartier arabe, tout à coup découvert derrière la place de l'église, montent d'infâmes odeurs de musc et de fritures les estaminets de France empoisonnent l'absinthe, les cafés maures, encombrés de grands fantômes en burnous et de spahis accroupis, embaument, eux, les aromates et le ~ao~a de hautaines silhouettes de spahis vont et viennent par groupes, drapées de grands manteaux rouges, leur fier profil enlinceulé de blanc, et les éperons de leurs bottes luisent dans l'ombre avec les points de feu des cigarettes.
1-1	0-4	Dans	_	_	_	
1-2	5-7	le	_	_	_	
1-3	8-16	quartier	_	_	_	
1-4	17-22	arabe	_	_	_	
1-5	22-23	,	_	_	_	
1-6	24-28	tout	_	_	_	
1-7	29-30	à	_	_	_	
1-8	31-35	coup	_	_	_	
1-9	36-45	découvert	_	_	_	
1-10	46-54	derrière	_	_	_	
1-11	55-57	la	_	_	_	
1-12	58-63	place	_	_	_	
1-13	64-66	de	_	_	_	
1-14	67-75	l'église	_	_	_	
1-15	75-76	,	_	_	_	
1-16	77-84	montent	_	_	_	
1-17	85-94	d'infâmes	Quality	_	_	
1-18	95-101	odeurs	Smell\_Word	*|*|*	1-17|1-19[1_0]|1-24[2_0]	
1-19	102-104	de	Evoked\_Odorant[1]	_	_	
1-20	105-109	musc	Evoked\_Odorant[1]	_	_	
1-21	110-112	et	Evoked\_Odorant[1]	_	_	
1-22	113-115	de	Evoked\_Odorant[1]	_	_	
1-23	116-124	fritures	Evoked\_Odorant[1]	_	_	
1-24	125-128	les	Smell\_Source[2]	_	_	
1-25	129-139	estaminets	Smell\_Source[2]	_	_	
1-26	140-142	de	Smell\_Source[2]	_	_	
1-27	143-149	France	Smell\_Source[2]	_	_	
1-28	150-162	empoisonnent	_	_	_	
1-29	163-173	l'absinthe	_	_	_	
1-30	173-174	,	_	_	_	
1-31	175-178	les	_	_	_	
1-32	179-184	cafés	_	_	_	
1-33	185-191	maures	_	_	_	
1-34	191-192	,	_	_	_	
1-35	193-202	encombrés	_	_	_	
1-36	203-205	de	_	_	_	
1-37	206-212	grands	_	_	_	
1-38	213-221	fantômes	_	_	_	
1-39	222-224	en	_	_	_	
1-40	225-232	burnous	_	_	_	
1-41	233-235	et	_	_	_	
1-42	236-238	de	_	_	_	
1-43	239-245	spahis	_	_	_	
1-44	246-255	accroupis	_	_	_	
1-45	255-256	,	_	_	_	
1-46	257-266	embaument	_	_	_	
1-47	266-267	,	_	_	_	
1-48	268-271	eux	_	_	_	
1-49	271-272	,	_	_	_	
1-50	273-276	les	_	_	_	
1-51	277-285	aromates	_	_	_	
1-52	286-288	et	_	_	_	
1-53	289-291	le	_	_	_	
1-54	292-293	~	_	_	_	
1-55	293-295	ao	_	_	_	
1-56	295-296	~	_	_	_	
1-57	296-297	a	_	_	_	
1-58	298-300	de	_	_	_	
1-59	301-310	hautaines	_	_	_	
1-60	311-322	silhouettes	_	_	_	
1-61	323-325	de	_	_	_	
1-62	326-332	spahis	_	_	_	
1-63	333-337	vont	_	_	_	
1-64	338-340	et	_	_	_	
1-65	341-349	viennent	_	_	_	
1-66	350-353	par	_	_	_	
1-67	354-361	groupes	_	_	_	
1-68	361-362	,	_	_	_	
1-69	363-370	drapées	_	_	_	
1-70	371-373	de	_	_	_	
1-71	374-380	grands	_	_	_	
1-72	381-389	manteaux	_	_	_	
1-73	390-396	rouges	_	_	_	
1-74	396-397	,	_	_	_	
1-75	398-402	leur	_	_	_	
1-76	403-407	fier	_	_	_	
1-77	408-414	profil	_	_	_	
1-78	415-425	enlinceulé	_	_	_	
1-79	426-428	de	_	_	_	
1-80	429-434	blanc	_	_	_	
1-81	434-435	,	_	_	_	
1-82	436-438	et	_	_	_	
1-83	439-442	les	_	_	_	
1-84	443-450	éperons	_	_	_	
1-85	451-453	de	_	_	_	
1-86	454-459	leurs	_	_	_	
1-87	460-466	bottes	_	_	_	
1-88	467-474	luisent	_	_	_	
1-89	475-479	dans	_	_	_	
1-90	480-487	l'ombre	_	_	_	
1-91	488-492	avec	_	_	_	
1-92	493-496	les	_	_	_	
1-93	497-503	points	_	_	_	
1-94	504-506	de	_	_	_	
1-95	507-510	feu	_	_	_	
1-96	511-514	des	_	_	_	
1-97	515-525	cigarettes	_	_	_	
1-98	525-526	.	_	_	_	

#Text=Des sons de derboukas glapissent, et je ne sais quelles exhalaisons d'épices et de laine flottent dans l'air, une senteur à la fois écœurante et exquise de charogne et de fleurs violentes, cette espèce de pourriture d'encens, qui est le parfum même de l'Algérie et de tous les pays de l'Islam.
2-1	527-530	Des	_	_	_	
2-2	531-535	sons	_	_	_	
2-3	536-538	de	_	_	_	
2-4	539-548	derboukas	_	_	_	
2-5	549-559	glapissent	_	_	_	
2-6	559-560	,	_	_	_	
2-7	561-563	et	_	_	_	
2-8	564-566	je	_	_	_	
2-9	567-569	ne	_	_	_	
2-10	570-574	sais	_	_	_	
2-11	575-582	quelles	_	_	_	
2-12	583-594	exhalaisons	Smell\_Word	*	2-13[3_0]	
2-13	595-603	d'épices	Evoked\_Odorant[3]	_	_	
2-14	604-606	et	Evoked\_Odorant[3]	_	_	
2-15	607-609	de	Evoked\_Odorant[3]	_	_	
2-16	610-615	laine	Evoked\_Odorant[3]	_	_	
2-17	616-624	flottent	_	_	_	
2-18	625-629	dans	_	_	_	
2-19	630-635	l'air	_	_	_	
2-20	635-636	,	_	_	_	
2-21	637-640	une	_	_	_	
2-22	641-648	senteur	Smell\_Word	*|*|*|*	2-26|2-28|2-29[4_0]|2-36[5_0]	
2-23	649-650	à	_	_	_	
2-24	651-653	la	_	_	_	
2-25	654-658	fois	_	_	_	
2-26	659-668	écœurante	Quality	_	_	
2-27	669-671	et	_	_	_	
2-28	672-679	exquise	Quality	_	_	
2-29	680-682	de	Evoked\_Odorant[4]	_	_	
2-30	683-691	charogne	Evoked\_Odorant[4]	_	_	
2-31	692-694	et	Evoked\_Odorant[4]	_	_	
2-32	695-697	de	Evoked\_Odorant[4]	_	_	
2-33	698-704	fleurs	Evoked\_Odorant[4]	_	_	
2-34	705-714	violentes	Evoked\_Odorant[4]	_	_	
2-35	714-715	,	_	_	_	
2-36	716-721	cette	Evoked\_Odorant[5]	_	_	
2-37	722-728	espèce	Evoked\_Odorant[5]	_	_	
2-38	729-731	de	Evoked\_Odorant[5]	_	_	
2-39	732-742	pourriture	Evoked\_Odorant[5]	_	_	
2-40	743-751	d'encens	Evoked\_Odorant[5]	_	_	
2-41	751-752	,	_	_	_	
2-42	753-756	qui	_	_	_	
2-43	757-760	est	_	_	_	
2-44	761-763	le	_	_	_	
2-45	764-770	parfum	Smell\_Word	*|*	2-48|2-50[6_0]	
2-46	771-775	même	_	_	_	
2-47	776-778	de	_	_	_	
2-48	779-788	l'Algérie	Location	_	_	
2-49	789-791	et	_	_	_	
2-50	792-794	de	Location[6]	_	_	
2-51	795-799	tous	Location[6]	_	_	
2-52	800-803	les	Location[6]	_	_	
2-53	804-808	pays	Location[6]	_	_	
2-54	809-811	de	Location[6]	_	_	
2-55	812-819	l'Islam	Location[6]	_	_	
2-56	819-820	.	_	_	_	
