#FORMAT=WebAnno TSV 3.3


#Text=wie gewoͤhnlich/ vorſtellet;
#Text=ſo wird keiner von den Of-
#Text=ficirern oder Soldaten einiges Zeichen weder mit Wor-
#Text=ten noch Geberden von ſich geben/ ſondern halten alle
#Text=
#Text=ſtill ohn einige Gluͤckwuͤnſchung/ biß der Keyſer einen
#Text=Raigerbuſchen von ſeinen Turban abnimmt/ und den
#Text=Gran-Vezir anmachen laͤſſet;
#Text=ſo bald dieſes geſchehen/
#Text=
#Text=wird er von der gantzen Armee mit Gluͤckwuͤnſchen be-
#Text=gruͤſſt/ vor ihren General erkennet/ und empfangen ſie
#Text=auch gleich von ihm den Sold.
1-1	3-6	wie	
1-2	7-18	gewoͤhnlich	
1-3	18-19	/	
1-4	20-30	vorſtellet	
1-5	30-31	;	
1-6	32-34	ſo	
1-7	35-39	wird	
1-8	40-46	keiner	
1-9	47-50	von	
1-10	51-54	den	
1-11	55-57	Of	
1-12	57-58	-	
1-13	59-67	ficirern	
1-14	68-72	oder	
1-15	73-81	Soldaten	
1-16	82-89	einiges	
1-17	90-97	Zeichen	
1-18	98-103	weder	
1-19	104-107	mit	
1-20	108-111	Wor	
1-21	111-112	-	
1-22	113-116	ten	
1-23	117-121	noch	
1-24	122-130	Geberden	
1-25	131-134	von	
1-26	135-139	ſich	
1-27	140-145	geben	
1-28	145-146	/	
1-29	147-154	ſondern	
1-30	155-161	halten	
1-31	162-166	alle	
1-32	168-173	ſtill	
1-33	174-177	ohn	
1-34	178-184	einige	
1-35	185-201	Gluͤckwuͤnſchung	
1-36	201-202	/	
1-37	203-206	biß	
1-38	207-210	der	
1-39	211-217	Keyſer	
1-40	218-223	einen	
1-41	224-237	Raigerbuſchen	
1-42	238-241	von	
1-43	242-248	ſeinen	
1-44	249-255	Turban	
1-45	256-263	abnimmt	
1-46	263-264	/	
1-47	265-268	und	
1-48	269-272	den	
1-49	273-283	Gran-Vezir	
1-50	284-292	anmachen	
1-51	293-300	laͤſſet	
1-52	300-301	;	
1-53	302-304	ſo	
1-54	305-309	bald	
1-55	310-316	dieſes	
1-56	317-326	geſchehen	
1-57	326-327	/	
1-58	329-333	wird	
1-59	334-336	er	
1-60	337-340	von	
1-61	341-344	der	
1-62	345-352	gantzen	
1-63	353-358	Armee	
1-64	359-362	mit	
1-65	363-378	Gluͤckwuͤnſchen	
1-66	379-381	be	
1-67	381-382	-	
1-68	383-390	gruͤſſt	
1-69	390-391	/	
1-70	392-395	vor	
1-71	396-401	ihren	
1-72	402-409	General	
1-73	410-418	erkennet	
1-74	418-419	/	
1-75	420-423	und	
1-76	424-433	empfangen	
1-77	434-437	ſie	
1-78	438-442	auch	
1-79	443-449	gleich	
1-80	450-453	von	
1-81	454-457	ihm	
1-82	458-461	den	
1-83	462-466	Sold	
1-84	466-467	.	

#Text=Dieſe
#Text=Raiger-Federn
#Text=
#Text=werden allein in Candia gefunden/ wie erſtgedachter
#Text=Herꝛ Tavernier fol.
#Text=138. gedencket.
2-1	468-473	Dieſe	
2-2	474-487	Raiger-Federn	
2-3	489-495	werden	
2-4	496-502	allein	
2-5	503-505	in	
2-6	506-512	Candia	
2-7	513-521	gefunden	
2-8	521-522	/	
2-9	523-526	wie	
2-10	527-540	erſtgedachter	
2-11	541-545	Herꝛ	
2-12	546-555	Tavernier	
2-13	556-559	fol	
2-14	559-560	.	
2-15	561-564	138	
2-16	564-565	.	
2-17	566-575	gedencket	
2-18	575-576	.	

#Text=Die groſſen Raiger ſollen im Sommer ſonderlich
#Text=nach Fiſchen riechen.
3-1	580-583	Die	
3-2	584-591	groſſen	
3-3	592-598	Raiger	
3-4	599-605	ſollen	
3-5	606-608	im	
3-6	609-615	Sommer	
3-7	616-626	ſonderlich	
3-8	627-631	nach	
3-9	632-639	Fiſchen	
3-10	640-647	riechen	
3-11	647-648	.	

#Text=Die Fiſcher zu Hirſchberg/ wie
#Text=in ſeiner Schleſiſchen Beſchreibung Schwenckſeld er-
#Text=zehlet/ machen ihre Querder/ die ſie in die Reuſchen und
#Text=Tauppeln legen alſo:
#Text=Gerſten-Mehl/ Krebſen-Fleiſch
#Text=aus den Scheeren und Schweiffen/ Leinzelten/ daraus
#Text=das Oel gepreſſt worden/ drey Eyerdotter/
#Text=Raiger-
#Text=ſchmaltz/
#Text=Lohr-Oel jedes 3 Unzen/ mit Petrolei und
#Text=Gaffer jedes 2 Quintlein/ miſchen es zuſammen/
#Text=bin-
#Text=dens in ein Tuͤchlein/ und legen es in die Reuſchen.
4-1	649-652	Die	
4-2	653-660	Fiſcher	
4-3	661-663	zu	
4-4	664-674	Hirſchberg	
4-5	674-675	/	
4-6	676-679	wie	
4-7	680-682	in	
4-8	683-689	ſeiner	
4-9	690-702	Schleſiſchen	
4-10	703-715	Beſchreibung	
4-11	716-728	Schwenckſeld	
4-12	729-731	er	
4-13	731-732	-	
4-14	733-739	zehlet	
4-15	739-740	/	
4-16	741-747	machen	
4-17	748-752	ihre	
4-18	753-760	Querder	
4-19	760-761	/	
4-20	762-765	die	
4-21	766-769	ſie	
4-22	770-772	in	
4-23	773-776	die	
4-24	777-785	Reuſchen	
4-25	786-789	und	
4-26	790-798	Tauppeln	
4-27	799-804	legen	
4-28	805-809	alſo	
4-29	809-810	:	
4-30	811-823	Gerſten-Mehl	
4-31	823-824	/	
4-32	825-840	Krebſen-Fleiſch	
4-33	841-844	aus	
4-34	845-848	den	
4-35	849-857	Scheeren	
4-36	858-861	und	
4-37	862-872	Schweiffen	
4-38	872-873	/	
4-39	874-884	Leinzelten	
4-40	884-885	/	
4-41	886-892	daraus	
4-42	893-896	das	
4-43	897-900	Oel	
4-44	901-909	gepreſſt	
4-45	910-916	worden	
4-46	916-917	/	
4-47	918-922	drey	
4-48	923-933	Eyerdotter	
4-49	933-934	/	
4-50	935-941	Raiger	
4-51	941-942	-	
4-52	943-951	ſchmaltz	
4-53	951-952	/	
4-54	953-961	Lohr-Oel	
4-55	962-967	jedes	
4-56	968-969	3	
4-57	970-975	Unzen	
4-58	975-976	/	
4-59	977-980	mit	
4-60	981-989	Petrolei	
4-61	990-993	und	
4-62	994-1000	Gaffer	
4-63	1001-1006	jedes	
4-64	1007-1008	2	
4-65	1009-1018	Quintlein	
4-66	1018-1019	/	
4-67	1020-1027	miſchen	
4-68	1028-1030	es	
4-69	1031-1039	zuſammen	
4-70	1039-1040	/	
4-71	1041-1044	bin	
4-72	1044-1045	-	
4-73	1046-1050	dens	
4-74	1051-1053	in	
4-75	1054-1057	ein	
4-76	1058-1067	Tuͤchlein	
4-77	1067-1068	/	
4-78	1069-1072	und	
4-79	1073-1078	legen	
4-80	1079-1081	es	
4-81	1082-1084	in	
4-82	1085-1088	die	
4-83	1089-1097	Reuſchen	
4-84	1097-1098	.	

#Text=Die Raiger werden in den Keyſerlichen Gejaldern
#Text=um Wien/ Ebersdorff/ und ſonderlich Laxenburg/
#Text=maͤn-
#Text=
#Text=niglich zu ſchieſſen verbotten/ weil Jhr Majeſtaͤt jaͤhrlich
5-1	1102-1105	Die	
5-2	1106-1112	Raiger	
5-3	1113-1119	werden	
5-4	1120-1122	in	
5-5	1123-1126	den	
5-6	1127-1139	Keyſerlichen	
5-7	1140-1149	Gejaldern	
5-8	1150-1152	um	
5-9	1153-1157	Wien	
5-10	1157-1158	/	
5-11	1159-1169	Ebersdorff	
5-12	1169-1170	/	
5-13	1171-1174	und	
5-14	1175-1185	ſonderlich	
5-15	1186-1195	Laxenburg	
5-16	1195-1196	/	
5-17	1197-1201	maͤn	
5-18	1201-1202	-	
5-19	1204-1211	niglich	
5-20	1212-1214	zu	
5-21	1215-1224	ſchieſſen	
5-22	1225-1234	verbotten	
5-23	1234-1235	/	
5-24	1236-1240	weil	
5-25	1241-1244	Jhr	
5-26	1245-1254	Majeſtaͤt	
5-27	1255-1264	jaͤhrlich	
