#FORMAT=WebAnno TSV 3.3


#Text=ende 7. versen 38, 39.
#Text=ende Iesa.
#Text=12.3.
#Text=der levende wateren, ’t Schijnt dat hier gesien wort op de riviere der Iordane, die haren oorspronck neemt aen de voet van Libanon, ende sy liep langhs door het beloofde lant, het selve bevochtigende.
1-1	2-6	ende	
1-2	7-8	7	
1-3	8-9	.	
1-4	10-16	versen	
1-5	17-19	38	
1-6	19-20	,	
1-7	21-23	39	
1-8	23-24	.	
1-9	25-29	ende	
1-10	30-34	Iesa	
1-11	34-35	.	
1-12	36-40	12.3	
1-13	40-41	.	
1-14	42-45	der	
1-15	46-53	levende	
1-16	54-61	wateren	
1-17	61-62	,	
1-18	63-64	’	
1-19	64-65	t	
1-20	66-73	Schijnt	
1-21	74-77	dat	
1-22	78-82	hier	
1-23	83-89	gesien	
1-24	90-94	wort	
1-25	95-97	op	
1-26	98-100	de	
1-27	101-108	riviere	
1-28	109-112	der	
1-29	113-120	Iordane	
1-30	120-121	,	
1-31	122-125	die	
1-32	126-131	haren	
1-33	132-142	oorspronck	
1-34	143-148	neemt	
1-35	149-152	aen	
1-36	153-155	de	
1-37	156-160	voet	
1-38	161-164	van	
1-39	165-172	Libanon	
1-40	172-173	,	
1-41	174-178	ende	
1-42	179-181	sy	
1-43	182-186	liep	
1-44	187-193	langhs	
1-45	194-198	door	
1-46	199-202	het	
1-47	203-211	beloofde	
1-48	212-216	lant	
1-49	216-217	,	
1-50	218-221	het	
1-51	222-227	selve	
1-52	228-241	bevochtigende	
1-53	241-242	.	

#Text=Daer staet Apoc.
#Text=22.1.
#Text=datter uyt den throon Godes, ende des Lams (het welck Christus is) eenen suyveren stroom des levendigen waters voort quam.
#Text=die uyt Libanon vloeijen!
2-1	243-247	Daer	
2-2	248-253	staet	
2-3	254-258	Apoc	
2-4	258-259	.	
2-5	260-264	22.1	
2-6	264-265	.	
2-7	266-272	datter	
2-8	273-276	uyt	
2-9	277-280	den	
2-10	281-287	throon	
2-11	288-293	Godes	
2-12	293-294	,	
2-13	295-299	ende	
2-14	300-303	des	
2-15	304-308	Lams	
2-16	309-310	(	
2-17	310-313	het	
2-18	314-319	welck	
2-19	320-328	Christus	
2-20	329-331	is	
2-21	331-332	)	
2-22	333-338	eenen	
2-23	339-347	suyveren	
2-24	348-354	stroom	
2-25	355-358	des	
2-26	359-369	levendigen	
2-27	370-376	waters	
2-28	377-382	voort	
2-29	383-387	quam	
2-30	387-388	.	
2-31	389-392	die	
2-32	393-396	uyt	
2-33	397-404	Libanon	
2-34	405-413	vloeijen	
2-35	413-414	!	

#Text=16
#Text=
#Text=Of, rijst op, staet op.
3-1	416-418	16	
3-2	420-422	Of	
3-3	422-423	,	
3-4	424-429	rijst	
3-5	430-432	op	
3-6	432-433	,	
3-7	434-439	staet	
3-8	440-442	op	
3-9	442-443	.	

#Text=Dit is oock eenen zegen dien Godt over sijnen hof, D. over sijne Kercke sendt, Te weten, dat de winden daer op waeijen, om dien te ververschen, ende de lucht te suyveren, ende alsoo den selven vruchtbaerder te maken.
4-1	444-447	Dit	
4-2	448-450	is	
4-3	451-455	oock	
4-4	456-461	eenen	
4-5	462-467	zegen	
4-6	468-472	dien	
4-7	473-477	Godt	
4-8	478-482	over	
4-9	483-489	sijnen	
4-10	490-493	hof	
4-11	493-494	,	
4-12	495-496	D	
4-13	496-497	.	
4-14	498-502	over	
4-15	503-508	sijne	
4-16	509-515	Kercke	
4-17	516-521	sendt	
4-18	521-522	,	
4-19	523-525	Te	
4-20	526-531	weten	
4-21	531-532	,	
4-22	533-536	dat	
4-23	537-539	de	
4-24	540-546	winden	
4-25	547-551	daer	
4-26	552-554	op	
4-27	555-562	waeijen	
4-28	562-563	,	
4-29	564-566	om	
4-30	567-571	dien	
4-31	572-574	te	
4-32	575-586	ververschen	
4-33	586-587	,	
4-34	588-592	ende	
4-35	593-595	de	
4-36	596-601	lucht	
4-37	602-604	te	
4-38	605-613	suyveren	
4-39	613-614	,	
4-40	615-619	ende	
4-41	620-625	alsoo	
4-42	626-629	den	
4-43	630-636	selven	
4-44	637-650	vruchtbaerder	
4-45	651-653	te	
4-46	654-659	maken	
4-47	659-660	.	

#Text=Verstaet hier door den wint, den Heyligen Geest, als Ioan.
#Text=3.
#Text=vers 8.
#Text=ende Actor.
#Text=2.2.
5-1	661-669	Verstaet	
5-2	670-674	hier	
5-3	675-679	door	
5-4	680-683	den	
5-5	684-688	wint	
5-6	688-689	,	
5-7	690-693	den	
5-8	694-702	Heyligen	
5-9	703-708	Geest	
5-10	708-709	,	
5-11	710-713	als	
5-12	714-718	Ioan	
5-13	718-719	.	
5-14	720-721	3	
5-15	721-722	.	
5-16	723-727	vers	
5-17	728-729	8	
5-18	729-730	.	
5-19	731-735	ende	
5-20	736-741	Actor	
5-21	741-742	.	
5-22	743-746	2.2	
5-23	746-747	.	

#Text=Ende of wel de Zuyd ende Noorde wint van verscheyde qualiteyten ende werckingen zijn, den eenen zijnde kout, den anderen warm, den eenen vochtigh, den anderen drooge: Soo zijnse nochtans beyde desen hof, ofte der Kercke Godes voorderlick, die somtijts scherpe bestraffingen, somtijts oock kalmte ende soete vertroostinge van doen heeft.
6-1	748-752	Ende	
6-2	753-755	of	
6-3	756-759	wel	
6-4	760-762	de	
6-5	763-767	Zuyd	
6-6	768-772	ende	
6-7	773-779	Noorde	
6-8	780-784	wint	
6-9	785-788	van	
6-10	789-799	verscheyde	
6-11	800-811	qualiteyten	
6-12	812-816	ende	
6-13	817-827	werckingen	
6-14	828-832	zijn	
6-15	832-833	,	
6-16	834-837	den	
6-17	838-843	eenen	
6-18	844-850	zijnde	
6-19	851-855	kout	
6-20	855-856	,	
6-21	857-860	den	
6-22	861-868	anderen	
6-23	869-873	warm	
6-24	873-874	,	
6-25	875-878	den	
6-26	879-884	eenen	
6-27	885-893	vochtigh	
6-28	893-894	,	
6-29	895-898	den	
6-30	899-906	anderen	
6-31	907-913	drooge	
6-32	913-914	:	
6-33	915-918	Soo	
6-34	919-925	zijnse	
6-35	926-934	nochtans	
6-36	935-940	beyde	
6-37	941-946	desen	
6-38	947-950	hof	
6-39	950-951	,	
6-40	952-956	ofte	
6-41	957-960	der	
6-42	961-967	Kercke	
6-43	968-973	Godes	
6-44	974-985	voorderlick	
6-45	985-986	,	
6-46	987-990	die	
6-47	991-999	somtijts	
6-48	1000-1007	scherpe	
6-49	1008-1021	bestraffingen	
6-50	1021-1022	,	
6-51	1023-1031	somtijts	
6-52	1032-1036	oock	
6-53	1037-1043	kalmte	
6-54	1044-1048	ende	
6-55	1049-1054	soete	
6-56	1055-1068	vertroostinge	
6-57	1069-1072	van	
6-58	1073-1077	doen	
6-59	1078-1083	heeft	
6-60	1083-1084	.	

#Text=Ontwaeckt Noorden wint, ende komt ghy Zuyden wint, Het is Godt die de winden voort brenght uyt sijne schatkameren, Psalm 135.7.
#Text=doorwaeyt Merckt, dat de Kercke desen hof noemt haren hof, oock sijnen, T.w.
7-1	1085-1094	Ontwaeckt	
7-2	1095-1102	Noorden	
7-3	1103-1107	wint	
7-4	1107-1108	,	
7-5	1109-1113	ende	
7-6	1114-1118	komt	
7-7	1119-1122	ghy	
7-8	1123-1129	Zuyden	
7-9	1130-1134	wint	
7-10	1134-1135	,	
7-11	1136-1139	Het	
7-12	1140-1142	is	
7-13	1143-1147	Godt	
7-14	1148-1151	die	
7-15	1152-1154	de	
7-16	1155-1161	winden	
7-17	1162-1167	voort	
7-18	1168-1175	brenght	
7-19	1176-1179	uyt	
7-20	1180-1185	sijne	
7-21	1186-1198	schatkameren	
7-22	1198-1199	,	
7-23	1200-1205	Psalm	
7-24	1206-1211	135.7	
7-25	1211-1212	.	
7-26	1213-1222	doorwaeyt	
7-27	1223-1229	Merckt	
7-28	1229-1230	,	
7-29	1231-1234	dat	
7-30	1235-1237	de	
7-31	1238-1244	Kercke	
7-32	1245-1250	desen	
7-33	1251-1254	hof	
7-34	1255-1260	noemt	
7-35	1261-1266	haren	
7-36	1267-1270	hof	
7-37	1270-1271	,	
7-38	1272-1276	oock	
7-39	1277-1283	sijnen	
7-40	1283-1284	,	
7-41	1285-1288	T.w	
7-42	1288-1289	.	

#Text=Christi hof, ten verscheyden opsien.
8-1	1290-1297	Christi	
8-2	1298-1301	hof	
8-3	1301-1302	,	
8-4	1303-1306	ten	
8-5	1307-1318	verscheyden	
8-6	1319-1325	opsien	
8-7	1325-1326	.	

#Text=Christus is de eygenaer ende erfgenaem van desen hof, maer de Opsienders der Kercke, zijn Godes ackerlieden ende medewerckers in desen hof, D. gemeynte,
9-1	1327-1335	Christus	
9-2	1336-1338	is	
9-3	1339-1341	de	
9-4	1342-1350	eygenaer	
9-5	1351-1355	ende	
9-6	1356-1365	erfgenaem	
9-7	1366-1369	van	
9-8	1370-1375	desen	
9-9	1376-1379	hof	
9-10	1379-1380	,	
9-11	1381-1385	maer	
9-12	1386-1388	de	
9-13	1389-1399	Opsienders	
9-14	1400-1403	der	
9-15	1404-1410	Kercke	
9-16	1410-1411	,	
9-17	1412-1416	zijn	
9-18	1417-1422	Godes	
9-19	1423-1434	ackerlieden	
9-20	1435-1439	ende	
9-21	1440-1452	medewerckers	
9-22	1453-1455	in	
9-23	1456-1461	desen	
9-24	1462-1465	hof	
9-25	1465-1466	,	
9-26	1467-1468	D	
9-27	1468-1469	.	
9-28	1470-1478	gemeynte	
9-29	1478-1479	,	
