#FORMAT=WebAnno TSV 3.3


#Text=4 Omne stratum, in quo dormierit, immundum erit, et ubicumque sederit.
#Text=5 Si quis hominum tetigerit lectum ejus, lavabit vestimenta sua, et ipse lotus aqua, immundus erit usque ad vesperum.
#Text=6 Si sederit ubi ille sederat, et ipse lavabit vestimenta sua : et lotus aqua, immundus erit usque ad vesperum.
#Text=7 Qui tetigerit carnem ejus, lavabit vestimenta sua : et ipse lotus aqua, immundus erit usque ad vesperum.
#Text=8 Si salivam hujuscemodi homo jecerit super eum qui mundus est, lavabit vestimenta sua : et lotus aqua, immundus erit usque ad vesperum.
#Text=9 Sagma, super quo sederit, immundum erit : 10 et quidquid sub eo fuerit, qui fluxum seminis patitur, pollutum erit usque ad vesperum.
1-1	2-3	4	
1-2	4-8	Omne	
1-3	9-16	stratum	
1-4	16-17	,	
1-5	18-20	in	
1-6	21-24	quo	
1-7	25-34	dormierit	
1-8	34-35	,	
1-9	36-44	immundum	
1-10	45-49	erit	
1-11	49-50	,	
1-12	51-53	et	
1-13	54-63	ubicumque	
1-14	64-71	sederit	
1-15	71-72	.	
1-16	73-74	5	
1-17	75-77	Si	
1-18	78-82	quis	
1-19	83-90	hominum	
1-20	91-100	tetigerit	
1-21	101-107	lectum	
1-22	108-112	ejus	
1-23	112-113	,	
1-24	114-121	lavabit	
1-25	122-132	vestimenta	
1-26	133-136	sua	
1-27	136-137	,	
1-28	138-140	et	
1-29	141-145	ipse	
1-30	146-151	lotus	
1-31	152-156	aqua	
1-32	156-157	,	
1-33	158-166	immundus	
1-34	167-171	erit	
1-35	172-177	usque	
1-36	178-180	ad	
1-37	181-189	vesperum	
1-38	189-190	.	
1-39	191-192	6	
1-40	193-195	Si	
1-41	196-203	sederit	
1-42	204-207	ubi	
1-43	208-212	ille	
1-44	213-220	sederat	
1-45	220-221	,	
1-46	222-224	et	
1-47	225-229	ipse	
1-48	230-237	lavabit	
1-49	238-248	vestimenta	
1-50	249-252	sua	
1-51	253-254	:	
1-52	255-257	et	
1-53	258-263	lotus	
1-54	264-268	aqua	
1-55	268-269	,	
1-56	270-278	immundus	
1-57	279-283	erit	
1-58	284-289	usque	
1-59	290-292	ad	
1-60	293-301	vesperum	
1-61	301-302	.	
1-62	303-304	7	
1-63	305-308	Qui	
1-64	309-318	tetigerit	
1-65	319-325	carnem	
1-66	326-330	ejus	
1-67	330-331	,	
1-68	332-339	lavabit	
1-69	340-350	vestimenta	
1-70	351-354	sua	
1-71	355-356	:	
1-72	357-359	et	
1-73	360-364	ipse	
1-74	365-370	lotus	
1-75	371-375	aqua	
1-76	375-376	,	
1-77	377-385	immundus	
1-78	386-390	erit	
1-79	391-396	usque	
1-80	397-399	ad	
1-81	400-408	vesperum	
1-82	408-409	.	
1-83	410-411	8	
1-84	412-414	Si	
1-85	415-422	salivam	
1-86	423-434	hujuscemodi	
1-87	435-439	homo	
1-88	440-447	jecerit	
1-89	448-453	super	
1-90	454-457	eum	
1-91	458-461	qui	
1-92	462-468	mundus	
1-93	469-472	est	
1-94	472-473	,	
1-95	474-481	lavabit	
1-96	482-492	vestimenta	
1-97	493-496	sua	
1-98	497-498	:	
1-99	499-501	et	
1-100	502-507	lotus	
1-101	508-512	aqua	
1-102	512-513	,	
1-103	514-522	immundus	
1-104	523-527	erit	
1-105	528-533	usque	
1-106	534-536	ad	
1-107	537-545	vesperum	
1-108	545-546	.	
1-109	547-548	9	
1-110	549-554	Sagma	
1-111	554-555	,	
1-112	556-561	super	
1-113	562-565	quo	
1-114	566-573	sederit	
1-115	573-574	,	
1-116	575-583	immundum	
1-117	584-588	erit	
1-118	589-590	:	
1-119	591-593	10	
1-120	594-596	et	
1-121	597-605	quidquid	
1-122	606-609	sub	
1-123	610-612	eo	
1-124	613-619	fuerit	
1-125	619-620	,	
1-126	621-624	qui	
1-127	625-631	fluxum	
1-128	632-639	seminis	
1-129	640-647	patitur	
1-130	647-648	,	
1-131	649-657	pollutum	
1-132	658-662	erit	
1-133	663-668	usque	
1-134	669-671	ad	
1-135	672-680	vesperum	
1-136	680-681	.	

#Text=Qui portaverit horum aliquid, lavabit vestimenta sua : et ipse lotus aqua, immundus erit usque ad vesperum.
#Text=11 Omnis, quem tetigerit qui talis est, non lotis ante manibus, lavabit vestimenta sua, et lotus aqua, immundus erit usque ad vesperum.
#Text=12 Vas fictile quod tetigerit confringetur : vas autem ligneum lavabitur aqua.
#Text=13 Si sanatus fuerit qui hujuscemodi sustinet passionem, numerabit septem dies post emundationem sui, et lotis vestibus et toto corpore in aquis viventibus, erit mundus.
#Text=14 Die autem octavo sumet duos turtures, aut duos pullos columbæ, et veniet in conspectum Domini ad ostium tabernaculi testimonii, dabitque eos sacerdoti : 15 qui faciet unum pro peccato et alterum in holocaustum : rogabitque pro eo coram Domino, ut emundetur a fluxu seminis sui.
#Text=16 Vir de quo egreditur semen coitus, lavabit aqua omne corpus suum : et immundus erit usque ad vesperum.
#Text=17 Vestem et pellem, quam habuerit, lavabit aqua, et immunda erit usque ad vesperum.
#Text=18 Mulier, cum qua coierit, lavabitur aqua, et immunda erit usque ad vesperum.
#Text=19 Mulier, quæ redeunte mense patitur fluxum sanguinis, septem diebus separabitur.
#Text=20 Omnis qui tetigerit eam, immundus erit usque ad vesperum : 21 et in quo dormierit vel sederit diebus separationis suæ, polluetur.
#Text=22 Qui tetigerit lectum ejus, lavabit vestimenta sua : et ipse lotus aqua, immundus erit usque ad vesperum.
#Text=23 Omne vas, super quo illa sederit, quisquis attigerit, lavabit vestimenta sua : et ipse lotus aqua, pollutus erit usque ad vesperum.
#Text=24 Si coierit cum ea vir tempore sanguinis menstrualis, immundus erit septem diebus : et omne stratum, in quo dormierit, polluetur.
#Text=25 Mulier, quæ patitur multis diebus fluxum sanguinis non in tempore menstruali, vel quæ post menstruum sanguinem fluere non cessat, quamdiu subjacet huic passioni, immunda erit quasi sit in tempore menstruo.
2-1	682-685	Qui	
2-2	686-696	portaverit	
2-3	697-702	horum	
2-4	703-710	aliquid	
2-5	710-711	,	
2-6	712-719	lavabit	
2-7	720-730	vestimenta	
2-8	731-734	sua	
2-9	735-736	:	
2-10	737-739	et	
2-11	740-744	ipse	
2-12	745-750	lotus	
2-13	751-755	aqua	
2-14	755-756	,	
2-15	757-765	immundus	
2-16	766-770	erit	
2-17	771-776	usque	
2-18	777-779	ad	
2-19	780-788	vesperum	
2-20	788-789	.	
2-21	790-792	11	
2-22	793-798	Omnis	
2-23	798-799	,	
2-24	800-804	quem	
2-25	805-814	tetigerit	
2-26	815-818	qui	
2-27	819-824	talis	
2-28	825-828	est	
2-29	828-829	,	
2-30	830-833	non	
2-31	834-839	lotis	
2-32	840-844	ante	
2-33	845-852	manibus	
2-34	852-853	,	
2-35	854-861	lavabit	
2-36	862-872	vestimenta	
2-37	873-876	sua	
2-38	876-877	,	
2-39	878-880	et	
2-40	881-886	lotus	
2-41	887-891	aqua	
2-42	891-892	,	
2-43	893-901	immundus	
2-44	902-906	erit	
2-45	907-912	usque	
2-46	913-915	ad	
2-47	916-924	vesperum	
2-48	924-925	.	
2-49	926-928	12	
2-50	929-932	Vas	
2-51	933-940	fictile	
2-52	941-945	quod	
2-53	946-955	tetigerit	
2-54	956-968	confringetur	
2-55	969-970	:	
2-56	971-974	vas	
2-57	975-980	autem	
2-58	981-988	ligneum	
2-59	989-998	lavabitur	
2-60	999-1003	aqua	
2-61	1003-1004	.	
2-62	1005-1007	13	
2-63	1008-1010	Si	
2-64	1011-1018	sanatus	
2-65	1019-1025	fuerit	
2-66	1026-1029	qui	
2-67	1030-1041	hujuscemodi	
2-68	1042-1050	sustinet	
2-69	1051-1060	passionem	
2-70	1060-1061	,	
2-71	1062-1071	numerabit	
2-72	1072-1078	septem	
2-73	1079-1083	dies	
2-74	1084-1088	post	
2-75	1089-1101	emundationem	
2-76	1102-1105	sui	
2-77	1105-1106	,	
2-78	1107-1109	et	
2-79	1110-1115	lotis	
2-80	1116-1124	vestibus	
2-81	1125-1127	et	
2-82	1128-1132	toto	
2-83	1133-1140	corpore	
2-84	1141-1143	in	
2-85	1144-1149	aquis	
2-86	1150-1160	viventibus	
2-87	1160-1161	,	
2-88	1162-1166	erit	
2-89	1167-1173	mundus	
2-90	1173-1174	.	
2-91	1175-1177	14	
2-92	1178-1181	Die	
2-93	1182-1187	autem	
2-94	1188-1194	octavo	
2-95	1195-1200	sumet	
2-96	1201-1205	duos	
2-97	1206-1214	turtures	
2-98	1214-1215	,	
2-99	1216-1219	aut	
2-100	1220-1224	duos	
2-101	1225-1231	pullos	
2-102	1232-1239	columbæ	
2-103	1239-1240	,	
2-104	1241-1243	et	
2-105	1244-1250	veniet	
2-106	1251-1253	in	
2-107	1254-1264	conspectum	
2-108	1265-1271	Domini	
2-109	1272-1274	ad	
2-110	1275-1281	ostium	
2-111	1282-1293	tabernaculi	
2-112	1294-1304	testimonii	
2-113	1304-1305	,	
2-114	1306-1314	dabitque	
2-115	1315-1318	eos	
2-116	1319-1328	sacerdoti	
2-117	1329-1330	:	
2-118	1331-1333	15	
2-119	1334-1337	qui	
2-120	1338-1344	faciet	
2-121	1345-1349	unum	
2-122	1350-1353	pro	
2-123	1354-1361	peccato	
2-124	1362-1364	et	
2-125	1365-1372	alterum	
2-126	1373-1375	in	
2-127	1376-1387	holocaustum	
2-128	1388-1389	:	
2-129	1390-1400	rogabitque	
2-130	1401-1404	pro	
2-131	1405-1407	eo	
2-132	1408-1413	coram	
2-133	1414-1420	Domino	
2-134	1420-1421	,	
2-135	1422-1424	ut	
2-136	1425-1434	emundetur	
2-137	1435-1436	a	
2-138	1437-1442	fluxu	
2-139	1443-1450	seminis	
2-140	1451-1454	sui	
2-141	1454-1455	.	
2-142	1456-1458	16	
2-143	1459-1462	Vir	
2-144	1463-1465	de	
2-145	1466-1469	quo	
2-146	1470-1479	egreditur	
2-147	1480-1485	semen	
2-148	1486-1492	coitus	
2-149	1492-1493	,	
2-150	1494-1501	lavabit	
2-151	1502-1506	aqua	
2-152	1507-1511	omne	
2-153	1512-1518	corpus	
2-154	1519-1523	suum	
2-155	1524-1525	:	
2-156	1526-1528	et	
2-157	1529-1537	immundus	
2-158	1538-1542	erit	
2-159	1543-1548	usque	
2-160	1549-1551	ad	
2-161	1552-1560	vesperum	
2-162	1560-1561	.	
2-163	1562-1564	17	
2-164	1565-1571	Vestem	
2-165	1572-1574	et	
2-166	1575-1581	pellem	
2-167	1581-1582	,	
2-168	1583-1587	quam	
2-169	1588-1596	habuerit	
2-170	1596-1597	,	
2-171	1598-1605	lavabit	
2-172	1606-1610	aqua	
2-173	1610-1611	,	
2-174	1612-1614	et	
2-175	1615-1622	immunda	
2-176	1623-1627	erit	
2-177	1628-1633	usque	
2-178	1634-1636	ad	
2-179	1637-1645	vesperum	
2-180	1645-1646	.	
2-181	1647-1649	18	
2-182	1650-1656	Mulier	
2-183	1656-1657	,	
2-184	1658-1661	cum	
2-185	1662-1665	qua	
2-186	1666-1673	coierit	
2-187	1673-1674	,	
2-188	1675-1684	lavabitur	
2-189	1685-1689	aqua	
2-190	1689-1690	,	
2-191	1691-1693	et	
2-192	1694-1701	immunda	
2-193	1702-1706	erit	
2-194	1707-1712	usque	
2-195	1713-1715	ad	
2-196	1716-1724	vesperum	
2-197	1724-1725	.	
2-198	1726-1728	19	
2-199	1729-1735	Mulier	
2-200	1735-1736	,	
2-201	1737-1740	quæ	
2-202	1741-1749	redeunte	
2-203	1750-1755	mense	
2-204	1756-1763	patitur	
2-205	1764-1770	fluxum	
2-206	1771-1780	sanguinis	
2-207	1780-1781	,	
2-208	1782-1788	septem	
2-209	1789-1795	diebus	
2-210	1796-1807	separabitur	
2-211	1807-1808	.	
2-212	1809-1811	20	
2-213	1812-1817	Omnis	
2-214	1818-1821	qui	
2-215	1822-1831	tetigerit	
2-216	1832-1835	eam	
2-217	1835-1836	,	
2-218	1837-1845	immundus	
2-219	1846-1850	erit	
2-220	1851-1856	usque	
2-221	1857-1859	ad	
2-222	1860-1868	vesperum	
2-223	1869-1870	:	
2-224	1871-1873	21	
2-225	1874-1876	et	
2-226	1877-1879	in	
2-227	1880-1883	quo	
2-228	1884-1893	dormierit	
2-229	1894-1897	vel	
2-230	1898-1905	sederit	
2-231	1906-1912	diebus	
2-232	1913-1925	separationis	
2-233	1926-1929	suæ	
2-234	1929-1930	,	
2-235	1931-1940	polluetur	
2-236	1940-1941	.	
2-237	1942-1944	22	
2-238	1945-1948	Qui	
2-239	1949-1958	tetigerit	
2-240	1959-1965	lectum	
2-241	1966-1970	ejus	
2-242	1970-1971	,	
2-243	1972-1979	lavabit	
2-244	1980-1990	vestimenta	
2-245	1991-1994	sua	
2-246	1995-1996	:	
2-247	1997-1999	et	
2-248	2000-2004	ipse	
2-249	2005-2010	lotus	
2-250	2011-2015	aqua	
2-251	2015-2016	,	
2-252	2017-2025	immundus	
2-253	2026-2030	erit	
2-254	2031-2036	usque	
2-255	2037-2039	ad	
2-256	2040-2048	vesperum	
2-257	2048-2049	.	
2-258	2050-2052	23	
2-259	2053-2057	Omne	
2-260	2058-2061	vas	
2-261	2061-2062	,	
2-262	2063-2068	super	
2-263	2069-2072	quo	
2-264	2073-2077	illa	
2-265	2078-2085	sederit	
2-266	2085-2086	,	
2-267	2087-2095	quisquis	
2-268	2096-2105	attigerit	
2-269	2105-2106	,	
2-270	2107-2114	lavabit	
2-271	2115-2125	vestimenta	
2-272	2126-2129	sua	
2-273	2130-2131	:	
2-274	2132-2134	et	
2-275	2135-2139	ipse	
2-276	2140-2145	lotus	
2-277	2146-2150	aqua	
2-278	2150-2151	,	
2-279	2152-2160	pollutus	
2-280	2161-2165	erit	
2-281	2166-2171	usque	
2-282	2172-2174	ad	
2-283	2175-2183	vesperum	
2-284	2183-2184	.	
2-285	2185-2187	24	
2-286	2188-2190	Si	
2-287	2191-2198	coierit	
2-288	2199-2202	cum	
2-289	2203-2205	ea	
2-290	2206-2209	vir	
2-291	2210-2217	tempore	
2-292	2218-2227	sanguinis	
2-293	2228-2239	menstrualis	
2-294	2239-2240	,	
2-295	2241-2249	immundus	
2-296	2250-2254	erit	
2-297	2255-2261	septem	
2-298	2262-2268	diebus	
2-299	2269-2270	:	
2-300	2271-2273	et	
2-301	2274-2278	omne	
2-302	2279-2286	stratum	
2-303	2286-2287	,	
2-304	2288-2290	in	
2-305	2291-2294	quo	
2-306	2295-2304	dormierit	
2-307	2304-2305	,	
2-308	2306-2315	polluetur	
2-309	2315-2316	.	
2-310	2317-2319	25	
2-311	2320-2326	Mulier	
2-312	2326-2327	,	
2-313	2328-2331	quæ	
2-314	2332-2339	patitur	
2-315	2340-2346	multis	
2-316	2347-2353	diebus	
2-317	2354-2360	fluxum	
2-318	2361-2370	sanguinis	
2-319	2371-2374	non	
2-320	2375-2377	in	
2-321	2378-2385	tempore	
2-322	2386-2396	menstruali	
2-323	2396-2397	,	
2-324	2398-2401	vel	
2-325	2402-2405	quæ	
2-326	2406-2410	post	
2-327	2411-2420	menstruum	
2-328	2421-2430	sanguinem	
2-329	2431-2437	fluere	
2-330	2438-2441	non	
2-331	2442-2448	cessat	
2-332	2448-2449	,	
2-333	2450-2457	quamdiu	
2-334	2458-2466	subjacet	
2-335	2467-2471	huic	
2-336	2472-2480	passioni	
2-337	2480-2481	,	
2-338	2482-2489	immunda	
2-339	2490-2494	erit	
2-340	2495-2500	quasi	
2-341	2501-2504	sit	
2-342	2505-2507	in	
2-343	2508-2515	tempore	
2-344	2516-2524	menstruo	
2-345	2524-2525	.	
