#FORMAT=WebAnno TSV 3.3
#T_SP=custom.Span|label
#T_RL=custom.Relation|label|BT_custom.Span


#Text=wird, theils, weil er von ihm ſelbſt her-
#Text=aus fleußt, theils aber, weil er aus dem
#Text=
#Text=jaͤhrigen und gantz friſchen Honigfla-
#Text=den gezogen worden iſt.
1-1	1-5	wird	_	_	_	
1-2	5-6	,	_	_	_	
1-3	7-13	theils	_	_	_	
1-4	13-14	,	_	_	_	
1-5	15-19	weil	_	_	_	
1-6	20-22	er	_	_	_	
1-7	23-26	von	_	_	_	
1-8	27-30	ihm	_	_	_	
1-9	31-37	ſelbſt	_	_	_	
1-10	38-41	her	_	_	_	
1-11	41-42	-	_	_	_	
1-12	43-46	aus	_	_	_	
1-13	47-53	fleußt	_	_	_	
1-14	53-54	,	_	_	_	
1-15	55-61	theils	_	_	_	
1-16	62-66	aber	_	_	_	
1-17	66-67	,	_	_	_	
1-18	68-72	weil	_	_	_	
1-19	73-75	er	_	_	_	
1-20	76-79	aus	_	_	_	
1-21	80-83	dem	_	_	_	
1-22	85-94	jaͤhrigen	_	_	_	
1-23	95-98	und	_	_	_	
1-24	99-104	gantz	_	_	_	
1-25	105-113	friſchen	_	_	_	
1-26	114-122	Honigfla	_	_	_	
1-27	122-123	-	_	_	_	
1-28	124-127	den	_	_	_	
1-29	128-135	gezogen	_	_	_	
1-30	136-142	worden	_	_	_	
1-31	143-146	iſt	_	_	_	
1-32	146-147	.	_	_	_	

#Text=Wann man
#Text=nun dieſes Honig haben will, ſodann
#Text=zerſchneidet oder zerbricht man die Ge-
#Text=wercke, oder legt ſie auf Flechten von
#Text=Weiden, die uͤber ein ſauber irden oder
#Text=hoͤltzern
#Text=Gefaͤß gelegt ſind: der Honig,
#Text=der herabrinnet, iſt trefflich koͤſtlich, ſieht
#Text=
#Text=hell
#Text=
#Text=\f
#Text=[0410]
#Text=
#Text=
#Text=Der Spezereyen und Materialien
#Text=
#Text=
#Text=hell und weiß, geſtehet in weniger Zeit,
#Text=und wird hart und koͤrnicht.
2-1	148-152	Wann	_	_	_	
2-2	153-156	man	_	_	_	
2-3	157-160	nun	_	_	_	
2-4	161-167	dieſes	_	_	_	
2-5	168-173	Honig	_	_	_	
2-6	174-179	haben	_	_	_	
2-7	180-184	will	_	_	_	
2-8	184-185	,	_	_	_	
2-9	186-192	ſodann	_	_	_	
2-10	193-205	zerſchneidet	_	_	_	
2-11	206-210	oder	_	_	_	
2-12	211-220	zerbricht	_	_	_	
2-13	221-224	man	_	_	_	
2-14	225-228	die	_	_	_	
2-15	229-231	Ge	_	_	_	
2-16	231-232	-	_	_	_	
2-17	233-239	wercke	_	_	_	
2-18	239-240	,	_	_	_	
2-19	241-245	oder	_	_	_	
2-20	246-250	legt	_	_	_	
2-21	251-254	ſie	_	_	_	
2-22	255-258	auf	_	_	_	
2-23	259-267	Flechten	_	_	_	
2-24	268-271	von	_	_	_	
2-25	272-278	Weiden	_	_	_	
2-26	278-279	,	_	_	_	
2-27	280-283	die	_	_	_	
2-28	284-289	uͤber	_	_	_	
2-29	290-293	ein	_	_	_	
2-30	294-300	ſauber	_	_	_	
2-31	301-306	irden	_	_	_	
2-32	307-311	oder	_	_	_	
2-33	312-321	hoͤltzern	_	_	_	
2-34	322-328	Gefaͤß	_	_	_	
2-35	329-335	gelegt	_	_	_	
2-36	336-340	ſind	_	_	_	
2-37	340-341	:	_	_	_	
2-38	342-345	der	_	_	_	
2-39	346-351	Honig	_	_	_	
2-40	351-352	,	_	_	_	
2-41	353-356	der	_	_	_	
2-42	357-368	herabrinnet	_	_	_	
2-43	368-369	,	_	_	_	
2-44	370-373	iſt	_	_	_	
2-45	374-383	trefflich	_	_	_	
2-46	384-393	koͤſtlich	_	_	_	
2-47	393-394	,	_	_	_	
2-48	395-400	ſieht	_	_	_	
2-49	402-406	hell	_	_	_	
2-50	410-411	[	_	_	_	
2-51	411-415	0410	_	_	_	
2-52	415-416	]	_	_	_	
2-53	419-422	Der	_	_	_	
2-54	423-433	Spezereyen	_	_	_	
2-55	434-437	und	_	_	_	
2-56	438-449	Materialien	_	_	_	
2-57	452-456	hell	_	_	_	
2-58	457-460	und	_	_	_	
2-59	461-465	weiß	_	_	_	
2-60	465-466	,	_	_	_	
2-61	467-475	geſtehet	_	_	_	
2-62	476-478	in	_	_	_	
2-63	479-486	weniger	_	_	_	
2-64	487-491	Zeit	_	_	_	
2-65	491-492	,	_	_	_	
2-66	493-496	und	_	_	_	
2-67	497-501	wird	_	_	_	
2-68	502-506	hart	_	_	_	
2-69	507-510	und	_	_	_	
2-70	511-520	koͤrnicht	_	_	_	
2-71	520-521	.	_	_	_	

#Text=Die an-
#Text=dere Sorte wird aus allerley
#Text=Gewuͤrcke
#Text=oder Roos gemacht, das man in einen
#Text=Sack von Bindfaden ſtecket, wenn es
#Text=vorher wohl abgeputzet worden, und
#Text=vermittelſt einer Preſſe ein weiſſes Ho-
#Text=nig heraus treibet, welches aber von
#Text=dem erſtern gantz und gar unterſchieden
#Text=iſt, weil es nicht allein nicht ſo weiß iſt,
#Text=ſondern auch nicht ſo lieblich ſchmecket.
3-1	522-525	Die	_	_	_	
3-2	526-528	an	_	_	_	
3-3	528-529	-	_	_	_	
3-4	530-534	dere	_	_	_	
3-5	535-540	Sorte	_	_	_	
3-6	541-545	wird	_	_	_	
3-7	546-549	aus	_	_	_	
3-8	550-558	allerley	_	_	_	
3-9	559-568	Gewuͤrcke	_	_	_	
3-10	569-573	oder	_	_	_	
3-11	574-578	Roos	_	_	_	
3-12	579-586	gemacht	_	_	_	
3-13	586-587	,	_	_	_	
3-14	588-591	das	_	_	_	
3-15	592-595	man	_	_	_	
3-16	596-598	in	_	_	_	
3-17	599-604	einen	_	_	_	
3-18	605-609	Sack	_	_	_	
3-19	610-613	von	_	_	_	
3-20	614-623	Bindfaden	_	_	_	
3-21	624-631	ſtecket	_	_	_	
3-22	631-632	,	_	_	_	
3-23	633-637	wenn	_	_	_	
3-24	638-640	es	_	_	_	
3-25	641-647	vorher	_	_	_	
3-26	648-652	wohl	_	_	_	
3-27	653-663	abgeputzet	_	_	_	
3-28	664-670	worden	_	_	_	
3-29	670-671	,	_	_	_	
3-30	672-675	und	_	_	_	
3-31	676-687	vermittelſt	_	_	_	
3-32	688-693	einer	_	_	_	
3-33	694-700	Preſſe	_	_	_	
3-34	701-704	ein	_	_	_	
3-35	705-712	weiſſes	_	_	_	
3-36	713-715	Ho	_	_	_	
3-37	715-716	-	_	_	_	
3-38	717-720	nig	_	_	_	
3-39	721-727	heraus	_	_	_	
3-40	728-735	treibet	_	_	_	
3-41	735-736	,	_	_	_	
3-42	737-744	welches	_	_	_	
3-43	745-749	aber	_	_	_	
3-44	750-753	von	_	_	_	
3-45	754-757	dem	_	_	_	
3-46	758-765	erſtern	_	_	_	
3-47	766-771	gantz	_	_	_	
3-48	772-775	und	_	_	_	
3-49	776-779	gar	_	_	_	
3-50	780-793	unterſchieden	_	_	_	
3-51	794-797	iſt	_	_	_	
3-52	797-798	,	_	_	_	
3-53	799-803	weil	_	_	_	
3-54	804-806	es	_	_	_	
3-55	807-812	nicht	_	_	_	
3-56	813-819	allein	_	_	_	
3-57	820-825	nicht	_	_	_	
3-58	826-828	ſo	_	_	_	
3-59	829-833	weiß	_	_	_	
3-60	834-837	iſt	_	_	_	
3-61	837-838	,	_	_	_	
3-62	839-846	ſondern	_	_	_	
3-63	847-851	auch	_	_	_	
3-64	852-857	nicht	_	_	_	
3-65	858-860	ſo	_	_	_	
3-66	861-869	lieblich	_	_	_	
3-67	870-879	ſchmecket	_	_	_	
3-68	879-880	.	_	_	_	

#Text=Das dritte iſt gelb, und wird aus alle
#Text=dem uͤbrigen Noos gezogen, welches
#Text=man mit ein wenig Waſſer in einem
#Text=Keſſel uͤbers Feuer geſtellet hat:
#Text=drauf
#Text=ſchuͤttet man es in einen Sack, und
#Text=preſſet es aus;
#Text=was heraus laufft, iſt ein
#Text=gelbes Honig, welches ſchoͤner oder ge-
#Text=ringer iſt, nachdem es wenig Hitze be-
#Text=kommen, denn wo es zu heiß worden,
#Text=ſieht es nicht ſo ſchoͤn gelb, ſondern
#Text=braungelb, und riecht haͤßlich.
4-1	883-886	Das	_	_	_	
4-2	887-893	dritte	_	_	_	
4-3	894-897	iſt	_	_	_	
4-4	898-902	gelb	_	_	_	
4-5	902-903	,	_	_	_	
4-6	904-907	und	_	_	_	
4-7	908-912	wird	_	_	_	
4-8	913-916	aus	_	_	_	
4-9	917-921	alle	_	_	_	
4-10	922-925	dem	_	_	_	
4-11	926-934	uͤbrigen	_	_	_	
4-12	935-939	Noos	_	_	_	
4-13	940-947	gezogen	_	_	_	
4-14	947-948	,	_	_	_	
4-15	949-956	welches	_	_	_	
4-16	957-960	man	_	_	_	
4-17	961-964	mit	_	_	_	
4-18	965-968	ein	_	_	_	
4-19	969-974	wenig	_	_	_	
4-20	975-981	Waſſer	_	_	_	
4-21	982-984	in	_	_	_	
4-22	985-990	einem	_	_	_	
4-23	991-997	Keſſel	_	_	_	
4-24	998-1004	uͤbers	_	_	_	
4-25	1005-1010	Feuer	_	_	_	
4-26	1011-1020	geſtellet	_	_	_	
4-27	1021-1024	hat	_	_	_	
4-28	1024-1025	:	_	_	_	
4-29	1026-1031	drauf	_	_	_	
4-30	1032-1041	ſchuͤttet	_	_	_	
4-31	1042-1045	man	_	_	_	
4-32	1046-1048	es	_	_	_	
4-33	1049-1051	in	_	_	_	
4-34	1052-1057	einen	_	_	_	
4-35	1058-1062	Sack	_	_	_	
4-36	1062-1063	,	_	_	_	
4-37	1064-1067	und	_	_	_	
4-38	1068-1075	preſſet	_	_	_	
4-39	1076-1078	es	_	_	_	
4-40	1079-1082	aus	_	_	_	
4-41	1082-1083	;	_	_	_	
4-42	1084-1087	was	_	_	_	
4-43	1088-1094	heraus	_	_	_	
4-44	1095-1101	laufft	_	_	_	
4-45	1101-1102	,	_	_	_	
4-46	1103-1106	iſt	_	_	_	
4-47	1107-1110	ein	_	_	_	
4-48	1111-1117	gelbes	_	_	_	
4-49	1118-1123	Honig	Smell\_Source	_	_	
4-50	1123-1124	,	_	_	_	
4-51	1125-1132	welches	_	_	_	
4-52	1133-1141	ſchoͤner	_	_	_	
4-53	1142-1146	oder	_	_	_	
4-54	1147-1149	ge	_	_	_	
4-55	1149-1150	-	_	_	_	
4-56	1151-1157	ringer	_	_	_	
4-57	1158-1161	iſt	_	_	_	
4-58	1161-1162	,	_	_	_	
4-59	1163-1170	nachdem	_	_	_	
4-60	1171-1173	es	_	_	_	
4-61	1174-1179	wenig	_	_	_	
4-62	1180-1185	Hitze	_	_	_	
4-63	1186-1188	be	_	_	_	
4-64	1188-1189	-	_	_	_	
4-65	1190-1196	kommen	_	_	_	
4-66	1196-1197	,	_	_	_	
4-67	1198-1202	denn	_	_	_	
4-68	1203-1205	wo	Circumstances[1]	_	_	
4-69	1206-1208	es	Circumstances[1]	_	_	
4-70	1209-1211	zu	Circumstances[1]	_	_	
4-71	1212-1216	heiß	Circumstances[1]	_	_	
4-72	1217-1223	worden	Circumstances[1]	_	_	
4-73	1223-1224	,	_	_	_	
4-74	1225-1230	ſieht	_	_	_	
4-75	1231-1233	es	_	_	_	
4-76	1234-1239	nicht	_	_	_	
4-77	1240-1242	ſo	_	_	_	
4-78	1243-1249	ſchoͤn	_	_	_	
4-79	1250-1254	gelb	_	_	_	
4-80	1254-1255	,	_	_	_	
4-81	1256-1263	ſondern	_	_	_	
4-82	1264-1273	braungelb	_	_	_	
4-83	1273-1274	,	_	_	_	
4-84	1275-1278	und	_	_	_	
4-85	1279-1285	riecht	Smell\_Word	*|*|*	4-86|4-49|4-68[1_0]	
4-86	1286-1294	haͤßlich	Quality	_	_	
4-87	1294-1295	.	_	_	_	

#Text=Auch
#Text=ſagt man, der Honig ſey nicht ſo gar gut
#Text=und ſchoͤn, wann zu viel Waſſer drun-
#Text=ter gegoſſen worden.
5-1	1296-1300	Auch	_	_	_	
5-2	1301-1305	ſagt	_	_	_	
5-3	1306-1309	man	_	_	_	
5-4	1309-1310	,	_	_	_	
5-5	1311-1314	der	_	_	_	
5-6	1315-1320	Honig	_	_	_	
5-7	1321-1324	ſey	_	_	_	
5-8	1325-1330	nicht	_	_	_	
5-9	1331-1333	ſo	_	_	_	
5-10	1334-1337	gar	_	_	_	
5-11	1338-1341	gut	_	_	_	
5-12	1342-1345	und	_	_	_	
5-13	1346-1352	ſchoͤn	_	_	_	
5-14	1352-1353	,	_	_	_	
5-15	1354-1358	wann	_	_	_	
5-16	1359-1361	zu	_	_	_	
5-17	1362-1366	viel	_	_	_	
5-18	1367-1373	Waſſer	_	_	_	
5-19	1374-1378	drun	_	_	_	
5-20	1378-1379	-	_	_	_	
5-21	1380-1383	ter	_	_	_	
5-22	1384-1392	gegoſſen	_	_	_	
5-23	1393-1399	worden	_	_	_	
5-24	1399-1400	.	_	_	_	

#Text=Der ſchoͤnſte Honig, und der am
#Text=meiſten geachtet wird, kommt aus
#Text=Languedoc, und iſt weiß, inſonderheit
#Text=der von Corbiere/ einem kleinen Dorf-
#Text=fe, drey Meilen diſſeits Narbonne/
#Text=
#Text=welches der Ort iſt, da der ſchoͤnſte Ho-
#Text=nig herkommt, der insgemein Honig
#Text=von Narbonne genennet wird, ſo aber
#Text=falſch iſt, indem man in Narbonne
#Text=nicht einmahl weiß, was Honig von
#Text=Narbonne ſeyn ſoll, wohl aber von
#Text=Corbiere:
#Text=doch dieſer Zuname iſt ihm
#Text=
#Text=deswegen gegeben worden, weil Nar-
#Text=bonne eine groſſe Stadt und beſſer be-
#Text=kannt iſt, als Corbiere, welches nur ein
#Text=Doͤrfflein.
6-1	1404-1407	Der	_	_	_	
6-2	1408-1417	ſchoͤnſte	_	_	_	
6-3	1418-1423	Honig	_	_	_	
6-4	1423-1424	,	_	_	_	
6-5	1425-1428	und	_	_	_	
6-6	1429-1432	der	_	_	_	
6-7	1433-1435	am	_	_	_	
6-8	1436-1443	meiſten	_	_	_	
6-9	1444-1452	geachtet	_	_	_	
6-10	1453-1457	wird	_	_	_	
6-11	1457-1458	,	_	_	_	
6-12	1459-1464	kommt	_	_	_	
6-13	1465-1468	aus	_	_	_	
6-14	1469-1478	Languedoc	_	_	_	
6-15	1478-1479	,	_	_	_	
6-16	1480-1483	und	_	_	_	
6-17	1484-1487	iſt	_	_	_	
6-18	1488-1492	weiß	_	_	_	
6-19	1492-1493	,	_	_	_	
6-20	1494-1506	inſonderheit	_	_	_	
6-21	1507-1510	der	_	_	_	
6-22	1511-1514	von	_	_	_	
6-23	1515-1523	Corbiere	_	_	_	
6-24	1523-1524	/	_	_	_	
6-25	1525-1530	einem	_	_	_	
6-26	1531-1538	kleinen	_	_	_	
6-27	1539-1543	Dorf	_	_	_	
6-28	1543-1544	-	_	_	_	
6-29	1545-1547	fe	_	_	_	
6-30	1547-1548	,	_	_	_	
6-31	1549-1553	drey	_	_	_	
6-32	1554-1560	Meilen	_	_	_	
6-33	1561-1569	diſſeits	_	_	_	
6-34	1570-1578	Narbonne	_	_	_	
6-35	1578-1579	/	_	_	_	
6-36	1581-1588	welches	_	_	_	
6-37	1589-1592	der	_	_	_	
6-38	1593-1596	Ort	_	_	_	
6-39	1597-1600	iſt	_	_	_	
6-40	1600-1601	,	_	_	_	
6-41	1602-1604	da	_	_	_	
6-42	1605-1608	der	_	_	_	
6-43	1609-1618	ſchoͤnſte	_	_	_	
6-44	1619-1621	Ho	_	_	_	
6-45	1621-1622	-	_	_	_	
6-46	1623-1626	nig	_	_	_	
6-47	1627-1635	herkommt	_	_	_	
6-48	1635-1636	,	_	_	_	
6-49	1637-1640	der	_	_	_	
6-50	1641-1650	insgemein	_	_	_	
6-51	1651-1656	Honig	_	_	_	
6-52	1657-1660	von	_	_	_	
6-53	1661-1669	Narbonne	_	_	_	
6-54	1670-1678	genennet	_	_	_	
6-55	1679-1683	wird	_	_	_	
6-56	1683-1684	,	_	_	_	
6-57	1685-1687	ſo	_	_	_	
6-58	1688-1692	aber	_	_	_	
6-59	1693-1699	falſch	_	_	_	
6-60	1700-1703	iſt	_	_	_	
6-61	1703-1704	,	_	_	_	
6-62	1705-1710	indem	_	_	_	
6-63	1711-1714	man	_	_	_	
6-64	1715-1717	in	_	_	_	
6-65	1718-1726	Narbonne	_	_	_	
6-66	1727-1732	nicht	_	_	_	
6-67	1733-1740	einmahl	_	_	_	
6-68	1741-1745	weiß	_	_	_	
6-69	1745-1746	,	_	_	_	
6-70	1747-1750	was	_	_	_	
6-71	1751-1756	Honig	_	_	_	
6-72	1757-1760	von	_	_	_	
6-73	1761-1769	Narbonne	_	_	_	
6-74	1770-1774	ſeyn	_	_	_	
6-75	1775-1779	ſoll	_	_	_	
6-76	1779-1780	,	_	_	_	
6-77	1781-1785	wohl	_	_	_	
6-78	1786-1790	aber	_	_	_	
6-79	1791-1794	von	_	_	_	
6-80	1795-1803	Corbiere	_	_	_	
6-81	1803-1804	:	_	_	_	
6-82	1805-1809	doch	_	_	_	
6-83	1810-1816	dieſer	_	_	_	
6-84	1817-1823	Zuname	_	_	_	
6-85	1824-1827	iſt	_	_	_	
6-86	1828-1831	ihm	_	_	_	
6-87	1833-1841	deswegen	_	_	_	
6-88	1842-1849	gegeben	_	_	_	
6-89	1850-1856	worden	_	_	_	
6-90	1856-1857	,	_	_	_	
6-91	1858-1862	weil	_	_	_	
6-92	1863-1866	Nar	_	_	_	
6-93	1866-1867	-	_	_	_	
6-94	1868-1873	bonne	_	_	_	
6-95	1874-1878	eine	_	_	_	
6-96	1879-1885	groſſe	_	_	_	
6-97	1886-1891	Stadt	_	_	_	
6-98	1892-1895	und	_	_	_	
6-99	1896-1902	beſſer	_	_	_	
6-100	1903-1905	be	_	_	_	
6-101	1905-1906	-	_	_	_	
6-102	1907-1912	kannt	_	_	_	
6-103	1913-1916	iſt	_	_	_	
6-104	1916-1917	,	_	_	_	
6-105	1918-1921	als	_	_	_	
6-106	1922-1930	Corbiere	_	_	_	
6-107	1930-1931	,	_	_	_	
6-108	1932-1939	welches	_	_	_	
6-109	1940-1943	nur	_	_	_	
6-110	1944-1947	ein	_	_	_	
6-111	1948-1958	Doͤrfflein	_	_	_	
6-112	1958-1959	.	_	_	_	

#Text=Weiſſer Ho-
#Text=nig von Nar-
#Text=bonne.
7-1	1963-1970	Weiſſer	_	_	_	
7-2	1971-1973	Ho	_	_	_	
7-3	1973-1974	-	_	_	_	
7-4	1975-1978	nig	_	_	_	
7-5	1979-1982	von	_	_	_	
7-6	1983-1986	Nar	_	_	_	
7-7	1986-1987	-	_	_	_	
7-8	1988-1993	bonne	_	_	_	
7-9	1993-1994	.	_	_	_	
