#FORMAT=WebAnno TSV 3.3
#T_SP=custom.Span|label
#T_RL=custom.Relation|label|BT_custom.Span


#Text=Zoo
#Text=kan men noemen de Aarde in Boomgaarden en Teeltuinen;
#Text=alwaar de afval der
#Text=+
#Text=
#Text=Groente en Fruiten met de Aarde vermengd worde.
1-1	2-5	Zoo	_	_	_	
1-2	6-9	kan	_	_	_	
1-3	10-13	men	_	_	_	
1-4	14-20	noemen	_	_	_	
1-5	21-23	de	_	_	_	
1-6	24-29	Aarde	_	_	_	
1-7	30-32	in	_	_	_	
1-8	33-44	Boomgaarden	_	_	_	
1-9	45-47	en	_	_	_	
1-10	48-58	Teeltuinen	_	_	_	
1-11	58-59	;	_	_	_	
1-12	60-66	alwaar	_	_	_	
1-13	67-69	de	_	_	_	
1-14	70-75	afval	_	_	_	
1-15	76-79	der	_	_	_	
1-16	80-81	+	_	_	_	
1-17	83-90	Groente	_	_	_	
1-18	91-93	en	_	_	_	
1-19	94-101	Fruiten	_	_	_	
1-20	102-105	met	_	_	_	
1-21	106-108	de	_	_	_	
1-22	109-114	Aarde	_	_	_	
1-23	115-123	vermengd	_	_	_	
1-24	124-129	worde	_	_	_	
1-25	129-130	.	_	_	_	

#Text=TUIN-AARDE.
2-1	132-142	TUIN-AARDE	_	_	_	
2-2	142-143	.	_	_	_	

#Text=Vyfde Soort.
3-1	146-151	Vyfde	_	_	_	
3-2	152-157	Soort	_	_	_	
3-3	157-158	.	_	_	_	

#Text=Run-aarde
4-1	160-169	Run-aarde	_	_	_	

#Text=.
5-1	169-170	.	_	_	_	

#Text=+
#Text=
#Text=
#Text=
#Text=De Run van de Leertouweryen, of de bast der Eikenboomen, die eigentlyk Run is,
#Text=word zeer veel in Broei-aarden, en ook wel tot sieraad in de Tuinen gebezigd:
#Text=
#Text=dezelve maakt eene vette broeiende heete Aarde, die zig zelve door den reuk en de
#Text=bruine koleur onderscheid
6-1	172-173	+	_	_	_	
6-2	177-179	De	_	_	_	
6-3	180-183	Run	_	_	_	
6-4	184-187	van	_	_	_	
6-5	188-190	de	_	_	_	
6-6	191-204	Leertouweryen	_	_	_	
6-7	204-205	,	_	_	_	
6-8	206-208	of	_	_	_	
6-9	209-211	de	_	_	_	
6-10	212-216	bast	_	_	_	
6-11	217-220	der	_	_	_	
6-12	221-232	Eikenboomen	_	_	_	
6-13	232-233	,	_	_	_	
6-14	234-237	die	_	_	_	
6-15	238-247	eigentlyk	_	_	_	
6-16	248-251	Run	_	_	_	
6-17	252-254	is	_	_	_	
6-18	254-255	,	_	_	_	
6-19	256-260	word	_	_	_	
6-20	261-265	zeer	_	_	_	
6-21	266-270	veel	_	_	_	
6-22	271-273	in	_	_	_	
6-23	274-286	Broei-aarden	_	_	_	
6-24	286-287	,	_	_	_	
6-25	288-290	en	_	_	_	
6-26	291-294	ook	_	_	_	
6-27	295-298	wel	_	_	_	
6-28	299-302	tot	_	_	_	
6-29	303-310	sieraad	_	_	_	
6-30	311-313	in	Location[1]	_	_	
6-31	314-316	de	Location[1]	_	_	
6-32	317-323	Tuinen	Location[1]	_	_	
6-33	324-332	gebezigd	_	_	_	
6-34	332-333	:	_	_	_	
6-35	335-342	dezelve	_	_	_	
6-36	343-348	maakt	_	_	_	
6-37	349-353	eene	Smell\_Source[2]	_	_	
6-38	354-359	vette	Smell\_Source[2]	_	_	
6-39	360-369	broeiende	Smell\_Source[2]	_	_	
6-40	370-375	heete	Smell\_Source[2]	_	_	
6-41	376-381	Aarde	Smell\_Source[2]	_	_	
6-42	381-382	,	_	_	_	
6-43	383-386	die	_	_	_	
6-44	387-390	zig	Smell\_Source[3]	Anaphoric	6-37[2_3]	
6-45	391-396	zelve	Smell\_Source[3]	_	_	
6-46	397-401	door	_	_	_	
6-47	402-405	den	_	_	_	
6-48	406-410	reuk	Smell\_Word	*|*	6-44[3_0]|6-30[1_0]	
6-49	411-413	en	_	_	_	
6-50	414-416	de	_	_	_	
6-51	417-423	bruine	_	_	_	
6-52	424-430	koleur	_	_	_	
6-53	431-442	onderscheid	_	_	_	

#Text=.
7-1	442-443	.	_	_	_	

#Text=+
#Text=
#Text=RUN-AARDE.
8-1	446-447	+	_	_	_	
8-2	449-458	RUN-AARDE	_	_	_	
8-3	458-459	.	_	_	_	

#Text=Vierde
#Text=Geslagt.
9-1	462-468	Vierde	_	_	_	
9-2	469-476	Geslagt	_	_	_	
9-3	476-477	.	_	_	_	

#Text=Zwarte teel-aarde, met allerleien mest van dieren vermengd
10-1	479-485	Zwarte	_	_	_	
10-2	486-496	teel-aarde	_	_	_	
10-3	496-497	,	_	_	_	
10-4	498-501	met	_	_	_	
10-5	502-512	allerleien	_	_	_	
10-6	513-517	mest	_	_	_	
10-7	518-521	van	_	_	_	
10-8	522-528	dieren	_	_	_	
10-9	529-537	vermengd	_	_	_	

#Text=.
11-1	537-538	.	_	_	_	

#Text=+
#Text=
#Text=
#Text=Men bespeurt deeze Soorten overvloedig in de beste streeken van onze Weilanden;
#Text=en het zy dezelven
#Text=meer of min Zand, of Klaideelen, of Veen-aarde ten grondslage
#Text=+TEEL-AARDE, MET DIEREN
#Text=
#Text=MEST.
12-1	540-541	+	_	_	_	
12-2	544-547	Men	_	_	_	
12-3	548-556	bespeurt	_	_	_	
12-4	557-562	deeze	_	_	_	
12-5	563-570	Soorten	_	_	_	
12-6	571-582	overvloedig	_	_	_	
12-7	583-585	in	_	_	_	
12-8	586-588	de	_	_	_	
12-9	589-594	beste	_	_	_	
12-10	595-603	streeken	_	_	_	
12-11	604-607	van	_	_	_	
12-12	608-612	onze	_	_	_	
12-13	613-622	Weilanden	_	_	_	
12-14	622-623	;	_	_	_	
12-15	624-626	en	_	_	_	
12-16	627-630	het	_	_	_	
12-17	631-633	zy	_	_	_	
12-18	634-642	dezelven	_	_	_	
12-19	643-647	meer	_	_	_	
12-20	648-650	of	_	_	_	
12-21	651-654	min	_	_	_	
12-22	655-659	Zand	_	_	_	
12-23	659-660	,	_	_	_	
12-24	661-663	of	_	_	_	
12-25	664-674	Klaideelen	_	_	_	
12-26	674-675	,	_	_	_	
12-27	676-678	of	_	_	_	
12-28	679-689	Veen-aarde	_	_	_	
12-29	690-693	ten	_	_	_	
12-30	694-704	grondslage	_	_	_	
12-31	705-706	+	_	_	_	
12-32	706-716	TEEL-AARDE	_	_	_	
12-33	716-717	,	_	_	_	
12-34	718-721	MET	_	_	_	
12-35	722-728	DIEREN	_	_	_	
12-36	730-734	MEST	_	_	_	
12-37	734-735	.	_	_	_	
