#FORMAT=WebAnno TSV 3.3
#T_SP=custom.Span|label
#T_RL=custom.Relation|label|BT_custom.Span


#Text=Vom Roſmarin.
1-1	2-5	Vom	_	_	_	
1-2	6-14	Roſmarin	_	_	_	
1-3	14-15	.	_	_	_	

#Text=DEr Rosmarin iſt ein ſo gemeines
#Text=
#Text=Kraut, daß es gantz unnuͤtzlich ſeyn
#Text=wuͤrde, wenn ich es lange beſchreiben
#Text=
#Text=wolte: wenn auch nicht ſo unterſchiede-
#Text=ne Sachen daraus bereitet wuͤrden, mit
#Text=denen wir einen anſehnlichen Handel
#Text=
#Text=treiben, wolte ich gar nichts davon ge-
#Text=meldet haben.
2-1	18-21	DEr	_	_	_	
2-2	22-30	Rosmarin	_	_	_	
2-3	31-34	iſt	_	_	_	
2-4	35-38	ein	_	_	_	
2-5	39-41	ſo	_	_	_	
2-6	42-50	gemeines	_	_	_	
2-7	52-57	Kraut	_	_	_	
2-8	57-58	,	_	_	_	
2-9	59-62	daß	_	_	_	
2-10	63-65	es	_	_	_	
2-11	66-71	gantz	_	_	_	
2-12	72-83	unnuͤtzlich	_	_	_	
2-13	84-88	ſeyn	_	_	_	
2-14	89-95	wuͤrde	_	_	_	
2-15	95-96	,	_	_	_	
2-16	97-101	wenn	_	_	_	
2-17	102-105	ich	_	_	_	
2-18	106-108	es	_	_	_	
2-19	109-114	lange	_	_	_	
2-20	115-126	beſchreiben	_	_	_	
2-21	128-133	wolte	_	_	_	
2-22	133-134	:	_	_	_	
2-23	135-139	wenn	_	_	_	
2-24	140-144	auch	_	_	_	
2-25	145-150	nicht	_	_	_	
2-26	151-153	ſo	_	_	_	
2-27	154-166	unterſchiede	_	_	_	
2-28	166-167	-	_	_	_	
2-29	168-170	ne	_	_	_	
2-30	171-177	Sachen	_	_	_	
2-31	178-184	daraus	_	_	_	
2-32	185-193	bereitet	_	_	_	
2-33	194-201	wuͤrden	_	_	_	
2-34	201-202	,	_	_	_	
2-35	203-206	mit	_	_	_	
2-36	207-212	denen	_	_	_	
2-37	213-216	wir	_	_	_	
2-38	217-222	einen	_	_	_	
2-39	223-235	anſehnlichen	_	_	_	
2-40	236-242	Handel	_	_	_	
2-41	244-251	treiben	_	_	_	
2-42	251-252	,	_	_	_	
2-43	253-258	wolte	_	_	_	
2-44	259-262	ich	_	_	_	
2-45	263-266	gar	_	_	_	
2-46	267-273	nichts	_	_	_	
2-47	274-279	davon	_	_	_	
2-48	280-282	ge	_	_	_	
2-49	282-283	-	_	_	_	
2-50	284-290	meldet	_	_	_	
2-51	291-296	haben	_	_	_	
2-52	296-297	.	_	_	_	

#Text=Will alſo bey dem Oel
#Text=den Anfang machen, welches aus ſeinen
#Text=Blaͤttern und Blumen gezogen wird,
#Text=
#Text=wenn man einen gantzen Hauffen Ros-
#Text=marin in einen ausdruͤcklich hierzu ver-
#Text=
#Text=fer-
#Text=
#Text=
#Text=Rosmarinoͤl.
3-1	298-302	Will	_	_	_	
3-2	303-307	alſo	_	_	_	
3-3	308-311	bey	_	_	_	
3-4	312-315	dem	_	_	_	
3-5	316-319	Oel	_	_	_	
3-6	320-323	den	_	_	_	
3-7	324-330	Anfang	_	_	_	
3-8	331-337	machen	_	_	_	
3-9	337-338	,	_	_	_	
3-10	339-346	welches	_	_	_	
3-11	347-350	aus	_	_	_	
3-12	351-357	ſeinen	_	_	_	
3-13	358-367	Blaͤttern	_	_	_	
3-14	368-371	und	_	_	_	
3-15	372-378	Blumen	_	_	_	
3-16	379-386	gezogen	_	_	_	
3-17	387-391	wird	_	_	_	
3-18	391-392	,	_	_	_	
3-19	394-398	wenn	_	_	_	
3-20	399-402	man	_	_	_	
3-21	403-408	einen	_	_	_	
3-22	409-416	gantzen	_	_	_	
3-23	417-424	Hauffen	_	_	_	
3-24	425-428	Ros	_	_	_	
3-25	428-429	-	_	_	_	
3-26	430-435	marin	_	_	_	
3-27	436-438	in	_	_	_	
3-28	439-444	einen	_	_	_	
3-29	445-458	ausdruͤcklich	_	_	_	
3-30	459-465	hierzu	_	_	_	
3-31	466-469	ver	_	_	_	
3-32	469-470	-	_	_	_	
3-33	472-475	fer	_	_	_	
3-34	475-476	-	_	_	_	
3-35	479-490	Rosmarinoͤl	_	_	_	
3-36	490-491	.	_	_	_	

#Text=P 2\f
#Text=[0204
#Text=]
#Text=
#Text=
#Text=Der Spezereyen und Materialien
#Text=
#Text=
#Text=
#Text=fertigten Kolben thut, und eine gebuͤhr-
#Text=liche Menge ſchlecht Waſſer dazu geußt,
#Text=hernach Feuer drunter macht, und auf
#Text=dieſe Weiſe ein weiſſes klares Oel her-
#Text=uͤber treibt, welches uͤberaus durchdrin-
#Text=gend iſt, und ſtarck riechet, auch viele
#Text=herrlich ſchoͤne Eigenſchaften hat.
4-1	493-494	P	_	_	_	
4-2	495-496	2	_	_	_	
4-3	498-499	[	_	_	_	
4-4	499-503	0204	_	_	_	
4-5	504-505	]	_	_	_	
4-6	508-511	Der	Circumstances[1]	_	_	
4-7	512-522	Spezereyen	Circumstances[1]	_	_	
4-8	523-526	und	Circumstances[1]	_	_	
4-9	527-538	Materialien	Circumstances[1]	_	_	
4-10	542-551	fertigten	Circumstances[1]	_	_	
4-11	552-558	Kolben	Circumstances[1]	_	_	
4-12	559-563	thut	Circumstances[1]	_	_	
4-13	563-564	,	Circumstances[1]	_	_	
4-14	565-568	und	Circumstances[1]	_	_	
4-15	569-573	eine	Circumstances[1]	_	_	
4-16	574-581	gebuͤhr	Circumstances[1]	_	_	
4-17	581-582	-	Circumstances[1]	_	_	
4-18	583-588	liche	Circumstances[1]	_	_	
4-19	589-594	Menge	Circumstances[1]	_	_	
4-20	595-603	ſchlecht	Circumstances[1]	_	_	
4-21	604-610	Waſſer	Circumstances[1]	_	_	
4-22	611-615	dazu	Circumstances[1]	_	_	
4-23	616-621	geußt	Circumstances[1]	_	_	
4-24	621-622	,	Circumstances[1]	_	_	
4-25	623-630	hernach	Circumstances[1]	_	_	
4-26	631-636	Feuer	Circumstances[1]	_	_	
4-27	637-644	drunter	Circumstances[1]	_	_	
4-28	645-650	macht	Circumstances[1]	_	_	
4-29	650-651	,	_	_	_	
4-30	652-655	und	_	_	_	
4-31	656-659	auf	_	_	_	
4-32	660-665	dieſe	_	_	_	
4-33	666-671	Weiſe	_	_	_	
4-34	672-675	ein	_	_	_	
4-35	676-683	weiſſes	_	_	_	
4-36	684-690	klares	_	_	_	
4-37	691-694	Oel	Smell\_Source	_	_	
4-38	695-698	her	_	_	_	
4-39	698-699	-	_	_	_	
4-40	700-705	uͤber	_	_	_	
4-41	706-712	treibt	_	_	_	
4-42	712-713	,	_	_	_	
4-43	714-721	welches	_	_	_	
4-44	722-730	uͤberaus	_	_	_	
4-45	731-740	durchdrin	_	_	_	
4-46	740-741	-	_	_	_	
4-47	742-746	gend	_	_	_	
4-48	747-750	iſt	_	_	_	
4-49	750-751	,	_	_	_	
4-50	752-755	und	_	_	_	
4-51	756-762	ſtarck	Quality	_	_	
4-52	763-770	riechet	Smell\_Word	*|*|*|*	4-37|4-51|4-6[1_0]|5-15[2_0]	
4-53	770-771	,	_	_	_	
4-54	772-776	auch	_	_	_	
4-55	777-782	viele	_	_	_	
4-56	783-791	herrlich	_	_	_	
4-57	792-799	ſchoͤne	_	_	_	
4-58	800-813	Eigenſchaften	_	_	_	
4-59	814-817	hat	_	_	_	
4-60	817-818	.	_	_	_	

#Text=Die
#Text=Koſtbarkeit dieſes Oels, zumahl, weil
#Text=man ſo gar wenig bekommt, hat etliche
#Text=veranlaſſet, daſſelbige zu verfaͤlſchen,
#Text=und ein anders dafuͤr unterzuſchieben.
5-1	819-822	Die	_	_	_	
5-2	823-834	Koſtbarkeit	_	_	_	
5-3	835-841	dieſes	_	_	_	
5-4	842-846	Oels	_	_	_	
5-5	846-847	,	_	_	_	
5-6	848-854	zumahl	_	_	_	
5-7	854-855	,	_	_	_	
5-8	856-860	weil	_	_	_	
5-9	861-864	man	_	_	_	
5-10	865-867	ſo	_	_	_	
5-11	868-871	gar	_	_	_	
5-12	872-877	wenig	_	_	_	
5-13	878-885	bekommt	_	_	_	
5-14	885-886	,	_	_	_	
5-15	887-890	hat	Effect[2]	_	_	
5-16	891-898	etliche	Effect[2]	_	_	
5-17	899-910	veranlaſſet	Effect[2]	_	_	
5-18	910-911	,	Effect[2]	_	_	
5-19	912-922	daſſelbige	Effect[2]	_	_	
5-20	923-925	zu	Effect[2]	_	_	
5-21	926-938	verfaͤlſchen	Effect[2]	_	_	
5-22	938-939	,	Effect[2]	_	_	
5-23	940-943	und	Effect[2]	_	_	
5-24	944-947	ein	Effect[2]	_	_	
5-25	948-954	anders	Effect[2]	_	_	
5-26	955-961	dafuͤr	Effect[2]	_	_	
5-27	962-977	unterzuſchieben	Effect[2]	_	_	
5-28	977-978	.	_	_	_	

#Text=Wie dann die meiſten, die dieſes Oel zu
#Text=verkauffen haben, kein anderes, denn
#Text=ein ſolches Rosmarinoͤl verkauffen, dar-
#Text=unter ſie Spir.
6-1	980-983	Wie	_	_	_	
6-2	984-988	dann	_	_	_	
6-3	989-992	die	_	_	_	
6-4	993-1000	meiſten	_	_	_	
6-5	1000-1001	,	_	_	_	
6-6	1002-1005	die	_	_	_	
6-7	1006-1012	dieſes	_	_	_	
6-8	1013-1016	Oel	_	_	_	
6-9	1017-1019	zu	_	_	_	
6-10	1020-1030	verkauffen	_	_	_	
6-11	1031-1036	haben	_	_	_	
6-12	1036-1037	,	_	_	_	
6-13	1038-1042	kein	_	_	_	
6-14	1043-1050	anderes	_	_	_	
6-15	1050-1051	,	_	_	_	
6-16	1052-1056	denn	_	_	_	
6-17	1057-1060	ein	_	_	_	
6-18	1061-1068	ſolches	_	_	_	
6-19	1069-1080	Rosmarinoͤl	_	_	_	
6-20	1081-1091	verkauffen	_	_	_	
6-21	1091-1092	,	_	_	_	
6-22	1093-1096	dar	_	_	_	
6-23	1096-1097	-	_	_	_	
6-24	1098-1103	unter	_	_	_	
6-25	1104-1107	ſie	_	_	_	
6-26	1108-1112	Spir	_	_	_	
6-27	1112-1113	.	_	_	_	

#Text=Vin.
#Text=gethan: oder ſie ver-
#Text=kauffen Spicoͤl, Lavendeloͤl und andere
#Text=aromatiſche Oele an jenes ſtatt, welches
#Text=aber gar bald zu verſpuͤren, denn das
#Text=wahrhafte Rosmarinoͤl muß weiß, klar
#Text=
#Text=und durchſcheinend ſeyn, von lieblichem
#Text=und durchdringendem Geruch.
7-1	1114-1117	Vin	_	_	_	
7-2	1117-1118	.	_	_	_	
7-3	1119-1125	gethan	_	_	_	
7-4	1125-1126	:	_	_	_	
7-5	1127-1131	oder	_	_	_	
7-6	1132-1135	ſie	_	_	_	
7-7	1136-1139	ver	_	_	_	
7-8	1139-1140	-	_	_	_	
7-9	1141-1148	kauffen	_	_	_	
7-10	1149-1156	Spicoͤl	_	_	_	
7-11	1156-1157	,	_	_	_	
7-12	1158-1169	Lavendeloͤl	_	_	_	
7-13	1170-1173	und	_	_	_	
7-14	1174-1180	andere	_	_	_	
7-15	1181-1192	aromatiſche	_	_	_	
7-16	1193-1197	Oele	_	_	_	
7-17	1198-1200	an	_	_	_	
7-18	1201-1206	jenes	_	_	_	
7-19	1207-1212	ſtatt	_	_	_	
7-20	1212-1213	,	_	_	_	
7-21	1214-1221	welches	_	_	_	
7-22	1222-1226	aber	_	_	_	
7-23	1227-1230	gar	_	_	_	
7-24	1231-1235	bald	_	_	_	
7-25	1236-1238	zu	_	_	_	
7-26	1239-1249	verſpuͤren	_	_	_	
7-27	1249-1250	,	_	_	_	
7-28	1251-1255	denn	_	_	_	
7-29	1256-1259	das	_	_	_	
7-30	1260-1269	wahrhafte	_	_	_	
7-31	1270-1281	Rosmarinoͤl	Smell\_Source	_	_	
7-32	1282-1285	muß	_	_	_	
7-33	1286-1290	weiß	_	_	_	
7-34	1290-1291	,	_	_	_	
7-35	1292-1296	klar	_	_	_	
7-36	1298-1301	und	_	_	_	
7-37	1302-1316	durchſcheinend	_	_	_	
7-38	1317-1321	ſeyn	_	_	_	
7-39	1321-1322	,	_	_	_	
7-40	1323-1326	von	_	_	_	
7-41	1327-1337	lieblichem	Quality	_	_	
7-42	1338-1341	und	_	_	_	
7-43	1342-1357	durchdringendem	Quality	_	_	
7-44	1358-1364	Geruch	Smell\_Word	*|*|*	7-31|7-41|7-43	
7-45	1364-1365	.	_	_	_	

#Text=Dieſes Oel, das man mit allem Recht
#Text=die Eſſentz oder das fuͤnffte Weſen des
#Text=Rosmarins nennen koͤnte, hat in der
#Text=Medicin einen und den andern Nu-
#Text=tzen:
#Text=doch wird es weit mehr von
#Text=den Parfumirern und andern Pri-
#Text=vatleuten gebraucht, welche zum Theil
#Text=ihre Saͤfte und Waſſer damit anma-
#Text=chen, zum Theil aber daſſelbe zu Heilung
#Text=der Wunden anwenden, denn es ein
#Text=herrlich ſpecificum und koͤſtlicher Bal-
#Text=ſam zu dergleichen Schaͤden iſt.
8-1	1368-1374	Dieſes	_	_	_	
8-2	1375-1378	Oel	_	_	_	
8-3	1378-1379	,	_	_	_	
8-4	1380-1383	das	_	_	_	
8-5	1384-1387	man	_	_	_	
8-6	1388-1391	mit	_	_	_	
8-7	1392-1397	allem	_	_	_	
8-8	1398-1403	Recht	_	_	_	
8-9	1404-1407	die	_	_	_	
8-10	1408-1415	Eſſentz	_	_	_	
8-11	1416-1420	oder	_	_	_	
8-12	1421-1424	das	_	_	_	
8-13	1425-1433	fuͤnffte	_	_	_	
8-14	1434-1439	Weſen	_	_	_	
8-15	1440-1443	des	_	_	_	
8-16	1444-1453	Rosmarins	_	_	_	
8-17	1454-1460	nennen	_	_	_	
8-18	1461-1467	koͤnte	_	_	_	
8-19	1467-1468	,	_	_	_	
8-20	1469-1472	hat	_	_	_	
8-21	1473-1475	in	_	_	_	
8-22	1476-1479	der	_	_	_	
8-23	1480-1487	Medicin	_	_	_	
8-24	1488-1493	einen	_	_	_	
8-25	1494-1497	und	_	_	_	
8-26	1498-1501	den	_	_	_	
8-27	1502-1508	andern	_	_	_	
8-28	1509-1511	Nu	_	_	_	
8-29	1511-1512	-	_	_	_	
8-30	1513-1517	tzen	_	_	_	
8-31	1517-1518	:	_	_	_	
8-32	1519-1523	doch	_	_	_	
8-33	1524-1528	wird	_	_	_	
8-34	1529-1531	es	_	_	_	
8-35	1532-1536	weit	_	_	_	
8-36	1537-1541	mehr	_	_	_	
8-37	1542-1545	von	_	_	_	
8-38	1546-1549	den	_	_	_	
8-39	1550-1561	Parfumirern	_	_	_	
8-40	1562-1565	und	_	_	_	
8-41	1566-1572	andern	_	_	_	
8-42	1573-1576	Pri	_	_	_	
8-43	1576-1577	-	_	_	_	
8-44	1578-1587	vatleuten	_	_	_	
8-45	1588-1597	gebraucht	_	_	_	
8-46	1597-1598	,	_	_	_	
8-47	1599-1605	welche	_	_	_	
8-48	1606-1609	zum	_	_	_	
8-49	1610-1615	Theil	_	_	_	
8-50	1616-1620	ihre	_	_	_	
8-51	1621-1627	Saͤfte	_	_	_	
8-52	1628-1631	und	_	_	_	
8-53	1632-1638	Waſſer	_	_	_	
8-54	1639-1644	damit	_	_	_	
8-55	1645-1649	anma	_	_	_	
8-56	1649-1650	-	_	_	_	
8-57	1651-1655	chen	_	_	_	
8-58	1655-1656	,	_	_	_	
8-59	1657-1660	zum	_	_	_	
8-60	1661-1666	Theil	_	_	_	
8-61	1667-1671	aber	_	_	_	
8-62	1672-1680	daſſelbe	_	_	_	
8-63	1681-1683	zu	_	_	_	
8-64	1684-1691	Heilung	_	_	_	
8-65	1692-1695	der	_	_	_	
8-66	1696-1702	Wunden	_	_	_	
8-67	1703-1711	anwenden	_	_	_	
8-68	1711-1712	,	_	_	_	
8-69	1713-1717	denn	_	_	_	
8-70	1718-1720	es	_	_	_	
8-71	1721-1724	ein	_	_	_	
8-72	1725-1733	herrlich	_	_	_	
8-73	1734-1744	ſpecificum	_	_	_	
8-74	1745-1748	und	_	_	_	
8-75	1749-1760	koͤſtlicher	_	_	_	
8-76	1761-1764	Bal	_	_	_	
8-77	1764-1765	-	_	_	_	
8-78	1766-1769	ſam	_	_	_	
8-79	1770-1772	zu	_	_	_	
8-80	1773-1784	dergleichen	_	_	_	
8-81	1785-1793	Schaͤden	_	_	_	
8-82	1794-1797	iſt	_	_	_	
8-83	1797-1798	.	_	_	_	

#Text=Dieſe
#Text=
#Text=treffliche Eigenſchaften haben denen auf
#Text=dem Theater ſtehenden Marcktſchrey-
#Text=ern und Qvackſalbern Anleitung gege-
#Text=ben, daß ſie ihre vornehmſte Waare
#Text=daraus bereiten, und ſtets bey ihrer auf-
#Text=richtigen Rosmarin-Eſſentz und Oel zu
#Text=ſchweren pflegen, ob ſchon dieſe ſo ge-
#Text=ruͤhmte Eſſentz blos aus Terpentinoͤle
9-1	1799-1804	Dieſe	_	_	_	
9-2	1806-1816	treffliche	_	_	_	
9-3	1817-1830	Eigenſchaften	_	_	_	
9-4	1831-1836	haben	_	_	_	
9-5	1837-1842	denen	_	_	_	
9-6	1843-1846	auf	_	_	_	
9-7	1847-1850	dem	_	_	_	
9-8	1851-1858	Theater	_	_	_	
9-9	1859-1868	ſtehenden	_	_	_	
9-10	1869-1881	Marcktſchrey	_	_	_	
9-11	1881-1882	-	_	_	_	
9-12	1883-1886	ern	_	_	_	
9-13	1887-1890	und	_	_	_	
9-14	1891-1903	Qvackſalbern	_	_	_	
9-15	1904-1913	Anleitung	_	_	_	
9-16	1914-1918	gege	_	_	_	
9-17	1918-1919	-	_	_	_	
9-18	1920-1923	ben	_	_	_	
9-19	1923-1924	,	_	_	_	
9-20	1925-1928	daß	_	_	_	
9-21	1929-1932	ſie	_	_	_	
9-22	1933-1937	ihre	_	_	_	
9-23	1938-1948	vornehmſte	_	_	_	
9-24	1949-1954	Waare	_	_	_	
9-25	1955-1961	daraus	_	_	_	
9-26	1962-1970	bereiten	_	_	_	
9-27	1970-1971	,	_	_	_	
9-28	1972-1975	und	_	_	_	
9-29	1976-1981	ſtets	_	_	_	
9-30	1982-1985	bey	_	_	_	
9-31	1986-1991	ihrer	_	_	_	
9-32	1992-1995	auf	_	_	_	
9-33	1995-1996	-	_	_	_	
9-34	1997-2006	richtigen	_	_	_	
9-35	2007-2023	Rosmarin-Eſſentz	_	_	_	
9-36	2024-2027	und	_	_	_	
9-37	2028-2031	Oel	_	_	_	
9-38	2032-2034	zu	_	_	_	
9-39	2035-2043	ſchweren	_	_	_	
9-40	2044-2051	pflegen	_	_	_	
9-41	2051-2052	,	_	_	_	
9-42	2053-2055	ob	_	_	_	
9-43	2056-2061	ſchon	_	_	_	
9-44	2062-2067	dieſe	_	_	_	
9-45	2068-2070	ſo	_	_	_	
9-46	2071-2073	ge	_	_	_	
9-47	2073-2074	-	_	_	_	
9-48	2075-2082	ruͤhmte	_	_	_	
9-49	2083-2090	Eſſentz	_	_	_	
9-50	2091-2095	blos	_	_	_	
9-51	2096-2099	aus	_	_	_	
9-52	2100-2113	Terpentinoͤle	_	_	_	
