{"_context" : {
    "_types" : {
      "DocumentMetaData" : {
        "_feature_types" : {"sofa" : "_ref" } }, 
      "Relation" : {
        "_feature_types" : {"sofa" : "_ref",  "Dependent" : "_ref",  "Governor" : "_ref" } }, 
      "Sentence" : {
        "_feature_types" : {"sofa" : "_ref" } }, 
      "Sofa" : {
        "_feature_types" : {"sofaArray" : "_ref" } }, 
      "Span" : {
        "_feature_types" : {"sofa" : "_ref" } }, 
      "TagsetDescription" : {
        "_feature_types" : {"sofa" : "_ref",  "tags" : "_ref" } }, 
      "Token" : {
        "_feature_types" : {"sofa" : "_ref",  "parent" : "_ref",  "lemma" : "_ref",  "stem" : "_ref",  "pos" : "_ref",  "morph" : "_ref",  "form" : "_ref" } }, 
      "DocumentAnnotation" : {
        "_feature_types" : {"sofa" : "_ref" }, 
        "_subtypes" : ["DocumentMetaData" ] }, 
      "Annotation" : {
        "_feature_types" : {"sofa" : "_ref" }, 
        "_subtypes" : ["DocumentAnnotation",  "Relation",  "Sentence",  "Span",  "TagsetDescription",  "Token" ] }, 
      "AnnotationBase" : {
        "_feature_types" : {"sofa" : "_ref" }, 
        "_subtypes" : ["Annotation" ] }, 
      "TOP" : {
        "_subtypes" : ["AnnotationBase",  "Sofa" ] } } }, 
  "_views" : {
    "_InitialView" : {
      "Relation" : [
        {"sofa" : 1,  "begin" : 8,  "end" : 14,  "Dependent" : 5001,  "Governor" : 5006 }, 
        {"sofa" : 1,  "begin" : 29,  "end" : 35,  "Dependent" : 4996,  "Governor" : 5011 }, 
        {"sofa" : 1,  "begin" : 58,  "end" : 64,  "Dependent" : 5035,  "Governor" : 5030 }, 
        {"sofa" : 1,  "begin" : 58,  "end" : 64,  "Dependent" : 5035,  "Governor" : 5064 }, 
        {"sofa" : 1,  "begin" : 77,  "end" : 83,  "Dependent" : 5052,  "Governor" : 5047 }, 
        {"sofa" : 1,  "begin" : 77,  "end" : 83,  "Dependent" : 5052,  "Governor" : 5064 }, 
        {"sofa" : 1,  "begin" : 197,  "end" : 206,  "Dependent" : 5088,  "Governor" : 5093 }, 
        {"sofa" : 1,  "begin" : 197,  "end" : 206,  "Dependent" : 5088,  "Governor" : 5105 }, 
        {"sofa" : 1,  "begin" : 197,  "end" : 206,  "Dependent" : 5088,  "Governor" : 5110 }, 
        {"sofa" : 1,  "begin" : 197,  "end" : 206,  "Dependent" : 5088,  "Governor" : 5115 }, 
        {"sofa" : 1,  "begin" : 322,  "end" : 329,  "Dependent" : 5083,  "Governor" : 5153 }, 
        {"sofa" : 1,  "begin" : 344,  "end" : 350,  "Dependent" : 5170,  "Governor" : 5165 }, 
        {"sofa" : 1,  "begin" : 344,  "end" : 350,  "Dependent" : 5170,  "Governor" : 5187 }, 
        {"sofa" : 1,  "begin" : 344,  "end" : 350,  "Dependent" : 5170,  "Governor" : 5199 }, 
        {"sofa" : 1,  "begin" : 462,  "end" : 468,  "Dependent" : 5216,  "Governor" : 5221 }, 
        {"sofa" : 1,  "begin" : 462,  "end" : 468,  "Dependent" : 5216,  "Governor" : 5211 }, 
        {"sofa" : 1,  "begin" : 505,  "end" : 511,  "Dependent" : 5245,  "Governor" : 5240 }, 
        {"sofa" : 1,  "begin" : 505,  "end" : 511,  "Dependent" : 5245,  "Governor" : 5257 }, 
        {"sofa" : 1,  "begin" : 505,  "end" : 511,  "Dependent" : 5245,  "Governor" : 5262 }, 
        {"sofa" : 1,  "begin" : 505,  "end" : 511,  "Dependent" : 5245,  "Governor" : 5281 }, 
        {"sofa" : 1,  "begin" : 671,  "end" : 678,  "Dependent" : 5293,  "Governor" : 5303 }, 
        {"sofa" : 1,  "begin" : 671,  "end" : 678,  "Dependent" : 5293,  "Governor" : 5298 }, 
        {"sofa" : 1,  "begin" : 671,  "end" : 678,  "Dependent" : 5293,  "Governor" : 5327 }, 
        {"sofa" : 1,  "begin" : 699,  "end" : 708,  "Dependent" : 5349,  "Governor" : 5344 }, 
        {"sofa" : 1,  "begin" : 699,  "end" : 708,  "Dependent" : 5349,  "Governor" : 5339 }, 
        {"sofa" : 1,  "begin" : 762,  "end" : 768,  "Dependent" : 5373,  "Governor" : 5368 }, 
        {"sofa" : 1,  "begin" : 762,  "end" : 768,  "Dependent" : 5373,  "Governor" : 5385 }, 
        {"sofa" : 1,  "begin" : 762,  "end" : 768,  "Dependent" : 5373,  "Governor" : 5397 }, 
        {"sofa" : 1,  "begin" : 974,  "end" : 979,  "Dependent" : 5414,  "Governor" : 5419,  "label" : "Anaphoric" }, 
        {"sofa" : 1,  "begin" : 974,  "end" : 979,  "Dependent" : 5414,  "Governor" : 5424,  "label" : "Anaphoric" }, 
        {"sofa" : 1,  "begin" : 980,  "end" : 985,  "Dependent" : 5409,  "Governor" : 5414 }, 
        {"sofa" : 1,  "begin" : 980,  "end" : 985,  "Dependent" : 5409,  "Governor" : 5450 }, 
        {"sofa" : 1,  "begin" : 980,  "end" : 985,  "Dependent" : 5409,  "Governor" : 5479 }, 
        {"sofa" : 1,  "begin" : 980,  "end" : 985,  "Dependent" : 5409,  "Governor" : 5491 }, 
        {"sofa" : 1,  "begin" : 1251,  "end" : 1257,  "Dependent" : 5508,  "Governor" : 5503 }, 
        {"sofa" : 1,  "begin" : 1251,  "end" : 1257,  "Dependent" : 5508,  "Governor" : 5520 }, 
        {"sofa" : 1,  "begin" : 1336,  "end" : 1343,  "Dependent" : 5532,  "Governor" : 5537 }, 
        {"sofa" : 1,  "begin" : 1336,  "end" : 1343,  "Dependent" : 5532,  "Governor" : 5559 }, 
        {"sofa" : 1,  "begin" : 1336,  "end" : 1343,  "Dependent" : 5532,  "Governor" : 5549 }, 
        {"sofa" : 1,  "begin" : 1336,  "end" : 1343,  "Dependent" : 5532,  "Governor" : 5554 }, 
        {"sofa" : 1,  "begin" : 1399,  "end" : 1404,  "Dependent" : 5590,  "Governor" : 5549,  "label" : "Anaphoric" }, 
        {"sofa" : 1,  "begin" : 1405,  "end" : 1412,  "Dependent" : 5585,  "Governor" : 5590 }, 
        {"sofa" : 1,  "begin" : 1405,  "end" : 1412,  "Dependent" : 5585,  "Governor" : 5609 }, 
        {"sofa" : 1,  "begin" : 1528,  "end" : 1535,  "Dependent" : 5621,  "Governor" : 5626 }, 
        {"sofa" : 1,  "begin" : 1528,  "end" : 1535,  "Dependent" : 5621,  "Governor" : 5638 }, 
        {"sofa" : 1,  "begin" : 1750,  "end" : 1759,  "Dependent" : 5650,  "Governor" : 5655 }, 
        {"sofa" : 1,  "begin" : 1750,  "end" : 1759,  "Dependent" : 5650,  "Governor" : 5667 }, 
        {"sofa" : 1,  "begin" : 1750,  "end" : 1759,  "Dependent" : 5650,  "Governor" : 5679 }, 
        {"sofa" : 1,  "begin" : 1813,  "end" : 1818,  "Dependent" : 5691,  "Governor" : 5696 }, 
        {"sofa" : 1,  "begin" : 1920,  "end" : 1927,  "Dependent" : 5713,  "Governor" : 5708 } ], 
      "Span" : [5006,  5001,  5011,  4996,  5030,  5035,  5047,  5052,  5064,  5088,  5093,  5105,  5110,  5115,  5153,  5083,  5165,  5170,  5187,  5199,  5221,  5211,  5216,  5240,  5245,  5257,  5262,  5281,  5303,  5298,  5293,  5344,  5349,  5339,  5327,  5368,  5373,  5385,  5397,  5419,  5424,  5414,  5409,  5450,  5491,  5479,  5503,  5508,  5520,  5532,  5537,  5549,  5554,  5559,  5590,  5585,  5609,  5621,  5626,  5638,  5650,  5655,  5667,  5679,  5696,  5691,  5708,  5713 ], 
      "DocumentMetaData" : [
        {"sofa" : 1,  "end" : 1972,  "language" : "x-unspecified",  "documentTitle" : "066E%20Frederick%20William%20Burbidge%201905%20The%20Book%20of%20the%20Scented%20Garden__817_distribution_PER.txt",  "documentId" : "teresa",  "documentUri" : "file:/home/dhuser/alessio/inception/repository/project/29/document/10781/source/teresa",  "collectionId" : "file:/home/dhuser/alessio/inception/repository/project/29/document/10781/source/",  "documentBaseUri" : "file:/home/dhuser/alessio/inception/repository/project/29/document/10781/source/",  "isLastSegment" : false } ], 
      "TagsetDescription" : [
        {"sofa" : 1,  "layer" : "webanno.custom.Emotions",  "name" : "Emotion Labels",  "input" : false }, 
        {"sofa" : 1,  "layer" : "custom.Relation",  "name" : "Relation labels",  "input" : false }, 
        {"sofa" : 1,  "layer" : "custom.Span",  "name" : "Smell labels",  "input" : false } ], 
      "Sentence" : [
        {"sofa" : 1,  "begin" : 3,  "end" : 131 }, 
        {"sofa" : 1,  "begin" : 132,  "end" : 330 }, 
        {"sofa" : 1,  "begin" : 332,  "end" : 498 }, 
        {"sofa" : 1,  "begin" : 500,  "end" : 649 }, 
        {"sofa" : 1,  "begin" : 650,  "end" : 753 }, 
        {"sofa" : 1,  "begin" : 755,  "end" : 1221 }, 
        {"sofa" : 1,  "begin" : 1222,  "end" : 1458 }, 
        {"sofa" : 1,  "begin" : 1459,  "end" : 1655 }, 
        {"sofa" : 1,  "begin" : 1656,  "end" : 1793 }, 
        {"sofa" : 1,  "begin" : 1794,  "end" : 1971 } ], 
      "Token" : [
        {"sofa" : 1,  "begin" : 3,  "end" : 7 }, 
        {"sofa" : 1,  "begin" : 8,  "end" : 14 }, 
        {"sofa" : 1,  "begin" : 15,  "end" : 21 }, 
        {"sofa" : 1,  "begin" : 22,  "end" : 28 }, 
        {"sofa" : 1,  "begin" : 29,  "end" : 35 }, 
        {"sofa" : 1,  "begin" : 37,  "end" : 41 }, 
        {"sofa" : 1,  "begin" : 42,  "end" : 44 }, 
        {"sofa" : 1,  "begin" : 45,  "end" : 52 }, 
        {"sofa" : 1,  "begin" : 53,  "end" : 57 }, 
        {"sofa" : 1,  "begin" : 58,  "end" : 64 }, 
        {"sofa" : 1,  "begin" : 65,  "end" : 69 }, 
        {"sofa" : 1,  "begin" : 70,  "end" : 76 }, 
        {"sofa" : 1,  "begin" : 77,  "end" : 83 }, 
        {"sofa" : 1,  "begin" : 84,  "end" : 86 }, 
        {"sofa" : 1,  "begin" : 87,  "end" : 91 }, 
        {"sofa" : 1,  "begin" : 92,  "end" : 93 }, 
        {"sofa" : 1,  "begin" : 94,  "end" : 106 }, 
        {"sofa" : 1,  "begin" : 107,  "end" : 117 }, 
        {"sofa" : 1,  "begin" : 118,  "end" : 125 }, 
        {"sofa" : 1,  "begin" : 126,  "end" : 130 }, 
        {"sofa" : 1,  "begin" : 130,  "end" : 131 }, 
        {"sofa" : 1,  "begin" : 132,  "end" : 136 }, 
        {"sofa" : 1,  "begin" : 137,  "end" : 139 }, 
        {"sofa" : 1,  "begin" : 140,  "end" : 143 }, 
        {"sofa" : 1,  "begin" : 144,  "end" : 148 }, 
        {"sofa" : 1,  "begin" : 149,  "end" : 151 }, 
        {"sofa" : 1,  "begin" : 152,  "end" : 155 }, 
        {"sofa" : 1,  "begin" : 156,  "end" : 162 }, 
        {"sofa" : 1,  "begin" : 163,  "end" : 168 }, 
        {"sofa" : 1,  "begin" : 169,  "end" : 171 }, 
        {"sofa" : 1,  "begin" : 172,  "end" : 173 }, 
        {"sofa" : 1,  "begin" : 174,  "end" : 184 }, 
        {"sofa" : 1,  "begin" : 185,  "end" : 192 }, 
        {"sofa" : 1,  "begin" : 193,  "end" : 196 }, 
        {"sofa" : 1,  "begin" : 197,  "end" : 206 }, 
        {"sofa" : 1,  "begin" : 207,  "end" : 211 }, 
        {"sofa" : 1,  "begin" : 212,  "end" : 214 }, 
        {"sofa" : 1,  "begin" : 215,  "end" : 218 }, 
        {"sofa" : 1,  "begin" : 219,  "end" : 226 }, 
        {"sofa" : 1,  "begin" : 227,  "end" : 230 }, 
        {"sofa" : 1,  "begin" : 231,  "end" : 233 }, 
        {"sofa" : 1,  "begin" : 234,  "end" : 237 }, 
        {"sofa" : 1,  "begin" : 238,  "end" : 244 }, 
        {"sofa" : 1,  "begin" : 244,  "end" : 245 }, 
        {"sofa" : 1,  "begin" : 246,  "end" : 249 }, 
        {"sofa" : 1,  "begin" : 250,  "end" : 252 }, 
        {"sofa" : 1,  "begin" : 253,  "end" : 257 }, 
        {"sofa" : 1,  "begin" : 258,  "end" : 260 }, 
        {"sofa" : 1,  "begin" : 261,  "end" : 264 }, 
        {"sofa" : 1,  "begin" : 265,  "end" : 269 }, 
        {"sofa" : 1,  "begin" : 270,  "end" : 272 }, 
        {"sofa" : 1,  "begin" : 273,  "end" : 276 }, 
        {"sofa" : 1,  "begin" : 277,  "end" : 282 }, 
        {"sofa" : 1,  "begin" : 282,  "end" : 283 }, 
        {"sofa" : 1,  "begin" : 284,  "end" : 289 }, 
        {"sofa" : 1,  "begin" : 290,  "end" : 296 }, 
        {"sofa" : 1,  "begin" : 297,  "end" : 302 }, 
        {"sofa" : 1,  "begin" : 303,  "end" : 312 }, 
        {"sofa" : 1,  "begin" : 313,  "end" : 318 }, 
        {"sofa" : 1,  "begin" : 319,  "end" : 321 }, 
        {"sofa" : 1,  "begin" : 322,  "end" : 329 }, 
        {"sofa" : 1,  "begin" : 329,  "end" : 330 }, 
        {"sofa" : 1,  "begin" : 332,  "end" : 336 }, 
        {"sofa" : 1,  "begin" : 337,  "end" : 343 }, 
        {"sofa" : 1,  "begin" : 344,  "end" : 350 }, 
        {"sofa" : 1,  "begin" : 351,  "end" : 354 }, 
        {"sofa" : 1,  "begin" : 355,  "end" : 364 }, 
        {"sofa" : 1,  "begin" : 365,  "end" : 373 }, 
        {"sofa" : 1,  "begin" : 373,  "end" : 374 }, 
        {"sofa" : 1,  "begin" : 375,  "end" : 380 }, 
        {"sofa" : 1,  "begin" : 381,  "end" : 388 }, 
        {"sofa" : 1,  "begin" : 389,  "end" : 391 }, 
        {"sofa" : 1,  "begin" : 392,  "end" : 396 }, 
        {"sofa" : 1,  "begin" : 397,  "end" : 404 }, 
        {"sofa" : 1,  "begin" : 405,  "end" : 418 }, 
        {"sofa" : 1,  "begin" : 419,  "end" : 421 }, 
        {"sofa" : 1,  "begin" : 422,  "end" : 424 }, 
        {"sofa" : 1,  "begin" : 425,  "end" : 429 }, 
        {"sofa" : 1,  "begin" : 429,  "end" : 430 }, 
        {"sofa" : 1,  "begin" : 431,  "end" : 433 }, 
        {"sofa" : 1,  "begin" : 434,  "end" : 438 }, 
        {"sofa" : 1,  "begin" : 439,  "end" : 442 }, 
        {"sofa" : 1,  "begin" : 443,  "end" : 447 }, 
        {"sofa" : 1,  "begin" : 448,  "end" : 454 }, 
        {"sofa" : 1,  "begin" : 455,  "end" : 461 }, 
        {"sofa" : 1,  "begin" : 462,  "end" : 468 }, 
        {"sofa" : 1,  "begin" : 469,  "end" : 476 }, 
        {"sofa" : 1,  "begin" : 477,  "end" : 480 }, 
        {"sofa" : 1,  "begin" : 481,  "end" : 485 }, 
        {"sofa" : 1,  "begin" : 486,  "end" : 490 }, 
        {"sofa" : 1,  "begin" : 491,  "end" : 493 }, 
        {"sofa" : 1,  "begin" : 494,  "end" : 497 }, 
        {"sofa" : 1,  "begin" : 497,  "end" : 498 }, 
        {"sofa" : 1,  "begin" : 500,  "end" : 504 }, 
        {"sofa" : 1,  "begin" : 505,  "end" : 511 }, 
        {"sofa" : 1,  "begin" : 511,  "end" : 512 }, 
        {"sofa" : 1,  "begin" : 513,  "end" : 515 }, 
        {"sofa" : 1,  "begin" : 516,  "end" : 519 }, 
        {"sofa" : 1,  "begin" : 520,  "end" : 525 }, 
        {"sofa" : 1,  "begin" : 526,  "end" : 530 }, 
        {"sofa" : 1,  "begin" : 530,  "end" : 531 }, 
        {"sofa" : 1,  "begin" : 532,  "end" : 535 }, 
        {"sofa" : 1,  "begin" : 536,  "end" : 542 }, 
        {"sofa" : 1,  "begin" : 543,  "end" : 545 }, 
        {"sofa" : 1,  "begin" : 546,  "end" : 554 }, 
        {"sofa" : 1,  "begin" : 554,  "end" : 555 }, 
        {"sofa" : 1,  "begin" : 556,  "end" : 559 }, 
        {"sofa" : 1,  "begin" : 560,  "end" : 563 }, 
        {"sofa" : 1,  "begin" : 564,  "end" : 570 }, 
        {"sofa" : 1,  "begin" : 571,  "end" : 573 }, 
        {"sofa" : 1,  "begin" : 574,  "end" : 576 }, 
        {"sofa" : 1,  "begin" : 577,  "end" : 585 }, 
        {"sofa" : 1,  "begin" : 586,  "end" : 592 }, 
        {"sofa" : 1,  "begin" : 593,  "end" : 598 }, 
        {"sofa" : 1,  "begin" : 599,  "end" : 602 }, 
        {"sofa" : 1,  "begin" : 603,  "end" : 609 }, 
        {"sofa" : 1,  "begin" : 610,  "end" : 614 }, 
        {"sofa" : 1,  "begin" : 615,  "end" : 619 }, 
        {"sofa" : 1,  "begin" : 620,  "end" : 627 }, 
        {"sofa" : 1,  "begin" : 627,  "end" : 628 }, 
        {"sofa" : 1,  "begin" : 629,  "end" : 636 }, 
        {"sofa" : 1,  "begin" : 636,  "end" : 637 }, 
        {"sofa" : 1,  "begin" : 638,  "end" : 640 }, 
        {"sofa" : 1,  "begin" : 641,  "end" : 648 }, 
        {"sofa" : 1,  "begin" : 648,  "end" : 649 }, 
        {"sofa" : 1,  "begin" : 650,  "end" : 654 }, 
        {"sofa" : 1,  "begin" : 655,  "end" : 659 }, 
        {"sofa" : 1,  "begin" : 660,  "end" : 663 }, 
        {"sofa" : 1,  "begin" : 664,  "end" : 670 }, 
        {"sofa" : 1,  "begin" : 671,  "end" : 678 }, 
        {"sofa" : 1,  "begin" : 679,  "end" : 686 }, 
        {"sofa" : 1,  "begin" : 687,  "end" : 689 }, 
        {"sofa" : 1,  "begin" : 690,  "end" : 693 }, 
        {"sofa" : 1,  "begin" : 694,  "end" : 698 }, 
        {"sofa" : 1,  "begin" : 699,  "end" : 708 }, 
        {"sofa" : 1,  "begin" : 709,  "end" : 712 }, 
        {"sofa" : 1,  "begin" : 713,  "end" : 718 }, 
        {"sofa" : 1,  "begin" : 719,  "end" : 721 }, 
        {"sofa" : 1,  "begin" : 722,  "end" : 731 }, 
        {"sofa" : 1,  "begin" : 732,  "end" : 738 }, 
        {"sofa" : 1,  "begin" : 739,  "end" : 741 }, 
        {"sofa" : 1,  "begin" : 742,  "end" : 752 }, 
        {"sofa" : 1,  "begin" : 752,  "end" : 753 }, 
        {"sofa" : 1,  "begin" : 755,  "end" : 761 }, 
        {"sofa" : 1,  "begin" : 762,  "end" : 768 }, 
        {"sofa" : 1,  "begin" : 769,  "end" : 774 }, 
        {"sofa" : 1,  "begin" : 775,  "end" : 778 }, 
        {"sofa" : 1,  "begin" : 779,  "end" : 786 }, 
        {"sofa" : 1,  "begin" : 787,  "end" : 791 }, 
        {"sofa" : 1,  "begin" : 792,  "end" : 794 }, 
        {"sofa" : 1,  "begin" : 795,  "end" : 805 }, 
        {"sofa" : 1,  "begin" : 806,  "end" : 811 }, 
        {"sofa" : 1,  "begin" : 811,  "end" : 812 }, 
        {"sofa" : 1,  "begin" : 813,  "end" : 817 }, 
        {"sofa" : 1,  "begin" : 818,  "end" : 820 }, 
        {"sofa" : 1,  "begin" : 821,  "end" : 823 }, 
        {"sofa" : 1,  "begin" : 824,  "end" : 827 }, 
        {"sofa" : 1,  "begin" : 827,  "end" : 828 }, 
        {"sofa" : 1,  "begin" : 829,  "end" : 833 }, 
        {"sofa" : 1,  "begin" : 834,  "end" : 838 }, 
        {"sofa" : 1,  "begin" : 839,  "end" : 842 }, 
        {"sofa" : 1,  "begin" : 843,  "end" : 852 }, 
        {"sofa" : 1,  "begin" : 852,  "end" : 853 }, 
        {"sofa" : 1,  "begin" : 854,  "end" : 859 }, 
        {"sofa" : 1,  "begin" : 860,  "end" : 867 }, 
        {"sofa" : 1,  "begin" : 868,  "end" : 876 }, 
        {"sofa" : 1,  "begin" : 876,  "end" : 877 }, 
        {"sofa" : 1,  "begin" : 878,  "end" : 881 }, 
        {"sofa" : 1,  "begin" : 882,  "end" : 885 }, 
        {"sofa" : 1,  "begin" : 886,  "end" : 893 }, 
        {"sofa" : 1,  "begin" : 894,  "end" : 897 }, 
        {"sofa" : 1,  "begin" : 898,  "end" : 903 }, 
        {"sofa" : 1,  "begin" : 904,  "end" : 909 }, 
        {"sofa" : 1,  "begin" : 910,  "end" : 911 }, 
        {"sofa" : 1,  "begin" : 912,  "end" : 915 }, 
        {"sofa" : 1,  "begin" : 916,  "end" : 920 }, 
        {"sofa" : 1,  "begin" : 921,  "end" : 925 }, 
        {"sofa" : 1,  "begin" : 925,  "end" : 926 }, 
        {"sofa" : 1,  "begin" : 927,  "end" : 929 }, 
        {"sofa" : 1,  "begin" : 930,  "end" : 933 }, 
        {"sofa" : 1,  "begin" : 934,  "end" : 938 }, 
        {"sofa" : 1,  "begin" : 939,  "end" : 941 }, 
        {"sofa" : 1,  "begin" : 942,  "end" : 946 }, 
        {"sofa" : 1,  "begin" : 947,  "end" : 954 }, 
        {"sofa" : 1,  "begin" : 955,  "end" : 958 }, 
        {"sofa" : 1,  "begin" : 959,  "end" : 964 }, 
        {"sofa" : 1,  "begin" : 965,  "end" : 972 }, 
        {"sofa" : 1,  "begin" : 972,  "end" : 973 }, 
        {"sofa" : 1,  "begin" : 974,  "end" : 979 }, 
        {"sofa" : 1,  "begin" : 980,  "end" : 985 }, 
        {"sofa" : 1,  "begin" : 986,  "end" : 988 }, 
        {"sofa" : 1,  "begin" : 989,  "end" : 1001 }, 
        {"sofa" : 1,  "begin" : 1001,  "end" : 1002 }, 
        {"sofa" : 1,  "begin" : 1003,  "end" : 1006 }, 
        {"sofa" : 1,  "begin" : 1007,  "end" : 1011 }, 
        {"sofa" : 1,  "begin" : 1012,  "end" : 1014 }, 
        {"sofa" : 1,  "begin" : 1015,  "end" : 1017 }, 
        {"sofa" : 1,  "begin" : 1018,  "end" : 1027 }, 
        {"sofa" : 1,  "begin" : 1028,  "end" : 1030 }, 
        {"sofa" : 1,  "begin" : 1031,  "end" : 1040 }, 
        {"sofa" : 1,  "begin" : 1041,  "end" : 1046 }, 
        {"sofa" : 1,  "begin" : 1047,  "end" : 1049 }, 
        {"sofa" : 1,  "begin" : 1050,  "end" : 1053 }, 
        {"sofa" : 1,  "begin" : 1054,  "end" : 1057 }, 
        {"sofa" : 1,  "begin" : 1058,  "end" : 1060 }, 
        {"sofa" : 1,  "begin" : 1061,  "end" : 1066 }, 
        {"sofa" : 1,  "begin" : 1067,  "end" : 1068 }, 
        {"sofa" : 1,  "begin" : 1069,  "end" : 1073 }, 
        {"sofa" : 1,  "begin" : 1074,  "end" : 1078 }, 
        {"sofa" : 1,  "begin" : 1078,  "end" : 1079 }, 
        {"sofa" : 1,  "begin" : 1080,  "end" : 1082 }, 
        {"sofa" : 1,  "begin" : 1083,  "end" : 1085 }, 
        {"sofa" : 1,  "begin" : 1086,  "end" : 1093 }, 
        {"sofa" : 1,  "begin" : 1093,  "end" : 1094 }, 
        {"sofa" : 1,  "begin" : 1095,  "end" : 1101 }, 
        {"sofa" : 1,  "begin" : 1102,  "end" : 1106 }, 
        {"sofa" : 1,  "begin" : 1107,  "end" : 1117 }, 
        {"sofa" : 1,  "begin" : 1118,  "end" : 1122 }, 
        {"sofa" : 1,  "begin" : 1123,  "end" : 1126 }, 
        {"sofa" : 1,  "begin" : 1127,  "end" : 1134 }, 
        {"sofa" : 1,  "begin" : 1135,  "end" : 1137 }, 
        {"sofa" : 1,  "begin" : 1138,  "end" : 1147 }, 
        {"sofa" : 1,  "begin" : 1148,  "end" : 1154 }, 
        {"sofa" : 1,  "begin" : 1155,  "end" : 1157 }, 
        {"sofa" : 1,  "begin" : 1158,  "end" : 1161 }, 
        {"sofa" : 1,  "begin" : 1162,  "end" : 1169 }, 
        {"sofa" : 1,  "begin" : 1170,  "end" : 1174 }, 
        {"sofa" : 1,  "begin" : 1175,  "end" : 1178 }, 
        {"sofa" : 1,  "begin" : 1179,  "end" : 1181 }, 
        {"sofa" : 1,  "begin" : 1182,  "end" : 1190 }, 
        {"sofa" : 1,  "begin" : 1191,  "end" : 1198 }, 
        {"sofa" : 1,  "begin" : 1199,  "end" : 1201 }, 
        {"sofa" : 1,  "begin" : 1202,  "end" : 1207 }, 
        {"sofa" : 1,  "begin" : 1208,  "end" : 1214 }, 
        {"sofa" : 1,  "begin" : 1215,  "end" : 1220 }, 
        {"sofa" : 1,  "begin" : 1220,  "end" : 1221 }, 
        {"sofa" : 1,  "begin" : 1222,  "end" : 1225 }, 
        {"sofa" : 1,  "begin" : 1225,  "end" : 1226 }, 
        {"sofa" : 1,  "begin" : 1227,  "end" : 1229 }, 
        {"sofa" : 1,  "begin" : 1230,  "end" : 1233 }, 
        {"sofa" : 1,  "begin" : 1234,  "end" : 1239 }, 
        {"sofa" : 1,  "begin" : 1240,  "end" : 1244 }, 
        {"sofa" : 1,  "begin" : 1244,  "end" : 1245 }, 
        {"sofa" : 1,  "begin" : 1246,  "end" : 1250 }, 
        {"sofa" : 1,  "begin" : 1251,  "end" : 1257 }, 
        {"sofa" : 1,  "begin" : 1258,  "end" : 1261 }, 
        {"sofa" : 1,  "begin" : 1262,  "end" : 1272 }, 
        {"sofa" : 1,  "begin" : 1273,  "end" : 1274 }, 
        {"sofa" : 1,  "begin" : 1276,  "end" : 1281 }, 
        {"sofa" : 1,  "begin" : 1282,  "end" : 1284 }, 
        {"sofa" : 1,  "begin" : 1285,  "end" : 1291 }, 
        {"sofa" : 1,  "begin" : 1291,  "end" : 1292 }, 
        {"sofa" : 1,  "begin" : 1293,  "end" : 1298 }, 
        {"sofa" : 1,  "begin" : 1299,  "end" : 1301 }, 
        {"sofa" : 1,  "begin" : 1302,  "end" : 1304 }, 
        {"sofa" : 1,  "begin" : 1305,  "end" : 1310 }, 
        {"sofa" : 1,  "begin" : 1311,  "end" : 1316 }, 
        {"sofa" : 1,  "begin" : 1317,  "end" : 1318 }, 
        {"sofa" : 1,  "begin" : 1319,  "end" : 1322 }, 
        {"sofa" : 1,  "begin" : 1323,  "end" : 1326 }, 
        {"sofa" : 1,  "begin" : 1327,  "end" : 1331 }, 
        {"sofa" : 1,  "begin" : 1332,  "end" : 1335 }, 
        {"sofa" : 1,  "begin" : 1336,  "end" : 1343 }, 
        {"sofa" : 1,  "begin" : 1344,  "end" : 1350 }, 
        {"sofa" : 1,  "begin" : 1351,  "end" : 1359 }, 
        {"sofa" : 1,  "begin" : 1360,  "end" : 1364 }, 
        {"sofa" : 1,  "begin" : 1365,  "end" : 1370 }, 
        {"sofa" : 1,  "begin" : 1371,  "end" : 1374 }, 
        {"sofa" : 1,  "begin" : 1375,  "end" : 1380 }, 
        {"sofa" : 1,  "begin" : 1380,  "end" : 1381 }, 
        {"sofa" : 1,  "begin" : 1382,  "end" : 1385 }, 
        {"sofa" : 1,  "begin" : 1386,  "end" : 1391 }, 
        {"sofa" : 1,  "begin" : 1392,  "end" : 1398 }, 
        {"sofa" : 1,  "begin" : 1399,  "end" : 1404 }, 
        {"sofa" : 1,  "begin" : 1405,  "end" : 1412 }, 
        {"sofa" : 1,  "begin" : 1413,  "end" : 1417 }, 
        {"sofa" : 1,  "begin" : 1418,  "end" : 1423 }, 
        {"sofa" : 1,  "begin" : 1424,  "end" : 1428 }, 
        {"sofa" : 1,  "begin" : 1429,  "end" : 1432 }, 
        {"sofa" : 1,  "begin" : 1433,  "end" : 1439 }, 
        {"sofa" : 1,  "begin" : 1440,  "end" : 1442 }, 
        {"sofa" : 1,  "begin" : 1443,  "end" : 1448 }, 
        {"sofa" : 1,  "begin" : 1449,  "end" : 1452 }, 
        {"sofa" : 1,  "begin" : 1453,  "end" : 1457 }, 
        {"sofa" : 1,  "begin" : 1457,  "end" : 1458 }, 
        {"sofa" : 1,  "begin" : 1459,  "end" : 1461 }, 
        {"sofa" : 1,  "begin" : 1462,  "end" : 1468 }, 
        {"sofa" : 1,  "begin" : 1468,  "end" : 1469 }, 
        {"sofa" : 1,  "begin" : 1470,  "end" : 1472 }, 
        {"sofa" : 1,  "begin" : 1473,  "end" : 1484 }, 
        {"sofa" : 1,  "begin" : 1484,  "end" : 1485 }, 
        {"sofa" : 1,  "begin" : 1486,  "end" : 1488 }, 
        {"sofa" : 1,  "begin" : 1489,  "end" : 1493 }, 
        {"sofa" : 1,  "begin" : 1494,  "end" : 1495 }, 
        {"sofa" : 1,  "begin" : 1496,  "end" : 1498 }, 
        {"sofa" : 1,  "begin" : 1499,  "end" : 1507 }, 
        {"sofa" : 1,  "begin" : 1508,  "end" : 1511 }, 
        {"sofa" : 1,  "begin" : 1512,  "end" : 1513 }, 
        {"sofa" : 1,  "begin" : 1514,  "end" : 1524 }, 
        {"sofa" : 1,  "begin" : 1525,  "end" : 1527 }, 
        {"sofa" : 1,  "begin" : 1528,  "end" : 1535 }, 
        {"sofa" : 1,  "begin" : 1536,  "end" : 1546 }, 
        {"sofa" : 1,  "begin" : 1546,  "end" : 1547 }, 
        {"sofa" : 1,  "begin" : 1548,  "end" : 1553 }, 
        {"sofa" : 1,  "begin" : 1554,  "end" : 1556 }, 
        {"sofa" : 1,  "begin" : 1557,  "end" : 1561 }, 
        {"sofa" : 1,  "begin" : 1562,  "end" : 1565 }, 
        {"sofa" : 1,  "begin" : 1566,  "end" : 1569 }, 
        {"sofa" : 1,  "begin" : 1570,  "end" : 1576 }, 
        {"sofa" : 1,  "begin" : 1577,  "end" : 1579 }, 
        {"sofa" : 1,  "begin" : 1580,  "end" : 1585 }, 
        {"sofa" : 1,  "begin" : 1586,  "end" : 1592 }, 
        {"sofa" : 1,  "begin" : 1593,  "end" : 1595 }, 
        {"sofa" : 1,  "begin" : 1596,  "end" : 1601 }, 
        {"sofa" : 1,  "begin" : 1602,  "end" : 1610 }, 
        {"sofa" : 1,  "begin" : 1611,  "end" : 1617 }, 
        {"sofa" : 1,  "begin" : 1618,  "end" : 1621 }, 
        {"sofa" : 1,  "begin" : 1622,  "end" : 1629 }, 
        {"sofa" : 1,  "begin" : 1630,  "end" : 1634 }, 
        {"sofa" : 1,  "begin" : 1635,  "end" : 1639 }, 
        {"sofa" : 1,  "begin" : 1640,  "end" : 1643 }, 
        {"sofa" : 1,  "begin" : 1644,  "end" : 1649 }, 
        {"sofa" : 1,  "begin" : 1650,  "end" : 1654 }, 
        {"sofa" : 1,  "begin" : 1654,  "end" : 1655 }, 
        {"sofa" : 1,  "begin" : 1656,  "end" : 1660 }, 
        {"sofa" : 1,  "begin" : 1661,  "end" : 1663 }, 
        {"sofa" : 1,  "begin" : 1664,  "end" : 1673 }, 
        {"sofa" : 1,  "begin" : 1674,  "end" : 1679 }, 
        {"sofa" : 1,  "begin" : 1680,  "end" : 1682 }, 
        {"sofa" : 1,  "begin" : 1683,  "end" : 1686 }, 
        {"sofa" : 1,  "begin" : 1687,  "end" : 1692 }, 
        {"sofa" : 1,  "begin" : 1693,  "end" : 1695 }, 
        {"sofa" : 1,  "begin" : 1696,  "end" : 1699 }, 
        {"sofa" : 1,  "begin" : 1700,  "end" : 1706 }, 
        {"sofa" : 1,  "begin" : 1707,  "end" : 1713 }, 
        {"sofa" : 1,  "begin" : 1714,  "end" : 1724 }, 
        {"sofa" : 1,  "begin" : 1724,  "end" : 1725 }, 
        {"sofa" : 1,  "begin" : 1726,  "end" : 1730 }, 
        {"sofa" : 1,  "begin" : 1731,  "end" : 1738 }, 
        {"sofa" : 1,  "begin" : 1739,  "end" : 1745 }, 
        {"sofa" : 1,  "begin" : 1746,  "end" : 1749 }, 
        {"sofa" : 1,  "begin" : 1750,  "end" : 1759 }, 
        {"sofa" : 1,  "begin" : 1760,  "end" : 1764 }, 
        {"sofa" : 1,  "begin" : 1765,  "end" : 1767 }, 
        {"sofa" : 1,  "begin" : 1768,  "end" : 1769 }, 
        {"sofa" : 1,  "begin" : 1770,  "end" : 1774 }, 
        {"sofa" : 1,  "begin" : 1775,  "end" : 1787 }, 
        {"sofa" : 1,  "begin" : 1788,  "end" : 1792 }, 
        {"sofa" : 1,  "begin" : 1792,  "end" : 1793 }, 
        {"sofa" : 1,  "begin" : 1794,  "end" : 1798 }, 
        {"sofa" : 1,  "begin" : 1799,  "end" : 1809 }, 
        {"sofa" : 1,  "begin" : 1810,  "end" : 1812 }, 
        {"sofa" : 1,  "begin" : 1813,  "end" : 1818 }, 
        {"sofa" : 1,  "begin" : 1819,  "end" : 1821 }, 
        {"sofa" : 1,  "begin" : 1822,  "end" : 1823 }, 
        {"sofa" : 1,  "begin" : 1824,  "end" : 1830 }, 
        {"sofa" : 1,  "begin" : 1831,  "end" : 1845 }, 
        {"sofa" : 1,  "begin" : 1845,  "end" : 1846 }, 
        {"sofa" : 1,  "begin" : 1847,  "end" : 1850 }, 
        {"sofa" : 1,  "begin" : 1851,  "end" : 1853 }, 
        {"sofa" : 1,  "begin" : 1854,  "end" : 1864 }, 
        {"sofa" : 1,  "begin" : 1865,  "end" : 1867 }, 
        {"sofa" : 1,  "begin" : 1868,  "end" : 1880 }, 
        {"sofa" : 1,  "begin" : 1881,  "end" : 1883 }, 
        {"sofa" : 1,  "begin" : 1884,  "end" : 1891 }, 
        {"sofa" : 1,  "begin" : 1892,  "end" : 1896 }, 
        {"sofa" : 1,  "begin" : 1897,  "end" : 1899 }, 
        {"sofa" : 1,  "begin" : 1900,  "end" : 1907 }, 
        {"sofa" : 1,  "begin" : 1908,  "end" : 1910 }, 
        {"sofa" : 1,  "begin" : 1911,  "end" : 1919 }, 
        {"sofa" : 1,  "begin" : 1920,  "end" : 1927 }, 
        {"sofa" : 1,  "begin" : 1928,  "end" : 1930 }, 
        {"sofa" : 1,  "begin" : 1931,  "end" : 1937 }, 
        {"sofa" : 1,  "begin" : 1938,  "end" : 1940 }, 
        {"sofa" : 1,  "begin" : 1941,  "end" : 1953 }, 
        {"sofa" : 1,  "begin" : 1954,  "end" : 1960 }, 
        {"sofa" : 1,  "begin" : 1961,  "end" : 1964 }, 
        {"sofa" : 1,  "begin" : 1965,  "end" : 1970 }, 
        {"sofa" : 1,  "begin" : 1970,  "end" : 1971 } ] } }, 
  "_referenced_fss" : {
    "1" : {"_type" : "Sofa",  "sofaNum" : 1,  "sofaID" : "_InitialView",  "mimeType" : "text",  "sofaString" : "\n\n\nLeaf Odours versus Floral Odours\n\nWhen we compare leaf odours with flower odours we\nfind a considerable difference between them. Thus in\nthe case of the orange there is a difference between the\nessential oils of the flowers and of the leaves, and of that\nof the rind of the fruit, which afford three different\nkinds of perfume.\n\nThen floral odours are generally positive, being exhaled\nby most flowers spontaneously as it were, so that you\nmust inhale floral odours whether you like them or not.\n\nLeaf odours, on the other hand, are latent or negative,\nand are rarely to be detected except after the leaves have\nbeen touched, pressed, or bruised. Both leaf and flower\nperfume depends on the same essential oil being in\ndifferent states or conditions.\n\nFloral odours again are emitted only at particular\ntimes, that is to say, just when the androecia] whorl\nattains maturity, and the flowers are quite fresh ; and\neven then, in the case of many Orchids and other flowers,\ntheir scent is intermittent, and only to be perceived at\ndifferent times of the day or night — this time, as we\nsuppose, having some connection with the diurnal or\nnocturnal visits of the insects that act as marriage priests\nin their native wilds. But, on the other hand, leaf odours\nare persistent —  ready if sought\" seems to be their\nmotto — and not only are scented leaves fragrant when\ngreen and fresh, but often retain their perfume long after\nthey are yellow or brown and sere. Mr Hudson, of\nGunnersbury, to whom I am indebted for a collection of\nscented Pelargonia, tells me that the old yellow or brown\nleaves of these charming plants are sweeter even than the\nfresh ones. This is doubtless owing to the water of the\nleaves having evaporated, thus leaving behind the essential\noils in a more concentrated form. This permanency of\nodour is a strong recommendation, and no greenhouse or\nconservatory or boudoir need be wanting in delicate\nperfume if plenty of sweet-leaved plants are grown.\n" }, 
    "5001" : {"_type" : "Span",  "sofa" : 1,  "begin" : 8,  "end" : 14,  "label" : "Smell_Word" }, 
    "5006" : {"_type" : "Span",  "sofa" : 1,  "begin" : 3,  "end" : 7,  "label" : "Smell_Source" }, 
    "4996" : {"_type" : "Span",  "sofa" : 1,  "begin" : 29,  "end" : 35,  "label" : "Smell_Word" }, 
    "5011" : {"_type" : "Span",  "sofa" : 1,  "begin" : 22,  "end" : 28,  "label" : "Quality" }, 
    "5035" : {"_type" : "Span",  "sofa" : 1,  "begin" : 58,  "end" : 64,  "label" : "Smell_Word" }, 
    "5030" : {"_type" : "Span",  "sofa" : 1,  "begin" : 53,  "end" : 57,  "label" : "Smell_Source" }, 
    "5064" : {"_type" : "Span",  "sofa" : 1,  "begin" : 84,  "end" : 86,  "label" : "Perceiver" }, 
    "5052" : {"_type" : "Span",  "sofa" : 1,  "begin" : 77,  "end" : 83,  "label" : "Smell_Word" }, 
    "5047" : {"_type" : "Span",  "sofa" : 1,  "begin" : 70,  "end" : 76,  "label" : "Smell_Source" }, 
    "5088" : {"_type" : "Span",  "sofa" : 1,  "begin" : 197,  "end" : 206,  "label" : "Smell_Word" }, 
    "5093" : {"_type" : "Span",  "sofa" : 1,  "begin" : 197,  "end" : 206,  "label" : "Quality" }, 
    "5105" : {"_type" : "Span",  "sofa" : 1,  "begin" : 207,  "end" : 211,  "label" : "Odour_Carrier" }, 
    "5110" : {"_type" : "Span",  "sofa" : 1,  "begin" : 212,  "end" : 226,  "label" : "Smell_Source" }, 
    "5115" : {"_type" : "Span",  "sofa" : 1,  "begin" : 231,  "end" : 244,  "label" : "Smell_Source" }, 
    "5083" : {"_type" : "Span",  "sofa" : 1,  "begin" : 322,  "end" : 329,  "label" : "Smell_Word" }, 
    "5153" : {"_type" : "Span",  "sofa" : 1,  "begin" : 261,  "end" : 282,  "label" : "Smell_Source" }, 
    "5170" : {"_type" : "Span",  "sofa" : 1,  "begin" : 344,  "end" : 350,  "label" : "Smell_Word" }, 
    "5165" : {"_type" : "Span",  "sofa" : 1,  "begin" : 337,  "end" : 343,  "label" : "Quality" }, 
    "5187" : {"_type" : "Span",  "sofa" : 1,  "begin" : 355,  "end" : 373,  "label" : "Quality" }, 
    "5199" : {"_type" : "Span",  "sofa" : 1,  "begin" : 389,  "end" : 404,  "label" : "Smell_Source" }, 
    "5216" : {"_type" : "Span",  "sofa" : 1,  "begin" : 462,  "end" : 468,  "label" : "Smell_Word" }, 
    "5221" : {"_type" : "Span",  "sofa" : 1,  "begin" : 439,  "end" : 442,  "label" : "Perceiver" }, 
    "5211" : {"_type" : "Span",  "sofa" : 1,  "begin" : 455,  "end" : 461,  "label" : "Quality" }, 
    "5245" : {"_type" : "Span",  "sofa" : 1,  "begin" : 505,  "end" : 511,  "label" : "Smell_Word" }, 
    "5240" : {"_type" : "Span",  "sofa" : 1,  "begin" : 500,  "end" : 504,  "label" : "Smell_Source" }, 
    "5257" : {"_type" : "Span",  "sofa" : 1,  "begin" : 536,  "end" : 542,  "label" : "Quality" }, 
    "5262" : {"_type" : "Span",  "sofa" : 1,  "begin" : 546,  "end" : 554,  "label" : "Quality" }, 
    "5281" : {"_type" : "Span",  "sofa" : 1,  "begin" : 593,  "end" : 648,  "label" : "Circumstances" }, 
    "5293" : {"_type" : "Span",  "sofa" : 1,  "begin" : 671,  "end" : 678,  "label" : "Smell_Word" }, 
    "5303" : {"_type" : "Span",  "sofa" : 1,  "begin" : 655,  "end" : 659,  "label" : "Smell_Source" }, 
    "5298" : {"_type" : "Span",  "sofa" : 1,  "begin" : 664,  "end" : 670,  "label" : "Smell_Source" }, 
    "5327" : {"_type" : "Span",  "sofa" : 1,  "begin" : 713,  "end" : 752,  "label" : "Circumstances" }, 
    "5349" : {"_type" : "Span",  "sofa" : 1,  "begin" : 699,  "end" : 708,  "label" : "Smell_Word" }, 
    "5344" : {"_type" : "Span",  "sofa" : 1,  "begin" : 694,  "end" : 698,  "label" : "Quality" }, 
    "5339" : {"_type" : "Span",  "sofa" : 1,  "begin" : 709,  "end" : 712,  "label" : "Odour_Carrier" }, 
    "5373" : {"_type" : "Span",  "sofa" : 1,  "begin" : 762,  "end" : 768,  "label" : "Smell_Word" }, 
    "5368" : {"_type" : "Span",  "sofa" : 1,  "begin" : 755,  "end" : 761,  "label" : "Quality" }, 
    "5385" : {"_type" : "Span",  "sofa" : 1,  "begin" : 787,  "end" : 811,  "label" : "Time" }, 
    "5397" : {"_type" : "Span",  "sofa" : 1,  "begin" : 834,  "end" : 909,  "label" : "Circumstances" }, 
    "5414" : {"_type" : "Span",  "sofa" : 1,  "begin" : 974,  "end" : 979,  "label" : "Smell_Source" }, 
    "5419" : {"_type" : "Span",  "sofa" : 1,  "begin" : 942,  "end" : 954,  "label" : "Smell_Source" }, 
    "5424" : {"_type" : "Span",  "sofa" : 1,  "begin" : 959,  "end" : 972,  "label" : "Smell_Source" }, 
    "5409" : {"_type" : "Span",  "sofa" : 1,  "begin" : 980,  "end" : 985,  "label" : "Smell_Word" }, 
    "5450" : {"_type" : "Span",  "sofa" : 1,  "begin" : 989,  "end" : 1001,  "label" : "Quality" }, 
    "5479" : {"_type" : "Span",  "sofa" : 1,  "begin" : 1028,  "end" : 1066,  "label" : "Time" }, 
    "5491" : {"_type" : "Span",  "sofa" : 1,  "begin" : 1007,  "end" : 1066,  "label" : "Circumstances" }, 
    "5508" : {"_type" : "Span",  "sofa" : 1,  "begin" : 1251,  "end" : 1257,  "label" : "Smell_Word" }, 
    "5503" : {"_type" : "Span",  "sofa" : 1,  "begin" : 1246,  "end" : 1250,  "label" : "Smell_Source" }, 
    "5520" : {"_type" : "Span",  "sofa" : 1,  "begin" : 1262,  "end" : 1272,  "label" : "Quality" }, 
    "5532" : {"_type" : "Span",  "sofa" : 1,  "begin" : 1336,  "end" : 1343,  "label" : "Smell_Word" }, 
    "5537" : {"_type" : "Span",  "sofa" : 1,  "begin" : 1336,  "end" : 1343,  "label" : "Quality" }, 
    "5559" : {"_type" : "Span",  "sofa" : 1,  "begin" : 1360,  "end" : 1380,  "label" : "Circumstances" }, 
    "5549" : {"_type" : "Span",  "sofa" : 1,  "begin" : 1344,  "end" : 1350,  "label" : "Smell_Source" }, 
    "5554" : {"_type" : "Span",  "sofa" : 1,  "begin" : 1351,  "end" : 1359,  "label" : "Quality" }, 
    "5590" : {"_type" : "Span",  "sofa" : 1,  "begin" : 1399,  "end" : 1404,  "label" : "Smell_Source" }, 
    "5585" : {"_type" : "Span",  "sofa" : 1,  "begin" : 1405,  "end" : 1412,  "label" : "Smell_Word" }, 
    "5609" : {"_type" : "Span",  "sofa" : 1,  "begin" : 1413,  "end" : 1457,  "label" : "Time" }, 
    "5621" : {"_type" : "Span",  "sofa" : 1,  "begin" : 1528,  "end" : 1535,  "label" : "Smell_Word" }, 
    "5626" : {"_type" : "Span",  "sofa" : 1,  "begin" : 1528,  "end" : 1535,  "label" : "Quality" }, 
    "5638" : {"_type" : "Span",  "sofa" : 1,  "begin" : 1536,  "end" : 1546,  "label" : "Smell_Source" }, 
    "5650" : {"_type" : "Span",  "sofa" : 1,  "begin" : 1750,  "end" : 1759,  "label" : "Smell_Word" }, 
    "5655" : {"_type" : "Span",  "sofa" : 1,  "begin" : 1750,  "end" : 1759,  "label" : "Quality" }, 
    "5667" : {"_type" : "Span",  "sofa" : 1,  "begin" : 1760,  "end" : 1764,  "label" : "Odour_Carrier" }, 
    "5679" : {"_type" : "Span",  "sofa" : 1,  "begin" : 1765,  "end" : 1792,  "label" : "Circumstances" }, 
    "5691" : {"_type" : "Span",  "sofa" : 1,  "begin" : 1813,  "end" : 1818,  "label" : "Smell_Word" }, 
    "5696" : {"_type" : "Span",  "sofa" : 1,  "begin" : 1799,  "end" : 1812,  "label" : "Quality" }, 
    "5713" : {"_type" : "Span",  "sofa" : 1,  "begin" : 1920,  "end" : 1927,  "label" : "Smell_Word" }, 
    "5708" : {"_type" : "Span",  "sofa" : 1,  "begin" : 1911,  "end" : 1919,  "label" : "Quality" } } }