#FORMAT=WebAnno TSV 3.3
#T_SP=custom.Span|label
#T_RL=custom.Relation|label|BT_custom.Span


#Text=ribus ftupe faci.
#Text=te.'
1-1	2-7	ribus	_	_	_	
1-2	8-13	ftupe	_	_	_	
1-3	14-18	faci	_	_	_	
1-4	18-19	.	_	_	_	
1-5	20-22	te	_	_	_	
1-6	22-23	.	_	_	_	
1-7	23-24	'	_	_	_	

#Text=telis loco ab Septalio obdu
#Text=
#Text=etas y expellamus - Ad fem
#Text=
#Text=cundum Problema lib.xtu
#Text=
#Text=haec haber; alioqui doctif
#Text=
#Text=
#Text=
#Text=fimusí mihique eximia doto atrina animo meo cariffi
#Text=
#Text=mus Ludouicus Sepralius:
#Text=
#Text=Sic Arabiam Lýbiam obiexces i fum ficcitatie via odorata bocins
#Text=
#Text=loco producere feribit Ariftote Septalius
#Text=
#Text=lesi.
2-1	30-35	telis	_	_	_	
2-2	36-40	loco	_	_	_	
2-3	41-43	ab	_	_	_	
2-4	44-52	Septalio	_	_	_	
2-5	53-57	obdu	_	_	_	
2-6	59-63	etas	_	_	_	
2-7	64-65	y	_	_	_	
2-8	66-76	expellamus	_	_	_	
2-9	77-78	-	_	_	_	
2-10	79-81	Ad	_	_	_	
2-11	82-85	fem	_	_	_	
2-12	87-93	cundum	_	_	_	
2-13	94-102	Problema	_	_	_	
2-14	103-110	lib.xtu	_	_	_	
2-15	112-116	haec	_	_	_	
2-16	117-122	haber	_	_	_	
2-17	122-123	;	_	_	_	
2-18	124-131	alioqui	_	_	_	
2-19	132-138	doctif	_	_	_	
2-20	142-148	fimusí	_	_	_	
2-21	149-156	mihique	_	_	_	
2-22	157-163	eximia	_	_	_	
2-23	164-168	doto	_	_	_	
2-24	169-175	atrina	_	_	_	
2-25	176-181	animo	_	_	_	
2-26	182-185	meo	_	_	_	
2-27	186-193	cariffi	_	_	_	
2-28	195-198	mus	_	_	_	
2-29	199-208	Ludouicus	_	_	_	
2-30	209-218	Sepralius	_	_	_	
2-31	218-219	:	_	_	_	
2-32	221-224	Sic	_	_	_	
2-33	225-232	Arabiam	Location[1]	_	_	
2-34	233-239	Lýbiam	Location[1]	_	_	
2-35	240-248	obiexces	Circumstances[2]	_	_	
2-36	249-250	i	Circumstances[2]	_	_	
2-37	251-254	fum	Circumstances[2]	_	_	
2-38	255-265	ficcitatie	Circumstances[2]	_	_	
2-39	266-269	via	_	_	_	
2-40	270-277	odorata	Smell\_Word[3]|Smell\_Source[4]	*|*|*|*	2-33[1_3]|2-35[2_3]|2-41[5_3]|2-40[4_3]	
2-41	278-284	bocins	Location[5]	_	_	
2-42	286-290	loco	Location[5]	_	_	
2-43	291-300	producere	_	_	_	
2-44	301-308	feribit	_	_	_	
2-45	309-317	Ariftote	_	_	_	
2-46	318-327	Septalius	_	_	_	
2-47	329-333	lesi	_	_	_	
2-48	333-334	.	_	_	_	

#Text=Profectò praeftantissi- fus.
#Text=mus.
3-1	335-343	Profectò	_	_	_	
3-2	344-357	praeftantissi	_	_	_	
3-3	357-358	-	_	_	_	
3-4	359-362	fus	_	_	_	
3-5	362-363	.	_	_	_	
3-6	364-367	mus	_	_	_	
3-7	367-368	.	_	_	_	

#Text=Commentator & a ver
#Text=
#Text=ricare aliena fcribit , & Ari-
#Text=
#Text=fotelis fententiae, quam ex
#Text=
#Text=plicandam fulcepic
#Text=
#Text=
#Text=
#Text=, contra
#Text=
#Text=ria.
4-1	369-380	Commentator	_	_	_	
4-2	381-382	&	_	_	_	
4-3	383-384	a	_	_	_	
4-4	385-388	ver	_	_	_	
4-5	390-396	ricare	_	_	_	
4-6	397-403	aliena	_	_	_	
4-7	404-411	fcribit	_	_	_	
4-8	412-413	,	_	_	_	
4-9	414-415	&	_	_	_	
4-10	416-419	Ari	_	_	_	
4-11	419-420	-	_	_	_	
4-12	422-429	fotelis	_	_	_	
4-13	430-440	fententiae	_	_	_	
4-14	440-441	,	_	_	_	
4-15	442-446	quam	_	_	_	
4-16	447-449	ex	_	_	_	
4-17	451-460	plicandam	_	_	_	
4-18	461-469	fulcepic	_	_	_	
4-19	473-474	,	_	_	_	
4-20	475-481	contra	_	_	_	
4-21	483-486	ria	_	_	_	
4-22	486-487	.	_	_	_	

#Text=Alicna quidem a veri-
#Text=
#Text=tare, gaia Arabiam odora-
#Text=
#Text=riima gignere, fatis inter
#Text=
#Text=omnes conftat, vela uobis
#Text=
#Text=
#Text=
#Text=
#Text=
#Text=reprehen
#Text=
#Text=
#Text=
#Text=€
#Text=
#Text=
#Text=
#Text=
#Text=
#Text=0.4
#Text=
#Text=
#Text=
#Text=mox
#Text=
#Text=
#Text=
#Text=
#Text=
#Text=mox productis teftimonijs.
5-1	488-494	Alicna	_	_	_	
5-2	495-501	quidem	_	_	_	
5-3	502-503	a	_	_	_	
5-4	504-508	veri	_	_	_	
5-5	508-509	-	_	_	_	
5-6	511-515	tare	_	_	_	
5-7	515-516	,	_	_	_	
5-8	517-521	gaia	_	_	_	
5-9	522-529	Arabiam	Location	_	_	
5-10	530-535	odora	Smell\_Word[6]|Quality[7]	*|*	5-9[0_6]|5-10[7_6]	
5-11	535-536	-	Smell\_Word[6]|Quality[7]	_	_	
5-12	538-543	riima	Smell\_Word[6]|Quality[7]	_	_	
5-13	544-551	gignere	_	_	_	
5-14	551-552	,	_	_	_	
5-15	553-558	fatis	_	_	_	
5-16	559-564	inter	_	_	_	
5-17	566-571	omnes	_	_	_	
5-18	572-579	conftat	_	_	_	
5-19	579-580	,	_	_	_	
5-20	581-585	vela	_	_	_	
5-21	586-591	uobis	_	_	_	
5-22	597-605	reprehen	_	_	_	
5-23	609-610	€	_	_	_	
5-24	616-619	0.4	_	_	_	
5-25	623-626	mox	_	_	_	
5-26	632-635	mox	_	_	_	
5-27	636-645	productis	_	_	_	
5-28	646-657	teftimonijs	_	_	_	
5-29	657-658	.	_	_	_	

#Text=Contrària verò Aristotelis
#Text=
#Text=sententiae , quia hoc reueAristoteles rà fibi vult ibi Philosophus, explicatus.
6-1	659-668	Contrària	_	_	_	
6-2	669-673	verò	_	_	_	
6-3	674-685	Aristotelis	_	_	_	
6-4	687-697	sententiae	_	_	_	
6-5	698-699	,	_	_	_	
6-6	700-704	quia	_	_	_	
6-7	705-708	hoc	_	_	_	
6-8	709-724	reueAristoteles	_	_	_	
6-9	725-727	rà	_	_	_	
6-10	728-732	fibi	_	_	_	
6-11	733-737	vult	_	_	_	
6-12	738-741	ibi	_	_	_	
6-13	742-753	Philosophus	_	_	_	
6-14	753-754	,	_	_	_	
6-15	755-765	explicatus	_	_	_	
6-16	765-766	.	_	_	_	

#Text=Ad odorem creandum cali.
#Text=do humidoque opus else: calore quidem non exiguo,
#Text=
#Text=humido verò exiguo ac mo Ad odoremderato.
#Text=- VE 'enim plantae quæ requi-humor in odorem tempe
#Text=
#Text=recur , neceffe eft, vt & calor praepolleat ; & humor vinci, fubigi;& coqui com
#Text=
#Text=modè poffit.
7-1	767-769	Ad	_	_	_	
7-2	770-776	odorem	Smell\_Word[8]|Smell\_Source[9]	*|*	7-2[9_8]|7-4[10_8]	
7-3	777-785	creandum	_	_	_	
7-4	786-790	cali	Circumstances[10]	_	_	
7-5	790-791	.	Circumstances[10]	_	_	
7-6	792-794	do	Circumstances[10]	_	_	
7-7	795-804	humidoque	Circumstances[10]	_	_	
7-8	805-809	opus	Circumstances[10]	_	_	
7-9	810-814	else	Circumstances[10]	_	_	
7-10	814-815	:	Circumstances[10]	_	_	
7-11	816-822	calore	Circumstances[10]	_	_	
7-12	823-829	quidem	Circumstances[10]	_	_	
7-13	830-833	non	Circumstances[10]	_	_	
7-14	834-840	exiguo	Circumstances[10]	_	_	
7-15	840-841	,	Circumstances[10]	_	_	
7-16	843-849	humido	Circumstances[10]	_	_	
7-17	850-854	verò	Circumstances[10]	_	_	
7-18	855-861	exiguo	Circumstances[10]	_	_	
7-19	862-864	ac	Circumstances[10]	_	_	
7-20	865-867	mo	Circumstances[10]	_	_	
7-21	868-870	Ad	_	_	_	
7-22	871-883	odoremderato	_	_	_	
7-23	883-884	.	_	_	_	
7-24	885-886	-	_	_	_	
7-25	887-889	VE	_	_	_	
7-26	890-891	'	_	_	_	
7-27	891-895	enim	_	_	_	
7-28	896-903	plantae	Odour\_Carrier	_	_	
7-29	904-907	quæ	_	_	_	
7-30	908-919	requi-humor	_	_	_	
7-31	920-922	in	_	_	_	
7-32	923-929	odorem	Smell\_Word	*|*	7-28|7-36[11_0]	
7-33	930-935	tempe	_	_	_	
7-34	937-942	recur	_	_	_	
7-35	943-944	,	_	_	_	
7-36	945-952	neceffe	Circumstances[11]	_	_	
7-37	953-956	eft	Circumstances[11]	_	_	
7-38	956-957	,	Circumstances[11]	_	_	
7-39	958-960	vt	Circumstances[11]	_	_	
7-40	961-962	&	Circumstances[11]	_	_	
7-41	963-968	calor	Circumstances[11]	_	_	
7-42	969-980	praepolleat	Circumstances[11]	_	_	
7-43	981-982	;	Circumstances[11]	_	_	
7-44	983-984	&	Circumstances[11]	_	_	
7-45	985-990	humor	Circumstances[11]	_	_	
7-46	991-996	vinci	Circumstances[11]	_	_	
7-47	996-997	,	Circumstances[11]	_	_	
7-48	998-1004	fubigi	Circumstances[11]	_	_	
7-49	1004-1005	;	Circumstances[11]	_	_	
7-50	1005-1006	&	Circumstances[11]	_	_	
7-51	1007-1012	coqui	Circumstances[11]	_	_	
7-52	1013-1016	com	Circumstances[11]	_	_	
7-53	1018-1022	modè	Circumstances[11]	_	_	
7-54	1023-1029	poffit	Circumstances[11]	_	_	
7-55	1029-1030	.	Circumstances[11]	_	_	

#Text=Ex quo fit, ve Cur in Sep- in regione feptentrionali, odores non vbi languet calor, humor
#Text=
#Text=que abundat & affluit, inodora fint omnia , quae ex terra nafcuncur.
8-1	1031-1033	Ex	_	_	_	
8-2	1034-1037	quo	_	_	_	
8-3	1038-1041	fit	_	_	_	
8-4	1041-1042	,	_	_	_	
8-5	1043-1045	ve	_	_	_	
8-6	1046-1049	Cur	_	_	_	
8-7	1050-1052	in	_	_	_	
8-8	1053-1056	Sep	_	_	_	
8-9	1056-1057	-	_	_	_	
8-10	1058-1060	in	Location[12]	_	_	
8-11	1061-1068	regione	Location[12]	_	_	
8-12	1069-1083	feptentrionali	Location[12]	_	_	
8-13	1083-1084	,	_	_	_	
8-14	1085-1091	odores	Smell\_Word[13]|Smell\_Source[14]	*	8-14[14_13]	
8-15	1092-1095	non	_	_	_	
8-16	1096-1099	vbi	Circumstances[15]	_	_	
8-17	1100-1107	languet	Circumstances[15]	_	_	
8-18	1108-1113	calor	Circumstances[15]	_	_	
8-19	1113-1114	,	Circumstances[15]	_	_	
8-20	1115-1120	humor	Circumstances[15]	_	_	
8-21	1122-1125	que	Circumstances[15]	_	_	
8-22	1126-1133	abundat	Circumstances[15]	_	_	
8-23	1134-1135	&	Circumstances[15]	_	_	
8-24	1136-1143	affluit	Circumstances[15]	_	_	
8-25	1143-1144	,	_	_	_	
8-26	1145-1152	inodora	Smell\_Word	*|*|*	8-10[12_0]|8-16[15_0]|8-28[16_0]	
8-27	1153-1157	fint	_	_	_	
8-28	1158-1163	omnia	Smell\_Source[16]	_	_	
8-29	1164-1165	,	Smell\_Source[16]	_	_	
8-30	1166-1170	quae	Smell\_Source[16]	_	_	
8-31	1171-1173	ex	Smell\_Source[16]	_	_	
8-32	1174-1179	terra	Smell\_Source[16]	_	_	
8-33	1180-1189	nafcuncur	Smell\_Source[16]	_	_	
8-34	1189-1190	.	Smell\_Source[16]	_	_	

#Text=Neque vc
#Text=
#Text=rò
#Text=
#Text=
#Text=
#Text=rantur :
#Text=
#Text=
#Text=
#Text=siguantur
#Text=
#Text=
#Text=
#Text=
#Text=
#Text=:
#Text=
#Text=
#Text=
#Text=rò existimandum proptereà
#Text=
#Text=est, humorem esse deberes
#Text=
#Text=omnino exiguum , quia
#Text=
#Text=
#Text=
#Text=fi
#Text=
#Text=calis fit,exlicca eric terra,
#Text=
#Text=ab eaque nata arida , exic-
#Text=
#Text=cataque una planè inepta,
#Text=
#Text=ve vaporem fundant odore
#Text=
#Text=fuauem, nequc enim a ca
#Text=
#Text=lore coquitur, exiguus: ille,
#Text=
#Text=humor, fed potius exuria
#Text=
#Text=tur.
9-1	1191-1196	Neque	_	_	_	
9-2	1197-1199	vc	_	_	_	
9-3	1201-1203	rò	_	_	_	
9-4	1207-1213	rantur	_	_	_	
9-5	1214-1215	:	_	_	_	
9-6	1219-1228	siguantur	_	_	_	
9-7	1234-1235	:	_	_	_	
9-8	1239-1241	rò	_	_	_	
9-9	1242-1254	existimandum	_	_	_	
9-10	1255-1264	proptereà	_	_	_	
9-11	1266-1269	est	_	_	_	
9-12	1269-1270	,	_	_	_	
9-13	1271-1278	humorem	_	_	_	
9-14	1279-1283	esse	_	_	_	
9-15	1284-1291	deberes	_	_	_	
9-16	1293-1299	omnino	_	_	_	
9-17	1300-1307	exiguum	_	_	_	
9-18	1308-1309	,	_	_	_	
9-19	1310-1314	quia	_	_	_	
9-20	1318-1320	fi	_	_	_	
9-21	1322-1327	calis	_	_	_	
9-22	1328-1331	fit	_	_	_	
9-23	1331-1332	,	_	_	_	
9-24	1332-1339	exlicca	_	_	_	
9-25	1340-1344	eric	_	_	_	
9-26	1345-1350	terra	_	_	_	
9-27	1350-1351	,	_	_	_	
9-28	1353-1355	ab	_	_	_	
9-29	1356-1361	eaque	_	_	_	
9-30	1362-1366	nata	_	_	_	
9-31	1367-1372	arida	Smell\_Source[17]	_	_	
9-32	1373-1374	,	Smell\_Source[17]	_	_	
9-33	1375-1379	exic	Smell\_Source[17]	_	_	
9-34	1379-1380	-	Smell\_Source[17]	_	_	
9-35	1382-1389	cataque	Smell\_Source[17]	_	_	
9-36	1390-1393	una	Smell\_Source[17]	_	_	
9-37	1394-1399	planè	Smell\_Source[17]	_	_	
9-38	1400-1406	inepta	Smell\_Source[17]	_	_	
9-39	1406-1407	,	_	_	_	
9-40	1409-1411	ve	_	_	_	
9-41	1412-1419	vaporem	Smell\_Source	_	_	
9-42	1420-1427	fundant	_	_	_	
9-43	1428-1433	odore	Smell\_Word	*|*|*	9-44|9-41|9-31[17_0]	
9-44	1435-1441	fuauem	Quality	_	_	
9-45	1441-1442	,	_	_	_	
9-46	1443-1448	nequc	_	_	_	
9-47	1449-1453	enim	_	_	_	
9-48	1454-1455	a	_	_	_	
9-49	1456-1458	ca	_	_	_	
9-50	1460-1464	lore	_	_	_	
9-51	1465-1473	coquitur	_	_	_	
9-52	1473-1474	,	_	_	_	
9-53	1475-1482	exiguus	_	_	_	
9-54	1482-1483	:	_	_	_	
9-55	1484-1488	ille	_	_	_	
9-56	1488-1489	,	_	_	_	
9-57	1491-1496	humor	_	_	_	
9-58	1496-1497	,	_	_	_	
9-59	1498-1501	fed	_	_	_	
9-60	1502-1508	potius	_	_	_	
9-61	1509-1515	exuria	_	_	_	
9-62	1517-1520	tur	_	_	_	
9-63	1520-1521	.	_	_	_	

#Text=Quarè in Africa, ficca Africa cu
#Text=
#Text=exuccaque meridionali re-, signate
#Text=
#Text=giane, quae ex terra nascuncho
#Text=
#Text=tur, inodora funt.
10-1	1522-1527	Quarè	_	_	_	
10-2	1528-1530	in	Location[18]	_	_	
10-3	1531-1537	Africa	Location[18]	_	_	
10-4	1537-1538	,	_	_	_	
10-5	1539-1544	ficca	Location	_	_	
10-6	1545-1551	Africa	_	_	_	
10-7	1552-1554	cu	_	_	_	
10-8	1556-1565	exuccaque	Circumstances[19]	Same\_span|Same\_span	10-14[0_19]|10-5[0_19]	
10-9	1566-1577	meridionali	Circumstances[19]	_	_	
10-10	1578-1580	re	Circumstances[19]	_	_	
10-11	1580-1581	-	_	_	_	
10-12	1581-1582	,	_	_	_	
10-13	1583-1590	signate	_	_	_	
10-14	1592-1597	giane	Location	_	_	
10-15	1597-1598	,	_	_	_	
10-16	1599-1603	quae	Smell\_Source[20]	_	_	
10-17	1604-1606	ex	Smell\_Source[20]	_	_	
10-18	1607-1612	terra	Smell\_Source[20]	_	_	
10-19	1613-1622	nascuncho	Smell\_Source[20]	_	_	
10-20	1624-1627	tur	Smell\_Source[20]	_	_	
10-21	1627-1628	,	_	_	_	
10-22	1629-1636	inodora	Smell\_Word	*|*|*	10-2[18_0]|10-8[19_0]|10-16[20_0]	
10-23	1637-1641	funt	_	_	_	
10-24	1641-1642	.	_	_	_	

#Text=Contra
#Text=
#Text=vero accidit in Arabia,quae
#Text=
#Text=ad orienté solem vergitssuc-
#Text=
#Text=cosa enim magis eft & hu-
#Text=
#Text=mecta.
#Text=nam calor praepol-
#Text=
#Text=lens terram,
#Text=
#Text=
#Text=
#Text=moderato hu
#Text=
#Text=
#Text=
#Text=
#Text=
#Text=mo
#Text=
#Text=
#Text=
#Text=
#Text=
#Text=more perfusam, bene.com
#Text=
#Text=quit & fubigit, ex eaques Arabia cur nata in : fuauem odorem odoratagi
#Text=
#Text=.
#Text=condit ac températ.
11-1	1643-1649	Contra	_	_	_	
11-2	1651-1655	vero	_	_	_	
11-3	1656-1663	accidit	_	_	_	
11-4	1664-1666	in	Location[21]	_	_	
11-5	1667-1673	Arabia	Location[21]	_	_	
11-6	1673-1674	,	_	_	_	
11-7	1674-1678	quae	_	_	_	
11-8	1680-1682	ad	_	_	_	
11-9	1683-1690	orienté	_	_	_	
11-10	1691-1696	solem	_	_	_	
11-11	1697-1707	vergitssuc	_	_	_	
11-12	1707-1708	-	_	_	_	
11-13	1710-1714	cosa	Circumstances[22]	_	_	
11-14	1715-1719	enim	Circumstances[22]	_	_	
11-15	1720-1725	magis	Circumstances[22]	_	_	
11-16	1726-1729	eft	Circumstances[22]	_	_	
11-17	1730-1731	&	Circumstances[22]	_	_	
11-18	1732-1734	hu	Circumstances[22]	_	_	
11-19	1734-1735	-	Circumstances[22]	_	_	
11-20	1737-1742	mecta	Circumstances[22]	_	_	
11-21	1742-1743	.	Circumstances[22]	_	_	
11-22	1744-1747	nam	Circumstances[22]	_	_	
11-23	1748-1753	calor	Circumstances[22]	_	_	
11-24	1754-1761	praepol	Circumstances[22]	_	_	
11-25	1761-1762	-	Circumstances[22]	_	_	
11-26	1764-1768	lens	Circumstances[22]	_	_	
11-27	1769-1775	terram	Circumstances[22]	_	_	
11-28	1775-1776	,	Circumstances[22]	_	_	
11-29	1780-1788	moderato	Circumstances[22]	_	_	
11-30	1789-1791	hu	Circumstances[22]	_	_	
11-31	1797-1799	mo	Circumstances[22]	_	_	
11-32	1805-1809	more	Circumstances[22]	_	_	
11-33	1810-1818	perfusam	Circumstances[22]	_	_	
11-34	1818-1819	,	Circumstances[22]	_	_	
11-35	1820-1828	bene.com	Circumstances[22]	_	_	
11-36	1830-1834	quit	Circumstances[22]	_	_	
11-37	1835-1836	&	Circumstances[22]	_	_	
11-38	1837-1844	fubigit	Circumstances[22]	_	_	
11-39	1844-1845	,	Circumstances[22]	_	_	
11-40	1846-1848	ex	_	_	_	
11-41	1849-1855	eaques	_	_	_	
11-42	1856-1862	Arabia	_	_	_	
11-43	1863-1866	cur	_	_	_	
11-44	1867-1871	nata	_	_	_	
11-45	1872-1874	in	_	_	_	
11-46	1875-1876	:	_	_	_	
11-47	1877-1883	fuauem	Quality	_	_	
11-48	1884-1890	odorem	Smell\_Word	*|*|*	11-47|11-4[21_0]|11-13[22_0]	
11-49	1891-1900	odoratagi	Smell\_Word	_	_	
11-50	1902-1903	.	_	_	_	
11-51	1904-1910	condit	_	_	_	
11-52	1911-1913	ac	_	_	_	
11-53	1914-1922	températ	_	_	_	
11-54	1922-1923	.	_	_	_	

#Text=Neo
#Text=
#Text=pigeat érgo, vt omnia cibi apertiora fint,ipfum loquen tem Philosophuin audines: Etenim quae parce bumida quen.
#Text=dam in modum recalucrint, odom
#Text=
#Text=Pala redduntur.
#Text=bunior enim como Ariftotelis qui calore nimirum poteft.
12-1	1924-1927	Neo	_	_	_	
12-2	1929-1935	pigeat	_	_	_	
12-3	1936-1940	érgo	_	_	_	
12-4	1940-1941	,	_	_	_	
12-5	1942-1944	vt	_	_	_	
12-6	1945-1950	omnia	_	_	_	
12-7	1951-1955	cibi	_	_	_	
12-8	1956-1965	apertiora	_	_	_	
12-9	1966-1970	fint	_	_	_	
12-10	1970-1971	,	_	_	_	
12-11	1971-1976	ipfum	_	_	_	
12-12	1977-1983	loquen	_	_	_	
12-13	1984-1987	tem	_	_	_	
12-14	1988-2000	Philosophuin	_	_	_	
12-15	2001-2008	audines	_	_	_	
12-16	2008-2009	:	_	_	_	
12-17	2010-2016	Etenim	_	_	_	
12-18	2017-2021	quae	Circumstances[23]|Smell\_Source[24]	_	_	
12-19	2022-2027	parce	Circumstances[23]|Smell\_Source[24]	_	_	
12-20	2028-2034	bumida	Circumstances[23]|Smell\_Source[24]	_	_	
12-21	2035-2039	quen	Circumstances[23]|Smell\_Source[24]	_	_	
12-22	2039-2040	.	Circumstances[23]|Smell\_Source[24]	_	_	
12-23	2041-2044	dam	Circumstances[23]|Smell\_Source[24]	_	_	
12-24	2045-2047	in	Circumstances[23]|Smell\_Source[24]	_	_	
12-25	2048-2053	modum	Circumstances[23]|Smell\_Source[24]	_	_	
12-26	2054-2065	recalucrint	Circumstances[23]|Smell\_Source[24]	_	_	
12-27	2065-2066	,	_	_	_	
12-28	2067-2071	odom	Smell\_Word[25]	*|*	12-18[23_25]|12-18[24_25]	
12-29	2073-2077	Pala	Smell\_Word[25]	_	_	
12-30	2078-2087	redduntur	_	_	_	
12-31	2087-2088	.	_	_	_	
12-32	2089-2095	bunior	_	_	_	
12-33	2096-2100	enim	_	_	_	
12-34	2101-2105	como	_	_	_	
12-35	2106-2117	Ariftotelis	_	_	_	
12-36	2118-2121	qui	_	_	_	
12-37	2122-2128	calore	_	_	_	
12-38	2129-2136	nimirum	_	_	_	
12-39	2137-2143	poteft	_	_	_	
12-40	2143-2144	.	_	_	_	

#Text=Quiao regionibus
#Text=
#Text=de caufa totius quoque prbis terharum quæ ad folem- orieniem, Spectant , odoratiora exurgunt
#Text=
#Text=quàm quæ ad septentrionem , eorum ipforum , quae ad ontums plus vergunt , quàm quae ad meridiem , eo quòd taca Syrine dore -Arabiae pleniora funt atque ter
#Text=
#Text=
#Text=
#Text=feptétia de
#Text=
#Text=
#Text=
#Text=odoriferis.
13-1	2145-2150	Quiao	_	_	_	
13-2	2151-2161	regionibus	_	_	_	
13-3	2163-2165	de	_	_	_	
13-4	2166-2171	caufa	_	_	_	
13-5	2172-2178	totius	Location[26]	_	_	
13-6	2179-2185	quoque	Location[26]	_	_	
13-7	2186-2191	prbis	Location[26]	_	_	
13-8	2192-2200	terharum	Location[26]	_	_	
13-9	2201-2204	quæ	Location[26]	_	_	
13-10	2205-2207	ad	Location[26]	_	_	
13-11	2208-2213	folem	Location[26]	_	_	
13-12	2213-2214	-	Location[26]	_	_	
13-13	2215-2223	orieniem	Location[26]	_	_	
13-14	2223-2224	,	Location[26]	_	_	
13-15	2225-2233	Spectant	Location[26]	_	_	
13-16	2234-2235	,	_	_	_	
13-17	2236-2246	odoratiora	Smell\_Word	*	13-5[26_0]	
13-18	2247-2255	exurgunt	_	_	_	
13-19	2257-2261	quàm	_	_	_	
13-20	2262-2265	quæ	_	_	_	
13-21	2266-2268	ad	_	_	_	
13-22	2269-2282	septentrionem	_	_	_	
13-23	2283-2284	,	_	_	_	
13-24	2285-2290	eorum	_	_	_	
13-25	2291-2298	ipforum	_	_	_	
13-26	2299-2300	,	_	_	_	
13-27	2301-2305	quae	_	_	_	
13-28	2306-2308	ad	_	_	_	
13-29	2309-2315	ontums	_	_	_	
13-30	2316-2320	plus	_	_	_	
13-31	2321-2328	vergunt	_	_	_	
13-32	2329-2330	,	_	_	_	
13-33	2331-2335	quàm	_	_	_	
13-34	2336-2340	quae	_	_	_	
13-35	2341-2343	ad	_	_	_	
13-36	2344-2352	meridiem	_	_	_	
13-37	2353-2354	,	_	_	_	
13-38	2355-2357	eo	_	_	_	
13-39	2358-2362	quòd	_	_	_	
13-40	2363-2367	taca	_	_	_	
13-41	2368-2374	Syrine	_	_	_	
13-42	2375-2379	dore	_	_	_	
13-43	2380-2381	-	_	_	_	
13-44	2381-2388	Arabiae	_	_	_	
13-45	2389-2397	pleniora	_	_	_	
13-46	2398-2402	funt	_	_	_	
13-47	2403-2408	atque	_	_	_	
13-48	2409-2412	ter	_	_	_	
13-49	2416-2424	feptétia	_	_	_	
13-50	2425-2427	de	_	_	_	
13-51	2431-2441	odoriferis	Smell\_Word	_	_	
13-52	2441-2442	.	_	_	_	
