#FORMAT=WebAnno TSV 3.3


#Text=te.'
1-1	2-4	te	
1-2	4-5	.	
1-3	5-6	'	

#Text=telis loco ab Septalio obdu
#Text=
#Text=etas y expellamus - Ad fem
#Text=
#Text=cundum Problema lib.xtu
#Text=
#Text=haec haber; alioqui doctif
#Text=
#Text=
#Text=
#Text=fimusí mihique eximia doto atrina animo meo cariffi
#Text=
#Text=mus Ludouicus Sepralius:
#Text=
#Text=Sic Arabiam Lýbiam obiexces i fum ficcitatie via odorata bocins
#Text=
#Text=loco producere feribit Ariftote Septalius
#Text=
#Text=lesi.
2-1	12-17	telis	
2-2	18-22	loco	
2-3	23-25	ab	
2-4	26-34	Septalio	
2-5	35-39	obdu	
2-6	41-45	etas	
2-7	46-47	y	
2-8	48-58	expellamus	
2-9	59-60	-	
2-10	61-63	Ad	
2-11	64-67	fem	
2-12	69-75	cundum	
2-13	76-84	Problema	
2-14	85-92	lib.xtu	
2-15	94-98	haec	
2-16	99-104	haber	
2-17	104-105	;	
2-18	106-113	alioqui	
2-19	114-120	doctif	
2-20	124-130	fimusí	
2-21	131-138	mihique	
2-22	139-145	eximia	
2-23	146-150	doto	
2-24	151-157	atrina	
2-25	158-163	animo	
2-26	164-167	meo	
2-27	168-175	cariffi	
2-28	177-180	mus	
2-29	181-190	Ludouicus	
2-30	191-200	Sepralius	
2-31	200-201	:	
2-32	203-206	Sic	
2-33	207-214	Arabiam	
2-34	215-221	Lýbiam	
2-35	222-230	obiexces	
2-36	231-232	i	
2-37	233-236	fum	
2-38	237-247	ficcitatie	
2-39	248-251	via	
2-40	252-259	odorata	
2-41	260-266	bocins	
2-42	268-272	loco	
2-43	273-282	producere	
2-44	283-290	feribit	
2-45	291-299	Ariftote	
2-46	300-309	Septalius	
2-47	311-315	lesi	
2-48	315-316	.	

#Text=Profectò praeftantissi- fus.
#Text=mus.
3-1	317-325	Profectò	
3-2	326-339	praeftantissi	
3-3	339-340	-	
3-4	341-344	fus	
3-5	344-345	.	
3-6	346-349	mus	
3-7	349-350	.	

#Text=Commentator & a ver
#Text=
#Text=ricare aliena fcribit , & Ari-
#Text=
#Text=fotelis fententiae, quam ex
#Text=
#Text=plicandam fulcepic
#Text=
#Text=
#Text=
#Text=, contra
#Text=
#Text=ria.
4-1	351-362	Commentator	
4-2	363-364	&	
4-3	365-366	a	
4-4	367-370	ver	
4-5	372-378	ricare	
4-6	379-385	aliena	
4-7	386-393	fcribit	
4-8	394-395	,	
4-9	396-397	&	
4-10	398-401	Ari	
4-11	401-402	-	
4-12	404-411	fotelis	
4-13	412-422	fententiae	
4-14	422-423	,	
4-15	424-428	quam	
4-16	429-431	ex	
4-17	433-442	plicandam	
4-18	443-451	fulcepic	
4-19	455-456	,	
4-20	457-463	contra	
4-21	465-468	ria	
4-22	468-469	.	

#Text=Alicna quidem a veri-
#Text=
#Text=tare, gaia Arabiam odora-
#Text=
#Text=riima gignere, fatis inter
#Text=
#Text=omnes conftat, vela uobis
#Text=
#Text=
#Text=
#Text=
#Text=
#Text=reprehen
#Text=
#Text=
#Text=
#Text=€
#Text=
#Text=
#Text=
#Text=
#Text=
#Text=0.4
#Text=
#Text=
#Text=
#Text=mox
#Text=
#Text=
#Text=
#Text=
#Text=
#Text=mox productis teftimonijs.
5-1	470-476	Alicna	
5-2	477-483	quidem	
5-3	484-485	a	
5-4	486-490	veri	
5-5	490-491	-	
5-6	493-497	tare	
5-7	497-498	,	
5-8	499-503	gaia	
5-9	504-511	Arabiam	
5-10	512-517	odora	
5-11	517-518	-	
5-12	520-525	riima	
5-13	526-533	gignere	
5-14	533-534	,	
5-15	535-540	fatis	
5-16	541-546	inter	
5-17	548-553	omnes	
5-18	554-561	conftat	
5-19	561-562	,	
5-20	563-567	vela	
5-21	568-573	uobis	
5-22	579-587	reprehen	
5-23	591-592	€	
5-24	598-601	0.4	
5-25	605-608	mox	
5-26	614-617	mox	
5-27	618-627	productis	
5-28	628-639	teftimonijs	
5-29	639-640	.	

#Text=Contrària verò Aristotelis
#Text=
#Text=sententiae , quia hoc reueAristoteles rà fibi vult ibi Philosophus, explicatus.
6-1	641-650	Contrària	
6-2	651-655	verò	
6-3	656-667	Aristotelis	
6-4	669-679	sententiae	
6-5	680-681	,	
6-6	682-686	quia	
6-7	687-690	hoc	
6-8	691-706	reueAristoteles	
6-9	707-709	rà	
6-10	710-714	fibi	
6-11	715-719	vult	
6-12	720-723	ibi	
6-13	724-735	Philosophus	
6-14	735-736	,	
6-15	737-747	explicatus	
6-16	747-748	.	

#Text=Ad odorem creandum cali.
#Text=do humidoque opus else: calore quidem non exiguo,
#Text=
#Text=humido verò exiguo ac mo Ad odoremderato.
#Text=- VE 'enim plantae quæ requi-humor in odorem tempe
#Text=
#Text=recur , neceffe eft, vt & calor praepolleat ; & humor vinci, fubigi;& coqui com
#Text=
#Text=modè poffit.
7-1	749-751	Ad	
7-2	752-758	odorem	
7-3	759-767	creandum	
7-4	768-772	cali	
7-5	772-773	.	
7-6	774-776	do	
7-7	777-786	humidoque	
7-8	787-791	opus	
7-9	792-796	else	
7-10	796-797	:	
7-11	798-804	calore	
7-12	805-811	quidem	
7-13	812-815	non	
7-14	816-822	exiguo	
7-15	822-823	,	
7-16	825-831	humido	
7-17	832-836	verò	
7-18	837-843	exiguo	
7-19	844-846	ac	
7-20	847-849	mo	
7-21	850-852	Ad	
7-22	853-865	odoremderato	
7-23	865-866	.	
7-24	867-868	-	
7-25	869-871	VE	
7-26	872-873	'	
7-27	873-877	enim	
7-28	878-885	plantae	
7-29	886-889	quæ	
7-30	890-901	requi-humor	
7-31	902-904	in	
7-32	905-911	odorem	
7-33	912-917	tempe	
7-34	919-924	recur	
7-35	925-926	,	
7-36	927-934	neceffe	
7-37	935-938	eft	
7-38	938-939	,	
7-39	940-942	vt	
7-40	943-944	&	
7-41	945-950	calor	
7-42	951-962	praepolleat	
7-43	963-964	;	
7-44	965-966	&	
7-45	967-972	humor	
7-46	973-978	vinci	
7-47	978-979	,	
7-48	980-986	fubigi	
7-49	986-987	;	
7-50	987-988	&	
7-51	989-994	coqui	
7-52	995-998	com	
7-53	1000-1004	modè	
7-54	1005-1011	poffit	
7-55	1011-1012	.	

#Text=Ex quo fit, ve Cur in Sep- in regione feptentrionali, odores non vbi languet calor, humor
#Text=
#Text=que abundat & affluit, inodora fint omnia , quae ex terra nafcuncur.
8-1	1013-1015	Ex	
8-2	1016-1019	quo	
8-3	1020-1023	fit	
8-4	1023-1024	,	
8-5	1025-1027	ve	
8-6	1028-1031	Cur	
8-7	1032-1034	in	
8-8	1035-1038	Sep	
8-9	1038-1039	-	
8-10	1040-1042	in	
8-11	1043-1050	regione	
8-12	1051-1065	feptentrionali	
8-13	1065-1066	,	
8-14	1067-1073	odores	
8-15	1074-1077	non	
8-16	1078-1081	vbi	
8-17	1082-1089	languet	
8-18	1090-1095	calor	
8-19	1095-1096	,	
8-20	1097-1102	humor	
8-21	1104-1107	que	
8-22	1108-1115	abundat	
8-23	1116-1117	&	
8-24	1118-1125	affluit	
8-25	1125-1126	,	
8-26	1127-1134	inodora	
8-27	1135-1139	fint	
8-28	1140-1145	omnia	
8-29	1146-1147	,	
8-30	1148-1152	quae	
8-31	1153-1155	ex	
8-32	1156-1161	terra	
8-33	1162-1171	nafcuncur	
8-34	1171-1172	.	

#Text=Neque vc
#Text=
#Text=rò
#Text=
#Text=
#Text=
#Text=rantur :
#Text=
#Text=
#Text=
#Text=siguantur
#Text=
#Text=
#Text=
#Text=
#Text=
#Text=:
#Text=
#Text=
#Text=
#Text=rò existimandum proptereà
#Text=
#Text=est, humorem esse deberes
#Text=
#Text=omnino exiguum , quia
#Text=
#Text=
#Text=
#Text=fi
#Text=
#Text=calis fit,exlicca eric terra,
#Text=
#Text=ab eaque nata arida , exic-
#Text=
#Text=cataque una planè inepta,
#Text=
#Text=ve vaporem fundant odore
#Text=
#Text=fuauem, nequc enim a ca
#Text=
#Text=lore coquitur, exiguus: ille,
#Text=
#Text=humor, fed potius exuria
#Text=
#Text=tur.
9-1	1173-1178	Neque	
9-2	1179-1181	vc	
9-3	1183-1185	rò	
9-4	1189-1195	rantur	
9-5	1196-1197	:	
9-6	1201-1210	siguantur	
9-7	1216-1217	:	
9-8	1221-1223	rò	
9-9	1224-1236	existimandum	
9-10	1237-1246	proptereà	
9-11	1248-1251	est	
9-12	1251-1252	,	
9-13	1253-1260	humorem	
9-14	1261-1265	esse	
9-15	1266-1273	deberes	
9-16	1275-1281	omnino	
9-17	1282-1289	exiguum	
9-18	1290-1291	,	
9-19	1292-1296	quia	
9-20	1300-1302	fi	
9-21	1304-1309	calis	
9-22	1310-1313	fit	
9-23	1313-1314	,	
9-24	1314-1321	exlicca	
9-25	1322-1326	eric	
9-26	1327-1332	terra	
9-27	1332-1333	,	
9-28	1335-1337	ab	
9-29	1338-1343	eaque	
9-30	1344-1348	nata	
9-31	1349-1354	arida	
9-32	1355-1356	,	
9-33	1357-1361	exic	
9-34	1361-1362	-	
9-35	1364-1371	cataque	
9-36	1372-1375	una	
9-37	1376-1381	planè	
9-38	1382-1388	inepta	
9-39	1388-1389	,	
9-40	1391-1393	ve	
9-41	1394-1401	vaporem	
9-42	1402-1409	fundant	
9-43	1410-1415	odore	
9-44	1417-1423	fuauem	
9-45	1423-1424	,	
9-46	1425-1430	nequc	
9-47	1431-1435	enim	
9-48	1436-1437	a	
9-49	1438-1440	ca	
9-50	1442-1446	lore	
9-51	1447-1455	coquitur	
9-52	1455-1456	,	
9-53	1457-1464	exiguus	
9-54	1464-1465	:	
9-55	1466-1470	ille	
9-56	1470-1471	,	
9-57	1473-1478	humor	
9-58	1478-1479	,	
9-59	1480-1483	fed	
9-60	1484-1490	potius	
9-61	1491-1497	exuria	
9-62	1499-1502	tur	
9-63	1502-1503	.	

#Text=Quarè in Africa, ficca Africa cu
#Text=
#Text=exuccaque meridionali re-, signate
#Text=
#Text=giane, quae ex terra nascuncho
#Text=
#Text=tur, inodora funt.
10-1	1504-1509	Quarè	
10-2	1510-1512	in	
10-3	1513-1519	Africa	
10-4	1519-1520	,	
10-5	1521-1526	ficca	
10-6	1527-1533	Africa	
10-7	1534-1536	cu	
10-8	1538-1547	exuccaque	
10-9	1548-1559	meridionali	
10-10	1560-1562	re	
10-11	1562-1563	-	
10-12	1563-1564	,	
10-13	1565-1572	signate	
10-14	1574-1579	giane	
10-15	1579-1580	,	
10-16	1581-1585	quae	
10-17	1586-1588	ex	
10-18	1589-1594	terra	
10-19	1595-1604	nascuncho	
10-20	1606-1609	tur	
10-21	1609-1610	,	
10-22	1611-1618	inodora	
10-23	1619-1623	funt	
10-24	1623-1624	.	

#Text=Contra
#Text=
#Text=vero accidit in Arabia,quae
#Text=
#Text=ad orienté solem vergitssuc-
#Text=
#Text=cosa enim magis eft & hu-
#Text=
#Text=mecta.
#Text=nam calor praepol-
#Text=
#Text=lens terram,
#Text=
#Text=
#Text=
#Text=moderato hu
#Text=
#Text=
#Text=
#Text=
#Text=
#Text=mo
#Text=
#Text=
#Text=
#Text=
#Text=
#Text=more perfusam, bene.com
#Text=
#Text=quit & fubigit, ex eaques Arabia cur nata in : fuauem odorem odoratagi
#Text=
#Text=.
#Text=condit ac températ.
11-1	1625-1631	Contra	
11-2	1633-1637	vero	
11-3	1638-1645	accidit	
11-4	1646-1648	in	
11-5	1649-1655	Arabia	
11-6	1655-1656	,	
11-7	1656-1660	quae	
11-8	1662-1664	ad	
11-9	1665-1672	orienté	
11-10	1673-1678	solem	
11-11	1679-1689	vergitssuc	
11-12	1689-1690	-	
11-13	1692-1696	cosa	
11-14	1697-1701	enim	
11-15	1702-1707	magis	
11-16	1708-1711	eft	
11-17	1712-1713	&	
11-18	1714-1716	hu	
11-19	1716-1717	-	
11-20	1719-1724	mecta	
11-21	1724-1725	.	
11-22	1726-1729	nam	
11-23	1730-1735	calor	
11-24	1736-1743	praepol	
11-25	1743-1744	-	
11-26	1746-1750	lens	
11-27	1751-1757	terram	
11-28	1757-1758	,	
11-29	1762-1770	moderato	
11-30	1771-1773	hu	
11-31	1779-1781	mo	
11-32	1787-1791	more	
11-33	1792-1800	perfusam	
11-34	1800-1801	,	
11-35	1802-1810	bene.com	
11-36	1812-1816	quit	
11-37	1817-1818	&	
11-38	1819-1826	fubigit	
11-39	1826-1827	,	
11-40	1828-1830	ex	
11-41	1831-1837	eaques	
11-42	1838-1844	Arabia	
11-43	1845-1848	cur	
11-44	1849-1853	nata	
11-45	1854-1856	in	
11-46	1857-1858	:	
11-47	1859-1865	fuauem	
11-48	1866-1872	odorem	
11-49	1873-1882	odoratagi	
11-50	1884-1885	.	
11-51	1886-1892	condit	
11-52	1893-1895	ac	
11-53	1896-1904	températ	
11-54	1904-1905	.	

#Text=Neo
#Text=
#Text=pigeat érgo, vt omnia cibi apertiora fint,ipfum loquen tem Philosophuin audines: Etenim quae parce bumida quen.
#Text=dam in modum recalucrint, odom
#Text=
#Text=Pala redduntur.
#Text=bunior enim como Ariftotelis qui calore nimirum poteft.
12-1	1906-1909	Neo	
12-2	1911-1917	pigeat	
12-3	1918-1922	érgo	
12-4	1922-1923	,	
12-5	1924-1926	vt	
12-6	1927-1932	omnia	
12-7	1933-1937	cibi	
12-8	1938-1947	apertiora	
12-9	1948-1952	fint	
12-10	1952-1953	,	
12-11	1953-1958	ipfum	
12-12	1959-1965	loquen	
12-13	1966-1969	tem	
12-14	1970-1982	Philosophuin	
12-15	1983-1990	audines	
12-16	1990-1991	:	
12-17	1992-1998	Etenim	
12-18	1999-2003	quae	
12-19	2004-2009	parce	
12-20	2010-2016	bumida	
12-21	2017-2021	quen	
12-22	2021-2022	.	
12-23	2023-2026	dam	
12-24	2027-2029	in	
12-25	2030-2035	modum	
12-26	2036-2047	recalucrint	
12-27	2047-2048	,	
12-28	2049-2053	odom	
12-29	2055-2059	Pala	
12-30	2060-2069	redduntur	
12-31	2069-2070	.	
12-32	2071-2077	bunior	
12-33	2078-2082	enim	
12-34	2083-2087	como	
12-35	2088-2099	Ariftotelis	
12-36	2100-2103	qui	
12-37	2104-2110	calore	
12-38	2111-2118	nimirum	
12-39	2119-2125	poteft	
12-40	2125-2126	.	

#Text=Quiao regionibus
#Text=
#Text=de caufa totius quoque prbis terharum quæ ad folem- orieniem, Spectant , odoratiora exurgunt
#Text=
#Text=quàm quæ ad septentrionem , eorum ipforum , quae ad ontums plus vergunt , quàm quae ad meridiem , eo quòd taca Syrine dore -Arabiae pleniora funt atque ter
#Text=
#Text=
#Text=
#Text=feptétia de
#Text=
#Text=
#Text=
#Text=odoriferis.
#Text=renoheras Africae uerò arenoface Aticulofaque.
13-1	2127-2132	Quiao	
13-2	2133-2143	regionibus	
13-3	2145-2147	de	
13-4	2148-2153	caufa	
13-5	2154-2160	totius	
13-6	2161-2167	quoque	
13-7	2168-2173	prbis	
13-8	2174-2182	terharum	
13-9	2183-2186	quæ	
13-10	2187-2189	ad	
13-11	2190-2195	folem	
13-12	2195-2196	-	
13-13	2197-2205	orieniem	
13-14	2205-2206	,	
13-15	2207-2215	Spectant	
13-16	2216-2217	,	
13-17	2218-2228	odoratiora	
13-18	2229-2237	exurgunt	
13-19	2239-2243	quàm	
13-20	2244-2247	quæ	
13-21	2248-2250	ad	
13-22	2251-2264	septentrionem	
13-23	2265-2266	,	
13-24	2267-2272	eorum	
13-25	2273-2280	ipforum	
13-26	2281-2282	,	
13-27	2283-2287	quae	
13-28	2288-2290	ad	
13-29	2291-2297	ontums	
13-30	2298-2302	plus	
13-31	2303-2310	vergunt	
13-32	2311-2312	,	
13-33	2313-2317	quàm	
13-34	2318-2322	quae	
13-35	2323-2325	ad	
13-36	2326-2334	meridiem	
13-37	2335-2336	,	
13-38	2337-2339	eo	
13-39	2340-2344	quòd	
13-40	2345-2349	taca	
13-41	2350-2356	Syrine	
13-42	2357-2361	dore	
13-43	2362-2363	-	
13-44	2363-2370	Arabiae	
13-45	2371-2379	pleniora	
13-46	2380-2384	funt	
13-47	2385-2390	atque	
13-48	2391-2394	ter	
13-49	2398-2406	feptétia	
13-50	2407-2409	de	
13-51	2413-2423	odoriferis	
13-52	2423-2424	.	
13-53	2425-2434	renoheras	
13-54	2435-2442	Africae	
13-55	2443-2447	uerò	
13-56	2448-2457	arenoface	
13-57	2458-2470	Aticulofaque	
13-58	2470-2471	.	
