#FORMAT=WebAnno TSV 3.3
#T_SP=custom.Span|label
#T_RL=custom.Relation|label|BT_custom.Span


#Text=dafuͤr
#Text=
#Text=ſoll auch ſein Aſchen/ wann es gebrannt wird/ gut ſeyn;
#Text=
#Text=ein Hauswiſel ausgeweidnet/ beſenget/ eingeſaltzen/
#Text=
#Text=und im Schatten gedoͤrrt/ hernach gepulvert/ und deſſen
#Text=zwey Quintel im Wein getruncken/ iſt dienlich fuͤr aller-
#Text=ley Schlangen-Gifft/ ſonderlich/ wann es mit Rauten-
#Text=Safft vermiſcht wird;
#Text=ſein Hirn gedoͤrrt/ und in Eſſig
#Text=getruncken/ vertreibt die Frayß/ das ſoll auch leiſten ſeine
#Text=Leber/ die Gall davon gethan/ und nuͤchtern drey Tage
#Text=
#Text=nacheinander in convenienti vehiculo gebraucht/
#Text=man
#Text=muß es ſtracks/ wann er merckt/ daß der Paroxyſmus
#Text=kommen will/ einnehmen;
#Text=die Lung ſoll fuͤr alle Zuſtaͤn-
#Text=
#Text=de der Lungen tauglich ſeyn.
1-1	2-8	dafuͤr	_	_	_	
1-2	10-14	ſoll	_	_	_	
1-3	15-19	auch	_	_	_	
1-4	20-24	ſein	_	_	_	
1-5	25-31	Aſchen	_	_	_	
1-6	31-32	/	_	_	_	
1-7	33-37	wann	_	_	_	
1-8	38-40	es	_	_	_	
1-9	41-49	gebrannt	_	_	_	
1-10	50-54	wird	_	_	_	
1-11	54-55	/	_	_	_	
1-12	56-59	gut	_	_	_	
1-13	60-64	ſeyn	_	_	_	
1-14	64-65	;	_	_	_	
1-15	67-70	ein	_	_	_	
1-16	71-80	Hauswiſel	_	_	_	
1-17	81-93	ausgeweidnet	_	_	_	
1-18	93-94	/	_	_	_	
1-19	95-103	beſenget	_	_	_	
1-20	103-104	/	_	_	_	
1-21	105-117	eingeſaltzen	_	_	_	
1-22	117-118	/	_	_	_	
1-23	120-123	und	_	_	_	
1-24	124-126	im	_	_	_	
1-25	127-135	Schatten	_	_	_	
1-26	136-144	gedoͤrrt	_	_	_	
1-27	144-145	/	_	_	_	
1-28	146-153	hernach	_	_	_	
1-29	154-163	gepulvert	_	_	_	
1-30	163-164	/	_	_	_	
1-31	165-168	und	_	_	_	
1-32	169-175	deſſen	_	_	_	
1-33	176-180	zwey	_	_	_	
1-34	181-188	Quintel	_	_	_	
1-35	189-191	im	_	_	_	
1-36	192-196	Wein	_	_	_	
1-37	197-207	getruncken	_	_	_	
1-38	207-208	/	_	_	_	
1-39	209-212	iſt	_	_	_	
1-40	213-221	dienlich	_	_	_	
1-41	222-226	fuͤr	_	_	_	
1-42	227-232	aller	_	_	_	
1-43	232-233	-	_	_	_	
1-44	234-237	ley	_	_	_	
1-45	238-253	Schlangen-Gifft	_	_	_	
1-46	253-254	/	_	_	_	
1-47	255-265	ſonderlich	_	_	_	
1-48	265-266	/	_	_	_	
1-49	267-271	wann	_	_	_	
1-50	272-274	es	_	_	_	
1-51	275-278	mit	_	_	_	
1-52	279-285	Rauten	_	_	_	
1-53	285-286	-	_	_	_	
1-54	287-292	Safft	_	_	_	
1-55	293-302	vermiſcht	_	_	_	
1-56	303-307	wird	_	_	_	
1-57	307-308	;	_	_	_	
1-58	309-313	ſein	_	_	_	
1-59	314-318	Hirn	_	_	_	
1-60	319-327	gedoͤrrt	_	_	_	
1-61	327-328	/	_	_	_	
1-62	329-332	und	_	_	_	
1-63	333-335	in	_	_	_	
1-64	336-341	Eſſig	_	_	_	
1-65	342-352	getruncken	_	_	_	
1-66	352-353	/	_	_	_	
1-67	354-363	vertreibt	_	_	_	
1-68	364-367	die	_	_	_	
1-69	368-373	Frayß	_	_	_	
1-70	373-374	/	_	_	_	
1-71	375-378	das	_	_	_	
1-72	379-383	ſoll	_	_	_	
1-73	384-388	auch	_	_	_	
1-74	389-396	leiſten	_	_	_	
1-75	397-402	ſeine	_	_	_	
1-76	403-408	Leber	_	_	_	
1-77	408-409	/	_	_	_	
1-78	410-413	die	_	_	_	
1-79	414-418	Gall	_	_	_	
1-80	419-424	davon	_	_	_	
1-81	425-431	gethan	_	_	_	
1-82	431-432	/	_	_	_	
1-83	433-436	und	_	_	_	
1-84	437-446	nuͤchtern	_	_	_	
1-85	447-451	drey	_	_	_	
1-86	452-456	Tage	_	_	_	
1-87	458-470	nacheinander	_	_	_	
1-88	471-473	in	_	_	_	
1-89	474-485	convenienti	_	_	_	
1-90	486-494	vehiculo	_	_	_	
1-91	495-504	gebraucht	_	_	_	
1-92	504-505	/	_	_	_	
1-93	506-509	man	_	_	_	
1-94	510-513	muß	_	_	_	
1-95	514-516	es	_	_	_	
1-96	517-524	ſtracks	_	_	_	
1-97	524-525	/	_	_	_	
1-98	526-530	wann	_	_	_	
1-99	531-533	er	_	_	_	
1-100	534-540	merckt	_	_	_	
1-101	540-541	/	_	_	_	
1-102	542-545	daß	_	_	_	
1-103	546-549	der	_	_	_	
1-104	550-560	Paroxyſmus	_	_	_	
1-105	561-567	kommen	_	_	_	
1-106	568-572	will	_	_	_	
1-107	572-573	/	_	_	_	
1-108	574-583	einnehmen	_	_	_	
1-109	583-584	;	_	_	_	
1-110	585-588	die	_	_	_	
1-111	589-593	Lung	_	_	_	
1-112	594-598	ſoll	_	_	_	
1-113	599-603	fuͤr	_	_	_	
1-114	604-608	alle	_	_	_	
1-115	609-616	Zuſtaͤn	_	_	_	
1-116	616-617	-	_	_	_	
1-117	619-621	de	_	_	_	
1-118	622-625	der	_	_	_	
1-119	626-632	Lungen	_	_	_	
1-120	633-641	tauglich	_	_	_	
1-121	642-646	ſeyn	_	_	_	
1-122	646-647	.	_	_	_	

#Text=Jhr Koth riecht ein wenig nach Bieſem;
#Text=Hollerius
#Text=
#Text=ſagt: Genitale Viverræ, quâdam proprietate ſuâ
#Text=juvat difficulter mingentes;
#Text=welches aber von den Jl-
#Text=tiſſen zu verſtehen.
2-1	651-654	Jhr	Smell\_Source[1]	_	_	
2-2	655-659	Koth	Smell\_Source[1]	_	_	
2-3	660-666	riecht	Smell\_Word	*|*	2-4[2_0]|2-6[3_0]	
2-4	667-670	ein	Quality[2]	_	_	
2-5	671-676	wenig	Quality[2]	_	_	
2-6	677-681	nach	Effect[3]|*[4]	_	_	
2-7	682-688	Bieſem	Effect[3]|*[4]	_	_	
2-8	688-689	;	_	_	_	
2-9	690-699	Hollerius	_	_	_	
2-10	701-705	ſagt	_	_	_	
2-11	705-706	:	_	_	_	
2-12	707-715	Genitale	_	_	_	
2-13	716-723	Viverræ	_	_	_	
2-14	723-724	,	_	_	_	
2-15	725-731	quâdam	_	_	_	
2-16	732-743	proprietate	_	_	_	
2-17	744-747	ſuâ	_	_	_	
2-18	748-753	juvat	_	_	_	
2-19	754-765	difficulter	_	_	_	
2-20	766-775	mingentes	_	_	_	
2-21	775-776	;	_	_	_	
2-22	777-784	welches	_	_	_	
2-23	785-789	aber	_	_	_	
2-24	790-793	von	_	_	_	
2-25	794-797	den	_	_	_	
2-26	798-800	Jl	_	_	_	
2-27	800-801	-	_	_	_	
2-28	802-808	tiſſen	_	_	_	
2-29	809-811	zu	_	_	_	
2-30	812-821	verſtehen	_	_	_	
2-31	821-822	.	_	_	_	

#Text=Das Wiſel in einem irrdenen Geſchirr zu Aſchen
#Text=gebrannt/ mit Eſſig angeſtrichen/ ſoll gut ſeyn zum Po-
#Text=dagra/ wie Geſnerus bezeuget.
3-1	826-829	Das	_	_	_	
3-2	830-835	Wiſel	_	_	_	
3-3	836-838	in	_	_	_	
3-4	839-844	einem	_	_	_	
3-5	845-853	irrdenen	_	_	_	
3-6	854-862	Geſchirr	_	_	_	
3-7	863-865	zu	_	_	_	
3-8	866-872	Aſchen	_	_	_	
3-9	873-881	gebrannt	_	_	_	
3-10	881-882	/	_	_	_	
3-11	883-886	mit	_	_	_	
3-12	887-892	Eſſig	_	_	_	
3-13	893-905	angeſtrichen	_	_	_	
3-14	905-906	/	_	_	_	
3-15	907-911	ſoll	_	_	_	
3-16	912-915	gut	_	_	_	
3-17	916-920	ſeyn	_	_	_	
3-18	921-924	zum	_	_	_	
3-19	925-927	Po	_	_	_	
3-20	927-928	-	_	_	_	
3-21	929-934	dagra	_	_	_	
3-22	934-935	/	_	_	_	
3-23	936-939	wie	_	_	_	
3-24	940-948	Geſnerus	_	_	_	
3-25	949-957	bezeuget	_	_	_	
3-26	957-958	.	_	_	_	

#Text=Der Jgeln giebt es zweyerley Gattungen/
#Text=Hunds-
#Text=Jgel und Saͤu-Jgel/
#Text=welche eine ſpitzigere Goſchen
#Text=haben/ ſie haben die Gailen inwendig im Leib/
4-1	962-965	Der	_	_	_	
4-2	966-971	Jgeln	_	_	_	
4-3	972-977	giebt	_	_	_	
4-4	978-980	es	_	_	_	
4-5	981-990	zweyerley	_	_	_	
4-6	991-1000	Gattungen	_	_	_	
4-7	1000-1001	/	_	_	_	
4-8	1002-1007	Hunds	_	_	_	
4-9	1007-1008	-	_	_	_	
4-10	1009-1013	Jgel	_	_	_	
4-11	1014-1017	und	_	_	_	
4-12	1018-1027	Saͤu-Jgel	_	_	_	
4-13	1027-1028	/	_	_	_	
4-14	1029-1035	welche	_	_	_	
4-15	1036-1040	eine	_	_	_	
4-16	1041-1051	ſpitzigere	_	_	_	
4-17	1052-1059	Goſchen	_	_	_	
4-18	1060-1065	haben	_	_	_	
4-19	1065-1066	/	_	_	_	
4-20	1067-1070	ſie	_	_	_	
4-21	1071-1076	haben	_	_	_	
4-22	1077-1080	die	_	_	_	
4-23	1081-1087	Gailen	_	_	_	
4-24	1088-1096	inwendig	_	_	_	
4-25	1097-1099	im	_	_	_	
4-26	1100-1104	Leib	_	_	_	
4-27	1104-1105	/	_	_	_	
