#FORMAT=WebAnno TSV 3.3
#T_SP=custom.Span|label
#T_RL=custom.Relation|label|BT_custom.Span


#Text=Deſſen bedienen ſich die Leute
#Text=wider die kalten Fluͤſſe, wie ingleichen zu
#Text=Stillung der Zahnwehtagen;
#Text=vor-
#Text=nehmlich aber ihre Schiffe und Gefaͤſe
#Text=
#Text=damit zu verpichen.
1-1	2-8	Deſſen	_	_	_	
1-2	9-17	bedienen	_	_	_	
1-3	18-22	ſich	_	_	_	
1-4	23-26	die	_	_	_	
1-5	27-32	Leute	_	_	_	
1-6	33-38	wider	_	_	_	
1-7	39-42	die	_	_	_	
1-8	43-49	kalten	_	_	_	
1-9	50-57	Fluͤſſe	_	_	_	
1-10	57-58	,	_	_	_	
1-11	59-62	wie	_	_	_	
1-12	63-73	ingleichen	_	_	_	
1-13	74-76	zu	_	_	_	
1-14	77-85	Stillung	_	_	_	
1-15	86-89	der	_	_	_	
1-16	90-102	Zahnwehtagen	_	_	_	
1-17	102-103	;	_	_	_	
1-18	104-107	vor	_	_	_	
1-19	107-108	-	_	_	_	
1-20	109-117	nehmlich	_	_	_	
1-21	118-122	aber	_	_	_	
1-22	123-127	ihre	_	_	_	
1-23	128-135	Schiffe	_	_	_	
1-24	136-139	und	_	_	_	
1-25	140-147	Gefaͤſe	_	_	_	
1-26	149-154	damit	_	_	_	
1-27	155-157	zu	_	_	_	
1-28	158-167	verpichen	_	_	_	
1-29	167-168	.	_	_	_	

#Text=Aus dem Holtze
#Text=
#Text=machen ſie Breter.
2-1	169-172	Aus	_	_	_	
2-2	173-176	dem	_	_	_	
2-3	177-183	Holtze	_	_	_	
2-4	185-191	machen	_	_	_	
2-5	192-195	ſie	_	_	_	
2-6	196-202	Breter	_	_	_	
2-7	202-203	.	_	_	_	

#Text=Die auf der Jnſel S.
3-1	207-210	Die	_	_	_	
3-2	211-214	auf	_	_	_	
3-3	215-218	der	_	_	_	
3-4	219-224	Jnſel	_	_	_	
3-5	225-226	S	_	_	_	
3-6	226-227	.	_	_	_	

#Text=Laurentius
#Text=hatten die Gewohnheit, daß ſie das erſte
#Text=Hartz, welches von ſich ſelbſt, und ohne
#Text=daß ſie in den Baum geſchnitten, heraus
#Text=
#Text=
#Text=gefloſſen, in kleine halb von einander ge-
#Text=ſpaltene Kuͤrbſe thaten, und ein groſſes
#Text=Blatt, als wie ein Palmblatt, oben dꝛauf
#Text=legten:
#Text=welches dann etliche Scriben-
#Text=ten unter dem Namen Tacamahaca ſub-
#Text=limis verſtehen.
4-1	228-238	Laurentius	_	_	_	
4-2	239-245	hatten	_	_	_	
4-3	246-249	die	_	_	_	
4-4	250-260	Gewohnheit	_	_	_	
4-5	260-261	,	_	_	_	
4-6	262-265	daß	_	_	_	
4-7	266-269	ſie	_	_	_	
4-8	270-273	das	_	_	_	
4-9	274-279	erſte	_	_	_	
4-10	280-285	Hartz	_	_	_	
4-11	285-286	,	_	_	_	
4-12	287-294	welches	_	_	_	
4-13	295-298	von	_	_	_	
4-14	299-303	ſich	_	_	_	
4-15	304-310	ſelbſt	_	_	_	
4-16	310-311	,	_	_	_	
4-17	312-315	und	_	_	_	
4-18	316-320	ohne	_	_	_	
4-19	321-324	daß	_	_	_	
4-20	325-328	ſie	_	_	_	
4-21	329-331	in	_	_	_	
4-22	332-335	den	_	_	_	
4-23	336-340	Baum	_	_	_	
4-24	341-352	geſchnitten	_	_	_	
4-25	352-353	,	_	_	_	
4-26	354-360	heraus	_	_	_	
4-27	363-372	gefloſſen	_	_	_	
4-28	372-373	,	_	_	_	
4-29	374-376	in	_	_	_	
4-30	377-383	kleine	_	_	_	
4-31	384-388	halb	_	_	_	
4-32	389-392	von	_	_	_	
4-33	393-401	einander	_	_	_	
4-34	402-404	ge	_	_	_	
4-35	404-405	-	_	_	_	
4-36	406-414	ſpaltene	_	_	_	
4-37	415-422	Kuͤrbſe	_	_	_	
4-38	423-429	thaten	_	_	_	
4-39	429-430	,	_	_	_	
4-40	431-434	und	_	_	_	
4-41	435-438	ein	_	_	_	
4-42	439-446	groſſes	_	_	_	
4-43	447-452	Blatt	_	_	_	
4-44	452-453	,	_	_	_	
4-45	454-457	als	_	_	_	
4-46	458-461	wie	_	_	_	
4-47	462-465	ein	_	_	_	
4-48	466-475	Palmblatt	_	_	_	
4-49	475-476	,	_	_	_	
4-50	477-481	oben	_	_	_	
4-51	482-487	dꝛauf	_	_	_	
4-52	488-494	legten	_	_	_	
4-53	494-495	:	_	_	_	
4-54	496-503	welches	_	_	_	
4-55	504-508	dann	_	_	_	
4-56	509-516	etliche	_	_	_	
4-57	517-524	Scriben	_	_	_	
4-58	524-525	-	_	_	_	
4-59	526-529	ten	_	_	_	
4-60	530-535	unter	_	_	_	
4-61	536-539	dem	_	_	_	
4-62	540-545	Namen	_	_	_	
4-63	546-556	Tacamahaca	Smell\_Source[1]	_	_	
4-64	557-560	ſub	Smell\_Source[1]	_	_	
4-65	560-561	-	Smell\_Source[1]	_	_	
4-66	562-567	limis	Smell\_Source[1]	_	_	
4-67	568-577	verſtehen	_	_	_	
4-68	577-578	.	_	_	_	

#Text=Daſſelbe aber muß,
#Text=wenn es, wie ſichs gebuͤhret, beſchaffen
#Text=ſeyn ſoll, trucken und roͤthlicht ſeyn, und
#Text=durchſichtig;
#Text=gut riechen, faſt wie La-
#Text=vendel, und bitterlich ſchmecken.
5-1	579-587	Daſſelbe	_	_	_	
5-2	588-592	aber	_	_	_	
5-3	593-596	muß	_	_	_	
5-4	596-597	,	_	_	_	
5-5	598-602	wenn	_	_	_	
5-6	603-605	es	_	_	_	
5-7	605-606	,	_	_	_	
5-8	607-610	wie	_	_	_	
5-9	611-616	ſichs	_	_	_	
5-10	617-626	gebuͤhret	_	_	_	
5-11	626-627	,	_	_	_	
5-12	628-638	beſchaffen	_	_	_	
5-13	639-643	ſeyn	_	_	_	
5-14	644-648	ſoll	_	_	_	
5-15	648-649	,	_	_	_	
5-16	650-657	trucken	_	_	_	
5-17	658-661	und	_	_	_	
5-18	662-672	roͤthlicht	_	_	_	
5-19	673-677	ſeyn	_	_	_	
5-20	677-678	,	_	_	_	
5-21	679-682	und	_	_	_	
5-22	683-695	durchſichtig	_	_	_	
5-23	695-696	;	_	_	_	
5-24	697-700	gut	Quality	_	_	
5-25	701-708	riechen	Smell\_Word	*|*|*	5-24|5-27[2_0]|4-63[1_0]	
5-26	708-709	,	_	_	_	
5-27	710-714	faſt	Evoked\_Odorant[2]	_	_	
5-28	715-718	wie	Evoked\_Odorant[2]	_	_	
5-29	719-721	La	Evoked\_Odorant[2]	_	_	
5-30	721-722	-	Evoked\_Odorant[2]	_	_	
5-31	723-729	vendel	Evoked\_Odorant[2]	_	_	
5-32	729-730	,	_	_	_	
5-33	731-734	und	_	_	_	
5-34	735-745	bitterlich	_	_	_	
5-35	746-755	ſchmecken	_	_	_	
5-36	755-756	.	_	_	_	

#Text=Wir
#Text=pflegen es Tacamabaca en coque, in Scha-
#Text=len, zu nennen.
6-1	757-760	Wir	_	_	_	
6-2	761-768	pflegen	_	_	_	
6-3	769-771	es	_	_	_	
6-4	772-782	Tacamabaca	_	_	_	
6-5	783-785	en	_	_	_	
6-6	786-791	coque	_	_	_	
6-7	791-792	,	_	_	_	
6-8	793-795	in	_	_	_	
6-9	796-800	Scha	_	_	_	
6-10	800-801	-	_	_	_	
6-11	802-805	len	_	_	_	
6-12	805-806	,	_	_	_	
6-13	807-809	zu	_	_	_	
6-14	810-816	nennen	_	_	_	
6-15	816-817	.	_	_	_	

#Text=Tacamahaca
#Text=ſublimis, oder
#Text=en coque.
7-1	821-831	Tacamahaca	_	_	_	
7-2	832-840	ſublimis	_	_	_	
7-3	840-841	,	_	_	_	
7-4	842-846	oder	_	_	_	
7-5	847-849	en	_	_	_	
7-6	850-855	coque	_	_	_	
7-7	855-856	.	_	_	_	

#Text=Was aber aus den Ritzen, die in den
#Text=Baum gemachet worden ſind, abrin-
#Text=net, das wird in Stuͤcken zu uns ge-
#Text=bracht, bisweilen auch in Tropfen Ge-
#Text=ſtalt, ſchier wie der Jndianiſche Wey-
#Text=
#Text=rauch,
#Text=
#Text=
#Text=Tacamahaca
#Text=in Stuͤcken
#Text=und in Tro-
#Text=pfen.
8-1	858-861	Was	_	_	_	
8-2	862-866	aber	_	_	_	
8-3	867-870	aus	_	_	_	
8-4	871-874	den	_	_	_	
8-5	875-881	Ritzen	_	_	_	
8-6	881-882	,	_	_	_	
8-7	883-886	die	_	_	_	
8-8	887-889	in	_	_	_	
8-9	890-893	den	_	_	_	
8-10	894-898	Baum	_	_	_	
8-11	899-907	gemachet	_	_	_	
8-12	908-914	worden	_	_	_	
8-13	915-919	ſind	_	_	_	
8-14	919-920	,	_	_	_	
8-15	921-926	abrin	_	_	_	
8-16	926-927	-	_	_	_	
8-17	928-931	net	_	_	_	
8-18	931-932	,	_	_	_	
8-19	933-936	das	_	_	_	
8-20	937-941	wird	_	_	_	
8-21	942-944	in	_	_	_	
8-22	945-953	Stuͤcken	_	_	_	
8-23	954-956	zu	_	_	_	
8-24	957-960	uns	_	_	_	
8-25	961-963	ge	_	_	_	
8-26	963-964	-	_	_	_	
8-27	965-971	bracht	_	_	_	
8-28	971-972	,	_	_	_	
8-29	973-982	bisweilen	_	_	_	
8-30	983-987	auch	_	_	_	
8-31	988-990	in	_	_	_	
8-32	991-998	Tropfen	_	_	_	
8-33	999-1001	Ge	_	_	_	
8-34	1001-1002	-	_	_	_	
8-35	1003-1008	ſtalt	_	_	_	
8-36	1008-1009	,	_	_	_	
8-37	1010-1016	ſchier	_	_	_	
8-38	1017-1020	wie	_	_	_	
8-39	1021-1024	der	_	_	_	
8-40	1025-1036	Jndianiſche	_	_	_	
8-41	1037-1040	Wey	_	_	_	
8-42	1040-1041	-	_	_	_	
8-43	1043-1048	rauch	_	_	_	
8-44	1048-1049	,	_	_	_	
8-45	1052-1062	Tacamahaca	_	_	_	
8-46	1063-1065	in	_	_	_	
8-47	1066-1074	Stuͤcken	_	_	_	
8-48	1075-1078	und	_	_	_	
8-49	1079-1081	in	_	_	_	
8-50	1082-1085	Tro	_	_	_	
8-51	1085-1086	-	_	_	_	
8-52	1087-1091	pfen	_	_	_	
8-53	1091-1092	.	_	_	_	

#Text=B b 3
#Text=\f
#Text=[
#Text=0314
#Text=]
9-1	1094-1095	B	_	_	_	
9-2	1096-1097	b	_	_	_	
9-3	1098-1099	3	_	_	_	
9-4	1102-1103	[	_	_	_	
9-5	1104-1108	0314	_	_	_	
9-6	1109-1110	]	_	_	_	
