#FORMAT=WebAnno TSV 3.3


#Text=p. 147. fub lit, m,
#Text=
#Text=
#Text=
#Text=
#Text=
#Text=T
#Text=
#Text=
#Text=
#Text=dam menses iam patiatur, nec, ne.
1-1	2-3	p	
1-2	3-4	.	
1-3	5-8	147	
1-4	8-9	.	
1-5	10-13	fub	
1-6	14-17	lit	
1-7	17-18	,	
1-8	19-20	m	
1-9	20-21	,	
1-10	27-28	T	
1-11	32-35	dam	
1-12	36-42	menses	
1-13	43-46	iam	
1-14	47-55	patiatur	
1-15	55-56	,	
1-16	57-60	nec	
1-17	60-61	,	
1-18	62-64	ne	
1-19	64-65	.	

#Text=Obseruatum porro eft, multos e regno, vegetabili depromtos et fermentando aptos cibos, fructus horaeos, vinum, cereuisiam, faepiffimne solito prius in corruptionein abiiffe, quum mulieres tempore periodi menstruae rebus illis fele valde appropinquauerint, quod nullo modo explicari potest, nisi per mutatam perspirationis naturam indeque ortam vim, fermentationem adiuuantem.
2-1	66-76	Obseruatum	
2-2	77-82	porro	
2-3	83-86	eft	
2-4	86-87	,	
2-5	88-94	multos	
2-6	95-96	e	
2-7	97-102	regno	
2-8	102-103	,	
2-9	104-114	vegetabili	
2-10	115-124	depromtos	
2-11	125-127	et	
2-12	128-139	fermentando	
2-13	140-145	aptos	
2-14	146-151	cibos	
2-15	151-152	,	
2-16	153-160	fructus	
2-17	161-168	horaeos	
2-18	168-169	,	
2-19	170-175	vinum	
2-20	175-176	,	
2-21	177-187	cereuisiam	
2-22	187-188	,	
2-23	189-200	faepiffimne	
2-24	201-207	solito	
2-25	208-213	prius	
2-26	214-216	in	
2-27	217-230	corruptionein	
2-28	231-238	abiiffe	
2-29	238-239	,	
2-30	240-244	quum	
2-31	245-253	mulieres	
2-32	254-261	tempore	
2-33	262-269	periodi	
2-34	270-279	menstruae	
2-35	280-285	rebus	
2-36	286-291	illis	
2-37	292-296	fele	
2-38	297-302	valde	
2-39	303-320	appropinquauerint	
2-40	320-321	,	
2-41	322-326	quod	
2-42	327-332	nullo	
2-43	333-337	modo	
2-44	338-347	explicari	
2-45	348-354	potest	
2-46	354-355	,	
2-47	356-360	nisi	
2-48	361-364	per	
2-49	365-372	mutatam	
2-50	373-387	perspirationis	
2-51	388-395	naturam	
2-52	396-403	indeque	
2-53	404-409	ortam	
2-54	410-413	vim	
2-55	413-414	,	
2-56	415-429	fermentationem	
2-57	430-440	adiuuantem	
2-58	440-441	.	

#Text=Haec forsan incommoda, quae cum mensibus incedere folent, et eo grauiora funt, quo aestuosius clima est, MOYSEN comniouille credo, vt mulieres, dum menses paterentur, pro inmundis habendas et ab omnium consortio arcendas iuberet %), quam legem etiam noftris teinporibus apud gentes quasdam barbaras valere, testantur peregrinatores.
#Text=ci
#Text=
#Text=s!
3-1	442-446	Haec	
3-2	447-453	forsan	
3-3	454-463	incommoda	
3-4	463-464	,	
3-5	465-469	quae	
3-6	470-473	cum	
3-7	474-482	mensibus	
3-8	483-491	incedere	
3-9	492-498	folent	
3-10	498-499	,	
3-11	500-502	et	
3-12	503-505	eo	
3-13	506-514	grauiora	
3-14	515-519	funt	
3-15	519-520	,	
3-16	521-524	quo	
3-17	525-535	aestuosius	
3-18	536-541	clima	
3-19	542-545	est	
3-20	545-546	,	
3-21	547-553	MOYSEN	
3-22	554-565	comniouille	
3-23	566-571	credo	
3-24	571-572	,	
3-25	573-575	vt	
3-26	576-584	mulieres	
3-27	584-585	,	
3-28	586-589	dum	
3-29	590-596	menses	
3-30	597-607	paterentur	
3-31	607-608	,	
3-32	609-612	pro	
3-33	613-621	inmundis	
3-34	622-630	habendas	
3-35	631-633	et	
3-36	634-636	ab	
3-37	637-643	omnium	
3-38	644-653	consortio	
3-39	654-662	arcendas	
3-40	663-670	iuberet	
3-41	671-672	%	
3-42	672-673	)	
3-43	673-674	,	
3-44	675-679	quam	
3-45	680-685	legem	
3-46	686-691	etiam	
3-47	692-699	noftris	
3-48	700-711	teinporibus	
3-49	712-716	apud	
3-50	717-723	gentes	
3-51	724-731	quasdam	
3-52	732-740	barbaras	
3-53	741-747	valere	
3-54	747-748	,	
3-55	749-758	testantur	
3-56	759-773	peregrinatores	
3-57	773-774	.	
3-58	775-777	ci	
3-59	779-780	s	
3-60	780-781	!	

#Text=$.
4-1	782-783	$	
4-2	783-784	.	

#Text=XI.
5-1	785-787	XI	
5-2	787-788	.	

#Text=Nec non ab ingeftis faepiffime mutatur perspirationis natura atque odor.
6-1	789-792	Nec	
6-2	793-796	non	
6-3	797-799	ab	
6-4	800-808	ingeftis	
6-5	809-819	faepiffime	
6-6	820-827	mutatur	
6-7	828-842	perspirationis	
6-8	843-849	natura	
6-9	850-855	atque	
6-10	856-860	odor	
6-11	860-861	.	

#Text=Multa enim alimenta partibus gaudent olentibus, quae quidem ope chyli sanguini adeniscentur, fed ex illorursus per varia emunctoria excernuntur.
7-1	862-867	Multa	
7-2	868-872	enim	
7-3	873-881	alimenta	
7-4	882-890	partibus	
7-5	891-898	gaudent	
7-6	899-908	olentibus	
7-7	908-909	,	
7-8	910-914	quae	
7-9	915-921	quidem	
7-10	922-925	ope	
7-11	926-931	chyli	
7-12	932-940	sanguini	
7-13	941-953	adeniscentur	
7-14	953-954	,	
7-15	955-958	fed	
7-16	959-961	ex	
7-17	962-972	illorursus	
7-18	973-976	per	
7-19	977-982	varia	
7-20	983-993	emunctoria	
7-21	994-1005	excernuntur	
7-22	1005-1006	.	

#Text=Sic ex abusu victus aniinalis a) sudor foetidus, ex nimio acidorum vsu b) sudor acidulus obseruatus est.
8-1	1007-1010	Sic	
8-2	1011-1013	ex	
8-3	1014-1019	abusu	
8-4	1020-1026	victus	
8-5	1027-1036	aniinalis	
8-6	1037-1038	a	
8-7	1038-1039	)	
8-8	1040-1045	sudor	
8-9	1046-1054	foetidus	
8-10	1054-1055	,	
8-11	1056-1058	ex	
8-12	1059-1064	nimio	
8-13	1065-1073	acidorum	
8-14	1074-1077	vsu	
8-15	1078-1079	b	
8-16	1079-1080	)	
8-17	1081-1086	sudor	
8-18	1087-1095	acidulus	
8-19	1096-1106	obseruatus	
8-20	1107-1110	est	
8-21	1110-1111	.	

#Text=Olent cminus, qui adipe çetaceo vescuntur.
9-1	1112-1117	Olent	
9-2	1118-1124	cminus	
9-3	1124-1125	,	
9-4	1126-1129	qui	
9-5	1130-1135	adipe	
9-6	1136-1143	çetaceo	
9-7	1144-1153	vescuntur	
9-8	1153-1154	.	

#Text=Abysu ficuuin pro cibo ordinario sudorem foetentem ortum legimus bb).
10-1	1155-1160	Abysu	
10-2	1161-1168	ficuuin	
10-3	1169-1172	pro	
10-4	1173-1177	cibo	
10-5	1178-1187	ordinario	
10-6	1188-1195	sudorem	
10-7	1196-1205	foetentem	
10-8	1206-1211	ortum	
10-9	1212-1219	legimus	
10-10	1220-1222	bb	
10-11	1222-1223	)	
10-12	1223-1224	.	

#Text=Aromatum odores
#Text=
#Text=per 2) Levitic.
#Text=cap.
#Text=15.
#Text=versu 196-29 a) MARHERR lib. cit.
#Text=pag. 700.
11-1	1225-1233	Aromatum	
11-2	1234-1240	odores	
11-3	1242-1245	per	
11-4	1246-1247	2	
11-5	1247-1248	)	
11-6	1249-1256	Levitic	
11-7	1256-1257	.	
11-8	1258-1261	cap	
11-9	1261-1262	.	
11-10	1263-1265	15	
11-11	1265-1266	.	
11-12	1267-1272	versu	
11-13	1273-1276	196	
11-14	1276-1277	-	
11-15	1277-1279	29	
11-16	1280-1281	a	
11-17	1281-1282	)	
11-18	1283-1290	MARHERR	
11-19	1291-1294	lib	
11-20	1294-1295	.	
11-21	1296-1299	cit	
11-22	1299-1300	.	
11-23	1301-1304	pag	
11-24	1304-1305	.	
11-25	1306-1309	700	
11-26	1309-1310	.	

#Text=HALLER prim. lin.
#Text=5.
#Text=643. b) MARHERR loc.
#Text=cit.
12-1	1311-1317	HALLER	
12-2	1318-1322	prim	
12-3	1322-1323	.	
12-4	1324-1327	lin	
12-5	1327-1328	.	
12-6	1329-1330	5	
12-7	1330-1331	.	
12-8	1332-1335	643	
12-9	1335-1336	.	
12-10	1337-1338	b	
12-11	1338-1339	)	
12-12	1340-1347	MARHERR	
12-13	1348-1351	loc	
12-14	1351-1352	.	
12-15	1353-1356	cit	
12-16	1356-1357	.	
