#FORMAT=WebAnno TSV 3.3


#Text=Toen zij IJsland in het gezigt kregen, wierp hun aanvoerder de geheiligde deurposten 
#Text=van zijne vroegere woning in zee, en bad de goden den zetel van hun nieuw vaderland 
#Text=te bepalen.
1-1	4-8	Toen	
1-2	9-12	zij	
1-3	13-20	IJsland	
1-4	21-23	in	
1-5	24-27	het	
1-6	28-34	gezigt	
1-7	35-41	kregen	
1-8	41-42	,	
1-9	43-48	wierp	
1-10	49-52	hun	
1-11	53-63	aanvoerder	
1-12	64-66	de	
1-13	67-77	geheiligde	
1-14	78-88	deurposten	
1-15	90-93	van	
1-16	94-99	zijne	
1-17	100-108	vroegere	
1-18	109-115	woning	
1-19	116-118	in	
1-20	119-122	zee	
1-21	122-123	,	
1-22	124-126	en	
1-23	127-130	bad	
1-24	131-133	de	
1-25	134-139	goden	
1-26	140-143	den	
1-27	144-149	zetel	
1-28	150-153	van	
1-29	154-157	hun	
1-30	158-163	nieuw	
1-31	164-173	vaderland	
1-32	175-177	te	
1-33	178-185	bepalen	
1-34	185-186	.	

#Text=Doch de vloed dreef ze weg, en het was niet mogelijk de rigting te volgen.
2-1	187-191	Doch	
2-2	192-194	de	
2-3	195-200	vloed	
2-4	201-206	dreef	
2-5	207-209	ze	
2-6	210-213	weg	
2-7	213-214	,	
2-8	215-217	en	
2-9	218-221	het	
2-10	222-225	was	
2-11	226-230	niet	
2-12	231-239	mogelijk	
2-13	240-242	de	
2-14	243-250	rigting	
2-15	251-253	te	
2-16	254-260	volgen	
2-17	260-261	.	

#Text=Na drie jaren bevonden zij zich eindelijk weder in eene beschutte bogt, aan de 
#Text=westzijde van IJsland.
3-1	264-266	Na	
3-2	267-271	drie	
3-3	272-277	jaren	
3-4	278-286	bevonden	
3-5	287-290	zij	
3-6	291-295	zich	
3-7	296-305	eindelijk	
3-8	306-311	weder	
3-9	312-314	in	
3-10	315-319	eene	
3-11	320-329	beschutte	
3-12	330-334	bogt	
3-13	334-335	,	
3-14	336-339	aan	
3-15	340-342	de	
3-16	344-353	westzijde	
3-17	354-357	van	
3-18	358-365	IJsland	
3-19	365-366	.	

#Text=Daar sloeg INGOLF *
#Text=zijne woonplaats op,
#Text=*INGOLF zelf was ten
#Text=gevolge van een huisselijken 
#Text=twist genoodzaakt zijn 
#Text=vaderland te verlaten.
4-1	367-371	Daar	
4-2	372-377	sloeg	
4-3	378-384	INGOLF	
4-4	385-386	*	
4-5	387-392	zijne	
4-6	393-403	woonplaats	
4-7	404-406	op	
4-8	406-407	,	
4-9	408-409	*	
4-10	409-415	INGOLF	
4-11	416-420	zelf	
4-12	421-424	was	
4-13	425-428	ten	
4-14	429-436	gevolge	
4-15	437-440	van	
4-16	441-444	een	
4-17	445-457	huisselijken	
4-18	459-464	twist	
4-19	465-476	genoodzaakt	
4-20	477-481	zijn	
4-21	483-492	vaderland	
4-22	493-495	te	
4-23	496-504	verlaten	
4-24	504-505	.	

#Text=en in den loop van dat jaar verhief zich op deze plaats Reikiavik, de hoofdstad des 
#Text=lands.
5-1	511-513	en	
5-2	514-516	in	
5-3	517-520	den	
5-4	521-525	loop	
5-5	526-529	van	
5-6	530-533	dat	
5-7	534-538	jaar	
5-8	539-546	verhief	
5-9	547-551	zich	
5-10	552-554	op	
5-11	555-559	deze	
5-12	560-566	plaats	
5-13	567-576	Reikiavik	
5-14	576-577	,	
5-15	578-580	de	
5-16	581-590	hoofdstad	
5-17	591-594	des	
5-18	596-601	lands	
5-19	601-602	.	

#Text=Dewijl SIGURDR versmaad had de rol van IPHIGENIA te spelen, zoo bleef ons niets 
#Text=anders over, dan ons moedig eenen weg te banen door die honderd en vijftig mijlen, 
#Text=die ons nog van het voorgebergte Reikianes scheidden.
6-1	606-612	Dewijl	
6-2	613-620	SIGURDR	
6-3	621-629	versmaad	
6-4	630-633	had	
6-5	634-636	de	
6-6	637-640	rol	
6-7	641-644	van	
6-8	645-654	IPHIGENIA	
6-9	655-657	te	
6-10	658-664	spelen	
6-11	664-665	,	
6-12	666-669	zoo	
6-13	670-675	bleef	
6-14	676-679	ons	
6-15	680-685	niets	
6-16	687-693	anders	
6-17	694-698	over	
6-18	698-699	,	
6-19	700-703	dan	
6-20	704-707	ons	
6-21	708-714	moedig	
6-22	715-720	eenen	
6-23	721-724	weg	
6-24	725-727	te	
6-25	728-733	banen	
6-26	734-738	door	
6-27	739-742	die	
6-28	743-750	honderd	
6-29	751-753	en	
6-30	754-761	vijftig	
6-31	762-768	mijlen	
6-32	768-769	,	
6-33	771-774	die	
6-34	775-778	ons	
6-35	779-782	nog	
6-36	783-786	van	
6-37	787-790	het	
6-38	791-803	voorgebergte	
6-39	804-813	Reikianes	
6-40	814-823	scheidden	
6-41	823-824	.	

#Text=Na eene inspanning van twee 
#Text=dagen werden wij weder in het gezigt der Westmanna-eilanden door eenen nevel 
#Text=verrast en moesten bijdraaijen.
7-1	825-827	Na	
7-2	828-832	eene	
7-3	833-843	inspanning	
7-4	844-847	van	
7-5	848-852	twee	
7-6	854-859	dagen	
7-7	860-866	werden	
7-8	867-870	wij	
7-9	871-876	weder	
7-10	877-879	in	
7-11	880-883	het	
7-12	884-890	gezigt	
7-13	891-894	der	
7-14	895-913	Westmanna-eilanden	
7-15	914-918	door	
7-16	919-924	eenen	
7-17	925-930	nevel	
7-18	932-939	verrast	
7-19	940-942	en	
7-20	943-950	moesten	
7-21	951-962	bijdraaijen	
7-22	962-963	.	

#Text=Eenige uren later klaarde het weder op, en een warm 
#Text=zomerluchtje kroesde den vloed.
8-1	964-970	Eenige	
8-2	971-975	uren	
8-3	976-981	later	
8-4	982-989	klaarde	
8-5	990-993	het	
8-6	994-999	weder	
8-7	1000-1002	op	
8-8	1002-1003	,	
8-9	1004-1006	en	
8-10	1007-1010	een	
8-11	1011-1015	warm	
8-12	1017-1029	zomerluchtje	
8-13	1030-1037	kroesde	
8-14	1038-1041	den	
8-15	1042-1047	vloed	
8-16	1047-1048	.	

#Text=Voor ons lag de lang verbeide kaap en niet verder 
#Text=dan vijf mijlen van bakboord van ons schip de Meelzak, een zonderling gevormde 
#Text=bazaltrug, die zich vijftien mijlen zuidelijk van het voorgebergte uit het water verheft;
#Text=
#Text=de vlakke kop, wit van guano, gelijkt op een geopenden meelzak.
9-1	1049-1053	Voor	
9-2	1054-1057	ons	
9-3	1058-1061	lag	
9-4	1062-1064	de	
9-5	1065-1069	lang	
9-6	1070-1078	verbeide	
9-7	1079-1083	kaap	
9-8	1084-1086	en	
9-9	1087-1091	niet	
9-10	1092-1098	verder	
9-11	1100-1103	dan	
9-12	1104-1108	vijf	
9-13	1109-1115	mijlen	
9-14	1116-1119	van	
9-15	1120-1128	bakboord	
9-16	1129-1132	van	
9-17	1133-1136	ons	
9-18	1137-1142	schip	
9-19	1143-1145	de	
9-20	1146-1153	Meelzak	
9-21	1153-1154	,	
9-22	1155-1158	een	
9-23	1159-1169	zonderling	
9-24	1170-1178	gevormde	
9-25	1180-1189	bazaltrug	
9-26	1189-1190	,	
9-27	1191-1194	die	
9-28	1195-1199	zich	
9-29	1200-1208	vijftien	
9-30	1209-1215	mijlen	
9-31	1216-1225	zuidelijk	
9-32	1226-1229	van	
9-33	1230-1233	het	
9-34	1234-1246	voorgebergte	
9-35	1247-1250	uit	
9-36	1251-1254	het	
9-37	1255-1260	water	
9-38	1261-1268	verheft	
9-39	1268-1269	;	
9-40	1271-1273	de	
9-41	1274-1280	vlakke	
9-42	1281-1284	kop	
9-43	1284-1285	,	
9-44	1286-1289	wit	
9-45	1290-1293	van	
9-46	1294-1299	guano	
9-47	1299-1300	,	
9-48	1301-1308	gelijkt	
9-49	1309-1311	op	
9-50	1312-1315	een	
9-51	1316-1325	geopenden	
9-52	1326-1333	meelzak	
9-53	1333-1334	.	

#Text=Ik herinner mij 
#Text=geen vergenoegder tijd, dan de vier-en-twintig uren, gedurende welke wij den 
#Text=verscheurden en verbrokkelden lava-oever langs voeren, welke de westkust van
#Text=Guldbrand Syssel vormt.
10-1	1335-1337	Ik	
10-2	1338-1346	herinner	
10-3	1347-1350	mij	
10-4	1352-1356	geen	
10-5	1357-1369	vergenoegder	
10-6	1370-1374	tijd	
10-7	1374-1375	,	
10-8	1376-1379	dan	
10-9	1380-1382	de	
10-10	1383-1398	vier-en-twintig	
10-11	1399-1403	uren	
10-12	1403-1404	,	
10-13	1405-1414	gedurende	
10-14	1415-1420	welke	
10-15	1421-1424	wij	
10-16	1425-1428	den	
10-17	1430-1442	verscheurden	
10-18	1443-1445	en	
10-19	1446-1459	verbrokkelden	
10-20	1460-1470	lava-oever	
10-21	1471-1476	langs	
10-22	1477-1483	voeren	
10-23	1483-1484	,	
10-24	1485-1490	welke	
10-25	1491-1493	de	
10-26	1494-1502	westkust	
10-27	1503-1506	van	
10-28	1507-1516	Guldbrand	
10-29	1517-1523	Syssel	
10-30	1524-1529	vormt	
10-31	1529-1530	.	

#Text=Het was niets dan visschen en schieten;
#Text=de teleskoop kwam 
#Text=niet uit onze handen;
#Text=wij konden niet klaar komen met plannen te ontwerpen, wat er 
#Text=al na onze aankomst te doen was.
11-1	1531-1534	Het	
11-2	1535-1538	was	
11-3	1539-1544	niets	
11-4	1545-1548	dan	
11-5	1549-1557	visschen	
11-6	1558-1560	en	
11-7	1561-1569	schieten	
11-8	1569-1570	;	
11-9	1571-1573	de	
11-10	1574-1583	teleskoop	
11-11	1584-1588	kwam	
11-12	1590-1594	niet	
11-13	1595-1598	uit	
11-14	1599-1603	onze	
11-15	1604-1610	handen	
11-16	1610-1611	;	
11-17	1612-1615	wij	
11-18	1616-1622	konden	
11-19	1623-1627	niet	
11-20	1628-1633	klaar	
11-21	1634-1639	komen	
11-22	1640-1643	met	
11-23	1644-1651	plannen	
11-24	1652-1654	te	
11-25	1655-1664	ontwerpen	
11-26	1664-1665	,	
11-27	1666-1669	wat	
11-28	1670-1672	er	
11-29	1674-1676	al	
11-30	1677-1679	na	
11-31	1680-1684	onze	
11-32	1685-1693	aankomst	
11-33	1694-1696	te	
11-34	1697-1701	doen	
11-35	1702-1705	was	
11-36	1705-1706	.	

#Text=Gelijk ANTAEUS, scheen ons SIGURDR in het gezigt 
#Text=van zijn vaderland een nieuw mensch, en de doctor was geheel buiten zich zelven, 
#Text=toen eene op het water slapende gans, die hij bespied had, juist op het oogenblik
#Text=wegvloog, toen de schoener op een schot afstands gekomen was.
12-1	1707-1713	Gelijk	
12-2	1714-1721	ANTAEUS	
12-3	1721-1722	,	
12-4	1723-1729	scheen	
12-5	1730-1733	ons	
12-6	1734-1741	SIGURDR	
12-7	1742-1744	in	
12-8	1745-1748	het	
12-9	1749-1755	gezigt	
12-10	1757-1760	van	
12-11	1761-1765	zijn	
12-12	1766-1775	vaderland	
12-13	1776-1779	een	
12-14	1780-1785	nieuw	
12-15	1786-1792	mensch	
12-16	1792-1793	,	
12-17	1794-1796	en	
12-18	1797-1799	de	
12-19	1800-1806	doctor	
12-20	1807-1810	was	
12-21	1811-1817	geheel	
12-22	1818-1824	buiten	
12-23	1825-1829	zich	
12-24	1830-1836	zelven	
12-25	1836-1837	,	
12-26	1839-1843	toen	
12-27	1844-1848	eene	
12-28	1849-1851	op	
12-29	1852-1855	het	
12-30	1856-1861	water	
12-31	1862-1870	slapende	
12-32	1871-1875	gans	
12-33	1875-1876	,	
12-34	1877-1880	die	
12-35	1881-1884	hij	
12-36	1885-1892	bespied	
12-37	1893-1896	had	
12-38	1896-1897	,	
12-39	1898-1903	juist	
12-40	1904-1906	op	
12-41	1907-1910	het	
12-42	1911-1920	oogenblik	
12-43	1921-1929	wegvloog	
12-44	1929-1930	,	
12-45	1931-1935	toen	
12-46	1936-1938	de	
12-47	1939-1947	schoener	
12-48	1948-1950	op	
12-49	1951-1954	een	
12-50	1955-1960	schot	
12-51	1961-1969	afstands	
12-52	1970-1977	gekomen	
12-53	1978-1981	was	
12-54	1981-1982	.	

#Text=Het panorama van Faxa-fiord is prachtig.
13-1	1987-1990	Het	
13-2	1991-1999	panorama	
13-3	2000-2003	van	
13-4	2004-2014	Faxa-fiord	
13-5	2015-2017	is	
13-6	2018-2026	prachtig	
13-7	2026-2027	.	
