#FORMAT=WebAnno TSV 3.3
#T_SP=custom.Span|label
#T_RL=custom.Relation|label|BT_custom.Span


#Text=Il est étonnant que Paris , qui, depuis plus d'un siècle, est le centre des sciences, des arts,
#Text=des modes et du goùt, soit aussi le centre de la puanteur.
1-1	0-2	Il	_	_	_	
1-2	3-6	est	_	_	_	
1-3	7-15	étonnant	_	_	_	
1-4	16-19	que	_	_	_	
1-5	20-25	Paris	Location	_	_	
1-6	26-27	,	_	_	_	
1-7	28-31	qui	_	_	_	
1-8	31-32	,	_	_	_	
1-9	33-39	depuis	_	_	_	
1-10	40-44	plus	_	_	_	
1-11	45-49	d'un	_	_	_	
1-12	50-56	siècle	_	_	_	
1-13	56-57	,	_	_	_	
1-14	58-61	est	_	_	_	
1-15	62-64	le	_	_	_	
1-16	65-71	centre	_	_	_	
1-17	72-75	des	_	_	_	
1-18	76-84	sciences	_	_	_	
1-19	84-85	,	_	_	_	
1-20	86-89	des	_	_	_	
1-21	90-94	arts	_	_	_	
1-22	94-95	,	_	_	_	
1-23	96-99	des	_	_	_	
1-24	100-105	modes	_	_	_	
1-25	106-108	et	_	_	_	
1-26	109-111	du	_	_	_	
1-27	112-116	goùt	_	_	_	
1-28	116-117	,	_	_	_	
1-29	118-122	soit	_	_	_	
1-30	123-128	aussi	_	_	_	
1-31	129-131	le	_	_	_	
1-32	132-138	centre	_	_	_	
1-33	139-141	de	_	_	_	
1-34	142-144	la	_	_	_	
1-35	145-153	puanteur	Smell\_Word[1]|Quality[2]	*|*	1-5[0_1]|1-35[2_1]	
1-36	153-154	.	_	_	_	

#Text=Ce n'est pas seulement dans les maisons des particuliers qu'on est infecté par des matières corrompues, il en est de môme dans les édifices publics ; il semble que la barbarie se moque des chief-d'oeuvres de l'art, en les entourant d'ordures.
2-1	156-158	Ce	_	_	_	
2-2	159-164	n'est	_	_	_	
2-3	165-168	pas	_	_	_	
2-4	169-178	seulement	_	_	_	
2-5	179-183	dans	_	_	_	
2-6	184-187	les	_	_	_	
2-7	188-195	maisons	Location[3]	_	_	
2-8	196-199	des	Location[3]	_	_	
2-9	200-212	particuliers	Location[3]	_	_	
2-10	213-218	qu'on	_	_	_	
2-11	219-222	est	_	_	_	
2-12	223-230	infecté	Smell\_Word	*|*|*	2-15[4_0]|2-43|2-7[3_0]	
2-13	231-234	par	_	_	_	
2-14	235-238	des	_	_	_	
2-15	239-247	matières	Smell\_Source[4]	_	_	
2-16	248-258	corrompues	Smell\_Source[4]	_	_	
2-17	258-259	,	_	_	_	
2-18	260-262	il	_	_	_	
2-19	263-265	en	_	_	_	
2-20	266-269	est	_	_	_	
2-21	270-272	de	_	_	_	
2-22	273-277	môme	_	_	_	
2-23	278-282	dans	_	_	_	
2-24	283-286	les	_	_	_	
2-25	287-295	édifices	_	_	_	
2-26	296-303	publics	_	_	_	
2-27	304-305	;	_	_	_	
2-28	306-308	il	_	_	_	
2-29	309-315	semble	_	_	_	
2-30	316-319	que	_	_	_	
2-31	320-322	la	_	_	_	
2-32	323-331	barbarie	_	_	_	
2-33	332-334	se	_	_	_	
2-34	335-340	moque	_	_	_	
2-35	341-344	des	_	_	_	
2-36	345-360	chief-d'oeuvres	_	_	_	
2-37	361-363	de	_	_	_	
2-38	364-369	l'art	_	_	_	
2-39	369-370	,	_	_	_	
2-40	371-373	en	_	_	_	
2-41	374-377	les	_	_	_	
2-42	378-387	entourant	_	_	_	
2-43	388-397	d'ordures	Smell\_Source	_	_	
2-44	397-398	.	_	_	_	

#Text=Le Palais de justice, le Louvre, les Tuileries, lé Muséum, jusqu'à l'Opéra, ou l'on va chercher tout es qui peut charmer les sens, ou est poursuivi par la mauvaise odeur et l'infection des cabinets d'aisance, qui est pire que celle de la mauvaise huile qu'on y brûle.
3-1	399-401	Le	_	_	_	
3-2	402-408	Palais	Location[5]	_	_	
3-3	409-411	de	Location[5]	_	_	
3-4	412-419	justice	Location[5]	_	_	
3-5	419-420	,	_	_	_	
3-6	421-423	le	_	_	_	
3-7	424-430	Louvre	Location	_	_	
3-8	430-431	,	_	_	_	
3-9	432-435	les	_	_	_	
3-10	436-445	Tuileries	Location	_	_	
3-11	445-446	,	_	_	_	
3-12	447-449	lé	_	_	_	
3-13	450-456	Muséum	Location	_	_	
3-14	456-457	,	_	_	_	
3-15	458-465	jusqu'à	_	_	_	
3-16	466-473	l'Opéra	Location	_	_	
3-17	473-474	,	_	_	_	
3-18	475-477	ou	_	_	_	
3-19	478-482	l'on	_	_	_	
3-20	483-485	va	_	_	_	
3-21	486-494	chercher	_	_	_	
3-22	495-499	tout	_	_	_	
3-23	500-502	es	_	_	_	
3-24	503-506	qui	_	_	_	
3-25	507-511	peut	_	_	_	
3-26	512-519	charmer	_	_	_	
3-27	520-523	les	_	_	_	
3-28	524-528	sens	_	_	_	
3-29	528-529	,	_	_	_	
3-30	530-532	ou	_	_	_	
3-31	533-536	est	_	_	_	
3-32	537-546	poursuivi	_	_	_	
3-33	547-550	par	_	_	_	
3-34	551-553	la	_	_	_	
3-35	554-562	mauvaise	Quality	_	_	
3-36	563-568	odeur	Smell\_Word	*|*|*|*|*|*	3-35|3-16|3-13|3-10|3-2[5_0]|3-7	
3-37	569-571	et	_	_	_	
3-38	572-583	l'infection	_	_	_	
3-39	584-587	des	_	_	_	
3-40	588-596	cabinets	_	_	_	
3-41	597-606	d'aisance	_	_	_	
3-42	606-607	,	_	_	_	
3-43	608-611	qui	_	_	_	
3-44	612-615	est	_	_	_	
3-45	616-620	pire	_	_	_	
3-46	621-624	que	_	_	_	
3-47	625-630	celle	_	_	_	
3-48	631-633	de	_	_	_	
3-49	634-636	la	_	_	_	
3-50	637-645	mauvaise	_	_	_	
3-51	646-651	huile	_	_	_	
3-52	652-657	qu'on	_	_	_	
3-53	658-659	y	_	_	_	
3-54	660-665	brûle	_	_	_	
3-55	665-666	.	_	_	_	

#Text=Dans le palais, ci-devant Royal, on ne sait, en été, où se reposer, sans y
#Text=respirer l'odeur de l'urine croupie, les arbres qui en sont perpétuellement arrosés y périssent presque tous; et les marchands qui habitent ce centre du commerce, s'accoutument assez à la malpropreté, pour n'être pas étonnés d'en voir un qui a placé son dépôt et sa boutique do tabac,
#Text=tout juste au-dessus des cabinets d'aisance publics, les plus fréquentés de cet endroit.
4-1	667-671	Dans	Location[6]	_	_	
4-2	672-674	le	Location[6]	_	_	
4-3	675-681	palais	Location[6]	_	_	
4-4	681-682	,	Location[6]	_	_	
4-5	683-692	ci-devant	Location[6]	_	_	
4-6	693-698	Royal	Location[6]	_	_	
4-7	698-699	,	_	_	_	
4-8	700-702	on	_	_	_	
4-9	703-705	ne	_	_	_	
4-10	706-710	sait	_	_	_	
4-11	710-711	,	_	_	_	
4-12	712-714	en	Time[7]	_	_	
4-13	715-718	été	Time[7]	_	_	
4-14	718-719	,	_	_	_	
4-15	720-722	où	_	_	_	
4-16	723-725	se	_	_	_	
4-17	726-733	reposer	_	_	_	
4-18	733-734	,	_	_	_	
4-19	735-739	sans	_	_	_	
4-20	740-741	y	_	_	_	
4-21	742-750	respirer	_	_	_	
4-22	751-758	l'odeur	Smell\_Word	*|*|*|*	4-12[7_0]|4-24[8_0]|4-1[6_0]|4-27[9_0]	
4-23	759-761	de	_	_	_	
4-24	762-769	l'urine	Smell\_Source[8]	_	_	
4-25	770-777	croupie	Smell\_Source[8]	_	_	
4-26	777-778	,	_	_	_	
4-27	779-782	les	Effect[9]	_	_	
4-28	783-789	arbres	Effect[9]	_	_	
4-29	790-793	qui	Effect[9]	_	_	
4-30	794-796	en	Effect[9]	_	_	
4-31	797-801	sont	Effect[9]	_	_	
4-32	802-817	perpétuellement	Effect[9]	_	_	
4-33	818-825	arrosés	Effect[9]	_	_	
4-34	826-827	y	Effect[9]	_	_	
4-35	828-837	périssent	Effect[9]	_	_	
4-36	838-845	presque	Effect[9]	_	_	
4-37	846-850	tous	Effect[9]	_	_	
4-38	850-851	;	_	_	_	
4-39	852-854	et	_	_	_	
4-40	855-858	les	_	_	_	
4-41	859-868	marchands	_	_	_	
4-42	869-872	qui	_	_	_	
4-43	873-881	habitent	_	_	_	
4-44	882-884	ce	_	_	_	
4-45	885-891	centre	_	_	_	
4-46	892-894	du	_	_	_	
4-47	895-903	commerce	_	_	_	
4-48	903-904	,	_	_	_	
4-49	905-918	s'accoutument	_	_	_	
4-50	919-924	assez	_	_	_	
4-51	925-926	à	_	_	_	
4-52	927-929	la	_	_	_	
4-53	930-941	malpropreté	_	_	_	
4-54	941-942	,	_	_	_	
4-55	943-947	pour	_	_	_	
4-56	948-954	n'être	_	_	_	
4-57	955-958	pas	_	_	_	
4-58	959-966	étonnés	_	_	_	
4-59	967-971	d'en	_	_	_	
4-60	972-976	voir	_	_	_	
4-61	977-979	un	_	_	_	
4-62	980-983	qui	_	_	_	
4-63	984-985	a	_	_	_	
4-64	986-991	placé	_	_	_	
4-65	992-995	son	_	_	_	
4-66	996-1001	dépôt	_	_	_	
4-67	1002-1004	et	_	_	_	
4-68	1005-1007	sa	_	_	_	
4-69	1008-1016	boutique	_	_	_	
4-70	1017-1019	do	_	_	_	
4-71	1020-1025	tabac	_	_	_	
4-72	1025-1026	,	_	_	_	
4-73	1027-1031	tout	_	_	_	
4-74	1032-1037	juste	_	_	_	
4-75	1038-1047	au-dessus	_	_	_	
4-76	1048-1051	des	_	_	_	
4-77	1052-1060	cabinets	_	_	_	
4-78	1061-1070	d'aisance	_	_	_	
4-79	1071-1078	publics	_	_	_	
4-80	1078-1079	,	_	_	_	
4-81	1080-1083	les	_	_	_	
4-82	1084-1088	plus	_	_	_	
4-83	1089-1099	fréquentés	_	_	_	
4-84	1100-1102	de	_	_	_	
4-85	1103-1106	cet	_	_	_	
4-86	1107-1114	endroit	_	_	_	
4-87	1114-1115	.	_	_	_	
