#FORMAT=WebAnno TSV 3.3


#Text=Il est étonnant que Paris , qui, depuis plus d'un siècle, est le centre des sciences, des arts,
#Text=des modes et du goùt, soit aussi le centre de la puanteur.
1-1	0-2	Il	
1-2	3-6	est	
1-3	7-15	étonnant	
1-4	16-19	que	
1-5	20-25	Paris	
1-6	26-27	,	
1-7	28-31	qui	
1-8	31-32	,	
1-9	33-39	depuis	
1-10	40-44	plus	
1-11	45-49	d'un	
1-12	50-56	siècle	
1-13	56-57	,	
1-14	58-61	est	
1-15	62-64	le	
1-16	65-71	centre	
1-17	72-75	des	
1-18	76-84	sciences	
1-19	84-85	,	
1-20	86-89	des	
1-21	90-94	arts	
1-22	94-95	,	
1-23	96-99	des	
1-24	100-105	modes	
1-25	106-108	et	
1-26	109-111	du	
1-27	112-116	goùt	
1-28	116-117	,	
1-29	118-122	soit	
1-30	123-128	aussi	
1-31	129-131	le	
1-32	132-138	centre	
1-33	139-141	de	
1-34	142-144	la	
1-35	145-153	puanteur	
1-36	153-154	.	

#Text=Ce n'est pas seulement dans les maisons des particuliers qu'on est infecté par des matières corrompues, il en est de môme dans les édifices publics ; il semble que la barbarie se moque des chief-d'oeuvres de l'art, en les entourant d'ordures.
2-1	156-158	Ce	
2-2	159-164	n'est	
2-3	165-168	pas	
2-4	169-178	seulement	
2-5	179-183	dans	
2-6	184-187	les	
2-7	188-195	maisons	
2-8	196-199	des	
2-9	200-212	particuliers	
2-10	213-218	qu'on	
2-11	219-222	est	
2-12	223-230	infecté	
2-13	231-234	par	
2-14	235-238	des	
2-15	239-247	matières	
2-16	248-258	corrompues	
2-17	258-259	,	
2-18	260-262	il	
2-19	263-265	en	
2-20	266-269	est	
2-21	270-272	de	
2-22	273-277	môme	
2-23	278-282	dans	
2-24	283-286	les	
2-25	287-295	édifices	
2-26	296-303	publics	
2-27	304-305	;	
2-28	306-308	il	
2-29	309-315	semble	
2-30	316-319	que	
2-31	320-322	la	
2-32	323-331	barbarie	
2-33	332-334	se	
2-34	335-340	moque	
2-35	341-344	des	
2-36	345-360	chief-d'oeuvres	
2-37	361-363	de	
2-38	364-369	l'art	
2-39	369-370	,	
2-40	371-373	en	
2-41	374-377	les	
2-42	378-387	entourant	
2-43	388-397	d'ordures	
2-44	397-398	.	

#Text=Le Palais de justice, le Louvre, les Tuileries, lé Muséum, jusqu'à l'Opéra, ou l'on va chercher tout es qui peut charmer les sens, ou est poursuivi par la mauvaise odeur et l'infection des cabinets d'aisance, qui est pire que celle de la mauvaise huile qu'on y brûle.
3-1	399-401	Le	
3-2	402-408	Palais	
3-3	409-411	de	
3-4	412-419	justice	
3-5	419-420	,	
3-6	421-423	le	
3-7	424-430	Louvre	
3-8	430-431	,	
3-9	432-435	les	
3-10	436-445	Tuileries	
3-11	445-446	,	
3-12	447-449	lé	
3-13	450-456	Muséum	
3-14	456-457	,	
3-15	458-465	jusqu'à	
3-16	466-473	l'Opéra	
3-17	473-474	,	
3-18	475-477	ou	
3-19	478-482	l'on	
3-20	483-485	va	
3-21	486-494	chercher	
3-22	495-499	tout	
3-23	500-502	es	
3-24	503-506	qui	
3-25	507-511	peut	
3-26	512-519	charmer	
3-27	520-523	les	
3-28	524-528	sens	
3-29	528-529	,	
3-30	530-532	ou	
3-31	533-536	est	
3-32	537-546	poursuivi	
3-33	547-550	par	
3-34	551-553	la	
3-35	554-562	mauvaise	
3-36	563-568	odeur	
3-37	569-571	et	
3-38	572-583	l'infection	
3-39	584-587	des	
3-40	588-596	cabinets	
3-41	597-606	d'aisance	
3-42	606-607	,	
3-43	608-611	qui	
3-44	612-615	est	
3-45	616-620	pire	
3-46	621-624	que	
3-47	625-630	celle	
3-48	631-633	de	
3-49	634-636	la	
3-50	637-645	mauvaise	
3-51	646-651	huile	
3-52	652-657	qu'on	
3-53	658-659	y	
3-54	660-665	brûle	
3-55	665-666	.	

#Text=Dans le palais, ci-devant Royal, on ne sait, en été, où se reposer, sans y
#Text=respirer l'odeur de l'urine croupie, les arbres qui en sont perpétuellement arrosés y périssent presque tous; et les marchands qui habitent ce centre du commerce, s'accoutument assez à la malpropreté, pour n'être pas étonnés d'en voir un qui a placé son dépôt et sa boutique do tabac,
#Text=tout juste au-dessus des cabinets d'aisance publics, les plus fréquentés de cet endroit.
4-1	667-671	Dans	
4-2	672-674	le	
4-3	675-681	palais	
4-4	681-682	,	
4-5	683-692	ci-devant	
4-6	693-698	Royal	
4-7	698-699	,	
4-8	700-702	on	
4-9	703-705	ne	
4-10	706-710	sait	
4-11	710-711	,	
4-12	712-714	en	
4-13	715-718	été	
4-14	718-719	,	
4-15	720-722	où	
4-16	723-725	se	
4-17	726-733	reposer	
4-18	733-734	,	
4-19	735-739	sans	
4-20	740-741	y	
4-21	742-750	respirer	
4-22	751-758	l'odeur	
4-23	759-761	de	
4-24	762-769	l'urine	
4-25	770-777	croupie	
4-26	777-778	,	
4-27	779-782	les	
4-28	783-789	arbres	
4-29	790-793	qui	
4-30	794-796	en	
4-31	797-801	sont	
4-32	802-817	perpétuellement	
4-33	818-825	arrosés	
4-34	826-827	y	
4-35	828-837	périssent	
4-36	838-845	presque	
4-37	846-850	tous	
4-38	850-851	;	
4-39	852-854	et	
4-40	855-858	les	
4-41	859-868	marchands	
4-42	869-872	qui	
4-43	873-881	habitent	
4-44	882-884	ce	
4-45	885-891	centre	
4-46	892-894	du	
4-47	895-903	commerce	
4-48	903-904	,	
4-49	905-918	s'accoutument	
4-50	919-924	assez	
4-51	925-926	à	
4-52	927-929	la	
4-53	930-941	malpropreté	
4-54	941-942	,	
4-55	943-947	pour	
4-56	948-954	n'être	
4-57	955-958	pas	
4-58	959-966	étonnés	
4-59	967-971	d'en	
4-60	972-976	voir	
4-61	977-979	un	
4-62	980-983	qui	
4-63	984-985	a	
4-64	986-991	placé	
4-65	992-995	son	
4-66	996-1001	dépôt	
4-67	1002-1004	et	
4-68	1005-1007	sa	
4-69	1008-1016	boutique	
4-70	1017-1019	do	
4-71	1020-1025	tabac	
4-72	1025-1026	,	
4-73	1027-1031	tout	
4-74	1032-1037	juste	
4-75	1038-1047	au-dessus	
4-76	1048-1051	des	
4-77	1052-1060	cabinets	
4-78	1061-1070	d'aisance	
4-79	1071-1078	publics	
4-80	1078-1079	,	
4-81	1080-1083	les	
4-82	1084-1088	plus	
4-83	1089-1099	fréquentés	
4-84	1100-1102	de	
4-85	1103-1106	cet	
4-86	1107-1114	endroit	
4-87	1114-1115	.	
