#FORMAT=WebAnno TSV 3.3


#Text=zij zijn dan zelfs dikwerf zeer groot, gelijk ook bij ons de regel geldt:
#Text=hoe heeter dag, hoe meer gevaar voor zwaren hagel.
1-1	2-5	zij	
1-2	6-10	zijn	
1-3	11-14	dan	
1-4	15-20	zelfs	
1-5	21-28	dikwerf	
1-6	29-33	zeer	
1-7	34-39	groot	
1-8	39-40	,	
1-9	41-47	gelijk	
1-10	48-51	ook	
1-11	52-55	bij	
1-12	56-59	ons	
1-13	60-62	de	
1-14	63-68	regel	
1-15	69-74	geldt	
1-16	74-75	:	
1-17	76-79	hoe	
1-18	80-86	heeter	
1-19	87-90	dag	
1-20	90-91	,	
1-21	92-95	hoe	
1-22	96-100	meer	
1-23	101-107	gevaar	
1-24	108-112	voor	
1-25	113-119	zwaren	
1-26	120-125	hagel	
1-27	125-126	.	

#Text=Het is juist de tijd des jaars, die de uitwerking van den hagel zoo schadelijk maakt, niet wegens de bedekking van den bodem, maar om de mechanische kraeht, waarmede de vaste deelen vallen.
2-1	127-130	Het	
2-2	131-133	is	
2-3	134-139	juist	
2-4	140-142	de	
2-5	143-147	tijd	
2-6	148-151	des	
2-7	152-157	jaars	
2-8	157-158	,	
2-9	159-162	die	
2-10	163-165	de	
2-11	166-176	uitwerking	
2-12	177-180	van	
2-13	181-184	den	
2-14	185-190	hagel	
2-15	191-194	zoo	
2-16	195-205	schadelijk	
2-17	206-211	maakt	
2-18	211-212	,	
2-19	213-217	niet	
2-20	218-224	wegens	
2-21	225-227	de	
2-22	228-237	bedekking	
2-23	238-241	van	
2-24	242-245	den	
2-25	246-251	bodem	
2-26	251-252	,	
2-27	253-257	maar	
2-28	258-260	om	
2-29	261-263	de	
2-30	264-275	mechanische	
2-31	276-282	kraeht	
2-32	282-283	,	
2-33	284-292	waarmede	
2-34	293-295	de	
2-35	296-301	vaste	
2-36	302-308	deelen	
2-37	309-315	vallen	
2-38	315-316	.	

#Text=De landbouwgewassen worden er door beschadigd en onbruikbaar gemaakt;
#Text=overigens zouden wij niet zooveel reden hebben daarover te klagen.
3-1	317-319	De	
3-2	320-336	landbouwgewassen	
3-3	337-343	worden	
3-4	344-346	er	
3-5	347-351	door	
3-6	352-362	beschadigd	
3-7	363-365	en	
3-8	366-377	onbruikbaar	
3-9	378-385	gemaakt	
3-10	385-386	;	
3-11	387-396	overigens	
3-12	397-403	zouden	
3-13	404-407	wij	
3-14	408-412	niet	
3-15	413-420	zooveel	
3-16	421-426	reden	
3-17	427-433	hebben	
3-18	434-442	daarover	
3-19	443-445	te	
3-20	446-452	klagen	
3-21	452-453	.	

#Text=Het is de eenige vorm, waarin voor ons het water meer schade dan voordeel brengt.
4-1	454-457	Het	
4-2	458-460	is	
4-3	461-463	de	
4-4	464-470	eenige	
4-5	471-475	vorm	
4-6	475-476	,	
4-7	477-483	waarin	
4-8	484-488	voor	
4-9	489-492	ons	
4-10	493-496	het	
4-11	497-502	water	
4-12	503-507	meer	
4-13	508-514	schade	
4-14	515-518	dan	
4-15	519-527	voordeel	
4-16	528-534	brengt	
4-17	534-535	.	

#Text=Wij wenden liever een blik naar de vormen, die ontstaan als de waterblaasjes zeer langzaam bevriezen, als de vorm der kleinste deeltjes invloed kan uitoefenen op de vereeniging, die zij aangaan, waarvan dan de wetten minder geheim zijn, daar zij, door het wezen der deeltjes aan de hand gegeven worden.
5-1	538-541	Wij	
5-2	542-548	wenden	
5-3	549-555	liever	
5-4	556-559	een	
5-5	560-564	blik	
5-6	565-569	naar	
5-7	570-572	de	
5-8	573-579	vormen	
5-9	579-580	,	
5-10	581-584	die	
5-11	585-593	ontstaan	
5-12	594-597	als	
5-13	598-600	de	
5-14	601-614	waterblaasjes	
5-15	615-619	zeer	
5-16	620-628	langzaam	
5-17	629-638	bevriezen	
5-18	638-639	,	
5-19	640-643	als	
5-20	644-646	de	
5-21	647-651	vorm	
5-22	652-655	der	
5-23	656-664	kleinste	
5-24	665-673	deeltjes	
5-25	674-681	invloed	
5-26	682-685	kan	
5-27	686-696	uitoefenen	
5-28	697-699	op	
5-29	700-702	de	
5-30	703-714	vereeniging	
5-31	714-715	,	
5-32	716-719	die	
5-33	720-723	zij	
5-34	724-731	aangaan	
5-35	731-732	,	
5-36	733-740	waarvan	
5-37	741-744	dan	
5-38	745-747	de	
5-39	748-754	wetten	
5-40	755-761	minder	
5-41	762-768	geheim	
5-42	769-773	zijn	
5-43	773-774	,	
5-44	775-779	daar	
5-45	780-783	zij	
5-46	783-784	,	
5-47	785-789	door	
5-48	790-793	het	
5-49	794-799	wezen	
5-50	800-803	der	
5-51	804-812	deeltjes	
5-52	813-816	aan	
5-53	817-819	de	
5-54	820-824	hand	
5-55	825-832	gegeven	
5-56	833-839	worden	
5-57	839-840	.	

#Text=Er worden dan namelijk naalden, zeszijdige zuilen gevormd in groote hoeveelheid.
6-1	841-843	Er	
6-2	844-850	worden	
6-3	851-854	dan	
6-4	855-863	namelijk	
6-5	864-871	naalden	
6-6	871-872	,	
6-7	873-883	zeszijdige	
6-8	884-890	zuilen	
6-9	891-898	gevormd	
6-10	899-901	in	
6-11	902-908	groote	
6-12	909-920	hoeveelheid	
6-13	920-921	.	

#Text=Luchtreizigers dergelijke wolken doorgaande, zien de luchtballon en hun voertuig spoedig bij snerpende koude met duizende naaldjes bedekt.
7-1	923-937	Luchtreizigers	
7-2	938-948	dergelijke	
7-3	949-955	wolken	
7-4	956-966	doorgaande	
7-5	966-967	,	
7-6	968-972	zien	
7-7	973-975	de	
7-8	976-987	luchtballon	
7-9	988-990	en	
7-10	991-994	hun	
7-11	995-1003	voertuig	
7-12	1004-1011	spoedig	
7-13	1012-1015	bij	
7-14	1016-1025	snerpende	
7-15	1026-1031	koude	
7-16	1032-1035	met	
7-17	1036-1044	duizende	
7-18	1045-1053	naaldjes	
7-19	1054-1060	bedekt	
7-20	1060-1061	.	

#Text=Maar wij hebben niet op luchtreizigers behoeven te wachten, eer wij tot hun aanwezen besloten.
8-1	1062-1066	Maar	
8-2	1067-1070	wij	
8-3	1071-1077	hebben	
8-4	1078-1082	niet	
8-5	1083-1085	op	
8-6	1086-1100	luchtreizigers	
8-7	1101-1109	behoeven	
8-8	1110-1112	te	
8-9	1113-1120	wachten	
8-10	1120-1121	,	
8-11	1122-1125	eer	
8-12	1126-1129	wij	
8-13	1130-1133	tot	
8-14	1134-1137	hun	
8-15	1138-1146	aanwezen	
8-16	1147-1155	besloten	
8-17	1155-1156	.	

#Text=Wij wisten immers, dat water zich als zoodanig kan voordoen, en Bravais vooral zag, dat hij door het vooronderstellen van dezen vorm tevens de verklaring vond 1o.
#Text=van de groote weinig gekleurde kringen, die zich rondom zon en maan op afstanden van 22 graden en het dubbel daarvan kunnen vormen, 2o.
#Text=van de verticale en horizon-
#Text=[
#Text=p. 47]
#Text=
#Text=tale ongekleurde cirkels, welke het lichtend hemelligchaam doorkruisen;
#Text=3o.
#Text=van de bijzonnen en bijmanen;
#Text=4o.
#Text=van de aan eerstgenoemde eirkels rakende bogen; kortom van de prachtige verschijnselen, welke nu en dan, bij heldere nachten en vooral als koude aanstaande is, die reeds in de bovenlucht boven onze hoofden zweeft, zich aan ons vertoonen.
9-1	1157-1160	Wij	
9-2	1161-1167	wisten	
9-3	1168-1174	immers	
9-4	1174-1175	,	
9-5	1176-1179	dat	
9-6	1180-1185	water	
9-7	1186-1190	zich	
9-8	1191-1194	als	
9-9	1195-1203	zoodanig	
9-10	1204-1207	kan	
9-11	1208-1216	voordoen	
9-12	1216-1217	,	
9-13	1218-1220	en	
9-14	1221-1228	Bravais	
9-15	1229-1235	vooral	
9-16	1236-1239	zag	
9-17	1239-1240	,	
9-18	1241-1244	dat	
9-19	1245-1248	hij	
9-20	1249-1253	door	
9-21	1254-1257	het	
9-22	1258-1274	vooronderstellen	
9-23	1275-1278	van	
9-24	1279-1284	dezen	
9-25	1285-1289	vorm	
9-26	1290-1296	tevens	
9-27	1297-1299	de	
9-28	1300-1310	verklaring	
9-29	1311-1315	vond	
9-30	1316-1318	1o	
9-31	1318-1319	.	
9-32	1320-1323	van	
9-33	1324-1326	de	
9-34	1327-1333	groote	
9-35	1334-1340	weinig	
9-36	1341-1350	gekleurde	
9-37	1351-1358	kringen	
9-38	1358-1359	,	
9-39	1360-1363	die	
9-40	1364-1368	zich	
9-41	1369-1375	rondom	
9-42	1376-1379	zon	
9-43	1380-1382	en	
9-44	1383-1387	maan	
9-45	1388-1390	op	
9-46	1391-1400	afstanden	
9-47	1401-1404	van	
9-48	1405-1407	22	
9-49	1408-1414	graden	
9-50	1415-1417	en	
9-51	1418-1421	het	
9-52	1422-1428	dubbel	
9-53	1429-1436	daarvan	
9-54	1437-1443	kunnen	
9-55	1444-1450	vormen	
9-56	1450-1451	,	
9-57	1452-1454	2o	
9-58	1454-1455	.	
9-59	1456-1459	van	
9-60	1460-1462	de	
9-61	1463-1472	verticale	
9-62	1473-1475	en	
9-63	1476-1483	horizon	
9-64	1483-1484	-	
9-65	1485-1486	[	
9-66	1487-1488	p	
9-67	1488-1489	.	
9-68	1490-1492	47	
9-69	1492-1493	]	
9-70	1495-1499	tale	
9-71	1500-1511	ongekleurde	
9-72	1512-1519	cirkels	
9-73	1519-1520	,	
9-74	1521-1526	welke	
9-75	1527-1530	het	
9-76	1531-1539	lichtend	
9-77	1540-1553	hemelligchaam	
9-78	1554-1565	doorkruisen	
9-79	1565-1566	;	
9-80	1567-1569	3o	
9-81	1569-1570	.	
9-82	1571-1574	van	
9-83	1575-1577	de	
9-84	1578-1587	bijzonnen	
9-85	1588-1590	en	
9-86	1591-1599	bijmanen	
9-87	1599-1600	;	
9-88	1601-1603	4o	
9-89	1603-1604	.	
9-90	1605-1608	van	
9-91	1609-1611	de	
9-92	1612-1615	aan	
9-93	1616-1629	eerstgenoemde	
9-94	1630-1637	eirkels	
9-95	1638-1645	rakende	
9-96	1646-1651	bogen	
9-97	1651-1652	;	
9-98	1653-1659	kortom	
9-99	1660-1663	van	
9-100	1664-1666	de	
9-101	1667-1676	prachtige	
9-102	1677-1691	verschijnselen	
9-103	1691-1692	,	
9-104	1693-1698	welke	
9-105	1699-1701	nu	
9-106	1702-1704	en	
9-107	1705-1708	dan	
9-108	1708-1709	,	
9-109	1710-1713	bij	
9-110	1714-1721	heldere	
9-111	1722-1729	nachten	
9-112	1730-1732	en	
9-113	1733-1739	vooral	
9-114	1740-1743	als	
9-115	1744-1749	koude	
9-116	1750-1760	aanstaande	
9-117	1761-1763	is	
9-118	1763-1764	,	
9-119	1765-1768	die	
9-120	1769-1774	reeds	
9-121	1775-1777	in	
9-122	1778-1780	de	
9-123	1781-1791	bovenlucht	
9-124	1792-1797	boven	
9-125	1798-1802	onze	
9-126	1803-1810	hoofden	
9-127	1811-1817	zweeft	
9-128	1817-1818	,	
9-129	1819-1823	zich	
9-130	1824-1827	aan	
9-131	1828-1831	ons	
9-132	1832-1841	vertoonen	
9-133	1841-1842	.	
