#FORMAT=WebAnno TSV 3.3
#T_SP=custom.Span|label
#T_RL=custom.Relation|label|BT_custom.Span


#Text=Si on leur fait voir que le feu s'éteint quand il n'est pas entretenu par l'air, ils répondent qu'on se méprend, qu'il faut à un flambeau des vapeurs sèches et élastiques pour nourrir sa flamme, qu'elle s'éteint sans leur secours, ou quand ces vapeurs sont trop grasses, trop sulfureuses, trop grossières et sans ressort.
1-1	1-3	Si	_	_	_	
1-2	4-6	on	_	_	_	
1-3	7-11	leur	_	_	_	
1-4	12-16	fait	_	_	_	
1-5	17-21	voir	_	_	_	
1-6	22-25	que	_	_	_	
1-7	26-28	le	_	_	_	
1-8	29-32	feu	_	_	_	
1-9	33-41	s'éteint	_	_	_	
1-10	42-47	quand	_	_	_	
1-11	48-50	il	_	_	_	
1-12	51-56	n'est	_	_	_	
1-13	57-60	pas	_	_	_	
1-14	61-70	entretenu	_	_	_	
1-15	71-74	par	_	_	_	
1-16	75-80	l'air	_	_	_	
1-17	80-81	,	_	_	_	
1-18	82-85	ils	_	_	_	
1-19	86-95	répondent	_	_	_	
1-20	96-101	qu'on	_	_	_	
1-21	102-104	se	_	_	_	
1-22	105-112	méprend	_	_	_	
1-23	112-113	,	_	_	_	
1-24	114-119	qu'il	_	_	_	
1-25	120-124	faut	_	_	_	
1-26	125-126	à	_	_	_	
1-27	127-129	un	_	_	_	
1-28	130-138	flambeau	_	_	_	
1-29	139-142	des	_	_	_	
1-30	143-150	vapeurs	_	_	_	
1-31	151-157	sèches	_	_	_	
1-32	158-160	et	_	_	_	
1-33	161-171	élastiques	_	_	_	
1-34	172-176	pour	_	_	_	
1-35	177-184	nourrir	_	_	_	
1-36	185-187	sa	_	_	_	
1-37	188-194	flamme	_	_	_	
1-38	194-195	,	_	_	_	
1-39	196-203	qu'elle	_	_	_	
1-40	204-212	s'éteint	_	_	_	
1-41	213-217	sans	_	_	_	
1-42	218-222	leur	_	_	_	
1-43	223-230	secours	_	_	_	
1-44	230-231	,	_	_	_	
1-45	232-234	ou	_	_	_	
1-46	235-240	quand	_	_	_	
1-47	241-244	ces	_	_	_	
1-48	245-252	vapeurs	_	_	_	
1-49	253-257	sont	_	_	_	
1-50	258-262	trop	_	_	_	
1-51	263-270	grasses	_	_	_	
1-52	270-271	,	_	_	_	
1-53	272-276	trop	_	_	_	
1-54	277-288	sulfureuses	_	_	_	
1-55	288-289	,	_	_	_	
1-56	290-294	trop	_	_	_	
1-57	295-305	grossières	_	_	_	
1-58	306-308	et	_	_	_	
1-59	309-313	sans	_	_	_	
1-60	314-321	ressort	_	_	_	
1-61	321-322	.	_	_	_	

#Text=Si on leur objecte que l'air est quelquefois pestilentiel, c'est bien plutôt des exhalaisons qu'on doit le dire.
2-1	323-325	Si	_	_	_	
2-2	326-328	on	_	_	_	
2-3	329-333	leur	_	_	_	
2-4	334-341	objecte	_	_	_	
2-5	342-345	que	_	_	_	
2-6	346-351	l'air	Odour\_Carrier	_	_	
2-7	352-355	est	_	_	_	
2-8	356-367	quelquefois	Time	_	_	
2-9	368-380	pestilentiel	Quality	_	_	
2-10	380-381	,	_	_	_	
2-11	382-387	c'est	_	_	_	
2-12	388-392	bien	_	_	_	
2-13	393-399	plutôt	_	_	_	
2-14	400-403	des	_	_	_	
2-15	404-415	exhalaisons	Smell\_Word	*|*|Anaphoric|*	2-6|2-8|3-1|2-9	
2-16	416-421	qu'on	_	_	_	
2-17	422-426	doit	_	_	_	
2-18	427-429	le	_	_	_	
2-19	430-434	dire	_	_	_	
2-20	434-435	.	_	_	_	

#Text=Elles portent avec elles des parties de soufre, de vitriol, d'arsenic et de toutes les plantes nuisibles.
3-1	436-441	Elles	Smell\_Word	*|*|*|*	3-16[1_0]|3-8|3-11|5-10[2_0]	
3-2	442-449	portent	_	_	_	
3-3	450-454	avec	_	_	_	
3-4	455-460	elles	_	_	_	
3-5	461-464	des	_	_	_	
3-6	465-472	parties	_	_	_	
3-7	473-475	de	_	_	_	
3-8	476-482	soufre	Smell\_Source	_	_	
3-9	482-483	,	_	_	_	
3-10	484-486	de	_	_	_	
3-11	487-494	vitriol	Smell\_Source	_	_	
3-12	494-495	,	_	_	_	
3-13	496-505	d'arsenic	_	_	_	
3-14	506-508	et	_	_	_	
3-15	509-511	de	_	_	_	
3-16	512-518	toutes	Smell\_Source[1]	_	_	
3-17	519-522	les	Smell\_Source[1]	_	_	
3-18	523-530	plantes	Smell\_Source[1]	_	_	
3-19	531-540	nuisibles	Smell\_Source[1]	_	_	
3-20	540-541	.	_	_	_	

#Text=On dit: l'air est pur dans ce canton, cela signifie: ce canton n'est point marécageux; il n'a ni plantes ni minières pernicieuses dont les parties s'exhalent continuellement dans les corps des animaux.
4-1	542-544	On	_	_	_	
4-2	545-548	dit	_	_	_	
4-3	548-549	:	_	_	_	
4-4	550-555	l'air	_	_	_	
4-5	556-559	est	_	_	_	
4-6	560-563	pur	_	_	_	
4-7	564-568	dans	_	_	_	
4-8	569-571	ce	_	_	_	
4-9	572-578	canton	_	_	_	
4-10	578-579	,	_	_	_	
4-11	580-584	cela	_	_	_	
4-12	585-593	signifie	_	_	_	
4-13	593-594	:	_	_	_	
4-14	595-597	ce	_	_	_	
4-15	598-604	canton	_	_	_	
4-16	605-610	n'est	_	_	_	
4-17	611-616	point	_	_	_	
4-18	617-627	marécageux	_	_	_	
4-19	627-628	;	_	_	_	
4-20	629-631	il	_	_	_	
4-21	632-635	n'a	_	_	_	
4-22	636-638	ni	_	_	_	
4-23	639-646	plantes	_	_	_	
4-24	647-649	ni	_	_	_	
4-25	650-658	minières	_	_	_	
4-26	659-671	pernicieuses	_	_	_	
4-27	672-676	dont	_	_	_	
4-28	677-680	les	_	_	_	
4-29	681-688	parties	_	_	_	
4-30	689-699	s'exhalent	_	_	_	
4-31	700-715	continuellement	_	_	_	
4-32	716-720	dans	_	_	_	
4-33	721-724	les	_	_	_	
4-34	725-730	corps	_	_	_	
4-35	731-734	des	_	_	_	
4-36	735-742	animaux	_	_	_	
4-37	742-743	.	_	_	_	

#Text=Ce n'est point l'élément prétendu de l'air qui rend la campagne de Rome si malsaine, ce sont les eaux croupissantes, ce sont les anciens canaux, qui creusés sous terre de tous côtés, sont devenus le réceptacle de toutes les bêtes vénimeuses.
5-1	744-746	Ce	_	_	_	
5-2	747-752	n'est	_	_	_	
5-3	753-758	point	_	_	_	
5-4	759-768	l'élément	_	_	_	
5-5	769-777	prétendu	_	_	_	
5-6	778-780	de	_	_	_	
5-7	781-786	l'air	_	_	_	
5-8	787-790	qui	_	_	_	
5-9	791-795	rend	_	_	_	
5-10	796-798	la	Location[2]	_	_	
5-11	799-807	campagne	Location[2]	_	_	
5-12	808-810	de	Location[2]	_	_	
5-13	811-815	Rome	Location[2]	_	_	
5-14	816-818	si	_	_	_	
5-15	819-827	malsaine	_	_	_	
5-16	827-828	,	_	_	_	
5-17	829-831	ce	_	_	_	
5-18	832-836	sont	_	_	_	
5-19	837-840	les	_	_	_	
5-20	841-845	eaux	_	_	_	
5-21	846-859	croupissantes	_	_	_	
5-22	859-860	,	_	_	_	
5-23	861-863	ce	_	_	_	
5-24	864-868	sont	_	_	_	
5-25	869-872	les	_	_	_	
5-26	873-880	anciens	_	_	_	
5-27	881-887	canaux	_	_	_	
5-28	887-888	,	_	_	_	
5-29	889-892	qui	_	_	_	
5-30	893-900	creusés	_	_	_	
5-31	901-905	sous	_	_	_	
5-32	906-911	terre	_	_	_	
5-33	912-914	de	_	_	_	
5-34	915-919	tous	_	_	_	
5-35	920-925	côtés	_	_	_	
5-36	925-926	,	_	_	_	
5-37	927-931	sont	_	_	_	
5-38	932-939	devenus	_	_	_	
5-39	940-942	le	_	_	_	
5-40	943-953	réceptacle	_	_	_	
5-41	954-956	de	_	_	_	
5-42	957-963	toutes	_	_	_	
5-43	964-967	les	_	_	_	
5-44	968-973	bêtes	_	_	_	
5-45	974-984	vénimeuses	_	_	_	
5-46	984-985	.	_	_	_	

#Text=C'est de là que s'exhale continuellement un poison mortel.
6-1	986-991	C'est	_	_	_	
6-2	992-994	de	_	_	_	
6-3	995-997	là	_	_	_	
6-4	998-1001	que	_	_	_	
6-5	1002-1010	s'exhale	_	_	_	
6-6	1011-1026	continuellement	_	_	_	
6-7	1027-1029	un	_	_	_	
6-8	1030-1036	poison	_	_	_	
6-9	1037-1043	mortel	_	_	_	
6-10	1043-1044	.	_	_	_	

#Text=Allez à Frescati, ce n'est plus le même terrain, ce ne sont plus les mêmes exhalaisons.
7-1	1045-1050	Allez	_	_	_	
7-2	1051-1052	à	_	_	_	
7-3	1053-1061	Frescati	_	_	_	
7-4	1061-1062	,	_	_	_	
7-5	1063-1065	ce	_	_	_	
7-6	1066-1071	n'est	_	_	_	
7-7	1072-1076	plus	_	_	_	
7-8	1077-1079	le	_	_	_	
7-9	1080-1084	même	_	_	_	
7-10	1085-1092	terrain	_	_	_	
7-11	1092-1093	,	_	_	_	
7-12	1094-1096	ce	_	_	_	
7-13	1097-1099	ne	_	_	_	
7-14	1100-1104	sont	_	_	_	
7-15	1105-1109	plus	_	_	_	
7-16	1110-1113	les	_	_	_	
7-17	1114-1119	mêmes	_	_	_	
7-18	1120-1131	exhalaisons	_	_	_	
7-19	1131-1132	.	_	_	_	

#Text=Mais pourquoi l'élément supposé de l'air changerait-il de nature à Frescati?
8-1	1135-1139	Mais	_	_	_	
8-2	1140-1148	pourquoi	_	_	_	
8-3	1149-1158	l'élément	_	_	_	
8-4	1159-1166	supposé	_	_	_	
8-5	1167-1169	de	_	_	_	
8-6	1170-1175	l'air	Odour\_Carrier	_	_	
8-7	1176-1189	changerait-il	_	_	_	
8-8	1190-1192	de	_	_	_	
8-9	1193-1199	nature	_	_	_	
8-10	1200-1201	à	_	_	_	
8-11	1202-1210	Frescati	_	_	_	
8-12	1210-1211	?	_	_	_	

#Text=Il se chargera, dit-on, dans la campagne de Rome de ces exhalaisons funestes, et n'en trouvant pas à Frescati il deviendra plus salutaire.
9-1	1212-1214	Il	_	_	_	
9-2	1215-1217	se	_	_	_	
9-3	1218-1226	chargera	_	_	_	
9-4	1226-1227	,	_	_	_	
9-5	1228-1234	dit-on	_	_	_	
9-6	1234-1235	,	_	_	_	
9-7	1236-1240	dans	_	_	_	
9-8	1241-1243	la	Location[3]	_	_	
9-9	1244-1252	campagne	Location[3]	_	_	
9-10	1253-1255	de	Location[3]	_	_	
9-11	1256-1260	Rome	Location[3]	_	_	
9-12	1261-1263	de	_	_	_	
9-13	1264-1267	ces	_	_	_	
9-14	1268-1279	exhalaisons	Smell\_Word	*|*|*	9-8[3_0]|9-15|8-6	
9-15	1280-1288	funestes	Quality	_	_	
9-16	1288-1289	,	_	_	_	
9-17	1290-1292	et	_	_	_	
9-18	1293-1297	n'en	_	_	_	
9-19	1298-1306	trouvant	_	_	_	
9-20	1307-1310	pas	_	_	_	
9-21	1311-1312	à	_	_	_	
9-22	1313-1321	Frescati	_	_	_	
9-23	1322-1324	il	_	_	_	
9-24	1325-1334	deviendra	_	_	_	
9-25	1335-1339	plus	_	_	_	
9-26	1340-1349	salutaire	_	_	_	
9-27	1349-1350	.	_	_	_	

#Text=Mais encore une fois, puisque ces exhalaisons existent, puisqu'on les voit s'élever le soir en nuages, quelle nécessité de les attribuer à une autre cause?
10-1	1351-1355	Mais	_	_	_	
10-2	1356-1362	encore	_	_	_	
10-3	1363-1366	une	_	_	_	
10-4	1367-1371	fois	_	_	_	
10-5	1371-1372	,	_	_	_	
10-6	1373-1380	puisque	_	_	_	
10-7	1381-1384	ces	_	_	_	
10-8	1385-1396	exhalaisons	_	_	_	
10-9	1397-1405	existent	_	_	_	
10-10	1405-1406	,	_	_	_	
10-11	1407-1416	puisqu'on	_	_	_	
10-12	1417-1420	les	_	_	_	
10-13	1421-1425	voit	_	_	_	
10-14	1426-1434	s'élever	_	_	_	
10-15	1435-1437	le	_	_	_	
10-16	1438-1442	soir	_	_	_	
10-17	1443-1445	en	_	_	_	
10-18	1446-1452	nuages	_	_	_	
10-19	1452-1453	,	_	_	_	
10-20	1454-1460	quelle	_	_	_	
10-21	1461-1470	nécessité	_	_	_	
10-22	1471-1473	de	_	_	_	
10-23	1474-1477	les	_	_	_	
10-24	1478-1487	attribuer	_	_	_	
10-25	1488-1489	à	_	_	_	
10-26	1490-1493	une	_	_	_	
10-27	1494-1499	autre	_	_	_	
10-28	1500-1505	cause	_	_	_	
10-29	1505-1506	?	_	_	_	

#Text=Elles montent dans l'atmosphère, elles s'y dissipent, elles changent de forme; le vent dont elles sont la première cause, les emporte, les sépare; elles s'atténuent, elles deviennent salutaires, de mortelles qu'elles étaient.
11-1	1507-1512	Elles	_	_	_	
11-2	1513-1520	montent	_	_	_	
11-3	1521-1525	dans	_	_	_	
11-4	1526-1538	l'atmosphère	_	_	_	
11-5	1538-1539	,	_	_	_	
11-6	1540-1545	elles	_	_	_	
11-7	1546-1549	s'y	_	_	_	
11-8	1550-1559	dissipent	_	_	_	
11-9	1559-1560	,	_	_	_	
11-10	1561-1566	elles	_	_	_	
11-11	1567-1575	changent	_	_	_	
11-12	1576-1578	de	_	_	_	
11-13	1579-1584	forme	_	_	_	
11-14	1584-1585	;	_	_	_	
11-15	1586-1588	le	_	_	_	
11-16	1589-1593	vent	_	_	_	
11-17	1594-1598	dont	_	_	_	
11-18	1599-1604	elles	_	_	_	
11-19	1605-1609	sont	_	_	_	
11-20	1610-1612	la	_	_	_	
11-21	1613-1621	première	_	_	_	
11-22	1622-1627	cause	_	_	_	
11-23	1627-1628	,	_	_	_	
11-24	1629-1632	les	_	_	_	
11-25	1633-1640	emporte	_	_	_	
11-26	1640-1641	,	_	_	_	
11-27	1642-1645	les	_	_	_	
11-28	1646-1652	sépare	_	_	_	
11-29	1652-1653	;	_	_	_	
11-30	1654-1659	elles	_	_	_	
11-31	1660-1671	s'atténuent	_	_	_	
11-32	1671-1672	,	_	_	_	
11-33	1673-1678	elles	_	_	_	
11-34	1679-1689	deviennent	_	_	_	
11-35	1690-1700	salutaires	_	_	_	
11-36	1700-1701	,	_	_	_	
11-37	1702-1704	de	_	_	_	
11-38	1705-1714	mortelles	_	_	_	
11-39	1715-1723	qu'elles	_	_	_	
11-40	1724-1731	étaient	_	_	_	
11-41	1731-1732	.	_	_	_	
