#FORMAT=WebAnno TSV 3.3


#Text=Si ceciderit lignum ad austrum aut ad aquilonem, in quocumque loco ceciderit, ibi erit.
#Text=4 Qui observat ventum non seminat ; et qui considerat nubes numquam metet.
#Text=5 Quomodo ignoras quæ sit via spiritus, et qua ratione compingantur ossa in ventre prægnantis, sic nescis opera Dei, qui fabricator est omnium.
#Text=6 Mane semina semen tuum, et vespere ne cesset manus tua : quia nescis quid magis oriatur, hoc aut illud ; et si utrumque simul, melius erit.
#Text=7 Dulce lumen, et delectabile est oculis videre solem.
#Text=8 Si annis multis vixerit homo, et in his omnibus lætatus fuerit, meminisse debet tenebrosi temporis, et dierum multorum, qui cum venerint, vanitatis arguentur præterita.
#Text=9 Lætare ergo, juvenis, in adolescentia tua, et in bono sit cor tuum in diebus juventutis tuæ : et ambula in viis cordis tui, et in intuitu oculorum tuorum, et scito quod pro omnibus his adducet te Deus in judicium.
#Text=10 Aufer iram a corde tuo, et amove malitiam a carne tua : adolescentia enim et voluptas vana sunt.
1-1	2-4	Si	
1-2	5-14	ceciderit	
1-3	15-21	lignum	
1-4	22-24	ad	
1-5	25-32	austrum	
1-6	33-36	aut	
1-7	37-39	ad	
1-8	40-49	aquilonem	
1-9	49-50	,	
1-10	51-53	in	
1-11	54-63	quocumque	
1-12	64-68	loco	
1-13	69-78	ceciderit	
1-14	78-79	,	
1-15	80-83	ibi	
1-16	84-88	erit	
1-17	88-89	.	
1-18	90-91	4	
1-19	92-95	Qui	
1-20	96-104	observat	
1-21	105-111	ventum	
1-22	112-115	non	
1-23	116-123	seminat	
1-24	124-125	;	
1-25	126-128	et	
1-26	129-132	qui	
1-27	133-143	considerat	
1-28	144-149	nubes	
1-29	150-157	numquam	
1-30	158-163	metet	
1-31	163-164	.	
1-32	165-166	5	
1-33	167-174	Quomodo	
1-34	175-182	ignoras	
1-35	183-186	quæ	
1-36	187-190	sit	
1-37	191-194	via	
1-38	195-203	spiritus	
1-39	203-204	,	
1-40	205-207	et	
1-41	208-211	qua	
1-42	212-219	ratione	
1-43	220-232	compingantur	
1-44	233-237	ossa	
1-45	238-240	in	
1-46	241-247	ventre	
1-47	248-258	prægnantis	
1-48	258-259	,	
1-49	260-263	sic	
1-50	264-270	nescis	
1-51	271-276	opera	
1-52	277-280	Dei	
1-53	280-281	,	
1-54	282-285	qui	
1-55	286-296	fabricator	
1-56	297-300	est	
1-57	301-307	omnium	
1-58	307-308	.	
1-59	309-310	6	
1-60	311-315	Mane	
1-61	316-322	semina	
1-62	323-328	semen	
1-63	329-333	tuum	
1-64	333-334	,	
1-65	335-337	et	
1-66	338-345	vespere	
1-67	346-348	ne	
1-68	349-355	cesset	
1-69	356-361	manus	
1-70	362-365	tua	
1-71	366-367	:	
1-72	368-372	quia	
1-73	373-379	nescis	
1-74	380-384	quid	
1-75	385-390	magis	
1-76	391-398	oriatur	
1-77	398-399	,	
1-78	400-403	hoc	
1-79	404-407	aut	
1-80	408-413	illud	
1-81	414-415	;	
1-82	416-418	et	
1-83	419-421	si	
1-84	422-430	utrumque	
1-85	431-436	simul	
1-86	436-437	,	
1-87	438-444	melius	
1-88	445-449	erit	
1-89	449-450	.	
1-90	451-452	7	
1-91	453-458	Dulce	
1-92	459-464	lumen	
1-93	464-465	,	
1-94	466-468	et	
1-95	469-480	delectabile	
1-96	481-484	est	
1-97	485-491	oculis	
1-98	492-498	videre	
1-99	499-504	solem	
1-100	504-505	.	
1-101	506-507	8	
1-102	508-510	Si	
1-103	511-516	annis	
1-104	517-523	multis	
1-105	524-531	vixerit	
1-106	532-536	homo	
1-107	536-537	,	
1-108	538-540	et	
1-109	541-543	in	
1-110	544-547	his	
1-111	548-555	omnibus	
1-112	556-563	lætatus	
1-113	564-570	fuerit	
1-114	570-571	,	
1-115	572-581	meminisse	
1-116	582-587	debet	
1-117	588-597	tenebrosi	
1-118	598-606	temporis	
1-119	606-607	,	
1-120	608-610	et	
1-121	611-617	dierum	
1-122	618-626	multorum	
1-123	626-627	,	
1-124	628-631	qui	
1-125	632-635	cum	
1-126	636-644	venerint	
1-127	644-645	,	
1-128	646-655	vanitatis	
1-129	656-665	arguentur	
1-130	666-675	præterita	
1-131	675-676	.	
1-132	677-678	9	
1-133	679-685	Lætare	
1-134	686-690	ergo	
1-135	690-691	,	
1-136	692-699	juvenis	
1-137	699-700	,	
1-138	701-703	in	
1-139	704-716	adolescentia	
1-140	717-720	tua	
1-141	720-721	,	
1-142	722-724	et	
1-143	725-727	in	
1-144	728-732	bono	
1-145	733-736	sit	
1-146	737-740	cor	
1-147	741-745	tuum	
1-148	746-748	in	
1-149	749-755	diebus	
1-150	756-766	juventutis	
1-151	767-770	tuæ	
1-152	771-772	:	
1-153	773-775	et	
1-154	776-782	ambula	
1-155	783-785	in	
1-156	786-790	viis	
1-157	791-797	cordis	
1-158	798-801	tui	
1-159	801-802	,	
1-160	803-805	et	
1-161	806-808	in	
1-162	809-816	intuitu	
1-163	817-825	oculorum	
1-164	826-832	tuorum	
1-165	832-833	,	
1-166	834-836	et	
1-167	837-842	scito	
1-168	843-847	quod	
1-169	848-851	pro	
1-170	852-859	omnibus	
1-171	860-863	his	
1-172	864-871	adducet	
1-173	872-874	te	
1-174	875-879	Deus	
1-175	880-882	in	
1-176	883-891	judicium	
1-177	891-892	.	
1-178	893-895	10	
1-179	896-901	Aufer	
1-180	902-906	iram	
1-181	907-908	a	
1-182	909-914	corde	
1-183	915-918	tuo	
1-184	918-919	,	
1-185	920-922	et	
1-186	923-928	amove	
1-187	929-937	malitiam	
1-188	938-939	a	
1-189	940-945	carne	
1-190	946-949	tua	
1-191	950-951	:	
1-192	952-964	adolescentia	
1-193	965-969	enim	
1-194	970-972	et	
1-195	973-981	voluptas	
1-196	982-986	vana	
1-197	987-991	sunt	
1-198	991-992	.	

#Text=Caput 12
#Text=
#Text=
#Text=1 Memento Creatoris tui in diebus juventutis tuæ, antequam veniat tempus afflictionis, et appropinquent anni de quibus dicas : Non mihi placent ; 2 antequam tenebrescat sol, et lumen, et luna, et stellæ, et revertantur nubes post pluviam ; 3 quando commovebuntur custodes domus, et nutabunt viri fortissimi, et otiosæ erunt molentes in minuto numero, et tenebrescent videntes per foramina ; 4 et claudent ostia in platea, in humilitate vocis molentis, et consurgent ad vocem volucris, et obsurdescent omnes filiæ carminis : 5 excelsa quoque timebunt, et formidabunt in via.
2-1	993-998	Caput	
2-2	999-1001	12	
2-3	1004-1005	1	
2-4	1006-1013	Memento	
2-5	1014-1023	Creatoris	
2-6	1024-1027	tui	
2-7	1028-1030	in	
2-8	1031-1037	diebus	
2-9	1038-1048	juventutis	
2-10	1049-1052	tuæ	
2-11	1052-1053	,	
2-12	1054-1062	antequam	
2-13	1063-1069	veniat	
2-14	1070-1076	tempus	
2-15	1077-1089	afflictionis	
2-16	1089-1090	,	
2-17	1091-1093	et	
2-18	1094-1107	appropinquent	
2-19	1108-1112	anni	
2-20	1113-1115	de	
2-21	1116-1122	quibus	
2-22	1123-1128	dicas	
2-23	1129-1130	:	
2-24	1131-1134	Non	
2-25	1135-1139	mihi	
2-26	1140-1147	placent	
2-27	1148-1149	;	
2-28	1150-1151	2	
2-29	1152-1160	antequam	
2-30	1161-1172	tenebrescat	
2-31	1173-1176	sol	
2-32	1176-1177	,	
2-33	1178-1180	et	
2-34	1181-1186	lumen	
2-35	1186-1187	,	
2-36	1188-1190	et	
2-37	1191-1195	luna	
2-38	1195-1196	,	
2-39	1197-1199	et	
2-40	1200-1206	stellæ	
2-41	1206-1207	,	
2-42	1208-1210	et	
2-43	1211-1222	revertantur	
2-44	1223-1228	nubes	
2-45	1229-1233	post	
2-46	1234-1241	pluviam	
2-47	1242-1243	;	
2-48	1244-1245	3	
2-49	1246-1252	quando	
2-50	1253-1266	commovebuntur	
2-51	1267-1275	custodes	
2-52	1276-1281	domus	
2-53	1281-1282	,	
2-54	1283-1285	et	
2-55	1286-1294	nutabunt	
2-56	1295-1299	viri	
2-57	1300-1310	fortissimi	
2-58	1310-1311	,	
2-59	1312-1314	et	
2-60	1315-1321	otiosæ	
2-61	1322-1327	erunt	
2-62	1328-1336	molentes	
2-63	1337-1339	in	
2-64	1340-1346	minuto	
2-65	1347-1353	numero	
2-66	1353-1354	,	
2-67	1355-1357	et	
2-68	1358-1370	tenebrescent	
2-69	1371-1379	videntes	
2-70	1380-1383	per	
2-71	1384-1392	foramina	
2-72	1393-1394	;	
2-73	1395-1396	4	
2-74	1397-1399	et	
2-75	1400-1408	claudent	
2-76	1409-1414	ostia	
2-77	1415-1417	in	
2-78	1418-1424	platea	
2-79	1424-1425	,	
2-80	1426-1428	in	
2-81	1429-1439	humilitate	
2-82	1440-1445	vocis	
2-83	1446-1454	molentis	
2-84	1454-1455	,	
2-85	1456-1458	et	
2-86	1459-1469	consurgent	
2-87	1470-1472	ad	
2-88	1473-1478	vocem	
2-89	1479-1487	volucris	
2-90	1487-1488	,	
2-91	1489-1491	et	
2-92	1492-1504	obsurdescent	
2-93	1505-1510	omnes	
2-94	1511-1516	filiæ	
2-95	1517-1525	carminis	
2-96	1526-1527	:	
2-97	1528-1529	5	
2-98	1530-1537	excelsa	
2-99	1538-1544	quoque	
2-100	1545-1553	timebunt	
2-101	1553-1554	,	
2-102	1555-1557	et	
2-103	1558-1569	formidabunt	
2-104	1570-1572	in	
2-105	1573-1576	via	
2-106	1576-1577	.	

#Text=Florebit amygdalus, impinguabitur locusta, et dissipabitur capparis, quoniam ibit homo in domum æternitatis suæ, et circuibunt in platea plangentes.
#Text=6 Antequam rumpatur funiculus argenteus, et recurrat vitta aurea, et conteratur hydria super fontem, et confringatur rota super cisternam, 7 et revertatur pulvis in terram suam unde erat, et spiritus redeat ad Deum, qui dedit illum.
#Text=8 Vanitas vanitatum, dixit Ecclesiastes, et omnia vanitas.
#Text=9 Cumque esset sapientissimus Ecclesiastes, docuit populum, et enarravit quæ fecerat ; et investigans composuit parabolas multas.
#Text=10 Quæsivit verba utilia, et conscripsit sermones rectissimos ac veritate plenos.
#Text=11 Verba sapientium sicut stimuli, et quasi clavi in altum defixi, quæ per magistrorum consilium data sunt a pastore uno.
#Text=12 His amplius, fili mi, ne requiras.
3-1	1578-1586	Florebit	
3-2	1587-1596	amygdalus	
3-3	1596-1597	,	
3-4	1598-1611	impinguabitur	
3-5	1612-1619	locusta	
3-6	1619-1620	,	
3-7	1621-1623	et	
3-8	1624-1636	dissipabitur	
3-9	1637-1645	capparis	
3-10	1645-1646	,	
3-11	1647-1654	quoniam	
3-12	1655-1659	ibit	
3-13	1660-1664	homo	
3-14	1665-1667	in	
3-15	1668-1673	domum	
3-16	1674-1685	æternitatis	
3-17	1686-1689	suæ	
3-18	1689-1690	,	
3-19	1691-1693	et	
3-20	1694-1704	circuibunt	
3-21	1705-1707	in	
3-22	1708-1714	platea	
3-23	1715-1725	plangentes	
3-24	1725-1726	.	
3-25	1727-1728	6	
3-26	1729-1737	Antequam	
3-27	1738-1746	rumpatur	
3-28	1747-1756	funiculus	
3-29	1757-1766	argenteus	
3-30	1766-1767	,	
3-31	1768-1770	et	
3-32	1771-1779	recurrat	
3-33	1780-1785	vitta	
3-34	1786-1791	aurea	
3-35	1791-1792	,	
3-36	1793-1795	et	
3-37	1796-1806	conteratur	
3-38	1807-1813	hydria	
3-39	1814-1819	super	
3-40	1820-1826	fontem	
3-41	1826-1827	,	
3-42	1828-1830	et	
3-43	1831-1843	confringatur	
3-44	1844-1848	rota	
3-45	1849-1854	super	
3-46	1855-1864	cisternam	
3-47	1864-1865	,	
3-48	1866-1867	7	
3-49	1868-1870	et	
3-50	1871-1881	revertatur	
3-51	1882-1888	pulvis	
3-52	1889-1891	in	
3-53	1892-1898	terram	
3-54	1899-1903	suam	
3-55	1904-1908	unde	
3-56	1909-1913	erat	
3-57	1913-1914	,	
3-58	1915-1917	et	
3-59	1918-1926	spiritus	
3-60	1927-1933	redeat	
3-61	1934-1936	ad	
3-62	1937-1941	Deum	
3-63	1941-1942	,	
3-64	1943-1946	qui	
3-65	1947-1952	dedit	
3-66	1953-1958	illum	
3-67	1958-1959	.	
3-68	1960-1961	8	
3-69	1962-1969	Vanitas	
3-70	1970-1979	vanitatum	
3-71	1979-1980	,	
3-72	1981-1986	dixit	
3-73	1987-1999	Ecclesiastes	
3-74	1999-2000	,	
3-75	2001-2003	et	
3-76	2004-2009	omnia	
3-77	2010-2017	vanitas	
3-78	2017-2018	.	
3-79	2019-2020	9	
3-80	2021-2027	Cumque	
3-81	2028-2033	esset	
3-82	2034-2048	sapientissimus	
3-83	2049-2061	Ecclesiastes	
3-84	2061-2062	,	
3-85	2063-2069	docuit	
3-86	2070-2077	populum	
3-87	2077-2078	,	
3-88	2079-2081	et	
3-89	2082-2091	enarravit	
3-90	2092-2095	quæ	
3-91	2096-2103	fecerat	
3-92	2104-2105	;	
3-93	2106-2108	et	
3-94	2109-2120	investigans	
3-95	2121-2130	composuit	
3-96	2131-2140	parabolas	
3-97	2141-2147	multas	
3-98	2147-2148	.	
3-99	2149-2151	10	
3-100	2152-2160	Quæsivit	
3-101	2161-2166	verba	
3-102	2167-2173	utilia	
3-103	2173-2174	,	
3-104	2175-2177	et	
3-105	2178-2189	conscripsit	
3-106	2190-2198	sermones	
3-107	2199-2210	rectissimos	
3-108	2211-2213	ac	
3-109	2214-2222	veritate	
3-110	2223-2229	plenos	
3-111	2229-2230	.	
3-112	2231-2233	11	
3-113	2234-2239	Verba	
3-114	2240-2250	sapientium	
3-115	2251-2256	sicut	
3-116	2257-2264	stimuli	
3-117	2264-2265	,	
3-118	2266-2268	et	
3-119	2269-2274	quasi	
3-120	2275-2280	clavi	
3-121	2281-2283	in	
3-122	2284-2289	altum	
3-123	2290-2296	defixi	
3-124	2296-2297	,	
3-125	2298-2301	quæ	
3-126	2302-2305	per	
3-127	2306-2317	magistrorum	
3-128	2318-2327	consilium	
3-129	2328-2332	data	
3-130	2333-2337	sunt	
3-131	2338-2339	a	
3-132	2340-2347	pastore	
3-133	2348-2351	uno	
3-134	2351-2352	.	
3-135	2353-2355	12	
3-136	2356-2359	His	
3-137	2360-2367	amplius	
3-138	2367-2368	,	
3-139	2369-2373	fili	
3-140	2374-2376	mi	
3-141	2376-2377	,	
3-142	2378-2380	ne	
3-143	2381-2389	requiras	
3-144	2389-2390	.	

#Text=Faciendi plures libros nullus est finis ; frequensque meditatio, carnis afflictio est.
#Text=13 Finem loquendi pariter omnes audiamus.
4-1	2391-2399	Faciendi	
4-2	2400-2406	plures	
4-3	2407-2413	libros	
4-4	2414-2420	nullus	
4-5	2421-2424	est	
4-6	2425-2430	finis	
4-7	2431-2432	;	
4-8	2433-2444	frequensque	
4-9	2445-2454	meditatio	
4-10	2454-2455	,	
4-11	2456-2462	carnis	
4-12	2463-2472	afflictio	
4-13	2473-2476	est	
4-14	2476-2477	.	
4-15	2478-2480	13	
4-16	2481-2486	Finem	
4-17	2487-2495	loquendi	
4-18	2496-2503	pariter	
4-19	2504-2509	omnes	
4-20	2510-2518	audiamus	
4-21	2518-2519	.	

#Text=Deum time, et mandata ejus observa : hoc est enim omnis homo, 14 et cuncta quæ fiunt adducet Deus in judicium pro omni errato, sive bonum, sive malum illud sit.
5-1	2520-2524	Deum	
5-2	2525-2529	time	
5-3	2529-2530	,	
5-4	2531-2533	et	
5-5	2534-2541	mandata	
5-6	2542-2546	ejus	
5-7	2547-2554	observa	
5-8	2555-2556	:	
5-9	2557-2560	hoc	
5-10	2561-2564	est	
5-11	2565-2569	enim	
5-12	2570-2575	omnis	
5-13	2576-2580	homo	
5-14	2580-2581	,	
5-15	2582-2584	14	
5-16	2585-2587	et	
5-17	2588-2594	cuncta	
5-18	2595-2598	quæ	
5-19	2599-2604	fiunt	
5-20	2605-2612	adducet	
5-21	2613-2617	Deus	
5-22	2618-2620	in	
5-23	2621-2629	judicium	
5-24	2630-2633	pro	
5-25	2634-2638	omni	
5-26	2639-2645	errato	
5-27	2645-2646	,	
5-28	2647-2651	sive	
5-29	2652-2657	bonum	
5-30	2657-2658	,	
5-31	2659-2663	sive	
5-32	2664-2669	malum	
5-33	2670-2675	illud	
5-34	2676-2679	sit	
5-35	2679-2680	.	

#Text=Caput 1
#Text=
#Text=
#Text=1 <Sponsa>Osculetur me osculo oris sui ; quia meliora sunt ubera tua vino, 2 fragrantia unguentis optimis.
6-1	2681-2686	Caput	
6-2	2687-2688	1	
6-3	2691-2692	1	
6-4	2693-2694	<	
6-5	2694-2700	Sponsa	
6-6	2700-2701	>	
6-7	2701-2710	Osculetur	
6-8	2711-2713	me	
6-9	2714-2720	osculo	
6-10	2721-2725	oris	
6-11	2726-2729	sui	
6-12	2730-2731	;	
6-13	2732-2736	quia	
6-14	2737-2744	meliora	
6-15	2745-2749	sunt	
6-16	2750-2755	ubera	
6-17	2756-2759	tua	
6-18	2760-2764	vino	
6-19	2764-2765	,	
6-20	2766-2767	2	
6-21	2768-2778	fragrantia	
6-22	2779-2788	unguentis	
6-23	2789-2796	optimis	
6-24	2796-2797	.	
