#FORMAT=WebAnno TSV 3.3


#Text=De altitudine vaporum.
1-1	5-7	De	
1-2	8-18	altitudine	
1-3	19-26	vaporum	
1-4	26-27	.	

#Text=Simon Stevin, Wisconstighe gedachtenissen.
2-1	30-35	Simon	
2-2	36-42	Stevin	
2-3	42-43	,	
2-4	44-56	Wisconstighe	
2-5	57-71	gedachtenissen	
2-6	71-72	.	

#Text=Deel 1: van 't weereltschrift
#Text=
#Text=\f72
#Text=+
#Text=
#Text=
#Text=Cortbegryp der damphooghde
3-1	73-77	Deel	
3-2	78-79	1	
3-3	79-80	:	
3-4	81-84	van	
3-5	85-86	'	
3-6	86-87	t	
3-7	88-102	weereltschrift	
3-8	105-107	72	
3-9	108-109	+	
3-10	112-122	Cortbegryp	
3-11	123-126	der	
3-12	127-138	damphooghde	

#Text=.
4-1	138-139	.	

#Text=+
#Text=
#Text=
#Text=Argumentum.
5-1	141-142	+	
5-2	145-155	Argumentum	
5-3	155-156	.	

#Text=DE Son buyten den Eertcloot, mette hitte en t'vvesentlick vier daer binnen, ver
#Text=vvarmen t'vvater en d' eertsche vochticheden
#Text=alsoo;
#Text=datter gheduerlick een sichtbaer
#Text=damp uyt rijst (hoemense dadelick siet sal hier na verclaert vvorden) die als een
#Text=besonder
#Text=Hemel den Eertcloot om vangt, tot sulcken eynde als breeder gheseyt is
#Text=
#Text=int
#Text=Eertcloots stofroersel, namelick dat daer me gheschiet de groote ghemeene
#Text=saming en scheyding der Eertclootsche stoffen.
6-1	160-162	DE	
6-2	163-166	Son	
6-3	167-173	buyten	
6-4	174-177	den	
6-5	178-187	Eertcloot	
6-6	187-188	,	
6-7	189-194	mette	
6-8	195-200	hitte	
6-9	201-203	en	
6-10	204-217	t'vvesentlick	
6-11	218-222	vier	
6-12	223-227	daer	
6-13	228-234	binnen	
6-14	234-235	,	
6-15	236-239	ver	
6-16	240-247	vvarmen	
6-17	248-256	t'vvater	
6-18	257-259	en	
6-19	260-261	d	
6-20	261-262	'	
6-21	263-271	eertsche	
6-22	272-284	vochticheden	
6-23	285-290	alsoo	
6-24	290-291	;	
6-25	292-298	datter	
6-26	299-310	gheduerlick	
6-27	311-314	een	
6-28	315-324	sichtbaer	
6-29	325-329	damp	
6-30	330-333	uyt	
6-31	334-339	rijst	
6-32	340-341	(	
6-33	341-349	hoemense	
6-34	350-358	dadelick	
6-35	359-363	siet	
6-36	364-367	sal	
6-37	368-372	hier	
6-38	373-375	na	
6-39	376-385	verclaert	
6-40	386-393	vvorden	
6-41	393-394	)	
6-42	395-398	die	
6-43	399-402	als	
6-44	403-406	een	
6-45	407-415	besonder	
6-46	416-421	Hemel	
6-47	422-425	den	
6-48	426-435	Eertcloot	
6-49	436-438	om	
6-50	439-444	vangt	
6-51	444-445	,	
6-52	446-449	tot	
6-53	450-457	sulcken	
6-54	458-463	eynde	
6-55	464-467	als	
6-56	468-475	breeder	
6-57	476-483	gheseyt	
6-58	484-486	is	
6-59	488-491	int	
6-60	492-502	Eertcloots	
6-61	503-514	stofroersel	
6-62	514-515	,	
6-63	516-524	namelick	
6-64	525-528	dat	
6-65	529-533	daer	
6-66	534-536	me	
6-67	537-546	gheschiet	
6-68	547-549	de	
6-69	550-556	groote	
6-70	557-565	ghemeene	
6-71	566-572	saming	
6-72	573-575	en	
6-73	576-585	scheyding	
6-74	586-589	der	
6-75	590-603	Eertclootsche	
6-76	604-611	stoffen	
6-77	611-612	.	

#Text=Maer vvant de mensch uyter natuer
#Text=begheerich is te verstaen
#Text=sulcker dinghen omstandighen, soo hebben de ouden
#Text=(vvelcke ick vermoede die des vvijsentijts ghevveest te sijn)
#Text=daer na trachtende,
#Text=⋆
#Text=bevonden dat desen damp oirsaeck is des dagheraets;
#Text=hebben oock ghemeten
#Text=
#Text=⋆
#Text=
#Text=*
#Text=Crepusculi.
7-1	613-617	Maer	
7-2	618-623	vvant	
7-3	624-626	de	
7-4	627-633	mensch	
7-5	634-639	uyter	
7-6	640-646	natuer	
7-7	647-657	begheerich	
7-8	658-660	is	
7-9	661-663	te	
7-10	664-672	verstaen	
7-11	673-680	sulcker	
7-12	681-688	dinghen	
7-13	689-701	omstandighen	
7-14	701-702	,	
7-15	703-706	soo	
7-16	707-713	hebben	
7-17	714-716	de	
7-18	717-722	ouden	
7-19	723-724	(	
7-20	724-731	vvelcke	
7-21	732-735	ick	
7-22	736-744	vermoede	
7-23	745-748	die	
7-24	749-752	des	
7-25	753-765	vvijsentijts	
7-26	766-775	ghevveest	
7-27	776-778	te	
7-28	779-783	sijn	
7-29	783-784	)	
7-30	785-789	daer	
7-31	790-792	na	
7-32	793-803	trachtende	
7-33	803-804	,	
7-34	805-806	⋆	
7-35	807-815	bevonden	
7-36	816-819	dat	
7-37	820-825	desen	
7-38	826-830	damp	
7-39	831-839	oirsaeck	
7-40	840-842	is	
7-41	843-846	des	
7-42	847-857	dagheraets	
7-43	857-858	;	
7-44	859-865	hebben	
7-45	866-870	oock	
7-46	871-879	ghemeten	
7-47	881-882	⋆	
7-48	884-885	*	
7-49	886-896	Crepusculi	
7-50	896-897	.	
