#FORMAT=WebAnno TSV 3.3
#T_SP=custom.Span|label
#T_RL=custom.Relation|label|BT_custom.Span


#Text=Coriandre, plante annuelle, origine- faire d'Italie , ‘cultivée en grand ; fraîche son odeur est désagréable ; sa graine sèche est agréable , àromatique.
1-1	0-9	Coriandre	Smell\_Source	Anaphoric|Anaphoric	1-17|1-22[1_0]	
1-2	9-10	,	_	_	_	
1-3	11-17	plante	_	_	_	
1-4	18-26	annuelle	_	_	_	
1-5	26-27	,	_	_	_	
1-6	28-35	origine	_	_	_	
1-7	35-36	-	_	_	_	
1-8	37-42	faire	_	_	_	
1-9	43-51	d'Italie	Location	_	_	
1-10	52-53	,	_	_	_	
1-11	54-55	‘	_	_	_	
1-12	55-63	cultivée	_	_	_	
1-13	64-66	en	_	_	_	
1-14	67-72	grand	_	_	_	
1-15	73-74	;	_	_	_	
1-16	75-82	fraîche	_	_	_	
1-17	83-86	son	Smell\_Source	_	_	
1-18	87-92	odeur	Smell\_Word	*|*|*	1-20|1-17|1-9	
1-19	93-96	est	_	_	_	
1-20	97-108	désagréable	Quality	_	_	
1-21	109-110	;	_	_	_	
1-22	111-113	sa	Smell\_Source[1]	_	_	
1-23	114-120	graine	Smell\_Source[1]	_	_	
1-24	121-126	sèche	Circumstances	_	_	
1-25	127-130	est	_	_	_	
1-26	131-139	agréable	Quality	_	_	
1-27	140-141	,	_	_	_	
1-28	142-152	àromatique	Smell\_Word	*|*|*	1-24|1-26|1-22[1_0]	
1-29	152-153	.	_	_	_	

#Text=On l'emploie dans la bière blanche , les ratafias : on en fait des dragées.
2-1	154-156	On	_	_	_	
2-2	157-166	l'emploie	_	_	_	
2-3	167-171	dans	_	_	_	
2-4	172-174	la	_	_	_	
2-5	175-180	bière	_	_	_	
2-6	181-188	blanche	_	_	_	
2-7	189-190	,	_	_	_	
2-8	191-194	les	_	_	_	
2-9	195-203	ratafias	_	_	_	
2-10	204-205	:	_	_	_	
2-11	206-208	on	_	_	_	
2-12	209-211	en	_	_	_	
2-13	212-216	fait	_	_	_	
2-14	217-220	des	_	_	_	
2-15	221-228	dragées	_	_	_	
2-16	228-229	.	_	_	_	

#Text=Elle se sème avec plus de succès avant l'hiver , sur-tout dans les parties tempérées et méridionales.
3-1	230-234	Elle	_	_	_	
3-2	235-237	se	_	_	_	
3-3	238-242	sème	_	_	_	
3-4	243-247	avec	_	_	_	
3-5	248-252	plus	_	_	_	
3-6	253-255	de	_	_	_	
3-7	256-262	succès	_	_	_	
3-8	263-268	avant	_	_	_	
3-9	269-276	l'hiver	_	_	_	
3-10	277-278	,	_	_	_	
3-11	279-287	sur-tout	_	_	_	
3-12	288-292	dans	_	_	_	
3-13	293-296	les	_	_	_	
3-14	297-304	parties	_	_	_	
3-15	305-314	tempérées	_	_	_	
3-16	315-317	et	_	_	_	
3-17	318-330	méridionales	_	_	_	
3-18	330-331	.	_	_	_	

#Text=[Artichaud] plante vivace , de la famille des chardons , originaire de Barbarie.
4-1	333-334	[	_	_	_	
4-2	334-343	Artichaud	_	_	_	
4-3	343-344	]	_	_	_	
4-4	345-351	plante	_	_	_	
4-5	352-358	vivace	_	_	_	
4-6	359-360	,	_	_	_	
4-7	361-363	de	_	_	_	
4-8	364-366	la	_	_	_	
4-9	367-374	famille	_	_	_	
4-10	375-378	des	_	_	_	
4-11	379-387	chardons	_	_	_	
4-12	388-389	,	_	_	_	
4-13	390-400	originaire	_	_	_	
4-14	401-403	de	_	_	_	
4-15	404-412	Barbarie	_	_	_	
4-16	412-413	.	_	_	_	

#Text=Ses variétés sont le vert , le blanc , le violet , le sucré de Gènes.
5-1	414-417	Ses	_	_	_	
5-2	418-426	variétés	_	_	_	
5-3	427-431	sont	_	_	_	
5-4	432-434	le	_	_	_	
5-5	435-439	vert	_	_	_	
5-6	440-441	,	_	_	_	
5-7	442-444	le	_	_	_	
5-8	445-450	blanc	_	_	_	
5-9	451-452	,	_	_	_	
5-10	453-455	le	_	_	_	
5-11	456-462	violet	_	_	_	
5-12	463-464	,	_	_	_	
5-13	465-467	le	_	_	_	
5-14	468-473	sucré	_	_	_	
5-15	474-476	de	_	_	_	
5-16	477-482	Gènes	_	_	_	
5-17	482-483	.	_	_	_	

#Text=Î1 craint le froid.
6-1	484-486	Î1	_	_	_	
6-2	487-493	craint	_	_	_	
6-3	494-496	le	_	_	_	
6-4	497-502	froid	_	_	_	
6-5	502-503	.	_	_	_	

#Text=Le cul de l'artichaud se mange cru , cuit; se conserve desséché après une demi-cuisson, ou conht au sel.
7-1	504-506	Le	_	_	_	
7-2	507-510	cul	_	_	_	
7-3	511-513	de	_	_	_	
7-4	514-525	l'artichaud	_	_	_	
7-5	526-528	se	_	_	_	
7-6	529-534	mange	_	_	_	
7-7	535-538	cru	_	_	_	
7-8	539-540	,	_	_	_	
7-9	541-545	cuit	_	_	_	
7-10	545-546	;	_	_	_	
7-11	547-549	se	_	_	_	
7-12	550-558	conserve	_	_	_	
7-13	559-567	desséché	_	_	_	
7-14	568-573	après	_	_	_	
7-15	574-577	une	_	_	_	
7-16	578-590	demi-cuisson	_	_	_	
7-17	590-591	,	_	_	_	
7-18	592-594	ou	_	_	_	
7-19	595-600	conht	_	_	_	
7-20	601-603	au	_	_	_	
7-21	604-607	sel	_	_	_	
7-22	607-608	.	_	_	_	

#Text=La cote des feuilles de la plante blanchies à la manière des cardons, se mange xaussi.
8-1	609-611	La	_	_	_	
8-2	612-616	cote	_	_	_	
8-3	617-620	des	_	_	_	
8-4	621-629	feuilles	_	_	_	
8-5	630-632	de	_	_	_	
8-6	633-635	la	_	_	_	
8-7	636-642	plante	_	_	_	
8-8	643-652	blanchies	_	_	_	
8-9	653-654	à	_	_	_	
8-10	655-657	la	_	_	_	
8-11	658-665	manière	_	_	_	
8-12	666-669	des	_	_	_	
8-13	670-677	cardons	_	_	_	
8-14	677-678	,	_	_	_	
8-15	679-681	se	_	_	_	
8-16	682-687	mange	_	_	_	
8-17	688-694	xaussi	_	_	_	
8-18	694-695	.	_	_	_	

#Text=L'artichaud  se multiplie de graines,, d'oeilletons, de drageons; de graine, est sujet à dégénérer, sur-tout les petites variétés.
9-1	696-707	L'artichaud	_	_	_	
9-2	709-711	se	_	_	_	
9-3	712-721	multiplie	_	_	_	
9-4	722-724	de	_	_	_	
9-5	725-732	graines	_	_	_	
9-6	732-733	,	_	_	_	
9-7	733-734	,	_	_	_	
9-8	735-747	d'oeilletons	_	_	_	
9-9	747-748	,	_	_	_	
9-10	749-751	de	_	_	_	
9-11	752-760	drageons	_	_	_	
9-12	760-761	;	_	_	_	
9-13	762-764	de	_	_	_	
9-14	765-771	graine	_	_	_	
9-15	771-772	,	_	_	_	
9-16	773-776	est	_	_	_	
9-17	777-782	sujet	_	_	_	
9-18	783-784	à	_	_	_	
9-19	785-794	dégénérer	_	_	_	
9-20	794-795	,	_	_	_	
9-21	796-804	sur-tout	_	_	_	
9-22	805-808	les	_	_	_	
9-23	809-816	petites	_	_	_	
9-24	817-825	variétés	_	_	_	
9-25	825-826	.	_	_	_	

#Text=La graine de deux a trois ans dégénère moins; elle lève encore la sixième année.
10-1	827-829	La	_	_	_	
10-2	830-836	graine	_	_	_	
10-3	837-839	de	_	_	_	
10-4	840-844	deux	_	_	_	
10-5	845-846	a	_	_	_	
10-6	847-852	trois	_	_	_	
10-7	853-856	ans	_	_	_	
10-8	857-865	dégénère	_	_	_	
10-9	866-871	moins	_	_	_	
10-10	871-872	;	_	_	_	
10-11	873-877	elle	_	_	_	
10-12	878-882	lève	_	_	_	
10-13	883-889	encore	_	_	_	
10-14	890-892	la	_	_	_	
10-15	893-900	sixième	_	_	_	
10-16	901-906	année	_	_	_	
10-17	906-907	.	_	_	_	

#Text=Giroflée ( grosse espece ) , plante bisannuelle du sud de l'Europe ; fleurs simples ou doubles, hlaiiches , rouges , violettes , ou couleur de chair , d'une odeur agréable ; variété à grand rameau , a l'odeur du gérofle.
11-1	909-917	Giroflée	Smell\_Source	Anaphoric|*	11-14|11-10[2_0]	
11-2	918-919	(	_	_	_	
11-3	920-926	grosse	_	_	_	
11-4	927-933	espece	_	_	_	
11-5	934-935	)	_	_	_	
11-6	936-937	,	_	_	_	
11-7	938-944	plante	_	_	_	
11-8	945-956	bisannuelle	_	_	_	
11-9	957-959	du	_	_	_	
11-10	960-963	sud	Location[2]	_	_	
11-11	964-966	de	Location[2]	_	_	
11-12	967-975	l'Europe	Location[2]	_	_	
11-13	976-977	;	_	_	_	
11-14	978-984	fleurs	Smell\_Source	_	_	
11-15	985-992	simples	_	_	_	
11-16	993-995	ou	_	_	_	
11-17	996-1003	doubles	_	_	_	
11-18	1003-1004	,	_	_	_	
11-19	1005-1014	hlaiiches	_	_	_	
11-20	1015-1016	,	_	_	_	
11-21	1017-1023	rouges	_	_	_	
11-22	1024-1025	,	_	_	_	
11-23	1026-1035	violettes	_	_	_	
11-24	1036-1037	,	_	_	_	
11-25	1038-1040	ou	_	_	_	
11-26	1041-1048	couleur	_	_	_	
11-27	1049-1051	de	_	_	_	
11-28	1052-1057	chair	_	_	_	
11-29	1058-1059	,	_	_	_	
11-30	1060-1065	d'une	_	_	_	
11-31	1066-1071	odeur	Smell\_Word	*|*	11-14|11-32	
11-32	1072-1080	agréable	Quality	_	_	
11-33	1081-1082	;	_	_	_	
11-34	1083-1090	variété	_	_	_	
11-35	1091-1092	à	_	_	_	
11-36	1093-1098	grand	_	_	_	
11-37	1099-1105	rameau	_	_	_	
11-38	1106-1107	,	_	_	_	
11-39	1108-1109	a	_	_	_	
11-40	1110-1117	l'odeur	Smell\_Word	_	_	
11-41	1118-1120	du	_	_	_	
11-42	1121-1128	gérofle	_	_	_	
11-43	1128-1129	.	_	_	_	

#Text=La giroflée orne les jardins; craint le froid.
12-1	1130-1132	La	_	_	_	
12-2	1133-1141	giroflée	_	_	_	
12-3	1142-1146	orne	_	_	_	
12-4	1147-1150	les	_	_	_	
12-5	1151-1158	jardins	_	_	_	
12-6	1158-1159	;	_	_	_	
12-7	1160-1166	craint	_	_	_	
12-8	1167-1169	le	_	_	_	
12-9	1170-1175	froid	_	_	_	
12-10	1175-1176	.	_	_	_	

#Text=Messidor. 213 Lavande (commune) , arbuste très- aromatique , du sud de la France , à fleurs bleues , blanches.
13-1	1178-1186	Messidor	_	_	_	
13-2	1186-1187	.	_	_	_	
13-3	1188-1191	213	_	_	_	
13-4	1192-1199	Lavande	Smell\_Source	_	_	
13-5	1200-1201	(	_	_	_	
13-6	1201-1208	commune	_	_	_	
13-7	1208-1209	)	_	_	_	
13-8	1210-1211	,	_	_	_	
13-9	1212-1219	arbuste	_	_	_	
13-10	1220-1224	très	Quality[3]	_	_	
13-11	1224-1225	-	Quality[3]	_	_	
13-12	1226-1236	aromatique	Quality[3]|Smell\_Word[4]	*|*|*	13-15[5_4]|13-4[0_4]|13-10[3_4]	
13-13	1237-1238	,	_	_	_	
13-14	1239-1241	du	_	_	_	
13-15	1242-1245	sud	Location[5]	_	_	
13-16	1246-1248	de	Location[5]	_	_	
13-17	1249-1251	la	Location[5]	_	_	
13-18	1252-1258	France	Location[5]	_	_	
13-19	1259-1260	,	_	_	_	
13-20	1261-1262	à	_	_	_	
13-21	1263-1269	fleurs	_	_	_	
13-22	1270-1276	bleues	_	_	_	
13-23	1277-1278	,	_	_	_	
13-24	1279-1287	blanches	_	_	_	
13-25	1287-1288	.	_	_	_	

#Text=Elle craint ie grand froid, est cuitivée dans les jardins ; entre dans les parfums ; donne à la distiliation une eau odorante , une huile, essentielle.
14-1	1289-1293	Elle	_	_	_	
14-2	1294-1300	craint	_	_	_	
14-3	1301-1303	ie	_	_	_	
14-4	1304-1309	grand	_	_	_	
14-5	1310-1315	froid	_	_	_	
14-6	1315-1316	,	_	_	_	
14-7	1317-1320	est	_	_	_	
14-8	1321-1329	cuitivée	_	_	_	
14-9	1330-1334	dans	_	_	_	
14-10	1335-1338	les	_	_	_	
14-11	1339-1346	jardins	_	_	_	
14-12	1347-1348	;	_	_	_	
14-13	1349-1354	entre	_	_	_	
14-14	1355-1359	dans	_	_	_	
14-15	1360-1363	les	_	_	_	
14-16	1364-1371	parfums	Smell\_Word	*	13-4	
14-17	1372-1373	;	_	_	_	
14-18	1374-1379	donne	_	_	_	
14-19	1380-1381	à	_	_	_	
14-20	1382-1384	la	_	_	_	
14-21	1385-1397	distiliation	_	_	_	
14-22	1398-1401	une	_	_	_	
14-23	1402-1405	eau	Smell\_Source	_	_	
14-24	1406-1414	odorante	Smell\_Word[6]|Quality[7]	*|*	14-24[7_6]|14-23[0_6]	
14-25	1415-1416	,	_	_	_	
14-26	1417-1420	une	_	_	_	
14-27	1421-1426	huile	_	_	_	
14-28	1426-1427	,	_	_	_	
14-29	1428-1439	essentielle	_	_	_	
14-30	1439-1440	.	_	_	_	
