#FORMAT=WebAnno TSV 3.3


#Text=18 Multitudo sonitus aquarum ; vocem dederunt nubes.
1-1	2-4	18	
1-2	5-14	Multitudo	
1-3	15-22	sonitus	
1-4	23-30	aquarum	
1-5	31-32	;	
1-6	33-38	vocem	
1-7	39-47	dederunt	
1-8	48-53	nubes	
1-9	53-54	.	

#Text=Etenim sagittæ tuæ transeunt ; 19 vox tonitrui tui in rota.
2-1	55-61	Etenim	
2-2	62-69	sagittæ	
2-3	70-73	tuæ	
2-4	74-83	transeunt	
2-5	84-85	;	
2-6	86-88	19	
2-7	89-92	vox	
2-8	93-101	tonitrui	
2-9	102-105	tui	
2-10	106-108	in	
2-11	109-113	rota	
2-12	113-114	.	

#Text=Illuxerunt coruscationes tuæ orbi terræ ; commota est, et contremuit terra.
#Text=20 In mari via tua, et semitæ tuæ in aquis multis, et vestigia tua non cognoscentur.
#Text=21 Deduxisti sicut oves populum tuum, in manu Moysi et Aaron.
3-1	115-125	Illuxerunt	
3-2	126-139	coruscationes	
3-3	140-143	tuæ	
3-4	144-148	orbi	
3-5	149-154	terræ	
3-6	155-156	;	
3-7	157-164	commota	
3-8	165-168	est	
3-9	168-169	,	
3-10	170-172	et	
3-11	173-183	contremuit	
3-12	184-189	terra	
3-13	189-190	.	
3-14	191-193	20	
3-15	194-196	In	
3-16	197-201	mari	
3-17	202-205	via	
3-18	206-209	tua	
3-19	209-210	,	
3-20	211-213	et	
3-21	214-220	semitæ	
3-22	221-224	tuæ	
3-23	225-227	in	
3-24	228-233	aquis	
3-25	234-240	multis	
3-26	240-241	,	
3-27	242-244	et	
3-28	245-253	vestigia	
3-29	254-257	tua	
3-30	258-261	non	
3-31	262-274	cognoscentur	
3-32	274-275	.	
3-33	276-278	21	
3-34	279-288	Deduxisti	
3-35	289-294	sicut	
3-36	295-299	oves	
3-37	300-307	populum	
3-38	308-312	tuum	
3-39	312-313	,	
3-40	314-316	in	
3-41	317-321	manu	
3-42	322-327	Moysi	
3-43	328-330	et	
3-44	331-336	Aaron	
3-45	336-337	.	

#Text=Caput 77
#Text=
#Text=
#Text=1 Intellectus Asaph.
4-1	338-343	Caput	
4-2	344-346	77	
4-3	349-350	1	
4-4	351-362	Intellectus	
4-5	363-368	Asaph	
4-6	368-369	.	

#Text=Attendite, popule meus, legem meam ; inclinate aurem vestram in verba oris mei.
#Text=2 Aperiam in parabolis os meum ; loquar propositiones ab initio.
#Text=3 Quanta audivimus, et cognovimus ea, et patres nostri narraverunt nobis.
#Text=4 Non sunt occultata a filiis eorum in generatione altera, narrantes laudes Domini et virtutes ejus, et mirabilia ejus quæ fecit.
#Text=5 Et suscitavit testimonium in Jacob, et legem posuit in Israël, quanta mandavit patribus nostris nota facere ea filiis suis : 6 ut cognoscat generatio altera : filii qui nascentur et exsurgent, et narrabunt filiis suis, 7 ut ponant in Deo spem suam, et non obliviscantur operum Dei, et mandata ejus exquirant : 8 ne fiant, sicut patres eorum, generatio prava et exasperans ; generatio quæ non direxit cor suum, et non est creditus cum Deo spiritus ejus.
#Text=9 Filii Ephrem, intendentes et mittentes arcum, conversi sunt in die belli.
#Text=10 Non custodierunt testamentum Dei, et in lege ejus noluerunt ambulare.
#Text=11 Et obliti sunt benefactorum ejus, et mirabilium ejus quæ ostendit eis.
#Text=12 Coram patribus eorum fecit mirabilia in terra Ægypti, in campo Taneos.
#Text=13 Interrupit mare, et perduxit eos, et statuit aquas quasi in utre : 14 et deduxit eos in nube diei, et tota nocte in illuminatione ignis.
#Text=15 Interrupit petram in eremo, et adaquavit eos velut in abysso multa.
#Text=16 Et eduxit aquam de petra, et deduxit tamquam flumina aquas.
#Text=17 Et apposuerunt adhuc peccare ei ; in iram excitaverunt Excelsum in inaquoso.
#Text=18 Et tentaverunt Deum in cordibus suis, ut peterent escas animabus suis.
5-1	370-379	Attendite	
5-2	379-380	,	
5-3	381-387	popule	
5-4	388-392	meus	
5-5	392-393	,	
5-6	394-399	legem	
5-7	400-404	meam	
5-8	405-406	;	
5-9	407-416	inclinate	
5-10	417-422	aurem	
5-11	423-430	vestram	
5-12	431-433	in	
5-13	434-439	verba	
5-14	440-444	oris	
5-15	445-448	mei	
5-16	448-449	.	
5-17	450-451	2	
5-18	452-459	Aperiam	
5-19	460-462	in	
5-20	463-472	parabolis	
5-21	473-475	os	
5-22	476-480	meum	
5-23	481-482	;	
5-24	483-489	loquar	
5-25	490-503	propositiones	
5-26	504-506	ab	
5-27	507-513	initio	
5-28	513-514	.	
5-29	515-516	3	
5-30	517-523	Quanta	
5-31	524-533	audivimus	
5-32	533-534	,	
5-33	535-537	et	
5-34	538-548	cognovimus	
5-35	549-551	ea	
5-36	551-552	,	
5-37	553-555	et	
5-38	556-562	patres	
5-39	563-569	nostri	
5-40	570-581	narraverunt	
5-41	582-587	nobis	
5-42	587-588	.	
5-43	589-590	4	
5-44	591-594	Non	
5-45	595-599	sunt	
5-46	600-609	occultata	
5-47	610-611	a	
5-48	612-618	filiis	
5-49	619-624	eorum	
5-50	625-627	in	
5-51	628-639	generatione	
5-52	640-646	altera	
5-53	646-647	,	
5-54	648-657	narrantes	
5-55	658-664	laudes	
5-56	665-671	Domini	
5-57	672-674	et	
5-58	675-683	virtutes	
5-59	684-688	ejus	
5-60	688-689	,	
5-61	690-692	et	
5-62	693-702	mirabilia	
5-63	703-707	ejus	
5-64	708-711	quæ	
5-65	712-717	fecit	
5-66	717-718	.	
5-67	719-720	5	
5-68	721-723	Et	
5-69	724-734	suscitavit	
5-70	735-746	testimonium	
5-71	747-749	in	
5-72	750-755	Jacob	
5-73	755-756	,	
5-74	757-759	et	
5-75	760-765	legem	
5-76	766-772	posuit	
5-77	773-775	in	
5-78	776-782	Israël	
5-79	782-783	,	
5-80	784-790	quanta	
5-81	791-799	mandavit	
5-82	800-808	patribus	
5-83	809-816	nostris	
5-84	817-821	nota	
5-85	822-828	facere	
5-86	829-831	ea	
5-87	832-838	filiis	
5-88	839-843	suis	
5-89	844-845	:	
5-90	846-847	6	
5-91	848-850	ut	
5-92	851-860	cognoscat	
5-93	861-870	generatio	
5-94	871-877	altera	
5-95	878-879	:	
5-96	880-885	filii	
5-97	886-889	qui	
5-98	890-899	nascentur	
5-99	900-902	et	
5-100	903-912	exsurgent	
5-101	912-913	,	
5-102	914-916	et	
5-103	917-926	narrabunt	
5-104	927-933	filiis	
5-105	934-938	suis	
5-106	938-939	,	
5-107	940-941	7	
5-108	942-944	ut	
5-109	945-951	ponant	
5-110	952-954	in	
5-111	955-958	Deo	
5-112	959-963	spem	
5-113	964-968	suam	
5-114	968-969	,	
5-115	970-972	et	
5-116	973-976	non	
5-117	977-990	obliviscantur	
5-118	991-997	operum	
5-119	998-1001	Dei	
5-120	1001-1002	,	
5-121	1003-1005	et	
5-122	1006-1013	mandata	
5-123	1014-1018	ejus	
5-124	1019-1028	exquirant	
5-125	1029-1030	:	
5-126	1031-1032	8	
5-127	1033-1035	ne	
5-128	1036-1041	fiant	
5-129	1041-1042	,	
5-130	1043-1048	sicut	
5-131	1049-1055	patres	
5-132	1056-1061	eorum	
5-133	1061-1062	,	
5-134	1063-1072	generatio	
5-135	1073-1078	prava	
5-136	1079-1081	et	
5-137	1082-1092	exasperans	
5-138	1093-1094	;	
5-139	1095-1104	generatio	
5-140	1105-1108	quæ	
5-141	1109-1112	non	
5-142	1113-1120	direxit	
5-143	1121-1124	cor	
5-144	1125-1129	suum	
5-145	1129-1130	,	
5-146	1131-1133	et	
5-147	1134-1137	non	
5-148	1138-1141	est	
5-149	1142-1150	creditus	
5-150	1151-1154	cum	
5-151	1155-1158	Deo	
5-152	1159-1167	spiritus	
5-153	1168-1172	ejus	
5-154	1172-1173	.	
5-155	1174-1175	9	
5-156	1176-1181	Filii	
5-157	1182-1188	Ephrem	
5-158	1188-1189	,	
5-159	1190-1201	intendentes	
5-160	1202-1204	et	
5-161	1205-1214	mittentes	
5-162	1215-1220	arcum	
5-163	1220-1221	,	
5-164	1222-1230	conversi	
5-165	1231-1235	sunt	
5-166	1236-1238	in	
5-167	1239-1242	die	
5-168	1243-1248	belli	
5-169	1248-1249	.	
5-170	1250-1252	10	
5-171	1253-1256	Non	
5-172	1257-1269	custodierunt	
5-173	1270-1281	testamentum	
5-174	1282-1285	Dei	
5-175	1285-1286	,	
5-176	1287-1289	et	
5-177	1290-1292	in	
5-178	1293-1297	lege	
5-179	1298-1302	ejus	
5-180	1303-1312	noluerunt	
5-181	1313-1321	ambulare	
5-182	1321-1322	.	
5-183	1323-1325	11	
5-184	1326-1328	Et	
5-185	1329-1335	obliti	
5-186	1336-1340	sunt	
5-187	1341-1353	benefactorum	
5-188	1354-1358	ejus	
5-189	1358-1359	,	
5-190	1360-1362	et	
5-191	1363-1373	mirabilium	
5-192	1374-1378	ejus	
5-193	1379-1382	quæ	
5-194	1383-1391	ostendit	
5-195	1392-1395	eis	
5-196	1395-1396	.	
5-197	1397-1399	12	
5-198	1400-1405	Coram	
5-199	1406-1414	patribus	
5-200	1415-1420	eorum	
5-201	1421-1426	fecit	
5-202	1427-1436	mirabilia	
5-203	1437-1439	in	
5-204	1440-1445	terra	
5-205	1446-1452	Ægypti	
5-206	1452-1453	,	
5-207	1454-1456	in	
5-208	1457-1462	campo	
5-209	1463-1469	Taneos	
5-210	1469-1470	.	
5-211	1471-1473	13	
5-212	1474-1484	Interrupit	
5-213	1485-1489	mare	
5-214	1489-1490	,	
5-215	1491-1493	et	
5-216	1494-1502	perduxit	
5-217	1503-1506	eos	
5-218	1506-1507	,	
5-219	1508-1510	et	
5-220	1511-1518	statuit	
5-221	1519-1524	aquas	
5-222	1525-1530	quasi	
5-223	1531-1533	in	
5-224	1534-1538	utre	
5-225	1539-1540	:	
5-226	1541-1543	14	
5-227	1544-1546	et	
5-228	1547-1554	deduxit	
5-229	1555-1558	eos	
5-230	1559-1561	in	
5-231	1562-1566	nube	
5-232	1567-1571	diei	
5-233	1571-1572	,	
5-234	1573-1575	et	
5-235	1576-1580	tota	
5-236	1581-1586	nocte	
5-237	1587-1589	in	
5-238	1590-1603	illuminatione	
5-239	1604-1609	ignis	
5-240	1609-1610	.	
5-241	1611-1613	15	
5-242	1614-1624	Interrupit	
5-243	1625-1631	petram	
5-244	1632-1634	in	
5-245	1635-1640	eremo	
5-246	1640-1641	,	
5-247	1642-1644	et	
5-248	1645-1654	adaquavit	
5-249	1655-1658	eos	
5-250	1659-1664	velut	
5-251	1665-1667	in	
5-252	1668-1674	abysso	
5-253	1675-1680	multa	
5-254	1680-1681	.	
5-255	1682-1684	16	
5-256	1685-1687	Et	
5-257	1688-1694	eduxit	
5-258	1695-1700	aquam	
5-259	1701-1703	de	
5-260	1704-1709	petra	
5-261	1709-1710	,	
5-262	1711-1713	et	
5-263	1714-1721	deduxit	
5-264	1722-1729	tamquam	
5-265	1730-1737	flumina	
5-266	1738-1743	aquas	
5-267	1743-1744	.	
5-268	1745-1747	17	
5-269	1748-1750	Et	
5-270	1751-1762	apposuerunt	
5-271	1763-1768	adhuc	
5-272	1769-1776	peccare	
5-273	1777-1779	ei	
5-274	1780-1781	;	
5-275	1782-1784	in	
5-276	1785-1789	iram	
5-277	1790-1802	excitaverunt	
5-278	1803-1811	Excelsum	
5-279	1812-1814	in	
5-280	1815-1823	inaquoso	
5-281	1823-1824	.	
5-282	1825-1827	18	
5-283	1828-1830	Et	
5-284	1831-1842	tentaverunt	
5-285	1843-1847	Deum	
5-286	1848-1850	in	
5-287	1851-1859	cordibus	
5-288	1860-1864	suis	
5-289	1864-1865	,	
5-290	1866-1868	ut	
5-291	1869-1877	peterent	
5-292	1878-1883	escas	
5-293	1884-1892	animabus	
5-294	1893-1897	suis	
5-295	1897-1898	.	
