#FORMAT=WebAnno TSV 3.3


#Text=Oravitque Moyses pro populo, 8 et locutus est Dominus ad eum : Fac serpentem æneum, et pone eum pro signo : qui percussus aspexerit eum, vivet.
#Text=9 Fecit ergo Moyses serpentem æneum, et posuit eum pro signo : quem cum percussi aspicerent, sanabantur.
#Text=10 Profectique filii Israël castrametati sunt in Oboth.
#Text=11 Unde egressi fixere tentoria in Jeabarim, in solitudine quæ respicit Moab contra orientalem plagam.
#Text=12 Et inde moventes, venerunt ad torrentem Zared.
#Text=13 Quem relinquentes castrametati sunt contra Arnon, quæ est in deserto, et prominet in finibus Amorrhæi.
1-1	2-11	Oravitque	
1-2	12-18	Moyses	
1-3	19-22	pro	
1-4	23-29	populo	
1-5	29-30	,	
1-6	31-32	8	
1-7	33-35	et	
1-8	36-43	locutus	
1-9	44-47	est	
1-10	48-55	Dominus	
1-11	56-58	ad	
1-12	59-62	eum	
1-13	63-64	:	
1-14	65-68	Fac	
1-15	69-78	serpentem	
1-16	79-84	æneum	
1-17	84-85	,	
1-18	86-88	et	
1-19	89-93	pone	
1-20	94-97	eum	
1-21	98-101	pro	
1-22	102-107	signo	
1-23	108-109	:	
1-24	110-113	qui	
1-25	114-123	percussus	
1-26	124-133	aspexerit	
1-27	134-137	eum	
1-28	137-138	,	
1-29	139-144	vivet	
1-30	144-145	.	
1-31	146-147	9	
1-32	148-153	Fecit	
1-33	154-158	ergo	
1-34	159-165	Moyses	
1-35	166-175	serpentem	
1-36	176-181	æneum	
1-37	181-182	,	
1-38	183-185	et	
1-39	186-192	posuit	
1-40	193-196	eum	
1-41	197-200	pro	
1-42	201-206	signo	
1-43	207-208	:	
1-44	209-213	quem	
1-45	214-217	cum	
1-46	218-226	percussi	
1-47	227-237	aspicerent	
1-48	237-238	,	
1-49	239-249	sanabantur	
1-50	249-250	.	
1-51	251-253	10	
1-52	254-265	Profectique	
1-53	266-271	filii	
1-54	272-278	Israël	
1-55	279-291	castrametati	
1-56	292-296	sunt	
1-57	297-299	in	
1-58	300-305	Oboth	
1-59	305-306	.	
1-60	307-309	11	
1-61	310-314	Unde	
1-62	315-322	egressi	
1-63	323-329	fixere	
1-64	330-338	tentoria	
1-65	339-341	in	
1-66	342-350	Jeabarim	
1-67	350-351	,	
1-68	352-354	in	
1-69	355-365	solitudine	
1-70	366-369	quæ	
1-71	370-378	respicit	
1-72	379-383	Moab	
1-73	384-390	contra	
1-74	391-401	orientalem	
1-75	402-408	plagam	
1-76	408-409	.	
1-77	410-412	12	
1-78	413-415	Et	
1-79	416-420	inde	
1-80	421-429	moventes	
1-81	429-430	,	
1-82	431-439	venerunt	
1-83	440-442	ad	
1-84	443-452	torrentem	
1-85	453-458	Zared	
1-86	458-459	.	
1-87	460-462	13	
1-88	463-467	Quem	
1-89	468-480	relinquentes	
1-90	481-493	castrametati	
1-91	494-498	sunt	
1-92	499-505	contra	
1-93	506-511	Arnon	
1-94	511-512	,	
1-95	513-516	quæ	
1-96	517-520	est	
1-97	521-523	in	
1-98	524-531	deserto	
1-99	531-532	,	
1-100	533-535	et	
1-101	536-544	prominet	
1-102	545-547	in	
1-103	548-555	finibus	
1-104	556-564	Amorrhæi	
1-105	564-565	.	

#Text=Siquidem Arnon terminus est Moab, dividens Moabitas et Amorrhæos.
#Text=14 Unde dicitur in libro bellorum Domini : Sicut fecit in mari Rubro, sic faciet in torrentibus Arnon.
#Text=15 Scopuli torrentium inclinati sunt, ut requiescerent in Ar, et recumberent in finibus Moabitarum.
#Text=16 Ex eo loco apparuit puteus, super quo locutus est Dominus ad Moysen : Congrega populum, et dabo ei aquam.
#Text=17 Tunc cecinit Israël carmen istud : Ascendat puteus.
2-1	566-574	Siquidem	
2-2	575-580	Arnon	
2-3	581-589	terminus	
2-4	590-593	est	
2-5	594-598	Moab	
2-6	598-599	,	
2-7	600-608	dividens	
2-8	609-617	Moabitas	
2-9	618-620	et	
2-10	621-630	Amorrhæos	
2-11	630-631	.	
2-12	632-634	14	
2-13	635-639	Unde	
2-14	640-647	dicitur	
2-15	648-650	in	
2-16	651-656	libro	
2-17	657-665	bellorum	
2-18	666-672	Domini	
2-19	673-674	:	
2-20	675-680	Sicut	
2-21	681-686	fecit	
2-22	687-689	in	
2-23	690-694	mari	
2-24	695-700	Rubro	
2-25	700-701	,	
2-26	702-705	sic	
2-27	706-712	faciet	
2-28	713-715	in	
2-29	716-727	torrentibus	
2-30	728-733	Arnon	
2-31	733-734	.	
2-32	735-737	15	
2-33	738-745	Scopuli	
2-34	746-756	torrentium	
2-35	757-766	inclinati	
2-36	767-771	sunt	
2-37	771-772	,	
2-38	773-775	ut	
2-39	776-789	requiescerent	
2-40	790-792	in	
2-41	793-795	Ar	
2-42	795-796	,	
2-43	797-799	et	
2-44	800-811	recumberent	
2-45	812-814	in	
2-46	815-822	finibus	
2-47	823-833	Moabitarum	
2-48	833-834	.	
2-49	835-837	16	
2-50	838-840	Ex	
2-51	841-843	eo	
2-52	844-848	loco	
2-53	849-857	apparuit	
2-54	858-864	puteus	
2-55	864-865	,	
2-56	866-871	super	
2-57	872-875	quo	
2-58	876-883	locutus	
2-59	884-887	est	
2-60	888-895	Dominus	
2-61	896-898	ad	
2-62	899-905	Moysen	
2-63	906-907	:	
2-64	908-916	Congrega	
2-65	917-924	populum	
2-66	924-925	,	
2-67	926-928	et	
2-68	929-933	dabo	
2-69	934-936	ei	
2-70	937-942	aquam	
2-71	942-943	.	
2-72	944-946	17	
2-73	947-951	Tunc	
2-74	952-959	cecinit	
2-75	960-966	Israël	
2-76	967-973	carmen	
2-77	974-979	istud	
2-78	980-981	:	
2-79	982-990	Ascendat	
2-80	991-997	puteus	
2-81	997-998	.	

#Text=Concinebant : 18 Puteus, quem foderunt principes et paraverunt duces multitudinis in datore legis, et in baculis suis.
3-1	999-1010	Concinebant	
3-2	1011-1012	:	
3-3	1013-1015	18	
3-4	1016-1022	Puteus	
3-5	1022-1023	,	
3-6	1024-1028	quem	
3-7	1029-1037	foderunt	
3-8	1038-1047	principes	
3-9	1048-1050	et	
3-10	1051-1061	paraverunt	
3-11	1062-1067	duces	
3-12	1068-1080	multitudinis	
3-13	1081-1083	in	
3-14	1084-1090	datore	
3-15	1091-1096	legis	
3-16	1096-1097	,	
3-17	1098-1100	et	
3-18	1101-1103	in	
3-19	1104-1111	baculis	
3-20	1112-1116	suis	
3-21	1116-1117	.	

#Text=De solitudine, Matthana.
#Text=19 De Matthana in Nahaliel : de Nahaliel in Bamoth.
#Text=20 De Bamoth, vallis est in regione Moab, in vertice Phasga, quod respicit contra desertum.
#Text=21 Misit autem Israël nuntios ad Sehon regem Amorrhæorum, dicens : 22 Obsecro ut transire mihi liceat per terram tuam : non declinabimus in agros et vineas ; non bibemus aquas ex puteis : via regia gradiemur, donec transeamus terminos tuos.
#Text=23 Qui concedere noluit ut transiret Israël per fines suos : quin potius exercitu congregato, egressus est obviam in desertum, et venit in Jasa, pugnavitque contra eum.
#Text=24 A quo percussus est in ore gladii, et possessa est terra ejus ab Arnon usque Jeboc, et filios Ammon : quia forti præsidio tenebantur termini Ammonitarum.
#Text=25 Tulit ergo Israël omnes civitates ejus, et habitavit in urbibus Amorrhæi, in Hesebon scilicet, et viculis ejus.
#Text=26 Urbs Hesebon fuit Sehon regis Amorrhæi, qui pugnavit contra regem Moab : et tulit omnem terram, quæ ditionis illius fuerat usque Arnon.
4-1	1118-1120	De	
4-2	1121-1131	solitudine	
4-3	1131-1132	,	
4-4	1133-1141	Matthana	
4-5	1141-1142	.	
4-6	1143-1145	19	
4-7	1146-1148	De	
4-8	1149-1157	Matthana	
4-9	1158-1160	in	
4-10	1161-1169	Nahaliel	
4-11	1170-1171	:	
4-12	1172-1174	de	
4-13	1175-1183	Nahaliel	
4-14	1184-1186	in	
4-15	1187-1193	Bamoth	
4-16	1193-1194	.	
4-17	1195-1197	20	
4-18	1198-1200	De	
4-19	1201-1207	Bamoth	
4-20	1207-1208	,	
4-21	1209-1215	vallis	
4-22	1216-1219	est	
4-23	1220-1222	in	
4-24	1223-1230	regione	
4-25	1231-1235	Moab	
4-26	1235-1236	,	
4-27	1237-1239	in	
4-28	1240-1247	vertice	
4-29	1248-1254	Phasga	
4-30	1254-1255	,	
4-31	1256-1260	quod	
4-32	1261-1269	respicit	
4-33	1270-1276	contra	
4-34	1277-1285	desertum	
4-35	1285-1286	.	
4-36	1287-1289	21	
4-37	1290-1295	Misit	
4-38	1296-1301	autem	
4-39	1302-1308	Israël	
4-40	1309-1316	nuntios	
4-41	1317-1319	ad	
4-42	1320-1325	Sehon	
4-43	1326-1331	regem	
4-44	1332-1343	Amorrhæorum	
4-45	1343-1344	,	
4-46	1345-1351	dicens	
4-47	1352-1353	:	
4-48	1354-1356	22	
4-49	1357-1364	Obsecro	
4-50	1365-1367	ut	
4-51	1368-1376	transire	
4-52	1377-1381	mihi	
4-53	1382-1388	liceat	
4-54	1389-1392	per	
4-55	1393-1399	terram	
4-56	1400-1404	tuam	
4-57	1405-1406	:	
4-58	1407-1410	non	
4-59	1411-1423	declinabimus	
4-60	1424-1426	in	
4-61	1427-1432	agros	
4-62	1433-1435	et	
4-63	1436-1442	vineas	
4-64	1443-1444	;	
4-65	1445-1448	non	
4-66	1449-1456	bibemus	
4-67	1457-1462	aquas	
4-68	1463-1465	ex	
4-69	1466-1472	puteis	
4-70	1473-1474	:	
4-71	1475-1478	via	
4-72	1479-1484	regia	
4-73	1485-1494	gradiemur	
4-74	1494-1495	,	
4-75	1496-1501	donec	
4-76	1502-1512	transeamus	
4-77	1513-1521	terminos	
4-78	1522-1526	tuos	
4-79	1526-1527	.	
4-80	1528-1530	23	
4-81	1531-1534	Qui	
4-82	1535-1544	concedere	
4-83	1545-1551	noluit	
4-84	1552-1554	ut	
4-85	1555-1564	transiret	
4-86	1565-1571	Israël	
4-87	1572-1575	per	
4-88	1576-1581	fines	
4-89	1582-1586	suos	
4-90	1587-1588	:	
4-91	1589-1593	quin	
4-92	1594-1600	potius	
4-93	1601-1609	exercitu	
4-94	1610-1620	congregato	
4-95	1620-1621	,	
4-96	1622-1630	egressus	
4-97	1631-1634	est	
4-98	1635-1641	obviam	
4-99	1642-1644	in	
4-100	1645-1653	desertum	
4-101	1653-1654	,	
4-102	1655-1657	et	
4-103	1658-1663	venit	
4-104	1664-1666	in	
4-105	1667-1671	Jasa	
4-106	1671-1672	,	
4-107	1673-1684	pugnavitque	
4-108	1685-1691	contra	
4-109	1692-1695	eum	
4-110	1695-1696	.	
4-111	1697-1699	24	
4-112	1700-1701	A	
4-113	1702-1705	quo	
4-114	1706-1715	percussus	
4-115	1716-1719	est	
4-116	1720-1722	in	
4-117	1723-1726	ore	
4-118	1727-1733	gladii	
4-119	1733-1734	,	
4-120	1735-1737	et	
4-121	1738-1746	possessa	
4-122	1747-1750	est	
4-123	1751-1756	terra	
4-124	1757-1761	ejus	
4-125	1762-1764	ab	
4-126	1765-1770	Arnon	
4-127	1771-1776	usque	
4-128	1777-1782	Jeboc	
4-129	1782-1783	,	
4-130	1784-1786	et	
4-131	1787-1793	filios	
4-132	1794-1799	Ammon	
4-133	1800-1801	:	
4-134	1802-1806	quia	
4-135	1807-1812	forti	
4-136	1813-1821	præsidio	
4-137	1822-1832	tenebantur	
4-138	1833-1840	termini	
4-139	1841-1852	Ammonitarum	
4-140	1852-1853	.	
4-141	1854-1856	25	
4-142	1857-1862	Tulit	
4-143	1863-1867	ergo	
4-144	1868-1874	Israël	
4-145	1875-1880	omnes	
4-146	1881-1890	civitates	
4-147	1891-1895	ejus	
4-148	1895-1896	,	
4-149	1897-1899	et	
4-150	1900-1909	habitavit	
4-151	1910-1912	in	
4-152	1913-1920	urbibus	
4-153	1921-1929	Amorrhæi	
4-154	1929-1930	,	
4-155	1931-1933	in	
4-156	1934-1941	Hesebon	
4-157	1942-1950	scilicet	
4-158	1950-1951	,	
4-159	1952-1954	et	
4-160	1955-1962	viculis	
4-161	1963-1967	ejus	
4-162	1967-1968	.	
4-163	1969-1971	26	
4-164	1972-1976	Urbs	
4-165	1977-1984	Hesebon	
4-166	1985-1989	fuit	
4-167	1990-1995	Sehon	
4-168	1996-2001	regis	
4-169	2002-2010	Amorrhæi	
4-170	2010-2011	,	
4-171	2012-2015	qui	
4-172	2016-2024	pugnavit	
4-173	2025-2031	contra	
4-174	2032-2037	regem	
4-175	2038-2042	Moab	
4-176	2043-2044	:	
4-177	2045-2047	et	
4-178	2048-2053	tulit	
4-179	2054-2059	omnem	
4-180	2060-2066	terram	
4-181	2066-2067	,	
4-182	2068-2071	quæ	
4-183	2072-2080	ditionis	
4-184	2081-2087	illius	
4-185	2088-2094	fuerat	
4-186	2095-2100	usque	
4-187	2101-2106	Arnon	
4-188	2106-2107	.	
