#FORMAT=WebAnno TSV 3.3
#T_SP=custom.Span|label
#T_RL=custom.Relation|label|BT_custom.Span


#Text=Dieſe
#Text=
#Text=Wurtzeln, beſonders die vom groſſen
#Text=Baldrian, werden wider Gift und Peſt
#Text=gebraucht, desgleichen in lang anhalten-
#Text=dem Huſten, Engbruͤſtigkeit/ und der
#Text=Waſſerſucht.
1-1	2-7	Dieſe	_	_	_	
1-2	9-17	Wurtzeln	_	_	_	
1-3	17-18	,	_	_	_	
1-4	19-28	beſonders	_	_	_	
1-5	29-32	die	_	_	_	
1-6	33-36	vom	_	_	_	
1-7	37-44	groſſen	_	_	_	
1-8	45-53	Baldrian	_	_	_	
1-9	53-54	,	_	_	_	
1-10	55-61	werden	_	_	_	
1-11	62-67	wider	_	_	_	
1-12	68-72	Gift	_	_	_	
1-13	73-76	und	_	_	_	
1-14	77-81	Peſt	_	_	_	
1-15	82-91	gebraucht	_	_	_	
1-16	91-92	,	_	_	_	
1-17	93-104	desgleichen	_	_	_	
1-18	105-107	in	_	_	_	
1-19	108-112	lang	_	_	_	
1-20	113-121	anhalten	_	_	_	
1-21	121-122	-	_	_	_	
1-22	123-126	dem	_	_	_	
1-23	127-133	Huſten	_	_	_	
1-24	133-134	,	_	_	_	
1-25	135-150	Engbruͤſtigkeit	_	_	_	
1-26	150-151	/	_	_	_	
1-27	152-155	und	_	_	_	
1-28	156-159	der	_	_	_	
1-29	160-171	Waſſerſucht	_	_	_	
1-30	171-172	.	_	_	_	

#Text=Einige Autores nennen
#Text=dieſe Wurtzel Phu Ponticum.
2-1	173-179	Einige	_	_	_	
2-2	180-187	Autores	_	_	_	
2-3	188-194	nennen	_	_	_	
2-4	195-200	dieſe	_	_	_	
2-5	201-208	Wurtzel	_	_	_	
2-6	209-212	Phu	_	_	_	
2-7	213-221	Ponticum	_	_	_	
2-8	221-222	.	_	_	_	

#Text=Das vier und zwantzigſte Capitel.
3-1	227-230	Das	_	_	_	
3-2	231-235	vier	_	_	_	
3-3	236-239	und	_	_	_	
3-4	240-251	zwantzigſte	_	_	_	
3-5	252-259	Capitel	_	_	_	
3-6	259-260	.	_	_	_	

#Text=Von der Baͤrwurtz
#Text=.
4-1	263-266	Von	_	_	_	
4-2	267-270	der	_	_	_	
4-3	271-280	Baͤrwurtz	_	_	_	
4-4	281-282	.	_	_	_	

#Text=DJe Baͤrwurtz, Meum, dem die Al-
#Text=ten den Zunamen Athamanticum,
#Text=von dem Griechiſchen Gebirge Athaman-
#Text=the gegeben, iſt eine Wurtzel in der Di-
#Text=cke des kleinen Fingers, auswendig
#Text=
#Text=ſchwaͤrtzlicht, inwendig weißlicht, ſcharff
#Text=und ein wenig bitter, dabey eines ziem-
#Text=lich aromatiſchen Geruchs.
5-1	286-289	DJe	_	_	_	
5-2	290-299	Baͤrwurtz	Smell\_Source	_	_	
5-3	299-300	,	_	_	_	
5-4	301-305	Meum	_	_	_	
5-5	305-306	,	_	_	_	
5-6	307-310	dem	_	_	_	
5-7	311-314	die	_	_	_	
5-8	315-317	Al	_	_	_	
5-9	317-318	-	_	_	_	
5-10	319-322	ten	_	_	_	
5-11	323-326	den	_	_	_	
5-12	327-334	Zunamen	_	_	_	
5-13	335-347	Athamanticum	_	_	_	
5-14	347-348	,	_	_	_	
5-15	349-352	von	_	_	_	
5-16	353-356	dem	_	_	_	
5-17	357-369	Griechiſchen	_	_	_	
5-18	370-377	Gebirge	_	_	_	
5-19	378-385	Athaman	_	_	_	
5-20	385-386	-	_	_	_	
5-21	387-390	the	_	_	_	
5-22	391-398	gegeben	_	_	_	
5-23	398-399	,	_	_	_	
5-24	400-403	iſt	_	_	_	
5-25	404-408	eine	_	_	_	
5-26	409-416	Wurtzel	_	_	_	
5-27	417-419	in	_	_	_	
5-28	420-423	der	_	_	_	
5-29	424-426	Di	_	_	_	
5-30	426-427	-	_	_	_	
5-31	428-431	cke	_	_	_	
5-32	432-435	des	_	_	_	
5-33	436-443	kleinen	_	_	_	
5-34	444-451	Fingers	_	_	_	
5-35	451-452	,	_	_	_	
5-36	453-462	auswendig	_	_	_	
5-37	464-478	ſchwaͤrtzlicht	_	_	_	
5-38	478-479	,	_	_	_	
5-39	480-488	inwendig	_	_	_	
5-40	489-498	weißlicht	_	_	_	
5-41	498-499	,	_	_	_	
5-42	500-507	ſcharff	_	_	_	
5-43	508-511	und	_	_	_	
5-44	512-515	ein	_	_	_	
5-45	516-521	wenig	_	_	_	
5-46	522-528	bitter	_	_	_	
5-47	528-529	,	_	_	_	
5-48	530-535	dabey	_	_	_	
5-49	536-541	eines	_	_	_	
5-50	542-546	ziem	_	_	_	
5-51	546-547	-	_	_	_	
5-52	548-552	lich	_	_	_	
5-53	553-565	aromatiſchen	Quality	_	_	
5-54	566-573	Geruchs	Smell\_Word	*|*	5-53|5-2	
5-55	573-574	.	_	_	_	

#Text=Die Blaͤt-
#Text=ter gleichen den Fenchelblaͤttern, ſind
#Text=aber um ein gutes kleiner, vielmehr zer-
#Text=kerbet, und weit zaͤrter.
6-1	575-578	Die	_	_	_	
6-2	579-584	Blaͤt	_	_	_	
6-3	584-585	-	_	_	_	
6-4	586-589	ter	_	_	_	
6-5	590-598	gleichen	_	_	_	
6-6	599-602	den	_	_	_	
6-7	603-619	Fenchelblaͤttern	_	_	_	
6-8	619-620	,	_	_	_	
6-9	621-625	ſind	_	_	_	
6-10	626-630	aber	_	_	_	
6-11	631-633	um	_	_	_	
6-12	634-637	ein	_	_	_	
6-13	638-643	gutes	_	_	_	
6-14	644-651	kleiner	_	_	_	
6-15	651-652	,	_	_	_	
6-16	653-661	vielmehr	_	_	_	
6-17	662-665	zer	_	_	_	
6-18	665-666	-	_	_	_	
6-19	667-673	kerbet	_	_	_	
6-20	673-674	,	_	_	_	
6-21	675-678	und	_	_	_	
6-22	679-683	weit	_	_	_	
6-23	684-691	zaͤrter	_	_	_	
6-24	691-692	.	_	_	_	

#Text=Die Stengel,
#Text=ſo eines Fuſſes hoch, ſind mit Dolden
#Text=oder Kronen beſetzet, deren weiſſe
#Text=Bluͤmlein aus fuͤnff kleinen Blaͤttlein
#Text=beſtehen, nach welchen zwey braune
#Text=Samenkoͤrnlein kommen, die viel dicker,
#Text=
#Text=als der Fenchelſamen ſind, auch viel-
#Text=mehr Holkehlen haben.
7-1	693-696	Die	_	_	_	
7-2	697-704	Stengel	_	_	_	
7-3	704-705	,	_	_	_	
7-4	706-708	ſo	_	_	_	
7-5	709-714	eines	_	_	_	
7-6	715-721	Fuſſes	_	_	_	
7-7	722-726	hoch	_	_	_	
7-8	726-727	,	_	_	_	
7-9	728-732	ſind	_	_	_	
7-10	733-736	mit	_	_	_	
7-11	737-743	Dolden	_	_	_	
7-12	744-748	oder	_	_	_	
7-13	749-755	Kronen	_	_	_	
7-14	756-764	beſetzet	_	_	_	
7-15	764-765	,	_	_	_	
7-16	766-771	deren	_	_	_	
7-17	772-778	weiſſe	_	_	_	
7-18	779-788	Bluͤmlein	_	_	_	
7-19	789-792	aus	_	_	_	
7-20	793-799	fuͤnff	_	_	_	
7-21	800-807	kleinen	_	_	_	
7-22	808-818	Blaͤttlein	_	_	_	
7-23	819-827	beſtehen	_	_	_	
7-24	827-828	,	_	_	_	
7-25	829-833	nach	_	_	_	
7-26	834-841	welchen	_	_	_	
7-27	842-846	zwey	_	_	_	
7-28	847-853	braune	_	_	_	
7-29	854-868	Samenkoͤrnlein	_	_	_	
7-30	869-875	kommen	_	_	_	
7-31	875-876	,	_	_	_	
7-32	877-880	die	_	_	_	
7-33	881-885	viel	_	_	_	
7-34	886-892	dicker	_	_	_	
7-35	892-893	,	_	_	_	
7-36	895-898	als	_	_	_	
7-37	899-902	der	_	_	_	
7-38	903-915	Fenchelſamen	_	_	_	
7-39	916-920	ſind	_	_	_	
7-40	920-921	,	_	_	_	
7-41	922-926	auch	_	_	_	
7-42	927-931	viel	_	_	_	
7-43	931-932	-	_	_	_	
7-44	933-937	mehr	_	_	_	
7-45	938-947	Holkehlen	_	_	_	
7-46	948-953	haben	_	_	_	
7-47	953-954	.	_	_	_	

#Text=Dieſes hat et-
#Text=liche veranlaſſet zu glauben, es ſey das
#Text=Meum eine Gattung des Fenchels oder
#Text=Dille, daher ſie es auch Fœniculum con-
#Text=tortum, zuſammen gedreheten Fen-
#Text=chel geheiſſen.
8-1	955-961	Dieſes	_	_	_	
8-2	962-965	hat	_	_	_	
8-3	966-968	et	_	_	_	
8-4	968-969	-	_	_	_	
8-5	970-975	liche	_	_	_	
8-6	976-987	veranlaſſet	_	_	_	
8-7	988-990	zu	_	_	_	
8-8	991-998	glauben	_	_	_	
8-9	998-999	,	_	_	_	
8-10	1000-1002	es	_	_	_	
8-11	1003-1006	ſey	_	_	_	
8-12	1007-1010	das	_	_	_	
8-13	1011-1015	Meum	_	_	_	
8-14	1016-1020	eine	_	_	_	
8-15	1021-1028	Gattung	_	_	_	
8-16	1029-1032	des	_	_	_	
8-17	1033-1041	Fenchels	_	_	_	
8-18	1042-1046	oder	_	_	_	
8-19	1047-1052	Dille	_	_	_	
8-20	1052-1053	,	_	_	_	
8-21	1054-1059	daher	_	_	_	
8-22	1060-1063	ſie	_	_	_	
8-23	1064-1066	es	_	_	_	
8-24	1067-1071	auch	_	_	_	
8-25	1072-1081	Fœniculum	_	_	_	
8-26	1082-1085	con	_	_	_	
8-27	1085-1086	-	_	_	_	
8-28	1087-1093	tortum	_	_	_	
8-29	1093-1094	,	_	_	_	
8-30	1095-1103	zuſammen	_	_	_	
8-31	1104-1114	gedreheten	_	_	_	
8-32	1115-1118	Fen	_	_	_	
8-33	1118-1119	-	_	_	_	
8-34	1120-1124	chel	_	_	_	
8-35	1125-1134	geheiſſen	_	_	_	
8-36	1134-1135	.	_	_	_	

#Text=Siehe Fig.
#Text=72.
9-1	1138-1143	Siehe	_	_	_	
9-2	1144-1147	Fig	_	_	_	
9-3	1147-1148	.	_	_	_	
9-4	1149-1151	72	_	_	_	
9-5	1151-1152	.	_	_	_	

#Text=Die Wurtzel des Mei dient wider den
#Text=Gift/ und iſt deswegen wohlgethan,
#Text=daß ſie zum Theriac genommen wird.
10-1	1155-1158	Die	_	_	_	
10-2	1159-1166	Wurtzel	_	_	_	
10-3	1167-1170	des	_	_	_	
10-4	1171-1174	Mei	_	_	_	
10-5	1175-1180	dient	_	_	_	
10-6	1181-1186	wider	_	_	_	
10-7	1187-1190	den	_	_	_	
10-8	1191-1195	Gift	_	_	_	
10-9	1195-1196	/	_	_	_	
10-10	1197-1200	und	_	_	_	
10-11	1201-1204	iſt	_	_	_	
10-12	1205-1213	deswegen	_	_	_	
10-13	1214-1224	wohlgethan	_	_	_	
10-14	1224-1225	,	_	_	_	
10-15	1226-1229	daß	_	_	_	
10-16	1230-1233	ſie	_	_	_	
10-17	1234-1237	zum	_	_	_	
10-18	1238-1245	Theriac	_	_	_	
10-19	1246-1254	genommen	_	_	_	
10-20	1255-1259	wird	_	_	_	
10-21	1259-1260	.	_	_	_	

#Text=Sie iſt auch ein Schweiß- und Harn-
#Text=treibend Mittel.
11-1	1263-1266	Sie	_	_	_	
11-2	1267-1270	iſt	_	_	_	
11-3	1271-1275	auch	_	_	_	
11-4	1276-1279	ein	_	_	_	
11-5	1280-1287	Schweiß	_	_	_	
11-6	1287-1288	-	_	_	_	
11-7	1289-1292	und	_	_	_	
11-8	1293-1297	Harn	_	_	_	
11-9	1297-1298	-	_	_	_	
11-10	1299-1307	treibend	_	_	_	
11-11	1308-1314	Mittel	_	_	_	
11-12	1314-1315	.	_	_	_	
