#FORMAT=WebAnno TSV 3.3
#T_SP=custom.Span|label
#T_SP=webanno.custom.Emotions|Label
#T_RL=custom.Relation|label|BT_custom.Span


#Text=Cependant la princesse Carathis était dans la plus vive douleur.
1-1	0-9	Cependant	_	_	_	_	
1-2	10-12	la	_	_	_	_	
1-3	13-22	princesse	_	_	_	_	
1-4	23-31	Carathis	_	_	_	_	
1-5	32-37	était	_	_	_	_	
1-6	38-42	dans	_	_	_	_	
1-7	43-45	la	_	_	_	_	
1-8	46-50	plus	_	_	_	_	
1-9	51-55	vive	_	_	_	_	
1-10	56-63	douleur	_	_	_	_	
1-11	63-64	.	_	_	_	_	

#Text=Elle se renfermait tous les jours avec le visir Morakanabad, pour chercher les moyens de guérir, ou du moins de soulager le malade.
2-1	65-69	Elle	_	_	_	_	
2-2	70-72	se	_	_	_	_	
2-3	73-83	renfermait	_	_	_	_	
2-4	84-88	tous	_	_	_	_	
2-5	89-92	les	_	_	_	_	
2-6	93-98	jours	_	_	_	_	
2-7	99-103	avec	_	_	_	_	
2-8	104-106	le	_	_	_	_	
2-9	107-112	visir	_	_	_	_	
2-10	113-124	Morakanabad	_	_	_	_	
2-11	124-125	,	_	_	_	_	
2-12	126-130	pour	_	_	_	_	
2-13	131-139	chercher	_	_	_	_	
2-14	140-143	les	_	_	_	_	
2-15	144-150	moyens	_	_	_	_	
2-16	151-153	de	_	_	_	_	
2-17	154-160	guérir	_	_	_	_	
2-18	160-161	,	_	_	_	_	
2-19	162-164	ou	_	_	_	_	
2-20	165-167	du	_	_	_	_	
2-21	168-173	moins	_	_	_	_	
2-22	174-176	de	_	_	_	_	
2-23	177-185	soulager	_	_	_	_	
2-24	186-188	le	_	_	_	_	
2-25	189-195	malade	_	_	_	_	
2-26	195-196	.	_	_	_	_	

#Text=Persuadés qu'il y avait de l'enchantement, ils feuilletaient ensemble tous les livres de magie, et faisaient chercher partout l'horrible étranger qu'ils accusaient d'être l'auteur du charme.
3-1	197-206	Persuadés	_	_	_	_	
3-2	207-212	qu'il	_	_	_	_	
3-3	213-214	y	_	_	_	_	
3-4	215-220	avait	_	_	_	_	
3-5	221-223	de	_	_	_	_	
3-6	224-238	l'enchantement	_	_	_	_	
3-7	238-239	,	_	_	_	_	
3-8	240-243	ils	_	_	_	_	
3-9	244-257	feuilletaient	_	_	_	_	
3-10	258-266	ensemble	_	_	_	_	
3-11	267-271	tous	_	_	_	_	
3-12	272-275	les	_	_	_	_	
3-13	276-282	livres	_	_	_	_	
3-14	283-285	de	_	_	_	_	
3-15	286-291	magie	_	_	_	_	
3-16	291-292	,	_	_	_	_	
3-17	293-295	et	_	_	_	_	
3-18	296-305	faisaient	_	_	_	_	
3-19	306-314	chercher	_	_	_	_	
3-20	315-322	partout	_	_	_	_	
3-21	323-333	l'horrible	_	_	_	_	
3-22	334-342	étranger	_	_	_	_	
3-23	343-349	qu'ils	_	_	_	_	
3-24	350-360	accusaient	_	_	_	_	
3-25	361-367	d'être	_	_	_	_	
3-26	368-376	l'auteur	_	_	_	_	
3-27	377-379	du	_	_	_	_	
3-28	380-386	charme	_	_	_	_	
3-29	386-387	.	_	_	_	_	

#Text=À quelques milles de Samarah, était une haute montagne couverte de thym et de serpolet; une plaine délicieuse en couronnait le sommet; on l'aurait prise pour le paradis destinés aux fidèles musulmans.
4-1	388-389	À	Location[1]	_	_	_	
4-2	390-398	quelques	Location[1]	_	_	_	
4-3	399-405	milles	Location[1]	_	_	_	
4-4	406-408	de	Location[1]	_	_	_	
4-5	409-416	Samarah	Location[1]	_	_	_	
4-6	416-417	,	_	_	_	_	
4-7	418-423	était	_	_	_	_	
4-8	424-427	une	Location[2]	_	_	_	
4-9	428-433	haute	Location[2]	_	_	_	
4-10	434-442	montagne	Location[2]	_	_	_	
4-11	443-451	couverte	_	_	_	_	
4-12	452-454	de	_	_	_	_	
4-13	455-459	thym	_	_	_	_	
4-14	460-462	et	_	_	_	_	
4-15	463-465	de	_	_	_	_	
4-16	466-474	serpolet	_	_	_	_	
4-17	474-475	;	_	_	_	_	
4-18	476-479	une	_	_	_	_	
4-19	480-486	plaine	_	_	_	_	
4-20	487-497	délicieuse	_	_	_	_	
4-21	498-500	en	_	_	_	_	
4-22	501-511	couronnait	_	_	_	_	
4-23	512-514	le	_	_	_	_	
4-24	515-521	sommet	_	_	_	_	
4-25	521-522	;	_	_	_	_	
4-26	523-525	on	_	_	_	_	
4-27	526-534	l'aurait	_	_	_	_	
4-28	535-540	prise	_	_	_	_	
4-29	541-545	pour	_	_	_	_	
4-30	546-548	le	_	_	_	_	
4-31	549-556	paradis	_	_	_	_	
4-32	557-565	destinés	_	_	_	_	
4-33	566-569	aux	_	_	_	_	
4-34	570-577	fidèles	_	_	_	_	
4-35	578-587	musulmans	_	_	_	_	
4-36	587-588	.	_	_	_	_	

#Text=Cent bosquets d'arbustes odoriférants, et autant de bocages où l'oranger, le cèdre et le citronnier offraient, en s'entrelaçant avec le palmier, la vigne et le grenadier, de quoi satisfaire également le goût et l'odorat.
5-1	589-593	Cent	_	_	_	_	
5-2	594-602	bosquets	_	_	_	_	
5-3	603-613	d'arbustes	Smell\_Source	_	_	_	
5-4	614-626	odoriférants	Smell\_Word	_	*|*|*	5-3|4-1[1_0]|4-8[2_0]	
5-5	626-627	,	_	_	_	_	
5-6	628-630	et	_	_	_	_	
5-7	631-637	autant	_	_	_	_	
5-8	638-640	de	_	_	_	_	
5-9	641-648	bocages	_	_	_	_	
5-10	649-651	où	_	_	_	_	
5-11	652-661	l'oranger	_	_	_	_	
5-12	661-662	,	_	_	_	_	
5-13	663-665	le	_	_	_	_	
5-14	666-671	cèdre	_	_	_	_	
5-15	672-674	et	_	_	_	_	
5-16	675-677	le	_	_	_	_	
5-17	678-688	citronnier	_	_	_	_	
5-18	689-698	offraient	_	_	_	_	
5-19	698-699	,	_	_	_	_	
5-20	700-702	en	_	_	_	_	
5-21	703-716	s'entrelaçant	_	_	_	_	
5-22	717-721	avec	_	_	_	_	
5-23	722-724	le	_	_	_	_	
5-24	725-732	palmier	Smell\_Source	_	_	_	
5-25	732-733	,	_	_	_	_	
5-26	734-736	la	_	_	_	_	
5-27	737-742	vigne	Smell\_Source	_	_	_	
5-28	743-745	et	_	_	_	_	
5-29	746-748	le	_	_	_	_	
5-30	749-758	grenadier	Smell\_Source	_	_	_	
5-31	758-759	,	_	_	_	_	
5-32	760-762	de	_	_	_	_	
5-33	763-767	quoi	_	_	_	_	
5-34	768-778	satisfaire	_	Desire	_	_	
5-35	779-788	également	_	_	_	_	
5-36	789-791	le	_	_	_	_	
5-37	792-796	goût	_	_	_	_	
5-38	797-799	et	_	_	_	_	
5-39	800-808	l'odorat	Smell\_Word	_	*|*|*	5-30|5-27|5-24	
5-40	808-809	.	_	_	_	_	

#Text=La terre y était jonchée de violettes; des touffes de giroflées embaumaient l'air de leurs doux parfums.
6-1	810-812	La	_	_	_	_	
6-2	813-818	terre	_	_	_	_	
6-3	819-820	y	_	_	_	_	
6-4	821-826	était	_	_	_	_	
6-5	827-834	jonchée	_	_	_	_	
6-6	835-837	de	_	_	_	_	
6-7	838-847	violettes	_	_	_	_	
6-8	847-848	;	_	_	_	_	
6-9	849-852	des	_	_	_	_	
6-10	853-860	touffes	Smell\_Source[3]	_	Anaphoric	6-16[0_3]	
6-11	861-863	de	Smell\_Source[3]	_	_	_	
6-12	864-873	giroflées	Smell\_Source[3]	_	_	_	
6-13	874-885	embaumaient	Smell\_Word	_	*|*	6-14|6-10[3_0]	
6-14	886-891	l'air	Odour\_Carrier	_	_	_	
6-15	892-894	de	_	_	_	_	
6-16	895-900	leurs	Smell\_Source	_	_	_	
6-17	901-905	doux	Quality	_	_	_	
6-18	906-913	parfums	Smell\_Word	_	*|*	6-17|6-13	
6-19	913-914	.	_	_	_	_	

#Text=Quatre sources claires, et si abondantes qu'elles auraient pu désaltérer dix armées, ne semblaient couler en ce lieu que pour mieux imiter le jardin d'éden arrosé des fleuves sacrés.
7-1	915-921	Quatre	_	_	_	_	
7-2	922-929	sources	_	_	_	_	
7-3	930-937	claires	_	_	_	_	
7-4	937-938	,	_	_	_	_	
7-5	939-941	et	_	_	_	_	
7-6	942-944	si	_	_	_	_	
7-7	945-955	abondantes	_	_	_	_	
7-8	956-964	qu'elles	_	_	_	_	
7-9	965-973	auraient	_	_	_	_	
7-10	974-976	pu	_	_	_	_	
7-11	977-987	désaltérer	_	_	_	_	
7-12	988-991	dix	_	_	_	_	
7-13	992-998	armées	_	_	_	_	
7-14	998-999	,	_	_	_	_	
7-15	1000-1002	ne	_	_	_	_	
7-16	1003-1013	semblaient	_	_	_	_	
7-17	1014-1020	couler	_	_	_	_	
7-18	1021-1023	en	_	_	_	_	
7-19	1024-1026	ce	_	_	_	_	
7-20	1027-1031	lieu	_	_	_	_	
7-21	1032-1035	que	_	_	_	_	
7-22	1036-1040	pour	_	_	_	_	
7-23	1041-1046	mieux	_	_	_	_	
7-24	1047-1053	imiter	_	_	_	_	
7-25	1054-1056	le	_	_	_	_	
7-26	1057-1063	jardin	_	_	_	_	
7-27	1064-1070	d'éden	_	_	_	_	
7-28	1071-1077	arrosé	_	_	_	_	
7-29	1078-1081	des	_	_	_	_	
7-30	1082-1089	fleuves	_	_	_	_	
7-31	1090-1096	sacrés	_	_	_	_	
7-32	1096-1097	.	_	_	_	_	

#Text=Sur leurs bords verdoyants, le rossignol chantait la naissance de la rose, sa bien-aimée, et se plaignait du peu de durée de ses charmes; la tourterelle déplorait la perte de plaisirs plus réels, tandis que l'alouette saluait par ses chants la lumière qui ranime la nature: là plus qu'en aucun lieu du monde, le gazouillement des oiseaux exprimait leurs diverses passions; les fruits délicieux qu'ils becquetaient à plaisir semblaient leur donner une double énergie.
8-1	1098-1101	Sur	_	_	_	_	
8-2	1102-1107	leurs	_	_	_	_	
8-3	1108-1113	bords	_	_	_	_	
8-4	1114-1124	verdoyants	_	_	_	_	
8-5	1124-1125	,	_	_	_	_	
8-6	1126-1128	le	_	_	_	_	
8-7	1129-1138	rossignol	_	_	_	_	
8-8	1139-1147	chantait	_	_	_	_	
8-9	1148-1150	la	_	_	_	_	
8-10	1151-1160	naissance	_	_	_	_	
8-11	1161-1163	de	_	_	_	_	
8-12	1164-1166	la	_	_	_	_	
8-13	1167-1171	rose	_	_	_	_	
8-14	1171-1172	,	_	_	_	_	
8-15	1173-1175	sa	_	_	_	_	
8-16	1176-1186	bien-aimée	_	_	_	_	
8-17	1186-1187	,	_	_	_	_	
8-18	1188-1190	et	_	_	_	_	
8-19	1191-1193	se	_	_	_	_	
8-20	1194-1203	plaignait	_	_	_	_	
8-21	1204-1206	du	_	_	_	_	
8-22	1207-1210	peu	_	_	_	_	
8-23	1211-1213	de	_	_	_	_	
8-24	1214-1219	durée	_	_	_	_	
8-25	1220-1222	de	_	_	_	_	
8-26	1223-1226	ses	_	_	_	_	
8-27	1227-1234	charmes	_	_	_	_	
8-28	1234-1235	;	_	_	_	_	
8-29	1236-1238	la	_	_	_	_	
8-30	1239-1250	tourterelle	_	_	_	_	
8-31	1251-1260	déplorait	_	_	_	_	
8-32	1261-1263	la	_	_	_	_	
8-33	1264-1269	perte	_	_	_	_	
8-34	1270-1272	de	_	_	_	_	
8-35	1273-1281	plaisirs	_	_	_	_	
8-36	1282-1286	plus	_	_	_	_	
8-37	1287-1292	réels	_	_	_	_	
8-38	1292-1293	,	_	_	_	_	
8-39	1294-1300	tandis	_	_	_	_	
8-40	1301-1304	que	_	_	_	_	
8-41	1305-1315	l'alouette	_	_	_	_	
8-42	1316-1323	saluait	_	_	_	_	
8-43	1324-1327	par	_	_	_	_	
8-44	1328-1331	ses	_	_	_	_	
8-45	1332-1338	chants	_	_	_	_	
8-46	1339-1341	la	_	_	_	_	
8-47	1342-1349	lumière	_	_	_	_	
8-48	1350-1353	qui	_	_	_	_	
8-49	1354-1360	ranime	_	_	_	_	
8-50	1361-1363	la	_	_	_	_	
8-51	1364-1370	nature	_	_	_	_	
8-52	1370-1371	:	_	_	_	_	
8-53	1372-1374	là	_	_	_	_	
8-54	1375-1379	plus	_	_	_	_	
8-55	1380-1385	qu'en	_	_	_	_	
8-56	1386-1391	aucun	_	_	_	_	
8-57	1392-1396	lieu	_	_	_	_	
8-58	1397-1399	du	_	_	_	_	
8-59	1400-1405	monde	_	_	_	_	
8-60	1405-1406	,	_	_	_	_	
8-61	1407-1409	le	_	_	_	_	
8-62	1410-1423	gazouillement	_	_	_	_	
8-63	1424-1427	des	_	_	_	_	
8-64	1428-1435	oiseaux	_	_	_	_	
8-65	1436-1445	exprimait	_	_	_	_	
8-66	1446-1451	leurs	_	_	_	_	
8-67	1452-1460	diverses	_	_	_	_	
8-68	1461-1469	passions	_	_	_	_	
8-69	1469-1470	;	_	_	_	_	
8-70	1471-1474	les	_	_	_	_	
8-71	1475-1481	fruits	_	_	_	_	
8-72	1482-1491	délicieux	_	_	_	_	
8-73	1492-1498	qu'ils	_	_	_	_	
8-74	1499-1511	becquetaient	_	_	_	_	
8-75	1512-1513	à	_	_	_	_	
8-76	1514-1521	plaisir	_	_	_	_	
8-77	1522-1532	semblaient	_	_	_	_	
8-78	1533-1537	leur	_	_	_	_	
8-79	1538-1544	donner	_	_	_	_	
8-80	1545-1548	une	_	_	_	_	
8-81	1549-1555	double	_	_	_	_	
8-82	1556-1563	énergie	_	_	_	_	
8-83	1563-1564	.	_	_	_	_	
