#FORMAT=WebAnno TSV 3.3


#Text=15 Venit itaque ad regem, et ait illi rex : Michæa, ire debemus in Ramoth Galaad ad præliandum, an cessare ?
1-1	2-4	15	
1-2	5-10	Venit	
1-3	11-17	itaque	
1-4	18-20	ad	
1-5	21-26	regem	
1-6	26-27	,	
1-7	28-30	et	
1-8	31-34	ait	
1-9	35-39	illi	
1-10	40-43	rex	
1-11	44-45	:	
1-12	46-52	Michæa	
1-13	52-53	,	
1-14	54-57	ire	
1-15	58-65	debemus	
1-16	66-68	in	
1-17	69-75	Ramoth	
1-18	76-82	Galaad	
1-19	83-85	ad	
1-20	86-96	præliandum	
1-21	96-97	,	
1-22	98-100	an	
1-23	101-108	cessare	
1-24	109-110	?	

#Text=Cui ille respondit : Ascende, et vade prospere, et tradet eam Dominus in manus regis.
#Text=16 Dixit autem rex ad eum : Iterum atque iterum adjuro te, ut non loquaris mihi nisi quod verum est, in nomine Domini.
#Text=17 Et ille ait : Vidi cunctum Israël dispersum in montibus, quasi oves non habentes pastorem.
2-1	111-114	Cui	
2-2	115-119	ille	
2-3	120-129	respondit	
2-4	130-131	:	
2-5	132-139	Ascende	
2-6	139-140	,	
2-7	141-143	et	
2-8	144-148	vade	
2-9	149-157	prospere	
2-10	157-158	,	
2-11	159-161	et	
2-12	162-168	tradet	
2-13	169-172	eam	
2-14	173-180	Dominus	
2-15	181-183	in	
2-16	184-189	manus	
2-17	190-195	regis	
2-18	195-196	.	
2-19	197-199	16	
2-20	200-205	Dixit	
2-21	206-211	autem	
2-22	212-215	rex	
2-23	216-218	ad	
2-24	219-222	eum	
2-25	223-224	:	
2-26	225-231	Iterum	
2-27	232-237	atque	
2-28	238-244	iterum	
2-29	245-251	adjuro	
2-30	252-254	te	
2-31	254-255	,	
2-32	256-258	ut	
2-33	259-262	non	
2-34	263-271	loquaris	
2-35	272-276	mihi	
2-36	277-281	nisi	
2-37	282-286	quod	
2-38	287-292	verum	
2-39	293-296	est	
2-40	296-297	,	
2-41	298-300	in	
2-42	301-307	nomine	
2-43	308-314	Domini	
2-44	314-315	.	
2-45	316-318	17	
2-46	319-321	Et	
2-47	322-326	ille	
2-48	327-330	ait	
2-49	331-332	:	
2-50	333-337	Vidi	
2-51	338-345	cunctum	
2-52	346-352	Israël	
2-53	353-362	dispersum	
2-54	363-365	in	
2-55	366-374	montibus	
2-56	374-375	,	
2-57	376-381	quasi	
2-58	382-386	oves	
2-59	387-390	non	
2-60	391-399	habentes	
2-61	400-408	pastorem	
2-62	408-409	.	

#Text=Et ait Dominus : Non habent isti dominum : revertatur unusquisque in domum suam in pace.
#Text=18 (Dixit ergo rex Israël ad Josaphat : Numquid non dixi tibi, quia non prophetat mihi bonum, sed semper malum ?)
3-1	410-412	Et	
3-2	413-416	ait	
3-3	417-424	Dominus	
3-4	425-426	:	
3-5	427-430	Non	
3-6	431-437	habent	
3-7	438-442	isti	
3-8	443-450	dominum	
3-9	451-452	:	
3-10	453-463	revertatur	
3-11	464-475	unusquisque	
3-12	476-478	in	
3-13	479-484	domum	
3-14	485-489	suam	
3-15	490-492	in	
3-16	493-497	pace	
3-17	497-498	.	
3-18	499-501	18	
3-19	502-503	(	
3-20	503-508	Dixit	
3-21	509-513	ergo	
3-22	514-517	rex	
3-23	518-524	Israël	
3-24	525-527	ad	
3-25	528-536	Josaphat	
3-26	537-538	:	
3-27	539-546	Numquid	
3-28	547-550	non	
3-29	551-555	dixi	
3-30	556-560	tibi	
3-31	560-561	,	
3-32	562-566	quia	
3-33	567-570	non	
3-34	571-580	prophetat	
3-35	581-585	mihi	
3-36	586-591	bonum	
3-37	591-592	,	
3-38	593-596	sed	
3-39	597-603	semper	
3-40	604-609	malum	
3-41	610-611	?	
3-42	611-612	)	

#Text=19 Ille vero addens, ait : Propterea audi sermonem Domini : vidi Dominum sedentem super solium suum, et omnem exercitum cæli assistentem ei a dextris et a sinistris : 20 et ait Dominus : Quis decipiet Achab regem Israël, ut ascendat, et cadat in Ramoth Galaad ?
4-1	613-615	19	
4-2	616-620	Ille	
4-3	621-625	vero	
4-4	626-632	addens	
4-5	632-633	,	
4-6	634-637	ait	
4-7	638-639	:	
4-8	640-649	Propterea	
4-9	650-654	audi	
4-10	655-663	sermonem	
4-11	664-670	Domini	
4-12	671-672	:	
4-13	673-677	vidi	
4-14	678-685	Dominum	
4-15	686-694	sedentem	
4-16	695-700	super	
4-17	701-707	solium	
4-18	708-712	suum	
4-19	712-713	,	
4-20	714-716	et	
4-21	717-722	omnem	
4-22	723-732	exercitum	
4-23	733-737	cæli	
4-24	738-749	assistentem	
4-25	750-752	ei	
4-26	753-754	a	
4-27	755-762	dextris	
4-28	763-765	et	
4-29	766-767	a	
4-30	768-777	sinistris	
4-31	778-779	:	
4-32	780-782	20	
4-33	783-785	et	
4-34	786-789	ait	
4-35	790-797	Dominus	
4-36	798-799	:	
4-37	800-804	Quis	
4-38	805-813	decipiet	
4-39	814-819	Achab	
4-40	820-825	regem	
4-41	826-832	Israël	
4-42	832-833	,	
4-43	834-836	ut	
4-44	837-845	ascendat	
4-45	845-846	,	
4-46	847-849	et	
4-47	850-855	cadat	
4-48	856-858	in	
4-49	859-865	Ramoth	
4-50	866-872	Galaad	
4-51	873-874	?	

#Text=Et dixit unus verba hujuscemodi, et alius aliter.
#Text=21 Egressus est autem spiritus, et stetit coram Domino, et ait : Ego decipiam illum.
5-1	875-877	Et	
5-2	878-883	dixit	
5-3	884-888	unus	
5-4	889-894	verba	
5-5	895-906	hujuscemodi	
5-6	906-907	,	
5-7	908-910	et	
5-8	911-916	alius	
5-9	917-923	aliter	
5-10	923-924	.	
5-11	925-927	21	
5-12	928-936	Egressus	
5-13	937-940	est	
5-14	941-946	autem	
5-15	947-955	spiritus	
5-16	955-956	,	
5-17	957-959	et	
5-18	960-966	stetit	
5-19	967-972	coram	
5-20	973-979	Domino	
5-21	979-980	,	
5-22	981-983	et	
5-23	984-987	ait	
5-24	988-989	:	
5-25	990-993	Ego	
5-26	994-1002	decipiam	
5-27	1003-1008	illum	
5-28	1008-1009	.	

#Text=Cui locutus est Dominus : In quo ?
6-1	1010-1013	Cui	
6-2	1014-1021	locutus	
6-3	1022-1025	est	
6-4	1026-1033	Dominus	
6-5	1034-1035	:	
6-6	1036-1038	In	
6-7	1039-1042	quo	
6-8	1043-1044	?	

#Text=22 Et ille ait : Egrediar, et ero spiritus mendax in ore omnium prophetarum ejus.
7-1	1045-1047	22	
7-2	1048-1050	Et	
7-3	1051-1055	ille	
7-4	1056-1059	ait	
7-5	1060-1061	:	
7-6	1062-1070	Egrediar	
7-7	1070-1071	,	
7-8	1072-1074	et	
7-9	1075-1078	ero	
7-10	1079-1087	spiritus	
7-11	1088-1094	mendax	
7-12	1095-1097	in	
7-13	1098-1101	ore	
7-14	1102-1108	omnium	
7-15	1109-1120	prophetarum	
7-16	1121-1125	ejus	
7-17	1125-1126	.	

#Text=Et dixit Dominus : Decipies, et prævalebis : egredere, et fac ita.
#Text=23 Nunc igitur ecce dedit Dominus spiritum mendacii in ore omnium prophetarum tuorum, qui hic sunt, et Dominus locutus est contra te malum.
#Text=24 Accessit autem Sedecias filius Chanaana, et percussit Michæam in maxillam, et dixit : Mene ergo dimisit spiritus Domini, et locutus est tibi ?
8-1	1127-1129	Et	
8-2	1130-1135	dixit	
8-3	1136-1143	Dominus	
8-4	1144-1145	:	
8-5	1146-1154	Decipies	
8-6	1154-1155	,	
8-7	1156-1158	et	
8-8	1159-1169	prævalebis	
8-9	1170-1171	:	
8-10	1172-1180	egredere	
8-11	1180-1181	,	
8-12	1182-1184	et	
8-13	1185-1188	fac	
8-14	1189-1192	ita	
8-15	1192-1193	.	
8-16	1194-1196	23	
8-17	1197-1201	Nunc	
8-18	1202-1208	igitur	
8-19	1209-1213	ecce	
8-20	1214-1219	dedit	
8-21	1220-1227	Dominus	
8-22	1228-1236	spiritum	
8-23	1237-1245	mendacii	
8-24	1246-1248	in	
8-25	1249-1252	ore	
8-26	1253-1259	omnium	
8-27	1260-1271	prophetarum	
8-28	1272-1278	tuorum	
8-29	1278-1279	,	
8-30	1280-1283	qui	
8-31	1284-1287	hic	
8-32	1288-1292	sunt	
8-33	1292-1293	,	
8-34	1294-1296	et	
8-35	1297-1304	Dominus	
8-36	1305-1312	locutus	
8-37	1313-1316	est	
8-38	1317-1323	contra	
8-39	1324-1326	te	
8-40	1327-1332	malum	
8-41	1332-1333	.	
8-42	1334-1336	24	
8-43	1337-1345	Accessit	
8-44	1346-1351	autem	
8-45	1352-1360	Sedecias	
8-46	1361-1367	filius	
8-47	1368-1376	Chanaana	
8-48	1376-1377	,	
8-49	1378-1380	et	
8-50	1381-1390	percussit	
8-51	1391-1398	Michæam	
8-52	1399-1401	in	
8-53	1402-1410	maxillam	
8-54	1410-1411	,	
8-55	1412-1414	et	
8-56	1415-1420	dixit	
8-57	1421-1422	:	
8-58	1423-1427	Mene	
8-59	1428-1432	ergo	
8-60	1433-1440	dimisit	
8-61	1441-1449	spiritus	
8-62	1450-1456	Domini	
8-63	1456-1457	,	
8-64	1458-1460	et	
8-65	1461-1468	locutus	
8-66	1469-1472	est	
8-67	1473-1477	tibi	
8-68	1478-1479	?	

#Text=25 Et ait Michæas : Visurus es in die illa quando ingredieris cubiculum intra cubiculum ut abscondaris.
#Text=26 Et ait rex Israël : Tollite Michæam, et maneat apud Amon principem civitatis, et apud Joas filium Amelech, 27 et dicite eis : Hæc dicit rex : Mittite virum istum in carcerem, et sustentate eum pane tribulationis, et aqua angustiæ, donec revertar in pace.
#Text=28 Dixitque Michæas : Si reversus fueris in pace, non est locutus in me Dominus.
9-1	1480-1482	25	
9-2	1483-1485	Et	
9-3	1486-1489	ait	
9-4	1490-1497	Michæas	
9-5	1498-1499	:	
9-6	1500-1507	Visurus	
9-7	1508-1510	es	
9-8	1511-1513	in	
9-9	1514-1517	die	
9-10	1518-1522	illa	
9-11	1523-1529	quando	
9-12	1530-1541	ingredieris	
9-13	1542-1551	cubiculum	
9-14	1552-1557	intra	
9-15	1558-1567	cubiculum	
9-16	1568-1570	ut	
9-17	1571-1582	abscondaris	
9-18	1582-1583	.	
9-19	1584-1586	26	
9-20	1587-1589	Et	
9-21	1590-1593	ait	
9-22	1594-1597	rex	
9-23	1598-1604	Israël	
9-24	1605-1606	:	
9-25	1607-1614	Tollite	
9-26	1615-1622	Michæam	
9-27	1622-1623	,	
9-28	1624-1626	et	
9-29	1627-1633	maneat	
9-30	1634-1638	apud	
9-31	1639-1643	Amon	
9-32	1644-1653	principem	
9-33	1654-1663	civitatis	
9-34	1663-1664	,	
9-35	1665-1667	et	
9-36	1668-1672	apud	
9-37	1673-1677	Joas	
9-38	1678-1684	filium	
9-39	1685-1692	Amelech	
9-40	1692-1693	,	
9-41	1694-1696	27	
9-42	1697-1699	et	
9-43	1700-1706	dicite	
9-44	1707-1710	eis	
9-45	1711-1712	:	
9-46	1713-1716	Hæc	
9-47	1717-1722	dicit	
9-48	1723-1726	rex	
9-49	1727-1728	:	
9-50	1729-1736	Mittite	
9-51	1737-1742	virum	
9-52	1743-1748	istum	
9-53	1749-1751	in	
9-54	1752-1760	carcerem	
9-55	1760-1761	,	
9-56	1762-1764	et	
9-57	1765-1775	sustentate	
9-58	1776-1779	eum	
9-59	1780-1784	pane	
9-60	1785-1798	tribulationis	
9-61	1798-1799	,	
9-62	1800-1802	et	
9-63	1803-1807	aqua	
9-64	1808-1816	angustiæ	
9-65	1816-1817	,	
9-66	1818-1823	donec	
9-67	1824-1832	revertar	
9-68	1833-1835	in	
9-69	1836-1840	pace	
9-70	1840-1841	.	
9-71	1842-1844	28	
9-72	1845-1853	Dixitque	
9-73	1854-1861	Michæas	
9-74	1862-1863	:	
9-75	1864-1866	Si	
9-76	1867-1875	reversus	
9-77	1876-1882	fueris	
9-78	1883-1885	in	
9-79	1886-1890	pace	
9-80	1890-1891	,	
9-81	1892-1895	non	
9-82	1896-1899	est	
9-83	1900-1907	locutus	
9-84	1908-1910	in	
9-85	1911-1913	me	
9-86	1914-1921	Dominus	
9-87	1921-1922	.	

#Text=Et ait : Audite, populi omnes.
#Text=29 Ascendit itaque rex Israël, et Josaphat rex Juda, in Ramoth Galaad.
#Text=30 Dixit itaque rex Israël ad Josaphat : Sume arma, et ingredere prælium, et induere vestibus tuis.
10-1	1923-1925	Et	
10-2	1926-1929	ait	
10-3	1930-1931	:	
10-4	1932-1938	Audite	
10-5	1938-1939	,	
10-6	1940-1946	populi	
10-7	1947-1952	omnes	
10-8	1952-1953	.	
10-9	1954-1956	29	
10-10	1957-1965	Ascendit	
10-11	1966-1972	itaque	
10-12	1973-1976	rex	
10-13	1977-1983	Israël	
10-14	1983-1984	,	
10-15	1985-1987	et	
10-16	1988-1996	Josaphat	
10-17	1997-2000	rex	
10-18	2001-2005	Juda	
10-19	2005-2006	,	
10-20	2007-2009	in	
10-21	2010-2016	Ramoth	
10-22	2017-2023	Galaad	
10-23	2023-2024	.	
10-24	2025-2027	30	
10-25	2028-2033	Dixit	
10-26	2034-2040	itaque	
10-27	2041-2044	rex	
10-28	2045-2051	Israël	
10-29	2052-2054	ad	
10-30	2055-2063	Josaphat	
10-31	2064-2065	:	
10-32	2066-2070	Sume	
10-33	2071-2075	arma	
10-34	2075-2076	,	
10-35	2077-2079	et	
10-36	2080-2089	ingredere	
10-37	2090-2097	prælium	
10-38	2097-2098	,	
10-39	2099-2101	et	
10-40	2102-2109	induere	
10-41	2110-2118	vestibus	
10-42	2119-2123	tuis	
10-43	2123-2124	.	
