#FORMAT=WebAnno TSV 3.3


#Text=(8) Tempore frigido & pluvio, parcius,
#Text=
#Text=& obtufius percipiuntur odores, quam cælo fereno, & æftivo tempore; hinc canes venatici infelicius feras vestigant aére humido, gnam ficco.
#Text=(9) Corpora fragrantia tenerioris texturæ, ut moschus, zibetum & ambra , temporis tractu, non tantum langvidius odores emittunt, sed mulcum etiam de priori pondere suo amittunt; nonnulla brevi spatio prorsus confumuntur & evanefcunt, ut falia vegetabilium volatilia , & sal volatile ex argilla confe&tum, fi chymica dexteritate ad fummum fubtilitatis gradum evecta fuerint.
#Text=(10) Res fragrantes oprime ac diutiffime conservantur in vicris hermetice' figillatis, five talibus, in quibus colli extremitas candefa&ta, forcipis ope ita compressa est, ut ne minimum quidem foramen reliAum fit , quod rebus in vitro contentis exitum, vel aéri externo adituin, concedere queat.
#Text=(11) Magna
#Text=
#Text=est
#Text=
#Text=
#Text=
#Text=
#Text=
#Text=(8) eft odorum differentia, quarum generalissima hæc eft, quod alii plerisq hominibus grati, alii ingrati; alii acuriores, alii debiliores sint.
#Text=(12) Aliquando idem odor, qui aliis gracus est, aliis ingratus videtur.
#Text=(13) Fit etiam interdum, ut idem odor, qui olim nos delectavit, alia vice nobis molestiam creet: nonnunquam autem contrarium contingit.
#Text=(14) Multorum corporum odores, temporis tractu ita immutantur, ut ex gratis ingrati, & ex ingratis grati fiant.
#Text=(15) E mediocri diftantia gratiorcs & svaviores corpora fragrantia fundunt odores, quam si naribus immediate admoveantur: (16) Nonnulli odores fternutationem excitant, lacrymasó oculis exprimunt.
#Text=(17) Multi odores cerebrum corroborant, multi illud e contrario lædant.
1-1	2-3	(	
1-2	3-4	8	
1-3	4-5	)	
1-4	6-13	Tempore	
1-5	14-21	frigido	
1-6	22-23	&	
1-7	24-30	pluvio	
1-8	30-31	,	
1-9	32-39	parcius	
1-10	39-40	,	
1-11	42-43	&	
1-12	44-52	obtufius	
1-13	53-65	percipiuntur	
1-14	66-72	odores	
1-15	72-73	,	
1-16	74-78	quam	
1-17	79-83	cælo	
1-18	84-90	fereno	
1-19	90-91	,	
1-20	92-93	&	
1-21	94-100	æftivo	
1-22	101-108	tempore	
1-23	108-109	;	
1-24	110-114	hinc	
1-25	115-120	canes	
1-26	121-129	venatici	
1-27	130-140	infelicius	
1-28	141-146	feras	
1-29	147-156	vestigant	
1-30	157-161	aére	
1-31	162-168	humido	
1-32	168-169	,	
1-33	170-174	gnam	
1-34	175-180	ficco	
1-35	180-181	.	
1-36	182-183	(	
1-37	183-184	9	
1-38	184-185	)	
1-39	186-193	Corpora	
1-40	194-204	fragrantia	
1-41	205-215	tenerioris	
1-42	216-223	texturæ	
1-43	223-224	,	
1-44	225-227	ut	
1-45	228-235	moschus	
1-46	235-236	,	
1-47	237-244	zibetum	
1-48	245-246	&	
1-49	247-252	ambra	
1-50	253-254	,	
1-51	255-263	temporis	
1-52	264-270	tractu	
1-53	270-271	,	
1-54	272-275	non	
1-55	276-282	tantum	
1-56	283-293	langvidius	
1-57	294-300	odores	
1-58	301-309	emittunt	
1-59	309-310	,	
1-60	311-314	sed	
1-61	315-321	mulcum	
1-62	322-327	etiam	
1-63	328-330	de	
1-64	331-337	priori	
1-65	338-345	pondere	
1-66	346-349	suo	
1-67	350-358	amittunt	
1-68	358-359	;	
1-69	360-368	nonnulla	
1-70	369-374	brevi	
1-71	375-381	spatio	
1-72	382-389	prorsus	
1-73	390-401	confumuntur	
1-74	402-403	&	
1-75	404-414	evanefcunt	
1-76	414-415	,	
1-77	416-418	ut	
1-78	419-424	falia	
1-79	425-437	vegetabilium	
1-80	438-447	volatilia	
1-81	448-449	,	
1-82	450-451	&	
1-83	452-455	sal	
1-84	456-464	volatile	
1-85	465-467	ex	
1-86	468-475	argilla	
1-87	476-481	confe	
1-88	481-482	&	
1-89	482-485	tum	
1-90	485-486	,	
1-91	487-489	fi	
1-92	490-497	chymica	
1-93	498-509	dexteritate	
1-94	510-512	ad	
1-95	513-519	fummum	
1-96	520-532	fubtilitatis	
1-97	533-539	gradum	
1-98	540-546	evecta	
1-99	547-554	fuerint	
1-100	554-555	.	
1-101	556-557	(	
1-102	557-559	10	
1-103	559-560	)	
1-104	561-564	Res	
1-105	565-575	fragrantes	
1-106	576-582	oprime	
1-107	583-585	ac	
1-108	586-596	diutiffime	
1-109	597-609	conservantur	
1-110	610-612	in	
1-111	613-619	vicris	
1-112	620-629	hermetice	
1-113	629-630	'	
1-114	631-641	figillatis	
1-115	641-642	,	
1-116	643-647	five	
1-117	648-655	talibus	
1-118	655-656	,	
1-119	657-659	in	
1-120	660-666	quibus	
1-121	667-672	colli	
1-122	673-683	extremitas	
1-123	684-691	candefa	
1-124	691-692	&	
1-125	692-694	ta	
1-126	694-695	,	
1-127	696-704	forcipis	
1-128	705-708	ope	
1-129	709-712	ita	
1-130	713-722	compressa	
1-131	723-726	est	
1-132	726-727	,	
1-133	728-730	ut	
1-134	731-733	ne	
1-135	734-741	minimum	
1-136	742-748	quidem	
1-137	749-756	foramen	
1-138	757-764	reliAum	
1-139	765-768	fit	
1-140	769-770	,	
1-141	771-775	quod	
1-142	776-781	rebus	
1-143	782-784	in	
1-144	785-790	vitro	
1-145	791-800	contentis	
1-146	801-807	exitum	
1-147	807-808	,	
1-148	809-812	vel	
1-149	813-817	aéri	
1-150	818-825	externo	
1-151	826-833	adituin	
1-152	833-834	,	
1-153	835-844	concedere	
1-154	845-850	queat	
1-155	850-851	.	
1-156	852-853	(	
1-157	853-855	11	
1-158	855-856	)	
1-159	857-862	Magna	
1-160	864-867	est	
1-161	873-874	(	
1-162	874-875	8	
1-163	875-876	)	
1-164	877-880	eft	
1-165	881-887	odorum	
1-166	888-899	differentia	
1-167	899-900	,	
1-168	901-907	quarum	
1-169	908-921	generalissima	
1-170	922-925	hæc	
1-171	926-929	eft	
1-172	929-930	,	
1-173	931-935	quod	
1-174	936-940	alii	
1-175	941-948	plerisq	
1-176	949-958	hominibus	
1-177	959-964	grati	
1-178	964-965	,	
1-179	966-970	alii	
1-180	971-978	ingrati	
1-181	978-979	;	
1-182	980-984	alii	
1-183	985-994	acuriores	
1-184	994-995	,	
1-185	996-1000	alii	
1-186	1001-1011	debiliores	
1-187	1012-1016	sint	
1-188	1016-1017	.	
1-189	1018-1019	(	
1-190	1019-1021	12	
1-191	1021-1022	)	
1-192	1023-1032	Aliquando	
1-193	1033-1037	idem	
1-194	1038-1042	odor	
1-195	1042-1043	,	
1-196	1044-1047	qui	
1-197	1048-1053	aliis	
1-198	1054-1060	gracus	
1-199	1061-1064	est	
1-200	1064-1065	,	
1-201	1066-1071	aliis	
1-202	1072-1080	ingratus	
1-203	1081-1088	videtur	
1-204	1088-1089	.	
1-205	1090-1091	(	
1-206	1091-1093	13	
1-207	1093-1094	)	
1-208	1095-1098	Fit	
1-209	1099-1104	etiam	
1-210	1105-1113	interdum	
1-211	1113-1114	,	
1-212	1115-1117	ut	
1-213	1118-1122	idem	
1-214	1123-1127	odor	
1-215	1127-1128	,	
1-216	1129-1132	qui	
1-217	1133-1137	olim	
1-218	1138-1141	nos	
1-219	1142-1152	delectavit	
1-220	1152-1153	,	
1-221	1154-1158	alia	
1-222	1159-1163	vice	
1-223	1164-1169	nobis	
1-224	1170-1179	molestiam	
1-225	1180-1185	creet	
1-226	1185-1186	:	
1-227	1187-1197	nonnunquam	
1-228	1198-1203	autem	
1-229	1204-1214	contrarium	
1-230	1215-1224	contingit	
1-231	1224-1225	.	
1-232	1226-1227	(	
1-233	1227-1229	14	
1-234	1229-1230	)	
1-235	1231-1239	Multorum	
1-236	1240-1248	corporum	
1-237	1249-1255	odores	
1-238	1255-1256	,	
1-239	1257-1265	temporis	
1-240	1266-1272	tractu	
1-241	1273-1276	ita	
1-242	1277-1287	immutantur	
1-243	1287-1288	,	
1-244	1289-1291	ut	
1-245	1292-1294	ex	
1-246	1295-1301	gratis	
1-247	1302-1309	ingrati	
1-248	1309-1310	,	
1-249	1311-1312	&	
1-250	1313-1315	ex	
1-251	1316-1324	ingratis	
1-252	1325-1330	grati	
1-253	1331-1336	fiant	
1-254	1336-1337	.	
1-255	1338-1339	(	
1-256	1339-1341	15	
1-257	1341-1342	)	
1-258	1343-1344	E	
1-259	1345-1353	mediocri	
1-260	1354-1363	diftantia	
1-261	1364-1373	gratiorcs	
1-262	1374-1375	&	
1-263	1376-1385	svaviores	
1-264	1386-1393	corpora	
1-265	1394-1404	fragrantia	
1-266	1405-1412	fundunt	
1-267	1413-1419	odores	
1-268	1419-1420	,	
1-269	1421-1425	quam	
1-270	1426-1428	si	
1-271	1429-1436	naribus	
1-272	1437-1446	immediate	
1-273	1447-1458	admoveantur	
1-274	1458-1459	:	
1-275	1460-1461	(	
1-276	1461-1463	16	
1-277	1463-1464	)	
1-278	1465-1473	Nonnulli	
1-279	1474-1480	odores	
1-280	1481-1495	fternutationem	
1-281	1496-1504	excitant	
1-282	1504-1505	,	
1-283	1506-1515	lacrymasó	
1-284	1516-1522	oculis	
1-285	1523-1532	exprimunt	
1-286	1532-1533	.	
1-287	1534-1535	(	
1-288	1535-1537	17	
1-289	1537-1538	)	
1-290	1539-1544	Multi	
1-291	1545-1551	odores	
1-292	1552-1560	cerebrum	
1-293	1561-1572	corroborant	
1-294	1572-1573	,	
1-295	1574-1579	multi	
1-296	1580-1585	illud	
1-297	1586-1587	e	
1-298	1588-1597	contrario	
1-299	1598-1604	lædant	
1-300	1604-1605	.	

#Text=S. 3.
2-1	1606-1607	S	
2-2	1607-1608	.	
2-3	1609-1610	3	
2-4	1610-1611	.	

#Text=Ex enumeratis phænomenis fere omnibus, necessariâ consequentiâ primo hoc conficimus: quod odores, quatenus rebus odoratis inhærent, & ex iisdem proficiscuntur, non nudæ duntaxat qualicates intentionales sive virtuales, sed realia quædam, & trina dimensione prædita corpuscula fint.
3-1	1612-1614	Ex	
3-2	1615-1625	enumeratis	
3-3	1626-1636	phænomenis	
3-4	1637-1641	fere	
3-5	1642-1649	omnibus	
3-6	1649-1650	,	
3-7	1651-1661	necessariâ	
3-8	1662-1674	consequentiâ	
3-9	1675-1680	primo	
3-10	1681-1684	hoc	
3-11	1685-1695	conficimus	
3-12	1695-1696	:	
3-13	1697-1701	quod	
3-14	1702-1708	odores	
3-15	1708-1709	,	
3-16	1710-1718	quatenus	
3-17	1719-1724	rebus	
3-18	1725-1733	odoratis	
3-19	1734-1742	inhærent	
3-20	1742-1743	,	
3-21	1744-1745	&	
3-22	1746-1748	ex	
3-23	1749-1755	iisdem	
3-24	1756-1770	proficiscuntur	
3-25	1770-1771	,	
3-26	1772-1775	non	
3-27	1776-1780	nudæ	
3-28	1781-1789	duntaxat	
3-29	1790-1800	qualicates	
3-30	1801-1814	intentionales	
3-31	1815-1819	sive	
3-32	1820-1829	virtuales	
3-33	1829-1830	,	
3-34	1831-1834	sed	
3-35	1835-1841	realia	
3-36	1842-1848	quædam	
3-37	1848-1849	,	
3-38	1850-1851	&	
3-39	1852-1857	trina	
3-40	1858-1868	dimensione	
3-41	1869-1876	prædita	
3-42	1877-1887	corpuscula	
3-43	1888-1892	fint	
3-44	1892-1893	.	

#Text=Quod fi enim omni extensione carerent, cur, quæso, non æque facile ex folidis, ac ex fluidis corporibus erumperent?
4-1	1894-1898	Quod	
4-2	1899-1901	fi	
4-3	1902-1906	enim	
4-4	1907-1911	omni	
4-5	1912-1922	extensione	
4-6	1923-1931	carerent	
4-7	1931-1932	,	
4-8	1933-1936	cur	
4-9	1936-1937	,	
4-10	1938-1943	quæso	
4-11	1943-1944	,	
4-12	1945-1948	non	
4-13	1949-1953	æque	
4-14	1954-1960	facile	
4-15	1961-1963	ex	
4-16	1964-1971	folidis	
4-17	1971-1972	,	
4-18	1973-1975	ac	
4-19	1976-1978	ex	
4-20	1979-1986	fluidis	
4-21	1987-1997	corporibus	
4-22	1998-2008	erumperent	
4-23	2008-2009	?	

#Text=cur motu externo fæpius indigerent, ut locum suum deserere queant?
5-1	2010-2013	cur	
5-2	2014-2018	motu	
5-3	2019-2026	externo	
5-4	2027-2033	fæpius	
5-5	2034-2044	indigerent	
5-6	2044-2045	,	
5-7	2046-2048	ut	
5-8	2049-2054	locum	
5-9	2055-2059	suum	
5-10	2060-2068	deserere	
5-11	2069-2075	queant	
5-12	2075-2076	?	

#Text=cur venti ductum fequerentur?
6-1	2077-2080	cur	
6-2	2081-2086	venti	
6-3	2087-2093	ductum	
6-4	2094-2105	fequerentur	
6-5	2105-2106	?	

#Text=cur elangvescerent?
7-1	2107-2110	cur	
7-2	2111-2125	elangvescerent	
7-3	2125-2126	?	

#Text=quomodo denig vitrum, quod luminis radiis tranfitum
#Text=
#Text=denega
#Text=
#Text=
#Text=
#Text=
#Text=
#Text=(9) fer denegare non poteft , immateriales qualitates tam arete custodirei , ut nullas elabendi rimułas reperi, fene?
8-1	2127-2134	quomodo	
8-2	2135-2140	denig	
8-3	2141-2147	vitrum	
8-4	2147-2148	,	
8-5	2149-2153	quod	
8-6	2154-2161	luminis	
8-7	2162-2168	radiis	
8-8	2169-2178	tranfitum	
8-9	2180-2186	denega	
8-10	2192-2193	(	
8-11	2193-2194	9	
8-12	2194-2195	)	
8-13	2196-2199	fer	
8-14	2200-2208	denegare	
8-15	2209-2212	non	
8-16	2213-2219	poteft	
8-17	2220-2221	,	
8-18	2222-2234	immateriales	
8-19	2235-2245	qualitates	
8-20	2246-2249	tam	
8-21	2250-2255	arete	
8-22	2256-2266	custodirei	
8-23	2267-2268	,	
8-24	2269-2271	ut	
8-25	2272-2278	nullas	
8-26	2279-2287	elabendi	
8-27	2288-2295	rimułas	
8-28	2296-2302	reperi	
8-29	2302-2303	,	
8-30	2304-2308	fene	
8-31	2308-2309	?	

#Text=Sed pergo ad alteram conclufionem, qua stas tuere non dubito: quod, quemadmodum omnia corpora naturalia, ita quoo odorifera, poris prædita, adeog transpirabilia fint.
9-1	2310-2313	Sed	
9-2	2314-2319	pergo	
9-3	2320-2322	ad	
9-4	2323-2330	alteram	
9-5	2331-2343	conclufionem	
9-6	2343-2344	,	
9-7	2345-2348	qua	
9-8	2349-2353	stas	
9-9	2354-2359	tuere	
9-10	2360-2363	non	
9-11	2364-2370	dubito	
9-12	2370-2371	:	
9-13	2372-2376	quod	
9-14	2376-2377	,	
9-15	2378-2389	quemadmodum	
9-16	2390-2395	omnia	
9-17	2396-2403	corpora	
9-18	2404-2413	naturalia	
9-19	2413-2414	,	
9-20	2415-2418	ita	
9-21	2419-2423	quoo	
9-22	2424-2433	odorifera	
9-23	2433-2434	,	
9-24	2435-2440	poris	
9-25	2441-2448	prædita	
9-26	2448-2449	,	
9-27	2450-2455	adeog	
9-28	2456-2470	transpirabilia	
9-29	2471-2475	fint	
9-30	2475-2476	.	

#Text=Si enim corporum naturalium genelin (pectemus, ab exiguis, respectų futuræ molis suæ, principiis ortum ducunt, & pautlatim, continua particularum idonearum appofitione, eam nanciscuntur quantitatem, quam illis divi.
#Text=na determinavit Providentia.
10-1	2477-2479	Si	
10-2	2480-2484	enim	
10-3	2485-2493	corporum	
10-4	2494-2504	naturalium	
10-5	2505-2512	genelin	
10-6	2513-2514	(	
10-7	2514-2522	pectemus	
10-8	2522-2523	,	
10-9	2524-2526	ab	
10-10	2527-2534	exiguis	
10-11	2534-2535	,	
10-12	2536-2544	respectų	
10-13	2545-2551	futuræ	
10-14	2552-2557	molis	
10-15	2558-2561	suæ	
10-16	2561-2562	,	
10-17	2563-2573	principiis	
10-18	2574-2579	ortum	
10-19	2580-2586	ducunt	
10-20	2586-2587	,	
10-21	2588-2589	&	
10-22	2590-2599	pautlatim	
10-23	2599-2600	,	
10-24	2601-2609	continua	
10-25	2610-2622	particularum	
10-26	2623-2632	idonearum	
10-27	2633-2644	appofitione	
10-28	2644-2645	,	
10-29	2646-2649	eam	
10-30	2650-2662	nanciscuntur	
10-31	2663-2674	quantitatem	
10-32	2674-2675	,	
10-33	2676-2680	quam	
10-34	2681-2686	illis	
10-35	2687-2691	divi	
10-36	2691-2692	.	
10-37	2693-2695	na	
10-38	2696-2708	determinavit	
10-39	2709-2720	Providentia	
10-40	2720-2721	.	

#Text=Particulas autem istas, ex quibus incrementa capiunt, diversæ magnitudinis & figuræ esse, plurima comprobant experimenta.
11-1	2722-2732	Particulas	
11-2	2733-2738	autem	
11-3	2739-2744	istas	
11-4	2744-2745	,	
11-5	2746-2748	ex	
11-6	2749-2755	quibus	
11-7	2756-2766	incrementa	
11-8	2767-2774	capiunt	
11-9	2774-2775	,	
11-10	2776-2783	diversæ	
11-11	2784-2796	magnitudinis	
11-12	2797-2798	&	
11-13	2799-2805	figuræ	
11-14	2806-2810	esse	
11-15	2810-2811	,	
11-16	2812-2819	plurima	
11-17	2820-2830	comprobant	
11-18	2831-2842	experimenta	
11-19	2842-2843	.	
