#FORMAT=WebAnno TSV 3.3


#Text=’
#Text=
#Text=
#Text=De ernst, waarmede van Stralen bleef spreken, was den vrienden blijkbaar niet
#Text=welgevallig.
1-1	2-3	’	
1-2	6-8	De	
1-3	9-14	ernst	
1-4	14-15	,	
1-5	16-24	waarmede	
1-6	25-28	van	
1-7	29-36	Stralen	
1-8	37-42	bleef	
1-9	43-50	spreken	
1-10	50-51	,	
1-11	52-55	was	
1-12	56-59	den	
1-13	60-68	vrienden	
1-14	69-78	blijkbaar	
1-15	79-83	niet	
1-16	84-95	welgevallig	
1-17	95-96	.	

#Text=Elke poging om hem weder op den gewonen toon te doen spreken,
#Text=mislukte.
2-1	97-101	Elke	
2-2	102-108	poging	
2-3	109-111	om	
2-4	112-115	hem	
2-5	116-121	weder	
2-6	122-124	op	
2-7	125-128	den	
2-8	129-136	gewonen	
2-9	137-141	toon	
2-10	142-144	te	
2-11	145-149	doen	
2-12	150-157	spreken	
2-13	157-158	,	
2-14	159-167	mislukte	
2-15	167-168	.	

#Text=Men achtte daarom geraden elk gesprek, dat ligt aanleiding kon geven tot
#Text=ernstige zamenspreking, te laten rusten en liever de oude stemming bij van Stralen
#Text=op te wekken door het spelen van een partij whist.
3-1	169-172	Men	
3-2	173-179	achtte	
3-3	180-186	daarom	
3-4	187-194	geraden	
3-5	195-198	elk	
3-6	199-206	gesprek	
3-7	206-207	,	
3-8	208-211	dat	
3-9	212-216	ligt	
3-10	217-227	aanleiding	
3-11	228-231	kon	
3-12	232-237	geven	
3-13	238-241	tot	
3-14	242-250	ernstige	
3-15	251-264	zamenspreking	
3-16	264-265	,	
3-17	266-268	te	
3-18	269-274	laten	
3-19	275-281	rusten	
3-20	282-284	en	
3-21	285-291	liever	
3-22	292-294	de	
3-23	295-299	oude	
3-24	300-308	stemming	
3-25	309-312	bij	
3-26	313-316	van	
3-27	317-324	Stralen	
3-28	325-327	op	
3-29	328-330	te	
3-30	331-337	wekken	
3-31	338-342	door	
3-32	343-346	het	
3-33	347-353	spelen	
3-34	354-357	van	
3-35	358-361	een	
3-36	362-368	partij	
3-37	369-374	whist	
3-38	374-375	.	

#Text=Er waren maanden verloopen, sedert van Stralen het laatst in het midden van deze
#Text=vrienden verkeerd had.
4-1	378-380	Er	
4-2	381-386	waren	
4-3	387-394	maanden	
4-4	395-404	verloopen	
4-5	404-405	,	
4-6	406-412	sedert	
4-7	413-416	van	
4-8	417-424	Stralen	
4-9	425-428	het	
4-10	429-435	laatst	
4-11	436-438	in	
4-12	439-442	het	
4-13	443-449	midden	
4-14	450-453	van	
4-15	454-458	deze	
4-16	459-467	vrienden	
4-17	468-476	verkeerd	
4-18	477-480	had	
4-19	480-481	.	

#Text=Alles, wat hem hier omringde, had een nieuw aanzien voor
#Text=hem verkregen.
5-1	482-487	Alles	
5-2	487-488	,	
5-3	489-492	wat	
5-4	493-496	hem	
5-5	497-501	hier	
5-6	502-510	omringde	
5-7	510-511	,	
5-8	512-515	had	
5-9	516-519	een	
5-10	520-525	nieuw	
5-11	526-533	aanzien	
5-12	534-538	voor	
5-13	539-542	hem	
5-14	543-552	verkregen	
5-15	552-553	.	

#Text=De c o m f o r t a b l e zaal was in dien tusschentijd van een nieuw
#Text=ameublement voorzien, dat in zijn weelderigen tooi alle blijken droeg van goeden
#Text=smaak.
6-1	554-556	De	
6-2	557-558	c	
6-3	559-560	o	
6-4	561-562	m	
6-5	563-564	f	
6-6	565-566	o	
6-7	567-568	r	
6-8	569-570	t	
6-9	571-572	a	
6-10	573-574	b	
6-11	575-576	l	
6-12	577-578	e	
6-13	579-583	zaal	
6-14	584-587	was	
6-15	588-590	in	
6-16	591-595	dien	
6-17	596-608	tusschentijd	
6-18	609-612	van	
6-19	613-616	een	
6-20	617-622	nieuw	
6-21	623-634	ameublement	
6-22	635-643	voorzien	
6-23	643-644	,	
6-24	645-648	dat	
6-25	649-651	in	
6-26	652-656	zijn	
6-27	657-668	weelderigen	
6-28	669-673	tooi	
6-29	674-678	alle	
6-30	679-686	blijken	
6-31	687-692	droeg	
6-32	693-696	van	
6-33	697-703	goeden	
6-34	704-709	smaak	
6-35	709-710	.	

#Text=De gemakkelijke stoelen met hunne goed gevulde zittingen konden wedijveren
#Text=met die twee prachtige c a u s e u s e s , waarop men zich als in mollig dons kon
#Text=neêrvleijen.
7-1	711-713	De	
7-2	714-726	gemakkelijke	
7-3	727-734	stoelen	
7-4	735-738	met	
7-5	739-744	hunne	
7-6	745-749	goed	
7-7	750-757	gevulde	
7-8	758-767	zittingen	
7-9	768-774	konden	
7-10	775-785	wedijveren	
7-11	786-789	met	
7-12	790-793	die	
7-13	794-798	twee	
7-14	799-808	prachtige	
7-15	809-810	c	
7-16	811-812	a	
7-17	813-814	u	
7-18	815-816	s	
7-19	817-818	e	
7-20	819-820	u	
7-21	821-822	s	
7-22	823-824	e	
7-23	825-826	s	
7-24	827-828	,	
7-25	829-835	waarop	
7-26	836-839	men	
7-27	840-844	zich	
7-28	845-848	als	
7-29	849-851	in	
7-30	852-858	mollig	
7-31	859-863	dons	
7-32	864-867	kon	
7-33	868-879	neêrvleijen	
7-34	879-880	.	

#Text=De nieuwe kroonluchters, even sierlijk van vorm als rijk verguld, lieten
#Text=het helder flikkerend licht der schitterende gasvlamen weêrkaatsen in groote spiegels,
#Text=die op fraai bewerkte c o n s o l e s rustende, de afmetingen van het vertrek in de lengte
#Text=en breedte vergrootten.
8-1	881-883	De	
8-2	884-890	nieuwe	
8-3	891-904	kroonluchters	
8-4	904-905	,	
8-5	906-910	even	
8-6	911-919	sierlijk	
8-7	920-923	van	
8-8	924-928	vorm	
8-9	929-932	als	
8-10	933-937	rijk	
8-11	938-945	verguld	
8-12	945-946	,	
8-13	947-953	lieten	
8-14	954-957	het	
8-15	958-964	helder	
8-16	965-975	flikkerend	
8-17	976-981	licht	
8-18	982-985	der	
8-19	986-998	schitterende	
8-20	999-1008	gasvlamen	
8-21	1009-1020	weêrkaatsen	
8-22	1021-1023	in	
8-23	1024-1030	groote	
8-24	1031-1039	spiegels	
8-25	1039-1040	,	
8-26	1041-1044	die	
8-27	1045-1047	op	
8-28	1048-1053	fraai	
8-29	1054-1062	bewerkte	
8-30	1063-1064	c	
8-31	1065-1066	o	
8-32	1067-1068	n	
8-33	1069-1070	s	
8-34	1071-1072	o	
8-35	1073-1074	l	
8-36	1075-1076	e	
8-37	1077-1078	s	
8-38	1079-1087	rustende	
8-39	1087-1088	,	
8-40	1089-1091	de	
8-41	1092-1102	afmetingen	
8-42	1103-1106	van	
8-43	1107-1110	het	
8-44	1111-1118	vertrek	
8-45	1119-1121	in	
8-46	1122-1124	de	
8-47	1125-1131	lengte	
8-48	1132-1134	en	
8-49	1135-1142	breedte	
8-50	1143-1154	vergrootten	
8-51	1154-1155	.	

#Text=En daar voor ventilatie behoorlijk was gezorgd, kwam de
#Text=glans der
#Text=
#Text=Adriaan Hendrik van der Hoeve, Menschenwaan en Christendom (2 delen)
#Text=
#Text=
#Text=\f
#Text=121
#Text=nieuwheid
#Text=, over al de voorwerpen verspreid, zooveel te beter uit.
9-1	1156-1158	En	
9-2	1159-1163	daar	
9-3	1164-1168	voor	
9-4	1169-1179	ventilatie	
9-5	1180-1190	behoorlijk	
9-6	1191-1194	was	
9-7	1195-1202	gezorgd	
9-8	1202-1203	,	
9-9	1204-1208	kwam	
9-10	1209-1211	de	
9-11	1212-1217	glans	
9-12	1218-1221	der	
9-13	1223-1230	Adriaan	
9-14	1231-1238	Hendrik	
9-15	1239-1242	van	
9-16	1243-1246	der	
9-17	1247-1252	Hoeve	
9-18	1252-1253	,	
9-19	1254-1266	Menschenwaan	
9-20	1267-1269	en	
9-21	1270-1281	Christendom	
9-22	1282-1283	(	
9-23	1283-1284	2	
9-24	1285-1290	delen	
9-25	1290-1291	)	
9-26	1296-1299	121	
9-27	1300-1309	nieuwheid	
9-28	1310-1311	,	
9-29	1312-1316	over	
9-30	1317-1319	al	
9-31	1320-1322	de	
9-32	1323-1333	voorwerpen	
9-33	1334-1343	verspreid	
9-34	1343-1344	,	
9-35	1345-1352	zooveel	
9-36	1353-1355	te	
9-37	1356-1361	beter	
9-38	1362-1365	uit	
9-39	1365-1366	.	

#Text=Terwijl de speeltafeltjes werden gereed gemaakt, had van Stralen gelegenheid, bij
#Text=het op- en nederwandelen van het vertrek, over dat alles zijn oog te laten gaan.
10-1	1369-1376	Terwijl	
10-2	1377-1379	de	
10-3	1380-1394	speeltafeltjes	
10-4	1395-1401	werden	
10-5	1402-1408	gereed	
10-6	1409-1416	gemaakt	
10-7	1416-1417	,	
10-8	1418-1421	had	
10-9	1422-1425	van	
10-10	1426-1433	Stralen	
10-11	1434-1445	gelegenheid	
10-12	1445-1446	,	
10-13	1447-1450	bij	
10-14	1451-1454	het	
10-15	1455-1457	op	
10-16	1457-1458	-	
10-17	1459-1461	en	
10-18	1462-1475	nederwandelen	
10-19	1476-1479	van	
10-20	1480-1483	het	
10-21	1484-1491	vertrek	
10-22	1491-1492	,	
10-23	1493-1497	over	
10-24	1498-1501	dat	
10-25	1502-1507	alles	
10-26	1508-1512	zijn	
10-27	1513-1516	oog	
10-28	1517-1519	te	
10-29	1520-1525	laten	
10-30	1526-1530	gaan	
10-31	1530-1531	.	

#Text=Hij
#Text=kon het zich niet ontveinzen, dat dit alles een' aangenamen indruk op hem maakte.
11-1	1532-1535	Hij	
11-2	1536-1539	kon	
11-3	1540-1543	het	
11-4	1544-1548	zich	
11-5	1549-1553	niet	
11-6	1554-1564	ontveinzen	
11-7	1564-1565	,	
11-8	1566-1569	dat	
11-9	1570-1573	dit	
11-10	1574-1579	alles	
11-11	1580-1583	een	
11-12	1583-1584	'	
11-13	1585-1595	aangenamen	
11-14	1596-1602	indruk	
11-15	1603-1605	op	
11-16	1606-1609	hem	
11-17	1610-1616	maakte	
11-18	1616-1617	.	

#Text=In langen tijd had hij geen openbare plaatsen bezocht.
12-1	1620-1622	In	
12-2	1623-1629	langen	
12-3	1630-1634	tijd	
12-4	1635-1638	had	
12-5	1639-1642	hij	
12-6	1643-1647	geen	
12-7	1648-1656	openbare	
12-8	1657-1665	plaatsen	
12-9	1666-1673	bezocht	
12-10	1673-1674	.	
