#FORMAT=WebAnno TSV 3.3


#Text=het ploegen.
1-1	2-5	het	
1-2	6-13	ploegen	
1-3	13-14	.	

#Text=J. le Francq van Berkhey, Natuurlyke historie van Holland.
2-1	17-18	J	
2-2	18-19	.	
2-3	20-22	le	
2-4	23-29	Francq	
2-5	30-33	van	
2-6	34-41	Berkhey	
2-7	41-42	,	
2-8	43-53	Natuurlyke	
2-9	54-62	historie	
2-10	63-66	van	
2-11	67-74	Holland	
2-12	74-75	.	

#Text=Deel 2
#Text=
#Text=\f649
#Text=
#Text=+
#Text=
#Text=
#Text=Nigra
#Text=fere & preso
#Text=pinguis sub vomere terra.
3-1	76-80	Deel	
3-2	81-82	2	
3-3	85-88	649	
3-4	90-91	+	
3-5	94-99	Nigra	
3-6	100-104	fere	
3-7	105-106	&	
3-8	107-112	preso	
3-9	113-120	pinguis	
3-10	121-124	sub	
3-11	125-131	vomere	
3-12	132-137	terra	
3-13	137-138	.	

#Text=Georg.
#Text=2.
4-1	140-145	Georg	
4-2	145-146	.	
4-3	147-148	2	
4-4	148-149	.	

#Text=Ondertusschen moet men evenwel, in een zeker opzicht tot onze zwarte Aarde, niet
#Text=altijd op de zwarte koleur aangaan;
#Text=dewyl men dikwils zwart Veen ontmoet, dat een
#Text=goede Aarde schynt, die nogtans moerig en zwavelig is:
#Text=dan in de volgende Soorten,
#Text=zullen de goede Aarden duidelyk in haare onderscheiding volgen.
5-1	151-164	Ondertusschen	
5-2	165-169	moet	
5-3	170-173	men	
5-4	174-181	evenwel	
5-5	181-182	,	
5-6	183-185	in	
5-7	186-189	een	
5-8	190-195	zeker	
5-9	196-203	opzicht	
5-10	204-207	tot	
5-11	208-212	onze	
5-12	213-219	zwarte	
5-13	220-225	Aarde	
5-14	225-226	,	
5-15	227-231	niet	
5-16	232-238	altijd	
5-17	239-241	op	
5-18	242-244	de	
5-19	245-251	zwarte	
5-20	252-258	koleur	
5-21	259-266	aangaan	
5-22	266-267	;	
5-23	268-273	dewyl	
5-24	274-277	men	
5-25	278-285	dikwils	
5-26	286-291	zwart	
5-27	292-296	Veen	
5-28	297-304	ontmoet	
5-29	304-305	,	
5-30	306-309	dat	
5-31	310-313	een	
5-32	314-319	goede	
5-33	320-325	Aarde	
5-34	326-332	schynt	
5-35	332-333	,	
5-36	334-337	die	
5-37	338-345	nogtans	
5-38	346-352	moerig	
5-39	353-355	en	
5-40	356-364	zwavelig	
5-41	365-367	is	
5-42	367-368	:	
5-43	369-372	dan	
5-44	373-375	in	
5-45	376-378	de	
5-46	379-387	volgende	
5-47	388-395	Soorten	
5-48	395-396	,	
5-49	397-403	zullen	
5-50	404-406	de	
5-51	407-412	goede	
5-52	413-419	Aarden	
5-53	420-428	duidelyk	
5-54	429-431	in	
5-55	432-437	haare	
5-56	438-452	onderscheiding	
5-57	453-459	volgen	
5-58	459-460	.	

#Text=Men paare
#Text=nu
#Text=by deeze opgave, om de vereischten van goede en vrugtbaare
#Text=Teelaarde te kennen, ook die onderscheidigen, welken wy by de beschryving der
#Text=
#Text=goede Teel-klai hebben opgegeeven; die in vyf geschikte Afeelingen, op Bladz.
#Text=314,
#Text=zyn voorsteld, en noodzaaklyk ook op deeze Vermengde, aan stof verdeelde zwarte
#Text=algemeene Aarde, kunnen en moeten overgebragt worden;
#Text=gelyk ook het verdere
#Text=vervolg aldaar volstrekt op dit onderwerp toepasselyk is.
6-1	463-466	Men	
6-2	467-472	paare	
6-3	473-475	nu	
6-4	476-478	by	
6-5	479-484	deeze	
6-6	485-491	opgave	
6-7	491-492	,	
6-8	493-495	om	
6-9	496-498	de	
6-10	499-510	vereischten	
6-11	511-514	van	
6-12	515-520	goede	
6-13	521-523	en	
6-14	524-534	vrugtbaare	
6-15	535-544	Teelaarde	
6-16	545-547	te	
6-17	548-554	kennen	
6-18	554-555	,	
6-19	556-559	ook	
6-20	560-563	die	
6-21	564-579	onderscheidigen	
6-22	579-580	,	
6-23	581-587	welken	
6-24	588-590	wy	
6-25	591-593	by	
6-26	594-596	de	
6-27	597-608	beschryving	
6-28	609-612	der	
6-29	614-619	goede	
6-30	620-629	Teel-klai	
6-31	630-636	hebben	
6-32	637-647	opgegeeven	
6-33	647-648	;	
6-34	649-652	die	
6-35	653-655	in	
6-36	656-659	vyf	
6-37	660-669	geschikte	
6-38	670-680	Afeelingen	
6-39	680-681	,	
6-40	682-684	op	
6-41	685-690	Bladz	
6-42	690-691	.	
6-43	692-695	314	
6-44	695-696	,	
6-45	697-700	zyn	
6-46	701-710	voorsteld	
6-47	710-711	,	
6-48	712-714	en	
6-49	715-726	noodzaaklyk	
6-50	727-730	ook	
6-51	731-733	op	
6-52	734-739	deeze	
6-53	740-749	Vermengde	
6-54	749-750	,	
6-55	751-754	aan	
6-56	755-759	stof	
6-57	760-769	verdeelde	
6-58	770-776	zwarte	
6-59	777-786	algemeene	
6-60	787-792	Aarde	
6-61	792-793	,	
6-62	794-800	kunnen	
6-63	801-803	en	
6-64	804-810	moeten	
6-65	811-822	overgebragt	
6-66	823-829	worden	
6-67	829-830	;	
6-68	831-836	gelyk	
6-69	837-840	ook	
6-70	841-844	het	
6-71	845-852	verdere	
6-72	853-860	vervolg	
6-73	861-867	aldaar	
6-74	868-877	volstrekt	
6-75	878-880	op	
6-76	881-884	dit	
6-77	885-894	onderwerp	
6-78	895-906	toepasselyk	
6-79	907-909	is	
6-80	909-910	.	

#Text=Het overige dat men hier
#Text=nog, omtrent deezen RANG, by het gemelde zou kunnen voegen, zal zig van zelve,
#Text=in het beschouwen der volgende Geslagten, opdoen:
7-1	911-914	Het	
7-2	915-922	overige	
7-3	923-926	dat	
7-4	927-930	men	
7-5	931-935	hier	
7-6	936-939	nog	
7-7	939-940	,	
7-8	941-948	omtrent	
7-9	949-955	deezen	
7-10	956-960	RANG	
7-11	960-961	,	
7-12	962-964	by	
7-13	965-968	het	
7-14	969-976	gemelde	
7-15	977-980	zou	
7-16	981-987	kunnen	
7-17	988-994	voegen	
7-18	994-995	,	
7-19	996-999	zal	
7-20	1000-1003	zig	
7-21	1004-1007	van	
7-22	1008-1013	zelve	
7-23	1013-1014	,	
7-24	1015-1017	in	
7-25	1018-1021	het	
7-26	1022-1032	beschouwen	
7-27	1033-1036	der	
7-28	1037-1045	volgende	
7-29	1046-1055	Geslagten	
7-30	1055-1056	,	
7-31	1057-1063	opdoen	
7-32	1063-1064	:	
