#FORMAT=WebAnno TSV 3.3


#Text=Haec nomina ab ipfo fenfu et mentis percetione tracta sunt, vti ego multoties sensi.
1-1	2-6	Haec	
1-2	7-13	nomina	
1-3	14-16	ab	
1-4	17-21	ipfo	
1-5	22-27	fenfu	
1-6	28-30	et	
1-7	31-37	mentis	
1-8	38-48	percetione	
1-9	49-55	tracta	
1-10	56-60	sunt	
1-11	60-61	,	
1-12	62-65	vti	
1-13	66-69	ego	
1-14	70-79	multoties	
1-15	80-85	sensi	
1-16	85-86	.	

#Text=Grauitas femper molesti quid fignificat, quod a viribus difficilius fuperatur.
2-1	87-95	Grauitas	
2-2	96-102	femper	
2-3	103-110	molesti	
2-4	111-115	quid	
2-5	116-126	fignificat	
2-6	126-127	,	
2-7	128-132	quod	
2-8	133-134	a	
2-9	135-142	viribus	
2-10	143-154	difficilius	
2-11	155-164	fuperatur	
2-12	164-165	.	

#Text=Nunc fi hanc notionem neruis olfactoriis applicamus, quid ipfis molestum esse poteft ?
3-1	166-170	Nunc	
3-2	171-173	fi	
3-3	174-178	hanc	
3-4	179-187	notionem	
3-5	188-194	neruis	
3-6	195-206	olfactoriis	
3-7	207-217	applicamus	
3-8	217-218	,	
3-9	219-223	quid	
3-10	224-229	ipfis	
3-11	230-238	molestum	
3-12	239-243	esse	
3-13	244-250	poteft	
3-14	251-252	?	

#Text=fine dubio mixtio ipfis inimica i. e. vifcofum illud volatile redditum, quod ftatim aliquam partem ipfius fluidi neruei, quod repraefentare animo hanc mixtionem debet, abfumit et perdit.
4-1	253-257	fine	
4-2	258-263	dubio	
4-3	264-270	mixtio	
4-4	271-276	ipfis	
4-5	277-284	inimica	
4-6	285-286	i	
4-7	286-287	.	
4-8	288-289	e	
4-9	289-290	.	
4-10	291-299	vifcofum	
4-11	300-305	illud	
4-12	306-314	volatile	
4-13	315-323	redditum	
4-14	323-324	,	
4-15	325-329	quod	
4-16	330-336	ftatim	
4-17	337-344	aliquam	
4-18	345-351	partem	
4-19	352-358	ipfius	
4-20	359-365	fluidi	
4-21	366-372	neruei	
4-22	372-373	,	
4-23	374-378	quod	
4-24	379-392	repraefentare	
4-25	393-398	animo	
4-26	399-403	hanc	
4-27	404-413	mixtionem	
4-28	414-419	debet	
4-29	419-420	,	
4-30	421-428	abfumit	
4-31	429-431	et	
4-32	432-438	perdit	
4-33	438-439	.	

#Text=Propter idem vero periculum, quod animus praeuidet, nauseofus eft: obtufus vero ideo, quia inflammabile principium non euolutum sed inuolutum eft.
5-1	440-447	Propter	
5-2	448-452	idem	
5-3	453-457	vero	
5-4	458-467	periculum	
5-5	467-468	,	
5-6	469-473	quod	
5-7	474-480	animus	
5-8	481-490	praeuidet	
5-9	490-491	,	
5-10	492-501	nauseofus	
5-11	502-505	eft	
5-12	505-506	:	
5-13	507-514	obtufus	
5-14	515-519	vero	
5-15	520-524	ideo	
5-16	524-525	,	
5-17	526-530	quia	
5-18	531-543	inflammabile	
5-19	544-554	principium	
5-20	555-558	non	
5-21	559-567	euolutum	
5-22	568-571	sed	
5-23	572-581	inuolutum	
5-24	582-585	eft	
5-25	585-586	.	

#Text=Ex his E. apparet, quod narcotica vis non ab acri aliquo principio, quod in aromaticis, salinis diuerfis mixtionibus latet, pendeat, fed potius a viscofo quodam principio, cuius origo terra antacida per paucum fal et aquam solubilis reddita est, -cuique tantum infl.
#Text=pr.
#Text=acoeffit, quantum ad diuidendam ipfam iftam terram et volatilem reddendam fufficit.
6-1	587-589	Ex	
6-2	590-593	his	
6-3	594-595	E	
6-4	595-596	.	
6-5	597-604	apparet	
6-6	604-605	,	
6-7	606-610	quod	
6-8	611-620	narcotica	
6-9	621-624	vis	
6-10	625-628	non	
6-11	629-631	ab	
6-12	632-636	acri	
6-13	637-643	aliquo	
6-14	644-653	principio	
6-15	653-654	,	
6-16	655-659	quod	
6-17	660-662	in	
6-18	663-673	aromaticis	
6-19	673-674	,	
6-20	675-682	salinis	
6-21	683-691	diuerfis	
6-22	692-703	mixtionibus	
6-23	704-709	latet	
6-24	709-710	,	
6-25	711-718	pendeat	
6-26	718-719	,	
6-27	720-723	fed	
6-28	724-730	potius	
6-29	731-732	a	
6-30	733-740	viscofo	
6-31	741-747	quodam	
6-32	748-757	principio	
6-33	757-758	,	
6-34	759-764	cuius	
6-35	765-770	origo	
6-36	771-776	terra	
6-37	777-785	antacida	
6-38	786-789	per	
6-39	790-796	paucum	
6-40	797-800	fal	
6-41	801-803	et	
6-42	804-809	aquam	
6-43	810-819	solubilis	
6-44	820-827	reddita	
6-45	828-831	est	
6-46	831-832	,	
6-47	833-834	-	
6-48	834-840	cuique	
6-49	841-847	tantum	
6-50	848-852	infl	
6-51	852-853	.	
6-52	854-856	pr	
6-53	856-857	.	
6-54	858-866	acoeffit	
6-55	866-867	,	
6-56	868-875	quantum	
6-57	876-878	ad	
6-58	879-889	diuidendam	
6-59	890-895	ipfam	
6-60	896-901	iftam	
6-61	902-908	terram	
6-62	909-911	et	
6-63	912-921	volatilem	
6-64	922-931	reddendam	
6-65	932-940	fufficit	
6-66	940-941	.	

#Text=Ignescens vero principium non euolutum fed a viscoso ipfo inuolutum eft, vnde non acris, fed viscolus potius, subtilis, grauis et obtusus odor o. ritur.
7-1	942-951	Ignescens	
7-2	952-956	vero	
7-3	957-967	principium	
7-4	968-971	non	
7-5	972-980	euolutum	
7-6	981-984	fed	
7-7	985-986	a	
7-8	987-994	viscoso	
7-9	995-999	ipfo	
7-10	1000-1009	inuolutum	
7-11	1010-1013	eft	
7-12	1013-1014	,	
7-13	1015-1019	vnde	
7-14	1020-1023	non	
7-15	1024-1029	acris	
7-16	1029-1030	,	
7-17	1031-1034	fed	
7-18	1035-1043	viscolus	
7-19	1044-1050	potius	
7-20	1050-1051	,	
7-21	1052-1060	subtilis	
7-22	1060-1061	,	
7-23	1062-1068	grauis	
7-24	1069-1071	et	
7-25	1072-1079	obtusus	
7-26	1080-1084	odor	
7-27	1085-1086	o	
7-28	1086-1087	.	
7-29	1088-1093	ritur	
7-30	1093-1094	.	

#Text=Et haec eft illa mixtio, quam plures, quo faltim nomen haberent, sulphur narcoticum nominarunt ipfa analyfi chemica ita docente yti fuperius dixi S.
8-1	1095-1097	Et	
8-2	1098-1102	haec	
8-3	1103-1106	eft	
8-4	1107-1111	illa	
8-5	1112-1118	mixtio	
8-6	1118-1119	,	
8-7	1120-1124	quam	
8-8	1125-1131	plures	
8-9	1131-1132	,	
8-10	1133-1136	quo	
8-11	1137-1143	faltim	
8-12	1144-1149	nomen	
8-13	1150-1158	haberent	
8-14	1158-1159	,	
8-15	1160-1167	sulphur	
8-16	1168-1178	narcoticum	
8-17	1179-1189	nominarunt	
8-18	1190-1194	ipfa	
8-19	1195-1202	analyfi	
8-20	1203-1210	chemica	
8-21	1211-1214	ita	
8-22	1215-1222	docente	
8-23	1223-1226	yti	
8-24	1227-1235	fuperius	
8-25	1236-1240	dixi	
8-26	1241-1242	S	
8-27	1242-1243	.	

#Text=IIL
#Text=
#Text=
#Text=
#Text=S.
9-1	1244-1247	IIL	
9-2	1251-1252	S	
9-3	1252-1253	.	

#Text=VIT.
10-1	1254-1257	VIT	
10-2	1257-1258	.	

#Text=Et haec quidem fumma odorum genera funt: dari vero mix tos odores aeque ac sapores, non dubium eft, quos quilibet acuto satis odoratus fenfu praeditus discernere potest, et ad.
#Text=quodnam genus magis pertineat, diiudicare.
11-1	1259-1261	Et	
11-2	1262-1266	haec	
11-3	1267-1273	quidem	
11-4	1274-1279	fumma	
11-5	1280-1286	odorum	
11-6	1287-1293	genera	
11-7	1294-1298	funt	
11-8	1298-1299	:	
11-9	1300-1304	dari	
11-10	1305-1309	vero	
11-11	1310-1313	mix	
11-12	1314-1317	tos	
11-13	1318-1324	odores	
11-14	1325-1330	aeque	
11-15	1331-1333	ac	
11-16	1334-1341	sapores	
11-17	1341-1342	,	
11-18	1343-1346	non	
11-19	1347-1353	dubium	
11-20	1354-1357	eft	
11-21	1357-1358	,	
11-22	1359-1363	quos	
11-23	1364-1372	quilibet	
11-24	1373-1378	acuto	
11-25	1379-1384	satis	
11-26	1385-1393	odoratus	
11-27	1394-1399	fenfu	
11-28	1400-1409	praeditus	
11-29	1410-1420	discernere	
11-30	1421-1427	potest	
11-31	1427-1428	,	
11-32	1429-1431	et	
11-33	1432-1434	ad	
11-34	1434-1435	.	
11-35	1436-1443	quodnam	
11-36	1444-1449	genus	
11-37	1450-1455	magis	
11-38	1456-1465	pertineat	
11-39	1465-1466	,	
11-40	1467-1477	diiudicare	
11-41	1477-1478	.	

#Text=Nunc quid fingula odorum genera intus in corpore efficere poffint, exponere annitar.
12-1	1479-1483	Nunc	
12-2	1484-1488	quid	
12-3	1489-1496	fingula	
12-4	1497-1503	odorum	
12-5	1504-1510	genera	
12-6	1511-1516	intus	
12-7	1517-1519	in	
12-8	1520-1527	corpore	
12-9	1528-1536	efficere	
12-10	1537-1544	poffint	
12-11	1544-1545	,	
12-12	1546-1554	exponere	
12-13	1555-1562	annitar	
12-14	1562-1563	.	

#Text=Et quidem in plurimis praeter camphoram fola odoris vis nec cogitari nec haberi potest.
13-1	1564-1566	Et	
13-2	1567-1573	quidem	
13-3	1574-1576	in	
13-4	1577-1585	plurimis	
13-5	1586-1593	praeter	
13-6	1594-1603	camphoram	
13-7	1604-1608	fola	
13-8	1609-1615	odoris	
13-9	1616-1619	vis	
13-10	1620-1623	nec	
13-11	1624-1632	cogitari	
13-12	1633-1636	nec	
13-13	1637-1643	haberi	
13-14	1644-1650	potest	
13-15	1650-1651	.	

#Text=Nam odor femper euanefcit, nisi domicilium habeat.
14-1	1652-1655	Nam	
14-2	1656-1660	odor	
14-3	1661-1667	femper	
14-4	1668-1677	euanefcit	
14-5	1677-1678	,	
14-6	1679-1683	nisi	
14-7	1684-1694	domicilium	
14-8	1695-1701	habeat	
14-9	1701-1702	.	

#Text=Siue E. odor cum integra fua materia adhuc coniunétas fit , fiue in aquam destillatam tranfierit, fiue cum oleo effentiali feparatus fit, femper cum his craffioribus partibus fimul agit.
15-1	1703-1707	Siue	
15-2	1708-1709	E	
15-3	1709-1710	.	
15-4	1711-1715	odor	
15-5	1716-1719	cum	
15-6	1720-1727	integra	
15-7	1728-1731	fua	
15-8	1732-1739	materia	
15-9	1740-1745	adhuc	
15-10	1746-1756	coniunétas	
15-11	1757-1760	fit	
15-12	1761-1762	,	
15-13	1763-1767	fiue	
15-14	1768-1770	in	
15-15	1771-1776	aquam	
15-16	1777-1788	destillatam	
15-17	1789-1799	tranfierit	
15-18	1799-1800	,	
15-19	1801-1805	fiue	
15-20	1806-1809	cum	
15-21	1810-1814	oleo	
15-22	1815-1825	effentiali	
15-23	1826-1835	feparatus	
15-24	1836-1839	fit	
15-25	1839-1840	,	
15-26	1841-1847	femper	
15-27	1848-1851	cum	
15-28	1852-1855	his	
15-29	1856-1868	craffioribus	
15-30	1869-1877	partibus	
15-31	1878-1883	fimul	
15-32	1884-1888	agit	
15-33	1888-1889	.	

#Text=Id vero etiam perpetuum eft, quod odoriferum vbicunque lateat, fi in corpus introuenerit, prius agat.
16-1	1890-1892	Id	
16-2	1893-1897	vero	
16-3	1898-1903	etiam	
16-4	1904-1913	perpetuum	
16-5	1914-1917	eft	
16-6	1917-1918	,	
16-7	1919-1923	quod	
16-8	1924-1934	odoriferum	
16-9	1935-1944	vbicunque	
16-10	1945-1951	lateat	
16-11	1951-1952	,	
16-12	1953-1955	fi	
16-13	1956-1958	in	
16-14	1959-1965	corpus	
16-15	1966-1978	introuenerit	
16-16	1978-1979	,	
16-17	1980-1985	prius	
16-18	1986-1990	agat	
16-19	1990-1991	.	

#Text=Hinc quidam odorem plantarum fpiritum rectorem dixerunt, quia quafi regit aliarum partium fimul
#Text=
#Text=af
#Text=
#Text=
#Text=
#Text=C 2
#Text=
#Text=
#Text=
#Text=
#Text=
#Text=affumtarum actionem i, e. qnia reliquae partes cum odorato con: iunctae, id ipsum fequantur in agendo : quod vero, non contingit, nifi in illis, quae admixtae funt: nam quae aggregatae sunt partes, praecipue fi concentratae sunt, fuum nisum fequuntur.
17-1	1992-1996	Hinc	
17-2	1997-2003	quidam	
17-3	2004-2010	odorem	
17-4	2011-2020	plantarum	
17-5	2021-2029	fpiritum	
17-6	2030-2038	rectorem	
17-7	2039-2047	dixerunt	
17-8	2047-2048	,	
17-9	2049-2053	quia	
17-10	2054-2059	quafi	
17-11	2060-2065	regit	
17-12	2066-2073	aliarum	
17-13	2074-2081	partium	
17-14	2082-2087	fimul	
17-15	2089-2091	af	
17-16	2095-2096	C	
17-17	2097-2098	2	
17-18	2104-2114	affumtarum	
17-19	2115-2123	actionem	
17-20	2124-2125	i	
17-21	2125-2126	,	
17-22	2127-2128	e	
17-23	2128-2129	.	
17-24	2130-2134	qnia	
17-25	2135-2143	reliquae	
17-26	2144-2150	partes	
17-27	2151-2154	cum	
17-28	2155-2162	odorato	
17-29	2163-2166	con	
17-30	2166-2167	:	
17-31	2168-2175	iunctae	
17-32	2175-2176	,	
17-33	2177-2179	id	
17-34	2180-2185	ipsum	
17-35	2186-2195	fequantur	
17-36	2196-2198	in	
17-37	2199-2205	agendo	
17-38	2206-2207	:	
17-39	2208-2212	quod	
17-40	2213-2217	vero	
17-41	2217-2218	,	
17-42	2219-2222	non	
17-43	2223-2232	contingit	
17-44	2232-2233	,	
17-45	2234-2238	nifi	
17-46	2239-2241	in	
17-47	2242-2247	illis	
17-48	2247-2248	,	
17-49	2249-2253	quae	
17-50	2254-2262	admixtae	
17-51	2263-2267	funt	
17-52	2267-2268	:	
17-53	2269-2272	nam	
17-54	2273-2277	quae	
17-55	2278-2288	aggregatae	
17-56	2289-2293	sunt	
17-57	2294-2300	partes	
17-58	2300-2301	,	
17-59	2302-2311	praecipue	
17-60	2312-2314	fi	
17-61	2315-2327	concentratae	
17-62	2328-2332	sunt	
17-63	2332-2333	,	
17-64	2334-2338	fuum	
17-65	2339-2344	nisum	
17-66	2345-2354	fequuntur	
17-67	2354-2355	.	

#Text=Perpetuum vero omni odori id est, quod nec in folida in genere, nec in folidas partes humorum agat : fed in aerem, aquam, in infl.
#Text=pr.
18-1	2356-2365	Perpetuum	
18-2	2366-2370	vero	
18-3	2371-2375	omni	
18-4	2376-2381	odori	
18-5	2382-2384	id	
18-6	2385-2388	est	
18-7	2388-2389	,	
18-8	2390-2394	quod	
18-9	2395-2398	nec	
18-10	2399-2401	in	
18-11	2402-2408	folida	
18-12	2409-2411	in	
18-13	2412-2418	genere	
18-14	2418-2419	,	
18-15	2420-2423	nec	
18-16	2424-2426	in	
18-17	2427-2434	folidas	
18-18	2435-2441	partes	
18-19	2442-2449	humorum	
18-20	2450-2454	agat	
18-21	2455-2456	:	
18-22	2457-2460	fed	
18-23	2461-2463	in	
18-24	2464-2469	aerem	
18-25	2469-2470	,	
18-26	2471-2476	aquam	
18-27	2476-2477	,	
18-28	2478-2480	in	
18-29	2481-2485	infl	
18-30	2485-2486	.	
18-31	2487-2489	pr	
18-32	2489-2490	.	
