#FORMAT=WebAnno TSV 3.3
#T_SP=custom.Span|label
#T_RL=custom.Relation|label|BT_custom.Span


#Text=wie ich im reiſen erfahren und geſehen habe/
#Text=
#Text=daß meine Diener (als ich auff Gale den
#Text=
#Text=Kirchen-
#Text=
#Text=
#Text=A a 2\f
#Text=[188/0204
#Text=]
#Text=
#Text=
#Text=Das Erſte Buch/
#Text=
#Text=
#Text=Kirchen-dienſt verſahe)
#Text=under dem Brand-
#Text=holtz manchmahl Canellholtz mit ins Hauß
#Text=gebracht/ welches auffs fewr gelegt/ einen
#Text=ſehr lieblichen geruch gabe.
1-1	3-6	wie	_	_	_	
1-2	7-10	ich	_	_	_	
1-3	11-13	im	_	_	_	
1-4	14-20	reiſen	_	_	_	
1-5	21-29	erfahren	_	_	_	
1-6	30-33	und	_	_	_	
1-7	34-41	geſehen	_	_	_	
1-8	42-46	habe	_	_	_	
1-9	46-47	/	_	_	_	
1-10	49-52	daß	_	_	_	
1-11	53-58	meine	_	_	_	
1-12	59-65	Diener	_	_	_	
1-13	66-67	(	_	_	_	
1-14	67-70	als	_	_	_	
1-15	71-74	ich	_	_	_	
1-16	75-79	auff	_	_	_	
1-17	80-84	Gale	_	_	_	
1-18	85-88	den	_	_	_	
1-19	90-97	Kirchen	_	_	_	
1-20	97-98	-	_	_	_	
1-21	101-102	A	_	_	_	
1-22	103-104	a	_	_	_	
1-23	105-106	2	_	_	_	
1-24	108-109	[	_	_	_	
1-25	109-112	188	_	_	_	
1-26	112-113	/	_	_	_	
1-27	113-117	0204	_	_	_	
1-28	118-119	]	_	_	_	
1-29	122-125	Das	_	_	_	
1-30	126-131	Erſte	_	_	_	
1-31	132-136	Buch	_	_	_	
1-32	136-137	/	_	_	_	
1-33	140-154	Kirchen-dienſt	_	_	_	
1-34	155-162	verſahe	_	_	_	
1-35	162-163	)	_	_	_	
1-36	164-169	under	_	_	_	
1-37	170-173	dem	_	_	_	
1-38	174-179	Brand	_	_	_	
1-39	179-180	-	_	_	_	
1-40	181-186	holtz	_	_	_	
1-41	187-196	manchmahl	_	_	_	
1-42	197-208	Canellholtz	Smell\_Source	_	_	
1-43	209-212	mit	_	_	_	
1-44	213-216	ins	_	_	_	
1-45	217-221	Hauß	_	_	_	
1-46	222-230	gebracht	_	_	_	
1-47	230-231	/	_	_	_	
1-48	232-239	welches	Circumstances[1]	_	_	
1-49	240-245	auffs	Circumstances[1]	_	_	
1-50	246-250	fewr	Circumstances[1]	_	_	
1-51	251-257	gelegt	Circumstances[1]	_	_	
1-52	257-258	/	_	_	_	
1-53	259-264	einen	_	_	_	
1-54	265-269	ſehr	Quality	_	_	
1-55	270-280	lieblichen	Quality	_	_	
1-56	281-287	geruch	Smell\_Word	_	_	
1-57	288-292	gabe	_	_	_	
1-58	292-293	.	_	_	_	

#Text=Es iſt auch anmerckens werth/ daß auß
#Text=der Wurtzel deß Canellbaums nicht allein
#Text=ein wolriehend Waſſer wie Camffer/ ſon-
#Text=dern an ſich ſelbſt der ſtaͤrckſte Camffer her-
#Text=fuͤrkom̃t.
2-1	297-299	Es	_	_	_	
2-2	300-303	iſt	_	_	_	
2-3	304-308	auch	_	_	_	
2-4	309-319	anmerckens	_	_	_	
2-5	320-325	werth	_	_	_	
2-6	325-326	/	_	_	_	
2-7	327-330	daß	_	_	_	
2-8	331-334	auß	_	_	_	
2-9	335-338	der	_	_	_	
2-10	339-346	Wurtzel	Smell\_Source	*	2-17	
2-11	347-350	deß	_	_	_	
2-12	351-362	Canellbaums	Smell\_Source	*	2-10	
2-13	363-368	nicht	_	_	_	
2-14	369-375	allein	_	_	_	
2-15	376-379	ein	_	_	_	
2-16	380-390	wolriehend	Quality[2]|Smell\_Word[3]	_	_	
2-17	391-397	Waſſer	Smell\_Source	_	_	
2-18	398-401	wie	Evoked\_Odorant[4]	_	_	
2-19	402-409	Camffer	Evoked\_Odorant[4]|*[5]	_	_	
2-20	409-410	/	_	_	_	
2-21	411-414	ſon	Effect[6]	_	_	
2-22	414-415	-	Effect[6]	_	_	
2-23	416-420	dern	Effect[6]	_	_	
2-24	421-423	an	Effect[6]	_	_	
2-25	424-428	ſich	Effect[6]	_	_	
2-26	429-435	ſelbſt	Effect[6]	_	_	
2-27	436-439	der	Effect[6]	_	_	
2-28	440-450	ſtaͤrckſte	Effect[6]	_	_	
2-29	451-458	Camffer	Effect[6]	_	_	
2-30	459-462	her	Effect[6]	_	_	
2-31	462-463	-	Effect[6]	_	_	
2-32	464-473	fuͤrkom̃t	Effect[6]	_	_	
2-33	473-474	.	_	_	_	

#Text=Jch hab runde/ weiſſe
#Text=Kuͤgelein
#Text=
#Text=davon in meiner verwahrung gehabt/ die
#Text=ich von wegen des ſtarcken geruchs nicht
#Text=vertragen konnte.
3-1	475-478	Jch	_	_	_	
3-2	479-482	hab	_	_	_	
3-3	483-488	runde	_	_	_	
3-4	488-489	/	_	_	_	
3-5	490-496	weiſſe	_	_	_	
3-6	497-506	Kuͤgelein	Smell\_Source	*	3-13	
3-7	508-513	davon	_	_	_	
3-8	514-516	in	_	_	_	
3-9	517-523	meiner	_	_	_	
3-10	524-534	verwahrung	_	_	_	
3-11	535-541	gehabt	_	_	_	
3-12	541-542	/	_	_	_	
3-13	543-546	die	Smell\_Source	_	_	
3-14	547-550	ich	Perceiver	_	_	
3-15	551-554	von	_	_	_	
3-16	555-560	wegen	_	_	_	
3-17	561-564	des	_	_	_	
3-18	565-573	ſtarcken	Quality	_	_	
3-19	574-581	geruchs	Smell\_Word	_	_	
3-20	582-587	nicht	Effect[7]	_	_	
3-21	588-597	vertragen	Effect[7]	_	_	
3-22	598-604	konnte	Effect[7]	_	_	
3-23	604-605	.	_	_	_	

#Text=Von beſagtem Canell-
#Text=baum/ als er gruͤn iſt/ werden viel Waſſer
#Text=
#Text=gebrannt/ die ſehr geſund und lieblich von
#Text=geruch.
4-1	606-609	Von	_	_	_	
4-2	610-618	beſagtem	_	_	_	
4-3	619-625	Canell	Smell\_Source[8]	*	4-14[0_8]	
4-4	625-626	-	Smell\_Source[8]	_	_	
4-5	627-631	baum	Smell\_Source[8]	_	_	
4-6	631-632	/	_	_	_	
4-7	633-636	als	_	_	_	
4-8	637-639	er	_	_	_	
4-9	640-645	gruͤn	_	_	_	
4-10	646-649	iſt	_	_	_	
4-11	649-650	/	_	_	_	
4-12	651-657	werden	_	_	_	
4-13	658-662	viel	_	_	_	
4-14	663-669	Waſſer	Smell\_Source	*	4-17	
4-15	671-679	gebrannt	_	_	_	
4-16	679-680	/	_	_	_	
4-17	681-684	die	Smell\_Source	_	_	
4-18	685-689	ſehr	_	_	_	
4-19	690-696	geſund	_	_	_	
4-20	697-700	und	_	_	_	
4-21	701-709	lieblich	Quality	_	_	
4-22	710-713	von	_	_	_	
4-23	714-720	geruch	Smell\_Word	_	_	
4-24	720-721	.	_	_	_	

#Text=Die Einwohner wiſſen von der Rinde die-
#Text=ſes Baums ſehr nette Kabinethlein und
#Text=Schreibtiſche zu machen.
5-1	725-728	Die	_	_	_	
5-2	729-738	Einwohner	_	_	_	
5-3	739-745	wiſſen	_	_	_	
5-4	746-749	von	_	_	_	
5-5	750-753	der	_	_	_	
5-6	754-759	Rinde	_	_	_	
5-7	760-763	die	_	_	_	
5-8	763-764	-	_	_	_	
5-9	765-768	ſes	_	_	_	
5-10	769-774	Baums	_	_	_	
5-11	775-779	ſehr	_	_	_	
5-12	780-785	nette	_	_	_	
5-13	786-798	Kabinethlein	_	_	_	
5-14	799-802	und	_	_	_	
5-15	803-816	Schreibtiſche	_	_	_	
5-16	817-819	zu	_	_	_	
5-17	820-826	machen	_	_	_	
5-18	826-827	.	_	_	_	

#Text=Jch hab eins
#Text=dergleichen bey mir von treflicher dicke und
#Text=groͤſſe/
#Text=ſo mir bey meiner Abreiſe von Zeilon/
#Text=
#Text=im Jahr
#Text=1665.
#Text=von dem mannhafften Capi-
#Text=tain Major, Pierre du Pon, zum Gedaͤchtniß
6-1	828-831	Jch	_	_	_	
6-2	832-835	hab	_	_	_	
6-3	836-840	eins	_	_	_	
6-4	841-852	dergleichen	_	_	_	
6-5	853-856	bey	_	_	_	
6-6	857-860	mir	_	_	_	
6-7	861-864	von	_	_	_	
6-8	865-875	treflicher	_	_	_	
6-9	876-881	dicke	_	_	_	
6-10	882-885	und	_	_	_	
6-11	886-893	groͤſſe	_	_	_	
6-12	893-894	/	_	_	_	
6-13	895-897	ſo	_	_	_	
6-14	898-901	mir	_	_	_	
6-15	902-905	bey	_	_	_	
6-16	906-912	meiner	_	_	_	
6-17	913-920	Abreiſe	_	_	_	
6-18	921-924	von	_	_	_	
6-19	925-931	Zeilon	_	_	_	
6-20	931-932	/	_	_	_	
6-21	934-936	im	_	_	_	
6-22	937-941	Jahr	_	_	_	
6-23	942-946	1665	_	_	_	
6-24	946-947	.	_	_	_	
6-25	948-951	von	_	_	_	
6-26	952-955	dem	_	_	_	
6-27	956-967	mannhafften	_	_	_	
6-28	968-972	Capi	_	_	_	
6-29	972-973	-	_	_	_	
6-30	974-978	tain	_	_	_	
6-31	979-984	Major	_	_	_	
6-32	984-985	,	_	_	_	
6-33	986-992	Pierre	_	_	_	
6-34	993-995	du	_	_	_	
6-35	996-999	Pon	_	_	_	
6-36	999-1000	,	_	_	_	
6-37	1001-1004	zum	_	_	_	
6-38	1005-1016	Gedaͤchtniß	_	_	_	
