#FORMAT=WebAnno TSV 3.3
#T_SP=custom.Span|label


#Text=Dieweil die Sennesblaͤtter in ſo groſ-
#Text=ſer Menge verthan werden, und dan-
#Text=nenhero bey uns gantz gemeine ſind, des-
#Text=halben will ich erinnern, daß wir ſie in
#Text=drey Sorten abtheilen, naͤmlich, in die
#Text=von Palte oder Alexandria/ von Tri-
#Text=polis und von Mocca;
#Text=wie auch, daß
#Text=unter dieſen dreyen Gattungen noch vie-
#Text=lerley Arten ſich befinden, welches doch
#Text=blos von den unterſchiedenen Orten, all-
#Text=wo ſie gebrauchet worden, herruͤhret:
#Text=
#Text=wie man dann gar oͤfters ſiehet, daß ein
#Text=Gewaͤchſe ſich an Blaͤttern, Blumen
#Text=und Fruͤchten veraͤndert, nachdem der
#Text=Boden, darinne es erbauet worden, be-
#Text=ſchaffen iſt.
1-1	3-10	Dieweil	_	
1-2	11-14	die	_	
1-3	15-29	Sennesblaͤtter	_	
1-4	30-32	in	_	
1-5	33-35	ſo	_	
1-6	36-40	groſ	_	
1-7	40-41	-	_	
1-8	42-45	ſer	_	
1-9	46-51	Menge	_	
1-10	52-59	verthan	_	
1-11	60-66	werden	_	
1-12	66-67	,	_	
1-13	68-71	und	_	
1-14	72-75	dan	_	
1-15	75-76	-	_	
1-16	77-84	nenhero	_	
1-17	85-88	bey	_	
1-18	89-92	uns	_	
1-19	93-98	gantz	_	
1-20	99-106	gemeine	_	
1-21	107-111	ſind	_	
1-22	111-112	,	_	
1-23	113-116	des	_	
1-24	116-117	-	_	
1-25	118-124	halben	_	
1-26	125-129	will	_	
1-27	130-133	ich	_	
1-28	134-142	erinnern	_	
1-29	142-143	,	_	
1-30	144-147	daß	_	
1-31	148-151	wir	_	
1-32	152-155	ſie	_	
1-33	156-158	in	_	
1-34	159-163	drey	_	
1-35	164-170	Sorten	_	
1-36	171-180	abtheilen	_	
1-37	180-181	,	_	
1-38	182-190	naͤmlich	_	
1-39	190-191	,	_	
1-40	192-194	in	_	
1-41	195-198	die	_	
1-42	199-202	von	_	
1-43	203-208	Palte	_	
1-44	209-213	oder	_	
1-45	214-224	Alexandria	_	
1-46	224-225	/	_	
1-47	226-229	von	_	
1-48	230-233	Tri	_	
1-49	233-234	-	_	
1-50	235-240	polis	_	
1-51	241-244	und	_	
1-52	245-248	von	_	
1-53	249-254	Mocca	_	
1-54	254-255	;	_	
1-55	256-259	wie	_	
1-56	260-264	auch	_	
1-57	264-265	,	_	
1-58	266-269	daß	_	
1-59	270-275	unter	_	
1-60	276-282	dieſen	_	
1-61	283-289	dreyen	_	
1-62	290-299	Gattungen	_	
1-63	300-304	noch	_	
1-64	305-308	vie	_	
1-65	308-309	-	_	
1-66	310-316	lerley	_	
1-67	317-322	Arten	_	
1-68	323-327	ſich	_	
1-69	328-336	befinden	_	
1-70	336-337	,	_	
1-71	338-345	welches	_	
1-72	346-350	doch	_	
1-73	351-355	blos	_	
1-74	356-359	von	_	
1-75	360-363	den	_	
1-76	364-379	unterſchiedenen	_	
1-77	380-385	Orten	_	
1-78	385-386	,	_	
1-79	387-390	all	_	
1-80	390-391	-	_	
1-81	392-394	wo	_	
1-82	395-398	ſie	_	
1-83	399-409	gebrauchet	_	
1-84	410-416	worden	_	
1-85	416-417	,	_	
1-86	418-428	herruͤhret	_	
1-87	428-429	:	_	
1-88	431-434	wie	_	
1-89	435-438	man	_	
1-90	439-443	dann	_	
1-91	444-447	gar	_	
1-92	448-455	oͤfters	_	
1-93	456-462	ſiehet	_	
1-94	462-463	,	_	
1-95	464-467	daß	_	
1-96	468-471	ein	_	
1-97	472-481	Gewaͤchſe	_	
1-98	482-486	ſich	_	
1-99	487-489	an	_	
1-100	490-499	Blaͤttern	_	
1-101	499-500	,	_	
1-102	501-507	Blumen	_	
1-103	508-511	und	_	
1-104	512-521	Fruͤchten	_	
1-105	522-532	veraͤndert	_	
1-106	532-533	,	_	
1-107	534-541	nachdem	_	
1-108	542-545	der	_	
1-109	546-551	Boden	_	
1-110	551-552	,	_	
1-111	553-560	darinne	_	
1-112	561-563	es	_	
1-113	564-571	erbauet	_	
1-114	572-578	worden	_	
1-115	578-579	,	_	
1-116	580-582	be	_	
1-117	582-583	-	_	
1-118	584-592	ſchaffen	_	
1-119	593-596	iſt	_	
1-120	596-597	.	_	

#Text=Dieſemnach ſind die ſchoͤnſt-
#Text=
#Text=und beſten Sennesblaͤtter, welche von
#Text=Alexandria kommen, und deswegen
#Text=Alexandriniſche genennet werden, in-
#Text=gleichen, Sennesblaͤtter aus Levan-
#Text=te oder de la Palte, weil alle Sennesblaͤt-
#Text=ter, die aus Levante und des Groß-Tuͤr-
#Text=cken Landen kommen, Zoll, welches auf
#Text=Frantzoͤſiſch Palte heißt, bezahlen muͤſſen.
2-1	598-608	Dieſemnach	_	
2-2	609-613	ſind	_	
2-3	614-617	die	_	
2-4	618-626	ſchoͤnſt	_	
2-5	626-627	-	_	
2-6	629-632	und	_	
2-7	633-639	beſten	_	
2-8	640-654	Sennesblaͤtter	_	
2-9	654-655	,	_	
2-10	656-662	welche	_	
2-11	663-666	von	_	
2-12	667-677	Alexandria	_	
2-13	678-684	kommen	_	
2-14	684-685	,	_	
2-15	686-689	und	_	
2-16	690-698	deswegen	_	
2-17	699-714	Alexandriniſche	_	
2-18	715-723	genennet	_	
2-19	724-730	werden	_	
2-20	730-731	,	_	
2-21	732-734	in	_	
2-22	734-735	-	_	
2-23	736-744	gleichen	_	
2-24	744-745	,	_	
2-25	746-760	Sennesblaͤtter	_	
2-26	761-764	aus	_	
2-27	765-770	Levan	_	
2-28	770-771	-	_	
2-29	772-774	te	_	
2-30	775-779	oder	_	
2-31	780-782	de	_	
2-32	783-785	la	_	
2-33	786-791	Palte	_	
2-34	791-792	,	_	
2-35	793-797	weil	_	
2-36	798-802	alle	_	
2-37	803-814	Sennesblaͤt	_	
2-38	814-815	-	_	
2-39	816-819	ter	_	
2-40	819-820	,	_	
2-41	821-824	die	_	
2-42	825-828	aus	_	
2-43	829-836	Levante	_	
2-44	837-840	und	_	
2-45	841-844	des	_	
2-46	845-854	Groß-Tuͤr	_	
2-47	854-855	-	_	
2-48	856-860	cken	_	
2-49	861-867	Landen	_	
2-50	868-874	kommen	_	
2-51	874-875	,	_	
2-52	876-880	Zoll	_	
2-53	880-881	,	_	
2-54	882-889	welches	_	
2-55	890-893	auf	_	
2-56	894-907	Frantzoͤſiſch	_	
2-57	908-913	Palte	_	
2-58	914-919	heißt	_	
2-59	919-920	,	_	
2-60	921-929	bezahlen	_	
2-61	930-937	muͤſſen	_	
2-62	937-938	.	_	

#Text=Siehe Fig.
#Text=126.
3-1	941-946	Siehe	_	
3-2	947-950	Fig	_	
3-3	950-951	.	_	
3-4	952-955	126	_	
3-5	955-956	.	_	

#Text=Siehe Fig.
#Text=127.
4-1	958-963	Siehe	_	
4-2	964-967	Fig	_	
4-3	967-968	.	_	
4-4	969-972	127	_	
4-5	972-973	.	_	

#Text=Man ſoll die Sennesblaͤtter de la
#Text=
#Text=Palte auſſuchen, welche fein ſchmal und
#Text=nicht gar zu uͤbrig groß, wie ein Spies-
#Text=eiſen geſtalt, gelb von Farbe, ſehr ſtarck
#Text=
#Text=riechend, ſanft anzufuͤhlen, und nicht
#Text=zerknickt ſind, unter denen auch ſo we-
#Text=nig als moͤglich, Stiele und verdorrte
#Text=Blaͤtter ſamt anderem Unrath zu befin-
#Text=den.
5-1	975-978	Man	_	
5-2	979-983	ſoll	_	
5-3	984-987	die	_	
5-4	988-1002	Sennesblaͤtter	Smell\_Source	
5-5	1003-1005	de	_	
5-6	1006-1008	la	_	
5-7	1010-1015	Palte	_	
5-8	1016-1025	auſſuchen	_	
5-9	1025-1026	,	_	
5-10	1027-1033	welche	_	
5-11	1034-1038	fein	_	
5-12	1039-1045	ſchmal	_	
5-13	1046-1049	und	_	
5-14	1050-1055	nicht	_	
5-15	1056-1059	gar	_	
5-16	1060-1062	zu	_	
5-17	1063-1069	uͤbrig	_	
5-18	1070-1074	groß	_	
5-19	1074-1075	,	_	
5-20	1076-1079	wie	_	
5-21	1080-1083	ein	_	
5-22	1084-1089	Spies	_	
5-23	1089-1090	-	_	
5-24	1091-1096	eiſen	_	
5-25	1097-1104	geſtalt	_	
5-26	1104-1105	,	_	
5-27	1106-1110	gelb	_	
5-28	1111-1114	von	_	
5-29	1115-1120	Farbe	_	
5-30	1120-1121	,	_	
5-31	1122-1126	ſehr	Quality[1]	
5-32	1127-1133	ſtarck	Quality[1]	
5-33	1135-1143	riechend	Smell\_Word	
5-34	1143-1144	,	_	
5-35	1145-1150	ſanft	_	
5-36	1151-1162	anzufuͤhlen	_	
5-37	1162-1163	,	_	
5-38	1164-1167	und	_	
5-39	1168-1173	nicht	_	
5-40	1174-1183	zerknickt	_	
5-41	1184-1188	ſind	_	
5-42	1188-1189	,	_	
5-43	1190-1195	unter	_	
5-44	1196-1201	denen	_	
5-45	1202-1206	auch	_	
5-46	1207-1209	ſo	_	
5-47	1210-1212	we	_	
5-48	1212-1213	-	_	
5-49	1214-1217	nig	_	
5-50	1218-1221	als	_	
5-51	1222-1230	moͤglich	_	
5-52	1230-1231	,	_	
5-53	1232-1238	Stiele	_	
5-54	1239-1242	und	_	
5-55	1243-1252	verdorrte	_	
5-56	1253-1261	Blaͤtter	_	
5-57	1262-1266	ſamt	_	
5-58	1267-1274	anderem	_	
5-59	1275-1281	Unrath	_	
5-60	1282-1284	zu	_	
5-61	1285-1290	befin	_	
5-62	1290-1291	-	_	
5-63	1292-1295	den	_	
5-64	1295-1296	.	_	

#Text=Dieſe
#Text=Beſchreibung der Sennes-
#Text=blaͤtter wird ohne Zweiffel denen gar
#Text=laͤcherlich vorkommen, welche ſie nicht
#Text=eben allzu wohl kennen, ſondern vorge-
#Text=ben, die guten Sennesblaͤtter muͤſten
#Text=
#Text=groß, breit und gruͤne ſeyn.
6-1	1297-1302	Dieſe	_	
6-2	1303-1315	Beſchreibung	_	
6-3	1316-1319	der	_	
6-4	1320-1326	Sennes	_	
6-5	1326-1327	-	_	
6-6	1328-1336	blaͤtter	_	
6-7	1337-1341	wird	_	
6-8	1342-1346	ohne	_	
6-9	1347-1355	Zweiffel	_	
6-10	1356-1361	denen	_	
6-11	1362-1365	gar	_	
6-12	1366-1377	laͤcherlich	_	
6-13	1378-1387	vorkommen	_	
6-14	1387-1388	,	_	
6-15	1389-1395	welche	_	
6-16	1396-1399	ſie	_	
6-17	1400-1405	nicht	_	
6-18	1406-1410	eben	_	
6-19	1411-1416	allzu	_	
6-20	1417-1421	wohl	_	
6-21	1422-1428	kennen	_	
6-22	1428-1429	,	_	
6-23	1430-1437	ſondern	_	
6-24	1438-1443	vorge	_	
6-25	1443-1444	-	_	
6-26	1445-1448	ben	_	
6-27	1448-1449	,	_	
6-28	1450-1453	die	_	
6-29	1454-1459	guten	_	
6-30	1460-1474	Sennesblaͤtter	_	
6-31	1475-1482	muͤſten	_	
6-32	1484-1488	groß	_	
6-33	1488-1489	,	_	
6-34	1490-1495	breit	_	
6-35	1496-1499	und	_	
6-36	1500-1506	gruͤne	_	
6-37	1507-1511	ſeyn	_	
6-38	1511-1512	.	_	

#Text=Allein das
#Text=iſt mein Troſt, daß ich verſichert bin,
#Text=es
#Text=
#Text=werden diejenigen, die die Sennesblaͤt-
#Text=ter genauer kennen, meinem Vorbrin-
#Text=gen nicht widerſprechen.
7-1	1513-1519	Allein	_	
7-2	1520-1523	das	_	
7-3	1524-1527	iſt	_	
7-4	1528-1532	mein	_	
7-5	1533-1538	Troſt	_	
7-6	1538-1539	,	_	
7-7	1540-1543	daß	_	
7-8	1544-1547	ich	_	
7-9	1548-1558	verſichert	_	
7-10	1559-1562	bin	_	
7-11	1562-1563	,	_	
7-12	1564-1566	es	_	
7-13	1568-1574	werden	_	
7-14	1575-1585	diejenigen	_	
7-15	1585-1586	,	_	
7-16	1587-1590	die	_	
7-17	1591-1594	die	_	
7-18	1595-1606	Sennesblaͤt	_	
7-19	1606-1607	-	_	
7-20	1608-1611	ter	_	
7-21	1612-1619	genauer	_	
7-22	1620-1626	kennen	_	
7-23	1626-1627	,	_	
7-24	1628-1634	meinem	_	
7-25	1635-1642	Vorbrin	_	
7-26	1642-1643	-	_	
7-27	1644-1647	gen	_	
7-28	1648-1653	nicht	_	
7-29	1654-1667	widerſprechen	_	
7-30	1667-1668	.	_	

#Text=Solte aber
#Text=auch die groſſe Menge der Sennesblaͤt-
#Text=ter, die durch meine Hand gehen, nicht
#Text=zulaͤnglich ſeyn, mir eine recht gewiſſe
#Text=Kenntnuͤß dererſelben zu verſchaffen, ſo
#Text=beſitze ich eine gantze Pflantze, welche
#Text=mir von Aleppo zukommen, und dasje-
#Text=nige, was ich vorgebracht, beſtaͤtigen
#Text=kan.
8-1	1669-1674	Solte	_	
8-2	1675-1679	aber	_	
8-3	1680-1684	auch	_	
8-4	1685-1688	die	_	
8-5	1689-1695	groſſe	_	
8-6	1696-1701	Menge	_	
8-7	1702-1705	der	_	
8-8	1706-1717	Sennesblaͤt	_	
8-9	1717-1718	-	_	
8-10	1719-1722	ter	_	
8-11	1722-1723	,	_	
8-12	1724-1727	die	_	
8-13	1728-1733	durch	_	
8-14	1734-1739	meine	_	
8-15	1740-1744	Hand	_	
8-16	1745-1750	gehen	_	
8-17	1750-1751	,	_	
8-18	1752-1757	nicht	_	
8-19	1758-1769	zulaͤnglich	_	
8-20	1770-1774	ſeyn	_	
8-21	1774-1775	,	_	
8-22	1776-1779	mir	_	
8-23	1780-1784	eine	_	
8-24	1785-1790	recht	_	
8-25	1791-1798	gewiſſe	_	
8-26	1799-1808	Kenntnuͤß	_	
8-27	1809-1820	dererſelben	_	
8-28	1821-1823	zu	_	
8-29	1824-1835	verſchaffen	_	
8-30	1835-1836	,	_	
8-31	1837-1839	ſo	_	
8-32	1840-1847	beſitze	_	
8-33	1848-1851	ich	_	
8-34	1852-1856	eine	_	
8-35	1857-1863	gantze	_	
8-36	1864-1872	Pflantze	_	
8-37	1872-1873	,	_	
8-38	1874-1880	welche	_	
8-39	1881-1884	mir	_	
8-40	1885-1888	von	_	
8-41	1889-1895	Aleppo	_	
8-42	1896-1904	zukommen	_	
8-43	1904-1905	,	_	
8-44	1906-1909	und	_	
8-45	1910-1915	dasje	_	
8-46	1915-1916	-	_	
8-47	1917-1921	nige	_	
8-48	1921-1922	,	_	
8-49	1923-1926	was	_	
8-50	1927-1930	ich	_	
8-51	1931-1942	vorgebracht	_	
8-52	1942-1943	,	_	
8-53	1944-1955	beſtaͤtigen	_	
8-54	1956-1959	kan	_	
8-55	1959-1960	.	_	

#Text=Der Gebrauch der Sennesblaͤtter
#Text=iſt ſo gemeine, daß ohnnoͤthig, mich lan-
#Text=ge dabey aufzuhalten, indem doch ieder-
#Text=man bekannt, daß ſie ein ſehr gut Pur-
#Text=girmittel ſind.
9-1	1964-1967	Der	_	
9-2	1968-1976	Gebrauch	_	
9-3	1977-1980	der	_	
9-4	1981-1995	Sennesblaͤtter	_	
9-5	1996-1999	iſt	_	
9-6	2000-2002	ſo	_	
9-7	2003-2010	gemeine	_	
9-8	2010-2011	,	_	
9-9	2012-2015	daß	_	
9-10	2016-2026	ohnnoͤthig	_	
9-11	2026-2027	,	_	
9-12	2028-2032	mich	_	
9-13	2033-2036	lan	_	
9-14	2036-2037	-	_	
9-15	2038-2040	ge	_	
9-16	2041-2046	dabey	_	
9-17	2047-2058	aufzuhalten	_	
9-18	2058-2059	,	_	
9-19	2060-2065	indem	_	
9-20	2066-2070	doch	_	
9-21	2071-2076	ieder	_	
9-22	2076-2077	-	_	
9-23	2078-2081	man	_	
9-24	2082-2089	bekannt	_	
9-25	2089-2090	,	_	
9-26	2091-2094	daß	_	
9-27	2095-2098	ſie	_	
9-28	2099-2102	ein	_	
9-29	2103-2107	ſehr	_	
9-30	2108-2111	gut	_	
9-31	2112-2115	Pur	_	
9-32	2115-2116	-	_	
9-33	2117-2126	girmittel	_	
9-34	2127-2131	ſind	_	
9-35	2131-2132	.	_	
