#FORMAT=WebAnno TSV 3.3


#Text=11 Qui respondens, ait illis : Elias cum venerit primo, restituet omnia : et quomodo scriptum est in Filium hominis, ut multa patiatur et contemnatur.
#Text=12 Sed dico vobis quia et Elias venit (et fecerunt illi quæcumque voluerunt) sicut scriptum est de eo.
#Text=13 Et veniens ad discipulos suos, vidit turbam magnam circa eos, et scribas conquirentes cum illis.
#Text=14 Et confestim omnis populus videns Jesum, stupefactus est, et expaverunt, et accurrentes salutabant eum.
#Text=15 Et interrogavit eos : Quid inter vos conquiritis ?
1-1	2-4	11	
1-2	5-8	Qui	
1-3	9-19	respondens	
1-4	19-20	,	
1-5	21-24	ait	
1-6	25-30	illis	
1-7	31-32	:	
1-8	33-38	Elias	
1-9	39-42	cum	
1-10	43-50	venerit	
1-11	51-56	primo	
1-12	56-57	,	
1-13	58-67	restituet	
1-14	68-73	omnia	
1-15	74-75	:	
1-16	76-78	et	
1-17	79-86	quomodo	
1-18	87-95	scriptum	
1-19	96-99	est	
1-20	100-102	in	
1-21	103-109	Filium	
1-22	110-117	hominis	
1-23	117-118	,	
1-24	119-121	ut	
1-25	122-127	multa	
1-26	128-136	patiatur	
1-27	137-139	et	
1-28	140-151	contemnatur	
1-29	151-152	.	
1-30	153-155	12	
1-31	156-159	Sed	
1-32	160-164	dico	
1-33	165-170	vobis	
1-34	171-175	quia	
1-35	176-178	et	
1-36	179-184	Elias	
1-37	185-190	venit	
1-38	191-192	(	
1-39	192-194	et	
1-40	195-203	fecerunt	
1-41	204-208	illi	
1-42	209-218	quæcumque	
1-43	219-228	voluerunt	
1-44	228-229	)	
1-45	230-235	sicut	
1-46	236-244	scriptum	
1-47	245-248	est	
1-48	249-251	de	
1-49	252-254	eo	
1-50	254-255	.	
1-51	256-258	13	
1-52	259-261	Et	
1-53	262-269	veniens	
1-54	270-272	ad	
1-55	273-283	discipulos	
1-56	284-288	suos	
1-57	288-289	,	
1-58	290-295	vidit	
1-59	296-302	turbam	
1-60	303-309	magnam	
1-61	310-315	circa	
1-62	316-319	eos	
1-63	319-320	,	
1-64	321-323	et	
1-65	324-331	scribas	
1-66	332-344	conquirentes	
1-67	345-348	cum	
1-68	349-354	illis	
1-69	354-355	.	
1-70	356-358	14	
1-71	359-361	Et	
1-72	362-371	confestim	
1-73	372-377	omnis	
1-74	378-385	populus	
1-75	386-392	videns	
1-76	393-398	Jesum	
1-77	398-399	,	
1-78	400-411	stupefactus	
1-79	412-415	est	
1-80	415-416	,	
1-81	417-419	et	
1-82	420-430	expaverunt	
1-83	430-431	,	
1-84	432-434	et	
1-85	435-446	accurrentes	
1-86	447-457	salutabant	
1-87	458-461	eum	
1-88	461-462	.	
1-89	463-465	15	
1-90	466-468	Et	
1-91	469-481	interrogavit	
1-92	482-485	eos	
1-93	486-487	:	
1-94	488-492	Quid	
1-95	493-498	inter	
1-96	499-502	vos	
1-97	503-514	conquiritis	
1-98	515-516	?	

#Text=16 Et respondens unus de turba, dixit : Magister, attuli filium meum ad te habentem spiritum mutum : 17 qui ubicumque eum apprehenderit, allidit illum, et spumat, et stridet dentibus, et arescit : et dixi discipulis tuis ut ejicerent illum, et non potuerunt.
#Text=18 Qui respondens eis, dixit : O generatio incredula, quamdiu apud vos ero ?
2-1	517-519	16	
2-2	520-522	Et	
2-3	523-533	respondens	
2-4	534-538	unus	
2-5	539-541	de	
2-6	542-547	turba	
2-7	547-548	,	
2-8	549-554	dixit	
2-9	555-556	:	
2-10	557-565	Magister	
2-11	565-566	,	
2-12	567-573	attuli	
2-13	574-580	filium	
2-14	581-585	meum	
2-15	586-588	ad	
2-16	589-591	te	
2-17	592-600	habentem	
2-18	601-609	spiritum	
2-19	610-615	mutum	
2-20	616-617	:	
2-21	618-620	17	
2-22	621-624	qui	
2-23	625-634	ubicumque	
2-24	635-638	eum	
2-25	639-652	apprehenderit	
2-26	652-653	,	
2-27	654-661	allidit	
2-28	662-667	illum	
2-29	667-668	,	
2-30	669-671	et	
2-31	672-678	spumat	
2-32	678-679	,	
2-33	680-682	et	
2-34	683-690	stridet	
2-35	691-699	dentibus	
2-36	699-700	,	
2-37	701-703	et	
2-38	704-711	arescit	
2-39	712-713	:	
2-40	714-716	et	
2-41	717-721	dixi	
2-42	722-732	discipulis	
2-43	733-737	tuis	
2-44	738-740	ut	
2-45	741-750	ejicerent	
2-46	751-756	illum	
2-47	756-757	,	
2-48	758-760	et	
2-49	761-764	non	
2-50	765-774	potuerunt	
2-51	774-775	.	
2-52	776-778	18	
2-53	779-782	Qui	
2-54	783-793	respondens	
2-55	794-797	eis	
2-56	797-798	,	
2-57	799-804	dixit	
2-58	805-806	:	
2-59	807-808	O	
2-60	809-818	generatio	
2-61	819-828	incredula	
2-62	828-829	,	
2-63	830-837	quamdiu	
2-64	838-842	apud	
2-65	843-846	vos	
2-66	847-850	ero	
2-67	851-852	?	

#Text=quamdiu vos patiar ?
3-1	853-860	quamdiu	
3-2	861-864	vos	
3-3	865-871	patiar	
3-4	872-873	?	

#Text=afferte illum ad me.
#Text=19 Et attulerunt eum.
4-1	874-881	afferte	
4-2	882-887	illum	
4-3	888-890	ad	
4-4	891-893	me	
4-5	893-894	.	
4-6	895-897	19	
4-7	898-900	Et	
4-8	901-911	attulerunt	
4-9	912-915	eum	
4-10	915-916	.	

#Text=Et cum vidisset eum, statim spiritus conturbavit illum : et elisus in terram, volutabatur spumans.
#Text=20 Et interrogavit patrem ejus : Quantum temporis est ex quo ei hoc accidit ?
5-1	917-919	Et	
5-2	920-923	cum	
5-3	924-932	vidisset	
5-4	933-936	eum	
5-5	936-937	,	
5-6	938-944	statim	
5-7	945-953	spiritus	
5-8	954-965	conturbavit	
5-9	966-971	illum	
5-10	972-973	:	
5-11	974-976	et	
5-12	977-983	elisus	
5-13	984-986	in	
5-14	987-993	terram	
5-15	993-994	,	
5-16	995-1006	volutabatur	
5-17	1007-1014	spumans	
5-18	1014-1015	.	
5-19	1016-1018	20	
5-20	1019-1021	Et	
5-21	1022-1034	interrogavit	
5-22	1035-1041	patrem	
5-23	1042-1046	ejus	
5-24	1047-1048	:	
5-25	1049-1056	Quantum	
5-26	1057-1065	temporis	
5-27	1066-1069	est	
5-28	1070-1072	ex	
5-29	1073-1076	quo	
5-30	1077-1079	ei	
5-31	1080-1083	hoc	
5-32	1084-1091	accidit	
5-33	1092-1093	?	

#Text=At ille ait : Ab infantia : 21 et frequenter eum in ignem, et in aquas misit ut eum perderet : sed si quid potes, adjuva nos, misertus nostri.
#Text=22 Jesus autem ait illi : Si potes credere, omnia possibilia sunt credenti.
#Text=23 Et continuo exclamans pater pueri, cum lacrimis aiebat : Credo, Domine ; adjuva incredulitatem meam.
#Text=24 Et cum videret Jesus concurrentem turbam, comminatus est spiritui immundo, dicens illi : Surde et mute spiritus, ego præcipio tibi, exi ab eo : et amplius ne introëas in eum.
#Text=25 Et exclamans, et multum discerpens eum, exiit ab eo, et factus est sicut mortuus, ita ut multi dicerent : Quia mortuus est.
#Text=26 Jesus autem tenens manum ejus elevavit eum, et surrexit.
#Text=27 Et cum introisset in domum, discipuli ejus secreto interrogabant eum : Quare nos non potuimus ejicere eum ?
6-1	1094-1096	At	
6-2	1097-1101	ille	
6-3	1102-1105	ait	
6-4	1106-1107	:	
6-5	1108-1110	Ab	
6-6	1111-1119	infantia	
6-7	1120-1121	:	
6-8	1122-1124	21	
6-9	1125-1127	et	
6-10	1128-1138	frequenter	
6-11	1139-1142	eum	
6-12	1143-1145	in	
6-13	1146-1151	ignem	
6-14	1151-1152	,	
6-15	1153-1155	et	
6-16	1156-1158	in	
6-17	1159-1164	aquas	
6-18	1165-1170	misit	
6-19	1171-1173	ut	
6-20	1174-1177	eum	
6-21	1178-1186	perderet	
6-22	1187-1188	:	
6-23	1189-1192	sed	
6-24	1193-1195	si	
6-25	1196-1200	quid	
6-26	1201-1206	potes	
6-27	1206-1207	,	
6-28	1208-1214	adjuva	
6-29	1215-1218	nos	
6-30	1218-1219	,	
6-31	1220-1228	misertus	
6-32	1229-1235	nostri	
6-33	1235-1236	.	
6-34	1237-1239	22	
6-35	1240-1245	Jesus	
6-36	1246-1251	autem	
6-37	1252-1255	ait	
6-38	1256-1260	illi	
6-39	1261-1262	:	
6-40	1263-1265	Si	
6-41	1266-1271	potes	
6-42	1272-1279	credere	
6-43	1279-1280	,	
6-44	1281-1286	omnia	
6-45	1287-1297	possibilia	
6-46	1298-1302	sunt	
6-47	1303-1311	credenti	
6-48	1311-1312	.	
6-49	1313-1315	23	
6-50	1316-1318	Et	
6-51	1319-1327	continuo	
6-52	1328-1337	exclamans	
6-53	1338-1343	pater	
6-54	1344-1349	pueri	
6-55	1349-1350	,	
6-56	1351-1354	cum	
6-57	1355-1363	lacrimis	
6-58	1364-1370	aiebat	
6-59	1371-1372	:	
6-60	1373-1378	Credo	
6-61	1378-1379	,	
6-62	1380-1386	Domine	
6-63	1387-1388	;	
6-64	1389-1395	adjuva	
6-65	1396-1410	incredulitatem	
6-66	1411-1415	meam	
6-67	1415-1416	.	
6-68	1417-1419	24	
6-69	1420-1422	Et	
6-70	1423-1426	cum	
6-71	1427-1434	videret	
6-72	1435-1440	Jesus	
6-73	1441-1453	concurrentem	
6-74	1454-1460	turbam	
6-75	1460-1461	,	
6-76	1462-1472	comminatus	
6-77	1473-1476	est	
6-78	1477-1485	spiritui	
6-79	1486-1493	immundo	
6-80	1493-1494	,	
6-81	1495-1501	dicens	
6-82	1502-1506	illi	
6-83	1507-1508	:	
6-84	1509-1514	Surde	
6-85	1515-1517	et	
6-86	1518-1522	mute	
6-87	1523-1531	spiritus	
6-88	1531-1532	,	
6-89	1533-1536	ego	
6-90	1537-1545	præcipio	
6-91	1546-1550	tibi	
6-92	1550-1551	,	
6-93	1552-1555	exi	
6-94	1556-1558	ab	
6-95	1559-1561	eo	
6-96	1562-1563	:	
6-97	1564-1566	et	
6-98	1567-1574	amplius	
6-99	1575-1577	ne	
6-100	1578-1586	introëas	
6-101	1587-1589	in	
6-102	1590-1593	eum	
6-103	1593-1594	.	
6-104	1595-1597	25	
6-105	1598-1600	Et	
6-106	1601-1610	exclamans	
6-107	1610-1611	,	
6-108	1612-1614	et	
6-109	1615-1621	multum	
6-110	1622-1632	discerpens	
6-111	1633-1636	eum	
6-112	1636-1637	,	
6-113	1638-1643	exiit	
6-114	1644-1646	ab	
6-115	1647-1649	eo	
6-116	1649-1650	,	
6-117	1651-1653	et	
6-118	1654-1660	factus	
6-119	1661-1664	est	
6-120	1665-1670	sicut	
6-121	1671-1678	mortuus	
6-122	1678-1679	,	
6-123	1680-1683	ita	
6-124	1684-1686	ut	
6-125	1687-1692	multi	
6-126	1693-1701	dicerent	
6-127	1702-1703	:	
6-128	1704-1708	Quia	
6-129	1709-1716	mortuus	
6-130	1717-1720	est	
6-131	1720-1721	.	
6-132	1722-1724	26	
6-133	1725-1730	Jesus	
6-134	1731-1736	autem	
6-135	1737-1743	tenens	
6-136	1744-1749	manum	
6-137	1750-1754	ejus	
6-138	1755-1763	elevavit	
6-139	1764-1767	eum	
6-140	1767-1768	,	
6-141	1769-1771	et	
6-142	1772-1780	surrexit	
6-143	1780-1781	.	
6-144	1782-1784	27	
6-145	1785-1787	Et	
6-146	1788-1791	cum	
6-147	1792-1802	introisset	
6-148	1803-1805	in	
6-149	1806-1811	domum	
6-150	1811-1812	,	
6-151	1813-1822	discipuli	
6-152	1823-1827	ejus	
6-153	1828-1835	secreto	
6-154	1836-1849	interrogabant	
6-155	1850-1853	eum	
6-156	1854-1855	:	
6-157	1856-1861	Quare	
6-158	1862-1865	nos	
6-159	1866-1869	non	
6-160	1870-1878	potuimus	
6-161	1879-1886	ejicere	
6-162	1887-1890	eum	
6-163	1891-1892	?	

#Text=28 Et dixit illis : Hoc genus in nullo potest exire, nisi in oratione et jejunio.
7-1	1893-1895	28	
7-2	1896-1898	Et	
7-3	1899-1904	dixit	
7-4	1905-1910	illis	
7-5	1911-1912	:	
7-6	1913-1916	Hoc	
7-7	1917-1922	genus	
7-8	1923-1925	in	
7-9	1926-1931	nullo	
7-10	1932-1938	potest	
7-11	1939-1944	exire	
7-12	1944-1945	,	
7-13	1946-1950	nisi	
7-14	1951-1953	in	
7-15	1954-1962	oratione	
7-16	1963-1965	et	
7-17	1966-1973	jejunio	
7-18	1973-1974	.	
