#FORMAT=WebAnno TSV 3.3


#Text=Les habitans de Semilly n’ont rien à voir dans le choix de l’emplacement de St-Etienne ?
1-1	0-3	Les	
1-2	4-12	habitans	
1-3	13-15	de	
1-4	16-23	Semilly	
1-5	24-25	n	
1-6	25-26	’	
1-7	26-29	ont	
1-8	30-34	rien	
1-9	35-36	à	
1-10	37-41	voir	
1-11	42-46	dans	
1-12	47-49	le	
1-13	50-55	choix	
1-14	56-58	de	
1-15	59-60	l	
1-16	60-61	’	
1-17	61-72	emplacement	
1-18	73-75	de	
1-19	76-86	St-Etienne	
1-20	87-88	?	

#Text=Mais vous oubliez que dans votre plan figure le projet de creuser un puisard sur le flanc de la montagne, précisément au- dessus de Semilly, et que, dès-lors, les habitans de ce faubourg peuvent concevoir la crainte légitime de voir l’eau de l’unique fontaine à laquelle ils s’approvisionnent, corrompue par les infiltrations, hautement annoncées d’ailleurs, de ce puisard.
2-1	89-93	Mais	
2-2	94-98	vous	
2-3	99-106	oubliez	
2-4	107-110	que	
2-5	111-115	dans	
2-6	116-121	votre	
2-7	122-126	plan	
2-8	127-133	figure	
2-9	134-136	le	
2-10	137-143	projet	
2-11	144-146	de	
2-12	147-154	creuser	
2-13	155-157	un	
2-14	158-165	puisard	
2-15	166-169	sur	
2-16	170-172	le	
2-17	173-178	flanc	
2-18	179-181	de	
2-19	182-184	la	
2-20	185-193	montagne	
2-21	193-194	,	
2-22	195-206	précisément	
2-23	207-209	au	
2-24	209-210	-	
2-25	211-217	dessus	
2-26	218-220	de	
2-27	221-228	Semilly	
2-28	228-229	,	
2-29	230-232	et	
2-30	233-236	que	
2-31	236-237	,	
2-32	238-246	dès-lors	
2-33	246-247	,	
2-34	248-251	les	
2-35	252-260	habitans	
2-36	261-263	de	
2-37	264-266	ce	
2-38	267-275	faubourg	
2-39	276-283	peuvent	
2-40	284-293	concevoir	
2-41	294-296	la	
2-42	297-304	crainte	
2-43	305-313	légitime	
2-44	314-316	de	
2-45	317-321	voir	
2-46	322-323	l	
2-47	323-324	’	
2-48	324-327	eau	
2-49	328-330	de	
2-50	331-332	l	
2-51	332-333	’	
2-52	333-339	unique	
2-53	340-348	fontaine	
2-54	349-350	à	
2-55	351-359	laquelle	
2-56	360-363	ils	
2-57	364-365	s	
2-58	365-366	’	
2-59	366-381	approvisionnent	
2-60	381-382	,	
2-61	383-392	corrompue	
2-62	393-396	par	
2-63	397-400	les	
2-64	401-414	infiltrations	
2-65	414-415	,	
2-66	416-425	hautement	
2-67	426-435	annoncées	
2-68	436-437	d	
2-69	437-438	’	
2-70	438-446	ailleurs	
2-71	446-447	,	
2-72	448-450	de	
2-73	451-453	ce	
2-74	454-461	puisard	
2-75	461-462	.	

#Text=Vous voyez donc bien que la question les intéresse': ils ont sérieusement à craindre de voir empoisonner l’eau qu’ils boivent, comme ceux de St-Martin ont à redouter de voir empester l’air qu’ils respirent.
3-1	463-467	Vous	
3-2	468-473	voyez	
3-3	474-478	donc	
3-4	479-483	bien	
3-5	484-487	que	
3-6	488-490	la	
3-7	491-499	question	
3-8	500-503	les	
3-9	504-513	intéresse	
3-10	513-514	'	
3-11	514-515	:	
3-12	516-519	ils	
3-13	520-523	ont	
3-14	524-536	sérieusement	
3-15	537-538	à	
3-16	539-547	craindre	
3-17	548-550	de	
3-18	551-555	voir	
3-19	556-567	empoisonner	
3-20	568-569	l	
3-21	569-570	’	
3-22	570-573	eau	
3-23	574-576	qu	
3-24	576-577	’	
3-25	577-580	ils	
3-26	581-588	boivent	
3-27	588-589	,	
3-28	590-595	comme	
3-29	596-600	ceux	
3-30	601-603	de	
3-31	604-613	St-Martin	
3-32	614-617	ont	
3-33	618-619	à	
3-34	620-628	redouter	
3-35	629-631	de	
3-36	632-636	voir	
3-37	637-645	empester	
3-38	646-647	l	
3-39	647-648	’	
3-40	648-651	air	
3-41	652-654	qu	
3-42	654-655	’	
3-43	655-658	ils	
3-44	659-668	respirent	
3-45	668-669	.	

#Text=Enfin , l’unanimité s’est-elle au moins produite dans le sein du Conseil municipal ?
4-1	670-675	Enfin	
4-2	676-677	,	
4-3	678-679	l	
4-4	679-680	’	
4-5	680-689	unanimité	
4-6	690-691	s	
4-7	691-692	’	
4-8	692-700	est-elle	
4-9	701-703	au	
4-10	704-709	moins	
4-11	710-718	produite	
4-12	719-723	dans	
4-13	724-726	le	
4-14	727-731	sein	
4-15	732-734	du	
4-16	735-742	Conseil	
4-17	743-752	municipal	
4-18	753-754	?	

#Text=Votre procès-verbal serait là pour nous instruire du contraire, si, comme tout le monde, nous ne le savions déjà.
5-1	755-760	Votre	
5-2	761-774	procès-verbal	
5-3	775-781	serait	
5-4	782-784	là	
5-5	785-789	pour	
5-6	790-794	nous	
5-7	795-804	instruire	
5-8	805-807	du	
5-9	808-817	contraire	
5-10	817-818	,	
5-11	819-821	si	
5-12	821-822	,	
5-13	823-828	comme	
5-14	829-833	tout	
5-15	834-836	le	
5-16	837-842	monde	
5-17	842-843	,	
5-18	844-848	nous	
5-19	849-851	ne	
5-20	852-854	le	
5-21	855-862	savions	
5-22	863-867	déjà	
5-23	867-868	.	
