#FORMAT=WebAnno TSV 3.3
#T_SP=custom.Span|label


#Text=Im Verlauf eines erbitterten Ringkampfes schoß Domeyer ihn mit der Pistole durch den Hals und mußte wie ich ohne Gefangenen zurückkehren.
1-1	2-4	Im	_	
1-2	5-12	Verlauf	_	
1-3	13-18	eines	_	
1-4	19-30	erbitterten	_	
1-5	31-42	Ringkampfes	_	
1-6	43-48	schoß	_	
1-7	49-56	Domeyer	_	
1-8	57-60	ihn	_	
1-9	61-64	mit	_	
1-10	65-68	der	_	
1-11	69-76	Pistole	_	
1-12	77-82	durch	_	
1-13	83-86	den	_	
1-14	87-91	Hals	_	
1-15	92-95	und	_	
1-16	96-101	mußte	_	
1-17	102-105	wie	_	
1-18	106-109	ich	_	
1-19	110-114	ohne	_	
1-20	115-125	Gefangenen	_	
1-21	126-138	zurückkehren	_	
1-22	138-139	.	_	

#Text=Nur war bei meinem Unternehmen eine Artilleriemunition verpulvert, die 1870 für eine ganze Schlacht ausgereicht hätte.
2-1	140-143	Nur	_	
2-2	144-147	war	_	
2-3	148-151	bei	_	
2-4	152-158	meinem	_	
2-5	159-170	Unternehmen	_	
2-6	171-175	eine	_	
2-7	176-194	Artilleriemunition	_	
2-8	195-205	verpulvert	_	
2-9	205-206	,	_	
2-10	207-210	die	_	
2-11	211-215	1870	_	
2-12	216-219	für	_	
2-13	220-224	eine	_	
2-14	225-230	ganze	_	
2-15	231-239	Schlacht	_	
2-16	240-251	ausgereicht	_	
2-17	252-257	hätte	_	
2-18	257-258	.	_	

#Text=Noch einmal Flandern.
3-1	262-266	Noch	_	
3-2	267-273	einmal	_	
3-3	274-282	Flandern	_	
3-4	282-283	.	_	

#Text=Am gleichen Tage, als ich von meinem vierzehntägigen Urlaub zurückkehrte, wurden wir vom bayerischen Reserve-Infanterie-Regiment Nr. 5 abgelöst und zunächst in dem nahegelegenen Dorfe Labry, einem der typischen Drecknester jener Gegend, untergebracht.
4-1	285-287	Am	_	
4-2	288-296	gleichen	_	
4-3	297-301	Tage	_	
4-4	301-302	,	_	
4-5	303-306	als	_	
4-6	307-310	ich	_	
4-7	311-314	von	_	
4-8	315-321	meinem	_	
4-9	322-337	vierzehntägigen	_	
4-10	338-344	Urlaub	_	
4-11	345-357	zurückkehrte	_	
4-12	357-358	,	_	
4-13	359-365	wurden	_	
4-14	366-369	wir	_	
4-15	370-373	vom	_	
4-16	374-385	bayerischen	_	
4-17	386-413	Reserve-Infanterie-Regiment	_	
4-18	414-416	Nr	_	
4-19	416-417	.	_	
4-20	418-419	5	_	
4-21	420-428	abgelöst	_	
4-22	429-432	und	_	
4-23	433-441	zunächst	_	
4-24	442-444	in	_	
4-25	445-448	dem	_	
4-26	449-462	nahegelegenen	_	
4-27	463-468	Dorfe	_	
4-28	469-474	Labry	_	
4-29	474-475	,	_	
4-30	476-481	einem	_	
4-31	482-485	der	_	
4-32	486-495	typischen	_	
4-33	496-507	Drecknester	_	
4-34	508-513	jener	_	
4-35	514-520	Gegend	_	
4-36	520-521	,	_	
4-37	522-535	untergebracht	_	
4-38	535-536	.	_	

#Text=Am meisten frappierte mich in diesen lothringischen Dörfern die vergebliche Suche nach einer verschwiegenen Örtlichkeit.
5-1	537-539	Am	_	
5-2	540-547	meisten	_	
5-3	548-558	frappierte	_	
5-4	559-563	mich	_	
5-5	564-566	in	_	
5-6	567-573	diesen	_	
5-7	574-588	lothringischen	_	
5-8	589-596	Dörfern	_	
5-9	597-600	die	_	
5-10	601-612	vergebliche	_	
5-11	613-618	Suche	_	
5-12	619-623	nach	_	
5-13	624-629	einer	_	
5-14	630-644	verschwiegenen	_	
5-15	645-656	Örtlichkeit	_	
5-16	656-657	.	_	

#Text=Eine Badewanne schien zu den unbekannten Dingen zu gehören.
6-1	658-662	Eine	_	
6-2	663-672	Badewanne	_	
6-3	673-679	schien	_	
6-4	680-682	zu	_	
6-5	683-686	den	_	
6-6	687-698	unbekannten	_	
6-7	699-705	Dingen	_	
6-8	706-708	zu	_	
6-9	709-716	gehören	_	
6-10	716-717	.	_	

#Text=In dieser Beziehung habe ich in Frankreich überhaupt eigentümliche Erfahrungen gemacht.
7-1	718-720	In	_	
7-2	721-727	dieser	_	
7-3	728-737	Beziehung	_	
7-4	738-742	habe	_	
7-5	743-746	ich	_	
7-6	747-749	in	_	
7-7	750-760	Frankreich	_	
7-8	761-770	überhaupt	_	
7-9	771-784	eigentümliche	_	
7-10	785-796	Erfahrungen	_	
7-11	797-804	gemacht	_	
7-12	804-805	.	_	

#Text=Selbst in den prunkvollen Schlössern mußte man gewisse Schattenseiten mit diskretem Lächeln ignorieren.
8-1	806-812	Selbst	_	
8-2	813-815	in	_	
8-3	816-819	den	_	
8-4	820-831	prunkvollen	_	
8-5	832-842	Schlössern	_	
8-6	843-848	mußte	_	
8-7	849-852	man	_	
8-8	853-860	gewisse	_	
8-9	861-875	Schattenseiten	_	
8-10	876-879	mit	_	
8-11	880-889	diskretem	_	
8-12	890-897	Lächeln	_	
8-13	898-908	ignorieren	_	
8-14	908-909	.	_	

#Text=So sehr ich den Franzosen schätze, halte ich doch diese Seite seines Wesens für eine bezeichnende.
9-1	910-912	So	_	
9-2	913-917	sehr	_	
9-3	918-921	ich	_	
9-4	922-925	den	_	
9-5	926-935	Franzosen	_	
9-6	936-943	schätze	_	
9-7	943-944	,	_	
9-8	945-950	halte	_	
9-9	951-954	ich	_	
9-10	955-959	doch	_	
9-11	960-965	diese	_	
9-12	966-971	Seite	_	
9-13	972-978	seines	_	
9-14	979-985	Wesens	_	
9-15	986-989	für	_	
9-16	990-994	eine	_	
9-17	995-1007	bezeichnende	_	
9-18	1007-1008	.	_	

#Text=„Was schadet’s, wenn die Senkgrube hinten rinnt und stinkt,
#Text=
#Text=Wenn nur der Türknopf vorn blitzt und blinkt.“
#Text=
#Text=
#Text=
#Text=Am 17.
10-1	1011-1012	„	_	
10-2	1012-1015	Was	_	
10-3	1016-1023	schadet	_	
10-4	1023-1024	’	_	
10-5	1024-1025	s	_	
10-6	1025-1026	,	_	
10-7	1027-1031	wenn	_	
10-8	1032-1035	die	_	
10-9	1036-1045	Senkgrube	Location[1]|Smell\_Source[2]	
10-10	1046-1052	hinten	_	
10-11	1053-1058	rinnt	_	
10-12	1059-1062	und	_	
10-13	1063-1069	stinkt	Smell\_Word[3]|Quality[4]	
10-14	1069-1070	,	_	
10-15	1072-1076	Wenn	_	
10-16	1077-1080	nur	_	
10-17	1081-1084	der	_	
10-18	1085-1093	Türknopf	_	
10-19	1094-1098	vorn	_	
10-20	1099-1105	blitzt	_	
10-21	1106-1109	und	_	
10-22	1110-1116	blinkt	_	
10-23	1116-1117	.	_	
10-24	1117-1118	“	_	
10-25	1122-1124	Am	_	
10-26	1125-1127	17	_	
10-27	1127-1128	.	_	

#Text=Oktober 1917 wurden wir verladen und betraten nach anderthalb Tagen wieder den Boden Flanderns, den wir erst vor zwei Monaten verlassen hatten.
11-1	1129-1136	Oktober	_	
11-2	1137-1141	1917	_	
11-3	1142-1148	wurden	_	
11-4	1149-1152	wir	_	
11-5	1153-1161	verladen	_	
11-6	1162-1165	und	_	
11-7	1166-1174	betraten	_	
11-8	1175-1179	nach	_	
11-9	1180-1190	anderthalb	_	
11-10	1191-1196	Tagen	_	
11-11	1197-1203	wieder	_	
11-12	1204-1207	den	_	
11-13	1208-1213	Boden	_	
11-14	1214-1223	Flanderns	_	
11-15	1223-1224	,	_	
11-16	1225-1228	den	_	
11-17	1229-1232	wir	_	
11-18	1233-1237	erst	_	
11-19	1238-1241	vor	_	
11-20	1242-1246	zwei	_	
11-21	1247-1254	Monaten	_	
11-22	1255-1264	verlassen	_	
11-23	1265-1271	hatten	_	
11-24	1271-1272	.	_	

#Text=Wir übernachteten in dem Städtchen Iseghem und marschierten am nächsten Morgen nach Roulers oder, wie es flämisch heißt: Roselaire.
12-1	1273-1276	Wir	_	
12-2	1277-1290	übernachteten	_	
12-3	1291-1293	in	_	
12-4	1294-1297	dem	_	
12-5	1298-1307	Städtchen	_	
12-6	1308-1315	Iseghem	_	
12-7	1316-1319	und	_	
12-8	1320-1332	marschierten	_	
12-9	1333-1335	am	_	
12-10	1336-1344	nächsten	_	
12-11	1345-1351	Morgen	_	
12-12	1352-1356	nach	_	
12-13	1357-1364	Roulers	_	
12-14	1365-1369	oder	_	
12-15	1369-1370	,	_	
12-16	1371-1374	wie	_	
12-17	1375-1377	es	_	
12-18	1378-1386	flämisch	_	
12-19	1387-1392	heißt	_	
12-20	1392-1393	:	_	
12-21	1394-1403	Roselaire	_	
12-22	1403-1404	.	_	

#Text=Die Stadt befand sich im ersten Stadium der Zerstörung.
13-1	1405-1408	Die	_	
13-2	1409-1414	Stadt	_	
13-3	1415-1421	befand	_	
13-4	1422-1426	sich	_	
13-5	1427-1429	im	_	
13-6	1430-1436	ersten	_	
13-7	1437-1444	Stadium	_	
13-8	1445-1448	der	_	
13-9	1449-1459	Zerstörung	_	
13-10	1459-1460	.	_	

#Text=Noch wurden in den Läden Waren feilgehalten, doch hauste die Bevölkerung schon in den Kellern, und die Bande des bürgerlichen Lebens waren durch häufige Beschießungen zerrissen.
14-1	1461-1465	Noch	_	
14-2	1466-1472	wurden	_	
14-3	1473-1475	in	_	
14-4	1476-1479	den	_	
14-5	1480-1485	Läden	_	
14-6	1486-1491	Waren	_	
14-7	1492-1504	feilgehalten	_	
14-8	1504-1505	,	_	
14-9	1506-1510	doch	_	
14-10	1511-1517	hauste	_	
14-11	1518-1521	die	_	
14-12	1522-1533	Bevölkerung	_	
14-13	1534-1539	schon	_	
14-14	1540-1542	in	_	
14-15	1543-1546	den	_	
14-16	1547-1554	Kellern	_	
14-17	1554-1555	,	_	
14-18	1556-1559	und	_	
14-19	1560-1563	die	_	
14-20	1564-1569	Bande	_	
14-21	1570-1573	des	_	
14-22	1574-1586	bürgerlichen	_	
14-23	1587-1593	Lebens	_	
14-24	1594-1599	waren	_	
14-25	1600-1605	durch	_	
14-26	1606-1613	häufige	_	
14-27	1614-1627	Beschießungen	_	
14-28	1628-1637	zerrissen	_	
14-29	1637-1638	.	_	

#Text=Ein Schaufenster mit Damenhüten gegenüber meinem Quartier machte auf mich in dem Kriegsgewühl einen merkwürdig deplacierten Eindruck.
15-1	1639-1642	Ein	_	
15-2	1643-1655	Schaufenster	_	
15-3	1656-1659	mit	_	
15-4	1660-1670	Damenhüten	_	
15-5	1671-1680	gegenüber	_	
15-6	1681-1687	meinem	_	
15-7	1688-1696	Quartier	_	
15-8	1697-1703	machte	_	
15-9	1704-1707	auf	_	
15-10	1708-1712	mich	_	
15-11	1713-1715	in	_	
15-12	1716-1719	dem	_	
15-13	1720-1732	Kriegsgewühl	_	
15-14	1733-1738	einen	_	
15-15	1739-1749	merkwürdig	_	
15-16	1750-1762	deplacierten	_	
15-17	1763-1771	Eindruck	_	
15-18	1771-1772	.	_	

#Text=Nachts versuchten Plünderer, in die verlassenen Wohnungen einzubrechen.
16-1	1773-1779	Nachts	_	
16-2	1780-1790	versuchten	_	
16-3	1791-1800	Plünderer	_	
16-4	1800-1801	,	_	
16-5	1802-1804	in	_	
16-6	1805-1808	die	_	
16-7	1809-1820	verlassenen	_	
16-8	1821-1830	Wohnungen	_	
16-9	1831-1843	einzubrechen	_	
16-10	1843-1844	.	_	

#Text=In meinem in der Oststraat gelegenen Quartier war ich der einzige Bewohner der überirdischen Räume.
17-1	1848-1850	In	_	
17-2	1851-1857	meinem	_	
17-3	1858-1860	in	_	
17-4	1861-1864	der	_	
17-5	1865-1874	Oststraat	_	
17-6	1875-1884	gelegenen	_	
17-7	1885-1893	Quartier	_	
17-8	1894-1897	war	_	
17-9	1898-1901	ich	_	
17-10	1902-1905	der	_	
17-11	1906-1913	einzige	_	
17-12	1914-1922	Bewohner	_	
17-13	1923-1926	der	_	
17-14	1927-1940	überirdischen	_	
17-15	1941-1946	Räume	_	
17-16	1946-1947	.	_	
