#FORMAT=WebAnno TSV 3.3


#Text=Neque verò putes; quod vulgo e maibus persuasúeft, hunc Zibethum , humorem animal ira ini- modo fluat.
#Text=cenfum exudare: (liceriratum vberius:exudec ) nam, -sponte is, in teftibus tuge feens, plerunque manat.
#Text=ipfe quidem vidi , ab humoris acrimonia , vellicará felem affridare humo teftes, eximiumqueyrfibi tamen sejidatumoleftum,abittep
#Text=
#Text=
#Text=
#Text=
#Text=
#Text=gere zibechum
#Text=
#Text=Narrauit etiam mihi tum is , qui eam felem curat, tum alius , qui alteras quinque ex OrienteRomam.
#Text=asportauir, sibique tum eorum vnicuique pecuniam foluenti facta videndi copia; tum emuncto e testibus zibccho.victum multos
#Text=
#Text=iam menfes Romae quae quéteszi.
#Text=bethi feles.
#Text=rit: retulit , inquam , vter
#Text=
#Text=que animal;nisi certis qui.bufdá ac definicis diebus e - teftibus abradarur humor, nates exercosque ipfos teftes, citilladte fenfum humoris acrimonia, septis listgueis, in quibus conclufum
#Text=
#Text=eft,
#Text=
#Text=
#Text=
#Text=Romae fre.
#Text=xaminatur. )
#Text=est; affricare, eaque copiofo inficere zibetho.
#Text=quod quidem collectum, liceradmistis tenuiflimis pilis ma gis vergat ad nigrum , eadem tamen odoris insuauitate,acutiéque vix ferendaw nares:ferit ac vellicar.
1-1	2-7	Neque	
1-2	8-12	verò	
1-3	13-18	putes	
1-4	18-19	;	
1-5	20-24	quod	
1-6	25-30	vulgo	
1-7	31-32	e	
1-8	33-39	maibus	
1-9	40-51	persuasúeft	
1-10	51-52	,	
1-11	53-57	hunc	
1-12	58-66	Zibethum	
1-13	67-68	,	
1-14	69-76	humorem	
1-15	77-83	animal	
1-16	84-87	ira	
1-17	88-91	ini	
1-18	91-92	-	
1-19	93-97	modo	
1-20	98-103	fluat	
1-21	103-104	.	
1-22	105-111	cenfum	
1-23	112-119	exudare	
1-24	119-120	:	
1-25	121-122	(	
1-26	122-133	liceriratum	
1-27	134-141	vberius	
1-28	141-142	:	
1-29	142-148	exudec	
1-30	149-150	)	
1-31	151-154	nam	
1-32	154-155	,	
1-33	156-157	-	
1-34	157-163	sponte	
1-35	164-166	is	
1-36	166-167	,	
1-37	168-170	in	
1-38	171-179	teftibus	
1-39	180-184	tuge	
1-40	185-190	feens	
1-41	190-191	,	
1-42	192-201	plerunque	
1-43	202-207	manat	
1-44	207-208	.	
1-45	209-213	ipfe	
1-46	214-220	quidem	
1-47	221-225	vidi	
1-48	226-227	,	
1-49	228-230	ab	
1-50	231-238	humoris	
1-51	239-248	acrimonia	
1-52	249-250	,	
1-53	251-260	vellicará	
1-54	261-266	felem	
1-55	267-276	affridare	
1-56	277-281	humo	
1-57	282-288	teftes	
1-58	288-289	,	
1-59	290-306	eximiumqueyrfibi	
1-60	307-312	tamen	
1-61	313-329	sejidatumoleftum	
1-62	329-330	,	
1-63	330-337	abittep	
1-64	343-347	gere	
1-65	348-356	zibechum	
1-66	358-366	Narrauit	
1-67	367-372	etiam	
1-68	373-377	mihi	
1-69	378-381	tum	
1-70	382-384	is	
1-71	385-386	,	
1-72	387-390	qui	
1-73	391-394	eam	
1-74	395-400	felem	
1-75	401-406	curat	
1-76	406-407	,	
1-77	408-411	tum	
1-78	412-417	alius	
1-79	418-419	,	
1-80	420-423	qui	
1-81	424-431	alteras	
1-82	432-439	quinque	
1-83	440-442	ex	
1-84	443-455	OrienteRomam	
1-85	455-456	.	
1-86	457-467	asportauir	
1-87	467-468	,	
1-88	469-476	sibique	
1-89	477-480	tum	
1-90	481-486	eorum	
1-91	487-496	vnicuique	
1-92	497-505	pecuniam	
1-93	506-514	foluenti	
1-94	515-520	facta	
1-95	521-528	videndi	
1-96	529-534	copia	
1-97	534-535	;	
1-98	536-539	tum	
1-99	540-547	emuncto	
1-100	548-549	e	
1-101	550-558	testibus	
1-102	559-573	zibccho.victum	
1-103	574-580	multos	
1-104	582-585	iam	
1-105	586-592	menfes	
1-106	593-598	Romae	
1-107	599-603	quae	
1-108	604-612	quéteszi	
1-109	612-613	.	
1-110	614-619	bethi	
1-111	620-625	feles	
1-112	625-626	.	
1-113	627-630	rit	
1-114	630-631	:	
1-115	632-639	retulit	
1-116	640-641	,	
1-117	642-648	inquam	
1-118	649-650	,	
1-119	651-655	vter	
1-120	657-660	que	
1-121	661-667	animal	
1-122	667-668	;	
1-123	668-672	nisi	
1-124	673-679	certis	
1-125	680-689	qui.bufdá	
1-126	690-692	ac	
1-127	693-702	definicis	
1-128	703-709	diebus	
1-129	710-711	e	
1-130	712-713	-	
1-131	714-722	teftibus	
1-132	723-732	abradarur	
1-133	733-738	humor	
1-134	738-739	,	
1-135	740-745	nates	
1-136	746-756	exercosque	
1-137	757-762	ipfos	
1-138	763-769	teftes	
1-139	769-770	,	
1-140	771-781	citilladte	
1-141	782-788	fenfum	
1-142	789-796	humoris	
1-143	797-806	acrimonia	
1-144	806-807	,	
1-145	808-814	septis	
1-146	815-824	listgueis	
1-147	824-825	,	
1-148	826-828	in	
1-149	829-835	quibus	
1-150	836-845	conclufum	
1-151	847-850	eft	
1-152	850-851	,	
1-153	855-860	Romae	
1-154	861-864	fre	
1-155	864-865	.	
1-156	866-875	xaminatur	
1-157	875-876	.	
1-158	877-878	)	
1-159	879-882	est	
1-160	882-883	;	
1-161	884-893	affricare	
1-162	893-894	,	
1-163	895-900	eaque	
1-164	901-908	copiofo	
1-165	909-917	inficere	
1-166	918-925	zibetho	
1-167	925-926	.	
1-168	927-931	quod	
1-169	932-938	quidem	
1-170	939-948	collectum	
1-171	948-949	,	
1-172	950-963	liceradmistis	
1-173	964-975	tenuiflimis	
1-174	976-981	pilis	
1-175	982-984	ma	
1-176	985-988	gis	
1-177	989-995	vergat	
1-178	996-998	ad	
1-179	999-1005	nigrum	
1-180	1006-1007	,	
1-181	1008-1013	eadem	
1-182	1014-1019	tamen	
1-183	1020-1026	odoris	
1-184	1027-1038	insuauitate	
1-185	1038-1039	,	
1-186	1039-1048	acutiéque	
1-187	1049-1052	vix	
1-188	1053-1061	ferendaw	
1-189	1062-1067	nares	
1-190	1067-1068	:	
1-191	1068-1073	ferit	
1-192	1074-1076	ac	
1-193	1077-1085	vellicar	
1-194	1085-1086	.	

#Text=De mofcho autem illud Moschus eexperimento compertum habeo, simplicem atq; sıncerum exquisitumque vehe menter quidem , fed malè, aut certe non bene, fuauia terque olere.
#Text=fienim in pia xide afferuatum moschum olfeceris , ingratam moleItamque acutiem fencies: G verò eius partem inde fum,
#Text=
#Text=ptam
#Text=
#Text=
#Text=
#Text=
#Text=
#Text=minatur
#Text=
#Text=
#Text=
#Text=pram odoraberis , vix quic quam lenties » quod nares obtectet.
#Text=fi demum liquo
#Text=
#Text=¢ mollicum frices, bene
#Text=
#Text=elere percipiesi; non tamen Ambra exa fuauifsimè.
2-1	1087-1089	De	
2-2	1090-1096	mofcho	
2-3	1097-1102	autem	
2-4	1103-1108	illud	
2-5	1109-1116	Moschus	
2-6	1117-1129	eexperimento	
2-7	1130-1139	compertum	
2-8	1140-1145	habeo	
2-9	1145-1146	,	
2-10	1147-1156	simplicem	
2-11	1157-1160	atq	
2-12	1160-1161	;	
2-13	1162-1170	sıncerum	
2-14	1171-1184	exquisitumque	
2-15	1185-1189	vehe	
2-16	1190-1196	menter	
2-17	1197-1203	quidem	
2-18	1204-1205	,	
2-19	1206-1209	fed	
2-20	1210-1214	malè	
2-21	1214-1215	,	
2-22	1216-1219	aut	
2-23	1220-1225	certe	
2-24	1226-1229	non	
2-25	1230-1234	bene	
2-26	1234-1235	,	
2-27	1236-1242	fuauia	
2-28	1243-1249	terque	
2-29	1250-1255	olere	
2-30	1255-1256	.	
2-31	1257-1263	fienim	
2-32	1264-1266	in	
2-33	1267-1270	pia	
2-34	1271-1275	xide	
2-35	1276-1286	afferuatum	
2-36	1287-1294	moschum	
2-37	1295-1304	olfeceris	
2-38	1305-1306	,	
2-39	1307-1315	ingratam	
2-40	1316-1327	moleItamque	
2-41	1328-1335	acutiem	
2-42	1336-1343	fencies	
2-43	1343-1344	:	
2-44	1345-1346	G	
2-45	1347-1351	verò	
2-46	1352-1356	eius	
2-47	1357-1363	partem	
2-48	1364-1368	inde	
2-49	1369-1372	fum	
2-50	1372-1373	,	
2-51	1375-1379	ptam	
2-52	1385-1392	minatur	
2-53	1396-1400	pram	
2-54	1401-1411	odoraberis	
2-55	1412-1413	,	
2-56	1414-1417	vix	
2-57	1418-1422	quic	
2-58	1423-1427	quam	
2-59	1428-1435	lenties	
2-60	1436-1437	»	
2-61	1438-1442	quod	
2-62	1443-1448	nares	
2-63	1449-1457	obtectet	
2-64	1457-1458	.	
2-65	1459-1461	fi	
2-66	1462-1467	demum	
2-67	1468-1473	liquo	
2-68	1475-1476	¢	
2-69	1477-1485	mollicum	
2-70	1486-1492	frices	
2-71	1492-1493	,	
2-72	1494-1498	bene	
2-73	1500-1505	elere	
2-74	1506-1516	percipiesi	
2-75	1516-1517	;	
2-76	1518-1521	non	
2-77	1522-1527	tamen	
2-78	1528-1533	Ambra	
2-79	1534-1537	exa	
2-80	1538-1548	fuauifsimè	
2-81	1548-1549	.	

#Text=At verò Am
#Text=
#Text=boa ignaua planè eft pura ac loliçaria; quam cum opti: tapiha odoratus fueris, vix di cere audeas, quid verè fpir ret: certè affirmare vel iura.
#Text=tus quisquer poteric vfum mam fragrantiam ; quami aliqui praedicant, non fpi.
#Text=saveuil :91910 oto:
#Text=
#Text=Hinc factum esse opinor, bon vfurpa ve veteres eam , atque adeo Saguenta .
#Text=zibechum & mofchum net glexerit.
3-1	1550-1552	At	
3-2	1553-1557	verò	
3-3	1558-1560	Am	
3-4	1562-1565	boa	
3-5	1566-1572	ignaua	
3-6	1573-1578	planè	
3-7	1579-1582	eft	
3-8	1583-1587	pura	
3-9	1588-1590	ac	
3-10	1591-1600	loliçaria	
3-11	1600-1601	;	
3-12	1602-1606	quam	
3-13	1607-1610	cum	
3-14	1611-1615	opti	
3-15	1615-1616	:	
3-16	1617-1623	tapiha	
3-17	1624-1632	odoratus	
3-18	1633-1639	fueris	
3-19	1639-1640	,	
3-20	1641-1644	vix	
3-21	1645-1647	di	
3-22	1648-1652	cere	
3-23	1653-1659	audeas	
3-24	1659-1660	,	
3-25	1661-1665	quid	
3-26	1666-1670	verè	
3-27	1671-1675	fpir	
3-28	1676-1679	ret	
3-29	1679-1680	:	
3-30	1681-1686	certè	
3-31	1687-1696	affirmare	
3-32	1697-1700	vel	
3-33	1701-1705	iura	
3-34	1705-1706	.	
3-35	1707-1710	tus	
3-36	1711-1719	quisquer	
3-37	1720-1727	poteric	
3-38	1728-1732	vfum	
3-39	1733-1736	mam	
3-40	1737-1748	fragrantiam	
3-41	1749-1750	;	
3-42	1751-1756	quami	
3-43	1757-1763	aliqui	
3-44	1764-1774	praedicant	
3-45	1774-1775	,	
3-46	1776-1779	non	
3-47	1780-1783	fpi	
3-48	1783-1784	.	
3-49	1785-1792	saveuil	
3-50	1793-1794	:	
3-51	1794-1799	91910	
3-52	1800-1803	oto	
3-53	1803-1804	:	
3-54	1806-1810	Hinc	
3-55	1811-1817	factum	
3-56	1818-1822	esse	
3-57	1823-1829	opinor	
3-58	1829-1830	,	
3-59	1831-1834	bon	
3-60	1835-1841	vfurpa	
3-61	1842-1844	ve	
3-62	1845-1852	veteres	
3-63	1853-1856	eam	
3-64	1857-1858	,	
3-65	1859-1864	atque	
3-66	1865-1869	adeo	
3-67	1870-1878	Saguenta	
3-68	1879-1880	.	
3-69	1881-1889	zibechum	
3-70	1890-1891	&	
3-71	1892-1899	mofchum	
3-72	1900-1903	net	
3-73	1904-1912	glexerit	
3-74	1912-1913	.	

#Text=Neque enim edi.
4-1	1914-1919	Neque	
4-2	1920-1924	enim	
4-3	1925-1928	edi	
4-4	1928-1929	.	

#Text=Cur vete.
#Text=res ambra
#Text=
#Text=
#Text=
#Text=
#Text=
#Text=gaita,
#Text=
#Text=
#Text=
#Text=de nasca.
#Text=stimandum eft,vt aliqui fálSò existimasse vidétur, haec Ambra mo: pura fynceraque antiquitùs hos albe non fuisse , fed non fecus ac quitus cod opere aliquo; & artificio fa.
5-1	1930-1933	Cur	
5-2	1934-1938	vete	
5-3	1938-1939	.	
5-4	1940-1943	res	
5-5	1944-1949	ambra	
5-6	1955-1960	gaita	
5-7	1960-1961	,	
5-8	1965-1967	de	
5-9	1968-1973	nasca	
5-10	1973-1974	.	
5-11	1975-1984	stimandum	
5-12	1985-1988	eft	
5-13	1988-1989	,	
5-14	1989-1991	vt	
5-15	1992-1998	aliqui	
5-16	1999-2004	fálSò	
5-17	2005-2016	existimasse	
5-18	2017-2024	vidétur	
5-19	2024-2025	,	
5-20	2026-2030	haec	
5-21	2031-2036	Ambra	
5-22	2037-2039	mo	
5-23	2039-2040	:	
5-24	2041-2045	pura	
5-25	2046-2056	fynceraque	
5-26	2057-2067	antiquitùs	
5-27	2068-2071	hos	
5-28	2072-2076	albe	
5-29	2077-2080	non	
5-30	2081-2087	fuisse	
5-31	2088-2089	,	
5-32	2090-2093	fed	
5-33	2094-2097	non	
5-34	2098-2103	fecus	
5-35	2104-2106	ac	
5-36	2107-2113	quitus	
5-37	2114-2117	cod	
5-38	2118-2123	opere	
5-39	2124-2130	aliquo	
5-40	2130-2131	;	
5-41	2132-2133	&	
5-42	2134-2143	artificio	
5-43	2144-2146	fa	
5-44	2146-2147	.	
