#FORMAT=WebAnno TSV 3.3


#Text=22 Postquam autem messueritis segetem terræ vestræ, nec secabitis eam usque ad solum, nec remanentes spicas colligetis : sed pauperibus et peregrinis dimittetis eas.
1-1	2-4	22	
1-2	5-13	Postquam	
1-3	14-19	autem	
1-4	20-31	messueritis	
1-5	32-39	segetem	
1-6	40-45	terræ	
1-7	46-52	vestræ	
1-8	52-53	,	
1-9	54-57	nec	
1-10	58-67	secabitis	
1-11	68-71	eam	
1-12	72-77	usque	
1-13	78-80	ad	
1-14	81-86	solum	
1-15	86-87	,	
1-16	88-91	nec	
1-17	92-102	remanentes	
1-18	103-109	spicas	
1-19	110-120	colligetis	
1-20	121-122	:	
1-21	123-126	sed	
1-22	127-137	pauperibus	
1-23	138-140	et	
1-24	141-151	peregrinis	
1-25	152-162	dimittetis	
1-26	163-166	eas	
1-27	166-167	.	

#Text=Ego sum Dominus Deus vester.
#Text=23 Locutusque est Dominus ad Moysen, dicens : 24 Loquere filiis Israël : Mense septimo, prima die mensis, erit vobis sabbatum, memoriale, clangentibus tubis, et vocabitur sanctum : 25 omne opus servile non facietis in eo, et offeretis holocaustum Domino.
#Text=26 Locutusque est Dominus ad Moysen, dicens : 27 Decimo die mensis hujus septimi, dies expiationum erit celeberrimus, et vocabitur sanctus : affligetisque animas vestras in eo, et offeretis holocaustum Domino.
#Text=28 Omne opus servile non facietis in tempore diei hujus : quia dies propitiationis est, ut propitietur vobis Dominus Deus vester.
#Text=29 Omnis anima, quæ afflicta non fuerit die hac, peribit de populis suis : 30 et quæ operis quippiam fecerit, delebo eam de populo suo.
#Text=31 Nihil ergo operis facietis in eo : legitimum sempiternum erit vobis in cunctis generationibus, et habitationibus vestris.
#Text=32 Sabbatum requietionis est, et affligetis animas vestras die nono mensis : a vespera usque ad vesperam celebrabitis sabbata vestra.
#Text=33 Et locutus est Dominus ad Moysen, dicens : 34 Loquere filiis Israël : A quintodecimo die mensis hujus septimi, erunt feriæ tabernaculorum septem diebus Domino.
#Text=35 Dies primus vocabitur celeberrimus atque sanctissimus : omne opus servile non facietis in eo.
#Text=36 Et septem diebus offeretis holocausta Domino.
2-1	168-171	Ego	
2-2	172-175	sum	
2-3	176-183	Dominus	
2-4	184-188	Deus	
2-5	189-195	vester	
2-6	195-196	.	
2-7	197-199	23	
2-8	200-210	Locutusque	
2-9	211-214	est	
2-10	215-222	Dominus	
2-11	223-225	ad	
2-12	226-232	Moysen	
2-13	232-233	,	
2-14	234-240	dicens	
2-15	241-242	:	
2-16	243-245	24	
2-17	246-253	Loquere	
2-18	254-260	filiis	
2-19	261-267	Israël	
2-20	268-269	:	
2-21	270-275	Mense	
2-22	276-283	septimo	
2-23	283-284	,	
2-24	285-290	prima	
2-25	291-294	die	
2-26	295-301	mensis	
2-27	301-302	,	
2-28	303-307	erit	
2-29	308-313	vobis	
2-30	314-322	sabbatum	
2-31	322-323	,	
2-32	324-333	memoriale	
2-33	333-334	,	
2-34	335-347	clangentibus	
2-35	348-353	tubis	
2-36	353-354	,	
2-37	355-357	et	
2-38	358-367	vocabitur	
2-39	368-375	sanctum	
2-40	376-377	:	
2-41	378-380	25	
2-42	381-385	omne	
2-43	386-390	opus	
2-44	391-398	servile	
2-45	399-402	non	
2-46	403-411	facietis	
2-47	412-414	in	
2-48	415-417	eo	
2-49	417-418	,	
2-50	419-421	et	
2-51	422-431	offeretis	
2-52	432-443	holocaustum	
2-53	444-450	Domino	
2-54	450-451	.	
2-55	452-454	26	
2-56	455-465	Locutusque	
2-57	466-469	est	
2-58	470-477	Dominus	
2-59	478-480	ad	
2-60	481-487	Moysen	
2-61	487-488	,	
2-62	489-495	dicens	
2-63	496-497	:	
2-64	498-500	27	
2-65	501-507	Decimo	
2-66	508-511	die	
2-67	512-518	mensis	
2-68	519-524	hujus	
2-69	525-532	septimi	
2-70	532-533	,	
2-71	534-538	dies	
2-72	539-550	expiationum	
2-73	551-555	erit	
2-74	556-568	celeberrimus	
2-75	568-569	,	
2-76	570-572	et	
2-77	573-582	vocabitur	
2-78	583-590	sanctus	
2-79	591-592	:	
2-80	593-606	affligetisque	
2-81	607-613	animas	
2-82	614-621	vestras	
2-83	622-624	in	
2-84	625-627	eo	
2-85	627-628	,	
2-86	629-631	et	
2-87	632-641	offeretis	
2-88	642-653	holocaustum	
2-89	654-660	Domino	
2-90	660-661	.	
2-91	662-664	28	
2-92	665-669	Omne	
2-93	670-674	opus	
2-94	675-682	servile	
2-95	683-686	non	
2-96	687-695	facietis	
2-97	696-698	in	
2-98	699-706	tempore	
2-99	707-711	diei	
2-100	712-717	hujus	
2-101	718-719	:	
2-102	720-724	quia	
2-103	725-729	dies	
2-104	730-744	propitiationis	
2-105	745-748	est	
2-106	748-749	,	
2-107	750-752	ut	
2-108	753-764	propitietur	
2-109	765-770	vobis	
2-110	771-778	Dominus	
2-111	779-783	Deus	
2-112	784-790	vester	
2-113	790-791	.	
2-114	792-794	29	
2-115	795-800	Omnis	
2-116	801-806	anima	
2-117	806-807	,	
2-118	808-811	quæ	
2-119	812-820	afflicta	
2-120	821-824	non	
2-121	825-831	fuerit	
2-122	832-835	die	
2-123	836-839	hac	
2-124	839-840	,	
2-125	841-848	peribit	
2-126	849-851	de	
2-127	852-859	populis	
2-128	860-864	suis	
2-129	865-866	:	
2-130	867-869	30	
2-131	870-872	et	
2-132	873-876	quæ	
2-133	877-883	operis	
2-134	884-892	quippiam	
2-135	893-900	fecerit	
2-136	900-901	,	
2-137	902-908	delebo	
2-138	909-912	eam	
2-139	913-915	de	
2-140	916-922	populo	
2-141	923-926	suo	
2-142	926-927	.	
2-143	928-930	31	
2-144	931-936	Nihil	
2-145	937-941	ergo	
2-146	942-948	operis	
2-147	949-957	facietis	
2-148	958-960	in	
2-149	961-963	eo	
2-150	964-965	:	
2-151	966-975	legitimum	
2-152	976-987	sempiternum	
2-153	988-992	erit	
2-154	993-998	vobis	
2-155	999-1001	in	
2-156	1002-1009	cunctis	
2-157	1010-1024	generationibus	
2-158	1024-1025	,	
2-159	1026-1028	et	
2-160	1029-1043	habitationibus	
2-161	1044-1051	vestris	
2-162	1051-1052	.	
2-163	1053-1055	32	
2-164	1056-1064	Sabbatum	
2-165	1065-1077	requietionis	
2-166	1078-1081	est	
2-167	1081-1082	,	
2-168	1083-1085	et	
2-169	1086-1096	affligetis	
2-170	1097-1103	animas	
2-171	1104-1111	vestras	
2-172	1112-1115	die	
2-173	1116-1120	nono	
2-174	1121-1127	mensis	
2-175	1128-1129	:	
2-176	1130-1131	a	
2-177	1132-1139	vespera	
2-178	1140-1145	usque	
2-179	1146-1148	ad	
2-180	1149-1157	vesperam	
2-181	1158-1170	celebrabitis	
2-182	1171-1178	sabbata	
2-183	1179-1185	vestra	
2-184	1185-1186	.	
2-185	1187-1189	33	
2-186	1190-1192	Et	
2-187	1193-1200	locutus	
2-188	1201-1204	est	
2-189	1205-1212	Dominus	
2-190	1213-1215	ad	
2-191	1216-1222	Moysen	
2-192	1222-1223	,	
2-193	1224-1230	dicens	
2-194	1231-1232	:	
2-195	1233-1235	34	
2-196	1236-1243	Loquere	
2-197	1244-1250	filiis	
2-198	1251-1257	Israël	
2-199	1258-1259	:	
2-200	1260-1261	A	
2-201	1262-1274	quintodecimo	
2-202	1275-1278	die	
2-203	1279-1285	mensis	
2-204	1286-1291	hujus	
2-205	1292-1299	septimi	
2-206	1299-1300	,	
2-207	1301-1306	erunt	
2-208	1307-1312	feriæ	
2-209	1313-1327	tabernaculorum	
2-210	1328-1334	septem	
2-211	1335-1341	diebus	
2-212	1342-1348	Domino	
2-213	1348-1349	.	
2-214	1350-1352	35	
2-215	1353-1357	Dies	
2-216	1358-1364	primus	
2-217	1365-1374	vocabitur	
2-218	1375-1387	celeberrimus	
2-219	1388-1393	atque	
2-220	1394-1406	sanctissimus	
2-221	1407-1408	:	
2-222	1409-1413	omne	
2-223	1414-1418	opus	
2-224	1419-1426	servile	
2-225	1427-1430	non	
2-226	1431-1439	facietis	
2-227	1440-1442	in	
2-228	1443-1445	eo	
2-229	1445-1446	.	
2-230	1447-1449	36	
2-231	1450-1452	Et	
2-232	1453-1459	septem	
2-233	1460-1466	diebus	
2-234	1467-1476	offeretis	
2-235	1477-1487	holocausta	
2-236	1488-1494	Domino	
2-237	1494-1495	.	

#Text=Dies quoque octavus erit celeberrimus, atque sanctissimus, et offeretis holocaustum Domino : est enim cœtus atque collectæ : omne opus servile non facietis in eo.
#Text=37 Hæ sunt feriæ Domini, quas vocabitis celeberrimas atque sanctissimas, offeretisque in eis oblationes Domino, holocausta et libamenta juxta ritum uniuscujusque diei : 38 exceptis sabbatis Domini, donisque vestris, et quæ offeretis ex voto, vel quæ sponte tribuetis Domino.
#Text=39 A quintodecimo ergo die mensis septimi, quando congregaveritis omnes fructus terræ vestræ, celebrabitis ferias Domini septem diebus : die primo et die octavo erit sabbatum, id est, requies.
#Text=40 Sumetisque vobis die primo fructus arboris pulcherrimæ, spatulasque palmarum, et ramos ligni densarum frondium, et salices de torrente, et lætabimini coram Domino Deo vestro.
#Text=41 Celebrabitisque solemnitatem ejus septem diebus per annum : legitimum sempiternum erit in generationibus vestris.
3-1	1496-1500	Dies	
3-2	1501-1507	quoque	
3-3	1508-1515	octavus	
3-4	1516-1520	erit	
3-5	1521-1533	celeberrimus	
3-6	1533-1534	,	
3-7	1535-1540	atque	
3-8	1541-1553	sanctissimus	
3-9	1553-1554	,	
3-10	1555-1557	et	
3-11	1558-1567	offeretis	
3-12	1568-1579	holocaustum	
3-13	1580-1586	Domino	
3-14	1587-1588	:	
3-15	1589-1592	est	
3-16	1593-1597	enim	
3-17	1598-1603	cœtus	
3-18	1604-1609	atque	
3-19	1610-1618	collectæ	
3-20	1619-1620	:	
3-21	1621-1625	omne	
3-22	1626-1630	opus	
3-23	1631-1638	servile	
3-24	1639-1642	non	
3-25	1643-1651	facietis	
3-26	1652-1654	in	
3-27	1655-1657	eo	
3-28	1657-1658	.	
3-29	1659-1661	37	
3-30	1662-1664	Hæ	
3-31	1665-1669	sunt	
3-32	1670-1675	feriæ	
3-33	1676-1682	Domini	
3-34	1682-1683	,	
3-35	1684-1688	quas	
3-36	1689-1698	vocabitis	
3-37	1699-1711	celeberrimas	
3-38	1712-1717	atque	
3-39	1718-1730	sanctissimas	
3-40	1730-1731	,	
3-41	1732-1744	offeretisque	
3-42	1745-1747	in	
3-43	1748-1751	eis	
3-44	1752-1762	oblationes	
3-45	1763-1769	Domino	
3-46	1769-1770	,	
3-47	1771-1781	holocausta	
3-48	1782-1784	et	
3-49	1785-1794	libamenta	
3-50	1795-1800	juxta	
3-51	1801-1806	ritum	
3-52	1807-1820	uniuscujusque	
3-53	1821-1825	diei	
3-54	1826-1827	:	
3-55	1828-1830	38	
3-56	1831-1839	exceptis	
3-57	1840-1848	sabbatis	
3-58	1849-1855	Domini	
3-59	1855-1856	,	
3-60	1857-1865	donisque	
3-61	1866-1873	vestris	
3-62	1873-1874	,	
3-63	1875-1877	et	
3-64	1878-1881	quæ	
3-65	1882-1891	offeretis	
3-66	1892-1894	ex	
3-67	1895-1899	voto	
3-68	1899-1900	,	
3-69	1901-1904	vel	
3-70	1905-1908	quæ	
3-71	1909-1915	sponte	
3-72	1916-1925	tribuetis	
3-73	1926-1932	Domino	
3-74	1932-1933	.	
3-75	1934-1936	39	
3-76	1937-1938	A	
3-77	1939-1951	quintodecimo	
3-78	1952-1956	ergo	
3-79	1957-1960	die	
3-80	1961-1967	mensis	
3-81	1968-1975	septimi	
3-82	1975-1976	,	
3-83	1977-1983	quando	
3-84	1984-1999	congregaveritis	
3-85	2000-2005	omnes	
3-86	2006-2013	fructus	
3-87	2014-2019	terræ	
3-88	2020-2026	vestræ	
3-89	2026-2027	,	
3-90	2028-2040	celebrabitis	
3-91	2041-2047	ferias	
3-92	2048-2054	Domini	
3-93	2055-2061	septem	
3-94	2062-2068	diebus	
3-95	2069-2070	:	
3-96	2071-2074	die	
3-97	2075-2080	primo	
3-98	2081-2083	et	
3-99	2084-2087	die	
3-100	2088-2094	octavo	
3-101	2095-2099	erit	
3-102	2100-2108	sabbatum	
3-103	2108-2109	,	
3-104	2110-2112	id	
3-105	2113-2116	est	
3-106	2116-2117	,	
3-107	2118-2125	requies	
3-108	2125-2126	.	
3-109	2127-2129	40	
3-110	2130-2140	Sumetisque	
3-111	2141-2146	vobis	
3-112	2147-2150	die	
3-113	2151-2156	primo	
3-114	2157-2164	fructus	
3-115	2165-2172	arboris	
3-116	2173-2184	pulcherrimæ	
3-117	2184-2185	,	
3-118	2186-2197	spatulasque	
3-119	2198-2206	palmarum	
3-120	2206-2207	,	
3-121	2208-2210	et	
3-122	2211-2216	ramos	
3-123	2217-2222	ligni	
3-124	2223-2231	densarum	
3-125	2232-2240	frondium	
3-126	2240-2241	,	
3-127	2242-2244	et	
3-128	2245-2252	salices	
3-129	2253-2255	de	
3-130	2256-2264	torrente	
3-131	2264-2265	,	
3-132	2266-2268	et	
3-133	2269-2279	lætabimini	
3-134	2280-2285	coram	
3-135	2286-2292	Domino	
3-136	2293-2296	Deo	
3-137	2297-2303	vestro	
3-138	2303-2304	.	
3-139	2305-2307	41	
3-140	2308-2323	Celebrabitisque	
3-141	2324-2336	solemnitatem	
3-142	2337-2341	ejus	
3-143	2342-2348	septem	
3-144	2349-2355	diebus	
3-145	2356-2359	per	
3-146	2360-2365	annum	
3-147	2366-2367	:	
3-148	2368-2377	legitimum	
3-149	2378-2389	sempiternum	
3-150	2390-2394	erit	
3-151	2395-2397	in	
3-152	2398-2412	generationibus	
3-153	2413-2420	vestris	
3-154	2420-2421	.	

#Text=Mense septimo festa celebrabitis, 42 et habitabitis in umbraculis septem diebus : omnis, qui de genere est Israël, manebit in tabernaculis, 43 ut discant posteri vestri quod in tabernaculis habitare fecerim filios Israël, cum educerem eos de terra Ægypti.
4-1	2422-2427	Mense	
4-2	2428-2435	septimo	
4-3	2436-2441	festa	
4-4	2442-2454	celebrabitis	
4-5	2454-2455	,	
4-6	2456-2458	42	
4-7	2459-2461	et	
4-8	2462-2473	habitabitis	
4-9	2474-2476	in	
4-10	2477-2487	umbraculis	
4-11	2488-2494	septem	
4-12	2495-2501	diebus	
4-13	2502-2503	:	
4-14	2504-2509	omnis	
4-15	2509-2510	,	
4-16	2511-2514	qui	
4-17	2515-2517	de	
4-18	2518-2524	genere	
4-19	2525-2528	est	
4-20	2529-2535	Israël	
4-21	2535-2536	,	
4-22	2537-2544	manebit	
4-23	2545-2547	in	
4-24	2548-2560	tabernaculis	
4-25	2560-2561	,	
4-26	2562-2564	43	
4-27	2565-2567	ut	
4-28	2568-2575	discant	
4-29	2576-2583	posteri	
4-30	2584-2590	vestri	
4-31	2591-2595	quod	
4-32	2596-2598	in	
4-33	2599-2611	tabernaculis	
4-34	2612-2620	habitare	
4-35	2621-2628	fecerim	
4-36	2629-2635	filios	
4-37	2636-2642	Israël	
4-38	2642-2643	,	
4-39	2644-2647	cum	
4-40	2648-2656	educerem	
4-41	2657-2660	eos	
4-42	2661-2663	de	
4-43	2664-2669	terra	
4-44	2670-2676	Ægypti	
4-45	2676-2677	.	

#Text=Ego Dominus Deus vester.
#Text=44 Locutusque est Moyses super solemnitatibus Domini ad filios Israël.
5-1	2678-2681	Ego	
5-2	2682-2689	Dominus	
5-3	2690-2694	Deus	
5-4	2695-2701	vester	
5-5	2701-2702	.	
5-6	2703-2705	44	
5-7	2706-2716	Locutusque	
5-8	2717-2720	est	
5-9	2721-2727	Moyses	
5-10	2728-2733	super	
5-11	2734-2748	solemnitatibus	
5-12	2749-2755	Domini	
5-13	2756-2758	ad	
5-14	2759-2765	filios	
5-15	2766-2772	Israël	
5-16	2772-2773	.	

#Text=Caput 24
#Text=
#Text=
#Text=1 Et locutus est Dominus ad Moysen, dicens : 2 Præcipe filiis Israël, ut afferant tibi oleum de olivis purissimum, ac lucidum, ad concinnandas lucernas jugiter, 3 extra velum testimonii in tabernaculo fœderis.
6-1	2774-2779	Caput	
6-2	2780-2782	24	
6-3	2785-2786	1	
6-4	2787-2789	Et	
6-5	2790-2797	locutus	
6-6	2798-2801	est	
6-7	2802-2809	Dominus	
6-8	2810-2812	ad	
6-9	2813-2819	Moysen	
6-10	2819-2820	,	
6-11	2821-2827	dicens	
6-12	2828-2829	:	
6-13	2830-2831	2	
6-14	2832-2839	Præcipe	
6-15	2840-2846	filiis	
6-16	2847-2853	Israël	
6-17	2853-2854	,	
6-18	2855-2857	ut	
6-19	2858-2866	afferant	
6-20	2867-2871	tibi	
6-21	2872-2877	oleum	
6-22	2878-2880	de	
6-23	2881-2887	olivis	
6-24	2888-2898	purissimum	
6-25	2898-2899	,	
6-26	2900-2902	ac	
6-27	2903-2910	lucidum	
6-28	2910-2911	,	
6-29	2912-2914	ad	
6-30	2915-2927	concinnandas	
6-31	2928-2936	lucernas	
6-32	2937-2944	jugiter	
6-33	2944-2945	,	
6-34	2946-2947	3	
6-35	2948-2953	extra	
6-36	2954-2959	velum	
6-37	2960-2970	testimonii	
6-38	2971-2973	in	
6-39	2974-2985	tabernaculo	
6-40	2986-2993	fœderis	
6-41	2993-2994	.	
