#FORMAT=WebAnno TSV 3.3
#T_SP=custom.Span|label
#T_RL=custom.Relation|label|BT_custom.Span


#Text=Sorbus ſylveſtris Anglica, Park.
1-1	3-9	Sorbus	_	_	_	
1-2	10-20	ſylveſtris	_	_	_	
1-3	21-28	Anglica	_	_	_	
1-4	28-29	,	_	_	_	
1-5	30-34	Park	_	_	_	
1-6	34-35	.	_	_	_	

#Text=Engliſch/
#Text=Ned
#Text=Cheſs-apples/ or Engliſch wild Service.
2-1	36-44	Engliſch	_	_	_	
2-2	44-45	/	_	_	_	
2-3	46-49	Ned	_	_	_	
2-4	50-62	Cheſs-apples	_	_	_	
2-5	62-63	/	_	_	_	
2-6	64-66	or	_	_	_	
2-7	67-75	Engliſch	_	_	_	
2-8	76-80	wild	_	_	_	
2-9	81-88	Service	_	_	_	
2-10	88-89	.	_	_	_	

#Text=Geſchlecht vnd Geſtalt.
3-1	94-104	Geſchlecht	_	_	_	
3-2	105-108	vnd	_	_	_	
3-3	109-116	Geſtalt	_	_	_	
3-4	116-117	.	_	_	_	

#Text=Der Sperwerbaum iſt zweyerley/
#Text=nam-
#Text=lich das Maͤnlein und Weiblein.
4-1	120-123	Der	_	_	_	
4-2	124-135	Sperwerbaum	_	_	_	
4-3	136-139	iſt	_	_	_	
4-4	140-149	zweyerley	_	_	_	
4-5	149-150	/	_	_	_	
4-6	151-154	nam	_	_	_	
4-7	154-155	-	_	_	_	
4-8	156-160	lich	_	_	_	
4-9	161-164	das	_	_	_	
4-10	165-173	Maͤnlein	_	_	_	
4-11	174-177	und	_	_	_	
4-12	178-186	Weiblein	_	_	_	
4-13	186-187	.	_	_	_	

#Text=Sie
#Text=wer-
#Text=den an der Frucht underſcheiden/ denn die
#Text=Aepffel des Maͤnleins ſind rund/ und an
#Text=dem Weiblein langlicht/ wie ein Ey oder
#Text=Birn: es ſind auch des Maͤnleins Aepffel
#Text=
#Text=an dem geruch lieblicher/ als des Weibleins.
5-1	188-191	Sie	_	_	_	
5-2	192-195	wer	_	_	_	
5-3	195-196	-	_	_	_	
5-4	197-200	den	_	_	_	
5-5	201-203	an	_	_	_	
5-6	204-207	der	_	_	_	
5-7	208-214	Frucht	_	_	_	
5-8	215-228	underſcheiden	_	_	_	
5-9	228-229	/	_	_	_	
5-10	230-234	denn	_	_	_	
5-11	235-238	die	_	_	_	
5-12	239-246	Aepffel	_	_	_	
5-13	247-250	des	_	_	_	
5-14	251-260	Maͤnleins	_	_	_	
5-15	261-265	ſind	_	_	_	
5-16	266-270	rund	_	_	_	
5-17	270-271	/	_	_	_	
5-18	272-275	und	_	_	_	
5-19	276-278	an	_	_	_	
5-20	279-282	dem	_	_	_	
5-21	283-291	Weiblein	_	_	_	
5-22	292-301	langlicht	_	_	_	
5-23	301-302	/	_	_	_	
5-24	303-306	wie	_	_	_	
5-25	307-310	ein	_	_	_	
5-26	311-313	Ey	_	_	_	
5-27	314-318	oder	_	_	_	
5-28	319-323	Birn	_	_	_	
5-29	323-324	:	_	_	_	
5-30	325-327	es	_	_	_	
5-31	328-332	ſind	_	_	_	
5-32	333-337	auch	_	_	_	
5-33	338-341	des	Smell\_Source[1]	_	_	
5-34	342-351	Maͤnleins	Smell\_Source[1]	_	_	
5-35	352-359	Aepffel	Smell\_Source[1]	_	_	
5-36	361-363	an	_	_	_	
5-37	364-367	dem	_	_	_	
5-38	368-374	geruch	Smell\_Word	*|*	5-33[1_0]|5-39[2_0]	
5-39	375-385	lieblicher	Quality[2]	_	_	
5-40	385-386	/	Quality[2]	_	_	
5-41	387-390	als	Quality[2]	_	_	
5-42	391-394	des	Quality[2]	_	_	
5-43	395-404	Weibleins	Quality[2]	_	_	
5-44	404-405	.	_	_	_	

#Text=Dieſe zwey
#Text=Geſchlecht werden widerumb
#Text=getheilet/ in das zahme und wilde.
6-1	409-414	Dieſe	_	_	_	
6-2	415-419	zwey	_	_	_	
6-3	420-430	Geſchlecht	_	_	_	
6-4	431-437	werden	_	_	_	
6-5	438-446	widerumb	_	_	_	
6-6	447-456	getheilet	_	_	_	
6-7	456-457	/	_	_	_	
6-8	458-460	in	_	_	_	
6-9	461-464	das	_	_	_	
6-10	465-470	zahme	_	_	_	
6-11	471-474	und	_	_	_	
6-12	475-480	wilde	_	_	_	
6-13	480-481	.	_	_	_	

#Text=Der zah-
#Text=me Sperwerbaum ſteiget auff mit einem
#Text=graden hohen Stam̃en/ ſpreitet ſeine aͤſte in
#Text=die hoͤhe und weite/ hat Blaͤtter gleich dem
#Text=Eſchbaum/ außgenohmen/
#Text=daß ſie ſchmaler/
#Text=auff dem Rucken weißlicht/ und an dem um-
#Text=kreiß zerkerbt ſind/ hangen an einem langen
#Text=ſtill/ ſiben oder acht paar nacheinander.
7-1	482-485	Der	_	_	_	
7-2	486-489	zah	_	_	_	
7-3	489-490	-	_	_	_	
7-4	491-493	me	_	_	_	
7-5	494-505	Sperwerbaum	_	_	_	
7-6	506-513	ſteiget	_	_	_	
7-7	514-518	auff	_	_	_	
7-8	519-522	mit	_	_	_	
7-9	523-528	einem	_	_	_	
7-10	529-535	graden	_	_	_	
7-11	536-541	hohen	_	_	_	
7-12	542-549	Stam̃en	_	_	_	
7-13	549-550	/	_	_	_	
7-14	551-559	ſpreitet	_	_	_	
7-15	560-565	ſeine	_	_	_	
7-16	566-571	aͤſte	_	_	_	
7-17	572-574	in	_	_	_	
7-18	575-578	die	_	_	_	
7-19	579-584	hoͤhe	_	_	_	
7-20	585-588	und	_	_	_	
7-21	589-594	weite	_	_	_	
7-22	594-595	/	_	_	_	
7-23	596-599	hat	_	_	_	
7-24	600-608	Blaͤtter	_	_	_	
7-25	609-615	gleich	_	_	_	
7-26	616-619	dem	_	_	_	
7-27	620-628	Eſchbaum	_	_	_	
7-28	628-629	/	_	_	_	
7-29	630-641	außgenohmen	_	_	_	
7-30	641-642	/	_	_	_	
7-31	643-646	daß	_	_	_	
7-32	647-650	ſie	_	_	_	
7-33	651-659	ſchmaler	_	_	_	
7-34	659-660	/	_	_	_	
7-35	661-665	auff	_	_	_	
7-36	666-669	dem	_	_	_	
7-37	670-676	Rucken	_	_	_	
7-38	677-686	weißlicht	_	_	_	
7-39	686-687	/	_	_	_	
7-40	688-691	und	_	_	_	
7-41	692-694	an	_	_	_	
7-42	695-698	dem	_	_	_	
7-43	699-701	um	_	_	_	
7-44	701-702	-	_	_	_	
7-45	703-708	kreiß	_	_	_	
7-46	709-717	zerkerbt	_	_	_	
7-47	718-722	ſind	_	_	_	
7-48	722-723	/	_	_	_	
7-49	724-730	hangen	_	_	_	
7-50	731-733	an	_	_	_	
7-51	734-739	einem	_	_	_	
7-52	740-746	langen	_	_	_	
7-53	747-752	ſtill	_	_	_	
7-54	752-753	/	_	_	_	
7-55	754-759	ſiben	_	_	_	
7-56	760-764	oder	_	_	_	
7-57	765-769	acht	_	_	_	
7-58	770-774	paar	_	_	_	
7-59	775-787	nacheinander	_	_	_	
7-60	787-788	.	_	_	_	

#Text=Die
#Text=Bluͤhte hanget mit den Blaͤtteren an einem
#Text=aͤſtlein/ und ſproſſet auß einem ſtielein/ ſo uͤ-
#Text=ber ein zoll lang;
#Text=Sie iſt weiß und drauſch-
#Text=licht viel an einander.
8-1	789-792	Die	_	_	_	
8-2	793-800	Bluͤhte	_	_	_	
8-3	801-807	hanget	_	_	_	
8-4	808-811	mit	_	_	_	
8-5	812-815	den	_	_	_	
8-6	816-826	Blaͤtteren	_	_	_	
8-7	827-829	an	_	_	_	
8-8	830-835	einem	_	_	_	
8-9	836-844	aͤſtlein	_	_	_	
8-10	844-845	/	_	_	_	
8-11	846-849	und	_	_	_	
8-12	850-858	ſproſſet	_	_	_	
8-13	859-862	auß	_	_	_	
8-14	863-868	einem	_	_	_	
8-15	869-877	ſtielein	_	_	_	
8-16	877-878	/	_	_	_	
8-17	879-881	ſo	_	_	_	
8-18	882-884	uͤ	_	_	_	
8-19	884-885	-	_	_	_	
8-20	886-889	ber	_	_	_	
8-21	890-893	ein	_	_	_	
8-22	894-898	zoll	_	_	_	
8-23	899-903	lang	_	_	_	
8-24	903-904	;	_	_	_	
8-25	905-908	Sie	_	_	_	
8-26	909-912	iſt	_	_	_	
8-27	913-917	weiß	_	_	_	
8-28	918-921	und	_	_	_	
8-29	922-929	drauſch	_	_	_	
8-30	929-930	-	_	_	_	
8-31	931-936	licht	_	_	_	
8-32	937-941	viel	_	_	_	
8-33	942-944	an	_	_	_	
8-34	945-953	einander	_	_	_	
8-35	953-954	.	_	_	_	

#Text=So die Blumen ab-
#Text=fallen/ erſcheinen Birlein- oder Apffel/ auff
#Text=
#Text=der einen ſeiten bleichgelb/
9-1	955-957	So	_	_	_	
9-2	958-961	die	_	_	_	
9-3	962-968	Blumen	_	_	_	
9-4	969-971	ab	_	_	_	
9-5	971-972	-	_	_	_	
9-6	973-979	fallen	_	_	_	
9-7	979-980	/	_	_	_	
9-8	981-991	erſcheinen	_	_	_	
9-9	992-999	Birlein	_	_	_	
9-10	999-1000	-	_	_	_	
9-11	1001-1005	oder	_	_	_	
9-12	1006-1012	Apffel	_	_	_	
9-13	1012-1013	/	_	_	_	
9-14	1014-1018	auff	_	_	_	
9-15	1020-1023	der	_	_	_	
9-16	1024-1029	einen	_	_	_	
9-17	1030-1036	ſeiten	_	_	_	
9-18	1037-1047	bleichgelb	_	_	_	
9-19	1047-1048	/	_	_	_	
