#FORMAT=WebAnno TSV 3.3


#Text=Cumque retulisset Moyses verba populi ad Dominum, 9 ait ei Dominus : Jam nunc veniam ad te in caligine nubis, ut audiat me populus loquentem ad te, et credat tibi in perpetuum.
1-1	2-8	Cumque	
1-2	9-19	retulisset	
1-3	20-26	Moyses	
1-4	27-32	verba	
1-5	33-39	populi	
1-6	40-42	ad	
1-7	43-50	Dominum	
1-8	50-51	,	
1-9	52-53	9	
1-10	54-57	ait	
1-11	58-60	ei	
1-12	61-68	Dominus	
1-13	69-70	:	
1-14	71-74	Jam	
1-15	75-79	nunc	
1-16	80-86	veniam	
1-17	87-89	ad	
1-18	90-92	te	
1-19	93-95	in	
1-20	96-104	caligine	
1-21	105-110	nubis	
1-22	110-111	,	
1-23	112-114	ut	
1-24	115-121	audiat	
1-25	122-124	me	
1-26	125-132	populus	
1-27	133-142	loquentem	
1-28	143-145	ad	
1-29	146-148	te	
1-30	148-149	,	
1-31	150-152	et	
1-32	153-159	credat	
1-33	160-164	tibi	
1-34	165-167	in	
1-35	168-177	perpetuum	
1-36	177-178	.	

#Text=Nuntiavit ergo Moyses verba populi ad Dominum.
#Text=10 Qui dixit ei : Vade ad populum, et sanctifica illos hodie, et cras, laventque vestimenta sua.
#Text=11 Et sint parati in diem tertium : in die enim tertia descendet Dominus coram omni plebe super montem Sinai.
#Text=12 Constituesque terminos populo per circuitum, et dices ad eos : Cavete ne ascendatis in montem, nec tangatis fines illius : omnis qui tetigerit montem, morte morietur.
#Text=13 Manus non tanget eum, sed lapidibus opprimetur, aut confodietur jaculis : sive jumentum fuerit, sive homo, non vivet : cum cœperit clangere buccina, tunc ascendant in montem.
#Text=14 Descenditque Moyses de monte ad populum, et sanctificavit eum.
2-1	179-188	Nuntiavit	
2-2	189-193	ergo	
2-3	194-200	Moyses	
2-4	201-206	verba	
2-5	207-213	populi	
2-6	214-216	ad	
2-7	217-224	Dominum	
2-8	224-225	.	
2-9	226-228	10	
2-10	229-232	Qui	
2-11	233-238	dixit	
2-12	239-241	ei	
2-13	242-243	:	
2-14	244-248	Vade	
2-15	249-251	ad	
2-16	252-259	populum	
2-17	259-260	,	
2-18	261-263	et	
2-19	264-274	sanctifica	
2-20	275-280	illos	
2-21	281-286	hodie	
2-22	286-287	,	
2-23	288-290	et	
2-24	291-295	cras	
2-25	295-296	,	
2-26	297-306	laventque	
2-27	307-317	vestimenta	
2-28	318-321	sua	
2-29	321-322	.	
2-30	323-325	11	
2-31	326-328	Et	
2-32	329-333	sint	
2-33	334-340	parati	
2-34	341-343	in	
2-35	344-348	diem	
2-36	349-356	tertium	
2-37	357-358	:	
2-38	359-361	in	
2-39	362-365	die	
2-40	366-370	enim	
2-41	371-377	tertia	
2-42	378-387	descendet	
2-43	388-395	Dominus	
2-44	396-401	coram	
2-45	402-406	omni	
2-46	407-412	plebe	
2-47	413-418	super	
2-48	419-425	montem	
2-49	426-431	Sinai	
2-50	431-432	.	
2-51	433-435	12	
2-52	436-449	Constituesque	
2-53	450-458	terminos	
2-54	459-465	populo	
2-55	466-469	per	
2-56	470-479	circuitum	
2-57	479-480	,	
2-58	481-483	et	
2-59	484-489	dices	
2-60	490-492	ad	
2-61	493-496	eos	
2-62	497-498	:	
2-63	499-505	Cavete	
2-64	506-508	ne	
2-65	509-519	ascendatis	
2-66	520-522	in	
2-67	523-529	montem	
2-68	529-530	,	
2-69	531-534	nec	
2-70	535-543	tangatis	
2-71	544-549	fines	
2-72	550-556	illius	
2-73	557-558	:	
2-74	559-564	omnis	
2-75	565-568	qui	
2-76	569-578	tetigerit	
2-77	579-585	montem	
2-78	585-586	,	
2-79	587-592	morte	
2-80	593-601	morietur	
2-81	601-602	.	
2-82	603-605	13	
2-83	606-611	Manus	
2-84	612-615	non	
2-85	616-622	tanget	
2-86	623-626	eum	
2-87	626-627	,	
2-88	628-631	sed	
2-89	632-641	lapidibus	
2-90	642-652	opprimetur	
2-91	652-653	,	
2-92	654-657	aut	
2-93	658-669	confodietur	
2-94	670-677	jaculis	
2-95	678-679	:	
2-96	680-684	sive	
2-97	685-693	jumentum	
2-98	694-700	fuerit	
2-99	700-701	,	
2-100	702-706	sive	
2-101	707-711	homo	
2-102	711-712	,	
2-103	713-716	non	
2-104	717-722	vivet	
2-105	723-724	:	
2-106	725-728	cum	
2-107	729-736	cœperit	
2-108	737-745	clangere	
2-109	746-753	buccina	
2-110	753-754	,	
2-111	755-759	tunc	
2-112	760-769	ascendant	
2-113	770-772	in	
2-114	773-779	montem	
2-115	779-780	.	
2-116	781-783	14	
2-117	784-796	Descenditque	
2-118	797-803	Moyses	
2-119	804-806	de	
2-120	807-812	monte	
2-121	813-815	ad	
2-122	816-823	populum	
2-123	823-824	,	
2-124	825-827	et	
2-125	828-841	sanctificavit	
2-126	842-845	eum	
2-127	845-846	.	

#Text=Cumque lavissent vestimenta sua, 15 ait ad eos : Estote parati in diem tertium, et ne appropinquetis uxoribus vestris.
#Text=16 Jamque advenerat tertius dies, et mane inclaruerat : et ecce cœperunt audiri tonitrua, ac micare fulgura, et nubes densissima operire montem, clangorque buccinæ vehementius perstrepebat : et timuit populus qui erat in castris.
#Text=17 Cumque eduxisset eos Moyses in occursum Dei de loco castrorum, steterunt ad radices montis.
#Text=18 Totus autem mons Sinai fumabat, eo quod descendisset Dominus super eum in igne : et ascenderet fumus ex eo quasi de fornace, eratque omnis mons terribilis.
#Text=19 Et sonitus buccinæ paulatim crescebat in majus, et prolixius tendebatur : Moyses loquebatur, et Deus respondebat ei.
#Text=20 Descenditque Dominus super montem Sinai in ipso montis vertice, et vocavit Moysen in cacumen ejus.
3-1	847-853	Cumque	
3-2	854-863	lavissent	
3-3	864-874	vestimenta	
3-4	875-878	sua	
3-5	878-879	,	
3-6	880-882	15	
3-7	883-886	ait	
3-8	887-889	ad	
3-9	890-893	eos	
3-10	894-895	:	
3-11	896-902	Estote	
3-12	903-909	parati	
3-13	910-912	in	
3-14	913-917	diem	
3-15	918-925	tertium	
3-16	925-926	,	
3-17	927-929	et	
3-18	930-932	ne	
3-19	933-947	appropinquetis	
3-20	948-956	uxoribus	
3-21	957-964	vestris	
3-22	964-965	.	
3-23	966-968	16	
3-24	969-975	Jamque	
3-25	976-985	advenerat	
3-26	986-993	tertius	
3-27	994-998	dies	
3-28	998-999	,	
3-29	1000-1002	et	
3-30	1003-1007	mane	
3-31	1008-1019	inclaruerat	
3-32	1020-1021	:	
3-33	1022-1024	et	
3-34	1025-1029	ecce	
3-35	1030-1038	cœperunt	
3-36	1039-1045	audiri	
3-37	1046-1054	tonitrua	
3-38	1054-1055	,	
3-39	1056-1058	ac	
3-40	1059-1065	micare	
3-41	1066-1073	fulgura	
3-42	1073-1074	,	
3-43	1075-1077	et	
3-44	1078-1083	nubes	
3-45	1084-1094	densissima	
3-46	1095-1102	operire	
3-47	1103-1109	montem	
3-48	1109-1110	,	
3-49	1111-1121	clangorque	
3-50	1122-1129	buccinæ	
3-51	1130-1141	vehementius	
3-52	1142-1154	perstrepebat	
3-53	1155-1156	:	
3-54	1157-1159	et	
3-55	1160-1166	timuit	
3-56	1167-1174	populus	
3-57	1175-1178	qui	
3-58	1179-1183	erat	
3-59	1184-1186	in	
3-60	1187-1194	castris	
3-61	1194-1195	.	
3-62	1196-1198	17	
3-63	1199-1205	Cumque	
3-64	1206-1215	eduxisset	
3-65	1216-1219	eos	
3-66	1220-1226	Moyses	
3-67	1227-1229	in	
3-68	1230-1238	occursum	
3-69	1239-1242	Dei	
3-70	1243-1245	de	
3-71	1246-1250	loco	
3-72	1251-1260	castrorum	
3-73	1260-1261	,	
3-74	1262-1271	steterunt	
3-75	1272-1274	ad	
3-76	1275-1282	radices	
3-77	1283-1289	montis	
3-78	1289-1290	.	
3-79	1291-1293	18	
3-80	1294-1299	Totus	
3-81	1300-1305	autem	
3-82	1306-1310	mons	
3-83	1311-1316	Sinai	
3-84	1317-1324	fumabat	
3-85	1324-1325	,	
3-86	1326-1328	eo	
3-87	1329-1333	quod	
3-88	1334-1346	descendisset	
3-89	1347-1354	Dominus	
3-90	1355-1360	super	
3-91	1361-1364	eum	
3-92	1365-1367	in	
3-93	1368-1372	igne	
3-94	1373-1374	:	
3-95	1375-1377	et	
3-96	1378-1388	ascenderet	
3-97	1389-1394	fumus	
3-98	1395-1397	ex	
3-99	1398-1400	eo	
3-100	1401-1406	quasi	
3-101	1407-1409	de	
3-102	1410-1417	fornace	
3-103	1417-1418	,	
3-104	1419-1426	eratque	
3-105	1427-1432	omnis	
3-106	1433-1437	mons	
3-107	1438-1448	terribilis	
3-108	1448-1449	.	
3-109	1450-1452	19	
3-110	1453-1455	Et	
3-111	1456-1463	sonitus	
3-112	1464-1471	buccinæ	
3-113	1472-1480	paulatim	
3-114	1481-1490	crescebat	
3-115	1491-1493	in	
3-116	1494-1499	majus	
3-117	1499-1500	,	
3-118	1501-1503	et	
3-119	1504-1513	prolixius	
3-120	1514-1524	tendebatur	
3-121	1525-1526	:	
3-122	1527-1533	Moyses	
3-123	1534-1544	loquebatur	
3-124	1544-1545	,	
3-125	1546-1548	et	
3-126	1549-1553	Deus	
3-127	1554-1565	respondebat	
3-128	1566-1568	ei	
3-129	1568-1569	.	
3-130	1570-1572	20	
3-131	1573-1585	Descenditque	
3-132	1586-1593	Dominus	
3-133	1594-1599	super	
3-134	1600-1606	montem	
3-135	1607-1612	Sinai	
3-136	1613-1615	in	
3-137	1616-1620	ipso	
3-138	1621-1627	montis	
3-139	1628-1635	vertice	
3-140	1635-1636	,	
3-141	1637-1639	et	
3-142	1640-1647	vocavit	
3-143	1648-1654	Moysen	
3-144	1655-1657	in	
3-145	1658-1665	cacumen	
3-146	1666-1670	ejus	
3-147	1670-1671	.	

#Text=Quo cum ascendisset, 21 dixit ad eum : Descende, et contestare populum : ne forte velit transcendere terminos ad videndum Dominum, et pereat ex eis plurima multitudo.
#Text=22 Sacerdotes quoque qui accedunt ad Dominum, sanctificentur, ne percutiat eos.
#Text=23 Dixitque Moyses ad Dominum : Non poterit vulgus ascendere in montem Sinai : tu enim testificatus es, et jussisti, dicens : Pone terminos circa montem, et sanctifica illum.
#Text=24 Cui ait Dominus : Vade, descende : ascendesque tu, et Aaron tecum : sacerdotes autem et populus ne transeant terminos, nec ascendant ad Dominum, ne forte interficiat illos.
#Text=25 Descenditque Moyses ad populum, et omnia narravit eis.
4-1	1672-1675	Quo	
4-2	1676-1679	cum	
4-3	1680-1691	ascendisset	
4-4	1691-1692	,	
4-5	1693-1695	21	
4-6	1696-1701	dixit	
4-7	1702-1704	ad	
4-8	1705-1708	eum	
4-9	1709-1710	:	
4-10	1711-1719	Descende	
4-11	1719-1720	,	
4-12	1721-1723	et	
4-13	1724-1734	contestare	
4-14	1735-1742	populum	
4-15	1743-1744	:	
4-16	1745-1747	ne	
4-17	1748-1753	forte	
4-18	1754-1759	velit	
4-19	1760-1772	transcendere	
4-20	1773-1781	terminos	
4-21	1782-1784	ad	
4-22	1785-1793	videndum	
4-23	1794-1801	Dominum	
4-24	1801-1802	,	
4-25	1803-1805	et	
4-26	1806-1812	pereat	
4-27	1813-1815	ex	
4-28	1816-1819	eis	
4-29	1820-1827	plurima	
4-30	1828-1837	multitudo	
4-31	1837-1838	.	
4-32	1839-1841	22	
4-33	1842-1852	Sacerdotes	
4-34	1853-1859	quoque	
4-35	1860-1863	qui	
4-36	1864-1872	accedunt	
4-37	1873-1875	ad	
4-38	1876-1883	Dominum	
4-39	1883-1884	,	
4-40	1885-1899	sanctificentur	
4-41	1899-1900	,	
4-42	1901-1903	ne	
4-43	1904-1913	percutiat	
4-44	1914-1917	eos	
4-45	1917-1918	.	
4-46	1919-1921	23	
4-47	1922-1930	Dixitque	
4-48	1931-1937	Moyses	
4-49	1938-1940	ad	
4-50	1941-1948	Dominum	
4-51	1949-1950	:	
4-52	1951-1954	Non	
4-53	1955-1962	poterit	
4-54	1963-1969	vulgus	
4-55	1970-1979	ascendere	
4-56	1980-1982	in	
4-57	1983-1989	montem	
4-58	1990-1995	Sinai	
4-59	1996-1997	:	
4-60	1998-2000	tu	
4-61	2001-2005	enim	
4-62	2006-2018	testificatus	
4-63	2019-2021	es	
4-64	2021-2022	,	
4-65	2023-2025	et	
4-66	2026-2034	jussisti	
4-67	2034-2035	,	
4-68	2036-2042	dicens	
4-69	2043-2044	:	
4-70	2045-2049	Pone	
4-71	2050-2058	terminos	
4-72	2059-2064	circa	
4-73	2065-2071	montem	
4-74	2071-2072	,	
4-75	2073-2075	et	
4-76	2076-2086	sanctifica	
4-77	2087-2092	illum	
4-78	2092-2093	.	
4-79	2094-2096	24	
4-80	2097-2100	Cui	
4-81	2101-2104	ait	
4-82	2105-2112	Dominus	
4-83	2113-2114	:	
4-84	2115-2119	Vade	
4-85	2119-2120	,	
4-86	2121-2129	descende	
4-87	2130-2131	:	
4-88	2132-2143	ascendesque	
4-89	2144-2146	tu	
4-90	2146-2147	,	
4-91	2148-2150	et	
4-92	2151-2156	Aaron	
4-93	2157-2162	tecum	
4-94	2163-2164	:	
4-95	2165-2175	sacerdotes	
4-96	2176-2181	autem	
4-97	2182-2184	et	
4-98	2185-2192	populus	
4-99	2193-2195	ne	
4-100	2196-2205	transeant	
4-101	2206-2214	terminos	
4-102	2214-2215	,	
4-103	2216-2219	nec	
4-104	2220-2229	ascendant	
4-105	2230-2232	ad	
4-106	2233-2240	Dominum	
4-107	2240-2241	,	
4-108	2242-2244	ne	
4-109	2245-2250	forte	
4-110	2251-2262	interficiat	
4-111	2263-2268	illos	
4-112	2268-2269	.	
4-113	2270-2272	25	
4-114	2273-2285	Descenditque	
4-115	2286-2292	Moyses	
4-116	2293-2295	ad	
4-117	2296-2303	populum	
4-118	2303-2304	,	
4-119	2305-2307	et	
4-120	2308-2313	omnia	
4-121	2314-2322	narravit	
4-122	2323-2326	eis	
4-123	2326-2327	.	

#Text=Caput 20
#Text=
#Text=
#Text=1 Locutusque est Dominus cunctos sermones hos : 2 Ego sum Dominus Deus tuus, qui eduxi te de terra Ægypti, de domo servitutis.
#Text=3 Non habebis deos alienos coram me.
5-1	2328-2333	Caput	
5-2	2334-2336	20	
5-3	2339-2340	1	
5-4	2341-2351	Locutusque	
5-5	2352-2355	est	
5-6	2356-2363	Dominus	
5-7	2364-2371	cunctos	
5-8	2372-2380	sermones	
5-9	2381-2384	hos	
5-10	2385-2386	:	
5-11	2387-2388	2	
5-12	2389-2392	Ego	
5-13	2393-2396	sum	
5-14	2397-2404	Dominus	
5-15	2405-2409	Deus	
5-16	2410-2414	tuus	
5-17	2414-2415	,	
5-18	2416-2419	qui	
5-19	2420-2425	eduxi	
5-20	2426-2428	te	
5-21	2429-2431	de	
5-22	2432-2437	terra	
5-23	2438-2444	Ægypti	
5-24	2444-2445	,	
5-25	2446-2448	de	
5-26	2449-2453	domo	
5-27	2454-2464	servitutis	
5-28	2464-2465	.	
5-29	2466-2467	3	
5-30	2468-2471	Non	
5-31	2472-2479	habebis	
5-32	2480-2484	deos	
5-33	2485-2492	alienos	
5-34	2493-2498	coram	
5-35	2499-2501	me	
5-36	2501-2502	.	
