#FORMAT=WebAnno TSV 3.3


#Text=vero sunt geminae illae nigricantes, transparentes, atque coloratae partes, quas
#Text=in historia partium externarum generatim indicavi.
1-1	3-7	vero	
1-2	8-12	sunt	
1-3	13-20	geminae	
1-4	21-26	illae	
1-5	27-38	nigricantes	
1-6	38-39	,	
1-7	40-53	transparentes	
1-8	53-54	,	
1-9	55-60	atque	
1-10	61-70	coloratae	
1-11	71-77	partes	
1-12	77-78	,	
1-13	79-83	quas	
1-14	84-86	in	
1-15	87-95	historia	
1-16	96-103	partium	
1-17	104-114	externarum	
1-18	115-124	generatim	
1-19	125-133	indicavi	
1-20	133-134	.	

#Text=At
#Text=pars ventriculi, quae in Abdomine haeret, consideratu praeprimis digna est;
#Text=
#Text=quippe instar oblongi cujusdam conformata sacculi, qui hic
#Text=illic
#Text=continuo
#Text=contrahitur,
#Text=rursumque dilatatur.
2-1	137-139	At	
2-2	140-144	pars	
2-3	145-155	ventriculi	
2-4	155-156	,	
2-5	157-161	quae	
2-6	162-164	in	
2-7	165-173	Abdomine	
2-8	174-180	haeret	
2-9	180-181	,	
2-10	182-193	consideratu	
2-11	194-204	praeprimis	
2-12	205-210	digna	
2-13	211-214	est	
2-14	214-215	;	
2-15	217-223	quippe	
2-16	224-230	instar	
2-17	231-238	oblongi	
2-18	239-247	cujusdam	
2-19	248-258	conformata	
2-20	259-266	sacculi	
2-21	266-267	,	
2-22	268-271	qui	
2-23	272-275	hic	
2-24	276-281	illic	
2-25	282-290	continuo	
2-26	291-302	contrahitur	
2-27	302-303	,	
2-28	304-313	rursumque	
2-29	314-323	dilatatur	
2-30	323-324	.	

#Text=Ubi contentis caret, excolor est, atque pellucens una cum
#Text=appendicibus
#Text=suis ventriculus.
3-1	325-328	Ubi	
3-2	329-338	contentis	
3-3	339-344	caret	
3-4	344-345	,	
3-5	346-353	excolor	
3-6	354-357	est	
3-7	357-358	,	
3-8	359-364	atque	
3-9	365-374	pellucens	
3-10	375-378	una	
3-11	379-382	cum	
3-12	383-395	appendicibus	
3-13	396-400	suis	
3-14	401-412	ventriculus	
3-15	412-413	.	

#Text=Et prout contenta ejus comparata
#Text=
#Text=luchtent streepken, aldaar door syn hoost schynen, dat voor aan het meeste
#Text=gecouleurtis; als zynde de kooker, en den inwendigen verborgen angel.
4-1	414-416	Et	
4-2	417-422	prout	
4-3	423-431	contenta	
4-4	432-436	ejus	
4-5	437-446	comparata	
4-6	448-456	luchtent	
4-7	457-466	streepken	
4-8	466-467	,	
4-9	468-474	aldaar	
4-10	475-479	door	
4-11	480-483	syn	
4-12	484-489	hoost	
4-13	490-497	schynen	
4-14	497-498	,	
4-15	499-502	dat	
4-16	503-507	voor	
4-17	508-511	aan	
4-18	512-515	het	
4-19	516-522	meeste	
4-20	523-535	gecouleurtis	
4-21	535-536	;	
4-22	537-540	als	
4-23	541-546	zynde	
4-24	547-549	de	
4-25	550-556	kooker	
4-26	556-557	,	
4-27	558-560	en	
4-28	561-564	den	
4-29	565-575	inwendigen	
4-30	576-585	verborgen	
4-31	586-591	angel	
4-32	591-592	.	

#Text=Maar eer ik nn het gebruyk van desen angel, en syn manier van suygen voorstel,
#Text=soo aghte ik het nodigh, de gedaante, situatie, couleur, structuur en beweeging, der
#Text=maag, keel, en darmen, voor af te beschryven;
#Text=dat de manier van syn suygen te
#Text=+
#Text=verstaanbaarder sal maaken.
5-1	595-599	Maar	
5-2	600-603	eer	
5-3	604-606	ik	
5-4	607-609	nn	
5-5	610-613	het	
5-6	614-621	gebruyk	
5-7	622-625	van	
5-8	626-631	desen	
5-9	632-637	angel	
5-10	637-638	,	
5-11	639-641	en	
5-12	642-645	syn	
5-13	646-652	manier	
5-14	653-656	van	
5-15	657-663	suygen	
5-16	664-672	voorstel	
5-17	672-673	,	
5-18	674-677	soo	
5-19	678-683	aghte	
5-20	684-686	ik	
5-21	687-690	het	
5-22	691-697	nodigh	
5-23	697-698	,	
5-24	699-701	de	
5-25	702-710	gedaante	
5-26	710-711	,	
5-27	712-720	situatie	
5-28	720-721	,	
5-29	722-729	couleur	
5-30	729-730	,	
5-31	731-740	structuur	
5-32	741-743	en	
5-33	744-753	beweeging	
5-34	753-754	,	
5-35	755-758	der	
5-36	759-763	maag	
5-37	763-764	,	
5-38	765-769	keel	
5-39	769-770	,	
5-40	771-773	en	
5-41	774-780	darmen	
5-42	780-781	,	
5-43	782-786	voor	
5-44	787-789	af	
5-45	790-792	te	
5-46	793-803	beschryven	
5-47	803-804	;	
5-48	805-808	dat	
5-49	809-811	de	
5-50	812-818	manier	
5-51	819-822	van	
5-52	823-826	syn	
5-53	827-833	suygen	
5-54	834-836	te	
5-55	837-838	+	
5-56	839-854	verstaanbaarder	
5-57	855-858	sal	
5-58	859-865	maaken	
5-59	865-866	.	

#Text=De KEEL is een seer fyn canaalken f, dat sig niet eer
#Text=vertoont, als op die tyt, wanneer het bloet, door den angel, in de mont opklimpt, +f.
#Text=en naa de maag afgevoert wort.
6-1	867-869	De	
6-2	870-874	KEEL	
6-3	875-877	is	
6-4	878-881	een	
6-5	882-886	seer	
6-6	887-890	fyn	
6-7	891-900	canaalken	
6-8	901-902	f	
6-9	902-903	,	
6-10	904-907	dat	
6-11	908-911	sig	
6-12	912-916	niet	
6-13	917-920	eer	
6-14	921-929	vertoont	
6-15	929-930	,	
6-16	931-934	als	
6-17	935-937	op	
6-18	938-941	die	
6-19	942-945	tyt	
6-20	945-946	,	
6-21	947-954	wanneer	
6-22	955-958	het	
6-23	959-964	bloet	
6-24	964-965	,	
6-25	966-970	door	
6-26	971-974	den	
6-27	975-980	angel	
6-28	980-981	,	
6-29	982-984	in	
6-30	985-987	de	
6-31	988-992	mont	
6-32	993-1001	opklimpt	
6-33	1001-1002	,	
6-34	1003-1004	+	
6-35	1004-1005	f	
6-36	1005-1006	.	
6-37	1007-1009	en	
6-38	1010-1013	naa	
6-39	1014-1016	de	
6-40	1017-1021	maag	
6-41	1022-1031	afgevoert	
6-42	1032-1036	wort	
6-43	1036-1037	.	

#Text=Het heeft syn plaats essen aghter de oogen,
#Text=daar het over de hersenen heen loopt;
#Text=dat ik oordeel, om dat het sig op die tyt van
#Text=het suygen seer klaar
#Text=aldaar vertoont;
#Text=soo dat het schynt, essen onder het vel te
#Text=
#Text=+
7-1	1038-1041	Het	
7-2	1042-1047	heeft	
7-3	1048-1051	syn	
7-4	1052-1058	plaats	
7-5	1059-1064	essen	
7-6	1065-1071	aghter	
7-7	1072-1074	de	
7-8	1075-1080	oogen	
7-9	1080-1081	,	
7-10	1082-1086	daar	
7-11	1087-1090	het	
7-12	1091-1095	over	
7-13	1096-1098	de	
7-14	1099-1107	hersenen	
7-15	1108-1112	heen	
7-16	1113-1118	loopt	
7-17	1118-1119	;	
7-18	1120-1123	dat	
7-19	1124-1126	ik	
7-20	1127-1134	oordeel	
7-21	1134-1135	,	
7-22	1136-1138	om	
7-23	1139-1142	dat	
7-24	1143-1146	het	
7-25	1147-1150	sig	
7-26	1151-1153	op	
7-27	1154-1157	die	
7-28	1158-1161	tyt	
7-29	1162-1165	van	
7-30	1166-1169	het	
7-31	1170-1176	suygen	
7-32	1177-1181	seer	
7-33	1182-1187	klaar	
7-34	1188-1194	aldaar	
7-35	1195-1203	vertoont	
7-36	1203-1204	;	
7-37	1205-1208	soo	
7-38	1209-1212	dat	
7-39	1213-1216	het	
7-40	1217-1223	schynt	
7-41	1223-1224	,	
7-42	1225-1230	essen	
7-43	1231-1236	onder	
7-44	1237-1240	het	
7-45	1241-1244	vel	
7-46	1245-1247	te	
7-47	1249-1250	+	
