#FORMAT=WebAnno TSV 3.3
#T_SP=custom.Span|label
#T_RL=custom.Relation|label|BT_custom.Span


#Text=kommen unter den Namen „Krautorſeille“ oder „Erdorſeille“ in den Handel.
1-1	3-9	kommen	_	_	_	
1-2	10-15	unter	_	_	_	
1-3	16-19	den	_	_	_	
1-4	20-25	Namen	_	_	_	
1-5	26-27	„	_	_	_	
1-6	27-40	Krautorſeille	_	_	_	
1-7	40-41	“	_	_	_	
1-8	42-46	oder	_	_	_	
1-9	47-48	„	_	_	_	
1-10	48-59	Erdorſeille	_	_	_	
1-11	59-60	“	_	_	_	
1-12	61-63	in	_	_	_	
1-13	64-67	den	_	_	_	
1-14	68-74	Handel	_	_	_	
1-15	74-75	.	_	_	_	

#Text=Gewinnung.
2-1	79-88	Gewinnung	_	_	_	
2-2	88-89	.	_	_	_	

#Text=Die geſammelten Flechten werden gereinigt, getrocknet,
#Text=dann in Trommeln gepulvert oder auf Mühlen gemahlen.
3-1	90-93	Die	_	_	_	
3-2	94-105	geſammelten	_	_	_	
3-3	106-114	Flechten	_	_	_	
3-4	115-121	werden	_	_	_	
3-5	122-131	gereinigt	_	_	_	
3-6	131-132	,	_	_	_	
3-7	133-143	getrocknet	_	_	_	
3-8	143-144	,	_	_	_	
3-9	145-149	dann	_	_	_	
3-10	150-152	in	_	_	_	
3-11	153-161	Trommeln	_	_	_	
3-12	162-171	gepulvert	_	_	_	
3-13	172-176	oder	_	_	_	
3-14	177-180	auf	_	_	_	
3-15	181-187	Mühlen	_	_	_	
3-16	188-196	gemahlen	_	_	_	
3-17	196-197	.	_	_	_	

#Text=Das erhaltene
#Text=Pulver wird mit faulem Urin zu einem dicken Brei angerührt, dieſer der
#Text=Luft ausgeſetzt und unter jeweiligem Zuſatz von gebranntem Kalk und Durch-
#Text=rühren der Maſſe der Fäulnis überlaſſen.
4-1	198-201	Das	_	_	_	
4-2	202-211	erhaltene	_	_	_	
4-3	212-218	Pulver	_	_	_	
4-4	219-223	wird	_	_	_	
4-5	224-227	mit	_	_	_	
4-6	228-234	faulem	_	_	_	
4-7	235-239	Urin	_	_	_	
4-8	240-242	zu	_	_	_	
4-9	243-248	einem	_	_	_	
4-10	249-255	dicken	Smell\_Source[1]	_	_	
4-11	256-260	Brei	Smell\_Source[1]	_	_	
4-12	261-270	angerührt	_	_	_	
4-13	270-271	,	_	_	_	
4-14	272-278	dieſer	_	_	_	
4-15	279-282	der	_	_	_	
4-16	283-287	Luft	_	_	_	
4-17	288-298	ausgeſetzt	_	_	_	
4-18	299-302	und	_	_	_	
4-19	303-308	unter	_	_	_	
4-20	309-319	jeweiligem	_	_	_	
4-21	320-326	Zuſatz	_	_	_	
4-22	327-330	von	_	_	_	
4-23	331-341	gebranntem	_	_	_	
4-24	342-346	Kalk	_	_	_	
4-25	347-350	und	_	_	_	
4-26	351-356	Durch	_	_	_	
4-27	356-357	-	_	_	_	
4-28	358-364	rühren	_	_	_	
4-29	365-368	der	_	_	_	
4-30	369-374	Maſſe	_	_	_	
4-31	375-378	der	_	_	_	
4-32	379-386	Fäulnis	_	_	_	
4-33	387-397	überlaſſen	_	_	_	
4-34	397-398	.	_	_	_	

#Text=Der Kalkzuſatz hat den Zweck,
#Text=das im faulenden Harn enthaltene kohlenſaure Ammoniak in Aetzammoniak
#Text=umzuwandeln.
5-1	399-402	Der	_	_	_	
5-2	403-413	Kalkzuſatz	_	_	_	
5-3	414-417	hat	_	_	_	
5-4	418-421	den	_	_	_	
5-5	422-427	Zweck	_	_	_	
5-6	427-428	,	_	_	_	
5-7	429-432	das	_	_	_	
5-8	433-435	im	_	_	_	
5-9	436-445	faulenden	_	_	_	
5-10	446-450	Harn	_	_	_	
5-11	451-461	enthaltene	_	_	_	
5-12	462-473	kohlenſaure	_	_	_	
5-13	474-482	Ammoniak	_	_	_	
5-14	483-485	in	_	_	_	
5-15	486-498	Aetzammoniak	_	_	_	
5-16	499-510	umzuwandeln	_	_	_	
5-17	510-511	.	_	_	_	

#Text=Nach acht Tagen iſt eine lebhaft violettrote Farbe erzeugt,
#Text=welche nach 14 Tagen noch ſchöner wird;
#Text=dabei entwickelt ſich ein eigen-
#Text=tümlicher veilchenartiger Geruch.
6-1	512-516	Nach	_	_	_	
6-2	517-521	acht	_	_	_	
6-3	522-527	Tagen	_	_	_	
6-4	528-531	iſt	_	_	_	
6-5	532-536	eine	_	_	_	
6-6	537-544	lebhaft	_	_	_	
6-7	545-556	violettrote	_	_	_	
6-8	557-562	Farbe	_	_	_	
6-9	563-570	erzeugt	_	_	_	
6-10	570-571	,	_	_	_	
6-11	572-578	welche	_	_	_	
6-12	579-583	nach	Time[2]	_	_	
6-13	584-586	14	Time[2]	_	_	
6-14	587-592	Tagen	Time[2]	_	_	
6-15	593-597	noch	_	_	_	
6-16	598-605	ſchöner	_	_	_	
6-17	606-610	wird	_	_	_	
6-18	610-611	;	_	_	_	
6-19	612-617	dabei	_	_	_	
6-20	618-628	entwickelt	_	_	_	
6-21	629-633	ſich	_	_	_	
6-22	634-637	ein	_	_	_	
6-23	638-643	eigen	Quality[3]	_	_	
6-24	643-644	-	Quality[3]	_	_	
6-25	645-654	tümlicher	Quality[3]	_	_	
6-26	655-670	veilchenartiger	Evoked\_Odorant	_	_	
6-27	671-677	Geruch	Smell\_Word	*|*|*|*	6-26|6-23[3_0]|6-12[2_0]|4-10[1_0]	
6-28	677-678	.	_	_	_	

#Text=Nach Grothe ſollen auch bisweilen —
#Text=zur Erzielung anderweiter Nüancen — Salmiak, Salpeter, Alaun oder
#Text=arſenige Säure zugeſetzt werden.
7-1	679-683	Nach	_	_	_	
7-2	684-690	Grothe	_	_	_	
7-3	691-697	ſollen	_	_	_	
7-4	698-702	auch	_	_	_	
7-5	703-712	bisweilen	_	_	_	
7-6	713-714	—	_	_	_	
7-7	715-718	zur	_	_	_	
7-8	719-728	Erzielung	_	_	_	
7-9	729-740	anderweiter	_	_	_	
7-10	741-748	Nüancen	_	_	_	
7-11	749-750	—	_	_	_	
7-12	751-758	Salmiak	_	_	_	
7-13	758-759	,	_	_	_	
7-14	760-768	Salpeter	_	_	_	
7-15	768-769	,	_	_	_	
7-16	770-775	Alaun	_	_	_	
7-17	776-780	oder	_	_	_	
7-18	781-789	arſenige	_	_	_	
7-19	790-795	Säure	_	_	_	
7-20	796-805	zugeſetzt	_	_	_	
7-21	806-812	werden	_	_	_	
7-22	812-813	.	_	_	_	

#Text=Nach 4 bis 6 Wochen iſt die Farbe voll
#Text=entwickelt.
8-1	814-818	Nach	_	_	_	
8-2	819-820	4	_	_	_	
8-3	821-824	bis	_	_	_	
8-4	825-826	6	_	_	_	
8-5	827-833	Wochen	_	_	_	
8-6	834-837	iſt	_	_	_	
8-7	838-841	die	_	_	_	
8-8	842-847	Farbe	_	_	_	
8-9	848-852	voll	_	_	_	
8-10	853-863	entwickelt	_	_	_	
8-11	863-864	.	_	_	_	

#Text=Dieſes rötliche, veilchenähnlich riechende, alkaliſch ſchmeckende
#Text=
#Text=Produkt iſt die Orſeille des Handels *).
9-1	865-871	Dieſes	_	_	_	
9-2	872-880	rötliche	_	_	_	
9-3	880-881	,	_	_	_	
9-4	882-897	veilchenähnlich	Evoked\_Odorant	_	_	
9-5	898-907	riechende	Smell\_Word	*|*	9-4|9-9	
9-6	907-908	,	_	_	_	
9-7	909-918	alkaliſch	_	_	_	
9-8	919-930	ſchmeckende	_	_	_	
9-9	932-939	Produkt	Smell\_Source	_	_	
9-10	940-943	iſt	_	_	_	
9-11	944-947	die	_	_	_	
9-12	948-956	Orſeille	_	_	_	
9-13	957-960	des	_	_	_	
9-14	961-968	Handels	_	_	_	
9-15	969-970	*	_	_	_	
9-16	970-971	)	_	_	_	
9-17	971-972	.	_	_	_	

#Text=Wird der Teig an warmer Luft,
#Text=oder im Schatten in dünnen Schichten ausgebreitet, getrocknet und in ein
#Text=feines Pulver verwandelt, ſo entſteht der Perſio oder Cudbear, oder
#Text=roter Indigo, ein rötlich-violettes Pulver.
10-1	973-977	Wird	_	_	_	
10-2	978-981	der	_	_	_	
10-3	982-986	Teig	_	_	_	
10-4	987-989	an	_	_	_	
10-5	990-996	warmer	_	_	_	
10-6	997-1001	Luft	_	_	_	
10-7	1001-1002	,	_	_	_	
10-8	1003-1007	oder	_	_	_	
10-9	1008-1010	im	_	_	_	
10-10	1011-1019	Schatten	_	_	_	
10-11	1020-1022	in	_	_	_	
10-12	1023-1029	dünnen	_	_	_	
10-13	1030-1039	Schichten	_	_	_	
10-14	1040-1052	ausgebreitet	_	_	_	
10-15	1052-1053	,	_	_	_	
10-16	1054-1064	getrocknet	_	_	_	
10-17	1065-1068	und	_	_	_	
10-18	1069-1071	in	_	_	_	
10-19	1072-1075	ein	_	_	_	
10-20	1076-1082	feines	_	_	_	
10-21	1083-1089	Pulver	_	_	_	
10-22	1090-1100	verwandelt	_	_	_	
10-23	1100-1101	,	_	_	_	
10-24	1102-1104	ſo	_	_	_	
10-25	1105-1113	entſteht	_	_	_	
10-26	1114-1117	der	_	_	_	
10-27	1118-1124	Perſio	_	_	_	
10-28	1125-1129	oder	_	_	_	
10-29	1130-1137	Cudbear	_	_	_	
10-30	1137-1138	,	_	_	_	
10-31	1139-1143	oder	_	_	_	
10-32	1144-1149	roter	_	_	_	
10-33	1150-1156	Indigo	_	_	_	
10-34	1156-1157	,	_	_	_	
10-35	1158-1161	ein	_	_	_	
10-36	1162-1179	rötlich-violettes	_	_	_	
10-37	1180-1186	Pulver	_	_	_	
10-38	1186-1187	.	_	_	_	

#Text=Der Perſio wird vornehmlich in
#Text=Süddeutſchland, Frankreich und England fabriziert.
11-1	1188-1191	Der	_	_	_	
11-2	1192-1198	Perſio	_	_	_	
11-3	1199-1203	wird	_	_	_	
11-4	1204-1215	vornehmlich	_	_	_	
11-5	1216-1218	in	_	_	_	
11-6	1219-1233	Süddeutſchland	_	_	_	
11-7	1233-1234	,	_	_	_	
11-8	1235-1245	Frankreich	_	_	_	
11-9	1246-1249	und	_	_	_	
11-10	1250-1257	England	_	_	_	
11-11	1258-1268	fabriziert	_	_	_	
11-12	1268-1269	.	_	_	_	

#Text=Orſeillefarbſtoffe.
12-1	1272-1290	Orſeillefarbſtoffe	_	_	_	
12-2	1290-1291	.	_	_	_	

#Text=Das färbende Prinzip der Orſeille und des
#Text=Perſio iſt das Orceïn.
13-1	1292-1295	Das	_	_	_	
13-2	1296-1304	färbende	_	_	_	
13-3	1305-1312	Prinzip	_	_	_	
13-4	1313-1316	der	_	_	_	
13-5	1317-1325	Orſeille	_	_	_	
13-6	1326-1329	und	_	_	_	
13-7	1330-1333	des	_	_	_	
13-8	1334-1340	Perſio	_	_	_	
13-9	1341-1344	iſt	_	_	_	
13-10	1345-1348	das	_	_	_	
13-11	1349-1355	Orceïn	_	_	_	
13-12	1355-1356	.	_	_	_	

#Text=Dieſer Farbſtoff iſt in den Flechten nicht fertig ge-
#Text=bildet, ſondern bildet ſich erſt während der Fäulnis.
14-1	1357-1363	Dieſer	_	_	_	
14-2	1364-1373	Farbſtoff	_	_	_	
14-3	1374-1377	iſt	_	_	_	
14-4	1378-1380	in	_	_	_	
14-5	1381-1384	den	_	_	_	
14-6	1385-1393	Flechten	_	_	_	
14-7	1394-1399	nicht	_	_	_	
14-8	1400-1406	fertig	_	_	_	
14-9	1407-1409	ge	_	_	_	
14-10	1409-1410	-	_	_	_	
14-11	1411-1417	bildet	_	_	_	
14-12	1417-1418	,	_	_	_	
14-13	1419-1426	ſondern	_	_	_	
14-14	1427-1433	bildet	_	_	_	
14-15	1434-1438	ſich	_	_	_	
14-16	1439-1443	erſt	_	_	_	
14-17	1444-1451	während	_	_	_	
14-18	1452-1455	der	_	_	_	
14-19	1456-1463	Fäulnis	_	_	_	
14-20	1463-1464	.	_	_	_	

#Text=Die Flechten nämlich,
#Text=welche zur Darſtellung von Farbſtoffen dienen können, enthalten ſämtlich eine
#Text=beſtimmte Menge dieſen Flechten eigentümlicher Säuren, welche den
#Text=Namen Flechtenſäuren führen und die, je nach der Flechte, von der ſie
#Text=ſtammen, bezeichnet werden als Lecanorſäure, Evernſäure, Erythrinſäure,
#Text=Usninſäure u. ſ.
#Text=w.
15-1	1465-1468	Die	_	_	_	
15-2	1469-1477	Flechten	_	_	_	
15-3	1478-1485	nämlich	_	_	_	
15-4	1485-1486	,	_	_	_	
15-5	1487-1493	welche	_	_	_	
15-6	1494-1497	zur	_	_	_	
15-7	1498-1509	Darſtellung	_	_	_	
15-8	1510-1513	von	_	_	_	
15-9	1514-1525	Farbſtoffen	_	_	_	
15-10	1526-1532	dienen	_	_	_	
15-11	1533-1539	können	_	_	_	
15-12	1539-1540	,	_	_	_	
15-13	1541-1550	enthalten	_	_	_	
15-14	1551-1559	ſämtlich	_	_	_	
15-15	1560-1564	eine	_	_	_	
15-16	1565-1574	beſtimmte	_	_	_	
15-17	1575-1580	Menge	_	_	_	
15-18	1581-1587	dieſen	_	_	_	
15-19	1588-1596	Flechten	_	_	_	
15-20	1597-1611	eigentümlicher	_	_	_	
15-21	1612-1618	Säuren	_	_	_	
15-22	1618-1619	,	_	_	_	
15-23	1620-1626	welche	_	_	_	
15-24	1627-1630	den	_	_	_	
15-25	1631-1636	Namen	_	_	_	
15-26	1637-1651	Flechtenſäuren	_	_	_	
15-27	1652-1658	führen	_	_	_	
15-28	1659-1662	und	_	_	_	
15-29	1663-1666	die	_	_	_	
15-30	1666-1667	,	_	_	_	
15-31	1668-1670	je	_	_	_	
15-32	1671-1675	nach	_	_	_	
15-33	1676-1679	der	_	_	_	
15-34	1680-1687	Flechte	_	_	_	
15-35	1687-1688	,	_	_	_	
15-36	1689-1692	von	_	_	_	
15-37	1693-1696	der	_	_	_	
15-38	1697-1700	ſie	_	_	_	
15-39	1701-1708	ſtammen	_	_	_	
15-40	1708-1709	,	_	_	_	
15-41	1710-1720	bezeichnet	_	_	_	
15-42	1721-1727	werden	_	_	_	
15-43	1728-1731	als	_	_	_	
15-44	1732-1744	Lecanorſäure	_	_	_	
15-45	1744-1745	,	_	_	_	
15-46	1746-1756	Evernſäure	_	_	_	
15-47	1756-1757	,	_	_	_	
15-48	1758-1771	Erythrinſäure	_	_	_	
15-49	1771-1772	,	_	_	_	
15-50	1773-1783	Usninſäure	_	_	_	
15-51	1784-1785	u	_	_	_	
15-52	1785-1786	.	_	_	_	
15-53	1787-1788	ſ	_	_	_	
15-54	1788-1789	.	_	_	_	
15-55	1790-1791	w	_	_	_	
15-56	1791-1792	.	_	_	_	

#Text=Dieſe Flechtenſäuren ſpielen in den Flechten aber
#Text=nicht die Rolle eines Chromogens, ſondern ſie bilden erſt den Aus-
#Text=gangspunkt zur Entwickelung des Chromogens.
16-1	1793-1798	Dieſe	_	_	_	
16-2	1799-1813	Flechtenſäuren	_	_	_	
16-3	1814-1821	ſpielen	_	_	_	
16-4	1822-1824	in	_	_	_	
16-5	1825-1828	den	_	_	_	
16-6	1829-1837	Flechten	_	_	_	
16-7	1838-1842	aber	_	_	_	
16-8	1843-1848	nicht	_	_	_	
16-9	1849-1852	die	_	_	_	
16-10	1853-1858	Rolle	_	_	_	
16-11	1859-1864	eines	_	_	_	
16-12	1865-1875	Chromogens	_	_	_	
16-13	1875-1876	,	_	_	_	
16-14	1877-1884	ſondern	_	_	_	
16-15	1885-1888	ſie	_	_	_	
16-16	1889-1895	bilden	_	_	_	
16-17	1896-1900	erſt	_	_	_	
16-18	1901-1904	den	_	_	_	
16-19	1905-1908	Aus	_	_	_	
16-20	1908-1909	-	_	_	_	
16-21	1910-1920	gangspunkt	_	_	_	
16-22	1921-1924	zur	_	_	_	
16-23	1925-1937	Entwickelung	_	_	_	
16-24	1938-1941	des	_	_	_	
16-25	1942-1952	Chromogens	_	_	_	
16-26	1952-1953	.	_	_	_	

#Text=Die Produkte,
#Text=welche die verſchiedenen Flechtenſäuren beim Kochen mit Waſſer liefern, ſind
#Text=ſehr verſchiedener Art;
17-1	1954-1957	Die	_	_	_	
17-2	1958-1966	Produkte	_	_	_	
17-3	1966-1967	,	_	_	_	
17-4	1968-1974	welche	_	_	_	
17-5	1975-1978	die	_	_	_	
17-6	1979-1992	verſchiedenen	_	_	_	
17-7	1993-2007	Flechtenſäuren	_	_	_	
17-8	2008-2012	beim	_	_	_	
17-9	2013-2019	Kochen	_	_	_	
17-10	2020-2023	mit	_	_	_	
17-11	2024-2030	Waſſer	_	_	_	
17-12	2031-2038	liefern	_	_	_	
17-13	2038-2039	,	_	_	_	
17-14	2040-2044	ſind	_	_	_	
17-15	2045-2049	ſehr	_	_	_	
17-16	2050-2063	verſchiedener	_	_	_	
17-17	2064-2067	Art	_	_	_	
17-18	2067-2068	;	_	_	_	
