#FORMAT=WebAnno TSV 3.3


#Text=Eenige meynen, dat als doen d’aerdtbevinge geschiet is:
#Text=van dewelcke te sien is Amos c. 1.
#Text=vers 1.
1-1	2-8	Eenige	
1-2	9-15	meynen	
1-3	15-16	,	
1-4	17-20	dat	
1-5	21-24	als	
1-6	25-29	doen	
1-7	30-31	d	
1-8	31-32	’	
1-9	32-44	aerdtbevinge	
1-10	45-53	geschiet	
1-11	54-56	is	
1-12	56-57	:	
1-13	58-61	van	
1-14	62-70	dewelcke	
1-15	71-73	te	
1-16	74-78	sien	
1-17	79-81	is	
1-18	82-86	Amos	
1-19	87-88	c	
1-20	88-89	.	
1-21	90-91	1	
1-22	91-92	.	
1-23	93-97	vers	
1-24	98-99	1	
1-25	99-100	.	

#Text=Zach.
#Text=14.5.
#Text=als een openbaer bewijs van de gramschap Godts tegen desen Koningh.
2-1	101-105	Zach	
2-2	105-106	.	
2-3	107-111	14.5	
2-4	111-112	.	
2-5	113-116	als	
2-6	117-120	een	
2-7	121-129	openbaer	
2-8	130-136	bewijs	
2-9	137-140	van	
2-10	141-143	de	
2-11	144-153	gramschap	
2-12	154-159	Godts	
2-13	160-165	tegen	
2-14	166-171	desen	
2-15	172-179	Koningh	
2-16	179-180	.	

#Text=Doe wert Uzzia Van het Hebr.
#Text=woort siet Gen. 40.
#Text=op vers 6.
#Text=toornigh, ende het reuckwerck was in sijne hant, om te roocken:
#Text=als hy nu toornigh wert tegen de Priesteren, rees de melaetsheyt op aen sijn voorhooft, voor het aengesichte der Priesteren T.w. van den Heere, die van boven, ofte van by desen altaer yet tegen des Koninghs aengesicht schijnt uytgeschoten te hebben, het welcke dese melaetsheyt heeft veroorsaeckt. in’t Huys des HEEREN, van boven den reuck-altaer.
#Text=
#Text=20
#Text=
#Text=
#Text=Als doen sagh de Hebr.
#Text=de Priester het Hooft, te weten, der Priesteren, dat is, de Overpriester.
3-1	181-184	Doe	
3-2	185-189	wert	
3-3	190-195	Uzzia	
3-4	196-199	Van	
3-5	200-203	het	
3-6	204-208	Hebr	
3-7	208-209	.	
3-8	210-215	woort	
3-9	216-220	siet	
3-10	221-224	Gen	
3-11	224-225	.	
3-12	226-228	40	
3-13	228-229	.	
3-14	230-232	op	
3-15	233-237	vers	
3-16	238-239	6	
3-17	239-240	.	
3-18	241-249	toornigh	
3-19	249-250	,	
3-20	251-255	ende	
3-21	256-259	het	
3-22	260-270	reuckwerck	
3-23	271-274	was	
3-24	275-277	in	
3-25	278-283	sijne	
3-26	284-288	hant	
3-27	288-289	,	
3-28	290-292	om	
3-29	293-295	te	
3-30	296-303	roocken	
3-31	303-304	:	
3-32	305-308	als	
3-33	309-311	hy	
3-34	312-314	nu	
3-35	315-323	toornigh	
3-36	324-328	wert	
3-37	329-334	tegen	
3-38	335-337	de	
3-39	338-348	Priesteren	
3-40	348-349	,	
3-41	350-354	rees	
3-42	355-357	de	
3-43	358-369	melaetsheyt	
3-44	370-372	op	
3-45	373-376	aen	
3-46	377-381	sijn	
3-47	382-391	voorhooft	
3-48	391-392	,	
3-49	393-397	voor	
3-50	398-401	het	
3-51	402-413	aengesichte	
3-52	414-417	der	
3-53	418-428	Priesteren	
3-54	429-432	T.w	
3-55	432-433	.	
3-56	434-437	van	
3-57	438-441	den	
3-58	442-447	Heere	
3-59	447-448	,	
3-60	449-452	die	
3-61	453-456	van	
3-62	457-462	boven	
3-63	462-463	,	
3-64	464-468	ofte	
3-65	469-472	van	
3-66	473-475	by	
3-67	476-481	desen	
3-68	482-488	altaer	
3-69	489-492	yet	
3-70	493-498	tegen	
3-71	499-502	des	
3-72	503-511	Koninghs	
3-73	512-522	aengesicht	
3-74	523-530	schijnt	
3-75	531-543	uytgeschoten	
3-76	544-546	te	
3-77	547-553	hebben	
3-78	553-554	,	
3-79	555-558	het	
3-80	559-565	welcke	
3-81	566-570	dese	
3-82	571-582	melaetsheyt	
3-83	583-588	heeft	
3-84	589-601	veroorsaeckt	
3-85	601-602	.	
3-86	603-605	in	
3-87	605-606	’	
3-88	606-607	t	
3-89	608-612	Huys	
3-90	613-616	des	
3-91	617-623	HEEREN	
3-92	623-624	,	
3-93	625-628	van	
3-94	629-634	boven	
3-95	635-638	den	
3-96	639-651	reuck-altaer	
3-97	651-652	.	
3-98	654-656	20	
3-99	659-662	Als	
3-100	663-667	doen	
3-101	668-672	sagh	
3-102	673-675	de	
3-103	676-680	Hebr	
3-104	680-681	.	
3-105	682-684	de	
3-106	685-693	Priester	
3-107	694-697	het	
3-108	698-703	Hooft	
3-109	703-704	,	
3-110	705-707	te	
3-111	708-713	weten	
3-112	713-714	,	
3-113	715-718	der	
3-114	719-729	Priesteren	
3-115	729-730	,	
3-116	731-734	dat	
3-117	735-737	is	
3-118	737-738	,	
3-119	739-741	de	
3-120	742-754	Overpriester	
3-121	754-755	.	

#Text=Hooftpriester Azaria op hem, ende alle de Priesteren, ende siet, hy was melaetsch aen sijn voorhooft, ende sy stieten hem metter haeste van daer, ja, hy selfs Vergel.
4-1	756-769	Hooftpriester	
4-2	770-776	Azaria	
4-3	777-779	op	
4-4	780-783	hem	
4-5	783-784	,	
4-6	785-789	ende	
4-7	790-794	alle	
4-8	795-797	de	
4-9	798-808	Priesteren	
4-10	808-809	,	
4-11	810-814	ende	
4-12	815-819	siet	
4-13	819-820	,	
4-14	821-823	hy	
4-15	824-827	was	
4-16	828-837	melaetsch	
4-17	838-841	aen	
4-18	842-846	sijn	
4-19	847-856	voorhooft	
4-20	856-857	,	
4-21	858-862	ende	
4-22	863-865	sy	
4-23	866-873	stieten	
4-24	874-877	hem	
4-25	878-884	metter	
4-26	885-891	haeste	
4-27	892-895	van	
4-28	896-900	daer	
4-29	900-901	,	
4-30	902-904	ja	
4-31	904-905	,	
4-32	906-908	hy	
4-33	909-914	selfs	
4-34	915-921	Vergel	
4-35	921-922	.	

#Text=Esth.
#Text=6.
#Text=vers 12.
#Text=wert oock gedreven uyt te gaen, om dat de HEERE hem geplaeght hadde.
5-1	923-927	Esth	
5-2	927-928	.	
5-3	929-930	6	
5-4	930-931	.	
5-5	932-936	vers	
5-6	937-939	12	
5-7	939-940	.	
5-8	941-945	wert	
5-9	946-950	oock	
5-10	951-959	gedreven	
5-11	960-963	uyt	
5-12	964-966	te	
5-13	967-971	gaen	
5-14	971-972	,	
5-15	973-975	om	
5-16	976-979	dat	
5-17	980-982	de	
5-18	983-988	HEERE	
5-19	989-992	hem	
5-20	993-1002	geplaeght	
5-21	1003-1008	hadde	
5-22	1008-1009	.	
