#FORMAT=WebAnno TSV 3.3


#Text=bewijste doen.
1-1	3-11	bewijste	
1-2	12-16	doen	
1-3	16-17	.	

#Text=TBESLVYT.
2-1	18-26	TBESLVYT	
2-2	26-27	.	

#Text=Wy hebben dan verclaert deur wat middel ghesien
#Text=wort
#Text=den dampcloot, en hoe die een oirsaeck is des dageraets na den eysch.
#Text=
#Text=
#Text=2 Voorstel.
3-1	28-30	Wy	
3-2	31-37	hebben	
3-3	38-41	dan	
3-4	42-51	verclaert	
3-5	52-56	deur	
3-6	57-60	wat	
3-7	61-67	middel	
3-8	68-75	ghesien	
3-9	76-80	wort	
3-10	81-84	den	
3-11	85-94	dampcloot	
3-12	94-95	,	
3-13	96-98	en	
3-14	99-102	hoe	
3-15	103-106	die	
3-16	107-110	een	
3-17	111-119	oirsaeck	
3-18	120-122	is	
3-19	123-126	des	
3-20	127-136	dageraets	
3-21	137-139	na	
3-22	140-143	den	
3-23	144-149	eysch	
3-24	149-150	.	
3-25	153-154	2	
3-26	155-163	Voorstel	
3-27	163-164	.	

#Text=Wesende ghegheven de leeghde vanden bovecant der Son onder den sichteinder,
#Text=ten tijde vant begin des dageraets:
#Text=Te vinden de damphooghde in sulcke deelen
#Text=
#Text=alsser
#Text=des Eertcloots halfmiddellijn 10000000 doet
4-1	166-173	Wesende	
4-2	174-183	ghegheven	
4-3	184-186	de	
4-4	187-194	leeghde	
4-5	195-201	vanden	
4-6	202-210	bovecant	
4-7	211-214	der	
4-8	215-218	Son	
4-9	219-224	onder	
4-10	225-228	den	
4-11	229-240	sichteinder	
4-12	240-241	,	
4-13	242-245	ten	
4-14	246-251	tijde	
4-15	252-256	vant	
4-16	257-262	begin	
4-17	263-266	des	
4-18	267-276	dageraets	
4-19	276-277	:	
4-20	278-280	Te	
4-21	281-287	vinden	
4-22	288-290	de	
4-23	291-302	damphooghde	
4-24	303-305	in	
4-25	306-312	sulcke	
4-26	313-319	deelen	
4-27	321-327	alsser	
4-28	328-331	des	
4-29	332-342	Eertcloots	
4-30	343-357	halfmiddellijn	
4-31	358-366	10000000	
4-32	367-371	doet	

#Text=.
5-1	371-372	.	

#Text=*
#Text=
#Text=TGHEGHEVEN.
6-1	374-375	*	
6-2	377-387	TGHEGHEVEN	
6-3	387-388	.	

#Text=Laet A B C D den Eertcloot sijn, diens middelpunt E, wisconstighen
#Text=sichteinder A D, de dampcloot daer rontom F G H I, en B het oogh eens sienders *Horizon mathematicus
7-1	389-393	Laet	
7-2	394-395	A	
7-3	396-397	B	
7-4	398-399	C	
7-5	400-401	D	
7-6	402-405	den	
7-7	406-415	Eertcloot	
7-8	416-420	sijn	
7-9	420-421	,	
7-10	422-427	diens	
7-11	428-438	middelpunt	
7-12	439-440	E	
7-13	440-441	,	
7-14	442-455	wisconstighen	
7-15	456-467	sichteinder	
7-16	468-469	A	
7-17	470-471	D	
7-18	471-472	,	
7-19	473-475	de	
7-20	476-485	dampcloot	
7-21	486-490	daer	
7-22	491-497	rontom	
7-23	498-499	F	
7-24	500-501	G	
7-25	502-503	H	
7-26	504-505	I	
7-27	505-506	,	
7-28	507-509	en	
7-29	510-511	B	
7-30	512-515	het	
7-31	516-520	oogh	
7-32	521-525	eens	
7-33	526-534	sienders	
7-34	535-536	*	
7-35	536-543	Horizon	
7-36	544-556	mathematicus	

#Text=.
8-1	556-557	.	

#Text=*
#Text=
#Text=op den Eertcloot, diens natuerlicken sichteinder G H, eyndende over beyden
#Text=
#Text=*
#Text=
#Text=sijden inden
#Text=omtreck des damps an G en H:
#Text=Voort sy K H de lini ghetrocken
#Text=
#Text=Horizon physicus.
9-1	559-560	*	
9-2	562-564	op	
9-3	565-568	den	
9-4	569-578	Eertcloot	
9-5	578-579	,	
9-6	580-585	diens	
9-7	586-598	natuerlicken	
9-8	599-610	sichteinder	
9-9	611-612	G	
9-10	613-614	H	
9-11	614-615	,	
9-12	616-624	eyndende	
9-13	625-629	over	
9-14	630-636	beyden	
9-15	638-639	*	
9-16	641-647	sijden	
9-17	648-653	inden	
9-18	654-661	omtreck	
9-19	662-665	des	
9-20	666-671	damps	
9-21	672-674	an	
9-22	675-676	G	
9-23	677-679	en	
9-24	680-681	H	
9-25	681-682	:	
9-26	683-688	Voort	
9-27	689-691	sy	
9-28	692-693	K	
9-29	694-695	H	
9-30	696-698	de	
9-31	699-703	lini	
9-32	704-714	ghetrocken	
9-33	716-723	Horizon	
9-34	724-732	physicus	
9-35	732-733	.	

#Text=vande bovecant der Son tottet punt
#Text=Huyterste des natuerlicken sichteinders, en
#Text=gherakende den eertcloot an C.
10-1	735-740	vande	
10-2	741-749	bovecant	
10-3	750-753	der	
10-4	754-757	Son	
10-5	758-764	tottet	
10-6	765-769	punt	
10-7	770-779	Huyterste	
10-8	780-783	des	
10-9	784-796	natuerlicken	
10-10	797-809	sichteinders	
10-11	809-810	,	
10-12	811-813	en	
10-13	814-824	gherakende	
10-14	825-828	den	
10-15	829-838	eertcloot	
10-16	839-841	an	
10-17	842-843	C	
10-18	843-844	.	

#Text=T'welck soo wesende, t'sal int begin des dagheraets
#Text=sijn, om de redenen verclaert inde 3 form des 1 voorstels:
11-1	845-852	T'welck	
11-2	853-856	soo	
11-3	857-864	wesende	
11-4	864-865	,	
11-5	866-871	t'sal	
11-6	872-875	int	
11-7	876-881	begin	
11-8	882-885	des	
11-9	886-896	dagheraets	
11-10	897-901	sijn	
11-11	901-902	,	
11-12	903-905	om	
11-13	906-908	de	
11-14	909-916	redenen	
11-15	917-926	verclaert	
11-16	927-931	inde	
11-17	932-933	3	
11-18	934-938	form	
11-19	939-942	des	
11-20	943-944	1	
11-21	945-954	voorstels	
11-22	954-955	:	
