#FORMAT=WebAnno TSV 3.3
#T_SP=custom.Span|label
#T_RL=custom.Relation|label|BT_custom.Span


#Text=Wir kamen mit dem Schrecken davon, aber unsere schöne Fleischportion war durch den aufgewirbelten Schutt ungenießbar geworden.
1-1	2-5	Wir	_	_	_	
1-2	6-11	kamen	_	_	_	
1-3	12-15	mit	_	_	_	
1-4	16-19	dem	_	_	_	
1-5	20-29	Schrecken	_	_	_	
1-6	30-35	davon	_	_	_	
1-7	35-36	,	_	_	_	
1-8	37-41	aber	_	_	_	
1-9	42-48	unsere	_	_	_	
1-10	49-55	schöne	_	_	_	
1-11	56-70	Fleischportion	_	_	_	
1-12	71-74	war	_	_	_	
1-13	75-80	durch	_	_	_	
1-14	81-84	den	_	_	_	
1-15	85-99	aufgewirbelten	_	_	_	
1-16	100-106	Schutt	_	_	_	
1-17	107-118	ungenießbar	_	_	_	
1-18	119-127	geworden	_	_	_	
1-19	127-128	.	_	_	_	

#Text=Kaum hatten wir uns an diesem ominösen Abend niedergelegt, als kräftig an das Tor gedonnert wurde und die alarmierende Stimme des Feldwebels uns vom Lager trieb.
2-1	129-133	Kaum	_	_	_	
2-2	134-140	hatten	_	_	_	
2-3	141-144	wir	_	_	_	
2-4	145-148	uns	_	_	_	
2-5	149-151	an	_	_	_	
2-6	152-158	diesem	_	_	_	
2-7	159-167	ominösen	_	_	_	
2-8	168-173	Abend	_	_	_	
2-9	174-186	niedergelegt	_	_	_	
2-10	186-187	,	_	_	_	
2-11	188-191	als	_	_	_	
2-12	192-199	kräftig	_	_	_	
2-13	200-202	an	_	_	_	
2-14	203-206	das	_	_	_	
2-15	207-210	Tor	_	_	_	
2-16	211-220	gedonnert	_	_	_	
2-17	221-226	wurde	_	_	_	
2-18	227-230	und	_	_	_	
2-19	231-234	die	_	_	_	
2-20	235-247	alarmierende	_	_	_	
2-21	248-254	Stimme	_	_	_	
2-22	255-258	des	_	_	_	
2-23	259-269	Feldwebels	_	_	_	
2-24	270-273	uns	_	_	_	
2-25	274-277	vom	_	_	_	
2-26	278-283	Lager	_	_	_	
2-27	284-289	trieb	_	_	_	
2-28	289-290	.	_	_	_	

#Text=Zuerst, wie immer in solchen Augenblicken, ein Moment der Stille, dann wirres Durcheinander und Gepolter:
#Text=„Mein Helm!
3-1	291-297	Zuerst	_	_	_	
3-2	297-298	,	_	_	_	
3-3	299-302	wie	_	_	_	
3-4	303-308	immer	_	_	_	
3-5	309-311	in	_	_	_	
3-6	312-319	solchen	_	_	_	
3-7	320-332	Augenblicken	_	_	_	
3-8	332-333	,	_	_	_	
3-9	334-337	ein	_	_	_	
3-10	338-344	Moment	_	_	_	
3-11	345-348	der	_	_	_	
3-12	349-355	Stille	_	_	_	
3-13	355-356	,	_	_	_	
3-14	357-361	dann	_	_	_	
3-15	362-368	wirres	_	_	_	
3-16	369-382	Durcheinander	_	_	_	
3-17	383-386	und	_	_	_	
3-18	387-395	Gepolter	_	_	_	
3-19	395-396	:	_	_	_	
3-20	397-398	„	_	_	_	
3-21	398-402	Mein	_	_	_	
3-22	403-407	Helm	_	_	_	
3-23	407-408	!	_	_	_	

#Text=Wo ist mein Brotbeutel?
4-1	409-411	Wo	_	_	_	
4-2	412-415	ist	_	_	_	
4-3	416-420	mein	_	_	_	
4-4	421-431	Brotbeutel	_	_	_	
4-5	431-432	?	_	_	_	

#Text=Ich kriege meine Stiefel nicht an!
5-1	433-436	Ich	_	_	_	
5-2	437-443	kriege	_	_	_	
5-3	444-449	meine	_	_	_	
5-4	450-457	Stiefel	_	_	_	
5-5	458-463	nicht	_	_	_	
5-6	464-466	an	_	_	_	
5-7	466-467	!	_	_	_	

#Text=Du hast meine Patronen geklaut!
6-1	468-470	Du	_	_	_	
6-2	471-475	hast	_	_	_	
6-3	476-481	meine	_	_	_	
6-4	482-490	Patronen	_	_	_	
6-5	491-498	geklaut	_	_	_	
6-6	498-499	!	_	_	_	

#Text=Hol’t Mul, du August!
7-1	500-503	Hol	_	_	_	
7-2	503-504	’	_	_	_	
7-3	504-505	t	_	_	_	
7-4	506-509	Mul	_	_	_	
7-5	509-510	,	_	_	_	
7-6	511-513	du	_	_	_	
7-7	514-520	August	_	_	_	
7-8	520-521	!	_	_	_	

#Text=“
#Text=
#Text=
#Text=Zuletzt war doch alles fertig, und wir marschierten zum Bahnhof von Chamblay, von wo wir in einigen Minuten mit der Bahn bis Pagny-sur-Moselle fuhren.
8-1	521-522	“	_	_	_	
8-2	525-532	Zuletzt	_	_	_	
8-3	533-536	war	_	_	_	
8-4	537-541	doch	_	_	_	
8-5	542-547	alles	_	_	_	
8-6	548-554	fertig	_	_	_	
8-7	554-555	,	_	_	_	
8-8	556-559	und	_	_	_	
8-9	560-563	wir	_	_	_	
8-10	564-576	marschierten	_	_	_	
8-11	577-580	zum	_	_	_	
8-12	581-588	Bahnhof	_	_	_	
8-13	589-592	von	_	_	_	
8-14	593-601	Chamblay	_	_	_	
8-15	601-602	,	_	_	_	
8-16	603-606	von	_	_	_	
8-17	607-609	wo	_	_	_	
8-18	610-613	wir	_	_	_	
8-19	614-616	in	_	_	_	
8-20	617-624	einigen	_	_	_	
8-21	625-632	Minuten	_	_	_	
8-22	633-636	mit	_	_	_	
8-23	637-640	der	_	_	_	
8-24	641-645	Bahn	_	_	_	
8-25	646-649	bis	_	_	_	
8-26	650-667	Pagny-sur-Moselle	_	_	_	
8-27	668-674	fuhren	_	_	_	
8-28	674-675	.	_	_	_	

#Text=In den Morgenstunden erklommen wir die Moselhöhen und, blieben in Prény, einem romantischen, von einer Burgruine überragten Bergdorf.
9-1	676-678	In	_	_	_	
9-2	679-682	den	_	_	_	
9-3	683-696	Morgenstunden	_	_	_	
9-4	697-706	erklommen	_	_	_	
9-5	707-710	wir	_	_	_	
9-6	711-714	die	_	_	_	
9-7	715-725	Moselhöhen	_	_	_	
9-8	726-729	und	_	_	_	
9-9	729-730	,	_	_	_	
9-10	731-738	blieben	_	_	_	
9-11	739-741	in	_	_	_	
9-12	742-747	Prény	_	_	_	
9-13	747-748	,	_	_	_	
9-14	749-754	einem	_	_	_	
9-15	755-767	romantischen	_	_	_	
9-16	767-768	,	_	_	_	
9-17	769-772	von	_	_	_	
9-18	773-778	einer	_	_	_	
9-19	779-788	Burgruine	_	_	_	
9-20	789-799	überragten	_	_	_	
9-21	800-808	Bergdorf	_	_	_	
9-22	808-809	.	_	_	_	

#Text=Diesmal war unsere Scheune ein mit aromatischem Bergheu gefüllter Steinbau, aus dessen Luken wir auf die weinbepflanzten Moselberge und das im Tal gelegene Städtchen Pagny blicken konnten, das oft mit Granaten und Fliegerbomben belegt wurde.
10-1	810-817	Diesmal	_	_	_	
10-2	818-821	war	_	_	_	
10-3	822-828	unsere	_	_	_	
10-4	829-836	Scheune	_	_	_	
10-5	837-840	ein	_	_	_	
10-6	841-844	mit	_	_	_	
10-7	845-857	aromatischem	Smell\_Word	*	10-8	
10-8	858-865	Bergheu	Smell\_Source	_	_	
10-9	866-875	gefüllter	_	_	_	
10-10	876-884	Steinbau	_	_	_	
10-11	884-885	,	_	_	_	
10-12	886-889	aus	_	_	_	
10-13	890-896	dessen	_	_	_	
10-14	897-902	Luken	_	_	_	
10-15	903-906	wir	_	_	_	
10-16	907-910	auf	_	_	_	
10-17	911-914	die	_	_	_	
10-18	915-930	weinbepflanzten	_	_	_	
10-19	931-941	Moselberge	_	_	_	
10-20	942-945	und	_	_	_	
10-21	946-949	das	_	_	_	
10-22	950-952	im	_	_	_	
10-23	953-956	Tal	_	_	_	
10-24	957-965	gelegene	_	_	_	
10-25	966-975	Städtchen	_	_	_	
10-26	976-981	Pagny	_	_	_	
10-27	982-989	blicken	_	_	_	
10-28	990-997	konnten	_	_	_	
10-29	997-998	,	_	_	_	
10-30	999-1002	das	_	_	_	
10-31	1003-1006	oft	_	_	_	
10-32	1007-1010	mit	_	_	_	
10-33	1011-1019	Granaten	_	_	_	
10-34	1020-1023	und	_	_	_	
10-35	1024-1037	Fliegerbomben	_	_	_	
10-36	1038-1044	belegt	_	_	_	
10-37	1045-1050	wurde	_	_	_	
10-38	1050-1051	.	_	_	_	

#Text=Einige Male schlug ein Geschoß in die Mosel, eine turmhohe Wassersäule hochschleudernd.
11-1	1052-1058	Einige	_	_	_	
11-2	1059-1063	Male	_	_	_	
11-3	1064-1070	schlug	_	_	_	
11-4	1071-1074	ein	_	_	_	
11-5	1075-1082	Geschoß	_	_	_	
11-6	1083-1085	in	_	_	_	
11-7	1086-1089	die	_	_	_	
11-8	1090-1095	Mosel	_	_	_	
11-9	1095-1096	,	_	_	_	
11-10	1097-1101	eine	_	_	_	
11-11	1102-1110	turmhohe	_	_	_	
11-12	1111-1122	Wassersäule	_	_	_	
11-13	1123-1138	hochschleudernd	_	_	_	
11-14	1138-1139	.	_	_	_	

#Text=Das warme Wetter und die prächtige Landschaft wirkten wahrhaft belebend auf uns und reizten in den Freistunden zu langen Spaziergängen.
12-1	1143-1146	Das	_	_	_	
12-2	1147-1152	warme	_	_	_	
12-3	1153-1159	Wetter	_	_	_	
12-4	1160-1163	und	_	_	_	
12-5	1164-1167	die	_	_	_	
12-6	1168-1177	prächtige	_	_	_	
12-7	1178-1188	Landschaft	_	_	_	
12-8	1189-1196	wirkten	_	_	_	
12-9	1197-1205	wahrhaft	_	_	_	
12-10	1206-1214	belebend	_	_	_	
12-11	1215-1218	auf	_	_	_	
12-12	1219-1222	uns	_	_	_	
12-13	1223-1226	und	_	_	_	
12-14	1227-1234	reizten	_	_	_	
12-15	1235-1237	in	_	_	_	
12-16	1238-1241	den	_	_	_	
12-17	1242-1253	Freistunden	_	_	_	
12-18	1254-1256	zu	_	_	_	
12-19	1257-1263	langen	_	_	_	
12-20	1264-1277	Spaziergängen	_	_	_	
12-21	1277-1278	.	_	_	_	

#Text=Wir waren so übermütig, daß wir abends noch einige Zeit ulkten, bevor alles zur Ruhe kam.
13-1	1279-1282	Wir	_	_	_	
13-2	1283-1288	waren	_	_	_	
13-3	1289-1291	so	_	_	_	
13-4	1292-1301	übermütig	_	_	_	
13-5	1301-1302	,	_	_	_	
13-6	1303-1306	daß	_	_	_	
13-7	1307-1310	wir	_	_	_	
13-8	1311-1317	abends	_	_	_	
13-9	1318-1322	noch	_	_	_	
13-10	1323-1329	einige	_	_	_	
13-11	1330-1334	Zeit	_	_	_	
13-12	1335-1341	ulkten	_	_	_	
13-13	1341-1342	,	_	_	_	
13-14	1343-1348	bevor	_	_	_	
13-15	1349-1354	alles	_	_	_	
13-16	1355-1358	zur	_	_	_	
13-17	1359-1363	Ruhe	_	_	_	
13-18	1364-1367	kam	_	_	_	
13-19	1367-1368	.	_	_	_	

#Text=Unter anderem war es ein beliebter Scherz, Schnarchern aus einer Feldflasche Wasser oder Kaffee in den Mund zu gießen.
14-1	1369-1374	Unter	_	_	_	
14-2	1375-1382	anderem	_	_	_	
14-3	1383-1386	war	_	_	_	
14-4	1387-1389	es	_	_	_	
14-5	1390-1393	ein	_	_	_	
14-6	1394-1403	beliebter	_	_	_	
14-7	1404-1410	Scherz	_	_	_	
14-8	1410-1411	,	_	_	_	
14-9	1412-1423	Schnarchern	_	_	_	
14-10	1424-1427	aus	_	_	_	
14-11	1428-1433	einer	_	_	_	
14-12	1434-1445	Feldflasche	_	_	_	
14-13	1446-1452	Wasser	_	_	_	
14-14	1453-1457	oder	_	_	_	
14-15	1458-1464	Kaffee	_	_	_	
14-16	1465-1467	in	_	_	_	
14-17	1468-1471	den	_	_	_	
14-18	1472-1476	Mund	_	_	_	
14-19	1477-1479	zu	_	_	_	
14-20	1480-1486	gießen	_	_	_	
14-21	1486-1487	.	_	_	_	

#Text=Am Abend des 22.
15-1	1491-1493	Am	_	_	_	
15-2	1494-1499	Abend	_	_	_	
15-3	1500-1503	des	_	_	_	
15-4	1504-1506	22	_	_	_	
15-5	1506-1507	.	_	_	_	

#Text=April marschierten wir von Prény ab, legten über 30 Kilometer bis zum Dorfe Hattonchâtel zurück, ohne trotz dem schweren Gepäck einen Marschkranken zu haben, und schlugen rechts von der berühmten Grande Tranchée mitten im Walde Zelte auf.
16-1	1508-1513	April	_	_	_	
16-2	1514-1526	marschierten	_	_	_	
16-3	1527-1530	wir	_	_	_	
16-4	1531-1534	von	_	_	_	
16-5	1535-1540	Prény	_	_	_	
16-6	1541-1543	ab	_	_	_	
16-7	1543-1544	,	_	_	_	
16-8	1545-1551	legten	_	_	_	
16-9	1552-1556	über	_	_	_	
16-10	1557-1559	30	_	_	_	
16-11	1560-1569	Kilometer	_	_	_	
16-12	1570-1573	bis	_	_	_	
16-13	1574-1577	zum	_	_	_	
16-14	1578-1583	Dorfe	_	_	_	
16-15	1584-1596	Hattonchâtel	_	_	_	
16-16	1597-1603	zurück	_	_	_	
16-17	1603-1604	,	_	_	_	
16-18	1605-1609	ohne	_	_	_	
16-19	1610-1615	trotz	_	_	_	
16-20	1616-1619	dem	_	_	_	
16-21	1620-1628	schweren	_	_	_	
16-22	1629-1635	Gepäck	_	_	_	
16-23	1636-1641	einen	_	_	_	
16-24	1642-1655	Marschkranken	_	_	_	
16-25	1656-1658	zu	_	_	_	
16-26	1659-1664	haben	_	_	_	
16-27	1664-1665	,	_	_	_	
16-28	1666-1669	und	_	_	_	
16-29	1670-1678	schlugen	_	_	_	
16-30	1679-1685	rechts	_	_	_	
16-31	1686-1689	von	_	_	_	
16-32	1690-1693	der	_	_	_	
16-33	1694-1703	berühmten	_	_	_	
16-34	1704-1710	Grande	_	_	_	
16-35	1711-1719	Tranchée	_	_	_	
16-36	1720-1726	mitten	_	_	_	
16-37	1727-1729	im	_	_	_	
16-38	1730-1735	Walde	_	_	_	
16-39	1736-1741	Zelte	_	_	_	
16-40	1742-1745	auf	_	_	_	
16-41	1745-1746	.	_	_	_	

#Text=Es war aus allen Anzeichen zu ersehen, daß wir am nächsten Tage ins Gefecht kommen würden.
17-1	1747-1749	Es	_	_	_	
17-2	1750-1753	war	_	_	_	
17-3	1754-1757	aus	_	_	_	
17-4	1758-1763	allen	_	_	_	
17-5	1764-1773	Anzeichen	_	_	_	
17-6	1774-1776	zu	_	_	_	
17-7	1777-1784	ersehen	_	_	_	
17-8	1784-1785	,	_	_	_	
17-9	1786-1789	daß	_	_	_	
17-10	1790-1793	wir	_	_	_	
17-11	1794-1796	am	_	_	_	
17-12	1797-1805	nächsten	_	_	_	
17-13	1806-1810	Tage	_	_	_	
17-14	1811-1814	ins	_	_	_	
17-15	1815-1822	Gefecht	_	_	_	
17-16	1823-1829	kommen	_	_	_	
17-17	1830-1836	würden	_	_	_	
17-18	1836-1837	.	_	_	_	

#Text=Wir empfingen Verbandpäckchen, zweite Fleischbüchsen und Signalflaggen für die Artillerie.
18-1	1838-1841	Wir	_	_	_	
18-2	1842-1851	empfingen	_	_	_	
18-3	1852-1867	Verbandpäckchen	_	_	_	
18-4	1867-1868	,	_	_	_	
18-5	1869-1875	zweite	_	_	_	
18-6	1876-1890	Fleischbüchsen	_	_	_	
18-7	1891-1894	und	_	_	_	
18-8	1895-1908	Signalflaggen	_	_	_	
18-9	1909-1912	für	_	_	_	
18-10	1913-1916	die	_	_	_	
18-11	1917-1927	Artillerie	_	_	_	
18-12	1927-1928	.	_	_	_	
