#FORMAT=WebAnno TSV 3.3
#T_SP=custom.Span|label
#T_RL=custom.Relation|label|BT_custom.Span


#Text=ÉTAT DES MALADIES REGNANTES A CALAIS.-
#Text=
#Text=Réfissions sur la Gale simple ou de contagion .
1-1	0-4	ÉTAT	_	_	_	
1-2	5-8	DES	_	_	_	
1-3	9-17	MALADIES	_	_	_	
1-4	18-27	REGNANTES	_	_	_	
1-5	28-29	A	Location[1]	_	_	
1-6	30-36	CALAIS	Location[1]	_	_	
1-7	36-37	.	_	_	_	
1-8	37-38	-	_	_	_	
1-9	40-50	Réfissions	_	_	_	
1-10	51-54	sur	_	_	_	
1-11	55-57	la	_	_	_	
1-12	58-62	Gale	Circumstances[2]	_	_	
1-13	63-69	simple	Circumstances[2]	_	_	
1-14	70-72	ou	_	_	_	
1-15	73-75	de	_	_	_	
1-16	76-85	contagion	_	_	_	
1-17	86-87	.	_	_	_	

#Text=Les limites de ce journal ne me permettent pas de don-' lier un traité sur la Gale , ni d'analiser la nature de cette affection psorique, mais seulement de dire un mot sur le traitement le plus simple et le plus économique à employer .
2-1	89-92	Les	_	_	_	
2-2	93-100	limites	_	_	_	
2-3	101-103	de	_	_	_	
2-4	104-106	ce	_	_	_	
2-5	107-114	journal	_	_	_	
2-6	115-117	ne	_	_	_	
2-7	118-120	me	_	_	_	
2-8	121-131	permettent	_	_	_	
2-9	132-135	pas	_	_	_	
2-10	136-138	de	_	_	_	
2-11	139-142	don	_	_	_	
2-12	142-143	-	_	_	_	
2-13	143-144	'	_	_	_	
2-14	145-149	lier	_	_	_	
2-15	150-152	un	_	_	_	
2-16	153-159	traité	_	_	_	
2-17	160-163	sur	_	_	_	
2-18	164-166	la	_	_	_	
2-19	167-171	Gale	_	_	_	
2-20	172-173	,	_	_	_	
2-21	174-176	ni	_	_	_	
2-22	177-187	d'analiser	_	_	_	
2-23	188-190	la	_	_	_	
2-24	191-197	nature	_	_	_	
2-25	198-200	de	_	_	_	
2-26	201-206	cette	_	_	_	
2-27	207-216	affection	_	_	_	
2-28	217-225	psorique	_	_	_	
2-29	225-226	,	_	_	_	
2-30	227-231	mais	_	_	_	
2-31	232-241	seulement	_	_	_	
2-32	242-244	de	_	_	_	
2-33	245-249	dire	_	_	_	
2-34	250-252	un	_	_	_	
2-35	253-256	mot	_	_	_	
2-36	257-260	sur	_	_	_	
2-37	261-263	le	Circumstances[3]	_	_	
2-38	264-274	traitement	Circumstances[3]	_	_	
2-39	275-277	le	Circumstances[3]	_	_	
2-40	278-282	plus	Circumstances[3]	_	_	
2-41	283-289	simple	Circumstances[3]	_	_	
2-42	290-292	et	Circumstances[3]	_	_	
2-43	293-295	le	Circumstances[3]	_	_	
2-44	296-300	plus	Circumstances[3]	_	_	
2-45	301-311	économique	Circumstances[3]	_	_	
2-46	312-313	à	Circumstances[3]	_	_	
2-47	314-322	employer	Circumstances[3]	_	_	
2-48	323-324	.	_	_	_	

#Text=La majeure partie' des auteurs modernes et même quelques anciens attribuaient cette maladie, qui est très- commune depuis la première invasion de nos troupes dans la Belgique, a des animalcules; et les observations microscopiques faites A Londres, semblent démontrer cette vérité ; aussi, tout ce qui tue ces insectes, guérit la Gale simple ; oit a en conséquence employé avec succès toutes les plantes acres, soit mêlées avec des graisses, des huiles , soit en décoction, ainsi que les préparations de souphre , de mercure et de plomb.
3-1	326-328	La	_	_	_	
3-2	329-336	majeure	_	_	_	
3-3	337-343	partie	_	_	_	
3-4	343-344	'	_	_	_	
3-5	345-348	des	_	_	_	
3-6	349-356	auteurs	_	_	_	
3-7	357-365	modernes	_	_	_	
3-8	366-368	et	_	_	_	
3-9	369-373	même	_	_	_	
3-10	374-382	quelques	_	_	_	
3-11	383-390	anciens	_	_	_	
3-12	391-403	attribuaient	_	_	_	
3-13	404-409	cette	_	_	_	
3-14	410-417	maladie	_	_	_	
3-15	417-418	,	_	_	_	
3-16	419-422	qui	_	_	_	
3-17	423-426	est	_	_	_	
3-18	427-431	très	_	_	_	
3-19	431-432	-	_	_	_	
3-20	433-440	commune	_	_	_	
3-21	441-447	depuis	_	_	_	
3-22	448-450	la	_	_	_	
3-23	451-459	première	_	_	_	
3-24	460-468	invasion	_	_	_	
3-25	469-471	de	_	_	_	
3-26	472-475	nos	_	_	_	
3-27	476-483	troupes	_	_	_	
3-28	484-488	dans	_	_	_	
3-29	489-491	la	_	_	_	
3-30	492-500	Belgique	_	_	_	
3-31	500-501	,	_	_	_	
3-32	502-503	a	_	_	_	
3-33	504-507	des	_	_	_	
3-34	508-519	animalcules	_	_	_	
3-35	519-520	;	_	_	_	
3-36	521-523	et	_	_	_	
3-37	524-527	les	_	_	_	
3-38	528-540	observations	_	_	_	
3-39	541-555	microscopiques	_	_	_	
3-40	556-562	faites	_	_	_	
3-41	563-564	A	_	_	_	
3-42	565-572	Londres	_	_	_	
3-43	572-573	,	_	_	_	
3-44	574-582	semblent	_	_	_	
3-45	583-592	démontrer	_	_	_	
3-46	593-598	cette	_	_	_	
3-47	599-605	vérité	_	_	_	
3-48	606-607	;	_	_	_	
3-49	608-613	aussi	_	_	_	
3-50	613-614	,	_	_	_	
3-51	615-619	tout	_	_	_	
3-52	620-622	ce	_	_	_	
3-53	623-626	qui	_	_	_	
3-54	627-630	tue	_	_	_	
3-55	631-634	ces	_	_	_	
3-56	635-643	insectes	_	_	_	
3-57	643-644	,	_	_	_	
3-58	645-651	guérit	_	_	_	
3-59	652-654	la	_	_	_	
3-60	655-659	Gale	_	_	_	
3-61	660-666	simple	_	_	_	
3-62	667-668	;	_	_	_	
3-63	669-672	oit	_	_	_	
3-64	673-674	a	_	_	_	
3-65	675-677	en	_	_	_	
3-66	678-689	conséquence	_	_	_	
3-67	690-697	employé	_	_	_	
3-68	698-702	avec	_	_	_	
3-69	703-709	succès	_	_	_	
3-70	710-716	toutes	_	_	_	
3-71	717-720	les	_	_	_	
3-72	721-728	plantes	_	_	_	
3-73	729-734	acres	_	_	_	
3-74	734-735	,	_	_	_	
3-75	736-740	soit	_	_	_	
3-76	741-747	mêlées	_	_	_	
3-77	748-752	avec	_	_	_	
3-78	753-756	des	_	_	_	
3-79	757-765	graisses	_	_	_	
3-80	765-766	,	_	_	_	
3-81	767-770	des	_	_	_	
3-82	771-777	huiles	_	_	_	
3-83	778-779	,	_	_	_	
3-84	780-784	soit	_	_	_	
3-85	785-787	en	_	_	_	
3-86	788-797	décoction	_	_	_	
3-87	797-798	,	_	_	_	
3-88	799-804	ainsi	_	_	_	
3-89	805-808	que	_	_	_	
3-90	809-812	les	_	_	_	
3-91	813-825	préparations	_	_	_	
3-92	826-828	de	_	_	_	
3-93	829-836	souphre	_	_	_	
3-94	837-838	,	_	_	_	
3-95	839-841	de	_	_	_	
3-96	842-849	mercure	_	_	_	
3-97	850-852	et	_	_	_	
3-98	853-855	de	_	_	_	
3-99	856-861	plomb	_	_	_	
3-100	861-862	.	_	_	_	

#Text=Les corps graisseux, outre la malpropreté qu'ils entretiennent , bouchent les pores cutanés et par cela seul nuisent ; ils exhalent d'ailleurs une odeur plus ou moins in- tenue, qui décele l'existence de cette contagion, que l'on a toujours grand soin de laisser ignorer ; les décoctions de- plantes acres n'ont que peu ou point d'odeur et ne détérirent pas le linge; celle de tabac jouit de la plus grande réputation , et ce, d'après lès expériences fûtes à ce sujet à l'hopital militaire de Lille par le citoyen Becu, médecin, et à celui de Calais, par les officiers de santé.
4-1	864-867	Les	_	_	_	
4-2	868-873	corps	Smell\_Source[4]	Anaphoric	4-21[0_4]	
4-3	874-883	graisseux	Smell\_Source[4]	_	_	
4-4	883-884	,	_	_	_	
4-5	885-890	outre	_	_	_	
4-6	891-893	la	_	_	_	
4-7	894-905	malpropreté	_	_	_	
4-8	906-912	qu'ils	_	_	_	
4-9	913-926	entretiennent	_	_	_	
4-10	927-928	,	_	_	_	
4-11	929-937	bouchent	_	_	_	
4-12	938-941	les	_	_	_	
4-13	942-947	pores	_	_	_	
4-14	948-955	cutanés	_	_	_	
4-15	956-958	et	_	_	_	
4-16	959-962	par	_	_	_	
4-17	963-967	cela	_	_	_	
4-18	968-972	seul	_	_	_	
4-19	973-980	nuisent	_	_	_	
4-20	981-982	;	_	_	_	
4-21	983-986	ils	Smell\_Source	_	_	
4-22	987-995	exhalent	Smell\_Word	*|*|*|*	4-21|1-5[1_0]|2-37[3_0]|1-12[2_0]	
4-23	996-1006	d'ailleurs	_	_	_	
4-24	1007-1010	une	_	_	_	
4-25	1011-1016	odeur	Smell\_Word	*|*|Anaphoric	4-26[5_0]|4-22|4-33	
4-26	1017-1021	plus	Quality[5]	_	_	
4-27	1022-1024	ou	Quality[5]	_	_	
4-28	1025-1030	moins	Quality[5]	_	_	
4-29	1031-1033	in	Quality[5]	_	_	
4-30	1033-1034	-	Quality[5]	_	_	
4-31	1035-1040	tenue	Quality[5]	_	_	
4-32	1040-1041	,	_	_	_	
4-33	1042-1045	qui	Smell\_Word	*	4-34[6_0]	
4-34	1046-1052	décele	Effect[6]	_	_	
4-35	1053-1064	l'existence	Effect[6]	_	_	
4-36	1065-1067	de	Effect[6]	_	_	
4-37	1068-1073	cette	Effect[6]	_	_	
4-38	1074-1083	contagion	Effect[6]	_	_	
4-39	1083-1084	,	_	_	_	
4-40	1085-1088	que	_	_	_	
4-41	1089-1093	l'on	_	_	_	
4-42	1094-1095	a	_	_	_	
4-43	1096-1104	toujours	_	_	_	
4-44	1105-1110	grand	_	_	_	
4-45	1111-1115	soin	_	_	_	
4-46	1116-1118	de	_	_	_	
4-47	1119-1126	laisser	_	_	_	
4-48	1127-1134	ignorer	_	_	_	
4-49	1135-1136	;	_	_	_	
4-50	1137-1140	les	_	_	_	
4-51	1141-1151	décoctions	Smell\_Source[7]	_	_	
4-52	1152-1154	de	Smell\_Source[7]	_	_	
4-53	1154-1155	-	Smell\_Source[7]	_	_	
4-54	1156-1163	plantes	Smell\_Source[7]	_	_	
4-55	1164-1169	acres	Smell\_Source[7]	_	_	
4-56	1170-1175	n'ont	_	_	_	
4-57	1176-1179	que	_	_	_	
4-58	1180-1183	peu	Quality[8]	_	_	
4-59	1184-1186	ou	Quality[8]	_	_	
4-60	1187-1192	point	Quality[8]	_	_	
4-61	1193-1200	d'odeur	Smell\_Word	*|*	4-58[8_0]|4-51[7_0]	
4-62	1201-1203	et	_	_	_	
4-63	1204-1206	ne	_	_	_	
4-64	1207-1217	détérirent	_	_	_	
4-65	1218-1221	pas	_	_	_	
4-66	1222-1224	le	_	_	_	
4-67	1225-1230	linge	_	_	_	
4-68	1230-1231	;	_	_	_	
4-69	1232-1237	celle	_	_	_	
4-70	1238-1240	de	_	_	_	
4-71	1241-1246	tabac	_	_	_	
4-72	1247-1252	jouit	_	_	_	
4-73	1253-1255	de	_	_	_	
4-74	1256-1258	la	_	_	_	
4-75	1259-1263	plus	_	_	_	
4-76	1264-1270	grande	_	_	_	
4-77	1271-1281	réputation	_	_	_	
4-78	1282-1283	,	_	_	_	
4-79	1284-1286	et	_	_	_	
4-80	1287-1289	ce	_	_	_	
4-81	1289-1290	,	_	_	_	
4-82	1291-1298	d'après	_	_	_	
4-83	1299-1302	lès	_	_	_	
4-84	1303-1314	expériences	_	_	_	
4-85	1315-1320	fûtes	_	_	_	
4-86	1321-1322	à	_	_	_	
4-87	1323-1325	ce	_	_	_	
4-88	1326-1331	sujet	_	_	_	
4-89	1332-1333	à	_	_	_	
4-90	1334-1343	l'hopital	_	_	_	
4-91	1344-1353	militaire	_	_	_	
4-92	1354-1356	de	_	_	_	
4-93	1357-1362	Lille	_	_	_	
4-94	1363-1366	par	_	_	_	
4-95	1367-1369	le	_	_	_	
4-96	1370-1377	citoyen	_	_	_	
4-97	1378-1382	Becu	_	_	_	
4-98	1382-1383	,	_	_	_	
4-99	1384-1391	médecin	_	_	_	
4-100	1391-1392	,	_	_	_	
4-101	1393-1395	et	_	_	_	
4-102	1396-1397	à	_	_	_	
4-103	1398-1403	celui	_	_	_	
4-104	1404-1406	de	_	_	_	
4-105	1407-1413	Calais	_	_	_	
4-106	1413-1414	,	_	_	_	
4-107	1415-1418	par	_	_	_	
4-108	1419-1422	les	_	_	_	
4-109	1423-1432	officiers	_	_	_	
4-110	1433-1435	de	_	_	_	
4-111	1436-1441	santé	_	_	_	
4-112	1441-1442	.	_	_	_	

#Text=Les Gales compliquées exigent un traitement méthode- que et sont du ressort de la Medecine; les simples au contraire peuvent être traitées paries individus, qui en sont affectés et ces dernieres sont les plus communes.
5-1	1444-1447	Les	_	_	_	
5-2	1448-1453	Gales	_	_	_	
5-3	1454-1465	compliquées	_	_	_	
5-4	1466-1473	exigent	_	_	_	
5-5	1474-1476	un	_	_	_	
5-6	1477-1487	traitement	_	_	_	
5-7	1488-1495	méthode	_	_	_	
5-8	1495-1496	-	_	_	_	
5-9	1497-1500	que	_	_	_	
5-10	1501-1503	et	_	_	_	
5-11	1504-1508	sont	_	_	_	
5-12	1509-1511	du	_	_	_	
5-13	1512-1519	ressort	_	_	_	
5-14	1520-1522	de	_	_	_	
5-15	1523-1525	la	_	_	_	
5-16	1526-1534	Medecine	_	_	_	
5-17	1534-1535	;	_	_	_	
5-18	1536-1539	les	_	_	_	
5-19	1540-1547	simples	_	_	_	
5-20	1548-1550	au	_	_	_	
5-21	1551-1560	contraire	_	_	_	
5-22	1561-1568	peuvent	_	_	_	
5-23	1569-1573	être	_	_	_	
5-24	1574-1582	traitées	_	_	_	
5-25	1583-1589	paries	_	_	_	
5-26	1590-1599	individus	_	_	_	
5-27	1599-1600	,	_	_	_	
5-28	1601-1604	qui	_	_	_	
5-29	1605-1607	en	_	_	_	
5-30	1608-1612	sont	_	_	_	
5-31	1613-1621	affectés	_	_	_	
5-32	1622-1624	et	_	_	_	
5-33	1625-1628	ces	_	_	_	
5-34	1629-1638	dernieres	_	_	_	
5-35	1639-1643	sont	_	_	_	
5-36	1644-1647	les	_	_	_	
5-37	1648-1652	plus	_	_	_	
5-38	1653-1661	communes	_	_	_	
5-39	1661-1662	.	_	_	_	
