#FORMAT=WebAnno TSV 3.3


#Text=Zimmt-Ex-
#Text=tract und
#Text=Saltz.
1-1	0-8	Zimmt-Ex	
1-2	8-9	-	
1-3	10-15	tract	
1-4	16-19	und	
1-5	20-25	Saltz	
1-6	25-26	.	

#Text=Das dritte Capitel.
2-1	30-33	Das	
2-2	34-40	dritte	
2-3	41-48	Capitel	
2-4	48-49	.	

#Text=Vom Mutterzimmt.
3-1	52-55	Vom	
3-2	56-67	Mutterzimmt	
3-3	67-68	.	

#Text=CAſſia lignea iſt ebenfalls die andere
#Text=Rinde von dem Stamme und Aeſten
#Text=
#Text=gewiſſer Baͤume, die denen, welche den
#Text=Caneel tragen, ziemlich aͤhnlich ſind.
4-1	71-77	CAſſia	
4-2	78-84	lignea	
4-3	85-88	iſt	
4-4	89-98	ebenfalls	
4-5	99-102	die	
4-6	103-109	andere	
4-7	110-115	Rinde	
4-8	116-119	von	
4-9	120-123	dem	
4-10	124-130	Stamme	
4-11	131-134	und	
4-12	135-141	Aeſten	
4-13	143-151	gewiſſer	
4-14	152-158	Baͤume	
4-15	158-159	,	
4-16	160-163	die	
4-17	164-169	denen	
4-18	169-170	,	
4-19	171-177	welche	
4-20	178-181	den	
4-21	182-188	Caneel	
4-22	189-195	tragen	
4-23	195-196	,	
4-24	197-205	ziemlich	
4-25	206-214	aͤhnlich	
4-26	215-219	ſind	
4-27	219-220	.	

#Text=Dieſe
#Text=Baͤume wachſen unter den an-
#Text=dern Zimmttragenden Baͤumen.
5-1	224-229	Dieſe	
5-2	230-236	Baͤume	
5-3	237-244	wachſen	
5-4	245-250	unter	
5-5	251-254	den	
5-6	255-257	an	
5-7	257-258	-	
5-8	259-263	dern	
5-9	264-278	Zimmttragenden	
5-10	279-286	Baͤumen	
5-11	286-287	.	

#Text=Und
#Text=mit dieſem Zimmt iſt es eben, wie mit
#Text=dem andern Zimmt beſchaffen, denn ie
#Text=feiner die Rinde, ie ſchoͤner die Farbe, ie
#Text=lieblicher, beiſſend- und aromatiſcher er
#Text=ſchmeckt, ie hoͤher wird er gehalten.
6-1	288-291	Und	
6-2	292-295	mit	
6-3	296-302	dieſem	
6-4	303-308	Zimmt	
6-5	309-312	iſt	
6-6	313-315	es	
6-7	316-320	eben	
6-8	320-321	,	
6-9	322-325	wie	
6-10	326-329	mit	
6-11	330-333	dem	
6-12	334-340	andern	
6-13	341-346	Zimmt	
6-14	347-357	beſchaffen	
6-15	357-358	,	
6-16	359-363	denn	
6-17	364-366	ie	
6-18	367-373	feiner	
6-19	374-377	die	
6-20	378-383	Rinde	
6-21	383-384	,	
6-22	385-387	ie	
6-23	388-396	ſchoͤner	
6-24	397-400	die	
6-25	401-406	Farbe	
6-26	406-407	,	
6-27	408-410	ie	
6-28	411-421	lieblicher	
6-29	421-422	,	
6-30	423-431	beiſſend	
6-31	431-432	-	
6-32	433-436	und	
6-33	437-449	aromatiſcher	
6-34	450-452	er	
6-35	453-461	ſchmeckt	
6-36	461-462	,	
6-37	463-465	ie	
6-38	466-472	hoͤher	
6-39	473-477	wird	
6-40	478-480	er	
6-41	481-489	gehalten	
6-42	489-490	.	

#Text=Er
#Text=
#Text=mag aber gleich noch ſo gut ſeyn, den-
#Text=noch iſt er gar weit von dem Caneel un-
#Text=terſchieden, indem er ein ſchleimichtes
#Text=Weſen im Munde hinterlaͤßt, welches
#Text=an dem Caneel nicht zu verſpuͤren.
7-1	491-493	Er	
7-2	495-498	mag	
7-3	499-503	aber	
7-4	504-510	gleich	
7-5	511-515	noch	
7-6	516-518	ſo	
7-7	519-522	gut	
7-8	523-527	ſeyn	
7-9	527-528	,	
7-10	529-532	den	
7-11	532-533	-	
7-12	534-538	noch	
7-13	539-542	iſt	
7-14	543-545	er	
7-15	546-549	gar	
7-16	550-554	weit	
7-17	555-558	von	
7-18	559-562	dem	
7-19	563-569	Caneel	
7-20	570-572	un	
7-21	572-573	-	
7-22	574-585	terſchieden	
7-23	585-586	,	
7-24	587-592	indem	
7-25	593-595	er	
7-26	596-599	ein	
7-27	600-613	ſchleimichtes	
7-28	614-619	Weſen	
7-29	620-622	im	
7-30	623-628	Munde	
7-31	629-640	hinterlaͤßt	
7-32	640-641	,	
7-33	642-649	welches	
7-34	650-652	an	
7-35	653-656	dem	
7-36	657-663	Caneel	
7-37	664-669	nicht	
7-38	670-672	zu	
7-39	673-683	verſpuͤren	
7-40	683-684	.	

#Text=Die Caßia wird ſelten in der Artzney
#Text=
#Text=gebraucht, ſo wuͤrde auch der Vertrieb
#Text=gar ſchlecht ſeyn, wenn ſie nicht von ih-
#Text=rer vielen an ſtatt des Caneels verkaufft
#Text=wuͤrde: welches aber eine purlautere
#Text=Betruͤgerey, ſo wohl, weil ein Pfund
#Text=Caneel ſo viel koſtet, als vier Pfund
#Text=Caßia, als auch, weil dieſe nicht wie je-
#Text=ner beſchaffen iſt.
8-1	688-691	Die	
8-2	692-697	Caßia	
8-3	698-702	wird	
8-4	703-709	ſelten	
8-5	710-712	in	
8-6	713-716	der	
8-7	717-724	Artzney	
8-8	726-735	gebraucht	
8-9	735-736	,	
8-10	737-739	ſo	
8-11	740-746	wuͤrde	
8-12	747-751	auch	
8-13	752-755	der	
8-14	756-764	Vertrieb	
8-15	765-768	gar	
8-16	769-777	ſchlecht	
8-17	778-782	ſeyn	
8-18	782-783	,	
8-19	784-788	wenn	
8-20	789-792	ſie	
8-21	793-798	nicht	
8-22	799-802	von	
8-23	803-805	ih	
8-24	805-806	-	
8-25	807-810	rer	
8-26	811-817	vielen	
8-27	818-820	an	
8-28	821-826	ſtatt	
8-29	827-830	des	
8-30	831-838	Caneels	
8-31	839-848	verkaufft	
8-32	849-855	wuͤrde	
8-33	855-856	:	
8-34	857-864	welches	
8-35	865-869	aber	
8-36	870-874	eine	
8-37	875-885	purlautere	
8-38	886-897	Betruͤgerey	
8-39	897-898	,	
8-40	899-901	ſo	
8-41	902-906	wohl	
8-42	906-907	,	
8-43	908-912	weil	
8-44	913-916	ein	
8-45	917-922	Pfund	
8-46	923-929	Caneel	
8-47	930-932	ſo	
8-48	933-937	viel	
8-49	938-944	koſtet	
8-50	944-945	,	
8-51	946-949	als	
8-52	950-954	vier	
8-53	955-960	Pfund	
8-54	961-966	Caßia	
8-55	966-967	,	
8-56	968-971	als	
8-57	972-976	auch	
8-58	976-977	,	
8-59	978-982	weil	
8-60	983-988	dieſe	
8-61	989-994	nicht	
8-62	995-998	wie	
8-63	999-1001	je	
8-64	1001-1002	-	
8-65	1003-1006	ner	
8-66	1007-1017	beſchaffen	
8-67	1018-1021	iſt	
8-68	1021-1022	.	

#Text=Die Caßia wird zum
#Text=Theriac genommen, und darff nur, wie
#Text=ſie anietzo beſchrieben, ſeyn;
#Text=da man im
#Text=Gegentheil diejenige verwerffen ſoll,
#Text=welche wie breite, dicke Rinden iſt, nicht
#Text=beſſer als Holtz ſchmeckt, und folglich zu
#Text=nichts nicht taug.
9-1	1023-1026	Die	
9-2	1027-1032	Caßia	
9-3	1033-1037	wird	
9-4	1038-1041	zum	
9-5	1042-1049	Theriac	
9-6	1050-1058	genommen	
9-7	1058-1059	,	
9-8	1060-1063	und	
9-9	1064-1069	darff	
9-10	1070-1073	nur	
9-11	1073-1074	,	
9-12	1075-1078	wie	
9-13	1079-1082	ſie	
9-14	1083-1090	anietzo	
9-15	1091-1102	beſchrieben	
9-16	1102-1103	,	
9-17	1104-1108	ſeyn	
9-18	1108-1109	;	
9-19	1110-1112	da	
9-20	1113-1116	man	
9-21	1117-1119	im	
9-22	1120-1130	Gegentheil	
9-23	1131-1140	diejenige	
9-24	1141-1151	verwerffen	
9-25	1152-1156	ſoll	
9-26	1156-1157	,	
9-27	1158-1164	welche	
9-28	1165-1168	wie	
9-29	1169-1175	breite	
9-30	1175-1176	,	
9-31	1177-1182	dicke	
9-32	1183-1189	Rinden	
9-33	1190-1193	iſt	
9-34	1193-1194	,	
9-35	1195-1200	nicht	
9-36	1201-1207	beſſer	
9-37	1208-1211	als	
9-38	1212-1217	Holtz	
9-39	1218-1226	ſchmeckt	
9-40	1226-1227	,	
9-41	1228-1231	und	
9-42	1232-1240	folglich	
9-43	1241-1243	zu	
9-44	1244-1250	nichts	
9-45	1251-1256	nicht	
9-46	1257-1261	taug	
9-47	1261-1262	.	

#Text=Von den Blaͤttern, Bluͤte und Fruͤch-
#Text=ten des Mutterzimmts habe ich gar
#Text=nichts erfahren koͤnnen.
10-1	1266-1269	Von	
10-2	1270-1273	den	
10-3	1274-1283	Blaͤttern	
10-4	1283-1284	,	
10-5	1285-1291	Bluͤte	
10-6	1292-1295	und	
10-7	1296-1302	Fruͤch	
10-8	1302-1303	-	
10-9	1304-1307	ten	
10-10	1308-1311	des	
10-11	1312-1324	Mutterzimmts	
10-12	1325-1329	habe	
10-13	1330-1333	ich	
10-14	1334-1337	gar	
10-15	1338-1344	nichts	
10-16	1345-1353	erfahren	
10-17	1354-1361	koͤnnen	
10-18	1361-1362	.	
