#FORMAT=WebAnno TSV 3.3


#Text=op het vers 13.
#Text=heylige plaetse met Siet boven 6.
#Text=op het vers 28.
#Text=water baden, ende sijne kleederen aen doen:
#Text=dan sal hy uyt gaen, ende sijn brand-offer, ende het brand-offer des volcks bereyden, ende voor hem, ende voor het volck versoeninge doen.
#Text=
#Text=25
#Text=
#Text=Oock
#Text=sal hy
#Text=het vet
#Text=des sond-offers op den T.w. den brand-offer altaer.
1-1	2-4	op	
1-2	5-8	het	
1-3	9-13	vers	
1-4	14-16	13	
1-5	16-17	.	
1-6	18-25	heylige	
1-7	26-33	plaetse	
1-8	34-37	met	
1-9	38-42	Siet	
1-10	43-48	boven	
1-11	49-50	6	
1-12	50-51	.	
1-13	52-54	op	
1-14	55-58	het	
1-15	59-63	vers	
1-16	64-66	28	
1-17	66-67	.	
1-18	68-73	water	
1-19	74-79	baden	
1-20	79-80	,	
1-21	81-85	ende	
1-22	86-91	sijne	
1-23	92-101	kleederen	
1-24	102-105	aen	
1-25	106-110	doen	
1-26	110-111	:	
1-27	112-115	dan	
1-28	116-119	sal	
1-29	120-122	hy	
1-30	123-126	uyt	
1-31	127-131	gaen	
1-32	131-132	,	
1-33	133-137	ende	
1-34	138-142	sijn	
1-35	143-154	brand-offer	
1-36	154-155	,	
1-37	156-160	ende	
1-38	161-164	het	
1-39	165-176	brand-offer	
1-40	177-180	des	
1-41	181-187	volcks	
1-42	188-196	bereyden	
1-43	196-197	,	
1-44	198-202	ende	
1-45	203-207	voor	
1-46	208-211	hem	
1-47	211-212	,	
1-48	213-217	ende	
1-49	218-222	voor	
1-50	223-226	het	
1-51	227-232	volck	
1-52	233-244	versoeninge	
1-53	245-249	doen	
1-54	249-250	.	
1-55	252-254	25	
1-56	256-260	Oock	
1-57	261-264	sal	
1-58	265-267	hy	
1-59	268-271	het	
1-60	272-275	vet	
1-61	276-279	des	
1-62	280-291	sond-offers	
1-63	292-294	op	
1-64	295-298	den	
1-65	299-302	T.w	
1-66	302-303	.	
1-67	304-307	den	
1-68	308-319	brand-offer	
1-69	320-326	altaer	
1-70	326-327	.	

#Text=Want op den reuck-altaer was’t verboden soodanige offerhanden te doen, Exod.
#Text=30.9.
#Text=altaer aensteken.
#Text=
#Text=26
#Text=
#Text=Ende
#Text=die den bock Siet boven op het vers 8.
#Text=welcke een wechgaende bock was, sal uyt gelaten hebben, sal sijne kleederen wasschen, ende sijn vleesch met water baden:
#Text=ende daer na sal hy in het leger komen.
#Text=
#Text=27
#Text=
#Text=Maer
2-1	328-332	Want	
2-2	333-335	op	
2-3	336-339	den	
2-4	340-352	reuck-altaer	
2-5	353-356	was	
2-6	356-357	’	
2-7	357-358	t	
2-8	359-367	verboden	
2-9	368-377	soodanige	
2-10	378-389	offerhanden	
2-11	390-392	te	
2-12	393-397	doen	
2-13	397-398	,	
2-14	399-403	Exod	
2-15	403-404	.	
2-16	405-409	30.9	
2-17	409-410	.	
2-18	411-417	altaer	
2-19	418-427	aensteken	
2-20	427-428	.	
2-21	430-432	26	
2-22	434-438	Ende	
2-23	439-442	die	
2-24	443-446	den	
2-25	447-451	bock	
2-26	452-456	Siet	
2-27	457-462	boven	
2-28	463-465	op	
2-29	466-469	het	
2-30	470-474	vers	
2-31	475-476	8	
2-32	476-477	.	
2-33	478-484	welcke	
2-34	485-488	een	
2-35	489-499	wechgaende	
2-36	500-504	bock	
2-37	505-508	was	
2-38	508-509	,	
2-39	510-513	sal	
2-40	514-517	uyt	
2-41	518-525	gelaten	
2-42	526-532	hebben	
2-43	532-533	,	
2-44	534-537	sal	
2-45	538-543	sijne	
2-46	544-553	kleederen	
2-47	554-562	wasschen	
2-48	562-563	,	
2-49	564-568	ende	
2-50	569-573	sijn	
2-51	574-581	vleesch	
2-52	582-585	met	
2-53	586-591	water	
2-54	592-597	baden	
2-55	597-598	:	
2-56	599-603	ende	
2-57	604-608	daer	
2-58	609-611	na	
2-59	612-615	sal	
2-60	616-618	hy	
2-61	619-621	in	
2-62	622-625	het	
2-63	626-631	leger	
2-64	632-637	komen	
2-65	637-638	.	
2-66	640-642	27	
2-67	644-648	Maer	
