#FORMAT=WebAnno TSV 3.3


#Text=De erf-zond, mis-verstandt, ook voor-leers qua gewoont
#Text=s
#Text=t
#Text=u
#Text=zijn dikwils oorzaak mee
#Text=dat ghij dus wert gehoont
#Text=:
#Text=v
#Text=w
#Text=
#Text=Dies
#Text=lieft andachticheijt voor al, en ware kennis,
#Text=x
#Text=hier;
#Text=hier;
#Text=hier is de grondt van alle sneuvel-schennis.
1-1	2-4	De	
1-2	5-13	erf-zond	
1-3	13-14	,	
1-4	15-28	mis-verstandt	
1-5	28-29	,	
1-6	30-33	ook	
1-7	34-44	voor-leers	
1-8	45-48	qua	
1-9	49-56	gewoont	
1-10	57-58	s	
1-11	59-60	t	
1-12	61-62	u	
1-13	63-67	zijn	
1-14	68-75	dikwils	
1-15	76-83	oorzaak	
1-16	84-87	mee	
1-17	88-91	dat	
1-18	92-96	ghij	
1-19	97-100	dus	
1-20	101-105	wert	
1-21	106-113	gehoont	
1-22	114-115	:	
1-23	116-117	v	
1-24	118-119	w	
1-25	121-125	Dies	
1-26	126-131	lieft	
1-27	132-146	andachticheijt	
1-28	147-151	voor	
1-29	152-154	al	
1-30	154-155	,	
1-31	156-158	en	
1-32	159-163	ware	
1-33	164-170	kennis	
1-34	170-171	,	
1-35	172-173	x	
1-36	174-178	hier	
1-37	178-179	;	
1-38	180-184	hier	
1-39	184-185	;	
1-40	186-190	hier	
1-41	191-193	is	
1-42	194-196	de	
1-43	197-203	grondt	
1-44	204-207	van	
1-45	208-212	alle	
1-46	213-229	sneuvel-schennis	
1-47	229-230	.	

#Text=Geneegentheden
#Text=zes die zaten dicht bij een
#Text=y
#Text=als kleijn koppellen witt, daar t'weerschijn al op scheen.
2-1	232-246	Geneegentheden	
2-2	247-250	zes	
2-3	251-254	die	
2-4	255-260	zaten	
2-5	261-266	dicht	
2-6	267-270	bij	
2-7	271-274	een	
2-8	275-276	y	
2-9	277-280	als	
2-10	281-287	kleijn	
2-11	288-297	koppellen	
2-12	298-302	witt	
2-13	302-303	,	
2-14	304-308	daar	
2-15	309-321	t'weerschijn	
2-16	322-324	al	
2-17	325-327	op	
2-18	328-334	scheen	
2-19	334-335	.	

#Text=z
#Text=aa
#Text=
#Text=De rechte straalen doen haar broeden witte Ionghen,
#Text=de kromme schaduw swerte, woest, en onbedwonghen,
#Text=
#Text=a
#Text=b
#Text=c
#Text=d
#Text=e
#Text=f
#Text=g
#Text=h
#Text=i
#Text=j
#Text=k
#Text=l
#Text=m
#Text=n
#Text=o
#Text=p
#Text=q
#Text=r
#Text=s
#Text=t
#Text=u
#Text=v
#Text=w
#Text=x
#Text=y
#Text=z
#Text=aa
#Text=
#Text=in de lucht zwevende bol
#Text=van kristal
#Text=een ring waarop beelden verschijnen (kunnen)
#Text=
#Text=
#Text=om de bol heen
#Text=worden
#Text=
#Text=pijlen
#Text=
#Text=meerv.
3-1	337-338	z	
3-2	339-341	aa	
3-3	343-345	De	
3-4	346-352	rechte	
3-5	353-361	straalen	
3-6	362-366	doen	
3-7	367-371	haar	
3-8	372-379	broeden	
3-9	380-385	witte	
3-10	386-393	Ionghen	
3-11	393-394	,	
3-12	395-397	de	
3-13	398-404	kromme	
3-14	405-412	schaduw	
3-15	413-419	swerte	
3-16	419-420	,	
3-17	421-426	woest	
3-18	426-427	,	
3-19	428-430	en	
3-20	431-443	onbedwonghen	
3-21	443-444	,	
3-22	446-447	a	
3-23	448-449	b	
3-24	450-451	c	
3-25	452-453	d	
3-26	454-455	e	
3-27	456-457	f	
3-28	458-459	g	
3-29	460-461	h	
3-30	462-463	i	
3-31	464-465	j	
3-32	466-467	k	
3-33	468-469	l	
3-34	470-471	m	
3-35	472-473	n	
3-36	474-475	o	
3-37	476-477	p	
3-38	478-479	q	
3-39	480-481	r	
3-40	482-483	s	
3-41	484-485	t	
3-42	486-487	u	
3-43	488-489	v	
3-44	490-491	w	
3-45	492-493	x	
3-46	494-495	y	
3-47	496-497	z	
3-48	498-500	aa	
3-49	502-504	in	
3-50	505-507	de	
3-51	508-513	lucht	
3-52	514-522	zwevende	
3-53	523-526	bol	
3-54	527-530	van	
3-55	531-538	kristal	
3-56	539-542	een	
3-57	543-547	ring	
3-58	548-554	waarop	
3-59	555-562	beelden	
3-60	563-574	verschijnen	
3-61	575-576	(	
3-62	576-582	kunnen	
3-63	582-583	)	
3-64	586-588	om	
3-65	589-591	de	
3-66	592-595	bol	
3-67	596-600	heen	
3-68	601-607	worden	
3-69	609-615	pijlen	
3-70	617-622	meerv	
3-71	622-623	.	

#Text=vervormd
#Text=al naar de beeldring draait
#Text=met grote snelheid
#Text=wel beraden, bedachtzaam
#Text=op natuurlijke wijze juist
#Text=eenvoudig en blind, d.w.z. niet gepreconditioneerd en ongericht
#Text=
#Text=
#Text=hierdoor beslaat de spiegelgladde ring
#Text=vocht
#Text=de van jongs af aangeleerde gewoonten
#Text=
#Text=zie
4-1	626-634	vervormd	
4-2	635-637	al	
4-3	638-642	naar	
4-4	643-645	de	
4-5	646-655	beeldring	
4-6	656-662	draait	
4-7	663-666	met	
4-8	667-672	grote	
4-9	673-681	snelheid	
4-10	682-685	wel	
4-11	686-693	beraden	
4-12	693-694	,	
4-13	695-706	bedachtzaam	
4-14	707-709	op	
4-15	710-721	natuurlijke	
4-16	722-727	wijze	
4-17	728-733	juist	
4-18	734-743	eenvoudig	
4-19	744-746	en	
4-20	747-752	blind	
4-21	752-753	,	
4-22	754-759	d.w.z	
4-23	759-760	.	
4-24	761-765	niet	
4-25	766-784	gepreconditioneerd	
4-26	785-787	en	
4-27	788-797	ongericht	
4-28	800-808	hierdoor	
4-29	809-816	beslaat	
4-30	817-819	de	
4-31	820-833	spiegelgladde	
4-32	834-838	ring	
4-33	839-844	vocht	
4-34	845-847	de	
4-35	848-851	van	
4-36	852-857	jongs	
4-37	858-860	af	
4-38	861-872	aangeleerde	
4-39	873-882	gewoonten	
4-40	884-887	zie	
