#FORMAT=WebAnno TSV 3.3
#T_SP=custom.Span|label
#T_RL=custom.Relation|label|BT_custom.Span


#Text=deinde diuifi funt
#Text=
#Text=odores in species, qui vnius naturae funt: e. g. valerianae odorem
#Text=
#Text=grauem dixit, faluiae cardiacum, et haec vtraque camphoram fpi-
#Text=
#Text=rant.
1-1	2-8	deinde	_	_	_	
1-2	9-15	diuifi	_	_	_	
1-3	16-20	funt	_	_	_	
1-4	22-28	odores	Smell\_Word[1]|Smell\_Source[2]	*	1-4[2_1]	
1-5	29-31	in	_	_	_	
1-6	32-39	species	_	_	_	
1-7	39-40	,	_	_	_	
1-8	41-44	qui	_	_	_	
1-9	45-50	vnius	_	_	_	
1-10	51-58	naturae	_	_	_	
1-11	59-63	funt	_	_	_	
1-12	63-64	:	_	_	_	
1-13	65-66	e	_	_	_	
1-14	66-67	.	_	_	_	
1-15	68-69	g	_	_	_	
1-16	69-70	.	_	_	_	
1-17	71-81	valerianae	Smell\_Source	_	_	
1-18	82-88	odorem	Smell\_Word	*|*|*|*	1-17|1-19|1-22|1-23	
1-19	90-96	grauem	Quality	_	_	
1-20	97-102	dixit	_	_	_	
1-21	102-103	,	_	_	_	
1-22	104-111	faluiae	Smell\_Source	_	_	
1-23	112-121	cardiacum	Quality	_	_	
1-24	121-122	,	_	_	_	
1-25	123-125	et	_	_	_	
1-26	126-130	haec	Smell\_Source[3]	Anaphoric|Anaphoric	1-17[0_3]|1-22[0_3]	
1-27	131-138	vtraque	Smell\_Source[3]	_	_	
1-28	139-148	camphoram	Evoked\_Odorant	_	_	
1-29	149-152	fpi	Smell\_Word[4]	*|*	1-28[0_4]|1-26[3_4]	
1-30	152-153	-	Smell\_Word[4]	_	_	
1-31	155-159	rant	Smell\_Word[4]	_	_	
1-32	159-160	.	_	_	_	

#Text=Hae species E. diductae nil iuuant.
2-1	161-164	Hae	_	_	_	
2-2	165-172	species	_	_	_	
2-3	173-174	E	_	_	_	
2-4	174-175	.	_	_	_	
2-5	176-184	diductae	_	_	_	
2-6	185-188	nil	_	_	_	
2-7	189-195	iuuant	_	_	_	
2-8	195-196	.	_	_	_	

#Text=Si E. odores in gene-
#Text=
#Text=ra diducendi sunt, optima via est, qualitates nonfolum per suum
#Text=
#Text=sed et aliorum sensum acceptas accuratissime obferuare et ex his
#Text=
#Text=qualitatibus ad abundantem partem constitutiuam concludere, fe-
#Text=
#Text=cundum quam methodum Lipfiae ope amicorum totum catalogum
#Text=
#Text=confeci, quem in fequentibus in vsum conuertam, Sed dantur
#Text=
#Text=etiam qualitates per fenfum acceptae ex quibus non ad partes
#Text=
#Text=constitutiuas , fed ad earum modificationem concludi poteft.
3-1	197-199	Si	_	_	_	
3-2	200-201	E	_	_	_	
3-3	201-202	.	_	_	_	
3-4	203-209	odores	Smell\_Word[5]|Smell\_Source[6]	*	3-4[6_5]	
3-5	210-212	in	_	_	_	
3-6	213-217	gene	_	_	_	
3-7	217-218	-	_	_	_	
3-8	220-222	ra	_	_	_	
3-9	223-232	diducendi	_	_	_	
3-10	233-237	sunt	_	_	_	
3-11	237-238	,	_	_	_	
3-12	239-245	optima	_	_	_	
3-13	246-249	via	_	_	_	
3-14	250-253	est	_	_	_	
3-15	253-254	,	_	_	_	
3-16	255-265	qualitates	_	_	_	
3-17	266-274	nonfolum	_	_	_	
3-18	275-278	per	_	_	_	
3-19	279-283	suum	_	_	_	
3-20	285-288	sed	_	_	_	
3-21	289-291	et	_	_	_	
3-22	292-299	aliorum	_	_	_	
3-23	300-306	sensum	_	_	_	
3-24	307-315	acceptas	_	_	_	
3-25	316-329	accuratissime	_	_	_	
3-26	330-339	obferuare	_	_	_	
3-27	340-342	et	_	_	_	
3-28	343-345	ex	_	_	_	
3-29	346-349	his	_	_	_	
3-30	351-363	qualitatibus	_	_	_	
3-31	364-366	ad	_	_	_	
3-32	367-377	abundantem	_	_	_	
3-33	378-384	partem	_	_	_	
3-34	385-398	constitutiuam	_	_	_	
3-35	399-409	concludere	_	_	_	
3-36	409-410	,	_	_	_	
3-37	411-413	fe	_	_	_	
3-38	413-414	-	_	_	_	
3-39	416-422	cundum	_	_	_	
3-40	423-427	quam	_	_	_	
3-41	428-436	methodum	_	_	_	
3-42	437-444	Lipfiae	_	_	_	
3-43	445-448	ope	_	_	_	
3-44	449-457	amicorum	_	_	_	
3-45	458-463	totum	_	_	_	
3-46	464-473	catalogum	_	_	_	
3-47	475-482	confeci	_	_	_	
3-48	482-483	,	_	_	_	
3-49	484-488	quem	_	_	_	
3-50	489-491	in	_	_	_	
3-51	492-503	fequentibus	_	_	_	
3-52	504-506	in	_	_	_	
3-53	507-511	vsum	_	_	_	
3-54	512-521	conuertam	_	_	_	
3-55	521-522	,	_	_	_	
3-56	523-526	Sed	_	_	_	
3-57	527-533	dantur	_	_	_	
3-58	535-540	etiam	_	_	_	
3-59	541-551	qualitates	_	_	_	
3-60	552-555	per	_	_	_	
3-61	556-562	fenfum	_	_	_	
3-62	563-571	acceptae	_	_	_	
3-63	572-574	ex	_	_	_	
3-64	575-581	quibus	_	_	_	
3-65	582-585	non	_	_	_	
3-66	586-588	ad	_	_	_	
3-67	589-595	partes	_	_	_	
3-68	597-610	constitutiuas	_	_	_	
3-69	611-612	,	_	_	_	
3-70	613-616	fed	_	_	_	
3-71	617-619	ad	_	_	_	
3-72	620-625	earum	_	_	_	
3-73	626-640	modificationem	_	_	_	
3-74	641-649	concludi	_	_	_	
3-75	650-656	poteft	_	_	_	
3-76	656-657	.	_	_	_	

#Text=Sic
#Text=
#Text=odor blandus oftendit aquae et terrae vires abundantes i. e. vis-
#Text=
#Text=cofum volatile vel aquosum vel inflammabile: fed acris odor often-
#Text=
#Text=dit ignescentis principii non folum praefentiam sed et formam
#Text=
#Text=i. e. adeffe euolutum, eminens, diffolutum.
4-1	658-661	Sic	_	_	_	
4-2	663-667	odor	Smell\_Word[7]|Smell\_Source[8]	*|*|*	4-3[0_7]|4-2[8_7]|4-4[9_7]	
4-3	668-675	blandus	Quality	_	_	
4-4	676-684	oftendit	Effect[9]	_	_	
4-5	685-690	aquae	Effect[9]	_	_	
4-6	691-693	et	Effect[9]	_	_	
4-7	694-700	terrae	Effect[9]	_	_	
4-8	701-706	vires	Effect[9]	_	_	
4-9	707-717	abundantes	Effect[9]	_	_	
4-10	718-719	i	Effect[9]	_	_	
4-11	719-720	.	Effect[9]	_	_	
4-12	721-722	e	Effect[9]	_	_	
4-13	722-723	.	Effect[9]	_	_	
4-14	724-727	vis	Effect[9]	_	_	
4-15	727-728	-	Effect[9]	_	_	
4-16	730-735	cofum	Effect[9]	_	_	
4-17	736-744	volatile	Effect[9]	_	_	
4-18	745-748	vel	Effect[9]	_	_	
4-19	749-756	aquosum	Effect[9]	_	_	
4-20	757-760	vel	Effect[9]	_	_	
4-21	761-773	inflammabile	Effect[9]	_	_	
4-22	773-774	:	_	_	_	
4-23	775-778	fed	_	_	_	
4-24	779-784	acris	Quality	_	_	
4-25	785-789	odor	Smell\_Word[10]|Smell\_Source[11]	*|*|*	4-25[11_10]|4-24[0_10]|4-26[12_10]	
4-26	790-795	often	Effect[12]	_	_	
4-27	795-796	-	Effect[12]	_	_	
4-28	798-801	dit	Effect[12]	_	_	
4-29	802-813	ignescentis	Effect[12]	_	_	
4-30	814-823	principii	Effect[12]	_	_	
4-31	824-827	non	Effect[12]	_	_	
4-32	828-833	folum	Effect[12]	_	_	
4-33	834-845	praefentiam	Effect[12]	_	_	
4-34	846-849	sed	Effect[12]	_	_	
4-35	850-852	et	Effect[12]	_	_	
4-36	853-859	formam	Effect[12]	_	_	
4-37	861-862	i	Effect[12]	_	_	
4-38	862-863	.	Effect[12]	_	_	
4-39	864-865	e	Effect[12]	_	_	
4-40	865-866	.	Effect[12]	_	_	
4-41	867-873	adeffe	Effect[12]	_	_	
4-42	874-882	euolutum	Effect[12]	_	_	
4-43	882-883	,	Effect[12]	_	_	
4-44	884-891	eminens	Effect[12]	_	_	
4-45	891-892	,	Effect[12]	_	_	
4-46	893-903	diffolutum	Effect[12]	_	_	
4-47	903-904	.	_	_	_	

#Text=Odur tene oftendit
#Text=
#Text=partium conftitutiuarum formam tenuem, quae ab omni craffo fe-
#Text=
#Text=parata est.
5-1	905-909	Odur	Smell\_Word	*|*	5-2|5-3[13_0]	
5-2	910-914	tene	Quality	_	_	
5-3	915-923	oftendit	Effect[13]	_	_	
5-4	925-932	partium	Effect[13]	_	_	
5-5	933-948	conftitutiuarum	Effect[13]	_	_	
5-6	949-955	formam	Effect[13]	_	_	
5-7	956-962	tenuem	Effect[13]	_	_	
5-8	962-963	,	Effect[13]	_	_	
5-9	964-968	quae	Effect[13]	_	_	
5-10	969-971	ab	Effect[13]	_	_	
5-11	972-976	omni	Effect[13]	_	_	
5-12	977-983	craffo	Effect[13]	_	_	
5-13	984-986	fe	Effect[13]	_	_	
5-14	986-987	-	Effect[13]	_	_	
5-15	989-995	parata	Effect[13]	_	_	
5-16	996-999	est	Effect[13]	_	_	
5-17	999-1000	.	Effect[13]	_	_	

#Text=Odor fugax oftendit praeter formam tenuem diffemina-
#Text=
#Text=tam corpufculorum formam, vti fragrans et grauis collectam in fo-
#Text=
#Text=cum formam fignificat.
6-1	1001-1005	Odor	Smell\_Word[14]|Smell\_Source[15]	*|*|*|*|*	6-1[15_14]|6-2[0_14]|6-14[17_14]|6-3[16_14]|6-17[18_14]	
6-2	1006-1011	fugax	Quality	_	_	
6-3	1012-1020	oftendit	Effect[16]	_	_	
6-4	1021-1028	praeter	Effect[16]	_	_	
6-5	1029-1035	formam	Effect[16]	_	_	
6-6	1036-1042	tenuem	Effect[16]	_	_	
6-7	1043-1052	diffemina	Effect[16]	_	_	
6-8	1052-1053	-	Effect[16]	_	_	
6-9	1055-1058	tam	Effect[16]	_	_	
6-10	1059-1072	corpufculorum	Effect[16]	_	_	
6-11	1073-1079	formam	Effect[16]	_	_	
6-12	1079-1080	,	_	_	_	
6-13	1081-1084	vti	_	_	_	
6-14	1085-1093	fragrans	Quality[17]	_	_	
6-15	1094-1096	et	Quality[17]	_	_	
6-16	1097-1103	grauis	Quality[17]	_	_	
6-17	1104-1113	collectam	Effect[18]	_	_	
6-18	1114-1116	in	Effect[18]	_	_	
6-19	1117-1119	fo	Effect[18]	_	_	
6-20	1119-1120	-	Effect[18]	_	_	
6-21	1122-1125	cum	Effect[18]	_	_	
6-22	1126-1132	formam	Effect[18]	_	_	
6-23	1133-1143	fignificat	Effect[18]	_	_	
6-24	1143-1144	.	_	_	_	

#Text=His E. qualitatibus bene et saepius per-
#Text=
#Text=ceptis et annotatis, nunc partes fixiores in corpore funt conside-
#Text=
#Text=randae, et ex his colligendum, quod ad odoris huius vel illius
#Text=
#Text=intellectum complendum tuto concludi potest, et demum fi haec
#Text=
#Text=
#Text=
#Text=B 2
#Text=
#Text=
#Text=
#Text=
#Text=
#Text=non
#Text=
#Text=
#Text=
#Text=
#Text=
#Text=non fufficiant, videndum, num fynthesis nil promittat, vti in 5.
#Text=anteced.
#Text=ostendimus: Et his fundamentis innixi ipfum opus odores diuidendi aggredimur, in qua re, quantum mihi pro nunc datum fit, alii fed aequi iudices iudicent.
7-1	1145-1148	His	_	_	_	
7-2	1149-1150	E	_	_	_	
7-3	1150-1151	.	_	_	_	
7-4	1152-1164	qualitatibus	_	_	_	
7-5	1165-1169	bene	_	_	_	
7-6	1170-1172	et	_	_	_	
7-7	1173-1180	saepius	_	_	_	
7-8	1181-1184	per	_	_	_	
7-9	1184-1185	-	_	_	_	
7-10	1187-1193	ceptis	_	_	_	
7-11	1194-1196	et	_	_	_	
7-12	1197-1206	annotatis	_	_	_	
7-13	1206-1207	,	_	_	_	
7-14	1208-1212	nunc	_	_	_	
7-15	1213-1219	partes	_	_	_	
7-16	1220-1228	fixiores	_	_	_	
7-17	1229-1231	in	_	_	_	
7-18	1232-1239	corpore	_	_	_	
7-19	1240-1244	funt	_	_	_	
7-20	1245-1252	conside	_	_	_	
7-21	1252-1253	-	_	_	_	
7-22	1255-1261	randae	_	_	_	
7-23	1261-1262	,	_	_	_	
7-24	1263-1265	et	_	_	_	
7-25	1266-1268	ex	_	_	_	
7-26	1269-1272	his	_	_	_	
7-27	1273-1284	colligendum	_	_	_	
7-28	1284-1285	,	_	_	_	
7-29	1286-1290	quod	_	_	_	
7-30	1291-1293	ad	_	_	_	
7-31	1294-1300	odoris	Smell\_Word	_	_	
7-32	1301-1306	huius	_	_	_	
7-33	1307-1310	vel	_	_	_	
7-34	1311-1317	illius	_	_	_	
7-35	1319-1330	intellectum	_	_	_	
7-36	1331-1341	complendum	_	_	_	
7-37	1342-1346	tuto	_	_	_	
7-38	1347-1355	concludi	_	_	_	
7-39	1356-1362	potest	_	_	_	
7-40	1362-1363	,	_	_	_	
7-41	1364-1366	et	_	_	_	
7-42	1367-1372	demum	_	_	_	
7-43	1373-1375	fi	_	_	_	
7-44	1376-1380	haec	_	_	_	
7-45	1384-1385	B	_	_	_	
7-46	1386-1387	2	_	_	_	
7-47	1393-1396	non	_	_	_	
7-48	1402-1405	non	_	_	_	
7-49	1406-1416	fufficiant	_	_	_	
7-50	1416-1417	,	_	_	_	
7-51	1418-1426	videndum	_	_	_	
7-52	1426-1427	,	_	_	_	
7-53	1428-1431	num	_	_	_	
7-54	1432-1441	fynthesis	_	_	_	
7-55	1442-1445	nil	_	_	_	
7-56	1446-1455	promittat	_	_	_	
7-57	1455-1456	,	_	_	_	
7-58	1457-1460	vti	_	_	_	
7-59	1461-1463	in	_	_	_	
7-60	1464-1465	5	_	_	_	
7-61	1465-1466	.	_	_	_	
7-62	1467-1474	anteced	_	_	_	
7-63	1474-1475	.	_	_	_	
7-64	1476-1486	ostendimus	_	_	_	
7-65	1486-1487	:	_	_	_	
7-66	1488-1490	Et	_	_	_	
7-67	1491-1494	his	_	_	_	
7-68	1495-1506	fundamentis	_	_	_	
7-69	1507-1513	innixi	_	_	_	
7-70	1514-1519	ipfum	_	_	_	
7-71	1520-1524	opus	_	_	_	
7-72	1525-1531	odores	Smell\_Word[19]|Smell\_Source[20]	*	7-72[20_19]	
7-73	1532-1541	diuidendi	_	_	_	
7-74	1542-1552	aggredimur	_	_	_	
7-75	1552-1553	,	_	_	_	
7-76	1554-1556	in	_	_	_	
7-77	1557-1560	qua	_	_	_	
7-78	1561-1563	re	_	_	_	
7-79	1563-1564	,	_	_	_	
7-80	1565-1572	quantum	_	_	_	
7-81	1573-1577	mihi	_	_	_	
7-82	1578-1581	pro	_	_	_	
7-83	1582-1586	nunc	_	_	_	
7-84	1587-1592	datum	_	_	_	
7-85	1593-1596	fit	_	_	_	
7-86	1596-1597	,	_	_	_	
7-87	1598-1602	alii	_	_	_	
7-88	1603-1606	fed	_	_	_	
7-89	1607-1612	aequi	_	_	_	
7-90	1613-1620	iudices	_	_	_	
7-91	1621-1629	iudicent	_	_	_	
7-92	1629-1630	.	_	_	_	

#Text=S.
8-1	1631-1632	S	_	_	_	
8-2	1632-1633	.	_	_	_	

#Text=V.
9-1	1634-1635	V	_	_	_	
9-2	1635-1636	.	_	_	_	

#Text=Initium vero capiam ab iftis odoribus, in quibus fimplices magis partes distingui poffunt, tranfiturus poftea ad compositas mixtiones.
10-1	1640-1647	Initium	_	_	_	
10-2	1648-1652	vero	_	_	_	
10-3	1653-1659	capiam	_	_	_	
10-4	1660-1662	ab	_	_	_	
10-5	1663-1668	iftis	_	_	_	
10-6	1669-1677	odoribus	Smell\_Word[21]|Smell\_Source[22]	*|*	10-6[22_21]|10-8[23_21]	
10-7	1677-1678	,	_	_	_	
10-8	1679-1681	in	Quality[23]	_	_	
10-9	1682-1688	quibus	Quality[23]	_	_	
10-10	1689-1698	fimplices	Quality[23]	_	_	
10-11	1699-1704	magis	Quality[23]	_	_	
10-12	1705-1711	partes	Quality[23]	_	_	
10-13	1712-1721	distingui	Quality[23]	_	_	
10-14	1722-1729	poffunt	Quality[23]	_	_	
10-15	1729-1730	,	_	_	_	
10-16	1731-1742	tranfiturus	_	_	_	
10-17	1743-1749	poftea	_	_	_	
10-18	1750-1752	ad	_	_	_	
10-19	1753-1763	compositas	_	_	_	
10-20	1764-1773	mixtiones	_	_	_	
10-21	1773-1774	.	_	_	_	

#Text=Primus E. odor est Terreus (erdigt.
#Text=dumpfigt) et hic fine terreis partibus in altum elatis effe non potest.
11-1	1775-1781	Primus	_	_	_	
11-2	1782-1783	E	_	_	_	
11-3	1783-1784	.	_	_	_	
11-4	1785-1789	odor	Smell\_Word[24]|Smell\_Source[25]	*|Same\_span	11-6[26_24]|11-6[27_25]	
11-5	1790-1793	est	_	_	_	
11-6	1794-1801	Terreus	Quality[26]|Smell\_Source[27]	_	_	
11-7	1802-1803	(	_	_	_	
11-8	1803-1809	erdigt	_	_	_	
11-9	1809-1810	.	_	_	_	
11-10	1811-1819	dumpfigt	_	_	_	
11-11	1819-1820	)	_	_	_	
11-12	1821-1823	et	_	_	_	
11-13	1824-1827	hic	_	_	_	
11-14	1828-1832	fine	_	_	_	
11-15	1833-1840	terreis	_	_	_	
11-16	1841-1849	partibus	_	_	_	
11-17	1850-1852	in	_	_	_	
11-18	1853-1858	altum	_	_	_	
11-19	1859-1865	elatis	_	_	_	
11-20	1866-1870	effe	_	_	_	
11-21	1871-1874	non	_	_	_	
11-22	1875-1881	potest	_	_	_	
11-23	1881-1882	.	_	_	_	

#Text=Adsunt quidem etiam falinae et inflammab les partes, fed fuperant terreae.
12-1	1883-1889	Adsunt	_	_	_	
12-2	1890-1896	quidem	_	_	_	
12-3	1897-1902	etiam	_	_	_	
12-4	1903-1910	falinae	_	_	_	
12-5	1911-1913	et	_	_	_	
12-6	1914-1923	inflammab	_	_	_	
12-7	1924-1927	les	_	_	_	
12-8	1928-1934	partes	_	_	_	
12-9	1934-1935	,	_	_	_	
12-10	1936-1939	fed	_	_	_	
12-11	1940-1948	fuperant	_	_	_	
12-12	1949-1956	terreae	_	_	_	
12-13	1956-1957	.	_	_	_	

#Text=Deprehenditur in humo recenter exciffa.
13-1	1958-1971	Deprehenditur	_	_	_	
13-2	1972-1974	in	_	_	_	
13-3	1975-1979	humo	_	_	_	
13-4	1980-1988	recenter	_	_	_	
13-5	1989-1996	exciffa	_	_	_	
13-6	1996-1997	.	_	_	_	

#Text=Praecipue protinus nares ferit, fi radices euelluntur, quae odoratae sunt, per quem odorem etiam multae terraeae partes efferuntur.
14-1	1998-2007	Praecipue	_	_	_	
14-2	2008-2016	protinus	Time	_	_	
14-3	2017-2022	nares	Perceiver	_	_	
14-4	2023-2028	ferit	Smell\_Word	*|*|*|*	14-3|14-2|14-6[28_0]|11-4[25_0]	
14-5	2028-2029	,	_	_	_	
14-6	2030-2032	fi	Circumstances[28]	_	_	
14-7	2033-2040	radices	Circumstances[28]|Smell\_Source[29]	_	_	
14-8	2041-2051	euelluntur	Circumstances[28]	_	_	
14-9	2051-2052	,	Circumstances[28]	_	_	
14-10	2053-2057	quae	Circumstances[28]	_	_	
14-11	2058-2066	odoratae	Circumstances[28]|Smell\_Word[30]	*	14-7[29_30]	
14-12	2067-2071	sunt	Circumstances[28]	_	_	
14-13	2071-2072	,	_	_	_	
14-14	2073-2076	per	_	_	_	
14-15	2077-2081	quem	_	_	_	
14-16	2082-2088	odorem	Smell\_Word	*	14-18[31_0]	
14-17	2089-2094	etiam	_	_	_	
14-18	2095-2101	multae	Effect[31]	_	_	
14-19	2102-2110	terraeae	Effect[31]	_	_	
14-20	2111-2117	partes	Effect[31]	_	_	
14-21	2118-2128	efferuntur	Effect[31]	_	_	
14-22	2128-2129	.	_	_	_	

#Text=Validus itaque talis odor sentitur, si rad.
#Text=caryophyllatae euellitur naribusque applicatur.
#Text=brassicae radice napi (Kohlrüben unter der Erde ) et huic odore analoga rad.
#Text=et HB.
#Text=cardamines annuae flore exiguo validum talem odorem fpirant.
15-1	2130-2137	Validus	Quality	_	_	
15-2	2138-2144	itaque	_	_	_	
15-3	2145-2150	talis	Quality	Anaphoric	11-6[26_0]	
15-4	2151-2155	odor	Smell\_Word	*|*|*|*	15-1|15-3|15-12|15-7[32_0]	
15-5	2156-2164	sentitur	_	_	_	
15-6	2164-2165	,	_	_	_	
15-7	2166-2168	si	Circumstances[32]	_	_	
15-8	2169-2172	rad	Circumstances[32]	_	_	
15-9	2172-2173	.	Circumstances[32]	_	_	
15-10	2174-2188	caryophyllatae	Circumstances[32]	_	_	
15-11	2189-2198	euellitur	Circumstances[32]	_	_	
15-12	2199-2209	naribusque	Perceiver	_	_	
15-13	2210-2220	applicatur	_	_	_	
15-14	2220-2221	.	_	_	_	
15-15	2222-2231	brassicae	_	_	_	
15-16	2232-2238	radice	_	_	_	
15-17	2239-2243	napi	_	_	_	
15-18	2244-2245	(	_	_	_	
15-19	2245-2254	Kohlrüben	_	_	_	
15-20	2255-2260	unter	_	_	_	
15-21	2261-2264	der	_	_	_	
15-22	2265-2269	Erde	_	_	_	
15-23	2270-2271	)	_	_	_	
15-24	2272-2274	et	_	_	_	
15-25	2275-2279	huic	_	_	_	
15-26	2280-2285	odore	Smell\_Word	_	_	
15-27	2286-2293	analoga	_	_	_	
15-28	2294-2297	rad	_	_	_	
15-29	2297-2298	.	_	_	_	
15-30	2299-2301	et	_	_	_	
15-31	2302-2304	HB	_	_	_	
15-32	2304-2305	.	_	_	_	
15-33	2306-2316	cardamines	_	_	_	
15-34	2317-2323	annuae	_	_	_	
15-35	2324-2329	flore	_	_	_	
15-36	2330-2336	exiguo	_	_	_	
15-37	2337-2344	validum	Quality[33]	_	_	
15-38	2345-2350	talem	Quality[33]	_	_	
15-39	2351-2357	odorem	Smell\_Source	_	_	
15-40	2358-2365	fpirant	Smell\_Word	*|*	15-39|15-37[33_0]	
15-41	2365-2366	.	_	_	_	
