#FORMAT=WebAnno TSV 3.3
#T_SP=custom.Span|label
#T_RL=custom.Relation|label|BT_custom.Span


#Text=p. 10. obferuat.
#Text=cumque 8) fanguis bubulus et sudor fani hominis mofchum fpirent, verifimillimum est mofchi odorem ex terra olei volatili red dita per acidum vniuerfale vel ex acido- nitroso-ammoniacali sulphù.
#Text=reo cum inflammab.
#Text=partibus blandis coniuncto oriri.
1-1	2-3	p	_	_	_	
1-2	3-4	.	_	_	_	
1-3	5-7	10	_	_	_	
1-4	7-8	.	_	_	_	
1-5	9-17	obferuat	_	_	_	
1-6	17-18	.	_	_	_	
1-7	19-25	cumque	_	_	_	
1-8	26-27	8	_	_	_	
1-9	27-28	)	_	_	_	
1-10	29-36	fanguis	Smell\_Source[1]	_	_	
1-11	37-44	bubulus	Smell\_Source[1]	_	_	
1-12	45-47	et	_	_	_	
1-13	48-53	sudor	Smell\_Source	_	_	
1-14	54-58	fani	Odour\_Carrier[2]	_	_	
1-15	59-66	hominis	Odour\_Carrier[2]	_	_	
1-16	67-74	mofchum	Evoked\_Odorant	_	_	
1-17	75-82	fpirent	Smell\_Word	*|*|*|*	1-16|1-10[1_0]|1-13|1-14[2_0]	
1-18	82-83	,	_	_	_	
1-19	84-98	verifimillimum	_	_	_	
1-20	99-102	est	_	_	_	
1-21	103-109	mofchi	Smell\_Source	_	_	
1-22	110-116	odorem	Smell\_Word	*|*	1-21|1-23[3_0]	
1-23	117-119	ex	Smell\_Source[3]	_	_	
1-24	120-125	terra	Smell\_Source[3]	_	_	
1-25	126-130	olei	Smell\_Source[3]	_	_	
1-26	131-139	volatili	Smell\_Source[3]	_	_	
1-27	140-143	red	Smell\_Source[3]	_	_	
1-28	144-148	dita	Smell\_Source[3]	_	_	
1-29	149-152	per	Smell\_Source[3]	_	_	
1-30	153-159	acidum	Smell\_Source[3]	_	_	
1-31	160-170	vniuerfale	Smell\_Source[3]	_	_	
1-32	171-174	vel	Smell\_Source[3]	_	_	
1-33	175-177	ex	Smell\_Source[3]	_	_	
1-34	178-183	acido	Smell\_Source[3]	_	_	
1-35	183-184	-	Smell\_Source[3]	_	_	
1-36	185-204	nitroso-ammoniacali	Smell\_Source[3]	_	_	
1-37	205-211	sulphù	Smell\_Source[3]	_	_	
1-38	211-212	.	Smell\_Source[3]	_	_	
1-39	213-216	reo	Smell\_Source[3]	_	_	
1-40	217-220	cum	Smell\_Source[3]	_	_	
1-41	221-230	inflammab	Smell\_Source[3]	_	_	
1-42	230-231	.	Smell\_Source[3]	_	_	
1-43	232-240	partibus	Smell\_Source[3]	_	_	
1-44	241-248	blandis	Smell\_Source[3]	_	_	
1-45	249-258	coniuncto	Smell\_Source[3]	_	_	
1-46	259-264	oriri	_	_	_	
1-47	264-265	.	_	_	_	

#Text=Eft E. acidum nitroso - sulphureum animale per infl.
#Text=part, dulcificatum.
2-1	266-269	Eft	_	_	_	
2-2	270-271	E	_	_	_	
2-3	271-272	.	_	_	_	
2-4	273-279	acidum	_	_	_	
2-5	280-287	nitroso	_	_	_	
2-6	288-289	-	_	_	_	
2-7	290-300	sulphureum	_	_	_	
2-8	301-308	animale	_	_	_	
2-9	309-312	per	_	_	_	
2-10	313-317	infl	_	_	_	
2-11	317-318	.	_	_	_	
2-12	319-323	part	_	_	_	
2-13	323-324	,	_	_	_	
2-14	325-337	dulcificatum	_	_	_	
2-15	337-338	.	_	_	_	

#Text=Et ficuti hoc fal animale dulcificatum in Regno animali ambrosiacum odorem dat, ita quoque idem ambrosiacus odor.
#Text=oritur in R. veget.
#Text=fi fal vegetabile, et in R, minerali fi falia mineralia dulcificantur.
3-1	339-341	Et	_	_	_	
3-2	342-348	ficuti	_	_	_	
3-3	349-352	hoc	Smell\_Source[4]	_	_	
3-4	353-356	fal	Smell\_Source[4]	_	_	
3-5	357-364	animale	Smell\_Source[4]	_	_	
3-6	365-377	dulcificatum	Smell\_Source[4]	_	_	
3-7	378-380	in	Odour\_Carrier[5]	_	_	
3-8	381-386	Regno	Odour\_Carrier[5]	_	_	
3-9	387-394	animali	Odour\_Carrier[5]	_	_	
3-10	395-406	ambrosiacum	Quality	_	_	
3-11	407-413	odorem	Smell\_Word	*|*|*	3-10|3-3[4_0]|3-7[5_0]	
3-12	414-417	dat	_	_	_	
3-13	417-418	,	_	_	_	
3-14	419-422	ita	_	_	_	
3-15	423-429	quoque	_	_	_	
3-16	430-434	idem	_	_	_	
3-17	435-446	ambrosiacus	Quality	_	_	
3-18	447-451	odor	Smell\_Word	*|*|*|*|*	3-17|3-21[6_0]|3-26[7_0]|3-31[8_0]|3-35[9_0]	
3-19	451-452	.	_	_	_	
3-20	453-459	oritur	_	_	_	
3-21	460-462	in	Odour\_Carrier[6]	_	_	
3-22	463-464	R	Odour\_Carrier[6]	_	_	
3-23	464-465	.	Odour\_Carrier[6]	_	_	
3-24	466-471	veget	Odour\_Carrier[6]	_	_	
3-25	471-472	.	_	_	_	
3-26	473-475	fi	Circumstances[7]	_	_	
3-27	476-479	fal	Circumstances[7]	_	_	
3-28	480-490	vegetabile	Circumstances[7]	_	_	
3-29	490-491	,	_	_	_	
3-30	492-494	et	_	_	_	
3-31	495-497	in	Odour\_Carrier[8]	_	_	
3-32	498-499	R	Odour\_Carrier[8]	_	_	
3-33	499-500	,	Odour\_Carrier[8]	_	_	
3-34	501-509	minerali	Odour\_Carrier[8]	_	_	
3-35	510-512	fi	Circumstances[9]	_	_	
3-36	513-518	falia	Circumstances[9]	_	_	
3-37	519-528	mineralia	Circumstances[9]	_	_	
3-38	529-542	dulcificantur	Circumstances[9]	_	_	
3-39	542-543	.	_	_	_	

#Text=In R. vegetab.
4-1	544-546	In	Odour\_Carrier[10]	_	_	
4-2	547-548	R	Odour\_Carrier[10]	_	_	
4-3	548-549	.	Odour\_Carrier[10]	_	_	
4-4	550-557	vegetab	Odour\_Carrier[10]	_	_	
4-5	557-558	.	Odour\_Carrier[10]	_	_	

#Text=E. talis odor deprehenditur in melissa, mentha, cha. momilla, millefolio, gemmis populi, botry Mexicana, flor.
#Text=tiliae, liliorum, primul.
#Text=veris, rofarum, violarum, Iafmini, nychtantis, polyanthis, cheiranthi, croci.
5-1	559-560	E	_	_	_	
5-2	560-561	.	_	_	_	
5-3	562-567	talis	Quality	Anaphoric	3-17	
5-4	568-572	odor	Smell\_Word	*|*|*|*|*|*|*|*|*|*|*|*|*|*|*|*|*|*|*	5-3|4-1[10_0]|5-6[11_0]|5-9|5-11[12_0]|5-15|5-17[13_0]|5-20[14_0]|5-23[15_0]|5-27|5-29[16_0]|5-33|5-35|5-37|5-39|5-41|5-43|5-45|6-1[17_0]	
5-5	573-586	deprehenditur	_	_	_	
5-6	587-589	in	Odour\_Carrier[11]	_	_	
5-7	590-597	melissa	Odour\_Carrier[11]	_	_	
5-8	597-598	,	_	_	_	
5-9	599-605	mentha	Odour\_Carrier	_	_	
5-10	605-606	,	_	_	_	
5-11	607-610	cha	Odour\_Carrier[12]	_	_	
5-12	610-611	.	Odour\_Carrier[12]	_	_	
5-13	612-619	momilla	Odour\_Carrier[12]	_	_	
5-14	619-620	,	_	_	_	
5-15	621-631	millefolio	Odour\_Carrier	_	_	
5-16	631-632	,	_	_	_	
5-17	633-639	gemmis	Odour\_Carrier[13]	_	_	
5-18	640-646	populi	Odour\_Carrier[13]	_	_	
5-19	646-647	,	_	_	_	
5-20	648-653	botry	Odour\_Carrier[14]	_	_	
5-21	654-662	Mexicana	Odour\_Carrier[14]	_	_	
5-22	662-663	,	Odour\_Carrier[14]	_	_	
5-23	664-668	flor	Odour\_Carrier[15]	_	_	
5-24	668-669	.	Odour\_Carrier[15]	_	_	
5-25	670-676	tiliae	Odour\_Carrier[15]	_	_	
5-26	676-677	,	_	_	_	
5-27	678-686	liliorum	Odour\_Carrier	_	_	
5-28	686-687	,	_	_	_	
5-29	688-694	primul	Odour\_Carrier[16]	_	_	
5-30	694-695	.	Odour\_Carrier[16]	_	_	
5-31	696-701	veris	Odour\_Carrier[16]	_	_	
5-32	701-702	,	_	_	_	
5-33	703-710	rofarum	Odour\_Carrier	_	_	
5-34	710-711	,	_	_	_	
5-35	712-720	violarum	Odour\_Carrier	_	_	
5-36	720-721	,	_	_	_	
5-37	722-729	Iafmini	Odour\_Carrier	_	_	
5-38	729-730	,	_	_	_	
5-39	731-741	nychtantis	Odour\_Carrier	_	_	
5-40	741-742	,	_	_	_	
5-41	743-753	polyanthis	Odour\_Carrier	_	_	
5-42	753-754	,	_	_	_	
5-43	755-765	cheiranthi	Odour\_Carrier	_	_	
5-44	765-766	,	_	_	_	
5-45	767-772	croci	Odour\_Carrier	_	_	
5-46	772-773	.	_	_	_	

#Text=In R. minerali vero huc pertinent omnia acida dulcificata et quae acidum dulcificatum a natura in se continent e. g. ambra, fuccinum, petroleum etc: nam haec omnia acidum vitriolicum et falis marini per oleofas partes a natura dulcificatum continent, et fi subtilissima ex his mixtio effertur, oritur odor ambrosiacus.
6-1	774-776	In	Odour\_Carrier[17]	_	_	
6-2	777-778	R	Odour\_Carrier[17]	_	_	
6-3	778-779	.	Odour\_Carrier[17]	_	_	
6-4	780-788	minerali	Odour\_Carrier[17]	_	_	
6-5	789-793	vero	_	_	_	
6-6	794-797	huc	Smell\_Word	Anaphoric|*|*|*|*|*|*|*	5-4|6-1[17_0]|6-8[18_0]|6-12[19_0]|6-24|6-26|6-28|6-29	
6-7	798-807	pertinent	_	_	_	
6-8	808-813	omnia	Odour\_Carrier[18]	_	_	
6-9	814-819	acida	Odour\_Carrier[18]	_	_	
6-10	820-831	dulcificata	Odour\_Carrier[18]	_	_	
6-11	832-834	et	_	_	_	
6-12	835-839	quae	Odour\_Carrier[19]	_	_	
6-13	840-846	acidum	Odour\_Carrier[19]	_	_	
6-14	847-859	dulcificatum	Odour\_Carrier[19]	_	_	
6-15	860-861	a	Odour\_Carrier[19]	_	_	
6-16	862-868	natura	Odour\_Carrier[19]	_	_	
6-17	869-871	in	Odour\_Carrier[19]	_	_	
6-18	872-874	se	Odour\_Carrier[19]	_	_	
6-19	875-884	continent	Odour\_Carrier[19]	_	_	
6-20	885-886	e	_	_	_	
6-21	886-887	.	_	_	_	
6-22	888-889	g	_	_	_	
6-23	889-890	.	_	_	_	
6-24	891-896	ambra	Odour\_Carrier	_	_	
6-25	896-897	,	_	_	_	
6-26	898-906	fuccinum	Odour\_Carrier	_	_	
6-27	906-907	,	_	_	_	
6-28	908-917	petroleum	Odour\_Carrier	_	_	
6-29	918-921	etc	Odour\_Carrier	_	_	
6-30	921-922	:	_	_	_	
6-31	923-926	nam	_	_	_	
6-32	927-931	haec	_	_	_	
6-33	932-937	omnia	_	_	_	
6-34	938-944	acidum	_	_	_	
6-35	945-956	vitriolicum	_	_	_	
6-36	957-959	et	_	_	_	
6-37	960-965	falis	_	_	_	
6-38	966-972	marini	_	_	_	
6-39	973-976	per	_	_	_	
6-40	977-984	oleofas	_	_	_	
6-41	985-991	partes	_	_	_	
6-42	992-993	a	_	_	_	
6-43	994-1000	natura	_	_	_	
6-44	1001-1013	dulcificatum	_	_	_	
6-45	1014-1023	continent	_	_	_	
6-46	1023-1024	,	_	_	_	
6-47	1025-1027	et	_	_	_	
6-48	1028-1030	fi	Circumstances[20]	_	_	
6-49	1031-1043	subtilissima	Circumstances[20]	_	_	
6-50	1044-1046	ex	Circumstances[20]	_	_	
6-51	1047-1050	his	Circumstances[20]	_	_	
6-52	1051-1057	mixtio	Circumstances[20]	_	_	
6-53	1058-1066	effertur	Circumstances[20]	_	_	
6-54	1066-1067	,	_	_	_	
6-55	1068-1074	oritur	_	_	_	
6-56	1075-1079	odor	Smell\_Word	*|*	6-57|6-48[20_0]	
6-57	1080-1091	ambrosiacus	Quality	_	_	
6-58	1091-1092	.	_	_	_	

#Text=Nec tamen etiam durioris compaginis minera
#Text=
#Text=lia
#Text=
#Text=
#Text=
#Text=
#Text=
#Text=lia odore deftituuntur, fed eosdem flores vti vegetabilia intus in fe continent: et fere ambrosiaci odores' oriuntur, vbi fulphur eorum internum recluditur.
7-1	1093-1096	Nec	_	_	_	
7-2	1097-1102	tamen	_	_	_	
7-3	1103-1108	etiam	_	_	_	
7-4	1109-1117	durioris	Odour\_Carrier[21]	_	_	
7-5	1118-1128	compaginis	Odour\_Carrier[21]	_	_	
7-6	1129-1135	minera	Odour\_Carrier[21]	_	_	
7-7	1137-1140	lia	Odour\_Carrier[21]	_	_	
7-8	1146-1149	lia	_	_	_	
7-9	1150-1155	odore	Smell\_Word	*	7-4[21_0]	
7-10	1156-1168	deftituuntur	_	_	_	
7-11	1168-1169	,	_	_	_	
7-12	1170-1173	fed	_	_	_	
7-13	1174-1180	eosdem	_	_	_	
7-14	1181-1187	flores	_	_	_	
7-15	1188-1191	vti	_	_	_	
7-16	1192-1203	vegetabilia	_	_	_	
7-17	1204-1209	intus	_	_	_	
7-18	1210-1212	in	_	_	_	
7-19	1213-1215	fe	_	_	_	
7-20	1216-1225	continent	_	_	_	
7-21	1225-1226	:	_	_	_	
7-22	1227-1229	et	_	_	_	
7-23	1230-1234	fere	Quality[22]	_	_	
7-24	1235-1245	ambrosiaci	Quality[22]	_	_	
7-25	1246-1252	odores	Smell\_Word	*|*|*	7-4[21_0]|7-29[23_0]|7-23[22_0]	
7-26	1252-1253	'	_	_	_	
7-27	1254-1262	oriuntur	_	_	_	
7-28	1262-1263	,	_	_	_	
7-29	1264-1267	vbi	Circumstances[23]	_	_	
7-30	1268-1275	fulphur	Circumstances[23]	_	_	
7-31	1276-1281	eorum	Circumstances[23]	_	_	
7-32	1282-1290	internum	Circumstances[23]	_	_	
7-33	1291-1301	recluditur	Circumstances[23]	_	_	
7-34	1301-1302	.	_	_	_	

#Text=Hinc omnes alchymici de lapide philofophorum dicunt, quod fuauiffimi odoris et faporis fit, cum fine fulphure interno metallorum recluso nullus lapis philofoph.
#Text=cogitari poffit.
8-1	1303-1307	Hinc	_	_	_	
8-2	1308-1313	omnes	_	_	_	
8-3	1314-1323	alchymici	_	_	_	
8-4	1324-1326	de	Odour\_Carrier[24]	_	_	
8-5	1327-1333	lapide	Odour\_Carrier[24]	_	_	
8-6	1334-1347	philofophorum	Odour\_Carrier[24]	_	_	
8-7	1348-1354	dicunt	_	_	_	
8-8	1354-1355	,	_	_	_	
8-9	1356-1360	quod	_	_	_	
8-10	1361-1371	fuauiffimi	Quality	_	_	
8-11	1372-1378	odoris	Smell\_Word	*|*	8-10|8-4[24_0]	
8-12	1379-1381	et	_	_	_	
8-13	1382-1389	faporis	_	_	_	
8-14	1390-1393	fit	_	_	_	
8-15	1393-1394	,	_	_	_	
8-16	1395-1398	cum	_	_	_	
8-17	1399-1403	fine	_	_	_	
8-18	1404-1412	fulphure	_	_	_	
8-19	1413-1420	interno	_	_	_	
8-20	1421-1431	metallorum	_	_	_	
8-21	1432-1439	recluso	_	_	_	
8-22	1440-1446	nullus	_	_	_	
8-23	1447-1452	lapis	_	_	_	
8-24	1453-1462	philofoph	_	_	_	
8-25	1462-1463	.	_	_	_	
8-26	1464-1472	cogitari	_	_	_	
8-27	1473-1479	poffit	_	_	_	
8-28	1479-1480	.	_	_	_	

#Text=Sed missis hisce, quae altioris indaginis res funt, consideremus tantum mineralia, quae facile diffolui poffunt e. g, vitriolum, mar.
#Text=tem, antimonium etc.
9-1	1481-1484	Sed	_	_	_	
9-2	1485-1491	missis	_	_	_	
9-3	1492-1497	hisce	_	_	_	
9-4	1497-1498	,	_	_	_	
9-5	1499-1503	quae	_	_	_	
9-6	1504-1512	altioris	_	_	_	
9-7	1513-1522	indaginis	_	_	_	
9-8	1523-1526	res	_	_	_	
9-9	1527-1531	funt	_	_	_	
9-10	1531-1532	,	_	_	_	
9-11	1533-1545	consideremus	_	_	_	
9-12	1546-1552	tantum	_	_	_	
9-13	1553-1562	mineralia	_	_	_	
9-14	1562-1563	,	_	_	_	
9-15	1564-1568	quae	_	_	_	
9-16	1569-1575	facile	_	_	_	
9-17	1576-1584	diffolui	_	_	_	
9-18	1585-1592	poffunt	_	_	_	
9-19	1593-1594	e	_	_	_	
9-20	1594-1595	.	_	_	_	
9-21	1596-1597	g	_	_	_	
9-22	1597-1598	,	_	_	_	
9-23	1599-1608	vitriolum	_	_	_	
9-24	1608-1609	,	_	_	_	
9-25	1610-1613	mar	_	_	_	
9-26	1613-1614	.	_	_	_	
9-27	1615-1618	tem	_	_	_	
9-28	1618-1619	,	_	_	_	
9-29	1620-1630	antimonium	_	_	_	
9-30	1631-1634	etc	_	_	_	
9-31	1634-1635	.	_	_	_	

#Text=Sic si phlegma vitrioli inodorum saepius super caput mortuum vitrioli abftrahitur, odorem rofarum ex fulphure martiali recipit vti POPPIVs in medecin.
10-1	1636-1639	Sic	_	_	_	
10-2	1640-1642	si	Circumstances[25]	_	_	
10-3	1643-1650	phlegma	Circumstances[25]|Odour\_Carrier[26]	_	_	
10-4	1651-1659	vitrioli	Circumstances[25]	_	_	
10-5	1660-1668	inodorum	Circumstances[25]	_	_	
10-6	1669-1676	saepius	Circumstances[25]	_	_	
10-7	1677-1682	super	Circumstances[25]	_	_	
10-8	1683-1688	caput	Circumstances[25]	_	_	
10-9	1689-1696	mortuum	Circumstances[25]	_	_	
10-10	1697-1705	vitrioli	Circumstances[25]	_	_	
10-11	1706-1717	abftrahitur	Circumstances[25]	_	_	
10-12	1717-1718	,	_	_	_	
10-13	1719-1725	odorem	Smell\_Word	*|*|*|*	10-14|10-2[25_0]|10-3[26_0]|10-15[27_0]	
10-14	1726-1733	rofarum	Evoked\_Odorant	_	_	
10-15	1734-1736	ex	Smell\_Source[27]	_	_	
10-16	1737-1745	fulphure	Smell\_Source[27]	_	_	
10-17	1746-1754	martiali	Smell\_Source[27]	_	_	
10-18	1755-1762	recipit	_	_	_	
10-19	1763-1766	vti	_	_	_	
10-20	1767-1774	POPPIVs	_	_	_	
10-21	1775-1777	in	_	_	_	
10-22	1778-1785	medecin	_	_	_	
10-23	1785-1786	.	_	_	_	
