#FORMAT=WebAnno TSV 3.3


#Text=Gy zult dan een brandbare geest met Rosenreuk
#Text=hebben, welke gy in een welgesloten Bottel zult bewaren.
1-1	2-4	Gy	
1-2	5-9	zult	
1-3	10-13	dan	
1-4	14-17	een	
1-5	18-27	brandbare	
1-6	28-33	geest	
1-7	34-37	met	
1-8	38-47	Rosenreuk	
1-9	48-54	hebben	
1-10	54-55	,	
1-11	56-61	welke	
1-12	62-64	gy	
1-13	65-67	in	
1-14	68-71	een	
1-15	72-83	welgesloten	
1-16	84-90	Bottel	
1-17	91-95	zult	
1-18	96-103	bewaren	
1-19	103-104	.	

#Text=Daar na zult gy ’t geen in
#Text=de Kolf overblyft uitpersen.
2-1	105-109	Daar	
2-2	110-112	na	
2-3	113-117	zult	
2-4	118-120	gy	
2-5	121-122	’	
2-6	122-123	t	
2-7	124-128	geen	
2-8	129-131	in	
2-9	132-134	de	
2-10	135-139	Kolf	
2-11	140-149	overblyft	
2-12	150-159	uitpersen	
2-13	159-160	.	

#Text=De vocht’er uit destilleren, mengende ze met het geen
#Text=in de Ketel, na het overhalen van den Geest, overblyft.
3-1	161-163	De	
3-2	164-169	vocht	
3-3	169-170	’	
3-4	170-172	er	
3-5	173-176	uit	
3-6	177-188	destilleren	
3-7	188-189	,	
3-8	190-198	mengende	
3-9	199-201	ze	
3-10	202-205	met	
3-11	206-209	het	
3-12	210-214	geen	
3-13	215-217	in	
3-14	218-220	de	
3-15	221-226	Ketel	
3-16	226-227	,	
3-17	228-230	na	
3-18	231-234	het	
3-19	235-244	overhalen	
3-20	245-248	van	
3-21	249-252	den	
3-22	253-258	Geest	
3-23	258-259	,	
3-24	260-269	overblyft	
3-25	269-270	.	

#Text=Gy zult’er een uitnemende
#Text=Rosewater van halen.
4-1	271-273	Gy	
4-2	274-278	zult	
4-3	278-279	’	
4-4	279-281	er	
4-5	282-285	een	
4-6	286-296	uitnemende	
4-7	297-306	Rosewater	
4-8	307-310	van	
4-9	311-316	halen	
4-10	316-317	.	

#Text=Eigenschap van den Rosengeest.
5-1	320-330	Eigenschap	
5-2	331-334	van	
5-3	335-338	den	
5-4	339-349	Rosengeest	
5-5	349-350	.	

#Text=Hy is goed voor de Maag en hartsterkend.
6-1	353-355	Hy	
6-2	356-358	is	
6-3	359-363	goed	
6-4	364-368	voor	
6-5	369-371	de	
6-6	372-376	Maag	
6-7	377-379	en	
6-8	380-392	hartsterkend	
6-9	392-393	.	

#Text=Men geeft hem van een halfdragma.
#Text=tot
#Text=twe in, in des zelfs eigen water.
7-1	394-397	Men	
7-2	398-403	geeft	
7-3	404-407	hem	
7-4	408-411	van	
7-5	412-415	een	
7-6	416-426	halfdragma	
7-7	426-427	.	
7-8	428-431	tot	
7-9	432-435	twe	
7-10	436-438	in	
7-11	438-439	,	
7-12	440-442	in	
7-13	443-446	des	
7-14	447-452	zelfs	
7-15	453-458	eigen	
7-16	459-464	water	
7-17	464-465	.	

#Text=Men gebruikt hem voor al in kwalykten, of
#Text=bezwymingen, en hartkloppingen.
8-1	466-469	Men	
8-2	470-478	gebruikt	
8-3	479-482	hem	
8-4	483-487	voor	
8-5	488-490	al	
8-6	491-493	in	
8-7	494-503	kwalykten	
8-8	503-504	,	
8-9	505-507	of	
8-10	508-519	bezwymingen	
8-11	519-520	,	
8-12	521-523	en	
8-13	524-538	hartkloppingen	
8-14	538-539	.	

#Text=Men moet ze met veel voorzichtigheid in de ziekten
#Text=der Vrouwen gebruiken, om dat zy de dampen verwekt.
9-1	540-543	Men	
9-2	544-548	moet	
9-3	549-551	ze	
9-4	552-555	met	
9-5	556-560	veel	
9-6	561-576	voorzichtigheid	
9-7	577-579	in	
9-8	580-582	de	
9-9	583-590	ziekten	
9-10	591-594	der	
9-11	595-602	Vrouwen	
9-12	603-612	gebruiken	
9-13	612-613	,	
9-14	614-616	om	
9-15	617-620	dat	
9-16	621-623	zy	
9-17	624-626	de	
9-18	627-633	dampen	
9-19	634-641	verwekt	
9-20	641-642	.	

#Text=Andere manier om Rosengeest te maken.
10-1	645-651	Andere	
10-2	652-658	manier	
10-3	659-661	om	
10-4	662-672	Rosengeest	
10-5	673-675	te	
10-6	676-681	maken	
10-7	681-682	.	

#Text=Neem zes ponden
#Text=bleke Rosen, of enkelde witte met hunne knoppen;
#Text=stamp ze in
#Text=een Mortier tot een deeg.
11-1	685-689	Neem	
11-2	690-693	zes	
11-3	694-700	ponden	
11-4	701-706	bleke	
11-5	707-712	Rosen	
11-6	712-713	,	
11-7	714-716	of	
11-8	717-724	enkelde	
11-9	725-730	witte	
11-10	731-734	met	
11-11	735-740	hunne	
11-12	741-748	knoppen	
11-13	748-749	;	
11-14	750-755	stamp	
11-15	756-758	ze	
11-16	759-761	in	
11-17	762-765	een	
11-18	766-773	Mortier	
11-19	774-777	tot	
11-20	778-781	een	
11-21	782-786	deeg	
11-22	786-787	.	

#Text=Doe ze in hoge verglaasde potten met wat Zout tot een
#Text=vinger dik, of daar ontrent, daar over heen.
12-1	788-791	Doe	
12-2	792-794	ze	
12-3	795-797	in	
12-4	798-802	hoge	
12-5	803-813	verglaasde	
12-6	814-820	potten	
12-7	821-824	met	
12-8	825-828	wat	
12-9	829-833	Zout	
12-10	834-837	tot	
12-11	838-841	een	
12-12	842-848	vinger	
12-13	849-852	dik	
12-14	852-853	,	
12-15	854-856	of	
12-16	857-861	daar	
12-17	862-869	ontrent	
12-18	869-870	,	
12-19	871-875	daar	
12-20	876-880	over	
12-21	881-885	heen	
12-22	885-886	.	

#Text=Gy zult de Potten dicht met natte Klei,
#Text=en daar Pek over heen, doen toesluiten en zetten de stof in een koele plaats, den tyd
#Text=
#Text=M.
13-1	887-889	Gy	
13-2	890-894	zult	
13-3	895-897	de	
13-4	898-904	Potten	
13-5	905-910	dicht	
13-6	911-914	met	
13-7	915-920	natte	
13-8	921-925	Klei	
13-9	925-926	,	
13-10	927-929	en	
13-11	930-934	daar	
13-12	935-938	Pek	
13-13	939-943	over	
13-14	944-948	heen	
13-15	948-949	,	
13-16	950-954	doen	
13-17	955-965	toesluiten	
13-18	966-968	en	
13-19	969-975	zetten	
13-20	976-978	de	
13-21	979-983	stof	
13-22	984-986	in	
13-23	987-990	een	
13-24	991-996	koele	
13-25	997-1003	plaats	
13-26	1003-1004	,	
13-27	1005-1008	den	
13-28	1009-1012	tyd	
13-29	1014-1015	M	
13-30	1015-1016	.	

#Text=Noel Chomel, Huishoudelyk woordboek
#Text=
#Text=\f922
#Text=van twe maanden, te gisten.
14-1	1017-1021	Noel	
14-2	1022-1028	Chomel	
14-3	1028-1029	,	
14-4	1030-1042	Huishoudelyk	
14-5	1043-1052	woordboek	
14-6	1055-1058	922	
14-7	1059-1062	van	
14-8	1063-1066	twe	
14-9	1067-1074	maanden	
14-10	1074-1075	,	
14-11	1076-1078	te	
14-12	1079-1085	gisten	
14-13	1085-1086	.	

#Text=Als ’t gisten gedaan is, zult gy de vocht over een
#Text=Dampbad doen destilleren, en stoken’er van Rosen-geest, welke gy op de gewone
#Text=wys zult overhalen.
15-1	1087-1090	Als	
15-2	1091-1092	’	
15-3	1092-1093	t	
15-4	1094-1100	gisten	
15-5	1101-1107	gedaan	
15-6	1108-1110	is	
15-7	1110-1111	,	
15-8	1112-1116	zult	
15-9	1117-1119	gy	
15-10	1120-1122	de	
15-11	1123-1128	vocht	
15-12	1129-1133	over	
15-13	1134-1137	een	
15-14	1138-1145	Dampbad	
15-15	1146-1150	doen	
15-16	1151-1162	destilleren	
15-17	1162-1163	,	
15-18	1164-1166	en	
15-19	1167-1173	stoken	
15-20	1173-1174	’	
15-21	1174-1176	er	
15-22	1177-1180	van	
15-23	1181-1192	Rosen-geest	
15-24	1192-1193	,	
15-25	1194-1199	welke	
15-26	1200-1202	gy	
15-27	1203-1205	op	
15-28	1206-1208	de	
15-29	1209-1215	gewone	
15-30	1216-1219	wys	
15-31	1220-1224	zult	
15-32	1225-1234	overhalen	
15-33	1234-1235	.	

#Text=Essentie, of Rosen-olie.
16-1	1238-1246	Essentie	
16-2	1246-1247	,	
16-3	1248-1250	of	
16-4	1251-1261	Rosen-olie	
16-5	1261-1262	.	
