#FORMAT=WebAnno TSV 3.3


#Text=De Dichtkunst is de waardtst' der neege Zanggodinnen.
1-1	3-5	De	
1-2	6-16	Dichtkunst	
1-3	17-19	is	
1-4	20-22	de	
1-5	23-31	waardtst	
1-6	31-32	'	
1-7	33-36	der	
1-8	37-42	neege	
1-9	43-55	Zanggodinnen	
1-10	55-56	.	

#Text=Jan Vos, Alle de gedichten.
2-1	59-62	Jan	
2-2	63-66	Vos	
2-3	66-67	,	
2-4	68-72	Alle	
2-5	73-75	de	
2-6	76-85	gedichten	
2-7	85-86	.	

#Text=Deel 1
#Text=
#Text=\f489
#Text=
#Text=
#Text=Ontzet van Koppenhaven, Onder 't beleit van
#Text=den Ed.
3-1	87-91	Deel	
3-2	92-93	1	
3-3	96-99	489	
3-4	102-108	Ontzet	
3-5	109-112	van	
3-6	113-124	Koppenhaven	
3-7	124-125	,	
3-8	126-131	Onder	
3-9	132-133	'	
3-10	133-134	t	
3-11	135-141	beleit	
3-12	142-145	van	
3-13	146-149	den	
3-14	150-152	Ed	
3-15	152-153	.	

#Text=Gestr.
4-1	154-159	Gestr	
4-2	159-160	.	

#Text=Heer Jakob van Wassenaer,
#Text=Ridder der Koningl.
5-1	161-165	Heer	
5-2	166-171	Jakob	
5-3	172-175	van	
5-4	176-185	Wassenaer	
5-5	185-186	,	
5-6	187-193	Ridder	
5-7	194-197	der	
5-8	198-205	Koningl	
5-9	205-206	.	

#Text=Ordre van Denemarken,
#Text=Heer van Wassenaer, Obdam, &c.
6-1	207-212	Ordre	
6-2	213-216	van	
6-3	217-227	Denemarken	
6-4	227-228	,	
6-5	229-233	Heer	
6-6	234-237	van	
6-7	238-247	Wassenaer	
6-8	247-248	,	
6-9	249-254	Obdam	
6-10	254-255	,	
6-11	256-257	&	
6-12	257-258	c	
6-13	258-259	.	

#Text=&c.
7-1	260-261	&	
7-2	261-262	c	
7-3	262-263	.	

#Text=L.
8-1	264-265	L	
8-2	265-266	.	

#Text=Admiraal van de Scheeps-Vlooten der
#Text=Vereenighde
#Text=Nederlanden, &c.
9-1	267-275	Admiraal	
9-2	276-279	van	
9-3	280-282	de	
9-4	283-298	Scheeps-Vlooten	
9-5	299-302	der	
9-6	303-314	Vereenighde	
9-7	315-326	Nederlanden	
9-8	326-327	,	
9-9	328-329	&	
9-10	329-330	c	
9-11	330-331	.	

#Text=&c.
10-1	332-333	&	
10-2	333-334	c	
10-3	334-335	.	

#Text=Jan Vos, Alle de gedichten.
11-1	339-342	Jan	
11-2	343-346	Vos	
11-3	346-347	,	
11-4	348-352	Alle	
11-5	353-355	de	
11-6	356-365	gedichten	
11-7	365-366	.	

#Text=Deel 1
#Text=
#Text=\f490
#Text=
#Text=Aan de doorluchtighste Prinses, Sofia Amalia, Koningin te
#Text=Deenemarken, Noorwegen &c.
12-1	367-371	Deel	
12-2	372-373	1	
12-3	376-379	490	
12-4	381-384	Aan	
12-5	385-387	de	
12-6	388-403	doorluchtighste	
12-7	404-411	Prinses	
12-8	411-412	,	
12-9	413-418	Sofia	
12-10	419-425	Amalia	
12-11	425-426	,	
12-12	427-435	Koningin	
12-13	436-438	te	
12-14	439-450	Deenemarken	
12-15	450-451	,	
12-16	452-461	Noorwegen	
12-17	462-463	&	
12-18	463-464	c	
12-19	464-465	.	

#Text=&c.
13-1	466-467	&	
13-2	467-468	c	
13-3	468-469	.	

#Text=Hertogin in Sleswyk, Holstein,
#Text=Stormaren, Ditmarsen, &c.
14-1	470-478	Hertogin	
14-2	479-481	in	
14-3	482-489	Sleswyk	
14-4	489-490	,	
14-5	491-499	Holstein	
14-6	499-500	,	
14-7	501-510	Stormaren	
14-8	510-511	,	
14-9	512-521	Ditmarsen	
14-10	521-522	,	
14-11	523-524	&	
14-12	524-525	c	
14-13	525-526	.	

#Text=Geboren Hertogin te Brunswyk en
#Text=Luneburg, &c.
15-1	527-534	Geboren	
15-2	535-543	Hertogin	
15-3	544-546	te	
15-4	547-555	Brunswyk	
15-5	556-558	en	
15-6	559-567	Luneburg	
15-7	567-568	,	
15-8	569-570	&	
15-9	570-571	c	
15-10	571-572	.	

#Text=Wordt het Ontzet van Koppenhaven opgeoffert met
#Text=zulk een vuurigen yver, als Hare Majesteit de heete stormen der
#Text=vyanden, door 't vuur Harer onbezweeken moedigheidt, van de
#Text=wallen heeft helpen af keeren;
#Text=door Haar Majesteits ootmoedige en
#Text=getrouwe dienaar Jan Vos.
16-1	573-578	Wordt	
16-2	579-582	het	
16-3	583-589	Ontzet	
16-4	590-593	van	
16-5	594-605	Koppenhaven	
16-6	606-616	opgeoffert	
16-7	617-620	met	
16-8	621-625	zulk	
16-9	626-629	een	
16-10	630-638	vuurigen	
16-11	639-643	yver	
16-12	643-644	,	
16-13	645-648	als	
16-14	649-653	Hare	
16-15	654-663	Majesteit	
16-16	664-666	de	
16-17	667-672	heete	
16-18	673-680	stormen	
16-19	681-684	der	
16-20	685-692	vyanden	
16-21	692-693	,	
16-22	694-698	door	
16-23	699-700	'	
16-24	700-701	t	
16-25	702-706	vuur	
16-26	707-712	Harer	
16-27	713-724	onbezweeken	
16-28	725-736	moedigheidt	
16-29	736-737	,	
16-30	738-741	van	
16-31	742-744	de	
16-32	745-751	wallen	
16-33	752-757	heeft	
16-34	758-764	helpen	
16-35	765-767	af	
16-36	768-774	keeren	
16-37	774-775	;	
16-38	776-780	door	
16-39	781-785	Haar	
16-40	786-796	Majesteits	
16-41	797-807	ootmoedige	
16-42	808-810	en	
16-43	811-819	getrouwe	
16-44	820-827	dienaar	
16-45	828-831	Jan	
16-46	832-835	Vos	
16-47	835-836	.	

#Text=Jan Vos, Alle de gedichten.
17-1	839-842	Jan	
17-2	843-846	Vos	
17-3	846-847	,	
17-4	848-852	Alle	
17-5	853-855	de	
17-6	856-865	gedichten	
17-7	865-866	.	

#Text=Deel 1
#Text=
#Text=\f491
#Text=
#Text=
#Text=Ontzet van Koppenhaven.
18-1	867-871	Deel	
18-2	872-873	1	
18-3	876-879	491	
18-4	882-888	Ontzet	
18-5	889-892	van	
18-6	893-904	Koppenhaven	
18-7	904-905	.	

#Text=Denmarken wapent zich door 't parsen van de reede.
19-1	908-917	Denmarken	
19-2	918-924	wapent	
19-3	925-929	zich	
19-4	930-934	door	
19-5	935-936	'	
19-6	936-937	t	
19-7	938-944	parsen	
19-8	945-948	van	
19-9	949-951	de	
19-10	952-957	reede	
19-11	957-958	.	
