#FORMAT=WebAnno TSV 3.3


#Text=Uw hoornen afkeert van uws broeders schitterlicht,
#Text=
#Text=De tijden regelt, en de ontembre waterplassen
#Text=Waarheen gy de oogen wendt, heur boorden uit doet wassen:
#Text=
#Text=Nachtfakkel, wie 't geheim der diepste duisternis,
#Text=Ja, 't hart des afgronds tot zijn binnenst, zichtbaar is:
#Text=
#Text=
#Text=Wier koude stralen de aard het gift der akonieten,
#Text=Bezwangerd van de dood, in nachtschade uit doen schieten,
#Text=
#Text=En 't worgend Geestendom met aaklig nachtgerucht
#Text=
#Text=
#Text=Op vleêrmuisvlederen doen reien door de lucht!
1-1	2-4	Uw	
1-2	5-12	hoornen	
1-3	13-20	afkeert	
1-4	21-24	van	
1-5	25-28	uws	
1-6	29-37	broeders	
1-7	38-51	schitterlicht	
1-8	51-52	,	
1-9	54-56	De	
1-10	57-63	tijden	
1-11	64-70	regelt	
1-12	70-71	,	
1-13	72-74	en	
1-14	75-77	de	
1-15	78-86	ontembre	
1-16	87-99	waterplassen	
1-17	100-108	Waarheen	
1-18	109-111	gy	
1-19	112-114	de	
1-20	115-120	oogen	
1-21	121-126	wendt	
1-22	126-127	,	
1-23	128-132	heur	
1-24	133-140	boorden	
1-25	141-144	uit	
1-26	145-149	doet	
1-27	150-156	wassen	
1-28	156-157	:	
1-29	159-170	Nachtfakkel	
1-30	170-171	,	
1-31	172-175	wie	
1-32	176-177	'	
1-33	177-178	t	
1-34	179-185	geheim	
1-35	186-189	der	
1-36	190-197	diepste	
1-37	198-208	duisternis	
1-38	208-209	,	
1-39	210-212	Ja	
1-40	212-213	,	
1-41	214-215	'	
1-42	215-216	t	
1-43	217-221	hart	
1-44	222-225	des	
1-45	226-234	afgronds	
1-46	235-238	tot	
1-47	239-243	zijn	
1-48	244-252	binnenst	
1-49	252-253	,	
1-50	254-263	zichtbaar	
1-51	264-266	is	
1-52	266-267	:	
1-53	270-274	Wier	
1-54	275-280	koude	
1-55	281-288	stralen	
1-56	289-291	de	
1-57	292-296	aard	
1-58	297-300	het	
1-59	301-305	gift	
1-60	306-309	der	
1-61	310-319	akonieten	
1-62	319-320	,	
1-63	321-331	Bezwangerd	
1-64	332-335	van	
1-65	336-338	de	
1-66	339-343	dood	
1-67	343-344	,	
1-68	345-347	in	
1-69	348-359	nachtschade	
1-70	360-363	uit	
1-71	364-368	doen	
1-72	369-377	schieten	
1-73	377-378	,	
1-74	380-382	En	
1-75	383-384	'	
1-76	384-385	t	
1-77	386-393	worgend	
1-78	394-404	Geestendom	
1-79	405-408	met	
1-80	409-415	aaklig	
1-81	416-428	nachtgerucht	
1-82	431-433	Op	
1-83	434-451	vleêrmuisvlederen	
1-84	452-456	doen	
1-85	457-462	reien	
1-86	463-467	door	
1-87	468-470	de	
1-88	471-476	lucht	
1-89	476-477	!	

#Text=-
#Text=
#Text=En
#Text=Gy, wiens bloedig licht, met blaauwen damp omtogen,
#Text=Den bliksem van het zwaard doet schittren in onze oogen;
#Text=
#Text=Verdelger!
2-1	478-479	-	
2-2	481-483	En	
2-3	484-486	Gy	
2-4	486-487	,	
2-5	488-493	wiens	
2-6	494-501	bloedig	
2-7	502-507	licht	
2-8	507-508	,	
2-9	509-512	met	
2-10	513-521	blaauwen	
2-11	522-526	damp	
2-12	527-534	omtogen	
2-13	534-535	,	
2-14	536-539	Den	
2-15	540-547	bliksem	
2-16	548-551	van	
2-17	552-555	het	
2-18	556-562	zwaard	
2-19	563-567	doet	
2-20	568-577	schittren	
2-21	578-580	in	
2-22	581-585	onze	
2-23	586-591	oogen	
2-24	591-592	;	
2-25	594-603	Verdelger	
2-26	603-604	!	

#Text=- En ook Gy, der starren middelpunt,
#Text=Die elk rondom uw' throon zijn eigen loopperk gunt,
#Text=
#Text=Als wachters, nimmer moê op uwen wenk te zwieren,
#Text=ô Goddelijke Zon!
3-1	605-606	-	
3-2	607-609	En	
3-3	610-613	ook	
3-4	614-616	Gy	
3-5	616-617	,	
3-6	618-621	der	
3-7	622-629	starren	
3-8	630-640	middelpunt	
3-9	640-641	,	
3-10	642-645	Die	
3-11	646-649	elk	
3-12	650-656	rondom	
3-13	657-659	uw	
3-14	659-660	'	
3-15	661-667	throon	
3-16	668-672	zijn	
3-17	673-678	eigen	
3-18	679-687	loopperk	
3-19	688-692	gunt	
3-20	692-693	,	
3-21	695-698	Als	
3-22	699-707	wachters	
3-23	707-708	,	
3-24	709-715	nimmer	
3-25	716-719	moê	
3-26	720-722	op	
3-27	723-727	uwen	
3-28	728-732	wenk	
3-29	733-735	te	
3-30	736-743	zwieren	
3-31	743-744	,	
3-32	745-746	ô	
3-33	747-757	Goddelijke	
3-34	758-761	Zon	
3-35	761-762	!	

#Text=-
#Text=Aanschouwt onze offervieren!
4-1	763-764	-	
4-2	765-775	Aanschouwt	
4-3	776-780	onze	
4-4	781-792	offervieren	
4-5	792-793	!	

#Text=Wy slachten u den keur van kudde, en kooi, en stal.
5-1	796-798	Wy	
5-2	799-807	slachten	
5-3	808-809	u	
5-4	810-813	den	
5-5	814-818	keur	
5-6	819-822	van	
5-7	823-828	kudde	
5-8	828-829	,	
5-9	830-832	en	
5-10	833-837	kooi	
5-11	837-838	,	
5-12	839-841	en	
5-13	842-846	stal	
5-14	846-847	.	

#Text=De vlam stijg' t' uwaart op!
6-1	850-852	De	
6-2	853-857	vlam	
6-3	858-863	stijg	
6-4	863-864	'	
6-5	865-866	t	
6-6	866-867	'	
6-7	868-874	uwaart	
6-8	875-877	op	
6-9	877-878	!	

#Text='t vereerend feestgeschal
#Text=Boor' door de wolken heen!
7-1	879-880	'	
7-2	880-881	t	
7-3	882-891	vereerend	
7-4	892-904	feestgeschal	
7-5	905-909	Boor	
7-6	909-910	'	
7-7	911-915	door	
7-8	916-918	de	
7-9	919-925	wolken	
7-10	926-930	heen	
7-11	930-931	!	

#Text=de walm der wierookgeuren
#Text=Doorwaassem' en doorvloei' de onoverstijgbre scheuren
8-1	932-934	de	
8-2	935-939	walm	
8-3	940-943	der	
8-4	944-957	wierookgeuren	
8-5	958-969	Doorwaassem	
8-6	969-970	'	
8-7	971-973	en	
8-8	974-983	doorvloei	
8-9	983-984	'	
8-10	985-987	de	
8-11	988-1002	onoverstijgbre	
8-12	1003-1011	scheuren	
