#FORMAT=WebAnno TSV 3.3


#Text=49.
1-1	0-2	49	
1-2	2-3	.	

#Text=S’il se trouue en lieu où il sente quelque
#Text=mauvaise odeur, & queque  puanteur,
#Text=salleté, qu’il se souuienne que son ame est
#Text=encore plus vilaine & plus puante à cause
#Text=des grands pechez qu’elle commet en soy
#Text=mesme.
#Text=
#Text=50.
2-1	4-5	S	
2-2	5-6	’	
2-3	6-8	il	
2-4	9-11	se	
2-5	12-18	trouue	
2-6	19-21	en	
2-7	22-26	lieu	
2-8	27-29	où	
2-9	30-32	il	
2-10	33-38	sente	
2-11	39-46	quelque	
2-12	47-55	mauvaise	
2-13	56-61	odeur	
2-14	61-62	,	
2-15	63-64	&	
2-16	65-71	queque	
2-17	73-81	puanteur	
2-18	81-82	,	
2-19	83-90	salleté	
2-20	90-91	,	
2-21	92-94	qu	
2-22	94-95	’	
2-23	95-97	il	
2-24	98-100	se	
2-25	101-110	souuienne	
2-26	111-114	que	
2-27	115-118	son	
2-28	119-122	ame	
2-29	123-126	est	
2-30	127-133	encore	
2-31	134-138	plus	
2-32	139-146	vilaine	
2-33	147-148	&	
2-34	149-153	plus	
2-35	154-160	puante	
2-36	161-162	à	
2-37	163-168	cause	
2-38	169-172	des	
2-39	173-179	grands	
2-40	180-186	pechez	
2-41	187-189	qu	
2-42	189-190	’	
2-43	190-194	elle	
2-44	195-201	commet	
2-45	202-204	en	
2-46	205-208	soy	
2-47	209-214	mesme	
2-48	214-215	.	
2-49	217-219	50	
2-50	219-220	.	

#Text=S’il voit quelque belle & plaisante
#Text=chose, qu’il se souuienne que son ame est
#Text=beaucoup plus balle en soy, que comme
#Text=
#Text=Dieu l’a faicte: elle est sans comparaison
#Text=plus accõplie que tout ce qui est an monde.
3-1	221-222	S	
3-2	222-223	’	
3-3	223-225	il	
3-4	226-230	voit	
3-5	231-238	quelque	
3-6	239-244	belle	
3-7	245-246	&	
3-8	247-256	plaisante	
3-9	257-262	chose	
3-10	262-263	,	
3-11	264-266	qu	
3-12	266-267	’	
3-13	267-269	il	
3-14	270-272	se	
3-15	273-282	souuienne	
3-16	283-286	que	
3-17	287-290	son	
3-18	291-294	ame	
3-19	295-298	est	
3-20	299-307	beaucoup	
3-21	308-312	plus	
3-22	313-318	balle	
3-23	319-321	en	
3-24	322-325	soy	
3-25	325-326	,	
3-26	327-330	que	
3-27	331-336	comme	
3-28	338-342	Dieu	
3-29	343-344	l	
3-30	344-345	’	
3-31	345-346	a	
3-32	347-353	faicte	
3-33	353-354	:	
3-34	355-359	elle	
3-35	360-363	est	
3-36	364-368	sans	
3-37	369-380	comparaison	
3-38	381-385	plus	
3-39	386-394	accõplie	
3-40	395-398	que	
3-41	399-403	tout	
3-42	404-406	ce	
3-43	407-410	qui	
3-44	411-414	est	
3-45	415-417	an	
3-46	418-423	monde	
3-47	423-424	.	

#Text=Anima est precioso omni corpore, disoit le
#Text=Sage, vne ame est plus precieuse & chose plus
#Text=rare que tous les corps,& les pechez qui la
#Text=couurent l’ont tellement souïllée qu’il ny
#Text=a rien si puant ne si vilain.
#Text=
#Text=51.
4-1	425-430	Anima	
4-2	431-434	est	
4-3	435-443	precioso	
4-4	444-448	omni	
4-5	449-456	corpore	
4-6	456-457	,	
4-7	458-464	disoit	
4-8	465-467	le	
4-9	468-472	Sage	
4-10	472-473	,	
4-11	474-477	vne	
4-12	478-481	ame	
4-13	482-485	est	
4-14	486-490	plus	
4-15	491-500	precieuse	
4-16	501-502	&	
4-17	503-508	chose	
4-18	509-513	plus	
4-19	514-518	rare	
4-20	519-522	que	
4-21	523-527	tous	
4-22	528-531	les	
4-23	532-537	corps	
4-24	537-538	,	
4-25	538-539	&	
4-26	540-543	les	
4-27	544-550	pechez	
4-28	551-554	qui	
4-29	555-557	la	
4-30	558-566	couurent	
4-31	567-568	l	
4-32	568-569	’	
4-33	569-572	ont	
4-34	573-582	tellement	
4-35	583-591	souïllée	
4-36	592-594	qu	
4-37	594-595	’	
4-38	595-597	il	
4-39	598-600	ny	
4-40	601-602	a	
4-41	603-607	rien	
4-42	608-610	si	
4-43	611-616	puant	
4-44	617-619	ne	
4-45	620-622	si	
4-46	623-629	vilain	
4-47	629-630	.	
4-48	632-634	51	
4-49	634-635	.	

#Text=Qu’il se recommande souuent aux bonnes
#Text=prieres des autres, qu’il fassefaire prieres
#Text=pour sa conuersion, qu’il donne quelques
#Text=aumosnes à ceste fin, obligeant par
#Text=ce moyen quelques amis de Dieu de prier
#Text=pour luy.
5-1	636-638	Qu	
5-2	638-639	’	
5-3	639-641	il	
5-4	642-644	se	
5-5	645-655	recommande	
5-6	656-663	souuent	
5-7	664-667	aux	
5-8	668-674	bonnes	
5-9	675-682	prieres	
5-10	683-686	des	
5-11	687-693	autres	
5-12	693-694	,	
5-13	695-697	qu	
5-14	697-698	’	
5-15	698-700	il	
5-16	701-711	fassefaire	
5-17	712-719	prieres	
5-18	720-724	pour	
5-19	725-727	sa	
5-20	728-738	conuersion	
5-21	738-739	,	
5-22	740-742	qu	
5-23	742-743	’	
5-24	743-745	il	
5-25	746-751	donne	
5-26	752-760	quelques	
5-27	761-769	aumosnes	
5-28	770-771	à	
5-29	772-777	ceste	
5-30	778-781	fin	
5-31	781-782	,	
5-32	783-792	obligeant	
5-33	793-796	par	
5-34	797-799	ce	
5-35	800-805	moyen	
5-36	806-814	quelques	
5-37	815-819	amis	
5-38	820-822	de	
5-39	823-827	Dieu	
5-40	828-830	de	
5-41	831-836	prier	
5-42	837-841	pour	
5-43	842-845	luy	
5-44	845-846	.	
