#FORMAT=WebAnno TSV 3.3


#Text=Want dese waassem anders niet en is dan ene menigte der
#Text=kleinste deeltjes onder een vermengd, met vlugge en gedurige beweginge.
1-1	2-6	Want	
1-2	7-11	dese	
1-3	12-19	waassem	
1-4	20-26	anders	
1-5	27-31	niet	
1-6	32-34	en	
1-7	35-37	is	
1-8	38-41	dan	
1-9	42-45	ene	
1-10	46-53	menigte	
1-11	54-57	der	
1-12	58-66	kleinste	
1-13	67-75	deeltjes	
1-14	76-81	onder	
1-15	82-85	een	
1-16	86-94	vermengd	
1-17	94-95	,	
1-18	96-99	met	
1-19	100-106	vlugge	
1-20	107-109	en	
1-21	110-118	gedurige	
1-22	119-128	beweginge	
1-23	128-129	.	

#Text=Die
#Text=deelkens wasemen het eene lichaam uit en 't ander in.
2-1	130-133	Die	
2-2	134-142	deelkens	
2-3	143-150	wasemen	
2-4	151-154	het	
2-5	155-159	eene	
2-6	160-167	lichaam	
2-7	168-171	uit	
2-8	172-174	en	
2-9	175-176	'	
2-10	176-177	t	
2-11	178-183	ander	
2-12	184-186	in	
2-13	186-187	.	

#Text=Nu heeft in alle dingen plaats,
#Text=dat overal gelijk soekt sijns gelijk, en paart met sijns gelijk.
3-1	188-190	Nu	
3-2	191-196	heeft	
3-3	197-199	in	
3-4	200-204	alle	
3-5	205-211	dingen	
3-6	212-218	plaats	
3-7	218-219	,	
3-8	220-223	dat	
3-9	224-230	overal	
3-10	231-237	gelijk	
3-11	238-243	soekt	
3-12	244-249	sijns	
3-13	250-256	gelijk	
3-14	256-257	,	
3-15	258-260	en	
3-16	261-266	paart	
3-17	267-270	met	
3-18	271-276	sijns	
3-19	277-283	gelijk	
3-20	283-284	.	

#Text=Wanneer sulx in de
#Text=menschelike t'samenlevinge niet uiterlijk also gebeurt;
#Text=het is om dat die paringe niet
#Text=door noodsakelikheid van nature, maar door beradinge word aangegaan: en niettemin
#Text=sal daar noch heimelik een oorsaak in de medeneiginge van die naturen zijn, die
#Text=uiterlik so niet en blijkt.
4-1	285-292	Wanneer	
4-2	293-297	sulx	
4-3	298-300	in	
4-4	301-303	de	
4-5	304-315	menschelike	
4-6	316-330	t'samenlevinge	
4-7	331-335	niet	
4-8	336-345	uiterlijk	
4-9	346-350	also	
4-10	351-358	gebeurt	
4-11	358-359	;	
4-12	360-363	het	
4-13	364-366	is	
4-14	367-369	om	
4-15	370-373	dat	
4-16	374-377	die	
4-17	378-385	paringe	
4-18	386-390	niet	
4-19	391-395	door	
4-20	396-411	noodsakelikheid	
4-21	412-415	van	
4-22	416-422	nature	
4-23	422-423	,	
4-24	424-428	maar	
4-25	429-433	door	
4-26	434-443	beradinge	
4-27	444-448	word	
4-28	449-458	aangegaan	
4-29	458-459	:	
4-30	460-462	en	
4-31	463-472	niettemin	
4-32	473-476	sal	
4-33	477-481	daar	
4-34	482-486	noch	
4-35	487-495	heimelik	
4-36	496-499	een	
4-37	500-507	oorsaak	
4-38	508-510	in	
4-39	511-513	de	
4-40	514-526	medeneiginge	
4-41	527-530	van	
4-42	531-534	die	
4-43	535-542	naturen	
4-44	543-547	zijn	
4-45	547-548	,	
4-46	549-552	die	
4-47	553-561	uiterlik	
4-48	562-564	so	
4-49	565-569	niet	
4-50	570-572	en	
4-51	573-579	blijkt	
4-52	579-580	.	

#Text=Balthasar Bekker, De betoverde wereld
#Text=
#Text=
#Text=\f
#Text=178
#Text=§.
#Text=7.
5-1	583-592	Balthasar	
5-2	593-599	Bekker	
5-3	599-600	,	
5-4	601-603	De	
5-5	604-613	betoverde	
5-6	614-620	wereld	
5-7	625-628	178	
5-8	629-630	§	
5-9	630-631	.	
5-10	632-633	7	
5-11	633-634	.	

#Text=By al 't voorseide komt de kraght der Inbeeldinge, waarvan ons d'ondervindinge
#Text=verwonderlike dingen leert.
6-1	635-637	By	
6-2	638-640	al	
6-3	641-642	'	
6-4	642-643	t	
6-5	644-653	voorseide	
6-6	654-658	komt	
6-7	659-661	de	
6-8	662-668	kraght	
6-9	669-672	der	
6-10	673-684	Inbeeldinge	
6-11	684-685	,	
6-12	686-693	waarvan	
6-13	694-697	ons	
6-14	698-713	d'ondervindinge	
6-15	714-727	verwonderlike	
6-16	728-734	dingen	
6-17	735-740	leert	
6-18	740-741	.	

#Text=Die is, als buiten uiterlike werkinge der sinnen, (om op
#Text=het platste dus te spreken) de geesten, dat is de voorseide dampingen, en waasseminge
#Text=van die allerfijnste deeltjes, uit het herte na de herssenen optrekkende;
#Text=aldaar een
#Text=diergelijke schildery vertonen, als den gemeenen sins des menschen, door middel
#Text=van de sinnen, anders maar van buiten worden toegebraght.
7-1	742-745	Die	
7-2	746-748	is	
7-3	748-749	,	
7-4	750-753	als	
7-5	754-760	buiten	
7-6	761-770	uiterlike	
7-7	771-779	werkinge	
7-8	780-783	der	
7-9	784-790	sinnen	
7-10	790-791	,	
7-11	792-793	(	
7-12	793-795	om	
7-13	796-798	op	
7-14	799-802	het	
7-15	803-810	platste	
7-16	811-814	dus	
7-17	815-817	te	
7-18	818-825	spreken	
7-19	825-826	)	
7-20	827-829	de	
7-21	830-837	geesten	
7-22	837-838	,	
7-23	839-842	dat	
7-24	843-845	is	
7-25	846-848	de	
7-26	849-858	voorseide	
7-27	859-868	dampingen	
7-28	868-869	,	
7-29	870-872	en	
7-30	873-884	waasseminge	
7-31	885-888	van	
7-32	889-892	die	
7-33	893-905	allerfijnste	
7-34	906-914	deeltjes	
7-35	914-915	,	
7-36	916-919	uit	
7-37	920-923	het	
7-38	924-929	herte	
7-39	930-932	na	
7-40	933-935	de	
7-41	936-945	herssenen	
7-42	946-957	optrekkende	
7-43	957-958	;	
7-44	959-965	aldaar	
7-45	966-969	een	
7-46	970-981	diergelijke	
7-47	982-991	schildery	
7-48	992-1000	vertonen	
7-49	1000-1001	,	
7-50	1002-1005	als	
7-51	1006-1009	den	
7-52	1010-1018	gemeenen	
7-53	1019-1023	sins	
7-54	1024-1027	des	
7-55	1028-1036	menschen	
7-56	1036-1037	,	
7-57	1038-1042	door	
7-58	1043-1049	middel	
7-59	1050-1053	van	
7-60	1054-1056	de	
7-61	1057-1063	sinnen	
7-62	1063-1064	,	
7-63	1065-1071	anders	
7-64	1072-1076	maar	
7-65	1077-1080	van	
7-66	1081-1087	buiten	
7-67	1088-1094	worden	
7-68	1095-1106	toegebraght	
7-69	1106-1107	.	

#Text=Na dat de herssenen dan
#Text=week of harder of ook vochtiger of droger zijn;
#Text=of dat de menschen oud of jong, of
#Text=man of vrow, of siek zijn of gesond, daarna word ligteliker of beswaarlik in de
#Text=herssenen
#Text=iets ingeprent;
#Text=de geesten door het in en uit asemen en wasemen der
#Text=alderfijnste deeltjes, meer of min gemeenschap met die van een ander sijns gelijke
#Text=lichaam hebbende.
8-1	1108-1110	Na	
8-2	1111-1114	dat	
8-3	1115-1117	de	
8-4	1118-1127	herssenen	
8-5	1128-1131	dan	
8-6	1132-1136	week	
8-7	1137-1139	of	
8-8	1140-1146	harder	
8-9	1147-1149	of	
8-10	1150-1153	ook	
8-11	1154-1163	vochtiger	
8-12	1164-1166	of	
8-13	1167-1173	droger	
8-14	1174-1178	zijn	
8-15	1178-1179	;	
8-16	1180-1182	of	
8-17	1183-1186	dat	
8-18	1187-1189	de	
8-19	1190-1198	menschen	
8-20	1199-1202	oud	
8-21	1203-1205	of	
8-22	1206-1210	jong	
8-23	1210-1211	,	
8-24	1212-1214	of	
8-25	1215-1218	man	
8-26	1219-1221	of	
8-27	1222-1226	vrow	
8-28	1226-1227	,	
8-29	1228-1230	of	
8-30	1231-1235	siek	
8-31	1236-1240	zijn	
8-32	1241-1243	of	
8-33	1244-1250	gesond	
8-34	1250-1251	,	
8-35	1252-1258	daarna	
8-36	1259-1263	word	
8-37	1264-1274	ligteliker	
8-38	1275-1277	of	
8-39	1278-1288	beswaarlik	
8-40	1289-1291	in	
8-41	1292-1294	de	
8-42	1295-1304	herssenen	
8-43	1305-1309	iets	
8-44	1310-1319	ingeprent	
8-45	1319-1320	;	
8-46	1321-1323	de	
8-47	1324-1331	geesten	
8-48	1332-1336	door	
8-49	1337-1340	het	
8-50	1341-1343	in	
8-51	1344-1346	en	
8-52	1347-1350	uit	
8-53	1351-1357	asemen	
8-54	1358-1360	en	
8-55	1361-1368	wasemen	
8-56	1369-1372	der	
8-57	1373-1385	alderfijnste	
8-58	1386-1394	deeltjes	
8-59	1394-1395	,	
8-60	1396-1400	meer	
8-61	1401-1403	of	
8-62	1404-1407	min	
8-63	1408-1419	gemeenschap	
8-64	1420-1423	met	
8-65	1424-1427	die	
8-66	1428-1431	van	
8-67	1432-1435	een	
8-68	1436-1441	ander	
8-69	1442-1447	sijns	
8-70	1448-1455	gelijke	
8-71	1456-1463	lichaam	
8-72	1464-1472	hebbende	
8-73	1472-1473	.	

#Text=In siekte, en voornamelik in 't sterven is dat aldermeest:
#Text=van daar
#Text=komt de besmettinge van lucht en bloed.
9-1	1474-1476	In	
9-2	1477-1483	siekte	
9-3	1483-1484	,	
9-4	1485-1487	en	
9-5	1488-1499	voornamelik	
9-6	1500-1502	in	
9-7	1503-1504	'	
9-8	1504-1505	t	
9-9	1506-1513	sterven	
9-10	1514-1516	is	
9-11	1517-1520	dat	
9-12	1521-1531	aldermeest	
9-13	1531-1532	:	
9-14	1533-1536	van	
9-15	1537-1541	daar	
9-16	1542-1546	komt	
9-17	1547-1549	de	
9-18	1550-1561	besmettinge	
9-19	1562-1565	van	
9-20	1566-1571	lucht	
9-21	1572-1574	en	
9-22	1575-1580	bloed	
9-23	1580-1581	.	

#Text=Dus kan dan ook de vrouwe van den man,
#Text='t kind van de moeder, en de moeder van het kind, en broeders ende susters van
#Text=malkanderen; ja d'eene vriend en makker van den anderen, by siekte, sterven, of een
#Text=merkelijk gevaar, daar 't bloed en geesten sonderlinge van ontsteld zijn;
#Text=een kraghtig
#Text=voor gevoelen hebben: en schoon ook verre van de plaats (also die vlugge
10-1	1582-1585	Dus	
10-2	1586-1589	kan	
10-3	1590-1593	dan	
10-4	1594-1597	ook	
10-5	1598-1600	de	
10-6	1601-1607	vrouwe	
10-7	1608-1611	van	
10-8	1612-1615	den	
10-9	1616-1619	man	
10-10	1619-1620	,	
10-11	1621-1622	'	
10-12	1622-1623	t	
10-13	1624-1628	kind	
10-14	1629-1632	van	
10-15	1633-1635	de	
10-16	1636-1642	moeder	
10-17	1642-1643	,	
10-18	1644-1646	en	
10-19	1647-1649	de	
10-20	1650-1656	moeder	
10-21	1657-1660	van	
10-22	1661-1664	het	
10-23	1665-1669	kind	
10-24	1669-1670	,	
10-25	1671-1673	en	
10-26	1674-1682	broeders	
10-27	1683-1687	ende	
10-28	1688-1695	susters	
10-29	1696-1699	van	
10-30	1700-1711	malkanderen	
10-31	1711-1712	;	
10-32	1713-1715	ja	
10-33	1716-1722	d'eene	
10-34	1723-1729	vriend	
10-35	1730-1732	en	
10-36	1733-1739	makker	
10-37	1740-1743	van	
10-38	1744-1747	den	
10-39	1748-1755	anderen	
10-40	1755-1756	,	
10-41	1757-1759	by	
10-42	1760-1766	siekte	
10-43	1766-1767	,	
10-44	1768-1775	sterven	
10-45	1775-1776	,	
10-46	1777-1779	of	
10-47	1780-1783	een	
10-48	1784-1793	merkelijk	
10-49	1794-1800	gevaar	
10-50	1800-1801	,	
10-51	1802-1806	daar	
10-52	1807-1808	'	
10-53	1808-1809	t	
10-54	1810-1815	bloed	
10-55	1816-1818	en	
10-56	1819-1826	geesten	
10-57	1827-1838	sonderlinge	
10-58	1839-1842	van	
10-59	1843-1851	ontsteld	
10-60	1852-1856	zijn	
10-61	1856-1857	;	
10-62	1858-1861	een	
10-63	1862-1870	kraghtig	
10-64	1871-1875	voor	
10-65	1876-1884	gevoelen	
10-66	1885-1891	hebben	
10-67	1891-1892	:	
10-68	1893-1895	en	
10-69	1896-1902	schoon	
10-70	1903-1906	ook	
10-71	1907-1912	verre	
10-72	1913-1916	van	
10-73	1917-1919	de	
10-74	1920-1926	plaats	
10-75	1927-1928	(	
10-76	1928-1932	also	
10-77	1933-1936	die	
10-78	1937-1943	vlugge	
