#FORMAT=WebAnno TSV 3.3


#Text=Predik.
1-1	2-8	Predik	
1-2	8-9	.	

#Text=I. 7.
2-1	10-11	I	
2-2	11-12	.	
2-3	13-14	7	
2-4	14-15	.	

#Text=Alle de beken loopen in de zee, noghtans word
#Text=de zee niet vol, daar de beken heenen gaan, derwaarts gaande keeren sy weder.
3-1	16-20	Alle	
3-2	21-23	de	
3-3	24-29	beken	
3-4	30-36	loopen	
3-5	37-39	in	
3-6	40-42	de	
3-7	43-46	zee	
3-8	46-47	,	
3-9	48-56	noghtans	
3-10	57-61	word	
3-11	62-64	de	
3-12	65-68	zee	
3-13	69-73	niet	
3-14	74-77	vol	
3-15	77-78	,	
3-16	79-83	daar	
3-17	84-86	de	
3-18	87-92	beken	
3-19	93-99	heenen	
3-20	100-104	gaan	
3-21	104-105	,	
3-22	106-115	derwaarts	
3-23	116-122	gaande	
3-24	123-129	keeren	
3-25	130-132	sy	
3-26	133-138	weder	
3-27	138-139	.	

#Text=Dat
#Text=
#Text=Bernard Nieuwentijt, Het regt gebruik
#Text=der werelt beschouwingen
#Text=
#Text=\fis, het syn deselve beken en wateren, die te voren in de zee gelopen hebbende, nu
#Text=weder na de zee keeren.
4-1	140-143	Dat	
4-2	145-152	Bernard	
4-3	153-164	Nieuwentijt	
4-4	164-165	,	
4-5	166-169	Het	
4-6	170-174	regt	
4-7	175-182	gebruik	
4-8	183-186	der	
4-9	187-193	werelt	
4-10	194-207	beschouwingen	
4-11	210-212	is	
4-12	212-213	,	
4-13	214-217	het	
4-14	218-221	syn	
4-15	222-229	deselve	
4-16	230-235	beken	
4-17	236-238	en	
4-18	239-246	wateren	
4-19	246-247	,	
4-20	248-251	die	
4-21	252-254	te	
4-22	255-260	voren	
4-23	261-263	in	
4-24	264-266	de	
4-25	267-270	zee	
4-26	271-278	gelopen	
4-27	279-287	hebbende	
4-28	287-288	,	
4-29	289-291	nu	
4-30	292-297	weder	
4-31	298-300	na	
4-32	301-303	de	
4-33	304-307	zee	
4-34	308-314	keeren	
4-35	314-315	.	

#Text=Of hier nu alleen van desen omloop gesproken werd, die door de wer-
#Text=
#Text=Bernard Nieuwentijt, Het regt gebruik der werelt beschouwingen
#Text=
#Text=\f
#Text=443
#Text=kinge der Sonne geschiet, om dat deselve in het voorgaande vyfde vers eerst gemelt
#Text=is; en in het sesde vers, den ommegangh der winden daar op volgt;
#Text=welke by veele
#Text=ook van de Sonne afgeleit werd;
#Text=soo dat men hier dese bewegingen van winden en
#Text=beeken, als twee uitwerksels van de Sonne moet aanmerken:
#Text=dan of in dit sevende
#Text=vers ook een anderen omloop der wateren moet verstaan werden;
#Text=om dat de
#Text=zee-wateren in onderaardsche kolken ingegaan synde, door de daar onder sigh
#Text=bevindende vyeren, gelyk in Chymische destillatien, opwaarts dampen; en boven
#Text=weder tot water werdende fonteinen, beken, en rievieren veroorsaken, sullen wy hier
#Text=niet verder ondersoeken.
5-1	317-319	Of	
5-2	320-324	hier	
5-3	325-327	nu	
5-4	328-334	alleen	
5-5	335-338	van	
5-6	339-344	desen	
5-7	345-351	omloop	
5-8	352-361	gesproken	
5-9	362-366	werd	
5-10	366-367	,	
5-11	368-371	die	
5-12	372-376	door	
5-13	377-379	de	
5-14	380-383	wer	
5-15	383-384	-	
5-16	386-393	Bernard	
5-17	394-405	Nieuwentijt	
5-18	405-406	,	
5-19	407-410	Het	
5-20	411-415	regt	
5-21	416-423	gebruik	
5-22	424-427	der	
5-23	428-434	werelt	
5-24	435-448	beschouwingen	
5-25	452-455	443	
5-26	456-461	kinge	
5-27	462-465	der	
5-28	466-471	Sonne	
5-29	472-480	geschiet	
5-30	480-481	,	
5-31	482-484	om	
5-32	485-488	dat	
5-33	489-496	deselve	
5-34	497-499	in	
5-35	500-503	het	
5-36	504-514	voorgaande	
5-37	515-520	vyfde	
5-38	521-525	vers	
5-39	526-531	eerst	
5-40	532-538	gemelt	
5-41	539-541	is	
5-42	541-542	;	
5-43	543-545	en	
5-44	546-548	in	
5-45	549-552	het	
5-46	553-558	sesde	
5-47	559-563	vers	
5-48	563-564	,	
5-49	565-568	den	
5-50	569-578	ommegangh	
5-51	579-582	der	
5-52	583-589	winden	
5-53	590-594	daar	
5-54	595-597	op	
5-55	598-603	volgt	
5-56	603-604	;	
5-57	605-610	welke	
5-58	611-613	by	
5-59	614-619	veele	
5-60	620-623	ook	
5-61	624-627	van	
5-62	628-630	de	
5-63	631-636	Sonne	
5-64	637-645	afgeleit	
5-65	646-650	werd	
5-66	650-651	;	
5-67	652-655	soo	
5-68	656-659	dat	
5-69	660-663	men	
5-70	664-668	hier	
5-71	669-673	dese	
5-72	674-684	bewegingen	
5-73	685-688	van	
5-74	689-695	winden	
5-75	696-698	en	
5-76	699-705	beeken	
5-77	705-706	,	
5-78	707-710	als	
5-79	711-715	twee	
5-80	716-727	uitwerksels	
5-81	728-731	van	
5-82	732-734	de	
5-83	735-740	Sonne	
5-84	741-745	moet	
5-85	746-755	aanmerken	
5-86	755-756	:	
5-87	757-760	dan	
5-88	761-763	of	
5-89	764-766	in	
5-90	767-770	dit	
5-91	771-778	sevende	
5-92	779-783	vers	
5-93	784-787	ook	
5-94	788-791	een	
5-95	792-799	anderen	
5-96	800-806	omloop	
5-97	807-810	der	
5-98	811-818	wateren	
5-99	819-823	moet	
5-100	824-832	verstaan	
5-101	833-839	werden	
5-102	839-840	;	
5-103	841-843	om	
5-104	844-847	dat	
5-105	848-850	de	
5-106	851-862	zee-wateren	
5-107	863-865	in	
5-108	866-879	onderaardsche	
5-109	880-886	kolken	
5-110	887-895	ingegaan	
5-111	896-901	synde	
5-112	901-902	,	
5-113	903-907	door	
5-114	908-910	de	
5-115	911-915	daar	
5-116	916-921	onder	
5-117	922-926	sigh	
5-118	927-937	bevindende	
5-119	938-944	vyeren	
5-120	944-945	,	
5-121	946-951	gelyk	
5-122	952-954	in	
5-123	955-964	Chymische	
5-124	965-977	destillatien	
5-125	977-978	,	
5-126	979-987	opwaarts	
5-127	988-994	dampen	
5-128	994-995	;	
5-129	996-998	en	
5-130	999-1004	boven	
5-131	1005-1010	weder	
5-132	1011-1014	tot	
5-133	1015-1020	water	
5-134	1021-1029	werdende	
5-135	1030-1039	fonteinen	
5-136	1039-1040	,	
5-137	1041-1046	beken	
5-138	1046-1047	,	
5-139	1048-1050	en	
5-140	1051-1060	rievieren	
5-141	1061-1072	veroorsaken	
5-142	1072-1073	,	
5-143	1074-1080	sullen	
5-144	1081-1083	wy	
5-145	1084-1088	hier	
5-146	1089-1093	niet	
5-147	1094-1100	verder	
5-148	1101-1112	ondersoeken	
5-149	1112-1113	.	

#Text=Het sy daar mede, soo het is, den eersten omloop, die door
#Text=de sonne geschiet, is door ondervindinge openbaar;
#Text=waarom wy deselve alleen hier
#Text=bygebragt hebben.
6-1	1114-1117	Het	
6-2	1118-1120	sy	
6-3	1121-1125	daar	
6-4	1126-1130	mede	
6-5	1130-1131	,	
6-6	1132-1135	soo	
6-7	1136-1139	het	
6-8	1140-1142	is	
6-9	1142-1143	,	
6-10	1144-1147	den	
6-11	1148-1155	eersten	
6-12	1156-1162	omloop	
6-13	1162-1163	,	
6-14	1164-1167	die	
6-15	1168-1172	door	
6-16	1173-1175	de	
6-17	1176-1181	sonne	
6-18	1182-1190	geschiet	
6-19	1190-1191	,	
6-20	1192-1194	is	
6-21	1195-1199	door	
6-22	1200-1213	ondervindinge	
6-23	1214-1222	openbaar	
6-24	1222-1223	;	
6-25	1224-1230	waarom	
6-26	1231-1233	wy	
6-27	1234-1241	deselve	
6-28	1242-1248	alleen	
6-29	1249-1253	hier	
6-30	1254-1263	bygebragt	
6-31	1264-1270	hebben	
6-32	1270-1271	.	

#Text=En als de andere bewesen is dus te syn, kan deselve hier by gevoegt
#Text=werden
7-1	1272-1274	En	
7-2	1275-1278	als	
7-3	1279-1281	de	
7-4	1282-1288	andere	
7-5	1289-1296	bewesen	
7-6	1297-1299	is	
7-7	1300-1303	dus	
7-8	1304-1306	te	
7-9	1307-1310	syn	
7-10	1310-1311	,	
7-11	1312-1315	kan	
7-12	1316-1323	deselve	
7-13	1324-1328	hier	
7-14	1329-1331	by	
7-15	1332-1339	gevoegt	
7-16	1340-1346	werden	

#Text=.
8-1	1346-1347	.	

#Text=§.
#Text=81.
9-1	1350-1351	§	
9-2	1351-1352	.	
9-3	1353-1355	81	
9-4	1355-1356	.	

#Text=Ik vrage nu aan een Atheist, of hy boven al het andere dat van de zee gesegt is, ook
#Text=dit oordeelt sonder eenige bestieringe dus te geschieden; en dat al het geene wat tot
#Text=dese groote Circulatie tegenwoordigh dient, sonder eenigh beoogt voornemen, dit
#Text=soo bequame samen-stel gekregen heeft.
10-1	1359-1361	Ik	
10-2	1362-1367	vrage	
10-3	1368-1370	nu	
10-4	1371-1374	aan	
10-5	1375-1378	een	
10-6	1379-1386	Atheist	
10-7	1386-1387	,	
10-8	1388-1390	of	
10-9	1391-1393	hy	
10-10	1394-1399	boven	
10-11	1400-1402	al	
10-12	1403-1406	het	
10-13	1407-1413	andere	
10-14	1414-1417	dat	
10-15	1418-1421	van	
10-16	1422-1424	de	
10-17	1425-1428	zee	
10-18	1429-1435	gesegt	
10-19	1436-1438	is	
10-20	1438-1439	,	
10-21	1440-1443	ook	
10-22	1444-1447	dit	
10-23	1448-1456	oordeelt	
10-24	1457-1463	sonder	
10-25	1464-1470	eenige	
10-26	1471-1482	bestieringe	
10-27	1483-1486	dus	
10-28	1487-1489	te	
10-29	1490-1500	geschieden	
10-30	1500-1501	;	
10-31	1502-1504	en	
10-32	1505-1508	dat	
10-33	1509-1511	al	
10-34	1512-1515	het	
10-35	1516-1521	geene	
10-36	1522-1525	wat	
10-37	1526-1529	tot	
10-38	1530-1534	dese	
10-39	1535-1541	groote	
10-40	1542-1552	Circulatie	
10-41	1553-1566	tegenwoordigh	
10-42	1567-1572	dient	
10-43	1572-1573	,	
10-44	1574-1580	sonder	
10-45	1581-1587	eenigh	
10-46	1588-1594	beoogt	
10-47	1595-1604	voornemen	
10-48	1604-1605	,	
10-49	1606-1609	dit	
10-50	1610-1613	soo	
10-51	1614-1621	bequame	
10-52	1622-1632	samen-stel	
10-53	1633-1641	gekregen	
10-54	1642-1647	heeft	
10-55	1647-1648	.	

#Text=Waarom droogt de zee door de Sonne niet
#Text=uit?
11-1	1649-1655	Waarom	
11-2	1656-1662	droogt	
11-3	1663-1665	de	
11-4	1666-1669	zee	
11-5	1670-1674	door	
11-6	1675-1677	de	
11-7	1678-1683	Sonne	
11-8	1684-1688	niet	
11-9	1689-1692	uit	
11-10	1692-1693	?	

#Text=waarom vermeerdert sy niet door de rievieren?
12-1	1694-1700	waarom	
12-2	1701-1712	vermeerdert	
12-3	1713-1715	sy	
12-4	1716-1720	niet	
12-5	1721-1725	door	
12-6	1726-1728	de	
12-7	1729-1738	rievieren	
12-8	1738-1739	?	
