#FORMAT=WebAnno TSV 3.3


#Text=10 Surrexit itaque David, et fugit in die illa a facie Saul : et venit ad Achis regem Geth.
#Text=11 Dixeruntque servi Achis ad eum cum vidissent David : Numquid non iste est David rex terræ ?
1-1	2-4	10	
1-2	5-13	Surrexit	
1-3	14-20	itaque	
1-4	21-26	David	
1-5	26-27	,	
1-6	28-30	et	
1-7	31-36	fugit	
1-8	37-39	in	
1-9	40-43	die	
1-10	44-48	illa	
1-11	49-50	a	
1-12	51-56	facie	
1-13	57-61	Saul	
1-14	62-63	:	
1-15	64-66	et	
1-16	67-72	venit	
1-17	73-75	ad	
1-18	76-81	Achis	
1-19	82-87	regem	
1-20	88-92	Geth	
1-21	92-93	.	
1-22	94-96	11	
1-23	97-108	Dixeruntque	
1-24	109-114	servi	
1-25	115-120	Achis	
1-26	121-123	ad	
1-27	124-127	eum	
1-28	128-131	cum	
1-29	132-141	vidissent	
1-30	142-147	David	
1-31	148-149	:	
1-32	150-157	Numquid	
1-33	158-161	non	
1-34	162-166	iste	
1-35	167-170	est	
1-36	171-176	David	
1-37	177-180	rex	
1-38	181-186	terræ	
1-39	187-188	?	

#Text=nonne huic cantabant per choros, dicentes : Percussit Saul mille, et David decem millia ?
2-1	189-194	nonne	
2-2	195-199	huic	
2-3	200-209	cantabant	
2-4	210-213	per	
2-5	214-220	choros	
2-6	220-221	,	
2-7	222-230	dicentes	
2-8	231-232	:	
2-9	233-242	Percussit	
2-10	243-247	Saul	
2-11	248-253	mille	
2-12	253-254	,	
2-13	255-257	et	
2-14	258-263	David	
2-15	264-269	decem	
2-16	270-276	millia	
2-17	277-278	?	

#Text=12 Posuit autem David sermones istos in corde suo, et extimuit valde a facie Achis regis Geth.
#Text=13 Et immutavit os suum coram eis, et collabebatur inter manus eorum : et impingebat in ostia portæ, defluebantque salivæ ejus in barbam.
#Text=14 Et ait Achis ad servos suos : Vidistis hominem insanum : quare adduxistis eum ad me ?
3-1	279-281	12	
3-2	282-288	Posuit	
3-3	289-294	autem	
3-4	295-300	David	
3-5	301-309	sermones	
3-6	310-315	istos	
3-7	316-318	in	
3-8	319-324	corde	
3-9	325-328	suo	
3-10	328-329	,	
3-11	330-332	et	
3-12	333-341	extimuit	
3-13	342-347	valde	
3-14	348-349	a	
3-15	350-355	facie	
3-16	356-361	Achis	
3-17	362-367	regis	
3-18	368-372	Geth	
3-19	372-373	.	
3-20	374-376	13	
3-21	377-379	Et	
3-22	380-389	immutavit	
3-23	390-392	os	
3-24	393-397	suum	
3-25	398-403	coram	
3-26	404-407	eis	
3-27	407-408	,	
3-28	409-411	et	
3-29	412-424	collabebatur	
3-30	425-430	inter	
3-31	431-436	manus	
3-32	437-442	eorum	
3-33	443-444	:	
3-34	445-447	et	
3-35	448-458	impingebat	
3-36	459-461	in	
3-37	462-467	ostia	
3-38	468-473	portæ	
3-39	473-474	,	
3-40	475-488	defluebantque	
3-41	489-495	salivæ	
3-42	496-500	ejus	
3-43	501-503	in	
3-44	504-510	barbam	
3-45	510-511	.	
3-46	512-514	14	
3-47	515-517	Et	
3-48	518-521	ait	
3-49	522-527	Achis	
3-50	528-530	ad	
3-51	531-537	servos	
3-52	538-542	suos	
3-53	543-544	:	
3-54	545-553	Vidistis	
3-55	554-561	hominem	
3-56	562-569	insanum	
3-57	570-571	:	
3-58	572-577	quare	
3-59	578-588	adduxistis	
3-60	589-592	eum	
3-61	593-595	ad	
3-62	596-598	me	
3-63	599-600	?	

#Text=15 an desunt nobis furiosi, quod introduxistis istum, ut fureret me præsente ?
4-1	601-603	15	
4-2	604-606	an	
4-3	607-613	desunt	
4-4	614-619	nobis	
4-5	620-627	furiosi	
4-6	627-628	,	
4-7	629-633	quod	
4-8	634-647	introduxistis	
4-9	648-653	istum	
4-10	653-654	,	
4-11	655-657	ut	
4-12	658-665	fureret	
4-13	666-668	me	
4-14	669-677	præsente	
4-15	678-679	?	

#Text=hiccine ingredietur domum meam ?
5-1	680-687	hiccine	
5-2	688-699	ingredietur	
5-3	700-705	domum	
5-4	706-710	meam	
5-5	711-712	?	

#Text=Caput 22
#Text=
#Text=
#Text=1 Abiit ergo David inde, et fugit in speluncam Odollam.
6-1	713-718	Caput	
6-2	719-721	22	
6-3	724-725	1	
6-4	726-731	Abiit	
6-5	732-736	ergo	
6-6	737-742	David	
6-7	743-747	inde	
6-8	747-748	,	
6-9	749-751	et	
6-10	752-757	fugit	
6-11	758-760	in	
6-12	761-770	speluncam	
6-13	771-778	Odollam	
6-14	778-779	.	

#Text=Quod cum audissent fratres ejus, et omnis domus patris ejus, descenderunt ad eum illuc.
#Text=2 Et convenerunt ad eum omnes qui erant in angustia constituti, et oppressi ære alieno, et amaro animo : et factus est eorum princeps, fueruntque cum eo quasi quadringenti viri.
#Text=3 Et profectus est David inde in Maspha, quæ est Moab : et dixit ad regem Moab : Maneat, oro, pater meus et mater mea vobiscum, donec sciam quid faciat mihi Deus.
#Text=4 Et reliquit eos ante faciem regis Moab : manseruntque apud eum cunctis diebus quibus David fuit in præsidio.
#Text=5 Dixitque Gad propheta ad David : Noli manere in præsidio : proficiscere, et vade in terram Juda.
7-1	780-784	Quod	
7-2	785-788	cum	
7-3	789-798	audissent	
7-4	799-806	fratres	
7-5	807-811	ejus	
7-6	811-812	,	
7-7	813-815	et	
7-8	816-821	omnis	
7-9	822-827	domus	
7-10	828-834	patris	
7-11	835-839	ejus	
7-12	839-840	,	
7-13	841-853	descenderunt	
7-14	854-856	ad	
7-15	857-860	eum	
7-16	861-866	illuc	
7-17	866-867	.	
7-18	868-869	2	
7-19	870-872	Et	
7-20	873-884	convenerunt	
7-21	885-887	ad	
7-22	888-891	eum	
7-23	892-897	omnes	
7-24	898-901	qui	
7-25	902-907	erant	
7-26	908-910	in	
7-27	911-919	angustia	
7-28	920-930	constituti	
7-29	930-931	,	
7-30	932-934	et	
7-31	935-943	oppressi	
7-32	944-947	ære	
7-33	948-954	alieno	
7-34	954-955	,	
7-35	956-958	et	
7-36	959-964	amaro	
7-37	965-970	animo	
7-38	971-972	:	
7-39	973-975	et	
7-40	976-982	factus	
7-41	983-986	est	
7-42	987-992	eorum	
7-43	993-1001	princeps	
7-44	1001-1002	,	
7-45	1003-1013	fueruntque	
7-46	1014-1017	cum	
7-47	1018-1020	eo	
7-48	1021-1026	quasi	
7-49	1027-1039	quadringenti	
7-50	1040-1044	viri	
7-51	1044-1045	.	
7-52	1046-1047	3	
7-53	1048-1050	Et	
7-54	1051-1060	profectus	
7-55	1061-1064	est	
7-56	1065-1070	David	
7-57	1071-1075	inde	
7-58	1076-1078	in	
7-59	1079-1085	Maspha	
7-60	1085-1086	,	
7-61	1087-1090	quæ	
7-62	1091-1094	est	
7-63	1095-1099	Moab	
7-64	1100-1101	:	
7-65	1102-1104	et	
7-66	1105-1110	dixit	
7-67	1111-1113	ad	
7-68	1114-1119	regem	
7-69	1120-1124	Moab	
7-70	1125-1126	:	
7-71	1127-1133	Maneat	
7-72	1133-1134	,	
7-73	1135-1138	oro	
7-74	1138-1139	,	
7-75	1140-1145	pater	
7-76	1146-1150	meus	
7-77	1151-1153	et	
7-78	1154-1159	mater	
7-79	1160-1163	mea	
7-80	1164-1172	vobiscum	
7-81	1172-1173	,	
7-82	1174-1179	donec	
7-83	1180-1185	sciam	
7-84	1186-1190	quid	
7-85	1191-1197	faciat	
7-86	1198-1202	mihi	
7-87	1203-1207	Deus	
7-88	1207-1208	.	
7-89	1209-1210	4	
7-90	1211-1213	Et	
7-91	1214-1222	reliquit	
7-92	1223-1226	eos	
7-93	1227-1231	ante	
7-94	1232-1238	faciem	
7-95	1239-1244	regis	
7-96	1245-1249	Moab	
7-97	1250-1251	:	
7-98	1252-1264	manseruntque	
7-99	1265-1269	apud	
7-100	1270-1273	eum	
7-101	1274-1281	cunctis	
7-102	1282-1288	diebus	
7-103	1289-1295	quibus	
7-104	1296-1301	David	
7-105	1302-1306	fuit	
7-106	1307-1309	in	
7-107	1310-1318	præsidio	
7-108	1318-1319	.	
7-109	1320-1321	5	
7-110	1322-1330	Dixitque	
7-111	1331-1334	Gad	
7-112	1335-1343	propheta	
7-113	1344-1346	ad	
7-114	1347-1352	David	
7-115	1353-1354	:	
7-116	1355-1359	Noli	
7-117	1360-1366	manere	
7-118	1367-1369	in	
7-119	1370-1378	præsidio	
7-120	1379-1380	:	
7-121	1381-1393	proficiscere	
7-122	1393-1394	,	
7-123	1395-1397	et	
7-124	1398-1402	vade	
7-125	1403-1405	in	
7-126	1406-1412	terram	
7-127	1413-1417	Juda	
7-128	1417-1418	.	

#Text=Et profectus est David, et venit in saltum Haret.
#Text=6 Et audivit Saul quod apparuisset David, et viri qui erant cum eo.
8-1	1419-1421	Et	
8-2	1422-1431	profectus	
8-3	1432-1435	est	
8-4	1436-1441	David	
8-5	1441-1442	,	
8-6	1443-1445	et	
8-7	1446-1451	venit	
8-8	1452-1454	in	
8-9	1455-1461	saltum	
8-10	1462-1467	Haret	
8-11	1467-1468	.	
8-12	1469-1470	6	
8-13	1471-1473	Et	
8-14	1474-1481	audivit	
8-15	1482-1486	Saul	
8-16	1487-1491	quod	
8-17	1492-1503	apparuisset	
8-18	1504-1509	David	
8-19	1509-1510	,	
8-20	1511-1513	et	
8-21	1514-1518	viri	
8-22	1519-1522	qui	
8-23	1523-1528	erant	
8-24	1529-1532	cum	
8-25	1533-1535	eo	
8-26	1535-1536	.	

#Text=Saul autem cum maneret in Gabaa, et esset in nemore quod est in Rama, hastam manu tenens, cunctique servi ejus circumstarent eum, 7 ait ad servos suos qui assistebant ei : Audite nunc, filii Jemini : numquid omnibus vobis dabit filius Isai agros et vineas, et universos vos faciet tribunos et centuriones ?
9-1	1537-1541	Saul	
9-2	1542-1547	autem	
9-3	1548-1551	cum	
9-4	1552-1559	maneret	
9-5	1560-1562	in	
9-6	1563-1568	Gabaa	
9-7	1568-1569	,	
9-8	1570-1572	et	
9-9	1573-1578	esset	
9-10	1579-1581	in	
9-11	1582-1588	nemore	
9-12	1589-1593	quod	
9-13	1594-1597	est	
9-14	1598-1600	in	
9-15	1601-1605	Rama	
9-16	1605-1606	,	
9-17	1607-1613	hastam	
9-18	1614-1618	manu	
9-19	1619-1625	tenens	
9-20	1625-1626	,	
9-21	1627-1636	cunctique	
9-22	1637-1642	servi	
9-23	1643-1647	ejus	
9-24	1648-1661	circumstarent	
9-25	1662-1665	eum	
9-26	1665-1666	,	
9-27	1667-1668	7	
9-28	1669-1672	ait	
9-29	1673-1675	ad	
9-30	1676-1682	servos	
9-31	1683-1687	suos	
9-32	1688-1691	qui	
9-33	1692-1703	assistebant	
9-34	1704-1706	ei	
9-35	1707-1708	:	
9-36	1709-1715	Audite	
9-37	1716-1720	nunc	
9-38	1720-1721	,	
9-39	1722-1727	filii	
9-40	1728-1734	Jemini	
9-41	1735-1736	:	
9-42	1737-1744	numquid	
9-43	1745-1752	omnibus	
9-44	1753-1758	vobis	
9-45	1759-1764	dabit	
9-46	1765-1771	filius	
9-47	1772-1776	Isai	
9-48	1777-1782	agros	
9-49	1783-1785	et	
9-50	1786-1792	vineas	
9-51	1792-1793	,	
9-52	1794-1796	et	
9-53	1797-1806	universos	
9-54	1807-1810	vos	
9-55	1811-1817	faciet	
9-56	1818-1826	tribunos	
9-57	1827-1829	et	
9-58	1830-1841	centuriones	
9-59	1842-1843	?	

#Text=8 quoniam conjurastis omnes adversum me, et non est qui mihi renuntiet, maxime cum et filius meus fœdus inierit cum filio Isai.
10-1	1844-1845	8	
10-2	1846-1853	quoniam	
10-3	1854-1865	conjurastis	
10-4	1866-1871	omnes	
10-5	1872-1880	adversum	
10-6	1881-1883	me	
10-7	1883-1884	,	
10-8	1885-1887	et	
10-9	1888-1891	non	
10-10	1892-1895	est	
10-11	1896-1899	qui	
10-12	1900-1904	mihi	
10-13	1905-1914	renuntiet	
10-14	1914-1915	,	
10-15	1916-1922	maxime	
10-16	1923-1926	cum	
10-17	1927-1929	et	
10-18	1930-1936	filius	
10-19	1937-1941	meus	
10-20	1942-1947	fœdus	
10-21	1948-1955	inierit	
10-22	1956-1959	cum	
10-23	1960-1965	filio	
10-24	1966-1970	Isai	
10-25	1970-1971	.	

#Text=Non est qui vicem meam doleat ex vobis, nec qui annuntiet mihi : eo quod suscitaverit filius meus servum meum adversum me, insidiantem mihi usque hodie.
#Text=9 Respondens autem Doëg Idumæus, qui assistebat, et erat primus inter servos Saul : Vidi, inquit, filium Isai in Nobe apud Achimelech filium Achitob sacerdotem.
11-1	1972-1975	Non	
11-2	1976-1979	est	
11-3	1980-1983	qui	
11-4	1984-1989	vicem	
11-5	1990-1994	meam	
11-6	1995-2001	doleat	
11-7	2002-2004	ex	
11-8	2005-2010	vobis	
11-9	2010-2011	,	
11-10	2012-2015	nec	
11-11	2016-2019	qui	
11-12	2020-2029	annuntiet	
11-13	2030-2034	mihi	
11-14	2035-2036	:	
11-15	2037-2039	eo	
11-16	2040-2044	quod	
11-17	2045-2057	suscitaverit	
11-18	2058-2064	filius	
11-19	2065-2069	meus	
11-20	2070-2076	servum	
11-21	2077-2081	meum	
11-22	2082-2090	adversum	
11-23	2091-2093	me	
11-24	2093-2094	,	
11-25	2095-2106	insidiantem	
11-26	2107-2111	mihi	
11-27	2112-2117	usque	
11-28	2118-2123	hodie	
11-29	2123-2124	.	
11-30	2125-2126	9	
11-31	2127-2137	Respondens	
11-32	2138-2143	autem	
11-33	2144-2148	Doëg	
11-34	2149-2156	Idumæus	
11-35	2156-2157	,	
11-36	2158-2161	qui	
11-37	2162-2172	assistebat	
11-38	2172-2173	,	
11-39	2174-2176	et	
11-40	2177-2181	erat	
11-41	2182-2188	primus	
11-42	2189-2194	inter	
11-43	2195-2201	servos	
11-44	2202-2206	Saul	
11-45	2207-2208	:	
11-46	2209-2213	Vidi	
11-47	2213-2214	,	
11-48	2215-2221	inquit	
11-49	2221-2222	,	
11-50	2223-2229	filium	
11-51	2230-2234	Isai	
11-52	2235-2237	in	
11-53	2238-2242	Nobe	
11-54	2243-2247	apud	
11-55	2248-2258	Achimelech	
11-56	2259-2265	filium	
11-57	2266-2273	Achitob	
11-58	2274-2284	sacerdotem	
11-59	2284-2285	.	
