#FORMAT=WebAnno TSV 3.3


#Text=Dus noemt men in Polen een zekere zilv’re Munt, ter waarde van dertien
#Text=Stuiver, zes Duiten
#Text=Fransch
#Text=geld.
1-1	2-5	Dus	
1-2	6-11	noemt	
1-3	12-15	men	
1-4	16-18	in	
1-5	19-24	Polen	
1-6	25-28	een	
1-7	29-35	zekere	
1-8	36-40	zilv	
1-9	40-41	’	
1-10	41-43	re	
1-11	44-48	Munt	
1-12	48-49	,	
1-13	50-53	ter	
1-14	54-60	waarde	
1-15	61-64	van	
1-16	65-72	dertien	
1-17	73-80	Stuiver	
1-18	80-81	,	
1-19	82-85	zes	
1-20	86-92	Duiten	
1-21	93-100	Fransch	
1-22	101-105	geld	
1-23	105-106	.	

#Text=Deze Abra is gangbaar te Constantinopelen, en in
#Text=het gansche gebied van den grooten Heer, doende aldaar een vierde van een Asselani,
#Text=of Hollandschen Daalder.
2-1	107-111	Deze	
2-2	112-116	Abra	
2-3	117-119	is	
2-4	120-128	gangbaar	
2-5	129-131	te	
2-6	132-148	Constantinopelen	
2-7	148-149	,	
2-8	150-152	en	
2-9	153-155	in	
2-10	156-159	het	
2-11	160-167	gansche	
2-12	168-174	gebied	
2-13	175-178	van	
2-14	179-182	den	
2-15	183-190	grooten	
2-16	191-195	Heer	
2-17	195-196	,	
2-18	197-203	doende	
2-19	204-210	aldaar	
2-20	211-214	een	
2-21	215-221	vierde	
2-22	222-225	van	
2-23	226-229	een	
2-24	230-238	Asselani	
2-25	238-239	,	
2-26	240-242	of	
2-27	243-255	Hollandschen	
2-28	256-263	Daalder	
2-29	263-264	.	

#Text=abrikoos.
3-1	266-274	abrikoos	
3-2	274-275	.	

#Text=Abrikoozen-boom.
4-1	276-291	Abrikoozen-boom	
4-2	291-292	.	

#Text=Een Boom van eene middelmatige grootte, gelykende
#Text=naar den Perziken-boom.
5-1	293-296	Een	
5-2	297-301	Boom	
5-3	302-305	van	
5-4	306-310	eene	
5-5	311-323	middelmatige	
5-6	324-331	grootte	
5-7	331-332	,	
5-8	333-342	gelykende	
5-9	343-347	naar	
5-10	348-351	den	
5-11	352-365	Perziken-boom	
5-12	365-366	.	

#Text=Zyn stam is wat dikker, de bast wat zwarter;
#Text=zyne takken
#Text=wat verder uitgebreit;
#Text=de bladeren korter en breder, en meer gelykende naar die van
#Text=een Peere-boom.
6-1	367-370	Zyn	
6-2	371-375	stam	
6-3	376-378	is	
6-4	379-382	wat	
6-5	383-389	dikker	
6-6	389-390	,	
6-7	391-393	de	
6-8	394-398	bast	
6-9	399-402	wat	
6-10	403-410	zwarter	
6-11	410-411	;	
6-12	412-416	zyne	
6-13	417-423	takken	
6-14	424-427	wat	
6-15	428-434	verder	
6-16	435-445	uitgebreit	
6-17	445-446	;	
6-18	447-449	de	
6-19	450-458	bladeren	
6-20	459-465	korter	
6-21	466-468	en	
6-22	469-475	breder	
6-23	475-476	,	
6-24	477-479	en	
6-25	480-484	meer	
6-26	485-494	gelykende	
6-27	495-499	naar	
6-28	500-503	die	
6-29	504-507	van	
6-30	508-511	een	
6-31	512-522	Peere-boom	
6-32	522-523	.	

#Text=Zyn bloessem is van eene bleeke Rooze koeleur, waaruit voortkomen
#Text=vleesch-agtige vrugten, gelykende naar de Perziken, behalven dat ze geelagtig aan
#Text=de eene, en roodagtig aan de andere kant zyn, wat geuriger van smaak, met den steen
#Text=vereenigt, en wat plat.
7-1	524-527	Zyn	
7-2	528-536	bloessem	
7-3	537-539	is	
7-4	540-543	van	
7-5	544-548	eene	
7-6	549-555	bleeke	
7-7	556-561	Rooze	
7-8	562-569	koeleur	
7-9	569-570	,	
7-10	571-578	waaruit	
7-11	579-589	voortkomen	
7-12	590-604	vleesch-agtige	
7-13	605-612	vrugten	
7-14	612-613	,	
7-15	614-623	gelykende	
7-16	624-628	naar	
7-17	629-631	de	
7-18	632-640	Perziken	
7-19	640-641	,	
7-20	642-650	behalven	
7-21	651-654	dat	
7-22	655-657	ze	
7-23	658-667	geelagtig	
7-24	668-671	aan	
7-25	672-674	de	
7-26	675-679	eene	
7-27	679-680	,	
7-28	681-683	en	
7-29	684-693	roodagtig	
7-30	694-697	aan	
7-31	698-700	de	
7-32	701-707	andere	
7-33	708-712	kant	
7-34	713-716	zyn	
7-35	716-717	,	
7-36	718-721	wat	
7-37	722-730	geuriger	
7-38	731-734	van	
7-39	735-740	smaak	
7-40	740-741	,	
7-41	742-745	met	
7-42	746-749	den	
7-43	750-755	steen	
7-44	756-765	vereenigt	
7-45	765-766	,	
7-46	767-769	en	
7-47	770-773	wat	
7-48	774-778	plat	
7-49	778-779	.	

#Text=Daar zyn drie zoorten van Abrikoze-boomen.
8-1	780-784	Daar	
8-2	785-788	zyn	
8-3	789-793	drie	
8-4	794-801	zoorten	
8-5	802-805	van	
8-6	806-821	Abrikoze-boomen	
8-7	821-822	.	

#Text=De tweede
#Text=verschilt hierin van de eerste, die zoo even beschreven is, dat de koeleur witagtiger,
#Text=en het pit van den steen of Amandel gansch zoet is.
9-1	823-825	De	
9-2	826-832	tweede	
9-3	833-842	verschilt	
9-4	843-849	hierin	
9-5	850-853	van	
9-6	854-856	de	
9-7	857-863	eerste	
9-8	863-864	,	
9-9	865-868	die	
9-10	869-872	zoo	
9-11	873-877	even	
9-12	878-888	beschreven	
9-13	889-891	is	
9-14	891-892	,	
9-15	893-896	dat	
9-16	897-899	de	
9-17	900-907	koeleur	
9-18	908-918	witagtiger	
9-19	918-919	,	
9-20	920-922	en	
9-21	923-926	het	
9-22	927-930	pit	
9-23	931-934	van	
9-24	935-938	den	
9-25	939-944	steen	
9-26	945-947	of	
9-27	948-955	Amandel	
9-28	956-962	gansch	
9-29	963-967	zoet	
9-30	968-970	is	
9-31	970-971	.	

#Text=Het derde zoort verschilt van de
#Text=twee anderen, dat ze niet genoeg bezorgt wordende, de vrugten veel kleinder, geelder,
#Text=en van een slegter smaak zyn.
10-1	972-975	Het	
10-2	976-981	derde	
10-3	982-987	zoort	
10-4	988-997	verschilt	
10-5	998-1001	van	
10-6	1002-1004	de	
10-7	1005-1009	twee	
10-8	1010-1017	anderen	
10-9	1017-1018	,	
10-10	1019-1022	dat	
10-11	1023-1025	ze	
10-12	1026-1030	niet	
10-13	1031-1037	genoeg	
10-14	1038-1045	bezorgt	
10-15	1046-1054	wordende	
10-16	1054-1055	,	
10-17	1056-1058	de	
10-18	1059-1066	vrugten	
10-19	1067-1071	veel	
10-20	1072-1080	kleinder	
10-21	1080-1081	,	
10-22	1082-1089	geelder	
10-23	1089-1090	,	
10-24	1091-1093	en	
10-25	1094-1097	van	
10-26	1098-1101	een	
10-27	1102-1109	slegter	
10-28	1110-1115	smaak	
10-29	1116-1119	zyn	
10-30	1119-1120	.	

#Text=De Abrikozen zyn hert-sterkenke, goed voor de Borst, en vogt-makende.
11-1	1122-1124	De	
11-2	1125-1134	Abrikozen	
11-3	1135-1138	zyn	
11-4	1139-1153	hert-sterkenke	
11-5	1153-1154	,	
11-6	1155-1159	goed	
11-7	1160-1164	voor	
11-8	1165-1167	de	
11-9	1168-1173	Borst	
11-10	1173-1174	,	
11-11	1175-1177	en	
11-12	1178-1190	vogt-makende	
11-13	1190-1191	.	

#Text=Zy doen de
#Text=fluimen opkomen, en herstellen de Kragten.
12-1	1192-1194	Zy	
12-2	1195-1199	doen	
12-3	1200-1202	de	
12-4	1203-1210	fluimen	
12-5	1211-1218	opkomen	
12-6	1218-1219	,	
12-7	1220-1222	en	
12-8	1223-1233	herstellen	
12-9	1234-1236	de	
12-10	1237-1244	Kragten	
12-11	1244-1245	.	

#Text=Haar pit heeft een olie, die daaruit word
#Text=geperst, gelyk uit de amandelen.
13-1	1246-1250	Haar	
13-2	1251-1254	pit	
13-3	1255-1260	heeft	
13-4	1261-1264	een	
13-5	1265-1269	olie	
13-6	1269-1270	,	
13-7	1271-1274	die	
13-8	1275-1282	daaruit	
13-9	1283-1287	word	
13-10	1288-1295	geperst	
13-11	1295-1296	,	
13-12	1297-1302	gelyk	
13-13	1303-1306	uit	
13-14	1307-1309	de	
13-15	1310-1319	amandelen	
13-16	1319-1320	.	

#Text=Ze is dienstig voor ’t bruissen der Ooren en Doofheit,
#Text=en verzagt de Pyn van de Spêen (of Aambeyen.)
14-1	1321-1323	Ze	
14-2	1324-1326	is	
14-3	1327-1335	dienstig	
14-4	1336-1340	voor	
14-5	1341-1342	’	
14-6	1342-1343	t	
14-7	1344-1352	bruissen	
14-8	1353-1356	der	
14-9	1357-1362	Ooren	
14-10	1363-1365	en	
14-11	1366-1374	Doofheit	
14-12	1374-1375	,	
14-13	1376-1378	en	
14-14	1379-1386	verzagt	
14-15	1387-1389	de	
14-16	1390-1393	Pyn	
14-17	1394-1397	van	
14-18	1398-1400	de	
14-19	1401-1406	Spêen	
14-20	1407-1408	(	
14-21	1408-1410	of	
14-22	1411-1419	Aambeyen	
14-23	1419-1420	.	
14-24	1420-1421	)	

#Text=Om eenen Abrikozen-boom te krygen moet men en Scheut nemen die binnen ’t jaar
#Text=grifjes of spruitjes heeft geschoten, en hem op een’ Pruimen-Amandel, of op een
#Text=Perzike-Steen zetten, het zy in ’t voor-jaar, omtrent S.
15-1	1424-1426	Om	
15-2	1427-1432	eenen	
15-3	1433-1447	Abrikozen-boom	
15-4	1448-1450	te	
15-5	1451-1457	krygen	
15-6	1458-1462	moet	
15-7	1463-1466	men	
15-8	1467-1469	en	
15-9	1470-1476	Scheut	
15-10	1477-1482	nemen	
15-11	1483-1486	die	
15-12	1487-1493	binnen	
15-13	1494-1495	’	
15-14	1495-1496	t	
15-15	1497-1501	jaar	
15-16	1502-1509	grifjes	
15-17	1510-1512	of	
15-18	1513-1522	spruitjes	
15-19	1523-1528	heeft	
15-20	1529-1538	geschoten	
15-21	1538-1539	,	
15-22	1540-1542	en	
15-23	1543-1546	hem	
15-24	1547-1549	op	
15-25	1550-1553	een	
15-26	1553-1554	’	
15-27	1555-1570	Pruimen-Amandel	
15-28	1570-1571	,	
15-29	1572-1574	of	
15-30	1575-1577	op	
15-31	1578-1581	een	
15-32	1582-1595	Perzike-Steen	
15-33	1596-1602	zetten	
15-34	1602-1603	,	
15-35	1604-1607	het	
15-36	1608-1610	zy	
15-37	1611-1613	in	
15-38	1614-1615	’	
15-39	1615-1616	t	
15-40	1617-1626	voor-jaar	
15-41	1626-1627	,	
15-42	1628-1635	omtrent	
15-43	1636-1637	S	
15-44	1637-1638	.	

#Text=Jan, of in ’t na-jaar, als de
16-1	1639-1642	Jan	
16-2	1642-1643	,	
16-3	1644-1646	of	
16-4	1647-1649	in	
16-5	1650-1651	’	
16-6	1651-1652	t	
16-7	1653-1660	na-jaar	
16-8	1660-1661	,	
16-9	1662-1665	als	
16-10	1666-1668	de	
