#FORMAT=WebAnno TSV 3.3
#T_SP=custom.Span|label
#T_RL=custom.Relation|label|BT_custom.Span


#Text=Aroma iſt überhaupt ſehr empfindlich und geht häufig auch dadurch
#Text=verloren, daß der gebrannte Kaffee Gerüche aus ſeiner Umgebung
#Text=anzieht, weshalb er in hermetiſch ſchließenden Büchſen aufbewahrt
#Text=
#Text=werden muß.
1-1	3-8	Aroma	Smell\_Word	*	1-11	
1-2	9-12	iſt	_	_	_	
1-3	13-22	überhaupt	_	_	_	
1-4	23-27	ſehr	Quality	_	_	
1-5	28-39	empfindlich	Quality	*	1-4	
1-6	40-43	und	_	_	_	
1-7	44-48	geht	_	_	_	
1-8	49-55	häufig	_	_	_	
1-9	56-60	auch	_	_	_	
1-10	61-68	dadurch	_	_	_	
1-11	69-77	verloren	Circumstances	_	_	
1-12	77-78	,	_	_	_	
1-13	79-82	daß	_	_	_	
1-14	83-86	der	_	_	_	
1-15	87-96	gebrannte	Circumstances	_	_	
1-16	97-103	Kaffee	Smell\_Source	_	_	
1-17	104-111	Gerüche	Smell\_Word	_	_	
1-18	112-115	aus	_	_	_	
1-19	116-122	ſeiner	_	_	_	
1-20	123-131	Umgebung	_	_	_	
1-21	132-139	anzieht	_	_	_	
1-22	139-140	,	_	_	_	
1-23	141-148	weshalb	_	_	_	
1-24	149-151	er	_	_	_	
1-25	152-154	in	_	_	_	
1-26	155-165	hermetiſch	_	_	_	
1-27	166-178	ſchließenden	_	_	_	
1-28	179-186	Büchſen	_	_	_	
1-29	187-197	aufbewahrt	_	_	_	
1-30	199-205	werden	_	_	_	
1-31	206-209	muß	_	_	_	
1-32	209-210	.	_	_	_	

#Text=Der nach dem Brennen möglichſt fein gemahlene Kaffee darf nicht
#Text=gekocht, ſondern nur aufgebrüht werden, weil durch das Kochen ſein
#Text=ätheriſches Öl vollſtändig verflüchtigt wird.
2-1	214-217	Der	_	_	_	
2-2	218-222	nach	_	_	_	
2-3	223-226	dem	_	_	_	
2-4	227-234	Brennen	_	_	_	
2-5	235-244	möglichſt	_	_	_	
2-6	245-249	fein	_	_	_	
2-7	250-259	gemahlene	_	_	_	
2-8	260-266	Kaffee	_	_	_	
2-9	267-271	darf	_	_	_	
2-10	272-277	nicht	_	_	_	
2-11	278-285	gekocht	_	_	_	
2-12	285-286	,	_	_	_	
2-13	287-294	ſondern	_	_	_	
2-14	295-298	nur	_	_	_	
2-15	299-309	aufgebrüht	_	_	_	
2-16	310-316	werden	_	_	_	
2-17	316-317	,	_	_	_	
2-18	318-322	weil	_	_	_	
2-19	323-328	durch	_	_	_	
2-20	329-332	das	_	_	_	
2-21	333-339	Kochen	_	_	_	
2-22	340-344	ſein	_	_	_	
2-23	345-356	ätheriſches	_	_	_	
2-24	357-359	Öl	_	_	_	
2-25	360-371	vollſtändig	_	_	_	
2-26	372-384	verflüchtigt	_	_	_	
2-27	385-389	wird	_	_	_	
2-28	389-390	.	_	_	_	

#Text=Andererſeits muß aber
#Text=auch das Aufbrühen mit großer Sorgfalt ausgeführt werden, wenn alle
#Text=extrahierbaren Beſtandteile auch wirklich ausgezogen werden ſollen.
3-1	391-403	Andererſeits	_	_	_	
3-2	404-407	muß	_	_	_	
3-3	408-412	aber	_	_	_	
3-4	413-417	auch	_	_	_	
3-5	418-421	das	_	_	_	
3-6	422-431	Aufbrühen	_	_	_	
3-7	432-435	mit	_	_	_	
3-8	436-442	großer	_	_	_	
3-9	443-451	Sorgfalt	_	_	_	
3-10	452-462	ausgeführt	_	_	_	
3-11	463-469	werden	_	_	_	
3-12	469-470	,	_	_	_	
3-13	471-475	wenn	_	_	_	
3-14	476-480	alle	_	_	_	
3-15	481-495	extrahierbaren	_	_	_	
3-16	496-508	Beſtandteile	_	_	_	
3-17	509-513	auch	_	_	_	
3-18	514-522	wirklich	_	_	_	
3-19	523-533	ausgezogen	_	_	_	
3-20	534-540	werden	_	_	_	
3-21	541-547	ſollen	_	_	_	
3-22	547-548	.	_	_	_	

#Text=Hierbei darf nicht unerwähnt bleiben, daß die nahrhaften Eiweißſtoffe,
#Text=von denen der Kaffee ca. 13 % enthält, in heißem Waſſer unlöslich
#Text=ſind und ſomit für uns verloren gehen.
4-1	550-557	Hierbei	_	_	_	
4-2	558-562	darf	_	_	_	
4-3	563-568	nicht	_	_	_	
4-4	569-578	unerwähnt	_	_	_	
4-5	579-586	bleiben	_	_	_	
4-6	586-587	,	_	_	_	
4-7	588-591	daß	_	_	_	
4-8	592-595	die	_	_	_	
4-9	596-606	nahrhaften	_	_	_	
4-10	607-619	Eiweißſtoffe	_	_	_	
4-11	619-620	,	_	_	_	
4-12	621-624	von	_	_	_	
4-13	625-630	denen	_	_	_	
4-14	631-634	der	_	_	_	
4-15	635-641	Kaffee	_	_	_	
4-16	642-644	ca	_	_	_	
4-17	644-645	.	_	_	_	
4-18	646-648	13	_	_	_	
4-19	649-650	%	_	_	_	
4-20	651-658	enthält	_	_	_	
4-21	658-659	,	_	_	_	
4-22	660-662	in	_	_	_	
4-23	663-669	heißem	_	_	_	
4-24	670-676	Waſſer	_	_	_	
4-25	677-686	unlöslich	_	_	_	
4-26	687-691	ſind	_	_	_	
4-27	692-695	und	_	_	_	
4-28	696-701	ſomit	_	_	_	
4-29	702-705	für	_	_	_	
4-30	706-709	uns	_	_	_	
4-31	710-718	verloren	_	_	_	
4-32	719-724	gehen	_	_	_	
4-33	724-725	.	_	_	_	

#Text=Einige Arten Waſſer, wie
#Text=z.
5-1	726-732	Einige	_	_	_	
5-2	733-738	Arten	_	_	_	
5-3	739-745	Waſſer	_	_	_	
5-4	745-746	,	_	_	_	
5-5	747-750	wie	_	_	_	
5-6	751-752	z	_	_	_	
5-7	752-753	.	_	_	_	

#Text=B. die von Prag und Karlsbad, liefern unleugbar einen ſtärkeren
#Text=
#Text=\f
#Text=[525/0543
#Text=]
#Text=
#Text=
#Text=Der Kaffee.
6-1	754-755	B	_	_	_	
6-2	755-756	.	_	_	_	
6-3	757-760	die	_	_	_	
6-4	761-764	von	_	_	_	
6-5	765-769	Prag	_	_	_	
6-6	770-773	und	_	_	_	
6-7	774-782	Karlsbad	_	_	_	
6-8	782-783	,	_	_	_	
6-9	784-791	liefern	_	_	_	
6-10	792-801	unleugbar	_	_	_	
6-11	802-807	einen	_	_	_	
6-12	808-817	ſtärkeren	_	_	_	
6-13	821-822	[	_	_	_	
6-14	822-825	525	_	_	_	
6-15	825-826	/	_	_	_	
6-16	826-830	0543	_	_	_	
6-17	831-832	]	_	_	_	
6-18	835-838	Der	_	_	_	
6-19	839-845	Kaffee	_	_	_	
6-20	845-846	.	_	_	_	

#Text=und wohlriechenderen Kaffee,
#Text=als manches andere Waſſer, und einige
#Text=Chemiker ſchreiben dieſe Wirkung dem Gehalte des betreffenden Waſſers
#Text=an alkaliſchen Stoffen zu.
7-1	850-853	und	_	_	_	
7-2	854-870	wohlriechenderen	Smell\_Word	_	_	
7-3	871-877	Kaffee	Smell\_Source	_	_	
7-4	877-878	,	_	_	_	
7-5	879-882	als	_	_	_	
7-6	883-890	manches	_	_	_	
7-7	891-897	andere	_	_	_	
7-8	898-904	Waſſer	_	_	_	
7-9	904-905	,	_	_	_	
7-10	906-909	und	_	_	_	
7-11	910-916	einige	_	_	_	
7-12	917-925	Chemiker	_	_	_	
7-13	926-935	ſchreiben	_	_	_	
7-14	936-941	dieſe	_	_	_	
7-15	942-949	Wirkung	_	_	_	
7-16	950-953	dem	_	_	_	
7-17	954-961	Gehalte	_	_	_	
7-18	962-965	des	_	_	_	
7-19	966-978	betreffenden	_	_	_	
7-20	979-986	Waſſers	_	_	_	
7-21	987-989	an	_	_	_	
7-22	990-1001	alkaliſchen	_	_	_	
7-23	1002-1009	Stoffen	_	_	_	
7-24	1010-1012	zu	_	_	_	
7-25	1012-1013	.	_	_	_	

#Text=Dieſe Anſicht hat dazu geführt, dem un-
#Text=geeigneteren Waſſer geringe Mengen Soda zuzuſetzen und werden
#Text=2,4 gr kalcinierte Soda oder 5 gr kryſtalliſierte Soda für die Waſſer-
#Text=menge empfohlen, welche zu einem Pfund Kaffee verwendet wird.
8-1	1014-1019	Dieſe	_	_	_	
8-2	1020-1027	Anſicht	_	_	_	
8-3	1028-1031	hat	_	_	_	
8-4	1032-1036	dazu	_	_	_	
8-5	1037-1044	geführt	_	_	_	
8-6	1044-1045	,	_	_	_	
8-7	1046-1049	dem	_	_	_	
8-8	1050-1052	un	_	_	_	
8-9	1052-1053	-	_	_	_	
8-10	1054-1066	geeigneteren	_	_	_	
8-11	1067-1073	Waſſer	_	_	_	
8-12	1074-1081	geringe	_	_	_	
8-13	1082-1088	Mengen	_	_	_	
8-14	1089-1093	Soda	_	_	_	
8-15	1094-1104	zuzuſetzen	_	_	_	
8-16	1105-1108	und	_	_	_	
8-17	1109-1115	werden	_	_	_	
8-18	1116-1119	2,4	_	_	_	
8-19	1120-1122	gr	_	_	_	
8-20	1123-1134	kalcinierte	_	_	_	
8-21	1135-1139	Soda	_	_	_	
8-22	1140-1144	oder	_	_	_	
8-23	1145-1146	5	_	_	_	
8-24	1147-1149	gr	_	_	_	
8-25	1150-1165	kryſtalliſierte	_	_	_	
8-26	1166-1170	Soda	_	_	_	
8-27	1171-1174	für	_	_	_	
8-28	1175-1178	die	_	_	_	
8-29	1179-1185	Waſſer	_	_	_	
8-30	1185-1186	-	_	_	_	
8-31	1187-1192	menge	_	_	_	
8-32	1193-1202	empfohlen	_	_	_	
8-33	1202-1203	,	_	_	_	
8-34	1204-1210	welche	_	_	_	
8-35	1211-1213	zu	_	_	_	
8-36	1214-1219	einem	_	_	_	
8-37	1220-1225	Pfund	_	_	_	
8-38	1226-1232	Kaffee	_	_	_	
8-39	1233-1242	verwendet	_	_	_	
8-40	1243-1247	wird	_	_	_	
8-41	1247-1248	.	_	_	_	

#Text=In neuerer Zeit ſind zahlreiche Verſuche gemacht worden, dem Kaffee
#Text=eine kompendiöſere Form zu geben, um ihn ſo für weite Seereiſen ꝛc.
#Text=in
#Text=zum Gebrauche fertigem Zuſtande gegen die äußeren Einflüſſe wider-
#Text=ſtandsfähig zu machen.
9-1	1252-1254	In	_	_	_	
9-2	1255-1262	neuerer	_	_	_	
9-3	1263-1267	Zeit	_	_	_	
9-4	1268-1272	ſind	_	_	_	
9-5	1273-1283	zahlreiche	_	_	_	
9-6	1284-1292	Verſuche	_	_	_	
9-7	1293-1300	gemacht	_	_	_	
9-8	1301-1307	worden	_	_	_	
9-9	1307-1308	,	_	_	_	
9-10	1309-1312	dem	_	_	_	
9-11	1313-1319	Kaffee	_	_	_	
9-12	1320-1324	eine	_	_	_	
9-13	1325-1338	kompendiöſere	_	_	_	
9-14	1339-1343	Form	_	_	_	
9-15	1344-1346	zu	_	_	_	
9-16	1347-1352	geben	_	_	_	
9-17	1352-1353	,	_	_	_	
9-18	1354-1356	um	_	_	_	
9-19	1357-1360	ihn	_	_	_	
9-20	1361-1363	ſo	_	_	_	
9-21	1364-1367	für	_	_	_	
9-22	1368-1373	weite	_	_	_	
9-23	1374-1383	Seereiſen	_	_	_	
9-24	1384-1386	ꝛc	_	_	_	
9-25	1386-1387	.	_	_	_	
9-26	1388-1390	in	_	_	_	
9-27	1391-1394	zum	_	_	_	
9-28	1395-1404	Gebrauche	_	_	_	
9-29	1405-1413	fertigem	_	_	_	
9-30	1414-1422	Zuſtande	_	_	_	
9-31	1423-1428	gegen	_	_	_	
9-32	1429-1432	die	_	_	_	
9-33	1433-1440	äußeren	_	_	_	
9-34	1441-1450	Einflüſſe	_	_	_	
9-35	1451-1456	wider	_	_	_	
9-36	1456-1457	-	_	_	_	
9-37	1458-1469	ſtandsfähig	_	_	_	
9-38	1470-1472	zu	_	_	_	
9-39	1473-1479	machen	_	_	_	
9-40	1479-1480	.	_	_	_	

#Text=So wird z.
10-1	1481-1483	So	_	_	_	
10-2	1484-1488	wird	_	_	_	
10-3	1489-1490	z	_	_	_	
10-4	1490-1491	.	_	_	_	

#Text=B. gemahlener Kaffee unter
#Text=ſtarkem Druck auf ⅓ ſeines urſprünglichen Volumens gepreßt und
#Text=wohlverpackt in Geſtalt kleiner Tafeln für Seereiſen empfohlen.
11-1	1492-1493	B	_	_	_	
11-2	1493-1494	.	_	_	_	
11-3	1495-1505	gemahlener	_	_	_	
11-4	1506-1512	Kaffee	_	_	_	
11-5	1513-1518	unter	_	_	_	
11-6	1519-1526	ſtarkem	_	_	_	
11-7	1527-1532	Druck	_	_	_	
11-8	1533-1536	auf	_	_	_	
11-9	1537-1538	⅓	_	_	_	
11-10	1539-1545	ſeines	_	_	_	
11-11	1546-1560	urſprünglichen	_	_	_	
11-12	1561-1569	Volumens	_	_	_	
11-13	1570-1577	gepreßt	_	_	_	
11-14	1578-1581	und	_	_	_	
11-15	1582-1594	wohlverpackt	_	_	_	
11-16	1595-1597	in	_	_	_	
11-17	1598-1605	Geſtalt	_	_	_	
11-18	1606-1613	kleiner	_	_	_	
11-19	1614-1620	Tafeln	_	_	_	
11-20	1621-1624	für	_	_	_	
11-21	1625-1634	Seereiſen	_	_	_	
11-22	1635-1644	empfohlen	_	_	_	
11-23	1644-1645	.	_	_	_	

#Text=Bei
#Text=einer anderen Komprimierungsmethode wird der gebrannte Kaffee vor
#Text=dem Preſſen mit ſeinem Öl, 1 % doppeltkohlenſaurem Natron und bis-
#Text=weilen auch mit Zucker gemiſcht.
12-1	1646-1649	Bei	_	_	_	
12-2	1650-1655	einer	_	_	_	
12-3	1656-1663	anderen	_	_	_	
12-4	1664-1685	Komprimierungsmethode	_	_	_	
12-5	1686-1690	wird	_	_	_	
12-6	1691-1694	der	_	_	_	
12-7	1695-1704	gebrannte	_	_	_	
12-8	1705-1711	Kaffee	_	_	_	
12-9	1712-1715	vor	_	_	_	
12-10	1716-1719	dem	_	_	_	
12-11	1720-1727	Preſſen	_	_	_	
12-12	1728-1731	mit	_	_	_	
12-13	1732-1738	ſeinem	_	_	_	
12-14	1739-1741	Öl	_	_	_	
12-15	1741-1742	,	_	_	_	
12-16	1743-1744	1	_	_	_	
12-17	1745-1746	%	_	_	_	
12-18	1747-1766	doppeltkohlenſaurem	_	_	_	
12-19	1767-1773	Natron	_	_	_	
12-20	1774-1777	und	_	_	_	
12-21	1778-1781	bis	_	_	_	
12-22	1781-1782	-	_	_	_	
12-23	1783-1789	weilen	_	_	_	
12-24	1790-1794	auch	_	_	_	
12-25	1795-1798	mit	_	_	_	
12-26	1799-1805	Zucker	_	_	_	
12-27	1806-1814	gemiſcht	_	_	_	
12-28	1814-1815	.	_	_	_	

#Text=Auch flüſſige Kaffeeextrakte ſind
#Text=neuerdings dargeſtellt und werden erzeugt, indem aus dem geröſteten
#Text=und gemahlenen Kaffee durch kaltes Waſſer das Kaffeïn und die
#Text=flüchtigen Öle ausgezogen werden.
13-1	1816-1820	Auch	_	_	_	
13-2	1821-1829	flüſſige	_	_	_	
13-3	1830-1844	Kaffeeextrakte	_	_	_	
13-4	1845-1849	ſind	_	_	_	
13-5	1850-1860	neuerdings	_	_	_	
13-6	1861-1872	dargeſtellt	_	_	_	
13-7	1873-1876	und	_	_	_	
13-8	1877-1883	werden	_	_	_	
13-9	1884-1891	erzeugt	_	_	_	
13-10	1891-1892	,	_	_	_	
13-11	1893-1898	indem	_	_	_	
13-12	1899-1902	aus	_	_	_	
13-13	1903-1906	dem	_	_	_	
13-14	1907-1917	geröſteten	_	_	_	
13-15	1918-1921	und	_	_	_	
13-16	1922-1932	gemahlenen	_	_	_	
13-17	1933-1939	Kaffee	_	_	_	
13-18	1940-1945	durch	_	_	_	
13-19	1946-1952	kaltes	_	_	_	
13-20	1953-1959	Waſſer	_	_	_	
13-21	1960-1963	das	_	_	_	
13-22	1964-1971	Kaffeïn	_	_	_	
13-23	1972-1975	und	_	_	_	
13-24	1976-1979	die	_	_	_	
13-25	1980-1990	flüchtigen	_	_	_	
13-26	1991-1994	Öle	_	_	_	
13-27	1995-2005	ausgezogen	_	_	_	
13-28	2006-2012	werden	_	_	_	
13-29	2012-2013	.	_	_	_	

#Text=Dieſer Extrakt wird dann mit
#Text=einem anderen Auszug gemiſcht, der behufs Gewinnung der Bitterſtoffe
#Text=durch Auskochen des Rückſtandes erhalten wurde.
14-1	2014-2020	Dieſer	_	_	_	
14-2	2021-2028	Extrakt	_	_	_	
14-3	2029-2033	wird	_	_	_	
14-4	2034-2038	dann	_	_	_	
14-5	2039-2042	mit	_	_	_	
14-6	2043-2048	einem	_	_	_	
14-7	2049-2056	anderen	_	_	_	
14-8	2057-2063	Auszug	_	_	_	
14-9	2064-2072	gemiſcht	_	_	_	
14-10	2072-2073	,	_	_	_	
14-11	2074-2077	der	_	_	_	
14-12	2078-2084	behufs	_	_	_	
14-13	2085-2094	Gewinnung	_	_	_	
14-14	2095-2098	der	_	_	_	
14-15	2099-2111	Bitterſtoffe	_	_	_	
14-16	2112-2117	durch	_	_	_	
14-17	2118-2127	Auskochen	_	_	_	
14-18	2128-2131	des	_	_	_	
14-19	2132-2143	Rückſtandes	_	_	_	
14-20	2144-2152	erhalten	_	_	_	
14-21	2153-2158	wurde	_	_	_	
14-22	2158-2159	.	_	_	_	
