#FORMAT=WebAnno TSV 3.3


#Text=46 Omnes qui recensiti sunt de Levitis, et quos recenseri fecit ad nomen Moyses et Aaron, et principes Israël per cognationes et domos patrum suorum, 47 a triginta annis et supra, usque ad annum quinquagesimum, ingredientes ad ministerium tabernaculi, et onera portanda, 48 fuerunt simul octo millia quingenti octoginta.
#Text=49 Juxta verbum Domini recensuit eos Moyses, unumquemque juxta officium et onera sua, sicut præceperat ei Dominus.
1-1	2-4	46	
1-2	5-10	Omnes	
1-3	11-14	qui	
1-4	15-24	recensiti	
1-5	25-29	sunt	
1-6	30-32	de	
1-7	33-40	Levitis	
1-8	40-41	,	
1-9	42-44	et	
1-10	45-49	quos	
1-11	50-59	recenseri	
1-12	60-65	fecit	
1-13	66-68	ad	
1-14	69-74	nomen	
1-15	75-81	Moyses	
1-16	82-84	et	
1-17	85-90	Aaron	
1-18	90-91	,	
1-19	92-94	et	
1-20	95-104	principes	
1-21	105-111	Israël	
1-22	112-115	per	
1-23	116-127	cognationes	
1-24	128-130	et	
1-25	131-136	domos	
1-26	137-143	patrum	
1-27	144-150	suorum	
1-28	150-151	,	
1-29	152-154	47	
1-30	155-156	a	
1-31	157-165	triginta	
1-32	166-171	annis	
1-33	172-174	et	
1-34	175-180	supra	
1-35	180-181	,	
1-36	182-187	usque	
1-37	188-190	ad	
1-38	191-196	annum	
1-39	197-211	quinquagesimum	
1-40	211-212	,	
1-41	213-225	ingredientes	
1-42	226-228	ad	
1-43	229-240	ministerium	
1-44	241-252	tabernaculi	
1-45	252-253	,	
1-46	254-256	et	
1-47	257-262	onera	
1-48	263-271	portanda	
1-49	271-272	,	
1-50	273-275	48	
1-51	276-283	fuerunt	
1-52	284-289	simul	
1-53	290-294	octo	
1-54	295-301	millia	
1-55	302-311	quingenti	
1-56	312-321	octoginta	
1-57	321-322	.	
1-58	323-325	49	
1-59	326-331	Juxta	
1-60	332-338	verbum	
1-61	339-345	Domini	
1-62	346-355	recensuit	
1-63	356-359	eos	
1-64	360-366	Moyses	
1-65	366-367	,	
1-66	368-379	unumquemque	
1-67	380-385	juxta	
1-68	386-394	officium	
1-69	395-397	et	
1-70	398-403	onera	
1-71	404-407	sua	
1-72	407-408	,	
1-73	409-414	sicut	
1-74	415-425	præceperat	
1-75	426-428	ei	
1-76	429-436	Dominus	
1-77	436-437	.	

#Text=Caput 5
#Text=
#Text=
#Text=1 Locutusque est Dominus ad Moysen, dicens : 2 Præcipe filiis Israël, ut ejiciant de castris omnem leprosum, et qui semine fluit, pollutusque est super mortuo : 3 tam masculum quam feminam ejicite de castris, ne contaminent ea cum habitaverint vobiscum.
#Text=4 Feceruntque ita filii Israël, et ejecerunt eos extra castra, sicut locutus erat Dominus Moysi.
#Text=5 Locutusque est Dominus ad Moysen, dicens : 6 Loquere ad filios Israël : Vir, sive mulier, cum fecerint ex omnibus peccatis, quæ solent hominibus accidere, et per negligentiam transgressi fuerint mandatum Domini, atque deliquerint, 7 confitebuntur peccatum suum, et reddent ipsum caput, quintamque partem desuper, ei in quem peccaverint.
#Text=8 Sin autem non fuerit qui recipiat, dabunt Domino, et erit sacerdotis, excepto ariete, qui offertur pro expiatione, ut sit placabilis hostia.
#Text=9 Omnes quoque primitiæ, quas offerunt filii Israël, ad sacerdotem pertinent : 10 et quidquid in sanctuarium offertur a singulis, et traditur manibus sacerdotis, ipsius erit.
#Text=11 Locutusque est Dominus ad Moysen, dicens : 12 Loquere ad filios Israël, et dices ad eos : Vir cujus uxor erraverit, maritumque contemnens 13 dormierit cum altero viro, et hoc maritus deprehendere non quiverit, sed latet adulterium, et testibus argui non potest, quia non est inventa in stupro : 14 si spiritus zelotypiæ concitaverit virum contra uxorem suam, quæ vel polluta est, vel falsa suspicione appetitur : 15 adducet eam ad sacerdotem, et offeret oblationem pro illa, decimam partem sati farinæ hordeaceæ : non fundet super eam oleum, nec imponet thus : quia sacrificium zelotypiæ est, et oblatio investigans adulterium.
#Text=16 Offeret igitur eam sacerdos, et statuet coram Domino, 17 assumetque aquam sanctam in vase fictili, et pauxillum terræ de pavimento tabernaculi mittet in eam.
#Text=18 Cumque steterit mulier in conspectu Domini, discooperiet caput ejus, et ponet super manus illius sacrificium recordationis, et oblationem zelotypiæ : ipse autem tenebit aquas amarissimas, in quibus cum execratione maledicta congessit.
#Text=19 Adjurabitque eam, et dicet : Si non dormivit vir alienus tecum, et si non polluta es deserto mariti thoro, non te nocebunt aquæ istæ amarissimæ, in quas maledicta congessi.
#Text=20 Sin autem declinasti a viro tuo, atque polluta es, et concubuisti cum altero viro : 21 his maledictionibus subjacebis : det te Dominus in maledictionem, exemplumque cunctorum in populo suo : putrescere faciat femur tuum, et tumens uterus tuus disrumpatur.
#Text=22 Ingrediantur aquæ maledictæ in ventrem tuum, et utero tumescente putrescat femur.
2-1	438-443	Caput	
2-2	444-445	5	
2-3	448-449	1	
2-4	450-460	Locutusque	
2-5	461-464	est	
2-6	465-472	Dominus	
2-7	473-475	ad	
2-8	476-482	Moysen	
2-9	482-483	,	
2-10	484-490	dicens	
2-11	491-492	:	
2-12	493-494	2	
2-13	495-502	Præcipe	
2-14	503-509	filiis	
2-15	510-516	Israël	
2-16	516-517	,	
2-17	518-520	ut	
2-18	521-529	ejiciant	
2-19	530-532	de	
2-20	533-540	castris	
2-21	541-546	omnem	
2-22	547-555	leprosum	
2-23	555-556	,	
2-24	557-559	et	
2-25	560-563	qui	
2-26	564-570	semine	
2-27	571-576	fluit	
2-28	576-577	,	
2-29	578-589	pollutusque	
2-30	590-593	est	
2-31	594-599	super	
2-32	600-606	mortuo	
2-33	607-608	:	
2-34	609-610	3	
2-35	611-614	tam	
2-36	615-623	masculum	
2-37	624-628	quam	
2-38	629-636	feminam	
2-39	637-644	ejicite	
2-40	645-647	de	
2-41	648-655	castris	
2-42	655-656	,	
2-43	657-659	ne	
2-44	660-671	contaminent	
2-45	672-674	ea	
2-46	675-678	cum	
2-47	679-691	habitaverint	
2-48	692-700	vobiscum	
2-49	700-701	.	
2-50	702-703	4	
2-51	704-715	Feceruntque	
2-52	716-719	ita	
2-53	720-725	filii	
2-54	726-732	Israël	
2-55	732-733	,	
2-56	734-736	et	
2-57	737-746	ejecerunt	
2-58	747-750	eos	
2-59	751-756	extra	
2-60	757-763	castra	
2-61	763-764	,	
2-62	765-770	sicut	
2-63	771-778	locutus	
2-64	779-783	erat	
2-65	784-791	Dominus	
2-66	792-797	Moysi	
2-67	797-798	.	
2-68	799-800	5	
2-69	801-811	Locutusque	
2-70	812-815	est	
2-71	816-823	Dominus	
2-72	824-826	ad	
2-73	827-833	Moysen	
2-74	833-834	,	
2-75	835-841	dicens	
2-76	842-843	:	
2-77	844-845	6	
2-78	846-853	Loquere	
2-79	854-856	ad	
2-80	857-863	filios	
2-81	864-870	Israël	
2-82	871-872	:	
2-83	873-876	Vir	
2-84	876-877	,	
2-85	878-882	sive	
2-86	883-889	mulier	
2-87	889-890	,	
2-88	891-894	cum	
2-89	895-903	fecerint	
2-90	904-906	ex	
2-91	907-914	omnibus	
2-92	915-923	peccatis	
2-93	923-924	,	
2-94	925-928	quæ	
2-95	929-935	solent	
2-96	936-945	hominibus	
2-97	946-954	accidere	
2-98	954-955	,	
2-99	956-958	et	
2-100	959-962	per	
2-101	963-975	negligentiam	
2-102	976-987	transgressi	
2-103	988-995	fuerint	
2-104	996-1004	mandatum	
2-105	1005-1011	Domini	
2-106	1011-1012	,	
2-107	1013-1018	atque	
2-108	1019-1030	deliquerint	
2-109	1030-1031	,	
2-110	1032-1033	7	
2-111	1034-1047	confitebuntur	
2-112	1048-1056	peccatum	
2-113	1057-1061	suum	
2-114	1061-1062	,	
2-115	1063-1065	et	
2-116	1066-1073	reddent	
2-117	1074-1079	ipsum	
2-118	1080-1085	caput	
2-119	1085-1086	,	
2-120	1087-1097	quintamque	
2-121	1098-1104	partem	
2-122	1105-1112	desuper	
2-123	1112-1113	,	
2-124	1114-1116	ei	
2-125	1117-1119	in	
2-126	1120-1124	quem	
2-127	1125-1136	peccaverint	
2-128	1136-1137	.	
2-129	1138-1139	8	
2-130	1140-1143	Sin	
2-131	1144-1149	autem	
2-132	1150-1153	non	
2-133	1154-1160	fuerit	
2-134	1161-1164	qui	
2-135	1165-1173	recipiat	
2-136	1173-1174	,	
2-137	1175-1181	dabunt	
2-138	1182-1188	Domino	
2-139	1188-1189	,	
2-140	1190-1192	et	
2-141	1193-1197	erit	
2-142	1198-1208	sacerdotis	
2-143	1208-1209	,	
2-144	1210-1217	excepto	
2-145	1218-1224	ariete	
2-146	1224-1225	,	
2-147	1226-1229	qui	
2-148	1230-1238	offertur	
2-149	1239-1242	pro	
2-150	1243-1253	expiatione	
2-151	1253-1254	,	
2-152	1255-1257	ut	
2-153	1258-1261	sit	
2-154	1262-1272	placabilis	
2-155	1273-1279	hostia	
2-156	1279-1280	.	
2-157	1281-1282	9	
2-158	1283-1288	Omnes	
2-159	1289-1295	quoque	
2-160	1296-1304	primitiæ	
2-161	1304-1305	,	
2-162	1306-1310	quas	
2-163	1311-1319	offerunt	
2-164	1320-1325	filii	
2-165	1326-1332	Israël	
2-166	1332-1333	,	
2-167	1334-1336	ad	
2-168	1337-1347	sacerdotem	
2-169	1348-1357	pertinent	
2-170	1358-1359	:	
2-171	1360-1362	10	
2-172	1363-1365	et	
2-173	1366-1374	quidquid	
2-174	1375-1377	in	
2-175	1378-1389	sanctuarium	
2-176	1390-1398	offertur	
2-177	1399-1400	a	
2-178	1401-1409	singulis	
2-179	1409-1410	,	
2-180	1411-1413	et	
2-181	1414-1422	traditur	
2-182	1423-1430	manibus	
2-183	1431-1441	sacerdotis	
2-184	1441-1442	,	
2-185	1443-1449	ipsius	
2-186	1450-1454	erit	
2-187	1454-1455	.	
2-188	1456-1458	11	
2-189	1459-1469	Locutusque	
2-190	1470-1473	est	
2-191	1474-1481	Dominus	
2-192	1482-1484	ad	
2-193	1485-1491	Moysen	
2-194	1491-1492	,	
2-195	1493-1499	dicens	
2-196	1500-1501	:	
2-197	1502-1504	12	
2-198	1505-1512	Loquere	
2-199	1513-1515	ad	
2-200	1516-1522	filios	
2-201	1523-1529	Israël	
2-202	1529-1530	,	
2-203	1531-1533	et	
2-204	1534-1539	dices	
2-205	1540-1542	ad	
2-206	1543-1546	eos	
2-207	1547-1548	:	
2-208	1549-1552	Vir	
2-209	1553-1558	cujus	
2-210	1559-1563	uxor	
2-211	1564-1573	erraverit	
2-212	1573-1574	,	
2-213	1575-1585	maritumque	
2-214	1586-1596	contemnens	
2-215	1597-1599	13	
2-216	1600-1609	dormierit	
2-217	1610-1613	cum	
2-218	1614-1620	altero	
2-219	1621-1625	viro	
2-220	1625-1626	,	
2-221	1627-1629	et	
2-222	1630-1633	hoc	
2-223	1634-1641	maritus	
2-224	1642-1654	deprehendere	
2-225	1655-1658	non	
2-226	1659-1667	quiverit	
2-227	1667-1668	,	
2-228	1669-1672	sed	
2-229	1673-1678	latet	
2-230	1679-1689	adulterium	
2-231	1689-1690	,	
2-232	1691-1693	et	
2-233	1694-1702	testibus	
2-234	1703-1708	argui	
2-235	1709-1712	non	
2-236	1713-1719	potest	
2-237	1719-1720	,	
2-238	1721-1725	quia	
2-239	1726-1729	non	
2-240	1730-1733	est	
2-241	1734-1741	inventa	
2-242	1742-1744	in	
2-243	1745-1751	stupro	
2-244	1752-1753	:	
2-245	1754-1756	14	
2-246	1757-1759	si	
2-247	1760-1768	spiritus	
2-248	1769-1778	zelotypiæ	
2-249	1779-1791	concitaverit	
2-250	1792-1797	virum	
2-251	1798-1804	contra	
2-252	1805-1811	uxorem	
2-253	1812-1816	suam	
2-254	1816-1817	,	
2-255	1818-1821	quæ	
2-256	1822-1825	vel	
2-257	1826-1833	polluta	
2-258	1834-1837	est	
2-259	1837-1838	,	
2-260	1839-1842	vel	
2-261	1843-1848	falsa	
2-262	1849-1859	suspicione	
2-263	1860-1869	appetitur	
2-264	1870-1871	:	
2-265	1872-1874	15	
2-266	1875-1882	adducet	
2-267	1883-1886	eam	
2-268	1887-1889	ad	
2-269	1890-1900	sacerdotem	
2-270	1900-1901	,	
2-271	1902-1904	et	
2-272	1905-1912	offeret	
2-273	1913-1923	oblationem	
2-274	1924-1927	pro	
2-275	1928-1932	illa	
2-276	1932-1933	,	
2-277	1934-1941	decimam	
2-278	1942-1948	partem	
2-279	1949-1953	sati	
2-280	1954-1960	farinæ	
2-281	1961-1970	hordeaceæ	
2-282	1971-1972	:	
2-283	1973-1976	non	
2-284	1977-1983	fundet	
2-285	1984-1989	super	
2-286	1990-1993	eam	
2-287	1994-1999	oleum	
2-288	1999-2000	,	
2-289	2001-2004	nec	
2-290	2005-2012	imponet	
2-291	2013-2017	thus	
2-292	2018-2019	:	
2-293	2020-2024	quia	
2-294	2025-2036	sacrificium	
2-295	2037-2046	zelotypiæ	
2-296	2047-2050	est	
2-297	2050-2051	,	
2-298	2052-2054	et	
2-299	2055-2062	oblatio	
2-300	2063-2074	investigans	
2-301	2075-2085	adulterium	
2-302	2085-2086	.	
2-303	2087-2089	16	
2-304	2090-2097	Offeret	
2-305	2098-2104	igitur	
2-306	2105-2108	eam	
2-307	2109-2117	sacerdos	
2-308	2117-2118	,	
2-309	2119-2121	et	
2-310	2122-2129	statuet	
2-311	2130-2135	coram	
2-312	2136-2142	Domino	
2-313	2142-2143	,	
2-314	2144-2146	17	
2-315	2147-2157	assumetque	
2-316	2158-2163	aquam	
2-317	2164-2171	sanctam	
2-318	2172-2174	in	
2-319	2175-2179	vase	
2-320	2180-2187	fictili	
2-321	2187-2188	,	
2-322	2189-2191	et	
2-323	2192-2201	pauxillum	
2-324	2202-2207	terræ	
2-325	2208-2210	de	
2-326	2211-2220	pavimento	
2-327	2221-2232	tabernaculi	
2-328	2233-2239	mittet	
2-329	2240-2242	in	
2-330	2243-2246	eam	
2-331	2246-2247	.	
2-332	2248-2250	18	
2-333	2251-2257	Cumque	
2-334	2258-2266	steterit	
2-335	2267-2273	mulier	
2-336	2274-2276	in	
2-337	2277-2286	conspectu	
2-338	2287-2293	Domini	
2-339	2293-2294	,	
2-340	2295-2307	discooperiet	
2-341	2308-2313	caput	
2-342	2314-2318	ejus	
2-343	2318-2319	,	
2-344	2320-2322	et	
2-345	2323-2328	ponet	
2-346	2329-2334	super	
2-347	2335-2340	manus	
2-348	2341-2347	illius	
2-349	2348-2359	sacrificium	
2-350	2360-2373	recordationis	
2-351	2373-2374	,	
2-352	2375-2377	et	
2-353	2378-2388	oblationem	
2-354	2389-2398	zelotypiæ	
2-355	2399-2400	:	
2-356	2401-2405	ipse	
2-357	2406-2411	autem	
2-358	2412-2419	tenebit	
2-359	2420-2425	aquas	
2-360	2426-2437	amarissimas	
2-361	2437-2438	,	
2-362	2439-2441	in	
2-363	2442-2448	quibus	
2-364	2449-2452	cum	
2-365	2453-2464	execratione	
2-366	2465-2474	maledicta	
2-367	2475-2484	congessit	
2-368	2484-2485	.	
2-369	2486-2488	19	
2-370	2489-2501	Adjurabitque	
2-371	2502-2505	eam	
2-372	2505-2506	,	
2-373	2507-2509	et	
2-374	2510-2515	dicet	
2-375	2516-2517	:	
2-376	2518-2520	Si	
2-377	2521-2524	non	
2-378	2525-2533	dormivit	
2-379	2534-2537	vir	
2-380	2538-2545	alienus	
2-381	2546-2551	tecum	
2-382	2551-2552	,	
2-383	2553-2555	et	
2-384	2556-2558	si	
2-385	2559-2562	non	
2-386	2563-2570	polluta	
2-387	2571-2573	es	
2-388	2574-2581	deserto	
2-389	2582-2588	mariti	
2-390	2589-2594	thoro	
2-391	2594-2595	,	
2-392	2596-2599	non	
2-393	2600-2602	te	
2-394	2603-2611	nocebunt	
2-395	2612-2616	aquæ	
2-396	2617-2621	istæ	
2-397	2622-2632	amarissimæ	
2-398	2632-2633	,	
2-399	2634-2636	in	
2-400	2637-2641	quas	
2-401	2642-2651	maledicta	
2-402	2652-2660	congessi	
2-403	2660-2661	.	
2-404	2662-2664	20	
2-405	2665-2668	Sin	
2-406	2669-2674	autem	
2-407	2675-2685	declinasti	
2-408	2686-2687	a	
2-409	2688-2692	viro	
2-410	2693-2696	tuo	
2-411	2696-2697	,	
2-412	2698-2703	atque	
2-413	2704-2711	polluta	
2-414	2712-2714	es	
2-415	2714-2715	,	
2-416	2716-2718	et	
2-417	2719-2730	concubuisti	
2-418	2731-2734	cum	
2-419	2735-2741	altero	
2-420	2742-2746	viro	
2-421	2747-2748	:	
2-422	2749-2751	21	
2-423	2752-2755	his	
2-424	2756-2771	maledictionibus	
2-425	2772-2782	subjacebis	
2-426	2783-2784	:	
2-427	2785-2788	det	
2-428	2789-2791	te	
2-429	2792-2799	Dominus	
2-430	2800-2802	in	
2-431	2803-2816	maledictionem	
2-432	2816-2817	,	
2-433	2818-2829	exemplumque	
2-434	2830-2839	cunctorum	
2-435	2840-2842	in	
2-436	2843-2849	populo	
2-437	2850-2853	suo	
2-438	2854-2855	:	
2-439	2856-2866	putrescere	
2-440	2867-2873	faciat	
2-441	2874-2879	femur	
2-442	2880-2884	tuum	
2-443	2884-2885	,	
2-444	2886-2888	et	
2-445	2889-2895	tumens	
2-446	2896-2902	uterus	
2-447	2903-2907	tuus	
2-448	2908-2919	disrumpatur	
2-449	2919-2920	.	
2-450	2921-2923	22	
2-451	2924-2936	Ingrediantur	
2-452	2937-2941	aquæ	
2-453	2942-2951	maledictæ	
2-454	2952-2954	in	
2-455	2955-2962	ventrem	
2-456	2963-2967	tuum	
2-457	2967-2968	,	
2-458	2969-2971	et	
2-459	2972-2977	utero	
2-460	2978-2988	tumescente	
2-461	2989-2998	putrescat	
2-462	2999-3004	femur	
2-463	3004-3005	.	

#Text=Et respondebit mulier : Amen, amen.
#Text=23 Scribetque sacerdos in libello ista maledicta, et delebit ea aquis amarissimis, in quas maledicta congessit, 24 et dabit ei bibere.
3-1	3006-3008	Et	
3-2	3009-3020	respondebit	
3-3	3021-3027	mulier	
3-4	3028-3029	:	
3-5	3030-3034	Amen	
3-6	3034-3035	,	
3-7	3036-3040	amen	
3-8	3040-3041	.	
3-9	3042-3044	23	
3-10	3045-3055	Scribetque	
3-11	3056-3064	sacerdos	
3-12	3065-3067	in	
3-13	3068-3075	libello	
3-14	3076-3080	ista	
3-15	3081-3090	maledicta	
3-16	3090-3091	,	
3-17	3092-3094	et	
3-18	3095-3102	delebit	
3-19	3103-3105	ea	
3-20	3106-3111	aquis	
3-21	3112-3123	amarissimis	
3-22	3123-3124	,	
3-23	3125-3127	in	
3-24	3128-3132	quas	
3-25	3133-3142	maledicta	
3-26	3143-3152	congessit	
3-27	3152-3153	,	
3-28	3154-3156	24	
3-29	3157-3159	et	
3-30	3160-3165	dabit	
3-31	3166-3168	ei	
3-32	3169-3175	bibere	
3-33	3175-3176	.	

#Text=Quas cum exhauserit, 25 tollet sacerdos de manu ejus sacrificium zelotypiæ, et elevabit illud coram Domino, imponetque illud super altare, ita dumtaxat ut prius : 26 pugillum sacrificii tollat de eo, quod offertur, et incendat super altare : et sic potum det mulieri aquas amarissimas.
#Text=27 Quas cum biberit, si polluta est, et contempto viro adulterii rea, pertransibunt eam aquæ maledictionis, et inflato ventre, computrescet femur : eritque mulier in maledictionem, et in exemplum omni populo.
#Text=28 Quod si polluta non fuerit, erit innoxia, et faciet liberos.
#Text=29 Ista est lex zelotypiæ.
4-1	3177-3181	Quas	
4-2	3182-3185	cum	
4-3	3186-3196	exhauserit	
4-4	3196-3197	,	
4-5	3198-3200	25	
4-6	3201-3207	tollet	
4-7	3208-3216	sacerdos	
4-8	3217-3219	de	
4-9	3220-3224	manu	
4-10	3225-3229	ejus	
4-11	3230-3241	sacrificium	
4-12	3242-3251	zelotypiæ	
4-13	3251-3252	,	
4-14	3253-3255	et	
4-15	3256-3264	elevabit	
4-16	3265-3270	illud	
4-17	3271-3276	coram	
4-18	3277-3283	Domino	
4-19	3283-3284	,	
4-20	3285-3295	imponetque	
4-21	3296-3301	illud	
4-22	3302-3307	super	
4-23	3308-3314	altare	
4-24	3314-3315	,	
4-25	3316-3319	ita	
4-26	3320-3328	dumtaxat	
4-27	3329-3331	ut	
4-28	3332-3337	prius	
4-29	3338-3339	:	
4-30	3340-3342	26	
4-31	3343-3351	pugillum	
4-32	3352-3362	sacrificii	
4-33	3363-3369	tollat	
4-34	3370-3372	de	
4-35	3373-3375	eo	
4-36	3375-3376	,	
4-37	3377-3381	quod	
4-38	3382-3390	offertur	
4-39	3390-3391	,	
4-40	3392-3394	et	
4-41	3395-3403	incendat	
4-42	3404-3409	super	
4-43	3410-3416	altare	
4-44	3417-3418	:	
4-45	3419-3421	et	
4-46	3422-3425	sic	
4-47	3426-3431	potum	
4-48	3432-3435	det	
4-49	3436-3443	mulieri	
4-50	3444-3449	aquas	
4-51	3450-3461	amarissimas	
4-52	3461-3462	.	
4-53	3463-3465	27	
4-54	3466-3470	Quas	
4-55	3471-3474	cum	
4-56	3475-3482	biberit	
4-57	3482-3483	,	
4-58	3484-3486	si	
4-59	3487-3494	polluta	
4-60	3495-3498	est	
4-61	3498-3499	,	
4-62	3500-3502	et	
4-63	3503-3512	contempto	
4-64	3513-3517	viro	
4-65	3518-3527	adulterii	
4-66	3528-3531	rea	
4-67	3531-3532	,	
4-68	3533-3546	pertransibunt	
4-69	3547-3550	eam	
4-70	3551-3555	aquæ	
4-71	3556-3569	maledictionis	
4-72	3569-3570	,	
4-73	3571-3573	et	
4-74	3574-3581	inflato	
4-75	3582-3588	ventre	
4-76	3588-3589	,	
4-77	3590-3602	computrescet	
4-78	3603-3608	femur	
4-79	3609-3610	:	
4-80	3611-3618	eritque	
4-81	3619-3625	mulier	
4-82	3626-3628	in	
4-83	3629-3642	maledictionem	
4-84	3642-3643	,	
4-85	3644-3646	et	
4-86	3647-3649	in	
4-87	3650-3658	exemplum	
4-88	3659-3663	omni	
4-89	3664-3670	populo	
4-90	3670-3671	.	
4-91	3672-3674	28	
4-92	3675-3679	Quod	
4-93	3680-3682	si	
4-94	3683-3690	polluta	
4-95	3691-3694	non	
4-96	3695-3701	fuerit	
4-97	3701-3702	,	
4-98	3703-3707	erit	
4-99	3708-3715	innoxia	
4-100	3715-3716	,	
4-101	3717-3719	et	
4-102	3720-3726	faciet	
4-103	3727-3734	liberos	
4-104	3734-3735	.	
4-105	3736-3738	29	
4-106	3739-3743	Ista	
4-107	3744-3747	est	
4-108	3748-3751	lex	
4-109	3752-3761	zelotypiæ	
4-110	3761-3762	.	

#Text=Si declinaverit mulier a viro suo, et si polluta fuerit, 30 maritusque zelotypiæ spiritu concitatus adduxerit eam in conspectu Domini, et fecerit ei sacerdos juxta omnia quæ scripta sunt : 31 maritus absque culpa erit, et illa recipiet iniquitatem suam.
5-1	3763-3765	Si	
5-2	3766-3778	declinaverit	
5-3	3779-3785	mulier	
5-4	3786-3787	a	
5-5	3788-3792	viro	
5-6	3793-3796	suo	
5-7	3796-3797	,	
5-8	3798-3800	et	
5-9	3801-3803	si	
5-10	3804-3811	polluta	
5-11	3812-3818	fuerit	
5-12	3818-3819	,	
5-13	3820-3822	30	
5-14	3823-3833	maritusque	
5-15	3834-3843	zelotypiæ	
5-16	3844-3851	spiritu	
5-17	3852-3862	concitatus	
5-18	3863-3872	adduxerit	
5-19	3873-3876	eam	
5-20	3877-3879	in	
5-21	3880-3889	conspectu	
5-22	3890-3896	Domini	
5-23	3896-3897	,	
5-24	3898-3900	et	
5-25	3901-3908	fecerit	
5-26	3909-3911	ei	
5-27	3912-3920	sacerdos	
5-28	3921-3926	juxta	
5-29	3927-3932	omnia	
5-30	3933-3936	quæ	
5-31	3937-3944	scripta	
5-32	3945-3949	sunt	
5-33	3950-3951	:	
5-34	3952-3954	31	
5-35	3955-3962	maritus	
5-36	3963-3969	absque	
5-37	3970-3975	culpa	
5-38	3976-3980	erit	
5-39	3980-3981	,	
5-40	3982-3984	et	
5-41	3985-3989	illa	
5-42	3990-3998	recipiet	
5-43	3999-4010	iniquitatem	
5-44	4011-4015	suam	
5-45	4015-4016	.	
