#FORMAT=WebAnno TSV 3.3


#Text=Copyright infringement liability can be quite severe.
1-1	2-11	Copyright	
1-2	12-24	infringement	
1-3	25-34	liability	
1-4	35-38	can	
1-5	39-41	be	
1-6	42-47	quite	
1-7	48-54	severe	
1-8	54-55	.	

#Text=About Google Book Search
#Text=
#Text=Google's mission is to organize the world's information and to make it universally accessible and useful.
2-1	56-61	About	
2-2	62-68	Google	
2-3	69-73	Book	
2-4	74-80	Search	
2-5	82-90	Google's	
2-6	91-98	mission	
2-7	99-101	is	
2-8	102-104	to	
2-9	105-113	organize	
2-10	114-117	the	
2-11	118-125	world's	
2-12	126-137	information	
2-13	138-141	and	
2-14	142-144	to	
2-15	145-149	make	
2-16	150-152	it	
2-17	153-164	universally	
2-18	165-175	accessible	
2-19	176-179	and	
2-20	180-186	useful	
2-21	186-187	.	

#Text=Google Book Search helps readers discover the world's books while helping authors and publishers reach new audiences.
3-1	188-194	Google	
3-2	195-199	Book	
3-3	200-206	Search	
3-4	207-212	helps	
3-5	213-220	readers	
3-6	221-229	discover	
3-7	230-233	the	
3-8	234-241	world's	
3-9	242-247	books	
3-10	248-253	while	
3-11	254-261	helping	
3-12	262-269	authors	
3-13	270-273	and	
3-14	274-284	publishers	
3-15	285-290	reach	
3-16	291-294	new	
3-17	295-304	audiences	
3-18	304-305	.	

#Text=C
#Text=
#Text=um de odoribus exponere animus fit, nolo in ana
#Text=
#Text=tomicis organi descriptionibus ambages quaerere, quippe quae in anomicorum fcriptis locupletissimae inueniuntur , fed ea ftatim exponere
#Text=
#Text=pro viribus tentabo, quae perlecta , quid odora.
#Text=tus fit , in quo varia eius genera consistant, ignorare non finunt.
4-1	306-307	C	
4-2	309-311	um	
4-3	312-314	de	
4-4	315-323	odoribus	
4-5	324-332	exponere	
4-6	333-339	animus	
4-7	340-343	fit	
4-8	343-344	,	
4-9	345-349	nolo	
4-10	350-352	in	
4-11	353-356	ana	
4-12	358-365	tomicis	
4-13	366-372	organi	
4-14	373-388	descriptionibus	
4-15	389-396	ambages	
4-16	397-405	quaerere	
4-17	405-406	,	
4-18	407-413	quippe	
4-19	414-418	quae	
4-20	419-421	in	
4-21	422-432	anomicorum	
4-22	433-441	fcriptis	
4-23	442-457	locupletissimae	
4-24	458-469	inueniuntur	
4-25	470-471	,	
4-26	472-475	fed	
4-27	476-478	ea	
4-28	479-485	ftatim	
4-29	486-494	exponere	
4-30	496-499	pro	
4-31	500-507	viribus	
4-32	508-515	tentabo	
4-33	515-516	,	
4-34	517-521	quae	
4-35	522-530	perlecta	
4-36	531-532	,	
4-37	533-537	quid	
4-38	538-543	odora	
4-39	543-544	.	
4-40	545-548	tus	
4-41	549-552	fit	
4-42	553-554	,	
4-43	555-557	in	
4-44	558-561	quo	
4-45	562-567	varia	
4-46	568-572	eius	
4-47	573-579	genera	
4-48	580-590	consistant	
4-49	590-591	,	
4-50	592-600	ignorare	
4-51	601-604	non	
4-52	605-611	finunt	
4-53	611-612	.	

#Text=Vsque huc odores recepti funt ad facultates medicamentorum explicandas, fed exiguo cum fructu.
5-1	613-618	Vsque	
5-2	619-622	huc	
5-3	623-629	odores	
5-4	630-637	recepti	
5-5	638-642	funt	
5-6	643-645	ad	
5-7	646-656	facultates	
5-8	657-671	medicamentorum	
5-9	672-683	explicandas	
5-10	683-684	,	
5-11	685-688	fed	
5-12	689-695	exiguo	
5-13	696-699	cum	
5-14	700-706	fructu	
5-15	706-707	.	

#Text=Nam nomina quidem dederunt odoribus, fed cuin nomina figna fint, ea ipfa vero nil iuuent, nisi id ipsum quod nomine fignificatur, intelligatur, alienum plane est, et pene inconcinnum varia odorum genera constituere, fi nonfolum in genere, vnde odor sit, cx quibus conftet, ignoratur, fed etiam quid faciat tantam diuersitatein odorum, lateat.
6-1	708-711	Nam	
6-2	712-718	nomina	
6-3	719-725	quidem	
6-4	726-734	dederunt	
6-5	735-743	odoribus	
6-6	743-744	,	
6-7	745-748	fed	
6-8	749-753	cuin	
6-9	754-760	nomina	
6-10	761-766	figna	
6-11	767-771	fint	
6-12	771-772	,	
6-13	773-775	ea	
6-14	776-780	ipfa	
6-15	781-785	vero	
6-16	786-789	nil	
6-17	790-796	iuuent	
6-18	796-797	,	
6-19	798-802	nisi	
6-20	803-805	id	
6-21	806-811	ipsum	
6-22	812-816	quod	
6-23	817-823	nomine	
6-24	824-836	fignificatur	
6-25	836-837	,	
6-26	838-850	intelligatur	
6-27	850-851	,	
6-28	852-859	alienum	
6-29	860-865	plane	
6-30	866-869	est	
6-31	869-870	,	
6-32	871-873	et	
6-33	874-878	pene	
6-34	879-890	inconcinnum	
6-35	891-896	varia	
6-36	897-903	odorum	
6-37	904-910	genera	
6-38	911-922	constituere	
6-39	922-923	,	
6-40	924-926	fi	
6-41	927-935	nonfolum	
6-42	936-938	in	
6-43	939-945	genere	
6-44	945-946	,	
6-45	947-951	vnde	
6-46	952-956	odor	
6-47	957-960	sit	
6-48	960-961	,	
6-49	962-964	cx	
6-50	965-971	quibus	
6-51	972-979	conftet	
6-52	979-980	,	
6-53	981-990	ignoratur	
6-54	990-991	,	
6-55	992-995	fed	
6-56	996-1001	etiam	
6-57	1002-1006	quid	
6-58	1007-1013	faciat	
6-59	1014-1020	tantam	
6-60	1021-1034	diuersitatein	
6-61	1035-1041	odorum	
6-62	1041-1042	,	
6-63	1043-1049	lateat	
6-64	1049-1050	.	

#Text=Sed dicunt, non posle sciri, vnde haec fubtilia fint, quae nec videri nec manibus comprehendi poffunt, quafi omnia manibús, nil ratione comprehendi debeat, et quasi, quae ratione perspiciuntur, non aeque tuta ac certa esse possent, quam quae oculis videntur.
7-1	1051-1054	Sed	
7-2	1055-1061	dicunt	
7-3	1061-1062	,	
7-4	1063-1066	non	
7-5	1067-1072	posle	
7-6	1073-1078	sciri	
7-7	1078-1079	,	
7-8	1080-1084	vnde	
7-9	1085-1089	haec	
7-10	1090-1098	fubtilia	
7-11	1099-1103	fint	
7-12	1103-1104	,	
7-13	1105-1109	quae	
7-14	1110-1113	nec	
7-15	1114-1120	videri	
7-16	1121-1124	nec	
7-17	1125-1132	manibus	
7-18	1133-1144	comprehendi	
7-19	1145-1152	poffunt	
7-20	1152-1153	,	
7-21	1154-1159	quafi	
7-22	1160-1165	omnia	
7-23	1166-1173	manibús	
7-24	1173-1174	,	
7-25	1175-1178	nil	
7-26	1179-1186	ratione	
7-27	1187-1198	comprehendi	
7-28	1199-1205	debeat	
7-29	1205-1206	,	
7-30	1207-1209	et	
7-31	1210-1215	quasi	
7-32	1215-1216	,	
7-33	1217-1221	quae	
7-34	1222-1229	ratione	
7-35	1230-1243	perspiciuntur	
7-36	1243-1244	,	
7-37	1245-1248	non	
7-38	1249-1254	aeque	
7-39	1255-1259	tuta	
7-40	1260-1262	ac	
7-41	1263-1268	certa	
7-42	1269-1273	esse	
7-43	1274-1281	possent	
7-44	1281-1282	,	
7-45	1283-1287	quam	
7-46	1288-1292	quae	
7-47	1293-1299	oculis	
7-48	1300-1308	videntur	
7-49	1308-1309	.	

#Text=Plurima ergo funt, quae odoris naturam ostendunt, eaque vel ex ipfa fensus odoris natura, , vel ex chernia peti pofsunt, quae quidem fi inteiligi volunt, nonfolum exercitatos fenfus externos quis habeat, fed etiam ip chemia non vulgari et
#Text=
#Text=phar
#Text=
#Text=
#Text=
#Text=
#Text=
#Text=Antequam ergo ad eruenda odorum genera tranfeam, fcire oportet, vnde odor fit et num fimpliciffima res fit, nec ne.
8-1	1310-1317	Plurima	
8-2	1318-1322	ergo	
8-3	1323-1327	funt	
8-4	1327-1328	,	
8-5	1329-1333	quae	
8-6	1334-1340	odoris	
8-7	1341-1348	naturam	
8-8	1349-1358	ostendunt	
8-9	1358-1359	,	
8-10	1360-1365	eaque	
8-11	1366-1369	vel	
8-12	1370-1372	ex	
8-13	1373-1377	ipfa	
8-14	1378-1384	fensus	
8-15	1385-1391	odoris	
8-16	1392-1398	natura	
8-17	1398-1399	,	
8-18	1400-1401	,	
8-19	1402-1405	vel	
8-20	1406-1408	ex	
8-21	1409-1416	chernia	
8-22	1417-1421	peti	
8-23	1422-1429	pofsunt	
8-24	1429-1430	,	
8-25	1431-1435	quae	
8-26	1436-1442	quidem	
8-27	1443-1445	fi	
8-28	1446-1455	inteiligi	
8-29	1456-1462	volunt	
8-30	1462-1463	,	
8-31	1464-1472	nonfolum	
8-32	1473-1484	exercitatos	
8-33	1485-1491	fenfus	
8-34	1492-1500	externos	
8-35	1501-1505	quis	
8-36	1506-1512	habeat	
8-37	1512-1513	,	
8-38	1514-1517	fed	
8-39	1518-1523	etiam	
8-40	1524-1526	ip	
8-41	1527-1533	chemia	
8-42	1534-1537	non	
8-43	1538-1545	vulgari	
8-44	1546-1548	et	
8-45	1550-1554	phar	
8-46	1560-1568	Antequam	
8-47	1569-1573	ergo	
8-48	1574-1576	ad	
8-49	1577-1584	eruenda	
8-50	1585-1591	odorum	
8-51	1592-1598	genera	
8-52	1599-1607	tranfeam	
8-53	1607-1608	,	
8-54	1609-1614	fcire	
8-55	1615-1622	oportet	
8-56	1622-1623	,	
8-57	1624-1628	vnde	
8-58	1629-1633	odor	
8-59	1634-1637	fit	
8-60	1638-1640	et	
8-61	1641-1644	num	
8-62	1645-1658	fimpliciffima	
8-63	1659-1662	res	
8-64	1663-1666	fit	
8-65	1666-1667	,	
8-66	1668-1671	nec	
8-67	1672-1674	ne	
8-68	1674-1675	.	

#Text=Et primo quidem certum eft, quod ex corpusculis tenuiffimis constet; nam fpiritum non effe iam Boyleus abunde docuit: nec, licet at.
#Text=tenuata maxime ac diducta fint, fimplicissima corpuscula effe poffunt, alias tam diuerfi odores non effent, nec odorem haberent: nam fi tam tenuia forent, quam fluidum nerueum aut lumen, aut aer, plane odoratus neruis fefe fubtraherent.
9-1	1676-1678	Et	
9-2	1679-1684	primo	
9-3	1685-1691	quidem	
9-4	1692-1698	certum	
9-5	1699-1702	eft	
9-6	1702-1703	,	
9-7	1704-1708	quod	
9-8	1709-1711	ex	
9-9	1712-1723	corpusculis	
9-10	1724-1735	tenuiffimis	
9-11	1736-1743	constet	
9-12	1743-1744	;	
9-13	1745-1748	nam	
9-14	1749-1757	fpiritum	
9-15	1758-1761	non	
9-16	1762-1766	effe	
9-17	1767-1770	iam	
9-18	1771-1778	Boyleus	
9-19	1779-1785	abunde	
9-20	1786-1792	docuit	
9-21	1792-1793	:	
9-22	1794-1797	nec	
9-23	1797-1798	,	
9-24	1799-1804	licet	
9-25	1805-1807	at	
9-26	1807-1808	.	
9-27	1809-1816	tenuata	
9-28	1817-1823	maxime	
9-29	1824-1826	ac	
9-30	1827-1834	diducta	
9-31	1835-1839	fint	
9-32	1839-1840	,	
9-33	1841-1854	fimplicissima	
9-34	1855-1865	corpuscula	
9-35	1866-1870	effe	
9-36	1871-1878	poffunt	
9-37	1878-1879	,	
9-38	1880-1885	alias	
9-39	1886-1889	tam	
9-40	1890-1897	diuerfi	
9-41	1898-1904	odores	
9-42	1905-1908	non	
9-43	1909-1915	effent	
9-44	1915-1916	,	
9-45	1917-1920	nec	
9-46	1921-1927	odorem	
9-47	1928-1936	haberent	
9-48	1936-1937	:	
9-49	1938-1941	nam	
9-50	1942-1944	fi	
9-51	1945-1948	tam	
9-52	1949-1955	tenuia	
9-53	1956-1962	forent	
9-54	1962-1963	,	
9-55	1964-1968	quam	
9-56	1969-1976	fluidum	
9-57	1977-1984	nerueum	
9-58	1985-1988	aut	
9-59	1989-1994	lumen	
9-60	1994-1995	,	
9-61	1996-1999	aut	
9-62	2000-2003	aer	
9-63	2003-2004	,	
9-64	2005-2010	plane	
9-65	2011-2019	odoratus	
9-66	2020-2026	neruis	
9-67	2027-2031	fefe	
9-68	2032-2044	fubtraherent	
9-69	2044-2045	.	

#Text=Si itaque compofita adhuc dum funt, quod etiam exinde apparet, quia ex compofitione simplicium non odoratorum, odor oritur, quaeritur, quaenam hae partes fint et vnde?
10-1	2046-2048	Si	
10-2	2049-2055	itaque	
10-3	2056-2065	compofita	
10-4	2066-2071	adhuc	
10-5	2072-2075	dum	
10-6	2076-2080	funt	
10-7	2080-2081	,	
10-8	2082-2086	quod	
10-9	2087-2092	etiam	
10-10	2093-2099	exinde	
10-11	2100-2107	apparet	
10-12	2107-2108	,	
10-13	2109-2113	quia	
10-14	2114-2116	ex	
10-15	2117-2129	compofitione	
10-16	2130-2140	simplicium	
10-17	2141-2144	non	
10-18	2145-2155	odoratorum	
10-19	2155-2156	,	
10-20	2157-2161	odor	
10-21	2162-2168	oritur	
10-22	2168-2169	,	
10-23	2170-2179	quaeritur	
10-24	2179-2180	,	
10-25	2181-2188	quaenam	
10-26	2189-2192	hae	
10-27	2193-2199	partes	
10-28	2200-2204	fint	
10-29	2205-2207	et	
10-30	2208-2212	vnde	
10-31	2212-2213	?	

#Text=Phoenomena hoc docebunt, et natura quoque volatilis ipfa.
11-1	2214-2224	Phoenomena	
11-2	2225-2228	hoc	
11-3	2229-2237	docebunt	
11-4	2237-2238	,	
11-5	2239-2241	et	
11-6	2242-2248	natura	
11-7	2249-2255	quoque	
11-8	2256-2265	volatilis	
11-9	2266-2270	ipfa	
11-10	2270-2271	.	

#Text=Camphora e. g. corpus eft, quod totum in aerem auolat, sta tamen vt oculis non conspiciatur, vnum tamen eundemque fenfum perpetuo naribus inprimat, Camphora ergo integra et nondum in vapores resoluta corpus eft, quod fapore aeque ac examine chemico difquiri poteft: fi vero diuiditur in vapores inuifibiles, odor est.
12-1	2272-2280	Camphora	
12-2	2281-2282	e	
12-3	2282-2283	.	
12-4	2284-2285	g	
12-5	2285-2286	.	
12-6	2287-2293	corpus	
12-7	2294-2297	eft	
12-8	2297-2298	,	
12-9	2299-2303	quod	
12-10	2304-2309	totum	
12-11	2310-2312	in	
12-12	2313-2318	aerem	
12-13	2319-2325	auolat	
12-14	2325-2326	,	
12-15	2327-2330	sta	
12-16	2331-2336	tamen	
12-17	2337-2339	vt	
12-18	2340-2346	oculis	
12-19	2347-2350	non	
12-20	2351-2363	conspiciatur	
12-21	2363-2364	,	
12-22	2365-2369	vnum	
12-23	2370-2375	tamen	
12-24	2376-2385	eundemque	
12-25	2386-2392	fenfum	
12-26	2393-2401	perpetuo	
12-27	2402-2409	naribus	
12-28	2410-2418	inprimat	
12-29	2418-2419	,	
12-30	2420-2428	Camphora	
12-31	2429-2433	ergo	
12-32	2434-2441	integra	
12-33	2442-2444	et	
12-34	2445-2451	nondum	
12-35	2452-2454	in	
12-36	2455-2462	vapores	
12-37	2463-2471	resoluta	
12-38	2472-2478	corpus	
12-39	2479-2482	eft	
12-40	2482-2483	,	
12-41	2484-2488	quod	
12-42	2489-2495	fapore	
12-43	2496-2501	aeque	
12-44	2502-2504	ac	
12-45	2505-2512	examine	
12-46	2513-2520	chemico	
12-47	2521-2529	difquiri	
12-48	2530-2536	poteft	
12-49	2536-2537	:	
12-50	2538-2540	fi	
12-51	2541-2545	vero	
12-52	2546-2555	diuiditur	
12-53	2556-2558	in	
12-54	2559-2566	vapores	
12-55	2567-2578	inuifibiles	
12-56	2578-2579	,	
12-57	2580-2584	odor	
12-58	2585-2588	est	
12-59	2588-2589	.	

#Text=Promte ergo ex his concludi poteft, 0dorem ex terreis, falinis, viscidis, aquofis, inflammabilibus partibus conftare: nam ex his omnibus effe camphoram , examen chemicum ostendit.
13-1	2590-2596	Promte	
13-2	2597-2601	ergo	
13-3	2602-2604	ex	
13-4	2605-2608	his	
13-5	2609-2617	concludi	
13-6	2618-2624	poteft	
13-7	2624-2625	,	
13-8	2626-2632	0dorem	
13-9	2633-2635	ex	
13-10	2636-2643	terreis	
13-11	2643-2644	,	
13-12	2645-2652	falinis	
13-13	2652-2653	,	
13-14	2654-2662	viscidis	
13-15	2662-2663	,	
13-16	2664-2671	aquofis	
13-17	2671-2672	,	
13-18	2673-2688	inflammabilibus	
13-19	2689-2697	partibus	
13-20	2698-2706	conftare	
13-21	2706-2707	:	
13-22	2708-2711	nam	
13-23	2712-2714	ex	
13-24	2715-2718	his	
13-25	2719-2726	omnibus	
13-26	2727-2731	effe	
13-27	2732-2741	camphoram	
13-28	2742-2743	,	
13-29	2744-2750	examen	
13-30	2751-2759	chemicum	
13-31	2760-2768	ostendit	
13-32	2768-2769	.	

#Text=Idem colligere poffumus ex genesi odorum , quam HALLERVS in Element.
#Text=physiolog.
14-1	2770-2774	Idem	
14-2	2775-2784	colligere	
14-3	2785-2793	poffumus	
14-4	2794-2796	ex	
14-5	2797-2803	genesi	
14-6	2804-2810	odorum	
14-7	2811-2812	,	
14-8	2813-2817	quam	
14-9	2818-2826	HALLERVS	
14-10	2827-2829	in	
14-11	2830-2837	Element	
14-12	2837-2838	.	
14-13	2839-2848	physiolog	
14-14	2848-2849	.	

#Text=T.
15-1	2850-2851	T	
15-2	2851-2852	.	

#Text=IV.
#Text=p. 169-169. posuit.
16-1	2853-2855	IV	
16-2	2855-2856	.	
16-3	2857-2858	p	
16-4	2858-2859	.	
16-5	2860-2863	169	
16-6	2863-2864	-	
16-7	2864-2867	169	
16-8	2867-2868	.	
16-9	2869-2875	posuit	
16-10	2875-2876	.	

#Text=Deinde nullum volatile fine inflammabili principio esse poteft: cum vero inflammabile principium semper aliis partibus conftitutiuis admixtum fit, hae fimul efferantur , neceffe eft.
17-1	2877-2883	Deinde	
17-2	2884-2890	nullum	
17-3	2891-2899	volatile	
17-4	2900-2904	fine	
17-5	2905-2917	inflammabili	
17-6	2918-2927	principio	
17-7	2928-2932	esse	
17-8	2933-2939	poteft	
17-9	2939-2940	:	
17-10	2941-2944	cum	
17-11	2945-2949	vero	
17-12	2950-2962	inflammabile	
17-13	2963-2973	principium	
17-14	2974-2980	semper	
17-15	2981-2986	aliis	
17-16	2987-2995	partibus	
17-17	2996-3009	conftitutiuis	
17-18	3010-3018	admixtum	
17-19	3019-3022	fit	
17-20	3022-3023	,	
17-21	3024-3027	hae	
17-22	3028-3033	fimul	
17-23	3034-3044	efferantur	
17-24	3045-3046	,	
17-25	3047-3054	neceffe	
17-26	3055-3058	eft	
17-27	3058-3059	.	
