#FORMAT=WebAnno TSV 3.3


#Text=20 Consurgensque diluculo Ezechias rex, adunavit omnes principes civitatis, et ascendit in domum Domini : 21 obtuleruntque simul tauros septem, et arietes septem, agnos septem, et hircos septem pro peccato, pro regno, pro sanctuario, pro Juda : dixitque sacerdotibus filiis Aaron, ut offerrent super altare Domini.
#Text=22 Mactaverunt igitur tauros, et susceperunt sanguinem sacerdotes, et fuderunt illum super altare : mactaverunt etiam arietes, et illorum sanguinem super altare fuderunt, immolaveruntque agnos, et fuderunt super altare sanguinem.
#Text=23 Applicuerunt hircos pro peccato coram rege, et universa multitudine, imposueruntque manus suas super eos : 24 et immolaverunt illos sacerdotes, et asperserunt sanguinem eorum coram altare pro piaculo universi Israëlis : pro omni quippe Israël præceperat rex ut holocaustum fieret, et pro peccato.
#Text=25 Constituit quoque Levitas in domo Domini cum cymbalis, et psalteriis, et citharis secundum dispositionem David regis, et Gad videntis, et Nathan prophetæ : siquidem Domini præceptum fuit per manum prophetarum ejus.
#Text=26 Steteruntque Levitæ tenentes organa David, et sacerdotes tubas.
#Text=27 Et jussit Ezechias ut offerrent holocausta super altare : cumque offerrentur holocausta, cœperunt laudes canere Domino, et clangere tubis, atque in diversis organis quæ David rex Israël præparaverat, concrepare.
#Text=28 Omni autem turba adorante, cantores, et ii qui tenebant tubas, erant in officio suo donec compleretur holocaustum.
#Text=29 Cumque finita esset oblatio, incurvatus est rex, et omnes qui erant cum eo, et adoraverunt.
#Text=30 Præcepitque Ezechias et principes Levitis, ut laudarent Dominum sermonibus David, et Asaph videntis : qui laudaverunt eum magna lætitia, et incurvato genu adoraverunt.
#Text=31 Ezechias autem etiam hæc addidit : Implestis manus vestras Domino : accedite, et offerte victimas et laudes in domo Domini.
1-1	2-4	20	
1-2	5-18	Consurgensque	
1-3	19-27	diluculo	
1-4	28-36	Ezechias	
1-5	37-40	rex	
1-6	40-41	,	
1-7	42-50	adunavit	
1-8	51-56	omnes	
1-9	57-66	principes	
1-10	67-76	civitatis	
1-11	76-77	,	
1-12	78-80	et	
1-13	81-89	ascendit	
1-14	90-92	in	
1-15	93-98	domum	
1-16	99-105	Domini	
1-17	106-107	:	
1-18	108-110	21	
1-19	111-124	obtuleruntque	
1-20	125-130	simul	
1-21	131-137	tauros	
1-22	138-144	septem	
1-23	144-145	,	
1-24	146-148	et	
1-25	149-156	arietes	
1-26	157-163	septem	
1-27	163-164	,	
1-28	165-170	agnos	
1-29	171-177	septem	
1-30	177-178	,	
1-31	179-181	et	
1-32	182-188	hircos	
1-33	189-195	septem	
1-34	196-199	pro	
1-35	200-207	peccato	
1-36	207-208	,	
1-37	209-212	pro	
1-38	213-218	regno	
1-39	218-219	,	
1-40	220-223	pro	
1-41	224-234	sanctuario	
1-42	234-235	,	
1-43	236-239	pro	
1-44	240-244	Juda	
1-45	245-246	:	
1-46	247-255	dixitque	
1-47	256-268	sacerdotibus	
1-48	269-275	filiis	
1-49	276-281	Aaron	
1-50	281-282	,	
1-51	283-285	ut	
1-52	286-295	offerrent	
1-53	296-301	super	
1-54	302-308	altare	
1-55	309-315	Domini	
1-56	315-316	.	
1-57	317-319	22	
1-58	320-331	Mactaverunt	
1-59	332-338	igitur	
1-60	339-345	tauros	
1-61	345-346	,	
1-62	347-349	et	
1-63	350-361	susceperunt	
1-64	362-371	sanguinem	
1-65	372-382	sacerdotes	
1-66	382-383	,	
1-67	384-386	et	
1-68	387-395	fuderunt	
1-69	396-401	illum	
1-70	402-407	super	
1-71	408-414	altare	
1-72	415-416	:	
1-73	417-428	mactaverunt	
1-74	429-434	etiam	
1-75	435-442	arietes	
1-76	442-443	,	
1-77	444-446	et	
1-78	447-454	illorum	
1-79	455-464	sanguinem	
1-80	465-470	super	
1-81	471-477	altare	
1-82	478-486	fuderunt	
1-83	486-487	,	
1-84	488-503	immolaveruntque	
1-85	504-509	agnos	
1-86	509-510	,	
1-87	511-513	et	
1-88	514-522	fuderunt	
1-89	523-528	super	
1-90	529-535	altare	
1-91	536-545	sanguinem	
1-92	545-546	.	
1-93	547-549	23	
1-94	550-562	Applicuerunt	
1-95	563-569	hircos	
1-96	570-573	pro	
1-97	574-581	peccato	
1-98	582-587	coram	
1-99	588-592	rege	
1-100	592-593	,	
1-101	594-596	et	
1-102	597-605	universa	
1-103	606-617	multitudine	
1-104	617-618	,	
1-105	619-633	imposueruntque	
1-106	634-639	manus	
1-107	640-644	suas	
1-108	645-650	super	
1-109	651-654	eos	
1-110	655-656	:	
1-111	657-659	24	
1-112	660-662	et	
1-113	663-675	immolaverunt	
1-114	676-681	illos	
1-115	682-692	sacerdotes	
1-116	692-693	,	
1-117	694-696	et	
1-118	697-708	asperserunt	
1-119	709-718	sanguinem	
1-120	719-724	eorum	
1-121	725-730	coram	
1-122	731-737	altare	
1-123	738-741	pro	
1-124	742-749	piaculo	
1-125	750-758	universi	
1-126	759-767	Israëlis	
1-127	768-769	:	
1-128	770-773	pro	
1-129	774-778	omni	
1-130	779-785	quippe	
1-131	786-792	Israël	
1-132	793-803	præceperat	
1-133	804-807	rex	
1-134	808-810	ut	
1-135	811-822	holocaustum	
1-136	823-829	fieret	
1-137	829-830	,	
1-138	831-833	et	
1-139	834-837	pro	
1-140	838-845	peccato	
1-141	845-846	.	
1-142	847-849	25	
1-143	850-860	Constituit	
1-144	861-867	quoque	
1-145	868-875	Levitas	
1-146	876-878	in	
1-147	879-883	domo	
1-148	884-890	Domini	
1-149	891-894	cum	
1-150	895-903	cymbalis	
1-151	903-904	,	
1-152	905-907	et	
1-153	908-918	psalteriis	
1-154	918-919	,	
1-155	920-922	et	
1-156	923-931	citharis	
1-157	932-940	secundum	
1-158	941-954	dispositionem	
1-159	955-960	David	
1-160	961-966	regis	
1-161	966-967	,	
1-162	968-970	et	
1-163	971-974	Gad	
1-164	975-983	videntis	
1-165	983-984	,	
1-166	985-987	et	
1-167	988-994	Nathan	
1-168	995-1003	prophetæ	
1-169	1004-1005	:	
1-170	1006-1014	siquidem	
1-171	1015-1021	Domini	
1-172	1022-1031	præceptum	
1-173	1032-1036	fuit	
1-174	1037-1040	per	
1-175	1041-1046	manum	
1-176	1047-1058	prophetarum	
1-177	1059-1063	ejus	
1-178	1063-1064	.	
1-179	1065-1067	26	
1-180	1068-1080	Steteruntque	
1-181	1081-1087	Levitæ	
1-182	1088-1096	tenentes	
1-183	1097-1103	organa	
1-184	1104-1109	David	
1-185	1109-1110	,	
1-186	1111-1113	et	
1-187	1114-1124	sacerdotes	
1-188	1125-1130	tubas	
1-189	1130-1131	.	
1-190	1132-1134	27	
1-191	1135-1137	Et	
1-192	1138-1144	jussit	
1-193	1145-1153	Ezechias	
1-194	1154-1156	ut	
1-195	1157-1166	offerrent	
1-196	1167-1177	holocausta	
1-197	1178-1183	super	
1-198	1184-1190	altare	
1-199	1191-1192	:	
1-200	1193-1199	cumque	
1-201	1200-1211	offerrentur	
1-202	1212-1222	holocausta	
1-203	1222-1223	,	
1-204	1224-1232	cœperunt	
1-205	1233-1239	laudes	
1-206	1240-1246	canere	
1-207	1247-1253	Domino	
1-208	1253-1254	,	
1-209	1255-1257	et	
1-210	1258-1266	clangere	
1-211	1267-1272	tubis	
1-212	1272-1273	,	
1-213	1274-1279	atque	
1-214	1280-1282	in	
1-215	1283-1291	diversis	
1-216	1292-1299	organis	
1-217	1300-1303	quæ	
1-218	1304-1309	David	
1-219	1310-1313	rex	
1-220	1314-1320	Israël	
1-221	1321-1333	præparaverat	
1-222	1333-1334	,	
1-223	1335-1345	concrepare	
1-224	1345-1346	.	
1-225	1347-1349	28	
1-226	1350-1354	Omni	
1-227	1355-1360	autem	
1-228	1361-1366	turba	
1-229	1367-1375	adorante	
1-230	1375-1376	,	
1-231	1377-1385	cantores	
1-232	1385-1386	,	
1-233	1387-1389	et	
1-234	1390-1392	ii	
1-235	1393-1396	qui	
1-236	1397-1405	tenebant	
1-237	1406-1411	tubas	
1-238	1411-1412	,	
1-239	1413-1418	erant	
1-240	1419-1421	in	
1-241	1422-1429	officio	
1-242	1430-1433	suo	
1-243	1434-1439	donec	
1-244	1440-1451	compleretur	
1-245	1452-1463	holocaustum	
1-246	1463-1464	.	
1-247	1465-1467	29	
1-248	1468-1474	Cumque	
1-249	1475-1481	finita	
1-250	1482-1487	esset	
1-251	1488-1495	oblatio	
1-252	1495-1496	,	
1-253	1497-1507	incurvatus	
1-254	1508-1511	est	
1-255	1512-1515	rex	
1-256	1515-1516	,	
1-257	1517-1519	et	
1-258	1520-1525	omnes	
1-259	1526-1529	qui	
1-260	1530-1535	erant	
1-261	1536-1539	cum	
1-262	1540-1542	eo	
1-263	1542-1543	,	
1-264	1544-1546	et	
1-265	1547-1558	adoraverunt	
1-266	1558-1559	.	
1-267	1560-1562	30	
1-268	1563-1574	Præcepitque	
1-269	1575-1583	Ezechias	
1-270	1584-1586	et	
1-271	1587-1596	principes	
1-272	1597-1604	Levitis	
1-273	1604-1605	,	
1-274	1606-1608	ut	
1-275	1609-1618	laudarent	
1-276	1619-1626	Dominum	
1-277	1627-1637	sermonibus	
1-278	1638-1643	David	
1-279	1643-1644	,	
1-280	1645-1647	et	
1-281	1648-1653	Asaph	
1-282	1654-1662	videntis	
1-283	1663-1664	:	
1-284	1665-1668	qui	
1-285	1669-1680	laudaverunt	
1-286	1681-1684	eum	
1-287	1685-1690	magna	
1-288	1691-1698	lætitia	
1-289	1698-1699	,	
1-290	1700-1702	et	
1-291	1703-1712	incurvato	
1-292	1713-1717	genu	
1-293	1718-1729	adoraverunt	
1-294	1729-1730	.	
1-295	1731-1733	31	
1-296	1734-1742	Ezechias	
1-297	1743-1748	autem	
1-298	1749-1754	etiam	
1-299	1755-1758	hæc	
1-300	1759-1766	addidit	
1-301	1767-1768	:	
1-302	1769-1778	Implestis	
1-303	1779-1784	manus	
1-304	1785-1792	vestras	
1-305	1793-1799	Domino	
1-306	1800-1801	:	
1-307	1802-1810	accedite	
1-308	1810-1811	,	
1-309	1812-1814	et	
1-310	1815-1822	offerte	
1-311	1823-1831	victimas	
1-312	1832-1834	et	
1-313	1835-1841	laudes	
1-314	1842-1844	in	
1-315	1845-1849	domo	
1-316	1850-1856	Domini	
1-317	1856-1857	.	

#Text=Obtulit ergo universa multitudo hostias, et laudes, et holocausta, mente devota.
#Text=32 Porro numerus holocaustorum quæ obtulit multitudo, hic fuit : tauros septuaginta, arietes centum, agnos ducentos.
#Text=33 Sanctificaveruntque Domino boves sexcentos, et oves tria millia.
#Text=34 Sacerdotes vero pauci erant, nec poterant sufficere ut pelles holocaustorum detraherent : unde et Levitæ fratres eorum adjuverunt eos, donec impleretur opus, et sanctificarentur antistites : Levitæ quippe faciliori ritu sanctificantur quam sacerdotes.
#Text=35 Fuerunt ergo holocausta plurima, adipes pacificorum, et libamina holocaustorum : et completus est cultus domus Domini.
#Text=36 Lætatusque est Ezechias et omnis populus, eo quod ministerium Domini esset expletum : de repente quippe hoc fieri placuerat.
2-1	1858-1865	Obtulit	
2-2	1866-1870	ergo	
2-3	1871-1879	universa	
2-4	1880-1889	multitudo	
2-5	1890-1897	hostias	
2-6	1897-1898	,	
2-7	1899-1901	et	
2-8	1902-1908	laudes	
2-9	1908-1909	,	
2-10	1910-1912	et	
2-11	1913-1923	holocausta	
2-12	1923-1924	,	
2-13	1925-1930	mente	
2-14	1931-1937	devota	
2-15	1937-1938	.	
2-16	1939-1941	32	
2-17	1942-1947	Porro	
2-18	1948-1955	numerus	
2-19	1956-1969	holocaustorum	
2-20	1970-1973	quæ	
2-21	1974-1981	obtulit	
2-22	1982-1991	multitudo	
2-23	1991-1992	,	
2-24	1993-1996	hic	
2-25	1997-2001	fuit	
2-26	2002-2003	:	
2-27	2004-2010	tauros	
2-28	2011-2022	septuaginta	
2-29	2022-2023	,	
2-30	2024-2031	arietes	
2-31	2032-2038	centum	
2-32	2038-2039	,	
2-33	2040-2045	agnos	
2-34	2046-2054	ducentos	
2-35	2054-2055	.	
2-36	2056-2058	33	
2-37	2059-2078	Sanctificaveruntque	
2-38	2079-2085	Domino	
2-39	2086-2091	boves	
2-40	2092-2101	sexcentos	
2-41	2101-2102	,	
2-42	2103-2105	et	
2-43	2106-2110	oves	
2-44	2111-2115	tria	
2-45	2116-2122	millia	
2-46	2122-2123	.	
2-47	2124-2126	34	
2-48	2127-2137	Sacerdotes	
2-49	2138-2142	vero	
2-50	2143-2148	pauci	
2-51	2149-2154	erant	
2-52	2154-2155	,	
2-53	2156-2159	nec	
2-54	2160-2168	poterant	
2-55	2169-2178	sufficere	
2-56	2179-2181	ut	
2-57	2182-2188	pelles	
2-58	2189-2202	holocaustorum	
2-59	2203-2214	detraherent	
2-60	2215-2216	:	
2-61	2217-2221	unde	
2-62	2222-2224	et	
2-63	2225-2231	Levitæ	
2-64	2232-2239	fratres	
2-65	2240-2245	eorum	
2-66	2246-2256	adjuverunt	
2-67	2257-2260	eos	
2-68	2260-2261	,	
2-69	2262-2267	donec	
2-70	2268-2278	impleretur	
2-71	2279-2283	opus	
2-72	2283-2284	,	
2-73	2285-2287	et	
2-74	2288-2304	sanctificarentur	
2-75	2305-2315	antistites	
2-76	2316-2317	:	
2-77	2318-2324	Levitæ	
2-78	2325-2331	quippe	
2-79	2332-2341	faciliori	
2-80	2342-2346	ritu	
2-81	2347-2361	sanctificantur	
2-82	2362-2366	quam	
2-83	2367-2377	sacerdotes	
2-84	2377-2378	.	
2-85	2379-2381	35	
2-86	2382-2389	Fuerunt	
2-87	2390-2394	ergo	
2-88	2395-2405	holocausta	
2-89	2406-2413	plurima	
2-90	2413-2414	,	
2-91	2415-2421	adipes	
2-92	2422-2433	pacificorum	
2-93	2433-2434	,	
2-94	2435-2437	et	
2-95	2438-2446	libamina	
2-96	2447-2460	holocaustorum	
2-97	2461-2462	:	
2-98	2463-2465	et	
2-99	2466-2475	completus	
2-100	2476-2479	est	
2-101	2480-2486	cultus	
2-102	2487-2492	domus	
2-103	2493-2499	Domini	
2-104	2499-2500	.	
2-105	2501-2503	36	
2-106	2504-2514	Lætatusque	
2-107	2515-2518	est	
2-108	2519-2527	Ezechias	
2-109	2528-2530	et	
2-110	2531-2536	omnis	
2-111	2537-2544	populus	
2-112	2544-2545	,	
2-113	2546-2548	eo	
2-114	2549-2553	quod	
2-115	2554-2565	ministerium	
2-116	2566-2572	Domini	
2-117	2573-2578	esset	
2-118	2579-2587	expletum	
2-119	2588-2589	:	
2-120	2590-2592	de	
2-121	2593-2600	repente	
2-122	2601-2607	quippe	
2-123	2608-2611	hoc	
2-124	2612-2617	fieri	
2-125	2618-2627	placuerat	
2-126	2627-2628	.	

#Text=Caput 30
#Text=
#Text=
#Text=1 Misit quoque Ezechias ad omnem Israël et Judam : scripsitque epistolas ad Ephraim et Manassen ut venirent ad domum Domini in Jerusalem, et facerent Phase Domino Deo Israël.
#Text=2 Inito ergo consilio regis et principum, et universi cœtus Jerusalem, decreverunt ut facerent Phase mense secundo.
#Text=3 Non enim potuerant facere in tempore suo, quia sacerdotes qui possent sufficere, sanctificati non fuerant, et populus nondum congregatus fuerat in Jerusalem.
#Text=4 Placuitque sermo regi, et omni multitudini.
3-1	2629-2634	Caput	
3-2	2635-2637	30	
3-3	2640-2641	1	
3-4	2642-2647	Misit	
3-5	2648-2654	quoque	
3-6	2655-2663	Ezechias	
3-7	2664-2666	ad	
3-8	2667-2672	omnem	
3-9	2673-2679	Israël	
3-10	2680-2682	et	
3-11	2683-2688	Judam	
3-12	2689-2690	:	
3-13	2691-2702	scripsitque	
3-14	2703-2712	epistolas	
3-15	2713-2715	ad	
3-16	2716-2723	Ephraim	
3-17	2724-2726	et	
3-18	2727-2735	Manassen	
3-19	2736-2738	ut	
3-20	2739-2747	venirent	
3-21	2748-2750	ad	
3-22	2751-2756	domum	
3-23	2757-2763	Domini	
3-24	2764-2766	in	
3-25	2767-2776	Jerusalem	
3-26	2776-2777	,	
3-27	2778-2780	et	
3-28	2781-2789	facerent	
3-29	2790-2795	Phase	
3-30	2796-2802	Domino	
3-31	2803-2806	Deo	
3-32	2807-2813	Israël	
3-33	2813-2814	.	
3-34	2815-2816	2	
3-35	2817-2822	Inito	
3-36	2823-2827	ergo	
3-37	2828-2836	consilio	
3-38	2837-2842	regis	
3-39	2843-2845	et	
3-40	2846-2855	principum	
3-41	2855-2856	,	
3-42	2857-2859	et	
3-43	2860-2868	universi	
3-44	2869-2874	cœtus	
3-45	2875-2884	Jerusalem	
3-46	2884-2885	,	
3-47	2886-2897	decreverunt	
3-48	2898-2900	ut	
3-49	2901-2909	facerent	
3-50	2910-2915	Phase	
3-51	2916-2921	mense	
3-52	2922-2929	secundo	
3-53	2929-2930	.	
3-54	2931-2932	3	
3-55	2933-2936	Non	
3-56	2937-2941	enim	
3-57	2942-2951	potuerant	
3-58	2952-2958	facere	
3-59	2959-2961	in	
3-60	2962-2969	tempore	
3-61	2970-2973	suo	
3-62	2973-2974	,	
3-63	2975-2979	quia	
3-64	2980-2990	sacerdotes	
3-65	2991-2994	qui	
3-66	2995-3002	possent	
3-67	3003-3012	sufficere	
3-68	3012-3013	,	
3-69	3014-3026	sanctificati	
3-70	3027-3030	non	
3-71	3031-3038	fuerant	
3-72	3038-3039	,	
3-73	3040-3042	et	
3-74	3043-3050	populus	
3-75	3051-3057	nondum	
3-76	3058-3069	congregatus	
3-77	3070-3076	fuerat	
3-78	3077-3079	in	
3-79	3080-3089	Jerusalem	
3-80	3089-3090	.	
3-81	3091-3092	4	
3-82	3093-3103	Placuitque	
3-83	3104-3109	sermo	
3-84	3110-3114	regi	
3-85	3114-3115	,	
3-86	3116-3118	et	
3-87	3119-3123	omni	
3-88	3124-3135	multitudini	
3-89	3135-3136	.	
