#FORMAT=WebAnno TSV 3.3


#Text=Het welke wy niet lochenen willen:
#Text=ende dat te meer, alsoo ons veel soorten van
#Text=
#Text=Jan Swammerdam, Bybel der natuure of historie der insecten.
1-1	4-7	Het	
1-2	8-13	welke	
1-3	14-16	wy	
1-4	17-21	niet	
1-5	22-30	lochenen	
1-6	31-37	willen	
1-7	37-38	:	
1-8	39-43	ende	
1-9	44-47	dat	
1-10	48-50	te	
1-11	51-55	meer	
1-12	55-56	,	
1-13	57-62	alsoo	
1-14	63-66	ons	
1-15	67-71	veel	
1-16	72-79	soorten	
1-17	80-83	van	
1-18	85-88	Jan	
1-19	89-99	Swammerdam	
1-20	99-100	,	
1-21	101-106	Bybel	
1-22	107-110	der	
1-23	111-118	natuure	
1-24	119-121	of	
1-25	122-130	historie	
1-26	131-134	der	
1-27	135-143	insecten	
1-28	143-144	.	

#Text=Deel 1
#Text=
#Text=\f
#Text=Dieren bekent sijn, dewelke haar schielyk uyt het waater verhessen;
#Text=daar se eerst
#Text=eenigen tyd als Wurmen in gewoont hebben.
2-1	145-149	Deel	
2-2	150-151	1	
2-3	155-161	Dieren	
2-4	162-168	bekent	
2-5	169-173	sijn	
2-6	173-174	,	
2-7	175-182	dewelke	
2-8	183-187	haar	
2-9	188-196	schielyk	
2-10	197-200	uyt	
2-11	201-204	het	
2-12	205-211	waater	
2-13	212-221	verhessen	
2-14	221-222	;	
2-15	223-227	daar	
2-16	228-230	se	
2-17	231-236	eerst	
2-18	237-244	eenigen	
2-19	245-248	tyd	
2-20	249-252	als	
2-21	253-259	Wurmen	
2-22	260-262	in	
2-23	263-270	gewoont	
2-24	271-277	hebben	
2-25	277-278	.	

#Text=Soo verhessen sig de Puystebyters
#Text=
#Text=schielyk op een tyt,
#Text=ende dat by eenige millioenen, uyt het waater.
3-1	279-282	Soo	
3-2	283-292	verhessen	
3-3	293-296	sig	
3-4	297-299	de	
3-5	300-312	Puystebyters	
3-6	314-322	schielyk	
3-7	323-325	op	
3-8	326-329	een	
3-9	330-333	tyt	
3-10	333-334	,	
3-11	335-339	ende	
3-12	340-343	dat	
3-13	344-346	by	
3-14	347-353	eenige	
3-15	354-364	millioenen	
3-16	364-365	,	
3-17	366-369	uyt	
3-18	370-373	het	
3-19	374-380	waater	
3-20	380-381	.	

#Text=Soo doen ook
#Text=de Muggen, het Haft, ende andere Dierkens meer.
4-1	382-385	Soo	
4-2	386-390	doen	
4-3	391-394	ook	
4-4	395-397	de	
4-5	398-404	Muggen	
4-6	404-405	,	
4-7	406-409	het	
4-8	410-414	Haft	
4-9	414-415	,	
4-10	416-420	ende	
4-11	421-427	andere	
4-12	428-436	Dierkens	
4-13	437-441	meer	
4-14	441-442	.	

#Text=Het welke sommige siende, soo
#Text=hebbense verkeert geoordeelt, dat deese Dierkens in de lucht gebooren worden.
5-1	443-446	Het	
5-2	447-452	welke	
5-3	453-460	sommige	
5-4	461-467	siende	
5-5	467-468	,	
5-6	469-472	soo	
5-7	473-481	hebbense	
5-8	482-490	verkeert	
5-9	491-501	geoordeelt	
5-10	501-502	,	
5-11	503-506	dat	
5-12	507-512	deese	
5-13	513-521	Dierkens	
5-14	522-524	in	
5-15	525-527	de	
5-16	528-533	lucht	
5-17	534-542	gebooren	
5-18	543-549	worden	
5-19	549-550	.	

#Text=Maar dat verwonderlyk is, is, dat het Haft schielyk naa syn geboorte sterft
#Text=, ende de
#Text=andere Dierkens nog lang op der aarde leeven.
6-1	553-557	Maar	
6-2	558-561	dat	
6-3	562-574	verwonderlyk	
6-4	575-577	is	
6-5	577-578	,	
6-6	579-581	is	
6-7	581-582	,	
6-8	583-586	dat	
6-9	587-590	het	
6-10	591-595	Haft	
6-11	596-604	schielyk	
6-12	605-608	naa	
6-13	609-612	syn	
6-14	613-621	geboorte	
6-15	622-628	sterft	
6-16	629-630	,	
6-17	631-635	ende	
6-18	636-638	de	
6-19	639-645	andere	
6-20	646-654	Dierkens	
6-21	655-658	nog	
6-22	659-663	lang	
6-23	664-666	op	
6-24	667-670	der	
6-25	671-676	aarde	
6-26	677-683	leeven	
6-27	683-684	.	

#Text=Waar van wy reedenen uyt onse
#Text=ondervindingen in het Haft gegeeven hebben.
7-1	685-689	Waar	
7-2	690-693	van	
7-3	694-696	wy	
7-4	697-705	reedenen	
7-5	706-709	uyt	
7-6	710-714	onse	
7-7	715-729	ondervindingen	
7-8	730-732	in	
7-9	733-736	het	
7-10	737-741	Haft	
7-11	742-750	gegeeven	
7-12	751-757	hebben	
7-13	757-758	.	

#Text=Nog bewaaren wy de Kappel-gelyke Vlieg;
#Text=ende van de Scorpioen-vlieg het
#Text=Manneken ende het Wyfken.
8-1	761-764	Nog	
8-2	765-773	bewaaren	
8-3	774-776	wy	
8-4	777-779	de	
8-5	780-793	Kappel-gelyke	
8-6	794-799	Vlieg	
8-7	799-800	;	
8-8	801-805	ende	
8-9	806-809	van	
8-10	810-812	de	
8-11	813-828	Scorpioen-vlieg	
8-12	829-832	het	
8-13	833-841	Manneken	
8-14	842-846	ende	
8-15	847-850	het	
8-16	851-857	Wyfken	
8-17	857-858	.	

#Text=Soo bevind
#Text=sig by ons
9-1	859-862	Soo	
9-2	863-869	bevind	
9-3	870-873	sig	
9-4	874-876	by	
9-5	877-880	ons	
