#FORMAT=WebAnno TSV 3.3
#T_SP=custom.Span|label
#T_RL=custom.Relation|label|BT_custom.Span


#Text=Verstaet datmense door slaen uytrecken soude, om alsoo breede platen daer van te maken.
#Text=uytgereckte platen daer van make, tot een overtrecksel voor den altaer; want sy hebbense gebracht voor het aengesichte des HEEREN, daerom zijnse heyligh: ende sy sullen den kinderen
#Text=Israëls
#Text=tot een
#Text=Tot een gedenck-teecken van dese Godtlicke wrake, over soodanige oproermakers, die hen tegen Godts ordinantie gestelt hadden, op dat een yeder sich voor sulcks leere wachten.
#Text=siet vers 40.
#Text=teecken zijn.
#Text=
#Text=39
#Text=
#Text=
#Text=Ende Eleazar, de Priester,
#Text=nam de kopere wieroockvaten, die de verbrande gebracht hadden, ende sy recktense uyt tot een overtrecksel voor den altaer:
#Text=40
#Text=Ter gedachtenisse voor de kinderen Israëls; op dat niemant vreemts, die niet en zy uyt den zade Aarons, nadere om reuckwerck aen te steken voor het aengesichte des HEEREN: op dat hy niet en D. dat het hem niet en gae als Korah, etc. worde als Korah, ende sijne vergaderinge, gelijck als hem de HEERE door den Hebr.
#Text=de hant.
#Text=dienst van Mose D. voorseyt, gedreyght hadde.
#Text=gesproken hadde.
#Text=
#Text=41
#Text=
#Text=Maer
#Text=des anderen
#Text=daeghs murmureerde de gantsche vergaderinge der kinderen
#Text=Israëls tegen Mose ende tegen Aaron, seggende:
#Text=Ghylieden hebt des HEEREN volck gedoot.
1-1	2-10	Verstaet	_	_	_	
1-2	11-19	datmense	_	_	_	
1-3	20-24	door	_	_	_	
1-4	25-30	slaen	_	_	_	
1-5	31-40	uytrecken	_	_	_	
1-6	41-46	soude	_	_	_	
1-7	46-47	,	_	_	_	
1-8	48-50	om	_	_	_	
1-9	51-56	alsoo	_	_	_	
1-10	57-63	breede	_	_	_	
1-11	64-70	platen	_	_	_	
1-12	71-75	daer	_	_	_	
1-13	76-79	van	_	_	_	
1-14	80-82	te	_	_	_	
1-15	83-88	maken	_	_	_	
1-16	88-89	.	_	_	_	
1-17	90-101	uytgereckte	_	_	_	
1-18	102-108	platen	_	_	_	
1-19	109-113	daer	_	_	_	
1-20	114-117	van	_	_	_	
1-21	118-122	make	_	_	_	
1-22	122-123	,	_	_	_	
1-23	124-127	tot	_	_	_	
1-24	128-131	een	_	_	_	
1-25	132-144	overtrecksel	_	_	_	
1-26	145-149	voor	_	_	_	
1-27	150-153	den	_	_	_	
1-28	154-160	altaer	_	_	_	
1-29	160-161	;	_	_	_	
1-30	162-166	want	_	_	_	
1-31	167-169	sy	_	_	_	
1-32	170-178	hebbense	_	_	_	
1-33	179-187	gebracht	_	_	_	
1-34	188-192	voor	_	_	_	
1-35	193-196	het	_	_	_	
1-36	197-208	aengesichte	_	_	_	
1-37	209-212	des	_	_	_	
1-38	213-219	HEEREN	_	_	_	
1-39	219-220	,	_	_	_	
1-40	221-227	daerom	_	_	_	
1-41	228-234	zijnse	_	_	_	
1-42	235-242	heyligh	_	_	_	
1-43	242-243	:	_	_	_	
1-44	244-248	ende	_	_	_	
1-45	249-251	sy	_	_	_	
1-46	252-258	sullen	_	_	_	
1-47	259-262	den	_	_	_	
1-48	263-271	kinderen	_	_	_	
1-49	272-279	Israëls	_	_	_	
1-50	280-283	tot	_	_	_	
1-51	284-287	een	_	_	_	
1-52	288-291	Tot	_	_	_	
1-53	292-295	een	_	_	_	
1-54	296-311	gedenck-teecken	_	_	_	
1-55	312-315	van	_	_	_	
1-56	316-320	dese	_	_	_	
1-57	321-330	Godtlicke	_	_	_	
1-58	331-336	wrake	_	_	_	
1-59	336-337	,	_	_	_	
1-60	338-342	over	_	_	_	
1-61	343-352	soodanige	_	_	_	
1-62	353-365	oproermakers	_	_	_	
1-63	365-366	,	_	_	_	
1-64	367-370	die	_	_	_	
1-65	371-374	hen	_	_	_	
1-66	375-380	tegen	_	_	_	
1-67	381-386	Godts	_	_	_	
1-68	387-397	ordinantie	_	_	_	
1-69	398-405	gestelt	_	_	_	
1-70	406-412	hadden	_	_	_	
1-71	412-413	,	_	_	_	
1-72	414-416	op	_	_	_	
1-73	417-420	dat	_	_	_	
1-74	421-424	een	_	_	_	
1-75	425-430	yeder	_	_	_	
1-76	431-435	sich	_	_	_	
1-77	436-440	voor	_	_	_	
1-78	441-447	sulcks	_	_	_	
1-79	448-453	leere	_	_	_	
1-80	454-461	wachten	_	_	_	
1-81	461-462	.	_	_	_	
1-82	463-467	siet	_	_	_	
1-83	468-472	vers	_	_	_	
1-84	473-475	40	_	_	_	
1-85	475-476	.	_	_	_	
1-86	477-484	teecken	_	_	_	
1-87	485-489	zijn	_	_	_	
1-88	489-490	.	_	_	_	
1-89	492-494	39	_	_	_	
1-90	497-501	Ende	_	_	_	
1-91	502-509	Eleazar	_	_	_	
1-92	509-510	,	_	_	_	
1-93	511-513	de	_	_	_	
1-94	514-522	Priester	_	_	_	
1-95	522-523	,	_	_	_	
1-96	524-527	nam	_	_	_	
1-97	528-530	de	_	_	_	
1-98	531-537	kopere	_	_	_	
1-99	538-551	wieroockvaten	Location	_	_	
1-100	551-552	,	_	_	_	
1-101	553-556	die	_	_	_	
1-102	557-559	de	_	_	_	
1-103	560-569	verbrande	_	_	_	
1-104	570-578	gebracht	_	_	_	
1-105	579-585	hadden	_	_	_	
1-106	585-586	,	_	_	_	
1-107	587-591	ende	_	_	_	
1-108	592-594	sy	_	_	_	
1-109	595-604	recktense	_	_	_	
1-110	605-608	uyt	_	_	_	
1-111	609-612	tot	_	_	_	
1-112	613-616	een	_	_	_	
1-113	617-629	overtrecksel	_	_	_	
1-114	630-634	voor	_	_	_	
1-115	635-638	den	_	_	_	
1-116	639-645	altaer	_	_	_	
1-117	645-646	:	_	_	_	
1-118	647-649	40	_	_	_	
1-119	650-653	Ter	_	_	_	
1-120	654-667	gedachtenisse	_	_	_	
1-121	668-672	voor	_	_	_	
1-122	673-675	de	_	_	_	
1-123	676-684	kinderen	_	_	_	
1-124	685-692	Israëls	_	_	_	
1-125	692-693	;	_	_	_	
1-126	694-696	op	_	_	_	
1-127	697-700	dat	_	_	_	
1-128	701-708	niemant	_	_	_	
1-129	709-716	vreemts	_	_	_	
1-130	716-717	,	_	_	_	
1-131	718-721	die	_	_	_	
1-132	722-726	niet	_	_	_	
1-133	727-729	en	_	_	_	
1-134	730-732	zy	_	_	_	
1-135	733-736	uyt	_	_	_	
1-136	737-740	den	_	_	_	
1-137	741-745	zade	_	_	_	
1-138	746-752	Aarons	_	_	_	
1-139	752-753	,	_	_	_	
1-140	754-760	nadere	_	_	_	
1-141	761-763	om	_	_	_	
1-142	764-774	reuckwerck	Smell\_Source[1]|Smell\_Word[2]	*|*|*	1-99[0_2]|1-142[1_2]|1-150[0_2]	
1-143	775-778	aen	_	_	_	
1-144	779-781	te	_	_	_	
1-145	782-788	steken	_	_	_	
1-146	789-793	voor	_	_	_	
1-147	794-797	het	_	_	_	
1-148	798-809	aengesichte	_	_	_	
1-149	810-813	des	_	_	_	
1-150	814-820	HEEREN	Perceiver	_	_	
1-151	820-821	:	_	_	_	
1-152	822-824	op	_	_	_	
1-153	825-828	dat	_	_	_	
1-154	829-831	hy	_	_	_	
1-155	832-836	niet	_	_	_	
1-156	837-839	en	_	_	_	
1-157	840-841	D	_	_	_	
1-158	841-842	.	_	_	_	
1-159	843-846	dat	_	_	_	
1-160	847-850	het	_	_	_	
1-161	851-854	hem	_	_	_	
1-162	855-859	niet	_	_	_	
1-163	860-862	en	_	_	_	
1-164	863-866	gae	_	_	_	
1-165	867-870	als	_	_	_	
1-166	871-876	Korah	_	_	_	
1-167	876-877	,	_	_	_	
1-168	878-881	etc	_	_	_	
1-169	881-882	.	_	_	_	
1-170	883-888	worde	_	_	_	
1-171	889-892	als	_	_	_	
1-172	893-898	Korah	_	_	_	
1-173	898-899	,	_	_	_	
1-174	900-904	ende	_	_	_	
1-175	905-910	sijne	_	_	_	
1-176	911-923	vergaderinge	_	_	_	
1-177	923-924	,	_	_	_	
1-178	925-932	gelijck	_	_	_	
1-179	933-936	als	_	_	_	
1-180	937-940	hem	_	_	_	
1-181	941-943	de	_	_	_	
1-182	944-949	HEERE	_	_	_	
1-183	950-954	door	_	_	_	
1-184	955-958	den	_	_	_	
1-185	959-963	Hebr	_	_	_	
1-186	963-964	.	_	_	_	
1-187	965-967	de	_	_	_	
1-188	968-972	hant	_	_	_	
1-189	972-973	.	_	_	_	
1-190	974-980	dienst	_	_	_	
1-191	981-984	van	_	_	_	
1-192	985-989	Mose	_	_	_	
1-193	990-991	D	_	_	_	
1-194	991-992	.	_	_	_	
1-195	993-1001	voorseyt	_	_	_	
1-196	1001-1002	,	_	_	_	
1-197	1003-1012	gedreyght	_	_	_	
1-198	1013-1018	hadde	_	_	_	
1-199	1018-1019	.	_	_	_	
1-200	1020-1029	gesproken	_	_	_	
1-201	1030-1035	hadde	_	_	_	
1-202	1035-1036	.	_	_	_	
1-203	1038-1040	41	_	_	_	
1-204	1042-1046	Maer	_	_	_	
1-205	1047-1050	des	_	_	_	
1-206	1051-1058	anderen	_	_	_	
1-207	1059-1065	daeghs	_	_	_	
1-208	1066-1077	murmureerde	_	_	_	
1-209	1078-1080	de	_	_	_	
1-210	1081-1089	gantsche	_	_	_	
1-211	1090-1102	vergaderinge	_	_	_	
1-212	1103-1106	der	_	_	_	
1-213	1107-1115	kinderen	_	_	_	
1-214	1116-1123	Israëls	_	_	_	
1-215	1124-1129	tegen	_	_	_	
1-216	1130-1134	Mose	_	_	_	
1-217	1135-1139	ende	_	_	_	
1-218	1140-1145	tegen	_	_	_	
1-219	1146-1151	Aaron	_	_	_	
1-220	1151-1152	,	_	_	_	
1-221	1153-1161	seggende	_	_	_	
1-222	1161-1162	:	_	_	_	
1-223	1163-1172	Ghylieden	_	_	_	
1-224	1173-1177	hebt	_	_	_	
1-225	1178-1181	des	_	_	_	
1-226	1182-1188	HEEREN	_	_	_	
1-227	1189-1194	volck	_	_	_	
1-228	1195-1201	gedoot	_	_	_	
1-229	1201-1202	.	_	_	_	
