#FORMAT=WebAnno TSV 3.3


#Text=f allengskens naa
#Text=vooren
#Text=
#Text=
#Text=+
#Text=
#Text=
#Text=ende buyten het lichaam beweegt, soo dat men de opening daar het saat door
#Text=e.
#Text=+
#Text=
#Text=f
#Text=.
1-1	2-3	f	
1-2	4-15	allengskens	
1-3	16-19	naa	
1-4	20-26	vooren	
1-5	29-30	+	
1-6	33-37	ende	
1-7	38-44	buyten	
1-8	45-48	het	
1-9	49-56	lichaam	
1-10	57-64	beweegt	
1-11	64-65	,	
1-12	66-69	soo	
1-13	70-73	dat	
1-14	74-77	men	
1-15	78-80	de	
1-16	81-88	opening	
1-17	89-93	daar	
1-18	94-97	het	
1-19	98-102	saat	
1-20	103-107	door	
1-21	108-109	e	
1-22	109-110	.	
1-23	111-112	+	
1-24	114-115	f	
1-25	116-117	.	

#Text=uytschiet u, als dan eerst te regt sien kan
2-1	119-128	uytschiet	
2-2	129-130	u	
2-3	130-131	,	
2-4	132-135	als	
2-5	136-139	dan	
2-6	140-145	eerst	
2-7	146-148	te	
2-8	149-153	regt	
2-9	154-158	sien	
2-10	159-162	kan	

#Text=.
3-1	162-163	.	

#Text=+
#Text=
#Text=Terwyl
#Text=nu meest alle deese deelkens door lucht uyt gedreeven worden, soo
#Text=u.
4-1	165-166	+	
4-2	168-174	Terwyl	
4-3	175-177	nu	
4-4	178-183	meest	
4-5	184-188	alle	
4-6	189-194	deese	
4-7	195-203	deelkens	
4-8	204-208	door	
4-9	209-214	lucht	
4-10	215-218	uyt	
4-11	219-228	gedreeven	
4-12	229-235	worden	
4-13	235-236	,	
4-14	237-240	soo	
4-15	241-242	u	
4-16	242-243	.	

#Text=blykt
#Text=de reden klaar, waarom eenige deeser deelen, als se met deselve niet
#Text=+
#Text=vervult en syn, dan rimpelig in het lichaam, en 't samen getrokken g h i k k sig
#Text=+
#Text=+
#Text=
#Text=
#Text=Tab
#Text=.
5-1	245-250	blykt	
5-2	251-253	de	
5-3	254-259	reden	
5-4	260-265	klaar	
5-5	265-266	,	
5-6	267-273	waarom	
5-7	274-280	eenige	
5-8	281-287	deeser	
5-9	288-294	deelen	
5-10	294-295	,	
5-11	296-299	als	
5-12	300-302	se	
5-13	303-306	met	
5-14	307-314	deselve	
5-15	315-319	niet	
5-16	320-321	+	
5-17	322-329	vervult	
5-18	330-332	en	
5-19	333-336	syn	
5-20	336-337	,	
5-21	338-341	dan	
5-22	342-350	rimpelig	
5-23	351-353	in	
5-24	354-357	het	
5-25	358-365	lichaam	
5-26	365-366	,	
5-27	367-369	en	
5-28	370-371	'	
5-29	371-372	t	
5-30	373-378	samen	
5-31	379-388	getrokken	
5-32	389-390	g	
5-33	391-392	h	
5-34	393-394	i	
5-35	395-396	k	
5-36	397-398	k	
5-37	399-402	sig	
5-38	403-404	+	
5-39	405-406	+	
5-40	409-412	Tab	
5-41	413-414	.	

#Text=XXI.
6-1	415-418	XXI	
6-2	418-419	.	

#Text=Fig.
7-1	420-423	Fig	
7-2	423-424	.	

#Text=I. g h i k k.
#Text=vertoonen.
8-1	425-426	I	
8-2	426-427	.	
8-3	428-429	g	
8-4	430-431	h	
8-5	432-433	i	
8-6	434-435	k	
8-7	436-437	k	
8-8	437-438	.	
8-9	439-448	vertoonen	
8-10	448-449	.	

#Text=De reden blykt ook, waarom ik dat geseide deelken g de Roede
#Text=+
9-1	450-452	De	
9-2	453-458	reden	
9-3	459-464	blykt	
9-4	465-468	ook	
9-5	468-469	,	
9-6	470-476	waarom	
9-7	477-479	ik	
9-8	480-483	dat	
9-9	484-491	geseide	
9-10	492-499	deelken	
9-11	500-501	g	
9-12	502-504	de	
9-13	505-510	Roede	
9-14	511-512	+	
