#FORMAT=WebAnno TSV 3.3


#Text=44 Et cogitavit de altari holocaustorum, quod profanatum erat, quid de eo faceret.
#Text=45 Et incidit illis consilium bonum ut destruerent illud : ne forte illis esset in opprobrium, quia contaminaverunt illud gentes, et demoliti sunt illud.
#Text=46 Et reposuerunt lapides in monte domus in loco apto, quoadusque veniret propheta, et responderet de eis.
#Text=47 Et acceperunt lapides integros secundum legem, et ædificaverunt altare novum secundum illud quod fuit prius : 48 et ædificaverunt sancta, et quæ intra domum erant intrinsecus : et ædem, et atria sanctificaverunt.
#Text=49 Et fecerunt vasa sancta nova, et intulerunt candelabrum, et altare incensorum, et mensam, in templum.
#Text=50 Et incensum posuerunt super altare, et accenderunt lucernas quæ super candelabrum erant, et lucebant in templo.
#Text=51 Et posuerunt super mensam panes, et appenderunt vela, et consummaverunt omnia opera quæ fecerant.
#Text=52 Et ante matutinum surrexerunt quinta et vigesima die mensis noni (hic est mensis Casleu) centesimi quadragesimi octavi anni : 53 et obtulerunt sacrificium secundum legem super altare holocaustorum novum, quod fecerunt.
#Text=54 Secundum tempus et secundum diem in qua contaminaverunt illud gentes, in ipsa renovatum est in canticis, et citharis, et cinyris, et in cymbalis.
#Text=55 Et cecidit omnis populus in faciem, et adoraverunt, et benedixerunt in cælum eum, qui prosperavit eis.
#Text=56 Et fecerunt dedicationem altaris diebus octo, et obtulerunt holocausta cum lætitia, et sacrificium salutaris et laudis.
#Text=57 Et ornaverunt faciem templi coronis aureis et scutulis, et dedicaverunt portas et pastophoria, et imposuerunt eis januas.
#Text=58 Et facta est lætitia in populo magna valde, et aversum est opprobrium gentium.
#Text=59 Et statuit Judas, et fratres ejus, et universa ecclesia Israël, ut agatur dies dedicationis altaris in temporibus suis ab anno in annum per dies octo a quinta et vigesima die mensis Casleu, cum lætitia et gaudio.
#Text=60 Et ædificaverunt in tempore illo montem Sion, et per circuitum muros altos et turres firmas, nequando venirent gentes, et conculcarent eum sicut antea fecerunt.
#Text=61 Et collocavit illic exercitum, ut servarent eum, et munivit eum ad custodiendum Bethsuram, ut haberet populus munitionem contra faciem Idumææ.
1-1	2-4	44	
1-2	5-7	Et	
1-3	8-17	cogitavit	
1-4	18-20	de	
1-5	21-27	altari	
1-6	28-41	holocaustorum	
1-7	41-42	,	
1-8	43-47	quod	
1-9	48-58	profanatum	
1-10	59-63	erat	
1-11	63-64	,	
1-12	65-69	quid	
1-13	70-72	de	
1-14	73-75	eo	
1-15	76-83	faceret	
1-16	83-84	.	
1-17	85-87	45	
1-18	88-90	Et	
1-19	91-98	incidit	
1-20	99-104	illis	
1-21	105-114	consilium	
1-22	115-120	bonum	
1-23	121-123	ut	
1-24	124-135	destruerent	
1-25	136-141	illud	
1-26	142-143	:	
1-27	144-146	ne	
1-28	147-152	forte	
1-29	153-158	illis	
1-30	159-164	esset	
1-31	165-167	in	
1-32	168-178	opprobrium	
1-33	178-179	,	
1-34	180-184	quia	
1-35	185-200	contaminaverunt	
1-36	201-206	illud	
1-37	207-213	gentes	
1-38	213-214	,	
1-39	215-217	et	
1-40	218-226	demoliti	
1-41	227-231	sunt	
1-42	232-237	illud	
1-43	237-238	.	
1-44	239-241	46	
1-45	242-244	Et	
1-46	245-256	reposuerunt	
1-47	257-264	lapides	
1-48	265-267	in	
1-49	268-273	monte	
1-50	274-279	domus	
1-51	280-282	in	
1-52	283-287	loco	
1-53	288-292	apto	
1-54	292-293	,	
1-55	294-304	quoadusque	
1-56	305-312	veniret	
1-57	313-321	propheta	
1-58	321-322	,	
1-59	323-325	et	
1-60	326-337	responderet	
1-61	338-340	de	
1-62	341-344	eis	
1-63	344-345	.	
1-64	346-348	47	
1-65	349-351	Et	
1-66	352-362	acceperunt	
1-67	363-370	lapides	
1-68	371-379	integros	
1-69	380-388	secundum	
1-70	389-394	legem	
1-71	394-395	,	
1-72	396-398	et	
1-73	399-412	ædificaverunt	
1-74	413-419	altare	
1-75	420-425	novum	
1-76	426-434	secundum	
1-77	435-440	illud	
1-78	441-445	quod	
1-79	446-450	fuit	
1-80	451-456	prius	
1-81	457-458	:	
1-82	459-461	48	
1-83	462-464	et	
1-84	465-478	ædificaverunt	
1-85	479-485	sancta	
1-86	485-486	,	
1-87	487-489	et	
1-88	490-493	quæ	
1-89	494-499	intra	
1-90	500-505	domum	
1-91	506-511	erant	
1-92	512-523	intrinsecus	
1-93	524-525	:	
1-94	526-528	et	
1-95	529-533	ædem	
1-96	533-534	,	
1-97	535-537	et	
1-98	538-543	atria	
1-99	544-560	sanctificaverunt	
1-100	560-561	.	
1-101	562-564	49	
1-102	565-567	Et	
1-103	568-576	fecerunt	
1-104	577-581	vasa	
1-105	582-588	sancta	
1-106	589-593	nova	
1-107	593-594	,	
1-108	595-597	et	
1-109	598-608	intulerunt	
1-110	609-620	candelabrum	
1-111	620-621	,	
1-112	622-624	et	
1-113	625-631	altare	
1-114	632-642	incensorum	
1-115	642-643	,	
1-116	644-646	et	
1-117	647-653	mensam	
1-118	653-654	,	
1-119	655-657	in	
1-120	658-665	templum	
1-121	665-666	.	
1-122	667-669	50	
1-123	670-672	Et	
1-124	673-681	incensum	
1-125	682-691	posuerunt	
1-126	692-697	super	
1-127	698-704	altare	
1-128	704-705	,	
1-129	706-708	et	
1-130	709-720	accenderunt	
1-131	721-729	lucernas	
1-132	730-733	quæ	
1-133	734-739	super	
1-134	740-751	candelabrum	
1-135	752-757	erant	
1-136	757-758	,	
1-137	759-761	et	
1-138	762-770	lucebant	
1-139	771-773	in	
1-140	774-780	templo	
1-141	780-781	.	
1-142	782-784	51	
1-143	785-787	Et	
1-144	788-797	posuerunt	
1-145	798-803	super	
1-146	804-810	mensam	
1-147	811-816	panes	
1-148	816-817	,	
1-149	818-820	et	
1-150	821-832	appenderunt	
1-151	833-837	vela	
1-152	837-838	,	
1-153	839-841	et	
1-154	842-856	consummaverunt	
1-155	857-862	omnia	
1-156	863-868	opera	
1-157	869-872	quæ	
1-158	873-881	fecerant	
1-159	881-882	.	
1-160	883-885	52	
1-161	886-888	Et	
1-162	889-893	ante	
1-163	894-903	matutinum	
1-164	904-915	surrexerunt	
1-165	916-922	quinta	
1-166	923-925	et	
1-167	926-934	vigesima	
1-168	935-938	die	
1-169	939-945	mensis	
1-170	946-950	noni	
1-171	951-952	(	
1-172	952-955	hic	
1-173	956-959	est	
1-174	960-966	mensis	
1-175	967-973	Casleu	
1-176	973-974	)	
1-177	975-984	centesimi	
1-178	985-997	quadragesimi	
1-179	998-1004	octavi	
1-180	1005-1009	anni	
1-181	1010-1011	:	
1-182	1012-1014	53	
1-183	1015-1017	et	
1-184	1018-1028	obtulerunt	
1-185	1029-1040	sacrificium	
1-186	1041-1049	secundum	
1-187	1050-1055	legem	
1-188	1056-1061	super	
1-189	1062-1068	altare	
1-190	1069-1082	holocaustorum	
1-191	1083-1088	novum	
1-192	1088-1089	,	
1-193	1090-1094	quod	
1-194	1095-1103	fecerunt	
1-195	1103-1104	.	
1-196	1105-1107	54	
1-197	1108-1116	Secundum	
1-198	1117-1123	tempus	
1-199	1124-1126	et	
1-200	1127-1135	secundum	
1-201	1136-1140	diem	
1-202	1141-1143	in	
1-203	1144-1147	qua	
1-204	1148-1163	contaminaverunt	
1-205	1164-1169	illud	
1-206	1170-1176	gentes	
1-207	1176-1177	,	
1-208	1178-1180	in	
1-209	1181-1185	ipsa	
1-210	1186-1195	renovatum	
1-211	1196-1199	est	
1-212	1200-1202	in	
1-213	1203-1211	canticis	
1-214	1211-1212	,	
1-215	1213-1215	et	
1-216	1216-1224	citharis	
1-217	1224-1225	,	
1-218	1226-1228	et	
1-219	1229-1236	cinyris	
1-220	1236-1237	,	
1-221	1238-1240	et	
1-222	1241-1243	in	
1-223	1244-1252	cymbalis	
1-224	1252-1253	.	
1-225	1254-1256	55	
1-226	1257-1259	Et	
1-227	1260-1267	cecidit	
1-228	1268-1273	omnis	
1-229	1274-1281	populus	
1-230	1282-1284	in	
1-231	1285-1291	faciem	
1-232	1291-1292	,	
1-233	1293-1295	et	
1-234	1296-1307	adoraverunt	
1-235	1307-1308	,	
1-236	1309-1311	et	
1-237	1312-1324	benedixerunt	
1-238	1325-1327	in	
1-239	1328-1333	cælum	
1-240	1334-1337	eum	
1-241	1337-1338	,	
1-242	1339-1342	qui	
1-243	1343-1354	prosperavit	
1-244	1355-1358	eis	
1-245	1358-1359	.	
1-246	1360-1362	56	
1-247	1363-1365	Et	
1-248	1366-1374	fecerunt	
1-249	1375-1387	dedicationem	
1-250	1388-1395	altaris	
1-251	1396-1402	diebus	
1-252	1403-1407	octo	
1-253	1407-1408	,	
1-254	1409-1411	et	
1-255	1412-1422	obtulerunt	
1-256	1423-1433	holocausta	
1-257	1434-1437	cum	
1-258	1438-1445	lætitia	
1-259	1445-1446	,	
1-260	1447-1449	et	
1-261	1450-1461	sacrificium	
1-262	1462-1471	salutaris	
1-263	1472-1474	et	
1-264	1475-1481	laudis	
1-265	1481-1482	.	
1-266	1483-1485	57	
1-267	1486-1488	Et	
1-268	1489-1499	ornaverunt	
1-269	1500-1506	faciem	
1-270	1507-1513	templi	
1-271	1514-1521	coronis	
1-272	1522-1528	aureis	
1-273	1529-1531	et	
1-274	1532-1540	scutulis	
1-275	1540-1541	,	
1-276	1542-1544	et	
1-277	1545-1557	dedicaverunt	
1-278	1558-1564	portas	
1-279	1565-1567	et	
1-280	1568-1579	pastophoria	
1-281	1579-1580	,	
1-282	1581-1583	et	
1-283	1584-1595	imposuerunt	
1-284	1596-1599	eis	
1-285	1600-1606	januas	
1-286	1606-1607	.	
1-287	1608-1610	58	
1-288	1611-1613	Et	
1-289	1614-1619	facta	
1-290	1620-1623	est	
1-291	1624-1631	lætitia	
1-292	1632-1634	in	
1-293	1635-1641	populo	
1-294	1642-1647	magna	
1-295	1648-1653	valde	
1-296	1653-1654	,	
1-297	1655-1657	et	
1-298	1658-1665	aversum	
1-299	1666-1669	est	
1-300	1670-1680	opprobrium	
1-301	1681-1688	gentium	
1-302	1688-1689	.	
1-303	1690-1692	59	
1-304	1693-1695	Et	
1-305	1696-1703	statuit	
1-306	1704-1709	Judas	
1-307	1709-1710	,	
1-308	1711-1713	et	
1-309	1714-1721	fratres	
1-310	1722-1726	ejus	
1-311	1726-1727	,	
1-312	1728-1730	et	
1-313	1731-1739	universa	
1-314	1740-1748	ecclesia	
1-315	1749-1755	Israël	
1-316	1755-1756	,	
1-317	1757-1759	ut	
1-318	1760-1766	agatur	
1-319	1767-1771	dies	
1-320	1772-1784	dedicationis	
1-321	1785-1792	altaris	
1-322	1793-1795	in	
1-323	1796-1806	temporibus	
1-324	1807-1811	suis	
1-325	1812-1814	ab	
1-326	1815-1819	anno	
1-327	1820-1822	in	
1-328	1823-1828	annum	
1-329	1829-1832	per	
1-330	1833-1837	dies	
1-331	1838-1842	octo	
1-332	1843-1844	a	
1-333	1845-1851	quinta	
1-334	1852-1854	et	
1-335	1855-1863	vigesima	
1-336	1864-1867	die	
1-337	1868-1874	mensis	
1-338	1875-1881	Casleu	
1-339	1881-1882	,	
1-340	1883-1886	cum	
1-341	1887-1894	lætitia	
1-342	1895-1897	et	
1-343	1898-1904	gaudio	
1-344	1904-1905	.	
1-345	1906-1908	60	
1-346	1909-1911	Et	
1-347	1912-1925	ædificaverunt	
1-348	1926-1928	in	
1-349	1929-1936	tempore	
1-350	1937-1941	illo	
1-351	1942-1948	montem	
1-352	1949-1953	Sion	
1-353	1953-1954	,	
1-354	1955-1957	et	
1-355	1958-1961	per	
1-356	1962-1971	circuitum	
1-357	1972-1977	muros	
1-358	1978-1983	altos	
1-359	1984-1986	et	
1-360	1987-1993	turres	
1-361	1994-2000	firmas	
1-362	2000-2001	,	
1-363	2002-2010	nequando	
1-364	2011-2019	venirent	
1-365	2020-2026	gentes	
1-366	2026-2027	,	
1-367	2028-2030	et	
1-368	2031-2043	conculcarent	
1-369	2044-2047	eum	
1-370	2048-2053	sicut	
1-371	2054-2059	antea	
1-372	2060-2068	fecerunt	
1-373	2068-2069	.	
1-374	2070-2072	61	
1-375	2073-2075	Et	
1-376	2076-2086	collocavit	
1-377	2087-2092	illic	
1-378	2093-2102	exercitum	
1-379	2102-2103	,	
1-380	2104-2106	ut	
1-381	2107-2116	servarent	
1-382	2117-2120	eum	
1-383	2120-2121	,	
1-384	2122-2124	et	
1-385	2125-2132	munivit	
1-386	2133-2136	eum	
1-387	2137-2139	ad	
1-388	2140-2152	custodiendum	
1-389	2153-2162	Bethsuram	
1-390	2162-2163	,	
1-391	2164-2166	ut	
1-392	2167-2174	haberet	
1-393	2175-2182	populus	
1-394	2183-2193	munitionem	
1-395	2194-2200	contra	
1-396	2201-2207	faciem	
1-397	2208-2214	Idumææ	
1-398	2214-2215	.	

#Text=Caput 5
#Text=
#Text=
#Text=1 Et factum est, ut audierunt gentes in circuitu quia ædificatum est altare et sanctuarium sicut prius, iratæ sunt valde : 2 et cogitabant tollere genus Jacob, qui erant inter eos, et cœperunt occidere de populo, et persequi.
#Text=3 Et debellabat Judas filios Esau in Idumæa, et eos qui erant in Acrabathane, quia circumsedebant Israëlitas : et percussit eos plaga magna.
#Text=4 Et recordatus est malitiam filiorum Bean, qui erant populo in laqueum et in scandalum, insidiantes ei in via.
#Text=5 Et conclusi sunt ab eo in turribus, et applicuit ad eos, et anathematizavit eos, et incendit turres eorum igni cum omnibus qui in eis erant.
2-1	2216-2221	Caput	
2-2	2222-2223	5	
2-3	2226-2227	1	
2-4	2228-2230	Et	
2-5	2231-2237	factum	
2-6	2238-2241	est	
2-7	2241-2242	,	
2-8	2243-2245	ut	
2-9	2246-2255	audierunt	
2-10	2256-2262	gentes	
2-11	2263-2265	in	
2-12	2266-2274	circuitu	
2-13	2275-2279	quia	
2-14	2280-2290	ædificatum	
2-15	2291-2294	est	
2-16	2295-2301	altare	
2-17	2302-2304	et	
2-18	2305-2316	sanctuarium	
2-19	2317-2322	sicut	
2-20	2323-2328	prius	
2-21	2328-2329	,	
2-22	2330-2335	iratæ	
2-23	2336-2340	sunt	
2-24	2341-2346	valde	
2-25	2347-2348	:	
2-26	2349-2350	2	
2-27	2351-2353	et	
2-28	2354-2364	cogitabant	
2-29	2365-2372	tollere	
2-30	2373-2378	genus	
2-31	2379-2384	Jacob	
2-32	2384-2385	,	
2-33	2386-2389	qui	
2-34	2390-2395	erant	
2-35	2396-2401	inter	
2-36	2402-2405	eos	
2-37	2405-2406	,	
2-38	2407-2409	et	
2-39	2410-2418	cœperunt	
2-40	2419-2427	occidere	
2-41	2428-2430	de	
2-42	2431-2437	populo	
2-43	2437-2438	,	
2-44	2439-2441	et	
2-45	2442-2450	persequi	
2-46	2450-2451	.	
2-47	2452-2453	3	
2-48	2454-2456	Et	
2-49	2457-2467	debellabat	
2-50	2468-2473	Judas	
2-51	2474-2480	filios	
2-52	2481-2485	Esau	
2-53	2486-2488	in	
2-54	2489-2495	Idumæa	
2-55	2495-2496	,	
2-56	2497-2499	et	
2-57	2500-2503	eos	
2-58	2504-2507	qui	
2-59	2508-2513	erant	
2-60	2514-2516	in	
2-61	2517-2528	Acrabathane	
2-62	2528-2529	,	
2-63	2530-2534	quia	
2-64	2535-2549	circumsedebant	
2-65	2550-2560	Israëlitas	
2-66	2561-2562	:	
2-67	2563-2565	et	
2-68	2566-2575	percussit	
2-69	2576-2579	eos	
2-70	2580-2585	plaga	
2-71	2586-2591	magna	
2-72	2591-2592	.	
2-73	2593-2594	4	
2-74	2595-2597	Et	
2-75	2598-2608	recordatus	
2-76	2609-2612	est	
2-77	2613-2621	malitiam	
2-78	2622-2630	filiorum	
2-79	2631-2635	Bean	
2-80	2635-2636	,	
2-81	2637-2640	qui	
2-82	2641-2646	erant	
2-83	2647-2653	populo	
2-84	2654-2656	in	
2-85	2657-2664	laqueum	
2-86	2665-2667	et	
2-87	2668-2670	in	
2-88	2671-2680	scandalum	
2-89	2680-2681	,	
2-90	2682-2693	insidiantes	
2-91	2694-2696	ei	
2-92	2697-2699	in	
2-93	2700-2703	via	
2-94	2703-2704	.	
2-95	2705-2706	5	
2-96	2707-2709	Et	
2-97	2710-2718	conclusi	
2-98	2719-2723	sunt	
2-99	2724-2726	ab	
2-100	2727-2729	eo	
2-101	2730-2732	in	
2-102	2733-2741	turribus	
2-103	2741-2742	,	
2-104	2743-2745	et	
2-105	2746-2755	applicuit	
2-106	2756-2758	ad	
2-107	2759-2762	eos	
2-108	2762-2763	,	
2-109	2764-2766	et	
2-110	2767-2782	anathematizavit	
2-111	2783-2786	eos	
2-112	2786-2787	,	
2-113	2788-2790	et	
2-114	2791-2799	incendit	
2-115	2800-2806	turres	
2-116	2807-2812	eorum	
2-117	2813-2817	igni	
2-118	2818-2821	cum	
2-119	2822-2829	omnibus	
2-120	2830-2833	qui	
2-121	2834-2836	in	
2-122	2837-2840	eis	
2-123	2841-2846	erant	
2-124	2846-2847	.	
