#FORMAT=WebAnno TSV 3.3


#Text=16 Dormivitque Joas cum patribus suis, et sepultus est in Samaria cum regibus Israël, et regnavit Jeroboam filius ejus pro eo.
#Text=17 Vixit autem Amasias filius Joas rex Juda postquam mortuus est Joas filius Joachaz regis Israël, quindecim annis.
#Text=18 Reliqua autem sermonum Amasiæ, nonne hæc scripta sunt in libro sermonum dierum regum Juda ?
1-1	2-4	16	
1-2	5-16	Dormivitque	
1-3	17-21	Joas	
1-4	22-25	cum	
1-5	26-34	patribus	
1-6	35-39	suis	
1-7	39-40	,	
1-8	41-43	et	
1-9	44-52	sepultus	
1-10	53-56	est	
1-11	57-59	in	
1-12	60-67	Samaria	
1-13	68-71	cum	
1-14	72-79	regibus	
1-15	80-86	Israël	
1-16	86-87	,	
1-17	88-90	et	
1-18	91-99	regnavit	
1-19	100-108	Jeroboam	
1-20	109-115	filius	
1-21	116-120	ejus	
1-22	121-124	pro	
1-23	125-127	eo	
1-24	127-128	.	
1-25	129-131	17	
1-26	132-137	Vixit	
1-27	138-143	autem	
1-28	144-151	Amasias	
1-29	152-158	filius	
1-30	159-163	Joas	
1-31	164-167	rex	
1-32	168-172	Juda	
1-33	173-181	postquam	
1-34	182-189	mortuus	
1-35	190-193	est	
1-36	194-198	Joas	
1-37	199-205	filius	
1-38	206-213	Joachaz	
1-39	214-219	regis	
1-40	220-226	Israël	
1-41	226-227	,	
1-42	228-237	quindecim	
1-43	238-243	annis	
1-44	243-244	.	
1-45	245-247	18	
1-46	248-255	Reliqua	
1-47	256-261	autem	
1-48	262-270	sermonum	
1-49	271-277	Amasiæ	
1-50	277-278	,	
1-51	279-284	nonne	
1-52	285-288	hæc	
1-53	289-296	scripta	
1-54	297-301	sunt	
1-55	302-304	in	
1-56	305-310	libro	
1-57	311-319	sermonum	
1-58	320-326	dierum	
1-59	327-332	regum	
1-60	333-337	Juda	
1-61	338-339	?	

#Text=19 Factaque est contra eum conjuratio in Jerusalem : at ille fugit in Lachis.
2-1	340-342	19	
2-2	343-351	Factaque	
2-3	352-355	est	
2-4	356-362	contra	
2-5	363-366	eum	
2-6	367-377	conjuratio	
2-7	378-380	in	
2-8	381-390	Jerusalem	
2-9	391-392	:	
2-10	393-395	at	
2-11	396-400	ille	
2-12	401-406	fugit	
2-13	407-409	in	
2-14	410-416	Lachis	
2-15	416-417	.	

#Text=Miseruntque post eum in Lachis, et interfecerunt eum ibi : 20 et asportaverunt in equis, sepultusque est in Jerusalem cum patribus suis in civitate David.
#Text=21 Tulit autem universus populus Judæ Azariam annos natum sedecim, et constituerunt eum regem pro patre ejus Amasia.
#Text=22 Ipse ædificavit Ælath, et restituit eam Judæ, postquam dormivit rex cum patribus suis.
#Text=23 Anno quintodecimo Amasiæ filii Joas regis Juda, regnavit Jeroboam filius Joas regis Israël in Samaria, quadraginta et uno anno.
#Text=24 Et fecit quod malum est coram Domino : non recessit ab omnibus peccatis Jeroboam filii Nabat, qui peccare fecit Israël.
#Text=25 Ipse restituit terminos Israël ab introitu Emath usque ad mare solitudinis, juxta sermonem Domini Dei Israël quem locutus est per servum suum Jonam filium Amathi prophetam, qui erat de Geth, quæ est in Opher.
#Text=26 Vidit enim Dominus afflictionem Israël amaram nimis, et quod consumpti essent usque ad clausos carcere et extremos, et non esset qui auxiliaretur Israëli.
#Text=27 Nec locutus est Dominus ut deleret nomen Israël de sub cælo, sed salvavit eos in manu Jeroboam filii Joas.
#Text=28 Reliqua autem sermonum Jeroboam, et universa quæ fecit, et fortitudo ejus qua præliatus est, et quomodo restituit Damascum et Emath Judæ in Israël, nonne hæc scripta sunt in libro sermonum dierum regum Israël ?
3-1	418-429	Miseruntque	
3-2	430-434	post	
3-3	435-438	eum	
3-4	439-441	in	
3-5	442-448	Lachis	
3-6	448-449	,	
3-7	450-452	et	
3-8	453-466	interfecerunt	
3-9	467-470	eum	
3-10	471-474	ibi	
3-11	475-476	:	
3-12	477-479	20	
3-13	480-482	et	
3-14	483-496	asportaverunt	
3-15	497-499	in	
3-16	500-505	equis	
3-17	505-506	,	
3-18	507-518	sepultusque	
3-19	519-522	est	
3-20	523-525	in	
3-21	526-535	Jerusalem	
3-22	536-539	cum	
3-23	540-548	patribus	
3-24	549-553	suis	
3-25	554-556	in	
3-26	557-565	civitate	
3-27	566-571	David	
3-28	571-572	.	
3-29	573-575	21	
3-30	576-581	Tulit	
3-31	582-587	autem	
3-32	588-597	universus	
3-33	598-605	populus	
3-34	606-610	Judæ	
3-35	611-618	Azariam	
3-36	619-624	annos	
3-37	625-630	natum	
3-38	631-638	sedecim	
3-39	638-639	,	
3-40	640-642	et	
3-41	643-656	constituerunt	
3-42	657-660	eum	
3-43	661-666	regem	
3-44	667-670	pro	
3-45	671-676	patre	
3-46	677-681	ejus	
3-47	682-688	Amasia	
3-48	688-689	.	
3-49	690-692	22	
3-50	693-697	Ipse	
3-51	698-708	ædificavit	
3-52	709-714	Ælath	
3-53	714-715	,	
3-54	716-718	et	
3-55	719-728	restituit	
3-56	729-732	eam	
3-57	733-737	Judæ	
3-58	737-738	,	
3-59	739-747	postquam	
3-60	748-756	dormivit	
3-61	757-760	rex	
3-62	761-764	cum	
3-63	765-773	patribus	
3-64	774-778	suis	
3-65	778-779	.	
3-66	780-782	23	
3-67	783-787	Anno	
3-68	788-800	quintodecimo	
3-69	801-807	Amasiæ	
3-70	808-813	filii	
3-71	814-818	Joas	
3-72	819-824	regis	
3-73	825-829	Juda	
3-74	829-830	,	
3-75	831-839	regnavit	
3-76	840-848	Jeroboam	
3-77	849-855	filius	
3-78	856-860	Joas	
3-79	861-866	regis	
3-80	867-873	Israël	
3-81	874-876	in	
3-82	877-884	Samaria	
3-83	884-885	,	
3-84	886-897	quadraginta	
3-85	898-900	et	
3-86	901-904	uno	
3-87	905-909	anno	
3-88	909-910	.	
3-89	911-913	24	
3-90	914-916	Et	
3-91	917-922	fecit	
3-92	923-927	quod	
3-93	928-933	malum	
3-94	934-937	est	
3-95	938-943	coram	
3-96	944-950	Domino	
3-97	951-952	:	
3-98	953-956	non	
3-99	957-965	recessit	
3-100	966-968	ab	
3-101	969-976	omnibus	
3-102	977-985	peccatis	
3-103	986-994	Jeroboam	
3-104	995-1000	filii	
3-105	1001-1006	Nabat	
3-106	1006-1007	,	
3-107	1008-1011	qui	
3-108	1012-1019	peccare	
3-109	1020-1025	fecit	
3-110	1026-1032	Israël	
3-111	1032-1033	.	
3-112	1034-1036	25	
3-113	1037-1041	Ipse	
3-114	1042-1051	restituit	
3-115	1052-1060	terminos	
3-116	1061-1067	Israël	
3-117	1068-1070	ab	
3-118	1071-1079	introitu	
3-119	1080-1085	Emath	
3-120	1086-1091	usque	
3-121	1092-1094	ad	
3-122	1095-1099	mare	
3-123	1100-1111	solitudinis	
3-124	1111-1112	,	
3-125	1113-1118	juxta	
3-126	1119-1127	sermonem	
3-127	1128-1134	Domini	
3-128	1135-1138	Dei	
3-129	1139-1145	Israël	
3-130	1146-1150	quem	
3-131	1151-1158	locutus	
3-132	1159-1162	est	
3-133	1163-1166	per	
3-134	1167-1173	servum	
3-135	1174-1178	suum	
3-136	1179-1184	Jonam	
3-137	1185-1191	filium	
3-138	1192-1198	Amathi	
3-139	1199-1208	prophetam	
3-140	1208-1209	,	
3-141	1210-1213	qui	
3-142	1214-1218	erat	
3-143	1219-1221	de	
3-144	1222-1226	Geth	
3-145	1226-1227	,	
3-146	1228-1231	quæ	
3-147	1232-1235	est	
3-148	1236-1238	in	
3-149	1239-1244	Opher	
3-150	1244-1245	.	
3-151	1246-1248	26	
3-152	1249-1254	Vidit	
3-153	1255-1259	enim	
3-154	1260-1267	Dominus	
3-155	1268-1280	afflictionem	
3-156	1281-1287	Israël	
3-157	1288-1294	amaram	
3-158	1295-1300	nimis	
3-159	1300-1301	,	
3-160	1302-1304	et	
3-161	1305-1309	quod	
3-162	1310-1319	consumpti	
3-163	1320-1326	essent	
3-164	1327-1332	usque	
3-165	1333-1335	ad	
3-166	1336-1343	clausos	
3-167	1344-1351	carcere	
3-168	1352-1354	et	
3-169	1355-1363	extremos	
3-170	1363-1364	,	
3-171	1365-1367	et	
3-172	1368-1371	non	
3-173	1372-1377	esset	
3-174	1378-1381	qui	
3-175	1382-1394	auxiliaretur	
3-176	1395-1402	Israëli	
3-177	1402-1403	.	
3-178	1404-1406	27	
3-179	1407-1410	Nec	
3-180	1411-1418	locutus	
3-181	1419-1422	est	
3-182	1423-1430	Dominus	
3-183	1431-1433	ut	
3-184	1434-1441	deleret	
3-185	1442-1447	nomen	
3-186	1448-1454	Israël	
3-187	1455-1457	de	
3-188	1458-1461	sub	
3-189	1462-1466	cælo	
3-190	1466-1467	,	
3-191	1468-1471	sed	
3-192	1472-1480	salvavit	
3-193	1481-1484	eos	
3-194	1485-1487	in	
3-195	1488-1492	manu	
3-196	1493-1501	Jeroboam	
3-197	1502-1507	filii	
3-198	1508-1512	Joas	
3-199	1512-1513	.	
3-200	1514-1516	28	
3-201	1517-1524	Reliqua	
3-202	1525-1530	autem	
3-203	1531-1539	sermonum	
3-204	1540-1548	Jeroboam	
3-205	1548-1549	,	
3-206	1550-1552	et	
3-207	1553-1561	universa	
3-208	1562-1565	quæ	
3-209	1566-1571	fecit	
3-210	1571-1572	,	
3-211	1573-1575	et	
3-212	1576-1585	fortitudo	
3-213	1586-1590	ejus	
3-214	1591-1594	qua	
3-215	1595-1604	præliatus	
3-216	1605-1608	est	
3-217	1608-1609	,	
3-218	1610-1612	et	
3-219	1613-1620	quomodo	
3-220	1621-1630	restituit	
3-221	1631-1639	Damascum	
3-222	1640-1642	et	
3-223	1643-1648	Emath	
3-224	1649-1653	Judæ	
3-225	1654-1656	in	
3-226	1657-1663	Israël	
3-227	1663-1664	,	
3-228	1665-1670	nonne	
3-229	1671-1674	hæc	
3-230	1675-1682	scripta	
3-231	1683-1687	sunt	
3-232	1688-1690	in	
3-233	1691-1696	libro	
3-234	1697-1705	sermonum	
3-235	1706-1712	dierum	
3-236	1713-1718	regum	
3-237	1719-1725	Israël	
3-238	1726-1727	?	

#Text=29 Dormivitque Jeroboam cum patribus suis regibus Israël, et regnavit Zacharias filius ejus pro eo.
4-1	1728-1730	29	
4-2	1731-1742	Dormivitque	
4-3	1743-1751	Jeroboam	
4-4	1752-1755	cum	
4-5	1756-1764	patribus	
4-6	1765-1769	suis	
4-7	1770-1777	regibus	
4-8	1778-1784	Israël	
4-9	1784-1785	,	
4-10	1786-1788	et	
4-11	1789-1797	regnavit	
4-12	1798-1807	Zacharias	
4-13	1808-1814	filius	
4-14	1815-1819	ejus	
4-15	1820-1823	pro	
4-16	1824-1826	eo	
4-17	1826-1827	.	

#Text=Caput 15
#Text=
#Text=
#Text=1 Anno vigesimo septimo Jeroboam regis Israël, regnavit Azarias filius Amasiæ regis Juda.
#Text=2 Sedecim annorum erat cum regnare cœpisset, et quinquaginta duobus annis regnavit in Jerusalem : nomen matris ejus Jechelia de Jerusalem.
#Text=3 Fecitque quod erat placitum coram Domino, juxta omnia quæ fecit Amasias pater ejus.
#Text=4 Verumtamen excelsa non est demolitus : adhuc populus sacrificabat, et adolebat incensum in excelsis.
#Text=5 Percussit autem Dominus regem, et fuit leprosus usque in diem mortis suæ, et habitabat in domo libera seorsum : Joatham vero filius regis gubernabat palatium, et judicabit populum terræ.
#Text=6 Reliqua autem sermonum Azariæ, et universa quæ fecit, nonne hæc scripta sunt in libro verborum dierum regum Juda ?
5-1	1828-1833	Caput	
5-2	1834-1836	15	
5-3	1839-1840	1	
5-4	1841-1845	Anno	
5-5	1846-1854	vigesimo	
5-6	1855-1862	septimo	
5-7	1863-1871	Jeroboam	
5-8	1872-1877	regis	
5-9	1878-1884	Israël	
5-10	1884-1885	,	
5-11	1886-1894	regnavit	
5-12	1895-1902	Azarias	
5-13	1903-1909	filius	
5-14	1910-1916	Amasiæ	
5-15	1917-1922	regis	
5-16	1923-1927	Juda	
5-17	1927-1928	.	
5-18	1929-1930	2	
5-19	1931-1938	Sedecim	
5-20	1939-1946	annorum	
5-21	1947-1951	erat	
5-22	1952-1955	cum	
5-23	1956-1963	regnare	
5-24	1964-1972	cœpisset	
5-25	1972-1973	,	
5-26	1974-1976	et	
5-27	1977-1989	quinquaginta	
5-28	1990-1996	duobus	
5-29	1997-2002	annis	
5-30	2003-2011	regnavit	
5-31	2012-2014	in	
5-32	2015-2024	Jerusalem	
5-33	2025-2026	:	
5-34	2027-2032	nomen	
5-35	2033-2039	matris	
5-36	2040-2044	ejus	
5-37	2045-2053	Jechelia	
5-38	2054-2056	de	
5-39	2057-2066	Jerusalem	
5-40	2066-2067	.	
5-41	2068-2069	3	
5-42	2070-2078	Fecitque	
5-43	2079-2083	quod	
5-44	2084-2088	erat	
5-45	2089-2097	placitum	
5-46	2098-2103	coram	
5-47	2104-2110	Domino	
5-48	2110-2111	,	
5-49	2112-2117	juxta	
5-50	2118-2123	omnia	
5-51	2124-2127	quæ	
5-52	2128-2133	fecit	
5-53	2134-2141	Amasias	
5-54	2142-2147	pater	
5-55	2148-2152	ejus	
5-56	2152-2153	.	
5-57	2154-2155	4	
5-58	2156-2166	Verumtamen	
5-59	2167-2174	excelsa	
5-60	2175-2178	non	
5-61	2179-2182	est	
5-62	2183-2192	demolitus	
5-63	2193-2194	:	
5-64	2195-2200	adhuc	
5-65	2201-2208	populus	
5-66	2209-2221	sacrificabat	
5-67	2221-2222	,	
5-68	2223-2225	et	
5-69	2226-2234	adolebat	
5-70	2235-2243	incensum	
5-71	2244-2246	in	
5-72	2247-2255	excelsis	
5-73	2255-2256	.	
5-74	2257-2258	5	
5-75	2259-2268	Percussit	
5-76	2269-2274	autem	
5-77	2275-2282	Dominus	
5-78	2283-2288	regem	
5-79	2288-2289	,	
5-80	2290-2292	et	
5-81	2293-2297	fuit	
5-82	2298-2306	leprosus	
5-83	2307-2312	usque	
5-84	2313-2315	in	
5-85	2316-2320	diem	
5-86	2321-2327	mortis	
5-87	2328-2331	suæ	
5-88	2331-2332	,	
5-89	2333-2335	et	
5-90	2336-2345	habitabat	
5-91	2346-2348	in	
5-92	2349-2353	domo	
5-93	2354-2360	libera	
5-94	2361-2368	seorsum	
5-95	2369-2370	:	
5-96	2371-2378	Joatham	
5-97	2379-2383	vero	
5-98	2384-2390	filius	
5-99	2391-2396	regis	
5-100	2397-2407	gubernabat	
5-101	2408-2416	palatium	
5-102	2416-2417	,	
5-103	2418-2420	et	
5-104	2421-2430	judicabit	
5-105	2431-2438	populum	
5-106	2439-2444	terræ	
5-107	2444-2445	.	
5-108	2446-2447	6	
5-109	2448-2455	Reliqua	
5-110	2456-2461	autem	
5-111	2462-2470	sermonum	
5-112	2471-2477	Azariæ	
5-113	2477-2478	,	
5-114	2479-2481	et	
5-115	2482-2490	universa	
5-116	2491-2494	quæ	
5-117	2495-2500	fecit	
5-118	2500-2501	,	
5-119	2502-2507	nonne	
5-120	2508-2511	hæc	
5-121	2512-2519	scripta	
5-122	2520-2524	sunt	
5-123	2525-2527	in	
5-124	2528-2533	libro	
5-125	2534-2542	verborum	
5-126	2543-2549	dierum	
5-127	2550-2555	regum	
5-128	2556-2560	Juda	
5-129	2561-2562	?	
