#FORMAT=WebAnno TSV 3.3


#Text=Verum
#Text=Nervi
#Text=proprie ab
#Text=Anatomicis vocati sunt illae demum
#Text=propagines, quae e lateribus Nodulorum progerminant.
1-1	2-7	Verum	
1-2	8-13	Nervi	
1-3	14-21	proprie	
1-4	22-24	ab	
1-5	25-35	Anatomicis	
1-6	36-42	vocati	
1-7	43-47	sunt	
1-8	48-53	illae	
1-9	54-59	demum	
1-10	60-70	propagines	
1-11	70-71	,	
1-12	72-76	quae	
1-13	77-78	e	
1-14	79-88	lateribus	
1-15	89-98	Nodulorum	
1-16	99-111	progerminant	
1-17	111-112	.	

#Text=Quodsi Medullam
#Text=circa
#Text=posteriores
#Text=Abdominis
#Text=Annulos prosequimur;
#Text=Nervi ibidem, e Nodulis prodeuntes,
#Text=cernun-
#Text=
#Text=
#Text=bestaan:
#Text=deese Longen syn heel vliesig, en vallen toe als 'er de lucht uytgaat, dat
#Text=haare uytspruytende pypkens niet en gebeurt, alsoo die uyt krulwyse ringekens
#Text=bestaan, ende alsoo altyt gapent ende open blyven.
2-1	113-119	Quodsi	
2-2	120-128	Medullam	
2-3	129-134	circa	
2-4	135-146	posteriores	
2-5	147-156	Abdominis	
2-6	157-164	Annulos	
2-7	165-176	prosequimur	
2-8	176-177	;	
2-9	178-183	Nervi	
2-10	184-190	ibidem	
2-11	190-191	,	
2-12	192-193	e	
2-13	194-201	Nodulis	
2-14	202-212	prodeuntes	
2-15	212-213	,	
2-16	214-220	cernun	
2-17	220-221	-	
2-18	224-231	bestaan	
2-19	231-232	:	
2-20	233-238	deese	
2-21	239-245	Longen	
2-22	246-249	syn	
2-23	250-254	heel	
2-24	255-262	vliesig	
2-25	262-263	,	
2-26	264-266	en	
2-27	267-273	vallen	
2-28	274-277	toe	
2-29	278-281	als	
2-30	282-283	'	
2-31	283-285	er	
2-32	286-288	de	
2-33	289-294	lucht	
2-34	295-302	uytgaat	
2-35	302-303	,	
2-36	304-307	dat	
2-37	308-313	haare	
2-38	314-327	uytspruytende	
2-39	328-335	pypkens	
2-40	336-340	niet	
2-41	341-343	en	
2-42	344-351	gebeurt	
2-43	351-352	,	
2-44	353-358	alsoo	
2-45	359-362	die	
2-46	363-366	uyt	
2-47	367-375	krulwyse	
2-48	376-385	ringekens	
2-49	386-393	bestaan	
2-50	393-394	,	
2-51	395-399	ende	
2-52	400-405	alsoo	
2-53	406-411	altyt	
2-54	412-418	gapent	
2-55	419-423	ende	
2-56	424-428	open	
2-57	429-435	blyven	
2-58	435-436	.	

#Text=De Longen, soo als gesegt,
#Text=+
#Text=
#Text=
#Text=uyt verwyde takken van de Longpyp bestaande, die eyndigen wederom in pypkens
#Text=b b &c., die ringwys syn, deselve siet men hier en daar weer gedilateert worden
#Text=+bb &c
3-1	437-439	De	
3-2	440-446	Longen	
3-3	446-447	,	
3-4	448-451	soo	
3-5	452-455	als	
3-6	456-462	gesegt	
3-7	462-463	,	
3-8	464-465	+	
3-9	468-471	uyt	
3-10	472-479	verwyde	
3-11	480-486	takken	
3-12	487-490	van	
3-13	491-493	de	
3-14	494-501	Longpyp	
3-15	502-511	bestaande	
3-16	511-512	,	
3-17	513-516	die	
3-18	517-525	eyndigen	
3-19	526-533	wederom	
3-20	534-536	in	
3-21	537-544	pypkens	
3-22	545-546	b	
3-23	547-548	b	
3-24	549-550	&	
3-25	550-551	c	
3-26	551-552	.	
3-27	552-553	,	
3-28	554-557	die	
3-29	558-565	ringwys	
3-30	566-569	syn	
3-31	569-570	,	
3-32	571-578	deselve	
3-33	579-583	siet	
3-34	584-587	men	
3-35	588-592	hier	
3-36	593-595	en	
3-37	596-600	daar	
3-38	601-605	weer	
3-39	606-617	gedilateert	
3-40	618-624	worden	
3-41	625-626	+	
3-42	626-628	bb	
3-43	629-630	&	
3-44	630-631	c	

#Text=.
4-1	631-632	.	

#Text=+
#Text=
#Text=
#Text=+
#Text=
#Text=
#Text=in blaaskens
5-1	634-635	+	
5-2	638-639	+	
5-3	642-644	in	
5-4	645-654	blaaskens	
