#FORMAT=WebAnno TSV 3.3
#T_SP=custom.Span|label
#T_RL=custom.Relation|label|BT_custom.Span


#Text=Bauhini Be-
#Text=ſchreibung ein lieblicher und luſtig auſſehen-
#Text=der Baum/ ſtaͤts gruͤnend; hat Blaͤtter wie
#Text=der Citronen-baum/ 2. biß 3.
1-1	2-9	Bauhini	_	_	_	
1-2	10-12	Be	_	_	_	
1-3	12-13	-	_	_	_	
1-4	14-24	ſchreibung	_	_	_	
1-5	25-28	ein	_	_	_	
1-6	29-39	lieblicher	_	_	_	
1-7	40-43	und	_	_	_	
1-8	44-50	luſtig	_	_	_	
1-9	51-59	auſſehen	_	_	_	
1-10	59-60	-	_	_	_	
1-11	61-64	der	_	_	_	
1-12	65-69	Baum	_	_	_	
1-13	69-70	/	_	_	_	
1-14	71-77	ſtaͤts	_	_	_	
1-15	78-86	gruͤnend	_	_	_	
1-16	86-87	;	_	_	_	
1-17	88-91	hat	_	_	_	
1-18	92-100	Blaͤtter	_	_	_	
1-19	101-104	wie	_	_	_	
1-20	105-108	der	_	_	_	
1-21	109-122	Citronen-baum	_	_	_	
1-22	122-123	/	_	_	_	
1-23	124-125	2	_	_	_	
1-24	125-126	.	_	_	_	
1-25	127-130	biß	_	_	_	
1-26	131-132	3	_	_	_	
1-27	132-133	.	_	_	_	

#Text=Finger breit/
#Text=
#Text=an dem Umbkreiß ein wenig zerkerfft/ glatt/
#Text=
#Text=dick-und fettlicht/
#Text=anmuͤthig gruͤn/ eines
#Text=bittern zuſammenziehenden Geſchmacks.
2-1	134-140	Finger	_	_	_	
2-2	141-146	breit	_	_	_	
2-3	146-147	/	_	_	_	
2-4	149-151	an	_	_	_	
2-5	152-155	dem	_	_	_	
2-6	156-164	Umbkreiß	_	_	_	
2-7	165-168	ein	_	_	_	
2-8	169-174	wenig	_	_	_	
2-9	175-184	zerkerfft	_	_	_	
2-10	184-185	/	_	_	_	
2-11	186-191	glatt	_	_	_	
2-12	191-192	/	_	_	_	
2-13	194-202	dick-und	_	_	_	
2-14	203-212	fettlicht	_	_	_	
2-15	212-213	/	_	_	_	
2-16	214-223	anmuͤthig	_	_	_	
2-17	224-229	gruͤn	_	_	_	
2-18	229-230	/	_	_	_	
2-19	231-236	eines	_	_	_	
2-20	237-244	bittern	_	_	_	
2-21	245-262	zuſammenziehenden	_	_	_	
2-22	263-273	Geſchmacks	_	_	_	
2-23	273-274	.	_	_	_	

#Text=Die Rinde der Aeſten iſt gruͤn/ das inwen-
#Text=dige Holtz aber weiß:
#Text=Treibt an den alten
#Text=hoͤchſten
#Text=Aeſten/ zwiſchen des vorigen Jahrs
#Text=
#Text=Blaͤtteren/
#Text=Fingers lange Spießlein oder
#Text=Sproͤßlein herauß/
#Text=an welchen mit kurtzen
#Text=Stiehlein viel kleine/ weiſſe/ fuͤnff-blaͤttige/
#Text=nichts riechende Bluͤmlein Trauben-weiſe
#Text=wachſen;
#Text=Denen die lieblich-ſuͤſſe/ ablan-
#Text=ge/ blaw-rothe Fruͤchten folgen/ welche et-
#Text=was groͤſſer als die Kirſchen/ und einen run-
#Text=den harten Stein/ mit einem bittern Ker-
#Text=nen begabet/ in ſich haben.
3-1	277-280	Die	_	_	_	
3-2	281-286	Rinde	_	_	_	
3-3	287-290	der	_	_	_	
3-4	291-297	Aeſten	_	_	_	
3-5	298-301	iſt	_	_	_	
3-6	302-307	gruͤn	_	_	_	
3-7	307-308	/	_	_	_	
3-8	309-312	das	_	_	_	
3-9	313-318	inwen	_	_	_	
3-10	318-319	-	_	_	_	
3-11	320-324	dige	_	_	_	
3-12	325-330	Holtz	_	_	_	
3-13	331-335	aber	_	_	_	
3-14	336-340	weiß	_	_	_	
3-15	340-341	:	_	_	_	
3-16	342-348	Treibt	_	_	_	
3-17	349-351	an	_	_	_	
3-18	352-355	den	_	_	_	
3-19	356-361	alten	_	_	_	
3-20	362-371	hoͤchſten	_	_	_	
3-21	372-378	Aeſten	_	_	_	
3-22	378-379	/	_	_	_	
3-23	380-388	zwiſchen	_	_	_	
3-24	389-392	des	_	_	_	
3-25	393-400	vorigen	_	_	_	
3-26	401-406	Jahrs	_	_	_	
3-27	408-418	Blaͤtteren	_	_	_	
3-28	418-419	/	_	_	_	
3-29	420-427	Fingers	_	_	_	
3-30	428-433	lange	_	_	_	
3-31	434-443	Spießlein	_	_	_	
3-32	444-448	oder	_	_	_	
3-33	449-459	Sproͤßlein	_	_	_	
3-34	460-466	herauß	_	_	_	
3-35	466-467	/	_	_	_	
3-36	468-470	an	_	_	_	
3-37	471-478	welchen	_	_	_	
3-38	479-482	mit	_	_	_	
3-39	483-490	kurtzen	_	_	_	
3-40	491-500	Stiehlein	_	_	_	
3-41	501-505	viel	_	_	_	
3-42	506-512	kleine	_	_	_	
3-43	512-513	/	_	_	_	
3-44	514-520	weiſſe	_	_	_	
3-45	520-521	/	_	_	_	
3-46	522-538	fuͤnff-blaͤttige	_	_	_	
3-47	538-539	/	_	_	_	
3-48	540-546	nichts	Quality	_	_	
3-49	547-556	riechende	Smell\_Word	*|*	3-48|3-50	
3-50	557-566	Bluͤmlein	Smell\_Source	_	_	
3-51	567-580	Trauben-weiſe	_	_	_	
3-52	581-588	wachſen	_	_	_	
3-53	588-589	;	_	_	_	
3-54	590-595	Denen	_	_	_	
3-55	596-599	die	_	_	_	
3-56	600-615	lieblich-ſuͤſſe	_	_	_	
3-57	615-616	/	_	_	_	
3-58	617-622	ablan	_	_	_	
3-59	622-623	-	_	_	_	
3-60	624-626	ge	_	_	_	
3-61	626-627	/	_	_	_	
3-62	628-638	blaw-rothe	_	_	_	
3-63	639-648	Fruͤchten	_	_	_	
3-64	649-655	folgen	_	_	_	
3-65	655-656	/	_	_	_	
3-66	657-663	welche	_	_	_	
3-67	664-666	et	_	_	_	
3-68	666-667	-	_	_	_	
3-69	668-671	was	_	_	_	
3-70	672-680	groͤſſer	_	_	_	
3-71	681-684	als	_	_	_	
3-72	685-688	die	_	_	_	
3-73	689-697	Kirſchen	_	_	_	
3-74	697-698	/	_	_	_	
3-75	699-702	und	_	_	_	
3-76	703-708	einen	_	_	_	
3-77	709-712	run	_	_	_	
3-78	712-713	-	_	_	_	
3-79	714-717	den	_	_	_	
3-80	718-724	harten	_	_	_	
3-81	725-730	Stein	_	_	_	
3-82	730-731	/	_	_	_	
3-83	732-735	mit	_	_	_	
3-84	736-741	einem	_	_	_	
3-85	742-749	bittern	_	_	_	
3-86	750-753	Ker	_	_	_	
3-87	753-754	-	_	_	_	
3-88	755-758	nen	_	_	_	
3-89	759-766	begabet	_	_	_	
3-90	766-767	/	_	_	_	
3-91	768-770	in	_	_	_	
3-92	771-775	ſich	_	_	_	
3-93	776-781	haben	_	_	_	
3-94	781-782	.	_	_	_	

#Text=Dieſer Baum ſoll erſtlich von Trapezunt
#Text=nach Conſtantinopel/ und von dannen
#Text=her-
#Text=nach in Jtalien/ Hiſpanien/ Franckreich/
#Text=Teutſchland und Engelland/ da er in den
#Text=wohlbeſtellten Gaͤrten hin und wider wohl
#Text=und hurtig auffwachſt/ bluͤhet/ und Fruͤch-
#Text=te tragt/ und die Kaͤlte wohl erdauren mag/
#Text=
#Text=gebracht worden ſeyn.
4-1	786-792	Dieſer	_	_	_	
4-2	793-797	Baum	_	_	_	
4-3	798-802	ſoll	_	_	_	
4-4	803-811	erſtlich	_	_	_	
4-5	812-815	von	_	_	_	
4-6	816-825	Trapezunt	_	_	_	
4-7	826-830	nach	_	_	_	
4-8	831-845	Conſtantinopel	_	_	_	
4-9	845-846	/	_	_	_	
4-10	847-850	und	_	_	_	
4-11	851-854	von	_	_	_	
4-12	855-861	dannen	_	_	_	
4-13	862-865	her	_	_	_	
4-14	865-866	-	_	_	_	
4-15	867-871	nach	_	_	_	
4-16	872-874	in	_	_	_	
4-17	875-882	Jtalien	_	_	_	
4-18	882-883	/	_	_	_	
4-19	884-893	Hiſpanien	_	_	_	
4-20	893-894	/	_	_	_	
4-21	895-906	Franckreich	_	_	_	
4-22	906-907	/	_	_	_	
4-23	908-919	Teutſchland	_	_	_	
4-24	920-923	und	_	_	_	
4-25	924-933	Engelland	_	_	_	
4-26	933-934	/	_	_	_	
4-27	935-937	da	_	_	_	
4-28	938-940	er	_	_	_	
4-29	941-943	in	_	_	_	
4-30	944-947	den	_	_	_	
4-31	948-962	wohlbeſtellten	_	_	_	
4-32	963-970	Gaͤrten	_	_	_	
4-33	971-974	hin	_	_	_	
4-34	975-978	und	_	_	_	
4-35	979-984	wider	_	_	_	
4-36	985-989	wohl	_	_	_	
4-37	990-993	und	_	_	_	
4-38	994-1000	hurtig	_	_	_	
4-39	1001-1011	auffwachſt	_	_	_	
4-40	1011-1012	/	_	_	_	
4-41	1013-1020	bluͤhet	_	_	_	
4-42	1020-1021	/	_	_	_	
4-43	1022-1025	und	_	_	_	
4-44	1026-1032	Fruͤch	_	_	_	
4-45	1032-1033	-	_	_	_	
4-46	1034-1036	te	_	_	_	
4-47	1037-1042	tragt	_	_	_	
4-48	1042-1043	/	_	_	_	
4-49	1044-1047	und	_	_	_	
4-50	1048-1051	die	_	_	_	
4-51	1052-1058	Kaͤlte	_	_	_	
4-52	1059-1063	wohl	_	_	_	
4-53	1064-1072	erdauren	_	_	_	
4-54	1073-1076	mag	_	_	_	
4-55	1076-1077	/	_	_	_	
4-56	1079-1087	gebracht	_	_	_	
4-57	1088-1094	worden	_	_	_	
4-58	1095-1099	ſeyn	_	_	_	
4-59	1099-1100	.	_	_	_	

#Text=CAPUT
#Text=XXXVI
5-1	1105-1110	CAPUT	_	_	_	
5-2	1111-1116	XXXVI	_	_	_	

#Text=.
6-1	1116-1117	.	_	_	_	

#Text=[
7-1	1120-1121	[	_	_	_	
