#FORMAT=WebAnno TSV 3.3
#T_SP=custom.Span|label


#Text=Das ſechs und viertzigſte Capitel.
1-1	6-9	Das	_	
1-2	10-15	ſechs	_	
1-3	16-19	und	_	
1-4	20-31	viertzigſte	_	
1-5	32-39	Capitel	_	
1-6	39-40	.	_	

#Text=Vom Zitronoͤle.
2-1	43-46	Vom	_	
2-2	47-57	Zitronoͤle	_	
2-3	57-58	.	_	

#Text=WJr verkauffen zweyerley Zitron-
#Text=oͤl, das gemeine und Eſſenza di Ce-
#Text=dro, oder Zitroneſſentz.
3-1	62-65	WJr	_	
3-2	66-76	verkauffen	_	
3-3	77-86	zweyerley	_	
3-4	87-93	Zitron	_	
3-5	93-94	-	_	
3-6	95-98	oͤl	_	
3-7	98-99	,	_	
3-8	100-103	das	_	
3-9	104-111	gemeine	_	
3-10	112-115	und	_	
3-11	116-123	Eſſenza	_	
3-12	124-126	di	_	
3-13	127-129	Ce	_	
3-14	129-130	-	_	
3-15	131-134	dro	_	
3-16	134-135	,	_	
3-17	136-140	oder	_	
3-18	141-154	Zitroneſſentz	_	
3-19	154-155	.	_	

#Text=Das eine,
#Text=das am hoͤheſten gehalten wird, fuͤhret
#Text=
#Text=den Namen des Zitronoͤls, oder der Zi-
#Text=troneſſentz,
#Text=und wird auf zweyerley Art
#Text=bereitet: Naͤmlich von Citronſchalen,
#Text=davon das Weiſſe weggeſchnitten wor-
#Text=den, oder von abgeriebenen Zitronen,
#Text=daraus man dann, vermittelſt des Feu-
#Text=ers und eines Kolbens, ein weiſſes ſtarck-
#Text=riechendes Oel ziehet, welches dem ſuͤſſen
#Text=Mandeloͤle gantz gleich ſieht, auſſer
#Text=daß
#Text=es nicht ſo dicke iſt.
4-1	156-159	Das	_	
4-2	160-164	eine	_	
4-3	164-165	,	_	
4-4	166-169	das	_	
4-5	170-172	am	_	
4-6	173-182	hoͤheſten	_	
4-7	183-191	gehalten	_	
4-8	192-196	wird	_	
4-9	196-197	,	_	
4-10	198-205	fuͤhret	_	
4-11	207-210	den	_	
4-12	211-216	Namen	_	
4-13	217-220	des	_	
4-14	221-231	Zitronoͤls	_	
4-15	231-232	,	_	
4-16	233-237	oder	_	
4-17	238-241	der	_	
4-18	242-244	Zi	_	
4-19	244-245	-	_	
4-20	246-257	troneſſentz	_	
4-21	257-258	,	_	
4-22	259-262	und	_	
4-23	263-267	wird	_	
4-24	268-271	auf	_	
4-25	272-281	zweyerley	_	
4-26	282-285	Art	_	
4-27	286-294	bereitet	_	
4-28	294-295	:	_	
4-29	296-304	Naͤmlich	_	
4-30	305-308	von	_	
4-31	309-322	Citronſchalen	_	
4-32	322-323	,	_	
4-33	324-329	davon	_	
4-34	330-333	das	_	
4-35	334-340	Weiſſe	_	
4-36	341-355	weggeſchnitten	_	
4-37	356-359	wor	_	
4-38	359-360	-	_	
4-39	361-364	den	_	
4-40	364-365	,	_	
4-41	366-370	oder	_	
4-42	371-374	von	_	
4-43	375-387	abgeriebenen	_	
4-44	388-396	Zitronen	_	
4-45	396-397	,	_	
4-46	398-404	daraus	_	
4-47	405-408	man	_	
4-48	409-413	dann	_	
4-49	413-414	,	_	
4-50	415-426	vermittelſt	_	
4-51	427-430	des	_	
4-52	431-434	Feu	_	
4-53	434-435	-	_	
4-54	436-439	ers	_	
4-55	440-443	und	_	
4-56	444-449	eines	_	
4-57	450-457	Kolbens	_	
4-58	457-458	,	_	
4-59	459-462	ein	_	
4-60	463-470	weiſſes	_	
4-61	471-477	ſtarck	Quality	
4-62	477-478	-	_	
4-63	479-489	riechendes	Smell\_Word	
4-64	490-493	Oel	Smell\_Source	
4-65	494-500	ziehet	_	
4-66	500-501	,	_	
4-67	502-509	welches	_	
4-68	510-513	dem	_	
4-69	514-521	ſuͤſſen	_	
4-70	522-532	Mandeloͤle	_	
4-71	533-538	gantz	_	
4-72	539-545	gleich	_	
4-73	546-551	ſieht	_	
4-74	551-552	,	_	
4-75	553-559	auſſer	_	
4-76	560-563	daß	_	
4-77	564-566	es	_	
4-78	567-572	nicht	_	
4-79	573-575	ſo	_	
4-80	576-581	dicke	_	
4-81	582-585	iſt	_	
4-82	585-586	.	_	

#Text=Das andere und ge-
#Text=meine Zitronenoͤl ſieht gruͤnlicht, und iſt
#Text=klar, riecht gut, und wird ebenfalls mit
#Text=Huͤlffe eines Kolbens, aus den dicken
#Text=Hefen, die in den Faͤſſern, darinnen man
#Text=
#Text=den Zitronenſaft ſich ſetzen laſſen, be-
#Text=findlich ſind.
5-1	587-590	Das	_	
5-2	591-597	andere	_	
5-3	598-601	und	_	
5-4	602-604	ge	_	
5-5	604-605	-	_	
5-6	606-611	meine	_	
5-7	612-623	Zitronenoͤl	Smell\_Source	
5-8	624-629	ſieht	_	
5-9	630-640	gruͤnlicht	_	
5-10	640-641	,	_	
5-11	642-645	und	_	
5-12	646-649	iſt	_	
5-13	650-654	klar	_	
5-14	654-655	,	_	
5-15	656-662	riecht	Smell\_Word	
5-16	663-666	gut	Quality	
5-17	666-667	,	_	
5-18	668-671	und	_	
5-19	672-676	wird	_	
5-20	677-686	ebenfalls	_	
5-21	687-690	mit	_	
5-22	691-698	Huͤlffe	_	
5-23	699-704	eines	_	
5-24	705-712	Kolbens	_	
5-25	712-713	,	_	
5-26	714-717	aus	_	
5-27	718-721	den	_	
5-28	722-728	dicken	_	
5-29	729-734	Hefen	_	
5-30	734-735	,	_	
5-31	736-739	die	_	
5-32	740-742	in	_	
5-33	743-746	den	_	
5-34	747-755	Faͤſſern	_	
5-35	755-756	,	_	
5-36	757-765	darinnen	_	
5-37	766-769	man	_	
5-38	771-774	den	_	
5-39	775-787	Zitronenſaft	_	
5-40	788-792	ſich	_	
5-41	793-799	ſetzen	_	
5-42	800-806	laſſen	_	
5-43	806-807	,	_	
5-44	808-810	be	_	
5-45	810-811	-	_	
5-46	812-820	findlich	_	
5-47	821-825	ſind	_	
5-48	825-826	.	_	

#Text=Es geben aber 50.
6-1	827-829	Es	_	
6-2	830-835	geben	_	
6-3	836-840	aber	_	
6-4	841-843	50	_	
6-5	843-844	.	_	

#Text=Pfund
#Text=
#Text=dieſer Hefen
#Text=gemeiniglich drey Pfund
#Text=lauteres Oel, mehr oder weniger, nach-
#Text=dem die Citronen gut oder ſchlecht ge-
#Text=weſen.
7-1	845-850	Pfund	_	
7-2	852-858	dieſer	_	
7-3	859-864	Hefen	_	
7-4	865-877	gemeiniglich	_	
7-5	878-882	drey	_	
7-6	883-888	Pfund	_	
7-7	889-897	lauteres	_	
7-8	898-901	Oel	_	
7-9	901-902	,	_	
7-10	903-907	mehr	_	
7-11	908-912	oder	_	
7-12	913-920	weniger	_	
7-13	920-921	,	_	
7-14	922-926	nach	_	
7-15	926-927	-	_	
7-16	928-931	dem	_	
7-17	932-935	die	_	
7-18	936-944	Citronen	_	
7-19	945-948	gut	_	
7-20	949-953	oder	_	
7-21	954-962	ſchlecht	_	
7-22	963-965	ge	_	
7-23	965-966	-	_	
7-24	967-972	weſen	_	
7-25	972-973	.	_	

#Text=Zitron-
#Text=Eſſentz.
8-1	977-983	Zitron	_	
8-2	983-984	-	_	
8-3	985-992	Eſſentz	_	
8-4	992-993	.	_	

#Text=Die Parfumirer brauchen die Citro-
#Text=nenoͤle, wegen ihres guten Geruchs, vor
#Text=allen aber die Zitroneneſſentz.
9-1	996-999	Die	_	
9-2	1000-1010	Parfumirer	_	
9-3	1011-1019	brauchen	_	
9-4	1020-1023	die	_	
9-5	1024-1029	Citro	Smell\_Source[1]	
9-6	1029-1030	-	Smell\_Source[1]	
9-7	1031-1038	nenoͤle	Smell\_Source[1]	
9-8	1038-1039	,	_	
9-9	1040-1045	wegen	_	
9-10	1046-1051	ihres	_	
9-11	1052-1057	guten	Quality	
9-12	1058-1065	Geruchs	Smell\_Word	
9-13	1065-1066	,	_	
9-14	1067-1070	vor	_	
9-15	1071-1076	allen	_	
9-16	1077-1081	aber	_	
9-17	1082-1085	die	_	
9-18	1086-1101	Zitroneneſſentz	_	
9-19	1101-1102	.	_	

#Text=Belangend den Zitronenſaft, Aigre
#Text=de Cedre, das iſt ein Saft, der aus einer
#Text=gewiſſen Gattung halbreiffer Zitronen,
#Text=welche von Bourgaire bey S.
10-1	1105-1114	Belangend	_	
10-2	1115-1118	den	_	
10-3	1119-1131	Zitronenſaft	_	
10-4	1131-1132	,	_	
10-5	1133-1138	Aigre	_	
10-6	1139-1141	de	_	
10-7	1142-1147	Cedre	_	
10-8	1147-1148	,	_	
10-9	1149-1152	das	_	
10-10	1153-1156	iſt	_	
10-11	1157-1160	ein	_	
10-12	1161-1165	Saft	_	
10-13	1165-1166	,	_	
10-14	1167-1170	der	_	
10-15	1171-1174	aus	_	
10-16	1175-1180	einer	_	
10-17	1181-1189	gewiſſen	_	
10-18	1190-1197	Gattung	_	
10-19	1198-1209	halbreiffer	_	
10-20	1210-1218	Zitronen	_	
10-21	1218-1219	,	_	
10-22	1220-1226	welche	_	
10-23	1227-1230	von	_	
10-24	1231-1240	Bourgaire	_	
10-25	1241-1244	bey	_	
10-26	1245-1246	S	_	
10-27	1246-1247	.	_	

#Text=Ren-
#Text=nes gebracht werden, bereitet und hin
#Text=und her verfuͤhret wird.
11-1	1248-1251	Ren	_	
11-2	1251-1252	-	_	
11-3	1253-1256	nes	_	
11-4	1257-1265	gebracht	_	
11-5	1266-1272	werden	_	
11-6	1272-1273	,	_	
11-7	1274-1282	bereitet	_	
11-8	1283-1286	und	_	
11-9	1287-1290	hin	_	
11-10	1291-1294	und	_	
11-11	1295-1298	her	_	
11-12	1299-1309	verfuͤhret	_	
11-13	1310-1314	wird	_	
11-14	1314-1315	.	_	
