#FORMAT=WebAnno TSV 3.3


#Text=Wat de droogheid der lucht betreft, zoo moet men bcdenken, dat de veendamp zich slechts bij eene
#Text=[p. 551]
#Text=
#Text=drooge luchtsgesteldheid ver verbreiden kan, omdat de aschdeeltjes, waaruit hij bestaat, zich spoedig vol zuigen wanneer de lucht zeer vochtig is, daardoor zwaarder worden en naar den grond zinken.
1-1	2-5	Wat	
1-2	6-8	de	
1-3	9-18	droogheid	
1-4	19-22	der	
1-5	23-28	lucht	
1-6	29-36	betreft	
1-7	36-37	,	
1-8	38-41	zoo	
1-9	42-46	moet	
1-10	47-50	men	
1-11	51-59	bcdenken	
1-12	59-60	,	
1-13	61-64	dat	
1-14	65-67	de	
1-15	68-76	veendamp	
1-16	77-81	zich	
1-17	82-89	slechts	
1-18	90-93	bij	
1-19	94-98	eene	
1-20	99-100	[	
1-21	100-101	p	
1-22	101-102	.	
1-23	103-106	551	
1-24	106-107	]	
1-25	109-115	drooge	
1-26	116-133	luchtsgesteldheid	
1-27	134-137	ver	
1-28	138-148	verbreiden	
1-29	149-152	kan	
1-30	152-153	,	
1-31	154-159	omdat	
1-32	160-162	de	
1-33	163-175	aschdeeltjes	
1-34	175-176	,	
1-35	177-184	waaruit	
1-36	185-188	hij	
1-37	189-196	bestaat	
1-38	196-197	,	
1-39	198-202	zich	
1-40	203-210	spoedig	
1-41	211-214	vol	
1-42	215-221	zuigen	
1-43	222-229	wanneer	
1-44	230-232	de	
1-45	233-238	lucht	
1-46	239-243	zeer	
1-47	244-251	vochtig	
1-48	252-254	is	
1-49	254-255	,	
1-50	256-264	daardoor	
1-51	265-273	zwaarder	
1-52	274-280	worden	
1-53	281-283	en	
1-54	284-288	naar	
1-55	289-292	den	
1-56	293-298	grond	
1-57	299-305	zinken	
1-58	305-306	.	

#Text=Derhalve was de lucht reeds droog toen de rook kwam.
2-1	309-317	Derhalve	
2-2	318-321	was	
2-3	322-324	de	
2-4	325-330	lucht	
2-5	331-336	reeds	
2-6	337-342	droog	
2-7	343-347	toen	
2-8	348-350	de	
2-9	351-355	rook	
2-10	356-360	kwam	
2-11	360-361	.	

#Text=Intusschen is de mogelijkheid niet te loochenen, dat een ver verspreide veendamp het langer voortduren eener drooge weersgesteldheid bevordert, omdat zijne tallooze aschdeeltjes de in de lucht steeds aanwezige waterdampen, voor een groot deel geringer en zoo de atmospheer nog drooger maken, dan zij te voren was.
3-1	362-372	Intusschen	
3-2	373-375	is	
3-3	376-378	de	
3-4	379-391	mogelijkheid	
3-5	392-396	niet	
3-6	397-399	te	
3-7	400-409	loochenen	
3-8	409-410	,	
3-9	411-414	dat	
3-10	415-418	een	
3-11	419-422	ver	
3-12	423-433	verspreide	
3-13	434-442	veendamp	
3-14	443-446	het	
3-15	447-453	langer	
3-16	454-464	voortduren	
3-17	465-470	eener	
3-18	471-477	drooge	
3-19	478-494	weersgesteldheid	
3-20	495-504	bevordert	
3-21	504-505	,	
3-22	506-511	omdat	
3-23	512-517	zijne	
3-24	518-526	tallooze	
3-25	527-539	aschdeeltjes	
3-26	540-542	de	
3-27	543-545	in	
3-28	546-548	de	
3-29	549-554	lucht	
3-30	555-561	steeds	
3-31	562-571	aanwezige	
3-32	572-583	waterdampen	
3-33	583-584	,	
3-34	585-589	voor	
3-35	590-593	een	
3-36	594-599	groot	
3-37	600-604	deel	
3-38	605-613	geringer	
3-39	614-616	en	
3-40	617-620	zoo	
3-41	621-623	de	
3-42	624-634	atmospheer	
3-43	635-638	nog	
3-44	639-646	drooger	
3-45	647-652	maken	
3-46	652-653	,	
3-47	654-657	dan	
3-48	658-661	zij	
3-49	662-664	te	
3-50	665-670	voren	
3-51	671-674	was	
3-52	674-675	.	

#Text=Onvoorwaardelijk moet men echter toegeven, dat de veendamp zeer wel in staat is, bij zijn ontstaan het tot stand komen van onweder te verhinderen.
4-1	677-693	Onvoorwaardelijk	
4-2	694-698	moet	
4-3	699-702	men	
4-4	703-709	echter	
4-5	710-718	toegeven	
4-6	718-719	,	
4-7	720-723	dat	
4-8	724-726	de	
4-9	727-735	veendamp	
4-10	736-740	zeer	
4-11	741-744	wel	
4-12	745-747	in	
4-13	748-753	staat	
4-14	754-756	is	
4-15	756-757	,	
4-16	758-761	bij	
4-17	762-766	zijn	
4-18	767-775	ontstaan	
4-19	776-779	het	
4-20	780-783	tot	
4-21	784-789	stand	
4-22	790-795	komen	
4-23	796-799	van	
4-24	800-807	onweder	
4-25	808-810	te	
4-26	811-822	verhinderen	
4-27	822-823	.	

#Text=De steeds met positieve electriciteit bezwangerde rookmassa wordt door de negatiefclectrische aardoppervlakte aangetrokken en legert zich tusschen deze en de daarboven zwevende positief-eleetrische onweêrswolken.
5-1	824-826	De	
5-2	827-833	steeds	
5-3	834-837	met	
5-4	838-847	positieve	
5-5	848-861	electriciteit	
5-6	862-873	bezwangerde	
5-7	874-883	rookmassa	
5-8	884-889	wordt	
5-9	890-894	door	
5-10	895-897	de	
5-11	898-917	negatiefclectrische	
5-12	918-933	aardoppervlakte	
5-13	934-946	aangetrokken	
5-14	947-949	en	
5-15	950-956	legert	
5-16	957-961	zich	
5-17	962-970	tusschen	
5-18	971-975	deze	
5-19	976-978	en	
5-20	979-981	de	
5-21	982-991	daarboven	
5-22	992-1000	zwevende	
5-23	1001-1021	positief-eleetrische	
5-24	1022-1035	onweêrswolken	
5-25	1035-1036	.	

#Text=Dit kan nu op tweederlei wijze plaats grijpen.
6-1	1037-1040	Dit	
6-2	1041-1044	kan	
6-3	1045-1047	nu	
6-4	1048-1050	op	
6-5	1051-1061	tweederlei	
6-6	1062-1067	wijze	
6-7	1068-1074	plaats	
6-8	1075-1082	grijpen	
6-9	1082-1083	.	

#Text=Of de ver verbreide rookmassa strekt door middel harer groote aanrakingsvlakte, welke zij den wolken, zoowel als der aarde aanbiedt, tot eene langzame in evenwigt-stelling der beide tegengestelde electriciteiten, waardoor de noodzakelijkste voorwaarde voor het ontstaan des onweders wegvalt.
7-1	1084-1086	Of	
7-2	1087-1089	de	
7-3	1090-1093	ver	
7-4	1094-1103	verbreide	
7-5	1104-1113	rookmassa	
7-6	1114-1120	strekt	
7-7	1121-1125	door	
7-8	1126-1132	middel	
7-9	1133-1138	harer	
7-10	1139-1145	groote	
7-11	1146-1162	aanrakingsvlakte	
7-12	1162-1163	,	
7-13	1164-1169	welke	
7-14	1170-1173	zij	
7-15	1174-1177	den	
7-16	1178-1184	wolken	
7-17	1184-1185	,	
7-18	1186-1192	zoowel	
7-19	1193-1196	als	
7-20	1197-1200	der	
7-21	1201-1206	aarde	
7-22	1207-1215	aanbiedt	
7-23	1215-1216	,	
7-24	1217-1220	tot	
7-25	1221-1225	eene	
7-26	1226-1234	langzame	
7-27	1235-1237	in	
7-28	1238-1255	evenwigt-stelling	
7-29	1256-1259	der	
7-30	1260-1265	beide	
7-31	1266-1279	tegengestelde	
7-32	1280-1295	electriciteiten	
7-33	1295-1296	,	
7-34	1297-1305	waardoor	
7-35	1306-1308	de	
7-36	1309-1324	noodzakelijkste	
7-37	1325-1335	voorwaarde	
7-38	1336-1340	voor	
7-39	1341-1344	het	
7-40	1345-1353	ontstaan	
7-41	1354-1357	des	
7-42	1358-1366	onweders	
7-43	1367-1374	wegvalt	
7-44	1374-1375	.	

#Text=Of de positief-electrieke rookmassa werkt afstootend op de met gelijksoortige eleetriciteit geladene waterblaasjes, wier digte opeenhooping de onweerswolken vormt.
8-1	1376-1378	Of	
8-2	1379-1381	de	
8-3	1382-1401	positief-electrieke	
8-4	1402-1411	rookmassa	
8-5	1412-1417	werkt	
8-6	1418-1428	afstootend	
8-7	1429-1431	op	
8-8	1432-1434	de	
8-9	1435-1438	met	
8-10	1439-1453	gelijksoortige	
8-11	1454-1467	eleetriciteit	
8-12	1468-1476	geladene	
8-13	1477-1490	waterblaasjes	
8-14	1490-1491	,	
8-15	1492-1496	wier	
8-16	1497-1502	digte	
8-17	1503-1515	opeenhooping	
8-18	1516-1518	de	
8-19	1519-1532	onweerswolken	
8-20	1533-1538	vormt	
8-21	1538-1539	.	

#Text=De laatste worden daardoor genoodzaakt zich in hoogere luchtlagen te verzamelen, waar zij door den wind opgenomen, weggevoerd en verstrooid worden.
9-1	1540-1542	De	
9-2	1543-1550	laatste	
9-3	1551-1557	worden	
9-4	1558-1566	daardoor	
9-5	1567-1578	genoodzaakt	
9-6	1579-1583	zich	
9-7	1584-1586	in	
9-8	1587-1594	hoogere	
9-9	1595-1605	luchtlagen	
9-10	1606-1608	te	
9-11	1609-1619	verzamelen	
9-12	1619-1620	,	
9-13	1621-1625	waar	
9-14	1626-1629	zij	
9-15	1630-1634	door	
9-16	1635-1638	den	
9-17	1639-1643	wind	
9-18	1644-1653	opgenomen	
9-19	1653-1654	,	
9-20	1655-1665	weggevoerd	
9-21	1666-1668	en	
9-22	1669-1679	verstrooid	
9-23	1680-1686	worden	
9-24	1686-1687	.	

#Text=Wij kunnen dit hier slechts ter loops aanstippen en moeten als eene bekende zaak voorop plaatsen, dat ongelijksoortig-electrische ligchamen elkander aantrekken, terwijl gelijksoortig-electrische elkander afstooten.
10-1	1688-1691	Wij	
10-2	1692-1698	kunnen	
10-3	1699-1702	dit	
10-4	1703-1707	hier	
10-5	1708-1715	slechts	
10-6	1716-1719	ter	
10-7	1720-1725	loops	
10-8	1726-1736	aanstippen	
10-9	1737-1739	en	
10-10	1740-1746	moeten	
10-11	1747-1750	als	
10-12	1751-1755	eene	
10-13	1756-1763	bekende	
10-14	1764-1768	zaak	
10-15	1769-1775	voorop	
10-16	1776-1784	plaatsen	
10-17	1784-1785	,	
10-18	1786-1789	dat	
10-19	1790-1817	ongelijksoortig-electrische	
10-20	1818-1827	ligchamen	
10-21	1828-1836	elkander	
10-22	1837-1847	aantrekken	
10-23	1847-1848	,	
10-24	1849-1856	terwijl	
10-25	1857-1882	gelijksoortig-electrische	
10-26	1883-1891	elkander	
10-27	1892-1901	afstooten	
10-28	1901-1902	.	

#Text=Bij de landlieden staat de veendamp in geen goeden reuk.
11-1	1905-1908	Bij	
11-2	1909-1911	de	
11-3	1912-1922	landlieden	
11-4	1923-1928	staat	
11-5	1929-1931	de	
11-6	1932-1940	veendamp	
11-7	1941-1943	in	
11-8	1944-1948	geen	
11-9	1949-1955	goeden	
11-10	1956-1960	reuk	
11-11	1960-1961	.	

#Text=Wanneer ergens een oogst mislukt, hoort men altijd zeggen:
#Text=dat een ‘kwade damp’ of ‘schadelijke nevel’ in den ‘bloei’ gevallen is.
12-1	1962-1969	Wanneer	
12-2	1970-1976	ergens	
12-3	1977-1980	een	
12-4	1981-1986	oogst	
12-5	1987-1994	mislukt	
12-6	1994-1995	,	
12-7	1996-2001	hoort	
12-8	2002-2005	men	
12-9	2006-2012	altijd	
12-10	2013-2019	zeggen	
12-11	2019-2020	:	
12-12	2021-2024	dat	
12-13	2025-2028	een	
12-14	2029-2030	‘	
12-15	2030-2035	kwade	
12-16	2036-2040	damp	
12-17	2040-2041	’	
12-18	2042-2044	of	
12-19	2045-2046	‘	
12-20	2046-2057	schadelijke	
12-21	2058-2063	nevel	
12-22	2063-2064	’	
12-23	2065-2067	in	
12-24	2068-2071	den	
12-25	2072-2073	‘	
12-26	2073-2078	bloei	
12-27	2078-2079	’	
12-28	2080-2088	gevallen	
12-29	2089-2091	is	
12-30	2091-2092	.	

#Text=En onder dezen boosdoener wordt vrij algemeen de veendamp verstaan.
13-1	2093-2095	En	
13-2	2096-2101	onder	
13-3	2102-2107	dezen	
13-4	2108-2118	boosdoener	
13-5	2119-2124	wordt	
13-6	2125-2129	vrij	
13-7	2130-2138	algemeen	
13-8	2139-2141	de	
13-9	2142-2150	veendamp	
13-10	2151-2159	verstaan	
13-11	2159-2160	.	

#Text=In waarheid echter is hij een weldoener voor den plantengroei in ons juist niet zeer zacht klimaat.
14-1	2161-2163	In	
14-2	2164-2172	waarheid	
14-3	2173-2179	echter	
14-4	2180-2182	is	
14-5	2183-2186	hij	
14-6	2187-2190	een	
14-7	2191-2200	weldoener	
14-8	2201-2205	voor	
14-9	2206-2209	den	
14-10	2210-2222	plantengroei	
14-11	2223-2225	in	
14-12	2226-2229	ons	
14-13	2230-2235	juist	
14-14	2236-2240	niet	
14-15	2241-2245	zeer	
14-16	2246-2251	zacht	
14-17	2252-2259	klimaat	
14-18	2259-2260	.	

#Text=Men zegt wel zeer dikwijls, dat met den veendamp de warmte hand over hand afneemt, maar deze
#Text=[
#Text=p. 552
15-1	2261-2264	Men	
15-2	2265-2269	zegt	
15-3	2270-2273	wel	
15-4	2274-2278	zeer	
15-5	2279-2287	dikwijls	
15-6	2287-2288	,	
15-7	2289-2292	dat	
15-8	2293-2296	met	
15-9	2297-2300	den	
15-10	2301-2309	veendamp	
15-11	2310-2312	de	
15-12	2313-2319	warmte	
15-13	2320-2324	hand	
15-14	2325-2329	over	
15-15	2330-2334	hand	
15-16	2335-2342	afneemt	
15-17	2342-2343	,	
15-18	2344-2348	maar	
15-19	2349-2353	deze	
15-20	2354-2355	[	
15-21	2356-2357	p	
15-22	2357-2358	.	
15-23	2359-2362	552	
