#FORMAT=WebAnno TSV 3.3
#T_SP=custom.Span|label
#T_RL=custom.Relation|label|BT_custom.Span


#Text=Dieſe Wurtzel waͤchſt im Waſſer,
#Text=oder langs an den Baͤchen,
#Text=und treibt
#Text=dreyeckigte, veſte, glatte Stengel mit-
#Text=ten zwiſchen den langen ſchmalen Blaͤt-
#Text=
#Text=tern hervor;
#Text=die Blumen ſind klein, und
#Text=kommen buͤſchleinweis oben auf dem
#Text=Stengel heraus.
1-1	2-7	Dieſe	_	_	_	
1-2	8-15	Wurtzel	_	_	_	
1-3	16-23	waͤchſt	_	_	_	
1-4	24-26	im	_	_	_	
1-5	27-33	Waſſer	_	_	_	
1-6	33-34	,	_	_	_	
1-7	35-39	oder	_	_	_	
1-8	40-45	langs	_	_	_	
1-9	46-48	an	_	_	_	
1-10	49-52	den	_	_	_	
1-11	53-60	Baͤchen	_	_	_	
1-12	60-61	,	_	_	_	
1-13	62-65	und	_	_	_	
1-14	66-72	treibt	_	_	_	
1-15	73-84	dreyeckigte	_	_	_	
1-16	84-85	,	_	_	_	
1-17	86-91	veſte	_	_	_	
1-18	91-92	,	_	_	_	
1-19	93-99	glatte	_	_	_	
1-20	100-107	Stengel	_	_	_	
1-21	108-111	mit	_	_	_	
1-22	111-112	-	_	_	_	
1-23	113-116	ten	_	_	_	
1-24	117-125	zwiſchen	_	_	_	
1-25	126-129	den	_	_	_	
1-26	130-136	langen	_	_	_	
1-27	137-145	ſchmalen	_	_	_	
1-28	146-151	Blaͤt	_	_	_	
1-29	151-152	-	_	_	_	
1-30	154-158	tern	_	_	_	
1-31	159-165	hervor	_	_	_	
1-32	165-166	;	_	_	_	
1-33	167-170	die	_	_	_	
1-34	171-177	Blumen	_	_	_	
1-35	178-182	ſind	_	_	_	
1-36	183-188	klein	_	_	_	
1-37	188-189	,	_	_	_	
1-38	190-193	und	_	_	_	
1-39	194-200	kommen	_	_	_	
1-40	201-215	buͤſchleinweis	_	_	_	
1-41	216-220	oben	_	_	_	
1-42	221-224	auf	_	_	_	
1-43	225-228	dem	_	_	_	
1-44	229-236	Stengel	_	_	_	
1-45	237-243	heraus	_	_	_	
1-46	243-244	.	_	_	_	

#Text=Vor dieſen wurde dieſe Wurtzel aus
#Text=Flandern und England gebracht, da-
#Text=rum ſie auch alſo genennet worden: weil
#Text=ſie aber gar ſelten zu Paris gebrauchet
#Text=wird, deswegen begnuͤgen wir uns mit
#Text=der, die wir aus der Nachbarſchaft, vor-
#Text=nehmlich von Eſtampes, bekommen.
2-1	248-251	Vor	_	_	_	
2-2	252-258	dieſen	_	_	_	
2-3	259-264	wurde	_	_	_	
2-4	265-270	dieſe	_	_	_	
2-5	271-278	Wurtzel	_	_	_	
2-6	279-282	aus	_	_	_	
2-7	283-291	Flandern	_	_	_	
2-8	292-295	und	_	_	_	
2-9	296-303	England	_	_	_	
2-10	304-312	gebracht	_	_	_	
2-11	312-313	,	_	_	_	
2-12	314-316	da	_	_	_	
2-13	316-317	-	_	_	_	
2-14	318-321	rum	_	_	_	
2-15	322-325	ſie	_	_	_	
2-16	326-330	auch	_	_	_	
2-17	331-335	alſo	_	_	_	
2-18	336-344	genennet	_	_	_	
2-19	345-351	worden	_	_	_	
2-20	351-352	:	_	_	_	
2-21	353-357	weil	_	_	_	
2-22	358-361	ſie	_	_	_	
2-23	362-366	aber	_	_	_	
2-24	367-370	gar	_	_	_	
2-25	371-377	ſelten	_	_	_	
2-26	378-380	zu	_	_	_	
2-27	381-386	Paris	_	_	_	
2-28	387-397	gebrauchet	_	_	_	
2-29	398-402	wird	_	_	_	
2-30	402-403	,	_	_	_	
2-31	404-412	deswegen	_	_	_	
2-32	413-422	begnuͤgen	_	_	_	
2-33	423-426	wir	_	_	_	
2-34	427-430	uns	_	_	_	
2-35	431-434	mit	_	_	_	
2-36	435-438	der	_	_	_	
2-37	438-439	,	_	_	_	
2-38	440-443	die	_	_	_	
2-39	444-447	wir	_	_	_	
2-40	448-451	aus	_	_	_	
2-41	452-455	der	_	_	_	
2-42	456-469	Nachbarſchaft	_	_	_	
2-43	469-470	,	_	_	_	
2-44	471-474	vor	_	_	_	
2-45	474-475	-	_	_	_	
2-46	476-484	nehmlich	_	_	_	
2-47	485-488	von	_	_	_	
2-48	489-497	Eſtampes	_	_	_	
2-49	497-498	,	_	_	_	
2-50	499-507	bekommen	_	_	_	
2-51	507-508	.	_	_	_	

#Text=Man zerquetſchet dieſe Wurtzel, und
#Text=kocht ſie in Weine, trinckt hernach den-
#Text=ſelben, wenn er durchgeſeihet worden,
#Text=ſo warm, als mans erleiden kan: ſoll
#Text=ein ſonderlich Mittel wider die Colica
#Text=ſeyn.
3-1	512-515	Man	_	_	_	
3-2	516-528	zerquetſchet	_	_	_	
3-3	529-534	dieſe	_	_	_	
3-4	535-542	Wurtzel	_	_	_	
3-5	542-543	,	_	_	_	
3-6	544-547	und	_	_	_	
3-7	548-553	kocht	_	_	_	
3-8	554-557	ſie	_	_	_	
3-9	558-560	in	_	_	_	
3-10	561-566	Weine	_	_	_	
3-11	566-567	,	_	_	_	
3-12	568-575	trinckt	_	_	_	
3-13	576-583	hernach	_	_	_	
3-14	584-587	den	_	_	_	
3-15	587-588	-	_	_	_	
3-16	589-595	ſelben	_	_	_	
3-17	595-596	,	_	_	_	
3-18	597-601	wenn	_	_	_	
3-19	602-604	er	_	_	_	
3-20	605-618	durchgeſeihet	_	_	_	
3-21	619-625	worden	_	_	_	
3-22	625-626	,	_	_	_	
3-23	627-629	ſo	_	_	_	
3-24	630-634	warm	_	_	_	
3-25	634-635	,	_	_	_	
3-26	636-639	als	_	_	_	
3-27	640-644	mans	_	_	_	
3-28	645-653	erleiden	_	_	_	
3-29	654-657	kan	_	_	_	
3-30	657-658	:	_	_	_	
3-31	659-663	ſoll	_	_	_	
3-32	664-667	ein	_	_	_	
3-33	668-678	ſonderlich	_	_	_	
3-34	679-685	Mittel	_	_	_	
3-35	686-691	wider	_	_	_	
3-36	692-695	die	_	_	_	
3-37	696-702	Colica	_	_	_	
3-38	703-707	ſeyn	_	_	_	
3-39	707-708	.	_	_	_	

#Text=Vom langen wilden Galgand.
4-1	713-716	Vom	_	_	_	
4-2	717-723	langen	_	_	_	
4-3	724-730	wilden	_	_	_	
4-4	731-738	Galgand	_	_	_	
4-5	738-739	.	_	_	_	

#Text=Cyperus longus, der lange wilde
#Text=
#Text=Galgand, iſt eine kleine knorrichte
#Text=Wurtzel, voll Zaſern, laͤſt ſich ungern
#Text=zerbrechen, ſieht auſſen braun, inwen-
#Text=dig graulicht, und riecht ſehr annehm-
#Text=lich, wenn ſie fein friſch und wohl ge-
#Text=trucknet iſt.
5-1	741-748	Cyperus	Smell\_Source[1]	*	5-33[0_1]	
5-2	749-755	longus	Smell\_Source[1]	_	_	
5-3	755-756	,	_	_	_	
5-4	757-760	der	_	_	_	
5-5	761-766	lange	_	_	_	
5-6	767-772	wilde	_	_	_	
5-7	774-781	Galgand	_	_	_	
5-8	781-782	,	_	_	_	
5-9	783-786	iſt	_	_	_	
5-10	787-791	eine	_	_	_	
5-11	792-798	kleine	_	_	_	
5-12	799-809	knorrichte	_	_	_	
5-13	810-817	Wurtzel	_	_	_	
5-14	817-818	,	_	_	_	
5-15	819-823	voll	_	_	_	
5-16	824-830	Zaſern	_	_	_	
5-17	830-831	,	_	_	_	
5-18	832-837	laͤſt	_	_	_	
5-19	838-842	ſich	_	_	_	
5-20	843-849	ungern	_	_	_	
5-21	850-860	zerbrechen	_	_	_	
5-22	860-861	,	_	_	_	
5-23	862-867	ſieht	_	_	_	
5-24	868-874	auſſen	_	_	_	
5-25	875-880	braun	_	_	_	
5-26	880-881	,	_	_	_	
5-27	882-887	inwen	_	_	_	
5-28	887-888	-	_	_	_	
5-29	889-892	dig	_	_	_	
5-30	893-902	graulicht	_	_	_	
5-31	902-903	,	_	_	_	
5-32	904-907	und	_	_	_	
5-33	908-914	riecht	Smell\_Word	*	5-34[2_0]	
5-34	915-919	ſehr	Effect[2]	_	_	
5-35	920-926	annehm	Effect[2]	_	_	
5-36	926-927	-	Effect[2]	_	_	
5-37	928-932	lich	Effect[2]	_	_	
5-38	932-933	,	_	_	_	
5-39	934-938	wenn	Circumstances[3]	_	_	
5-40	939-942	ſie	Circumstances[3]	_	_	
5-41	943-947	fein	Circumstances[3]	_	_	
5-42	948-954	friſch	Circumstances[3]	_	_	
5-43	955-958	und	Circumstances[3]	_	_	
5-44	959-963	wohl	Circumstances[3]	_	_	
5-45	964-966	ge	Circumstances[3]	_	_	
5-46	966-967	-	Circumstances[3]	_	_	
5-47	968-976	trucknet	Circumstances[3]	_	_	
5-48	977-980	iſt	Circumstances[3]	_	_	
5-49	980-981	.	_	_	_	

#Text=Dieſe Wurtzel waͤchſt in Baͤchen und
#Text=waͤßrichten
#Text=Orten, wie auch in Graͤben;
#Text=
#Text=ſtoͤſt gruͤne Blaͤtter von ſich, welche de-
#Text=nen Knoblauchsblaͤttern ziemlich nahe
#Text=kommen:
#Text=Stengel und Blaͤtter ſind des
#Text=runden Galgands Blaͤttern und Sten-
#Text=geln ſehr gleich, ſehen auch gar lieblich.
6-1	985-990	Dieſe	_	_	_	
6-2	991-998	Wurtzel	_	_	_	
6-3	999-1006	waͤchſt	_	_	_	
6-4	1007-1009	in	_	_	_	
6-5	1010-1017	Baͤchen	_	_	_	
6-6	1018-1021	und	_	_	_	
6-7	1022-1033	waͤßrichten	_	_	_	
6-8	1034-1039	Orten	_	_	_	
6-9	1039-1040	,	_	_	_	
6-10	1041-1044	wie	_	_	_	
6-11	1045-1049	auch	_	_	_	
6-12	1050-1052	in	_	_	_	
6-13	1053-1060	Graͤben	_	_	_	
6-14	1060-1061	;	_	_	_	
6-15	1063-1069	ſtoͤſt	_	_	_	
6-16	1070-1076	gruͤne	_	_	_	
6-17	1077-1085	Blaͤtter	_	_	_	
6-18	1086-1089	von	_	_	_	
6-19	1090-1094	ſich	_	_	_	
6-20	1094-1095	,	_	_	_	
6-21	1096-1102	welche	_	_	_	
6-22	1103-1105	de	_	_	_	
6-23	1105-1106	-	_	_	_	
6-24	1107-1110	nen	_	_	_	
6-25	1111-1130	Knoblauchsblaͤttern	_	_	_	
6-26	1131-1139	ziemlich	_	_	_	
6-27	1140-1144	nahe	_	_	_	
6-28	1145-1151	kommen	_	_	_	
6-29	1151-1152	:	_	_	_	
6-30	1153-1160	Stengel	_	_	_	
6-31	1161-1164	und	_	_	_	
6-32	1165-1173	Blaͤtter	_	_	_	
6-33	1174-1178	ſind	_	_	_	
6-34	1179-1182	des	_	_	_	
6-35	1183-1189	runden	_	_	_	
6-36	1190-1198	Galgands	_	_	_	
6-37	1199-1208	Blaͤttern	_	_	_	
6-38	1209-1212	und	_	_	_	
6-39	1213-1217	Sten	_	_	_	
6-40	1217-1218	-	_	_	_	
6-41	1219-1223	geln	_	_	_	
6-42	1224-1228	ſehr	_	_	_	
6-43	1229-1235	gleich	_	_	_	
6-44	1235-1236	,	_	_	_	
6-45	1237-1242	ſehen	_	_	_	
6-46	1243-1247	auch	_	_	_	
6-47	1248-1251	gar	_	_	_	
6-48	1252-1260	lieblich	_	_	_	
6-49	1260-1261	.	_	_	_	

#Text=Man ſoll dieſe Wurtzeln erwehlen,
#Text=welche dicke, trucken und weder ſchimm-
#Text=licht noch modericht riechen, vielweniger
#Text=wurmicht ſind.
7-1	1265-1268	Man	_	_	_	
7-2	1269-1273	ſoll	_	_	_	
7-3	1274-1279	dieſe	_	_	_	
7-4	1280-1288	Wurtzeln	_	_	_	
7-5	1289-1297	erwehlen	_	_	_	
7-6	1297-1298	,	_	_	_	
7-7	1299-1305	welche	_	_	_	
7-8	1306-1311	dicke	_	_	_	
7-9	1311-1312	,	_	_	_	
7-10	1313-1320	trucken	_	_	_	
7-11	1321-1324	und	_	_	_	
7-12	1325-1330	weder	_	_	_	
7-13	1331-1337	ſchimm	_	_	_	
7-14	1337-1338	-	_	_	_	
7-15	1339-1344	licht	_	_	_	
7-16	1345-1349	noch	_	_	_	
7-17	1350-1359	modericht	_	_	_	
7-18	1360-1367	riechen	_	_	_	
7-19	1367-1368	,	_	_	_	
7-20	1369-1380	vielweniger	_	_	_	
7-21	1381-1389	wurmicht	_	_	_	
7-22	1390-1394	ſind	_	_	_	
7-23	1394-1395	.	_	_	_	

#Text=Sie hat wohl einigen Nutzen in der
#Text=Artzney, iedoch gebrauchen ſie
8-1	1399-1402	Sie	_	_	_	
8-2	1403-1406	hat	_	_	_	
8-3	1407-1411	wohl	_	_	_	
8-4	1412-1419	einigen	_	_	_	
8-5	1420-1426	Nutzen	_	_	_	
8-6	1427-1429	in	_	_	_	
8-7	1430-1433	der	_	_	_	
8-8	1434-1441	Artzney	_	_	_	
8-9	1441-1442	,	_	_	_	
8-10	1443-1449	iedoch	_	_	_	
8-11	1450-1460	gebrauchen	_	_	_	
8-12	1461-1464	ſie	_	_	_	
