#FORMAT=WebAnno TSV 3.3
#T_SP=custom.Span|label
#T_RL=custom.Relation|label|BT_custom.Span


#Text=Daher
#Text=w'erden Hemden, Unterhosen, Bruchbänder, 
#Text=Leibbinden unter Umständen Fetische, wobei sie irgend ein Mitglied der 
#Text=Familie zu vertreten haben.
1-1	2-7	Daher	_	_	_	
1-2	8-15	w'erden	_	_	_	
1-3	16-22	Hemden	_	_	_	
1-4	22-23	,	_	_	_	
1-5	24-34	Unterhosen	_	_	_	
1-6	34-35	,	_	_	_	
1-7	36-47	Bruchbänder	_	_	_	
1-8	47-48	,	_	_	_	
1-9	50-60	Leibbinden	_	_	_	
1-10	61-66	unter	_	_	_	
1-11	67-76	Umständen	_	_	_	
1-12	77-85	Fetische	_	_	_	
1-13	85-86	,	_	_	_	
1-14	87-92	wobei	_	_	_	
1-15	93-96	sie	_	_	_	
1-16	97-103	irgend	_	_	_	
1-17	104-107	ein	_	_	_	
1-18	108-116	Mitglied	_	_	_	
1-19	117-120	der	_	_	_	
1-20	122-129	Familie	_	_	_	
1-21	130-132	zu	_	_	_	
1-22	133-142	vertreten	_	_	_	
1-23	143-148	haben	_	_	_	
1-24	148-149	.	_	_	_	

#Text=Eine große Rolle spielt das Hemd, w r obei 
#Text=der spezifische Geruch des Trägers mit in Rechnung zu stellen ist.
2-1	150-154	Eine	_	_	_	
2-2	155-160	große	_	_	_	
2-3	161-166	Rolle	_	_	_	
2-4	167-173	spielt	_	_	_	
2-5	174-177	das	_	_	_	
2-6	178-182	Hemd	Odour\_Carrier	_	_	
2-7	182-183	,	_	_	_	
2-8	184-185	w	_	_	_	
2-9	186-187	r	_	_	_	
2-10	188-192	obei	_	_	_	
2-11	194-197	der	_	_	_	
2-12	198-209	spezifische	Quality	_	_	
2-13	210-216	Geruch	Smell\_Word	_	_	
2-14	217-220	des	_	_	_	
2-15	221-228	Trägers	Smell\_Source	_	_	
2-16	229-232	mit	_	_	_	
2-17	233-235	in	_	_	_	
2-18	236-244	Rechnung	_	_	_	
2-19	245-247	zu	_	_	_	
2-20	248-255	stellen	_	_	_	
2-21	256-259	ist	_	_	_	
2-22	259-260	.	_	_	_	

#Text=In 
#Text=den früheren Bänden finden sich einige einschlägige Beispiele.
3-1	261-263	In	_	_	_	
3-2	265-268	den	_	_	_	
3-3	269-277	früheren	_	_	_	
3-4	278-284	Bänden	_	_	_	
3-5	285-291	finden	_	_	_	
3-6	292-296	sich	_	_	_	
3-7	297-303	einige	_	_	_	
3-8	304-316	einschlägige	_	_	_	
3-9	317-326	Beispiele	_	_	_	
3-10	326-327	.	_	_	_	

#Text=Aus meiner 
#Text=Erfahrung kann ich folgenden Fall mitteilen: 
#Text=
#Text=Fall Nr. 22.
4-1	328-331	Aus	_	_	_	
4-2	332-338	meiner	_	_	_	
4-3	340-349	Erfahrung	_	_	_	
4-4	350-354	kann	_	_	_	
4-5	355-358	ich	_	_	_	
4-6	359-368	folgenden	_	_	_	
4-7	369-373	Fall	_	_	_	
4-8	374-383	mitteilen	_	_	_	
4-9	383-384	:	_	_	_	
4-10	387-391	Fall	_	_	_	
4-11	392-394	Nr	_	_	_	
4-12	394-395	.	_	_	_	
4-13	396-398	22	_	_	_	
4-14	398-399	.	_	_	_	

#Text=Herr Adolf N., 35 Jahre alt, Reisender, aus gesunder 
#Text=Familie stammend, organisch ganz gesund, leidet an einer krankhaften Manie 
#Text=
#Text=
#Text=104 
#Text=
#Text=
#Text=Fetischismus.
5-1	400-404	Herr	_	_	_	
5-2	405-410	Adolf	_	_	_	
5-3	411-412	N	_	_	_	
5-4	412-413	.	_	_	_	
5-5	413-414	,	_	_	_	
5-6	415-417	35	_	_	_	
5-7	418-423	Jahre	_	_	_	
5-8	424-427	alt	_	_	_	
5-9	427-428	,	_	_	_	
5-10	429-438	Reisender	_	_	_	
5-11	438-439	,	_	_	_	
5-12	440-443	aus	_	_	_	
5-13	444-452	gesunder	_	_	_	
5-14	454-461	Familie	_	_	_	
5-15	462-470	stammend	_	_	_	
5-16	470-471	,	_	_	_	
5-17	472-481	organisch	_	_	_	
5-18	482-486	ganz	_	_	_	
5-19	487-493	gesund	_	_	_	
5-20	493-494	,	_	_	_	
5-21	495-501	leidet	_	_	_	
5-22	502-504	an	_	_	_	
5-23	505-510	einer	_	_	_	
5-24	511-522	krankhaften	_	_	_	
5-25	523-528	Manie	_	_	_	
5-26	532-535	104	_	_	_	
5-27	539-551	Fetischismus	_	_	_	
5-28	551-552	.	_	_	_	

#Text=für Frauenhemden.
6-1	556-559	für	_	_	_	
6-2	560-572	Frauenhemden	_	_	_	
6-3	572-573	.	_	_	_	

#Text=Er hat zu Hause eine große Sammlung verschiedener 
#Text=Hemden.
7-1	574-576	Er	_	_	_	
7-2	577-580	hat	_	_	_	
7-3	581-583	zu	_	_	_	
7-4	584-589	Hause	_	_	_	
7-5	590-594	eine	_	_	_	
7-6	595-600	große	_	_	_	
7-7	601-609	Sammlung	_	_	_	
7-8	610-623	verschiedener	_	_	_	
7-9	625-631	Hemden	_	_	_	
7-10	631-632	.	_	_	_	

#Text=Er kaim viele Stunden vor Damemväschegeschäften stehen und die 
#Text=Hemden betrachten.
8-1	633-635	Er	_	_	_	
8-2	636-640	kaim	_	_	_	
8-3	641-646	viele	_	_	_	
8-4	647-654	Stunden	_	_	_	
8-5	655-658	vor	_	_	_	
8-6	659-680	Damemväschegeschäften	_	_	_	
8-7	681-687	stehen	_	_	_	
8-8	688-691	und	_	_	_	
8-9	692-695	die	_	_	_	
8-10	697-703	Hemden	_	_	_	
8-11	704-714	betrachten	_	_	_	
8-12	714-715	.	_	_	_	

#Text=Er lauft oft tagelang von einem Geschäfte zum andern, 
#Text=um schließlich ein Hemd zu erstehen.
9-1	716-718	Er	_	_	_	
9-2	719-724	lauft	_	_	_	
9-3	725-728	oft	_	_	_	
9-4	729-737	tagelang	_	_	_	
9-5	738-741	von	_	_	_	
9-6	742-747	einem	_	_	_	
9-7	748-757	Geschäfte	_	_	_	
9-8	758-761	zum	_	_	_	
9-9	762-768	andern	_	_	_	
9-10	768-769	,	_	_	_	
9-11	771-773	um	_	_	_	
9-12	774-785	schließlich	_	_	_	
9-13	786-789	ein	_	_	_	
9-14	790-794	Hemd	_	_	_	
9-15	795-797	zu	_	_	_	
9-16	798-806	erstehen	_	_	_	
9-17	806-807	.	_	_	_	

#Text=Das Hemd erhält erst für ihn einen 
#Text=Wert, wenn er einmal in das Hemd uriniert hat, so daß es einen spezifischen 
#Text=Uringeruch hat.
10-1	808-811	Das	_	_	_	
10-2	812-816	Hemd	Odour\_Carrier[1]|Smell\_Source[2]	_	_	
10-3	817-823	erhält	_	_	_	
10-4	824-828	erst	_	_	_	
10-5	829-832	für	_	_	_	
10-6	833-836	ihn	Perceiver	_	_	
10-7	837-842	einen	_	_	_	
10-8	844-848	Wert	_	_	_	
10-9	848-849	,	_	_	_	
10-10	850-854	wenn	_	_	_	
10-11	855-857	er	Perceiver	*	10-6	
10-12	858-864	einmal	_	_	_	
10-13	865-867	in	_	_	_	
10-14	868-871	das	_	_	_	
10-15	872-876	Hemd	Smell\_Source[3]|Odour\_Carrier[4]	*	10-21[0_3]	
10-16	877-885	uriniert	_	_	_	
10-17	886-889	hat	_	_	_	
10-18	889-890	,	_	_	_	
10-19	891-893	so	_	_	_	
10-20	894-897	daß	_	_	_	
10-21	898-900	es	Smell\_Source	_	_	
10-22	901-906	einen	_	_	_	
10-23	907-919	spezifischen	Quality	_	_	
10-24	921-931	Uringeruch	Smell\_Word	_	_	
10-25	932-935	hat	_	_	_	
10-26	935-936	.	_	_	_	

#Text=Am liebsten würde er alte, getragene Hemden, die nach 
#Text=Schweiß und Urin riechen, erwerben und jeden Preis für sie bezahlen.
11-1	937-939	Am	_	_	_	
11-2	940-948	liebsten	_	_	_	
11-3	949-954	würde	_	_	_	
11-4	955-957	er	Perceiver	_	_	
11-5	958-962	alte	_	_	_	
11-6	962-963	,	_	_	_	
11-7	964-973	getragene	_	_	_	
11-8	974-980	Hemden	Odour\_Carrier[5]|Smell\_Source[6]	*|*	11-10[8_5]|11-10[7_6]	
11-9	980-981	,	_	_	_	
11-10	982-985	die	Smell\_Source[7]|Odour\_Carrier[8]	_	_	
11-11	986-990	nach	_	_	_	
11-12	992-999	Schweiß	Smell\_Word[9]|*[10]	_	_	
11-13	1000-1003	und	_	_	_	
11-14	1004-1008	Urin	*[11]|Smell\_Word[12]	_	_	
11-15	1009-1016	riechen	Smell\_Word	_	_	
11-16	1016-1017	,	_	_	_	
11-17	1018-1026	erwerben	_	_	_	
11-18	1027-1030	und	_	_	_	
11-19	1031-1036	jeden	_	_	_	
11-20	1037-1042	Preis	_	_	_	
11-21	1043-1046	für	_	_	_	
11-22	1047-1050	sie	_	_	_	
11-23	1051-1059	bezahlen	_	_	_	
11-24	1059-1060	.	_	_	_	

#Text=Die 
#Text=Scheu hat ihn bisher abgehalten, ein solches Hemd zu erwerben.
12-1	1061-1064	Die	_	_	_	
12-2	1066-1071	Scheu	_	_	_	
12-3	1072-1075	hat	_	_	_	
12-4	1076-1079	ihn	_	_	_	
12-5	1080-1086	bisher	_	_	_	
12-6	1087-1097	abgehalten	_	_	_	
12-7	1097-1098	,	_	_	_	
12-8	1099-1102	ein	_	_	_	
12-9	1103-1110	solches	_	_	_	
12-10	1111-1115	Hemd	_	_	_	
12-11	1116-1118	zu	_	_	_	
12-12	1119-1127	erwerben	_	_	_	
12-13	1127-1128	.	_	_	_	

#Text=Dagegen 
#Text=hat er schon zweimal in Hotels Hemden gestohlen.
13-1	1129-1136	Dagegen	_	_	_	
13-2	1138-1141	hat	_	_	_	
13-3	1142-1144	er	_	_	_	
13-4	1145-1150	schon	_	_	_	
13-5	1151-1158	zweimal	_	_	_	
13-6	1159-1161	in	_	_	_	
13-7	1162-1168	Hotels	_	_	_	
13-8	1169-1175	Hemden	_	_	_	
13-9	1176-1185	gestohlen	_	_	_	
13-10	1185-1186	.	_	_	_	

#Text=Er macht, als ob er sich 
#Text=in der Zimmertür irren würde.
14-1	1187-1189	Er	_	_	_	
14-2	1190-1195	macht	_	_	_	
14-3	1195-1196	,	_	_	_	
14-4	1197-1200	als	_	_	_	
14-5	1201-1203	ob	_	_	_	
14-6	1204-1206	er	_	_	_	
14-7	1207-1211	sich	_	_	_	
14-8	1213-1215	in	_	_	_	
14-9	1216-1219	der	_	_	_	
14-10	1220-1229	Zimmertür	_	_	_	
14-11	1230-1235	irren	_	_	_	
14-12	1236-1241	würde	_	_	_	
14-13	1241-1242	.	_	_	_	

#Text=An Stelle des gestohlenen Hemdes legt er 
#Text=ein anderes, das einen größeren Wert hat.
15-1	1243-1245	An	_	_	_	
15-2	1246-1252	Stelle	_	_	_	
15-3	1253-1256	des	_	_	_	
15-4	1257-1268	gestohlenen	_	_	_	
15-5	1269-1275	Hemdes	_	_	_	
15-6	1276-1280	legt	_	_	_	
15-7	1281-1283	er	_	_	_	
15-8	1285-1288	ein	_	_	_	
15-9	1289-1296	anderes	_	_	_	
15-10	1296-1297	,	_	_	_	
15-11	1298-1301	das	_	_	_	
15-12	1302-1307	einen	_	_	_	
15-13	1308-1316	größeren	_	_	_	
15-14	1317-1321	Wert	_	_	_	
15-15	1322-1325	hat	_	_	_	
15-16	1325-1326	.	_	_	_	

#Text=Er onaniert vor dem Spiegel, 
#Text=nachdem er sich eines der feuchten oder trockenen Hemden anzieht.
16-1	1327-1329	Er	_	_	_	
16-2	1330-1338	onaniert	_	_	_	
16-3	1339-1342	vor	_	_	_	
16-4	1343-1346	dem	_	_	_	
16-5	1347-1354	Spiegel	_	_	_	
16-6	1354-1355	,	_	_	_	
16-7	1357-1364	nachdem	_	_	_	
16-8	1365-1367	er	_	_	_	
16-9	1368-1372	sich	_	_	_	
16-10	1373-1378	eines	_	_	_	
16-11	1379-1382	der	_	_	_	
16-12	1383-1391	feuchten	_	_	_	
16-13	1392-1396	oder	_	_	_	
16-14	1397-1406	trockenen	_	_	_	
16-15	1407-1413	Hemden	_	_	_	
16-16	1414-1421	anzieht	_	_	_	
16-17	1421-1422	.	_	_	_	

#Text=Er weiß, 
#Text=daß er diese Leidenschaft schon mit sieben Jahren hatte.
17-1	1423-1425	Er	_	_	_	
17-2	1426-1430	weiß	_	_	_	
17-3	1430-1431	,	_	_	_	
17-4	1433-1436	daß	_	_	_	
17-5	1437-1439	er	_	_	_	
17-6	1440-1445	diese	_	_	_	
17-7	1446-1458	Leidenschaft	_	_	_	
17-8	1459-1464	schon	_	_	_	
17-9	1465-1468	mit	_	_	_	
17-10	1469-1475	sieben	_	_	_	
17-11	1476-1482	Jahren	_	_	_	
17-12	1483-1488	hatte	_	_	_	
17-13	1488-1489	.	_	_	_	

#Text=Er pflegte das Nacht- 
#Text=hemd seiner Mutter zu beriechen, das einen charakteristischen Geruch von 
#Text=Schweiß und Urin hatte, wobei er in sexuelle Ekstase geriet.
18-1	1490-1492	Er	_	_	_	
18-2	1493-1500	pflegte	_	_	_	
18-3	1501-1504	das	_	_	_	
18-4	1505-1510	Nacht	_	_	_	
18-5	1510-1511	-	_	_	_	
18-6	1513-1517	hemd	_	_	_	
18-7	1518-1524	seiner	_	_	_	
18-8	1525-1531	Mutter	_	_	_	
18-9	1532-1534	zu	_	_	_	
18-10	1535-1544	beriechen	_	_	_	
18-11	1544-1545	,	_	_	_	
18-12	1546-1549	das	_	_	_	
18-13	1550-1555	einen	_	_	_	
18-14	1556-1574	charakteristischen	_	_	_	
18-15	1575-1581	Geruch	_	_	_	
18-16	1582-1585	von	_	_	_	
18-17	1587-1594	Schweiß	_	_	_	
18-18	1595-1598	und	_	_	_	
18-19	1599-1603	Urin	_	_	_	
18-20	1604-1609	hatte	_	_	_	
18-21	1609-1610	,	_	_	_	
18-22	1611-1616	wobei	_	_	_	
18-23	1617-1619	er	_	_	_	
18-24	1620-1622	in	_	_	_	
18-25	1623-1631	sexuelle	_	_	_	
18-26	1632-1639	Ekstase	_	_	_	
18-27	1640-1646	geriet	_	_	_	
18-28	1646-1647	.	_	_	_	

#Text=Er versuchte 
#Text=auch einmal, sich eines solchen Hemdes zu bemächtigen, um es des Nachts 
#Text=bei sich im Bette zu behalten.
19-1	1648-1650	Er	_	_	_	
19-2	1651-1660	versuchte	_	_	_	
19-3	1662-1666	auch	_	_	_	
19-4	1667-1673	einmal	_	_	_	
19-5	1673-1674	,	_	_	_	
19-6	1675-1679	sich	_	_	_	
19-7	1680-1685	eines	_	_	_	
19-8	1686-1693	solchen	_	_	_	
19-9	1694-1700	Hemdes	_	_	_	
19-10	1701-1703	zu	_	_	_	
19-11	1704-1715	bemächtigen	_	_	_	
19-12	1715-1716	,	_	_	_	
19-13	1717-1719	um	_	_	_	
19-14	1720-1722	es	_	_	_	
19-15	1723-1726	des	_	_	_	
19-16	1727-1733	Nachts	_	_	_	
19-17	1735-1738	bei	_	_	_	
19-18	1739-1743	sich	_	_	_	
19-19	1744-1746	im	_	_	_	
19-20	1747-1752	Bette	_	_	_	
19-21	1753-1755	zu	_	_	_	
19-22	1756-1764	behalten	_	_	_	
19-23	1764-1765	.	_	_	_	
