#FORMAT=WebAnno TSV 3.3
#T_SP=custom.Span|label
#T_RL=custom.Relation|label|BT_custom.Span


#Text=bereitet:
#Text=Nim̃ der Gipffeln von Rauten/
#Text=
#Text=darinnen der Samen faſt zur Zeitigung ge-
#Text=rathen/
#Text=ſo viel du willt/
#Text=zerſchneide ſie
#Text=
#Text=klein/ thue ſie in einen kupffernen oder zin-
#Text=nernen Kolben/
#Text=gieſſe friſch Brunn-waſſer
#Text=
#Text=daruͤber/ ſetze einen Helm darauff/ lege ein
#Text=Glaß fuͤr/ und deſtilliere alſo das Waſſer
#Text=davon/
#Text=ſo wird das Oel mit dem Waſſer uͤ-
#Text=bergehen/ und ſich entweder durch Baum-
#Text=wolle/ oder durch das Separier-glaß von
#Text=dem Waſſer leicht ſoͤnderen laſſen.
1-1	3-11	bereitet	_	_	_	
1-2	11-12	:	_	_	_	
1-3	13-17	Nim̃	_	_	_	
1-4	18-21	der	_	_	_	
1-5	22-30	Gipffeln	_	_	_	
1-6	31-34	von	_	_	_	
1-7	35-41	Rauten	_	_	_	
1-8	41-42	/	_	_	_	
1-9	44-52	darinnen	_	_	_	
1-10	53-56	der	_	_	_	
1-11	57-62	Samen	_	_	_	
1-12	63-67	faſt	_	_	_	
1-13	68-71	zur	_	_	_	
1-14	72-81	Zeitigung	_	_	_	
1-15	82-84	ge	_	_	_	
1-16	84-85	-	_	_	_	
1-17	86-92	rathen	_	_	_	
1-18	92-93	/	_	_	_	
1-19	94-96	ſo	_	_	_	
1-20	97-101	viel	_	_	_	
1-21	102-104	du	_	_	_	
1-22	105-110	willt	_	_	_	
1-23	110-111	/	_	_	_	
1-24	112-123	zerſchneide	_	_	_	
1-25	124-127	ſie	_	_	_	
1-26	129-134	klein	_	_	_	
1-27	134-135	/	_	_	_	
1-28	136-140	thue	_	_	_	
1-29	141-144	ſie	_	_	_	
1-30	145-147	in	_	_	_	
1-31	148-153	einen	_	_	_	
1-32	154-164	kupffernen	_	_	_	
1-33	165-169	oder	_	_	_	
1-34	170-173	zin	_	_	_	
1-35	173-174	-	_	_	_	
1-36	175-181	nernen	_	_	_	
1-37	182-188	Kolben	_	_	_	
1-38	188-189	/	_	_	_	
1-39	190-196	gieſſe	_	_	_	
1-40	197-203	friſch	_	_	_	
1-41	204-216	Brunn-waſſer	_	_	_	
1-42	218-226	daruͤber	_	_	_	
1-43	226-227	/	_	_	_	
1-44	228-233	ſetze	_	_	_	
1-45	234-239	einen	_	_	_	
1-46	240-244	Helm	_	_	_	
1-47	245-252	darauff	_	_	_	
1-48	252-253	/	_	_	_	
1-49	254-258	lege	_	_	_	
1-50	259-262	ein	_	_	_	
1-51	263-267	Glaß	_	_	_	
1-52	268-272	fuͤr	_	_	_	
1-53	272-273	/	_	_	_	
1-54	274-277	und	_	_	_	
1-55	278-289	deſtilliere	_	_	_	
1-56	290-294	alſo	_	_	_	
1-57	295-298	das	_	_	_	
1-58	299-305	Waſſer	_	_	_	
1-59	306-311	davon	_	_	_	
1-60	311-312	/	_	_	_	
1-61	313-315	ſo	_	_	_	
1-62	316-320	wird	_	_	_	
1-63	321-324	das	_	_	_	
1-64	325-328	Oel	_	_	_	
1-65	329-332	mit	_	_	_	
1-66	333-336	dem	_	_	_	
1-67	337-343	Waſſer	_	_	_	
1-68	344-346	uͤ	_	_	_	
1-69	346-347	-	_	_	_	
1-70	348-356	bergehen	_	_	_	
1-71	356-357	/	_	_	_	
1-72	358-361	und	_	_	_	
1-73	362-366	ſich	_	_	_	
1-74	367-375	entweder	_	_	_	
1-75	376-381	durch	_	_	_	
1-76	382-386	Baum	_	_	_	
1-77	386-387	-	_	_	_	
1-78	388-393	wolle	_	_	_	
1-79	393-394	/	_	_	_	
1-80	395-399	oder	_	_	_	
1-81	400-405	durch	_	_	_	
1-82	406-409	das	_	_	_	
1-83	410-423	Separier-glaß	_	_	_	
1-84	424-427	von	_	_	_	
1-85	428-431	dem	_	_	_	
1-86	432-438	Waſſer	_	_	_	
1-87	439-445	leicht	_	_	_	
1-88	446-455	ſoͤnderen	_	_	_	
1-89	456-462	laſſen	_	_	_	
1-90	462-463	.	_	_	_	

#Text=Von
#Text=dieſem deſtillierten Oel vermiſcht man etli-
#Text=che tropffen mit weiſſem Wachs/ und einem
#Text=weiſſen Schmaltz/ oder mit Muſcatnuß-oͤl/
#Text=
#Text=ſo durch zugegoſſenen Branntenwein von
#Text=ſeinem geruch befreyet worden;
#Text=und gibt al-
#Text=ſo den Rauten-balſam ab/
#Text=welcher auff den
#Text=Scheitel/ an die Schlaͤff/ und under die
#Text=Naſen geſtrichen/ gute Wuͤrckung thut/ zu
#Text=Bewahrung vor der Peſt/ zu Vertreibung
#Text=
#Text=der Ohnmachten/ Mutterwehe/
#Text=Gichter
#Text=und fallende Sucht/
#Text=bey Alten und Jungen.
2-1	464-467	Von	_	_	_	
2-2	468-474	dieſem	_	_	_	
2-3	475-488	deſtillierten	_	_	_	
2-4	489-492	Oel	_	_	_	
2-5	493-502	vermiſcht	_	_	_	
2-6	503-506	man	_	_	_	
2-7	507-511	etli	_	_	_	
2-8	511-512	-	_	_	_	
2-9	513-516	che	_	_	_	
2-10	517-525	tropffen	_	_	_	
2-11	526-529	mit	_	_	_	
2-12	530-537	weiſſem	_	_	_	
2-13	538-543	Wachs	_	_	_	
2-14	543-544	/	_	_	_	
2-15	545-548	und	_	_	_	
2-16	549-554	einem	_	_	_	
2-17	555-562	weiſſen	_	_	_	
2-18	563-571	Schmaltz	_	_	_	
2-19	571-572	/	_	_	_	
2-20	573-577	oder	_	_	_	
2-21	578-581	mit	_	_	_	
2-22	582-595	Muſcatnuß-oͤl	Smell\_Source	_	_	
2-23	595-596	/	_	_	_	
2-24	598-600	ſo	_	_	_	
2-25	601-606	durch	Circumstances[1]	_	_	
2-26	607-619	zugegoſſenen	Circumstances[1]	_	_	
2-27	620-632	Branntenwein	Circumstances[1]	_	_	
2-28	633-636	von	_	_	_	
2-29	637-643	ſeinem	_	_	_	
2-30	644-650	geruch	Smell\_Word	*|*|*|*	2-22|2-31|2-25[1_0]|2-58[2_0]	
2-31	651-659	befreyet	Quality	_	_	
2-32	660-666	worden	_	_	_	
2-33	666-667	;	_	_	_	
2-34	668-671	und	_	_	_	
2-35	672-676	gibt	_	_	_	
2-36	677-679	al	_	_	_	
2-37	679-680	-	_	_	_	
2-38	681-683	ſo	_	_	_	
2-39	684-687	den	_	_	_	
2-40	688-701	Rauten-balſam	_	_	_	
2-41	702-704	ab	_	_	_	
2-42	704-705	/	_	_	_	
2-43	706-713	welcher	_	_	_	
2-44	714-718	auff	_	_	_	
2-45	719-722	den	_	_	_	
2-46	723-731	Scheitel	_	_	_	
2-47	731-732	/	_	_	_	
2-48	733-735	an	_	_	_	
2-49	736-739	die	_	_	_	
2-50	740-748	Schlaͤff	_	_	_	
2-51	748-749	/	_	_	_	
2-52	750-753	und	_	_	_	
2-53	754-759	under	_	_	_	
2-54	760-763	die	_	_	_	
2-55	764-769	Naſen	_	_	_	
2-56	770-780	geſtrichen	_	_	_	
2-57	780-781	/	_	_	_	
2-58	782-786	gute	Effect[2]	_	_	
2-59	787-796	Wuͤrckung	Effect[2]	_	_	
2-60	797-801	thut	Effect[2]	_	_	
2-61	801-802	/	Effect[2]	_	_	
2-62	803-805	zu	Effect[2]	_	_	
2-63	806-815	Bewahrung	Effect[2]	_	_	
2-64	816-819	vor	Effect[2]	_	_	
2-65	820-823	der	Effect[2]	_	_	
2-66	824-828	Peſt	Effect[2]	_	_	
2-67	828-829	/	Effect[2]	_	_	
2-68	830-832	zu	Effect[2]	_	_	
2-69	833-844	Vertreibung	Effect[2]	_	_	
2-70	846-849	der	Effect[2]	_	_	
2-71	850-860	Ohnmachten	Effect[2]	_	_	
2-72	860-861	/	Effect[2]	_	_	
2-73	862-872	Mutterwehe	Effect[2]	_	_	
2-74	872-873	/	Effect[2]	_	_	
2-75	874-881	Gichter	Effect[2]	_	_	
2-76	882-885	und	Effect[2]	_	_	
2-77	886-894	fallende	Effect[2]	_	_	
2-78	895-900	Sucht	Effect[2]	_	_	
2-79	900-901	/	Effect[2]	_	_	
2-80	902-905	bey	Effect[2]	_	_	
2-81	906-911	Alten	Effect[2]	_	_	
2-82	912-915	und	Effect[2]	_	_	
2-83	916-922	Jungen	Effect[2]	_	_	
2-84	922-923	.	_	_	_	

#Text=Man mag ihn auch wol uͤber das Genick/
#Text=
#Text=und den Ruckgrad offt ſalben.
3-1	925-928	Man	_	_	_	
3-2	929-932	mag	_	_	_	
3-3	933-936	ihn	_	_	_	
3-4	937-941	auch	_	_	_	
3-5	942-945	wol	_	_	_	
3-6	946-951	uͤber	_	_	_	
3-7	952-955	das	_	_	_	
3-8	956-962	Genick	_	_	_	
3-9	962-963	/	_	_	_	
3-10	965-968	und	_	_	_	
3-11	969-972	den	_	_	_	
3-12	973-981	Ruckgrad	_	_	_	
3-13	982-986	offt	_	_	_	
3-14	987-993	ſalben	_	_	_	
3-15	993-994	.	_	_	_	

#Text=Rauten-
#Text=balſam.
4-1	998-1004	Rauten	_	_	_	
4-2	1004-1005	-	_	_	_	
4-3	1006-1012	balſam	_	_	_	
4-4	1012-1013	.	_	_	_	

#Text=Ohnmacht
5-1	1015-1023	Ohnmacht	_	_	_	
