#FORMAT=WebAnno TSV 3.3


#Text=Kaav perspiratio dicta Hippocrati .
#Text=22.
1-1	2-6	Kaav	
1-2	7-18	perspiratio	
1-3	19-24	dicta	
1-4	25-35	Hippocrati	
1-5	36-37	.	
1-6	38-40	22	
1-7	40-41	.	

#Text=Quem herus digitis fricat nummum, plurimis aliis miftum, odore diftinguit canis, et facile protrahit.
#Text=clima, vitae genus , aetas, sexus, viclus et quae funt reliqua, odorem materiei perspirabilis ctiam immutare possunt.
2-1	42-46	Quem	
2-2	47-52	herus	
2-3	53-60	digitis	
2-4	61-67	fricat	
2-5	68-74	nummum	
2-6	74-75	,	
2-7	76-84	plurimis	
2-8	85-90	aliis	
2-9	91-97	miftum	
2-10	97-98	,	
2-11	99-104	odore	
2-12	105-115	diftinguit	
2-13	116-121	canis	
2-14	121-122	,	
2-15	123-125	et	
2-16	126-132	facile	
2-17	133-142	protrahit	
2-18	142-143	.	
2-19	144-149	clima	
2-20	149-150	,	
2-21	151-156	vitae	
2-22	157-162	genus	
2-23	163-164	,	
2-24	165-170	aetas	
2-25	170-171	,	
2-26	172-177	sexus	
2-27	177-178	,	
2-28	179-185	viclus	
2-29	186-188	et	
2-30	189-193	quae	
2-31	194-198	funt	
2-32	199-206	reliqua	
2-33	206-207	,	
2-34	208-214	odorem	
2-35	215-223	materiei	
2-36	224-237	perspirabilis	
2-37	238-243	ctiam	
2-38	244-252	immutare	
2-39	253-260	possunt	
2-40	260-261	.	

#Text=B.
3-1	262-263	B	
3-2	263-264	.	

#Text=IX.
4-1	265-267	IX	
4-2	267-268	.	

#Text=Specificum plane et facile discernendum odorem plures transpirant gentes.
5-1	269-279	Specificum	
5-2	280-285	plane	
5-3	286-288	et	
5-4	289-295	facile	
5-5	296-308	discernendum	
5-6	309-315	odorem	
5-7	316-322	plures	
5-8	323-334	transpirant	
5-9	335-341	gentes	
5-10	341-342	.	

#Text=Aethiopun sudorem fingulariter et grauiflime oleres omnes, quibus illos obleruandi occafio fuit, testantur.
6-1	343-352	Aethiopun	
6-2	353-360	sudorem	
6-3	361-373	fingulariter	
6-4	374-376	et	
6-5	377-387	grauiflime	
6-6	388-394	oleres	
6-7	395-400	omnes	
6-8	400-401	,	
6-9	402-408	quibus	
6-10	409-414	illos	
6-11	415-425	obleruandi	
6-12	426-433	occafio	
6-13	434-438	fuit	
6-14	438-439	,	
6-15	440-449	testantur	
6-16	449-450	.	

#Text=Inprimis vero inter eos foetent Angolenses i), vt et illi, qui circa Aumen Senegal k) habitant.
7-1	451-459	Inprimis	
7-2	460-464	vero	
7-3	465-470	inter	
7-4	471-474	eos	
7-5	475-482	foetent	
7-6	483-493	Angolenses	
7-7	494-495	i	
7-8	495-496	)	
7-9	496-497	,	
7-10	498-500	vt	
7-11	501-503	et	
7-12	504-508	illi	
7-13	508-509	,	
7-14	510-513	qui	
7-15	514-519	circa	
7-16	520-525	Aumen	
7-17	526-533	Senegal	
7-18	534-535	k	
7-19	535-536	)	
7-20	537-545	habitant	
7-21	545-546	.	

#Text=Causam partim in sanguine pono, qui tesie Cl.
8-1	547-553	Causam	
8-2	554-560	partim	
8-3	561-563	in	
8-4	564-572	sanguine	
8-5	573-577	pono	
8-6	577-578	,	
8-7	579-582	qui	
8-8	583-588	tesie	
8-9	589-591	Cl	
8-10	591-592	.	

#Text=Walter 1) a sanguine Europaeorum tam colore ad nigrum vergente, quam odore volatili nauseoso differt, partim antem in maiori, quem clima feruidum ciet, humorum impetu in cutem quaero.
9-1	593-599	Walter	
9-2	600-601	1	
9-3	601-602	)	
9-4	603-604	a	
9-5	605-613	sanguine	
9-6	614-625	Europaeorum	
9-7	626-629	tam	
9-8	630-636	colore	
9-9	637-639	ad	
9-10	640-646	nigrum	
9-11	647-655	vergente	
9-12	655-656	,	
9-13	657-661	quam	
9-14	662-667	odore	
9-15	668-676	volatili	
9-16	677-685	nauseoso	
9-17	686-693	differt	
9-18	693-694	,	
9-19	695-701	partim	
9-20	702-707	antem	
9-21	708-710	in	
9-22	711-717	maiori	
9-23	717-718	,	
9-24	719-723	quem	
9-25	724-729	clima	
9-26	730-738	feruidum	
9-27	739-743	ciet	
9-28	743-744	,	
9-29	745-752	humorum	
9-30	753-759	impetu	
9-31	760-762	in	
9-32	763-768	cutem	
9-33	769-775	quaero	
9-34	775-776	.	

#Text=Calore enim aeris atmosphaerici crescente, fimul augetur perspiratio , quae tunc etiam in noftris regionibus grauius olere incipit.
10-1	777-783	Calore	
10-2	784-788	enim	
10-3	789-794	aeris	
10-4	795-808	atmosphaerici	
10-5	809-818	crescente	
10-6	818-819	,	
10-7	820-825	fimul	
10-8	826-833	augetur	
10-9	834-845	perspiratio	
10-10	846-847	,	
10-11	848-852	quae	
10-12	853-857	tunc	
10-13	858-863	etiam	
10-14	864-866	in	
10-15	867-874	noftris	
10-16	875-885	regionibus	
10-17	886-893	grauius	
10-18	894-899	olere	
10-19	900-907	incipit	
10-20	907-908	.	

#Text=Sicut in Aethiopibus, in Groenlandis m) quoque et Caraihaeis n) varietas gentilitia in odore perspirationis obseruata eft.
11-1	909-914	Sicut	
11-2	915-917	in	
11-3	918-929	Aethiopibus	
11-4	929-930	,	
11-5	931-933	in	
11-6	934-945	Groenlandis	
11-7	946-947	m	
11-8	947-948	)	
11-9	949-955	quoque	
11-10	956-958	et	
11-11	959-969	Caraihaeis	
11-12	970-971	n	
11-13	971-972	)	
11-14	973-981	varietas	
11-15	982-992	gentilitia	
11-16	993-995	in	
11-17	996-1001	odore	
11-18	1002-1016	perspirationis	
11-19	1017-1026	obseruata	
11-20	1027-1030	eft	
11-21	1030-1031	.	

#Text=Nec gentibus Europacis *) odor per cutem spirans i pecificus plane denegandus eft, quum olfactum acutiffimum haud fugiat,
#Text=
#Text=Sic
#Text=
#Text=
#Text=
#Text=i) Ill.
12-1	1032-1035	Nec	
12-2	1036-1044	gentibus	
12-3	1045-1054	Europacis	
12-4	1055-1056	*	
12-5	1056-1057	)	
12-6	1058-1062	odor	
12-7	1063-1066	per	
12-8	1067-1072	cutem	
12-9	1073-1080	spirans	
12-10	1081-1082	i	
12-11	1083-1092	pecificus	
12-12	1093-1098	plane	
12-13	1099-1109	denegandus	
12-14	1110-1113	eft	
12-15	1113-1114	,	
12-16	1115-1119	quum	
12-17	1120-1128	olfactum	
12-18	1129-1140	acutiffimum	
12-19	1141-1145	haud	
12-20	1146-1152	fugiat	
12-21	1152-1153	,	
12-22	1155-1158	Sic	
12-23	1162-1163	i	
12-24	1163-1164	)	
12-25	1165-1168	Ill	
12-26	1168-1169	.	

#Text=BLUMENBACH lib. cit.
#Text=p. 187. k) SCHOTTE treatise on the Synochus atrabiliora, which raged at Se.
#Text=negal.
13-1	1170-1180	BLUMENBACH	
13-2	1181-1184	lib	
13-3	1184-1185	.	
13-4	1186-1189	cit	
13-5	1189-1190	.	
13-6	1191-1192	p	
13-7	1192-1193	.	
13-8	1194-1197	187	
13-9	1197-1198	.	
13-10	1199-1200	k	
13-11	1200-1201	)	
13-12	1202-1209	SCHOTTE	
13-13	1210-1218	treatise	
13-14	1219-1221	on	
13-15	1222-1225	the	
13-16	1226-1234	Synochus	
13-17	1235-1246	atrabiliora	
13-18	1246-1247	,	
13-19	1248-1253	which	
13-20	1254-1259	raged	
13-21	1260-1262	at	
13-22	1263-1265	Se	
13-23	1265-1266	.	
13-24	1267-1272	negal	
13-25	1272-1273	.	

#Text=London 1782.
#Text=8.
#Text=1) Von den Venen des Auges.
14-1	1274-1280	London	
14-2	1281-1285	1782	
14-3	1285-1286	.	
14-4	1287-1288	8	
14-5	1288-1289	.	
14-6	1290-1291	1	
14-7	1291-1292	)	
14-8	1293-1296	Von	
14-9	1297-1300	den	
14-10	1301-1306	Venen	
14-11	1307-1310	des	
14-12	1311-1316	Auges	
14-13	1316-1317	.	
