#FORMAT=WebAnno TSV 3.3


#Text=12 Nuntius autem qui ierat ad vocandum Michæam, ait illi : En verba omnium prophetarum uno ore bona regi annuntiant : quæso ergo te ut et sermo tuus ab eis non dissentiat, loquarisque prospera.
#Text=13 Cui respondit Michæas : Vivit Dominus, quia quodcumque dixerit mihi Deus meus, hoc loquar.
#Text=14 Venit ergo ad regem.
1-1	2-4	12	
1-2	5-12	Nuntius	
1-3	13-18	autem	
1-4	19-22	qui	
1-5	23-28	ierat	
1-6	29-31	ad	
1-7	32-40	vocandum	
1-8	41-48	Michæam	
1-9	48-49	,	
1-10	50-53	ait	
1-11	54-58	illi	
1-12	59-60	:	
1-13	61-63	En	
1-14	64-69	verba	
1-15	70-76	omnium	
1-16	77-88	prophetarum	
1-17	89-92	uno	
1-18	93-96	ore	
1-19	97-101	bona	
1-20	102-106	regi	
1-21	107-117	annuntiant	
1-22	118-119	:	
1-23	120-125	quæso	
1-24	126-130	ergo	
1-25	131-133	te	
1-26	134-136	ut	
1-27	137-139	et	
1-28	140-145	sermo	
1-29	146-150	tuus	
1-30	151-153	ab	
1-31	154-157	eis	
1-32	158-161	non	
1-33	162-172	dissentiat	
1-34	172-173	,	
1-35	174-185	loquarisque	
1-36	186-194	prospera	
1-37	194-195	.	
1-38	196-198	13	
1-39	199-202	Cui	
1-40	203-212	respondit	
1-41	213-220	Michæas	
1-42	221-222	:	
1-43	223-228	Vivit	
1-44	229-236	Dominus	
1-45	236-237	,	
1-46	238-242	quia	
1-47	243-253	quodcumque	
1-48	254-261	dixerit	
1-49	262-266	mihi	
1-50	267-271	Deus	
1-51	272-276	meus	
1-52	276-277	,	
1-53	278-281	hoc	
1-54	282-288	loquar	
1-55	288-289	.	
1-56	290-292	14	
1-57	293-298	Venit	
1-58	299-303	ergo	
1-59	304-306	ad	
1-60	307-312	regem	
1-61	312-313	.	

#Text=Cui rex ait : Michæa, ire debemus in Ramoth Galaad ad bellandum, an quiescere ?
2-1	314-317	Cui	
2-2	318-321	rex	
2-3	322-325	ait	
2-4	326-327	:	
2-5	328-334	Michæa	
2-6	334-335	,	
2-7	336-339	ire	
2-8	340-347	debemus	
2-9	348-350	in	
2-10	351-357	Ramoth	
2-11	358-364	Galaad	
2-12	365-367	ad	
2-13	368-377	bellandum	
2-14	377-378	,	
2-15	379-381	an	
2-16	382-391	quiescere	
2-17	392-393	?	

#Text=Cui ille respondit : Ascendite : cuncta enim prospera evenient, et tradentur hostes in manus vestras.
#Text=15 Dixitque rex : Iterum atque iterum te adjuro, ut mihi non loquaris, nisi quod verum est in nomine Domini.
#Text=16 At ille ait : Vidi universum Israël dispersum in montibus, sicut oves absque pastore : et dixit Dominus : Non habent isti dominos : revertatur unusquisque in domum suam in pace.
#Text=17 Et ait rex Israël ad Josaphat : Nonne dixi tibi quod non prophetaret iste mihi quidquam boni, sed ea quæ mala sunt ?
3-1	394-397	Cui	
3-2	398-402	ille	
3-3	403-412	respondit	
3-4	413-414	:	
3-5	415-424	Ascendite	
3-6	425-426	:	
3-7	427-433	cuncta	
3-8	434-438	enim	
3-9	439-447	prospera	
3-10	448-456	evenient	
3-11	456-457	,	
3-12	458-460	et	
3-13	461-470	tradentur	
3-14	471-477	hostes	
3-15	478-480	in	
3-16	481-486	manus	
3-17	487-494	vestras	
3-18	494-495	.	
3-19	496-498	15	
3-20	499-507	Dixitque	
3-21	508-511	rex	
3-22	512-513	:	
3-23	514-520	Iterum	
3-24	521-526	atque	
3-25	527-533	iterum	
3-26	534-536	te	
3-27	537-543	adjuro	
3-28	543-544	,	
3-29	545-547	ut	
3-30	548-552	mihi	
3-31	553-556	non	
3-32	557-565	loquaris	
3-33	565-566	,	
3-34	567-571	nisi	
3-35	572-576	quod	
3-36	577-582	verum	
3-37	583-586	est	
3-38	587-589	in	
3-39	590-596	nomine	
3-40	597-603	Domini	
3-41	603-604	.	
3-42	605-607	16	
3-43	608-610	At	
3-44	611-615	ille	
3-45	616-619	ait	
3-46	620-621	:	
3-47	622-626	Vidi	
3-48	627-636	universum	
3-49	637-643	Israël	
3-50	644-653	dispersum	
3-51	654-656	in	
3-52	657-665	montibus	
3-53	665-666	,	
3-54	667-672	sicut	
3-55	673-677	oves	
3-56	678-684	absque	
3-57	685-692	pastore	
3-58	693-694	:	
3-59	695-697	et	
3-60	698-703	dixit	
3-61	704-711	Dominus	
3-62	712-713	:	
3-63	714-717	Non	
3-64	718-724	habent	
3-65	725-729	isti	
3-66	730-737	dominos	
3-67	738-739	:	
3-68	740-750	revertatur	
3-69	751-762	unusquisque	
3-70	763-765	in	
3-71	766-771	domum	
3-72	772-776	suam	
3-73	777-779	in	
3-74	780-784	pace	
3-75	784-785	.	
3-76	786-788	17	
3-77	789-791	Et	
3-78	792-795	ait	
3-79	796-799	rex	
3-80	800-806	Israël	
3-81	807-809	ad	
3-82	810-818	Josaphat	
3-83	819-820	:	
3-84	821-826	Nonne	
3-85	827-831	dixi	
3-86	832-836	tibi	
3-87	837-841	quod	
3-88	842-845	non	
3-89	846-857	prophetaret	
3-90	858-862	iste	
3-91	863-867	mihi	
3-92	868-876	quidquam	
3-93	877-881	boni	
3-94	881-882	,	
3-95	883-886	sed	
3-96	887-889	ea	
3-97	890-893	quæ	
3-98	894-898	mala	
3-99	899-903	sunt	
3-100	904-905	?	

#Text=18 At ille : Idcirco, ait, audite verbum Domini : vidi Dominum sedentem in solio suo, et omnem exercitum cæli assistentem ei a dextris et a sinistris.
#Text=19 Et dixit Dominus : Quis decipiet Achab regem Israël ut ascendat et corruat in Ramoth Galaad ?
4-1	906-908	18	
4-2	909-911	At	
4-3	912-916	ille	
4-4	917-918	:	
4-5	919-926	Idcirco	
4-6	926-927	,	
4-7	928-931	ait	
4-8	931-932	,	
4-9	933-939	audite	
4-10	940-946	verbum	
4-11	947-953	Domini	
4-12	954-955	:	
4-13	956-960	vidi	
4-14	961-968	Dominum	
4-15	969-977	sedentem	
4-16	978-980	in	
4-17	981-986	solio	
4-18	987-990	suo	
4-19	990-991	,	
4-20	992-994	et	
4-21	995-1000	omnem	
4-22	1001-1010	exercitum	
4-23	1011-1015	cæli	
4-24	1016-1027	assistentem	
4-25	1028-1030	ei	
4-26	1031-1032	a	
4-27	1033-1040	dextris	
4-28	1041-1043	et	
4-29	1044-1045	a	
4-30	1046-1055	sinistris	
4-31	1055-1056	.	
4-32	1057-1059	19	
4-33	1060-1062	Et	
4-34	1063-1068	dixit	
4-35	1069-1076	Dominus	
4-36	1077-1078	:	
4-37	1079-1083	Quis	
4-38	1084-1092	decipiet	
4-39	1093-1098	Achab	
4-40	1099-1104	regem	
4-41	1105-1111	Israël	
4-42	1112-1114	ut	
4-43	1115-1123	ascendat	
4-44	1124-1126	et	
4-45	1127-1134	corruat	
4-46	1135-1137	in	
4-47	1138-1144	Ramoth	
4-48	1145-1151	Galaad	
4-49	1152-1153	?	

#Text=Cumque diceret unus hoc modo, et alter alio, 20 processit spiritus, et stetit coram Domino, et ait : Ego decipiam eum.
5-1	1154-1160	Cumque	
5-2	1161-1168	diceret	
5-3	1169-1173	unus	
5-4	1174-1177	hoc	
5-5	1178-1182	modo	
5-6	1182-1183	,	
5-7	1184-1186	et	
5-8	1187-1192	alter	
5-9	1193-1197	alio	
5-10	1197-1198	,	
5-11	1199-1201	20	
5-12	1202-1211	processit	
5-13	1212-1220	spiritus	
5-14	1220-1221	,	
5-15	1222-1224	et	
5-16	1225-1231	stetit	
5-17	1232-1237	coram	
5-18	1238-1244	Domino	
5-19	1244-1245	,	
5-20	1246-1248	et	
5-21	1249-1252	ait	
5-22	1253-1254	:	
5-23	1255-1258	Ego	
5-24	1259-1267	decipiam	
5-25	1268-1271	eum	
5-26	1271-1272	.	

#Text=Cui Dominus : In quo, inquit, decipies ?
6-1	1273-1276	Cui	
6-2	1277-1284	Dominus	
6-3	1285-1286	:	
6-4	1287-1289	In	
6-5	1290-1293	quo	
6-6	1293-1294	,	
6-7	1295-1301	inquit	
6-8	1301-1302	,	
6-9	1303-1311	decipies	
6-10	1312-1313	?	

#Text=21 At ille respondit : Egrediar, et ero spiritus mendax in ore omnium prophetarum ejus.
7-1	1314-1316	21	
7-2	1317-1319	At	
7-3	1320-1324	ille	
7-4	1325-1334	respondit	
7-5	1335-1336	:	
7-6	1337-1345	Egrediar	
7-7	1345-1346	,	
7-8	1347-1349	et	
7-9	1350-1353	ero	
7-10	1354-1362	spiritus	
7-11	1363-1369	mendax	
7-12	1370-1372	in	
7-13	1373-1376	ore	
7-14	1377-1383	omnium	
7-15	1384-1395	prophetarum	
7-16	1396-1400	ejus	
7-17	1400-1401	.	

#Text=Dixitque Dominus : Decipies, et prævalebis : egredere, et fac ita.
#Text=22 Nunc igitur, ecce Dominus dedit spiritum mendacii in ore omnium prophetarum tuorum, et Dominus locutus est de te mala.
#Text=23 Accessit autem Sedecias filius Chanaana, et percussit Michææ maxillam, et ait : Per quam viam transivit spiritus Domini a me, ut loqueretur tibi ?
8-1	1402-1410	Dixitque	
8-2	1411-1418	Dominus	
8-3	1419-1420	:	
8-4	1421-1429	Decipies	
8-5	1429-1430	,	
8-6	1431-1433	et	
8-7	1434-1444	prævalebis	
8-8	1445-1446	:	
8-9	1447-1455	egredere	
8-10	1455-1456	,	
8-11	1457-1459	et	
8-12	1460-1463	fac	
8-13	1464-1467	ita	
8-14	1467-1468	.	
8-15	1469-1471	22	
8-16	1472-1476	Nunc	
8-17	1477-1483	igitur	
8-18	1483-1484	,	
8-19	1485-1489	ecce	
8-20	1490-1497	Dominus	
8-21	1498-1503	dedit	
8-22	1504-1512	spiritum	
8-23	1513-1521	mendacii	
8-24	1522-1524	in	
8-25	1525-1528	ore	
8-26	1529-1535	omnium	
8-27	1536-1547	prophetarum	
8-28	1548-1554	tuorum	
8-29	1554-1555	,	
8-30	1556-1558	et	
8-31	1559-1566	Dominus	
8-32	1567-1574	locutus	
8-33	1575-1578	est	
8-34	1579-1581	de	
8-35	1582-1584	te	
8-36	1585-1589	mala	
8-37	1589-1590	.	
8-38	1591-1593	23	
8-39	1594-1602	Accessit	
8-40	1603-1608	autem	
8-41	1609-1617	Sedecias	
8-42	1618-1624	filius	
8-43	1625-1633	Chanaana	
8-44	1633-1634	,	
8-45	1635-1637	et	
8-46	1638-1647	percussit	
8-47	1648-1654	Michææ	
8-48	1655-1663	maxillam	
8-49	1663-1664	,	
8-50	1665-1667	et	
8-51	1668-1671	ait	
8-52	1672-1673	:	
8-53	1674-1677	Per	
8-54	1678-1682	quam	
8-55	1683-1687	viam	
8-56	1688-1697	transivit	
8-57	1698-1706	spiritus	
8-58	1707-1713	Domini	
8-59	1714-1715	a	
8-60	1716-1718	me	
8-61	1718-1719	,	
8-62	1720-1722	ut	
8-63	1723-1733	loqueretur	
8-64	1734-1738	tibi	
8-65	1739-1740	?	

#Text=24 Dixitque Michæas : Tu ipse videbis in die illo, quando ingressus fueris cubiculum de cubiculo ut abscondaris.
#Text=25 Præcepit autem rex Israël, dicens : Tollite Michæam, et ducite eum ad Amon principem civitatis, et ad Joas filium Amelech.
#Text=26 Et dicetis : Hæc dicit rex : Mittite hunc in carcerem, et date ei panis modicum, et aquæ pauxillum, donec revertar in pace.
#Text=27 Dixitque Michæas : Si reversus fueris in pace, non est locutus Dominus in me.
9-1	1741-1743	24	
9-2	1744-1752	Dixitque	
9-3	1753-1760	Michæas	
9-4	1761-1762	:	
9-5	1763-1765	Tu	
9-6	1766-1770	ipse	
9-7	1771-1778	videbis	
9-8	1779-1781	in	
9-9	1782-1785	die	
9-10	1786-1790	illo	
9-11	1790-1791	,	
9-12	1792-1798	quando	
9-13	1799-1808	ingressus	
9-14	1809-1815	fueris	
9-15	1816-1825	cubiculum	
9-16	1826-1828	de	
9-17	1829-1837	cubiculo	
9-18	1838-1840	ut	
9-19	1841-1852	abscondaris	
9-20	1852-1853	.	
9-21	1854-1856	25	
9-22	1857-1865	Præcepit	
9-23	1866-1871	autem	
9-24	1872-1875	rex	
9-25	1876-1882	Israël	
9-26	1882-1883	,	
9-27	1884-1890	dicens	
9-28	1891-1892	:	
9-29	1893-1900	Tollite	
9-30	1901-1908	Michæam	
9-31	1908-1909	,	
9-32	1910-1912	et	
9-33	1913-1919	ducite	
9-34	1920-1923	eum	
9-35	1924-1926	ad	
9-36	1927-1931	Amon	
9-37	1932-1941	principem	
9-38	1942-1951	civitatis	
9-39	1951-1952	,	
9-40	1953-1955	et	
9-41	1956-1958	ad	
9-42	1959-1963	Joas	
9-43	1964-1970	filium	
9-44	1971-1978	Amelech	
9-45	1978-1979	.	
9-46	1980-1982	26	
9-47	1983-1985	Et	
9-48	1986-1993	dicetis	
9-49	1994-1995	:	
9-50	1996-1999	Hæc	
9-51	2000-2005	dicit	
9-52	2006-2009	rex	
9-53	2010-2011	:	
9-54	2012-2019	Mittite	
9-55	2020-2024	hunc	
9-56	2025-2027	in	
9-57	2028-2036	carcerem	
9-58	2036-2037	,	
9-59	2038-2040	et	
9-60	2041-2045	date	
9-61	2046-2048	ei	
9-62	2049-2054	panis	
9-63	2055-2062	modicum	
9-64	2062-2063	,	
9-65	2064-2066	et	
9-66	2067-2071	aquæ	
9-67	2072-2081	pauxillum	
9-68	2081-2082	,	
9-69	2083-2088	donec	
9-70	2089-2097	revertar	
9-71	2098-2100	in	
9-72	2101-2105	pace	
9-73	2105-2106	.	
9-74	2107-2109	27	
9-75	2110-2118	Dixitque	
9-76	2119-2126	Michæas	
9-77	2127-2128	:	
9-78	2129-2131	Si	
9-79	2132-2140	reversus	
9-80	2141-2147	fueris	
9-81	2148-2150	in	
9-82	2151-2155	pace	
9-83	2155-2156	,	
9-84	2157-2160	non	
9-85	2161-2164	est	
9-86	2165-2172	locutus	
9-87	2173-2180	Dominus	
9-88	2181-2183	in	
9-89	2184-2186	me	
9-90	2186-2187	.	
