#FORMAT=WebAnno TSV 3.3
#T_SP=custom.Span|label
#T_RL=custom.Relation|label|BT_custom.Span


#Text=in
#Text=dünnem Strahl unter Umrühren hinzugegeben.
1-1	0-2	in	_	_	_	
1-2	3-9	dünnem	_	_	_	
1-3	10-16	Strahl	_	_	_	
1-4	17-22	unter	_	_	_	
1-5	23-31	Umrühren	_	_	_	
1-6	32-44	hinzugegeben	_	_	_	
1-7	44-45	.	_	_	_	

#Text=Die Flüſſigkeit färbt ſich
#Text=
#Text=dabei von ausgeſchiedenem Schwefel
#Text=milchig
#Text=.
2-1	46-49	Die	_	_	_	
2-2	50-61	Flüſſigkeit	_	_	_	
2-3	62-67	färbt	_	_	_	
2-4	68-72	ſich	_	_	_	
2-5	74-79	dabei	_	_	_	
2-6	80-83	von	_	_	_	
2-7	84-99	ausgeſchiedenem	_	_	_	
2-8	100-108	Schwefel	_	_	_	
2-9	109-116	milchig	_	_	_	
2-10	117-118	.	_	_	_	

#Text=Man erhöht nun die Tempe-
#Text=ratur ganz allmählich bis auf 60 bis 65° R., erhält etwa 1 Stunde hierin
#Text=und wäſcht zuletzt gut aus.
3-1	119-122	Man	_	_	_	
3-2	123-129	erhöht	_	_	_	
3-3	130-133	nun	_	_	_	
3-4	134-137	die	_	_	_	
3-5	138-143	Tempe	_	_	_	
3-6	143-144	-	_	_	_	
3-7	145-150	ratur	_	_	_	
3-8	151-155	ganz	_	_	_	
3-9	156-166	allmählich	_	_	_	
3-10	167-170	bis	_	_	_	
3-11	171-174	auf	_	_	_	
3-12	175-177	60	_	_	_	
3-13	178-181	bis	_	_	_	
3-14	182-184	65	_	_	_	
3-15	184-185	°	_	_	_	
3-16	186-187	R	_	_	_	
3-17	187-188	.	_	_	_	
3-18	188-189	,	_	_	_	
3-19	190-196	erhält	_	_	_	
3-20	197-201	etwa	_	_	_	
3-21	202-203	1	_	_	_	
3-22	204-210	Stunde	_	_	_	
3-23	211-217	hierin	_	_	_	
3-24	218-221	und	_	_	_	
3-25	222-228	wäſcht	_	_	_	
3-26	229-236	zuletzt	_	_	_	
3-27	237-240	gut	_	_	_	
3-28	241-244	aus	_	_	_	
3-29	244-245	.	_	_	_	

#Text=Nach einer andern Vorſchrift ſoll man 2 kg
#Text=unterſchwefligſaures Natron, 1 kg Alaun und 0,5 kg Schwefelſäure verwenden,
#Text=und nach dem Beizen entweder ohne zu ſpülen direkt ausfärben, oder noch
#Text=vorher ½ Stunde lang in einem 5 prozentigen Seifenbade bei 75° R.
#Text=durcharbeiten.
4-1	246-250	Nach	_	_	_	
4-2	251-256	einer	_	_	_	
4-3	257-263	andern	_	_	_	
4-4	264-274	Vorſchrift	_	_	_	
4-5	275-279	ſoll	_	_	_	
4-6	280-283	man	_	_	_	
4-7	284-285	2	_	_	_	
4-8	286-288	kg	_	_	_	
4-9	289-309	unterſchwefligſaures	_	_	_	
4-10	310-316	Natron	_	_	_	
4-11	316-317	,	_	_	_	
4-12	318-319	1	_	_	_	
4-13	320-322	kg	_	_	_	
4-14	323-328	Alaun	_	_	_	
4-15	329-332	und	_	_	_	
4-16	333-336	0,5	_	_	_	
4-17	337-339	kg	_	_	_	
4-18	340-353	Schwefelſäure	_	_	_	
4-19	354-363	verwenden	_	_	_	
4-20	363-364	,	_	_	_	
4-21	365-368	und	_	_	_	
4-22	369-373	nach	_	_	_	
4-23	374-377	dem	_	_	_	
4-24	378-384	Beizen	_	_	_	
4-25	385-393	entweder	_	_	_	
4-26	394-398	ohne	_	_	_	
4-27	399-401	zu	_	_	_	
4-28	402-408	ſpülen	_	_	_	
4-29	409-415	direkt	_	_	_	
4-30	416-425	ausfärben	_	_	_	
4-31	425-426	,	_	_	_	
4-32	427-431	oder	_	_	_	
4-33	432-436	noch	_	_	_	
4-34	437-443	vorher	_	_	_	
4-35	444-445	½	_	_	_	
4-36	446-452	Stunde	_	_	_	
4-37	453-457	lang	_	_	_	
4-38	458-460	in	_	_	_	
4-39	461-466	einem	_	_	_	
4-40	467-468	5	_	_	_	
4-41	469-480	prozentigen	_	_	_	
4-42	481-491	Seifenbade	_	_	_	
4-43	492-495	bei	_	_	_	
4-44	496-498	75	_	_	_	
4-45	498-499	°	_	_	_	
4-46	500-501	R	_	_	_	
4-47	501-502	.	_	_	_	
4-48	503-516	durcharbeiten	_	_	_	
4-49	516-517	.	_	_	_	

#Text=Der Alaunzuſatz ſoll ein Verfilzen der Wolle verhindern
#Text=(Kertész).
5-1	518-521	Der	_	_	_	
5-2	522-533	Alaunzuſatz	_	_	_	
5-3	534-538	ſoll	_	_	_	
5-4	539-542	ein	_	_	_	
5-5	543-552	Verfilzen	_	_	_	
5-6	553-556	der	_	_	_	
5-7	557-562	Wolle	_	_	_	
5-8	563-573	verhindern	_	_	_	
5-9	574-575	(	_	_	_	
5-10	575-582	Kertész	_	_	_	
5-11	582-583	)	_	_	_	
5-12	583-584	.	_	_	_	

#Text=Was das Behandeln im Seifenbade eigentlich bezwecken ſoll,
#Text=iſt nicht recht verſtändlich.
#Text=— Auf dieſe Weiſe mit Schwefel gebeizte Wolle
#Text=
#Text=beſitzt ſtets einen eigentümlichen Griff und den charakteriſtiſchen Schwefel-
#Text=geruch.
6-1	585-588	Was	_	_	_	
6-2	589-592	das	_	_	_	
6-3	593-602	Behandeln	_	_	_	
6-4	603-605	im	_	_	_	
6-5	606-616	Seifenbade	_	_	_	
6-6	617-627	eigentlich	_	_	_	
6-7	628-637	bezwecken	_	_	_	
6-8	638-642	ſoll	_	_	_	
6-9	642-643	,	_	_	_	
6-10	644-647	iſt	_	_	_	
6-11	648-653	nicht	_	_	_	
6-12	654-659	recht	_	_	_	
6-13	660-672	verſtändlich	_	_	_	
6-14	672-673	.	_	_	_	
6-15	674-675	—	_	_	_	
6-16	676-679	Auf	_	_	_	
6-17	680-685	dieſe	_	_	_	
6-18	686-691	Weiſe	_	_	_	
6-19	692-695	mit	Circumstances[1]	_	_	
6-20	696-704	Schwefel	Circumstances[1]	_	_	
6-21	705-713	gebeizte	Circumstances[1]	_	_	
6-22	714-719	Wolle	Odour\_Carrier	_	_	
6-23	721-728	beſitzt	_	_	_	
6-24	729-734	ſtets	_	_	_	
6-25	735-740	einen	_	_	_	
6-26	741-755	eigentümlichen	_	_	_	
6-27	756-761	Griff	_	_	_	
6-28	762-765	und	_	_	_	
6-29	766-769	den	_	_	_	
6-30	770-788	charakteriſtiſchen	Quality	_	_	
6-31	789-797	Schwefel	Smell\_Source	_	_	
6-32	797-798	-	_	_	_	
6-33	799-805	geruch	Smell\_Word	*|*|*|*	6-22|6-31|6-30|6-19[1_0]	
6-34	805-806	.	_	_	_	

#Text=Beizen mit Glauberſalz und Schwefelſäure.
7-1	810-816	Beizen	_	_	_	
7-2	817-820	mit	_	_	_	
7-3	821-832	Glauberſalz	_	_	_	
7-4	833-836	und	_	_	_	
7-5	837-850	Schwefelſäure	_	_	_	
7-6	850-851	.	_	_	_	

#Text=Die Miſchung von
#Text=Glauberſalz und Schwefelſäure dient allgemein zum Färben mit ſauren
#Text=Farb-
#Text=
#Text=ſtoffen.
8-1	852-855	Die	_	_	_	
8-2	856-864	Miſchung	_	_	_	
8-3	865-868	von	_	_	_	
8-4	869-880	Glauberſalz	_	_	_	
8-5	881-884	und	_	_	_	
8-6	885-898	Schwefelſäure	_	_	_	
8-7	899-904	dient	_	_	_	
8-8	905-914	allgemein	_	_	_	
8-9	915-918	zum	_	_	_	
8-10	919-925	Färben	_	_	_	
8-11	926-929	mit	_	_	_	
8-12	930-936	ſauren	_	_	_	
8-13	937-941	Farb	_	_	_	
8-14	941-942	-	_	_	_	
8-15	944-951	ſtoffen	_	_	_	
8-16	951-952	.	_	_	_	

#Text=Die Angaben über die Verhältniſſe zwiſchen den Chemikalien weichen je-
#Text=doch ſehr voneinander ab.
9-1	953-956	Die	_	_	_	
9-2	957-964	Angaben	_	_	_	
9-3	965-969	über	_	_	_	
9-4	970-973	die	_	_	_	
9-5	974-986	Verhältniſſe	_	_	_	
9-6	987-995	zwiſchen	_	_	_	
9-7	996-999	den	_	_	_	
9-8	1000-1011	Chemikalien	_	_	_	
9-9	1012-1019	weichen	_	_	_	
9-10	1020-1022	je	_	_	_	
9-11	1022-1023	-	_	_	_	
9-12	1024-1028	doch	_	_	_	
9-13	1029-1033	ſehr	_	_	_	
9-14	1034-1045	voneinander	_	_	_	
9-15	1046-1048	ab	_	_	_	
9-16	1048-1049	.	_	_	_	

#Text=Man findet 20 bis 30 Prozent vom Gewicht der
#Text=Wolle an Glauberſalz und 4 bis 5 Prozent an Schwefelſäure von 66° Bé.
10-1	1050-1053	Man	_	_	_	
10-2	1054-1060	findet	_	_	_	
10-3	1061-1063	20	_	_	_	
10-4	1064-1067	bis	_	_	_	
10-5	1068-1070	30	_	_	_	
10-6	1071-1078	Prozent	_	_	_	
10-7	1079-1082	vom	_	_	_	
10-8	1083-1090	Gewicht	_	_	_	
10-9	1091-1094	der	_	_	_	
10-10	1095-1100	Wolle	_	_	_	
10-11	1101-1103	an	_	_	_	
10-12	1104-1115	Glauberſalz	_	_	_	
10-13	1116-1119	und	_	_	_	
10-14	1120-1121	4	_	_	_	
10-15	1122-1125	bis	_	_	_	
10-16	1126-1127	5	_	_	_	
10-17	1128-1135	Prozent	_	_	_	
10-18	1136-1138	an	_	_	_	
10-19	1139-1152	Schwefelſäure	_	_	_	
10-20	1153-1156	von	_	_	_	
10-21	1157-1159	66	_	_	_	
10-22	1159-1160	°	_	_	_	
10-23	1161-1163	Bé	_	_	_	
10-24	1163-1164	.	_	_	_	

#Text=Der
#Text=Schwefelſäurezuſatz bezweckt das Freimachen der Farbſäure aus dem Farb-
#Text=ſtoffe und das Glauberſalz ſoll das Angehen der Farbſäure an die Wolle
#Text=
#Text=regulieren, da die Farbſäuren gemeinhin ſehr ſchnell angehen und daher zu
#Text=unregelmäßigem Färben Anlaß geben.
11-1	1165-1168	Der	_	_	_	
11-2	1169-1188	Schwefelſäurezuſatz	_	_	_	
11-3	1189-1197	bezweckt	_	_	_	
11-4	1198-1201	das	_	_	_	
11-5	1202-1212	Freimachen	_	_	_	
11-6	1213-1216	der	_	_	_	
11-7	1217-1226	Farbſäure	_	_	_	
11-8	1227-1230	aus	_	_	_	
11-9	1231-1234	dem	_	_	_	
11-10	1235-1239	Farb	_	_	_	
11-11	1239-1240	-	_	_	_	
11-12	1241-1247	ſtoffe	_	_	_	
11-13	1248-1251	und	_	_	_	
11-14	1252-1255	das	_	_	_	
11-15	1256-1267	Glauberſalz	_	_	_	
11-16	1268-1272	ſoll	_	_	_	
11-17	1273-1276	das	_	_	_	
11-18	1277-1284	Angehen	_	_	_	
11-19	1285-1288	der	_	_	_	
11-20	1289-1298	Farbſäure	_	_	_	
11-21	1299-1301	an	_	_	_	
11-22	1302-1305	die	_	_	_	
11-23	1306-1311	Wolle	_	_	_	
11-24	1313-1323	regulieren	_	_	_	
11-25	1323-1324	,	_	_	_	
11-26	1325-1327	da	_	_	_	
11-27	1328-1331	die	_	_	_	
11-28	1332-1342	Farbſäuren	_	_	_	
11-29	1343-1352	gemeinhin	_	_	_	
11-30	1353-1357	ſehr	_	_	_	
11-31	1358-1365	ſchnell	_	_	_	
11-32	1366-1373	angehen	_	_	_	
11-33	1374-1377	und	_	_	_	
11-34	1378-1383	daher	_	_	_	
11-35	1384-1386	zu	_	_	_	
11-36	1387-1401	unregelmäßigem	_	_	_	
11-37	1402-1408	Färben	_	_	_	
11-38	1409-1414	Anlaß	_	_	_	
11-39	1415-1420	geben	_	_	_	
11-40	1420-1421	.	_	_	_	
