#FORMAT=WebAnno TSV 3.3


#Text=Doch eer hij zich naar zijn' vriendenkring begaf herinnerde hij zich, dat hij een
#Text=bezoek moest afleggen bij een' ouden bekende der familie, die zijn' éénigen zoon,
#Text=zijn éénig kind tevens, inderdaad zijn' steun en staf verloren had.
1-1	2-6	Doch	
1-2	7-10	eer	
1-3	11-14	hij	
1-4	15-19	zich	
1-5	20-24	naar	
1-6	25-29	zijn	
1-7	29-30	'	
1-8	31-44	vriendenkring	
1-9	45-50	begaf	
1-10	51-61	herinnerde	
1-11	62-65	hij	
1-12	66-70	zich	
1-13	70-71	,	
1-14	72-75	dat	
1-15	76-79	hij	
1-16	80-83	een	
1-17	84-90	bezoek	
1-18	91-96	moest	
1-19	97-105	afleggen	
1-20	106-109	bij	
1-21	110-113	een	
1-22	113-114	'	
1-23	115-120	ouden	
1-24	121-128	bekende	
1-25	129-132	der	
1-26	133-140	familie	
1-27	140-141	,	
1-28	142-145	die	
1-29	146-150	zijn	
1-30	150-151	'	
1-31	152-159	éénigen	
1-32	160-164	zoon	
1-33	164-165	,	
1-34	166-170	zijn	
1-35	171-176	éénig	
1-36	177-181	kind	
1-37	182-188	tevens	
1-38	188-189	,	
1-39	190-199	inderdaad	
1-40	200-204	zijn	
1-41	204-205	'	
1-42	206-211	steun	
1-43	212-214	en	
1-44	215-219	staf	
1-45	220-228	verloren	
1-46	229-232	had	
1-47	232-233	.	

#Text=Niet weinig zag hij
#Text=tegen dit bezoek op, niet alleen omdat hij gevoelde, dat hij hier niet volstaan kon met
#Text=eene pligtplegende buiging, maar ook omdat hij vreesde den zwaar getroffen vader,
#Text=die nu geheel alleen stond, in een' radeloos wanhopigen toestand te zullen aantreffen
#Text=
#Text=- eene ontmoeting niet zeer gewenscht voor hem, die zijn grootste levensgenot in
#Text=zorgelooze vrolijkheid stelde.
2-1	234-238	Niet	
2-2	239-245	weinig	
2-3	246-249	zag	
2-4	250-253	hij	
2-5	254-259	tegen	
2-6	260-263	dit	
2-7	264-270	bezoek	
2-8	271-273	op	
2-9	273-274	,	
2-10	275-279	niet	
2-11	280-286	alleen	
2-12	287-292	omdat	
2-13	293-296	hij	
2-14	297-305	gevoelde	
2-15	305-306	,	
2-16	307-310	dat	
2-17	311-314	hij	
2-18	315-319	hier	
2-19	320-324	niet	
2-20	325-333	volstaan	
2-21	334-337	kon	
2-22	338-341	met	
2-23	342-346	eene	
2-24	347-360	pligtplegende	
2-25	361-368	buiging	
2-26	368-369	,	
2-27	370-374	maar	
2-28	375-378	ook	
2-29	379-384	omdat	
2-30	385-388	hij	
2-31	389-396	vreesde	
2-32	397-400	den	
2-33	401-406	zwaar	
2-34	407-416	getroffen	
2-35	417-422	vader	
2-36	422-423	,	
2-37	424-427	die	
2-38	428-430	nu	
2-39	431-437	geheel	
2-40	438-444	alleen	
2-41	445-450	stond	
2-42	450-451	,	
2-43	452-454	in	
2-44	455-458	een	
2-45	458-459	'	
2-46	460-468	radeloos	
2-47	469-479	wanhopigen	
2-48	480-488	toestand	
2-49	489-491	te	
2-50	492-498	zullen	
2-51	499-509	aantreffen	
2-52	511-512	-	
2-53	513-517	eene	
2-54	518-528	ontmoeting	
2-55	529-533	niet	
2-56	534-538	zeer	
2-57	539-548	gewenscht	
2-58	549-553	voor	
2-59	554-557	hem	
2-60	557-558	,	
2-61	559-562	die	
2-62	563-567	zijn	
2-63	568-576	grootste	
2-64	577-588	levensgenot	
2-65	589-591	in	
2-66	592-602	zorgelooze	
2-67	603-614	vrolijkheid	
2-68	615-621	stelde	
2-69	621-622	.	

#Text=Reeds bij den eersten blik op den diep bedroefden vader week echter de
#Text=onaangename en gedwongen stemming, waarmede hij de woning der rouwe was
#Text=binnengetreden.
3-1	624-629	Reeds	
3-2	630-633	bij	
3-3	634-637	den	
3-4	638-645	eersten	
3-5	646-650	blik	
3-6	651-653	op	
3-7	654-657	den	
3-8	658-662	diep	
3-9	663-673	bedroefden	
3-10	674-679	vader	
3-11	680-684	week	
3-12	685-691	echter	
3-13	692-694	de	
3-14	695-706	onaangename	
3-15	707-709	en	
3-16	710-719	gedwongen	
3-17	720-728	stemming	
3-18	728-729	,	
3-19	730-738	waarmede	
3-20	739-742	hij	
3-21	743-745	de	
3-22	746-752	woning	
3-23	753-756	der	
3-24	757-762	rouwe	
3-25	763-766	was	
3-26	767-781	binnengetreden	
3-27	781-782	.	

#Text=Niet zoo als hij zich voorgesteld had, zat daar
#Text=
#Text=
#Text=Adriaan Hendrik van der Hoeve, Menschenwaan en Christendom (2 delen)
#Text=
#Text=
#Text=\f228
#Text=de hopelooze in zijn leunstoel sprakeloos ineengezonken
4-1	783-787	Niet	
4-2	788-791	zoo	
4-3	792-795	als	
4-4	796-799	hij	
4-5	800-804	zich	
4-6	805-816	voorgesteld	
4-7	817-820	had	
4-8	820-821	,	
4-9	822-825	zat	
4-10	826-830	daar	
4-11	833-840	Adriaan	
4-12	841-848	Hendrik	
4-13	849-852	van	
4-14	853-856	der	
4-15	857-862	Hoeve	
4-16	862-863	,	
4-17	864-876	Menschenwaan	
4-18	877-879	en	
4-19	880-891	Christendom	
4-20	892-893	(	
4-21	893-894	2	
4-22	895-900	delen	
4-23	900-901	)	
4-24	905-908	228	
4-25	909-911	de	
4-26	912-921	hopelooze	
4-27	922-924	in	
4-28	925-929	zijn	
4-29	930-939	leunstoel	
4-30	940-950	sprakeloos	
4-31	951-964	ineengezonken	

#Text=.
5-1	964-965	.	

#Text=‘
#Text=Ik dank u, goede vriend, voor uwe belangstelling in mijn treurig lot.
6-1	967-968	‘	
6-2	969-971	Ik	
6-3	972-976	dank	
6-4	977-978	u	
6-5	978-979	,	
6-6	980-985	goede	
6-7	986-992	vriend	
6-8	992-993	,	
6-9	994-998	voor	
6-10	999-1002	uwe	
6-11	1003-1017	belangstelling	
6-12	1018-1020	in	
6-13	1021-1025	mijn	
6-14	1026-1033	treurig	
6-15	1034-1037	lot	
6-16	1037-1038	.	

#Text=Deelnemende
#Text=vriendschap is zulk een verkwikkende balsem voor de diepe wonden, die mij in het
#Text=harte geslagen zijn.
#Text=’
#Text=Met deze woorden, op weemoedig blijmoedigen toon
#Text=uitgesproken, brak de beklaagde de bestudeerde toespraak van Hendrik af, toen die
#Text=halverwege was uitgesproken.
7-1	1039-1050	Deelnemende	
7-2	1051-1062	vriendschap	
7-3	1063-1065	is	
7-4	1066-1070	zulk	
7-5	1071-1074	een	
7-6	1075-1087	verkwikkende	
7-7	1088-1094	balsem	
7-8	1095-1099	voor	
7-9	1100-1102	de	
7-10	1103-1108	diepe	
7-11	1109-1115	wonden	
7-12	1115-1116	,	
7-13	1117-1120	die	
7-14	1121-1124	mij	
7-15	1125-1127	in	
7-16	1128-1131	het	
7-17	1132-1137	harte	
7-18	1138-1146	geslagen	
7-19	1147-1151	zijn	
7-20	1151-1152	.	
7-21	1153-1154	’	
7-22	1155-1158	Met	
7-23	1159-1163	deze	
7-24	1164-1171	woorden	
7-25	1171-1172	,	
7-26	1173-1175	op	
7-27	1176-1185	weemoedig	
7-28	1186-1198	blijmoedigen	
7-29	1199-1203	toon	
7-30	1204-1216	uitgesproken	
7-31	1216-1217	,	
7-32	1218-1222	brak	
7-33	1223-1225	de	
7-34	1226-1235	beklaagde	
7-35	1236-1238	de	
7-36	1239-1250	bestudeerde	
7-37	1251-1260	toespraak	
7-38	1261-1264	van	
7-39	1265-1272	Hendrik	
7-40	1273-1275	af	
7-41	1275-1276	,	
7-42	1277-1281	toen	
7-43	1282-1285	die	
7-44	1286-1296	halverwege	
7-45	1297-1300	was	
7-46	1301-1313	uitgesproken	
7-47	1313-1314	.	

#Text=Als versuft stond Hendrik den heer van der Hulst, bij wien hij zooveel kalmte niet
#Text=verwacht had, aan te staren.
8-1	1317-1320	Als	
8-2	1321-1328	versuft	
8-3	1329-1334	stond	
8-4	1335-1342	Hendrik	
8-5	1343-1346	den	
8-6	1347-1351	heer	
8-7	1352-1355	van	
8-8	1356-1359	der	
8-9	1360-1365	Hulst	
8-10	1365-1366	,	
8-11	1367-1370	bij	
8-12	1371-1375	wien	
8-13	1376-1379	hij	
8-14	1380-1387	zooveel	
8-15	1388-1394	kalmte	
8-16	1395-1399	niet	
8-17	1400-1408	verwacht	
8-18	1409-1412	had	
8-19	1412-1413	,	
8-20	1414-1417	aan	
8-21	1418-1420	te	
8-22	1421-1427	staren	
8-23	1427-1428	.	

#Text=De gedachte, dat de man gelijk had met zich het leven
#Text=niet noodeloos te vergallen door eene omstandigheid die hij evenmin had kunnen
#Text=verhinderen als hij haar veranderen kon, sprak hij wel niet open uit, maar hij voegde
#Text=hem toch toe:
#Text=‘ik verblijd mij, dat ik in u een krachtvollen geest ontmoet, die zich
#Text=boven de rampen des levens weet te verheffen, omdat hij zich bewust is, dat het onze
#Text=natuurlijke bestemming niet is rampzalig te zijn en men daarom altijd en onder alle
#Text=levensomstandigheden zoo gelukkig mogelijk moet trachten te wezen.
#Text=’
#Text=
#Text=
#Text=Op zijne beurt stond van der Hulst niet weinig verslagen over woorden, op
#Text=ligtzinnigen toon uitgesproken, zoo weinig passende aan de bittere smart, die zijne
#Text=ziel doorboorde.
9-1	1429-1431	De	
9-2	1432-1440	gedachte	
9-3	1440-1441	,	
9-4	1442-1445	dat	
9-5	1446-1448	de	
9-6	1449-1452	man	
9-7	1453-1459	gelijk	
9-8	1460-1463	had	
9-9	1464-1467	met	
9-10	1468-1472	zich	
9-11	1473-1476	het	
9-12	1477-1482	leven	
9-13	1483-1487	niet	
9-14	1488-1497	noodeloos	
9-15	1498-1500	te	
9-16	1501-1510	vergallen	
9-17	1511-1515	door	
9-18	1516-1520	eene	
9-19	1521-1534	omstandigheid	
9-20	1535-1538	die	
9-21	1539-1542	hij	
9-22	1543-1550	evenmin	
9-23	1551-1554	had	
9-24	1555-1561	kunnen	
9-25	1562-1573	verhinderen	
9-26	1574-1577	als	
9-27	1578-1581	hij	
9-28	1582-1586	haar	
9-29	1587-1597	veranderen	
9-30	1598-1601	kon	
9-31	1601-1602	,	
9-32	1603-1608	sprak	
9-33	1609-1612	hij	
9-34	1613-1616	wel	
9-35	1617-1621	niet	
9-36	1622-1626	open	
9-37	1627-1630	uit	
9-38	1630-1631	,	
9-39	1632-1636	maar	
9-40	1637-1640	hij	
9-41	1641-1647	voegde	
9-42	1648-1651	hem	
9-43	1652-1656	toch	
9-44	1657-1660	toe	
9-45	1660-1661	:	
9-46	1662-1663	‘	
9-47	1663-1665	ik	
9-48	1666-1674	verblijd	
9-49	1675-1678	mij	
9-50	1678-1679	,	
9-51	1680-1683	dat	
9-52	1684-1686	ik	
9-53	1687-1689	in	
9-54	1690-1691	u	
9-55	1692-1695	een	
9-56	1696-1708	krachtvollen	
9-57	1709-1714	geest	
9-58	1715-1722	ontmoet	
9-59	1722-1723	,	
9-60	1724-1727	die	
9-61	1728-1732	zich	
9-62	1733-1738	boven	
9-63	1739-1741	de	
9-64	1742-1748	rampen	
9-65	1749-1752	des	
9-66	1753-1759	levens	
9-67	1760-1764	weet	
9-68	1765-1767	te	
9-69	1768-1777	verheffen	
9-70	1777-1778	,	
9-71	1779-1784	omdat	
9-72	1785-1788	hij	
9-73	1789-1793	zich	
9-74	1794-1800	bewust	
9-75	1801-1803	is	
9-76	1803-1804	,	
9-77	1805-1808	dat	
9-78	1809-1812	het	
9-79	1813-1817	onze	
9-80	1818-1829	natuurlijke	
9-81	1830-1840	bestemming	
9-82	1841-1845	niet	
9-83	1846-1848	is	
9-84	1849-1858	rampzalig	
9-85	1859-1861	te	
9-86	1862-1866	zijn	
9-87	1867-1869	en	
9-88	1870-1873	men	
9-89	1874-1880	daarom	
9-90	1881-1887	altijd	
9-91	1888-1890	en	
9-92	1891-1896	onder	
9-93	1897-1901	alle	
9-94	1902-1922	levensomstandigheden	
9-95	1923-1926	zoo	
9-96	1927-1935	gelukkig	
9-97	1936-1944	mogelijk	
9-98	1945-1949	moet	
9-99	1950-1958	trachten	
9-100	1959-1961	te	
9-101	1962-1967	wezen	
9-102	1967-1968	.	
9-103	1969-1970	’	
9-104	1973-1975	Op	
9-105	1976-1981	zijne	
9-106	1982-1987	beurt	
9-107	1988-1993	stond	
9-108	1994-1997	van	
9-109	1998-2001	der	
9-110	2002-2007	Hulst	
9-111	2008-2012	niet	
9-112	2013-2019	weinig	
9-113	2020-2029	verslagen	
9-114	2030-2034	over	
9-115	2035-2042	woorden	
9-116	2042-2043	,	
9-117	2044-2046	op	
9-118	2047-2059	ligtzinnigen	
9-119	2060-2064	toon	
9-120	2065-2077	uitgesproken	
9-121	2077-2078	,	
9-122	2079-2082	zoo	
9-123	2083-2089	weinig	
9-124	2090-2098	passende	
9-125	2099-2102	aan	
9-126	2103-2105	de	
9-127	2106-2113	bittere	
9-128	2114-2119	smart	
9-129	2119-2120	,	
9-130	2121-2124	die	
9-131	2125-2130	zijne	
9-132	2131-2135	ziel	
9-133	2136-2146	doorboorde	
9-134	2146-2147	.	
