#FORMAT=WebAnno TSV 3.3


#Text=Op eene grootere hoogte, waar zij verdunt, verliest zij deze volmaaktheid, gelijk men reeds op de toppen der hooge bergen kan bespeuren, even zoo behoudt zij, gelijk in de onderaardsche holen, voor het minst slechts zoo veel kracht, om het leven te bewaren, als voor de schepsels noodig is, die zich in dergelijke oorden onthouden.
1-1	2-4	Op	
1-2	5-9	eene	
1-3	10-18	grootere	
1-4	19-25	hoogte	
1-5	25-26	,	
1-6	27-31	waar	
1-7	32-35	zij	
1-8	36-43	verdunt	
1-9	43-44	,	
1-10	45-53	verliest	
1-11	54-57	zij	
1-12	58-62	deze	
1-13	63-75	volmaaktheid	
1-14	75-76	,	
1-15	77-83	gelijk	
1-16	84-87	men	
1-17	88-93	reeds	
1-18	94-96	op	
1-19	97-99	de	
1-20	100-106	toppen	
1-21	107-110	der	
1-22	111-116	hooge	
1-23	117-123	bergen	
1-24	124-127	kan	
1-25	128-137	bespeuren	
1-26	137-138	,	
1-27	139-143	even	
1-28	144-147	zoo	
1-29	148-155	behoudt	
1-30	156-159	zij	
1-31	159-160	,	
1-32	161-167	gelijk	
1-33	168-170	in	
1-34	171-173	de	
1-35	174-187	onderaardsche	
1-36	188-193	holen	
1-37	193-194	,	
1-38	195-199	voor	
1-39	200-203	het	
1-40	204-209	minst	
1-41	210-217	slechts	
1-42	218-221	zoo	
1-43	222-226	veel	
1-44	227-233	kracht	
1-45	233-234	,	
1-46	235-237	om	
1-47	238-241	het	
1-48	242-247	leven	
1-49	248-250	te	
1-50	251-258	bewaren	
1-51	258-259	,	
1-52	260-263	als	
1-53	264-268	voor	
1-54	269-271	de	
1-55	272-281	schepsels	
1-56	282-288	noodig	
1-57	289-291	is	
1-58	291-292	,	
1-59	293-296	die	
1-60	297-301	zich	
1-61	302-304	in	
1-62	305-315	dergelijke	
1-63	316-322	oorden	
1-64	323-332	onthouden	
1-65	332-333	.	

#Text=Zij is derhalve alleen daar, naar de behoeften der schepsels ingerigt, waar dezelve in haar moeten leven en zich bewegen.
2-1	334-337	Zij	
2-2	338-340	is	
2-3	341-349	derhalve	
2-4	350-356	alleen	
2-5	357-361	daar	
2-6	361-362	,	
2-7	363-367	naar	
2-8	368-370	de	
2-9	371-380	behoeften	
2-10	381-384	der	
2-11	385-394	schepsels	
2-12	395-403	ingerigt	
2-13	403-404	,	
2-14	405-409	waar	
2-15	410-417	dezelve	
2-16	418-420	in	
2-17	421-425	haar	
2-18	426-432	moeten	
2-19	433-438	leven	
2-20	439-441	en	
2-21	442-446	zich	
2-22	447-454	bewegen	
2-23	454-455	.	

#Text=Ware zij zwaarder dan zij is, zoo zou zij alles verwoesten, en de beweging der dieren, op de aarde en in de lucht levende, moeijelijk of zelfs geheel onmogelijk gemaakt worden.
3-1	456-460	Ware	
3-2	461-464	zij	
3-3	465-473	zwaarder	
3-4	474-477	dan	
3-5	478-481	zij	
3-6	482-484	is	
3-7	484-485	,	
3-8	486-489	zoo	
3-9	490-493	zou	
3-10	494-497	zij	
3-11	498-503	alles	
3-12	504-514	verwoesten	
3-13	514-515	,	
3-14	516-518	en	
3-15	519-521	de	
3-16	522-530	beweging	
3-17	531-534	der	
3-18	535-541	dieren	
3-19	541-542	,	
3-20	543-545	op	
3-21	546-548	de	
3-22	549-554	aarde	
3-23	555-557	en	
3-24	558-560	in	
3-25	561-563	de	
3-26	564-569	lucht	
3-27	570-577	levende	
3-28	577-578	,	
3-29	579-589	moeijelijk	
3-30	590-592	of	
3-31	593-598	zelfs	
3-32	599-605	geheel	
3-33	606-616	onmogelijk	
3-34	617-624	gemaakt	
3-35	625-631	worden	
3-36	631-632	.	

#Text=Ware zij ligter, zoo zou zij noch voor onze longen geschikt zijn, noch de dampen in de hoogte houden kunnen.
4-1	633-637	Ware	
4-2	638-641	zij	
4-3	642-648	ligter	
4-4	648-649	,	
4-5	650-653	zoo	
4-6	654-657	zou	
4-7	658-661	zij	
4-8	662-666	noch	
4-9	667-671	voor	
4-10	672-676	onze	
4-11	677-683	longen	
4-12	684-692	geschikt	
4-13	693-697	zijn	
4-14	697-698	,	
4-15	699-703	noch	
4-16	704-706	de	
4-17	707-713	dampen	
4-18	714-716	in	
4-19	717-719	de	
4-20	720-726	hoogte	
4-21	727-733	houden	
4-22	734-740	kunnen	
4-23	740-741	.	

#Text=En welke wonderbare schikkingen zijn er niet gemaakt, opdat deze weldadige eigenschap der lucht, waardoor zij zoo nuttig en dienstig voor het leven is, bestendig onderhouden worden.
5-1	744-746	En	
5-2	747-752	welke	
5-3	753-763	wonderbare	
5-4	764-775	schikkingen	
5-5	776-780	zijn	
5-6	781-783	er	
5-7	784-788	niet	
5-8	789-796	gemaakt	
5-9	796-797	,	
5-10	798-803	opdat	
5-11	804-808	deze	
5-12	809-818	weldadige	
5-13	819-829	eigenschap	
5-14	830-833	der	
5-15	834-839	lucht	
5-16	839-840	,	
5-17	841-849	waardoor	
5-18	850-853	zij	
5-19	854-857	zoo	
5-20	858-864	nuttig	
5-21	865-867	en	
5-22	868-876	dienstig	
5-23	877-881	voor	
5-24	882-885	het	
5-25	886-891	leven	
5-26	892-894	is	
5-27	894-895	,	
5-28	896-905	bestendig	
5-29	906-917	onderhouden	
5-30	918-924	worden	
5-31	924-925	.	

#Text=Men heeft, namelijk, bevonden, dat de dampkringslucht hoofdzakelijk uit twee onderscheidene soorten van lucht is zamengesteld, waarvan de eene Levenslucht, en de andere Stikgas heet.
6-1	926-929	Men	
6-2	930-935	heeft	
6-3	935-936	,	
6-4	937-945	namelijk	
6-5	945-946	,	
6-6	947-955	bevonden	
6-7	955-956	,	
6-8	957-960	dat	
6-9	961-963	de	
6-10	964-979	dampkringslucht	
6-11	980-993	hoofdzakelijk	
6-12	994-997	uit	
6-13	998-1002	twee	
6-14	1003-1017	onderscheidene	
6-15	1018-1025	soorten	
6-16	1026-1029	van	
6-17	1030-1035	lucht	
6-18	1036-1038	is	
6-19	1039-1051	zamengesteld	
6-20	1051-1052	,	
6-21	1053-1060	waarvan	
6-22	1061-1063	de	
6-23	1064-1068	eene	
6-24	1069-1080	Levenslucht	
6-25	1080-1081	,	
6-26	1082-1084	en	
6-27	1085-1087	de	
6-28	1088-1094	andere	
6-29	1095-1102	Stikgas	
6-30	1103-1107	heet	
6-31	1107-1108	.	

#Text=De eerste bestaat uit zoodanige vaste deelen der dampkringslucht, waardoor alleen het leven kan onderhouden worden.
7-1	1109-1111	De	
7-2	1112-1118	eerste	
7-3	1119-1126	bestaat	
7-4	1127-1130	uit	
7-5	1131-1140	zoodanige	
7-6	1141-1146	vaste	
7-7	1147-1153	deelen	
7-8	1154-1157	der	
7-9	1158-1173	dampkringslucht	
7-10	1173-1174	,	
7-11	1175-1183	waardoor	
7-12	1184-1190	alleen	
7-13	1191-1194	het	
7-14	1195-1200	leven	
7-15	1201-1204	kan	
7-16	1205-1216	onderhouden	
7-17	1217-1223	worden	
7-18	1223-1224	.	

#Text=Maar de andere doet de dieren sterven, wanneer zij, afgescheiden van de levenslucht, op hen werkt.
8-1	1225-1229	Maar	
8-2	1230-1232	de	
8-3	1233-1239	andere	
8-4	1240-1244	doet	
8-5	1245-1247	de	
8-6	1248-1254	dieren	
8-7	1255-1262	sterven	
8-8	1262-1263	,	
8-9	1264-1271	wanneer	
8-10	1272-1275	zij	
8-11	1275-1276	,	
8-12	1277-1289	afgescheiden	
8-13	1290-1293	van	
8-14	1294-1296	de	
8-15	1297-1308	levenslucht	
8-16	1308-1309	,	
8-17	1310-1312	op	
8-18	1313-1316	hen	
8-19	1317-1322	werkt	
8-20	1322-1323	.	

#Text=Nogtans maakt eene lucht, die uit deze twee soorten is zamengesteld, eene, voor het leven, voordeelige stof uit.
9-1	1324-1331	Nogtans	
9-2	1332-1337	maakt	
9-3	1338-1342	eene	
9-4	1343-1348	lucht	
9-5	1348-1349	,	
9-6	1350-1353	die	
9-7	1354-1357	uit	
9-8	1358-1362	deze	
9-9	1363-1367	twee	
9-10	1368-1375	soorten	
9-11	1376-1378	is	
9-12	1379-1391	zamengesteld	
9-13	1391-1392	,	
9-14	1393-1397	eene	
9-15	1397-1398	,	
9-16	1399-1403	voor	
9-17	1404-1407	het	
9-18	1408-1413	leven	
9-19	1413-1414	,	
9-20	1415-1426	voordeelige	
9-21	1427-1431	stof	
9-22	1432-1435	uit	
9-23	1435-1436	.	

#Text=Terwijl nu de dampkringslucht wordt ingeademd, wordt de levenslucht in het dierlijk ligchaam gescheiden, en in hetzelve als een middel om te leven gebezigd, doch het stikgas wordt integendeel uitgedreven.
10-1	1437-1444	Terwijl	
10-2	1445-1447	nu	
10-3	1448-1450	de	
10-4	1451-1466	dampkringslucht	
10-5	1467-1472	wordt	
10-6	1473-1482	ingeademd	
10-7	1482-1483	,	
10-8	1484-1489	wordt	
10-9	1490-1492	de	
10-10	1493-1504	levenslucht	
10-11	1505-1507	in	
10-12	1508-1511	het	
10-13	1512-1520	dierlijk	
10-14	1521-1529	ligchaam	
10-15	1530-1540	gescheiden	
10-16	1540-1541	,	
10-17	1542-1544	en	
10-18	1545-1547	in	
10-19	1548-1556	hetzelve	
10-20	1557-1560	als	
10-21	1561-1564	een	
10-22	1565-1571	middel	
10-23	1572-1574	om	
10-24	1575-1577	te	
10-25	1578-1583	leven	
10-26	1584-1592	gebezigd	
10-27	1592-1593	,	
10-28	1594-1598	doch	
10-29	1599-1602	het	
10-30	1603-1610	stikgas	
10-31	1611-1616	wordt	
10-32	1617-1628	integendeel	
10-33	1629-1640	uitgedreven	
10-34	1640-1641	.	

#Text=Hierdoor, even zoo als door vele andere veranderingen in de natuur, waartoe de levenslucht wordt gebruikt, zou nu de dampkringslucht bederven, en voor het leven geheel onnut en schadelijk worden, zoo als zulks in geslotene vertrekken en holen, waar vele menschen of dieren bij elkanderen zijn, ook werkelijk geschiedt.
11-1	1642-1650	Hierdoor	
11-2	1650-1651	,	
11-3	1652-1656	even	
11-4	1657-1660	zoo	
11-5	1661-1664	als	
11-6	1665-1669	door	
11-7	1670-1674	vele	
11-8	1675-1681	andere	
11-9	1682-1695	veranderingen	
11-10	1696-1698	in	
11-11	1699-1701	de	
11-12	1702-1708	natuur	
11-13	1708-1709	,	
11-14	1710-1717	waartoe	
11-15	1718-1720	de	
11-16	1721-1732	levenslucht	
11-17	1733-1738	wordt	
11-18	1739-1747	gebruikt	
11-19	1747-1748	,	
11-20	1749-1752	zou	
11-21	1753-1755	nu	
11-22	1756-1758	de	
11-23	1759-1774	dampkringslucht	
11-24	1775-1783	bederven	
11-25	1783-1784	,	
11-26	1785-1787	en	
11-27	1788-1792	voor	
11-28	1793-1796	het	
11-29	1797-1802	leven	
11-30	1803-1809	geheel	
11-31	1810-1815	onnut	
11-32	1816-1818	en	
11-33	1819-1829	schadelijk	
11-34	1830-1836	worden	
11-35	1836-1837	,	
11-36	1838-1841	zoo	
11-37	1842-1845	als	
11-38	1846-1851	zulks	
11-39	1852-1854	in	
11-40	1855-1864	geslotene	
11-41	1865-1875	vertrekken	
11-42	1876-1878	en	
11-43	1879-1884	holen	
11-44	1884-1885	,	
11-45	1886-1890	waar	
11-46	1891-1895	vele	
11-47	1896-1904	menschen	
11-48	1905-1907	of	
11-49	1908-1914	dieren	
11-50	1915-1918	bij	
11-51	1919-1929	elkanderen	
11-52	1930-1934	zijn	
11-53	1934-1935	,	
11-54	1936-1939	ook	
11-55	1940-1949	werkelijk	
11-56	1950-1959	geschiedt	
11-57	1959-1960	.	

#Text=Maar de dienstvaardige en zorgvuldige Natuur weet, door vele, ons merendeels nog onbekende, omwegen, dit verlies weder te vergoeden, en bezorgt bij aanhoudendheid zoo veel toevoer van levenslucht, als de dampkring noodig heeft
#Text=, om in- en uitgeademd te
#Text=[p. 340]
#Text=kunnen worden.
12-1	1961-1965	Maar	
12-2	1966-1968	de	
12-3	1969-1983	dienstvaardige	
12-4	1984-1986	en	
12-5	1987-1998	zorgvuldige	
12-6	1999-2005	Natuur	
12-7	2006-2010	weet	
12-8	2010-2011	,	
12-9	2012-2016	door	
12-10	2017-2021	vele	
12-11	2021-2022	,	
12-12	2023-2026	ons	
12-13	2027-2037	merendeels	
12-14	2038-2041	nog	
12-15	2042-2051	onbekende	
12-16	2051-2052	,	
12-17	2053-2060	omwegen	
12-18	2060-2061	,	
12-19	2062-2065	dit	
12-20	2066-2073	verlies	
12-21	2074-2079	weder	
12-22	2080-2082	te	
12-23	2083-2092	vergoeden	
12-24	2092-2093	,	
12-25	2094-2096	en	
12-26	2097-2104	bezorgt	
12-27	2105-2108	bij	
12-28	2109-2123	aanhoudendheid	
12-29	2124-2127	zoo	
12-30	2128-2132	veel	
12-31	2133-2140	toevoer	
12-32	2141-2144	van	
12-33	2145-2156	levenslucht	
12-34	2156-2157	,	
12-35	2158-2161	als	
12-36	2162-2164	de	
12-37	2165-2174	dampkring	
12-38	2175-2181	noodig	
12-39	2182-2187	heeft	
12-40	2188-2189	,	
12-41	2190-2192	om	
12-42	2193-2195	in	
12-43	2195-2196	-	
12-44	2197-2199	en	
12-45	2200-2210	uitgeademd	
12-46	2211-2213	te	
12-47	2214-2215	[	
12-48	2215-2216	p	
12-49	2216-2217	.	
12-50	2218-2221	340	
12-51	2221-2222	]	
12-52	2223-2229	kunnen	
12-53	2230-2236	worden	
12-54	2236-2237	.	

#Text=Onder anderen zijn de, over de gansche oppervlakte der aarde verspreide, planten, eene Chemische, Scheikundige, werkplaats, alwaar de natuur onophoudelijk eene groote menigte levenslucht bereidt, en aan den dampkring overgeeft, waar zij zich met het stikgas vereenigt, en op deze wijze de dampkringslucht zuivert en hare Respirabiliteit, of eigenschap om in- en uitgeademd te kunnen worden, door eene onafgebrokene beweging of trilling onderhoudt.
13-1	2238-2243	Onder	
13-2	2244-2251	anderen	
13-3	2252-2256	zijn	
13-4	2257-2259	de	
13-5	2259-2260	,	
13-6	2261-2265	over	
13-7	2266-2268	de	
13-8	2269-2276	gansche	
13-9	2277-2288	oppervlakte	
13-10	2289-2292	der	
13-11	2293-2298	aarde	
13-12	2299-2309	verspreide	
13-13	2309-2310	,	
13-14	2311-2318	planten	
13-15	2318-2319	,	
13-16	2320-2324	eene	
13-17	2325-2334	Chemische	
13-18	2334-2335	,	
13-19	2336-2348	Scheikundige	
13-20	2348-2349	,	
13-21	2350-2360	werkplaats	
13-22	2360-2361	,	
13-23	2362-2368	alwaar	
13-24	2369-2371	de	
13-25	2372-2378	natuur	
13-26	2379-2392	onophoudelijk	
13-27	2393-2397	eene	
13-28	2398-2404	groote	
13-29	2405-2412	menigte	
13-30	2413-2424	levenslucht	
13-31	2425-2432	bereidt	
13-32	2432-2433	,	
13-33	2434-2436	en	
13-34	2437-2440	aan	
13-35	2441-2444	den	
13-36	2445-2454	dampkring	
13-37	2455-2464	overgeeft	
13-38	2464-2465	,	
13-39	2466-2470	waar	
13-40	2471-2474	zij	
13-41	2475-2479	zich	
13-42	2480-2483	met	
13-43	2484-2487	het	
13-44	2488-2495	stikgas	
13-45	2496-2505	vereenigt	
13-46	2505-2506	,	
13-47	2507-2509	en	
13-48	2510-2512	op	
13-49	2513-2517	deze	
13-50	2518-2523	wijze	
13-51	2524-2526	de	
13-52	2527-2542	dampkringslucht	
13-53	2543-2550	zuivert	
13-54	2551-2553	en	
13-55	2554-2558	hare	
13-56	2559-2574	Respirabiliteit	
13-57	2574-2575	,	
13-58	2576-2578	of	
13-59	2579-2589	eigenschap	
13-60	2590-2592	om	
13-61	2593-2595	in	
13-62	2595-2596	-	
13-63	2597-2599	en	
13-64	2600-2610	uitgeademd	
13-65	2611-2613	te	
13-66	2614-2620	kunnen	
13-67	2621-2627	worden	
13-68	2627-2628	,	
13-69	2629-2633	door	
13-70	2634-2638	eene	
13-71	2639-2652	onafgebrokene	
13-72	2653-2661	beweging	
13-73	2662-2664	of	
13-74	2665-2673	trilling	
13-75	2674-2684	onderhoudt	
13-76	2684-2685	.	

#Text=Maar de Natuur haalt ook uit de mineralen, deels door het vuur, deels door andere oplossingsmiddelen, eene menigte levenslucht.
14-1	2686-2690	Maar	
14-2	2691-2693	de	
14-3	2694-2700	Natuur	
14-4	2701-2706	haalt	
14-5	2707-2710	ook	
14-6	2711-2714	uit	
14-7	2715-2717	de	
14-8	2718-2727	mineralen	
14-9	2727-2728	,	
14-10	2729-2734	deels	
14-11	2735-2739	door	
14-12	2740-2743	het	
14-13	2744-2748	vuur	
14-14	2748-2749	,	
14-15	2750-2755	deels	
14-16	2756-2760	door	
14-17	2761-2767	andere	
14-18	2768-2786	oplossingsmiddelen	
14-19	2786-2787	,	
14-20	2788-2792	eene	
14-21	2793-2800	menigte	
14-22	2801-2812	levenslucht	
14-23	2812-2813	.	

#Text=Maar, welk een aantal voordeelen ontspruiten er niet nog al meer, voor de menschen en dieren, uit de heilzame inrigting van den dampkring, en inzonderheid van de in hem zich bevindende lucht.
15-1	2815-2819	Maar	
15-2	2819-2820	,	
15-3	2821-2825	welk	
15-4	2826-2829	een	
15-5	2830-2836	aantal	
15-6	2837-2847	voordeelen	
15-7	2848-2859	ontspruiten	
15-8	2860-2862	er	
15-9	2863-2867	niet	
15-10	2868-2871	nog	
15-11	2872-2874	al	
15-12	2875-2879	meer	
15-13	2879-2880	,	
15-14	2881-2885	voor	
15-15	2886-2888	de	
15-16	2889-2897	menschen	
15-17	2898-2900	en	
15-18	2901-2907	dieren	
15-19	2907-2908	,	
15-20	2909-2912	uit	
15-21	2913-2915	de	
15-22	2916-2924	heilzame	
15-23	2925-2934	inrigting	
15-24	2935-2938	van	
15-25	2939-2942	den	
15-26	2943-2952	dampkring	
15-27	2952-2953	,	
15-28	2954-2956	en	
15-29	2957-2969	inzonderheid	
15-30	2970-2973	van	
15-31	2974-2976	de	
15-32	2977-2979	in	
15-33	2980-2983	hem	
15-34	2984-2988	zich	
15-35	2989-2999	bevindende	
15-36	3000-3005	lucht	
15-37	3005-3006	.	

#Text=Zonder haar zou het vuur niet kunnen branden, ware de invloed der lichtstralen, de verspreiding der riekende dampen, van het geluid en der toonen geheel onmogelijk.
16-1	3007-3013	Zonder	
16-2	3014-3018	haar	
16-3	3019-3022	zou	
16-4	3023-3026	het	
16-5	3027-3031	vuur	
16-6	3032-3036	niet	
16-7	3037-3043	kunnen	
16-8	3044-3051	branden	
16-9	3051-3052	,	
16-10	3053-3057	ware	
16-11	3058-3060	de	
16-12	3061-3068	invloed	
16-13	3069-3072	der	
16-14	3073-3085	lichtstralen	
16-15	3085-3086	,	
16-16	3087-3089	de	
16-17	3090-3102	verspreiding	
16-18	3103-3106	der	
16-19	3107-3115	riekende	
16-20	3116-3122	dampen	
16-21	3122-3123	,	
16-22	3124-3127	van	
16-23	3128-3131	het	
16-24	3132-3138	geluid	
16-25	3139-3141	en	
16-26	3142-3145	der	
16-27	3146-3152	toonen	
16-28	3153-3159	geheel	
16-29	3160-3170	onmogelijk	
16-30	3170-3171	.	

#Text=En, hoe noodzakelijk zijn al deze dingen voor het bestaan der levende wezens, en inzonderheid voor het menschelijk geslacht;
#Text=hoe uitmuntend zijn ook aan den anderen kant de menschen en overige schepsels daar naar ingerigt, dat zij deze eigenschap van den dampkring overeenkomstig hunne oogmerken kunnen gebruiken en genieten!
17-1	3172-3174	En	
17-2	3174-3175	,	
17-3	3176-3179	hoe	
17-4	3180-3192	noodzakelijk	
17-5	3193-3197	zijn	
17-6	3198-3200	al	
17-7	3201-3205	deze	
17-8	3206-3212	dingen	
17-9	3213-3217	voor	
17-10	3218-3221	het	
17-11	3222-3229	bestaan	
17-12	3230-3233	der	
17-13	3234-3241	levende	
17-14	3242-3248	wezens	
17-15	3248-3249	,	
17-16	3250-3252	en	
17-17	3253-3265	inzonderheid	
17-18	3266-3270	voor	
17-19	3271-3274	het	
17-20	3275-3286	menschelijk	
17-21	3287-3295	geslacht	
17-22	3295-3296	;	
17-23	3297-3300	hoe	
17-24	3301-3311	uitmuntend	
17-25	3312-3316	zijn	
17-26	3317-3320	ook	
17-27	3321-3324	aan	
17-28	3325-3328	den	
17-29	3329-3336	anderen	
17-30	3337-3341	kant	
17-31	3342-3344	de	
17-32	3345-3353	menschen	
17-33	3354-3356	en	
17-34	3357-3364	overige	
17-35	3365-3374	schepsels	
17-36	3375-3379	daar	
17-37	3380-3384	naar	
17-38	3385-3393	ingerigt	
17-39	3393-3394	,	
17-40	3395-3398	dat	
17-41	3399-3402	zij	
17-42	3403-3407	deze	
17-43	3408-3418	eigenschap	
17-44	3419-3422	van	
17-45	3423-3426	den	
17-46	3427-3436	dampkring	
17-47	3437-3451	overeenkomstig	
17-48	3452-3457	hunne	
17-49	3458-3467	oogmerken	
17-50	3468-3474	kunnen	
17-51	3475-3484	gebruiken	
17-52	3485-3487	en	
17-53	3488-3496	genieten	
17-54	3496-3497	!	
