#FORMAT=WebAnno TSV 3.3
#T_SP=custom.Span|label
#T_RL=custom.Relation|label|BT_custom.Span


#Text=Cadaucrofus tamen halitus feminarum nonnullarum tempore menfium jam HALLERO notus erat.
1-1	2-13	Cadaucrofus	Quality[1]|Evoked\_Odorant[2]	_	_	
1-2	14-19	tamen	_	_	_	
1-3	20-27	halitus	Smell\_Word[3]|Smell\_Source[4]	*|*|*|*|*	1-1[1_3]|1-1[2_3]|1-3[4_3]|1-4[5_3]|1-6[6_3]	
1-4	28-37	feminarum	Odour\_Carrier[5]	_	_	
1-5	38-49	nonnullarum	Odour\_Carrier[5]	_	_	
1-6	50-57	tempore	Time[6]	_	_	
1-7	58-65	menfium	Time[6]	_	_	
1-8	66-69	jam	_	_	_	
1-9	70-77	HALLERO	_	_	_	
1-10	78-83	notus	_	_	_	
1-11	84-88	erat	_	_	_	
1-12	88-89	.	_	_	_	

#Text=Elem.
2-1	90-94	Elem	_	_	_	
2-2	94-95	.	_	_	_	

#Text=Tom VII.
#Text=pars II.
#Text=p. 147. fub lit, m,
#Text=
#Text=
#Text=
#Text=
#Text=
#Text=T
#Text=
#Text=
#Text=
#Text=dam menses iam patiatur, nec, ne.
3-1	96-99	Tom	_	_	_	
3-2	100-103	VII	_	_	_	
3-3	103-104	.	_	_	_	
3-4	105-109	pars	_	_	_	
3-5	110-112	II	_	_	_	
3-6	112-113	.	_	_	_	
3-7	114-115	p	_	_	_	
3-8	115-116	.	_	_	_	
3-9	117-120	147	_	_	_	
3-10	120-121	.	_	_	_	
3-11	122-125	fub	_	_	_	
3-12	126-129	lit	_	_	_	
3-13	129-130	,	_	_	_	
3-14	131-132	m	_	_	_	
3-15	132-133	,	_	_	_	
3-16	139-140	T	_	_	_	
3-17	144-147	dam	_	_	_	
3-18	148-154	menses	_	_	_	
3-19	155-158	iam	_	_	_	
3-20	159-167	patiatur	_	_	_	
3-21	167-168	,	_	_	_	
3-22	169-172	nec	_	_	_	
3-23	172-173	,	_	_	_	
3-24	174-176	ne	_	_	_	
3-25	176-177	.	_	_	_	

#Text=Obseruatum porro eft, multos e regno, vegetabili depromtos et fermentando aptos cibos, fructus horaeos, vinum, cereuisiam, faepiffimne solito prius in corruptionein abiiffe, quum mulieres tempore periodi menstruae rebus illis fele valde appropinquauerint, quod nullo modo explicari potest, nisi per mutatam perspirationis naturam indeque ortam vim, fermentationem adiuuantem.
4-1	178-188	Obseruatum	_	_	_	
4-2	189-194	porro	_	_	_	
4-3	195-198	eft	_	_	_	
4-4	198-199	,	_	_	_	
4-5	200-206	multos	_	_	_	
4-6	207-208	e	_	_	_	
4-7	209-214	regno	_	_	_	
4-8	214-215	,	_	_	_	
4-9	216-226	vegetabili	_	_	_	
4-10	227-236	depromtos	_	_	_	
4-11	237-239	et	_	_	_	
4-12	240-251	fermentando	_	_	_	
4-13	252-257	aptos	_	_	_	
4-14	258-263	cibos	_	_	_	
4-15	263-264	,	_	_	_	
4-16	265-272	fructus	_	_	_	
4-17	273-280	horaeos	_	_	_	
4-18	280-281	,	_	_	_	
4-19	282-287	vinum	_	_	_	
4-20	287-288	,	_	_	_	
4-21	289-299	cereuisiam	_	_	_	
4-22	299-300	,	_	_	_	
4-23	301-312	faepiffimne	_	_	_	
4-24	313-319	solito	_	_	_	
4-25	320-325	prius	_	_	_	
4-26	326-328	in	_	_	_	
4-27	329-342	corruptionein	_	_	_	
4-28	343-350	abiiffe	_	_	_	
4-29	350-351	,	_	_	_	
4-30	352-356	quum	_	_	_	
4-31	357-365	mulieres	_	_	_	
4-32	366-373	tempore	_	_	_	
4-33	374-381	periodi	_	_	_	
4-34	382-391	menstruae	_	_	_	
4-35	392-397	rebus	_	_	_	
4-36	398-403	illis	_	_	_	
4-37	404-408	fele	_	_	_	
4-38	409-414	valde	_	_	_	
4-39	415-432	appropinquauerint	_	_	_	
4-40	432-433	,	_	_	_	
4-41	434-438	quod	_	_	_	
4-42	439-444	nullo	_	_	_	
4-43	445-449	modo	_	_	_	
4-44	450-459	explicari	_	_	_	
4-45	460-466	potest	_	_	_	
4-46	466-467	,	_	_	_	
4-47	468-472	nisi	_	_	_	
4-48	473-476	per	_	_	_	
4-49	477-484	mutatam	_	_	_	
4-50	485-499	perspirationis	Smell\_Word	_	_	
4-51	500-507	naturam	_	_	_	
4-52	508-515	indeque	_	_	_	
4-53	516-521	ortam	_	_	_	
4-54	522-525	vim	_	_	_	
4-55	525-526	,	_	_	_	
4-56	527-541	fermentationem	_	_	_	
4-57	542-552	adiuuantem	_	_	_	
4-58	552-553	.	_	_	_	

#Text=Haec forsan incommoda, quae cum mensibus incedere folent, et eo grauiora funt, quo aestuosius clima est, MOYSEN comniouille credo, vt mulieres, dum menses paterentur, pro inmundis habendas et ab omnium consortio arcendas iuberet %), quam legem etiam noftris teinporibus apud gentes quasdam barbaras valere, testantur peregrinatores.
#Text=ci
#Text=
#Text=s!
5-1	554-558	Haec	Smell\_Word	Anaphoric|*|*|*|*	4-50|5-3|5-6[7_0]|5-13[9_0]|5-11[8_0]	
5-2	559-565	forsan	_	_	_	
5-3	566-575	incommoda	Quality	_	_	
5-4	575-576	,	_	_	_	
5-5	577-581	quae	_	_	_	
5-6	582-585	cum	Time[7]	_	_	
5-7	586-594	mensibus	Time[7]	_	_	
5-8	595-603	incedere	Time[7]	_	_	
5-9	604-610	folent	Time[7]	_	_	
5-10	610-611	,	_	_	_	
5-11	612-614	et	Circumstances[8]	_	_	
5-12	615-617	eo	Circumstances[8]	_	_	
5-13	618-626	grauiora	Circumstances[8]|Quality[9]	_	_	
5-14	627-631	funt	Circumstances[8]	_	_	
5-15	631-632	,	Circumstances[8]	_	_	
5-16	633-636	quo	Circumstances[8]	_	_	
5-17	637-647	aestuosius	Circumstances[8]	_	_	
5-18	648-653	clima	Circumstances[8]	_	_	
5-19	654-657	est	Circumstances[8]	_	_	
5-20	657-658	,	_	_	_	
5-21	659-665	MOYSEN	_	_	_	
5-22	666-677	comniouille	_	_	_	
5-23	678-683	credo	_	_	_	
5-24	683-684	,	_	_	_	
5-25	685-687	vt	_	_	_	
5-26	688-696	mulieres	_	_	_	
5-27	696-697	,	_	_	_	
5-28	698-701	dum	_	_	_	
5-29	702-708	menses	_	_	_	
5-30	709-719	paterentur	_	_	_	
5-31	719-720	,	_	_	_	
5-32	721-724	pro	_	_	_	
5-33	725-733	inmundis	_	_	_	
5-34	734-742	habendas	_	_	_	
5-35	743-745	et	_	_	_	
5-36	746-748	ab	_	_	_	
5-37	749-755	omnium	_	_	_	
5-38	756-765	consortio	_	_	_	
5-39	766-774	arcendas	_	_	_	
5-40	775-782	iuberet	_	_	_	
5-41	783-784	%	_	_	_	
5-42	784-785	)	_	_	_	
5-43	785-786	,	_	_	_	
5-44	787-791	quam	_	_	_	
5-45	792-797	legem	_	_	_	
5-46	798-803	etiam	_	_	_	
5-47	804-811	noftris	_	_	_	
5-48	812-823	teinporibus	_	_	_	
5-49	824-828	apud	_	_	_	
5-50	829-835	gentes	_	_	_	
5-51	836-843	quasdam	_	_	_	
5-52	844-852	barbaras	_	_	_	
5-53	853-859	valere	_	_	_	
5-54	859-860	,	_	_	_	
5-55	861-870	testantur	_	_	_	
5-56	871-885	peregrinatores	_	_	_	
5-57	885-886	.	_	_	_	
5-58	887-889	ci	_	_	_	
5-59	891-892	s	_	_	_	
5-60	892-893	!	_	_	_	

#Text=$.
6-1	894-895	$	_	_	_	
6-2	895-896	.	_	_	_	

#Text=XI.
7-1	897-899	XI	_	_	_	
7-2	899-900	.	_	_	_	

#Text=Nec non ab ingeftis faepiffime mutatur perspirationis natura atque odor.
8-1	901-904	Nec	Circumstances[10]	_	_	
8-2	905-908	non	Circumstances[10]	_	_	
8-3	909-911	ab	Circumstances[10]	_	_	
8-4	912-920	ingeftis	Circumstances[10]	_	_	
8-5	921-931	faepiffime	Time	_	_	
8-6	932-939	mutatur	_	_	_	
8-7	940-954	perspirationis	Smell\_Source	_	_	
8-8	955-961	natura	_	_	_	
8-9	962-967	atque	_	_	_	
8-10	968-972	odor	Smell\_Word	*|*|*	8-7|8-1[10_0]|8-5	
8-11	972-973	.	_	_	_	

#Text=Multa enim alimenta partibus gaudent olentibus, quae quidem ope chyli sanguini adeniscentur, fed ex illorursus per varia emunctoria excernuntur.
9-1	974-979	Multa	Odour\_Carrier	_	_	
9-2	980-984	enim	_	_	_	
9-3	985-993	alimenta	Odour\_Carrier	Same\_span	9-1	
9-4	994-1002	partibus	Smell\_Source	_	_	
9-5	1003-1010	gaudent	_	_	_	
9-6	1011-1020	olentibus	Smell\_Word	*|*	9-4|9-3	
9-7	1020-1021	,	_	_	_	
9-8	1022-1026	quae	_	_	_	
9-9	1027-1033	quidem	_	_	_	
9-10	1034-1037	ope	_	_	_	
9-11	1038-1043	chyli	_	_	_	
9-12	1044-1052	sanguini	_	_	_	
9-13	1053-1065	adeniscentur	_	_	_	
9-14	1065-1066	,	_	_	_	
9-15	1067-1070	fed	_	_	_	
9-16	1071-1073	ex	_	_	_	
9-17	1074-1084	illorursus	_	_	_	
9-18	1085-1088	per	_	_	_	
9-19	1089-1094	varia	_	_	_	
9-20	1095-1105	emunctoria	_	_	_	
9-21	1106-1117	excernuntur	_	_	_	
9-22	1117-1118	.	_	_	_	

#Text=Sic ex abusu victus aniinalis a) sudor foetidus, ex nimio acidorum vsu b) sudor acidulus obseruatus est.
10-1	1119-1122	Sic	_	_	_	
10-2	1123-1125	ex	Circumstances[11]	_	_	
10-3	1126-1131	abusu	Circumstances[11]	_	_	
10-4	1132-1138	victus	Circumstances[11]	_	_	
10-5	1139-1148	aniinalis	Circumstances[11]	_	_	
10-6	1149-1150	a	_	_	_	
10-7	1150-1151	)	_	_	_	
10-8	1152-1157	sudor	Smell\_Source	_	_	
10-9	1158-1166	foetidus	Smell\_Word	*|*	10-8|10-2[11_0]	
10-10	1166-1167	,	_	_	_	
10-11	1168-1170	ex	Circumstances[12]	_	_	
10-12	1171-1176	nimio	Circumstances[12]	_	_	
10-13	1177-1185	acidorum	Circumstances[12]	_	_	
10-14	1186-1189	vsu	Circumstances[12]	_	_	
10-15	1190-1191	b	_	_	_	
10-16	1191-1192	)	_	_	_	
10-17	1193-1198	sudor	Smell\_Source	_	_	
10-18	1199-1207	acidulus	Smell\_Word	*|*	10-17|10-11[12_0]	
10-19	1208-1218	obseruatus	_	_	_	
10-20	1219-1222	est	_	_	_	
10-21	1222-1223	.	_	_	_	

#Text=Olent cminus, qui adipe çetaceo vescuntur.
11-1	1224-1229	Olent	Smell\_Word	*|*	11-2|11-4[13_0]	
11-2	1230-1236	cminus	Location	_	_	
11-3	1236-1237	,	_	_	_	
11-4	1238-1241	qui	Smell\_Source[13]	_	_	
11-5	1242-1247	adipe	Smell\_Source[13]	_	_	
11-6	1248-1255	çetaceo	Smell\_Source[13]	_	_	
11-7	1256-1265	vescuntur	Smell\_Source[13]	_	_	
11-8	1265-1266	.	_	_	_	

#Text=Abysu ficuuin pro cibo ordinario sudorem foetentem ortum legimus bb).
12-1	1267-1272	Abysu	Circumstances[14]	_	_	
12-2	1273-1280	ficuuin	Circumstances[14]	_	_	
12-3	1281-1284	pro	Circumstances[14]	_	_	
12-4	1285-1289	cibo	Circumstances[14]	_	_	
12-5	1290-1299	ordinario	Circumstances[14]	_	_	
12-6	1300-1307	sudorem	Smell\_Source	_	_	
12-7	1308-1317	foetentem	Smell\_Word	*|*	12-6|12-1[14_0]	
12-8	1318-1323	ortum	_	_	_	
12-9	1324-1331	legimus	_	_	_	
12-10	1332-1334	bb	_	_	_	
12-11	1334-1335	)	_	_	_	
12-12	1335-1336	.	_	_	_	

#Text=Aromatum odores
#Text=
#Text=per 2) Levitic.
#Text=cap.
#Text=15.
#Text=versu 196-29 a) MARHERR lib. cit.
#Text=pag. 700.
13-1	1337-1345	Aromatum	Smell\_Source	_	_	
13-2	1346-1352	odores	Smell\_Word	*	13-1	
13-3	1354-1357	per	_	_	_	
13-4	1358-1359	2	_	_	_	
13-5	1359-1360	)	_	_	_	
13-6	1361-1368	Levitic	_	_	_	
13-7	1368-1369	.	_	_	_	
13-8	1370-1373	cap	_	_	_	
13-9	1373-1374	.	_	_	_	
13-10	1375-1377	15	_	_	_	
13-11	1377-1378	.	_	_	_	
13-12	1379-1384	versu	_	_	_	
13-13	1385-1388	196	_	_	_	
13-14	1388-1389	-	_	_	_	
13-15	1389-1391	29	_	_	_	
13-16	1392-1393	a	_	_	_	
13-17	1393-1394	)	_	_	_	
13-18	1395-1402	MARHERR	_	_	_	
13-19	1403-1406	lib	_	_	_	
13-20	1406-1407	.	_	_	_	
13-21	1408-1411	cit	_	_	_	
13-22	1411-1412	.	_	_	_	
13-23	1413-1416	pag	_	_	_	
13-24	1416-1417	.	_	_	_	
13-25	1418-1421	700	_	_	_	
13-26	1421-1422	.	_	_	_	
