#FORMAT=WebAnno TSV 3.3


#Text=vereenigde, op gelijke wijse als hy
#Text=Ziel en Lichaam in den mensch vereenigd heeft;
#Text=
#Text=het deselfde sake soude zijn.
1-1	3-13	vereenigde	
1-2	13-14	,	
1-3	15-17	op	
1-4	18-25	gelijke	
1-5	26-31	wijse	
1-6	32-35	als	
1-7	36-38	hy	
1-8	39-43	Ziel	
1-9	44-46	en	
1-10	47-54	Lichaam	
1-11	55-57	in	
1-12	58-61	den	
1-13	62-68	mensch	
1-14	69-78	vereenigd	
1-15	79-84	heeft	
1-16	84-85	;	
1-17	87-90	het	
1-18	91-99	deselfde	
1-19	100-104	sake	
1-20	105-110	soude	
1-21	111-115	zijn	
1-22	115-116	.	

#Text=Want mijne Ziel (neemt et so eens) met enen steen of
#Text=boom also verreend, gelijkse met mijn lichaam is:
#Text=souden tsaam geen mensche zijn.
2-1	117-121	Want	
2-2	122-127	mijne	
2-3	128-132	Ziel	
2-4	133-134	(	
2-5	134-139	neemt	
2-6	140-142	et	
2-7	143-145	so	
2-8	146-150	eens	
2-9	150-151	)	
2-10	152-155	met	
2-11	156-160	enen	
2-12	161-166	steen	
2-13	167-169	of	
2-14	170-174	boom	
2-15	175-179	also	
2-16	180-188	verreend	
2-17	188-189	,	
2-18	190-198	gelijkse	
2-19	199-202	met	
2-20	203-207	mijn	
2-21	208-215	lichaam	
2-22	216-218	is	
2-23	218-219	:	
2-24	220-226	souden	
2-25	227-232	tsaam	
2-26	233-237	geen	
2-27	238-245	mensche	
2-28	246-250	zijn	
2-29	250-251	.	

#Text=Of een Engel desgelijx met mijn Lichaam vereend soude so veel minder dan een
#Text=Engel, en een deel van 't geheel, 't welk is een mensch uit geest en lichaam bestaan-
#Text=
#Text=Balthasar Bekker, De betoverde wereld
#Text=
#Text=
#Text=\f
#Text=43
#Text=de; of na 't voornaamste deel genoemd
#Text=, een lichameliken Engel zijn.
3-1	254-256	Of	
3-2	257-260	een	
3-3	261-266	Engel	
3-4	267-276	desgelijx	
3-5	277-280	met	
3-6	281-285	mijn	
3-7	286-293	Lichaam	
3-8	294-301	vereend	
3-9	302-307	soude	
3-10	308-310	so	
3-11	311-315	veel	
3-12	316-322	minder	
3-13	323-326	dan	
3-14	327-330	een	
3-15	331-336	Engel	
3-16	336-337	,	
3-17	338-340	en	
3-18	341-344	een	
3-19	345-349	deel	
3-20	350-353	van	
3-21	354-355	'	
3-22	355-356	t	
3-23	357-363	geheel	
3-24	363-364	,	
3-25	365-366	'	
3-26	366-367	t	
3-27	368-372	welk	
3-28	373-375	is	
3-29	376-379	een	
3-30	380-386	mensch	
3-31	387-390	uit	
3-32	391-396	geest	
3-33	397-399	en	
3-34	400-407	lichaam	
3-35	408-415	bestaan	
3-36	415-416	-	
3-37	418-427	Balthasar	
3-38	428-434	Bekker	
3-39	434-435	,	
3-40	436-438	De	
3-41	439-448	betoverde	
3-42	449-455	wereld	
3-43	460-462	43	
3-44	463-465	de	
3-45	465-466	;	
3-46	467-469	of	
3-47	470-472	na	
3-48	473-474	'	
3-49	474-475	t	
3-50	476-487	voornaamste	
3-51	488-492	deel	
3-52	493-500	genoemd	
3-53	501-502	,	
3-54	503-506	een	
3-55	507-519	lichameliken	
3-56	520-525	Engel	
3-57	526-530	zijn	
3-58	530-531	.	

#Text=Wie sal seggen,
#Text=dat eens menschen ziele onmiddelik vereend met enen steen, of boom of ander
#Text=lichaam; niet uit vleesch en been, uit aderen, senuwen, spieren, bestaande, en door
#Text=bloed verwarmd, en door wasemende geesten bewogen; maar stijf en uit vaste deelen
#Text=tsaamgesteld: op en door het selve even licht en even eens, ja wel het allerminste
#Text=werken sal?
4-1	532-535	Wie	
4-2	536-539	sal	
4-3	540-546	seggen	
4-4	546-547	,	
4-5	548-551	dat	
4-6	552-556	eens	
4-7	557-565	menschen	
4-8	566-571	ziele	
4-9	572-582	onmiddelik	
4-10	583-590	vereend	
4-11	591-594	met	
4-12	595-599	enen	
4-13	600-605	steen	
4-14	605-606	,	
4-15	607-609	of	
4-16	610-614	boom	
4-17	615-617	of	
4-18	618-623	ander	
4-19	624-631	lichaam	
4-20	631-632	;	
4-21	633-637	niet	
4-22	638-641	uit	
4-23	642-649	vleesch	
4-24	650-652	en	
4-25	653-657	been	
4-26	657-658	,	
4-27	659-662	uit	
4-28	663-669	aderen	
4-29	669-670	,	
4-30	671-678	senuwen	
4-31	678-679	,	
4-32	680-687	spieren	
4-33	687-688	,	
4-34	689-698	bestaande	
4-35	698-699	,	
4-36	700-702	en	
4-37	703-707	door	
4-38	708-713	bloed	
4-39	714-722	verwarmd	
4-40	722-723	,	
4-41	724-726	en	
4-42	727-731	door	
4-43	732-741	wasemende	
4-44	742-749	geesten	
4-45	750-757	bewogen	
4-46	757-758	;	
4-47	759-763	maar	
4-48	764-769	stijf	
4-49	770-772	en	
4-50	773-776	uit	
4-51	777-782	vaste	
4-52	783-789	deelen	
4-53	790-802	tsaamgesteld	
4-54	802-803	:	
4-55	804-806	op	
4-56	807-809	en	
4-57	810-814	door	
4-58	815-818	het	
4-59	819-824	selve	
4-60	825-829	even	
4-61	830-835	licht	
4-62	836-838	en	
4-63	839-843	even	
4-64	844-848	eens	
4-65	848-849	,	
4-66	850-852	ja	
4-67	853-856	wel	
4-68	857-860	het	
4-69	861-872	allerminste	
4-70	873-879	werken	
4-71	880-883	sal	
4-72	883-884	?	

#Text=Want het tegendeel word ons door de klare ondervindinge geleerd
5-1	885-889	Want	
5-2	890-893	het	
5-3	894-903	tegendeel	
5-4	904-908	word	
5-5	909-912	ons	
5-6	913-917	door	
5-7	918-920	de	
5-8	921-926	klare	
5-9	927-940	ondervindinge	
5-10	941-948	geleerd	

#Text=.
6-1	948-949	.	

#Text=§.
#Text=13.
7-1	951-952	§	
7-2	952-953	.	
7-3	954-956	13	
7-4	956-957	.	

#Text=Hier uit besluit is dan, dat een ander Geest dan mijne Ziel uit eigenen aart
#Text=door den Schepper in de scheppinge bepaald, en door de voorsienigheid ondersteund,
#Text=geen eigen lichaam hebbende; ende noch minder sulk een als 't onse, tot beweeginge
#Text=van andere lichamen bequaam:
#Text=ons met reden verdacht moet zijn, hoe die allerhande
#Text=lichamen, ook onmiddelbaar, ende in eenen ogenblik, (somen gemeenlik gelooft)
#Text=
#Text=bewegen;
#Text=ende allerley
#Text=lichamelike werken, des menschen kragten duisendmaal te
#Text=boven gaande, verrigten kan.
8-1	958-962	Hier	
8-2	963-966	uit	
8-3	967-974	besluit	
8-4	975-977	is	
8-5	978-981	dan	
8-6	981-982	,	
8-7	983-986	dat	
8-8	987-990	een	
8-9	991-996	ander	
8-10	997-1002	Geest	
8-11	1003-1006	dan	
8-12	1007-1012	mijne	
8-13	1013-1017	Ziel	
8-14	1018-1021	uit	
8-15	1022-1029	eigenen	
8-16	1030-1034	aart	
8-17	1035-1039	door	
8-18	1040-1043	den	
8-19	1044-1052	Schepper	
8-20	1053-1055	in	
8-21	1056-1058	de	
8-22	1059-1069	scheppinge	
8-23	1070-1077	bepaald	
8-24	1077-1078	,	
8-25	1079-1081	en	
8-26	1082-1086	door	
8-27	1087-1089	de	
8-28	1090-1104	voorsienigheid	
8-29	1105-1116	ondersteund	
8-30	1116-1117	,	
8-31	1118-1122	geen	
8-32	1123-1128	eigen	
8-33	1129-1136	lichaam	
8-34	1137-1145	hebbende	
8-35	1145-1146	;	
8-36	1147-1151	ende	
8-37	1152-1156	noch	
8-38	1157-1163	minder	
8-39	1164-1168	sulk	
8-40	1169-1172	een	
8-41	1173-1176	als	
8-42	1177-1178	'	
8-43	1178-1179	t	
8-44	1180-1184	onse	
8-45	1184-1185	,	
8-46	1186-1189	tot	
8-47	1190-1200	beweeginge	
8-48	1201-1204	van	
8-49	1205-1211	andere	
8-50	1212-1220	lichamen	
8-51	1221-1228	bequaam	
8-52	1228-1229	:	
8-53	1230-1233	ons	
8-54	1234-1237	met	
8-55	1238-1243	reden	
8-56	1244-1252	verdacht	
8-57	1253-1257	moet	
8-58	1258-1262	zijn	
8-59	1262-1263	,	
8-60	1264-1267	hoe	
8-61	1268-1271	die	
8-62	1272-1282	allerhande	
8-63	1283-1291	lichamen	
8-64	1291-1292	,	
8-65	1293-1296	ook	
8-66	1297-1309	onmiddelbaar	
8-67	1309-1310	,	
8-68	1311-1315	ende	
8-69	1316-1318	in	
8-70	1319-1324	eenen	
8-71	1325-1333	ogenblik	
8-72	1333-1334	,	
8-73	1335-1336	(	
8-74	1336-1341	somen	
8-75	1342-1351	gemeenlik	
8-76	1352-1359	gelooft	
8-77	1359-1360	)	
8-78	1362-1369	bewegen	
8-79	1369-1370	;	
8-80	1371-1375	ende	
8-81	1376-1384	allerley	
8-82	1385-1396	lichamelike	
8-83	1397-1403	werken	
8-84	1403-1404	,	
8-85	1405-1408	des	
8-86	1409-1417	menschen	
8-87	1418-1425	kragten	
8-88	1426-1437	duisendmaal	
8-89	1438-1440	te	
8-90	1441-1446	boven	
8-91	1447-1453	gaande	
8-92	1453-1454	,	
8-93	1455-1464	verrigten	
8-94	1465-1468	kan	
8-95	1468-1469	.	

#Text=Want het baat niet, datmen de natuur en kragt der
9-1	1470-1474	Want	
9-2	1475-1478	het	
9-3	1479-1483	baat	
9-4	1484-1488	niet	
9-5	1488-1489	,	
9-6	1490-1496	datmen	
9-7	1497-1499	de	
9-8	1500-1506	natuur	
9-9	1507-1509	en	
9-10	1510-1515	kragt	
9-11	1516-1519	der	
