#FORMAT=WebAnno TSV 3.3
#T_SP=custom.Span|label
#T_RL=custom.Relation|label|BT_custom.Span


#Text=Rozier , tome 4, parag. 3 , des engrais tirés des excrémens humains.
1-1	0-6	Rozier	_	_	_	
1-2	7-8	,	_	_	_	
1-3	9-13	tome	_	_	_	
1-4	14-15	4	_	_	_	
1-5	15-16	,	_	_	_	
1-6	17-22	parag	_	_	_	
1-7	22-23	.	_	_	_	
1-8	24-25	3	_	_	_	
1-9	26-27	,	_	_	_	
1-10	28-31	des	_	_	_	
1-11	32-39	engrais	_	_	_	
1-12	40-45	tirés	_	_	_	
1-13	46-49	des	_	_	_	
1-14	50-59	excrémens	_	_	_	
1-15	60-67	humains	_	_	_	
1-16	67-68	.	_	_	_	

#Text=Voilà de tous les engrais , l'engrais par excellence , celui qui produit les effets les plus merveilleux; mais on doit ajoute^ les plus dites- tables , s'il n'est pas convenablement employé.
2-1	70-75	Voilà	_	_	_	
2-2	76-78	de	_	_	_	
2-3	79-83	tous	_	_	_	
2-4	84-87	les	_	_	_	
2-5	88-95	engrais	_	_	_	
2-6	96-97	,	_	_	_	
2-7	98-107	l'engrais	Smell\_Source	_	_	
2-8	108-111	par	_	_	_	
2-9	112-122	excellence	_	_	_	
2-10	123-124	,	_	_	_	
2-11	125-130	celui	_	_	_	
2-12	131-134	qui	_	_	_	
2-13	135-142	produit	_	_	_	
2-14	143-146	les	_	_	_	
2-15	147-153	effets	_	_	_	
2-16	154-157	les	_	_	_	
2-17	158-162	plus	_	_	_	
2-18	163-174	merveilleux	_	_	_	
2-19	174-175	;	_	_	_	
2-20	176-180	mais	_	_	_	
2-21	181-183	on	_	_	_	
2-22	184-188	doit	_	_	_	
2-23	189-195	ajoute	_	_	_	
2-24	195-196	^	_	_	_	
2-25	197-200	les	_	_	_	
2-26	201-205	plus	_	_	_	
2-27	206-211	dites	_	_	_	
2-28	211-212	-	_	_	_	
2-29	213-219	tables	_	_	_	
2-30	220-221	,	_	_	_	
2-31	222-226	s'il	_	_	_	
2-32	227-232	n'est	_	_	_	
2-33	233-236	pas	_	_	_	
2-34	237-251	convenablement	_	_	_	
2-35	252-259	employé	_	_	_	
2-36	259-260	.	_	_	_	

#Text=Frais , il brûle , il corrode ; sortant des latrines, il .est encore plus dangereux; seul et sans mélange , c'est , dans la première année , le destructeur de la végétation ; s'il ne détruit pas les plantes qu'il engraisse, il leur communique une odeur et une saveur détestable.
3-1	261-266	Frais	_	_	_	
3-2	267-268	,	_	_	_	
3-3	269-271	il	_	_	_	
3-4	272-277	brûle	_	_	_	
3-5	278-279	,	_	_	_	
3-6	280-282	il	_	_	_	
3-7	283-290	corrode	_	_	_	
3-8	291-292	;	_	_	_	
3-9	293-300	sortant	_	_	_	
3-10	301-304	des	_	_	_	
3-11	305-313	latrines	_	_	_	
3-12	313-314	,	_	_	_	
3-13	315-317	il	_	_	_	
3-14	318-319	.	_	_	_	
3-15	319-322	est	_	_	_	
3-16	323-329	encore	_	_	_	
3-17	330-334	plus	_	_	_	
3-18	335-344	dangereux	_	_	_	
3-19	344-345	;	_	_	_	
3-20	346-350	seul	_	_	_	
3-21	351-353	et	_	_	_	
3-22	354-358	sans	_	_	_	
3-23	359-366	mélange	_	_	_	
3-24	367-368	,	_	_	_	
3-25	369-374	c'est	_	_	_	
3-26	375-376	,	_	_	_	
3-27	377-381	dans	_	_	_	
3-28	382-384	la	_	_	_	
3-29	385-393	première	_	_	_	
3-30	394-399	année	_	_	_	
3-31	400-401	,	_	_	_	
3-32	402-404	le	_	_	_	
3-33	405-416	destructeur	_	_	_	
3-34	417-419	de	_	_	_	
3-35	420-422	la	_	_	_	
3-36	423-433	végétation	_	_	_	
3-37	434-435	;	_	_	_	
3-38	436-440	s'il	_	_	_	
3-39	441-443	ne	_	_	_	
3-40	444-451	détruit	_	_	_	
3-41	452-455	pas	_	_	_	
3-42	456-459	les	_	_	_	
3-43	460-467	plantes	_	_	_	
3-44	468-473	qu'il	_	_	_	
3-45	474-483	engraisse	_	_	_	
3-46	483-484	,	_	_	_	
3-47	485-487	il	_	_	_	
3-48	488-492	leur	_	_	_	
3-49	493-503	communique	_	_	_	
3-50	504-507	une	_	_	_	
3-51	508-513	odeur	Smell\_Word	*|*	3-55|2-7	
3-52	514-516	et	_	_	_	
3-53	517-520	une	_	_	_	
3-54	521-527	saveur	_	_	_	
3-55	528-538	détestable	Quality	_	_	
3-56	538-539	.	_	_	_	

#Text=Frédéric Hofman rapporte que la bierre faite avec de l'orge produite dans un champ fumé avec cet engrais , en avoit conservé l'odeur, et que son -goût étoit trés-désagréable.
4-1	540-548	Frédéric	Perceiver[1]	_	_	
4-2	549-555	Hofman	Perceiver[1]	_	_	
4-3	556-564	rapporte	_	_	_	
4-4	565-568	que	_	_	_	
4-5	569-571	la	_	_	_	
4-6	572-578	bierre	_	_	_	
4-7	579-584	faite	_	_	_	
4-8	585-589	avec	_	_	_	
4-9	590-592	de	_	_	_	
4-10	593-599	l'orge	_	_	_	
4-11	600-608	produite	_	_	_	
4-12	609-613	dans	_	_	_	
4-13	614-616	un	_	_	_	
4-14	617-622	champ	_	_	_	
4-15	623-627	fumé	_	_	_	
4-16	628-632	avec	_	_	_	
4-17	633-636	cet	_	_	_	
4-18	637-644	engrais	_	_	_	
4-19	645-646	,	_	_	_	
4-20	647-649	en	_	_	_	
4-21	650-655	avoit	_	_	_	
4-22	656-664	conservé	_	_	_	
4-23	665-672	l'odeur	Smell\_Word	*	4-1[1_0]	
4-24	672-673	,	_	_	_	
4-25	674-676	et	_	_	_	
4-26	677-680	que	_	_	_	
4-27	681-684	son	_	_	_	
4-28	685-686	-	_	_	_	
4-29	686-690	goût	_	_	_	
4-30	691-696	étoit	_	_	_	
4-31	697-713	trés-désagréable	_	_	_	
4-32	713-714	.	_	_	_	

#Text=Un autre auteur cite un fait semblable sur le bled ; mais il ajoute que celui qui fut seillé l'année suivante sur le même champ , ne sentoit rien.
5-1	715-717	Un	_	_	_	
5-2	718-723	autre	_	_	_	
5-3	724-730	auteur	_	_	_	
5-4	731-735	cite	_	_	_	
5-5	736-738	un	_	_	_	
5-6	739-743	fait	_	_	_	
5-7	744-753	semblable	_	_	_	
5-8	754-757	sur	_	_	_	
5-9	758-760	le	_	_	_	
5-10	761-765	bled	_	_	_	
5-11	766-767	;	_	_	_	
5-12	768-772	mais	_	_	_	
5-13	773-775	il	_	_	_	
5-14	776-782	ajoute	_	_	_	
5-15	783-786	que	_	_	_	
5-16	787-792	celui	_	_	_	
5-17	793-796	qui	_	_	_	
5-18	797-800	fut	_	_	_	
5-19	801-807	seillé	_	_	_	
5-20	808-815	l'année	_	_	_	
5-21	816-824	suivante	_	_	_	
5-22	825-828	sur	_	_	_	
5-23	829-831	le	_	_	_	
5-24	832-836	même	_	_	_	
5-25	837-842	champ	_	_	_	
5-26	843-844	,	_	_	_	
5-27	845-847	ne	_	_	_	
5-28	848-855	sentoit	_	_	_	
5-29	856-860	rien	_	_	_	
5-30	860-861	.	_	_	_	

#Text=La différence vient uniquement de ce que l'on avoit employé ce fumier trop frais.
6-1	862-864	La	_	_	_	
6-2	865-875	différence	_	_	_	
6-3	876-881	vient	_	_	_	
6-4	882-892	uniquement	_	_	_	
6-5	893-895	de	_	_	_	
6-6	896-898	ce	_	_	_	
6-7	899-902	que	_	_	_	
6-8	903-907	l'on	_	_	_	
6-9	908-913	avoit	_	_	_	
6-10	914-921	employé	_	_	_	
6-11	922-924	ce	_	_	_	
6-12	925-931	fumier	_	_	_	
6-13	932-936	trop	_	_	_	
6-14	937-942	frais	_	_	_	
6-15	942-943	.	_	_	_	

#Text=La sève n'avoit 'pas chargé dans le grain les principes de cette odeur , il se les étoit seulement appropriés à l'extérieur , de la même manière que le raisin contracte l'odeur du souci ou de l'aristoloche qui croissent dans les vignes.
7-1	944-946	La	_	_	_	
7-2	947-951	sève	_	_	_	
7-3	952-959	n'avoit	_	_	_	
7-4	960-961	'	_	_	_	
7-5	961-964	pas	_	_	_	
7-6	965-971	chargé	_	_	_	
7-7	972-976	dans	_	_	_	
7-8	977-979	le	_	_	_	
7-9	980-985	grain	_	_	_	
7-10	986-989	les	_	_	_	
7-11	990-999	principes	_	_	_	
7-12	1000-1002	de	_	_	_	
7-13	1003-1008	cette	_	_	_	
7-14	1009-1014	odeur	Smell\_Word	_	_	
7-15	1015-1016	,	_	_	_	
7-16	1017-1019	il	_	_	_	
7-17	1020-1022	se	_	_	_	
7-18	1023-1026	les	_	_	_	
7-19	1027-1032	étoit	_	_	_	
7-20	1033-1042	seulement	_	_	_	
7-21	1043-1053	appropriés	_	_	_	
7-22	1054-1055	à	_	_	_	
7-23	1056-1067	l'extérieur	_	_	_	
7-24	1068-1069	,	_	_	_	
7-25	1070-1072	de	_	_	_	
7-26	1073-1075	la	_	_	_	
7-27	1076-1080	même	_	_	_	
7-28	1081-1088	manière	_	_	_	
7-29	1089-1092	que	_	_	_	
7-30	1093-1095	le	_	_	_	
7-31	1096-1102	raisin	_	_	_	
7-32	1103-1112	contracte	_	_	_	
7-33	1113-1120	l'odeur	Smell\_Word	_	_	
7-34	1121-1123	du	_	_	_	
7-35	1124-1129	souci	_	_	_	
7-36	1130-1132	ou	_	_	_	
7-37	1133-1135	de	_	_	_	
7-38	1136-1149	l'aristoloche	_	_	_	
7-39	1150-1153	qui	_	_	_	
7-40	1154-1163	croissent	_	_	_	
7-41	1164-1168	dans	_	_	_	
7-42	1169-1172	les	_	_	_	
7-43	1173-1179	vignes	_	_	_	
7-44	1179-1180	.	_	_	_	

#Text=Le moyen de prévenir ces inconvéniens fâcheux des matières fécales , c'est de laisser exposées à lair , pendant deux et même trois an-nées , les matières tirées des latrines , ou bien de suivre la méthode indiquée au mot aisance ( fosse d'. ).
8-1	1182-1184	Le	_	_	_	
8-2	1185-1190	moyen	_	_	_	
8-3	1191-1193	de	_	_	_	
8-4	1194-1202	prévenir	_	_	_	
8-5	1203-1206	ces	_	_	_	
8-6	1207-1219	inconvéniens	_	_	_	
8-7	1220-1227	fâcheux	_	_	_	
8-8	1228-1231	des	_	_	_	
8-9	1232-1240	matières	_	_	_	
8-10	1241-1248	fécales	_	_	_	
8-11	1249-1250	,	_	_	_	
8-12	1251-1256	c'est	_	_	_	
8-13	1257-1259	de	_	_	_	
8-14	1260-1267	laisser	_	_	_	
8-15	1268-1276	exposées	_	_	_	
8-16	1277-1278	à	_	_	_	
8-17	1279-1283	lair	_	_	_	
8-18	1284-1285	,	_	_	_	
8-19	1286-1293	pendant	_	_	_	
8-20	1294-1298	deux	_	_	_	
8-21	1299-1301	et	_	_	_	
8-22	1302-1306	même	_	_	_	
8-23	1307-1312	trois	_	_	_	
8-24	1313-1320	an-nées	_	_	_	
8-25	1321-1322	,	_	_	_	
8-26	1323-1326	les	_	_	_	
8-27	1327-1335	matières	_	_	_	
8-28	1336-1342	tirées	_	_	_	
8-29	1343-1346	des	_	_	_	
8-30	1347-1355	latrines	_	_	_	
8-31	1356-1357	,	_	_	_	
8-32	1358-1360	ou	_	_	_	
8-33	1361-1365	bien	_	_	_	
8-34	1366-1368	de	_	_	_	
8-35	1369-1375	suivre	_	_	_	
8-36	1376-1378	la	_	_	_	
8-37	1379-1386	méthode	_	_	_	
8-38	1387-1395	indiquée	_	_	_	
8-39	1396-1398	au	_	_	_	
8-40	1399-1402	mot	_	_	_	
8-41	1403-1410	aisance	_	_	_	
8-42	1411-1412	(	_	_	_	
8-43	1413-1418	fosse	_	_	_	
8-44	1419-1420	d	_	_	_	
8-45	1420-1421	'	_	_	_	
8-46	1421-1422	.	_	_	_	
8-47	1423-1424	)	_	_	_	
8-48	1424-1425	.	_	_	_	

#Text=On ne court aucun risque de laisser vieillir cet engrais, pourvu toutefois qu'il ne soit pas délavé par la pluie.
9-1	1426-1428	On	_	_	_	
9-2	1429-1431	ne	_	_	_	
9-3	1432-1437	court	_	_	_	
9-4	1438-1443	aucun	_	_	_	
9-5	1444-1450	risque	_	_	_	
9-6	1451-1453	de	_	_	_	
9-7	1454-1461	laisser	_	_	_	
9-8	1462-1470	vieillir	_	_	_	
9-9	1471-1474	cet	_	_	_	
9-10	1475-1482	engrais	_	_	_	
9-11	1482-1483	,	_	_	_	
9-12	1484-1490	pourvu	_	_	_	
9-13	1491-1500	toutefois	_	_	_	
9-14	1501-1506	qu'il	_	_	_	
9-15	1507-1509	ne	_	_	_	
9-16	1510-1514	soit	_	_	_	
9-17	1515-1518	pas	_	_	_	
9-18	1519-1525	délavé	_	_	_	
9-19	1526-1529	par	_	_	_	
9-20	1530-1532	la	_	_	_	
9-21	1533-1538	pluie	_	_	_	
9-22	1538-1539	.	_	_	_	

#Text=Plusieurs- jardiniers et cultivateurs le font complettement sécher à l'air libre; il le réduisent en poudre , et s'en servent comme de la colombine : dans cet état, il est appelé poudretie.
10-1	1540-1549	Plusieurs	_	_	_	
10-2	1549-1550	-	_	_	_	
10-3	1551-1561	jardiniers	_	_	_	
10-4	1562-1564	et	_	_	_	
10-5	1565-1577	cultivateurs	_	_	_	
10-6	1578-1580	le	_	_	_	
10-7	1581-1585	font	_	_	_	
10-8	1586-1599	complettement	_	_	_	
10-9	1600-1606	sécher	_	_	_	
10-10	1607-1608	à	_	_	_	
10-11	1609-1614	l'air	_	_	_	
10-12	1615-1620	libre	_	_	_	
10-13	1620-1621	;	_	_	_	
10-14	1622-1624	il	_	_	_	
10-15	1625-1627	le	_	_	_	
10-16	1628-1637	réduisent	_	_	_	
10-17	1638-1640	en	_	_	_	
10-18	1641-1647	poudre	_	_	_	
10-19	1648-1649	,	_	_	_	
10-20	1650-1652	et	_	_	_	
10-21	1653-1657	s'en	_	_	_	
10-22	1658-1665	servent	_	_	_	
10-23	1666-1671	comme	_	_	_	
10-24	1672-1674	de	_	_	_	
10-25	1675-1677	la	_	_	_	
10-26	1678-1687	colombine	_	_	_	
10-27	1688-1689	:	_	_	_	
10-28	1690-1694	dans	_	_	_	
10-29	1695-1698	cet	_	_	_	
10-30	1699-1703	état	_	_	_	
10-31	1703-1704	,	_	_	_	
10-32	1705-1707	il	_	_	_	
10-33	1708-1711	est	_	_	_	
10-34	1712-1718	appelé	_	_	_	
10-35	1719-1728	poudretie	_	_	_	
10-36	1728-1729	.	_	_	_	

#Text=Je ne conçois pas comment les habitans des villes , et qui sont propriéé taire de biens fonds , ne se procurent pas abondamment cet excellent engrais .
11-1	1731-1733	Je	_	_	_	
11-2	1734-1736	ne	_	_	_	
11-3	1737-1744	conçois	_	_	_	
11-4	1745-1748	pas	_	_	_	
11-5	1749-1756	comment	_	_	_	
11-6	1757-1760	les	_	_	_	
11-7	1761-1769	habitans	_	_	_	
11-8	1770-1773	des	_	_	_	
11-9	1774-1780	villes	_	_	_	
11-10	1781-1782	,	_	_	_	
11-11	1783-1785	et	_	_	_	
11-12	1786-1789	qui	_	_	_	
11-13	1790-1794	sont	_	_	_	
11-14	1795-1803	propriéé	_	_	_	
11-15	1804-1809	taire	_	_	_	
11-16	1810-1812	de	_	_	_	
11-17	1813-1818	biens	_	_	_	
11-18	1819-1824	fonds	_	_	_	
11-19	1825-1826	,	_	_	_	
11-20	1827-1829	ne	_	_	_	
11-21	1830-1832	se	_	_	_	
11-22	1833-1842	procurent	_	_	_	
11-23	1843-1846	pas	_	_	_	
11-24	1847-1858	abondamment	_	_	_	
11-25	1859-1862	cet	_	_	_	
11-26	1863-1872	excellent	_	_	_	
11-27	1873-1880	engrais	_	_	_	
11-28	1881-1882	.	_	_	_	

#Text=MM.
12-1	1883-1885	MM	_	_	_	
12-2	1885-1886	.	_	_	_	

#Text=Cadet, Parmentier et Laborde , dans l'ouvrage cité au mot « aisance., indiquent les moyens de le transposer sans qu'il en résulte la moindre odeur, ni la plus légère répugnance.
13-1	1887-1892	Cadet	_	_	_	
13-2	1892-1893	,	_	_	_	
13-3	1894-1904	Parmentier	_	_	_	
13-4	1905-1907	et	_	_	_	
13-5	1908-1915	Laborde	_	_	_	
13-6	1916-1917	,	_	_	_	
13-7	1918-1922	dans	_	_	_	
13-8	1923-1932	l'ouvrage	_	_	_	
13-9	1933-1937	cité	_	_	_	
13-10	1938-1940	au	_	_	_	
13-11	1941-1944	mot	_	_	_	
13-12	1945-1946	«	_	_	_	
13-13	1947-1954	aisance	_	_	_	
13-14	1954-1955	.	_	_	_	
13-15	1955-1956	,	_	_	_	
13-16	1957-1966	indiquent	_	_	_	
13-17	1967-1970	les	_	_	_	
13-18	1971-1977	moyens	_	_	_	
13-19	1978-1980	de	_	_	_	
13-20	1981-1983	le	_	_	_	
13-21	1984-1994	transposer	_	_	_	
13-22	1995-1999	sans	_	_	_	
13-23	2000-2005	qu'il	_	_	_	
13-24	2006-2008	en	_	_	_	
13-25	2009-2016	résulte	_	_	_	
13-26	2017-2019	la	_	_	_	
13-27	2020-2027	moindre	_	_	_	
13-28	2028-2033	odeur	_	_	_	
13-29	2033-2034	,	_	_	_	
13-30	2035-2037	ni	_	_	_	
13-31	2038-2040	la	_	_	_	
13-32	2041-2045	plus	_	_	_	
13-33	2046-2052	légère	_	_	_	
13-34	2053-2063	répugnance	_	_	_	
13-35	2063-2064	.	_	_	_	

#Text=Le point essentiel, pour l'agriculture comme pour le jardinage , est 'de ne l'employer qu'après plusieurs années révolues.
14-1	2065-2067	Le	_	_	_	
14-2	2068-2073	point	_	_	_	
14-3	2074-2083	essentiel	_	_	_	
14-4	2083-2084	,	_	_	_	
14-5	2085-2089	pour	_	_	_	
14-6	2090-2103	l'agriculture	_	_	_	
14-7	2104-2109	comme	_	_	_	
14-8	2110-2114	pour	_	_	_	
14-9	2115-2117	le	_	_	_	
14-10	2118-2127	jardinage	_	_	_	
14-11	2128-2129	,	_	_	_	
14-12	2130-2133	est	_	_	_	
14-13	2134-2135	'	_	_	_	
14-14	2135-2137	de	_	_	_	
14-15	2138-2140	ne	_	_	_	
14-16	2141-2151	l'employer	_	_	_	
14-17	2152-2160	qu'après	_	_	_	
14-18	2161-2170	plusieurs	_	_	_	
14-19	2171-2177	années	_	_	_	
14-20	2178-2186	révolues	_	_	_	
14-21	2186-2187	.	_	_	_	

#Text=Dans plusieurs villes du royaume on mesure la hauteur , largeur et profondeur de la fosse d'aisance , et il y a prix fait et même assez fort , en raison des toises cubes ; dans la majeure partie* des autres villes , on a la simplicité de payer pour s'en débarasser , en seroit étonnë si on savoit combien les latrines des casernes de la vilU de Lille en Flandre, produisent de revenu à celui à qui appartient lo droit de vendre cet engrais.
15-1	2188-2192	Dans	_	_	_	
15-2	2193-2202	plusieurs	_	_	_	
15-3	2203-2209	villes	_	_	_	
15-4	2210-2212	du	_	_	_	
15-5	2213-2220	royaume	_	_	_	
15-6	2221-2223	on	_	_	_	
15-7	2224-2230	mesure	_	_	_	
15-8	2231-2233	la	_	_	_	
15-9	2234-2241	hauteur	_	_	_	
15-10	2242-2243	,	_	_	_	
15-11	2244-2251	largeur	_	_	_	
15-12	2252-2254	et	_	_	_	
15-13	2255-2265	profondeur	_	_	_	
15-14	2266-2268	de	_	_	_	
15-15	2269-2271	la	_	_	_	
15-16	2272-2277	fosse	_	_	_	
15-17	2278-2287	d'aisance	_	_	_	
15-18	2288-2289	,	_	_	_	
15-19	2290-2292	et	_	_	_	
15-20	2293-2295	il	_	_	_	
15-21	2296-2297	y	_	_	_	
15-22	2298-2299	a	_	_	_	
15-23	2300-2304	prix	_	_	_	
15-24	2305-2309	fait	_	_	_	
15-25	2310-2312	et	_	_	_	
15-26	2313-2317	même	_	_	_	
15-27	2318-2323	assez	_	_	_	
15-28	2324-2328	fort	_	_	_	
15-29	2329-2330	,	_	_	_	
15-30	2331-2333	en	_	_	_	
15-31	2334-2340	raison	_	_	_	
15-32	2341-2344	des	_	_	_	
15-33	2345-2351	toises	_	_	_	
15-34	2352-2357	cubes	_	_	_	
15-35	2358-2359	;	_	_	_	
15-36	2360-2364	dans	_	_	_	
15-37	2365-2367	la	_	_	_	
15-38	2368-2375	majeure	_	_	_	
15-39	2376-2382	partie	_	_	_	
15-40	2382-2383	*	_	_	_	
15-41	2384-2387	des	_	_	_	
15-42	2388-2394	autres	_	_	_	
15-43	2395-2401	villes	_	_	_	
15-44	2402-2403	,	_	_	_	
15-45	2404-2406	on	_	_	_	
15-46	2407-2408	a	_	_	_	
15-47	2409-2411	la	_	_	_	
15-48	2412-2422	simplicité	_	_	_	
15-49	2423-2425	de	_	_	_	
15-50	2426-2431	payer	_	_	_	
15-51	2432-2436	pour	_	_	_	
15-52	2437-2441	s'en	_	_	_	
15-53	2442-2452	débarasser	_	_	_	
15-54	2453-2454	,	_	_	_	
15-55	2455-2457	en	_	_	_	
15-56	2458-2464	seroit	_	_	_	
15-57	2465-2471	étonnë	_	_	_	
15-58	2472-2474	si	_	_	_	
15-59	2475-2477	on	_	_	_	
15-60	2478-2484	savoit	_	_	_	
15-61	2485-2492	combien	_	_	_	
15-62	2493-2496	les	_	_	_	
15-63	2497-2505	latrines	_	_	_	
15-64	2506-2509	des	_	_	_	
15-65	2510-2518	casernes	_	_	_	
15-66	2519-2521	de	_	_	_	
15-67	2522-2524	la	_	_	_	
15-68	2525-2529	vilU	_	_	_	
15-69	2530-2532	de	_	_	_	
15-70	2533-2538	Lille	_	_	_	
15-71	2539-2541	en	_	_	_	
15-72	2542-2549	Flandre	_	_	_	
15-73	2549-2550	,	_	_	_	
15-74	2551-2561	produisent	_	_	_	
15-75	2562-2564	de	_	_	_	
15-76	2565-2571	revenu	_	_	_	
15-77	2572-2573	à	_	_	_	
15-78	2574-2579	celui	_	_	_	
15-79	2580-2581	à	_	_	_	
15-80	2582-2585	qui	_	_	_	
15-81	2586-2596	appartient	_	_	_	
15-82	2597-2599	lo	_	_	_	
15-83	2600-2605	droit	_	_	_	
15-84	2606-2608	de	_	_	_	
15-85	2609-2615	vendre	_	_	_	
15-86	2616-2619	cet	_	_	_	
15-87	2620-2627	engrais	_	_	_	
15-88	2627-2628	.	_	_	_	
