#FORMAT=WebAnno TSV 3.3
#T_SP=custom.Span|label
#T_RL=custom.Relation|label|BT_custom.Span


#Text=Vom rothen Storax.
1-1	3-6	Vom	_	_	_	
1-2	7-13	rothen	_	_	_	
1-3	14-20	Storax	_	_	_	
1-4	20-21	.	_	_	_	

#Text=DEr rothe Storax oder Jndiani-
#Text=ſche Weyrauch, deſſen wir uns
#Text=insgemein bedienen, iſt ein Hartz, wel-
#Text=ches aus dem Stamme und ſtaͤrckſten
#Text=Aeſten eines Baumes tringet, der von
#Text=mittelmaͤßiger Hoͤhe iſt.
2-1	24-27	DEr	_	_	_	
2-2	28-33	rothe	_	_	_	
2-3	34-40	Storax	_	_	_	
2-4	41-45	oder	_	_	_	
2-5	46-53	Jndiani	_	_	_	
2-6	53-54	-	_	_	_	
2-7	55-59	ſche	_	_	_	
2-8	60-68	Weyrauch	_	_	_	
2-9	68-69	,	_	_	_	
2-10	70-76	deſſen	_	_	_	
2-11	77-80	wir	_	_	_	
2-12	81-84	uns	_	_	_	
2-13	85-94	insgemein	_	_	_	
2-14	95-103	bedienen	_	_	_	
2-15	103-104	,	_	_	_	
2-16	105-108	iſt	_	_	_	
2-17	109-112	ein	_	_	_	
2-18	113-118	Hartz	_	_	_	
2-19	118-119	,	_	_	_	
2-20	120-123	wel	_	_	_	
2-21	123-124	-	_	_	_	
2-22	125-129	ches	_	_	_	
2-23	130-133	aus	_	_	_	
2-24	134-137	dem	_	_	_	
2-25	138-144	Stamme	_	_	_	
2-26	145-148	und	_	_	_	
2-27	149-160	ſtaͤrckſten	_	_	_	
2-28	161-167	Aeſten	_	_	_	
2-29	168-173	eines	_	_	_	
2-30	174-180	Baumes	_	_	_	
2-31	181-188	tringet	_	_	_	
2-32	188-189	,	_	_	_	
2-33	190-193	der	_	_	_	
2-34	194-197	von	_	_	_	
2-35	198-212	mittelmaͤßiger	_	_	_	
2-36	213-218	Hoͤhe	_	_	_	
2-37	219-222	iſt	_	_	_	
2-38	222-223	.	_	_	_	

#Text=Die Blaͤtter
#Text=deſſelben gleichen dem Quittenlaube,
#Text=auſſer daß ſie etwas kleiner ſind.
3-1	224-227	Die	_	_	_	
3-2	228-236	Blaͤtter	_	_	_	
3-3	237-246	deſſelben	_	_	_	
3-4	247-255	gleichen	_	_	_	
3-5	256-259	dem	_	_	_	
3-6	260-272	Quittenlaube	_	_	_	
3-7	272-273	,	_	_	_	
3-8	274-280	auſſer	_	_	_	
3-9	281-284	daß	_	_	_	
3-10	285-288	ſie	_	_	_	
3-11	289-294	etwas	_	_	_	
3-12	295-302	kleiner	_	_	_	
3-13	303-307	ſind	_	_	_	
3-14	307-308	.	_	_	_	

#Text=Die
#Text=Fruͤchte ſind ſo groß, als wie die Haſel-
#Text=nuͤſſe, darinne ſteckt ein weiſſer oͤlichter
#Text=Kern, deſſen Geruch dem Storaxgeru-
#Text=che gantz und gar gleich iſt.
4-1	309-312	Die	_	_	_	
4-2	313-321	Fruͤchte	_	_	_	
4-3	322-326	ſind	_	_	_	
4-4	327-329	ſo	_	_	_	
4-5	330-334	groß	_	_	_	
4-6	334-335	,	_	_	_	
4-7	336-339	als	_	_	_	
4-8	340-343	wie	_	_	_	
4-9	344-347	die	_	_	_	
4-10	348-353	Haſel	_	_	_	
4-11	353-354	-	_	_	_	
4-12	355-361	nuͤſſe	_	_	_	
4-13	361-362	,	_	_	_	
4-14	363-370	darinne	_	_	_	
4-15	371-377	ſteckt	_	_	_	
4-16	378-381	ein	_	_	_	
4-17	382-389	weiſſer	_	_	_	
4-18	390-399	oͤlichter	_	_	_	
4-19	400-404	Kern	Smell\_Source	_	_	
4-20	404-405	,	_	_	_	
4-21	406-412	deſſen	Smell\_Source	_	_	
4-22	413-419	Geruch	Smell\_Word	*|*|*	4-21|4-19|4-23[1_0]	
4-23	420-423	dem	Evoked\_Odorant[1]	_	_	
4-24	424-434	Storaxgeru	Evoked\_Odorant[1]|Smell\_Word[2]	_	_	
4-25	434-435	-	Evoked\_Odorant[1]|Smell\_Word[2]	_	_	
4-26	436-439	che	Evoked\_Odorant[1]|Smell\_Word[2]	_	_	
4-27	440-445	gantz	Evoked\_Odorant[1]	_	_	
4-28	446-449	und	Evoked\_Odorant[1]	_	_	
4-29	450-453	gar	Evoked\_Odorant[1]	_	_	
4-30	454-460	gleich	Evoked\_Odorant[1]	_	_	
4-31	461-464	iſt	Evoked\_Odorant[1]	_	_	
4-32	464-465	.	_	_	_	

#Text=Weil auch
#Text=zuweilen und von ohngefehr etwas
#Text=Storax in dieſen zerbrochenen Schalen
#Text=gefunden wird, deshalben haben ihrer
#Text=viele vermeinet, der Storax kaͤme aus
#Text=dieſen Schalen.
5-1	466-470	Weil	_	_	_	
5-2	471-475	auch	_	_	_	
5-3	476-484	zuweilen	_	_	_	
5-4	485-488	und	_	_	_	
5-5	489-492	von	_	_	_	
5-6	493-502	ohngefehr	_	_	_	
5-7	503-508	etwas	_	_	_	
5-8	509-515	Storax	_	_	_	
5-9	516-518	in	_	_	_	
5-10	519-525	dieſen	_	_	_	
5-11	526-538	zerbrochenen	_	_	_	
5-12	539-546	Schalen	_	_	_	
5-13	547-555	gefunden	_	_	_	
5-14	556-560	wird	_	_	_	
5-15	560-561	,	_	_	_	
5-16	562-571	deshalben	_	_	_	
5-17	572-577	haben	_	_	_	
5-18	578-583	ihrer	_	_	_	
5-19	584-589	viele	_	_	_	
5-20	590-599	vermeinet	_	_	_	
5-21	599-600	,	_	_	_	
5-22	601-604	der	_	_	_	
5-23	605-611	Storax	_	_	_	
5-24	612-617	kaͤme	_	_	_	
5-25	618-621	aus	_	_	_	
5-26	622-628	dieſen	_	_	_	
5-27	629-636	Schalen	_	_	_	
5-28	636-637	.	_	_	_	

#Text=Siehe Fig.
#Text=281.
6-1	640-645	Siehe	_	_	_	
6-2	646-649	Fig	_	_	_	
6-3	649-650	.	_	_	_	
6-4	651-654	281	_	_	_	
6-5	654-655	.	_	_	_	

#Text=Dieſes Gummi wird uͤber Marſeil-
#Text=le/ von vielen Orten aus Syrien und
#Text=Levante/ allwo dieſe
#Text=Baͤume hauffen-
#Text=weiſe wachſen, zu uns gebracht.
7-1	657-663	Dieſes	_	_	_	
7-2	664-669	Gummi	_	_	_	
7-3	670-674	wird	_	_	_	
7-4	675-680	uͤber	_	_	_	
7-5	681-688	Marſeil	_	_	_	
7-6	688-689	-	_	_	_	
7-7	690-692	le	_	_	_	
7-8	692-693	/	_	_	_	
7-9	694-697	von	_	_	_	
7-10	698-704	vielen	_	_	_	
7-11	705-710	Orten	_	_	_	
7-12	711-714	aus	_	_	_	
7-13	715-721	Syrien	_	_	_	
7-14	722-725	und	_	_	_	
7-15	726-733	Levante	_	_	_	
7-16	733-734	/	_	_	_	
7-17	735-740	allwo	_	_	_	
7-18	741-746	dieſe	_	_	_	
7-19	747-753	Baͤume	_	_	_	
7-20	754-761	hauffen	_	_	_	
7-21	761-762	-	_	_	_	
7-22	763-768	weiſe	_	_	_	
7-23	769-776	wachſen	_	_	_	
7-24	776-777	,	_	_	_	
7-25	778-780	zu	_	_	_	
7-26	781-784	uns	_	_	_	
7-27	785-793	gebracht	_	_	_	
7-28	793-794	.	_	_	_	

#Text=Man erwehle aber diejenigen Stuͤ-
#Text=cken, welche roͤthlicht, fett und weich ſind,
#Text=
#Text=und angenehme riechen:
#Text=verwerffe hin-
#Text=gegen, welches trucken, voller Reißlein
#Text=
#Text=und andern Unrath iſt, und wie Styrax li-
#Text=quida riechet;
#Text=desgleichen die Storax-
#Text=kuchen, und den Storax, der wie Ku-
#Text=geln oder Maronen formiret iſt, indem
#Text=es nichts anders iſt, als Storax liquida und
#Text=Reißlein vom rechten Storax, und an-
#Text=deren geringen Materialien unter ein-
#Text=ander gemiſchet: wie auch den, der wie
#Text=Staub iſt, als welcher nichts iſt, denn die
#Text=Saͤgeſpaͤne vom Holtze.
8-1	798-801	Man	_	_	_	
8-2	802-809	erwehle	_	_	_	
8-3	810-814	aber	_	_	_	
8-4	815-825	diejenigen	_	_	_	
8-5	826-830	Stuͤ	Smell\_Source[3]	_	_	
8-6	830-831	-	Smell\_Source[3]	_	_	
8-7	832-836	cken	Smell\_Source[3]	_	_	
8-8	836-837	,	_	_	_	
8-9	838-844	welche	_	_	_	
8-10	845-855	roͤthlicht	_	_	_	
8-11	855-856	,	_	_	_	
8-12	857-861	fett	_	_	_	
8-13	862-865	und	_	_	_	
8-14	866-871	weich	_	_	_	
8-15	872-876	ſind	_	_	_	
8-16	876-877	,	_	_	_	
8-17	879-882	und	_	_	_	
8-18	883-892	angenehme	Quality	_	_	
8-19	893-900	riechen	Smell\_Word	*|*	8-18|8-5[3_0]	
8-20	900-901	:	_	_	_	
8-21	902-911	verwerffe	_	_	_	
8-22	912-915	hin	_	_	_	
8-23	915-916	-	_	_	_	
8-24	917-922	gegen	_	_	_	
8-25	922-923	,	_	_	_	
8-26	924-931	welches	Smell\_Source	_	_	
8-27	932-939	trucken	_	_	_	
8-28	939-940	,	_	_	_	
8-29	941-947	voller	_	_	_	
8-30	948-956	Reißlein	_	_	_	
8-31	958-961	und	_	_	_	
8-32	962-968	andern	_	_	_	
8-33	969-975	Unrath	_	_	_	
8-34	976-979	iſt	_	_	_	
8-35	979-980	,	_	_	_	
8-36	981-984	und	_	_	_	
8-37	985-988	wie	Evoked\_Odorant[4]	_	_	
8-38	989-995	Styrax	Evoked\_Odorant[4]	_	_	
8-39	996-998	li	Evoked\_Odorant[4]	_	_	
8-40	998-999	-	Evoked\_Odorant[4]	_	_	
8-41	1000-1005	quida	Evoked\_Odorant[4]	_	_	
8-42	1006-1013	riechet	Smell\_Word	*|*	8-37[4_0]|8-26	
8-43	1013-1014	;	_	_	_	
8-44	1015-1026	desgleichen	_	_	_	
8-45	1027-1030	die	_	_	_	
8-46	1031-1037	Storax	_	_	_	
8-47	1037-1038	-	_	_	_	
8-48	1039-1045	kuchen	_	_	_	
8-49	1045-1046	,	_	_	_	
8-50	1047-1050	und	_	_	_	
8-51	1051-1054	den	_	_	_	
8-52	1055-1061	Storax	_	_	_	
8-53	1061-1062	,	_	_	_	
8-54	1063-1066	der	_	_	_	
8-55	1067-1070	wie	_	_	_	
8-56	1071-1073	Ku	_	_	_	
8-57	1073-1074	-	_	_	_	
8-58	1075-1079	geln	_	_	_	
8-59	1080-1084	oder	_	_	_	
8-60	1085-1092	Maronen	_	_	_	
8-61	1093-1101	formiret	_	_	_	
8-62	1102-1105	iſt	_	_	_	
8-63	1105-1106	,	_	_	_	
8-64	1107-1112	indem	_	_	_	
8-65	1113-1115	es	_	_	_	
8-66	1116-1122	nichts	_	_	_	
8-67	1123-1129	anders	_	_	_	
8-68	1130-1133	iſt	_	_	_	
8-69	1133-1134	,	_	_	_	
8-70	1135-1138	als	_	_	_	
8-71	1139-1145	Storax	_	_	_	
8-72	1146-1153	liquida	_	_	_	
8-73	1154-1157	und	_	_	_	
8-74	1158-1166	Reißlein	_	_	_	
8-75	1167-1170	vom	_	_	_	
8-76	1171-1178	rechten	_	_	_	
8-77	1179-1185	Storax	_	_	_	
8-78	1185-1186	,	_	_	_	
8-79	1187-1190	und	_	_	_	
8-80	1191-1193	an	_	_	_	
8-81	1193-1194	-	_	_	_	
8-82	1195-1200	deren	_	_	_	
8-83	1201-1209	geringen	_	_	_	
8-84	1210-1221	Materialien	_	_	_	
8-85	1222-1227	unter	_	_	_	
8-86	1228-1231	ein	_	_	_	
8-87	1231-1232	-	_	_	_	
8-88	1233-1238	ander	_	_	_	
8-89	1239-1248	gemiſchet	_	_	_	
8-90	1248-1249	:	_	_	_	
8-91	1250-1253	wie	_	_	_	
8-92	1254-1258	auch	_	_	_	
8-93	1259-1262	den	_	_	_	
8-94	1262-1263	,	_	_	_	
8-95	1264-1267	der	_	_	_	
8-96	1268-1271	wie	_	_	_	
8-97	1272-1277	Staub	_	_	_	
8-98	1278-1281	iſt	_	_	_	
8-99	1281-1282	,	_	_	_	
8-100	1283-1286	als	_	_	_	
8-101	1287-1294	welcher	_	_	_	
8-102	1295-1301	nichts	_	_	_	
8-103	1302-1305	iſt	_	_	_	
8-104	1305-1306	,	_	_	_	
8-105	1307-1311	denn	_	_	_	
8-106	1312-1315	die	_	_	_	
8-107	1316-1327	Saͤgeſpaͤne	_	_	_	
8-108	1328-1331	vom	_	_	_	
8-109	1332-1338	Holtze	_	_	_	
8-110	1338-1339	.	_	_	_	

#Text=Storaxku-
#Text=chen.
9-1	1343-1351	Storaxku	_	_	_	
9-2	1351-1352	-	_	_	_	
9-3	1353-1357	chen	_	_	_	
9-4	1357-1358	.	_	_	_	

#Text=Der Storax wird oft zur Artzney
#Text=
#Text=gebraucht, doch mehrentheils von den
#Text=Parfumirern, und andern Leuten, die
#Text=ihn an ſtatt des Weyrauchs gebrau-
#Text=chen.
10-1	1361-1364	Der	_	_	_	
10-2	1365-1371	Storax	_	_	_	
10-3	1372-1376	wird	_	_	_	
10-4	1377-1380	oft	_	_	_	
10-5	1381-1384	zur	_	_	_	
10-6	1385-1392	Artzney	_	_	_	
10-7	1394-1403	gebraucht	_	_	_	
10-8	1403-1404	,	_	_	_	
10-9	1405-1409	doch	_	_	_	
10-10	1410-1422	mehrentheils	_	_	_	
10-11	1423-1426	von	_	_	_	
10-12	1427-1430	den	_	_	_	
10-13	1431-1442	Parfumirern	_	_	_	
10-14	1442-1443	,	_	_	_	
10-15	1444-1447	und	_	_	_	
10-16	1448-1454	andern	_	_	_	
10-17	1455-1461	Leuten	_	_	_	
10-18	1461-1462	,	_	_	_	
10-19	1463-1466	die	_	_	_	
10-20	1467-1470	ihn	_	_	_	
10-21	1471-1473	an	_	_	_	
10-22	1474-1479	ſtatt	_	_	_	
10-23	1480-1483	des	_	_	_	
10-24	1484-1493	Weyrauchs	_	_	_	
10-25	1494-1500	gebrau	_	_	_	
10-26	1500-1501	-	_	_	_	
10-27	1502-1506	chen	_	_	_	
10-28	1506-1507	.	_	_	_	
