#FORMAT=WebAnno TSV 3.3


#Text=Nat.
1-1	2-5	Nat	
1-2	5-6	.	

#Text=Deor.
#Text=1
#Text=
#Text=
#Text=
#Text=
#Text=
#Text=D3
#Text=
#Text=
#Text=
#Text=
#Text=
#Text=lib, XV.
#Text=odoratissimam , aut certè Múzeafoss odoratiorem balsamo, ne.
#Text=vnde dicta
#Text=
#Text=cesse putant, Sed pupeaf wan' püqor potius , quàm muggae nomen videtur impofuifle.
2-1	7-11	Deor	
2-2	11-12	.	
2-3	13-14	1	
2-4	20-22	D3	
2-5	28-31	lib	
2-6	31-32	,	
2-7	33-35	XV	
2-8	35-36	.	
2-9	37-50	odoratissimam	
2-10	51-52	,	
2-11	53-56	aut	
2-12	57-62	certè	
2-13	63-72	Múzeafoss	
2-14	73-84	odoratiorem	
2-15	85-92	balsamo	
2-16	92-93	,	
2-17	94-96	ne	
2-18	96-97	.	
2-19	98-102	vnde	
2-20	103-108	dicta	
2-21	110-115	cesse	
2-22	116-122	putant	
2-23	122-123	,	
2-24	124-127	Sed	
2-25	128-134	pupeaf	
2-26	135-138	wan	
2-27	138-139	'	
2-28	140-145	püqor	
2-29	146-152	potius	
2-30	153-154	,	
2-31	155-159	quàm	
2-32	160-166	muggae	
2-33	167-172	nomen	
2-34	173-180	videtur	
2-35	181-191	impofuifle	
2-36	191-192	.	

#Text=Múpov autem ita dictum,tradit Chryfippus apud Athenaeum, Quia gera wordã nó fey tej córe patrus gluetoy, mub, to, labore & inani Audio paretur.
3-1	193-198	Múpov	
3-2	199-204	autem	
3-3	205-208	ita	
3-4	209-215	dictum	
3-5	215-216	,	
3-6	216-222	tradit	
3-7	223-233	Chryfippus	
3-8	234-238	apud	
3-9	239-248	Athenaeum	
3-10	248-249	,	
3-11	250-254	Quia	
3-12	255-259	gera	
3-13	260-265	wordã	
3-14	266-268	nó	
3-15	269-272	fey	
3-16	273-276	tej	
3-17	277-281	córe	
3-18	282-288	patrus	
3-19	289-296	gluetoy	
3-20	296-297	,	
3-21	298-301	mub	
3-22	301-302	,	
3-23	303-305	to	
3-24	305-306	,	
3-25	307-313	labore	
3-26	314-315	&	
3-27	316-321	inani	
3-28	322-327	Audio	
3-29	328-335	paretur	
3-30	335-336	.	

#Text=Quòd fi Chryfippum ve bo Chryfippus num Stoicum ,ita malum reprehea.
4-1	337-341	Quòd	
4-2	342-344	fi	
4-3	345-355	Chryfippum	
4-4	356-358	ve	
4-5	359-361	bo	
4-6	362-372	Chryfippus	
4-7	373-376	num	
4-8	377-384	Stoicum	
4-9	385-386	,	
4-10	386-389	ita	
4-11	390-395	malum	
4-12	396-404	reprehea	
4-13	404-405	.	

#Text=Grammaticum cum Casau
#Text=
#Text=bono esse velis, ac púpoy etiá a múeea deriuari contendas, peruicaciùs non recuso.nes go tamen ; myrrham próprereà iucundiùs olere quo uis ballamo.
5-1	406-417	Grammaticum	
5-2	418-421	cum	
5-3	422-427	Casau	
5-4	429-433	bono	
5-5	434-438	esse	
5-6	439-444	velis	
5-7	444-445	,	
5-8	446-448	ac	
5-9	449-454	púpoy	
5-10	455-459	etiá	
5-11	460-461	a	
5-12	462-467	múeea	
5-13	468-476	deriuari	
5-14	477-486	contendas	
5-15	486-487	,	
5-16	488-499	peruicaciùs	
5-17	500-503	non	
5-18	504-514	recuso.nes	
5-19	515-517	go	
5-20	518-523	tamen	
5-21	524-525	;	
5-22	526-533	myrrham	
5-23	534-543	próprereà	
5-24	544-553	iucundiùs	
5-25	554-559	olere	
5-26	560-563	quo	
5-27	564-567	uis	
5-28	568-575	ballamo	
5-29	575-576	.	

#Text=Neque enim
#Text=
#Text=
#Text=
#Text=My
#Text=
#Text=
#Text=
#Text=
#Text=
#Text=cur à
#Text=
#Text=
#Text=
#Text=Mugenfisca' ideo a myrrha de- mugenfeest ducitur , quod prae ceteris
#Text=
#Text=σμύρνής και haec fuauiter oleat , fed Quia mutta runguenta conficiuntur ex myrrha, vt eft apud Athen naeum lib. xv.
6-1	577-582	Neque	
6-2	583-587	enim	
6-3	591-593	My	
6-4	599-602	cur	
6-5	603-604	à	
6-6	608-618	Mugenfisca	
6-7	618-619	'	
6-8	620-624	ideo	
6-9	625-626	a	
6-10	627-633	myrrha	
6-11	634-636	de	
6-12	636-637	-	
6-13	638-648	mugenfeest	
6-14	649-656	ducitur	
6-15	657-658	,	
6-16	659-663	quod	
6-17	664-668	prae	
6-18	669-676	ceteris	
6-19	678-685	σμύρνής	
6-20	686-689	και	
6-21	690-694	haec	
6-22	695-703	fuauiter	
6-23	704-709	oleat	
6-24	710-711	,	
6-25	712-715	fed	
6-26	716-720	Quia	
6-27	721-726	mutta	
6-28	727-736	runguenta	
6-29	737-749	conficiuntur	
6-30	750-752	ex	
6-31	753-759	myrrha	
6-32	759-760	,	
6-33	761-763	vt	
6-34	764-767	eft	
6-35	768-772	apud	
6-36	773-778	Athen	
6-37	779-784	naeum	
6-38	785-788	lib	
6-39	788-789	.	
6-40	790-792	xv	
6-41	792-793	.	

#Text=Quod fanè magis copiam aptamques materiā, quàmodoris
#Text=
#Text=praea tantiani attetatur.
7-1	794-798	Quod	
7-2	799-803	fanè	
7-3	804-809	magis	
7-4	810-816	copiam	
7-5	817-826	aptamques	
7-6	827-834	materiā	
7-7	834-835	,	
7-8	836-846	quàmodoris	
7-9	848-853	praea	
7-10	854-862	tantiani	
7-11	863-872	attetatur	
7-12	872-873	.	

#Text=Sic Báu Clans vn
#Text=
#Text=guentaria davos pugent exist Glans unguentaria dicta est , non quia odoris fuauitate praestet ( nihil enim oletignaviùs ) sed quia materia est nata, apta , factá ad pleraque vnguenta condienda.
8-1	874-877	Sic	
8-2	878-881	Báu	
8-3	882-887	Clans	
8-4	888-890	vn	
8-5	892-901	guentaria	
8-6	902-907	davos	
8-7	908-914	pugent	
8-8	915-920	exist	
8-9	921-926	Glans	
8-10	927-938	unguentaria	
8-11	939-944	dicta	
8-12	945-948	est	
8-13	949-950	,	
8-14	951-954	non	
8-15	955-959	quia	
8-16	960-966	odoris	
8-17	967-976	fuauitate	
8-18	977-985	praestet	
8-19	986-987	(	
8-20	988-993	nihil	
8-21	994-998	enim	
8-22	999-1011	oletignaviùs	
8-23	1012-1013	)	
8-24	1014-1017	sed	
8-25	1018-1022	quia	
8-26	1023-1030	materia	
8-27	1031-1034	est	
8-28	1035-1039	nata	
8-29	1039-1040	,	
8-30	1041-1045	apta	
8-31	1046-1047	,	
8-32	1048-1053	factá	
8-33	1054-1056	ad	
8-34	1057-1065	pleraque	
8-35	1066-1074	vnguenta	
8-36	1075-1084	condienda	
8-37	1084-1085	.	

#Text=Quarè myrrha ficuti no propter odoris praem ftantiam nomen pofuit vnguentariae; ica non propter
#Text=
#Text=
#Text=
#Text=
#Text=
#Text=DA
#Text=
#Text=
#Text=
#Text=
#Text=
#Text=myrrha .
#Text=uius.
9-1	1086-1091	Quarè	
9-2	1092-1098	myrrha	
9-3	1099-1105	ficuti	
9-4	1106-1108	no	
9-5	1109-1116	propter	
9-6	1117-1123	odoris	
9-7	1124-1129	praem	
9-8	1130-1138	ftantiam	
9-9	1139-1144	nomen	
9-10	1145-1151	pofuit	
9-11	1152-1164	vnguentariae	
9-12	1164-1165	;	
9-13	1166-1169	ica	
9-14	1170-1173	non	
9-15	1174-1181	propter	
9-16	1187-1189	DA	
9-17	1195-1201	myrrha	
9-18	1202-1203	.	
9-19	1204-1208	uius	
9-20	1208-1209	.	

#Text=Balsamum nomen positum balfamo
#Text=
#Text=suauiùs olere cenfenda eft: Reuerà autem Balsamuni odoris fuauitate myrrham antecellere,ex eo palám eft, quod ipsam Stacten , quae puriffimus , ac pinguiffiinus est myrrhae flos, longè praestet, vt mox proba
#Text=
#Text=
#Text=
#Text=bo
#Text=
#Text=
#Text=
#Text=De Stacte.
10-1	1210-1218	Balsamum	
10-2	1219-1224	nomen	
10-3	1225-1232	positum	
10-4	1233-1240	balfamo	
10-5	1242-1249	suauiùs	
10-6	1250-1255	olere	
10-7	1256-1264	cenfenda	
10-8	1265-1268	eft	
10-9	1268-1269	:	
10-10	1270-1276	Reuerà	
10-11	1277-1282	autem	
10-12	1283-1292	Balsamuni	
10-13	1293-1299	odoris	
10-14	1300-1309	fuauitate	
10-15	1310-1317	myrrham	
10-16	1318-1329	antecellere	
10-17	1329-1330	,	
10-18	1330-1332	ex	
10-19	1333-1335	eo	
10-20	1336-1341	palám	
10-21	1342-1345	eft	
10-22	1345-1346	,	
10-23	1347-1351	quod	
10-24	1352-1357	ipsam	
10-25	1358-1365	Stacten	
10-26	1366-1367	,	
10-27	1368-1372	quae	
10-28	1373-1383	puriffimus	
10-29	1384-1385	,	
10-30	1386-1388	ac	
10-31	1389-1402	pinguiffiinus	
10-32	1403-1406	est	
10-33	1407-1414	myrrhae	
10-34	1415-1419	flos	
10-35	1419-1420	,	
10-36	1421-1426	longè	
10-37	1427-1435	praestet	
10-38	1435-1436	,	
10-39	1437-1439	vt	
10-40	1440-1443	mox	
10-41	1444-1449	proba	
10-42	1453-1455	bo	
10-43	1459-1461	De	
10-44	1462-1468	Stacte	
10-45	1468-1469	.	

#Text=De ftacte igitur differen
#Text=
#Text=dum: differendum autem paullò accuratiùs, tum quia pauci, ijque exiliter de cas scripserunt; tum quia apud eos ; a quibus fcriptum eft, fummis , difficillimisques nodis impedita -videtur.
11-1	1470-1472	De	
11-2	1473-1479	ftacte	
11-3	1480-1486	igitur	
11-4	1487-1495	differen	
11-5	1497-1500	dum	
11-6	1500-1501	:	
11-7	1502-1513	differendum	
11-8	1514-1519	autem	
11-9	1520-1526	paullò	
11-10	1527-1537	accuratiùs	
11-11	1537-1538	,	
11-12	1539-1542	tum	
11-13	1543-1547	quia	
11-14	1548-1553	pauci	
11-15	1553-1554	,	
11-16	1555-1560	ijque	
11-17	1561-1569	exiliter	
11-18	1570-1572	de	
11-19	1573-1576	cas	
11-20	1577-1588	scripserunt	
11-21	1588-1589	;	
11-22	1590-1593	tum	
11-23	1594-1598	quia	
11-24	1599-1603	apud	
11-25	1604-1607	eos	
11-26	1608-1609	;	
11-27	1610-1611	a	
11-28	1612-1618	quibus	
11-29	1619-1627	fcriptum	
11-30	1628-1631	eft	
11-31	1631-1632	,	
11-32	1633-1639	fummis	
11-33	1640-1641	,	
11-34	1642-1659	difficillimisques	
11-35	1660-1665	nodis	
11-36	1666-1674	impedita	
11-37	1675-1676	-	
11-38	1676-1683	videtur	
11-39	1683-1684	.	

#Text=Haec igitur de Stacte exa
#Text=
#Text=
#Text=
#Text=
#Text=
#Text=.
#Text=minare confiliüni eft: pri
#Text=
#Text=mum, An ex myrrha lacrymas
#Text=
#Text=fias,an potius ex arbore sporite fluan
#Text=
#Text=alterum; Nam etiam ex cinnt.
#Text=momo Stillare poffit: tertiumy
#Text=
#Text=An bene olčal: poftremum An
#Text=
#Text=meliùs balsamo : "Ordine, bre.
#Text=uique fingula percurramius.
12-1	1685-1689	Haec	
12-2	1690-1696	igitur	
12-3	1697-1699	de	
12-4	1700-1706	Stacte	
12-5	1707-1710	exa	
12-6	1716-1717	.	
12-7	1718-1724	minare	
12-8	1725-1735	confiliüni	
12-9	1736-1739	eft	
12-10	1739-1740	:	
12-11	1741-1744	pri	
12-12	1746-1749	mum	
12-13	1749-1750	,	
12-14	1751-1753	An	
12-15	1754-1756	ex	
12-16	1757-1763	myrrha	
12-17	1764-1772	lacrymas	
12-18	1774-1778	fias	
12-19	1778-1779	,	
12-20	1779-1781	an	
12-21	1782-1788	potius	
12-22	1789-1791	ex	
12-23	1792-1798	arbore	
12-24	1799-1806	sporite	
12-25	1807-1812	fluan	
12-26	1814-1821	alterum	
12-27	1821-1822	;	
12-28	1823-1826	Nam	
12-29	1827-1832	etiam	
12-30	1833-1835	ex	
12-31	1836-1841	cinnt	
12-32	1841-1842	.	
12-33	1843-1847	momo	
12-34	1848-1856	Stillare	
12-35	1857-1863	poffit	
12-36	1863-1864	:	
12-37	1865-1873	tertiumy	
12-38	1875-1877	An	
12-39	1878-1882	bene	
12-40	1883-1888	olčal	
12-41	1888-1889	:	
12-42	1890-1899	poftremum	
12-43	1900-1902	An	
12-44	1904-1910	meliùs	
12-45	1911-1918	balsamo	
12-46	1919-1920	:	
12-47	1921-1922	"	
12-48	1922-1928	Ordine	
12-49	1928-1929	,	
12-50	1930-1933	bre	
12-51	1933-1934	.	
12-52	1935-1940	uique	
12-53	1941-1948	fingula	
12-54	1949-1961	percurramius	
12-55	1961-1962	.	

#Text=Plinius lib. xii.
13-1	1963-1970	Plinius	
13-2	1971-1974	lib	
13-3	1974-1975	.	
13-4	1976-1979	xii	
13-5	1979-1980	.	
