#FORMAT=WebAnno TSV 3.3
#T_SP=custom.Span|label
#T_RL=custom.Relation|label|BT_custom.Span


#Text=plurima quid opus?
1-1	2-9	plurima	_	_	_	
1-2	10-14	quid	_	_	_	
1-3	15-19	opus	_	_	_	
1-4	19-20	?	_	_	_	

#Text=Nullus Myrrha bal: enim ex antiquis ex recencioribus nullus myrrham fuauitate odorum aequauit balfamo, nedum praepofuit.
2-1	21-27	Nullus	_	_	_	
2-2	28-34	Myrrha	_	_	_	
2-3	35-38	bal	_	_	_	
2-4	38-39	:	_	_	_	
2-5	40-44	enim	_	_	_	
2-6	45-47	ex	_	_	_	
2-7	48-56	antiquis	_	_	_	
2-8	57-59	ex	_	_	_	
2-9	60-73	recencioribus	_	_	_	
2-10	74-80	nullus	_	_	_	
2-11	81-88	myrrham	Smell\_Source	_	_	
2-12	89-98	fuauitate	Quality	_	_	
2-13	99-105	odorum	Smell\_Word	*|*|*	2-12|2-11|2-15	
2-14	106-114	aequauit	_	_	_	
2-15	115-122	balfamo	Smell\_Source	_	_	
2-16	122-123	,	_	_	_	
2-17	124-129	nedum	_	_	_	
2-18	130-140	praepofuit	_	_	_	
2-19	140-141	.	_	_	_	

#Text=Qui verò aiunt este praeponendam, nulla fiue ratione, fiue auctoritate ful.
#Text=cti, audiant illud Ciceronis, Lib. i. de' Diogenes ait , Antipater negat .
3-1	142-145	Qui	_	_	_	
3-2	146-150	verò	_	_	_	
3-3	151-156	aiunt	_	_	_	
3-4	157-161	este	_	_	_	
3-5	162-174	praeponendam	_	_	_	
3-6	174-175	,	_	_	_	
3-7	176-181	nulla	_	_	_	
3-8	182-186	fiue	_	_	_	
3-9	187-194	ratione	_	_	_	
3-10	194-195	,	_	_	_	
3-11	196-200	fiue	_	_	_	
3-12	201-212	auctoritate	_	_	_	
3-13	213-216	ful	_	_	_	
3-14	216-217	.	_	_	_	
3-15	218-221	cti	_	_	_	
3-16	221-222	,	_	_	_	
3-17	223-230	audiant	_	_	_	
3-18	231-236	illud	_	_	_	
3-19	237-246	Ciceronis	_	_	_	
3-20	246-247	,	_	_	_	
3-21	248-251	Lib	_	_	_	
3-22	251-252	.	_	_	_	
3-23	253-254	i	_	_	_	
3-24	254-255	.	_	_	_	
3-25	256-258	de	_	_	_	
3-26	258-259	'	_	_	_	
3-27	260-268	Diogenes	_	_	_	
3-28	269-272	ait	_	_	_	
3-29	273-274	,	_	_	_	
3-30	275-284	Antipater	_	_	_	
3-31	285-290	negat	_	_	_	
3-32	291-292	.	_	_	_	

#Text=Nonenim i am auctoris in difpun lib. 1. de tando , quàm rationis momentando quaerenda funt.
4-1	293-300	Nonenim	_	_	_	
4-2	301-302	i	_	_	_	
4-3	303-305	am	_	_	_	
4-4	306-314	auctoris	_	_	_	
4-5	315-317	in	_	_	_	
4-6	318-324	difpun	_	_	_	
4-7	325-328	lib	_	_	_	
4-8	328-329	.	_	_	_	
4-9	330-331	1	_	_	_	
4-10	331-332	.	_	_	_	
4-11	333-335	de	_	_	_	
4-12	336-341	tando	_	_	_	
4-13	342-343	,	_	_	_	
4-14	344-348	quàm	_	_	_	
4-15	349-357	rationis	_	_	_	
4-16	358-368	momentando	_	_	_	
4-17	369-378	quaerenda	_	_	_	
4-18	379-383	funt	_	_	_	
4-19	383-384	.	_	_	_	

#Text=Mugintinai Vnguentaria, e Ars vnguen Músece deriuata , a viris do.
#Text=dicatur, ctis mihi non femel obiecta eft: nam fi myrrha nonien pofuit-arti ; odoramentas condienti, eam effe omniú
#Text=
#Text=odo.
5-1	385-395	Mugintinai	_	_	_	
5-2	396-407	Vnguentaria	_	_	_	
5-3	407-408	,	_	_	_	
5-4	409-410	e	_	_	_	
5-5	411-414	Ars	_	_	_	
5-6	415-421	vnguen	_	_	_	
5-7	422-428	Músece	_	_	_	
5-8	429-437	deriuata	_	_	_	
5-9	438-439	,	_	_	_	
5-10	440-441	a	_	_	_	
5-11	442-447	viris	_	_	_	
5-12	448-450	do	_	_	_	
5-13	450-451	.	_	_	_	
5-14	452-459	dicatur	_	_	_	
5-15	459-460	,	_	_	_	
5-16	461-465	ctis	_	_	_	
5-17	466-470	mihi	_	_	_	
5-18	471-474	non	_	_	_	
5-19	475-480	femel	_	_	_	
5-20	481-488	obiecta	_	_	_	
5-21	489-492	eft	_	_	_	
5-22	492-493	:	_	_	_	
5-23	494-497	nam	_	_	_	
5-24	498-500	fi	_	_	_	
5-25	501-507	myrrha	Smell\_Source	_	_	
5-26	508-514	nonien	_	_	_	
5-27	515-526	pofuit-arti	_	_	_	
5-28	527-528	;	_	_	_	
5-29	529-540	odoramentas	Smell\_Source[1]|Smell\_Word[2]	*	5-29[1_2]	
5-30	541-550	condienti	_	_	_	
5-31	550-551	,	_	_	_	
5-32	552-555	eam	Smell\_Source	Anaphoric	5-25	
5-33	556-560	effe	_	_	_	
5-34	561-566	omniú	_	_	_	
5-35	568-571	odo	_	_	_	
5-36	571-572	.	_	_	_	

#Text=Nat.
6-1	573-576	Nat	_	_	_	
6-2	576-577	.	_	_	_	

#Text=Deor.
#Text=1
#Text=
#Text=
#Text=
#Text=
#Text=
#Text=D3
#Text=
#Text=
#Text=
#Text=
#Text=
#Text=lib, XV.
#Text=odoratissimam , aut certè Múzeafoss odoratiorem balsamo, ne.
#Text=vnde dicta
#Text=
#Text=cesse putant, Sed pupeaf wan' püqor potius , quàm muggae nomen videtur impofuifle.
7-1	578-582	Deor	_	_	_	
7-2	582-583	.	_	_	_	
7-3	584-585	1	_	_	_	
7-4	591-593	D3	_	_	_	
7-5	599-602	lib	_	_	_	
7-6	602-603	,	_	_	_	
7-7	604-606	XV	_	_	_	
7-8	606-607	.	_	_	_	
7-9	608-621	odoratissimam	Smell\_Word[3]|Quality[4]	*|*	5-32[0_3]|7-9[4_3]	
7-10	622-623	,	_	_	_	
7-11	624-627	aut	_	_	_	
7-12	628-633	certè	_	_	_	
7-13	634-643	Múzeafoss	_	_	_	
7-14	644-655	odoratiorem	Smell\_Word[5]|Quality[6]	*|*|*	5-32[0_5]|7-15[0_5]|7-14[6_5]	
7-15	656-663	balsamo	Smell\_Source	_	_	
7-16	663-664	,	_	_	_	
7-17	665-667	ne	_	_	_	
7-18	667-668	.	_	_	_	
7-19	669-673	vnde	_	_	_	
7-20	674-679	dicta	_	_	_	
7-21	681-686	cesse	_	_	_	
7-22	687-693	putant	_	_	_	
7-23	693-694	,	_	_	_	
7-24	695-698	Sed	_	_	_	
7-25	699-705	pupeaf	_	_	_	
7-26	706-709	wan	_	_	_	
7-27	709-710	'	_	_	_	
7-28	711-716	püqor	_	_	_	
7-29	717-723	potius	_	_	_	
7-30	724-725	,	_	_	_	
7-31	726-730	quàm	_	_	_	
7-32	731-737	muggae	_	_	_	
7-33	738-743	nomen	_	_	_	
7-34	744-751	videtur	_	_	_	
7-35	752-762	impofuifle	_	_	_	
7-36	762-763	.	_	_	_	

#Text=Múpov autem ita dictum,tradit Chryfippus apud Athenaeum, Quia gera wordã nó fey tej córe patrus gluetoy, mub, to, labore & inani Audio paretur.
8-1	764-769	Múpov	_	_	_	
8-2	770-775	autem	_	_	_	
8-3	776-779	ita	_	_	_	
8-4	780-786	dictum	_	_	_	
8-5	786-787	,	_	_	_	
8-6	787-793	tradit	_	_	_	
8-7	794-804	Chryfippus	_	_	_	
8-8	805-809	apud	_	_	_	
8-9	810-819	Athenaeum	_	_	_	
8-10	819-820	,	_	_	_	
8-11	821-825	Quia	_	_	_	
8-12	826-830	gera	_	_	_	
8-13	831-836	wordã	_	_	_	
8-14	837-839	nó	_	_	_	
8-15	840-843	fey	_	_	_	
8-16	844-847	tej	_	_	_	
8-17	848-852	córe	_	_	_	
8-18	853-859	patrus	_	_	_	
8-19	860-867	gluetoy	_	_	_	
8-20	867-868	,	_	_	_	
8-21	869-872	mub	_	_	_	
8-22	872-873	,	_	_	_	
8-23	874-876	to	_	_	_	
8-24	876-877	,	_	_	_	
8-25	878-884	labore	_	_	_	
8-26	885-886	&	_	_	_	
8-27	887-892	inani	_	_	_	
8-28	893-898	Audio	_	_	_	
8-29	899-906	paretur	_	_	_	
8-30	906-907	.	_	_	_	

#Text=Quòd fi Chryfippum ve bo Chryfippus num Stoicum ,ita malum reprehea.
9-1	908-912	Quòd	_	_	_	
9-2	913-915	fi	_	_	_	
9-3	916-926	Chryfippum	_	_	_	
9-4	927-929	ve	_	_	_	
9-5	930-932	bo	_	_	_	
9-6	933-943	Chryfippus	_	_	_	
9-7	944-947	num	_	_	_	
9-8	948-955	Stoicum	_	_	_	
9-9	956-957	,	_	_	_	
9-10	957-960	ita	_	_	_	
9-11	961-966	malum	_	_	_	
9-12	967-975	reprehea	_	_	_	
9-13	975-976	.	_	_	_	

#Text=Grammaticum cum Casau
#Text=
#Text=bono esse velis, ac púpoy etiá a múeea deriuari contendas, peruicaciùs non recuso.nes go tamen ; myrrham próprereà iucundiùs olere quo uis ballamo.
10-1	977-988	Grammaticum	_	_	_	
10-2	989-992	cum	_	_	_	
10-3	993-998	Casau	_	_	_	
10-4	1000-1004	bono	_	_	_	
10-5	1005-1009	esse	_	_	_	
10-6	1010-1015	velis	_	_	_	
10-7	1015-1016	,	_	_	_	
10-8	1017-1019	ac	_	_	_	
10-9	1020-1025	púpoy	_	_	_	
10-10	1026-1030	etiá	_	_	_	
10-11	1031-1032	a	_	_	_	
10-12	1033-1038	múeea	_	_	_	
10-13	1039-1047	deriuari	_	_	_	
10-14	1048-1057	contendas	_	_	_	
10-15	1057-1058	,	_	_	_	
10-16	1059-1070	peruicaciùs	_	_	_	
10-17	1071-1074	non	_	_	_	
10-18	1075-1085	recuso.nes	_	_	_	
10-19	1086-1088	go	_	_	_	
10-20	1089-1094	tamen	_	_	_	
10-21	1095-1096	;	_	_	_	
10-22	1097-1104	myrrham	Smell\_Source	_	_	
10-23	1105-1114	próprereà	_	_	_	
10-24	1115-1124	iucundiùs	Quality	_	_	
10-25	1125-1130	olere	Smell\_Word	*|*|*	10-24|10-22|10-26[7_0]	
10-26	1131-1134	quo	Smell\_Source[7]	_	_	
10-27	1135-1138	uis	Smell\_Source[7]	_	_	
10-28	1139-1146	ballamo	Smell\_Source[7]	_	_	
10-29	1146-1147	.	_	_	_	

#Text=Neque enim
#Text=
#Text=
#Text=
#Text=My
#Text=
#Text=
#Text=
#Text=
#Text=
#Text=cur à
#Text=
#Text=
#Text=
#Text=Mugenfisca' ideo a myrrha de- mugenfeest ducitur , quod prae ceteris
#Text=
#Text=σμύρνής και haec fuauiter oleat , fed Quia mutta runguenta conficiuntur ex myrrha, vt eft apud Athen naeum lib. xv.
11-1	1148-1153	Neque	_	_	_	
11-2	1154-1158	enim	_	_	_	
11-3	1162-1164	My	_	_	_	
11-4	1170-1173	cur	_	_	_	
11-5	1174-1175	à	_	_	_	
11-6	1179-1189	Mugenfisca	_	_	_	
11-7	1189-1190	'	_	_	_	
11-8	1191-1195	ideo	_	_	_	
11-9	1196-1197	a	_	_	_	
11-10	1198-1204	myrrha	Smell\_Source	_	_	
11-11	1205-1207	de	_	_	_	
11-12	1207-1208	-	_	_	_	
11-13	1209-1219	mugenfeest	_	_	_	
11-14	1220-1227	ducitur	_	_	_	
11-15	1228-1229	,	_	_	_	
11-16	1230-1234	quod	_	_	_	
11-17	1235-1239	prae	Quality[8]	_	_	
11-18	1240-1247	ceteris	Quality[8]	_	_	
11-19	1249-1256	σμύρνής	_	_	_	
11-20	1257-1260	και	_	_	_	
11-21	1261-1265	haec	Smell\_Source	Anaphoric	11-10	
11-22	1266-1274	fuauiter	Quality	_	_	
11-23	1275-1280	oleat	Smell\_Word	*|*|*	11-22|11-21|11-17[8_0]	
11-24	1281-1282	,	_	_	_	
11-25	1283-1286	fed	_	_	_	
11-26	1287-1291	Quia	_	_	_	
11-27	1292-1297	mutta	_	_	_	
11-28	1298-1307	runguenta	_	_	_	
11-29	1308-1320	conficiuntur	_	_	_	
11-30	1321-1323	ex	_	_	_	
11-31	1324-1330	myrrha	_	_	_	
11-32	1330-1331	,	_	_	_	
11-33	1332-1334	vt	_	_	_	
11-34	1335-1338	eft	_	_	_	
11-35	1339-1343	apud	_	_	_	
11-36	1344-1349	Athen	_	_	_	
11-37	1350-1355	naeum	_	_	_	
11-38	1356-1359	lib	_	_	_	
11-39	1359-1360	.	_	_	_	
11-40	1361-1363	xv	_	_	_	
11-41	1363-1364	.	_	_	_	

#Text=Quod fanè magis copiam aptamques materiā, quàmodoris
#Text=
#Text=praea tantiani attetatur.
12-1	1365-1369	Quod	_	_	_	
12-2	1370-1374	fanè	_	_	_	
12-3	1375-1380	magis	_	_	_	
12-4	1381-1387	copiam	_	_	_	
12-5	1388-1397	aptamques	_	_	_	
12-6	1398-1405	materiā	_	_	_	
12-7	1405-1406	,	_	_	_	
12-8	1407-1417	quàmodoris	Smell\_Word	*	12-9[9_0]	
12-9	1419-1424	praea	Quality[9]	_	_	
12-10	1425-1433	tantiani	Quality[9]	_	_	
12-11	1434-1443	attetatur	_	_	_	
12-12	1443-1444	.	_	_	_	

#Text=Sic Báu Clans vn
#Text=
#Text=guentaria davos pugent exist Glans unguentaria dicta est , non quia odoris fuauitate praestet ( nihil enim oletignaviùs ) sed quia materia est nata, apta , factá ad pleraque vnguenta condienda.
13-1	1445-1448	Sic	_	_	_	
13-2	1449-1452	Báu	_	_	_	
13-3	1453-1458	Clans	_	_	_	
13-4	1459-1461	vn	_	_	_	
13-5	1463-1472	guentaria	_	_	_	
13-6	1473-1478	davos	_	_	_	
13-7	1479-1485	pugent	_	_	_	
13-8	1486-1491	exist	_	_	_	
13-9	1492-1497	Glans	Smell\_Source[10]	_	_	
13-10	1498-1509	unguentaria	Smell\_Source[10]	_	_	
13-11	1510-1515	dicta	_	_	_	
13-12	1516-1519	est	_	_	_	
13-13	1520-1521	,	_	_	_	
13-14	1522-1525	non	_	_	_	
13-15	1526-1530	quia	_	_	_	
13-16	1531-1537	odoris	Smell\_Word	*|*	13-17|13-9[10_0]	
13-17	1538-1547	fuauitate	Quality	_	_	
13-18	1548-1556	praestet	_	_	_	
13-19	1557-1558	(	_	_	_	
13-20	1559-1564	nihil	_	_	_	
13-21	1565-1569	enim	_	_	_	
13-22	1570-1582	oletignaviùs	Smell\_Word[11]|Quality[12]	*	13-22[12_11]	
13-23	1583-1584	)	_	_	_	
13-24	1585-1588	sed	_	_	_	
13-25	1589-1593	quia	_	_	_	
13-26	1594-1601	materia	_	_	_	
13-27	1602-1605	est	_	_	_	
13-28	1606-1610	nata	_	_	_	
13-29	1610-1611	,	_	_	_	
13-30	1612-1616	apta	_	_	_	
13-31	1617-1618	,	_	_	_	
13-32	1619-1624	factá	_	_	_	
13-33	1625-1627	ad	_	_	_	
13-34	1628-1636	pleraque	_	_	_	
13-35	1637-1645	vnguenta	_	_	_	
13-36	1646-1655	condienda	_	_	_	
13-37	1655-1656	.	_	_	_	

#Text=Quarè myrrha ficuti no propter odoris praem ftantiam nomen pofuit vnguentariae; ica non propter
#Text=
#Text=
#Text=
#Text=
#Text=
#Text=DA
#Text=
#Text=
#Text=
#Text=
#Text=
#Text=myrrha .
#Text=uius.
14-1	1657-1662	Quarè	_	_	_	
14-2	1663-1669	myrrha	Smell\_Source	_	_	
14-3	1670-1676	ficuti	_	_	_	
14-4	1677-1679	no	_	_	_	
14-5	1680-1687	propter	_	_	_	
14-6	1688-1694	odoris	Smell\_Word	*|*	14-7[13_0]|14-2	
14-7	1695-1700	praem	Quality[13]	_	_	
14-8	1701-1709	ftantiam	Quality[13]	_	_	
14-9	1710-1715	nomen	_	_	_	
14-10	1716-1722	pofuit	_	_	_	
14-11	1723-1735	vnguentariae	_	_	_	
14-12	1735-1736	;	_	_	_	
14-13	1737-1740	ica	_	_	_	
14-14	1741-1744	non	_	_	_	
14-15	1745-1752	propter	_	_	_	
14-16	1758-1760	DA	_	_	_	
14-17	1766-1772	myrrha	_	_	_	
14-18	1773-1774	.	_	_	_	
14-19	1775-1779	uius	_	_	_	
14-20	1779-1780	.	_	_	_	
