#FORMAT=WebAnno TSV 3.3


#Text=ik gaf dus mijn leedwezen te kennen van 
#Text=dien voordeeligen koop te moeten afzien, waarover zich mijne kameraden, die wel 
#Text=wisten, dat de negerin haar kind niet mogt verkoopen,
#Text=regt vrolijk maakten.
1-1	2-4	ik	
1-2	5-8	gaf	
1-3	9-12	dus	
1-4	13-17	mijn	
1-5	18-27	leedwezen	
1-6	28-30	te	
1-7	31-37	kennen	
1-8	38-41	van	
1-9	43-47	dien	
1-10	48-60	voordeeligen	
1-11	61-65	koop	
1-12	66-68	te	
1-13	69-75	moeten	
1-14	76-82	afzien	
1-15	82-83	,	
1-16	84-92	waarover	
1-17	93-97	zich	
1-18	98-103	mijne	
1-19	104-113	kameraden	
1-20	113-114	,	
1-21	115-118	die	
1-22	119-122	wel	
1-23	124-130	wisten	
1-24	130-131	,	
1-25	132-135	dat	
1-26	136-138	de	
1-27	139-146	negerin	
1-28	147-151	haar	
1-29	152-156	kind	
1-30	157-161	niet	
1-31	162-166	mogt	
1-32	167-176	verkoopen	
1-33	176-177	,	
1-34	178-182	regt	
1-35	183-190	vrolijk	
1-36	191-198	maakten	
1-37	198-199	.	

#Text=De meesten verteerden het door hen ontvangen geld in de kroeg, anderen kochten 
#Text=er hemden en broeken voor, om hieraan later geen gebrek te hebben.
2-1	204-206	De	
2-2	207-214	meesten	
2-3	215-225	verteerden	
2-4	226-229	het	
2-5	230-234	door	
2-6	235-238	hen	
2-7	239-248	ontvangen	
2-8	249-253	geld	
2-9	254-256	in	
2-10	257-259	de	
2-11	260-265	kroeg	
2-12	265-266	,	
2-13	267-274	anderen	
2-14	275-282	kochten	
2-15	284-286	er	
2-16	287-293	hemden	
2-17	294-296	en	
2-18	297-304	broeken	
2-19	305-309	voor	
2-20	309-310	,	
2-21	311-313	om	
2-22	314-321	hieraan	
2-23	322-327	later	
2-24	328-332	geen	
2-25	333-339	gebrek	
2-26	340-342	te	
2-27	343-349	hebben	
2-28	349-350	.	

#Text=Dagelijks bragt men van de naburige plantagin allerlei vruchten in het fort, en ik 
#Text=besteedde er een groot gedeelte van mijn geld aan.
3-1	354-363	Dagelijks	
3-2	364-369	bragt	
3-3	370-373	men	
3-4	374-377	van	
3-5	378-380	de	
3-6	381-389	naburige	
3-7	390-399	plantagin	
3-8	400-408	allerlei	
3-9	409-417	vruchten	
3-10	418-420	in	
3-11	421-424	het	
3-12	425-429	fort	
3-13	429-430	,	
3-14	431-433	en	
3-15	434-436	ik	
3-16	438-447	besteedde	
3-17	448-450	er	
3-18	451-454	een	
3-19	455-460	groot	
3-20	461-469	gedeelte	
3-21	470-473	van	
3-22	474-478	mijn	
3-23	479-483	geld	
3-24	484-487	aan	
3-25	487-488	.	

#Text=Daar het niet geoorloofd was het 
#Text=fort te verlaten, klommen wij over de pallisaden, om de naburige plantagin te 
#Text=bezoeken.
4-1	489-493	Daar	
4-2	494-497	het	
4-3	498-502	niet	
4-4	503-513	geoorloofd	
4-5	514-517	was	
4-6	518-521	het	
4-7	523-527	fort	
4-8	528-530	te	
4-9	531-539	verlaten	
4-10	539-540	,	
4-11	541-548	klommen	
4-12	549-552	wij	
4-13	553-557	over	
4-14	558-560	de	
4-15	561-571	pallisaden	
4-16	571-572	,	
4-17	573-575	om	
4-18	576-578	de	
4-19	579-587	naburige	
4-20	588-597	plantagin	
4-21	598-600	te	
4-22	602-610	bezoeken	
4-23	610-611	.	

#Text=Mijne nieuwsgierigheid kende geene grenzen.
5-1	612-617	Mijne	
5-2	618-634	nieuwsgierigheid	
5-3	635-640	kende	
5-4	641-646	geene	
5-5	647-654	grenzen	
5-6	654-655	.	

#Text=Den eersten uitstap deed 
#Text=ik met eenige kameraden naar de suikerplantagie Zoelen, die aan de Commewijne, 
#Text=op ongeveer een half uur afstands van het fort ligt.
6-1	656-659	Den	
6-2	660-667	eersten	
6-3	668-675	uitstap	
6-4	676-680	deed	
6-5	682-684	ik	
6-6	685-688	met	
6-7	689-695	eenige	
6-8	696-705	kameraden	
6-9	706-710	naar	
6-10	711-713	de	
6-11	714-729	suikerplantagie	
6-12	730-736	Zoelen	
6-13	736-737	,	
6-14	738-741	die	
6-15	742-745	aan	
6-16	746-748	de	
6-17	749-759	Commewijne	
6-18	759-760	,	
6-19	762-764	op	
6-20	765-773	ongeveer	
6-21	774-777	een	
6-22	778-782	half	
6-23	783-786	uur	
6-24	787-795	afstands	
6-25	796-799	van	
6-26	800-803	het	
6-27	804-808	fort	
6-28	809-813	ligt	
6-29	813-814	.	

#Text=Bij elken stap ontdekte ik iets nieuws, iets dat ik nooit gezien had;
#Text=nu waren het 
#Text=krabben, die in de gaten van den dijk hunne schuilplaatsen hadden en hunne scharen 
#Text=dreigend ophieven, wanneer men hen te zeer naderde, dan groote hagedissen, dan 
#Text=wederom prachtige kapellen;
#Text=inzonderheid ook de menigte arendgieren, die volstrekt 
#Text=niet schuw waren, overal bleven zitten en naauwelijks uit den weg gingen, of op eene 
#Text=verbazende hoogte in de blaauwe lucht rondvlogen.
7-1	818-821	Bij	
7-2	822-827	elken	
7-3	828-832	stap	
7-4	833-841	ontdekte	
7-5	842-844	ik	
7-6	845-849	iets	
7-7	850-856	nieuws	
7-8	856-857	,	
7-9	858-862	iets	
7-10	863-866	dat	
7-11	867-869	ik	
7-12	870-875	nooit	
7-13	876-882	gezien	
7-14	883-886	had	
7-15	886-887	;	
7-16	888-890	nu	
7-17	891-896	waren	
7-18	897-900	het	
7-19	902-909	krabben	
7-20	909-910	,	
7-21	911-914	die	
7-22	915-917	in	
7-23	918-920	de	
7-24	921-926	gaten	
7-25	927-930	van	
7-26	931-934	den	
7-27	935-939	dijk	
7-28	940-945	hunne	
7-29	946-960	schuilplaatsen	
7-30	961-967	hadden	
7-31	968-970	en	
7-32	971-976	hunne	
7-33	977-984	scharen	
7-34	986-994	dreigend	
7-35	995-1003	ophieven	
7-36	1003-1004	,	
7-37	1005-1012	wanneer	
7-38	1013-1016	men	
7-39	1017-1020	hen	
7-40	1021-1023	te	
7-41	1024-1028	zeer	
7-42	1029-1036	naderde	
7-43	1036-1037	,	
7-44	1038-1041	dan	
7-45	1042-1048	groote	
7-46	1049-1059	hagedissen	
7-47	1059-1060	,	
7-48	1061-1064	dan	
7-49	1066-1073	wederom	
7-50	1074-1083	prachtige	
7-51	1084-1092	kapellen	
7-52	1092-1093	;	
7-53	1094-1106	inzonderheid	
7-54	1107-1110	ook	
7-55	1111-1113	de	
7-56	1114-1121	menigte	
7-57	1122-1133	arendgieren	
7-58	1133-1134	,	
7-59	1135-1138	die	
7-60	1139-1148	volstrekt	
7-61	1150-1154	niet	
7-62	1155-1160	schuw	
7-63	1161-1166	waren	
7-64	1166-1167	,	
7-65	1168-1174	overal	
7-66	1175-1181	bleven	
7-67	1182-1188	zitten	
7-68	1189-1191	en	
7-69	1192-1203	naauwelijks	
7-70	1204-1207	uit	
7-71	1208-1211	den	
7-72	1212-1215	weg	
7-73	1216-1222	gingen	
7-74	1222-1223	,	
7-75	1224-1226	of	
7-76	1227-1229	op	
7-77	1230-1234	eene	
7-78	1236-1246	verbazende	
7-79	1247-1253	hoogte	
7-80	1254-1256	in	
7-81	1257-1259	de	
7-82	1260-1267	blaauwe	
7-83	1268-1273	lucht	
7-84	1274-1284	rondvlogen	
7-85	1284-1285	.	

#Text=Door de banaanvelden, die het 
#Text=voedsel voor de negers van het fort opleveren, kwamen wij spoedig op eenen fraaijen, 
#Text=breeden boschweg, waar
#Text=
#Text=
#Text=
#Text=
#Text=wij eenen met bloemen als bezaaiden Cactus grandiflorus zagen, die de aangenaamste 
#Text=geuren verspreidde.
8-1	1286-1290	Door	
8-2	1291-1293	de	
8-3	1294-1306	banaanvelden	
8-4	1306-1307	,	
8-5	1308-1311	die	
8-6	1312-1315	het	
8-7	1317-1324	voedsel	
8-8	1325-1329	voor	
8-9	1330-1332	de	
8-10	1333-1339	negers	
8-11	1340-1343	van	
8-12	1344-1347	het	
8-13	1348-1352	fort	
8-14	1353-1362	opleveren	
8-15	1362-1363	,	
8-16	1364-1370	kwamen	
8-17	1371-1374	wij	
8-18	1375-1382	spoedig	
8-19	1383-1385	op	
8-20	1386-1391	eenen	
8-21	1392-1400	fraaijen	
8-22	1400-1401	,	
8-23	1403-1410	breeden	
8-24	1411-1419	boschweg	
8-25	1419-1420	,	
8-26	1421-1425	waar	
8-27	1430-1433	wij	
8-28	1434-1439	eenen	
8-29	1440-1443	met	
8-30	1444-1451	bloemen	
8-31	1452-1455	als	
8-32	1456-1465	bezaaiden	
8-33	1466-1472	Cactus	
8-34	1473-1485	grandiflorus	
8-35	1486-1491	zagen	
8-36	1491-1492	,	
8-37	1493-1496	die	
8-38	1497-1499	de	
8-39	1500-1512	aangenaamste	
8-40	1514-1520	geuren	
8-41	1521-1532	verspreidde	
8-42	1532-1533	.	

#Text=In de verte zag men de witte gebouwen der plantagie
#Text=Zoelen liggen, waarop eene 
#Text=breede laan van oranje- en pompelmoes-boomen uitliep.
9-1	1538-1540	In	
9-2	1541-1543	de	
9-3	1544-1549	verte	
9-4	1550-1553	zag	
9-5	1554-1557	men	
9-6	1558-1560	de	
9-7	1561-1566	witte	
9-8	1567-1575	gebouwen	
9-9	1576-1579	der	
9-10	1580-1589	plantagie	
9-11	1590-1596	Zoelen	
9-12	1597-1603	liggen	
9-13	1603-1604	,	
9-14	1605-1611	waarop	
9-15	1612-1616	eene	
9-16	1618-1624	breede	
9-17	1625-1629	laan	
9-18	1630-1633	van	
9-19	1634-1640	oranje	
9-20	1640-1641	-	
9-21	1642-1644	en	
9-22	1645-1662	pompelmoes-boomen	
9-23	1663-1670	uitliep	
9-24	1670-1671	.	

#Text=Deze boomen hingen vol 
#Text=rijpe vruchten, en wij plukten er zoo vele van als wij konden dragen.
10-1	1672-1676	Deze	
10-2	1677-1683	boomen	
10-3	1684-1690	hingen	
10-4	1691-1694	vol	
10-5	1696-1701	rijpe	
10-6	1702-1710	vruchten	
10-7	1710-1711	,	
10-8	1712-1714	en	
10-9	1715-1718	wij	
10-10	1719-1726	plukten	
10-11	1727-1729	er	
10-12	1730-1733	zoo	
10-13	1734-1738	vele	
10-14	1739-1742	van	
10-15	1743-1746	als	
10-16	1747-1750	wij	
10-17	1751-1757	konden	
10-18	1758-1764	dragen	
10-19	1764-1765	.	

#Text=Wij bezagen 
#Text=
#Text=het kookhuis en den molen, waarin wij nogtans weinig belang stelden.
11-1	1766-1769	Wij	
11-2	1770-1777	bezagen	
11-3	1780-1783	het	
11-4	1784-1792	kookhuis	
11-5	1793-1795	en	
11-6	1796-1799	den	
11-7	1800-1805	molen	
11-8	1805-1806	,	
11-9	1807-1813	waarin	
11-10	1814-1817	wij	
11-11	1818-1825	nogtans	
11-12	1826-1832	weinig	
11-13	1833-1839	belang	
11-14	1840-1847	stelden	
11-15	1847-1848	.	

#Text=Het is mogelijk, dat het veelvuldig gebruik van tropische vruchten nadeelig is voor 
#Text=hen, die zich pas hier bevinden, doch bij mij scheen dit niet het geval te zijn;
12-1	1853-1856	Het	
12-2	1857-1859	is	
12-3	1860-1868	mogelijk	
12-4	1868-1869	,	
12-5	1870-1873	dat	
12-6	1874-1877	het	
12-7	1878-1888	veelvuldig	
12-8	1889-1896	gebruik	
12-9	1897-1900	van	
12-10	1901-1910	tropische	
12-11	1911-1919	vruchten	
12-12	1920-1928	nadeelig	
12-13	1929-1931	is	
12-14	1932-1936	voor	
12-15	1938-1941	hen	
12-16	1941-1942	,	
12-17	1943-1946	die	
12-18	1947-1951	zich	
12-19	1952-1955	pas	
12-20	1956-1960	hier	
12-21	1961-1969	bevinden	
12-22	1969-1970	,	
12-23	1971-1975	doch	
12-24	1976-1979	bij	
12-25	1980-1983	mij	
12-26	1984-1990	scheen	
12-27	1991-1994	dit	
12-28	1995-1999	niet	
12-29	2000-2003	het	
12-30	2004-2009	geval	
12-31	2010-2012	te	
12-32	2013-2017	zijn	
12-33	2017-2018	;	
