#FORMAT=WebAnno TSV 3.3
#T_SP=custom.Span|label
#T_RL=custom.Relation|label|BT_custom.Span


#Text=8 Ille vero sumptum sanguinem respersit in populum, et ait : Hic est sanguis fœderis quod pepigit Dominus vobiscum super cunctis sermonibus his.
#Text=9 Ascenderuntque Moyses et Aaron, Nadab et Abiu, et septuaginta de senioribus Israël : 10 et viderunt Deum Israël : et sub pedibus ejus quasi opus lapidis sapphirini, et quasi cælum, cum serenum est.
#Text=11 Nec super eos qui procul recesserant de filiis Israël, misit manum suam, videruntque Deum, et comederunt, ac biberunt.
#Text=12 Dixit autem Dominus ad Moysen : Ascende ad me in montem, et esto ibi : daboque tibi tabulas lapideas, et legem, ac mandata quæ scripsi : ut doceas eos.
#Text=13 Surrexerunt Moyses et Josue minister ejus : ascendensque Moyses in montem Dei, 14 senioribus ait : Expectate hic donec revertamur ad vos.
1-1	2-3	8	_	_	_	
1-2	4-8	Ille	_	_	_	
1-3	9-13	vero	_	_	_	
1-4	14-21	sumptum	_	_	_	
1-5	22-31	sanguinem	_	_	_	
1-6	32-41	respersit	_	_	_	
1-7	42-44	in	_	_	_	
1-8	45-52	populum	_	_	_	
1-9	52-53	,	_	_	_	
1-10	54-56	et	_	_	_	
1-11	57-60	ait	_	_	_	
1-12	61-62	:	_	_	_	
1-13	63-66	Hic	_	_	_	
1-14	67-70	est	_	_	_	
1-15	71-78	sanguis	_	_	_	
1-16	79-86	fœderis	_	_	_	
1-17	87-91	quod	_	_	_	
1-18	92-99	pepigit	_	_	_	
1-19	100-107	Dominus	_	_	_	
1-20	108-116	vobiscum	_	_	_	
1-21	117-122	super	_	_	_	
1-22	123-130	cunctis	_	_	_	
1-23	131-141	sermonibus	_	_	_	
1-24	142-145	his	_	_	_	
1-25	145-146	.	_	_	_	
1-26	147-148	9	_	_	_	
1-27	149-163	Ascenderuntque	_	_	_	
1-28	164-170	Moyses	_	_	_	
1-29	171-173	et	_	_	_	
1-30	174-179	Aaron	_	_	_	
1-31	179-180	,	_	_	_	
1-32	181-186	Nadab	_	_	_	
1-33	187-189	et	_	_	_	
1-34	190-194	Abiu	_	_	_	
1-35	194-195	,	_	_	_	
1-36	196-198	et	_	_	_	
1-37	199-210	septuaginta	_	_	_	
1-38	211-213	de	_	_	_	
1-39	214-224	senioribus	_	_	_	
1-40	225-231	Israël	_	_	_	
1-41	232-233	:	_	_	_	
1-42	234-236	10	_	_	_	
1-43	237-239	et	_	_	_	
1-44	240-248	viderunt	_	_	_	
1-45	249-253	Deum	_	_	_	
1-46	254-260	Israël	_	_	_	
1-47	261-262	:	_	_	_	
1-48	263-265	et	_	_	_	
1-49	266-269	sub	_	_	_	
1-50	270-277	pedibus	_	_	_	
1-51	278-282	ejus	_	_	_	
1-52	283-288	quasi	_	_	_	
1-53	289-293	opus	_	_	_	
1-54	294-301	lapidis	_	_	_	
1-55	302-312	sapphirini	_	_	_	
1-56	312-313	,	_	_	_	
1-57	314-316	et	_	_	_	
1-58	317-322	quasi	_	_	_	
1-59	323-328	cælum	_	_	_	
1-60	328-329	,	_	_	_	
1-61	330-333	cum	_	_	_	
1-62	334-341	serenum	_	_	_	
1-63	342-345	est	_	_	_	
1-64	345-346	.	_	_	_	
1-65	347-349	11	_	_	_	
1-66	350-353	Nec	_	_	_	
1-67	354-359	super	_	_	_	
1-68	360-363	eos	_	_	_	
1-69	364-367	qui	_	_	_	
1-70	368-374	procul	_	_	_	
1-71	375-386	recesserant	_	_	_	
1-72	387-389	de	_	_	_	
1-73	390-396	filiis	_	_	_	
1-74	397-403	Israël	_	_	_	
1-75	403-404	,	_	_	_	
1-76	405-410	misit	_	_	_	
1-77	411-416	manum	_	_	_	
1-78	417-421	suam	_	_	_	
1-79	421-422	,	_	_	_	
1-80	423-434	videruntque	_	_	_	
1-81	435-439	Deum	_	_	_	
1-82	439-440	,	_	_	_	
1-83	441-443	et	_	_	_	
1-84	444-454	comederunt	_	_	_	
1-85	454-455	,	_	_	_	
1-86	456-458	ac	_	_	_	
1-87	459-467	biberunt	_	_	_	
1-88	467-468	.	_	_	_	
1-89	469-471	12	_	_	_	
1-90	472-477	Dixit	_	_	_	
1-91	478-483	autem	_	_	_	
1-92	484-491	Dominus	_	_	_	
1-93	492-494	ad	_	_	_	
1-94	495-501	Moysen	_	_	_	
1-95	502-503	:	_	_	_	
1-96	504-511	Ascende	_	_	_	
1-97	512-514	ad	_	_	_	
1-98	515-517	me	_	_	_	
1-99	518-520	in	_	_	_	
1-100	521-527	montem	_	_	_	
1-101	527-528	,	_	_	_	
1-102	529-531	et	_	_	_	
1-103	532-536	esto	_	_	_	
1-104	537-540	ibi	_	_	_	
1-105	541-542	:	_	_	_	
1-106	543-550	daboque	_	_	_	
1-107	551-555	tibi	_	_	_	
1-108	556-563	tabulas	_	_	_	
1-109	564-572	lapideas	_	_	_	
1-110	572-573	,	_	_	_	
1-111	574-576	et	_	_	_	
1-112	577-582	legem	_	_	_	
1-113	582-583	,	_	_	_	
1-114	584-586	ac	_	_	_	
1-115	587-594	mandata	_	_	_	
1-116	595-598	quæ	_	_	_	
1-117	599-606	scripsi	_	_	_	
1-118	607-608	:	_	_	_	
1-119	609-611	ut	_	_	_	
1-120	612-618	doceas	_	_	_	
1-121	619-622	eos	_	_	_	
1-122	622-623	.	_	_	_	
1-123	624-626	13	_	_	_	
1-124	627-638	Surrexerunt	_	_	_	
1-125	639-645	Moyses	_	_	_	
1-126	646-648	et	_	_	_	
1-127	649-654	Josue	_	_	_	
1-128	655-663	minister	_	_	_	
1-129	664-668	ejus	_	_	_	
1-130	669-670	:	_	_	_	
1-131	671-683	ascendensque	_	_	_	
1-132	684-690	Moyses	_	_	_	
1-133	691-693	in	_	_	_	
1-134	694-700	montem	_	_	_	
1-135	701-704	Dei	_	_	_	
1-136	704-705	,	_	_	_	
1-137	706-708	14	_	_	_	
1-138	709-719	senioribus	_	_	_	
1-139	720-723	ait	_	_	_	
1-140	724-725	:	_	_	_	
1-141	726-735	Expectate	_	_	_	
1-142	736-739	hic	_	_	_	
1-143	740-745	donec	_	_	_	
1-144	746-756	revertamur	_	_	_	
1-145	757-759	ad	_	_	_	
1-146	760-763	vos	_	_	_	
1-147	763-764	.	_	_	_	

#Text=Habetis Aaron et Hur vobiscum : si quid natum fuerit quæstionis, referetis ad eos.
#Text=15 Cumque ascendisset Moyses, operuit nubes montem, 16 et habitavit gloria Domini super Sinai, tegens illum nube sex diebus : septimo autem die vocavit eum de medio caliginis.
#Text=17 Erat autem species gloriæ Domini quasi ignis ardens super verticem montis in conspectu filiorum Israël.
#Text=18 Ingressusque Moyses medium nebulæ, ascendit in montem : et fuit ibi quadraginta diebus, et quadraginta noctibus.
2-1	765-772	Habetis	_	_	_	
2-2	773-778	Aaron	_	_	_	
2-3	779-781	et	_	_	_	
2-4	782-785	Hur	_	_	_	
2-5	786-794	vobiscum	_	_	_	
2-6	795-796	:	_	_	_	
2-7	797-799	si	_	_	_	
2-8	800-804	quid	_	_	_	
2-9	805-810	natum	_	_	_	
2-10	811-817	fuerit	_	_	_	
2-11	818-828	quæstionis	_	_	_	
2-12	828-829	,	_	_	_	
2-13	830-839	referetis	_	_	_	
2-14	840-842	ad	_	_	_	
2-15	843-846	eos	_	_	_	
2-16	846-847	.	_	_	_	
2-17	848-850	15	_	_	_	
2-18	851-857	Cumque	_	_	_	
2-19	858-869	ascendisset	_	_	_	
2-20	870-876	Moyses	_	_	_	
2-21	876-877	,	_	_	_	
2-22	878-885	operuit	_	_	_	
2-23	886-891	nubes	_	_	_	
2-24	892-898	montem	_	_	_	
2-25	898-899	,	_	_	_	
2-26	900-902	16	_	_	_	
2-27	903-905	et	_	_	_	
2-28	906-915	habitavit	_	_	_	
2-29	916-922	gloria	_	_	_	
2-30	923-929	Domini	_	_	_	
2-31	930-935	super	_	_	_	
2-32	936-941	Sinai	_	_	_	
2-33	941-942	,	_	_	_	
2-34	943-949	tegens	_	_	_	
2-35	950-955	illum	_	_	_	
2-36	956-960	nube	_	_	_	
2-37	961-964	sex	_	_	_	
2-38	965-971	diebus	_	_	_	
2-39	972-973	:	_	_	_	
2-40	974-981	septimo	_	_	_	
2-41	982-987	autem	_	_	_	
2-42	988-991	die	_	_	_	
2-43	992-999	vocavit	_	_	_	
2-44	1000-1003	eum	_	_	_	
2-45	1004-1006	de	_	_	_	
2-46	1007-1012	medio	_	_	_	
2-47	1013-1022	caliginis	_	_	_	
2-48	1022-1023	.	_	_	_	
2-49	1024-1026	17	_	_	_	
2-50	1027-1031	Erat	_	_	_	
2-51	1032-1037	autem	_	_	_	
2-52	1038-1045	species	_	_	_	
2-53	1046-1052	gloriæ	_	_	_	
2-54	1053-1059	Domini	_	_	_	
2-55	1060-1065	quasi	_	_	_	
2-56	1066-1071	ignis	_	_	_	
2-57	1072-1078	ardens	_	_	_	
2-58	1079-1084	super	_	_	_	
2-59	1085-1093	verticem	_	_	_	
2-60	1094-1100	montis	_	_	_	
2-61	1101-1103	in	_	_	_	
2-62	1104-1113	conspectu	_	_	_	
2-63	1114-1122	filiorum	_	_	_	
2-64	1123-1129	Israël	_	_	_	
2-65	1129-1130	.	_	_	_	
2-66	1131-1133	18	_	_	_	
2-67	1134-1146	Ingressusque	_	_	_	
2-68	1147-1153	Moyses	_	_	_	
2-69	1154-1160	medium	_	_	_	
2-70	1161-1167	nebulæ	_	_	_	
2-71	1167-1168	,	_	_	_	
2-72	1169-1177	ascendit	_	_	_	
2-73	1178-1180	in	_	_	_	
2-74	1181-1187	montem	_	_	_	
2-75	1188-1189	:	_	_	_	
2-76	1190-1192	et	_	_	_	
2-77	1193-1197	fuit	_	_	_	
2-78	1198-1201	ibi	_	_	_	
2-79	1202-1213	quadraginta	_	_	_	
2-80	1214-1220	diebus	_	_	_	
2-81	1220-1221	,	_	_	_	
2-82	1222-1224	et	_	_	_	
2-83	1225-1236	quadraginta	_	_	_	
2-84	1237-1245	noctibus	_	_	_	
2-85	1245-1246	.	_	_	_	

#Text=Caput 25
#Text=
#Text=
#Text=1 Locutusque est Dominus ad Moysen, dicens : 2 Loquere filiis Israël, ut tollant mihi primitias : ab omni homine qui offeret ultroneus, accipietis eas.
#Text=3 Hæc sunt autem quæ accipere debeatis : aurum, et argentum, et æs, 4 hyacinthum et purpuram, coccumque bis tinctum, et byssum, pilos caprarum, 5 et pelles arietum rubricatas, pellesque janthinas, et ligna setim : 6 oleum ad luminaria concinnanda : aromata in unguentum, et thymiamata boni odoris : 7 lapides onychinos, et gemmas ad ornandum ephod, ac rationale.
#Text=8 Facientque mihi sanctuarium, et habitabo in medio eorum : 9 juxta omnem similitudinem tabernaculi quod ostendam tibi, et omnium vasorum in cultum ejus.
3-1	1247-1252	Caput	_	_	_	
3-2	1253-1255	25	_	_	_	
3-3	1258-1259	1	_	_	_	
3-4	1260-1270	Locutusque	_	_	_	
3-5	1271-1274	est	_	_	_	
3-6	1275-1282	Dominus	_	_	_	
3-7	1283-1285	ad	_	_	_	
3-8	1286-1292	Moysen	_	_	_	
3-9	1292-1293	,	_	_	_	
3-10	1294-1300	dicens	_	_	_	
3-11	1301-1302	:	_	_	_	
3-12	1303-1304	2	_	_	_	
3-13	1305-1312	Loquere	_	_	_	
3-14	1313-1319	filiis	_	_	_	
3-15	1320-1326	Israël	_	_	_	
3-16	1326-1327	,	_	_	_	
3-17	1328-1330	ut	_	_	_	
3-18	1331-1338	tollant	_	_	_	
3-19	1339-1343	mihi	_	_	_	
3-20	1344-1353	primitias	_	_	_	
3-21	1354-1355	:	_	_	_	
3-22	1356-1358	ab	_	_	_	
3-23	1359-1363	omni	_	_	_	
3-24	1364-1370	homine	_	_	_	
3-25	1371-1374	qui	_	_	_	
3-26	1375-1382	offeret	_	_	_	
3-27	1383-1392	ultroneus	_	_	_	
3-28	1392-1393	,	_	_	_	
3-29	1394-1404	accipietis	_	_	_	
3-30	1405-1408	eas	_	_	_	
3-31	1408-1409	.	_	_	_	
3-32	1410-1411	3	_	_	_	
3-33	1412-1415	Hæc	_	_	_	
3-34	1416-1420	sunt	_	_	_	
3-35	1421-1426	autem	_	_	_	
3-36	1427-1430	quæ	_	_	_	
3-37	1431-1439	accipere	_	_	_	
3-38	1440-1448	debeatis	_	_	_	
3-39	1449-1450	:	_	_	_	
3-40	1451-1456	aurum	_	_	_	
3-41	1456-1457	,	_	_	_	
3-42	1458-1460	et	_	_	_	
3-43	1461-1469	argentum	_	_	_	
3-44	1469-1470	,	_	_	_	
3-45	1471-1473	et	_	_	_	
3-46	1474-1476	æs	_	_	_	
3-47	1476-1477	,	_	_	_	
3-48	1478-1479	4	_	_	_	
3-49	1480-1490	hyacinthum	_	_	_	
3-50	1491-1493	et	_	_	_	
3-51	1494-1502	purpuram	_	_	_	
3-52	1502-1503	,	_	_	_	
3-53	1504-1513	coccumque	_	_	_	
3-54	1514-1517	bis	_	_	_	
3-55	1518-1525	tinctum	_	_	_	
3-56	1525-1526	,	_	_	_	
3-57	1527-1529	et	_	_	_	
3-58	1530-1536	byssum	_	_	_	
3-59	1536-1537	,	_	_	_	
3-60	1538-1543	pilos	_	_	_	
3-61	1544-1552	caprarum	_	_	_	
3-62	1552-1553	,	_	_	_	
3-63	1554-1555	5	_	_	_	
3-64	1556-1558	et	_	_	_	
3-65	1559-1565	pelles	_	_	_	
3-66	1566-1573	arietum	_	_	_	
3-67	1574-1584	rubricatas	_	_	_	
3-68	1584-1585	,	_	_	_	
3-69	1586-1595	pellesque	_	_	_	
3-70	1596-1605	janthinas	_	_	_	
3-71	1605-1606	,	_	_	_	
3-72	1607-1609	et	_	_	_	
3-73	1610-1615	ligna	_	_	_	
3-74	1616-1621	setim	_	_	_	
3-75	1622-1623	:	_	_	_	
3-76	1624-1625	6	_	_	_	
3-77	1626-1631	oleum	_	_	_	
3-78	1632-1634	ad	_	_	_	
3-79	1635-1644	luminaria	_	_	_	
3-80	1645-1656	concinnanda	_	_	_	
3-81	1657-1658	:	_	_	_	
3-82	1659-1666	aromata	_	_	_	
3-83	1667-1669	in	_	_	_	
3-84	1670-1679	unguentum	_	_	_	
3-85	1679-1680	,	_	_	_	
3-86	1681-1683	et	_	_	_	
3-87	1684-1694	thymiamata	Smell\_Source	_	_	
3-88	1695-1699	boni	Quality	_	_	
3-89	1700-1706	odoris	Smell\_Word	*|*	3-88|3-87	
3-90	1707-1708	:	_	_	_	
3-91	1709-1710	7	_	_	_	
3-92	1711-1718	lapides	_	_	_	
3-93	1719-1728	onychinos	_	_	_	
3-94	1728-1729	,	_	_	_	
3-95	1730-1732	et	_	_	_	
3-96	1733-1739	gemmas	_	_	_	
3-97	1740-1742	ad	_	_	_	
3-98	1743-1751	ornandum	_	_	_	
3-99	1752-1757	ephod	_	_	_	
3-100	1757-1758	,	_	_	_	
3-101	1759-1761	ac	_	_	_	
3-102	1762-1771	rationale	_	_	_	
3-103	1771-1772	.	_	_	_	
3-104	1773-1774	8	_	_	_	
3-105	1775-1785	Facientque	_	_	_	
3-106	1786-1790	mihi	_	_	_	
3-107	1791-1802	sanctuarium	_	_	_	
3-108	1802-1803	,	_	_	_	
3-109	1804-1806	et	_	_	_	
3-110	1807-1815	habitabo	_	_	_	
3-111	1816-1818	in	_	_	_	
3-112	1819-1824	medio	_	_	_	
3-113	1825-1830	eorum	_	_	_	
3-114	1831-1832	:	_	_	_	
3-115	1833-1834	9	_	_	_	
3-116	1835-1840	juxta	_	_	_	
3-117	1841-1846	omnem	_	_	_	
3-118	1847-1860	similitudinem	_	_	_	
3-119	1861-1872	tabernaculi	_	_	_	
3-120	1873-1877	quod	_	_	_	
3-121	1878-1886	ostendam	_	_	_	
3-122	1887-1891	tibi	_	_	_	
3-123	1891-1892	,	_	_	_	
3-124	1893-1895	et	_	_	_	
3-125	1896-1902	omnium	_	_	_	
3-126	1903-1910	vasorum	_	_	_	
3-127	1911-1913	in	_	_	_	
3-128	1914-1920	cultum	_	_	_	
3-129	1921-1925	ejus	_	_	_	
3-130	1925-1926	.	_	_	_	

#Text=Sicque facietis illud : 10 arcam de lignis setim compingite, cujus longitudo habeat duos et semis cubitos : latitudo, cubitum et dimidium : altitudo, cubitum similiter ac semissem.
#Text=11 Et deaurabis eam auro mundissimo intus et foris : faciesque supra, coronam auream per circuitum : 12 et quatuor circulos aureos, quos pones per quatuor arcæ angulos : duo circuli sint in latere uno, et duo in altero.
#Text=13 Facies quoque vectes de lignis setim, et operies eos auro.
#Text=14 Inducesque per circulos qui sunt in arcæ lateribus, ut portetur in eis : 15 qui semper erunt in circulis, nec umquam extrahentur ab eis.
#Text=16 Ponesque in arca testificationem quam dabo tibi.
#Text=17 Facies et propitiatorium de auro mundissimo : duos cubitos et dimidium tenebit longitudo ejus, et cubitum ac semissem latitudo.
#Text=18 Duos quoque cherubim aureos et productiles facies, ex utraque parte oraculi.
#Text=19 Cherub unus sit in latere uno, et alter in altero.
4-1	1927-1933	Sicque	_	_	_	
4-2	1934-1942	facietis	_	_	_	
4-3	1943-1948	illud	_	_	_	
4-4	1949-1950	:	_	_	_	
4-5	1951-1953	10	_	_	_	
4-6	1954-1959	arcam	_	_	_	
4-7	1960-1962	de	_	_	_	
4-8	1963-1969	lignis	_	_	_	
4-9	1970-1975	setim	_	_	_	
4-10	1976-1986	compingite	_	_	_	
4-11	1986-1987	,	_	_	_	
4-12	1988-1993	cujus	_	_	_	
4-13	1994-2003	longitudo	_	_	_	
4-14	2004-2010	habeat	_	_	_	
4-15	2011-2015	duos	_	_	_	
4-16	2016-2018	et	_	_	_	
4-17	2019-2024	semis	_	_	_	
4-18	2025-2032	cubitos	_	_	_	
4-19	2033-2034	:	_	_	_	
4-20	2035-2043	latitudo	_	_	_	
4-21	2043-2044	,	_	_	_	
4-22	2045-2052	cubitum	_	_	_	
4-23	2053-2055	et	_	_	_	
4-24	2056-2064	dimidium	_	_	_	
4-25	2065-2066	:	_	_	_	
4-26	2067-2075	altitudo	_	_	_	
4-27	2075-2076	,	_	_	_	
4-28	2077-2084	cubitum	_	_	_	
4-29	2085-2094	similiter	_	_	_	
4-30	2095-2097	ac	_	_	_	
4-31	2098-2106	semissem	_	_	_	
4-32	2106-2107	.	_	_	_	
4-33	2108-2110	11	_	_	_	
4-34	2111-2113	Et	_	_	_	
4-35	2114-2123	deaurabis	_	_	_	
4-36	2124-2127	eam	_	_	_	
4-37	2128-2132	auro	_	_	_	
4-38	2133-2143	mundissimo	_	_	_	
4-39	2144-2149	intus	_	_	_	
4-40	2150-2152	et	_	_	_	
4-41	2153-2158	foris	_	_	_	
4-42	2159-2160	:	_	_	_	
4-43	2161-2170	faciesque	_	_	_	
4-44	2171-2176	supra	_	_	_	
4-45	2176-2177	,	_	_	_	
4-46	2178-2185	coronam	_	_	_	
4-47	2186-2192	auream	_	_	_	
4-48	2193-2196	per	_	_	_	
4-49	2197-2206	circuitum	_	_	_	
4-50	2207-2208	:	_	_	_	
4-51	2209-2211	12	_	_	_	
4-52	2212-2214	et	_	_	_	
4-53	2215-2222	quatuor	_	_	_	
4-54	2223-2231	circulos	_	_	_	
4-55	2232-2238	aureos	_	_	_	
4-56	2238-2239	,	_	_	_	
4-57	2240-2244	quos	_	_	_	
4-58	2245-2250	pones	_	_	_	
4-59	2251-2254	per	_	_	_	
4-60	2255-2262	quatuor	_	_	_	
4-61	2263-2267	arcæ	_	_	_	
4-62	2268-2275	angulos	_	_	_	
4-63	2276-2277	:	_	_	_	
4-64	2278-2281	duo	_	_	_	
4-65	2282-2289	circuli	_	_	_	
4-66	2290-2294	sint	_	_	_	
4-67	2295-2297	in	_	_	_	
4-68	2298-2304	latere	_	_	_	
4-69	2305-2308	uno	_	_	_	
4-70	2308-2309	,	_	_	_	
4-71	2310-2312	et	_	_	_	
4-72	2313-2316	duo	_	_	_	
4-73	2317-2319	in	_	_	_	
4-74	2320-2326	altero	_	_	_	
4-75	2326-2327	.	_	_	_	
4-76	2328-2330	13	_	_	_	
4-77	2331-2337	Facies	_	_	_	
4-78	2338-2344	quoque	_	_	_	
4-79	2345-2351	vectes	_	_	_	
4-80	2352-2354	de	_	_	_	
4-81	2355-2361	lignis	_	_	_	
4-82	2362-2367	setim	_	_	_	
4-83	2367-2368	,	_	_	_	
4-84	2369-2371	et	_	_	_	
4-85	2372-2379	operies	_	_	_	
4-86	2380-2383	eos	_	_	_	
4-87	2384-2388	auro	_	_	_	
4-88	2388-2389	.	_	_	_	
4-89	2390-2392	14	_	_	_	
4-90	2393-2403	Inducesque	_	_	_	
4-91	2404-2407	per	_	_	_	
4-92	2408-2416	circulos	_	_	_	
4-93	2417-2420	qui	_	_	_	
4-94	2421-2425	sunt	_	_	_	
4-95	2426-2428	in	_	_	_	
4-96	2429-2433	arcæ	_	_	_	
4-97	2434-2443	lateribus	_	_	_	
4-98	2443-2444	,	_	_	_	
4-99	2445-2447	ut	_	_	_	
4-100	2448-2456	portetur	_	_	_	
4-101	2457-2459	in	_	_	_	
4-102	2460-2463	eis	_	_	_	
4-103	2464-2465	:	_	_	_	
4-104	2466-2468	15	_	_	_	
4-105	2469-2472	qui	_	_	_	
4-106	2473-2479	semper	_	_	_	
4-107	2480-2485	erunt	_	_	_	
4-108	2486-2488	in	_	_	_	
4-109	2489-2497	circulis	_	_	_	
4-110	2497-2498	,	_	_	_	
4-111	2499-2502	nec	_	_	_	
4-112	2503-2509	umquam	_	_	_	
4-113	2510-2521	extrahentur	_	_	_	
4-114	2522-2524	ab	_	_	_	
4-115	2525-2528	eis	_	_	_	
4-116	2528-2529	.	_	_	_	
4-117	2530-2532	16	_	_	_	
4-118	2533-2541	Ponesque	_	_	_	
4-119	2542-2544	in	_	_	_	
4-120	2545-2549	arca	_	_	_	
4-121	2550-2565	testificationem	_	_	_	
4-122	2566-2570	quam	_	_	_	
4-123	2571-2575	dabo	_	_	_	
4-124	2576-2580	tibi	_	_	_	
4-125	2580-2581	.	_	_	_	
4-126	2582-2584	17	_	_	_	
4-127	2585-2591	Facies	_	_	_	
4-128	2592-2594	et	_	_	_	
4-129	2595-2609	propitiatorium	_	_	_	
4-130	2610-2612	de	_	_	_	
4-131	2613-2617	auro	_	_	_	
4-132	2618-2628	mundissimo	_	_	_	
4-133	2629-2630	:	_	_	_	
4-134	2631-2635	duos	_	_	_	
4-135	2636-2643	cubitos	_	_	_	
4-136	2644-2646	et	_	_	_	
4-137	2647-2655	dimidium	_	_	_	
4-138	2656-2663	tenebit	_	_	_	
4-139	2664-2673	longitudo	_	_	_	
4-140	2674-2678	ejus	_	_	_	
4-141	2678-2679	,	_	_	_	
4-142	2680-2682	et	_	_	_	
4-143	2683-2690	cubitum	_	_	_	
4-144	2691-2693	ac	_	_	_	
4-145	2694-2702	semissem	_	_	_	
4-146	2703-2711	latitudo	_	_	_	
4-147	2711-2712	.	_	_	_	
4-148	2713-2715	18	_	_	_	
4-149	2716-2720	Duos	_	_	_	
4-150	2721-2727	quoque	_	_	_	
4-151	2728-2736	cherubim	_	_	_	
4-152	2737-2743	aureos	_	_	_	
4-153	2744-2746	et	_	_	_	
4-154	2747-2758	productiles	_	_	_	
4-155	2759-2765	facies	_	_	_	
4-156	2765-2766	,	_	_	_	
4-157	2767-2769	ex	_	_	_	
4-158	2770-2777	utraque	_	_	_	
4-159	2778-2783	parte	_	_	_	
4-160	2784-2791	oraculi	_	_	_	
4-161	2791-2792	.	_	_	_	
4-162	2793-2795	19	_	_	_	
4-163	2796-2802	Cherub	_	_	_	
4-164	2803-2807	unus	_	_	_	
4-165	2808-2811	sit	_	_	_	
4-166	2812-2814	in	_	_	_	
4-167	2815-2821	latere	_	_	_	
4-168	2822-2825	uno	_	_	_	
4-169	2825-2826	,	_	_	_	
4-170	2827-2829	et	_	_	_	
4-171	2830-2835	alter	_	_	_	
4-172	2836-2838	in	_	_	_	
4-173	2839-2845	altero	_	_	_	
4-174	2845-2846	.	_	_	_	
