#FORMAT=WebAnno TSV 3.3


#Text=21
#Text=
#Text=
#Text=Ende
#Text=de HEERE Menschelicker
#Text=wijse ofte by gelijckenisse van Godt ghesproken.
1-1	3-5	21	
1-2	8-12	Ende	
1-3	13-15	de	
1-4	16-21	HEERE	
1-5	22-35	Menschelicker	
1-6	36-41	wijse	
1-7	42-46	ofte	
1-8	47-49	by	
1-9	50-63	gelijckenisse	
1-10	64-67	van	
1-11	68-72	Godt	
1-12	73-83	ghesproken	
1-13	83-84	.	

#Text=Want gelijck een lieflicke reuck den mensche seer vermaeckt, also hadde
#Text=Godt
#Text=een welghevallen aen het gheloove, ende de danckbaerheydt van Noach.
#Text=roock dien Hebr.
#Text=den reuck der ruste, ofte, rustmakende, T.w. den mensche met Godt versoenende, ende in ruste ofte vrede stellende, niet door des offers eygene kracht, maer door de beteeckende offerhande onses Heeren Iesu Christi, waer door alleen eene eeuwige versoeninghe verworven is, Hebr.
#Text=9.12, 13. lieflicken reuck, ende de HEERE seyde Ofte tot, D. by hem selven:
#Text=menschelick van Godt gesproken, om ons te verklaren, dat hy sijnen raedt, die hy by hem selven heeft, daer na sijnen knechten na sijn welgevallen openbaert.
#Text=in sijn herte:
#Text=Ick en sal voortaen D. ick sal den aerdtbodem niet meer alsoo door eenen algemeynen Sundtvloedt verderven.
2-1	85-89	Want	
2-2	90-97	gelijck	
2-3	98-101	een	
2-4	102-111	lieflicke	
2-5	112-117	reuck	
2-6	118-121	den	
2-7	122-129	mensche	
2-8	130-134	seer	
2-9	135-144	vermaeckt	
2-10	144-145	,	
2-11	146-150	also	
2-12	151-156	hadde	
2-13	157-161	Godt	
2-14	162-165	een	
2-15	166-178	welghevallen	
2-16	179-182	aen	
2-17	183-186	het	
2-18	187-195	gheloove	
2-19	195-196	,	
2-20	197-201	ende	
2-21	202-204	de	
2-22	205-219	danckbaerheydt	
2-23	220-223	van	
2-24	224-229	Noach	
2-25	229-230	.	
2-26	231-236	roock	
2-27	237-241	dien	
2-28	242-246	Hebr	
2-29	246-247	.	
2-30	248-251	den	
2-31	252-257	reuck	
2-32	258-261	der	
2-33	262-267	ruste	
2-34	267-268	,	
2-35	269-273	ofte	
2-36	273-274	,	
2-37	275-286	rustmakende	
2-38	286-287	,	
2-39	288-291	T.w	
2-40	291-292	.	
2-41	293-296	den	
2-42	297-304	mensche	
2-43	305-308	met	
2-44	309-313	Godt	
2-45	314-325	versoenende	
2-46	325-326	,	
2-47	327-331	ende	
2-48	332-334	in	
2-49	335-340	ruste	
2-50	341-345	ofte	
2-51	346-351	vrede	
2-52	352-361	stellende	
2-53	361-362	,	
2-54	363-367	niet	
2-55	368-372	door	
2-56	373-376	des	
2-57	377-383	offers	
2-58	384-390	eygene	
2-59	391-397	kracht	
2-60	397-398	,	
2-61	399-403	maer	
2-62	404-408	door	
2-63	409-411	de	
2-64	412-423	beteeckende	
2-65	424-434	offerhande	
2-66	435-440	onses	
2-67	441-447	Heeren	
2-68	448-452	Iesu	
2-69	453-460	Christi	
2-70	460-461	,	
2-71	462-466	waer	
2-72	467-471	door	
2-73	472-478	alleen	
2-74	479-483	eene	
2-75	484-491	eeuwige	
2-76	492-504	versoeninghe	
2-77	505-514	verworven	
2-78	515-517	is	
2-79	517-518	,	
2-80	519-523	Hebr	
2-81	523-524	.	
2-82	525-529	9.12	
2-83	529-530	,	
2-84	531-533	13	
2-85	533-534	.	
2-86	535-545	lieflicken	
2-87	546-551	reuck	
2-88	551-552	,	
2-89	553-557	ende	
2-90	558-560	de	
2-91	561-566	HEERE	
2-92	567-572	seyde	
2-93	573-577	Ofte	
2-94	578-581	tot	
2-95	581-582	,	
2-96	583-584	D	
2-97	584-585	.	
2-98	586-588	by	
2-99	589-592	hem	
2-100	593-599	selven	
2-101	599-600	:	
2-102	601-612	menschelick	
2-103	613-616	van	
2-104	617-621	Godt	
2-105	622-631	gesproken	
2-106	631-632	,	
2-107	633-635	om	
2-108	636-639	ons	
2-109	640-642	te	
2-110	643-652	verklaren	
2-111	652-653	,	
2-112	654-657	dat	
2-113	658-660	hy	
2-114	661-667	sijnen	
2-115	668-673	raedt	
2-116	673-674	,	
2-117	675-678	die	
2-118	679-681	hy	
2-119	682-684	by	
2-120	685-688	hem	
2-121	689-695	selven	
2-122	696-701	heeft	
2-123	701-702	,	
2-124	703-707	daer	
2-125	708-710	na	
2-126	711-717	sijnen	
2-127	718-726	knechten	
2-128	727-729	na	
2-129	730-734	sijn	
2-130	735-746	welgevallen	
2-131	747-756	openbaert	
2-132	756-757	.	
2-133	758-760	in	
2-134	761-765	sijn	
2-135	766-771	herte	
2-136	771-772	:	
2-137	773-776	Ick	
2-138	777-779	en	
2-139	780-783	sal	
2-140	784-792	voortaen	
2-141	793-794	D	
2-142	794-795	.	
2-143	796-799	ick	
2-144	800-803	sal	
2-145	804-807	den	
2-146	808-818	aerdtbodem	
2-147	819-823	niet	
2-148	824-828	meer	
2-149	829-834	alsoo	
2-150	835-839	door	
2-151	840-845	eenen	
2-152	846-856	algemeynen	
2-153	857-868	Sundtvloedt	
2-154	869-878	verderven	
2-155	878-879	.	

#Text=Hebr.
3-1	880-884	Hebr	
3-2	884-885	.	

#Text=Ick en sal niet toe doen te vervloecken.
#Text=alsoo in’t eynde van dit vers.
4-1	886-889	Ick	
4-2	890-892	en	
4-3	893-896	sal	
4-4	897-901	niet	
4-5	902-905	toe	
4-6	906-910	doen	
4-7	911-913	te	
4-8	914-925	vervloecken	
4-9	925-926	.	
4-10	927-932	alsoo	
4-11	933-935	in	
4-12	935-936	’	
4-13	936-937	t	
4-14	938-943	eynde	
4-15	944-947	van	
4-16	948-951	dit	
4-17	952-956	vers	
4-18	956-957	.	

#Text=Siet bov.
#Text=op vers 10.
#Text=den aerdtbodem niet meer vervloecken om des menschen wille, Bov.
5-1	958-962	Siet	
5-2	963-966	bov	
5-3	966-967	.	
5-4	968-970	op	
5-5	971-975	vers	
5-6	976-978	10	
5-7	978-979	.	
5-8	980-983	den	
5-9	984-994	aerdtbodem	
5-10	995-999	niet	
5-11	1000-1004	meer	
5-12	1005-1016	vervloecken	
5-13	1017-1019	om	
5-14	1020-1023	des	
5-15	1024-1032	menschen	
5-16	1033-1038	wille	
5-17	1038-1039	,	
5-18	1040-1043	Bov	
5-19	1043-1044	.	
