#FORMAT=WebAnno TSV 3.3
#T_SP=custom.Span|label
#T_RL=custom.Relation|label|BT_custom.Span


#Text=LA
#Text=Gomme de Lierre, Gummi Hederæ,
#Text=das Epheugummi iſt ein fluͤßiges
#Text=Hartz, welches im herabrinnen harte
#Text=wird.
1-1	4-6	LA	_	_	_	
1-2	7-12	Gomme	Smell\_Source[1]	*|*|*	1-6[2_1]|1-10[0_1]|5-1[3_1]	
1-3	13-15	de	Smell\_Source[1]	_	_	
1-4	16-22	Lierre	Smell\_Source[1]	_	_	
1-5	22-23	,	_	_	_	
1-6	24-29	Gummi	Smell\_Source[2]	_	_	
1-7	30-36	Hederæ	Smell\_Source[2]	_	_	
1-8	36-37	,	_	_	_	
1-9	38-41	das	_	_	_	
1-10	42-52	Epheugummi	Smell\_Source	_	_	
1-11	53-56	iſt	_	_	_	
1-12	57-60	ein	_	_	_	
1-13	61-70	fluͤßiges	_	_	_	
1-14	71-76	Hartz	_	_	_	
1-15	76-77	,	_	_	_	
1-16	78-85	welches	_	_	_	
1-17	86-88	im	_	_	_	
1-18	89-100	herabrinnen	_	_	_	
1-19	101-106	harte	_	_	_	
1-20	107-111	wird	_	_	_	
1-21	111-112	.	_	_	_	

#Text=Dieſes Gummi waͤchſt
#Text=haͤuffig in Jn-
#Text=dien/ Jtalien, Provence und Lan-
#Text=guedoc/ auf den groſſen Epheuſtraͤu-
#Text=chern/ welche die Baͤume und Mauern
#Text=hinan kriechen.
2-1	116-122	Dieſes	_	_	_	
2-2	123-128	Gummi	_	_	_	
2-3	129-136	waͤchſt	_	_	_	
2-4	137-145	haͤuffig	_	_	_	
2-5	146-148	in	_	_	_	
2-6	149-151	Jn	_	_	_	
2-7	151-152	-	_	_	_	
2-8	153-157	dien	_	_	_	
2-9	157-158	/	_	_	_	
2-10	159-166	Jtalien	_	_	_	
2-11	166-167	,	_	_	_	
2-12	168-176	Provence	_	_	_	
2-13	177-180	und	_	_	_	
2-14	181-184	Lan	_	_	_	
2-15	184-185	-	_	_	_	
2-16	186-192	guedoc	_	_	_	
2-17	192-193	/	_	_	_	
2-18	194-197	auf	_	_	_	
2-19	198-201	den	_	_	_	
2-20	202-209	groſſen	_	_	_	
2-21	210-221	Epheuſtraͤu	_	_	_	
2-22	221-222	-	_	_	_	
2-23	223-228	chern	_	_	_	
2-24	228-229	/	_	_	_	
2-25	230-236	welche	_	_	_	
2-26	237-240	die	_	_	_	
2-27	241-247	Baͤume	_	_	_	
2-28	248-251	und	_	_	_	
2-29	252-258	Mauern	_	_	_	
2-30	259-264	hinan	_	_	_	
2-31	265-273	kriechen	_	_	_	
2-32	273-274	.	_	_	_	

#Text=Als ich im Jahr
#Text=1680.
#Text=zu Montpel-
#Text=lier in dem koͤniglichen Garten herum-
#Text=ſpatzirte, wurde ich eines groſſen Epheu-
#Text=ſtrauchs gewahr, der an einem Lorber-
#Text=baum hinauf gelauffen: an deſſen
#Text=Hauptzweige, gantz oben, ſaſſe ein Stuͤ-
#Text=cke Gummi, ſo dicke als eine Fauſt.
3-1	278-281	Als	_	_	_	
3-2	282-285	ich	_	_	_	
3-3	286-288	im	_	_	_	
3-4	289-293	Jahr	_	_	_	
3-5	294-298	1680	_	_	_	
3-6	298-299	.	_	_	_	
3-7	300-302	zu	_	_	_	
3-8	303-310	Montpel	_	_	_	
3-9	310-311	-	_	_	_	
3-10	312-316	lier	_	_	_	
3-11	317-319	in	_	_	_	
3-12	320-323	dem	_	_	_	
3-13	324-336	koͤniglichen	_	_	_	
3-14	337-343	Garten	_	_	_	
3-15	344-349	herum	_	_	_	
3-16	349-350	-	_	_	_	
3-17	351-360	ſpatzirte	_	_	_	
3-18	360-361	,	_	_	_	
3-19	362-367	wurde	_	_	_	
3-20	368-371	ich	_	_	_	
3-21	372-377	eines	_	_	_	
3-22	378-385	groſſen	_	_	_	
3-23	386-391	Epheu	_	_	_	
3-24	391-392	-	_	_	_	
3-25	393-401	ſtrauchs	_	_	_	
3-26	402-408	gewahr	_	_	_	
3-27	408-409	,	_	_	_	
3-28	410-413	der	_	_	_	
3-29	414-416	an	_	_	_	
3-30	417-422	einem	_	_	_	
3-31	423-429	Lorber	_	_	_	
3-32	429-430	-	_	_	_	
3-33	431-435	baum	_	_	_	
3-34	436-442	hinauf	_	_	_	
3-35	443-452	gelauffen	_	_	_	
3-36	452-453	:	_	_	_	
3-37	454-456	an	_	_	_	
3-38	457-463	deſſen	_	_	_	
3-39	464-475	Hauptzweige	_	_	_	
3-40	475-476	,	_	_	_	
3-41	477-482	gantz	_	_	_	
3-42	483-487	oben	_	_	_	
3-43	487-488	,	_	_	_	
3-44	489-494	ſaſſe	_	_	_	
3-45	495-498	ein	_	_	_	
3-46	499-503	Stuͤ	_	_	_	
3-47	503-504	-	_	_	_	
3-48	505-508	cke	_	_	_	
3-49	509-514	Gummi	_	_	_	
3-50	514-515	,	_	_	_	
3-51	516-518	ſo	_	_	_	
3-52	519-524	dicke	_	_	_	
3-53	525-528	als	_	_	_	
3-54	529-533	eine	_	_	_	
3-55	534-539	Fauſt	_	_	_	
3-56	539-540	.	_	_	_	

#Text=Die-
#Text=ſes verlangte ich von des damahligen
#Text=Cantzlers, des Herrn Chiconneau
#Text=Sohne, der es mir auch geben lies.
4-1	541-544	Die	_	_	_	
4-2	544-545	-	_	_	_	
4-3	546-549	ſes	_	_	_	
4-4	550-559	verlangte	_	_	_	
4-5	560-563	ich	_	_	_	
4-6	564-567	von	_	_	_	
4-7	568-571	des	_	_	_	
4-8	572-582	damahligen	_	_	_	
4-9	583-592	Cantzlers	_	_	_	
4-10	592-593	,	_	_	_	
4-11	594-597	des	_	_	_	
4-12	598-603	Herrn	_	_	_	
4-13	604-614	Chiconneau	_	_	_	
4-14	615-620	Sohne	_	_	_	
4-15	620-621	,	_	_	_	
4-16	622-625	der	_	_	_	
4-17	626-628	es	_	_	_	
4-18	629-632	mir	_	_	_	
4-19	633-637	auch	_	_	_	
4-20	638-643	geben	_	_	_	
4-21	644-648	lies	_	_	_	
4-22	648-649	.	_	_	_	

#Text=Sol-
#Text=
#Text=ches, nachdem ichs wohl examiniret, be-
#Text=fand ich als wie einen Leim, roth von Far-
#Text=be, eines ſtarcken durchdringenden und
#Text=ſattſam uͤbeln Geruchs.
5-1	650-653	Sol	Smell\_Source[3]	_	_	
5-2	653-654	-	Smell\_Source[3]	_	_	
5-3	656-660	ches	Smell\_Source[3]	_	_	
5-4	660-661	,	_	_	_	
5-5	662-669	nachdem	_	_	_	
5-6	670-674	ichs	_	_	_	
5-7	675-679	wohl	_	_	_	
5-8	680-690	examiniret	_	_	_	
5-9	690-691	,	_	_	_	
5-10	692-694	be	_	_	_	
5-11	694-695	-	_	_	_	
5-12	696-700	fand	_	_	_	
5-13	701-704	ich	_	_	_	
5-14	705-708	als	_	_	_	
5-15	709-712	wie	_	_	_	
5-16	713-718	einen	_	_	_	
5-17	719-723	Leim	_	_	_	
5-18	723-724	,	_	_	_	
5-19	725-729	roth	_	_	_	
5-20	730-733	von	_	_	_	
5-21	734-737	Far	_	_	_	
5-22	737-738	-	_	_	_	
5-23	739-741	be	_	_	_	
5-24	741-742	,	_	_	_	
5-25	743-748	eines	_	_	_	
5-26	749-757	ſtarcken	Quality	_	_	
5-27	758-773	durchdringenden	Quality	_	_	
5-28	774-777	und	_	_	_	
5-29	778-785	ſattſam	Quality[4]	_	_	
5-30	786-792	uͤbeln	Quality[4]	_	_	
5-31	793-800	Geruchs	Smell\_Word	_	_	
5-32	800-801	.	_	_	_	

#Text=Nachdem ich
#Text=es aber eine Zeitlang verwahret, wurde
#Text=es trucken, ließ ſich leichtlich zerreiben,
#Text=und ſahe Tannetfarben aus, eben alſo,
#Text=als wie das aus Jndien
#Text=uͤber
#Text=Mar-
#Text=
#Text=ſeille zu uns kommt.
6-1	802-809	Nachdem	_	_	_	
6-2	810-813	ich	_	_	_	
6-3	814-816	es	_	_	_	
6-4	817-821	aber	_	_	_	
6-5	822-826	eine	_	_	_	
6-6	827-835	Zeitlang	_	_	_	
6-7	836-845	verwahret	_	_	_	
6-8	845-846	,	_	_	_	
6-9	847-852	wurde	_	_	_	
6-10	853-855	es	_	_	_	
6-11	856-863	trucken	_	_	_	
6-12	863-864	,	_	_	_	
6-13	865-869	ließ	_	_	_	
6-14	870-874	ſich	_	_	_	
6-15	875-885	leichtlich	_	_	_	
6-16	886-895	zerreiben	_	_	_	
6-17	895-896	,	_	_	_	
6-18	897-900	und	_	_	_	
6-19	901-905	ſahe	_	_	_	
6-20	906-918	Tannetfarben	_	_	_	
6-21	919-922	aus	_	_	_	
6-22	922-923	,	_	_	_	
6-23	924-928	eben	_	_	_	
6-24	929-933	alſo	_	_	_	
6-25	933-934	,	_	_	_	
6-26	935-938	als	_	_	_	
6-27	939-942	wie	_	_	_	
6-28	943-946	das	_	_	_	
6-29	947-950	aus	_	_	_	
6-30	951-957	Jndien	_	_	_	
6-31	958-963	uͤber	_	_	_	
6-32	964-967	Mar	_	_	_	
6-33	967-968	-	_	_	_	
6-34	970-976	ſeille	_	_	_	
6-35	977-979	zu	_	_	_	
6-36	980-983	uns	_	_	_	
6-37	984-989	kommt	_	_	_	
6-38	989-990	.	_	_	_	

#Text=Siehe Fig.
#Text=292.
7-1	993-998	Siehe	_	_	_	
7-2	999-1002	Fig	_	_	_	
7-3	1002-1003	.	_	_	_	
7-4	1004-1007	292	_	_	_	
7-5	1007-1008	.	_	_	_	

#Text=Man leſe dasjenige aus, welches fein
#Text=trucken und durchſichtig iſt, anbey einen
#Text=balſamiſchen Geruch hat, und nehme
#Text=ſich in Acht, daß es nicht das Gummi
#Text=Alouchi ſey, welches oftmahls dafuͤr
#Text=eingeſchoben wird, abſonderlich, wenn
#Text=jenes theuer iſt.
8-1	1011-1014	Man	_	_	_	
8-2	1015-1019	leſe	_	_	_	
8-3	1020-1029	dasjenige	_	_	_	
8-4	1030-1033	aus	_	_	_	
8-5	1033-1034	,	_	_	_	
8-6	1035-1042	welches	Smell\_Source	_	_	
8-7	1043-1047	fein	_	_	_	
8-8	1048-1055	trucken	_	_	_	
8-9	1056-1059	und	_	_	_	
8-10	1060-1072	durchſichtig	_	_	_	
8-11	1073-1076	iſt	_	_	_	
8-12	1076-1077	,	_	_	_	
8-13	1078-1083	anbey	_	_	_	
8-14	1084-1089	einen	_	_	_	
8-15	1090-1102	balſamiſchen	Quality	_	_	
8-16	1103-1109	Geruch	Smell\_Word	_	_	
8-17	1110-1113	hat	_	_	_	
8-18	1113-1114	,	_	_	_	
8-19	1115-1118	und	_	_	_	
8-20	1119-1124	nehme	_	_	_	
8-21	1125-1129	ſich	_	_	_	
8-22	1130-1132	in	_	_	_	
8-23	1133-1137	Acht	_	_	_	
8-24	1137-1138	,	_	_	_	
8-25	1139-1142	daß	_	_	_	
8-26	1143-1145	es	_	_	_	
8-27	1146-1151	nicht	_	_	_	
8-28	1152-1155	das	_	_	_	
8-29	1156-1161	Gummi	_	_	_	
8-30	1162-1169	Alouchi	_	_	_	
8-31	1170-1173	ſey	_	_	_	
8-32	1173-1174	,	_	_	_	
8-33	1175-1182	welches	_	_	_	
8-34	1183-1191	oftmahls	_	_	_	
8-35	1192-1198	dafuͤr	_	_	_	
8-36	1199-1211	eingeſchoben	_	_	_	
8-37	1212-1216	wird	_	_	_	
8-38	1216-1217	,	_	_	_	
8-39	1218-1230	abſonderlich	_	_	_	
8-40	1230-1231	,	_	_	_	
8-41	1232-1236	wenn	_	_	_	
8-42	1237-1242	jenes	_	_	_	
8-43	1243-1249	theuer	_	_	_	
8-44	1250-1253	iſt	_	_	_	
8-45	1253-1254	.	_	_	_	
