#FORMAT=WebAnno TSV 3.3


#Text=Van de Moeskruiden.
1-1	3-6	Van	
1-2	7-9	de	
1-3	10-21	Moeskruiden	
1-4	21-22	.	

#Text=Het is onbetwistbaar, dat men onder die oneindige verscheidenheid der planten, 
#Text=welken
#Text=de Natuur ons aanbiedt, veelen vindt, die den mensch noodzaakelyk en 
#Text=overtollig voedzel verschaffen, zonder de minste aankweeking;
#Text=zo dat deze boomen, 
#Text=of planten, deszelfs aandagt, buiten twyfel al Vroeg, hebben moeten naar zich 
#Text=trekken.
2-1	25-28	Het	
2-2	29-31	is	
2-3	32-45	onbetwistbaar	
2-4	45-46	,	
2-5	47-50	dat	
2-6	51-54	men	
2-7	55-60	onder	
2-8	61-64	die	
2-9	65-74	oneindige	
2-10	75-90	verscheidenheid	
2-11	91-94	der	
2-12	95-102	planten	
2-13	102-103	,	
2-14	105-111	welken	
2-15	112-114	de	
2-16	115-121	Natuur	
2-17	122-125	ons	
2-18	126-134	aanbiedt	
2-19	134-135	,	
2-20	136-142	veelen	
2-21	143-148	vindt	
2-22	148-149	,	
2-23	150-153	die	
2-24	154-157	den	
2-25	158-164	mensch	
2-26	165-177	noodzaakelyk	
2-27	178-180	en	
2-28	182-192	overtollig	
2-29	193-200	voedzel	
2-30	201-212	verschaffen	
2-31	212-213	,	
2-32	214-220	zonder	
2-33	221-223	de	
2-34	224-230	minste	
2-35	231-242	aankweeking	
2-36	242-243	;	
2-37	244-246	zo	
2-38	247-250	dat	
2-39	251-255	deze	
2-40	256-262	boomen	
2-41	262-263	,	
2-42	265-267	of	
2-43	268-275	planten	
2-44	275-276	,	
2-45	277-285	deszelfs	
2-46	286-293	aandagt	
2-47	293-294	,	
2-48	295-301	buiten	
2-49	302-308	twyfel	
2-50	309-311	al	
2-51	312-317	Vroeg	
2-52	317-318	,	
2-53	319-325	hebben	
2-54	326-332	moeten	
2-55	333-337	naar	
2-56	338-342	zich	
2-57	344-351	trekken	
2-58	351-352	.	

#Text=Om deze reden zal 't hem, zekerlyk, in de gedagten gekomen zyn, om ze 
#Text=te verplanten, het zy om ze zich toe te eigenen, of om zo veel te gemakkelyker op 
#Text=derzelver behoudenis te kunnen letten.
3-1	353-355	Om	
3-2	356-360	deze	
3-3	361-366	reden	
3-4	367-370	zal	
3-5	371-372	'	
3-6	372-373	t	
3-7	374-377	hem	
3-8	377-378	,	
3-9	379-387	zekerlyk	
3-10	387-388	,	
3-11	389-391	in	
3-12	392-394	de	
3-13	395-403	gedagten	
3-14	404-411	gekomen	
3-15	412-415	zyn	
3-16	415-416	,	
3-17	417-419	om	
3-18	420-422	ze	
3-19	424-426	te	
3-20	427-437	verplanten	
3-21	437-438	,	
3-22	439-442	het	
3-23	443-445	zy	
3-24	446-448	om	
3-25	449-451	ze	
3-26	452-456	zich	
3-27	457-460	toe	
3-28	461-463	te	
3-29	464-471	eigenen	
3-30	471-472	,	
3-31	473-475	of	
3-32	476-478	om	
3-33	479-481	zo	
3-34	482-486	veel	
3-35	487-489	te	
3-36	490-502	gemakkelyker	
3-37	503-505	op	
3-38	507-516	derzelver	
3-39	517-527	behoudenis	
3-40	528-530	te	
3-41	531-537	kunnen	
3-42	538-544	letten	
3-43	544-545	.	

#Text=Om dit te doen, moest hy de verscheidene 
#Text=gronden, welken bekwaam waren voor ieder plant of boom, onderzoeken;
#Text=de be-
#Text=
#Text=
#Text=
#Text=hoorlyke beteringen voor de landeryen nagaan;
#Text=acht geeven, welke zorg men 'er 
#Text=voor te draagen hadt, het zy met ze, ten bekwaamen tyde, te begieten, min of meer 
#Text=aan de lucht of zon bloot te stellen, of eindelyk zommigen daarvan in kasten op te 
#Text=sluiten, om gedekt te zyn tegen de verscheidene drukkingen van de lucht, waar 
#Text=door zy schade zouden kunnen lyden.
4-1	546-548	Om	
4-2	549-552	dit	
4-3	553-555	te	
4-4	556-560	doen	
4-5	560-561	,	
4-6	562-567	moest	
4-7	568-570	hy	
4-8	571-573	de	
4-9	574-586	verscheidene	
4-10	588-595	gronden	
4-11	595-596	,	
4-12	597-603	welken	
4-13	604-611	bekwaam	
4-14	612-617	waren	
4-15	618-622	voor	
4-16	623-628	ieder	
4-17	629-634	plant	
4-18	635-637	of	
4-19	638-642	boom	
4-20	642-643	,	
4-21	644-655	onderzoeken	
4-22	655-656	;	
4-23	657-659	de	
4-24	660-662	be	
4-25	662-663	-	
4-26	667-675	hoorlyke	
4-27	676-686	beteringen	
4-28	687-691	voor	
4-29	692-694	de	
4-30	695-704	landeryen	
4-31	705-711	nagaan	
4-32	711-712	;	
4-33	713-717	acht	
4-34	718-724	geeven	
4-35	724-725	,	
4-36	726-731	welke	
4-37	732-736	zorg	
4-38	737-740	men	
4-39	741-742	'	
4-40	742-744	er	
4-41	746-750	voor	
4-42	751-753	te	
4-43	754-761	draagen	
4-44	762-766	hadt	
4-45	766-767	,	
4-46	768-771	het	
4-47	772-774	zy	
4-48	775-778	met	
4-49	779-781	ze	
4-50	781-782	,	
4-51	783-786	ten	
4-52	787-796	bekwaamen	
4-53	797-801	tyde	
4-54	801-802	,	
4-55	803-805	te	
4-56	806-814	begieten	
4-57	814-815	,	
4-58	816-819	min	
4-59	820-822	of	
4-60	823-827	meer	
4-61	829-832	aan	
4-62	833-835	de	
4-63	836-841	lucht	
4-64	842-844	of	
4-65	845-848	zon	
4-66	849-854	bloot	
4-67	855-857	te	
4-68	858-865	stellen	
4-69	865-866	,	
4-70	867-869	of	
4-71	870-878	eindelyk	
4-72	879-887	zommigen	
4-73	888-895	daarvan	
4-74	896-898	in	
4-75	899-905	kasten	
4-76	906-908	op	
4-77	909-911	te	
4-78	913-920	sluiten	
4-79	920-921	,	
4-80	922-924	om	
4-81	925-931	gedekt	
4-82	932-934	te	
4-83	935-938	zyn	
4-84	939-944	tegen	
4-85	945-947	de	
4-86	948-960	verscheidene	
4-87	961-971	drukkingen	
4-88	972-975	van	
4-89	976-978	de	
4-90	979-984	lucht	
4-91	984-985	,	
4-92	986-990	waar	
4-93	992-996	door	
4-94	997-999	zy	
4-95	1000-1006	schade	
4-96	1007-1013	zouden	
4-97	1014-1020	kunnen	
4-98	1021-1026	lyden	
4-99	1026-1027	.	

#Text=Want de groeizaame lighaamen hebben niet 
#Text=alleen hun gevoel, gelyk de dieren, maar zelfs ook hunne byzondere ziekten.
5-1	1028-1032	Want	
5-2	1033-1035	de	
5-3	1036-1046	groeizaame	
5-4	1047-1056	lighaamen	
5-5	1057-1063	hebben	
5-6	1064-1068	niet	
5-7	1070-1076	alleen	
5-8	1077-1080	hun	
5-9	1081-1087	gevoel	
5-10	1087-1088	,	
5-11	1089-1094	gelyk	
5-12	1095-1097	de	
5-13	1098-1104	dieren	
5-14	1104-1105	,	
5-15	1106-1110	maar	
5-16	1111-1116	zelfs	
5-17	1117-1120	ook	
5-18	1121-1126	hunne	
5-19	1127-1136	byzondere	
5-20	1137-1144	ziekten	
5-21	1144-1145	.	

#Text=De 
#Text=koude lucht verstopt het sap, en belet de planten daar uit voordeel te trekken.
6-1	1146-1148	De	
6-2	1150-1155	koude	
6-3	1156-1161	lucht	
6-4	1162-1170	verstopt	
6-5	1171-1174	het	
6-6	1175-1178	sap	
6-7	1178-1179	,	
6-8	1180-1182	en	
6-9	1183-1188	belet	
6-10	1189-1191	de	
6-11	1192-1199	planten	
6-12	1200-1204	daar	
6-13	1205-1208	uit	
6-14	1209-1217	voordeel	
6-15	1218-1220	te	
6-16	1221-1228	trekken	
6-17	1228-1229	.	

#Text=Eene 
#Text=al te warme lucht doet haar oneindig veel meer kwaad, om dat het wortelvogt daar 
#Text=door dikwyls geheel opdroogt;
#Text=voor zommigen is het regenachtig weer nadeelig;
#Text=
#Text=anderen lyden schade door groote droogte; waar uit volgt, dat men de planten moet 
#Text=oppassen en bezorgen, 't welk van alle tyden
#Text=herwaarts gebruikelyk is geweest.
7-1	1230-1234	Eene	
7-2	1236-1238	al	
7-3	1239-1241	te	
7-4	1242-1247	warme	
7-5	1248-1253	lucht	
7-6	1254-1258	doet	
7-7	1259-1263	haar	
7-8	1264-1272	oneindig	
7-9	1273-1277	veel	
7-10	1278-1282	meer	
7-11	1283-1288	kwaad	
7-12	1288-1289	,	
7-13	1290-1292	om	
7-14	1293-1296	dat	
7-15	1297-1300	het	
7-16	1301-1311	wortelvogt	
7-17	1312-1316	daar	
7-18	1318-1322	door	
7-19	1323-1330	dikwyls	
7-20	1331-1337	geheel	
7-21	1338-1346	opdroogt	
7-22	1346-1347	;	
7-23	1348-1352	voor	
7-24	1353-1361	zommigen	
7-25	1362-1364	is	
7-26	1365-1368	het	
7-27	1369-1380	regenachtig	
7-28	1381-1385	weer	
7-29	1386-1394	nadeelig	
7-30	1394-1395	;	
7-31	1397-1404	anderen	
7-32	1405-1410	lyden	
7-33	1411-1417	schade	
7-34	1418-1422	door	
7-35	1423-1429	groote	
7-36	1430-1437	droogte	
7-37	1437-1438	;	
7-38	1439-1443	waar	
7-39	1444-1447	uit	
7-40	1448-1453	volgt	
7-41	1453-1454	,	
7-42	1455-1458	dat	
7-43	1459-1462	men	
7-44	1463-1465	de	
7-45	1466-1473	planten	
7-46	1474-1478	moet	
7-47	1480-1488	oppassen	
7-48	1489-1491	en	
7-49	1492-1500	bezorgen	
7-50	1500-1501	,	
7-51	1502-1503	'	
7-52	1503-1504	t	
7-53	1505-1509	welk	
7-54	1510-1513	van	
7-55	1514-1518	alle	
7-56	1519-1524	tyden	
7-57	1525-1534	herwaarts	
7-58	1535-1546	gebruikelyk	
7-59	1547-1549	is	
7-60	1550-1557	geweest	
7-61	1557-1558	.	

#Text=Te Suriname
#Text=draagt men zorg om over nieuw bezaaide tuinbedden; of daar eenige 
#Text=groenten op verplant zyn, vooral in groote hitte, kleine dakjes te maaken van twee 
#Text=voeten hoog, welken men met struiken bedekt, om ze voor de heete zon te bewaaren, 
#Text=zonder ze echter geheel de lucht te beneemen.
8-1	1563-1565	Te	
8-2	1566-1574	Suriname	
8-3	1575-1581	draagt	
8-4	1582-1585	men	
8-5	1586-1590	zorg	
8-6	1591-1593	om	
8-7	1594-1598	over	
8-8	1599-1604	nieuw	
8-9	1605-1613	bezaaide	
8-10	1614-1624	tuinbedden	
8-11	1624-1625	;	
8-12	1626-1628	of	
8-13	1629-1633	daar	
8-14	1634-1640	eenige	
8-15	1642-1650	groenten	
8-16	1651-1653	op	
8-17	1654-1662	verplant	
8-18	1663-1666	zyn	
8-19	1666-1667	,	
8-20	1668-1674	vooral	
8-21	1675-1677	in	
8-22	1678-1684	groote	
8-23	1685-1690	hitte	
8-24	1690-1691	,	
8-25	1692-1698	kleine	
8-26	1699-1705	dakjes	
8-27	1706-1708	te	
8-28	1709-1715	maaken	
8-29	1716-1719	van	
8-30	1720-1724	twee	
8-31	1726-1732	voeten	
8-32	1733-1737	hoog	
8-33	1737-1738	,	
8-34	1739-1745	welken	
8-35	1746-1749	men	
8-36	1750-1753	met	
8-37	1754-1762	struiken	
8-38	1763-1769	bedekt	
8-39	1769-1770	,	
8-40	1771-1773	om	
8-41	1774-1776	ze	
8-42	1777-1781	voor	
8-43	1782-1784	de	
8-44	1785-1790	heete	
8-45	1791-1794	zon	
8-46	1795-1797	te	
8-47	1798-1806	bewaaren	
8-48	1806-1807	,	
8-49	1809-1815	zonder	
8-50	1816-1818	ze	
8-51	1819-1825	echter	
8-52	1826-1832	geheel	
8-53	1833-1835	de	
8-54	1836-1841	lucht	
8-55	1842-1844	te	
8-56	1845-1853	beneemen	
8-57	1853-1854	.	

#Text=Indien men maar den minsten smaak heeft om tuinen aan te kweeken, kan men 
#Text='er zekerlyk het geheele jaar door groenten in overvloed hebben, dewyl alle jaargety-
#Text=
#Text=
#Text=
#Text=
#Text=
#Text=den daar geschikt toe zyn.
9-1	1859-1865	Indien	
9-2	1866-1869	men	
9-3	1870-1874	maar	
9-4	1875-1878	den	
9-5	1879-1886	minsten	
9-6	1887-1892	smaak	
9-7	1893-1898	heeft	
9-8	1899-1901	om	
9-9	1902-1908	tuinen	
9-10	1909-1912	aan	
9-11	1913-1915	te	
9-12	1916-1923	kweeken	
9-13	1923-1924	,	
9-14	1925-1928	kan	
9-15	1929-1932	men	
9-16	1934-1935	'	
9-17	1935-1937	er	
9-18	1938-1946	zekerlyk	
9-19	1947-1950	het	
9-20	1951-1958	geheele	
9-21	1959-1963	jaar	
9-22	1964-1968	door	
9-23	1969-1977	groenten	
9-24	1978-1980	in	
9-25	1981-1990	overvloed	
9-26	1991-1997	hebben	
9-27	1997-1998	,	
9-28	1999-2004	dewyl	
9-29	2005-2009	alle	
9-30	2010-2018	jaargety	
9-31	2018-2019	-	
9-32	2025-2028	den	
9-33	2029-2033	daar	
9-34	2034-2042	geschikt	
9-35	2043-2046	toe	
9-36	2047-2050	zyn	
9-37	2050-2051	.	
