#FORMAT=WebAnno TSV 3.3


#Text=On ne sera point étonné de ce vice du climat, si l'on considère que, pour la facilité de la navigation, Batavia a été placé sur les bords d'une mer, la plus sale qui soit au monde; dans une plaine marécageuse & souvent inondée; le long d'un grand nombre de canaux remplis d'une eau croupissante, couverts des immondices d'une cité immense, entourés de grands arbres qui gênent la circulation de l'air, & s'opposent à la dispersion des vapeurs fétides qui s'en élèvent.
1-1	0-2	On	
1-2	3-5	ne	
1-3	6-10	sera	
1-4	11-16	point	
1-5	17-23	étonné	
1-6	24-26	de	
1-7	27-29	ce	
1-8	30-34	vice	
1-9	35-37	du	
1-10	38-44	climat	
1-11	44-45	,	
1-12	46-48	si	
1-13	49-53	l'on	
1-14	54-63	considère	
1-15	64-67	que	
1-16	67-68	,	
1-17	69-73	pour	
1-18	74-76	la	
1-19	77-85	facilité	
1-20	86-88	de	
1-21	89-91	la	
1-22	92-102	navigation	
1-23	102-103	,	
1-24	104-111	Batavia	
1-25	112-113	a	
1-26	114-117	été	
1-27	118-123	placé	
1-28	124-127	sur	
1-29	128-131	les	
1-30	132-137	bords	
1-31	138-143	d'une	
1-32	144-147	mer	
1-33	147-148	,	
1-34	149-151	la	
1-35	152-156	plus	
1-36	157-161	sale	
1-37	162-165	qui	
1-38	166-170	soit	
1-39	171-173	au	
1-40	174-179	monde	
1-41	179-180	;	
1-42	181-185	dans	
1-43	186-189	une	
1-44	190-196	plaine	
1-45	197-208	marécageuse	
1-46	209-210	&	
1-47	211-218	souvent	
1-48	219-226	inondée	
1-49	226-227	;	
1-50	228-230	le	
1-51	231-235	long	
1-52	236-240	d'un	
1-53	241-246	grand	
1-54	247-253	nombre	
1-55	254-256	de	
1-56	257-263	canaux	
1-57	264-271	remplis	
1-58	272-277	d'une	
1-59	278-281	eau	
1-60	282-294	croupissante	
1-61	294-295	,	
1-62	296-304	couverts	
1-63	305-308	des	
1-64	309-319	immondices	
1-65	320-325	d'une	
1-66	326-330	cité	
1-67	331-338	immense	
1-68	338-339	,	
1-69	340-348	entourés	
1-70	349-351	de	
1-71	352-358	grands	
1-72	359-365	arbres	
1-73	366-369	qui	
1-74	370-376	gênent	
1-75	377-379	la	
1-76	380-391	circulation	
1-77	392-394	de	
1-78	395-400	l'air	
1-79	400-401	,	
1-80	402-403	&	
1-81	404-414	s'opposent	
1-82	415-416	à	
1-83	417-419	la	
1-84	420-430	dispersion	
1-85	431-434	des	
1-86	435-442	vapeurs	
1-87	443-450	fétides	
1-88	451-454	qui	
1-89	455-459	s'en	
1-90	460-467	élèvent	
1-91	467-468	.	

#Text=Pour diminuer les dangers & le dégoût de ces exhalaisons infectes, on brûle, sans interruption, des bois & des résines aromatiques; on s'enivre d'odeurs; on remplit les appartemens d'innombrables fleurs, la plupart inconnues dans nos contrées.
2-1	470-474	Pour	
2-2	475-483	diminuer	
2-3	484-487	les	
2-4	488-495	dangers	
2-5	496-497	&	
2-6	498-500	le	
2-7	501-507	dégoût	
2-8	508-510	de	
2-9	511-514	ces	
2-10	515-526	exhalaisons	
2-11	527-535	infectes	
2-12	535-536	,	
2-13	537-539	on	
2-14	540-545	brûle	
2-15	545-546	,	
2-16	547-551	sans	
2-17	552-564	interruption	
2-18	564-565	,	
2-19	566-569	des	
2-20	570-574	bois	
2-21	575-576	&	
2-22	577-580	des	
2-23	581-588	résines	
2-24	589-600	aromatiques	
2-25	600-601	;	
2-26	602-604	on	
2-27	605-613	s'enivre	
2-28	614-622	d'odeurs	
2-29	622-623	;	
2-30	624-626	on	
2-31	627-634	remplit	
2-32	635-638	les	
2-33	639-650	appartemens	
2-34	651-665	d'innombrables	
2-35	666-672	fleurs	
2-36	672-673	,	
2-37	674-676	la	
2-38	677-684	plupart	
2-39	685-694	inconnues	
2-40	695-699	dans	
2-41	700-703	nos	
2-42	704-712	contrées	
2-43	712-713	.	

#Text=Les chambres même où l'on couche, respirent le plus délicat, le plus pur de tous les parfums.
3-1	714-717	Les	
3-2	718-726	chambres	
3-3	727-731	même	
3-4	732-734	où	
3-5	735-739	l'on	
3-6	740-746	couche	
3-7	746-747	,	
3-8	748-757	respirent	
3-9	758-760	le	
3-10	761-765	plus	
3-11	766-773	délicat	
3-12	773-774	,	
3-13	775-777	le	
3-14	778-782	plus	
3-15	783-786	pur	
3-16	787-789	de	
3-17	790-794	tous	
3-18	795-798	les	
3-19	799-806	parfums	
3-20	806-807	.	

#Text=Ces précautions sont en usage jusque dans les campagnes, où tous les champs, tous les jardins sont entourés d'eaux stagnantes & mal-saines.
4-1	808-811	Ces	
4-2	812-823	précautions	
4-3	824-828	sont	
4-4	829-831	en	
4-5	832-837	usage	
4-6	838-844	jusque	
4-7	845-849	dans	
4-8	850-853	les	
4-9	854-863	campagnes	
4-10	863-864	,	
4-11	865-867	où	
4-12	868-872	tous	
4-13	873-876	les	
4-14	877-883	champs	
4-15	883-884	,	
4-16	885-889	tous	
4-17	890-893	les	
4-18	894-901	jardins	
4-19	902-906	sont	
4-20	907-915	entourés	
4-21	916-922	d'eaux	
4-22	923-933	stagnantes	
4-23	934-935	&	
4-24	936-946	mal-saines	
4-25	946-947	.	

#Text=Elles ne suffisent pas même pour y conserver, & encore moins pour y rétablir la santé.
5-1	948-953	Elles	
5-2	954-956	ne	
5-3	957-966	suffisent	
5-4	967-970	pas	
5-5	971-975	même	
5-6	976-980	pour	
5-7	981-982	y	
5-8	983-992	conserver	
5-9	992-993	,	
5-10	994-995	&	
5-11	996-1002	encore	
5-12	1003-1008	moins	
5-13	1009-1013	pour	
5-14	1014-1015	y	
5-15	1016-1024	rétablir	
5-16	1025-1027	la	
5-17	1028-1033	santé	
5-18	1033-1034	.	

#Text=Aussi les gens opulens ont-ils sur des montagnes très-élevées, qui terminent la plaine, des habitations oû ils vont plusieurs fois, dans l'année, respirer un air frais & sain.
6-1	1035-1040	Aussi	
6-2	1041-1044	les	
6-3	1045-1049	gens	
6-4	1050-1057	opulens	
6-5	1058-1065	ont-ils	
6-6	1066-1069	sur	
6-7	1070-1073	des	
6-8	1074-1083	montagnes	
6-9	1084-1096	très-élevées	
6-10	1096-1097	,	
6-11	1098-1101	qui	
6-12	1102-1111	terminent	
6-13	1112-1114	la	
6-14	1115-1121	plaine	
6-15	1121-1122	,	
6-16	1123-1126	des	
6-17	1127-1138	habitations	
6-18	1139-1141	oû	
6-19	1142-1145	ils	
6-20	1146-1150	vont	
6-21	1151-1160	plusieurs	
6-22	1161-1165	fois	
6-23	1165-1166	,	
6-24	1167-1171	dans	
6-25	1172-1179	l'année	
6-26	1179-1180	,	
6-27	1181-1189	respirer	
6-28	1190-1192	un	
6-29	1193-1196	air	
6-30	1197-1202	frais	
6-31	1203-1204	&	
6-32	1205-1209	sain	
6-33	1209-1210	.	

#Text=Malgré les volcans qu'on y voit fumer continuellement, & qui occasionnent d'assez fréquens tremblemens de terre, les malades ne tardent pas à y recouvrer leurs forces; mais pour les perdre de nouveau après leur retour à Batavia.
7-1	1211-1217	Malgré	
7-2	1218-1221	les	
7-3	1222-1229	volcans	
7-4	1230-1235	qu'on	
7-5	1236-1237	y	
7-6	1238-1242	voit	
7-7	1243-1248	fumer	
7-8	1249-1264	continuellement	
7-9	1264-1265	,	
7-10	1266-1267	&	
7-11	1268-1271	qui	
7-12	1272-1284	occasionnent	
7-13	1285-1292	d'assez	
7-14	1293-1301	fréquens	
7-15	1302-1313	tremblemens	
7-16	1314-1316	de	
7-17	1317-1322	terre	
7-18	1322-1323	,	
7-19	1324-1327	les	
7-20	1328-1335	malades	
7-21	1336-1338	ne	
7-22	1339-1346	tardent	
7-23	1347-1350	pas	
7-24	1351-1352	à	
7-25	1353-1354	y	
7-26	1355-1364	recouvrer	
7-27	1365-1370	leurs	
7-28	1371-1377	forces	
7-29	1377-1378	;	
7-30	1379-1383	mais	
7-31	1384-1388	pour	
7-32	1389-1392	les	
7-33	1393-1399	perdre	
7-34	1400-1402	de	
7-35	1403-1410	nouveau	
7-36	1411-1416	après	
7-37	1417-1421	leur	
7-38	1422-1428	retour	
7-39	1429-1430	à	
7-40	1431-1438	Batavia	
7-41	1438-1439	.	
