#FORMAT=WebAnno TSV 3.3


#Text=Bij het schijnsel van een brandend hout den vijver beschouwende, in welken
#Text=de beek zich uitstortte, scheen het hun toe, dat de oevers van denzelven van geregeld op elkander geplaatste steenen gemaakt waren, waaruit zij opmaakten, dat de vijver door menschen handen gegraven was.
1-1	5-8	Bij	
1-2	9-12	het	
1-3	13-22	schijnsel	
1-4	23-26	van	
1-5	27-30	een	
1-6	31-39	brandend	
1-7	40-44	hout	
1-8	45-48	den	
1-9	49-55	vijver	
1-10	56-68	beschouwende	
1-11	68-69	,	
1-12	70-72	in	
1-13	73-79	welken	
1-14	80-82	de	
1-15	83-87	beek	
1-16	88-92	zich	
1-17	93-103	uitstortte	
1-18	103-104	,	
1-19	105-111	scheen	
1-20	112-115	het	
1-21	116-119	hun	
1-22	120-123	toe	
1-23	123-124	,	
1-24	125-128	dat	
1-25	129-131	de	
1-26	132-138	oevers	
1-27	139-142	van	
1-28	143-152	denzelven	
1-29	153-156	van	
1-30	157-165	geregeld	
1-31	166-168	op	
1-32	169-177	elkander	
1-33	178-188	geplaatste	
1-34	189-196	steenen	
1-35	197-204	gemaakt	
1-36	205-210	waren	
1-37	210-211	,	
1-38	212-219	waaruit	
1-39	220-223	zij	
1-40	224-233	opmaakten	
1-41	233-234	,	
1-42	235-238	dat	
1-43	239-241	de	
1-44	242-248	vijver	
1-45	249-253	door	
1-46	254-262	menschen	
1-47	263-269	handen	
1-48	270-278	gegraven	
1-49	279-282	was	
1-50	282-283	.	

#Text=Zij naderden zoo digt mogelijk om de zaak van naderbij te onderzoeken, en werden allen overtuigd, dat de vijver gedeeltelijk het werk van menschen was.
2-1	284-287	Zij	
2-2	288-296	naderden	
2-3	297-300	zoo	
2-4	301-305	digt	
2-5	306-314	mogelijk	
2-6	315-317	om	
2-7	318-320	de	
2-8	321-325	zaak	
2-9	326-329	van	
2-10	330-338	naderbij	
2-11	339-341	te	
2-12	342-353	onderzoeken	
2-13	353-354	,	
2-14	355-357	en	
2-15	358-364	werden	
2-16	365-370	allen	
2-17	371-380	overtuigd	
2-18	380-381	,	
2-19	382-385	dat	
2-20	386-388	de	
2-21	389-395	vijver	
2-22	396-408	gedeeltelijk	
2-23	409-412	het	
2-24	413-417	werk	
2-25	418-421	van	
2-26	422-430	menschen	
2-27	431-434	was	
2-28	434-435	.	

#Text=Deze ontdekking vervulde hun allen met vreugde en moed, en deed de neerslagtigheid der beide jonge lieden meer en meer verdwijnen.
3-1	440-444	Deze	
3-2	445-455	ontdekking	
3-3	456-464	vervulde	
3-4	465-468	hun	
3-5	469-474	allen	
3-6	475-478	met	
3-7	479-486	vreugde	
3-8	487-489	en	
3-9	490-494	moed	
3-10	494-495	,	
3-11	496-498	en	
3-12	499-503	deed	
3-13	504-506	de	
3-14	507-522	neerslagtigheid	
3-15	523-526	der	
3-16	527-532	beide	
3-17	533-538	jonge	
3-18	539-545	lieden	
3-19	546-550	meer	
3-20	551-553	en	
3-21	554-558	meer	
3-22	559-569	verdwijnen	
3-23	569-570	.	

#Text=N 27.
4-1	573-574	N	
4-2	575-577	27	
4-3	577-578	.	

#Text=Eene vallei.
5-1	580-584	Eene	
5-2	585-591	vallei	
5-3	591-592	.	

#Text=Vermoeid van de langdurige en lastige reis, besloten zij zich ter ruste te begeven.
6-1	595-603	Vermoeid	
6-2	604-607	van	
6-3	608-610	de	
6-4	611-621	langdurige	
6-5	622-624	en	
6-6	625-632	lastige	
6-7	633-637	reis	
6-8	637-638	,	
6-9	639-647	besloten	
6-10	648-651	zij	
6-11	652-656	zich	
6-12	657-660	ter	
6-13	661-666	ruste	
6-14	667-669	te	
6-15	670-677	begeven	
6-16	677-678	.	

#Text=Voorzigtigheidshalve werd er echter besloten, dat een van hen bij beurten zoude
#Text=waken, terwijl de twee anderen konden slapen.
7-1	680-700	Voorzigtigheidshalve	
7-2	701-705	werd	
7-3	706-708	er	
7-4	709-715	echter	
7-5	716-724	besloten	
7-6	724-725	,	
7-7	726-729	dat	
7-8	730-733	een	
7-9	734-737	van	
7-10	738-741	hen	
7-11	742-745	bij	
7-12	746-753	beurten	
7-13	754-759	zoude	
7-14	760-765	waken	
7-15	765-766	,	
7-16	767-774	terwijl	
7-17	775-777	de	
7-18	778-782	twee	
7-19	783-790	anderen	
7-20	791-797	konden	
7-21	798-804	slapen	
7-22	804-805	.	

#Text=Gewikkeld in hunne pelzen legerden zich de stuurman en ALEXIS bij het vuur, terwijl zich IWAN had aangeboden het eerst de wacht te houden.
8-1	806-815	Gewikkeld	
8-2	816-818	in	
8-3	819-824	hunne	
8-4	825-831	pelzen	
8-5	832-840	legerden	
8-6	841-845	zich	
8-7	846-848	de	
8-8	849-857	stuurman	
8-9	858-860	en	
8-10	861-867	ALEXIS	
8-11	868-871	bij	
8-12	872-875	het	
8-13	876-880	vuur	
8-14	880-881	,	
8-15	882-889	terwijl	
8-16	890-894	zich	
8-17	895-899	IWAN	
8-18	900-903	had	
8-19	904-914	aangeboden	
8-20	915-918	het	
8-21	919-924	eerst	
8-22	925-927	de	
8-23	928-933	wacht	
8-24	934-936	te	
8-25	937-943	houden	
8-26	943-944	.	

#Text=In zulk een koud luchtsgestel onder den blooten hemel te gaan slapen, is geene aangename zaak;
#Text=maar onze reizigers waren Russen van Archangel, aan het noordelijke luchtsgestel gewoon.
9-1	945-947	In	
9-2	948-952	zulk	
9-3	953-956	een	
9-4	957-961	koud	
9-5	962-974	luchtsgestel	
9-6	975-980	onder	
9-7	981-984	den	
9-8	985-992	blooten	
9-9	993-998	hemel	
9-10	999-1001	te	
9-11	1002-1006	gaan	
9-12	1007-1013	slapen	
9-13	1013-1014	,	
9-14	1015-1017	is	
9-15	1018-1023	geene	
9-16	1024-1033	aangename	
9-17	1034-1038	zaak	
9-18	1038-1039	;	
9-19	1040-1044	maar	
9-20	1045-1049	onze	
9-21	1050-1059	reizigers	
9-22	1060-1065	waren	
9-23	1066-1072	Russen	
9-24	1073-1076	van	
9-25	1077-1086	Archangel	
9-26	1086-1087	,	
9-27	1088-1091	aan	
9-28	1092-1095	het	
9-29	1096-1107	noordelijke	
9-30	1108-1120	luchtsgestel	
9-31	1121-1127	gewoon	
9-32	1127-1128	.	

#Text=Zij zonden, vr zich neder te leggen, een gebed tot God, en betoonden
#Text=Hem hunne dankbaarheid, daar Hij hun hout had doen vinden om
#Text=
#Text=
#Text=
#Text=vuur te kunnen maken, en sliepen daarop spoedig in.
10-1	1129-1132	Zij	
10-2	1133-1139	zonden	
10-3	1139-1140	,	
10-4	1141-1143	vr	
10-5	1144-1148	zich	
10-6	1149-1154	neder	
10-7	1155-1157	te	
10-8	1158-1164	leggen	
10-9	1164-1165	,	
10-10	1166-1169	een	
10-11	1170-1175	gebed	
10-12	1176-1179	tot	
10-13	1180-1183	God	
10-14	1183-1184	,	
10-15	1185-1187	en	
10-16	1188-1197	betoonden	
10-17	1198-1201	Hem	
10-18	1202-1207	hunne	
10-19	1208-1220	dankbaarheid	
10-20	1220-1221	,	
10-21	1222-1226	daar	
10-22	1227-1230	Hij	
10-23	1231-1234	hun	
10-24	1235-1239	hout	
10-25	1240-1243	had	
10-26	1244-1248	doen	
10-27	1249-1255	vinden	
10-28	1256-1258	om	
10-29	1262-1266	vuur	
10-30	1267-1269	te	
10-31	1270-1276	kunnen	
10-32	1277-1282	maken	
10-33	1282-1283	,	
10-34	1284-1286	en	
10-35	1287-1294	sliepen	
10-36	1295-1301	daarop	
10-37	1302-1309	spoedig	
10-38	1310-1312	in	
10-39	1312-1313	.	

#Text=Bij den opgang der zon zochten zij lang te vergeefs naar eenen uitgang, om uit de vallei te komen;
#Text=eindelijk bespeurden zij in eene rots eene soort van trap, wier treden op gelijke afstanden in de rots waren uitgehouwen, hetgeen ten duidelijkste deed zien, dat aldaar menschen gewoond hadden.
11-1	1317-1320	Bij	
11-2	1321-1324	den	
11-3	1325-1331	opgang	
11-4	1332-1335	der	
11-5	1336-1339	zon	
11-6	1340-1347	zochten	
11-7	1348-1351	zij	
11-8	1352-1356	lang	
11-9	1357-1359	te	
11-10	1360-1368	vergeefs	
11-11	1369-1373	naar	
11-12	1374-1379	eenen	
11-13	1380-1387	uitgang	
11-14	1387-1388	,	
11-15	1389-1391	om	
11-16	1392-1395	uit	
11-17	1396-1398	de	
11-18	1399-1405	vallei	
11-19	1406-1408	te	
11-20	1409-1414	komen	
11-21	1414-1415	;	
11-22	1416-1425	eindelijk	
11-23	1426-1436	bespeurden	
11-24	1437-1440	zij	
11-25	1441-1443	in	
11-26	1444-1448	eene	
11-27	1449-1453	rots	
11-28	1454-1458	eene	
11-29	1459-1464	soort	
11-30	1465-1468	van	
11-31	1469-1473	trap	
11-32	1473-1474	,	
11-33	1475-1479	wier	
11-34	1480-1486	treden	
11-35	1487-1489	op	
11-36	1490-1497	gelijke	
11-37	1498-1507	afstanden	
11-38	1508-1510	in	
11-39	1511-1513	de	
11-40	1514-1518	rots	
11-41	1519-1524	waren	
11-42	1525-1536	uitgehouwen	
11-43	1536-1537	,	
11-44	1538-1545	hetgeen	
11-45	1546-1549	ten	
11-46	1550-1562	duidelijkste	
11-47	1563-1567	deed	
11-48	1568-1572	zien	
11-49	1572-1573	,	
11-50	1574-1577	dat	
11-51	1578-1584	aldaar	
11-52	1585-1593	menschen	
11-53	1594-1601	gewoond	
11-54	1602-1608	hadden	
11-55	1608-1609	.	

#Text=Dadelijk klommen zij dien trap op.
12-1	1610-1618	Dadelijk	
12-2	1619-1626	klommen	
12-3	1627-1630	zij	
12-4	1631-1635	dien	
12-5	1636-1640	trap	
12-6	1641-1643	op	
12-7	1643-1644	.	

#Text=Toen zij op eene zekere hoogte gekomen waren, zagen zij eenen weg, die mede door menschen gemaakt was, en om de rots kronkelde tot aan den top.
13-1	1645-1649	Toen	
13-2	1650-1653	zij	
13-3	1654-1656	op	
13-4	1657-1661	eene	
13-5	1662-1668	zekere	
13-6	1669-1675	hoogte	
13-7	1676-1683	gekomen	
13-8	1684-1689	waren	
13-9	1689-1690	,	
13-10	1691-1696	zagen	
13-11	1697-1700	zij	
13-12	1701-1706	eenen	
13-13	1707-1710	weg	
13-14	1710-1711	,	
13-15	1712-1715	die	
13-16	1716-1720	mede	
13-17	1721-1725	door	
13-18	1726-1734	menschen	
13-19	1735-1742	gemaakt	
13-20	1743-1746	was	
13-21	1746-1747	,	
13-22	1748-1750	en	
13-23	1751-1753	om	
13-24	1754-1756	de	
13-25	1757-1761	rots	
13-26	1762-1771	kronkelde	
13-27	1772-1775	tot	
13-28	1776-1779	aan	
13-29	1780-1783	den	
13-30	1784-1787	top	
13-31	1787-1788	.	

#Text=Op de hoogte der rots gekomen, was het als waren zij eensklaps in eene andere luchtstreek overgebragt, door de aangename voorwerpen, die zich aan hunne oogen vertoonden.
14-1	1792-1794	Op	
14-2	1795-1797	de	
14-3	1798-1804	hoogte	
14-4	1805-1808	der	
14-5	1809-1813	rots	
14-6	1814-1821	gekomen	
14-7	1821-1822	,	
14-8	1823-1826	was	
14-9	1827-1830	het	
14-10	1831-1834	als	
14-11	1835-1840	waren	
14-12	1841-1844	zij	
14-13	1845-1854	eensklaps	
14-14	1855-1857	in	
14-15	1858-1862	eene	
14-16	1863-1869	andere	
14-17	1870-1881	luchtstreek	
14-18	1882-1893	overgebragt	
14-19	1893-1894	,	
14-20	1895-1899	door	
14-21	1900-1902	de	
14-22	1903-1912	aangename	
14-23	1913-1923	voorwerpen	
14-24	1923-1924	,	
14-25	1925-1928	die	
14-26	1929-1933	zich	
14-27	1934-1937	aan	
14-28	1938-1943	hunne	
14-29	1944-1949	oogen	
14-30	1950-1960	vertoonden	
14-31	1960-1961	.	

#Text=Boven de hooge rotsen naar het oosten vertoonde zich de schitterende schijf der zon, beneden eene breede vallei, omringd door bergen, waarvan er sommige eene verbazende hoogte hadden.
15-1	1962-1967	Boven	
15-2	1968-1970	de	
15-3	1971-1976	hooge	
15-4	1977-1983	rotsen	
15-5	1984-1988	naar	
15-6	1989-1992	het	
15-7	1993-1999	oosten	
15-8	2000-2009	vertoonde	
15-9	2010-2014	zich	
15-10	2015-2017	de	
15-11	2018-2030	schitterende	
15-12	2031-2037	schijf	
15-13	2038-2041	der	
15-14	2042-2045	zon	
15-15	2045-2046	,	
15-16	2047-2054	beneden	
15-17	2055-2059	eene	
15-18	2060-2066	breede	
15-19	2067-2073	vallei	
15-20	2073-2074	,	
15-21	2075-2082	omringd	
15-22	2083-2087	door	
15-23	2088-2094	bergen	
15-24	2094-2095	,	
15-25	2096-2103	waarvan	
15-26	2104-2106	er	
15-27	2107-2114	sommige	
15-28	2115-2119	eene	
15-29	2120-2130	verbazende	
15-30	2131-2137	hoogte	
15-31	2138-2144	hadden	
15-32	2144-2145	.	
