#FORMAT=WebAnno TSV 3.3
#T_SP=custom.Span|label
#T_RL=custom.Relation|label|BT_custom.Span


#Text=Blaͤttlein/ das an dem einem Ende
#Text=ſpitzig zulaͤufft, am andern aber in et-
#Text=was rund iſt, und umher ausgekerbet:
#Text=
#Text=mitten durch das Blat laufft ein mittel-
#Text=maͤßiger Nerve, aus dem ein Hauffen
#Text=kleine Aederlein entſtehen.
1-1	3-13	Blaͤttlein	_	_	_	
1-2	13-14	/	_	_	_	
1-3	15-18	das	_	_	_	
1-4	19-21	an	_	_	_	
1-5	22-25	dem	_	_	_	
1-6	26-31	einem	_	_	_	
1-7	32-36	Ende	_	_	_	
1-8	37-44	ſpitzig	_	_	_	
1-9	45-54	zulaͤufft	_	_	_	
1-10	54-55	,	_	_	_	
1-11	56-58	am	_	_	_	
1-12	59-65	andern	_	_	_	
1-13	66-70	aber	_	_	_	
1-14	71-73	in	_	_	_	
1-15	74-76	et	_	_	_	
1-16	76-77	-	_	_	_	
1-17	78-81	was	_	_	_	
1-18	82-86	rund	_	_	_	
1-19	87-90	iſt	_	_	_	
1-20	90-91	,	_	_	_	
1-21	92-95	und	_	_	_	
1-22	96-101	umher	_	_	_	
1-23	102-113	ausgekerbet	_	_	_	
1-24	113-114	:	_	_	_	
1-25	116-122	mitten	_	_	_	
1-26	123-128	durch	_	_	_	
1-27	129-132	das	_	_	_	
1-28	133-137	Blat	_	_	_	
1-29	138-144	laufft	_	_	_	
1-30	145-148	ein	_	_	_	
1-31	149-155	mittel	_	_	_	
1-32	155-156	-	_	_	_	
1-33	157-165	maͤßiger	_	_	_	
1-34	166-171	Nerve	_	_	_	
1-35	171-172	,	_	_	_	
1-36	173-176	aus	_	_	_	
1-37	177-180	dem	_	_	_	
1-38	181-184	ein	_	_	_	
1-39	185-192	Hauffen	_	_	_	
1-40	193-199	kleine	_	_	_	
1-41	200-209	Aederlein	_	_	_	
1-42	210-219	entſtehen	_	_	_	
1-43	219-220	.	_	_	_	

#Text=Nach die-
#Text=ſen Blaͤttern kommen die Knoͤpfe, de-
#Text=ren ieder ſo dicke als die Spitze des Fin-
#Text=gers iſt, einer gantz ſonderlichen Geſtalt;
#Text=
#Text=darinne ſind zwey oder drey Fruͤchte, die
#Text=wie die Arecafruͤchte ſehen, zu befinden,
#Text=welche auswendig und inwendig maͤuſe-
#Text=fahl, und einen weiſſen Kern, der gar
#Text=leichtlich vermodert, in ſich enthalten.
2-1	221-225	Nach	_	_	_	
2-2	226-229	die	_	_	_	
2-3	229-230	-	_	_	_	
2-4	231-234	ſen	_	_	_	
2-5	235-244	Blaͤttern	_	_	_	
2-6	245-251	kommen	_	_	_	
2-7	252-255	die	_	_	_	
2-8	256-263	Knoͤpfe	_	_	_	
2-9	263-264	,	_	_	_	
2-10	265-267	de	_	_	_	
2-11	267-268	-	_	_	_	
2-12	269-272	ren	_	_	_	
2-13	273-278	ieder	_	_	_	
2-14	279-281	ſo	_	_	_	
2-15	282-287	dicke	_	_	_	
2-16	288-291	als	_	_	_	
2-17	292-295	die	_	_	_	
2-18	296-302	Spitze	_	_	_	
2-19	303-306	des	_	_	_	
2-20	307-310	Fin	_	_	_	
2-21	310-311	-	_	_	_	
2-22	312-316	gers	_	_	_	
2-23	317-320	iſt	_	_	_	
2-24	320-321	,	_	_	_	
2-25	322-327	einer	_	_	_	
2-26	328-333	gantz	_	_	_	
2-27	334-346	ſonderlichen	_	_	_	
2-28	347-354	Geſtalt	_	_	_	
2-29	354-355	;	_	_	_	
2-30	357-364	darinne	_	_	_	
2-31	365-369	ſind	_	_	_	
2-32	370-374	zwey	_	_	_	
2-33	375-379	oder	_	_	_	
2-34	380-384	drey	_	_	_	
2-35	385-393	Fruͤchte	_	_	_	
2-36	393-394	,	_	_	_	
2-37	395-398	die	_	_	_	
2-38	399-402	wie	_	_	_	
2-39	403-406	die	_	_	_	
2-40	407-420	Arecafruͤchte	_	_	_	
2-41	421-426	ſehen	_	_	_	
2-42	426-427	,	_	_	_	
2-43	428-430	zu	_	_	_	
2-44	431-439	befinden	_	_	_	
2-45	439-440	,	_	_	_	
2-46	441-447	welche	_	_	_	
2-47	448-457	auswendig	_	_	_	
2-48	458-461	und	_	_	_	
2-49	462-470	inwendig	_	_	_	
2-50	471-477	maͤuſe	_	_	_	
2-51	477-478	-	_	_	_	
2-52	479-483	fahl	_	_	_	
2-53	483-484	,	_	_	_	
2-54	485-488	und	_	_	_	
2-55	489-494	einen	_	_	_	
2-56	495-502	weiſſen	_	_	_	
2-57	503-507	Kern	_	_	_	
2-58	507-508	,	_	_	_	
2-59	509-512	der	_	_	_	
2-60	513-516	gar	_	_	_	
2-61	517-527	leichtlich	_	_	_	
2-62	528-537	vermodert	_	_	_	
2-63	537-538	,	_	_	_	
2-64	539-541	in	_	_	_	
2-65	542-546	ſich	_	_	_	
2-66	547-556	enthalten	_	_	_	
2-67	556-557	.	_	_	_	

#Text=Siehe Fig.
#Text=124.
3-1	560-565	Siehe	_	_	_	
3-2	566-569	Fig	_	_	_	
3-3	569-570	.	_	_	_	
3-4	571-574	124	_	_	_	
3-5	574-575	.	_	_	_	

#Text=Der Japaniſche Thee iſt von dem
#Text=Sineſiſchen nur darinne unterſchie-
#Text=den, daß er viel kleinere Blaͤtter hat,
#Text=auch weit angenehmer ſchmeckt und
#Text=riechet: weil er nun zugleich insgemein
#Text=lieblich gruͤne ſiehet, ſo erhoͤhet dieſer be-
#Text=ſondere Geruch, Geſchmack und Farbe
#Text=
#Text=ſeinen Werth dermaſſen daß ein Pfund
#Text=aufrichtiger Japaniſcher Thee, der ſo
#Text=kleine Blaͤtter, und erſterwaͤhnte Farbe
#Text=
#Text=nebſt einem angenehmen Heugeruche
#Text=
#Text=hat, und dabey auch wie Veilgen riecht,
#Text=unter 150. bis 200.
4-1	578-581	Der	_	_	_	
4-2	582-592	Japaniſche	_	_	_	
4-3	593-597	Thee	_	_	_	
4-4	598-601	iſt	_	_	_	
4-5	602-605	von	_	_	_	
4-6	606-609	dem	_	_	_	
4-7	610-621	Sineſiſchen	_	_	_	
4-8	622-625	nur	_	_	_	
4-9	626-633	darinne	_	_	_	
4-10	634-644	unterſchie	_	_	_	
4-11	644-645	-	_	_	_	
4-12	646-649	den	_	_	_	
4-13	649-650	,	_	_	_	
4-14	651-654	daß	_	_	_	
4-15	655-657	er	Smell\_Source	_	_	
4-16	658-662	viel	_	_	_	
4-17	663-671	kleinere	_	_	_	
4-18	672-680	Blaͤtter	_	_	_	
4-19	681-684	hat	_	_	_	
4-20	684-685	,	_	_	_	
4-21	686-690	auch	_	_	_	
4-22	691-695	weit	Quality	_	_	
4-23	696-706	angenehmer	Quality	*	4-22	
4-24	707-715	ſchmeckt	_	_	_	
4-25	716-719	und	_	_	_	
4-26	720-727	riechet	Smell\_Word	_	_	
4-27	727-728	:	_	_	_	
4-28	729-733	weil	_	_	_	
4-29	734-736	er	Smell\_Source	_	_	
4-30	737-740	nun	_	_	_	
4-31	741-749	zugleich	_	_	_	
4-32	750-759	insgemein	_	_	_	
4-33	760-768	lieblich	_	_	_	
4-34	769-775	gruͤne	_	_	_	
4-35	776-782	ſiehet	_	_	_	
4-36	782-783	,	_	_	_	
4-37	784-786	ſo	_	_	_	
4-38	787-795	erhoͤhet	_	_	_	
4-39	796-802	dieſer	_	_	_	
4-40	803-805	be	Quality[1]	_	_	
4-41	805-806	-	Quality[1]	_	_	
4-42	807-814	ſondere	Quality[1]	_	_	
4-43	815-821	Geruch	Smell\_Word	_	_	
4-44	821-822	,	_	_	_	
4-45	823-832	Geſchmack	_	_	_	
4-46	833-836	und	_	_	_	
4-47	837-842	Farbe	_	_	_	
4-48	844-850	ſeinen	_	_	_	
4-49	851-856	Werth	_	_	_	
4-50	857-866	dermaſſen	_	_	_	
4-51	867-870	daß	_	_	_	
4-52	871-874	ein	_	_	_	
4-53	875-880	Pfund	_	_	_	
4-54	881-893	aufrichtiger	_	_	_	
4-55	894-905	Japaniſcher	Smell\_Source[2]	_	_	
4-56	906-910	Thee	Smell\_Source[2]	_	_	
4-57	910-911	,	_	_	_	
4-58	912-915	der	_	_	_	
4-59	916-918	ſo	_	_	_	
4-60	919-925	kleine	_	_	_	
4-61	926-934	Blaͤtter	_	_	_	
4-62	934-935	,	_	_	_	
4-63	936-939	und	_	_	_	
4-64	940-953	erſterwaͤhnte	_	_	_	
4-65	954-959	Farbe	_	_	_	
4-66	961-966	nebſt	_	_	_	
4-67	967-972	einem	_	_	_	
4-68	973-983	angenehmen	Quality	_	_	
4-69	984-994	Heugeruche	Smell\_Word	_	_	
4-70	996-999	hat	_	_	_	
4-71	999-1000	,	_	_	_	
4-72	1001-1004	und	_	_	_	
4-73	1005-1010	dabey	_	_	_	
4-74	1011-1015	auch	_	_	_	
4-75	1016-1019	wie	_	_	_	
4-76	1020-1027	Veilgen	_	_	_	
4-77	1028-1034	riecht	_	_	_	
4-78	1034-1035	,	_	_	_	
4-79	1036-1041	unter	_	_	_	
4-80	1042-1045	150	_	_	_	
4-81	1045-1046	.	_	_	_	
4-82	1047-1050	bis	_	_	_	
4-83	1051-1054	200	_	_	_	
4-84	1054-1055	.	_	_	_	

#Text=Francken
#Text=nicht kan
#Text=verſchaffet werden.
5-1	1056-1064	Francken	_	_	_	
5-2	1065-1070	nicht	_	_	_	
5-3	1071-1074	kan	_	_	_	
5-4	1075-1086	verſchaffet	_	_	_	
5-5	1087-1093	werden	_	_	_	
5-6	1093-1094	.	_	_	_	

#Text=Daß alſo gar ein
#Text=groſſer Unterſcheid zwiſchen dieſem und
#Text=
#Text=dem Chineſiſchen Thee, von welchem der
#Text=allerbeſte iederzeit zwey dritte Theile
#Text=
#Text=weniger gilt.
6-1	1095-1098	Daß	_	_	_	
6-2	1099-1103	alſo	_	_	_	
6-3	1104-1107	gar	_	_	_	
6-4	1108-1111	ein	_	_	_	
6-5	1112-1119	groſſer	_	_	_	
6-6	1120-1131	Unterſcheid	_	_	_	
6-7	1132-1140	zwiſchen	_	_	_	
6-8	1141-1147	dieſem	_	_	_	
6-9	1148-1151	und	_	_	_	
6-10	1153-1156	dem	_	_	_	
6-11	1157-1169	Chineſiſchen	_	_	_	
6-12	1170-1174	Thee	_	_	_	
6-13	1174-1175	,	_	_	_	
6-14	1176-1179	von	_	_	_	
6-15	1180-1187	welchem	_	_	_	
6-16	1188-1191	der	_	_	_	
6-17	1192-1202	allerbeſte	_	_	_	
6-18	1203-1212	iederzeit	_	_	_	
6-19	1213-1217	zwey	_	_	_	
6-20	1218-1224	dritte	_	_	_	
6-21	1225-1231	Theile	_	_	_	
6-22	1233-1240	weniger	_	_	_	
6-23	1241-1245	gilt	_	_	_	
6-24	1245-1246	.	_	_	_	

#Text=Der Thee, den uns die Hollaͤnder/
#Text=
#Text=Englaͤnder und andere zufuͤhren, das
#Text=ſind kleine zuſammen gerollte Blaͤttlein,
#Text=wie wir ſie verkauffen;
#Text=die Art aber und
#Text=Weiſe, den Thee zuzurichten, iſt dieſe:
#Text=
#Text=wenn die Chineſer und Japaner den
#Text=Thee geſammlet haben, laſſen ſie ihn
#Text=
#Text=beym
7-1	1250-1253	Der	_	_	_	
7-2	1254-1258	Thee	_	_	_	
7-3	1258-1259	,	_	_	_	
7-4	1260-1263	den	_	_	_	
7-5	1264-1267	uns	_	_	_	
7-6	1268-1271	die	_	_	_	
7-7	1272-1282	Hollaͤnder	_	_	_	
7-8	1282-1283	/	_	_	_	
7-9	1285-1295	Englaͤnder	_	_	_	
7-10	1296-1299	und	_	_	_	
7-11	1300-1306	andere	_	_	_	
7-12	1307-1316	zufuͤhren	_	_	_	
7-13	1316-1317	,	_	_	_	
7-14	1318-1321	das	_	_	_	
7-15	1322-1326	ſind	_	_	_	
7-16	1327-1333	kleine	_	_	_	
7-17	1334-1342	zuſammen	_	_	_	
7-18	1343-1351	gerollte	_	_	_	
7-19	1352-1362	Blaͤttlein	_	_	_	
7-20	1362-1363	,	_	_	_	
7-21	1364-1367	wie	_	_	_	
7-22	1368-1371	wir	_	_	_	
7-23	1372-1375	ſie	_	_	_	
7-24	1376-1386	verkauffen	_	_	_	
7-25	1386-1387	;	_	_	_	
7-26	1388-1391	die	_	_	_	
7-27	1392-1395	Art	_	_	_	
7-28	1396-1400	aber	_	_	_	
7-29	1401-1404	und	_	_	_	
7-30	1405-1410	Weiſe	_	_	_	
7-31	1410-1411	,	_	_	_	
7-32	1412-1415	den	_	_	_	
7-33	1416-1420	Thee	_	_	_	
7-34	1421-1432	zuzurichten	_	_	_	
7-35	1432-1433	,	_	_	_	
7-36	1434-1437	iſt	_	_	_	
7-37	1438-1443	dieſe	_	_	_	
7-38	1443-1444	:	_	_	_	
7-39	1446-1450	wenn	_	_	_	
7-40	1451-1454	die	_	_	_	
7-41	1455-1463	Chineſer	_	_	_	
7-42	1464-1467	und	_	_	_	
7-43	1468-1475	Japaner	_	_	_	
7-44	1476-1479	den	_	_	_	
7-45	1480-1484	Thee	_	_	_	
7-46	1485-1494	geſammlet	_	_	_	
7-47	1495-1500	haben	_	_	_	
7-48	1500-1501	,	_	_	_	
7-49	1502-1508	laſſen	_	_	_	
7-50	1509-1512	ſie	_	_	_	
7-51	1513-1516	ihn	_	_	_	
7-52	1518-1522	beym	_	_	_	
