#FORMAT=WebAnno TSV 3.3


#Text=Elem.
1-1	2-6	Elem	
1-2	6-7	.	

#Text=Tom VII.
#Text=pars II.
#Text=p. 147. fub lit, m,
#Text=
#Text=
#Text=
#Text=
#Text=
#Text=T
#Text=
#Text=
#Text=
#Text=dam menses iam patiatur, nec, ne.
2-1	8-11	Tom	
2-2	12-15	VII	
2-3	15-16	.	
2-4	17-21	pars	
2-5	22-24	II	
2-6	24-25	.	
2-7	26-27	p	
2-8	27-28	.	
2-9	29-32	147	
2-10	32-33	.	
2-11	34-37	fub	
2-12	38-41	lit	
2-13	41-42	,	
2-14	43-44	m	
2-15	44-45	,	
2-16	51-52	T	
2-17	56-59	dam	
2-18	60-66	menses	
2-19	67-70	iam	
2-20	71-79	patiatur	
2-21	79-80	,	
2-22	81-84	nec	
2-23	84-85	,	
2-24	86-88	ne	
2-25	88-89	.	

#Text=Obseruatum porro eft, multos e regno, vegetabili depromtos et fermentando aptos cibos, fructus horaeos, vinum, cereuisiam, faepiffimne solito prius in corruptionein abiiffe, quum mulieres tempore periodi menstruae rebus illis fele valde appropinquauerint, quod nullo modo explicari potest, nisi per mutatam perspirationis naturam indeque ortam vim, fermentationem adiuuantem.
3-1	90-100	Obseruatum	
3-2	101-106	porro	
3-3	107-110	eft	
3-4	110-111	,	
3-5	112-118	multos	
3-6	119-120	e	
3-7	121-126	regno	
3-8	126-127	,	
3-9	128-138	vegetabili	
3-10	139-148	depromtos	
3-11	149-151	et	
3-12	152-163	fermentando	
3-13	164-169	aptos	
3-14	170-175	cibos	
3-15	175-176	,	
3-16	177-184	fructus	
3-17	185-192	horaeos	
3-18	192-193	,	
3-19	194-199	vinum	
3-20	199-200	,	
3-21	201-211	cereuisiam	
3-22	211-212	,	
3-23	213-224	faepiffimne	
3-24	225-231	solito	
3-25	232-237	prius	
3-26	238-240	in	
3-27	241-254	corruptionein	
3-28	255-262	abiiffe	
3-29	262-263	,	
3-30	264-268	quum	
3-31	269-277	mulieres	
3-32	278-285	tempore	
3-33	286-293	periodi	
3-34	294-303	menstruae	
3-35	304-309	rebus	
3-36	310-315	illis	
3-37	316-320	fele	
3-38	321-326	valde	
3-39	327-344	appropinquauerint	
3-40	344-345	,	
3-41	346-350	quod	
3-42	351-356	nullo	
3-43	357-361	modo	
3-44	362-371	explicari	
3-45	372-378	potest	
3-46	378-379	,	
3-47	380-384	nisi	
3-48	385-388	per	
3-49	389-396	mutatam	
3-50	397-411	perspirationis	
3-51	412-419	naturam	
3-52	420-427	indeque	
3-53	428-433	ortam	
3-54	434-437	vim	
3-55	437-438	,	
3-56	439-453	fermentationem	
3-57	454-464	adiuuantem	
3-58	464-465	.	

#Text=Haec forsan incommoda, quae cum mensibus incedere folent, et eo grauiora funt, quo aestuosius clima est, MOYSEN comniouille credo, vt mulieres, dum menses paterentur, pro inmundis habendas et ab omnium consortio arcendas iuberet %), quam legem etiam noftris teinporibus apud gentes quasdam barbaras valere, testantur peregrinatores.
#Text=ci
#Text=
#Text=s!
4-1	466-470	Haec	
4-2	471-477	forsan	
4-3	478-487	incommoda	
4-4	487-488	,	
4-5	489-493	quae	
4-6	494-497	cum	
4-7	498-506	mensibus	
4-8	507-515	incedere	
4-9	516-522	folent	
4-10	522-523	,	
4-11	524-526	et	
4-12	527-529	eo	
4-13	530-538	grauiora	
4-14	539-543	funt	
4-15	543-544	,	
4-16	545-548	quo	
4-17	549-559	aestuosius	
4-18	560-565	clima	
4-19	566-569	est	
4-20	569-570	,	
4-21	571-577	MOYSEN	
4-22	578-589	comniouille	
4-23	590-595	credo	
4-24	595-596	,	
4-25	597-599	vt	
4-26	600-608	mulieres	
4-27	608-609	,	
4-28	610-613	dum	
4-29	614-620	menses	
4-30	621-631	paterentur	
4-31	631-632	,	
4-32	633-636	pro	
4-33	637-645	inmundis	
4-34	646-654	habendas	
4-35	655-657	et	
4-36	658-660	ab	
4-37	661-667	omnium	
4-38	668-677	consortio	
4-39	678-686	arcendas	
4-40	687-694	iuberet	
4-41	695-696	%	
4-42	696-697	)	
4-43	697-698	,	
4-44	699-703	quam	
4-45	704-709	legem	
4-46	710-715	etiam	
4-47	716-723	noftris	
4-48	724-735	teinporibus	
4-49	736-740	apud	
4-50	741-747	gentes	
4-51	748-755	quasdam	
4-52	756-764	barbaras	
4-53	765-771	valere	
4-54	771-772	,	
4-55	773-782	testantur	
4-56	783-797	peregrinatores	
4-57	797-798	.	
4-58	799-801	ci	
4-59	803-804	s	
4-60	804-805	!	

#Text=$.
5-1	806-807	$	
5-2	807-808	.	

#Text=XI.
6-1	809-811	XI	
6-2	811-812	.	

#Text=Nec non ab ingeftis faepiffime mutatur perspirationis natura atque odor.
7-1	813-816	Nec	
7-2	817-820	non	
7-3	821-823	ab	
7-4	824-832	ingeftis	
7-5	833-843	faepiffime	
7-6	844-851	mutatur	
7-7	852-866	perspirationis	
7-8	867-873	natura	
7-9	874-879	atque	
7-10	880-884	odor	
7-11	884-885	.	

#Text=Multa enim alimenta partibus gaudent olentibus, quae quidem ope chyli sanguini adeniscentur, fed ex illorursus per varia emunctoria excernuntur.
8-1	886-891	Multa	
8-2	892-896	enim	
8-3	897-905	alimenta	
8-4	906-914	partibus	
8-5	915-922	gaudent	
8-6	923-932	olentibus	
8-7	932-933	,	
8-8	934-938	quae	
8-9	939-945	quidem	
8-10	946-949	ope	
8-11	950-955	chyli	
8-12	956-964	sanguini	
8-13	965-977	adeniscentur	
8-14	977-978	,	
8-15	979-982	fed	
8-16	983-985	ex	
8-17	986-996	illorursus	
8-18	997-1000	per	
8-19	1001-1006	varia	
8-20	1007-1017	emunctoria	
8-21	1018-1029	excernuntur	
8-22	1029-1030	.	

#Text=Sic ex abusu victus aniinalis a) sudor foetidus, ex nimio acidorum vsu b) sudor acidulus obseruatus est.
9-1	1031-1034	Sic	
9-2	1035-1037	ex	
9-3	1038-1043	abusu	
9-4	1044-1050	victus	
9-5	1051-1060	aniinalis	
9-6	1061-1062	a	
9-7	1062-1063	)	
9-8	1064-1069	sudor	
9-9	1070-1078	foetidus	
9-10	1078-1079	,	
9-11	1080-1082	ex	
9-12	1083-1088	nimio	
9-13	1089-1097	acidorum	
9-14	1098-1101	vsu	
9-15	1102-1103	b	
9-16	1103-1104	)	
9-17	1105-1110	sudor	
9-18	1111-1119	acidulus	
9-19	1120-1130	obseruatus	
9-20	1131-1134	est	
9-21	1134-1135	.	

#Text=Olent cminus, qui adipe çetaceo vescuntur.
10-1	1136-1141	Olent	
10-2	1142-1148	cminus	
10-3	1148-1149	,	
10-4	1150-1153	qui	
10-5	1154-1159	adipe	
10-6	1160-1167	çetaceo	
10-7	1168-1177	vescuntur	
10-8	1177-1178	.	

#Text=Abysu ficuuin pro cibo ordinario sudorem foetentem ortum legimus bb).
11-1	1179-1184	Abysu	
11-2	1185-1192	ficuuin	
11-3	1193-1196	pro	
11-4	1197-1201	cibo	
11-5	1202-1211	ordinario	
11-6	1212-1219	sudorem	
11-7	1220-1229	foetentem	
11-8	1230-1235	ortum	
11-9	1236-1243	legimus	
11-10	1244-1246	bb	
11-11	1246-1247	)	
11-12	1247-1248	.	

#Text=Aromatum odores
#Text=
#Text=per 2) Levitic.
#Text=cap.
#Text=15.
#Text=versu 196-29 a) MARHERR lib. cit.
#Text=pag. 700.
12-1	1249-1257	Aromatum	
12-2	1258-1264	odores	
12-3	1266-1269	per	
12-4	1270-1271	2	
12-5	1271-1272	)	
12-6	1273-1280	Levitic	
12-7	1280-1281	.	
12-8	1282-1285	cap	
12-9	1285-1286	.	
12-10	1287-1289	15	
12-11	1289-1290	.	
12-12	1291-1296	versu	
12-13	1297-1300	196	
12-14	1300-1301	-	
12-15	1301-1303	29	
12-16	1304-1305	a	
12-17	1305-1306	)	
12-18	1307-1314	MARHERR	
12-19	1315-1318	lib	
12-20	1318-1319	.	
12-21	1320-1323	cit	
12-22	1323-1324	.	
12-23	1325-1328	pag	
12-24	1328-1329	.	
12-25	1330-1333	700	
12-26	1333-1334	.	

#Text=HALLER prim. lin.
13-1	1335-1341	HALLER	
13-2	1342-1346	prim	
13-3	1346-1347	.	
13-4	1348-1351	lin	
13-5	1351-1352	.	
