#FORMAT=WebAnno TSV 3.3
#T_SP=custom.Span|label
#T_RL=custom.Relation|label|BT_custom.Span


#Text=Men vergelyke dit verder met het gezegde Hoofdst.
1-1	4-7	Men	_	_	_	
1-2	8-17	vergelyke	_	_	_	
1-3	18-21	dit	_	_	_	
1-4	22-28	verder	_	_	_	
1-5	29-32	met	_	_	_	
1-6	33-36	het	_	_	_	
1-7	37-44	gezegde	_	_	_	
1-8	45-52	Hoofdst	_	_	_	
1-9	52-53	.	_	_	_	

#Text=VII, bladz.
#Text=349.
2-1	54-57	VII	_	_	_	
2-2	57-58	,	_	_	_	
2-3	59-64	bladz	_	_	_	
2-4	64-65	.	_	_	_	
2-5	66-69	349	_	_	_	
2-6	69-70	.	_	_	_	

#Text=Deeze korte aanmerking, wegens het Mineraal Zee-Zout, waar mede wy van het
#Text=Zee-water afstappen, heeft ons ongevoelig gebragt tot onze
#Text=
#Text=J. le Francq van Berkhey, Natuurlyke historie van Holland.
3-1	72-77	Deeze	_	_	_	
3-2	78-83	korte	_	_	_	
3-3	84-94	aanmerking	_	_	_	
3-4	94-95	,	_	_	_	
3-5	96-102	wegens	_	_	_	
3-6	103-106	het	_	_	_	
3-7	107-115	Mineraal	_	_	_	
3-8	116-124	Zee-Zout	_	_	_	
3-9	124-125	,	_	_	_	
3-10	126-130	waar	_	_	_	
3-11	131-135	mede	_	_	_	
3-12	136-138	wy	_	_	_	
3-13	139-142	van	_	_	_	
3-14	143-146	het	_	_	_	
3-15	147-156	Zee-water	_	_	_	
3-16	157-166	afstappen	_	_	_	
3-17	166-167	,	_	_	_	
3-18	168-173	heeft	_	_	_	
3-19	174-177	ons	_	_	_	
3-20	178-188	ongevoelig	_	_	_	
3-21	189-196	gebragt	_	_	_	
3-22	197-200	tot	_	_	_	
3-23	201-205	onze	_	_	_	
3-24	207-208	J	_	_	_	
3-25	208-209	.	_	_	_	
3-26	210-212	le	_	_	_	
3-27	213-219	Francq	_	_	_	
3-28	220-223	van	_	_	_	
3-29	224-231	Berkhey	_	_	_	
3-30	231-232	,	_	_	_	
3-31	233-243	Natuurlyke	_	_	_	
3-32	244-252	historie	_	_	_	
3-33	253-256	van	_	_	_	
3-34	257-264	Holland	_	_	_	
3-35	264-265	.	_	_	_	

#Text=Eerste deel
#Text=
#Text=\f
#Text=489
#Text=+
#Text=
#Text=
#Text=Derde classe.
4-1	266-272	Eerste	_	_	_	
4-2	273-277	deel	_	_	_	
4-3	281-284	489	_	_	_	
4-4	285-286	+	_	_	_	
4-5	289-294	Derde	_	_	_	
4-6	295-301	classe	_	_	_	
4-7	301-302	.	_	_	_	

#Text=De Mineraale wateren.
5-1	304-306	De	_	_	_	
5-2	307-316	Mineraale	_	_	_	
5-3	317-324	wateren	_	_	_	
5-4	324-325	.	_	_	_	

#Text=Sommige Mineraale wateren zyn helder, dog andere wederom zyn minder
#Text=doorschynend; de meeste hebben eenigen reuk;
#Text=meerendeels word men eene lyvige
#Text=smeerigheid aan dezelve gewaar, die ligt te ontdekken is; veeltyds hebben zy eene
#Text=byzondere koleur, die haar van andere wateren onderscheid, en zy bevriezen zelden,
#Text=(dog dit laatste is alleen toepasselyk op sterk met Mineraal bezwangerde wateren.)
6-1	328-335	Sommige	_	_	_	
6-2	336-345	Mineraale	Smell\_Source[1]	Anaphoric	6-14[2_1]	
6-3	346-353	wateren	Smell\_Source[1]	_	_	
6-4	354-357	zyn	_	_	_	
6-5	358-364	helder	_	_	_	
6-6	364-365	,	_	_	_	
6-7	366-369	dog	_	_	_	
6-8	370-376	andere	_	_	_	
6-9	377-384	wederom	_	_	_	
6-10	385-388	zyn	_	_	_	
6-11	389-395	minder	_	_	_	
6-12	396-408	doorschynend	_	_	_	
6-13	408-409	;	_	_	_	
6-14	410-412	de	Smell\_Source[2]	_	_	
6-15	413-419	meeste	Smell\_Source[2]	_	_	
6-16	420-426	hebben	_	_	_	
6-17	427-434	eenigen	Quality	_	_	
6-18	435-439	reuk	Smell\_Word	*|*|*	6-2[1_0]|6-14[2_0]|6-17	
6-19	439-440	;	_	_	_	
6-20	441-452	meerendeels	_	_	_	
6-21	453-457	word	_	_	_	
6-22	458-461	men	_	_	_	
6-23	462-466	eene	_	_	_	
6-24	467-473	lyvige	_	_	_	
6-25	474-485	smeerigheid	_	_	_	
6-26	486-489	aan	_	_	_	
6-27	490-497	dezelve	_	_	_	
6-28	498-504	gewaar	_	_	_	
6-29	504-505	,	_	_	_	
6-30	506-509	die	_	_	_	
6-31	510-514	ligt	_	_	_	
6-32	515-517	te	_	_	_	
6-33	518-527	ontdekken	_	_	_	
6-34	528-530	is	_	_	_	
6-35	530-531	;	_	_	_	
6-36	532-540	veeltyds	_	_	_	
6-37	541-547	hebben	_	_	_	
6-38	548-550	zy	_	_	_	
6-39	551-555	eene	_	_	_	
6-40	556-565	byzondere	_	_	_	
6-41	566-572	koleur	_	_	_	
6-42	572-573	,	_	_	_	
6-43	574-577	die	_	_	_	
6-44	578-582	haar	_	_	_	
6-45	583-586	van	_	_	_	
6-46	587-593	andere	_	_	_	
6-47	594-601	wateren	_	_	_	
6-48	602-613	onderscheid	_	_	_	
6-49	613-614	,	_	_	_	
6-50	615-617	en	_	_	_	
6-51	618-620	zy	_	_	_	
6-52	621-630	bevriezen	_	_	_	
6-53	631-637	zelden	_	_	_	
6-54	637-638	,	_	_	_	
6-55	639-640	(	_	_	_	
6-56	640-643	dog	_	_	_	
6-57	644-647	dit	_	_	_	
6-58	648-655	laatste	_	_	_	
6-59	656-658	is	_	_	_	
6-60	659-665	alleen	_	_	_	
6-61	666-677	toepasselyk	_	_	_	
6-62	678-680	op	_	_	_	
6-63	681-686	sterk	_	_	_	
6-64	687-690	met	_	_	_	
6-65	691-699	Mineraal	_	_	_	
6-66	700-711	bezwangerde	_	_	_	
6-67	712-719	wateren	_	_	_	
6-68	719-720	.	_	_	_	
6-69	720-721	)	_	_	_	

#Text=in één woord
#Text=, door Mineraal-water verstaat men algemeen water;
#Text='t welk met allerleie
#Text=onderaardsche, of in de lugt zweevende, Zouten en Metaaldeelen, dermaate
#Text=vermengd is, dat het van de natuur van zuiver en huishoudelyk water afwyke, en in
#Text=een meer of minder trap van zynen grondaart verschille.
7-1	723-725	in	_	_	_	
7-2	726-729	één	_	_	_	
7-3	730-735	woord	_	_	_	
7-4	736-737	,	_	_	_	
7-5	738-742	door	_	_	_	
7-6	743-757	Mineraal-water	_	_	_	
7-7	758-766	verstaat	_	_	_	
7-8	767-770	men	_	_	_	
7-9	771-779	algemeen	_	_	_	
7-10	780-785	water	_	_	_	
7-11	785-786	;	_	_	_	
7-12	787-788	'	_	_	_	
7-13	788-789	t	_	_	_	
7-14	790-794	welk	_	_	_	
7-15	795-798	met	_	_	_	
7-16	799-808	allerleie	_	_	_	
7-17	809-822	onderaardsche	_	_	_	
7-18	822-823	,	_	_	_	
7-19	824-826	of	_	_	_	
7-20	827-829	in	_	_	_	
7-21	830-832	de	_	_	_	
7-22	833-837	lugt	_	_	_	
7-23	838-847	zweevende	_	_	_	
7-24	847-848	,	_	_	_	
7-25	849-855	Zouten	_	_	_	
7-26	856-858	en	_	_	_	
7-27	859-871	Metaaldeelen	_	_	_	
7-28	871-872	,	_	_	_	
7-29	873-881	dermaate	_	_	_	
7-30	882-890	vermengd	_	_	_	
7-31	891-893	is	_	_	_	
7-32	893-894	,	_	_	_	
7-33	895-898	dat	_	_	_	
7-34	899-902	het	_	_	_	
7-35	903-906	van	_	_	_	
7-36	907-909	de	_	_	_	
7-37	910-916	natuur	_	_	_	
7-38	917-920	van	_	_	_	
7-39	921-927	zuiver	_	_	_	
7-40	928-930	en	_	_	_	
7-41	931-943	huishoudelyk	_	_	_	
7-42	944-949	water	_	_	_	
7-43	950-956	afwyke	_	_	_	
7-44	956-957	,	_	_	_	
7-45	958-960	en	_	_	_	
7-46	961-963	in	_	_	_	
7-47	964-967	een	_	_	_	
7-48	968-972	meer	_	_	_	
7-49	973-975	of	_	_	_	
7-50	976-982	minder	_	_	_	
7-51	983-987	trap	_	_	_	
7-52	988-991	van	_	_	_	
7-53	992-997	zynen	_	_	_	
7-54	998-1007	grondaart	_	_	_	
7-55	1008-1018	verschille	_	_	_	
7-56	1018-1019	.	_	_	_	

#Text=Ik heb in het Vyfde Hoofdstuk, bladz.
#Text=245. reeds gewag gemaakt van de natuur
#Text=der Mineraale Bronnen in Holland; deswegen gezegd, dat men in dit Land geene
#Text=bekende Vitriool- of Metaal-aderen vind; en tevens gemeld in hoe verre men alhier
#Text=eenige Yzerhoudende of Vitriool-wateren, onder deezen grondaart, zoude kunnen
#Text=betrekken:
#Text=uit welke aanmerking te gelyk volgde, dat 'er slegts weinige Mineraale
#Text=wateren, hier te Lande, gevonden worden.
8-1	1022-1024	Ik	_	_	_	
8-2	1025-1028	heb	_	_	_	
8-3	1029-1031	in	_	_	_	
8-4	1032-1035	het	_	_	_	
8-5	1036-1041	Vyfde	_	_	_	
8-6	1042-1051	Hoofdstuk	_	_	_	
8-7	1051-1052	,	_	_	_	
8-8	1053-1058	bladz	_	_	_	
8-9	1058-1059	.	_	_	_	
8-10	1060-1063	245	_	_	_	
8-11	1063-1064	.	_	_	_	
8-12	1065-1070	reeds	_	_	_	
8-13	1071-1076	gewag	_	_	_	
8-14	1077-1084	gemaakt	_	_	_	
8-15	1085-1088	van	_	_	_	
8-16	1089-1091	de	_	_	_	
8-17	1092-1098	natuur	_	_	_	
8-18	1099-1102	der	_	_	_	
8-19	1103-1112	Mineraale	_	_	_	
8-20	1113-1120	Bronnen	_	_	_	
8-21	1121-1123	in	_	_	_	
8-22	1124-1131	Holland	_	_	_	
8-23	1131-1132	;	_	_	_	
8-24	1133-1141	deswegen	_	_	_	
8-25	1142-1148	gezegd	_	_	_	
8-26	1148-1149	,	_	_	_	
8-27	1150-1153	dat	_	_	_	
8-28	1154-1157	men	_	_	_	
8-29	1158-1160	in	_	_	_	
8-30	1161-1164	dit	_	_	_	
8-31	1165-1169	Land	_	_	_	
8-32	1170-1175	geene	_	_	_	
8-33	1176-1183	bekende	_	_	_	
8-34	1184-1192	Vitriool	_	_	_	
8-35	1192-1193	-	_	_	_	
8-36	1194-1196	of	_	_	_	
8-37	1197-1210	Metaal-aderen	_	_	_	
8-38	1211-1215	vind	_	_	_	
8-39	1215-1216	;	_	_	_	
8-40	1217-1219	en	_	_	_	
8-41	1220-1226	tevens	_	_	_	
8-42	1227-1233	gemeld	_	_	_	
8-43	1234-1236	in	_	_	_	
8-44	1237-1240	hoe	_	_	_	
8-45	1241-1246	verre	_	_	_	
8-46	1247-1250	men	_	_	_	
8-47	1251-1257	alhier	_	_	_	
8-48	1258-1264	eenige	_	_	_	
8-49	1265-1277	Yzerhoudende	_	_	_	
8-50	1278-1280	of	_	_	_	
8-51	1281-1297	Vitriool-wateren	_	_	_	
8-52	1297-1298	,	_	_	_	
8-53	1299-1304	onder	_	_	_	
8-54	1305-1311	deezen	_	_	_	
8-55	1312-1321	grondaart	_	_	_	
8-56	1321-1322	,	_	_	_	
8-57	1323-1328	zoude	_	_	_	
8-58	1329-1335	kunnen	_	_	_	
8-59	1336-1345	betrekken	_	_	_	
8-60	1345-1346	:	_	_	_	
8-61	1347-1350	uit	_	_	_	
8-62	1351-1356	welke	_	_	_	
8-63	1357-1367	aanmerking	_	_	_	
8-64	1368-1370	te	_	_	_	
8-65	1371-1376	gelyk	_	_	_	
8-66	1377-1383	volgde	_	_	_	
8-67	1383-1384	,	_	_	_	
8-68	1385-1388	dat	_	_	_	
8-69	1389-1390	'	_	_	_	
8-70	1390-1392	er	_	_	_	
8-71	1393-1399	slegts	_	_	_	
8-72	1400-1407	weinige	_	_	_	
8-73	1408-1417	Mineraale	_	_	_	
8-74	1418-1425	wateren	_	_	_	
8-75	1425-1426	,	_	_	_	
8-76	1427-1431	hier	_	_	_	
8-77	1432-1434	te	_	_	_	
8-78	1435-1440	Lande	_	_	_	
8-79	1440-1441	,	_	_	_	
8-80	1442-1450	gevonden	_	_	_	
8-81	1451-1457	worden	_	_	_	
8-82	1457-1458	.	_	_	_	

#Text=Derhalven agt ik het overtollig om deeze
#Text=onze Derde Classe, of die der Mineraale wateren, hier, in die juistheid, te volgen,
#Text=als zy, met betrekking tot andere Landen, en tot de Algemeene Natuurlyke Historie,
#Text=by W
9-1	1459-1468	Derhalven	_	_	_	
9-2	1469-1472	agt	_	_	_	
9-3	1473-1475	ik	_	_	_	
9-4	1476-1479	het	_	_	_	
9-5	1480-1490	overtollig	_	_	_	
9-6	1491-1493	om	_	_	_	
9-7	1494-1499	deeze	_	_	_	
9-8	1500-1504	onze	_	_	_	
9-9	1505-1510	Derde	_	_	_	
9-10	1511-1517	Classe	_	_	_	
9-11	1517-1518	,	_	_	_	
9-12	1519-1521	of	_	_	_	
9-13	1522-1525	die	_	_	_	
9-14	1526-1529	der	_	_	_	
9-15	1530-1539	Mineraale	_	_	_	
9-16	1540-1547	wateren	_	_	_	
9-17	1547-1548	,	_	_	_	
9-18	1549-1553	hier	_	_	_	
9-19	1553-1554	,	_	_	_	
9-20	1555-1557	in	_	_	_	
9-21	1558-1561	die	_	_	_	
9-22	1562-1571	juistheid	_	_	_	
9-23	1571-1572	,	_	_	_	
9-24	1573-1575	te	_	_	_	
9-25	1576-1582	volgen	_	_	_	
9-26	1582-1583	,	_	_	_	
9-27	1584-1587	als	_	_	_	
9-28	1588-1590	zy	_	_	_	
9-29	1590-1591	,	_	_	_	
9-30	1592-1595	met	_	_	_	
9-31	1596-1606	betrekking	_	_	_	
9-32	1607-1610	tot	_	_	_	
9-33	1611-1617	andere	_	_	_	
9-34	1618-1624	Landen	_	_	_	
9-35	1624-1625	,	_	_	_	
9-36	1626-1628	en	_	_	_	
9-37	1629-1632	tot	_	_	_	
9-38	1633-1635	de	_	_	_	
9-39	1636-1645	Algemeene	_	_	_	
9-40	1646-1656	Natuurlyke	_	_	_	
9-41	1657-1665	Historie	_	_	_	
9-42	1665-1666	,	_	_	_	
9-43	1667-1669	by	_	_	_	
9-44	1670-1671	W	_	_	_	
