#FORMAT=WebAnno TSV 3.3
#T_SP=custom.Span|label
#T_RL=custom.Relation|label|BT_custom.Span


#Text=24 Nec dicet vicinus : Elangui ; populus qui habitat in ea, auferetur ab eo iniquitas.
1-1	2-4	24	_	_	_	
1-2	5-8	Nec	_	_	_	
1-3	9-14	dicet	_	_	_	
1-4	15-22	vicinus	_	_	_	
1-5	23-24	:	_	_	_	
1-6	25-32	Elangui	_	_	_	
1-7	33-34	;	_	_	_	
1-8	35-42	populus	_	_	_	
1-9	43-46	qui	_	_	_	
1-10	47-54	habitat	_	_	_	
1-11	55-57	in	_	_	_	
1-12	58-60	ea	_	_	_	
1-13	60-61	,	_	_	_	
1-14	62-71	auferetur	_	_	_	
1-15	72-74	ab	_	_	_	
1-16	75-77	eo	_	_	_	
1-17	78-87	iniquitas	_	_	_	
1-18	87-88	.	_	_	_	

#Text=Caput 34
#Text=
#Text=
#Text=1 Accedite, gentes, et audite ; et populi, attendite : audiat terra, et plenitudo ejus ; orbis, et omne germen ejus.
#Text=2 Quia indignatio Domini super omnes gentes, et furor super universam militiam eorum : interfecit eos, et dedit eos in occisionem.
#Text=3 Interfecti eorum projicientur, et de cadaveribus eorum ascendet fœtor ; tabescent montes a sanguine eorum.
#Text=4 Et tabescet omnis militia cælorum, et complicabuntur sicut liber cæli : et omnis militia eorum defluet, sicut defluit folium de vinea et de ficu.
#Text=5 Quoniam inebriatus est in cælo gladius meus ; ecce super Idumæam descendet, et super populum interfectionis meæ, ad judicium.
#Text=6 Gladius Domini repletus est sanguine, incrassatus est adipe, de sanguine agnorum et hircorum, de sanguine medullatorum arietum : victima enim Domini in Bosra, et interfectio magna in terra Edom.
#Text=7 Et descendent unicornes cum eis, et tauri cum potentibus ; inebriabitur terra eorum sanguine, et humus eorum adipe pinguium.
#Text=8 Quia dies ultionis Domini, annus retributionum judicii Sion.
#Text=9 Et convertentur torrentes ejus in picem, et humus ejus in sulphur ; et erit terra ejus in picem ardentem.
#Text=10 Nocte et die non extinguetur, in sempiternum ascendet fumus ejus, a generatione in generationem desolabitur, in sæcula sæculorum non erit transiens per eam.
#Text=11 Et possidebunt illam onocrotalus et ericius ; ibis et corvus habitabunt in ea : et extendetur super eam mensura, ut redigatur ad nihilum, et perpendiculum in desolationem.
#Text=12 Nobiles ejus non erunt ibi ; regem potius invocabunt, et omnes principes ejus erunt in nihilum.
#Text=13 Et orientur in domibus ejus spinæ et urticæ, et paliurus in munitionibus ejus ; et erit cubile draconum, et pascua struthionum.
#Text=14 Et occurrent dæmonia onocentauris, et pilosus clamabit alter ad alterum ; ibi cubavit lamia, et invenit sibi requiem.
#Text=15 Ibi habuit foveam ericius, et enutrivit catulos, et circumfodit, et fovit in umbra ejus ; illuc congregati sunt milvi, alter ad alterum.
#Text=16 Requirite diligenter in libro Domini, et legite : Unum ex eis non defuit, alter alterum non quæsivit ; quia quod ex ore meo procedit, ille mandavit, et spiritus ejus ipse congregavit ea.
#Text=17 Et ipse misit eis sortem, et manus ejus divisit eam illis in mensuram : usque in æternum possidebunt eam ; in generationem et generationem habitabunt in ea.
2-1	89-94	Caput	_	_	_	
2-2	95-97	34	_	_	_	
2-3	100-101	1	_	_	_	
2-4	102-110	Accedite	_	_	_	
2-5	110-111	,	_	_	_	
2-6	112-118	gentes	_	_	_	
2-7	118-119	,	_	_	_	
2-8	120-122	et	_	_	_	
2-9	123-129	audite	_	_	_	
2-10	130-131	;	_	_	_	
2-11	132-134	et	_	_	_	
2-12	135-141	populi	_	_	_	
2-13	141-142	,	_	_	_	
2-14	143-152	attendite	_	_	_	
2-15	153-154	:	_	_	_	
2-16	155-161	audiat	_	_	_	
2-17	162-167	terra	_	_	_	
2-18	167-168	,	_	_	_	
2-19	169-171	et	_	_	_	
2-20	172-181	plenitudo	_	_	_	
2-21	182-186	ejus	_	_	_	
2-22	187-188	;	_	_	_	
2-23	189-194	orbis	_	_	_	
2-24	194-195	,	_	_	_	
2-25	196-198	et	_	_	_	
2-26	199-203	omne	_	_	_	
2-27	204-210	germen	_	_	_	
2-28	211-215	ejus	_	_	_	
2-29	215-216	.	_	_	_	
2-30	217-218	2	_	_	_	
2-31	219-223	Quia	_	_	_	
2-32	224-234	indignatio	_	_	_	
2-33	235-241	Domini	_	_	_	
2-34	242-247	super	_	_	_	
2-35	248-253	omnes	_	_	_	
2-36	254-260	gentes	_	_	_	
2-37	260-261	,	_	_	_	
2-38	262-264	et	_	_	_	
2-39	265-270	furor	_	_	_	
2-40	271-276	super	_	_	_	
2-41	277-286	universam	_	_	_	
2-42	287-295	militiam	_	_	_	
2-43	296-301	eorum	_	_	_	
2-44	302-303	:	_	_	_	
2-45	304-314	interfecit	_	_	_	
2-46	315-318	eos	_	_	_	
2-47	318-319	,	_	_	_	
2-48	320-322	et	_	_	_	
2-49	323-328	dedit	_	_	_	
2-50	329-332	eos	_	_	_	
2-51	333-335	in	_	_	_	
2-52	336-346	occisionem	_	_	_	
2-53	346-347	.	_	_	_	
2-54	348-349	3	_	_	_	
2-55	350-360	Interfecti	_	_	_	
2-56	361-366	eorum	_	_	_	
2-57	367-379	projicientur	_	_	_	
2-58	379-380	,	_	_	_	
2-59	381-383	et	_	_	_	
2-60	384-386	de	Smell\_Source[1]	_	_	
2-61	387-398	cadaveribus	Smell\_Source[1]	_	_	
2-62	399-404	eorum	Smell\_Source[1]	_	_	
2-63	405-413	ascendet	_	_	_	
2-64	414-419	fœtor	Smell\_Word	*	2-60[1_0]	
2-65	420-421	;	_	_	_	
2-66	422-431	tabescent	_	_	_	
2-67	432-438	montes	_	_	_	
2-68	439-440	a	_	_	_	
2-69	441-449	sanguine	_	_	_	
2-70	450-455	eorum	_	_	_	
2-71	455-456	.	_	_	_	
2-72	457-458	4	_	_	_	
2-73	459-461	Et	_	_	_	
2-74	462-470	tabescet	_	_	_	
2-75	471-476	omnis	_	_	_	
2-76	477-484	militia	_	_	_	
2-77	485-492	cælorum	_	_	_	
2-78	492-493	,	_	_	_	
2-79	494-496	et	_	_	_	
2-80	497-511	complicabuntur	_	_	_	
2-81	512-517	sicut	_	_	_	
2-82	518-523	liber	_	_	_	
2-83	524-528	cæli	_	_	_	
2-84	529-530	:	_	_	_	
2-85	531-533	et	_	_	_	
2-86	534-539	omnis	_	_	_	
2-87	540-547	militia	_	_	_	
2-88	548-553	eorum	_	_	_	
2-89	554-561	defluet	_	_	_	
2-90	561-562	,	_	_	_	
2-91	563-568	sicut	_	_	_	
2-92	569-576	defluit	_	_	_	
2-93	577-583	folium	_	_	_	
2-94	584-586	de	_	_	_	
2-95	587-592	vinea	_	_	_	
2-96	593-595	et	_	_	_	
2-97	596-598	de	_	_	_	
2-98	599-603	ficu	_	_	_	
2-99	603-604	.	_	_	_	
2-100	605-606	5	_	_	_	
2-101	607-614	Quoniam	_	_	_	
2-102	615-625	inebriatus	_	_	_	
2-103	626-629	est	_	_	_	
2-104	630-632	in	_	_	_	
2-105	633-637	cælo	_	_	_	
2-106	638-645	gladius	_	_	_	
2-107	646-650	meus	_	_	_	
2-108	651-652	;	_	_	_	
2-109	653-657	ecce	_	_	_	
2-110	658-663	super	_	_	_	
2-111	664-671	Idumæam	_	_	_	
2-112	672-681	descendet	_	_	_	
2-113	681-682	,	_	_	_	
2-114	683-685	et	_	_	_	
2-115	686-691	super	_	_	_	
2-116	692-699	populum	_	_	_	
2-117	700-714	interfectionis	_	_	_	
2-118	715-718	meæ	_	_	_	
2-119	718-719	,	_	_	_	
2-120	720-722	ad	_	_	_	
2-121	723-731	judicium	_	_	_	
2-122	731-732	.	_	_	_	
2-123	733-734	6	_	_	_	
2-124	735-742	Gladius	_	_	_	
2-125	743-749	Domini	_	_	_	
2-126	750-758	repletus	_	_	_	
2-127	759-762	est	_	_	_	
2-128	763-771	sanguine	_	_	_	
2-129	771-772	,	_	_	_	
2-130	773-784	incrassatus	_	_	_	
2-131	785-788	est	_	_	_	
2-132	789-794	adipe	_	_	_	
2-133	794-795	,	_	_	_	
2-134	796-798	de	_	_	_	
2-135	799-807	sanguine	_	_	_	
2-136	808-815	agnorum	_	_	_	
2-137	816-818	et	_	_	_	
2-138	819-827	hircorum	_	_	_	
2-139	827-828	,	_	_	_	
2-140	829-831	de	_	_	_	
2-141	832-840	sanguine	_	_	_	
2-142	841-853	medullatorum	_	_	_	
2-143	854-861	arietum	_	_	_	
2-144	862-863	:	_	_	_	
2-145	864-871	victima	_	_	_	
2-146	872-876	enim	_	_	_	
2-147	877-883	Domini	_	_	_	
2-148	884-886	in	_	_	_	
2-149	887-892	Bosra	_	_	_	
2-150	892-893	,	_	_	_	
2-151	894-896	et	_	_	_	
2-152	897-908	interfectio	_	_	_	
2-153	909-914	magna	_	_	_	
2-154	915-917	in	_	_	_	
2-155	918-923	terra	_	_	_	
2-156	924-928	Edom	_	_	_	
2-157	928-929	.	_	_	_	
2-158	930-931	7	_	_	_	
2-159	932-934	Et	_	_	_	
2-160	935-945	descendent	_	_	_	
2-161	946-955	unicornes	_	_	_	
2-162	956-959	cum	_	_	_	
2-163	960-963	eis	_	_	_	
2-164	963-964	,	_	_	_	
2-165	965-967	et	_	_	_	
2-166	968-973	tauri	_	_	_	
2-167	974-977	cum	_	_	_	
2-168	978-988	potentibus	_	_	_	
2-169	989-990	;	_	_	_	
2-170	991-1003	inebriabitur	_	_	_	
2-171	1004-1009	terra	_	_	_	
2-172	1010-1015	eorum	_	_	_	
2-173	1016-1024	sanguine	_	_	_	
2-174	1024-1025	,	_	_	_	
2-175	1026-1028	et	_	_	_	
2-176	1029-1034	humus	_	_	_	
2-177	1035-1040	eorum	_	_	_	
2-178	1041-1046	adipe	_	_	_	
2-179	1047-1055	pinguium	_	_	_	
2-180	1055-1056	.	_	_	_	
2-181	1057-1058	8	_	_	_	
2-182	1059-1063	Quia	_	_	_	
2-183	1064-1068	dies	_	_	_	
2-184	1069-1077	ultionis	_	_	_	
2-185	1078-1084	Domini	_	_	_	
2-186	1084-1085	,	_	_	_	
2-187	1086-1091	annus	_	_	_	
2-188	1092-1105	retributionum	_	_	_	
2-189	1106-1113	judicii	_	_	_	
2-190	1114-1118	Sion	_	_	_	
2-191	1118-1119	.	_	_	_	
2-192	1120-1121	9	_	_	_	
2-193	1122-1124	Et	_	_	_	
2-194	1125-1137	convertentur	_	_	_	
2-195	1138-1147	torrentes	_	_	_	
2-196	1148-1152	ejus	_	_	_	
2-197	1153-1155	in	_	_	_	
2-198	1156-1161	picem	_	_	_	
2-199	1161-1162	,	_	_	_	
2-200	1163-1165	et	_	_	_	
2-201	1166-1171	humus	_	_	_	
2-202	1172-1176	ejus	_	_	_	
2-203	1177-1179	in	_	_	_	
2-204	1180-1187	sulphur	_	_	_	
2-205	1188-1189	;	_	_	_	
2-206	1190-1192	et	_	_	_	
2-207	1193-1197	erit	_	_	_	
2-208	1198-1203	terra	_	_	_	
2-209	1204-1208	ejus	_	_	_	
2-210	1209-1211	in	_	_	_	
2-211	1212-1217	picem	_	_	_	
2-212	1218-1226	ardentem	_	_	_	
2-213	1226-1227	.	_	_	_	
2-214	1228-1230	10	_	_	_	
2-215	1231-1236	Nocte	_	_	_	
2-216	1237-1239	et	_	_	_	
2-217	1240-1243	die	_	_	_	
2-218	1244-1247	non	_	_	_	
2-219	1248-1259	extinguetur	_	_	_	
2-220	1259-1260	,	_	_	_	
2-221	1261-1263	in	_	_	_	
2-222	1264-1275	sempiternum	_	_	_	
2-223	1276-1284	ascendet	_	_	_	
2-224	1285-1290	fumus	_	_	_	
2-225	1291-1295	ejus	_	_	_	
2-226	1295-1296	,	_	_	_	
2-227	1297-1298	a	_	_	_	
2-228	1299-1310	generatione	_	_	_	
2-229	1311-1313	in	_	_	_	
2-230	1314-1326	generationem	_	_	_	
2-231	1327-1338	desolabitur	_	_	_	
2-232	1338-1339	,	_	_	_	
2-233	1340-1342	in	_	_	_	
2-234	1343-1349	sæcula	_	_	_	
2-235	1350-1359	sæculorum	_	_	_	
2-236	1360-1363	non	_	_	_	
2-237	1364-1368	erit	_	_	_	
2-238	1369-1378	transiens	_	_	_	
2-239	1379-1382	per	_	_	_	
2-240	1383-1386	eam	_	_	_	
2-241	1386-1387	.	_	_	_	
2-242	1388-1390	11	_	_	_	
2-243	1391-1393	Et	_	_	_	
2-244	1394-1405	possidebunt	_	_	_	
2-245	1406-1411	illam	_	_	_	
2-246	1412-1423	onocrotalus	_	_	_	
2-247	1424-1426	et	_	_	_	
2-248	1427-1434	ericius	_	_	_	
2-249	1435-1436	;	_	_	_	
2-250	1437-1441	ibis	_	_	_	
2-251	1442-1444	et	_	_	_	
2-252	1445-1451	corvus	_	_	_	
2-253	1452-1462	habitabunt	_	_	_	
2-254	1463-1465	in	_	_	_	
2-255	1466-1468	ea	_	_	_	
2-256	1469-1470	:	_	_	_	
2-257	1471-1473	et	_	_	_	
2-258	1474-1484	extendetur	_	_	_	
2-259	1485-1490	super	_	_	_	
2-260	1491-1494	eam	_	_	_	
2-261	1495-1502	mensura	_	_	_	
2-262	1502-1503	,	_	_	_	
2-263	1504-1506	ut	_	_	_	
2-264	1507-1516	redigatur	_	_	_	
2-265	1517-1519	ad	_	_	_	
2-266	1520-1527	nihilum	_	_	_	
2-267	1527-1528	,	_	_	_	
2-268	1529-1531	et	_	_	_	
2-269	1532-1545	perpendiculum	_	_	_	
2-270	1546-1548	in	_	_	_	
2-271	1549-1561	desolationem	_	_	_	
2-272	1561-1562	.	_	_	_	
2-273	1563-1565	12	_	_	_	
2-274	1566-1573	Nobiles	_	_	_	
2-275	1574-1578	ejus	_	_	_	
2-276	1579-1582	non	_	_	_	
2-277	1583-1588	erunt	_	_	_	
2-278	1589-1592	ibi	_	_	_	
2-279	1593-1594	;	_	_	_	
2-280	1595-1600	regem	_	_	_	
2-281	1601-1607	potius	_	_	_	
2-282	1608-1618	invocabunt	_	_	_	
2-283	1618-1619	,	_	_	_	
2-284	1620-1622	et	_	_	_	
2-285	1623-1628	omnes	_	_	_	
2-286	1629-1638	principes	_	_	_	
2-287	1639-1643	ejus	_	_	_	
2-288	1644-1649	erunt	_	_	_	
2-289	1650-1652	in	_	_	_	
2-290	1653-1660	nihilum	_	_	_	
2-291	1660-1661	.	_	_	_	
2-292	1662-1664	13	_	_	_	
2-293	1665-1667	Et	_	_	_	
2-294	1668-1676	orientur	_	_	_	
2-295	1677-1679	in	_	_	_	
2-296	1680-1687	domibus	_	_	_	
2-297	1688-1692	ejus	_	_	_	
2-298	1693-1698	spinæ	_	_	_	
2-299	1699-1701	et	_	_	_	
2-300	1702-1708	urticæ	_	_	_	
2-301	1708-1709	,	_	_	_	
2-302	1710-1712	et	_	_	_	
2-303	1713-1721	paliurus	_	_	_	
2-304	1722-1724	in	_	_	_	
2-305	1725-1737	munitionibus	_	_	_	
2-306	1738-1742	ejus	_	_	_	
2-307	1743-1744	;	_	_	_	
2-308	1745-1747	et	_	_	_	
2-309	1748-1752	erit	_	_	_	
2-310	1753-1759	cubile	_	_	_	
2-311	1760-1768	draconum	_	_	_	
2-312	1768-1769	,	_	_	_	
2-313	1770-1772	et	_	_	_	
2-314	1773-1779	pascua	_	_	_	
2-315	1780-1791	struthionum	_	_	_	
2-316	1791-1792	.	_	_	_	
2-317	1793-1795	14	_	_	_	
2-318	1796-1798	Et	_	_	_	
2-319	1799-1808	occurrent	_	_	_	
2-320	1809-1816	dæmonia	_	_	_	
2-321	1817-1829	onocentauris	_	_	_	
2-322	1829-1830	,	_	_	_	
2-323	1831-1833	et	_	_	_	
2-324	1834-1841	pilosus	_	_	_	
2-325	1842-1850	clamabit	_	_	_	
2-326	1851-1856	alter	_	_	_	
2-327	1857-1859	ad	_	_	_	
2-328	1860-1867	alterum	_	_	_	
2-329	1868-1869	;	_	_	_	
2-330	1870-1873	ibi	_	_	_	
2-331	1874-1881	cubavit	_	_	_	
2-332	1882-1887	lamia	_	_	_	
2-333	1887-1888	,	_	_	_	
2-334	1889-1891	et	_	_	_	
2-335	1892-1899	invenit	_	_	_	
2-336	1900-1904	sibi	_	_	_	
2-337	1905-1912	requiem	_	_	_	
2-338	1912-1913	.	_	_	_	
2-339	1914-1916	15	_	_	_	
2-340	1917-1920	Ibi	_	_	_	
2-341	1921-1927	habuit	_	_	_	
2-342	1928-1934	foveam	_	_	_	
2-343	1935-1942	ericius	_	_	_	
2-344	1942-1943	,	_	_	_	
2-345	1944-1946	et	_	_	_	
2-346	1947-1956	enutrivit	_	_	_	
2-347	1957-1964	catulos	_	_	_	
2-348	1964-1965	,	_	_	_	
2-349	1966-1968	et	_	_	_	
2-350	1969-1980	circumfodit	_	_	_	
2-351	1980-1981	,	_	_	_	
2-352	1982-1984	et	_	_	_	
2-353	1985-1990	fovit	_	_	_	
2-354	1991-1993	in	_	_	_	
2-355	1994-1999	umbra	_	_	_	
2-356	2000-2004	ejus	_	_	_	
2-357	2005-2006	;	_	_	_	
2-358	2007-2012	illuc	_	_	_	
2-359	2013-2023	congregati	_	_	_	
2-360	2024-2028	sunt	_	_	_	
2-361	2029-2034	milvi	_	_	_	
2-362	2034-2035	,	_	_	_	
2-363	2036-2041	alter	_	_	_	
2-364	2042-2044	ad	_	_	_	
2-365	2045-2052	alterum	_	_	_	
2-366	2052-2053	.	_	_	_	
2-367	2054-2056	16	_	_	_	
2-368	2057-2066	Requirite	_	_	_	
2-369	2067-2077	diligenter	_	_	_	
2-370	2078-2080	in	_	_	_	
2-371	2081-2086	libro	_	_	_	
2-372	2087-2093	Domini	_	_	_	
2-373	2093-2094	,	_	_	_	
2-374	2095-2097	et	_	_	_	
2-375	2098-2104	legite	_	_	_	
2-376	2105-2106	:	_	_	_	
2-377	2107-2111	Unum	_	_	_	
2-378	2112-2114	ex	_	_	_	
2-379	2115-2118	eis	_	_	_	
2-380	2119-2122	non	_	_	_	
2-381	2123-2129	defuit	_	_	_	
2-382	2129-2130	,	_	_	_	
2-383	2131-2136	alter	_	_	_	
2-384	2137-2144	alterum	_	_	_	
2-385	2145-2148	non	_	_	_	
2-386	2149-2157	quæsivit	_	_	_	
2-387	2158-2159	;	_	_	_	
2-388	2160-2164	quia	_	_	_	
2-389	2165-2169	quod	_	_	_	
2-390	2170-2172	ex	_	_	_	
2-391	2173-2176	ore	_	_	_	
2-392	2177-2180	meo	_	_	_	
2-393	2181-2189	procedit	_	_	_	
2-394	2189-2190	,	_	_	_	
2-395	2191-2195	ille	_	_	_	
2-396	2196-2204	mandavit	_	_	_	
2-397	2204-2205	,	_	_	_	
2-398	2206-2208	et	_	_	_	
2-399	2209-2217	spiritus	_	_	_	
2-400	2218-2222	ejus	_	_	_	
2-401	2223-2227	ipse	_	_	_	
2-402	2228-2239	congregavit	_	_	_	
2-403	2240-2242	ea	_	_	_	
2-404	2242-2243	.	_	_	_	
2-405	2244-2246	17	_	_	_	
2-406	2247-2249	Et	_	_	_	
2-407	2250-2254	ipse	_	_	_	
2-408	2255-2260	misit	_	_	_	
2-409	2261-2264	eis	_	_	_	
2-410	2265-2271	sortem	_	_	_	
2-411	2271-2272	,	_	_	_	
2-412	2273-2275	et	_	_	_	
2-413	2276-2281	manus	_	_	_	
2-414	2282-2286	ejus	_	_	_	
2-415	2287-2294	divisit	_	_	_	
2-416	2295-2298	eam	_	_	_	
2-417	2299-2304	illis	_	_	_	
2-418	2305-2307	in	_	_	_	
2-419	2308-2316	mensuram	_	_	_	
2-420	2317-2318	:	_	_	_	
2-421	2319-2324	usque	_	_	_	
2-422	2325-2327	in	_	_	_	
2-423	2328-2335	æternum	_	_	_	
2-424	2336-2347	possidebunt	_	_	_	
2-425	2348-2351	eam	_	_	_	
2-426	2352-2353	;	_	_	_	
2-427	2354-2356	in	_	_	_	
2-428	2357-2369	generationem	_	_	_	
2-429	2370-2372	et	_	_	_	
2-430	2373-2385	generationem	_	_	_	
2-431	2386-2396	habitabunt	_	_	_	
2-432	2397-2399	in	_	_	_	
2-433	2400-2402	ea	_	_	_	
2-434	2402-2403	.	_	_	_	

#Text=Caput 35
#Text=
#Text=
#Text=1 Lætabitur deserta et invia, et exsultabit solitudo, et florebit quasi lilium.
#Text=2 Germinans germinabit, et exsultabit lætabunda et laudans : gloria Libani data est ei, decor Carmeli et Saron ; ipsi videbunt gloriam Domini, et decorem Dei nostri.
3-1	2404-2409	Caput	_	_	_	
3-2	2410-2412	35	_	_	_	
3-3	2415-2416	1	_	_	_	
3-4	2417-2426	Lætabitur	_	_	_	
3-5	2427-2434	deserta	_	_	_	
3-6	2435-2437	et	_	_	_	
3-7	2438-2443	invia	_	_	_	
3-8	2443-2444	,	_	_	_	
3-9	2445-2447	et	_	_	_	
3-10	2448-2458	exsultabit	_	_	_	
3-11	2459-2467	solitudo	_	_	_	
3-12	2467-2468	,	_	_	_	
3-13	2469-2471	et	_	_	_	
3-14	2472-2480	florebit	_	_	_	
3-15	2481-2486	quasi	_	_	_	
3-16	2487-2493	lilium	_	_	_	
3-17	2493-2494	.	_	_	_	
3-18	2495-2496	2	_	_	_	
3-19	2497-2506	Germinans	_	_	_	
3-20	2507-2517	germinabit	_	_	_	
3-21	2517-2518	,	_	_	_	
3-22	2519-2521	et	_	_	_	
3-23	2522-2532	exsultabit	_	_	_	
3-24	2533-2542	lætabunda	_	_	_	
3-25	2543-2545	et	_	_	_	
3-26	2546-2553	laudans	_	_	_	
3-27	2554-2555	:	_	_	_	
3-28	2556-2562	gloria	_	_	_	
3-29	2563-2569	Libani	_	_	_	
3-30	2570-2574	data	_	_	_	
3-31	2575-2578	est	_	_	_	
3-32	2579-2581	ei	_	_	_	
3-33	2581-2582	,	_	_	_	
3-34	2583-2588	decor	_	_	_	
3-35	2589-2596	Carmeli	_	_	_	
3-36	2597-2599	et	_	_	_	
3-37	2600-2605	Saron	_	_	_	
3-38	2606-2607	;	_	_	_	
3-39	2608-2612	ipsi	_	_	_	
3-40	2613-2621	videbunt	_	_	_	
3-41	2622-2629	gloriam	_	_	_	
3-42	2630-2636	Domini	_	_	_	
3-43	2636-2637	,	_	_	_	
3-44	2638-2640	et	_	_	_	
3-45	2641-2648	decorem	_	_	_	
3-46	2649-2652	Dei	_	_	_	
3-47	2653-2659	nostri	_	_	_	
3-48	2659-2660	.	_	_	_	
