#FORMAT=WebAnno TSV 3.3


#Text=11: 3.
#Text=wie sal dan looghenen, datter Spoken zijn na den val?
1-1	2-4	11	
1-2	4-5	:	
1-3	6-7	3	
1-4	7-8	.	
1-5	9-12	wie	
1-6	13-16	sal	
1-7	17-20	dan	
1-8	21-30	looghenen	
1-9	30-31	,	
1-10	32-38	datter	
1-11	39-45	Spoken	
1-12	46-50	zijn	
1-13	51-53	na	
1-14	54-57	den	
1-15	58-61	val	
1-16	61-62	?	

#Text=VIII.
2-1	63-67	VIII	
2-2	67-68	.	

#Text=Hy voegt
#Text='er wederom op 't laatste by de ondervindinge; self van Poëten en van Orateuren, en
#Text=wel tienmaal meer Theologanten onser Kerken dan Apostelen of Profeten.
3-1	69-71	Hy	
3-2	72-77	voegt	
3-3	78-79	'	
3-4	79-81	er	
3-5	82-89	wederom	
3-6	90-92	op	
3-7	93-94	'	
3-8	94-95	t	
3-9	96-103	laatste	
3-10	104-106	by	
3-11	107-109	de	
3-12	110-123	ondervindinge	
3-13	123-124	;	
3-14	125-129	self	
3-15	130-133	van	
3-16	134-140	Poëten	
3-17	141-143	en	
3-18	144-147	van	
3-19	148-157	Orateuren	
3-20	157-158	,	
3-21	159-161	en	
3-22	162-165	wel	
3-23	166-174	tienmaal	
3-24	175-179	meer	
3-25	180-192	Theologanten	
3-26	193-198	onser	
3-27	199-205	Kerken	
3-28	206-209	dan	
3-29	210-219	Apostelen	
3-30	220-222	of	
3-31	223-231	Profeten	
3-32	231-232	.	

#Text=Die in dit
#Text=III.
#Text=deel mijns boex tot hier toe wel gelesen heeft, sal weten wat hy van de IV.
#Text=reden
#Text=
#Text=seggen sal.
4-1	233-236	Die	
4-2	237-239	in	
4-3	240-243	dit	
4-4	244-247	III	
4-5	247-248	.	
4-6	249-253	deel	
4-7	254-259	mijns	
4-8	260-264	boex	
4-9	265-268	tot	
4-10	269-273	hier	
4-11	274-277	toe	
4-12	278-281	wel	
4-13	282-289	gelesen	
4-14	290-295	heeft	
4-15	295-296	,	
4-16	297-300	sal	
4-17	301-306	weten	
4-18	307-310	wat	
4-19	311-313	hy	
4-20	314-317	van	
4-21	318-320	de	
4-22	321-323	IV	
4-23	323-324	.	
4-24	325-330	reden	
4-25	332-338	seggen	
4-26	339-342	sal	
4-27	342-343	.	

#Text=De selve sal ook uit het III.
#Text=des II.
#Text=boex wel sien wat van de lucht-duivels
#Text=te geloven zy, en XXXI. §.
#Text=13--19.
#Text=hoe die met de Schrift bewesen worden.
5-1	344-346	De	
5-2	347-352	selve	
5-3	353-356	sal	
5-4	357-360	ook	
5-5	361-364	uit	
5-6	365-368	het	
5-7	369-372	III	
5-8	372-373	.	
5-9	374-377	des	
5-10	378-380	II	
5-11	380-381	.	
5-12	382-386	boex	
5-13	387-390	wel	
5-14	391-395	sien	
5-15	396-399	wat	
5-16	400-403	van	
5-17	404-406	de	
5-18	407-420	lucht-duivels	
5-19	421-423	te	
5-20	424-431	geloven	
5-21	432-434	zy	
5-22	434-435	,	
5-23	436-438	en	
5-24	439-443	XXXI	
5-25	443-444	.	
5-26	445-446	§	
5-27	446-447	.	
5-28	448-450	13	
5-29	450-451	-	
5-30	451-452	-	
5-31	452-454	19	
5-32	454-455	.	
5-33	456-459	hoe	
5-34	460-463	die	
5-35	464-467	met	
5-36	468-470	de	
5-37	471-478	Schrift	
5-38	479-486	bewesen	
5-39	487-493	worden	
5-40	493-494	.	

#Text=Daar na
#Text=van Iob en Paulus in het XXV.
6-1	495-499	Daar	
6-2	500-502	na	
6-3	503-506	van	
6-4	507-510	Iob	
6-5	511-513	en	
6-6	514-520	Paulus	
6-7	521-523	in	
6-8	524-527	het	
6-9	528-531	XXV	
6-10	531-532	.	

#Text=Capittel.
7-1	533-541	Capittel	
7-2	541-542	.	

#Text=Het XX.
#Text=sal hem de swarigheid doen sien,
#Text=om in d' historien van 's menschen val te lesen, dat daar de Duivel heeft gespookt,
#Text=dat is, sich sichtbaarlik vertoond in 't Paradijs.
8-1	543-546	Het	
8-2	547-549	XX	
8-3	549-550	.	
8-4	551-554	sal	
8-5	555-558	hem	
8-6	559-561	de	
8-7	562-572	swarigheid	
8-8	573-577	doen	
8-9	578-582	sien	
8-10	582-583	,	
8-11	584-586	om	
8-12	587-589	in	
8-13	590-591	d	
8-14	591-592	'	
8-15	593-602	historien	
8-16	603-606	van	
8-17	607-608	'	
8-18	608-609	s	
8-19	610-618	menschen	
8-20	619-622	val	
8-21	623-625	te	
8-22	626-631	lesen	
8-23	631-632	,	
8-24	633-636	dat	
8-25	637-641	daar	
8-26	642-644	de	
8-27	645-651	Duivel	
8-28	652-657	heeft	
8-29	658-666	gespookt	
8-30	666-667	,	
8-31	668-671	dat	
8-32	672-674	is	
8-33	674-675	,	
8-34	676-680	sich	
8-35	681-693	sichtbaarlik	
8-36	694-702	vertoond	
8-37	703-705	in	
8-38	706-707	'	
8-39	707-708	t	
8-40	709-717	Paradijs	
8-41	717-718	.	

#Text=En over d'achtste redenen wil ik
#Text=d'ondervindinge, als voren, geerne laten aan het ondersoek mijns IV.
#Text=boex
9-1	719-721	En	
9-2	722-726	over	
9-3	727-736	d'achtste	
9-4	737-744	redenen	
9-5	745-748	wil	
9-6	749-751	ik	
9-7	752-767	d'ondervindinge	
9-8	767-768	,	
9-9	769-772	als	
9-10	773-778	voren	
9-11	778-779	,	
9-12	780-786	geerne	
9-13	787-792	laten	
9-14	793-796	aan	
9-15	797-800	het	
9-16	801-810	ondersoek	
9-17	811-816	mijns	
9-18	817-819	IV	
9-19	819-820	.	
9-20	821-825	boex	

#Text=.
10-1	825-826	.	

#Text=§.
11-1	828-829	§	
11-2	829-830	.	
