#FORMAT=WebAnno TSV 3.3


#Text=: want men siet 
#Text=
#Text=de voetstappen van hun tred oock in de harde steenen staen.
1-1	2-3	:	
1-2	4-8	want	
1-3	9-12	men	
1-4	13-17	siet	
1-5	20-22	de	
1-6	23-34	voetstappen	
1-7	35-38	van	
1-8	39-42	hun	
1-9	43-47	tred	
1-10	48-52	oock	
1-11	53-55	in	
1-12	56-58	de	
1-13	59-64	harde	
1-14	65-72	steenen	
1-15	73-78	staen	
1-16	78-79	.	

#Text=Cap.
2-1	83-86	Cap	
2-2	86-87	.	

#Text=VI.
3-1	88-90	VI	
3-2	90-91	.	

#Text=Van de Parrelen, en van hun voort-teelingh.
4-1	92-95	Van	
4-2	96-98	de	
4-3	99-107	Parrelen	
4-4	107-108	,	
4-5	109-111	en	
4-6	112-115	van	
4-7	116-119	hun	
4-8	120-134	voort-teelingh	
4-9	134-135	.	

#Text=MAer op dat de teedere stoffe der Parrelen, nae de beschryvingh der visschen
#Text=achter-ghelaten, niet onaengheroert voorby ghegaen sou worden, soo moet men voor 
#Text=eerst belijden, dat 'er in de Noordsche Landen eenighe vloeden zijn, die ghesteenten 
#Text=voortbrenghen.
5-1	138-142	MAer	
5-2	143-145	op	
5-3	146-149	dat	
5-4	150-152	de	
5-5	153-160	teedere	
5-6	161-167	stoffe	
5-7	168-171	der	
5-8	172-180	Parrelen	
5-9	180-181	,	
5-10	182-185	nae	
5-11	186-188	de	
5-12	189-201	beschryvingh	
5-13	202-205	der	
5-14	206-214	visschen	
5-15	215-230	achter-ghelaten	
5-16	230-231	,	
5-17	232-236	niet	
5-18	237-250	onaengheroert	
5-19	251-257	voorby	
5-20	258-265	ghegaen	
5-21	266-269	sou	
5-22	270-276	worden	
5-23	276-277	,	
5-24	278-281	soo	
5-25	282-286	moet	
5-26	287-290	men	
5-27	291-295	voor	
5-28	297-302	eerst	
5-29	303-311	belijden	
5-30	311-312	,	
5-31	313-316	dat	
5-32	317-318	'	
5-33	318-320	er	
5-34	321-323	in	
5-35	324-326	de	
5-36	327-336	Noordsche	
5-37	337-343	Landen	
5-38	344-351	eenighe	
5-39	352-359	vloeden	
5-40	360-364	zijn	
5-41	364-365	,	
5-42	366-369	die	
5-43	370-381	ghesteenten	
5-44	383-396	voortbrenghen	
5-45	396-397	.	

#Text=Want sy brenghen Schelpvisschen voort, uyt welckers harde schelpen
#Text=
#Text=witte Parrelen ghetrocken worden, schoon sy, uyt oorsaeck van de koude lucht,
#Text=bleeck 
#Text=zijn.
6-1	398-402	Want	
6-2	403-405	sy	
6-3	406-414	brenghen	
6-4	415-429	Schelpvisschen	
6-5	430-435	voort	
6-6	435-436	,	
6-7	437-440	uyt	
6-8	441-449	welckers	
6-9	450-455	harde	
6-10	456-464	schelpen	
6-11	466-471	witte	
6-12	472-480	Parrelen	
6-13	481-491	ghetrocken	
6-14	492-498	worden	
6-15	498-499	,	
6-16	500-506	schoon	
6-17	507-509	sy	
6-18	509-510	,	
6-19	511-514	uyt	
6-20	515-523	oorsaeck	
6-21	524-527	van	
6-22	528-530	de	
6-23	531-536	koude	
6-24	537-542	lucht	
6-25	542-543	,	
6-26	544-550	bleeck	
6-27	552-556	zijn	
6-28	556-557	.	

#Text=Want dese lucht, met dau vermenght, daelt in 't midden van de maent van
#Text=Augustus in de schelp, en veroorsaeckt dat de Parrelen te haestiger rijp worden.
7-1	558-562	Want	
7-2	563-567	dese	
7-3	568-573	lucht	
7-4	573-574	,	
7-5	575-578	met	
7-6	579-582	dau	
7-7	583-592	vermenght	
7-8	592-593	,	
7-9	594-599	daelt	
7-10	600-602	in	
7-11	603-604	'	
7-12	604-605	t	
7-13	606-612	midden	
7-14	613-616	van	
7-15	617-619	de	
7-16	620-625	maent	
7-17	626-629	van	
7-18	630-638	Augustus	
7-19	639-641	in	
7-20	642-644	de	
7-21	645-651	schelp	
7-22	651-652	,	
7-23	653-655	en	
7-24	656-668	veroorsaeckt	
7-25	669-672	dat	
7-26	673-675	de	
7-27	676-684	Parrelen	
7-28	685-687	te	
7-29	688-697	haestiger	
7-30	698-702	rijp	
7-31	703-709	worden	
7-32	709-710	.	

#Text=Dese 
#Text=Parrelen, dus uytghetrocken, worden by de Noordsche volcken tot verieringh, en 
#Text=in hooghe achtingh gehouden; en als sy in een behoorlijcke ordeningh gheplaetst
#Text=worden, soo gheven sy een flickerende schoonheydt, die door de konst der ghener, 
#Text=die verstandt daer af hebben, noch ver-
#Text=
#Text=
#Text=
#Text=
#Text=meerdert wordt.
8-1	711-715	Dese	
8-2	717-725	Parrelen	
8-3	725-726	,	
8-4	727-730	dus	
8-5	731-744	uytghetrocken	
8-6	744-745	,	
8-7	746-752	worden	
8-8	753-755	by	
8-9	756-758	de	
8-10	759-768	Noordsche	
8-11	769-776	volcken	
8-12	777-780	tot	
8-13	781-791	verieringh	
8-14	791-792	,	
8-15	793-795	en	
8-16	797-799	in	
8-17	800-806	hooghe	
8-18	807-815	achtingh	
8-19	816-824	gehouden	
8-20	824-825	;	
8-21	826-828	en	
8-22	829-832	als	
8-23	833-835	sy	
8-24	836-838	in	
8-25	839-842	een	
8-26	843-855	behoorlijcke	
8-27	856-865	ordeningh	
8-28	866-876	gheplaetst	
8-29	877-883	worden	
8-30	883-884	,	
8-31	885-888	soo	
8-32	889-895	gheven	
8-33	896-898	sy	
8-34	899-902	een	
8-35	903-914	flickerende	
8-36	915-926	schoonheydt	
8-37	926-927	,	
8-38	928-931	die	
8-39	932-936	door	
8-40	937-939	de	
8-41	940-945	konst	
8-42	946-949	der	
8-43	950-956	ghener	
8-44	956-957	,	
8-45	959-962	die	
8-46	963-972	verstandt	
8-47	973-977	daer	
8-48	978-980	af	
8-49	981-987	hebben	
8-50	987-988	,	
8-51	989-993	noch	
8-52	994-997	ver	
8-53	997-998	-	
8-54	1003-1011	meerdert	
8-55	1012-1017	wordt	
8-56	1017-1018	.	

#Text=Dese Juweliers brenghen noch schoonder Parrelen en Ghesteenten 
#Text=uyt d'Oostersche Landen in een seer groot ghetal, naer de Noordsche Landen, 
#Text=voornamelijck tot gebruyck, of eer misbruyck der deurluchtighe vrouwen, jae oock 
#Text=van de gemeene vrouwen, die in dusdanighe verieringhen, die selden ghevonden 
#Text=worden, vermaeck scheppen, en die sy in kroonen, armbanden, halsbanden, en
#Text=eyndelijck in de decksels der hoofden ghebruycken.
9-1	1019-1023	Dese	
9-2	1024-1033	Juweliers	
9-3	1034-1042	brenghen	
9-4	1043-1047	noch	
9-5	1048-1057	schoonder	
9-6	1058-1066	Parrelen	
9-7	1067-1069	en	
9-8	1070-1081	Ghesteenten	
9-9	1083-1086	uyt	
9-10	1087-1099	d'Oostersche	
9-11	1100-1106	Landen	
9-12	1107-1109	in	
9-13	1110-1113	een	
9-14	1114-1118	seer	
9-15	1119-1124	groot	
9-16	1125-1131	ghetal	
9-17	1131-1132	,	
9-18	1133-1137	naer	
9-19	1138-1140	de	
9-20	1141-1150	Noordsche	
9-21	1151-1157	Landen	
9-22	1157-1158	,	
9-23	1160-1173	voornamelijck	
9-24	1174-1177	tot	
9-25	1178-1186	gebruyck	
9-26	1186-1187	,	
9-27	1188-1190	of	
9-28	1191-1194	eer	
9-29	1195-1204	misbruyck	
9-30	1205-1208	der	
9-31	1209-1222	deurluchtighe	
9-32	1223-1230	vrouwen	
9-33	1230-1231	,	
9-34	1232-1235	jae	
9-35	1236-1240	oock	
9-36	1242-1245	van	
9-37	1246-1248	de	
9-38	1249-1256	gemeene	
9-39	1257-1264	vrouwen	
9-40	1264-1265	,	
9-41	1266-1269	die	
9-42	1270-1272	in	
9-43	1273-1283	dusdanighe	
9-44	1284-1296	verieringhen	
9-45	1296-1297	,	
9-46	1298-1301	die	
9-47	1302-1308	selden	
9-48	1309-1318	ghevonden	
9-49	1320-1326	worden	
9-50	1326-1327	,	
9-51	1328-1336	vermaeck	
9-52	1337-1345	scheppen	
9-53	1345-1346	,	
9-54	1347-1349	en	
9-55	1350-1353	die	
9-56	1354-1356	sy	
9-57	1357-1359	in	
9-58	1360-1367	kroonen	
9-59	1367-1368	,	
9-60	1369-1378	armbanden	
9-61	1378-1379	,	
9-62	1380-1390	halsbanden	
9-63	1390-1391	,	
9-64	1392-1394	en	
9-65	1395-1405	eyndelijck	
9-66	1406-1408	in	
9-67	1409-1411	de	
9-68	1412-1420	decksels	
9-69	1421-1424	der	
9-70	1425-1432	hoofden	
9-71	1433-1444	ghebruycken	
9-72	1444-1445	.	

#Text=Men vindt daer echter gheen 
#Text=vrouw, hoe deurluchtigh oock van gheslacht, die ooyt Parrelen, of edele Ghesteenten 
#Text=aen d'ooren heeft gehangen, om sware laster te schuwen, als of de natuur, een 
#Text=konstighe werckvrouw, niet aen yeder besonder lidt sijn verieringh en schoonheydt 
#Text=ghegheven had, sonder dat men elders glans pracht van de snoode wormen behoeft 
#Text=t'ontleenen.
10-1	1446-1449	Men	
10-2	1450-1455	vindt	
10-3	1456-1460	daer	
10-4	1461-1467	echter	
10-5	1468-1473	gheen	
10-6	1475-1480	vrouw	
10-7	1480-1481	,	
10-8	1482-1485	hoe	
10-9	1486-1498	deurluchtigh	
10-10	1499-1503	oock	
10-11	1504-1507	van	
10-12	1508-1517	gheslacht	
10-13	1517-1518	,	
10-14	1519-1522	die	
10-15	1523-1527	ooyt	
10-16	1528-1536	Parrelen	
10-17	1536-1537	,	
10-18	1538-1540	of	
10-19	1541-1546	edele	
10-20	1547-1558	Ghesteenten	
10-21	1560-1563	aen	
10-22	1564-1571	d'ooren	
10-23	1572-1577	heeft	
10-24	1578-1586	gehangen	
10-25	1586-1587	,	
10-26	1588-1590	om	
10-27	1591-1596	sware	
10-28	1597-1603	laster	
10-29	1604-1606	te	
10-30	1607-1614	schuwen	
10-31	1614-1615	,	
10-32	1616-1619	als	
10-33	1620-1622	of	
10-34	1623-1625	de	
10-35	1626-1632	natuur	
10-36	1632-1633	,	
10-37	1634-1637	een	
10-38	1639-1648	konstighe	
10-39	1649-1659	werckvrouw	
10-40	1659-1660	,	
10-41	1661-1665	niet	
10-42	1666-1669	aen	
10-43	1670-1675	yeder	
10-44	1676-1684	besonder	
10-45	1685-1689	lidt	
10-46	1690-1694	sijn	
10-47	1695-1705	verieringh	
10-48	1706-1708	en	
10-49	1709-1720	schoonheydt	
10-50	1722-1731	ghegheven	
10-51	1732-1735	had	
10-52	1735-1736	,	
10-53	1737-1743	sonder	
10-54	1744-1747	dat	
10-55	1748-1751	men	
10-56	1752-1758	elders	
10-57	1759-1764	glans	
10-58	1765-1771	pracht	
10-59	1772-1775	van	
10-60	1776-1778	de	
10-61	1779-1785	snoode	
10-62	1786-1792	wormen	
10-63	1793-1800	behoeft	
10-64	1802-1813	t'ontleenen	
10-65	1813-1814	.	

#Text=Eynde van 't Twee-en-twintighste en leste Boeck.
11-1	1817-1822	Eynde	
11-2	1823-1826	van	
11-3	1827-1828	'	
11-4	1828-1829	t	
11-5	1830-1849	Twee-en-twintighste	
11-6	1850-1852	en	
11-7	1853-1858	leste	
11-8	1859-1864	Boeck	
11-9	1864-1865	.	

#Text=Bladtwyser Der Boecken en Capittelen van de beschryvingh der 
#Text=Noordsche Landen.
12-1	1871-1881	Bladtwyser	
12-2	1882-1885	Der	
12-3	1886-1893	Boecken	
12-4	1894-1896	en	
12-5	1897-1907	Capittelen	
12-6	1908-1911	van	
12-7	1912-1914	de	
12-8	1915-1927	beschryvingh	
12-9	1928-1931	der	
12-10	1933-1942	Noordsche	
12-11	1943-1949	Landen	
12-12	1949-1950	.	

#Text=Het Eerste Boeck, van de eyghenschap, zeden en manieren van oorlogen 
#Text=der Noordsche volcken.
13-1	1954-1957	Het	
13-2	1958-1964	Eerste	
13-3	1965-1970	Boeck	
13-4	1970-1971	,	
13-5	1972-1975	van	
13-6	1976-1978	de	
13-7	1979-1990	eyghenschap	
13-8	1990-1991	,	
13-9	1992-1997	zeden	
13-10	1998-2000	en	
13-11	2001-2009	manieren	
13-12	2010-2013	van	
13-13	2014-2022	oorlogen	
13-14	2024-2027	der	
13-15	2028-2037	Noordsche	
13-16	2038-2045	volcken	
13-17	2045-2046	.	

#Text=CAP. 1.
14-1	2051-2054	CAP	
14-2	2054-2055	.	
14-3	2056-2057	1	
14-4	2057-2058	.	

#Text=BEschryvingh van Biarmen.
#Text=
#Text=2.
15-1	2059-2071	BEschryvingh	
15-2	2072-2075	van	
15-3	2076-2083	Biarmen	
15-4	2083-2084	.	
15-5	2086-2087	2	
15-6	2087-2088	.	
