#FORMAT=WebAnno TSV 3.3
#T_SP=custom.Span|label
#T_RL=custom.Relation|label|BT_custom.Span


#Text=10 Expectatis autem ultra septem diebus aliis, rursum dimisit columbam ex arca.
#Text=11 At illa venit ad eum ad vesperam, portans ramum olivæ virentibus foliis in ore suo : intellexit ergo Noë quod cessassent aquæ super terram.
#Text=12 Expectavitque nihilominus septem alios dies : et emisit columbam, quæ non est reversa ultra ad eum.
#Text=13 Igitur sexcentesimo primo anno, primo mense, prima die mensis, imminutæ sunt aquæ super terram : et aperiens Noë tectum arcæ, aspexit, viditque quod exsiccata esset superficies terræ.
#Text=14 Mense secundo, septimo et vigesimo die mensis arefacta est terra.
#Text=15 Locutus est autem Deus ad Noë, dicens : 16 Egredere de arca, tu et uxor tua, filii tui et uxores filiorum tuorum tecum.
#Text=17 Cuncta animantia, quæ sunt apud te, ex omni carne, tam in volatilibus quam in bestiis et universis reptilibus, quæ reptant super terram, educ tecum, et ingredimini super terram : crescite et multiplicamini super eam.
#Text=18 Egressus est ergo Noë, et filii ejus : uxor illius, et uxores filiorum ejus cum eo.
#Text=19 Sed et omnia animantia, jumenta, et reptilia quæ reptant super terram, secundum genus suum, egressa sunt de arca.
#Text=20 Ædificavit autem Noë altare Domino : et tollens de cunctis pecoribus et volucribus mundis, obtulit holocausta super altare.
#Text=21 Odoratusque est Dominus odorem suavitatis, et ait : Nequaquam ultra maledicam terræ propter homines : sensus enim et cogitatio humani cordis in malum prona sunt ab adolescentia sua : non igitur ultra percutiam omnem animam viventem sicut feci.
#Text=22 Cunctis diebus terræ, sementis et messis, frigus et æstus, æstas et hiems, nox et dies non requiescent.
1-1	2-4	10	_	_	_	
1-2	5-15	Expectatis	_	_	_	
1-3	16-21	autem	_	_	_	
1-4	22-27	ultra	_	_	_	
1-5	28-34	septem	_	_	_	
1-6	35-41	diebus	_	_	_	
1-7	42-47	aliis	_	_	_	
1-8	47-48	,	_	_	_	
1-9	49-55	rursum	_	_	_	
1-10	56-63	dimisit	_	_	_	
1-11	64-72	columbam	_	_	_	
1-12	73-75	ex	_	_	_	
1-13	76-80	arca	_	_	_	
1-14	80-81	.	_	_	_	
1-15	82-84	11	_	_	_	
1-16	85-87	At	_	_	_	
1-17	88-92	illa	_	_	_	
1-18	93-98	venit	_	_	_	
1-19	99-101	ad	_	_	_	
1-20	102-105	eum	_	_	_	
1-21	106-108	ad	_	_	_	
1-22	109-117	vesperam	_	_	_	
1-23	117-118	,	_	_	_	
1-24	119-126	portans	_	_	_	
1-25	127-132	ramum	_	_	_	
1-26	133-138	olivæ	_	_	_	
1-27	139-149	virentibus	_	_	_	
1-28	150-156	foliis	_	_	_	
1-29	157-159	in	_	_	_	
1-30	160-163	ore	_	_	_	
1-31	164-167	suo	_	_	_	
1-32	168-169	:	_	_	_	
1-33	170-180	intellexit	_	_	_	
1-34	181-185	ergo	_	_	_	
1-35	186-189	Noë	_	_	_	
1-36	190-194	quod	_	_	_	
1-37	195-205	cessassent	_	_	_	
1-38	206-210	aquæ	_	_	_	
1-39	211-216	super	_	_	_	
1-40	217-223	terram	_	_	_	
1-41	223-224	.	_	_	_	
1-42	225-227	12	_	_	_	
1-43	228-241	Expectavitque	_	_	_	
1-44	242-253	nihilominus	_	_	_	
1-45	254-260	septem	_	_	_	
1-46	261-266	alios	_	_	_	
1-47	267-271	dies	_	_	_	
1-48	272-273	:	_	_	_	
1-49	274-276	et	_	_	_	
1-50	277-283	emisit	_	_	_	
1-51	284-292	columbam	_	_	_	
1-52	292-293	,	_	_	_	
1-53	294-297	quæ	_	_	_	
1-54	298-301	non	_	_	_	
1-55	302-305	est	_	_	_	
1-56	306-313	reversa	_	_	_	
1-57	314-319	ultra	_	_	_	
1-58	320-322	ad	_	_	_	
1-59	323-326	eum	_	_	_	
1-60	326-327	.	_	_	_	
1-61	328-330	13	_	_	_	
1-62	331-337	Igitur	_	_	_	
1-63	338-350	sexcentesimo	_	_	_	
1-64	351-356	primo	_	_	_	
1-65	357-361	anno	_	_	_	
1-66	361-362	,	_	_	_	
1-67	363-368	primo	_	_	_	
1-68	369-374	mense	_	_	_	
1-69	374-375	,	_	_	_	
1-70	376-381	prima	_	_	_	
1-71	382-385	die	_	_	_	
1-72	386-392	mensis	_	_	_	
1-73	392-393	,	_	_	_	
1-74	394-402	imminutæ	_	_	_	
1-75	403-407	sunt	_	_	_	
1-76	408-412	aquæ	_	_	_	
1-77	413-418	super	_	_	_	
1-78	419-425	terram	_	_	_	
1-79	426-427	:	_	_	_	
1-80	428-430	et	_	_	_	
1-81	431-439	aperiens	_	_	_	
1-82	440-443	Noë	_	_	_	
1-83	444-450	tectum	_	_	_	
1-84	451-455	arcæ	_	_	_	
1-85	455-456	,	_	_	_	
1-86	457-464	aspexit	_	_	_	
1-87	464-465	,	_	_	_	
1-88	466-474	viditque	_	_	_	
1-89	475-479	quod	_	_	_	
1-90	480-489	exsiccata	_	_	_	
1-91	490-495	esset	_	_	_	
1-92	496-507	superficies	_	_	_	
1-93	508-513	terræ	_	_	_	
1-94	513-514	.	_	_	_	
1-95	515-517	14	_	_	_	
1-96	518-523	Mense	_	_	_	
1-97	524-531	secundo	_	_	_	
1-98	531-532	,	_	_	_	
1-99	533-540	septimo	_	_	_	
1-100	541-543	et	_	_	_	
1-101	544-552	vigesimo	_	_	_	
1-102	553-556	die	_	_	_	
1-103	557-563	mensis	_	_	_	
1-104	564-572	arefacta	_	_	_	
1-105	573-576	est	_	_	_	
1-106	577-582	terra	_	_	_	
1-107	582-583	.	_	_	_	
1-108	584-586	15	_	_	_	
1-109	587-594	Locutus	_	_	_	
1-110	595-598	est	_	_	_	
1-111	599-604	autem	_	_	_	
1-112	605-609	Deus	_	_	_	
1-113	610-612	ad	_	_	_	
1-114	613-616	Noë	_	_	_	
1-115	616-617	,	_	_	_	
1-116	618-624	dicens	_	_	_	
1-117	625-626	:	_	_	_	
1-118	627-629	16	_	_	_	
1-119	630-638	Egredere	_	_	_	
1-120	639-641	de	_	_	_	
1-121	642-646	arca	_	_	_	
1-122	646-647	,	_	_	_	
1-123	648-650	tu	_	_	_	
1-124	651-653	et	_	_	_	
1-125	654-658	uxor	_	_	_	
1-126	659-662	tua	_	_	_	
1-127	662-663	,	_	_	_	
1-128	664-669	filii	_	_	_	
1-129	670-673	tui	_	_	_	
1-130	674-676	et	_	_	_	
1-131	677-683	uxores	_	_	_	
1-132	684-692	filiorum	_	_	_	
1-133	693-699	tuorum	_	_	_	
1-134	700-705	tecum	_	_	_	
1-135	705-706	.	_	_	_	
1-136	707-709	17	_	_	_	
1-137	710-716	Cuncta	_	_	_	
1-138	717-726	animantia	_	_	_	
1-139	726-727	,	_	_	_	
1-140	728-731	quæ	_	_	_	
1-141	732-736	sunt	_	_	_	
1-142	737-741	apud	_	_	_	
1-143	742-744	te	_	_	_	
1-144	744-745	,	_	_	_	
1-145	746-748	ex	_	_	_	
1-146	749-753	omni	_	_	_	
1-147	754-759	carne	_	_	_	
1-148	759-760	,	_	_	_	
1-149	761-764	tam	_	_	_	
1-150	765-767	in	_	_	_	
1-151	768-779	volatilibus	_	_	_	
1-152	780-784	quam	_	_	_	
1-153	785-787	in	_	_	_	
1-154	788-795	bestiis	_	_	_	
1-155	796-798	et	_	_	_	
1-156	799-808	universis	_	_	_	
1-157	809-819	reptilibus	_	_	_	
1-158	819-820	,	_	_	_	
1-159	821-824	quæ	_	_	_	
1-160	825-832	reptant	_	_	_	
1-161	833-838	super	_	_	_	
1-162	839-845	terram	_	_	_	
1-163	845-846	,	_	_	_	
1-164	847-851	educ	_	_	_	
1-165	852-857	tecum	_	_	_	
1-166	857-858	,	_	_	_	
1-167	859-861	et	_	_	_	
1-168	862-873	ingredimini	_	_	_	
1-169	874-879	super	_	_	_	
1-170	880-886	terram	_	_	_	
1-171	887-888	:	_	_	_	
1-172	889-897	crescite	_	_	_	
1-173	898-900	et	_	_	_	
1-174	901-915	multiplicamini	_	_	_	
1-175	916-921	super	_	_	_	
1-176	922-925	eam	_	_	_	
1-177	925-926	.	_	_	_	
1-178	927-929	18	_	_	_	
1-179	930-938	Egressus	_	_	_	
1-180	939-942	est	_	_	_	
1-181	943-947	ergo	_	_	_	
1-182	948-951	Noë	_	_	_	
1-183	951-952	,	_	_	_	
1-184	953-955	et	_	_	_	
1-185	956-961	filii	_	_	_	
1-186	962-966	ejus	_	_	_	
1-187	967-968	:	_	_	_	
1-188	969-973	uxor	_	_	_	
1-189	974-980	illius	_	_	_	
1-190	980-981	,	_	_	_	
1-191	982-984	et	_	_	_	
1-192	985-991	uxores	_	_	_	
1-193	992-1000	filiorum	_	_	_	
1-194	1001-1005	ejus	_	_	_	
1-195	1006-1009	cum	_	_	_	
1-196	1010-1012	eo	_	_	_	
1-197	1012-1013	.	_	_	_	
1-198	1014-1016	19	_	_	_	
1-199	1017-1020	Sed	_	_	_	
1-200	1021-1023	et	_	_	_	
1-201	1024-1029	omnia	_	_	_	
1-202	1030-1039	animantia	_	_	_	
1-203	1039-1040	,	_	_	_	
1-204	1041-1048	jumenta	_	_	_	
1-205	1048-1049	,	_	_	_	
1-206	1050-1052	et	_	_	_	
1-207	1053-1061	reptilia	_	_	_	
1-208	1062-1065	quæ	_	_	_	
1-209	1066-1073	reptant	_	_	_	
1-210	1074-1079	super	_	_	_	
1-211	1080-1086	terram	_	_	_	
1-212	1086-1087	,	_	_	_	
1-213	1088-1096	secundum	_	_	_	
1-214	1097-1102	genus	_	_	_	
1-215	1103-1107	suum	_	_	_	
1-216	1107-1108	,	_	_	_	
1-217	1109-1116	egressa	_	_	_	
1-218	1117-1121	sunt	_	_	_	
1-219	1122-1124	de	_	_	_	
1-220	1125-1129	arca	_	_	_	
1-221	1129-1130	.	_	_	_	
1-222	1131-1133	20	_	_	_	
1-223	1134-1144	Ædificavit	_	_	_	
1-224	1145-1150	autem	_	_	_	
1-225	1151-1154	Noë	_	_	_	
1-226	1155-1161	altare	_	_	_	
1-227	1162-1168	Domino	_	_	_	
1-228	1169-1170	:	_	_	_	
1-229	1171-1173	et	_	_	_	
1-230	1174-1181	tollens	_	_	_	
1-231	1182-1184	de	_	_	_	
1-232	1185-1192	cunctis	_	_	_	
1-233	1193-1202	pecoribus	_	_	_	
1-234	1203-1205	et	_	_	_	
1-235	1206-1216	volucribus	_	_	_	
1-236	1217-1223	mundis	_	_	_	
1-237	1223-1224	,	_	_	_	
1-238	1225-1232	obtulit	_	_	_	
1-239	1233-1243	holocausta	Smell\_Source	_	_	
1-240	1244-1249	super	Location[1]	_	_	
1-241	1250-1256	altare	Location[1]	_	_	
1-242	1256-1257	.	_	_	_	
1-243	1258-1260	21	_	_	_	
1-244	1261-1272	Odoratusque	Smell\_Word[2]	*|*|*|*	1-246[0_2]|1-247[3_2]|1-239[0_2]|1-240[1_2]	
1-245	1273-1276	est	Smell\_Word[2]	_	_	
1-246	1277-1284	Dominus	Perceiver	_	_	
1-247	1285-1291	odorem	Smell\_Source[3]|Smell\_Word[4]	*|*	1-248[0_4]|1-240[1_4]	
1-248	1292-1302	suavitatis	Quality	_	_	
1-249	1302-1303	,	_	_	_	
1-250	1304-1306	et	_	_	_	
1-251	1307-1310	ait	_	_	_	
1-252	1311-1312	:	_	_	_	
1-253	1313-1322	Nequaquam	_	_	_	
1-254	1323-1328	ultra	_	_	_	
1-255	1329-1338	maledicam	_	_	_	
1-256	1339-1344	terræ	_	_	_	
1-257	1345-1352	propter	_	_	_	
1-258	1353-1360	homines	_	_	_	
1-259	1361-1362	:	_	_	_	
1-260	1363-1369	sensus	_	_	_	
1-261	1370-1374	enim	_	_	_	
1-262	1375-1377	et	_	_	_	
1-263	1378-1387	cogitatio	_	_	_	
1-264	1388-1394	humani	_	_	_	
1-265	1395-1401	cordis	_	_	_	
1-266	1402-1404	in	_	_	_	
1-267	1405-1410	malum	_	_	_	
1-268	1411-1416	prona	_	_	_	
1-269	1417-1421	sunt	_	_	_	
1-270	1422-1424	ab	_	_	_	
1-271	1425-1437	adolescentia	_	_	_	
1-272	1438-1441	sua	_	_	_	
1-273	1442-1443	:	_	_	_	
1-274	1444-1447	non	_	_	_	
1-275	1448-1454	igitur	_	_	_	
1-276	1455-1460	ultra	_	_	_	
1-277	1461-1470	percutiam	_	_	_	
1-278	1471-1476	omnem	_	_	_	
1-279	1477-1483	animam	_	_	_	
1-280	1484-1492	viventem	_	_	_	
1-281	1493-1498	sicut	_	_	_	
1-282	1499-1503	feci	_	_	_	
1-283	1503-1504	.	_	_	_	
1-284	1505-1507	22	_	_	_	
1-285	1508-1515	Cunctis	_	_	_	
1-286	1516-1522	diebus	_	_	_	
1-287	1523-1528	terræ	_	_	_	
1-288	1528-1529	,	_	_	_	
1-289	1530-1538	sementis	_	_	_	
1-290	1539-1541	et	_	_	_	
1-291	1542-1548	messis	_	_	_	
1-292	1548-1549	,	_	_	_	
1-293	1550-1556	frigus	_	_	_	
1-294	1557-1559	et	_	_	_	
1-295	1560-1565	æstus	_	_	_	
1-296	1565-1566	,	_	_	_	
1-297	1567-1572	æstas	_	_	_	
1-298	1573-1575	et	_	_	_	
1-299	1576-1581	hiems	_	_	_	
1-300	1581-1582	,	_	_	_	
1-301	1583-1586	nox	_	_	_	
1-302	1587-1589	et	_	_	_	
1-303	1590-1594	dies	_	_	_	
1-304	1595-1598	non	_	_	_	
1-305	1599-1610	requiescent	_	_	_	
1-306	1610-1611	.	_	_	_	

#Text=Caput 9
#Text=
#Text=
#Text=1 Benedixitque Deus Noë et filiis ejus.
2-1	1612-1617	Caput	_	_	_	
2-2	1618-1619	9	_	_	_	
2-3	1622-1623	1	_	_	_	
2-4	1624-1636	Benedixitque	_	_	_	
2-5	1637-1641	Deus	_	_	_	
2-6	1642-1645	Noë	_	_	_	
2-7	1646-1648	et	_	_	_	
2-8	1649-1655	filiis	_	_	_	
2-9	1656-1660	ejus	_	_	_	
2-10	1660-1661	.	_	_	_	

#Text=Et dixit ad eos : Crescite, et multiplicamini, et replete terram.
#Text=2 Et terror vester ac tremor sit super cuncta animalia terræ, et super omnes volucres cæli, cum universis quæ moventur super terram : omnes pisces maris manui vestræ traditi sunt.
#Text=3 Et omne, quod movetur et vivit, erit vobis in cibum : quasi olera virentia tradidi vobis omnia.
#Text=4 Excepto, quod carnem cum sanguine non comedetis.
#Text=5 Sanguinem enim animarum vestrarum requiram de manu cunctarum bestiarum : et de manu hominis, de manu viri, et fratris ejus requiram animam hominis.
#Text=6 Quicumque effuderit humanum sanguinem, fundetur sanguis illius : ad imaginem quippe Dei factus est homo.
#Text=7 Vos autem crescite et multiplicamini, et ingredimini super terram, et implete eam.
3-1	1662-1664	Et	_	_	_	
3-2	1665-1670	dixit	_	_	_	
3-3	1671-1673	ad	_	_	_	
3-4	1674-1677	eos	_	_	_	
3-5	1678-1679	:	_	_	_	
3-6	1680-1688	Crescite	_	_	_	
3-7	1688-1689	,	_	_	_	
3-8	1690-1692	et	_	_	_	
3-9	1693-1707	multiplicamini	_	_	_	
3-10	1707-1708	,	_	_	_	
3-11	1709-1711	et	_	_	_	
3-12	1712-1719	replete	_	_	_	
3-13	1720-1726	terram	_	_	_	
3-14	1726-1727	.	_	_	_	
3-15	1728-1729	2	_	_	_	
3-16	1730-1732	Et	_	_	_	
3-17	1733-1739	terror	_	_	_	
3-18	1740-1746	vester	_	_	_	
3-19	1747-1749	ac	_	_	_	
3-20	1750-1756	tremor	_	_	_	
3-21	1757-1760	sit	_	_	_	
3-22	1761-1766	super	_	_	_	
3-23	1767-1773	cuncta	_	_	_	
3-24	1774-1782	animalia	_	_	_	
3-25	1783-1788	terræ	_	_	_	
3-26	1788-1789	,	_	_	_	
3-27	1790-1792	et	_	_	_	
3-28	1793-1798	super	_	_	_	
3-29	1799-1804	omnes	_	_	_	
3-30	1805-1813	volucres	_	_	_	
3-31	1814-1818	cæli	_	_	_	
3-32	1818-1819	,	_	_	_	
3-33	1820-1823	cum	_	_	_	
3-34	1824-1833	universis	_	_	_	
3-35	1834-1837	quæ	_	_	_	
3-36	1838-1846	moventur	_	_	_	
3-37	1847-1852	super	_	_	_	
3-38	1853-1859	terram	_	_	_	
3-39	1860-1861	:	_	_	_	
3-40	1862-1867	omnes	_	_	_	
3-41	1868-1874	pisces	_	_	_	
3-42	1875-1880	maris	_	_	_	
3-43	1881-1886	manui	_	_	_	
3-44	1887-1893	vestræ	_	_	_	
3-45	1894-1901	traditi	_	_	_	
3-46	1902-1906	sunt	_	_	_	
3-47	1906-1907	.	_	_	_	
3-48	1908-1909	3	_	_	_	
3-49	1910-1912	Et	_	_	_	
3-50	1913-1917	omne	_	_	_	
3-51	1917-1918	,	_	_	_	
3-52	1919-1923	quod	_	_	_	
3-53	1924-1931	movetur	_	_	_	
3-54	1932-1934	et	_	_	_	
3-55	1935-1940	vivit	_	_	_	
3-56	1940-1941	,	_	_	_	
3-57	1942-1946	erit	_	_	_	
3-58	1947-1952	vobis	_	_	_	
3-59	1953-1955	in	_	_	_	
3-60	1956-1961	cibum	_	_	_	
3-61	1962-1963	:	_	_	_	
3-62	1964-1969	quasi	_	_	_	
3-63	1970-1975	olera	_	_	_	
3-64	1976-1984	virentia	_	_	_	
3-65	1985-1992	tradidi	_	_	_	
3-66	1993-1998	vobis	_	_	_	
3-67	1999-2004	omnia	_	_	_	
3-68	2004-2005	.	_	_	_	
3-69	2006-2007	4	_	_	_	
3-70	2008-2015	Excepto	_	_	_	
3-71	2015-2016	,	_	_	_	
3-72	2017-2021	quod	_	_	_	
3-73	2022-2028	carnem	_	_	_	
3-74	2029-2032	cum	_	_	_	
3-75	2033-2041	sanguine	_	_	_	
3-76	2042-2045	non	_	_	_	
3-77	2046-2055	comedetis	_	_	_	
3-78	2055-2056	.	_	_	_	
3-79	2057-2058	5	_	_	_	
3-80	2059-2068	Sanguinem	_	_	_	
3-81	2069-2073	enim	_	_	_	
3-82	2074-2082	animarum	_	_	_	
3-83	2083-2092	vestrarum	_	_	_	
3-84	2093-2101	requiram	_	_	_	
3-85	2102-2104	de	_	_	_	
3-86	2105-2109	manu	_	_	_	
3-87	2110-2119	cunctarum	_	_	_	
3-88	2120-2129	bestiarum	_	_	_	
3-89	2130-2131	:	_	_	_	
3-90	2132-2134	et	_	_	_	
3-91	2135-2137	de	_	_	_	
3-92	2138-2142	manu	_	_	_	
3-93	2143-2150	hominis	_	_	_	
3-94	2150-2151	,	_	_	_	
3-95	2152-2154	de	_	_	_	
3-96	2155-2159	manu	_	_	_	
3-97	2160-2164	viri	_	_	_	
3-98	2164-2165	,	_	_	_	
3-99	2166-2168	et	_	_	_	
3-100	2169-2176	fratris	_	_	_	
3-101	2177-2181	ejus	_	_	_	
3-102	2182-2190	requiram	_	_	_	
3-103	2191-2197	animam	_	_	_	
3-104	2198-2205	hominis	_	_	_	
3-105	2205-2206	.	_	_	_	
3-106	2207-2208	6	_	_	_	
3-107	2209-2218	Quicumque	_	_	_	
3-108	2219-2228	effuderit	_	_	_	
3-109	2229-2236	humanum	_	_	_	
3-110	2237-2246	sanguinem	_	_	_	
3-111	2246-2247	,	_	_	_	
3-112	2248-2256	fundetur	_	_	_	
3-113	2257-2264	sanguis	_	_	_	
3-114	2265-2271	illius	_	_	_	
3-115	2272-2273	:	_	_	_	
3-116	2274-2276	ad	_	_	_	
3-117	2277-2285	imaginem	_	_	_	
3-118	2286-2292	quippe	_	_	_	
3-119	2293-2296	Dei	_	_	_	
3-120	2297-2303	factus	_	_	_	
3-121	2304-2307	est	_	_	_	
3-122	2308-2312	homo	_	_	_	
3-123	2312-2313	.	_	_	_	
3-124	2314-2315	7	_	_	_	
3-125	2316-2319	Vos	_	_	_	
3-126	2320-2325	autem	_	_	_	
3-127	2326-2334	crescite	_	_	_	
3-128	2335-2337	et	_	_	_	
3-129	2338-2352	multiplicamini	_	_	_	
3-130	2352-2353	,	_	_	_	
3-131	2354-2356	et	_	_	_	
3-132	2357-2368	ingredimini	_	_	_	
3-133	2369-2374	super	_	_	_	
3-134	2375-2381	terram	_	_	_	
3-135	2381-2382	,	_	_	_	
3-136	2383-2385	et	_	_	_	
3-137	2386-2393	implete	_	_	_	
3-138	2394-2397	eam	_	_	_	
3-139	2397-2398	.	_	_	_	
