#FORMAT=WebAnno TSV 3.3


#Text=Om volghen haer, versaeckt hem licht elck Mensche.
1-1	0-2	Om	
1-2	3-10	volghen	
1-3	11-15	haer	
1-4	15-16	,	
1-5	17-26	versaeckt	
1-6	27-30	hem	
1-7	31-36	licht	
1-8	37-41	elck	
1-9	42-49	Mensche	
1-10	49-50	.	

#Text=Dat segh ick veel: want dese liefde wis,
#Text=Recht Dedalus met zijn Zee-vlieghen, is
#Text=Doch soo befaemt, dat sy den schoonen name
#Text=Van Trauwe Liefd', op haer treckt als bequame.
2-1	53-56	Dat	
2-2	57-61	segh	
2-3	62-65	ick	
2-4	66-70	veel	
2-5	70-71	:	
2-6	72-76	want	
2-7	77-81	dese	
2-8	82-88	liefde	
2-9	89-92	wis	
2-10	92-93	,	
2-11	94-99	Recht	
2-12	100-107	Dedalus	
2-13	108-111	met	
2-14	112-116	zijn	
2-15	117-129	Zee-vlieghen	
2-16	129-130	,	
2-17	131-133	is	
2-18	134-138	Doch	
2-19	139-142	soo	
2-20	143-150	befaemt	
2-21	150-151	,	
2-22	152-155	dat	
2-23	156-158	sy	
2-24	159-162	den	
2-25	163-171	schoonen	
2-26	172-176	name	
2-27	177-180	Van	
2-28	181-187	Trauwe	
2-29	188-193	Liefd	
2-30	193-194	'	
2-31	194-195	,	
2-32	196-198	op	
2-33	199-203	haer	
2-34	204-210	treckt	
2-35	211-214	als	
2-36	215-222	bequame	
2-37	222-223	.	

#Text=Op mijnen wegh ick in ghelijcker voegh,
#Text=Dees Liefden beed' veel meer vondt dan ghenoegh,
#Text=Maer d' eene was te wanckelbaer vremdt-bloode,
#Text=Na mijnen sin, end' d' ander licht end' snoode,
#Text=Soo datm' in noot haer vyandinne vindt,
#Text=Doe docht ick wel, dat mijn trauw Lief bemint
#Text=
#Text=Noch
#Text=nu noch noyt en wandeld' op dees weghen,
#Text=Daer dese twee soo geern' haer reyse pleghen.
3-1	226-228	Op	
3-2	229-235	mijnen	
3-3	236-240	wegh	
3-4	241-244	ick	
3-5	245-247	in	
3-6	248-258	ghelijcker	
3-7	259-264	voegh	
3-8	264-265	,	
3-9	266-270	Dees	
3-10	271-278	Liefden	
3-11	279-283	beed	
3-12	283-284	'	
3-13	285-289	veel	
3-14	290-294	meer	
3-15	295-300	vondt	
3-16	301-304	dan	
3-17	305-313	ghenoegh	
3-18	313-314	,	
3-19	315-319	Maer	
3-20	320-321	d	
3-21	321-322	'	
3-22	323-327	eene	
3-23	328-331	was	
3-24	332-334	te	
3-25	335-346	wanckelbaer	
3-26	347-360	vremdt-bloode	
3-27	360-361	,	
3-28	362-364	Na	
3-29	365-371	mijnen	
3-30	372-375	sin	
3-31	375-376	,	
3-32	377-380	end	
3-33	380-381	'	
3-34	382-383	d	
3-35	383-384	'	
3-36	385-390	ander	
3-37	391-396	licht	
3-38	397-400	end	
3-39	400-401	'	
3-40	402-408	snoode	
3-41	408-409	,	
3-42	410-413	Soo	
3-43	414-418	datm	
3-44	418-419	'	
3-45	420-422	in	
3-46	423-427	noot	
3-47	428-432	haer	
3-48	433-442	vyandinne	
3-49	443-448	vindt	
3-50	448-449	,	
3-51	450-453	Doe	
3-52	454-459	docht	
3-53	460-463	ick	
3-54	464-467	wel	
3-55	467-468	,	
3-56	469-472	dat	
3-57	473-477	mijn	
3-58	478-483	trauw	
3-59	484-488	Lief	
3-60	489-495	bemint	
3-61	497-501	Noch	
3-62	502-504	nu	
3-63	505-509	noch	
3-64	510-514	noyt	
3-65	515-517	en	
3-66	518-525	wandeld	
3-67	525-526	'	
3-68	527-529	op	
3-69	530-534	dees	
3-70	535-541	weghen	
3-71	541-542	,	
3-72	543-547	Daer	
3-73	548-552	dese	
3-74	553-557	twee	
3-75	558-561	soo	
3-76	562-567	geern	
3-77	567-568	'	
3-78	569-573	haer	
3-79	574-579	reyse	
3-80	580-587	pleghen	
3-81	587-588	.	

#Text=Dus nam ick voor, op ander plaets te gaen,
#Text=End' uyt het schip my oock vertrecken saen,
#Text=
#Text=Om vinden eens dees
#Text=Vrauwe seer deurluchtigh,
#Text=
#Text=Wiens schoonen glans hier voormaels onbeduchtigh
#Text=
#Text=Verdrijven
#Text=plagh all' swaerheyts duyst'ren noot,
#Text=End' gaf ons landt een vrede
#Text=Godlijck groot.
4-1	591-594	Dus	
4-2	595-598	nam	
4-3	599-602	ick	
4-4	603-607	voor	
4-5	607-608	,	
4-6	609-611	op	
4-7	612-617	ander	
4-8	618-624	plaets	
4-9	625-627	te	
4-10	628-632	gaen	
4-11	632-633	,	
4-12	634-637	End	
4-13	637-638	'	
4-14	639-642	uyt	
4-15	643-646	het	
4-16	647-652	schip	
4-17	653-655	my	
4-18	656-660	oock	
4-19	661-671	vertrecken	
4-20	672-676	saen	
4-21	676-677	,	
4-22	679-681	Om	
4-23	682-688	vinden	
4-24	689-693	eens	
4-25	694-698	dees	
4-26	699-705	Vrauwe	
4-27	706-710	seer	
4-28	711-723	deurluchtigh	
4-29	723-724	,	
4-30	726-731	Wiens	
4-31	732-740	schoonen	
4-32	741-746	glans	
4-33	747-751	hier	
4-34	752-761	voormaels	
4-35	762-774	onbeduchtigh	
4-36	776-786	Verdrijven	
4-37	787-792	plagh	
4-38	793-796	all	
4-39	796-797	'	
4-40	798-808	swaerheyts	
4-41	809-818	duyst'ren	
4-42	819-823	noot	
4-43	823-824	,	
4-44	825-828	End	
4-45	828-829	'	
4-46	830-833	gaf	
4-47	834-837	ons	
4-48	838-843	landt	
4-49	844-847	een	
4-50	848-853	vrede	
4-51	854-862	Godlijck	
4-52	863-868	groot	
4-53	868-869	.	

#Text=Dees ist, die dick (om niemant te verkleenen)
#Text=
#Text=Van herten twee, maer een maeckt, door 't vereenen:
#Text=
#Text=Dees ist, voor wie den hooghsten
#Text=Minnaer, siet,
#Text=Den hooghen
#Text=Throon des Hemels voortijts liet,
#Text=End' woonen quam in dese neder-dalen,
5-1	871-875	Dees	
5-2	876-879	ist	
5-3	879-880	,	
5-4	881-884	die	
5-5	885-889	dick	
5-6	890-891	(	
5-7	891-893	om	
5-8	894-901	niemant	
5-9	902-904	te	
5-10	905-915	verkleenen	
5-11	915-916	)	
5-12	918-921	Van	
5-13	922-928	herten	
5-14	929-933	twee	
5-15	933-934	,	
5-16	935-939	maer	
5-17	940-943	een	
5-18	944-950	maeckt	
5-19	950-951	,	
5-20	952-956	door	
5-21	957-958	'	
5-22	958-959	t	
5-23	960-968	vereenen	
5-24	968-969	:	
5-25	971-975	Dees	
5-26	976-979	ist	
5-27	979-980	,	
5-28	981-985	voor	
5-29	986-989	wie	
5-30	990-993	den	
5-31	994-1003	hooghsten	
5-32	1004-1011	Minnaer	
5-33	1011-1012	,	
5-34	1013-1017	siet	
5-35	1017-1018	,	
5-36	1019-1022	Den	
5-37	1023-1030	hooghen	
5-38	1031-1037	Throon	
5-39	1038-1041	des	
5-40	1042-1048	Hemels	
5-41	1049-1058	voortijts	
5-42	1059-1063	liet	
5-43	1063-1064	,	
5-44	1065-1068	End	
5-45	1068-1069	'	
5-46	1070-1076	woonen	
5-47	1077-1081	quam	
5-48	1082-1084	in	
5-49	1085-1089	dese	
5-50	1090-1101	neder-dalen	
5-51	1101-1102	,	
