#FORMAT=WebAnno TSV 3.3
#T_SP=custom.Span|label
#T_RL=custom.Relation|label|BT_custom.Span


#Text=The Cause of this Disease is twofold: the Retention of the Seed, and the Menstruum, which are the materiall cause: and a cold and moist distemper of the Matrix, breeding phlegmatick and thick juices, which is the efficient cause: for when the Seed is retained, and the Menstruum hath not the customary, and usuall vent, they burthen the Matrix, and choak, and extinguish
#Text=the heat thereof: then upon the diminishing of the naturall heat, windy humours are bred, especially in the Matrix, which by nature is a cold, nervous, and bloudlesse part; after the same manner, if the seed be kept too long, it disturbeth the Function of the spiritous parts, and the Midriffe, it oppresseth the heart, causeth fainting and sounding fits, bindeth as it were, and girteth about the parts, and seemes in such a manner to stop the breath, that the sick woman is in danger to be strangled: her puls is sometimes weake, various, and obscure: she hath inward discontents and anxieties, and is most commonly invaded by, at least very subject unto Convulsion fits: she lies, as if she were astonished and void of sense: and from her belly you may heare rumbling, and murmuring noises; she breatheth so weakly, that it is scarce discernable, and indeed she is so sad an object, that the by-standers may easily mistake her to be dead.
1-1	0-3	The	_	_	_	
1-2	4-9	Cause	_	_	_	
1-3	10-12	of	_	_	_	
1-4	13-17	this	_	_	_	
1-5	18-25	Disease	_	_	_	
1-6	26-28	is	_	_	_	
1-7	29-36	twofold	_	_	_	
1-8	36-37	:	_	_	_	
1-9	38-41	the	_	_	_	
1-10	42-51	Retention	_	_	_	
1-11	52-54	of	_	_	_	
1-12	55-58	the	_	_	_	
1-13	59-63	Seed	_	_	_	
1-14	63-64	,	_	_	_	
1-15	65-68	and	_	_	_	
1-16	69-72	the	_	_	_	
1-17	73-82	Menstruum	_	_	_	
1-18	82-83	,	_	_	_	
1-19	84-89	which	_	_	_	
1-20	90-93	are	_	_	_	
1-21	94-97	the	_	_	_	
1-22	98-107	materiall	_	_	_	
1-23	108-113	cause	_	_	_	
1-24	113-114	:	_	_	_	
1-25	115-118	and	_	_	_	
1-26	119-120	a	_	_	_	
1-27	121-125	cold	_	_	_	
1-28	126-129	and	_	_	_	
1-29	130-135	moist	_	_	_	
1-30	136-145	distemper	_	_	_	
1-31	146-148	of	_	_	_	
1-32	149-152	the	_	_	_	
1-33	153-159	Matrix	_	_	_	
1-34	159-160	,	_	_	_	
1-35	161-169	breeding	_	_	_	
1-36	170-181	phlegmatick	_	_	_	
1-37	182-185	and	_	_	_	
1-38	186-191	thick	_	_	_	
1-39	192-198	juices	_	_	_	
1-40	198-199	,	_	_	_	
1-41	200-205	which	_	_	_	
1-42	206-208	is	_	_	_	
1-43	209-212	the	_	_	_	
1-44	213-222	efficient	_	_	_	
1-45	223-228	cause	_	_	_	
1-46	228-229	:	_	_	_	
1-47	230-233	for	_	_	_	
1-48	234-238	when	_	_	_	
1-49	239-242	the	_	_	_	
1-50	243-247	Seed	_	_	_	
1-51	248-250	is	_	_	_	
1-52	251-259	retained	_	_	_	
1-53	259-260	,	_	_	_	
1-54	261-264	and	_	_	_	
1-55	265-268	the	_	_	_	
1-56	269-278	Menstruum	_	_	_	
1-57	279-283	hath	_	_	_	
1-58	284-287	not	_	_	_	
1-59	288-291	the	_	_	_	
1-60	292-301	customary	_	_	_	
1-61	301-302	,	_	_	_	
1-62	303-306	and	_	_	_	
1-63	307-313	usuall	_	_	_	
1-64	314-318	vent	_	_	_	
1-65	318-319	,	_	_	_	
1-66	320-324	they	_	_	_	
1-67	325-332	burthen	_	_	_	
1-68	333-336	the	_	_	_	
1-69	337-343	Matrix	_	_	_	
1-70	343-344	,	_	_	_	
1-71	345-348	and	_	_	_	
1-72	349-354	choak	_	_	_	
1-73	354-355	,	_	_	_	
1-74	356-359	and	_	_	_	
1-75	360-370	extinguish	_	_	_	
1-76	371-374	the	_	_	_	
1-77	375-379	heat	_	_	_	
1-78	380-387	thereof	_	_	_	
1-79	387-388	:	_	_	_	
1-80	389-393	then	_	_	_	
1-81	394-398	upon	_	_	_	
1-82	399-402	the	_	_	_	
1-83	403-414	diminishing	_	_	_	
1-84	415-417	of	_	_	_	
1-85	418-421	the	_	_	_	
1-86	422-430	naturall	_	_	_	
1-87	431-435	heat	_	_	_	
1-88	435-436	,	_	_	_	
1-89	437-442	windy	_	_	_	
1-90	443-450	humours	_	_	_	
1-91	451-454	are	_	_	_	
1-92	455-459	bred	_	_	_	
1-93	459-460	,	_	_	_	
1-94	461-471	especially	_	_	_	
1-95	472-474	in	_	_	_	
1-96	475-478	the	_	_	_	
1-97	479-485	Matrix	_	_	_	
1-98	485-486	,	_	_	_	
1-99	487-492	which	_	_	_	
1-100	493-495	by	_	_	_	
1-101	496-502	nature	_	_	_	
1-102	503-505	is	_	_	_	
1-103	506-507	a	_	_	_	
1-104	508-512	cold	_	_	_	
1-105	512-513	,	_	_	_	
1-106	514-521	nervous	_	_	_	
1-107	521-522	,	_	_	_	
1-108	523-526	and	_	_	_	
1-109	527-537	bloudlesse	_	_	_	
1-110	538-542	part	_	_	_	
1-111	542-543	;	_	_	_	
1-112	544-549	after	_	_	_	
1-113	550-553	the	_	_	_	
1-114	554-558	same	_	_	_	
1-115	559-565	manner	_	_	_	
1-116	565-566	,	_	_	_	
1-117	567-569	if	_	_	_	
1-118	570-573	the	_	_	_	
1-119	574-578	seed	_	_	_	
1-120	579-581	be	_	_	_	
1-121	582-586	kept	_	_	_	
1-122	587-590	too	_	_	_	
1-123	591-595	long	_	_	_	
1-124	595-596	,	_	_	_	
1-125	597-599	it	_	_	_	
1-126	600-610	disturbeth	_	_	_	
1-127	611-614	the	_	_	_	
1-128	615-623	Function	_	_	_	
1-129	624-626	of	_	_	_	
1-130	627-630	the	_	_	_	
1-131	631-640	spiritous	_	_	_	
1-132	641-646	parts	_	_	_	
1-133	646-647	,	_	_	_	
1-134	648-651	and	_	_	_	
1-135	652-655	the	_	_	_	
1-136	656-664	Midriffe	_	_	_	
1-137	664-665	,	_	_	_	
1-138	666-668	it	_	_	_	
1-139	669-679	oppresseth	_	_	_	
1-140	680-683	the	_	_	_	
1-141	684-689	heart	_	_	_	
1-142	689-690	,	_	_	_	
1-143	691-698	causeth	_	_	_	
1-144	699-707	fainting	_	_	_	
1-145	708-711	and	_	_	_	
1-146	712-720	sounding	_	_	_	
1-147	721-725	fits	_	_	_	
1-148	725-726	,	_	_	_	
1-149	727-734	bindeth	_	_	_	
1-150	735-737	as	_	_	_	
1-151	738-740	it	_	_	_	
1-152	741-745	were	_	_	_	
1-153	745-746	,	_	_	_	
1-154	747-750	and	_	_	_	
1-155	751-758	girteth	_	_	_	
1-156	759-764	about	_	_	_	
1-157	765-768	the	_	_	_	
1-158	769-774	parts	_	_	_	
1-159	774-775	,	_	_	_	
1-160	776-779	and	_	_	_	
1-161	780-786	seemes	_	_	_	
1-162	787-789	in	_	_	_	
1-163	790-794	such	_	_	_	
1-164	795-796	a	_	_	_	
1-165	797-803	manner	_	_	_	
1-166	804-806	to	_	_	_	
1-167	807-811	stop	_	_	_	
1-168	812-815	the	_	_	_	
1-169	816-822	breath	_	_	_	
1-170	822-823	,	_	_	_	
1-171	824-828	that	_	_	_	
1-172	829-832	the	_	_	_	
1-173	833-837	sick	_	_	_	
1-174	838-843	woman	_	_	_	
1-175	844-846	is	_	_	_	
1-176	847-849	in	_	_	_	
1-177	850-856	danger	_	_	_	
1-178	857-859	to	_	_	_	
1-179	860-862	be	_	_	_	
1-180	863-872	strangled	_	_	_	
1-181	872-873	:	_	_	_	
1-182	874-877	her	_	_	_	
1-183	878-882	puls	_	_	_	
1-184	883-885	is	_	_	_	
1-185	886-895	sometimes	_	_	_	
1-186	896-901	weake	_	_	_	
1-187	901-902	,	_	_	_	
1-188	903-910	various	_	_	_	
1-189	910-911	,	_	_	_	
1-190	912-915	and	_	_	_	
1-191	916-923	obscure	_	_	_	
1-192	923-924	:	_	_	_	
1-193	925-928	she	_	_	_	
1-194	929-933	hath	_	_	_	
1-195	934-940	inward	_	_	_	
1-196	941-952	discontents	_	_	_	
1-197	953-956	and	_	_	_	
1-198	957-966	anxieties	_	_	_	
1-199	966-967	,	_	_	_	
1-200	968-971	and	_	_	_	
1-201	972-974	is	_	_	_	
1-202	975-979	most	_	_	_	
1-203	980-988	commonly	_	_	_	
1-204	989-996	invaded	_	_	_	
1-205	997-999	by	_	_	_	
1-206	999-1000	,	_	_	_	
1-207	1001-1003	at	_	_	_	
1-208	1004-1009	least	_	_	_	
1-209	1010-1014	very	_	_	_	
1-210	1015-1022	subject	_	_	_	
1-211	1023-1027	unto	_	_	_	
1-212	1028-1038	Convulsion	_	_	_	
1-213	1039-1043	fits	_	_	_	
1-214	1043-1044	:	_	_	_	
1-215	1045-1048	she	_	_	_	
1-216	1049-1053	lies	_	_	_	
1-217	1053-1054	,	_	_	_	
1-218	1055-1057	as	_	_	_	
1-219	1058-1060	if	_	_	_	
1-220	1061-1064	she	_	_	_	
1-221	1065-1069	were	_	_	_	
1-222	1070-1080	astonished	_	_	_	
1-223	1081-1084	and	_	_	_	
1-224	1085-1089	void	_	_	_	
1-225	1090-1092	of	_	_	_	
1-226	1093-1098	sense	_	_	_	
1-227	1098-1099	:	_	_	_	
1-228	1100-1103	and	_	_	_	
1-229	1104-1108	from	_	_	_	
1-230	1109-1112	her	_	_	_	
1-231	1113-1118	belly	_	_	_	
1-232	1119-1122	you	_	_	_	
1-233	1123-1126	may	_	_	_	
1-234	1127-1132	heare	_	_	_	
1-235	1133-1141	rumbling	_	_	_	
1-236	1141-1142	,	_	_	_	
1-237	1143-1146	and	_	_	_	
1-238	1147-1156	murmuring	_	_	_	
1-239	1157-1163	noises	_	_	_	
1-240	1163-1164	;	_	_	_	
1-241	1165-1168	she	_	_	_	
1-242	1169-1178	breatheth	_	_	_	
1-243	1179-1181	so	_	_	_	
1-244	1182-1188	weakly	_	_	_	
1-245	1188-1189	,	_	_	_	
1-246	1190-1194	that	_	_	_	
1-247	1195-1197	it	_	_	_	
1-248	1198-1200	is	_	_	_	
1-249	1201-1207	scarce	_	_	_	
1-250	1208-1219	discernable	_	_	_	
1-251	1219-1220	,	_	_	_	
1-252	1221-1224	and	_	_	_	
1-253	1225-1231	indeed	_	_	_	
1-254	1232-1235	she	_	_	_	
1-255	1236-1238	is	_	_	_	
1-256	1239-1241	so	_	_	_	
1-257	1242-1245	sad	_	_	_	
1-258	1246-1248	an	_	_	_	
1-259	1249-1255	object	_	_	_	
1-260	1255-1256	,	_	_	_	
1-261	1257-1261	that	_	_	_	
1-262	1262-1265	the	_	_	_	
1-263	1266-1277	by-standers	_	_	_	
1-264	1278-1281	may	_	_	_	
1-265	1282-1288	easily	_	_	_	
1-266	1289-1296	mistake	_	_	_	
1-267	1297-1300	her	_	_	_	
1-268	1301-1303	to	_	_	_	
1-269	1304-1306	be	_	_	_	
1-270	1307-1311	dead	_	_	_	
1-271	1311-1312	.	_	_	_	

#Text=The drowsie and sleepy disease called Carus differs from this, because they who are affected with it, have the use of their breath free, without any molestation: and it differs from a Catalipsy (another drowsie disease, casting the ••ck into a profound and dead sleep) because
#Text=they who are taken with that, lie without any motion, but they who have the mother, are tormented with Convulsion fits, their legs and their hands are stretched and wrythed into unusuall figures, and strange postures; and by this it is distinguished from an Apoplexy, unto which it is exceeding like.
2-1	1313-1316	The	_	_	_	
2-2	1317-1324	drowsie	_	_	_	
2-3	1325-1328	and	_	_	_	
2-4	1329-1335	sleepy	_	_	_	
2-5	1336-1343	disease	_	_	_	
2-6	1344-1350	called	_	_	_	
2-7	1351-1356	Carus	_	_	_	
2-8	1357-1364	differs	_	_	_	
2-9	1365-1369	from	_	_	_	
2-10	1370-1374	this	_	_	_	
2-11	1374-1375	,	_	_	_	
2-12	1376-1383	because	_	_	_	
2-13	1384-1388	they	_	_	_	
2-14	1389-1392	who	_	_	_	
2-15	1393-1396	are	_	_	_	
2-16	1397-1405	affected	_	_	_	
2-17	1406-1410	with	_	_	_	
2-18	1411-1413	it	_	_	_	
2-19	1413-1414	,	_	_	_	
2-20	1415-1419	have	_	_	_	
2-21	1420-1423	the	_	_	_	
2-22	1424-1427	use	_	_	_	
2-23	1428-1430	of	_	_	_	
2-24	1431-1436	their	_	_	_	
2-25	1437-1443	breath	_	_	_	
2-26	1444-1448	free	_	_	_	
2-27	1448-1449	,	_	_	_	
2-28	1450-1457	without	_	_	_	
2-29	1458-1461	any	_	_	_	
2-30	1462-1473	molestation	_	_	_	
2-31	1473-1474	:	_	_	_	
2-32	1475-1478	and	_	_	_	
2-33	1479-1481	it	_	_	_	
2-34	1482-1489	differs	_	_	_	
2-35	1490-1494	from	_	_	_	
2-36	1495-1496	a	_	_	_	
2-37	1497-1506	Catalipsy	_	_	_	
2-38	1507-1508	(	_	_	_	
2-39	1508-1515	another	_	_	_	
2-40	1516-1523	drowsie	_	_	_	
2-41	1524-1531	disease	_	_	_	
2-42	1531-1532	,	_	_	_	
2-43	1533-1540	casting	_	_	_	
2-44	1541-1544	the	_	_	_	
2-45	1545-1546	•	_	_	_	
2-46	1546-1547	•	_	_	_	
2-47	1547-1549	ck	_	_	_	
2-48	1550-1554	into	_	_	_	
2-49	1555-1556	a	_	_	_	
2-50	1557-1565	profound	_	_	_	
2-51	1566-1569	and	_	_	_	
2-52	1570-1574	dead	_	_	_	
2-53	1575-1580	sleep	_	_	_	
2-54	1580-1581	)	_	_	_	
2-55	1582-1589	because	_	_	_	
2-56	1590-1594	they	_	_	_	
2-57	1595-1598	who	_	_	_	
2-58	1599-1602	are	_	_	_	
2-59	1603-1608	taken	_	_	_	
2-60	1609-1613	with	_	_	_	
2-61	1614-1618	that	_	_	_	
2-62	1618-1619	,	_	_	_	
2-63	1620-1623	lie	_	_	_	
2-64	1624-1631	without	_	_	_	
2-65	1632-1635	any	_	_	_	
2-66	1636-1642	motion	_	_	_	
2-67	1642-1643	,	_	_	_	
2-68	1644-1647	but	_	_	_	
2-69	1648-1652	they	_	_	_	
2-70	1653-1656	who	_	_	_	
2-71	1657-1661	have	_	_	_	
2-72	1662-1665	the	_	_	_	
2-73	1666-1672	mother	_	_	_	
2-74	1672-1673	,	_	_	_	
2-75	1674-1677	are	_	_	_	
2-76	1678-1687	tormented	_	_	_	
2-77	1688-1692	with	_	_	_	
2-78	1693-1703	Convulsion	_	_	_	
2-79	1704-1708	fits	_	_	_	
2-80	1708-1709	,	_	_	_	
2-81	1710-1715	their	_	_	_	
2-82	1716-1720	legs	_	_	_	
2-83	1721-1724	and	_	_	_	
2-84	1725-1730	their	_	_	_	
2-85	1731-1736	hands	_	_	_	
2-86	1737-1740	are	_	_	_	
2-87	1741-1750	stretched	_	_	_	
2-88	1751-1754	and	_	_	_	
2-89	1755-1762	wrythed	_	_	_	
2-90	1763-1767	into	_	_	_	
2-91	1768-1776	unusuall	_	_	_	
2-92	1777-1784	figures	_	_	_	
2-93	1784-1785	,	_	_	_	
2-94	1786-1789	and	_	_	_	
2-95	1790-1797	strange	_	_	_	
2-96	1798-1806	postures	_	_	_	
2-97	1806-1807	;	_	_	_	
2-98	1808-1811	and	_	_	_	
2-99	1812-1814	by	_	_	_	
2-100	1815-1819	this	_	_	_	
2-101	1820-1822	it	_	_	_	
2-102	1823-1825	is	_	_	_	
2-103	1826-1839	distinguished	_	_	_	
2-104	1840-1844	from	_	_	_	
2-105	1845-1847	an	_	_	_	
2-106	1848-1856	Apoplexy	_	_	_	
2-107	1856-1857	,	_	_	_	
2-108	1858-1862	unto	_	_	_	
2-109	1863-1868	which	_	_	_	
2-110	1869-1871	it	_	_	_	
2-111	1872-1874	is	_	_	_	
2-112	1875-1884	exceeding	_	_	_	
2-113	1885-1889	like	_	_	_	
2-114	1889-1890	.	_	_	_	

#Text=Galen wondreth how these women can live, who are troubled with these cruel fits of the Mother, without any puls, or breathing, in as much as it is impossible for one that liveth not to breath, or for on• that breatheth not, to live; for so long we live, so long we breath.
3-1	1892-1897	Galen	_	_	_	
3-2	1898-1906	wondreth	_	_	_	
3-3	1907-1910	how	_	_	_	
3-4	1911-1916	these	_	_	_	
3-5	1917-1922	women	_	_	_	
3-6	1923-1926	can	_	_	_	
3-7	1927-1931	live	_	_	_	
3-8	1931-1932	,	_	_	_	
3-9	1933-1936	who	_	_	_	
3-10	1937-1940	are	_	_	_	
3-11	1941-1949	troubled	_	_	_	
3-12	1950-1954	with	_	_	_	
3-13	1955-1960	these	_	_	_	
3-14	1961-1966	cruel	_	_	_	
3-15	1967-1971	fits	_	_	_	
3-16	1972-1974	of	_	_	_	
3-17	1975-1978	the	_	_	_	
3-18	1979-1985	Mother	_	_	_	
3-19	1985-1986	,	_	_	_	
3-20	1987-1994	without	_	_	_	
3-21	1995-1998	any	_	_	_	
3-22	1999-2003	puls	_	_	_	
3-23	2003-2004	,	_	_	_	
3-24	2005-2007	or	_	_	_	
3-25	2008-2017	breathing	_	_	_	
3-26	2017-2018	,	_	_	_	
3-27	2019-2021	in	_	_	_	
3-28	2022-2024	as	_	_	_	
3-29	2025-2029	much	_	_	_	
3-30	2030-2032	as	_	_	_	
3-31	2033-2035	it	_	_	_	
3-32	2036-2038	is	_	_	_	
3-33	2039-2049	impossible	_	_	_	
3-34	2050-2053	for	_	_	_	
3-35	2054-2057	one	_	_	_	
3-36	2058-2062	that	_	_	_	
3-37	2063-2069	liveth	_	_	_	
3-38	2070-2073	not	_	_	_	
3-39	2074-2076	to	_	_	_	
3-40	2077-2083	breath	_	_	_	
3-41	2083-2084	,	_	_	_	
3-42	2085-2087	or	_	_	_	
3-43	2088-2091	for	_	_	_	
3-44	2092-2094	on	_	_	_	
3-45	2094-2095	•	_	_	_	
3-46	2096-2100	that	_	_	_	
3-47	2101-2110	breatheth	_	_	_	
3-48	2111-2114	not	_	_	_	
3-49	2114-2115	,	_	_	_	
3-50	2116-2118	to	_	_	_	
3-51	2119-2123	live	_	_	_	
3-52	2123-2124	;	_	_	_	
3-53	2125-2128	for	_	_	_	
3-54	2129-2131	so	_	_	_	
3-55	2132-2136	long	_	_	_	
3-56	2137-2139	we	_	_	_	
3-57	2140-2144	live	_	_	_	
3-58	2144-2145	,	_	_	_	
3-59	2146-2148	so	_	_	_	
3-60	2149-2153	long	_	_	_	
3-61	2154-2156	we	_	_	_	
3-62	2157-2163	breath	_	_	_	
3-63	2163-2164	.	_	_	_	

#Text=To this I answer that although these women live without respiration, yet doe they not live without transpiration; for this being performed thorough the pores of the skin, by the motion of the arteries, conserves the sym• metry of the vitall heat; for then that small heat retiring to the heart, as to Castle, may bepreserved by this benefit of transpiration alone.
4-1	2165-2167	To	_	_	_	
4-2	2168-2172	this	_	_	_	
4-3	2173-2174	I	_	_	_	
4-4	2175-2181	answer	_	_	_	
4-5	2182-2186	that	_	_	_	
4-6	2187-2195	although	_	_	_	
4-7	2196-2201	these	_	_	_	
4-8	2202-2207	women	_	_	_	
4-9	2208-2212	live	_	_	_	
4-10	2213-2220	without	_	_	_	
4-11	2221-2232	respiration	_	_	_	
4-12	2232-2233	,	_	_	_	
4-13	2234-2237	yet	_	_	_	
4-14	2238-2241	doe	_	_	_	
4-15	2242-2246	they	_	_	_	
4-16	2247-2250	not	_	_	_	
4-17	2251-2255	live	_	_	_	
4-18	2256-2263	without	_	_	_	
4-19	2264-2277	transpiration	_	_	_	
4-20	2277-2278	;	_	_	_	
4-21	2279-2282	for	_	_	_	
4-22	2283-2287	this	_	_	_	
4-23	2288-2293	being	_	_	_	
4-24	2294-2303	performed	_	_	_	
4-25	2304-2312	thorough	_	_	_	
4-26	2313-2316	the	_	_	_	
4-27	2317-2322	pores	_	_	_	
4-28	2323-2325	of	_	_	_	
4-29	2326-2329	the	_	_	_	
4-30	2330-2334	skin	_	_	_	
4-31	2334-2335	,	_	_	_	
4-32	2336-2338	by	_	_	_	
4-33	2339-2342	the	_	_	_	
4-34	2343-2349	motion	_	_	_	
4-35	2350-2352	of	_	_	_	
4-36	2353-2356	the	_	_	_	
4-37	2357-2365	arteries	_	_	_	
4-38	2365-2366	,	_	_	_	
4-39	2367-2376	conserves	_	_	_	
4-40	2377-2380	the	_	_	_	
4-41	2381-2384	sym	_	_	_	
4-42	2384-2385	•	_	_	_	
4-43	2386-2391	metry	_	_	_	
4-44	2392-2394	of	_	_	_	
4-45	2395-2398	the	_	_	_	
4-46	2399-2405	vitall	_	_	_	
4-47	2406-2410	heat	_	_	_	
4-48	2410-2411	;	_	_	_	
4-49	2412-2415	for	_	_	_	
4-50	2416-2420	then	_	_	_	
4-51	2421-2425	that	_	_	_	
4-52	2426-2431	small	_	_	_	
4-53	2432-2436	heat	_	_	_	
4-54	2437-2445	retiring	_	_	_	
4-55	2446-2448	to	_	_	_	
4-56	2449-2452	the	_	_	_	
4-57	2453-2458	heart	_	_	_	
4-58	2458-2459	,	_	_	_	
4-59	2460-2462	as	_	_	_	
4-60	2463-2465	to	_	_	_	
4-61	2466-2472	Castle	_	_	_	
4-62	2472-2473	,	_	_	_	
4-63	2474-2477	may	_	_	_	
4-64	2478-2489	bepreserved	_	_	_	
4-65	2490-2492	by	_	_	_	
4-66	2493-2497	this	_	_	_	
4-67	2498-2505	benefit	_	_	_	
4-68	2506-2508	of	_	_	_	
4-69	2509-2522	transpiration	_	_	_	
4-70	2523-2528	alone	_	_	_	
4-71	2528-2529	.	_	_	_	

#Text=Now to procure an assurance, whith• the woman be living or dead, hold a feather, or a looking-glasse to her mouth, the former stir, or the latter be spotted it is an undoubted signe that she liveth.
5-1	2531-2534	Now	_	_	_	
5-2	2535-2537	to	_	_	_	
5-3	2538-2545	procure	_	_	_	
5-4	2546-2548	an	_	_	_	
5-5	2549-2558	assurance	_	_	_	
5-6	2558-2559	,	_	_	_	
5-7	2560-2565	whith	_	_	_	
5-8	2565-2566	•	_	_	_	
5-9	2567-2570	the	_	_	_	
5-10	2571-2576	woman	_	_	_	
5-11	2577-2579	be	_	_	_	
5-12	2580-2586	living	_	_	_	
5-13	2587-2589	or	_	_	_	
5-14	2590-2594	dead	_	_	_	
5-15	2594-2595	,	_	_	_	
5-16	2596-2600	hold	_	_	_	
5-17	2601-2602	a	_	_	_	
5-18	2603-2610	feather	_	_	_	
5-19	2610-2611	,	_	_	_	
5-20	2612-2614	or	_	_	_	
5-21	2615-2616	a	_	_	_	
5-22	2617-2631	looking-glasse	_	_	_	
5-23	2632-2634	to	_	_	_	
5-24	2635-2638	her	_	_	_	
5-25	2639-2644	mouth	_	_	_	
5-26	2644-2645	,	_	_	_	
5-27	2646-2649	the	_	_	_	
5-28	2650-2656	former	_	_	_	
5-29	2657-2661	stir	_	_	_	
5-30	2661-2662	,	_	_	_	
5-31	2663-2665	or	_	_	_	
5-32	2666-2669	the	_	_	_	
5-33	2670-2676	latter	_	_	_	
5-34	2677-2679	be	_	_	_	
5-35	2680-2687	spotted	_	_	_	
5-36	2688-2690	it	_	_	_	
5-37	2691-2693	is	_	_	_	
5-38	2694-2696	an	_	_	_	
5-39	2697-2706	undoubted	_	_	_	
5-40	2707-2712	signe	_	_	_	
5-41	2713-2717	that	_	_	_	
5-42	2718-2721	she	_	_	_	
5-43	2722-2728	liveth	_	_	_	
5-44	2728-2729	.	_	_	_	

#Text=This is a most acute Disease, and soone dispatcheth the sick woman, especially if it took beginning from somevery contagious, and poisonous vapours; lecherous women, and lusty widowes that are prone, and apt to Venery, are most subject to it: but married women that injoy the company of their husbands, and such as are with childe, are seldome invaded by it.
6-1	2731-2735	This	_	_	_	
6-2	2736-2738	is	_	_	_	
6-3	2739-2740	a	_	_	_	
6-4	2741-2745	most	_	_	_	
6-5	2746-2751	acute	_	_	_	
6-6	2752-2759	Disease	_	_	_	
6-7	2759-2760	,	_	_	_	
6-8	2761-2764	and	_	_	_	
6-9	2765-2770	soone	_	_	_	
6-10	2771-2782	dispatcheth	_	_	_	
6-11	2783-2786	the	_	_	_	
6-12	2787-2791	sick	_	_	_	
6-13	2792-2797	woman	_	_	_	
6-14	2797-2798	,	_	_	_	
6-15	2799-2809	especially	_	_	_	
6-16	2810-2812	if	_	_	_	
6-17	2813-2815	it	_	_	_	
6-18	2816-2820	took	_	_	_	
6-19	2821-2830	beginning	_	_	_	
6-20	2831-2835	from	_	_	_	
6-21	2836-2844	somevery	_	_	_	
6-22	2845-2855	contagious	_	_	_	
6-23	2855-2856	,	_	_	_	
6-24	2857-2860	and	_	_	_	
6-25	2861-2870	poisonous	_	_	_	
6-26	2871-2878	vapours	_	_	_	
6-27	2878-2879	;	_	_	_	
6-28	2880-2889	lecherous	_	_	_	
6-29	2890-2895	women	_	_	_	
6-30	2895-2896	,	_	_	_	
6-31	2897-2900	and	_	_	_	
6-32	2901-2906	lusty	_	_	_	
6-33	2907-2914	widowes	_	_	_	
6-34	2915-2919	that	_	_	_	
6-35	2920-2923	are	_	_	_	
6-36	2924-2929	prone	_	_	_	
6-37	2929-2930	,	_	_	_	
6-38	2931-2934	and	_	_	_	
6-39	2935-2938	apt	_	_	_	
6-40	2939-2941	to	_	_	_	
6-41	2942-2948	Venery	_	_	_	
6-42	2948-2949	,	_	_	_	
6-43	2950-2953	are	_	_	_	
6-44	2954-2958	most	_	_	_	
6-45	2959-2966	subject	_	_	_	
6-46	2967-2969	to	_	_	_	
6-47	2970-2972	it	_	_	_	
6-48	2972-2973	:	_	_	_	
6-49	2974-2977	but	_	_	_	
6-50	2978-2985	married	_	_	_	
6-51	2986-2991	women	_	_	_	
6-52	2992-2996	that	_	_	_	
6-53	2997-3002	injoy	_	_	_	
6-54	3003-3006	the	_	_	_	
6-55	3007-3014	company	_	_	_	
6-56	3015-3017	of	_	_	_	
6-57	3018-3023	their	_	_	_	
6-58	3024-3032	husbands	_	_	_	
6-59	3032-3033	,	_	_	_	
6-60	3034-3037	and	_	_	_	
6-61	3038-3042	such	_	_	_	
6-62	3043-3045	as	_	_	_	
6-63	3046-3049	are	_	_	_	
6-64	3050-3054	with	_	_	_	
6-65	3055-3061	childe	_	_	_	
6-66	3061-3062	,	_	_	_	
6-67	3063-3066	are	_	_	_	
6-68	3067-3074	seldome	_	_	_	
6-69	3075-3082	invaded	_	_	_	
6-70	3083-3085	by	_	_	_	
6-71	3086-3088	it	_	_	_	
6-72	3088-3089	.	_	_	_	

#Text=You must apply your Remedies in the ••t, and after the fit: in the fit, the humour just be drawn back with rubbing the parts, •ying painfull Ligatures about them, and applying Cuppinglasses, with scariffication to the calfes of her legs: have such Glysters in readinesse, as will take away the paine, dissolve, draw back, and purge out the thick humours: you may compound them by these formes following.
7-1	3091-3094	You	_	_	_	
7-2	3095-3099	must	_	_	_	
7-3	3100-3105	apply	_	_	_	
7-4	3106-3110	your	_	_	_	
7-5	3111-3119	Remedies	_	_	_	
7-6	3120-3122	in	_	_	_	
7-7	3123-3126	the	_	_	_	
7-8	3127-3128	•	_	_	_	
7-9	3128-3129	•	_	_	_	
7-10	3129-3130	t	_	_	_	
7-11	3130-3131	,	_	_	_	
7-12	3132-3135	and	_	_	_	
7-13	3136-3141	after	_	_	_	
7-14	3142-3145	the	_	_	_	
7-15	3146-3149	fit	_	_	_	
7-16	3149-3150	:	_	_	_	
7-17	3151-3153	in	_	_	_	
7-18	3154-3157	the	_	_	_	
7-19	3158-3161	fit	_	_	_	
7-20	3161-3162	,	_	_	_	
7-21	3163-3166	the	_	_	_	
7-22	3167-3173	humour	_	_	_	
7-23	3174-3178	just	_	_	_	
7-24	3179-3181	be	_	_	_	
7-25	3182-3187	drawn	_	_	_	
7-26	3188-3192	back	_	_	_	
7-27	3193-3197	with	_	_	_	
7-28	3198-3205	rubbing	_	_	_	
7-29	3206-3209	the	_	_	_	
7-30	3210-3215	parts	_	_	_	
7-31	3215-3216	,	_	_	_	
7-32	3217-3218	•	_	_	_	
7-33	3218-3222	ying	_	_	_	
7-34	3223-3231	painfull	_	_	_	
7-35	3232-3241	Ligatures	_	_	_	
7-36	3242-3247	about	_	_	_	
7-37	3248-3252	them	_	_	_	
7-38	3252-3253	,	_	_	_	
7-39	3254-3257	and	_	_	_	
7-40	3258-3266	applying	_	_	_	
7-41	3267-3280	Cuppinglasses	_	_	_	
7-42	3280-3281	,	_	_	_	
7-43	3282-3286	with	_	_	_	
7-44	3287-3301	scariffication	_	_	_	
7-45	3302-3304	to	_	_	_	
7-46	3305-3308	the	_	_	_	
7-47	3309-3315	calfes	_	_	_	
7-48	3316-3318	of	_	_	_	
7-49	3319-3322	her	_	_	_	
7-50	3323-3327	legs	_	_	_	
7-51	3327-3328	:	_	_	_	
7-52	3329-3333	have	_	_	_	
7-53	3334-3338	such	_	_	_	
7-54	3339-3347	Glysters	_	_	_	
7-55	3348-3350	in	_	_	_	
7-56	3351-3361	readinesse	_	_	_	
7-57	3361-3362	,	_	_	_	
7-58	3363-3365	as	_	_	_	
7-59	3366-3370	will	_	_	_	
7-60	3371-3375	take	_	_	_	
7-61	3376-3380	away	_	_	_	
7-62	3381-3384	the	_	_	_	
7-63	3385-3390	paine	_	_	_	
7-64	3390-3391	,	_	_	_	
7-65	3392-3400	dissolve	_	_	_	
7-66	3400-3401	,	_	_	_	
7-67	3402-3406	draw	_	_	_	
7-68	3407-3411	back	_	_	_	
7-69	3411-3412	,	_	_	_	
7-70	3413-3416	and	_	_	_	
7-71	3417-3422	purge	_	_	_	
7-72	3423-3426	out	_	_	_	
7-73	3427-3430	the	_	_	_	
7-74	3431-3436	thick	_	_	_	
7-75	3437-3444	humours	_	_	_	
7-76	3444-3445	:	_	_	_	
7-77	3446-3449	you	_	_	_	
7-78	3450-3453	may	_	_	_	
7-79	3454-3462	compound	_	_	_	
7-80	3463-3467	them	_	_	_	
7-81	3468-3470	by	_	_	_	
7-82	3471-3476	these	_	_	_	
7-83	3477-3483	formes	_	_	_	
7-84	3484-3493	following	_	_	_	
7-85	3493-3494	.	_	_	_	

#Text=Take halfe an ounce of Elecampane roots.
8-1	3496-3500	Take	_	_	_	
8-2	3501-3506	halfe	_	_	_	
8-3	3507-3509	an	_	_	_	
8-4	3510-3515	ounce	_	_	_	
8-5	3516-3518	of	_	_	_	
8-6	3519-3529	Elecampane	_	_	_	
8-7	3530-3535	roots	_	_	_	
8-8	3535-3536	.	_	_	_	

#Text=The leaves of rue, penniroyall, Motherwort,and pellitory of the wall, of each a handfull.
9-1	3538-3541	The	_	_	_	
9-2	3542-3548	leaves	_	_	_	
9-3	3549-3551	of	_	_	_	
9-4	3552-3555	rue	_	_	_	
9-5	3555-3556	,	_	_	_	
9-6	3557-3568	penniroyall	_	_	_	
9-7	3568-3569	,	_	_	_	
9-8	3570-3580	Motherwort	_	_	_	
9-9	3580-3581	,	_	_	_	
9-10	3581-3584	and	_	_	_	
9-11	3585-3594	pellitory	_	_	_	
9-12	3595-3597	of	_	_	_	
9-13	3598-3601	the	_	_	_	
9-14	3602-3606	wall	_	_	_	
9-15	3606-3607	,	_	_	_	
9-16	3608-3610	of	_	_	_	
9-17	3611-3615	each	_	_	_	
9-18	3616-3617	a	_	_	_	
9-19	3618-3626	handfull	_	_	_	
9-20	3626-3627	.	_	_	_	

#Text=Three drams of sena.
10-1	3629-3634	Three	_	_	_	
10-2	3635-3640	drams	_	_	_	
10-3	3641-3643	of	_	_	_	
10-4	3644-3648	sena	_	_	_	
10-5	3648-3649	.	_	_	_	

#Text=Bran, Camomile flowers, and the tops of Dill, of each halfe a handfull.
11-1	3651-3655	Bran	_	_	_	
11-2	3655-3656	,	_	_	_	
11-3	3657-3665	Camomile	_	_	_	
11-4	3666-3673	flowers	_	_	_	
11-5	3673-3674	,	_	_	_	
11-6	3675-3678	and	_	_	_	
11-7	3679-3682	the	_	_	_	
11-8	3683-3687	tops	_	_	_	
11-9	3688-3690	of	_	_	_	
11-10	3691-3695	Dill	_	_	_	
11-11	3695-3696	,	_	_	_	
11-12	3697-3699	of	_	_	_	
11-13	3700-3704	each	_	_	_	
11-14	3705-3710	halfe	_	_	_	
11-15	3711-3712	a	_	_	_	
11-16	3713-3721	handfull	_	_	_	
11-17	3721-3722	.	_	_	_	

#Text=Bastard Saffron, and Annise seeds, of each two drams.
12-1	3724-3731	Bastard	_	_	_	
12-2	3732-3739	Saffron	_	_	_	
12-3	3739-3740	,	_	_	_	
12-4	3741-3744	and	_	_	_	
12-5	3745-3751	Annise	_	_	_	
12-6	3752-3757	seeds	_	_	_	
12-7	3757-3758	,	_	_	_	
12-8	3759-3761	of	_	_	_	
12-9	3762-3766	each	_	_	_	
12-10	3767-3770	two	_	_	_	
12-11	3771-3776	drams	_	_	_	
12-12	3776-3777	.	_	_	_	

#Text=Boile them in a sufficient quantitie of
#Text=birthwort water to nine ounces, to the strained liquor being squeezed, and press very hard, add
#Text=
#Text=Diaphenicon, and benedicta laxativa, of each an ounce.
13-1	3779-3784	Boile	_	_	_	
13-2	3785-3789	them	_	_	_	
13-3	3790-3792	in	_	_	_	
13-4	3793-3794	a	_	_	_	
13-5	3795-3805	sufficient	_	_	_	
13-6	3806-3815	quantitie	_	_	_	
13-7	3816-3818	of	_	_	_	
13-8	3819-3828	birthwort	_	_	_	
13-9	3829-3834	water	_	_	_	
13-10	3835-3837	to	_	_	_	
13-11	3838-3842	nine	_	_	_	
13-12	3843-3849	ounces	_	_	_	
13-13	3849-3850	,	_	_	_	
13-14	3851-3853	to	_	_	_	
13-15	3854-3857	the	_	_	_	
13-16	3858-3866	strained	_	_	_	
13-17	3867-3873	liquor	_	_	_	
13-18	3874-3879	being	_	_	_	
13-19	3880-3888	squeezed	_	_	_	
13-20	3888-3889	,	_	_	_	
13-21	3890-3893	and	_	_	_	
13-22	3894-3899	press	_	_	_	
13-23	3900-3904	very	_	_	_	
13-24	3905-3909	hard	_	_	_	
13-25	3909-3910	,	_	_	_	
13-26	3911-3914	add	_	_	_	
13-27	3916-3927	Diaphenicon	_	_	_	
13-28	3927-3928	,	_	_	_	
13-29	3929-3932	and	_	_	_	
13-30	3933-3942	benedicta	_	_	_	
13-31	3943-3951	laxativa	_	_	_	
13-32	3951-3952	,	_	_	_	
13-33	3953-3955	of	_	_	_	
13-34	3956-3960	each	_	_	_	
13-35	3961-3963	an	_	_	_	
13-36	3964-3969	ounce	_	_	_	
13-37	3969-3970	.	_	_	_	

#Text=Oyle of dill, and oyle of rue, of each s• drams.
14-1	3972-3976	Oyle	_	_	_	
14-2	3977-3979	of	_	_	_	
14-3	3980-3984	dill	_	_	_	
14-4	3984-3985	,	_	_	_	
14-5	3986-3989	and	_	_	_	
14-6	3990-3994	oyle	_	_	_	
14-7	3995-3997	of	_	_	_	
14-8	3998-4001	rue	_	_	_	
14-9	4001-4002	,	_	_	_	
14-10	4003-4005	of	_	_	_	
14-11	4006-4010	each	_	_	_	
14-12	4011-4012	s	_	_	_	
14-13	4012-4013	•	_	_	_	
14-14	4014-4019	drams	_	_	_	
14-15	4019-4020	.	_	_	_	

#Text=Halfe an ounce of butter.
15-1	4022-4027	Halfe	_	_	_	
15-2	4028-4030	an	_	_	_	
15-3	4031-4036	ounce	_	_	_	
15-4	4037-4039	of	_	_	_	
15-5	4040-4046	butter	_	_	_	
15-6	4046-4047	.	_	_	_	

#Text=A dram and a halfe of salt.
16-1	4049-4050	A	_	_	_	
16-2	4051-4055	dram	_	_	_	
16-3	4056-4059	and	_	_	_	
16-4	4060-4061	a	_	_	_	
16-5	4062-4067	halfe	_	_	_	
16-6	4068-4070	of	_	_	_	
16-7	4071-4075	salt	_	_	_	
16-8	4075-4076	.	_	_	_	

#Text=Mingle them, and make a Glyster.
17-1	4078-4084	Mingle	_	_	_	
17-2	4085-4089	them	_	_	_	
17-3	4089-4090	,	_	_	_	
17-4	4091-4094	and	_	_	_	
17-5	4095-4099	make	_	_	_	
17-6	4100-4101	a	_	_	_	
17-7	4102-4109	Glyster	_	_	_	
17-8	4109-4110	.	_	_	_	

#Text=Carminative medicines must be laid upon the whole inward region, as fomentation made of the leaves of Rue, Motherwort, Penniroyall, the flowers of Melilot, and Camomile, or unguent. de Althea, with the oyl of Camomile, Dill, and Rue; for this loosen¦eth the passages by opening the pores, an expelling the winde; pessaries may be p•• up, made with Civet, Musk, and Amber but you must affront her nose with stinking odours, as the steame of brimstone, the smoke ascending from old shoes burn Partridge feathers, sagapenum galbanum, as fetida, and the like, cast into the fire; because the Matrix doth, as it were abhor, retreat, and flie from these things, whereas sweet things doe allure to them.
18-1	4112-4123	Carminative	_	_	_	
18-2	4124-4133	medicines	_	_	_	
18-3	4134-4138	must	_	_	_	
18-4	4139-4141	be	_	_	_	
18-5	4142-4146	laid	_	_	_	
18-6	4147-4151	upon	_	_	_	
18-7	4152-4155	the	_	_	_	
18-8	4156-4161	whole	_	_	_	
18-9	4162-4168	inward	_	_	_	
18-10	4169-4175	region	_	_	_	
18-11	4175-4176	,	_	_	_	
18-12	4177-4179	as	_	_	_	
18-13	4180-4191	fomentation	_	_	_	
18-14	4192-4196	made	_	_	_	
18-15	4197-4199	of	_	_	_	
18-16	4200-4203	the	_	_	_	
18-17	4204-4210	leaves	_	_	_	
18-18	4211-4213	of	_	_	_	
18-19	4214-4217	Rue	_	_	_	
18-20	4217-4218	,	_	_	_	
18-21	4219-4229	Motherwort	_	_	_	
18-22	4229-4230	,	_	_	_	
18-23	4231-4242	Penniroyall	_	_	_	
18-24	4242-4243	,	_	_	_	
18-25	4244-4247	the	_	_	_	
18-26	4248-4255	flowers	_	_	_	
18-27	4256-4258	of	_	_	_	
18-28	4259-4266	Melilot	_	_	_	
18-29	4266-4267	,	_	_	_	
18-30	4268-4271	and	_	_	_	
18-31	4272-4280	Camomile	_	_	_	
18-32	4280-4281	,	_	_	_	
18-33	4282-4284	or	_	_	_	
18-34	4285-4292	unguent	_	_	_	
18-35	4292-4293	.	_	_	_	
18-36	4294-4296	de	_	_	_	
18-37	4297-4303	Althea	_	_	_	
18-38	4303-4304	,	_	_	_	
18-39	4305-4309	with	_	_	_	
18-40	4310-4313	the	_	_	_	
18-41	4314-4317	oyl	_	_	_	
18-42	4318-4320	of	_	_	_	
18-43	4321-4329	Camomile	_	_	_	
18-44	4329-4330	,	_	_	_	
18-45	4331-4335	Dill	_	_	_	
18-46	4335-4336	,	_	_	_	
18-47	4337-4340	and	_	_	_	
18-48	4341-4344	Rue	_	_	_	
18-49	4344-4345	;	_	_	_	
18-50	4346-4349	for	_	_	_	
18-51	4350-4354	this	_	_	_	
18-52	4355-4361	loosen	_	_	_	
18-53	4361-4362	¦	_	_	_	
18-54	4362-4365	eth	_	_	_	
18-55	4366-4369	the	_	_	_	
18-56	4370-4378	passages	_	_	_	
18-57	4379-4381	by	_	_	_	
18-58	4382-4389	opening	_	_	_	
18-59	4390-4393	the	_	_	_	
18-60	4394-4399	pores	_	_	_	
18-61	4399-4400	,	_	_	_	
18-62	4401-4403	an	_	_	_	
18-63	4404-4413	expelling	_	_	_	
18-64	4414-4417	the	_	_	_	
18-65	4418-4423	winde	_	_	_	
18-66	4423-4424	;	_	_	_	
18-67	4425-4434	pessaries	_	_	_	
18-68	4435-4438	may	_	_	_	
18-69	4439-4441	be	_	_	_	
18-70	4442-4443	p	_	_	_	
18-71	4443-4444	•	_	_	_	
18-72	4444-4445	•	_	_	_	
18-73	4446-4448	up	_	_	_	
18-74	4448-4449	,	_	_	_	
18-75	4450-4454	made	_	_	_	
18-76	4455-4459	with	_	_	_	
18-77	4460-4465	Civet	_	_	_	
18-78	4465-4466	,	_	_	_	
18-79	4467-4471	Musk	_	_	_	
18-80	4471-4472	,	_	_	_	
18-81	4473-4476	and	_	_	_	
18-82	4477-4482	Amber	_	_	_	
18-83	4483-4486	but	_	_	_	
18-84	4487-4490	you	_	_	_	
18-85	4491-4495	must	_	_	_	
18-86	4496-4503	affront	_	_	_	
18-87	4504-4507	her	Perceiver	_	_	
18-88	4508-4512	nose	_	_	_	
18-89	4513-4517	with	_	_	_	
18-90	4518-4526	stinking	Quality	_	_	
18-91	4527-4533	odours	Smell\_Word	*|*|*|*|*|*	18-90|18-87|18-94[1_0]|18-99[2_0]|18-109[3_0]|18-113	
18-92	4533-4534	,	_	_	_	
18-93	4535-4537	as	_	_	_	
18-94	4538-4541	the	Smell\_Source[1]	_	_	
18-95	4542-4548	steame	Smell\_Source[1]	_	_	
18-96	4549-4551	of	Smell\_Source[1]	_	_	
18-97	4552-4561	brimstone	Smell\_Source[1]	_	_	
18-98	4561-4562	,	_	_	_	
18-99	4563-4566	the	Smell\_Source[2]	_	_	
18-100	4567-4572	smoke	Smell\_Source[2]	_	_	
18-101	4573-4582	ascending	Smell\_Source[2]	_	_	
18-102	4583-4587	from	Smell\_Source[2]	_	_	
18-103	4588-4591	old	Smell\_Source[2]	_	_	
18-104	4592-4597	shoes	Smell\_Source[2]	_	_	
18-105	4598-4602	burn	Smell\_Source[2]	_	_	
18-106	4603-4612	Partridge	Smell\_Source[2]	_	_	
18-107	4613-4621	feathers	Smell\_Source[2]	_	_	
18-108	4621-4622	,	_	_	_	
18-109	4623-4632	sagapenum	Smell\_Source[3]	_	_	
18-110	4633-4641	galbanum	Smell\_Source[3]	_	_	
18-111	4641-4642	,	_	_	_	
18-112	4643-4645	as	_	_	_	
18-113	4646-4652	fetida	Smell\_Source	_	_	
18-114	4652-4653	,	_	_	_	
18-115	4654-4657	and	_	_	_	
18-116	4658-4661	the	_	_	_	
18-117	4662-4666	like	_	_	_	
18-118	4666-4667	,	_	_	_	
18-119	4668-4672	cast	_	_	_	
18-120	4673-4677	into	_	_	_	
18-121	4678-4681	the	_	_	_	
18-122	4682-4686	fire	_	_	_	
18-123	4686-4687	;	_	_	_	
18-124	4688-4695	because	_	_	_	
18-125	4696-4699	the	_	_	_	
18-126	4700-4706	Matrix	_	_	_	
18-127	4707-4711	doth	_	_	_	
18-128	4711-4712	,	_	_	_	
18-129	4713-4715	as	_	_	_	
18-130	4716-4718	it	_	_	_	
18-131	4719-4723	were	_	_	_	
18-132	4724-4729	abhor	_	_	_	
18-133	4729-4730	,	_	_	_	
18-134	4731-4738	retreat	_	_	_	
18-135	4738-4739	,	_	_	_	
18-136	4740-4743	and	_	_	_	
18-137	4744-4748	flie	_	_	_	
18-138	4749-4753	from	_	_	_	
18-139	4754-4759	these	_	_	_	
18-140	4760-4766	things	_	_	_	
18-141	4766-4767	,	_	_	_	
18-142	4768-4775	whereas	_	_	_	
18-143	4776-4781	sweet	_	_	_	
18-144	4782-4788	things	_	_	_	
18-145	4789-4792	doe	_	_	_	
18-146	4793-4799	allure	_	_	_	
18-147	4800-4802	to	_	_	_	
18-148	4803-4807	them	_	_	_	
18-149	4807-4808	.	_	_	_	

#Text=But some curious braine may here demand, why sweet things held to the nose
#Text=doe breed the fits of the Mother, and on the contrary, stinking things appease those fits?
19-1	4810-4813	But	_	_	_	
19-2	4814-4818	some	_	_	_	
19-3	4819-4826	curious	_	_	_	
19-4	4827-4833	braine	_	_	_	
19-5	4834-4837	may	_	_	_	
19-6	4838-4842	here	_	_	_	
19-7	4843-4849	demand	_	_	_	
19-8	4849-4850	,	_	_	_	
19-9	4851-4854	why	_	_	_	
19-10	4855-4860	sweet	_	_	_	
19-11	4861-4867	things	_	_	_	
19-12	4868-4872	held	_	_	_	
19-13	4873-4875	to	_	_	_	
19-14	4876-4879	the	_	_	_	
19-15	4880-4884	nose	_	_	_	
19-16	4885-4888	doe	_	_	_	
19-17	4889-4894	breed	_	_	_	
19-18	4895-4898	the	_	_	_	
19-19	4899-4903	fits	_	_	_	
19-20	4904-4906	of	_	_	_	
19-21	4907-4910	the	_	_	_	
19-22	4911-4917	Mother	_	_	_	
19-23	4917-4918	,	_	_	_	
19-24	4919-4922	and	_	_	_	
19-25	4923-4925	on	_	_	_	
19-26	4926-4929	the	_	_	_	
19-27	4930-4938	contrary	_	_	_	
19-28	4938-4939	,	_	_	_	
19-29	4940-4948	stinking	Quality[4]|Smell\_Word[5]	*|*|*	19-29[4_5]|19-30[0_5]|19-31[6_5]	
19-30	4949-4955	things	Smell\_Source	_	_	
19-31	4956-4963	appease	Effect[6]	_	_	
19-32	4964-4969	those	Effect[6]	_	_	
19-33	4970-4974	fits	Effect[6]	_	_	
19-34	4974-4975	?	_	_	_	

#Text=I answer; sweet things applyed to the Matrix, in regard that they are hot, doe expell the winde, cut into the slow and tenacious phlegm, and afterwards purge it out: but stinking things applied to the Nose, consume the ascending vapours with their heat; but you may still demand, if hot stinking things be good to break the winde, why may they not be laid to the Matrix, as well as sweet things?
20-1	4976-4977	I	_	_	_	
20-2	4978-4984	answer	_	_	_	
20-3	4984-4985	;	_	_	_	
20-4	4986-4991	sweet	_	_	_	
20-5	4992-4998	things	_	_	_	
20-6	4999-5006	applyed	_	_	_	
20-7	5007-5009	to	_	_	_	
20-8	5010-5013	the	_	_	_	
20-9	5014-5020	Matrix	_	_	_	
20-10	5020-5021	,	_	_	_	
20-11	5022-5024	in	_	_	_	
20-12	5025-5031	regard	_	_	_	
20-13	5032-5036	that	_	_	_	
20-14	5037-5041	they	_	_	_	
20-15	5042-5045	are	_	_	_	
20-16	5046-5049	hot	_	_	_	
20-17	5049-5050	,	_	_	_	
20-18	5051-5054	doe	_	_	_	
20-19	5055-5061	expell	_	_	_	
20-20	5062-5065	the	_	_	_	
20-21	5066-5071	winde	_	_	_	
20-22	5071-5072	,	_	_	_	
20-23	5073-5076	cut	_	_	_	
20-24	5077-5081	into	_	_	_	
20-25	5082-5085	the	_	_	_	
20-26	5086-5090	slow	_	_	_	
20-27	5091-5094	and	_	_	_	
20-28	5095-5104	tenacious	_	_	_	
20-29	5105-5111	phlegm	_	_	_	
20-30	5111-5112	,	_	_	_	
20-31	5113-5116	and	_	_	_	
20-32	5117-5127	afterwards	_	_	_	
20-33	5128-5133	purge	_	_	_	
20-34	5134-5136	it	_	_	_	
20-35	5137-5140	out	_	_	_	
20-36	5140-5141	:	_	_	_	
20-37	5142-5145	but	_	_	_	
20-38	5146-5154	stinking	Quality[7]|Smell\_Word[8]	*|*|*|*	20-38[7_8]|20-39[0_8]|20-40[9_8]|20-45[10_8]	
20-39	5155-5161	things	Smell\_Source	_	_	
20-40	5162-5169	applied	Circumstances[9]	_	_	
20-41	5170-5172	to	Circumstances[9]	_	_	
20-42	5173-5176	the	Circumstances[9]	_	_	
20-43	5177-5181	Nose	Circumstances[9]	_	_	
20-44	5181-5182	,	_	_	_	
20-45	5183-5190	consume	Effect[10]	_	_	
20-46	5191-5194	the	Effect[10]	_	_	
20-47	5195-5204	ascending	Effect[10]	_	_	
20-48	5205-5212	vapours	Effect[10]	_	_	
20-49	5213-5217	with	Effect[10]	_	_	
20-50	5218-5223	their	Effect[10]	_	_	
20-51	5224-5228	heat	Effect[10]	_	_	
20-52	5228-5229	;	_	_	_	
20-53	5230-5233	but	_	_	_	
20-54	5234-5237	you	_	_	_	
20-55	5238-5241	may	_	_	_	
20-56	5242-5247	still	_	_	_	
20-57	5248-5254	demand	_	_	_	
20-58	5254-5255	,	_	_	_	
20-59	5256-5258	if	_	_	_	
20-60	5259-5262	hot	Quality	_	_	
20-61	5263-5271	stinking	Quality[11]|Smell\_Word[12]	*|*	20-60[0_12]|20-62[0_12]	
20-62	5272-5278	things	Smell\_Source	_	_	
20-63	5279-5281	be	_	_	_	
20-64	5282-5286	good	_	_	_	
20-65	5287-5289	to	_	_	_	
20-66	5290-5295	break	_	_	_	
20-67	5296-5299	the	_	_	_	
20-68	5300-5305	winde	_	_	_	
20-69	5305-5306	,	_	_	_	
20-70	5307-5310	why	_	_	_	
20-71	5311-5314	may	_	_	_	
20-72	5315-5319	they	_	_	_	
20-73	5320-5323	not	_	_	_	
20-74	5324-5326	be	_	_	_	
20-75	5327-5331	laid	_	_	_	
20-76	5332-5334	to	_	_	_	
20-77	5335-5338	the	_	_	_	
20-78	5339-5345	Matrix	_	_	_	
20-79	5345-5346	,	_	_	_	
20-80	5347-5349	as	_	_	_	
20-81	5350-5354	well	_	_	_	
20-82	5355-5357	as	_	_	_	
20-83	5358-5363	sweet	_	_	_	
20-84	5364-5370	things	_	_	_	
20-85	5370-5371	?	_	_	_	

#Text=I answer?
21-1	5372-5373	I	_	_	_	
21-2	5374-5380	answer	_	_	_	
21-3	5380-5381	?	_	_	_	

#Text=the Matrix embraceth, and meeteth sweet odours and perfumes, but unsavory and stinking sents it abhors, and flies from; for  ' tis a most certaine truth, that every creature, even by naturall instinct, shunneth inconveniences, and affecteth things convenient.
22-1	5382-5385	the	_	_	_	
22-2	5386-5392	Matrix	_	_	_	
22-3	5393-5402	embraceth	_	_	_	
22-4	5402-5403	,	_	_	_	
22-5	5404-5407	and	_	_	_	
22-6	5408-5415	meeteth	_	_	_	
22-7	5416-5421	sweet	Quality	_	_	
22-8	5422-5428	odours	Smell\_Word	*	22-7	
22-9	5429-5432	and	_	_	_	
22-10	5433-5441	perfumes	Smell\_Word	*	22-7	
22-11	5441-5442	,	_	_	_	
22-12	5443-5446	but	_	_	_	
22-13	5447-5455	unsavory	Quality	_	_	
22-14	5456-5459	and	_	_	_	
22-15	5460-5468	stinking	Quality	_	_	
22-16	5469-5474	sents	Smell\_Word	*|*	22-13|22-15	
22-17	5475-5477	it	_	_	_	
22-18	5478-5484	abhors	_	_	_	
22-19	5484-5485	,	_	_	_	
22-20	5486-5489	and	_	_	_	
22-21	5490-5495	flies	_	_	_	
22-22	5496-5500	from	_	_	_	
22-23	5500-5501	;	_	_	_	
22-24	5502-5505	for	_	_	_	
22-25	5507-5508	'	_	_	_	
22-26	5509-5512	tis	_	_	_	
22-27	5513-5514	a	_	_	_	
22-28	5515-5519	most	_	_	_	
22-29	5520-5528	certaine	_	_	_	
22-30	5529-5534	truth	_	_	_	
22-31	5534-5535	,	_	_	_	
22-32	5536-5540	that	_	_	_	
22-33	5541-5546	every	_	_	_	
22-34	5547-5555	creature	_	_	_	
22-35	5555-5556	,	_	_	_	
22-36	5557-5561	even	_	_	_	
22-37	5562-5564	by	_	_	_	
22-38	5565-5573	naturall	_	_	_	
22-39	5574-5582	instinct	_	_	_	
22-40	5582-5583	,	_	_	_	
22-41	5584-5592	shunneth	_	_	_	
22-42	5593-5607	inconveniences	_	_	_	
22-43	5607-5608	,	_	_	_	
22-44	5609-5612	and	_	_	_	
22-45	5613-5622	affecteth	_	_	_	
22-46	5623-5629	things	_	_	_	
22-47	5630-5640	convenient	_	_	_	
22-48	5640-5641	.	_	_	_	
