#FORMAT=WebAnno TSV 3.3


#Text=La quatriesme peine de l’Enfer, est vne
#Text=puanteur intolerable, qui auec grãd tourment,
#Text=prend les ames dãnées au nez, l’Escriture
#Text=sainte appelle cette puãteur, puantise
#Text=de soulphre.Le feu, le soulphre,&
#Text=
#Text=l’esprit des temp stes est la portion de leur boisson.
1-1	0-2	La	
1-2	3-13	quatriesme	
1-3	14-19	peine	
1-4	20-22	de	
1-5	23-24	l	
1-6	24-25	’	
1-7	25-30	Enfer	
1-8	30-31	,	
1-9	32-35	est	
1-10	36-39	vne	
1-11	40-48	puanteur	
1-12	49-60	intolerable	
1-13	60-61	,	
1-14	62-65	qui	
1-15	66-70	auec	
1-16	71-75	grãd	
1-17	76-84	tourment	
1-18	84-85	,	
1-19	86-91	prend	
1-20	92-95	les	
1-21	96-100	ames	
1-22	101-107	dãnées	
1-23	108-110	au	
1-24	111-114	nez	
1-25	114-115	,	
1-26	116-117	l	
1-27	117-118	’	
1-28	118-127	Escriture	
1-29	128-134	sainte	
1-30	135-142	appelle	
1-31	143-148	cette	
1-32	149-156	puãteur	
1-33	156-157	,	
1-34	158-166	puantise	
1-35	167-169	de	
1-36	170-181	soulphre.Le	
1-37	182-185	feu	
1-38	185-186	,	
1-39	187-189	le	
1-40	190-198	soulphre	
1-41	198-199	,	
1-42	199-200	&	
1-43	202-203	l	
1-44	203-204	’	
1-45	204-210	esprit	
1-46	211-214	des	
1-47	215-219	temp	
1-48	220-224	stes	
1-49	225-228	est	
1-50	229-231	la	
1-51	232-239	portion	
1-52	240-242	de	
1-53	243-247	leur	
1-54	248-255	boisson	
1-55	255-256	.	

#Text=La part & portion des meschans sera en vn
#Text=estang plein de feu bruslant de soulphre allumé:
#Text=comme dit S.
2-1	257-259	La	
2-2	260-264	part	
2-3	265-266	&	
2-4	267-274	portion	
2-5	275-278	des	
2-6	279-287	meschans	
2-7	288-292	sera	
2-8	293-295	en	
2-9	296-298	vn	
2-10	299-305	estang	
2-11	306-311	plein	
2-12	312-314	de	
2-13	315-318	feu	
2-14	319-327	bruslant	
2-15	328-330	de	
2-16	331-339	soulphre	
2-17	340-346	allumé	
2-18	346-347	:	
2-19	348-353	comme	
2-20	354-357	dit	
2-21	358-359	S	
2-22	359-360	.	

#Text=Iean en ses reuelations.
3-1	361-365	Iean	
3-2	366-368	en	
3-3	369-372	ses	
3-4	373-384	reuelations	
3-5	384-385	.	

#Text=Or la cause  pour quoy le feu, le froid, & la
#Text=puanteur de l’Enfer sont si grands, si extremes,
#Text=& insupportables, c’est qu’aucune
#Text=vapeur ny exhalaison ne sort de là, la
#Text=iustice diuine y retenant & resserrant tout
#Text=pour vn plus grand tourment.
4-1	386-388	Or	
4-2	389-391	la	
4-3	392-397	cause	
4-4	399-403	pour	
4-5	404-408	quoy	
4-6	409-411	le	
4-7	412-415	feu	
4-8	415-416	,	
4-9	417-419	le	
4-10	420-425	froid	
4-11	425-426	,	
4-12	427-428	&	
4-13	429-431	la	
4-14	432-440	puanteur	
4-15	441-443	de	
4-16	444-445	l	
4-17	445-446	’	
4-18	446-451	Enfer	
4-19	452-456	sont	
4-20	457-459	si	
4-21	460-466	grands	
4-22	466-467	,	
4-23	468-470	si	
4-24	471-479	extremes	
4-25	479-480	,	
4-26	481-482	&	
4-27	483-497	insupportables	
4-28	497-498	,	
4-29	499-500	c	
4-30	500-501	’	
4-31	501-504	est	
4-32	505-507	qu	
4-33	507-508	’	
4-34	508-514	aucune	
4-35	515-521	vapeur	
4-36	522-524	ny	
4-37	525-535	exhalaison	
4-38	536-538	ne	
4-39	539-543	sort	
4-40	544-546	de	
4-41	547-549	là	
4-42	549-550	,	
4-43	551-553	la	
4-44	554-561	iustice	
4-45	562-568	diuine	
4-46	569-570	y	
4-47	571-579	retenant	
4-48	580-581	&	
4-49	582-592	resserrant	
4-50	593-597	tout	
4-51	598-602	pour	
4-52	603-605	vn	
4-53	606-610	plus	
4-54	611-616	grand	
4-55	617-625	tourment	
4-56	625-626	.	

#Text=L’experience nous monstre que le feu enfermé
#Text=& resserré comme en vne fournaise
#Text=est beaucoup plus vif, plus bruslãt & plus
#Text=cuisant, que s’il estoit en pleine liberté.
5-1	628-629	L	
5-2	629-630	’	
5-3	630-640	experience	
5-4	641-645	nous	
5-5	646-653	monstre	
5-6	654-657	que	
5-7	658-660	le	
5-8	661-664	feu	
5-9	665-672	enfermé	
5-10	673-674	&	
5-11	675-683	resserré	
5-12	684-689	comme	
5-13	690-692	en	
5-14	693-696	vne	
5-15	697-706	fournaise	
5-16	707-710	est	
5-17	711-719	beaucoup	
5-18	720-724	plus	
5-19	725-728	vif	
5-20	728-729	,	
5-21	730-734	plus	
5-22	735-742	bruslãt	
5-23	743-744	&	
5-24	745-749	plus	
5-25	750-757	cuisant	
5-26	757-758	,	
5-27	759-762	que	
5-28	763-764	s	
5-29	764-765	’	
5-30	765-767	il	
5-31	768-774	estoit	
5-32	775-777	en	
5-33	778-784	pleine	
5-34	785-792	liberté	
5-35	792-793	.	

#Text=Ie te prie, pecheur, me dire vn peu quelle
#Text=patience & repos tu pourrois auoir, si tu
#Text=te trouuois enfermé dans vn cloaque bien
#Text=profond, plein de toutes sortes de charongnes
#Text=pourries, & autres sortes de vilainies,
#Text=sans que la puanteur en peust aucunement
#Text=estre exhalée.
6-1	795-797	Ie	
6-2	798-800	te	
6-3	801-805	prie	
6-4	805-806	,	
6-5	807-814	pecheur	
6-6	814-815	,	
6-7	816-818	me	
6-8	819-823	dire	
6-9	824-826	vn	
6-10	827-830	peu	
6-11	831-837	quelle	
6-12	838-846	patience	
6-13	847-848	&	
6-14	849-854	repos	
6-15	855-857	tu	
6-16	858-866	pourrois	
6-17	867-872	auoir	
6-18	872-873	,	
6-19	874-876	si	
6-20	877-879	tu	
6-21	880-882	te	
6-22	883-891	trouuois	
6-23	892-899	enfermé	
6-24	900-904	dans	
6-25	905-907	vn	
6-26	908-915	cloaque	
6-27	916-920	bien	
6-28	921-928	profond	
6-29	928-929	,	
6-30	930-935	plein	
6-31	936-938	de	
6-32	939-945	toutes	
6-33	946-952	sortes	
6-34	953-955	de	
6-35	956-966	charongnes	
6-36	967-975	pourries	
6-37	975-976	,	
6-38	977-978	&	
6-39	979-985	autres	
6-40	986-992	sortes	
6-41	993-995	de	
6-42	996-1005	vilainies	
6-43	1005-1006	,	
6-44	1007-1011	sans	
6-45	1012-1015	que	
6-46	1016-1018	la	
6-47	1019-1027	puanteur	
6-48	1028-1030	en	
6-49	1031-1036	peust	
6-50	1037-1047	aucunement	
6-51	1048-1053	estre	
6-52	1054-1061	exhalée	
6-53	1061-1062	.	

#Text=Or sçaches que
#Text=l’enfer est la cloaque & la sentine du mõde,
#Text=& qu’en nulle part de la terre, il n’y a
#Text=tant de vilainies & salletez assemblées, &
#Text=ie dis que quand toutes les pourritures,
#Text=fientes, bourbes & charongnes seroient
#Text=assemblées, il n’en pourroit sortir aucune
#Text=puanteur qui esgallast la moindre pareille
#Text=des punaises horribles à vne ame damnée
#Text=
#Text=ou d’vn corps confiné és Enfers.
7-1	1063-1065	Or	
7-2	1066-1073	sçaches	
7-3	1074-1077	que	
7-4	1078-1079	l	
7-5	1079-1080	’	
7-6	1080-1085	enfer	
7-7	1086-1089	est	
7-8	1090-1092	la	
7-9	1093-1100	cloaque	
7-10	1101-1102	&	
7-11	1103-1105	la	
7-12	1106-1113	sentine	
7-13	1114-1116	du	
7-14	1117-1121	mõde	
7-15	1121-1122	,	
7-16	1123-1124	&	
7-17	1125-1127	qu	
7-18	1127-1128	’	
7-19	1128-1130	en	
7-20	1131-1136	nulle	
7-21	1137-1141	part	
7-22	1142-1144	de	
7-23	1145-1147	la	
7-24	1148-1153	terre	
7-25	1153-1154	,	
7-26	1155-1157	il	
7-27	1158-1159	n	
7-28	1159-1160	’	
7-29	1160-1161	y	
7-30	1162-1163	a	
7-31	1164-1168	tant	
7-32	1169-1171	de	
7-33	1172-1181	vilainies	
7-34	1182-1183	&	
7-35	1184-1192	salletez	
7-36	1193-1203	assemblées	
7-37	1203-1204	,	
7-38	1205-1206	&	
7-39	1207-1209	ie	
7-40	1210-1213	dis	
7-41	1214-1217	que	
7-42	1218-1223	quand	
7-43	1224-1230	toutes	
7-44	1231-1234	les	
7-45	1235-1246	pourritures	
7-46	1246-1247	,	
7-47	1248-1255	fientes	
7-48	1255-1256	,	
7-49	1257-1264	bourbes	
7-50	1265-1266	&	
7-51	1267-1277	charongnes	
7-52	1278-1286	seroient	
7-53	1287-1297	assemblées	
7-54	1297-1298	,	
7-55	1299-1301	il	
7-56	1302-1303	n	
7-57	1303-1304	’	
7-58	1304-1306	en	
7-59	1307-1315	pourroit	
7-60	1316-1322	sortir	
7-61	1323-1329	aucune	
7-62	1330-1338	puanteur	
7-63	1339-1342	qui	
7-64	1343-1352	esgallast	
7-65	1353-1355	la	
7-66	1356-1363	moindre	
7-67	1364-1372	pareille	
7-68	1373-1376	des	
7-69	1377-1385	punaises	
7-70	1386-1395	horribles	
7-71	1396-1397	à	
7-72	1398-1401	vne	
7-73	1402-1405	ame	
7-74	1406-1412	damnée	
7-75	1414-1416	ou	
7-76	1417-1418	d	
7-77	1418-1419	’	
7-78	1419-1421	vn	
7-79	1422-1427	corps	
7-80	1428-1435	confiné	
7-81	1436-1438	és	
7-82	1439-1445	Enfers	
7-83	1445-1446	.	

#Text=Ie te
#Text=laisse à penser, quelle sera la puanteur de
#Text=tant de corps d’homme & de femmes, qui
#Text=seront vn iour auec les Diables.
8-1	1447-1449	Ie	
8-2	1450-1452	te	
8-3	1453-1459	laisse	
8-4	1460-1461	à	
8-5	1462-1468	penser	
8-6	1468-1469	,	
8-7	1470-1476	quelle	
8-8	1477-1481	sera	
8-9	1482-1484	la	
8-10	1485-1493	puanteur	
8-11	1494-1496	de	
8-12	1497-1501	tant	
8-13	1502-1504	de	
8-14	1505-1510	corps	
8-15	1511-1512	d	
8-16	1512-1513	’	
8-17	1513-1518	homme	
8-18	1519-1520	&	
8-19	1521-1523	de	
8-20	1524-1530	femmes	
8-21	1530-1531	,	
8-22	1532-1535	qui	
8-23	1536-1542	seront	
8-24	1543-1545	vn	
8-25	1546-1550	iour	
8-26	1551-1555	auec	
8-27	1556-1559	les	
8-28	1560-1567	Diables	
8-29	1567-1568	.	

#Text=Helas!
9-1	1569-1574	Helas	
9-2	1574-1575	!	

#Text=miserable nature de l’homme corrompuë,
#Text=qui te rend sourd à ces remonstrances, &
#Text=ce ne sera pas pour vn iour, ce sera pour
#Text=iamais que ces ames, que ces corps seront
#Text=là amoncellez, sans ordre, les vns parmi
#Text=les autres, s’empuantissans & infectans
#Text=cruellement, qui sera vne peine plus fascheuse,
#Text=que l’on ne s’imagine Dieu nous
#Text=vueille ouurir l’esprit à ce que la considerartion
#Text=d’vne peine si grande, nous fasse
#Text=penser à nous.
10-1	1576-1585	miserable	
10-2	1586-1592	nature	
10-3	1593-1595	de	
10-4	1596-1597	l	
10-5	1597-1598	’	
10-6	1598-1603	homme	
10-7	1604-1613	corrompuë	
10-8	1613-1614	,	
10-9	1615-1618	qui	
10-10	1619-1621	te	
10-11	1622-1626	rend	
10-12	1627-1632	sourd	
10-13	1633-1634	à	
10-14	1635-1638	ces	
10-15	1639-1652	remonstrances	
10-16	1652-1653	,	
10-17	1654-1655	&	
10-18	1656-1658	ce	
10-19	1659-1661	ne	
10-20	1662-1666	sera	
10-21	1667-1670	pas	
10-22	1671-1675	pour	
10-23	1676-1678	vn	
10-24	1679-1683	iour	
10-25	1683-1684	,	
10-26	1685-1687	ce	
10-27	1688-1692	sera	
10-28	1693-1697	pour	
10-29	1698-1704	iamais	
10-30	1705-1708	que	
10-31	1709-1712	ces	
10-32	1713-1717	ames	
10-33	1717-1718	,	
10-34	1719-1722	que	
10-35	1723-1726	ces	
10-36	1727-1732	corps	
10-37	1733-1739	seront	
10-38	1740-1742	là	
10-39	1743-1753	amoncellez	
10-40	1753-1754	,	
10-41	1755-1759	sans	
10-42	1760-1765	ordre	
10-43	1765-1766	,	
10-44	1767-1770	les	
10-45	1771-1774	vns	
10-46	1775-1780	parmi	
10-47	1781-1784	les	
10-48	1785-1791	autres	
10-49	1791-1792	,	
10-50	1793-1794	s	
10-51	1794-1795	’	
10-52	1795-1808	empuantissans	
10-53	1809-1810	&	
10-54	1811-1820	infectans	
10-55	1821-1832	cruellement	
10-56	1832-1833	,	
10-57	1834-1837	qui	
10-58	1838-1842	sera	
10-59	1843-1846	vne	
10-60	1847-1852	peine	
10-61	1853-1857	plus	
10-62	1858-1867	fascheuse	
10-63	1867-1868	,	
10-64	1869-1872	que	
10-65	1873-1874	l	
10-66	1874-1875	’	
10-67	1875-1877	on	
10-68	1878-1880	ne	
10-69	1881-1882	s	
10-70	1882-1883	’	
10-71	1883-1890	imagine	
10-72	1891-1895	Dieu	
10-73	1896-1900	nous	
10-74	1901-1908	vueille	
10-75	1909-1915	ouurir	
10-76	1916-1917	l	
10-77	1917-1918	’	
10-78	1918-1924	esprit	
10-79	1925-1926	à	
10-80	1927-1929	ce	
10-81	1930-1933	que	
10-82	1934-1936	la	
10-83	1937-1951	considerartion	
10-84	1952-1953	d	
10-85	1953-1954	’	
10-86	1954-1957	vne	
10-87	1958-1963	peine	
10-88	1964-1966	si	
10-89	1967-1973	grande	
10-90	1973-1974	,	
10-91	1975-1979	nous	
10-92	1980-1985	fasse	
10-93	1986-1992	penser	
10-94	1993-1994	à	
10-95	1995-1999	nous	
10-96	1999-2000	.	

#Text=Ainsi soit-il.
11-1	2001-2006	Ainsi	
11-2	2007-2014	soit-il	
11-3	2014-2015	.	
