#FORMAT=WebAnno TSV 3.3
#T_SP=custom.Span|label
#T_RL=custom.Relation|label|BT_custom.Span


#Text=Das Fleiſch iſt klebricht,
#Text=und weich, folglich ohngeſchmack, wenn
#Text=es nicht eine Zeit vorher, ehe denn es
#Text=verſpeiſet wird, im Saltze gelegen hat.
1-1	2-5	Das	_	_	_	
1-2	6-13	Fleiſch	_	_	_	
1-3	14-17	iſt	_	_	_	
1-4	18-27	klebricht	_	_	_	
1-5	27-28	,	_	_	_	
1-6	29-32	und	_	_	_	
1-7	33-38	weich	_	_	_	
1-8	38-39	,	_	_	_	
1-9	40-48	folglich	_	_	_	
1-10	49-61	ohngeſchmack	_	_	_	
1-11	61-62	,	_	_	_	
1-12	63-67	wenn	_	_	_	
1-13	68-70	es	_	_	_	
1-14	71-76	nicht	_	_	_	
1-15	77-81	eine	_	_	_	
1-16	82-86	Zeit	_	_	_	
1-17	87-93	vorher	_	_	_	
1-18	93-94	,	_	_	_	
1-19	95-98	ehe	_	_	_	
1-20	99-103	denn	_	_	_	
1-21	104-106	es	_	_	_	
1-22	107-117	verſpeiſet	_	_	_	
1-23	118-122	wird	_	_	_	
1-24	122-123	,	_	_	_	
1-25	124-126	im	_	_	_	
1-26	127-133	Saltze	_	_	_	
1-27	134-141	gelegen	_	_	_	
1-28	142-145	hat	_	_	_	
1-29	145-146	.	_	_	_	

#Text=Was die Art und Weiſe dieſen Leim
#Text=zu machen betrifft, da nehmen die
#Text=Moßkowiter die ſpannadrichten
#Text=Theile dieſes Fiſches, welche, nachdem
#Text=ſie geſotten worden, dem ſchleimichten
#Text=Weſen, das an dem Felle des Kabe-
#Text=
#Text=liaues befindlich iſt, gleichet, und laſſen
#Text=ſie bis zur gebuͤhrenden Dicke einſieden:
#Text=
#Text=hernach breiten ſie die Materie auf ſon-
#Text=derlich dazu verfertigte Jnſtrumente
#Text=aus, damit ſie ſo duͤnne werde als ein
#Text=Blatt Papier, und machen daraus,
#Text=nachdem ſie trucken worden, ſolche Stuͤ-
#Text=cklein, von der Groͤſſe und Dicke, wie
#Text=wir ſie zu ſehen bekommen.
2-1	148-151	Was	_	_	_	
2-2	152-155	die	_	_	_	
2-3	156-159	Art	_	_	_	
2-4	160-163	und	_	_	_	
2-5	164-169	Weiſe	_	_	_	
2-6	170-176	dieſen	_	_	_	
2-7	177-181	Leim	_	_	_	
2-8	182-184	zu	_	_	_	
2-9	185-191	machen	_	_	_	
2-10	192-200	betrifft	_	_	_	
2-11	200-201	,	_	_	_	
2-12	202-204	da	_	_	_	
2-13	205-211	nehmen	_	_	_	
2-14	212-215	die	_	_	_	
2-15	216-226	Moßkowiter	_	_	_	
2-16	227-230	die	_	_	_	
2-17	231-245	ſpannadrichten	_	_	_	
2-18	246-252	Theile	_	_	_	
2-19	253-259	dieſes	_	_	_	
2-20	260-267	Fiſches	_	_	_	
2-21	267-268	,	_	_	_	
2-22	269-275	welche	_	_	_	
2-23	275-276	,	_	_	_	
2-24	277-284	nachdem	_	_	_	
2-25	285-288	ſie	_	_	_	
2-26	289-297	geſotten	_	_	_	
2-27	298-304	worden	_	_	_	
2-28	304-305	,	_	_	_	
2-29	306-309	dem	_	_	_	
2-30	310-323	ſchleimichten	_	_	_	
2-31	324-329	Weſen	_	_	_	
2-32	329-330	,	_	_	_	
2-33	331-334	das	_	_	_	
2-34	335-337	an	_	_	_	
2-35	338-341	dem	_	_	_	
2-36	342-347	Felle	_	_	_	
2-37	348-351	des	_	_	_	
2-38	352-356	Kabe	_	_	_	
2-39	356-357	-	_	_	_	
2-40	359-365	liaues	_	_	_	
2-41	366-376	befindlich	_	_	_	
2-42	377-380	iſt	_	_	_	
2-43	380-381	,	_	_	_	
2-44	382-390	gleichet	_	_	_	
2-45	390-391	,	_	_	_	
2-46	392-395	und	_	_	_	
2-47	396-402	laſſen	_	_	_	
2-48	403-406	ſie	_	_	_	
2-49	407-410	bis	_	_	_	
2-50	411-414	zur	_	_	_	
2-51	415-427	gebuͤhrenden	_	_	_	
2-52	428-433	Dicke	_	_	_	
2-53	434-443	einſieden	_	_	_	
2-54	443-444	:	_	_	_	
2-55	446-453	hernach	_	_	_	
2-56	454-461	breiten	_	_	_	
2-57	462-465	ſie	_	_	_	
2-58	466-469	die	_	_	_	
2-59	470-477	Materie	_	_	_	
2-60	478-481	auf	_	_	_	
2-61	482-485	ſon	_	_	_	
2-62	485-486	-	_	_	_	
2-63	487-494	derlich	_	_	_	
2-64	495-499	dazu	_	_	_	
2-65	500-511	verfertigte	_	_	_	
2-66	512-523	Jnſtrumente	_	_	_	
2-67	524-527	aus	_	_	_	
2-68	527-528	,	_	_	_	
2-69	529-534	damit	_	_	_	
2-70	535-538	ſie	_	_	_	
2-71	539-541	ſo	_	_	_	
2-72	542-548	duͤnne	_	_	_	
2-73	549-554	werde	_	_	_	
2-74	555-558	als	_	_	_	
2-75	559-562	ein	_	_	_	
2-76	563-568	Blatt	_	_	_	
2-77	569-575	Papier	_	_	_	
2-78	575-576	,	_	_	_	
2-79	577-580	und	_	_	_	
2-80	581-587	machen	_	_	_	
2-81	588-594	daraus	_	_	_	
2-82	594-595	,	_	_	_	
2-83	596-603	nachdem	_	_	_	
2-84	604-607	ſie	_	_	_	
2-85	608-615	trucken	_	_	_	
2-86	616-622	worden	_	_	_	
2-87	622-623	,	_	_	_	
2-88	624-630	ſolche	_	_	_	
2-89	631-635	Stuͤ	_	_	_	
2-90	635-636	-	_	_	_	
2-91	637-643	cklein	_	_	_	
2-92	643-644	,	_	_	_	
2-93	645-648	von	_	_	_	
2-94	649-652	der	_	_	_	
2-95	653-660	Groͤſſe	_	_	_	
2-96	661-664	und	_	_	_	
2-97	665-670	Dicke	_	_	_	
2-98	670-671	,	_	_	_	
2-99	672-675	wie	_	_	_	
2-100	676-679	wir	_	_	_	
2-101	680-683	ſie	_	_	_	
2-102	684-686	zu	_	_	_	
2-103	687-692	ſehen	_	_	_	
2-104	693-701	bekommen	_	_	_	
2-105	701-702	.	_	_	_	

#Text=Siehe Fig.
#Text=369.
3-1	705-710	Siehe	_	_	_	
3-2	711-714	Fig	_	_	_	
3-3	714-715	.	_	_	_	
3-4	716-719	369	_	_	_	
3-5	719-720	.	_	_	_	

#Text=Faſt aller Fiſchleim/ den wir aus
#Text=Holland kommen laſſen, iſt an Faͤden
#Text=
#Text=gereihet und wie ein halber Mond zu-
#Text=ſammen gebogen: ſoll er aber ſeyn, wie
#Text=ſichs gebuͤhret, ſo muß er weiß, hell und
#Text=durchſichtig ſeyn, ohne Geruch, und ſo
#Text=wenig, als moͤglich, mit anderem Zeuge
#Text=ausgeſtopfet;
#Text=denn es giebet ſolchen,
#Text=ſonderlich, der an ſtarcken Schnuͤren
#Text=haͤnget, welcher mit gelben, trucknem
#Text=und duͤrren, bisweilen heftig ſtincken-
#Text=dem Leime ausgeſtopfet und
#Text=angefuͤllet
#Text=iſt.
4-1	722-726	Faſt	_	_	_	
4-2	727-732	aller	_	_	_	
4-3	733-742	Fiſchleim	Smell\_Source	_	_	
4-4	742-743	/	_	_	_	
4-5	744-747	den	_	_	_	
4-6	748-751	wir	_	_	_	
4-7	752-755	aus	Circumstances[1]	_	_	
4-8	756-763	Holland	Circumstances[1]	_	_	
4-9	764-770	kommen	_	_	_	
4-10	771-777	laſſen	_	_	_	
4-11	777-778	,	_	_	_	
4-12	779-782	iſt	_	_	_	
4-13	783-785	an	_	_	_	
4-14	786-792	Faͤden	_	_	_	
4-15	794-802	gereihet	_	_	_	
4-16	803-806	und	_	_	_	
4-17	807-810	wie	_	_	_	
4-18	811-814	ein	_	_	_	
4-19	815-821	halber	_	_	_	
4-20	822-826	Mond	_	_	_	
4-21	827-829	zu	_	_	_	
4-22	829-830	-	_	_	_	
4-23	831-837	ſammen	_	_	_	
4-24	838-845	gebogen	_	_	_	
4-25	845-846	:	_	_	_	
4-26	847-851	ſoll	_	_	_	
4-27	852-854	er	_	_	_	
4-28	855-859	aber	_	_	_	
4-29	860-864	ſeyn	_	_	_	
4-30	864-865	,	_	_	_	
4-31	866-869	wie	_	_	_	
4-32	870-875	ſichs	_	_	_	
4-33	876-885	gebuͤhret	_	_	_	
4-34	885-886	,	_	_	_	
4-35	887-889	ſo	_	_	_	
4-36	890-893	muß	_	_	_	
4-37	894-896	er	_	_	_	
4-38	897-901	weiß	_	_	_	
4-39	901-902	,	_	_	_	
4-40	903-907	hell	_	_	_	
4-41	908-911	und	_	_	_	
4-42	912-924	durchſichtig	_	_	_	
4-43	925-929	ſeyn	_	_	_	
4-44	929-930	,	_	_	_	
4-45	931-935	ohne	Quality	_	_	
4-46	936-942	Geruch	Smell\_Word	*|*|*	4-45|4-3|4-7[1_0]	
4-47	942-943	,	_	_	_	
4-48	944-947	und	_	_	_	
4-49	948-950	ſo	_	_	_	
4-50	951-956	wenig	_	_	_	
4-51	956-957	,	_	_	_	
4-52	958-961	als	_	_	_	
4-53	962-970	moͤglich	_	_	_	
4-54	970-971	,	_	_	_	
4-55	972-975	mit	_	_	_	
4-56	976-983	anderem	_	_	_	
4-57	984-989	Zeuge	_	_	_	
4-58	990-1002	ausgeſtopfet	_	_	_	
4-59	1002-1003	;	_	_	_	
4-60	1004-1008	denn	_	_	_	
4-61	1009-1011	es	_	_	_	
4-62	1012-1018	giebet	_	_	_	
4-63	1019-1026	ſolchen	_	_	_	
4-64	1026-1027	,	_	_	_	
4-65	1028-1038	ſonderlich	_	_	_	
4-66	1038-1039	,	_	_	_	
4-67	1040-1043	der	_	_	_	
4-68	1044-1046	an	_	_	_	
4-69	1047-1055	ſtarcken	_	_	_	
4-70	1056-1065	Schnuͤren	_	_	_	
4-71	1066-1073	haͤnget	_	_	_	
4-72	1073-1074	,	_	_	_	
4-73	1075-1082	welcher	_	_	_	
4-74	1083-1086	mit	_	_	_	
4-75	1087-1093	gelben	_	_	_	
4-76	1093-1094	,	_	_	_	
4-77	1095-1103	trucknem	_	_	_	
4-78	1104-1107	und	_	_	_	
4-79	1108-1115	duͤrren	_	_	_	
4-80	1115-1116	,	_	_	_	
4-81	1117-1126	bisweilen	_	_	_	
4-82	1127-1133	heftig	Quality	_	_	
4-83	1134-1142	ſtincken	Smell\_Word[2]|Quality[3]	*|*	4-82[0_3]|4-86[0_2]	
4-84	1142-1143	-	_	_	_	
4-85	1144-1147	dem	_	_	_	
4-86	1148-1153	Leime	Smell\_Source	_	_	
4-87	1154-1166	ausgeſtopfet	_	_	_	
4-88	1167-1170	und	_	_	_	
4-89	1171-1182	angefuͤllet	_	_	_	
4-90	1183-1186	iſt	_	_	_	
4-91	1186-1187	.	_	_	_	

#Text=Daher auch diejenigen, die ihn
#Text=noͤthig haben, ſich lieber an den halten,
#Text=welcher an kleinen Schnuͤren hanget,
#Text=und da ein Stuͤck eine oder anderthalbe
#Text=Untze wieget, weil er nicht ſo leichtlich
#Text=ausgeſtopfet iſt: welches nun wohl
#Text=nicht ſo gar uneben iſt, doch aber iſt es
#Text=auch keine allgemeine Regel, und finden
#Text=ſich unter den kleinern ſo wohl als un-
#Text=ter den groͤſſern, mangelhafte Stuͤcke.
5-1	1188-1193	Daher	_	_	_	
5-2	1194-1198	auch	_	_	_	
5-3	1199-1209	diejenigen	_	_	_	
5-4	1209-1210	,	_	_	_	
5-5	1211-1214	die	_	_	_	
5-6	1215-1218	ihn	_	_	_	
5-7	1219-1226	noͤthig	_	_	_	
5-8	1227-1232	haben	_	_	_	
5-9	1232-1233	,	_	_	_	
5-10	1234-1238	ſich	_	_	_	
5-11	1239-1245	lieber	_	_	_	
5-12	1246-1248	an	_	_	_	
5-13	1249-1252	den	_	_	_	
5-14	1253-1259	halten	_	_	_	
5-15	1259-1260	,	_	_	_	
5-16	1261-1268	welcher	_	_	_	
5-17	1269-1271	an	_	_	_	
5-18	1272-1279	kleinen	_	_	_	
5-19	1280-1289	Schnuͤren	_	_	_	
5-20	1290-1296	hanget	_	_	_	
5-21	1296-1297	,	_	_	_	
5-22	1298-1301	und	_	_	_	
5-23	1302-1304	da	_	_	_	
5-24	1305-1308	ein	_	_	_	
5-25	1309-1315	Stuͤck	_	_	_	
5-26	1316-1320	eine	_	_	_	
5-27	1321-1325	oder	_	_	_	
5-28	1326-1337	anderthalbe	_	_	_	
5-29	1338-1343	Untze	_	_	_	
5-30	1344-1350	wieget	_	_	_	
5-31	1350-1351	,	_	_	_	
5-32	1352-1356	weil	_	_	_	
5-33	1357-1359	er	_	_	_	
5-34	1360-1365	nicht	_	_	_	
5-35	1366-1368	ſo	_	_	_	
5-36	1369-1379	leichtlich	_	_	_	
5-37	1380-1392	ausgeſtopfet	_	_	_	
5-38	1393-1396	iſt	_	_	_	
5-39	1396-1397	:	_	_	_	
5-40	1398-1405	welches	_	_	_	
5-41	1406-1409	nun	_	_	_	
5-42	1410-1414	wohl	_	_	_	
5-43	1415-1420	nicht	_	_	_	
5-44	1421-1423	ſo	_	_	_	
5-45	1424-1427	gar	_	_	_	
5-46	1428-1434	uneben	_	_	_	
5-47	1435-1438	iſt	_	_	_	
5-48	1438-1439	,	_	_	_	
5-49	1440-1444	doch	_	_	_	
5-50	1445-1449	aber	_	_	_	
5-51	1450-1453	iſt	_	_	_	
5-52	1454-1456	es	_	_	_	
5-53	1457-1461	auch	_	_	_	
5-54	1462-1467	keine	_	_	_	
5-55	1468-1478	allgemeine	_	_	_	
5-56	1479-1484	Regel	_	_	_	
5-57	1484-1485	,	_	_	_	
5-58	1486-1489	und	_	_	_	
5-59	1490-1496	finden	_	_	_	
5-60	1497-1501	ſich	_	_	_	
5-61	1502-1507	unter	_	_	_	
5-62	1508-1511	den	_	_	_	
5-63	1512-1520	kleinern	_	_	_	
5-64	1521-1523	ſo	_	_	_	
5-65	1524-1528	wohl	_	_	_	
5-66	1529-1532	als	_	_	_	
5-67	1533-1535	un	_	_	_	
5-68	1535-1536	-	_	_	_	
5-69	1537-1540	ter	_	_	_	
5-70	1541-1544	den	_	_	_	
5-71	1545-1554	groͤſſern	_	_	_	
5-72	1554-1555	,	_	_	_	
5-73	1556-1567	mangelhafte	_	_	_	
5-74	1568-1575	Stuͤcke	_	_	_	
5-75	1575-1576	.	_	_	_	

#Text=Darff man derohalben weder auf die
#Text=Geſtalt, noch auf die Dicke ſehen, ſon-
#Text=dern man muß Achtung geben, daß er
#Text=ſey, wie oben gemeldet, welches man
#Text=auch ſtracks erkennen kan, wenn man
#Text=ihn entzwey bricht, und vor die Naſe
#Text=haͤlt, zu erfahren, ob er nicht etwa uͤbel
#Text=rieche.
6-1	1578-1583	Darff	_	_	_	
6-2	1584-1587	man	_	_	_	
6-3	1588-1598	derohalben	_	_	_	
6-4	1599-1604	weder	_	_	_	
6-5	1605-1608	auf	_	_	_	
6-6	1609-1612	die	_	_	_	
6-7	1613-1620	Geſtalt	_	_	_	
6-8	1620-1621	,	_	_	_	
6-9	1622-1626	noch	_	_	_	
6-10	1627-1630	auf	_	_	_	
6-11	1631-1634	die	_	_	_	
6-12	1635-1640	Dicke	_	_	_	
6-13	1641-1646	ſehen	_	_	_	
6-14	1646-1647	,	_	_	_	
6-15	1648-1651	ſon	_	_	_	
6-16	1651-1652	-	_	_	_	
6-17	1653-1657	dern	_	_	_	
6-18	1658-1661	man	_	_	_	
6-19	1662-1665	muß	_	_	_	
6-20	1666-1673	Achtung	_	_	_	
6-21	1674-1679	geben	_	_	_	
6-22	1679-1680	,	_	_	_	
6-23	1681-1684	daß	_	_	_	
6-24	1685-1687	er	_	_	_	
6-25	1688-1691	ſey	_	_	_	
6-26	1691-1692	,	_	_	_	
6-27	1693-1696	wie	_	_	_	
6-28	1697-1701	oben	_	_	_	
6-29	1702-1710	gemeldet	_	_	_	
6-30	1710-1711	,	_	_	_	
6-31	1712-1719	welches	_	_	_	
6-32	1720-1723	man	_	_	_	
6-33	1724-1728	auch	_	_	_	
6-34	1729-1736	ſtracks	_	_	_	
6-35	1737-1745	erkennen	_	_	_	
6-36	1746-1749	kan	_	_	_	
6-37	1749-1750	,	_	_	_	
6-38	1751-1755	wenn	_	_	_	
6-39	1756-1759	man	_	_	_	
6-40	1760-1763	ihn	_	_	_	
6-41	1764-1771	entzwey	_	_	_	
6-42	1772-1778	bricht	_	_	_	
6-43	1778-1779	,	_	_	_	
6-44	1780-1783	und	_	_	_	
6-45	1784-1787	vor	_	_	_	
6-46	1788-1791	die	_	_	_	
6-47	1792-1796	Naſe	_	_	_	
6-48	1797-1802	haͤlt	_	_	_	
6-49	1802-1803	,	_	_	_	
6-50	1804-1806	zu	_	_	_	
6-51	1807-1815	erfahren	_	_	_	
6-52	1815-1816	,	_	_	_	
6-53	1817-1819	ob	_	_	_	
6-54	1820-1822	er	Smell\_Source	_	_	
6-55	1823-1828	nicht	Quality[4]	_	_	
6-56	1829-1833	etwa	Quality[4]	_	_	
6-57	1834-1839	uͤbel	Quality[4]	_	_	
6-58	1840-1846	rieche	Smell\_Word	*|*	6-55[4_0]|6-54	
6-59	1846-1847	.	_	_	_	

#Text=Was diejenigen belanget, die
#Text=gantze Faͤſſer voll kauffen, die muͤſſen
#Text=
#Text=nicht nur ein Dutzt dieſer Schnuͤre, ſon-
#Text=dern alle mit einander durchſehen, und
#Text=das um ſo viel deſto mehr, weil es eine
#Text=Waare, da allezeit die gute mit mangel-
#Text=hafter vermenget iſt.
7-1	1848-1851	Was	_	_	_	
7-2	1852-1862	diejenigen	_	_	_	
7-3	1863-1871	belanget	_	_	_	
7-4	1871-1872	,	_	_	_	
7-5	1873-1876	die	_	_	_	
7-6	1877-1883	gantze	_	_	_	
7-7	1884-1891	Faͤſſer	_	_	_	
7-8	1892-1896	voll	_	_	_	
7-9	1897-1904	kauffen	_	_	_	
7-10	1904-1905	,	_	_	_	
7-11	1906-1909	die	_	_	_	
7-12	1910-1917	muͤſſen	_	_	_	
7-13	1919-1924	nicht	_	_	_	
7-14	1925-1928	nur	_	_	_	
7-15	1929-1932	ein	_	_	_	
7-16	1933-1938	Dutzt	_	_	_	
7-17	1939-1945	dieſer	_	_	_	
7-18	1946-1954	Schnuͤre	_	_	_	
7-19	1954-1955	,	_	_	_	
7-20	1956-1959	ſon	_	_	_	
7-21	1959-1960	-	_	_	_	
7-22	1961-1965	dern	_	_	_	
7-23	1966-1970	alle	_	_	_	
7-24	1971-1974	mit	_	_	_	
7-25	1975-1983	einander	_	_	_	
7-26	1984-1994	durchſehen	_	_	_	
7-27	1994-1995	,	_	_	_	
7-28	1996-1999	und	_	_	_	
7-29	2000-2003	das	_	_	_	
7-30	2004-2006	um	_	_	_	
7-31	2007-2009	ſo	_	_	_	
7-32	2010-2014	viel	_	_	_	
7-33	2015-2020	deſto	_	_	_	
7-34	2021-2025	mehr	_	_	_	
7-35	2025-2026	,	_	_	_	
7-36	2027-2031	weil	_	_	_	
7-37	2032-2034	es	_	_	_	
7-38	2035-2039	eine	_	_	_	
7-39	2040-2045	Waare	_	_	_	
7-40	2045-2046	,	_	_	_	
7-41	2047-2049	da	_	_	_	
7-42	2050-2058	allezeit	_	_	_	
7-43	2059-2062	die	_	_	_	
7-44	2063-2067	gute	_	_	_	
7-45	2068-2071	mit	_	_	_	
7-46	2072-2078	mangel	_	_	_	
7-47	2078-2079	-	_	_	_	
7-48	2080-2086	hafter	_	_	_	
7-49	2087-2096	vermenget	_	_	_	
7-50	2097-2100	iſt	_	_	_	
7-51	2100-2101	.	_	_	_	

#Text=Doch iſt ein Faß
#Text=mehr denn das andere mit ſolchen aus-
#Text=geſtopften Schnuͤꝛen uͤberladen, welches
#Text=aber nichts geringes, indem es eine
#Text=ziemlich theure Waare iſt.
8-1	2102-2106	Doch	_	_	_	
8-2	2107-2110	iſt	_	_	_	
8-3	2111-2114	ein	_	_	_	
8-4	2115-2118	Faß	_	_	_	
8-5	2119-2123	mehr	_	_	_	
8-6	2124-2128	denn	_	_	_	
8-7	2129-2132	das	_	_	_	
8-8	2133-2139	andere	_	_	_	
8-9	2140-2143	mit	_	_	_	
8-10	2144-2151	ſolchen	_	_	_	
8-11	2152-2155	aus	_	_	_	
8-12	2155-2156	-	_	_	_	
8-13	2157-2167	geſtopften	_	_	_	
8-14	2168-2177	Schnuͤꝛen	_	_	_	
8-15	2178-2188	uͤberladen	_	_	_	
8-16	2188-2189	,	_	_	_	
8-17	2190-2197	welches	_	_	_	
8-18	2198-2202	aber	_	_	_	
8-19	2203-2209	nichts	_	_	_	
8-20	2210-2218	geringes	_	_	_	
8-21	2218-2219	,	_	_	_	
8-22	2220-2225	indem	_	_	_	
8-23	2226-2228	es	_	_	_	
8-24	2229-2233	eine	_	_	_	
8-25	2234-2242	ziemlich	_	_	_	
8-26	2243-2249	theure	_	_	_	
8-27	2250-2255	Waare	_	_	_	
8-28	2256-2259	iſt	_	_	_	
8-29	2259-2260	.	_	_	_	

#Text=Auch muß
#Text=ſie in wohlverwahrten Behaͤltnuͤſſen
#Text=
#Text=auf-
#Text=
#Text=\f
#Text=[0435
#Text=]
#Text=
#Text=Hauptbeſchreibung zweyter Theil.
9-1	2261-2265	Auch	_	_	_	
9-2	2266-2269	muß	_	_	_	
9-3	2270-2273	ſie	_	_	_	
9-4	2274-2276	in	_	_	_	
9-5	2277-2291	wohlverwahrten	_	_	_	
9-6	2292-2306	Behaͤltnuͤſſen	_	_	_	
9-7	2308-2311	auf	_	_	_	
9-8	2311-2312	-	_	_	_	
9-9	2316-2317	[	_	_	_	
9-10	2317-2321	0435	_	_	_	
9-11	2322-2323	]	_	_	_	
9-12	2325-2342	Hauptbeſchreibung	_	_	_	
9-13	2343-2350	zweyter	_	_	_	
9-14	2351-2356	Theil	_	_	_	
9-15	2356-2357	.	_	_	_	

#Text=aufgehoben werden, weil ihr die Luft
#Text=nicht wenig Schaden zufuͤgen kan.
10-1	2361-2371	aufgehoben	_	_	_	
10-2	2372-2378	werden	_	_	_	
10-3	2378-2379	,	_	_	_	
10-4	2380-2384	weil	_	_	_	
10-5	2385-2388	ihr	_	_	_	
10-6	2389-2392	die	_	_	_	
10-7	2393-2397	Luft	_	_	_	
10-8	2398-2403	nicht	_	_	_	
10-9	2404-2409	wenig	_	_	_	
10-10	2410-2417	Schaden	_	_	_	
10-11	2418-2426	zufuͤgen	_	_	_	
10-12	2427-2430	kan	_	_	_	
10-13	2430-2431	.	_	_	_	

#Text=Von dieſem Leime wird zwar in
#Text=Franckreich ſehr viel verbrauchet, doch
#Text=nicht zur Artzney, denn das wenige, das
#Text=damit verthan wird, iſt nicht werth, daß
#Text=man dran gedencke, und wenn es nicht
#Text=noch zum Emplaſtro diachylon genom-
#Text=men wuͤrde, glaube ich, daß alle Apo-
#Text=thecker in Paris zuſammen, das gantze
#Text=Jahr hindurch nicht ein Pfund verthaͤ-
#Text=ten;
11-1	2435-2438	Von	_	_	_	
11-2	2439-2445	dieſem	_	_	_	
11-3	2446-2451	Leime	_	_	_	
11-4	2452-2456	wird	_	_	_	
11-5	2457-2461	zwar	_	_	_	
11-6	2462-2464	in	_	_	_	
11-7	2465-2476	Franckreich	_	_	_	
11-8	2477-2481	ſehr	_	_	_	
11-9	2482-2486	viel	_	_	_	
11-10	2487-2498	verbrauchet	_	_	_	
11-11	2498-2499	,	_	_	_	
11-12	2500-2504	doch	_	_	_	
11-13	2505-2510	nicht	_	_	_	
11-14	2511-2514	zur	_	_	_	
11-15	2515-2522	Artzney	_	_	_	
11-16	2522-2523	,	_	_	_	
11-17	2524-2528	denn	_	_	_	
11-18	2529-2532	das	_	_	_	
11-19	2533-2539	wenige	_	_	_	
11-20	2539-2540	,	_	_	_	
11-21	2541-2544	das	_	_	_	
11-22	2545-2550	damit	_	_	_	
11-23	2551-2558	verthan	_	_	_	
11-24	2559-2563	wird	_	_	_	
11-25	2563-2564	,	_	_	_	
11-26	2565-2568	iſt	_	_	_	
11-27	2569-2574	nicht	_	_	_	
11-28	2575-2580	werth	_	_	_	
11-29	2580-2581	,	_	_	_	
11-30	2582-2585	daß	_	_	_	
11-31	2586-2589	man	_	_	_	
11-32	2590-2594	dran	_	_	_	
11-33	2595-2603	gedencke	_	_	_	
11-34	2603-2604	,	_	_	_	
11-35	2605-2608	und	_	_	_	
11-36	2609-2613	wenn	_	_	_	
11-37	2614-2616	es	_	_	_	
11-38	2617-2622	nicht	_	_	_	
11-39	2623-2627	noch	_	_	_	
11-40	2628-2631	zum	_	_	_	
11-41	2632-2641	Emplaſtro	_	_	_	
11-42	2642-2651	diachylon	_	_	_	
11-43	2652-2657	genom	_	_	_	
11-44	2657-2658	-	_	_	_	
11-45	2659-2662	men	_	_	_	
11-46	2663-2669	wuͤrde	_	_	_	
11-47	2669-2670	,	_	_	_	
11-48	2671-2677	glaube	_	_	_	
11-49	2678-2681	ich	_	_	_	
11-50	2681-2682	,	_	_	_	
11-51	2683-2686	daß	_	_	_	
11-52	2687-2691	alle	_	_	_	
11-53	2692-2695	Apo	_	_	_	
11-54	2695-2696	-	_	_	_	
11-55	2697-2704	thecker	_	_	_	
11-56	2705-2707	in	_	_	_	
11-57	2708-2713	Paris	_	_	_	
11-58	2714-2722	zuſammen	_	_	_	
11-59	2722-2723	,	_	_	_	
11-60	2724-2727	das	_	_	_	
11-61	2728-2734	gantze	_	_	_	
11-62	2735-2739	Jahr	_	_	_	
11-63	2740-2748	hindurch	_	_	_	
11-64	2749-2754	nicht	_	_	_	
11-65	2755-2758	ein	_	_	_	
11-66	2759-2764	Pfund	_	_	_	
11-67	2765-2772	verthaͤ	_	_	_	
11-68	2772-2773	-	_	_	_	
11-69	2774-2777	ten	_	_	_	
11-70	2777-2778	;	_	_	_	
