{"_context" : {
    "_types" : {
      "DocumentMetaData" : {
        "_feature_types" : {"sofa" : "_ref" } }, 
      "Relation" : {
        "_feature_types" : {"sofa" : "_ref",  "Dependent" : "_ref",  "Governor" : "_ref" } }, 
      "Sentence" : {
        "_feature_types" : {"sofa" : "_ref" } }, 
      "Sofa" : {
        "_feature_types" : {"sofaArray" : "_ref" } }, 
      "Span" : {
        "_feature_types" : {"sofa" : "_ref" } }, 
      "TagsetDescription" : {
        "_feature_types" : {"sofa" : "_ref",  "tags" : "_ref" } }, 
      "Token" : {
        "_feature_types" : {"sofa" : "_ref",  "parent" : "_ref",  "lemma" : "_ref",  "stem" : "_ref",  "pos" : "_ref",  "morph" : "_ref",  "form" : "_ref" } }, 
      "DocumentAnnotation" : {
        "_feature_types" : {"sofa" : "_ref" }, 
        "_subtypes" : ["DocumentMetaData" ] }, 
      "Annotation" : {
        "_feature_types" : {"sofa" : "_ref" }, 
        "_subtypes" : ["DocumentAnnotation",  "Relation",  "Sentence",  "Span",  "TagsetDescription",  "Token" ] }, 
      "AnnotationBase" : {
        "_feature_types" : {"sofa" : "_ref" }, 
        "_subtypes" : ["Annotation" ] }, 
      "TOP" : {
        "_subtypes" : ["AnnotationBase",  "Sofa" ] } } }, 
  "_views" : {
    "_InitialView" : {
      "Relation" : [
        {"sofa" : 1,  "begin" : 24,  "end" : 31,  "Dependent" : 5370,  "Governor" : 5380 }, 
        {"sofa" : 1,  "begin" : 24,  "end" : 31,  "Dependent" : 5370,  "Governor" : 5375 }, 
        {"sofa" : 1,  "begin" : 461,  "end" : 468,  "Dependent" : 5404,  "Governor" : 5399 }, 
        {"sofa" : 1,  "begin" : 461,  "end" : 468,  "Dependent" : 5404,  "Governor" : 5416 }, 
        {"sofa" : 1,  "begin" : 650,  "end" : 654,  "Dependent" : 5455,  "Governor" : 5460,  "label" : "Anaphoric" }, 
        {"sofa" : 1,  "begin" : 708,  "end" : 716,  "Dependent" : 5428,  "Governor" : 5433 }, 
        {"sofa" : 1,  "begin" : 708,  "end" : 716,  "Dependent" : 5428,  "Governor" : 5455 }, 
        {"sofa" : 1,  "begin" : 708,  "end" : 716,  "Dependent" : 5428,  "Governor" : 5445 }, 
        {"sofa" : 1,  "begin" : 708,  "end" : 716,  "Dependent" : 5428,  "Governor" : 5450 }, 
        {"sofa" : 1,  "begin" : 742,  "end" : 749,  "Dependent" : 5498,  "Governor" : 5493 }, 
        {"sofa" : 1,  "begin" : 742,  "end" : 749,  "Dependent" : 5498,  "Governor" : 5540 }, 
        {"sofa" : 1,  "begin" : 742,  "end" : 749,  "Dependent" : 5498,  "Governor" : 5515 }, 
        {"sofa" : 1,  "begin" : 742,  "end" : 749,  "Dependent" : 5498,  "Governor" : 5520 }, 
        {"sofa" : 1,  "begin" : 742,  "end" : 749,  "Dependent" : 5498,  "Governor" : 5530 }, 
        {"sofa" : 1,  "begin" : 742,  "end" : 749,  "Dependent" : 5498,  "Governor" : 5535 }, 
        {"sofa" : 1,  "begin" : 1102,  "end" : 1114,  "Dependent" : 5655,  "Governor" : 5585,  "label" : "Anaphoric" }, 
        {"sofa" : 1,  "begin" : 1102,  "end" : 1114,  "Dependent" : 5655,  "Governor" : 5617,  "label" : "Anaphoric" }, 
        {"sofa" : 1,  "begin" : 1102,  "end" : 1114,  "Dependent" : 5655,  "Governor" : 5595,  "label" : "Anaphoric" }, 
        {"sofa" : 1,  "begin" : 1102,  "end" : 1114,  "Dependent" : 5655,  "Governor" : 5600,  "label" : "Anaphoric" }, 
        {"sofa" : 1,  "begin" : 1102,  "end" : 1114,  "Dependent" : 5655,  "Governor" : 5605,  "label" : "Anaphoric" }, 
        {"sofa" : 1,  "begin" : 1222,  "end" : 1229,  "Dependent" : 5580,  "Governor" : 5655 }, 
        {"sofa" : 1,  "begin" : 1507,  "end" : 1515,  "Dependent" : 5707,  "Governor" : 5712 }, 
        {"sofa" : 1,  "begin" : 1507,  "end" : 1515,  "Dependent" : 5707,  "Governor" : 5724 }, 
        {"sofa" : 1,  "begin" : 1507,  "end" : 1515,  "Dependent" : 5707,  "Governor" : 5702 }, 
        {"sofa" : 1,  "begin" : 1797,  "end" : 1804,  "Dependent" : 5750,  "Governor" : 5755 } ], 
      "Span" : [
        {"sofa" : 1,  "begin" : 1,  "end" : 16,  "label" : "Smell_Word" },  5370,  5375,  5380,  5399,  5404,  5416,  5460,  5455,  5450,  5428,  5433,  5445,  5493,  5498,  5540,  5515,  5520,  5530,  5535,  5585,  5617,  5595,  5600,  5605,  5655,  5580,  5702,  5707,  5712,  5724,  5755,  5750 ], 
      "DocumentMetaData" : [
        {"sofa" : 1,  "end" : 1893,  "language" : "x-unspecified",  "documentTitle" : "064E%201787%20A%20new%20collection%20of%20the%20most%20easy%20and%20approved%20methods%20of%20preparing__167_distribution_PER.txt",  "documentId" : "teresa",  "documentUri" : "file:/home/dhuser/alessio/inception/repository/project/29/document/11845/source/teresa",  "collectionId" : "file:/home/dhuser/alessio/inception/repository/project/29/document/11845/source/",  "documentBaseUri" : "file:/home/dhuser/alessio/inception/repository/project/29/document/11845/source/",  "isLastSegment" : false } ], 
      "TagsetDescription" : [
        {"sofa" : 1,  "layer" : "webanno.custom.Emotions",  "name" : "Emotion Labels",  "input" : false }, 
        {"sofa" : 1,  "layer" : "custom.Relation",  "name" : "Relation labels",  "input" : false }, 
        {"sofa" : 1,  "layer" : "custom.Span",  "name" : "Smell labels",  "input" : false } ], 
      "Sentence" : [
        {"sofa" : 1,  "begin" : 1,  "end" : 23 }, 
        {"sofa" : 1,  "begin" : 24,  "end" : 50 }, 
        {"sofa" : 1,  "begin" : 54,  "end" : 449 }, 
        {"sofa" : 1,  "begin" : 453,  "end" : 583 }, 
        {"sofa" : 1,  "begin" : 584,  "end" : 649 }, 
        {"sofa" : 1,  "begin" : 650,  "end" : 730 }, 
        {"sofa" : 1,  "begin" : 731,  "end" : 1045 }, 
        {"sofa" : 1,  "begin" : 1046,  "end" : 1272 }, 
        {"sofa" : 1,  "begin" : 1274,  "end" : 1523 }, 
        {"sofa" : 1,  "begin" : 1524,  "end" : 1791 }, 
        {"sofa" : 1,  "begin" : 1792,  "end" : 1891 } ], 
      "Token" : [
        {"sofa" : 1,  "begin" : 1,  "end" : 2 }, 
        {"sofa" : 1,  "begin" : 3,  "end" : 4 }, 
        {"sofa" : 1,  "begin" : 5,  "end" : 6 }, 
        {"sofa" : 1,  "begin" : 7,  "end" : 8 }, 
        {"sofa" : 1,  "begin" : 9,  "end" : 10 }, 
        {"sofa" : 1,  "begin" : 11,  "end" : 12 }, 
        {"sofa" : 1,  "begin" : 13,  "end" : 14 }, 
        {"sofa" : 1,  "begin" : 15,  "end" : 16 }, 
        {"sofa" : 1,  "begin" : 19,  "end" : 22 }, 
        {"sofa" : 1,  "begin" : 22,  "end" : 23 }, 
        {"sofa" : 1,  "begin" : 24,  "end" : 31 }, 
        {"sofa" : 1,  "begin" : 32,  "end" : 38 }, 
        {"sofa" : 1,  "begin" : 39,  "end" : 41 }, 
        {"sofa" : 1,  "begin" : 42,  "end" : 49 }, 
        {"sofa" : 1,  "begin" : 49,  "end" : 50 }, 
        {"sofa" : 1,  "begin" : 54,  "end" : 58 }, 
        {"sofa" : 1,  "begin" : 59,  "end" : 63 }, 
        {"sofa" : 1,  "begin" : 64,  "end" : 65 }, 
        {"sofa" : 1,  "begin" : 66,  "end" : 70 }, 
        {"sofa" : 1,  "begin" : 71,  "end" : 77 }, 
        {"sofa" : 1,  "begin" : 77,  "end" : 78 }, 
        {"sofa" : 1,  "begin" : 79,  "end" : 82 }, 
        {"sofa" : 1,  "begin" : 83,  "end" : 87 }, 
        {"sofa" : 1,  "begin" : 88,  "end" : 95 }, 
        {"sofa" : 1,  "begin" : 96,  "end" : 97 }, 
        {"sofa" : 1,  "begin" : 98,  "end" : 102 }, 
        {"sofa" : 1,  "begin" : 103,  "end" : 108 }, 
        {"sofa" : 1,  "begin" : 108,  "end" : 109 }, 
        {"sofa" : 1,  "begin" : 111,  "end" : 112 }, 
        {"sofa" : 1,  "begin" : 113,  "end" : 118 }, 
        {"sofa" : 1,  "begin" : 119,  "end" : 121 }, 
        {"sofa" : 1,  "begin" : 122,  "end" : 125 }, 
        {"sofa" : 1,  "begin" : 126,  "end" : 130 }, 
        {"sofa" : 1,  "begin" : 131,  "end" : 133 }, 
        {"sofa" : 1,  "begin" : 134,  "end" : 142 }, 
        {"sofa" : 1,  "begin" : 143,  "end" : 147 }, 
        {"sofa" : 1,  "begin" : 148,  "end" : 150 }, 
        {"sofa" : 1,  "begin" : 151,  "end" : 154 }, 
        {"sofa" : 1,  "begin" : 155,  "end" : 160 }, 
        {"sofa" : 1,  "begin" : 161,  "end" : 166 }, 
        {"sofa" : 1,  "begin" : 168,  "end" : 174 }, 
        {"sofa" : 1,  "begin" : 175,  "end" : 182 }, 
        {"sofa" : 1,  "begin" : 183,  "end" : 188 }, 
        {"sofa" : 1,  "begin" : 189,  "end" : 193 }, 
        {"sofa" : 1,  "begin" : 194,  "end" : 197 }, 
        {"sofa" : 1,  "begin" : 198,  "end" : 200 }, 
        {"sofa" : 1,  "begin" : 201,  "end" : 205 }, 
        {"sofa" : 1,  "begin" : 206,  "end" : 207 }, 
        {"sofa" : 1,  "begin" : 208,  "end" : 214 }, 
        {"sofa" : 1,  "begin" : 214,  "end" : 215 }, 
        {"sofa" : 1,  "begin" : 216,  "end" : 220 }, 
        {"sofa" : 1,  "begin" : 221,  "end" : 222 }, 
        {"sofa" : 1,  "begin" : 224,  "end" : 231 }, 
        {"sofa" : 1,  "begin" : 232,  "end" : 234 }, 
        {"sofa" : 1,  "begin" : 235,  "end" : 249 }, 
        {"sofa" : 1,  "begin" : 250,  "end" : 254 }, 
        {"sofa" : 1,  "begin" : 255,  "end" : 261 }, 
        {"sofa" : 1,  "begin" : 261,  "end" : 262 }, 
        {"sofa" : 1,  "begin" : 263,  "end" : 266 }, 
        {"sofa" : 1,  "begin" : 267,  "end" : 268 }, 
        {"sofa" : 1,  "begin" : 269,  "end" : 274 }, 
        {"sofa" : 1,  "begin" : 275,  "end" : 284 }, 
        {"sofa" : 1,  "begin" : 285,  "end" : 289 }, 
        {"sofa" : 1,  "begin" : 290,  "end" : 292 }, 
        {"sofa" : 1,  "begin" : 293,  "end" : 296 }, 
        {"sofa" : 1,  "begin" : 297,  "end" : 307 }, 
        {"sofa" : 1,  "begin" : 308,  "end" : 316 }, 
        {"sofa" : 1,  "begin" : 317,  "end" : 321 }, 
        {"sofa" : 1,  "begin" : 322,  "end" : 326 }, 
        {"sofa" : 1,  "begin" : 327,  "end" : 332 }, 
        {"sofa" : 1,  "begin" : 332,  "end" : 333 }, 
        {"sofa" : 1,  "begin" : 335,  "end" : 339 }, 
        {"sofa" : 1,  "begin" : 340,  "end" : 343 }, 
        {"sofa" : 1,  "begin" : 344,  "end" : 349 }, 
        {"sofa" : 1,  "begin" : 350,  "end" : 354 }, 
        {"sofa" : 1,  "begin" : 355,  "end" : 356 }, 
        {"sofa" : 1,  "begin" : 357,  "end" : 362 }, 
        {"sofa" : 1,  "begin" : 362,  "end" : 363 }, 
        {"sofa" : 1,  "begin" : 364,  "end" : 368 }, 
        {"sofa" : 1,  "begin" : 369,  "end" : 371 }, 
        {"sofa" : 1,  "begin" : 372,  "end" : 375 }, 
        {"sofa" : 1,  "begin" : 376,  "end" : 378 }, 
        {"sofa" : 1,  "begin" : 379,  "end" : 380 }, 
        {"sofa" : 1,  "begin" : 381,  "end" : 388 }, 
        {"sofa" : 1,  "begin" : 388,  "end" : 389 }, 
        {"sofa" : 1,  "begin" : 390,  "end" : 394 }, 
        {"sofa" : 1,  "begin" : 395,  "end" : 396 }, 
        {"sofa" : 1,  "begin" : 398,  "end" : 405 }, 
        {"sofa" : 1,  "begin" : 406,  "end" : 409 }, 
        {"sofa" : 1,  "begin" : 409,  "end" : 410 }, 
        {"sofa" : 1,  "begin" : 411,  "end" : 414 }, 
        {"sofa" : 1,  "begin" : 415,  "end" : 418 }, 
        {"sofa" : 1,  "begin" : 419,  "end" : 421 }, 
        {"sofa" : 1,  "begin" : 422,  "end" : 426 }, 
        {"sofa" : 1,  "begin" : 427,  "end" : 435 }, 
        {"sofa" : 1,  "begin" : 436,  "end" : 440 }, 
        {"sofa" : 1,  "begin" : 441,  "end" : 442 }, 
        {"sofa" : 1,  "begin" : 443,  "end" : 448 }, 
        {"sofa" : 1,  "begin" : 448,  "end" : 449 }, 
        {"sofa" : 1,  "begin" : 453,  "end" : 455 }, 
        {"sofa" : 1,  "begin" : 456,  "end" : 460 }, 
        {"sofa" : 1,  "begin" : 461,  "end" : 468 }, 
        {"sofa" : 1,  "begin" : 469,  "end" : 476 }, 
        {"sofa" : 1,  "begin" : 476,  "end" : 477 }, 
        {"sofa" : 1,  "begin" : 478,  "end" : 482 }, 
        {"sofa" : 1,  "begin" : 483,  "end" : 485 }, 
        {"sofa" : 1,  "begin" : 486,  "end" : 490 }, 
        {"sofa" : 1,  "begin" : 491,  "end" : 493 }, 
        {"sofa" : 1,  "begin" : 494,  "end" : 498 }, 
        {"sofa" : 1,  "begin" : 499,  "end" : 504 }, 
        {"sofa" : 1,  "begin" : 505,  "end" : 507 }, 
        {"sofa" : 1,  "begin" : 508,  "end" : 511 }, 
        {"sofa" : 1,  "begin" : 513,  "end" : 518 }, 
        {"sofa" : 1,  "begin" : 519,  "end" : 521 }, 
        {"sofa" : 1,  "begin" : 522,  "end" : 523 }, 
        {"sofa" : 1,  "begin" : 524,  "end" : 528 }, 
        {"sofa" : 1,  "begin" : 528,  "end" : 529 }, 
        {"sofa" : 1,  "begin" : 530,  "end" : 534 }, 
        {"sofa" : 1,  "begin" : 535,  "end" : 539 }, 
        {"sofa" : 1,  "begin" : 540,  "end" : 543 }, 
        {"sofa" : 1,  "begin" : 544,  "end" : 549 }, 
        {"sofa" : 1,  "begin" : 550,  "end" : 557 }, 
        {"sofa" : 1,  "begin" : 557,  "end" : 558 }, 
        {"sofa" : 1,  "begin" : 559,  "end" : 562 }, 
        {"sofa" : 1,  "begin" : 563,  "end" : 566 }, 
        {"sofa" : 1,  "begin" : 567,  "end" : 571 }, 
        {"sofa" : 1,  "begin" : 573,  "end" : 575 }, 
        {"sofa" : 1,  "begin" : 576,  "end" : 578 }, 
        {"sofa" : 1,  "begin" : 579,  "end" : 582 }, 
        {"sofa" : 1,  "begin" : 582,  "end" : 583 }, 
        {"sofa" : 1,  "begin" : 584,  "end" : 588 }, 
        {"sofa" : 1,  "begin" : 589,  "end" : 593 }, 
        {"sofa" : 1,  "begin" : 594,  "end" : 596 }, 
        {"sofa" : 1,  "begin" : 597,  "end" : 604 }, 
        {"sofa" : 1,  "begin" : 605,  "end" : 608 }, 
        {"sofa" : 1,  "begin" : 609,  "end" : 616 }, 
        {"sofa" : 1,  "begin" : 617,  "end" : 619 }, 
        {"sofa" : 1,  "begin" : 620,  "end" : 623 }, 
        {"sofa" : 1,  "begin" : 624,  "end" : 628 }, 
        {"sofa" : 1,  "begin" : 630,  "end" : 636 }, 
        {"sofa" : 1,  "begin" : 637,  "end" : 639 }, 
        {"sofa" : 1,  "begin" : 640,  "end" : 641 }, 
        {"sofa" : 1,  "begin" : 642,  "end" : 648 }, 
        {"sofa" : 1,  "begin" : 648,  "end" : 649 }, 
        {"sofa" : 1,  "begin" : 650,  "end" : 654 }, 
        {"sofa" : 1,  "begin" : 655,  "end" : 662 }, 
        {"sofa" : 1,  "begin" : 663,  "end" : 671 }, 
        {"sofa" : 1,  "begin" : 672,  "end" : 676 }, 
        {"sofa" : 1,  "begin" : 676,  "end" : 677 }, 
        {"sofa" : 1,  "begin" : 678,  "end" : 681 }, 
        {"sofa" : 1,  "begin" : 681,  "end" : 682 }, 
        {"sofa" : 1,  "begin" : 684,  "end" : 689 }, 
        {"sofa" : 1,  "begin" : 690,  "end" : 697 }, 
        {"sofa" : 1,  "begin" : 697,  "end" : 698 }, 
        {"sofa" : 1,  "begin" : 699,  "end" : 705 }, 
        {"sofa" : 1,  "begin" : 706,  "end" : 707 }, 
        {"sofa" : 1,  "begin" : 708,  "end" : 716 }, 
        {"sofa" : 1,  "begin" : 717,  "end" : 722 }, 
        {"sofa" : 1,  "begin" : 722,  "end" : 723 }, 
        {"sofa" : 1,  "begin" : 726,  "end" : 729 }, 
        {"sofa" : 1,  "begin" : 729,  "end" : 730 }, 
        {"sofa" : 1,  "begin" : 731,  "end" : 732 }, 
        {"sofa" : 1,  "begin" : 733,  "end" : 741 }, 
        {"sofa" : 1,  "begin" : 742,  "end" : 749 }, 
        {"sofa" : 1,  "begin" : 749,  "end" : 750 }, 
        {"sofa" : 1,  "begin" : 754,  "end" : 758 }, 
        {"sofa" : 1,  "begin" : 759,  "end" : 760 }, 
        {"sofa" : 1,  "begin" : 761,  "end" : 767 }, 
        {"sofa" : 1,  "begin" : 768,  "end" : 770 }, 
        {"sofa" : 1,  "begin" : 771,  "end" : 775 }, 
        {"sofa" : 1,  "begin" : 775,  "end" : 776 }, 
        {"sofa" : 1,  "begin" : 777,  "end" : 781 }, 
        {"sofa" : 1,  "begin" : 782,  "end" : 788 }, 
        {"sofa" : 1,  "begin" : 788,  "end" : 789 }, 
        {"sofa" : 1,  "begin" : 790,  "end" : 794 }, 
        {"sofa" : 1,  "begin" : 795,  "end" : 801 }, 
        {"sofa" : 1,  "begin" : 802,  "end" : 804 }, 
        {"sofa" : 1,  "begin" : 806,  "end" : 819 }, 
        {"sofa" : 1,  "begin" : 819,  "end" : 820 }, 
        {"sofa" : 1,  "begin" : 821,  "end" : 822 }, 
        {"sofa" : 1,  "begin" : 823,  "end" : 829 }, 
        {"sofa" : 1,  "begin" : 830,  "end" : 833 }, 
        {"sofa" : 1,  "begin" : 834,  "end" : 835 }, 
        {"sofa" : 1,  "begin" : 836,  "end" : 840 }, 
        {"sofa" : 1,  "begin" : 841,  "end" : 843 }, 
        {"sofa" : 1,  "begin" : 844,  "end" : 849 }, 
        {"sofa" : 1,  "begin" : 849,  "end" : 850 }, 
        {"sofa" : 1,  "begin" : 851,  "end" : 854 }, 
        {"sofa" : 1,  "begin" : 855,  "end" : 859 }, 
        {"sofa" : 1,  "begin" : 860,  "end" : 861 }, 
        {"sofa" : 1,  "begin" : 863,  "end" : 869 }, 
        {"sofa" : 1,  "begin" : 870,  "end" : 872 }, 
        {"sofa" : 1,  "begin" : 873,  "end" : 882 }, 
        {"sofa" : 1,  "begin" : 883,  "end" : 884 }, 
        {"sofa" : 1,  "begin" : 885,  "end" : 889 }, 
        {"sofa" : 1,  "begin" : 890,  "end" : 894 }, 
        {"sofa" : 1,  "begin" : 895,  "end" : 901 }, 
        {"sofa" : 1,  "begin" : 902,  "end" : 905 }, 
        {"sofa" : 1,  "begin" : 906,  "end" : 912 }, 
        {"sofa" : 1,  "begin" : 912,  "end" : 913 }, 
        {"sofa" : 1,  "begin" : 914,  "end" : 917 }, 
        {"sofa" : 1,  "begin" : 919,  "end" : 922 }, 
        {"sofa" : 1,  "begin" : 923,  "end" : 926 }, 
        {"sofa" : 1,  "begin" : 927,  "end" : 931 }, 
        {"sofa" : 1,  "begin" : 931,  "end" : 932 }, 
        {"sofa" : 1,  "begin" : 933,  "end" : 939 }, 
        {"sofa" : 1,  "begin" : 939,  "end" : 940 }, 
        {"sofa" : 1,  "begin" : 941,  "end" : 944 }, 
        {"sofa" : 1,  "begin" : 945,  "end" : 959 }, 
        {"sofa" : 1,  "begin" : 959,  "end" : 960 }, 
        {"sofa" : 1,  "begin" : 961,  "end" : 969 }, 
        {"sofa" : 1,  "begin" : 969,  "end" : 970 }, 
        {"sofa" : 1,  "begin" : 971,  "end" : 975 }, 
        {"sofa" : 1,  "begin" : 977,  "end" : 978 }, 
        {"sofa" : 1,  "begin" : 979,  "end" : 983 }, 
        {"sofa" : 1,  "begin" : 984,  "end" : 986 }, 
        {"sofa" : 1,  "begin" : 987,  "end" : 991 }, 
        {"sofa" : 1,  "begin" : 992,  "end" : 997 }, 
        {"sofa" : 1,  "begin" : 998,  "end" : 1001 }, 
        {"sofa" : 1,  "begin" : 1002,  "end" : 1003 }, 
        {"sofa" : 1,  "begin" : 1004,  "end" : 1014 }, 
        {"sofa" : 1,  "begin" : 1015,  "end" : 1019 }, 
        {"sofa" : 1,  "begin" : 1020,  "end" : 1022 }, 
        {"sofa" : 1,  "begin" : 1023,  "end" : 1030 }, 
        {"sofa" : 1,  "begin" : 1031,  "end" : 1033 }, 
        {"sofa" : 1,  "begin" : 1034,  "end" : 1044 }, 
        {"sofa" : 1,  "begin" : 1044,  "end" : 1045 }, 
        {"sofa" : 1,  "begin" : 1046,  "end" : 1050 }, 
        {"sofa" : 1,  "begin" : 1051,  "end" : 1052 }, 
        {"sofa" : 1,  "begin" : 1053,  "end" : 1060 }, 
        {"sofa" : 1,  "begin" : 1061,  "end" : 1063 }, 
        {"sofa" : 1,  "begin" : 1064,  "end" : 1070 }, 
        {"sofa" : 1,  "begin" : 1070,  "end" : 1071 }, 
        {"sofa" : 1,  "begin" : 1072,  "end" : 1075 }, 
        {"sofa" : 1,  "begin" : 1076,  "end" : 1087 }, 
        {"sofa" : 1,  "begin" : 1089,  "end" : 1091 }, 
        {"sofa" : 1,  "begin" : 1092,  "end" : 1096 }, 
        {"sofa" : 1,  "begin" : 1097,  "end" : 1101 }, 
        {"sofa" : 1,  "begin" : 1102,  "end" : 1106 }, 
        {"sofa" : 1,  "begin" : 1107,  "end" : 1114 }, 
        {"sofa" : 1,  "begin" : 1114,  "end" : 1115 }, 
        {"sofa" : 1,  "begin" : 1116,  "end" : 1120 }, 
        {"sofa" : 1,  "begin" : 1121,  "end" : 1125 }, 
        {"sofa" : 1,  "begin" : 1126,  "end" : 1128 }, 
        {"sofa" : 1,  "begin" : 1129,  "end" : 1136 }, 
        {"sofa" : 1,  "begin" : 1137,  "end" : 1138 }, 
        {"sofa" : 1,  "begin" : 1139,  "end" : 1144 }, 
        {"sofa" : 1,  "begin" : 1145,  "end" : 1146 }, 
        {"sofa" : 1,  "begin" : 1147,  "end" : 1150 }, 
        {"sofa" : 1,  "begin" : 1152,  "end" : 1155 }, 
        {"sofa" : 1,  "begin" : 1156,  "end" : 1158 }, 
        {"sofa" : 1,  "begin" : 1159,  "end" : 1164 }, 
        {"sofa" : 1,  "begin" : 1165,  "end" : 1171 }, 
        {"sofa" : 1,  "begin" : 1172,  "end" : 1176 }, 
        {"sofa" : 1,  "begin" : 1177,  "end" : 1183 }, 
        {"sofa" : 1,  "begin" : 1183,  "end" : 1184 }, 
        {"sofa" : 1,  "begin" : 1185,  "end" : 1187 }, 
        {"sofa" : 1,  "begin" : 1188,  "end" : 1192 }, 
        {"sofa" : 1,  "begin" : 1193,  "end" : 1194 }, 
        {"sofa" : 1,  "begin" : 1195,  "end" : 1201 }, 
        {"sofa" : 1,  "begin" : 1202,  "end" : 1210 }, 
        {"sofa" : 1,  "begin" : 1210,  "end" : 1211 }, 
        {"sofa" : 1,  "begin" : 1213,  "end" : 1217 }, 
        {"sofa" : 1,  "begin" : 1218,  "end" : 1221 }, 
        {"sofa" : 1,  "begin" : 1222,  "end" : 1229 }, 
        {"sofa" : 1,  "begin" : 1230,  "end" : 1232 }, 
        {"sofa" : 1,  "begin" : 1233,  "end" : 1240 }, 
        {"sofa" : 1,  "begin" : 1241,  "end" : 1243 }, 
        {"sofa" : 1,  "begin" : 1244,  "end" : 1245 }, 
        {"sofa" : 1,  "begin" : 1246,  "end" : 1252 }, 
        {"sofa" : 1,  "begin" : 1253,  "end" : 1259 }, 
        {"sofa" : 1,  "begin" : 1260,  "end" : 1262 }, 
        {"sofa" : 1,  "begin" : 1263,  "end" : 1271 }, 
        {"sofa" : 1,  "begin" : 1271,  "end" : 1272 }, 
        {"sofa" : 1,  "begin" : 1274,  "end" : 1276 }, 
        {"sofa" : 1,  "begin" : 1277,  "end" : 1279 }, 
        {"sofa" : 1,  "begin" : 1280,  "end" : 1283 }, 
        {"sofa" : 1,  "begin" : 1284,  "end" : 1289 }, 
        {"sofa" : 1,  "begin" : 1289,  "end" : 1290 }, 
        {"sofa" : 1,  "begin" : 1291,  "end" : 1294 }, 
        {"sofa" : 1,  "begin" : 1295,  "end" : 1297 }, 
        {"sofa" : 1,  "begin" : 1298,  "end" : 1300 }, 
        {"sofa" : 1,  "begin" : 1301,  "end" : 1304 }, 
        {"sofa" : 1,  "begin" : 1305,  "end" : 1308 }, 
        {"sofa" : 1,  "begin" : 1309,  "end" : 1311 }, 
        {"sofa" : 1,  "begin" : 1312,  "end" : 1313 }, 
        {"sofa" : 1,  "begin" : 1314,  "end" : 1317 }, 
        {"sofa" : 1,  "begin" : 1318,  "end" : 1324 }, 
        {"sofa" : 1,  "begin" : 1324,  "end" : 1325 }, 
        {"sofa" : 1,  "begin" : 1326,  "end" : 1329 }, 
        {"sofa" : 1,  "begin" : 1330,  "end" : 1333 }, 
        {"sofa" : 1,  "begin" : 1335,  "end" : 1337 }, 
        {"sofa" : 1,  "begin" : 1338,  "end" : 1342 }, 
        {"sofa" : 1,  "begin" : 1343,  "end" : 1347 }, 
        {"sofa" : 1,  "begin" : 1348,  "end" : 1349 }, 
        {"sofa" : 1,  "begin" : 1350,  "end" : 1357 }, 
        {"sofa" : 1,  "begin" : 1358,  "end" : 1360 }, 
        {"sofa" : 1,  "begin" : 1361,  "end" : 1367 }, 
        {"sofa" : 1,  "begin" : 1368,  "end" : 1369 }, 
        {"sofa" : 1,  "begin" : 1370,  "end" : 1375 }, 
        {"sofa" : 1,  "begin" : 1376,  "end" : 1381 }, 
        {"sofa" : 1,  "begin" : 1382,  "end" : 1385 }, 
        {"sofa" : 1,  "begin" : 1385,  "end" : 1386 }, 
        {"sofa" : 1,  "begin" : 1387,  "end" : 1389 }, 
        {"sofa" : 1,  "begin" : 1390,  "end" : 1396 }, 
        {"sofa" : 1,  "begin" : 1398,  "end" : 1401 }, 
        {"sofa" : 1,  "begin" : 1402,  "end" : 1408 }, 
        {"sofa" : 1,  "begin" : 1408,  "end" : 1409 }, 
        {"sofa" : 1,  "begin" : 1410,  "end" : 1413 }, 
        {"sofa" : 1,  "begin" : 1414,  "end" : 1420 }, 
        {"sofa" : 1,  "begin" : 1421,  "end" : 1423 }, 
        {"sofa" : 1,  "begin" : 1424,  "end" : 1430 }, 
        {"sofa" : 1,  "begin" : 1430,  "end" : 1431 }, 
        {"sofa" : 1,  "begin" : 1432,  "end" : 1436 }, 
        {"sofa" : 1,  "begin" : 1437,  "end" : 1441 }, 
        {"sofa" : 1,  "begin" : 1442,  "end" : 1445 }, 
        {"sofa" : 1,  "begin" : 1446,  "end" : 1451 }, 
        {"sofa" : 1,  "begin" : 1452,  "end" : 1459 }, 
        {"sofa" : 1,  "begin" : 1461,  "end" : 1462 }, 
        {"sofa" : 1,  "begin" : 1463,  "end" : 1467 }, 
        {"sofa" : 1,  "begin" : 1468,  "end" : 1473 }, 
        {"sofa" : 1,  "begin" : 1474,  "end" : 1476 }, 
        {"sofa" : 1,  "begin" : 1477,  "end" : 1488 }, 
        {"sofa" : 1,  "begin" : 1489,  "end" : 1491 }, 
        {"sofa" : 1,  "begin" : 1492,  "end" : 1496 }, 
        {"sofa" : 1,  "begin" : 1497,  "end" : 1500 }, 
        {"sofa" : 1,  "begin" : 1501,  "end" : 1506 }, 
        {"sofa" : 1,  "begin" : 1507,  "end" : 1515 }, 
        {"sofa" : 1,  "begin" : 1516,  "end" : 1522 }, 
        {"sofa" : 1,  "begin" : 1522,  "end" : 1523 }, 
        {"sofa" : 1,  "begin" : 1524,  "end" : 1527 }, 
        {"sofa" : 1,  "begin" : 1528,  "end" : 1537 }, 
        {"sofa" : 1,  "begin" : 1538,  "end" : 1542 }, 
        {"sofa" : 1,  "begin" : 1543,  "end" : 1545 }, 
        {"sofa" : 1,  "begin" : 1546,  "end" : 1550 }, 
        {"sofa" : 1,  "begin" : 1551,  "end" : 1557 }, 
        {"sofa" : 1,  "begin" : 1558,  "end" : 1560 }, 
        {"sofa" : 1,  "begin" : 1561,  "end" : 1564 }, 
        {"sofa" : 1,  "begin" : 1565,  "end" : 1571 }, 
        {"sofa" : 1,  "begin" : 1571,  "end" : 1572 }, 
        {"sofa" : 1,  "begin" : 1574,  "end" : 1577 }, 
        {"sofa" : 1,  "begin" : 1578,  "end" : 1580 }, 
        {"sofa" : 1,  "begin" : 1581,  "end" : 1588 }, 
        {"sofa" : 1,  "begin" : 1589,  "end" : 1592 }, 
        {"sofa" : 1,  "begin" : 1593,  "end" : 1599 }, 
        {"sofa" : 1,  "begin" : 1600,  "end" : 1602 }, 
        {"sofa" : 1,  "begin" : 1603,  "end" : 1609 }, 
        {"sofa" : 1,  "begin" : 1609,  "end" : 1610 }, 
        {"sofa" : 1,  "begin" : 1611,  "end" : 1617 }, 
        {"sofa" : 1,  "begin" : 1618,  "end" : 1623 }, 
        {"sofa" : 1,  "begin" : 1624,  "end" : 1626 }, 
        {"sofa" : 1,  "begin" : 1627,  "end" : 1631 }, 
        {"sofa" : 1,  "begin" : 1631,  "end" : 1632 }, 
        {"sofa" : 1,  "begin" : 1634,  "end" : 1638 }, 
        {"sofa" : 1,  "begin" : 1638,  "end" : 1639 }, 
        {"sofa" : 1,  "begin" : 1640,  "end" : 1642 }, 
        {"sofa" : 1,  "begin" : 1643,  "end" : 1648 }, 
        {"sofa" : 1,  "begin" : 1649,  "end" : 1651 }, 
        {"sofa" : 1,  "begin" : 1652,  "end" : 1654 }, 
        {"sofa" : 1,  "begin" : 1654,  "end" : 1655 }, 
        {"sofa" : 1,  "begin" : 1656,  "end" : 1660 }, 
        {"sofa" : 1,  "begin" : 1661,  "end" : 1664 }, 
        {"sofa" : 1,  "begin" : 1665,  "end" : 1674 }, 
        {"sofa" : 1,  "begin" : 1675,  "end" : 1677 }, 
        {"sofa" : 1,  "begin" : 1678,  "end" : 1688 }, 
        {"sofa" : 1,  "begin" : 1689,  "end" : 1701 }, 
        {"sofa" : 1,  "begin" : 1702,  "end" : 1706 }, 
        {"sofa" : 1,  "begin" : 1707,  "end" : 1710 }, 
        {"sofa" : 1,  "begin" : 1711,  "end" : 1717 }, 
        {"sofa" : 1,  "begin" : 1717,  "end" : 1718 }, 
        {"sofa" : 1,  "begin" : 1719,  "end" : 1723 }, 
        {"sofa" : 1,  "begin" : 1724,  "end" : 1728 }, 
        {"sofa" : 1,  "begin" : 1729,  "end" : 1736 }, 
        {"sofa" : 1,  "begin" : 1737,  "end" : 1738 }, 
        {"sofa" : 1,  "begin" : 1739,  "end" : 1743 }, 
        {"sofa" : 1,  "begin" : 1744,  "end" : 1749 }, 
        {"sofa" : 1,  "begin" : 1749,  "end" : 1750 }, 
        {"sofa" : 1,  "begin" : 1751,  "end" : 1754 }, 
        {"sofa" : 1,  "begin" : 1756,  "end" : 1759 }, 
        {"sofa" : 1,  "begin" : 1760,  "end" : 1763 }, 
        {"sofa" : 1,  "begin" : 1764,  "end" : 1767 }, 
        {"sofa" : 1,  "begin" : 1768,  "end" : 1773 }, 
        {"sofa" : 1,  "begin" : 1774,  "end" : 1781 }, 
        {"sofa" : 1,  "begin" : 1782,  "end" : 1790 }, 
        {"sofa" : 1,  "begin" : 1790,  "end" : 1791 }, 
        {"sofa" : 1,  "begin" : 1792,  "end" : 1796 }, 
        {"sofa" : 1,  "begin" : 1797,  "end" : 1804 }, 
        {"sofa" : 1,  "begin" : 1805,  "end" : 1807 }, 
        {"sofa" : 1,  "begin" : 1808,  "end" : 1810 }, 
        {"sofa" : 1,  "begin" : 1811,  "end" : 1813 }, 
        {"sofa" : 1,  "begin" : 1814,  "end" : 1818 }, 
        {"sofa" : 1,  "begin" : 1819,  "end" : 1821 }, 
        {"sofa" : 1,  "begin" : 1822,  "end" : 1823 }, 
        {"sofa" : 1,  "begin" : 1824,  "end" : 1831 }, 
        {"sofa" : 1,  "begin" : 1832,  "end" : 1835 }, 
        {"sofa" : 1,  "begin" : 1835,  "end" : 1836 }, 
        {"sofa" : 1,  "begin" : 1837,  "end" : 1840 }, 
        {"sofa" : 1,  "begin" : 1841,  "end" : 1847 }, 
        {"sofa" : 1,  "begin" : 1848,  "end" : 1850 }, 
        {"sofa" : 1,  "begin" : 1851,  "end" : 1856 }, 
        {"sofa" : 1,  "begin" : 1857,  "end" : 1860 }, 
        {"sofa" : 1,  "begin" : 1861,  "end" : 1865 }, 
        {"sofa" : 1,  "begin" : 1866,  "end" : 1871 }, 
        {"sofa" : 1,  "begin" : 1873,  "end" : 1877 }, 
        {"sofa" : 1,  "begin" : 1878,  "end" : 1883 }, 
        {"sofa" : 1,  "begin" : 1884,  "end" : 1890 }, 
        {"sofa" : 1,  "begin" : 1890,  "end" : 1891 } ] } }, 
  "_referenced_fss" : {
    "1" : {"_type" : "Sofa",  "sofaNum" : 1,  "sofaID" : "_InitialView",  "mimeType" : "text",  "sofaString" : "\nP E R F U M E S\n \n164. Scented Tables or Pastils. \n \nBeat into a fine powder, and sift through a hair sieve, \na pound of the Marc or Residuum left in the still after \nmaking Angelic Water then put it into a mortar, with a  handful of fresh-gathered Rose Leaves, and a small porringer full of Gum Tragacanth softened with Rose Water, \nBeat the whole into a Paste; roll it out on a dresser, with a \nrolling pin, and cut it into Lozenges with a knife. \n \nTo form scented Pastils, roll up bits of this Paste in the \nshape of a cone, that they may stand upright, and set them \nby to dry. This kind of Pastils are lighted in the same \nmanner as a candle. They consume entirely away; and, \nwhile burning, exhale a fragrant smoke.\n \n165. A pleasant Perfume, \n \nTake a drachm of Musk, four Cloves, four ounces of \nLavender-seed, a drachm and a half of Civet, and half a \ndrachm of Ambergris ; heat your pestle and mortar, and \nrub the Musk, Cloves, and Lavender-seeds, together, with \na lump of Loaf Sugar and a wine-glass full of Angelic or Rose-water. Take a handful of powder, and incorporate \nit well with this mixture, then sift it through a sieve ; add \ntwo or three pounds more powder, or even a larger quantity, \ntill the perfume is brought to a proper degree of strength. \nAs to the Civet, put it on the end of a hot pestle, and rub \nit well with a handful of powder ; after which add, by little \nand little, fix pounds of powder; then sift the whole through \na hair sieve to incorporate it with the other perfumed powder. The Ambergris must be well rubbed in the mortar; \nand by degrees two pounds of powder, either white or grey, \nmust: be added to it, till the Ambergris is thoroughly incorporated with the powder; then sift through a hair sieve, and \nmix all the three powders together. This perfume is to be kept in a Leather Bag, the learns of which are well sewed \nwith waxed thread. \n" }, 
    "5370" : {"_type" : "Span",  "sofa" : 1,  "begin" : 24,  "end" : 31,  "label" : "Smell_Word" }, 
    "5380" : {"_type" : "Span",  "sofa" : 1,  "begin" : 42,  "end" : 49,  "label" : "Odour_Carrier" }, 
    "5375" : {"_type" : "Span",  "sofa" : 1,  "begin" : 32,  "end" : 38,  "label" : "Odour_Carrier" }, 
    "5404" : {"_type" : "Span",  "sofa" : 1,  "begin" : 461,  "end" : 468,  "label" : "Smell_Word" }, 
    "5399" : {"_type" : "Span",  "sofa" : 1,  "begin" : 461,  "end" : 468,  "label" : "Quality" }, 
    "5416" : {"_type" : "Span",  "sofa" : 1,  "begin" : 469,  "end" : 476,  "label" : "Odour_Carrier" }, 
    "5455" : {"_type" : "Span",  "sofa" : 1,  "begin" : 650,  "end" : 654,  "label" : "Smell_Source" }, 
    "5460" : {"_type" : "Span",  "sofa" : 1,  "begin" : 597,  "end" : 604,  "label" : "Smell_Source" }, 
    "5428" : {"_type" : "Span",  "sofa" : 1,  "begin" : 708,  "end" : 716,  "label" : "Smell_Word" }, 
    "5433" : {"_type" : "Span",  "sofa" : 1,  "begin" : 708,  "end" : 716,  "label" : "Quality" }, 
    "5445" : {"_type" : "Span",  "sofa" : 1,  "begin" : 717,  "end" : 722,  "label" : "Odour_Carrier" }, 
    "5450" : {"_type" : "Span",  "sofa" : 1,  "begin" : 684,  "end" : 697,  "label" : "Circumstances" }, 
    "5498" : {"_type" : "Span",  "sofa" : 1,  "begin" : 742,  "end" : 749,  "label" : "Smell_Word" }, 
    "5493" : {"_type" : "Span",  "sofa" : 1,  "begin" : 733,  "end" : 741,  "label" : "Quality" }, 
    "5540" : {"_type" : "Span",  "sofa" : 1,  "begin" : 768,  "end" : 775,  "label" : "Smell_Source" }, 
    "5515" : {"_type" : "Span",  "sofa" : 1,  "begin" : 777,  "end" : 788,  "label" : "Smell_Source" }, 
    "5520" : {"_type" : "Span",  "sofa" : 1,  "begin" : 790,  "end" : 819,  "label" : "Smell_Source" }, 
    "5530" : {"_type" : "Span",  "sofa" : 1,  "begin" : 821,  "end" : 849,  "label" : "Smell_Source" }, 
    "5535" : {"_type" : "Span",  "sofa" : 1,  "begin" : 855,  "end" : 882,  "label" : "Smell_Source" }, 
    "5655" : {"_type" : "Span",  "sofa" : 1,  "begin" : 1102,  "end" : 1114,  "label" : "Smell_Source" }, 
    "5585" : {"_type" : "Span",  "sofa" : 1,  "begin" : 927,  "end" : 931,  "label" : "Smell_Source" }, 
    "5617" : {"_type" : "Span",  "sofa" : 1,  "begin" : 933,  "end" : 939,  "label" : "Smell_Source" }, 
    "5595" : {"_type" : "Span",  "sofa" : 1,  "begin" : 945,  "end" : 959,  "label" : "Smell_Source" }, 
    "5600" : {"_type" : "Span",  "sofa" : 1,  "begin" : 977,  "end" : 997,  "label" : "Smell_Source" }, 
    "5605" : {"_type" : "Span",  "sofa" : 1,  "begin" : 1002,  "end" : 1044,  "label" : "Smell_Source" }, 
    "5580" : {"_type" : "Span",  "sofa" : 1,  "begin" : 1222,  "end" : 1229,  "label" : "Smell_Word" }, 
    "5707" : {"_type" : "Span",  "sofa" : 1,  "begin" : 1507,  "end" : 1515,  "label" : "Smell_Word" }, 
    "5712" : {"_type" : "Span",  "sofa" : 1,  "begin" : 1507,  "end" : 1515,  "label" : "Quality" }, 
    "5724" : {"_type" : "Span",  "sofa" : 1,  "begin" : 1516,  "end" : 1522,  "label" : "Odour_Carrier" }, 
    "5702" : {"_type" : "Span",  "sofa" : 1,  "begin" : 1501,  "end" : 1506,  "label" : "Quality" }, 
    "5750" : {"_type" : "Span",  "sofa" : 1,  "begin" : 1797,  "end" : 1804,  "label" : "Smell_Word" }, 
    "5755" : {"_type" : "Span",  "sofa" : 1,  "begin" : 1760,  "end" : 1781,  "label" : "Smell_Source" } } }