#FORMAT=WebAnno TSV 3.3


#Text=wanneer het wel en natuurlyk verbeeld is.
1-1	3-10	wanneer	
1-2	11-14	het	
1-3	15-18	wel	
1-4	19-21	en	
1-5	22-31	natuurlyk	
1-6	32-40	verbeeld	
1-7	41-43	is	
1-8	43-44	.	

#Text=Dit is dan het voornaamste, 't geen
#Text=men daar in waar te neemen heeft, naamentlyk dat de beelden, en andere
#Text=voorwerpen, min of meer krachtig en vlak gedaagd werden, na dat zy verre van of
#Text=naby het licht gesteld zyn: en schoon zy paralel op een zelve grond staan, moeten
#Text=zy echter in kragt des lichts en dammelachtigheid der schaduwen
#Text=verscheelen:
#Text=
#Text=
#Text=desgelyks
#Text=de slagschaduwen op de muuren, gronden en andere voorwerpen, de
#Text=eene korter en de andere langer, sterker, duidelyker of flaauwer.
2-1	45-48	Dit	
2-2	49-51	is	
2-3	52-55	dan	
2-4	56-59	het	
2-5	60-71	voornaamste	
2-6	71-72	,	
2-7	73-74	'	
2-8	74-75	t	
2-9	76-80	geen	
2-10	81-84	men	
2-11	85-89	daar	
2-12	90-92	in	
2-13	93-97	waar	
2-14	98-100	te	
2-15	101-107	neemen	
2-16	108-113	heeft	
2-17	113-114	,	
2-18	115-125	naamentlyk	
2-19	126-129	dat	
2-20	130-132	de	
2-21	133-140	beelden	
2-22	140-141	,	
2-23	142-144	en	
2-24	145-151	andere	
2-25	152-162	voorwerpen	
2-26	162-163	,	
2-27	164-167	min	
2-28	168-170	of	
2-29	171-175	meer	
2-30	176-184	krachtig	
2-31	185-187	en	
2-32	188-192	vlak	
2-33	193-200	gedaagd	
2-34	201-207	werden	
2-35	207-208	,	
2-36	209-211	na	
2-37	212-215	dat	
2-38	216-218	zy	
2-39	219-224	verre	
2-40	225-228	van	
2-41	229-231	of	
2-42	232-236	naby	
2-43	237-240	het	
2-44	241-246	licht	
2-45	247-254	gesteld	
2-46	255-258	zyn	
2-47	258-259	:	
2-48	260-262	en	
2-49	263-269	schoon	
2-50	270-272	zy	
2-51	273-280	paralel	
2-52	281-283	op	
2-53	284-287	een	
2-54	288-293	zelve	
2-55	294-299	grond	
2-56	300-305	staan	
2-57	305-306	,	
2-58	307-313	moeten	
2-59	314-316	zy	
2-60	317-323	echter	
2-61	324-326	in	
2-62	327-332	kragt	
2-63	333-336	des	
2-64	337-343	lichts	
2-65	344-346	en	
2-66	347-363	dammelachtigheid	
2-67	364-367	der	
2-68	368-377	schaduwen	
2-69	378-389	verscheelen	
2-70	389-390	:	
2-71	393-402	desgelyks	
2-72	403-405	de	
2-73	406-419	slagschaduwen	
2-74	420-422	op	
2-75	423-425	de	
2-76	426-432	muuren	
2-77	432-433	,	
2-78	434-441	gronden	
2-79	442-444	en	
2-80	445-451	andere	
2-81	452-462	voorwerpen	
2-82	462-463	,	
2-83	464-466	de	
2-84	467-471	eene	
2-85	472-478	korter	
2-86	479-481	en	
2-87	482-484	de	
2-88	485-491	andere	
2-89	492-498	langer	
2-90	498-499	,	
2-91	500-507	sterker	
2-92	507-508	,	
2-93	509-519	duidelyker	
2-94	520-522	of	
2-95	523-531	flaauwer	
2-96	531-532	.	

#Text=Derhalven zullen
#Text=de beelden, die zich digt aan de glazen bevinden, zekerlyk van boven gedaagd
#Text=worden, en korter slagschaduwen hebben, dan die welke verder afgelegen zyn.
3-1	533-542	Derhalven	
3-2	543-549	zullen	
3-3	550-552	de	
3-4	553-560	beelden	
3-5	560-561	,	
3-6	562-565	die	
3-7	566-570	zich	
3-8	571-575	digt	
3-9	576-579	aan	
3-10	580-582	de	
3-11	583-589	glazen	
3-12	590-598	bevinden	
3-13	598-599	,	
3-14	600-608	zekerlyk	
3-15	609-612	van	
3-16	613-618	boven	
3-17	619-626	gedaagd	
3-18	627-633	worden	
3-19	633-634	,	
3-20	635-637	en	
3-21	638-644	korter	
3-22	645-658	slagschaduwen	
3-23	659-665	hebben	
3-24	665-666	,	
3-25	667-670	dan	
3-26	671-674	die	
3-27	675-680	welke	
3-28	681-687	verder	
3-29	688-697	afgelegen	
3-30	698-701	zyn	
3-31	701-702	.	

#Text=Maar gelyk het gebeurt dat de geene, welke verre van 't voornaame licht zyn,
#Text=meerder licht door andere vensters komen te ontfangen, zo moeten hunne
#Text=
#Text=schaduwen ook min of meer verbreeken en verflaauwen, ter oorzaak dat hun licht
#Text=grooter en meer rondom is; waar by noch komt het reflexeeren der wanden.
4-1	705-709	Maar	
4-2	710-715	gelyk	
4-3	716-719	het	
4-4	720-727	gebeurt	
4-5	728-731	dat	
4-6	732-734	de	
4-7	735-740	geene	
4-8	740-741	,	
4-9	742-747	welke	
4-10	748-753	verre	
4-11	754-757	van	
4-12	758-759	'	
4-13	759-760	t	
4-14	761-770	voornaame	
4-15	771-776	licht	
4-16	777-780	zyn	
4-17	780-781	,	
4-18	782-789	meerder	
4-19	790-795	licht	
4-20	796-800	door	
4-21	801-807	andere	
4-22	808-816	vensters	
4-23	817-822	komen	
4-24	823-825	te	
4-25	826-835	ontfangen	
4-26	835-836	,	
4-27	837-839	zo	
4-28	840-846	moeten	
4-29	847-852	hunne	
4-30	854-863	schaduwen	
4-31	864-867	ook	
4-32	868-871	min	
4-33	872-874	of	
4-34	875-879	meer	
4-35	880-890	verbreeken	
4-36	891-893	en	
4-37	894-905	verflaauwen	
4-38	905-906	,	
4-39	907-910	ter	
4-40	911-918	oorzaak	
4-41	919-922	dat	
4-42	923-926	hun	
4-43	927-932	licht	
4-44	933-940	grooter	
4-45	941-943	en	
4-46	944-948	meer	
4-47	949-955	rondom	
4-48	956-958	is	
4-49	958-959	;	
4-50	960-964	waar	
4-51	965-967	by	
4-52	968-972	noch	
4-53	973-977	komt	
4-54	978-981	het	
4-55	982-993	reflexeeren	
4-56	994-997	der	
4-57	998-1004	wanden	
4-58	1004-1005	.	

#Text=De
#Text=schaduwen der gemelde voorwerpen zyn ook veel gloeijender als in de opene lucht,
#Text=alwaar het blaauw der lucht nevens
#Text=de dampen dezelve anders
#Text=zeer verzwakt en
#Text=verflaauwt.
5-1	1006-1008	De	
5-2	1009-1018	schaduwen	
5-3	1019-1022	der	
5-4	1023-1030	gemelde	
5-5	1031-1041	voorwerpen	
5-6	1042-1045	zyn	
5-7	1046-1049	ook	
5-8	1050-1054	veel	
5-9	1055-1066	gloeijender	
5-10	1067-1070	als	
5-11	1071-1073	in	
5-12	1074-1076	de	
5-13	1077-1082	opene	
5-14	1083-1088	lucht	
5-15	1088-1089	,	
5-16	1090-1096	alwaar	
5-17	1097-1100	het	
5-18	1101-1107	blaauw	
5-19	1108-1111	der	
5-20	1112-1117	lucht	
5-21	1118-1124	nevens	
5-22	1125-1127	de	
5-23	1128-1134	dampen	
5-24	1135-1142	dezelve	
5-25	1143-1149	anders	
5-26	1150-1154	zeer	
5-27	1155-1163	verzwakt	
5-28	1164-1166	en	
5-29	1167-1177	verflaauwt	
5-30	1177-1178	.	

#Text=In 't algemeen moet men ook in acht neemen, dat in een kamer met rood, geel,
#Text=blaauw of groen behangen, alle de schaduwen uwer voorwerpen daar van
#Text=gereflexeerd, en van dezelve koleur geverwd worden: doch de diepsels en toetsen
#Text=der flaauwste voorwerpen zullen zich des te krachtiger vertoonen.
6-1	1181-1183	In	
6-2	1184-1185	'	
6-3	1185-1186	t	
6-4	1187-1195	algemeen	
6-5	1196-1200	moet	
6-6	1201-1204	men	
6-7	1205-1208	ook	
6-8	1209-1211	in	
6-9	1212-1216	acht	
6-10	1217-1223	neemen	
6-11	1223-1224	,	
6-12	1225-1228	dat	
6-13	1229-1231	in	
6-14	1232-1235	een	
6-15	1236-1241	kamer	
6-16	1242-1245	met	
6-17	1246-1250	rood	
6-18	1250-1251	,	
6-19	1252-1256	geel	
6-20	1256-1257	,	
6-21	1258-1264	blaauw	
6-22	1265-1267	of	
6-23	1268-1273	groen	
6-24	1274-1282	behangen	
6-25	1282-1283	,	
6-26	1284-1288	alle	
6-27	1289-1291	de	
6-28	1292-1301	schaduwen	
6-29	1302-1306	uwer	
6-30	1307-1317	voorwerpen	
6-31	1318-1322	daar	
6-32	1323-1326	van	
6-33	1327-1339	gereflexeerd	
6-34	1339-1340	,	
6-35	1341-1343	en	
6-36	1344-1347	van	
6-37	1348-1355	dezelve	
6-38	1356-1362	koleur	
6-39	1363-1370	geverwd	
6-40	1371-1377	worden	
6-41	1377-1378	:	
6-42	1379-1383	doch	
6-43	1384-1386	de	
6-44	1387-1395	diepsels	
6-45	1396-1398	en	
6-46	1399-1406	toetsen	
6-47	1407-1410	der	
6-48	1411-1420	flaauwste	
6-49	1421-1431	voorwerpen	
6-50	1432-1438	zullen	
6-51	1439-1443	zich	
6-52	1444-1447	des	
6-53	1448-1450	te	
6-54	1451-1461	krachtiger	
6-55	1462-1471	vertoonen	
6-56	1471-1472	.	

#Text=Kort begrip der daagingen
7-1	1475-1479	Kort	
7-2	1480-1486	begrip	
7-3	1487-1490	der	
7-4	1491-1500	daagingen	

#Text=.
8-1	1500-1501	.	

#Text=+
#Text=
#Text=IN een betrokkene lucht zyn de voorwerpen minder afwykende, gloeijender en
#Text=+
#Text=kenbaarder.
9-1	1503-1504	+	
9-2	1506-1508	IN	
9-3	1509-1512	een	
9-4	1513-1523	betrokkene	
9-5	1524-1529	lucht	
9-6	1530-1533	zyn	
9-7	1534-1536	de	
9-8	1537-1547	voorwerpen	
9-9	1548-1554	minder	
9-10	1555-1564	afwykende	
9-11	1564-1565	,	
9-12	1566-1577	gloeijender	
9-13	1578-1580	en	
9-14	1581-1582	+	
9-15	1583-1593	kenbaarder	
9-16	1593-1594	.	

#Text=Kort begrip der
#Text=daagingen.
10-1	1597-1601	Kort	
10-2	1602-1608	begrip	
10-3	1609-1612	der	
10-4	1613-1622	daagingen	
10-5	1622-1623	.	
