#FORMAT=WebAnno TSV 3.3


#Text=Argumentum.
1-1	4-14	Argumentum	
1-2	14-15	.	

#Text=DE Son buyten den Eertcloot, mette hitte en t'vvesentlick vier daer binnen, ver
#Text=vvarmen t'vvater en d' eertsche vochticheden
#Text=alsoo;
#Text=datter gheduerlick een sichtbaer
#Text=damp uyt rijst (hoemense dadelick siet sal hier na verclaert vvorden) die als een
#Text=besonder
#Text=Hemel den Eertcloot om vangt, tot sulcken eynde als breeder gheseyt is
#Text=
#Text=int
#Text=Eertcloots stofroersel, namelick dat daer me gheschiet de groote ghemeene
#Text=saming en scheyding der Eertclootsche stoffen.
2-1	19-21	DE	
2-2	22-25	Son	
2-3	26-32	buyten	
2-4	33-36	den	
2-5	37-46	Eertcloot	
2-6	46-47	,	
2-7	48-53	mette	
2-8	54-59	hitte	
2-9	60-62	en	
2-10	63-76	t'vvesentlick	
2-11	77-81	vier	
2-12	82-86	daer	
2-13	87-93	binnen	
2-14	93-94	,	
2-15	95-98	ver	
2-16	99-106	vvarmen	
2-17	107-115	t'vvater	
2-18	116-118	en	
2-19	119-120	d	
2-20	120-121	'	
2-21	122-130	eertsche	
2-22	131-143	vochticheden	
2-23	144-149	alsoo	
2-24	149-150	;	
2-25	151-157	datter	
2-26	158-169	gheduerlick	
2-27	170-173	een	
2-28	174-183	sichtbaer	
2-29	184-188	damp	
2-30	189-192	uyt	
2-31	193-198	rijst	
2-32	199-200	(	
2-33	200-208	hoemense	
2-34	209-217	dadelick	
2-35	218-222	siet	
2-36	223-226	sal	
2-37	227-231	hier	
2-38	232-234	na	
2-39	235-244	verclaert	
2-40	245-252	vvorden	
2-41	252-253	)	
2-42	254-257	die	
2-43	258-261	als	
2-44	262-265	een	
2-45	266-274	besonder	
2-46	275-280	Hemel	
2-47	281-284	den	
2-48	285-294	Eertcloot	
2-49	295-297	om	
2-50	298-303	vangt	
2-51	303-304	,	
2-52	305-308	tot	
2-53	309-316	sulcken	
2-54	317-322	eynde	
2-55	323-326	als	
2-56	327-334	breeder	
2-57	335-342	gheseyt	
2-58	343-345	is	
2-59	347-350	int	
2-60	351-361	Eertcloots	
2-61	362-373	stofroersel	
2-62	373-374	,	
2-63	375-383	namelick	
2-64	384-387	dat	
2-65	388-392	daer	
2-66	393-395	me	
2-67	396-405	gheschiet	
2-68	406-408	de	
2-69	409-415	groote	
2-70	416-424	ghemeene	
2-71	425-431	saming	
2-72	432-434	en	
2-73	435-444	scheyding	
2-74	445-448	der	
2-75	449-462	Eertclootsche	
2-76	463-470	stoffen	
2-77	470-471	.	

#Text=Maer vvant de mensch uyter natuer
#Text=begheerich is te verstaen
#Text=sulcker dinghen omstandighen, soo hebben de ouden
#Text=(vvelcke ick vermoede die des vvijsentijts ghevveest te sijn)
#Text=daer na trachtende,
#Text=⋆
#Text=bevonden dat desen damp oirsaeck is des dagheraets;
#Text=hebben oock ghemeten
#Text=
#Text=⋆
#Text=
#Text=*
#Text=Crepusculi.
3-1	472-476	Maer	
3-2	477-482	vvant	
3-3	483-485	de	
3-4	486-492	mensch	
3-5	493-498	uyter	
3-6	499-505	natuer	
3-7	506-516	begheerich	
3-8	517-519	is	
3-9	520-522	te	
3-10	523-531	verstaen	
3-11	532-539	sulcker	
3-12	540-547	dinghen	
3-13	548-560	omstandighen	
3-14	560-561	,	
3-15	562-565	soo	
3-16	566-572	hebben	
3-17	573-575	de	
3-18	576-581	ouden	
3-19	582-583	(	
3-20	583-590	vvelcke	
3-21	591-594	ick	
3-22	595-603	vermoede	
3-23	604-607	die	
3-24	608-611	des	
3-25	612-624	vvijsentijts	
3-26	625-634	ghevveest	
3-27	635-637	te	
3-28	638-642	sijn	
3-29	642-643	)	
3-30	644-648	daer	
3-31	649-651	na	
3-32	652-662	trachtende	
3-33	662-663	,	
3-34	664-665	⋆	
3-35	666-674	bevonden	
3-36	675-678	dat	
3-37	679-684	desen	
3-38	685-689	damp	
3-39	690-698	oirsaeck	
3-40	699-701	is	
3-41	702-705	des	
3-42	706-716	dagheraets	
3-43	716-717	;	
3-44	718-724	hebben	
3-45	725-729	oock	
3-46	730-738	ghemeten	
3-47	740-741	⋆	
3-48	743-744	*	
3-49	745-755	Crepusculi	
3-50	755-756	.	

#Text=sijn
#Text=dickte of hooghde boven d'eerde, deur vvisconstigheregelen die vveerom
#Text=*
#Text=te voorschijn commen
#Text=sijn
#Text=by
#Text=Allacen:
#Text=Vyt vviens Arabische spraeck sy overgheset
#Text=Certitudine Mathematica.
4-1	758-762	sijn	
4-2	763-769	dickte	
4-3	770-772	of	
4-4	773-780	hooghde	
4-5	781-786	boven	
4-6	787-794	d'eerde	
4-7	794-795	,	
4-8	796-800	deur	
4-9	801-821	vvisconstigheregelen	
4-10	822-825	die	
4-11	826-833	vveerom	
4-12	834-835	*	
4-13	836-838	te	
4-14	839-849	voorschijn	
4-15	850-856	commen	
4-16	857-861	sijn	
4-17	862-864	by	
4-18	865-872	Allacen	
4-19	872-873	:	
4-20	874-877	Vyt	
4-21	878-884	vviens	
4-22	885-894	Arabische	
4-23	895-902	spraeck	
4-24	903-905	sy	
4-25	906-916	overgheset	
4-26	917-928	Certitudine	
4-27	929-940	Mathematica	
4-28	940-941	.	
