#FORMAT=WebAnno TSV 3.3


#Text=En hoowel hy buygsaam is, wanneer hy vervelt, soo
#Text=verkrygt hy binnen twee a drie dagen, naa deese vervelling van huyt, deese
#Text=verwonderlyke hardigheid, soo dat hy niet alleen het hoornbeen, maar ook selfs het
#Text=waaragtige been, in tayte en sterkte niet komt te wyken.
1-1	2-4	En	
1-2	5-11	hoowel	
1-3	12-14	hy	
1-4	15-23	buygsaam	
1-5	24-26	is	
1-6	26-27	,	
1-7	28-35	wanneer	
1-8	36-38	hy	
1-9	39-46	vervelt	
1-10	46-47	,	
1-11	48-51	soo	
1-12	52-60	verkrygt	
1-13	61-63	hy	
1-14	64-70	binnen	
1-15	71-75	twee	
1-16	76-77	a	
1-17	78-82	drie	
1-18	83-88	dagen	
1-19	88-89	,	
1-20	90-93	naa	
1-21	94-99	deese	
1-22	100-110	vervelling	
1-23	111-114	van	
1-24	115-119	huyt	
1-25	119-120	,	
1-26	121-126	deese	
1-27	127-140	verwonderlyke	
1-28	141-151	hardigheid	
1-29	151-152	,	
1-30	153-156	soo	
1-31	157-160	dat	
1-32	161-163	hy	
1-33	164-168	niet	
1-34	169-175	alleen	
1-35	176-179	het	
1-36	180-189	hoornbeen	
1-37	189-190	,	
1-38	191-195	maar	
1-39	196-199	ook	
1-40	200-205	selfs	
1-41	206-209	het	
1-42	210-220	waaragtige	
1-43	221-225	been	
1-44	225-226	,	
1-45	227-229	in	
1-46	230-235	tayte	
1-47	236-238	en	
1-48	239-246	sterkte	
1-49	247-251	niet	
1-50	252-256	komt	
1-51	257-259	te	
1-52	260-265	wyken	
1-53	265-266	.	

#Text=Syn situatie is niet op de
#Text=neus van het Dier, maar op het hooft;
#Text=soo dat de hoorn eygentlyk een productie van
#Text=het Bekkeneel is, daar by boven de Hersenen opstaat: en het Manneken alleen tot
#Text=cieraat gegeeven is.
2-1	267-270	Syn	
2-2	271-279	situatie	
2-3	280-282	is	
2-4	283-287	niet	
2-5	288-290	op	
2-6	291-293	de	
2-7	294-298	neus	
2-8	299-302	van	
2-9	303-306	het	
2-10	307-311	Dier	
2-11	311-312	,	
2-12	313-317	maar	
2-13	318-320	op	
2-14	321-324	het	
2-15	325-330	hooft	
2-16	330-331	;	
2-17	332-335	soo	
2-18	336-339	dat	
2-19	340-342	de	
2-20	343-348	hoorn	
2-21	349-358	eygentlyk	
2-22	359-362	een	
2-23	363-372	productie	
2-24	373-376	van	
2-25	377-380	het	
2-26	381-390	Bekkeneel	
2-27	391-393	is	
2-28	393-394	,	
2-29	395-399	daar	
2-30	400-402	by	
2-31	403-408	boven	
2-32	409-411	de	
2-33	412-420	Hersenen	
2-34	421-428	opstaat	
2-35	428-429	:	
2-36	430-432	en	
2-37	433-436	het	
2-38	437-445	Manneken	
2-39	446-452	alleen	
2-40	453-456	tot	
2-41	457-464	cieraat	
2-42	465-473	gegeeven	
2-43	474-476	is	
2-44	476-477	.	

#Text=Van binnen is hy hol, gelyk een Osse hoorn, die van het hooft
#Text=genomen is:
#Text=En hy is van binnen nergens anders meede gevult, als met gedilateerde
#Text=Luchtblaasjes, dewelke met haare pypkens, in een seer groote quan-
#Text=
#Text=
#Text=
#Text=Jan Swammerdam, Bybel der natuure of historie der insecten.
3-1	478-481	Van	
3-2	482-488	binnen	
3-3	489-491	is	
3-4	492-494	hy	
3-5	495-498	hol	
3-6	498-499	,	
3-7	500-505	gelyk	
3-8	506-509	een	
3-9	510-514	Osse	
3-10	515-520	hoorn	
3-11	520-521	,	
3-12	522-525	die	
3-13	526-529	van	
3-14	530-533	het	
3-15	534-539	hooft	
3-16	540-547	genomen	
3-17	548-550	is	
3-18	550-551	:	
3-19	552-554	En	
3-20	555-557	hy	
3-21	558-560	is	
3-22	561-564	van	
3-23	565-571	binnen	
3-24	572-579	nergens	
3-25	580-586	anders	
3-26	587-592	meede	
3-27	593-599	gevult	
3-28	599-600	,	
3-29	601-604	als	
3-30	605-608	met	
3-31	609-621	gedilateerde	
3-32	622-635	Luchtblaasjes	
3-33	635-636	,	
3-34	637-644	dewelke	
3-35	645-648	met	
3-36	649-654	haare	
3-37	655-662	pypkens	
3-38	662-663	,	
3-39	664-666	in	
3-40	667-670	een	
3-41	671-675	seer	
3-42	676-682	groote	
3-43	683-687	quan	
3-44	687-688	-	
3-45	692-695	Jan	
3-46	696-706	Swammerdam	
3-47	706-707	,	
3-48	708-713	Bybel	
3-49	714-717	der	
3-50	718-725	natuure	
3-51	726-728	of	
3-52	729-737	historie	
3-53	738-741	der	
3-54	742-750	insecten	
3-55	750-751	.	

#Text=Deel 1
#Text=
#Text=\f342
#Text=lia materie repletur, nisi dilatatis
#Text=Vesiculis pneumaticis; quae una cum sibi
#Text=
#Text=adhaerentibus Fistulis, ingenti admodum numero, heic inclusae sunt, & in ipsam
#Text=quoque
#Text=ejus substantiam corneo-osseam sese penetrant:
#Text=unde equidem Cornu
#Text=haud parum levius evadit, ut tanto facilius, inter ambulandum aut volandum, ab
#Text=Animali circumferri queat.
4-1	752-756	Deel	
4-2	757-758	1	
4-3	761-764	342	
4-4	765-768	lia	
4-5	769-776	materie	
4-6	777-785	repletur	
4-7	785-786	,	
4-8	787-791	nisi	
4-9	792-801	dilatatis	
4-10	802-811	Vesiculis	
4-11	812-823	pneumaticis	
4-12	823-824	;	
4-13	825-829	quae	
4-14	830-833	una	
4-15	834-837	cum	
4-16	838-842	sibi	
4-17	844-857	adhaerentibus	
4-18	858-866	Fistulis	
4-19	866-867	,	
4-20	868-875	ingenti	
4-21	876-883	admodum	
4-22	884-890	numero	
4-23	890-891	,	
4-24	892-896	heic	
4-25	897-905	inclusae	
4-26	906-910	sunt	
4-27	910-911	,	
4-28	912-913	&	
4-29	914-916	in	
4-30	917-922	ipsam	
4-31	923-929	quoque	
4-32	930-934	ejus	
4-33	935-946	substantiam	
4-34	947-960	corneo-osseam	
4-35	961-965	sese	
4-36	966-975	penetrant	
4-37	975-976	:	
4-38	977-981	unde	
4-39	982-989	equidem	
4-40	990-995	Cornu	
4-41	996-1000	haud	
4-42	1001-1006	parum	
4-43	1007-1013	levius	
4-44	1014-1020	evadit	
4-45	1020-1021	,	
4-46	1022-1024	ut	
4-47	1025-1030	tanto	
4-48	1031-1039	facilius	
4-49	1039-1040	,	
4-50	1041-1046	inter	
4-51	1047-1057	ambulandum	
4-52	1058-1061	aut	
4-53	1062-1070	volandum	
4-54	1070-1071	,	
4-55	1072-1074	ab	
4-56	1075-1082	Animali	
4-57	1083-1094	circumferri	
4-58	1095-1100	queat	
4-59	1100-1101	.	

#Text=Insectum igitur hocce verum Unicornu est.
5-1	1102-1110	Insectum	
5-2	1111-1117	igitur	
5-3	1118-1123	hocce	
5-4	1124-1129	verum	
5-5	1130-1138	Unicornu	
5-6	1139-1142	est	
5-7	1142-1143	.	

#Text=Haud abs re
#Text=erit heic commemorasse, quod Cervorum Maribus, sicubi exsecti fuerint, nunquam
#Text=Cornua crescant: prout equidem a curioso quodam & fide digno Viro mihi narratum
#Text=est.
6-1	1144-1148	Haud	
6-2	1149-1152	abs	
6-3	1153-1155	re	
6-4	1156-1160	erit	
6-5	1161-1165	heic	
6-6	1166-1178	commemorasse	
6-7	1178-1179	,	
6-8	1180-1184	quod	
6-9	1185-1193	Cervorum	
6-10	1194-1201	Maribus	
6-11	1201-1202	,	
6-12	1203-1209	sicubi	
6-13	1210-1217	exsecti	
6-14	1218-1225	fuerint	
6-15	1225-1226	,	
6-16	1227-1234	nunquam	
6-17	1235-1241	Cornua	
6-18	1242-1250	crescant	
6-19	1250-1251	:	
6-20	1252-1257	prout	
6-21	1258-1265	equidem	
6-22	1266-1267	a	
6-23	1268-1275	curioso	
6-24	1276-1282	quodam	
6-25	1283-1284	&	
6-26	1285-1289	fide	
6-27	1290-1295	digno	
6-28	1296-1300	Viro	
6-29	1301-1305	mihi	
6-30	1306-1314	narratum	
6-31	1315-1318	est	
6-32	1318-1319	.	

#Text=Quocirca Animantia isthaec Foemellae hujus nostri Scarabaei veluti hac dote
#Text=similia redduntur, quando virile robur ipsis adimitur
7-1	1320-1328	Quocirca	
7-2	1329-1338	Animantia	
7-3	1339-1346	isthaec	
7-4	1347-1356	Foemellae	
7-5	1357-1362	hujus	
7-6	1363-1369	nostri	
7-7	1370-1379	Scarabaei	
7-8	1380-1386	veluti	
7-9	1387-1390	hac	
7-10	1391-1395	dote	
7-11	1396-1403	similia	
7-12	1404-1413	redduntur	
7-13	1413-1414	,	
7-14	1415-1421	quando	
7-15	1422-1428	virile	
7-16	1429-1434	robur	
7-17	1435-1440	ipsis	
7-18	1441-1449	adimitur	

#Text=.
8-1	1449-1450	.	

#Text=+
#Text=
#Text=
#Text=Circa
#Text=Nasicornis
#Text=Penem notare oportet &
9-1	1452-1453	+	
9-2	1456-1461	Circa	
9-3	1462-1472	Nasicornis	
9-4	1473-1478	Penem	
9-5	1479-1485	notare	
9-6	1486-1493	oportet	
9-7	1494-1495	&	
