#FORMAT=WebAnno TSV 3.3


#Text=La marche s'ouvrait par une hécatombe composée effectivement de cent boeufs, dont les uns avaient les cornes dorées, et dont les autres étaient ornés de couronnes et de guirlandes de fleurs.
1-1	0-2	La	
1-2	3-9	marche	
1-3	10-19	s'ouvrait	
1-4	20-23	par	
1-5	24-27	une	
1-6	28-37	hécatombe	
1-7	38-46	composée	
1-8	47-60	effectivement	
1-9	61-63	de	
1-10	64-68	cent	
1-11	69-75	boeufs	
1-12	75-76	,	
1-13	77-81	dont	
1-14	82-85	les	
1-15	86-89	uns	
1-16	90-97	avaient	
1-17	98-101	les	
1-18	102-108	cornes	
1-19	109-115	dorées	
1-20	115-116	,	
1-21	117-119	et	
1-22	120-124	dont	
1-23	125-128	les	
1-24	129-135	autres	
1-25	136-143	étaient	
1-26	144-149	ornés	
1-27	150-152	de	
1-28	153-162	couronnes	
1-29	163-165	et	
1-30	166-168	de	
1-31	169-179	guirlandes	
1-32	180-182	de	
1-33	183-189	fleurs	
1-34	189-190	.	

#Text=Ils étaient conduits par autant de thessaliens vêtus de blanc, et tenant des haches sur leurs épaules.
2-1	191-194	Ils	
2-2	195-202	étaient	
2-3	203-211	conduits	
2-4	212-215	par	
2-5	216-222	autant	
2-6	223-225	de	
2-7	226-237	thessaliens	
2-8	238-243	vêtus	
2-9	244-246	de	
2-10	247-252	blanc	
2-11	252-253	,	
2-12	254-256	et	
2-13	257-263	tenant	
2-14	264-267	des	
2-15	268-274	haches	
2-16	275-278	sur	
2-17	279-284	leurs	
2-18	285-292	épaules	
2-19	292-293	.	

#Text=D'autres victimes suivaient, et l'on avait placé par intervalles des musiciens qui jouaient de divers instrument.
3-1	294-302	D'autres	
3-2	303-311	victimes	
3-3	312-321	suivaient	
3-4	321-322	,	
3-5	323-325	et	
3-6	326-330	l'on	
3-7	331-336	avait	
3-8	337-342	placé	
3-9	343-346	par	
3-10	347-358	intervalles	
3-11	359-362	des	
3-12	363-372	musiciens	
3-13	373-376	qui	
3-14	377-385	jouaient	
3-15	386-388	de	
3-16	389-395	divers	
3-17	396-406	instrument	
3-18	406-407	.	

#Text=On voyait paraître ensuite des thessaliennes, dont les attraits attiraient tous les regards.
4-1	408-410	On	
4-2	411-417	voyait	
4-3	418-426	paraître	
4-4	427-434	ensuite	
4-5	435-438	des	
4-6	439-452	thessaliennes	
4-7	452-453	,	
4-8	454-458	dont	
4-9	459-462	les	
4-10	463-471	attraits	
4-11	472-482	attiraient	
4-12	483-487	tous	
4-13	488-491	les	
4-14	492-499	regards	
4-15	499-500	.	

#Text=Elles marchaient d'un pas réglé, chantant des hymnes en l'honneur de Thétis, mère d'Achille, et portant dans leurs mains ou sur leurs têtes, des corbeilles remplies de fleurs, de fruits et d'aromates précieux: elles étaient suivies de 50 jeunes thessaliens montés sur des chevaux superbes, qui blanchissoient leurs mors d'écume.
5-1	501-506	Elles	
5-2	507-517	marchaient	
5-3	518-522	d'un	
5-4	523-526	pas	
5-5	527-532	réglé	
5-6	532-533	,	
5-7	534-542	chantant	
5-8	543-546	des	
5-9	547-553	hymnes	
5-10	554-556	en	
5-11	557-566	l'honneur	
5-12	567-569	de	
5-13	570-576	Thétis	
5-14	576-577	,	
5-15	578-582	mère	
5-16	583-592	d'Achille	
5-17	592-593	,	
5-18	594-596	et	
5-19	597-604	portant	
5-20	605-609	dans	
5-21	610-615	leurs	
5-22	616-621	mains	
5-23	622-624	ou	
5-24	625-628	sur	
5-25	629-634	leurs	
5-26	635-640	têtes	
5-27	640-641	,	
5-28	642-645	des	
5-29	646-656	corbeilles	
5-30	657-665	remplies	
5-31	666-668	de	
5-32	669-675	fleurs	
5-33	675-676	,	
5-34	677-679	de	
5-35	680-686	fruits	
5-36	687-689	et	
5-37	690-700	d'aromates	
5-38	701-709	précieux	
5-39	709-710	:	
5-40	711-716	elles	
5-41	717-724	étaient	
5-42	725-732	suivies	
5-43	733-735	de	
5-44	736-738	50	
5-45	739-745	jeunes	
5-46	746-757	thessaliens	
5-47	758-764	montés	
5-48	765-768	sur	
5-49	769-772	des	
5-50	773-780	chevaux	
5-51	781-789	superbes	
5-52	789-790	,	
5-53	791-794	qui	
5-54	795-809	blanchissoient	
5-55	810-815	leurs	
5-56	816-820	mors	
5-57	821-828	d'écume	
5-58	828-829	.	

#Text=Polyphron se distinguait autant par la noblesse de sa figure, que par la richesse de ses habits.
6-1	830-839	Polyphron	
6-2	840-842	se	
6-3	843-854	distinguait	
6-4	855-861	autant	
6-5	862-865	par	
6-6	866-868	la	
6-7	869-877	noblesse	
6-8	878-880	de	
6-9	881-883	sa	
6-10	884-890	figure	
6-11	890-891	,	
6-12	892-895	que	
6-13	896-899	par	
6-14	900-902	la	
6-15	903-911	richesse	
6-16	912-914	de	
6-17	915-918	ses	
6-18	919-925	habits	
6-19	925-926	.	

#Text=Quand ils furent devant le temple de Diane, on en vit sortir la prêtresse, qui parut avec les traits et les attributs de la déesse, ayant un carquois sur l'épaule, et dans ses mains un arc et un flambeau allumé.
7-1	927-932	Quand	
7-2	933-936	ils	
7-3	937-943	furent	
7-4	944-950	devant	
7-5	951-953	le	
7-6	954-960	temple	
7-7	961-963	de	
7-8	964-969	Diane	
7-9	969-970	,	
7-10	971-973	on	
7-11	974-976	en	
7-12	977-980	vit	
7-13	981-987	sortir	
7-14	988-990	la	
7-15	991-1000	prêtresse	
7-16	1000-1001	,	
7-17	1002-1005	qui	
7-18	1006-1011	parut	
7-19	1012-1016	avec	
7-20	1017-1020	les	
7-21	1021-1027	traits	
7-22	1028-1030	et	
7-23	1031-1034	les	
7-24	1035-1044	attributs	
7-25	1045-1047	de	
7-26	1048-1050	la	
7-27	1051-1057	déesse	
7-28	1057-1058	,	
7-29	1059-1064	ayant	
7-30	1065-1067	un	
7-31	1068-1076	carquois	
7-32	1077-1080	sur	
7-33	1081-1089	l'épaule	
7-34	1089-1090	,	
7-35	1091-1093	et	
7-36	1094-1098	dans	
7-37	1099-1102	ses	
7-38	1103-1108	mains	
7-39	1109-1111	un	
7-40	1112-1115	arc	
7-41	1116-1118	et	
7-42	1119-1121	un	
7-43	1122-1130	flambeau	
7-44	1131-1137	allumé	
7-45	1137-1138	.	

#Text=Elle monta sur un char, et ferma la marche qui continua dans le même ordre, jusqu'au tombeau de Néoptolème, placé dans une enceinte, à la gauche du temple.
8-1	1139-1143	Elle	
8-2	1144-1149	monta	
8-3	1150-1153	sur	
8-4	1154-1156	un	
8-5	1157-1161	char	
8-6	1161-1162	,	
8-7	1163-1165	et	
8-8	1166-1171	ferma	
8-9	1172-1174	la	
8-10	1175-1181	marche	
8-11	1182-1185	qui	
8-12	1186-1194	continua	
8-13	1195-1199	dans	
8-14	1200-1202	le	
8-15	1203-1207	même	
8-16	1208-1213	ordre	
8-17	1213-1214	,	
8-18	1215-1223	jusqu'au	
8-19	1224-1231	tombeau	
8-20	1232-1234	de	
8-21	1235-1245	Néoptolème	
8-22	1245-1246	,	
8-23	1247-1252	placé	
8-24	1253-1257	dans	
8-25	1258-1261	une	
8-26	1262-1270	enceinte	
8-27	1270-1271	,	
8-28	1272-1273	à	
8-29	1274-1276	la	
8-30	1277-1283	gauche	
8-31	1284-1286	du	
8-32	1287-1293	temple	
8-33	1293-1294	.	

#Text=Les cavaliers thessaliens en firent trois fois le tour.
9-1	1295-1298	Les	
9-2	1299-1308	cavaliers	
9-3	1309-1320	thessaliens	
9-4	1321-1323	en	
9-5	1324-1330	firent	
9-6	1331-1336	trois	
9-7	1337-1341	fois	
9-8	1342-1344	le	
9-9	1345-1349	tour	
9-10	1349-1350	.	

#Text=Les jeunes thessaliennes poussèrent de longs gémissement, et les autres députés des cris de douleur.
10-1	1351-1354	Les	
10-2	1355-1361	jeunes	
10-3	1362-1375	thessaliennes	
10-4	1376-1386	poussèrent	
10-5	1387-1389	de	
10-6	1390-1395	longs	
10-7	1396-1407	gémissement	
10-8	1407-1408	,	
10-9	1409-1411	et	
10-10	1412-1415	les	
10-11	1416-1422	autres	
10-12	1423-1430	députés	
10-13	1431-1434	des	
10-14	1435-1439	cris	
10-15	1440-1442	de	
10-16	1443-1450	douleur	
10-17	1450-1451	.	
