#FORMAT=WebAnno TSV 3.3
#T_SP=custom.Span|label
#T_RL=custom.Relation|label|BT_custom.Span


#Text=Hauptbeſchreibung erſten Theils drittes Buch.
1-1	1-18	Hauptbeſchreibung	_	_	_	
1-2	19-25	erſten	_	_	_	
1-3	26-32	Theils	_	_	_	
1-4	33-40	drittes	_	_	_	
1-5	41-45	Buch	_	_	_	
1-6	45-46	.	_	_	_	

#Text=ney nicht taug, dennoch iſt es zur Schrei-
#Text=ner- und Tiſchler-Arbeit gar dienlich,
#Text=denn wenn es poliret iſt und hat eine
#Text=Zeitlang an der Luft gelegen, alsdann
#Text=ſieht es nicht anders, als ob es polirte
#Text=Coccusnuß waͤre.
2-1	50-53	ney	_	_	_	
2-2	54-59	nicht	_	_	_	
2-3	60-64	taug	_	_	_	
2-4	64-65	,	_	_	_	
2-5	66-73	dennoch	_	_	_	
2-6	74-77	iſt	_	_	_	
2-7	78-80	es	_	_	_	
2-8	81-84	zur	_	_	_	
2-9	85-91	Schrei	_	_	_	
2-10	91-92	-	_	_	_	
2-11	93-96	ner	_	_	_	
2-12	96-97	-	_	_	_	
2-13	98-101	und	_	_	_	
2-14	102-117	Tiſchler-Arbeit	_	_	_	
2-15	118-121	gar	_	_	_	
2-16	122-130	dienlich	_	_	_	
2-17	130-131	,	_	_	_	
2-18	132-136	denn	_	_	_	
2-19	137-141	wenn	_	_	_	
2-20	142-144	es	_	_	_	
2-21	145-152	poliret	_	_	_	
2-22	153-156	iſt	_	_	_	
2-23	157-160	und	_	_	_	
2-24	161-164	hat	_	_	_	
2-25	165-169	eine	_	_	_	
2-26	170-178	Zeitlang	_	_	_	
2-27	179-181	an	_	_	_	
2-28	182-185	der	_	_	_	
2-29	186-190	Luft	_	_	_	
2-30	191-198	gelegen	_	_	_	
2-31	198-199	,	_	_	_	
2-32	200-207	alsdann	_	_	_	
2-33	208-213	ſieht	_	_	_	
2-34	214-216	es	_	_	_	
2-35	217-222	nicht	_	_	_	
2-36	223-229	anders	_	_	_	
2-37	229-230	,	_	_	_	
2-38	231-234	als	_	_	_	
2-39	235-237	ob	_	_	_	
2-40	238-240	es	_	_	_	
2-41	241-248	polirte	_	_	_	
2-42	249-258	Coccusnuß	_	_	_	
2-43	259-264	waͤre	_	_	_	
2-44	264-265	.	_	_	_	

#Text=Es wird ingleichen wegen ſeiner Blu-
#Text=men, Jaſminholtz genennet.
3-1	269-271	Es	_	_	_	
3-2	272-276	wird	_	_	_	
3-3	277-287	ingleichen	_	_	_	
3-4	288-293	wegen	_	_	_	
3-5	294-300	ſeiner	_	_	_	
3-6	301-304	Blu	_	_	_	
3-7	304-305	-	_	_	_	
3-8	306-309	men	_	_	_	
3-9	309-310	,	_	_	_	
3-10	311-322	Jaſminholtz	_	_	_	
3-11	323-331	genennet	_	_	_	
3-12	331-332	.	_	_	_	

#Text=So findet
#Text=ſich auch in den Jnſeln noch ein ander
#Text=Lichtholtz, welches eben ſolche Blaͤt-
#Text=ter, Blumen und Fruͤchte traͤgt, als wie
#Text=das Zitronenholtz, auſſer daß die Blu-
#Text=men viel dicker, breiter und runder ſind:
#Text=weil aber dieſes Holtz nicht zu uns ge-
#Text=bracht wird, deswegen will ich auch
#Text=nichts weiter davon melden.
4-1	333-335	So	_	_	_	
4-2	336-342	findet	_	_	_	
4-3	343-347	ſich	_	_	_	
4-4	348-352	auch	_	_	_	
4-5	353-355	in	_	_	_	
4-6	356-359	den	_	_	_	
4-7	360-366	Jnſeln	_	_	_	
4-8	367-371	noch	_	_	_	
4-9	372-375	ein	_	_	_	
4-10	376-381	ander	_	_	_	
4-11	382-392	Lichtholtz	_	_	_	
4-12	392-393	,	_	_	_	
4-13	394-401	welches	_	_	_	
4-14	402-406	eben	_	_	_	
4-15	407-413	ſolche	_	_	_	
4-16	414-419	Blaͤt	_	_	_	
4-17	419-420	-	_	_	_	
4-18	421-424	ter	_	_	_	
4-19	424-425	,	_	_	_	
4-20	426-432	Blumen	_	_	_	
4-21	433-436	und	_	_	_	
4-22	437-445	Fruͤchte	_	_	_	
4-23	446-452	traͤgt	_	_	_	
4-24	452-453	,	_	_	_	
4-25	454-457	als	_	_	_	
4-26	458-461	wie	_	_	_	
4-27	462-465	das	_	_	_	
4-28	466-479	Zitronenholtz	_	_	_	
4-29	479-480	,	_	_	_	
4-30	481-487	auſſer	_	_	_	
4-31	488-491	daß	_	_	_	
4-32	492-495	die	_	_	_	
4-33	496-499	Blu	_	_	_	
4-34	499-500	-	_	_	_	
4-35	501-504	men	_	_	_	
4-36	505-509	viel	_	_	_	
4-37	510-516	dicker	_	_	_	
4-38	516-517	,	_	_	_	
4-39	518-525	breiter	_	_	_	
4-40	526-529	und	_	_	_	
4-41	530-536	runder	_	_	_	
4-42	537-541	ſind	_	_	_	
4-43	541-542	:	_	_	_	
4-44	543-547	weil	_	_	_	
4-45	548-552	aber	_	_	_	
4-46	553-559	dieſes	_	_	_	
4-47	560-565	Holtz	_	_	_	
4-48	566-571	nicht	_	_	_	
4-49	572-574	zu	_	_	_	
4-50	575-578	uns	_	_	_	
4-51	579-581	ge	_	_	_	
4-52	581-582	-	_	_	_	
4-53	583-589	bracht	_	_	_	
4-54	590-594	wird	_	_	_	
4-55	594-595	,	_	_	_	
4-56	596-604	deswegen	_	_	_	
4-57	605-609	will	_	_	_	
4-58	610-613	ich	_	_	_	
4-59	614-618	auch	_	_	_	
4-60	619-625	nichts	_	_	_	
4-61	626-632	weiter	_	_	_	
4-62	633-638	davon	_	_	_	
4-63	639-645	melden	_	_	_	
4-64	645-646	.	_	_	_	

#Text=Der P.
5-1	647-650	Der	_	_	_	
5-2	651-652	P	_	_	_	
5-3	652-653	.	_	_	_	

#Text=Tertre berichtet, es ſey dieſer Baum
#Text=
#Text=gar rar, wachſe nur am Seeſtrande, und
#Text=
#Text=er halte ihn fuͤr eine Gattung Aloeholtz;
#Text=
#Text=welches ich gantz gerne glauben will,
#Text=weil wir ſo vielerley Aloeholtz haben.
6-1	655-661	Tertre	_	_	_	
6-2	662-671	berichtet	_	_	_	
6-3	671-672	,	_	_	_	
6-4	673-675	es	_	_	_	
6-5	676-679	ſey	_	_	_	
6-6	680-686	dieſer	_	_	_	
6-7	687-691	Baum	_	_	_	
6-8	693-696	gar	_	_	_	
6-9	697-700	rar	_	_	_	
6-10	700-701	,	_	_	_	
6-11	702-708	wachſe	_	_	_	
6-12	709-712	nur	_	_	_	
6-13	713-715	am	_	_	_	
6-14	716-726	Seeſtrande	_	_	_	
6-15	726-727	,	_	_	_	
6-16	728-731	und	_	_	_	
6-17	733-735	er	_	_	_	
6-18	736-741	halte	_	_	_	
6-19	742-745	ihn	_	_	_	
6-20	746-750	fuͤr	_	_	_	
6-21	751-755	eine	_	_	_	
6-22	756-763	Gattung	_	_	_	
6-23	764-773	Aloeholtz	_	_	_	
6-24	773-774	;	_	_	_	
6-25	776-783	welches	_	_	_	
6-26	784-787	ich	_	_	_	
6-27	788-793	gantz	_	_	_	
6-28	794-799	gerne	_	_	_	
6-29	800-807	glauben	_	_	_	
6-30	808-812	will	_	_	_	
6-31	812-813	,	_	_	_	
6-32	814-818	weil	_	_	_	
6-33	819-822	wir	_	_	_	
6-34	823-825	ſo	_	_	_	
6-35	826-835	vielerley	_	_	_	
6-36	836-845	Aloeholtz	_	_	_	
6-37	846-851	haben	_	_	_	
6-38	851-852	.	_	_	_	

#Text=Er mercket ferner an, daß dieſer Baum
#Text=ein ſehr ſtarck riechend Gummi gebe, wel-
#Text=ches mehr und beſſer rieche, ie aͤlter der
#Text=Baum ſey, und werde von den Wilden
#Text=zum Brennen gebrauchet:
#Text=ſie pflegten
#Text=auch die zweyte Rinde zu nehmen, und
#Text=den Saft heraus zu ziehen, den ſie als
#Text=ein unfehlbar und bewaͤhrtes Mittel
#Text=in Entzuͤndungen der Augen gebrauche-
#Text=ten.
7-1	855-857	Er	_	_	_	
7-2	858-865	mercket	_	_	_	
7-3	866-872	ferner	_	_	_	
7-4	873-875	an	_	_	_	
7-5	875-876	,	_	_	_	
7-6	877-880	daß	_	_	_	
7-7	881-887	dieſer	_	_	_	
7-8	888-892	Baum	Smell\_Source	*	7-13	
7-9	893-896	ein	_	_	_	
7-10	897-901	ſehr	Quality[1]	_	_	
7-11	902-908	ſtarck	Quality[1]	_	_	
7-12	909-917	riechend	Smell\_Word	*	7-10[1_0]	
7-13	918-923	Gummi	Smell\_Source	*|*	7-12|7-16[2_0]	
7-14	924-928	gebe	_	_	_	
7-15	928-929	,	_	_	_	
7-16	930-933	wel	Smell\_Source[2]	*	7-22[0_2]	
7-17	933-934	-	Smell\_Source[2]	_	_	
7-18	935-939	ches	Smell\_Source[2]	_	_	
7-19	940-944	mehr	Quality	_	_	
7-20	945-948	und	_	_	_	
7-21	949-955	beſſer	Quality	_	_	
7-22	956-962	rieche	Smell\_Word	*|*|*	7-19|7-21|7-24[3_0]	
7-23	962-963	,	_	_	_	
7-24	964-966	ie	Circumstances[3]	_	_	
7-25	967-973	aͤlter	Circumstances[3]	_	_	
7-26	974-977	der	Circumstances[3]	_	_	
7-27	978-982	Baum	Circumstances[3]	_	_	
7-28	983-986	ſey	_	_	_	
7-29	986-987	,	_	_	_	
7-30	988-991	und	_	_	_	
7-31	992-997	werde	_	_	_	
7-32	998-1001	von	_	_	_	
7-33	1002-1005	den	_	_	_	
7-34	1006-1012	Wilden	_	_	_	
7-35	1013-1016	zum	_	_	_	
7-36	1017-1024	Brennen	_	_	_	
7-37	1025-1035	gebrauchet	_	_	_	
7-38	1035-1036	:	_	_	_	
7-39	1037-1040	ſie	_	_	_	
7-40	1041-1049	pflegten	_	_	_	
7-41	1050-1054	auch	_	_	_	
7-42	1055-1058	die	_	_	_	
7-43	1059-1065	zweyte	_	_	_	
7-44	1066-1071	Rinde	_	_	_	
7-45	1072-1074	zu	_	_	_	
7-46	1075-1081	nehmen	_	_	_	
7-47	1081-1082	,	_	_	_	
7-48	1083-1086	und	_	_	_	
7-49	1087-1090	den	_	_	_	
7-50	1091-1095	Saft	_	_	_	
7-51	1096-1102	heraus	_	_	_	
7-52	1103-1105	zu	_	_	_	
7-53	1106-1112	ziehen	_	_	_	
7-54	1112-1113	,	_	_	_	
7-55	1114-1117	den	_	_	_	
7-56	1118-1121	ſie	_	_	_	
7-57	1122-1125	als	_	_	_	
7-58	1126-1129	ein	_	_	_	
7-59	1130-1139	unfehlbar	_	_	_	
7-60	1140-1143	und	_	_	_	
7-61	1144-1154	bewaͤhrtes	_	_	_	
7-62	1155-1161	Mittel	_	_	_	
7-63	1162-1164	in	_	_	_	
7-64	1165-1178	Entzuͤndungen	_	_	_	
7-65	1179-1182	der	_	_	_	
7-66	1183-1188	Augen	_	_	_	
7-67	1189-1198	gebrauche	_	_	_	
7-68	1198-1199	-	_	_	_	
7-69	1200-1203	ten	_	_	_	
7-70	1203-1204	.	_	_	_	

#Text=Jaſminholtz.
8-1	1207-1218	Jaſminholtz	_	_	_	
8-2	1218-1219	.	_	_	_	

#Text=Lichtholtz.
9-1	1221-1231	Lichtholtz	_	_	_	
9-2	1231-1232	.	_	_	_	

#Text=Das fuͤnffte Capitel.
10-1	1236-1239	Das	_	_	_	
10-2	1240-1248	fuͤnffte	_	_	_	
10-3	1249-1256	Capitel	_	_	_	
10-4	1256-1257	.	_	_	_	

#Text=Vom Corallenholtze.
11-1	1260-1263	Vom	_	_	_	
11-2	1264-1278	Corallenholtze	_	_	_	
11-3	1278-1279	.	_	_	_	

#Text=OHne das Lichtholtz wird noch ein ge-
#Text=wiſſes rothes Holtz aus den Jnſeln
#Text=unter dem Wind gebracht, dem man
#Text=den Namen Corallenholtz gegeben,
#Text=weil es wie Corallen ſiehet.
12-1	1283-1287	OHne	_	_	_	
12-2	1288-1291	das	_	_	_	
12-3	1292-1302	Lichtholtz	_	_	_	
12-4	1303-1307	wird	_	_	_	
12-5	1308-1312	noch	_	_	_	
12-6	1313-1316	ein	_	_	_	
12-7	1317-1319	ge	_	_	_	
12-8	1319-1320	-	_	_	_	
12-9	1321-1327	wiſſes	_	_	_	
12-10	1328-1334	rothes	_	_	_	
12-11	1335-1340	Holtz	_	_	_	
12-12	1341-1344	aus	_	_	_	
12-13	1345-1348	den	_	_	_	
12-14	1349-1355	Jnſeln	_	_	_	
12-15	1356-1361	unter	_	_	_	
12-16	1362-1365	dem	_	_	_	
12-17	1366-1370	Wind	_	_	_	
12-18	1371-1379	gebracht	_	_	_	
12-19	1379-1380	,	_	_	_	
12-20	1381-1384	dem	_	_	_	
12-21	1385-1388	man	_	_	_	
12-22	1389-1392	den	_	_	_	
12-23	1393-1398	Namen	_	_	_	
12-24	1399-1412	Corallenholtz	_	_	_	
12-25	1413-1420	gegeben	_	_	_	
12-26	1420-1421	,	_	_	_	
12-27	1422-1426	weil	_	_	_	
12-28	1427-1429	es	_	_	_	
12-29	1430-1433	wie	_	_	_	
12-30	1434-1442	Corallen	_	_	_	
12-31	1443-1449	ſiehet	_	_	_	
12-32	1449-1450	.	_	_	_	
