#FORMAT=WebAnno TSV 3.3
#T_SP=custom.Span|label
#T_RL=custom.Relation|label|BT_custom.Span


#Text=Drauf legt
#Text=man die dergeſtalt erwaͤrmeten
#Text=Nuͤſſe
#Text=unter die Preſſe, zwiſchen zwey warme
#Text=Bleche, und preßt fein gleich und ſo hur-
#Text=tig, als nur ſeyn kan, zu, ſo rinnet ein
#Text=Goldgelbes Oel hervor, welches, wie es
#Text=in die Schuͤſſel faͤllt, geſtehet.
1-1	2-7	Drauf	_	_	_	
1-2	8-12	legt	_	_	_	
1-3	13-16	man	_	_	_	
1-4	17-20	die	_	_	_	
1-5	21-31	dergeſtalt	_	_	_	
1-6	32-43	erwaͤrmeten	_	_	_	
1-7	44-50	Nuͤſſe	_	_	_	
1-8	51-56	unter	_	_	_	
1-9	57-60	die	_	_	_	
1-10	61-67	Preſſe	_	_	_	
1-11	67-68	,	_	_	_	
1-12	69-77	zwiſchen	_	_	_	
1-13	78-82	zwey	_	_	_	
1-14	83-88	warme	_	_	_	
1-15	89-95	Bleche	_	_	_	
1-16	95-96	,	_	_	_	
1-17	97-100	und	_	_	_	
1-18	101-106	preßt	_	_	_	
1-19	107-111	fein	_	_	_	
1-20	112-118	gleich	_	_	_	
1-21	119-122	und	_	_	_	
1-22	123-125	ſo	_	_	_	
1-23	126-129	hur	_	_	_	
1-24	129-130	-	_	_	_	
1-25	131-134	tig	_	_	_	
1-26	134-135	,	_	_	_	
1-27	136-139	als	_	_	_	
1-28	140-143	nur	_	_	_	
1-29	144-148	ſeyn	_	_	_	
1-30	149-152	kan	_	_	_	
1-31	152-153	,	_	_	_	
1-32	154-156	zu	_	_	_	
1-33	156-157	,	_	_	_	
1-34	158-160	ſo	_	_	_	
1-35	161-167	rinnet	_	_	_	
1-36	168-171	ein	_	_	_	
1-37	172-182	Goldgelbes	_	_	_	
1-38	183-186	Oel	_	_	_	
1-39	187-193	hervor	_	_	_	
1-40	193-194	,	_	_	_	
1-41	195-202	welches	_	_	_	
1-42	202-203	,	_	_	_	
1-43	204-207	wie	_	_	_	
1-44	208-210	es	_	_	_	
1-45	211-213	in	_	_	_	
1-46	214-217	die	_	_	_	
1-47	218-227	Schuͤſſel	_	_	_	
1-48	228-234	faͤllt	_	_	_	
1-49	234-235	,	_	_	_	
1-50	236-244	geſtehet	_	_	_	
1-51	244-245	.	_	_	_	

#Text=Auch kan
#Text=man aus den Mußkaten ein klares ſtaꝛck-
#Text=riechendes Oel diſtilliren, welches eben
#Text=die Tugenden hat, wie das ausgepreßte,
#Text=allein es kommt um ein gutes hoͤher.
2-1	246-250	Auch	_	_	_	
2-2	251-254	kan	_	_	_	
2-3	255-258	man	_	_	_	
2-4	259-262	aus	_	_	_	
2-5	263-266	den	_	_	_	
2-6	267-275	Mußkaten	_	_	_	
2-7	276-279	ein	_	_	_	
2-8	280-286	klares	_	_	_	
2-9	287-293	ſtaꝛck	Quality	_	_	
2-10	293-294	-	_	_	_	
2-11	295-305	riechendes	Smell\_Word	*|*	2-12|2-9	
2-12	306-309	Oel	Smell\_Source	_	_	
2-13	310-321	diſtilliren	_	_	_	
2-14	321-322	,	_	_	_	
2-15	323-330	welches	_	_	_	
2-16	331-335	eben	_	_	_	
2-17	336-339	die	_	_	_	
2-18	340-348	Tugenden	_	_	_	
2-19	349-352	hat	_	_	_	
2-20	352-353	,	_	_	_	
2-21	354-357	wie	_	_	_	
2-22	358-361	das	_	_	_	
2-23	362-373	ausgepreßte	_	_	_	
2-24	373-374	,	_	_	_	
2-25	375-381	allein	_	_	_	
2-26	382-384	es	_	_	_	
2-27	385-390	kommt	_	_	_	
2-28	391-393	um	_	_	_	
2-29	394-397	ein	_	_	_	
2-30	398-403	gutes	_	_	_	
2-31	404-410	hoͤher	_	_	_	
2-32	410-411	.	_	_	_	

#Text=Diſtillirt
#Text=
#Text=Mußkatenoͤl.
3-1	415-425	Diſtillirt	_	_	_	
3-2	427-438	Mußkatenoͤl	_	_	_	
3-3	438-439	.	_	_	_	

#Text=Das eine und das andere haben treff-
#Text=liche Eigenſchaften, ſie moͤgen innerlich
#Text=oder aͤuſſerlich gebrauchet werden, ſinte-
#Text=mahl ſie den Magen uͤber alle maſſen
#Text=ſtaͤrcken.
4-1	441-444	Das	_	_	_	
4-2	445-449	eine	_	_	_	
4-3	450-453	und	_	_	_	
4-4	454-457	das	_	_	_	
4-5	458-464	andere	_	_	_	
4-6	465-470	haben	_	_	_	
4-7	471-476	treff	_	_	_	
4-8	476-477	-	_	_	_	
4-9	478-483	liche	_	_	_	
4-10	484-497	Eigenſchaften	_	_	_	
4-11	497-498	,	_	_	_	
4-12	499-502	ſie	_	_	_	
4-13	503-509	moͤgen	_	_	_	
4-14	510-519	innerlich	_	_	_	
4-15	520-524	oder	_	_	_	
4-16	525-536	aͤuſſerlich	_	_	_	
4-17	537-547	gebrauchet	_	_	_	
4-18	548-554	werden	_	_	_	
4-19	554-555	,	_	_	_	
4-20	556-561	ſinte	_	_	_	
4-21	561-562	-	_	_	_	
4-22	563-567	mahl	_	_	_	
4-23	568-571	ſie	_	_	_	
4-24	572-575	den	_	_	_	
4-25	576-581	Magen	_	_	_	
4-26	582-587	uͤber	_	_	_	
4-27	588-592	alle	_	_	_	
4-28	593-599	maſſen	_	_	_	
4-29	600-609	ſtaͤrcken	_	_	_	
4-30	609-610	.	_	_	_	

#Text=Was die Macis belanget, welche der
#Text=Schale, die die Nuß beſchließt, zur Decke
#Text=dienet, dieſelbe ſoll man ausſuchen,
#Text=wenn ſie fein breitblaͤttricht, und recht
#Text=hoch von Farbe iſt, auch ſo wenig kleine
#Text=Stuͤcklein, als immer moͤglich, darun-
#Text=ter zu befinden:
#Text=ſie ſoll ingleichen
#Text=einen
#Text=heiſſen und ſtarcken aromatiſchen Ge-
#Text=ſchmack haben.
5-1	614-617	Was	_	_	_	
5-2	618-621	die	_	_	_	
5-3	622-627	Macis	_	_	_	
5-4	628-636	belanget	_	_	_	
5-5	636-637	,	_	_	_	
5-6	638-644	welche	_	_	_	
5-7	645-648	der	_	_	_	
5-8	649-655	Schale	_	_	_	
5-9	655-656	,	_	_	_	
5-10	657-660	die	_	_	_	
5-11	661-664	die	_	_	_	
5-12	665-668	Nuß	_	_	_	
5-13	669-679	beſchließt	_	_	_	
5-14	679-680	,	_	_	_	
5-15	681-684	zur	_	_	_	
5-16	685-690	Decke	_	_	_	
5-17	691-697	dienet	_	_	_	
5-18	697-698	,	_	_	_	
5-19	699-707	dieſelbe	_	_	_	
5-20	708-712	ſoll	_	_	_	
5-21	713-716	man	_	_	_	
5-22	717-726	ausſuchen	_	_	_	
5-23	726-727	,	_	_	_	
5-24	728-732	wenn	_	_	_	
5-25	733-736	ſie	_	_	_	
5-26	737-741	fein	_	_	_	
5-27	742-758	breitblaͤttricht	_	_	_	
5-28	758-759	,	_	_	_	
5-29	760-763	und	_	_	_	
5-30	764-769	recht	_	_	_	
5-31	770-774	hoch	_	_	_	
5-32	775-778	von	_	_	_	
5-33	779-784	Farbe	_	_	_	
5-34	785-788	iſt	_	_	_	
5-35	788-789	,	_	_	_	
5-36	790-794	auch	_	_	_	
5-37	795-797	ſo	_	_	_	
5-38	798-803	wenig	_	_	_	
5-39	804-810	kleine	_	_	_	
5-40	811-821	Stuͤcklein	_	_	_	
5-41	821-822	,	_	_	_	
5-42	823-826	als	_	_	_	
5-43	827-832	immer	_	_	_	
5-44	833-841	moͤglich	_	_	_	
5-45	841-842	,	_	_	_	
5-46	843-848	darun	_	_	_	
5-47	848-849	-	_	_	_	
5-48	850-853	ter	_	_	_	
5-49	854-856	zu	_	_	_	
5-50	857-865	befinden	_	_	_	
5-51	865-866	:	_	_	_	
5-52	867-870	ſie	_	_	_	
5-53	871-875	ſoll	_	_	_	
5-54	876-886	ingleichen	_	_	_	
5-55	887-892	einen	_	_	_	
5-56	893-900	heiſſen	_	_	_	
5-57	901-904	und	_	_	_	
5-58	905-913	ſtarcken	_	_	_	
5-59	914-926	aromatiſchen	_	_	_	
5-60	927-929	Ge	_	_	_	
5-61	929-930	-	_	_	_	
5-62	931-938	ſchmack	_	_	_	
5-63	939-944	haben	_	_	_	
5-64	944-945	.	_	_	_	

#Text=Es verſichern etliche,
#Text=daß die Macis, wenn ſie noch gantz
#Text=friſch, und erſt neulich von der aͤuſſerſten
#Text=Schale entbloͤſet worden, roth, als wie
#Text=Scharlach ſehe;
#Text=ie aͤlter ſie aber werde,
#Text=te mehr verliehre ſie die Farbe, und wer-
#Text=de endlich gantz weiß.
6-1	946-948	Es	_	_	_	
6-2	949-959	verſichern	_	_	_	
6-3	960-967	etliche	_	_	_	
6-4	967-968	,	_	_	_	
6-5	969-972	daß	_	_	_	
6-6	973-976	die	_	_	_	
6-7	977-982	Macis	_	_	_	
6-8	982-983	,	_	_	_	
6-9	984-988	wenn	_	_	_	
6-10	989-992	ſie	_	_	_	
6-11	993-997	noch	_	_	_	
6-12	998-1003	gantz	_	_	_	
6-13	1004-1010	friſch	_	_	_	
6-14	1010-1011	,	_	_	_	
6-15	1012-1015	und	_	_	_	
6-16	1016-1020	erſt	_	_	_	
6-17	1021-1028	neulich	_	_	_	
6-18	1029-1032	von	_	_	_	
6-19	1033-1036	der	_	_	_	
6-20	1037-1048	aͤuſſerſten	_	_	_	
6-21	1049-1055	Schale	_	_	_	
6-22	1056-1066	entbloͤſet	_	_	_	
6-23	1067-1073	worden	_	_	_	
6-24	1073-1074	,	_	_	_	
6-25	1075-1079	roth	_	_	_	
6-26	1079-1080	,	_	_	_	
6-27	1081-1084	als	_	_	_	
6-28	1085-1088	wie	_	_	_	
6-29	1089-1098	Scharlach	_	_	_	
6-30	1099-1103	ſehe	_	_	_	
6-31	1103-1104	;	_	_	_	
6-32	1105-1107	ie	_	_	_	
6-33	1108-1114	aͤlter	_	_	_	
6-34	1115-1118	ſie	_	_	_	
6-35	1119-1123	aber	_	_	_	
6-36	1124-1129	werde	_	_	_	
6-37	1129-1130	,	_	_	_	
6-38	1131-1133	te	_	_	_	
6-39	1134-1138	mehr	_	_	_	
6-40	1139-1148	verliehre	_	_	_	
6-41	1149-1152	ſie	_	_	_	
6-42	1153-1156	die	_	_	_	
6-43	1157-1162	Farbe	_	_	_	
6-44	1162-1163	,	_	_	_	
6-45	1164-1167	und	_	_	_	
6-46	1168-1171	wer	_	_	_	
6-47	1171-1172	-	_	_	_	
6-48	1173-1175	de	_	_	_	
6-49	1176-1183	endlich	_	_	_	
6-50	1184-1189	gantz	_	_	_	
6-51	1190-1194	weiß	_	_	_	
6-52	1194-1195	.	_	_	_	

#Text=Man kan aus der Macis ebenfalls
#Text=wie aus den Mußkatnuͤſſen ein
#Text=Oel preſ-
#Text=ſen und diſtilliren.
7-1	1199-1202	Man	_	_	_	
7-2	1203-1206	kan	_	_	_	
7-3	1207-1210	aus	_	_	_	
7-4	1211-1214	der	_	_	_	
7-5	1215-1220	Macis	_	_	_	
7-6	1221-1230	ebenfalls	_	_	_	
7-7	1231-1234	wie	_	_	_	
7-8	1235-1238	aus	_	_	_	
7-9	1239-1242	den	_	_	_	
7-10	1243-1256	Mußkatnuͤſſen	_	_	_	
7-11	1257-1260	ein	_	_	_	
7-12	1261-1264	Oel	_	_	_	
7-13	1265-1269	preſ	_	_	_	
7-14	1269-1270	-	_	_	_	
7-15	1271-1274	ſen	_	_	_	
7-16	1275-1278	und	_	_	_	
7-17	1279-1290	diſtilliren	_	_	_	
7-18	1290-1291	.	_	_	_	

#Text=Allein, weil ſie bey-
#Text=de viel hoͤher zu ſtehen kommen, als die-
#Text=jenigen, die von den Nuͤſſen bereitet wer-
#Text=den, deshalben macht man auch ſo we-
#Text=nig, ob ſie gleich uͤber die maſſen herr-
#Text=liche Eigenſchaften bey ſich fuͤhren.
8-1	1292-1298	Allein	_	_	_	
8-2	1298-1299	,	_	_	_	
8-3	1300-1304	weil	_	_	_	
8-4	1305-1308	ſie	_	_	_	
8-5	1309-1312	bey	_	_	_	
8-6	1312-1313	-	_	_	_	
8-7	1314-1316	de	_	_	_	
8-8	1317-1321	viel	_	_	_	
8-9	1322-1328	hoͤher	_	_	_	
8-10	1329-1331	zu	_	_	_	
8-11	1332-1338	ſtehen	_	_	_	
8-12	1339-1345	kommen	_	_	_	
8-13	1345-1346	,	_	_	_	
8-14	1347-1350	als	_	_	_	
8-15	1351-1354	die	_	_	_	
8-16	1354-1355	-	_	_	_	
8-17	1356-1363	jenigen	_	_	_	
8-18	1363-1364	,	_	_	_	
8-19	1365-1368	die	_	_	_	
8-20	1369-1372	von	_	_	_	
8-21	1373-1376	den	_	_	_	
8-22	1377-1384	Nuͤſſen	_	_	_	
8-23	1385-1393	bereitet	_	_	_	
8-24	1394-1397	wer	_	_	_	
8-25	1397-1398	-	_	_	_	
8-26	1399-1402	den	_	_	_	
8-27	1402-1403	,	_	_	_	
8-28	1404-1413	deshalben	_	_	_	
8-29	1414-1419	macht	_	_	_	
8-30	1420-1423	man	_	_	_	
8-31	1424-1428	auch	_	_	_	
8-32	1429-1431	ſo	_	_	_	
8-33	1432-1434	we	_	_	_	
8-34	1434-1435	-	_	_	_	
8-35	1436-1439	nig	_	_	_	
8-36	1439-1440	,	_	_	_	
8-37	1441-1443	ob	_	_	_	
8-38	1444-1447	ſie	_	_	_	
8-39	1448-1454	gleich	_	_	_	
8-40	1455-1460	uͤber	_	_	_	
8-41	1461-1464	die	_	_	_	
8-42	1465-1471	maſſen	_	_	_	
8-43	1472-1476	herr	_	_	_	
8-44	1476-1477	-	_	_	_	
8-45	1478-1483	liche	_	_	_	
8-46	1484-1497	Eigenſchaften	_	_	_	
8-47	1498-1501	bey	_	_	_	
8-48	1502-1506	ſich	_	_	_	
8-49	1507-1514	fuͤhren	_	_	_	
8-50	1514-1515	.	_	_	_	

#Text=Mußkatblu-
#Text=men Oel.
9-1	1519-1528	Mußkatblu	_	_	_	
9-2	1528-1529	-	_	_	_	
9-3	1530-1533	men	_	_	_	
9-4	1534-1537	Oel	_	_	_	
9-5	1537-1538	.	_	_	_	

#Text=Was die Rinde, den Stamm und die
#Text=Aeſte des Mußkatenbaums betrifft, da
#Text=verdient das wenige, das davon verthan
10-1	1540-1543	Was	_	_	_	
10-2	1544-1547	die	_	_	_	
10-3	1548-1553	Rinde	_	_	_	
10-4	1553-1554	,	_	_	_	
10-5	1555-1558	den	_	_	_	
10-6	1559-1564	Stamm	_	_	_	
10-7	1565-1568	und	_	_	_	
10-8	1569-1572	die	_	_	_	
10-9	1573-1578	Aeſte	_	_	_	
10-10	1579-1582	des	_	_	_	
10-11	1583-1596	Mußkatenbaums	_	_	_	
10-12	1597-1605	betrifft	_	_	_	
10-13	1605-1606	,	_	_	_	
10-14	1607-1609	da	_	_	_	
10-15	1610-1618	verdient	_	_	_	
10-16	1619-1622	das	_	_	_	
10-17	1623-1629	wenige	_	_	_	
10-18	1629-1630	,	_	_	_	
10-19	1631-1634	das	_	_	_	
10-20	1635-1640	davon	_	_	_	
10-21	1641-1648	verthan	_	_	_	
