#FORMAT=WebAnno TSV 3.3


#Text=’
#Text=
#Text=‘
#Text=God zij geloofd!
1-1	2-3	’	
1-2	5-6	‘	
1-3	7-10	God	
1-4	11-14	zij	
1-5	15-22	geloofd	
1-6	22-23	!	

#Text=’ riep mevrouw van Stralen in dankbare vervoering uit, terwijl
#Text=zij Hendrik's hand in de hare nam en die hartelijk drukte.
2-1	24-25	’	
2-2	26-30	riep	
2-3	31-38	mevrouw	
2-4	39-42	van	
2-5	43-50	Stralen	
2-6	51-53	in	
2-7	54-62	dankbare	
2-8	63-73	vervoering	
2-9	74-77	uit	
2-10	77-78	,	
2-11	79-86	terwijl	
2-12	87-90	zij	
2-13	91-100	Hendrik's	
2-14	101-105	hand	
2-15	106-108	in	
2-16	109-111	de	
2-17	112-116	hare	
2-18	117-120	nam	
2-19	121-123	en	
2-20	124-127	die	
2-21	128-137	hartelijk	
2-22	138-144	drukte	
2-23	144-145	.	

#Text=‘O gij weet niet, hoe gij
#Text=mij het hart verheugt.
3-1	146-147	‘	
3-2	147-148	O	
3-3	149-152	gij	
3-4	153-157	weet	
3-5	158-162	niet	
3-6	162-163	,	
3-7	164-167	hoe	
3-8	168-171	gij	
3-9	172-175	mij	
3-10	176-179	het	
3-11	180-184	hart	
3-12	185-193	verheugt	
3-13	193-194	.	

#Text=Gij hebt dus geene twijfelingen meer; maar nu dan ook, Hendrik,
#Text=den somberen trek op uw gelaat verwisseld met die blijmoedigheid, waarmede uw
#Text=overtuiging u vervullen kan.
#Text=’
#Text=
#Text=Pijnlijk oogenblik voor Hendrik, die, in zich zelven gekeerd, te laat inzag, dat hij
#Text=eene hoogstonvoorzigtige uitdrukking gebezigd had.
4-1	195-198	Gij	
4-2	199-203	hebt	
4-3	204-207	dus	
4-4	208-213	geene	
4-5	214-226	twijfelingen	
4-6	227-231	meer	
4-7	231-232	;	
4-8	233-237	maar	
4-9	238-240	nu	
4-10	241-244	dan	
4-11	245-248	ook	
4-12	248-249	,	
4-13	250-257	Hendrik	
4-14	257-258	,	
4-15	259-262	den	
4-16	263-271	somberen	
4-17	272-276	trek	
4-18	277-279	op	
4-19	280-282	uw	
4-20	283-289	gelaat	
4-21	290-300	verwisseld	
4-22	301-304	met	
4-23	305-308	die	
4-24	309-323	blijmoedigheid	
4-25	323-324	,	
4-26	325-333	waarmede	
4-27	334-336	uw	
4-28	337-348	overtuiging	
4-29	349-350	u	
4-30	351-360	vervullen	
4-31	361-364	kan	
4-32	364-365	.	
4-33	366-367	’	
4-34	369-377	Pijnlijk	
4-35	378-387	oogenblik	
4-36	388-392	voor	
4-37	393-400	Hendrik	
4-38	400-401	,	
4-39	402-405	die	
4-40	405-406	,	
4-41	407-409	in	
4-42	410-414	zich	
4-43	415-421	zelven	
4-44	422-429	gekeerd	
4-45	429-430	,	
4-46	431-433	te	
4-47	434-438	laat	
4-48	439-444	inzag	
4-49	444-445	,	
4-50	446-449	dat	
4-51	450-453	hij	
4-52	454-458	eene	
4-53	459-478	hoogstonvoorzigtige	
4-54	479-490	uitdrukking	
4-55	491-499	gebezigd	
4-56	500-503	had	
4-57	503-504	.	

#Text=Een hevige kamp had er in zijn
#Text=binnenste plaats.
5-1	505-508	Een	
5-2	509-515	hevige	
5-3	516-520	kamp	
5-4	521-524	had	
5-5	525-527	er	
5-6	528-530	in	
5-7	531-535	zijn	
5-8	536-545	binnenste	
5-9	546-552	plaats	
5-10	552-553	.	

#Text=De opregtheid eischte eene open verklaring, kinderliefde zag er
#Text=tegen op het hart eener moeder op eens zoo wreed te breken.
6-1	554-556	De	
6-2	557-567	opregtheid	
6-3	568-575	eischte	
6-4	576-580	eene	
6-5	581-585	open	
6-6	586-596	verklaring	
6-7	596-597	,	
6-8	598-610	kinderliefde	
6-9	611-614	zag	
6-10	615-617	er	
6-11	618-623	tegen	
6-12	624-626	op	
6-13	627-630	het	
6-14	631-635	hart	
6-15	636-641	eener	
6-16	642-648	moeder	
6-17	649-651	op	
6-18	652-656	eens	
6-19	657-660	zoo	
6-20	661-666	wreed	
6-21	667-669	te	
6-22	670-676	breken	
6-23	676-677	.	

#Text=Zacht liet hij de hand
#Text=zijner moeder los, en met nog bleeker gelaat en niet zonder eenige trilling in zijne
#Text=stem, sprak hij op zoo veel mogelijk luchtigen, maar in het oor zijner moeder dof
#Text=klinkenden toon:
#Text=‘
#Text=Bedenk wel, lieve moeder, dat het ontnemen van twijfelingen tot
#Text=vaster overtuiging kan leiden.
#Text=’
#Text=
#Text=‘
#Text=En zou ik mij daarover niet verheugen?
7-1	678-683	Zacht	
7-2	684-688	liet	
7-3	689-692	hij	
7-4	693-695	de	
7-5	696-700	hand	
7-6	701-707	zijner	
7-7	708-714	moeder	
7-8	715-718	los	
7-9	718-719	,	
7-10	720-722	en	
7-11	723-726	met	
7-12	727-730	nog	
7-13	731-738	bleeker	
7-14	739-745	gelaat	
7-15	746-748	en	
7-16	749-753	niet	
7-17	754-760	zonder	
7-18	761-767	eenige	
7-19	768-776	trilling	
7-20	777-779	in	
7-21	780-785	zijne	
7-22	786-790	stem	
7-23	790-791	,	
7-24	792-797	sprak	
7-25	798-801	hij	
7-26	802-804	op	
7-27	805-808	zoo	
7-28	809-813	veel	
7-29	814-822	mogelijk	
7-30	823-832	luchtigen	
7-31	832-833	,	
7-32	834-838	maar	
7-33	839-841	in	
7-34	842-845	het	
7-35	846-849	oor	
7-36	850-856	zijner	
7-37	857-863	moeder	
7-38	864-867	dof	
7-39	868-878	klinkenden	
7-40	879-883	toon	
7-41	883-884	:	
7-42	885-886	‘	
7-43	887-893	Bedenk	
7-44	894-897	wel	
7-45	897-898	,	
7-46	899-904	lieve	
7-47	905-911	moeder	
7-48	911-912	,	
7-49	913-916	dat	
7-50	917-920	het	
7-51	921-929	ontnemen	
7-52	930-933	van	
7-53	934-946	twijfelingen	
7-54	947-950	tot	
7-55	951-957	vaster	
7-56	958-969	overtuiging	
7-57	970-973	kan	
7-58	974-980	leiden	
7-59	980-981	.	
7-60	982-983	’	
7-61	985-986	‘	
7-62	987-989	En	
7-63	990-993	zou	
7-64	994-996	ik	
7-65	997-1000	mij	
7-66	1001-1009	daarover	
7-67	1010-1014	niet	
7-68	1015-1024	verheugen	
7-69	1024-1025	?	

#Text=’
#Text=‘
#Text=Misschien hebt gij met uw overtuiging daar minder reden toe.
#Text=’
#Text=
#Text=‘
8-1	1026-1027	’	
8-2	1028-1029	‘	
8-3	1030-1039	Misschien	
8-4	1040-1044	hebt	
8-5	1045-1048	gij	
8-6	1049-1052	met	
8-7	1053-1055	uw	
8-8	1056-1067	overtuiging	
8-9	1068-1072	daar	
8-10	1073-1079	minder	
8-11	1080-1085	reden	
8-12	1086-1089	toe	
8-13	1089-1090	.	
8-14	1091-1092	’	
8-15	1094-1095	‘	
