{"_context" : {
    "_types" : {
      "DocumentMetaData" : {
        "_feature_types" : {"sofa" : "_ref" } }, 
      "Relation" : {
        "_feature_types" : {"sofa" : "_ref",  "Dependent" : "_ref",  "Governor" : "_ref" } }, 
      "Sentence" : {
        "_feature_types" : {"sofa" : "_ref" } }, 
      "Sofa" : {
        "_feature_types" : {"sofaArray" : "_ref" } }, 
      "Span" : {
        "_feature_types" : {"sofa" : "_ref" } }, 
      "TagsetDescription" : {
        "_feature_types" : {"sofa" : "_ref",  "tags" : "_ref" } }, 
      "Token" : {
        "_feature_types" : {"sofa" : "_ref",  "parent" : "_ref",  "lemma" : "_ref",  "stem" : "_ref",  "pos" : "_ref",  "morph" : "_ref",  "form" : "_ref" } }, 
      "DocumentAnnotation" : {
        "_feature_types" : {"sofa" : "_ref" }, 
        "_subtypes" : ["DocumentMetaData" ] }, 
      "Annotation" : {
        "_feature_types" : {"sofa" : "_ref" }, 
        "_subtypes" : ["DocumentAnnotation",  "Relation",  "Sentence",  "Span",  "TagsetDescription",  "Token" ] }, 
      "AnnotationBase" : {
        "_feature_types" : {"sofa" : "_ref" }, 
        "_subtypes" : ["Annotation" ] }, 
      "TOP" : {
        "_subtypes" : ["AnnotationBase",  "Sofa" ] } } }, 
  "_views" : {
    "_InitialView" : {
      "Relation" : [
        {"sofa" : 1,  "begin" : 804,  "end" : 809,  "Dependent" : 9998,  "Governor" : 10003 }, 
        {"sofa" : 1,  "begin" : 804,  "end" : 809,  "Dependent" : 9998,  "Governor" : 10020 }, 
        {"sofa" : 1,  "begin" : 985,  "end" : 990,  "Dependent" : 10032,  "Governor" : 10037 }, 
        {"sofa" : 1,  "begin" : 985,  "end" : 990,  "Dependent" : 10032,  "Governor" : 10054 }, 
        {"sofa" : 1,  "begin" : 985,  "end" : 990,  "Dependent" : 10032,  "Governor" : 10071 }, 
        {"sofa" : 1,  "begin" : 985,  "end" : 990,  "Dependent" : 10032,  "Governor" : 10066 }, 
        {"sofa" : 1,  "begin" : 1038,  "end" : 1042,  "Dependent" : 10095,  "Governor" : 9998,  "label" : "Anaphoric" }, 
        {"sofa" : 1,  "begin" : 1038,  "end" : 1042,  "Dependent" : 10095,  "Governor" : 10107 }, 
        {"sofa" : 1,  "begin" : 1038,  "end" : 1042,  "Dependent" : 10095,  "Governor" : 10119 }, 
        {"sofa" : 1,  "begin" : 1038,  "end" : 1042,  "Dependent" : 10095,  "Governor" : 10124 }, 
        {"sofa" : 1,  "begin" : 1038,  "end" : 1042,  "Dependent" : 10095,  "Governor" : 10143 }, 
        {"sofa" : 1,  "begin" : 1038,  "end" : 1042,  "Dependent" : 10095,  "Governor" : 10155 }, 
        {"sofa" : 1,  "begin" : 1038,  "end" : 1042,  "Dependent" : 10095,  "Governor" : 10160 }, 
        {"sofa" : 1,  "begin" : 1332,  "end" : 1337,  "Dependent" : 10090,  "Governor" : 10179 }, 
        {"sofa" : 1,  "begin" : 1332,  "end" : 1337,  "Dependent" : 10090,  "Governor" : 10196 }, 
        {"sofa" : 1,  "begin" : 1741,  "end" : 1746,  "Dependent" : 10208,  "Governor" : 10213 }, 
        {"sofa" : 1,  "begin" : 1741,  "end" : 1746,  "Dependent" : 10208,  "Governor" : 10218 }, 
        {"sofa" : 1,  "begin" : 1741,  "end" : 1746,  "Dependent" : 10208,  "Governor" : 10223 }, 
        {"sofa" : 1,  "begin" : 1741,  "end" : 1746,  "Dependent" : 10208,  "Governor" : 10233 }, 
        {"sofa" : 1,  "begin" : 1932,  "end" : 1937,  "Dependent" : 10382,  "Governor" : 10387 }, 
        {"sofa" : 1,  "begin" : 1932,  "end" : 1937,  "Dependent" : 10382,  "Governor" : 10399 }, 
        {"sofa" : 1,  "begin" : 1932,  "end" : 1937,  "Dependent" : 10382,  "Governor" : 10411 }, 
        {"sofa" : 1,  "begin" : 1932,  "end" : 1937,  "Dependent" : 10382,  "Governor" : 10471 }, 
        {"sofa" : 1,  "begin" : 2035,  "end" : 2039,  "Dependent" : 10423,  "Governor" : 10382,  "label" : "Anaphoric" }, 
        {"sofa" : 1,  "begin" : 2035,  "end" : 2039,  "Dependent" : 10423,  "Governor" : 10435 }, 
        {"sofa" : 1,  "begin" : 2035,  "end" : 2039,  "Dependent" : 10423,  "Governor" : 10447 }, 
        {"sofa" : 1,  "begin" : 2035,  "end" : 2039,  "Dependent" : 10423,  "Governor" : 10459 }, 
        {"sofa" : 1,  "begin" : 2162,  "end" : 2167,  "Dependent" : 10266,  "Governor" : 10271 }, 
        {"sofa" : 1,  "begin" : 2162,  "end" : 2167,  "Dependent" : 10266,  "Governor" : 10283 }, 
        {"sofa" : 1,  "begin" : 2203,  "end" : 2209,  "Dependent" : 10295,  "Governor" : 10300 }, 
        {"sofa" : 1,  "begin" : 2203,  "end" : 2209,  "Dependent" : 10295,  "Governor" : 10312 }, 
        {"sofa" : 1,  "begin" : 2222,  "end" : 2227,  "Dependent" : 10324,  "Governor" : 10329 }, 
        {"sofa" : 1,  "begin" : 2222,  "end" : 2227,  "Dependent" : 10324,  "Governor" : 10341 }, 
        {"sofa" : 1,  "begin" : 2222,  "end" : 2227,  "Dependent" : 10324,  "Governor" : 10346 }, 
        {"sofa" : 1,  "begin" : 2424,  "end" : 2429,  "Dependent" : 10365,  "Governor" : 10370 }, 
        {"sofa" : 1,  "begin" : 2540,  "end" : 2542,  "Dependent" : 10493,  "Governor" : 10365,  "label" : "Anaphoric" }, 
        {"sofa" : 1,  "begin" : 2540,  "end" : 2542,  "Dependent" : 10493,  "Governor" : 10488 }, 
        {"sofa" : 1,  "begin" : 2540,  "end" : 2542,  "Dependent" : 10493,  "Governor" : 10512 }, 
        {"sofa" : 1,  "begin" : 2639,  "end" : 2644,  "Dependent" : 10483,  "Governor" : 10524 }, 
        {"sofa" : 1,  "begin" : 2701,  "end" : 2706,  "Dependent" : 10536,  "Governor" : 10541 }, 
        {"sofa" : 1,  "begin" : 2701,  "end" : 2706,  "Dependent" : 10536,  "Governor" : 10546 }, 
        {"sofa" : 1,  "begin" : 2701,  "end" : 2706,  "Dependent" : 10536,  "Governor" : 10565 }, 
        {"sofa" : 1,  "begin" : 2701,  "end" : 2706,  "Dependent" : 10536,  "Governor" : 10577 }, 
        {"sofa" : 1,  "begin" : 2843,  "end" : 2847,  "Dependent" : 10589,  "Governor" : 10536,  "label" : "Anaphoric" }, 
        {"sofa" : 1,  "begin" : 2843,  "end" : 2847,  "Dependent" : 10589,  "Governor" : 10601 }, 
        {"sofa" : 1,  "begin" : 2843,  "end" : 2847,  "Dependent" : 10589,  "Governor" : 10618 }, 
        {"sofa" : 1,  "begin" : 2843,  "end" : 2847,  "Dependent" : 10589,  "Governor" : 10613 }, 
        {"sofa" : 1,  "begin" : 3154,  "end" : 3160,  "Dependent" : 10637,  "Governor" : 10642 }, 
        {"sofa" : 1,  "begin" : 3154,  "end" : 3160,  "Dependent" : 10637,  "Governor" : 10654 }, 
        {"sofa" : 1,  "begin" : 3154,  "end" : 3160,  "Dependent" : 10637,  "Governor" : 10666 }, 
        {"sofa" : 1,  "begin" : 3154,  "end" : 3160,  "Dependent" : 10637,  "Governor" : 10671 }, 
        {"sofa" : 1,  "begin" : 3154,  "end" : 3160,  "Dependent" : 10637,  "Governor" : 10676 }, 
        {"sofa" : 1,  "begin" : 3365,  "end" : 3371,  "Dependent" : 10702,  "Governor" : 10707 }, 
        {"sofa" : 1,  "begin" : 3365,  "end" : 3371,  "Dependent" : 10702,  "Governor" : 10719 }, 
        {"sofa" : 1,  "begin" : 3513,  "end" : 3519,  "Dependent" : 10731,  "Governor" : 10736 }, 
        {"sofa" : 1,  "begin" : 3513,  "end" : 3519,  "Dependent" : 10731,  "Governor" : 10748 }, 
        {"sofa" : 1,  "begin" : 3513,  "end" : 3519,  "Dependent" : 10731,  "Governor" : 10753 }, 
        {"sofa" : 1,  "begin" : 3513,  "end" : 3519,  "Dependent" : 10731,  "Governor" : 10758 }, 
        {"sofa" : 1,  "begin" : 3513,  "end" : 3519,  "Dependent" : 10731,  "Governor" : 10763 }, 
        {"sofa" : 1,  "begin" : 3513,  "end" : 3519,  "Dependent" : 10731,  "Governor" : 10768 }, 
        {"sofa" : 1,  "begin" : 3513,  "end" : 3519,  "Dependent" : 10731,  "Governor" : 10808 }, 
        {"sofa" : 1,  "begin" : 3735,  "end" : 3740,  "Dependent" : 10818,  "Governor" : 10813 }, 
        {"sofa" : 1,  "begin" : 3735,  "end" : 3740,  "Dependent" : 10818,  "Governor" : 10830 }, 
        {"sofa" : 1,  "begin" : 3735,  "end" : 3740,  "Dependent" : 10818,  "Governor" : 10842 }, 
        {"sofa" : 1,  "begin" : 3971,  "end" : 3977,  "Dependent" : 10859,  "Governor" : 10854 }, 
        {"sofa" : 1,  "begin" : 3971,  "end" : 3977,  "Dependent" : 10859,  "Governor" : 10871 }, 
        {"sofa" : 1,  "begin" : 3971,  "end" : 3977,  "Dependent" : 10859,  "Governor" : 10883 }, 
        {"sofa" : 1,  "begin" : 3971,  "end" : 3977,  "Dependent" : 10859,  "Governor" : 10895 } ], 
      "Span" : [
        {"sofa" : 1,  "begin" : 749,  "end" : 755,  "label" : "Smell_Word" },  10003,  9998,  10020,  10066,  10071,  10037,  10032,  10054,  10095,  10107,  10119,  10124,  10143,  10155,  10160,  10090,  10179,  10196,  10208,  10213,  10218,  10223,  10233,  10399,  10382,  10387,  10411,  10471,  10423,  10435,  10447,  10459,  10271,  10266,  10283,  10295,  10300,  10312,  10324,  10329,  10341,  10346,  10370,  10365,  10493,  10488,  10512,  10483,  10524,  10536,  10541,  10546,  10565,  10577,  10589,  10601,  10613,  10618,  10654,  10642,  10637,  10666,  10671,  10676,  10707,  10702,  10719,  10808,  10736,  10731,  10748,  10753,  10758,  10763,  10768,  10830,  10813,  10818,  10842,  10883,  10871,  10854,  10859,  10895 ], 
      "DocumentMetaData" : [
        {"sofa" : 1,  "end" : 4101,  "language" : "x-unspecified",  "documentTitle" : "029E%20Edward%20Ballard%201882%20Report%20in%20respect%20of%20the%20inquiry%20as%20to%20effluvium%20nuisances_LAW.txt",  "documentId" : "satonelli",  "documentUri" : "file:/home/dhuser/alessio/inception/repository/project/29/document/8671/source/satonelli",  "collectionId" : "file:/home/dhuser/alessio/inception/repository/project/29/document/8671/source/",  "documentBaseUri" : "file:/home/dhuser/alessio/inception/repository/project/29/document/8671/source/",  "isLastSegment" : false } ], 
      "TagsetDescription" : [
        {"sofa" : 1,  "layer" : "webanno.custom.Emotions",  "name" : "Emotion Labels",  "input" : false }, 
        {"sofa" : 1,  "layer" : "custom.Relation",  "name" : "Relation labels",  "input" : false }, 
        {"sofa" : 1,  "layer" : "custom.Span",  "name" : "Smell labels",  "input" : false } ], 
      "Sentence" : [
        {"sofa" : 1,  "end" : 144 }, 
        {"sofa" : 1,  "begin" : 145,  "end" : 311 }, 
        {"sofa" : 1,  "begin" : 312,  "end" : 530 }, 
        {"sofa" : 1,  "begin" : 531,  "end" : 720 }, 
        {"sofa" : 1,  "begin" : 721,  "end" : 789 }, 
        {"sofa" : 1,  "begin" : 790,  "end" : 1037 }, 
        {"sofa" : 1,  "begin" : 1038,  "end" : 1318 }, 
        {"sofa" : 1,  "begin" : 1319,  "end" : 1439 }, 
        {"sofa" : 1,  "begin" : 1440,  "end" : 1736 }, 
        {"sofa" : 1,  "begin" : 1737,  "end" : 1843 }, 
        {"sofa" : 1,  "begin" : 1844,  "end" : 1847 }, 
        {"sofa" : 1,  "begin" : 1848,  "end" : 2147 }, 
        {"sofa" : 1,  "begin" : 2148,  "end" : 2217 }, 
        {"sofa" : 1,  "begin" : 2218,  "end" : 2387 }, 
        {"sofa" : 1,  "begin" : 2388,  "end" : 2539 }, 
        {"sofa" : 1,  "begin" : 2540,  "end" : 2683 }, 
        {"sofa" : 1,  "begin" : 2684,  "end" : 3026 }, 
        {"sofa" : 1,  "begin" : 3027,  "end" : 3280 }, 
        {"sofa" : 1,  "begin" : 3282,  "end" : 3415 }, 
        {"sofa" : 1,  "begin" : 3416,  "end" : 3622 }, 
        {"sofa" : 1,  "begin" : 3623,  "end" : 3765 }, 
        {"sofa" : 1,  "begin" : 3766,  "end" : 3827 }, 
        {"sofa" : 1,  "begin" : 3828,  "end" : 3978 }, 
        {"sofa" : 1,  "begin" : 3979,  "end" : 4100 } ], 
      "Token" : [
        {"sofa" : 1,  "end" : 3 }, 
        {"sofa" : 1,  "begin" : 4,  "end" : 17 }, 
        {"sofa" : 1,  "begin" : 18,  "end" : 20 }, 
        {"sofa" : 1,  "begin" : 21,  "end" : 24 }, 
        {"sofa" : 1,  "begin" : 25,  "end" : 32 }, 
        {"sofa" : 1,  "begin" : 33,  "end" : 42 }, 
        {"sofa" : 1,  "begin" : 43,  "end" : 52 }, 
        {"sofa" : 1,  "begin" : 53,  "end" : 59 }, 
        {"sofa" : 1,  "begin" : 60,  "end" : 64 }, 
        {"sofa" : 1,  "begin" : 65,  "end" : 69 }, 
        {"sofa" : 1,  "begin" : 70,  "end" : 72 }, 
        {"sofa" : 1,  "begin" : 73,  "end" : 76 }, 
        {"sofa" : 1,  "begin" : 77,  "end" : 79 }, 
        {"sofa" : 1,  "begin" : 80,  "end" : 84 }, 
        {"sofa" : 1,  "begin" : 85,  "end" : 90 }, 
        {"sofa" : 1,  "begin" : 91,  "end" : 102 }, 
        {"sofa" : 1,  "begin" : 103,  "end" : 106 }, 
        {"sofa" : 1,  "begin" : 107,  "end" : 109 }, 
        {"sofa" : 1,  "begin" : 110,  "end" : 113 }, 
        {"sofa" : 1,  "begin" : 114,  "end" : 118 }, 
        {"sofa" : 1,  "begin" : 119,  "end" : 130 }, 
        {"sofa" : 1,  "begin" : 131,  "end" : 133 }, 
        {"sofa" : 1,  "begin" : 134,  "end" : 143 }, 
        {"sofa" : 1,  "begin" : 143,  "end" : 144 }, 
        {"sofa" : 1,  "begin" : 145,  "end" : 147 }, 
        {"sofa" : 1,  "begin" : 148,  "end" : 157 }, 
        {"sofa" : 1,  "begin" : 158,  "end" : 167 }, 
        {"sofa" : 1,  "begin" : 168,  "end" : 171 }, 
        {"sofa" : 1,  "begin" : 172,  "end" : 184 }, 
        {"sofa" : 1,  "begin" : 185,  "end" : 187 }, 
        {"sofa" : 1,  "begin" : 188,  "end" : 198 }, 
        {"sofa" : 1,  "begin" : 199,  "end" : 201 }, 
        {"sofa" : 1,  "begin" : 202,  "end" : 205 }, 
        {"sofa" : 1,  "begin" : 206,  "end" : 211 }, 
        {"sofa" : 1,  "begin" : 212,  "end" : 222 }, 
        {"sofa" : 1,  "begin" : 223,  "end" : 228 }, 
        {"sofa" : 1,  "begin" : 229,  "end" : 233 }, 
        {"sofa" : 1,  "begin" : 234,  "end" : 238 }, 
        {"sofa" : 1,  "begin" : 239,  "end" : 248 }, 
        {"sofa" : 1,  "begin" : 249,  "end" : 252 }, 
        {"sofa" : 1,  "begin" : 253,  "end" : 256 }, 
        {"sofa" : 1,  "begin" : 257,  "end" : 268 }, 
        {"sofa" : 1,  "begin" : 269,  "end" : 271 }, 
        {"sofa" : 1,  "begin" : 272,  "end" : 281 }, 
        {"sofa" : 1,  "begin" : 282,  "end" : 286 }, 
        {"sofa" : 1,  "begin" : 287,  "end" : 292 }, 
        {"sofa" : 1,  "begin" : 293,  "end" : 295 }, 
        {"sofa" : 1,  "begin" : 296,  "end" : 300 }, 
        {"sofa" : 1,  "begin" : 301,  "end" : 310 }, 
        {"sofa" : 1,  "begin" : 310,  "end" : 311 }, 
        {"sofa" : 1,  "begin" : 312,  "end" : 315 }, 
        {"sofa" : 1,  "begin" : 316,  "end" : 320 }, 
        {"sofa" : 1,  "begin" : 321,  "end" : 328 }, 
        {"sofa" : 1,  "begin" : 329,  "end" : 338 }, 
        {"sofa" : 1,  "begin" : 339,  "end" : 341 }, 
        {"sofa" : 1,  "begin" : 342,  "end" : 354 }, 
        {"sofa" : 1,  "begin" : 355,  "end" : 357 }, 
        {"sofa" : 1,  "begin" : 358,  "end" : 362 }, 
        {"sofa" : 1,  "begin" : 363,  "end" : 367 }, 
        {"sofa" : 1,  "begin" : 368,  "end" : 370 }, 
        {"sofa" : 1,  "begin" : 371,  "end" : 375 }, 
        {"sofa" : 1,  "begin" : 376,  "end" : 381 }, 
        {"sofa" : 1,  "begin" : 382,  "end" : 386 }, 
        {"sofa" : 1,  "begin" : 387,  "end" : 391 }, 
        {"sofa" : 1,  "begin" : 392,  "end" : 394 }, 
        {"sofa" : 1,  "begin" : 395,  "end" : 402 }, 
        {"sofa" : 1,  "begin" : 403,  "end" : 405 }, 
        {"sofa" : 1,  "begin" : 406,  "end" : 415 }, 
        {"sofa" : 1,  "begin" : 416,  "end" : 420 }, 
        {"sofa" : 1,  "begin" : 421,  "end" : 427 }, 
        {"sofa" : 1,  "begin" : 428,  "end" : 433 }, 
        {"sofa" : 1,  "begin" : 434,  "end" : 439 }, 
        {"sofa" : 1,  "begin" : 440,  "end" : 443 }, 
        {"sofa" : 1,  "begin" : 444,  "end" : 450 }, 
        {"sofa" : 1,  "begin" : 451,  "end" : 453 }, 
        {"sofa" : 1,  "begin" : 454,  "end" : 457 }, 
        {"sofa" : 1,  "begin" : 458,  "end" : 464 }, 
        {"sofa" : 1,  "begin" : 465,  "end" : 467 }, 
        {"sofa" : 1,  "begin" : 468,  "end" : 472 }, 
        {"sofa" : 1,  "begin" : 472,  "end" : 473 }, 
        {"sofa" : 1,  "begin" : 474,  "end" : 477 }, 
        {"sofa" : 1,  "begin" : 478,  "end" : 480 }, 
        {"sofa" : 1,  "begin" : 481,  "end" : 488 }, 
        {"sofa" : 1,  "begin" : 489,  "end" : 491 }, 
        {"sofa" : 1,  "begin" : 492,  "end" : 499 }, 
        {"sofa" : 1,  "begin" : 500,  "end" : 509 }, 
        {"sofa" : 1,  "begin" : 510,  "end" : 512 }, 
        {"sofa" : 1,  "begin" : 513,  "end" : 521 }, 
        {"sofa" : 1,  "begin" : 522,  "end" : 524 }, 
        {"sofa" : 1,  "begin" : 525,  "end" : 529 }, 
        {"sofa" : 1,  "begin" : 529,  "end" : 530 }, 
        {"sofa" : 1,  "begin" : 531,  "end" : 532 }, 
        {"sofa" : 1,  "begin" : 533,  "end" : 541 }, 
        {"sofa" : 1,  "begin" : 542,  "end" : 544 }, 
        {"sofa" : 1,  "begin" : 545,  "end" : 548 }, 
        {"sofa" : 1,  "begin" : 549,  "end" : 554 }, 
        {"sofa" : 1,  "begin" : 555,  "end" : 560 }, 
        {"sofa" : 1,  "begin" : 561,  "end" : 565 }, 
        {"sofa" : 1,  "begin" : 566,  "end" : 569 }, 
        {"sofa" : 1,  "begin" : 570,  "end" : 576 }, 
        {"sofa" : 1,  "begin" : 577,  "end" : 579 }, 
        {"sofa" : 1,  "begin" : 580,  "end" : 585 }, 
        {"sofa" : 1,  "begin" : 586,  "end" : 591 }, 
        {"sofa" : 1,  "begin" : 592,  "end" : 594 }, 
        {"sofa" : 1,  "begin" : 595,  "end" : 603 }, 
        {"sofa" : 1,  "begin" : 604,  "end" : 608 }, 
        {"sofa" : 1,  "begin" : 608,  "end" : 609 }, 
        {"sofa" : 1,  "begin" : 610,  "end" : 613 }, 
        {"sofa" : 1,  "begin" : 614,  "end" : 618 }, 
        {"sofa" : 1,  "begin" : 619,  "end" : 626 }, 
        {"sofa" : 1,  "begin" : 627,  "end" : 631 }, 
        {"sofa" : 1,  "begin" : 632,  "end" : 635 }, 
        {"sofa" : 1,  "begin" : 636,  "end" : 642 }, 
        {"sofa" : 1,  "begin" : 643,  "end" : 645 }, 
        {"sofa" : 1,  "begin" : 646,  "end" : 650 }, 
        {"sofa" : 1,  "begin" : 650,  "end" : 651 }, 
        {"sofa" : 1,  "begin" : 652,  "end" : 657 }, 
        {"sofa" : 1,  "begin" : 658,  "end" : 660 }, 
        {"sofa" : 1,  "begin" : 661,  "end" : 665 }, 
        {"sofa" : 1,  "begin" : 666,  "end" : 670 }, 
        {"sofa" : 1,  "begin" : 671,  "end" : 674 }, 
        {"sofa" : 1,  "begin" : 675,  "end" : 682 }, 
        {"sofa" : 1,  "begin" : 683,  "end" : 690 }, 
        {"sofa" : 1,  "begin" : 691,  "end" : 698 }, 
        {"sofa" : 1,  "begin" : 699,  "end" : 702 }, 
        {"sofa" : 1,  "begin" : 703,  "end" : 707 }, 
        {"sofa" : 1,  "begin" : 708,  "end" : 711 }, 
        {"sofa" : 1,  "begin" : 712,  "end" : 714 }, 
        {"sofa" : 1,  "begin" : 715,  "end" : 719 }, 
        {"sofa" : 1,  "begin" : 719,  "end" : 720 }, 
        {"sofa" : 1,  "begin" : 721,  "end" : 723 }, 
        {"sofa" : 1,  "begin" : 724,  "end" : 726 }, 
        {"sofa" : 1,  "begin" : 727,  "end" : 736 }, 
        {"sofa" : 1,  "begin" : 737,  "end" : 739 }, 
        {"sofa" : 1,  "begin" : 740,  "end" : 748 }, 
        {"sofa" : 1,  "begin" : 749,  "end" : 755 }, 
        {"sofa" : 1,  "begin" : 756,  "end" : 762 }, 
        {"sofa" : 1,  "begin" : 763,  "end" : 765 }, 
        {"sofa" : 1,  "begin" : 766,  "end" : 769 }, 
        {"sofa" : 1,  "begin" : 770,  "end" : 773 }, 
        {"sofa" : 1,  "begin" : 774,  "end" : 776 }, 
        {"sofa" : 1,  "begin" : 777,  "end" : 788 }, 
        {"sofa" : 1,  "begin" : 788,  "end" : 789 }, 
        {"sofa" : 1,  "begin" : 790,  "end" : 793 }, 
        {"sofa" : 1,  "begin" : 794,  "end" : 803 }, 
        {"sofa" : 1,  "begin" : 804,  "end" : 809 }, 
        {"sofa" : 1,  "begin" : 810,  "end" : 820 }, 
        {"sofa" : 1,  "begin" : 821,  "end" : 825 }, 
        {"sofa" : 1,  "begin" : 826,  "end" : 840 }, 
        {"sofa" : 1,  "begin" : 841,  "end" : 846 }, 
        {"sofa" : 1,  "begin" : 846,  "end" : 847 }, 
        {"sofa" : 1,  "begin" : 848,  "end" : 852 }, 
        {"sofa" : 1,  "begin" : 853,  "end" : 858 }, 
        {"sofa" : 1,  "begin" : 859,  "end" : 861 }, 
        {"sofa" : 1,  "begin" : 862,  "end" : 867 }, 
        {"sofa" : 1,  "begin" : 868,  "end" : 874 }, 
        {"sofa" : 1,  "begin" : 875,  "end" : 882 }, 
        {"sofa" : 1,  "begin" : 883,  "end" : 886 }, 
        {"sofa" : 1,  "begin" : 887,  "end" : 891 }, 
        {"sofa" : 1,  "begin" : 892,  "end" : 896 }, 
        {"sofa" : 1,  "begin" : 897,  "end" : 899 }, 
        {"sofa" : 1,  "begin" : 900,  "end" : 904 }, 
        {"sofa" : 1,  "begin" : 905,  "end" : 911 }, 
        {"sofa" : 1,  "begin" : 911,  "end" : 912 }, 
        {"sofa" : 1,  "begin" : 913,  "end" : 916 }, 
        {"sofa" : 1,  "begin" : 917,  "end" : 921 }, 
        {"sofa" : 1,  "begin" : 922,  "end" : 923 }, 
        {"sofa" : 1,  "begin" : 924,  "end" : 930 }, 
        {"sofa" : 1,  "begin" : 931,  "end" : 932 }, 
        {"sofa" : 1,  "begin" : 932,  "end" : 933 }, 
        {"sofa" : 1,  "begin" : 934,  "end" : 940 }, 
        {"sofa" : 1,  "begin" : 941,  "end" : 946 }, 
        {"sofa" : 1,  "begin" : 947,  "end" : 949 }, 
        {"sofa" : 1,  "begin" : 949,  "end" : 950 }, 
        {"sofa" : 1,  "begin" : 951,  "end" : 958 }, 
        {"sofa" : 1,  "begin" : 958,  "end" : 959 }, 
        {"sofa" : 1,  "begin" : 960,  "end" : 962 }, 
        {"sofa" : 1,  "begin" : 963,  "end" : 974 }, 
        {"sofa" : 1,  "begin" : 975,  "end" : 979 }, 
        {"sofa" : 1,  "begin" : 980,  "end" : 984 }, 
        {"sofa" : 1,  "begin" : 985,  "end" : 990 }, 
        {"sofa" : 1,  "begin" : 991,  "end" : 993 }, 
        {"sofa" : 1,  "begin" : 994,  "end" : 997 }, 
        {"sofa" : 1,  "begin" : 998,  "end" : 1003 }, 
        {"sofa" : 1,  "begin" : 1004,  "end" : 1014 }, 
        {"sofa" : 1,  "begin" : 1015,  "end" : 1019 }, 
        {"sofa" : 1,  "begin" : 1020,  "end" : 1022 }, 
        {"sofa" : 1,  "begin" : 1023,  "end" : 1025 }, 
        {"sofa" : 1,  "begin" : 1026,  "end" : 1036 }, 
        {"sofa" : 1,  "begin" : 1036,  "end" : 1037 }, 
        {"sofa" : 1,  "begin" : 1038,  "end" : 1042 }, 
        {"sofa" : 1,  "begin" : 1043,  "end" : 1047 }, 
        {"sofa" : 1,  "begin" : 1048,  "end" : 1062 }, 
        {"sofa" : 1,  "begin" : 1063,  "end" : 1069 }, 
        {"sofa" : 1,  "begin" : 1070,  "end" : 1072 }, 
        {"sofa" : 1,  "begin" : 1073,  "end" : 1080 }, 
        {"sofa" : 1,  "begin" : 1081,  "end" : 1084 }, 
        {"sofa" : 1,  "begin" : 1085,  "end" : 1093 }, 
        {"sofa" : 1,  "begin" : 1094,  "end" : 1098 }, 
        {"sofa" : 1,  "begin" : 1099,  "end" : 1100 }, 
        {"sofa" : 1,  "begin" : 1101,  "end" : 1103 }, 
        {"sofa" : 1,  "begin" : 1104,  "end" : 1108 }, 
        {"sofa" : 1,  "begin" : 1109,  "end" : 1116 }, 
        {"sofa" : 1,  "begin" : 1117,  "end" : 1119 }, 
        {"sofa" : 1,  "begin" : 1120,  "end" : 1122 }, 
        {"sofa" : 1,  "begin" : 1123,  "end" : 1129 }, 
        {"sofa" : 1,  "begin" : 1130,  "end" : 1139 }, 
        {"sofa" : 1,  "begin" : 1139,  "end" : 1140 }, 
        {"sofa" : 1,  "begin" : 1141,  "end" : 1144 }, 
        {"sofa" : 1,  "begin" : 1145,  "end" : 1148 }, 
        {"sofa" : 1,  "begin" : 1149,  "end" : 1162 }, 
        {"sofa" : 1,  "begin" : 1163,  "end" : 1166 }, 
        {"sofa" : 1,  "begin" : 1167,  "end" : 1176 }, 
        {"sofa" : 1,  "begin" : 1177,  "end" : 1184 }, 
        {"sofa" : 1,  "begin" : 1185,  "end" : 1188 }, 
        {"sofa" : 1,  "begin" : 1189,  "end" : 1197 }, 
        {"sofa" : 1,  "begin" : 1198,  "end" : 1203 }, 
        {"sofa" : 1,  "begin" : 1204,  "end" : 1208 }, 
        {"sofa" : 1,  "begin" : 1209,  "end" : 1215 }, 
        {"sofa" : 1,  "begin" : 1216,  "end" : 1223 }, 
        {"sofa" : 1,  "begin" : 1224,  "end" : 1226 }, 
        {"sofa" : 1,  "begin" : 1227,  "end" : 1232 }, 
        {"sofa" : 1,  "begin" : 1232,  "end" : 1233 }, 
        {"sofa" : 1,  "begin" : 1234,  "end" : 1239 }, 
        {"sofa" : 1,  "begin" : 1239,  "end" : 1240 }, 
        {"sofa" : 1,  "begin" : 1241,  "end" : 1243 }, 
        {"sofa" : 1,  "begin" : 1244,  "end" : 1248 }, 
        {"sofa" : 1,  "begin" : 1248,  "end" : 1249 }, 
        {"sofa" : 1,  "begin" : 1250,  "end" : 1260 }, 
        {"sofa" : 1,  "begin" : 1261,  "end" : 1263 }, 
        {"sofa" : 1,  "begin" : 1264,  "end" : 1270 }, 
        {"sofa" : 1,  "begin" : 1270,  "end" : 1271 }, 
        {"sofa" : 1,  "begin" : 1272,  "end" : 1275 }, 
        {"sofa" : 1,  "begin" : 1276,  "end" : 1284 }, 
        {"sofa" : 1,  "begin" : 1285,  "end" : 1287 }, 
        {"sofa" : 1,  "begin" : 1288,  "end" : 1291 }, 
        {"sofa" : 1,  "begin" : 1292,  "end" : 1303 }, 
        {"sofa" : 1,  "begin" : 1304,  "end" : 1306 }, 
        {"sofa" : 1,  "begin" : 1307,  "end" : 1310 }, 
        {"sofa" : 1,  "begin" : 1311,  "end" : 1317 }, 
        {"sofa" : 1,  "begin" : 1317,  "end" : 1318 }, 
        {"sofa" : 1,  "begin" : 1319,  "end" : 1320 }, 
        {"sofa" : 1,  "begin" : 1321,  "end" : 1325 }, 
        {"sofa" : 1,  "begin" : 1326,  "end" : 1328 }, 
        {"sofa" : 1,  "begin" : 1329,  "end" : 1331 }, 
        {"sofa" : 1,  "begin" : 1332,  "end" : 1337 }, 
        {"sofa" : 1,  "begin" : 1338,  "end" : 1342 }, 
        {"sofa" : 1,  "begin" : 1343,  "end" : 1351 }, 
        {"sofa" : 1,  "begin" : 1352,  "end" : 1361 }, 
        {"sofa" : 1,  "begin" : 1362,  "end" : 1366 }, 
        {"sofa" : 1,  "begin" : 1367,  "end" : 1371 }, 
        {"sofa" : 1,  "begin" : 1372,  "end" : 1377 }, 
        {"sofa" : 1,  "begin" : 1378,  "end" : 1380 }, 
        {"sofa" : 1,  "begin" : 1381,  "end" : 1388 }, 
        {"sofa" : 1,  "begin" : 1389,  "end" : 1393 }, 
        {"sofa" : 1,  "begin" : 1394,  "end" : 1403 }, 
        {"sofa" : 1,  "begin" : 1404,  "end" : 1408 }, 
        {"sofa" : 1,  "begin" : 1409,  "end" : 1411 }, 
        {"sofa" : 1,  "begin" : 1412,  "end" : 1417 }, 
        {"sofa" : 1,  "begin" : 1418,  "end" : 1422 }, 
        {"sofa" : 1,  "begin" : 1423,  "end" : 1428 }, 
        {"sofa" : 1,  "begin" : 1429,  "end" : 1438 }, 
        {"sofa" : 1,  "begin" : 1438,  "end" : 1439 }, 
        {"sofa" : 1,  "begin" : 1440,  "end" : 1443 }, 
        {"sofa" : 1,  "begin" : 1444,  "end" : 1446 }, 
        {"sofa" : 1,  "begin" : 1447,  "end" : 1450 }, 
        {"sofa" : 1,  "begin" : 1451,  "end" : 1455 }, 
        {"sofa" : 1,  "begin" : 1456,  "end" : 1465 }, 
        {"sofa" : 1,  "begin" : 1466,  "end" : 1471 }, 
        {"sofa" : 1,  "begin" : 1472,  "end" : 1474 }, 
        {"sofa" : 1,  "begin" : 1475,  "end" : 1479 }, 
        {"sofa" : 1,  "begin" : 1480,  "end" : 1484 }, 
        {"sofa" : 1,  "begin" : 1485,  "end" : 1489 }, 
        {"sofa" : 1,  "begin" : 1490,  "end" : 1493 }, 
        {"sofa" : 1,  "begin" : 1494,  "end" : 1498 }, 
        {"sofa" : 1,  "begin" : 1499,  "end" : 1505 }, 
        {"sofa" : 1,  "begin" : 1506,  "end" : 1508 }, 
        {"sofa" : 1,  "begin" : 1509,  "end" : 1520 }, 
        {"sofa" : 1,  "begin" : 1520,  "end" : 1521 }, 
        {"sofa" : 1,  "begin" : 1522,  "end" : 1527 }, 
        {"sofa" : 1,  "begin" : 1528,  "end" : 1534 }, 
        {"sofa" : 1,  "begin" : 1535,  "end" : 1541 }, 
        {"sofa" : 1,  "begin" : 1542,  "end" : 1544 }, 
        {"sofa" : 1,  "begin" : 1545,  "end" : 1552 }, 
        {"sofa" : 1,  "begin" : 1553,  "end" : 1558 }, 
        {"sofa" : 1,  "begin" : 1558,  "end" : 1559 }, 
        {"sofa" : 1,  "begin" : 1560,  "end" : 1563 }, 
        {"sofa" : 1,  "begin" : 1564,  "end" : 1573 }, 
        {"sofa" : 1,  "begin" : 1574,  "end" : 1583 }, 
        {"sofa" : 1,  "begin" : 1583,  "end" : 1584 }, 
        {"sofa" : 1,  "begin" : 1585,  "end" : 1588 }, 
        {"sofa" : 1,  "begin" : 1589,  "end" : 1593 }, 
        {"sofa" : 1,  "begin" : 1593,  "end" : 1594 }, 
        {"sofa" : 1,  "begin" : 1595,  "end" : 1597 }, 
        {"sofa" : 1,  "begin" : 1598,  "end" : 1603 }, 
        {"sofa" : 1,  "begin" : 1604,  "end" : 1607 }, 
        {"sofa" : 1,  "begin" : 1607,  "end" : 1608 }, 
        {"sofa" : 1,  "begin" : 1608,  "end" : 1609 }, 
        {"sofa" : 1,  "begin" : 1610,  "end" : 1623 }, 
        {"sofa" : 1,  "begin" : 1624,  "end" : 1626 }, 
        {"sofa" : 1,  "begin" : 1627,  "end" : 1638 }, 
        {"sofa" : 1,  "begin" : 1638,  "end" : 1639 }, 
        {"sofa" : 1,  "begin" : 1640,  "end" : 1644 }, 
        {"sofa" : 1,  "begin" : 1645,  "end" : 1650 }, 
        {"sofa" : 1,  "begin" : 1651,  "end" : 1652 }, 
        {"sofa" : 1,  "begin" : 1653,  "end" : 1661 }, 
        {"sofa" : 1,  "begin" : 1662,  "end" : 1664 }, 
        {"sofa" : 1,  "begin" : 1665,  "end" : 1668 }, 
        {"sofa" : 1,  "begin" : 1669,  "end" : 1674 }, 
        {"sofa" : 1,  "begin" : 1675,  "end" : 1677 }, 
        {"sofa" : 1,  "begin" : 1678,  "end" : 1680 }, 
        {"sofa" : 1,  "begin" : 1681,  "end" : 1687 }, 
        {"sofa" : 1,  "begin" : 1688,  "end" : 1690 }, 
        {"sofa" : 1,  "begin" : 1691,  "end" : 1694 }, 
        {"sofa" : 1,  "begin" : 1695,  "end" : 1703 }, 
        {"sofa" : 1,  "begin" : 1704,  "end" : 1713 }, 
        {"sofa" : 1,  "begin" : 1714,  "end" : 1716 }, 
        {"sofa" : 1,  "begin" : 1717,  "end" : 1721 }, 
        {"sofa" : 1,  "begin" : 1722,  "end" : 1727 }, 
        {"sofa" : 1,  "begin" : 1728,  "end" : 1730 }, 
        {"sofa" : 1,  "begin" : 1731,  "end" : 1735 }, 
        {"sofa" : 1,  "begin" : 1735,  "end" : 1736 }, 
        {"sofa" : 1,  "begin" : 1737,  "end" : 1740 }, 
        {"sofa" : 1,  "begin" : 1741,  "end" : 1746 }, 
        {"sofa" : 1,  "begin" : 1747,  "end" : 1757 }, 
        {"sofa" : 1,  "begin" : 1758,  "end" : 1762 }, 
        {"sofa" : 1,  "begin" : 1763,  "end" : 1769 }, 
        {"sofa" : 1,  "begin" : 1770,  "end" : 1776 }, 
        {"sofa" : 1,  "begin" : 1777,  "end" : 1782 }, 
        {"sofa" : 1,  "begin" : 1783,  "end" : 1785 }, 
        {"sofa" : 1,  "begin" : 1786,  "end" : 1795 }, 
        {"sofa" : 1,  "begin" : 1796,  "end" : 1798 }, 
        {"sofa" : 1,  "begin" : 1799,  "end" : 1803 }, 
        {"sofa" : 1,  "begin" : 1804,  "end" : 1811 }, 
        {"sofa" : 1,  "begin" : 1812,  "end" : 1814 }, 
        {"sofa" : 1,  "begin" : 1815,  "end" : 1821 }, 
        {"sofa" : 1,  "begin" : 1822,  "end" : 1824 }, 
        {"sofa" : 1,  "begin" : 1825,  "end" : 1829 }, 
        {"sofa" : 1,  "begin" : 1830,  "end" : 1832 }, 
        {"sofa" : 1,  "begin" : 1833,  "end" : 1842 }, 
        {"sofa" : 1,  "begin" : 1842,  "end" : 1843 }, 
        {"sofa" : 1,  "begin" : 1844,  "end" : 1846 }, 
        {"sofa" : 1,  "begin" : 1846,  "end" : 1847 }, 
        {"sofa" : 1,  "begin" : 1848,  "end" : 1854 }, 
        {"sofa" : 1,  "begin" : 1854,  "end" : 1855 }, 
        {"sofa" : 1,  "begin" : 1856,  "end" : 1859 }, 
        {"sofa" : 1,  "begin" : 1860,  "end" : 1869 }, 
        {"sofa" : 1,  "begin" : 1870,  "end" : 1877 }, 
        {"sofa" : 1,  "begin" : 1878,  "end" : 1885 }, 
        {"sofa" : 1,  "begin" : 1886,  "end" : 1888 }, 
        {"sofa" : 1,  "begin" : 1889,  "end" : 1892 }, 
        {"sofa" : 1,  "begin" : 1893,  "end" : 1901 }, 
        {"sofa" : 1,  "begin" : 1902,  "end" : 1910 }, 
        {"sofa" : 1,  "begin" : 1910,  "end" : 1911 }, 
        {"sofa" : 1,  "begin" : 1912,  "end" : 1921 }, 
        {"sofa" : 1,  "begin" : 1922,  "end" : 1924 }, 
        {"sofa" : 1,  "begin" : 1925,  "end" : 1927 }, 
        {"sofa" : 1,  "begin" : 1928,  "end" : 1931 }, 
        {"sofa" : 1,  "begin" : 1932,  "end" : 1937 }, 
        {"sofa" : 1,  "begin" : 1938,  "end" : 1948 }, 
        {"sofa" : 1,  "begin" : 1949,  "end" : 1953 }, 
        {"sofa" : 1,  "begin" : 1954,  "end" : 1957 }, 
        {"sofa" : 1,  "begin" : 1958,  "end" : 1964 }, 
        {"sofa" : 1,  "begin" : 1965,  "end" : 1971 }, 
        {"sofa" : 1,  "begin" : 1972,  "end" : 1977 }, 
        {"sofa" : 1,  "begin" : 1978,  "end" : 1980 }, 
        {"sofa" : 1,  "begin" : 1981,  "end" : 1986 }, 
        {"sofa" : 1,  "begin" : 1987,  "end" : 1994 }, 
        {"sofa" : 1,  "begin" : 1995,  "end" : 1997 }, 
        {"sofa" : 1,  "begin" : 1998,  "end" : 2008 }, 
        {"sofa" : 1,  "begin" : 2008,  "end" : 2009 }, 
        {"sofa" : 1,  "begin" : 2010,  "end" : 2014 }, 
        {"sofa" : 1,  "begin" : 2015,  "end" : 2019 }, 
        {"sofa" : 1,  "begin" : 2020,  "end" : 2028 }, 
        {"sofa" : 1,  "begin" : 2029,  "end" : 2033 }, 
        {"sofa" : 1,  "begin" : 2033,  "end" : 2034 }, 
        {"sofa" : 1,  "begin" : 2035,  "end" : 2039 }, 
        {"sofa" : 1,  "begin" : 2040,  "end" : 2045 }, 
        {"sofa" : 1,  "begin" : 2046,  "end" : 2048 }, 
        {"sofa" : 1,  "begin" : 2049,  "end" : 2052 }, 
        {"sofa" : 1,  "begin" : 2053,  "end" : 2062 }, 
        {"sofa" : 1,  "begin" : 2063,  "end" : 2065 }, 
        {"sofa" : 1,  "begin" : 2066,  "end" : 2071 }, 
        {"sofa" : 1,  "begin" : 2072,  "end" : 2076 }, 
        {"sofa" : 1,  "begin" : 2077,  "end" : 2084 }, 
        {"sofa" : 1,  "begin" : 2085,  "end" : 2087 }, 
        {"sofa" : 1,  "begin" : 2088,  "end" : 2095 }, 
        {"sofa" : 1,  "begin" : 2096,  "end" : 2098 }, 
        {"sofa" : 1,  "begin" : 2099,  "end" : 2102 }, 
        {"sofa" : 1,  "begin" : 2103,  "end" : 2109 }, 
        {"sofa" : 1,  "begin" : 2110,  "end" : 2112 }, 
        {"sofa" : 1,  "begin" : 2113,  "end" : 2118 }, 
        {"sofa" : 1,  "begin" : 2119,  "end" : 2122 }, 
        {"sofa" : 1,  "begin" : 2123,  "end" : 2130 }, 
        {"sofa" : 1,  "begin" : 2131,  "end" : 2135 }, 
        {"sofa" : 1,  "begin" : 2136,  "end" : 2141 }, 
        {"sofa" : 1,  "begin" : 2142,  "end" : 2146 }, 
        {"sofa" : 1,  "begin" : 2146,  "end" : 2147 }, 
        {"sofa" : 1,  "begin" : 2148,  "end" : 2150 }, 
        {"sofa" : 1,  "begin" : 2151,  "end" : 2157 }, 
        {"sofa" : 1,  "begin" : 2158,  "end" : 2161 }, 
        {"sofa" : 1,  "begin" : 2162,  "end" : 2167 }, 
        {"sofa" : 1,  "begin" : 2168,  "end" : 2177 }, 
        {"sofa" : 1,  "begin" : 2178,  "end" : 2182 }, 
        {"sofa" : 1,  "begin" : 2183,  "end" : 2185 }, 
        {"sofa" : 1,  "begin" : 2186,  "end" : 2190 }, 
        {"sofa" : 1,  "begin" : 2191,  "end" : 2198 }, 
        {"sofa" : 1,  "begin" : 2199,  "end" : 2202 }, 
        {"sofa" : 1,  "begin" : 2203,  "end" : 2209 }, 
        {"sofa" : 1,  "begin" : 2210,  "end" : 2216 }, 
        {"sofa" : 1,  "begin" : 2216,  "end" : 2217 }, 
        {"sofa" : 1,  "begin" : 2218,  "end" : 2221 }, 
        {"sofa" : 1,  "begin" : 2222,  "end" : 2227 }, 
        {"sofa" : 1,  "begin" : 2228,  "end" : 2232 }, 
        {"sofa" : 1,  "begin" : 2233,  "end" : 2247 }, 
        {"sofa" : 1,  "begin" : 2248,  "end" : 2253 }, 
        {"sofa" : 1,  "begin" : 2254,  "end" : 2257 }, 
        {"sofa" : 1,  "begin" : 2258,  "end" : 2260 }, 
        {"sofa" : 1,  "begin" : 2261,  "end" : 2263 }, 
        {"sofa" : 1,  "begin" : 2264,  "end" : 2270 }, 
        {"sofa" : 1,  "begin" : 2271,  "end" : 2280 }, 
        {"sofa" : 1,  "begin" : 2281,  "end" : 2283 }, 
        {"sofa" : 1,  "begin" : 2284,  "end" : 2287 }, 
        {"sofa" : 1,  "begin" : 2288,  "end" : 2292 }, 
        {"sofa" : 1,  "begin" : 2293,  "end" : 2302 }, 
        {"sofa" : 1,  "begin" : 2302,  "end" : 2303 }, 
        {"sofa" : 1,  "begin" : 2304,  "end" : 2314 }, 
        {"sofa" : 1,  "begin" : 2315,  "end" : 2321 }, 
        {"sofa" : 1,  "begin" : 2322,  "end" : 2326 }, 
        {"sofa" : 1,  "begin" : 2327,  "end" : 2333 }, 
        {"sofa" : 1,  "begin" : 2334,  "end" : 2341 }, 
        {"sofa" : 1,  "begin" : 2342,  "end" : 2345 }, 
        {"sofa" : 1,  "begin" : 2346,  "end" : 2350 }, 
        {"sofa" : 1,  "begin" : 2351,  "end" : 2353 }, 
        {"sofa" : 1,  "begin" : 2354,  "end" : 2362 }, 
        {"sofa" : 1,  "begin" : 2363,  "end" : 2365 }, 
        {"sofa" : 1,  "begin" : 2366,  "end" : 2371 }, 
        {"sofa" : 1,  "begin" : 2372,  "end" : 2375 }, 
        {"sofa" : 1,  "begin" : 2376,  "end" : 2386 }, 
        {"sofa" : 1,  "begin" : 2386,  "end" : 2387 }, 
        {"sofa" : 1,  "begin" : 2388,  "end" : 2391 }, 
        {"sofa" : 1,  "begin" : 2392,  "end" : 2400 }, 
        {"sofa" : 1,  "begin" : 2401,  "end" : 2403 }, 
        {"sofa" : 1,  "begin" : 2404,  "end" : 2409 }, 
        {"sofa" : 1,  "begin" : 2410,  "end" : 2413 }, 
        {"sofa" : 1,  "begin" : 2414,  "end" : 2423 }, 
        {"sofa" : 1,  "begin" : 2424,  "end" : 2429 }, 
        {"sofa" : 1,  "begin" : 2430,  "end" : 2433 }, 
        {"sofa" : 1,  "begin" : 2434,  "end" : 2440 }, 
        {"sofa" : 1,  "begin" : 2441,  "end" : 2447 }, 
        {"sofa" : 1,  "begin" : 2448,  "end" : 2451 }, 
        {"sofa" : 1,  "begin" : 2452,  "end" : 2457 }, 
        {"sofa" : 1,  "begin" : 2458,  "end" : 2464 }, 
        {"sofa" : 1,  "begin" : 2465,  "end" : 2469 }, 
        {"sofa" : 1,  "begin" : 2470,  "end" : 2473 }, 
        {"sofa" : 1,  "begin" : 2474,  "end" : 2481 }, 
        {"sofa" : 1,  "begin" : 2482,  "end" : 2495 }, 
        {"sofa" : 1,  "begin" : 2496,  "end" : 2505 }, 
        {"sofa" : 1,  "begin" : 2506,  "end" : 2508 }, 
        {"sofa" : 1,  "begin" : 2509,  "end" : 2512 }, 
        {"sofa" : 1,  "begin" : 2513,  "end" : 2518 }, 
        {"sofa" : 1,  "begin" : 2519,  "end" : 2523 }, 
        {"sofa" : 1,  "begin" : 2524,  "end" : 2526 }, 
        {"sofa" : 1,  "begin" : 2527,  "end" : 2531 }, 
        {"sofa" : 1,  "begin" : 2532,  "end" : 2538 }, 
        {"sofa" : 1,  "begin" : 2538,  "end" : 2539 }, 
        {"sofa" : 1,  "begin" : 2540,  "end" : 2542 }, 
        {"sofa" : 1,  "begin" : 2543,  "end" : 2546 }, 
        {"sofa" : 1,  "begin" : 2547,  "end" : 2549 }, 
        {"sofa" : 1,  "begin" : 2550,  "end" : 2554 }, 
        {"sofa" : 1,  "begin" : 2555,  "end" : 2564 }, 
        {"sofa" : 1,  "begin" : 2565,  "end" : 2576 }, 
        {"sofa" : 1,  "begin" : 2577,  "end" : 2583 }, 
        {"sofa" : 1,  "begin" : 2584,  "end" : 2585 }, 
        {"sofa" : 1,  "begin" : 2586,  "end" : 2592 }, 
        {"sofa" : 1,  "begin" : 2593,  "end" : 2595 }, 
        {"sofa" : 1,  "begin" : 2596,  "end" : 2599 }, 
        {"sofa" : 1,  "begin" : 2600,  "end" : 2605 }, 
        {"sofa" : 1,  "begin" : 2606,  "end" : 2608 }, 
        {"sofa" : 1,  "begin" : 2609,  "end" : 2613 }, 
        {"sofa" : 1,  "begin" : 2614,  "end" : 2620 }, 
        {"sofa" : 1,  "begin" : 2621,  "end" : 2624 }, 
        {"sofa" : 1,  "begin" : 2625,  "end" : 2630 }, 
        {"sofa" : 1,  "begin" : 2630,  "end" : 2631 }, 
        {"sofa" : 1,  "begin" : 2632,  "end" : 2634 }, 
        {"sofa" : 1,  "begin" : 2635,  "end" : 2638 }, 
        {"sofa" : 1,  "begin" : 2639,  "end" : 2644 }, 
        {"sofa" : 1,  "begin" : 2645,  "end" : 2648 }, 
        {"sofa" : 1,  "begin" : 2649,  "end" : 2655 }, 
        {"sofa" : 1,  "begin" : 2656,  "end" : 2657 }, 
        {"sofa" : 1,  "begin" : 2658,  "end" : 2662 }, 
        {"sofa" : 1,  "begin" : 2663,  "end" : 2665 }, 
        {"sofa" : 1,  "begin" : 2666,  "end" : 2670 }, 
        {"sofa" : 1,  "begin" : 2671,  "end" : 2677 }, 
        {"sofa" : 1,  "begin" : 2678,  "end" : 2682 }, 
        {"sofa" : 1,  "begin" : 2682,  "end" : 2683 }, 
        {"sofa" : 1,  "begin" : 2684,  "end" : 2687 }, 
        {"sofa" : 1,  "begin" : 2688,  "end" : 2695 }, 
        {"sofa" : 1,  "begin" : 2695,  "end" : 2696 }, 
        {"sofa" : 1,  "begin" : 2697,  "end" : 2700 }, 
        {"sofa" : 1,  "begin" : 2701,  "end" : 2706 }, 
        {"sofa" : 1,  "begin" : 2707,  "end" : 2711 }, 
        {"sofa" : 1,  "begin" : 2712,  "end" : 2715 }, 
        {"sofa" : 1,  "begin" : 2716,  "end" : 2722 }, 
        {"sofa" : 1,  "begin" : 2723,  "end" : 2725 }, 
        {"sofa" : 1,  "begin" : 2726,  "end" : 2732 }, 
        {"sofa" : 1,  "begin" : 2733,  "end" : 2736 }, 
        {"sofa" : 1,  "begin" : 2737,  "end" : 2744 }, 
        {"sofa" : 1,  "begin" : 2745,  "end" : 2747 }, 
        {"sofa" : 1,  "begin" : 2748,  "end" : 2761 }, 
        {"sofa" : 1,  "begin" : 2762,  "end" : 2764 }, 
        {"sofa" : 1,  "begin" : 2765,  "end" : 2769 }, 
        {"sofa" : 1,  "begin" : 2770,  "end" : 2772 }, 
        {"sofa" : 1,  "begin" : 2773,  "end" : 2775 }, 
        {"sofa" : 1,  "begin" : 2776,  "end" : 2785 }, 
        {"sofa" : 1,  "begin" : 2786,  "end" : 2797 }, 
        {"sofa" : 1,  "begin" : 2798,  "end" : 2800 }, 
        {"sofa" : 1,  "begin" : 2801,  "end" : 2810 }, 
        {"sofa" : 1,  "begin" : 2810,  "end" : 2811 }, 
        {"sofa" : 1,  "begin" : 2812,  "end" : 2813 }, 
        {"sofa" : 1,  "begin" : 2814,  "end" : 2822 }, 
        {"sofa" : 1,  "begin" : 2823,  "end" : 2825 }, 
        {"sofa" : 1,  "begin" : 2826,  "end" : 2827 }, 
        {"sofa" : 1,  "begin" : 2828,  "end" : 2833 }, 
        {"sofa" : 1,  "begin" : 2834,  "end" : 2835 }, 
        {"sofa" : 1,  "begin" : 2836,  "end" : 2842 }, 
        {"sofa" : 1,  "begin" : 2843,  "end" : 2847 }, 
        {"sofa" : 1,  "begin" : 2848,  "end" : 2852 }, 
        {"sofa" : 1,  "begin" : 2853,  "end" : 2856 }, 
        {"sofa" : 1,  "begin" : 2857,  "end" : 2862 }, 
        {"sofa" : 1,  "begin" : 2863,  "end" : 2870 }, 
        {"sofa" : 1,  "begin" : 2871,  "end" : 2872 }, 
        {"sofa" : 1,  "begin" : 2873,  "end" : 2879 }, 
        {"sofa" : 1,  "begin" : 2880,  "end" : 2881 }, 
        {"sofa" : 1,  "begin" : 2882,  "end" : 2888 }, 
        {"sofa" : 1,  "begin" : 2889,  "end" : 2894 }, 
        {"sofa" : 1,  "begin" : 2895,  "end" : 2898 }, 
        {"sofa" : 1,  "begin" : 2898,  "end" : 2899 }, 
        {"sofa" : 1,  "begin" : 2900,  "end" : 2902 }, 
        {"sofa" : 1,  "begin" : 2903,  "end" : 2906 }, 
        {"sofa" : 1,  "begin" : 2907,  "end" : 2915 }, 
        {"sofa" : 1,  "begin" : 2916,  "end" : 2918 }, 
        {"sofa" : 1,  "begin" : 2919,  "end" : 2921 }, 
        {"sofa" : 1,  "begin" : 2922,  "end" : 2929 }, 
        {"sofa" : 1,  "begin" : 2930,  "end" : 2932 }, 
        {"sofa" : 1,  "begin" : 2933,  "end" : 2936 }, 
        {"sofa" : 1,  "begin" : 2937,  "end" : 2943 }, 
        {"sofa" : 1,  "begin" : 2943,  "end" : 2944 }, 
        {"sofa" : 1,  "begin" : 2945,  "end" : 2949 }, 
        {"sofa" : 1,  "begin" : 2949,  "end" : 2950 }, 
        {"sofa" : 1,  "begin" : 2951,  "end" : 2953 }, 
        {"sofa" : 1,  "begin" : 2954,  "end" : 2956 }, 
        {"sofa" : 1,  "begin" : 2957,  "end" : 2959 }, 
        {"sofa" : 1,  "begin" : 2960,  "end" : 2971 }, 
        {"sofa" : 1,  "begin" : 2972,  "end" : 2980 }, 
        {"sofa" : 1,  "begin" : 2981,  "end" : 2983 }, 
        {"sofa" : 1,  "begin" : 2984,  "end" : 2987 }, 
        {"sofa" : 1,  "begin" : 2988,  "end" : 2996 }, 
        {"sofa" : 1,  "begin" : 2997,  "end" : 3005 }, 
        {"sofa" : 1,  "begin" : 3005,  "end" : 3006 }, 
        {"sofa" : 1,  "begin" : 3007,  "end" : 3008 }, 
        {"sofa" : 1,  "begin" : 3009,  "end" : 3017 }, 
        {"sofa" : 1,  "begin" : 3018,  "end" : 3019 }, 
        {"sofa" : 1,  "begin" : 3020,  "end" : 3025 }, 
        {"sofa" : 1,  "begin" : 3025,  "end" : 3026 }, 
        {"sofa" : 1,  "begin" : 3027,  "end" : 3031 }, 
        {"sofa" : 1,  "begin" : 3032,  "end" : 3035 }, 
        {"sofa" : 1,  "begin" : 3036,  "end" : 3044 }, 
        {"sofa" : 1,  "begin" : 3045,  "end" : 3055 }, 
        {"sofa" : 1,  "begin" : 3056,  "end" : 3059 }, 
        {"sofa" : 1,  "begin" : 3060,  "end" : 3064 }, 
        {"sofa" : 1,  "begin" : 3065,  "end" : 3067 }, 
        {"sofa" : 1,  "begin" : 3068,  "end" : 3071 }, 
        {"sofa" : 1,  "begin" : 3072,  "end" : 3077 }, 
        {"sofa" : 1,  "begin" : 3078,  "end" : 3080 }, 
        {"sofa" : 1,  "begin" : 3081,  "end" : 3089 }, 
        {"sofa" : 1,  "begin" : 3089,  "end" : 3090 }, 
        {"sofa" : 1,  "begin" : 3091,  "end" : 3101 }, 
        {"sofa" : 1,  "begin" : 3102,  "end" : 3104 }, 
        {"sofa" : 1,  "begin" : 3105,  "end" : 3112 }, 
        {"sofa" : 1,  "begin" : 3113,  "end" : 3121 }, 
        {"sofa" : 1,  "begin" : 3122,  "end" : 3127 }, 
        {"sofa" : 1,  "begin" : 3128,  "end" : 3131 }, 
        {"sofa" : 1,  "begin" : 3132,  "end" : 3135 }, 
        {"sofa" : 1,  "begin" : 3135,  "end" : 3136 }, 
        {"sofa" : 1,  "begin" : 3137,  "end" : 3139 }, 
        {"sofa" : 1,  "begin" : 3140,  "end" : 3143 }, 
        {"sofa" : 1,  "begin" : 3144,  "end" : 3153 }, 
        {"sofa" : 1,  "begin" : 3154,  "end" : 3160 }, 
        {"sofa" : 1,  "begin" : 3161,  "end" : 3165 }, 
        {"sofa" : 1,  "begin" : 3166,  "end" : 3169 }, 
        {"sofa" : 1,  "begin" : 3170,  "end" : 3176 }, 
        {"sofa" : 1,  "begin" : 3177,  "end" : 3182 }, 
        {"sofa" : 1,  "begin" : 3183,  "end" : 3185 }, 
        {"sofa" : 1,  "begin" : 3186,  "end" : 3195 }, 
        {"sofa" : 1,  "begin" : 3195,  "end" : 3196 }, 
        {"sofa" : 1,  "begin" : 3197,  "end" : 3198 }, 
        {"sofa" : 1,  "begin" : 3199,  "end" : 3207 }, 
        {"sofa" : 1,  "begin" : 3208,  "end" : 3210 }, 
        {"sofa" : 1,  "begin" : 3211,  "end" : 3216 }, 
        {"sofa" : 1,  "begin" : 3217,  "end" : 3218 }, 
        {"sofa" : 1,  "begin" : 3219,  "end" : 3223 }, 
        {"sofa" : 1,  "begin" : 3223,  "end" : 3224 }, 
        {"sofa" : 1,  "begin" : 3225,  "end" : 3229 }, 
        {"sofa" : 1,  "begin" : 3230,  "end" : 3233 }, 
        {"sofa" : 1,  "begin" : 3234,  "end" : 3238 }, 
        {"sofa" : 1,  "begin" : 3239,  "end" : 3244 }, 
        {"sofa" : 1,  "begin" : 3245,  "end" : 3249 }, 
        {"sofa" : 1,  "begin" : 3250,  "end" : 3254 }, 
        {"sofa" : 1,  "begin" : 3255,  "end" : 3264 }, 
        {"sofa" : 1,  "begin" : 3265,  "end" : 3271 }, 
        {"sofa" : 1,  "begin" : 3272,  "end" : 3275 }, 
        {"sofa" : 1,  "begin" : 3276,  "end" : 3279 }, 
        {"sofa" : 1,  "begin" : 3279,  "end" : 3280 }, 
        {"sofa" : 1,  "begin" : 3282,  "end" : 3283 }, 
        {"sofa" : 1,  "begin" : 3284,  "end" : 3288 }, 
        {"sofa" : 1,  "begin" : 3289,  "end" : 3293 }, 
        {"sofa" : 1,  "begin" : 3294,  "end" : 3298 }, 
        {"sofa" : 1,  "begin" : 3299,  "end" : 3308 }, 
        {"sofa" : 1,  "begin" : 3309,  "end" : 3311 }, 
        {"sofa" : 1,  "begin" : 3312,  "end" : 3316 }, 
        {"sofa" : 1,  "begin" : 3317,  "end" : 3328 }, 
        {"sofa" : 1,  "begin" : 3329,  "end" : 3331 }, 
        {"sofa" : 1,  "begin" : 3332,  "end" : 3334 }, 
        {"sofa" : 1,  "begin" : 3335,  "end" : 3338 }, 
        {"sofa" : 1,  "begin" : 3339,  "end" : 3345 }, 
        {"sofa" : 1,  "begin" : 3346,  "end" : 3348 }, 
        {"sofa" : 1,  "begin" : 3349,  "end" : 3354 }, 
        {"sofa" : 1,  "begin" : 3355,  "end" : 3364 }, 
        {"sofa" : 1,  "begin" : 3365,  "end" : 3371 }, 
        {"sofa" : 1,  "begin" : 3372,  "end" : 3376 }, 
        {"sofa" : 1,  "begin" : 3377,  "end" : 3380 }, 
        {"sofa" : 1,  "begin" : 3381,  "end" : 3387 }, 
        {"sofa" : 1,  "begin" : 3388,  "end" : 3390 }, 
        {"sofa" : 1,  "begin" : 3391,  "end" : 3398 }, 
        {"sofa" : 1,  "begin" : 3399,  "end" : 3406 }, 
        {"sofa" : 1,  "begin" : 3407,  "end" : 3409 }, 
        {"sofa" : 1,  "begin" : 3410,  "end" : 3414 }, 
        {"sofa" : 1,  "begin" : 3414,  "end" : 3415 }, 
        {"sofa" : 1,  "begin" : 3416,  "end" : 3423 }, 
        {"sofa" : 1,  "begin" : 3424,  "end" : 3426 }, 
        {"sofa" : 1,  "begin" : 3427,  "end" : 3437 }, 
        {"sofa" : 1,  "begin" : 3438,  "end" : 3447 }, 
        {"sofa" : 1,  "begin" : 3448,  "end" : 3452 }, 
        {"sofa" : 1,  "begin" : 3453,  "end" : 3457 }, 
        {"sofa" : 1,  "begin" : 3458,  "end" : 3460 }, 
        {"sofa" : 1,  "begin" : 3461,  "end" : 3464 }, 
        {"sofa" : 1,  "begin" : 3465,  "end" : 3471 }, 
        {"sofa" : 1,  "begin" : 3472,  "end" : 3476 }, 
        {"sofa" : 1,  "begin" : 3477,  "end" : 3486 }, 
        {"sofa" : 1,  "begin" : 3487,  "end" : 3495 }, 
        {"sofa" : 1,  "begin" : 3496,  "end" : 3498 }, 
        {"sofa" : 1,  "begin" : 3499,  "end" : 3502 }, 
        {"sofa" : 1,  "begin" : 3503,  "end" : 3512 }, 
        {"sofa" : 1,  "begin" : 3513,  "end" : 3519 }, 
        {"sofa" : 1,  "begin" : 3520,  "end" : 3528 }, 
        {"sofa" : 1,  "begin" : 3529,  "end" : 3537 }, 
        {"sofa" : 1,  "begin" : 3538,  "end" : 3540 }, 
        {"sofa" : 1,  "begin" : 3541,  "end" : 3551 }, 
        {"sofa" : 1,  "begin" : 3551,  "end" : 3552 }, 
        {"sofa" : 1,  "begin" : 3553,  "end" : 3561 }, 
        {"sofa" : 1,  "begin" : 3561,  "end" : 3562 }, 
        {"sofa" : 1,  "begin" : 3563,  "end" : 3576 }, 
        {"sofa" : 1,  "begin" : 3577,  "end" : 3580 }, 
        {"sofa" : 1,  "begin" : 3581,  "end" : 3585 }, 
        {"sofa" : 1,  "begin" : 3585,  "end" : 3586 }, 
        {"sofa" : 1,  "begin" : 3587,  "end" : 3593 }, 
        {"sofa" : 1,  "begin" : 3593,  "end" : 3594 }, 
        {"sofa" : 1,  "begin" : 3595,  "end" : 3597 }, 
        {"sofa" : 1,  "begin" : 3598,  "end" : 3602 }, 
        {"sofa" : 1,  "begin" : 3603,  "end" : 3612 }, 
        {"sofa" : 1,  "begin" : 3613,  "end" : 3621 }, 
        {"sofa" : 1,  "begin" : 3621,  "end" : 3622 }, 
        {"sofa" : 1,  "begin" : 3623,  "end" : 3628 }, 
        {"sofa" : 1,  "begin" : 3628,  "end" : 3629 }, 
        {"sofa" : 1,  "begin" : 3630,  "end" : 3637 }, 
        {"sofa" : 1,  "begin" : 3637,  "end" : 3638 }, 
        {"sofa" : 1,  "begin" : 3639,  "end" : 3642 }, 
        {"sofa" : 1,  "begin" : 3643,  "end" : 3651 }, 
        {"sofa" : 1,  "begin" : 3652,  "end" : 3659 }, 
        {"sofa" : 1,  "begin" : 3660,  "end" : 3662 }, 
        {"sofa" : 1,  "begin" : 3663,  "end" : 3672 }, 
        {"sofa" : 1,  "begin" : 3673,  "end" : 3684 }, 
        {"sofa" : 1,  "begin" : 3685,  "end" : 3687 }, 
        {"sofa" : 1,  "begin" : 3688,  "end" : 3691 }, 
        {"sofa" : 1,  "begin" : 3692,  "end" : 3702 }, 
        {"sofa" : 1,  "begin" : 3703,  "end" : 3707 }, 
        {"sofa" : 1,  "begin" : 3708,  "end" : 3710 }, 
        {"sofa" : 1,  "begin" : 3711,  "end" : 3714 }, 
        {"sofa" : 1,  "begin" : 3715,  "end" : 3724 }, 
        {"sofa" : 1,  "begin" : 3725,  "end" : 3734 }, 
        {"sofa" : 1,  "begin" : 3735,  "end" : 3740 }, 
        {"sofa" : 1,  "begin" : 3741,  "end" : 3745 }, 
        {"sofa" : 1,  "begin" : 3746,  "end" : 3749 }, 
        {"sofa" : 1,  "begin" : 3750,  "end" : 3757 }, 
        {"sofa" : 1,  "begin" : 3758,  "end" : 3764 }, 
        {"sofa" : 1,  "begin" : 3764,  "end" : 3765 }, 
        {"sofa" : 1,  "begin" : 3766,  "end" : 3770 }, 
        {"sofa" : 1,  "begin" : 3771,  "end" : 3775 }, 
        {"sofa" : 1,  "begin" : 3776,  "end" : 3779 }, 
        {"sofa" : 1,  "begin" : 3779,  "end" : 3780 }, 
        {"sofa" : 1,  "begin" : 3781,  "end" : 3788 }, 
        {"sofa" : 1,  "begin" : 3788,  "end" : 3789 }, 
        {"sofa" : 1,  "begin" : 3790,  "end" : 3794 }, 
        {"sofa" : 1,  "begin" : 3795,  "end" : 3798 }, 
        {"sofa" : 1,  "begin" : 3799,  "end" : 3811 }, 
        {"sofa" : 1,  "begin" : 3812,  "end" : 3814 }, 
        {"sofa" : 1,  "begin" : 3815,  "end" : 3820 }, 
        {"sofa" : 1,  "begin" : 3821,  "end" : 3826 }, 
        {"sofa" : 1,  "begin" : 3826,  "end" : 3827 }, 
        {"sofa" : 1,  "begin" : 3828,  "end" : 3829 }, 
        {"sofa" : 1,  "begin" : 3830,  "end" : 3834 }, 
        {"sofa" : 1,  "begin" : 3835,  "end" : 3838 }, 
        {"sofa" : 1,  "begin" : 3839,  "end" : 3843 }, 
        {"sofa" : 1,  "begin" : 3844,  "end" : 3848 }, 
        {"sofa" : 1,  "begin" : 3849,  "end" : 3851 }, 
        {"sofa" : 1,  "begin" : 3852,  "end" : 3861 }, 
        {"sofa" : 1,  "begin" : 3862,  "end" : 3866 }, 
        {"sofa" : 1,  "begin" : 3867,  "end" : 3870 }, 
        {"sofa" : 1,  "begin" : 3871,  "end" : 3880 }, 
        {"sofa" : 1,  "begin" : 3881,  "end" : 3887 }, 
        {"sofa" : 1,  "begin" : 3888,  "end" : 3890 }, 
        {"sofa" : 1,  "begin" : 3891,  "end" : 3897 }, 
        {"sofa" : 1,  "begin" : 3898,  "end" : 3901 }, 
        {"sofa" : 1,  "begin" : 3902,  "end" : 3910 }, 
        {"sofa" : 1,  "begin" : 3911,  "end" : 3915 }, 
        {"sofa" : 1,  "begin" : 3916,  "end" : 3919 }, 
        {"sofa" : 1,  "begin" : 3920,  "end" : 3928 }, 
        {"sofa" : 1,  "begin" : 3929,  "end" : 3939 }, 
        {"sofa" : 1,  "begin" : 3940,  "end" : 3942 }, 
        {"sofa" : 1,  "begin" : 3943,  "end" : 3951 }, 
        {"sofa" : 1,  "begin" : 3952,  "end" : 3954 }, 
        {"sofa" : 1,  "begin" : 3955,  "end" : 3960 }, 
        {"sofa" : 1,  "begin" : 3961,  "end" : 3970 }, 
        {"sofa" : 1,  "begin" : 3971,  "end" : 3977 }, 
        {"sofa" : 1,  "begin" : 3977,  "end" : 3978 }, 
        {"sofa" : 1,  "begin" : 3979,  "end" : 3991 }, 
        {"sofa" : 1,  "begin" : 3991,  "end" : 3992 }, 
        {"sofa" : 1,  "begin" : 3993,  "end" : 3995 }, 
        {"sofa" : 1,  "begin" : 3996,  "end" : 4000 }, 
        {"sofa" : 1,  "begin" : 4001,  "end" : 4003 }, 
        {"sofa" : 1,  "begin" : 4004,  "end" : 4007 }, 
        {"sofa" : 1,  "begin" : 4008,  "end" : 4013 }, 
        {"sofa" : 1,  "begin" : 4014,  "end" : 4022 }, 
        {"sofa" : 1,  "begin" : 4023,  "end" : 4025 }, 
        {"sofa" : 1,  "begin" : 4026,  "end" : 4030 }, 
        {"sofa" : 1,  "begin" : 4031,  "end" : 4033 }, 
        {"sofa" : 1,  "begin" : 4034,  "end" : 4035 }, 
        {"sofa" : 1,  "begin" : 4036,  "end" : 4043 }, 
        {"sofa" : 1,  "begin" : 4044,  "end" : 4050 }, 
        {"sofa" : 1,  "begin" : 4051,  "end" : 4060 }, 
        {"sofa" : 1,  "begin" : 4061,  "end" : 4068 }, 
        {"sofa" : 1,  "begin" : 4069,  "end" : 4072 }, 
        {"sofa" : 1,  "begin" : 4073,  "end" : 4079 }, 
        {"sofa" : 1,  "begin" : 4080,  "end" : 4082 }, 
        {"sofa" : 1,  "begin" : 4083,  "end" : 4087 }, 
        {"sofa" : 1,  "begin" : 4088,  "end" : 4099 }, 
        {"sofa" : 1,  "begin" : 4099,  "end" : 4100 } ] } }, 
  "_referenced_fss" : {
    "1" : {"_type" : "Sofa",  "sofaNum" : 1,  "sofaID" : "_InitialView",  "mimeType" : "text",  "sofaString" : "The offensiveness of the several processes described varies from none\nat all to that which constitutes one of the most intolerable of nuisances.\nOn different occasions the interference or assistance of the Local\nGovernment Board have been solicited for the suppression of nuisances\nfrom works of this character. The most notable instances of applications of this kind of late years have been in respect of nuisances from\nmanure works along the shores of the Thames in 1873, and in respect\nof similar nuisances at Plymouth in 1875. I reported to the Board fully\nupon the former of these cases in December 1873, but more briefly\nupon the latter of them, since at that time the present general inquiry\nhad been set on foot. It is difficult to describe odours except by the use\nof similitudes. The offensive odour proceeding from superphosphate\nworks, from works in which animal matters are used more or less freely,\nand from “ scutch ’’ manure works is, however, so distinctive that once\nsmelt it can never afterwards fail to be recognised. That from superphosphate making is pungent and slightly acid ; by some persons it is\ncalled sickening, but its offensiveness and sickening quality are enhanced\nwhere such animal matters as blood, offal, or fish, especially if putrid,\nare employed in the manufacture of the manure. I know of no odour\nmore horribly sickening than that which is evolved when sulphuric acid\nis mixed with human excrement. One of the most offensive works of\nthis kind that has come within my observation, where animal matter of\nvarious kinds, and sometimes excrement, are used, is Bradb urn’s establishment at Wednesfield, upon which I reported to the Board in my\nreport on the sanitary condition of that place in 1874. The smell\nproceeding from scutch manure works is described by some persons as\nputrid as well as sickening. Dr. Gordon, the principal medical officer\nof the Woolwich garrison, described to me the odour proceeding from\nthe scutch manure works on Erith marshes as resembling, more than\nanything else, that which he had perceived in India when passing to\nleeward of the places in which the Hindoos burn their dead. To myself\nthe odour resembles that of very decayed and putrid cheese. The odour\nfrom superphosphate works has to my senses something of the same\ncharacter, especially marked when animal matters are used in addition\nto bones and phosphates. The distance to which the offensive odour\nmay spread beyond the works varies with the various circumstances\nmentioned in the first part of this Report. It may be only perceived\noffensively within a radius of 100 yards or less around the works, or the\nodour may extend a mile or more beyond them. For example, the\nodour from the Avorks of Morris and Griffin at Wolverhampton is said to\nbe perceived offensively at Newbridge, a distance of 1 miles ; Avhile\nthat from the Erith marshes “ scutch ” manure works was, on the occasion\nof my inquiry on the Thames, saic) to be an intolerable nuisance at the\nWoolwich barracks, a distance 4 miles. Loud and grievous complaints\nare made in the tOAvn of Plymouth, especially by persons residing about\nthe Hoe, of the offensive odours from the manure works at Cattedown,\na distance of about 1 mile, when the wind blows from that direction\nacross the bay.\n\nI have made such inquiries as were practicable as to the effect of\nthese offensive odours upon the health of persons exposed to them.\nReplies to individual inquiries have been to the effect that prolonged\nexposure to the offensive odours produces feelings of depression, headache, indisposition for food, nausea, or even sometimes fainting. These,\nhowever, are ordinary results in sensitive individuals of the impression\nmade by any specially offensive odour upon the nervous system. They\npass off, however, with the intermission of their cause. I have not\nbeen able to ascertain that any permanent injury to health has followed\neven the frequent repetition of exposure to these offensive odours.\nNevertheless, so long as the cause operates it does to a serious extent\nsometimes disturb the health of some individuals. " }, 
    "9998" : {"_type" : "Span",  "sofa" : 1,  "begin" : 804,  "end" : 809,  "label" : "Smell_Word" }, 
    "10003" : {"_type" : "Span",  "sofa" : 1,  "begin" : 794,  "end" : 803,  "label" : "Quality" }, 
    "10020" : {"_type" : "Span",  "sofa" : 1,  "begin" : 821,  "end" : 846,  "label" : "Smell_Source" }, 
    "10032" : {"_type" : "Span",  "sofa" : 1,  "begin" : 985,  "end" : 990,  "label" : "Smell_Word" }, 
    "10037" : {"_type" : "Span",  "sofa" : 1,  "begin" : 960,  "end" : 974,  "label" : "Quality" }, 
    "10054" : {"_type" : "Span",  "sofa" : 1,  "begin" : 991,  "end" : 1036,  "label" : "Effect" }, 
    "10071" : {"_type" : "Span",  "sofa" : 1,  "begin" : 917,  "end" : 946,  "label" : "Smell_Source" }, 
    "10066" : {"_type" : "Span",  "sofa" : 1,  "begin" : 848,  "end" : 911,  "label" : "Smell_Source" }, 
    "10095" : {"_type" : "Span",  "sofa" : 1,  "begin" : 1038,  "end" : 1042,  "label" : "Smell_Word" }, 
    "10107" : {"_type" : "Span",  "sofa" : 1,  "begin" : 1043,  "end" : 1069,  "label" : "Smell_Source" }, 
    "10119" : {"_type" : "Span",  "sofa" : 1,  "begin" : 1073,  "end" : 1080,  "label" : "Quality" }, 
    "10124" : {"_type" : "Span",  "sofa" : 1,  "begin" : 1085,  "end" : 1098,  "label" : "Quality" }, 
    "10143" : {"_type" : "Span",  "sofa" : 1,  "begin" : 1130,  "end" : 1139,  "label" : "Quality" }, 
    "10155" : {"_type" : "Span",  "sofa" : 1,  "begin" : 1149,  "end" : 1162,  "label" : "Quality" }, 
    "10160" : {"_type" : "Span",  "sofa" : 1,  "begin" : 1167,  "end" : 1184,  "label" : "Quality" }, 
    "10090" : {"_type" : "Span",  "sofa" : 1,  "begin" : 1332,  "end" : 1337,  "label" : "Smell_Word" }, 
    "10179" : {"_type" : "Span",  "sofa" : 1,  "begin" : 1338,  "end" : 1361,  "label" : "Quality" }, 
    "10196" : {"_type" : "Span",  "sofa" : 1,  "begin" : 1389,  "end" : 1438,  "label" : "Circumstances" }, 
    "10208" : {"_type" : "Span",  "sofa" : 1,  "begin" : 1741,  "end" : 1746,  "label" : "Smell_Word" }, 
    "10213" : {"_type" : "Span",  "sofa" : 1,  "begin" : 1758,  "end" : 1782,  "label" : "Smell_Source" }, 
    "10218" : {"_type" : "Span",  "sofa" : 1,  "begin" : 1796,  "end" : 1811,  "label" : "Perceiver" }, 
    "10223" : {"_type" : "Span",  "sofa" : 1,  "begin" : 1815,  "end" : 1821,  "label" : "Quality" }, 
    "10233" : {"_type" : "Span",  "sofa" : 1,  "begin" : 1833,  "end" : 1842,  "label" : "Quality" }, 
    "10382" : {"_type" : "Span",  "sofa" : 1,  "begin" : 1932,  "end" : 1937,  "label" : "Smell_Word" }, 
    "10387" : {"_type" : "Span",  "sofa" : 1,  "begin" : 1949,  "end" : 1977,  "label" : "Smell_Source" }, 
    "10399" : {"_type" : "Span",  "sofa" : 1,  "begin" : 1848,  "end" : 1910,  "label" : "Perceiver" }, 
    "10411" : {"_type" : "Span",  "sofa" : 1,  "begin" : 1978,  "end" : 1994,  "label" : "Location" }, 
    "10471" : {"_type" : "Span",  "sofa" : 1,  "begin" : 2035,  "end" : 2146,  "label" : "Evoked_Odorant" }, 
    "10423" : {"_type" : "Span",  "sofa" : 1,  "begin" : 2035,  "end" : 2039,  "label" : "Smell_Word" }, 
    "10435" : {"_type" : "Span",  "sofa" : 1,  "begin" : 2046,  "end" : 2048,  "label" : "Perceiver" }, 
    "10447" : {"_type" : "Span",  "sofa" : 1,  "begin" : 2063,  "end" : 2071,  "label" : "Location" }, 
    "10459" : {"_type" : "Span",  "sofa" : 1,  "begin" : 2072,  "end" : 2146,  "label" : "Time" }, 
    "10266" : {"_type" : "Span",  "sofa" : 1,  "begin" : 2162,  "end" : 2167,  "label" : "Smell_Word" }, 
    "10271" : {"_type" : "Span",  "sofa" : 1,  "begin" : 2151,  "end" : 2157,  "label" : "Perceiver" }, 
    "10283" : {"_type" : "Span",  "sofa" : 1,  "begin" : 2178,  "end" : 2216,  "label" : "Evoked_Odorant" }, 
    "10295" : {"_type" : "Span",  "sofa" : 1,  "begin" : 2203,  "end" : 2209,  "label" : "Smell_Word" }, 
    "10300" : {"_type" : "Span",  "sofa" : 1,  "begin" : 2203,  "end" : 2209,  "label" : "Quality" }, 
    "10312" : {"_type" : "Span",  "sofa" : 1,  "begin" : 2210,  "end" : 2216,  "label" : "Smell_Source" }, 
    "10324" : {"_type" : "Span",  "sofa" : 1,  "begin" : 2222,  "end" : 2227,  "label" : "Smell_Word" }, 
    "10329" : {"_type" : "Span",  "sofa" : 1,  "begin" : 2228,  "end" : 2253,  "label" : "Smell_Source" }, 
    "10341" : {"_type" : "Span",  "sofa" : 1,  "begin" : 2304,  "end" : 2321,  "label" : "Quality" }, 
    "10346" : {"_type" : "Span",  "sofa" : 1,  "begin" : 2322,  "end" : 2386,  "label" : "Circumstances" }, 
    "10365" : {"_type" : "Span",  "sofa" : 1,  "begin" : 2424,  "end" : 2429,  "label" : "Smell_Word" }, 
    "10370" : {"_type" : "Span",  "sofa" : 1,  "begin" : 2414,  "end" : 2423,  "label" : "Quality" }, 
    "10493" : {"_type" : "Span",  "sofa" : 1,  "begin" : 2540,  "end" : 2542,  "label" : "Smell_Word" }, 
    "10488" : {"_type" : "Span",  "sofa" : 1,  "begin" : 2565,  "end" : 2576,  "label" : "Quality" }, 
    "10512" : {"_type" : "Span",  "sofa" : 1,  "begin" : 2577,  "end" : 2630,  "label" : "Location" }, 
    "10483" : {"_type" : "Span",  "sofa" : 1,  "begin" : 2639,  "end" : 2644,  "label" : "Smell_Word" }, 
    "10524" : {"_type" : "Span",  "sofa" : 1,  "begin" : 2656,  "end" : 2682,  "label" : "Location" }, 
    "10536" : {"_type" : "Span",  "sofa" : 1,  "begin" : 2701,  "end" : 2706,  "label" : "Smell_Word" }, 
    "10541" : {"_type" : "Span",  "sofa" : 1,  "begin" : 2707,  "end" : 2744,  "label" : "Smell_Source" }, 
    "10546" : {"_type" : "Span",  "sofa" : 1,  "begin" : 2745,  "end" : 2761,  "label" : "Location" }, 
    "10565" : {"_type" : "Span",  "sofa" : 1,  "begin" : 2786,  "end" : 2797,  "label" : "Quality" }, 
    "10577" : {"_type" : "Span",  "sofa" : 1,  "begin" : 2798,  "end" : 2810,  "label" : "Location" }, 
    "10589" : {"_type" : "Span",  "sofa" : 1,  "begin" : 2843,  "end" : 2847,  "label" : "Smell_Word" }, 
    "10601" : {"_type" : "Span",  "sofa" : 1,  "begin" : 2848,  "end" : 2894,  "label" : "Smell_Source" }, 
    "10618" : {"_type" : "Span",  "sofa" : 1,  "begin" : 2981,  "end" : 3005,  "label" : "Location" }, 
    "10613" : {"_type" : "Span",  "sofa" : 1,  "begin" : 2957,  "end" : 2980,  "label" : "Quality" }, 
    "10637" : {"_type" : "Span",  "sofa" : 1,  "begin" : 3154,  "end" : 3160,  "label" : "Smell_Word" }, 
    "10642" : {"_type" : "Span",  "sofa" : 1,  "begin" : 3144,  "end" : 3153,  "label" : "Quality" }, 
    "10654" : {"_type" : "Span",  "sofa" : 1,  "begin" : 3027,  "end" : 3089,  "label" : "Effect" }, 
    "10666" : {"_type" : "Span",  "sofa" : 1,  "begin" : 3161,  "end" : 3182,  "label" : "Smell_Source" }, 
    "10671" : {"_type" : "Span",  "sofa" : 1,  "begin" : 3183,  "end" : 3195,  "label" : "Location" }, 
    "10676" : {"_type" : "Span",  "sofa" : 1,  "begin" : 3225,  "end" : 3279,  "label" : "Time" }, 
    "10702" : {"_type" : "Span",  "sofa" : 1,  "begin" : 3365,  "end" : 3371,  "label" : "Smell_Word" }, 
    "10707" : {"_type" : "Span",  "sofa" : 1,  "begin" : 3355,  "end" : 3364,  "label" : "Quality" }, 
    "10719" : {"_type" : "Span",  "sofa" : 1,  "begin" : 3377,  "end" : 3414,  "label" : "Perceiver" }, 
    "10731" : {"_type" : "Span",  "sofa" : 1,  "begin" : 3513,  "end" : 3519,  "label" : "Smell_Word" }, 
    "10736" : {"_type" : "Span",  "sofa" : 1,  "begin" : 3503,  "end" : 3512,  "label" : "Quality" }, 
    "10748" : {"_type" : "Span",  "sofa" : 1,  "begin" : 3520,  "end" : 3551,  "label" : "Effect" }, 
    "10753" : {"_type" : "Span",  "sofa" : 1,  "begin" : 3553,  "end" : 3561,  "label" : "Effect" }, 
    "10758" : {"_type" : "Span",  "sofa" : 1,  "begin" : 3563,  "end" : 3585,  "label" : "Effect" }, 
    "10763" : {"_type" : "Span",  "sofa" : 1,  "begin" : 3587,  "end" : 3593,  "label" : "Effect" }, 
    "10768" : {"_type" : "Span",  "sofa" : 1,  "begin" : 3598,  "end" : 3621,  "label" : "Effect" }, 
    "10808" : {"_type" : "Span",  "sofa" : 1,  "begin" : 3477,  "end" : 3495,  "label" : "Circumstances" }, 
    "10818" : {"_type" : "Span",  "sofa" : 1,  "begin" : 3735,  "end" : 3740,  "label" : "Smell_Word" }, 
    "10813" : {"_type" : "Span",  "sofa" : 1,  "begin" : 3715,  "end" : 3734,  "label" : "Quality" }, 
    "10830" : {"_type" : "Span",  "sofa" : 1,  "begin" : 3660,  "end" : 3684,  "label" : "Perceiver" }, 
    "10842" : {"_type" : "Span",  "sofa" : 1,  "begin" : 3741,  "end" : 3764,  "label" : "Perceiver" }, 
    "10859" : {"_type" : "Span",  "sofa" : 1,  "begin" : 3971,  "end" : 3977,  "label" : "Smell_Word" }, 
    "10854" : {"_type" : "Span",  "sofa" : 1,  "begin" : 3961,  "end" : 3970,  "label" : "Quality" }, 
    "10871" : {"_type" : "Span",  "sofa" : 1,  "begin" : 3916,  "end" : 3951,  "label" : "Circumstances" }, 
    "10883" : {"_type" : "Span",  "sofa" : 1,  "begin" : 3867,  "end" : 3897,  "label" : "Effect" }, 
    "10895" : {"_type" : "Span",  "sofa" : 1,  "begin" : 4023,  "end" : 4099,  "label" : "Effect" } } }