#FORMAT=WebAnno TSV 3.3
#T_SP=custom.Span|label
#T_RL=custom.Relation|label|BT_custom.Span


#Text=Das Pulver deß Holtzes mit Storax/
#Text=Zimmet/ Benzoin/ Gewuͤrtz-Naͤgelein und
#Text=Roſenholtz vermiſchet/ in taffete Saͤcklein
#Text=
#Text=eingenaͤhet/ und ſolche Saͤcklein bey
#Text=die
#Text=Kleider gelegt/ oder in dem Sack getragen/
#Text=
#Text=erweckt einen guten Geruch.
1-1	2-5	Das	_	_	_	
1-2	6-12	Pulver	Smell\_Source[1]	_	_	
1-3	13-16	deß	Smell\_Source[1]	_	_	
1-4	17-24	Holtzes	Smell\_Source[1]	_	_	
1-5	25-28	mit	_	_	_	
1-6	29-35	Storax	_	_	_	
1-7	35-36	/	_	_	_	
1-8	37-43	Zimmet	_	_	_	
1-9	43-44	/	_	_	_	
1-10	45-52	Benzoin	_	_	_	
1-11	52-53	/	_	_	_	
1-12	54-72	Gewuͤrtz-Naͤgelein	_	_	_	
1-13	73-76	und	_	_	_	
1-14	77-87	Roſenholtz	_	_	_	
1-15	88-98	vermiſchet	_	_	_	
1-16	98-99	/	_	_	_	
1-17	100-102	in	_	_	_	
1-18	103-110	taffete	_	_	_	
1-19	111-120	Saͤcklein	Odour\_Carrier	_	_	
1-20	122-133	eingenaͤhet	Circumstances	_	_	
1-21	133-134	/	_	_	_	
1-22	135-138	und	_	_	_	
1-23	139-145	ſolche	_	_	_	
1-24	146-155	Saͤcklein	Odour\_Carrier	_	_	
1-25	156-159	bey	_	_	_	
1-26	160-163	die	_	_	_	
1-27	164-171	Kleider	Odour\_Carrier	*	1-24	
1-28	172-178	gelegt	_	_	_	
1-29	178-179	/	_	_	_	
1-30	180-184	oder	_	_	_	
1-31	185-187	in	_	_	_	
1-32	188-191	dem	_	_	_	
1-33	192-196	Sack	_	_	_	
1-34	197-205	getragen	_	_	_	
1-35	205-206	/	_	_	_	
1-36	208-215	erweckt	_	_	_	
1-37	216-221	einen	_	_	_	
1-38	222-227	guten	Quality	_	_	
1-39	228-234	Geruch	*[2]|Smell\_Word[3]	_	_	
1-40	234-235	.	_	_	_	

#Text=CAPUT
#Text=CXIII.
2-1	240-245	CAPUT	_	_	_	
2-2	246-251	CXIII	_	_	_	
2-3	251-252	.	_	_	_	

#Text=Roſenholtz.
3-1	254-264	Roſenholtz	_	_	_	
3-2	264-265	.	_	_	_	

#Text=Lignum Rhodium.
4-1	266-272	Lignum	_	_	_	
4-2	273-280	Rhodium	_	_	_	
4-3	280-281	.	_	_	_	

#Text=Namen.
5-1	283-288	Namen	_	_	_	
5-2	288-289	.	_	_	_	

#Text=ROſenholtz traͤgt den Namen/ weilen
#Text=es den lieblichen Roſen-geruch bey
#Text=nahem vollkommen hat.
6-1	291-301	ROſenholtz	Smell\_Source	*	6-7	
6-2	302-308	traͤgt	_	_	_	
6-3	309-312	den	_	_	_	
6-4	313-318	Namen	_	_	_	
6-5	318-319	/	_	_	_	
6-6	320-326	weilen	_	_	_	
6-7	327-329	es	Smell\_Source	_	_	
6-8	330-333	den	_	_	_	
6-9	334-344	lieblichen	Quality	_	_	
6-10	345-357	Roſen-geruch	*[4]|Smell\_Word[5]	_	_	
6-11	358-361	bey	_	_	_	
6-12	362-367	nahem	_	_	_	
6-13	368-378	vollkommen	_	_	_	
6-14	379-382	hat	_	_	_	
6-15	382-383	.	_	_	_	

#Text=Sonſten a-
#Text=
#Text=ber heißt es Rodiſer-holtz/ von der Jnſul
#Text=Rodis/ darinnen es waͤchſt:
#Text=Auff Latei-
#Text=niſch/
#Text=Lignum Rhodium, Aſpalathus colore
#Text=Buxi, item Aſpalathus albicans torulo citreo,
#Text=C.
7-1	384-391	Sonſten	_	_	_	
7-2	392-393	a	_	_	_	
7-3	393-394	-	_	_	_	
7-4	396-399	ber	_	_	_	
7-5	400-405	heißt	_	_	_	
7-6	406-408	es	_	_	_	
7-7	409-422	Rodiſer-holtz	_	_	_	
7-8	422-423	/	_	_	_	
7-9	424-427	von	_	_	_	
7-10	428-431	der	_	_	_	
7-11	432-437	Jnſul	_	_	_	
7-12	438-443	Rodis	_	_	_	
7-13	443-444	/	_	_	_	
7-14	445-453	darinnen	_	_	_	
7-15	454-456	es	_	_	_	
7-16	457-464	waͤchſt	_	_	_	
7-17	464-465	:	_	_	_	
7-18	466-470	Auff	_	_	_	
7-19	471-476	Latei	_	_	_	
7-20	476-477	-	_	_	_	
7-21	478-483	niſch	_	_	_	
7-22	483-484	/	_	_	_	
7-23	485-491	Lignum	_	_	_	
7-24	492-499	Rhodium	_	_	_	
7-25	499-500	,	_	_	_	
7-26	501-511	Aſpalathus	_	_	_	
7-27	512-518	colore	_	_	_	
7-28	519-523	Buxi	_	_	_	
7-29	523-524	,	_	_	_	
7-30	525-529	item	_	_	_	
7-31	530-540	Aſpalathus	_	_	_	
7-32	541-549	albicans	_	_	_	
7-33	550-556	torulo	_	_	_	
7-34	557-563	citreo	_	_	_	
7-35	563-564	,	_	_	_	
7-36	565-566	C	_	_	_	
7-37	566-567	.	_	_	_	

#Text=B.
8-1	568-569	B	_	_	_	
8-2	569-570	.	_	_	_	

#Text=Lignum Roſæ odore, aliis Lignum Thu-
#Text=ris, aliis Aſpalathus, I.
9-1	571-577	Lignum	_	_	_	
9-2	578-582	Roſæ	_	_	_	
9-3	583-588	odore	_	_	_	
9-4	588-589	,	_	_	_	
9-5	590-595	aliis	_	_	_	
9-6	596-602	Lignum	_	_	_	
9-7	603-606	Thu	_	_	_	
9-8	606-607	-	_	_	_	
9-9	608-611	ris	_	_	_	
9-10	611-612	,	_	_	_	
9-11	613-618	aliis	_	_	_	
9-12	619-629	Aſpalathus	_	_	_	
9-13	629-630	,	_	_	_	
9-14	631-632	I	_	_	_	
9-15	632-633	.	_	_	_	

#Text=B.
10-1	634-635	B	_	_	_	
10-2	635-636	.	_	_	_	

#Text=Engliſch/
#Text=Roſenwod.
11-1	637-645	Engliſch	_	_	_	
11-2	645-646	/	_	_	_	
11-3	647-655	Roſenwod	_	_	_	
11-4	655-656	.	_	_	_	

#Text=Niderlaͤndiſch/ Roſenhout/ of Rhodium.
12-1	658-672	Niderlaͤndiſch	_	_	_	
12-2	672-673	/	_	_	_	
12-3	674-683	Roſenhout	_	_	_	
12-4	683-684	/	_	_	_	
12-5	685-687	of	_	_	_	
12-6	688-695	Rhodium	_	_	_	
12-7	695-696	.	_	_	_	

#Text=Frantzoͤſiſch/
#Text=Bois des Roſes.
13-1	698-711	Frantzoͤſiſch	_	_	_	
13-2	711-712	/	_	_	_	
13-3	713-717	Bois	_	_	_	
13-4	718-721	des	_	_	_	
13-5	722-727	Roſes	_	_	_	
13-6	727-728	.	_	_	_	

#Text=Under den Kraͤuter-beſchreiberen iſt ein
#Text=ſtreit/
14-1	731-736	Under	_	_	_	
14-2	737-740	den	_	_	_	
14-3	741-763	Kraͤuter-beſchreiberen	_	_	_	
14-4	764-767	iſt	_	_	_	
14-5	768-771	ein	_	_	_	
14-6	772-778	ſtreit	_	_	_	
14-7	778-779	/	_	_	_	
