#FORMAT=WebAnno TSV 3.3
#T_SP=custom.Span|label


#Text=Wanneer ghylieden D. in den Tempel, daer ick mijn tegenwoordigheyt bysonderlick openbare.
#Text=voor mijn aengesichte komt te verschijnen, Als of Godt seyde, Ick en hebbe daer geen behagen aen, dat ghylieden met uwe offerhanden in den Tempel verschijnt, N. huychelscher wijse, sonder geloove, sonder boete, ofte aendacht, gelijck ghy-lieden doet.
#Text=wie heeft sulcx van uwe handt ge-eyscht, dat ghy D. de voorhoven mijnes huyses, of Tempels, die twee waren, een der Priesteren, ende een des volcks, 2.Chro.
#Text=4.9.
#Text=so dat de Propheet hier so wel de Priesters bestraft, als het volck.
#Text=mijne voorhoven betreden soudt?
1-1	2-9	Wanneer	_	
1-2	10-19	ghylieden	_	
1-3	20-21	D	_	
1-4	21-22	.	_	
1-5	23-25	in	_	
1-6	26-29	den	_	
1-7	30-36	Tempel	_	
1-8	36-37	,	_	
1-9	38-42	daer	_	
1-10	43-46	ick	_	
1-11	47-51	mijn	_	
1-12	52-68	tegenwoordigheyt	_	
1-13	69-81	bysonderlick	_	
1-14	82-90	openbare	_	
1-15	90-91	.	_	
1-16	92-96	voor	_	
1-17	97-101	mijn	_	
1-18	102-113	aengesichte	_	
1-19	114-118	komt	_	
1-20	119-121	te	_	
1-21	122-133	verschijnen	_	
1-22	133-134	,	_	
1-23	135-138	Als	_	
1-24	139-141	of	_	
1-25	142-146	Godt	_	
1-26	147-152	seyde	_	
1-27	152-153	,	_	
1-28	154-157	Ick	_	
1-29	158-160	en	_	
1-30	161-166	hebbe	_	
1-31	167-171	daer	_	
1-32	172-176	geen	_	
1-33	177-184	behagen	_	
1-34	185-188	aen	_	
1-35	188-189	,	_	
1-36	190-193	dat	_	
1-37	194-203	ghylieden	_	
1-38	204-207	met	_	
1-39	208-211	uwe	_	
1-40	212-223	offerhanden	_	
1-41	224-226	in	_	
1-42	227-230	den	_	
1-43	231-237	Tempel	_	
1-44	238-248	verschijnt	_	
1-45	248-249	,	_	
1-46	250-251	N	_	
1-47	251-252	.	_	
1-48	253-265	huychelscher	_	
1-49	266-271	wijse	_	
1-50	271-272	,	_	
1-51	273-279	sonder	_	
1-52	280-287	geloove	_	
1-53	287-288	,	_	
1-54	289-295	sonder	_	
1-55	296-301	boete	_	
1-56	301-302	,	_	
1-57	303-307	ofte	_	
1-58	308-316	aendacht	_	
1-59	316-317	,	_	
1-60	318-325	gelijck	_	
1-61	326-336	ghy-lieden	_	
1-62	337-341	doet	_	
1-63	341-342	.	_	
1-64	343-346	wie	_	
1-65	347-352	heeft	_	
1-66	353-358	sulcx	_	
1-67	359-362	van	_	
1-68	363-366	uwe	_	
1-69	367-372	handt	_	
1-70	373-382	ge-eyscht	_	
1-71	382-383	,	_	
1-72	384-387	dat	_	
1-73	388-391	ghy	_	
1-74	392-393	D	_	
1-75	393-394	.	_	
1-76	395-397	de	_	
1-77	398-407	voorhoven	_	
1-78	408-414	mijnes	_	
1-79	415-421	huyses	_	
1-80	421-422	,	_	
1-81	423-425	of	_	
1-82	426-433	Tempels	_	
1-83	433-434	,	_	
1-84	435-438	die	_	
1-85	439-443	twee	_	
1-86	444-449	waren	_	
1-87	449-450	,	_	
1-88	451-454	een	_	
1-89	455-458	der	_	
1-90	459-469	Priesteren	_	
1-91	469-470	,	_	
1-92	471-475	ende	_	
1-93	476-479	een	_	
1-94	480-483	des	_	
1-95	484-490	volcks	_	
1-96	490-491	,	_	
1-97	492-493	2	_	
1-98	493-494	.	_	
1-99	494-498	Chro	_	
1-100	498-499	.	_	
1-101	500-503	4.9	_	
1-102	503-504	.	_	
1-103	505-507	so	_	
1-104	508-511	dat	_	
1-105	512-514	de	_	
1-106	515-523	Propheet	_	
1-107	524-528	hier	_	
1-108	529-531	so	_	
1-109	532-535	wel	_	
1-110	536-538	de	_	
1-111	539-548	Priesters	_	
1-112	549-557	bestraft	_	
1-113	557-558	,	_	
1-114	559-562	als	_	
1-115	563-566	het	_	
1-116	567-572	volck	_	
1-117	572-573	.	_	
1-118	574-579	mijne	_	
1-119	580-589	voorhoven	_	
1-120	590-598	betreden	_	
1-121	599-604	soudt	_	
1-122	604-605	?	_	

#Text=13
#Text=Hebr.
#Text=en vaert niet voort te brengen.
2-1	607-609	13	_	
2-2	610-614	Hebr	_	
2-3	614-615	.	_	
2-4	616-618	en	_	
2-5	619-624	vaert	_	
2-6	625-629	niet	_	
2-7	630-635	voort	_	
2-8	636-638	te	_	
2-9	639-646	brengen	_	
2-10	646-647	.	_	

#Text=And. en brengt voortaen niet meer spijs-offer des leugens, of, der ydelheyt, T.w. met den welcken ghy my niet en kond versoenen.
3-1	648-651	And	_	
3-2	651-652	.	_	
3-3	653-655	en	_	
3-4	656-662	brengt	_	
3-5	663-671	voortaen	_	
3-6	672-676	niet	_	
3-7	677-681	meer	_	
3-8	682-693	spijs-offer	_	
3-9	694-697	des	_	
3-10	698-705	leugens	_	
3-11	705-706	,	_	
3-12	707-709	of	_	
3-13	709-710	,	_	
3-14	711-714	der	_	
3-15	715-723	ydelheyt	_	
3-16	723-724	,	_	
3-17	725-728	T.w	_	
3-18	728-729	.	_	
3-19	730-733	met	_	
3-20	734-737	den	_	
3-21	738-745	welcken	_	
3-22	746-749	ghy	_	
3-23	750-752	my	_	
3-24	753-757	niet	_	
3-25	758-760	en	_	
3-26	761-765	kond	_	
3-27	766-775	versoenen	_	
3-28	775-776	.	_	

#Text=En brenght niet meer vergeefschen offer, Siet Exo.
#Text=30. het reuckwerk is my een grouwel:
#Text=In’t Hebr.
#Text=staen dese woorden in’t eenvoudigh
#Text=getal.
4-1	777-779	En	_	
4-2	780-787	brenght	_	
4-3	788-792	niet	_	
4-4	793-797	meer	_	
4-5	798-810	vergeefschen	_	
4-6	811-816	offer	_	
4-7	816-817	,	_	
4-8	818-822	Siet	_	
4-9	823-826	Exo	_	
4-10	826-827	.	_	
4-11	828-830	30	_	
4-12	830-831	.	_	
4-13	832-835	het	_	
4-14	836-845	reuckwerk	Smell\_Source	
4-15	846-848	is	_	
4-16	849-851	my	_	
4-17	852-855	een	_	
4-18	856-863	grouwel	_	
4-19	863-864	:	_	
4-20	865-867	In	_	
4-21	867-868	’	_	
4-22	868-869	t	_	
4-23	870-874	Hebr	_	
4-24	874-875	.	_	
4-25	876-881	staen	_	
4-26	882-886	dese	_	
4-27	887-894	woorden	_	
4-28	895-897	in	_	
4-29	897-898	’	_	
4-30	898-899	t	_	
4-31	900-910	eenvoudigh	_	
4-32	911-916	getal	_	
4-33	916-917	.	_	

#Text=D’eerste dagh der maent was den Heere heyligh, Num.
#Text=28.11, 14.
#Text=de nieuwe maenden, ende Sabbathen, [ende] Alsser boosheyt is by de vergaderingen, soo en kan noch en wil de Heere daer niet by wesen, want hy is een vyant van de vergaderingen der boosdoenders, Ps.
#Text=5.5.
5-1	918-919	D	_	
5-2	919-920	’	_	
5-3	920-926	eerste	_	
5-4	927-931	dagh	_	
5-5	932-935	der	_	
5-6	936-941	maent	_	
5-7	942-945	was	_	
5-8	946-949	den	_	
5-9	950-955	Heere	_	
5-10	956-963	heyligh	_	
5-11	963-964	,	_	
5-12	965-968	Num	_	
5-13	968-969	.	_	
5-14	970-975	28.11	_	
5-15	975-976	,	_	
5-16	977-979	14	_	
5-17	979-980	.	_	
5-18	981-983	de	_	
5-19	984-990	nieuwe	_	
5-20	991-998	maenden	_	
5-21	998-999	,	_	
5-22	1000-1004	ende	_	
5-23	1005-1014	Sabbathen	_	
5-24	1014-1015	,	_	
5-25	1016-1017	[	_	
5-26	1017-1021	ende	_	
5-27	1021-1022	]	_	
5-28	1023-1029	Alsser	_	
5-29	1030-1038	boosheyt	_	
5-30	1039-1041	is	_	
5-31	1042-1044	by	_	
5-32	1045-1047	de	_	
5-33	1048-1061	vergaderingen	_	
5-34	1061-1062	,	_	
5-35	1063-1066	soo	_	
5-36	1067-1069	en	_	
5-37	1070-1073	kan	_	
5-38	1074-1078	noch	_	
5-39	1079-1081	en	_	
5-40	1082-1085	wil	_	
5-41	1086-1088	de	_	
5-42	1089-1094	Heere	_	
5-43	1095-1099	daer	_	
5-44	1100-1104	niet	_	
5-45	1105-1107	by	_	
5-46	1108-1113	wesen	_	
5-47	1113-1114	,	_	
5-48	1115-1119	want	_	
5-49	1120-1122	hy	_	
5-50	1123-1125	is	_	
5-51	1126-1129	een	_	
5-52	1130-1135	vyant	_	
5-53	1136-1139	van	_	
5-54	1140-1142	de	_	
5-55	1143-1156	vergaderingen	_	
5-56	1157-1160	der	_	
5-57	1161-1173	boosdoenders	_	
5-58	1173-1174	,	_	
5-59	1175-1177	Ps	_	
5-60	1177-1178	.	_	
5-61	1179-1182	5.5	_	
5-62	1182-1183	.	_	

#Text=Sijne getrouwigheyt is in de Gemeynte der heyligen, Ps. 89.6.
#Text=het by een roepen der vergaderingen, en vermagh ick niet, ’t is ongerechtigheyt, selfs Siet de aent.
6-1	1184-1189	Sijne	_	
6-2	1190-1203	getrouwigheyt	_	
6-3	1204-1206	is	_	
6-4	1207-1209	in	_	
6-5	1210-1212	de	_	
6-6	1213-1221	Gemeynte	_	
6-7	1222-1225	der	_	
6-8	1226-1234	heyligen	_	
6-9	1234-1235	,	_	
6-10	1236-1238	Ps	_	
6-11	1238-1239	.	_	
6-12	1240-1244	89.6	_	
6-13	1244-1245	.	_	
6-14	1246-1249	het	_	
6-15	1250-1252	by	_	
6-16	1253-1256	een	_	
6-17	1257-1263	roepen	_	
6-18	1264-1267	der	_	
6-19	1268-1281	vergaderingen	_	
6-20	1281-1282	,	_	
6-21	1283-1285	en	_	
6-22	1286-1293	vermagh	_	
6-23	1294-1297	ick	_	
6-24	1298-1302	niet	_	
6-25	1302-1303	,	_	
6-26	1304-1305	’	_	
6-27	1305-1306	t	_	
6-28	1307-1309	is	_	
6-29	1310-1325	ongerechtigheyt	_	
6-30	1325-1326	,	_	
6-31	1327-1332	selfs	_	
6-32	1333-1337	Siet	_	
6-33	1338-1340	de	_	
6-34	1341-1345	aent	_	
6-35	1345-1346	.	_	
