#FORMAT=WebAnno TSV 3.3


#Text=Caput 11
#Text=
#Text=
#Text=1 Mitte panem tuum super transeuntes aquas, quia post tempora multa invenies illum.
#Text=2 Da partem septem necnon et octo, quia ignoras quid futurum sit mali super terram.
#Text=3 Si repletæ fuerint nubes, imbrem super terram effundent.
1-1	2-7	Caput	
1-2	8-10	11	
1-3	13-14	1	
1-4	15-20	Mitte	
1-5	21-26	panem	
1-6	27-31	tuum	
1-7	32-37	super	
1-8	38-49	transeuntes	
1-9	50-55	aquas	
1-10	55-56	,	
1-11	57-61	quia	
1-12	62-66	post	
1-13	67-74	tempora	
1-14	75-80	multa	
1-15	81-89	invenies	
1-16	90-95	illum	
1-17	95-96	.	
1-18	97-98	2	
1-19	99-101	Da	
1-20	102-108	partem	
1-21	109-115	septem	
1-22	116-122	necnon	
1-23	123-125	et	
1-24	126-130	octo	
1-25	130-131	,	
1-26	132-136	quia	
1-27	137-144	ignoras	
1-28	145-149	quid	
1-29	150-157	futurum	
1-30	158-161	sit	
1-31	162-166	mali	
1-32	167-172	super	
1-33	173-179	terram	
1-34	179-180	.	
1-35	181-182	3	
1-36	183-185	Si	
1-37	186-193	repletæ	
1-38	194-201	fuerint	
1-39	202-207	nubes	
1-40	207-208	,	
1-41	209-215	imbrem	
1-42	216-221	super	
1-43	222-228	terram	
1-44	229-238	effundent	
1-45	238-239	.	

#Text=Si ceciderit lignum ad austrum aut ad aquilonem, in quocumque loco ceciderit, ibi erit.
#Text=4 Qui observat ventum non seminat ; et qui considerat nubes numquam metet.
#Text=5 Quomodo ignoras quæ sit via spiritus, et qua ratione compingantur ossa in ventre prægnantis, sic nescis opera Dei, qui fabricator est omnium.
#Text=6 Mane semina semen tuum, et vespere ne cesset manus tua : quia nescis quid magis oriatur, hoc aut illud ; et si utrumque simul, melius erit.
#Text=7 Dulce lumen, et delectabile est oculis videre solem.
#Text=8 Si annis multis vixerit homo, et in his omnibus lætatus fuerit, meminisse debet tenebrosi temporis, et dierum multorum, qui cum venerint, vanitatis arguentur præterita.
#Text=9 Lætare ergo, juvenis, in adolescentia tua, et in bono sit cor tuum in diebus juventutis tuæ : et ambula in viis cordis tui, et in intuitu oculorum tuorum, et scito quod pro omnibus his adducet te Deus in judicium.
#Text=10 Aufer iram a corde tuo, et amove malitiam a carne tua : adolescentia enim et voluptas vana sunt.
2-1	240-242	Si	
2-2	243-252	ceciderit	
2-3	253-259	lignum	
2-4	260-262	ad	
2-5	263-270	austrum	
2-6	271-274	aut	
2-7	275-277	ad	
2-8	278-287	aquilonem	
2-9	287-288	,	
2-10	289-291	in	
2-11	292-301	quocumque	
2-12	302-306	loco	
2-13	307-316	ceciderit	
2-14	316-317	,	
2-15	318-321	ibi	
2-16	322-326	erit	
2-17	326-327	.	
2-18	328-329	4	
2-19	330-333	Qui	
2-20	334-342	observat	
2-21	343-349	ventum	
2-22	350-353	non	
2-23	354-361	seminat	
2-24	362-363	;	
2-25	364-366	et	
2-26	367-370	qui	
2-27	371-381	considerat	
2-28	382-387	nubes	
2-29	388-395	numquam	
2-30	396-401	metet	
2-31	401-402	.	
2-32	403-404	5	
2-33	405-412	Quomodo	
2-34	413-420	ignoras	
2-35	421-424	quæ	
2-36	425-428	sit	
2-37	429-432	via	
2-38	433-441	spiritus	
2-39	441-442	,	
2-40	443-445	et	
2-41	446-449	qua	
2-42	450-457	ratione	
2-43	458-470	compingantur	
2-44	471-475	ossa	
2-45	476-478	in	
2-46	479-485	ventre	
2-47	486-496	prægnantis	
2-48	496-497	,	
2-49	498-501	sic	
2-50	502-508	nescis	
2-51	509-514	opera	
2-52	515-518	Dei	
2-53	518-519	,	
2-54	520-523	qui	
2-55	524-534	fabricator	
2-56	535-538	est	
2-57	539-545	omnium	
2-58	545-546	.	
2-59	547-548	6	
2-60	549-553	Mane	
2-61	554-560	semina	
2-62	561-566	semen	
2-63	567-571	tuum	
2-64	571-572	,	
2-65	573-575	et	
2-66	576-583	vespere	
2-67	584-586	ne	
2-68	587-593	cesset	
2-69	594-599	manus	
2-70	600-603	tua	
2-71	604-605	:	
2-72	606-610	quia	
2-73	611-617	nescis	
2-74	618-622	quid	
2-75	623-628	magis	
2-76	629-636	oriatur	
2-77	636-637	,	
2-78	638-641	hoc	
2-79	642-645	aut	
2-80	646-651	illud	
2-81	652-653	;	
2-82	654-656	et	
2-83	657-659	si	
2-84	660-668	utrumque	
2-85	669-674	simul	
2-86	674-675	,	
2-87	676-682	melius	
2-88	683-687	erit	
2-89	687-688	.	
2-90	689-690	7	
2-91	691-696	Dulce	
2-92	697-702	lumen	
2-93	702-703	,	
2-94	704-706	et	
2-95	707-718	delectabile	
2-96	719-722	est	
2-97	723-729	oculis	
2-98	730-736	videre	
2-99	737-742	solem	
2-100	742-743	.	
2-101	744-745	8	
2-102	746-748	Si	
2-103	749-754	annis	
2-104	755-761	multis	
2-105	762-769	vixerit	
2-106	770-774	homo	
2-107	774-775	,	
2-108	776-778	et	
2-109	779-781	in	
2-110	782-785	his	
2-111	786-793	omnibus	
2-112	794-801	lætatus	
2-113	802-808	fuerit	
2-114	808-809	,	
2-115	810-819	meminisse	
2-116	820-825	debet	
2-117	826-835	tenebrosi	
2-118	836-844	temporis	
2-119	844-845	,	
2-120	846-848	et	
2-121	849-855	dierum	
2-122	856-864	multorum	
2-123	864-865	,	
2-124	866-869	qui	
2-125	870-873	cum	
2-126	874-882	venerint	
2-127	882-883	,	
2-128	884-893	vanitatis	
2-129	894-903	arguentur	
2-130	904-913	præterita	
2-131	913-914	.	
2-132	915-916	9	
2-133	917-923	Lætare	
2-134	924-928	ergo	
2-135	928-929	,	
2-136	930-937	juvenis	
2-137	937-938	,	
2-138	939-941	in	
2-139	942-954	adolescentia	
2-140	955-958	tua	
2-141	958-959	,	
2-142	960-962	et	
2-143	963-965	in	
2-144	966-970	bono	
2-145	971-974	sit	
2-146	975-978	cor	
2-147	979-983	tuum	
2-148	984-986	in	
2-149	987-993	diebus	
2-150	994-1004	juventutis	
2-151	1005-1008	tuæ	
2-152	1009-1010	:	
2-153	1011-1013	et	
2-154	1014-1020	ambula	
2-155	1021-1023	in	
2-156	1024-1028	viis	
2-157	1029-1035	cordis	
2-158	1036-1039	tui	
2-159	1039-1040	,	
2-160	1041-1043	et	
2-161	1044-1046	in	
2-162	1047-1054	intuitu	
2-163	1055-1063	oculorum	
2-164	1064-1070	tuorum	
2-165	1070-1071	,	
2-166	1072-1074	et	
2-167	1075-1080	scito	
2-168	1081-1085	quod	
2-169	1086-1089	pro	
2-170	1090-1097	omnibus	
2-171	1098-1101	his	
2-172	1102-1109	adducet	
2-173	1110-1112	te	
2-174	1113-1117	Deus	
2-175	1118-1120	in	
2-176	1121-1129	judicium	
2-177	1129-1130	.	
2-178	1131-1133	10	
2-179	1134-1139	Aufer	
2-180	1140-1144	iram	
2-181	1145-1146	a	
2-182	1147-1152	corde	
2-183	1153-1156	tuo	
2-184	1156-1157	,	
2-185	1158-1160	et	
2-186	1161-1166	amove	
2-187	1167-1175	malitiam	
2-188	1176-1177	a	
2-189	1178-1183	carne	
2-190	1184-1187	tua	
2-191	1188-1189	:	
2-192	1190-1202	adolescentia	
2-193	1203-1207	enim	
2-194	1208-1210	et	
2-195	1211-1219	voluptas	
2-196	1220-1224	vana	
2-197	1225-1229	sunt	
2-198	1229-1230	.	

#Text=Caput 12
#Text=
#Text=
#Text=1 Memento Creatoris tui in diebus juventutis tuæ, antequam veniat tempus afflictionis, et appropinquent anni de quibus dicas : Non mihi placent ; 2 antequam tenebrescat sol, et lumen, et luna, et stellæ, et revertantur nubes post pluviam ; 3 quando commovebuntur custodes domus, et nutabunt viri fortissimi, et otiosæ erunt molentes in minuto numero, et tenebrescent videntes per foramina ; 4 et claudent ostia in platea, in humilitate vocis molentis, et consurgent ad vocem volucris, et obsurdescent omnes filiæ carminis : 5 excelsa quoque timebunt, et formidabunt in via.
3-1	1231-1236	Caput	
3-2	1237-1239	12	
3-3	1242-1243	1	
3-4	1244-1251	Memento	
3-5	1252-1261	Creatoris	
3-6	1262-1265	tui	
3-7	1266-1268	in	
3-8	1269-1275	diebus	
3-9	1276-1286	juventutis	
3-10	1287-1290	tuæ	
3-11	1290-1291	,	
3-12	1292-1300	antequam	
3-13	1301-1307	veniat	
3-14	1308-1314	tempus	
3-15	1315-1327	afflictionis	
3-16	1327-1328	,	
3-17	1329-1331	et	
3-18	1332-1345	appropinquent	
3-19	1346-1350	anni	
3-20	1351-1353	de	
3-21	1354-1360	quibus	
3-22	1361-1366	dicas	
3-23	1367-1368	:	
3-24	1369-1372	Non	
3-25	1373-1377	mihi	
3-26	1378-1385	placent	
3-27	1386-1387	;	
3-28	1388-1389	2	
3-29	1390-1398	antequam	
3-30	1399-1410	tenebrescat	
3-31	1411-1414	sol	
3-32	1414-1415	,	
3-33	1416-1418	et	
3-34	1419-1424	lumen	
3-35	1424-1425	,	
3-36	1426-1428	et	
3-37	1429-1433	luna	
3-38	1433-1434	,	
3-39	1435-1437	et	
3-40	1438-1444	stellæ	
3-41	1444-1445	,	
3-42	1446-1448	et	
3-43	1449-1460	revertantur	
3-44	1461-1466	nubes	
3-45	1467-1471	post	
3-46	1472-1479	pluviam	
3-47	1480-1481	;	
3-48	1482-1483	3	
3-49	1484-1490	quando	
3-50	1491-1504	commovebuntur	
3-51	1505-1513	custodes	
3-52	1514-1519	domus	
3-53	1519-1520	,	
3-54	1521-1523	et	
3-55	1524-1532	nutabunt	
3-56	1533-1537	viri	
3-57	1538-1548	fortissimi	
3-58	1548-1549	,	
3-59	1550-1552	et	
3-60	1553-1559	otiosæ	
3-61	1560-1565	erunt	
3-62	1566-1574	molentes	
3-63	1575-1577	in	
3-64	1578-1584	minuto	
3-65	1585-1591	numero	
3-66	1591-1592	,	
3-67	1593-1595	et	
3-68	1596-1608	tenebrescent	
3-69	1609-1617	videntes	
3-70	1618-1621	per	
3-71	1622-1630	foramina	
3-72	1631-1632	;	
3-73	1633-1634	4	
3-74	1635-1637	et	
3-75	1638-1646	claudent	
3-76	1647-1652	ostia	
3-77	1653-1655	in	
3-78	1656-1662	platea	
3-79	1662-1663	,	
3-80	1664-1666	in	
3-81	1667-1677	humilitate	
3-82	1678-1683	vocis	
3-83	1684-1692	molentis	
3-84	1692-1693	,	
3-85	1694-1696	et	
3-86	1697-1707	consurgent	
3-87	1708-1710	ad	
3-88	1711-1716	vocem	
3-89	1717-1725	volucris	
3-90	1725-1726	,	
3-91	1727-1729	et	
3-92	1730-1742	obsurdescent	
3-93	1743-1748	omnes	
3-94	1749-1754	filiæ	
3-95	1755-1763	carminis	
3-96	1764-1765	:	
3-97	1766-1767	5	
3-98	1768-1775	excelsa	
3-99	1776-1782	quoque	
3-100	1783-1791	timebunt	
3-101	1791-1792	,	
3-102	1793-1795	et	
3-103	1796-1807	formidabunt	
3-104	1808-1810	in	
3-105	1811-1814	via	
3-106	1814-1815	.	

#Text=Florebit amygdalus, impinguabitur locusta, et dissipabitur capparis, quoniam ibit homo in domum æternitatis suæ, et circuibunt in platea plangentes.
#Text=6 Antequam rumpatur funiculus argenteus, et recurrat vitta aurea, et conteratur hydria super fontem, et confringatur rota super cisternam, 7 et revertatur pulvis in terram suam unde erat, et spiritus redeat ad Deum, qui dedit illum.
#Text=8 Vanitas vanitatum, dixit Ecclesiastes, et omnia vanitas.
#Text=9 Cumque esset sapientissimus Ecclesiastes, docuit populum, et enarravit quæ fecerat ; et investigans composuit parabolas multas.
#Text=10 Quæsivit verba utilia, et conscripsit sermones rectissimos ac veritate plenos.
#Text=11 Verba sapientium sicut stimuli, et quasi clavi in altum defixi, quæ per magistrorum consilium data sunt a pastore uno.
#Text=12 His amplius, fili mi, ne requiras.
4-1	1816-1824	Florebit	
4-2	1825-1834	amygdalus	
4-3	1834-1835	,	
4-4	1836-1849	impinguabitur	
4-5	1850-1857	locusta	
4-6	1857-1858	,	
4-7	1859-1861	et	
4-8	1862-1874	dissipabitur	
4-9	1875-1883	capparis	
4-10	1883-1884	,	
4-11	1885-1892	quoniam	
4-12	1893-1897	ibit	
4-13	1898-1902	homo	
4-14	1903-1905	in	
4-15	1906-1911	domum	
4-16	1912-1923	æternitatis	
4-17	1924-1927	suæ	
4-18	1927-1928	,	
4-19	1929-1931	et	
4-20	1932-1942	circuibunt	
4-21	1943-1945	in	
4-22	1946-1952	platea	
4-23	1953-1963	plangentes	
4-24	1963-1964	.	
4-25	1965-1966	6	
4-26	1967-1975	Antequam	
4-27	1976-1984	rumpatur	
4-28	1985-1994	funiculus	
4-29	1995-2004	argenteus	
4-30	2004-2005	,	
4-31	2006-2008	et	
4-32	2009-2017	recurrat	
4-33	2018-2023	vitta	
4-34	2024-2029	aurea	
4-35	2029-2030	,	
4-36	2031-2033	et	
4-37	2034-2044	conteratur	
4-38	2045-2051	hydria	
4-39	2052-2057	super	
4-40	2058-2064	fontem	
4-41	2064-2065	,	
4-42	2066-2068	et	
4-43	2069-2081	confringatur	
4-44	2082-2086	rota	
4-45	2087-2092	super	
4-46	2093-2102	cisternam	
4-47	2102-2103	,	
4-48	2104-2105	7	
4-49	2106-2108	et	
4-50	2109-2119	revertatur	
4-51	2120-2126	pulvis	
4-52	2127-2129	in	
4-53	2130-2136	terram	
4-54	2137-2141	suam	
4-55	2142-2146	unde	
4-56	2147-2151	erat	
4-57	2151-2152	,	
4-58	2153-2155	et	
4-59	2156-2164	spiritus	
4-60	2165-2171	redeat	
4-61	2172-2174	ad	
4-62	2175-2179	Deum	
4-63	2179-2180	,	
4-64	2181-2184	qui	
4-65	2185-2190	dedit	
4-66	2191-2196	illum	
4-67	2196-2197	.	
4-68	2198-2199	8	
4-69	2200-2207	Vanitas	
4-70	2208-2217	vanitatum	
4-71	2217-2218	,	
4-72	2219-2224	dixit	
4-73	2225-2237	Ecclesiastes	
4-74	2237-2238	,	
4-75	2239-2241	et	
4-76	2242-2247	omnia	
4-77	2248-2255	vanitas	
4-78	2255-2256	.	
4-79	2257-2258	9	
4-80	2259-2265	Cumque	
4-81	2266-2271	esset	
4-82	2272-2286	sapientissimus	
4-83	2287-2299	Ecclesiastes	
4-84	2299-2300	,	
4-85	2301-2307	docuit	
4-86	2308-2315	populum	
4-87	2315-2316	,	
4-88	2317-2319	et	
4-89	2320-2329	enarravit	
4-90	2330-2333	quæ	
4-91	2334-2341	fecerat	
4-92	2342-2343	;	
4-93	2344-2346	et	
4-94	2347-2358	investigans	
4-95	2359-2368	composuit	
4-96	2369-2378	parabolas	
4-97	2379-2385	multas	
4-98	2385-2386	.	
4-99	2387-2389	10	
4-100	2390-2398	Quæsivit	
4-101	2399-2404	verba	
4-102	2405-2411	utilia	
4-103	2411-2412	,	
4-104	2413-2415	et	
4-105	2416-2427	conscripsit	
4-106	2428-2436	sermones	
4-107	2437-2448	rectissimos	
4-108	2449-2451	ac	
4-109	2452-2460	veritate	
4-110	2461-2467	plenos	
4-111	2467-2468	.	
4-112	2469-2471	11	
4-113	2472-2477	Verba	
4-114	2478-2488	sapientium	
4-115	2489-2494	sicut	
4-116	2495-2502	stimuli	
4-117	2502-2503	,	
4-118	2504-2506	et	
4-119	2507-2512	quasi	
4-120	2513-2518	clavi	
4-121	2519-2521	in	
4-122	2522-2527	altum	
4-123	2528-2534	defixi	
4-124	2534-2535	,	
4-125	2536-2539	quæ	
4-126	2540-2543	per	
4-127	2544-2555	magistrorum	
4-128	2556-2565	consilium	
4-129	2566-2570	data	
4-130	2571-2575	sunt	
4-131	2576-2577	a	
4-132	2578-2585	pastore	
4-133	2586-2589	uno	
4-134	2589-2590	.	
4-135	2591-2593	12	
4-136	2594-2597	His	
4-137	2598-2605	amplius	
4-138	2605-2606	,	
4-139	2607-2611	fili	
4-140	2612-2614	mi	
4-141	2614-2615	,	
4-142	2616-2618	ne	
4-143	2619-2627	requiras	
4-144	2627-2628	.	

#Text=Faciendi plures libros nullus est finis ; frequensque meditatio, carnis afflictio est.
5-1	2629-2637	Faciendi	
5-2	2638-2644	plures	
5-3	2645-2651	libros	
5-4	2652-2658	nullus	
5-5	2659-2662	est	
5-6	2663-2668	finis	
5-7	2669-2670	;	
5-8	2671-2682	frequensque	
5-9	2683-2692	meditatio	
5-10	2692-2693	,	
5-11	2694-2700	carnis	
5-12	2701-2710	afflictio	
5-13	2711-2714	est	
5-14	2714-2715	.	
