#FORMAT=WebAnno TSV 3.3


#Text=dan weder vreesde hij, dat hen de woeste beeren onverhoeds waren overvallen, en verslonden hadden.
1-1	2-5	dan	
1-2	6-11	weder	
1-3	12-19	vreesde	
1-4	20-23	hij	
1-5	23-24	,	
1-6	25-28	dat	
1-7	29-32	hen	
1-8	33-35	de	
1-9	36-42	woeste	
1-10	43-49	beeren	
1-11	50-60	onverhoeds	
1-12	61-66	waren	
1-13	67-77	overvallen	
1-14	77-78	,	
1-15	79-81	en	
1-16	82-92	verslonden	
1-17	93-99	hadden	
1-18	99-100	.	

#Text=Zoo liepen hem allerlei akelige denkbeelden door het hoofd, terwijl hij zich zelven verweet, dat hij die gevaarlijke reis niet mede gedaan had.
2-1	101-104	Zoo	
2-2	105-111	liepen	
2-3	112-115	hem	
2-4	116-124	allerlei	
2-5	125-132	akelige	
2-6	133-144	denkbeelden	
2-7	145-149	door	
2-8	150-153	het	
2-9	154-159	hoofd	
2-10	159-160	,	
2-11	161-168	terwijl	
2-12	169-172	hij	
2-13	173-177	zich	
2-14	178-184	zelven	
2-15	185-192	verweet	
2-16	192-193	,	
2-17	194-197	dat	
2-18	198-201	hij	
2-19	202-205	die	
2-20	206-217	gevaarlijke	
2-21	218-222	reis	
2-22	223-227	niet	
2-23	228-232	mede	
2-24	233-239	gedaan	
2-25	240-243	had	
2-26	243-244	.	

#Text=bron
#Text=W.J. van der Vegt, Alexis en Iwan, of de overwintering op Spitsbergen.
3-1	249-253	bron	
3-2	254-257	W.J	
3-3	257-258	.	
3-4	259-262	van	
3-5	263-266	der	
3-6	267-271	Vegt	
3-7	271-272	,	
3-8	273-279	Alexis	
3-9	280-282	en	
3-10	283-287	Iwan	
3-11	287-288	,	
3-12	289-291	of	
3-13	292-294	de	
3-14	295-308	overwintering	
3-15	309-311	op	
3-16	312-323	Spitsbergen	
3-17	323-324	.	

#Text=J. de Lange, Deventer
#Text=1845 (tweede druk)
#Text=
#Text=
#Text=
#Text=
#Text=
#Text=Voorberigt voor den tweeden
#Text=druk.
4-1	325-326	J	
4-2	326-327	.	
4-3	328-330	de	
4-4	331-336	Lange	
4-5	336-337	,	
4-6	338-346	Deventer	
4-7	347-351	1845	
4-8	352-353	(	
4-9	353-359	tweede	
4-10	360-364	druk	
4-11	364-365	)	
4-12	371-381	Voorberigt	
4-13	382-386	voor	
4-14	387-390	den	
4-15	391-398	tweeden	
4-16	399-403	druk	
4-17	403-404	.	

#Text=Dit werkje, hetwelk strekken kan, om, zoo als op den titel gezegd wordt, der jeugd gehoorzaamheid aan Ouders en vertrouwen op God in te boezemen, heeft vooral ook ten doel, om de noordelijke deelen van den aardbol meer te doen kennen.
5-1	408-411	Dit	
5-2	412-418	werkje	
5-3	418-419	,	
5-4	420-427	hetwelk	
5-5	428-436	strekken	
5-6	437-440	kan	
5-7	440-441	,	
5-8	442-444	om	
5-9	444-445	,	
5-10	446-449	zoo	
5-11	450-453	als	
5-12	454-456	op	
5-13	457-460	den	
5-14	461-466	titel	
5-15	467-473	gezegd	
5-16	474-479	wordt	
5-17	479-480	,	
5-18	481-484	der	
5-19	485-490	jeugd	
5-20	491-505	gehoorzaamheid	
5-21	506-509	aan	
5-22	510-516	Ouders	
5-23	517-519	en	
5-24	520-530	vertrouwen	
5-25	531-533	op	
5-26	534-537	God	
5-27	538-540	in	
5-28	541-543	te	
5-29	544-552	boezemen	
5-30	552-553	,	
5-31	554-559	heeft	
5-32	560-566	vooral	
5-33	567-570	ook	
5-34	571-574	ten	
5-35	575-579	doel	
5-36	579-580	,	
5-37	581-583	om	
5-38	584-586	de	
5-39	587-598	noordelijke	
5-40	599-605	deelen	
5-41	606-609	van	
5-42	610-613	den	
5-43	614-621	aardbol	
5-44	622-626	meer	
5-45	627-629	te	
5-46	630-634	doen	
5-47	635-641	kennen	
5-48	641-642	.	

#Text=Te dien einde heb ik er zoo veel aardrijksbeschrijving in gebragt, als slechts het plan van het werkje gedoogde, en durf mij alzoo vleijen, dat het ook voornamelijk kan dienen, om den lezer met de luchts- en grondsgesteldheid der Poollanden, de gesteldheid der zee, alsmede de verhevelingen, aan die streken eigen, meer bekend te maken.
6-1	643-645	Te	
6-2	646-650	dien	
6-3	651-656	einde	
6-4	657-660	heb	
6-5	661-663	ik	
6-6	664-666	er	
6-7	667-670	zoo	
6-8	671-675	veel	
6-9	676-697	aardrijksbeschrijving	
6-10	698-700	in	
6-11	701-708	gebragt	
6-12	708-709	,	
6-13	710-713	als	
6-14	714-721	slechts	
6-15	722-725	het	
6-16	726-730	plan	
6-17	731-734	van	
6-18	735-738	het	
6-19	739-745	werkje	
6-20	746-754	gedoogde	
6-21	754-755	,	
6-22	756-758	en	
6-23	759-763	durf	
6-24	764-767	mij	
6-25	768-773	alzoo	
6-26	774-781	vleijen	
6-27	781-782	,	
6-28	783-786	dat	
6-29	787-790	het	
6-30	791-794	ook	
6-31	795-807	voornamelijk	
6-32	808-811	kan	
6-33	812-818	dienen	
6-34	818-819	,	
6-35	820-822	om	
6-36	823-826	den	
6-37	827-832	lezer	
6-38	833-836	met	
6-39	837-839	de	
6-40	840-846	luchts	
6-41	846-847	-	
6-42	848-850	en	
6-43	851-868	grondsgesteldheid	
6-44	869-872	der	
6-45	873-883	Poollanden	
6-46	883-884	,	
6-47	885-887	de	
6-48	888-899	gesteldheid	
6-49	900-903	der	
6-50	904-907	zee	
6-51	907-908	,	
6-52	909-916	alsmede	
6-53	917-919	de	
6-54	920-933	verhevelingen	
6-55	933-934	,	
6-56	935-938	aan	
6-57	939-942	die	
6-58	943-950	streken	
6-59	951-956	eigen	
6-60	956-957	,	
6-61	958-962	meer	
6-62	963-969	bekend	
6-63	970-972	te	
6-64	973-978	maken	
6-65	978-979	.	

#Text=De buitengewone aftrek, dien de eerste uitgave mogt te beurt vallen, doet mij vooronderstellen, dat het werkje door H.
7-1	984-986	De	
7-2	987-999	buitengewone	
7-3	1000-1006	aftrek	
7-4	1006-1007	,	
7-5	1008-1012	dien	
7-6	1013-1015	de	
7-7	1016-1022	eerste	
7-8	1023-1030	uitgave	
7-9	1031-1035	mogt	
7-10	1036-1038	te	
7-11	1039-1044	beurt	
7-12	1045-1051	vallen	
7-13	1051-1052	,	
7-14	1053-1057	doet	
7-15	1058-1061	mij	
7-16	1062-1078	vooronderstellen	
7-17	1078-1079	,	
7-18	1080-1083	dat	
7-19	1084-1087	het	
7-20	1088-1094	werkje	
7-21	1095-1099	door	
7-22	1100-1101	H	
7-23	1101-1102	.	

#Text=H.
8-1	1103-1104	H	
8-2	1104-1105	.	

#Text=Onderwijzers met welgevallen ontvangen, en door de jeugd met graagte gelezen werd, daar de eerste aanzienlijke oplage in den tijd van weinige maanden geheel werd uitverkocht.
9-1	1106-1118	Onderwijzers	
9-2	1119-1122	met	
9-3	1123-1134	welgevallen	
9-4	1135-1144	ontvangen	
9-5	1144-1145	,	
9-6	1146-1148	en	
9-7	1149-1153	door	
9-8	1154-1156	de	
9-9	1157-1162	jeugd	
9-10	1163-1166	met	
9-11	1167-1174	graagte	
9-12	1175-1182	gelezen	
9-13	1183-1187	werd	
9-14	1187-1188	,	
9-15	1189-1193	daar	
9-16	1194-1196	de	
9-17	1197-1203	eerste	
9-18	1204-1216	aanzienlijke	
9-19	1217-1223	oplage	
9-20	1224-1226	in	
9-21	1227-1230	den	
9-22	1231-1235	tijd	
9-23	1236-1239	van	
9-24	1240-1247	weinige	
9-25	1248-1255	maanden	
9-26	1256-1262	geheel	
9-27	1263-1267	werd	
9-28	1268-1279	uitverkocht	
9-29	1279-1280	.	

#Text=Ten zeerste vereerd door den goeden uitslag
#Text=
#Text=
#Text=
#Text=
#Text=
#Text=van dezen mijnen arbeid
#Text=, heb ik het werkje op nieuw nagezien, en hier en daar onderscheidene veranderingen, en, zoo ik hoop, verbeteringen gemaakt.
10-1	1281-1284	Ten	
10-2	1285-1292	zeerste	
10-3	1293-1300	vereerd	
10-4	1301-1305	door	
10-5	1306-1309	den	
10-6	1310-1316	goeden	
10-7	1317-1324	uitslag	
10-8	1330-1333	van	
10-9	1334-1339	dezen	
10-10	1340-1346	mijnen	
10-11	1347-1353	arbeid	
10-12	1354-1355	,	
10-13	1356-1359	heb	
10-14	1360-1362	ik	
10-15	1363-1366	het	
10-16	1367-1373	werkje	
10-17	1374-1376	op	
10-18	1377-1382	nieuw	
10-19	1383-1391	nagezien	
10-20	1391-1392	,	
10-21	1393-1395	en	
10-22	1396-1400	hier	
10-23	1401-1403	en	
10-24	1404-1408	daar	
10-25	1409-1423	onderscheidene	
10-26	1424-1437	veranderingen	
10-27	1437-1438	,	
10-28	1439-1441	en	
10-29	1441-1442	,	
10-30	1443-1446	zoo	
10-31	1447-1449	ik	
10-32	1450-1454	hoop	
10-33	1454-1455	,	
10-34	1456-1469	verbeteringen	
10-35	1470-1477	gemaakt	
10-36	1477-1478	.	

#Text=Ook heb ik gezorgd, dat er plaatjes van de voornaamste, in dit werkje voorkomende dieren, werden in geplaatst, die der jeugd een aanschouwelijk denkbeeld van dezelfde kunnen geven.
11-1	1479-1482	Ook	
11-2	1483-1486	heb	
11-3	1487-1489	ik	
11-4	1490-1497	gezorgd	
11-5	1497-1498	,	
11-6	1499-1502	dat	
11-7	1503-1505	er	
11-8	1506-1514	plaatjes	
11-9	1515-1518	van	
11-10	1519-1521	de	
11-11	1522-1533	voornaamste	
11-12	1533-1534	,	
11-13	1535-1537	in	
11-14	1538-1541	dit	
11-15	1542-1548	werkje	
11-16	1549-1560	voorkomende	
11-17	1561-1567	dieren	
11-18	1567-1568	,	
11-19	1569-1575	werden	
11-20	1576-1578	in	
11-21	1579-1588	geplaatst	
11-22	1588-1589	,	
11-23	1590-1593	die	
11-24	1594-1597	der	
11-25	1598-1603	jeugd	
11-26	1604-1607	een	
11-27	1608-1622	aanschouwelijk	
11-28	1623-1632	denkbeeld	
11-29	1633-1636	van	
11-30	1637-1645	dezelfde	
11-31	1646-1652	kunnen	
11-32	1653-1658	geven	
11-33	1658-1659	.	

#Text=In vertrouwen, dat dit werkje alzoo meer aan deszelfs titel zal kunnen beantwoorden, en in hoop, dat het iets tot uitbreiding der aardrijkskundige kennis voor de jeugd moge bijdragen, zij het op nieuw den H.
12-1	1664-1666	In	
12-2	1667-1677	vertrouwen	
12-3	1677-1678	,	
12-4	1679-1682	dat	
12-5	1683-1686	dit	
12-6	1687-1693	werkje	
12-7	1694-1699	alzoo	
12-8	1700-1704	meer	
12-9	1705-1708	aan	
12-10	1709-1717	deszelfs	
12-11	1718-1723	titel	
12-12	1724-1727	zal	
12-13	1728-1734	kunnen	
12-14	1735-1747	beantwoorden	
12-15	1747-1748	,	
12-16	1749-1751	en	
12-17	1752-1754	in	
12-18	1755-1759	hoop	
12-19	1759-1760	,	
12-20	1761-1764	dat	
12-21	1765-1768	het	
12-22	1769-1773	iets	
12-23	1774-1777	tot	
12-24	1778-1789	uitbreiding	
12-25	1790-1793	der	
12-26	1794-1810	aardrijkskundige	
12-27	1811-1817	kennis	
12-28	1818-1822	voor	
12-29	1823-1825	de	
12-30	1826-1831	jeugd	
12-31	1832-1836	moge	
12-32	1837-1846	bijdragen	
12-33	1846-1847	,	
12-34	1848-1851	zij	
12-35	1852-1855	het	
12-36	1856-1858	op	
12-37	1859-1864	nieuw	
12-38	1865-1868	den	
12-39	1869-1870	H	
12-40	1870-1871	.	

#Text=H.
13-1	1872-1873	H	
13-2	1873-1874	.	

#Text=Onderwijzers en den leergragen kinderen aanbevolen.
14-1	1875-1887	Onderwijzers	
14-2	1888-1890	en	
14-3	1891-1894	den	
14-4	1895-1905	leergragen	
14-5	1906-1914	kinderen	
14-6	1915-1925	aanbevolen	
14-7	1925-1926	.	
