#FORMAT=WebAnno TSV 3.3


#Text=Quicumque oraverit in loco isto, exaudi de habitaculo tuo, id est, de cælis, et propitiare.
#Text=22 Si peccaverit quispiam in proximum suum, et jurare contra eum paratus venerit, seque maledicto constrinxerit coram altari in domo ista : 23 tu audies de cælo, et facies judicium servorum tuorum, ita ut reddas iniquo viam suam in caput proprium, et ulciscaris justum, retribuens ei secundum justitiam suam.
#Text=24 Si superatus fuerit populus tuus Israël ab inimicis (peccabunt enim tibi), et conversi egerint pœnitentiam, et obsecraverint nomen tuum, et fuerint deprecati in loco isto, 25 tu exaudies de cælo : et propitiare peccato populi tui Israël, et reduc eos in terram quam dedisti eis, et patribus eorum.
#Text=26 Si clauso cælo pluvia non fluxerit propter peccata populi, et deprecati te fuerint in loco isto, et confessi nomini tuo, et conversi a peccatis suis, cum eos afflixeris, 27 exaudi de cælo, Domine, et dimitte peccata servis tuis et populi tui Israël, et doce eos viam bonam, per quam ingrediantur : et da pluviam terræ quam dedisti populo tuo ad possidendum.
#Text=28 Fames si orta fuerit in terra, et pestilentia, ærugo, et aurugo, et locusta, et bruchus : et hostes, vastatis regionibus, portas obsederint civitatis, omnisque plaga et infirmitas presserit : 29 si quis de populo tuo Israël fuerit deprecatus, cognoscens plagam et infirmitatem suam, et expanderit manus suas in domo hac, 30 tu exaudies de cælo, de sublimi scilicet habitaculo tuo : et propitiare, et redde unicuique secundum vias suas, quas nosti eum habere in corde suo (tu enim solus nosti corda filiorum hominum) : 31 ut timeant te, et ambulent in viis tuis cunctis diebus quibus vivunt super faciem terræ quam dedisti patribus nostris.
#Text=32 Externum quoque, qui non est de populo tuo Israël, si venerit de terra longinqua propter nomen tuum magnum, et propter manum tuam robustam, et brachium tuum extentum, et adoraverit in loco isto, 33 tu exaudies de cælo firmissimo habitaculo tuo, et facies cuncta pro quibus invocaverit te ille peregrinus : ut sciant omnes populi terræ nomen tuum, et timeant te sicut populus tuus Israël, et cognoscant quia nomen tuum invocatum est super domum hanc quam ædificavi.
#Text=34 Si egressus fuerit populus tuus ad bellum contra adversarios suos per viam in qua miseris eos, adorabunt te contra viam in qua civitas hæc est, quam elegisti, et domus quam ædificavi nomini tuo, 35 tu exaudies de cælo preces eorum, et obsecrationem : et ulciscaris.
#Text=36 Si autem peccaverint tibi (neque enim est homo qui non peccet), et iratus fueris eis, et tradideris hostibus, et captivos duxerint eos in terram longinquam, vel certe quæ juxta est, 37 et conversi in corde suo in terra ad quam captivi ducti fuerant, egerint pœnitentiam, et deprecati te fuerint in terra captivitatis suæ, dicentes : Peccavimus : inique fecimus, injuste egimus : 38 et reversi fuerint ad te in toto corde suo, et in tota anima sua, in terra captivitatis suæ ad quam ducti sunt, adorabunt te contra viam terræ suæ, quam dedisti patribus eorum, et urbis quam elegisti, et domus quam ædificavi nomini tuo : 39 tu exaudies de cælo, hoc est, de firmo habitaculo tuo, preces eorum : et facias judicium, et dimittas populo tuo, quamvis peccatori : 40 tu es enim Deus meus : aperiantur, quæso, oculi tui, et aures tuæ intentæ sint ad orationem quæ fit in loco isto.
#Text=41 Nunc igitur consurge, Domine Deus, in requiem tuam, tu et arca fortitudinis tuæ : sacerdotes tui, Domine Deus, induantur salutem, et sancti tui lætentur in bonis.
#Text=42 Domine Deus, ne averteris faciem christi tui : memento misericordiarum David servi tui.
1-1	2-11	Quicumque	
1-2	12-20	oraverit	
1-3	21-23	in	
1-4	24-28	loco	
1-5	29-33	isto	
1-6	33-34	,	
1-7	35-41	exaudi	
1-8	42-44	de	
1-9	45-55	habitaculo	
1-10	56-59	tuo	
1-11	59-60	,	
1-12	61-63	id	
1-13	64-67	est	
1-14	67-68	,	
1-15	69-71	de	
1-16	72-77	cælis	
1-17	77-78	,	
1-18	79-81	et	
1-19	82-92	propitiare	
1-20	92-93	.	
1-21	94-96	22	
1-22	97-99	Si	
1-23	100-110	peccaverit	
1-24	111-119	quispiam	
1-25	120-122	in	
1-26	123-131	proximum	
1-27	132-136	suum	
1-28	136-137	,	
1-29	138-140	et	
1-30	141-147	jurare	
1-31	148-154	contra	
1-32	155-158	eum	
1-33	159-166	paratus	
1-34	167-174	venerit	
1-35	174-175	,	
1-36	176-181	seque	
1-37	182-191	maledicto	
1-38	192-205	constrinxerit	
1-39	206-211	coram	
1-40	212-218	altari	
1-41	219-221	in	
1-42	222-226	domo	
1-43	227-231	ista	
1-44	232-233	:	
1-45	234-236	23	
1-46	237-239	tu	
1-47	240-246	audies	
1-48	247-249	de	
1-49	250-254	cælo	
1-50	254-255	,	
1-51	256-258	et	
1-52	259-265	facies	
1-53	266-274	judicium	
1-54	275-283	servorum	
1-55	284-290	tuorum	
1-56	290-291	,	
1-57	292-295	ita	
1-58	296-298	ut	
1-59	299-305	reddas	
1-60	306-312	iniquo	
1-61	313-317	viam	
1-62	318-322	suam	
1-63	323-325	in	
1-64	326-331	caput	
1-65	332-340	proprium	
1-66	340-341	,	
1-67	342-344	et	
1-68	345-355	ulciscaris	
1-69	356-362	justum	
1-70	362-363	,	
1-71	364-374	retribuens	
1-72	375-377	ei	
1-73	378-386	secundum	
1-74	387-396	justitiam	
1-75	397-401	suam	
1-76	401-402	.	
1-77	403-405	24	
1-78	406-408	Si	
1-79	409-418	superatus	
1-80	419-425	fuerit	
1-81	426-433	populus	
1-82	434-438	tuus	
1-83	439-445	Israël	
1-84	446-448	ab	
1-85	449-457	inimicis	
1-86	458-459	(	
1-87	459-468	peccabunt	
1-88	469-473	enim	
1-89	474-478	tibi	
1-90	478-479	)	
1-91	479-480	,	
1-92	481-483	et	
1-93	484-492	conversi	
1-94	493-500	egerint	
1-95	501-512	pœnitentiam	
1-96	512-513	,	
1-97	514-516	et	
1-98	517-530	obsecraverint	
1-99	531-536	nomen	
1-100	537-541	tuum	
1-101	541-542	,	
1-102	543-545	et	
1-103	546-553	fuerint	
1-104	554-563	deprecati	
1-105	564-566	in	
1-106	567-571	loco	
1-107	572-576	isto	
1-108	576-577	,	
1-109	578-580	25	
1-110	581-583	tu	
1-111	584-592	exaudies	
1-112	593-595	de	
1-113	596-600	cælo	
1-114	601-602	:	
1-115	603-605	et	
1-116	606-616	propitiare	
1-117	617-624	peccato	
1-118	625-631	populi	
1-119	632-635	tui	
1-120	636-642	Israël	
1-121	642-643	,	
1-122	644-646	et	
1-123	647-652	reduc	
1-124	653-656	eos	
1-125	657-659	in	
1-126	660-666	terram	
1-127	667-671	quam	
1-128	672-679	dedisti	
1-129	680-683	eis	
1-130	683-684	,	
1-131	685-687	et	
1-132	688-696	patribus	
1-133	697-702	eorum	
1-134	702-703	.	
1-135	704-706	26	
1-136	707-709	Si	
1-137	710-716	clauso	
1-138	717-721	cælo	
1-139	722-728	pluvia	
1-140	729-732	non	
1-141	733-741	fluxerit	
1-142	742-749	propter	
1-143	750-757	peccata	
1-144	758-764	populi	
1-145	764-765	,	
1-146	766-768	et	
1-147	769-778	deprecati	
1-148	779-781	te	
1-149	782-789	fuerint	
1-150	790-792	in	
1-151	793-797	loco	
1-152	798-802	isto	
1-153	802-803	,	
1-154	804-806	et	
1-155	807-815	confessi	
1-156	816-822	nomini	
1-157	823-826	tuo	
1-158	826-827	,	
1-159	828-830	et	
1-160	831-839	conversi	
1-161	840-841	a	
1-162	842-850	peccatis	
1-163	851-855	suis	
1-164	855-856	,	
1-165	857-860	cum	
1-166	861-864	eos	
1-167	865-875	afflixeris	
1-168	875-876	,	
1-169	877-879	27	
1-170	880-886	exaudi	
1-171	887-889	de	
1-172	890-894	cælo	
1-173	894-895	,	
1-174	896-902	Domine	
1-175	902-903	,	
1-176	904-906	et	
1-177	907-914	dimitte	
1-178	915-922	peccata	
1-179	923-929	servis	
1-180	930-934	tuis	
1-181	935-937	et	
1-182	938-944	populi	
1-183	945-948	tui	
1-184	949-955	Israël	
1-185	955-956	,	
1-186	957-959	et	
1-187	960-964	doce	
1-188	965-968	eos	
1-189	969-973	viam	
1-190	974-979	bonam	
1-191	979-980	,	
1-192	981-984	per	
1-193	985-989	quam	
1-194	990-1002	ingrediantur	
1-195	1003-1004	:	
1-196	1005-1007	et	
1-197	1008-1010	da	
1-198	1011-1018	pluviam	
1-199	1019-1024	terræ	
1-200	1025-1029	quam	
1-201	1030-1037	dedisti	
1-202	1038-1044	populo	
1-203	1045-1048	tuo	
1-204	1049-1051	ad	
1-205	1052-1063	possidendum	
1-206	1063-1064	.	
1-207	1065-1067	28	
1-208	1068-1073	Fames	
1-209	1074-1076	si	
1-210	1077-1081	orta	
1-211	1082-1088	fuerit	
1-212	1089-1091	in	
1-213	1092-1097	terra	
1-214	1097-1098	,	
1-215	1099-1101	et	
1-216	1102-1113	pestilentia	
1-217	1113-1114	,	
1-218	1115-1120	ærugo	
1-219	1120-1121	,	
1-220	1122-1124	et	
1-221	1125-1131	aurugo	
1-222	1131-1132	,	
1-223	1133-1135	et	
1-224	1136-1143	locusta	
1-225	1143-1144	,	
1-226	1145-1147	et	
1-227	1148-1155	bruchus	
1-228	1156-1157	:	
1-229	1158-1160	et	
1-230	1161-1167	hostes	
1-231	1167-1168	,	
1-232	1169-1177	vastatis	
1-233	1178-1188	regionibus	
1-234	1188-1189	,	
1-235	1190-1196	portas	
1-236	1197-1207	obsederint	
1-237	1208-1217	civitatis	
1-238	1217-1218	,	
1-239	1219-1227	omnisque	
1-240	1228-1233	plaga	
1-241	1234-1236	et	
1-242	1237-1247	infirmitas	
1-243	1248-1257	presserit	
1-244	1258-1259	:	
1-245	1260-1262	29	
1-246	1263-1265	si	
1-247	1266-1270	quis	
1-248	1271-1273	de	
1-249	1274-1280	populo	
1-250	1281-1284	tuo	
1-251	1285-1291	Israël	
1-252	1292-1298	fuerit	
1-253	1299-1309	deprecatus	
1-254	1309-1310	,	
1-255	1311-1321	cognoscens	
1-256	1322-1328	plagam	
1-257	1329-1331	et	
1-258	1332-1344	infirmitatem	
1-259	1345-1349	suam	
1-260	1349-1350	,	
1-261	1351-1353	et	
1-262	1354-1364	expanderit	
1-263	1365-1370	manus	
1-264	1371-1375	suas	
1-265	1376-1378	in	
1-266	1379-1383	domo	
1-267	1384-1387	hac	
1-268	1387-1388	,	
1-269	1389-1391	30	
1-270	1392-1394	tu	
1-271	1395-1403	exaudies	
1-272	1404-1406	de	
1-273	1407-1411	cælo	
1-274	1411-1412	,	
1-275	1413-1415	de	
1-276	1416-1423	sublimi	
1-277	1424-1432	scilicet	
1-278	1433-1443	habitaculo	
1-279	1444-1447	tuo	
1-280	1448-1449	:	
1-281	1450-1452	et	
1-282	1453-1463	propitiare	
1-283	1463-1464	,	
1-284	1465-1467	et	
1-285	1468-1473	redde	
1-286	1474-1483	unicuique	
1-287	1484-1492	secundum	
1-288	1493-1497	vias	
1-289	1498-1502	suas	
1-290	1502-1503	,	
1-291	1504-1508	quas	
1-292	1509-1514	nosti	
1-293	1515-1518	eum	
1-294	1519-1525	habere	
1-295	1526-1528	in	
1-296	1529-1534	corde	
1-297	1535-1538	suo	
1-298	1539-1540	(	
1-299	1540-1542	tu	
1-300	1543-1547	enim	
1-301	1548-1553	solus	
1-302	1554-1559	nosti	
1-303	1560-1565	corda	
1-304	1566-1574	filiorum	
1-305	1575-1582	hominum	
1-306	1582-1583	)	
1-307	1584-1585	:	
1-308	1586-1588	31	
1-309	1589-1591	ut	
1-310	1592-1599	timeant	
1-311	1600-1602	te	
1-312	1602-1603	,	
1-313	1604-1606	et	
1-314	1607-1615	ambulent	
1-315	1616-1618	in	
1-316	1619-1623	viis	
1-317	1624-1628	tuis	
1-318	1629-1636	cunctis	
1-319	1637-1643	diebus	
1-320	1644-1650	quibus	
1-321	1651-1657	vivunt	
1-322	1658-1663	super	
1-323	1664-1670	faciem	
1-324	1671-1676	terræ	
1-325	1677-1681	quam	
1-326	1682-1689	dedisti	
1-327	1690-1698	patribus	
1-328	1699-1706	nostris	
1-329	1706-1707	.	
1-330	1708-1710	32	
1-331	1711-1719	Externum	
1-332	1720-1726	quoque	
1-333	1726-1727	,	
1-334	1728-1731	qui	
1-335	1732-1735	non	
1-336	1736-1739	est	
1-337	1740-1742	de	
1-338	1743-1749	populo	
1-339	1750-1753	tuo	
1-340	1754-1760	Israël	
1-341	1760-1761	,	
1-342	1762-1764	si	
1-343	1765-1772	venerit	
1-344	1773-1775	de	
1-345	1776-1781	terra	
1-346	1782-1791	longinqua	
1-347	1792-1799	propter	
1-348	1800-1805	nomen	
1-349	1806-1810	tuum	
1-350	1811-1817	magnum	
1-351	1817-1818	,	
1-352	1819-1821	et	
1-353	1822-1829	propter	
1-354	1830-1835	manum	
1-355	1836-1840	tuam	
1-356	1841-1849	robustam	
1-357	1849-1850	,	
1-358	1851-1853	et	
1-359	1854-1862	brachium	
1-360	1863-1867	tuum	
1-361	1868-1876	extentum	
1-362	1876-1877	,	
1-363	1878-1880	et	
1-364	1881-1891	adoraverit	
1-365	1892-1894	in	
1-366	1895-1899	loco	
1-367	1900-1904	isto	
1-368	1904-1905	,	
1-369	1906-1908	33	
1-370	1909-1911	tu	
1-371	1912-1920	exaudies	
1-372	1921-1923	de	
1-373	1924-1928	cælo	
1-374	1929-1939	firmissimo	
1-375	1940-1950	habitaculo	
1-376	1951-1954	tuo	
1-377	1954-1955	,	
1-378	1956-1958	et	
1-379	1959-1965	facies	
1-380	1966-1972	cuncta	
1-381	1973-1976	pro	
1-382	1977-1983	quibus	
1-383	1984-1995	invocaverit	
1-384	1996-1998	te	
1-385	1999-2003	ille	
1-386	2004-2014	peregrinus	
1-387	2015-2016	:	
1-388	2017-2019	ut	
1-389	2020-2026	sciant	
1-390	2027-2032	omnes	
1-391	2033-2039	populi	
1-392	2040-2045	terræ	
1-393	2046-2051	nomen	
1-394	2052-2056	tuum	
1-395	2056-2057	,	
1-396	2058-2060	et	
1-397	2061-2068	timeant	
1-398	2069-2071	te	
1-399	2072-2077	sicut	
1-400	2078-2085	populus	
1-401	2086-2090	tuus	
1-402	2091-2097	Israël	
1-403	2097-2098	,	
1-404	2099-2101	et	
1-405	2102-2112	cognoscant	
1-406	2113-2117	quia	
1-407	2118-2123	nomen	
1-408	2124-2128	tuum	
1-409	2129-2138	invocatum	
1-410	2139-2142	est	
1-411	2143-2148	super	
1-412	2149-2154	domum	
1-413	2155-2159	hanc	
1-414	2160-2164	quam	
1-415	2165-2174	ædificavi	
1-416	2174-2175	.	
1-417	2176-2178	34	
1-418	2179-2181	Si	
1-419	2182-2190	egressus	
1-420	2191-2197	fuerit	
1-421	2198-2205	populus	
1-422	2206-2210	tuus	
1-423	2211-2213	ad	
1-424	2214-2220	bellum	
1-425	2221-2227	contra	
1-426	2228-2239	adversarios	
1-427	2240-2244	suos	
1-428	2245-2248	per	
1-429	2249-2253	viam	
1-430	2254-2256	in	
1-431	2257-2260	qua	
1-432	2261-2268	miseris	
1-433	2269-2272	eos	
1-434	2272-2273	,	
1-435	2274-2283	adorabunt	
1-436	2284-2286	te	
1-437	2287-2293	contra	
1-438	2294-2298	viam	
1-439	2299-2301	in	
1-440	2302-2305	qua	
1-441	2306-2313	civitas	
1-442	2314-2317	hæc	
1-443	2318-2321	est	
1-444	2321-2322	,	
1-445	2323-2327	quam	
1-446	2328-2336	elegisti	
1-447	2336-2337	,	
1-448	2338-2340	et	
1-449	2341-2346	domus	
1-450	2347-2351	quam	
1-451	2352-2361	ædificavi	
1-452	2362-2368	nomini	
1-453	2369-2372	tuo	
1-454	2372-2373	,	
1-455	2374-2376	35	
1-456	2377-2379	tu	
1-457	2380-2388	exaudies	
1-458	2389-2391	de	
1-459	2392-2396	cælo	
1-460	2397-2403	preces	
1-461	2404-2409	eorum	
1-462	2409-2410	,	
1-463	2411-2413	et	
1-464	2414-2427	obsecrationem	
1-465	2428-2429	:	
1-466	2430-2432	et	
1-467	2433-2443	ulciscaris	
1-468	2443-2444	.	
1-469	2445-2447	36	
1-470	2448-2450	Si	
1-471	2451-2456	autem	
1-472	2457-2468	peccaverint	
1-473	2469-2473	tibi	
1-474	2474-2475	(	
1-475	2475-2480	neque	
1-476	2481-2485	enim	
1-477	2486-2489	est	
1-478	2490-2494	homo	
1-479	2495-2498	qui	
1-480	2499-2502	non	
1-481	2503-2509	peccet	
1-482	2509-2510	)	
1-483	2510-2511	,	
1-484	2512-2514	et	
1-485	2515-2521	iratus	
1-486	2522-2528	fueris	
1-487	2529-2532	eis	
1-488	2532-2533	,	
1-489	2534-2536	et	
1-490	2537-2547	tradideris	
1-491	2548-2556	hostibus	
1-492	2556-2557	,	
1-493	2558-2560	et	
1-494	2561-2569	captivos	
1-495	2570-2578	duxerint	
1-496	2579-2582	eos	
1-497	2583-2585	in	
1-498	2586-2592	terram	
1-499	2593-2603	longinquam	
1-500	2603-2604	,	
1-501	2605-2608	vel	
1-502	2609-2614	certe	
1-503	2615-2618	quæ	
1-504	2619-2624	juxta	
1-505	2625-2628	est	
1-506	2628-2629	,	
1-507	2630-2632	37	
1-508	2633-2635	et	
1-509	2636-2644	conversi	
1-510	2645-2647	in	
1-511	2648-2653	corde	
1-512	2654-2657	suo	
1-513	2658-2660	in	
1-514	2661-2666	terra	
1-515	2667-2669	ad	
1-516	2670-2674	quam	
1-517	2675-2682	captivi	
1-518	2683-2688	ducti	
1-519	2689-2696	fuerant	
1-520	2696-2697	,	
1-521	2698-2705	egerint	
1-522	2706-2717	pœnitentiam	
1-523	2717-2718	,	
1-524	2719-2721	et	
1-525	2722-2731	deprecati	
1-526	2732-2734	te	
1-527	2735-2742	fuerint	
1-528	2743-2745	in	
1-529	2746-2751	terra	
1-530	2752-2764	captivitatis	
1-531	2765-2768	suæ	
1-532	2768-2769	,	
1-533	2770-2778	dicentes	
1-534	2779-2780	:	
1-535	2781-2791	Peccavimus	
1-536	2792-2793	:	
1-537	2794-2800	inique	
1-538	2801-2808	fecimus	
1-539	2808-2809	,	
1-540	2810-2817	injuste	
1-541	2818-2824	egimus	
1-542	2825-2826	:	
1-543	2827-2829	38	
1-544	2830-2832	et	
1-545	2833-2840	reversi	
1-546	2841-2848	fuerint	
1-547	2849-2851	ad	
1-548	2852-2854	te	
1-549	2855-2857	in	
1-550	2858-2862	toto	
1-551	2863-2868	corde	
1-552	2869-2872	suo	
1-553	2872-2873	,	
1-554	2874-2876	et	
1-555	2877-2879	in	
1-556	2880-2884	tota	
1-557	2885-2890	anima	
1-558	2891-2894	sua	
1-559	2894-2895	,	
1-560	2896-2898	in	
1-561	2899-2904	terra	
1-562	2905-2917	captivitatis	
1-563	2918-2921	suæ	
1-564	2922-2924	ad	
1-565	2925-2929	quam	
1-566	2930-2935	ducti	
1-567	2936-2940	sunt	
1-568	2940-2941	,	
1-569	2942-2951	adorabunt	
1-570	2952-2954	te	
1-571	2955-2961	contra	
1-572	2962-2966	viam	
1-573	2967-2972	terræ	
1-574	2973-2976	suæ	
1-575	2976-2977	,	
1-576	2978-2982	quam	
1-577	2983-2990	dedisti	
1-578	2991-2999	patribus	
1-579	3000-3005	eorum	
1-580	3005-3006	,	
1-581	3007-3009	et	
1-582	3010-3015	urbis	
1-583	3016-3020	quam	
1-584	3021-3029	elegisti	
1-585	3029-3030	,	
1-586	3031-3033	et	
1-587	3034-3039	domus	
1-588	3040-3044	quam	
1-589	3045-3054	ædificavi	
1-590	3055-3061	nomini	
1-591	3062-3065	tuo	
1-592	3066-3067	:	
1-593	3068-3070	39	
1-594	3071-3073	tu	
1-595	3074-3082	exaudies	
1-596	3083-3085	de	
1-597	3086-3090	cælo	
1-598	3090-3091	,	
1-599	3092-3095	hoc	
1-600	3096-3099	est	
1-601	3099-3100	,	
1-602	3101-3103	de	
1-603	3104-3109	firmo	
1-604	3110-3120	habitaculo	
1-605	3121-3124	tuo	
1-606	3124-3125	,	
1-607	3126-3132	preces	
1-608	3133-3138	eorum	
1-609	3139-3140	:	
1-610	3141-3143	et	
1-611	3144-3150	facias	
1-612	3151-3159	judicium	
1-613	3159-3160	,	
1-614	3161-3163	et	
1-615	3164-3172	dimittas	
1-616	3173-3179	populo	
1-617	3180-3183	tuo	
1-618	3183-3184	,	
1-619	3185-3192	quamvis	
1-620	3193-3202	peccatori	
1-621	3203-3204	:	
1-622	3205-3207	40	
1-623	3208-3210	tu	
1-624	3211-3213	es	
1-625	3214-3218	enim	
1-626	3219-3223	Deus	
1-627	3224-3228	meus	
1-628	3229-3230	:	
1-629	3231-3241	aperiantur	
1-630	3241-3242	,	
1-631	3243-3248	quæso	
1-632	3248-3249	,	
1-633	3250-3255	oculi	
1-634	3256-3259	tui	
1-635	3259-3260	,	
1-636	3261-3263	et	
1-637	3264-3269	aures	
1-638	3270-3273	tuæ	
1-639	3274-3281	intentæ	
1-640	3282-3286	sint	
1-641	3287-3289	ad	
1-642	3290-3299	orationem	
1-643	3300-3303	quæ	
1-644	3304-3307	fit	
1-645	3308-3310	in	
1-646	3311-3315	loco	
1-647	3316-3320	isto	
1-648	3320-3321	.	
1-649	3322-3324	41	
1-650	3325-3329	Nunc	
1-651	3330-3336	igitur	
1-652	3337-3345	consurge	
1-653	3345-3346	,	
1-654	3347-3353	Domine	
1-655	3354-3358	Deus	
1-656	3358-3359	,	
1-657	3360-3362	in	
1-658	3363-3370	requiem	
1-659	3371-3375	tuam	
1-660	3375-3376	,	
1-661	3377-3379	tu	
1-662	3380-3382	et	
1-663	3383-3387	arca	
1-664	3388-3400	fortitudinis	
1-665	3401-3404	tuæ	
1-666	3405-3406	:	
1-667	3407-3417	sacerdotes	
1-668	3418-3421	tui	
1-669	3421-3422	,	
1-670	3423-3429	Domine	
1-671	3430-3434	Deus	
1-672	3434-3435	,	
1-673	3436-3445	induantur	
1-674	3446-3453	salutem	
1-675	3453-3454	,	
1-676	3455-3457	et	
1-677	3458-3464	sancti	
1-678	3465-3468	tui	
1-679	3469-3477	lætentur	
1-680	3478-3480	in	
1-681	3481-3486	bonis	
1-682	3486-3487	.	
1-683	3488-3490	42	
1-684	3491-3497	Domine	
1-685	3498-3502	Deus	
1-686	3502-3503	,	
1-687	3504-3506	ne	
1-688	3507-3516	averteris	
1-689	3517-3523	faciem	
1-690	3524-3531	christi	
1-691	3532-3535	tui	
1-692	3536-3537	:	
1-693	3538-3545	memento	
1-694	3546-3561	misericordiarum	
1-695	3562-3567	David	
1-696	3568-3573	servi	
1-697	3574-3577	tui	
1-698	3577-3578	.	

#Text=Caput 7
#Text=
#Text=
#Text=1 Cumque complesset Salomon fundens preces, ignis descendit de cælo, et devoravit holocausta et victimas : et majestas Domini implevit domum.
#Text=2 Nec poterant sacerdotes ingredi templum Domini, eo quod implesset majestas Domini templum Domini.
#Text=3 Sed et omnes filii Israël videbant descendentem ignem, et gloriam Domini super domum : et corruentes proni in terram super pavimentum stratum lapide, adoraverunt, et laudaverunt Dominum, quoniam bonus, quoniam in sæculum misericordia ejus.
#Text=4 Rex autem et omnis populus immolabant victimas coram Domino.
#Text=5 Mactavit igitur rex Salomon hostias, boum viginti duo millia, arietum centum viginti millia : et dedicavit domum Dei rex, et universus populus.
#Text=6 Sacerdotes autem stabant in officiis suis, et Levitæ in organis carminum Domini, quæ fecit David rex ad laudandum Dominum : Quoniam in æternum misericordia ejus, hymnos David canentes per manus suas : porro sacerdotes canebant tubis ante eos, cunctusque Israël stabat.
#Text=7 Sanctificavit quoque Salomon medium atrii ante templum Domini : obtulerat enim ibi holocausta et adipes pacificorum : quia altare æneum quod fecerat, non poterat sustinere holocausta et sacrificia et adipes.
#Text=8 Fecit ergo Salomon solemnitatem in tempore illo septem diebus, et omnis Israël cum eo, ecclesia magna valde, ab introitu Emath usque ad torrentem Ægypti.
#Text=9 Fecitque die octavo collectam, eo quod dedicasset altare septem diebus, et solemnitatem celebrasset diebus septem.
#Text=10 Igitur in die vigesimo tertio mensis septimi, dimisit populos ad tabernacula sua, lætantes atque gaudentes super bono quod fecerat Dominus Davidi, et Salomoni, et Israëli populo suo.
2-1	3579-3584	Caput	
2-2	3585-3586	7	
2-3	3589-3590	1	
2-4	3591-3597	Cumque	
2-5	3598-3608	complesset	
2-6	3609-3616	Salomon	
2-7	3617-3624	fundens	
2-8	3625-3631	preces	
2-9	3631-3632	,	
2-10	3633-3638	ignis	
2-11	3639-3648	descendit	
2-12	3649-3651	de	
2-13	3652-3656	cælo	
2-14	3656-3657	,	
2-15	3658-3660	et	
2-16	3661-3670	devoravit	
2-17	3671-3681	holocausta	
2-18	3682-3684	et	
2-19	3685-3693	victimas	
2-20	3694-3695	:	
2-21	3696-3698	et	
2-22	3699-3707	majestas	
2-23	3708-3714	Domini	
2-24	3715-3723	implevit	
2-25	3724-3729	domum	
2-26	3729-3730	.	
2-27	3731-3732	2	
2-28	3733-3736	Nec	
2-29	3737-3745	poterant	
2-30	3746-3756	sacerdotes	
2-31	3757-3764	ingredi	
2-32	3765-3772	templum	
2-33	3773-3779	Domini	
2-34	3779-3780	,	
2-35	3781-3783	eo	
2-36	3784-3788	quod	
2-37	3789-3798	implesset	
2-38	3799-3807	majestas	
2-39	3808-3814	Domini	
2-40	3815-3822	templum	
2-41	3823-3829	Domini	
2-42	3829-3830	.	
2-43	3831-3832	3	
2-44	3833-3836	Sed	
2-45	3837-3839	et	
2-46	3840-3845	omnes	
2-47	3846-3851	filii	
2-48	3852-3858	Israël	
2-49	3859-3867	videbant	
2-50	3868-3880	descendentem	
2-51	3881-3886	ignem	
2-52	3886-3887	,	
2-53	3888-3890	et	
2-54	3891-3898	gloriam	
2-55	3899-3905	Domini	
2-56	3906-3911	super	
2-57	3912-3917	domum	
2-58	3918-3919	:	
2-59	3920-3922	et	
2-60	3923-3933	corruentes	
2-61	3934-3939	proni	
2-62	3940-3942	in	
2-63	3943-3949	terram	
2-64	3950-3955	super	
2-65	3956-3966	pavimentum	
2-66	3967-3974	stratum	
2-67	3975-3981	lapide	
2-68	3981-3982	,	
2-69	3983-3994	adoraverunt	
2-70	3994-3995	,	
2-71	3996-3998	et	
2-72	3999-4010	laudaverunt	
2-73	4011-4018	Dominum	
2-74	4018-4019	,	
2-75	4020-4027	quoniam	
2-76	4028-4033	bonus	
2-77	4033-4034	,	
2-78	4035-4042	quoniam	
2-79	4043-4045	in	
2-80	4046-4053	sæculum	
2-81	4054-4066	misericordia	
2-82	4067-4071	ejus	
2-83	4071-4072	.	
2-84	4073-4074	4	
2-85	4075-4078	Rex	
2-86	4079-4084	autem	
2-87	4085-4087	et	
2-88	4088-4093	omnis	
2-89	4094-4101	populus	
2-90	4102-4112	immolabant	
2-91	4113-4121	victimas	
2-92	4122-4127	coram	
2-93	4128-4134	Domino	
2-94	4134-4135	.	
2-95	4136-4137	5	
2-96	4138-4146	Mactavit	
2-97	4147-4153	igitur	
2-98	4154-4157	rex	
2-99	4158-4165	Salomon	
2-100	4166-4173	hostias	
2-101	4173-4174	,	
2-102	4175-4179	boum	
2-103	4180-4187	viginti	
2-104	4188-4191	duo	
2-105	4192-4198	millia	
2-106	4198-4199	,	
2-107	4200-4207	arietum	
2-108	4208-4214	centum	
2-109	4215-4222	viginti	
2-110	4223-4229	millia	
2-111	4230-4231	:	
2-112	4232-4234	et	
2-113	4235-4244	dedicavit	
2-114	4245-4250	domum	
2-115	4251-4254	Dei	
2-116	4255-4258	rex	
2-117	4258-4259	,	
2-118	4260-4262	et	
2-119	4263-4272	universus	
2-120	4273-4280	populus	
2-121	4280-4281	.	
2-122	4282-4283	6	
2-123	4284-4294	Sacerdotes	
2-124	4295-4300	autem	
2-125	4301-4308	stabant	
2-126	4309-4311	in	
2-127	4312-4320	officiis	
2-128	4321-4325	suis	
2-129	4325-4326	,	
2-130	4327-4329	et	
2-131	4330-4336	Levitæ	
2-132	4337-4339	in	
2-133	4340-4347	organis	
2-134	4348-4356	carminum	
2-135	4357-4363	Domini	
2-136	4363-4364	,	
2-137	4365-4368	quæ	
2-138	4369-4374	fecit	
2-139	4375-4380	David	
2-140	4381-4384	rex	
2-141	4385-4387	ad	
2-142	4388-4397	laudandum	
2-143	4398-4405	Dominum	
2-144	4406-4407	:	
2-145	4408-4415	Quoniam	
2-146	4416-4418	in	
2-147	4419-4426	æternum	
2-148	4427-4439	misericordia	
2-149	4440-4444	ejus	
2-150	4444-4445	,	
2-151	4446-4452	hymnos	
2-152	4453-4458	David	
2-153	4459-4467	canentes	
2-154	4468-4471	per	
2-155	4472-4477	manus	
2-156	4478-4482	suas	
2-157	4483-4484	:	
2-158	4485-4490	porro	
2-159	4491-4501	sacerdotes	
2-160	4502-4510	canebant	
2-161	4511-4516	tubis	
2-162	4517-4521	ante	
2-163	4522-4525	eos	
2-164	4525-4526	,	
2-165	4527-4537	cunctusque	
2-166	4538-4544	Israël	
2-167	4545-4551	stabat	
2-168	4551-4552	.	
2-169	4553-4554	7	
2-170	4555-4568	Sanctificavit	
2-171	4569-4575	quoque	
2-172	4576-4583	Salomon	
2-173	4584-4590	medium	
2-174	4591-4596	atrii	
2-175	4597-4601	ante	
2-176	4602-4609	templum	
2-177	4610-4616	Domini	
2-178	4617-4618	:	
2-179	4619-4628	obtulerat	
2-180	4629-4633	enim	
2-181	4634-4637	ibi	
2-182	4638-4648	holocausta	
2-183	4649-4651	et	
2-184	4652-4658	adipes	
2-185	4659-4670	pacificorum	
2-186	4671-4672	:	
2-187	4673-4677	quia	
2-188	4678-4684	altare	
2-189	4685-4690	æneum	
2-190	4691-4695	quod	
2-191	4696-4703	fecerat	
2-192	4703-4704	,	
2-193	4705-4708	non	
2-194	4709-4716	poterat	
2-195	4717-4726	sustinere	
2-196	4727-4737	holocausta	
2-197	4738-4740	et	
2-198	4741-4751	sacrificia	
2-199	4752-4754	et	
2-200	4755-4761	adipes	
2-201	4761-4762	.	
2-202	4763-4764	8	
2-203	4765-4770	Fecit	
2-204	4771-4775	ergo	
2-205	4776-4783	Salomon	
2-206	4784-4796	solemnitatem	
2-207	4797-4799	in	
2-208	4800-4807	tempore	
2-209	4808-4812	illo	
2-210	4813-4819	septem	
2-211	4820-4826	diebus	
2-212	4826-4827	,	
2-213	4828-4830	et	
2-214	4831-4836	omnis	
2-215	4837-4843	Israël	
2-216	4844-4847	cum	
2-217	4848-4850	eo	
2-218	4850-4851	,	
2-219	4852-4860	ecclesia	
2-220	4861-4866	magna	
2-221	4867-4872	valde	
2-222	4872-4873	,	
2-223	4874-4876	ab	
2-224	4877-4885	introitu	
2-225	4886-4891	Emath	
2-226	4892-4897	usque	
2-227	4898-4900	ad	
2-228	4901-4910	torrentem	
2-229	4911-4917	Ægypti	
2-230	4917-4918	.	
2-231	4919-4920	9	
2-232	4921-4929	Fecitque	
2-233	4930-4933	die	
2-234	4934-4940	octavo	
2-235	4941-4950	collectam	
2-236	4950-4951	,	
2-237	4952-4954	eo	
2-238	4955-4959	quod	
2-239	4960-4970	dedicasset	
2-240	4971-4977	altare	
2-241	4978-4984	septem	
2-242	4985-4991	diebus	
2-243	4991-4992	,	
2-244	4993-4995	et	
2-245	4996-5008	solemnitatem	
2-246	5009-5020	celebrasset	
2-247	5021-5027	diebus	
2-248	5028-5034	septem	
2-249	5034-5035	.	
2-250	5036-5038	10	
2-251	5039-5045	Igitur	
2-252	5046-5048	in	
2-253	5049-5052	die	
2-254	5053-5061	vigesimo	
2-255	5062-5068	tertio	
2-256	5069-5075	mensis	
2-257	5076-5083	septimi	
2-258	5083-5084	,	
2-259	5085-5092	dimisit	
2-260	5093-5100	populos	
2-261	5101-5103	ad	
2-262	5104-5115	tabernacula	
2-263	5116-5119	sua	
2-264	5119-5120	,	
2-265	5121-5129	lætantes	
2-266	5130-5135	atque	
2-267	5136-5145	gaudentes	
2-268	5146-5151	super	
2-269	5152-5156	bono	
2-270	5157-5161	quod	
2-271	5162-5169	fecerat	
2-272	5170-5177	Dominus	
2-273	5178-5184	Davidi	
2-274	5184-5185	,	
2-275	5186-5188	et	
2-276	5189-5197	Salomoni	
2-277	5197-5198	,	
2-278	5199-5201	et	
2-279	5202-5209	Israëli	
2-280	5210-5216	populo	
2-281	5217-5220	suo	
2-282	5220-5221	.	
