#FORMAT=WebAnno TSV 3.3


#Text=5 Quia ego cognovi quod magnus est Dominus, et Deus noster præ omnibus diis.
#Text=6 Omnia quæcumque voluit Dominus fecit, in cælo, in terra, in mari et in omnibus abyssis.
#Text=7 Educens nubes ab extremo terræ, fulgura in pluviam fecit ; qui producit ventos de thesauris suis.
#Text=8 Qui percussit primogenita Ægypti, ab homine usque ad pecus.
#Text=9 Et misit signa et prodigia in medio tui, Ægypte : in Pharaonem, et in omnes servos ejus.
#Text=10 Qui percussit gentes multas, et occidit reges fortes : 11 Sehon, regem Amorrhæorum, et Og, regem Basan, et omnia regna Chanaan : 12 et dedit terram eorum hæreditatem, hæreditatem Israël populo suo.
#Text=13 Domine, nomen tuum in æternum ; Domine, memoriale tuum in generationem et generationem.
#Text=14 Quia judicabit Dominus populum suum, et in servis suis deprecabitur.
#Text=15 Simulacra gentium argentum et aurum, opera manuum hominum.
#Text=16 Os habent, et non loquentur ; oculos habent, et non videbunt.
#Text=17 Aures habent, et non audient ; neque enim est spiritus in ore ipsorum.
#Text=18 Similes illis fiant qui faciunt ea, et omnes qui confidunt in eis.
#Text=19 Domus Israël, benedicite Domino ; domus Aaron, benedicite Domino.
#Text=20 Domus Levi, benedicite Domino ; qui timetis Dominum, benedicite Domino.
#Text=21 Benedictus Dominus ex Sion, qui habitat in Jerusalem.
1-1	2-3	5	
1-2	4-8	Quia	
1-3	9-12	ego	
1-4	13-20	cognovi	
1-5	21-25	quod	
1-6	26-32	magnus	
1-7	33-36	est	
1-8	37-44	Dominus	
1-9	44-45	,	
1-10	46-48	et	
1-11	49-53	Deus	
1-12	54-60	noster	
1-13	61-64	præ	
1-14	65-72	omnibus	
1-15	73-77	diis	
1-16	77-78	.	
1-17	79-80	6	
1-18	81-86	Omnia	
1-19	87-96	quæcumque	
1-20	97-103	voluit	
1-21	104-111	Dominus	
1-22	112-117	fecit	
1-23	117-118	,	
1-24	119-121	in	
1-25	122-126	cælo	
1-26	126-127	,	
1-27	128-130	in	
1-28	131-136	terra	
1-29	136-137	,	
1-30	138-140	in	
1-31	141-145	mari	
1-32	146-148	et	
1-33	149-151	in	
1-34	152-159	omnibus	
1-35	160-167	abyssis	
1-36	167-168	.	
1-37	169-170	7	
1-38	171-178	Educens	
1-39	179-184	nubes	
1-40	185-187	ab	
1-41	188-195	extremo	
1-42	196-201	terræ	
1-43	201-202	,	
1-44	203-210	fulgura	
1-45	211-213	in	
1-46	214-221	pluviam	
1-47	222-227	fecit	
1-48	228-229	;	
1-49	230-233	qui	
1-50	234-242	producit	
1-51	243-249	ventos	
1-52	250-252	de	
1-53	253-262	thesauris	
1-54	263-267	suis	
1-55	267-268	.	
1-56	269-270	8	
1-57	271-274	Qui	
1-58	275-284	percussit	
1-59	285-296	primogenita	
1-60	297-303	Ægypti	
1-61	303-304	,	
1-62	305-307	ab	
1-63	308-314	homine	
1-64	315-320	usque	
1-65	321-323	ad	
1-66	324-329	pecus	
1-67	329-330	.	
1-68	331-332	9	
1-69	333-335	Et	
1-70	336-341	misit	
1-71	342-347	signa	
1-72	348-350	et	
1-73	351-359	prodigia	
1-74	360-362	in	
1-75	363-368	medio	
1-76	369-372	tui	
1-77	372-373	,	
1-78	374-380	Ægypte	
1-79	381-382	:	
1-80	383-385	in	
1-81	386-395	Pharaonem	
1-82	395-396	,	
1-83	397-399	et	
1-84	400-402	in	
1-85	403-408	omnes	
1-86	409-415	servos	
1-87	416-420	ejus	
1-88	420-421	.	
1-89	422-424	10	
1-90	425-428	Qui	
1-91	429-438	percussit	
1-92	439-445	gentes	
1-93	446-452	multas	
1-94	452-453	,	
1-95	454-456	et	
1-96	457-464	occidit	
1-97	465-470	reges	
1-98	471-477	fortes	
1-99	478-479	:	
1-100	480-482	11	
1-101	483-488	Sehon	
1-102	488-489	,	
1-103	490-495	regem	
1-104	496-507	Amorrhæorum	
1-105	507-508	,	
1-106	509-511	et	
1-107	512-514	Og	
1-108	514-515	,	
1-109	516-521	regem	
1-110	522-527	Basan	
1-111	527-528	,	
1-112	529-531	et	
1-113	532-537	omnia	
1-114	538-543	regna	
1-115	544-551	Chanaan	
1-116	552-553	:	
1-117	554-556	12	
1-118	557-559	et	
1-119	560-565	dedit	
1-120	566-572	terram	
1-121	573-578	eorum	
1-122	579-590	hæreditatem	
1-123	590-591	,	
1-124	592-603	hæreditatem	
1-125	604-610	Israël	
1-126	611-617	populo	
1-127	618-621	suo	
1-128	621-622	.	
1-129	623-625	13	
1-130	626-632	Domine	
1-131	632-633	,	
1-132	634-639	nomen	
1-133	640-644	tuum	
1-134	645-647	in	
1-135	648-655	æternum	
1-136	656-657	;	
1-137	658-664	Domine	
1-138	664-665	,	
1-139	666-675	memoriale	
1-140	676-680	tuum	
1-141	681-683	in	
1-142	684-696	generationem	
1-143	697-699	et	
1-144	700-712	generationem	
1-145	712-713	.	
1-146	714-716	14	
1-147	717-721	Quia	
1-148	722-731	judicabit	
1-149	732-739	Dominus	
1-150	740-747	populum	
1-151	748-752	suum	
1-152	752-753	,	
1-153	754-756	et	
1-154	757-759	in	
1-155	760-766	servis	
1-156	767-771	suis	
1-157	772-784	deprecabitur	
1-158	784-785	.	
1-159	786-788	15	
1-160	789-798	Simulacra	
1-161	799-806	gentium	
1-162	807-815	argentum	
1-163	816-818	et	
1-164	819-824	aurum	
1-165	824-825	,	
1-166	826-831	opera	
1-167	832-838	manuum	
1-168	839-846	hominum	
1-169	846-847	.	
1-170	848-850	16	
1-171	851-853	Os	
1-172	854-860	habent	
1-173	860-861	,	
1-174	862-864	et	
1-175	865-868	non	
1-176	869-878	loquentur	
1-177	879-880	;	
1-178	881-887	oculos	
1-179	888-894	habent	
1-180	894-895	,	
1-181	896-898	et	
1-182	899-902	non	
1-183	903-911	videbunt	
1-184	911-912	.	
1-185	913-915	17	
1-186	916-921	Aures	
1-187	922-928	habent	
1-188	928-929	,	
1-189	930-932	et	
1-190	933-936	non	
1-191	937-944	audient	
1-192	945-946	;	
1-193	947-952	neque	
1-194	953-957	enim	
1-195	958-961	est	
1-196	962-970	spiritus	
1-197	971-973	in	
1-198	974-977	ore	
1-199	978-985	ipsorum	
1-200	985-986	.	
1-201	987-989	18	
1-202	990-997	Similes	
1-203	998-1003	illis	
1-204	1004-1009	fiant	
1-205	1010-1013	qui	
1-206	1014-1021	faciunt	
1-207	1022-1024	ea	
1-208	1024-1025	,	
1-209	1026-1028	et	
1-210	1029-1034	omnes	
1-211	1035-1038	qui	
1-212	1039-1048	confidunt	
1-213	1049-1051	in	
1-214	1052-1055	eis	
1-215	1055-1056	.	
1-216	1057-1059	19	
1-217	1060-1065	Domus	
1-218	1066-1072	Israël	
1-219	1072-1073	,	
1-220	1074-1084	benedicite	
1-221	1085-1091	Domino	
1-222	1092-1093	;	
1-223	1094-1099	domus	
1-224	1100-1105	Aaron	
1-225	1105-1106	,	
1-226	1107-1117	benedicite	
1-227	1118-1124	Domino	
1-228	1124-1125	.	
1-229	1126-1128	20	
1-230	1129-1134	Domus	
1-231	1135-1139	Levi	
1-232	1139-1140	,	
1-233	1141-1151	benedicite	
1-234	1152-1158	Domino	
1-235	1159-1160	;	
1-236	1161-1164	qui	
1-237	1165-1172	timetis	
1-238	1173-1180	Dominum	
1-239	1180-1181	,	
1-240	1182-1192	benedicite	
1-241	1193-1199	Domino	
1-242	1199-1200	.	
1-243	1201-1203	21	
1-244	1204-1214	Benedictus	
1-245	1215-1222	Dominus	
1-246	1223-1225	ex	
1-247	1226-1230	Sion	
1-248	1230-1231	,	
1-249	1232-1235	qui	
1-250	1236-1243	habitat	
1-251	1244-1246	in	
1-252	1247-1256	Jerusalem	
1-253	1256-1257	.	

#Text=Caput 135
#Text=
#Text=
#Text=1 Alleluja.
2-1	1258-1263	Caput	
2-2	1264-1267	135	
2-3	1270-1271	1	
2-4	1272-1280	Alleluja	
2-5	1280-1281	.	

#Text=Confitemini Domino, quoniam bonus, quoniam in æternum misericordia ejus.
#Text=2 Confitemini Deo deorum, quoniam in æternum misericordia ejus.
#Text=3 Confitemini Domino dominorum, quoniam in æternum misericordia ejus.
#Text=4 Qui facit mirabilia magna solus, quoniam in æternum misericordia ejus.
3-1	1282-1293	Confitemini	
3-2	1294-1300	Domino	
3-3	1300-1301	,	
3-4	1302-1309	quoniam	
3-5	1310-1315	bonus	
3-6	1315-1316	,	
3-7	1317-1324	quoniam	
3-8	1325-1327	in	
3-9	1328-1335	æternum	
3-10	1336-1348	misericordia	
3-11	1349-1353	ejus	
3-12	1353-1354	.	
3-13	1355-1356	2	
3-14	1357-1368	Confitemini	
3-15	1369-1372	Deo	
3-16	1373-1379	deorum	
3-17	1379-1380	,	
3-18	1381-1388	quoniam	
3-19	1389-1391	in	
3-20	1392-1399	æternum	
3-21	1400-1412	misericordia	
3-22	1413-1417	ejus	
3-23	1417-1418	.	
3-24	1419-1420	3	
3-25	1421-1432	Confitemini	
3-26	1433-1439	Domino	
3-27	1440-1449	dominorum	
3-28	1449-1450	,	
3-29	1451-1458	quoniam	
3-30	1459-1461	in	
3-31	1462-1469	æternum	
3-32	1470-1482	misericordia	
3-33	1483-1487	ejus	
3-34	1487-1488	.	
3-35	1489-1490	4	
3-36	1491-1494	Qui	
3-37	1495-1500	facit	
3-38	1501-1510	mirabilia	
3-39	1511-1516	magna	
3-40	1517-1522	solus	
3-41	1522-1523	,	
3-42	1524-1531	quoniam	
3-43	1532-1534	in	
3-44	1535-1542	æternum	
3-45	1543-1555	misericordia	
3-46	1556-1560	ejus	
3-47	1560-1561	.	
