#FORMAT=WebAnno TSV 3.3


#Text=137.
1-1	0-3	137	
1-2	3-4	.	

#Text=Se il Consiglio de ' Sessanta dichiara che vi è luogo ad esame, l ' imputato è chiamato dal Consiglio de ' Seniori: egli ha per comparire la dilazione di tre giorni intieri, e se comparisce è ascoltato nell ' interno del luogo delle Sessioni di detto Consiglio.
#Text=138.
2-1	5-7	Se	
2-2	8-10	il	
2-3	11-20	Consiglio	
2-4	21-23	de	
2-5	24-25	'	
2-6	26-34	Sessanta	
2-7	35-43	dichiara	
2-8	44-47	che	
2-9	48-50	vi	
2-10	51-52	è	
2-11	53-58	luogo	
2-12	59-61	ad	
2-13	62-67	esame	
2-14	67-68	,	
2-15	69-70	l	
2-16	71-72	'	
2-17	73-81	imputato	
2-18	82-83	è	
2-19	84-92	chiamato	
2-20	93-96	dal	
2-21	97-106	Consiglio	
2-22	107-109	de	
2-23	110-111	'	
2-24	112-119	Seniori	
2-25	119-120	:	
2-26	121-125	egli	
2-27	126-128	ha	
2-28	129-132	per	
2-29	133-142	comparire	
2-30	143-145	la	
2-31	146-155	dilazione	
2-32	156-158	di	
2-33	159-162	tre	
2-34	163-169	giorni	
2-35	170-177	intieri	
2-36	177-178	,	
2-37	179-180	e	
2-38	181-183	se	
2-39	184-194	comparisce	
2-40	195-196	è	
2-41	197-206	ascoltato	
2-42	207-211	nell	
2-43	212-213	'	
2-44	214-221	interno	
2-45	222-225	del	
2-46	226-231	luogo	
2-47	232-237	delle	
2-48	238-246	Sessioni	
2-49	247-249	di	
2-50	250-255	detto	
2-51	256-265	Consiglio	
2-52	265-266	.	
2-53	267-270	138	
2-54	270-271	.	

#Text=Siasi o no presentato l ' incolpato, il Consiglio de ' Seniori, dopo questa dilazione, e dopo di aver deliberato nelle forme prescritte nell ' articolo 106. pronuncia l ' accusa, se vi ha luogo, e rimette l ' accusato all ' Alta Corte di Giustizia, la quale è obbligata d ' istruire il processo senza alcun indugio.
#Text=139.
3-1	272-277	Siasi	
3-2	278-279	o	
3-3	280-282	no	
3-4	283-293	presentato	
3-5	294-295	l	
3-6	296-297	'	
3-7	298-307	incolpato	
3-8	307-308	,	
3-9	309-311	il	
3-10	312-321	Consiglio	
3-11	322-324	de	
3-12	325-326	'	
3-13	327-334	Seniori	
3-14	334-335	,	
3-15	336-340	dopo	
3-16	341-347	questa	
3-17	348-357	dilazione	
3-18	357-358	,	
3-19	359-360	e	
3-20	361-365	dopo	
3-21	366-368	di	
3-22	369-373	aver	
3-23	374-384	deliberato	
3-24	385-390	nelle	
3-25	391-396	forme	
3-26	397-407	prescritte	
3-27	408-412	nell	
3-28	413-414	'	
3-29	415-423	articolo	
3-30	424-427	106	
3-31	427-428	.	
3-32	429-438	pronuncia	
3-33	439-440	l	
3-34	441-442	'	
3-35	443-449	accusa	
3-36	449-450	,	
3-37	451-453	se	
3-38	454-456	vi	
3-39	457-459	ha	
3-40	460-465	luogo	
3-41	465-466	,	
3-42	467-468	e	
3-43	469-476	rimette	
3-44	477-478	l	
3-45	479-480	'	
3-46	481-489	accusato	
3-47	490-493	all	
3-48	494-495	'	
3-49	496-500	Alta	
3-50	501-506	Corte	
3-51	507-509	di	
3-52	510-519	Giustizia	
3-53	519-520	,	
3-54	521-523	la	
3-55	524-529	quale	
3-56	530-531	è	
3-57	532-541	obbligata	
3-58	542-543	d	
3-59	544-545	'	
3-60	546-554	istruire	
3-61	555-557	il	
3-62	558-566	processo	
3-63	567-572	senza	
3-64	573-578	alcun	
3-65	579-586	indugio	
3-66	586-587	.	
3-67	588-591	139	
3-68	591-592	.	

#Text=L ' accusa pronunciata contro un Membro del Corpo Legislativo porta seco la sospensione; se egli è assoluto dell ' Alta Corte di Giustizia riassume le sue funzioni.
#Text=140.
4-1	593-594	L	
4-2	595-596	'	
4-3	597-603	accusa	
4-4	604-615	pronunciata	
4-5	616-622	contro	
4-6	623-625	un	
4-7	626-632	Membro	
4-8	633-636	del	
4-9	637-642	Corpo	
4-10	643-654	Legislativo	
4-11	655-660	porta	
4-12	661-665	seco	
4-13	666-668	la	
4-14	669-680	sospensione	
4-15	680-681	;	
4-16	682-684	se	
4-17	685-689	egli	
4-18	690-691	è	
4-19	692-700	assoluto	
4-20	701-705	dell	
4-21	706-707	'	
4-22	708-712	Alta	
4-23	713-718	Corte	
4-24	719-721	di	
4-25	722-731	Giustizia	
4-26	732-740	riassume	
4-27	741-743	le	
4-28	744-747	sue	
4-29	748-756	funzioni	
4-30	756-757	.	
4-31	758-761	140	
4-32	761-762	.	

#Text=Il Direttorio Esecutivo fa apporre i Sigilli e pubblicare le Leggi, ed ogni altro Atto del Corpo Legislativo al termine di due giorni dopo che li hai ricevuti.
#Text=141.
5-1	763-765	Il	
5-2	766-776	Direttorio	
5-3	777-786	Esecutivo	
5-4	787-789	fa	
5-5	790-797	apporre	
5-6	798-799	i	
5-7	800-807	Sigilli	
5-8	808-809	e	
5-9	810-820	pubblicare	
5-10	821-823	le	
5-11	824-829	Leggi	
5-12	829-830	,	
5-13	831-833	ed	
5-14	834-838	ogni	
5-15	839-844	altro	
5-16	845-849	Atto	
5-17	850-853	del	
5-18	854-859	Corpo	
5-19	860-871	Legislativo	
5-20	872-874	al	
5-21	875-882	termine	
5-22	883-885	di	
5-23	886-889	due	
5-24	890-896	giorni	
5-25	897-901	dopo	
5-26	902-905	che	
5-27	906-908	li	
5-28	909-912	hai	
5-29	913-921	ricevuti	
5-30	921-922	.	
5-31	923-926	141	
5-32	926-927	.	

#Text=Deve apporre i sigilli, e promulgare dentro le ventiquattro ore le Leggi, e gli Atti del Corpo Legislativo, che sono preceduti da un Decreto d ' urgenza.
#Text=142.
6-1	928-932	Deve	
6-2	933-940	apporre	
6-3	941-942	i	
6-4	943-950	sigilli	
6-5	950-951	,	
6-6	952-953	e	
6-7	954-964	promulgare	
6-8	965-971	dentro	
6-9	972-974	le	
6-10	975-987	ventiquattro	
6-11	988-991	ore	
6-12	992-994	le	
6-13	995-1000	Leggi	
6-14	1000-1001	,	
6-15	1002-1003	e	
6-16	1004-1007	gli	
6-17	1008-1012	Atti	
6-18	1013-1016	del	
6-19	1017-1022	Corpo	
6-20	1023-1034	Legislativo	
6-21	1034-1035	,	
6-22	1036-1039	che	
6-23	1040-1044	sono	
6-24	1045-1054	preceduti	
6-25	1055-1057	da	
6-26	1058-1060	un	
6-27	1061-1068	Decreto	
6-28	1069-1070	d	
6-29	1071-1072	'	
6-30	1073-1080	urgenza	
6-31	1080-1081	.	
6-32	1082-1085	142	
6-33	1085-1086	.	

#Text=La pubblicazione delle Leggi, e degli Atti del Corpo Legislativo, si eseguisce colle seguenti formole = In nome della Repubblica Ligure (Legge) o (Atto) del Corpo Legislativo.... il Direttorio Esecutivo ordina, che la Legge, o l ' Atto Legislativo qui sopra espresso sia pubblicato, eseguito, e munito del Sigillo della Repubblica. =
#Text=143.
7-1	1087-1089	La	
7-2	1090-1103	pubblicazione	
7-3	1104-1109	delle	
7-4	1110-1115	Leggi	
7-5	1115-1116	,	
7-6	1117-1118	e	
7-7	1119-1124	degli	
7-8	1125-1129	Atti	
7-9	1130-1133	del	
7-10	1134-1139	Corpo	
7-11	1140-1151	Legislativo	
7-12	1151-1152	,	
7-13	1153-1155	si	
7-14	1156-1165	eseguisce	
7-15	1166-1171	colle	
7-16	1172-1180	seguenti	
7-17	1181-1188	formole	
7-18	1189-1190	=	
7-19	1191-1193	In	
7-20	1194-1198	nome	
7-21	1199-1204	della	
7-22	1205-1215	Repubblica	
7-23	1216-1222	Ligure	
7-24	1223-1224	(	
7-25	1224-1229	Legge	
7-26	1229-1230	)	
7-27	1231-1232	o	
7-28	1233-1234	(	
7-29	1234-1238	Atto	
7-30	1238-1239	)	
7-31	1240-1243	del	
7-32	1244-1249	Corpo	
7-33	1250-1261	Legislativo	
7-34	1261-1262	.	
7-35	1262-1263	.	
7-36	1263-1264	.	
7-37	1264-1265	.	
7-38	1266-1268	il	
7-39	1269-1279	Direttorio	
7-40	1280-1289	Esecutivo	
7-41	1290-1296	ordina	
7-42	1296-1297	,	
7-43	1298-1301	che	
7-44	1302-1304	la	
7-45	1305-1310	Legge	
7-46	1310-1311	,	
7-47	1312-1313	o	
7-48	1314-1315	l	
7-49	1316-1317	'	
7-50	1318-1322	Atto	
7-51	1323-1334	Legislativo	
7-52	1335-1338	qui	
7-53	1339-1344	sopra	
7-54	1345-1353	espresso	
7-55	1354-1357	sia	
7-56	1358-1368	pubblicato	
7-57	1368-1369	,	
7-58	1370-1378	eseguito	
7-59	1378-1379	,	
7-60	1380-1381	e	
7-61	1382-1388	munito	
7-62	1389-1392	del	
7-63	1393-1400	Sigillo	
7-64	1401-1406	della	
7-65	1407-1417	Repubblica	
7-66	1417-1418	.	
7-67	1419-1420	=	
7-68	1421-1424	143	
7-69	1424-1425	.	

#Text=Le Leggi, il preambolo delle quali, non fa menzione che siano state osservate le forme prescritte in qusto Capitolo ne ' titoli de Consiglj de ' Sessanta e de ' Seniori, non devono esseri promulgate dal Direttorio: la sua responsabilità per quest ' oggetto dura anni quattro.
#Text=l44.
8-1	1426-1428	Le	
8-2	1429-1434	Leggi	
8-3	1434-1435	,	
8-4	1436-1438	il	
8-5	1439-1448	preambolo	
8-6	1449-1454	delle	
8-7	1455-1460	quali	
8-8	1460-1461	,	
8-9	1462-1465	non	
8-10	1466-1468	fa	
8-11	1469-1477	menzione	
8-12	1478-1481	che	
8-13	1482-1487	siano	
8-14	1488-1493	state	
8-15	1494-1503	osservate	
8-16	1504-1506	le	
8-17	1507-1512	forme	
8-18	1513-1523	prescritte	
8-19	1524-1526	in	
8-20	1527-1532	qusto	
8-21	1533-1541	Capitolo	
8-22	1542-1544	ne	
8-23	1545-1546	'	
8-24	1547-1553	titoli	
8-25	1554-1556	de	
8-26	1557-1565	Consiglj	
8-27	1566-1568	de	
8-28	1569-1570	'	
8-29	1571-1579	Sessanta	
8-30	1580-1581	e	
8-31	1582-1584	de	
8-32	1585-1586	'	
8-33	1587-1594	Seniori	
8-34	1594-1595	,	
8-35	1596-1599	non	
8-36	1600-1606	devono	
8-37	1607-1613	esseri	
8-38	1614-1624	promulgate	
8-39	1625-1628	dal	
8-40	1629-1639	Direttorio	
8-41	1639-1640	:	
8-42	1641-1643	la	
8-43	1644-1647	sua	
8-44	1648-1662	responsabilità	
8-45	1663-1666	per	
8-46	1667-1672	quest	
8-47	1673-1674	'	
8-48	1675-1682	oggetto	
8-49	1683-1687	dura	
8-50	1688-1692	anni	
8-51	1693-1700	quattro	
8-52	1700-1701	.	
8-53	1702-1705	l44	
8-54	1705-1706	.	

#Text=Il Potere Esecutivo è delegato a un Direttorio di cinque Membri eletti a scrutinio segreto dal Corpo Legislativo, che in tal caso fa le funzioni di Comizio Elettorale in nome della Nazione.
9-1	1707-1709	Il	
9-2	1710-1716	Potere	
9-3	1717-1726	Esecutivo	
9-4	1727-1728	è	
9-5	1729-1737	delegato	
9-6	1738-1739	a	
9-7	1740-1742	un	
9-8	1743-1753	Direttorio	
9-9	1754-1756	di	
9-10	1757-1763	cinque	
9-11	1764-1770	Membri	
9-12	1771-1777	eletti	
9-13	1778-1779	a	
9-14	1780-1789	scrutinio	
9-15	1790-1797	segreto	
9-16	1798-1801	dal	
9-17	1802-1807	Corpo	
9-18	1808-1819	Legislativo	
9-19	1819-1820	,	
9-20	1821-1824	che	
9-21	1825-1827	in	
9-22	1828-1831	tal	
9-23	1832-1836	caso	
9-24	1837-1839	fa	
9-25	1840-1842	le	
9-26	1843-1851	funzioni	
9-27	1852-1854	di	
9-28	1855-1862	Comizio	
9-29	1863-1873	Elettorale	
9-30	1874-1876	in	
9-31	1877-1881	nome	
9-32	1882-1887	della	
9-33	1888-1895	Nazione	
9-34	1895-1896	.	

#Text=Il Governo Provvisorio stabilisce per la prima volta il modo dell ' elezione dei Membri, che compongono il Direttorio.
10-1	1897-1899	Il	
10-2	1900-1907	Governo	
10-3	1908-1919	Provvisorio	
10-4	1920-1930	stabilisce	
10-5	1931-1934	per	
10-6	1935-1937	la	
10-7	1938-1943	prima	
10-8	1944-1949	volta	
10-9	1950-1952	il	
10-10	1953-1957	modo	
10-11	1958-1962	dell	
10-12	1963-1964	'	
10-13	1965-1973	elezione	
10-14	1974-1977	dei	
10-15	1978-1984	Membri	
10-16	1984-1985	,	
10-17	1986-1989	che	
10-18	1990-2000	compongono	
10-19	2001-2003	il	
10-20	2004-2014	Direttorio	
10-21	2014-2015	.	

#Text=Il Corpo Legislativo determina definitivamente il modo di detta elezione.
#Text=145.
11-1	2016-2018	Il	
11-2	2019-2024	Corpo	
11-3	2025-2036	Legislativo	
11-4	2037-2046	determina	
11-5	2047-2062	definitivamente	
11-6	2063-2065	il	
11-7	2066-2070	modo	
11-8	2071-2073	di	
11-9	2074-2079	detta	
11-10	2080-2088	elezione	
11-11	2088-2089	.	
11-12	2090-2093	145	
11-13	2093-2094	.	

#Text=I Membri del Direttorio devono avere compita l ' età di anni quaranta.
12-1	2095-2096	I	
12-2	2097-2103	Membri	
12-3	2104-2107	del	
12-4	2108-2118	Direttorio	
12-5	2119-2125	devono	
12-6	2126-2131	avere	
12-7	2132-2139	compita	
12-8	2140-2141	l	
12-9	2142-2143	'	
12-10	2144-2147	età	
12-11	2148-2150	di	
12-12	2151-2155	anni	
12-13	2156-2164	quaranta	
12-14	2164-2165	.	

#Text=Devono essere non astretti a celibato, ed esser domiciliati nel Territorio della Repubblica per dieci anni addietro, eccettuati gli assenti per missione pubblica.
#Text=146.
13-1	2166-2172	Devono	
13-2	2173-2179	essere	
13-3	2180-2183	non	
13-4	2184-2192	astretti	
13-5	2193-2194	a	
13-6	2195-2203	celibato	
13-7	2203-2204	,	
13-8	2205-2207	ed	
13-9	2208-2213	esser	
13-10	2214-2225	domiciliati	
13-11	2226-2229	nel	
13-12	2230-2240	Territorio	
13-13	2241-2246	della	
13-14	2247-2257	Repubblica	
13-15	2258-2261	per	
13-16	2262-2267	dieci	
13-17	2268-2272	anni	
13-18	2273-2281	addietro	
13-19	2281-2282	,	
13-20	2283-2293	eccettuati	
13-21	2294-2297	gli	
13-22	2298-2305	assenti	
13-23	2306-2309	per	
13-24	2310-2318	missione	
13-25	2319-2327	pubblica	
13-26	2327-2328	.	
13-27	2329-2332	146	
13-28	2332-2333	.	

#Text=Li Cittadini che sono stati Membri de ' Collegj dell ' antico Governo non possono essere eletti membri del Direttorio.
14-1	2334-2336	Li	
14-2	2337-2346	Cittadini	
14-3	2347-2350	che	
14-4	2351-2355	sono	
14-5	2356-2361	stati	
14-6	2362-2368	Membri	
14-7	2369-2371	de	
14-8	2372-2373	'	
14-9	2374-2381	Collegj	
14-10	2382-2386	dell	
14-11	2387-2388	'	
14-12	2389-2395	antico	
14-13	2396-2403	Governo	
14-14	2404-2407	non	
14-15	2408-2415	possono	
14-16	2416-2422	essere	
14-17	2423-2429	eletti	
14-18	2430-2436	membri	
14-19	2437-2440	del	
14-20	2441-2451	Direttorio	
14-21	2451-2452	.	

#Text=Questa disposizione si estende anche alle cariche del Ministero.
#Text=147.
15-1	2453-2459	Questa	
15-2	2460-2472	disposizione	
15-3	2473-2475	si	
15-4	2476-2483	estende	
15-5	2484-2489	anche	
15-6	2490-2494	alle	
15-7	2495-2502	cariche	
15-8	2503-2506	del	
15-9	2507-2516	Ministero	
15-10	2516-2517	.	
15-11	2518-2521	147	
15-12	2521-2522	.	

#Text=Il Direttorio è rinovato per quinto ogn ' anno.
16-1	2523-2525	Il	
16-2	2526-2536	Direttorio	
16-3	2537-2538	è	
16-4	2539-2547	rinovato	
16-5	2548-2551	per	
16-6	2552-2558	quinto	
16-7	2559-2562	ogn	
16-8	2563-2564	'	
16-9	2565-2569	anno	
16-10	2569-2570	.	

#Text=Sono estratti a sorte successivamente i Membri, che devono uscire per i primi quattro anni.
#Text=148.
17-1	2571-2575	Sono	
17-2	2576-2584	estratti	
17-3	2585-2586	a	
17-4	2587-2592	sorte	
17-5	2593-2608	successivamente	
17-6	2609-2610	i	
17-7	2611-2617	Membri	
17-8	2617-2618	,	
17-9	2619-2622	che	
17-10	2623-2629	devono	
17-11	2630-2636	uscire	
17-12	2637-2640	per	
17-13	2641-2642	i	
17-14	2643-2648	primi	
17-15	2649-2656	quattro	
17-16	2657-2661	anni	
17-17	2661-2662	.	
17-18	2663-2666	148	
17-19	2666-2667	.	

#Text=I membri che sortono, non possono essere rieletti se non dopo l ' intervallo di cinque anni di vacanza.
#Text=149.
18-1	2668-2669	I	
18-2	2670-2676	membri	
18-3	2677-2680	che	
18-4	2681-2688	sortono	
18-5	2688-2689	,	
18-6	2690-2693	non	
18-7	2694-2701	possono	
18-8	2702-2708	essere	
18-9	2709-2717	rieletti	
18-10	2718-2720	se	
18-11	2721-2724	non	
18-12	2725-2729	dopo	
18-13	2730-2731	l	
18-14	2732-2733	'	
18-15	2734-2744	intervallo	
18-16	2745-2747	di	
18-17	2748-2754	cinque	
18-18	2755-2759	anni	
18-19	2760-2762	di	
18-20	2763-2770	vacanza	
18-21	2770-2771	.	
18-22	2772-2775	149	
18-23	2775-2776	.	

#Text=L ' Ascendente, il Discendente in linea retta, i Fratelli, lo Zio, il Nipote, i Cugini in primo grado, gli Affini in questi diversi gradi, non possono essere nel medesimo tempo Membri del Direttorio, nè succedersi l ' un l ' altro, se non dopo due anni.
#Text=150.
19-1	2777-2778	L	
19-2	2779-2780	'	
19-3	2781-2791	Ascendente	
19-4	2791-2792	,	
19-5	2793-2795	il	
19-6	2796-2807	Discendente	
19-7	2808-2810	in	
19-8	2811-2816	linea	
19-9	2817-2822	retta	
19-10	2822-2823	,	
19-11	2824-2825	i	
19-12	2826-2834	Fratelli	
19-13	2834-2835	,	
19-14	2836-2838	lo	
19-15	2839-2842	Zio	
19-16	2842-2843	,	
19-17	2844-2846	il	
19-18	2847-2853	Nipote	
19-19	2853-2854	,	
19-20	2855-2856	i	
19-21	2857-2863	Cugini	
19-22	2864-2866	in	
19-23	2867-2872	primo	
19-24	2873-2878	grado	
19-25	2878-2879	,	
19-26	2880-2883	gli	
19-27	2884-2890	Affini	
19-28	2891-2893	in	
19-29	2894-2900	questi	
19-30	2901-2908	diversi	
19-31	2909-2914	gradi	
19-32	2914-2915	,	
19-33	2916-2919	non	
19-34	2920-2927	possono	
19-35	2928-2934	essere	
19-36	2935-2938	nel	
19-37	2939-2947	medesimo	
19-38	2948-2953	tempo	
19-39	2954-2960	Membri	
19-40	2961-2964	del	
19-41	2965-2975	Direttorio	
19-42	2975-2976	,	
19-43	2977-2979	nè	
19-44	2980-2990	succedersi	
19-45	2991-2992	l	
19-46	2993-2994	'	
19-47	2995-2997	un	
19-48	2998-2999	l	
19-49	3000-3001	'	
19-50	3002-3007	altro	
19-51	3007-3008	,	
19-52	3009-3011	se	
19-53	3012-3015	non	
19-54	3016-3020	dopo	
19-55	3021-3024	due	
19-56	3025-3029	anni	
19-57	3029-3030	.	
19-58	3031-3034	150	
19-59	3034-3035	.	

#Text=In caso di vacanza per morte, dimissione, o altro di uno de ' Membri del Direttorio, il di lui successore è eletto dal Corpo Legislativo nel termine di dieci giorni.
#Text=151.
20-1	3036-3038	In	
20-2	3039-3043	caso	
20-3	3044-3046	di	
20-4	3047-3054	vacanza	
20-5	3055-3058	per	
20-6	3059-3064	morte	
20-7	3064-3065	,	
20-8	3066-3076	dimissione	
20-9	3076-3077	,	
20-10	3078-3079	o	
20-11	3080-3085	altro	
20-12	3086-3088	di	
20-13	3089-3092	uno	
20-14	3093-3095	de	
20-15	3096-3097	'	
20-16	3098-3104	Membri	
20-17	3105-3108	del	
20-18	3109-3119	Direttorio	
20-19	3119-3120	,	
20-20	3121-3123	il	
20-21	3124-3126	di	
20-22	3127-3130	lui	
20-23	3131-3141	successore	
20-24	3142-3143	è	
20-25	3144-3150	eletto	
20-26	3151-3154	dal	
20-27	3155-3160	Corpo	
20-28	3161-3172	Legislativo	
20-29	3173-3176	nel	
20-30	3177-3184	termine	
20-31	3185-3187	di	
20-32	3188-3193	dieci	
20-33	3194-3200	giorni	
20-34	3200-3201	.	
20-35	3202-3205	151	
20-36	3205-3206	.	

#Text=Il Consiglio dei Sessanta è obbligato a proporre i Candidati nei cinque primi giorni, ed il Consiglio dei Seniori deve terminare l ' elezione negli altri cinque giorni.
#Text=152.
21-1	3207-3209	Il	
21-2	3210-3219	Consiglio	
21-3	3220-3223	dei	
21-4	3224-3232	Sessanta	
21-5	3233-3234	è	
21-6	3235-3244	obbligato	
21-7	3245-3246	a	
21-8	3247-3255	proporre	
21-9	3256-3257	i	
21-10	3258-3267	Candidati	
21-11	3268-3271	nei	
21-12	3272-3278	cinque	
21-13	3279-3284	primi	
21-14	3285-3291	giorni	
21-15	3291-3292	,	
21-16	3293-3295	ed	
21-17	3296-3298	il	
21-18	3299-3308	Consiglio	
21-19	3309-3312	dei	
21-20	3313-3320	Seniori	
21-21	3321-3325	deve	
21-22	3326-3335	terminare	
21-23	3336-3337	l	
21-24	3338-3339	'	
21-25	3340-3348	elezione	
21-26	3349-3354	negli	
21-27	3355-3360	altri	
21-28	3361-3367	cinque	
21-29	3368-3374	giorni	
21-30	3374-3375	.	
21-31	3376-3379	152	
21-32	3379-3380	.	

#Text=Il nuovo Membro resta eletto per il solo tempo, che rimaneva a quello, che ha rimpiazzato; se per questo tempo non oltrepassa i sei mesi, l ' eletto resta in funzione sino alla fine del terzo anno.
#Text=153.
22-1	3381-3383	Il	
22-2	3384-3389	nuovo	
22-3	3390-3396	Membro	
22-4	3397-3402	resta	
22-5	3403-3409	eletto	
22-6	3410-3413	per	
22-7	3414-3416	il	
22-8	3417-3421	solo	
22-9	3422-3427	tempo	
22-10	3427-3428	,	
22-11	3429-3432	che	
22-12	3433-3441	rimaneva	
22-13	3442-3443	a	
22-14	3444-3450	quello	
22-15	3450-3451	,	
22-16	3452-3455	che	
22-17	3456-3458	ha	
22-18	3459-3470	rimpiazzato	
22-19	3470-3471	;	
22-20	3472-3474	se	
22-21	3475-3478	per	
22-22	3479-3485	questo	
22-23	3486-3491	tempo	
22-24	3492-3495	non	
22-25	3496-3506	oltrepassa	
22-26	3507-3508	i	
22-27	3509-3512	sei	
22-28	3513-3517	mesi	
22-29	3517-3518	,	
22-30	3519-3520	l	
22-31	3521-3522	'	
22-32	3523-3529	eletto	
22-33	3530-3535	resta	
22-34	3536-3538	in	
22-35	3539-3547	funzione	
22-36	3548-3552	sino	
22-37	3553-3557	alla	
22-38	3558-3562	fine	
22-39	3563-3566	del	
22-40	3567-3572	terzo	
22-41	3573-3577	anno	
22-42	3577-3578	.	
22-43	3579-3582	153	
22-44	3582-3583	.	

#Text=Il Direttorio nomina il suo Presidente: deve questo rinnovarsi ogni due mesi.
#Text=l54.
23-1	3584-3586	Il	
23-2	3587-3597	Direttorio	
23-3	3598-3604	nomina	
23-4	3605-3607	il	
23-5	3608-3611	suo	
23-6	3612-3622	Presidente	
23-7	3622-3623	:	
23-8	3624-3628	deve	
23-9	3629-3635	questo	
23-10	3636-3646	rinnovarsi	
23-11	3647-3651	ogni	
23-12	3652-3655	due	
23-13	3656-3660	mesi	
23-14	3660-3661	.	
23-15	3662-3665	l54	
23-16	3665-3666	.	

#Text=Il Presidente ha la firma, e la custodia del sigillo.
24-1	3667-3669	Il	
24-2	3670-3680	Presidente	
24-3	3681-3683	ha	
24-4	3684-3686	la	
24-5	3687-3692	firma	
24-6	3692-3693	,	
24-7	3694-3695	e	
24-8	3696-3698	la	
24-9	3699-3707	custodia	
24-10	3708-3711	del	
24-11	3712-3719	sigillo	
24-12	3719-3720	.	

#Text=Le Leggi, e gli atti del Corpo Legislativo s ' indrizzano al Direttorio nella persona del suo Presidente.
#Text=273.
25-1	3721-3723	Le	
25-2	3724-3729	Leggi	
25-3	3729-3730	,	
25-4	3731-3732	e	
25-5	3733-3736	gli	
25-6	3737-3741	atti	
25-7	3742-3745	del	
25-8	3746-3751	Corpo	
25-9	3752-3763	Legislativo	
25-10	3764-3765	s	
25-11	3766-3767	'	
25-12	3768-3778	indrizzano	
25-13	3779-3781	al	
25-14	3782-3792	Direttorio	
25-15	3793-3798	nella	
25-16	3799-3806	persona	
25-17	3807-3810	del	
25-18	3811-3814	suo	
25-19	3815-3825	Presidente	
25-20	3825-3826	.	
25-21	3827-3830	273	
25-22	3830-3831	.	

#Text=In ogni Cantone vi è un Capo della Guardia Nazionale eletto da ' suoi Fratelli d ' armi.
#Text=274.
26-1	3832-3834	In	
26-2	3835-3839	ogni	
26-3	3840-3847	Cantone	
26-4	3848-3850	vi	
26-5	3851-3852	è	
26-6	3853-3855	un	
26-7	3856-3860	Capo	
26-8	3861-3866	della	
26-9	3867-3874	Guardia	
26-10	3875-3884	Nazionale	
26-11	3885-3891	eletto	
26-12	3892-3894	da	
26-13	3895-3896	'	
26-14	3897-3901	suoi	
26-15	3902-3910	Fratelli	
26-16	3911-3912	d	
26-17	3913-3914	'	
26-18	3915-3919	armi	
26-19	3919-3920	.	
26-20	3921-3924	274	
26-21	3924-3925	.	

#Text=Ogni volta, che la Guardia Nazionale è comandata in nome della Legge, non può dispensarsi dall ' ubbidire.
#Text=275.
27-1	3926-3930	Ogni	
27-2	3931-3936	volta	
27-3	3936-3937	,	
27-4	3938-3941	che	
27-5	3942-3944	la	
27-6	3945-3952	Guardia	
27-7	3953-3962	Nazionale	
27-8	3963-3964	è	
27-9	3965-3974	comandata	
27-10	3975-3977	in	
27-11	3978-3982	nome	
27-12	3983-3988	della	
27-13	3989-3994	Legge	
27-14	3994-3995	,	
27-15	3996-3999	non	
27-16	4000-4003	può	
27-17	4004-4015	dispensarsi	
27-18	4016-4020	dall	
27-19	4021-4022	'	
27-20	4023-4031	ubbidire	
27-21	4031-4032	.	
27-22	4033-4036	275	
27-23	4036-4037	.	

#Text=In caso di pericolo imminente qualunque Amministrazione Municipale richiede, ed ottiene la Guardia Nazionale dai Cantoni limitrofi; ma allora tanto l ' Amministrazione Municipale, che ha richiesto, quanto i Capi della Guardia Nazionale, devono con sollecitudine renderne conto al Commissario del Governo, e questo al Direttorio.
#Text=276.
28-1	4038-4040	In	
28-2	4041-4045	caso	
28-3	4046-4048	di	
28-4	4049-4057	pericolo	
28-5	4058-4067	imminente	
28-6	4068-4077	qualunque	
28-7	4078-4093	Amministrazione	
28-8	4094-4104	Municipale	
28-9	4105-4113	richiede	
28-10	4113-4114	,	
28-11	4115-4117	ed	
28-12	4118-4125	ottiene	
28-13	4126-4128	la	
28-14	4129-4136	Guardia	
28-15	4137-4146	Nazionale	
28-16	4147-4150	dai	
28-17	4151-4158	Cantoni	
28-18	4159-4168	limitrofi	
28-19	4168-4169	;	
28-20	4170-4172	ma	
28-21	4173-4179	allora	
28-22	4180-4185	tanto	
28-23	4186-4187	l	
28-24	4188-4189	'	
28-25	4190-4205	Amministrazione	
28-26	4206-4216	Municipale	
28-27	4216-4217	,	
28-28	4218-4221	che	
28-29	4222-4224	ha	
28-30	4225-4234	richiesto	
28-31	4234-4235	,	
28-32	4236-4242	quanto	
28-33	4243-4244	i	
28-34	4245-4249	Capi	
28-35	4250-4255	della	
28-36	4256-4263	Guardia	
28-37	4264-4273	Nazionale	
28-38	4273-4274	,	
28-39	4275-4281	devono	
28-40	4282-4285	con	
28-41	4286-4299	sollecitudine	
28-42	4300-4308	renderne	
28-43	4309-4314	conto	
28-44	4315-4317	al	
28-45	4318-4329	Commissario	
28-46	4330-4333	del	
28-47	4334-4341	Governo	
28-48	4341-4342	,	
28-49	4343-4344	e	
28-50	4345-4351	questo	
28-51	4352-4354	al	
28-52	4355-4365	Direttorio	
28-53	4365-4366	.	
28-54	4367-4370	276	
28-55	4370-4371	.	

#Text=La Repubblica mantiene anche in tempo di pace una truppa assoldata di Terra, ed una Forza Armata di Mare.
#Text=277.
29-1	4372-4374	La	
29-2	4375-4385	Repubblica	
29-3	4386-4394	mantiene	
29-4	4395-4400	anche	
29-5	4401-4403	in	
29-6	4404-4409	tempo	
29-7	4410-4412	di	
29-8	4413-4417	pace	
29-9	4418-4421	una	
29-10	4422-4428	truppa	
29-11	4429-4438	assoldata	
29-12	4439-4441	di	
29-13	4442-4447	Terra	
29-14	4447-4448	,	
29-15	4449-4451	ed	
29-16	4452-4455	una	
29-17	4456-4461	Forza	
29-18	4462-4468	Armata	
29-19	4469-4471	di	
29-20	4472-4476	Mare	
29-21	4476-4477	.	
29-22	4478-4481	277	
29-23	4481-4482	.	

#Text=La Truppa si forma per arruolamento volontario, ed in caso di bisogno, nel modo, che la Legge determina.
#Text=278.
30-1	4483-4485	La	
30-2	4486-4492	Truppa	
30-3	4493-4495	si	
30-4	4496-4501	forma	
30-5	4502-4505	per	
30-6	4506-4518	arruolamento	
30-7	4519-4529	volontario	
30-8	4529-4530	,	
30-9	4531-4533	ed	
30-10	4534-4536	in	
30-11	4537-4541	caso	
30-12	4542-4544	di	
30-13	4545-4552	bisogno	
30-14	4552-4553	,	
30-15	4554-4557	nel	
30-16	4558-4562	modo	
30-17	4562-4563	,	
30-18	4564-4567	che	
30-19	4568-4570	la	
30-20	4571-4576	Legge	
30-21	4577-4586	determina	
30-22	4586-4587	.	
30-23	4588-4591	278	
30-24	4591-4592	.	

#Text=I Comandanti in Capo non sono nominati che in caso di guerra.
31-1	4593-4594	I	
31-2	4595-4605	Comandanti	
31-3	4606-4608	in	
31-4	4609-4613	Capo	
31-5	4614-4617	non	
31-6	4618-4622	sono	
31-7	4623-4631	nominati	
31-8	4632-4635	che	
31-9	4636-4638	in	
31-10	4639-4643	caso	
31-11	4644-4646	di	
31-12	4647-4653	guerra	
31-13	4653-4654	.	

#Text=Ricevono dal Direttorio Esecutivo delle Commissioni revocabili ad arbitrio.
32-1	4655-4663	Ricevono	
32-2	4664-4667	dal	
32-3	4668-4678	Direttorio	
32-4	4679-4688	Esecutivo	
32-5	4689-4694	delle	
32-6	4695-4706	Commissioni	
32-7	4707-4717	revocabili	
32-8	4718-4720	ad	
32-9	4721-4729	arbitrio	
32-10	4729-4730	.	

#Text=La durata di queste Commissioni si limita ad una Campagna, ma possono essere prorogate.
#Text=279.
33-1	4731-4733	La	
33-2	4734-4740	durata	
33-3	4741-4743	di	
33-4	4744-4750	queste	
33-5	4751-4762	Commissioni	
33-6	4763-4765	si	
33-7	4766-4772	limita	
33-8	4773-4775	ad	
33-9	4776-4779	una	
33-10	4780-4788	Campagna	
33-11	4788-4789	,	
33-12	4790-4792	ma	
33-13	4793-4800	possono	
33-14	4801-4807	essere	
33-15	4808-4817	prorogate	
33-16	4817-4818	.	
33-17	4819-4822	279	
33-18	4822-4823	.	

#Text=La Truppa, e Marineria assoldate sono sottomesse a Leggi particolari per la disciplina, per la forma de ' giudizj, e per la natura delle pene.
#Text=280.
34-1	4824-4826	La	
34-2	4827-4833	Truppa	
34-3	4833-4834	,	
34-4	4835-4836	e	
34-5	4837-4846	Marineria	
34-6	4847-4856	assoldate	
34-7	4857-4861	sono	
34-8	4862-4872	sottomesse	
34-9	4873-4874	a	
34-10	4875-4880	Leggi	
34-11	4881-4892	particolari	
34-12	4893-4896	per	
34-13	4897-4899	la	
34-14	4900-4910	disciplina	
34-15	4910-4911	,	
34-16	4912-4915	per	
34-17	4916-4918	la	
34-18	4919-4924	forma	
34-19	4925-4927	de	
34-20	4928-4929	'	
34-21	4930-4937	giudizj	
34-22	4937-4938	,	
34-23	4939-4940	e	
34-24	4941-4944	per	
34-25	4945-4947	la	
34-26	4948-4954	natura	
34-27	4955-4960	delle	
34-28	4961-4965	pene	
34-29	4965-4966	.	
34-30	4967-4970	280	
34-31	4970-4971	.	

#Text=Nessuna parte della Guardia Nazionale, nè della Truppa assoldata può agire per servizio interiore della Repubblica, che sulla requisizione in iscritto delle Autorità costituite nelle forme prescritte dalla Legge.
#Text=281.
35-1	4972-4979	Nessuna	
35-2	4980-4985	parte	
35-3	4986-4991	della	
35-4	4992-4999	Guardia	
35-5	5000-5009	Nazionale	
35-6	5009-5010	,	
35-7	5011-5013	nè	
35-8	5014-5019	della	
35-9	5020-5026	Truppa	
35-10	5027-5036	assoldata	
35-11	5037-5040	può	
35-12	5041-5046	agire	
35-13	5047-5050	per	
35-14	5051-5059	servizio	
35-15	5060-5069	interiore	
35-16	5070-5075	della	
35-17	5076-5086	Repubblica	
35-18	5086-5087	,	
35-19	5088-5091	che	
35-20	5092-5097	sulla	
35-21	5098-5110	requisizione	
35-22	5111-5113	in	
35-23	5114-5122	iscritto	
35-24	5123-5128	delle	
35-25	5129-5137	Autorità	
35-26	5138-5148	costituite	
35-27	5149-5154	nelle	
35-28	5155-5160	forme	
35-29	5161-5171	prescritte	
35-30	5172-5177	dalla	
35-31	5178-5183	Legge	
35-32	5183-5184	.	
35-33	5185-5188	281	
35-34	5188-5189	.	

#Text=Nulladimeno il Corpo Legislativo determina i mezzi di assicurare colla Forza Armata l ' esecuzione delle Leggi, e le procedure contro gli accusati su tutto il Territorio Ligure.
36-1	5190-5201	Nulladimeno	
36-2	5202-5204	il	
36-3	5205-5210	Corpo	
36-4	5211-5222	Legislativo	
36-5	5223-5232	determina	
36-6	5233-5234	i	
36-7	5235-5240	mezzi	
36-8	5241-5243	di	
36-9	5244-5254	assicurare	
36-10	5255-5260	colla	
36-11	5261-5266	Forza	
36-12	5267-5273	Armata	
36-13	5274-5275	l	
36-14	5276-5277	'	
36-15	5278-5288	esecuzione	
36-16	5289-5294	delle	
36-17	5295-5300	Leggi	
36-18	5300-5301	,	
36-19	5302-5303	e	
36-20	5304-5306	le	
36-21	5307-5316	procedure	
36-22	5317-5323	contro	
36-23	5324-5327	gli	
36-24	5328-5336	accusati	
36-25	5337-5339	su	
36-26	5340-5345	tutto	
36-27	5346-5348	il	
36-28	5349-5359	Territorio	
36-29	5360-5366	Ligure	
36-30	5366-5367	.	

#Text=Niun Corpo di Truppa straniera può esser introdotto sul Territorio della Repubblica senza il previo consenso del Corpo Legislativo.
#Text=282.
37-1	5368-5372	Niun	
37-2	5373-5378	Corpo	
37-3	5379-5381	di	
37-4	5382-5388	Truppa	
37-5	5389-5398	straniera	
37-6	5399-5402	può	
37-7	5403-5408	esser	
37-8	5409-5419	introdotto	
37-9	5420-5423	sul	
37-10	5424-5434	Territorio	
37-11	5435-5440	della	
37-12	5441-5451	Repubblica	
37-13	5452-5457	senza	
37-14	5458-5460	il	
37-15	5461-5467	previo	
37-16	5468-5476	consenso	
37-17	5477-5480	del	
37-18	5481-5486	Corpo	
37-19	5487-5498	Legislativo	
37-20	5498-5499	.	
37-21	5500-5503	282	
37-22	5503-5504	.	

#Text=Continua il pagamento delle consuete imposizioni, finchè sia messo in attività un sistema Daziario uniforme per tutta la Repubblica: ad eccezione però delle imposizioni, che sono abolite dalla presente Costituzione.
#Text=283.
38-1	5505-5513	Continua	
38-2	5514-5516	il	
38-3	5517-5526	pagamento	
38-4	5527-5532	delle	
38-5	5533-5541	consuete	
38-6	5542-5553	imposizioni	
38-7	5553-5554	,	
38-8	5555-5561	finchè	
38-9	5562-5565	sia	
38-10	5566-5571	messo	
38-11	5572-5574	in	
38-12	5575-5583	attività	
38-13	5584-5586	un	
38-14	5587-5594	sistema	
38-15	5595-5603	Daziario	
38-16	5604-5612	uniforme	
38-17	5613-5616	per	
38-18	5617-5622	tutta	
38-19	5623-5625	la	
38-20	5626-5636	Repubblica	
38-21	5636-5637	:	
38-22	5638-5640	ad	
38-23	5641-5650	eccezione	
38-24	5651-5655	però	
38-25	5656-5661	delle	
38-26	5662-5673	imposizioni	
38-27	5673-5674	,	
38-28	5675-5678	che	
38-29	5679-5683	sono	
38-30	5684-5691	abolite	
38-31	5692-5697	dalla	
38-32	5698-5706	presente	
38-33	5707-5719	Costituzione	
38-34	5719-5720	.	
38-35	5721-5724	283	
38-36	5724-5725	.	

#Text=È abolita ogni imposizione sul Grano, e sul Vino, che si consumano dentro il Territorio della Repubblica: sono però eccettuati i Liquori, e i Vini forestieri.
#Text=284.
39-1	5726-5727	È	
39-2	5728-5735	abolita	
39-3	5736-5740	ogni	
39-4	5741-5752	imposizione	
39-5	5753-5756	sul	
39-6	5757-5762	Grano	
39-7	5762-5763	,	
39-8	5764-5765	e	
39-9	5766-5769	sul	
39-10	5770-5774	Vino	
39-11	5774-5775	,	
39-12	5776-5779	che	
39-13	5780-5782	si	
39-14	5783-5792	consumano	
39-15	5793-5799	dentro	
39-16	5800-5802	il	
39-17	5803-5813	Territorio	
39-18	5814-5819	della	
39-19	5820-5830	Repubblica	
39-20	5830-5831	:	
39-21	5832-5836	sono	
39-22	5837-5841	però	
39-23	5842-5852	eccettuati	
39-24	5853-5854	i	
39-25	5855-5862	Liquori	
39-26	5862-5863	,	
39-27	5864-5865	e	
39-28	5866-5867	i	
39-29	5868-5872	Vini	
39-30	5873-5883	forestieri	
39-31	5883-5884	.	
39-32	5885-5888	284	
39-33	5888-5889	.	

#Text=Il Corpo Legislativo stabilisce ciascun anno la misura delle contribuzioni dirette per quel tempo, ed in quel modo, che meglio assicuri il vantaggio della Repubblica.
#Text=285.
40-1	5890-5892	Il	
40-2	5893-5898	Corpo	
40-3	5899-5910	Legislativo	
40-4	5911-5921	stabilisce	
40-5	5922-5929	ciascun	
40-6	5930-5934	anno	
40-7	5935-5937	la	
40-8	5938-5944	misura	
40-9	5945-5950	delle	
40-10	5951-5964	contribuzioni	
40-11	5965-5972	dirette	
40-12	5973-5976	per	
40-13	5977-5981	quel	
40-14	5982-5987	tempo	
40-15	5987-5988	,	
40-16	5989-5991	ed	
40-17	5992-5994	in	
40-18	5995-5999	quel	
40-19	6000-6004	modo	
40-20	6004-6005	,	
40-21	6006-6009	che	
40-22	6010-6016	meglio	
40-23	6017-6025	assicuri	
40-24	6026-6028	il	
40-25	6029-6038	vantaggio	
40-26	6039-6044	della	
40-27	6045-6055	Repubblica	
40-28	6055-6056	.	
40-29	6057-6060	285	
40-30	6060-6061	.	

#Text=Il Corpo Legislativo stabilisce ogni anno una imposizione personale; essa non deve cadere sopra quelli, che non possedono se non il necessario; gli altri devono portarla in proporzione delle loro facoltà.
#Text=286.
41-1	6062-6064	Il	
41-2	6065-6070	Corpo	
41-3	6071-6082	Legislativo	
41-4	6083-6093	stabilisce	
41-5	6094-6098	ogni	
41-6	6099-6103	anno	
41-7	6104-6107	una	
41-8	6108-6119	imposizione	
41-9	6120-6129	personale	
41-10	6129-6130	;	
41-11	6131-6135	essa	
41-12	6136-6139	non	
41-13	6140-6144	deve	
41-14	6145-6151	cadere	
41-15	6152-6157	sopra	
41-16	6158-6164	quelli	
41-17	6164-6165	,	
41-18	6166-6169	che	
41-19	6170-6173	non	
41-20	6174-6183	possedono	
41-21	6184-6186	se	
41-22	6187-6190	non	
41-23	6191-6193	il	
41-24	6194-6204	necessario	
41-25	6204-6205	;	
41-26	6206-6209	gli	
41-27	6210-6215	altri	
41-28	6216-6222	devono	
41-29	6223-6231	portarla	
41-30	6232-6234	in	
41-31	6235-6246	proporzione	
41-32	6247-6252	delle	
41-33	6253-6257	loro	
41-34	6258-6265	facoltà	
41-35	6265-6266	.	
41-36	6267-6270	286	
41-37	6270-6271	.	

#Text=Il Corpo Legislativo stabilisce qualunque genere di contribuzione, che da esso si reputa più opportuna: ma fra le ordinarie dovrà stabilirne una Territoriale.
42-1	6272-6274	Il	
42-2	6275-6280	Corpo	
42-3	6281-6292	Legislativo	
42-4	6293-6303	stabilisce	
42-5	6304-6313	qualunque	
42-6	6314-6320	genere	
42-7	6321-6323	di	
42-8	6324-6337	contribuzione	
42-9	6337-6338	,	
42-10	6339-6342	che	
42-11	6343-6345	da	
42-12	6346-6350	esso	
42-13	6351-6353	si	
42-14	6354-6360	reputa	
42-15	6361-6364	più	
42-16	6365-6374	opportuna	
42-17	6374-6375	:	
42-18	6376-6378	ma	
42-19	6379-6382	fra	
42-20	6383-6385	le	
42-21	6386-6395	ordinarie	
42-22	6396-6401	dovrà	
42-23	6402-6412	stabilirne	
42-24	6413-6416	una	
42-25	6417-6429	Territoriale	
42-26	6429-6430	.	

#Text=Tutti i beni di qualunque natura siano, inclusi i beni Ecclesiastici, che esistono nel Territorio della Repubblica, vi sono soggetti senza eccezione.
#Text=287.
43-1	6431-6436	Tutti	
43-2	6437-6438	i	
43-3	6439-6443	beni	
43-4	6444-6446	di	
43-5	6447-6456	qualunque	
43-6	6457-6463	natura	
43-7	6464-6469	siano	
43-8	6469-6470	,	
43-9	6471-6478	inclusi	
43-10	6479-6480	i	
43-11	6481-6485	beni	
43-12	6486-6499	Ecclesiastici	
43-13	6499-6500	,	
43-14	6501-6504	che	
43-15	6505-6513	esistono	
43-16	6514-6517	nel	
43-17	6518-6528	Territorio	
43-18	6529-6534	della	
43-19	6535-6545	Repubblica	
43-20	6545-6546	,	
43-21	6547-6549	vi	
43-22	6550-6554	sono	
43-23	6555-6563	soggetti	
43-24	6564-6569	senza	
43-25	6570-6579	eccezione	
43-26	6579-6580	.	
43-27	6581-6584	287	
43-28	6584-6585	.	

#Text=Il Corpo Legislativo estenderà il Porto-franco a tutti i punti i più convenienti del Territorio della Repubblica.
44-1	6586-6588	Il	
44-2	6589-6594	Corpo	
44-3	6595-6606	Legislativo	
44-4	6607-6616	estenderà	
44-5	6617-6619	il	
44-6	6620-6632	Porto-franco	
44-7	6633-6634	a	
44-8	6635-6640	tutti	
44-9	6641-6642	i	
44-10	6643-6648	punti	
44-11	6649-6650	i	
44-12	6651-6654	più	
44-13	6655-6666	convenienti	
44-14	6667-6670	del	
44-15	6671-6681	Territorio	
44-16	6682-6687	della	
44-17	6688-6698	Repubblica	
44-18	6698-6699	.	

#Text=Potrà ancora sopprimerlo intieramente.
45-1	6700-6705	Potrà	
45-2	6706-6712	ancora	
45-3	6713-6724	sopprimerlo	
45-4	6725-6737	intieramente	
45-5	6737-6738	.	

#Text=In ogni caso formerà un sistema daziario, che provegga alla indennità della cassa Nazionale.
#Text=288.
46-1	6739-6741	In	
46-2	6742-6746	ogni	
46-3	6747-6751	caso	
46-4	6752-6759	formerà	
46-5	6760-6762	un	
46-6	6763-6770	sistema	
46-7	6771-6779	daziario	
46-8	6779-6780	,	
46-9	6781-6784	che	
46-10	6785-6793	provegga	
46-11	6794-6798	alla	
46-12	6799-6808	indennità	
46-13	6809-6814	della	
46-14	6815-6820	cassa	
46-15	6821-6830	Nazionale	
46-16	6830-6831	.	
46-17	6832-6835	288	
46-18	6835-6836	.	

#Text=Il Direttorio dirige la percezione delle contribuzioni, e veglia sulle medesime, ed il loro introito: dà a questo effetto tutti gli ordine necessarj.
#Text=289.
47-1	6837-6839	Il	
47-2	6840-6850	Direttorio	
47-3	6851-6857	dirige	
47-4	6858-6860	la	
47-5	6861-6871	percezione	
47-6	6872-6877	delle	
47-7	6878-6891	contribuzioni	
47-8	6891-6892	,	
47-9	6893-6894	e	
47-10	6895-6901	veglia	
47-11	6902-6907	sulle	
47-12	6908-6916	medesime	
47-13	6916-6917	,	
47-14	6918-6920	ed	
47-15	6921-6923	il	
47-16	6924-6928	loro	
47-17	6929-6937	introito	
47-18	6937-6938	:	
47-19	6939-6941	dà	
47-20	6942-6943	a	
47-21	6944-6950	questo	
47-22	6951-6958	effetto	
47-23	6959-6964	tutti	
47-24	6965-6968	gli	
47-25	6969-6975	ordine	
47-26	6976-6985	necessarj	
47-27	6985-6986	.	
47-28	6987-6990	289	
47-29	6990-6991	.	

#Text=I conti del ricevimento delle diverse contribuzioni, di tutte le rendite pubbliche, ed il conto generale delle spese pubbliche, si stampano ogni anno.
#Text=290.
48-1	6992-6993	I	
48-2	6994-6999	conti	
48-3	7000-7003	del	
48-4	7004-7015	ricevimento	
48-5	7016-7021	delle	
48-6	7022-7029	diverse	
48-7	7030-7043	contribuzioni	
48-8	7043-7044	,	
48-9	7045-7047	di	
48-10	7048-7053	tutte	
48-11	7054-7056	le	
48-12	7057-7064	rendite	
48-13	7065-7074	pubbliche	
48-14	7074-7075	,	
48-15	7076-7078	ed	
48-16	7079-7081	il	
48-17	7082-7087	conto	
48-18	7088-7096	generale	
48-19	7097-7102	delle	
48-20	7103-7108	spese	
48-21	7109-7118	pubbliche	
48-22	7118-7119	,	
48-23	7120-7122	si	
48-24	7123-7131	stampano	
48-25	7132-7136	ogni	
48-26	7137-7141	anno	
48-27	7141-7142	.	
48-28	7143-7146	290	
48-29	7146-7147	.	

#Text=Le liste di queste spese, ed introiti sono classificate secondo la loro natura.
49-1	7148-7150	Le	
49-2	7151-7156	liste	
49-3	7157-7159	di	
49-4	7160-7166	queste	
49-5	7167-7172	spese	
49-6	7172-7173	,	
49-7	7174-7176	ed	
49-8	7177-7185	introiti	
49-9	7186-7190	sono	
49-10	7191-7203	classificate	
49-11	7204-7211	secondo	
49-12	7212-7214	la	
49-13	7215-7219	loro	
49-14	7220-7226	natura	
49-15	7226-7227	.	

#Text=Esse esprimono le somme introitate, e le spese fatte ogni anno in ciascuna parte dell ' Amministrazione generale.
#Text=291.
50-1	7228-7232	Esse	
50-2	7233-7242	esprimono	
50-3	7243-7245	le	
50-4	7246-7251	somme	
50-5	7252-7262	introitate	
50-6	7262-7263	,	
50-7	7264-7265	e	
50-8	7266-7268	le	
50-9	7269-7274	spese	
50-10	7275-7280	fatte	
50-11	7281-7285	ogni	
50-12	7286-7290	anno	
50-13	7291-7293	in	
50-14	7294-7302	ciascuna	
50-15	7303-7308	parte	
50-16	7309-7313	dell	
50-17	7314-7315	'	
50-18	7316-7331	Amministrazione	
50-19	7332-7340	generale	
50-20	7340-7341	.	
50-21	7342-7345	291	
50-22	7345-7346	.	

#Text=Le Amministrazioni non possono nella ripartizione accrescere o diminuire le contribuzioni fissate dal Corpo Legislativo, nè deliberare o permettere senza esservi autorizzate da esso, alcun imprestito locale, a carico de ' \tCittadini della Giurisdizione, o del Comune.
#Text=292.
51-1	7347-7349	Le	
51-2	7350-7365	Amministrazioni	
51-3	7366-7369	non	
51-4	7370-7377	possono	
51-5	7378-7383	nella	
51-6	7384-7396	ripartizione	
51-7	7397-7407	accrescere	
51-8	7408-7409	o	
51-9	7410-7419	diminuire	
51-10	7420-7422	le	
51-11	7423-7436	contribuzioni	
51-12	7437-7444	fissate	
51-13	7445-7448	dal	
51-14	7449-7454	Corpo	
51-15	7455-7466	Legislativo	
51-16	7466-7467	,	
51-17	7468-7470	nè	
51-18	7471-7481	deliberare	
51-19	7482-7483	o	
51-20	7484-7494	permettere	
51-21	7495-7500	senza	
51-22	7501-7508	esservi	
51-23	7509-7520	autorizzate	
51-24	7521-7523	da	
51-25	7524-7528	esso	
51-26	7528-7529	,	
51-27	7530-7535	alcun	
51-28	7536-7546	imprestito	
51-29	7547-7553	locale	
51-30	7553-7554	,	
51-31	7555-7556	a	
51-32	7557-7563	carico	
51-33	7564-7566	de	
51-34	7567-7568	'	
51-35	7570-7579	Cittadini	
51-36	7580-7585	della	
51-37	7586-7599	Giurisdizione	
51-38	7599-7600	,	
51-39	7601-7602	o	
51-40	7603-7606	del	
51-41	7607-7613	Comune	
51-42	7613-7614	.	
51-43	7615-7618	292	
51-44	7618-7619	.	

#Text=Il solo Corpo Legislativo ha diritto di regolare la fabbricazione, ed emissione d ' ogni specie di moneta, di fissarne il valore, ed il peso, e di determinarne il tipo.
52-1	7620-7622	Il	
52-2	7623-7627	solo	
52-3	7628-7633	Corpo	
52-4	7634-7645	Legislativo	
52-5	7646-7648	ha	
52-6	7649-7656	diritto	
52-7	7657-7659	di	
52-8	7660-7668	regolare	
52-9	7669-7671	la	
52-10	7672-7685	fabbricazione	
52-11	7685-7686	,	
52-12	7687-7689	ed	
52-13	7690-7699	emissione	
52-14	7700-7701	d	
52-15	7702-7703	'	
52-16	7704-7708	ogni	
52-17	7709-7715	specie	
52-18	7716-7718	di	
52-19	7719-7725	moneta	
52-20	7725-7726	,	
52-21	7727-7729	di	
52-22	7730-7738	fissarne	
52-23	7739-7741	il	
52-24	7742-7748	valore	
52-25	7748-7749	,	
52-26	7750-7752	ed	
52-27	7753-7755	il	
52-28	7756-7760	peso	
52-29	7760-7761	,	
52-30	7762-7763	e	
52-31	7764-7766	di	
52-32	7767-7779	determinarne	
52-33	7780-7782	il	
52-34	7783-7787	tipo	
52-35	7787-7788	.	
