#FORMAT=WebAnno TSV 3.3


#Text=16 Cumque venissent nuntii, inventum est simulacrum super lectum, et pellis caprarum ad caput ejus.
#Text=17 Dixitque Saul ad Michol : Quare sic illusisti mihi, et dimisisti inimicum meum ut fugeret ?
1-1	2-4	16	
1-2	5-11	Cumque	
1-3	12-21	venissent	
1-4	22-28	nuntii	
1-5	28-29	,	
1-6	30-38	inventum	
1-7	39-42	est	
1-8	43-53	simulacrum	
1-9	54-59	super	
1-10	60-66	lectum	
1-11	66-67	,	
1-12	68-70	et	
1-13	71-77	pellis	
1-14	78-86	caprarum	
1-15	87-89	ad	
1-16	90-95	caput	
1-17	96-100	ejus	
1-18	100-101	.	
1-19	102-104	17	
1-20	105-113	Dixitque	
1-21	114-118	Saul	
1-22	119-121	ad	
1-23	122-128	Michol	
1-24	129-130	:	
1-25	131-136	Quare	
1-26	137-140	sic	
1-27	141-150	illusisti	
1-28	151-155	mihi	
1-29	155-156	,	
1-30	157-159	et	
1-31	160-169	dimisisti	
1-32	170-178	inimicum	
1-33	179-183	meum	
1-34	184-186	ut	
1-35	187-194	fugeret	
1-36	195-196	?	

#Text=Et respondit Michol ad Saul : Quia ipse locutus est mihi : Dimitte me, alioquin interficiam te.
#Text=18 David autem fugiens salvatus est, et venit ad Samuel in Ramatha, et nuntiavit ei omnia quæ fecerat sibi Saul : et abierunt ipse et Samuel, et morati sunt in Najoth.
#Text=19 Nuntiatum est autem Sauli a dicentibus : Ecce David in Najoth in Ramatha.
#Text=20 Misit ergo Saul lictores, ut raperent David : qui cum vidissent cuneum prophetarum vaticinantium, et Samuelem stantem super eos, factus est etiam spiritus Domini in illis, et prophetare cœperunt etiam ipsi.
#Text=21 Quod cum nuntiatum esset Sauli, misit et alios nuntios : prophetaverunt autem et illi.
2-1	197-199	Et	
2-2	200-209	respondit	
2-3	210-216	Michol	
2-4	217-219	ad	
2-5	220-224	Saul	
2-6	225-226	:	
2-7	227-231	Quia	
2-8	232-236	ipse	
2-9	237-244	locutus	
2-10	245-248	est	
2-11	249-253	mihi	
2-12	254-255	:	
2-13	256-263	Dimitte	
2-14	264-266	me	
2-15	266-267	,	
2-16	268-276	alioquin	
2-17	277-288	interficiam	
2-18	289-291	te	
2-19	291-292	.	
2-20	293-295	18	
2-21	296-301	David	
2-22	302-307	autem	
2-23	308-315	fugiens	
2-24	316-324	salvatus	
2-25	325-328	est	
2-26	328-329	,	
2-27	330-332	et	
2-28	333-338	venit	
2-29	339-341	ad	
2-30	342-348	Samuel	
2-31	349-351	in	
2-32	352-359	Ramatha	
2-33	359-360	,	
2-34	361-363	et	
2-35	364-373	nuntiavit	
2-36	374-376	ei	
2-37	377-382	omnia	
2-38	383-386	quæ	
2-39	387-394	fecerat	
2-40	395-399	sibi	
2-41	400-404	Saul	
2-42	405-406	:	
2-43	407-409	et	
2-44	410-418	abierunt	
2-45	419-423	ipse	
2-46	424-426	et	
2-47	427-433	Samuel	
2-48	433-434	,	
2-49	435-437	et	
2-50	438-444	morati	
2-51	445-449	sunt	
2-52	450-452	in	
2-53	453-459	Najoth	
2-54	459-460	.	
2-55	461-463	19	
2-56	464-473	Nuntiatum	
2-57	474-477	est	
2-58	478-483	autem	
2-59	484-489	Sauli	
2-60	490-491	a	
2-61	492-502	dicentibus	
2-62	503-504	:	
2-63	505-509	Ecce	
2-64	510-515	David	
2-65	516-518	in	
2-66	519-525	Najoth	
2-67	526-528	in	
2-68	529-536	Ramatha	
2-69	536-537	.	
2-70	538-540	20	
2-71	541-546	Misit	
2-72	547-551	ergo	
2-73	552-556	Saul	
2-74	557-565	lictores	
2-75	565-566	,	
2-76	567-569	ut	
2-77	570-578	raperent	
2-78	579-584	David	
2-79	585-586	:	
2-80	587-590	qui	
2-81	591-594	cum	
2-82	595-604	vidissent	
2-83	605-611	cuneum	
2-84	612-623	prophetarum	
2-85	624-637	vaticinantium	
2-86	637-638	,	
2-87	639-641	et	
2-88	642-650	Samuelem	
2-89	651-658	stantem	
2-90	659-664	super	
2-91	665-668	eos	
2-92	668-669	,	
2-93	670-676	factus	
2-94	677-680	est	
2-95	681-686	etiam	
2-96	687-695	spiritus	
2-97	696-702	Domini	
2-98	703-705	in	
2-99	706-711	illis	
2-100	711-712	,	
2-101	713-715	et	
2-102	716-726	prophetare	
2-103	727-735	cœperunt	
2-104	736-741	etiam	
2-105	742-746	ipsi	
2-106	746-747	.	
2-107	748-750	21	
2-108	751-755	Quod	
2-109	756-759	cum	
2-110	760-769	nuntiatum	
2-111	770-775	esset	
2-112	776-781	Sauli	
2-113	781-782	,	
2-114	783-788	misit	
2-115	789-791	et	
2-116	792-797	alios	
2-117	798-805	nuntios	
2-118	806-807	:	
2-119	808-822	prophetaverunt	
2-120	823-828	autem	
2-121	829-831	et	
2-122	832-836	illi	
2-123	836-837	.	

#Text=Et rursum misit Saul tertios nuntios : qui et ipsi prophetaverunt.
3-1	838-840	Et	
3-2	841-847	rursum	
3-3	848-853	misit	
3-4	854-858	Saul	
3-5	859-866	tertios	
3-6	867-874	nuntios	
3-7	875-876	:	
3-8	877-880	qui	
3-9	881-883	et	
3-10	884-888	ipsi	
3-11	889-903	prophetaverunt	
3-12	903-904	.	

#Text=Et iratus iracundia Saul, 22 abiit etiam ipse in Ramatha, et venit usque ad cisternam magnam quæ est in Socho, et interrogavit, et dixit : In quo loco sunt Samuel et David ?
4-1	905-907	Et	
4-2	908-914	iratus	
4-3	915-924	iracundia	
4-4	925-929	Saul	
4-5	929-930	,	
4-6	931-933	22	
4-7	934-939	abiit	
4-8	940-945	etiam	
4-9	946-950	ipse	
4-10	951-953	in	
4-11	954-961	Ramatha	
4-12	961-962	,	
4-13	963-965	et	
4-14	966-971	venit	
4-15	972-977	usque	
4-16	978-980	ad	
4-17	981-990	cisternam	
4-18	991-997	magnam	
4-19	998-1001	quæ	
4-20	1002-1005	est	
4-21	1006-1008	in	
4-22	1009-1014	Socho	
4-23	1014-1015	,	
4-24	1016-1018	et	
4-25	1019-1031	interrogavit	
4-26	1031-1032	,	
4-27	1033-1035	et	
4-28	1036-1041	dixit	
4-29	1042-1043	:	
4-30	1044-1046	In	
4-31	1047-1050	quo	
4-32	1051-1055	loco	
4-33	1056-1060	sunt	
4-34	1061-1067	Samuel	
4-35	1068-1070	et	
4-36	1071-1076	David	
4-37	1077-1078	?	

#Text=Dictumque est ei : Ecce in Najoth sunt in Ramatha.
#Text=23 Et abiit in Najoth in Ramatha, et factus est etiam super eum spiritus Domini, et ambulabat ingrediens, et prophetabat usque dum veniret in Najoth in Ramatha.
#Text=24 Et expoliavit etiam ipse se vestimentis suis, et prophetavit cum ceteris coram Samuele, et cecidit nudus tota die illa et nocte.
5-1	1079-1088	Dictumque	
5-2	1089-1092	est	
5-3	1093-1095	ei	
5-4	1096-1097	:	
5-5	1098-1102	Ecce	
5-6	1103-1105	in	
5-7	1106-1112	Najoth	
5-8	1113-1117	sunt	
5-9	1118-1120	in	
5-10	1121-1128	Ramatha	
5-11	1128-1129	.	
5-12	1130-1132	23	
5-13	1133-1135	Et	
5-14	1136-1141	abiit	
5-15	1142-1144	in	
5-16	1145-1151	Najoth	
5-17	1152-1154	in	
5-18	1155-1162	Ramatha	
5-19	1162-1163	,	
5-20	1164-1166	et	
5-21	1167-1173	factus	
5-22	1174-1177	est	
5-23	1178-1183	etiam	
5-24	1184-1189	super	
5-25	1190-1193	eum	
5-26	1194-1202	spiritus	
5-27	1203-1209	Domini	
5-28	1209-1210	,	
5-29	1211-1213	et	
5-30	1214-1223	ambulabat	
5-31	1224-1234	ingrediens	
5-32	1234-1235	,	
5-33	1236-1238	et	
5-34	1239-1250	prophetabat	
5-35	1251-1256	usque	
5-36	1257-1260	dum	
5-37	1261-1268	veniret	
5-38	1269-1271	in	
5-39	1272-1278	Najoth	
5-40	1279-1281	in	
5-41	1282-1289	Ramatha	
5-42	1289-1290	.	
5-43	1291-1293	24	
5-44	1294-1296	Et	
5-45	1297-1307	expoliavit	
5-46	1308-1313	etiam	
5-47	1314-1318	ipse	
5-48	1319-1321	se	
5-49	1322-1333	vestimentis	
5-50	1334-1338	suis	
5-51	1338-1339	,	
5-52	1340-1342	et	
5-53	1343-1354	prophetavit	
5-54	1355-1358	cum	
5-55	1359-1366	ceteris	
5-56	1367-1372	coram	
5-57	1373-1380	Samuele	
5-58	1380-1381	,	
5-59	1382-1384	et	
5-60	1385-1392	cecidit	
5-61	1393-1398	nudus	
5-62	1399-1403	tota	
5-63	1404-1407	die	
5-64	1408-1412	illa	
5-65	1413-1415	et	
5-66	1416-1421	nocte	
5-67	1421-1422	.	

#Text=Unde et exivit proverbium : Num et Saul inter prophetas ?
6-1	1423-1427	Unde	
6-2	1428-1430	et	
6-3	1431-1437	exivit	
6-4	1438-1448	proverbium	
6-5	1449-1450	:	
6-6	1451-1454	Num	
6-7	1455-1457	et	
6-8	1458-1462	Saul	
6-9	1463-1468	inter	
6-10	1469-1478	prophetas	
6-11	1479-1480	?	

#Text=Caput 20
#Text=
#Text=
#Text=1 Fugit autem David de Najoth, quæ est in Ramatha, veniensque locutus est coram Jonatha : Quid feci ?
7-1	1481-1486	Caput	
7-2	1487-1489	20	
7-3	1492-1493	1	
7-4	1494-1499	Fugit	
7-5	1500-1505	autem	
7-6	1506-1511	David	
7-7	1512-1514	de	
7-8	1515-1521	Najoth	
7-9	1521-1522	,	
7-10	1523-1526	quæ	
7-11	1527-1530	est	
7-12	1531-1533	in	
7-13	1534-1541	Ramatha	
7-14	1541-1542	,	
7-15	1543-1553	veniensque	
7-16	1554-1561	locutus	
7-17	1562-1565	est	
7-18	1566-1571	coram	
7-19	1572-1579	Jonatha	
7-20	1580-1581	:	
7-21	1582-1586	Quid	
7-22	1587-1591	feci	
7-23	1592-1593	?	

#Text=quæ est iniquitas mea, et quod peccatum meum in patrem tuum, quia quærit animam meam ?
8-1	1594-1597	quæ	
8-2	1598-1601	est	
8-3	1602-1611	iniquitas	
8-4	1612-1615	mea	
8-5	1615-1616	,	
8-6	1617-1619	et	
8-7	1620-1624	quod	
8-8	1625-1633	peccatum	
8-9	1634-1638	meum	
8-10	1639-1641	in	
8-11	1642-1648	patrem	
8-12	1649-1653	tuum	
8-13	1653-1654	,	
8-14	1655-1659	quia	
8-15	1660-1666	quærit	
8-16	1667-1673	animam	
8-17	1674-1678	meam	
8-18	1679-1680	?	

#Text=2 Qui dixit ei : Absit, non morieris : neque enim faciet pater meus quidquam grande vel parvum, nisi prius indicaverit mihi : hunc ergo celavit me pater meus sermonem tantummodo ?
9-1	1681-1682	2	
9-2	1683-1686	Qui	
9-3	1687-1692	dixit	
9-4	1693-1695	ei	
9-5	1696-1697	:	
9-6	1698-1703	Absit	
9-7	1703-1704	,	
9-8	1705-1708	non	
9-9	1709-1717	morieris	
9-10	1718-1719	:	
9-11	1720-1725	neque	
9-12	1726-1730	enim	
9-13	1731-1737	faciet	
9-14	1738-1743	pater	
9-15	1744-1748	meus	
9-16	1749-1757	quidquam	
9-17	1758-1764	grande	
9-18	1765-1768	vel	
9-19	1769-1775	parvum	
9-20	1775-1776	,	
9-21	1777-1781	nisi	
9-22	1782-1787	prius	
9-23	1788-1799	indicaverit	
9-24	1800-1804	mihi	
9-25	1805-1806	:	
9-26	1807-1811	hunc	
9-27	1812-1816	ergo	
9-28	1817-1824	celavit	
9-29	1825-1827	me	
9-30	1828-1833	pater	
9-31	1834-1838	meus	
9-32	1839-1847	sermonem	
9-33	1848-1858	tantummodo	
9-34	1859-1860	?	

#Text=nequaquam erit istud.
#Text=3 Et juravit rursum Davidi.
10-1	1861-1870	nequaquam	
10-2	1871-1875	erit	
10-3	1876-1881	istud	
10-4	1881-1882	.	
10-5	1883-1884	3	
10-6	1885-1887	Et	
10-7	1888-1895	juravit	
10-8	1896-1902	rursum	
10-9	1903-1909	Davidi	
10-10	1909-1910	.	

#Text=Et ille ait : Scit profecto pater tuus quia inveni gratiam in oculis tuis, et dicet : Nesciat hoc Jonathas, ne forte tristetur.
11-1	1911-1913	Et	
11-2	1914-1918	ille	
11-3	1919-1922	ait	
11-4	1923-1924	:	
11-5	1925-1929	Scit	
11-6	1930-1938	profecto	
11-7	1939-1944	pater	
11-8	1945-1949	tuus	
11-9	1950-1954	quia	
11-10	1955-1961	inveni	
11-11	1962-1969	gratiam	
11-12	1970-1972	in	
11-13	1973-1979	oculis	
11-14	1980-1984	tuis	
11-15	1984-1985	,	
11-16	1986-1988	et	
11-17	1989-1994	dicet	
11-18	1995-1996	:	
11-19	1997-2004	Nesciat	
11-20	2005-2008	hoc	
11-21	2009-2017	Jonathas	
11-22	2017-2018	,	
11-23	2019-2021	ne	
11-24	2022-2027	forte	
11-25	2028-2037	tristetur	
11-26	2037-2038	.	

#Text=Quinimmo vivit Dominus, et vivit anima tua, quia uno tantum (ut ita dicam) gradu ego morsque dividimur.
12-1	2039-2047	Quinimmo	
12-2	2048-2053	vivit	
12-3	2054-2061	Dominus	
12-4	2061-2062	,	
12-5	2063-2065	et	
12-6	2066-2071	vivit	
12-7	2072-2077	anima	
12-8	2078-2081	tua	
12-9	2081-2082	,	
12-10	2083-2087	quia	
12-11	2088-2091	uno	
12-12	2092-2098	tantum	
12-13	2099-2100	(	
12-14	2100-2102	ut	
12-15	2103-2106	ita	
12-16	2107-2112	dicam	
12-17	2112-2113	)	
12-18	2114-2119	gradu	
12-19	2120-2123	ego	
12-20	2124-2131	morsque	
12-21	2132-2141	dividimur	
12-22	2141-2142	.	
