#FORMAT=WebAnno TSV 3.3


#Text=Wat de Verrrekken en gespannen Meubilen belangt;
#Text=Hy moet daar een zonderlinge
#Text=zorg voor dragen, die daaglyks stoffen en afschuijeren, ’t stof afnemen:
#Text=beletten, dat
#Text=Spinnekoppen zich daar niet aanzetten; en zorge dragen dat de Muizen de Tapyten
#Text=niet schenden;
#Text=de Kamerglazen zindelyk en net zyn, en wel dicht.
#Text=’t Is ook nodig,
#Text=
#Text=M.
1-1	4-7	Wat	
1-2	8-10	de	
1-3	11-21	Verrrekken	
1-4	22-24	en	
1-5	25-34	gespannen	
1-6	35-43	Meubilen	
1-7	44-51	belangt	
1-8	51-52	;	
1-9	53-55	Hy	
1-10	56-60	moet	
1-11	61-65	daar	
1-12	66-69	een	
1-13	70-81	zonderlinge	
1-14	82-86	zorg	
1-15	87-91	voor	
1-16	92-98	dragen	
1-17	98-99	,	
1-18	100-103	die	
1-19	104-112	daaglyks	
1-20	113-120	stoffen	
1-21	121-123	en	
1-22	124-136	afschuijeren	
1-23	136-137	,	
1-24	138-139	’	
1-25	139-140	t	
1-26	141-145	stof	
1-27	146-153	afnemen	
1-28	153-154	:	
1-29	155-163	beletten	
1-30	163-164	,	
1-31	165-168	dat	
1-32	169-181	Spinnekoppen	
1-33	182-186	zich	
1-34	187-191	daar	
1-35	192-196	niet	
1-36	197-206	aanzetten	
1-37	206-207	;	
1-38	208-210	en	
1-39	211-216	zorge	
1-40	217-223	dragen	
1-41	224-227	dat	
1-42	228-230	de	
1-43	231-237	Muizen	
1-44	238-240	de	
1-45	241-248	Tapyten	
1-46	249-253	niet	
1-47	254-262	schenden	
1-48	262-263	;	
1-49	264-266	de	
1-50	267-278	Kamerglazen	
1-51	279-287	zindelyk	
1-52	288-290	en	
1-53	291-294	net	
1-54	295-298	zyn	
1-55	298-299	,	
1-56	300-302	en	
1-57	303-306	wel	
1-58	307-312	dicht	
1-59	312-313	.	
1-60	314-315	’	
1-61	315-316	t	
1-62	317-319	Is	
1-63	320-323	ook	
1-64	324-329	nodig	
1-65	329-330	,	
1-66	332-333	M	
1-67	333-334	.	

#Text=Noel Chomel, Huishoudelyk woordboek
#Text=
#Text=\fdat hy lezen en schryven kan, om aan te tekenen alle de uitgaven, welke hy doen
#Text=
#Text=moet, en, om de namen der Luiden, die, by ’t afwezen van den Heer, komen en gaan,
#Text=aan te tekenen.
2-1	335-339	Noel	
2-2	340-346	Chomel	
2-3	346-347	,	
2-4	348-360	Huishoudelyk	
2-5	361-370	woordboek	
2-6	373-376	dat	
2-7	377-379	hy	
2-8	380-385	lezen	
2-9	386-388	en	
2-10	389-397	schryven	
2-11	398-401	kan	
2-12	401-402	,	
2-13	403-405	om	
2-14	406-409	aan	
2-15	410-412	te	
2-16	413-420	tekenen	
2-17	421-425	alle	
2-18	426-428	de	
2-19	429-437	uitgaven	
2-20	437-438	,	
2-21	439-444	welke	
2-22	445-447	hy	
2-23	448-452	doen	
2-24	454-458	moet	
2-25	458-459	,	
2-26	460-462	en	
2-27	462-463	,	
2-28	464-466	om	
2-29	467-469	de	
2-30	470-475	namen	
2-31	476-479	der	
2-32	480-486	Luiden	
2-33	486-487	,	
2-34	488-491	die	
2-35	491-492	,	
2-36	493-495	by	
2-37	496-497	’	
2-38	497-498	t	
2-39	499-506	afwezen	
2-40	507-510	van	
2-41	511-514	den	
2-42	515-519	Heer	
2-43	519-520	,	
2-44	521-526	komen	
2-45	527-529	en	
2-46	530-534	gaan	
2-47	534-535	,	
2-48	536-539	aan	
2-49	540-542	te	
2-50	543-550	tekenen	
2-51	550-551	.	

#Text=Hy moet ook de Bedden, op allerhande wyzen weten te bekleden,
#Text=dan kan men hem niets meer vergen.
3-1	552-554	Hy	
3-2	555-559	moet	
3-3	560-563	ook	
3-4	564-566	de	
3-5	567-573	Bedden	
3-6	573-574	,	
3-7	575-577	op	
3-8	578-588	allerhande	
3-9	589-594	wyzen	
3-10	595-600	weten	
3-11	601-603	te	
3-12	604-612	bekleden	
3-13	612-613	,	
3-14	614-617	dan	
3-15	618-621	kan	
3-16	622-625	men	
3-17	626-629	hem	
3-18	630-635	niets	
3-19	636-640	meer	
3-20	641-647	vergen	
3-21	647-648	.	

#Text=Zie daar alles wat zyne plicht vereist.
4-1	649-652	Zie	
4-2	653-657	daar	
4-3	658-663	alles	
4-4	664-667	wat	
4-5	668-672	zyne	
4-6	673-679	plicht	
4-7	680-687	vereist	
4-8	687-688	.	

#Text=oprispen is het kwyt raken van een wind ten kele uit, en is verzeld van een
#Text=onaangenaam geluid.
5-1	690-698	oprispen	
5-2	699-701	is	
5-3	702-705	het	
5-4	706-710	kwyt	
5-5	711-716	raken	
5-6	717-720	van	
5-7	721-724	een	
5-8	725-729	wind	
5-9	730-733	ten	
5-10	734-738	kele	
5-11	739-742	uit	
5-12	742-743	,	
5-13	744-746	en	
5-14	747-749	is	
5-15	750-757	verzeld	
5-16	758-761	van	
5-17	762-765	een	
5-18	766-777	onaangenaam	
5-19	778-784	geluid	
5-20	784-785	.	

#Text=Het komt van alles ’t geen lucht in de maag veroorzaken kan.
6-1	786-789	Het	
6-2	790-794	komt	
6-3	795-798	van	
6-4	799-804	alles	
6-5	805-806	’	
6-6	806-807	t	
6-7	808-812	geen	
6-8	813-818	lucht	
6-9	819-821	in	
6-10	822-824	de	
6-11	825-829	maag	
6-12	830-841	veroorzaken	
6-13	842-845	kan	
6-14	845-846	.	

#Text=Het verlicht hen, die de maag vol winden hebben;
#Text=gene zyn’er meer aan onderhevig,
#Text=dan die aan de Melancholie, en ’t Moerspel vast zyn.
7-1	849-852	Het	
7-2	853-861	verlicht	
7-3	862-865	hen	
7-4	865-866	,	
7-5	867-870	die	
7-6	871-873	de	
7-7	874-878	maag	
7-8	879-882	vol	
7-9	883-889	winden	
7-10	890-896	hebben	
7-11	896-897	;	
7-12	898-902	gene	
7-13	903-906	zyn	
7-14	906-907	’	
7-15	907-909	er	
7-16	910-914	meer	
7-17	915-918	aan	
7-18	919-929	onderhevig	
7-19	929-930	,	
7-20	931-934	dan	
7-21	935-938	die	
7-22	939-942	aan	
7-23	943-945	de	
7-24	946-957	Melancholie	
7-25	957-958	,	
7-26	959-961	en	
7-27	962-963	’	
7-28	963-964	t	
7-29	965-973	Moerspel	
7-30	974-978	vast	
7-31	979-982	zyn	
7-32	982-983	.	

#Text=Men kan ter bevordering daar
#Text=van Anys, Venkel, Coriander, heele Peper, Kumyn, Nagelen, Muskaatnoten, Zeduaria,
#Text=Orego, Zevenblad, of Wierook gebruiken, Oranjeschil en Appelen, Citroenen, enz.
#Text=kortom door alles, dat voor Opstyging wordt gebruikt.
#Text=
#Text=’t
#Text=Boeren komt wel van ’t vatten van lucht, of koude, of hitte, die de gewone
#Text=overtreft, of van te veel werken, of drinken, of eten.
8-1	984-987	Men	
8-2	988-991	kan	
8-3	992-995	ter	
8-4	996-1007	bevordering	
8-5	1008-1012	daar	
8-6	1013-1016	van	
8-7	1017-1021	Anys	
8-8	1021-1022	,	
8-9	1023-1029	Venkel	
8-10	1029-1030	,	
8-11	1031-1040	Coriander	
8-12	1040-1041	,	
8-13	1042-1047	heele	
8-14	1048-1053	Peper	
8-15	1053-1054	,	
8-16	1055-1060	Kumyn	
8-17	1060-1061	,	
8-18	1062-1069	Nagelen	
8-19	1069-1070	,	
8-20	1071-1083	Muskaatnoten	
8-21	1083-1084	,	
8-22	1085-1093	Zeduaria	
8-23	1093-1094	,	
8-24	1095-1100	Orego	
8-25	1100-1101	,	
8-26	1102-1111	Zevenblad	
8-27	1111-1112	,	
8-28	1113-1115	of	
8-29	1116-1123	Wierook	
8-30	1124-1133	gebruiken	
8-31	1133-1134	,	
8-32	1135-1146	Oranjeschil	
8-33	1147-1149	en	
8-34	1150-1157	Appelen	
8-35	1157-1158	,	
8-36	1159-1168	Citroenen	
8-37	1168-1169	,	
8-38	1170-1173	enz	
8-39	1173-1174	.	
8-40	1175-1181	kortom	
8-41	1182-1186	door	
8-42	1187-1192	alles	
8-43	1192-1193	,	
8-44	1194-1197	dat	
8-45	1198-1202	voor	
8-46	1203-1212	Opstyging	
8-47	1213-1218	wordt	
8-48	1219-1227	gebruikt	
8-49	1227-1228	.	
8-50	1230-1231	’	
8-51	1231-1232	t	
8-52	1233-1239	Boeren	
8-53	1240-1244	komt	
8-54	1245-1248	wel	
8-55	1249-1252	van	
8-56	1253-1254	’	
8-57	1254-1255	t	
8-58	1256-1262	vatten	
8-59	1263-1266	van	
8-60	1267-1272	lucht	
8-61	1272-1273	,	
8-62	1274-1276	of	
8-63	1277-1282	koude	
8-64	1282-1283	,	
8-65	1284-1286	of	
8-66	1287-1292	hitte	
8-67	1292-1293	,	
8-68	1294-1297	die	
8-69	1298-1300	de	
8-70	1301-1307	gewone	
8-71	1308-1317	overtreft	
8-72	1317-1318	,	
8-73	1319-1321	of	
8-74	1322-1325	van	
8-75	1326-1328	te	
8-76	1329-1333	veel	
8-77	1334-1340	werken	
8-78	1340-1341	,	
8-79	1342-1344	of	
8-80	1345-1352	drinken	
8-81	1352-1353	,	
8-82	1354-1356	of	
8-83	1357-1361	eten	
8-84	1361-1362	.	

#Text=Veel boeren is kwaad:
#Text=want zo’t het koken van de Spys bederft, zo het zuur zy,
#Text=of scherp, en ’t lang duurt, dreigt het Waterzucht, Trommelbuik, of Spysloop.
9-1	1365-1369	Veel	
9-2	1370-1376	boeren	
9-3	1377-1379	is	
9-4	1380-1385	kwaad	
9-5	1385-1386	:	
9-6	1387-1391	want	
9-7	1392-1394	zo	
9-8	1394-1395	’	
9-9	1395-1396	t	
9-10	1397-1400	het	
9-11	1401-1406	koken	
9-12	1407-1410	van	
9-13	1411-1413	de	
9-14	1414-1418	Spys	
9-15	1419-1426	bederft	
9-16	1426-1427	,	
9-17	1428-1430	zo	
9-18	1431-1434	het	
9-19	1435-1439	zuur	
9-20	1440-1442	zy	
9-21	1442-1443	,	
9-22	1444-1446	of	
9-23	1447-1453	scherp	
9-24	1453-1454	,	
9-25	1455-1457	en	
9-26	1458-1459	’	
9-27	1459-1460	t	
9-28	1461-1465	lang	
9-29	1466-1471	duurt	
9-30	1471-1472	,	
9-31	1473-1479	dreigt	
9-32	1480-1483	het	
9-33	1484-1494	Waterzucht	
9-34	1494-1495	,	
9-35	1496-1507	Trommelbuik	
9-36	1507-1508	,	
9-37	1509-1511	of	
9-38	1512-1520	Spysloop	
9-39	1520-1521	.	
