#FORMAT=WebAnno TSV 3.3
#T_SP=custom.Span|label
#T_RL=custom.Relation|label|BT_custom.Span


#Text=In den meisten Fällen handelt es sich um Befriedigung
#Text=
#Text=des Riechtriebes oder Schautriebes, Lust bei der Defäkation oder Miktion, kurz um eine 
#Text=der Formen infantiler Befriedigung, wie ich sie in Band V ausführlich beschrieben habe
#Text=
#Text=Freud scheint tatsächlich das Wesen des Fetischismus nur in der Konservierung eines 
#Text=Partialtriebes zu erblicken, wie z.
1-1	0-2	In	_	_	_	
1-2	3-6	den	_	_	_	
1-3	7-14	meisten	_	_	_	
1-4	15-21	Fällen	_	_	_	
1-5	22-29	handelt	_	_	_	
1-6	30-32	es	_	_	_	
1-7	33-37	sich	_	_	_	
1-8	38-40	um	_	_	_	
1-9	41-53	Befriedigung	_	_	_	
1-10	55-58	des	_	_	_	
1-11	59-71	Riechtriebes	_	_	_	
1-12	72-76	oder	_	_	_	
1-13	77-89	Schautriebes	_	_	_	
1-14	89-90	,	_	_	_	
1-15	91-95	Lust	_	_	_	
1-16	96-99	bei	_	_	_	
1-17	100-103	der	_	_	_	
1-18	104-114	Defäkation	_	_	_	
1-19	115-119	oder	_	_	_	
1-20	120-127	Miktion	_	_	_	
1-21	127-128	,	_	_	_	
1-22	129-133	kurz	_	_	_	
1-23	134-136	um	_	_	_	
1-24	137-141	eine	_	_	_	
1-25	143-146	der	_	_	_	
1-26	147-153	Formen	_	_	_	
1-27	154-164	infantiler	_	_	_	
1-28	165-177	Befriedigung	_	_	_	
1-29	177-178	,	_	_	_	
1-30	179-182	wie	_	_	_	
1-31	183-186	ich	_	_	_	
1-32	187-190	sie	_	_	_	
1-33	191-193	in	_	_	_	
1-34	194-198	Band	_	_	_	
1-35	199-200	V	_	_	_	
1-36	201-212	ausführlich	_	_	_	
1-37	213-224	beschrieben	_	_	_	
1-38	225-229	habe	_	_	_	
1-39	231-236	Freud	_	_	_	
1-40	237-244	scheint	_	_	_	
1-41	245-256	tatsächlich	_	_	_	
1-42	257-260	das	_	_	_	
1-43	261-266	Wesen	_	_	_	
1-44	267-270	des	_	_	_	
1-45	271-283	Fetischismus	_	_	_	
1-46	284-287	nur	_	_	_	
1-47	288-290	in	_	_	_	
1-48	291-294	der	_	_	_	
1-49	295-308	Konservierung	_	_	_	
1-50	309-314	eines	_	_	_	
1-51	316-330	Partialtriebes	_	_	_	
1-52	331-333	zu	_	_	_	
1-53	334-343	erblicken	_	_	_	
1-54	343-344	,	_	_	_	
1-55	345-348	wie	_	_	_	
1-56	349-350	z	_	_	_	
1-57	350-351	.	_	_	_	

#Text=B.
2-1	352-353	B	_	_	_	
2-2	353-354	.	_	_	_	

#Text=Abraham den Fußfetischismus auf den verdrängten 
#Text=Riechtrieb zurückführt.
3-1	355-362	Abraham	_	_	_	
3-2	363-366	den	_	_	_	
3-3	367-382	Fußfetischismus	_	_	_	
3-4	383-386	auf	_	_	_	
3-5	387-390	den	_	_	_	
3-6	391-402	verdrängten	_	_	_	
3-7	404-414	Riechtrieb	Smell\_Word	_	_	
3-8	415-426	zurückführt	_	_	_	
3-9	426-427	.	_	_	_	

#Text=Das klingt freilich ganz anders als die Auffassung, daß der 
#Text=Fetisch ein Genitale darstellt.
4-1	428-431	Das	_	_	_	
4-2	432-438	klingt	_	_	_	
4-3	439-447	freilich	_	_	_	
4-4	448-452	ganz	_	_	_	
4-5	453-459	anders	_	_	_	
4-6	460-463	als	_	_	_	
4-7	464-467	die	_	_	_	
4-8	468-478	Auffassung	_	_	_	
4-9	478-479	,	_	_	_	
4-10	480-483	daß	_	_	_	
4-11	484-487	der	_	_	_	
4-12	489-496	Fetisch	_	_	_	
4-13	497-500	ein	_	_	_	
4-14	501-509	Genitale	_	_	_	
4-15	510-519	darstellt	_	_	_	
4-16	519-520	.	_	_	_	

#Text=Sadger verwechselt hier zwei Begriffe, die strenge ge- 
#Text=schieden werden müssen.
5-1	521-527	Sadger	_	_	_	
5-2	528-539	verwechselt	_	_	_	
5-3	540-544	hier	_	_	_	
5-4	545-549	zwei	_	_	_	
5-5	550-558	Begriffe	_	_	_	
5-6	558-559	,	_	_	_	
5-7	560-563	die	_	_	_	
5-8	564-571	strenge	_	_	_	
5-9	572-574	ge	_	_	_	
5-10	574-575	-	_	_	_	
5-11	577-585	schieden	_	_	_	
5-12	586-592	werden	_	_	_	
5-13	593-599	müssen	_	_	_	
5-14	599-600	.	_	_	_	

#Text=Der Fetischist genitalisiert seinen Fetisch, d. h. er ersetzt 
#Text=ihm das Genitale, von dem der Erwachsene Lust erwartet und empfängt.
6-1	601-604	Der	_	_	_	
6-2	605-615	Fetischist	_	_	_	
6-3	616-629	genitalisiert	_	_	_	
6-4	630-636	seinen	_	_	_	
6-5	637-644	Fetisch	_	_	_	
6-6	644-645	,	_	_	_	
6-7	646-647	d	_	_	_	
6-8	647-648	.	_	_	_	
6-9	649-650	h	_	_	_	
6-10	650-651	.	_	_	_	
6-11	652-654	er	_	_	_	
6-12	655-662	ersetzt	_	_	_	
6-13	664-667	ihm	_	_	_	
6-14	668-671	das	_	_	_	
6-15	672-680	Genitale	_	_	_	
6-16	680-681	,	_	_	_	
6-17	682-685	von	_	_	_	
6-18	686-689	dem	_	_	_	
6-19	690-693	der	_	_	_	
6-20	694-704	Erwachsene	_	_	_	
6-21	705-709	Lust	_	_	_	
6-22	710-718	erwartet	_	_	_	
6-23	719-722	und	_	_	_	
6-24	723-731	empfängt	_	_	_	
6-25	731-732	.	_	_	_	

#Text=Genitalisierung
#Text=
#Text=ist nur ein Ausdruck und will besagen, daß er seine Befriedigung statt am Genitale 
#Text=
#Text=am Fetisch findet.
7-1	733-748	Genitalisierung	_	_	_	
7-2	750-753	ist	_	_	_	
7-3	754-757	nur	_	_	_	
7-4	758-761	ein	_	_	_	
7-5	762-770	Ausdruck	_	_	_	
7-6	771-774	und	_	_	_	
7-7	775-779	will	_	_	_	
7-8	780-787	besagen	_	_	_	
7-9	787-788	,	_	_	_	
7-10	789-792	daß	_	_	_	
7-11	793-795	er	_	_	_	
7-12	796-801	seine	_	_	_	
7-13	802-814	Befriedigung	_	_	_	
7-14	815-820	statt	_	_	_	
7-15	821-823	am	_	_	_	
7-16	824-832	Genitale	_	_	_	
7-17	835-837	am	_	_	_	
7-18	838-845	Fetisch	_	_	_	
7-19	846-852	findet	_	_	_	
7-20	852-853	.	_	_	_	

#Text=In der Zeit,, da sich der Fetischismus ausbildet, bildet das Genitale 
#Text=
#Text=noch kein Sexualziel.
8-1	854-856	In	_	_	_	
8-2	857-860	der	_	_	_	
8-3	861-865	Zeit	_	_	_	
8-4	865-866	,	_	_	_	
8-5	866-867	,	_	_	_	
8-6	868-870	da	_	_	_	
8-7	871-875	sich	_	_	_	
8-8	876-879	der	_	_	_	
8-9	880-892	Fetischismus	_	_	_	
8-10	893-902	ausbildet	_	_	_	
8-11	902-903	,	_	_	_	
8-12	904-910	bildet	_	_	_	
8-13	911-914	das	_	_	_	
8-14	915-923	Genitale	_	_	_	
8-15	926-930	noch	_	_	_	
8-16	931-935	kein	_	_	_	
8-17	936-946	Sexualziel	_	_	_	
8-18	946-947	.	_	_	_	

#Text=Wir haben gesehen, wie bedeutsam der Geruch alter Wäschestücke 
#Text=sein kann.
9-1	948-951	Wir	_	_	_	
9-2	952-957	haben	_	_	_	
9-3	958-965	gesehen	_	_	_	
9-4	965-966	,	_	_	_	
9-5	967-970	wie	_	_	_	
9-6	971-980	bedeutsam	Effect	_	_	
9-7	981-984	der	_	_	_	
9-8	985-991	Geruch	*[1]|Smell\_Word[2]	*	9-6[0_1]	
9-9	992-997	alter	Smell\_Source[3]	*|*|*	10-1[0_3]|11-1[7_3]|11-8[12_3]	
9-10	998-1010	Wäschestücke	Smell\_Source[3]	_	_	
9-11	1012-1016	sein	_	_	_	
9-12	1017-1021	kann	_	_	_	
9-13	1021-1022	.	_	_	_	

#Text=Sie riechen, weil sie mit den Ausdünstungen des ganzen Körpers durch- 
#Text=setzt sind.
10-1	1023-1026	Sie	Smell\_Source	*	10-5	
10-2	1027-1034	riechen	Smell\_Word	_	_	
10-3	1034-1035	,	_	_	_	
10-4	1036-1040	weil	_	_	_	
10-5	1041-1044	sie	Smell\_Source	_	_	
10-6	1045-1048	mit	_	_	_	
10-7	1049-1052	den	_	_	_	
10-8	1053-1066	Ausdünstungen	*[4]|Smell\_Source[5]	_	_	
10-9	1067-1070	des	Smell\_Source[6]	*	10-8[5_6]	
10-10	1071-1077	ganzen	Smell\_Source[6]	_	_	
10-11	1078-1085	Körpers	Smell\_Source[6]	_	_	
10-12	1086-1091	durch	_	_	_	
10-13	1091-1092	-	_	_	_	
10-14	1094-1099	setzt	_	_	_	
10-15	1100-1104	sind	_	_	_	
10-16	1104-1105	.	_	_	_	

#Text=Sie ersetzen den Geruch des Trägers, sie wecken die Illusion, daß man den 
#Text=
#Text=Präger direkt riecht.
11-1	1106-1109	Sie	Smell\_Source[7]|Odour\_Carrier[8]	_	_	
11-2	1110-1118	ersetzen	_	_	_	
11-3	1119-1122	den	_	_	_	
11-4	1123-1129	Geruch	*[9]|Smell\_Word[10]	_	_	
11-5	1130-1133	des	_	_	_	
11-6	1134-1141	Trägers	Smell\_Source	*|*	11-8[11_0]|11-15[14_0]	
11-7	1141-1142	,	_	_	_	
11-8	1143-1146	sie	Odour\_Carrier[11]|Smell\_Source[12]	_	_	
11-9	1147-1153	wecken	Effect[13]	_	_	
11-10	1154-1157	die	Effect[13]	_	_	
11-11	1158-1166	Illusion	Effect[13]	_	_	
11-12	1166-1167	,	_	_	_	
11-13	1168-1171	daß	_	_	_	
11-14	1172-1175	man	Perceiver	_	_	
11-15	1176-1179	den	Smell\_Source[14]	_	_	
11-16	1182-1188	Präger	Smell\_Source[14]	_	_	
11-17	1189-1195	direkt	Time	_	_	
11-18	1196-1202	riecht	Smell\_Word	*	11-17	
11-19	1202-1203	.	_	_	_	

#Text=Es handelt sieh um ein Phänomen der Verladung.
12-1	1204-1206	Es	_	_	_	
12-2	1207-1214	handelt	_	_	_	
12-3	1215-1219	sieh	_	_	_	
12-4	1220-1222	um	_	_	_	
12-5	1223-1226	ein	_	_	_	
12-6	1227-1235	Phänomen	_	_	_	
12-7	1236-1239	der	_	_	_	
12-8	1240-1249	Verladung	_	_	_	
12-9	1249-1250	.	_	_	_	

#Text=Daß aber 
#Text=
#Text=Sadger von der komplexen Bedeutung des Symbols keine blasse Ahnung hat. ergibt 
#Text=sich aus seinen Ausführungen.
#Text=
#Text=
#Text=
#Text=586 
#Text=
#Text=
#Text=Fetischismus.
13-1	1251-1254	Daß	_	_	_	
13-2	1255-1259	aber	_	_	_	
13-3	1262-1268	Sadger	_	_	_	
13-4	1269-1272	von	_	_	_	
13-5	1273-1276	der	_	_	_	
13-6	1277-1286	komplexen	_	_	_	
13-7	1287-1296	Bedeutung	_	_	_	
13-8	1297-1300	des	_	_	_	
13-9	1301-1308	Symbols	_	_	_	
13-10	1309-1314	keine	_	_	_	
13-11	1315-1321	blasse	_	_	_	
13-12	1322-1328	Ahnung	_	_	_	
13-13	1329-1332	hat	_	_	_	
13-14	1332-1333	.	_	_	_	
13-15	1334-1340	ergibt	_	_	_	
13-16	1342-1346	sich	_	_	_	
13-17	1347-1350	aus	_	_	_	
13-18	1351-1357	seinen	_	_	_	
13-19	1358-1370	Ausführungen	_	_	_	
13-20	1370-1371	.	_	_	_	
13-21	1375-1378	586	_	_	_	
13-22	1382-1394	Fetischismus	_	_	_	
13-23	1394-1395	.	_	_	_	

#Text=s c h i s t e n die Stütze seiner Fiktion, er benimmt 
#Text=sich, als ob das Symbol der lebende Gegenstand 
#Text=w ä r e, den es vertritt.
14-1	1399-1400	s	_	_	_	
14-2	1401-1402	c	_	_	_	
14-3	1403-1404	h	_	_	_	
14-4	1405-1406	i	_	_	_	
14-5	1407-1408	s	_	_	_	
14-6	1409-1410	t	_	_	_	
14-7	1411-1412	e	_	_	_	
14-8	1413-1414	n	_	_	_	
14-9	1415-1418	die	_	_	_	
14-10	1419-1425	Stütze	_	_	_	
14-11	1426-1432	seiner	_	_	_	
14-12	1433-1440	Fiktion	_	_	_	
14-13	1440-1441	,	_	_	_	
14-14	1442-1444	er	_	_	_	
14-15	1445-1452	benimmt	_	_	_	
14-16	1454-1458	sich	_	_	_	
14-17	1458-1459	,	_	_	_	
14-18	1460-1463	als	_	_	_	
14-19	1464-1466	ob	_	_	_	
14-20	1467-1470	das	_	_	_	
14-21	1471-1477	Symbol	_	_	_	
14-22	1478-1481	der	_	_	_	
14-23	1482-1489	lebende	_	_	_	
14-24	1490-1500	Gegenstand	_	_	_	
14-25	1502-1503	w	_	_	_	
14-26	1504-1505	ä	_	_	_	
14-27	1506-1507	r	_	_	_	
14-28	1508-1509	e	_	_	_	
14-29	1509-1510	,	_	_	_	
14-30	1511-1514	den	_	_	_	
14-31	1515-1517	es	_	_	_	
14-32	1518-1526	vertritt	_	_	_	
14-33	1526-1527	.	_	_	_	

#Text=Mit diese m „A 1 s - 0 b“ e r k 1 ä r t 
#Text=sich der Animismus des fetischistischen Sy m b o I s 
#Text=
#Text=
#Text=Nur in der fiktiven Welt kann sich das Symbol zu der hier ge- 
#Text=schilderten Bedeutung ausbilden.
15-1	1528-1531	Mit	_	_	_	
15-2	1532-1537	diese	_	_	_	
15-3	1538-1539	m	_	_	_	
15-4	1540-1541	„	_	_	_	
15-5	1541-1542	A	_	_	_	
15-6	1543-1544	1	_	_	_	
15-7	1545-1546	s	_	_	_	
15-8	1547-1548	-	_	_	_	
15-9	1549-1550	0	_	_	_	
15-10	1551-1552	b	_	_	_	
15-11	1552-1553	“	_	_	_	
15-12	1554-1555	e	_	_	_	
15-13	1556-1557	r	_	_	_	
15-14	1558-1559	k	_	_	_	
15-15	1560-1561	1	_	_	_	
15-16	1562-1563	ä	_	_	_	
15-17	1564-1565	r	_	_	_	
15-18	1566-1567	t	_	_	_	
15-19	1569-1573	sich	_	_	_	
15-20	1574-1577	der	_	_	_	
15-21	1578-1587	Animismus	_	_	_	
15-22	1588-1591	des	_	_	_	
15-23	1592-1608	fetischistischen	_	_	_	
15-24	1609-1611	Sy	_	_	_	
15-25	1612-1613	m	_	_	_	
15-26	1614-1615	b	_	_	_	
15-27	1616-1617	o	_	_	_	
15-28	1618-1619	I	_	_	_	
15-29	1620-1621	s	_	_	_	
15-30	1625-1628	Nur	_	_	_	
15-31	1629-1631	in	_	_	_	
15-32	1632-1635	der	_	_	_	
15-33	1636-1644	fiktiven	_	_	_	
15-34	1645-1649	Welt	_	_	_	
15-35	1650-1654	kann	_	_	_	
15-36	1655-1659	sich	_	_	_	
15-37	1660-1663	das	_	_	_	
15-38	1664-1670	Symbol	_	_	_	
15-39	1671-1673	zu	_	_	_	
15-40	1674-1677	der	_	_	_	
15-41	1678-1682	hier	_	_	_	
15-42	1683-1685	ge	_	_	_	
15-43	1685-1686	-	_	_	_	
15-44	1688-1699	schilderten	_	_	_	
15-45	1700-1709	Bedeutung	_	_	_	
15-46	1710-1719	ausbilden	_	_	_	
15-47	1719-1720	.	_	_	_	

#Text=Adler hat mit Recht auf die Bedeutung 
#Text=der Fiktion im Leben des Parapathikers hingewiesen, dabei aber den 
#Text=großen Fehler gemacht, die sexuellen Einstellungen des Kranken als 
#Text=eine Fiktion aufzufassen, als ein „Als-Ob“.
16-1	1721-1726	Adler	_	_	_	
16-2	1727-1730	hat	_	_	_	
16-3	1731-1734	mit	_	_	_	
16-4	1735-1740	Recht	_	_	_	
16-5	1741-1744	auf	_	_	_	
16-6	1745-1748	die	_	_	_	
16-7	1749-1758	Bedeutung	_	_	_	
16-8	1760-1763	der	_	_	_	
16-9	1764-1771	Fiktion	_	_	_	
16-10	1772-1774	im	_	_	_	
16-11	1775-1780	Leben	_	_	_	
16-12	1781-1784	des	_	_	_	
16-13	1785-1798	Parapathikers	_	_	_	
16-14	1799-1810	hingewiesen	_	_	_	
16-15	1810-1811	,	_	_	_	
16-16	1812-1817	dabei	_	_	_	
16-17	1818-1822	aber	_	_	_	
16-18	1823-1826	den	_	_	_	
16-19	1828-1834	großen	_	_	_	
16-20	1835-1841	Fehler	_	_	_	
16-21	1842-1849	gemacht	_	_	_	
16-22	1849-1850	,	_	_	_	
16-23	1851-1854	die	_	_	_	
16-24	1855-1864	sexuellen	_	_	_	
16-25	1865-1878	Einstellungen	_	_	_	
16-26	1879-1882	des	_	_	_	
16-27	1883-1890	Kranken	_	_	_	
16-28	1891-1894	als	_	_	_	
16-29	1896-1900	eine	_	_	_	
16-30	1901-1908	Fiktion	_	_	_	
16-31	1909-1920	aufzufassen	_	_	_	
16-32	1920-1921	,	_	_	_	
16-33	1922-1925	als	_	_	_	
16-34	1926-1929	ein	_	_	_	
16-35	1930-1931	„	_	_	_	
16-36	1931-1937	Als-Ob	_	_	_	
16-37	1937-1938	“	_	_	_	
16-38	1938-1939	.	_	_	_	

#Text=Der Parapathiker benimmt 
#Text=sich, als ob er seine Mutter begehren würde.
17-1	1940-1943	Der	_	_	_	
17-2	1944-1956	Parapathiker	_	_	_	
17-3	1957-1964	benimmt	_	_	_	
17-4	1966-1970	sich	_	_	_	
17-5	1970-1971	,	_	_	_	
17-6	1972-1975	als	_	_	_	
17-7	1976-1978	ob	_	_	_	
17-8	1979-1981	er	_	_	_	
17-9	1982-1987	seine	_	_	_	
17-10	1988-1994	Mutter	_	_	_	
17-11	1995-2003	begehren	_	_	_	
17-12	2004-2009	würde	_	_	_	
17-13	2009-2010	.	_	_	_	
