#FORMAT=WebAnno TSV 3.3
#T_SP=custom.Span|label
#T_RL=custom.Relation|label|BT_custom.Span


#Text=Es wird dieſes Gummi allein außwendig
#Text=
#Text=zu den Pflaſtern gebraucht/
#Text=daher es auch
#Text=in das Emplaſtrum Opodeltoch Mindereri, das
#Text=Emplaſtrum Apoſtolicon Nicol.
1-1	1-3	Es	_	_	_	
1-2	4-8	wird	_	_	_	
1-3	9-15	dieſes	_	_	_	
1-4	16-21	Gummi	_	_	_	
1-5	22-28	allein	_	_	_	
1-6	29-38	außwendig	_	_	_	
1-7	40-42	zu	_	_	_	
1-8	43-46	den	_	_	_	
1-9	47-56	Pflaſtern	_	_	_	
1-10	57-66	gebraucht	_	_	_	
1-11	66-67	/	_	_	_	
1-12	68-73	daher	_	_	_	
1-13	74-76	es	_	_	_	
1-14	77-81	auch	_	_	_	
1-15	82-84	in	_	_	_	
1-16	85-88	das	_	_	_	
1-17	89-99	Emplaſtrum	_	_	_	
1-18	100-110	Opodeltoch	_	_	_	
1-19	111-120	Mindereri	_	_	_	
1-20	120-121	,	_	_	_	
1-21	122-125	das	_	_	_	
1-22	126-136	Emplaſtrum	_	_	_	
1-23	137-148	Apoſtolicon	_	_	_	
1-24	149-154	Nicol	_	_	_	
1-25	154-155	.	_	_	_	

#Text=Alexandrini,
#Text=und andere mehr gezogen wird.
2-1	156-167	Alexandrini	_	_	_	
2-2	167-168	,	_	_	_	
2-3	169-172	und	_	_	_	
2-4	173-179	andere	_	_	_	
2-5	180-184	mehr	_	_	_	
2-6	185-192	gezogen	_	_	_	
2-7	193-197	wird	_	_	_	
2-8	197-198	.	_	_	_	

#Text=CAPUT CLXXV.
3-1	202-207	CAPUT	_	_	_	
3-2	208-213	CLXXV	_	_	_	
3-3	213-214	.	_	_	_	

#Text=Gummi Elemi.
4-1	216-221	Gummi	_	_	_	
4-2	222-227	Elemi	_	_	_	
4-3	227-228	.	_	_	_	

#Text=Gummi Elemi.
5-1	229-234	Gummi	_	_	_	
5-2	235-240	Elemi	_	_	_	
5-3	240-241	.	_	_	_	

#Text=Geſtalt.
6-1	243-250	Geſtalt	_	_	_	
6-2	250-251	.	_	_	_	

#Text=DIß Gummi iſt ein durchſichtige/
#Text=weiſſe/ mit gelben flecken vermiſchte/
#Text=
#Text=hartzichte ſubſtantz auß einer gat-
#Text=tung Oelbaums in Apulien und Moren-
#Text=land flieſſend/
#Text=einen guten geruch/ ſo mans
#Text=anzuͤndet/ von ſich gebend.
7-1	253-256	DIß	_	_	_	
7-2	257-262	Gummi	Smell\_Source	_	_	
7-3	263-266	iſt	_	_	_	
7-4	267-270	ein	_	_	_	
7-5	271-284	durchſichtige	_	_	_	
7-6	284-285	/	_	_	_	
7-7	286-292	weiſſe	_	_	_	
7-8	292-293	/	_	_	_	
7-9	294-297	mit	_	_	_	
7-10	298-304	gelben	_	_	_	
7-11	305-312	flecken	_	_	_	
7-12	313-323	vermiſchte	_	_	_	
7-13	323-324	/	_	_	_	
7-14	326-336	hartzichte	_	_	_	
7-15	337-346	ſubſtantz	_	_	_	
7-16	347-350	auß	_	_	_	
7-17	351-356	einer	_	_	_	
7-18	357-360	gat	_	_	_	
7-19	360-361	-	_	_	_	
7-20	362-366	tung	_	_	_	
7-21	367-375	Oelbaums	_	_	_	
7-22	376-378	in	_	_	_	
7-23	379-386	Apulien	_	_	_	
7-24	387-390	und	_	_	_	
7-25	391-396	Moren	_	_	_	
7-26	396-397	-	_	_	_	
7-27	398-402	land	_	_	_	
7-28	403-412	flieſſend	_	_	_	
7-29	412-413	/	_	_	_	
7-30	414-419	einen	_	_	_	
7-31	420-425	guten	Quality	_	_	
7-32	426-432	geruch	Smell\_Word	*|*|*	7-31|7-2|7-34[1_0]	
7-33	432-433	/	_	_	_	
7-34	434-436	ſo	Circumstances[1]	_	_	
7-35	437-441	mans	Circumstances[1]	_	_	
7-36	442-451	anzuͤndet	Circumstances[1]	_	_	
7-37	451-452	/	_	_	_	
7-38	453-456	von	_	_	_	
7-39	457-461	ſich	_	_	_	
7-40	462-468	gebend	_	_	_	
7-41	468-469	.	_	_	_	

#Text=Eigenſchafft.
8-1	473-485	Eigenſchafft	_	_	_	
8-2	485-486	.	_	_	_	

#Text=Es hat diß Hartz ein recht balſamiſches
#Text=oͤl/ neben etwas fluͤchtigem ſaurlichtem tem-
#Text=perierten ſaltz bey ſich/ und alſo die Eigen-
#Text=ſchafft gelind zu erwaͤrmen/ zu erweichen/ zu
#Text=zertheilen/ zu zeitigen/ ſchmertzen zu ſtillen/
#Text=
#Text=Nerven und Sehnaderen zu ſtaͤrcken und zu
#Text=heilen.
9-1	488-490	Es	_	_	_	
9-2	491-494	hat	_	_	_	
9-3	495-498	diß	_	_	_	
9-4	499-504	Hartz	_	_	_	
9-5	505-508	ein	_	_	_	
9-6	509-514	recht	_	_	_	
9-7	515-527	balſamiſches	_	_	_	
9-8	528-531	oͤl	_	_	_	
9-9	531-532	/	_	_	_	
9-10	533-538	neben	_	_	_	
9-11	539-544	etwas	_	_	_	
9-12	545-556	fluͤchtigem	_	_	_	
9-13	557-568	ſaurlichtem	_	_	_	
9-14	569-572	tem	_	_	_	
9-15	572-573	-	_	_	_	
9-16	574-583	perierten	_	_	_	
9-17	584-589	ſaltz	_	_	_	
9-18	590-593	bey	_	_	_	
9-19	594-598	ſich	_	_	_	
9-20	598-599	/	_	_	_	
9-21	600-603	und	_	_	_	
9-22	604-608	alſo	_	_	_	
9-23	609-612	die	_	_	_	
9-24	613-618	Eigen	_	_	_	
9-25	618-619	-	_	_	_	
9-26	620-627	ſchafft	_	_	_	
9-27	628-634	gelind	_	_	_	
9-28	635-637	zu	_	_	_	
9-29	638-647	erwaͤrmen	_	_	_	
9-30	647-648	/	_	_	_	
9-31	649-651	zu	_	_	_	
9-32	652-661	erweichen	_	_	_	
9-33	661-662	/	_	_	_	
9-34	663-665	zu	_	_	_	
9-35	666-676	zertheilen	_	_	_	
9-36	676-677	/	_	_	_	
9-37	678-680	zu	_	_	_	
9-38	681-689	zeitigen	_	_	_	
9-39	689-690	/	_	_	_	
9-40	691-701	ſchmertzen	_	_	_	
9-41	702-704	zu	_	_	_	
9-42	705-712	ſtillen	_	_	_	
9-43	712-713	/	_	_	_	
9-44	715-721	Nerven	_	_	_	
9-45	722-725	und	_	_	_	
9-46	726-736	Sehnaderen	_	_	_	
9-47	737-739	zu	_	_	_	
9-48	740-749	ſtaͤrcken	_	_	_	
9-49	750-753	und	_	_	_	
9-50	754-756	zu	_	_	_	
9-51	757-763	heilen	_	_	_	
9-52	763-764	.	_	_	_	

#Text=Gebrauch.
10-1	767-775	Gebrauch	_	_	_	
10-2	775-776	.	_	_	_	

#Text=Es wird dieſes Gummi allein außwen-
#Text=dig und zwar mit groſſem Nutzen in aller-
#Text=hand Wunden/ ſonderlich aber in den wun-
#Text=den des Haupts/ der Nerven und Sehna-
#Text=deren gebraucht.
11-1	778-780	Es	_	_	_	
11-2	781-785	wird	_	_	_	
11-3	786-792	dieſes	_	_	_	
11-4	793-798	Gummi	_	_	_	
11-5	799-805	allein	_	_	_	
11-6	806-812	außwen	_	_	_	
11-7	812-813	-	_	_	_	
11-8	814-817	dig	_	_	_	
11-9	818-821	und	_	_	_	
11-10	822-826	zwar	_	_	_	
11-11	827-830	mit	_	_	_	
11-12	831-838	groſſem	_	_	_	
11-13	839-845	Nutzen	_	_	_	
11-14	846-848	in	_	_	_	
11-15	849-854	aller	_	_	_	
11-16	854-855	-	_	_	_	
11-17	856-860	hand	_	_	_	
11-18	861-867	Wunden	_	_	_	
11-19	867-868	/	_	_	_	
11-20	869-879	ſonderlich	_	_	_	
11-21	880-884	aber	_	_	_	
11-22	885-887	in	_	_	_	
11-23	888-891	den	_	_	_	
11-24	892-895	wun	_	_	_	
11-25	895-896	-	_	_	_	
11-26	897-900	den	_	_	_	
11-27	901-904	des	_	_	_	
11-28	905-911	Haupts	_	_	_	
11-29	911-912	/	_	_	_	
11-30	913-916	der	_	_	_	
11-31	917-923	Nerven	_	_	_	
11-32	924-927	und	_	_	_	
11-33	928-933	Sehna	_	_	_	
11-34	933-934	-	_	_	_	
11-35	935-940	deren	_	_	_	
11-36	941-950	gebraucht	_	_	_	
11-37	950-951	.	_	_	_	

#Text=Jn den Haupt-wunden
#Text=wird es mit dem Betonien-pflaſter ver-
#Text=miſcht und uͤbergeſchlagen.
12-1	952-954	Jn	_	_	_	
12-2	955-958	den	_	_	_	
12-3	959-971	Haupt-wunden	_	_	_	
12-4	972-976	wird	_	_	_	
12-5	977-979	es	_	_	_	
12-6	980-983	mit	_	_	_	
12-7	984-987	dem	_	_	_	
12-8	988-1005	Betonien-pflaſter	_	_	_	
12-9	1006-1009	ver	_	_	_	
12-10	1009-1010	-	_	_	_	
12-11	1011-1017	miſcht	_	_	_	
12-12	1018-1021	und	_	_	_	
12-13	1022-1037	uͤbergeſchlagen	_	_	_	
12-14	1037-1038	.	_	_	_	

#Text=Arceus, der vorzeiten beruͤhmte Chirurgus,
#Text=hat folgende Wundſalbe oder Balſam im
#Text=gebrauch gehabt/ und ſich dadurch/ in hei-
#Text=lung friſcher Wunden/ ein groſſes Lob er-
#Text=weckt.
13-1	1041-1047	Arceus	_	_	_	
13-2	1047-1048	,	_	_	_	
13-3	1049-1052	der	_	_	_	
13-4	1053-1062	vorzeiten	_	_	_	
13-5	1063-1072	beruͤhmte	_	_	_	
13-6	1073-1082	Chirurgus	_	_	_	
13-7	1082-1083	,	_	_	_	
13-8	1084-1087	hat	_	_	_	
13-9	1088-1096	folgende	_	_	_	
13-10	1097-1106	Wundſalbe	_	_	_	
13-11	1107-1111	oder	_	_	_	
13-12	1112-1118	Balſam	_	_	_	
13-13	1119-1121	im	_	_	_	
13-14	1122-1130	gebrauch	_	_	_	
13-15	1131-1137	gehabt	_	_	_	
13-16	1137-1138	/	_	_	_	
13-17	1139-1142	und	_	_	_	
13-18	1143-1147	ſich	_	_	_	
13-19	1148-1155	dadurch	_	_	_	
13-20	1155-1156	/	_	_	_	
13-21	1157-1159	in	_	_	_	
13-22	1160-1163	hei	_	_	_	
13-23	1163-1164	-	_	_	_	
13-24	1165-1169	lung	_	_	_	
13-25	1170-1178	friſcher	_	_	_	
13-26	1179-1185	Wunden	_	_	_	
13-27	1185-1186	/	_	_	_	
13-28	1187-1190	ein	_	_	_	
13-29	1191-1198	groſſes	_	_	_	
13-30	1199-1202	Lob	_	_	_	
13-31	1203-1205	er	_	_	_	
13-32	1205-1206	-	_	_	_	
13-33	1207-1212	weckt	_	_	_	
13-34	1212-1213	.	_	_	_	

#Text=Nim deß lauteren ſchoͤnen Terben-
#Text=thins/ Gum̃i Elemi jedes 3. loth/ deß ſchmers
#Text=oder fette von einem verſchnittenen Ochſen
#Text=4. loth/
14-1	1214-1217	Nim	_	_	_	
14-2	1218-1221	deß	_	_	_	
14-3	1222-1230	lauteren	_	_	_	
14-4	1231-1239	ſchoͤnen	_	_	_	
14-5	1240-1246	Terben	_	_	_	
14-6	1246-1247	-	_	_	_	
14-7	1248-1253	thins	_	_	_	
14-8	1253-1254	/	_	_	_	
14-9	1255-1260	Gum̃i	_	_	_	
14-10	1261-1266	Elemi	_	_	_	
14-11	1267-1272	jedes	_	_	_	
14-12	1273-1274	3	_	_	_	
14-13	1274-1275	.	_	_	_	
14-14	1276-1280	loth	_	_	_	
14-15	1280-1281	/	_	_	_	
14-16	1282-1285	deß	_	_	_	
14-17	1286-1293	ſchmers	_	_	_	
14-18	1294-1298	oder	_	_	_	
14-19	1299-1304	fette	_	_	_	
14-20	1305-1308	von	_	_	_	
14-21	1309-1314	einem	_	_	_	
14-22	1315-1329	verſchnittenen	_	_	_	
14-23	1330-1336	Ochſen	_	_	_	
14-24	1337-1338	4	_	_	_	
14-25	1338-1339	.	_	_	_	
14-26	1340-1344	loth	_	_	_	
14-27	1344-1345	/	_	_	_	
