#FORMAT=WebAnno TSV 3.3
#T_SP=custom.Span|label
#T_RL=custom.Relation|label|BT_custom.Span


#Text=2 Et victimas declinastis in profundum ; et ego eruditor omnium eorum.
#Text=3 Ego scio Ephraim, et Israël non est absconditus a me : quia nunc fornicatus est Ephraim ; contaminatus est Israël.
#Text=4 Non dabunt cogitationes suas ut revertantur ad Deum suum, quia spiritus fornicationum in medio eorum, et Dominum non cognoverunt.
#Text=5 Et respondebit arrogantia Israël in facie ejus, et Israël et Ephraim ruent in iniquitate sua : ruet etiam Judas cum eis.
#Text=6 In gregibus suis et in armentis suis vadent ad quærendum Dominum, et non invenient : ablatus est ab eis.
#Text=7 In Dominum prævaricati sunt, quia filios alienos genuerunt : nunc devorabit eos mensis, cum partibus suis.
#Text=8 Clangite buccina in Gabaa, tuba in Rama ; ululate in Bethaven, post tergum tuum, Benjamin.
#Text=9 Ephraim in desolatione erit in die correptionis ; in tribubus Israël ostendi fidem.
#Text=10 Facti sunt principes Juda quasi assumentes terminum ; super eos effundam quasi aquam iram meam.
#Text=11 Calumniam patiens est Ephraim, fractus judicio, quoniam cœpit abire post sordes.
#Text=12 Et ego quasi tinea Ephraim, et quasi putredo domui Juda.
#Text=13 Et vidit Ephraim languorem suum, et Juda vinculum suum ; et abiit Ephraim ad Assur, et misit ad regem ultorem : et ipse non poterit sanare vos, nec solvere poterit a vobis vinculum.
#Text=14 Quoniam ego quasi leæna Ephraim, et quasi catulus leonis domui Juda.
1-1	2-3	2	_	_	_	
1-2	4-6	Et	_	_	_	
1-3	7-15	victimas	_	_	_	
1-4	16-27	declinastis	_	_	_	
1-5	28-30	in	_	_	_	
1-6	31-40	profundum	_	_	_	
1-7	41-42	;	_	_	_	
1-8	43-45	et	_	_	_	
1-9	46-49	ego	_	_	_	
1-10	50-58	eruditor	_	_	_	
1-11	59-65	omnium	_	_	_	
1-12	66-71	eorum	_	_	_	
1-13	71-72	.	_	_	_	
1-14	73-74	3	_	_	_	
1-15	75-78	Ego	_	_	_	
1-16	79-83	scio	_	_	_	
1-17	84-91	Ephraim	_	_	_	
1-18	91-92	,	_	_	_	
1-19	93-95	et	_	_	_	
1-20	96-102	Israël	_	_	_	
1-21	103-106	non	_	_	_	
1-22	107-110	est	_	_	_	
1-23	111-122	absconditus	_	_	_	
1-24	123-124	a	_	_	_	
1-25	125-127	me	_	_	_	
1-26	128-129	:	_	_	_	
1-27	130-134	quia	_	_	_	
1-28	135-139	nunc	_	_	_	
1-29	140-150	fornicatus	_	_	_	
1-30	151-154	est	_	_	_	
1-31	155-162	Ephraim	_	_	_	
1-32	163-164	;	_	_	_	
1-33	165-177	contaminatus	_	_	_	
1-34	178-181	est	_	_	_	
1-35	182-188	Israël	_	_	_	
1-36	188-189	.	_	_	_	
1-37	190-191	4	_	_	_	
1-38	192-195	Non	_	_	_	
1-39	196-202	dabunt	_	_	_	
1-40	203-215	cogitationes	_	_	_	
1-41	216-220	suas	_	_	_	
1-42	221-223	ut	_	_	_	
1-43	224-235	revertantur	_	_	_	
1-44	236-238	ad	_	_	_	
1-45	239-243	Deum	_	_	_	
1-46	244-248	suum	_	_	_	
1-47	248-249	,	_	_	_	
1-48	250-254	quia	_	_	_	
1-49	255-263	spiritus	_	_	_	
1-50	264-277	fornicationum	_	_	_	
1-51	278-280	in	_	_	_	
1-52	281-286	medio	_	_	_	
1-53	287-292	eorum	_	_	_	
1-54	292-293	,	_	_	_	
1-55	294-296	et	_	_	_	
1-56	297-304	Dominum	_	_	_	
1-57	305-308	non	_	_	_	
1-58	309-320	cognoverunt	_	_	_	
1-59	320-321	.	_	_	_	
1-60	322-323	5	_	_	_	
1-61	324-326	Et	_	_	_	
1-62	327-338	respondebit	_	_	_	
1-63	339-349	arrogantia	_	_	_	
1-64	350-356	Israël	_	_	_	
1-65	357-359	in	_	_	_	
1-66	360-365	facie	_	_	_	
1-67	366-370	ejus	_	_	_	
1-68	370-371	,	_	_	_	
1-69	372-374	et	_	_	_	
1-70	375-381	Israël	_	_	_	
1-71	382-384	et	_	_	_	
1-72	385-392	Ephraim	_	_	_	
1-73	393-398	ruent	_	_	_	
1-74	399-401	in	_	_	_	
1-75	402-412	iniquitate	_	_	_	
1-76	413-416	sua	_	_	_	
1-77	417-418	:	_	_	_	
1-78	419-423	ruet	_	_	_	
1-79	424-429	etiam	_	_	_	
1-80	430-435	Judas	_	_	_	
1-81	436-439	cum	_	_	_	
1-82	440-443	eis	_	_	_	
1-83	443-444	.	_	_	_	
1-84	445-446	6	_	_	_	
1-85	447-449	In	_	_	_	
1-86	450-458	gregibus	_	_	_	
1-87	459-463	suis	_	_	_	
1-88	464-466	et	_	_	_	
1-89	467-469	in	_	_	_	
1-90	470-478	armentis	_	_	_	
1-91	479-483	suis	_	_	_	
1-92	484-490	vadent	_	_	_	
1-93	491-493	ad	_	_	_	
1-94	494-503	quærendum	_	_	_	
1-95	504-511	Dominum	_	_	_	
1-96	511-512	,	_	_	_	
1-97	513-515	et	_	_	_	
1-98	516-519	non	_	_	_	
1-99	520-529	invenient	_	_	_	
1-100	530-531	:	_	_	_	
1-101	532-539	ablatus	_	_	_	
1-102	540-543	est	_	_	_	
1-103	544-546	ab	_	_	_	
1-104	547-550	eis	_	_	_	
1-105	550-551	.	_	_	_	
1-106	552-553	7	_	_	_	
1-107	554-556	In	_	_	_	
1-108	557-564	Dominum	_	_	_	
1-109	565-576	prævaricati	_	_	_	
1-110	577-581	sunt	_	_	_	
1-111	581-582	,	_	_	_	
1-112	583-587	quia	_	_	_	
1-113	588-594	filios	_	_	_	
1-114	595-602	alienos	_	_	_	
1-115	603-612	genuerunt	_	_	_	
1-116	613-614	:	_	_	_	
1-117	615-619	nunc	_	_	_	
1-118	620-629	devorabit	_	_	_	
1-119	630-633	eos	_	_	_	
1-120	634-640	mensis	_	_	_	
1-121	640-641	,	_	_	_	
1-122	642-645	cum	_	_	_	
1-123	646-654	partibus	_	_	_	
1-124	655-659	suis	_	_	_	
1-125	659-660	.	_	_	_	
1-126	661-662	8	_	_	_	
1-127	663-671	Clangite	_	_	_	
1-128	672-679	buccina	_	_	_	
1-129	680-682	in	_	_	_	
1-130	683-688	Gabaa	_	_	_	
1-131	688-689	,	_	_	_	
1-132	690-694	tuba	_	_	_	
1-133	695-697	in	_	_	_	
1-134	698-702	Rama	_	_	_	
1-135	703-704	;	_	_	_	
1-136	705-712	ululate	_	_	_	
1-137	713-715	in	_	_	_	
1-138	716-724	Bethaven	_	_	_	
1-139	724-725	,	_	_	_	
1-140	726-730	post	_	_	_	
1-141	731-737	tergum	_	_	_	
1-142	738-742	tuum	_	_	_	
1-143	742-743	,	_	_	_	
1-144	744-752	Benjamin	_	_	_	
1-145	752-753	.	_	_	_	
1-146	754-755	9	_	_	_	
1-147	756-763	Ephraim	_	_	_	
1-148	764-766	in	_	_	_	
1-149	767-778	desolatione	_	_	_	
1-150	779-783	erit	_	_	_	
1-151	784-786	in	_	_	_	
1-152	787-790	die	_	_	_	
1-153	791-803	correptionis	_	_	_	
1-154	804-805	;	_	_	_	
1-155	806-808	in	_	_	_	
1-156	809-817	tribubus	_	_	_	
1-157	818-824	Israël	_	_	_	
1-158	825-832	ostendi	_	_	_	
1-159	833-838	fidem	_	_	_	
1-160	838-839	.	_	_	_	
1-161	840-842	10	_	_	_	
1-162	843-848	Facti	_	_	_	
1-163	849-853	sunt	_	_	_	
1-164	854-863	principes	_	_	_	
1-165	864-868	Juda	_	_	_	
1-166	869-874	quasi	_	_	_	
1-167	875-885	assumentes	_	_	_	
1-168	886-894	terminum	_	_	_	
1-169	895-896	;	_	_	_	
1-170	897-902	super	_	_	_	
1-171	903-906	eos	_	_	_	
1-172	907-915	effundam	_	_	_	
1-173	916-921	quasi	_	_	_	
1-174	922-927	aquam	_	_	_	
1-175	928-932	iram	_	_	_	
1-176	933-937	meam	_	_	_	
1-177	937-938	.	_	_	_	
1-178	939-941	11	_	_	_	
1-179	942-951	Calumniam	_	_	_	
1-180	952-959	patiens	_	_	_	
1-181	960-963	est	_	_	_	
1-182	964-971	Ephraim	_	_	_	
1-183	971-972	,	_	_	_	
1-184	973-980	fractus	_	_	_	
1-185	981-988	judicio	_	_	_	
1-186	988-989	,	_	_	_	
1-187	990-997	quoniam	_	_	_	
1-188	998-1003	cœpit	_	_	_	
1-189	1004-1009	abire	_	_	_	
1-190	1010-1014	post	_	_	_	
1-191	1015-1021	sordes	_	_	_	
1-192	1021-1022	.	_	_	_	
1-193	1023-1025	12	_	_	_	
1-194	1026-1028	Et	_	_	_	
1-195	1029-1032	ego	Smell\_Source	_	_	
1-196	1033-1038	quasi	_	_	_	
1-197	1039-1044	tinea	_	_	_	
1-198	1045-1052	Ephraim	_	_	_	
1-199	1052-1053	,	_	_	_	
1-200	1054-1056	et	_	_	_	
1-201	1057-1062	quasi	_	_	_	
1-202	1063-1070	putredo	Smell\_Word[1]|Quality[2]	*|*|*	1-195[0_1]|1-202[2_1]|1-203[3_1]	
1-203	1071-1076	domui	Perceiver[3]	_	_	
1-204	1077-1081	Juda	Perceiver[3]	_	_	
1-205	1081-1082	.	_	_	_	
1-206	1083-1085	13	_	_	_	
1-207	1086-1088	Et	_	_	_	
1-208	1089-1094	vidit	_	_	_	
1-209	1095-1102	Ephraim	_	_	_	
1-210	1103-1112	languorem	_	_	_	
1-211	1113-1117	suum	_	_	_	
1-212	1117-1118	,	_	_	_	
1-213	1119-1121	et	_	_	_	
1-214	1122-1126	Juda	_	_	_	
1-215	1127-1135	vinculum	_	_	_	
1-216	1136-1140	suum	_	_	_	
1-217	1141-1142	;	_	_	_	
1-218	1143-1145	et	_	_	_	
1-219	1146-1151	abiit	_	_	_	
1-220	1152-1159	Ephraim	_	_	_	
1-221	1160-1162	ad	_	_	_	
1-222	1163-1168	Assur	_	_	_	
1-223	1168-1169	,	_	_	_	
1-224	1170-1172	et	_	_	_	
1-225	1173-1178	misit	_	_	_	
1-226	1179-1181	ad	_	_	_	
1-227	1182-1187	regem	_	_	_	
1-228	1188-1195	ultorem	_	_	_	
1-229	1196-1197	:	_	_	_	
1-230	1198-1200	et	_	_	_	
1-231	1201-1205	ipse	_	_	_	
1-232	1206-1209	non	_	_	_	
1-233	1210-1217	poterit	_	_	_	
1-234	1218-1224	sanare	_	_	_	
1-235	1225-1228	vos	_	_	_	
1-236	1228-1229	,	_	_	_	
1-237	1230-1233	nec	_	_	_	
1-238	1234-1241	solvere	_	_	_	
1-239	1242-1249	poterit	_	_	_	
1-240	1250-1251	a	_	_	_	
1-241	1252-1257	vobis	_	_	_	
1-242	1258-1266	vinculum	_	_	_	
1-243	1266-1267	.	_	_	_	
1-244	1268-1270	14	_	_	_	
1-245	1271-1278	Quoniam	_	_	_	
1-246	1279-1282	ego	_	_	_	
1-247	1283-1288	quasi	_	_	_	
1-248	1289-1294	leæna	_	_	_	
1-249	1295-1302	Ephraim	_	_	_	
1-250	1302-1303	,	_	_	_	
1-251	1304-1306	et	_	_	_	
1-252	1307-1312	quasi	_	_	_	
1-253	1313-1320	catulus	_	_	_	
1-254	1321-1327	leonis	_	_	_	
1-255	1328-1333	domui	_	_	_	
1-256	1334-1338	Juda	_	_	_	
1-257	1338-1339	.	_	_	_	

#Text=Ego, ego capiam, et vadam ; tollam, et non est qui eruat.
#Text=15 Vadens revertar ad locum meum, donec deficiatis, et quæratis faciem meam.
2-1	1340-1343	Ego	_	_	_	
2-2	1343-1344	,	_	_	_	
2-3	1345-1348	ego	_	_	_	
2-4	1349-1355	capiam	_	_	_	
2-5	1355-1356	,	_	_	_	
2-6	1357-1359	et	_	_	_	
2-7	1360-1365	vadam	_	_	_	
2-8	1366-1367	;	_	_	_	
2-9	1368-1374	tollam	_	_	_	
2-10	1374-1375	,	_	_	_	
2-11	1376-1378	et	_	_	_	
2-12	1379-1382	non	_	_	_	
2-13	1383-1386	est	_	_	_	
2-14	1387-1390	qui	_	_	_	
2-15	1391-1396	eruat	_	_	_	
2-16	1396-1397	.	_	_	_	
2-17	1398-1400	15	_	_	_	
2-18	1401-1407	Vadens	_	_	_	
2-19	1408-1416	revertar	_	_	_	
2-20	1417-1419	ad	_	_	_	
2-21	1420-1425	locum	_	_	_	
2-22	1426-1430	meum	_	_	_	
2-23	1430-1431	,	_	_	_	
2-24	1432-1437	donec	_	_	_	
2-25	1438-1448	deficiatis	_	_	_	
2-26	1448-1449	,	_	_	_	
2-27	1450-1452	et	_	_	_	
2-28	1453-1461	quæratis	_	_	_	
2-29	1462-1468	faciem	_	_	_	
2-30	1469-1473	meam	_	_	_	
2-31	1473-1474	.	_	_	_	

#Text=Caput 6
#Text=
#Text=
#Text=1 In tribulatione sua mane consurgent ad me : Venite, et revertamur ad Dominum, 2 quia ipse cepit, et sanabit nos ; percutiet, et curabit nos.
#Text=3 Vivificabit nos post duos dies ; in die tertia suscitabit nos, et vivemus in conspectu ejus.
3-1	1475-1480	Caput	_	_	_	
3-2	1481-1482	6	_	_	_	
3-3	1485-1486	1	_	_	_	
3-4	1487-1489	In	_	_	_	
3-5	1490-1502	tribulatione	_	_	_	
3-6	1503-1506	sua	_	_	_	
3-7	1507-1511	mane	_	_	_	
3-8	1512-1522	consurgent	_	_	_	
3-9	1523-1525	ad	_	_	_	
3-10	1526-1528	me	_	_	_	
3-11	1529-1530	:	_	_	_	
3-12	1531-1537	Venite	_	_	_	
3-13	1537-1538	,	_	_	_	
3-14	1539-1541	et	_	_	_	
3-15	1542-1552	revertamur	_	_	_	
3-16	1553-1555	ad	_	_	_	
3-17	1556-1563	Dominum	_	_	_	
3-18	1563-1564	,	_	_	_	
3-19	1565-1566	2	_	_	_	
3-20	1567-1571	quia	_	_	_	
3-21	1572-1576	ipse	_	_	_	
3-22	1577-1582	cepit	_	_	_	
3-23	1582-1583	,	_	_	_	
3-24	1584-1586	et	_	_	_	
3-25	1587-1594	sanabit	_	_	_	
3-26	1595-1598	nos	_	_	_	
3-27	1599-1600	;	_	_	_	
3-28	1601-1610	percutiet	_	_	_	
3-29	1610-1611	,	_	_	_	
3-30	1612-1614	et	_	_	_	
3-31	1615-1622	curabit	_	_	_	
3-32	1623-1626	nos	_	_	_	
3-33	1626-1627	.	_	_	_	
3-34	1628-1629	3	_	_	_	
3-35	1630-1641	Vivificabit	_	_	_	
3-36	1642-1645	nos	_	_	_	
3-37	1646-1650	post	_	_	_	
3-38	1651-1655	duos	_	_	_	
3-39	1656-1660	dies	_	_	_	
3-40	1661-1662	;	_	_	_	
3-41	1663-1665	in	_	_	_	
3-42	1666-1669	die	_	_	_	
3-43	1670-1676	tertia	_	_	_	
3-44	1677-1687	suscitabit	_	_	_	
3-45	1688-1691	nos	_	_	_	
3-46	1691-1692	,	_	_	_	
3-47	1693-1695	et	_	_	_	
3-48	1696-1703	vivemus	_	_	_	
3-49	1704-1706	in	_	_	_	
3-50	1707-1716	conspectu	_	_	_	
3-51	1717-1721	ejus	_	_	_	
3-52	1721-1722	.	_	_	_	

#Text=Sciemus, sequemurque ut cognoscamus Dominum : quasi diluculum præparatus est egressus ejus, et veniet quasi imber nobis temporaneus et serotinus terræ.
#Text=4 Quid faciam tibi, Ephraim ?
4-1	1723-1730	Sciemus	_	_	_	
4-2	1730-1731	,	_	_	_	
4-3	1732-1743	sequemurque	_	_	_	
4-4	1744-1746	ut	_	_	_	
4-5	1747-1758	cognoscamus	_	_	_	
4-6	1759-1766	Dominum	_	_	_	
4-7	1767-1768	:	_	_	_	
4-8	1769-1774	quasi	_	_	_	
4-9	1775-1784	diluculum	_	_	_	
4-10	1785-1795	præparatus	_	_	_	
4-11	1796-1799	est	_	_	_	
4-12	1800-1808	egressus	_	_	_	
4-13	1809-1813	ejus	_	_	_	
4-14	1813-1814	,	_	_	_	
4-15	1815-1817	et	_	_	_	
4-16	1818-1824	veniet	_	_	_	
4-17	1825-1830	quasi	_	_	_	
4-18	1831-1836	imber	_	_	_	
4-19	1837-1842	nobis	_	_	_	
4-20	1843-1854	temporaneus	_	_	_	
4-21	1855-1857	et	_	_	_	
4-22	1858-1867	serotinus	_	_	_	
4-23	1868-1873	terræ	_	_	_	
4-24	1873-1874	.	_	_	_	
4-25	1875-1876	4	_	_	_	
4-26	1877-1881	Quid	_	_	_	
4-27	1882-1888	faciam	_	_	_	
4-28	1889-1893	tibi	_	_	_	
4-29	1893-1894	,	_	_	_	
4-30	1895-1902	Ephraim	_	_	_	
4-31	1903-1904	?	_	_	_	

#Text=quid faciam tibi, Juda ?
5-1	1905-1909	quid	_	_	_	
5-2	1910-1916	faciam	_	_	_	
5-3	1917-1921	tibi	_	_	_	
5-4	1921-1922	,	_	_	_	
5-5	1923-1927	Juda	_	_	_	
5-6	1928-1929	?	_	_	_	
