#FORMAT=WebAnno TSV 3.3


#Text=Testae
#Text=interna superficies aequalis
#Text=omnino & laevis est, coloris utraque in specie obscure fusci, nonnihil ad
#Text=purpureo-cyancum vergentis.
1-1	0-6	Testae	
1-2	7-14	interna	
1-3	15-26	superficies	
1-4	27-35	aequalis	
1-5	36-42	omnino	
1-6	43-44	&	
1-7	45-51	laevis	
1-8	52-55	est	
1-9	55-56	,	
1-10	57-64	coloris	
1-11	65-72	utraque	
1-12	73-75	in	
1-13	76-82	specie	
1-14	83-90	obscure	
1-15	91-96	fusci	
1-16	96-97	,	
1-17	98-106	nonnihil	
1-18	107-109	ad	
1-19	110-126	purpureo-cyancum	
1-20	127-136	vergentis	
1-21	136-137	.	

#Text=Cochlearum harumce maximis Testae quam frequentissime ab aquaticis
#Text=quibusdam
#Text=Vermiculis exeduntur: uti praeprimis semper superiore in extremo
#Text=acuminato est videre;
#Text=quippe quod notabilibus tum foraminibus
#Text=eo etiam
#Text=usqueambeditur, ut tota demum Testae
#Text=figura ibi loci aboleatur.
2-1	139-149	Cochlearum	
2-2	150-157	harumce	
2-3	158-165	maximis	
2-4	166-172	Testae	
2-5	173-177	quam	
2-6	178-192	frequentissime	
2-7	193-195	ab	
2-8	196-205	aquaticis	
2-9	206-215	quibusdam	
2-10	216-226	Vermiculis	
2-11	227-236	exeduntur	
2-12	236-237	:	
2-13	238-241	uti	
2-14	242-252	praeprimis	
2-15	253-259	semper	
2-16	260-269	superiore	
2-17	270-272	in	
2-18	273-280	extremo	
2-19	281-290	acuminato	
2-20	291-294	est	
2-21	295-301	videre	
2-22	301-302	;	
2-23	303-309	quippe	
2-24	310-314	quod	
2-25	315-326	notabilibus	
2-26	327-330	tum	
2-27	331-342	foraminibus	
2-28	343-345	eo	
2-29	346-351	etiam	
2-30	352-366	usqueambeditur	
2-31	366-367	,	
2-32	368-370	ut	
2-33	371-375	tota	
2-34	376-381	demum	
2-35	382-388	Testae	
2-36	389-395	figura	
2-37	396-399	ibi	
2-38	400-404	loci	
2-39	405-414	aboleatur	
2-40	414-415	.	

#Text=Quin experiundo
#Text=
#Text=didici, quod Vermiculi
#Text=hi
#Text=vel in ipsam usque internam Conchae texturam aliquando
#Text=+
#Text=perforent, variosque ibidem incurvatos & oblongos agant cuniculos e, qui
#Text=nonnunquam in Testae cavum usque penetrant;
#Text=ita ut Cochlea posticas corporis +Tab.
3-1	416-420	Quin	
3-2	421-431	experiundo	
3-3	433-439	didici	
3-4	439-440	,	
3-5	441-445	quod	
3-6	446-455	Vermiculi	
3-7	456-458	hi	
3-8	459-462	vel	
3-9	463-465	in	
3-10	466-471	ipsam	
3-11	472-477	usque	
3-12	478-486	internam	
3-13	487-494	Conchae	
3-14	495-503	texturam	
3-15	504-513	aliquando	
3-16	514-515	+	
3-17	516-525	perforent	
3-18	525-526	,	
3-19	527-536	variosque	
3-20	537-543	ibidem	
3-21	544-554	incurvatos	
3-22	555-556	&	
3-23	557-565	oblongos	
3-24	566-571	agant	
3-25	572-581	cuniculos	
3-26	582-583	e	
3-27	583-584	,	
3-28	585-588	qui	
3-29	589-599	nonnunquam	
3-30	600-602	in	
3-31	603-609	Testae	
3-32	610-615	cavum	
3-33	616-621	usque	
3-34	622-631	penetrant	
3-35	631-632	;	
3-36	633-636	ita	
3-37	637-639	ut	
3-38	640-647	Cochlea	
3-39	648-656	posticas	
3-40	657-665	corporis	
3-41	666-667	+	
3-42	667-670	Tab	
3-43	670-671	.	

#Text=IX.
#Text=fig.
4-1	672-674	IX	
4-2	674-675	.	
4-3	676-679	fig	
4-4	679-680	.	

#Text=XV.
#Text=e.
#Text=sui partes contrahere sit coacta.
5-1	681-683	XV	
5-2	683-684	.	
5-3	685-686	e	
5-4	686-687	.	
5-5	688-691	sui	
5-6	692-698	partes	
5-7	699-709	contrahere	
5-8	710-713	sit	
5-9	714-720	coacta	
5-10	720-721	.	

#Text=Ejusmodi Vermiculos septem in unica quadam Concha, cujus
#Text=Cochlea viva
#Text=
#Text=
#Text=+
6-1	723-731	Ejusmodi	
6-2	732-742	Vermiculos	
6-3	743-749	septem	
6-4	750-752	in	
6-5	753-758	unica	
6-6	759-765	quadam	
6-7	766-772	Concha	
6-8	772-773	,	
6-9	774-779	cujus	
6-10	780-787	Cochlea	
6-11	788-792	viva	
6-12	795-796	+	
