#FORMAT=WebAnno TSV 3.3


#Text=Scio equidem, ad hanc fuperandam difficultatem in medium
#Text=
#Text=afferri subtilitatem materiæ odoræ, ex qua fit, ut immensus carundem particularum numerus sensibile pondus non conftituat.
1-1	2-6	Scio	
1-2	7-14	equidem	
1-3	14-15	,	
1-4	16-18	ad	
1-5	19-23	hanc	
1-6	24-34	fuperandam	
1-7	35-48	difficultatem	
1-8	49-51	in	
1-9	52-58	medium	
1-10	60-67	afferri	
1-11	68-80	subtilitatem	
1-12	81-88	materiæ	
1-13	89-94	odoræ	
1-14	94-95	,	
1-15	96-98	ex	
1-16	99-102	qua	
1-17	103-106	fit	
1-18	106-107	,	
1-19	108-110	ut	
1-20	111-119	immensus	
1-21	120-128	carundem	
1-22	129-141	particularum	
1-23	142-149	numerus	
1-24	150-159	sensibile	
1-25	160-166	pondus	
1-26	167-170	non	
1-27	171-181	conftituat	
1-28	181-182	.	

#Text=Satis apia eslet hæc refponfio, G solius ponderis, ac particularum, multitudinis ratio etet habenda, sed cum alia fioc, qux tantam exilicatem in odoris particulis non permittunt, hac responsione
#Text=
#Text=difficultas non superatur.
2-1	183-188	Satis	
2-2	189-193	apia	
2-3	194-199	eslet	
2-4	200-203	hæc	
2-5	204-213	refponfio	
2-6	213-214	,	
2-7	215-216	G	
2-8	217-223	solius	
2-9	224-232	ponderis	
2-10	232-233	,	
2-11	234-236	ac	
2-12	237-249	particularum	
2-13	249-250	,	
2-14	251-263	multitudinis	
2-15	264-269	ratio	
2-16	270-274	etet	
2-17	275-282	habenda	
2-18	282-283	,	
2-19	284-287	sed	
2-20	288-291	cum	
2-21	292-296	alia	
2-22	297-301	fioc	
2-23	301-302	,	
2-24	303-306	qux	
2-25	307-313	tantam	
2-26	314-324	exilicatem	
2-27	325-327	in	
2-28	328-334	odoris	
2-29	335-345	particulis	
2-30	346-349	non	
2-31	350-360	permittunt	
2-32	360-361	,	
2-33	362-365	hac	
2-34	366-377	responsione	
2-35	379-390	difficultas	
2-36	391-394	non	
2-37	395-404	superatur	
2-38	404-405	.	

#Text=III Sint Odoræ particulæ quam maxime tenues, non ne vident in
#Text=
#Text=fenfibiles eciam fore ?
3-1	406-409	III	
3-2	410-414	Sint	
3-3	415-420	Odoræ	
3-4	421-430	particulæ	
3-5	431-435	quam	
3-6	436-442	maxime	
3-7	443-449	tenues	
3-8	449-450	,	
3-9	451-454	non	
3-10	455-457	ne	
3-11	458-464	vident	
3-12	465-467	in	
3-13	469-479	fenfibiles	
3-14	480-485	eciam	
3-15	486-490	fore	
3-16	491-492	?	

#Text=Certum est, quod uc sensus noftri ab externis objectis afficiantur, non sufficit quæcumque corundem magnitudo, fed requiritur senlibilis, quam licet non poffimus hic ad amuslim determinare, possumus tamen illud certo ftatuere, tam exiles particulas senfationem excitarc omnino non posse.
4-1	493-499	Certum	
4-2	500-503	est	
4-3	503-504	,	
4-4	505-509	quod	
4-5	510-512	uc	
4-6	513-519	sensus	
4-7	520-526	noftri	
4-8	527-529	ab	
4-9	530-538	externis	
4-10	539-547	objectis	
4-11	548-559	afficiantur	
4-12	559-560	,	
4-13	561-564	non	
4-14	565-573	sufficit	
4-15	574-583	quæcumque	
4-16	584-592	corundem	
4-17	593-602	magnitudo	
4-18	602-603	,	
4-19	604-607	fed	
4-20	608-618	requiritur	
4-21	619-629	senlibilis	
4-22	629-630	,	
4-23	631-635	quam	
4-24	636-641	licet	
4-25	642-645	non	
4-26	646-654	poffimus	
4-27	655-658	hic	
4-28	659-661	ad	
4-29	662-669	amuslim	
4-30	670-681	determinare	
4-31	681-682	,	
4-32	683-691	possumus	
4-33	692-697	tamen	
4-34	698-703	illud	
4-35	704-709	certo	
4-36	710-718	ftatuere	
4-37	718-719	,	
4-38	720-723	tam	
4-39	724-730	exiles	
4-40	731-741	particulas	
4-41	742-753	senfationem	
4-42	754-762	excitarc	
4-43	763-769	omnino	
4-44	770-773	non	
4-45	774-779	posse	
4-46	779-780	.	

#Text=Ec primo Olfactus communiter comparari solet Gustui , & Odor Sapori, ideoque plerique auctores tractationem de gultu, & olfactu, de faporibus, & odoribus conjungunt:scimus autem particulas sapidas elle craslıusculas, nam li aqua perpetuo fluat, facis ingens falis copia requiritur, ut tota aqua per 10., vel 121 annos Huens salsa vidcatur , non exigua igitur materia copia rco quiritur , fi volumus , ut per plures annos fragrantem reddat acrem vicinum, qui perpetuo fere mutatur ; unum proinde , aut altcrum gradum materiæ odoræ ad id sufficeos efle non poteft.
5-1	781-783	Ec	
5-2	784-789	primo	
5-3	790-798	Olfactus	
5-4	799-809	communiter	
5-5	810-819	comparari	
5-6	820-825	solet	
5-7	826-832	Gustui	
5-8	833-834	,	
5-9	835-836	&	
5-10	837-841	Odor	
5-11	842-848	Sapori	
5-12	848-849	,	
5-13	850-857	ideoque	
5-14	858-866	plerique	
5-15	867-875	auctores	
5-16	876-888	tractationem	
5-17	889-891	de	
5-18	892-897	gultu	
5-19	897-898	,	
5-20	899-900	&	
5-21	901-908	olfactu	
5-22	908-909	,	
5-23	910-912	de	
5-24	913-922	faporibus	
5-25	922-923	,	
5-26	924-925	&	
5-27	926-934	odoribus	
5-28	935-945	conjungunt	
5-29	945-946	:	
5-30	946-952	scimus	
5-31	953-958	autem	
5-32	959-969	particulas	
5-33	970-977	sapidas	
5-34	978-982	elle	
5-35	983-996	craslıusculas	
5-36	996-997	,	
5-37	998-1001	nam	
5-38	1002-1004	li	
5-39	1005-1009	aqua	
5-40	1010-1018	perpetuo	
5-41	1019-1024	fluat	
5-42	1024-1025	,	
5-43	1026-1031	facis	
5-44	1032-1038	ingens	
5-45	1039-1044	falis	
5-46	1045-1050	copia	
5-47	1051-1061	requiritur	
5-48	1061-1062	,	
5-49	1063-1065	ut	
5-50	1066-1070	tota	
5-51	1071-1075	aqua	
5-52	1076-1079	per	
5-53	1080-1082	10	
5-54	1082-1083	.	
5-55	1083-1084	,	
5-56	1085-1088	vel	
5-57	1089-1092	121	
5-58	1093-1098	annos	
5-59	1099-1104	Huens	
5-60	1105-1110	salsa	
5-61	1111-1119	vidcatur	
5-62	1120-1121	,	
5-63	1122-1125	non	
5-64	1126-1132	exigua	
5-65	1133-1139	igitur	
5-66	1140-1147	materia	
5-67	1148-1153	copia	
5-68	1154-1157	rco	
5-69	1158-1166	quiritur	
5-70	1167-1168	,	
5-71	1169-1171	fi	
5-72	1172-1179	volumus	
5-73	1180-1181	,	
5-74	1182-1184	ut	
5-75	1185-1188	per	
5-76	1189-1195	plures	
5-77	1196-1201	annos	
5-78	1202-1212	fragrantem	
5-79	1213-1219	reddat	
5-80	1220-1225	acrem	
5-81	1226-1233	vicinum	
5-82	1233-1234	,	
5-83	1235-1238	qui	
5-84	1239-1247	perpetuo	
5-85	1248-1252	fere	
5-86	1253-1260	mutatur	
5-87	1261-1262	;	
5-88	1263-1267	unum	
5-89	1268-1275	proinde	
5-90	1276-1277	,	
5-91	1278-1281	aut	
5-92	1282-1289	altcrum	
5-93	1290-1296	gradum	
5-94	1297-1304	materiæ	
5-95	1305-1310	odoræ	
5-96	1311-1313	ad	
5-97	1314-1316	id	
5-98	1317-1326	sufficeos	
5-99	1327-1331	efle	
5-100	1332-1335	non	
5-101	1336-1342	poteft	
5-102	1342-1343	.	

#Text=Secundo, quo major est particularum subtilitas, co major re.
#Text=quiritur celeritas, uc fenfibilem impressionem in noftris fenfibus efficiant ; hinc lentum aeris mocum non percipimus, fentimus vero vehementiorem ; cum itaque particula odurz fint caarz exilitatis, necesse est, ut celerrime moveantur , & fenfibilem voJumus affectionem ; tardissimum autem elle carundem motum ex co colligitur, quod nisi acrem per nares attrahamus, odorem
#Text=
#Text=vel
#Text=
#Text=
#Text=
#Text=
#Text=
#Text=5 vel nullam , vel fatis tenuem percipimus: ita igitur in aere innatant, ut nullum fere motum habeant, nisi qui ab acre ipuis communicatur ; quod vero particulæ maximæ tenuitatis, quæ fatis lente moventur , impressionem excitare poffint in organo non delicatissimo, nemo fibi sane suaserit.
6-1	1344-1351	Secundo	
6-2	1351-1352	,	
6-3	1353-1356	quo	
6-4	1357-1362	major	
6-5	1363-1366	est	
6-6	1367-1379	particularum	
6-7	1380-1390	subtilitas	
6-8	1390-1391	,	
6-9	1392-1394	co	
6-10	1395-1400	major	
6-11	1401-1403	re	
6-12	1403-1404	.	
6-13	1405-1413	quiritur	
6-14	1414-1423	celeritas	
6-15	1423-1424	,	
6-16	1425-1427	uc	
6-17	1428-1438	fenfibilem	
6-18	1439-1451	impressionem	
6-19	1452-1454	in	
6-20	1455-1462	noftris	
6-21	1463-1471	fenfibus	
6-22	1472-1481	efficiant	
6-23	1482-1483	;	
6-24	1484-1488	hinc	
6-25	1489-1495	lentum	
6-26	1496-1501	aeris	
6-27	1502-1507	mocum	
6-28	1508-1511	non	
6-29	1512-1522	percipimus	
6-30	1522-1523	,	
6-31	1524-1532	fentimus	
6-32	1533-1537	vero	
6-33	1538-1551	vehementiorem	
6-34	1552-1553	;	
6-35	1554-1557	cum	
6-36	1558-1564	itaque	
6-37	1565-1574	particula	
6-38	1575-1580	odurz	
6-39	1581-1585	fint	
6-40	1586-1591	caarz	
6-41	1592-1602	exilitatis	
6-42	1602-1603	,	
6-43	1604-1611	necesse	
6-44	1612-1615	est	
6-45	1615-1616	,	
6-46	1617-1619	ut	
6-47	1620-1629	celerrime	
6-48	1630-1639	moveantur	
6-49	1640-1641	,	
6-50	1642-1643	&	
6-51	1644-1654	fenfibilem	
6-52	1655-1662	voJumus	
6-53	1663-1674	affectionem	
6-54	1675-1676	;	
6-55	1677-1688	tardissimum	
6-56	1689-1694	autem	
6-57	1695-1699	elle	
6-58	1700-1708	carundem	
6-59	1709-1714	motum	
6-60	1715-1717	ex	
6-61	1718-1720	co	
6-62	1721-1731	colligitur	
6-63	1731-1732	,	
6-64	1733-1737	quod	
6-65	1738-1742	nisi	
6-66	1743-1748	acrem	
6-67	1749-1752	per	
6-68	1753-1758	nares	
6-69	1759-1769	attrahamus	
6-70	1769-1770	,	
6-71	1771-1777	odorem	
6-72	1779-1782	vel	
6-73	1788-1789	5	
6-74	1790-1793	vel	
6-75	1794-1800	nullam	
6-76	1801-1802	,	
6-77	1803-1806	vel	
6-78	1807-1812	fatis	
6-79	1813-1819	tenuem	
6-80	1820-1830	percipimus	
6-81	1830-1831	:	
6-82	1832-1835	ita	
6-83	1836-1842	igitur	
6-84	1843-1845	in	
6-85	1846-1850	aere	
6-86	1851-1859	innatant	
6-87	1859-1860	,	
6-88	1861-1863	ut	
6-89	1864-1870	nullum	
6-90	1871-1875	fere	
6-91	1876-1881	motum	
6-92	1882-1889	habeant	
6-93	1889-1890	,	
6-94	1891-1895	nisi	
6-95	1896-1899	qui	
6-96	1900-1902	ab	
6-97	1903-1907	acre	
6-98	1908-1913	ipuis	
6-99	1914-1926	communicatur	
6-100	1927-1928	;	
6-101	1929-1933	quod	
6-102	1934-1938	vero	
6-103	1939-1948	particulæ	
6-104	1949-1955	maximæ	
6-105	1956-1966	tenuitatis	
6-106	1966-1967	,	
6-107	1968-1971	quæ	
6-108	1972-1977	fatis	
6-109	1978-1983	lente	
6-110	1984-1992	moventur	
6-111	1993-1994	,	
6-112	1995-2007	impressionem	
6-113	2008-2016	excitare	
6-114	2017-2024	poffint	
6-115	2025-2027	in	
6-116	2028-2034	organo	
6-117	2035-2038	non	
6-118	2039-2052	delicatissimo	
6-119	2052-2053	,	
6-120	2054-2058	nemo	
6-121	2059-2063	fibi	
6-122	2064-2068	sane	
6-123	2069-2077	suaserit	
6-124	2077-2078	.	

#Text=Tertio organum olfactus est maxime hebes; id facile intelligi ex co poteft, quod odoribus brevi alluclcamus olfactu ica torpescente, ut polt exiguum temporis intervallum odores amplius non percipiat: id autem visui nunquam accidit, qui est sensus omnium delicatissimus ; Accidit quidem in auditu cum non advertimus, sed s mentem intendimus, eundem fonum rurlus facile percipimus ; omnium maxime contingit in plerisque sensationibus tactus, qui serius tamen torpescit , quam olfactus.
7-1	2079-2085	Tertio	
7-2	2086-2093	organum	
7-3	2094-2102	olfactus	
7-4	2103-2106	est	
7-5	2107-2113	maxime	
7-6	2114-2119	hebes	
7-7	2119-2120	;	
7-8	2121-2123	id	
7-9	2124-2130	facile	
7-10	2131-2140	intelligi	
7-11	2141-2143	ex	
7-12	2144-2146	co	
7-13	2147-2153	poteft	
7-14	2153-2154	,	
7-15	2155-2159	quod	
7-16	2160-2168	odoribus	
7-17	2169-2174	brevi	
7-18	2175-2186	alluclcamus	
7-19	2187-2194	olfactu	
7-20	2195-2198	ica	
7-21	2199-2210	torpescente	
7-22	2210-2211	,	
7-23	2212-2214	ut	
7-24	2215-2219	polt	
7-25	2220-2227	exiguum	
7-26	2228-2236	temporis	
7-27	2237-2248	intervallum	
7-28	2249-2255	odores	
7-29	2256-2263	amplius	
7-30	2264-2267	non	
7-31	2268-2277	percipiat	
7-32	2277-2278	:	
7-33	2279-2281	id	
7-34	2282-2287	autem	
7-35	2288-2293	visui	
7-36	2294-2301	nunquam	
7-37	2302-2309	accidit	
7-38	2309-2310	,	
7-39	2311-2314	qui	
7-40	2315-2318	est	
7-41	2319-2325	sensus	
7-42	2326-2332	omnium	
7-43	2333-2347	delicatissimus	
7-44	2348-2349	;	
7-45	2350-2357	Accidit	
7-46	2358-2364	quidem	
7-47	2365-2367	in	
7-48	2368-2374	auditu	
7-49	2375-2378	cum	
7-50	2379-2382	non	
7-51	2383-2393	advertimus	
7-52	2393-2394	,	
7-53	2395-2398	sed	
7-54	2399-2400	s	
7-55	2401-2407	mentem	
7-56	2408-2418	intendimus	
7-57	2418-2419	,	
7-58	2420-2426	eundem	
7-59	2427-2432	fonum	
7-60	2433-2439	rurlus	
7-61	2440-2446	facile	
7-62	2447-2457	percipimus	
7-63	2458-2459	;	
7-64	2460-2466	omnium	
7-65	2467-2473	maxime	
7-66	2474-2483	contingit	
7-67	2484-2486	in	
7-68	2487-2496	plerisque	
7-69	2497-2510	sensationibus	
7-70	2511-2517	tactus	
7-71	2517-2518	,	
7-72	2519-2522	qui	
7-73	2523-2529	serius	
7-74	2530-2535	tamen	
7-75	2536-2545	torpescit	
7-76	2546-2547	,	
7-77	2548-2552	quam	
7-78	2553-2561	olfactus	
7-79	2561-2562	.	

#Text=Cum igitur olfactus organum sit adco hebes, necesse est, ut particulæ vel craffiores Gint, vel vehementiori motu agitentur; lentc autem progrediuntur, ut oftendi; crgo non pollunt ita tenues clic, uc ab
#Text=
#Text=hujus fententiæ fectatoribus jactitantur.
8-1	2563-2566	Cum	
8-2	2567-2573	igitur	
8-3	2574-2582	olfactus	
8-4	2583-2590	organum	
8-5	2591-2594	sit	
8-6	2595-2599	adco	
8-7	2600-2605	hebes	
8-8	2605-2606	,	
8-9	2607-2614	necesse	
8-10	2615-2618	est	
8-11	2618-2619	,	
8-12	2620-2622	ut	
8-13	2623-2632	particulæ	
8-14	2633-2636	vel	
8-15	2637-2647	craffiores	
8-16	2648-2652	Gint	
8-17	2652-2653	,	
8-18	2654-2657	vel	
8-19	2658-2670	vehementiori	
8-20	2671-2675	motu	
8-21	2676-2685	agitentur	
8-22	2685-2686	;	
8-23	2687-2692	lentc	
8-24	2693-2698	autem	
8-25	2699-2712	progrediuntur	
8-26	2712-2713	,	
8-27	2714-2716	ut	
8-28	2717-2724	oftendi	
8-29	2724-2725	;	
8-30	2726-2730	crgo	
8-31	2731-2734	non	
8-32	2735-2742	pollunt	
8-33	2743-2746	ita	
8-34	2747-2753	tenues	
8-35	2754-2758	clic	
8-36	2758-2759	,	
8-37	2760-2762	uc	
8-38	2763-2765	ab	
8-39	2767-2772	hujus	
8-40	2773-2782	fententiæ	
8-41	2783-2795	fectatoribus	
8-42	2796-2807	jactitantur	
8-43	2807-2808	.	

#Text=IV.
9-1	2809-2811	IV	
9-2	2811-2812	.	

#Text=Illud etiam solet ad hanc folvendam difficultatem in auxilium
#Text=
#Text=vocari, particulas odoras per aerem non dispergi, sed circa corpus odoriferum volitantes ab codem attractas idem corpus rursus ingredi, ut deinde iterum egrediantur.
10-1	2813-2818	Illud	
10-2	2819-2824	etiam	
10-3	2825-2830	solet	
10-4	2831-2833	ad	
10-5	2834-2838	hanc	
10-6	2839-2848	folvendam	
10-7	2849-2862	difficultatem	
10-8	2863-2865	in	
10-9	2866-2874	auxilium	
10-10	2876-2882	vocari	
10-11	2882-2883	,	
10-12	2884-2894	particulas	
10-13	2895-2901	odoras	
10-14	2902-2905	per	
10-15	2906-2911	aerem	
10-16	2912-2915	non	
10-17	2916-2924	dispergi	
10-18	2924-2925	,	
10-19	2926-2929	sed	
10-20	2930-2935	circa	
10-21	2936-2942	corpus	
10-22	2943-2953	odoriferum	
10-23	2954-2964	volitantes	
10-24	2965-2967	ab	
10-25	2968-2973	codem	
10-26	2974-2983	attractas	
10-27	2984-2988	idem	
10-28	2989-2995	corpus	
10-29	2996-3002	rursus	
10-30	3003-3010	ingredi	
10-31	3010-3011	,	
10-32	3012-3014	ut	
10-33	3015-3021	deinde	
10-34	3022-3028	iterum	
10-35	3029-3040	egrediantur	
10-36	3040-3041	.	

#Text=Sed parum huic sententiz suffragari potest hujusmodi attractio, nam particulæ, quæ parum a corporc receduot, poterunt fortc ita attrahi, at parti
#Text=
#Text=quæ ad majorem diftantiam abeunt, illæ profecto ab aeris motu per ipsum aerem disperguntur; maxima proinde carum
#Text=
#Text=particularum portio omnino cvanescic.
11-1	3042-3045	Sed	
11-2	3046-3051	parum	
11-3	3052-3056	huic	
11-4	3057-3066	sententiz	
11-5	3067-3077	suffragari	
11-6	3078-3084	potest	
11-7	3085-3094	hujusmodi	
11-8	3095-3104	attractio	
11-9	3104-3105	,	
11-10	3106-3109	nam	
11-11	3110-3119	particulæ	
11-12	3119-3120	,	
11-13	3121-3124	quæ	
11-14	3125-3130	parum	
11-15	3131-3132	a	
11-16	3133-3140	corporc	
11-17	3141-3149	receduot	
11-18	3149-3150	,	
11-19	3151-3159	poterunt	
11-20	3160-3165	fortc	
11-21	3166-3169	ita	
11-22	3170-3177	attrahi	
11-23	3177-3178	,	
11-24	3179-3181	at	
11-25	3182-3187	parti	
11-26	3189-3192	quæ	
11-27	3193-3195	ad	
11-28	3196-3203	majorem	
11-29	3204-3214	diftantiam	
11-30	3215-3221	abeunt	
11-31	3221-3222	,	
11-32	3223-3227	illæ	
11-33	3228-3236	profecto	
11-34	3237-3239	ab	
11-35	3240-3245	aeris	
11-36	3246-3250	motu	
11-37	3251-3254	per	
11-38	3255-3260	ipsum	
11-39	3261-3266	aerem	
11-40	3267-3279	disperguntur	
11-41	3279-3280	;	
11-42	3281-3287	maxima	
11-43	3288-3295	proinde	
11-44	3296-3301	carum	
11-45	3303-3315	particularum	
11-46	3316-3322	portio	
11-47	3323-3329	omnino	
11-48	3330-3339	cvanescic	
11-49	3339-3340	.	

#Text=V.
12-1	3341-3342	V	
12-2	3342-3343	.	

#Text=Reponunt, acris particulas, vel alia's cum acre commixtas in
#Text=
#Text=particulas odoras transmutari; reparabitur proinde jactura carum partium , quæ perpetuo a corpore odorifero avolant .
13-1	3344-3352	Reponunt	
13-2	3352-3353	,	
13-3	3354-3359	acris	
13-4	3360-3370	particulas	
13-5	3370-3371	,	
13-6	3372-3375	vel	
13-7	3376-3382	alia's	
13-8	3383-3386	cum	
13-9	3387-3391	acre	
13-10	3392-3401	commixtas	
13-11	3402-3404	in	
13-12	3406-3416	particulas	
13-13	3417-3423	odoras	
13-14	3424-3435	transmutari	
13-15	3435-3436	;	
13-16	3437-3448	reparabitur	
13-17	3449-3456	proinde	
13-18	3457-3464	jactura	
13-19	3465-3470	carum	
13-20	3471-3478	partium	
13-21	3479-3480	,	
13-22	3481-3484	quæ	
13-23	3485-3493	perpetuo	
13-24	3494-3495	a	
13-25	3496-3503	corpore	
13-26	3504-3513	odorifero	
13-27	3514-3521	avolant	
13-28	3522-3523	.	

#Text=Ecg omnium, quæ hactenus excogitatæ funt , fortasse optima fic hæc respoalio , difficultaci tamen fatis non facit: pollunt enim vel acriæ, vel alterius generis particulæ in varias formas transmutari, fed fi volumus non arbitrario, sed secundum experimenta ra.
#Text=tiocinari, hæc transformatio non fit brevi tempore nisi a causa validissima , cujusmodi e. g. eft ignis, vel a caulis quidem minus validis, sed interpolito longissimi temporis intervallo.
14-1	3524-3527	Ecg	
14-2	3528-3534	omnium	
14-3	3534-3535	,	
14-4	3536-3539	quæ	
14-5	3540-3548	hactenus	
14-6	3549-3559	excogitatæ	
14-7	3560-3564	funt	
14-8	3565-3566	,	
14-9	3567-3575	fortasse	
14-10	3576-3582	optima	
14-11	3583-3586	fic	
14-12	3587-3590	hæc	
14-13	3591-3600	respoalio	
14-14	3601-3602	,	
14-15	3603-3615	difficultaci	
14-16	3616-3621	tamen	
14-17	3622-3627	fatis	
14-18	3628-3631	non	
14-19	3632-3637	facit	
14-20	3637-3638	:	
14-21	3639-3646	pollunt	
14-22	3647-3651	enim	
14-23	3652-3655	vel	
14-24	3656-3661	acriæ	
14-25	3661-3662	,	
14-26	3663-3666	vel	
14-27	3667-3675	alterius	
14-28	3676-3683	generis	
14-29	3684-3693	particulæ	
14-30	3694-3696	in	
14-31	3697-3703	varias	
14-32	3704-3710	formas	
14-33	3711-3722	transmutari	
14-34	3722-3723	,	
14-35	3724-3727	fed	
14-36	3728-3730	fi	
14-37	3731-3738	volumus	
14-38	3739-3742	non	
14-39	3743-3753	arbitrario	
14-40	3753-3754	,	
14-41	3755-3758	sed	
14-42	3759-3767	secundum	
14-43	3768-3779	experimenta	
14-44	3780-3782	ra	
14-45	3782-3783	.	
14-46	3784-3793	tiocinari	
14-47	3793-3794	,	
14-48	3795-3798	hæc	
14-49	3799-3812	transformatio	
14-50	3813-3816	non	
14-51	3817-3820	fit	
14-52	3821-3826	brevi	
14-53	3827-3834	tempore	
14-54	3835-3839	nisi	
14-55	3840-3841	a	
14-56	3842-3847	causa	
14-57	3848-3859	validissima	
14-58	3860-3861	,	
14-59	3862-3871	cujusmodi	
14-60	3872-3873	e	
14-61	3873-3874	.	
14-62	3875-3876	g	
14-63	3876-3877	.	
14-64	3878-3881	eft	
14-65	3882-3887	ignis	
14-66	3887-3888	,	
14-67	3889-3892	vel	
14-68	3893-3894	a	
14-69	3895-3901	caulis	
14-70	3902-3908	quidem	
14-71	3909-3914	minus	
14-72	3915-3922	validis	
14-73	3922-3923	,	
14-74	3924-3927	sed	
14-75	3928-3939	interpolito	
14-76	3940-3950	longissimi	
14-77	3951-3959	temporis	
14-78	3960-3970	intervallo	
14-79	3970-3971	.	

#Text=Et primoquidem in hac materia validissima causa non adeft,
#Text=
#Text=quze possic cito transformationem perficere ; secundo esto fit caufa aliqua.
#Text=mi
#Text=
#Text=
#Text=
#Text=
#Text=
#Text=culae, quze
#Text=
#Text=
#Text=
#Text=
#Text=
#Text=A 3
#Text=
#Text=
#Text=
#Text=
#Text=
#Text=minus valida, hæc non poteft elle ni& facis infirma, quæque indigeat ad mioimam jacturæ partem reparandam cempore fatis longo: exponatur proinde libero aeri, ac ventis agitato musci granum, plurimæ intra horæ e. g. spatium particulæ inde avo.
#Text=lanc nunquam regrelluræ ; illæ autem , ut olfactus organum ti, tillare poffint, crasiusculæ fiot, nccelle est, ut supra ostendi, adeoque granı mensuram pluries excedent; ut igitur idem pondus perseveret, opus eslet, ut intra horx (paciuin cantum acris, alteriusve materiæ in muscum convertatur , quantum inde abiic, id elt multo plus, quam fit ipla musci substantia : nullam autem hic esse causam, quæ hanc transformacionem brevissimo tempore efficere polloc, latis eft manifestum.
15-1	3972-3974	Et	
15-2	3975-3986	primoquidem	
15-3	3987-3989	in	
15-4	3990-3993	hac	
15-5	3994-4001	materia	
15-6	4002-4013	validissima	
15-7	4014-4019	causa	
15-8	4020-4023	non	
15-9	4024-4029	adeft	
15-10	4029-4030	,	
15-11	4032-4036	quze	
15-12	4037-4043	possic	
15-13	4044-4048	cito	
15-14	4049-4065	transformationem	
15-15	4066-4075	perficere	
15-16	4076-4077	;	
15-17	4078-4085	secundo	
15-18	4086-4090	esto	
15-19	4091-4094	fit	
15-20	4095-4100	caufa	
15-21	4101-4107	aliqua	
15-22	4107-4108	.	
15-23	4109-4111	mi	
15-24	4117-4122	culae	
15-25	4122-4123	,	
15-26	4124-4128	quze	
15-27	4134-4135	A	
15-28	4136-4137	3	
15-29	4143-4148	minus	
15-30	4149-4155	valida	
15-31	4155-4156	,	
15-32	4157-4160	hæc	
15-33	4161-4164	non	
15-34	4165-4171	poteft	
15-35	4172-4176	elle	
15-36	4177-4179	ni	
15-37	4179-4180	&	
15-38	4181-4186	facis	
15-39	4187-4194	infirma	
15-40	4194-4195	,	
15-41	4196-4202	quæque	
15-42	4203-4211	indigeat	
15-43	4212-4214	ad	
15-44	4215-4222	mioimam	
15-45	4223-4230	jacturæ	
15-46	4231-4237	partem	
15-47	4238-4248	reparandam	
15-48	4249-4256	cempore	
15-49	4257-4262	fatis	
15-50	4263-4268	longo	
15-51	4268-4269	:	
15-52	4270-4279	exponatur	
15-53	4280-4287	proinde	
15-54	4288-4294	libero	
15-55	4295-4299	aeri	
15-56	4299-4300	,	
15-57	4301-4303	ac	
15-58	4304-4310	ventis	
15-59	4311-4318	agitato	
15-60	4319-4324	musci	
15-61	4325-4331	granum	
15-62	4331-4332	,	
15-63	4333-4340	plurimæ	
15-64	4341-4346	intra	
15-65	4347-4351	horæ	
15-66	4352-4353	e	
15-67	4353-4354	.	
15-68	4355-4356	g	
15-69	4356-4357	.	
15-70	4358-4365	spatium	
15-71	4366-4375	particulæ	
15-72	4376-4380	inde	
15-73	4381-4384	avo	
15-74	4384-4385	.	
15-75	4386-4390	lanc	
15-76	4391-4398	nunquam	
15-77	4399-4409	regrelluræ	
15-78	4410-4411	;	
15-79	4412-4416	illæ	
15-80	4417-4422	autem	
15-81	4423-4424	,	
15-82	4425-4427	ut	
15-83	4428-4436	olfactus	
15-84	4437-4444	organum	
15-85	4445-4447	ti	
15-86	4447-4448	,	
15-87	4449-4456	tillare	
15-88	4457-4464	poffint	
15-89	4464-4465	,	
15-90	4466-4477	crasiusculæ	
15-91	4478-4482	fiot	
15-92	4482-4483	,	
15-93	4484-4491	nccelle	
15-94	4492-4495	est	
15-95	4495-4496	,	
15-96	4497-4499	ut	
15-97	4500-4505	supra	
15-98	4506-4513	ostendi	
15-99	4513-4514	,	
15-100	4515-4522	adeoque	
15-101	4523-4528	granı	
15-102	4529-4537	mensuram	
15-103	4538-4545	pluries	
15-104	4546-4554	excedent	
15-105	4554-4555	;	
15-106	4556-4558	ut	
15-107	4559-4565	igitur	
15-108	4566-4570	idem	
15-109	4571-4577	pondus	
15-110	4578-4588	perseveret	
15-111	4588-4589	,	
15-112	4590-4594	opus	
15-113	4595-4600	eslet	
15-114	4600-4601	,	
15-115	4602-4604	ut	
15-116	4605-4610	intra	
15-117	4611-4615	horx	
15-118	4616-4617	(	
15-119	4617-4624	paciuin	
15-120	4625-4631	cantum	
15-121	4632-4637	acris	
15-122	4637-4638	,	
15-123	4639-4649	alteriusve	
15-124	4650-4657	materiæ	
15-125	4658-4660	in	
15-126	4661-4667	muscum	
15-127	4668-4679	convertatur	
15-128	4680-4681	,	
15-129	4682-4689	quantum	
15-130	4690-4694	inde	
15-131	4695-4700	abiic	
15-132	4700-4701	,	
15-133	4702-4704	id	
15-134	4705-4708	elt	
15-135	4709-4714	multo	
15-136	4715-4719	plus	
15-137	4719-4720	,	
15-138	4721-4725	quam	
15-139	4726-4729	fit	
15-140	4730-4734	ipla	
15-141	4735-4740	musci	
15-142	4741-4751	substantia	
15-143	4752-4753	:	
15-144	4754-4760	nullam	
15-145	4761-4766	autem	
15-146	4767-4770	hic	
15-147	4771-4775	esse	
15-148	4776-4782	causam	
15-149	4782-4783	,	
15-150	4784-4787	quæ	
15-151	4788-4792	hanc	
15-152	4793-4809	transformacionem	
15-153	4810-4820	brevissimo	
15-154	4821-4828	tempore	
15-155	4829-4837	efficere	
15-156	4838-4844	polloc	
15-157	4844-4845	,	
15-158	4846-4851	latis	
15-159	4852-4855	eft	
15-160	4856-4866	manifestum	
15-161	4866-4867	.	

#Text=Ajunt quidem , poros odoriferi corporis ad hanc efficiendam transformationem aptıslimos elle, si cnim velociter ad cos poros cxcranca materia allidacur, hæc pororum figuram induet, quæ ad excitandam sensationem olfactus eft maxime idonea.
16-1	4868-4873	Ajunt	
16-2	4874-4880	quidem	
16-3	4881-4882	,	
16-4	4883-4888	poros	
16-5	4889-4898	odoriferi	
16-6	4899-4907	corporis	
16-7	4908-4910	ad	
16-8	4911-4915	hanc	
16-9	4916-4927	efficiendam	
16-10	4928-4944	transformationem	
16-11	4945-4955	aptıslimos	
16-12	4956-4960	elle	
16-13	4960-4961	,	
16-14	4962-4964	si	
16-15	4965-4969	cnim	
16-16	4970-4979	velociter	
16-17	4980-4982	ad	
16-18	4983-4986	cos	
16-19	4987-4992	poros	
16-20	4993-5001	cxcranca	
16-21	5002-5009	materia	
16-22	5010-5019	allidacur	
16-23	5019-5020	,	
16-24	5021-5024	hæc	
16-25	5025-5032	pororum	
16-26	5033-5040	figuram	
16-27	5041-5047	induet	
16-28	5047-5048	,	
16-29	5049-5052	quæ	
16-30	5053-5055	ad	
16-31	5056-5066	excitandam	
16-32	5067-5078	sensationem	
16-33	5079-5087	olfactus	
16-34	5088-5091	eft	
16-35	5092-5098	maxime	
16-36	5099-5105	idonea	
16-37	5105-5106	.	

#Text=Etto hac ratione fieri poffit transformacio exiguæ alicujus materix porcionis, certe læpius intra horam reparari, & quodammodo scproduci non potest materia odoritera, ut coolideranti fatis pacet į gam fi maieria per poros transiens facilem reperit, & apertum adicum, nulla fiec mucacio, ac li difficilem experiatur cranfcum, opus eft, ut diutius intra poros immoretur, adeoque bre.
17-1	5107-5111	Etto	
17-2	5112-5115	hac	
17-3	5116-5123	ratione	
17-4	5124-5129	fieri	
17-5	5130-5136	poffit	
17-6	5137-5150	transformacio	
17-7	5151-5157	exiguæ	
17-8	5158-5166	alicujus	
17-9	5167-5174	materix	
17-10	5175-5184	porcionis	
17-11	5184-5185	,	
17-12	5186-5191	certe	
17-13	5192-5198	læpius	
17-14	5199-5204	intra	
17-15	5205-5210	horam	
17-16	5211-5219	reparari	
17-17	5219-5220	,	
17-18	5221-5222	&	
17-19	5223-5233	quodammodo	
17-20	5234-5243	scproduci	
17-21	5244-5247	non	
17-22	5248-5254	potest	
17-23	5255-5262	materia	
17-24	5263-5272	odoritera	
17-25	5272-5273	,	
17-26	5274-5276	ut	
17-27	5277-5289	coolideranti	
17-28	5290-5295	fatis	
17-29	5296-5301	pacet	
17-30	5302-5303	į	
17-31	5304-5307	gam	
17-32	5308-5310	fi	
17-33	5311-5318	maieria	
17-34	5319-5322	per	
17-35	5323-5328	poros	
17-36	5329-5338	transiens	
17-37	5339-5346	facilem	
17-38	5347-5354	reperit	
17-39	5354-5355	,	
17-40	5356-5357	&	
17-41	5358-5365	apertum	
17-42	5366-5372	adicum	
17-43	5372-5373	,	
17-44	5374-5379	nulla	
17-45	5380-5384	fiec	
17-46	5385-5392	mucacio	
17-47	5392-5393	,	
17-48	5394-5396	ac	
17-49	5397-5399	li	
17-50	5400-5410	difficilem	
17-51	5411-5421	experiatur	
17-52	5422-5430	cranfcum	
17-53	5430-5431	,	
17-54	5432-5436	opus	
17-55	5437-5440	eft	
17-56	5440-5441	,	
17-57	5442-5444	ut	
17-58	5445-5452	diutius	
17-59	5453-5458	intra	
17-60	5459-5464	poros	
17-61	5465-5474	immoretur	
17-62	5474-5475	,	
17-63	5476-5483	adeoque	
17-64	5484-5487	bre	
17-65	5487-5488	.	
