#FORMAT=WebAnno TSV 3.3


#Text=Do not assume that just because we believe a book is in the public domain for users in the United States, that the work is also in the public domain for users in other countries.
1-1	2-4	Do	
1-2	5-8	not	
1-3	9-15	assume	
1-4	16-20	that	
1-5	21-25	just	
1-6	26-33	because	
1-7	34-36	we	
1-8	37-44	believe	
1-9	45-46	a	
1-10	47-51	book	
1-11	52-54	is	
1-12	55-57	in	
1-13	58-61	the	
1-14	62-68	public	
1-15	69-75	domain	
1-16	76-79	for	
1-17	80-85	users	
1-18	86-88	in	
1-19	89-92	the	
1-20	93-99	United	
1-21	100-106	States	
1-22	106-107	,	
1-23	108-112	that	
1-24	113-116	the	
1-25	117-121	work	
1-26	122-124	is	
1-27	125-129	also	
1-28	130-132	in	
1-29	133-136	the	
1-30	137-143	public	
1-31	144-150	domain	
1-32	151-154	for	
1-33	155-160	users	
1-34	161-163	in	
1-35	164-169	other	
1-36	170-179	countries	
1-37	179-180	.	

#Text=Whether a book is still in copyright varies from country to country, and we can't offer guidance on whether any specific use of any specific book is allowed.
2-1	181-188	Whether	
2-2	189-190	a	
2-3	191-195	book	
2-4	196-198	is	
2-5	199-204	still	
2-6	205-207	in	
2-7	208-217	copyright	
2-8	218-224	varies	
2-9	225-229	from	
2-10	230-237	country	
2-11	238-240	to	
2-12	241-248	country	
2-13	248-249	,	
2-14	250-253	and	
2-15	254-256	we	
2-16	257-262	can't	
2-17	263-268	offer	
2-18	269-277	guidance	
2-19	278-280	on	
2-20	281-288	whether	
2-21	289-292	any	
2-22	293-301	specific	
2-23	302-305	use	
2-24	306-308	of	
2-25	309-312	any	
2-26	313-321	specific	
2-27	322-326	book	
2-28	327-329	is	
2-29	330-337	allowed	
2-30	337-338	.	

#Text=Please do not assume that a book's appearance in Google Book Search means it can be used in any manner anywhere in the world.
3-1	339-345	Please	
3-2	346-348	do	
3-3	349-352	not	
3-4	353-359	assume	
3-5	360-364	that	
3-6	365-366	a	
3-7	367-373	book's	
3-8	374-384	appearance	
3-9	385-387	in	
3-10	388-394	Google	
3-11	395-399	Book	
3-12	400-406	Search	
3-13	407-412	means	
3-14	413-415	it	
3-15	416-419	can	
3-16	420-422	be	
3-17	423-427	used	
3-18	428-430	in	
3-19	431-434	any	
3-20	435-441	manner	
3-21	442-450	anywhere	
3-22	451-453	in	
3-23	454-457	the	
3-24	458-463	world	
3-25	463-464	.	

#Text=Copyright infringement liability can be quite severe.
4-1	465-474	Copyright	
4-2	475-487	infringement	
4-3	488-497	liability	
4-4	498-501	can	
4-5	502-504	be	
4-6	505-510	quite	
4-7	511-517	severe	
4-8	517-518	.	

#Text=About Google Book Search
#Text=
#Text=Google's mission is to organize the world's information and to make it universally accessible and useful.
5-1	519-524	About	
5-2	525-531	Google	
5-3	532-536	Book	
5-4	537-543	Search	
5-5	545-553	Google's	
5-6	554-561	mission	
5-7	562-564	is	
5-8	565-567	to	
5-9	568-576	organize	
5-10	577-580	the	
5-11	581-588	world's	
5-12	589-600	information	
5-13	601-604	and	
5-14	605-607	to	
5-15	608-612	make	
5-16	613-615	it	
5-17	616-627	universally	
5-18	628-638	accessible	
5-19	639-642	and	
5-20	643-649	useful	
5-21	649-650	.	

#Text=Google Book Search helps readers discover the world's books while helping authors and publishers reach new audiences.
#Text=1.
6-1	651-657	Google	
6-2	658-662	Book	
6-3	663-669	Search	
6-4	670-675	helps	
6-5	676-683	readers	
6-6	684-692	discover	
6-7	693-696	the	
6-8	697-704	world's	
6-9	705-710	books	
6-10	711-716	while	
6-11	717-724	helping	
6-12	725-732	authors	
6-13	733-736	and	
6-14	737-747	publishers	
6-15	748-753	reach	
6-16	754-757	new	
6-17	758-767	audiences	
6-18	767-768	.	
6-19	769-770	1	
6-20	770-771	.	

#Text=Ihil jam folemne magis apud Phyficos, quam ex odoriferis corporibus particularum effluvia perpetuo emanare, quæ ubi ad olfactus organum pervenere , illud vellicent, atque
#Text=
#Text=olfactionem excitent.
7-1	772-776	Ihil	
7-2	777-780	jam	
7-3	781-788	folemne	
7-4	789-794	magis	
7-5	795-799	apud	
7-6	800-808	Phyficos	
7-7	808-809	,	
7-8	810-814	quam	
7-9	815-817	ex	
7-10	818-828	odoriferis	
7-11	829-839	corporibus	
7-12	840-852	particularum	
7-13	853-861	effluvia	
7-14	862-870	perpetuo	
7-15	871-878	emanare	
7-16	878-879	,	
7-17	880-883	quæ	
7-18	884-887	ubi	
7-19	888-890	ad	
7-20	891-899	olfactus	
7-21	900-907	organum	
7-22	908-917	pervenere	
7-23	918-919	,	
7-24	920-925	illud	
7-25	926-935	vellicent	
7-26	935-936	,	
7-27	937-942	atque	
7-28	944-955	olfactionem	
7-29	956-964	excitent	
7-30	964-965	.	

#Text=Satis commode pleraque phænomena hæc sententia explicat, illud tamen non exiguam habet difficultatem, quod aliqua odorifera corpora , ut Muscus, per plurimos annos acutum spirent odorem fine sensibili sui ponderis decremento: qui autem fieri poteft, ut nihil ponderis ab hiscc corporibus detractum videatur , postquam immenfam fccerunt particularem jacturam ?
8-1	966-971	Satis	
8-2	972-979	commode	
8-3	980-988	pleraque	
8-4	989-998	phænomena	
8-5	999-1002	hæc	
8-6	1003-1012	sententia	
8-7	1013-1021	explicat	
8-8	1021-1022	,	
8-9	1023-1028	illud	
8-10	1029-1034	tamen	
8-11	1035-1038	non	
8-12	1039-1046	exiguam	
8-13	1047-1052	habet	
8-14	1053-1066	difficultatem	
8-15	1066-1067	,	
8-16	1068-1072	quod	
8-17	1073-1079	aliqua	
8-18	1080-1089	odorifera	
8-19	1090-1097	corpora	
8-20	1098-1099	,	
8-21	1100-1102	ut	
8-22	1103-1109	Muscus	
8-23	1109-1110	,	
8-24	1111-1114	per	
8-25	1115-1123	plurimos	
8-26	1124-1129	annos	
8-27	1130-1136	acutum	
8-28	1137-1144	spirent	
8-29	1145-1151	odorem	
8-30	1152-1156	fine	
8-31	1157-1166	sensibili	
8-32	1167-1170	sui	
8-33	1171-1179	ponderis	
8-34	1180-1190	decremento	
8-35	1190-1191	:	
8-36	1192-1195	qui	
8-37	1196-1201	autem	
8-38	1202-1207	fieri	
8-39	1208-1214	poteft	
8-40	1214-1215	,	
8-41	1216-1218	ut	
8-42	1219-1224	nihil	
8-43	1225-1233	ponderis	
8-44	1234-1236	ab	
8-45	1237-1242	hiscc	
8-46	1243-1253	corporibus	
8-47	1254-1263	detractum	
8-48	1264-1272	videatur	
8-49	1273-1274	,	
8-50	1275-1283	postquam	
8-51	1284-1292	immenfam	
8-52	1293-1301	fccerunt	
8-53	1302-1314	particularem	
8-54	1315-1323	jacturam	
8-55	1324-1325	?	

#Text=Hoc vero multo minus percipi poceft , fi cum conlideremus odorem, quem veftes , scrinia aliaque huiufmodi corpora emittunt, poftquam per aliquod temporis intervallum odoriferis corporibus proxima fuerunt, vel jisdem confricata, ficuti de quibusdam Chirothecis Hispanis a se affervatis narrac Robertus Boyle, quæ poft annos 28., & co amplius maximo fragrabant odore: cum enim hæc corpora odorem satis acucum diu lervent, etiam fi corpus odoriferum remotum fucrit, necelle eft, ab-üs perpetuo, & per plures annos innumcras odoras A
#Text=
#Text=par:
#Text=
#Text=
#Text=
#Text=2
#Text=
#Text=
#Text=
#Text=
#Text=
#Text=particulas exhalari, quod & in aliis quibuscumque corporibus odorifero corpori proximis accideret : quis non vidcat in immenfum excrescere particularum copiam, quæ emanaret a pluribus corporibus ex unius cjusdemque corporis contactu, vel via cinia odoriferis ?.
9-1	1326-1329	Hoc	
9-2	1330-1334	vero	
9-3	1335-1340	multo	
9-4	1341-1346	minus	
9-5	1347-1354	percipi	
9-6	1355-1361	poceft	
9-7	1362-1363	,	
9-8	1364-1366	fi	
9-9	1367-1370	cum	
9-10	1371-1383	conlideremus	
9-11	1384-1390	odorem	
9-12	1390-1391	,	
9-13	1392-1396	quem	
9-14	1397-1403	veftes	
9-15	1404-1405	,	
9-16	1406-1413	scrinia	
9-17	1414-1421	aliaque	
9-18	1422-1431	huiufmodi	
9-19	1432-1439	corpora	
9-20	1440-1448	emittunt	
9-21	1448-1449	,	
9-22	1450-1458	poftquam	
9-23	1459-1462	per	
9-24	1463-1470	aliquod	
9-25	1471-1479	temporis	
9-26	1480-1491	intervallum	
9-27	1492-1502	odoriferis	
9-28	1503-1513	corporibus	
9-29	1514-1521	proxima	
9-30	1522-1529	fuerunt	
9-31	1529-1530	,	
9-32	1531-1534	vel	
9-33	1535-1541	jisdem	
9-34	1542-1552	confricata	
9-35	1552-1553	,	
9-36	1554-1560	ficuti	
9-37	1561-1563	de	
9-38	1564-1573	quibusdam	
9-39	1574-1585	Chirothecis	
9-40	1586-1594	Hispanis	
9-41	1595-1596	a	
9-42	1597-1599	se	
9-43	1600-1610	affervatis	
9-44	1611-1617	narrac	
9-45	1618-1626	Robertus	
9-46	1627-1632	Boyle	
9-47	1632-1633	,	
9-48	1634-1637	quæ	
9-49	1638-1642	poft	
9-50	1643-1648	annos	
9-51	1649-1651	28	
9-52	1651-1652	.	
9-53	1652-1653	,	
9-54	1654-1655	&	
9-55	1656-1658	co	
9-56	1659-1666	amplius	
9-57	1667-1673	maximo	
9-58	1674-1684	fragrabant	
9-59	1685-1690	odore	
9-60	1690-1691	:	
9-61	1692-1695	cum	
9-62	1696-1700	enim	
9-63	1701-1704	hæc	
9-64	1705-1712	corpora	
9-65	1713-1719	odorem	
9-66	1720-1725	satis	
9-67	1726-1732	acucum	
9-68	1733-1736	diu	
9-69	1737-1744	lervent	
9-70	1744-1745	,	
9-71	1746-1751	etiam	
9-72	1752-1754	fi	
9-73	1755-1761	corpus	
9-74	1762-1772	odoriferum	
9-75	1773-1780	remotum	
9-76	1781-1787	fucrit	
9-77	1787-1788	,	
9-78	1789-1796	necelle	
9-79	1797-1800	eft	
9-80	1800-1801	,	
9-81	1802-1807	ab-üs	
9-82	1808-1816	perpetuo	
9-83	1816-1817	,	
9-84	1818-1819	&	
9-85	1820-1823	per	
9-86	1824-1830	plures	
9-87	1831-1836	annos	
9-88	1837-1846	innumcras	
9-89	1847-1853	odoras	
9-90	1854-1855	A	
9-91	1857-1860	par	
9-92	1860-1861	:	
9-93	1865-1866	2	
9-94	1872-1882	particulas	
9-95	1883-1891	exhalari	
9-96	1891-1892	,	
9-97	1893-1897	quod	
9-98	1898-1899	&	
9-99	1900-1902	in	
9-100	1903-1908	aliis	
9-101	1909-1921	quibuscumque	
9-102	1922-1932	corporibus	
9-103	1933-1942	odorifero	
9-104	1943-1950	corpori	
9-105	1951-1959	proximis	
9-106	1960-1969	accideret	
9-107	1970-1971	:	
9-108	1972-1976	quis	
9-109	1977-1980	non	
9-110	1981-1987	vidcat	
9-111	1988-1990	in	
9-112	1991-1999	immenfum	
9-113	2000-2010	excrescere	
9-114	2011-2023	particularum	
9-115	2024-2030	copiam	
9-116	2030-2031	,	
9-117	2032-2035	quæ	
9-118	2036-2044	emanaret	
9-119	2045-2046	a	
9-120	2047-2055	pluribus	
9-121	2056-2066	corporibus	
9-122	2067-2069	ex	
9-123	2070-2075	unius	
9-124	2076-2086	cjusdemque	
9-125	2087-2095	corporis	
9-126	2096-2104	contactu	
9-127	2104-2105	,	
9-128	2106-2109	vel	
9-129	2110-2113	via	
9-130	2114-2119	cinia	
9-131	2120-2130	odoriferis	
9-132	2131-2132	?	
9-133	2132-2133	.	

#Text=Idem proinde odoriferum corpus præter cas particulas, quæ per aerem perpetuo difperguntur , & alias evaporat, quibus plurima corpura ad diucillimum tempus fiunt odorifera : quis cantam particularum jacturam pondere sensibi
#Text=
#Text=licer non imminuto credere poffit?
10-1	2134-2138	Idem	
10-2	2139-2146	proinde	
10-3	2147-2157	odoriferum	
10-4	2158-2164	corpus	
10-5	2165-2171	præter	
10-6	2172-2175	cas	
10-7	2176-2186	particulas	
10-8	2186-2187	,	
10-9	2188-2191	quæ	
10-10	2192-2195	per	
10-11	2196-2201	aerem	
10-12	2202-2210	perpetuo	
10-13	2211-2223	difperguntur	
10-14	2224-2225	,	
10-15	2226-2227	&	
10-16	2228-2233	alias	
10-17	2234-2242	evaporat	
10-18	2242-2243	,	
10-19	2244-2250	quibus	
10-20	2251-2258	plurima	
10-21	2259-2266	corpura	
10-22	2267-2269	ad	
10-23	2270-2281	diucillimum	
10-24	2282-2288	tempus	
10-25	2289-2294	fiunt	
10-26	2295-2304	odorifera	
10-27	2305-2306	:	
10-28	2307-2311	quis	
10-29	2312-2318	cantam	
10-30	2319-2331	particularum	
10-31	2332-2340	jacturam	
10-32	2341-2348	pondere	
10-33	2349-2356	sensibi	
10-34	2358-2363	licer	
10-35	2364-2367	non	
10-36	2368-2376	imminuto	
10-37	2377-2384	credere	
10-38	2385-2391	poffit	
10-39	2391-2392	?	

#Text=II.
11-1	2393-2395	II	
11-2	2395-2396	.	

#Text=Scio equidem, ad hanc fuperandam difficultatem in medium
#Text=
#Text=afferri subtilitatem materiæ odoræ, ex qua fit, ut immensus carundem particularum numerus sensibile pondus non conftituat.
12-1	2397-2401	Scio	
12-2	2402-2409	equidem	
12-3	2409-2410	,	
12-4	2411-2413	ad	
12-5	2414-2418	hanc	
12-6	2419-2429	fuperandam	
12-7	2430-2443	difficultatem	
12-8	2444-2446	in	
12-9	2447-2453	medium	
12-10	2455-2462	afferri	
12-11	2463-2475	subtilitatem	
12-12	2476-2483	materiæ	
12-13	2484-2489	odoræ	
12-14	2489-2490	,	
12-15	2491-2493	ex	
12-16	2494-2497	qua	
12-17	2498-2501	fit	
12-18	2501-2502	,	
12-19	2503-2505	ut	
12-20	2506-2514	immensus	
12-21	2515-2523	carundem	
12-22	2524-2536	particularum	
12-23	2537-2544	numerus	
12-24	2545-2554	sensibile	
12-25	2555-2561	pondus	
12-26	2562-2565	non	
12-27	2566-2576	conftituat	
12-28	2576-2577	.	

#Text=Satis apia eslet hæc refponfio, G solius ponderis, ac particularum, multitudinis ratio etet habenda, sed cum alia fioc, qux tantam exilicatem in odoris particulis non permittunt, hac responsione
#Text=
#Text=difficultas non superatur.
13-1	2578-2583	Satis	
13-2	2584-2588	apia	
13-3	2589-2594	eslet	
13-4	2595-2598	hæc	
13-5	2599-2608	refponfio	
13-6	2608-2609	,	
13-7	2610-2611	G	
13-8	2612-2618	solius	
13-9	2619-2627	ponderis	
13-10	2627-2628	,	
13-11	2629-2631	ac	
13-12	2632-2644	particularum	
13-13	2644-2645	,	
13-14	2646-2658	multitudinis	
13-15	2659-2664	ratio	
13-16	2665-2669	etet	
13-17	2670-2677	habenda	
13-18	2677-2678	,	
13-19	2679-2682	sed	
13-20	2683-2686	cum	
13-21	2687-2691	alia	
13-22	2692-2696	fioc	
13-23	2696-2697	,	
13-24	2698-2701	qux	
13-25	2702-2708	tantam	
13-26	2709-2719	exilicatem	
13-27	2720-2722	in	
13-28	2723-2729	odoris	
13-29	2730-2740	particulis	
13-30	2741-2744	non	
13-31	2745-2755	permittunt	
13-32	2755-2756	,	
13-33	2757-2760	hac	
13-34	2761-2772	responsione	
13-35	2774-2785	difficultas	
13-36	2786-2789	non	
13-37	2790-2799	superatur	
13-38	2799-2800	.	

#Text=III Sint Odoræ particulæ quam maxime tenues, non ne vident in
#Text=
#Text=fenfibiles eciam fore ?
14-1	2801-2804	III	
14-2	2805-2809	Sint	
14-3	2810-2815	Odoræ	
14-4	2816-2825	particulæ	
14-5	2826-2830	quam	
14-6	2831-2837	maxime	
14-7	2838-2844	tenues	
14-8	2844-2845	,	
14-9	2846-2849	non	
14-10	2850-2852	ne	
14-11	2853-2859	vident	
14-12	2860-2862	in	
14-13	2864-2874	fenfibiles	
14-14	2875-2880	eciam	
14-15	2881-2885	fore	
14-16	2886-2887	?	

#Text=Certum est, quod uc sensus noftri ab externis objectis afficiantur, non sufficit quæcumque corundem magnitudo, fed requiritur senlibilis, quam licet non poffimus hic ad amuslim determinare, possumus tamen illud certo ftatuere, tam exiles particulas senfationem excitarc omnino non posse.
15-1	2888-2894	Certum	
15-2	2895-2898	est	
15-3	2898-2899	,	
15-4	2900-2904	quod	
15-5	2905-2907	uc	
15-6	2908-2914	sensus	
15-7	2915-2921	noftri	
15-8	2922-2924	ab	
15-9	2925-2933	externis	
15-10	2934-2942	objectis	
15-11	2943-2954	afficiantur	
15-12	2954-2955	,	
15-13	2956-2959	non	
15-14	2960-2968	sufficit	
15-15	2969-2978	quæcumque	
15-16	2979-2987	corundem	
15-17	2988-2997	magnitudo	
15-18	2997-2998	,	
15-19	2999-3002	fed	
15-20	3003-3013	requiritur	
15-21	3014-3024	senlibilis	
15-22	3024-3025	,	
15-23	3026-3030	quam	
15-24	3031-3036	licet	
15-25	3037-3040	non	
15-26	3041-3049	poffimus	
15-27	3050-3053	hic	
15-28	3054-3056	ad	
15-29	3057-3064	amuslim	
15-30	3065-3076	determinare	
15-31	3076-3077	,	
15-32	3078-3086	possumus	
15-33	3087-3092	tamen	
15-34	3093-3098	illud	
15-35	3099-3104	certo	
15-36	3105-3113	ftatuere	
15-37	3113-3114	,	
15-38	3115-3118	tam	
15-39	3119-3125	exiles	
15-40	3126-3136	particulas	
15-41	3137-3148	senfationem	
15-42	3149-3157	excitarc	
15-43	3158-3164	omnino	
15-44	3165-3168	non	
15-45	3169-3174	posse	
15-46	3174-3175	.	

#Text=Ec primo Olfactus communiter comparari solet Gustui , & Odor Sapori, ideoque plerique auctores tractationem de gultu, & olfactu, de faporibus, & odoribus conjungunt:scimus autem particulas sapidas elle craslıusculas, nam li aqua perpetuo fluat, facis ingens falis copia requiritur, ut tota aqua per 10., vel 121 annos Huens salsa vidcatur , non exigua igitur materia copia rco quiritur , fi volumus , ut per plures annos fragrantem reddat acrem vicinum, qui perpetuo fere mutatur ; unum proinde , aut altcrum gradum materiæ odoræ ad id sufficeos efle non poteft.
16-1	3176-3178	Ec	
16-2	3179-3184	primo	
16-3	3185-3193	Olfactus	
16-4	3194-3204	communiter	
16-5	3205-3214	comparari	
16-6	3215-3220	solet	
16-7	3221-3227	Gustui	
16-8	3228-3229	,	
16-9	3230-3231	&	
16-10	3232-3236	Odor	
16-11	3237-3243	Sapori	
16-12	3243-3244	,	
16-13	3245-3252	ideoque	
16-14	3253-3261	plerique	
16-15	3262-3270	auctores	
16-16	3271-3283	tractationem	
16-17	3284-3286	de	
16-18	3287-3292	gultu	
16-19	3292-3293	,	
16-20	3294-3295	&	
16-21	3296-3303	olfactu	
16-22	3303-3304	,	
16-23	3305-3307	de	
16-24	3308-3317	faporibus	
16-25	3317-3318	,	
16-26	3319-3320	&	
16-27	3321-3329	odoribus	
16-28	3330-3340	conjungunt	
16-29	3340-3341	:	
16-30	3341-3347	scimus	
16-31	3348-3353	autem	
16-32	3354-3364	particulas	
16-33	3365-3372	sapidas	
16-34	3373-3377	elle	
16-35	3378-3391	craslıusculas	
16-36	3391-3392	,	
16-37	3393-3396	nam	
16-38	3397-3399	li	
16-39	3400-3404	aqua	
16-40	3405-3413	perpetuo	
16-41	3414-3419	fluat	
16-42	3419-3420	,	
16-43	3421-3426	facis	
16-44	3427-3433	ingens	
16-45	3434-3439	falis	
16-46	3440-3445	copia	
16-47	3446-3456	requiritur	
16-48	3456-3457	,	
16-49	3458-3460	ut	
16-50	3461-3465	tota	
16-51	3466-3470	aqua	
16-52	3471-3474	per	
16-53	3475-3477	10	
16-54	3477-3478	.	
16-55	3478-3479	,	
16-56	3480-3483	vel	
16-57	3484-3487	121	
16-58	3488-3493	annos	
16-59	3494-3499	Huens	
16-60	3500-3505	salsa	
16-61	3506-3514	vidcatur	
16-62	3515-3516	,	
16-63	3517-3520	non	
16-64	3521-3527	exigua	
16-65	3528-3534	igitur	
16-66	3535-3542	materia	
16-67	3543-3548	copia	
16-68	3549-3552	rco	
16-69	3553-3561	quiritur	
16-70	3562-3563	,	
16-71	3564-3566	fi	
16-72	3567-3574	volumus	
16-73	3575-3576	,	
16-74	3577-3579	ut	
16-75	3580-3583	per	
16-76	3584-3590	plures	
16-77	3591-3596	annos	
16-78	3597-3607	fragrantem	
16-79	3608-3614	reddat	
16-80	3615-3620	acrem	
16-81	3621-3628	vicinum	
16-82	3628-3629	,	
16-83	3630-3633	qui	
16-84	3634-3642	perpetuo	
16-85	3643-3647	fere	
16-86	3648-3655	mutatur	
16-87	3656-3657	;	
16-88	3658-3662	unum	
16-89	3663-3670	proinde	
16-90	3671-3672	,	
16-91	3673-3676	aut	
16-92	3677-3684	altcrum	
16-93	3685-3691	gradum	
16-94	3692-3699	materiæ	
16-95	3700-3705	odoræ	
16-96	3706-3708	ad	
16-97	3709-3711	id	
16-98	3712-3721	sufficeos	
16-99	3722-3726	efle	
16-100	3727-3730	non	
16-101	3731-3737	poteft	
16-102	3737-3738	.	

#Text=Secundo, quo major est particularum subtilitas, co major re.
#Text=quiritur celeritas, uc fenfibilem impressionem in noftris fenfibus efficiant ; hinc lentum aeris mocum non percipimus, fentimus vero vehementiorem ; cum itaque particula odurz fint caarz exilitatis, necesse est, ut celerrime moveantur , & fenfibilem voJumus affectionem ; tardissimum autem elle carundem motum ex co colligitur, quod nisi acrem per nares attrahamus, odorem
#Text=
#Text=vel
#Text=
#Text=
#Text=
#Text=
#Text=
#Text=5 vel nullam , vel fatis tenuem percipimus: ita igitur in aere innatant, ut nullum fere motum habeant, nisi qui ab acre ipuis communicatur ; quod vero particulæ maximæ tenuitatis, quæ fatis lente moventur , impressionem excitare poffint in organo non delicatissimo, nemo fibi sane suaserit.
17-1	3739-3746	Secundo	
17-2	3746-3747	,	
17-3	3748-3751	quo	
17-4	3752-3757	major	
17-5	3758-3761	est	
17-6	3762-3774	particularum	
17-7	3775-3785	subtilitas	
17-8	3785-3786	,	
17-9	3787-3789	co	
17-10	3790-3795	major	
17-11	3796-3798	re	
17-12	3798-3799	.	
17-13	3800-3808	quiritur	
17-14	3809-3818	celeritas	
17-15	3818-3819	,	
17-16	3820-3822	uc	
17-17	3823-3833	fenfibilem	
17-18	3834-3846	impressionem	
17-19	3847-3849	in	
17-20	3850-3857	noftris	
17-21	3858-3866	fenfibus	
17-22	3867-3876	efficiant	
17-23	3877-3878	;	
17-24	3879-3883	hinc	
17-25	3884-3890	lentum	
17-26	3891-3896	aeris	
17-27	3897-3902	mocum	
17-28	3903-3906	non	
17-29	3907-3917	percipimus	
17-30	3917-3918	,	
17-31	3919-3927	fentimus	
17-32	3928-3932	vero	
17-33	3933-3946	vehementiorem	
17-34	3947-3948	;	
17-35	3949-3952	cum	
17-36	3953-3959	itaque	
17-37	3960-3969	particula	
17-38	3970-3975	odurz	
17-39	3976-3980	fint	
17-40	3981-3986	caarz	
17-41	3987-3997	exilitatis	
17-42	3997-3998	,	
17-43	3999-4006	necesse	
17-44	4007-4010	est	
17-45	4010-4011	,	
17-46	4012-4014	ut	
17-47	4015-4024	celerrime	
17-48	4025-4034	moveantur	
17-49	4035-4036	,	
17-50	4037-4038	&	
17-51	4039-4049	fenfibilem	
17-52	4050-4057	voJumus	
17-53	4058-4069	affectionem	
17-54	4070-4071	;	
17-55	4072-4083	tardissimum	
17-56	4084-4089	autem	
17-57	4090-4094	elle	
17-58	4095-4103	carundem	
17-59	4104-4109	motum	
17-60	4110-4112	ex	
17-61	4113-4115	co	
17-62	4116-4126	colligitur	
17-63	4126-4127	,	
17-64	4128-4132	quod	
17-65	4133-4137	nisi	
17-66	4138-4143	acrem	
17-67	4144-4147	per	
17-68	4148-4153	nares	
17-69	4154-4164	attrahamus	
17-70	4164-4165	,	
17-71	4166-4172	odorem	
17-72	4174-4177	vel	
17-73	4183-4184	5	
17-74	4185-4188	vel	
17-75	4189-4195	nullam	
17-76	4196-4197	,	
17-77	4198-4201	vel	
17-78	4202-4207	fatis	
17-79	4208-4214	tenuem	
17-80	4215-4225	percipimus	
17-81	4225-4226	:	
17-82	4227-4230	ita	
17-83	4231-4237	igitur	
17-84	4238-4240	in	
17-85	4241-4245	aere	
17-86	4246-4254	innatant	
17-87	4254-4255	,	
17-88	4256-4258	ut	
17-89	4259-4265	nullum	
17-90	4266-4270	fere	
17-91	4271-4276	motum	
17-92	4277-4284	habeant	
17-93	4284-4285	,	
17-94	4286-4290	nisi	
17-95	4291-4294	qui	
17-96	4295-4297	ab	
17-97	4298-4302	acre	
17-98	4303-4308	ipuis	
17-99	4309-4321	communicatur	
17-100	4322-4323	;	
17-101	4324-4328	quod	
17-102	4329-4333	vero	
17-103	4334-4343	particulæ	
17-104	4344-4350	maximæ	
17-105	4351-4361	tenuitatis	
17-106	4361-4362	,	
17-107	4363-4366	quæ	
17-108	4367-4372	fatis	
17-109	4373-4378	lente	
17-110	4379-4387	moventur	
17-111	4388-4389	,	
17-112	4390-4402	impressionem	
17-113	4403-4411	excitare	
17-114	4412-4419	poffint	
17-115	4420-4422	in	
17-116	4423-4429	organo	
17-117	4430-4433	non	
17-118	4434-4447	delicatissimo	
17-119	4447-4448	,	
17-120	4449-4453	nemo	
17-121	4454-4458	fibi	
17-122	4459-4463	sane	
17-123	4464-4472	suaserit	
17-124	4472-4473	.	

#Text=Tertio organum olfactus est maxime hebes; id facile intelligi ex co poteft, quod odoribus brevi alluclcamus olfactu ica torpescente, ut polt exiguum temporis intervallum odores amplius non percipiat: id autem visui nunquam accidit, qui est sensus omnium delicatissimus ; Accidit quidem in auditu cum non advertimus, sed s mentem intendimus, eundem fonum rurlus facile percipimus ; omnium maxime contingit in plerisque sensationibus tactus, qui serius tamen torpescit , quam olfactus.
18-1	4474-4480	Tertio	
18-2	4481-4488	organum	
18-3	4489-4497	olfactus	
18-4	4498-4501	est	
18-5	4502-4508	maxime	
18-6	4509-4514	hebes	
18-7	4514-4515	;	
18-8	4516-4518	id	
18-9	4519-4525	facile	
18-10	4526-4535	intelligi	
18-11	4536-4538	ex	
18-12	4539-4541	co	
18-13	4542-4548	poteft	
18-14	4548-4549	,	
18-15	4550-4554	quod	
18-16	4555-4563	odoribus	
18-17	4564-4569	brevi	
18-18	4570-4581	alluclcamus	
18-19	4582-4589	olfactu	
18-20	4590-4593	ica	
18-21	4594-4605	torpescente	
18-22	4605-4606	,	
18-23	4607-4609	ut	
18-24	4610-4614	polt	
18-25	4615-4622	exiguum	
18-26	4623-4631	temporis	
18-27	4632-4643	intervallum	
18-28	4644-4650	odores	
18-29	4651-4658	amplius	
18-30	4659-4662	non	
18-31	4663-4672	percipiat	
18-32	4672-4673	:	
18-33	4674-4676	id	
18-34	4677-4682	autem	
18-35	4683-4688	visui	
18-36	4689-4696	nunquam	
18-37	4697-4704	accidit	
18-38	4704-4705	,	
18-39	4706-4709	qui	
18-40	4710-4713	est	
18-41	4714-4720	sensus	
18-42	4721-4727	omnium	
18-43	4728-4742	delicatissimus	
18-44	4743-4744	;	
18-45	4745-4752	Accidit	
18-46	4753-4759	quidem	
18-47	4760-4762	in	
18-48	4763-4769	auditu	
18-49	4770-4773	cum	
18-50	4774-4777	non	
18-51	4778-4788	advertimus	
18-52	4788-4789	,	
18-53	4790-4793	sed	
18-54	4794-4795	s	
18-55	4796-4802	mentem	
18-56	4803-4813	intendimus	
18-57	4813-4814	,	
18-58	4815-4821	eundem	
18-59	4822-4827	fonum	
18-60	4828-4834	rurlus	
18-61	4835-4841	facile	
18-62	4842-4852	percipimus	
18-63	4853-4854	;	
18-64	4855-4861	omnium	
18-65	4862-4868	maxime	
18-66	4869-4878	contingit	
18-67	4879-4881	in	
18-68	4882-4891	plerisque	
18-69	4892-4905	sensationibus	
18-70	4906-4912	tactus	
18-71	4912-4913	,	
18-72	4914-4917	qui	
18-73	4918-4924	serius	
18-74	4925-4930	tamen	
18-75	4931-4940	torpescit	
18-76	4941-4942	,	
18-77	4943-4947	quam	
18-78	4948-4956	olfactus	
18-79	4956-4957	.	
