#FORMAT=WebAnno TSV 3.3


#Text=Uw bidden en uw schaamte heb Ik gezien, Ik vergeef het u, zegt de Vader.
1-1	2-4	Uw	
1-2	5-11	bidden	
1-3	12-14	en	
1-4	15-17	uw	
1-5	18-26	schaamte	
1-6	27-30	heb	
1-7	31-33	Ik	
1-8	34-40	gezien	
1-9	40-41	,	
1-10	42-44	Ik	
1-11	45-52	vergeef	
1-12	53-56	het	
1-13	57-58	u	
1-14	58-59	,	
1-15	60-64	zegt	
1-16	65-67	de	
1-17	68-73	Vader	
1-18	73-74	.	

#Text=Daarop zeggen zij:
#Text=Mijn Vader!
2-1	75-81	Daarop	
2-2	82-88	zeggen	
2-3	89-92	zij	
2-4	92-93	:	
2-5	94-98	Mijn	
2-6	99-104	Vader	
2-7	104-105	!	

#Text=is dat uw liefde?
3-1	106-108	is	
3-2	109-112	dat	
3-3	113-115	uw	
3-4	116-122	liefde	
3-5	122-123	?	

#Text=Daarop gaan zij zich aan de Heere ootmoedig onderwerpen, en zij worden eerbiedig en vol kinderlijke vreze Gods.
4-1	124-130	Daarop	
4-2	131-135	gaan	
4-3	136-139	zij	
4-4	140-144	zich	
4-5	145-148	aan	
4-6	149-151	de	
4-7	152-157	Heere	
4-8	158-167	ootmoedig	
4-9	168-179	onderwerpen	
4-10	179-180	,	
4-11	181-183	en	
4-12	184-187	zij	
4-13	188-194	worden	
4-14	195-204	eerbiedig	
4-15	205-207	en	
4-16	208-211	vol	
4-17	212-223	kinderlijke	
4-18	224-229	vreze	
4-19	230-234	Gods	
4-20	234-235	.	

#Text=Toen brachten wij u:
#Text=\tTen vijfde.
5-1	236-240	Toen	
5-2	241-249	brachten	
5-3	250-253	wij	
5-4	254-255	u	
5-5	255-256	:	
5-6	258-261	Ten	
5-7	262-268	vijfde	
5-8	268-269	.	

#Text=Om gemeenschap te oefenen met degenen die gij uw leven niet gezien hebt;
#Text=tot de vele duizenden der engelen, in welke God klaarheid gesteld heeft, en die vele diensten aan de vromen gedaan hebben, en nog doen.
6-1	270-272	Om	
6-2	273-284	gemeenschap	
6-3	285-287	te	
6-4	288-295	oefenen	
6-5	296-299	met	
6-6	300-307	degenen	
6-7	308-311	die	
6-8	312-315	gij	
6-9	316-318	uw	
6-10	319-324	leven	
6-11	325-329	niet	
6-12	330-336	gezien	
6-13	337-341	hebt	
6-14	341-342	;	
6-15	343-346	tot	
6-16	347-349	de	
6-17	350-354	vele	
6-18	355-364	duizenden	
6-19	365-368	der	
6-20	369-376	engelen	
6-21	376-377	,	
6-22	378-380	in	
6-23	381-386	welke	
6-24	387-390	God	
6-25	391-400	klaarheid	
6-26	401-408	gesteld	
6-27	409-414	heeft	
6-28	414-415	,	
6-29	416-418	en	
6-30	419-422	die	
6-31	423-427	vele	
6-32	428-436	diensten	
6-33	437-440	aan	
6-34	441-443	de	
6-35	444-450	vromen	
6-36	451-457	gedaan	
6-37	458-464	hebben	
6-38	464-465	,	
6-39	466-468	en	
6-40	469-472	nog	
6-41	473-477	doen	
6-42	477-478	.	

#Text=Als zij sterven, doen zij die dienst welke zij aan Lazarus deden;
#Text=zij brachten hem naar boven, zij droegen hem in de schoot Abrahams, Luk.
#Text=16:22.
7-1	479-482	Als	
7-2	483-486	zij	
7-3	487-494	sterven	
7-4	494-495	,	
7-5	496-500	doen	
7-6	501-504	zij	
7-7	505-508	die	
7-8	509-515	dienst	
7-9	516-521	welke	
7-10	522-525	zij	
7-11	526-529	aan	
7-12	530-537	Lazarus	
7-13	538-543	deden	
7-14	543-544	;	
7-15	545-548	zij	
7-16	549-557	brachten	
7-17	558-561	hem	
7-18	562-566	naar	
7-19	567-572	boven	
7-20	572-573	,	
7-21	574-577	zij	
7-22	578-585	droegen	
7-23	586-589	hem	
7-24	590-592	in	
7-25	593-595	de	
7-26	596-602	schoot	
7-27	603-611	Abrahams	
7-28	611-612	,	
7-29	613-616	Luk	
7-30	616-617	.	
7-31	618-620	16	
7-32	620-621	:	
7-33	621-623	22	
7-34	623-624	.	

#Text=En na het oordeel zullen zij u den Heere tegemoet voeren, in de wolken in de lucht, 1Thess.
#Text=4:17.
8-1	625-627	En	
8-2	628-630	na	
8-3	631-634	het	
8-4	635-642	oordeel	
8-5	643-649	zullen	
8-6	650-653	zij	
8-7	654-655	u	
8-8	656-659	den	
8-9	660-665	Heere	
8-10	666-674	tegemoet	
8-11	675-681	voeren	
8-12	681-682	,	
8-13	683-685	in	
8-14	686-688	de	
8-15	689-695	wolken	
8-16	696-698	in	
8-17	699-701	de	
8-18	702-707	lucht	
8-19	707-708	,	
8-20	709-715	1Thess	
8-21	715-716	.	
8-22	717-718	4	
8-23	718-719	:	
8-24	719-721	17	
8-25	721-722	.	

#Text=Daar verkeert een kind Gods mee.
9-1	723-727	Daar	
9-2	728-736	verkeert	
9-3	737-740	een	
9-4	741-745	kind	
9-5	746-750	Gods	
9-6	751-754	mee	
9-7	754-755	.	

#Text=Dat is elke dag in hun gebed:
#Text=Mocht ik ook zo de wil Gods doen, gelijk de engelen, zo vaardig, zo gewillig, zo standvastig!
10-1	756-759	Dat	
10-2	760-762	is	
10-3	763-767	elke	
10-4	768-771	dag	
10-5	772-774	in	
10-6	775-778	hun	
10-7	779-784	gebed	
10-8	784-785	:	
10-9	786-791	Mocht	
10-10	792-794	ik	
10-11	795-798	ook	
10-12	799-801	zo	
10-13	802-804	de	
10-14	805-808	wil	
10-15	809-813	Gods	
10-16	814-818	doen	
10-17	818-819	,	
10-18	820-826	gelijk	
10-19	827-829	de	
10-20	830-837	engelen	
10-21	837-838	,	
10-22	839-841	zo	
10-23	842-849	vaardig	
10-24	849-850	,	
10-25	851-853	zo	
10-26	854-862	gewillig	
10-27	862-863	,	
10-28	864-866	zo	
10-29	867-878	standvastig	
10-30	878-879	!	

#Text=Ten zesde.
11-1	882-885	Ten	
11-2	886-891	zesde	
11-3	891-892	.	

#Text=Dan leidden wij u tot de gemeenschap met al de vromen die in de hemel zijn;
#Text=naar de vromen die u bekend zijn door de Bijbel; en met die, die u onbekend zijn, daar de Bijbel niet van spreekt;
#Text=maar die u bekend geweest zijn door verkeer, en daar gij mond met mond mee gesproken hebt.
12-1	893-896	Dan	
12-2	897-904	leidden	
12-3	905-908	wij	
12-4	909-910	u	
12-5	911-914	tot	
12-6	915-917	de	
12-7	918-929	gemeenschap	
12-8	930-933	met	
12-9	934-936	al	
12-10	937-939	de	
12-11	940-946	vromen	
12-12	947-950	die	
12-13	951-953	in	
12-14	954-956	de	
12-15	957-962	hemel	
12-16	963-967	zijn	
12-17	967-968	;	
12-18	969-973	naar	
12-19	974-976	de	
12-20	977-983	vromen	
12-21	984-987	die	
12-22	988-989	u	
12-23	990-996	bekend	
12-24	997-1001	zijn	
12-25	1002-1006	door	
12-26	1007-1009	de	
12-27	1010-1016	Bijbel	
12-28	1016-1017	;	
12-29	1018-1020	en	
12-30	1021-1024	met	
12-31	1025-1028	die	
12-32	1028-1029	,	
12-33	1030-1033	die	
12-34	1034-1035	u	
12-35	1036-1044	onbekend	
12-36	1045-1049	zijn	
12-37	1049-1050	,	
12-38	1051-1055	daar	
12-39	1056-1058	de	
12-40	1059-1065	Bijbel	
12-41	1066-1070	niet	
12-42	1071-1074	van	
12-43	1075-1082	spreekt	
12-44	1082-1083	;	
12-45	1084-1088	maar	
12-46	1089-1092	die	
12-47	1093-1094	u	
12-48	1095-1101	bekend	
12-49	1102-1109	geweest	
12-50	1110-1114	zijn	
12-51	1115-1119	door	
12-52	1120-1127	verkeer	
12-53	1127-1128	,	
12-54	1129-1131	en	
12-55	1132-1136	daar	
12-56	1137-1140	gij	
12-57	1141-1145	mond	
12-58	1146-1149	met	
12-59	1150-1154	mond	
12-60	1155-1158	mee	
12-61	1159-1168	gesproken	
12-62	1169-1173	hebt	
12-63	1173-1174	.	

#Text=Die u gesticht hebben door hun gebed, door hun spreken en door hun wandel.
13-1	1175-1178	Die	
13-2	1179-1180	u	
13-3	1181-1189	gesticht	
13-4	1190-1196	hebben	
13-5	1197-1201	door	
13-6	1202-1205	hun	
13-7	1206-1211	gebed	
13-8	1211-1212	,	
13-9	1213-1217	door	
13-10	1218-1221	hun	
13-11	1222-1229	spreken	
13-12	1230-1232	en	
13-13	1233-1237	door	
13-14	1238-1241	hun	
13-15	1242-1248	wandel	
13-16	1248-1249	.	
