#FORMAT=WebAnno TSV 3.3


#Text=14 Custodite sabbatum meum, sanctum est enim vobis : qui polluerit illud, morte morietur ; qui fecerit in eo opus, peribit anima illius de medio populi sui.
#Text=15 Sex diebus facietis opus : in die septimo sabbatum est, requies sancta Domino ; omnis qui fecerit opus in hac die, morietur.
#Text=16 Custodiant filii Israël sabbatum, et celebrent illud in generationibus suis.
1-1	2-4	14	
1-2	5-14	Custodite	
1-3	15-23	sabbatum	
1-4	24-28	meum	
1-5	28-29	,	
1-6	30-37	sanctum	
1-7	38-41	est	
1-8	42-46	enim	
1-9	47-52	vobis	
1-10	53-54	:	
1-11	55-58	qui	
1-12	59-68	polluerit	
1-13	69-74	illud	
1-14	74-75	,	
1-15	76-81	morte	
1-16	82-90	morietur	
1-17	91-92	;	
1-18	93-96	qui	
1-19	97-104	fecerit	
1-20	105-107	in	
1-21	108-110	eo	
1-22	111-115	opus	
1-23	115-116	,	
1-24	117-124	peribit	
1-25	125-130	anima	
1-26	131-137	illius	
1-27	138-140	de	
1-28	141-146	medio	
1-29	147-153	populi	
1-30	154-157	sui	
1-31	157-158	.	
1-32	159-161	15	
1-33	162-165	Sex	
1-34	166-172	diebus	
1-35	173-181	facietis	
1-36	182-186	opus	
1-37	187-188	:	
1-38	189-191	in	
1-39	192-195	die	
1-40	196-203	septimo	
1-41	204-212	sabbatum	
1-42	213-216	est	
1-43	216-217	,	
1-44	218-225	requies	
1-45	226-232	sancta	
1-46	233-239	Domino	
1-47	240-241	;	
1-48	242-247	omnis	
1-49	248-251	qui	
1-50	252-259	fecerit	
1-51	260-264	opus	
1-52	265-267	in	
1-53	268-271	hac	
1-54	272-275	die	
1-55	275-276	,	
1-56	277-285	morietur	
1-57	285-286	.	
1-58	287-289	16	
1-59	290-300	Custodiant	
1-60	301-306	filii	
1-61	307-313	Israël	
1-62	314-322	sabbatum	
1-63	322-323	,	
1-64	324-326	et	
1-65	327-336	celebrent	
1-66	337-342	illud	
1-67	343-345	in	
1-68	346-360	generationibus	
1-69	361-365	suis	
1-70	365-366	.	

#Text=Pactum est sempiternum 17 inter me et filios Israël, signumque perpetuum ; sex enim diebus fecit Dominus cælum et terram, et in septimo ab opere cessavit.
#Text=18 Deditque Dominus Moysi, completis hujuscemodi sermonibus in monte Sinai, duas tabulas testimonii lapideas, scriptas digito Dei.
2-1	367-373	Pactum	
2-2	374-377	est	
2-3	378-389	sempiternum	
2-4	390-392	17	
2-5	393-398	inter	
2-6	399-401	me	
2-7	402-404	et	
2-8	405-411	filios	
2-9	412-418	Israël	
2-10	418-419	,	
2-11	420-429	signumque	
2-12	430-439	perpetuum	
2-13	440-441	;	
2-14	442-445	sex	
2-15	446-450	enim	
2-16	451-457	diebus	
2-17	458-463	fecit	
2-18	464-471	Dominus	
2-19	472-477	cælum	
2-20	478-480	et	
2-21	481-487	terram	
2-22	487-488	,	
2-23	489-491	et	
2-24	492-494	in	
2-25	495-502	septimo	
2-26	503-505	ab	
2-27	506-511	opere	
2-28	512-520	cessavit	
2-29	520-521	.	
2-30	522-524	18	
2-31	525-533	Deditque	
2-32	534-541	Dominus	
2-33	542-547	Moysi	
2-34	547-548	,	
2-35	549-558	completis	
2-36	559-570	hujuscemodi	
2-37	571-581	sermonibus	
2-38	582-584	in	
2-39	585-590	monte	
2-40	591-596	Sinai	
2-41	596-597	,	
2-42	598-602	duas	
2-43	603-610	tabulas	
2-44	611-621	testimonii	
2-45	622-630	lapideas	
2-46	630-631	,	
2-47	632-640	scriptas	
2-48	641-647	digito	
2-49	648-651	Dei	
2-50	651-652	.	

#Text=Caput 32
#Text=
#Text=
#Text=1 Videns autem populus quod moram faceret descendendi de monte Moyses, congregatus adversus Aaron, dixit : Surge, fac nobis deos, qui nos præcedant : Moysi enim huic viro, qui nos eduxit de terra Ægypti, ignoramus quid acciderit.
#Text=2 Dixitque ad eos Aaron : Tollite inaures aureas de uxorum, filiorumque et filiarum vestrarum auribus, et afferte ad me.
#Text=3 Fecitque populus quæ jusserat, deferens inaures ad Aaron.
#Text=4 Quas cum ille accepisset, formavit opere fusorio, et fecit ex eis vitulum conflatilem : dixeruntque : Hi sunt dii tui Israël, qui te eduxerunt de terra Ægypti.
#Text=5 Quod cum vidisset Aaron, ædificavit altare coram eo, et præconis voce clamavit dicens : Cras solemnitas Domini est.
#Text=6 Surgentesque mane, obtulerunt holocausta, et hostias pacificas, et sedit populus manducare, et bibere, et surrexerunt ludere.
#Text=7 Locutus est autem Dominus ad Moysen, dicens : Vade, descende : peccavit populus tuus, quem eduxisti de terra Ægypti.
#Text=8 Recesserunt cito de via, quam ostendisti eis : feceruntque sibi vitulum conflatilem, et adoraverunt, atque immolantes ei hostias, dixerunt : Isti sunt dii tui Israël, qui te eduxerunt de terra Ægypti.
#Text=9 Rursumque ait Dominus ad Moysen : Cerno quod populus iste duræ cervicis sit : 10 dimitte me, ut irascatur furor meus contra eos, et deleam eos, faciamque te in gentem magnam.
#Text=11 Moyses autem orabat Dominum Deum suum, dicens : Cur, Domine, irascitur furor tuus contra populum tuum, quem eduxisti de terra Ægypti, in fortitudine magna, et in manu robusta ?
3-1	653-658	Caput	
3-2	659-661	32	
3-3	664-665	1	
3-4	666-672	Videns	
3-5	673-678	autem	
3-6	679-686	populus	
3-7	687-691	quod	
3-8	692-697	moram	
3-9	698-705	faceret	
3-10	706-717	descendendi	
3-11	718-720	de	
3-12	721-726	monte	
3-13	727-733	Moyses	
3-14	733-734	,	
3-15	735-746	congregatus	
3-16	747-755	adversus	
3-17	756-761	Aaron	
3-18	761-762	,	
3-19	763-768	dixit	
3-20	769-770	:	
3-21	771-776	Surge	
3-22	776-777	,	
3-23	778-781	fac	
3-24	782-787	nobis	
3-25	788-792	deos	
3-26	792-793	,	
3-27	794-797	qui	
3-28	798-801	nos	
3-29	802-811	præcedant	
3-30	812-813	:	
3-31	814-819	Moysi	
3-32	820-824	enim	
3-33	825-829	huic	
3-34	830-834	viro	
3-35	834-835	,	
3-36	836-839	qui	
3-37	840-843	nos	
3-38	844-850	eduxit	
3-39	851-853	de	
3-40	854-859	terra	
3-41	860-866	Ægypti	
3-42	866-867	,	
3-43	868-877	ignoramus	
3-44	878-882	quid	
3-45	883-892	acciderit	
3-46	892-893	.	
3-47	894-895	2	
3-48	896-904	Dixitque	
3-49	905-907	ad	
3-50	908-911	eos	
3-51	912-917	Aaron	
3-52	918-919	:	
3-53	920-927	Tollite	
3-54	928-935	inaures	
3-55	936-942	aureas	
3-56	943-945	de	
3-57	946-952	uxorum	
3-58	952-953	,	
3-59	954-965	filiorumque	
3-60	966-968	et	
3-61	969-977	filiarum	
3-62	978-987	vestrarum	
3-63	988-995	auribus	
3-64	995-996	,	
3-65	997-999	et	
3-66	1000-1007	afferte	
3-67	1008-1010	ad	
3-68	1011-1013	me	
3-69	1013-1014	.	
3-70	1015-1016	3	
3-71	1017-1025	Fecitque	
3-72	1026-1033	populus	
3-73	1034-1037	quæ	
3-74	1038-1046	jusserat	
3-75	1046-1047	,	
3-76	1048-1056	deferens	
3-77	1057-1064	inaures	
3-78	1065-1067	ad	
3-79	1068-1073	Aaron	
3-80	1073-1074	.	
3-81	1075-1076	4	
3-82	1077-1081	Quas	
3-83	1082-1085	cum	
3-84	1086-1090	ille	
3-85	1091-1101	accepisset	
3-86	1101-1102	,	
3-87	1103-1111	formavit	
3-88	1112-1117	opere	
3-89	1118-1125	fusorio	
3-90	1125-1126	,	
3-91	1127-1129	et	
3-92	1130-1135	fecit	
3-93	1136-1138	ex	
3-94	1139-1142	eis	
3-95	1143-1150	vitulum	
3-96	1151-1162	conflatilem	
3-97	1163-1164	:	
3-98	1165-1176	dixeruntque	
3-99	1177-1178	:	
3-100	1179-1181	Hi	
3-101	1182-1186	sunt	
3-102	1187-1190	dii	
3-103	1191-1194	tui	
3-104	1195-1201	Israël	
3-105	1201-1202	,	
3-106	1203-1206	qui	
3-107	1207-1209	te	
3-108	1210-1219	eduxerunt	
3-109	1220-1222	de	
3-110	1223-1228	terra	
3-111	1229-1235	Ægypti	
3-112	1235-1236	.	
3-113	1237-1238	5	
3-114	1239-1243	Quod	
3-115	1244-1247	cum	
3-116	1248-1256	vidisset	
3-117	1257-1262	Aaron	
3-118	1262-1263	,	
3-119	1264-1274	ædificavit	
3-120	1275-1281	altare	
3-121	1282-1287	coram	
3-122	1288-1290	eo	
3-123	1290-1291	,	
3-124	1292-1294	et	
3-125	1295-1303	præconis	
3-126	1304-1308	voce	
3-127	1309-1317	clamavit	
3-128	1318-1324	dicens	
3-129	1325-1326	:	
3-130	1327-1331	Cras	
3-131	1332-1342	solemnitas	
3-132	1343-1349	Domini	
3-133	1350-1353	est	
3-134	1353-1354	.	
3-135	1355-1356	6	
3-136	1357-1369	Surgentesque	
3-137	1370-1374	mane	
3-138	1374-1375	,	
3-139	1376-1386	obtulerunt	
3-140	1387-1397	holocausta	
3-141	1397-1398	,	
3-142	1399-1401	et	
3-143	1402-1409	hostias	
3-144	1410-1419	pacificas	
3-145	1419-1420	,	
3-146	1421-1423	et	
3-147	1424-1429	sedit	
3-148	1430-1437	populus	
3-149	1438-1447	manducare	
3-150	1447-1448	,	
3-151	1449-1451	et	
3-152	1452-1458	bibere	
3-153	1458-1459	,	
3-154	1460-1462	et	
3-155	1463-1474	surrexerunt	
3-156	1475-1481	ludere	
3-157	1481-1482	.	
3-158	1483-1484	7	
3-159	1485-1492	Locutus	
3-160	1493-1496	est	
3-161	1497-1502	autem	
3-162	1503-1510	Dominus	
3-163	1511-1513	ad	
3-164	1514-1520	Moysen	
3-165	1520-1521	,	
3-166	1522-1528	dicens	
3-167	1529-1530	:	
3-168	1531-1535	Vade	
3-169	1535-1536	,	
3-170	1537-1545	descende	
3-171	1546-1547	:	
3-172	1548-1556	peccavit	
3-173	1557-1564	populus	
3-174	1565-1569	tuus	
3-175	1569-1570	,	
3-176	1571-1575	quem	
3-177	1576-1584	eduxisti	
3-178	1585-1587	de	
3-179	1588-1593	terra	
3-180	1594-1600	Ægypti	
3-181	1600-1601	.	
3-182	1602-1603	8	
3-183	1604-1615	Recesserunt	
3-184	1616-1620	cito	
3-185	1621-1623	de	
3-186	1624-1627	via	
3-187	1627-1628	,	
3-188	1629-1633	quam	
3-189	1634-1644	ostendisti	
3-190	1645-1648	eis	
3-191	1649-1650	:	
3-192	1651-1662	feceruntque	
3-193	1663-1667	sibi	
3-194	1668-1675	vitulum	
3-195	1676-1687	conflatilem	
3-196	1687-1688	,	
3-197	1689-1691	et	
3-198	1692-1703	adoraverunt	
3-199	1703-1704	,	
3-200	1705-1710	atque	
3-201	1711-1721	immolantes	
3-202	1722-1724	ei	
3-203	1725-1732	hostias	
3-204	1732-1733	,	
3-205	1734-1742	dixerunt	
3-206	1743-1744	:	
3-207	1745-1749	Isti	
3-208	1750-1754	sunt	
3-209	1755-1758	dii	
3-210	1759-1762	tui	
3-211	1763-1769	Israël	
3-212	1769-1770	,	
3-213	1771-1774	qui	
3-214	1775-1777	te	
3-215	1778-1787	eduxerunt	
3-216	1788-1790	de	
3-217	1791-1796	terra	
3-218	1797-1803	Ægypti	
3-219	1803-1804	.	
3-220	1805-1806	9	
3-221	1807-1816	Rursumque	
3-222	1817-1820	ait	
3-223	1821-1828	Dominus	
3-224	1829-1831	ad	
3-225	1832-1838	Moysen	
3-226	1839-1840	:	
3-227	1841-1846	Cerno	
3-228	1847-1851	quod	
3-229	1852-1859	populus	
3-230	1860-1864	iste	
3-231	1865-1869	duræ	
3-232	1870-1878	cervicis	
3-233	1879-1882	sit	
3-234	1883-1884	:	
3-235	1885-1887	10	
3-236	1888-1895	dimitte	
3-237	1896-1898	me	
3-238	1898-1899	,	
3-239	1900-1902	ut	
3-240	1903-1912	irascatur	
3-241	1913-1918	furor	
3-242	1919-1923	meus	
3-243	1924-1930	contra	
3-244	1931-1934	eos	
3-245	1934-1935	,	
3-246	1936-1938	et	
3-247	1939-1945	deleam	
3-248	1946-1949	eos	
3-249	1949-1950	,	
3-250	1951-1960	faciamque	
3-251	1961-1963	te	
3-252	1964-1966	in	
3-253	1967-1973	gentem	
3-254	1974-1980	magnam	
3-255	1980-1981	.	
3-256	1982-1984	11	
3-257	1985-1991	Moyses	
3-258	1992-1997	autem	
3-259	1998-2004	orabat	
3-260	2005-2012	Dominum	
3-261	2013-2017	Deum	
3-262	2018-2022	suum	
3-263	2022-2023	,	
3-264	2024-2030	dicens	
3-265	2031-2032	:	
3-266	2033-2036	Cur	
3-267	2036-2037	,	
3-268	2038-2044	Domine	
3-269	2044-2045	,	
3-270	2046-2055	irascitur	
3-271	2056-2061	furor	
3-272	2062-2066	tuus	
3-273	2067-2073	contra	
3-274	2074-2081	populum	
3-275	2082-2086	tuum	
3-276	2086-2087	,	
3-277	2088-2092	quem	
3-278	2093-2101	eduxisti	
3-279	2102-2104	de	
3-280	2105-2110	terra	
3-281	2111-2117	Ægypti	
3-282	2117-2118	,	
3-283	2119-2121	in	
3-284	2122-2133	fortitudine	
3-285	2134-2139	magna	
3-286	2139-2140	,	
3-287	2141-2143	et	
3-288	2144-2146	in	
3-289	2147-2151	manu	
3-290	2152-2159	robusta	
3-291	2160-2161	?	

#Text=12 Ne quæso dicant Ægyptii : Callide eduxit eos, ut interficeret in montibus, et deleret e terra : quiescat ira tua, et esto placabilis super nequitia populi tui.
#Text=13 Recordare Abraham, Isaac, et Israël servorum tuorum, quibus jurasti per temetipsum, dicens : Multiplicabo semen vestrum sicut stellas cæli ; et universam terram hanc, de qua locutus sum, dabo semini vestro, et possidebitis eam semper.
#Text=14 Placatusque est Dominus ne faceret malum quod locutus fuerat adversus populum suum.
#Text=15 Et reversus est Moyses de monte, portans duas tabulas testimonii in manu sua, scriptas ex utraque parte, 16 et factas opere Dei : scriptura quoque Dei erat sculpta in tabulis.
#Text=17 Audiens autem Josue tumultum populi vociferantis, dixit ad Moysen : Ululatus pugnæ auditur in castris.
4-1	2162-2164	12	
4-2	2165-2167	Ne	
4-3	2168-2173	quæso	
4-4	2174-2180	dicant	
4-5	2181-2188	Ægyptii	
4-6	2189-2190	:	
4-7	2191-2198	Callide	
4-8	2199-2205	eduxit	
4-9	2206-2209	eos	
4-10	2209-2210	,	
4-11	2211-2213	ut	
4-12	2214-2226	interficeret	
4-13	2227-2229	in	
4-14	2230-2238	montibus	
4-15	2238-2239	,	
4-16	2240-2242	et	
4-17	2243-2250	deleret	
4-18	2251-2252	e	
4-19	2253-2258	terra	
4-20	2259-2260	:	
4-21	2261-2269	quiescat	
4-22	2270-2273	ira	
4-23	2274-2277	tua	
4-24	2277-2278	,	
4-25	2279-2281	et	
4-26	2282-2286	esto	
4-27	2287-2297	placabilis	
4-28	2298-2303	super	
4-29	2304-2312	nequitia	
4-30	2313-2319	populi	
4-31	2320-2323	tui	
4-32	2323-2324	.	
4-33	2325-2327	13	
4-34	2328-2337	Recordare	
4-35	2338-2345	Abraham	
4-36	2345-2346	,	
4-37	2347-2352	Isaac	
4-38	2352-2353	,	
4-39	2354-2356	et	
4-40	2357-2363	Israël	
4-41	2364-2372	servorum	
4-42	2373-2379	tuorum	
4-43	2379-2380	,	
4-44	2381-2387	quibus	
4-45	2388-2395	jurasti	
4-46	2396-2399	per	
4-47	2400-2410	temetipsum	
4-48	2410-2411	,	
4-49	2412-2418	dicens	
4-50	2419-2420	:	
4-51	2421-2433	Multiplicabo	
4-52	2434-2439	semen	
4-53	2440-2447	vestrum	
4-54	2448-2453	sicut	
4-55	2454-2461	stellas	
4-56	2462-2466	cæli	
4-57	2467-2468	;	
4-58	2469-2471	et	
4-59	2472-2481	universam	
4-60	2482-2488	terram	
4-61	2489-2493	hanc	
4-62	2493-2494	,	
4-63	2495-2497	de	
4-64	2498-2501	qua	
4-65	2502-2509	locutus	
4-66	2510-2513	sum	
4-67	2513-2514	,	
4-68	2515-2519	dabo	
4-69	2520-2526	semini	
4-70	2527-2533	vestro	
4-71	2533-2534	,	
4-72	2535-2537	et	
4-73	2538-2550	possidebitis	
4-74	2551-2554	eam	
4-75	2555-2561	semper	
4-76	2561-2562	.	
4-77	2563-2565	14	
4-78	2566-2577	Placatusque	
4-79	2578-2581	est	
4-80	2582-2589	Dominus	
4-81	2590-2592	ne	
4-82	2593-2600	faceret	
4-83	2601-2606	malum	
4-84	2607-2611	quod	
4-85	2612-2619	locutus	
4-86	2620-2626	fuerat	
4-87	2627-2635	adversus	
4-88	2636-2643	populum	
4-89	2644-2648	suum	
4-90	2648-2649	.	
4-91	2650-2652	15	
4-92	2653-2655	Et	
4-93	2656-2664	reversus	
4-94	2665-2668	est	
4-95	2669-2675	Moyses	
4-96	2676-2678	de	
4-97	2679-2684	monte	
4-98	2684-2685	,	
4-99	2686-2693	portans	
4-100	2694-2698	duas	
4-101	2699-2706	tabulas	
4-102	2707-2717	testimonii	
4-103	2718-2720	in	
4-104	2721-2725	manu	
4-105	2726-2729	sua	
4-106	2729-2730	,	
4-107	2731-2739	scriptas	
4-108	2740-2742	ex	
4-109	2743-2750	utraque	
4-110	2751-2756	parte	
4-111	2756-2757	,	
4-112	2758-2760	16	
4-113	2761-2763	et	
4-114	2764-2770	factas	
4-115	2771-2776	opere	
4-116	2777-2780	Dei	
4-117	2781-2782	:	
4-118	2783-2792	scriptura	
4-119	2793-2799	quoque	
4-120	2800-2803	Dei	
4-121	2804-2808	erat	
4-122	2809-2816	sculpta	
4-123	2817-2819	in	
4-124	2820-2827	tabulis	
4-125	2827-2828	.	
4-126	2829-2831	17	
4-127	2832-2839	Audiens	
4-128	2840-2845	autem	
4-129	2846-2851	Josue	
4-130	2852-2860	tumultum	
4-131	2861-2867	populi	
4-132	2868-2880	vociferantis	
4-133	2880-2881	,	
4-134	2882-2887	dixit	
4-135	2888-2890	ad	
4-136	2891-2897	Moysen	
4-137	2898-2899	:	
4-138	2900-2908	Ululatus	
4-139	2909-2914	pugnæ	
4-140	2915-2922	auditur	
4-141	2923-2925	in	
4-142	2926-2933	castris	
4-143	2933-2934	.	
