#FORMAT=WebAnno TSV 3.3
#T_SP=custom.Span|label


#Text=Schriften
#Text=\f
#Text=[[
#Text=48]/0410
#Text=]
#Text=
#Text=Regiſter.
1-1	3-12	Schriften	_	
1-2	15-16	[	_	
1-3	16-17	[	_	
1-4	18-20	48	_	
1-5	20-21	]	_	
1-6	21-22	/	_	
1-7	22-26	0410	_	
1-8	27-28	]	_	
1-9	30-38	Regiſter	_	
1-10	38-39	.	_	

#Text=Schrifften da das Feld ſchwartz
#Text=und die Buchſtaben weiß
#Text=ſind 5
#Text=
#Text=
#Text=‒ ſo durch Huͤlffe des Waſſers
#Text=
#Text=muͤſſen
#Text=geleſen werden 7
#Text=
#Text=‒ ſo durch Huͤlffe des Feuers
#Text=
#Text=muͤſſen geleſen wer-
#Text=
#Text=den 8
#Text=
#Text=‒ unſichtbar zu machen 9
#Text=
#Text=Schuch- und Stiffel-Wichſe (wohl-
#Text=riechende) zu machen 23
#Text=
#Text=Seyffe (wohlriechende)
#Text=zu ma-
#Text=chen 17 ſeq
2-1	43-53	Schrifften	_	
2-2	54-56	da	_	
2-3	57-60	das	_	
2-4	61-65	Feld	_	
2-5	66-74	ſchwartz	_	
2-6	75-78	und	_	
2-7	79-82	die	_	
2-8	83-93	Buchſtaben	_	
2-9	94-98	weiß	_	
2-10	99-103	ſind	_	
2-11	104-105	5	_	
2-12	108-109	‒	_	
2-13	110-112	ſo	_	
2-14	113-118	durch	_	
2-15	119-126	Huͤlffe	_	
2-16	127-130	des	_	
2-17	131-138	Waſſers	_	
2-18	140-147	muͤſſen	_	
2-19	148-155	geleſen	_	
2-20	156-162	werden	_	
2-21	163-164	7	_	
2-22	166-167	‒	_	
2-23	168-170	ſo	_	
2-24	171-176	durch	_	
2-25	177-184	Huͤlffe	_	
2-26	185-188	des	_	
2-27	189-195	Feuers	_	
2-28	197-204	muͤſſen	_	
2-29	205-212	geleſen	_	
2-30	213-216	wer	_	
2-31	216-217	-	_	
2-32	219-222	den	_	
2-33	223-224	8	_	
2-34	226-227	‒	_	
2-35	228-238	unſichtbar	_	
2-36	239-241	zu	_	
2-37	242-248	machen	_	
2-38	249-250	9	_	
2-39	252-258	Schuch	_	
2-40	258-259	-	_	
2-41	260-263	und	_	
2-42	264-278	Stiffel-Wichſe	_	
2-43	279-280	(	_	
2-44	280-284	wohl	_	
2-45	284-285	-	_	
2-46	286-295	riechende	_	
2-47	295-296	)	_	
2-48	297-299	zu	_	
2-49	300-306	machen	_	
2-50	307-309	23	_	
2-51	311-317	Seyffe	Smell\_Source	
2-52	318-319	(	_	
2-53	319-332	wohlriechende	Quality[1]|Smell\_Word[2]	
2-54	332-333	)	_	
2-55	334-336	zu	_	
2-56	337-339	ma	_	
2-57	339-340	-	_	
2-58	341-345	chen	_	
2-59	346-348	17	_	
2-60	349-352	ſeq	_	

#Text=.
3-1	352-353	.	_	

#Text=‒ Kugeln-wider
#Text=die Som-
#Text=mer-Flecken 18
#Text=
#Text=
#Text=Truncken zu machen ohne Scha-
#Text=den 37
#Text=
#Text=Trunckene nuͤchtern zu ma-
#Text=chen 38
#Text=
#Text=Waffen-verletzung/
#Text=ein Secret dar-
#Text=wider 30
#Text=
#Text=‒ verroſtete/ zu reinigen 31
#Text=
#Text=‒ fuͤr Koſt zu bewahren ibid.
4-1	357-358	‒	_	
4-2	359-371	Kugeln-wider	_	
4-3	372-375	die	_	
4-4	376-379	Som	_	
4-5	379-380	-	_	
4-6	381-392	mer-Flecken	_	
4-7	393-395	18	_	
4-8	398-406	Truncken	_	
4-9	407-409	zu	_	
4-10	410-416	machen	_	
4-11	417-421	ohne	_	
4-12	422-426	Scha	_	
4-13	426-427	-	_	
4-14	428-431	den	_	
4-15	432-434	37	_	
4-16	436-445	Trunckene	_	
4-17	446-455	nuͤchtern	_	
4-18	456-458	zu	_	
4-19	459-461	ma	_	
4-20	461-462	-	_	
4-21	463-467	chen	_	
4-22	468-470	38	_	
4-23	472-489	Waffen-verletzung	_	
4-24	489-490	/	_	
4-25	491-494	ein	_	
4-26	495-501	Secret	_	
4-27	502-505	dar	_	
4-28	505-506	-	_	
4-29	507-512	wider	_	
4-30	513-515	30	_	
4-31	517-518	‒	_	
4-32	519-529	verroſtete	_	
4-33	529-530	/	_	
4-34	531-533	zu	_	
4-35	534-542	reinigen	_	
4-36	543-545	31	_	
4-37	547-548	‒	_	
4-38	549-553	fuͤr	_	
4-39	554-558	Koſt	_	
4-40	559-561	zu	_	
4-41	562-570	bewahren	_	
4-42	571-575	ibid	_	
4-43	575-576	.	_	

#Text=ENDE
5-1	579-583	ENDE	_	

#Text=.
6-1	583-584	.	_	

#Text=[0411
#Text=]
7-1	590-591	[	_	
7-2	591-595	0411	_	
7-3	596-597	]	_	
