#FORMAT=WebAnno TSV 3.3


#Text=zulke Stukken by elkanderen te zien hangen met hunne toepassende
#Text=
#Text=een goed Meester kennen.
1-1	2-7	zulke	
1-2	8-15	Stukken	
1-3	16-18	by	
1-4	19-29	elkanderen	
1-5	30-32	te	
1-6	33-37	zien	
1-7	38-44	hangen	
1-8	45-48	met	
1-9	49-54	hunne	
1-10	55-66	toepassende	
1-11	68-71	een	
1-12	72-76	goed	
1-13	77-84	Meester	
1-14	85-91	kennen	
1-15	91-92	.	

#Text=stoffagien, als volgt
2-1	94-104	stoffagien	
2-2	104-105	,	
2-3	106-109	als	
2-4	110-115	volgt	

#Text=.
3-1	115-116	.	

#Text=+
#Text=
#Text=
#Text=In een betrokkene lucht, daar de herders, bedugt voor de reegen of andere
#Text=+
#Text=ontstaande ongemakken, hunne goederen pakken;
#Text=de schaapen zich van alle
#Text=Dezelve in vier Stukken
#Text=onderscheiden
#Text=
#Text=met hunne
#Text=kanten by hen komen verzaamelen, als lusteloos met de hoofden hangende;
#Text=
#Text=toepassende
#Text=Stoffa.
4-1	118-119	+	
4-2	122-124	In	
4-3	125-128	een	
4-4	129-139	betrokkene	
4-5	140-145	lucht	
4-6	145-146	,	
4-7	147-151	daar	
4-8	152-154	de	
4-9	155-162	herders	
4-10	162-163	,	
4-11	164-170	bedugt	
4-12	171-175	voor	
4-13	176-178	de	
4-14	179-185	reegen	
4-15	186-188	of	
4-16	189-195	andere	
4-17	196-197	+	
4-18	198-208	ontstaande	
4-19	209-219	ongemakken	
4-20	219-220	,	
4-21	221-226	hunne	
4-22	227-235	goederen	
4-23	236-242	pakken	
4-24	242-243	;	
4-25	244-246	de	
4-26	247-255	schaapen	
4-27	256-260	zich	
4-28	261-264	van	
4-29	265-269	alle	
4-30	270-277	Dezelve	
4-31	278-280	in	
4-32	281-285	vier	
4-33	286-293	Stukken	
4-34	294-307	onderscheiden	
4-35	309-312	met	
4-36	313-318	hunne	
4-37	319-325	kanten	
4-38	326-328	by	
4-39	329-332	hen	
4-40	333-338	komen	
4-41	339-350	verzaamelen	
4-42	350-351	,	
4-43	352-355	als	
4-44	356-365	lusteloos	
4-45	366-369	met	
4-46	370-372	de	
4-47	373-380	hoofden	
4-48	381-389	hangende	
4-49	389-390	;	
4-50	392-403	toepassende	
4-51	404-410	Stoffa	
4-52	410-411	.	

#Text=gien.
5-1	413-417	gien	
5-2	417-418	.	

#Text=welke zy met 'er haast in de bosschen dryven geduurig na de lucht ziende.
6-1	420-425	welke	
6-2	426-428	zy	
6-3	429-432	met	
6-4	433-434	'	
6-5	434-436	er	
6-6	437-442	haast	
6-7	443-445	in	
6-8	446-448	de	
6-9	449-457	bosschen	
6-10	458-464	dryven	
6-11	465-473	geduurig	
6-12	474-476	na	
6-13	477-479	de	
6-14	480-485	lucht	
6-15	486-492	ziende	
6-16	492-493	.	

#Text=In 't
#Text=kort, men bespeurt 'er een groot gewoel, en ieder in beweeging.
7-1	494-496	In	
7-2	497-498	'	
7-3	498-499	t	
7-4	500-504	kort	
7-5	504-505	,	
7-6	506-509	men	
7-7	510-518	bespeurt	
7-8	519-520	'	
7-9	520-522	er	
7-10	523-526	een	
7-11	527-532	groot	
7-12	533-539	gewoel	
7-13	539-540	,	
7-14	541-543	en	
7-15	544-549	ieder	
7-16	550-552	in	
7-17	553-562	beweeging	
7-18	562-563	.	

#Text=In een helder weêr, daar op d'eene plaats de herders hand aan hand wandelen;
#Text=
#Text=zittende eenige anderen hier en daar by een fontein te kouten.
8-1	566-568	In	
8-2	569-572	een	
8-3	573-579	helder	
8-4	580-584	weêr	
8-5	584-585	,	
8-6	586-590	daar	
8-7	591-593	op	
8-8	594-600	d'eene	
8-9	601-607	plaats	
8-10	608-610	de	
8-11	611-618	herders	
8-12	619-623	hand	
8-13	624-627	aan	
8-14	628-632	hand	
8-15	633-641	wandelen	
8-16	641-642	;	
8-17	644-652	zittende	
8-18	653-659	eenige	
8-19	660-667	anderen	
8-20	668-672	hier	
8-21	673-675	en	
8-22	676-680	daar	
8-23	681-683	by	
8-24	684-687	een	
8-25	688-695	fontein	
8-26	696-698	te	
8-27	699-705	kouten	
8-28	705-706	.	

#Text=Een derde troep
#Text=vermaakt zich op een vrolyke wyze met zingen en springen; waar by men eenigen
#Text=op een dwarsfluit, schalmey, rietpyp of stroohalm, instrumenten den landlieden
#Text=eigen, ziet speelen;
#Text=terwyl hunne kudden onbevreesd in het veld loopen graazen.
9-1	707-710	Een	
9-2	711-716	derde	
9-3	717-722	troep	
9-4	723-731	vermaakt	
9-5	732-736	zich	
9-6	737-739	op	
9-7	740-743	een	
9-8	744-751	vrolyke	
9-9	752-756	wyze	
9-10	757-760	met	
9-11	761-767	zingen	
9-12	768-770	en	
9-13	771-779	springen	
9-14	779-780	;	
9-15	781-785	waar	
9-16	786-788	by	
9-17	789-792	men	
9-18	793-800	eenigen	
9-19	801-803	op	
9-20	804-807	een	
9-21	808-818	dwarsfluit	
9-22	818-819	,	
9-23	820-828	schalmey	
9-24	828-829	,	
9-25	830-837	rietpyp	
9-26	838-840	of	
9-27	841-850	stroohalm	
9-28	850-851	,	
9-29	852-864	instrumenten	
9-30	865-868	den	
9-31	869-879	landlieden	
9-32	880-885	eigen	
9-33	885-886	,	
9-34	887-891	ziet	
9-35	892-899	speelen	
9-36	899-900	;	
9-37	901-907	terwyl	
9-38	908-913	hunne	
9-39	914-920	kudden	
9-40	921-931	onbevreesd	
9-41	932-934	in	
9-42	935-938	het	
9-43	939-943	veld	
9-44	944-950	loopen	
9-45	951-958	graazen	
9-46	958-959	.	

#Text=In een zonneschyn, daar de herders en herderinnen zitten te rusten onder hunne
#Text=gespannene kleederen;
#Text=eenige aan een watervalletje zich wassende;
10-1	962-964	In	
10-2	965-968	een	
10-3	969-979	zonneschyn	
10-4	979-980	,	
10-5	981-985	daar	
10-6	986-988	de	
10-7	989-996	herders	
10-8	997-999	en	
10-9	1000-1011	herderinnen	
10-10	1012-1018	zitten	
10-11	1019-1021	te	
10-12	1022-1028	rusten	
10-13	1029-1034	onder	
10-14	1035-1040	hunne	
10-15	1041-1051	gespannene	
10-16	1052-1061	kleederen	
10-17	1061-1062	;	
10-18	1063-1069	eenige	
10-19	1070-1073	aan	
10-20	1074-1077	een	
10-21	1078-1091	watervalletje	
10-22	1092-1096	zich	
10-23	1097-1105	wassende	
10-24	1105-1106	;	
