#FORMAT=WebAnno TSV 3.3


#Text=op vers 6.
1-1	2-4	op	
1-2	5-9	vers	
1-3	10-11	6	
1-4	11-12	.	

#Text=Hier wort nu gesproken van eene gelijckenisse des selven uytspansels, die den Propheet in dit gesichte vertoont is geweest, ende volgens niet en was eene sake, die in hare nature ende wesen gedurigh bleef, maer eene gedaente daer van.
#Text=uytspansels gelijck Hebr.
#Text=ooge.
#Text=siet bov.
#Text=op vers 4.
#Text=de verwe van het Of, van vreeselick ys.
2-1	13-17	Hier	
2-2	18-22	wort	
2-3	23-25	nu	
2-4	26-35	gesproken	
2-5	36-39	van	
2-6	40-44	eene	
2-7	45-58	gelijckenisse	
2-8	59-62	des	
2-9	63-69	selven	
2-10	70-81	uytspansels	
2-11	81-82	,	
2-12	83-86	die	
2-13	87-90	den	
2-14	91-99	Propheet	
2-15	100-102	in	
2-16	103-106	dit	
2-17	107-115	gesichte	
2-18	116-124	vertoont	
2-19	125-127	is	
2-20	128-135	geweest	
2-21	135-136	,	
2-22	137-141	ende	
2-23	142-149	volgens	
2-24	150-154	niet	
2-25	155-157	en	
2-26	158-161	was	
2-27	162-166	eene	
2-28	167-171	sake	
2-29	171-172	,	
2-30	173-176	die	
2-31	177-179	in	
2-32	180-184	hare	
2-33	185-191	nature	
2-34	192-196	ende	
2-35	197-202	wesen	
2-36	203-211	gedurigh	
2-37	212-217	bleef	
2-38	217-218	,	
2-39	219-223	maer	
2-40	224-228	eene	
2-41	229-237	gedaente	
2-42	238-242	daer	
2-43	243-246	van	
2-44	246-247	.	
2-45	248-259	uytspansels	
2-46	260-267	gelijck	
2-47	268-272	Hebr	
2-48	272-273	.	
2-49	274-278	ooge	
2-50	278-279	.	
2-51	280-284	siet	
2-52	285-288	bov	
2-53	288-289	.	
2-54	290-292	op	
2-55	293-297	vers	
2-56	298-299	4	
2-57	299-300	.	
2-58	301-303	de	
2-59	304-309	verwe	
2-60	310-313	van	
2-61	314-317	het	
2-62	318-320	Of	
2-63	320-321	,	
2-64	322-325	van	
2-65	326-336	vreeselick	
2-66	337-339	ys	
2-67	339-340	.	

#Text=Want het woort kerach wort meest voor ys genomen:
#Text=maer
#Text=het is hier van de Uytleggers kristal overgeset:
#Text=gelijck oock het selve is als ys in een steen verhardt, seer helder, klaer, ende doorluchtigh:
#Text=soo dat de gedaente deses uytspansels is geweest, als een doorschijnende ys, van sulcke nette helderheyt, dattet schrickelick was om sien, waerom oock ’t selve hier vreeselick genaemt wort.
3-1	341-345	Want	
3-2	346-349	het	
3-3	350-355	woort	
3-4	356-362	kerach	
3-5	363-367	wort	
3-6	368-373	meest	
3-7	374-378	voor	
3-8	379-381	ys	
3-9	382-389	genomen	
3-10	389-390	:	
3-11	391-395	maer	
3-12	396-399	het	
3-13	400-402	is	
3-14	403-407	hier	
3-15	408-411	van	
3-16	412-414	de	
3-17	415-425	Uytleggers	
3-18	426-433	kristal	
3-19	434-443	overgeset	
3-20	443-444	:	
3-21	445-452	gelijck	
3-22	453-457	oock	
3-23	458-461	het	
3-24	462-467	selve	
3-25	468-470	is	
3-26	471-474	als	
3-27	475-477	ys	
3-28	478-480	in	
3-29	481-484	een	
3-30	485-490	steen	
3-31	491-499	verhardt	
3-32	499-500	,	
3-33	501-505	seer	
3-34	506-512	helder	
3-35	512-513	,	
3-36	514-519	klaer	
3-37	519-520	,	
3-38	521-525	ende	
3-39	526-538	doorluchtigh	
3-40	538-539	:	
3-41	540-543	soo	
3-42	544-547	dat	
3-43	548-550	de	
3-44	551-559	gedaente	
3-45	560-565	deses	
3-46	566-577	uytspansels	
3-47	578-580	is	
3-48	581-588	geweest	
3-49	588-589	,	
3-50	590-593	als	
3-51	594-597	een	
3-52	598-612	doorschijnende	
3-53	613-615	ys	
3-54	615-616	,	
3-55	617-620	van	
3-56	621-627	sulcke	
3-57	628-633	nette	
3-58	634-644	helderheyt	
3-59	644-645	,	
3-60	646-652	dattet	
3-61	653-665	schrickelick	
3-62	666-669	was	
3-63	670-672	om	
3-64	673-677	sien	
3-65	677-678	,	
3-66	679-685	waerom	
3-67	686-690	oock	
3-68	691-692	’	
3-69	692-693	t	
3-70	694-699	selve	
3-71	700-704	hier	
3-72	705-715	vreeselick	
3-73	716-723	genaemt	
3-74	724-728	wort	
3-75	728-729	.	

#Text=Dit uytspansel was over de hoofden der dieren, ofte Engelen; te verstaen gevende, dat de Heere, al wat daer onder was, daer door bequamelick konde sien, ende dat de Engelen sijne Majesteyt, die daer boven was, eenighsins konden aenschouwen.
#Text=vreeslicke
#Text=kristal:
#Text=van boven af over hare hoofden uytgespreyt.
#Text=
#Text=23
#Text=
#Text=Ende
#Text=onder dat uytspansel waren hare vleugelen D. opwaerts verheven.
#Text=siet bov.
4-1	730-733	Dit	
4-2	734-744	uytspansel	
4-3	745-748	was	
4-4	749-753	over	
4-5	754-756	de	
4-6	757-764	hoofden	
4-7	765-768	der	
4-8	769-775	dieren	
4-9	775-776	,	
4-10	777-781	ofte	
4-11	782-789	Engelen	
4-12	789-790	;	
4-13	791-793	te	
4-14	794-802	verstaen	
4-15	803-810	gevende	
4-16	810-811	,	
4-17	812-815	dat	
4-18	816-818	de	
4-19	819-824	Heere	
4-20	824-825	,	
4-21	826-828	al	
4-22	829-832	wat	
4-23	833-837	daer	
4-24	838-843	onder	
4-25	844-847	was	
4-26	847-848	,	
4-27	849-853	daer	
4-28	854-858	door	
4-29	859-870	bequamelick	
4-30	871-876	konde	
4-31	877-881	sien	
4-32	881-882	,	
4-33	883-887	ende	
4-34	888-891	dat	
4-35	892-894	de	
4-36	895-902	Engelen	
4-37	903-908	sijne	
4-38	909-918	Majesteyt	
4-39	918-919	,	
4-40	920-923	die	
4-41	924-928	daer	
4-42	929-934	boven	
4-43	935-938	was	
4-44	938-939	,	
4-45	940-950	eenighsins	
4-46	951-957	konden	
4-47	958-969	aenschouwen	
4-48	969-970	.	
4-49	971-981	vreeslicke	
4-50	982-989	kristal	
4-51	989-990	:	
4-52	991-994	van	
4-53	995-1000	boven	
4-54	1001-1003	af	
4-55	1004-1008	over	
4-56	1009-1013	hare	
4-57	1014-1021	hoofden	
4-58	1022-1033	uytgespreyt	
4-59	1033-1034	.	
4-60	1036-1038	23	
4-61	1040-1044	Ende	
4-62	1045-1050	onder	
4-63	1051-1054	dat	
4-64	1055-1065	uytspansel	
4-65	1066-1071	waren	
4-66	1072-1076	hare	
4-67	1077-1086	vleugelen	
4-68	1087-1088	D	
4-69	1088-1089	.	
4-70	1090-1098	opwaerts	
4-71	1099-1107	verheven	
4-72	1107-1108	.	
4-73	1109-1113	siet	
4-74	1114-1117	bov	
4-75	1117-1118	.	
