#FORMAT=WebAnno TSV 3.3


#Text=Venus is koud, vochtig, gematigd, goedaardig en waterachtig.
1-1	2-7	Venus	
1-2	8-10	is	
1-3	11-15	koud	
1-4	15-16	,	
1-5	17-24	vochtig	
1-6	24-25	,	
1-7	26-34	gematigd	
1-8	34-35	,	
1-9	36-46	goedaardig	
1-10	47-49	en	
1-11	50-61	waterachtig	
1-12	61-62	.	

#Text=De Maan koud, vochtig en waterig.
2-1	64-66	De	
2-2	67-71	Maan	
2-3	72-76	koud	
2-4	76-77	,	
2-5	78-85	vochtig	
2-6	86-88	en	
2-7	89-96	waterig	
2-8	96-97	.	

#Text=Merkurius veranderlyk en onbestendig, aannemende de natuur en gemene
#Text=gesteltheid der andere sterren, by dewelke hy naast staat, goed met de goeden, en
#Text=kwaad met de kwaden, doende geen andere werking dan de kracht der andere Sterren
#Text=vermeerderen.
3-1	99-108	Merkurius	
3-2	109-120	veranderlyk	
3-3	121-123	en	
3-4	124-135	onbestendig	
3-5	135-136	,	
3-6	137-147	aannemende	
3-7	148-150	de	
3-8	151-157	natuur	
3-9	158-160	en	
3-10	161-167	gemene	
3-11	168-179	gesteltheid	
3-12	180-183	der	
3-13	184-190	andere	
3-14	191-198	sterren	
3-15	198-199	,	
3-16	200-202	by	
3-17	203-210	dewelke	
3-18	211-213	hy	
3-19	214-219	naast	
3-20	220-225	staat	
3-21	225-226	,	
3-22	227-231	goed	
3-23	232-235	met	
3-24	236-238	de	
3-25	239-245	goeden	
3-26	245-246	,	
3-27	247-249	en	
3-28	250-255	kwaad	
3-29	256-259	met	
3-30	260-262	de	
3-31	263-269	kwaden	
3-32	269-270	,	
3-33	271-277	doende	
3-34	278-282	geen	
3-35	283-289	andere	
3-36	290-297	werking	
3-37	298-301	dan	
3-38	302-304	de	
3-39	305-311	kracht	
3-40	312-315	der	
3-41	316-322	andere	
3-42	323-330	Sterren	
3-43	331-343	vermeerderen	
3-44	343-344	.	

#Text=Op zulke en dergelyke gronden is deze Sterrewaan gebouwd, welker valsheid met
#Text=goede gronden te wederleggen, onnodig is.
4-1	347-349	Op	
4-2	350-355	zulke	
4-3	356-358	en	
4-4	359-368	dergelyke	
4-5	369-376	gronden	
4-6	377-379	is	
4-7	380-384	deze	
4-8	385-395	Sterrewaan	
4-9	396-403	gebouwd	
4-10	403-404	,	
4-11	405-411	welker	
4-12	412-420	valsheid	
4-13	421-424	met	
4-14	425-430	goede	
4-15	431-438	gronden	
4-16	439-441	te	
4-17	442-453	wederleggen	
4-18	453-454	,	
4-19	455-462	onnodig	
4-20	463-465	is	
4-21	465-466	.	

#Text=Zie nu eens,
#Text=
#Text=M.
5-1	467-470	Zie	
5-2	471-473	nu	
5-3	474-478	eens	
5-4	478-479	,	
5-5	481-482	M	
5-6	482-483	.	

#Text=Noel Chomel, Huishoudelyk woordboek
#Text=
#Text=\f
#Text=1046
#Text=op wat wyze deze Meesters hunne voorzeggingen opmaken.
6-1	484-488	Noel	
6-2	489-495	Chomel	
6-3	495-496	,	
6-4	497-509	Huishoudelyk	
6-5	510-519	woordboek	
6-6	523-527	1046	
6-7	528-530	op	
6-8	531-534	wat	
6-9	535-539	wyze	
6-10	540-544	deze	
6-11	545-553	Meesters	
6-12	554-559	hunne	
6-13	560-573	voorzeggingen	
6-14	574-581	opmaken	
6-15	581-582	.	

#Text=Voorbeelden der Voorzeggingen uit de Sterren.
7-1	585-596	Voorbeelden	
7-2	597-600	der	
7-3	601-614	Voorzeggingen	
7-4	615-618	uit	
7-5	619-621	de	
7-6	622-629	Sterren	
7-7	629-630	.	

#Text=Saturnus met Jupiter samenkomende in de warme tekenen, veroorzaakt grote droogte,
#Text=gedurende enige dagen voor en na die samenkomst; en in de vochtige tekenen gedurige
#Text=overstromingen en watervloeden, dewyl ze dan lang by een blyven wegens hun
#Text=langzame beweging.
8-1	632-640	Saturnus	
8-2	641-644	met	
8-3	645-652	Jupiter	
8-4	653-665	samenkomende	
8-5	666-668	in	
8-6	669-671	de	
8-7	672-677	warme	
8-8	678-685	tekenen	
8-9	685-686	,	
8-10	687-698	veroorzaakt	
8-11	699-704	grote	
8-12	705-712	droogte	
8-13	712-713	,	
8-14	714-723	gedurende	
8-15	724-729	enige	
8-16	730-735	dagen	
8-17	736-740	voor	
8-18	741-743	en	
8-19	744-746	na	
8-20	747-750	die	
8-21	751-761	samenkomst	
8-22	761-762	;	
8-23	763-765	en	
8-24	766-768	in	
8-25	769-771	de	
8-26	772-780	vochtige	
8-27	781-788	tekenen	
8-28	789-797	gedurige	
8-29	798-812	overstromingen	
8-30	813-815	en	
8-31	816-828	watervloeden	
8-32	828-829	,	
8-33	830-835	dewyl	
8-34	836-838	ze	
8-35	839-842	dan	
8-36	843-847	lang	
8-37	848-850	by	
8-38	851-854	een	
8-39	855-861	blyven	
8-40	862-868	wegens	
8-41	869-872	hun	
8-42	873-881	langzame	
8-43	882-890	beweging	
8-44	890-891	.	

#Text=De Maan samenkomende met Saturnus, of tegen hem overstaande, of een vierde
#Text=van een rond met hem uitmakende, in de vochtige tekenen, maakt een kouden en
#Text=donkeren dag, volgens de natuur van dat teiken.
9-1	893-895	De	
9-2	896-900	Maan	
9-3	901-913	samenkomende	
9-4	914-917	met	
9-5	918-926	Saturnus	
9-6	926-927	,	
9-7	928-930	of	
9-8	931-936	tegen	
9-9	937-940	hem	
9-10	941-952	overstaande	
9-11	952-953	,	
9-12	954-956	of	
9-13	957-960	een	
9-14	961-967	vierde	
9-15	968-971	van	
9-16	972-975	een	
9-17	976-980	rond	
9-18	981-984	met	
9-19	985-988	hem	
9-20	989-999	uitmakende	
9-21	999-1000	,	
9-22	1001-1003	in	
9-23	1004-1006	de	
9-24	1007-1015	vochtige	
9-25	1016-1023	tekenen	
9-26	1023-1024	,	
9-27	1025-1030	maakt	
9-28	1031-1034	een	
9-29	1035-1041	kouden	
9-30	1042-1044	en	
9-31	1045-1053	donkeren	
9-32	1054-1057	dag	
9-33	1057-1058	,	
9-34	1059-1066	volgens	
9-35	1067-1069	de	
9-36	1070-1076	natuur	
9-37	1077-1080	van	
9-38	1081-1084	dat	
9-39	1085-1091	teiken	
9-40	1091-1092	.	

#Text=En zo de Maan Saturnus verlatende
#Text=in het zelve aanschyn komt met de Zon, volgt’er een grote en aanmerkelyke
#Text=verandering in de lucht, vooral zo de bovenste Dwaalsterren tegen over deze twe
#Text=staan, of om 90, of 60.
#Text=graden daar van.
10-1	1093-1095	En	
10-2	1096-1098	zo	
10-3	1099-1101	de	
10-4	1102-1106	Maan	
10-5	1107-1115	Saturnus	
10-6	1116-1126	verlatende	
10-7	1127-1129	in	
10-8	1130-1133	het	
10-9	1134-1139	zelve	
10-10	1140-1148	aanschyn	
10-11	1149-1153	komt	
10-12	1154-1157	met	
10-13	1158-1160	de	
10-14	1161-1164	Zon	
10-15	1164-1165	,	
10-16	1166-1171	volgt	
10-17	1171-1172	’	
10-18	1172-1174	er	
10-19	1175-1178	een	
10-20	1179-1184	grote	
10-21	1185-1187	en	
10-22	1188-1200	aanmerkelyke	
10-23	1201-1212	verandering	
10-24	1213-1215	in	
10-25	1216-1218	de	
10-26	1219-1224	lucht	
10-27	1224-1225	,	
10-28	1226-1232	vooral	
10-29	1233-1235	zo	
10-30	1236-1238	de	
10-31	1239-1247	bovenste	
10-32	1248-1260	Dwaalsterren	
10-33	1261-1266	tegen	
10-34	1267-1271	over	
10-35	1272-1276	deze	
10-36	1277-1280	twe	
10-37	1281-1286	staan	
10-38	1286-1287	,	
10-39	1288-1290	of	
10-40	1291-1293	om	
10-41	1294-1296	90	
10-42	1296-1297	,	
10-43	1298-1300	of	
10-44	1301-1303	60	
10-45	1303-1304	.	
10-46	1305-1311	graden	
10-47	1312-1316	daar	
10-48	1317-1320	van	
10-49	1320-1321	.	

#Text=Wat nu het weer aangaat, en ’t jaargetyde,
#Text=dat kan men nog al door de vingeren zien, alzo’er toch geen kwaad in steekt:
#Text=Maar
#Text=deze Sterrekykers gaan verder, en willen ook het geluk en ongeluk der Menschen,
#Text=hunnen aart, neiging, ziekten en sterfdag weten te zeggen, als ze den dag en uur van
#Text=iemants geboorte weten.
11-1	1322-1325	Wat	
11-2	1326-1328	nu	
11-3	1329-1332	het	
11-4	1333-1337	weer	
11-5	1338-1345	aangaat	
11-6	1345-1346	,	
11-7	1347-1349	en	
11-8	1350-1351	’	
11-9	1351-1352	t	
11-10	1353-1363	jaargetyde	
11-11	1363-1364	,	
11-12	1365-1368	dat	
11-13	1369-1372	kan	
11-14	1373-1376	men	
11-15	1377-1380	nog	
11-16	1381-1383	al	
11-17	1384-1388	door	
11-18	1389-1391	de	
11-19	1392-1400	vingeren	
11-20	1401-1405	zien	
11-21	1405-1406	,	
11-22	1407-1411	alzo	
11-23	1411-1412	’	
11-24	1412-1414	er	
11-25	1415-1419	toch	
11-26	1420-1424	geen	
11-27	1425-1430	kwaad	
11-28	1431-1433	in	
11-29	1434-1440	steekt	
11-30	1440-1441	:	
11-31	1442-1446	Maar	
11-32	1447-1451	deze	
11-33	1452-1464	Sterrekykers	
11-34	1465-1469	gaan	
11-35	1470-1476	verder	
11-36	1476-1477	,	
11-37	1478-1480	en	
11-38	1481-1487	willen	
11-39	1488-1491	ook	
11-40	1492-1495	het	
11-41	1496-1501	geluk	
11-42	1502-1504	en	
11-43	1505-1512	ongeluk	
11-44	1513-1516	der	
11-45	1517-1525	Menschen	
11-46	1525-1526	,	
11-47	1527-1533	hunnen	
11-48	1534-1538	aart	
11-49	1538-1539	,	
11-50	1540-1547	neiging	
11-51	1547-1548	,	
11-52	1549-1556	ziekten	
11-53	1557-1559	en	
11-54	1560-1568	sterfdag	
11-55	1569-1574	weten	
11-56	1575-1577	te	
11-57	1578-1584	zeggen	
11-58	1584-1585	,	
11-59	1586-1589	als	
11-60	1590-1592	ze	
11-61	1593-1596	den	
11-62	1597-1600	dag	
11-63	1601-1603	en	
11-64	1604-1607	uur	
11-65	1608-1611	van	
11-66	1612-1619	iemants	
11-67	1620-1628	geboorte	
11-68	1629-1634	weten	
11-69	1634-1635	.	

#Text=In oude tyden ging deze neuswyze en zondige kunst meer
#Text=in zwang;
#Text=en ’t gene haar in achting bracht, was aan de ene kant, dat men hun bedrog
#Text=en valsche voorzeggingen schielyk vergat; en aan de andere, dat als het voorzeide,
#Text=of by geval, of door GODES toelating gebeurde, zulks overal werd uitgetrompet; en
#Text=waar het mogelyk, vereeuwigd.
12-1	1636-1638	In	
12-2	1639-1643	oude	
12-3	1644-1649	tyden	
12-4	1650-1654	ging	
12-5	1655-1659	deze	
12-6	1660-1668	neuswyze	
12-7	1669-1671	en	
12-8	1672-1679	zondige	
12-9	1680-1685	kunst	
12-10	1686-1690	meer	
12-11	1691-1693	in	
12-12	1694-1699	zwang	
12-13	1699-1700	;	
12-14	1701-1703	en	
12-15	1704-1705	’	
12-16	1705-1706	t	
12-17	1707-1711	gene	
12-18	1712-1716	haar	
12-19	1717-1719	in	
12-20	1720-1727	achting	
12-21	1728-1734	bracht	
12-22	1734-1735	,	
12-23	1736-1739	was	
12-24	1740-1743	aan	
12-25	1744-1746	de	
12-26	1747-1750	ene	
12-27	1751-1755	kant	
12-28	1755-1756	,	
12-29	1757-1760	dat	
12-30	1761-1764	men	
12-31	1765-1768	hun	
12-32	1769-1775	bedrog	
12-33	1776-1778	en	
12-34	1779-1786	valsche	
12-35	1787-1800	voorzeggingen	
12-36	1801-1809	schielyk	
12-37	1810-1816	vergat	
12-38	1816-1817	;	
12-39	1818-1820	en	
12-40	1821-1824	aan	
12-41	1825-1827	de	
12-42	1828-1834	andere	
12-43	1834-1835	,	
12-44	1836-1839	dat	
12-45	1840-1843	als	
12-46	1844-1847	het	
12-47	1848-1857	voorzeide	
12-48	1857-1858	,	
12-49	1859-1861	of	
12-50	1862-1864	by	
12-51	1865-1870	geval	
12-52	1870-1871	,	
12-53	1872-1874	of	
12-54	1875-1879	door	
12-55	1880-1885	GODES	
12-56	1886-1895	toelating	
12-57	1896-1904	gebeurde	
12-58	1904-1905	,	
12-59	1906-1911	zulks	
12-60	1912-1918	overal	
12-61	1919-1923	werd	
12-62	1924-1936	uitgetrompet	
12-63	1936-1937	;	
12-64	1938-1940	en	
12-65	1941-1945	waar	
12-66	1946-1949	het	
12-67	1950-1957	mogelyk	
12-68	1957-1958	,	
12-69	1959-1969	vereeuwigd	
12-70	1969-1970	.	

#Text=Men verhaalt dat Cardanus hebbende zynen sterfdag
#Text=voorspelt, zich dood hongerde, en dus zichzelven om ’t leven bracht, om geen vals
#Text=Sterrekundige te schynen.
13-1	1971-1974	Men	
13-2	1975-1983	verhaalt	
13-3	1984-1987	dat	
13-4	1988-1996	Cardanus	
13-5	1997-2005	hebbende	
13-6	2006-2011	zynen	
13-7	2012-2020	sterfdag	
13-8	2021-2030	voorspelt	
13-9	2030-2031	,	
13-10	2032-2036	zich	
13-11	2037-2041	dood	
13-12	2042-2050	hongerde	
13-13	2050-2051	,	
13-14	2052-2054	en	
13-15	2055-2058	dus	
13-16	2059-2069	zichzelven	
13-17	2070-2072	om	
13-18	2073-2074	’	
13-19	2074-2075	t	
13-20	2076-2081	leven	
13-21	2082-2088	bracht	
13-22	2088-2089	,	
13-23	2090-2092	om	
13-24	2093-2097	geen	
13-25	2098-2102	vals	
13-26	2103-2116	Sterrekundige	
13-27	2117-2119	te	
13-28	2120-2127	schynen	
13-29	2127-2128	.	

#Text=sterrewiglary.
14-1	2130-2143	sterrewiglary	
14-2	2143-2144	.	

#Text=Zie sterrewaan.
15-1	2145-2148	Zie	
15-2	2149-2159	sterrewaan	
15-3	2159-2160	.	

#Text=sterrewyzer.
16-1	2162-2173	sterrewyzer	
16-2	2173-2174	.	
