#FORMAT=WebAnno TSV 3.3


#Text=Men heeft nog een Sphondelium, welke den naam van Panax Heraklium draagt.
1-1	4-7	Men	
1-2	8-13	heeft	
1-3	14-17	nog	
1-4	18-21	een	
1-5	22-33	Sphondelium	
1-6	33-34	,	
1-7	35-40	welke	
1-8	41-44	den	
1-9	45-49	naam	
1-10	50-53	van	
1-11	54-59	Panax	
1-12	60-69	Heraklium	
1-13	70-76	draagt	
1-14	76-77	.	

#Text=Zy is mede van de Planten, die hunne Bloemtrossen als een Zonnescherm dragen.
2-1	79-81	Zy	
2-2	82-84	is	
2-3	85-89	mede	
2-4	90-93	van	
2-5	94-96	de	
2-6	97-104	Planten	
2-7	104-105	,	
2-8	106-109	die	
2-9	110-115	hunne	
2-10	116-128	Bloemtrossen	
2-11	129-132	als	
2-12	133-136	een	
2-13	137-148	Zonnescherm	
2-14	149-155	dragen	
2-15	155-156	.	

#Text=Beschryving.
3-1	158-169	Beschryving	
3-2	169-170	.	

#Text=Zy geeft een hoge, grote, Kottoenachtige, witte, houtige Stengel,
#Text=grote, groe-
#Text=
#Text=M.
4-1	171-173	Zy	
4-2	174-179	geeft	
4-3	180-183	een	
4-4	184-188	hoge	
4-5	188-189	,	
4-6	190-195	grote	
4-7	195-196	,	
4-8	197-211	Kottoenachtige	
4-9	211-212	,	
4-10	213-218	witte	
4-11	218-219	,	
4-12	220-227	houtige	
4-13	228-235	Stengel	
4-14	235-236	,	
4-15	237-242	grote	
4-16	242-243	,	
4-17	244-248	groe	
4-18	248-249	-	
4-19	251-252	M	
4-20	252-253	.	

#Text=Noel Chomel, Huishoudelyk woordboek
#Text=
#Text=\f
#Text=1015
#Text=ne, ten merendeele ruwe Bladen, welke aan de voet der stam staan en op den grond
#Text=leggen, gelykende na die der Vygeboom, zynde in vyven verdeeld, en rondom
#Text=gesneden.
5-1	254-258	Noel	
5-2	259-265	Chomel	
5-3	265-266	,	
5-4	267-279	Huishoudelyk	
5-5	280-289	woordboek	
5-6	293-297	1015	
5-7	298-300	ne	
5-8	300-301	,	
5-9	302-305	ten	
5-10	306-316	merendeele	
5-11	317-321	ruwe	
5-12	322-328	Bladen	
5-13	328-329	,	
5-14	330-335	welke	
5-15	336-339	aan	
5-16	340-342	de	
5-17	343-347	voet	
5-18	348-351	der	
5-19	352-356	stam	
5-20	357-362	staan	
5-21	363-365	en	
5-22	366-368	op	
5-23	369-372	den	
5-24	373-378	grond	
5-25	379-385	leggen	
5-26	385-386	,	
5-27	387-396	gelykende	
5-28	397-399	na	
5-29	400-403	die	
5-30	404-407	der	
5-31	408-416	Vygeboom	
5-32	416-417	,	
5-33	418-423	zynde	
5-34	424-426	in	
5-35	427-432	vyven	
5-36	433-441	verdeeld	
5-37	441-442	,	
5-38	443-445	en	
5-39	446-452	rondom	
5-40	453-461	gesneden	
5-41	461-462	.	

#Text=Men heeft ook andere kleine Bladen rondom de Stengel, tot boven toe
#Text=
#Text=
#Text=daar men een tros heeft, als de Dillen.
6-1	463-466	Men	
6-2	467-472	heeft	
6-3	473-476	ook	
6-4	477-483	andere	
6-5	484-490	kleine	
6-6	491-497	Bladen	
6-7	498-504	rondom	
6-8	505-507	de	
6-9	508-515	Stengel	
6-10	515-516	,	
6-11	517-520	tot	
6-12	521-526	boven	
6-13	527-530	toe	
6-14	533-537	daar	
6-15	538-541	men	
6-16	542-545	een	
6-17	546-550	tros	
6-18	551-556	heeft	
6-19	556-557	,	
6-20	558-561	als	
6-21	562-564	de	
6-22	565-571	Dillen	
6-23	571-572	.	

#Text=Zy brengt gele Bloemen voort, en een kokend,
#Text=ruikend heet Zaad.
7-1	573-575	Zy	
7-2	576-582	brengt	
7-3	583-587	gele	
7-4	588-595	Bloemen	
7-5	596-601	voort	
7-6	601-602	,	
7-7	603-605	en	
7-8	606-609	een	
7-9	610-616	kokend	
7-10	616-617	,	
7-11	618-625	ruikend	
7-12	626-630	heet	
7-13	631-635	Zaad	
7-14	635-636	.	

#Text=De Wortel is lang, wit, geurig, met sap vervuld, dat men’er door
#Text=kerven uithaalt;
#Text=men noemt het Opopanax; het neemt de dikte van een Gom aan, die
#Text=geel op zyne oppervlakte wordt.
8-1	637-639	De	
8-2	640-646	Wortel	
8-3	647-649	is	
8-4	650-654	lang	
8-5	654-655	,	
8-6	656-659	wit	
8-7	659-660	,	
8-8	661-667	geurig	
8-9	667-668	,	
8-10	669-672	met	
8-11	673-676	sap	
8-12	677-684	vervuld	
8-13	684-685	,	
8-14	686-689	dat	
8-15	690-693	men	
8-16	693-694	’	
8-17	694-696	er	
8-18	697-701	door	
8-19	702-708	kerven	
8-20	709-717	uithaalt	
8-21	717-718	;	
8-22	719-722	men	
8-23	723-728	noemt	
8-24	729-732	het	
8-25	733-741	Opopanax	
8-26	741-742	;	
8-27	743-746	het	
8-28	747-752	neemt	
8-29	753-755	de	
8-30	756-761	dikte	
8-31	762-765	van	
8-32	766-769	een	
8-33	770-773	Gom	
8-34	774-777	aan	
8-35	777-778	,	
8-36	779-782	die	
8-37	783-787	geel	
8-38	788-790	op	
8-39	791-795	zyne	
8-40	796-807	oppervlakte	
8-41	808-813	wordt	
8-42	813-814	.	

#Text=Plaats.
9-1	816-822	Plaats	
9-2	822-823	.	

#Text=Deze Plant groeit in Cirene, Libie, Macedonie, Beotie, en naburige Plaatzen.
10-1	824-828	Deze	
10-2	829-834	Plant	
10-3	835-841	groeit	
10-4	842-844	in	
10-5	845-851	Cirene	
10-6	851-852	,	
10-7	853-858	Libie	
10-8	858-859	,	
10-9	860-869	Macedonie	
10-10	869-870	,	
10-11	871-877	Beotie	
10-12	877-878	,	
10-13	879-881	en	
10-14	882-890	naburige	
10-15	891-899	Plaatzen	
10-16	899-900	.	

#Text=Krachten.
11-1	902-910	Krachten	
11-2	910-911	.	

#Text=De beste Opopanax is die, welke zeer bitter, wit ros van binnen, van
#Text=buiten geel is.
12-1	912-914	De	
12-2	915-920	beste	
12-3	921-929	Opopanax	
12-4	930-932	is	
12-5	933-936	die	
12-6	936-937	,	
12-7	938-943	welke	
12-8	944-948	zeer	
12-9	949-955	bitter	
12-10	955-956	,	
12-11	957-960	wit	
12-12	961-964	ros	
12-13	965-968	van	
12-14	969-975	binnen	
12-15	975-976	,	
12-16	977-980	van	
12-17	981-987	buiten	
12-18	988-992	geel	
12-19	993-995	is	
12-20	995-996	.	

#Text=Men moet ze kiezen, die glad, grof, bros, teer, sterk van geur is, en
#Text=die terstond in water smelt;
#Text=Zy verwarmt, verzacht, verdunt.
13-1	997-1000	Men	
13-2	1001-1005	moet	
13-3	1006-1008	ze	
13-4	1009-1015	kiezen	
13-5	1015-1016	,	
13-6	1017-1020	die	
13-7	1021-1025	glad	
13-8	1025-1026	,	
13-9	1027-1031	grof	
13-10	1031-1032	,	
13-11	1033-1037	bros	
13-12	1037-1038	,	
13-13	1039-1043	teer	
13-14	1043-1044	,	
13-15	1045-1050	sterk	
13-16	1051-1054	van	
13-17	1055-1059	geur	
13-18	1060-1062	is	
13-19	1062-1063	,	
13-20	1064-1066	en	
13-21	1067-1070	die	
13-22	1071-1079	terstond	
13-23	1080-1082	in	
13-24	1083-1088	water	
13-25	1089-1094	smelt	
13-26	1094-1095	;	
13-27	1096-1098	Zy	
13-28	1099-1107	verwarmt	
13-29	1107-1108	,	
13-30	1109-1117	verzacht	
13-31	1117-1118	,	
13-32	1119-1126	verdunt	
13-33	1126-1127	.	

#Text=spiegel.
14-1	1129-1136	spiegel	
14-2	1136-1137	.	
