#FORMAT=WebAnno TSV 3.3
#T_SP=custom.Span|label


#Text=Pour les rayons lumineux, lo mécanisme do production des accès, est lo même que pour les odeurs.
1-1	0-4	Pour	_	
1-2	5-8	les	_	
1-3	9-15	rayons	_	
1-4	16-24	lumineux	_	
1-5	24-25	,	_	
1-6	26-28	lo	_	
1-7	29-38	mécanisme	_	
1-8	39-41	do	_	
1-9	42-52	production	_	
1-10	53-56	des	_	
1-11	57-62	accès	_	
1-12	62-63	,	_	
1-13	64-67	est	_	
1-14	68-70	lo	_	
1-15	71-75	même	_	
1-16	76-79	que	_	
1-17	80-84	pour	_	
1-18	85-88	les	_	
1-19	89-95	odeurs	Smell\_Word	
1-20	95-96	.	_	

#Text=Au lieu des terminaisons do l'olfactif, co sont les nerfs ciliaires ou la rétine qui reçoivent l'excitation première ; une action réflexo entraine les symptômes secondaires.
2-1	97-99	Au	_	
2-2	100-104	lieu	_	
2-3	105-108	des	_	
2-4	109-121	terminaisons	_	
2-5	122-124	do	_	
2-6	125-135	l'olfactif	Smell\_Word	
2-7	135-136	,	_	
2-8	137-139	co	_	
2-9	140-144	sont	_	
2-10	145-148	les	_	
2-11	149-154	nerfs	_	
2-12	155-164	ciliaires	_	
2-13	165-167	ou	_	
2-14	168-170	la	_	
2-15	171-177	rétine	_	
2-16	178-181	qui	_	
2-17	182-191	reçoivent	_	
2-18	192-204	l'excitation	_	
2-19	205-213	première	_	
2-20	214-215	;	_	
2-21	216-219	une	_	
2-22	220-226	action	_	
2-23	227-234	réflexo	_	
2-24	235-243	entraine	_	
2-25	244-247	les	_	
2-26	248-257	symptômes	_	
2-27	258-269	secondaires	_	
2-28	269-270	.	_	

#Text=Du reste, même chez certains sujets, non prédisposés à la fièvre des foins, on peut constater uno abondante sécrétion nasale, lorsqu'ils ont été exposés aux rayons lumineux du soleil.
3-1	274-276	Du	_	
3-2	277-282	reste	_	
3-3	282-283	,	_	
3-4	284-288	même	_	
3-5	289-293	chez	_	
3-6	294-302	certains	_	
3-7	303-309	sujets	_	
3-8	309-310	,	_	
3-9	311-314	non	_	
3-10	315-326	prédisposés	_	
3-11	327-328	à	_	
3-12	329-331	la	_	
3-13	332-338	fièvre	_	
3-14	339-342	des	_	
3-15	343-348	foins	_	
3-16	348-349	,	_	
3-17	350-352	on	_	
3-18	353-357	peut	_	
3-19	358-367	constater	_	
3-20	368-371	uno	_	
3-21	372-381	abondante	_	
3-22	382-391	sécrétion	_	
3-23	392-398	nasale	_	
3-24	398-399	,	_	
3-25	400-410	lorsqu'ils	_	
3-26	411-414	ont	_	
3-27	415-418	été	_	
3-28	419-426	exposés	_	
3-29	427-430	aux	_	
3-30	431-437	rayons	_	
3-31	438-446	lumineux	_	
3-32	447-449	du	_	
3-33	450-456	soleil	_	
3-34	456-457	.	_	

#Text=Co phénomène se produit même quelquefois, d'après certains auteurs, après l'exposition à une lumière factice (Gaz, électricité).
4-1	458-460	Co	_	
4-2	461-470	phénomène	_	
4-3	471-473	se	_	
4-4	474-481	produit	_	
4-5	482-486	même	_	
4-6	487-498	quelquefois	_	
4-7	498-499	,	_	
4-8	500-507	d'après	_	
4-9	508-516	certains	_	
4-10	517-524	auteurs	_	
4-11	524-525	,	_	
4-12	526-531	après	_	
4-13	532-544	l'exposition	_	
4-14	545-546	à	_	
4-15	547-550	une	_	
4-16	551-558	lumière	_	
4-17	559-566	factice	_	
4-18	567-568	(	_	
4-19	568-571	Gaz	_	
4-20	571-572	,	_	
4-21	573-584	électricité	_	
4-22	584-585	)	_	
4-23	585-586	.	_	

#Text=Hack, de Fribourg, entre autres, a vu le nez s'obstruer et so mettre à couler quand, en examinant un malade, il dirigeait son miroir frontal sur les yeux du patient.
5-1	587-591	Hack	_	
5-2	591-592	,	_	
5-3	593-595	de	_	
5-4	596-604	Fribourg	_	
5-5	604-605	,	_	
5-6	606-611	entre	_	
5-7	612-618	autres	_	
5-8	618-619	,	_	
5-9	620-621	a	_	
5-10	622-624	vu	_	
5-11	625-627	le	_	
5-12	628-631	nez	_	
5-13	632-642	s'obstruer	_	
5-14	643-645	et	_	
5-15	646-648	so	_	
5-16	649-655	mettre	_	
5-17	656-657	à	_	
5-18	658-664	couler	_	
5-19	665-670	quand	_	
5-20	670-671	,	_	
5-21	672-674	en	_	
5-22	675-684	examinant	_	
5-23	685-687	un	_	
5-24	688-694	malade	_	
5-25	694-695	,	_	
5-26	696-698	il	_	
5-27	699-708	dirigeait	_	
5-28	709-712	son	_	
5-29	713-719	miroir	_	
5-30	720-727	frontal	_	
5-31	728-731	sur	_	
5-32	732-735	les	_	
5-33	736-740	yeux	_	
5-34	741-743	du	_	
5-35	744-751	patient	_	
5-36	751-752	.	_	

#Text=Comme cause occasionnelle, la théorie oculaire a tout autant sa raison d'être que la théorie des odeurs.
6-1	753-758	Comme	_	
6-2	759-764	cause	_	
6-3	765-778	occasionnelle	_	
6-4	778-779	,	_	
6-5	780-782	la	_	
6-6	783-790	théorie	_	
6-7	791-799	oculaire	_	
6-8	800-801	a	_	
6-9	802-806	tout	_	
6-10	807-813	autant	_	
6-11	814-816	sa	_	
6-12	817-823	raison	_	
6-13	824-830	d'être	_	
6-14	831-834	que	_	
6-15	835-837	la	_	
6-16	838-845	théorie	_	
6-17	846-849	des	_	
6-18	850-856	odeurs	Smell\_Word	
6-19	856-857	.	_	
