#FORMAT=WebAnno TSV 3.3


#Text=2 Viginti annorum erat Achaz cum regnare cœpisset, et sedecim annis regnavit in Jerusalem.
1-1	2-3	2	
1-2	4-11	Viginti	
1-3	12-19	annorum	
1-4	20-24	erat	
1-5	25-30	Achaz	
1-6	31-34	cum	
1-7	35-42	regnare	
1-8	43-51	cœpisset	
1-9	51-52	,	
1-10	53-55	et	
1-11	56-63	sedecim	
1-12	64-69	annis	
1-13	70-78	regnavit	
1-14	79-81	in	
1-15	82-91	Jerusalem	
1-16	91-92	.	

#Text=Non fecit quod erat placitum in conspectu Domini Dei sui sicut David pater ejus, 3 sed ambulavit in via regum Israël : insuper et filium suum consecravit, transferens per ignem secundum idola gentium, quæ dissipavit Dominus coram filiis Israël.
#Text=4 Immolabat quoque victimas, et adolebat incensum in excelsis, et in collibus, et sub omni ligno frondoso.
#Text=5 Tunc ascendit Rasin rex Syriæ, et Phacee filius Romeliæ rex Israël, in Jerusalem ad præliandum : cumque obsiderent Achaz, non valuerunt superare eum.
#Text=6 In tempore illo restituit Rasin rex Syriæ, Ailam Syriæ, et ejecit Judæos de Aila : et Idumæi venerunt in Ailam, et habitaverunt ibi usque in diem hanc.
#Text=7 Misit autem Achaz nuntios ad Theglathphalasar regem Assyriorum, dicens : Servus tuus, et filius tuus ego sum : ascende, et salvum me fac de manu regis Syriæ, et de manu regis Israël, qui consurrexerunt adversum me.
#Text=8 Et cum collegisset argentum et aurum quod inveniri potuit in domo Domini et in thesauris regis, misit regi Assyriorum munera.
#Text=9 Qui et acquievit voluntati ejus : ascendit enim rex Assyriorum in Damascum, et vastavit eam, et transtulit habitatores ejus Cyrenen : Rasin autem interfecit.
#Text=10 Perrexitque rex Achaz in occursum Theglathphalasar regis Assyriorum in Damascum : cumque vidisset altare Damasci, misit rex Achaz ad Uriam sacerdotem exemplar ejus, et similitudinem juxta omne opus ejus.
#Text=11 Exstruxitque Urias sacerdos altare : juxta omnia quæ præceperat rex Achaz de Damasco, ita fecit sacerdos Urias donec veniret rex Achaz de Damasco.
#Text=12 Cumque venisset rex de Damasco, vidit altare, et veneratus est illud : ascenditque et immolavit holocausta et sacrificium suum, 13 et libavit libamina, et fudit sanguinem pacificorum quæ obtulerat super altare.
#Text=14 Porro altare æreum quod erat coram Domino, transtulit de facie templi, et de loco altaris, et de loco templi Domini : posuitque illud ex latere altaris ad aquilonem.
#Text=15 Præcepit quoque rex Achaz Uriæ sacerdoti, dicens : Super altare majus offer holocaustum matutinum, et sacrificium vespertinum, et holocaustum regis, et sacrificium ejus, et holocaustum universi populi terræ, et sacrificia eorum, et libamina eorum : et omnem sanguinem holocausti, et universum sanguinem victimæ super illud effundes : altare vero æreum erit paratum ad voluntatem meam.
#Text=16 Fecit igitur Urias sacerdos juxta omnia quæ præceperat rex Achaz.
#Text=17 Tulit autem rex Achaz cælatas bases, et luterem qui erat desuper : et mare deposuit de bobus æreis qui sustentabant illud, et posuit super pavimentum stratum lapide.
#Text=18 Musach quoque sabbati quod ædificaverat in templo : et ingressum regis exterius convertit in templum Domini propter regem Assyriorum.
#Text=19 Reliqua autem verborum Achaz quæ fecit, nonne hæc scripta sunt in libro sermonum dierum regum Juda ?
2-1	93-96	Non	
2-2	97-102	fecit	
2-3	103-107	quod	
2-4	108-112	erat	
2-5	113-121	placitum	
2-6	122-124	in	
2-7	125-134	conspectu	
2-8	135-141	Domini	
2-9	142-145	Dei	
2-10	146-149	sui	
2-11	150-155	sicut	
2-12	156-161	David	
2-13	162-167	pater	
2-14	168-172	ejus	
2-15	172-173	,	
2-16	174-175	3	
2-17	176-179	sed	
2-18	180-189	ambulavit	
2-19	190-192	in	
2-20	193-196	via	
2-21	197-202	regum	
2-22	203-209	Israël	
2-23	210-211	:	
2-24	212-219	insuper	
2-25	220-222	et	
2-26	223-229	filium	
2-27	230-234	suum	
2-28	235-246	consecravit	
2-29	246-247	,	
2-30	248-259	transferens	
2-31	260-263	per	
2-32	264-269	ignem	
2-33	270-278	secundum	
2-34	279-284	idola	
2-35	285-292	gentium	
2-36	292-293	,	
2-37	294-297	quæ	
2-38	298-308	dissipavit	
2-39	309-316	Dominus	
2-40	317-322	coram	
2-41	323-329	filiis	
2-42	330-336	Israël	
2-43	336-337	.	
2-44	338-339	4	
2-45	340-349	Immolabat	
2-46	350-356	quoque	
2-47	357-365	victimas	
2-48	365-366	,	
2-49	367-369	et	
2-50	370-378	adolebat	
2-51	379-387	incensum	
2-52	388-390	in	
2-53	391-399	excelsis	
2-54	399-400	,	
2-55	401-403	et	
2-56	404-406	in	
2-57	407-415	collibus	
2-58	415-416	,	
2-59	417-419	et	
2-60	420-423	sub	
2-61	424-428	omni	
2-62	429-434	ligno	
2-63	435-443	frondoso	
2-64	443-444	.	
2-65	445-446	5	
2-66	447-451	Tunc	
2-67	452-460	ascendit	
2-68	461-466	Rasin	
2-69	467-470	rex	
2-70	471-476	Syriæ	
2-71	476-477	,	
2-72	478-480	et	
2-73	481-487	Phacee	
2-74	488-494	filius	
2-75	495-502	Romeliæ	
2-76	503-506	rex	
2-77	507-513	Israël	
2-78	513-514	,	
2-79	515-517	in	
2-80	518-527	Jerusalem	
2-81	528-530	ad	
2-82	531-541	præliandum	
2-83	542-543	:	
2-84	544-550	cumque	
2-85	551-561	obsiderent	
2-86	562-567	Achaz	
2-87	567-568	,	
2-88	569-572	non	
2-89	573-582	valuerunt	
2-90	583-591	superare	
2-91	592-595	eum	
2-92	595-596	.	
2-93	597-598	6	
2-94	599-601	In	
2-95	602-609	tempore	
2-96	610-614	illo	
2-97	615-624	restituit	
2-98	625-630	Rasin	
2-99	631-634	rex	
2-100	635-640	Syriæ	
2-101	640-641	,	
2-102	642-647	Ailam	
2-103	648-653	Syriæ	
2-104	653-654	,	
2-105	655-657	et	
2-106	658-664	ejecit	
2-107	665-671	Judæos	
2-108	672-674	de	
2-109	675-679	Aila	
2-110	680-681	:	
2-111	682-684	et	
2-112	685-691	Idumæi	
2-113	692-700	venerunt	
2-114	701-703	in	
2-115	704-709	Ailam	
2-116	709-710	,	
2-117	711-713	et	
2-118	714-726	habitaverunt	
2-119	727-730	ibi	
2-120	731-736	usque	
2-121	737-739	in	
2-122	740-744	diem	
2-123	745-749	hanc	
2-124	749-750	.	
2-125	751-752	7	
2-126	753-758	Misit	
2-127	759-764	autem	
2-128	765-770	Achaz	
2-129	771-778	nuntios	
2-130	779-781	ad	
2-131	782-798	Theglathphalasar	
2-132	799-804	regem	
2-133	805-815	Assyriorum	
2-134	815-816	,	
2-135	817-823	dicens	
2-136	824-825	:	
2-137	826-832	Servus	
2-138	833-837	tuus	
2-139	837-838	,	
2-140	839-841	et	
2-141	842-848	filius	
2-142	849-853	tuus	
2-143	854-857	ego	
2-144	858-861	sum	
2-145	862-863	:	
2-146	864-871	ascende	
2-147	871-872	,	
2-148	873-875	et	
2-149	876-882	salvum	
2-150	883-885	me	
2-151	886-889	fac	
2-152	890-892	de	
2-153	893-897	manu	
2-154	898-903	regis	
2-155	904-909	Syriæ	
2-156	909-910	,	
2-157	911-913	et	
2-158	914-916	de	
2-159	917-921	manu	
2-160	922-927	regis	
2-161	928-934	Israël	
2-162	934-935	,	
2-163	936-939	qui	
2-164	940-954	consurrexerunt	
2-165	955-963	adversum	
2-166	964-966	me	
2-167	966-967	.	
2-168	968-969	8	
2-169	970-972	Et	
2-170	973-976	cum	
2-171	977-988	collegisset	
2-172	989-997	argentum	
2-173	998-1000	et	
2-174	1001-1006	aurum	
2-175	1007-1011	quod	
2-176	1012-1020	inveniri	
2-177	1021-1027	potuit	
2-178	1028-1030	in	
2-179	1031-1035	domo	
2-180	1036-1042	Domini	
2-181	1043-1045	et	
2-182	1046-1048	in	
2-183	1049-1058	thesauris	
2-184	1059-1064	regis	
2-185	1064-1065	,	
2-186	1066-1071	misit	
2-187	1072-1076	regi	
2-188	1077-1087	Assyriorum	
2-189	1088-1094	munera	
2-190	1094-1095	.	
2-191	1096-1097	9	
2-192	1098-1101	Qui	
2-193	1102-1104	et	
2-194	1105-1114	acquievit	
2-195	1115-1124	voluntati	
2-196	1125-1129	ejus	
2-197	1130-1131	:	
2-198	1132-1140	ascendit	
2-199	1141-1145	enim	
2-200	1146-1149	rex	
2-201	1150-1160	Assyriorum	
2-202	1161-1163	in	
2-203	1164-1172	Damascum	
2-204	1172-1173	,	
2-205	1174-1176	et	
2-206	1177-1185	vastavit	
2-207	1186-1189	eam	
2-208	1189-1190	,	
2-209	1191-1193	et	
2-210	1194-1204	transtulit	
2-211	1205-1216	habitatores	
2-212	1217-1221	ejus	
2-213	1222-1229	Cyrenen	
2-214	1230-1231	:	
2-215	1232-1237	Rasin	
2-216	1238-1243	autem	
2-217	1244-1254	interfecit	
2-218	1254-1255	.	
2-219	1256-1258	10	
2-220	1259-1270	Perrexitque	
2-221	1271-1274	rex	
2-222	1275-1280	Achaz	
2-223	1281-1283	in	
2-224	1284-1292	occursum	
2-225	1293-1309	Theglathphalasar	
2-226	1310-1315	regis	
2-227	1316-1326	Assyriorum	
2-228	1327-1329	in	
2-229	1330-1338	Damascum	
2-230	1339-1340	:	
2-231	1341-1347	cumque	
2-232	1348-1356	vidisset	
2-233	1357-1363	altare	
2-234	1364-1371	Damasci	
2-235	1371-1372	,	
2-236	1373-1378	misit	
2-237	1379-1382	rex	
2-238	1383-1388	Achaz	
2-239	1389-1391	ad	
2-240	1392-1397	Uriam	
2-241	1398-1408	sacerdotem	
2-242	1409-1417	exemplar	
2-243	1418-1422	ejus	
2-244	1422-1423	,	
2-245	1424-1426	et	
2-246	1427-1440	similitudinem	
2-247	1441-1446	juxta	
2-248	1447-1451	omne	
2-249	1452-1456	opus	
2-250	1457-1461	ejus	
2-251	1461-1462	.	
2-252	1463-1465	11	
2-253	1466-1478	Exstruxitque	
2-254	1479-1484	Urias	
2-255	1485-1493	sacerdos	
2-256	1494-1500	altare	
2-257	1501-1502	:	
2-258	1503-1508	juxta	
2-259	1509-1514	omnia	
2-260	1515-1518	quæ	
2-261	1519-1529	præceperat	
2-262	1530-1533	rex	
2-263	1534-1539	Achaz	
2-264	1540-1542	de	
2-265	1543-1550	Damasco	
2-266	1550-1551	,	
2-267	1552-1555	ita	
2-268	1556-1561	fecit	
2-269	1562-1570	sacerdos	
2-270	1571-1576	Urias	
2-271	1577-1582	donec	
2-272	1583-1590	veniret	
2-273	1591-1594	rex	
2-274	1595-1600	Achaz	
2-275	1601-1603	de	
2-276	1604-1611	Damasco	
2-277	1611-1612	.	
2-278	1613-1615	12	
2-279	1616-1622	Cumque	
2-280	1623-1631	venisset	
2-281	1632-1635	rex	
2-282	1636-1638	de	
2-283	1639-1646	Damasco	
2-284	1646-1647	,	
2-285	1648-1653	vidit	
2-286	1654-1660	altare	
2-287	1660-1661	,	
2-288	1662-1664	et	
2-289	1665-1674	veneratus	
2-290	1675-1678	est	
2-291	1679-1684	illud	
2-292	1685-1686	:	
2-293	1687-1698	ascenditque	
2-294	1699-1701	et	
2-295	1702-1711	immolavit	
2-296	1712-1722	holocausta	
2-297	1723-1725	et	
2-298	1726-1737	sacrificium	
2-299	1738-1742	suum	
2-300	1742-1743	,	
2-301	1744-1746	13	
2-302	1747-1749	et	
2-303	1750-1757	libavit	
2-304	1758-1766	libamina	
2-305	1766-1767	,	
2-306	1768-1770	et	
2-307	1771-1776	fudit	
2-308	1777-1786	sanguinem	
2-309	1787-1798	pacificorum	
2-310	1799-1802	quæ	
2-311	1803-1812	obtulerat	
2-312	1813-1818	super	
2-313	1819-1825	altare	
2-314	1825-1826	.	
2-315	1827-1829	14	
2-316	1830-1835	Porro	
2-317	1836-1842	altare	
2-318	1843-1848	æreum	
2-319	1849-1853	quod	
2-320	1854-1858	erat	
2-321	1859-1864	coram	
2-322	1865-1871	Domino	
2-323	1871-1872	,	
2-324	1873-1883	transtulit	
2-325	1884-1886	de	
2-326	1887-1892	facie	
2-327	1893-1899	templi	
2-328	1899-1900	,	
2-329	1901-1903	et	
2-330	1904-1906	de	
2-331	1907-1911	loco	
2-332	1912-1919	altaris	
2-333	1919-1920	,	
2-334	1921-1923	et	
2-335	1924-1926	de	
2-336	1927-1931	loco	
2-337	1932-1938	templi	
2-338	1939-1945	Domini	
2-339	1946-1947	:	
2-340	1948-1957	posuitque	
2-341	1958-1963	illud	
2-342	1964-1966	ex	
2-343	1967-1973	latere	
2-344	1974-1981	altaris	
2-345	1982-1984	ad	
2-346	1985-1994	aquilonem	
2-347	1994-1995	.	
2-348	1996-1998	15	
2-349	1999-2007	Præcepit	
2-350	2008-2014	quoque	
2-351	2015-2018	rex	
2-352	2019-2024	Achaz	
2-353	2025-2029	Uriæ	
2-354	2030-2039	sacerdoti	
2-355	2039-2040	,	
2-356	2041-2047	dicens	
2-357	2048-2049	:	
2-358	2050-2055	Super	
2-359	2056-2062	altare	
2-360	2063-2068	majus	
2-361	2069-2074	offer	
2-362	2075-2086	holocaustum	
2-363	2087-2096	matutinum	
2-364	2096-2097	,	
2-365	2098-2100	et	
2-366	2101-2112	sacrificium	
2-367	2113-2124	vespertinum	
2-368	2124-2125	,	
2-369	2126-2128	et	
2-370	2129-2140	holocaustum	
2-371	2141-2146	regis	
2-372	2146-2147	,	
2-373	2148-2150	et	
2-374	2151-2162	sacrificium	
2-375	2163-2167	ejus	
2-376	2167-2168	,	
2-377	2169-2171	et	
2-378	2172-2183	holocaustum	
2-379	2184-2192	universi	
2-380	2193-2199	populi	
2-381	2200-2205	terræ	
2-382	2205-2206	,	
2-383	2207-2209	et	
2-384	2210-2220	sacrificia	
2-385	2221-2226	eorum	
2-386	2226-2227	,	
2-387	2228-2230	et	
2-388	2231-2239	libamina	
2-389	2240-2245	eorum	
2-390	2246-2247	:	
2-391	2248-2250	et	
2-392	2251-2256	omnem	
2-393	2257-2266	sanguinem	
2-394	2267-2277	holocausti	
2-395	2277-2278	,	
2-396	2279-2281	et	
2-397	2282-2291	universum	
2-398	2292-2301	sanguinem	
2-399	2302-2309	victimæ	
2-400	2310-2315	super	
2-401	2316-2321	illud	
2-402	2322-2330	effundes	
2-403	2331-2332	:	
2-404	2333-2339	altare	
2-405	2340-2344	vero	
2-406	2345-2350	æreum	
2-407	2351-2355	erit	
2-408	2356-2363	paratum	
2-409	2364-2366	ad	
2-410	2367-2377	voluntatem	
2-411	2378-2382	meam	
2-412	2382-2383	.	
2-413	2384-2386	16	
2-414	2387-2392	Fecit	
2-415	2393-2399	igitur	
2-416	2400-2405	Urias	
2-417	2406-2414	sacerdos	
2-418	2415-2420	juxta	
2-419	2421-2426	omnia	
2-420	2427-2430	quæ	
2-421	2431-2441	præceperat	
2-422	2442-2445	rex	
2-423	2446-2451	Achaz	
2-424	2451-2452	.	
2-425	2453-2455	17	
2-426	2456-2461	Tulit	
2-427	2462-2467	autem	
2-428	2468-2471	rex	
2-429	2472-2477	Achaz	
2-430	2478-2485	cælatas	
2-431	2486-2491	bases	
2-432	2491-2492	,	
2-433	2493-2495	et	
2-434	2496-2503	luterem	
2-435	2504-2507	qui	
2-436	2508-2512	erat	
2-437	2513-2520	desuper	
2-438	2521-2522	:	
2-439	2523-2525	et	
2-440	2526-2530	mare	
2-441	2531-2539	deposuit	
2-442	2540-2542	de	
2-443	2543-2548	bobus	
2-444	2549-2554	æreis	
2-445	2555-2558	qui	
2-446	2559-2571	sustentabant	
2-447	2572-2577	illud	
2-448	2577-2578	,	
2-449	2579-2581	et	
2-450	2582-2588	posuit	
2-451	2589-2594	super	
2-452	2595-2605	pavimentum	
2-453	2606-2613	stratum	
2-454	2614-2620	lapide	
2-455	2620-2621	.	
2-456	2622-2624	18	
2-457	2625-2631	Musach	
2-458	2632-2638	quoque	
2-459	2639-2646	sabbati	
2-460	2647-2651	quod	
2-461	2652-2664	ædificaverat	
2-462	2665-2667	in	
2-463	2668-2674	templo	
2-464	2675-2676	:	
2-465	2677-2679	et	
2-466	2680-2689	ingressum	
2-467	2690-2695	regis	
2-468	2696-2704	exterius	
2-469	2705-2714	convertit	
2-470	2715-2717	in	
2-471	2718-2725	templum	
2-472	2726-2732	Domini	
2-473	2733-2740	propter	
2-474	2741-2746	regem	
2-475	2747-2757	Assyriorum	
2-476	2757-2758	.	
2-477	2759-2761	19	
2-478	2762-2769	Reliqua	
2-479	2770-2775	autem	
2-480	2776-2784	verborum	
2-481	2785-2790	Achaz	
2-482	2791-2794	quæ	
2-483	2795-2800	fecit	
2-484	2800-2801	,	
2-485	2802-2807	nonne	
2-486	2808-2811	hæc	
2-487	2812-2819	scripta	
2-488	2820-2824	sunt	
2-489	2825-2827	in	
2-490	2828-2833	libro	
2-491	2834-2842	sermonum	
2-492	2843-2849	dierum	
2-493	2850-2855	regum	
2-494	2856-2860	Juda	
2-495	2861-2862	?	

#Text=20 Dormivitque Achaz cum patribus suis, et sepultus est cum eis in civitate David : et regnavit Ezechias filius ejus pro eo.
3-1	2863-2865	20	
3-2	2866-2877	Dormivitque	
3-3	2878-2883	Achaz	
3-4	2884-2887	cum	
3-5	2888-2896	patribus	
3-6	2897-2901	suis	
3-7	2901-2902	,	
3-8	2903-2905	et	
3-9	2906-2914	sepultus	
3-10	2915-2918	est	
3-11	2919-2922	cum	
3-12	2923-2926	eis	
3-13	2927-2929	in	
3-14	2930-2938	civitate	
3-15	2939-2944	David	
3-16	2945-2946	:	
3-17	2947-2949	et	
3-18	2950-2958	regnavit	
3-19	2959-2967	Ezechias	
3-20	2968-2974	filius	
3-21	2975-2979	ejus	
3-22	2980-2983	pro	
3-23	2984-2986	eo	
3-24	2986-2987	.	

#Text=Caput 17
#Text=
#Text=
#Text=1 Anno duodecimo Achaz regis Juda, regnavit Osee filius Ela in Samaria super Israël novem annis.
#Text=2 Fecitque malum coram Domino, sed non sicut reges Israël qui ante eum fuerant.
4-1	2988-2993	Caput	
4-2	2994-2996	17	
4-3	2999-3000	1	
4-4	3001-3005	Anno	
4-5	3006-3015	duodecimo	
4-6	3016-3021	Achaz	
4-7	3022-3027	regis	
4-8	3028-3032	Juda	
4-9	3032-3033	,	
4-10	3034-3042	regnavit	
4-11	3043-3047	Osee	
4-12	3048-3054	filius	
4-13	3055-3058	Ela	
4-14	3059-3061	in	
4-15	3062-3069	Samaria	
4-16	3070-3075	super	
4-17	3076-3082	Israël	
4-18	3083-3088	novem	
4-19	3089-3094	annis	
4-20	3094-3095	.	
4-21	3096-3097	2	
4-22	3098-3106	Fecitque	
4-23	3107-3112	malum	
4-24	3113-3118	coram	
4-25	3119-3125	Domino	
4-26	3125-3126	,	
4-27	3127-3130	sed	
4-28	3131-3134	non	
4-29	3135-3140	sicut	
4-30	3141-3146	reges	
4-31	3147-3153	Israël	
4-32	3154-3157	qui	
4-33	3158-3162	ante	
4-34	3163-3166	eum	
4-35	3167-3174	fuerant	
4-36	3174-3175	.	
