#FORMAT=WebAnno TSV 3.3


#Text=Maer de Son K L M N daer na noch hoogher ghecommen wesende ghelijck in
#Text=dees navolgende 3 form, alwaer de letters vande selve beteyckening sijn als in
#Text=d'eerste, soo is het boveschreven wit deel I H G nu naerder den siender ghecommen
#Text=dant inde voorgaende 2 form was, want het punt G geraect het punt F.
1-1	3-7	Maer	
1-2	8-10	de	
1-3	11-14	Son	
1-4	15-16	K	
1-5	17-18	L	
1-6	19-20	M	
1-7	21-22	N	
1-8	23-27	daer	
1-9	28-30	na	
1-10	31-35	noch	
1-11	36-43	hoogher	
1-12	44-53	ghecommen	
1-13	54-61	wesende	
1-14	62-70	ghelijck	
1-15	71-73	in	
1-16	74-78	dees	
1-17	79-89	navolgende	
1-18	90-91	3	
1-19	92-96	form	
1-20	96-97	,	
1-21	98-104	alwaer	
1-22	105-107	de	
1-23	108-115	letters	
1-24	116-121	vande	
1-25	122-127	selve	
1-26	128-140	beteyckening	
1-27	141-145	sijn	
1-28	146-149	als	
1-29	150-152	in	
1-30	153-161	d'eerste	
1-31	161-162	,	
1-32	163-166	soo	
1-33	167-169	is	
1-34	170-173	het	
1-35	174-186	boveschreven	
1-36	187-190	wit	
1-37	191-195	deel	
1-38	196-197	I	
1-39	198-199	H	
1-40	200-201	G	
1-41	202-204	nu	
1-42	205-212	naerder	
1-43	213-216	den	
1-44	217-224	siender	
1-45	225-234	ghecommen	
1-46	235-239	dant	
1-47	240-244	inde	
1-48	245-255	voorgaende	
1-49	256-257	2	
1-50	258-262	form	
1-51	263-266	was	
1-52	266-267	,	
1-53	268-272	want	
1-54	273-276	het	
1-55	277-281	punt	
1-56	282-283	G	
1-57	284-291	geraect	
1-58	292-295	het	
1-59	296-300	punt	
1-60	301-302	F	
1-61	302-303	.	

#Text=Doch int deel
#Text=des damps boven den natuerlicken sichteinder E F, en wort vant oogh A noch gheen
#Text=witticheyt ghesien, hoe wel t'begin van dien dats t'begin des dagheraets, daer is,
#Text=en witticheyt stracx opcommen sal.
2-1	304-308	Doch	
2-2	309-312	int	
2-3	313-317	deel	
2-4	318-321	des	
2-5	322-327	damps	
2-6	328-333	boven	
2-7	334-337	den	
2-8	338-350	natuerlicken	
2-9	351-362	sichteinder	
2-10	363-364	E	
2-11	365-366	F	
2-12	366-367	,	
2-13	368-370	en	
2-14	371-375	wort	
2-15	376-380	vant	
2-16	381-385	oogh	
2-17	386-387	A	
2-18	388-392	noch	
2-19	393-398	gheen	
2-20	399-409	witticheyt	
2-21	410-417	ghesien	
2-22	417-418	,	
2-23	419-422	hoe	
2-24	423-426	wel	
2-25	427-434	t'begin	
2-26	435-438	van	
2-27	439-443	dien	
2-28	444-448	dats	
2-29	449-456	t'begin	
2-30	457-460	des	
2-31	461-471	dagheraets	
2-32	471-472	,	
2-33	473-477	daer	
2-34	478-480	is	
2-35	480-481	,	
2-36	482-484	en	
2-37	485-495	witticheyt	
2-38	496-502	stracx	
2-39	503-511	opcommen	
2-40	512-515	sal	
2-41	515-516	.	

#Text=Simon Stevin, Wisconstighe gedachtenissen.
3-1	519-524	Simon	
3-2	525-531	Stevin	
3-3	531-532	,	
3-4	533-545	Wisconstighe	
3-5	546-560	gedachtenissen	
3-6	560-561	.	

#Text=Deel 1: van 't weereltschrift
#Text=
#Text=\f75
#Text=
#Text=3 Form.
4-1	562-566	Deel	
4-2	567-568	1	
4-3	568-569	:	
4-4	570-573	van	
4-5	574-575	'	
4-6	575-576	t	
4-7	577-591	weereltschrift	
4-8	594-596	75	
4-9	598-599	3	
4-10	600-604	Form	
4-11	604-605	.	

#Text=Maer de Son K L M N daer na noch hoogher ghecommen wesende ghelijck in dees
#Text=4 form, alwaer de letters vande selve beteyckening sijn als in d'eerste, soo is het
#Text=boveschreven wit deel I H G, met sijn uyterste G ghecommen boven den natuerlicken
#Text=sichteinder E F: Sulcx dat vant oogh A nu daer af wit ghesien wort t'gene begrepen
#Text=is tusschen G O F, en de Son noch hoogher commende, soo sal t'gantsch deel F
#Text=G E wit worden.
5-1	607-611	Maer	
5-2	612-614	de	
5-3	615-618	Son	
5-4	619-620	K	
5-5	621-622	L	
5-6	623-624	M	
5-7	625-626	N	
5-8	627-631	daer	
5-9	632-634	na	
5-10	635-639	noch	
5-11	640-647	hoogher	
5-12	648-657	ghecommen	
5-13	658-665	wesende	
5-14	666-674	ghelijck	
5-15	675-677	in	
5-16	678-682	dees	
5-17	683-684	4	
5-18	685-689	form	
5-19	689-690	,	
5-20	691-697	alwaer	
5-21	698-700	de	
5-22	701-708	letters	
5-23	709-714	vande	
5-24	715-720	selve	
5-25	721-733	beteyckening	
5-26	734-738	sijn	
5-27	739-742	als	
5-28	743-745	in	
5-29	746-754	d'eerste	
5-30	754-755	,	
5-31	756-759	soo	
5-32	760-762	is	
5-33	763-766	het	
5-34	767-779	boveschreven	
5-35	780-783	wit	
5-36	784-788	deel	
5-37	789-790	I	
5-38	791-792	H	
5-39	793-794	G	
5-40	794-795	,	
5-41	796-799	met	
5-42	800-804	sijn	
5-43	805-813	uyterste	
5-44	814-815	G	
5-45	816-825	ghecommen	
5-46	826-831	boven	
5-47	832-835	den	
5-48	836-848	natuerlicken	
5-49	849-860	sichteinder	
5-50	861-862	E	
5-51	863-864	F	
5-52	864-865	:	
5-53	866-871	Sulcx	
5-54	872-875	dat	
5-55	876-880	vant	
5-56	881-885	oogh	
5-57	886-887	A	
5-58	888-890	nu	
5-59	891-895	daer	
5-60	896-898	af	
5-61	899-902	wit	
5-62	903-910	ghesien	
5-63	911-915	wort	
5-64	916-922	t'gene	
5-65	923-931	begrepen	
5-66	932-934	is	
5-67	935-943	tusschen	
5-68	944-945	G	
5-69	946-947	O	
5-70	948-949	F	
5-71	949-950	,	
5-72	951-953	en	
5-73	954-956	de	
5-74	957-960	Son	
5-75	961-965	noch	
5-76	966-973	hoogher	
5-77	974-982	commende	
5-78	982-983	,	
5-79	984-987	soo	
5-80	988-991	sal	
5-81	992-1001	t'gantsch	
5-82	1002-1006	deel	
5-83	1007-1008	F	
5-84	1009-1010	G	
5-85	1011-1012	E	
5-86	1013-1016	wit	
5-87	1017-1023	worden	
5-88	1023-1024	.	

#Text=Simon Stevin, Wisconstighe gedachtenissen.
6-1	1027-1032	Simon	
6-2	1033-1039	Stevin	
6-3	1039-1040	,	
6-4	1041-1053	Wisconstighe	
6-5	1054-1068	gedachtenissen	
6-6	1068-1069	.	

#Text=Deel 1: van 't weereltschrift
#Text=
#Text=\f76
#Text=
#Text=4 Form.
7-1	1070-1074	Deel	
7-2	1075-1076	1	
7-3	1076-1077	:	
7-4	1078-1081	van	
7-5	1082-1083	'	
7-6	1083-1084	t	
7-7	1085-1099	weereltschrift	
7-8	1102-1104	76	
7-9	1106-1107	4	
7-10	1108-1112	Form	
7-11	1112-1113	.	

#Text=Al t'welck deur sijn selven openbaer genouch wesende, en behouven daer af gheen
#Text=
#Text=bewijste doen.
8-1	1117-1119	Al	
8-2	1120-1127	t'welck	
8-3	1128-1132	deur	
8-4	1133-1137	sijn	
8-5	1138-1144	selven	
8-6	1145-1153	openbaer	
8-7	1154-1161	genouch	
8-8	1162-1169	wesende	
8-9	1169-1170	,	
8-10	1171-1173	en	
8-11	1174-1182	behouven	
8-12	1183-1187	daer	
8-13	1188-1190	af	
8-14	1191-1196	gheen	
8-15	1198-1206	bewijste	
8-16	1207-1211	doen	
8-17	1211-1212	.	

#Text=TBESLVYT.
9-1	1213-1221	TBESLVYT	
9-2	1221-1222	.	

#Text=Wy hebben dan verclaert deur wat middel ghesien
#Text=wort
#Text=den dampcloot, en hoe die een oirsaeck is des dageraets na den eysch.
#Text=
#Text=
#Text=2 Voorstel.
10-1	1223-1225	Wy	
10-2	1226-1232	hebben	
10-3	1233-1236	dan	
10-4	1237-1246	verclaert	
10-5	1247-1251	deur	
10-6	1252-1255	wat	
10-7	1256-1262	middel	
10-8	1263-1270	ghesien	
10-9	1271-1275	wort	
10-10	1276-1279	den	
10-11	1280-1289	dampcloot	
10-12	1289-1290	,	
10-13	1291-1293	en	
10-14	1294-1297	hoe	
10-15	1298-1301	die	
10-16	1302-1305	een	
10-17	1306-1314	oirsaeck	
10-18	1315-1317	is	
10-19	1318-1321	des	
10-20	1322-1331	dageraets	
10-21	1332-1334	na	
10-22	1335-1338	den	
10-23	1339-1344	eysch	
10-24	1344-1345	.	
10-25	1348-1349	2	
10-26	1350-1358	Voorstel	
10-27	1358-1359	.	

#Text=Wesende ghegheven de leeghde vanden bovecant der Son onder den sichteinder,
#Text=ten tijde vant begin des dageraets:
#Text=Te vinden de damphooghde in sulcke deelen
#Text=
#Text=alsser
#Text=des Eertcloots halfmiddellijn 10000000 doet
11-1	1361-1368	Wesende	
11-2	1369-1378	ghegheven	
11-3	1379-1381	de	
11-4	1382-1389	leeghde	
11-5	1390-1396	vanden	
11-6	1397-1405	bovecant	
11-7	1406-1409	der	
11-8	1410-1413	Son	
11-9	1414-1419	onder	
11-10	1420-1423	den	
11-11	1424-1435	sichteinder	
11-12	1435-1436	,	
11-13	1437-1440	ten	
11-14	1441-1446	tijde	
11-15	1447-1451	vant	
11-16	1452-1457	begin	
11-17	1458-1461	des	
11-18	1462-1471	dageraets	
11-19	1471-1472	:	
11-20	1473-1475	Te	
11-21	1476-1482	vinden	
11-22	1483-1485	de	
11-23	1486-1497	damphooghde	
11-24	1498-1500	in	
11-25	1501-1507	sulcke	
11-26	1508-1514	deelen	
11-27	1516-1522	alsser	
11-28	1523-1526	des	
11-29	1527-1537	Eertcloots	
11-30	1538-1552	halfmiddellijn	
11-31	1553-1561	10000000	
11-32	1562-1566	doet	

#Text=.
12-1	1566-1567	.	

#Text=*
#Text=
#Text=TGHEGHEVEN.
13-1	1569-1570	*	
13-2	1572-1582	TGHEGHEVEN	
13-3	1582-1583	.	

#Text=Laet A B C D den Eertcloot sijn, diens middelpunt E, wisconstighen
#Text=sichteinder A D, de dampcloot daer rontom F G H I, en B het oogh eens sienders *Horizon mathematicus
14-1	1584-1588	Laet	
14-2	1589-1590	A	
14-3	1591-1592	B	
14-4	1593-1594	C	
14-5	1595-1596	D	
14-6	1597-1600	den	
14-7	1601-1610	Eertcloot	
14-8	1611-1615	sijn	
14-9	1615-1616	,	
14-10	1617-1622	diens	
14-11	1623-1633	middelpunt	
14-12	1634-1635	E	
14-13	1635-1636	,	
14-14	1637-1650	wisconstighen	
14-15	1651-1662	sichteinder	
14-16	1663-1664	A	
14-17	1665-1666	D	
14-18	1666-1667	,	
14-19	1668-1670	de	
14-20	1671-1680	dampcloot	
14-21	1681-1685	daer	
14-22	1686-1692	rontom	
14-23	1693-1694	F	
14-24	1695-1696	G	
14-25	1697-1698	H	
14-26	1699-1700	I	
14-27	1700-1701	,	
14-28	1702-1704	en	
14-29	1705-1706	B	
14-30	1707-1710	het	
14-31	1711-1715	oogh	
14-32	1716-1720	eens	
14-33	1721-1729	sienders	
14-34	1730-1731	*	
14-35	1731-1738	Horizon	
14-36	1739-1751	mathematicus	

#Text=.
15-1	1751-1752	.	

#Text=*
#Text=
#Text=op den Eertcloot, diens natuerlicken sichteinder G H, eyndende over beyden
16-1	1754-1755	*	
16-2	1757-1759	op	
16-3	1760-1763	den	
16-4	1764-1773	Eertcloot	
16-5	1773-1774	,	
16-6	1775-1780	diens	
16-7	1781-1793	natuerlicken	
16-8	1794-1805	sichteinder	
16-9	1806-1807	G	
16-10	1808-1809	H	
16-11	1809-1810	,	
16-12	1811-1819	eyndende	
16-13	1820-1824	over	
16-14	1825-1831	beyden	
