#FORMAT=WebAnno TSV 3.3
#T_SP=custom.Span|label
#T_RL=custom.Relation|label|BT_custom.Span


#Text=IV.
1-1	5-7	IV	_	_	_	
1-2	7-8	.	_	_	_	

#Text=Das vierdte Geſchlecht iſt der Pe-
#Text=ruaniſche Zimmetbaum/ Cinnamomum ſive
#Text=Canella Peruana, C.
2-1	9-12	Das	_	_	_	
2-2	13-20	vierdte	_	_	_	
2-3	21-31	Geſchlecht	_	_	_	
2-4	32-35	iſt	_	_	_	
2-5	36-39	der	_	_	_	
2-6	40-42	Pe	_	_	_	
2-7	42-43	-	_	_	_	
2-8	44-53	ruaniſche	_	_	_	
2-9	54-64	Zimmetbaum	_	_	_	
2-10	64-65	/	_	_	_	
2-11	66-76	Cinnamomum	_	_	_	
2-12	77-81	ſive	_	_	_	
2-13	82-89	Canella	_	_	_	
2-14	90-97	Peruana	_	_	_	
2-15	97-98	,	_	_	_	
2-16	99-100	C	_	_	_	
2-17	100-101	.	_	_	_	

#Text=B.
3-1	102-103	B	_	_	_	
3-2	103-104	.	_	_	_	

#Text=Canella Peruana fructu
#Text=Pileo ſimili, J.
4-1	105-112	Canella	_	_	_	
4-2	113-120	Peruana	_	_	_	
4-3	121-127	fructu	_	_	_	
4-4	128-133	Pileo	_	_	_	
4-5	134-140	ſimili	_	_	_	
4-6	140-141	,	_	_	_	
4-7	142-143	J	_	_	_	
4-8	143-144	.	_	_	_	

#Text=B.
5-1	145-146	B	_	_	_	
5-2	146-147	.	_	_	_	

#Text=Laurus Americana, J.
6-1	148-154	Laurus	_	_	_	
6-2	155-164	Americana	_	_	_	
6-3	164-165	,	_	_	_	
6-4	166-167	J	_	_	_	
6-5	167-168	.	_	_	_	

#Text=Raji.
7-1	169-173	Raji	_	_	_	
7-2	173-174	.	_	_	_	

#Text=Jſt ein mittelmaͤßiger Baum/
#Text=immer gruͤ-
#Text=nend/ hat Blaͤtter wie der Lorbeerbaum.
8-1	176-179	Jſt	_	_	_	
8-2	180-183	ein	_	_	_	
8-3	184-198	mittelmaͤßiger	_	_	_	
8-4	199-203	Baum	_	_	_	
8-5	203-204	/	_	_	_	
8-6	205-210	immer	_	_	_	
8-7	211-215	gruͤ	_	_	_	
8-8	215-216	-	_	_	_	
8-9	217-221	nend	_	_	_	
8-10	221-222	/	_	_	_	
8-11	223-226	hat	_	_	_	
8-12	227-235	Blaͤtter	_	_	_	
8-13	236-239	wie	_	_	_	
8-14	240-243	der	_	_	_	
8-15	244-255	Lorbeerbaum	_	_	_	
8-16	255-256	.	_	_	_	

#Text=Die Frucht hat die figur eines Huͤtleins/
#Text=ſo
#Text=groß als ein Reichsthaler/ durchgehends
#Text=von purpurfarb/
#Text=auff ſchwartz ziehend/
#Text=in-
#Text=wendig glatt/
#Text=aͤuſſerlich rauch/ dem geruch
#Text=und geſchmack nach ſich durchauß dem Zim-
#Text=met vergleichend.
9-1	259-262	Die	Smell\_Source[1]	_	_	
9-2	263-269	Frucht	Smell\_Source[1]	_	_	
9-3	270-273	hat	_	_	_	
9-4	274-277	die	_	_	_	
9-5	278-283	figur	_	_	_	
9-6	284-289	eines	_	_	_	
9-7	290-299	Huͤtleins	_	_	_	
9-8	299-300	/	_	_	_	
9-9	301-303	ſo	_	_	_	
9-10	304-308	groß	_	_	_	
9-11	309-312	als	_	_	_	
9-12	313-316	ein	_	_	_	
9-13	317-329	Reichsthaler	_	_	_	
9-14	329-330	/	_	_	_	
9-15	331-343	durchgehends	_	_	_	
9-16	344-347	von	_	_	_	
9-17	348-358	purpurfarb	_	_	_	
9-18	358-359	/	_	_	_	
9-19	360-364	auff	_	_	_	
9-20	365-373	ſchwartz	_	_	_	
9-21	374-381	ziehend	_	_	_	
9-22	381-382	/	_	_	_	
9-23	383-385	in	_	_	_	
9-24	385-386	-	_	_	_	
9-25	387-393	wendig	_	_	_	
9-26	394-399	glatt	_	_	_	
9-27	399-400	/	_	_	_	
9-28	401-412	aͤuſſerlich	_	_	_	
9-29	413-418	rauch	_	_	_	
9-30	418-419	/	_	_	_	
9-31	420-423	dem	_	_	_	
9-32	424-430	geruch	Smell\_Word	*|*	9-39[2_0]|9-1[1_0]	
9-33	431-434	und	_	_	_	
9-34	435-444	geſchmack	_	_	_	
9-35	445-449	nach	_	_	_	
9-36	450-454	ſich	_	_	_	
9-37	455-463	durchauß	_	_	_	
9-38	464-467	dem	_	_	_	
9-39	468-471	Zim	Evoked\_Odorant[2]	_	_	
9-40	471-472	-	Evoked\_Odorant[2]	_	_	
9-41	473-476	met	Evoked\_Odorant[2]	_	_	
9-42	477-489	vergleichend	_	_	_	
9-43	489-490	.	_	_	_	

#Text=Die Rinde dieſes
#Text=Baums
#Text=aber ſoll keinen ſonderlichen geruch haben.
10-1	491-494	Die	_	_	_	
10-2	495-500	Rinde	Smell\_Source	_	_	
10-3	501-507	dieſes	_	_	_	
10-4	508-513	Baums	_	_	_	
10-5	514-518	aber	_	_	_	
10-6	519-523	ſoll	_	_	_	
10-7	524-530	keinen	Quality[3]	_	_	
10-8	531-543	ſonderlichen	Quality[3]	_	_	
10-9	544-550	geruch	Smell\_Word	*|*	10-7[3_0]|10-2	
10-10	551-556	haben	_	_	_	
10-11	556-557	.	_	_	_	

#Text=Die beſte krafft beſtehet in der Frucht.
11-1	560-563	Die	_	_	_	
11-2	564-569	beſte	_	_	_	
11-3	570-576	krafft	_	_	_	
11-4	577-585	beſtehet	_	_	_	
11-5	586-588	in	_	_	_	
11-6	589-592	der	_	_	_	
11-7	593-599	Frucht	_	_	_	
11-8	599-600	.	_	_	_	

#Text=Waͤchſt in der Provintz Sumaco.
12-1	602-609	Waͤchſt	_	_	_	
12-2	610-612	in	_	_	_	
12-3	613-616	der	_	_	_	
12-4	617-625	Provintz	_	_	_	
12-5	626-632	Sumaco	_	_	_	
12-6	632-633	.	_	_	_	

#Text=Eigenſchafft.
13-1	636-648	Eigenſchafft	_	_	_	
13-2	648-649	.	_	_	_	

#Text=Der Zimmetbaum/ und ſonderlich deſſen
#Text=Rinde hat ein aromatiſches mit fluͤchtigem
#Text=ſaltz vergeſellſchafftetes Oel under ſeiner
#Text=irꝛdiſchen Subſtantz verborgen/ dahero ſie
#Text=
#Text=gute wuͤrckung hat das Gebluͤt zu erduͤnne-
#Text=ren/ das Hertz und Nerven zu ſtaͤrcken/
14-1	652-655	Der	_	_	_	
14-2	656-666	Zimmetbaum	_	_	_	
14-3	666-667	/	_	_	_	
14-4	668-671	und	_	_	_	
14-5	672-682	ſonderlich	_	_	_	
14-6	683-689	deſſen	_	_	_	
14-7	690-695	Rinde	_	_	_	
14-8	696-699	hat	_	_	_	
14-9	700-703	ein	_	_	_	
14-10	704-716	aromatiſches	_	_	_	
14-11	717-720	mit	_	_	_	
14-12	721-732	fluͤchtigem	_	_	_	
14-13	733-738	ſaltz	_	_	_	
14-14	739-759	vergeſellſchafftetes	_	_	_	
14-15	760-763	Oel	_	_	_	
14-16	764-769	under	_	_	_	
14-17	770-776	ſeiner	_	_	_	
14-18	777-787	irꝛdiſchen	_	_	_	
14-19	788-797	Subſtantz	_	_	_	
14-20	798-807	verborgen	_	_	_	
14-21	807-808	/	_	_	_	
14-22	809-815	dahero	_	_	_	
14-23	816-819	ſie	_	_	_	
14-24	821-825	gute	_	_	_	
14-25	826-835	wuͤrckung	_	_	_	
14-26	836-839	hat	_	_	_	
14-27	840-843	das	_	_	_	
14-28	844-851	Gebluͤt	_	_	_	
14-29	852-854	zu	_	_	_	
14-30	855-863	erduͤnne	_	_	_	
14-31	863-864	-	_	_	_	
14-32	865-868	ren	_	_	_	
14-33	868-869	/	_	_	_	
14-34	870-873	das	_	_	_	
14-35	874-879	Hertz	_	_	_	
14-36	880-883	und	_	_	_	
14-37	884-890	Nerven	_	_	_	
14-38	891-893	zu	_	_	_	
14-39	894-903	ſtaͤrcken	_	_	_	
14-40	903-904	/	_	_	_	
