#FORMAT=WebAnno TSV 3.3


#Text=PART.
1-1	1-5	PART	
1-2	5-6	.	

#Text=III.
2-1	7-10	III	
2-2	10-11	.	

#Text=An offer at the Improvement, and Melioration of the Aer of LONDON, by way of Plantations, &c.
3-1	12-14	An	
3-2	15-20	offer	
3-3	21-23	at	
3-4	24-27	the	
3-5	28-39	Improvement	
3-6	39-40	,	
3-7	41-44	and	
3-8	45-56	Melioration	
3-9	57-59	of	
3-10	60-63	the	
3-11	64-67	Aer	
3-12	68-70	of	
3-13	71-77	LONDON	
3-14	77-78	,	
3-15	79-81	by	
3-16	82-85	way	
3-17	86-88	of	
3-18	89-100	Plantations	
3-19	100-101	,	
3-20	102-103	&	
3-21	103-104	c	
3-22	104-105	.	

#Text=THere goes a pleasant Tale of a certain Sr Politick, that in
#Text=the last great Plague projected, how by a Vessel fraight with
#Text=peel ' d Onions, which should passe along the Thames by the City,
#Text=when the Wind fate in a favourable quarter, to attract the pollution
#Text=of the Aer, and sail away with the Infection to the Sea:
#Text=Transplantation of Diseases we sometimes read of amongst the
#Text=Magneticall, or rather Magical Cures; but never before of this
#Text=way of Transfretation: but, however this excellent conceit
#Text=has often afforded good mirth on the Stage, and I now mention
#Text=to prevent the application to what I hope propound; There is yet
#Text=another expedient, which I have here to offer (were This of
#Text=the poisonous and filthy smoak remov ' d) by which the City and
#Text=environs about it, might be rendred one of the most pleasant
#Text=and agreeable places in the world.
4-1	106-111	THere	
4-2	112-116	goes	
4-3	117-118	a	
4-4	119-127	pleasant	
4-5	128-132	Tale	
4-6	133-135	of	
4-7	136-137	a	
4-8	138-145	certain	
4-9	146-148	Sr	
4-10	149-157	Politick	
4-11	157-158	,	
4-12	159-163	that	
4-13	164-166	in	
4-14	167-170	the	
4-15	171-175	last	
4-16	176-181	great	
4-17	182-188	Plague	
4-18	189-198	projected	
4-19	198-199	,	
4-20	200-203	how	
4-21	204-206	by	
4-22	207-208	a	
4-23	209-215	Vessel	
4-24	216-223	fraight	
4-25	224-228	with	
4-26	229-233	peel	
4-27	234-235	'	
4-28	236-237	d	
4-29	238-244	Onions	
4-30	244-245	,	
4-31	246-251	which	
4-32	252-258	should	
4-33	259-264	passe	
4-34	265-270	along	
4-35	271-274	the	
4-36	275-281	Thames	
4-37	282-284	by	
4-38	285-288	the	
4-39	289-293	City	
4-40	293-294	,	
4-41	295-299	when	
4-42	300-303	the	
4-43	304-308	Wind	
4-44	309-313	fate	
4-45	314-316	in	
4-46	317-318	a	
4-47	319-329	favourable	
4-48	330-337	quarter	
4-49	337-338	,	
4-50	339-341	to	
4-51	342-349	attract	
4-52	350-353	the	
4-53	354-363	pollution	
4-54	364-366	of	
4-55	367-370	the	
4-56	371-374	Aer	
4-57	374-375	,	
4-58	376-379	and	
4-59	380-384	sail	
4-60	385-389	away	
4-61	390-394	with	
4-62	395-398	the	
4-63	399-408	Infection	
4-64	409-411	to	
4-65	412-415	the	
4-66	416-419	Sea	
4-67	419-420	:	
4-68	421-436	Transplantation	
4-69	437-439	of	
4-70	440-448	Diseases	
4-71	449-451	we	
4-72	452-461	sometimes	
4-73	462-466	read	
4-74	467-469	of	
4-75	470-477	amongst	
4-76	478-481	the	
4-77	482-493	Magneticall	
4-78	493-494	,	
4-79	495-497	or	
4-80	498-504	rather	
4-81	505-512	Magical	
4-82	513-518	Cures	
4-83	518-519	;	
4-84	520-523	but	
4-85	524-529	never	
4-86	530-536	before	
4-87	537-539	of	
4-88	540-544	this	
4-89	545-548	way	
4-90	549-551	of	
4-91	552-566	Transfretation	
4-92	566-567	:	
4-93	568-571	but	
4-94	571-572	,	
4-95	573-580	however	
4-96	581-585	this	
4-97	586-595	excellent	
4-98	596-603	conceit	
4-99	604-607	has	
4-100	608-613	often	
4-101	614-622	afforded	
4-102	623-627	good	
4-103	628-633	mirth	
4-104	634-636	on	
4-105	637-640	the	
4-106	641-646	Stage	
4-107	646-647	,	
4-108	648-651	and	
4-109	652-653	I	
4-110	654-657	now	
4-111	658-665	mention	
4-112	666-668	to	
4-113	669-676	prevent	
4-114	677-680	the	
4-115	681-692	application	
4-116	693-695	to	
4-117	696-700	what	
4-118	701-702	I	
4-119	703-707	hope	
4-120	708-716	propound	
4-121	716-717	;	
4-122	718-723	There	
4-123	724-726	is	
4-124	727-730	yet	
4-125	731-738	another	
4-126	739-748	expedient	
4-127	748-749	,	
4-128	750-755	which	
4-129	756-757	I	
4-130	758-762	have	
4-131	763-767	here	
4-132	768-770	to	
4-133	771-776	offer	
4-134	777-778	(	
4-135	778-782	were	
4-136	783-787	This	
4-137	788-790	of	
4-138	791-794	the	
4-139	795-804	poisonous	
4-140	805-808	and	
4-141	809-815	filthy	
4-142	816-821	smoak	
4-143	822-827	remov	
4-144	828-829	'	
4-145	830-831	d	
4-146	831-832	)	
4-147	833-835	by	
4-148	836-841	which	
4-149	842-845	the	
4-150	846-850	City	
4-151	851-854	and	
4-152	855-863	environs	
4-153	864-869	about	
4-154	870-872	it	
4-155	872-873	,	
4-156	874-879	might	
4-157	880-882	be	
4-158	883-890	rendred	
4-159	891-894	one	
4-160	895-897	of	
4-161	898-901	the	
4-162	902-906	most	
4-163	907-915	pleasant	
4-164	916-919	and	
4-165	920-929	agreeable	
4-166	930-936	places	
4-167	937-939	in	
4-168	940-943	the	
4-169	944-949	world	
4-170	949-950	.	

#Text=In order to this I
#Text=propose.
5-1	951-953	In	
5-2	954-959	order	
5-3	960-962	to	
5-4	963-967	this	
5-5	968-969	I	
5-6	970-977	propose	
5-7	977-978	.	

#Text=That all low-grounds circumjacent to the City, especially
#Text=East and South-west, be cast and contriv ' d into square plots, or
#Text=Fields of twenty, thirty, and forty Akers, or more, separated
#Text=from each others by Fences of double Palisads, or Contr ' spaliers,
#Text=which should enclose a Plantation of an hundred and fifty, or
#Text=more, feet deep, about each Field; not much unlike to what His
#Text=Majesty has already begun by the wall from Old Spring-garden
#Text=to St.
6-1	980-984	That	
6-2	985-988	all	
6-3	989-1000	low-grounds	
6-4	1001-1013	circumjacent	
6-5	1014-1016	to	
6-6	1017-1020	the	
6-7	1021-1025	City	
6-8	1025-1026	,	
6-9	1027-1037	especially	
6-10	1038-1042	East	
6-11	1043-1046	and	
6-12	1047-1057	South-west	
6-13	1057-1058	,	
6-14	1059-1061	be	
6-15	1062-1066	cast	
6-16	1067-1070	and	
6-17	1071-1078	contriv	
6-18	1079-1080	'	
6-19	1081-1082	d	
6-20	1083-1087	into	
6-21	1088-1094	square	
6-22	1095-1100	plots	
6-23	1100-1101	,	
6-24	1102-1104	or	
6-25	1105-1111	Fields	
6-26	1112-1114	of	
6-27	1115-1121	twenty	
6-28	1121-1122	,	
6-29	1123-1129	thirty	
6-30	1129-1130	,	
6-31	1131-1134	and	
6-32	1135-1140	forty	
6-33	1141-1146	Akers	
6-34	1146-1147	,	
6-35	1148-1150	or	
6-36	1151-1155	more	
6-37	1155-1156	,	
6-38	1157-1166	separated	
6-39	1167-1171	from	
6-40	1172-1176	each	
6-41	1177-1183	others	
6-42	1184-1186	by	
6-43	1187-1193	Fences	
6-44	1194-1196	of	
6-45	1197-1203	double	
6-46	1204-1212	Palisads	
6-47	1212-1213	,	
6-48	1214-1216	or	
6-49	1217-1222	Contr	
6-50	1223-1224	'	
6-51	1225-1233	spaliers	
6-52	1233-1234	,	
6-53	1235-1240	which	
6-54	1241-1247	should	
6-55	1248-1255	enclose	
6-56	1256-1257	a	
6-57	1258-1268	Plantation	
6-58	1269-1271	of	
6-59	1272-1274	an	
6-60	1275-1282	hundred	
6-61	1283-1286	and	
6-62	1287-1292	fifty	
6-63	1292-1293	,	
6-64	1294-1296	or	
6-65	1297-1301	more	
6-66	1301-1302	,	
6-67	1303-1307	feet	
6-68	1308-1312	deep	
6-69	1312-1313	,	
6-70	1314-1319	about	
6-71	1320-1324	each	
6-72	1325-1330	Field	
6-73	1330-1331	;	
6-74	1332-1335	not	
6-75	1336-1340	much	
6-76	1341-1347	unlike	
6-77	1348-1350	to	
6-78	1351-1355	what	
6-79	1356-1359	His	
6-80	1360-1367	Majesty	
6-81	1368-1371	has	
6-82	1372-1379	already	
6-83	1380-1385	begun	
6-84	1386-1388	by	
6-85	1389-1392	the	
6-86	1393-1397	wall	
6-87	1398-1402	from	
6-88	1403-1406	Old	
6-89	1407-1420	Spring-garden	
6-90	1421-1423	to	
6-91	1424-1426	St	
6-92	1426-1427	.	

#Text=Iames ' s in that Park; and is somewhat resembled in the
#Text=new Spring-garden at Lambeth.
7-1	1428-1433	Iames	
7-2	1434-1435	'	
7-3	1436-1437	s	
7-4	1438-1440	in	
7-5	1441-1445	that	
7-6	1446-1450	Park	
7-7	1450-1451	;	
7-8	1452-1455	and	
7-9	1456-1458	is	
7-10	1459-1467	somewhat	
7-11	1468-1477	resembled	
7-12	1478-1480	in	
7-13	1481-1484	the	
7-14	1485-1488	new	
7-15	1489-1502	Spring-garden	
7-16	1503-1505	at	
7-17	1506-1513	Lambeth	
7-18	1513-1514	.	

#Text=That these Palisad ' s be elegantly
#Text=planted, diligently kept and supply ' d, with such Shrubs,
#Text=as yield the most fragrant and odoriferous Flowers, and are aptest
#Text=to tinge the Aer upon every gentle emission at a great distance:
#Text=Such as are (for instance amongst many others) the Sweet-brier,
#Text=all the Periclymena ' s and Woodbinds; the Common white and
#Text=yellow Iessamine, both the Syringa ' s or Pipe trees; the Guelder-Rose,
#Text=the Musk, and all other Roses; Genista Hispanica: To
#Text=these may be added the Rubus odoratus, Bayes, Iuniper, Lignum-vitae,
#Text=Laevander: but above all, Rosemary, the Flowers
#Text=whereof are credibly reported to give their sent above thirty
#Text=Leagues off at Sea, upon the coasts of Spain: and at some distance
#Text=towards the Meadow side, Vines, yea, Hops.
8-1	1515-1519	That	
8-2	1520-1525	these	
8-3	1526-1533	Palisad	
8-4	1534-1535	'	
8-5	1536-1537	s	
8-6	1538-1540	be	
8-7	1541-1550	elegantly	
8-8	1551-1558	planted	
8-9	1558-1559	,	
8-10	1560-1570	diligently	
8-11	1571-1575	kept	
8-12	1576-1579	and	
8-13	1580-1586	supply	
8-14	1587-1588	'	
8-15	1589-1590	d	
8-16	1590-1591	,	
8-17	1592-1596	with	
8-18	1597-1601	such	
8-19	1602-1608	Shrubs	
8-20	1608-1609	,	
8-21	1610-1612	as	
8-22	1613-1618	yield	
8-23	1619-1622	the	
8-24	1623-1627	most	
8-25	1628-1636	fragrant	
8-26	1637-1640	and	
8-27	1641-1652	odoriferous	
8-28	1653-1660	Flowers	
8-29	1660-1661	,	
8-30	1662-1665	and	
8-31	1666-1669	are	
8-32	1670-1676	aptest	
8-33	1677-1679	to	
8-34	1680-1685	tinge	
8-35	1686-1689	the	
8-36	1690-1693	Aer	
8-37	1694-1698	upon	
8-38	1699-1704	every	
8-39	1705-1711	gentle	
8-40	1712-1720	emission	
8-41	1721-1723	at	
8-42	1724-1725	a	
8-43	1726-1731	great	
8-44	1732-1740	distance	
8-45	1740-1741	:	
8-46	1742-1746	Such	
8-47	1747-1749	as	
8-48	1750-1753	are	
8-49	1754-1755	(	
8-50	1755-1758	for	
8-51	1759-1767	instance	
8-52	1768-1775	amongst	
8-53	1776-1780	many	
8-54	1781-1787	others	
8-55	1787-1788	)	
8-56	1789-1792	the	
8-57	1793-1804	Sweet-brier	
8-58	1804-1805	,	
8-59	1806-1809	all	
8-60	1810-1813	the	
8-61	1814-1825	Periclymena	
8-62	1826-1827	'	
8-63	1828-1829	s	
8-64	1830-1833	and	
8-65	1834-1843	Woodbinds	
8-66	1843-1844	;	
8-67	1845-1848	the	
8-68	1849-1855	Common	
8-69	1856-1861	white	
8-70	1862-1865	and	
8-71	1866-1872	yellow	
8-72	1873-1882	Iessamine	
8-73	1882-1883	,	
8-74	1884-1888	both	
8-75	1889-1892	the	
8-76	1893-1900	Syringa	
8-77	1901-1902	'	
8-78	1903-1904	s	
8-79	1905-1907	or	
8-80	1908-1912	Pipe	
8-81	1913-1918	trees	
8-82	1918-1919	;	
8-83	1920-1923	the	
8-84	1924-1936	Guelder-Rose	
8-85	1936-1937	,	
8-86	1938-1941	the	
8-87	1942-1946	Musk	
8-88	1946-1947	,	
8-89	1948-1951	and	
8-90	1952-1955	all	
8-91	1956-1961	other	
8-92	1962-1967	Roses	
8-93	1967-1968	;	
8-94	1969-1976	Genista	
8-95	1977-1986	Hispanica	
8-96	1986-1987	:	
8-97	1988-1990	To	
8-98	1991-1996	these	
8-99	1997-2000	may	
8-100	2001-2003	be	
8-101	2004-2009	added	
8-102	2010-2013	the	
8-103	2014-2019	Rubus	
8-104	2020-2028	odoratus	
8-105	2028-2029	,	
8-106	2030-2035	Bayes	
8-107	2035-2036	,	
8-108	2037-2044	Iuniper	
8-109	2044-2045	,	
8-110	2046-2058	Lignum-vitae	
8-111	2058-2059	,	
8-112	2060-2069	Laevander	
8-113	2069-2070	:	
8-114	2071-2074	but	
8-115	2075-2080	above	
8-116	2081-2084	all	
8-117	2084-2085	,	
8-118	2086-2094	Rosemary	
8-119	2094-2095	,	
8-120	2096-2099	the	
8-121	2100-2107	Flowers	
8-122	2108-2115	whereof	
8-123	2116-2119	are	
8-124	2120-2128	credibly	
8-125	2129-2137	reported	
8-126	2138-2140	to	
8-127	2141-2145	give	
8-128	2146-2151	their	
8-129	2152-2156	sent	
8-130	2157-2162	above	
8-131	2163-2169	thirty	
8-132	2170-2177	Leagues	
8-133	2178-2181	off	
8-134	2182-2184	at	
8-135	2185-2188	Sea	
8-136	2188-2189	,	
8-137	2190-2194	upon	
8-138	2195-2198	the	
8-139	2199-2205	coasts	
8-140	2206-2208	of	
8-141	2209-2214	Spain	
8-142	2214-2215	:	
8-143	2216-2219	and	
8-144	2220-2222	at	
8-145	2223-2227	some	
8-146	2228-2236	distance	
8-147	2237-2244	towards	
8-148	2245-2248	the	
8-149	2249-2255	Meadow	
8-150	2256-2260	side	
8-151	2260-2261	,	
8-152	2262-2267	Vines	
8-153	2267-2268	,	
8-154	2269-2272	yea	
8-155	2272-2273	,	
8-156	2274-2278	Hops	
8-157	2278-2279	.	

#Text=—Et Arbuta passim,*
#Text=Et Glaucas Salices, Casiamque Crocumque rebentem,
#Text=Et pinguem Tiliam, & ferrugineos Hyacinthos, &c.
9-1	2281-2282	—	
9-2	2282-2284	Et	
9-3	2285-2291	Arbuta	
9-4	2292-2298	passim	
9-5	2298-2299	,	
9-6	2299-2300	*	
9-7	2301-2303	Et	
9-8	2304-2311	Glaucas	
9-9	2312-2319	Salices	
9-10	2319-2320	,	
9-11	2321-2330	Casiamque	
9-12	2331-2340	Crocumque	
9-13	2341-2349	rebentem	
9-14	2349-2350	,	
9-15	2351-2353	Et	
9-16	2354-2361	pinguem	
9-17	2362-2368	Tiliam	
9-18	2368-2369	,	
9-19	2370-2371	&	
9-20	2372-2383	ferrugineos	
9-21	2384-2394	Hyacinthos	
9-22	2394-2395	,	
9-23	2396-2397	&	
9-24	2397-2398	c	
9-25	2398-2399	.	

#Text=For, there is a very sweet smelling Sally, and the blossoms of
#Text=the Tilia or Lime-tree, are incomparably fragrant; in brief,
#Text=whatsoever is odoriferous and refreshing.
10-1	2400-2403	For	
10-2	2403-2404	,	
10-3	2405-2410	there	
10-4	2411-2413	is	
10-5	2414-2415	a	
10-6	2416-2420	very	
10-7	2421-2426	sweet	
10-8	2427-2435	smelling	
10-9	2436-2441	Sally	
10-10	2441-2442	,	
10-11	2443-2446	and	
10-12	2447-2450	the	
10-13	2451-2459	blossoms	
10-14	2460-2462	of	
10-15	2463-2466	the	
10-16	2467-2472	Tilia	
10-17	2473-2475	or	
10-18	2476-2485	Lime-tree	
10-19	2485-2486	,	
10-20	2487-2490	are	
10-21	2491-2503	incomparably	
10-22	2504-2512	fragrant	
10-23	2512-2513	;	
10-24	2514-2516	in	
10-25	2517-2522	brief	
10-26	2522-2523	,	
10-27	2524-2534	whatsoever	
10-28	2535-2537	is	
10-29	2538-2549	odoriferous	
10-30	2550-2553	and	
10-31	2554-2564	refreshing	
10-32	2564-2565	.	

#Text=That the Spaces, or Aera between these Palisads, and Fences,
#Text=be employ ' d in Beds and Bordures of Pinks, Carnations, Clove,
#Text=Stock-gilly-flower, Primroses, Aurieulds, Violets, not forgetting
#Text=the White, which are in flower twice a year, April and August:
#Text=
#Text=Cowslips, Lillies, Nareissus, Strawberries, whose very leaves as
#Text=well as fruit, emit a Cardiaque, and most refreshing Halitus: also
#Text=Parietaria Lutea, Musk, Lemmon, and Mastick, Thyme: Spike,
#Text=Cammomile, Balm, Mint, Marjoram, Pempernel, and Serpillum,
#Text=&c. which upon the least pressure and cutting, breathe out and
#Text=betray their ravishing odors.
11-1	2567-2571	That	
11-2	2572-2575	the	
11-3	2576-2582	Spaces	
11-4	2582-2583	,	
11-5	2584-2586	or	
11-6	2587-2591	Aera	
11-7	2592-2599	between	
11-8	2600-2605	these	
11-9	2606-2614	Palisads	
11-10	2614-2615	,	
11-11	2616-2619	and	
11-12	2620-2626	Fences	
11-13	2626-2627	,	
11-14	2628-2630	be	
11-15	2631-2637	employ	
11-16	2638-2639	'	
11-17	2640-2641	d	
11-18	2642-2644	in	
11-19	2645-2649	Beds	
11-20	2650-2653	and	
11-21	2654-2662	Bordures	
11-22	2663-2665	of	
11-23	2666-2671	Pinks	
11-24	2671-2672	,	
11-25	2673-2683	Carnations	
11-26	2683-2684	,	
11-27	2685-2690	Clove	
11-28	2690-2691	,	
11-29	2692-2710	Stock-gilly-flower	
11-30	2710-2711	,	
11-31	2712-2721	Primroses	
11-32	2721-2722	,	
11-33	2723-2732	Aurieulds	
11-34	2732-2733	,	
11-35	2734-2741	Violets	
11-36	2741-2742	,	
11-37	2743-2746	not	
11-38	2747-2757	forgetting	
11-39	2758-2761	the	
11-40	2762-2767	White	
11-41	2767-2768	,	
11-42	2769-2774	which	
11-43	2775-2778	are	
11-44	2779-2781	in	
11-45	2782-2788	flower	
11-46	2789-2794	twice	
11-47	2795-2796	a	
11-48	2797-2801	year	
11-49	2801-2802	,	
11-50	2803-2808	April	
11-51	2809-2812	and	
11-52	2813-2819	August	
11-53	2819-2820	:	
11-54	2822-2830	Cowslips	
11-55	2830-2831	,	
11-56	2832-2839	Lillies	
11-57	2839-2840	,	
11-58	2841-2850	Nareissus	
11-59	2850-2851	,	
11-60	2852-2864	Strawberries	
11-61	2864-2865	,	
11-62	2866-2871	whose	
11-63	2872-2876	very	
11-64	2877-2883	leaves	
11-65	2884-2886	as	
11-66	2887-2891	well	
11-67	2892-2894	as	
11-68	2895-2900	fruit	
11-69	2900-2901	,	
11-70	2902-2906	emit	
11-71	2907-2908	a	
11-72	2909-2918	Cardiaque	
11-73	2918-2919	,	
11-74	2920-2923	and	
11-75	2924-2928	most	
11-76	2929-2939	refreshing	
11-77	2940-2947	Halitus	
11-78	2947-2948	:	
11-79	2949-2953	also	
11-80	2954-2964	Parietaria	
11-81	2965-2970	Lutea	
11-82	2970-2971	,	
11-83	2972-2976	Musk	
11-84	2976-2977	,	
11-85	2978-2984	Lemmon	
11-86	2984-2985	,	
11-87	2986-2989	and	
11-88	2990-2997	Mastick	
11-89	2997-2998	,	
11-90	2999-3004	Thyme	
11-91	3004-3005	:	
11-92	3006-3011	Spike	
11-93	3011-3012	,	
11-94	3013-3022	Cammomile	
11-95	3022-3023	,	
11-96	3024-3028	Balm	
11-97	3028-3029	,	
11-98	3030-3034	Mint	
11-99	3034-3035	,	
11-100	3036-3044	Marjoram	
11-101	3044-3045	,	
11-102	3046-3055	Pempernel	
11-103	3055-3056	,	
11-104	3057-3060	and	
11-105	3061-3070	Serpillum	
11-106	3070-3071	,	
11-107	3072-3073	&	
11-108	3073-3074	c	
11-109	3074-3075	.	
11-110	3076-3081	which	
11-111	3082-3086	upon	
11-112	3087-3090	the	
11-113	3091-3096	least	
11-114	3097-3105	pressure	
11-115	3106-3109	and	
11-116	3110-3117	cutting	
11-117	3117-3118	,	
11-118	3119-3126	breathe	
11-119	3127-3130	out	
11-120	3131-3134	and	
11-121	3135-3141	betray	
11-122	3142-3147	their	
11-123	3148-3157	ravishing	
11-124	3158-3163	odors	
11-125	3163-3164	.	

#Text=That the Fields, and Crofts within these Closures, or Invironing
#Text=Gardens, be, some of them, planted with wild Thyme, and
#Text=others reserved for Plots of Beans, Pease (not Cabbages, whose
#Text=rotten and perishing stalks have a very noisom and unhealthy
#Text=smell, and therefore by Hyppocrates utterly condemned near
#Text=great Cities) but such blossom-bearing Grain as send forth their
#Text=virtue at farthest distance, and are all of them marketable at
#Text=London; by which means, the Aer and Winds perpetually fann ' d
#Text=from so many circling and encompassing Hedges, fragrant Shrubs,
#Text=Trees, and Flowers (the amputation and prunings of whose superfluities,
#Text=may in Winter, on some occasions of weather, and
#Text=winds, be burnt, to visit the City with a more benign smoak) not
#Text=onely all that did approach the Region, which is properly design ' d
#Text=to be Flowery; but even the whole City, would be sensible
#Text=of the sweet and ravishing varieties of the perfumes, as well
#Text=as of the most delightful and pleasant objects, and places of
#Text=Recreation for the Inhabitants; yielding also a Prospect of a noble
#Text=and masculine Majesty, by reason of the frequent plantations
#Text=of Trees, and Nurseries for Ornament, Profit, and Security:
#Text=The remainder of the Fields included, yielding the same, and
#Text=better Shelter, and Pasture for Sheep and Cattel then now;
#Text=that they lie bleak, expos ' d and abandon ' d to the winds, which
#Text=perpetually invade them.
12-1	3166-3170	That	
12-2	3171-3174	the	
12-3	3175-3181	Fields	
12-4	3181-3182	,	
12-5	3183-3186	and	
12-6	3187-3193	Crofts	
12-7	3194-3200	within	
12-8	3201-3206	these	
12-9	3207-3215	Closures	
12-10	3215-3216	,	
12-11	3217-3219	or	
12-12	3220-3230	Invironing	
12-13	3231-3238	Gardens	
12-14	3238-3239	,	
12-15	3240-3242	be	
12-16	3242-3243	,	
12-17	3244-3248	some	
12-18	3249-3251	of	
12-19	3252-3256	them	
12-20	3256-3257	,	
12-21	3258-3265	planted	
12-22	3266-3270	with	
12-23	3271-3275	wild	
12-24	3276-3281	Thyme	
12-25	3281-3282	,	
12-26	3283-3286	and	
12-27	3287-3293	others	
12-28	3294-3302	reserved	
12-29	3303-3306	for	
12-30	3307-3312	Plots	
12-31	3313-3315	of	
12-32	3316-3321	Beans	
12-33	3321-3322	,	
12-34	3323-3328	Pease	
12-35	3329-3330	(	
12-36	3330-3333	not	
12-37	3334-3342	Cabbages	
12-38	3342-3343	,	
12-39	3344-3349	whose	
12-40	3350-3356	rotten	
12-41	3357-3360	and	
12-42	3361-3370	perishing	
12-43	3371-3377	stalks	
12-44	3378-3382	have	
12-45	3383-3384	a	
12-46	3385-3389	very	
12-47	3390-3396	noisom	
12-48	3397-3400	and	
12-49	3401-3410	unhealthy	
12-50	3411-3416	smell	
12-51	3416-3417	,	
12-52	3418-3421	and	
12-53	3422-3431	therefore	
12-54	3432-3434	by	
12-55	3435-3446	Hyppocrates	
12-56	3447-3454	utterly	
12-57	3455-3464	condemned	
12-58	3465-3469	near	
12-59	3470-3475	great	
12-60	3476-3482	Cities	
12-61	3482-3483	)	
12-62	3484-3487	but	
12-63	3488-3492	such	
12-64	3493-3508	blossom-bearing	
12-65	3509-3514	Grain	
12-66	3515-3517	as	
12-67	3518-3522	send	
12-68	3523-3528	forth	
12-69	3529-3534	their	
12-70	3535-3541	virtue	
12-71	3542-3544	at	
12-72	3545-3553	farthest	
12-73	3554-3562	distance	
12-74	3562-3563	,	
12-75	3564-3567	and	
12-76	3568-3571	are	
12-77	3572-3575	all	
12-78	3576-3578	of	
12-79	3579-3583	them	
12-80	3584-3594	marketable	
12-81	3595-3597	at	
12-82	3598-3604	London	
12-83	3604-3605	;	
12-84	3606-3608	by	
12-85	3609-3614	which	
12-86	3615-3620	means	
12-87	3620-3621	,	
12-88	3622-3625	the	
12-89	3626-3629	Aer	
12-90	3630-3633	and	
12-91	3634-3639	Winds	
12-92	3640-3651	perpetually	
12-93	3652-3656	fann	
12-94	3657-3658	'	
12-95	3659-3660	d	
12-96	3661-3665	from	
12-97	3666-3668	so	
12-98	3669-3673	many	
12-99	3674-3682	circling	
12-100	3683-3686	and	
12-101	3687-3699	encompassing	
12-102	3700-3706	Hedges	
12-103	3706-3707	,	
12-104	3708-3716	fragrant	
12-105	3717-3723	Shrubs	
12-106	3723-3724	,	
12-107	3725-3730	Trees	
12-108	3730-3731	,	
12-109	3732-3735	and	
12-110	3736-3743	Flowers	
12-111	3744-3745	(	
12-112	3745-3748	the	
12-113	3749-3759	amputation	
12-114	3760-3763	and	
12-115	3764-3772	prunings	
12-116	3773-3775	of	
12-117	3776-3781	whose	
12-118	3782-3795	superfluities	
12-119	3795-3796	,	
12-120	3797-3800	may	
12-121	3801-3803	in	
12-122	3804-3810	Winter	
12-123	3810-3811	,	
12-124	3812-3814	on	
12-125	3815-3819	some	
12-126	3820-3829	occasions	
12-127	3830-3832	of	
12-128	3833-3840	weather	
12-129	3840-3841	,	
12-130	3842-3845	and	
12-131	3846-3851	winds	
12-132	3851-3852	,	
12-133	3853-3855	be	
12-134	3856-3861	burnt	
12-135	3861-3862	,	
12-136	3863-3865	to	
12-137	3866-3871	visit	
12-138	3872-3875	the	
12-139	3876-3880	City	
12-140	3881-3885	with	
12-141	3886-3887	a	
12-142	3888-3892	more	
12-143	3893-3899	benign	
12-144	3900-3905	smoak	
12-145	3905-3906	)	
12-146	3907-3910	not	
12-147	3911-3916	onely	
12-148	3917-3920	all	
12-149	3921-3925	that	
12-150	3926-3929	did	
12-151	3930-3938	approach	
12-152	3939-3942	the	
12-153	3943-3949	Region	
12-154	3949-3950	,	
12-155	3951-3956	which	
12-156	3957-3959	is	
12-157	3960-3968	properly	
12-158	3969-3975	design	
12-159	3976-3977	'	
12-160	3978-3979	d	
12-161	3980-3982	to	
12-162	3983-3985	be	
12-163	3986-3993	Flowery	
12-164	3993-3994	;	
12-165	3995-3998	but	
12-166	3999-4003	even	
12-167	4004-4007	the	
12-168	4008-4013	whole	
12-169	4014-4018	City	
12-170	4018-4019	,	
12-171	4020-4025	would	
12-172	4026-4028	be	
12-173	4029-4037	sensible	
12-174	4038-4040	of	
12-175	4041-4044	the	
12-176	4045-4050	sweet	
12-177	4051-4054	and	
12-178	4055-4064	ravishing	
12-179	4065-4074	varieties	
12-180	4075-4077	of	
12-181	4078-4081	the	
12-182	4082-4090	perfumes	
12-183	4090-4091	,	
12-184	4092-4094	as	
12-185	4095-4099	well	
12-186	4100-4102	as	
12-187	4103-4105	of	
12-188	4106-4109	the	
12-189	4110-4114	most	
12-190	4115-4125	delightful	
12-191	4126-4129	and	
12-192	4130-4138	pleasant	
12-193	4139-4146	objects	
12-194	4146-4147	,	
12-195	4148-4151	and	
12-196	4152-4158	places	
12-197	4159-4161	of	
12-198	4162-4172	Recreation	
12-199	4173-4176	for	
12-200	4177-4180	the	
12-201	4181-4192	Inhabitants	
12-202	4192-4193	;	
12-203	4194-4202	yielding	
12-204	4203-4207	also	
12-205	4208-4209	a	
12-206	4210-4218	Prospect	
12-207	4219-4221	of	
12-208	4222-4223	a	
12-209	4224-4229	noble	
12-210	4230-4233	and	
12-211	4234-4243	masculine	
12-212	4244-4251	Majesty	
12-213	4251-4252	,	
12-214	4253-4255	by	
12-215	4256-4262	reason	
12-216	4263-4265	of	
12-217	4266-4269	the	
12-218	4270-4278	frequent	
12-219	4279-4290	plantations	
12-220	4291-4293	of	
12-221	4294-4299	Trees	
12-222	4299-4300	,	
12-223	4301-4304	and	
12-224	4305-4314	Nurseries	
12-225	4315-4318	for	
12-226	4319-4327	Ornament	
12-227	4327-4328	,	
12-228	4329-4335	Profit	
12-229	4335-4336	,	
12-230	4337-4340	and	
12-231	4341-4349	Security	
12-232	4349-4350	:	
12-233	4351-4354	The	
12-234	4355-4364	remainder	
12-235	4365-4367	of	
12-236	4368-4371	the	
12-237	4372-4378	Fields	
12-238	4379-4387	included	
12-239	4387-4388	,	
12-240	4389-4397	yielding	
12-241	4398-4401	the	
12-242	4402-4406	same	
12-243	4406-4407	,	
12-244	4408-4411	and	
12-245	4412-4418	better	
12-246	4419-4426	Shelter	
12-247	4426-4427	,	
12-248	4428-4431	and	
12-249	4432-4439	Pasture	
12-250	4440-4443	for	
12-251	4444-4449	Sheep	
12-252	4450-4453	and	
12-253	4454-4460	Cattel	
12-254	4461-4465	then	
12-255	4466-4469	now	
12-256	4469-4470	;	
12-257	4471-4475	that	
12-258	4476-4480	they	
12-259	4481-4484	lie	
12-260	4485-4490	bleak	
12-261	4490-4491	,	
12-262	4492-4497	expos	
12-263	4498-4499	'	
12-264	4500-4501	d	
12-265	4502-4505	and	
12-266	4506-4513	abandon	
12-267	4514-4515	'	
12-268	4516-4517	d	
12-269	4518-4520	to	
12-270	4521-4524	the	
12-271	4525-4530	winds	
12-272	4530-4531	,	
12-273	4532-4537	which	
12-274	4538-4549	perpetually	
12-275	4550-4556	invade	
12-276	4557-4561	them	
12-277	4561-4562	.	

#Text=That, to this end, the Gardiners (which now cultivate the
#Text=upper, more drie and ungrateful soil) be encouraged to begin
#Text=Plantations in such places onely: and the farther exorbitant encrease
#Text=of Tenements, poor and nasty Cottages near the City,
#Text=be prohibited, which disgrace and take off from the sweetness
#Text=and amoenity of the Environs of London, and are already become
#Text=a great Eye-sore in the grounds opposite to His Majesty ' s
#Text=Palace of White hall; which being converted to this use,
#Text=might yield a diversion inferior to none that could be imagin ' d
#Text=
#Text=for Health, Profit, and Beauty, which are the three Transcendencies
#Text=that render a place without all exception.
13-1	4564-4568	That	
13-2	4568-4569	,	
13-3	4570-4572	to	
13-4	4573-4577	this	
13-5	4578-4581	end	
13-6	4581-4582	,	
13-7	4583-4586	the	
13-8	4587-4596	Gardiners	
13-9	4597-4598	(	
13-10	4598-4603	which	
13-11	4604-4607	now	
13-12	4608-4617	cultivate	
13-13	4618-4621	the	
13-14	4622-4627	upper	
13-15	4627-4628	,	
13-16	4629-4633	more	
13-17	4634-4638	drie	
13-18	4639-4642	and	
13-19	4643-4653	ungrateful	
13-20	4654-4658	soil	
13-21	4658-4659	)	
13-22	4660-4662	be	
13-23	4663-4673	encouraged	
13-24	4674-4676	to	
13-25	4677-4682	begin	
13-26	4683-4694	Plantations	
13-27	4695-4697	in	
13-28	4698-4702	such	
13-29	4703-4709	places	
13-30	4710-4715	onely	
13-31	4715-4716	:	
13-32	4717-4720	and	
13-33	4721-4724	the	
13-34	4725-4732	farther	
13-35	4733-4743	exorbitant	
13-36	4744-4752	encrease	
13-37	4753-4755	of	
13-38	4756-4765	Tenements	
13-39	4765-4766	,	
13-40	4767-4771	poor	
13-41	4772-4775	and	
13-42	4776-4781	nasty	
13-43	4782-4790	Cottages	
13-44	4791-4795	near	
13-45	4796-4799	the	
13-46	4800-4804	City	
13-47	4804-4805	,	
13-48	4806-4808	be	
13-49	4809-4819	prohibited	
13-50	4819-4820	,	
13-51	4821-4826	which	
13-52	4827-4835	disgrace	
13-53	4836-4839	and	
13-54	4840-4844	take	
13-55	4845-4848	off	
13-56	4849-4853	from	
13-57	4854-4857	the	
13-58	4858-4867	sweetness	
13-59	4868-4871	and	
13-60	4872-4880	amoenity	
13-61	4881-4883	of	
13-62	4884-4887	the	
13-63	4888-4896	Environs	
13-64	4897-4899	of	
13-65	4900-4906	London	
13-66	4906-4907	,	
13-67	4908-4911	and	
13-68	4912-4915	are	
13-69	4916-4923	already	
13-70	4924-4930	become	
13-71	4931-4932	a	
13-72	4933-4938	great	
13-73	4939-4947	Eye-sore	
13-74	4948-4950	in	
13-75	4951-4954	the	
13-76	4955-4962	grounds	
13-77	4963-4971	opposite	
13-78	4972-4974	to	
13-79	4975-4978	His	
13-80	4979-4986	Majesty	
13-81	4987-4988	'	
13-82	4989-4990	s	
13-83	4991-4997	Palace	
13-84	4998-5000	of	
13-85	5001-5006	White	
13-86	5007-5011	hall	
13-87	5011-5012	;	
13-88	5013-5018	which	
13-89	5019-5024	being	
13-90	5025-5034	converted	
13-91	5035-5037	to	
13-92	5038-5042	this	
13-93	5043-5046	use	
13-94	5046-5047	,	
13-95	5048-5053	might	
13-96	5054-5059	yield	
13-97	5060-5061	a	
13-98	5062-5071	diversion	
13-99	5072-5080	inferior	
13-100	5081-5083	to	
13-101	5084-5088	none	
13-102	5089-5093	that	
13-103	5094-5099	could	
13-104	5100-5102	be	
13-105	5103-5109	imagin	
13-106	5110-5111	'	
13-107	5112-5113	d	
13-108	5115-5118	for	
13-109	5119-5125	Health	
13-110	5125-5126	,	
13-111	5127-5133	Profit	
13-112	5133-5134	,	
13-113	5135-5138	and	
13-114	5139-5145	Beauty	
13-115	5145-5146	,	
13-116	5147-5152	which	
13-117	5153-5156	are	
13-118	5157-5160	the	
13-119	5161-5166	three	
13-120	5167-5182	Transcendencies	
13-121	5183-5187	that	
13-122	5188-5194	render	
13-123	5195-5196	a	
13-124	5197-5202	place	
13-125	5203-5210	without	
13-126	5211-5214	all	
13-127	5215-5224	exception	
13-128	5224-5225	.	

#Text=And
#Text=this is what (in short) I had to offer, for the Improvement and
#Text=Melioration of the Aer about London, and with which I shall
#Text=conclude this discourse.
14-1	5226-5229	And	
14-2	5230-5234	this	
14-3	5235-5237	is	
14-4	5238-5242	what	
14-5	5243-5244	(	
14-6	5244-5246	in	
14-7	5247-5252	short	
14-8	5252-5253	)	
14-9	5254-5255	I	
14-10	5256-5259	had	
14-11	5260-5262	to	
14-12	5263-5268	offer	
14-13	5268-5269	,	
14-14	5270-5273	for	
14-15	5274-5277	the	
14-16	5278-5289	Improvement	
14-17	5290-5293	and	
14-18	5294-5305	Melioration	
14-19	5306-5308	of	
14-20	5309-5312	the	
14-21	5313-5316	Aer	
14-22	5317-5322	about	
14-23	5323-5329	London	
14-24	5329-5330	,	
14-25	5331-5334	and	
14-26	5335-5339	with	
14-27	5340-5345	which	
14-28	5346-5347	I	
14-29	5348-5353	shall	
14-30	5354-5362	conclude	
14-31	5363-5367	this	
14-32	5368-5377	discourse	
14-33	5377-5378	.	

#Text=FINIS.
15-1	5380-5385	FINIS	
15-2	5385-5386	.	
