#FORMAT=WebAnno TSV 3.3


#Text=37 Jesus autem emissa voce magna expiravit.
#Text=38 Et velum templi scissum est in duo, a summo usque deorsum.
#Text=39 Videns autem centurio, qui ex adverso stabat, quia sic clamans expirasset, ait : Vere hic homo Filius Dei erat.
#Text=40 Erant autem et mulieres de longe aspicientes : inter quas erat Maria Magdalene, et Maria Jacobi minoris, et Joseph mater, et Salome : 41 et cum esset in Galilæa, sequebantur eum, et ministrabant ei, et aliæ multæ, quæ simul cum eo ascenderant Jerosolymam.
#Text=42 Et cum jam sero esset factum (quia erat parasceve, quod est ante sabbatum), 43 venit Joseph ab Arimathæa nobilis decurio, qui et ipse erat exspectans regnum Dei, et audacter introivit ad Pilatum, et petiit corpus Jesu.
#Text=44 Pilatus autem mirabatur si jam obiisset.
1-1	2-4	37	
1-2	5-10	Jesus	
1-3	11-16	autem	
1-4	17-23	emissa	
1-5	24-28	voce	
1-6	29-34	magna	
1-7	35-44	expiravit	
1-8	44-45	.	
1-9	46-48	38	
1-10	49-51	Et	
1-11	52-57	velum	
1-12	58-64	templi	
1-13	65-72	scissum	
1-14	73-76	est	
1-15	77-79	in	
1-16	80-83	duo	
1-17	83-84	,	
1-18	85-86	a	
1-19	87-92	summo	
1-20	93-98	usque	
1-21	99-106	deorsum	
1-22	106-107	.	
1-23	108-110	39	
1-24	111-117	Videns	
1-25	118-123	autem	
1-26	124-132	centurio	
1-27	132-133	,	
1-28	134-137	qui	
1-29	138-140	ex	
1-30	141-148	adverso	
1-31	149-155	stabat	
1-32	155-156	,	
1-33	157-161	quia	
1-34	162-165	sic	
1-35	166-173	clamans	
1-36	174-184	expirasset	
1-37	184-185	,	
1-38	186-189	ait	
1-39	190-191	:	
1-40	192-196	Vere	
1-41	197-200	hic	
1-42	201-205	homo	
1-43	206-212	Filius	
1-44	213-216	Dei	
1-45	217-221	erat	
1-46	221-222	.	
1-47	223-225	40	
1-48	226-231	Erant	
1-49	232-237	autem	
1-50	238-240	et	
1-51	241-249	mulieres	
1-52	250-252	de	
1-53	253-258	longe	
1-54	259-270	aspicientes	
1-55	271-272	:	
1-56	273-278	inter	
1-57	279-283	quas	
1-58	284-288	erat	
1-59	289-294	Maria	
1-60	295-304	Magdalene	
1-61	304-305	,	
1-62	306-308	et	
1-63	309-314	Maria	
1-64	315-321	Jacobi	
1-65	322-329	minoris	
1-66	329-330	,	
1-67	331-333	et	
1-68	334-340	Joseph	
1-69	341-346	mater	
1-70	346-347	,	
1-71	348-350	et	
1-72	351-357	Salome	
1-73	358-359	:	
1-74	360-362	41	
1-75	363-365	et	
1-76	366-369	cum	
1-77	370-375	esset	
1-78	376-378	in	
1-79	379-386	Galilæa	
1-80	386-387	,	
1-81	388-399	sequebantur	
1-82	400-403	eum	
1-83	403-404	,	
1-84	405-407	et	
1-85	408-420	ministrabant	
1-86	421-423	ei	
1-87	423-424	,	
1-88	425-427	et	
1-89	428-432	aliæ	
1-90	433-438	multæ	
1-91	438-439	,	
1-92	440-443	quæ	
1-93	444-449	simul	
1-94	450-453	cum	
1-95	454-456	eo	
1-96	457-468	ascenderant	
1-97	469-480	Jerosolymam	
1-98	480-481	.	
1-99	482-484	42	
1-100	485-487	Et	
1-101	488-491	cum	
1-102	492-495	jam	
1-103	496-500	sero	
1-104	501-506	esset	
1-105	507-513	factum	
1-106	514-515	(	
1-107	515-519	quia	
1-108	520-524	erat	
1-109	525-534	parasceve	
1-110	534-535	,	
1-111	536-540	quod	
1-112	541-544	est	
1-113	545-549	ante	
1-114	550-558	sabbatum	
1-115	558-559	)	
1-116	559-560	,	
1-117	561-563	43	
1-118	564-569	venit	
1-119	570-576	Joseph	
1-120	577-579	ab	
1-121	580-589	Arimathæa	
1-122	590-597	nobilis	
1-123	598-605	decurio	
1-124	605-606	,	
1-125	607-610	qui	
1-126	611-613	et	
1-127	614-618	ipse	
1-128	619-623	erat	
1-129	624-634	exspectans	
1-130	635-641	regnum	
1-131	642-645	Dei	
1-132	645-646	,	
1-133	647-649	et	
1-134	650-658	audacter	
1-135	659-668	introivit	
1-136	669-671	ad	
1-137	672-679	Pilatum	
1-138	679-680	,	
1-139	681-683	et	
1-140	684-690	petiit	
1-141	691-697	corpus	
1-142	698-702	Jesu	
1-143	702-703	.	
1-144	704-706	44	
1-145	707-714	Pilatus	
1-146	715-720	autem	
1-147	721-730	mirabatur	
1-148	731-733	si	
1-149	734-737	jam	
1-150	738-746	obiisset	
1-151	746-747	.	

#Text=Et accersito centurione, interrogavit eum si jam mortuus esset.
#Text=45 Et cum cognovisset a centurione, donavit corpus Joseph.
#Text=46 Joseph autem mercatus sindonem, et deponens eum involvit sindone, et posuit eum in monumento quod erat excisum de petra, et advolvit lapidem ad ostium monumenti.
#Text=47 Maria autem Magdalene et Maria Joseph aspiciebant ubi poneretur.
2-1	748-750	Et	
2-2	751-760	accersito	
2-3	761-771	centurione	
2-4	771-772	,	
2-5	773-785	interrogavit	
2-6	786-789	eum	
2-7	790-792	si	
2-8	793-796	jam	
2-9	797-804	mortuus	
2-10	805-810	esset	
2-11	810-811	.	
2-12	812-814	45	
2-13	815-817	Et	
2-14	818-821	cum	
2-15	822-833	cognovisset	
2-16	834-835	a	
2-17	836-846	centurione	
2-18	846-847	,	
2-19	848-855	donavit	
2-20	856-862	corpus	
2-21	863-869	Joseph	
2-22	869-870	.	
2-23	871-873	46	
2-24	874-880	Joseph	
2-25	881-886	autem	
2-26	887-895	mercatus	
2-27	896-904	sindonem	
2-28	904-905	,	
2-29	906-908	et	
2-30	909-917	deponens	
2-31	918-921	eum	
2-32	922-930	involvit	
2-33	931-938	sindone	
2-34	938-939	,	
2-35	940-942	et	
2-36	943-949	posuit	
2-37	950-953	eum	
2-38	954-956	in	
2-39	957-966	monumento	
2-40	967-971	quod	
2-41	972-976	erat	
2-42	977-984	excisum	
2-43	985-987	de	
2-44	988-993	petra	
2-45	993-994	,	
2-46	995-997	et	
2-47	998-1006	advolvit	
2-48	1007-1014	lapidem	
2-49	1015-1017	ad	
2-50	1018-1024	ostium	
2-51	1025-1034	monumenti	
2-52	1034-1035	.	
2-53	1036-1038	47	
2-54	1039-1044	Maria	
2-55	1045-1050	autem	
2-56	1051-1060	Magdalene	
2-57	1061-1063	et	
2-58	1064-1069	Maria	
2-59	1070-1076	Joseph	
2-60	1077-1088	aspiciebant	
2-61	1089-1092	ubi	
2-62	1093-1102	poneretur	
2-63	1102-1103	.	

#Text=Caput 16
#Text=
#Text=
#Text=1 Et cum transisset sabbatum, Maria Magdalene, et Maria Jacobi, et Salome emerunt aromata ut venientes ungerent Jesum.
#Text=2 Et valde mane una sabbatorum, veniunt ad monumentum, orto jam sole.
#Text=3 Et dicebant ad invicem : Quis revolvet nobis lapidem ab ostio monumenti ?
3-1	1104-1109	Caput	
3-2	1110-1112	16	
3-3	1115-1116	1	
3-4	1117-1119	Et	
3-5	1120-1123	cum	
3-6	1124-1134	transisset	
3-7	1135-1143	sabbatum	
3-8	1143-1144	,	
3-9	1145-1150	Maria	
3-10	1151-1160	Magdalene	
3-11	1160-1161	,	
3-12	1162-1164	et	
3-13	1165-1170	Maria	
3-14	1171-1177	Jacobi	
3-15	1177-1178	,	
3-16	1179-1181	et	
3-17	1182-1188	Salome	
3-18	1189-1196	emerunt	
3-19	1197-1204	aromata	
3-20	1205-1207	ut	
3-21	1208-1217	venientes	
3-22	1218-1226	ungerent	
3-23	1227-1232	Jesum	
3-24	1232-1233	.	
3-25	1234-1235	2	
3-26	1236-1238	Et	
3-27	1239-1244	valde	
3-28	1245-1249	mane	
3-29	1250-1253	una	
3-30	1254-1264	sabbatorum	
3-31	1264-1265	,	
3-32	1266-1273	veniunt	
3-33	1274-1276	ad	
3-34	1277-1287	monumentum	
3-35	1287-1288	,	
3-36	1289-1293	orto	
3-37	1294-1297	jam	
3-38	1298-1302	sole	
3-39	1302-1303	.	
3-40	1304-1305	3	
3-41	1306-1308	Et	
3-42	1309-1317	dicebant	
3-43	1318-1320	ad	
3-44	1321-1328	invicem	
3-45	1329-1330	:	
3-46	1331-1335	Quis	
3-47	1336-1344	revolvet	
3-48	1345-1350	nobis	
3-49	1351-1358	lapidem	
3-50	1359-1361	ab	
3-51	1362-1367	ostio	
3-52	1368-1377	monumenti	
3-53	1378-1379	?	

#Text=4 Et respicientes viderunt revolutum lapidem.
4-1	1380-1381	4	
4-2	1382-1384	Et	
4-3	1385-1397	respicientes	
4-4	1398-1406	viderunt	
4-5	1407-1416	revolutum	
4-6	1417-1424	lapidem	
4-7	1424-1425	.	

#Text=Erat quippe magnus valde.
#Text=5 Et introëuntes in monumentum viderunt juvenem sedentem in dextris, coopertum stola candida, et obstupuerunt.
#Text=6 Qui dicit illis : Nolite expavescere : Jesum quæritis Nazarenum, crucifixum : surrexit, non est hic, ecce locus ubi posuerunt eum.
#Text=7 Sed ite, dicite discipulis ejus, et Petro, quia præcedit vos in Galilæam : ibi eum videbitis, sicut dixit vobis.
#Text=8 At illæ exeuntes, fugerunt de monumento : invaserat enim eas tremor et pavor : et nemini quidquam dixerunt : timebant enim.
#Text=9 Surgens autem mane prima sabbati, apparuit primo Mariæ Magdalene, de qua ejecerat septem dæmonia.
5-1	1426-1430	Erat	
5-2	1431-1437	quippe	
5-3	1438-1444	magnus	
5-4	1445-1450	valde	
5-5	1450-1451	.	
5-6	1452-1453	5	
5-7	1454-1456	Et	
5-8	1457-1468	introëuntes	
5-9	1469-1471	in	
5-10	1472-1482	monumentum	
5-11	1483-1491	viderunt	
5-12	1492-1499	juvenem	
5-13	1500-1508	sedentem	
5-14	1509-1511	in	
5-15	1512-1519	dextris	
5-16	1519-1520	,	
5-17	1521-1530	coopertum	
5-18	1531-1536	stola	
5-19	1537-1544	candida	
5-20	1544-1545	,	
5-21	1546-1548	et	
5-22	1549-1561	obstupuerunt	
5-23	1561-1562	.	
5-24	1563-1564	6	
5-25	1565-1568	Qui	
5-26	1569-1574	dicit	
5-27	1575-1580	illis	
5-28	1581-1582	:	
5-29	1583-1589	Nolite	
5-30	1590-1601	expavescere	
5-31	1602-1603	:	
5-32	1604-1609	Jesum	
5-33	1610-1618	quæritis	
5-34	1619-1628	Nazarenum	
5-35	1628-1629	,	
5-36	1630-1640	crucifixum	
5-37	1641-1642	:	
5-38	1643-1651	surrexit	
5-39	1651-1652	,	
5-40	1653-1656	non	
5-41	1657-1660	est	
5-42	1661-1664	hic	
5-43	1664-1665	,	
5-44	1666-1670	ecce	
5-45	1671-1676	locus	
5-46	1677-1680	ubi	
5-47	1681-1690	posuerunt	
5-48	1691-1694	eum	
5-49	1694-1695	.	
5-50	1696-1697	7	
5-51	1698-1701	Sed	
5-52	1702-1705	ite	
5-53	1705-1706	,	
5-54	1707-1713	dicite	
5-55	1714-1724	discipulis	
5-56	1725-1729	ejus	
5-57	1729-1730	,	
5-58	1731-1733	et	
5-59	1734-1739	Petro	
5-60	1739-1740	,	
5-61	1741-1745	quia	
5-62	1746-1754	præcedit	
5-63	1755-1758	vos	
5-64	1759-1761	in	
5-65	1762-1770	Galilæam	
5-66	1771-1772	:	
5-67	1773-1776	ibi	
5-68	1777-1780	eum	
5-69	1781-1790	videbitis	
5-70	1790-1791	,	
5-71	1792-1797	sicut	
5-72	1798-1803	dixit	
5-73	1804-1809	vobis	
5-74	1809-1810	.	
5-75	1811-1812	8	
5-76	1813-1815	At	
5-77	1816-1820	illæ	
5-78	1821-1829	exeuntes	
5-79	1829-1830	,	
5-80	1831-1839	fugerunt	
5-81	1840-1842	de	
5-82	1843-1852	monumento	
5-83	1853-1854	:	
5-84	1855-1864	invaserat	
5-85	1865-1869	enim	
5-86	1870-1873	eas	
5-87	1874-1880	tremor	
5-88	1881-1883	et	
5-89	1884-1889	pavor	
5-90	1890-1891	:	
5-91	1892-1894	et	
5-92	1895-1901	nemini	
5-93	1902-1910	quidquam	
5-94	1911-1919	dixerunt	
5-95	1920-1921	:	
5-96	1922-1930	timebant	
5-97	1931-1935	enim	
5-98	1935-1936	.	
5-99	1937-1938	9	
5-100	1939-1946	Surgens	
5-101	1947-1952	autem	
5-102	1953-1957	mane	
5-103	1958-1963	prima	
5-104	1964-1971	sabbati	
5-105	1971-1972	,	
5-106	1973-1981	apparuit	
5-107	1982-1987	primo	
5-108	1988-1993	Mariæ	
5-109	1994-2003	Magdalene	
5-110	2003-2004	,	
5-111	2005-2007	de	
5-112	2008-2011	qua	
5-113	2012-2020	ejecerat	
5-114	2021-2027	septem	
5-115	2028-2035	dæmonia	
5-116	2035-2036	.	
