#FORMAT=WebAnno TSV 3.3


#Text=In al deze vormen treffen ons de waterblaasjes door hunne schoonheid, zij trekken onze opmerkzaamheid tot zich en zetten den geest aan om het raadselachtige te ontwarren.
1-1	2-4	In	
1-2	5-7	al	
1-3	8-12	deze	
1-4	13-19	vormen	
1-5	20-27	treffen	
1-6	28-31	ons	
1-7	32-34	de	
1-8	35-48	waterblaasjes	
1-9	49-53	door	
1-10	54-59	hunne	
1-11	60-70	schoonheid	
1-12	70-71	,	
1-13	72-75	zij	
1-14	76-83	trekken	
1-15	84-88	onze	
1-16	89-103	opmerkzaamheid	
1-17	104-107	tot	
1-18	108-112	zich	
1-19	113-115	en	
1-20	116-122	zetten	
1-21	123-126	den	
1-22	127-132	geest	
1-23	133-136	aan	
1-24	137-139	om	
1-25	140-143	het	
1-26	144-158	raadselachtige	
1-27	159-161	te	
1-28	162-171	ontwarren	
1-29	171-172	.	

#Text=Er is een andere vorm van wolken, namelijk die bij sterke bckoeling uit ijsdeeltjes gevormd wordt.
2-1	177-179	Er	
2-2	180-182	is	
2-3	183-186	een	
2-4	187-193	andere	
2-5	194-198	vorm	
2-6	199-202	van	
2-7	203-209	wolken	
2-8	209-210	,	
2-9	211-219	namelijk	
2-10	220-223	die	
2-11	224-227	bij	
2-12	228-234	sterke	
2-13	235-244	bckoeling	
2-14	245-248	uit	
2-15	249-260	ijsdeeltjes	
2-16	261-268	gevormd	
2-17	269-274	wordt	
2-18	274-275	.	

#Text=In de hoogste streken des dampkrings bevriezen de dampblaasjes.
3-1	276-278	In	
3-2	279-281	de	
3-3	282-289	hoogste	
3-4	290-297	streken	
3-5	298-301	des	
3-6	302-312	dampkrings	
3-7	313-322	bevriezen	
3-8	323-325	de	
3-9	326-338	dampblaasjes	
3-10	338-339	.	

#Text=Geheele wolkenlagen kunnen daaruit bestaan.
4-1	340-347	Geheele	
4-2	348-359	wolkenlagen	
4-3	360-366	kunnen	
4-4	367-374	daaruit	
4-5	375-382	bestaan	
4-6	382-383	.	

#Text=Dit bevriezen kan langzaam geschieden (wij zullen zien dat in dat geval sneeuw ontstaat), of wel schielijk, ja plotseling te voorgeroepen worden.
5-1	384-387	Dit	
5-2	388-397	bevriezen	
5-3	398-401	kan	
5-4	402-410	langzaam	
5-5	411-421	geschieden	
5-6	422-423	(	
5-7	423-426	wij	
5-8	427-433	zullen	
5-9	434-438	zien	
5-10	439-442	dat	
5-11	443-445	in	
5-12	446-449	dat	
5-13	450-455	geval	
5-14	456-462	sneeuw	
5-15	463-471	ontstaat	
5-16	471-472	)	
5-17	472-473	,	
5-18	474-476	of	
5-19	477-480	wel	
5-20	481-490	schielijk	
5-21	490-491	,	
5-22	492-494	ja	
5-23	495-505	plotseling	
5-24	506-508	te	
5-25	509-521	voorgeroepen	
5-26	522-528	worden	
5-27	528-529	.	

#Text=In het laatste geval ontstaat een verschijnsel, in den winter onschadelijk, maar in den zomer vaak vernielend.
6-1	530-532	In	
6-2	533-536	het	
6-3	537-544	laatste	
6-4	545-550	geval	
6-5	551-559	ontstaat	
6-6	560-563	een	
6-7	564-576	verschijnsel	
6-8	576-577	,	
6-9	578-580	in	
6-10	581-584	den	
6-11	585-591	winter	
6-12	592-604	onschadelijk	
6-13	604-605	,	
6-14	606-610	maar	
6-15	611-613	in	
6-16	614-617	den	
6-17	618-623	zomer	
6-18	624-628	vaak	
6-19	629-639	vernielend	
6-20	639-640	.	

#Text=Water buiten aanraking met vaste deelen, en dus in den vorm, waarin het in de bovenlucht is, kan tot een aanmerkelijken graad van koude afgekoeld worden beneden het smeltpunt.
7-1	641-646	Water	
7-2	647-653	buiten	
7-3	654-663	aanraking	
7-4	664-667	met	
7-5	668-673	vaste	
7-6	674-680	deelen	
7-7	680-681	,	
7-8	682-684	en	
7-9	685-688	dus	
7-10	689-691	in	
7-11	692-695	den	
7-12	696-700	vorm	
7-13	700-701	,	
7-14	702-708	waarin	
7-15	709-712	het	
7-16	713-715	in	
7-17	716-718	de	
7-18	719-729	bovenlucht	
7-19	730-732	is	
7-20	732-733	,	
7-21	734-737	kan	
7-22	738-741	tot	
7-23	742-745	een	
7-24	746-760	aanmerkelijken	
7-25	761-766	graad	
7-26	767-770	van	
7-27	771-776	koude	
7-28	777-786	afgekoeld	
7-29	787-793	worden	
7-30	794-801	beneden	
7-31	802-805	het	
7-32	806-815	smeltpunt	
7-33	815-816	.	

#Text=Valt nu een koude windstroom in deze zoo sterk verkoelde massa, zelf in tegengestelde rigting bewogen, zoo kan hij plotseling bevriezen tot grootere korrels, die in de winter nedervallen als hagel, grésil, of ook kunnen naar Arago als een tweede soort van korrels de bevroren waterdruppels hier onderscheiden worden.
8-1	817-821	Valt	
8-2	822-824	nu	
8-3	825-828	een	
8-4	829-834	koude	
8-5	835-845	windstroom	
8-6	846-848	in	
8-7	849-853	deze	
8-8	854-857	zoo	
8-9	858-863	sterk	
8-10	864-873	verkoelde	
8-11	874-879	massa	
8-12	879-880	,	
8-13	881-885	zelf	
8-14	886-888	in	
8-15	889-902	tegengestelde	
8-16	903-910	rigting	
8-17	911-918	bewogen	
8-18	918-919	,	
8-19	920-923	zoo	
8-20	924-927	kan	
8-21	928-931	hij	
8-22	932-942	plotseling	
8-23	943-952	bevriezen	
8-24	953-956	tot	
8-25	957-965	grootere	
8-26	966-973	korrels	
8-27	973-974	,	
8-28	975-978	die	
8-29	979-981	in	
8-30	982-984	de	
8-31	985-991	winter	
8-32	992-1003	nedervallen	
8-33	1004-1007	als	
8-34	1008-1013	hagel	
8-35	1013-1014	,	
8-36	1015-1021	grésil	
8-37	1021-1022	,	
8-38	1023-1025	of	
8-39	1026-1029	ook	
8-40	1030-1036	kunnen	
8-41	1037-1041	naar	
8-42	1042-1047	Arago	
8-43	1048-1051	als	
8-44	1052-1055	een	
8-45	1056-1062	tweede	
8-46	1063-1068	soort	
8-47	1069-1072	van	
8-48	1073-1080	korrels	
8-49	1081-1083	de	
8-50	1084-1092	bevroren	
8-51	1093-1106	waterdruppels	
8-52	1107-1111	hier	
8-53	1112-1125	onderscheiden	
8-54	1126-1132	worden	
8-55	1132-1133	.	

#Text=Is echter in den zomer, of in heete gewesten de opstijgende luchtstroom zeer sterk, zoo worden die massa's zelve tot nog grootere hoogte opgevoerd, de begeleidende waterdamp zet zich nog meer uit, brengt groote koude te weeg;
#Text=terwijl, bij ontmoeting van de hoogste koudste lagen, vooral als die door een tegengestelden luchtstroom onophoudelijk nieuw worden aangevoerd, die koude grootere korrels doet ontstaan.
9-1	1134-1136	Is	
9-2	1137-1143	echter	
9-3	1144-1146	in	
9-4	1147-1150	den	
9-5	1151-1156	zomer	
9-6	1156-1157	,	
9-7	1158-1160	of	
9-8	1161-1163	in	
9-9	1164-1169	heete	
9-10	1170-1178	gewesten	
9-11	1179-1181	de	
9-12	1182-1193	opstijgende	
9-13	1194-1205	luchtstroom	
9-14	1206-1210	zeer	
9-15	1211-1216	sterk	
9-16	1216-1217	,	
9-17	1218-1221	zoo	
9-18	1222-1228	worden	
9-19	1229-1232	die	
9-20	1233-1240	massa's	
9-21	1241-1246	zelve	
9-22	1247-1250	tot	
9-23	1251-1254	nog	
9-24	1255-1263	grootere	
9-25	1264-1270	hoogte	
9-26	1271-1280	opgevoerd	
9-27	1280-1281	,	
9-28	1282-1284	de	
9-29	1285-1297	begeleidende	
9-30	1298-1307	waterdamp	
9-31	1308-1311	zet	
9-32	1312-1316	zich	
9-33	1317-1320	nog	
9-34	1321-1325	meer	
9-35	1326-1329	uit	
9-36	1329-1330	,	
9-37	1331-1337	brengt	
9-38	1338-1344	groote	
9-39	1345-1350	koude	
9-40	1351-1353	te	
9-41	1354-1358	weeg	
9-42	1358-1359	;	
9-43	1360-1367	terwijl	
9-44	1367-1368	,	
9-45	1369-1372	bij	
9-46	1373-1383	ontmoeting	
9-47	1384-1387	van	
9-48	1388-1390	de	
9-49	1391-1398	hoogste	
9-50	1399-1406	koudste	
9-51	1407-1412	lagen	
9-52	1412-1413	,	
9-53	1414-1420	vooral	
9-54	1421-1424	als	
9-55	1425-1428	die	
9-56	1429-1433	door	
9-57	1434-1437	een	
9-58	1438-1452	tegengestelden	
9-59	1453-1464	luchtstroom	
9-60	1465-1478	onophoudelijk	
9-61	1479-1484	nieuw	
9-62	1485-1491	worden	
9-63	1492-1502	aangevoerd	
9-64	1502-1503	,	
9-65	1504-1507	die	
9-66	1508-1513	koude	
9-67	1514-1522	grootere	
9-68	1523-1530	korrels	
9-69	1531-1535	doet	
9-70	1536-1544	ontstaan	
9-71	1544-1545	.	

#Text=De eene korrel de andere ontmoetende vereenigt zich met haar naar de wetten der regelatie.
10-1	1546-1548	De	
10-2	1549-1553	eene	
10-3	1554-1560	korrel	
10-4	1561-1563	de	
10-5	1564-1570	andere	
10-6	1571-1582	ontmoetende	
10-7	1583-1592	vereenigt	
10-8	1593-1597	zich	
10-9	1598-1601	met	
10-10	1602-1606	haar	
10-11	1607-1611	naar	
10-12	1612-1614	de	
10-13	1615-1621	wetten	
10-14	1622-1625	der	
10-15	1626-1635	regelatie	
10-16	1635-1636	.	

#Text=Het is echter een genootschap met geheime statu-
#Text=
#Text=[
#Text=p. 45]
#Text=
#Text=ten door de waterdeeltjes gevormd.
11-1	1637-1640	Het	
11-2	1641-1643	is	
11-3	1644-1650	echter	
11-4	1651-1654	een	
11-5	1655-1666	genootschap	
11-6	1667-1670	met	
11-7	1671-1678	geheime	
11-8	1679-1684	statu	
11-9	1684-1685	-	
11-10	1687-1688	[	
11-11	1689-1690	p	
11-12	1690-1691	.	
11-13	1692-1694	45	
11-14	1694-1695	]	
11-15	1697-1700	ten	
11-16	1701-1705	door	
11-17	1706-1708	de	
11-18	1709-1722	waterdeeltjes	
11-19	1723-1730	gevormd	
11-20	1730-1731	.	

#Text=De natuurkundigen hebben ze nog niet ontdekt, vooral niet hoe zij zich zoo kunnen uitbreiden, hoe de korrels zoo groot kunnen worden.
12-1	1732-1734	De	
12-2	1735-1749	natuurkundigen	
12-3	1750-1756	hebben	
12-4	1757-1759	ze	
12-5	1760-1763	nog	
12-6	1764-1768	niet	
12-7	1769-1776	ontdekt	
12-8	1776-1777	,	
12-9	1778-1784	vooral	
12-10	1785-1789	niet	
12-11	1790-1793	hoe	
12-12	1794-1797	zij	
12-13	1798-1802	zich	
12-14	1803-1806	zoo	
12-15	1807-1813	kunnen	
12-16	1814-1824	uitbreiden	
12-17	1824-1825	,	
12-18	1826-1829	hoe	
12-19	1830-1832	de	
12-20	1833-1840	korrels	
12-21	1841-1844	zoo	
12-22	1845-1850	groot	
12-23	1851-1857	kunnen	
12-24	1858-1864	worden	
12-25	1864-1865	.	

#Text=Het is hier niet genoeg te zeggen:
#Text=eenige ijsnaalden voegen zich aaneen en daarom heen bevriest nu een hagelvormige laag water als helder ijs, want van waar ontleent men de latente warmte, die voor zulk een betrekkelijk dikke laag dikwijls zoo aanmerkelijk is.
13-1	1866-1869	Het	
13-2	1870-1872	is	
13-3	1873-1877	hier	
13-4	1878-1882	niet	
13-5	1883-1889	genoeg	
13-6	1890-1892	te	
13-7	1893-1899	zeggen	
13-8	1899-1900	:	
13-9	1901-1907	eenige	
13-10	1908-1918	ijsnaalden	
13-11	1919-1925	voegen	
13-12	1926-1930	zich	
13-13	1931-1937	aaneen	
13-14	1938-1940	en	
13-15	1941-1947	daarom	
13-16	1948-1952	heen	
13-17	1953-1961	bevriest	
13-18	1962-1964	nu	
13-19	1965-1968	een	
13-20	1969-1981	hagelvormige	
13-21	1982-1986	laag	
13-22	1987-1992	water	
13-23	1993-1996	als	
13-24	1997-2003	helder	
13-25	2004-2007	ijs	
13-26	2007-2008	,	
13-27	2009-2013	want	
13-28	2014-2017	van	
13-29	2018-2022	waar	
13-30	2023-2031	ontleent	
13-31	2032-2035	men	
13-32	2036-2038	de	
13-33	2039-2046	latente	
13-34	2047-2053	warmte	
13-35	2053-2054	,	
13-36	2055-2058	die	
13-37	2059-2063	voor	
13-38	2064-2068	zulk	
13-39	2069-2072	een	
13-40	2073-2085	betrekkelijk	
13-41	2086-2091	dikke	
13-42	2092-2096	laag	
13-43	2097-2105	dikwijls	
13-44	2106-2109	zoo	
13-45	2110-2122	aanmerkelijk	
13-46	2123-2125	is	
13-47	2125-2126	.	

#Text=Men moet dus een reden opsporen, waardoor zij lang genoeg in de lueht kunnen vertoeven.
14-1	2127-2130	Men	
14-2	2131-2135	moet	
14-3	2136-2139	dus	
14-4	2140-2143	een	
14-5	2144-2149	reden	
14-6	2150-2158	opsporen	
14-7	2158-2159	,	
14-8	2160-2168	waardoor	
14-9	2169-2172	zij	
14-10	2173-2177	lang	
14-11	2178-2184	genoeg	
14-12	2185-2187	in	
14-13	2188-2190	de	
14-14	2191-2196	lueht	
14-15	2197-2203	kunnen	
14-16	2204-2213	vertoeven	
14-17	2213-2214	.	
