#FORMAT=WebAnno TSV 3.3
#T_SP=custom.Span|label
#T_RL=custom.Relation|label|BT_custom.Span


#Text=Man ſuche dieſen Samen, der fein
#Text=vollkommen und friſch iſt, unter dem
#Text=auch nicht viel Unrath befindlich.
1-1	6-9	Man	_	_	_	
1-2	10-15	ſuche	_	_	_	
1-3	16-22	dieſen	_	_	_	
1-4	23-28	Samen	_	_	_	
1-5	28-29	,	_	_	_	
1-6	30-33	der	_	_	_	
1-7	34-38	fein	_	_	_	
1-8	39-49	vollkommen	_	_	_	
1-9	50-53	und	_	_	_	
1-10	54-60	friſch	_	_	_	
1-11	61-64	iſt	_	_	_	
1-12	64-65	,	_	_	_	
1-13	66-71	unter	_	_	_	
1-14	72-75	dem	_	_	_	
1-15	76-80	auch	_	_	_	
1-16	81-86	nicht	_	_	_	
1-17	87-91	viel	_	_	_	
1-18	92-98	Unrath	_	_	_	
1-19	99-109	befindlich	_	_	_	
1-20	109-110	.	_	_	_	

#Text=Er wird fuͤr die Laͤuſe/
#Text=vornehmlich
#Text=bey Kindern, gebraucht, wie auch zum
#Text=Blaſenziehen und Stillung der Zahn-
#Text=ſchmertzen/ wenn er vorher in Wein-
#Text=eßig geweichet worden: weil es aber ei-
#Text=ne gefaͤhrliche Sache, deswegen wolte ich
#Text=nicht leichte iemand dazu rathen, zu-
#Text=mahl da ſchon andere Mittel vorhan-
#Text=den, dabey keine ſolche Gefahr zu beſor-
#Text=gen, und dennoch einerley Wirckung zu
#Text=hoffen ſteht.
2-1	114-116	Er	_	_	_	
2-2	117-121	wird	_	_	_	
2-3	122-126	fuͤr	_	_	_	
2-4	127-130	die	_	_	_	
2-5	131-137	Laͤuſe	_	_	_	
2-6	137-138	/	_	_	_	
2-7	139-150	vornehmlich	_	_	_	
2-8	151-154	bey	_	_	_	
2-9	155-162	Kindern	_	_	_	
2-10	162-163	,	_	_	_	
2-11	164-173	gebraucht	_	_	_	
2-12	173-174	,	_	_	_	
2-13	175-178	wie	_	_	_	
2-14	179-183	auch	_	_	_	
2-15	184-187	zum	_	_	_	
2-16	188-200	Blaſenziehen	_	_	_	
2-17	201-204	und	_	_	_	
2-18	205-213	Stillung	_	_	_	
2-19	214-217	der	_	_	_	
2-20	218-222	Zahn	_	_	_	
2-21	222-223	-	_	_	_	
2-22	224-234	ſchmertzen	_	_	_	
2-23	234-235	/	_	_	_	
2-24	236-240	wenn	_	_	_	
2-25	241-243	er	_	_	_	
2-26	244-250	vorher	_	_	_	
2-27	251-253	in	_	_	_	
2-28	254-258	Wein	_	_	_	
2-29	258-259	-	_	_	_	
2-30	260-264	eßig	_	_	_	
2-31	265-274	geweichet	_	_	_	
2-32	275-281	worden	_	_	_	
2-33	281-282	:	_	_	_	
2-34	283-287	weil	_	_	_	
2-35	288-290	es	_	_	_	
2-36	291-295	aber	_	_	_	
2-37	296-298	ei	_	_	_	
2-38	298-299	-	_	_	_	
2-39	300-302	ne	_	_	_	
2-40	303-315	gefaͤhrliche	_	_	_	
2-41	316-321	Sache	_	_	_	
2-42	321-322	,	_	_	_	
2-43	323-331	deswegen	_	_	_	
2-44	332-337	wolte	_	_	_	
2-45	338-341	ich	_	_	_	
2-46	342-347	nicht	_	_	_	
2-47	348-355	leichte	_	_	_	
2-48	356-362	iemand	_	_	_	
2-49	363-367	dazu	_	_	_	
2-50	368-374	rathen	_	_	_	
2-51	374-375	,	_	_	_	
2-52	376-378	zu	_	_	_	
2-53	378-379	-	_	_	_	
2-54	380-384	mahl	_	_	_	
2-55	385-387	da	_	_	_	
2-56	388-393	ſchon	_	_	_	
2-57	394-400	andere	_	_	_	
2-58	401-407	Mittel	_	_	_	
2-59	408-414	vorhan	_	_	_	
2-60	414-415	-	_	_	_	
2-61	416-419	den	_	_	_	
2-62	419-420	,	_	_	_	
2-63	421-426	dabey	_	_	_	
2-64	427-432	keine	_	_	_	
2-65	433-439	ſolche	_	_	_	
2-66	440-446	Gefahr	_	_	_	
2-67	447-449	zu	_	_	_	
2-68	450-455	beſor	_	_	_	
2-69	455-456	-	_	_	_	
2-70	457-460	gen	_	_	_	
2-71	460-461	,	_	_	_	
2-72	462-465	und	_	_	_	
2-73	466-473	dennoch	_	_	_	
2-74	474-482	einerley	_	_	_	
2-75	483-491	Wirckung	_	_	_	
2-76	492-494	zu	_	_	_	
2-77	495-501	hoffen	_	_	_	
2-78	502-507	ſteht	_	_	_	
2-79	507-508	.	_	_	_	

#Text=Das vier und zwantzigſte Capitel.
3-1	513-516	Das	_	_	_	
3-2	517-521	vier	_	_	_	
3-3	522-525	und	_	_	_	
3-4	526-537	zwantzigſte	_	_	_	
3-5	538-545	Capitel	_	_	_	
3-6	545-546	.	_	_	_	

#Text=Vom Biſamſamen.
4-1	549-552	Vom	_	_	_	
4-2	553-563	Biſamſamen	_	_	_	
4-3	563-564	.	_	_	_	

#Text=AMbrette, Graine de Muſc, der Biſam-
#Text=ſamen, iſt ein klein, braun und rau-
#Text=ches Koͤrnlein, wie eine Nadelkoppe groß,
#Text=und wie eine kleine Niere geſtalt, riecht
#Text=nach Moſch und Ambra, ſonderlich,
#Text=wenn es noch friſch iſt, daher es dann
#Text=auch ſeinen Namen hat bekommen.
5-1	568-576	AMbrette	_	_	_	
5-2	576-577	,	_	_	_	
5-3	578-584	Graine	_	_	_	
5-4	585-587	de	_	_	_	
5-5	588-592	Muſc	_	_	_	
5-6	592-593	,	_	_	_	
5-7	594-597	der	Smell\_Source[1]	_	_	
5-8	598-603	Biſam	Smell\_Source[1]	_	_	
5-9	603-604	-	Smell\_Source[1]	_	_	
5-10	605-610	ſamen	Smell\_Source[1]	_	_	
5-11	610-611	,	_	_	_	
5-12	612-615	iſt	_	_	_	
5-13	616-619	ein	_	_	_	
5-14	620-625	klein	_	_	_	
5-15	625-626	,	_	_	_	
5-16	627-632	braun	_	_	_	
5-17	633-636	und	_	_	_	
5-18	637-640	rau	_	_	_	
5-19	640-641	-	_	_	_	
5-20	642-646	ches	_	_	_	
5-21	647-656	Koͤrnlein	Smell\_Source	*	5-7[1_0]	
5-22	656-657	,	_	_	_	
5-23	658-661	wie	_	_	_	
5-24	662-666	eine	_	_	_	
5-25	667-677	Nadelkoppe	_	_	_	
5-26	678-682	groß	_	_	_	
5-27	682-683	,	_	_	_	
5-28	684-687	und	_	_	_	
5-29	688-691	wie	_	_	_	
5-30	692-696	eine	_	_	_	
5-31	697-703	kleine	_	_	_	
5-32	704-709	Niere	_	_	_	
5-33	710-717	geſtalt	_	_	_	
5-34	717-718	,	_	_	_	
5-35	719-725	riecht	Smell\_Word	*|*|*	5-36[2_0]|5-21|5-44	
5-36	726-730	nach	Effect[2]	_	_	
5-37	731-736	Moſch	Effect[2]	_	_	
5-38	737-740	und	Effect[2]	_	_	
5-39	741-746	Ambra	Effect[2]	_	_	
5-40	746-747	,	_	_	_	
5-41	748-758	ſonderlich	_	_	_	
5-42	758-759	,	_	_	_	
5-43	760-764	wenn	Circumstances	_	_	
5-44	765-767	es	Smell\_Source	*	5-45[3_0]	
5-45	768-772	noch	Circumstances[3]	*	5-43[0_3]	
5-46	773-779	friſch	Circumstances[3]	_	_	
5-47	780-783	iſt	Circumstances[3]	_	_	
5-48	783-784	,	_	_	_	
5-49	785-790	daher	_	_	_	
5-50	791-793	es	_	_	_	
5-51	794-798	dann	_	_	_	
5-52	799-803	auch	_	_	_	
5-53	804-810	ſeinen	_	_	_	
5-54	811-816	Namen	_	_	_	
5-55	817-820	hat	_	_	_	
5-56	821-829	bekommen	_	_	_	
5-57	829-830	.	_	_	_	

#Text=Das Kraut ſchieſt gerade in die Hoͤhe,
#Text=hat gruͤne Blaͤtter, die ſo weich als Sam-
#Text=met ſind, und bald wie die Pappel-
#Text=blaͤtter ſehen, darum es auch Alcea In-
#Text=dica villoſa, die Jndianiſche Sammtpap-
#Text=pel genennet wird.
6-1	834-837	Das	_	_	_	
6-2	838-843	Kraut	_	_	_	
6-3	844-851	ſchieſt	_	_	_	
6-4	852-858	gerade	_	_	_	
6-5	859-861	in	_	_	_	
6-6	862-865	die	_	_	_	
6-7	866-871	Hoͤhe	_	_	_	
6-8	871-872	,	_	_	_	
6-9	873-876	hat	_	_	_	
6-10	877-883	gruͤne	_	_	_	
6-11	884-892	Blaͤtter	_	_	_	
6-12	892-893	,	_	_	_	
6-13	894-897	die	_	_	_	
6-14	898-900	ſo	_	_	_	
6-15	901-906	weich	_	_	_	
6-16	907-910	als	_	_	_	
6-17	911-914	Sam	_	_	_	
6-18	914-915	-	_	_	_	
6-19	916-919	met	_	_	_	
6-20	920-924	ſind	_	_	_	
6-21	924-925	,	_	_	_	
6-22	926-929	und	_	_	_	
6-23	930-934	bald	_	_	_	
6-24	935-938	wie	_	_	_	
6-25	939-942	die	_	_	_	
6-26	943-949	Pappel	_	_	_	
6-27	949-950	-	_	_	_	
6-28	951-959	blaͤtter	_	_	_	
6-29	960-965	ſehen	_	_	_	
6-30	965-966	,	_	_	_	
6-31	967-972	darum	_	_	_	
6-32	973-975	es	_	_	_	
6-33	976-980	auch	_	_	_	
6-34	981-986	Alcea	_	_	_	
6-35	987-989	In	_	_	_	
6-36	989-990	-	_	_	_	
6-37	991-995	dica	_	_	_	
6-38	996-1003	villoſa	_	_	_	
6-39	1003-1004	,	_	_	_	
6-40	1005-1008	die	_	_	_	
6-41	1009-1020	Jndianiſche	_	_	_	
6-42	1021-1029	Sammtpap	_	_	_	
6-43	1029-1030	-	_	_	_	
6-44	1031-1034	pel	_	_	_	
6-45	1035-1043	genennet	_	_	_	
6-46	1044-1048	wird	_	_	_	
6-47	1048-1049	.	_	_	_	

#Text=Es traͤgt gelbe Blu-
#Text=men, wie Glocken, aus denen dreyeckig-
#Text=te Huͤlſen entſtehen, die auswendig
#Text=
#Text=braun, inwendig weiß ſehen, und des
#Text=Fingers lang ſind;
#Text=in dieſen liegt der
#Text=Samen.
7-1	1050-1052	Es	_	_	_	
7-2	1053-1059	traͤgt	_	_	_	
7-3	1060-1065	gelbe	_	_	_	
7-4	1066-1069	Blu	_	_	_	
7-5	1069-1070	-	_	_	_	
7-6	1071-1074	men	_	_	_	
7-7	1074-1075	,	_	_	_	
7-8	1076-1079	wie	_	_	_	
7-9	1080-1087	Glocken	_	_	_	
7-10	1087-1088	,	_	_	_	
7-11	1089-1092	aus	_	_	_	
7-12	1093-1098	denen	_	_	_	
7-13	1099-1108	dreyeckig	_	_	_	
7-14	1108-1109	-	_	_	_	
7-15	1110-1112	te	_	_	_	
7-16	1113-1120	Huͤlſen	_	_	_	
7-17	1121-1130	entſtehen	_	_	_	
7-18	1130-1131	,	_	_	_	
7-19	1132-1135	die	_	_	_	
7-20	1136-1145	auswendig	_	_	_	
7-21	1147-1152	braun	_	_	_	
7-22	1152-1153	,	_	_	_	
7-23	1154-1162	inwendig	_	_	_	
7-24	1163-1167	weiß	_	_	_	
7-25	1168-1173	ſehen	_	_	_	
7-26	1173-1174	,	_	_	_	
7-27	1175-1178	und	_	_	_	
7-28	1179-1182	des	_	_	_	
7-29	1183-1190	Fingers	_	_	_	
7-30	1191-1195	lang	_	_	_	
7-31	1196-1200	ſind	_	_	_	
7-32	1200-1201	;	_	_	_	
7-33	1202-1204	in	_	_	_	
7-34	1205-1211	dieſen	_	_	_	
7-35	1212-1217	liegt	_	_	_	
7-36	1218-1221	der	_	_	_	
7-37	1222-1227	Samen	_	_	_	
7-38	1227-1228	.	_	_	_	

#Text=Der Samen aber ſoll friſch ſeyn, fein
#Text=voͤllig, wohlriechend, trucken und reine.
8-1	1232-1235	Der	_	_	_	
8-2	1236-1241	Samen	Smell\_Source	_	_	
8-3	1242-1246	aber	_	_	_	
8-4	1247-1251	ſoll	_	_	_	
8-5	1252-1258	friſch	_	_	_	
8-6	1259-1263	ſeyn	_	_	_	
8-7	1263-1264	,	_	_	_	
8-8	1265-1269	fein	_	_	_	
8-9	1270-1277	voͤllig	_	_	_	
8-10	1277-1278	,	_	_	_	
8-11	1279-1291	wohlriechend	Quality[4]|Smell\_Word[5]	*	8-2[0_5]	
8-12	1291-1292	,	_	_	_	
8-13	1293-1300	trucken	_	_	_	
8-14	1301-1304	und	_	_	_	
8-15	1305-1310	reine	_	_	_	
8-16	1310-1311	.	_	_	_	

#Text=Derjenige, welcher aus der Jnſel Mar-
#Text=tinigo gebracht wird, riecht viel ſtaͤrcker,
#Text=als der aus den andern Jnſeln kommt.
9-1	1313-1322	Derjenige	Smell\_Source	*	9-3	
9-2	1322-1323	,	_	_	_	
9-3	1324-1331	welcher	Smell\_Source	*	9-4[6_0]	
9-4	1332-1335	aus	Location[6]	_	_	
9-5	1336-1339	der	Location[6]	_	_	
9-6	1340-1345	Jnſel	Location[6]	_	_	
9-7	1346-1349	Mar	Location[6]	_	_	
9-8	1349-1350	-	Location[6]	_	_	
9-9	1351-1357	tinigo	Location[6]	_	_	
9-10	1358-1366	gebracht	_	_	_	
9-11	1367-1371	wird	_	_	_	
9-12	1371-1372	,	_	_	_	
9-13	1373-1379	riecht	Smell\_Word	*|*|*	9-14[7_0]|9-1|9-18	
9-14	1380-1384	viel	Quality[7]	_	_	
9-15	1385-1394	ſtaͤrcker	Quality[7]	_	_	
9-16	1394-1395	,	_	_	_	
9-17	1396-1399	als	_	_	_	
9-18	1400-1403	der	Smell\_Source	*	9-19[8_0]	
9-19	1404-1407	aus	Location[8]	_	_	
9-20	1408-1411	den	Location[8]	_	_	
9-21	1412-1418	andern	Location[8]	_	_	
9-22	1419-1425	Jnſeln	Location[8]	_	_	
9-23	1426-1431	kommt	_	_	_	
9-24	1431-1432	.	_	_	_	

#Text=Dieſes Kraut waͤchſt auch in Egypten/
#Text=woſelbſt es Moſch, und der Samen
#Text=Abelmoſch genennt wird.
10-1	1434-1440	Dieſes	_	_	_	
10-2	1441-1446	Kraut	_	_	_	
10-3	1447-1454	waͤchſt	_	_	_	
10-4	1455-1459	auch	_	_	_	
10-5	1460-1462	in	_	_	_	
10-6	1463-1470	Egypten	_	_	_	
10-7	1470-1471	/	_	_	_	
10-8	1472-1480	woſelbſt	_	_	_	
10-9	1481-1483	es	_	_	_	
10-10	1484-1489	Moſch	_	_	_	
10-11	1489-1490	,	_	_	_	
10-12	1491-1494	und	_	_	_	
10-13	1495-1498	der	_	_	_	
10-14	1499-1504	Samen	_	_	_	
10-15	1505-1514	Abelmoſch	_	_	_	
10-16	1515-1522	genennt	_	_	_	
10-17	1523-1527	wird	_	_	_	
10-18	1527-1528	.	_	_	_	
