#FORMAT=WebAnno TSV 3.3
#T_SP=custom.Span|label
#T_RL=custom.Relation|label|BT_custom.Span


#Text=]
#Text=Neuntes Buch/ Mayerhof.
1-1	2-3	]	_	_	_	
1-2	4-11	Neuntes	_	_	_	
1-3	12-16	Buch	_	_	_	
1-4	16-17	/	_	_	_	
1-5	18-26	Mayerhof	_	_	_	
1-6	26-27	.	_	_	_	

#Text=iſt/ etlichemal/ biß man endlich nichts riechendes mehr
#Text=brauchet/ ſondern nur einen Menſchen/ der gar ſchwitzig
#Text=und erhitzt iſt/
#Text=deſſen Geruch der Hund bald empfinden
#Text=kan/ und der wird immer weiter und weiter gelaſſen/
#Text=biß
#Text=endlich der Hund aller/ auch der gelindeſten Spuhren
#Text=
#Text=
#Text=gewohnet/ wiewol (ſagt der Author) dabey zu mercken/
#Text=
#Text=daß ein Dieb/ wann er in dem Handel des Stehlens be-
#Text=griffen iſt/ wegen habender Sorge/ Forcht/ Vorſich-
#Text=tigkeit/ und anderer dergleichen Regungen/ eine groſſe
#Text=Aufwallung in ſich befindet/ deßwegen in ihm die Gei-
#Text=ſter viel ſtaͤrcker aushauchen/ und gantz andere Beſchaf-
#Text=fenheiten haben/ als andere gemeine Perſonen/ alſo
#Text=
#Text=daß ein Hund ſolche von deſſen Fußtritten hinterſtellige
#Text=ungemeine Theilungen/ zumal ſolche auch bey etwa vor-
#Text=gegangenem Lauffen des Diebes ſtaͤrcker und in groͤſſe-
#Text=
#Text=rer Menge
#Text=uͤberall an der Erden kleben bleiben/
#Text=gar
#Text=leichtlich vor andern riechen/ und denſelbigen nachgehen
#Text=kan.
2-1	31-34	iſt	_	_	_	
2-2	34-35	/	_	_	_	
2-3	36-46	etlichemal	_	_	_	
2-4	46-47	/	_	_	_	
2-5	48-51	biß	_	_	_	
2-6	52-55	man	_	_	_	
2-7	56-63	endlich	_	_	_	
2-8	64-70	nichts	_	_	_	
2-9	71-81	riechendes	Smell\_Word	_	_	
2-10	82-86	mehr	_	_	_	
2-11	87-95	brauchet	_	_	_	
2-12	95-96	/	_	_	_	
2-13	97-104	ſondern	_	_	_	
2-14	105-108	nur	_	_	_	
2-15	109-114	einen	Smell\_Source[1]	_	_	
2-16	115-123	Menſchen	Smell\_Source[1]	_	_	
2-17	123-124	/	_	_	_	
2-18	125-128	der	_	_	_	
2-19	129-132	gar	_	_	_	
2-20	133-142	ſchwitzig	_	_	_	
2-21	143-146	und	_	_	_	
2-22	147-154	erhitzt	_	_	_	
2-23	155-158	iſt	_	_	_	
2-24	158-159	/	_	_	_	
2-25	160-166	deſſen	Smell\_Source	*	2-26	
2-26	167-173	Geruch	Smell\_Word	_	_	
2-27	174-177	der	Perceiver[2]	_	_	
2-28	178-182	Hund	Perceiver[2]	_	_	
2-29	183-187	bald	_	_	_	
2-30	188-197	empfinden	_	_	_	
2-31	198-201	kan	_	_	_	
2-32	201-202	/	_	_	_	
2-33	203-206	und	_	_	_	
2-34	207-210	der	_	_	_	
2-35	211-215	wird	_	_	_	
2-36	216-221	immer	_	_	_	
2-37	222-228	weiter	_	_	_	
2-38	229-232	und	_	_	_	
2-39	233-239	weiter	_	_	_	
2-40	240-248	gelaſſen	_	_	_	
2-41	248-249	/	_	_	_	
2-42	250-253	biß	_	_	_	
2-43	254-261	endlich	_	_	_	
2-44	262-265	der	_	_	_	
2-45	266-270	Hund	_	_	_	
2-46	271-276	aller	_	_	_	
2-47	276-277	/	_	_	_	
2-48	278-282	auch	_	_	_	
2-49	283-286	der	_	_	_	
2-50	287-298	gelindeſten	_	_	_	
2-51	299-306	Spuhren	_	_	_	
2-52	309-317	gewohnet	_	_	_	
2-53	317-318	/	_	_	_	
2-54	319-325	wiewol	_	_	_	
2-55	326-327	(	_	_	_	
2-56	327-331	ſagt	_	_	_	
2-57	332-335	der	_	_	_	
2-58	336-342	Author	_	_	_	
2-59	342-343	)	_	_	_	
2-60	344-349	dabey	_	_	_	
2-61	350-352	zu	_	_	_	
2-62	353-360	mercken	_	_	_	
2-63	360-361	/	_	_	_	
2-64	363-366	daß	_	_	_	
2-65	367-370	ein	_	_	_	
2-66	371-375	Dieb	_	_	_	
2-67	375-376	/	_	_	_	
2-68	377-381	wann	_	_	_	
2-69	382-384	er	_	_	_	
2-70	385-387	in	_	_	_	
2-71	388-391	dem	_	_	_	
2-72	392-398	Handel	_	_	_	
2-73	399-402	des	_	_	_	
2-74	403-411	Stehlens	_	_	_	
2-75	412-414	be	_	_	_	
2-76	414-415	-	_	_	_	
2-77	416-423	griffen	_	_	_	
2-78	424-427	iſt	_	_	_	
2-79	427-428	/	_	_	_	
2-80	429-434	wegen	_	_	_	
2-81	435-443	habender	_	_	_	
2-82	444-449	Sorge	_	_	_	
2-83	449-450	/	_	_	_	
2-84	451-457	Forcht	_	_	_	
2-85	457-458	/	_	_	_	
2-86	459-466	Vorſich	_	_	_	
2-87	466-467	-	_	_	_	
2-88	468-475	tigkeit	_	_	_	
2-89	475-476	/	_	_	_	
2-90	477-480	und	_	_	_	
2-91	481-488	anderer	_	_	_	
2-92	489-500	dergleichen	_	_	_	
2-93	501-509	Regungen	_	_	_	
2-94	509-510	/	_	_	_	
2-95	511-515	eine	_	_	_	
2-96	516-522	groſſe	_	_	_	
2-97	523-533	Aufwallung	_	_	_	
2-98	534-536	in	_	_	_	
2-99	537-541	ſich	_	_	_	
2-100	542-550	befindet	_	_	_	
2-101	550-551	/	_	_	_	
2-102	552-560	deßwegen	_	_	_	
2-103	561-563	in	_	_	_	
2-104	564-567	ihm	_	_	_	
2-105	568-571	die	_	_	_	
2-106	572-575	Gei	_	_	_	
2-107	575-576	-	_	_	_	
2-108	577-581	ſter	_	_	_	
2-109	582-586	viel	_	_	_	
2-110	587-596	ſtaͤrcker	_	_	_	
2-111	597-607	aushauchen	_	_	_	
2-112	607-608	/	_	_	_	
2-113	609-612	und	_	_	_	
2-114	613-618	gantz	_	_	_	
2-115	619-625	andere	_	_	_	
2-116	626-633	Beſchaf	_	_	_	
2-117	633-634	-	_	_	_	
2-118	635-644	fenheiten	_	_	_	
2-119	645-650	haben	_	_	_	
2-120	650-651	/	_	_	_	
2-121	652-655	als	_	_	_	
2-122	656-662	andere	_	_	_	
2-123	663-670	gemeine	_	_	_	
2-124	671-679	Perſonen	_	_	_	
2-125	679-680	/	_	_	_	
2-126	681-685	alſo	_	_	_	
2-127	687-690	daß	_	_	_	
2-128	691-694	ein	Perceiver[3]	_	_	
2-129	695-699	Hund	Perceiver[3]	_	_	
2-130	700-706	ſolche	_	_	_	
2-131	707-710	von	_	_	_	
2-132	711-717	deſſen	_	_	_	
2-133	718-728	Fußtritten	_	_	_	
2-134	729-743	hinterſtellige	_	_	_	
2-135	744-753	ungemeine	_	_	_	
2-136	754-764	Theilungen	_	_	_	
2-137	764-765	/	_	_	_	
2-138	766-771	zumal	_	_	_	
2-139	772-778	ſolche	_	_	_	
2-140	779-783	auch	_	_	_	
2-141	784-787	bey	_	_	_	
2-142	788-792	etwa	_	_	_	
2-143	793-796	vor	_	_	_	
2-144	796-797	-	_	_	_	
2-145	798-808	gegangenem	_	_	_	
2-146	809-816	Lauffen	_	_	_	
2-147	817-820	des	_	_	_	
2-148	821-827	Diebes	_	_	_	
2-149	828-837	ſtaͤrcker	_	_	_	
2-150	838-841	und	_	_	_	
2-151	842-844	in	_	_	_	
2-152	845-852	groͤſſe	_	_	_	
2-153	852-853	-	_	_	_	
2-154	855-858	rer	_	_	_	
2-155	859-864	Menge	_	_	_	
2-156	865-873	uͤberall	_	_	_	
2-157	874-876	an	_	_	_	
2-158	877-880	der	_	_	_	
2-159	881-886	Erden	_	_	_	
2-160	887-893	kleben	_	_	_	
2-161	894-901	bleiben	_	_	_	
2-162	901-902	/	_	_	_	
2-163	903-906	gar	_	_	_	
2-164	907-917	leichtlich	_	_	_	
2-165	918-921	vor	_	_	_	
2-166	922-928	andern	_	_	_	
2-167	929-936	riechen	Smell\_Word	_	_	
2-168	936-937	/	_	_	_	
2-169	938-941	und	_	_	_	
2-170	942-953	denſelbigen	_	_	_	
2-171	954-963	nachgehen	_	_	_	
2-172	964-967	kan	_	_	_	
2-173	967-968	.	_	_	_	

#Text=Auch iſt dieſes dabey zu mercken/ daß die Herren
#Text=und Meiſter/ die ſolche Hunde halten/ dieſelbigen ſehr
#Text=wol in acht nehmen/ ihnen einerley/ und zwar nicht gar
#Text=gute Speiſe geben/ und ſie mehrentheils an einem Ort
#Text=
#Text=laſſen/ damit ihnen der Geruch nicht gar verderbet
#Text=wer-
#Text=de.
3-1	972-976	Auch	_	_	_	
3-2	977-980	iſt	_	_	_	
3-3	981-987	dieſes	_	_	_	
3-4	988-993	dabey	_	_	_	
3-5	994-996	zu	_	_	_	
3-6	997-1004	mercken	_	_	_	
3-7	1004-1005	/	_	_	_	
3-8	1006-1009	daß	_	_	_	
3-9	1010-1013	die	_	_	_	
3-10	1014-1020	Herren	_	_	_	
3-11	1021-1024	und	_	_	_	
3-12	1025-1032	Meiſter	_	_	_	
3-13	1032-1033	/	_	_	_	
3-14	1034-1037	die	_	_	_	
3-15	1038-1044	ſolche	_	_	_	
3-16	1045-1050	Hunde	_	_	_	
3-17	1051-1057	halten	_	_	_	
3-18	1057-1058	/	_	_	_	
3-19	1059-1070	dieſelbigen	_	_	_	
3-20	1071-1075	ſehr	_	_	_	
3-21	1076-1079	wol	_	_	_	
3-22	1080-1082	in	_	_	_	
3-23	1083-1087	acht	_	_	_	
3-24	1088-1094	nehmen	_	_	_	
3-25	1094-1095	/	_	_	_	
3-26	1096-1101	ihnen	_	_	_	
3-27	1102-1110	einerley	_	_	_	
3-28	1110-1111	/	_	_	_	
3-29	1112-1115	und	_	_	_	
3-30	1116-1120	zwar	_	_	_	
3-31	1121-1126	nicht	_	_	_	
3-32	1127-1130	gar	_	_	_	
3-33	1131-1135	gute	_	_	_	
3-34	1136-1142	Speiſe	_	_	_	
3-35	1143-1148	geben	_	_	_	
3-36	1148-1149	/	_	_	_	
3-37	1150-1153	und	_	_	_	
3-38	1154-1157	ſie	_	_	_	
3-39	1158-1170	mehrentheils	_	_	_	
3-40	1171-1173	an	_	_	_	
3-41	1174-1179	einem	_	_	_	
3-42	1180-1183	Ort	_	_	_	
3-43	1185-1191	laſſen	_	_	_	
3-44	1191-1192	/	_	_	_	
3-45	1193-1198	damit	_	_	_	
3-46	1199-1204	ihnen	_	_	_	
3-47	1205-1208	der	*[4]	_	_	
3-48	1209-1215	Geruch	*[4]|Smell\_Word[5]	_	_	
3-49	1216-1221	nicht	Quality	_	_	
3-50	1222-1225	gar	_	_	_	
3-51	1226-1235	verderbet	Quality	*	3-49	
3-52	1236-1239	wer	_	_	_	
3-53	1239-1240	-	_	_	_	
3-54	1241-1243	de	_	_	_	
3-55	1243-1244	.	_	_	_	

#Text=Und die Warheit zu bekennen/ ſcheinet dieſes
#Text=wol
#Text=thunlich/ angeſehen die Hunde einen ſo ſcharffen
#Text=Geruch
#Text=haben/ daß ſie ihrem Herꝛn/ ſowol zu Fuß als zu Pfer-
#Text=de/ offt viel Meilen nachſpuͤhren koͤnnen.
4-1	1245-1248	Und	_	_	_	
4-2	1249-1252	die	_	_	_	
4-3	1253-1260	Warheit	_	_	_	
4-4	1261-1263	zu	_	_	_	
4-5	1264-1272	bekennen	_	_	_	
4-6	1272-1273	/	_	_	_	
4-7	1274-1282	ſcheinet	_	_	_	
4-8	1283-1289	dieſes	_	_	_	
4-9	1290-1293	wol	_	_	_	
4-10	1294-1302	thunlich	_	_	_	
4-11	1302-1303	/	_	_	_	
4-12	1304-1313	angeſehen	_	_	_	
4-13	1314-1317	die	Perceiver[6]	*	4-18[0_6]	
4-14	1318-1323	Hunde	Perceiver[6]	_	_	
4-15	1324-1329	einen	_	_	_	
4-16	1330-1332	ſo	Quality[7]	_	_	
4-17	1333-1342	ſcharffen	Quality[7]	_	_	
4-18	1343-1349	Geruch	Smell\_Word	*	4-16[7_0]	
4-19	1350-1355	haben	_	_	_	
4-20	1355-1356	/	_	_	_	
4-21	1357-1360	daß	_	_	_	
4-22	1361-1364	ſie	_	_	_	
4-23	1365-1370	ihrem	_	_	_	
4-24	1371-1376	Herꝛn	_	_	_	
4-25	1376-1377	/	_	_	_	
4-26	1378-1383	ſowol	_	_	_	
4-27	1384-1386	zu	_	_	_	
4-28	1387-1390	Fuß	_	_	_	
4-29	1391-1394	als	_	_	_	
4-30	1395-1397	zu	_	_	_	
4-31	1398-1402	Pfer	_	_	_	
4-32	1402-1403	-	_	_	_	
4-33	1404-1406	de	_	_	_	
4-34	1406-1407	/	_	_	_	
4-35	1408-1412	offt	_	_	_	
4-36	1413-1417	viel	_	_	_	
4-37	1418-1424	Meilen	_	_	_	
4-38	1425-1437	nachſpuͤhren	_	_	_	
4-39	1438-1445	koͤnnen	_	_	_	
4-40	1445-1446	.	_	_	_	

#Text=Zudem auch
#Text=in unſerm Land ſehr gemein iſt/ daß man die Hund ab-
#Text=richtet/ wann man auf der Reiſe einen Handſchuch/ Fa-
#Text=zinet/ oder was es ſey/ (ohne daß es der Hund ſiehet)
#Text=
#Text=vom Pferd hinab wirfft/ und dem Hund zuſpricht/
5-1	1447-1452	Zudem	_	_	_	
5-2	1453-1457	auch	_	_	_	
5-3	1458-1460	in	_	_	_	
5-4	1461-1467	unſerm	_	_	_	
5-5	1468-1472	Land	_	_	_	
5-6	1473-1477	ſehr	_	_	_	
5-7	1478-1484	gemein	_	_	_	
5-8	1485-1488	iſt	_	_	_	
5-9	1488-1489	/	_	_	_	
5-10	1490-1493	daß	_	_	_	
5-11	1494-1497	man	_	_	_	
5-12	1498-1501	die	_	_	_	
5-13	1502-1506	Hund	_	_	_	
5-14	1507-1509	ab	_	_	_	
5-15	1509-1510	-	_	_	_	
5-16	1511-1518	richtet	_	_	_	
5-17	1518-1519	/	_	_	_	
5-18	1520-1524	wann	_	_	_	
5-19	1525-1528	man	_	_	_	
5-20	1529-1532	auf	_	_	_	
5-21	1533-1536	der	_	_	_	
5-22	1537-1542	Reiſe	_	_	_	
5-23	1543-1548	einen	_	_	_	
5-24	1549-1559	Handſchuch	_	_	_	
5-25	1559-1560	/	_	_	_	
5-26	1561-1563	Fa	_	_	_	
5-27	1563-1564	-	_	_	_	
5-28	1565-1570	zinet	_	_	_	
5-29	1570-1571	/	_	_	_	
5-30	1572-1576	oder	_	_	_	
5-31	1577-1580	was	_	_	_	
5-32	1581-1583	es	_	_	_	
5-33	1584-1587	ſey	_	_	_	
5-34	1587-1588	/	_	_	_	
5-35	1589-1590	(	_	_	_	
5-36	1590-1594	ohne	_	_	_	
5-37	1595-1598	daß	_	_	_	
5-38	1599-1601	es	_	_	_	
5-39	1602-1605	der	_	_	_	
5-40	1606-1610	Hund	_	_	_	
5-41	1611-1617	ſiehet	_	_	_	
5-42	1617-1618	)	_	_	_	
5-43	1620-1623	vom	_	_	_	
5-44	1624-1629	Pferd	_	_	_	
5-45	1630-1635	hinab	_	_	_	
5-46	1636-1642	wirfft	_	_	_	
5-47	1642-1643	/	_	_	_	
5-48	1644-1647	und	_	_	_	
5-49	1648-1651	dem	_	_	_	
5-50	1652-1656	Hund	_	_	_	
5-51	1657-1666	zuſpricht	_	_	_	
5-52	1666-1667	/	_	_	_	
