#FORMAT=WebAnno TSV 3.3


#Text=45 Hic est numerus filiorum Merari, quos recensuerunt Moyses et Aaron juxta imperium Domini per manum Moysi.
#Text=46 Omnes qui recensiti sunt de Levitis, et quos recenseri fecit ad nomen Moyses et Aaron, et principes Israël per cognationes et domos patrum suorum, 47 a triginta annis et supra, usque ad annum quinquagesimum, ingredientes ad ministerium tabernaculi, et onera portanda, 48 fuerunt simul octo millia quingenti octoginta.
#Text=49 Juxta verbum Domini recensuit eos Moyses, unumquemque juxta officium et onera sua, sicut præceperat ei Dominus.
1-1	2-4	45	
1-2	5-8	Hic	
1-3	9-12	est	
1-4	13-20	numerus	
1-5	21-29	filiorum	
1-6	30-36	Merari	
1-7	36-37	,	
1-8	38-42	quos	
1-9	43-55	recensuerunt	
1-10	56-62	Moyses	
1-11	63-65	et	
1-12	66-71	Aaron	
1-13	72-77	juxta	
1-14	78-86	imperium	
1-15	87-93	Domini	
1-16	94-97	per	
1-17	98-103	manum	
1-18	104-109	Moysi	
1-19	109-110	.	
1-20	111-113	46	
1-21	114-119	Omnes	
1-22	120-123	qui	
1-23	124-133	recensiti	
1-24	134-138	sunt	
1-25	139-141	de	
1-26	142-149	Levitis	
1-27	149-150	,	
1-28	151-153	et	
1-29	154-158	quos	
1-30	159-168	recenseri	
1-31	169-174	fecit	
1-32	175-177	ad	
1-33	178-183	nomen	
1-34	184-190	Moyses	
1-35	191-193	et	
1-36	194-199	Aaron	
1-37	199-200	,	
1-38	201-203	et	
1-39	204-213	principes	
1-40	214-220	Israël	
1-41	221-224	per	
1-42	225-236	cognationes	
1-43	237-239	et	
1-44	240-245	domos	
1-45	246-252	patrum	
1-46	253-259	suorum	
1-47	259-260	,	
1-48	261-263	47	
1-49	264-265	a	
1-50	266-274	triginta	
1-51	275-280	annis	
1-52	281-283	et	
1-53	284-289	supra	
1-54	289-290	,	
1-55	291-296	usque	
1-56	297-299	ad	
1-57	300-305	annum	
1-58	306-320	quinquagesimum	
1-59	320-321	,	
1-60	322-334	ingredientes	
1-61	335-337	ad	
1-62	338-349	ministerium	
1-63	350-361	tabernaculi	
1-64	361-362	,	
1-65	363-365	et	
1-66	366-371	onera	
1-67	372-380	portanda	
1-68	380-381	,	
1-69	382-384	48	
1-70	385-392	fuerunt	
1-71	393-398	simul	
1-72	399-403	octo	
1-73	404-410	millia	
1-74	411-420	quingenti	
1-75	421-430	octoginta	
1-76	430-431	.	
1-77	432-434	49	
1-78	435-440	Juxta	
1-79	441-447	verbum	
1-80	448-454	Domini	
1-81	455-464	recensuit	
1-82	465-468	eos	
1-83	469-475	Moyses	
1-84	475-476	,	
1-85	477-488	unumquemque	
1-86	489-494	juxta	
1-87	495-503	officium	
1-88	504-506	et	
1-89	507-512	onera	
1-90	513-516	sua	
1-91	516-517	,	
1-92	518-523	sicut	
1-93	524-534	præceperat	
1-94	535-537	ei	
1-95	538-545	Dominus	
1-96	545-546	.	

#Text=Caput 5
#Text=
#Text=
#Text=1 Locutusque est Dominus ad Moysen, dicens : 2 Præcipe filiis Israël, ut ejiciant de castris omnem leprosum, et qui semine fluit, pollutusque est super mortuo : 3 tam masculum quam feminam ejicite de castris, ne contaminent ea cum habitaverint vobiscum.
#Text=4 Feceruntque ita filii Israël, et ejecerunt eos extra castra, sicut locutus erat Dominus Moysi.
#Text=5 Locutusque est Dominus ad Moysen, dicens : 6 Loquere ad filios Israël : Vir, sive mulier, cum fecerint ex omnibus peccatis, quæ solent hominibus accidere, et per negligentiam transgressi fuerint mandatum Domini, atque deliquerint, 7 confitebuntur peccatum suum, et reddent ipsum caput, quintamque partem desuper, ei in quem peccaverint.
#Text=8 Sin autem non fuerit qui recipiat, dabunt Domino, et erit sacerdotis, excepto ariete, qui offertur pro expiatione, ut sit placabilis hostia.
#Text=9 Omnes quoque primitiæ, quas offerunt filii Israël, ad sacerdotem pertinent : 10 et quidquid in sanctuarium offertur a singulis, et traditur manibus sacerdotis, ipsius erit.
#Text=11 Locutusque est Dominus ad Moysen, dicens : 12 Loquere ad filios Israël, et dices ad eos : Vir cujus uxor erraverit, maritumque contemnens 13 dormierit cum altero viro, et hoc maritus deprehendere non quiverit, sed latet adulterium, et testibus argui non potest, quia non est inventa in stupro : 14 si spiritus zelotypiæ concitaverit virum contra uxorem suam, quæ vel polluta est, vel falsa suspicione appetitur : 15 adducet eam ad sacerdotem, et offeret oblationem pro illa, decimam partem sati farinæ hordeaceæ : non fundet super eam oleum, nec imponet thus : quia sacrificium zelotypiæ est, et oblatio investigans adulterium.
#Text=16 Offeret igitur eam sacerdos, et statuet coram Domino, 17 assumetque aquam sanctam in vase fictili, et pauxillum terræ de pavimento tabernaculi mittet in eam.
#Text=18 Cumque steterit mulier in conspectu Domini, discooperiet caput ejus, et ponet super manus illius sacrificium recordationis, et oblationem zelotypiæ : ipse autem tenebit aquas amarissimas, in quibus cum execratione maledicta congessit.
#Text=19 Adjurabitque eam, et dicet : Si non dormivit vir alienus tecum, et si non polluta es deserto mariti thoro, non te nocebunt aquæ istæ amarissimæ, in quas maledicta congessi.
#Text=20 Sin autem declinasti a viro tuo, atque polluta es, et concubuisti cum altero viro : 21 his maledictionibus subjacebis : det te Dominus in maledictionem, exemplumque cunctorum in populo suo : putrescere faciat femur tuum, et tumens uterus tuus disrumpatur.
#Text=22 Ingrediantur aquæ maledictæ in ventrem tuum, et utero tumescente putrescat femur.
2-1	547-552	Caput	
2-2	553-554	5	
2-3	557-558	1	
2-4	559-569	Locutusque	
2-5	570-573	est	
2-6	574-581	Dominus	
2-7	582-584	ad	
2-8	585-591	Moysen	
2-9	591-592	,	
2-10	593-599	dicens	
2-11	600-601	:	
2-12	602-603	2	
2-13	604-611	Præcipe	
2-14	612-618	filiis	
2-15	619-625	Israël	
2-16	625-626	,	
2-17	627-629	ut	
2-18	630-638	ejiciant	
2-19	639-641	de	
2-20	642-649	castris	
2-21	650-655	omnem	
2-22	656-664	leprosum	
2-23	664-665	,	
2-24	666-668	et	
2-25	669-672	qui	
2-26	673-679	semine	
2-27	680-685	fluit	
2-28	685-686	,	
2-29	687-698	pollutusque	
2-30	699-702	est	
2-31	703-708	super	
2-32	709-715	mortuo	
2-33	716-717	:	
2-34	718-719	3	
2-35	720-723	tam	
2-36	724-732	masculum	
2-37	733-737	quam	
2-38	738-745	feminam	
2-39	746-753	ejicite	
2-40	754-756	de	
2-41	757-764	castris	
2-42	764-765	,	
2-43	766-768	ne	
2-44	769-780	contaminent	
2-45	781-783	ea	
2-46	784-787	cum	
2-47	788-800	habitaverint	
2-48	801-809	vobiscum	
2-49	809-810	.	
2-50	811-812	4	
2-51	813-824	Feceruntque	
2-52	825-828	ita	
2-53	829-834	filii	
2-54	835-841	Israël	
2-55	841-842	,	
2-56	843-845	et	
2-57	846-855	ejecerunt	
2-58	856-859	eos	
2-59	860-865	extra	
2-60	866-872	castra	
2-61	872-873	,	
2-62	874-879	sicut	
2-63	880-887	locutus	
2-64	888-892	erat	
2-65	893-900	Dominus	
2-66	901-906	Moysi	
2-67	906-907	.	
2-68	908-909	5	
2-69	910-920	Locutusque	
2-70	921-924	est	
2-71	925-932	Dominus	
2-72	933-935	ad	
2-73	936-942	Moysen	
2-74	942-943	,	
2-75	944-950	dicens	
2-76	951-952	:	
2-77	953-954	6	
2-78	955-962	Loquere	
2-79	963-965	ad	
2-80	966-972	filios	
2-81	973-979	Israël	
2-82	980-981	:	
2-83	982-985	Vir	
2-84	985-986	,	
2-85	987-991	sive	
2-86	992-998	mulier	
2-87	998-999	,	
2-88	1000-1003	cum	
2-89	1004-1012	fecerint	
2-90	1013-1015	ex	
2-91	1016-1023	omnibus	
2-92	1024-1032	peccatis	
2-93	1032-1033	,	
2-94	1034-1037	quæ	
2-95	1038-1044	solent	
2-96	1045-1054	hominibus	
2-97	1055-1063	accidere	
2-98	1063-1064	,	
2-99	1065-1067	et	
2-100	1068-1071	per	
2-101	1072-1084	negligentiam	
2-102	1085-1096	transgressi	
2-103	1097-1104	fuerint	
2-104	1105-1113	mandatum	
2-105	1114-1120	Domini	
2-106	1120-1121	,	
2-107	1122-1127	atque	
2-108	1128-1139	deliquerint	
2-109	1139-1140	,	
2-110	1141-1142	7	
2-111	1143-1156	confitebuntur	
2-112	1157-1165	peccatum	
2-113	1166-1170	suum	
2-114	1170-1171	,	
2-115	1172-1174	et	
2-116	1175-1182	reddent	
2-117	1183-1188	ipsum	
2-118	1189-1194	caput	
2-119	1194-1195	,	
2-120	1196-1206	quintamque	
2-121	1207-1213	partem	
2-122	1214-1221	desuper	
2-123	1221-1222	,	
2-124	1223-1225	ei	
2-125	1226-1228	in	
2-126	1229-1233	quem	
2-127	1234-1245	peccaverint	
2-128	1245-1246	.	
2-129	1247-1248	8	
2-130	1249-1252	Sin	
2-131	1253-1258	autem	
2-132	1259-1262	non	
2-133	1263-1269	fuerit	
2-134	1270-1273	qui	
2-135	1274-1282	recipiat	
2-136	1282-1283	,	
2-137	1284-1290	dabunt	
2-138	1291-1297	Domino	
2-139	1297-1298	,	
2-140	1299-1301	et	
2-141	1302-1306	erit	
2-142	1307-1317	sacerdotis	
2-143	1317-1318	,	
2-144	1319-1326	excepto	
2-145	1327-1333	ariete	
2-146	1333-1334	,	
2-147	1335-1338	qui	
2-148	1339-1347	offertur	
2-149	1348-1351	pro	
2-150	1352-1362	expiatione	
2-151	1362-1363	,	
2-152	1364-1366	ut	
2-153	1367-1370	sit	
2-154	1371-1381	placabilis	
2-155	1382-1388	hostia	
2-156	1388-1389	.	
2-157	1390-1391	9	
2-158	1392-1397	Omnes	
2-159	1398-1404	quoque	
2-160	1405-1413	primitiæ	
2-161	1413-1414	,	
2-162	1415-1419	quas	
2-163	1420-1428	offerunt	
2-164	1429-1434	filii	
2-165	1435-1441	Israël	
2-166	1441-1442	,	
2-167	1443-1445	ad	
2-168	1446-1456	sacerdotem	
2-169	1457-1466	pertinent	
2-170	1467-1468	:	
2-171	1469-1471	10	
2-172	1472-1474	et	
2-173	1475-1483	quidquid	
2-174	1484-1486	in	
2-175	1487-1498	sanctuarium	
2-176	1499-1507	offertur	
2-177	1508-1509	a	
2-178	1510-1518	singulis	
2-179	1518-1519	,	
2-180	1520-1522	et	
2-181	1523-1531	traditur	
2-182	1532-1539	manibus	
2-183	1540-1550	sacerdotis	
2-184	1550-1551	,	
2-185	1552-1558	ipsius	
2-186	1559-1563	erit	
2-187	1563-1564	.	
2-188	1565-1567	11	
2-189	1568-1578	Locutusque	
2-190	1579-1582	est	
2-191	1583-1590	Dominus	
2-192	1591-1593	ad	
2-193	1594-1600	Moysen	
2-194	1600-1601	,	
2-195	1602-1608	dicens	
2-196	1609-1610	:	
2-197	1611-1613	12	
2-198	1614-1621	Loquere	
2-199	1622-1624	ad	
2-200	1625-1631	filios	
2-201	1632-1638	Israël	
2-202	1638-1639	,	
2-203	1640-1642	et	
2-204	1643-1648	dices	
2-205	1649-1651	ad	
2-206	1652-1655	eos	
2-207	1656-1657	:	
2-208	1658-1661	Vir	
2-209	1662-1667	cujus	
2-210	1668-1672	uxor	
2-211	1673-1682	erraverit	
2-212	1682-1683	,	
2-213	1684-1694	maritumque	
2-214	1695-1705	contemnens	
2-215	1706-1708	13	
2-216	1709-1718	dormierit	
2-217	1719-1722	cum	
2-218	1723-1729	altero	
2-219	1730-1734	viro	
2-220	1734-1735	,	
2-221	1736-1738	et	
2-222	1739-1742	hoc	
2-223	1743-1750	maritus	
2-224	1751-1763	deprehendere	
2-225	1764-1767	non	
2-226	1768-1776	quiverit	
2-227	1776-1777	,	
2-228	1778-1781	sed	
2-229	1782-1787	latet	
2-230	1788-1798	adulterium	
2-231	1798-1799	,	
2-232	1800-1802	et	
2-233	1803-1811	testibus	
2-234	1812-1817	argui	
2-235	1818-1821	non	
2-236	1822-1828	potest	
2-237	1828-1829	,	
2-238	1830-1834	quia	
2-239	1835-1838	non	
2-240	1839-1842	est	
2-241	1843-1850	inventa	
2-242	1851-1853	in	
2-243	1854-1860	stupro	
2-244	1861-1862	:	
2-245	1863-1865	14	
2-246	1866-1868	si	
2-247	1869-1877	spiritus	
2-248	1878-1887	zelotypiæ	
2-249	1888-1900	concitaverit	
2-250	1901-1906	virum	
2-251	1907-1913	contra	
2-252	1914-1920	uxorem	
2-253	1921-1925	suam	
2-254	1925-1926	,	
2-255	1927-1930	quæ	
2-256	1931-1934	vel	
2-257	1935-1942	polluta	
2-258	1943-1946	est	
2-259	1946-1947	,	
2-260	1948-1951	vel	
2-261	1952-1957	falsa	
2-262	1958-1968	suspicione	
2-263	1969-1978	appetitur	
2-264	1979-1980	:	
2-265	1981-1983	15	
2-266	1984-1991	adducet	
2-267	1992-1995	eam	
2-268	1996-1998	ad	
2-269	1999-2009	sacerdotem	
2-270	2009-2010	,	
2-271	2011-2013	et	
2-272	2014-2021	offeret	
2-273	2022-2032	oblationem	
2-274	2033-2036	pro	
2-275	2037-2041	illa	
2-276	2041-2042	,	
2-277	2043-2050	decimam	
2-278	2051-2057	partem	
2-279	2058-2062	sati	
2-280	2063-2069	farinæ	
2-281	2070-2079	hordeaceæ	
2-282	2080-2081	:	
2-283	2082-2085	non	
2-284	2086-2092	fundet	
2-285	2093-2098	super	
2-286	2099-2102	eam	
2-287	2103-2108	oleum	
2-288	2108-2109	,	
2-289	2110-2113	nec	
2-290	2114-2121	imponet	
2-291	2122-2126	thus	
2-292	2127-2128	:	
2-293	2129-2133	quia	
2-294	2134-2145	sacrificium	
2-295	2146-2155	zelotypiæ	
2-296	2156-2159	est	
2-297	2159-2160	,	
2-298	2161-2163	et	
2-299	2164-2171	oblatio	
2-300	2172-2183	investigans	
2-301	2184-2194	adulterium	
2-302	2194-2195	.	
2-303	2196-2198	16	
2-304	2199-2206	Offeret	
2-305	2207-2213	igitur	
2-306	2214-2217	eam	
2-307	2218-2226	sacerdos	
2-308	2226-2227	,	
2-309	2228-2230	et	
2-310	2231-2238	statuet	
2-311	2239-2244	coram	
2-312	2245-2251	Domino	
2-313	2251-2252	,	
2-314	2253-2255	17	
2-315	2256-2266	assumetque	
2-316	2267-2272	aquam	
2-317	2273-2280	sanctam	
2-318	2281-2283	in	
2-319	2284-2288	vase	
2-320	2289-2296	fictili	
2-321	2296-2297	,	
2-322	2298-2300	et	
2-323	2301-2310	pauxillum	
2-324	2311-2316	terræ	
2-325	2317-2319	de	
2-326	2320-2329	pavimento	
2-327	2330-2341	tabernaculi	
2-328	2342-2348	mittet	
2-329	2349-2351	in	
2-330	2352-2355	eam	
2-331	2355-2356	.	
2-332	2357-2359	18	
2-333	2360-2366	Cumque	
2-334	2367-2375	steterit	
2-335	2376-2382	mulier	
2-336	2383-2385	in	
2-337	2386-2395	conspectu	
2-338	2396-2402	Domini	
2-339	2402-2403	,	
2-340	2404-2416	discooperiet	
2-341	2417-2422	caput	
2-342	2423-2427	ejus	
2-343	2427-2428	,	
2-344	2429-2431	et	
2-345	2432-2437	ponet	
2-346	2438-2443	super	
2-347	2444-2449	manus	
2-348	2450-2456	illius	
2-349	2457-2468	sacrificium	
2-350	2469-2482	recordationis	
2-351	2482-2483	,	
2-352	2484-2486	et	
2-353	2487-2497	oblationem	
2-354	2498-2507	zelotypiæ	
2-355	2508-2509	:	
2-356	2510-2514	ipse	
2-357	2515-2520	autem	
2-358	2521-2528	tenebit	
2-359	2529-2534	aquas	
2-360	2535-2546	amarissimas	
2-361	2546-2547	,	
2-362	2548-2550	in	
2-363	2551-2557	quibus	
2-364	2558-2561	cum	
2-365	2562-2573	execratione	
2-366	2574-2583	maledicta	
2-367	2584-2593	congessit	
2-368	2593-2594	.	
2-369	2595-2597	19	
2-370	2598-2610	Adjurabitque	
2-371	2611-2614	eam	
2-372	2614-2615	,	
2-373	2616-2618	et	
2-374	2619-2624	dicet	
2-375	2625-2626	:	
2-376	2627-2629	Si	
2-377	2630-2633	non	
2-378	2634-2642	dormivit	
2-379	2643-2646	vir	
2-380	2647-2654	alienus	
2-381	2655-2660	tecum	
2-382	2660-2661	,	
2-383	2662-2664	et	
2-384	2665-2667	si	
2-385	2668-2671	non	
2-386	2672-2679	polluta	
2-387	2680-2682	es	
2-388	2683-2690	deserto	
2-389	2691-2697	mariti	
2-390	2698-2703	thoro	
2-391	2703-2704	,	
2-392	2705-2708	non	
2-393	2709-2711	te	
2-394	2712-2720	nocebunt	
2-395	2721-2725	aquæ	
2-396	2726-2730	istæ	
2-397	2731-2741	amarissimæ	
2-398	2741-2742	,	
2-399	2743-2745	in	
2-400	2746-2750	quas	
2-401	2751-2760	maledicta	
2-402	2761-2769	congessi	
2-403	2769-2770	.	
2-404	2771-2773	20	
2-405	2774-2777	Sin	
2-406	2778-2783	autem	
2-407	2784-2794	declinasti	
2-408	2795-2796	a	
2-409	2797-2801	viro	
2-410	2802-2805	tuo	
2-411	2805-2806	,	
2-412	2807-2812	atque	
2-413	2813-2820	polluta	
2-414	2821-2823	es	
2-415	2823-2824	,	
2-416	2825-2827	et	
2-417	2828-2839	concubuisti	
2-418	2840-2843	cum	
2-419	2844-2850	altero	
2-420	2851-2855	viro	
2-421	2856-2857	:	
2-422	2858-2860	21	
2-423	2861-2864	his	
2-424	2865-2880	maledictionibus	
2-425	2881-2891	subjacebis	
2-426	2892-2893	:	
2-427	2894-2897	det	
2-428	2898-2900	te	
2-429	2901-2908	Dominus	
2-430	2909-2911	in	
2-431	2912-2925	maledictionem	
2-432	2925-2926	,	
2-433	2927-2938	exemplumque	
2-434	2939-2948	cunctorum	
2-435	2949-2951	in	
2-436	2952-2958	populo	
2-437	2959-2962	suo	
2-438	2963-2964	:	
2-439	2965-2975	putrescere	
2-440	2976-2982	faciat	
2-441	2983-2988	femur	
2-442	2989-2993	tuum	
2-443	2993-2994	,	
2-444	2995-2997	et	
2-445	2998-3004	tumens	
2-446	3005-3011	uterus	
2-447	3012-3016	tuus	
2-448	3017-3028	disrumpatur	
2-449	3028-3029	.	
2-450	3030-3032	22	
2-451	3033-3045	Ingrediantur	
2-452	3046-3050	aquæ	
2-453	3051-3060	maledictæ	
2-454	3061-3063	in	
2-455	3064-3071	ventrem	
2-456	3072-3076	tuum	
2-457	3076-3077	,	
2-458	3078-3080	et	
2-459	3081-3086	utero	
2-460	3087-3097	tumescente	
2-461	3098-3107	putrescat	
2-462	3108-3113	femur	
2-463	3113-3114	.	

#Text=Et respondebit mulier : Amen, amen.
#Text=23 Scribetque sacerdos in libello ista maledicta, et delebit ea aquis amarissimis, in quas maledicta congessit, 24 et dabit ei bibere.
3-1	3115-3117	Et	
3-2	3118-3129	respondebit	
3-3	3130-3136	mulier	
3-4	3137-3138	:	
3-5	3139-3143	Amen	
3-6	3143-3144	,	
3-7	3145-3149	amen	
3-8	3149-3150	.	
3-9	3151-3153	23	
3-10	3154-3164	Scribetque	
3-11	3165-3173	sacerdos	
3-12	3174-3176	in	
3-13	3177-3184	libello	
3-14	3185-3189	ista	
3-15	3190-3199	maledicta	
3-16	3199-3200	,	
3-17	3201-3203	et	
3-18	3204-3211	delebit	
3-19	3212-3214	ea	
3-20	3215-3220	aquis	
3-21	3221-3232	amarissimis	
3-22	3232-3233	,	
3-23	3234-3236	in	
3-24	3237-3241	quas	
3-25	3242-3251	maledicta	
3-26	3252-3261	congessit	
3-27	3261-3262	,	
3-28	3263-3265	24	
3-29	3266-3268	et	
3-30	3269-3274	dabit	
3-31	3275-3277	ei	
3-32	3278-3284	bibere	
3-33	3284-3285	.	

#Text=Quas cum exhauserit, 25 tollet sacerdos de manu ejus sacrificium zelotypiæ, et elevabit illud coram Domino, imponetque illud super altare, ita dumtaxat ut prius : 26 pugillum sacrificii tollat de eo, quod offertur, et incendat super altare : et sic potum det mulieri aquas amarissimas.
#Text=27 Quas cum biberit, si polluta est, et contempto viro adulterii rea, pertransibunt eam aquæ maledictionis, et inflato ventre, computrescet femur : eritque mulier in maledictionem, et in exemplum omni populo.
#Text=28 Quod si polluta non fuerit, erit innoxia, et faciet liberos.
#Text=29 Ista est lex zelotypiæ.
4-1	3286-3290	Quas	
4-2	3291-3294	cum	
4-3	3295-3305	exhauserit	
4-4	3305-3306	,	
4-5	3307-3309	25	
4-6	3310-3316	tollet	
4-7	3317-3325	sacerdos	
4-8	3326-3328	de	
4-9	3329-3333	manu	
4-10	3334-3338	ejus	
4-11	3339-3350	sacrificium	
4-12	3351-3360	zelotypiæ	
4-13	3360-3361	,	
4-14	3362-3364	et	
4-15	3365-3373	elevabit	
4-16	3374-3379	illud	
4-17	3380-3385	coram	
4-18	3386-3392	Domino	
4-19	3392-3393	,	
4-20	3394-3404	imponetque	
4-21	3405-3410	illud	
4-22	3411-3416	super	
4-23	3417-3423	altare	
4-24	3423-3424	,	
4-25	3425-3428	ita	
4-26	3429-3437	dumtaxat	
4-27	3438-3440	ut	
4-28	3441-3446	prius	
4-29	3447-3448	:	
4-30	3449-3451	26	
4-31	3452-3460	pugillum	
4-32	3461-3471	sacrificii	
4-33	3472-3478	tollat	
4-34	3479-3481	de	
4-35	3482-3484	eo	
4-36	3484-3485	,	
4-37	3486-3490	quod	
4-38	3491-3499	offertur	
4-39	3499-3500	,	
4-40	3501-3503	et	
4-41	3504-3512	incendat	
4-42	3513-3518	super	
4-43	3519-3525	altare	
4-44	3526-3527	:	
4-45	3528-3530	et	
4-46	3531-3534	sic	
4-47	3535-3540	potum	
4-48	3541-3544	det	
4-49	3545-3552	mulieri	
4-50	3553-3558	aquas	
4-51	3559-3570	amarissimas	
4-52	3570-3571	.	
4-53	3572-3574	27	
4-54	3575-3579	Quas	
4-55	3580-3583	cum	
4-56	3584-3591	biberit	
4-57	3591-3592	,	
4-58	3593-3595	si	
4-59	3596-3603	polluta	
4-60	3604-3607	est	
4-61	3607-3608	,	
4-62	3609-3611	et	
4-63	3612-3621	contempto	
4-64	3622-3626	viro	
4-65	3627-3636	adulterii	
4-66	3637-3640	rea	
4-67	3640-3641	,	
4-68	3642-3655	pertransibunt	
4-69	3656-3659	eam	
4-70	3660-3664	aquæ	
4-71	3665-3678	maledictionis	
4-72	3678-3679	,	
4-73	3680-3682	et	
4-74	3683-3690	inflato	
4-75	3691-3697	ventre	
4-76	3697-3698	,	
4-77	3699-3711	computrescet	
4-78	3712-3717	femur	
4-79	3718-3719	:	
4-80	3720-3727	eritque	
4-81	3728-3734	mulier	
4-82	3735-3737	in	
4-83	3738-3751	maledictionem	
4-84	3751-3752	,	
4-85	3753-3755	et	
4-86	3756-3758	in	
4-87	3759-3767	exemplum	
4-88	3768-3772	omni	
4-89	3773-3779	populo	
4-90	3779-3780	.	
4-91	3781-3783	28	
4-92	3784-3788	Quod	
4-93	3789-3791	si	
4-94	3792-3799	polluta	
4-95	3800-3803	non	
4-96	3804-3810	fuerit	
4-97	3810-3811	,	
4-98	3812-3816	erit	
4-99	3817-3824	innoxia	
4-100	3824-3825	,	
4-101	3826-3828	et	
4-102	3829-3835	faciet	
4-103	3836-3843	liberos	
4-104	3843-3844	.	
4-105	3845-3847	29	
4-106	3848-3852	Ista	
4-107	3853-3856	est	
4-108	3857-3860	lex	
4-109	3861-3870	zelotypiæ	
4-110	3870-3871	.	
