#FORMAT=WebAnno TSV 3.3


#Text=Levit.
#Text=cap. 2.
#Text=spijs-offer, noch ick en hebbe u niet vermoeyt D. met veel offerens van u te eysschen.
#Text=siet
#Text=Iesa.
#Text=1.11.
#Text=by de offerhanden pleeght men wieroock te gebruycken.
#Text=siet Lev.
#Text=c. 2. met wieroock.
#Text=
#Text=24
#Text=My en hebt ghy
#Text=geen Dit gebruyckte men in het reuckwerck.
#Text=siet Ier.
#Text=6.20.
1-1	2-7	Levit	
1-2	7-8	.	
1-3	9-12	cap	
1-4	12-13	.	
1-5	14-15	2	
1-6	15-16	.	
1-7	17-28	spijs-offer	
1-8	28-29	,	
1-9	30-34	noch	
1-10	35-38	ick	
1-11	39-41	en	
1-12	42-47	hebbe	
1-13	48-49	u	
1-14	50-54	niet	
1-15	55-63	vermoeyt	
1-16	64-65	D	
1-17	65-66	.	
1-18	67-70	met	
1-19	71-75	veel	
1-20	76-84	offerens	
1-21	85-88	van	
1-22	89-90	u	
1-23	91-93	te	
1-24	94-102	eysschen	
1-25	102-103	.	
1-26	104-108	siet	
1-27	109-113	Iesa	
1-28	113-114	.	
1-29	115-119	1.11	
1-30	119-120	.	
1-31	121-123	by	
1-32	124-126	de	
1-33	127-138	offerhanden	
1-34	139-146	pleeght	
1-35	147-150	men	
1-36	151-159	wieroock	
1-37	160-162	te	
1-38	163-173	gebruycken	
1-39	173-174	.	
1-40	175-179	siet	
1-41	180-183	Lev	
1-42	183-184	.	
1-43	185-186	c	
1-44	186-187	.	
1-45	188-189	2	
1-46	189-190	.	
1-47	191-194	met	
1-48	195-203	wieroock	
1-49	203-204	.	
1-50	206-208	24	
1-51	209-211	My	
1-52	212-214	en	
1-53	215-219	hebt	
1-54	220-223	ghy	
1-55	224-228	geen	
1-56	229-232	Dit	
1-57	233-243	gebruyckte	
1-58	244-247	men	
1-59	248-250	in	
1-60	251-254	het	
1-61	255-265	reuckwerck	
1-62	265-266	.	
1-63	267-271	siet	
1-64	272-275	Ier	
1-65	275-276	.	
1-66	277-281	6.20	
1-67	281-282	.	

#Text=Calmus voor gelt gekocht, ende met het vette uwer slacht-offeren en hebt ghy my niet
#Text=Of, bevochtight, droncken gemaeckt, D. met vreught ende genoeghte verheught ende vervult.
#Text=als Prov. 5.19.
2-1	283-289	Calmus	
2-2	290-294	voor	
2-3	295-299	gelt	
2-4	300-307	gekocht	
2-5	307-308	,	
2-6	309-313	ende	
2-7	314-317	met	
2-8	318-321	het	
2-9	322-327	vette	
2-10	328-332	uwer	
2-11	333-347	slacht-offeren	
2-12	348-350	en	
2-13	351-355	hebt	
2-14	356-359	ghy	
2-15	360-362	my	
2-16	363-367	niet	
2-17	368-370	Of	
2-18	370-371	,	
2-19	372-383	bevochtight	
2-20	383-384	,	
2-21	385-393	droncken	
2-22	394-402	gemaeckt	
2-23	402-403	,	
2-24	404-405	D	
2-25	405-406	.	
2-26	407-410	met	
2-27	411-418	vreught	
2-28	419-423	ende	
2-29	424-433	genoeghte	
2-30	434-443	verheught	
2-31	444-448	ende	
2-32	449-456	vervult	
2-33	456-457	.	
2-34	458-461	als	
2-35	462-466	Prov	
2-36	466-467	.	
2-37	468-472	5.19	
2-38	472-473	.	

#Text=Ier.
#Text=31.14. gedrenckt:
#Text=maer ghy hebt my
#Text=Ofte, moeyte gemaeckt.
3-1	474-477	Ier	
3-2	477-478	.	
3-3	479-484	31.14	
3-4	484-485	.	
3-5	486-495	gedrenckt	
3-6	495-496	:	
3-7	497-501	maer	
3-8	502-505	ghy	
3-9	506-510	hebt	
3-10	511-513	my	
3-11	514-518	Ofte	
3-12	518-519	,	
3-13	520-526	moeyte	
3-14	527-535	gemaeckt	
3-15	535-536	.	
