#FORMAT=WebAnno TSV 3.3


#Text=10 Averte a delicto, et dirige manus, et ab omni delicto munda cor tuum.
#Text=11 Da suavitatem et memoriam similaginis, et impingua oblationem, et da locum medico : 12 etenim illum Dominus creavit, et non discedat a te, quia opera ejus sunt necessaria.
#Text=13 Est enim tempus quando in manus illorum incurras : 14 ipsi vero Dominum deprecabuntur, ut dirigat requiem eorum, et sanitatem, propter conversationem illorum.
#Text=15 Qui delinquit in conspectu ejus qui fecit eum, incidet in manus medici.
#Text=16 Fili, in mortuum produc lacrimas, et quasi dira passus incipe plorare : et secundum judicium contege corpus illius, et non despicias sepulturam illius.
#Text=17 Propter delaturam autem amare fer luctum illius uno die, et consolare propter tristitiam : 18 et fac luctum secundum meritum ejus uno die, vel duobus, propter detractionem : 19 a tristitia enim festinat mors, et cooperit virtutem, et tristitia cordis flectit cervicem.
#Text=20 In abductione permanet tristitia, et substantia inopis secundum cor ejus.
#Text=21 Ne dederis in tristitia cor tuum, sed repelle eam a te, et memento novissimorum.
#Text=22 Noli oblivisci, neque enim est conversio : et huic nihil proderis, et teipsum pessimabis.
#Text=23 Memor esto judicii mei : sic enim erit et tuum : mihi heri, et tibi hodie.
#Text=24 In requie mortui requiescere fac memoriam ejus, et consolare illum in exitu spiritus sui.
#Text=25 Sapientia scribæ in tempore vacuitatis, et qui minoratur actu sapientiam percipiet, qua sapientia replebitur.
#Text=26 Qui tenet aratrum, et qui gloriatur in jaculo, stimulo boves agitat, et conversatur in operibus eorum, et enarratio ejus in filiis taurorum.
#Text=27 Cor suum dabit ad versandos sulcos, et vigilia ejus in sagina vaccarum.
#Text=28 Sic omnis faber et architectus, qui noctem tamquam diem transigit : qui sculpit signacula sculptilia, et assiduitas ejus variat picturam : cor suum dabit in similitudinem picturæ, et vigilia sua perficiet opus.
#Text=29 Sic faber ferrarius sedens juxta incudem, et considerans opus ferri : vapor ignis uret carnes ejus, et in calore fornacis concertatur.
#Text=30 Vox mallei innovat aurem ejus, et contra similitudinem vasis oculus ejus.
#Text=31 Cor suum dabit in consummationem operum, et vigilia sua ornabit in perfectionem.
#Text=32 Sic figulus sedens ad opus suum, convertens pedibus suis rotam, qui in sollicitudine positus est semper propter opus suum, et in numero est omnis operatio ejus.
#Text=33 In brachio suo formabit lutum, et ante pedes suos curvabit virtutem suam.
1-1	2-4	10	
1-2	5-11	Averte	
1-3	12-13	a	
1-4	14-21	delicto	
1-5	21-22	,	
1-6	23-25	et	
1-7	26-32	dirige	
1-8	33-38	manus	
1-9	38-39	,	
1-10	40-42	et	
1-11	43-45	ab	
1-12	46-50	omni	
1-13	51-58	delicto	
1-14	59-64	munda	
1-15	65-68	cor	
1-16	69-73	tuum	
1-17	73-74	.	
1-18	75-77	11	
1-19	78-80	Da	
1-20	81-91	suavitatem	
1-21	92-94	et	
1-22	95-103	memoriam	
1-23	104-115	similaginis	
1-24	115-116	,	
1-25	117-119	et	
1-26	120-128	impingua	
1-27	129-139	oblationem	
1-28	139-140	,	
1-29	141-143	et	
1-30	144-146	da	
1-31	147-152	locum	
1-32	153-159	medico	
1-33	160-161	:	
1-34	162-164	12	
1-35	165-171	etenim	
1-36	172-177	illum	
1-37	178-185	Dominus	
1-38	186-193	creavit	
1-39	193-194	,	
1-40	195-197	et	
1-41	198-201	non	
1-42	202-210	discedat	
1-43	211-212	a	
1-44	213-215	te	
1-45	215-216	,	
1-46	217-221	quia	
1-47	222-227	opera	
1-48	228-232	ejus	
1-49	233-237	sunt	
1-50	238-248	necessaria	
1-51	248-249	.	
1-52	250-252	13	
1-53	253-256	Est	
1-54	257-261	enim	
1-55	262-268	tempus	
1-56	269-275	quando	
1-57	276-278	in	
1-58	279-284	manus	
1-59	285-292	illorum	
1-60	293-301	incurras	
1-61	302-303	:	
1-62	304-306	14	
1-63	307-311	ipsi	
1-64	312-316	vero	
1-65	317-324	Dominum	
1-66	325-338	deprecabuntur	
1-67	338-339	,	
1-68	340-342	ut	
1-69	343-350	dirigat	
1-70	351-358	requiem	
1-71	359-364	eorum	
1-72	364-365	,	
1-73	366-368	et	
1-74	369-378	sanitatem	
1-75	378-379	,	
1-76	380-387	propter	
1-77	388-402	conversationem	
1-78	403-410	illorum	
1-79	410-411	.	
1-80	412-414	15	
1-81	415-418	Qui	
1-82	419-428	delinquit	
1-83	429-431	in	
1-84	432-441	conspectu	
1-85	442-446	ejus	
1-86	447-450	qui	
1-87	451-456	fecit	
1-88	457-460	eum	
1-89	460-461	,	
1-90	462-469	incidet	
1-91	470-472	in	
1-92	473-478	manus	
1-93	479-485	medici	
1-94	485-486	.	
1-95	487-489	16	
1-96	490-494	Fili	
1-97	494-495	,	
1-98	496-498	in	
1-99	499-506	mortuum	
1-100	507-513	produc	
1-101	514-522	lacrimas	
1-102	522-523	,	
1-103	524-526	et	
1-104	527-532	quasi	
1-105	533-537	dira	
1-106	538-544	passus	
1-107	545-551	incipe	
1-108	552-559	plorare	
1-109	560-561	:	
1-110	562-564	et	
1-111	565-573	secundum	
1-112	574-582	judicium	
1-113	583-590	contege	
1-114	591-597	corpus	
1-115	598-604	illius	
1-116	604-605	,	
1-117	606-608	et	
1-118	609-612	non	
1-119	613-622	despicias	
1-120	623-633	sepulturam	
1-121	634-640	illius	
1-122	640-641	.	
1-123	642-644	17	
1-124	645-652	Propter	
1-125	653-662	delaturam	
1-126	663-668	autem	
1-127	669-674	amare	
1-128	675-678	fer	
1-129	679-685	luctum	
1-130	686-692	illius	
1-131	693-696	uno	
1-132	697-700	die	
1-133	700-701	,	
1-134	702-704	et	
1-135	705-714	consolare	
1-136	715-722	propter	
1-137	723-733	tristitiam	
1-138	734-735	:	
1-139	736-738	18	
1-140	739-741	et	
1-141	742-745	fac	
1-142	746-752	luctum	
1-143	753-761	secundum	
1-144	762-769	meritum	
1-145	770-774	ejus	
1-146	775-778	uno	
1-147	779-782	die	
1-148	782-783	,	
1-149	784-787	vel	
1-150	788-794	duobus	
1-151	794-795	,	
1-152	796-803	propter	
1-153	804-816	detractionem	
1-154	817-818	:	
1-155	819-821	19	
1-156	822-823	a	
1-157	824-833	tristitia	
1-158	834-838	enim	
1-159	839-847	festinat	
1-160	848-852	mors	
1-161	852-853	,	
1-162	854-856	et	
1-163	857-865	cooperit	
1-164	866-874	virtutem	
1-165	874-875	,	
1-166	876-878	et	
1-167	879-888	tristitia	
1-168	889-895	cordis	
1-169	896-903	flectit	
1-170	904-912	cervicem	
1-171	912-913	.	
1-172	914-916	20	
1-173	917-919	In	
1-174	920-930	abductione	
1-175	931-939	permanet	
1-176	940-949	tristitia	
1-177	949-950	,	
1-178	951-953	et	
1-179	954-964	substantia	
1-180	965-971	inopis	
1-181	972-980	secundum	
1-182	981-984	cor	
1-183	985-989	ejus	
1-184	989-990	.	
1-185	991-993	21	
1-186	994-996	Ne	
1-187	997-1004	dederis	
1-188	1005-1007	in	
1-189	1008-1017	tristitia	
1-190	1018-1021	cor	
1-191	1022-1026	tuum	
1-192	1026-1027	,	
1-193	1028-1031	sed	
1-194	1032-1039	repelle	
1-195	1040-1043	eam	
1-196	1044-1045	a	
1-197	1046-1048	te	
1-198	1048-1049	,	
1-199	1050-1052	et	
1-200	1053-1060	memento	
1-201	1061-1073	novissimorum	
1-202	1073-1074	.	
1-203	1075-1077	22	
1-204	1078-1082	Noli	
1-205	1083-1092	oblivisci	
1-206	1092-1093	,	
1-207	1094-1099	neque	
1-208	1100-1104	enim	
1-209	1105-1108	est	
1-210	1109-1118	conversio	
1-211	1119-1120	:	
1-212	1121-1123	et	
1-213	1124-1128	huic	
1-214	1129-1134	nihil	
1-215	1135-1143	proderis	
1-216	1143-1144	,	
1-217	1145-1147	et	
1-218	1148-1155	teipsum	
1-219	1156-1166	pessimabis	
1-220	1166-1167	.	
1-221	1168-1170	23	
1-222	1171-1176	Memor	
1-223	1177-1181	esto	
1-224	1182-1189	judicii	
1-225	1190-1193	mei	
1-226	1194-1195	:	
1-227	1196-1199	sic	
1-228	1200-1204	enim	
1-229	1205-1209	erit	
1-230	1210-1212	et	
1-231	1213-1217	tuum	
1-232	1218-1219	:	
1-233	1220-1224	mihi	
1-234	1225-1229	heri	
1-235	1229-1230	,	
1-236	1231-1233	et	
1-237	1234-1238	tibi	
1-238	1239-1244	hodie	
1-239	1244-1245	.	
1-240	1246-1248	24	
1-241	1249-1251	In	
1-242	1252-1258	requie	
1-243	1259-1265	mortui	
1-244	1266-1277	requiescere	
1-245	1278-1281	fac	
1-246	1282-1290	memoriam	
1-247	1291-1295	ejus	
1-248	1295-1296	,	
1-249	1297-1299	et	
1-250	1300-1309	consolare	
1-251	1310-1315	illum	
1-252	1316-1318	in	
1-253	1319-1324	exitu	
1-254	1325-1333	spiritus	
1-255	1334-1337	sui	
1-256	1337-1338	.	
1-257	1339-1341	25	
1-258	1342-1351	Sapientia	
1-259	1352-1358	scribæ	
1-260	1359-1361	in	
1-261	1362-1369	tempore	
1-262	1370-1380	vacuitatis	
1-263	1380-1381	,	
1-264	1382-1384	et	
1-265	1385-1388	qui	
1-266	1389-1398	minoratur	
1-267	1399-1403	actu	
1-268	1404-1414	sapientiam	
1-269	1415-1424	percipiet	
1-270	1424-1425	,	
1-271	1426-1429	qua	
1-272	1430-1439	sapientia	
1-273	1440-1450	replebitur	
1-274	1450-1451	.	
1-275	1452-1454	26	
1-276	1455-1458	Qui	
1-277	1459-1464	tenet	
1-278	1465-1472	aratrum	
1-279	1472-1473	,	
1-280	1474-1476	et	
1-281	1477-1480	qui	
1-282	1481-1490	gloriatur	
1-283	1491-1493	in	
1-284	1494-1500	jaculo	
1-285	1500-1501	,	
1-286	1502-1509	stimulo	
1-287	1510-1515	boves	
1-288	1516-1522	agitat	
1-289	1522-1523	,	
1-290	1524-1526	et	
1-291	1527-1538	conversatur	
1-292	1539-1541	in	
1-293	1542-1550	operibus	
1-294	1551-1556	eorum	
1-295	1556-1557	,	
1-296	1558-1560	et	
1-297	1561-1570	enarratio	
1-298	1571-1575	ejus	
1-299	1576-1578	in	
1-300	1579-1585	filiis	
1-301	1586-1594	taurorum	
1-302	1594-1595	.	
1-303	1596-1598	27	
1-304	1599-1602	Cor	
1-305	1603-1607	suum	
1-306	1608-1613	dabit	
1-307	1614-1616	ad	
1-308	1617-1626	versandos	
1-309	1627-1633	sulcos	
1-310	1633-1634	,	
1-311	1635-1637	et	
1-312	1638-1645	vigilia	
1-313	1646-1650	ejus	
1-314	1651-1653	in	
1-315	1654-1660	sagina	
1-316	1661-1669	vaccarum	
1-317	1669-1670	.	
1-318	1671-1673	28	
1-319	1674-1677	Sic	
1-320	1678-1683	omnis	
1-321	1684-1689	faber	
1-322	1690-1692	et	
1-323	1693-1704	architectus	
1-324	1704-1705	,	
1-325	1706-1709	qui	
1-326	1710-1716	noctem	
1-327	1717-1724	tamquam	
1-328	1725-1729	diem	
1-329	1730-1739	transigit	
1-330	1740-1741	:	
1-331	1742-1745	qui	
1-332	1746-1753	sculpit	
1-333	1754-1763	signacula	
1-334	1764-1774	sculptilia	
1-335	1774-1775	,	
1-336	1776-1778	et	
1-337	1779-1789	assiduitas	
1-338	1790-1794	ejus	
1-339	1795-1801	variat	
1-340	1802-1810	picturam	
1-341	1811-1812	:	
1-342	1813-1816	cor	
1-343	1817-1821	suum	
1-344	1822-1827	dabit	
1-345	1828-1830	in	
1-346	1831-1844	similitudinem	
1-347	1845-1852	picturæ	
1-348	1852-1853	,	
1-349	1854-1856	et	
1-350	1857-1864	vigilia	
1-351	1865-1868	sua	
1-352	1869-1878	perficiet	
1-353	1879-1883	opus	
1-354	1883-1884	.	
1-355	1885-1887	29	
1-356	1888-1891	Sic	
1-357	1892-1897	faber	
1-358	1898-1907	ferrarius	
1-359	1908-1914	sedens	
1-360	1915-1920	juxta	
1-361	1921-1928	incudem	
1-362	1928-1929	,	
1-363	1930-1932	et	
1-364	1933-1944	considerans	
1-365	1945-1949	opus	
1-366	1950-1955	ferri	
1-367	1956-1957	:	
1-368	1958-1963	vapor	
1-369	1964-1969	ignis	
1-370	1970-1974	uret	
1-371	1975-1981	carnes	
1-372	1982-1986	ejus	
1-373	1986-1987	,	
1-374	1988-1990	et	
1-375	1991-1993	in	
1-376	1994-2000	calore	
1-377	2001-2009	fornacis	
1-378	2010-2021	concertatur	
1-379	2021-2022	.	
1-380	2023-2025	30	
1-381	2026-2029	Vox	
1-382	2030-2036	mallei	
1-383	2037-2044	innovat	
1-384	2045-2050	aurem	
1-385	2051-2055	ejus	
1-386	2055-2056	,	
1-387	2057-2059	et	
1-388	2060-2066	contra	
1-389	2067-2080	similitudinem	
1-390	2081-2086	vasis	
1-391	2087-2093	oculus	
1-392	2094-2098	ejus	
1-393	2098-2099	.	
1-394	2100-2102	31	
1-395	2103-2106	Cor	
1-396	2107-2111	suum	
1-397	2112-2117	dabit	
1-398	2118-2120	in	
1-399	2121-2135	consummationem	
1-400	2136-2142	operum	
1-401	2142-2143	,	
1-402	2144-2146	et	
1-403	2147-2154	vigilia	
1-404	2155-2158	sua	
1-405	2159-2166	ornabit	
1-406	2167-2169	in	
1-407	2170-2182	perfectionem	
1-408	2182-2183	.	
1-409	2184-2186	32	
1-410	2187-2190	Sic	
1-411	2191-2198	figulus	
1-412	2199-2205	sedens	
1-413	2206-2208	ad	
1-414	2209-2213	opus	
1-415	2214-2218	suum	
1-416	2218-2219	,	
1-417	2220-2230	convertens	
1-418	2231-2238	pedibus	
1-419	2239-2243	suis	
1-420	2244-2249	rotam	
1-421	2249-2250	,	
1-422	2251-2254	qui	
1-423	2255-2257	in	
1-424	2258-2271	sollicitudine	
1-425	2272-2279	positus	
1-426	2280-2283	est	
1-427	2284-2290	semper	
1-428	2291-2298	propter	
1-429	2299-2303	opus	
1-430	2304-2308	suum	
1-431	2308-2309	,	
1-432	2310-2312	et	
1-433	2313-2315	in	
1-434	2316-2322	numero	
1-435	2323-2326	est	
1-436	2327-2332	omnis	
1-437	2333-2341	operatio	
1-438	2342-2346	ejus	
1-439	2346-2347	.	
1-440	2348-2350	33	
1-441	2351-2353	In	
1-442	2354-2361	brachio	
1-443	2362-2365	suo	
1-444	2366-2374	formabit	
1-445	2375-2380	lutum	
1-446	2380-2381	,	
1-447	2382-2384	et	
1-448	2385-2389	ante	
1-449	2390-2395	pedes	
1-450	2396-2400	suos	
1-451	2401-2409	curvabit	
1-452	2410-2418	virtutem	
1-453	2419-2423	suam	
1-454	2423-2424	.	
