#FORMAT=WebAnno TSV 3.3
#T_SP=custom.Span|label
#T_RL=custom.Relation|label|BT_custom.Span


#Text=Reſina und
#Text=Extractum
#Text=
#Text=Gnajaci.
1-1	3-9	Reſina	_	_	_	
1-2	10-13	und	_	_	_	
1-3	14-23	Extractum	_	_	_	
1-4	25-32	Gnajaci	_	_	_	
1-5	32-33	.	_	_	_	

#Text=Die Rinde wird gleichfalls zu obge-
#Text=dachten Kranckheiten gar ſehr gebrau-
#Text=chet, und deshalben muß diejenige dazu
#Text=ausgeſuchet werden, welche gleich,
#Text=ſchwer, uͤbel zu zerbrechen, obenher
#Text=grau, inwendig weißlicht iſt, bitter und
#Text=unanehmlich ſchmecket.
2-1	36-39	Die	_	_	_	
2-2	40-45	Rinde	_	_	_	
2-3	46-50	wird	_	_	_	
2-4	51-62	gleichfalls	_	_	_	
2-5	63-65	zu	_	_	_	
2-6	66-70	obge	_	_	_	
2-7	70-71	-	_	_	_	
2-8	72-79	dachten	_	_	_	
2-9	80-92	Kranckheiten	_	_	_	
2-10	93-96	gar	_	_	_	
2-11	97-101	ſehr	_	_	_	
2-12	102-108	gebrau	_	_	_	
2-13	108-109	-	_	_	_	
2-14	110-114	chet	_	_	_	
2-15	114-115	,	_	_	_	
2-16	116-119	und	_	_	_	
2-17	120-129	deshalben	_	_	_	
2-18	130-133	muß	_	_	_	
2-19	134-143	diejenige	_	_	_	
2-20	144-148	dazu	_	_	_	
2-21	149-160	ausgeſuchet	_	_	_	
2-22	161-167	werden	_	_	_	
2-23	167-168	,	_	_	_	
2-24	169-175	welche	_	_	_	
2-25	176-182	gleich	_	_	_	
2-26	182-183	,	_	_	_	
2-27	184-190	ſchwer	_	_	_	
2-28	190-191	,	_	_	_	
2-29	192-197	uͤbel	_	_	_	
2-30	198-200	zu	_	_	_	
2-31	201-211	zerbrechen	_	_	_	
2-32	211-212	,	_	_	_	
2-33	213-220	obenher	_	_	_	
2-34	221-225	grau	_	_	_	
2-35	225-226	,	_	_	_	
2-36	227-235	inwendig	_	_	_	
2-37	236-245	weißlicht	_	_	_	
2-38	246-249	iſt	_	_	_	
2-39	249-250	,	_	_	_	
2-40	251-257	bitter	_	_	_	
2-41	258-261	und	_	_	_	
2-42	262-273	unanehmlich	_	_	_	
2-43	274-283	ſchmecket	_	_	_	
2-44	283-284	.	_	_	_	

#Text=Rinde vom
#Text=
#Text=
#Text=Frantzoſen-
#Text=holtze.
3-1	287-292	Rinde	_	_	_	
3-2	293-296	vom	_	_	_	
3-3	299-309	Frantzoſen	_	_	_	
3-4	309-310	-	_	_	_	
3-5	311-317	holtze	_	_	_	
3-6	317-318	.	_	_	_	

#Text=Es werden groſſe Stuͤcken
#Text=Gummi
#Text=aus Jndien gebracht, welche dem Ar-
#Text=canſon dermaſſen gleich ſehen, daß man
#Text=eines faſt unmoͤglich von dem andern
#Text=unterſcheiden kan: iedoch, wenn jenes
#Text=nur ein wenig mit den Fingern gerie-
#Text=ben, oder auf gluͤhende Kohlen geleget
#Text=
#Text=wird, giebt es einen gar lieblichen Ge-
#Text=ruch von ſich, der den gantzen Ort, da es
#Text=verbrennet worden, erfuͤllet, welches
#Text=das Arcanſon nicht thut, dann es riecht
#Text=nach Terpentin.
4-1	321-323	Es	_	_	_	
4-2	324-330	werden	_	_	_	
4-3	331-337	groſſe	_	_	_	
4-4	338-346	Stuͤcken	_	_	_	
4-5	347-352	Gummi	Smell\_Source	*	4-33	
4-6	353-356	aus	_	_	_	
4-7	357-363	Jndien	_	_	_	
4-8	364-372	gebracht	_	_	_	
4-9	372-373	,	_	_	_	
4-10	374-380	welche	_	_	_	
4-11	381-384	dem	_	_	_	
4-12	385-387	Ar	_	_	_	
4-13	387-388	-	_	_	_	
4-14	389-395	canſon	_	_	_	
4-15	396-405	dermaſſen	_	_	_	
4-16	406-412	gleich	_	_	_	
4-17	413-418	ſehen	_	_	_	
4-18	418-419	,	_	_	_	
4-19	420-423	daß	_	_	_	
4-20	424-427	man	_	_	_	
4-21	428-433	eines	_	_	_	
4-22	434-438	faſt	_	_	_	
4-23	439-449	unmoͤglich	_	_	_	
4-24	450-453	von	_	_	_	
4-25	454-457	dem	_	_	_	
4-26	458-464	andern	_	_	_	
4-27	465-478	unterſcheiden	_	_	_	
4-28	479-482	kan	_	_	_	
4-29	482-483	:	_	_	_	
4-30	484-490	iedoch	_	_	_	
4-31	490-491	,	_	_	_	
4-32	492-496	wenn	_	_	_	
4-33	497-502	jenes	Smell\_Source	*	4-52	
4-34	503-506	nur	_	_	_	
4-35	507-510	ein	_	_	_	
4-36	511-516	wenig	_	_	_	
4-37	517-520	mit	_	_	_	
4-38	521-524	den	_	_	_	
4-39	525-532	Fingern	_	_	_	
4-40	533-538	gerie	_	_	_	
4-41	538-539	-	_	_	_	
4-42	540-543	ben	_	_	_	
4-43	543-544	,	_	_	_	
4-44	545-549	oder	_	_	_	
4-45	550-553	auf	_	_	_	
4-46	554-563	gluͤhende	_	_	_	
4-47	564-570	Kohlen	_	_	_	
4-48	571-578	geleget	_	_	_	
4-49	580-584	wird	_	_	_	
4-50	584-585	,	_	_	_	
4-51	586-591	giebt	_	_	_	
4-52	592-594	es	Smell\_Source	_	_	
4-53	595-600	einen	_	_	_	
4-54	601-604	gar	_	_	_	
4-55	605-615	lieblichen	Quality	_	_	
4-56	616-618	Ge	Smell\_Word[1]	_	_	
4-57	618-619	-	Smell\_Word[1]	_	_	
4-58	620-624	ruch	Smell\_Word[1]	_	_	
4-59	625-628	von	_	_	_	
4-60	629-633	ſich	_	_	_	
4-61	633-634	,	_	_	_	
4-62	635-638	der	_	_	_	
4-63	639-642	den	_	_	_	
4-64	643-650	gantzen	_	_	_	
4-65	651-654	Ort	_	_	_	
4-66	654-655	,	_	_	_	
4-67	656-658	da	_	_	_	
4-68	659-661	es	_	_	_	
4-69	662-672	verbrennet	_	_	_	
4-70	673-679	worden	_	_	_	
4-71	679-680	,	_	_	_	
4-72	681-690	erfuͤllet	_	_	_	
4-73	690-691	,	_	_	_	
4-74	692-699	welches	_	_	_	
4-75	700-703	das	_	_	_	
4-76	704-712	Arcanſon	Smell\_Source	*	4-81	
4-77	713-718	nicht	_	_	_	
4-78	719-723	thut	_	_	_	
4-79	723-724	,	_	_	_	
4-80	725-729	dann	_	_	_	
4-81	730-732	es	Smell\_Source	_	_	
4-82	733-739	riecht	Smell\_Word	*	4-84	
4-83	740-744	nach	_	_	_	
4-84	745-754	Terpentin	Evoked\_Odorant	_	_	
4-85	754-755	.	_	_	_	

#Text=Es iſt eines der kraͤf-
#Text=tigſten Schweißmittel, die man bis an-
#Text=hero gefunden hat.
5-1	756-758	Es	_	_	_	
5-2	759-762	iſt	_	_	_	
5-3	763-768	eines	_	_	_	
5-4	769-772	der	_	_	_	
5-5	773-778	kraͤf	_	_	_	
5-6	778-779	-	_	_	_	
5-7	780-787	tigſten	_	_	_	
5-8	788-801	Schweißmittel	_	_	_	
5-9	801-802	,	_	_	_	
5-10	803-806	die	_	_	_	
5-11	807-810	man	_	_	_	
5-12	811-814	bis	_	_	_	
5-13	815-817	an	_	_	_	
5-14	817-818	-	_	_	_	
5-15	819-823	hero	_	_	_	
5-16	824-832	gefunden	_	_	_	
5-17	833-836	hat	_	_	_	
5-18	836-837	.	_	_	_	

#Text=Seit etlichen Jahren her ſind die
#Text=Wundaͤrtzte auf die Gedancken gera-
#Text=then, es habe der Buchsbaum, dem ſie
#Text=den Namen Frantzoͤſiſcher Guayac
#Text=gegeben, eben die Eigenſchaften, wie
#Text=das rechte Guayacum, deshalben auch
#Text=nicht die Helffte mehr ſo viel von dieſem,
#Text=als ehe deſſen, verbrauchet wird.
6-1	841-845	Seit	_	_	_	
6-2	846-854	etlichen	_	_	_	
6-3	855-861	Jahren	_	_	_	
6-4	862-865	her	_	_	_	
6-5	866-870	ſind	_	_	_	
6-6	871-874	die	_	_	_	
6-7	875-886	Wundaͤrtzte	_	_	_	
6-8	887-890	auf	_	_	_	
6-9	891-894	die	_	_	_	
6-10	895-904	Gedancken	_	_	_	
6-11	905-909	gera	_	_	_	
6-12	909-910	-	_	_	_	
6-13	911-915	then	_	_	_	
6-14	915-916	,	_	_	_	
6-15	917-919	es	_	_	_	
6-16	920-924	habe	_	_	_	
6-17	925-928	der	_	_	_	
6-18	929-938	Buchsbaum	_	_	_	
6-19	938-939	,	_	_	_	
6-20	940-943	dem	_	_	_	
6-21	944-947	ſie	_	_	_	
6-22	948-951	den	_	_	_	
6-23	952-957	Namen	_	_	_	
6-24	958-973	Frantzoͤſiſcher	_	_	_	
6-25	974-980	Guayac	_	_	_	
6-26	981-988	gegeben	_	_	_	
6-27	988-989	,	_	_	_	
6-28	990-994	eben	_	_	_	
6-29	995-998	die	_	_	_	
6-30	999-1012	Eigenſchaften	_	_	_	
6-31	1012-1013	,	_	_	_	
6-32	1014-1017	wie	_	_	_	
6-33	1018-1021	das	_	_	_	
6-34	1022-1028	rechte	_	_	_	
6-35	1029-1037	Guayacum	_	_	_	
6-36	1037-1038	,	_	_	_	
6-37	1039-1048	deshalben	_	_	_	
6-38	1049-1053	auch	_	_	_	
6-39	1054-1059	nicht	_	_	_	
6-40	1060-1063	die	_	_	_	
6-41	1064-1071	Helffte	_	_	_	
6-42	1072-1076	mehr	_	_	_	
6-43	1077-1079	ſo	_	_	_	
6-44	1080-1084	viel	_	_	_	
6-45	1085-1088	von	_	_	_	
6-46	1089-1095	dieſem	_	_	_	
6-47	1095-1096	,	_	_	_	
6-48	1097-1100	als	_	_	_	
6-49	1101-1104	ehe	_	_	_	
6-50	1105-1111	deſſen	_	_	_	
6-51	1111-1112	,	_	_	_	
6-52	1113-1124	verbrauchet	_	_	_	
6-53	1125-1129	wird	_	_	_	
6-54	1129-1130	.	_	_	_	

#Text=Allein,
#Text=wenn ſie klug waͤren, und das geraſpel-
#Text=te Guayacum, darunter kein Spind
#Text=nicht, gebraucheten, wuͤrden ſie den
#Text=Unterſcheid wohl ſpuͤren.
7-1	1131-1137	Allein	_	_	_	
7-2	1137-1138	,	_	_	_	
7-3	1139-1143	wenn	_	_	_	
7-4	1144-1147	ſie	_	_	_	
7-5	1148-1152	klug	_	_	_	
7-6	1153-1159	waͤren	_	_	_	
7-7	1159-1160	,	_	_	_	
7-8	1161-1164	und	_	_	_	
7-9	1165-1168	das	_	_	_	
7-10	1169-1177	geraſpel	_	_	_	
7-11	1177-1178	-	_	_	_	
7-12	1179-1181	te	_	_	_	
7-13	1182-1190	Guayacum	_	_	_	
7-14	1190-1191	,	_	_	_	
7-15	1192-1200	darunter	_	_	_	
7-16	1201-1205	kein	_	_	_	
7-17	1206-1211	Spind	_	_	_	
7-18	1212-1217	nicht	_	_	_	
7-19	1217-1218	,	_	_	_	
7-20	1219-1231	gebraucheten	_	_	_	
7-21	1231-1232	,	_	_	_	
7-22	1233-1240	wuͤrden	_	_	_	
7-23	1241-1244	ſie	_	_	_	
7-24	1245-1248	den	_	_	_	
7-25	1249-1260	Unterſcheid	_	_	_	
7-26	1261-1265	wohl	_	_	_	
7-27	1266-1273	ſpuͤren	_	_	_	
7-28	1273-1274	.	_	_	_	

#Text=Den Jrrthum
#Text=
#Text=aber
#Text=
#Text=
#Text=
#Text=
#Text=Frantzoͤſi-
#Text=
#Text=ſcher Guayac
8-1	1275-1278	Den	_	_	_	
8-2	1279-1286	Jrrthum	_	_	_	
8-3	1288-1292	aber	_	_	_	
8-4	1297-1307	Frantzoͤſi	_	_	_	
8-5	1307-1308	-	_	_	_	
8-6	1310-1315	ſcher	_	_	_	
8-7	1316-1322	Guayac	_	_	_	

#Text=.
9-1	1322-1323	.	_	_	_	

#Text=[0137
10-1	1326-1327	[	_	_	_	
10-2	1327-1331	0137	_	_	_	
