#FORMAT=WebAnno TSV 3.3
#T_SP=custom.Span|label
#T_RL=custom.Relation|label|BT_custom.Span


#Text=und
#Text=iſt alſo der Lerchenbaum under allen andern
#Text=Baͤumen/ welche zaͤpflein tragen/
#Text=allein
#Text=uͤber den Winter blos und nacket.
1-1	2-5	und	_	_	_	
1-2	6-9	iſt	_	_	_	
1-3	10-14	alſo	_	_	_	
1-4	15-18	der	_	_	_	
1-5	19-30	Lerchenbaum	_	_	_	
1-6	31-36	under	_	_	_	
1-7	37-42	allen	_	_	_	
1-8	43-49	andern	_	_	_	
1-9	50-57	Baͤumen	_	_	_	
1-10	57-58	/	_	_	_	
1-11	59-65	welche	_	_	_	
1-12	66-75	zaͤpflein	_	_	_	
1-13	76-82	tragen	_	_	_	
1-14	82-83	/	_	_	_	
1-15	84-90	allein	_	_	_	
1-16	91-96	uͤber	_	_	_	
1-17	97-100	den	_	_	_	
1-18	101-107	Winter	_	_	_	
1-19	108-112	blos	_	_	_	
1-20	113-116	und	_	_	_	
1-21	117-123	nacket	_	_	_	
1-22	123-124	.	_	_	_	

#Text=Seine
#Text=mit kurtzen/ dicken/ krummen ſtielen feſt an
#Text=den aͤſten anklebende zaͤpflein- oder zirbeln/
#Text=
#Text=vergleichen ſich den Cypreſſen/
#Text=ſind doch
#Text=ſchwaͤcher/ am geruch nicht unlieblich/
#Text=ha-
#Text=ben zwiſchen ihren ſchuͤpen/ einen zweyfa-
#Text=
#Text=chen
#Text=
#Text=
#Text=X 2\f
#Text=[164/0180
#Text=]
#Text=
#Text=
#Text=Das Erſte Buch/
#Text=
#Text=
#Text=chen mit weiſſem ſuͤſſem marck begabten ſa-
#Text=men.
2-1	125-130	Seine	_	_	_	
2-2	131-134	mit	_	_	_	
2-3	135-142	kurtzen	_	_	_	
2-4	142-143	/	_	_	_	
2-5	144-150	dicken	_	_	_	
2-6	150-151	/	_	_	_	
2-7	152-159	krummen	_	_	_	
2-8	160-167	ſtielen	_	_	_	
2-9	168-172	feſt	_	_	_	
2-10	173-175	an	_	_	_	
2-11	176-179	den	_	_	_	
2-12	180-186	aͤſten	_	_	_	
2-13	187-197	anklebende	_	_	_	
2-14	198-207	zaͤpflein	Smell\_Source	*	2-17	
2-15	207-208	-	_	_	_	
2-16	209-213	oder	_	_	_	
2-17	214-221	zirbeln	Smell\_Source	_	_	
2-18	221-222	/	_	_	_	
2-19	224-235	vergleichen	_	_	_	
2-20	236-240	ſich	_	_	_	
2-21	241-244	den	_	_	_	
2-22	245-254	Cypreſſen	_	_	_	
2-23	254-255	/	_	_	_	
2-24	256-260	ſind	_	_	_	
2-25	261-265	doch	_	_	_	
2-26	266-276	ſchwaͤcher	Quality	_	_	
2-27	276-277	/	_	_	_	
2-28	278-280	am	_	_	_	
2-29	281-287	geruch	Smell\_Word	_	_	
2-30	288-293	nicht	Quality	_	_	
2-31	294-304	unlieblich	Quality	_	_	
2-32	304-305	/	_	_	_	
2-33	306-308	ha	_	_	_	
2-34	308-309	-	_	_	_	
2-35	310-313	ben	_	_	_	
2-36	314-322	zwiſchen	_	_	_	
2-37	323-328	ihren	_	_	_	
2-38	329-337	ſchuͤpen	_	_	_	
2-39	337-338	/	_	_	_	
2-40	339-344	einen	_	_	_	
2-41	345-351	zweyfa	_	_	_	
2-42	351-352	-	_	_	_	
2-43	354-358	chen	_	_	_	
2-44	361-362	X	_	_	_	
2-45	363-364	2	_	_	_	
2-46	366-367	[	_	_	_	
2-47	367-370	164	_	_	_	
2-48	370-371	/	_	_	_	
2-49	371-375	0180	_	_	_	
2-50	376-377	]	_	_	_	
2-51	380-383	Das	_	_	_	
2-52	384-389	Erſte	_	_	_	
2-53	390-394	Buch	_	_	_	
2-54	394-395	/	_	_	_	
2-55	398-402	chen	_	_	_	
2-56	403-406	mit	_	_	_	
2-57	407-414	weiſſem	_	_	_	
2-58	415-422	ſuͤſſem	_	_	_	
2-59	423-428	marck	_	_	_	
2-60	429-437	begabten	_	_	_	
2-61	438-440	ſa	_	_	_	
2-62	440-441	-	_	_	_	
2-63	442-445	men	_	_	_	
2-64	445-446	.	_	_	_	

#Text=Die Blumen/ oder vielmehr die an-
#Text=faͤng der zaͤpflein/ ſo im Lentzen purpurfaͤr-
#Text=big/ an auſſerſten gipffeln der zarteſten aͤſt-
#Text=
#Text=lein herfuͤr ſtoſſen/ riechen lieblicher.
3-1	447-450	Die	_	_	_	
3-2	451-457	Blumen	Smell\_Source	*	3-11	
3-3	457-458	/	_	_	_	
3-4	459-463	oder	_	_	_	
3-5	464-472	vielmehr	_	_	_	
3-6	473-476	die	_	_	_	
3-7	477-479	an	_	_	_	
3-8	479-480	-	_	_	_	
3-9	481-486	faͤng	_	_	_	
3-10	487-490	der	_	_	_	
3-11	491-500	zaͤpflein	Smell\_Source	_	_	
3-12	500-501	/	_	_	_	
3-13	502-504	ſo	_	_	_	
3-14	505-507	im	_	_	_	
3-15	508-515	Lentzen	_	_	_	
3-16	516-526	purpurfaͤr	_	_	_	
3-17	526-527	-	_	_	_	
3-18	528-531	big	_	_	_	
3-19	531-532	/	_	_	_	
3-20	533-535	an	_	_	_	
3-21	536-546	auſſerſten	_	_	_	
3-22	547-555	gipffeln	_	_	_	
3-23	556-559	der	_	_	_	
3-24	560-569	zarteſten	_	_	_	
3-25	570-574	aͤſt	_	_	_	
3-26	574-575	-	_	_	_	
3-27	577-581	lein	_	_	_	
3-28	582-589	herfuͤr	_	_	_	
3-29	590-597	ſtoſſen	_	_	_	
3-30	597-598	/	_	_	_	
3-31	599-606	riechen	Smell\_Word	_	_	
3-32	607-617	lieblicher	Quality	_	_	
3-33	617-618	.	_	_	_	

#Text=Das
#Text=holtz iſt ſehr hart/ ſonderlich mitten im ſtam̃/
#Text=
#Text=allda hat es auch ein roͤthlichte farb/ laͤßt
#Text=
#Text=ſich derhalben zu allem Gebaͤw bequemer
#Text=und fuͤglicher brauchen als die anderen.
4-1	619-622	Das	_	_	_	
4-2	623-628	holtz	_	_	_	
4-3	629-632	iſt	_	_	_	
4-4	633-637	ſehr	_	_	_	
4-5	638-642	hart	_	_	_	
4-6	642-643	/	_	_	_	
4-7	644-654	ſonderlich	_	_	_	
4-8	655-661	mitten	_	_	_	
4-9	662-664	im	_	_	_	
4-10	665-670	ſtam̃	_	_	_	
4-11	670-671	/	_	_	_	
4-12	673-678	allda	_	_	_	
4-13	679-682	hat	_	_	_	
4-14	683-685	es	_	_	_	
4-15	686-690	auch	_	_	_	
4-16	691-694	ein	_	_	_	
4-17	695-706	roͤthlichte	_	_	_	
4-18	707-711	farb	_	_	_	
4-19	711-712	/	_	_	_	
4-20	713-718	laͤßt	_	_	_	
4-21	720-724	ſich	_	_	_	
4-22	725-734	derhalben	_	_	_	
4-23	735-737	zu	_	_	_	
4-24	738-743	allem	_	_	_	
4-25	744-750	Gebaͤw	_	_	_	
4-26	751-759	bequemer	_	_	_	
4-27	760-763	und	_	_	_	
4-28	764-774	fuͤglicher	_	_	_	
4-29	775-783	brauchen	_	_	_	
4-30	784-787	als	_	_	_	
4-31	788-791	die	_	_	_	
4-32	792-799	anderen	_	_	_	
4-33	799-800	.	_	_	_	

#Text=Man macht gemeiniglich die Tachrinnen
#Text=darauß.
5-1	802-805	Man	_	_	_	
5-2	806-811	macht	_	_	_	
5-3	812-824	gemeiniglich	_	_	_	
5-4	825-828	die	_	_	_	
5-5	829-839	Tachrinnen	_	_	_	
5-6	840-846	darauß	_	_	_	
5-7	846-847	.	_	_	_	

#Text=Herꝛ Joſias Simler ſchreibt in ſeinem
#Text=Commentario de Alpibus:
#Text=Die Alten haben
#Text=gemeint/ daß diß holtz nicht leichtlich bren-
#Text=ne/ noch Kolen darauß koͤnnen gemacht wer-
#Text=den: aber er zeiget an/
#Text=daß an etlichen oͤr-
#Text=tern in Wallis kein ander holtz gebreñt wer-
#Text=de/ als von Lerchen/ und anderswo in den
#Text=Gebuͤrgen keine andere Kolen/ in den Eiſen-
#Text=bergwercken/ als von dieſem holtz/ gebraucht
#Text=
#Text=werden.
6-1	851-855	Herꝛ	_	_	_	
6-2	856-862	Joſias	_	_	_	
6-3	863-869	Simler	_	_	_	
6-4	870-878	ſchreibt	_	_	_	
6-5	879-881	in	_	_	_	
6-6	882-888	ſeinem	_	_	_	
6-7	889-900	Commentario	_	_	_	
6-8	901-903	de	_	_	_	
6-9	904-911	Alpibus	_	_	_	
6-10	911-912	:	_	_	_	
6-11	913-916	Die	_	_	_	
6-12	917-922	Alten	_	_	_	
6-13	923-928	haben	_	_	_	
6-14	929-936	gemeint	_	_	_	
6-15	936-937	/	_	_	_	
6-16	938-941	daß	_	_	_	
6-17	942-945	diß	_	_	_	
6-18	946-951	holtz	_	_	_	
6-19	952-957	nicht	_	_	_	
6-20	958-968	leichtlich	_	_	_	
6-21	969-973	bren	_	_	_	
6-22	973-974	-	_	_	_	
6-23	975-977	ne	_	_	_	
6-24	977-978	/	_	_	_	
6-25	979-983	noch	_	_	_	
6-26	984-989	Kolen	_	_	_	
6-27	990-996	darauß	_	_	_	
6-28	997-1004	koͤnnen	_	_	_	
6-29	1005-1012	gemacht	_	_	_	
6-30	1013-1016	wer	_	_	_	
6-31	1016-1017	-	_	_	_	
6-32	1018-1021	den	_	_	_	
6-33	1021-1022	:	_	_	_	
6-34	1023-1027	aber	_	_	_	
6-35	1028-1030	er	_	_	_	
6-36	1031-1037	zeiget	_	_	_	
6-37	1038-1040	an	_	_	_	
6-38	1040-1041	/	_	_	_	
6-39	1042-1045	daß	_	_	_	
6-40	1046-1048	an	_	_	_	
6-41	1049-1057	etlichen	_	_	_	
6-42	1058-1061	oͤr	_	_	_	
6-43	1061-1062	-	_	_	_	
6-44	1063-1067	tern	_	_	_	
6-45	1068-1070	in	_	_	_	
6-46	1071-1077	Wallis	_	_	_	
6-47	1078-1082	kein	_	_	_	
6-48	1083-1088	ander	_	_	_	
6-49	1089-1094	holtz	_	_	_	
6-50	1095-1102	gebreñt	_	_	_	
6-51	1103-1106	wer	_	_	_	
6-52	1106-1107	-	_	_	_	
6-53	1108-1110	de	_	_	_	
6-54	1110-1111	/	_	_	_	
6-55	1112-1115	als	_	_	_	
6-56	1116-1119	von	_	_	_	
6-57	1120-1127	Lerchen	_	_	_	
6-58	1127-1128	/	_	_	_	
6-59	1129-1132	und	_	_	_	
6-60	1133-1141	anderswo	_	_	_	
6-61	1142-1144	in	_	_	_	
6-62	1145-1148	den	_	_	_	
6-63	1149-1158	Gebuͤrgen	_	_	_	
6-64	1159-1164	keine	_	_	_	
6-65	1165-1171	andere	_	_	_	
6-66	1172-1177	Kolen	_	_	_	
6-67	1177-1178	/	_	_	_	
6-68	1179-1181	in	_	_	_	
6-69	1182-1185	den	_	_	_	
6-70	1186-1191	Eiſen	_	_	_	
6-71	1191-1192	-	_	_	_	
6-72	1193-1204	bergwercken	_	_	_	
6-73	1204-1205	/	_	_	_	
6-74	1206-1209	als	_	_	_	
6-75	1210-1213	von	_	_	_	
6-76	1214-1220	dieſem	_	_	_	
6-77	1221-1226	holtz	_	_	_	
6-78	1226-1227	/	_	_	_	
6-79	1228-1237	gebraucht	_	_	_	
6-80	1239-1245	werden	_	_	_	
6-81	1245-1246	.	_	_	_	
