#FORMAT=WebAnno TSV 3.3
#T_SP=custom.Span|label
#T_RL=custom.Relation|label|BT_custom.Span


#Text=Man findet ſie auch bey Stolberg/ und Jle-
#Text=feld/ wie auch in den Burgundiſchen und
#Text=Savoyſchen Bergen.
1-1	2-5	Man	_	_	_	
1-2	6-12	findet	_	_	_	
1-3	13-16	ſie	_	_	_	
1-4	17-21	auch	_	_	_	
1-5	22-25	bey	_	_	_	
1-6	26-34	Stolberg	_	_	_	
1-7	34-35	/	_	_	_	
1-8	36-39	und	_	_	_	
1-9	40-43	Jle	_	_	_	
1-10	43-44	-	_	_	_	
1-11	45-49	feld	_	_	_	
1-12	49-50	/	_	_	_	
1-13	51-54	wie	_	_	_	
1-14	55-59	auch	_	_	_	
1-15	60-62	in	_	_	_	
1-16	63-66	den	_	_	_	
1-17	67-80	Burgundiſchen	_	_	_	
1-18	81-84	und	_	_	_	
1-19	85-95	Savoyſchen	_	_	_	
1-20	96-102	Bergen	_	_	_	
1-21	102-103	.	_	_	_	

#Text=Eigenſchafft.
2-1	106-118	Eigenſchafft	_	_	_	
2-2	118-119	.	_	_	_	

#Text=Die unzeitigen Himbeer ziehen wegen jh-
#Text=rem herben ungejohrenen ſafft zuſammen.
3-1	122-125	Die	_	_	_	
3-2	126-136	unzeitigen	_	_	_	
3-3	137-144	Himbeer	_	_	_	
3-4	145-151	ziehen	_	_	_	
3-5	152-157	wegen	_	_	_	
3-6	158-160	jh	_	_	_	
3-7	160-161	-	_	_	_	
3-8	162-165	rem	_	_	_	
3-9	166-172	herben	_	_	_	
3-10	173-185	ungejohrenen	_	_	_	
3-11	186-191	ſafft	_	_	_	
3-12	192-200	zuſammen	_	_	_	
3-13	200-201	.	_	_	_	

#Text=Die reiffen aber haben einen mit ſaurlicht
#Text=temperirtem etwas fluͤchtigem ſaltz begab-
#Text=ten lieblichen ſafft in ſich/ und daher die Ei-
#Text=genſchafft zu kuͤhlen/ das Hertz wol zu ſtaͤr-
#Text=
#Text=cken/ und dem etzenden gifftigen jaſt des
#Text=Gebluͤts in allen hitzigen Fieberen zu wider-
#Text=ſtehen.
4-1	204-207	Die	_	_	_	
4-2	208-215	reiffen	_	_	_	
4-3	216-220	aber	_	_	_	
4-4	221-226	haben	_	_	_	
4-5	227-232	einen	_	_	_	
4-6	233-236	mit	_	_	_	
4-7	237-246	ſaurlicht	_	_	_	
4-8	247-258	temperirtem	_	_	_	
4-9	259-264	etwas	_	_	_	
4-10	265-276	fluͤchtigem	_	_	_	
4-11	277-282	ſaltz	_	_	_	
4-12	283-288	begab	_	_	_	
4-13	288-289	-	_	_	_	
4-14	290-293	ten	_	_	_	
4-15	294-304	lieblichen	_	_	_	
4-16	305-310	ſafft	_	_	_	
4-17	311-313	in	_	_	_	
4-18	314-318	ſich	_	_	_	
4-19	318-319	/	_	_	_	
4-20	320-323	und	_	_	_	
4-21	324-329	daher	_	_	_	
4-22	330-333	die	_	_	_	
4-23	334-336	Ei	_	_	_	
4-24	336-337	-	_	_	_	
4-25	338-348	genſchafft	_	_	_	
4-26	349-351	zu	_	_	_	
4-27	352-359	kuͤhlen	_	_	_	
4-28	359-360	/	_	_	_	
4-29	361-364	das	_	_	_	
4-30	365-370	Hertz	_	_	_	
4-31	371-374	wol	_	_	_	
4-32	375-377	zu	_	_	_	
4-33	378-383	ſtaͤr	_	_	_	
4-34	383-384	-	_	_	_	
4-35	386-390	cken	_	_	_	
4-36	390-391	/	_	_	_	
4-37	392-395	und	_	_	_	
4-38	396-399	dem	_	_	_	
4-39	400-408	etzenden	_	_	_	
4-40	409-418	gifftigen	_	_	_	
4-41	419-423	jaſt	_	_	_	
4-42	424-427	des	_	_	_	
4-43	428-436	Gebluͤts	_	_	_	
4-44	437-439	in	_	_	_	
4-45	440-445	allen	_	_	_	
4-46	446-454	hitzigen	_	_	_	
4-47	455-463	Fieberen	_	_	_	
4-48	464-466	zu	_	_	_	
4-49	467-472	wider	_	_	_	
4-50	472-473	-	_	_	_	
4-51	474-480	ſtehen	_	_	_	
4-52	480-481	.	_	_	_	

#Text=Gebrauch.
5-1	484-492	Gebrauch	_	_	_	
5-2	492-493	.	_	_	_	

#Text=Das gebrante Waſſer von den Himbee-
#Text=ren iſt dienlich in allen hitzigen Kranckhei-
#Text=ten/ und den Krancken faſt anmuͤtig/
#Text=umb
#Text=des wohlriechenden Geruchs und lieblichen
#Text=Geſchmacks willen/
#Text=man kan jhnen nach
#Text=belieben ein par loth zu trincken geben.
6-1	496-499	Das	_	_	_	
6-2	500-508	gebrante	_	_	_	
6-3	509-515	Waſſer	_	_	_	
6-4	516-519	von	_	_	_	
6-5	520-523	den	_	_	_	
6-6	524-530	Himbee	_	_	_	
6-7	530-531	-	_	_	_	
6-8	532-535	ren	_	_	_	
6-9	536-539	iſt	_	_	_	
6-10	540-548	dienlich	_	_	_	
6-11	549-551	in	_	_	_	
6-12	552-557	allen	_	_	_	
6-13	558-566	hitzigen	_	_	_	
6-14	567-576	Kranckhei	_	_	_	
6-15	576-577	-	_	_	_	
6-16	578-581	ten	_	_	_	
6-17	581-582	/	_	_	_	
6-18	583-586	und	_	_	_	
6-19	587-590	den	_	_	_	
6-20	591-599	Krancken	_	_	_	
6-21	600-604	faſt	_	_	_	
6-22	605-613	anmuͤtig	_	_	_	
6-23	613-614	/	_	_	_	
6-24	615-618	umb	_	_	_	
6-25	619-622	des	_	_	_	
6-26	623-637	wohlriechenden	Quality	_	_	
6-27	638-645	Geruchs	Smell\_Word	*	6-26	
6-28	646-649	und	_	_	_	
6-29	650-660	lieblichen	_	_	_	
6-30	661-671	Geſchmacks	_	_	_	
6-31	672-678	willen	_	_	_	
6-32	678-679	/	_	_	_	
6-33	680-683	man	_	_	_	
6-34	684-687	kan	_	_	_	
6-35	688-693	jhnen	_	_	_	
6-36	694-698	nach	_	_	_	
6-37	699-707	belieben	_	_	_	
6-38	708-711	ein	_	_	_	
6-39	712-715	par	_	_	_	
6-40	716-720	loth	_	_	_	
6-41	721-723	zu	_	_	_	
6-42	724-732	trincken	_	_	_	
6-43	733-738	geben	_	_	_	
6-44	738-739	.	_	_	_	

#Text=Auß
#Text=dem ſafft der Himbeere wird
#Text=ein koͤſtlicher
#Text=
#Text=Syrup zugerichtet/
#Text=er loͤſchet die hitz der
#Text=Fieber/ wehret den Ohnmachten/ ſtaͤrckt das
#Text=ſchwache Hertz/ und ſtillet alle Bauchfluͤß.
7-1	740-743	Auß	_	_	_	
7-2	744-747	dem	_	_	_	
7-3	748-753	ſafft	_	_	_	
7-4	754-757	der	_	_	_	
7-5	758-766	Himbeere	_	_	_	
7-6	767-771	wird	_	_	_	
7-7	772-775	ein	_	_	_	
7-8	776-787	koͤſtlicher	_	_	_	
7-9	789-794	Syrup	_	_	_	
7-10	795-806	zugerichtet	_	_	_	
7-11	806-807	/	_	_	_	
7-12	808-810	er	_	_	_	
7-13	811-819	loͤſchet	_	_	_	
7-14	820-823	die	_	_	_	
7-15	824-828	hitz	_	_	_	
7-16	829-832	der	_	_	_	
7-17	833-839	Fieber	_	_	_	
7-18	839-840	/	_	_	_	
7-19	841-847	wehret	_	_	_	
7-20	848-851	den	_	_	_	
7-21	852-862	Ohnmachten	_	_	_	
7-22	862-863	/	_	_	_	
7-23	864-872	ſtaͤrckt	_	_	_	
7-24	873-876	das	_	_	_	
7-25	877-885	ſchwache	_	_	_	
7-26	886-891	Hertz	_	_	_	
7-27	891-892	/	_	_	_	
7-28	893-896	und	_	_	_	
7-29	897-904	ſtillet	_	_	_	
7-30	905-909	alle	_	_	_	
7-31	910-920	Bauchfluͤß	_	_	_	
7-32	920-921	.	_	_	_	

#Text=Conradus Geſnerus lobet ſeine Krafft uͤber
#Text=
#Text=die Edelgeſteine.
8-1	923-931	Conradus	_	_	_	
8-2	932-940	Geſnerus	_	_	_	
8-3	941-946	lobet	_	_	_	
8-4	947-952	ſeine	_	_	_	
8-5	953-959	Krafft	_	_	_	
8-6	960-965	uͤber	_	_	_	
8-7	967-970	die	_	_	_	
8-8	971-983	Edelgeſteine	_	_	_	
8-9	983-984	.	_	_	_	

#Text=Man kan jhne mit diſtil-
#Text=lirten oder friſchen Brunnwaſſer zu einem
#Text=Julep vermiſchen.
9-1	985-988	Man	_	_	_	
9-2	989-992	kan	_	_	_	
9-3	993-997	jhne	_	_	_	
9-4	998-1001	mit	_	_	_	
9-5	1002-1008	diſtil	_	_	_	
9-6	1008-1009	-	_	_	_	
9-7	1010-1016	lirten	_	_	_	
9-8	1017-1021	oder	_	_	_	
9-9	1022-1030	friſchen	_	_	_	
9-10	1031-1042	Brunnwaſſer	_	_	_	
9-11	1043-1045	zu	_	_	_	
9-12	1046-1051	einem	_	_	_	
9-13	1052-1057	Julep	_	_	_	
9-14	1058-1068	vermiſchen	_	_	_	
9-15	1068-1069	.	_	_	_	

#Text=Uber die Himbeeren thut
#Text=man auch ein guten Weineſſig ſchuͤtten/
10-1	1070-1074	Uber	_	_	_	
10-2	1075-1078	die	_	_	_	
10-3	1079-1088	Himbeeren	_	_	_	
10-4	1089-1093	thut	_	_	_	
10-5	1094-1097	man	_	_	_	
10-6	1098-1102	auch	_	_	_	
10-7	1103-1106	ein	_	_	_	
10-8	1107-1112	guten	_	_	_	
10-9	1113-1122	Weineſſig	_	_	_	
10-10	1123-1132	ſchuͤtten	_	_	_	
10-11	1132-1133	/	_	_	_	
