#FORMAT=WebAnno TSV 3.3
#T_SP=custom.Span|label
#T_RL=custom.Relation|label|BT_custom.Span


#Text=Plurimi quoque odores hircini huc referri poffant, et quamuis hi odores omnes non eundem plane fenfum naribus exhiheant, id tamen exhibent certissime, vt intelligatur, magis fal volatile medium, quam aliam partem conftitutiuam in iis fuperare.
1-1	2-9	Plurimi	Quality	_	_	
1-2	10-16	quoque	_	_	_	
1-3	17-23	odores	Smell\_Word	*|*	1-1|1-4	
1-4	24-31	hircini	Quality	_	_	
1-5	32-35	huc	_	_	_	
1-6	36-43	referri	_	_	_	
1-7	44-51	poffant	_	_	_	
1-8	51-52	,	_	_	_	
1-9	53-55	et	_	_	_	
1-10	56-63	quamuis	_	_	_	
1-11	64-66	hi	_	_	_	
1-12	67-73	odores	Smell\_Word	*|*|*	1-18[2_0]|1-14[1_0]|1-21[3_0]	
1-13	74-79	omnes	_	_	_	
1-14	80-83	non	Effect[1]	_	_	
1-15	84-90	eundem	Effect[1]	_	_	
1-16	91-96	plane	Effect[1]	_	_	
1-17	97-103	fenfum	Effect[1]	_	_	
1-18	104-111	naribus	Effect[1]|Perceiver[2]	_	_	
1-19	112-121	exhiheant	Effect[1]	_	_	
1-20	121-122	,	_	_	_	
1-21	123-125	id	Effect[3]	_	_	
1-22	126-131	tamen	Effect[3]	_	_	
1-23	132-140	exhibent	Effect[3]	_	_	
1-24	141-151	certissime	Effect[3]	_	_	
1-25	151-152	,	Effect[3]	_	_	
1-26	153-155	vt	Effect[3]	_	_	
1-27	156-168	intelligatur	Effect[3]	_	_	
1-28	168-169	,	Effect[3]	_	_	
1-29	170-175	magis	Effect[3]	_	_	
1-30	176-179	fal	Effect[3]	_	_	
1-31	180-188	volatile	Effect[3]	_	_	
1-32	189-195	medium	Effect[3]	_	_	
1-33	195-196	,	Effect[3]	_	_	
1-34	197-201	quam	Effect[3]	_	_	
1-35	202-207	aliam	Effect[3]	_	_	
1-36	208-214	partem	Effect[3]	_	_	
1-37	215-228	conftitutiuam	Effect[3]	_	_	
1-38	229-231	in	Effect[3]	_	_	
1-39	232-235	iis	Effect[3]	_	_	
1-40	236-244	fuperare	Effect[3]	_	_	
1-41	244-245	.	_	_	_	

#Text=Sed aliis quoque argumentis hoc affertum poteft probari, quae ex ipfa fynthesi petuntur.
2-1	246-249	Sed	_	_	_	
2-2	250-255	aliis	_	_	_	
2-3	256-262	quoque	_	_	_	
2-4	263-273	argumentis	_	_	_	
2-5	274-277	hoc	_	_	_	
2-6	278-286	affertum	_	_	_	
2-7	287-293	poteft	_	_	_	
2-8	294-301	probari	_	_	_	
2-9	301-302	,	_	_	_	
2-10	303-307	quae	_	_	_	
2-11	308-310	ex	_	_	_	
2-12	311-315	ipfa	_	_	_	
2-13	316-324	fynthesi	_	_	_	
2-14	325-333	petuntur	_	_	_	
2-15	333-334	.	_	_	_	

#Text=Sic ex fale marino elici poteft sulphureum principium.
#Text=semiuolatile falsum, et hoc verum odorem allii refert.
3-1	335-338	Sic	_	_	_	
3-2	339-341	ex	_	_	_	
3-3	342-346	fale	_	_	_	
3-4	347-353	marino	_	_	_	
3-5	354-359	elici	_	_	_	
3-6	360-366	poteft	_	_	_	
3-7	367-377	sulphureum	Smell\_Source[4]	_	_	
3-8	378-388	principium	Smell\_Source[4]	_	_	
3-9	388-389	.	Smell\_Source[4]	_	_	
3-10	390-402	semiuolatile	Smell\_Source[4]	_	_	
3-11	403-409	falsum	Smell\_Source[4]	_	_	
3-12	409-410	,	_	_	_	
3-13	411-413	et	_	_	_	
3-14	414-417	hoc	_	_	_	
3-15	418-423	verum	Quality	_	_	
3-16	424-430	odorem	Smell\_Word	*|*|*	3-7[4_0]|3-15|3-17	
3-17	431-436	allii	Evoked\_Odorant	_	_	
3-18	437-443	refert	_	_	_	
3-19	443-444	.	_	_	_	

#Text=Annon ex eodem fulphureo principio acidi falis marini .concentrati alliaceus odor in Arfenico oritur?
4-1	445-450	Annon	_	_	_	
4-2	451-453	ex	Smell\_Source[5]	_	_	
4-3	454-459	eodem	Smell\_Source[5]	_	_	
4-4	460-469	fulphureo	Smell\_Source[5]	_	_	
4-5	470-479	principio	Smell\_Source[5]	_	_	
4-6	480-485	acidi	Smell\_Source[5]	_	_	
4-7	486-491	falis	Smell\_Source[5]	_	_	
4-8	492-498	marini	Smell\_Source[5]	_	_	
4-9	499-500	.	Smell\_Source[5]	_	_	
4-10	500-511	concentrati	Smell\_Source[5]	_	_	
4-11	512-521	alliaceus	Quality	_	_	
4-12	522-526	odor	Smell\_Word	*|*	4-11|4-2[5_0]	
4-13	527-529	in	_	_	_	
4-14	530-538	Arfenico	_	_	_	
4-15	539-545	oritur	_	_	_	
4-16	545-546	?	_	_	_	

#Text=Nasturcinus odor oritur, fi acidum quoddam oleofum e. g. acetum faepius super tartarum vitriolatum abftrahitur vti faepius fapientiffimus RYDIGERVS praeceptor meus maxime venerandus in mat.
#Text=med.
#Text=monuit.
5-1	547-558	Nasturcinus	Quality	_	_	
5-2	559-563	odor	Smell\_Word	*|*	5-1|5-5[6_0]	
5-3	564-570	oritur	_	_	_	
5-4	570-571	,	_	_	_	
5-5	572-574	fi	Circumstances[6]	_	_	
5-6	575-581	acidum	Circumstances[6]	_	_	
5-7	582-589	quoddam	Circumstances[6]	_	_	
5-8	590-597	oleofum	Circumstances[6]	_	_	
5-9	598-599	e	Circumstances[6]	_	_	
5-10	599-600	.	Circumstances[6]	_	_	
5-11	601-602	g	Circumstances[6]	_	_	
5-12	602-603	.	Circumstances[6]	_	_	
5-13	604-610	acetum	Circumstances[6]	_	_	
5-14	611-618	faepius	Circumstances[6]	_	_	
5-15	619-624	super	Circumstances[6]	_	_	
5-16	625-633	tartarum	Circumstances[6]	_	_	
5-17	634-645	vitriolatum	Circumstances[6]	_	_	
5-18	646-657	abftrahitur	Circumstances[6]	_	_	
5-19	658-661	vti	_	_	_	
5-20	662-669	faepius	_	_	_	
5-21	670-684	fapientiffimus	_	_	_	
5-22	685-694	RYDIGERVS	_	_	_	
5-23	695-705	praeceptor	_	_	_	
5-24	706-710	meus	_	_	_	
5-25	711-717	maxime	_	_	_	
5-26	718-728	venerandus	_	_	_	
5-27	729-731	in	_	_	_	
5-28	732-735	mat	_	_	_	
5-29	735-736	.	_	_	_	
5-30	737-740	med	_	_	_	
5-31	740-741	.	_	_	_	
5-32	742-748	monuit	_	_	_	
5-33	748-749	.	_	_	_	

#Text=Huic verifimile est, omnia pasturcina in volatilibus partibus fal medium oleosam volatile redditum habere,
#Text=
#Text=
#Text=
#Text=
#Text=
#Text=$.
6-1	750-754	Huic	_	_	_	
6-2	755-765	verifimile	_	_	_	
6-3	766-769	est	_	_	_	
6-4	769-770	,	_	_	_	
6-5	771-776	omnia	_	_	_	
6-6	777-787	pasturcina	_	_	_	
6-7	788-790	in	_	_	_	
6-8	791-802	volatilibus	_	_	_	
6-9	803-811	partibus	_	_	_	
6-10	812-815	fal	_	_	_	
6-11	816-822	medium	_	_	_	
6-12	823-830	oleosam	_	_	_	
6-13	831-839	volatile	_	_	_	
6-14	840-848	redditum	_	_	_	
6-15	849-855	habere	_	_	_	
6-16	855-856	,	_	_	_	
6-17	862-863	$	_	_	_	
6-18	863-864	.	_	_	_	

#Text=VI.
7-1	865-867	VI	_	_	_	
7-2	867-868	.	_	_	_	

#Text=Et hi quidem sunt isti odores, qui aut terra aut sale fimplici aut magis composito onusti funt.
8-1	869-871	Et	_	_	_	
8-2	872-874	hi	_	_	_	
8-3	875-881	quidem	_	_	_	
8-4	882-886	sunt	_	_	_	
8-5	887-891	isti	_	_	_	
8-6	892-898	odores	Smell\_Word[7]|Smell\_Source[8]	*|*	8-6[8_7]|8-8[9_7]	
8-7	898-899	,	_	_	_	
8-8	900-903	qui	Quality[9]	_	_	
8-9	904-907	aut	Quality[9]	_	_	
8-10	908-913	terra	Quality[9]	_	_	
8-11	914-917	aut	Quality[9]	_	_	
8-12	918-922	sale	Quality[9]	_	_	
8-13	923-931	fimplici	Quality[9]	_	_	
8-14	932-935	aut	Quality[9]	_	_	
8-15	936-941	magis	Quality[9]	_	_	
8-16	942-951	composito	Quality[9]	_	_	
8-17	952-958	onusti	Quality[9]	_	_	
8-18	959-963	funt	Quality[9]	_	_	
8-19	963-964	.	Quality[9]	_	_	

#Text=Nunc transeamns ad eos, in qui.
#Text=bus vel terra figens volatilis cum inflammabili volatili vel aliae magis compositae mixtiones fnperant.
9-1	965-969	Nunc	_	_	_	
9-2	970-980	transeamns	_	_	_	
9-3	981-983	ad	_	_	_	
9-4	984-987	eos	Smell\_Word	Anaphoric|*	8-6[7_0]|9-6[10_0]	
9-5	987-988	,	_	_	_	
9-6	989-991	in	Quality[10]	_	_	
9-7	992-995	qui	Quality[10]	_	_	
9-8	995-996	.	Quality[10]	_	_	
9-9	997-1000	bus	Quality[10]	_	_	
9-10	1001-1004	vel	Quality[10]	_	_	
9-11	1005-1010	terra	Quality[10]	_	_	
9-12	1011-1017	figens	Quality[10]	_	_	
9-13	1018-1027	volatilis	Quality[10]	_	_	
9-14	1028-1031	cum	Quality[10]	_	_	
9-15	1032-1044	inflammabili	Quality[10]	_	_	
9-16	1045-1053	volatili	Quality[10]	_	_	
9-17	1054-1057	vel	Quality[10]	_	_	
9-18	1058-1063	aliae	Quality[10]	_	_	
9-19	1064-1069	magis	Quality[10]	_	_	
9-20	1070-1080	compositae	Quality[10]	_	_	
9-21	1081-1090	mixtiones	Quality[10]	_	_	
9-22	1091-1099	fnperant	Quality[10]	_	_	
9-23	1099-1100	.	_	_	_	

#Text=Simpliciffimae E. mixtionis in his eft Odor camphoratus, qui in multis plantis reperitur, vid.
10-1	1101-1115	Simpliciffimae	Quality	_	_	
10-2	1116-1117	E	_	_	_	
10-3	1117-1118	.	_	_	_	
10-4	1119-1128	mixtionis	Quality	Same\_span	10-1	
10-5	1129-1131	in	_	_	_	
10-6	1132-1135	his	_	_	_	
10-7	1136-1139	eft	_	_	_	
10-8	1140-1144	Odor	Smell\_Word	*|*|*	10-4|10-9|10-11[11_0]	
10-9	1145-1156	camphoratus	Quality	_	_	
10-10	1156-1157	,	_	_	_	
10-11	1158-1161	qui	Odour\_Carrier[11]	_	_	
10-12	1162-1164	in	Odour\_Carrier[11]	_	_	
10-13	1165-1171	multis	Odour\_Carrier[11]	_	_	
10-14	1172-1179	plantis	Odour\_Carrier[11]	_	_	
10-15	1180-1189	reperitur	Odour\_Carrier[11]	_	_	
10-16	1189-1190	,	_	_	_	
10-17	1191-1194	vid	_	_	_	
10-18	1194-1195	.	_	_	_	

#Text=CARTHE VSERI Disputat.
#Text=de hac materia.
11-1	1196-1202	CARTHE	_	_	_	
11-2	1203-1208	VSERI	_	_	_	
11-3	1209-1217	Disputat	_	_	_	
11-4	1217-1218	.	_	_	_	
11-5	1219-1221	de	_	_	_	
11-6	1222-1225	hac	_	_	_	
11-7	1226-1233	materia	_	_	_	
11-8	1233-1234	.	_	_	_	

#Text=Camphora examine chymico explorata multam terram figentem subtilem cum pauca tèrra viscosa, et multo ignescente principio largitur.
#Text=i. e, resina volatilis viscofa et blanda est.
12-1	1235-1243	Camphora	_	_	_	
12-2	1244-1251	examine	_	_	_	
12-3	1252-1259	chymico	_	_	_	
12-4	1260-1269	explorata	_	_	_	
12-5	1270-1276	multam	_	_	_	
12-6	1277-1283	terram	_	_	_	
12-7	1284-1292	figentem	_	_	_	
12-8	1293-1301	subtilem	_	_	_	
12-9	1302-1305	cum	_	_	_	
12-10	1306-1311	pauca	_	_	_	
12-11	1312-1317	tèrra	_	_	_	
12-12	1318-1325	viscosa	_	_	_	
12-13	1325-1326	,	_	_	_	
12-14	1327-1329	et	_	_	_	
12-15	1330-1335	multo	_	_	_	
12-16	1336-1346	ignescente	_	_	_	
12-17	1347-1356	principio	_	_	_	
12-18	1357-1365	largitur	_	_	_	
12-19	1365-1366	.	_	_	_	
12-20	1367-1368	i	_	_	_	
12-21	1368-1369	.	_	_	_	
12-22	1370-1371	e	_	_	_	
12-23	1371-1372	,	_	_	_	
12-24	1373-1379	resina	_	_	_	
12-25	1380-1389	volatilis	_	_	_	
12-26	1390-1397	viscofa	_	_	_	
12-27	1398-1400	et	_	_	_	
12-28	1401-1407	blanda	_	_	_	
12-29	1408-1411	est	_	_	_	
12-30	1411-1412	.	_	_	_	

#Text=Cum E. tota haec mixtio id odorem refoluatur, fignum est, omnem odorem camphoratum ex his partibus conftare.
13-1	1413-1416	Cum	_	_	_	
13-2	1417-1418	E	_	_	_	
13-3	1418-1419	.	_	_	_	
13-4	1420-1424	tota	Smell\_Source[12]	_	_	
13-5	1425-1429	haec	Smell\_Source[12]	_	_	
13-6	1430-1436	mixtio	Smell\_Source[12]	_	_	
13-7	1437-1439	id	_	_	_	
13-8	1440-1446	odorem	Smell\_Word	*	13-4[12_0]	
13-9	1447-1457	refoluatur	_	_	_	
13-10	1457-1458	,	_	_	_	
13-11	1459-1465	fignum	_	_	_	
13-12	1466-1469	est	_	_	_	
13-13	1469-1470	,	_	_	_	
13-14	1471-1476	omnem	_	_	_	
13-15	1477-1483	odorem	Smell\_Word	*	13-16	
13-16	1484-1495	camphoratum	Quality	_	_	
13-17	1496-1498	ex	_	_	_	
13-18	1499-1502	his	_	_	_	
13-19	1503-1511	partibus	_	_	_	
13-20	1512-1520	conftare	_	_	_	
13-21	1520-1521	.	_	_	_	

#Text=Sed en!
14-1	1522-1525	Sed	_	_	_	
14-2	1526-1528	en	_	_	_	
14-3	1528-1529	!	_	_	_	

#Text=quam belle hae partes examine chymico cognitae per ipsum odoratus fenfum cognofcantur: Omnes materiae camphorati odoris fragrantem et con
#Text=
#Text=for
#Text=
#Text=
#Text=
#Text=
#Text=
#Text=tile
#Text=
#Text=
#Text=
#Text=um
#Text=
#Text=
#Text=
#Text=cum Di.
15-1	1530-1534	quam	_	_	_	
15-2	1535-1540	belle	_	_	_	
15-3	1541-1544	hae	Smell\_Source[13]	_	_	
15-4	1545-1551	partes	Smell\_Source[13]	_	_	
15-5	1552-1559	examine	_	_	_	
15-6	1560-1567	chymico	_	_	_	
15-7	1568-1576	cognitae	_	_	_	
15-8	1577-1580	per	_	_	_	
15-9	1581-1586	ipsum	_	_	_	
15-10	1587-1595	odoratus	Smell\_Word	*	15-3[13_0]	
15-11	1596-1602	fenfum	_	_	_	
15-12	1603-1615	cognofcantur	_	_	_	
15-13	1615-1616	:	_	_	_	
15-14	1617-1622	Omnes	Odour\_Carrier[14]	_	_	
15-15	1623-1631	materiae	Odour\_Carrier[14]	_	_	
15-16	1632-1642	camphorati	Quality	_	_	
15-17	1643-1649	odoris	Smell\_Word	*|*	15-16|15-14[14_0]	
15-18	1650-1660	fragrantem	_	_	_	
15-19	1661-1663	et	_	_	_	
15-20	1664-1667	con	_	_	_	
15-21	1669-1672	for	_	_	_	
15-22	1678-1682	tile	_	_	_	
15-23	1686-1688	um	_	_	_	
15-24	1692-1695	cum	_	_	_	
15-25	1696-1698	Di	_	_	_	
15-26	1698-1699	.	_	_	_	
