#FORMAT=WebAnno TSV 3.3


#Text=durch Weineßig gehen, damit die un-
#Text=zehlbare Anzahl der gantz kleinen, faſt
#Text=unbegreifflichen Wuͤrmlein davon ſter-
#Text=ben, und legen ſie hernachmahls an die
#Text=Sonne, bis daß ſie wiederum recht tro-
#Text=
#Text=cken worden.
1-1	3-8	durch	
1-2	9-17	Weineßig	
1-3	18-23	gehen	
1-4	23-24	,	
1-5	25-30	damit	
1-6	31-34	die	
1-7	35-37	un	
1-8	37-38	-	
1-9	39-47	zehlbare	
1-10	48-54	Anzahl	
1-11	55-58	der	
1-12	59-64	gantz	
1-13	65-72	kleinen	
1-14	72-73	,	
1-15	74-78	faſt	
1-16	79-95	unbegreifflichen	
1-17	96-105	Wuͤrmlein	
1-18	106-111	davon	
1-19	112-116	ſter	
1-20	116-117	-	
1-21	118-121	ben	
1-22	121-122	,	
1-23	123-126	und	
1-24	127-132	legen	
1-25	133-136	ſie	
1-26	137-149	hernachmahls	
1-27	150-152	an	
1-28	153-156	die	
1-29	157-162	Sonne	
1-30	162-163	,	
1-31	164-167	bis	
1-32	168-171	daß	
1-33	172-175	ſie	
1-34	176-184	wiederum	
1-35	185-190	recht	
1-36	191-194	tro	
1-37	194-195	-	
1-38	197-201	cken	
1-39	202-208	worden	
1-40	208-209	.	

#Text=Sonſt, wann ſie den
#Text=Weineißig nicht wohl empfunden, be-
#Text=vor daß ſie getreuget werden, ſo kommt
#Text=eine gantz unglaubliche Menge kleiner
#Text=Wuͤrmer oder Muͤcken heraus.
2-1	210-215	Sonſt	
2-2	215-216	,	
2-3	217-221	wann	
2-4	222-225	ſie	
2-5	226-229	den	
2-6	230-239	Weineißig	
2-7	240-245	nicht	
2-8	246-250	wohl	
2-9	251-260	empfunden	
2-10	260-261	,	
2-11	262-264	be	
2-12	264-265	-	
2-13	266-269	vor	
2-14	270-273	daß	
2-15	274-277	ſie	
2-16	278-287	getreuget	
2-17	288-294	werden	
2-18	294-295	,	
2-19	296-298	ſo	
2-20	299-304	kommt	
2-21	305-309	eine	
2-22	310-315	gantz	
2-23	316-328	unglaubliche	
2-24	329-334	Menge	
2-25	335-342	kleiner	
2-26	343-350	Wuͤrmer	
2-27	351-355	oder	
2-28	356-363	Muͤcken	
2-29	364-370	heraus	
2-30	370-371	.	

#Text=Daher
#Text=kommt es auch, daß die meiſten Schar-
#Text=lachkoͤrner, die wir zu veꝛkauffen haben,
#Text=ledige und durchloͤcherte Huͤlſen und
#Text=Schalen ſind: welches auch geſchiehet,
#Text=wann ſie zu alt werden, indem der dar-
#Text=inne befindliche Paſtel (ſo wie gedacht,
#Text=nichts anders iſt, als eitel kleine Wuͤrm-
#Text=
#Text=lein) ſich ſelbſt verzehret, und zu weiſſen
#Text=Staube, darauf aber gar zu nichts
#Text=nicht wird.
3-1	372-377	Daher	
3-2	378-383	kommt	
3-3	384-386	es	
3-4	387-391	auch	
3-5	391-392	,	
3-6	393-396	daß	
3-7	397-400	die	
3-8	401-408	meiſten	
3-9	409-414	Schar	
3-10	414-415	-	
3-11	416-427	lachkoͤrner	
3-12	427-428	,	
3-13	429-432	die	
3-14	433-436	wir	
3-15	437-439	zu	
3-16	440-450	veꝛkauffen	
3-17	451-456	haben	
3-18	456-457	,	
3-19	458-464	ledige	
3-20	465-468	und	
3-21	469-483	durchloͤcherte	
3-22	484-491	Huͤlſen	
3-23	492-495	und	
3-24	496-503	Schalen	
3-25	504-508	ſind	
3-26	508-509	:	
3-27	510-517	welches	
3-28	518-522	auch	
3-29	523-533	geſchiehet	
3-30	533-534	,	
3-31	535-539	wann	
3-32	540-543	ſie	
3-33	544-546	zu	
3-34	547-550	alt	
3-35	551-557	werden	
3-36	557-558	,	
3-37	559-564	indem	
3-38	565-568	der	
3-39	569-572	dar	
3-40	572-573	-	
3-41	574-578	inne	
3-42	579-590	befindliche	
3-43	591-597	Paſtel	
3-44	598-599	(	
3-45	599-601	ſo	
3-46	602-605	wie	
3-47	606-613	gedacht	
3-48	613-614	,	
3-49	615-621	nichts	
3-50	622-628	anders	
3-51	629-632	iſt	
3-52	632-633	,	
3-53	634-637	als	
3-54	638-643	eitel	
3-55	644-650	kleine	
3-56	651-656	Wuͤrm	
3-57	656-657	-	
3-58	659-663	lein	
3-59	663-664	)	
3-60	665-669	ſich	
3-61	670-676	ſelbſt	
3-62	677-686	verzehret	
3-63	686-687	,	
3-64	688-691	und	
3-65	692-694	zu	
3-66	695-702	weiſſen	
3-67	703-709	Staube	
3-68	709-710	,	
3-69	711-717	darauf	
3-70	718-722	aber	
3-71	723-726	gar	
3-72	727-729	zu	
3-73	730-736	nichts	
3-74	737-742	nicht	
3-75	743-747	wird	
3-76	747-748	.	

#Text=Und das ſind die beyden
#Text=Maͤngel, davon die Scharlachkoͤrner
#Text=ſchadhaft werden und zum Verkauff
#Text=
#Text=undienlich: einer, wann ſie nicht gebuͤh-
#Text=rend und wohl zugerichtet ſind, der an-
#Text=dere, wann ſie gar zu ſehr alt worden.
4-1	749-752	Und	
4-2	753-756	das	
4-3	757-761	ſind	
4-4	762-765	die	
4-5	766-772	beyden	
4-6	773-780	Maͤngel	
4-7	780-781	,	
4-8	782-787	davon	
4-9	788-791	die	
4-10	792-808	Scharlachkoͤrner	
4-11	809-818	ſchadhaft	
4-12	819-825	werden	
4-13	826-829	und	
4-14	830-833	zum	
4-15	834-842	Verkauff	
4-16	844-854	undienlich	
4-17	854-855	:	
4-18	856-861	einer	
4-19	861-862	,	
4-20	863-867	wann	
4-21	868-871	ſie	
4-22	872-877	nicht	
4-23	878-884	gebuͤh	
4-24	884-885	-	
4-25	886-890	rend	
4-26	891-894	und	
4-27	895-899	wohl	
4-28	900-911	zugerichtet	
4-29	912-916	ſind	
4-30	916-917	,	
4-31	918-921	der	
4-32	922-924	an	
4-33	924-925	-	
4-34	926-930	dere	
4-35	930-931	,	
4-36	932-936	wann	
4-37	937-940	ſie	
4-38	941-944	gar	
4-39	945-947	zu	
4-40	948-952	ſehr	
4-41	953-956	alt	
4-42	957-963	worden	
4-43	963-964	.	

#Text=Hierbey iſt auch zu mercken, wie daß ich
#Text=im Articul von dieſem Pulver gemeldet,
#Text=daß man dasjenige auswerffen muͤſſe,
#Text=welches feuchte und zu ſtarck nach Eßig
#Text=
#Text=riecht, und das iſt auch recht, um erſt an-
#Text=gefuͤhrter Urſachen willen:
#Text=doch muß
#Text=man ihm zugleich geſagt ſeyn laſſen, daß
#Text=alles ſolches Pulver nothwendig muͤſſe
#Text=mit Eßig beſpritzet werden, damit die
#Text=Wuͤrmer davon ſterben, dann ſie ſich
#Text=
#Text=ſonſten in Muͤcken verwandeln wuͤr-
#Text=den.
5-1	966-973	Hierbey	
5-2	974-977	iſt	
5-3	978-982	auch	
5-4	983-985	zu	
5-5	986-993	mercken	
5-6	993-994	,	
5-7	995-998	wie	
5-8	999-1002	daß	
5-9	1003-1006	ich	
5-10	1007-1009	im	
5-11	1010-1017	Articul	
5-12	1018-1021	von	
5-13	1022-1028	dieſem	
5-14	1029-1035	Pulver	
5-15	1036-1044	gemeldet	
5-16	1044-1045	,	
5-17	1046-1049	daß	
5-18	1050-1053	man	
5-19	1054-1063	dasjenige	
5-20	1064-1074	auswerffen	
5-21	1075-1081	muͤſſe	
5-22	1081-1082	,	
5-23	1083-1090	welches	
5-24	1091-1098	feuchte	
5-25	1099-1102	und	
5-26	1103-1105	zu	
5-27	1106-1112	ſtarck	
5-28	1113-1117	nach	
5-29	1118-1122	Eßig	
5-30	1124-1130	riecht	
5-31	1130-1131	,	
5-32	1132-1135	und	
5-33	1136-1139	das	
5-34	1140-1143	iſt	
5-35	1144-1148	auch	
5-36	1149-1154	recht	
5-37	1154-1155	,	
5-38	1156-1158	um	
5-39	1159-1163	erſt	
5-40	1164-1166	an	
5-41	1166-1167	-	
5-42	1168-1178	gefuͤhrter	
5-43	1179-1187	Urſachen	
5-44	1188-1194	willen	
5-45	1194-1195	:	
5-46	1196-1200	doch	
5-47	1201-1204	muß	
5-48	1205-1208	man	
5-49	1209-1212	ihm	
5-50	1213-1221	zugleich	
5-51	1222-1228	geſagt	
5-52	1229-1233	ſeyn	
5-53	1234-1240	laſſen	
5-54	1240-1241	,	
5-55	1242-1245	daß	
5-56	1246-1251	alles	
5-57	1252-1259	ſolches	
5-58	1260-1266	Pulver	
5-59	1267-1277	nothwendig	
5-60	1278-1284	muͤſſe	
5-61	1285-1288	mit	
5-62	1289-1293	Eßig	
5-63	1294-1304	beſpritzet	
5-64	1305-1311	werden	
5-65	1311-1312	,	
5-66	1313-1318	damit	
5-67	1319-1322	die	
5-68	1323-1330	Wuͤrmer	
5-69	1331-1336	davon	
5-70	1337-1344	ſterben	
5-71	1344-1345	,	
5-72	1346-1350	dann	
5-73	1351-1354	ſie	
5-74	1355-1359	ſich	
5-75	1361-1368	ſonſten	
5-76	1369-1371	in	
5-77	1372-1379	Muͤcken	
5-78	1380-1390	verwandeln	
5-79	1391-1395	wuͤr	
5-80	1395-1396	-	
5-81	1397-1400	den	
5-82	1400-1401	.	

#Text=Dem aber unerachtet, muß es
#Text=recht trocken ſeyn und gar wenig nach
#Text=Eßig riechen, das iſt alsdann ein Zei-
#Text=chen, daß es nicht zuviel Eßig hat be-
#Text=kommen, und uͤber dem Feuer wohl ge-
#Text=trocknet worden iſt, alldieweil ſie dieſes
#Text=Pulver weder mit Eßig anfeuchten,
#Text=noch an der Sonne trocknen, als wie
#Text=die Scharlachkoͤrner, ſondern ſie ma-
#Text=chen es uͤber einem Kohlfeuer trocken,
#Text=und ruͤhren es beſtaͤndig um, ſo hurtig,
#Text=als es immermehr ſeyn kan.
6-1	1402-1405	Dem	
6-2	1406-1410	aber	
6-3	1411-1421	unerachtet	
6-4	1421-1422	,	
6-5	1423-1426	muß	
6-6	1427-1429	es	
6-7	1430-1435	recht	
6-8	1436-1443	trocken	
6-9	1444-1448	ſeyn	
6-10	1449-1452	und	
6-11	1453-1456	gar	
6-12	1457-1462	wenig	
6-13	1463-1467	nach	
6-14	1468-1472	Eßig	
6-15	1473-1480	riechen	
6-16	1480-1481	,	
6-17	1482-1485	das	
6-18	1486-1489	iſt	
6-19	1490-1497	alsdann	
6-20	1498-1501	ein	
6-21	1502-1505	Zei	
6-22	1505-1506	-	
6-23	1507-1511	chen	
6-24	1511-1512	,	
6-25	1513-1516	daß	
6-26	1517-1519	es	
6-27	1520-1525	nicht	
6-28	1526-1532	zuviel	
6-29	1533-1537	Eßig	
6-30	1538-1541	hat	
6-31	1542-1544	be	
6-32	1544-1545	-	
6-33	1546-1552	kommen	
6-34	1552-1553	,	
6-35	1554-1557	und	
6-36	1558-1563	uͤber	
6-37	1564-1567	dem	
6-38	1568-1573	Feuer	
6-39	1574-1578	wohl	
6-40	1579-1581	ge	
6-41	1581-1582	-	
6-42	1583-1591	trocknet	
6-43	1592-1598	worden	
6-44	1599-1602	iſt	
6-45	1602-1603	,	
6-46	1604-1614	alldieweil	
6-47	1615-1618	ſie	
6-48	1619-1625	dieſes	
6-49	1626-1632	Pulver	
6-50	1633-1638	weder	
6-51	1639-1642	mit	
6-52	1643-1647	Eßig	
6-53	1648-1658	anfeuchten	
6-54	1658-1659	,	
6-55	1660-1664	noch	
6-56	1665-1667	an	
6-57	1668-1671	der	
6-58	1672-1677	Sonne	
6-59	1678-1686	trocknen	
6-60	1686-1687	,	
6-61	1688-1691	als	
6-62	1692-1695	wie	
6-63	1696-1699	die	
6-64	1700-1716	Scharlachkoͤrner	
6-65	1716-1717	,	
6-66	1718-1725	ſondern	
6-67	1726-1729	ſie	
6-68	1730-1732	ma	
6-69	1732-1733	-	
6-70	1734-1738	chen	
6-71	1739-1741	es	
6-72	1742-1747	uͤber	
6-73	1748-1753	einem	
6-74	1754-1763	Kohlfeuer	
6-75	1764-1771	trocken	
6-76	1771-1772	,	
6-77	1773-1776	und	
6-78	1777-1784	ruͤhren	
6-79	1785-1787	es	
6-80	1788-1798	beſtaͤndig	
6-81	1799-1801	um	
6-82	1801-1802	,	
6-83	1803-1805	ſo	
6-84	1806-1812	hurtig	
6-85	1812-1813	,	
6-86	1814-1817	als	
6-87	1818-1820	es	
6-88	1821-1830	immermehr	
6-89	1831-1835	ſeyn	
6-90	1836-1839	kan	
6-91	1839-1840	.	

#Text=Weil
#Text=ich dann bey dem Capitel von dem
#Text=Scharlach bin, ſo muß ich auch etwas
#Text=von dem Jrrthume melden, wann ſie
#Text=dieſe kleinen Huͤlſen Koͤrner nennen;
#Text=
#Text=da es doch nur kleine Blaͤslein ſind, wel-
#Text=che auf den Blaͤttern und der Rinde ei-
#Text=nes in hieſigen Landen gar zu wohl be-
#Text=kannten Strauches zu entſtehen pfle-
#Text=gen: zu deſto beſſerer Bekraͤftigung
#Text=
#Text=will ich allhier anfuͤhren, was mir der
#Text=Herr premier Medecin am 22.
7-1	1841-1845	Weil	
7-2	1846-1849	ich	
7-3	1850-1854	dann	
7-4	1855-1858	bey	
7-5	1859-1862	dem	
7-6	1863-1870	Capitel	
7-7	1871-1874	von	
7-8	1875-1878	dem	
7-9	1879-1888	Scharlach	
7-10	1889-1892	bin	
7-11	1892-1893	,	
7-12	1894-1896	ſo	
7-13	1897-1900	muß	
7-14	1901-1904	ich	
7-15	1905-1909	auch	
7-16	1910-1915	etwas	
7-17	1916-1919	von	
7-18	1920-1923	dem	
7-19	1924-1932	Jrrthume	
7-20	1933-1939	melden	
7-21	1939-1940	,	
7-22	1941-1945	wann	
7-23	1946-1949	ſie	
7-24	1950-1955	dieſe	
7-25	1956-1963	kleinen	
7-26	1964-1971	Huͤlſen	
7-27	1972-1979	Koͤrner	
7-28	1980-1986	nennen	
7-29	1986-1987	;	
7-30	1989-1991	da	
7-31	1992-1994	es	
7-32	1995-1999	doch	
7-33	2000-2003	nur	
7-34	2004-2010	kleine	
7-35	2011-2020	Blaͤslein	
7-36	2021-2025	ſind	
7-37	2025-2026	,	
7-38	2027-2030	wel	
7-39	2030-2031	-	
7-40	2032-2035	che	
7-41	2036-2039	auf	
7-42	2040-2043	den	
7-43	2044-2053	Blaͤttern	
7-44	2054-2057	und	
7-45	2058-2061	der	
7-46	2062-2067	Rinde	
7-47	2068-2070	ei	
7-48	2070-2071	-	
7-49	2072-2075	nes	
7-50	2076-2078	in	
7-51	2079-2087	hieſigen	
7-52	2088-2094	Landen	
7-53	2095-2098	gar	
7-54	2099-2101	zu	
7-55	2102-2106	wohl	
7-56	2107-2109	be	
7-57	2109-2110	-	
7-58	2111-2118	kannten	
7-59	2119-2128	Strauches	
7-60	2129-2131	zu	
7-61	2132-2141	entſtehen	
7-62	2142-2146	pfle	
7-63	2146-2147	-	
7-64	2148-2151	gen	
7-65	2151-2152	:	
7-66	2153-2155	zu	
7-67	2156-2161	deſto	
7-68	2162-2170	beſſerer	
7-69	2171-2184	Bekraͤftigung	
7-70	2186-2190	will	
7-71	2191-2194	ich	
7-72	2195-2202	allhier	
7-73	2203-2212	anfuͤhren	
7-74	2212-2213	,	
7-75	2214-2217	was	
7-76	2218-2221	mir	
7-77	2222-2225	der	
7-78	2226-2230	Herr	
7-79	2231-2238	premier	
7-80	2239-2246	Medecin	
7-81	2247-2249	am	
7-82	2250-2252	22	
7-83	2252-2253	.	

#Text=Decembr.
#Text=
#Text=1694. davon hat zugeſchrieben.
8-1	2254-2261	Decembr	
8-2	2261-2262	.	
8-3	2264-2268	1694	
8-4	2268-2269	.	
8-5	2270-2275	davon	
8-6	2276-2279	hat	
8-7	2280-2293	zugeſchrieben	
8-8	2293-2294	.	

#Text=Der
#Text=
#Text=Ker-
#Text=
#Text=
#Text=L l l\f
#Text=[0602
#Text=]
#Text=
#Text=
#Text=Des Autoris Anmerckungen
#Text=
#Text=
#Text=Kermes iſt durchaus kein Korn, ſondern
#Text=die Schale eines kleinen Wuͤrmleins,
#Text=welches dieſelbige wachſen machet,
#Text=wann es die Rinde der Steineiche (Ilex)
#Text=ſticht, und ſich in den Saft, der daraus
#Text=laufft, verwickelt, als wie die Wuͤrmer,
#Text=welche die Gallaͤpfel auf den Steinei-
#Text=chen, und die Eichaͤpfel auf den Eichen-
#Text=laube zu verurſachen pflegen.
9-1	2295-2298	Der	
9-2	2300-2303	Ker	
9-3	2303-2304	-	
9-4	2307-2308	L	
9-5	2309-2310	l	
9-6	2311-2312	l	
9-7	2314-2315	[	
9-8	2315-2319	0602	
9-9	2320-2321	]	
9-10	2324-2327	Des	
9-11	2328-2335	Autoris	
9-12	2336-2348	Anmerckungen	
9-13	2351-2357	Kermes	
9-14	2358-2361	iſt	
9-15	2362-2370	durchaus	
9-16	2371-2375	kein	
9-17	2376-2380	Korn	
9-18	2380-2381	,	
9-19	2382-2389	ſondern	
9-20	2390-2393	die	
9-21	2394-2400	Schale	
9-22	2401-2406	eines	
9-23	2407-2414	kleinen	
9-24	2415-2425	Wuͤrmleins	
9-25	2425-2426	,	
9-26	2427-2434	welches	
9-27	2435-2445	dieſelbige	
9-28	2446-2453	wachſen	
9-29	2454-2460	machet	
9-30	2460-2461	,	
9-31	2462-2466	wann	
9-32	2467-2469	es	
9-33	2470-2473	die	
9-34	2474-2479	Rinde	
9-35	2480-2483	der	
9-36	2484-2494	Steineiche	
9-37	2495-2496	(	
9-38	2496-2500	Ilex	
9-39	2500-2501	)	
9-40	2502-2508	ſticht	
9-41	2508-2509	,	
9-42	2510-2513	und	
9-43	2514-2518	ſich	
9-44	2519-2521	in	
9-45	2522-2525	den	
9-46	2526-2530	Saft	
9-47	2530-2531	,	
9-48	2532-2535	der	
9-49	2536-2542	daraus	
9-50	2543-2549	laufft	
9-51	2549-2550	,	
9-52	2551-2561	verwickelt	
9-53	2561-2562	,	
9-54	2563-2566	als	
9-55	2567-2570	wie	
9-56	2571-2574	die	
9-57	2575-2582	Wuͤrmer	
9-58	2582-2583	,	
9-59	2584-2590	welche	
9-60	2591-2594	die	
9-61	2595-2605	Gallaͤpfel	
9-62	2606-2609	auf	
9-63	2610-2613	den	
9-64	2614-2621	Steinei	
9-65	2621-2622	-	
9-66	2623-2627	chen	
9-67	2627-2628	,	
9-68	2629-2632	und	
9-69	2633-2636	die	
9-70	2637-2647	Eichaͤpfel	
9-71	2648-2651	auf	
9-72	2652-2655	den	
9-73	2656-2662	Eichen	
9-74	2662-2663	-	
9-75	2664-2669	laube	
9-76	2670-2672	zu	
9-77	2673-2684	verurſachen	
9-78	2685-2692	pflegen	
9-79	2692-2693	.	

#Text=Der Sa-
#Text=men oder die Frucht dieſes
10-1	2694-2697	Der	
10-2	2698-2700	Sa	
10-3	2700-2701	-	
10-4	2702-2705	men	
10-5	2706-2710	oder	
10-6	2711-2714	die	
10-7	2715-2721	Frucht	
10-8	2722-2728	dieſes	
