#FORMAT=WebAnno TSV 3.3


#Text=Presso Leonardo Pittoni.
1-1	1-7	Presso	
1-2	8-16	Leonardo	
1-3	17-24	Pittoni	
1-4	24-25	.	

#Text=Con Licenza de’ Superiori.
2-1	27-30	Con	
2-2	31-38	Licenza	
2-3	39-41	de	
2-4	41-42	’	
2-5	43-52	Superiori	
2-6	52-53	.	

#Text=Indice
#Text=
#Text=
#Text=Del modo di distillare le acque da tutte le piante, e come vi si possino conservare i loro veri odori, e sapori
#Text=
#Text=Prima fornace
#Text=
#Text=Seconda fornace
#Text=
#Text=Terza fornace
#Text=
#Text=Quarta fornace
#Text=
#Text=Quinta fornace
#Text=
#Text=Ultima fornace
#Text=
#Text=
#Text=On ritrovo che Medico veruno delli antichi habbi mai scritto del modo di lambiccare le acque dalle piante, ò da altre cose vegetabili.
3-1	59-65	Indice	
3-2	68-71	Del	
3-3	72-76	modo	
3-4	77-79	di	
3-5	80-90	distillare	
3-6	91-93	le	
3-7	94-99	acque	
3-8	100-102	da	
3-9	103-108	tutte	
3-10	109-111	le	
3-11	112-118	piante	
3-12	118-119	,	
3-13	120-121	e	
3-14	122-126	come	
3-15	127-129	vi	
3-16	130-132	si	
3-17	133-140	possino	
3-18	141-151	conservare	
3-19	152-153	i	
3-20	154-158	loro	
3-21	159-163	veri	
3-22	164-169	odori	
3-23	169-170	,	
3-24	171-172	e	
3-25	173-179	sapori	
3-26	181-186	Prima	
3-27	187-194	fornace	
3-28	196-203	Seconda	
3-29	204-211	fornace	
3-30	213-218	Terza	
3-31	219-226	fornace	
3-32	228-234	Quarta	
3-33	235-242	fornace	
3-34	244-250	Quinta	
3-35	251-258	fornace	
3-36	260-266	Ultima	
3-37	267-274	fornace	
3-38	277-279	On	
3-39	280-287	ritrovo	
3-40	288-291	che	
3-41	292-298	Medico	
3-42	299-305	veruno	
3-43	306-311	delli	
3-44	312-319	antichi	
3-45	320-325	habbi	
3-46	326-329	mai	
3-47	330-337	scritto	
3-48	338-341	del	
3-49	342-346	modo	
3-50	347-349	di	
3-51	350-360	lambiccare	
3-52	361-363	le	
3-53	364-369	acque	
3-54	370-375	dalle	
3-55	376-382	piante	
3-56	382-383	,	
3-57	384-385	ò	
3-58	386-388	da	
3-59	389-394	altre	
3-60	395-399	cose	
3-61	400-410	vegetabili	
3-62	410-411	.	

#Text=Imperoche usavano in vece delle acque distillate per curare i foro infermi, ò infusioni, o dicottioni, come quelli, che dalle acque distillate non havevano notitia alcuna.
4-1	412-421	Imperoche	
4-2	422-429	usavano	
4-3	430-432	in	
4-4	433-437	vece	
4-5	438-443	delle	
4-6	444-449	acque	
4-7	450-460	distillate	
4-8	461-464	per	
4-9	465-471	curare	
4-10	472-473	i	
4-11	474-478	foro	
4-12	479-486	infermi	
4-13	486-487	,	
4-14	488-489	ò	
4-15	490-499	infusioni	
4-16	499-500	,	
4-17	501-502	o	
4-18	503-513	dicottioni	
4-19	513-514	,	
4-20	515-519	come	
4-21	520-526	quelli	
4-22	526-527	,	
4-23	528-531	che	
4-24	532-537	dalle	
4-25	538-543	acque	
4-26	544-554	distillate	
4-27	555-558	non	
4-28	559-567	havevano	
4-29	568-575	notitia	
4-30	576-582	alcuna	
4-31	582-583	.	

#Text=Però adunque bisogna dire, che la inventione del destillare le acque, è cosa di non lungo tempo.
5-1	584-588	Però	
5-2	589-596	adunque	
5-3	597-604	bisogna	
5-4	605-609	dire	
5-5	609-610	,	
5-6	611-614	che	
5-7	615-617	la	
5-8	618-628	inventione	
5-9	629-632	del	
5-10	633-643	destillare	
5-11	644-646	le	
5-12	647-652	acque	
5-13	652-653	,	
5-14	654-655	è	
5-15	656-660	cosa	
5-16	661-663	di	
5-17	664-667	non	
5-18	668-673	lungo	
5-19	674-679	tempo	
5-20	679-680	.	

#Text=Et vogliono la più parte, che il modo sia stato ritrovato dalli Alchimisti, se ben sono alcuni, che dicono esser stato ritrovato accidentalmente da un Medico, il quale essendo diligentissimo investigatore delle cose naturali, et havendo un giorno cotto delle biegole per mangiarsele, le pose calde, anzi boglienti dalla pignatta in un piatto di stagno, et acciò si mantenessero ben calde coperse con un’altro piatto simile, et venendo poscia il tempo di mangiarsele, et ritrovando il piatto di sopra tutto di dentro così abbombato d’acqua, che gocciolava per tutto all’intorno, et che le gocciole havevano l’istesso sapore delle bietole, havendo così imparato l’arte dalla natura, s’imaginò di fabricare uno instrumento di piombo simile à una campana con il suo lambicco ritorto per coperchio d’una Padella di rame, piena di herba fresca, et collocata sopra un Fornello dove si potesse accendere il fuoco, per mezzo del quale si havesse à convertire il lor vapore in limpidissima acqua.
6-1	681-683	Et	
6-2	684-692	vogliono	
6-3	693-695	la	
6-4	696-699	più	
6-5	700-705	parte	
6-6	705-706	,	
6-7	707-710	che	
6-8	711-713	il	
6-9	714-718	modo	
6-10	719-722	sia	
6-11	723-728	stato	
6-12	729-738	ritrovato	
6-13	739-744	dalli	
6-14	745-755	Alchimisti	
6-15	755-756	,	
6-16	757-759	se	
6-17	760-763	ben	
6-18	764-768	sono	
6-19	769-775	alcuni	
6-20	775-776	,	
6-21	777-780	che	
6-22	781-787	dicono	
6-23	788-793	esser	
6-24	794-799	stato	
6-25	800-809	ritrovato	
6-26	810-825	accidentalmente	
6-27	826-828	da	
6-28	829-831	un	
6-29	832-838	Medico	
6-30	838-839	,	
6-31	840-842	il	
6-32	843-848	quale	
6-33	849-856	essendo	
6-34	857-871	diligentissimo	
6-35	872-885	investigatore	
6-36	886-891	delle	
6-37	892-896	cose	
6-38	897-905	naturali	
6-39	905-906	,	
6-40	907-909	et	
6-41	910-917	havendo	
6-42	918-920	un	
6-43	921-927	giorno	
6-44	928-933	cotto	
6-45	934-939	delle	
6-46	940-947	biegole	
6-47	948-951	per	
6-48	952-963	mangiarsele	
6-49	963-964	,	
6-50	965-967	le	
6-51	968-972	pose	
6-52	973-978	calde	
6-53	978-979	,	
6-54	980-984	anzi	
6-55	985-994	boglienti	
6-56	995-1000	dalla	
6-57	1001-1009	pignatta	
6-58	1010-1012	in	
6-59	1013-1015	un	
6-60	1016-1022	piatto	
6-61	1023-1025	di	
6-62	1026-1032	stagno	
6-63	1032-1033	,	
6-64	1034-1036	et	
6-65	1037-1042	acciò	
6-66	1043-1045	si	
6-67	1046-1058	mantenessero	
6-68	1059-1062	ben	
6-69	1063-1068	calde	
6-70	1069-1076	coperse	
6-71	1077-1080	con	
6-72	1081-1083	un	
6-73	1083-1084	’	
6-74	1084-1089	altro	
6-75	1090-1096	piatto	
6-76	1097-1103	simile	
6-77	1103-1104	,	
6-78	1105-1107	et	
6-79	1108-1115	venendo	
6-80	1116-1122	poscia	
6-81	1123-1125	il	
6-82	1126-1131	tempo	
6-83	1132-1134	di	
6-84	1135-1146	mangiarsele	
6-85	1146-1147	,	
6-86	1148-1150	et	
6-87	1151-1161	ritrovando	
6-88	1162-1164	il	
6-89	1165-1171	piatto	
6-90	1172-1174	di	
6-91	1175-1180	sopra	
6-92	1181-1186	tutto	
6-93	1187-1189	di	
6-94	1190-1196	dentro	
6-95	1197-1201	così	
6-96	1202-1211	abbombato	
6-97	1212-1213	d	
6-98	1213-1214	’	
6-99	1214-1219	acqua	
6-100	1219-1220	,	
6-101	1221-1224	che	
6-102	1225-1235	gocciolava	
6-103	1236-1239	per	
6-104	1240-1245	tutto	
6-105	1246-1249	all	
6-106	1249-1250	’	
6-107	1250-1257	intorno	
6-108	1257-1258	,	
6-109	1259-1261	et	
6-110	1262-1265	che	
6-111	1266-1268	le	
6-112	1269-1277	gocciole	
6-113	1278-1286	havevano	
6-114	1287-1288	l	
6-115	1288-1289	’	
6-116	1289-1296	istesso	
6-117	1297-1303	sapore	
6-118	1304-1309	delle	
6-119	1310-1317	bietole	
6-120	1317-1318	,	
6-121	1319-1326	havendo	
6-122	1327-1331	così	
6-123	1332-1340	imparato	
6-124	1341-1342	l	
6-125	1342-1343	’	
6-126	1343-1347	arte	
6-127	1348-1353	dalla	
6-128	1354-1360	natura	
6-129	1360-1361	,	
6-130	1362-1363	s	
6-131	1363-1364	’	
6-132	1364-1371	imaginò	
6-133	1372-1374	di	
6-134	1375-1384	fabricare	
6-135	1385-1388	uno	
6-136	1389-1400	instrumento	
6-137	1401-1403	di	
6-138	1404-1410	piombo	
6-139	1411-1417	simile	
6-140	1418-1419	à	
6-141	1420-1423	una	
6-142	1424-1431	campana	
6-143	1432-1435	con	
6-144	1436-1438	il	
6-145	1439-1442	suo	
6-146	1443-1451	lambicco	
6-147	1452-1459	ritorto	
6-148	1460-1463	per	
6-149	1464-1473	coperchio	
6-150	1474-1475	d	
6-151	1475-1476	’	
6-152	1476-1479	una	
6-153	1480-1487	Padella	
6-154	1488-1490	di	
6-155	1491-1495	rame	
6-156	1495-1496	,	
6-157	1497-1502	piena	
6-158	1503-1505	di	
6-159	1506-1511	herba	
6-160	1512-1518	fresca	
6-161	1518-1519	,	
6-162	1520-1522	et	
6-163	1523-1532	collocata	
6-164	1533-1538	sopra	
6-165	1539-1541	un	
6-166	1542-1550	Fornello	
6-167	1551-1555	dove	
6-168	1556-1558	si	
6-169	1559-1566	potesse	
6-170	1567-1576	accendere	
6-171	1577-1579	il	
6-172	1580-1585	fuoco	
6-173	1585-1586	,	
6-174	1587-1590	per	
6-175	1591-1596	mezzo	
6-176	1597-1600	del	
6-177	1601-1606	quale	
6-178	1607-1609	si	
6-179	1610-1617	havesse	
6-180	1618-1619	à	
6-181	1620-1630	convertire	
6-182	1631-1633	il	
6-183	1634-1637	lor	
6-184	1638-1644	vapore	
6-185	1645-1647	in	
6-186	1648-1660	limpidissima	
6-187	1661-1666	acqua	
6-188	1666-1667	.	

#Text=Nel che non si ingannò punto, riuscendoli molto bene il disegno.
7-1	1668-1671	Nel	
7-2	1672-1675	che	
7-3	1676-1679	non	
7-4	1680-1682	si	
7-5	1683-1690	ingannò	
7-6	1691-1696	punto	
7-7	1696-1697	,	
7-8	1698-1709	riuscendoli	
7-9	1710-1715	molto	
7-10	1716-1720	bene	
7-11	1721-1723	il	
7-12	1724-1731	disegno	
7-13	1731-1732	.	

#Text=Imperoche elesse con fondamento ragionevole di far le Campane di Piombo imaginandosi, che questo metallo per la sua frigidità fusse più atto di tutti gl’altri à fare ingrossare il vapore delle piante scaldate dal fuoco, et farlo convertire in acqua.
8-1	1733-1742	Imperoche	
8-2	1743-1749	elesse	
8-3	1750-1753	con	
8-4	1754-1764	fondamento	
8-5	1765-1776	ragionevole	
8-6	1777-1779	di	
8-7	1780-1783	far	
8-8	1784-1786	le	
8-9	1787-1794	Campane	
8-10	1795-1797	di	
8-11	1798-1804	Piombo	
8-12	1805-1817	imaginandosi	
8-13	1817-1818	,	
8-14	1819-1822	che	
8-15	1823-1829	questo	
8-16	1830-1837	metallo	
8-17	1838-1841	per	
8-18	1842-1844	la	
8-19	1845-1848	sua	
8-20	1849-1858	frigidità	
8-21	1859-1864	fusse	
8-22	1865-1868	più	
8-23	1869-1873	atto	
8-24	1874-1876	di	
8-25	1877-1882	tutti	
8-26	1883-1885	gl	
8-27	1885-1886	’	
8-28	1886-1891	altri	
8-29	1892-1893	à	
8-30	1894-1898	fare	
8-31	1899-1909	ingrossare	
8-32	1910-1912	il	
8-33	1913-1919	vapore	
8-34	1920-1925	delle	
8-35	1926-1932	piante	
8-36	1933-1941	scaldate	
8-37	1942-1945	dal	
8-38	1946-1951	fuoco	
8-39	1951-1952	,	
8-40	1953-1955	et	
8-41	1956-1961	farlo	
8-42	1962-1972	convertire	
8-43	1973-1975	in	
8-44	1976-1981	acqua	
8-45	1981-1982	.	

#Text=Onde non senza gran giuditio, et ragione fece egli questo instrumento, avvenga che non si ritrovi Lambicco veruno, di qualsivoglia metallo, ò materia, che renda più acqua di quelli, che si fanno di Piombo.
9-1	1983-1987	Onde	
9-2	1988-1991	non	
9-3	1992-1997	senza	
9-4	1998-2002	gran	
9-5	2003-2011	giuditio	
9-6	2011-2012	,	
9-7	2013-2015	et	
9-8	2016-2023	ragione	
9-9	2024-2028	fece	
9-10	2029-2033	egli	
9-11	2034-2040	questo	
9-12	2041-2052	instrumento	
9-13	2052-2053	,	
9-14	2054-2061	avvenga	
9-15	2062-2065	che	
9-16	2066-2069	non	
9-17	2070-2072	si	
9-18	2073-2080	ritrovi	
9-19	2081-2089	Lambicco	
9-20	2090-2096	veruno	
9-21	2096-2097	,	
9-22	2098-2100	di	
9-23	2101-2113	qualsivoglia	
9-24	2114-2121	metallo	
9-25	2121-2122	,	
9-26	2123-2124	ò	
9-27	2125-2132	materia	
9-28	2132-2133	,	
9-29	2134-2137	che	
9-30	2138-2143	renda	
9-31	2144-2147	più	
9-32	2148-2153	acqua	
9-33	2154-2156	di	
9-34	2157-2163	quelli	
9-35	2163-2164	,	
9-36	2165-2168	che	
9-37	2169-2171	si	
9-38	2172-2177	fanno	
9-39	2178-2180	di	
9-40	2181-2187	Piombo	
9-41	2187-2188	.	

#Text=Il che essendo poi contemplato da altri che successero all’inventore della cosa (come che facil cosa sia d’aggiongere alle cose già ritrovate) s’imaginarno di fare una Fornace, che contenesse più, et più di queste Campane, acciòche con un fuoco solo, et con molto minore spesa, et travaglio si potesse fare gran quantità d’acqua ogni giorno.
10-1	2189-2191	Il	
10-2	2192-2195	che	
10-3	2196-2203	essendo	
10-4	2204-2207	poi	
10-5	2208-2219	contemplato	
10-6	2220-2222	da	
10-7	2223-2228	altri	
10-8	2229-2232	che	
10-9	2233-2243	successero	
10-10	2244-2247	all	
10-11	2247-2248	’	
10-12	2248-2257	inventore	
10-13	2258-2263	della	
10-14	2264-2268	cosa	
10-15	2269-2270	(	
10-16	2270-2274	come	
10-17	2275-2278	che	
10-18	2279-2284	facil	
10-19	2285-2289	cosa	
10-20	2290-2293	sia	
10-21	2294-2295	d	
10-22	2295-2296	’	
10-23	2296-2306	aggiongere	
10-24	2307-2311	alle	
10-25	2312-2316	cose	
10-26	2317-2320	già	
10-27	2321-2330	ritrovate	
10-28	2330-2331	)	
10-29	2332-2333	s	
10-30	2333-2334	’	
10-31	2334-2344	imaginarno	
10-32	2345-2347	di	
10-33	2348-2352	fare	
10-34	2353-2356	una	
10-35	2357-2364	Fornace	
10-36	2364-2365	,	
10-37	2366-2369	che	
10-38	2370-2380	contenesse	
10-39	2381-2384	più	
10-40	2384-2385	,	
10-41	2386-2388	et	
10-42	2389-2392	più	
10-43	2393-2395	di	
10-44	2396-2402	queste	
10-45	2403-2410	Campane	
10-46	2410-2411	,	
10-47	2412-2420	acciòche	
10-48	2421-2424	con	
10-49	2425-2427	un	
10-50	2428-2433	fuoco	
10-51	2434-2438	solo	
10-52	2438-2439	,	
10-53	2440-2442	et	
10-54	2443-2446	con	
10-55	2447-2452	molto	
10-56	2453-2459	minore	
10-57	2460-2465	spesa	
10-58	2465-2466	,	
10-59	2467-2469	et	
10-60	2470-2479	travaglio	
10-61	2480-2482	si	
10-62	2483-2490	potesse	
10-63	2491-2495	fare	
10-64	2496-2500	gran	
10-65	2501-2509	quantità	
10-66	2510-2511	d	
10-67	2511-2512	’	
10-68	2512-2517	acqua	
10-69	2518-2522	ogni	
10-70	2523-2529	giorno	
10-71	2529-2530	.	

#Text=Per la qual cosa si fabricorno una fornace fatta nel modo che si vede nella prima figura qui posta da noi.
11-1	2531-2534	Per	
11-2	2535-2537	la	
11-3	2538-2542	qual	
11-4	2543-2547	cosa	
11-5	2548-2550	si	
11-6	2551-2561	fabricorno	
11-7	2562-2565	una	
11-8	2566-2573	fornace	
11-9	2574-2579	fatta	
11-10	2580-2583	nel	
11-11	2584-2588	modo	
11-12	2589-2592	che	
11-13	2593-2595	si	
11-14	2596-2600	vede	
11-15	2601-2606	nella	
11-16	2607-2612	prima	
11-17	2613-2619	figura	
11-18	2620-2623	qui	
11-19	2624-2629	posta	
11-20	2630-2632	da	
11-21	2633-2636	noi	
11-22	2636-2637	.	

#Text=Mà avvenga che non manchino del continuo nuovi ingegni, che cercano con l’acutezza dell’intelletto loro di migliorare le cose per avanti ritrovate da altri, et massimamente da coloro, che si chiamano Maestri dell’Arte della Chimica; dico che vedendo costoro, che le acque distillate per Campane di Piombo non riportano seco ne odore, ne sapore per uno dell’herbe, ò delle piante da cui si distillano mà che più presto hanno odore di fumo, et di brusciatticcio, et che quelle, che si distillano da herbe amare, o veramente acute non hanno al gusto ne amaritudine, ne acutezza alcuna, mà che più presto hanno del dolce, si proposero di usare per distillare le loro acque un’altra sorte di Lambiccare; et così si fabricorno quello instrumento, che in Germania chiamano Vesica, il quale è l’istesso, che s’usa per per fare l’acqua vite, che si fà dal vino, o dalla sua feccia, come si vede dissegnato, in questo trattato nella seconda figura: mettendo in questo à bollire nell’acqua commune le herbe, et distillandone quel tanto, che se ne conduce fuora il cappello, che ricuopre il vaso, come ben si può chiarire ciascuno per la imagine datta da noi.
12-1	2638-2640	Mà	
12-2	2641-2648	avvenga	
12-3	2649-2652	che	
12-4	2653-2656	non	
12-5	2657-2665	manchino	
12-6	2666-2669	del	
12-7	2670-2678	continuo	
12-8	2679-2684	nuovi	
12-9	2685-2692	ingegni	
12-10	2692-2693	,	
12-11	2694-2697	che	
12-12	2698-2705	cercano	
12-13	2706-2709	con	
12-14	2710-2711	l	
12-15	2711-2712	’	
12-16	2712-2720	acutezza	
12-17	2721-2725	dell	
12-18	2725-2726	’	
12-19	2726-2736	intelletto	
12-20	2737-2741	loro	
12-21	2742-2744	di	
12-22	2745-2755	migliorare	
12-23	2756-2758	le	
12-24	2759-2763	cose	
12-25	2764-2767	per	
12-26	2768-2774	avanti	
12-27	2775-2784	ritrovate	
12-28	2785-2787	da	
12-29	2788-2793	altri	
12-30	2793-2794	,	
12-31	2795-2797	et	
12-32	2798-2810	massimamente	
12-33	2811-2813	da	
12-34	2814-2820	coloro	
12-35	2820-2821	,	
12-36	2822-2825	che	
12-37	2826-2828	si	
12-38	2829-2837	chiamano	
12-39	2838-2845	Maestri	
12-40	2846-2850	dell	
12-41	2850-2851	’	
12-42	2851-2855	Arte	
12-43	2856-2861	della	
12-44	2862-2869	Chimica	
12-45	2869-2870	;	
12-46	2871-2875	dico	
12-47	2876-2879	che	
12-48	2880-2887	vedendo	
12-49	2888-2895	costoro	
12-50	2895-2896	,	
12-51	2897-2900	che	
12-52	2901-2903	le	
12-53	2904-2909	acque	
12-54	2910-2920	distillate	
12-55	2921-2924	per	
12-56	2925-2932	Campane	
12-57	2933-2935	di	
12-58	2936-2942	Piombo	
12-59	2943-2946	non	
12-60	2947-2956	riportano	
12-61	2957-2961	seco	
12-62	2962-2964	ne	
12-63	2965-2970	odore	
12-64	2970-2971	,	
12-65	2972-2974	ne	
12-66	2975-2981	sapore	
12-67	2982-2985	per	
12-68	2986-2989	uno	
12-69	2990-2994	dell	
12-70	2994-2995	’	
12-71	2995-3000	herbe	
12-72	3000-3001	,	
12-73	3002-3003	ò	
12-74	3004-3009	delle	
12-75	3010-3016	piante	
12-76	3017-3019	da	
12-77	3020-3023	cui	
12-78	3024-3026	si	
12-79	3027-3037	distillano	
12-80	3038-3040	mà	
12-81	3041-3044	che	
12-82	3045-3048	più	
12-83	3049-3055	presto	
12-84	3056-3061	hanno	
12-85	3062-3067	odore	
12-86	3068-3070	di	
12-87	3071-3075	fumo	
12-88	3075-3076	,	
12-89	3077-3079	et	
12-90	3080-3082	di	
12-91	3083-3097	brusciatticcio	
12-92	3097-3098	,	
12-93	3099-3101	et	
12-94	3102-3105	che	
12-95	3106-3112	quelle	
12-96	3112-3113	,	
12-97	3114-3117	che	
12-98	3118-3120	si	
12-99	3121-3131	distillano	
12-100	3132-3134	da	
12-101	3135-3140	herbe	
12-102	3141-3146	amare	
12-103	3146-3147	,	
12-104	3148-3149	o	
12-105	3150-3159	veramente	
12-106	3160-3165	acute	
12-107	3166-3169	non	
12-108	3170-3175	hanno	
12-109	3176-3178	al	
12-110	3179-3184	gusto	
12-111	3185-3187	ne	
12-112	3188-3199	amaritudine	
12-113	3199-3200	,	
12-114	3201-3203	ne	
12-115	3204-3212	acutezza	
12-116	3213-3219	alcuna	
12-117	3219-3220	,	
12-118	3221-3223	mà	
12-119	3224-3227	che	
12-120	3228-3231	più	
12-121	3232-3238	presto	
12-122	3239-3244	hanno	
12-123	3245-3248	del	
12-124	3249-3254	dolce	
12-125	3254-3255	,	
12-126	3256-3258	si	
12-127	3259-3268	proposero	
12-128	3269-3271	di	
12-129	3272-3277	usare	
12-130	3278-3281	per	
12-131	3282-3292	distillare	
12-132	3293-3295	le	
12-133	3296-3300	loro	
12-134	3301-3306	acque	
12-135	3307-3309	un	
12-136	3309-3310	’	
12-137	3310-3315	altra	
12-138	3316-3321	sorte	
12-139	3322-3324	di	
12-140	3325-3335	Lambiccare	
12-141	3335-3336	;	
12-142	3337-3339	et	
12-143	3340-3344	così	
12-144	3345-3347	si	
12-145	3348-3358	fabricorno	
12-146	3359-3365	quello	
12-147	3366-3377	instrumento	
12-148	3377-3378	,	
12-149	3379-3382	che	
12-150	3383-3385	in	
12-151	3386-3394	Germania	
12-152	3395-3403	chiamano	
12-153	3404-3410	Vesica	
12-154	3410-3411	,	
12-155	3412-3414	il	
12-156	3415-3420	quale	
12-157	3421-3422	è	
12-158	3423-3424	l	
12-159	3424-3425	’	
12-160	3425-3432	istesso	
12-161	3432-3433	,	
12-162	3434-3437	che	
12-163	3438-3439	s	
12-164	3439-3440	’	
12-165	3440-3443	usa	
12-166	3444-3447	per	
12-167	3448-3451	per	
12-168	3452-3456	fare	
12-169	3457-3458	l	
12-170	3458-3459	’	
12-171	3459-3464	acqua	
12-172	3465-3469	vite	
12-173	3469-3470	,	
12-174	3471-3474	che	
12-175	3475-3477	si	
12-176	3478-3480	fà	
12-177	3481-3484	dal	
12-178	3485-3489	vino	
12-179	3489-3490	,	
12-180	3491-3492	o	
12-181	3493-3498	dalla	
12-182	3499-3502	sua	
12-183	3503-3509	feccia	
12-184	3509-3510	,	
12-185	3511-3515	come	
12-186	3516-3518	si	
12-187	3519-3523	vede	
12-188	3524-3534	dissegnato	
12-189	3534-3535	,	
12-190	3536-3538	in	
12-191	3539-3545	questo	
12-192	3546-3554	trattato	
12-193	3555-3560	nella	
12-194	3561-3568	seconda	
12-195	3569-3575	figura	
12-196	3575-3576	:	
12-197	3577-3585	mettendo	
12-198	3586-3588	in	
12-199	3589-3595	questo	
12-200	3596-3597	à	
12-201	3598-3605	bollire	
12-202	3606-3610	nell	
12-203	3610-3611	’	
12-204	3611-3616	acqua	
12-205	3617-3624	commune	
12-206	3625-3627	le	
12-207	3628-3633	herbe	
12-208	3633-3634	,	
12-209	3635-3637	et	
12-210	3638-3651	distillandone	
12-211	3652-3656	quel	
12-212	3657-3662	tanto	
12-213	3662-3663	,	
12-214	3664-3667	che	
12-215	3668-3670	se	
12-216	3671-3673	ne	
12-217	3674-3681	conduce	
12-218	3682-3687	fuora	
12-219	3688-3690	il	
12-220	3691-3699	cappello	
12-221	3699-3700	,	
12-222	3701-3704	che	
12-223	3705-3713	ricuopre	
12-224	3714-3716	il	
12-225	3717-3721	vaso	
12-226	3721-3722	,	
12-227	3723-3727	come	
12-228	3728-3731	ben	
12-229	3732-3734	si	
12-230	3735-3738	può	
12-231	3739-3747	chiarire	
12-232	3748-3756	ciascuno	
12-233	3757-3760	per	
12-234	3761-3763	la	
12-235	3764-3771	imagine	
12-236	3772-3777	datta	
12-237	3778-3780	da	
12-238	3781-3784	noi	
12-239	3784-3785	.	

#Text=Mà perche sempre coloro, che sono delli ultimi, hanno maggior campo di venire alla perfettione delle cose, havendosi finalmente considerato, che le acque, che si lambiccano per la vesica non sono acque pure delle piante, che vi si mettono, ma mescolate con gran parte dell’acqua con cui vi si pongono à bollire: s’è finalmente ritrovato; che il distillare delle piante à bagno d’acqua calda, qual chiamano di Maria, overo al calore del suo vapore, superano in bontà, et in chiarezza tutte le altre predette; et ciò si conosce; Imperoche queste riportano seco gl’odori, et i sapori nativi, et naturali dell’herbe, da cui si distillano; Et questo interviene, perciò che il bagno dell’acqua calda con la sua humidità, conserva, et ritiene unite, tutte le parti più sottili, che si contengono nelle piante.
13-1	3786-3788	Mà	
13-2	3789-3795	perche	
13-3	3796-3802	sempre	
13-4	3803-3809	coloro	
13-5	3809-3810	,	
13-6	3811-3814	che	
13-7	3815-3819	sono	
13-8	3820-3825	delli	
13-9	3826-3832	ultimi	
13-10	3832-3833	,	
13-11	3834-3839	hanno	
13-12	3840-3847	maggior	
13-13	3848-3853	campo	
13-14	3854-3856	di	
13-15	3857-3863	venire	
13-16	3864-3868	alla	
13-17	3869-3880	perfettione	
13-18	3881-3886	delle	
13-19	3887-3891	cose	
13-20	3891-3892	,	
13-21	3893-3902	havendosi	
13-22	3903-3913	finalmente	
13-23	3914-3925	considerato	
13-24	3925-3926	,	
13-25	3927-3930	che	
13-26	3931-3933	le	
13-27	3934-3939	acque	
13-28	3939-3940	,	
13-29	3941-3944	che	
13-30	3945-3947	si	
13-31	3948-3958	lambiccano	
13-32	3959-3962	per	
13-33	3963-3965	la	
13-34	3966-3972	vesica	
13-35	3973-3976	non	
13-36	3977-3981	sono	
13-37	3982-3987	acque	
13-38	3988-3992	pure	
13-39	3993-3998	delle	
13-40	3999-4005	piante	
13-41	4005-4006	,	
13-42	4007-4010	che	
13-43	4011-4013	vi	
13-44	4014-4016	si	
13-45	4017-4024	mettono	
13-46	4024-4025	,	
13-47	4026-4028	ma	
13-48	4029-4038	mescolate	
13-49	4039-4042	con	
13-50	4043-4047	gran	
13-51	4048-4053	parte	
13-52	4054-4058	dell	
13-53	4058-4059	’	
13-54	4059-4064	acqua	
13-55	4065-4068	con	
13-56	4069-4072	cui	
13-57	4073-4075	vi	
13-58	4076-4078	si	
13-59	4079-4086	pongono	
13-60	4087-4088	à	
13-61	4089-4096	bollire	
13-62	4096-4097	:	
13-63	4098-4099	s	
13-64	4099-4100	’	
13-65	4100-4101	è	
13-66	4102-4112	finalmente	
13-67	4113-4122	ritrovato	
13-68	4122-4123	;	
13-69	4124-4127	che	
13-70	4128-4130	il	
13-71	4131-4141	distillare	
13-72	4142-4147	delle	
13-73	4148-4154	piante	
13-74	4155-4156	à	
13-75	4157-4162	bagno	
13-76	4163-4164	d	
13-77	4164-4165	’	
13-78	4165-4170	acqua	
13-79	4171-4176	calda	
13-80	4176-4177	,	
13-81	4178-4182	qual	
13-82	4183-4191	chiamano	
13-83	4192-4194	di	
13-84	4195-4200	Maria	
13-85	4200-4201	,	
13-86	4202-4207	overo	
13-87	4208-4210	al	
13-88	4211-4217	calore	
13-89	4218-4221	del	
13-90	4222-4225	suo	
13-91	4226-4232	vapore	
13-92	4232-4233	,	
13-93	4234-4242	superano	
13-94	4243-4245	in	
13-95	4246-4251	bontà	
13-96	4251-4252	,	
13-97	4253-4255	et	
13-98	4256-4258	in	
13-99	4259-4268	chiarezza	
13-100	4269-4274	tutte	
13-101	4275-4277	le	
13-102	4278-4283	altre	
13-103	4284-4292	predette	
13-104	4292-4293	;	
13-105	4294-4296	et	
13-106	4297-4300	ciò	
13-107	4301-4303	si	
13-108	4304-4311	conosce	
13-109	4311-4312	;	
13-110	4313-4322	Imperoche	
13-111	4323-4329	queste	
13-112	4330-4339	riportano	
13-113	4340-4344	seco	
13-114	4345-4347	gl	
13-115	4347-4348	’	
13-116	4348-4353	odori	
13-117	4353-4354	,	
13-118	4355-4357	et	
13-119	4358-4359	i	
13-120	4360-4366	sapori	
13-121	4367-4373	nativi	
13-122	4373-4374	,	
13-123	4375-4377	et	
13-124	4378-4386	naturali	
13-125	4387-4391	dell	
13-126	4391-4392	’	
13-127	4392-4397	herbe	
13-128	4397-4398	,	
13-129	4399-4401	da	
13-130	4402-4405	cui	
13-131	4406-4408	si	
13-132	4409-4419	distillano	
13-133	4419-4420	;	
13-134	4421-4423	Et	
13-135	4424-4430	questo	
13-136	4431-4441	interviene	
13-137	4441-4442	,	
13-138	4443-4449	perciò	
13-139	4450-4453	che	
13-140	4454-4456	il	
13-141	4457-4462	bagno	
13-142	4463-4467	dell	
13-143	4467-4468	’	
13-144	4468-4473	acqua	
13-145	4474-4479	calda	
13-146	4480-4483	con	
13-147	4484-4486	la	
13-148	4487-4490	sua	
13-149	4491-4499	humidità	
13-150	4499-4500	,	
13-151	4501-4509	conserva	
13-152	4509-4510	,	
13-153	4511-4513	et	
13-154	4514-4521	ritiene	
13-155	4522-4527	unite	
13-156	4527-4528	,	
13-157	4529-4534	tutte	
13-158	4535-4537	le	
13-159	4538-4543	parti	
13-160	4544-4547	più	
13-161	4548-4555	sottili	
13-162	4555-4556	,	
13-163	4557-4560	che	
13-164	4561-4563	si	
13-165	4564-4574	contengono	
13-166	4575-4580	nelle	
13-167	4581-4587	piante	
13-168	4587-4588	.	

#Text=Il che, fà che queste non sì risolvino nelle piante che si lambiccano, così come si risolvono agevolmente in quelle, che si fanno con Campane di Piombo, et s’abbrusciano nei vasi di rame, ove si mettono per la violenza del fuoco ò di legna, ò di carbone, che si fà loro continuamente sotto; Et però tanta differenza è tra le acque, che si distillano per Campane di Piombo, et quelle, che si fanno à bagno con capelli di vetro quanto è veramente frà l’acqua, et in vino, ò fra l’oro, et il Piombo.
14-1	4589-4591	Il	
14-2	4592-4595	che	
14-3	4595-4596	,	
14-4	4597-4599	fà	
14-5	4600-4603	che	
14-6	4604-4610	queste	
14-7	4611-4614	non	
14-8	4615-4617	sì	
14-9	4618-4627	risolvino	
14-10	4628-4633	nelle	
14-11	4634-4640	piante	
14-12	4641-4644	che	
14-13	4645-4647	si	
14-14	4648-4658	lambiccano	
14-15	4658-4659	,	
14-16	4660-4664	così	
14-17	4665-4669	come	
14-18	4670-4672	si	
14-19	4673-4682	risolvono	
14-20	4683-4694	agevolmente	
14-21	4695-4697	in	
14-22	4698-4704	quelle	
14-23	4704-4705	,	
14-24	4706-4709	che	
14-25	4710-4712	si	
14-26	4713-4718	fanno	
14-27	4719-4722	con	
14-28	4723-4730	Campane	
14-29	4731-4733	di	
14-30	4734-4740	Piombo	
14-31	4740-4741	,	
14-32	4742-4744	et	
14-33	4745-4746	s	
14-34	4746-4747	’	
14-35	4747-4758	abbrusciano	
14-36	4759-4762	nei	
14-37	4763-4767	vasi	
14-38	4768-4770	di	
14-39	4771-4775	rame	
14-40	4775-4776	,	
14-41	4777-4780	ove	
14-42	4781-4783	si	
14-43	4784-4791	mettono	
14-44	4792-4795	per	
14-45	4796-4798	la	
14-46	4799-4807	violenza	
14-47	4808-4811	del	
14-48	4812-4817	fuoco	
14-49	4818-4819	ò	
14-50	4820-4822	di	
14-51	4823-4828	legna	
14-52	4828-4829	,	
14-53	4830-4831	ò	
14-54	4832-4834	di	
14-55	4835-4842	carbone	
14-56	4842-4843	,	
14-57	4844-4847	che	
14-58	4848-4850	si	
14-59	4851-4853	fà	
14-60	4854-4858	loro	
14-61	4859-4872	continuamente	
14-62	4873-4878	sotto	
14-63	4878-4879	;	
14-64	4880-4882	Et	
14-65	4883-4887	però	
14-66	4888-4893	tanta	
14-67	4894-4904	differenza	
14-68	4905-4906	è	
14-69	4907-4910	tra	
14-70	4911-4913	le	
14-71	4914-4919	acque	
14-72	4919-4920	,	
14-73	4921-4924	che	
14-74	4925-4927	si	
14-75	4928-4938	distillano	
14-76	4939-4942	per	
14-77	4943-4950	Campane	
14-78	4951-4953	di	
14-79	4954-4960	Piombo	
14-80	4960-4961	,	
14-81	4962-4964	et	
14-82	4965-4971	quelle	
14-83	4971-4972	,	
14-84	4973-4976	che	
14-85	4977-4979	si	
14-86	4980-4985	fanno	
14-87	4986-4987	à	
14-88	4988-4993	bagno	
14-89	4994-4997	con	
14-90	4998-5005	capelli	
14-91	5006-5008	di	
14-92	5009-5014	vetro	
14-93	5015-5021	quanto	
14-94	5022-5023	è	
14-95	5024-5033	veramente	
14-96	5034-5037	frà	
14-97	5038-5039	l	
14-98	5039-5040	’	
14-99	5040-5045	acqua	
14-100	5045-5046	,	
14-101	5047-5049	et	
14-102	5050-5052	in	
14-103	5053-5057	vino	
14-104	5057-5058	,	
14-105	5059-5060	ò	
14-106	5061-5064	fra	
14-107	5065-5066	l	
14-108	5066-5067	’	
14-109	5067-5070	oro	
14-110	5070-5071	,	
14-111	5072-5074	et	
14-112	5075-5077	il	
14-113	5078-5084	Piombo	
14-114	5084-5085	.	

#Text=Imperoche quelle, che si fanno nel bagno dell’acqua che boglia, overo al caldo del suo vapore con lambicchi di vetro (come dimostreremo dipoi) non sono veramente punto differenti nel odore, et nel sapore dalle isteffe piante, da cui si distillano.
15-1	5086-5095	Imperoche	
15-2	5096-5102	quelle	
15-3	5102-5103	,	
15-4	5104-5107	che	
15-5	5108-5110	si	
15-6	5111-5116	fanno	
15-7	5117-5120	nel	
15-8	5121-5126	bagno	
15-9	5127-5131	dell	
15-10	5131-5132	’	
15-11	5132-5137	acqua	
15-12	5138-5141	che	
15-13	5142-5148	boglia	
15-14	5148-5149	,	
15-15	5150-5155	overo	
15-16	5156-5158	al	
15-17	5159-5164	caldo	
15-18	5165-5168	del	
15-19	5169-5172	suo	
15-20	5173-5179	vapore	
15-21	5180-5183	con	
15-22	5184-5193	lambicchi	
15-23	5194-5196	di	
15-24	5197-5202	vetro	
15-25	5203-5204	(	
15-26	5204-5208	come	
15-27	5209-5221	dimostreremo	
15-28	5222-5227	dipoi	
15-29	5227-5228	)	
15-30	5229-5232	non	
15-31	5233-5237	sono	
15-32	5238-5247	veramente	
15-33	5248-5253	punto	
15-34	5254-5264	differenti	
15-35	5265-5268	nel	
15-36	5269-5274	odore	
15-37	5274-5275	,	
15-38	5276-5278	et	
15-39	5279-5282	nel	
15-40	5283-5289	sapore	
15-41	5290-5295	dalle	
15-42	5296-5303	isteffe	
15-43	5304-5310	piante	
15-44	5310-5311	,	
15-45	5312-5314	da	
15-46	5315-5318	cui	
15-47	5319-5321	si	
15-48	5322-5332	distillano	
15-49	5332-5333	.	

#Text=Imò che non solamente riportano seco le proprie qualità dalle piante, mà sono limpide, et sincere, che non vi si sente punto di odore di fumo, ne d’altra qualsivoglia cosa, che non sia naturale di quell’herbe, dalle quali si cavano; Et per il contrario mai, ò rarissime volte si gustano l’acque fatte per lambicchi di Piombo, che non lascino la bocca piena ò di fumo, ò di abbrusciato.
16-1	5334-5337	Imò	
16-2	5338-5341	che	
16-3	5342-5345	non	
16-4	5346-5355	solamente	
16-5	5356-5365	riportano	
16-6	5366-5370	seco	
16-7	5371-5373	le	
16-8	5374-5381	proprie	
16-9	5382-5389	qualità	
16-10	5390-5395	dalle	
16-11	5396-5402	piante	
16-12	5402-5403	,	
16-13	5404-5406	mà	
16-14	5407-5411	sono	
16-15	5412-5419	limpide	
16-16	5419-5420	,	
16-17	5421-5423	et	
16-18	5424-5431	sincere	
16-19	5431-5432	,	
16-20	5433-5436	che	
16-21	5437-5440	non	
16-22	5441-5443	vi	
16-23	5444-5446	si	
16-24	5447-5452	sente	
16-25	5453-5458	punto	
16-26	5459-5461	di	
16-27	5462-5467	odore	
16-28	5468-5470	di	
16-29	5471-5475	fumo	
16-30	5475-5476	,	
16-31	5477-5479	ne	
16-32	5480-5481	d	
16-33	5481-5482	’	
16-34	5482-5487	altra	
16-35	5488-5500	qualsivoglia	
16-36	5501-5505	cosa	
16-37	5505-5506	,	
16-38	5507-5510	che	
16-39	5511-5514	non	
16-40	5515-5518	sia	
16-41	5519-5527	naturale	
16-42	5528-5530	di	
16-43	5531-5536	quell	
16-44	5536-5537	’	
16-45	5537-5542	herbe	
16-46	5542-5543	,	
16-47	5544-5549	dalle	
16-48	5550-5555	quali	
16-49	5556-5558	si	
16-50	5559-5565	cavano	
16-51	5565-5566	;	
16-52	5567-5569	Et	
16-53	5570-5573	per	
16-54	5574-5576	il	
16-55	5577-5586	contrario	
16-56	5587-5590	mai	
16-57	5590-5591	,	
16-58	5592-5593	ò	
16-59	5594-5603	rarissime	
16-60	5604-5609	volte	
16-61	5610-5612	si	
16-62	5613-5620	gustano	
16-63	5621-5622	l	
16-64	5622-5623	’	
16-65	5623-5628	acque	
16-66	5629-5634	fatte	
16-67	5635-5638	per	
16-68	5639-5648	lambicchi	
16-69	5649-5651	di	
16-70	5652-5658	Piombo	
16-71	5658-5659	,	
16-72	5660-5663	che	
16-73	5664-5667	non	
16-74	5668-5675	lascino	
16-75	5676-5678	la	
16-76	5679-5684	bocca	
16-77	5685-5690	piena	
16-78	5691-5692	ò	
16-79	5693-5695	di	
16-80	5696-5700	fumo	
16-81	5700-5701	,	
16-82	5702-5703	ò	
16-83	5704-5706	di	
16-84	5707-5718	abbrusciato	
16-85	5718-5719	.	

#Text=La qual cosa non solamente commove la nausea, et lo stomacho à chi le gusta, e specialmente alli amalati, i quali sono sempre più difficili da contentare, che i sani, mà nuocono molto al petto allo stomacho, al fegato, et alle viscere di tutto il corpo, per riportare elle seco la mala qualità del Piombo con cui si distillano.
17-1	5720-5722	La	
17-2	5723-5727	qual	
17-3	5728-5732	cosa	
17-4	5733-5736	non	
17-5	5737-5746	solamente	
17-6	5747-5754	commove	
17-7	5755-5757	la	
17-8	5758-5764	nausea	
17-9	5764-5765	,	
17-10	5766-5768	et	
17-11	5769-5771	lo	
17-12	5772-5780	stomacho	
17-13	5781-5782	à	
17-14	5783-5786	chi	
17-15	5787-5789	le	
17-16	5790-5795	gusta	
17-17	5795-5796	,	
17-18	5797-5798	e	
17-19	5799-5811	specialmente	
17-20	5812-5816	alli	
17-21	5817-5824	amalati	
17-22	5824-5825	,	
17-23	5826-5827	i	
17-24	5828-5833	quali	
17-25	5834-5838	sono	
17-26	5839-5845	sempre	
17-27	5846-5849	più	
17-28	5850-5859	difficili	
17-29	5860-5862	da	
17-30	5863-5873	contentare	
17-31	5873-5874	,	
17-32	5875-5878	che	
17-33	5879-5880	i	
17-34	5881-5885	sani	
17-35	5885-5886	,	
17-36	5887-5889	mà	
17-37	5890-5897	nuocono	
17-38	5898-5903	molto	
17-39	5904-5906	al	
17-40	5907-5912	petto	
17-41	5913-5917	allo	
17-42	5918-5926	stomacho	
17-43	5926-5927	,	
17-44	5928-5930	al	
17-45	5931-5937	fegato	
17-46	5937-5938	,	
17-47	5939-5941	et	
17-48	5942-5946	alle	
17-49	5947-5954	viscere	
17-50	5955-5957	di	
17-51	5958-5963	tutto	
17-52	5964-5966	il	
17-53	5967-5972	corpo	
17-54	5972-5973	,	
17-55	5974-5977	per	
17-56	5978-5987	riportare	
17-57	5988-5992	elle	
17-58	5993-5997	seco	
17-59	5998-6000	la	
17-60	6001-6005	mala	
17-61	6006-6013	qualità	
17-62	6014-6017	del	
17-63	6018-6024	Piombo	
17-64	6025-6028	con	
17-65	6029-6032	cui	
17-66	6033-6035	si	
17-67	6036-6046	distillano	
17-68	6046-6047	.	

#Text=Et però ben diceva Galeno nel settimo libro delle compositioni de i medicamenti secondo i luoghi al secondo capo nella sua confettione fatta di capi di Papaveri, che si deve fuggire l’acqua che si conduce per canali di Piombo, imperoche la genera la disenteria, et scortica le budella.
18-1	6048-6050	Et	
18-2	6051-6055	però	
18-3	6056-6059	ben	
18-4	6060-6066	diceva	
18-5	6067-6073	Galeno	
18-6	6074-6077	nel	
18-7	6078-6085	settimo	
18-8	6086-6091	libro	
18-9	6092-6097	delle	
18-10	6098-6110	compositioni	
18-11	6111-6113	de	
18-12	6114-6115	i	
18-13	6116-6127	medicamenti	
18-14	6128-6135	secondo	
18-15	6136-6137	i	
18-16	6138-6144	luoghi	
18-17	6145-6147	al	
18-18	6148-6155	secondo	
18-19	6156-6160	capo	
18-20	6161-6166	nella	
18-21	6167-6170	sua	
18-22	6171-6182	confettione	
18-23	6183-6188	fatta	
18-24	6189-6191	di	
18-25	6192-6196	capi	
18-26	6197-6199	di	
18-27	6200-6208	Papaveri	
18-28	6208-6209	,	
18-29	6210-6213	che	
18-30	6214-6216	si	
18-31	6217-6221	deve	
18-32	6222-6229	fuggire	
18-33	6230-6231	l	
18-34	6231-6232	’	
18-35	6232-6237	acqua	
18-36	6238-6241	che	
18-37	6242-6244	si	
18-38	6245-6252	conduce	
18-39	6253-6256	per	
18-40	6257-6263	canali	
18-41	6264-6266	di	
18-42	6267-6273	Piombo	
18-43	6273-6274	,	
18-44	6275-6284	imperoche	
18-45	6285-6287	la	
18-46	6288-6294	genera	
18-47	6295-6297	la	
18-48	6298-6308	disenteria	
18-49	6308-6309	,	
18-50	6310-6312	et	
18-51	6313-6321	scortica	
18-52	6322-6324	le	
18-53	6325-6332	budella	
18-54	6332-6333	.	

#Text=Et che così sia se ne vede manifestamente l’essempio nell’acqua dell’Assenzo fatta con lambicco di Piombo per esser ella dolce, et non amara.
19-1	6334-6336	Et	
19-2	6337-6340	che	
19-3	6341-6345	così	
19-4	6346-6349	sia	
19-5	6350-6352	se	
19-6	6353-6355	ne	
19-7	6356-6360	vede	
19-8	6361-6375	manifestamente	
19-9	6376-6377	l	
19-10	6377-6378	’	
19-11	6378-6386	essempio	
19-12	6387-6391	nell	
19-13	6391-6392	’	
19-14	6392-6397	acqua	
19-15	6398-6402	dell	
19-16	6402-6403	’	
19-17	6403-6410	Assenzo	
19-18	6411-6416	fatta	
19-19	6417-6420	con	
19-20	6421-6429	lambicco	
19-21	6430-6432	di	
19-22	6433-6439	Piombo	
19-23	6440-6443	per	
19-24	6444-6449	esser	
19-25	6450-6454	ella	
19-26	6455-6460	dolce	
19-27	6460-6461	,	
19-28	6462-6464	et	
19-29	6465-6468	non	
19-30	6469-6474	amara	
19-31	6474-6475	.	

#Text=Il che non d’altronde le avviene (come ne dimostra la quotidiana sperienza) che da i lambicchi di Piombo con i quali si distilla.
20-1	6476-6478	Il	
20-2	6479-6482	che	
20-3	6483-6486	non	
20-4	6487-6488	d	
20-5	6488-6489	’	
20-6	6489-6497	altronde	
20-7	6498-6500	le	
20-8	6501-6508	avviene	
20-9	6509-6510	(	
20-10	6510-6514	come	
20-11	6515-6517	ne	
20-12	6518-6526	dimostra	
20-13	6527-6529	la	
20-14	6530-6540	quotidiana	
20-15	6541-6550	sperienza	
20-16	6550-6551	)	
20-17	6552-6555	che	
20-18	6556-6558	da	
20-19	6559-6560	i	
20-20	6561-6570	lambicchi	
20-21	6571-6573	di	
20-22	6574-6580	Piombo	
20-23	6581-6584	con	
20-24	6585-6586	i	
20-25	6587-6592	quali	
20-26	6593-6595	si	
20-27	6596-6604	distilla	
20-28	6604-6605	.	

#Text=Et ciò non solamente si gusta nell’acqua dell’Assenzo, ma in tutte le altre che si fanno di herbe di natura calde, et acute, come sono quelle del Pulegio della Menta, della Calamitha, del Thimo, della Satureia, et altre simili; Imperòche infettandosi la interna parte del lambicco di Piombo per la molta acutezza del caldo vapore di cotali piante che continuamente percuote, si viene pian piano à calcinare, et convertirsi in sottilissima biacca, la quale mescolandosi con l’acqua, che distilla, la fà diventar dolce, perche tale è il suo sapore.
21-1	6606-6608	Et	
21-2	6609-6612	ciò	
21-3	6613-6616	non	
21-4	6617-6626	solamente	
21-5	6627-6629	si	
21-6	6630-6635	gusta	
21-7	6636-6640	nell	
21-8	6640-6641	’	
21-9	6641-6646	acqua	
21-10	6647-6651	dell	
21-11	6651-6652	’	
21-12	6652-6659	Assenzo	
21-13	6659-6660	,	
21-14	6661-6663	ma	
21-15	6664-6666	in	
21-16	6667-6672	tutte	
21-17	6673-6675	le	
21-18	6676-6681	altre	
21-19	6682-6685	che	
21-20	6686-6688	si	
21-21	6689-6694	fanno	
21-22	6695-6697	di	
21-23	6698-6703	herbe	
21-24	6704-6706	di	
21-25	6707-6713	natura	
21-26	6714-6719	calde	
21-27	6719-6720	,	
21-28	6721-6723	et	
21-29	6724-6729	acute	
21-30	6729-6730	,	
21-31	6731-6735	come	
21-32	6736-6740	sono	
21-33	6741-6747	quelle	
21-34	6748-6751	del	
21-35	6752-6759	Pulegio	
21-36	6760-6765	della	
21-37	6766-6771	Menta	
21-38	6771-6772	,	
21-39	6773-6778	della	
21-40	6779-6788	Calamitha	
21-41	6788-6789	,	
21-42	6790-6793	del	
21-43	6794-6799	Thimo	
21-44	6799-6800	,	
21-45	6801-6806	della	
21-46	6807-6815	Satureia	
21-47	6815-6816	,	
21-48	6817-6819	et	
21-49	6820-6825	altre	
21-50	6826-6832	simili	
21-51	6832-6833	;	
21-52	6834-6843	Imperòche	
21-53	6844-6856	infettandosi	
21-54	6857-6859	la	
21-55	6860-6867	interna	
21-56	6868-6873	parte	
21-57	6874-6877	del	
21-58	6878-6886	lambicco	
21-59	6887-6889	di	
21-60	6890-6896	Piombo	
21-61	6897-6900	per	
21-62	6901-6903	la	
21-63	6904-6909	molta	
21-64	6910-6918	acutezza	
21-65	6919-6922	del	
21-66	6923-6928	caldo	
21-67	6929-6935	vapore	
21-68	6936-6938	di	
21-69	6939-6945	cotali	
21-70	6946-6952	piante	
21-71	6953-6956	che	
21-72	6957-6970	continuamente	
21-73	6971-6979	percuote	
21-74	6979-6980	,	
21-75	6981-6983	si	
21-76	6984-6989	viene	
21-77	6990-6994	pian	
21-78	6995-7000	piano	
21-79	7001-7002	à	
21-80	7003-7012	calcinare	
21-81	7012-7013	,	
21-82	7014-7016	et	
21-83	7017-7028	convertirsi	
21-84	7029-7031	in	
21-85	7032-7044	sottilissima	
21-86	7045-7051	biacca	
21-87	7051-7052	,	
21-88	7053-7055	la	
21-89	7056-7061	quale	
21-90	7062-7074	mescolandosi	
21-91	7075-7078	con	
21-92	7079-7080	l	
21-93	7080-7081	’	
21-94	7081-7086	acqua	
21-95	7086-7087	,	
21-96	7088-7091	che	
21-97	7092-7100	distilla	
21-98	7100-7101	,	
21-99	7102-7104	la	
21-100	7105-7107	fà	
21-101	7108-7116	diventar	
21-102	7117-7122	dolce	
21-103	7122-7123	,	
21-104	7124-7130	perche	
21-105	7131-7135	tale	
21-106	7136-7137	è	
21-107	7138-7140	il	
21-108	7141-7144	suo	
21-109	7145-7151	sapore	
21-110	7151-7152	.	

#Text=Il che spesse volte si vede manifestamente nel Sedime, overo feccia bianca, che fanno cotali acque nel fondo de vasi ove si riposano, qualche giorno; et massimamente in quelle, che si destillano con le Campane nuove.
22-1	7153-7155	Il	
22-2	7156-7159	che	
22-3	7160-7166	spesse	
22-4	7167-7172	volte	
22-5	7173-7175	si	
22-6	7176-7180	vede	
22-7	7181-7195	manifestamente	
22-8	7196-7199	nel	
22-9	7200-7206	Sedime	
22-10	7206-7207	,	
22-11	7208-7213	overo	
22-12	7214-7220	feccia	
22-13	7221-7227	bianca	
22-14	7227-7228	,	
22-15	7229-7232	che	
22-16	7233-7238	fanno	
22-17	7239-7245	cotali	
22-18	7246-7251	acque	
22-19	7252-7255	nel	
22-20	7256-7261	fondo	
22-21	7262-7264	de	
22-22	7265-7269	vasi	
22-23	7270-7273	ove	
22-24	7274-7276	si	
22-25	7277-7285	riposano	
22-26	7285-7286	,	
22-27	7287-7294	qualche	
22-28	7295-7301	giorno	
22-29	7301-7302	;	
22-30	7303-7305	et	
22-31	7306-7318	massimamente	
22-32	7319-7321	in	
22-33	7322-7328	quelle	
22-34	7328-7329	,	
22-35	7330-7333	che	
22-36	7334-7336	si	
22-37	7337-7347	destillano	
22-38	7348-7351	con	
22-39	7352-7354	le	
22-40	7355-7362	Campane	
22-41	7363-7368	nuove	
22-42	7368-7369	.	

#Text=Imperoche quelle, che sono state usate per lambiccare qualche tempo hanno già fatto di dentro per tutto una crosta, come di Gelle, la quale ostaron poco, che il vapore dell’herbe non possino più corrompere il Piombo, ne farlo diventar Biacca.
23-1	7370-7379	Imperoche	
23-2	7380-7386	quelle	
23-3	7386-7387	,	
23-4	7388-7391	che	
23-5	7392-7396	sono	
23-6	7397-7402	state	
23-7	7403-7408	usate	
23-8	7409-7412	per	
23-9	7413-7423	lambiccare	
23-10	7424-7431	qualche	
23-11	7432-7437	tempo	
23-12	7438-7443	hanno	
23-13	7444-7447	già	
23-14	7448-7453	fatto	
23-15	7454-7456	di	
23-16	7457-7463	dentro	
23-17	7464-7467	per	
23-18	7468-7473	tutto	
23-19	7474-7477	una	
23-20	7478-7484	crosta	
23-21	7484-7485	,	
23-22	7486-7490	come	
23-23	7491-7493	di	
23-24	7494-7499	Gelle	
23-25	7499-7500	,	
23-26	7501-7503	la	
23-27	7504-7509	quale	
23-28	7510-7517	ostaron	
23-29	7518-7522	poco	
23-30	7522-7523	,	
23-31	7524-7527	che	
23-32	7528-7530	il	
23-33	7531-7537	vapore	
23-34	7538-7542	dell	
23-35	7542-7543	’	
23-36	7543-7548	herbe	
23-37	7549-7552	non	
23-38	7553-7560	possino	
23-39	7561-7564	più	
23-40	7565-7575	corrompere	
23-41	7576-7578	il	
23-42	7579-7585	Piombo	
23-43	7585-7586	,	
23-44	7587-7589	ne	
23-45	7590-7595	farlo	
23-46	7596-7604	diventar	
23-47	7605-7611	Biacca	
23-48	7611-7612	.	

#Text=Ne si maravigli alcuno, se dalli acuti vapori delle piante si corrompa la superficie del Piombo, et diventi Biacca scrivendo Dioscoride, che la Biacca si fà di lamine di Piombo poste sopra una graticola di Canne sopra un vaso di Aceto à pigliarne il vapore.
24-1	7613-7615	Ne	
24-2	7616-7618	si	
24-3	7619-7628	maravigli	
24-4	7629-7635	alcuno	
24-5	7635-7636	,	
24-6	7637-7639	se	
24-7	7640-7645	dalli	
24-8	7646-7651	acuti	
24-9	7652-7658	vapori	
24-10	7659-7664	delle	
24-11	7665-7671	piante	
24-12	7672-7674	si	
24-13	7675-7683	corrompa	
24-14	7684-7686	la	
24-15	7687-7697	superficie	
24-16	7698-7701	del	
24-17	7702-7708	Piombo	
24-18	7708-7709	,	
24-19	7710-7712	et	
24-20	7713-7720	diventi	
24-21	7721-7727	Biacca	
24-22	7728-7737	scrivendo	
24-23	7738-7748	Dioscoride	
24-24	7748-7749	,	
24-25	7750-7753	che	
24-26	7754-7756	la	
24-27	7757-7763	Biacca	
24-28	7764-7766	si	
24-29	7767-7769	fà	
24-30	7770-7772	di	
24-31	7773-7779	lamine	
24-32	7780-7782	di	
24-33	7783-7789	Piombo	
24-34	7790-7795	poste	
24-35	7796-7801	sopra	
24-36	7802-7805	una	
24-37	7806-7815	graticola	
24-38	7816-7818	di	
24-39	7819-7824	Canne	
24-40	7825-7830	sopra	
24-41	7831-7833	un	
24-42	7834-7838	vaso	
24-43	7839-7841	di	
24-44	7842-7847	Aceto	
24-45	7848-7849	à	
24-46	7850-7859	pigliarne	
24-47	7860-7862	il	
24-48	7863-7869	vapore	
24-49	7869-7870	.	

#Text=Il che non si vede, nè si gusta in quelle acque, che si lambiccano nel bagno dell’acqua calda con i vasi di vetro.
25-1	7871-7873	Il	
25-2	7874-7877	che	
25-3	7878-7881	non	
25-4	7882-7884	si	
25-5	7885-7889	vede	
25-6	7889-7890	,	
25-7	7891-7893	nè	
25-8	7894-7896	si	
25-9	7897-7902	gusta	
25-10	7903-7905	in	
25-11	7906-7912	quelle	
25-12	7913-7918	acque	
25-13	7918-7919	,	
25-14	7920-7923	che	
25-15	7924-7926	si	
25-16	7927-7937	lambiccano	
25-17	7938-7941	nel	
25-18	7942-7947	bagno	
25-19	7948-7952	dell	
25-20	7952-7953	’	
25-21	7953-7958	acqua	
25-22	7959-7964	calda	
25-23	7965-7968	con	
25-24	7969-7970	i	
25-25	7971-7975	vasi	
25-26	7976-7978	di	
25-27	7979-7984	vetro	
25-28	7984-7985	.	

#Text=Imperoche gustandoli si sentono amare, et acute, secondo che sono le herbe da cui si distillano.
26-1	7986-7995	Imperoche	
26-2	7996-8006	gustandoli	
26-3	8007-8009	si	
26-4	8010-8017	sentono	
26-5	8018-8023	amare	
26-6	8023-8024	,	
26-7	8025-8027	et	
26-8	8028-8033	acute	
26-9	8033-8034	,	
26-10	8035-8042	secondo	
26-11	8043-8046	che	
26-12	8047-8051	sono	
26-13	8052-8054	le	
26-14	8055-8060	herbe	
26-15	8061-8063	da	
26-16	8064-8067	cui	
26-17	8068-8070	si	
26-18	8071-8081	distillano	
26-19	8081-8082	.	

#Text=Oltre à ciò non vi si sente dolcezza veruna, percioche da i lambicchi di vetro non pigliano ne odore, ne sapore accidentale veruno.
27-1	8083-8088	Oltre	
27-2	8089-8090	à	
27-3	8091-8094	ciò	
27-4	8095-8098	non	
27-5	8099-8101	vi	
27-6	8102-8104	si	
27-7	8105-8110	sente	
27-8	8111-8119	dolcezza	
27-9	8120-8126	veruna	
27-10	8126-8127	,	
27-11	8128-8137	percioche	
27-12	8138-8140	da	
27-13	8141-8142	i	
27-14	8143-8152	lambicchi	
27-15	8153-8155	di	
27-16	8156-8161	vetro	
27-17	8162-8165	non	
27-18	8166-8174	pigliano	
27-19	8175-8177	ne	
27-20	8178-8183	odore	
27-21	8183-8184	,	
27-22	8185-8187	ne	
27-23	8188-8194	sapore	
27-24	8195-8206	accidentale	
27-25	8207-8213	veruno	
27-26	8213-8214	.	

#Text=Quelle poi che si lambiccano per la vesica (che così chiamano quello instrumento di rame stagnato con il quale fanno l’acqua vite) sono ancora molto migliori, che quelle che si fanno con i lambicchi di Piombo, perche il fuoco del Fornello bollendo l’herbe nell’acqua non le può abbrucciare, ne dar loro odore di fumo.
28-1	8215-8221	Quelle	
28-2	8222-8225	poi	
28-3	8226-8229	che	
28-4	8230-8232	si	
28-5	8233-8243	lambiccano	
28-6	8244-8247	per	
28-7	8248-8250	la	
28-8	8251-8257	vesica	
28-9	8258-8259	(	
28-10	8259-8262	che	
28-11	8263-8267	così	
28-12	8268-8276	chiamano	
28-13	8277-8283	quello	
28-14	8284-8295	instrumento	
28-15	8296-8298	di	
28-16	8299-8303	rame	
28-17	8304-8312	stagnato	
28-18	8313-8316	con	
28-19	8317-8319	il	
28-20	8320-8325	quale	
28-21	8326-8331	fanno	
28-22	8332-8333	l	
28-23	8333-8334	’	
28-24	8334-8339	acqua	
28-25	8340-8344	vite	
28-26	8344-8345	)	
28-27	8346-8350	sono	
28-28	8351-8357	ancora	
28-29	8358-8363	molto	
28-30	8364-8372	migliori	
28-31	8372-8373	,	
28-32	8374-8377	che	
28-33	8378-8384	quelle	
28-34	8385-8388	che	
28-35	8389-8391	si	
28-36	8392-8397	fanno	
28-37	8398-8401	con	
28-38	8402-8403	i	
28-39	8404-8413	lambicchi	
28-40	8414-8416	di	
28-41	8417-8423	Piombo	
28-42	8423-8424	,	
28-43	8425-8431	perche	
28-44	8432-8434	il	
28-45	8435-8440	fuoco	
28-46	8441-8444	del	
28-47	8445-8453	Fornello	
28-48	8454-8462	bollendo	
28-49	8463-8464	l	
28-50	8464-8465	’	
28-51	8465-8470	herbe	
28-52	8471-8475	nell	
28-53	8475-8476	’	
28-54	8476-8481	acqua	
28-55	8482-8485	non	
28-56	8486-8488	le	
28-57	8489-8492	può	
28-58	8493-8504	abbrucciare	
28-59	8504-8505	,	
28-60	8506-8508	ne	
28-61	8509-8512	dar	
28-62	8513-8517	loro	
28-63	8518-8523	odore	
28-64	8524-8526	di	
28-65	8527-8531	fumo	
28-66	8531-8532	.	

#Text=Ma con tutto ciò non hanno in se la pura qualità delle piante loro, per la mistura che hanno dell’acqua commune, con la quale li pongono nella vesica, la quale suffoca, et indebolisce le facultà loro: et però quelle, che si fanno con il calore dell’acqua del bagno, et con quello del suo vapore portano la palma, et vincono di bontà, di chiarezza, d’odore, et di vapore tutte le altre in qualsivoglia altro modo distillate, et massimamente quelle più dell’altre lo dimostrano, che si fanno d’herbe calide di propria natura.
29-1	8533-8535	Ma	
29-2	8536-8539	con	
29-3	8540-8545	tutto	
29-4	8546-8549	ciò	
29-5	8550-8553	non	
29-6	8554-8559	hanno	
29-7	8560-8562	in	
29-8	8563-8565	se	
29-9	8566-8568	la	
29-10	8569-8573	pura	
29-11	8574-8581	qualità	
29-12	8582-8587	delle	
29-13	8588-8594	piante	
29-14	8595-8599	loro	
29-15	8599-8600	,	
29-16	8601-8604	per	
29-17	8605-8607	la	
29-18	8608-8615	mistura	
29-19	8616-8619	che	
29-20	8620-8625	hanno	
29-21	8626-8630	dell	
29-22	8630-8631	’	
29-23	8631-8636	acqua	
29-24	8637-8644	commune	
29-25	8644-8645	,	
29-26	8646-8649	con	
29-27	8650-8652	la	
29-28	8653-8658	quale	
29-29	8659-8661	li	
29-30	8662-8669	pongono	
29-31	8670-8675	nella	
29-32	8676-8682	vesica	
29-33	8682-8683	,	
29-34	8684-8686	la	
29-35	8687-8692	quale	
29-36	8693-8700	suffoca	
29-37	8700-8701	,	
29-38	8702-8704	et	
29-39	8705-8716	indebolisce	
29-40	8717-8719	le	
29-41	8720-8727	facultà	
29-42	8728-8732	loro	
29-43	8732-8733	:	
29-44	8734-8736	et	
29-45	8737-8741	però	
29-46	8742-8748	quelle	
29-47	8748-8749	,	
29-48	8750-8753	che	
29-49	8754-8756	si	
29-50	8757-8762	fanno	
29-51	8763-8766	con	
29-52	8767-8769	il	
29-53	8770-8776	calore	
29-54	8777-8781	dell	
29-55	8781-8782	’	
29-56	8782-8787	acqua	
29-57	8788-8791	del	
29-58	8792-8797	bagno	
29-59	8797-8798	,	
29-60	8799-8801	et	
29-61	8802-8805	con	
29-62	8806-8812	quello	
29-63	8813-8816	del	
29-64	8817-8820	suo	
29-65	8821-8827	vapore	
29-66	8828-8835	portano	
29-67	8836-8838	la	
29-68	8839-8844	palma	
29-69	8844-8845	,	
29-70	8846-8848	et	
29-71	8849-8856	vincono	
29-72	8857-8859	di	
29-73	8860-8865	bontà	
29-74	8865-8866	,	
29-75	8867-8869	di	
29-76	8870-8879	chiarezza	
29-77	8879-8880	,	
29-78	8881-8882	d	
29-79	8882-8883	’	
29-80	8883-8888	odore	
29-81	8888-8889	,	
29-82	8890-8892	et	
29-83	8893-8895	di	
29-84	8896-8902	vapore	
29-85	8903-8908	tutte	
29-86	8909-8911	le	
29-87	8912-8917	altre	
29-88	8918-8920	in	
29-89	8921-8933	qualsivoglia	
29-90	8934-8939	altro	
29-91	8940-8944	modo	
29-92	8945-8955	distillate	
29-93	8955-8956	,	
29-94	8957-8959	et	
29-95	8960-8972	massimamente	
29-96	8973-8979	quelle	
29-97	8980-8983	più	
29-98	8984-8988	dell	
29-99	8988-8989	’	
29-100	8989-8994	altre	
29-101	8995-8997	lo	
29-102	8998-9008	dimostrano	
29-103	9008-9009	,	
29-104	9010-9013	che	
29-105	9014-9016	si	
29-106	9017-9022	fanno	
29-107	9023-9024	d	
29-108	9024-9025	’	
29-109	9025-9030	herbe	
29-110	9031-9037	calide	
29-111	9038-9040	di	
29-112	9041-9048	propria	
29-113	9049-9055	natura	
29-114	9055-9056	.	

#Text=Et questo potrà bastare per uno universale avviso, quantunque breve, et succinto, del modo di distillare le acque dalle herbe, et da i lor fiori.
30-1	9057-9059	Et	
30-2	9060-9066	questo	
30-3	9067-9072	potrà	
30-4	9073-9080	bastare	
30-5	9081-9084	per	
30-6	9085-9088	uno	
30-7	9089-9099	universale	
30-8	9100-9106	avviso	
30-9	9106-9107	,	
30-10	9108-9118	quantunque	
30-11	9119-9124	breve	
30-12	9124-9125	,	
30-13	9126-9128	et	
30-14	9129-9137	succinto	
30-15	9137-9138	,	
30-16	9139-9142	del	
30-17	9143-9147	modo	
30-18	9148-9150	di	
30-19	9151-9161	distillare	
30-20	9162-9164	le	
30-21	9165-9170	acque	
30-22	9171-9176	dalle	
30-23	9177-9182	herbe	
30-24	9182-9183	,	
30-25	9184-9186	et	
30-26	9187-9189	da	
30-27	9190-9191	i	
30-28	9192-9195	lor	
30-29	9196-9201	fiori	
30-30	9201-9202	.	

#Text=Imperoche più particolarmente dichiararemo il tutto di sotto dove metteremo le figure de i lambicchi, et de Fornelli loro.
31-1	9203-9212	Imperoche	
31-2	9213-9216	più	
31-3	9217-9232	particolarmente	
31-4	9233-9245	dichiararemo	
31-5	9246-9248	il	
31-6	9249-9254	tutto	
31-7	9255-9257	di	
31-8	9258-9263	sotto	
31-9	9264-9268	dove	
31-10	9269-9278	metteremo	
31-11	9279-9281	le	
31-12	9282-9288	figure	
31-13	9289-9291	de	
31-14	9292-9293	i	
31-15	9294-9303	lambicchi	
31-16	9303-9304	,	
31-17	9305-9307	et	
31-18	9308-9310	de	
31-19	9311-9319	Fornelli	
31-20	9320-9324	loro	
31-21	9324-9325	.	

#Text=Però dico, che le acque lambiccate con le Campane di Piombo si debbono del tutto tralasciare, et mettere in uso quelle, che si fanno nel bagno.
32-1	9326-9330	Però	
32-2	9331-9335	dico	
32-3	9335-9336	,	
32-4	9337-9340	che	
32-5	9341-9343	le	
32-6	9344-9349	acque	
32-7	9350-9360	lambiccate	
32-8	9361-9364	con	
32-9	9365-9367	le	
32-10	9368-9375	Campane	
32-11	9376-9378	di	
32-12	9379-9385	Piombo	
32-13	9386-9388	si	
32-14	9389-9396	debbono	
32-15	9397-9400	del	
32-16	9401-9406	tutto	
32-17	9407-9418	tralasciare	
32-18	9418-9419	,	
32-19	9420-9422	et	
32-20	9423-9430	mettere	
32-21	9431-9433	in	
32-22	9434-9437	uso	
32-23	9438-9444	quelle	
32-24	9444-9445	,	
32-25	9446-9449	che	
32-26	9450-9452	si	
32-27	9453-9458	fanno	
32-28	9459-9462	nel	
32-29	9463-9468	bagno	
32-30	9468-9469	.	

#Text=Imperoche se secondo che scrive Galeno, le acque fredde delle fontane che scorgono per canali di Piombo sono così nocive, che fanno la disenteria à chi continua di bere, tanto maggiormente possono nuocere quelle, che si lambiccano con lambicchi di Piombo, che con la caldezza, et accutezza loro ne radono la sustanza, et ne la riportano seco convertita in biacca, la quale si connumera trà li veleni.
33-1	9470-9479	Imperoche	
33-2	9480-9482	se	
33-3	9483-9490	secondo	
33-4	9491-9494	che	
33-5	9495-9501	scrive	
33-6	9502-9508	Galeno	
33-7	9508-9509	,	
33-8	9510-9512	le	
33-9	9513-9518	acque	
33-10	9519-9525	fredde	
33-11	9526-9531	delle	
33-12	9532-9539	fontane	
33-13	9540-9543	che	
33-14	9544-9552	scorgono	
33-15	9553-9556	per	
33-16	9557-9563	canali	
33-17	9564-9566	di	
33-18	9567-9573	Piombo	
33-19	9574-9578	sono	
33-20	9579-9583	così	
33-21	9584-9590	nocive	
33-22	9590-9591	,	
33-23	9592-9595	che	
33-24	9596-9601	fanno	
33-25	9602-9604	la	
33-26	9605-9615	disenteria	
33-27	9616-9617	à	
33-28	9618-9621	chi	
33-29	9622-9630	continua	
33-30	9631-9633	di	
33-31	9634-9638	bere	
33-32	9638-9639	,	
33-33	9640-9645	tanto	
33-34	9646-9658	maggiormente	
33-35	9659-9666	possono	
33-36	9667-9674	nuocere	
33-37	9675-9681	quelle	
33-38	9681-9682	,	
33-39	9683-9686	che	
33-40	9687-9689	si	
33-41	9690-9700	lambiccano	
33-42	9701-9704	con	
33-43	9705-9714	lambicchi	
33-44	9715-9717	di	
33-45	9718-9724	Piombo	
33-46	9724-9725	,	
33-47	9726-9729	che	
33-48	9730-9733	con	
33-49	9734-9736	la	
33-50	9737-9745	caldezza	
33-51	9745-9746	,	
33-52	9747-9749	et	
33-53	9750-9759	accutezza	
33-54	9760-9764	loro	
33-55	9765-9767	ne	
33-56	9768-9774	radono	
33-57	9775-9777	la	
33-58	9778-9786	sustanza	
33-59	9786-9787	,	
33-60	9788-9790	et	
33-61	9791-9793	ne	
33-62	9794-9796	la	
33-63	9797-9806	riportano	
33-64	9807-9811	seco	
33-65	9812-9822	convertita	
33-66	9823-9825	in	
33-67	9826-9832	biacca	
33-68	9832-9833	,	
33-69	9834-9836	la	
33-70	9837-9842	quale	
33-71	9843-9845	si	
33-72	9846-9855	connumera	
33-73	9856-9859	trà	
33-74	9860-9862	li	
33-75	9863-9869	veleni	
33-76	9869-9870	.	

#Text=Mà dovendo dire ancora di quanto spetta di sapere intorno alle facultà dell’acque lambiccate, è da sapere, che hanno le virtù medesime, che le piante da cui si distillano, mà non però sono così virtuose, come le piante stesse.
34-1	9871-9873	Mà	
34-2	9874-9881	dovendo	
34-3	9882-9886	dire	
34-4	9887-9893	ancora	
34-5	9894-9896	di	
34-6	9897-9903	quanto	
34-7	9904-9910	spetta	
34-8	9911-9913	di	
34-9	9914-9920	sapere	
34-10	9921-9928	intorno	
34-11	9929-9933	alle	
34-12	9934-9941	facultà	
34-13	9942-9946	dell	
34-14	9946-9947	’	
34-15	9947-9952	acque	
34-16	9953-9963	lambiccate	
34-17	9963-9964	,	
34-18	9965-9966	è	
34-19	9967-9969	da	
34-20	9970-9976	sapere	
34-21	9976-9977	,	
34-22	9978-9981	che	
34-23	9982-9987	hanno	
34-24	9988-9990	le	
34-25	9991-9996	virtù	
34-26	9997-10005	medesime	
34-27	10005-10006	,	
34-28	10007-10010	che	
34-29	10011-10013	le	
34-30	10014-10020	piante	
34-31	10021-10023	da	
34-32	10024-10027	cui	
34-33	10028-10030	si	
34-34	10031-10041	distillano	
34-35	10041-10042	,	
34-36	10043-10045	mà	
34-37	10046-10049	non	
34-38	10050-10054	però	
34-39	10055-10059	sono	
34-40	10060-10064	così	
34-41	10065-10073	virtuose	
34-42	10073-10074	,	
34-43	10075-10079	come	
34-44	10080-10082	le	
34-45	10083-10089	piante	
34-46	10090-10096	stesse	
34-47	10096-10097	.	

#Text=Perciò che nel distillarli si svanisce non poco delle più sottili parti loro, le quali si perdono, et se ne vanno in fumo.
35-1	10098-10104	Perciò	
35-2	10105-10108	che	
35-3	10109-10112	nel	
35-4	10113-10124	distillarli	
35-5	10125-10127	si	
35-6	10128-10136	svanisce	
35-7	10137-10140	non	
35-8	10141-10145	poco	
35-9	10146-10151	delle	
35-10	10152-10155	più	
35-11	10156-10163	sottili	
35-12	10164-10169	parti	
35-13	10170-10174	loro	
35-14	10174-10175	,	
35-15	10176-10178	le	
35-16	10179-10184	quali	
35-17	10185-10187	si	
35-18	10188-10195	perdono	
35-19	10195-10196	,	
35-20	10197-10199	et	
35-21	10200-10202	se	
35-22	10203-10205	ne	
35-23	10206-10211	vanno	
35-24	10212-10214	in	
35-25	10215-10219	fumo	
35-26	10219-10220	.	

#Text=Et però i Medici, che fanno molto ben questo, usano più volontieri nel curare le dicottioni, che le acque distillate vedendosi manifestamente, che nelle dicottioni si gusta, et si sente più il sapore, et l’odore delle Piante, delle Radici, de Semi, et de Fiori che nell’acque distillate.
36-1	10221-10223	Et	
36-2	10224-10228	però	
36-3	10229-10230	i	
36-4	10231-10237	Medici	
36-5	10237-10238	,	
36-6	10239-10242	che	
36-7	10243-10248	fanno	
36-8	10249-10254	molto	
36-9	10255-10258	ben	
36-10	10259-10265	questo	
36-11	10265-10266	,	
36-12	10267-10272	usano	
36-13	10273-10276	più	
36-14	10277-10287	volontieri	
36-15	10288-10291	nel	
36-16	10292-10298	curare	
36-17	10299-10301	le	
36-18	10302-10312	dicottioni	
36-19	10312-10313	,	
36-20	10314-10317	che	
36-21	10318-10320	le	
36-22	10321-10326	acque	
36-23	10327-10337	distillate	
36-24	10338-10347	vedendosi	
36-25	10348-10362	manifestamente	
36-26	10362-10363	,	
36-27	10364-10367	che	
36-28	10368-10373	nelle	
36-29	10374-10384	dicottioni	
36-30	10385-10387	si	
36-31	10388-10393	gusta	
36-32	10393-10394	,	
36-33	10395-10397	et	
36-34	10398-10400	si	
36-35	10401-10406	sente	
36-36	10407-10410	più	
36-37	10411-10413	il	
36-38	10414-10420	sapore	
36-39	10420-10421	,	
36-40	10422-10424	et	
36-41	10425-10426	l	
36-42	10426-10427	’	
36-43	10427-10432	odore	
36-44	10433-10438	delle	
36-45	10439-10445	Piante	
36-46	10445-10446	,	
36-47	10447-10452	delle	
36-48	10453-10459	Radici	
36-49	10459-10460	,	
36-50	10461-10463	de	
36-51	10464-10468	Semi	
36-52	10468-10469	,	
36-53	10470-10472	et	
36-54	10473-10475	de	
36-55	10476-10481	Fiori	
36-56	10482-10485	che	
36-57	10486-10490	nell	
36-58	10490-10491	’	
36-59	10491-10496	acque	
36-60	10497-10507	distillate	
36-61	10507-10508	.	

#Text=Mà perche le dicottioni non piacciano ugualmente à tutti li amalati, come fanno le acque distillate si devono però più presto usare le acque, che le dicottioni, dove desideriamo con bevande più grate fare li amalati più pronti à obbedire al pigliare delle Medicine.
37-1	10509-10511	Mà	
37-2	10512-10518	perche	
37-3	10519-10521	le	
37-4	10522-10532	dicottioni	
37-5	10533-10536	non	
37-6	10537-10546	piacciano	
37-7	10547-10557	ugualmente	
37-8	10558-10559	à	
37-9	10560-10565	tutti	
37-10	10566-10568	li	
37-11	10569-10576	amalati	
37-12	10576-10577	,	
37-13	10578-10582	come	
37-14	10583-10588	fanno	
37-15	10589-10591	le	
37-16	10592-10597	acque	
37-17	10598-10608	distillate	
37-18	10609-10611	si	
37-19	10612-10618	devono	
37-20	10619-10623	però	
37-21	10624-10627	più	
37-22	10628-10634	presto	
37-23	10635-10640	usare	
37-24	10641-10643	le	
37-25	10644-10649	acque	
37-26	10649-10650	,	
37-27	10651-10654	che	
37-28	10655-10657	le	
37-29	10658-10668	dicottioni	
37-30	10668-10669	,	
37-31	10670-10674	dove	
37-32	10675-10686	desideriamo	
37-33	10687-10690	con	
37-34	10691-10698	bevande	
37-35	10699-10702	più	
37-36	10703-10708	grate	
37-37	10709-10713	fare	
37-38	10714-10716	li	
37-39	10717-10724	amalati	
37-40	10725-10728	più	
37-41	10729-10735	pronti	
37-42	10736-10737	à	
37-43	10738-10746	obbedire	
37-44	10747-10749	al	
37-45	10750-10758	pigliare	
37-46	10759-10764	delle	
37-47	10765-10773	Medicine	
37-48	10773-10774	.	

#Text=Nel che fare si vi ricerca però ancorala diligenza, et fedeltà delli Spetiali se vogliono acquistar buon nome, et buona fama, et esser in maggior gratia de i Medici, et delli Amalati, non mancando di distillare à bagno con ogni loro industria, et diligenza.
38-1	10775-10778	Nel	
38-2	10779-10782	che	
38-3	10783-10787	fare	
38-4	10788-10790	si	
38-5	10791-10793	vi	
38-6	10794-10801	ricerca	
38-7	10802-10806	però	
38-8	10807-10815	ancorala	
38-9	10816-10825	diligenza	
38-10	10825-10826	,	
38-11	10827-10829	et	
38-12	10830-10837	fedeltà	
38-13	10838-10843	delli	
38-14	10844-10852	Spetiali	
38-15	10853-10855	se	
38-16	10856-10864	vogliono	
38-17	10865-10874	acquistar	
38-18	10875-10879	buon	
38-19	10880-10884	nome	
38-20	10884-10885	,	
38-21	10886-10888	et	
38-22	10889-10894	buona	
38-23	10895-10899	fama	
38-24	10899-10900	,	
38-25	10901-10903	et	
38-26	10904-10909	esser	
38-27	10910-10912	in	
38-28	10913-10920	maggior	
38-29	10921-10927	gratia	
38-30	10928-10930	de	
38-31	10931-10932	i	
38-32	10933-10939	Medici	
38-33	10939-10940	,	
38-34	10941-10943	et	
38-35	10944-10949	delli	
38-36	10950-10957	Amalati	
38-37	10957-10958	,	
38-38	10959-10962	non	
38-39	10963-10971	mancando	
38-40	10972-10974	di	
38-41	10975-10985	distillare	
38-42	10986-10987	à	
38-43	10988-10993	bagno	
38-44	10994-10997	con	
38-45	10998-11002	ogni	
38-46	11003-11007	loro	
38-47	11008-11017	industria	
38-48	11017-11018	,	
38-49	11019-11021	et	
38-50	11022-11031	diligenza	
38-51	11031-11032	.	

#Text=Perciòche le acque, che si distillano diligentemente, et come si conviene sono veramente molto utili nella Medicìna, di modo, che nelle composition di molti Medicamenti si possono ragionevolmente anteporre alle decottioni.
39-1	11033-11042	Perciòche	
39-2	11043-11045	le	
39-3	11046-11051	acque	
39-4	11051-11052	,	
39-5	11053-11056	che	
39-6	11057-11059	si	
39-7	11060-11070	distillano	
39-8	11071-11085	diligentemente	
39-9	11085-11086	,	
39-10	11087-11089	et	
39-11	11090-11094	come	
39-12	11095-11097	si	
39-13	11098-11106	conviene	
39-14	11107-11111	sono	
39-15	11112-11121	veramente	
39-16	11122-11127	molto	
39-17	11128-11133	utili	
39-18	11134-11139	nella	
39-19	11140-11148	Medicìna	
39-20	11148-11149	,	
39-21	11150-11152	di	
39-22	11153-11157	modo	
39-23	11157-11158	,	
39-24	11159-11162	che	
39-25	11163-11168	nelle	
39-26	11169-11180	composition	
39-27	11181-11183	di	
39-28	11184-11189	molti	
39-29	11190-11201	Medicamenti	
39-30	11202-11204	si	
39-31	11205-11212	possono	
39-32	11213-11228	ragionevolmente	
39-33	11229-11238	anteporre	
39-34	11239-11243	alle	
39-35	11244-11254	decottioni	
39-36	11254-11255	.	

#Text=Perche dove nelle ardentissime febri ò ne i grandissimi caldi dall’Estate s’habbi da fare qualche sorte di bevanda, che possa bene spegnere la sete, et dilettare il gusto delli Amalati, ciò per il vero meglio, et più felicemente si farà con le acque distillate accompagnate ò con Vino di Melagrani, ò con Giulepo Violato, ò di succho di Cedri, ò di Limoni, che con ogni dicottione fatta quanto si vogli diligentemente.
40-1	11256-11262	Perche	
40-2	11263-11267	dove	
40-3	11268-11273	nelle	
40-4	11274-11286	ardentissime	
40-5	11287-11292	febri	
40-6	11293-11294	ò	
40-7	11295-11297	ne	
40-8	11298-11299	i	
40-9	11300-11311	grandissimi	
40-10	11312-11317	caldi	
40-11	11318-11322	dall	
40-12	11322-11323	’	
40-13	11323-11329	Estate	
40-14	11330-11331	s	
40-15	11331-11332	’	
40-16	11332-11337	habbi	
40-17	11338-11340	da	
40-18	11341-11345	fare	
40-19	11346-11353	qualche	
40-20	11354-11359	sorte	
40-21	11360-11362	di	
40-22	11363-11370	bevanda	
40-23	11370-11371	,	
40-24	11372-11375	che	
40-25	11376-11381	possa	
40-26	11382-11386	bene	
40-27	11387-11395	spegnere	
40-28	11396-11398	la	
40-29	11399-11403	sete	
40-30	11403-11404	,	
40-31	11405-11407	et	
40-32	11408-11417	dilettare	
40-33	11418-11420	il	
40-34	11421-11426	gusto	
40-35	11427-11432	delli	
40-36	11433-11440	Amalati	
40-37	11440-11441	,	
40-38	11442-11445	ciò	
40-39	11446-11449	per	
40-40	11450-11452	il	
40-41	11453-11457	vero	
40-42	11458-11464	meglio	
40-43	11464-11465	,	
40-44	11466-11468	et	
40-45	11469-11472	più	
40-46	11473-11484	felicemente	
40-47	11485-11487	si	
40-48	11488-11492	farà	
40-49	11493-11496	con	
40-50	11497-11499	le	
40-51	11500-11505	acque	
40-52	11506-11516	distillate	
40-53	11517-11529	accompagnate	
40-54	11530-11531	ò	
40-55	11532-11535	con	
40-56	11536-11540	Vino	
40-57	11541-11543	di	
40-58	11544-11553	Melagrani	
40-59	11553-11554	,	
40-60	11555-11556	ò	
40-61	11557-11560	con	
40-62	11561-11568	Giulepo	
40-63	11569-11576	Violato	
40-64	11576-11577	,	
40-65	11578-11579	ò	
40-66	11580-11582	di	
40-67	11583-11589	succho	
40-68	11590-11592	di	
40-69	11593-11598	Cedri	
40-70	11598-11599	,	
40-71	11600-11601	ò	
40-72	11602-11604	di	
40-73	11605-11611	Limoni	
40-74	11611-11612	,	
40-75	11613-11616	che	
40-76	11617-11620	con	
40-77	11621-11625	ogni	
40-78	11626-11636	dicottione	
40-79	11637-11642	fatta	
40-80	11643-11649	quanto	
40-81	11650-11652	si	
40-82	11653-11658	vogli	
40-83	11659-11673	diligentemente	
40-84	11673-11674	.	

#Text=Il medesimo accaderà ancora, dove s’habbi da fare ò collini per gli occhi, ò epithime per il fegato, et per il cuore, ò osirhodini per la fronte, et per il capo.
41-1	11675-11677	Il	
41-2	11678-11686	medesimo	
41-3	11687-11695	accaderà	
41-4	11696-11702	ancora	
41-5	11702-11703	,	
41-6	11704-11708	dove	
41-7	11709-11710	s	
41-8	11710-11711	’	
41-9	11711-11716	habbi	
41-10	11717-11719	da	
41-11	11720-11724	fare	
41-12	11725-11726	ò	
41-13	11727-11734	collini	
41-14	11735-11738	per	
41-15	11739-11742	gli	
41-16	11743-11748	occhi	
41-17	11748-11749	,	
41-18	11750-11751	ò	
41-19	11752-11760	epithime	
41-20	11761-11764	per	
41-21	11765-11767	il	
41-22	11768-11774	fegato	
41-23	11774-11775	,	
41-24	11776-11778	et	
41-25	11779-11782	per	
41-26	11783-11785	il	
41-27	11786-11791	cuore	
41-28	11791-11792	,	
41-29	11793-11794	ò	
41-30	11795-11805	osirhodini	
41-31	11806-11809	per	
41-32	11810-11812	la	
41-33	11813-11819	fronte	
41-34	11819-11820	,	
41-35	11821-11823	et	
41-36	11824-11827	per	
41-37	11828-11830	il	
41-38	11831-11835	capo	
41-39	11835-11836	.	

#Text=Lasciarò star di dire quanto sia commodo l’artificio di distillare l’acque per far soavissimi odori, così per l’uso de’ Medici, come per le delitie de i corpi de i sani, come sono quelle, che si fanno delle Rose, de i Fiori d’Aranci, di Mirti, et d’altri assai, che spirano di soavissimo odore.
42-1	11837-11845	Lasciarò	
42-2	11846-11850	star	
42-3	11851-11853	di	
42-4	11854-11858	dire	
42-5	11859-11865	quanto	
42-6	11866-11869	sia	
42-7	11870-11877	commodo	
42-8	11878-11879	l	
42-9	11879-11880	’	
42-10	11880-11889	artificio	
42-11	11890-11892	di	
42-12	11893-11903	distillare	
42-13	11904-11905	l	
42-14	11905-11906	’	
42-15	11906-11911	acque	
42-16	11912-11915	per	
42-17	11916-11919	far	
42-18	11920-11930	soavissimi	
42-19	11931-11936	odori	
42-20	11936-11937	,	
42-21	11938-11942	così	
42-22	11943-11946	per	
42-23	11947-11948	l	
42-24	11948-11949	’	
42-25	11949-11952	uso	
42-26	11953-11955	de	
42-27	11955-11956	’	
42-28	11957-11963	Medici	
42-29	11963-11964	,	
42-30	11965-11969	come	
42-31	11970-11973	per	
42-32	11974-11976	le	
42-33	11977-11984	delitie	
42-34	11985-11987	de	
42-35	11988-11989	i	
42-36	11990-11995	corpi	
42-37	11996-11998	de	
42-38	11999-12000	i	
42-39	12001-12005	sani	
42-40	12005-12006	,	
42-41	12007-12011	come	
42-42	12012-12016	sono	
42-43	12017-12023	quelle	
42-44	12023-12024	,	
42-45	12025-12028	che	
42-46	12029-12031	si	
42-47	12032-12037	fanno	
42-48	12038-12043	delle	
42-49	12044-12048	Rose	
42-50	12048-12049	,	
42-51	12050-12052	de	
42-52	12053-12054	i	
42-53	12055-12060	Fiori	
42-54	12061-12062	d	
42-55	12062-12063	’	
42-56	12063-12069	Aranci	
42-57	12069-12070	,	
42-58	12071-12073	di	
42-59	12074-12079	Mirti	
42-60	12079-12080	,	
42-61	12081-12083	et	
42-62	12084-12085	d	
42-63	12085-12086	’	
42-64	12086-12091	altri	
42-65	12092-12097	assai	
42-66	12097-12098	,	
42-67	12099-12102	che	
42-68	12103-12110	spirano	
42-69	12111-12113	di	
42-70	12114-12124	soavissimo	
42-71	12125-12130	odore	
42-72	12130-12131	.	

#Text=Ne dirò quanto sian stimate dalle gentilissime Madame havendole che in uso non solamente per gl’odori, mà ancora per abbellirsi, et adornarsi.
43-1	12132-12134	Ne	
43-2	12135-12139	dirò	
43-3	12140-12146	quanto	
43-4	12147-12151	sian	
43-5	12152-12159	stimate	
43-6	12160-12165	dalle	
43-7	12166-12178	gentilissime	
43-8	12179-12185	Madame	
43-9	12186-12195	havendole	
43-10	12196-12199	che	
43-11	12200-12202	in	
43-12	12203-12206	uso	
43-13	12207-12210	non	
43-14	12211-12220	solamente	
43-15	12221-12224	per	
43-16	12225-12227	gl	
43-17	12227-12228	’	
43-18	12228-12233	odori	
43-19	12233-12234	,	
43-20	12235-12237	mà	
43-21	12238-12244	ancora	
43-22	12245-12248	per	
43-23	12249-12259	abbellirsi	
43-24	12259-12260	,	
43-25	12261-12263	et	
43-26	12264-12273	adornarsi	
43-27	12273-12274	.	

#Text=Per il che fare sono efficacissime quelle delle Radici della Frassinella, della Brionia, qual noi chiamiamo Zucca Salvatica, del Cocumero Salvatico, dell’anno de’ Fiori, delle Fave, del Ligustro, et dalla Tilia.
44-1	12275-12278	Per	
44-2	12279-12281	il	
44-3	12282-12285	che	
44-4	12286-12290	fare	
44-5	12291-12295	sono	
44-6	12296-12309	efficacissime	
44-7	12310-12316	quelle	
44-8	12317-12322	delle	
44-9	12323-12329	Radici	
44-10	12330-12335	della	
44-11	12336-12347	Frassinella	
44-12	12347-12348	,	
44-13	12349-12354	della	
44-14	12355-12362	Brionia	
44-15	12362-12363	,	
44-16	12364-12368	qual	
44-17	12369-12372	noi	
44-18	12373-12382	chiamiamo	
44-19	12383-12388	Zucca	
44-20	12389-12398	Salvatica	
44-21	12398-12399	,	
44-22	12400-12403	del	
44-23	12404-12412	Cocumero	
44-24	12413-12422	Salvatico	
44-25	12422-12423	,	
44-26	12424-12428	dell	
44-27	12428-12429	’	
44-28	12429-12433	anno	
44-29	12434-12436	de	
44-30	12436-12437	’	
44-31	12438-12443	Fiori	
44-32	12443-12444	,	
44-33	12445-12450	delle	
44-34	12451-12455	Fave	
44-35	12455-12456	,	
44-36	12457-12460	del	
44-37	12461-12469	Ligustro	
44-38	12469-12470	,	
44-39	12471-12473	et	
44-40	12474-12479	dalla	
44-41	12480-12485	Tilia	
44-42	12485-12486	.	

#Text=Mà dirò bene, che supera di bontà, et di vaghezza tutte le sudette quella, che si fà succo di Limoni, nel quale sien stati infusi, et per alquanti giorni disfatti i gusci diceste minutissime, et bianchissime Chioccioline chiamate d’alcuni Porcellette, che si vendono in filze, et non più grandi d’un grano di Piselli, distillata à Bagno di Maria.
45-1	12487-12489	Mà	
45-2	12490-12494	dirò	
45-3	12495-12499	bene	
45-4	12499-12500	,	
45-5	12501-12504	che	
45-6	12505-12511	supera	
45-7	12512-12514	di	
45-8	12515-12520	bontà	
45-9	12520-12521	,	
45-10	12522-12524	et	
45-11	12525-12527	di	
45-12	12528-12536	vaghezza	
45-13	12537-12542	tutte	
45-14	12543-12545	le	
45-15	12546-12553	sudette	
45-16	12554-12560	quella	
45-17	12560-12561	,	
45-18	12562-12565	che	
45-19	12566-12568	si	
45-20	12569-12571	fà	
45-21	12572-12577	succo	
45-22	12578-12580	di	
45-23	12581-12587	Limoni	
45-24	12587-12588	,	
45-25	12589-12592	nel	
45-26	12593-12598	quale	
45-27	12599-12603	sien	
45-28	12604-12609	stati	
45-29	12610-12616	infusi	
45-30	12616-12617	,	
45-31	12618-12620	et	
45-32	12621-12624	per	
45-33	12625-12633	alquanti	
45-34	12634-12640	giorni	
45-35	12641-12649	disfatti	
45-36	12650-12651	i	
45-37	12652-12657	gusci	
45-38	12658-12665	diceste	
45-39	12666-12677	minutissime	
45-40	12677-12678	,	
45-41	12679-12681	et	
45-42	12682-12694	bianchissime	
45-43	12695-12707	Chioccioline	
45-44	12708-12716	chiamate	
45-45	12717-12718	d	
45-46	12718-12719	’	
45-47	12719-12725	alcuni	
45-48	12726-12737	Porcellette	
45-49	12737-12738	,	
45-50	12739-12742	che	
45-51	12743-12745	si	
45-52	12746-12753	vendono	
45-53	12754-12756	in	
45-54	12757-12762	filze	
45-55	12762-12763	,	
45-56	12764-12766	et	
45-57	12767-12770	non	
45-58	12771-12774	più	
45-59	12775-12781	grandi	
45-60	12782-12783	d	
45-61	12783-12784	’	
45-62	12784-12786	un	
45-63	12787-12792	grano	
45-64	12793-12795	di	
45-65	12796-12803	Piselli	
45-66	12803-12804	,	
45-67	12805-12815	distillata	
45-68	12816-12817	à	
45-69	12818-12823	Bagno	
45-70	12824-12826	di	
45-71	12827-12832	Maria	
45-72	12832-12833	.	

#Text=Imperòche questa non solamente assottiglia la pelle, et spiana le Rughe della faccia, mà la fà splendida, et ben chiara.
46-1	12834-12843	Imperòche	
46-2	12844-12850	questa	
46-3	12851-12854	non	
46-4	12855-12864	solamente	
46-5	12865-12876	assottiglia	
46-6	12877-12879	la	
46-7	12880-12885	pelle	
46-8	12885-12886	,	
46-9	12887-12889	et	
46-10	12890-12896	spiana	
46-11	12897-12899	le	
46-12	12900-12905	Rughe	
46-13	12906-12911	della	
46-14	12912-12918	faccia	
46-15	12918-12919	,	
46-16	12920-12922	mà	
46-17	12923-12925	la	
46-18	12926-12928	fà	
46-19	12929-12938	splendida	
46-20	12938-12939	,	
46-21	12940-12942	et	
46-22	12943-12946	ben	
46-23	12947-12953	chiara	
46-24	12953-12954	.	

#Text=Il che non mi son voluto tacere, acciòche si conosca, che trattando io delle acque distillate, non hò solamente voluto sodisfare, et compiacere à gl’huomini, ma ancora alle nobilissime, et gentilissime Madame, che si dilettano di vivere, et politicamente, et con delicatezza.
47-1	12955-12957	Il	
47-2	12958-12961	che	
47-3	12962-12965	non	
47-4	12966-12968	mi	
47-5	12969-12972	son	
47-6	12973-12979	voluto	
47-7	12980-12986	tacere	
47-8	12986-12987	,	
47-9	12988-12996	acciòche	
47-10	12997-12999	si	
47-11	13000-13007	conosca	
47-12	13007-13008	,	
47-13	13009-13012	che	
47-14	13013-13022	trattando	
47-15	13023-13025	io	
47-16	13026-13031	delle	
47-17	13032-13037	acque	
47-18	13038-13048	distillate	
47-19	13048-13049	,	
47-20	13050-13053	non	
47-21	13054-13056	hò	
47-22	13057-13066	solamente	
47-23	13067-13073	voluto	
47-24	13074-13083	sodisfare	
47-25	13083-13084	,	
47-26	13085-13087	et	
47-27	13088-13098	compiacere	
47-28	13099-13100	à	
47-29	13101-13103	gl	
47-30	13103-13104	’	
47-31	13104-13111	huomini	
47-32	13111-13112	,	
47-33	13113-13115	ma	
47-34	13116-13122	ancora	
47-35	13123-13127	alle	
47-36	13128-13139	nobilissime	
47-37	13139-13140	,	
47-38	13141-13143	et	
47-39	13144-13156	gentilissime	
47-40	13157-13163	Madame	
47-41	13163-13164	,	
47-42	13165-13168	che	
47-43	13169-13171	si	
47-44	13172-13181	dilettano	
47-45	13182-13184	di	
47-46	13185-13191	vivere	
47-47	13191-13192	,	
47-48	13193-13195	et	
47-49	13196-13209	politicamente	
47-50	13209-13210	,	
47-51	13211-13213	et	
47-52	13214-13217	con	
47-53	13218-13229	delicatezza	
47-54	13229-13230	.	

#Text=Imperoche mi persuado, che l’acquistarme la gratia loro non mi possa se non apportare fama, et honore.
48-1	13231-13240	Imperoche	
48-2	13241-13243	mi	
48-3	13244-13252	persuado	
48-4	13252-13253	,	
48-5	13254-13257	che	
48-6	13258-13259	l	
48-7	13259-13260	’	
48-8	13260-13271	acquistarme	
48-9	13272-13274	la	
48-10	13275-13281	gratia	
48-11	13282-13286	loro	
48-12	13287-13290	non	
48-13	13291-13293	mi	
48-14	13294-13299	possa	
48-15	13300-13302	se	
48-16	13303-13306	non	
48-17	13307-13316	apportare	
48-18	13317-13321	fama	
48-19	13321-13322	,	
48-20	13323-13325	et	
48-21	13326-13332	honore	
48-22	13332-13333	.	

#Text=Onde vengo à concludere, che sia necessarissimo l’uso dell’acque distillate appresso à tutte le nationi, et massimamente appresso à quei Medici, i quali desiderano di esercitare la Medicina politicamente, et con lode di tutti.
49-1	13334-13338	Onde	
49-2	13339-13344	vengo	
49-3	13345-13346	à	
49-4	13347-13357	concludere	
49-5	13357-13358	,	
49-6	13359-13362	che	
49-7	13363-13366	sia	
49-8	13367-13381	necessarissimo	
49-9	13382-13383	l	
49-10	13383-13384	’	
49-11	13384-13387	uso	
49-12	13388-13392	dell	
49-13	13392-13393	’	
49-14	13393-13398	acque	
49-15	13399-13409	distillate	
49-16	13410-13418	appresso	
49-17	13419-13420	à	
49-18	13421-13426	tutte	
49-19	13427-13429	le	
49-20	13430-13437	nationi	
49-21	13437-13438	,	
49-22	13439-13441	et	
49-23	13442-13454	massimamente	
49-24	13455-13463	appresso	
49-25	13464-13465	à	
49-26	13466-13470	quei	
49-27	13471-13477	Medici	
49-28	13477-13478	,	
49-29	13479-13480	i	
49-30	13481-13486	quali	
49-31	13487-13497	desiderano	
49-32	13498-13500	di	
49-33	13501-13511	esercitare	
49-34	13512-13514	la	
49-35	13515-13523	Medicina	
49-36	13524-13537	politicamente	
49-37	13537-13538	,	
49-38	13539-13541	et	
49-39	13542-13545	con	
49-40	13546-13550	lode	
49-41	13551-13553	di	
49-42	13554-13559	tutti	
49-43	13559-13560	.	

#Text=PRIMA FORNACE.
50-1	13566-13571	PRIMA	
50-2	13572-13579	FORNACE	
50-3	13579-13580	.	

#Text=Questa Fornace (come appare per il suo disegno) può supplire per Lambiccare con XXXXVIII Campane di Piombo, et tutte possono Lambiccare, et lavorare con un fuoco solo; et n’hò voluto dare il disegno, overo modello, non già, perchè voglia insegnare à fabricare una simile Fornace, essendo l ' acque Lambiccate à Piombo nocive molto à i corpi humani nell’interiora (come habbiamo detto di sopra) et però da lasciarle stare: ma folamente per dimostrare, come s’ingegnassero i successori di colui, che ritrovò il modo di Lambiccare con le Campane di Piombo, à trovar modo con manco spesa di legna per far fuoco, ò di carbone, à distillare in un giorno, et in una notte gran quantità d’acqua.
51-1	13586-13592	Questa	
51-2	13593-13600	Fornace	
51-3	13601-13602	(	
51-4	13602-13606	come	
51-5	13607-13613	appare	
51-6	13614-13617	per	
51-7	13618-13620	il	
51-8	13621-13624	suo	
51-9	13625-13632	disegno	
51-10	13632-13633	)	
51-11	13634-13637	può	
51-12	13638-13646	supplire	
51-13	13647-13650	per	
51-14	13651-13661	Lambiccare	
51-15	13662-13665	con	
51-16	13666-13674	XXXXVIII	
51-17	13675-13682	Campane	
51-18	13683-13685	di	
51-19	13686-13692	Piombo	
51-20	13692-13693	,	
51-21	13694-13696	et	
51-22	13697-13702	tutte	
51-23	13703-13710	possono	
51-24	13711-13721	Lambiccare	
51-25	13721-13722	,	
51-26	13723-13725	et	
51-27	13726-13734	lavorare	
51-28	13735-13738	con	
51-29	13739-13741	un	
51-30	13742-13747	fuoco	
51-31	13748-13752	solo	
51-32	13752-13753	;	
51-33	13754-13756	et	
51-34	13757-13758	n	
51-35	13758-13759	’	
51-36	13759-13761	hò	
51-37	13762-13768	voluto	
51-38	13769-13773	dare	
51-39	13774-13776	il	
51-40	13777-13784	disegno	
51-41	13784-13785	,	
51-42	13786-13791	overo	
51-43	13792-13799	modello	
51-44	13799-13800	,	
51-45	13801-13804	non	
51-46	13805-13808	già	
51-47	13808-13809	,	
51-48	13810-13816	perchè	
51-49	13817-13823	voglia	
51-50	13824-13833	insegnare	
51-51	13834-13835	à	
51-52	13836-13845	fabricare	
51-53	13846-13849	una	
51-54	13850-13856	simile	
51-55	13857-13864	Fornace	
51-56	13864-13865	,	
51-57	13866-13873	essendo	
51-58	13874-13875	l	
51-59	13876-13877	'	
51-60	13878-13883	acque	
51-61	13884-13894	Lambiccate	
51-62	13895-13896	à	
51-63	13897-13903	Piombo	
51-64	13904-13910	nocive	
51-65	13911-13916	molto	
51-66	13917-13918	à	
51-67	13919-13920	i	
51-68	13921-13926	corpi	
51-69	13927-13933	humani	
51-70	13934-13938	nell	
51-71	13938-13939	’	
51-72	13939-13948	interiora	
51-73	13949-13950	(	
51-74	13950-13954	come	
51-75	13955-13963	habbiamo	
51-76	13964-13969	detto	
51-77	13970-13972	di	
51-78	13973-13978	sopra	
51-79	13978-13979	)	
51-80	13980-13982	et	
51-81	13983-13987	però	
51-82	13988-13990	da	
51-83	13991-14000	lasciarle	
51-84	14001-14006	stare	
51-85	14006-14007	:	
51-86	14008-14010	ma	
51-87	14011-14020	folamente	
51-88	14021-14024	per	
51-89	14025-14035	dimostrare	
51-90	14035-14036	,	
51-91	14037-14041	come	
51-92	14042-14043	s	
51-93	14043-14044	’	
51-94	14044-14056	ingegnassero	
51-95	14057-14058	i	
51-96	14059-14069	successori	
51-97	14070-14072	di	
51-98	14073-14078	colui	
51-99	14078-14079	,	
51-100	14080-14083	che	
51-101	14084-14091	ritrovò	
51-102	14092-14094	il	
51-103	14095-14099	modo	
51-104	14100-14102	di	
51-105	14103-14113	Lambiccare	
51-106	14114-14117	con	
51-107	14118-14120	le	
51-108	14121-14128	Campane	
51-109	14129-14131	di	
51-110	14132-14138	Piombo	
51-111	14138-14139	,	
51-112	14140-14141	à	
51-113	14142-14148	trovar	
51-114	14149-14153	modo	
51-115	14154-14157	con	
51-116	14158-14163	manco	
51-117	14164-14169	spesa	
51-118	14170-14172	di	
51-119	14173-14178	legna	
51-120	14179-14182	per	
51-121	14183-14186	far	
51-122	14187-14192	fuoco	
51-123	14192-14193	,	
51-124	14194-14195	ò	
51-125	14196-14198	di	
51-126	14199-14206	carbone	
51-127	14206-14207	,	
51-128	14208-14209	à	
51-129	14210-14220	distillare	
51-130	14221-14223	in	
51-131	14224-14226	un	
51-132	14227-14233	giorno	
51-133	14233-14234	,	
51-134	14235-14237	et	
51-135	14238-14240	in	
51-136	14241-14244	una	
51-137	14245-14250	notte	
51-138	14251-14255	gran	
51-139	14256-14264	quantità	
51-140	14265-14266	d	
51-141	14266-14267	’	
51-142	14267-14272	acqua	
51-143	14272-14273	.	
