#FORMAT=WebAnno TSV 3.3
#T_SP=custom.Span|label
#T_RL=custom.Relation|label|BT_custom.Span


#Text=Daß auch hier die baſiſchen Sulfacetate leichter zerſetzbar
#Text=ſind, als die normalen, iſt von Liechti und Suida feſtgeſtellt worden, ein-
#Text=zelne geben faſt ihren geſamten Thonerdegehalt an die Faſer ab.
1-1	2-5	Daß	_	_	_	
1-2	6-10	auch	_	_	_	
1-3	11-15	hier	_	_	_	
1-4	16-19	die	_	_	_	
1-5	20-29	baſiſchen	_	_	_	
1-6	30-41	Sulfacetate	_	_	_	
1-7	42-50	leichter	_	_	_	
1-8	51-61	zerſetzbar	_	_	_	
1-9	62-66	ſind	_	_	_	
1-10	66-67	,	_	_	_	
1-11	68-71	als	_	_	_	
1-12	72-75	die	_	_	_	
1-13	76-84	normalen	_	_	_	
1-14	84-85	,	_	_	_	
1-15	86-89	iſt	_	_	_	
1-16	90-93	von	_	_	_	
1-17	94-101	Liechti	_	_	_	
1-18	102-105	und	_	_	_	
1-19	106-111	Suida	_	_	_	
1-20	112-124	feſtgeſtellt	_	_	_	
1-21	125-131	worden	_	_	_	
1-22	131-132	,	_	_	_	
1-23	133-136	ein	_	_	_	
1-24	136-137	-	_	_	_	
1-25	138-143	zelne	_	_	_	
1-26	144-149	geben	_	_	_	
1-27	150-154	faſt	_	_	_	
1-28	155-160	ihren	_	_	_	
1-29	161-169	geſamten	_	_	_	
1-30	170-184	Thonerdegehalt	_	_	_	
1-31	185-187	an	_	_	_	
1-32	188-191	die	_	_	_	
1-33	192-197	Faſer	_	_	_	
1-34	198-200	ab	_	_	_	
1-35	200-201	.	_	_	_	

#Text=Durch dieſe
#Text=Eigenſchaft beanſpruchen dieſe Doppelverbindungen volle Beachtung.
2-1	202-207	Durch	_	_	_	
2-2	208-213	dieſe	_	_	_	
2-3	214-225	Eigenſchaft	_	_	_	
2-4	226-238	beanſpruchen	_	_	_	
2-5	239-244	dieſe	_	_	_	
2-6	245-263	Doppelverbindungen	_	_	_	
2-7	264-269	volle	_	_	_	
2-8	270-279	Beachtung	_	_	_	
2-9	279-280	.	_	_	_	

#Text=Bei der
#Text=leichten Zerſetzbarkeit dieſer Doppelſalze iſt es jedoch nicht leicht, ein ſtets
#Text=gleichmäßig ſtarkes Präparat zu erhalten, und es verdient der Vorſchlag
#Text=D.
3-1	281-284	Bei	_	_	_	
3-2	285-288	der	_	_	_	
3-3	289-297	leichten	_	_	_	
3-4	298-312	Zerſetzbarkeit	_	_	_	
3-5	313-319	dieſer	_	_	_	
3-6	320-331	Doppelſalze	_	_	_	
3-7	332-335	iſt	_	_	_	
3-8	336-338	es	_	_	_	
3-9	339-345	jedoch	_	_	_	
3-10	346-351	nicht	_	_	_	
3-11	352-358	leicht	_	_	_	
3-12	358-359	,	_	_	_	
3-13	360-363	ein	_	_	_	
3-14	364-369	ſtets	_	_	_	
3-15	370-381	gleichmäßig	_	_	_	
3-16	382-389	ſtarkes	_	_	_	
3-17	390-398	Präparat	_	_	_	
3-18	399-401	zu	_	_	_	
3-19	402-410	erhalten	_	_	_	
3-20	410-411	,	_	_	_	
3-21	412-415	und	_	_	_	
3-22	416-418	es	_	_	_	
3-23	419-427	verdient	_	_	_	
3-24	428-431	der	_	_	_	
3-25	432-441	Vorſchlag	_	_	_	
3-26	442-443	D	_	_	_	
3-27	443-444	.	_	_	_	

#Text=Köchlins, das unlösliche baſiſche Aluminiumſulfat (welches beim Er-
#Text=wärmen der löslichen baſiſchen ſchwefelſauren Thonerde ausfällt) in warmer
#Text=
#Text=Eſſigſäure zu löſen, beherzigt zu werden.
#Text=— Anwendung: Die Aluminium-
#Text=ſulfacetate wirken aus den vorher erläuterten Gründen als Beizen auf
#Text=Baum-
#Text=
#Text=wolle kräftiger, wie die ſchwefelſaure Thonerde und wie der Alaun.
4-1	445-453	Köchlins	_	_	_	
4-2	453-454	,	_	_	_	
4-3	455-458	das	_	_	_	
4-4	459-469	unlösliche	_	_	_	
4-5	470-478	baſiſche	_	_	_	
4-6	479-494	Aluminiumſulfat	_	_	_	
4-7	495-496	(	_	_	_	
4-8	496-503	welches	_	_	_	
4-9	504-508	beim	_	_	_	
4-10	509-511	Er	_	_	_	
4-11	511-512	-	_	_	_	
4-12	513-519	wärmen	_	_	_	
4-13	520-523	der	_	_	_	
4-14	524-533	löslichen	_	_	_	
4-15	534-543	baſiſchen	_	_	_	
4-16	544-558	ſchwefelſauren	_	_	_	
4-17	559-567	Thonerde	_	_	_	
4-18	568-576	ausfällt	_	_	_	
4-19	576-577	)	_	_	_	
4-20	578-580	in	_	_	_	
4-21	581-587	warmer	_	_	_	
4-22	589-599	Eſſigſäure	_	_	_	
4-23	600-602	zu	_	_	_	
4-24	603-608	löſen	_	_	_	
4-25	608-609	,	_	_	_	
4-26	610-619	beherzigt	_	_	_	
4-27	620-622	zu	_	_	_	
4-28	623-629	werden	_	_	_	
4-29	629-630	.	_	_	_	
4-30	631-632	—	_	_	_	
4-31	633-642	Anwendung	_	_	_	
4-32	642-643	:	_	_	_	
4-33	644-647	Die	_	_	_	
4-34	648-657	Aluminium	_	_	_	
4-35	657-658	-	_	_	_	
4-36	659-670	ſulfacetate	_	_	_	
4-37	671-677	wirken	_	_	_	
4-38	678-681	aus	_	_	_	
4-39	682-685	den	_	_	_	
4-40	686-692	vorher	_	_	_	
4-41	693-704	erläuterten	_	_	_	
4-42	705-712	Gründen	_	_	_	
4-43	713-716	als	_	_	_	
4-44	717-723	Beizen	_	_	_	
4-45	724-727	auf	_	_	_	
4-46	728-732	Baum	_	_	_	
4-47	732-733	-	_	_	_	
4-48	735-740	wolle	_	_	_	
4-49	741-750	kräftiger	_	_	_	
4-50	750-751	,	_	_	_	
4-51	752-755	wie	_	_	_	
4-52	756-759	die	_	_	_	
4-53	760-773	ſchwefelſaure	_	_	_	
4-54	774-782	Thonerde	_	_	_	
4-55	783-786	und	_	_	_	
4-56	787-790	wie	_	_	_	
4-57	791-794	der	_	_	_	
4-58	795-800	Alaun	_	_	_	
4-59	800-801	.	_	_	_	

#Text=Sie
#Text=haben aber bisher die nötige Beachtung noch nicht gefunden und es iſt das
#Text=unbeſtrittene Verdienſt Köchlins, ſowie Liechtis und Suida’s, auf dieſe
#Text=eigentümlichen Verbindungen und ihre für die Textilinduſtrie ſehr wertvollen
#Text=Eigenſchaften aufmerkſam gemacht zu haben.
#Text=
#Text=
#Text=20.
5-1	802-805	Sie	_	_	_	
5-2	806-811	haben	_	_	_	
5-3	812-816	aber	_	_	_	
5-4	817-823	bisher	_	_	_	
5-5	824-827	die	_	_	_	
5-6	828-834	nötige	_	_	_	
5-7	835-844	Beachtung	_	_	_	
5-8	845-849	noch	_	_	_	
5-9	850-855	nicht	_	_	_	
5-10	856-864	gefunden	_	_	_	
5-11	865-868	und	_	_	_	
5-12	869-871	es	_	_	_	
5-13	872-875	iſt	_	_	_	
5-14	876-879	das	_	_	_	
5-15	880-893	unbeſtrittene	_	_	_	
5-16	894-903	Verdienſt	_	_	_	
5-17	904-912	Köchlins	_	_	_	
5-18	912-913	,	_	_	_	
5-19	914-919	ſowie	_	_	_	
5-20	920-928	Liechtis	_	_	_	
5-21	929-932	und	_	_	_	
5-22	933-938	Suida	_	_	_	
5-23	938-939	’	_	_	_	
5-24	939-940	s	_	_	_	
5-25	940-941	,	_	_	_	
5-26	942-945	auf	_	_	_	
5-27	946-951	dieſe	_	_	_	
5-28	952-966	eigentümlichen	_	_	_	
5-29	967-979	Verbindungen	_	_	_	
5-30	980-983	und	_	_	_	
5-31	984-988	ihre	_	_	_	
5-32	989-992	für	_	_	_	
5-33	993-996	die	_	_	_	
5-34	997-1012	Textilinduſtrie	_	_	_	
5-35	1013-1017	ſehr	_	_	_	
5-36	1018-1028	wertvollen	_	_	_	
5-37	1029-1042	Eigenſchaften	_	_	_	
5-38	1043-1053	aufmerkſam	_	_	_	
5-39	1054-1061	gemacht	_	_	_	
5-40	1062-1064	zu	_	_	_	
5-41	1065-1070	haben	_	_	_	
5-42	1070-1071	.	_	_	_	
5-43	1074-1076	20	_	_	_	
5-44	1076-1077	.	_	_	_	

#Text=Holzſaure Thonerde, ordinäre Rotbeize, iſt ein ſehr un-
#Text=reines Aluminiumſulfacetat, zu welchem an Stelle von Eſſigſäure rohe Holz-
#Text=ſäure oder holzſaurer Kalk oder holzſaures Blei verwendet worden iſt.
6-1	1078-1087	Holzſaure	_	_	_	
6-2	1088-1096	Thonerde	_	_	_	
6-3	1096-1097	,	_	_	_	
6-4	1098-1106	ordinäre	_	_	_	
6-5	1107-1115	Rotbeize	_	_	_	
6-6	1115-1116	,	_	_	_	
6-7	1117-1120	iſt	_	_	_	
6-8	1121-1124	ein	_	_	_	
6-9	1125-1129	ſehr	_	_	_	
6-10	1130-1132	un	_	_	_	
6-11	1132-1133	-	_	_	_	
6-12	1134-1140	reines	_	_	_	
6-13	1141-1160	Aluminiumſulfacetat	_	_	_	
6-14	1160-1161	,	_	_	_	
6-15	1162-1164	zu	_	_	_	
6-16	1165-1172	welchem	_	_	_	
6-17	1173-1175	an	_	_	_	
6-18	1176-1182	Stelle	_	_	_	
6-19	1183-1186	von	_	_	_	
6-20	1187-1197	Eſſigſäure	_	_	_	
6-21	1198-1202	rohe	_	_	_	
6-22	1203-1207	Holz	_	_	_	
6-23	1207-1208	-	_	_	_	
6-24	1209-1214	ſäure	_	_	_	
6-25	1215-1219	oder	_	_	_	
6-26	1220-1230	holzſaurer	_	_	_	
6-27	1231-1235	Kalk	_	_	_	
6-28	1236-1240	oder	_	_	_	
6-29	1241-1251	holzſaures	_	_	_	
6-30	1252-1256	Blei	_	_	_	
6-31	1257-1266	verwendet	_	_	_	
6-32	1267-1273	worden	_	_	_	
6-33	1274-1277	iſt	_	_	_	
6-34	1277-1278	.	_	_	_	

#Text=Es
#Text=
#Text=iſt eine gelbe bis braune, empyreumatiſch riechende Flüſſigkeit von 12 bis
#Text=15° Bé.
#Text=— Anwendung:
#Text=Als Baumwollbeize für ordinäres Rot, Braun,
#Text=Oliv ꝛc.
7-1	1279-1281	Es	Smell\_Source	_	_	
7-2	1283-1286	iſt	_	_	_	
7-3	1287-1291	eine	_	_	_	
7-4	1292-1297	gelbe	_	_	_	
7-5	1298-1301	bis	_	_	_	
7-6	1302-1308	braune	_	_	_	
7-7	1308-1309	,	_	_	_	
7-8	1310-1324	empyreumatiſch	Quality	_	_	
7-9	1325-1334	riechende	Smell\_Word	*|*|*	7-10|7-8|7-1	
7-10	1335-1346	Flüſſigkeit	Smell\_Source	Anaphoric	7-1	
7-11	1347-1350	von	_	_	_	
7-12	1351-1353	12	_	_	_	
7-13	1354-1357	bis	_	_	_	
7-14	1358-1360	15	_	_	_	
7-15	1360-1361	°	_	_	_	
7-16	1362-1364	Bé	_	_	_	
7-17	1364-1365	.	_	_	_	
7-18	1366-1367	—	_	_	_	
7-19	1368-1377	Anwendung	_	_	_	
7-20	1377-1378	:	_	_	_	
7-21	1379-1382	Als	_	_	_	
7-22	1383-1396	Baumwollbeize	_	_	_	
7-23	1397-1400	für	_	_	_	
7-24	1401-1410	ordinäres	_	_	_	
7-25	1411-1414	Rot	_	_	_	
7-26	1414-1415	,	_	_	_	
7-27	1416-1421	Braun	_	_	_	
7-28	1421-1422	,	_	_	_	
7-29	1423-1427	Oliv	_	_	_	
7-30	1428-1430	ꝛc	_	_	_	
7-31	1430-1431	.	_	_	_	

#Text=Heutzutage, wo wir ohne ſonderliche Mehrkoſten ein weit reineres
#Text=Präparat erhalten können, ſollte dieſes nichts weniger als ſaubere Präparat
#Text=
#Text=mit Recht verlaſſen werden.
#Text=
#Text=
#Text=21.
8-1	1432-1442	Heutzutage	_	_	_	
8-2	1442-1443	,	_	_	_	
8-3	1444-1446	wo	_	_	_	
8-4	1447-1450	wir	_	_	_	
8-5	1451-1455	ohne	_	_	_	
8-6	1456-1467	ſonderliche	_	_	_	
8-7	1468-1478	Mehrkoſten	_	_	_	
8-8	1479-1482	ein	_	_	_	
8-9	1483-1487	weit	_	_	_	
8-10	1488-1496	reineres	_	_	_	
8-11	1497-1505	Präparat	_	_	_	
8-12	1506-1514	erhalten	_	_	_	
8-13	1515-1521	können	_	_	_	
8-14	1521-1522	,	_	_	_	
8-15	1523-1529	ſollte	_	_	_	
8-16	1530-1536	dieſes	_	_	_	
8-17	1537-1543	nichts	_	_	_	
8-18	1544-1551	weniger	_	_	_	
8-19	1552-1555	als	_	_	_	
8-20	1556-1563	ſaubere	_	_	_	
8-21	1564-1572	Präparat	_	_	_	
8-22	1574-1577	mit	_	_	_	
8-23	1578-1583	Recht	_	_	_	
8-24	1584-1593	verlaſſen	_	_	_	
8-25	1594-1600	werden	_	_	_	
8-26	1600-1601	.	_	_	_	
8-27	1604-1606	21	_	_	_	
8-28	1606-1607	.	_	_	_	

#Text=Weinſaure Thonerde, Aluminiumtartrat, wird erhalten
#Text=
#Text=durch Löſen von Thonerdehydrat in einer ſtarken Weinſäurelöſung.
9-1	1608-1617	Weinſaure	_	_	_	
9-2	1618-1626	Thonerde	_	_	_	
9-3	1626-1627	,	_	_	_	
9-4	1628-1644	Aluminiumtartrat	_	_	_	
9-5	1644-1645	,	_	_	_	
9-6	1646-1650	wird	_	_	_	
9-7	1651-1659	erhalten	_	_	_	
9-8	1661-1666	durch	_	_	_	
9-9	1667-1672	Löſen	_	_	_	
9-10	1673-1676	von	_	_	_	
9-11	1677-1691	Thonerdehydrat	_	_	_	
9-12	1692-1694	in	_	_	_	
9-13	1695-1700	einer	_	_	_	
9-14	1701-1708	ſtarken	_	_	_	
9-15	1709-1724	Weinſäurelöſung	_	_	_	
9-16	1724-1725	.	_	_	_	

#Text=Ob dieſe
#Text=Verbindung ſich auch in jenen Fällen bildet, wo man im Sude Weinſtein
#Text=neben Alaun verwendet, iſt experimentell noch nicht bewieſen.
#Text=— Anwendung:
10-1	1726-1728	Ob	_	_	_	
10-2	1729-1734	dieſe	_	_	_	
10-3	1735-1745	Verbindung	_	_	_	
10-4	1746-1750	ſich	_	_	_	
10-5	1751-1755	auch	_	_	_	
10-6	1756-1758	in	_	_	_	
10-7	1759-1764	jenen	_	_	_	
10-8	1765-1771	Fällen	_	_	_	
10-9	1772-1778	bildet	_	_	_	
10-10	1778-1779	,	_	_	_	
10-11	1780-1782	wo	_	_	_	
10-12	1783-1786	man	_	_	_	
10-13	1787-1789	im	_	_	_	
10-14	1790-1794	Sude	_	_	_	
10-15	1795-1804	Weinſtein	_	_	_	
10-16	1805-1810	neben	_	_	_	
10-17	1811-1816	Alaun	_	_	_	
10-18	1817-1826	verwendet	_	_	_	
10-19	1826-1827	,	_	_	_	
10-20	1828-1831	iſt	_	_	_	
10-21	1832-1845	experimentell	_	_	_	
10-22	1846-1850	noch	_	_	_	
10-23	1851-1856	nicht	_	_	_	
10-24	1857-1865	bewieſen	_	_	_	
10-25	1865-1866	.	_	_	_	
10-26	1867-1868	—	_	_	_	
10-27	1869-1878	Anwendung	_	_	_	
10-28	1878-1879	:	_	_	_	
