#FORMAT=WebAnno TSV 3.3


#Text=30 Tolletque sacerdos de sanguine in digito suo : et tangens cornua altaris holocausti, reliquum fundet ad basim ejus.
#Text=31 Omnem autem adipem auferens, sicut auferri solet de victimis pacificorum, adolebit super altare in odorem suavitatis Domino : rogabitque pro eo, et dimittetur ei.
#Text=32 Sin autem de pecoribus obtulerit victimam pro peccato, ovem scilicet immaculatam : 33 ponet manum super caput ejus, et immolabit eam in loco ubi solent cædi holocaustorum hostiæ.
#Text=34 Sumetque sacerdos de sanguine ejus digito suo, et tangens cornua altaris holocausti, reliquum fundet ad basim ejus.
#Text=35 Omnem quoque adipem auferens, sicut auferri solet adeps arietis, qui immolatur pro pacificis, cremabit super altare in incensum Domini : rogabitque pro eo, et pro peccato ejus, et dimittetur ei.
1-1	2-4	30	
1-2	5-14	Tolletque	
1-3	15-23	sacerdos	
1-4	24-26	de	
1-5	27-35	sanguine	
1-6	36-38	in	
1-7	39-45	digito	
1-8	46-49	suo	
1-9	50-51	:	
1-10	52-54	et	
1-11	55-62	tangens	
1-12	63-69	cornua	
1-13	70-77	altaris	
1-14	78-88	holocausti	
1-15	88-89	,	
1-16	90-98	reliquum	
1-17	99-105	fundet	
1-18	106-108	ad	
1-19	109-114	basim	
1-20	115-119	ejus	
1-21	119-120	.	
1-22	121-123	31	
1-23	124-129	Omnem	
1-24	130-135	autem	
1-25	136-142	adipem	
1-26	143-151	auferens	
1-27	151-152	,	
1-28	153-158	sicut	
1-29	159-166	auferri	
1-30	167-172	solet	
1-31	173-175	de	
1-32	176-184	victimis	
1-33	185-196	pacificorum	
1-34	196-197	,	
1-35	198-206	adolebit	
1-36	207-212	super	
1-37	213-219	altare	
1-38	220-222	in	
1-39	223-229	odorem	
1-40	230-240	suavitatis	
1-41	241-247	Domino	
1-42	248-249	:	
1-43	250-260	rogabitque	
1-44	261-264	pro	
1-45	265-267	eo	
1-46	267-268	,	
1-47	269-271	et	
1-48	272-282	dimittetur	
1-49	283-285	ei	
1-50	285-286	.	
1-51	287-289	32	
1-52	290-293	Sin	
1-53	294-299	autem	
1-54	300-302	de	
1-55	303-312	pecoribus	
1-56	313-322	obtulerit	
1-57	323-331	victimam	
1-58	332-335	pro	
1-59	336-343	peccato	
1-60	343-344	,	
1-61	345-349	ovem	
1-62	350-358	scilicet	
1-63	359-370	immaculatam	
1-64	371-372	:	
1-65	373-375	33	
1-66	376-381	ponet	
1-67	382-387	manum	
1-68	388-393	super	
1-69	394-399	caput	
1-70	400-404	ejus	
1-71	404-405	,	
1-72	406-408	et	
1-73	409-418	immolabit	
1-74	419-422	eam	
1-75	423-425	in	
1-76	426-430	loco	
1-77	431-434	ubi	
1-78	435-441	solent	
1-79	442-446	cædi	
1-80	447-460	holocaustorum	
1-81	461-467	hostiæ	
1-82	467-468	.	
1-83	469-471	34	
1-84	472-480	Sumetque	
1-85	481-489	sacerdos	
1-86	490-492	de	
1-87	493-501	sanguine	
1-88	502-506	ejus	
1-89	507-513	digito	
1-90	514-517	suo	
1-91	517-518	,	
1-92	519-521	et	
1-93	522-529	tangens	
1-94	530-536	cornua	
1-95	537-544	altaris	
1-96	545-555	holocausti	
1-97	555-556	,	
1-98	557-565	reliquum	
1-99	566-572	fundet	
1-100	573-575	ad	
1-101	576-581	basim	
1-102	582-586	ejus	
1-103	586-587	.	
1-104	588-590	35	
1-105	591-596	Omnem	
1-106	597-603	quoque	
1-107	604-610	adipem	
1-108	611-619	auferens	
1-109	619-620	,	
1-110	621-626	sicut	
1-111	627-634	auferri	
1-112	635-640	solet	
1-113	641-646	adeps	
1-114	647-654	arietis	
1-115	654-655	,	
1-116	656-659	qui	
1-117	660-669	immolatur	
1-118	670-673	pro	
1-119	674-683	pacificis	
1-120	683-684	,	
1-121	685-693	cremabit	
1-122	694-699	super	
1-123	700-706	altare	
1-124	707-709	in	
1-125	710-718	incensum	
1-126	719-725	Domini	
1-127	726-727	:	
1-128	728-738	rogabitque	
1-129	739-742	pro	
1-130	743-745	eo	
1-131	745-746	,	
1-132	747-749	et	
1-133	750-753	pro	
1-134	754-761	peccato	
1-135	762-766	ejus	
1-136	766-767	,	
1-137	768-770	et	
1-138	771-781	dimittetur	
1-139	782-784	ei	
1-140	784-785	.	

#Text=Caput 5
#Text=
#Text=
#Text=1 Si peccaverit anima, et audierit vocem jurantis, testisque fuerit quod aut ipse vidit, aut conscius est : nisi indicaverit, portabit iniquitatem suam.
#Text=2 Anima quæ tetigerit aliquid immundum, sive quod occisum a bestia est, aut per se mortuum, aut quodlibet aliud reptile : et oblita fuerit immunditiæ suæ, rea est, et deliquit : 3 et si tetigerit quidquam de immunditia hominis juxta omnem impuritatem, qua pollui solet, oblitaque cognoverit postea, subjacebit delicto.
#Text=4 Anima, quæ juraverit, et protulerit labiis suis, ut vel male quid faceret, vel bene, et idipsum juramento et sermone firmaverit, oblitaque postea intellexerit delictum suum, 5 agat pœnitentiam pro peccato, 6 et offerat de gregibus agnam sive capram, orabitque pro ea sacerdos et pro peccato ejus.
#Text=7 Sin autem non potuerit offerre pecus, offerat duos turtures, vel duos pullos columbarum Domino, unum pro peccato, et alterum in holocaustum, 8 dabitque eos sacerdoti : qui primum offerens pro peccato, retorquebit caput ejus ad pennulas, ita ut collo hæreat, et non penitus abrumpatur.
#Text=9 Et asperget de sanguine ejus parietem altaris ; quidquid autem reliquum fuerit, faciet distillare ad fundamentum ejus, quia pro peccato est.
#Text=10 Alterum vero adolebit in holocaustum, ut fieri solet : rogabitque pro eo sacerdos et pro peccato ejus, et dimittetur ei.
#Text=11 Quod si non quiverit manus ejus duos offerre turtures, aut duos pullos columbarum, offeret pro peccato suo similæ partem ephi decimam : non mittet in eam oleum, nec thuris aliquid imponet, quia pro peccato est.
#Text=12 Tradetque eam sacerdoti : qui plenum ex ea pugillum hauriens, cremabit super altare in monimentum ejus qui obtulerit, 13 rogans pro illo et expians : reliquam vero partem ipse habebit in munere.
#Text=14 Locutusque est Dominus ad Moysen, dicens : 15 Anima si prævaricans cæremonias, per errorem, in his quæ Domino sunt sanctificata, peccaverit, offeret pro delicto suo arietem immaculatum de gregibus, qui emi potest duobus siclis, juxta pondus sanctuarii : 16 ipsumque quod intulit damni restituet, et quintam partem ponet supra, tradens sacerdoti, qui rogabit pro eo offerens arietem, et dimittetur ei.
#Text=17 Anima si peccaverit per ignorantiam, feceritque unum ex his quæ Domini lege prohibentur, et peccati rea intellexerit iniquitatem suam, 18 offeret arietem immaculatum de gregibus sacerdoti, juxta mensuram æstimationemque peccati : qui orabit pro eo, quia nesciens fecerit : et dimittetur ei, 19 quia per errorem deliquit in Dominum.
2-1	786-791	Caput	
2-2	792-793	5	
2-3	796-797	1	
2-4	798-800	Si	
2-5	801-811	peccaverit	
2-6	812-817	anima	
2-7	817-818	,	
2-8	819-821	et	
2-9	822-830	audierit	
2-10	831-836	vocem	
2-11	837-845	jurantis	
2-12	845-846	,	
2-13	847-856	testisque	
2-14	857-863	fuerit	
2-15	864-868	quod	
2-16	869-872	aut	
2-17	873-877	ipse	
2-18	878-883	vidit	
2-19	883-884	,	
2-20	885-888	aut	
2-21	889-897	conscius	
2-22	898-901	est	
2-23	902-903	:	
2-24	904-908	nisi	
2-25	909-920	indicaverit	
2-26	920-921	,	
2-27	922-930	portabit	
2-28	931-942	iniquitatem	
2-29	943-947	suam	
2-30	947-948	.	
2-31	949-950	2	
2-32	951-956	Anima	
2-33	957-960	quæ	
2-34	961-970	tetigerit	
2-35	971-978	aliquid	
2-36	979-987	immundum	
2-37	987-988	,	
2-38	989-993	sive	
2-39	994-998	quod	
2-40	999-1006	occisum	
2-41	1007-1008	a	
2-42	1009-1015	bestia	
2-43	1016-1019	est	
2-44	1019-1020	,	
2-45	1021-1024	aut	
2-46	1025-1028	per	
2-47	1029-1031	se	
2-48	1032-1039	mortuum	
2-49	1039-1040	,	
2-50	1041-1044	aut	
2-51	1045-1054	quodlibet	
2-52	1055-1060	aliud	
2-53	1061-1068	reptile	
2-54	1069-1070	:	
2-55	1071-1073	et	
2-56	1074-1080	oblita	
2-57	1081-1087	fuerit	
2-58	1088-1098	immunditiæ	
2-59	1099-1102	suæ	
2-60	1102-1103	,	
2-61	1104-1107	rea	
2-62	1108-1111	est	
2-63	1111-1112	,	
2-64	1113-1115	et	
2-65	1116-1124	deliquit	
2-66	1125-1126	:	
2-67	1127-1128	3	
2-68	1129-1131	et	
2-69	1132-1134	si	
2-70	1135-1144	tetigerit	
2-71	1145-1153	quidquam	
2-72	1154-1156	de	
2-73	1157-1167	immunditia	
2-74	1168-1175	hominis	
2-75	1176-1181	juxta	
2-76	1182-1187	omnem	
2-77	1188-1199	impuritatem	
2-78	1199-1200	,	
2-79	1201-1204	qua	
2-80	1205-1211	pollui	
2-81	1212-1217	solet	
2-82	1217-1218	,	
2-83	1219-1228	oblitaque	
2-84	1229-1239	cognoverit	
2-85	1240-1246	postea	
2-86	1246-1247	,	
2-87	1248-1258	subjacebit	
2-88	1259-1266	delicto	
2-89	1266-1267	.	
2-90	1268-1269	4	
2-91	1270-1275	Anima	
2-92	1275-1276	,	
2-93	1277-1280	quæ	
2-94	1281-1290	juraverit	
2-95	1290-1291	,	
2-96	1292-1294	et	
2-97	1295-1305	protulerit	
2-98	1306-1312	labiis	
2-99	1313-1317	suis	
2-100	1317-1318	,	
2-101	1319-1321	ut	
2-102	1322-1325	vel	
2-103	1326-1330	male	
2-104	1331-1335	quid	
2-105	1336-1343	faceret	
2-106	1343-1344	,	
2-107	1345-1348	vel	
2-108	1349-1353	bene	
2-109	1353-1354	,	
2-110	1355-1357	et	
2-111	1358-1365	idipsum	
2-112	1366-1375	juramento	
2-113	1376-1378	et	
2-114	1379-1386	sermone	
2-115	1387-1397	firmaverit	
2-116	1397-1398	,	
2-117	1399-1408	oblitaque	
2-118	1409-1415	postea	
2-119	1416-1428	intellexerit	
2-120	1429-1437	delictum	
2-121	1438-1442	suum	
2-122	1442-1443	,	
2-123	1444-1445	5	
2-124	1446-1450	agat	
2-125	1451-1462	pœnitentiam	
2-126	1463-1466	pro	
2-127	1467-1474	peccato	
2-128	1474-1475	,	
2-129	1476-1477	6	
2-130	1478-1480	et	
2-131	1481-1488	offerat	
2-132	1489-1491	de	
2-133	1492-1500	gregibus	
2-134	1501-1506	agnam	
2-135	1507-1511	sive	
2-136	1512-1518	capram	
2-137	1518-1519	,	
2-138	1520-1529	orabitque	
2-139	1530-1533	pro	
2-140	1534-1536	ea	
2-141	1537-1545	sacerdos	
2-142	1546-1548	et	
2-143	1549-1552	pro	
2-144	1553-1560	peccato	
2-145	1561-1565	ejus	
2-146	1565-1566	.	
2-147	1567-1568	7	
2-148	1569-1572	Sin	
2-149	1573-1578	autem	
2-150	1579-1582	non	
2-151	1583-1591	potuerit	
2-152	1592-1599	offerre	
2-153	1600-1605	pecus	
2-154	1605-1606	,	
2-155	1607-1614	offerat	
2-156	1615-1619	duos	
2-157	1620-1628	turtures	
2-158	1628-1629	,	
2-159	1630-1633	vel	
2-160	1634-1638	duos	
2-161	1639-1645	pullos	
2-162	1646-1656	columbarum	
2-163	1657-1663	Domino	
2-164	1663-1664	,	
2-165	1665-1669	unum	
2-166	1670-1673	pro	
2-167	1674-1681	peccato	
2-168	1681-1682	,	
2-169	1683-1685	et	
2-170	1686-1693	alterum	
2-171	1694-1696	in	
2-172	1697-1708	holocaustum	
2-173	1708-1709	,	
2-174	1710-1711	8	
2-175	1712-1720	dabitque	
2-176	1721-1724	eos	
2-177	1725-1734	sacerdoti	
2-178	1735-1736	:	
2-179	1737-1740	qui	
2-180	1741-1747	primum	
2-181	1748-1756	offerens	
2-182	1757-1760	pro	
2-183	1761-1768	peccato	
2-184	1768-1769	,	
2-185	1770-1781	retorquebit	
2-186	1782-1787	caput	
2-187	1788-1792	ejus	
2-188	1793-1795	ad	
2-189	1796-1804	pennulas	
2-190	1804-1805	,	
2-191	1806-1809	ita	
2-192	1810-1812	ut	
2-193	1813-1818	collo	
2-194	1819-1825	hæreat	
2-195	1825-1826	,	
2-196	1827-1829	et	
2-197	1830-1833	non	
2-198	1834-1841	penitus	
2-199	1842-1852	abrumpatur	
2-200	1852-1853	.	
2-201	1854-1855	9	
2-202	1856-1858	Et	
2-203	1859-1867	asperget	
2-204	1868-1870	de	
2-205	1871-1879	sanguine	
2-206	1880-1884	ejus	
2-207	1885-1893	parietem	
2-208	1894-1901	altaris	
2-209	1902-1903	;	
2-210	1904-1912	quidquid	
2-211	1913-1918	autem	
2-212	1919-1927	reliquum	
2-213	1928-1934	fuerit	
2-214	1934-1935	,	
2-215	1936-1942	faciet	
2-216	1943-1953	distillare	
2-217	1954-1956	ad	
2-218	1957-1968	fundamentum	
2-219	1969-1973	ejus	
2-220	1973-1974	,	
2-221	1975-1979	quia	
2-222	1980-1983	pro	
2-223	1984-1991	peccato	
2-224	1992-1995	est	
2-225	1995-1996	.	
2-226	1997-1999	10	
2-227	2000-2007	Alterum	
2-228	2008-2012	vero	
2-229	2013-2021	adolebit	
2-230	2022-2024	in	
2-231	2025-2036	holocaustum	
2-232	2036-2037	,	
2-233	2038-2040	ut	
2-234	2041-2046	fieri	
2-235	2047-2052	solet	
2-236	2053-2054	:	
2-237	2055-2065	rogabitque	
2-238	2066-2069	pro	
2-239	2070-2072	eo	
2-240	2073-2081	sacerdos	
2-241	2082-2084	et	
2-242	2085-2088	pro	
2-243	2089-2096	peccato	
2-244	2097-2101	ejus	
2-245	2101-2102	,	
2-246	2103-2105	et	
2-247	2106-2116	dimittetur	
2-248	2117-2119	ei	
2-249	2119-2120	.	
2-250	2121-2123	11	
2-251	2124-2128	Quod	
2-252	2129-2131	si	
2-253	2132-2135	non	
2-254	2136-2144	quiverit	
2-255	2145-2150	manus	
2-256	2151-2155	ejus	
2-257	2156-2160	duos	
2-258	2161-2168	offerre	
2-259	2169-2177	turtures	
2-260	2177-2178	,	
2-261	2179-2182	aut	
2-262	2183-2187	duos	
2-263	2188-2194	pullos	
2-264	2195-2205	columbarum	
2-265	2205-2206	,	
2-266	2207-2214	offeret	
2-267	2215-2218	pro	
2-268	2219-2226	peccato	
2-269	2227-2230	suo	
2-270	2231-2237	similæ	
2-271	2238-2244	partem	
2-272	2245-2249	ephi	
2-273	2250-2257	decimam	
2-274	2258-2259	:	
2-275	2260-2263	non	
2-276	2264-2270	mittet	
2-277	2271-2273	in	
2-278	2274-2277	eam	
2-279	2278-2283	oleum	
2-280	2283-2284	,	
2-281	2285-2288	nec	
2-282	2289-2295	thuris	
2-283	2296-2303	aliquid	
2-284	2304-2311	imponet	
2-285	2311-2312	,	
2-286	2313-2317	quia	
2-287	2318-2321	pro	
2-288	2322-2329	peccato	
2-289	2330-2333	est	
2-290	2333-2334	.	
2-291	2335-2337	12	
2-292	2338-2347	Tradetque	
2-293	2348-2351	eam	
2-294	2352-2361	sacerdoti	
2-295	2362-2363	:	
2-296	2364-2367	qui	
2-297	2368-2374	plenum	
2-298	2375-2377	ex	
2-299	2378-2380	ea	
2-300	2381-2389	pugillum	
2-301	2390-2398	hauriens	
2-302	2398-2399	,	
2-303	2400-2408	cremabit	
2-304	2409-2414	super	
2-305	2415-2421	altare	
2-306	2422-2424	in	
2-307	2425-2435	monimentum	
2-308	2436-2440	ejus	
2-309	2441-2444	qui	
2-310	2445-2454	obtulerit	
2-311	2454-2455	,	
2-312	2456-2458	13	
2-313	2459-2465	rogans	
2-314	2466-2469	pro	
2-315	2470-2474	illo	
2-316	2475-2477	et	
2-317	2478-2485	expians	
2-318	2486-2487	:	
2-319	2488-2496	reliquam	
2-320	2497-2501	vero	
2-321	2502-2508	partem	
2-322	2509-2513	ipse	
2-323	2514-2521	habebit	
2-324	2522-2524	in	
2-325	2525-2531	munere	
2-326	2531-2532	.	
2-327	2533-2535	14	
2-328	2536-2546	Locutusque	
2-329	2547-2550	est	
2-330	2551-2558	Dominus	
2-331	2559-2561	ad	
2-332	2562-2568	Moysen	
2-333	2568-2569	,	
2-334	2570-2576	dicens	
2-335	2577-2578	:	
2-336	2579-2581	15	
2-337	2582-2587	Anima	
2-338	2588-2590	si	
2-339	2591-2602	prævaricans	
2-340	2603-2613	cæremonias	
2-341	2613-2614	,	
2-342	2615-2618	per	
2-343	2619-2626	errorem	
2-344	2626-2627	,	
2-345	2628-2630	in	
2-346	2631-2634	his	
2-347	2635-2638	quæ	
2-348	2639-2645	Domino	
2-349	2646-2650	sunt	
2-350	2651-2663	sanctificata	
2-351	2663-2664	,	
2-352	2665-2675	peccaverit	
2-353	2675-2676	,	
2-354	2677-2684	offeret	
2-355	2685-2688	pro	
2-356	2689-2696	delicto	
2-357	2697-2700	suo	
2-358	2701-2708	arietem	
2-359	2709-2720	immaculatum	
2-360	2721-2723	de	
2-361	2724-2732	gregibus	
2-362	2732-2733	,	
2-363	2734-2737	qui	
2-364	2738-2741	emi	
2-365	2742-2748	potest	
2-366	2749-2755	duobus	
2-367	2756-2762	siclis	
2-368	2762-2763	,	
2-369	2764-2769	juxta	
2-370	2770-2776	pondus	
2-371	2777-2787	sanctuarii	
2-372	2788-2789	:	
2-373	2790-2792	16	
2-374	2793-2801	ipsumque	
2-375	2802-2806	quod	
2-376	2807-2814	intulit	
2-377	2815-2820	damni	
2-378	2821-2830	restituet	
2-379	2830-2831	,	
2-380	2832-2834	et	
2-381	2835-2842	quintam	
2-382	2843-2849	partem	
2-383	2850-2855	ponet	
2-384	2856-2861	supra	
2-385	2861-2862	,	
2-386	2863-2870	tradens	
2-387	2871-2880	sacerdoti	
2-388	2880-2881	,	
2-389	2882-2885	qui	
2-390	2886-2893	rogabit	
2-391	2894-2897	pro	
2-392	2898-2900	eo	
2-393	2901-2909	offerens	
2-394	2910-2917	arietem	
2-395	2917-2918	,	
2-396	2919-2921	et	
2-397	2922-2932	dimittetur	
2-398	2933-2935	ei	
2-399	2935-2936	.	
2-400	2937-2939	17	
2-401	2940-2945	Anima	
2-402	2946-2948	si	
2-403	2949-2959	peccaverit	
2-404	2960-2963	per	
2-405	2964-2975	ignorantiam	
2-406	2975-2976	,	
2-407	2977-2987	feceritque	
2-408	2988-2992	unum	
2-409	2993-2995	ex	
2-410	2996-2999	his	
2-411	3000-3003	quæ	
2-412	3004-3010	Domini	
2-413	3011-3015	lege	
2-414	3016-3027	prohibentur	
2-415	3027-3028	,	
2-416	3029-3031	et	
2-417	3032-3039	peccati	
2-418	3040-3043	rea	
2-419	3044-3056	intellexerit	
2-420	3057-3068	iniquitatem	
2-421	3069-3073	suam	
2-422	3073-3074	,	
2-423	3075-3077	18	
2-424	3078-3085	offeret	
2-425	3086-3093	arietem	
2-426	3094-3105	immaculatum	
2-427	3106-3108	de	
2-428	3109-3117	gregibus	
2-429	3118-3127	sacerdoti	
2-430	3127-3128	,	
2-431	3129-3134	juxta	
2-432	3135-3143	mensuram	
2-433	3144-3159	æstimationemque	
2-434	3160-3167	peccati	
2-435	3168-3169	:	
2-436	3170-3173	qui	
2-437	3174-3180	orabit	
2-438	3181-3184	pro	
2-439	3185-3187	eo	
2-440	3187-3188	,	
2-441	3189-3193	quia	
2-442	3194-3202	nesciens	
2-443	3203-3210	fecerit	
2-444	3211-3212	:	
2-445	3213-3215	et	
2-446	3216-3226	dimittetur	
2-447	3227-3229	ei	
2-448	3229-3230	,	
2-449	3231-3233	19	
2-450	3234-3238	quia	
2-451	3239-3242	per	
2-452	3243-3250	errorem	
2-453	3251-3259	deliquit	
2-454	3260-3262	in	
2-455	3263-3270	Dominum	
2-456	3270-3271	.	

#Text=Caput 6
#Text=
#Text=
#Text=1 Locutus est Dominus ad Moysen, dicens : 2 Anima quæ peccaverit, et contempto Domino, negaverit proximo suo depositum quod fidei ejus creditum fuerat, vel vi aliquid extorserit, aut calumniam fecerit, 3 sive rem perditam invenerit, et inficians insuper pejeraverit, et quodlibet aliud ex pluribus fecerit, in quibus solent peccare homines, 4 convicta delicti, 5 reddet omnia, quæ per fraudem voluit obtinere, integra, et quintam insuper partem domino cui damnum intulerat.
#Text=6 Pro peccato autem suo offeret arietem immaculatum de grege, et dabit eum sacerdoti, juxta æstimationem mensuramque delicti : 7 qui rogabit pro eo coram Domino, et dimittetur illi pro singulis quæ faciendo peccavit.
#Text=8 Locutusque est Dominus ad Moysen, dicens : 9 Præcipe Aaron et filiis ejus : Hæc est lex holocausti : cremabitur in altari tota nocte usque mane : ignis ex eodem altari erit.
#Text=10 Vestietur tunica sacerdos et feminalibus lineis : tolletque cineres, quos vorans ignis exussit, et ponens juxta altare, 11 spoliabitur prioribus vestimentis, indutusque aliis, efferret eos extra castra, et in loco mundissimo usque ad favillam consumi faciet.
#Text=12 Ignis autem in altari semper ardebit, quem nutriet sacerdos subjiciens ligna mane per singulos dies, et imposito holocausto, desuper adolebit adipes pacificorum.
3-1	3272-3277	Caput	
3-2	3278-3279	6	
3-3	3282-3283	1	
3-4	3284-3291	Locutus	
3-5	3292-3295	est	
3-6	3296-3303	Dominus	
3-7	3304-3306	ad	
3-8	3307-3313	Moysen	
3-9	3313-3314	,	
3-10	3315-3321	dicens	
3-11	3322-3323	:	
3-12	3324-3325	2	
3-13	3326-3331	Anima	
3-14	3332-3335	quæ	
3-15	3336-3346	peccaverit	
3-16	3346-3347	,	
3-17	3348-3350	et	
3-18	3351-3360	contempto	
3-19	3361-3367	Domino	
3-20	3367-3368	,	
3-21	3369-3378	negaverit	
3-22	3379-3386	proximo	
3-23	3387-3390	suo	
3-24	3391-3400	depositum	
3-25	3401-3405	quod	
3-26	3406-3411	fidei	
3-27	3412-3416	ejus	
3-28	3417-3425	creditum	
3-29	3426-3432	fuerat	
3-30	3432-3433	,	
3-31	3434-3437	vel	
3-32	3438-3440	vi	
3-33	3441-3448	aliquid	
3-34	3449-3459	extorserit	
3-35	3459-3460	,	
3-36	3461-3464	aut	
3-37	3465-3474	calumniam	
3-38	3475-3482	fecerit	
3-39	3482-3483	,	
3-40	3484-3485	3	
3-41	3486-3490	sive	
3-42	3491-3494	rem	
3-43	3495-3503	perditam	
3-44	3504-3513	invenerit	
3-45	3513-3514	,	
3-46	3515-3517	et	
3-47	3518-3527	inficians	
3-48	3528-3535	insuper	
3-49	3536-3547	pejeraverit	
3-50	3547-3548	,	
3-51	3549-3551	et	
3-52	3552-3561	quodlibet	
3-53	3562-3567	aliud	
3-54	3568-3570	ex	
3-55	3571-3579	pluribus	
3-56	3580-3587	fecerit	
3-57	3587-3588	,	
3-58	3589-3591	in	
3-59	3592-3598	quibus	
3-60	3599-3605	solent	
3-61	3606-3613	peccare	
3-62	3614-3621	homines	
3-63	3621-3622	,	
3-64	3623-3624	4	
3-65	3625-3633	convicta	
3-66	3634-3641	delicti	
3-67	3641-3642	,	
3-68	3643-3644	5	
3-69	3645-3651	reddet	
3-70	3652-3657	omnia	
3-71	3657-3658	,	
3-72	3659-3662	quæ	
3-73	3663-3666	per	
3-74	3667-3674	fraudem	
3-75	3675-3681	voluit	
3-76	3682-3690	obtinere	
3-77	3690-3691	,	
3-78	3692-3699	integra	
3-79	3699-3700	,	
3-80	3701-3703	et	
3-81	3704-3711	quintam	
3-82	3712-3719	insuper	
3-83	3720-3726	partem	
3-84	3727-3733	domino	
3-85	3734-3737	cui	
3-86	3738-3744	damnum	
3-87	3745-3754	intulerat	
3-88	3754-3755	.	
3-89	3756-3757	6	
3-90	3758-3761	Pro	
3-91	3762-3769	peccato	
3-92	3770-3775	autem	
3-93	3776-3779	suo	
3-94	3780-3787	offeret	
3-95	3788-3795	arietem	
3-96	3796-3807	immaculatum	
3-97	3808-3810	de	
3-98	3811-3816	grege	
3-99	3816-3817	,	
3-100	3818-3820	et	
3-101	3821-3826	dabit	
3-102	3827-3830	eum	
3-103	3831-3840	sacerdoti	
3-104	3840-3841	,	
3-105	3842-3847	juxta	
3-106	3848-3860	æstimationem	
3-107	3861-3872	mensuramque	
3-108	3873-3880	delicti	
3-109	3881-3882	:	
3-110	3883-3884	7	
3-111	3885-3888	qui	
3-112	3889-3896	rogabit	
3-113	3897-3900	pro	
3-114	3901-3903	eo	
3-115	3904-3909	coram	
3-116	3910-3916	Domino	
3-117	3916-3917	,	
3-118	3918-3920	et	
3-119	3921-3931	dimittetur	
3-120	3932-3936	illi	
3-121	3937-3940	pro	
3-122	3941-3949	singulis	
3-123	3950-3953	quæ	
3-124	3954-3962	faciendo	
3-125	3963-3971	peccavit	
3-126	3971-3972	.	
3-127	3973-3974	8	
3-128	3975-3985	Locutusque	
3-129	3986-3989	est	
3-130	3990-3997	Dominus	
3-131	3998-4000	ad	
3-132	4001-4007	Moysen	
3-133	4007-4008	,	
3-134	4009-4015	dicens	
3-135	4016-4017	:	
3-136	4018-4019	9	
3-137	4020-4027	Præcipe	
3-138	4028-4033	Aaron	
3-139	4034-4036	et	
3-140	4037-4043	filiis	
3-141	4044-4048	ejus	
3-142	4049-4050	:	
3-143	4051-4054	Hæc	
3-144	4055-4058	est	
3-145	4059-4062	lex	
3-146	4063-4073	holocausti	
3-147	4074-4075	:	
3-148	4076-4086	cremabitur	
3-149	4087-4089	in	
3-150	4090-4096	altari	
3-151	4097-4101	tota	
3-152	4102-4107	nocte	
3-153	4108-4113	usque	
3-154	4114-4118	mane	
3-155	4119-4120	:	
3-156	4121-4126	ignis	
3-157	4127-4129	ex	
3-158	4130-4135	eodem	
3-159	4136-4142	altari	
3-160	4143-4147	erit	
3-161	4147-4148	.	
3-162	4149-4151	10	
3-163	4152-4161	Vestietur	
3-164	4162-4168	tunica	
3-165	4169-4177	sacerdos	
3-166	4178-4180	et	
3-167	4181-4192	feminalibus	
3-168	4193-4199	lineis	
3-169	4200-4201	:	
3-170	4202-4211	tolletque	
3-171	4212-4219	cineres	
3-172	4219-4220	,	
3-173	4221-4225	quos	
3-174	4226-4232	vorans	
3-175	4233-4238	ignis	
3-176	4239-4246	exussit	
3-177	4246-4247	,	
3-178	4248-4250	et	
3-179	4251-4257	ponens	
3-180	4258-4263	juxta	
3-181	4264-4270	altare	
3-182	4270-4271	,	
3-183	4272-4274	11	
3-184	4275-4286	spoliabitur	
3-185	4287-4296	prioribus	
3-186	4297-4308	vestimentis	
3-187	4308-4309	,	
3-188	4310-4320	indutusque	
3-189	4321-4326	aliis	
3-190	4326-4327	,	
3-191	4328-4336	efferret	
3-192	4337-4340	eos	
3-193	4341-4346	extra	
3-194	4347-4353	castra	
3-195	4353-4354	,	
3-196	4355-4357	et	
3-197	4358-4360	in	
3-198	4361-4365	loco	
3-199	4366-4376	mundissimo	
3-200	4377-4382	usque	
3-201	4383-4385	ad	
3-202	4386-4394	favillam	
3-203	4395-4402	consumi	
3-204	4403-4409	faciet	
3-205	4409-4410	.	
3-206	4411-4413	12	
3-207	4414-4419	Ignis	
3-208	4420-4425	autem	
3-209	4426-4428	in	
3-210	4429-4435	altari	
3-211	4436-4442	semper	
3-212	4443-4450	ardebit	
3-213	4450-4451	,	
3-214	4452-4456	quem	
3-215	4457-4464	nutriet	
3-216	4465-4473	sacerdos	
3-217	4474-4484	subjiciens	
3-218	4485-4490	ligna	
3-219	4491-4495	mane	
3-220	4496-4499	per	
3-221	4500-4508	singulos	
3-222	4509-4513	dies	
3-223	4513-4514	,	
3-224	4515-4517	et	
3-225	4518-4526	imposito	
3-226	4527-4537	holocausto	
3-227	4537-4538	,	
3-228	4539-4546	desuper	
3-229	4547-4555	adolebit	
3-230	4556-4562	adipes	
3-231	4563-4574	pacificorum	
3-232	4574-4575	.	
