#FORMAT=WebAnno TSV 3.3
#T_SP=custom.Span|label
#T_RL=custom.Relation|label|BT_custom.Span


#Text=daß es davon blitzet.
1-1	2-5	daß	_	_	_	
1-2	6-8	es	_	_	_	
1-3	9-14	davon	_	_	_	
1-4	15-22	blitzet	_	_	_	
1-5	22-23	.	_	_	_	

#Text=Hieron.
#Text=ad
#Text=Matth.
#Text=24.
#Text=
#Text=28.
2-1	26-32	Hieron	_	_	_	
2-2	32-33	.	_	_	_	
2-3	34-36	ad	_	_	_	
2-4	37-42	Matth	_	_	_	
2-5	42-43	.	_	_	_	
2-6	44-46	24	_	_	_	
2-7	46-47	.	_	_	_	
2-8	49-51	28	_	_	_	
2-9	51-52	.	_	_	_	

#Text=Deut.
#Text=29,
#Text=20.
3-1	53-57	Deut	_	_	_	
3-2	57-58	.	_	_	_	
3-3	59-61	29	_	_	_	
3-4	61-62	,	_	_	_	
3-5	63-65	20	_	_	_	
3-6	65-66	.	_	_	_	

#Text=Eſa 30, 27,
#Text=Pſal.
#Text=18. 9.
4-1	68-71	Eſa	_	_	_	
4-2	72-74	30	_	_	_	
4-3	74-75	,	_	_	_	
4-4	76-78	27	_	_	_	
4-5	78-79	,	_	_	_	
4-6	80-84	Pſal	_	_	_	
4-7	84-85	.	_	_	_	
4-8	86-88	18	_	_	_	
4-9	88-89	.	_	_	_	
4-10	90-91	9	_	_	_	
4-11	91-92	.	_	_	_	

#Text=Jn welchen letzteren Worten er zwar abmahlet die meteoriſchen Vr-
#Text=ſachen deß
#Text=Donners vnd deß blitzes/
#Text=welche auß dem dampff entſpringen/ ſo
#Text=in die hoͤhe gezogen in das mittel theil der Lufft/ per ἀντιπεϱίςασιν generirt
#Text=vnd zu Donnerkeylen/
#Text=Fewer vnd Hagel werden/ brechen mit macht auß
#Text=wie in einer Buͤchs/ wie der Stein generirt wird in dem Menſchen/
#Text=das
#Text=
#Text=ſagt
#Text=
#Text=\f
#Text=[815/0299
#Text=]
#Text=
#Text=Predigt.
5-1	94-96	Jn	_	_	_	
5-2	97-104	welchen	_	_	_	
5-3	105-114	letzteren	_	_	_	
5-4	115-121	Worten	_	_	_	
5-5	122-124	er	_	_	_	
5-6	125-129	zwar	_	_	_	
5-7	130-138	abmahlet	_	_	_	
5-8	139-142	die	_	_	_	
5-9	143-155	meteoriſchen	_	_	_	
5-10	156-158	Vr	_	_	_	
5-11	158-159	-	_	_	_	
5-12	160-166	ſachen	_	_	_	
5-13	167-170	deß	_	_	_	
5-14	171-178	Donners	_	_	_	
5-15	179-182	vnd	_	_	_	
5-16	183-186	deß	_	_	_	
5-17	187-194	blitzes	_	_	_	
5-18	194-195	/	_	_	_	
5-19	196-202	welche	_	_	_	
5-20	203-206	auß	_	_	_	
5-21	207-210	dem	_	_	_	
5-22	211-217	dampff	_	_	_	
5-23	218-229	entſpringen	_	_	_	
5-24	229-230	/	_	_	_	
5-25	231-233	ſo	_	_	_	
5-26	234-236	in	_	_	_	
5-27	237-240	die	_	_	_	
5-28	241-246	hoͤhe	_	_	_	
5-29	247-254	gezogen	_	_	_	
5-30	255-257	in	_	_	_	
5-31	258-261	das	_	_	_	
5-32	262-268	mittel	_	_	_	
5-33	269-274	theil	_	_	_	
5-34	275-278	der	_	_	_	
5-35	279-284	Lufft	_	_	_	
5-36	284-285	/	_	_	_	
5-37	286-289	per	_	_	_	
5-38	290-303	ἀντιπεϱίςασιν	_	_	_	
5-39	304-312	generirt	_	_	_	
5-40	313-316	vnd	_	_	_	
5-41	317-319	zu	_	_	_	
5-42	320-332	Donnerkeylen	_	_	_	
5-43	332-333	/	_	_	_	
5-44	334-339	Fewer	_	_	_	
5-45	340-343	vnd	_	_	_	
5-46	344-349	Hagel	_	_	_	
5-47	350-356	werden	_	_	_	
5-48	356-357	/	_	_	_	
5-49	358-365	brechen	_	_	_	
5-50	366-369	mit	_	_	_	
5-51	370-375	macht	_	_	_	
5-52	376-379	auß	_	_	_	
5-53	380-383	wie	_	_	_	
5-54	384-386	in	_	_	_	
5-55	387-392	einer	_	_	_	
5-56	393-399	Buͤchs	_	_	_	
5-57	399-400	/	_	_	_	
5-58	401-404	wie	_	_	_	
5-59	405-408	der	_	_	_	
5-60	409-414	Stein	_	_	_	
5-61	415-423	generirt	_	_	_	
5-62	424-428	wird	_	_	_	
5-63	429-431	in	_	_	_	
5-64	432-435	dem	_	_	_	
5-65	436-444	Menſchen	_	_	_	
5-66	444-445	/	_	_	_	
5-67	446-449	das	_	_	_	
5-68	451-455	ſagt	_	_	_	
5-69	459-460	[	_	_	_	
5-70	460-463	815	_	_	_	
5-71	463-464	/	_	_	_	
5-72	464-468	0299	_	_	_	
5-73	469-470	]	_	_	_	
5-74	472-479	Predigt	_	_	_	
5-75	479-480	.	_	_	_	

#Text=ſagt er/ gehe auß von Gottes Naſen/ das iſt vom Himmel herab/ von dem
#Text=Gott/ der da donnert im Himmelꝛ
#Text=Aber gleichwol ſo beſchreibet er vns zu
#Text=gleich ſummi Judicis iram, den fewer-brennenden Zorn deß Hoͤheſten vnd
#Text=vnd ſtrengeſten Richters/ welcher ſonderlich in ſolchen wettern herfuͤr leuch-
#Text=tet.
6-1	484-488	ſagt	_	_	_	
6-2	489-491	er	_	_	_	
6-3	491-492	/	_	_	_	
6-4	493-497	gehe	_	_	_	
6-5	498-501	auß	_	_	_	
6-6	502-505	von	_	_	_	
6-7	506-512	Gottes	_	_	_	
6-8	513-518	Naſen	_	_	_	
6-9	518-519	/	_	_	_	
6-10	520-523	das	_	_	_	
6-11	524-527	iſt	_	_	_	
6-12	528-531	vom	_	_	_	
6-13	532-538	Himmel	_	_	_	
6-14	539-544	herab	_	_	_	
6-15	544-545	/	_	_	_	
6-16	546-549	von	_	_	_	
6-17	550-553	dem	_	_	_	
6-18	554-558	Gott	_	_	_	
6-19	558-559	/	_	_	_	
6-20	560-563	der	_	_	_	
6-21	564-566	da	_	_	_	
6-22	567-574	donnert	_	_	_	
6-23	575-577	im	_	_	_	
6-24	578-585	Himmelꝛ	_	_	_	
6-25	586-590	Aber	_	_	_	
6-26	591-600	gleichwol	_	_	_	
6-27	601-603	ſo	_	_	_	
6-28	604-615	beſchreibet	_	_	_	
6-29	616-618	er	_	_	_	
6-30	619-622	vns	_	_	_	
6-31	623-625	zu	_	_	_	
6-32	626-632	gleich	_	_	_	
6-33	633-638	ſummi	_	_	_	
6-34	639-646	Judicis	_	_	_	
6-35	647-651	iram	_	_	_	
6-36	651-652	,	_	_	_	
6-37	653-656	den	_	_	_	
6-38	657-673	fewer-brennenden	_	_	_	
6-39	674-678	Zorn	_	_	_	
6-40	679-682	deß	_	_	_	
6-41	683-692	Hoͤheſten	_	_	_	
6-42	693-696	vnd	_	_	_	
6-43	697-700	vnd	_	_	_	
6-44	701-712	ſtrengeſten	_	_	_	
6-45	713-721	Richters	_	_	_	
6-46	721-722	/	_	_	_	
6-47	723-730	welcher	_	_	_	
6-48	731-741	ſonderlich	_	_	_	
6-49	742-744	in	_	_	_	
6-50	745-752	ſolchen	_	_	_	
6-51	753-760	wettern	_	_	_	
6-52	761-768	herfuͤr	_	_	_	
6-53	769-774	leuch	_	_	_	
6-54	774-775	-	_	_	_	
6-55	776-779	tet	_	_	_	
6-56	779-780	.	_	_	_	

#Text=Jſt ein Gleichnuͤß genommen nicht nur von Menſchen/ welcher wann
#Text=er zuͤrnet/ ſo wird ſeine Naß alterirt, er ſchnaubet/ es gehet ein dampff
#Text=davon/ ſondern auch von den vnvernuͤnfftigen Thieren/ deren zorn gleicher
#Text=geſtallt beſchrieben wird;
#Text=Das iſt preiß ſeiner Naſen/ was ſchroͤck-
#Text=lich iſt/ das iſt/ wie es Lutherus erklaͤret/
#Text=Er iſt nur deſto trutziger vnd
7-1	781-784	Jſt	_	_	_	
7-2	785-788	ein	_	_	_	
7-3	789-799	Gleichnuͤß	_	_	_	
7-4	800-808	genommen	_	_	_	
7-5	809-814	nicht	_	_	_	
7-6	815-818	nur	_	_	_	
7-7	819-822	von	_	_	_	
7-8	823-831	Menſchen	_	_	_	
7-9	831-832	/	_	_	_	
7-10	833-840	welcher	_	_	_	
7-11	841-845	wann	_	_	_	
7-12	846-848	er	Perceiver	_	_	
7-13	849-856	zuͤrnet	_	_	_	
7-14	856-857	/	_	_	_	
7-15	858-860	ſo	_	_	_	
7-16	861-865	wird	_	_	_	
7-17	866-871	ſeine	_	_	_	
7-18	872-875	Naß	Smell\_Word	*	7-12	
7-19	876-884	alterirt	_	_	_	
7-20	884-885	,	_	_	_	
7-21	886-888	er	Perceiver	_	_	
7-22	889-898	ſchnaubet	_	_	_	
7-23	898-899	/	_	_	_	
7-24	900-902	es	_	_	_	
7-25	903-908	gehet	_	_	_	
7-26	909-912	ein	_	_	_	
7-27	913-919	dampff	_	_	_	
7-28	920-925	davon	_	_	_	
7-29	925-926	/	_	_	_	
7-30	927-934	ſondern	_	_	_	
7-31	935-939	auch	_	_	_	
7-32	940-943	von	_	_	_	
7-33	944-947	den	_	_	_	
7-34	948-964	vnvernuͤnfftigen	_	_	_	
7-35	965-972	Thieren	_	_	_	
7-36	972-973	/	_	_	_	
7-37	974-979	deren	_	_	_	
7-38	980-984	zorn	_	_	_	
7-39	985-993	gleicher	_	_	_	
7-40	994-1002	geſtallt	_	_	_	
7-41	1003-1014	beſchrieben	_	_	_	
7-42	1015-1019	wird	_	_	_	
7-43	1019-1020	;	_	_	_	
7-44	1021-1024	Das	_	_	_	
7-45	1025-1028	iſt	_	_	_	
7-46	1029-1034	preiß	_	_	_	
7-47	1035-1041	ſeiner	_	_	_	
7-48	1042-1047	Naſen	Smell\_Word	*	7-21	
7-49	1047-1048	/	_	_	_	
7-50	1049-1052	was	_	_	_	
7-51	1053-1061	ſchroͤck	_	_	_	
7-52	1061-1062	-	_	_	_	
7-53	1063-1067	lich	_	_	_	
7-54	1068-1071	iſt	_	_	_	
7-55	1071-1072	/	_	_	_	
7-56	1073-1076	das	_	_	_	
7-57	1077-1080	iſt	_	_	_	
7-58	1080-1081	/	_	_	_	
7-59	1082-1085	wie	_	_	_	
7-60	1086-1088	es	_	_	_	
7-61	1089-1097	Lutherus	_	_	_	
7-62	1098-1107	erklaͤret	_	_	_	
7-63	1107-1108	/	_	_	_	
7-64	1109-1111	Er	_	_	_	
7-65	1112-1115	iſt	_	_	_	
7-66	1116-1119	nur	_	_	_	
7-67	1120-1125	deſto	_	_	_	
7-68	1126-1135	trutziger	_	_	_	
7-69	1136-1139	vnd	_	_	_	
