{"_context" : {
    "_types" : {
      "DocumentMetaData" : {
        "_feature_types" : {"sofa" : "_ref" } }, 
      "Relation" : {
        "_feature_types" : {"sofa" : "_ref",  "Dependent" : "_ref",  "Governor" : "_ref" } }, 
      "Sentence" : {
        "_feature_types" : {"sofa" : "_ref" } }, 
      "Sofa" : {
        "_feature_types" : {"sofaArray" : "_ref" } }, 
      "Span" : {
        "_feature_types" : {"sofa" : "_ref" } }, 
      "TagsetDescription" : {
        "_feature_types" : {"sofa" : "_ref",  "tags" : "_ref" } }, 
      "Token" : {
        "_feature_types" : {"sofa" : "_ref",  "parent" : "_ref",  "lemma" : "_ref",  "stem" : "_ref",  "pos" : "_ref",  "morph" : "_ref",  "form" : "_ref" } }, 
      "DocumentAnnotation" : {
        "_feature_types" : {"sofa" : "_ref" }, 
        "_subtypes" : ["DocumentMetaData" ] }, 
      "Annotation" : {
        "_feature_types" : {"sofa" : "_ref" }, 
        "_subtypes" : ["DocumentAnnotation",  "Relation",  "Sentence",  "Span",  "TagsetDescription",  "Token" ] }, 
      "AnnotationBase" : {
        "_feature_types" : {"sofa" : "_ref" }, 
        "_subtypes" : ["Annotation" ] }, 
      "TOP" : {
        "_subtypes" : ["AnnotationBase",  "Sofa" ] } } }, 
  "_views" : {
    "_InitialView" : {
      "Relation" : [
        {"sofa" : 1,  "begin" : 1071,  "end" : 1076,  "Dependent" : 4068,  "Governor" : 4073 }, 
        {"sofa" : 1,  "begin" : 1078,  "end" : 1080,  "Dependent" : 4085,  "Governor" : 4073,  "label" : "Anaphoric" }, 
        {"sofa" : 1,  "begin" : 1117,  "end" : 1122,  "Dependent" : 4107,  "Governor" : 4102 }, 
        {"sofa" : 1,  "begin" : 1117,  "end" : 1122,  "Dependent" : 4107,  "Governor" : 4097 }, 
        {"sofa" : 1,  "begin" : 1117,  "end" : 1122,  "Dependent" : 4107,  "Governor" : 4085 }, 
        {"sofa" : 1,  "begin" : 1117,  "end" : 1122,  "Dependent" : 4107,  "Governor" : 4133 }, 
        {"sofa" : 1,  "begin" : 1154,  "end" : 1156,  "Dependent" : 4150,  "Governor" : 4073,  "label" : "Anaphoric" }, 
        {"sofa" : 1,  "begin" : 1190,  "end" : 1197,  "Dependent" : 4167,  "Governor" : 4162 }, 
        {"sofa" : 1,  "begin" : 1190,  "end" : 1197,  "Dependent" : 4167,  "Governor" : 4150 }, 
        {"sofa" : 1,  "begin" : 1190,  "end" : 1197,  "Dependent" : 4167,  "Governor" : 4145 } ], 
      "Span" : [4073,  4068,  4085,  4097,  4102,  4107,  4133,  4145,  4150,  4162,  4167 ], 
      "DocumentMetaData" : [
        {"sofa" : 1,  "end" : 1480,  "language" : "x-unspecified",  "documentTitle" : "054E%20Oliver%20Goldsmith%201774%20An%20history%20of%20the%20earth%20and%20animated%20nature__193_distribution_SCIE.txt",  "documentId" : "teresa",  "documentUri" : "file:/home/dhuser/alessio/inception/repository/project/29/document/8700/source/teresa",  "collectionId" : "file:/home/dhuser/alessio/inception/repository/project/29/document/8700/source/",  "documentBaseUri" : "file:/home/dhuser/alessio/inception/repository/project/29/document/8700/source/",  "isLastSegment" : false } ], 
      "TagsetDescription" : [
        {"sofa" : 1,  "layer" : "webanno.custom.Emotions",  "name" : "Emotion Labels",  "input" : false }, 
        {"sofa" : 1,  "layer" : "custom.Relation",  "name" : "Relation labels",  "input" : false }, 
        {"sofa" : 1,  "layer" : "custom.Span",  "name" : "Smell labels",  "input" : false } ], 
      "Sentence" : [
        {"sofa" : 1,  "begin" : 1,  "end" : 167 }, 
        {"sofa" : 1,  "begin" : 168,  "end" : 318 }, 
        {"sofa" : 1,  "begin" : 319,  "end" : 510 }, 
        {"sofa" : 1,  "begin" : 512,  "end" : 779 }, 
        {"sofa" : 1,  "begin" : 780,  "end" : 892 }, 
        {"sofa" : 1,  "begin" : 893,  "end" : 1077 }, 
        {"sofa" : 1,  "begin" : 1078,  "end" : 1198 }, 
        {"sofa" : 1,  "begin" : 1199,  "end" : 1371 }, 
        {"sofa" : 1,  "begin" : 1372,  "end" : 1479 } ], 
      "Token" : [
        {"sofa" : 1,  "begin" : 1,  "end" : 6 }, 
        {"sofa" : 1,  "begin" : 7,  "end" : 15 }, 
        {"sofa" : 1,  "begin" : 16,  "end" : 20 }, 
        {"sofa" : 1,  "begin" : 21,  "end" : 27 }, 
        {"sofa" : 1,  "begin" : 27,  "end" : 28 }, 
        {"sofa" : 1,  "begin" : 29,  "end" : 33 }, 
        {"sofa" : 1,  "begin" : 34,  "end" : 41 }, 
        {"sofa" : 1,  "begin" : 41,  "end" : 42 }, 
        {"sofa" : 1,  "begin" : 43,  "end" : 50 }, 
        {"sofa" : 1,  "begin" : 51,  "end" : 55 }, 
        {"sofa" : 1,  "begin" : 55,  "end" : 56 }, 
        {"sofa" : 1,  "begin" : 57,  "end" : 62 }, 
        {"sofa" : 1,  "begin" : 63,  "end" : 69 }, 
        {"sofa" : 1,  "begin" : 70,  "end" : 72 }, 
        {"sofa" : 1,  "begin" : 73,  "end" : 77 }, 
        {"sofa" : 1,  "begin" : 78,  "end" : 81 }, 
        {"sofa" : 1,  "begin" : 82,  "end" : 86 }, 
        {"sofa" : 1,  "begin" : 87,  "end" : 88 }, 
        {"sofa" : 1,  "begin" : 89,  "end" : 93 }, 
        {"sofa" : 1,  "begin" : 94,  "end" : 101 }, 
        {"sofa" : 1,  "begin" : 102,  "end" : 104 }, 
        {"sofa" : 1,  "begin" : 105,  "end" : 108 }, 
        {"sofa" : 1,  "begin" : 109,  "end" : 112 }, 
        {"sofa" : 1,  "begin" : 112,  "end" : 113 }, 
        {"sofa" : 1,  "begin" : 114,  "end" : 117 }, 
        {"sofa" : 1,  "begin" : 118,  "end" : 121 }, 
        {"sofa" : 1,  "begin" : 122,  "end" : 128 }, 
        {"sofa" : 1,  "begin" : 129,  "end" : 135 }, 
        {"sofa" : 1,  "begin" : 136,  "end" : 138 }, 
        {"sofa" : 1,  "begin" : 139,  "end" : 147 }, 
        {"sofa" : 1,  "begin" : 148,  "end" : 151 }, 
        {"sofa" : 1,  "begin" : 152,  "end" : 161 }, 
        {"sofa" : 1,  "begin" : 162,  "end" : 166 }, 
        {"sofa" : 1,  "begin" : 166,  "end" : 167 }, 
        {"sofa" : 1,  "begin" : 168,  "end" : 171 }, 
        {"sofa" : 1,  "begin" : 172,  "end" : 177 }, 
        {"sofa" : 1,  "begin" : 178,  "end" : 180 }, 
        {"sofa" : 1,  "begin" : 181,  "end" : 186 }, 
        {"sofa" : 1,  "begin" : 187,  "end" : 191 }, 
        {"sofa" : 1,  "begin" : 192,  "end" : 194 }, 
        {"sofa" : 1,  "begin" : 195,  "end" : 203 }, 
        {"sofa" : 1,  "begin" : 204,  "end" : 206 }, 
        {"sofa" : 1,  "begin" : 207,  "end" : 208 }, 
        {"sofa" : 1,  "begin" : 209,  "end" : 215 }, 
        {"sofa" : 1,  "begin" : 215,  "end" : 216 }, 
        {"sofa" : 1,  "begin" : 217,  "end" : 222 }, 
        {"sofa" : 1,  "begin" : 223,  "end" : 228 }, 
        {"sofa" : 1,  "begin" : 229,  "end" : 232 }, 
        {"sofa" : 1,  "begin" : 233,  "end" : 237 }, 
        {"sofa" : 1,  "begin" : 238,  "end" : 239 }, 
        {"sofa" : 1,  "begin" : 240,  "end" : 246 }, 
        {"sofa" : 1,  "begin" : 247,  "end" : 251 }, 
        {"sofa" : 1,  "begin" : 252,  "end" : 256 }, 
        {"sofa" : 1,  "begin" : 257,  "end" : 260 }, 
        {"sofa" : 1,  "begin" : 261,  "end" : 267 }, 
        {"sofa" : 1,  "begin" : 268,  "end" : 270 }, 
        {"sofa" : 1,  "begin" : 271,  "end" : 274 }, 
        {"sofa" : 1,  "begin" : 275,  "end" : 279 }, 
        {"sofa" : 1,  "begin" : 279,  "end" : 280 }, 
        {"sofa" : 1,  "begin" : 281,  "end" : 286 }, 
        {"sofa" : 1,  "begin" : 287,  "end" : 293 }, 
        {"sofa" : 1,  "begin" : 294,  "end" : 296 }, 
        {"sofa" : 1,  "begin" : 297,  "end" : 307 }, 
        {"sofa" : 1,  "begin" : 308,  "end" : 311 }, 
        {"sofa" : 1,  "begin" : 312,  "end" : 317 }, 
        {"sofa" : 1,  "begin" : 317,  "end" : 318 }, 
        {"sofa" : 1,  "begin" : 319,  "end" : 324 }, 
        {"sofa" : 1,  "begin" : 325,  "end" : 330 }, 
        {"sofa" : 1,  "begin" : 331,  "end" : 336 }, 
        {"sofa" : 1,  "begin" : 337,  "end" : 340 }, 
        {"sofa" : 1,  "begin" : 341,  "end" : 350 }, 
        {"sofa" : 1,  "begin" : 351,  "end" : 359 }, 
        {"sofa" : 1,  "begin" : 359,  "end" : 360 }, 
        {"sofa" : 1,  "begin" : 361,  "end" : 364 }, 
        {"sofa" : 1,  "begin" : 365,  "end" : 371 }, 
        {"sofa" : 1,  "begin" : 372,  "end" : 374 }, 
        {"sofa" : 1,  "begin" : 375,  "end" : 380 }, 
        {"sofa" : 1,  "begin" : 381,  "end" : 386 }, 
        {"sofa" : 1,  "begin" : 386,  "end" : 387 }, 
        {"sofa" : 1,  "begin" : 388,  "end" : 391 }, 
        {"sofa" : 1,  "begin" : 392,  "end" : 397 }, 
        {"sofa" : 1,  "begin" : 398,  "end" : 401 }, 
        {"sofa" : 1,  "begin" : 401,  "end" : 402 }, 
        {"sofa" : 1,  "begin" : 403,  "end" : 408 }, 
        {"sofa" : 1,  "begin" : 409,  "end" : 411 }, 
        {"sofa" : 1,  "begin" : 412,  "end" : 418 }, 
        {"sofa" : 1,  "begin" : 419,  "end" : 426 }, 
        {"sofa" : 1,  "begin" : 427,  "end" : 428 }, 
        {"sofa" : 1,  "begin" : 429,  "end" : 433 }, 
        {"sofa" : 1,  "begin" : 434,  "end" : 436 }, 
        {"sofa" : 1,  "begin" : 437,  "end" : 442 }, 
        {"sofa" : 1,  "begin" : 443,  "end" : 447 }, 
        {"sofa" : 1,  "begin" : 447,  "end" : 448 }, 
        {"sofa" : 1,  "begin" : 449,  "end" : 452 }, 
        {"sofa" : 1,  "begin" : 453,  "end" : 456 }, 
        {"sofa" : 1,  "begin" : 457,  "end" : 462 }, 
        {"sofa" : 1,  "begin" : 463,  "end" : 468 }, 
        {"sofa" : 1,  "begin" : 468,  "end" : 469 }, 
        {"sofa" : 1,  "begin" : 470,  "end" : 475 }, 
        {"sofa" : 1,  "begin" : 476,  "end" : 481 }, 
        {"sofa" : 1,  "begin" : 482,  "end" : 487 }, 
        {"sofa" : 1,  "begin" : 488,  "end" : 497 }, 
        {"sofa" : 1,  "begin" : 498,  "end" : 509 }, 
        {"sofa" : 1,  "begin" : 509,  "end" : 510 }, 
        {"sofa" : 1,  "begin" : 512,  "end" : 514 }, 
        {"sofa" : 1,  "begin" : 515,  "end" : 517 }, 
        {"sofa" : 1,  "begin" : 518,  "end" : 522 }, 
        {"sofa" : 1,  "begin" : 523,  "end" : 528 }, 
        {"sofa" : 1,  "begin" : 529,  "end" : 533 }, 
        {"sofa" : 1,  "begin" : 534,  "end" : 537 }, 
        {"sofa" : 1,  "begin" : 538,  "end" : 548 }, 
        {"sofa" : 1,  "begin" : 549,  "end" : 551 }, 
        {"sofa" : 1,  "begin" : 552,  "end" : 556 }, 
        {"sofa" : 1,  "begin" : 557,  "end" : 562 }, 
        {"sofa" : 1,  "begin" : 563,  "end" : 565 }, 
        {"sofa" : 1,  "begin" : 566,  "end" : 568 }, 
        {"sofa" : 1,  "begin" : 569,  "end" : 573 }, 
        {"sofa" : 1,  "begin" : 574,  "end" : 579 }, 
        {"sofa" : 1,  "begin" : 579,  "end" : 580 }, 
        {"sofa" : 1,  "begin" : 581,  "end" : 584 }, 
        {"sofa" : 1,  "begin" : 585,  "end" : 589 }, 
        {"sofa" : 1,  "begin" : 590,  "end" : 595 }, 
        {"sofa" : 1,  "begin" : 596,  "end" : 601 }, 
        {"sofa" : 1,  "begin" : 602,  "end" : 606 }, 
        {"sofa" : 1,  "begin" : 606,  "end" : 607 }, 
        {"sofa" : 1,  "begin" : 608,  "end" : 612 }, 
        {"sofa" : 1,  "begin" : 613,  "end" : 616 }, 
        {"sofa" : 1,  "begin" : 617,  "end" : 627 }, 
        {"sofa" : 1,  "begin" : 628,  "end" : 630 }, 
        {"sofa" : 1,  "begin" : 631,  "end" : 644 }, 
        {"sofa" : 1,  "begin" : 645,  "end" : 647 }, 
        {"sofa" : 1,  "begin" : 648,  "end" : 651 }, 
        {"sofa" : 1,  "begin" : 651,  "end" : 652 }, 
        {"sofa" : 1,  "begin" : 653,  "end" : 658 }, 
        {"sofa" : 1,  "begin" : 659,  "end" : 666 }, 
        {"sofa" : 1,  "begin" : 667,  "end" : 673 }, 
        {"sofa" : 1,  "begin" : 674,  "end" : 676 }, 
        {"sofa" : 1,  "begin" : 677,  "end" : 682 }, 
        {"sofa" : 1,  "begin" : 683,  "end" : 686 }, 
        {"sofa" : 1,  "begin" : 687,  "end" : 695 }, 
        {"sofa" : 1,  "begin" : 695,  "end" : 696 }, 
        {"sofa" : 1,  "begin" : 697,  "end" : 699 }, 
        {"sofa" : 1,  "begin" : 700,  "end" : 704 }, 
        {"sofa" : 1,  "begin" : 705,  "end" : 707 }, 
        {"sofa" : 1,  "begin" : 708,  "end" : 710 }, 
        {"sofa" : 1,  "begin" : 711,  "end" : 716 }, 
        {"sofa" : 1,  "begin" : 717,  "end" : 726 }, 
        {"sofa" : 1,  "begin" : 727,  "end" : 731 }, 
        {"sofa" : 1,  "begin" : 731,  "end" : 732 }, 
        {"sofa" : 1,  "begin" : 733,  "end" : 737 }, 
        {"sofa" : 1,  "begin" : 738,  "end" : 743 }, 
        {"sofa" : 1,  "begin" : 744,  "end" : 749 }, 
        {"sofa" : 1,  "begin" : 749,  "end" : 750 }, 
        {"sofa" : 1,  "begin" : 751,  "end" : 753 }, 
        {"sofa" : 1,  "begin" : 754,  "end" : 758 }, 
        {"sofa" : 1,  "begin" : 759,  "end" : 761 }, 
        {"sofa" : 1,  "begin" : 762,  "end" : 765 }, 
        {"sofa" : 1,  "begin" : 766,  "end" : 769 }, 
        {"sofa" : 1,  "begin" : 770,  "end" : 778 }, 
        {"sofa" : 1,  "begin" : 778,  "end" : 779 }, 
        {"sofa" : 1,  "begin" : 780,  "end" : 783 }, 
        {"sofa" : 1,  "begin" : 784,  "end" : 788 }, 
        {"sofa" : 1,  "begin" : 789,  "end" : 796 }, 
        {"sofa" : 1,  "begin" : 797,  "end" : 801 }, 
        {"sofa" : 1,  "begin" : 802,  "end" : 806 }, 
        {"sofa" : 1,  "begin" : 807,  "end" : 810 }, 
        {"sofa" : 1,  "begin" : 811,  "end" : 813 }, 
        {"sofa" : 1,  "begin" : 814,  "end" : 815 }, 
        {"sofa" : 1,  "begin" : 816,  "end" : 824 }, 
        {"sofa" : 1,  "begin" : 825,  "end" : 828 }, 
        {"sofa" : 1,  "begin" : 828,  "end" : 829 }, 
        {"sofa" : 1,  "begin" : 830,  "end" : 835 }, 
        {"sofa" : 1,  "begin" : 836,  "end" : 838 }, 
        {"sofa" : 1,  "begin" : 839,  "end" : 843 }, 
        {"sofa" : 1,  "begin" : 844,  "end" : 853 }, 
        {"sofa" : 1,  "begin" : 854,  "end" : 858 }, 
        {"sofa" : 1,  "begin" : 859,  "end" : 862 }, 
        {"sofa" : 1,  "begin" : 862,  "end" : 863 }, 
        {"sofa" : 1,  "begin" : 864,  "end" : 867 }, 
        {"sofa" : 1,  "begin" : 868,  "end" : 875 }, 
        {"sofa" : 1,  "begin" : 876,  "end" : 883 }, 
        {"sofa" : 1,  "begin" : 884,  "end" : 888 }, 
        {"sofa" : 1,  "begin" : 889,  "end" : 891 }, 
        {"sofa" : 1,  "begin" : 891,  "end" : 892 }, 
        {"sofa" : 1,  "begin" : 893,  "end" : 897 }, 
        {"sofa" : 1,  "begin" : 898,  "end" : 901 }, 
        {"sofa" : 1,  "begin" : 902,  "end" : 910 }, 
        {"sofa" : 1,  "begin" : 911,  "end" : 917 }, 
        {"sofa" : 1,  "begin" : 918,  "end" : 926 }, 
        {"sofa" : 1,  "begin" : 926,  "end" : 927 }, 
        {"sofa" : 1,  "begin" : 928,  "end" : 930 }, 
        {"sofa" : 1,  "begin" : 931,  "end" : 935 }, 
        {"sofa" : 1,  "begin" : 936,  "end" : 940 }, 
        {"sofa" : 1,  "begin" : 941,  "end" : 953 }, 
        {"sofa" : 1,  "begin" : 954,  "end" : 958 }, 
        {"sofa" : 1,  "begin" : 959,  "end" : 961 }, 
        {"sofa" : 1,  "begin" : 962,  "end" : 966 }, 
        {"sofa" : 1,  "begin" : 966,  "end" : 967 }, 
        {"sofa" : 1,  "begin" : 968,  "end" : 974 }, 
        {"sofa" : 1,  "begin" : 975,  "end" : 977 }, 
        {"sofa" : 1,  "begin" : 978,  "end" : 982 }, 
        {"sofa" : 1,  "begin" : 983,  "end" : 985 }, 
        {"sofa" : 1,  "begin" : 986,  "end" : 990 }, 
        {"sofa" : 1,  "begin" : 991,  "end" : 998 }, 
        {"sofa" : 1,  "begin" : 999,  "end" : 1005 }, 
        {"sofa" : 1,  "begin" : 1006,  "end" : 1008 }, 
        {"sofa" : 1,  "begin" : 1009,  "end" : 1013 }, 
        {"sofa" : 1,  "begin" : 1013,  "end" : 1014 }, 
        {"sofa" : 1,  "begin" : 1015,  "end" : 1018 }, 
        {"sofa" : 1,  "begin" : 1019,  "end" : 1021 }, 
        {"sofa" : 1,  "begin" : 1022,  "end" : 1027 }, 
        {"sofa" : 1,  "begin" : 1028,  "end" : 1033 }, 
        {"sofa" : 1,  "begin" : 1034,  "end" : 1043 }, 
        {"sofa" : 1,  "begin" : 1044,  "end" : 1046 }, 
        {"sofa" : 1,  "begin" : 1047,  "end" : 1058 }, 
        {"sofa" : 1,  "begin" : 1058,  "end" : 1059 }, 
        {"sofa" : 1,  "begin" : 1060,  "end" : 1066 }, 
        {"sofa" : 1,  "begin" : 1067,  "end" : 1070 }, 
        {"sofa" : 1,  "begin" : 1071,  "end" : 1076 }, 
        {"sofa" : 1,  "begin" : 1076,  "end" : 1077 }, 
        {"sofa" : 1,  "begin" : 1078,  "end" : 1080 }, 
        {"sofa" : 1,  "begin" : 1081,  "end" : 1084 }, 
        {"sofa" : 1,  "begin" : 1085,  "end" : 1094 }, 
        {"sofa" : 1,  "begin" : 1095,  "end" : 1097 }, 
        {"sofa" : 1,  "begin" : 1098,  "end" : 1107 }, 
        {"sofa" : 1,  "begin" : 1108,  "end" : 1116 }, 
        {"sofa" : 1,  "begin" : 1117,  "end" : 1122 }, 
        {"sofa" : 1,  "begin" : 1123,  "end" : 1127 }, 
        {"sofa" : 1,  "begin" : 1128,  "end" : 1130 }, 
        {"sofa" : 1,  "begin" : 1131,  "end" : 1133 }, 
        {"sofa" : 1,  "begin" : 1134,  "end" : 1140 }, 
        {"sofa" : 1,  "begin" : 1140,  "end" : 1141 }, 
        {"sofa" : 1,  "begin" : 1142,  "end" : 1145 }, 
        {"sofa" : 1,  "begin" : 1146,  "end" : 1148 }, 
        {"sofa" : 1,  "begin" : 1149,  "end" : 1153 }, 
        {"sofa" : 1,  "begin" : 1154,  "end" : 1156 }, 
        {"sofa" : 1,  "begin" : 1157,  "end" : 1159 }, 
        {"sofa" : 1,  "begin" : 1160,  "end" : 1170 }, 
        {"sofa" : 1,  "begin" : 1171,  "end" : 1173 }, 
        {"sofa" : 1,  "begin" : 1174,  "end" : 1175 }, 
        {"sofa" : 1,  "begin" : 1176,  "end" : 1180 }, 
        {"sofa" : 1,  "begin" : 1181,  "end" : 1189 }, 
        {"sofa" : 1,  "begin" : 1190,  "end" : 1197 }, 
        {"sofa" : 1,  "begin" : 1197,  "end" : 1198 }, 
        {"sofa" : 1,  "begin" : 1199,  "end" : 1203 }, 
        {"sofa" : 1,  "begin" : 1204,  "end" : 1207 }, 
        {"sofa" : 1,  "begin" : 1208,  "end" : 1212 }, 
        {"sofa" : 1,  "begin" : 1213,  "end" : 1218 }, 
        {"sofa" : 1,  "begin" : 1219,  "end" : 1221 }, 
        {"sofa" : 1,  "begin" : 1222,  "end" : 1226 }, 
        {"sofa" : 1,  "begin" : 1227,  "end" : 1231 }, 
        {"sofa" : 1,  "begin" : 1232,  "end" : 1234 }, 
        {"sofa" : 1,  "begin" : 1234,  "end" : 1235 }, 
        {"sofa" : 1,  "begin" : 1236,  "end" : 1238 }, 
        {"sofa" : 1,  "begin" : 1239,  "end" : 1241 }, 
        {"sofa" : 1,  "begin" : 1242,  "end" : 1246 }, 
        {"sofa" : 1,  "begin" : 1246,  "end" : 1247 }, 
        {"sofa" : 1,  "begin" : 1248,  "end" : 1251 }, 
        {"sofa" : 1,  "begin" : 1252,  "end" : 1254 }, 
        {"sofa" : 1,  "begin" : 1255,  "end" : 1263 }, 
        {"sofa" : 1,  "begin" : 1264,  "end" : 1265 }, 
        {"sofa" : 1,  "begin" : 1266,  "end" : 1272 }, 
        {"sofa" : 1,  "begin" : 1273,  "end" : 1284 }, 
        {"sofa" : 1,  "begin" : 1285,  "end" : 1290 }, 
        {"sofa" : 1,  "begin" : 1291,  "end" : 1294 }, 
        {"sofa" : 1,  "begin" : 1294,  "end" : 1295 }, 
        {"sofa" : 1,  "begin" : 1296,  "end" : 1300 }, 
        {"sofa" : 1,  "begin" : 1301,  "end" : 1303 }, 
        {"sofa" : 1,  "begin" : 1304,  "end" : 1310 }, 
        {"sofa" : 1,  "begin" : 1311,  "end" : 1313 }, 
        {"sofa" : 1,  "begin" : 1314,  "end" : 1321 }, 
        {"sofa" : 1,  "begin" : 1322,  "end" : 1323 }, 
        {"sofa" : 1,  "begin" : 1324,  "end" : 1329 }, 
        {"sofa" : 1,  "begin" : 1330,  "end" : 1336 }, 
        {"sofa" : 1,  "begin" : 1336,  "end" : 1337 }, 
        {"sofa" : 1,  "begin" : 1338,  "end" : 1341 }, 
        {"sofa" : 1,  "begin" : 1342,  "end" : 1349 }, 
        {"sofa" : 1,  "begin" : 1350,  "end" : 1354 }, 
        {"sofa" : 1,  "begin" : 1355,  "end" : 1361 }, 
        {"sofa" : 1,  "begin" : 1362,  "end" : 1366 }, 
        {"sofa" : 1,  "begin" : 1367,  "end" : 1370 }, 
        {"sofa" : 1,  "begin" : 1370,  "end" : 1371 }, 
        {"sofa" : 1,  "begin" : 1372,  "end" : 1375 }, 
        {"sofa" : 1,  "begin" : 1376,  "end" : 1380 }, 
        {"sofa" : 1,  "begin" : 1381,  "end" : 1386 }, 
        {"sofa" : 1,  "begin" : 1387,  "end" : 1389 }, 
        {"sofa" : 1,  "begin" : 1390,  "end" : 1392 }, 
        {"sofa" : 1,  "begin" : 1393,  "end" : 1398 }, 
        {"sofa" : 1,  "begin" : 1399,  "end" : 1405 }, 
        {"sofa" : 1,  "begin" : 1406,  "end" : 1410 }, 
        {"sofa" : 1,  "begin" : 1410,  "end" : 1411 }, 
        {"sofa" : 1,  "begin" : 1412,  "end" : 1415 }, 
        {"sofa" : 1,  "begin" : 1416,  "end" : 1420 }, 
        {"sofa" : 1,  "begin" : 1421,  "end" : 1426 }, 
        {"sofa" : 1,  "begin" : 1427,  "end" : 1429 }, 
        {"sofa" : 1,  "begin" : 1430,  "end" : 1432 }, 
        {"sofa" : 1,  "begin" : 1433,  "end" : 1436 }, 
        {"sofa" : 1,  "begin" : 1437,  "end" : 1441 }, 
        {"sofa" : 1,  "begin" : 1442,  "end" : 1444 }, 
        {"sofa" : 1,  "begin" : 1445,  "end" : 1448 }, 
        {"sofa" : 1,  "begin" : 1449,  "end" : 1454 }, 
        {"sofa" : 1,  "begin" : 1454,  "end" : 1455 }, 
        {"sofa" : 1,  "begin" : 1456,  "end" : 1459 }, 
        {"sofa" : 1,  "begin" : 1460,  "end" : 1466 }, 
        {"sofa" : 1,  "begin" : 1466,  "end" : 1467 }, 
        {"sofa" : 1,  "begin" : 1468,  "end" : 1471 }, 
        {"sofa" : 1,  "begin" : 1472,  "end" : 1478 }, 
        {"sofa" : 1,  "begin" : 1478,  "end" : 1479 } ] } }, 
  "_referenced_fss" : {
    "1" : {"_type" : "Sofa",  "sofaNum" : 1,  "sofaID" : "_InitialView",  "mimeType" : "text",  "sofaString" : " These lodgings have spaces, like streets, between them, large enough to give the\nbees a free passage in and out; and yet narrow enough\nto preserve the necessary heat.\nThe mouth of every cell is defended by a\nborder, which makes the door a little less than the inside of the cell,\nwhich serves to strengthen the whole.\nThese cells serve for different\npurposes: for laying up their young; for their wax, which in winter becomes\na part of their food; and for their honey, which makes their principal\nsubsistence.\n\nIt is well known that the habitation of bees ought to be very\nclose; and what their hives want, from the negligence or unskilfulness of\nman, these animals supply by their own industry: so that it is their\nprincipal care, when first hived, to stop up all the crannies.\nFor this\npurpose they make use of a resinous gum, which is more tenacious than\nwax, and differs greatly from it.\nThis the ancients called Propolis: it will\ngrow considerably hard in June; though it will in some measure soften\nby heat; and is often found different in consistence, colour and smell.\nIt has generally an agreeable aromatic odour when it is warmed; and by some\nit is considered as a most grateful perfume.\nWhen the bees begin to work\nwith it, it is soft, but it acquires a firmer consistence every day; till\nat length it assumes a brown colour, and becomes much\nharder than wax. The bees carry it on their hinder legs; and some think it is met with on the birch, the willow, and poplar. " }, 
    "4068" : {"_type" : "Span",  "sofa" : 1,  "begin" : 1071,  "end" : 1076,  "label" : "Smell_Word" }, 
    "4073" : {"_type" : "Span",  "sofa" : 1,  "begin" : 918,  "end" : 926,  "label" : "Smell_Source" }, 
    "4085" : {"_type" : "Span",  "sofa" : 1,  "begin" : 1078,  "end" : 1080,  "label" : "Smell_Source" }, 
    "4107" : {"_type" : "Span",  "sofa" : 1,  "begin" : 1117,  "end" : 1122,  "label" : "Smell_Word" }, 
    "4102" : {"_type" : "Span",  "sofa" : 1,  "begin" : 1108,  "end" : 1116,  "label" : "Quality" }, 
    "4097" : {"_type" : "Span",  "sofa" : 1,  "begin" : 1098,  "end" : 1107,  "label" : "Quality" }, 
    "4133" : {"_type" : "Span",  "sofa" : 1,  "begin" : 1123,  "end" : 1140,  "label" : "Circumstances" }, 
    "4150" : {"_type" : "Span",  "sofa" : 1,  "begin" : 1154,  "end" : 1156,  "label" : "Smell_Source" }, 
    "4167" : {"_type" : "Span",  "sofa" : 1,  "begin" : 1190,  "end" : 1197,  "label" : "Smell_Word" }, 
    "4162" : {"_type" : "Span",  "sofa" : 1,  "begin" : 1174,  "end" : 1189,  "label" : "Quality" }, 
    "4145" : {"_type" : "Span",  "sofa" : 1,  "begin" : 1146,  "end" : 1153,  "label" : "Perceiver" } } }