#FORMAT=WebAnno TSV 3.3


#Text=Demum notare oportet,
#Text=
#Text=0.
1-1	2-7	Demum	
1-2	8-14	notare	
1-3	15-22	oportet	
1-4	22-23	,	
1-5	25-26	0	
1-6	26-27	.	

#Text=Sextò ania
#Text=
#Text=niaduerten doramentorum eam efle dum .
#Text=conditionem, vt a simplicium dosi, atque etiam ab alio interdum minùs odorato vim accipiant ac fuauitatem.
2-1	28-33	Sextò	
2-2	34-38	ania	
2-3	40-50	niaduerten	
2-4	51-63	doramentorum	
2-5	64-67	eam	
2-6	68-72	efle	
2-7	73-76	dum	
2-8	77-78	.	
2-9	79-90	conditionem	
2-10	90-91	,	
2-11	92-94	vt	
2-12	95-96	a	
2-13	97-107	simplicium	
2-14	108-112	dosi	
2-15	112-113	,	
2-16	114-119	atque	
2-17	120-125	etiam	
2-18	126-128	ab	
2-19	129-133	alio	
2-20	134-142	interdum	
2-21	143-148	minùs	
2-22	149-156	odorato	
2-23	157-160	vim	
2-24	161-170	accipiant	
2-25	171-173	ac	
2-26	174-184	fuauitatem	
2-27	184-185	.	

#Text=Sic odoramentum, Odoranien Romanum vulgo appellatum , a quadam herbula, ex fe minimè olente, in arcanis tamen a peritiffimo vnguentario habita , fuauitatem mutuatur non mediocrem.
3-1	186-189	Sic	
3-2	190-201	odoramentum	
3-3	201-202	,	
3-4	203-212	Odoranien	
3-5	213-220	Romanum	
3-6	221-226	vulgo	
3-7	227-237	appellatum	
3-8	238-239	,	
3-9	240-241	a	
3-10	242-248	quadam	
3-11	249-256	herbula	
3-12	256-257	,	
3-13	258-260	ex	
3-14	261-263	fe	
3-15	264-270	minimè	
3-16	271-277	olente	
3-17	277-278	,	
3-18	279-281	in	
3-19	282-289	arcanis	
3-20	290-295	tamen	
3-21	296-297	a	
3-22	298-309	peritiffimo	
3-23	310-321	vnguentario	
3-24	322-328	habita	
3-25	329-330	,	
3-26	331-341	fuauitatem	
3-27	342-350	mutuatur	
3-28	351-354	non	
3-29	355-364	mediocrem	
3-30	364-365	.	

#Text=Haec, Lector, si diligenter animaduertas, tibi , vt aliquibus , mirum non videbitur,fi aliqua antiquorum vnguenta luauif
#Text=
#Text=
#Text=
#Text=
#Text=
#Text=rum vnguen
#Text=
#Text=
#Text=
#Text=fimum non fpirauerint o: dorem : fi alia nonnulla galbanum, terebinthum , melilotum, foenum graecumu, & alia huiusmodi non respuant, quae aur nihil aut
#Text=
#Text=non bene oleant.
4-1	366-370	Haec	
4-2	370-371	,	
4-3	372-378	Lector	
4-4	378-379	,	
4-5	380-382	si	
4-6	383-393	diligenter	
4-7	394-406	animaduertas	
4-8	406-407	,	
4-9	408-412	tibi	
4-10	413-414	,	
4-11	415-417	vt	
4-12	418-427	aliquibus	
4-13	428-429	,	
4-14	430-435	mirum	
4-15	436-439	non	
4-16	440-449	videbitur	
4-17	449-450	,	
4-18	450-452	fi	
4-19	453-459	aliqua	
4-20	460-470	antiquorum	
4-21	471-479	vnguenta	
4-22	480-486	luauif	
4-23	492-495	rum	
4-24	496-502	vnguen	
4-25	506-511	fimum	
4-26	512-515	non	
4-27	516-527	fpirauerint	
4-28	528-529	o	
4-29	529-530	:	
4-30	531-536	dorem	
4-31	537-538	:	
4-32	539-541	fi	
4-33	542-546	alia	
4-34	547-555	nonnulla	
4-35	556-564	galbanum	
4-36	564-565	,	
4-37	566-577	terebinthum	
4-38	578-579	,	
4-39	580-589	melilotum	
4-40	589-590	,	
4-41	591-597	foenum	
4-42	598-606	graecumu	
4-43	606-607	,	
4-44	608-609	&	
4-45	610-614	alia	
4-46	615-624	huiusmodi	
4-47	625-628	non	
4-48	629-637	respuant	
4-49	637-638	,	
4-50	639-643	quae	
4-51	644-647	aur	
4-52	648-653	nihil	
4-53	654-657	aut	
4-54	659-662	non	
4-55	663-667	bene	
4-56	668-674	oleant	
4-57	674-675	.	

#Text=Antiquo.
5-1	676-683	Antiquo	
5-2	683-684	.	

#Text=Iam ea odoramenta, torum fua.
#Text=quae ex suauissimis condi.
#Text=probatur.
6-1	685-688	Iam	
6-2	689-691	ea	
6-3	692-702	odoramenta	
6-4	702-703	,	
6-5	704-709	torum	
6-6	710-713	fua	
6-7	713-714	.	
6-8	715-719	quae	
6-9	720-722	ex	
6-10	723-734	suauissimis	
6-11	735-740	condi	
6-12	740-741	.	
6-13	742-750	probatur	
6-14	750-751	.	

#Text="ta fuerunt, suauiffima fuif .
#Text=se, non folùm intelligere possumus ex partibus componentibus, odorum fuauitate praeditis; fed etiam ex eo, quòd vnguentaria a prifcis vlque temporibus ad collaplam Ruinanam po-tentiam perenne fummoque ftudio exculta & aucta,
#Text=
#Text=ad
#Text=
#Text=
#Text=
#Text=
#Text=
#Text=ad summum atque omni genere perfectum peruenerit.
7-1	752-753	"	
7-2	753-755	ta	
7-3	756-763	fuerunt	
7-4	763-764	,	
7-5	765-775	suauiffima	
7-6	776-780	fuif	
7-7	781-782	.	
7-8	783-785	se	
7-9	785-786	,	
7-10	787-790	non	
7-11	791-796	folùm	
7-12	797-808	intelligere	
7-13	809-817	possumus	
7-14	818-820	ex	
7-15	821-829	partibus	
7-16	830-843	componentibus	
7-17	843-844	,	
7-18	845-851	odorum	
7-19	852-861	fuauitate	
7-20	862-871	praeditis	
7-21	871-872	;	
7-22	873-876	fed	
7-23	877-882	etiam	
7-24	883-885	ex	
7-25	886-888	eo	
7-26	888-889	,	
7-27	890-894	quòd	
7-28	895-906	vnguentaria	
7-29	907-908	a	
7-30	909-916	prifcis	
7-31	917-922	vlque	
7-32	923-933	temporibus	
7-33	934-936	ad	
7-34	937-946	collaplam	
7-35	947-955	Ruinanam	
7-36	956-966	po-tentiam	
7-37	967-974	perenne	
7-38	975-983	fummoque	
7-39	984-990	ftudio	
7-40	991-998	exculta	
7-41	999-1000	&	
7-42	1001-1006	aucta	
7-43	1006-1007	,	
7-44	1009-1011	ad	
7-45	1017-1019	ad	
7-46	1020-1026	summum	
7-47	1027-1032	atque	
7-48	1033-1037	omni	
7-49	1038-1044	genere	
7-50	1045-1054	perfectum	
7-51	1055-1065	peruenerit	
7-52	1065-1066	.	

#Text=Nam licet Plinius Ilia.
8-1	1067-1070	Nam	
8-2	1071-1076	licet	
8-3	1077-1084	Plinius	
8-4	1085-1089	Ilia	
8-5	1089-1090	.	

#Text=Plinius ite
#Text=
#Text=prehensus, cis temporibus eam non fuisse , circa Darij Regis aetatem innotuiffe fcribat; tamen longè antiquiorem efse, multa sunt , quae conuincunt.
9-1	1091-1098	Plinius	
9-2	1099-1102	ite	
9-3	1104-1113	prehensus	
9-4	1113-1114	,	
9-5	1115-1118	cis	
9-6	1119-1129	temporibus	
9-7	1130-1133	eam	
9-8	1134-1137	non	
9-9	1138-1144	fuisse	
9-10	1145-1146	,	
9-11	1147-1152	circa	
9-12	1153-1158	Darij	
9-13	1159-1164	Regis	
9-14	1165-1172	aetatem	
9-15	1173-1183	innotuiffe	
9-16	1184-1191	fcribat	
9-17	1191-1192	;	
9-18	1193-1198	tamen	
9-19	1199-1204	longè	
9-20	1205-1216	antiquiorem	
9-21	1217-1221	efse	
9-22	1221-1222	,	
9-23	1223-1228	multa	
9-24	1229-1233	sunt	
9-25	1234-1235	,	
9-26	1236-1240	quae	
9-27	1241-1251	conuincunt	
9-28	1251-1252	.	

#Text=Et primò quidem mitto Hippocratem , qui Dario aetate maior (natus enim Hippocrates fuit O- Hippocra
#Text=
#Text=tes quando lymp.
10-1	1253-1255	Et	
10-2	1256-1261	primò	
10-3	1262-1268	quidem	
10-4	1269-1274	mitto	
10-5	1275-1286	Hippocratem	
10-6	1287-1288	,	
10-7	1289-1292	qui	
10-8	1293-1298	Dario	
10-9	1299-1305	aetate	
10-10	1306-1311	maior	
10-11	1312-1313	(	
10-12	1313-1318	natus	
10-13	1319-1323	enim	
10-14	1324-1335	Hippocrates	
10-15	1336-1340	fuit	
10-16	1341-1342	O	
10-17	1342-1343	-	
10-18	1344-1352	Hippocra	
10-19	1354-1357	tes	
10-20	1358-1364	quando	
10-21	1365-1369	lymp	
10-22	1369-1370	.	

#Text=Lxxx.
11-1	1371-1375	Lxxx	
11-2	1375-1376	.	

#Text=V.C. an.ccxc i li naţus.
12-1	1377-1380	V.C	
12-2	1380-1381	.	
12-3	1382-1389	an.ccxc	
12-4	1390-1391	i	
12-5	1392-1394	li	
12-6	1395-1400	naţus	
12-7	1400-1401	.	

#Text=Darius verò, bello victus ab Alexádro,occubuit Olymp.
13-1	1402-1408	Darius	
13-2	1409-1413	verò	
13-3	1413-1414	,	
13-4	1415-1420	bello	
13-5	1421-1427	victus	
13-6	1428-1430	ab	
13-7	1431-1439	Alexádro	
13-8	1439-1440	,	
13-9	1440-1448	occubuit	
13-10	1449-1454	Olymp	
13-11	1454-1455	.	

#Text=CXII., V.C. anno circiter CCCCL.)
#Text=libro, Medicus infcripto, odorum meminit.
14-1	1456-1460	CXII	
14-2	1460-1461	.	
14-3	1461-1462	,	
14-4	1463-1466	V.C	
14-5	1466-1467	.	
14-6	1468-1472	anno	
14-7	1473-1481	circiter	
14-8	1482-1487	CCCCL	
14-9	1487-1488	.	
14-10	1488-1489	)	
14-11	1490-1495	libro	
14-12	1495-1496	,	
14-13	1497-1504	Medicus	
14-14	1505-1514	infcripto	
14-15	1514-1515	,	
14-16	1516-1522	odorum	
14-17	1523-1530	meminit	
14-18	1530-1531	.	

#Text=Mitto Anacreontem Hip
#Text=
#Text=po
#Text=
#Text=
#Text=
#Text=
#Text=
#Text=Vnguento.
15-1	1532-1537	Mitto	
15-2	1538-1549	Anacreontem	
15-3	1550-1553	Hip	
15-4	1555-1557	po	
15-5	1563-1571	Vnguento	
15-6	1571-1572	.	
