#FORMAT=WebAnno TSV 3.3
#T_SP=custom.Span|label


#Text=gar aͤhnlich/
#Text=daß faſt kein underſcheid zwi-
#Text=ſchen ihnen zuvermercken:
#Text=daher Matthiolo
#Text=derer meinung gefallet/ welche wollen/
#Text=die-
#Text=ſer Baum ſeye des Theophraſti Terbenthin-
#Text=baum/ von welchem er ſchreibet/ daß er Man-
#Text=deln trage.
1-1	0-3	gar	_	
1-2	4-12	aͤhnlich	_	
1-3	12-13	/	_	
1-4	14-17	daß	_	
1-5	18-22	faſt	_	
1-6	23-27	kein	_	
1-7	28-39	underſcheid	_	
1-8	40-43	zwi	_	
1-9	43-44	-	_	
1-10	45-50	ſchen	_	
1-11	51-56	ihnen	_	
1-12	57-69	zuvermercken	_	
1-13	69-70	:	_	
1-14	71-76	daher	_	
1-15	77-86	Matthiolo	_	
1-16	87-92	derer	_	
1-17	93-100	meinung	_	
1-18	101-109	gefallet	_	
1-19	109-110	/	_	
1-20	111-117	welche	_	
1-21	118-124	wollen	_	
1-22	124-125	/	_	
1-23	126-129	die	_	
1-24	129-130	-	_	
1-25	131-134	ſer	_	
1-26	135-139	Baum	_	
1-27	140-144	ſeye	_	
1-28	145-148	des	_	
1-29	149-160	Theophraſti	_	
1-30	161-171	Terbenthin	_	
1-31	171-172	-	_	
1-32	173-177	baum	_	
1-33	177-178	/	_	
1-34	179-182	von	_	
1-35	183-190	welchem	_	
1-36	191-193	er	_	
1-37	194-203	ſchreibet	_	
1-38	203-204	/	_	
1-39	205-208	daß	_	
1-40	209-211	er	_	
1-41	212-215	Man	_	
1-42	215-216	-	_	
1-43	217-221	deln	_	
1-44	222-227	trage	_	
1-45	227-228	.	_	

#Text=Sein ſtamm iſt dick/ mit auß-
#Text=gebreiteten aͤſten und aͤſchfarber rinden bega-
#Text=bet;
#Text=hat bald rundlichte/ bald außgeſpitzte
#Text=blaͤtter/ etwas groͤſſer als der Terbenthin-
#Text=baum.
2-1	229-233	Sein	_	
2-2	234-239	ſtamm	_	
2-3	240-243	iſt	_	
2-4	244-248	dick	_	
2-5	248-249	/	_	
2-6	250-253	mit	_	
2-7	254-257	auß	_	
2-8	257-258	-	_	
2-9	259-270	gebreiteten	_	
2-10	271-277	aͤſten	_	
2-11	278-281	und	_	
2-12	282-293	aͤſchfarber	_	
2-13	294-300	rinden	_	
2-14	301-305	bega	_	
2-15	305-306	-	_	
2-16	307-310	bet	_	
2-17	310-311	;	_	
2-18	312-315	hat	_	
2-19	316-320	bald	_	
2-20	321-331	rundlichte	_	
2-21	331-332	/	_	
2-22	333-337	bald	_	
2-23	338-350	außgeſpitzte	_	
2-24	351-359	blaͤtter	_	
2-25	359-360	/	_	
2-26	361-366	etwas	_	
2-27	367-375	groͤſſer	_	
2-28	376-379	als	_	
2-29	380-383	der	_	
2-30	384-394	Terbenthin	_	
2-31	394-395	-	_	
2-32	396-400	baum	_	
2-33	400-401	.	_	

#Text=Die Nuͤſſe hangen am aͤuſſerſten theil der
#Text=aͤſte/
#Text=gleich wie Trauben/ luſtig anzuſehen/
#Text=
#Text=außwendig haben ſie eine lederharte ſchalen/
#Text=
#Text=die riechet gleich wie nach Gewuͤrtz.
3-1	405-408	Die	_	
3-2	409-415	Nuͤſſe	_	
3-3	416-422	hangen	_	
3-4	423-425	am	_	
3-5	426-437	aͤuſſerſten	_	
3-6	438-443	theil	_	
3-7	444-447	der	_	
3-8	448-453	aͤſte	_	
3-9	453-454	/	_	
3-10	455-461	gleich	_	
3-11	462-465	wie	_	
3-12	466-473	Trauben	_	
3-13	473-474	/	_	
3-14	475-481	luſtig	_	
3-15	482-491	anzuſehen	_	
3-16	491-492	/	_	
3-17	494-503	außwendig	_	
3-18	504-509	haben	_	
3-19	510-513	ſie	_	
3-20	514-518	eine	_	
3-21	519-529	lederharte	_	
3-22	530-537	ſchalen	Smell\_Source	
3-23	537-538	/	_	
3-24	540-543	die	_	
3-25	544-551	riechet	Smell\_Word	
3-26	552-558	gleich	Evoked\_Odorant[1]	
3-27	559-562	wie	Evoked\_Odorant[1]	
3-28	563-567	nach	Evoked\_Odorant[1]	
3-29	568-576	Gewuͤrtz	Evoked\_Odorant[1]|*[2]	
3-30	576-577	.	_	

#Text=Under
#Text=
#Text=dieſer ſchalen iſt ein weiſſer harter Nußſtein/
#Text=
#Text=in welchem ein langlichter Kern ligt/ mit
#Text=einem rothen haͤutlein bedeckt/
#Text=in der groͤſſe
#Text=der Haſelnuͤſſen
#Text=.
4-1	578-583	Under	_	
4-2	585-591	dieſer	_	
4-3	592-599	ſchalen	_	
4-4	600-603	iſt	_	
4-5	604-607	ein	_	
4-6	608-615	weiſſer	_	
4-7	616-622	harter	_	
4-8	623-631	Nußſtein	_	
4-9	631-632	/	_	
4-10	634-636	in	_	
4-11	637-644	welchem	_	
4-12	645-648	ein	_	
4-13	649-660	langlichter	_	
4-14	661-665	Kern	_	
4-15	666-670	ligt	_	
4-16	670-671	/	_	
4-17	672-675	mit	_	
4-18	676-681	einem	_	
4-19	682-688	rothen	_	
4-20	689-698	haͤutlein	_	
4-21	699-706	bedeckt	_	
4-22	706-707	/	_	
4-23	708-710	in	_	
4-24	711-714	der	_	
4-25	715-722	groͤſſe	_	
4-26	723-726	der	_	
4-27	727-739	Haſelnuͤſſen	_	
4-28	740-741	.	_	

#Text=Das Marck im Kern iſt
#Text=gruͤn/ fett und oͤlicht/ hat einen geſchmack
#Text=wie unſere Pimpernuͤßlein/ aber er iſt liebli-
#Text=cher und ſuͤſſer.
5-1	742-745	Das	_	
5-2	746-751	Marck	_	
5-3	752-754	im	_	
5-4	755-759	Kern	_	
5-5	760-763	iſt	_	
5-6	764-769	gruͤn	_	
5-7	769-770	/	_	
5-8	771-775	fett	_	
5-9	776-779	und	_	
5-10	780-787	oͤlicht	_	
5-11	787-788	/	_	
5-12	789-792	hat	_	
5-13	793-798	einen	_	
5-14	799-808	geſchmack	_	
5-15	809-812	wie	_	
5-16	813-819	unſere	_	
5-17	820-834	Pimpernuͤßlein	_	
5-18	834-835	/	_	
5-19	836-840	aber	_	
5-20	841-843	er	_	
5-21	844-847	iſt	_	
5-22	848-854	liebli	_	
5-23	854-855	-	_	
5-24	856-860	cher	_	
5-25	861-864	und	_	
5-26	865-872	ſuͤſſer	_	
5-27	872-873	.	_	

#Text=Die bluͤthe hanget drauſch-
#Text=licht/
#Text=roͤthlicher farb an den aͤuſſerſten
#Text=ſtaͤud-
#Text=
#Text=lein.
6-1	874-877	Die	_	
6-2	878-885	bluͤthe	_	
6-3	886-892	hanget	_	
6-4	893-900	drauſch	_	
6-5	900-901	-	_	
6-6	902-907	licht	_	
6-7	907-908	/	_	
6-8	909-920	roͤthlicher	_	
6-9	921-925	farb	_	
6-10	926-928	an	_	
6-11	929-932	den	_	
6-12	933-944	aͤuſſerſten	_	
6-13	945-951	ſtaͤud	_	
6-14	951-952	-	_	
6-15	954-958	lein	_	
6-16	958-959	.	_	
