#FORMAT=WebAnno TSV 3.3


#Text=Jhre beyworte werden nach derſelben
#Text=Materien geſetzet: nach der Geſtalt ſagt man die
#Text=Cirkel runde/ fluͤchtige/ leichte/ verwaͤndliche/ be-
#Text=wegliche/ fluͤgelſchnelle ꝛc.
1-1	0-4	Jhre	
1-2	5-13	beyworte	
1-3	14-20	werden	
1-4	21-25	nach	
1-5	26-35	derſelben	
1-6	36-44	Materien	
1-7	45-53	geſetzet	
1-8	53-54	:	
1-9	55-59	nach	
1-10	60-63	der	
1-11	64-71	Geſtalt	
1-12	72-76	ſagt	
1-13	77-80	man	
1-14	81-84	die	
1-15	85-91	Cirkel	
1-16	92-97	runde	
1-17	97-98	/	
1-18	99-109	fluͤchtige	
1-19	109-110	/	
1-20	111-118	leichte	
1-21	118-119	/	
1-22	120-133	verwaͤndliche	
1-23	133-134	/	
1-24	135-137	be	
1-25	137-138	-	
1-26	139-147	wegliche	
1-27	147-148	/	
1-28	149-164	fluͤgelſchnelle	
1-29	165-167	ꝛc	
1-30	167-168	.	

#Text=Die Bewegung wird
#Text=ihr eingedrucket/ die ſie durch die Lufft entzucket ꝛc.
2-1	169-172	Die	
2-2	173-181	Bewegung	
2-3	182-186	wird	
2-4	187-190	ihr	
2-5	191-203	eingedrucket	
2-6	203-204	/	
2-7	205-208	die	
2-8	209-212	ſie	
2-9	213-218	durch	
2-10	219-222	die	
2-11	223-228	Lufft	
2-12	229-238	entzucket	
2-13	239-241	ꝛc	
2-14	241-242	.	

#Text=Die Kugel hat die Deutung der Unbeſtaͤn-
#Text=digkeit.
#Text=
#Text=
#Text=
#Text=251.
3-1	246-249	Die	
3-2	250-255	Kugel	
3-3	256-259	hat	
3-4	260-263	die	
3-5	264-271	Deutung	
3-6	272-275	der	
3-7	276-285	Unbeſtaͤn	
3-8	285-286	-	
3-9	287-294	digkeit	
3-10	294-295	.	
3-11	299-302	251	
3-12	302-303	.	

#Text=Kuhe.
4-1	304-308	Kuhe	
4-2	308-309	.	

#Text=Das melkvieh auf der Weit hat uns die Speiß
#Text=
#Text=bereit/ und iſt ihr ſtarkes kleid (die Haut)
#Text=betretten
#Text=nach dem Tod/ die braune/ blumige/ fleckigte/
#Text=
#Text=fromme/ brummende/ ruͤllende/ milchreiche/ ver-
#Text=gnuͤgliche/ goͤllende/ tragende oder traͤgtige/ be-
#Text=hoͤrnte Kuhe/ die Kelbermutter/ deß Oxens Wei-
#Text=berherd.
#Text=
#Text=
#Text=
#Text=253.
5-1	312-315	Das	
5-2	316-324	melkvieh	
5-3	325-328	auf	
5-4	329-332	der	
5-5	333-337	Weit	
5-6	338-341	hat	
5-7	342-345	uns	
5-8	346-349	die	
5-9	350-355	Speiß	
5-10	357-363	bereit	
5-11	363-364	/	
5-12	365-368	und	
5-13	369-372	iſt	
5-14	373-376	ihr	
5-15	377-384	ſtarkes	
5-16	385-390	kleid	
5-17	391-392	(	
5-18	392-395	die	
5-19	396-400	Haut	
5-20	400-401	)	
5-21	402-411	betretten	
5-22	412-416	nach	
5-23	417-420	dem	
5-24	421-424	Tod	
5-25	424-425	/	
5-26	426-429	die	
5-27	430-436	braune	
5-28	436-437	/	
5-29	438-445	blumige	
5-30	445-446	/	
5-31	447-456	fleckigte	
5-32	456-457	/	
5-33	459-465	fromme	
5-34	465-466	/	
5-35	467-476	brummende	
5-36	476-477	/	
5-37	478-487	ruͤllende	
5-38	487-488	/	
5-39	489-500	milchreiche	
5-40	500-501	/	
5-41	502-505	ver	
5-42	505-506	-	
5-43	507-517	gnuͤgliche	
5-44	517-518	/	
5-45	519-528	goͤllende	
5-46	528-529	/	
5-47	530-538	tragende	
5-48	539-543	oder	
5-49	544-553	traͤgtige	
5-50	553-554	/	
5-51	555-557	be	
5-52	557-558	-	
5-53	559-566	hoͤrnte	
5-54	567-571	Kuhe	
5-55	571-572	/	
5-56	573-576	die	
5-57	577-589	Kelbermutter	
5-58	589-590	/	
5-59	591-594	deß	
5-60	595-600	Oxens	
5-61	601-604	Wei	
5-62	604-605	-	
5-63	606-613	berherd	
5-64	613-614	.	
5-65	618-621	253	
5-66	621-622	.	

#Text=Kuͤhnheit.
6-1	623-632	Kuͤhnheit	
6-2	632-633	.	

#Text=Kuͤhn/ behertzt/
#Text=tapfer/ unverzagt/
#Text=wolgemu-
#Text=tet/ ein rechter Wagẽhals/ der gehet zu vermeſſen
#Text=ohn Scheu in die Gefahr/ iſt dollkuͤhn/ ſein ver-
#Text=geſſen und lebt nicht lange Jahr.
7-1	635-640	Kuͤhn	
7-2	640-641	/	
7-3	642-650	behertzt	
7-4	650-651	/	
7-5	652-658	tapfer	
7-6	658-659	/	
7-7	660-669	unverzagt	
7-8	669-670	/	
7-9	671-678	wolgemu	
7-10	678-679	-	
7-11	680-683	tet	
7-12	683-684	/	
7-13	685-688	ein	
7-14	689-696	rechter	
7-15	697-705	Wagẽhals	
7-16	705-706	/	
7-17	707-710	der	
7-18	711-716	gehet	
7-19	717-719	zu	
7-20	720-729	vermeſſen	
7-21	730-733	ohn	
7-22	734-739	Scheu	
7-23	740-742	in	
7-24	743-746	die	
7-25	747-753	Gefahr	
7-26	753-754	/	
7-27	755-758	iſt	
7-28	759-768	dollkuͤhn	
7-29	768-769	/	
7-30	770-774	ſein	
7-31	775-778	ver	
7-32	778-779	-	
7-33	780-786	geſſen	
7-34	787-790	und	
7-35	791-795	lebt	
7-36	796-801	nicht	
7-37	802-807	lange	
7-38	808-812	Jahr	
7-39	812-813	.	

#Text=Kuͤhn wird in
#Text=den aͤrgſten Theil gebraucht: und als ein Laſter
#Text=geſchaͤndet/ wie Großmuͤtigkeit/ als eine Tugend
#Text=gelobet wird.
8-1	814-819	Kuͤhn	
8-2	820-824	wird	
8-3	825-827	in	
8-4	828-831	den	
8-5	832-840	aͤrgſten	
8-6	841-846	Theil	
8-7	847-856	gebraucht	
8-8	856-857	:	
8-9	858-861	und	
8-10	862-865	als	
8-11	866-869	ein	
8-12	870-876	Laſter	
8-13	877-888	geſchaͤndet	
8-14	888-889	/	
8-15	890-893	wie	
8-16	894-908	Großmuͤtigkeit	
8-17	908-909	/	
8-18	910-913	als	
8-19	914-918	eine	
8-20	919-925	Tugend	
8-21	926-933	gelobet	
8-22	934-938	wird	
8-23	938-939	.	

#Text=Die blinde Kuͤnheit ſchaut nicht
#Text=auf die Gefahr/ und ſelten auf die Ehr.
9-1	940-943	Die	
9-2	944-950	blinde	
9-3	951-959	Kuͤnheit	
9-4	960-966	ſchaut	
9-5	967-972	nicht	
9-6	973-976	auf	
9-7	977-980	die	
9-8	981-987	Gefahr	
9-9	987-988	/	
9-10	989-992	und	
9-11	993-999	ſelten	
9-12	1000-1003	auf	
9-13	1004-1007	die	
9-14	1008-1011	Ehr	
9-15	1011-1012	.	
