#FORMAT=WebAnno TSV 3.3
#T_SP=custom.Span|label
#T_RL=custom.Relation|label|BT_custom.Span


#Text=Die Zuckerbecker brauchen ihn am mei-
#Text=ſten, denn, wenn er trucken und mit Zu-
#Text=cker uͤberzogen worden, nennen ſie ihn
#Text=
#Text=uͤberzogenen Anis, Anis Reine, und petit
#Text=
#Text=
#Text=Verdun, ſolcher geſtalt die andern Sorten
#Text=
#Text=Anis, welche ſchlecht weg Verdun geheiſſen
#Text=weꝛden, und nur von Fenchel, nicht von A-
#Text=nis, gemachet ſind, davon zu unterſcheidẽ.
1-1	4-7	Die	_	_	_	
1-2	8-20	Zuckerbecker	_	_	_	
1-3	21-29	brauchen	_	_	_	
1-4	30-33	ihn	_	_	_	
1-5	34-36	am	_	_	_	
1-6	37-40	mei	_	_	_	
1-7	40-41	-	_	_	_	
1-8	42-46	ſten	_	_	_	
1-9	46-47	,	_	_	_	
1-10	48-52	denn	_	_	_	
1-11	52-53	,	_	_	_	
1-12	54-58	wenn	_	_	_	
1-13	59-61	er	_	_	_	
1-14	62-69	trucken	_	_	_	
1-15	70-73	und	_	_	_	
1-16	74-77	mit	_	_	_	
1-17	78-80	Zu	_	_	_	
1-18	80-81	-	_	_	_	
1-19	82-86	cker	_	_	_	
1-20	87-97	uͤberzogen	_	_	_	
1-21	98-104	worden	_	_	_	
1-22	104-105	,	_	_	_	
1-23	106-112	nennen	_	_	_	
1-24	113-116	ſie	_	_	_	
1-25	117-120	ihn	_	_	_	
1-26	122-134	uͤberzogenen	_	_	_	
1-27	135-139	Anis	_	_	_	
1-28	139-140	,	_	_	_	
1-29	141-145	Anis	_	_	_	
1-30	146-151	Reine	_	_	_	
1-31	151-152	,	_	_	_	
1-32	153-156	und	_	_	_	
1-33	157-162	petit	_	_	_	
1-34	165-171	Verdun	_	_	_	
1-35	171-172	,	_	_	_	
1-36	173-180	ſolcher	_	_	_	
1-37	181-188	geſtalt	_	_	_	
1-38	189-192	die	_	_	_	
1-39	193-199	andern	_	_	_	
1-40	200-206	Sorten	_	_	_	
1-41	208-212	Anis	_	_	_	
1-42	212-213	,	_	_	_	
1-43	214-220	welche	_	_	_	
1-44	221-229	ſchlecht	_	_	_	
1-45	230-233	weg	_	_	_	
1-46	234-240	Verdun	_	_	_	
1-47	241-250	geheiſſen	_	_	_	
1-48	251-257	weꝛden	_	_	_	
1-49	257-258	,	_	_	_	
1-50	259-262	und	_	_	_	
1-51	263-266	nur	_	_	_	
1-52	267-270	von	_	_	_	
1-53	271-278	Fenchel	_	_	_	
1-54	278-279	,	_	_	_	
1-55	280-285	nicht	_	_	_	
1-56	286-289	von	_	_	_	
1-57	290-291	A	_	_	_	
1-58	291-292	-	_	_	_	
1-59	293-296	nis	_	_	_	
1-60	296-297	,	_	_	_	
1-61	298-306	gemachet	_	_	_	
1-62	307-311	ſind	_	_	_	
1-63	311-312	,	_	_	_	
1-64	313-318	davon	_	_	_	
1-65	319-321	zu	_	_	_	
1-66	322-335	unterſcheidẽ	_	_	_	
1-67	335-336	.	_	_	_	

#Text=Es wird ferner ein Waſſer und weiſ-
#Text=ſes Oel aus dem Anis deſtilliret.
2-1	340-342	Es	_	_	_	
2-2	343-347	wird	_	_	_	
2-3	348-354	ferner	_	_	_	
2-4	355-358	ein	_	_	_	
2-5	359-365	Waſſer	_	_	_	
2-6	366-369	und	_	_	_	
2-7	370-374	weiſ	_	_	_	
2-8	374-375	-	_	_	_	
2-9	376-379	ſes	_	_	_	
2-10	380-383	Oel	_	_	_	
2-11	384-387	aus	_	_	_	
2-12	388-391	dem	_	_	_	
2-13	392-396	Anis	_	_	_	
2-14	397-408	deſtilliret	_	_	_	
2-15	408-409	.	_	_	_	

#Text=Die-
#Text=
#Text=ſes letztere, das von der geringſten Waͤr-
#Text=me aber wiederum zergehet und aufge-
#Text=loͤſet wird, hat einen gar ſtarcken pene-
#Text=tranten Geruch, und beſonders herrli-
#Text=che Tugenden.
3-1	410-413	Die	_	_	_	
3-2	413-414	-	_	_	_	
3-3	416-419	ſes	_	_	_	
3-4	420-428	letztere	_	_	_	
3-5	428-429	,	_	_	_	
3-6	430-433	das	_	_	_	
3-7	434-437	von	_	_	_	
3-8	438-441	der	_	_	_	
3-9	442-452	geringſten	_	_	_	
3-10	453-457	Waͤr	_	_	_	
3-11	457-458	-	_	_	_	
3-12	459-461	me	_	_	_	
3-13	462-466	aber	_	_	_	
3-14	467-475	wiederum	_	_	_	
3-15	476-484	zergehet	_	_	_	
3-16	485-488	und	_	_	_	
3-17	489-494	aufge	_	_	_	
3-18	494-495	-	_	_	_	
3-19	496-502	loͤſet	_	_	_	
3-20	503-507	wird	_	_	_	
3-21	507-508	,	_	_	_	
3-22	509-512	hat	_	_	_	
3-23	513-518	einen	_	_	_	
3-24	519-522	gar	_	_	_	
3-25	523-531	ſtarcken	Quality	_	_	
3-26	532-536	pene	Quality[1]	_	_	
3-27	536-537	-	Quality[1]	_	_	
3-28	538-545	tranten	Quality[1]	_	_	
3-29	546-552	Geruch	Smell\_Word	*|*	3-26[1_0]|3-25	
3-30	552-553	,	_	_	_	
3-31	554-557	und	_	_	_	
3-32	558-567	beſonders	_	_	_	
3-33	568-574	herrli	_	_	_	
3-34	574-575	-	_	_	_	
3-35	576-579	che	_	_	_	
3-36	580-588	Tugenden	_	_	_	
3-37	588-589	.	_	_	_	

#Text=Dieweil
#Text=es aber ſo gar
#Text=ſtarck riecht, deswegen ſoll es ſelten, oder
#Text=doch gantz maͤßig gebrauchet werden.
4-1	590-597	Dieweil	_	_	_	
4-2	598-600	es	Smell\_Source	_	_	
4-3	601-605	aber	_	_	_	
4-4	606-608	ſo	_	_	_	
4-5	609-612	gar	_	_	_	
4-6	613-619	ſtarck	Quality	_	_	
4-7	620-626	riecht	Smell\_Word	*|*	4-6|4-2	
4-8	626-627	,	_	_	_	
4-9	628-636	deswegen	_	_	_	
4-10	637-641	ſoll	_	_	_	
4-11	642-644	es	_	_	_	
4-12	645-651	ſelten	_	_	_	
4-13	651-652	,	_	_	_	
4-14	653-657	oder	_	_	_	
4-15	658-662	doch	_	_	_	
4-16	663-668	gantz	_	_	_	
4-17	669-675	maͤßig	_	_	_	
4-18	676-686	gebrauchet	_	_	_	
4-19	687-693	werden	_	_	_	
4-20	693-694	.	_	_	_	

#Text=Die Parfumirer machen ihre Teige
#Text=darmit an, und miſchen es unter aller-
#Text=hand Gewuͤrtze, ſo ſie hernach Pots-pour-
#Text=
#Text=ris nennen.
5-1	698-701	Die	_	_	_	
5-2	702-712	Parfumirer	_	_	_	
5-3	713-719	machen	_	_	_	
5-4	720-724	ihre	_	_	_	
5-5	725-730	Teige	_	_	_	
5-6	731-737	darmit	_	_	_	
5-7	738-740	an	_	_	_	
5-8	740-741	,	_	_	_	
5-9	742-745	und	_	_	_	
5-10	746-753	miſchen	_	_	_	
5-11	754-756	es	_	_	_	
5-12	757-762	unter	_	_	_	
5-13	763-768	aller	_	_	_	
5-14	768-769	-	_	_	_	
5-15	770-774	hand	_	_	_	
5-16	775-784	Gewuͤrtze	_	_	_	
5-17	784-785	,	_	_	_	
5-18	786-788	ſo	_	_	_	
5-19	789-792	ſie	_	_	_	
5-20	793-800	hernach	_	_	_	
5-21	801-810	Pots-pour	_	_	_	
5-22	810-811	-	_	_	_	
5-23	813-816	ris	_	_	_	
5-24	817-823	nennen	_	_	_	
5-25	823-824	.	_	_	_	

#Text=Einige brauchen es auch,
#Text=wiewohl ſehr ungereimt, ein ſo genann-
#Text=tes Aniswaſſer zu machen.
6-1	825-831	Einige	_	_	_	
6-2	832-840	brauchen	_	_	_	
6-3	841-843	es	_	_	_	
6-4	844-848	auch	_	_	_	
6-5	848-849	,	_	_	_	
6-6	850-857	wiewohl	_	_	_	
6-7	858-862	ſehr	_	_	_	
6-8	863-872	ungereimt	_	_	_	
6-9	872-873	,	_	_	_	
6-10	874-877	ein	_	_	_	
6-11	878-880	ſo	_	_	_	
6-12	881-887	genann	_	_	_	
6-13	887-888	-	_	_	_	
6-14	889-892	tes	_	_	_	
6-15	893-903	Aniswaſſer	_	_	_	
6-16	904-906	zu	_	_	_	
6-17	907-913	machen	_	_	_	
6-18	913-914	.	_	_	_	

#Text=Sonſten
#Text=
#Text=hat dieſes Oel uͤberaus groſſe Tugenden,
#Text=denn es nicht nur ein herrlich Mittel wi-
#Text=der das Grimmen und Bauchwehe/
#Text=
#Text=ſonderlich der jungen Kinder/
#Text=wenn
#Text=man ihnen den Nabel damit ſtreicht,
#Text=oder nur ein eintziges Troͤpflein unter
#Text=die Speiſe miſchet;
#Text=ſondern es hat auch,
#Text=mit einem Worte, alle Tugenden des
#Text=Aniſes, und kan eben alſo gebrauchet
7-1	915-922	Sonſten	_	_	_	
7-2	924-927	hat	_	_	_	
7-3	928-934	dieſes	_	_	_	
7-4	935-938	Oel	_	_	_	
7-5	939-947	uͤberaus	_	_	_	
7-6	948-954	groſſe	_	_	_	
7-7	955-963	Tugenden	_	_	_	
7-8	963-964	,	_	_	_	
7-9	965-969	denn	_	_	_	
7-10	970-972	es	_	_	_	
7-11	973-978	nicht	_	_	_	
7-12	979-982	nur	_	_	_	
7-13	983-986	ein	_	_	_	
7-14	987-995	herrlich	_	_	_	
7-15	996-1002	Mittel	_	_	_	
7-16	1003-1005	wi	_	_	_	
7-17	1005-1006	-	_	_	_	
7-18	1007-1010	der	_	_	_	
7-19	1011-1014	das	_	_	_	
7-20	1015-1022	Grimmen	_	_	_	
7-21	1023-1026	und	_	_	_	
7-22	1027-1036	Bauchwehe	_	_	_	
7-23	1036-1037	/	_	_	_	
7-24	1039-1049	ſonderlich	_	_	_	
7-25	1050-1053	der	_	_	_	
7-26	1054-1060	jungen	_	_	_	
7-27	1061-1067	Kinder	_	_	_	
7-28	1067-1068	/	_	_	_	
7-29	1069-1073	wenn	_	_	_	
7-30	1074-1077	man	_	_	_	
7-31	1078-1083	ihnen	_	_	_	
7-32	1084-1087	den	_	_	_	
7-33	1088-1093	Nabel	_	_	_	
7-34	1094-1099	damit	_	_	_	
7-35	1100-1108	ſtreicht	_	_	_	
7-36	1108-1109	,	_	_	_	
7-37	1110-1114	oder	_	_	_	
7-38	1115-1118	nur	_	_	_	
7-39	1119-1122	ein	_	_	_	
7-40	1123-1132	eintziges	_	_	_	
7-41	1133-1143	Troͤpflein	_	_	_	
7-42	1144-1149	unter	_	_	_	
7-43	1150-1153	die	_	_	_	
7-44	1154-1160	Speiſe	_	_	_	
7-45	1161-1168	miſchet	_	_	_	
7-46	1168-1169	;	_	_	_	
7-47	1170-1177	ſondern	_	_	_	
7-48	1178-1180	es	_	_	_	
7-49	1181-1184	hat	_	_	_	
7-50	1185-1189	auch	_	_	_	
7-51	1189-1190	,	_	_	_	
7-52	1191-1194	mit	_	_	_	
7-53	1195-1200	einem	_	_	_	
7-54	1201-1206	Worte	_	_	_	
7-55	1206-1207	,	_	_	_	
7-56	1208-1212	alle	_	_	_	
7-57	1213-1221	Tugenden	_	_	_	
7-58	1222-1225	des	_	_	_	
7-59	1226-1232	Aniſes	_	_	_	
7-60	1232-1233	,	_	_	_	
7-61	1234-1237	und	_	_	_	
7-62	1238-1241	kan	_	_	_	
7-63	1242-1246	eben	_	_	_	
7-64	1247-1251	alſo	_	_	_	
7-65	1252-1262	gebrauchet	_	_	_	
