#FORMAT=WebAnno TSV 3.3
#T_SP=custom.Span|label
#T_SP=webanno.custom.Emotions|Label
#T_RL=custom.Relation|label|BT_custom.Span


#Text=LES PARFUMS\r
#Text=\r
#Text=Après avoir assez longuement parlé de l’intelligence des fleurs, il\r
#Text=semblera naturel que nous disions un mot de leur âme qui est leur\r
#Text=parfum.
1-1	0-3	LES	_	_	_	_	
1-2	4-11	PARFUMS	_	_	_	_	
1-3	15-20	Après	_	_	_	_	
1-4	21-26	avoir	_	_	_	_	
1-5	27-32	assez	_	_	_	_	
1-6	33-43	longuement	_	_	_	_	
1-7	44-49	parlé	_	_	_	_	
1-8	50-52	de	_	_	_	_	
1-9	53-54	l	_	_	_	_	
1-10	54-55	’	_	_	_	_	
1-11	55-67	intelligence	_	_	_	_	
1-12	68-71	des	_	_	_	_	
1-13	72-78	fleurs	Smell\_Source	_	Anaphoric	1-28	
1-14	78-79	,	_	_	_	_	
1-15	80-82	il	_	_	_	_	
1-16	84-92	semblera	_	_	_	_	
1-17	93-100	naturel	_	_	_	_	
1-18	101-104	que	_	_	_	_	
1-19	105-109	nous	_	_	_	_	
1-20	110-117	disions	_	_	_	_	
1-21	118-120	un	_	_	_	_	
1-22	121-124	mot	_	_	_	_	
1-23	125-127	de	_	_	_	_	
1-24	128-132	leur	_	_	_	_	
1-25	133-136	âme	_	_	_	_	
1-26	137-140	qui	_	_	_	_	
1-27	141-144	est	_	_	_	_	
1-28	145-149	leur	Smell\_Source	_	_	_	
1-29	151-157	parfum	Smell\_Word	_	*	1-28	
1-30	157-158	.	_	_	_	_	

#Text=Malheureusement ici, de même que pour l’âme de l’homme, parfum\r
#Text=d’une autre sphère où baigne la raison, nous touchons tout de suite à\r
#Text=l’inconnaissable.
2-1	159-174	Malheureusement	_	_	_	_	
2-2	175-178	ici	_	_	_	_	
2-3	178-179	,	_	_	_	_	
2-4	180-182	de	_	_	_	_	
2-5	183-187	même	_	_	_	_	
2-6	188-191	que	_	_	_	_	
2-7	192-196	pour	_	_	_	_	
2-8	197-198	l	_	_	_	_	
2-9	198-199	’	_	_	_	_	
2-10	199-202	âme	_	_	_	_	
2-11	203-205	de	_	_	_	_	
2-12	206-207	l	_	_	_	_	
2-13	207-208	’	_	_	_	_	
2-14	208-213	homme	_	_	_	_	
2-15	213-214	,	_	_	_	_	
2-16	215-221	parfum	Smell\_Word	_	*|*|*	2-19[1_0]|2-27|2-28[2_0]	
2-17	223-224	d	_	_	_	_	
2-18	224-225	’	_	_	_	_	
2-19	225-228	une	Quality[1]	_	_	_	
2-20	229-234	autre	Quality[1]	_	_	_	
2-21	235-241	sphère	Quality[1]	_	_	_	
2-22	242-244	où	Quality[1]	_	_	_	
2-23	245-251	baigne	Quality[1]	_	_	_	
2-24	252-254	la	Quality[1]	_	_	_	
2-25	255-261	raison	Quality[1]	_	_	_	
2-26	261-262	,	_	_	_	_	
2-27	263-267	nous	Perceiver	_	_	_	
2-28	268-276	touchons	Effect[2]	_	_	_	
2-29	277-281	tout	Effect[2]	_	_	_	
2-30	282-284	de	Effect[2]	_	_	_	
2-31	285-290	suite	Effect[2]	_	_	_	
2-32	291-292	à	Effect[2]	_	_	_	
2-33	294-295	l	Effect[2]	_	_	_	
2-34	295-296	’	Effect[2]	_	_	_	
2-35	296-310	inconnaissable	Effect[2]	_	_	_	
2-36	310-311	.	_	_	_	_	

#Text=Nous ignorons à peu près entièrement l’intention de\r
#Text=cette zone d’air férié et invisiblement magnifique que les corolles\r
#Text=répandent autour d’elles.
3-1	312-316	Nous	_	_	_	_	
3-2	317-325	ignorons	_	_	_	_	
3-3	326-327	à	_	_	_	_	
3-4	328-331	peu	_	_	_	_	
3-5	332-336	près	_	_	_	_	
3-6	337-348	entièrement	_	_	_	_	
3-7	349-350	l	_	_	_	_	
3-8	350-351	’	_	_	_	_	
3-9	351-360	intention	_	_	_	_	
3-10	361-363	de	_	_	_	_	
3-11	365-370	cette	_	_	_	_	
3-12	371-375	zone	_	_	_	_	
3-13	376-377	d	_	_	_	_	
3-14	377-378	’	_	_	_	_	
3-15	378-381	air	Odour\_Carrier	_	_	_	
3-16	382-387	férié	Quality	_	_	_	
3-17	388-390	et	_	_	_	_	
3-18	391-404	invisiblement	_	_	_	_	
3-19	405-415	magnifique	Quality	_	_	_	
3-20	416-419	que	_	_	_	_	
3-21	420-423	les	_	_	_	_	
3-22	424-432	corolles	Smell\_Source	_	_	_	
3-23	434-443	répandent	Smell\_Word	_	*|*|*|*|*	3-22|4-13[3_0]|3-15|3-16|3-19	
3-24	444-450	autour	_	_	_	_	
3-25	451-452	d	_	_	_	_	
3-26	452-453	’	_	_	_	_	
3-27	453-458	elles	_	_	_	_	
3-28	458-459	.	_	_	_	_	

#Text=Il est en effet fort douteux qu’elle serve\r
#Text=principalement à attirer les insectes.
4-1	460-462	Il	_	_	_	_	
4-2	463-466	est	_	_	_	_	
4-3	467-469	en	_	_	_	_	
4-4	470-475	effet	_	_	_	_	
4-5	476-480	fort	_	_	_	_	
4-6	481-488	douteux	_	_	_	_	
4-7	489-491	qu	_	_	_	_	
4-8	491-492	’	_	_	_	_	
4-9	492-496	elle	_	_	_	_	
4-10	497-502	serve	_	_	_	_	
4-11	504-518	principalement	_	_	_	_	
4-12	519-520	à	_	_	_	_	
4-13	521-528	attirer	Effect[3]	_	_	_	
4-14	529-532	les	Effect[3]	_	_	_	
4-15	533-541	insectes	Effect[3]	_	_	_	
4-16	541-542	.	_	_	_	_	

#Text=D’abord, beaucoup de fleurs,\r
#Text=parmi les plus odorantes, n’admettent pas la fécondation croisée, de\r
#Text=sorte que la visite de l’abeille ou du papillon leur est indifférente ou\r
#Text=importune.
5-1	543-544	D	_	_	_	_	
5-2	544-545	’	_	_	_	_	
5-3	545-550	abord	_	_	_	_	
5-4	550-551	,	_	_	_	_	
5-5	552-560	beaucoup	Smell\_Source[4]	_	_	_	
5-6	561-563	de	Smell\_Source[4]	_	_	_	
5-7	564-570	fleurs	Smell\_Source[4]	_	_	_	
5-8	570-571	,	_	_	_	_	
5-9	573-578	parmi	_	_	_	_	
5-10	579-582	les	_	_	_	_	
5-11	583-587	plus	_	_	_	_	
5-12	588-597	odorantes	Smell\_Word	_	*	5-5[4_0]	
5-13	597-598	,	_	_	_	_	
5-14	599-600	n	_	_	_	_	
5-15	600-601	’	_	_	_	_	
5-16	601-610	admettent	_	_	_	_	
5-17	611-614	pas	_	_	_	_	
5-18	615-617	la	_	_	_	_	
5-19	618-629	fécondation	_	_	_	_	
5-20	630-637	croisée	_	_	_	_	
5-21	637-638	,	_	_	_	_	
5-22	639-641	de	_	_	_	_	
5-23	643-648	sorte	_	_	_	_	
5-24	649-652	que	_	_	_	_	
5-25	653-655	la	_	_	_	_	
5-26	656-662	visite	_	_	_	_	
5-27	663-665	de	_	_	_	_	
5-28	666-667	l	_	_	_	_	
5-29	667-668	’	_	_	_	_	
5-30	668-675	abeille	_	_	_	_	
5-31	676-678	ou	_	_	_	_	
5-32	679-681	du	_	_	_	_	
5-33	682-690	papillon	_	_	_	_	
5-34	691-695	leur	_	_	_	_	
5-35	696-699	est	_	_	_	_	
5-36	700-712	indifférente	_	_	_	_	
5-37	713-715	ou	_	_	_	_	
5-38	717-726	importune	_	_	_	_	
5-39	726-727	.	_	_	_	_	

#Text=Ensuite, ce qui appelle les insectes, c’est uniquement le\r
#Text=pollen et le nectar, qui généralement, n’ont pas d’odeur sensible.
6-1	728-735	Ensuite	_	_	_	_	
6-2	735-736	,	_	_	_	_	
6-3	737-739	ce	_	_	_	_	
6-4	740-743	qui	_	_	_	_	
6-5	744-751	appelle	_	_	_	_	
6-6	752-755	les	_	_	_	_	
6-7	756-764	insectes	Perceiver	_	_	_	
6-8	764-765	,	_	_	_	_	
6-9	766-767	c	_	_	_	_	
6-10	767-768	’	_	_	_	_	
6-11	768-771	est	_	_	_	_	
6-12	772-782	uniquement	_	_	_	_	
6-13	783-785	le	Smell\_Source[5]	_	Anaphoric	6-19[0_5]	
6-14	787-793	pollen	Smell\_Source[5]	_	_	_	
6-15	794-796	et	_	_	_	_	
6-16	797-799	le	Smell\_Source[6]	_	Anaphoric	6-19[0_6]	
6-17	800-806	nectar	Smell\_Source[6]	_	_	_	
6-18	806-807	,	_	_	_	_	
6-19	808-811	qui	Smell\_Source	_	_	_	
6-20	812-824	généralement	_	_	_	_	
6-21	824-825	,	_	_	_	_	
6-22	826-827	n	_	_	_	_	
6-23	827-828	’	_	_	_	_	
6-24	828-831	ont	_	_	_	_	
6-25	832-835	pas	_	_	_	_	
6-26	836-837	d	_	_	_	_	
6-27	837-838	’	_	_	_	_	
6-28	838-843	odeur	Smell\_Word	_	*|*|*	6-7|6-29|6-19	
6-29	844-852	sensible	Quality	_	_	_	
6-30	852-853	.	_	_	_	_	

#Text=Aussi\r
#Text=les voyons-nous négliger les fleurs les plus délicieusement parfumées,\r
#Text=telles que la Rose et l’Œillet, pour assiéger en foule celles de\r
#Text=l’Érable ou du Coudrier, dont l’arome est pour ainsi dire nul.
7-1	854-859	Aussi	_	_	_	_	
7-2	861-864	les	_	_	_	_	
7-3	865-876	voyons-nous	Perceiver	_	_	_	
7-4	877-885	négliger	_	_	_	_	
7-5	886-889	les	_	_	_	_	
7-6	890-896	fleurs	Smell\_Source	_	_	_	
7-7	897-900	les	Quality[7]	_	_	_	
7-8	901-905	plus	Quality[7]	_	_	_	
7-9	906-920	délicieusement	Quality[7]	_	_	_	
7-10	921-930	parfumées	Quality[7]|Smell\_Word[8]	_	*|*|*|*|*	7-3[0_8]|7-7[7_8]|7-6[0_8]|7-15[0_8]|7-19[0_8]	
7-11	930-931	,	_	_	_	_	
7-12	933-939	telles	_	_	_	_	
7-13	940-943	que	_	_	_	_	
7-14	944-946	la	_	_	_	_	
7-15	947-951	Rose	Smell\_Source	_	_	_	
7-16	952-954	et	_	_	_	_	
7-17	955-956	l	_	_	_	_	
7-18	956-957	’	_	_	_	_	
7-19	957-963	Œillet	Smell\_Source	_	_	_	
7-20	963-964	,	_	_	_	_	
7-21	965-969	pour	_	_	_	_	
7-22	970-978	assiéger	_	_	_	_	
7-23	979-981	en	_	_	_	_	
7-24	982-987	foule	_	_	_	_	
7-25	988-994	celles	_	_	_	_	
7-26	995-997	de	_	_	_	_	
7-27	999-1000	l	_	_	_	_	
7-28	1000-1001	’	_	_	_	_	
7-29	1001-1007	Érable	Smell\_Source	_	_	_	
7-30	1008-1010	ou	_	_	_	_	
7-31	1011-1013	du	_	_	_	_	
7-32	1014-1022	Coudrier	Smell\_Source	_	_	_	
7-33	1022-1023	,	_	_	_	_	
7-34	1024-1028	dont	_	_	_	_	
7-35	1029-1030	l	_	_	_	_	
7-36	1030-1031	’	_	_	_	_	
7-37	1031-1036	arome	Smell\_Word	_	*|*|*	7-42|7-32|7-29	
7-38	1037-1040	est	_	_	_	_	
7-39	1041-1045	pour	_	_	_	_	
7-40	1046-1051	ainsi	_	_	_	_	
7-41	1052-1056	dire	_	_	_	_	
7-42	1057-1060	nul	Quality	_	_	_	
7-43	1060-1061	.	_	_	_	_	

#Text=Avouons donc que nous ne savons pas encore en quoi les parfums sont\r
#Text=utiles à la fleur, de même que nous ignorons pourquoi nous les\r
#Text=percevons.
8-1	1065-1072	Avouons	_	_	_	_	
8-2	1073-1077	donc	_	_	_	_	
8-3	1078-1081	que	_	_	_	_	
8-4	1082-1086	nous	_	_	_	_	
8-5	1087-1089	ne	_	_	_	_	
8-6	1090-1096	savons	_	_	_	_	
8-7	1097-1100	pas	_	_	_	_	
8-8	1101-1107	encore	_	_	_	_	
8-9	1108-1110	en	_	_	_	_	
8-10	1111-1115	quoi	_	_	_	_	
8-11	1116-1119	les	_	_	_	_	
8-12	1120-1127	parfums	Smell\_Word	_	*|*|Anaphoric	8-14|8-17|8-26	
8-13	1128-1132	sont	_	_	_	_	
8-14	1134-1140	utiles	Quality	_	_	_	
8-15	1141-1142	à	_	_	_	_	
8-16	1143-1145	la	_	_	_	_	
8-17	1146-1151	fleur	Smell\_Source	_	_	_	
8-18	1151-1152	,	_	_	_	_	
8-19	1153-1155	de	_	_	_	_	
8-20	1156-1160	même	_	_	_	_	
8-21	1161-1164	que	_	_	_	_	
8-22	1165-1169	nous	_	_	_	_	
8-23	1170-1178	ignorons	_	_	_	_	
8-24	1179-1187	pourquoi	_	_	_	_	
8-25	1188-1192	nous	Perceiver	_	Anaphoric	9-10	
8-26	1193-1196	les	Smell\_Word	_	*	8-27	
8-27	1198-1207	percevons	Smell\_Word	_	*	8-25	
8-28	1207-1208	.	_	_	_	_	

#Text=L’odorat est effectivement le plus inexpliqué de nos sens.
9-1	1209-1210	L	_	_	_	_	
9-2	1210-1211	’	_	_	_	_	
9-3	1211-1217	odorat	Smell\_Word	_	*|*	9-10|9-6[9_0]	
9-4	1218-1221	est	_	_	_	_	
9-5	1222-1235	effectivement	_	_	_	_	
9-6	1236-1238	le	Quality[9]	_	_	_	
9-7	1239-1243	plus	Quality[9]	_	_	_	
9-8	1244-1254	inexpliqué	Quality[9]	_	_	_	
9-9	1255-1257	de	_	_	_	_	
9-10	1258-1261	nos	Perceiver	_	Anaphoric	12-4	
9-11	1262-1266	sens	_	_	_	_	
9-12	1266-1267	.	_	_	_	_	

#Text=Il\r
#Text=est évident que la vue, l’ouïe, le toucher et le goût sont\r
#Text=indispensables à notre vie animale.
10-1	1268-1270	Il	_	_	_	_	
10-2	1272-1275	est	_	_	_	_	
10-3	1276-1283	évident	_	_	_	_	
10-4	1284-1287	que	_	_	_	_	
10-5	1288-1290	la	_	_	_	_	
10-6	1291-1294	vue	_	_	_	_	
10-7	1294-1295	,	_	_	_	_	
10-8	1296-1297	l	_	_	_	_	
10-9	1297-1298	’	_	_	_	_	
10-10	1298-1302	ouïe	_	_	_	_	
10-11	1302-1303	,	_	_	_	_	
10-12	1304-1306	le	_	_	_	_	
10-13	1307-1314	toucher	_	_	_	_	
10-14	1315-1317	et	_	_	_	_	
10-15	1318-1320	le	_	_	_	_	
10-16	1321-1325	goût	_	_	_	_	
10-17	1326-1330	sont	_	_	_	_	
10-18	1332-1346	indispensables	_	_	_	_	
10-19	1347-1348	à	_	_	_	_	
10-20	1349-1354	notre	_	_	_	_	
10-21	1355-1358	vie	_	_	_	_	
10-22	1359-1366	animale	_	_	_	_	
10-23	1366-1367	.	_	_	_	_	

#Text=Seule, une longue éducation nous\r
#Text=apprend à jouir avec désintéressement des formes, des couleurs et des\r
#Text=sons.
11-1	1368-1373	Seule	_	_	_	_	
11-2	1373-1374	,	_	_	_	_	
11-3	1375-1378	une	_	_	_	_	
11-4	1379-1385	longue	_	_	_	_	
11-5	1386-1395	éducation	_	_	_	_	
11-6	1396-1400	nous	_	_	_	_	
11-7	1402-1409	apprend	_	_	_	_	
11-8	1410-1411	à	_	_	_	_	
11-9	1412-1417	jouir	_	_	_	_	
11-10	1418-1422	avec	_	_	_	_	
11-11	1423-1439	désintéressement	_	_	_	_	
11-12	1440-1443	des	_	_	_	_	
11-13	1444-1450	formes	_	_	_	_	
11-14	1450-1451	,	_	_	_	_	
11-15	1452-1455	des	_	_	_	_	
11-16	1456-1464	couleurs	_	_	_	_	
11-17	1465-1467	et	_	_	_	_	
11-18	1468-1471	des	_	_	_	_	
11-19	1473-1477	sons	_	_	_	_	
11-20	1477-1478	.	_	_	_	_	

#Text=Du reste, notre odorat exerce aussi d’importantes fonctions\r
#Text=serviles.
12-1	1479-1481	Du	_	_	_	_	
12-2	1482-1487	reste	_	_	_	_	
12-3	1487-1488	,	_	_	_	_	
12-4	1489-1494	notre	Perceiver	_	Anaphoric	15-9	
12-5	1495-1501	odorat	Smell\_Word	_	*|*	12-10[10_0]|12-4	
12-6	1502-1508	exerce	_	_	_	_	
12-7	1509-1514	aussi	_	_	_	_	
12-8	1515-1516	d	_	_	_	_	
12-9	1516-1517	’	_	_	_	_	
12-10	1517-1528	importantes	Effect[10]	_	_	_	
12-11	1529-1538	fonctions	Effect[10]	_	_	_	
12-12	1540-1548	serviles	Effect[10]	_	_	_	
12-13	1548-1549	.	Effect[10]	_	_	_	

#Text=Il est le gardien de l’air que nous respirons, il est\r
#Text=l’hygiéniste et le chimiste qui veille soigneusement sur la qualité des\r
#Text=aliments offerts, toute émanation désagréable décelant la présence de\r
#Text=germes suspects ou dangereux.
13-1	1550-1552	Il	_	_	_	_	
13-2	1553-1556	est	_	_	_	_	
13-3	1557-1559	le	_	_	_	_	
13-4	1560-1567	gardien	_	_	_	_	
13-5	1568-1570	de	_	_	_	_	
13-6	1571-1572	l	_	_	_	_	
13-7	1572-1573	’	_	_	_	_	
13-8	1573-1576	air	_	_	_	_	
13-9	1577-1580	que	_	_	_	_	
13-10	1581-1585	nous	_	_	_	_	
13-11	1586-1595	respirons	_	_	_	_	
13-12	1595-1596	,	_	_	_	_	
13-13	1597-1599	il	_	_	_	_	
13-14	1600-1603	est	_	_	_	_	
13-15	1605-1606	l	_	_	_	_	
13-16	1606-1607	’	_	_	_	_	
13-17	1607-1617	hygiéniste	_	_	_	_	
13-18	1618-1620	et	_	_	_	_	
13-19	1621-1623	le	_	_	_	_	
13-20	1624-1632	chimiste	_	_	_	_	
13-21	1633-1636	qui	_	_	_	_	
13-22	1637-1643	veille	_	_	_	_	
13-23	1644-1657	soigneusement	_	_	_	_	
13-24	1658-1661	sur	_	_	_	_	
13-25	1662-1664	la	_	_	_	_	
13-26	1665-1672	qualité	_	_	_	_	
13-27	1673-1676	des	_	_	_	_	
13-28	1678-1686	aliments	_	_	_	_	
13-29	1687-1694	offerts	_	_	_	_	
13-30	1694-1695	,	_	_	_	_	
13-31	1696-1701	toute	_	_	_	_	
13-32	1702-1711	émanation	_	_	_	_	
13-33	1712-1723	désagréable	_	_	_	_	
13-34	1724-1732	décelant	_	_	_	_	
13-35	1733-1735	la	_	_	_	_	
13-36	1736-1744	présence	_	_	_	_	
13-37	1745-1747	de	_	_	_	_	
13-38	1749-1755	germes	_	_	_	_	
13-39	1756-1764	suspects	_	_	_	_	
13-40	1765-1767	ou	_	_	_	_	
13-41	1768-1777	dangereux	_	_	_	_	
13-42	1777-1778	.	_	_	_	_	

#Text=Mais, à côté de cette mission pratique, il\r
#Text=en a une autre qui ne répond apparemment à rien.
14-1	1779-1783	Mais	_	_	_	_	
14-2	1783-1784	,	_	_	_	_	
14-3	1785-1786	à	_	_	_	_	
14-4	1787-1791	côté	_	_	_	_	
14-5	1792-1794	de	_	_	_	_	
14-6	1795-1800	cette	_	_	_	_	
14-7	1801-1808	mission	_	_	_	_	
14-8	1809-1817	pratique	_	_	_	_	
14-9	1817-1818	,	_	_	_	_	
14-10	1819-1821	il	_	_	_	_	
14-11	1823-1825	en	_	_	_	_	
14-12	1826-1827	a	_	_	_	_	
14-13	1828-1831	une	_	_	_	_	
14-14	1832-1837	autre	_	_	_	_	
14-15	1838-1841	qui	_	_	_	_	
14-16	1842-1844	ne	_	_	_	_	
14-17	1845-1851	répond	_	_	_	_	
14-18	1852-1863	apparemment	_	_	_	_	
14-19	1864-1865	à	_	_	_	_	
14-20	1866-1870	rien	_	_	_	_	
14-21	1870-1871	.	_	_	_	_	

#Text=Les parfums sont en\r
#Text=tout point inutiles à notre vie physique.
15-1	1872-1875	Les	_	_	_	_	
15-2	1876-1883	parfums	Smell\_Word	_	*|*|Anaphoric	15-7|15-9|16-7	
15-3	1884-1888	sont	_	_	_	_	
15-4	1889-1891	en	_	_	_	_	
15-5	1893-1897	tout	_	_	_	_	
15-6	1898-1903	point	_	_	_	_	
15-7	1904-1912	inutiles	Quality	_	_	_	
15-8	1913-1914	à	_	_	_	_	
15-9	1915-1920	notre	Perceiver	_	_	_	
15-10	1921-1924	vie	_	_	_	_	
15-11	1925-1933	physique	_	_	_	_	
15-12	1933-1934	.	_	_	_	_	

#Text=Trop violents, trop\r
#Text=permanents, ils peuvent même lui devenir hostiles.
16-1	1935-1939	Trop	Quality[11]	_	_	_	
16-2	1940-1948	violents	Quality[11]	_	_	_	
16-3	1948-1949	,	_	_	_	_	
16-4	1950-1954	trop	Quality[12]	_	_	_	
16-5	1956-1966	permanents	Quality[12]	_	_	_	
16-6	1966-1967	,	_	_	_	_	
16-7	1968-1971	ils	Smell\_Word	_	*|*|*	16-1[11_0]|16-4[12_0]|16-12	
16-8	1972-1979	peuvent	_	_	_	_	
16-9	1980-1984	même	_	_	_	_	
16-10	1985-1988	lui	_	_	_	_	
16-11	1989-1996	devenir	_	_	_	_	
16-12	1997-2005	hostiles	Quality	_	_	_	
16-13	2005-2006	.	_	_	_	_	

#Text=Néanmoins, nous\r
#Text=possédons une faculté qui s’en réjouit et nous en apporte la bonne\r
#Text=nouvelle avec autant d’enthousiasme et de conviction que s’il s’agissait\r
#Text=de la découverte d’un fruit ou d’un breuvage délicieux.
17-1	2007-2016	Néanmoins	_	_	_	_	
17-2	2016-2017	,	_	_	_	_	
17-3	2018-2022	nous	_	_	_	_	
17-4	2024-2033	possédons	_	_	_	_	
17-5	2034-2037	une	_	_	_	_	
17-6	2038-2045	faculté	_	_	_	_	
17-7	2046-2049	qui	_	_	_	_	
17-8	2050-2051	s	_	_	_	_	
17-9	2051-2052	’	_	_	_	_	
17-10	2052-2054	en	_	_	_	_	
17-11	2055-2062	réjouit	_	_	_	_	
17-12	2063-2065	et	_	_	_	_	
17-13	2066-2070	nous	_	_	_	_	
17-14	2071-2073	en	_	_	_	_	
17-15	2074-2081	apporte	_	_	_	_	
17-16	2082-2084	la	_	_	_	_	
17-17	2085-2090	bonne	_	_	_	_	
17-18	2092-2100	nouvelle	_	_	_	_	
17-19	2101-2105	avec	_	_	_	_	
17-20	2106-2112	autant	_	_	_	_	
17-21	2113-2114	d	_	_	_	_	
17-22	2114-2115	’	_	_	_	_	
17-23	2115-2127	enthousiasme	_	_	_	_	
17-24	2128-2130	et	_	_	_	_	
17-25	2131-2133	de	_	_	_	_	
17-26	2134-2144	conviction	_	_	_	_	
17-27	2145-2148	que	_	_	_	_	
17-28	2149-2150	s	_	_	_	_	
17-29	2150-2151	’	_	_	_	_	
17-30	2151-2153	il	_	_	_	_	
17-31	2154-2155	s	_	_	_	_	
17-32	2155-2156	’	_	_	_	_	
17-33	2156-2164	agissait	_	_	_	_	
17-34	2166-2168	de	_	_	_	_	
17-35	2169-2171	la	_	_	_	_	
17-36	2172-2182	découverte	_	_	_	_	
17-37	2183-2184	d	_	_	_	_	
17-38	2184-2185	’	_	_	_	_	
17-39	2185-2187	un	_	_	_	_	
17-40	2188-2193	fruit	_	_	_	_	
17-41	2194-2196	ou	_	_	_	_	
17-42	2197-2198	d	_	_	_	_	
17-43	2198-2199	’	_	_	_	_	
17-44	2199-2201	un	_	_	_	_	
17-45	2202-2210	breuvage	_	_	_	_	
17-46	2211-2220	délicieux	_	_	_	_	
17-47	2220-2221	.	_	_	_	_	

#Text=Cette inutilité\r
#Text=mérite notre attention.
18-1	2222-2227	Cette	_	_	_	_	
18-2	2228-2237	inutilité	_	_	_	_	
18-3	2239-2245	mérite	_	_	_	_	
18-4	2246-2251	notre	_	_	_	_	
18-5	2252-2261	attention	_	_	_	_	
18-6	2261-2262	.	_	_	_	_	

#Text=Elle doit cacher un beau secret.
19-1	2263-2267	Elle	_	_	_	_	
19-2	2268-2272	doit	_	_	_	_	
19-3	2273-2279	cacher	_	_	_	_	
19-4	2280-2282	un	_	_	_	_	
19-5	2283-2287	beau	_	_	_	_	
19-6	2288-2294	secret	_	_	_	_	
19-7	2294-2295	.	_	_	_	_	

#Text=Voici la seule\r
#Text=occurrence où la nature nous procure un plaisir gratuit, une\r
#Text=satisfaction qui n’orne pas un piège de la nécessité.
20-1	2296-2301	Voici	_	_	_	_	
20-2	2302-2304	la	_	_	_	_	
20-3	2305-2310	seule	_	_	_	_	
20-4	2312-2322	occurrence	_	_	_	_	
20-5	2323-2325	où	_	_	_	_	
20-6	2326-2328	la	_	_	_	_	
20-7	2329-2335	nature	_	_	_	_	
20-8	2336-2340	nous	_	_	_	_	
20-9	2341-2348	procure	_	_	_	_	
20-10	2349-2351	un	_	_	_	_	
20-11	2352-2359	plaisir	_	_	_	_	
20-12	2360-2367	gratuit	_	_	_	_	
20-13	2367-2368	,	_	_	_	_	
20-14	2369-2372	une	_	_	_	_	
20-15	2374-2386	satisfaction	_	_	_	_	
20-16	2387-2390	qui	_	_	_	_	
20-17	2391-2392	n	_	_	_	_	
20-18	2392-2393	’	_	_	_	_	
20-19	2393-2397	orne	_	_	_	_	
20-20	2398-2401	pas	_	_	_	_	
20-21	2402-2404	un	_	_	_	_	
20-22	2405-2410	piège	_	_	_	_	
20-23	2411-2413	de	_	_	_	_	
20-24	2414-2416	la	_	_	_	_	
20-25	2417-2426	nécessité	_	_	_	_	
20-26	2426-2427	.	_	_	_	_	

#Text=L’odorat est\r
#Text=l’unique sens de luxe qu’elle nous ait octroyé.
21-1	2428-2429	L	_	_	_	_	
21-2	2429-2430	’	_	_	_	_	
21-3	2430-2436	odorat	Smell\_Word	_	*|*	21-14|21-9[13_0]	
21-4	2437-2440	est	_	_	_	_	
21-5	2442-2443	l	_	_	_	_	
21-6	2443-2444	’	_	_	_	_	
21-7	2444-2450	unique	_	_	_	_	
21-8	2451-2455	sens	_	_	_	_	
21-9	2456-2458	de	Quality[13]	_	_	_	
21-10	2459-2463	luxe	Quality[13]	_	_	_	
21-11	2464-2466	qu	_	_	_	_	
21-12	2466-2467	’	_	_	_	_	
21-13	2467-2471	elle	_	_	_	_	
21-14	2472-2476	nous	Perceiver	_	_	_	
21-15	2477-2480	ait	_	_	_	_	
21-16	2481-2488	octroyé	_	_	_	_	
21-17	2488-2489	.	_	_	_	_	

#Text=Aussi bien semble-t-il\r
#Text=presque étranger à notre corps, ne pas tenir fort étroitement à notre\r
#Text=organisme.
22-1	2490-2495	Aussi	_	_	_	_	
22-2	2496-2500	bien	_	_	_	_	
22-3	2501-2512	semble-t-il	_	_	_	_	
22-4	2514-2521	presque	_	_	_	_	
22-5	2522-2530	étranger	_	_	_	_	
22-6	2531-2532	à	_	_	_	_	
22-7	2533-2538	notre	_	_	_	_	
22-8	2539-2544	corps	_	_	_	_	
22-9	2544-2545	,	_	_	_	_	
22-10	2546-2548	ne	_	_	_	_	
22-11	2549-2552	pas	_	_	_	_	
22-12	2553-2558	tenir	_	_	_	_	
22-13	2559-2563	fort	_	_	_	_	
22-14	2564-2575	étroitement	_	_	_	_	
22-15	2576-2577	à	_	_	_	_	
22-16	2578-2583	notre	_	_	_	_	
22-17	2585-2594	organisme	_	_	_	_	
22-18	2594-2595	.	_	_	_	_	

#Text=Est-ce un appareil qui se développe ou s’atrophie, une\r
#Text=faculté qui s’endort ou s’éveille?
23-1	2596-2602	Est-ce	_	_	_	_	
23-2	2603-2605	un	_	_	_	_	
23-3	2606-2614	appareil	_	_	_	_	
23-4	2615-2618	qui	_	_	_	_	
23-5	2619-2621	se	_	_	_	_	
23-6	2622-2631	développe	_	_	_	_	
23-7	2632-2634	ou	_	_	_	_	
23-8	2635-2636	s	_	_	_	_	
23-9	2636-2637	’	_	_	_	_	
23-10	2637-2645	atrophie	_	_	_	_	
23-11	2645-2646	,	_	_	_	_	
23-12	2647-2650	une	_	_	_	_	
23-13	2652-2659	faculté	_	_	_	_	
23-14	2660-2663	qui	_	_	_	_	
23-15	2664-2665	s	_	_	_	_	
23-16	2665-2666	’	_	_	_	_	
23-17	2666-2672	endort	_	_	_	_	
23-18	2673-2675	ou	_	_	_	_	
23-19	2676-2677	s	_	_	_	_	
23-20	2677-2678	’	_	_	_	_	
23-21	2678-2685	éveille	_	_	_	_	
23-22	2685-2686	?	_	_	_	_	

#Text=Tout porte à croire qu’il évolue de\r
#Text=pair avec notre civilisation.
24-1	2687-2691	Tout	_	_	_	_	
24-2	2692-2697	porte	_	_	_	_	
24-3	2698-2699	à	_	_	_	_	
24-4	2700-2706	croire	_	_	_	_	
24-5	2707-2709	qu	_	_	_	_	
24-6	2709-2710	’	_	_	_	_	
24-7	2710-2712	il	_	_	_	_	
24-8	2713-2719	évolue	_	_	_	_	
24-9	2720-2722	de	_	_	_	_	
24-10	2724-2728	pair	_	_	_	_	
24-11	2729-2733	avec	_	_	_	_	
24-12	2734-2739	notre	_	_	_	_	
24-13	2740-2752	civilisation	_	_	_	_	
24-14	2752-2753	.	_	_	_	_	

#Text=Les anciens ne s’occupaient guère que des\r
#Text=bonnes odeurs les plus brutales, les plus lourdes, les plus solides,\r
#Text=pour ainsi dire, musc, benjoin, myrrhe, encens, etc., et l’arome des\r
#Text=fleurs est bien rarement mentionné dans les poèmes grecs et latins et\r
#Text=dans la littérature hébraïque.
25-1	2754-2757	Les	Perceiver[14]	_	_	_	
25-2	2758-2765	anciens	Perceiver[14]	_	_	_	
25-3	2766-2768	ne	_	_	_	_	
25-4	2769-2770	s	_	_	_	_	
25-5	2770-2771	’	_	_	_	_	
25-6	2771-2781	occupaient	_	_	_	_	
25-7	2782-2787	guère	_	_	_	_	
25-8	2788-2791	que	_	_	_	_	
25-9	2792-2795	des	_	_	_	_	
25-10	2797-2803	bonnes	Quality	_	_	_	
25-11	2804-2810	odeurs	Smell\_Word	_	*|*|*|*|*|*|*|*|*	25-34|25-10|25-1[14_0]|25-32|25-30|25-28|25-12[15_0]|25-16[16_0]|25-20[17_0]	
25-12	2811-2814	les	Quality[15]	_	_	_	
25-13	2815-2819	plus	Quality[15]	_	_	_	
25-14	2820-2828	brutales	Quality[15]	_	_	_	
25-15	2828-2829	,	_	_	_	_	
25-16	2830-2833	les	Quality[16]	_	_	_	
25-17	2834-2838	plus	Quality[16]	_	_	_	
25-18	2839-2846	lourdes	Quality[16]	_	_	_	
25-19	2846-2847	,	_	_	_	_	
25-20	2848-2851	les	Quality[17]	_	_	_	
25-21	2852-2856	plus	Quality[17]	_	_	_	
25-22	2857-2864	solides	Quality[17]	_	_	_	
25-23	2864-2865	,	_	_	_	_	
25-24	2867-2871	pour	_	_	_	_	
25-25	2872-2877	ainsi	_	_	_	_	
25-26	2878-2882	dire	_	_	_	_	
25-27	2882-2883	,	_	_	_	_	
25-28	2884-2888	musc	Smell\_Source	_	_	_	
25-29	2888-2889	,	_	_	_	_	
25-30	2890-2897	benjoin	Smell\_Source	_	_	_	
25-31	2897-2898	,	_	_	_	_	
25-32	2899-2905	myrrhe	Smell\_Source	_	_	_	
25-33	2905-2906	,	_	_	_	_	
25-34	2907-2913	encens	Smell\_Source	_	_	_	
25-35	2913-2914	,	_	_	_	_	
25-36	2915-2918	etc	_	_	_	_	
25-37	2918-2919	.	_	_	_	_	
25-38	2919-2920	,	_	_	_	_	
25-39	2921-2923	et	_	_	_	_	
25-40	2924-2925	l	_	_	_	_	
25-41	2925-2926	’	_	_	_	_	
25-42	2926-2931	arome	Smell\_Word	_	*|*|*	25-56[19_0]|25-49[18_0]|25-44	
25-43	2932-2935	des	_	_	_	_	
25-44	2937-2943	fleurs	Smell\_Source	_	_	_	
25-45	2944-2947	est	_	_	_	_	
25-46	2948-2952	bien	_	_	_	_	
25-47	2953-2961	rarement	_	_	_	_	
25-48	2962-2971	mentionné	_	_	_	_	
25-49	2972-2976	dans	Circumstances[18]	_	_	_	
25-50	2977-2980	les	Circumstances[18]	_	_	_	
25-51	2981-2987	poèmes	Circumstances[18]	_	_	_	
25-52	2988-2993	grecs	Circumstances[18]	_	_	_	
25-53	2994-2996	et	Circumstances[18]	_	_	_	
25-54	2997-3003	latins	Circumstances[18]	_	_	_	
25-55	3004-3006	et	_	_	_	_	
25-56	3008-3012	dans	Circumstances[19]	_	_	_	
25-57	3013-3015	la	Circumstances[19]	_	_	_	
25-58	3016-3027	littérature	Circumstances[19]	_	_	_	
25-59	3028-3037	hébraïque	Circumstances[19]	_	_	_	
25-60	3037-3038	.	_	_	_	_	

#Text=Aujourd’hui, voyons-nous nos paysans,\r
#Text=même dans leurs plus longs loisirs, songer à respirer une Violette ou\r
#Text=une Rose?
26-1	3039-3046	Aujourd	Time[20]	_	_	_	
26-2	3046-3047	’	Time[20]	_	_	_	
26-3	3047-3050	hui	Time[20]	_	_	_	
26-4	3050-3051	,	_	_	_	_	
26-5	3052-3063	voyons-nous	_	_	_	_	
26-6	3064-3067	nos	_	_	_	_	
26-7	3068-3075	paysans	_	_	_	_	
26-8	3075-3076	,	_	_	_	_	
26-9	3078-3082	même	_	_	_	_	
26-10	3083-3087	dans	_	_	_	_	
26-11	3088-3093	leurs	_	_	_	_	
26-12	3094-3098	plus	_	_	_	_	
26-13	3099-3104	longs	_	_	_	_	
26-14	3105-3112	loisirs	_	_	_	_	
26-15	3112-3113	,	_	_	_	_	
26-16	3114-3120	songer	_	_	_	_	
26-17	3121-3122	à	_	_	_	_	
26-18	3123-3131	respirer	Smell\_Word	_	*|*|*|*|*	26-20|26-23|26-1[20_0]|27-15[21_0]|27-19[22_0]	
26-19	3132-3135	une	_	_	_	_	
26-20	3136-3144	Violette	Smell\_Source	_	_	_	
26-21	3145-3147	ou	_	_	_	_	
26-22	3149-3152	une	_	_	_	_	
26-23	3153-3157	Rose	Smell\_Source	_	_	_	
26-24	3157-3158	?	_	_	_	_	

#Text=N’est-ce pas, au contraire, le premier geste de l’habitant des\r
#Text=grandes villes qui découvre une fleur?
27-1	3159-3160	N	_	_	_	_	
27-2	3160-3161	’	_	_	_	_	
27-3	3161-3167	est-ce	_	_	_	_	
27-4	3168-3171	pas	_	_	_	_	
27-5	3171-3172	,	_	_	_	_	
27-6	3173-3175	au	_	_	_	_	
27-7	3176-3185	contraire	_	_	_	_	
27-8	3185-3186	,	_	_	_	_	
27-9	3187-3189	le	_	_	_	_	
27-10	3190-3197	premier	_	_	_	_	
27-11	3198-3203	geste	_	_	_	_	
27-12	3204-3206	de	_	_	_	_	
27-13	3207-3208	l	_	_	_	_	
27-14	3208-3209	’	_	_	_	_	
27-15	3209-3217	habitant	Perceiver[21]	_	_	_	
27-16	3218-3221	des	Perceiver[21]	_	_	_	
27-17	3223-3230	grandes	Perceiver[21]	_	_	_	
27-18	3231-3237	villes	Perceiver[21]	_	_	_	
27-19	3238-3241	qui	Circumstances[22]	_	_	_	
27-20	3242-3250	découvre	Circumstances[22]	_	_	_	
27-21	3251-3254	une	Circumstances[22]	_	_	_	
27-22	3255-3260	fleur	Circumstances[22]	_	_	_	
27-23	3260-3261	?	_	_	_	_	

#Text=Il y a donc quelque sujet\r
#Text=d’admettre que l’odorat soit le dernier né de nos sens, le seul\r
#Text=peut-être, qui ne soit pas «en voie de régression», comme disent\r
#Text=pesamment les biologistes.
28-1	3262-3264	Il	_	_	_	_	
28-2	3265-3266	y	_	_	_	_	
28-3	3267-3268	a	_	_	_	_	
28-4	3269-3273	donc	_	_	_	_	
28-5	3274-3281	quelque	_	_	_	_	
28-6	3282-3287	sujet	_	_	_	_	
28-7	3289-3290	d	_	_	_	_	
28-8	3290-3291	’	_	_	_	_	
28-9	3291-3299	admettre	_	_	_	_	
28-10	3300-3303	que	_	_	_	_	
28-11	3304-3305	l	_	_	_	_	
28-12	3305-3306	’	_	_	_	_	
28-13	3306-3312	odorat	Smell\_Word	_	*|*|*	28-15[23_0]|28-19[24_0]|28-29[25_0]	
28-14	3313-3317	soit	_	_	_	_	
28-15	3318-3320	le	Quality[23]	_	_	_	
28-16	3321-3328	dernier	Quality[23]	_	_	_	
28-17	3329-3331	né	Quality[23]	_	_	_	
28-18	3332-3334	de	Quality[23]	_	_	_	
28-19	3335-3338	nos	Quality[23]|Perceiver[24]	_	_	_	
28-20	3339-3343	sens	Quality[23]	_	_	_	
28-21	3343-3344	,	_	_	_	_	
28-22	3345-3347	le	_	_	_	_	
28-23	3348-3352	seul	_	_	_	_	
28-24	3354-3363	peut-être	_	_	_	_	
28-25	3363-3364	,	_	_	_	_	
28-26	3365-3368	qui	_	_	_	_	
28-27	3369-3371	ne	_	_	_	_	
28-28	3372-3376	soit	_	_	_	_	
28-29	3377-3380	pas	Quality[25]	_	_	_	
28-30	3381-3382	«	Quality[25]	_	_	_	
28-31	3382-3384	en	Quality[25]	_	_	_	
28-32	3385-3389	voie	Quality[25]	_	_	_	
28-33	3390-3392	de	Quality[25]	_	_	_	
28-34	3393-3403	régression	Quality[25]	_	_	_	
28-35	3403-3404	»	_	_	_	_	
28-36	3404-3405	,	_	_	_	_	
28-37	3406-3411	comme	_	_	_	_	
28-38	3412-3418	disent	_	_	_	_	
28-39	3420-3429	pesamment	_	_	_	_	
28-40	3430-3433	les	_	_	_	_	
28-41	3434-3445	biologistes	_	_	_	_	
28-42	3445-3446	.	_	_	_	_	

#Text=C’est une raison pour nous y attacher,\r
#Text=l’interroger et cultiver ses possibilités.
29-1	3447-3448	C	_	_	_	_	
29-2	3448-3449	’	_	_	_	_	
29-3	3449-3452	est	_	_	_	_	
29-4	3453-3456	une	_	_	_	_	
29-5	3457-3463	raison	_	_	_	_	
29-6	3464-3468	pour	_	_	_	_	
29-7	3469-3473	nous	_	_	_	_	
29-8	3474-3475	y	_	_	_	_	
29-9	3476-3484	attacher	_	_	_	_	
29-10	3484-3485	,	_	_	_	_	
29-11	3487-3488	l	_	_	_	_	
29-12	3488-3489	’	_	_	_	_	
29-13	3489-3499	interroger	_	_	_	_	
29-14	3500-3502	et	_	_	_	_	
29-15	3503-3511	cultiver	_	_	_	_	
29-16	3512-3515	ses	_	_	_	_	
29-17	3516-3528	possibilités	_	_	_	_	
29-18	3528-3529	.	_	_	_	_	

#Text=Qui dira les surprises qu’il\r
#Text=nous réserverait s’il égalait, par exemple, la perfection de l’œil,\r
#Text=comme il fait chez le chien qui vit autant par le nez que par les yeux?
30-1	3530-3533	Qui	_	_	_	_	
30-2	3534-3538	dira	_	_	_	_	
30-3	3539-3542	les	_	_	_	_	
30-4	3543-3552	surprises	_	_	_	_	
30-5	3553-3555	qu	_	_	_	_	
30-6	3555-3556	’	_	_	_	_	
30-7	3556-3558	il	_	_	_	_	
30-8	3560-3564	nous	_	_	_	_	
30-9	3565-3576	réserverait	_	_	_	_	
30-10	3577-3578	s	_	_	_	_	
30-11	3578-3579	’	_	_	_	_	
30-12	3579-3581	il	_	_	_	_	
30-13	3582-3589	égalait	_	_	_	_	
30-14	3589-3590	,	_	_	_	_	
30-15	3591-3594	par	_	_	_	_	
30-16	3595-3602	exemple	_	_	_	_	
30-17	3602-3603	,	_	_	_	_	
30-18	3604-3606	la	_	_	_	_	
30-19	3607-3617	perfection	_	_	_	_	
30-20	3618-3620	de	_	_	_	_	
30-21	3621-3622	l	_	_	_	_	
30-22	3622-3623	’	_	_	_	_	
30-23	3623-3626	œil	_	_	_	_	
30-24	3626-3627	,	_	_	_	_	
30-25	3629-3634	comme	_	_	_	_	
30-26	3635-3637	il	_	_	_	_	
30-27	3638-3642	fait	_	_	_	_	
30-28	3643-3647	chez	_	_	_	_	
30-29	3648-3650	le	_	_	_	_	
30-30	3651-3656	chien	_	_	_	_	
30-31	3657-3660	qui	_	_	_	_	
30-32	3661-3664	vit	_	_	_	_	
30-33	3665-3671	autant	_	_	_	_	
30-34	3672-3675	par	_	_	_	_	
30-35	3676-3678	le	_	_	_	_	
30-36	3679-3682	nez	_	_	_	_	
30-37	3683-3686	que	_	_	_	_	
30-38	3687-3690	par	_	_	_	_	
30-39	3691-3694	les	_	_	_	_	
30-40	3695-3699	yeux	_	_	_	_	
30-41	3699-3700	?	_	_	_	_	

#Text=Il y a là un monde inexploré.
31-1	3704-3706	Il	_	_	_	_	
31-2	3707-3708	y	_	_	_	_	
31-3	3709-3710	a	_	_	_	_	
31-4	3711-3713	là	_	_	_	_	
31-5	3714-3716	un	_	_	_	_	
31-6	3717-3722	monde	_	_	_	_	
31-7	3723-3732	inexploré	_	_	_	_	
31-8	3732-3733	.	_	_	_	_	

#Text=Ce sens mystérieux qui, au premier abord,\r
#Text=paraît presque étranger à notre organisme, à le mieux considérer est\r
#Text=peut-être celui qui le pénètre le plus intimement.
32-1	3734-3736	Ce	_	_	_	_	
32-2	3737-3741	sens	_	_	_	_	
32-3	3742-3752	mystérieux	_	_	_	_	
32-4	3753-3756	qui	_	_	_	_	
32-5	3756-3757	,	_	_	_	_	
32-6	3758-3760	au	_	_	_	_	
32-7	3761-3768	premier	_	_	_	_	
32-8	3769-3774	abord	_	_	_	_	
32-9	3774-3775	,	_	_	_	_	
32-10	3777-3783	paraît	_	_	_	_	
32-11	3784-3791	presque	_	_	_	_	
32-12	3792-3800	étranger	_	_	_	_	
32-13	3801-3802	à	_	_	_	_	
32-14	3803-3808	notre	_	_	_	_	
32-15	3809-3818	organisme	_	_	_	_	
32-16	3818-3819	,	_	_	_	_	
32-17	3820-3821	à	_	_	_	_	
32-18	3822-3824	le	_	_	_	_	
32-19	3825-3830	mieux	_	_	_	_	
32-20	3831-3841	considérer	_	_	_	_	
32-21	3842-3845	est	_	_	_	_	
32-22	3847-3856	peut-être	_	_	_	_	
32-23	3857-3862	celui	_	_	_	_	
32-24	3863-3866	qui	_	_	_	_	
32-25	3867-3869	le	_	_	_	_	
32-26	3870-3877	pénètre	_	_	_	_	
32-27	3878-3880	le	_	_	_	_	
32-28	3881-3885	plus	_	_	_	_	
32-29	3886-3896	intimement	_	_	_	_	
32-30	3896-3897	.	_	_	_	_	

#Text=Ne sommes-nous pas,\r
#Text=avant tout, des êtres aériens?
33-1	3898-3900	Ne	_	_	_	_	
33-2	3901-3912	sommes-nous	_	_	_	_	
33-3	3913-3916	pas	_	_	_	_	
33-4	3916-3917	,	_	_	_	_	
33-5	3919-3924	avant	_	_	_	_	
33-6	3925-3929	tout	_	_	_	_	
33-7	3929-3930	,	_	_	_	_	
33-8	3931-3934	des	_	_	_	_	
33-9	3935-3940	êtres	_	_	_	_	
33-10	3941-3948	aériens	_	_	_	_	
33-11	3948-3949	?	_	_	_	_	

#Text=L’air ne nous est-il pas l’élément le\r
#Text=plus absolument et le plus promptement indispensable, et l’odorat\r
#Text=n’est-il pas justement l’unique sens qui en perçoive quelques parties?
34-1	3950-3951	L	_	_	_	_	
34-2	3951-3952	’	_	_	_	_	
34-3	3952-3955	air	_	_	_	_	
34-4	3956-3958	ne	_	_	_	_	
34-5	3959-3963	nous	_	_	_	_	
34-6	3964-3970	est-il	_	_	_	_	
34-7	3971-3974	pas	_	_	_	_	
34-8	3975-3976	l	_	_	_	_	
34-9	3976-3977	’	_	_	_	_	
34-10	3977-3984	élément	_	_	_	_	
34-11	3985-3987	le	_	_	_	_	
34-12	3989-3993	plus	_	_	_	_	
34-13	3994-4004	absolument	_	_	_	_	
34-14	4005-4007	et	_	_	_	_	
34-15	4008-4010	le	_	_	_	_	
34-16	4011-4015	plus	_	_	_	_	
34-17	4016-4027	promptement	_	_	_	_	
34-18	4028-4041	indispensable	_	_	_	_	
34-19	4041-4042	,	_	_	_	_	
34-20	4043-4045	et	_	_	_	_	
34-21	4046-4047	l	_	_	_	_	
34-22	4047-4048	’	_	_	_	_	
34-23	4048-4054	odorat	_	_	_	_	
34-24	4056-4057	n	_	_	_	_	
34-25	4057-4058	’	_	_	_	_	
34-26	4058-4064	est-il	_	_	_	_	
34-27	4065-4068	pas	_	_	_	_	
34-28	4069-4078	justement	_	_	_	_	
34-29	4079-4080	l	_	_	_	_	
34-30	4080-4081	’	_	_	_	_	
34-31	4081-4087	unique	_	_	_	_	
34-32	4088-4092	sens	_	_	_	_	
34-33	4093-4096	qui	_	_	_	_	
34-34	4097-4099	en	_	_	_	_	
34-35	4100-4108	perçoive	_	_	_	_	
34-36	4109-4117	quelques	_	_	_	_	
34-37	4118-4125	parties	_	_	_	_	
34-38	4125-4126	?	_	_	_	_	

#Text=Les parfums qui sont les joyaux de cet air qui nous fait vivre, ne\r
#Text=l’ornent pas sans raison.
35-1	4128-4131	Les	_	_	_	_	
35-2	4132-4139	parfums	Smell\_Word	_	*	35-9	
35-3	4140-4143	qui	_	_	_	_	
35-4	4144-4148	sont	_	_	_	_	
35-5	4149-4152	les	_	_	_	_	
35-6	4153-4159	joyaux	_	Joy	_	_	
35-7	4160-4162	de	_	_	_	_	
35-8	4163-4166	cet	_	_	_	_	
35-9	4167-4170	air	Odour\_Carrier	_	_	_	
35-10	4171-4174	qui	_	_	_	_	
35-11	4175-4179	nous	_	_	_	_	
35-12	4180-4184	fait	_	_	_	_	
35-13	4185-4190	vivre	_	_	_	_	
35-14	4190-4191	,	_	_	_	_	
35-15	4192-4194	ne	_	_	_	_	
35-16	4196-4197	l	_	_	_	_	
35-17	4197-4198	’	_	_	_	_	
35-18	4198-4204	ornent	_	_	_	_	
35-19	4205-4208	pas	_	_	_	_	
35-20	4209-4213	sans	_	_	_	_	
35-21	4214-4220	raison	_	_	_	_	
35-22	4220-4221	.	_	_	_	_	

#Text=Il ne serait pas surprenant que ce luxe\r
#Text=incompris répondît à quelque chose de très profond et de très essentiel,\r
#Text=et plutôt, comme nous venons de le voir, à quelque chose qui n’est pas\r
#Text=encore, qu’à quelque chose qui n’est plus.
36-1	4222-4224	Il	_	_	_	_	
36-2	4225-4227	ne	_	_	_	_	
36-3	4228-4234	serait	_	_	_	_	
36-4	4235-4238	pas	_	_	_	_	
36-5	4239-4249	surprenant	_	_	_	_	
36-6	4250-4253	que	_	_	_	_	
36-7	4254-4256	ce	_	_	_	_	
36-8	4257-4261	luxe	_	_	_	_	
36-9	4263-4272	incompris	_	_	_	_	
36-10	4273-4281	répondît	_	_	_	_	
36-11	4282-4283	à	_	_	_	_	
36-12	4284-4291	quelque	_	_	_	_	
36-13	4292-4297	chose	_	_	_	_	
36-14	4298-4300	de	_	_	_	_	
36-15	4301-4305	très	_	_	_	_	
36-16	4306-4313	profond	_	_	_	_	
36-17	4314-4316	et	_	_	_	_	
36-18	4317-4319	de	_	_	_	_	
36-19	4320-4324	très	_	_	_	_	
36-20	4325-4334	essentiel	_	_	_	_	
36-21	4334-4335	,	_	_	_	_	
36-22	4337-4339	et	_	_	_	_	
36-23	4340-4346	plutôt	_	_	_	_	
36-24	4346-4347	,	_	_	_	_	
36-25	4348-4353	comme	_	_	_	_	
36-26	4354-4358	nous	_	_	_	_	
36-27	4359-4365	venons	_	_	_	_	
36-28	4366-4368	de	_	_	_	_	
36-29	4369-4371	le	_	_	_	_	
36-30	4372-4376	voir	_	_	_	_	
36-31	4376-4377	,	_	_	_	_	
36-32	4378-4379	à	_	_	_	_	
36-33	4380-4387	quelque	_	_	_	_	
36-34	4388-4393	chose	_	_	_	_	
36-35	4394-4397	qui	_	_	_	_	
36-36	4398-4399	n	_	_	_	_	
36-37	4399-4400	’	_	_	_	_	
36-38	4400-4403	est	_	_	_	_	
36-39	4404-4407	pas	_	_	_	_	
36-40	4409-4415	encore	_	_	_	_	
36-41	4415-4416	,	_	_	_	_	
36-42	4417-4419	qu	_	_	_	_	
36-43	4419-4420	’	_	_	_	_	
36-44	4420-4421	à	_	_	_	_	
36-45	4422-4429	quelque	_	_	_	_	
36-46	4430-4435	chose	_	_	_	_	
36-47	4436-4439	qui	_	_	_	_	
36-48	4440-4441	n	_	_	_	_	
36-49	4441-4442	’	_	_	_	_	
36-50	4442-4445	est	_	_	_	_	
36-51	4446-4450	plus	_	_	_	_	
36-52	4450-4451	.	_	_	_	_	

#Text=Il est fort possible que ce\r
#Text=sens, le seul qui soit tourné vers l’avenir, saisisse déjà les\r
#Text=manifestations les plus frappantes d’une forme ou d’un état heureux et\r
#Text=salutaire de la matière qui nous réserve bien des surprises.
37-1	4452-4454	Il	_	_	_	_	
37-2	4455-4458	est	_	_	_	_	
37-3	4459-4463	fort	_	_	_	_	
37-4	4464-4472	possible	_	_	_	_	
37-5	4473-4476	que	_	_	_	_	
37-6	4477-4479	ce	_	_	_	_	
37-7	4481-4485	sens	_	_	_	_	
37-8	4485-4486	,	_	_	_	_	
37-9	4487-4489	le	_	_	_	_	
37-10	4490-4494	seul	_	_	_	_	
37-11	4495-4498	qui	_	_	_	_	
37-12	4499-4503	soit	_	_	_	_	
37-13	4504-4510	tourné	_	_	_	_	
37-14	4511-4515	vers	_	_	_	_	
37-15	4516-4517	l	_	_	_	_	
37-16	4517-4518	’	_	_	_	_	
37-17	4518-4524	avenir	_	_	_	_	
37-18	4524-4525	,	_	_	_	_	
37-19	4526-4534	saisisse	_	_	_	_	
37-20	4535-4539	déjà	_	_	_	_	
37-21	4540-4543	les	_	_	_	_	
37-22	4545-4559	manifestations	_	_	_	_	
37-23	4560-4563	les	_	_	_	_	
37-24	4564-4568	plus	_	_	_	_	
37-25	4569-4579	frappantes	_	_	_	_	
37-26	4580-4581	d	_	_	_	_	
37-27	4581-4582	’	_	_	_	_	
37-28	4582-4585	une	_	_	_	_	
37-29	4586-4591	forme	_	_	_	_	
37-30	4592-4594	ou	_	_	_	_	
37-31	4595-4596	d	_	_	_	_	
37-32	4596-4597	’	_	_	_	_	
37-33	4597-4599	un	_	_	_	_	
37-34	4600-4604	état	_	_	_	_	
37-35	4605-4612	heureux	_	Joy	_	_	
37-36	4613-4615	et	_	_	_	_	
37-37	4617-4626	salutaire	_	_	_	_	
37-38	4627-4629	de	_	_	_	_	
37-39	4630-4632	la	_	_	_	_	
37-40	4633-4640	matière	_	_	_	_	
37-41	4641-4644	qui	_	_	_	_	
37-42	4645-4649	nous	_	_	_	_	
37-43	4650-4657	réserve	_	_	_	_	
37-44	4658-4662	bien	_	_	_	_	
37-45	4663-4666	des	_	_	_	_	
37-46	4667-4676	surprises	_	_	_	_	
37-47	4676-4677	.	_	_	_	_	

#Text=En attendant, il en est encore aux perceptions les plus violentes, les\r
#Text=moins subtiles.
38-1	4681-4683	En	_	_	_	_	
38-2	4684-4693	attendant	_	_	_	_	
38-3	4693-4694	,	_	_	_	_	
38-4	4695-4697	il	_	_	_	_	
38-5	4698-4700	en	_	_	_	_	
38-6	4701-4704	est	_	_	_	_	
38-7	4705-4711	encore	_	_	_	_	
38-8	4712-4715	aux	_	_	_	_	
38-9	4716-4727	perceptions	_	_	_	_	
38-10	4728-4731	les	_	_	_	_	
38-11	4732-4736	plus	_	_	_	_	
38-12	4737-4746	violentes	_	_	_	_	
38-13	4746-4747	,	_	_	_	_	
38-14	4748-4751	les	_	_	_	_	
38-15	4753-4758	moins	_	_	_	_	
38-16	4759-4767	subtiles	_	_	_	_	
38-17	4767-4768	.	_	_	_	_	

#Text=C’est à peine s’il soupçonne, en s’aidant de\r
#Text=l’imagination, les profonds et harmonieux effluves qui enveloppent\r
#Text=évidemment les grands spectacles de l’atmosphère et de la lumière.
39-1	4769-4770	C	_	_	_	_	
39-2	4770-4771	’	_	_	_	_	
39-3	4771-4774	est	_	_	_	_	
39-4	4775-4776	à	_	_	_	_	
39-5	4777-4782	peine	_	_	_	_	
39-6	4783-4784	s	_	_	_	_	
39-7	4784-4785	’	_	_	_	_	
39-8	4785-4787	il	_	_	_	_	
39-9	4788-4797	soupçonne	_	_	_	_	
39-10	4797-4798	,	_	_	_	_	
39-11	4799-4801	en	_	_	_	_	
39-12	4802-4803	s	_	_	_	_	
39-13	4803-4804	’	_	_	_	_	
39-14	4804-4810	aidant	_	_	_	_	
39-15	4811-4813	de	_	_	_	_	
39-16	4815-4816	l	_	_	_	_	
39-17	4816-4817	’	_	_	_	_	
39-18	4817-4828	imagination	_	_	_	_	
39-19	4828-4829	,	_	_	_	_	
39-20	4830-4833	les	_	_	_	_	
39-21	4834-4842	profonds	_	_	_	_	
39-22	4843-4845	et	_	_	_	_	
39-23	4846-4856	harmonieux	_	_	_	_	
39-24	4857-4865	effluves	_	_	_	_	
39-25	4866-4869	qui	_	_	_	_	
39-26	4870-4881	enveloppent	_	_	_	_	
39-27	4883-4893	évidemment	_	_	_	_	
39-28	4894-4897	les	_	_	_	_	
39-29	4898-4904	grands	_	_	_	_	
39-30	4905-4915	spectacles	_	_	_	_	
39-31	4916-4918	de	_	_	_	_	
39-32	4919-4920	l	_	_	_	_	
39-33	4920-4921	’	_	_	_	_	
39-34	4921-4931	atmosphère	_	_	_	_	
39-35	4932-4934	et	_	_	_	_	
39-36	4935-4937	de	_	_	_	_	
39-37	4938-4940	la	_	_	_	_	
39-38	4941-4948	lumière	_	_	_	_	
39-39	4948-4949	.	_	_	_	_	

#Text=Comme\r
#Text=nous sommes sur le point de saisir ceux de la pluie ou du crépuscule,\r
#Text=pourquoi n’arriverions-nous pas à démêler et à fixer le parfum de la\r
#Text=neige, de la glace, de la rosée du matin, des prémices de l’aube, du\r
#Text=scintillement des étoiles?
40-1	4950-4955	Comme	_	_	_	_	
40-2	4957-4961	nous	_	_	_	_	
40-3	4962-4968	sommes	_	_	_	_	
40-4	4969-4972	sur	_	_	_	_	
40-5	4973-4975	le	_	_	_	_	
40-6	4976-4981	point	_	_	_	_	
40-7	4982-4984	de	_	_	_	_	
40-8	4985-4991	saisir	_	_	_	_	
40-9	4992-4996	ceux	Smell\_Word	_	*|*	40-12|40-15	
40-10	4997-4999	de	_	_	_	_	
40-11	5000-5002	la	_	_	_	_	
40-12	5003-5008	pluie	Smell\_Source	_	_	_	
40-13	5009-5011	ou	_	_	_	_	
40-14	5012-5014	du	_	_	_	_	
40-15	5015-5025	crépuscule	Smell\_Source	_	_	_	
40-16	5025-5026	,	_	_	_	_	
40-17	5028-5036	pourquoi	_	_	_	_	
40-18	5037-5038	n	_	_	_	_	
40-19	5038-5039	’	_	_	_	_	
40-20	5039-5055	arriverions-nous	_	_	_	_	
40-21	5056-5059	pas	_	_	_	_	
40-22	5060-5061	à	_	_	_	_	
40-23	5062-5069	démêler	_	_	_	_	
40-24	5070-5072	et	_	_	_	_	
40-25	5073-5074	à	_	_	_	_	
40-26	5075-5080	fixer	_	_	_	_	
40-27	5081-5083	le	_	_	_	_	
40-28	5084-5090	parfum	Smell\_Word	_	*|*|*|*|*|Anaphoric	40-31|40-51[28_0]|40-35|40-39[26_0]|40-44[27_0]|40-9	
40-29	5091-5093	de	_	_	_	_	
40-30	5094-5096	la	_	_	_	_	
40-31	5098-5103	neige	Smell\_Source	_	_	_	
40-32	5103-5104	,	_	_	_	_	
40-33	5105-5107	de	_	_	_	_	
40-34	5108-5110	la	_	_	_	_	
40-35	5111-5116	glace	Smell\_Source	_	_	_	
40-36	5116-5117	,	_	_	_	_	
40-37	5118-5120	de	_	_	_	_	
40-38	5121-5123	la	_	_	_	_	
40-39	5124-5129	rosée	Smell\_Source[26]	_	_	_	
40-40	5130-5132	du	Smell\_Source[26]	_	_	_	
40-41	5133-5138	matin	Smell\_Source[26]	_	_	_	
40-42	5138-5139	,	_	_	_	_	
40-43	5140-5143	des	_	_	_	_	
40-44	5144-5152	prémices	Smell\_Source[27]	_	_	_	
40-45	5153-5155	de	Smell\_Source[27]	_	_	_	
40-46	5156-5157	l	Smell\_Source[27]	_	_	_	
40-47	5157-5158	’	Smell\_Source[27]	_	_	_	
40-48	5158-5162	aube	Smell\_Source[27]	_	_	_	
40-49	5162-5163	,	_	_	_	_	
40-50	5164-5166	du	_	_	_	_	
40-51	5168-5181	scintillement	Smell\_Source[28]	_	_	_	
40-52	5182-5185	des	Smell\_Source[28]	_	_	_	
40-53	5186-5193	étoiles	Smell\_Source[28]	_	_	_	
40-54	5193-5194	?	_	_	_	_	

#Text=Tout doit avoir son parfum, encore\r
#Text=inconcevable, dans l’espace, même un rayon de lune, un murmure de l’eau,\r
#Text=un nuage qui plane, un sourire de l’azur...
41-1	5195-5199	Tout	Smell\_Source	_	Anaphoric	41-4	
41-2	5200-5204	doit	_	_	_	_	
41-3	5205-5210	avoir	_	_	_	_	
41-4	5211-5214	son	Smell\_Source	_	_	_	
41-5	5215-5221	parfum	Smell\_Word	_	*|*|*|*|*|*|*	41-4|41-34[33_0]|41-29[32_0]|41-22[31_0]|41-8|41-10[29_0]|41-17[30_0]	
41-6	5221-5222	,	_	_	_	_	
41-7	5223-5229	encore	_	_	_	_	
41-8	5231-5243	inconcevable	Quality	_	_	_	
41-9	5243-5244	,	_	_	_	_	
41-10	5245-5249	dans	Location[29]	_	_	_	
41-11	5250-5251	l	Location[29]	_	_	_	
41-12	5251-5252	’	Location[29]	_	_	_	
41-13	5252-5258	espace	Location[29]	_	_	_	
41-14	5258-5259	,	_	_	_	_	
41-15	5260-5264	même	_	_	_	_	
41-16	5265-5267	un	_	_	_	_	
41-17	5268-5273	rayon	Smell\_Source[30]	_	_	_	
41-18	5274-5276	de	Smell\_Source[30]	_	_	_	
41-19	5277-5281	lune	Smell\_Source[30]	_	_	_	
41-20	5281-5282	,	_	_	_	_	
41-21	5283-5285	un	_	_	_	_	
41-22	5286-5293	murmure	Smell\_Source[31]	_	_	_	
41-23	5294-5296	de	Smell\_Source[31]	_	_	_	
41-24	5297-5298	l	Smell\_Source[31]	_	_	_	
41-25	5298-5299	’	Smell\_Source[31]	_	_	_	
41-26	5299-5302	eau	Smell\_Source[31]	_	_	_	
41-27	5302-5303	,	_	_	_	_	
41-28	5305-5307	un	_	_	_	_	
41-29	5308-5313	nuage	Smell\_Source[32]	_	_	_	
41-30	5314-5317	qui	Smell\_Source[32]	_	_	_	
41-31	5318-5323	plane	Smell\_Source[32]	_	_	_	
41-32	5323-5324	,	_	_	_	_	
41-33	5325-5327	un	_	_	_	_	
41-34	5328-5335	sourire	Smell\_Source[33]	_	_	_	
41-35	5336-5338	de	Smell\_Source[33]	_	_	_	
41-36	5339-5340	l	Smell\_Source[33]	_	_	_	
41-37	5340-5341	’	Smell\_Source[33]	_	_	_	
41-38	5341-5345	azur	Smell\_Source[33]	_	_	_	
41-39	5345-5346	.	_	_	_	_	
41-40	5346-5347	.	_	_	_	_	
41-41	5347-5348	.	_	_	_	_	
