#FORMAT=WebAnno TSV 3.3
#T_SP=custom.Span|label
#T_RL=custom.Relation|label|BT_custom.Span


#Text=Wañ unverſehens eine gaͤhe
#Text=Kaͤlte einbricht/ muß
#Text=man alle Fenſter und Thuͤren zuhalten/ und mit einem
#Text=Glut-Feuer inwendig an etlichen Orten in Bereitſchafft
#Text=ſtehen;
#Text=wañ die Wuͤrme ſtincken/
#Text=ſo von den Haͤutlein/
#Text=
#Text=die ſie abſtreiffen/ und von den verreckten Wuͤrmen her-
#Text=kommt/ iſt allein des Warters Nachlaͤſſigkeit daran
#Text=ſchuldig/ auch wañ man das Uberbliebene von den Blaͤt-
#Text=
#Text=tern/
#Text=ſo ſie nicht freſſen moͤgen/ und etwas gruͤnlet/ zu lang
#Text=
#Text=liegen
#Text=laͤſſet.
1-1	4-8	Wañ	_	_	_	
1-2	9-20	unverſehens	_	_	_	
1-3	21-25	eine	_	_	_	
1-4	26-31	gaͤhe	_	_	_	
1-5	32-38	Kaͤlte	_	_	_	
1-6	39-48	einbricht	_	_	_	
1-7	48-49	/	_	_	_	
1-8	50-53	muß	_	_	_	
1-9	54-57	man	_	_	_	
1-10	58-62	alle	_	_	_	
1-11	63-70	Fenſter	_	_	_	
1-12	71-74	und	_	_	_	
1-13	75-82	Thuͤren	_	_	_	
1-14	83-91	zuhalten	_	_	_	
1-15	91-92	/	_	_	_	
1-16	93-96	und	_	_	_	
1-17	97-100	mit	_	_	_	
1-18	101-106	einem	_	_	_	
1-19	107-117	Glut-Feuer	_	_	_	
1-20	118-126	inwendig	_	_	_	
1-21	127-129	an	_	_	_	
1-22	130-138	etlichen	_	_	_	
1-23	139-144	Orten	_	_	_	
1-24	145-147	in	_	_	_	
1-25	148-161	Bereitſchafft	_	_	_	
1-26	162-168	ſtehen	_	_	_	
1-27	168-169	;	_	_	_	
1-28	170-174	wañ	_	_	_	
1-29	175-178	die	_	_	_	
1-30	179-185	Wuͤrme	Smell\_Source	_	_	
1-31	186-194	ſtincken	Quality[1]|Smell\_Word[2]	*|*|*|*	1-30[0_2]|1-31[1_2]|1-36[3_2]|1-45[4_2]	
1-32	194-195	/	_	_	_	
1-33	196-198	ſo	_	_	_	
1-34	199-202	von	_	_	_	
1-35	203-206	den	_	_	_	
1-36	207-216	Haͤutlein	Odour\_Carrier[3]	_	_	
1-37	216-217	/	Odour\_Carrier[3]	_	_	
1-38	219-222	die	Odour\_Carrier[3]	_	_	
1-39	223-226	ſie	Odour\_Carrier[3]	_	_	
1-40	227-238	abſtreiffen	Odour\_Carrier[3]	_	_	
1-41	238-239	/	_	_	_	
1-42	240-243	und	_	_	_	
1-43	244-247	von	_	_	_	
1-44	248-251	den	_	_	_	
1-45	252-262	verreckten	Odour\_Carrier[4]	_	_	
1-46	263-270	Wuͤrmen	Odour\_Carrier[4]	_	_	
1-47	271-274	her	_	_	_	
1-48	274-275	-	_	_	_	
1-49	276-281	kommt	_	_	_	
1-50	281-282	/	_	_	_	
1-51	283-286	iſt	_	_	_	
1-52	287-293	allein	_	_	_	
1-53	294-297	des	_	_	_	
1-54	298-305	Warters	_	_	_	
1-55	306-321	Nachlaͤſſigkeit	_	_	_	
1-56	322-327	daran	_	_	_	
1-57	328-336	ſchuldig	_	_	_	
1-58	336-337	/	_	_	_	
1-59	338-342	auch	_	_	_	
1-60	343-347	wañ	_	_	_	
1-61	348-351	man	_	_	_	
1-62	352-355	das	_	_	_	
1-63	356-368	Uberbliebene	_	_	_	
1-64	369-372	von	_	_	_	
1-65	373-376	den	_	_	_	
1-66	377-382	Blaͤt	_	_	_	
1-67	382-383	-	_	_	_	
1-68	385-389	tern	_	_	_	
1-69	389-390	/	_	_	_	
1-70	391-393	ſo	_	_	_	
1-71	394-397	ſie	_	_	_	
1-72	398-403	nicht	_	_	_	
1-73	404-411	freſſen	_	_	_	
1-74	412-418	moͤgen	_	_	_	
1-75	418-419	/	_	_	_	
1-76	420-423	und	_	_	_	
1-77	424-429	etwas	_	_	_	
1-78	430-438	gruͤnlet	_	_	_	
1-79	438-439	/	_	_	_	
1-80	440-442	zu	_	_	_	
1-81	443-447	lang	_	_	_	
1-82	449-455	liegen	_	_	_	
1-83	456-463	laͤſſet	_	_	_	
1-84	463-464	.	_	_	_	

#Text=Hingegen/ wo ſie ſauber gehalten werden/
#Text=
#Text=riechen ſie nicht das geringſte;
#Text=darnach muß er wol auf
#Text=die Blaͤtter acht haben/ daß ſie gut und ſauber geſam̃let/
#Text=zu rechter Zeit/ mit bequemer Maß/ fuͤrgegeben ſeyen;
#Text=
#Text=Und in Summa von Anfang ihrer Ausbruͤtung/ biß zu
#Text=ihrem Ende/ muß er alles und jedes thun/ was allhier
#Text=vor und hernach zu bedencken und zu leiſten fuͤrgeſtellet
#Text=
#Text=worden.
2-1	465-473	Hingegen	_	_	_	
2-2	473-474	/	_	_	_	
2-3	475-477	wo	Circumstances[5]	_	_	
2-4	478-481	ſie	Circumstances[5]	_	_	
2-5	482-488	ſauber	Circumstances[5]	_	_	
2-6	489-497	gehalten	Circumstances[5]	_	_	
2-7	498-504	werden	Circumstances[5]	_	_	
2-8	504-505	/	_	_	_	
2-9	507-514	riechen	Smell\_Word	*|*|*	2-10|2-11|2-3[5_0]	
2-10	515-518	ſie	Smell\_Source	_	_	
2-11	519-524	nicht	Quality	_	_	
2-12	525-528	das	_	_	_	
2-13	529-538	geringſte	_	_	_	
2-14	538-539	;	_	_	_	
2-15	540-547	darnach	_	_	_	
2-16	548-551	muß	_	_	_	
2-17	552-554	er	_	_	_	
2-18	555-558	wol	_	_	_	
2-19	559-562	auf	_	_	_	
2-20	563-566	die	_	_	_	
2-21	567-575	Blaͤtter	_	_	_	
2-22	576-580	acht	_	_	_	
2-23	581-586	haben	_	_	_	
2-24	586-587	/	_	_	_	
2-25	588-591	daß	_	_	_	
2-26	592-595	ſie	_	_	_	
2-27	596-599	gut	_	_	_	
2-28	600-603	und	_	_	_	
2-29	604-610	ſauber	_	_	_	
2-30	611-620	geſam̃let	_	_	_	
2-31	620-621	/	_	_	_	
2-32	622-624	zu	_	_	_	
2-33	625-632	rechter	_	_	_	
2-34	633-637	Zeit	_	_	_	
2-35	637-638	/	_	_	_	
2-36	639-642	mit	_	_	_	
2-37	643-651	bequemer	_	_	_	
2-38	652-655	Maß	_	_	_	
2-39	655-656	/	_	_	_	
2-40	657-668	fuͤrgegeben	_	_	_	
2-41	669-674	ſeyen	_	_	_	
2-42	674-675	;	_	_	_	
2-43	677-680	Und	_	_	_	
2-44	681-683	in	_	_	_	
2-45	684-689	Summa	_	_	_	
2-46	690-693	von	_	_	_	
2-47	694-700	Anfang	_	_	_	
2-48	701-706	ihrer	_	_	_	
2-49	707-718	Ausbruͤtung	_	_	_	
2-50	718-719	/	_	_	_	
2-51	720-723	biß	_	_	_	
2-52	724-726	zu	_	_	_	
2-53	727-732	ihrem	_	_	_	
2-54	733-737	Ende	_	_	_	
2-55	737-738	/	_	_	_	
2-56	739-742	muß	_	_	_	
2-57	743-745	er	_	_	_	
2-58	746-751	alles	_	_	_	
2-59	752-755	und	_	_	_	
2-60	756-761	jedes	_	_	_	
2-61	762-766	thun	_	_	_	
2-62	766-767	/	_	_	_	
2-63	768-771	was	_	_	_	
2-64	772-779	allhier	_	_	_	
2-65	780-783	vor	_	_	_	
2-66	784-787	und	_	_	_	
2-67	788-795	hernach	_	_	_	
2-68	796-798	zu	_	_	_	
2-69	799-808	bedencken	_	_	_	
2-70	809-812	und	_	_	_	
2-71	813-815	zu	_	_	_	
2-72	816-823	leiſten	_	_	_	
2-73	824-837	fuͤrgeſtellet	_	_	_	
2-74	839-845	worden	_	_	_	
2-75	845-846	.	_	_	_	

#Text=Cap
3-1	849-852	Cap	_	_	_	

#Text=.
4-1	852-853	.	_	_	_	

#Text=❁
#Text=G g g\f
#Text=[418/0436
#Text=]
#Text=
#Text=Des Adelichen Land- und Feld-Lebens
#Text=
#Text=
#Text=[Abbildung
#Text=]
#Text=
#Text=Cap.
5-1	856-857	❁	_	_	_	
5-2	858-859	G	_	_	_	
5-3	860-861	g	_	_	_	
5-4	862-863	g	_	_	_	
5-5	865-866	[	_	_	_	
5-6	866-869	418	_	_	_	
5-7	869-870	/	_	_	_	
5-8	870-874	0436	_	_	_	
5-9	875-876	]	_	_	_	
5-10	878-881	Des	_	_	_	
5-11	882-891	Adelichen	_	_	_	
5-12	892-896	Land	_	_	_	
5-13	896-897	-	_	_	_	
5-14	898-901	und	_	_	_	
5-15	902-913	Feld-Lebens	_	_	_	
5-16	916-917	[	_	_	_	
5-17	917-926	Abbildung	_	_	_	
5-18	927-928	]	_	_	_	
5-19	930-933	Cap	_	_	_	
5-20	933-934	.	_	_	_	
