#FORMAT=WebAnno TSV 3.3
#T_SP=custom.Span|label
#T_RL=custom.Relation|label|BT_custom.Span


#Text=Profanazion, sf. contaminazione, profanazione.
1-1	0-11	Profanazion	_	_	_	
1-2	11-12	,	_	_	_	
1-3	13-15	sf	_	_	_	
1-4	15-16	.	_	_	_	
1-5	17-31	contaminazione	_	_	_	
1-6	31-32	,	_	_	_	
1-7	33-45	profanazione	_	_	_	
1-8	45-46	.	_	_	_	

#Text=Proferir, va. esibire, offerire, offrire; proferire.
2-1	48-56	Proferir	_	_	_	
2-2	56-57	,	_	_	_	
2-3	58-60	va	_	_	_	
2-4	60-61	.	_	_	_	
2-5	62-69	esibire	_	_	_	
2-6	69-70	,	_	_	_	
2-7	71-79	offerire	_	_	_	
2-8	79-80	,	_	_	_	
2-9	81-88	offrire	_	_	_	
2-10	88-89	;	_	_	_	
2-11	90-99	proferire	_	_	_	
2-12	99-100	.	_	_	_	

#Text=Profesar, va. professare, far professione.
3-1	102-110	Profesar	_	_	_	
3-2	110-111	,	_	_	_	
3-3	112-114	va	_	_	_	
3-4	114-115	.	_	_	_	
3-5	116-126	professare	_	_	_	
3-6	126-127	,	_	_	_	
3-7	128-131	far	_	_	_	
3-8	132-143	professione	_	_	_	
3-9	143-144	.	_	_	_	

#Text=Profesion, sf. professione.
4-1	146-155	Profesion	_	_	_	
4-2	155-156	,	_	_	_	
4-3	157-159	sf	_	_	_	
4-4	159-160	.	_	_	_	
4-5	161-172	professione	_	_	_	
4-6	172-173	.	_	_	_	

#Text=Profesor, sm. professore.
5-1	175-183	Profesor	_	_	_	
5-2	183-184	,	_	_	_	
5-3	185-187	sm	_	_	_	
5-4	187-188	.	_	_	_	
5-5	189-199	professore	_	_	_	
5-6	199-200	.	_	_	_	

#Text=Profeta, sm. profeta; fem. profetessa; esser profeta, met. essere indovino, o essere profeta; nessun profeta in patria, m. prov. nessuno è profeta nella sua patria, che si dice comunemente con modo latino: nemo propheta in patria.
6-1	202-209	Profeta	_	_	_	
6-2	209-210	,	_	_	_	
6-3	211-213	sm	_	_	_	
6-4	213-214	.	_	_	_	
6-5	215-222	profeta	_	_	_	
6-6	222-223	;	_	_	_	
6-7	224-227	fem	_	_	_	
6-8	227-228	.	_	_	_	
6-9	229-239	profetessa	_	_	_	
6-10	239-240	;	_	_	_	
6-11	241-246	esser	_	_	_	
6-12	247-254	profeta	_	_	_	
6-13	254-255	,	_	_	_	
6-14	256-259	met	_	_	_	
6-15	259-260	.	_	_	_	
6-16	261-267	essere	_	_	_	
6-17	268-276	indovino	_	_	_	
6-18	276-277	,	_	_	_	
6-19	278-279	o	_	_	_	
6-20	280-286	essere	_	_	_	
6-21	287-294	profeta	_	_	_	
6-22	294-295	;	_	_	_	
6-23	296-302	nessun	_	_	_	
6-24	303-310	profeta	_	_	_	
6-25	311-313	in	_	_	_	
6-26	314-320	patria	_	_	_	
6-27	320-321	,	_	_	_	
6-28	322-323	m	_	_	_	
6-29	323-324	.	_	_	_	
6-30	325-329	prov	_	_	_	
6-31	329-330	.	_	_	_	
6-32	331-338	nessuno	_	_	_	
6-33	339-340	è	_	_	_	
6-34	341-348	profeta	_	_	_	
6-35	349-354	nella	_	_	_	
6-36	355-358	sua	_	_	_	
6-37	359-365	patria	_	_	_	
6-38	365-366	,	_	_	_	
6-39	367-370	che	_	_	_	
6-40	371-373	si	_	_	_	
6-41	374-378	dice	_	_	_	
6-42	379-390	comunemente	_	_	_	
6-43	391-394	con	_	_	_	
6-44	395-399	modo	_	_	_	
6-45	400-406	latino	_	_	_	
6-46	406-407	:	_	_	_	
6-47	408-412	nemo	_	_	_	
6-48	413-421	propheta	_	_	_	
6-49	422-424	in	_	_	_	
6-50	425-431	patria	_	_	_	
6-51	431-432	.	_	_	_	

#Text=Profetizar, va. presagire, profetare, profeteggiare, profetezzare, profetizzare, vaticinare.
7-1	434-444	Profetizar	_	_	_	
7-2	444-445	,	_	_	_	
7-3	446-448	va	_	_	_	
7-4	448-449	.	_	_	_	
7-5	450-459	presagire	_	_	_	
7-6	459-460	,	_	_	_	
7-7	461-470	profetare	_	_	_	
7-8	470-471	,	_	_	_	
7-9	472-485	profeteggiare	_	_	_	
7-10	485-486	,	_	_	_	
7-11	487-499	profetezzare	_	_	_	
7-12	499-500	,	_	_	_	
7-13	501-513	profetizzare	_	_	_	
7-14	513-514	,	_	_	_	
7-15	515-525	vaticinare	_	_	_	
7-16	525-526	.	_	_	_	

#Text=Profitar, va. approfittare, profittare, — far profitto.
8-1	528-536	Profitar	_	_	_	
8-2	536-537	,	_	_	_	
8-3	538-540	va	_	_	_	
8-4	540-541	.	_	_	_	
8-5	542-554	approfittare	_	_	_	
8-6	554-555	,	_	_	_	
8-7	556-566	profittare	_	_	_	
8-8	566-567	,	_	_	_	
8-9	568-569	—	_	_	_	
8-10	570-573	far	_	_	_	
8-11	574-582	profitto	_	_	_	
8-12	582-583	.	_	_	_	

#Text=Profumar , va. profumare, —- dare il profumo, — spirare odor di profumo ; vnp. profumarsi , — spargersi con profumo le vesti , ecc.
9-1	585-593	Profumar	Smell\_Word	_	_	
9-2	594-595	,	_	_	_	
9-3	596-598	va	_	_	_	
9-4	598-599	.	_	_	_	
9-5	600-609	profumare	Smell\_Word	_	_	
9-6	609-610	,	_	_	_	
9-7	611-612	—	_	_	_	
9-8	612-613	-	_	_	_	
9-9	614-618	dare	_	_	_	
9-10	619-621	il	_	_	_	
9-11	622-629	profumo	Smell\_Word	_	_	
9-12	629-630	,	_	_	_	
9-13	631-632	—	_	_	_	
9-14	633-640	spirare	_	_	_	
9-15	641-645	odor	Smell\_Word	*	9-16[1_0]	
9-16	646-648	di	Smell\_Source[1]	_	_	
9-17	649-656	profumo	Smell\_Source[1]|Smell\_Word[2]	_	_	
9-18	657-658	;	_	_	_	
9-19	659-662	vnp	_	_	_	
9-20	662-663	.	_	_	_	
9-21	664-674	profumarsi	Smell\_Word	_	_	
9-22	675-676	,	_	_	_	
9-23	677-678	—	_	_	_	
9-24	679-688	spargersi	_	_	_	
9-25	689-692	con	_	_	_	
9-26	693-700	profumo	Smell\_Word	*	9-27[3_0]	
9-27	701-703	le	Odour\_Carrier[3]	_	_	
9-28	704-709	vesti	Odour\_Carrier[3]	_	_	
9-29	710-711	,	_	_	_	
9-30	712-715	ecc	_	_	_	
9-31	715-716	.	_	_	_	

#Text=Profumier , sm, profumiere , profumiero.
10-1	718-727	Profumier	_	_	_	
10-2	728-729	,	_	_	_	
10-3	730-732	sm	_	_	_	
10-4	732-733	,	_	_	_	
10-5	734-744	profumiere	_	_	_	
10-6	745-746	,	_	_	_	
10-7	747-757	profumiero	_	_	_	
10-8	757-758	.	_	_	_	

#Text=Purziter, sm. lo stesso che porziter.
11-1	759-767	Purziter	_	_	_	
11-2	767-768	,	_	_	_	
11-3	769-771	sm	_	_	_	
11-4	771-772	.	_	_	_	
11-5	773-775	lo	_	_	_	
11-6	776-782	stesso	_	_	_	
11-7	783-786	che	_	_	_	
11-8	787-795	porziter	_	_	_	
11-9	795-796	.	_	_	_	

#Text=Pustizo, agg. lo stesso che postizo.
12-1	798-805	Pustizo	_	_	_	
12-2	805-806	,	_	_	_	
12-3	807-810	agg	_	_	_	
12-4	810-811	.	_	_	_	
12-5	812-814	lo	_	_	_	
12-6	815-821	stesso	_	_	_	
12-7	822-825	che	_	_	_	
12-8	826-833	postizo	_	_	_	
12-9	833-834	.	_	_	_	

#Text=Puta, sf. fanciulla; nubile; lavorante; figlia; puta veda, fanciulla trasandata, — ragazza invecchiata, — pulcellona, zitellona; a le bele pute un bel bambin, a le brute vece un scovolin — ribobolo popolare: alle giovani i i buoni bocconi, alle vecchie gli stranguglioni; puta veda fortuna speta, m. prov. ragazza che dura non perde ventura; a le pute oziose el diavolo ghe baia in traversa, v. diavolo.
13-1	836-840	Puta	_	_	_	
13-2	840-841	,	_	_	_	
13-3	842-844	sf	_	_	_	
13-4	844-845	.	_	_	_	
13-5	846-855	fanciulla	_	_	_	
13-6	855-856	;	_	_	_	
13-7	857-863	nubile	_	_	_	
13-8	863-864	;	_	_	_	
13-9	865-874	lavorante	_	_	_	
13-10	874-875	;	_	_	_	
13-11	876-882	figlia	_	_	_	
13-12	882-883	;	_	_	_	
13-13	884-888	puta	_	_	_	
13-14	889-893	veda	_	_	_	
13-15	893-894	,	_	_	_	
13-16	895-904	fanciulla	_	_	_	
13-17	905-915	trasandata	_	_	_	
13-18	915-916	,	_	_	_	
13-19	917-918	—	_	_	_	
13-20	919-926	ragazza	_	_	_	
13-21	927-938	invecchiata	_	_	_	
13-22	938-939	,	_	_	_	
13-23	940-941	—	_	_	_	
13-24	942-952	pulcellona	_	_	_	
13-25	952-953	,	_	_	_	
13-26	954-963	zitellona	_	_	_	
13-27	963-964	;	_	_	_	
13-28	965-966	a	_	_	_	
13-29	967-969	le	_	_	_	
13-30	970-974	bele	_	_	_	
13-31	975-979	pute	_	_	_	
13-32	980-982	un	_	_	_	
13-33	983-986	bel	_	_	_	
13-34	987-993	bambin	_	_	_	
13-35	993-994	,	_	_	_	
13-36	995-996	a	_	_	_	
13-37	997-999	le	_	_	_	
13-38	1000-1005	brute	_	_	_	
13-39	1006-1010	vece	_	_	_	
13-40	1011-1013	un	_	_	_	
13-41	1014-1022	scovolin	_	_	_	
13-42	1023-1024	—	_	_	_	
13-43	1025-1033	ribobolo	_	_	_	
13-44	1034-1042	popolare	_	_	_	
13-45	1042-1043	:	_	_	_	
13-46	1044-1048	alle	_	_	_	
13-47	1049-1056	giovani	_	_	_	
13-48	1057-1058	i	_	_	_	
13-49	1059-1060	i	_	_	_	
13-50	1061-1066	buoni	_	_	_	
13-51	1067-1074	bocconi	_	_	_	
13-52	1074-1075	,	_	_	_	
13-53	1076-1080	alle	_	_	_	
13-54	1081-1088	vecchie	_	_	_	
13-55	1089-1092	gli	_	_	_	
13-56	1093-1106	stranguglioni	_	_	_	
13-57	1106-1107	;	_	_	_	
13-58	1108-1112	puta	_	_	_	
13-59	1113-1117	veda	_	_	_	
13-60	1118-1125	fortuna	_	_	_	
13-61	1126-1131	speta	_	_	_	
13-62	1131-1132	,	_	_	_	
13-63	1133-1134	m	_	_	_	
13-64	1134-1135	.	_	_	_	
13-65	1136-1140	prov	_	_	_	
13-66	1140-1141	.	_	_	_	
13-67	1142-1149	ragazza	_	_	_	
13-68	1150-1153	che	_	_	_	
13-69	1154-1158	dura	_	_	_	
13-70	1159-1162	non	_	_	_	
13-71	1163-1168	perde	_	_	_	
13-72	1169-1176	ventura	_	_	_	
13-73	1176-1177	;	_	_	_	
13-74	1178-1179	a	_	_	_	
13-75	1180-1182	le	_	_	_	
13-76	1183-1187	pute	_	_	_	
13-77	1188-1194	oziose	_	_	_	
13-78	1195-1197	el	_	_	_	
13-79	1198-1205	diavolo	_	_	_	
13-80	1206-1209	ghe	_	_	_	
13-81	1210-1214	baia	_	_	_	
13-82	1215-1217	in	_	_	_	
13-83	1218-1226	traversa	_	_	_	
13-84	1226-1227	,	_	_	_	
13-85	1228-1229	v	_	_	_	
13-86	1229-1230	.	_	_	_	
13-87	1231-1238	diavolo	_	_	_	
13-88	1238-1239	.	_	_	_	

#Text=Putazo, sm. fanciullaccio; fanciullo: figlio.
14-1	1241-1247	Putazo	_	_	_	
14-2	1247-1248	,	_	_	_	
14-3	1249-1251	sm	_	_	_	
14-4	1251-1252	.	_	_	_	
14-5	1253-1266	fanciullaccio	_	_	_	
14-6	1266-1267	;	_	_	_	
14-7	1268-1277	fanciullo	_	_	_	
14-8	1277-1278	:	_	_	_	
14-9	1279-1285	figlio	_	_	_	
14-10	1285-1286	.	_	_	_	

#Text=Putel, sm. bambino, fanciullo; pargolo, parvolo; figlio; maschio; met. ragazzo: — „Ha ormai trent’anni compiuti, ma è sempre un ragazzo;“ far come i putei, met. fare a’ bambini; no stemo far de putei, o uomini, o orciuoli?
15-1	1288-1293	Putel	_	_	_	
15-2	1293-1294	,	_	_	_	
15-3	1295-1297	sm	_	_	_	
15-4	1297-1298	.	_	_	_	
15-5	1299-1306	bambino	_	_	_	
15-6	1306-1307	,	_	_	_	
15-7	1308-1317	fanciullo	_	_	_	
15-8	1317-1318	;	_	_	_	
15-9	1319-1326	pargolo	_	_	_	
15-10	1326-1327	,	_	_	_	
15-11	1328-1335	parvolo	_	_	_	
15-12	1335-1336	;	_	_	_	
15-13	1337-1343	figlio	_	_	_	
15-14	1343-1344	;	_	_	_	
15-15	1345-1352	maschio	_	_	_	
15-16	1352-1353	;	_	_	_	
15-17	1354-1357	met	_	_	_	
15-18	1357-1358	.	_	_	_	
15-19	1359-1366	ragazzo	_	_	_	
15-20	1366-1367	:	_	_	_	
15-21	1368-1369	—	_	_	_	
15-22	1370-1371	„	_	_	_	
15-23	1371-1373	Ha	_	_	_	
15-24	1374-1379	ormai	_	_	_	
15-25	1380-1385	trent	_	_	_	
15-26	1385-1386	’	_	_	_	
15-27	1386-1390	anni	_	_	_	
15-28	1391-1399	compiuti	_	_	_	
15-29	1399-1400	,	_	_	_	
15-30	1401-1403	ma	_	_	_	
15-31	1404-1405	è	_	_	_	
15-32	1406-1412	sempre	_	_	_	
15-33	1413-1415	un	_	_	_	
15-34	1416-1423	ragazzo	_	_	_	
15-35	1423-1424	;	_	_	_	
15-36	1424-1425	“	_	_	_	
15-37	1426-1429	far	_	_	_	
15-38	1430-1434	come	_	_	_	
15-39	1435-1436	i	_	_	_	
15-40	1437-1442	putei	_	_	_	
15-41	1442-1443	,	_	_	_	
15-42	1444-1447	met	_	_	_	
15-43	1447-1448	.	_	_	_	
15-44	1449-1453	fare	_	_	_	
15-45	1454-1455	a	_	_	_	
15-46	1455-1456	’	_	_	_	
15-47	1457-1464	bambini	_	_	_	
15-48	1464-1465	;	_	_	_	
15-49	1466-1468	no	_	_	_	
15-50	1469-1474	stemo	_	_	_	
15-51	1475-1478	far	_	_	_	
15-52	1479-1481	de	_	_	_	
15-53	1482-1487	putei	_	_	_	
15-54	1487-1488	,	_	_	_	
15-55	1489-1490	o	_	_	_	
15-56	1491-1497	uomini	_	_	_	
15-57	1497-1498	,	_	_	_	
15-58	1499-1500	o	_	_	_	
15-59	1501-1509	orciuoli	_	_	_	
15-60	1509-1510	?	_	_	_	

#Text=— frase elittica, il cui pieno è: o siamo uomini, o siamo orciuoli ?
16-1	1511-1512	—	_	_	_	
16-2	1513-1518	frase	_	_	_	
16-3	1519-1527	elittica	_	_	_	
16-4	1527-1528	,	_	_	_	
16-5	1529-1531	il	_	_	_	
16-6	1532-1535	cui	_	_	_	
16-7	1536-1541	pieno	_	_	_	
16-8	1542-1543	è	_	_	_	
16-9	1543-1544	:	_	_	_	
16-10	1545-1546	o	_	_	_	
16-11	1547-1552	siamo	_	_	_	
16-12	1553-1559	uomini	_	_	_	
16-13	1559-1560	,	_	_	_	
16-14	1561-1562	o	_	_	_	
16-15	1563-1568	siamo	_	_	_	
16-16	1569-1577	orciuoli	_	_	_	
16-17	1578-1579	?	_	_	_	

#Text=; meterse pianzer come un putel, piangere come un bambino: — „ Co/o ga savè  el se ga messo pianzer come un putel. = Quando lo seppe pianse come un bambino;“ i putei ga de parlar co pissa le galine, v. galina; i putei e i polastri no i xe mai sazi, v. polastro.
17-1	1579-1580	;	_	_	_	
17-2	1581-1588	meterse	_	_	_	
17-3	1589-1596	pianzer	_	_	_	
17-4	1597-1601	come	_	_	_	
17-5	1602-1604	un	_	_	_	
17-6	1605-1610	putel	_	_	_	
17-7	1610-1611	,	_	_	_	
17-8	1612-1620	piangere	_	_	_	
17-9	1621-1625	come	_	_	_	
17-10	1626-1628	un	_	_	_	
17-11	1629-1636	bambino	_	_	_	
17-12	1636-1637	:	_	_	_	
17-13	1638-1639	—	_	_	_	
17-14	1640-1641	„	_	_	_	
17-15	1642-1644	Co	_	_	_	
17-16	1644-1645	/	_	_	_	
17-17	1645-1646	o	_	_	_	
17-18	1647-1649	ga	_	_	_	
17-19	1650-1654	savè	_	_	_	
17-20	1656-1658	el	_	_	_	
17-21	1659-1661	se	_	_	_	
17-22	1662-1664	ga	_	_	_	
17-23	1665-1670	messo	_	_	_	
17-24	1671-1678	pianzer	_	_	_	
17-25	1679-1683	come	_	_	_	
17-26	1684-1686	un	_	_	_	
17-27	1687-1692	putel	_	_	_	
17-28	1692-1693	.	_	_	_	
17-29	1694-1695	=	_	_	_	
17-30	1696-1702	Quando	_	_	_	
17-31	1703-1705	lo	_	_	_	
17-32	1706-1711	seppe	_	_	_	
17-33	1712-1718	pianse	_	_	_	
17-34	1719-1723	come	_	_	_	
17-35	1724-1726	un	_	_	_	
17-36	1727-1734	bambino	_	_	_	
17-37	1734-1735	;	_	_	_	
17-38	1735-1736	“	_	_	_	
17-39	1737-1738	i	_	_	_	
17-40	1739-1744	putei	_	_	_	
17-41	1745-1747	ga	_	_	_	
17-42	1748-1750	de	_	_	_	
17-43	1751-1757	parlar	_	_	_	
17-44	1758-1760	co	_	_	_	
17-45	1761-1766	pissa	_	_	_	
17-46	1767-1769	le	_	_	_	
17-47	1770-1776	galine	_	_	_	
17-48	1776-1777	,	_	_	_	
17-49	1778-1779	v	_	_	_	
17-50	1779-1780	.	_	_	_	
17-51	1781-1787	galina	_	_	_	
17-52	1787-1788	;	_	_	_	
17-53	1789-1790	i	_	_	_	
17-54	1791-1796	putei	_	_	_	
17-55	1797-1798	e	_	_	_	
17-56	1799-1800	i	_	_	_	
17-57	1801-1809	polastri	_	_	_	
17-58	1810-1812	no	_	_	_	
17-59	1813-1814	i	_	_	_	
17-60	1815-1817	xe	_	_	_	
17-61	1818-1821	mai	_	_	_	
17-62	1822-1826	sazi	_	_	_	
17-63	1826-1827	,	_	_	_	
17-64	1828-1829	v	_	_	_	
17-65	1829-1830	.	_	_	_	
17-66	1831-1839	polastro	_	_	_	
17-67	1839-1840	.	_	_	_	

#Text=Putela, sf. bambina, fanciulla; figlia; femmina; met. amante, fidanzata, sposav 
#Text=Putelada, sf. bambinaggine, bambinata. bambineria, corbelleria, fanciullaggine, fanciullata, fanciulleria, ragazzata.
18-1	1842-1848	Putela	_	_	_	
18-2	1848-1849	,	_	_	_	
18-3	1850-1852	sf	_	_	_	
18-4	1852-1853	.	_	_	_	
18-5	1854-1861	bambina	_	_	_	
18-6	1861-1862	,	_	_	_	
18-7	1863-1872	fanciulla	_	_	_	
18-8	1872-1873	;	_	_	_	
18-9	1874-1880	figlia	_	_	_	
18-10	1880-1881	;	_	_	_	
18-11	1882-1889	femmina	_	_	_	
18-12	1889-1890	;	_	_	_	
18-13	1891-1894	met	_	_	_	
18-14	1894-1895	.	_	_	_	
18-15	1896-1902	amante	_	_	_	
18-16	1902-1903	,	_	_	_	
18-17	1904-1913	fidanzata	_	_	_	
18-18	1913-1914	,	_	_	_	
18-19	1915-1921	sposav	_	_	_	
18-20	1923-1931	Putelada	_	_	_	
18-21	1931-1932	,	_	_	_	
18-22	1933-1935	sf	_	_	_	
18-23	1935-1936	.	_	_	_	
18-24	1937-1949	bambinaggine	_	_	_	
18-25	1949-1950	,	_	_	_	
18-26	1951-1960	bambinata	_	_	_	
18-27	1960-1961	.	_	_	_	
18-28	1962-1972	bambineria	_	_	_	
18-29	1972-1973	,	_	_	_	
18-30	1974-1985	corbelleria	_	_	_	
18-31	1985-1986	,	_	_	_	
18-32	1987-2001	fanciullaggine	_	_	_	
18-33	2001-2002	,	_	_	_	
18-34	2003-2014	fanciullata	_	_	_	
18-35	2014-2015	,	_	_	_	
18-36	2016-2028	fanciulleria	_	_	_	
18-37	2028-2029	,	_	_	_	
18-38	2030-2039	ragazzata	_	_	_	
18-39	2039-2040	.	_	_	_	

#Text=Putelat, sm. lo stesso che putel nel senso metaforico 
#Text=Putita, agg. e sf. basoffia, schizzinosa smorfiosa.
19-1	2041-2048	Putelat	_	_	_	
19-2	2048-2049	,	_	_	_	
19-3	2050-2052	sm	_	_	_	
19-4	2052-2053	.	_	_	_	
19-5	2054-2056	lo	_	_	_	
19-6	2057-2063	stesso	_	_	_	
19-7	2064-2067	che	_	_	_	
19-8	2068-2073	putel	_	_	_	
19-9	2074-2077	nel	_	_	_	
19-10	2078-2083	senso	_	_	_	
19-11	2084-2094	metaforico	_	_	_	
19-12	2096-2102	Putita	_	_	_	
19-13	2102-2103	,	_	_	_	
19-14	2104-2107	agg	_	_	_	
19-15	2107-2108	.	_	_	_	
19-16	2109-2110	e	_	_	_	
19-17	2111-2113	sf	_	_	_	
19-18	2113-2114	.	_	_	_	
19-19	2115-2123	basoffia	_	_	_	
19-20	2123-2124	,	_	_	_	
19-21	2125-2136	schizzinosa	_	_	_	
19-22	2137-2146	smorfiosa	_	_	_	
19-23	2146-2147	.	_	_	_	

#Text=Puto, sm. celibe; scapolo.
20-1	2149-2153	Puto	_	_	_	
20-2	2153-2154	,	_	_	_	
20-3	2155-2157	sm	_	_	_	
20-4	2157-2158	.	_	_	_	
20-5	2159-2165	celibe	_	_	_	
20-6	2165-2166	;	_	_	_	
20-7	2167-2174	scapolo	_	_	_	
20-8	2174-2175	.	_	_	_	

#Text=Putrefado, agg. corrotto, fracido, marcio, putrefatto.
21-1	2177-2186	Putrefado	_	_	_	
21-2	2186-2187	,	_	_	_	
21-3	2188-2191	agg	_	_	_	
21-4	2191-2192	.	_	_	_	
21-5	2193-2201	corrotto	_	_	_	
21-6	2201-2202	,	_	_	_	
21-7	2203-2210	fracido	_	_	_	
21-8	2210-2211	,	_	_	_	
21-9	2212-2218	marcio	_	_	_	
21-10	2218-2219	,	_	_	_	
21-11	2220-2230	putrefatto	_	_	_	
21-12	2230-2231	.	_	_	_	

#Text=Putrefar, vn. putrefare, corrompere per putredine; vnp. putrefarsi, putrire.
22-1	2233-2241	Putrefar	_	_	_	
22-2	2241-2242	,	_	_	_	
22-3	2243-2245	vn	_	_	_	
22-4	2245-2246	.	_	_	_	
22-5	2247-2256	putrefare	_	_	_	
22-6	2256-2257	,	_	_	_	
22-7	2258-2268	corrompere	_	_	_	
22-8	2269-2272	per	_	_	_	
22-9	2273-2282	putredine	_	_	_	
22-10	2282-2283	;	_	_	_	
22-11	2284-2287	vnp	_	_	_	
22-12	2287-2288	.	_	_	_	
22-13	2289-2299	putrefarsi	_	_	_	
22-14	2299-2300	,	_	_	_	
22-15	2301-2308	putrire	_	_	_	
22-16	2308-2309	.	_	_	_	

#Text=Putrefazion, sf. putrefazione.
23-1	2311-2322	Putrefazion	_	_	_	
23-2	2322-2323	,	_	_	_	
23-3	2324-2326	sf	_	_	_	
23-4	2326-2327	.	_	_	_	
23-5	2328-2340	putrefazione	_	_	_	
23-6	2340-2341	.	_	_	_	

#Text=Puzar, e derirati, lo stesso che pozar, e derivati.
24-1	2343-2348	Puzar	Smell\_Word	_	_	
24-2	2348-2349	,	_	_	_	
24-3	2350-2351	e	_	_	_	
24-4	2352-2360	derirati	_	_	_	
24-5	2360-2361	,	_	_	_	
24-6	2362-2364	lo	_	_	_	
24-7	2365-2371	stesso	_	_	_	
24-8	2372-2375	che	_	_	_	
24-9	2376-2381	pozar	_	_	_	
24-10	2381-2382	,	_	_	_	
24-11	2383-2384	e	_	_	_	
24-12	2385-2393	derivati	_	_	_	
24-13	2393-2394	.	_	_	_	

#Text=Spulezar, spulisar, spulizar, và. spulciare; spollonare, starnazzare.
25-1	2396-2404	Spulezar	_	_	_	
25-2	2404-2405	,	_	_	_	
25-3	2406-2414	spulisar	_	_	_	
25-4	2414-2415	,	_	_	_	
25-5	2416-2424	spulizar	_	_	_	
25-6	2424-2425	,	_	_	_	
25-7	2426-2428	và	_	_	_	
25-8	2428-2429	.	_	_	_	
25-9	2430-2439	spulciare	_	_	_	
25-10	2439-2440	;	_	_	_	
25-11	2441-2451	spollonare	_	_	_	
25-12	2451-2452	,	_	_	_	
25-13	2453-2464	starnazzare	_	_	_	
25-14	2464-2465	.	_	_	_	

#Text=Spuntada, sf. spuntatura; levata — del sole, della luna, ecc.
26-1	2467-2475	Spuntada	_	_	_	
26-2	2475-2476	,	_	_	_	
26-3	2477-2479	sf	_	_	_	
26-4	2479-2480	.	_	_	_	
26-5	2481-2491	spuntatura	_	_	_	
26-6	2491-2492	;	_	_	_	
26-7	2493-2499	levata	_	_	_	
26-8	2500-2501	—	_	_	_	
26-9	2502-2505	del	_	_	_	
26-10	2506-2510	sole	_	_	_	
26-11	2510-2511	,	_	_	_	
26-12	2512-2517	della	_	_	_	
26-13	2518-2522	luna	_	_	_	
26-14	2522-2523	,	_	_	_	
26-15	2524-2527	ecc	_	_	_	
26-16	2527-2528	.	_	_	_	

#Text=Spuntado, agg. spuntato — in tutt’i suoi significati.
27-1	2530-2538	Spuntado	_	_	_	
27-2	2538-2539	,	_	_	_	
27-3	2540-2543	agg	_	_	_	
27-4	2543-2544	.	_	_	_	
27-5	2545-2553	spuntato	_	_	_	
27-6	2554-2555	—	_	_	_	
27-7	2556-2558	in	_	_	_	
27-8	2559-2563	tutt	_	_	_	
27-9	2563-2564	’	_	_	_	
27-10	2564-2565	i	_	_	_	
27-11	2566-2570	suoi	_	_	_	
27-12	2571-2582	significati	_	_	_	
27-13	2582-2583	.	_	_	_	

#Text=Spuntar, va. spuntare; vn. de le piante, germogliare; — dei denti, muovere.
28-1	2585-2592	Spuntar	_	_	_	
28-2	2592-2593	,	_	_	_	
28-3	2594-2596	va	_	_	_	
28-4	2596-2597	.	_	_	_	
28-5	2598-2606	spuntare	_	_	_	
28-6	2606-2607	;	_	_	_	
28-7	2608-2610	vn	_	_	_	
28-8	2610-2611	.	_	_	_	
28-9	2612-2614	de	_	_	_	
28-10	2615-2617	le	_	_	_	
28-11	2618-2624	piante	_	_	_	
28-12	2624-2625	,	_	_	_	
28-13	2626-2637	germogliare	_	_	_	
28-14	2637-2638	;	_	_	_	
28-15	2639-2640	—	_	_	_	
28-16	2641-2644	dei	_	_	_	
28-17	2645-2650	denti	_	_	_	
28-18	2650-2651	,	_	_	_	
28-19	2652-2659	muovere	_	_	_	
28-20	2659-2660	.	_	_	_	

#Text=Spuntelar, va. spuntellare.
29-1	2662-2671	Spuntelar	_	_	_	
29-2	2671-2672	,	_	_	_	
29-3	2673-2675	va	_	_	_	
29-4	2675-2676	.	_	_	_	
29-5	2677-2688	spuntellare	_	_	_	
29-6	2688-2689	.	_	_	_	

#Text=Spurgada, sf. spurgamento, spurgazione.
30-1	2691-2699	Spurgada	_	_	_	
30-2	2699-2700	,	_	_	_	
30-3	2701-2703	sf	_	_	_	
30-4	2703-2704	.	_	_	_	
30-5	2705-2716	spurgamento	_	_	_	
30-6	2716-2717	,	_	_	_	
30-7	2718-2729	spurgazione	_	_	_	
30-8	2729-2730	.	_	_	_	

#Text=Spurgar, vn. spurgare; scaracchiare, scatarrare.
31-1	2732-2739	Spurgar	_	_	_	
31-2	2739-2740	,	_	_	_	
31-3	2741-2743	vn	_	_	_	
31-4	2743-2744	.	_	_	_	
31-5	2745-2753	spurgare	_	_	_	
31-6	2753-2754	;	_	_	_	
31-7	2755-2767	scaracchiare	_	_	_	
31-8	2767-2768	,	_	_	_	
31-9	2769-2779	scatarrare	_	_	_	
31-10	2779-2780	.	_	_	_	

#Text=Spurgo, sm, espurgazione, espurgo, spurgo.
32-1	2782-2788	Spurgo	_	_	_	
32-2	2788-2789	,	_	_	_	
32-3	2790-2792	sm	_	_	_	
32-4	2792-2793	,	_	_	_	
32-5	2794-2806	espurgazione	_	_	_	
32-6	2806-2807	,	_	_	_	
32-7	2808-2815	espurgo	_	_	_	
32-8	2815-2816	,	_	_	_	
32-9	2817-2823	spurgo	_	_	_	
32-10	2823-2824	.	_	_	_	

#Text=Spuza, sf. fetore, fleto (Caporali), lezzo, puzza, puzzo, puzzore, puzzulenza, puzzura, — esalazione mefitica; spuza de fià, t. med. azostòma; spuza de pegora, de sorzi, ecc. lezzo di pecore, lezzo di sorci, ecc.; impinìr de spuza, scompuzzare: •—  „C’ ora quel sudicione ed ha scompuzzato tutt’il quartiere.“ 
#Text=Spuzafadiga, smf. dormalfuoeo, fuggifatica, pigro, sbucciafatiche, sbuccione, scansafatiche, scioperone 
#Text=Spuzar, vn. ammorbare, appuzzare, appuzzile, putire, puzzare, spuzzare; spuzar come un condoto, met. puzzare come un avello; spuzar el fià, esser fiatoso, e met. costare gli occhi e il cuore, — costare un occhio della testa; più che se la missia più la spuza, prov. fogna rimestata, raddoppia il profumo.
33-1	2826-2831	Spuza	Smell\_Word	_	_	
33-2	2831-2832	,	_	_	_	
33-3	2833-2835	sf	_	_	_	
33-4	2835-2836	.	_	_	_	
33-5	2837-2843	fetore	Smell\_Word	_	_	
33-6	2843-2844	,	_	_	_	
33-7	2845-2850	fleto	Smell\_Word	_	_	
33-8	2851-2852	(	_	_	_	
33-9	2852-2860	Caporali	_	_	_	
33-10	2860-2861	)	_	_	_	
33-11	2861-2862	,	_	_	_	
33-12	2863-2868	lezzo	Smell\_Word	_	_	
33-13	2868-2869	,	_	_	_	
33-14	2870-2875	puzza	Smell\_Word	_	_	
33-15	2875-2876	,	_	_	_	
33-16	2877-2882	puzzo	Smell\_Word	_	_	
33-17	2882-2883	,	_	_	_	
33-18	2884-2891	puzzore	Smell\_Word	_	_	
33-19	2891-2892	,	_	_	_	
33-20	2893-2903	puzzulenza	Smell\_Word	_	_	
33-21	2903-2904	,	_	_	_	
33-22	2905-2912	puzzura	Smell\_Word	_	_	
33-23	2912-2913	,	_	_	_	
33-24	2914-2915	—	_	_	_	
33-25	2916-2926	esalazione	Smell\_Word	*	33-26	
33-26	2927-2935	mefitica	Quality	_	_	
33-27	2935-2936	;	_	_	_	
33-28	2937-2942	spuza	Smell\_Word	*	33-29[4_0]	
33-29	2943-2945	de	Smell\_Source[4]	_	_	
33-30	2946-2949	fià	Smell\_Source[4]	_	_	
33-31	2949-2950	,	_	_	_	
33-32	2951-2952	t	_	_	_	
33-33	2952-2953	.	_	_	_	
33-34	2954-2957	med	_	_	_	
33-35	2957-2958	.	_	_	_	
33-36	2959-2967	azostòma	_	_	_	
33-37	2967-2968	;	_	_	_	
33-38	2969-2974	spuza	Smell\_Word	*|*	33-42[6_0]|33-39[5_0]	
33-39	2975-2977	de	Smell\_Source[5]	_	_	
33-40	2978-2984	pegora	Smell\_Source[5]	_	_	
33-41	2984-2985	,	_	_	_	
33-42	2986-2988	de	Smell\_Source[6]	_	_	
33-43	2989-2994	sorzi	Smell\_Source[6]	_	_	
33-44	2994-2995	,	_	_	_	
33-45	2996-2999	ecc	_	_	_	
33-46	2999-3000	.	_	_	_	
33-47	3001-3006	lezzo	Smell\_Word	*	33-48[7_0]	
33-48	3007-3009	di	Smell\_Source[7]	_	_	
33-49	3010-3016	pecore	Smell\_Source[7]	_	_	
33-50	3016-3017	,	_	_	_	
33-51	3018-3023	lezzo	Smell\_Word	*	33-52[8_0]	
33-52	3024-3026	di	Smell\_Source[8]	_	_	
33-53	3027-3032	sorci	Smell\_Source[8]	_	_	
33-54	3032-3033	,	_	_	_	
33-55	3034-3037	ecc	_	_	_	
33-56	3037-3038	.	_	_	_	
33-57	3038-3039	;	_	_	_	
33-58	3040-3047	impinìr	_	_	_	
33-59	3048-3050	de	_	_	_	
33-60	3051-3056	spuza	Smell\_Word	_	_	
33-61	3056-3057	,	_	_	_	
33-62	3058-3069	scompuzzare	_	_	_	
33-63	3069-3070	:	_	_	_	
33-64	3071-3072	•	_	_	_	
33-65	3072-3073	—	_	_	_	
33-66	3075-3076	„	_	_	_	
33-67	3076-3077	C	_	_	_	
33-68	3077-3078	’	_	_	_	
33-69	3079-3082	ora	_	_	_	
33-70	3083-3087	quel	_	_	_	
33-71	3088-3097	sudicione	_	_	_	
33-72	3098-3100	ed	_	_	_	
33-73	3101-3103	ha	_	_	_	
33-74	3104-3115	scompuzzato	_	_	_	
33-75	3116-3120	tutt	_	_	_	
33-76	3120-3121	’	_	_	_	
33-77	3121-3123	il	_	_	_	
33-78	3124-3133	quartiere	_	_	_	
33-79	3133-3134	.	_	_	_	
33-80	3134-3135	“	_	_	_	
33-81	3137-3148	Spuzafadiga	_	_	_	
33-82	3148-3149	,	_	_	_	
33-83	3150-3153	smf	_	_	_	
33-84	3153-3154	.	_	_	_	
33-85	3155-3166	dormalfuoeo	_	_	_	
33-86	3166-3167	,	_	_	_	
33-87	3168-3179	fuggifatica	_	_	_	
33-88	3179-3180	,	_	_	_	
33-89	3181-3186	pigro	_	_	_	
33-90	3186-3187	,	_	_	_	
33-91	3188-3202	sbucciafatiche	_	_	_	
33-92	3202-3203	,	_	_	_	
33-93	3204-3213	sbuccione	_	_	_	
33-94	3213-3214	,	_	_	_	
33-95	3215-3228	scansafatiche	_	_	_	
33-96	3228-3229	,	_	_	_	
33-97	3230-3240	scioperone	_	_	_	
33-98	3242-3248	Spuzar	Smell\_Word	_	_	
33-99	3248-3249	,	_	_	_	
33-100	3250-3252	vn	_	_	_	
33-101	3252-3253	.	_	_	_	
33-102	3254-3263	ammorbare	Smell\_Word	_	_	
33-103	3263-3264	,	_	_	_	
33-104	3265-3274	appuzzare	Smell\_Word	_	_	
33-105	3274-3275	,	_	_	_	
33-106	3276-3285	appuzzile	Smell\_Word	_	_	
33-107	3285-3286	,	_	_	_	
33-108	3287-3293	putire	Smell\_Word	_	_	
33-109	3293-3294	,	_	_	_	
33-110	3295-3302	puzzare	Smell\_Word	_	_	
33-111	3302-3303	,	_	_	_	
33-112	3304-3312	spuzzare	Smell\_Word	_	_	
33-113	3312-3313	;	_	_	_	
33-114	3314-3320	spuzar	Smell\_Word	*	33-115[9_0]	
33-115	3321-3325	come	Evoked\_Odorant[9]	_	_	
33-116	3326-3328	un	Evoked\_Odorant[9]	_	_	
33-117	3329-3336	condoto	Evoked\_Odorant[9]	_	_	
33-118	3336-3337	,	_	_	_	
33-119	3338-3341	met	_	_	_	
33-120	3341-3342	.	_	_	_	
33-121	3343-3350	puzzare	Smell\_Word	*	33-122[10_0]	
33-122	3351-3355	come	Evoked\_Odorant[10]	_	_	
33-123	3356-3358	un	Evoked\_Odorant[10]	_	_	
33-124	3359-3365	avello	Evoked\_Odorant[10]	_	_	
33-125	3365-3366	;	_	_	_	
33-126	3367-3373	spuzar	Smell\_Word	*	33-127[11_0]	
33-127	3374-3376	el	Smell\_Source[11]	_	_	
33-128	3377-3380	fià	Smell\_Source[11]	_	_	
33-129	3380-3381	,	_	_	_	
33-130	3382-3387	esser	_	_	_	
33-131	3388-3395	fiatoso	_	_	_	
33-132	3395-3396	,	_	_	_	
33-133	3397-3398	e	_	_	_	
33-134	3399-3402	met	_	_	_	
33-135	3402-3403	.	_	_	_	
33-136	3404-3411	costare	_	_	_	
33-137	3412-3415	gli	_	_	_	
33-138	3416-3421	occhi	_	_	_	
33-139	3422-3423	e	_	_	_	
33-140	3424-3426	il	_	_	_	
33-141	3427-3432	cuore	_	_	_	
33-142	3432-3433	,	_	_	_	
33-143	3434-3435	—	_	_	_	
33-144	3436-3443	costare	_	_	_	
33-145	3444-3446	un	_	_	_	
33-146	3447-3453	occhio	_	_	_	
33-147	3454-3459	della	_	_	_	
33-148	3460-3465	testa	_	_	_	
33-149	3465-3466	;	_	_	_	
33-150	3467-3470	più	Circumstances[12]	_	_	
33-151	3471-3474	che	Circumstances[12]	_	_	
33-152	3475-3477	se	Circumstances[12]	_	_	
33-153	3478-3480	la	Circumstances[12]	_	_	
33-154	3481-3487	missia	Circumstances[12]	_	_	
33-155	3488-3491	più	_	_	_	
33-156	3492-3494	la	_	_	_	
33-157	3495-3500	spuza	Smell\_Word	*	33-150[12_0]	
33-158	3500-3501	,	_	_	_	
33-159	3502-3506	prov	_	_	_	
33-160	3506-3507	.	_	_	_	
33-161	3508-3513	fogna	_	_	_	
33-162	3514-3523	rimestata	_	_	_	
33-163	3523-3524	,	_	_	_	
33-164	3525-3534	raddoppia	_	_	_	
33-165	3535-3537	il	_	_	_	
33-166	3538-3545	profumo	Smell\_Word	_	_	
33-167	3545-3546	.	_	_	_	

#Text=Spuzetà, sf. puzzerello: — „Sento un certo puzzerello, badate che non siasi sconcacato il bimbo;“ met. assettatuzzo, cacazibetto, cicisbeo, damerino; elegante, farfanicchio, frinfrino, ganimede, gerbola, imbusto, profumino, vanerello, zerbino, zerbinotto: — „Zerbinotti profumati e imbellettati;“ esser una sptizeta, met.. stare in sul mille: — „Sarebbe una simpaticona se non stasse in sul mille.“ 
#Text=Spuzolente, agg. fetente, fetido, putente, putido, puzzolente puzzoso; graveolente; spuzolente de loca, fiatoso; render spuzolente, appuzzolare.
34-1	3548-3555	Spuzetà	_	_	_	
34-2	3555-3556	,	_	_	_	
34-3	3557-3559	sf	_	_	_	
34-4	3559-3560	.	_	_	_	
34-5	3561-3571	puzzerello	Smell\_Word	_	_	
34-6	3571-3572	:	_	_	_	
34-7	3573-3574	—	_	_	_	
34-8	3575-3576	„	_	_	_	
34-9	3576-3581	Sento	_	_	_	
34-10	3582-3584	un	_	_	_	
34-11	3585-3590	certo	_	_	_	
34-12	3591-3601	puzzerello	Smell\_Word	_	_	
34-13	3601-3602	,	_	_	_	
34-14	3603-3609	badate	_	_	_	
34-15	3610-3613	che	_	_	_	
34-16	3614-3617	non	_	_	_	
34-17	3618-3623	siasi	_	_	_	
34-18	3624-3634	sconcacato	_	_	_	
34-19	3635-3637	il	_	_	_	
34-20	3638-3643	bimbo	_	_	_	
34-21	3643-3644	;	_	_	_	
34-22	3644-3645	“	_	_	_	
34-23	3646-3649	met	_	_	_	
34-24	3649-3650	.	_	_	_	
34-25	3651-3663	assettatuzzo	_	_	_	
34-26	3663-3664	,	_	_	_	
34-27	3665-3676	cacazibetto	_	_	_	
34-28	3676-3677	,	_	_	_	
34-29	3678-3686	cicisbeo	_	_	_	
34-30	3686-3687	,	_	_	_	
34-31	3688-3696	damerino	_	_	_	
34-32	3696-3697	;	_	_	_	
34-33	3698-3706	elegante	_	_	_	
34-34	3706-3707	,	_	_	_	
34-35	3708-3720	farfanicchio	_	_	_	
34-36	3720-3721	,	_	_	_	
34-37	3722-3731	frinfrino	_	_	_	
34-38	3731-3732	,	_	_	_	
34-39	3733-3741	ganimede	_	_	_	
34-40	3741-3742	,	_	_	_	
34-41	3743-3750	gerbola	_	_	_	
34-42	3750-3751	,	_	_	_	
34-43	3752-3759	imbusto	_	_	_	
34-44	3759-3760	,	_	_	_	
34-45	3761-3770	profumino	_	_	_	
34-46	3770-3771	,	_	_	_	
34-47	3772-3781	vanerello	_	_	_	
34-48	3781-3782	,	_	_	_	
34-49	3783-3790	zerbino	_	_	_	
34-50	3790-3791	,	_	_	_	
34-51	3792-3802	zerbinotto	_	_	_	
34-52	3802-3803	:	_	_	_	
34-53	3804-3805	—	_	_	_	
34-54	3806-3807	„	_	_	_	
34-55	3807-3817	Zerbinotti	_	_	_	
34-56	3818-3827	profumati	_	_	_	
34-57	3828-3829	e	_	_	_	
34-58	3830-3842	imbellettati	_	_	_	
34-59	3842-3843	;	_	_	_	
34-60	3843-3844	“	_	_	_	
34-61	3845-3850	esser	_	_	_	
34-62	3851-3854	una	_	_	_	
34-63	3855-3863	sptizeta	_	_	_	
34-64	3863-3864	,	_	_	_	
34-65	3865-3868	met	_	_	_	
34-66	3868-3869	.	_	_	_	
34-67	3869-3870	.	_	_	_	
34-68	3871-3876	stare	_	_	_	
34-69	3877-3879	in	_	_	_	
34-70	3880-3883	sul	_	_	_	
34-71	3884-3889	mille	_	_	_	
34-72	3889-3890	:	_	_	_	
34-73	3891-3892	—	_	_	_	
34-74	3893-3894	„	_	_	_	
34-75	3894-3901	Sarebbe	_	_	_	
34-76	3902-3905	una	_	_	_	
34-77	3906-3917	simpaticona	_	_	_	
34-78	3918-3920	se	_	_	_	
34-79	3921-3924	non	_	_	_	
34-80	3925-3931	stasse	_	_	_	
34-81	3932-3934	in	_	_	_	
34-82	3935-3938	sul	_	_	_	
34-83	3939-3944	mille	_	_	_	
34-84	3944-3945	.	_	_	_	
34-85	3945-3946	“	_	_	_	
34-86	3948-3958	Spuzolente	Smell\_Word[13]|Quality[14]	*	34-86[14_13]	
34-87	3958-3959	,	_	_	_	
34-88	3960-3963	agg	_	_	_	
34-89	3963-3964	.	_	_	_	
34-90	3965-3972	fetente	Smell\_Word[15]|Quality[16]	*	34-90[16_15]	
34-91	3972-3973	,	_	_	_	
34-92	3974-3980	fetido	Smell\_Word[17]|Quality[18]	*	34-92[18_17]	
34-93	3980-3981	,	_	_	_	
34-94	3982-3989	putente	Smell\_Word[19]|Quality[20]	*	34-94[20_19]	
34-95	3989-3990	,	_	_	_	
34-96	3991-3997	putido	Smell\_Word[21]|Quality[22]	*	34-96[22_21]	
34-97	3997-3998	,	_	_	_	
34-98	3999-4009	puzzolente	Smell\_Word[23]|Quality[24]	*	34-98[24_23]	
34-99	4010-4017	puzzoso	Smell\_Word[25]|Quality[26]	*	34-99[26_25]	
34-100	4017-4018	;	_	_	_	
34-101	4019-4030	graveolente	Smell\_Word[27]|Quality[28]	*	34-101[28_27]	
34-102	4030-4031	;	_	_	_	
34-103	4032-4042	spuzolente	Smell\_Word[29]|Quality[30]	*|*	34-103[30_29]|34-104[31_29]	
34-104	4043-4045	de	Smell\_Source[31]	_	_	
34-105	4046-4050	loca	Smell\_Source[31]	_	_	
34-106	4050-4051	,	_	_	_	
34-107	4052-4059	fiatoso	Smell\_Word[32]|Quality[33]	*	34-107[33_32]	
34-108	4059-4060	;	_	_	_	
34-109	4061-4067	render	_	_	_	
34-110	4068-4078	spuzolente	Smell\_Word[34]|Quality[35]	*	34-110[35_34]	
34-111	4078-4079	,	_	_	_	
34-112	4080-4091	appuzzolare	Smell\_Word	_	_	
34-113	4091-4092	.	_	_	_	

#Text=Squadrada, sf. squadratura; occhiataccia, sbirciata.
35-1	4094-4103	Squadrada	_	_	_	
35-2	4103-4104	,	_	_	_	
35-3	4105-4107	sf	_	_	_	
35-4	4107-4108	.	_	_	_	
35-5	4109-4120	squadratura	_	_	_	
35-6	4120-4121	;	_	_	_	
35-7	4122-4134	occhiataccia	_	_	_	
35-8	4134-4135	,	_	_	_	
35-9	4136-4145	sbirciata	_	_	_	
35-10	4145-4146	.	_	_	_	

#Text=Trufator, trufon, sm. frodatore, truffatore.
36-1	4147-4155	Trufator	_	_	_	
36-2	4155-4156	,	_	_	_	
36-3	4157-4163	trufon	_	_	_	
36-4	4163-4164	,	_	_	_	
36-5	4165-4167	sm	_	_	_	
36-6	4167-4168	.	_	_	_	
36-7	4169-4178	frodatore	_	_	_	
36-8	4178-4179	,	_	_	_	
36-9	4180-4190	truffatore	_	_	_	
36-10	4190-4191	.	_	_	_	

#Text=Trusa (bater la), m. avv. andare a dimandita.“ — battere la birba: — «Poveretto, è obbligato ornai di andare a dimandita“ — „Batte la birba perchè gli dà noia il lavoro.“ 
#Text=Truta, sf. zi. trota — salmo farlo.
37-1	4193-4198	Trusa	_	_	_	
37-2	4199-4200	(	_	_	_	
37-3	4200-4205	bater	_	_	_	
37-4	4206-4208	la	_	_	_	
37-5	4208-4209	)	_	_	_	
37-6	4209-4210	,	_	_	_	
37-7	4211-4212	m	_	_	_	
37-8	4212-4213	.	_	_	_	
37-9	4214-4217	avv	_	_	_	
37-10	4217-4218	.	_	_	_	
37-11	4219-4225	andare	_	_	_	
37-12	4226-4227	a	_	_	_	
37-13	4228-4237	dimandita	_	_	_	
37-14	4237-4238	.	_	_	_	
37-15	4238-4239	“	_	_	_	
37-16	4240-4241	—	_	_	_	
37-17	4242-4249	battere	_	_	_	
37-18	4250-4252	la	_	_	_	
37-19	4253-4258	birba	_	_	_	
37-20	4258-4259	:	_	_	_	
37-21	4260-4261	—	_	_	_	
37-22	4262-4263	«	_	_	_	
37-23	4263-4272	Poveretto	_	_	_	
37-24	4272-4273	,	_	_	_	
37-25	4274-4275	è	_	_	_	
37-26	4276-4285	obbligato	_	_	_	
37-27	4286-4291	ornai	_	_	_	
37-28	4292-4294	di	_	_	_	
37-29	4295-4301	andare	_	_	_	
37-30	4302-4303	a	_	_	_	
37-31	4304-4313	dimandita	_	_	_	
37-32	4313-4314	“	_	_	_	
37-33	4315-4316	—	_	_	_	
37-34	4317-4318	„	_	_	_	
37-35	4318-4323	Batte	_	_	_	
37-36	4324-4326	la	_	_	_	
37-37	4327-4332	birba	_	_	_	
37-38	4333-4339	perchè	_	_	_	
37-39	4340-4343	gli	_	_	_	
37-40	4344-4346	dà	_	_	_	
37-41	4347-4351	noia	_	_	_	
37-42	4352-4354	il	_	_	_	
37-43	4355-4361	lavoro	_	_	_	
37-44	4361-4362	.	_	_	_	
37-45	4362-4363	“	_	_	_	
37-46	4365-4370	Truta	_	_	_	
37-47	4370-4371	,	_	_	_	
37-48	4372-4374	sf	_	_	_	
37-49	4374-4375	.	_	_	_	
37-50	4376-4378	zi	_	_	_	
37-51	4378-4379	.	_	_	_	
37-52	4380-4385	trota	_	_	_	
37-53	4386-4387	—	_	_	_	
37-54	4388-4393	salmo	_	_	_	
37-55	4394-4399	farlo	_	_	_	
37-56	4399-4400	.	_	_	_	

#Text=Tu, agg. apocope di tuo, tuo; pi. tu, o tui, tuoi.
38-1	4402-4404	Tu	_	_	_	
38-2	4404-4405	,	_	_	_	
38-3	4406-4409	agg	_	_	_	
38-4	4409-4410	.	_	_	_	
38-5	4411-4418	apocope	_	_	_	
38-6	4419-4421	di	_	_	_	
38-7	4422-4425	tuo	_	_	_	
38-8	4425-4426	,	_	_	_	
38-9	4427-4430	tuo	_	_	_	
38-10	4430-4431	;	_	_	_	
38-11	4432-4434	pi	_	_	_	
38-12	4434-4435	.	_	_	_	
38-13	4436-4438	tu	_	_	_	
38-14	4438-4439	,	_	_	_	
38-15	4440-4441	o	_	_	_	
38-16	4442-4445	tui	_	_	_	
38-17	4445-4446	,	_	_	_	
38-18	4447-4451	tuoi	_	_	_	
38-19	4451-4452	.	_	_	_	

#Text=Tubar, va. tubare.
39-1	4454-4459	Tubar	_	_	_	
39-2	4459-4460	,	_	_	_	
39-3	4461-4463	va	_	_	_	
39-4	4463-4464	.	_	_	_	
39-5	4465-4471	tubare	_	_	_	
39-6	4471-4472	.	_	_	_	

#Text=Tuberosa, sf. bot. tuberoso: — „Pianta di tuberosi.“ — Un tuberoso e du’ mammole.“ 
#Text=Tubin, sm. v. vezzeggiativa: colombo, piccione.
40-1	4474-4482	Tuberosa	_	_	_	
40-2	4482-4483	,	_	_	_	
40-3	4484-4486	sf	_	_	_	
40-4	4486-4487	.	_	_	_	
40-5	4488-4491	bot	_	_	_	
40-6	4491-4492	.	_	_	_	
40-7	4493-4501	tuberoso	_	_	_	
40-8	4501-4502	:	_	_	_	
40-9	4503-4504	—	_	_	_	
40-10	4505-4506	„	_	_	_	
40-11	4506-4512	Pianta	_	_	_	
40-12	4513-4515	di	_	_	_	
40-13	4516-4524	tuberosi	_	_	_	
40-14	4524-4525	.	_	_	_	
40-15	4525-4526	“	_	_	_	
40-16	4527-4528	—	_	_	_	
40-17	4529-4531	Un	_	_	_	
40-18	4532-4540	tuberoso	_	_	_	
40-19	4541-4542	e	_	_	_	
40-20	4543-4545	du	_	_	_	
40-21	4545-4546	’	_	_	_	
40-22	4547-4554	mammole	_	_	_	
40-23	4554-4555	.	_	_	_	
40-24	4555-4556	“	_	_	_	
40-25	4558-4563	Tubin	_	_	_	
40-26	4563-4564	,	_	_	_	
40-27	4565-4567	sm	_	_	_	
40-28	4567-4568	.	_	_	_	
40-29	4569-4570	v	_	_	_	
40-30	4570-4571	.	_	_	_	
40-31	4572-4585	vezzeggiativa	_	_	_	
40-32	4585-4586	:	_	_	_	
40-33	4587-4594	colombo	_	_	_	
40-34	4594-4595	,	_	_	_	
40-35	4596-4604	piccione	_	_	_	
40-36	4604-4605	.	_	_	_	

#Text=Tubo, sm. tubo; met. tuba: — «Ve’ che tuba si rimpasta il signor Pietro  pare un cannone;“ che ga forma de tubo, tubulare; tubo dei lumi de petrolio, cilindro, e più comunemente: scartoccio: — «Comprami uno scartoccio per il lume in sala “ — „I scartocci del Ditmar sono i migliori.“ 
#Text=Tufo, sin. afa; fetore, lezzo, puzza, puzzo, puzzore, tanfo, aria colata, aria mefitica; tufo de’serà, puzzo rinchiuso.
41-1	4607-4611	Tubo	_	_	_	
41-2	4611-4612	,	_	_	_	
41-3	4613-4615	sm	_	_	_	
41-4	4615-4616	.	_	_	_	
41-5	4617-4621	tubo	_	_	_	
41-6	4621-4622	;	_	_	_	
41-7	4623-4626	met	_	_	_	
41-8	4626-4627	.	_	_	_	
41-9	4628-4632	tuba	_	_	_	
41-10	4632-4633	:	_	_	_	
41-11	4634-4635	—	_	_	_	
41-12	4636-4637	«	_	_	_	
41-13	4637-4639	Ve	_	_	_	
41-14	4639-4640	’	_	_	_	
41-15	4641-4644	che	_	_	_	
41-16	4645-4649	tuba	_	_	_	
41-17	4650-4652	si	_	_	_	
41-18	4653-4661	rimpasta	_	_	_	
41-19	4662-4664	il	_	_	_	
41-20	4665-4671	signor	_	_	_	
41-21	4672-4678	Pietro	_	_	_	
41-22	4680-4684	pare	_	_	_	
41-23	4685-4687	un	_	_	_	
41-24	4688-4695	cannone	_	_	_	
41-25	4695-4696	;	_	_	_	
41-26	4696-4697	“	_	_	_	
41-27	4698-4701	che	_	_	_	
41-28	4702-4704	ga	_	_	_	
41-29	4705-4710	forma	_	_	_	
41-30	4711-4713	de	_	_	_	
41-31	4714-4718	tubo	_	_	_	
41-32	4718-4719	,	_	_	_	
41-33	4720-4728	tubulare	_	_	_	
41-34	4728-4729	;	_	_	_	
41-35	4730-4734	tubo	_	_	_	
41-36	4735-4738	dei	_	_	_	
41-37	4739-4743	lumi	_	_	_	
41-38	4744-4746	de	_	_	_	
41-39	4747-4755	petrolio	_	_	_	
41-40	4755-4756	,	_	_	_	
41-41	4757-4765	cilindro	_	_	_	
41-42	4765-4766	,	_	_	_	
41-43	4767-4768	e	_	_	_	
41-44	4769-4772	più	_	_	_	
41-45	4773-4784	comunemente	_	_	_	
41-46	4784-4785	:	_	_	_	
41-47	4786-4796	scartoccio	_	_	_	
41-48	4796-4797	:	_	_	_	
41-49	4798-4799	—	_	_	_	
41-50	4800-4801	«	_	_	_	
41-51	4801-4809	Comprami	_	_	_	
41-52	4810-4813	uno	_	_	_	
41-53	4814-4824	scartoccio	_	_	_	
41-54	4825-4828	per	_	_	_	
41-55	4829-4831	il	_	_	_	
41-56	4832-4836	lume	_	_	_	
41-57	4837-4839	in	_	_	_	
41-58	4840-4844	sala	_	_	_	
41-59	4845-4846	“	_	_	_	
41-60	4847-4848	—	_	_	_	
41-61	4849-4850	„	_	_	_	
41-62	4850-4851	I	_	_	_	
41-63	4852-4861	scartocci	_	_	_	
41-64	4862-4865	del	_	_	_	
41-65	4866-4872	Ditmar	_	_	_	
41-66	4873-4877	sono	_	_	_	
41-67	4878-4879	i	_	_	_	
41-68	4880-4888	migliori	_	_	_	
41-69	4888-4889	.	_	_	_	
41-70	4889-4890	“	_	_	_	
41-71	4892-4896	Tufo	_	_	_	
41-72	4896-4897	,	_	_	_	
41-73	4898-4901	sin	_	_	_	
41-74	4901-4902	.	_	_	_	
41-75	4903-4906	afa	_	_	_	
41-76	4906-4907	;	_	_	_	
41-77	4908-4914	fetore	Smell\_Word	_	_	
41-78	4914-4915	,	_	_	_	
41-79	4916-4921	lezzo	Smell\_Word	_	_	
41-80	4921-4922	,	_	_	_	
41-81	4923-4928	puzza	Smell\_Word	_	_	
41-82	4928-4929	,	_	_	_	
41-83	4930-4935	puzzo	Smell\_Word	_	_	
41-84	4935-4936	,	_	_	_	
41-85	4937-4944	puzzore	Smell\_Word	_	_	
41-86	4944-4945	,	_	_	_	
41-87	4946-4951	tanfo	Smell\_Word	_	_	
41-88	4951-4952	,	_	_	_	
41-89	4953-4957	aria	_	_	_	
41-90	4958-4964	colata	_	_	_	
41-91	4964-4965	,	_	_	_	
41-92	4966-4970	aria	Odour\_Carrier	_	_	
41-93	4971-4979	mefitica	Quality[36]|Smell\_Word[37]	*|*	41-93[36_37]|41-92[0_37]	
41-94	4979-4980	;	_	_	_	
41-95	4981-4985	tufo	_	_	_	
41-96	4986-4988	de	_	_	_	
41-97	4988-4989	’	_	_	_	
41-98	4989-4993	serà	_	_	_	
41-99	4993-4994	,	_	_	_	
41-100	4995-5000	puzzo	Smell\_Word	*	41-101	
41-101	5001-5010	rinchiuso	Quality	_	_	
41-102	5010-5011	.	_	_	_	

#Text=Tugurio, sin. abituro, capanna, casolare, catapecchia, stamberga, topaia, tugurio.
42-1	5013-5020	Tugurio	_	_	_	
42-2	5020-5021	,	_	_	_	
42-3	5022-5025	sin	_	_	_	
42-4	5025-5026	.	_	_	_	
42-5	5027-5034	abituro	_	_	_	
42-6	5034-5035	,	_	_	_	
42-7	5036-5043	capanna	_	_	_	
42-8	5043-5044	,	_	_	_	
42-9	5045-5053	casolare	_	_	_	
42-10	5053-5054	,	_	_	_	
42-11	5055-5066	catapecchia	_	_	_	
42-12	5066-5067	,	_	_	_	
42-13	5068-5077	stamberga	_	_	_	
42-14	5077-5078	,	_	_	_	
42-15	5079-5085	topaia	_	_	_	
42-16	5085-5086	,	_	_	_	
42-17	5087-5094	tugurio	_	_	_	
42-18	5094-5095	.	_	_	_	
