#FORMAT=WebAnno TSV 3.3
#T_SP=custom.Span|label
#T_RL=custom.Relation|label|BT_custom.Span


#Text=2o Résumé du témoignage de M.
1-1	0-2	2o	_	_	_	
1-2	3-9	Résumé	_	_	_	
1-3	10-12	du	_	_	_	
1-4	13-23	témoignage	_	_	_	
1-5	24-26	de	_	_	_	
1-6	27-28	M	_	_	_	
1-7	28-29	.	_	_	_	

#Text=William Moore, agent de police, présent à l'expérience.
2-1	30-37	William	_	_	_	
2-2	38-43	Moore	_	_	_	
2-3	43-44	,	_	_	_	
2-4	45-50	agent	_	_	_	
2-5	51-53	de	_	_	_	
2-6	54-60	police	_	_	_	
2-7	60-61	,	_	_	_	
2-8	62-69	présent	_	_	_	
2-9	70-71	à	_	_	_	
2-10	72-84	l'expérience	_	_	_	
2-11	84-85	.	_	_	_	

#Text=William Moore, agent de police, première division n. 105, est employé aujourd'hui à la station d'Highgate; il fut présent jeudi matin 48 mars aux étangs d'Highgate, à l'ouverture d'une fosse d'aisances, à laquelle il s'opposait, attendu qu'il était contraire à la loi de l'ouvrir pendant le jour; mais trois personnes lui remirent les ordres écrits dont elles étaient porteurs et lui annoncèrent qu'elles allaient faire une expérience, à la requête du gouvernement, et qu'elles prenaient sur elles la responsabilité de ce qu'elles allaient faire.
3-1	87-94	William	Perceiver[1]	_	_	
3-2	95-100	Moore	Perceiver[1]	_	_	
3-3	100-101	,	_	_	_	
3-4	102-107	agent	_	_	_	
3-5	108-110	de	_	_	_	
3-6	111-117	police	_	_	_	
3-7	117-118	,	_	_	_	
3-8	119-127	première	_	_	_	
3-9	128-136	division	_	_	_	
3-10	137-138	n	_	_	_	
3-11	138-139	.	_	_	_	
3-12	140-143	105	_	_	_	
3-13	143-144	,	_	_	_	
3-14	145-148	est	_	_	_	
3-15	149-156	employé	_	_	_	
3-16	157-168	aujourd'hui	_	_	_	
3-17	169-170	à	_	_	_	
3-18	171-173	la	_	_	_	
3-19	174-181	station	_	_	_	
3-20	182-192	d'Highgate	_	_	_	
3-21	192-193	;	_	_	_	
3-22	194-196	il	_	_	_	
3-23	197-200	fut	_	_	_	
3-24	201-208	présent	_	_	_	
3-25	209-214	jeudi	Time[2]	_	_	
3-26	215-220	matin	Time[2]	_	_	
3-27	221-223	48	Time[2]	_	_	
3-28	224-228	mars	Time[2]	_	_	
3-29	229-232	aux	_	_	_	
3-30	233-239	étangs	Location[3]	_	_	
3-31	240-250	d'Highgate	Location[3]	_	_	
3-32	250-251	,	_	_	_	
3-33	252-253	à	Circumstances[4]	_	_	
3-34	254-265	l'ouverture	Circumstances[4]	_	_	
3-35	266-271	d'une	Circumstances[4]	_	_	
3-36	272-277	fosse	Circumstances[4]	_	_	
3-37	278-288	d'aisances	Circumstances[4]	_	_	
3-38	288-289	,	_	_	_	
3-39	290-291	à	_	_	_	
3-40	292-300	laquelle	_	_	_	
3-41	301-303	il	_	_	_	
3-42	304-314	s'opposait	_	_	_	
3-43	314-315	,	_	_	_	
3-44	316-323	attendu	_	_	_	
3-45	324-329	qu'il	_	_	_	
3-46	330-335	était	_	_	_	
3-47	336-345	contraire	_	_	_	
3-48	346-347	à	_	_	_	
3-49	348-350	la	_	_	_	
3-50	351-354	loi	_	_	_	
3-51	355-357	de	_	_	_	
3-52	358-366	l'ouvrir	_	_	_	
3-53	367-374	pendant	_	_	_	
3-54	375-377	le	_	_	_	
3-55	378-382	jour	_	_	_	
3-56	382-383	;	_	_	_	
3-57	384-388	mais	_	_	_	
3-58	389-394	trois	_	_	_	
3-59	395-404	personnes	_	_	_	
3-60	405-408	lui	_	_	_	
3-61	409-417	remirent	_	_	_	
3-62	418-421	les	_	_	_	
3-63	422-428	ordres	_	_	_	
3-64	429-435	écrits	_	_	_	
3-65	436-440	dont	_	_	_	
3-66	441-446	elles	_	_	_	
3-67	447-454	étaient	_	_	_	
3-68	455-463	porteurs	_	_	_	
3-69	464-466	et	_	_	_	
3-70	467-470	lui	_	_	_	
3-71	471-482	annoncèrent	_	_	_	
3-72	483-491	qu'elles	_	_	_	
3-73	492-500	allaient	_	_	_	
3-74	501-506	faire	_	_	_	
3-75	507-510	une	_	_	_	
3-76	511-521	expérience	_	_	_	
3-77	521-522	,	_	_	_	
3-78	523-524	à	_	_	_	
3-79	525-527	la	_	_	_	
3-80	528-535	requête	_	_	_	
3-81	536-538	du	_	_	_	
3-82	539-551	gouvernement	_	_	_	
3-83	551-552	,	_	_	_	
3-84	553-555	et	_	_	_	
3-85	556-564	qu'elles	_	_	_	
3-86	565-574	prenaient	_	_	_	
3-87	575-578	sur	_	_	_	
3-88	579-584	elles	_	_	_	
3-89	585-587	la	_	_	_	
3-90	588-602	responsabilité	_	_	_	
3-91	603-605	de	_	_	_	
3-92	606-608	ce	_	_	_	
3-93	609-617	qu'elles	_	_	_	
3-94	618-626	allaient	_	_	_	
3-95	627-632	faire	_	_	_	
3-96	632-633	.	_	_	_	

#Text=William Moore resta sur les lieux ou près des lieux, pendant une partie considérable du jour ; autant qu'il a pu le voir, l'ouverture de la fosse et l'enlèvement
#Text=des matières, n'ont causé aucun déplaisir a personne ; il n'y a eu aucune odeur malfaisante; a peine a-t-ii ressenti une odeur dont les voisins ne se sont pas plaint.
4-1	634-641	William	_	_	_	
4-2	642-647	Moore	_	_	_	
4-3	648-653	resta	_	_	_	
4-4	654-657	sur	_	_	_	
4-5	658-661	les	_	_	_	
4-6	662-667	lieux	_	_	_	
4-7	668-670	ou	_	_	_	
4-8	671-675	près	_	_	_	
4-9	676-679	des	_	_	_	
4-10	680-685	lieux	_	_	_	
4-11	685-686	,	_	_	_	
4-12	687-694	pendant	_	_	_	
4-13	695-698	une	_	_	_	
4-14	699-705	partie	_	_	_	
4-15	706-718	considérable	_	_	_	
4-16	719-721	du	_	_	_	
4-17	722-726	jour	_	_	_	
4-18	727-728	;	_	_	_	
4-19	729-735	autant	_	_	_	
4-20	736-741	qu'il	_	_	_	
4-21	742-743	a	_	_	_	
4-22	744-746	pu	_	_	_	
4-23	747-749	le	_	_	_	
4-24	750-754	voir	_	_	_	
4-25	754-755	,	_	_	_	
4-26	756-767	l'ouverture	_	_	_	
4-27	768-770	de	_	_	_	
4-28	771-773	la	_	_	_	
4-29	774-779	fosse	_	_	_	
4-30	780-782	et	_	_	_	
4-31	783-795	l'enlèvement	_	_	_	
4-32	796-799	des	_	_	_	
4-33	800-808	matières	_	_	_	
4-34	808-809	,	_	_	_	
4-35	810-815	n'ont	_	_	_	
4-36	816-821	causé	_	_	_	
4-37	822-827	aucun	_	_	_	
4-38	828-837	déplaisir	_	_	_	
4-39	838-839	a	_	_	_	
4-40	840-848	personne	_	_	_	
4-41	849-850	;	_	_	_	
4-42	851-853	il	_	_	_	
4-43	854-857	n'y	_	_	_	
4-44	858-859	a	_	_	_	
4-45	860-862	eu	_	_	_	
4-46	863-869	aucune	_	_	_	
4-47	870-875	odeur	Smell\_Word	*|*|*|*|*	4-48|3-1[1_0]|3-33[4_0]|3-30[3_0]|3-25[2_0]	
4-48	876-887	malfaisante	Quality	_	_	
4-49	887-888	;	_	_	_	
4-50	889-890	a	_	_	_	
4-51	891-896	peine	_	_	_	
4-52	897-903	a-t-ii	_	_	_	
4-53	904-912	ressenti	_	_	_	
4-54	913-916	une	_	_	_	
4-55	917-922	odeur	Smell\_Word	*|*|*	4-56[5_0]|3-1[1_0]|3-33[4_0]	
4-56	923-927	dont	Quality[5]	_	_	
4-57	928-931	les	Quality[5]	_	_	
4-58	932-939	voisins	Quality[5]	_	_	
4-59	940-942	ne	Quality[5]	_	_	
4-60	943-945	se	Quality[5]	_	_	
4-61	946-950	sont	Quality[5]	_	_	
4-62	951-954	pas	Quality[5]	_	_	
4-63	955-961	plaint	Quality[5]	_	_	
4-64	961-962	.	_	_	_	

#Text=Il se chargea de s'enquérir, auprès de plusieurs voisins, s'ils étaient incommodés par une odeur malfaisante ; ils répondirent que non ; il s'enquit auprès d'une personne, M.
5-1	963-965	Il	_	_	_	
5-2	966-968	se	_	_	_	
5-3	969-976	chargea	_	_	_	
5-4	977-979	de	_	_	_	
5-5	980-990	s'enquérir	_	_	_	
5-6	990-991	,	_	_	_	
5-7	992-998	auprès	_	_	_	
5-8	999-1001	de	_	_	_	
5-9	1002-1011	plusieurs	_	_	_	
5-10	1012-1019	voisins	Perceiver	_	_	
5-11	1019-1020	,	_	_	_	
5-12	1021-1026	s'ils	_	_	_	
5-13	1027-1034	étaient	_	_	_	
5-14	1035-1045	incommodés	_	_	_	
5-15	1046-1049	par	_	_	_	
5-16	1050-1053	une	_	_	_	
5-17	1054-1059	odeur	Smell\_Word	*|*	5-10|5-18	
5-18	1060-1071	malfaisante	Quality	_	_	
5-19	1072-1073	;	_	_	_	
5-20	1074-1077	ils	_	_	_	
5-21	1078-1089	répondirent	_	_	_	
5-22	1090-1093	que	_	_	_	
5-23	1094-1097	non	_	_	_	
5-24	1098-1099	;	_	_	_	
5-25	1100-1102	il	_	_	_	
5-26	1103-1111	s'enquit	_	_	_	
5-27	1112-1118	auprès	_	_	_	
5-28	1119-1124	d'une	_	_	_	
5-29	1125-1133	personne	_	_	_	
5-30	1133-1134	,	_	_	_	
5-31	1135-1136	M	Perceiver[6]	_	_	
5-32	1136-1137	.	Perceiver[6]	_	_	

#Text=Alkins, qui tient une auberge appelée le Gate-House, placée dans une telle situation, qu'il aurait été fort incommodé par la puanteur, si cette fosse avait été ouverte dans les circonstances ordinaires.
6-1	1138-1144	Alkins	Perceiver[6]	_	_	
6-2	1144-1145	,	_	_	_	
6-3	1146-1149	qui	_	_	_	
6-4	1150-1155	tient	_	_	_	
6-5	1156-1159	une	_	_	_	
6-6	1160-1167	auberge	_	_	_	
6-7	1168-1175	appelée	_	_	_	
6-8	1176-1178	le	_	_	_	
6-9	1179-1189	Gate-House	_	_	_	
6-10	1189-1190	,	_	_	_	
6-11	1191-1197	placée	_	_	_	
6-12	1198-1202	dans	_	_	_	
6-13	1203-1206	une	_	_	_	
6-14	1207-1212	telle	_	_	_	
6-15	1213-1222	situation	_	_	_	
6-16	1222-1223	,	_	_	_	
6-17	1224-1229	qu'il	_	_	_	
6-18	1230-1236	aurait	_	_	_	
6-19	1237-1240	été	_	_	_	
6-20	1241-1245	fort	_	_	_	
6-21	1246-1255	incommodé	_	_	_	
6-22	1256-1259	par	_	_	_	
6-23	1260-1262	la	_	_	_	
6-24	1263-1271	puanteur	Smell\_Word	*	5-31[6_0]	
6-25	1271-1272	,	_	_	_	
6-26	1273-1275	si	_	_	_	
6-27	1276-1281	cette	_	_	_	
6-28	1282-1287	fosse	_	_	_	
6-29	1288-1293	avait	_	_	_	
6-30	1294-1297	été	_	_	_	
6-31	1298-1305	ouverte	_	_	_	
6-32	1306-1310	dans	_	_	_	
6-33	1311-1314	les	_	_	_	
6-34	1315-1328	circonstances	_	_	_	
6-35	1329-1339	ordinaires	_	_	_	
6-36	1339-1340	.	_	_	_	

#Text=M.
7-1	1341-1342	M	Perceiver[7]	_	_	
7-2	1342-1343	.	Perceiver[7]	_	_	

#Text=Alkins répondit qu'il avait ressenti une odeur à peine perceptible , mais qu'il n'avait senti aucune odeur malfaisante.
8-1	1344-1350	Alkins	Perceiver[7]	_	_	
8-2	1351-1359	répondit	_	_	_	
8-3	1360-1365	qu'il	_	_	_	
8-4	1366-1371	avait	_	_	_	
8-5	1372-1380	ressenti	_	_	_	
8-6	1381-1384	une	_	_	_	
8-7	1385-1390	odeur	Smell\_Word	*|*	8-8[8_0]|7-1[7_0]	
8-8	1391-1392	à	Quality[8]	_	_	
8-9	1393-1398	peine	Quality[8]	_	_	
8-10	1399-1410	perceptible	Quality[8]	_	_	
8-11	1411-1412	,	_	_	_	
8-12	1413-1417	mais	_	_	_	
8-13	1418-1423	qu'il	_	_	_	
8-14	1424-1431	n'avait	_	_	_	
8-15	1432-1437	senti	_	_	_	
8-16	1438-1444	aucune	_	_	_	
8-17	1445-1450	odeur	Smell\_Word	*|*	8-18|7-1[7_0]	
8-18	1451-1462	malfaisante	Quality	_	_	
8-19	1462-1463	.	_	_	_	

#Text=Moore s'informa aussi auprès d'un charcutier, dont le mur d'habitation est mitoyen avec l'appentis, sous lequel est situé la fosse d'aisances.
9-1	1464-1469	Moore	_	_	_	
9-2	1470-1479	s'informa	_	_	_	
9-3	1480-1485	aussi	_	_	_	
9-4	1486-1492	auprès	_	_	_	
9-5	1493-1497	d'un	_	_	_	
9-6	1498-1508	charcutier	Perceiver	_	_	
9-7	1508-1509	,	_	_	_	
9-8	1510-1514	dont	_	_	_	
9-9	1515-1517	le	_	_	_	
9-10	1518-1521	mur	_	_	_	
9-11	1522-1534	d'habitation	_	_	_	
9-12	1535-1538	est	_	_	_	
9-13	1539-1546	mitoyen	_	_	_	
9-14	1547-1551	avec	_	_	_	
9-15	1552-1562	l'appentis	_	_	_	
9-16	1562-1563	,	_	_	_	
9-17	1564-1568	sous	_	_	_	
9-18	1569-1575	lequel	_	_	_	
9-19	1576-1579	est	_	_	_	
9-20	1580-1585	situé	_	_	_	
9-21	1586-1588	la	_	_	_	
9-22	1589-1594	fosse	_	_	_	
9-23	1595-1605	d'aisances	_	_	_	
9-24	1605-1606	.	_	_	_	

#Text=Cet homme a dit qu'il n'avait éprouvé
#Text=aucune incommodité de l'odeur, et il ne pense pas qu'aucun de ses voisins ait pu en éprouver ; que, si on n'eût rien fait dans la fosse, il se serait répandu une puanteur si insupportable dans tout le voisinage, qu'il eût été impossible de continuer de la vider, et qu'il aurait fallu
#Text=que les autorités intervinssent pour arrêter ce travail.
10-1	1607-1610	Cet	_	_	_	
10-2	1611-1616	homme	_	_	_	
10-3	1617-1618	a	_	_	_	
10-4	1619-1622	dit	_	_	_	
10-5	1623-1628	qu'il	_	_	_	
10-6	1629-1636	n'avait	_	_	_	
10-7	1637-1644	éprouvé	_	_	_	
10-8	1645-1651	aucune	_	_	_	
10-9	1652-1663	incommodité	_	_	_	
10-10	1664-1666	de	_	_	_	
10-11	1667-1674	l'odeur	Smell\_Word	*	9-6	
10-12	1674-1675	,	_	_	_	
10-13	1676-1678	et	_	_	_	
10-14	1679-1681	il	_	_	_	
10-15	1682-1684	ne	_	_	_	
10-16	1685-1690	pense	_	_	_	
10-17	1691-1694	pas	_	_	_	
10-18	1695-1703	qu'aucun	_	_	_	
10-19	1704-1706	de	_	_	_	
10-20	1707-1710	ses	_	_	_	
10-21	1711-1718	voisins	_	_	_	
10-22	1719-1722	ait	_	_	_	
10-23	1723-1725	pu	_	_	_	
10-24	1726-1728	en	_	_	_	
10-25	1729-1737	éprouver	_	_	_	
10-26	1738-1739	;	_	_	_	
10-27	1740-1743	que	_	_	_	
10-28	1743-1744	,	_	_	_	
10-29	1745-1747	si	Circumstances[9]	_	_	
10-30	1748-1750	on	Circumstances[9]	_	_	
10-31	1751-1756	n'eût	Circumstances[9]	_	_	
10-32	1757-1761	rien	Circumstances[9]	_	_	
10-33	1762-1766	fait	Circumstances[9]	_	_	
10-34	1767-1771	dans	Circumstances[9]	_	_	
10-35	1772-1774	la	Circumstances[9]	_	_	
10-36	1775-1780	fosse	Circumstances[9]	_	_	
10-37	1780-1781	,	_	_	_	
10-38	1782-1784	il	_	_	_	
10-39	1785-1787	se	_	_	_	
10-40	1788-1794	serait	_	_	_	
10-41	1795-1802	répandu	_	_	_	
10-42	1803-1806	une	_	_	_	
10-43	1807-1815	puanteur	Smell\_Word	*|*|*	10-45|10-29[9_0]|10-46[10_0]	
10-44	1816-1818	si	_	_	_	
10-45	1819-1832	insupportable	Quality	_	_	
10-46	1833-1837	dans	Location[10]	_	_	
10-47	1838-1842	tout	Location[10]	_	_	
10-48	1843-1845	le	Location[10]	_	_	
10-49	1846-1855	voisinage	Location[10]	_	_	
10-50	1855-1856	,	_	_	_	
10-51	1857-1862	qu'il	_	_	_	
10-52	1863-1866	eût	_	_	_	
10-53	1867-1870	été	_	_	_	
10-54	1871-1881	impossible	_	_	_	
10-55	1882-1884	de	_	_	_	
10-56	1885-1894	continuer	_	_	_	
10-57	1895-1897	de	_	_	_	
10-58	1898-1900	la	_	_	_	
10-59	1901-1906	vider	_	_	_	
10-60	1906-1907	,	_	_	_	
10-61	1908-1910	et	_	_	_	
10-62	1911-1916	qu'il	_	_	_	
10-63	1917-1923	aurait	_	_	_	
10-64	1924-1929	fallu	_	_	_	
10-65	1930-1933	que	_	_	_	
10-66	1934-1937	les	_	_	_	
10-67	1938-1947	autorités	_	_	_	
10-68	1948-1961	intervinssent	_	_	_	
10-69	1962-1966	pour	_	_	_	
10-70	1967-1974	arrêter	_	_	_	
10-71	1975-1977	ce	_	_	_	
10-72	1978-1985	travail	_	_	_	
10-73	1985-1986	.	_	_	_	
