#FORMAT=WebAnno TSV 3.3
#T_SP=custom.Span|label
#T_RL=custom.Relation|label|BT_custom.Span


#Text=De
#Text=roerpen komt boven de kajuit onder een klein loos verdekjen, of zomtydts tusschen
#Text=de hut en kajuit door, welke zoldering bekleedt is met beteerde prezenning.
1-1	2-4	De	_	_	_	
1-2	5-12	roerpen	_	_	_	
1-3	13-17	komt	_	_	_	
1-4	18-23	boven	_	_	_	
1-5	24-26	de	_	_	_	
1-6	27-33	kajuit	_	_	_	
1-7	34-39	onder	_	_	_	
1-8	40-43	een	_	_	_	
1-9	44-49	klein	_	_	_	
1-10	50-54	loos	_	_	_	
1-11	55-64	verdekjen	_	_	_	
1-12	64-65	,	_	_	_	
1-13	66-68	of	_	_	_	
1-14	69-77	zomtydts	_	_	_	
1-15	78-86	tusschen	_	_	_	
1-16	87-89	de	_	_	_	
1-17	90-93	hut	_	_	_	
1-18	94-96	en	_	_	_	
1-19	97-103	kajuit	_	_	_	
1-20	104-108	door	_	_	_	
1-21	108-109	,	_	_	_	
1-22	110-115	welke	_	_	_	
1-23	116-125	zoldering	_	_	_	
1-24	126-134	bekleedt	_	_	_	
1-25	135-137	is	_	_	_	
1-26	138-141	met	_	_	_	
1-27	142-150	beteerde	_	_	_	
1-28	151-161	prezenning	_	_	_	
1-29	161-162	.	_	_	_	

#Text=De
#Text=kolder-stok gaat met een bril door het verdek, zoo dat de man te roer voor de hut
#Text=in d'open lucht staat.
2-1	163-165	De	_	_	_	
2-2	166-177	kolder-stok	_	_	_	
2-3	178-182	gaat	_	_	_	
2-4	183-186	met	_	_	_	
2-5	187-190	een	_	_	_	
2-6	191-195	bril	_	_	_	
2-7	196-200	door	_	_	_	
2-8	201-204	het	_	_	_	
2-9	205-211	verdek	_	_	_	
2-10	211-212	,	_	_	_	
2-11	213-216	zoo	_	_	_	
2-12	217-220	dat	_	_	_	
2-13	221-223	de	_	_	_	
2-14	224-227	man	_	_	_	
2-15	228-230	te	_	_	_	
2-16	231-235	roer	_	_	_	
2-17	236-240	voor	_	_	_	
2-18	241-243	de	_	_	_	
2-19	244-247	hut	_	_	_	
2-20	248-250	in	_	_	_	
2-21	251-257	d'open	_	_	_	
2-22	258-263	lucht	_	_	_	
2-23	264-269	staat	_	_	_	
2-24	269-270	.	_	_	_	

#Text=Aan Fluiten die geen galjoen hebben werden buitewaarts tegen de steven twillen
#Text=of knies geslagen.
3-1	273-276	Aan	_	_	_	
3-2	277-284	Fluiten	_	_	_	
3-3	285-288	die	_	_	_	
3-4	289-293	geen	_	_	_	
3-5	294-301	galjoen	_	_	_	
3-6	302-308	hebben	_	_	_	
3-7	309-315	werden	_	_	_	
3-8	316-327	buitewaarts	_	_	_	
3-9	328-333	tegen	_	_	_	
3-10	334-336	de	_	_	_	
3-11	337-343	steven	_	_	_	
3-12	344-351	twillen	_	_	_	
3-13	352-354	of	_	_	_	
3-14	355-360	knies	_	_	_	
3-15	361-369	geslagen	_	_	_	
3-16	369-370	.	_	_	_	

#Text=In naauwe Fluiten wint men uit aan het loopende en staande wandt, ook aan
#Text=ankers, kabels, en aan het getal der noodige bestierders.
4-1	373-375	In	_	_	_	
4-2	376-382	naauwe	_	_	_	
4-3	383-390	Fluiten	_	_	_	
4-4	391-395	wint	_	_	_	
4-5	396-399	men	_	_	_	
4-6	400-403	uit	_	_	_	
4-7	404-407	aan	_	_	_	
4-8	408-411	het	_	_	_	
4-9	412-420	loopende	_	_	_	
4-10	421-423	en	_	_	_	
4-11	424-431	staande	_	_	_	
4-12	432-437	wandt	_	_	_	
4-13	437-438	,	_	_	_	
4-14	439-442	ook	_	_	_	
4-15	443-446	aan	_	_	_	
4-16	447-453	ankers	_	_	_	
4-17	453-454	,	_	_	_	
4-18	455-461	kabels	_	_	_	
4-19	461-462	,	_	_	_	
4-20	463-465	en	_	_	_	
4-21	466-469	aan	_	_	_	
4-22	470-473	het	_	_	_	
4-23	474-479	getal	_	_	_	
4-24	480-483	der	_	_	_	
4-25	484-491	noodige	_	_	_	
4-26	492-503	bestierders	_	_	_	
4-27	503-504	.	_	_	_	

#Text=De Scheepen die ter Koopvaardy uit varen, en dat met weinigh volk, behooren
#Text=over alle luiken en deuren wel gedekt te
#Text=
#Text=Nicolaas Witsen, Aaloude en hedendaagsche scheeps-bouw en bestier
#Text=
#Text=\f*41
#Text=
#Text=Nicolaas Witsen, Aaloude en hedendaagsche scheeps-bouw en bestier
#Text=
#Text=\f*42
#Text=
#Text=Nicolaas Witsen, Aaloude en hedendaagsche scheeps-bouw en bestier
#Text=
#Text=\f
#Text=179
#Text=zyn met yzere banden, en beugels
#Text=, om, des noodt, en by overval van vyanden, dicht
#Text=geslooten te konnen werden;
#Text=by welk geval men wederstandt biedt, kruis-wys langs
#Text=het Schip, uit bak en schans, als mede van onderen:
#Text=waar tegen de bestormers dan
#Text=gaten in 't verdek hakken, daar zy stink-potten, granaten, en diergelyk oorlogs-tuigh
#Text=in werpen.
5-1	506-508	De	_	_	_	
5-2	509-517	Scheepen	_	_	_	
5-3	518-521	die	_	_	_	
5-4	522-525	ter	_	_	_	
5-5	526-536	Koopvaardy	_	_	_	
5-6	537-540	uit	_	_	_	
5-7	541-546	varen	_	_	_	
5-8	546-547	,	_	_	_	
5-9	548-550	en	_	_	_	
5-10	551-554	dat	_	_	_	
5-11	555-558	met	_	_	_	
5-12	559-566	weinigh	_	_	_	
5-13	567-571	volk	_	_	_	
5-14	571-572	,	_	_	_	
5-15	573-581	behooren	_	_	_	
5-16	582-586	over	_	_	_	
5-17	587-591	alle	_	_	_	
5-18	592-598	luiken	_	_	_	
5-19	599-601	en	_	_	_	
5-20	602-608	deuren	_	_	_	
5-21	609-612	wel	_	_	_	
5-22	613-619	gedekt	_	_	_	
5-23	620-622	te	_	_	_	
5-24	624-632	Nicolaas	_	_	_	
5-25	633-639	Witsen	_	_	_	
5-26	639-640	,	_	_	_	
5-27	641-648	Aaloude	_	_	_	
5-28	649-651	en	_	_	_	
5-29	652-665	hedendaagsche	_	_	_	
5-30	666-678	scheeps-bouw	_	_	_	
5-31	679-681	en	_	_	_	
5-32	682-689	bestier	_	_	_	
5-33	692-693	*	_	_	_	
5-34	693-695	41	_	_	_	
5-35	697-705	Nicolaas	_	_	_	
5-36	706-712	Witsen	_	_	_	
5-37	712-713	,	_	_	_	
5-38	714-721	Aaloude	_	_	_	
5-39	722-724	en	_	_	_	
5-40	725-738	hedendaagsche	_	_	_	
5-41	739-751	scheeps-bouw	_	_	_	
5-42	752-754	en	_	_	_	
5-43	755-762	bestier	_	_	_	
5-44	765-766	*	_	_	_	
5-45	766-768	42	_	_	_	
5-46	770-778	Nicolaas	_	_	_	
5-47	779-785	Witsen	_	_	_	
5-48	785-786	,	_	_	_	
5-49	787-794	Aaloude	_	_	_	
5-50	795-797	en	_	_	_	
5-51	798-811	hedendaagsche	_	_	_	
5-52	812-824	scheeps-bouw	_	_	_	
5-53	825-827	en	_	_	_	
5-54	828-835	bestier	_	_	_	
5-55	839-842	179	_	_	_	
5-56	843-846	zyn	_	_	_	
5-57	847-850	met	_	_	_	
5-58	851-856	yzere	_	_	_	
5-59	857-863	banden	_	_	_	
5-60	863-864	,	_	_	_	
5-61	865-867	en	_	_	_	
5-62	868-875	beugels	_	_	_	
5-63	876-877	,	_	_	_	
5-64	878-880	om	_	_	_	
5-65	880-881	,	_	_	_	
5-66	882-885	des	_	_	_	
5-67	886-891	noodt	_	_	_	
5-68	891-892	,	_	_	_	
5-69	893-895	en	_	_	_	
5-70	896-898	by	_	_	_	
5-71	899-906	overval	_	_	_	
5-72	907-910	van	_	_	_	
5-73	911-918	vyanden	_	_	_	
5-74	918-919	,	_	_	_	
5-75	920-925	dicht	_	_	_	
5-76	926-935	geslooten	_	_	_	
5-77	936-938	te	_	_	_	
5-78	939-945	konnen	_	_	_	
5-79	946-952	werden	_	_	_	
5-80	952-953	;	_	_	_	
5-81	954-956	by	_	_	_	
5-82	957-961	welk	_	_	_	
5-83	962-967	geval	_	_	_	
5-84	968-971	men	_	_	_	
5-85	972-983	wederstandt	_	_	_	
5-86	984-989	biedt	_	_	_	
5-87	989-990	,	_	_	_	
5-88	991-1000	kruis-wys	_	_	_	
5-89	1001-1006	langs	_	_	_	
5-90	1007-1010	het	_	_	_	
5-91	1011-1016	Schip	_	_	_	
5-92	1016-1017	,	_	_	_	
5-93	1018-1021	uit	_	_	_	
5-94	1022-1025	bak	_	_	_	
5-95	1026-1028	en	_	_	_	
5-96	1029-1035	schans	_	_	_	
5-97	1035-1036	,	_	_	_	
5-98	1037-1040	als	_	_	_	
5-99	1041-1045	mede	_	_	_	
5-100	1046-1049	van	_	_	_	
5-101	1050-1057	onderen	_	_	_	
5-102	1057-1058	:	_	_	_	
5-103	1059-1063	waar	_	_	_	
5-104	1064-1069	tegen	_	_	_	
5-105	1070-1072	de	_	_	_	
5-106	1073-1083	bestormers	_	_	_	
5-107	1084-1087	dan	_	_	_	
5-108	1088-1093	gaten	_	_	_	
5-109	1094-1096	in	_	_	_	
5-110	1097-1098	'	_	_	_	
5-111	1098-1099	t	_	_	_	
5-112	1100-1106	verdek	_	_	_	
5-113	1107-1113	hakken	_	_	_	
5-114	1113-1114	,	_	_	_	
5-115	1115-1119	daar	_	_	_	
5-116	1120-1122	zy	_	_	_	
5-117	1123-1135	stink-potten	Smell\_Word[1]|Smell\_Source[2]	*	5-117[2_1]	
5-118	1135-1136	,	_	_	_	
5-119	1137-1145	granaten	_	_	_	
5-120	1145-1146	,	_	_	_	
5-121	1147-1149	en	_	_	_	
5-122	1150-1159	diergelyk	_	_	_	
5-123	1160-1173	oorlogs-tuigh	_	_	_	
5-124	1174-1176	in	_	_	_	
5-125	1177-1183	werpen	_	_	_	
5-126	1183-1184	.	_	_	_	

#Text=De Scheepen die van hier om de Noort en Ooft varen zyn met weinig
#Text=scheepelingen bemant, maar die om de West varen met veel;
#Text=waar van hier de
#Text=vreede, en daar den oorlog oorzaak zy.
6-1	1186-1188	De	_	_	_	
6-2	1189-1197	Scheepen	_	_	_	
6-3	1198-1201	die	_	_	_	
6-4	1202-1205	van	_	_	_	
6-5	1206-1210	hier	_	_	_	
6-6	1211-1213	om	_	_	_	
6-7	1214-1216	de	_	_	_	
6-8	1217-1222	Noort	_	_	_	
6-9	1223-1225	en	_	_	_	
6-10	1226-1230	Ooft	_	_	_	
6-11	1231-1236	varen	_	_	_	
6-12	1237-1240	zyn	_	_	_	
6-13	1241-1244	met	_	_	_	
6-14	1245-1251	weinig	_	_	_	
6-15	1252-1265	scheepelingen	_	_	_	
6-16	1266-1272	bemant	_	_	_	
6-17	1272-1273	,	_	_	_	
6-18	1274-1278	maar	_	_	_	
6-19	1279-1282	die	_	_	_	
6-20	1283-1285	om	_	_	_	
6-21	1286-1288	de	_	_	_	
6-22	1289-1293	West	_	_	_	
6-23	1294-1299	varen	_	_	_	
6-24	1300-1303	met	_	_	_	
6-25	1304-1308	veel	_	_	_	
6-26	1308-1309	;	_	_	_	
6-27	1310-1314	waar	_	_	_	
6-28	1315-1318	van	_	_	_	
6-29	1319-1323	hier	_	_	_	
6-30	1324-1326	de	_	_	_	
6-31	1327-1333	vreede	_	_	_	
6-32	1333-1334	,	_	_	_	
6-33	1335-1337	en	_	_	_	
6-34	1338-1342	daar	_	_	_	
6-35	1343-1346	den	_	_	_	
6-36	1347-1353	oorlog	_	_	_	
6-37	1354-1361	oorzaak	_	_	_	
6-38	1362-1364	zy	_	_	_	
6-39	1364-1365	.	_	_	_	

#Text=Op d'eerste schaft men zonder maat, tot
#Text=genoeging van het volk: op de tweede meer bekrompen naar een taxt
7-1	1366-1368	Op	_	_	_	
7-2	1369-1377	d'eerste	_	_	_	
7-3	1378-1384	schaft	_	_	_	
7-4	1385-1388	men	_	_	_	
7-5	1389-1395	zonder	_	_	_	
7-6	1396-1400	maat	_	_	_	
7-7	1400-1401	,	_	_	_	
7-8	1402-1405	tot	_	_	_	
7-9	1406-1415	genoeging	_	_	_	
7-10	1416-1419	van	_	_	_	
7-11	1420-1423	het	_	_	_	
7-12	1424-1428	volk	_	_	_	
7-13	1428-1429	:	_	_	_	
7-14	1430-1432	op	_	_	_	
7-15	1433-1435	de	_	_	_	
7-16	1436-1442	tweede	_	_	_	
7-17	1443-1447	meer	_	_	_	
7-18	1448-1457	bekrompen	_	_	_	
7-19	1458-1462	naar	_	_	_	
7-20	1463-1466	een	_	_	_	
7-21	1467-1471	taxt	_	_	_	

#Text=.
8-1	1471-1472	.	_	_	_	

#Text=+
#Text=
#Text=
#Text=De
#Text=Scheepen die om 't Noorden hout, en vaak om 't Oosten koorn haalden
#Text=, waar
#Text=+
#Text=over het verschil ontstondt tusschen de Kroon Denemarken, en deezen Staat,
#Text=Scheepen waar over
#Text=aangaande den eik, of maat, die men hen in deeze Landen gaf, waren van gestalte verschil ontstandt, in 't
#Text=betalen van de tol, aan
#Text=als in de nevenstaande plaat wert vertoont.
9-1	1474-1475	+	_	_	_	
9-2	1478-1480	De	_	_	_	
9-3	1481-1489	Scheepen	_	_	_	
9-4	1490-1493	die	_	_	_	
9-5	1494-1496	om	_	_	_	
9-6	1497-1498	'	_	_	_	
9-7	1498-1499	t	_	_	_	
9-8	1500-1507	Noorden	_	_	_	
9-9	1508-1512	hout	_	_	_	
9-10	1512-1513	,	_	_	_	
9-11	1514-1516	en	_	_	_	
9-12	1517-1521	vaak	_	_	_	
9-13	1522-1524	om	_	_	_	
9-14	1525-1526	'	_	_	_	
9-15	1526-1527	t	_	_	_	
9-16	1528-1534	Oosten	_	_	_	
9-17	1535-1540	koorn	_	_	_	
9-18	1541-1548	haalden	_	_	_	
9-19	1549-1550	,	_	_	_	
9-20	1551-1555	waar	_	_	_	
9-21	1556-1557	+	_	_	_	
9-22	1558-1562	over	_	_	_	
9-23	1563-1566	het	_	_	_	
9-24	1567-1575	verschil	_	_	_	
9-25	1576-1585	ontstondt	_	_	_	
9-26	1586-1594	tusschen	_	_	_	
9-27	1595-1597	de	_	_	_	
9-28	1598-1603	Kroon	_	_	_	
9-29	1604-1614	Denemarken	_	_	_	
9-30	1614-1615	,	_	_	_	
9-31	1616-1618	en	_	_	_	
9-32	1619-1625	deezen	_	_	_	
9-33	1626-1631	Staat	_	_	_	
9-34	1631-1632	,	_	_	_	
9-35	1633-1641	Scheepen	_	_	_	
9-36	1642-1646	waar	_	_	_	
9-37	1647-1651	over	_	_	_	
9-38	1652-1661	aangaande	_	_	_	
9-39	1662-1665	den	_	_	_	
9-40	1666-1669	eik	_	_	_	
9-41	1669-1670	,	_	_	_	
9-42	1671-1673	of	_	_	_	
9-43	1674-1678	maat	_	_	_	
9-44	1678-1679	,	_	_	_	
9-45	1680-1683	die	_	_	_	
9-46	1684-1687	men	_	_	_	
9-47	1688-1691	hen	_	_	_	
9-48	1692-1694	in	_	_	_	
9-49	1695-1700	deeze	_	_	_	
9-50	1701-1707	Landen	_	_	_	
9-51	1708-1711	gaf	_	_	_	
9-52	1711-1712	,	_	_	_	
9-53	1713-1718	waren	_	_	_	
9-54	1719-1722	van	_	_	_	
9-55	1723-1731	gestalte	_	_	_	
9-56	1732-1740	verschil	_	_	_	
9-57	1741-1750	ontstandt	_	_	_	
9-58	1750-1751	,	_	_	_	
9-59	1752-1754	in	_	_	_	
9-60	1755-1756	'	_	_	_	
9-61	1756-1757	t	_	_	_	
9-62	1758-1765	betalen	_	_	_	
9-63	1766-1769	van	_	_	_	
9-64	1770-1772	de	_	_	_	
9-65	1773-1776	tol	_	_	_	
9-66	1776-1777	,	_	_	_	
9-67	1778-1781	aan	_	_	_	
9-68	1782-1785	als	_	_	_	
9-69	1786-1788	in	_	_	_	
9-70	1789-1791	de	_	_	_	
9-71	1792-1804	nevenstaande	_	_	_	
9-72	1805-1810	plaat	_	_	_	
9-73	1811-1815	wert	_	_	_	
9-74	1816-1824	vertoont	_	_	_	
9-75	1824-1825	.	_	_	_	

#Text=Voor en achter zyn zy het wydtste,
#Text=kroonenburg in de Zont.
10-1	1826-1830	Voor	_	_	_	
10-2	1831-1833	en	_	_	_	
10-3	1834-1840	achter	_	_	_	
10-4	1841-1844	zyn	_	_	_	
10-5	1845-1847	zy	_	_	_	
10-6	1848-1851	het	_	_	_	
10-7	1852-1859	wydtste	_	_	_	
10-8	1859-1860	,	_	_	_	
10-9	1861-1872	kroonenburg	_	_	_	
10-10	1873-1875	in	_	_	_	
10-11	1876-1878	de	_	_	_	
10-12	1879-1883	Zont	_	_	_	
10-13	1883-1884	.	_	_	_	
