#FORMAT=WebAnno TSV 3.3


#Text=De
#Text=roerpen komt boven de kajuit onder een klein loos verdekjen, of zomtydts tusschen
#Text=de hut en kajuit door, welke zoldering bekleedt is met beteerde prezenning.
1-1	2-4	De	
1-2	5-12	roerpen	
1-3	13-17	komt	
1-4	18-23	boven	
1-5	24-26	de	
1-6	27-33	kajuit	
1-7	34-39	onder	
1-8	40-43	een	
1-9	44-49	klein	
1-10	50-54	loos	
1-11	55-64	verdekjen	
1-12	64-65	,	
1-13	66-68	of	
1-14	69-77	zomtydts	
1-15	78-86	tusschen	
1-16	87-89	de	
1-17	90-93	hut	
1-18	94-96	en	
1-19	97-103	kajuit	
1-20	104-108	door	
1-21	108-109	,	
1-22	110-115	welke	
1-23	116-125	zoldering	
1-24	126-134	bekleedt	
1-25	135-137	is	
1-26	138-141	met	
1-27	142-150	beteerde	
1-28	151-161	prezenning	
1-29	161-162	.	

#Text=De
#Text=kolder-stok gaat met een bril door het verdek, zoo dat de man te roer voor de hut
#Text=in d'open lucht staat.
2-1	163-165	De	
2-2	166-177	kolder-stok	
2-3	178-182	gaat	
2-4	183-186	met	
2-5	187-190	een	
2-6	191-195	bril	
2-7	196-200	door	
2-8	201-204	het	
2-9	205-211	verdek	
2-10	211-212	,	
2-11	213-216	zoo	
2-12	217-220	dat	
2-13	221-223	de	
2-14	224-227	man	
2-15	228-230	te	
2-16	231-235	roer	
2-17	236-240	voor	
2-18	241-243	de	
2-19	244-247	hut	
2-20	248-250	in	
2-21	251-257	d'open	
2-22	258-263	lucht	
2-23	264-269	staat	
2-24	269-270	.	

#Text=Aan Fluiten die geen galjoen hebben werden buitewaarts tegen de steven twillen
#Text=of knies geslagen.
3-1	273-276	Aan	
3-2	277-284	Fluiten	
3-3	285-288	die	
3-4	289-293	geen	
3-5	294-301	galjoen	
3-6	302-308	hebben	
3-7	309-315	werden	
3-8	316-327	buitewaarts	
3-9	328-333	tegen	
3-10	334-336	de	
3-11	337-343	steven	
3-12	344-351	twillen	
3-13	352-354	of	
3-14	355-360	knies	
3-15	361-369	geslagen	
3-16	369-370	.	

#Text=In naauwe Fluiten wint men uit aan het loopende en staande wandt, ook aan
#Text=ankers, kabels, en aan het getal der noodige bestierders.
4-1	373-375	In	
4-2	376-382	naauwe	
4-3	383-390	Fluiten	
4-4	391-395	wint	
4-5	396-399	men	
4-6	400-403	uit	
4-7	404-407	aan	
4-8	408-411	het	
4-9	412-420	loopende	
4-10	421-423	en	
4-11	424-431	staande	
4-12	432-437	wandt	
4-13	437-438	,	
4-14	439-442	ook	
4-15	443-446	aan	
4-16	447-453	ankers	
4-17	453-454	,	
4-18	455-461	kabels	
4-19	461-462	,	
4-20	463-465	en	
4-21	466-469	aan	
4-22	470-473	het	
4-23	474-479	getal	
4-24	480-483	der	
4-25	484-491	noodige	
4-26	492-503	bestierders	
4-27	503-504	.	

#Text=De Scheepen die ter Koopvaardy uit varen, en dat met weinigh volk, behooren
#Text=over alle luiken en deuren wel gedekt te
#Text=
#Text=Nicolaas Witsen, Aaloude en hedendaagsche scheeps-bouw en bestier
#Text=
#Text=\f*41
#Text=
#Text=Nicolaas Witsen, Aaloude en hedendaagsche scheeps-bouw en bestier
#Text=
#Text=\f*42
#Text=
#Text=Nicolaas Witsen, Aaloude en hedendaagsche scheeps-bouw en bestier
#Text=
#Text=\f
#Text=179
#Text=zyn met yzere banden, en beugels
#Text=, om, des noodt, en by overval van vyanden, dicht
#Text=geslooten te konnen werden;
#Text=by welk geval men wederstandt biedt, kruis-wys langs
#Text=het Schip, uit bak en schans, als mede van onderen:
#Text=waar tegen de bestormers dan
#Text=gaten in 't verdek hakken, daar zy stink-potten, granaten, en diergelyk oorlogs-tuigh
#Text=in werpen.
5-1	506-508	De	
5-2	509-517	Scheepen	
5-3	518-521	die	
5-4	522-525	ter	
5-5	526-536	Koopvaardy	
5-6	537-540	uit	
5-7	541-546	varen	
5-8	546-547	,	
5-9	548-550	en	
5-10	551-554	dat	
5-11	555-558	met	
5-12	559-566	weinigh	
5-13	567-571	volk	
5-14	571-572	,	
5-15	573-581	behooren	
5-16	582-586	over	
5-17	587-591	alle	
5-18	592-598	luiken	
5-19	599-601	en	
5-20	602-608	deuren	
5-21	609-612	wel	
5-22	613-619	gedekt	
5-23	620-622	te	
5-24	624-632	Nicolaas	
5-25	633-639	Witsen	
5-26	639-640	,	
5-27	641-648	Aaloude	
5-28	649-651	en	
5-29	652-665	hedendaagsche	
5-30	666-678	scheeps-bouw	
5-31	679-681	en	
5-32	682-689	bestier	
5-33	692-693	*	
5-34	693-695	41	
5-35	697-705	Nicolaas	
5-36	706-712	Witsen	
5-37	712-713	,	
5-38	714-721	Aaloude	
5-39	722-724	en	
5-40	725-738	hedendaagsche	
5-41	739-751	scheeps-bouw	
5-42	752-754	en	
5-43	755-762	bestier	
5-44	765-766	*	
5-45	766-768	42	
5-46	770-778	Nicolaas	
5-47	779-785	Witsen	
5-48	785-786	,	
5-49	787-794	Aaloude	
5-50	795-797	en	
5-51	798-811	hedendaagsche	
5-52	812-824	scheeps-bouw	
5-53	825-827	en	
5-54	828-835	bestier	
5-55	839-842	179	
5-56	843-846	zyn	
5-57	847-850	met	
5-58	851-856	yzere	
5-59	857-863	banden	
5-60	863-864	,	
5-61	865-867	en	
5-62	868-875	beugels	
5-63	876-877	,	
5-64	878-880	om	
5-65	880-881	,	
5-66	882-885	des	
5-67	886-891	noodt	
5-68	891-892	,	
5-69	893-895	en	
5-70	896-898	by	
5-71	899-906	overval	
5-72	907-910	van	
5-73	911-918	vyanden	
5-74	918-919	,	
5-75	920-925	dicht	
5-76	926-935	geslooten	
5-77	936-938	te	
5-78	939-945	konnen	
5-79	946-952	werden	
5-80	952-953	;	
5-81	954-956	by	
5-82	957-961	welk	
5-83	962-967	geval	
5-84	968-971	men	
5-85	972-983	wederstandt	
5-86	984-989	biedt	
5-87	989-990	,	
5-88	991-1000	kruis-wys	
5-89	1001-1006	langs	
5-90	1007-1010	het	
5-91	1011-1016	Schip	
5-92	1016-1017	,	
5-93	1018-1021	uit	
5-94	1022-1025	bak	
5-95	1026-1028	en	
5-96	1029-1035	schans	
5-97	1035-1036	,	
5-98	1037-1040	als	
5-99	1041-1045	mede	
5-100	1046-1049	van	
5-101	1050-1057	onderen	
5-102	1057-1058	:	
5-103	1059-1063	waar	
5-104	1064-1069	tegen	
5-105	1070-1072	de	
5-106	1073-1083	bestormers	
5-107	1084-1087	dan	
5-108	1088-1093	gaten	
5-109	1094-1096	in	
5-110	1097-1098	'	
5-111	1098-1099	t	
5-112	1100-1106	verdek	
5-113	1107-1113	hakken	
5-114	1113-1114	,	
5-115	1115-1119	daar	
5-116	1120-1122	zy	
5-117	1123-1135	stink-potten	
5-118	1135-1136	,	
5-119	1137-1145	granaten	
5-120	1145-1146	,	
5-121	1147-1149	en	
5-122	1150-1159	diergelyk	
5-123	1160-1173	oorlogs-tuigh	
5-124	1174-1176	in	
5-125	1177-1183	werpen	
5-126	1183-1184	.	

#Text=De Scheepen die van hier om de Noort en Ooft varen zyn met weinig
#Text=scheepelingen bemant, maar die om de West varen met veel;
#Text=waar van hier de
#Text=vreede, en daar den oorlog oorzaak zy.
6-1	1186-1188	De	
6-2	1189-1197	Scheepen	
6-3	1198-1201	die	
6-4	1202-1205	van	
6-5	1206-1210	hier	
6-6	1211-1213	om	
6-7	1214-1216	de	
6-8	1217-1222	Noort	
6-9	1223-1225	en	
6-10	1226-1230	Ooft	
6-11	1231-1236	varen	
6-12	1237-1240	zyn	
6-13	1241-1244	met	
6-14	1245-1251	weinig	
6-15	1252-1265	scheepelingen	
6-16	1266-1272	bemant	
6-17	1272-1273	,	
6-18	1274-1278	maar	
6-19	1279-1282	die	
6-20	1283-1285	om	
6-21	1286-1288	de	
6-22	1289-1293	West	
6-23	1294-1299	varen	
6-24	1300-1303	met	
6-25	1304-1308	veel	
6-26	1308-1309	;	
6-27	1310-1314	waar	
6-28	1315-1318	van	
6-29	1319-1323	hier	
6-30	1324-1326	de	
6-31	1327-1333	vreede	
6-32	1333-1334	,	
6-33	1335-1337	en	
6-34	1338-1342	daar	
6-35	1343-1346	den	
6-36	1347-1353	oorlog	
6-37	1354-1361	oorzaak	
6-38	1362-1364	zy	
6-39	1364-1365	.	

#Text=Op d'eerste schaft men zonder maat, tot
#Text=genoeging van het volk: op de tweede meer bekrompen naar een taxt
7-1	1366-1368	Op	
7-2	1369-1377	d'eerste	
7-3	1378-1384	schaft	
7-4	1385-1388	men	
7-5	1389-1395	zonder	
7-6	1396-1400	maat	
7-7	1400-1401	,	
7-8	1402-1405	tot	
7-9	1406-1415	genoeging	
7-10	1416-1419	van	
7-11	1420-1423	het	
7-12	1424-1428	volk	
7-13	1428-1429	:	
7-14	1430-1432	op	
7-15	1433-1435	de	
7-16	1436-1442	tweede	
7-17	1443-1447	meer	
7-18	1448-1457	bekrompen	
7-19	1458-1462	naar	
7-20	1463-1466	een	
7-21	1467-1471	taxt	

#Text=.
8-1	1471-1472	.	

#Text=+
#Text=
#Text=
#Text=De
#Text=Scheepen die om 't Noorden hout, en vaak om 't Oosten koorn haalden
#Text=, waar
#Text=+
#Text=over het verschil ontstondt tusschen de Kroon Denemarken, en deezen Staat,
#Text=Scheepen waar over
#Text=aangaande den eik, of maat, die men hen in deeze Landen gaf, waren van gestalte verschil ontstandt, in 't
#Text=betalen van de tol, aan
#Text=als in de nevenstaande plaat wert vertoont.
9-1	1474-1475	+	
9-2	1478-1480	De	
9-3	1481-1489	Scheepen	
9-4	1490-1493	die	
9-5	1494-1496	om	
9-6	1497-1498	'	
9-7	1498-1499	t	
9-8	1500-1507	Noorden	
9-9	1508-1512	hout	
9-10	1512-1513	,	
9-11	1514-1516	en	
9-12	1517-1521	vaak	
9-13	1522-1524	om	
9-14	1525-1526	'	
9-15	1526-1527	t	
9-16	1528-1534	Oosten	
9-17	1535-1540	koorn	
9-18	1541-1548	haalden	
9-19	1549-1550	,	
9-20	1551-1555	waar	
9-21	1556-1557	+	
9-22	1558-1562	over	
9-23	1563-1566	het	
9-24	1567-1575	verschil	
9-25	1576-1585	ontstondt	
9-26	1586-1594	tusschen	
9-27	1595-1597	de	
9-28	1598-1603	Kroon	
9-29	1604-1614	Denemarken	
9-30	1614-1615	,	
9-31	1616-1618	en	
9-32	1619-1625	deezen	
9-33	1626-1631	Staat	
9-34	1631-1632	,	
9-35	1633-1641	Scheepen	
9-36	1642-1646	waar	
9-37	1647-1651	over	
9-38	1652-1661	aangaande	
9-39	1662-1665	den	
9-40	1666-1669	eik	
9-41	1669-1670	,	
9-42	1671-1673	of	
9-43	1674-1678	maat	
9-44	1678-1679	,	
9-45	1680-1683	die	
9-46	1684-1687	men	
9-47	1688-1691	hen	
9-48	1692-1694	in	
9-49	1695-1700	deeze	
9-50	1701-1707	Landen	
9-51	1708-1711	gaf	
9-52	1711-1712	,	
9-53	1713-1718	waren	
9-54	1719-1722	van	
9-55	1723-1731	gestalte	
9-56	1732-1740	verschil	
9-57	1741-1750	ontstandt	
9-58	1750-1751	,	
9-59	1752-1754	in	
9-60	1755-1756	'	
9-61	1756-1757	t	
9-62	1758-1765	betalen	
9-63	1766-1769	van	
9-64	1770-1772	de	
9-65	1773-1776	tol	
9-66	1776-1777	,	
9-67	1778-1781	aan	
9-68	1782-1785	als	
9-69	1786-1788	in	
9-70	1789-1791	de	
9-71	1792-1804	nevenstaande	
9-72	1805-1810	plaat	
9-73	1811-1815	wert	
9-74	1816-1824	vertoont	
9-75	1824-1825	.	

#Text=Voor en achter zyn zy het wydtste,
#Text=kroonenburg in de Zont.
10-1	1826-1830	Voor	
10-2	1831-1833	en	
10-3	1834-1840	achter	
10-4	1841-1844	zyn	
10-5	1845-1847	zy	
10-6	1848-1851	het	
10-7	1852-1859	wydtste	
10-8	1859-1860	,	
10-9	1861-1872	kroonenburg	
10-10	1873-1875	in	
10-11	1876-1878	de	
10-12	1879-1883	Zont	
10-13	1883-1884	.	
