#FORMAT=WebAnno TSV 3.3


#Text=3 Josaphat autem timore perterritus, totum se contulit ad rogandum Dominum, et prædicavit jejunium universo Juda.
#Text=4 Congregatusque est Judas ad deprecandum Dominum : sed et omnes de urbibus suis venerunt ad obsecrandum eum.
#Text=5 Cumque stetisset Josaphat in medio cœtu Juda et Jerusalem, in domo Domini ante atrium novum, 6 ait : Domine Deus patrum nostrorum, tu es Deus in cælo, et dominaris cunctis regnis gentium : in manu tua est fortitudo et potentia, nec quisquam tibi potest resistere.
#Text=7 Nonne tu, Deus noster, interfecisti omnes habitatores terræ hujus coram populo tuo Israël, et dedisti eam semini Abraham amici tui in sempiternum ?
1-1	2-3	3	
1-2	4-12	Josaphat	
1-3	13-18	autem	
1-4	19-25	timore	
1-5	26-37	perterritus	
1-6	37-38	,	
1-7	39-44	totum	
1-8	45-47	se	
1-9	48-56	contulit	
1-10	57-59	ad	
1-11	60-68	rogandum	
1-12	69-76	Dominum	
1-13	76-77	,	
1-14	78-80	et	
1-15	81-91	prædicavit	
1-16	92-100	jejunium	
1-17	101-109	universo	
1-18	110-114	Juda	
1-19	114-115	.	
1-20	116-117	4	
1-21	118-132	Congregatusque	
1-22	133-136	est	
1-23	137-142	Judas	
1-24	143-145	ad	
1-25	146-157	deprecandum	
1-26	158-165	Dominum	
1-27	166-167	:	
1-28	168-171	sed	
1-29	172-174	et	
1-30	175-180	omnes	
1-31	181-183	de	
1-32	184-191	urbibus	
1-33	192-196	suis	
1-34	197-205	venerunt	
1-35	206-208	ad	
1-36	209-220	obsecrandum	
1-37	221-224	eum	
1-38	224-225	.	
1-39	226-227	5	
1-40	228-234	Cumque	
1-41	235-244	stetisset	
1-42	245-253	Josaphat	
1-43	254-256	in	
1-44	257-262	medio	
1-45	263-267	cœtu	
1-46	268-272	Juda	
1-47	273-275	et	
1-48	276-285	Jerusalem	
1-49	285-286	,	
1-50	287-289	in	
1-51	290-294	domo	
1-52	295-301	Domini	
1-53	302-306	ante	
1-54	307-313	atrium	
1-55	314-319	novum	
1-56	319-320	,	
1-57	321-322	6	
1-58	323-326	ait	
1-59	327-328	:	
1-60	329-335	Domine	
1-61	336-340	Deus	
1-62	341-347	patrum	
1-63	348-357	nostrorum	
1-64	357-358	,	
1-65	359-361	tu	
1-66	362-364	es	
1-67	365-369	Deus	
1-68	370-372	in	
1-69	373-377	cælo	
1-70	377-378	,	
1-71	379-381	et	
1-72	382-391	dominaris	
1-73	392-399	cunctis	
1-74	400-406	regnis	
1-75	407-414	gentium	
1-76	415-416	:	
1-77	417-419	in	
1-78	420-424	manu	
1-79	425-428	tua	
1-80	429-432	est	
1-81	433-442	fortitudo	
1-82	443-445	et	
1-83	446-454	potentia	
1-84	454-455	,	
1-85	456-459	nec	
1-86	460-468	quisquam	
1-87	469-473	tibi	
1-88	474-480	potest	
1-89	481-490	resistere	
1-90	490-491	.	
1-91	492-493	7	
1-92	494-499	Nonne	
1-93	500-502	tu	
1-94	502-503	,	
1-95	504-508	Deus	
1-96	509-515	noster	
1-97	515-516	,	
1-98	517-529	interfecisti	
1-99	530-535	omnes	
1-100	536-547	habitatores	
1-101	548-553	terræ	
1-102	554-559	hujus	
1-103	560-565	coram	
1-104	566-572	populo	
1-105	573-576	tuo	
1-106	577-583	Israël	
1-107	583-584	,	
1-108	585-587	et	
1-109	588-595	dedisti	
1-110	596-599	eam	
1-111	600-606	semini	
1-112	607-614	Abraham	
1-113	615-620	amici	
1-114	621-624	tui	
1-115	625-627	in	
1-116	628-639	sempiternum	
1-117	640-641	?	

#Text=8 Habitaveruntque in ea, et exstruxerunt in illa sanctuarium nomini tuo, dicentes : 9 Si irruerint super nos mala, gladius judicii, pestilentia, et fames, stabimus coram domo hac in conspectu tuo, in qua invocatum est nomen tuum : et clamabimus ad te in tribulationibus nostris, et exaudies, salvosque facies.
#Text=10 Nunc igitur, ecce filii Ammon, et Moab, et mons Seir, per quos non concessisti Israël ut transirent quando egrediebantur de Ægypto, sed declinaverunt ab eis, et non interfecerunt illos, 11 e contrario agunt, et nituntur ejicere nos de possessione quam tradidisti nobis.
#Text=12 Deus noster, ergo non judicabis eos ?
2-1	642-643	8	
2-2	644-659	Habitaveruntque	
2-3	660-662	in	
2-4	663-665	ea	
2-5	665-666	,	
2-6	667-669	et	
2-7	670-682	exstruxerunt	
2-8	683-685	in	
2-9	686-690	illa	
2-10	691-702	sanctuarium	
2-11	703-709	nomini	
2-12	710-713	tuo	
2-13	713-714	,	
2-14	715-723	dicentes	
2-15	724-725	:	
2-16	726-727	9	
2-17	728-730	Si	
2-18	731-740	irruerint	
2-19	741-746	super	
2-20	747-750	nos	
2-21	751-755	mala	
2-22	755-756	,	
2-23	757-764	gladius	
2-24	765-772	judicii	
2-25	772-773	,	
2-26	774-785	pestilentia	
2-27	785-786	,	
2-28	787-789	et	
2-29	790-795	fames	
2-30	795-796	,	
2-31	797-805	stabimus	
2-32	806-811	coram	
2-33	812-816	domo	
2-34	817-820	hac	
2-35	821-823	in	
2-36	824-833	conspectu	
2-37	834-837	tuo	
2-38	837-838	,	
2-39	839-841	in	
2-40	842-845	qua	
2-41	846-855	invocatum	
2-42	856-859	est	
2-43	860-865	nomen	
2-44	866-870	tuum	
2-45	871-872	:	
2-46	873-875	et	
2-47	876-886	clamabimus	
2-48	887-889	ad	
2-49	890-892	te	
2-50	893-895	in	
2-51	896-911	tribulationibus	
2-52	912-919	nostris	
2-53	919-920	,	
2-54	921-923	et	
2-55	924-932	exaudies	
2-56	932-933	,	
2-57	934-943	salvosque	
2-58	944-950	facies	
2-59	950-951	.	
2-60	952-954	10	
2-61	955-959	Nunc	
2-62	960-966	igitur	
2-63	966-967	,	
2-64	968-972	ecce	
2-65	973-978	filii	
2-66	979-984	Ammon	
2-67	984-985	,	
2-68	986-988	et	
2-69	989-993	Moab	
2-70	993-994	,	
2-71	995-997	et	
2-72	998-1002	mons	
2-73	1003-1007	Seir	
2-74	1007-1008	,	
2-75	1009-1012	per	
2-76	1013-1017	quos	
2-77	1018-1021	non	
2-78	1022-1033	concessisti	
2-79	1034-1040	Israël	
2-80	1041-1043	ut	
2-81	1044-1054	transirent	
2-82	1055-1061	quando	
2-83	1062-1075	egrediebantur	
2-84	1076-1078	de	
2-85	1079-1085	Ægypto	
2-86	1085-1086	,	
2-87	1087-1090	sed	
2-88	1091-1104	declinaverunt	
2-89	1105-1107	ab	
2-90	1108-1111	eis	
2-91	1111-1112	,	
2-92	1113-1115	et	
2-93	1116-1119	non	
2-94	1120-1133	interfecerunt	
2-95	1134-1139	illos	
2-96	1139-1140	,	
2-97	1141-1143	11	
2-98	1144-1145	e	
2-99	1146-1155	contrario	
2-100	1156-1161	agunt	
2-101	1161-1162	,	
2-102	1163-1165	et	
2-103	1166-1174	nituntur	
2-104	1175-1182	ejicere	
2-105	1183-1186	nos	
2-106	1187-1189	de	
2-107	1190-1201	possessione	
2-108	1202-1206	quam	
2-109	1207-1217	tradidisti	
2-110	1218-1223	nobis	
2-111	1223-1224	.	
2-112	1225-1227	12	
2-113	1228-1232	Deus	
2-114	1233-1239	noster	
2-115	1239-1240	,	
2-116	1241-1245	ergo	
2-117	1246-1249	non	
2-118	1250-1259	judicabis	
2-119	1260-1263	eos	
2-120	1264-1265	?	

#Text=in nobis quidem non est tanta fortitudo, ut possimus huic multitudini resistere, quæ irruit super nos.
3-1	1266-1268	in	
3-2	1269-1274	nobis	
3-3	1275-1281	quidem	
3-4	1282-1285	non	
3-5	1286-1289	est	
3-6	1290-1295	tanta	
3-7	1296-1305	fortitudo	
3-8	1305-1306	,	
3-9	1307-1309	ut	
3-10	1310-1318	possimus	
3-11	1319-1323	huic	
3-12	1324-1335	multitudini	
3-13	1336-1345	resistere	
3-14	1345-1346	,	
3-15	1347-1350	quæ	
3-16	1351-1357	irruit	
3-17	1358-1363	super	
3-18	1364-1367	nos	
3-19	1367-1368	.	

#Text=Sed cum ignoremus quid agere debeamus, hoc solum habemus residui, ut oculos nostros dirigamus ad te.
#Text=13 Omnis vero Juda stabat coram Domino cum parvulis, et uxoribus, et liberis suis.
#Text=14 Erat autem Jahaziel filius Zachariæ filii Banaiæ filii Jehiel filii Mathaniæ, Levites de filiis Asaph, super quem factus est spiritus Domini, in medio turbæ, 15 et ait : Attendite, omnis Juda, et qui habitatis Jerusalem, et tu, rex Josaphat : hæc dicit Dominus vobis : Nolite timere, nec paveatis hanc multitudinem : non est enim vestra pugna, sed Dei.
#Text=16 Cras descendetis contra eos : ascensuri enim sunt per clivum nomine Sis, et invenietis illos in summitate torrentis qui est contra solitudinem Jeruel.
#Text=17 Non eritis vos qui dimicabitis, sed tantummodo confidenter state, et videbitis auxilium Domini super vos, o Juda et Jerusalem : nolite timere, nec paveatis : cras egrediemini contra eos, et Dominus erit vobiscum.
#Text=18 Josaphat ergo, et Juda, et omnes habitatores Jerusalem ceciderunt proni in terram coram Domino, et adoraverunt eum.
#Text=19 Porro Levitæ de filiis Caath et de filiis Core laudabant Dominum Deum Israël voce magna in excelsum.
#Text=20 Cumque mane surrexissent, egressi sunt per desertum Thecue : profectisque eis, stans Josaphat in medio eorum, dixit : Audite me, viri Juda, et omnes habitatores Jerusalem : credite in Domino Deo vestro, et securi eritis : credite prophetis ejus, et cuncta evenient prospera.
#Text=21 Deditque consilium populo, et statuit cantores Domini ut laudarent eum in turmis suis, et antecederent exercitum, ac voce consona dicerent : Confitemini Domino quoniam in æternum misericordia ejus.
#Text=22 Cumque cœpissent laudes canere, vertit Dominus insidias eorum in semetipsos, filiorum scilicet Ammon, et Moab, et montis Seir, qui egressi fuerant ut pugnarent contra Judam : et percussi sunt.
#Text=23 Namque filii Ammon et Moab consurrexerunt adversum habitatores montis Seir, ut interficerent et delerent eos : cumque hoc opere perpetrassent, etiam in semetipsos versi, mutuis concidere vulneribus.
#Text=24 Porro Juda, cum venisset ad speculam quæ respicit solitudinem, vidit procul omnem late regionem plenam cadaveribus, nec superesse quemquam qui necem potuisset evadere.
4-1	1369-1372	Sed	
4-2	1373-1376	cum	
4-3	1377-1386	ignoremus	
4-4	1387-1391	quid	
4-5	1392-1397	agere	
4-6	1398-1406	debeamus	
4-7	1406-1407	,	
4-8	1408-1411	hoc	
4-9	1412-1417	solum	
4-10	1418-1425	habemus	
4-11	1426-1433	residui	
4-12	1433-1434	,	
4-13	1435-1437	ut	
4-14	1438-1444	oculos	
4-15	1445-1452	nostros	
4-16	1453-1462	dirigamus	
4-17	1463-1465	ad	
4-18	1466-1468	te	
4-19	1468-1469	.	
4-20	1470-1472	13	
4-21	1473-1478	Omnis	
4-22	1479-1483	vero	
4-23	1484-1488	Juda	
4-24	1489-1495	stabat	
4-25	1496-1501	coram	
4-26	1502-1508	Domino	
4-27	1509-1512	cum	
4-28	1513-1521	parvulis	
4-29	1521-1522	,	
4-30	1523-1525	et	
4-31	1526-1534	uxoribus	
4-32	1534-1535	,	
4-33	1536-1538	et	
4-34	1539-1546	liberis	
4-35	1547-1551	suis	
4-36	1551-1552	.	
4-37	1553-1555	14	
4-38	1556-1560	Erat	
4-39	1561-1566	autem	
4-40	1567-1575	Jahaziel	
4-41	1576-1582	filius	
4-42	1583-1591	Zachariæ	
4-43	1592-1597	filii	
4-44	1598-1604	Banaiæ	
4-45	1605-1610	filii	
4-46	1611-1617	Jehiel	
4-47	1618-1623	filii	
4-48	1624-1632	Mathaniæ	
4-49	1632-1633	,	
4-50	1634-1641	Levites	
4-51	1642-1644	de	
4-52	1645-1651	filiis	
4-53	1652-1657	Asaph	
4-54	1657-1658	,	
4-55	1659-1664	super	
4-56	1665-1669	quem	
4-57	1670-1676	factus	
4-58	1677-1680	est	
4-59	1681-1689	spiritus	
4-60	1690-1696	Domini	
4-61	1696-1697	,	
4-62	1698-1700	in	
4-63	1701-1706	medio	
4-64	1707-1712	turbæ	
4-65	1712-1713	,	
4-66	1714-1716	15	
4-67	1717-1719	et	
4-68	1720-1723	ait	
4-69	1724-1725	:	
4-70	1726-1735	Attendite	
4-71	1735-1736	,	
4-72	1737-1742	omnis	
4-73	1743-1747	Juda	
4-74	1747-1748	,	
4-75	1749-1751	et	
4-76	1752-1755	qui	
4-77	1756-1765	habitatis	
4-78	1766-1775	Jerusalem	
4-79	1775-1776	,	
4-80	1777-1779	et	
4-81	1780-1782	tu	
4-82	1782-1783	,	
4-83	1784-1787	rex	
4-84	1788-1796	Josaphat	
4-85	1797-1798	:	
4-86	1799-1802	hæc	
4-87	1803-1808	dicit	
4-88	1809-1816	Dominus	
4-89	1817-1822	vobis	
4-90	1823-1824	:	
4-91	1825-1831	Nolite	
4-92	1832-1838	timere	
4-93	1838-1839	,	
4-94	1840-1843	nec	
4-95	1844-1852	paveatis	
4-96	1853-1857	hanc	
4-97	1858-1870	multitudinem	
4-98	1871-1872	:	
4-99	1873-1876	non	
4-100	1877-1880	est	
4-101	1881-1885	enim	
4-102	1886-1892	vestra	
4-103	1893-1898	pugna	
4-104	1898-1899	,	
4-105	1900-1903	sed	
4-106	1904-1907	Dei	
4-107	1907-1908	.	
4-108	1909-1911	16	
4-109	1912-1916	Cras	
4-110	1917-1928	descendetis	
4-111	1929-1935	contra	
4-112	1936-1939	eos	
4-113	1940-1941	:	
4-114	1942-1951	ascensuri	
4-115	1952-1956	enim	
4-116	1957-1961	sunt	
4-117	1962-1965	per	
4-118	1966-1972	clivum	
4-119	1973-1979	nomine	
4-120	1980-1983	Sis	
4-121	1983-1984	,	
4-122	1985-1987	et	
4-123	1988-1998	invenietis	
4-124	1999-2004	illos	
4-125	2005-2007	in	
4-126	2008-2017	summitate	
4-127	2018-2027	torrentis	
4-128	2028-2031	qui	
4-129	2032-2035	est	
4-130	2036-2042	contra	
4-131	2043-2054	solitudinem	
4-132	2055-2061	Jeruel	
4-133	2061-2062	.	
4-134	2063-2065	17	
4-135	2066-2069	Non	
4-136	2070-2076	eritis	
4-137	2077-2080	vos	
4-138	2081-2084	qui	
4-139	2085-2096	dimicabitis	
4-140	2096-2097	,	
4-141	2098-2101	sed	
4-142	2102-2112	tantummodo	
4-143	2113-2124	confidenter	
4-144	2125-2130	state	
4-145	2130-2131	,	
4-146	2132-2134	et	
4-147	2135-2144	videbitis	
4-148	2145-2153	auxilium	
4-149	2154-2160	Domini	
4-150	2161-2166	super	
4-151	2167-2170	vos	
4-152	2170-2171	,	
4-153	2172-2173	o	
4-154	2174-2178	Juda	
4-155	2179-2181	et	
4-156	2182-2191	Jerusalem	
4-157	2192-2193	:	
4-158	2194-2200	nolite	
4-159	2201-2207	timere	
4-160	2207-2208	,	
4-161	2209-2212	nec	
4-162	2213-2221	paveatis	
4-163	2222-2223	:	
4-164	2224-2228	cras	
4-165	2229-2240	egrediemini	
4-166	2241-2247	contra	
4-167	2248-2251	eos	
4-168	2251-2252	,	
4-169	2253-2255	et	
4-170	2256-2263	Dominus	
4-171	2264-2268	erit	
4-172	2269-2277	vobiscum	
4-173	2277-2278	.	
4-174	2279-2281	18	
4-175	2282-2290	Josaphat	
4-176	2291-2295	ergo	
4-177	2295-2296	,	
4-178	2297-2299	et	
4-179	2300-2304	Juda	
4-180	2304-2305	,	
4-181	2306-2308	et	
4-182	2309-2314	omnes	
4-183	2315-2326	habitatores	
4-184	2327-2336	Jerusalem	
4-185	2337-2347	ceciderunt	
4-186	2348-2353	proni	
4-187	2354-2356	in	
4-188	2357-2363	terram	
4-189	2364-2369	coram	
4-190	2370-2376	Domino	
4-191	2376-2377	,	
4-192	2378-2380	et	
4-193	2381-2392	adoraverunt	
4-194	2393-2396	eum	
4-195	2396-2397	.	
4-196	2398-2400	19	
4-197	2401-2406	Porro	
4-198	2407-2413	Levitæ	
4-199	2414-2416	de	
4-200	2417-2423	filiis	
4-201	2424-2429	Caath	
4-202	2430-2432	et	
4-203	2433-2435	de	
4-204	2436-2442	filiis	
4-205	2443-2447	Core	
4-206	2448-2457	laudabant	
4-207	2458-2465	Dominum	
4-208	2466-2470	Deum	
4-209	2471-2477	Israël	
4-210	2478-2482	voce	
4-211	2483-2488	magna	
4-212	2489-2491	in	
4-213	2492-2500	excelsum	
4-214	2500-2501	.	
4-215	2502-2504	20	
4-216	2505-2511	Cumque	
4-217	2512-2516	mane	
4-218	2517-2529	surrexissent	
4-219	2529-2530	,	
4-220	2531-2538	egressi	
4-221	2539-2543	sunt	
4-222	2544-2547	per	
4-223	2548-2556	desertum	
4-224	2557-2563	Thecue	
4-225	2564-2565	:	
4-226	2566-2578	profectisque	
4-227	2579-2582	eis	
4-228	2582-2583	,	
4-229	2584-2589	stans	
4-230	2590-2598	Josaphat	
4-231	2599-2601	in	
4-232	2602-2607	medio	
4-233	2608-2613	eorum	
4-234	2613-2614	,	
4-235	2615-2620	dixit	
4-236	2621-2622	:	
4-237	2623-2629	Audite	
4-238	2630-2632	me	
4-239	2632-2633	,	
4-240	2634-2638	viri	
4-241	2639-2643	Juda	
4-242	2643-2644	,	
4-243	2645-2647	et	
4-244	2648-2653	omnes	
4-245	2654-2665	habitatores	
4-246	2666-2675	Jerusalem	
4-247	2676-2677	:	
4-248	2678-2685	credite	
4-249	2686-2688	in	
4-250	2689-2695	Domino	
4-251	2696-2699	Deo	
4-252	2700-2706	vestro	
4-253	2706-2707	,	
4-254	2708-2710	et	
4-255	2711-2717	securi	
4-256	2718-2724	eritis	
4-257	2725-2726	:	
4-258	2727-2734	credite	
4-259	2735-2744	prophetis	
4-260	2745-2749	ejus	
4-261	2749-2750	,	
4-262	2751-2753	et	
4-263	2754-2760	cuncta	
4-264	2761-2769	evenient	
4-265	2770-2778	prospera	
4-266	2778-2779	.	
4-267	2780-2782	21	
4-268	2783-2791	Deditque	
4-269	2792-2801	consilium	
4-270	2802-2808	populo	
4-271	2808-2809	,	
4-272	2810-2812	et	
4-273	2813-2820	statuit	
4-274	2821-2829	cantores	
4-275	2830-2836	Domini	
4-276	2837-2839	ut	
4-277	2840-2849	laudarent	
4-278	2850-2853	eum	
4-279	2854-2856	in	
4-280	2857-2863	turmis	
4-281	2864-2868	suis	
4-282	2868-2869	,	
4-283	2870-2872	et	
4-284	2873-2885	antecederent	
4-285	2886-2895	exercitum	
4-286	2895-2896	,	
4-287	2897-2899	ac	
4-288	2900-2904	voce	
4-289	2905-2912	consona	
4-290	2913-2921	dicerent	
4-291	2922-2923	:	
4-292	2924-2935	Confitemini	
4-293	2936-2942	Domino	
4-294	2943-2950	quoniam	
4-295	2951-2953	in	
4-296	2954-2961	æternum	
4-297	2962-2974	misericordia	
4-298	2975-2979	ejus	
4-299	2979-2980	.	
4-300	2981-2983	22	
4-301	2984-2990	Cumque	
4-302	2991-3000	cœpissent	
4-303	3001-3007	laudes	
4-304	3008-3014	canere	
4-305	3014-3015	,	
4-306	3016-3022	vertit	
4-307	3023-3030	Dominus	
4-308	3031-3039	insidias	
4-309	3040-3045	eorum	
4-310	3046-3048	in	
4-311	3049-3059	semetipsos	
4-312	3059-3060	,	
4-313	3061-3069	filiorum	
4-314	3070-3078	scilicet	
4-315	3079-3084	Ammon	
4-316	3084-3085	,	
4-317	3086-3088	et	
4-318	3089-3093	Moab	
4-319	3093-3094	,	
4-320	3095-3097	et	
4-321	3098-3104	montis	
4-322	3105-3109	Seir	
4-323	3109-3110	,	
4-324	3111-3114	qui	
4-325	3115-3122	egressi	
4-326	3123-3130	fuerant	
4-327	3131-3133	ut	
4-328	3134-3143	pugnarent	
4-329	3144-3150	contra	
4-330	3151-3156	Judam	
4-331	3157-3158	:	
4-332	3159-3161	et	
4-333	3162-3170	percussi	
4-334	3171-3175	sunt	
4-335	3175-3176	.	
4-336	3177-3179	23	
4-337	3180-3186	Namque	
4-338	3187-3192	filii	
4-339	3193-3198	Ammon	
4-340	3199-3201	et	
4-341	3202-3206	Moab	
4-342	3207-3221	consurrexerunt	
4-343	3222-3230	adversum	
4-344	3231-3242	habitatores	
4-345	3243-3249	montis	
4-346	3250-3254	Seir	
4-347	3254-3255	,	
4-348	3256-3258	ut	
4-349	3259-3272	interficerent	
4-350	3273-3275	et	
4-351	3276-3284	delerent	
4-352	3285-3288	eos	
4-353	3289-3290	:	
4-354	3291-3297	cumque	
4-355	3298-3301	hoc	
4-356	3302-3307	opere	
4-357	3308-3321	perpetrassent	
4-358	3321-3322	,	
4-359	3323-3328	etiam	
4-360	3329-3331	in	
4-361	3332-3342	semetipsos	
4-362	3343-3348	versi	
4-363	3348-3349	,	
4-364	3350-3356	mutuis	
4-365	3357-3366	concidere	
4-366	3367-3377	vulneribus	
4-367	3377-3378	.	
4-368	3379-3381	24	
4-369	3382-3387	Porro	
4-370	3388-3392	Juda	
4-371	3392-3393	,	
4-372	3394-3397	cum	
4-373	3398-3406	venisset	
4-374	3407-3409	ad	
4-375	3410-3418	speculam	
4-376	3419-3422	quæ	
4-377	3423-3431	respicit	
4-378	3432-3443	solitudinem	
4-379	3443-3444	,	
4-380	3445-3450	vidit	
4-381	3451-3457	procul	
4-382	3458-3463	omnem	
4-383	3464-3468	late	
4-384	3469-3477	regionem	
4-385	3478-3484	plenam	
4-386	3485-3496	cadaveribus	
4-387	3496-3497	,	
4-388	3498-3501	nec	
4-389	3502-3511	superesse	
4-390	3512-3520	quemquam	
4-391	3521-3524	qui	
4-392	3525-3530	necem	
4-393	3531-3540	potuisset	
4-394	3541-3548	evadere	
4-395	3548-3549	.	
