#FORMAT=WebAnno TSV 3.3


#Text=Purum fal vrinosum volatile omnes deprehendunt per odorem in fpiritu falis armoniaci, vrinae, cornu cerui.
1-1	2-7	Purum	
1-2	8-11	fal	
1-3	12-20	vrinosum	
1-4	21-29	volatile	
1-5	30-35	omnes	
1-6	36-48	deprehendunt	
1-7	49-52	per	
1-8	53-59	odorem	
1-9	60-62	in	
1-10	63-70	fpiritu	
1-11	71-76	falis	
1-12	77-86	armoniaci	
1-13	86-87	,	
1-14	88-94	vrinae	
1-15	94-95	,	
1-16	96-101	cornu	
1-17	102-107	cerui	
1-18	107-108	.	

#Text=Nonne idem in multis plantis e le verifimile eft ?
2-1	109-114	Nonne	
2-2	115-119	idem	
2-3	120-122	in	
2-4	123-129	multis	
2-5	130-137	plantis	
2-6	138-139	e	
2-7	140-142	le	
2-8	143-153	verifimile	
2-9	154-157	eft	
2-10	158-159	?	

#Text=Certe verifimillimum est, idem fal, fed diuersis aliis partibus modificatum yolatile redditum effe in nasturcinis, alliaceis, ymbelliferis multis non refinofis; non
#Text=
#Text=
#Text=
#Text=fo.
3-1	160-165	Certe	
3-2	166-180	verifimillimum	
3-3	181-184	est	
3-4	184-185	,	
3-5	186-190	idem	
3-6	191-194	fal	
3-7	194-195	,	
3-8	196-199	fed	
3-9	200-208	diuersis	
3-10	209-214	aliis	
3-11	215-223	partibus	
3-12	224-235	modificatum	
3-13	236-244	yolatile	
3-14	245-253	redditum	
3-15	254-258	effe	
3-16	259-261	in	
3-17	262-273	nasturcinis	
3-18	273-274	,	
3-19	275-284	alliaceis	
3-20	284-285	,	
3-21	286-298	ymbelliferis	
3-22	299-305	multis	
3-23	306-309	non	
3-24	310-319	refinofis	
3-25	319-320	;	
3-26	321-324	non	
3-27	328-330	fo	
3-28	330-331	.	

#Text=B 3
#Text=
#Text=
#Text=
#Text=
#Text=
#Text=solum, quia haec examini chemico subiecta plurimum fal volatile vrinofum etiam spontaneum et non per ignis torturam produétum largiuntur, fed etiam , quia hic odor cum aliis odoribus comparatus etiam sensu interno ipfo iudice ad nullum aliud genus odorum referri commodius poteft, quam ad salinum medium volatilem.'
4-1	332-333	B	
4-2	334-335	3	
4-3	341-346	solum	
4-4	346-347	,	
4-5	348-352	quia	
4-6	353-357	haec	
4-7	358-365	examini	
4-8	366-373	chemico	
4-9	374-382	subiecta	
4-10	383-391	plurimum	
4-11	392-395	fal	
4-12	396-404	volatile	
4-13	405-413	vrinofum	
4-14	414-419	etiam	
4-15	420-430	spontaneum	
4-16	431-433	et	
4-17	434-437	non	
4-18	438-441	per	
4-19	442-447	ignis	
4-20	448-456	torturam	
4-21	457-466	produétum	
4-22	467-477	largiuntur	
4-23	477-478	,	
4-24	479-482	fed	
4-25	483-488	etiam	
4-26	489-490	,	
4-27	491-495	quia	
4-28	496-499	hic	
4-29	500-504	odor	
4-30	505-508	cum	
4-31	509-514	aliis	
4-32	515-523	odoribus	
4-33	524-534	comparatus	
4-34	535-540	etiam	
4-35	541-546	sensu	
4-36	547-554	interno	
4-37	555-559	ipfo	
4-38	560-566	iudice	
4-39	567-569	ad	
4-40	570-576	nullum	
4-41	577-582	aliud	
4-42	583-588	genus	
4-43	589-595	odorum	
4-44	596-603	referri	
4-45	604-613	commodius	
4-46	614-620	poteft	
4-47	620-621	,	
4-48	622-626	quam	
4-49	627-629	ad	
4-50	630-637	salinum	
4-51	638-644	medium	
4-52	645-654	volatilem	
4-53	654-655	.	
4-54	655-656	'	

#Text=Di.
#Text=ftingui potest.
#Text=acre et blandum in iis , tenue et crassum, diductum et concentratum.
5-1	657-659	Di	
5-2	659-660	.	
5-3	661-668	ftingui	
5-4	669-675	potest	
5-5	675-676	.	
5-6	677-681	acre	
5-7	682-684	et	
5-8	685-692	blandum	
5-9	693-695	in	
5-10	696-699	iis	
5-11	700-701	,	
5-12	702-707	tenue	
5-13	708-710	et	
5-14	711-718	crassum	
5-15	718-719	,	
5-16	720-728	diductum	
5-17	729-731	et	
5-18	732-744	concentratum	
5-19	744-745	.	

#Text=Plurimi quoque odores hircini huc referri poffant, et quamuis hi odores omnes non eundem plane fenfum naribus exhiheant, id tamen exhibent certissime, vt intelligatur, magis fal volatile medium, quam aliam partem conftitutiuam in iis fuperare.
6-1	746-753	Plurimi	
6-2	754-760	quoque	
6-3	761-767	odores	
6-4	768-775	hircini	
6-5	776-779	huc	
6-6	780-787	referri	
6-7	788-795	poffant	
6-8	795-796	,	
6-9	797-799	et	
6-10	800-807	quamuis	
6-11	808-810	hi	
6-12	811-817	odores	
6-13	818-823	omnes	
6-14	824-827	non	
6-15	828-834	eundem	
6-16	835-840	plane	
6-17	841-847	fenfum	
6-18	848-855	naribus	
6-19	856-865	exhiheant	
6-20	865-866	,	
6-21	867-869	id	
6-22	870-875	tamen	
6-23	876-884	exhibent	
6-24	885-895	certissime	
6-25	895-896	,	
6-26	897-899	vt	
6-27	900-912	intelligatur	
6-28	912-913	,	
6-29	914-919	magis	
6-30	920-923	fal	
6-31	924-932	volatile	
6-32	933-939	medium	
6-33	939-940	,	
6-34	941-945	quam	
6-35	946-951	aliam	
6-36	952-958	partem	
6-37	959-972	conftitutiuam	
6-38	973-975	in	
6-39	976-979	iis	
6-40	980-988	fuperare	
6-41	988-989	.	

#Text=Sed aliis quoque argumentis hoc affertum poteft probari, quae ex ipfa fynthesi petuntur.
7-1	990-993	Sed	
7-2	994-999	aliis	
7-3	1000-1006	quoque	
7-4	1007-1017	argumentis	
7-5	1018-1021	hoc	
7-6	1022-1030	affertum	
7-7	1031-1037	poteft	
7-8	1038-1045	probari	
7-9	1045-1046	,	
7-10	1047-1051	quae	
7-11	1052-1054	ex	
7-12	1055-1059	ipfa	
7-13	1060-1068	fynthesi	
7-14	1069-1077	petuntur	
7-15	1077-1078	.	

#Text=Sic ex fale marino elici poteft sulphureum principium.
#Text=semiuolatile falsum, et hoc verum odorem allii refert.
8-1	1079-1082	Sic	
8-2	1083-1085	ex	
8-3	1086-1090	fale	
8-4	1091-1097	marino	
8-5	1098-1103	elici	
8-6	1104-1110	poteft	
8-7	1111-1121	sulphureum	
8-8	1122-1132	principium	
8-9	1132-1133	.	
8-10	1134-1146	semiuolatile	
8-11	1147-1153	falsum	
8-12	1153-1154	,	
8-13	1155-1157	et	
8-14	1158-1161	hoc	
8-15	1162-1167	verum	
8-16	1168-1174	odorem	
8-17	1175-1180	allii	
8-18	1181-1187	refert	
8-19	1187-1188	.	

#Text=Annon ex eodem fulphureo principio acidi falis marini .concentrati alliaceus odor in Arfenico oritur?
9-1	1189-1194	Annon	
9-2	1195-1197	ex	
9-3	1198-1203	eodem	
9-4	1204-1213	fulphureo	
9-5	1214-1223	principio	
9-6	1224-1229	acidi	
9-7	1230-1235	falis	
9-8	1236-1242	marini	
9-9	1243-1244	.	
9-10	1244-1255	concentrati	
9-11	1256-1265	alliaceus	
9-12	1266-1270	odor	
9-13	1271-1273	in	
9-14	1274-1282	Arfenico	
9-15	1283-1289	oritur	
9-16	1289-1290	?	

#Text=Nasturcinus odor oritur, fi acidum quoddam oleofum e. g. acetum faepius super tartarum vitriolatum abftrahitur vti faepius fapientiffimus RYDIGERVS praeceptor meus maxime venerandus in mat.
#Text=med.
#Text=monuit.
10-1	1291-1302	Nasturcinus	
10-2	1303-1307	odor	
10-3	1308-1314	oritur	
10-4	1314-1315	,	
10-5	1316-1318	fi	
10-6	1319-1325	acidum	
10-7	1326-1333	quoddam	
10-8	1334-1341	oleofum	
10-9	1342-1343	e	
10-10	1343-1344	.	
10-11	1345-1346	g	
10-12	1346-1347	.	
10-13	1348-1354	acetum	
10-14	1355-1362	faepius	
10-15	1363-1368	super	
10-16	1369-1377	tartarum	
10-17	1378-1389	vitriolatum	
10-18	1390-1401	abftrahitur	
10-19	1402-1405	vti	
10-20	1406-1413	faepius	
10-21	1414-1428	fapientiffimus	
10-22	1429-1438	RYDIGERVS	
10-23	1439-1449	praeceptor	
10-24	1450-1454	meus	
10-25	1455-1461	maxime	
10-26	1462-1472	venerandus	
10-27	1473-1475	in	
10-28	1476-1479	mat	
10-29	1479-1480	.	
10-30	1481-1484	med	
10-31	1484-1485	.	
10-32	1486-1492	monuit	
10-33	1492-1493	.	

#Text=Huic verifimile est, omnia pasturcina in volatilibus partibus fal medium oleosam volatile redditum habere,
#Text=
#Text=
#Text=
#Text=
#Text=
#Text=$.
11-1	1494-1498	Huic	
11-2	1499-1509	verifimile	
11-3	1510-1513	est	
11-4	1513-1514	,	
11-5	1515-1520	omnia	
11-6	1521-1531	pasturcina	
11-7	1532-1534	in	
11-8	1535-1546	volatilibus	
11-9	1547-1555	partibus	
11-10	1556-1559	fal	
11-11	1560-1566	medium	
11-12	1567-1574	oleosam	
11-13	1575-1583	volatile	
11-14	1584-1592	redditum	
11-15	1593-1599	habere	
11-16	1599-1600	,	
11-17	1606-1607	$	
11-18	1607-1608	.	

#Text=VI.
12-1	1609-1611	VI	
12-2	1611-1612	.	

#Text=Et hi quidem sunt isti odores, qui aut terra aut sale fimplici aut magis composito onusti funt.
13-1	1613-1615	Et	
13-2	1616-1618	hi	
13-3	1619-1625	quidem	
13-4	1626-1630	sunt	
13-5	1631-1635	isti	
13-6	1636-1642	odores	
13-7	1642-1643	,	
13-8	1644-1647	qui	
13-9	1648-1651	aut	
13-10	1652-1657	terra	
13-11	1658-1661	aut	
13-12	1662-1666	sale	
13-13	1667-1675	fimplici	
13-14	1676-1679	aut	
13-15	1680-1685	magis	
13-16	1686-1695	composito	
13-17	1696-1702	onusti	
13-18	1703-1707	funt	
13-19	1707-1708	.	

#Text=Nunc transeamns ad eos, in qui.
#Text=bus vel terra figens volatilis cum inflammabili volatili vel aliae magis compositae mixtiones fnperant.
14-1	1709-1713	Nunc	
14-2	1714-1724	transeamns	
14-3	1725-1727	ad	
14-4	1728-1731	eos	
14-5	1731-1732	,	
14-6	1733-1735	in	
14-7	1736-1739	qui	
14-8	1739-1740	.	
14-9	1741-1744	bus	
14-10	1745-1748	vel	
14-11	1749-1754	terra	
14-12	1755-1761	figens	
14-13	1762-1771	volatilis	
14-14	1772-1775	cum	
14-15	1776-1788	inflammabili	
14-16	1789-1797	volatili	
14-17	1798-1801	vel	
14-18	1802-1807	aliae	
14-19	1808-1813	magis	
14-20	1814-1824	compositae	
14-21	1825-1834	mixtiones	
14-22	1835-1843	fnperant	
14-23	1843-1844	.	

#Text=Simpliciffimae E. mixtionis in his eft Odor camphoratus, qui in multis plantis reperitur, vid.
15-1	1845-1859	Simpliciffimae	
15-2	1860-1861	E	
15-3	1861-1862	.	
15-4	1863-1872	mixtionis	
15-5	1873-1875	in	
15-6	1876-1879	his	
15-7	1880-1883	eft	
15-8	1884-1888	Odor	
15-9	1889-1900	camphoratus	
15-10	1900-1901	,	
15-11	1902-1905	qui	
15-12	1906-1908	in	
15-13	1909-1915	multis	
15-14	1916-1923	plantis	
15-15	1924-1933	reperitur	
15-16	1933-1934	,	
15-17	1935-1938	vid	
15-18	1938-1939	.	

#Text=CARTHE VSERI Disputat.
16-1	1940-1946	CARTHE	
16-2	1947-1952	VSERI	
16-3	1953-1961	Disputat	
16-4	1961-1962	.	
