#FORMAT=WebAnno TSV 3.3
#T_SP=custom.Span|label
#T_RL=custom.Relation|label|BT_custom.Span


#Text=Im Handel kommen mehrere Sorten vor:
#Text=
#Text=
#Text=Aegyptiſcher Safflor, Alexandriner Safflor, die farbſtoffreichſte
#Text=Handelsmarke, kommt in dunkelrotbraunen Maſſen vor.
1-1	5-7	Im	_	_	_	
1-2	8-14	Handel	_	_	_	
1-3	15-21	kommen	_	_	_	
1-4	22-29	mehrere	_	_	_	
1-5	30-36	Sorten	_	_	_	
1-6	37-40	vor	_	_	_	
1-7	40-41	:	_	_	_	
1-8	44-56	Aegyptiſcher	_	_	_	
1-9	57-64	Safflor	_	_	_	
1-10	64-65	,	_	_	_	
1-11	66-78	Alexandriner	_	_	_	
1-12	79-86	Safflor	_	_	_	
1-13	86-87	,	_	_	_	
1-14	88-91	die	_	_	_	
1-15	92-109	farbſtoffreichſte	_	_	_	
1-16	110-122	Handelsmarke	_	_	_	
1-17	122-123	,	_	_	_	
1-18	124-129	kommt	_	_	_	
1-19	130-132	in	_	_	_	
1-20	133-149	dunkelrotbraunen	_	_	_	
1-21	150-156	Maſſen	_	_	_	
1-22	157-160	vor	_	_	_	
1-23	160-161	.	_	_	_	

#Text=Oſtindiſcher Safflor, bildet bis 150 kg ſchwere, innen roſenrote
#Text=Kuchen oder kleine runde Brote.
#Text=— Bei der vorigen wie bei dieſer Sorte
#Text=werden die Blumenblätter mit Waſſer geknetet, wodurch ſie dunkler werden.
2-1	165-177	Oſtindiſcher	_	_	_	
2-2	178-185	Safflor	_	_	_	
2-3	185-186	,	_	_	_	
2-4	187-193	bildet	_	_	_	
2-5	194-197	bis	_	_	_	
2-6	198-201	150	_	_	_	
2-7	202-204	kg	_	_	_	
2-8	205-212	ſchwere	_	_	_	
2-9	212-213	,	_	_	_	
2-10	214-219	innen	_	_	_	
2-11	220-229	roſenrote	_	_	_	
2-12	230-236	Kuchen	_	_	_	
2-13	237-241	oder	_	_	_	
2-14	242-248	kleine	_	_	_	
2-15	249-254	runde	_	_	_	
2-16	255-260	Brote	_	_	_	
2-17	260-261	.	_	_	_	
2-18	262-263	—	_	_	_	
2-19	264-267	Bei	_	_	_	
2-20	268-271	der	_	_	_	
2-21	272-279	vorigen	_	_	_	
2-22	280-283	wie	_	_	_	
2-23	284-287	bei	_	_	_	
2-24	288-294	dieſer	_	_	_	
2-25	295-300	Sorte	_	_	_	
2-26	301-307	werden	_	_	_	
2-27	308-311	die	_	_	_	
2-28	312-325	Blumenblätter	_	_	_	
2-29	326-329	mit	_	_	_	
2-30	330-336	Waſſer	_	_	_	
2-31	337-345	geknetet	_	_	_	
2-32	345-346	,	_	_	_	
2-33	347-354	wodurch	_	_	_	
2-34	355-358	ſie	_	_	_	
2-35	359-366	dunkler	_	_	_	
2-36	367-373	werden	_	_	_	
2-37	373-374	.	_	_	_	

#Text=In Aegypten trocknet man den gewaſchenen Safflor zwiſchen Matten im
#Text=Schatten, bei Nacht ohne Bedeckung;
#Text=in Oſtindien preßt man ihn noch und
#Text=formt daraus die Kuchen oder Brote.
3-1	377-379	In	_	_	_	
3-2	380-388	Aegypten	_	_	_	
3-3	389-397	trocknet	_	_	_	
3-4	398-401	man	_	_	_	
3-5	402-405	den	_	_	_	
3-6	406-417	gewaſchenen	_	_	_	
3-7	418-425	Safflor	_	_	_	
3-8	426-434	zwiſchen	_	_	_	
3-9	435-441	Matten	_	_	_	
3-10	442-444	im	_	_	_	
3-11	445-453	Schatten	_	_	_	
3-12	453-454	,	_	_	_	
3-13	455-458	bei	_	_	_	
3-14	459-464	Nacht	_	_	_	
3-15	465-469	ohne	_	_	_	
3-16	470-479	Bedeckung	_	_	_	
3-17	479-480	;	_	_	_	
3-18	481-483	in	_	_	_	
3-19	484-493	Oſtindien	_	_	_	
3-20	494-499	preßt	_	_	_	
3-21	500-503	man	_	_	_	
3-22	504-507	ihn	_	_	_	
3-23	508-512	noch	_	_	_	
3-24	513-516	und	_	_	_	
3-25	517-522	formt	_	_	_	
3-26	523-529	daraus	_	_	_	
3-27	530-533	die	_	_	_	
3-28	534-540	Kuchen	_	_	_	
3-29	541-545	oder	_	_	_	
3-30	546-551	Brote	_	_	_	
3-31	551-552	.	_	_	_	

#Text=Spaniſcher Safflor, aus Andaluſien und von Valencia kommend,
#Text=riecht ſehr ſtark, iſt locker und von dunkelroter Farbe.
4-1	556-566	Spaniſcher	Smell\_Source[1]	_	_	
4-2	567-574	Safflor	Smell\_Source[1]	_	_	
4-3	574-575	,	_	_	_	
4-4	576-579	aus	_	_	_	
4-5	580-590	Andaluſien	_	_	_	
4-6	591-594	und	_	_	_	
4-7	595-598	von	_	_	_	
4-8	599-607	Valencia	_	_	_	
4-9	608-615	kommend	_	_	_	
4-10	615-616	,	_	_	_	
4-11	617-623	riecht	Smell\_Word	_	_	
4-12	624-628	ſehr	Quality	_	_	
4-13	629-634	ſtark	Quality	*	4-12	
4-14	634-635	,	_	_	_	
4-15	636-639	iſt	_	_	_	
4-16	640-646	locker	_	_	_	
4-17	647-650	und	_	_	_	
4-18	651-654	von	_	_	_	
4-19	655-666	dunkelroter	_	_	_	
4-20	667-672	Farbe	_	_	_	
4-21	672-673	.	_	_	_	

#Text=Deutſcher Safflor, die geringſte Sorte;
#Text=die Blumen kommen ohne
#Text=weitere Vorbereitung in den Handel.
5-1	677-686	Deutſcher	_	_	_	
5-2	687-694	Safflor	_	_	_	
5-3	694-695	,	_	_	_	
5-4	696-699	die	_	_	_	
5-5	700-709	geringſte	_	_	_	
5-6	710-715	Sorte	_	_	_	
5-7	715-716	;	_	_	_	
5-8	717-720	die	_	_	_	
5-9	721-727	Blumen	_	_	_	
5-10	728-734	kommen	_	_	_	
5-11	735-739	ohne	_	_	_	
5-12	740-747	weitere	_	_	_	
5-13	748-760	Vorbereitung	_	_	_	
5-14	761-763	in	_	_	_	
5-15	764-767	den	_	_	_	
5-16	768-774	Handel	_	_	_	
5-17	774-775	.	_	_	_	

#Text=Safflorfarbſtoffe.
6-1	778-795	Safflorfarbſtoffe	_	_	_	
6-2	795-796	.	_	_	_	

#Text=Der Safflor enthält zwei Farbſtoffe, einen in
#Text=Waſſer leicht löslichen gelben, das Safflorgelb, ohne techniſches Intereſſe
#Text=(es zerſetzt ſich an der Luft ſehr ſchnell unter Bräunung), und einen roten,
#Text=in Waſſer unlöslichen, in warmem Alkohol etwas löslichen, das Safflorrot
#Text=oder Karthamin oder Rouge végétale.
7-1	797-800	Der	_	_	_	
7-2	801-808	Safflor	_	_	_	
7-3	809-816	enthält	_	_	_	
7-4	817-821	zwei	_	_	_	
7-5	822-832	Farbſtoffe	_	_	_	
7-6	832-833	,	_	_	_	
7-7	834-839	einen	_	_	_	
7-8	840-842	in	_	_	_	
7-9	843-849	Waſſer	_	_	_	
7-10	850-856	leicht	_	_	_	
7-11	857-866	löslichen	_	_	_	
7-12	867-873	gelben	_	_	_	
7-13	873-874	,	_	_	_	
7-14	875-878	das	_	_	_	
7-15	879-890	Safflorgelb	_	_	_	
7-16	890-891	,	_	_	_	
7-17	892-896	ohne	_	_	_	
7-18	897-908	techniſches	_	_	_	
7-19	909-918	Intereſſe	_	_	_	
7-20	919-920	(	_	_	_	
7-21	920-922	es	_	_	_	
7-22	923-931	zerſetzt	_	_	_	
7-23	932-936	ſich	_	_	_	
7-24	937-939	an	_	_	_	
7-25	940-943	der	_	_	_	
7-26	944-948	Luft	_	_	_	
7-27	949-953	ſehr	_	_	_	
7-28	954-961	ſchnell	_	_	_	
7-29	962-967	unter	_	_	_	
7-30	968-976	Bräunung	_	_	_	
7-31	976-977	)	_	_	_	
7-32	977-978	,	_	_	_	
7-33	979-982	und	_	_	_	
7-34	983-988	einen	_	_	_	
7-35	989-994	roten	_	_	_	
7-36	994-995	,	_	_	_	
7-37	996-998	in	_	_	_	
7-38	999-1005	Waſſer	_	_	_	
7-39	1006-1017	unlöslichen	_	_	_	
7-40	1017-1018	,	_	_	_	
7-41	1019-1021	in	_	_	_	
7-42	1022-1028	warmem	_	_	_	
7-43	1029-1036	Alkohol	_	_	_	
7-44	1037-1042	etwas	_	_	_	
7-45	1043-1052	löslichen	_	_	_	
7-46	1052-1053	,	_	_	_	
7-47	1054-1057	das	_	_	_	
7-48	1058-1068	Safflorrot	_	_	_	
7-49	1069-1073	oder	_	_	_	
7-50	1074-1083	Karthamin	_	_	_	
7-51	1084-1088	oder	_	_	_	
7-52	1089-1094	Rouge	_	_	_	
7-53	1095-1103	végétale	_	_	_	
7-54	1103-1104	.	_	_	_	

#Text=Beim Kneten des Safflors mit
#Text=Waſſer wird der gelbe Farbſtoff entfernt;
#Text=daher enthält der ägyptiſche und
#Text=oſtindiſche auch faſt nur Karthamin und iſt daher wertvoller.
8-1	1105-1109	Beim	_	_	_	
8-2	1110-1116	Kneten	_	_	_	
8-3	1117-1120	des	_	_	_	
8-4	1121-1129	Safflors	_	_	_	
8-5	1130-1133	mit	_	_	_	
8-6	1134-1140	Waſſer	_	_	_	
8-7	1141-1145	wird	_	_	_	
8-8	1146-1149	der	_	_	_	
8-9	1150-1155	gelbe	_	_	_	
8-10	1156-1165	Farbſtoff	_	_	_	
8-11	1166-1174	entfernt	_	_	_	
8-12	1174-1175	;	_	_	_	
8-13	1176-1181	daher	_	_	_	
8-14	1182-1189	enthält	_	_	_	
8-15	1190-1193	der	_	_	_	
8-16	1194-1204	ägyptiſche	_	_	_	
8-17	1205-1208	und	_	_	_	
8-18	1209-1220	oſtindiſche	_	_	_	
8-19	1221-1225	auch	_	_	_	
8-20	1226-1230	faſt	_	_	_	
8-21	1231-1234	nur	_	_	_	
8-22	1235-1244	Karthamin	_	_	_	
8-23	1245-1248	und	_	_	_	
8-24	1249-1252	iſt	_	_	_	
8-25	1253-1258	daher	_	_	_	
8-26	1259-1269	wertvoller	_	_	_	
8-27	1269-1270	.	_	_	_	

#Text=Das Karthamin,
#Text=C14 H16 O7, wird neuerdings rein dargeſtellt und kommt als Teller- oder
#Text=Taſſenrot, in feiner, reinſter Form als Safflorkarmin in den Handel.
9-1	1271-1274	Das	_	_	_	
9-2	1275-1284	Karthamin	_	_	_	
9-3	1284-1285	,	_	_	_	
9-4	1286-1289	C14	_	_	_	
9-5	1290-1293	H16	_	_	_	
9-6	1294-1296	O7	_	_	_	
9-7	1296-1297	,	_	_	_	
9-8	1298-1302	wird	_	_	_	
9-9	1303-1313	neuerdings	_	_	_	
9-10	1314-1318	rein	_	_	_	
9-11	1319-1330	dargeſtellt	_	_	_	
9-12	1331-1334	und	_	_	_	
9-13	1335-1340	kommt	_	_	_	
9-14	1341-1344	als	_	_	_	
9-15	1345-1351	Teller	_	_	_	
9-16	1351-1352	-	_	_	_	
9-17	1353-1357	oder	_	_	_	
9-18	1358-1367	Taſſenrot	_	_	_	
9-19	1367-1368	,	_	_	_	
9-20	1369-1371	in	_	_	_	
9-21	1372-1378	feiner	_	_	_	
9-22	1378-1379	,	_	_	_	
9-23	1380-1388	reinſter	_	_	_	
9-24	1389-1393	Form	_	_	_	
9-25	1394-1397	als	_	_	_	
9-26	1398-1411	Safflorkarmin	_	_	_	
9-27	1412-1414	in	_	_	_	
9-28	1415-1418	den	_	_	_	
9-29	1419-1425	Handel	_	_	_	
9-30	1425-1426	.	_	_	_	

#Text=Näheres ſiehe Farbſtoffpräparate.
10-1	1428-1435	Näheres	_	_	_	
10-2	1436-1441	ſiehe	_	_	_	
10-3	1442-1460	Farbſtoffpräparate	_	_	_	
10-4	1460-1461	.	_	_	_	
