#FORMAT=WebAnno TSV 3.3
#T_SP=custom.Span|label
#T_RL=custom.Relation|label|BT_custom.Span


#Text=„Kahn“, beim Auffüllen mit überlaufen
#Text=und ſo aus den Fäſſern entfernt werden.
1-1	2-3	„	_	_	_	
1-2	3-7	Kahn	_	_	_	
1-3	7-8	“	_	_	_	
1-4	8-9	,	_	_	_	
1-5	10-14	beim	_	_	_	
1-6	15-24	Auffüllen	_	_	_	
1-7	25-28	mit	_	_	_	
1-8	29-39	überlaufen	_	_	_	
1-9	40-43	und	_	_	_	
1-10	44-46	ſo	_	_	_	
1-11	47-50	aus	_	_	_	
1-12	51-54	den	_	_	_	
1-13	55-62	Fäſſern	_	_	_	
1-14	63-71	entfernt	_	_	_	
1-15	72-78	werden	_	_	_	
1-16	78-79	.	_	_	_	

#Text=Während dieſer zweiten
#Text=Gährung nun
#Text=ſetzt ſich die Hefe ſchwammartig und der Weinſtein
#Text=
#Text=kryſtalliſiert an den Wänden der gewöhnlich ſehr großen Fäſſer ab,
#Text=worauf der Wein, ſobald dieſe Nachgährung beendet iſt, durch Ab-
#Text=ſtechen oder Abziehen von dieſem Faßgelager getrennt und in die
#Text=Lagerfäſſer gebracht wird, wo die dritte, die ſogen.
2-1	80-87	Während	_	_	_	
2-2	88-94	dieſer	_	_	_	
2-3	95-102	zweiten	_	_	_	
2-4	103-110	Gährung	_	_	_	
2-5	111-114	nun	_	_	_	
2-6	115-120	ſetzt	_	_	_	
2-7	121-125	ſich	_	_	_	
2-8	126-129	die	_	_	_	
2-9	130-134	Hefe	_	_	_	
2-10	135-147	ſchwammartig	_	_	_	
2-11	148-151	und	_	_	_	
2-12	152-155	der	_	_	_	
2-13	156-165	Weinſtein	_	_	_	
2-14	167-181	kryſtalliſiert	_	_	_	
2-15	182-184	an	_	_	_	
2-16	185-188	den	_	_	_	
2-17	189-195	Wänden	_	_	_	
2-18	196-199	der	_	_	_	
2-19	200-210	gewöhnlich	_	_	_	
2-20	211-215	ſehr	_	_	_	
2-21	216-222	großen	_	_	_	
2-22	223-229	Fäſſer	_	_	_	
2-23	230-232	ab	_	_	_	
2-24	232-233	,	_	_	_	
2-25	234-240	worauf	_	_	_	
2-26	241-244	der	_	_	_	
2-27	245-249	Wein	_	_	_	
2-28	249-250	,	_	_	_	
2-29	251-257	ſobald	_	_	_	
2-30	258-263	dieſe	_	_	_	
2-31	264-275	Nachgährung	_	_	_	
2-32	276-283	beendet	_	_	_	
2-33	284-287	iſt	_	_	_	
2-34	287-288	,	_	_	_	
2-35	289-294	durch	_	_	_	
2-36	295-297	Ab	_	_	_	
2-37	297-298	-	_	_	_	
2-38	299-306	ſtechen	_	_	_	
2-39	307-311	oder	_	_	_	
2-40	312-320	Abziehen	_	_	_	
2-41	321-324	von	_	_	_	
2-42	325-331	dieſem	_	_	_	
2-43	332-342	Faßgelager	_	_	_	
2-44	343-351	getrennt	_	_	_	
2-45	352-355	und	_	_	_	
2-46	356-358	in	_	_	_	
2-47	359-362	die	_	_	_	
2-48	363-374	Lagerfäſſer	_	_	_	
2-49	375-383	gebracht	_	_	_	
2-50	384-388	wird	_	_	_	
2-51	388-389	,	_	_	_	
2-52	390-392	wo	_	_	_	
2-53	393-396	die	_	_	_	
2-54	397-403	dritte	_	_	_	
2-55	403-404	,	_	_	_	
2-56	405-408	die	_	_	_	
2-57	409-414	ſogen	_	_	_	
2-58	414-415	.	_	_	_	

#Text=Lagergährung
#Text=ſtatt-
#Text=findet.
3-1	416-428	Lagergährung	_	_	_	
3-2	429-434	ſtatt	_	_	_	
3-3	434-435	-	_	_	_	
3-4	436-442	findet	_	_	_	
3-5	442-443	.	_	_	_	

#Text=Durch dieſe wird nicht nur der Alkoholgehalt noch etwas ver-
#Text=mehrt und durch vollkommenes Abſetzen der Hefe und des Weinſteins
#Text=der Wein klar, ſondern es bilden ſich auch während dieſer Gährungs-
#Text=periode lieblich duftende Stoffe, welche dem Wein ſein Aroma, das
#Text=ſogen.
4-1	444-449	Durch	_	_	_	
4-2	450-455	dieſe	_	_	_	
4-3	456-460	wird	_	_	_	
4-4	461-466	nicht	_	_	_	
4-5	467-470	nur	_	_	_	
4-6	471-474	der	_	_	_	
4-7	475-488	Alkoholgehalt	_	_	_	
4-8	489-493	noch	_	_	_	
4-9	494-499	etwas	_	_	_	
4-10	500-503	ver	_	_	_	
4-11	503-504	-	_	_	_	
4-12	505-510	mehrt	_	_	_	
4-13	511-514	und	_	_	_	
4-14	515-520	durch	_	_	_	
4-15	521-533	vollkommenes	_	_	_	
4-16	534-542	Abſetzen	_	_	_	
4-17	543-546	der	_	_	_	
4-18	547-551	Hefe	_	_	_	
4-19	552-555	und	_	_	_	
4-20	556-559	des	_	_	_	
4-21	560-570	Weinſteins	_	_	_	
4-22	571-574	der	_	_	_	
4-23	575-579	Wein	_	_	_	
4-24	580-584	klar	_	_	_	
4-25	584-585	,	_	_	_	
4-26	586-593	ſondern	_	_	_	
4-27	594-596	es	_	_	_	
4-28	597-603	bilden	_	_	_	
4-29	604-608	ſich	_	_	_	
4-30	609-613	auch	_	_	_	
4-31	614-621	während	Time[1]	_	_	
4-32	622-628	dieſer	Time[1]	_	_	
4-33	629-637	Gährungs	Time[1]	_	_	
4-34	637-638	-	Time[1]	_	_	
4-35	639-646	periode	Time[1]	_	_	
4-36	647-655	lieblich	Quality[2]	_	_	
4-37	656-664	duftende	Quality[2]|Smell\_Word[3]	*|*|*|*	4-36[2_3]|4-38[0_3]|4-31[1_3]|4-40[4_3]	
4-38	665-671	Stoffe	Smell\_Source	_	_	
4-39	671-672	,	_	_	_	
4-40	673-679	welche	Effect[4]	_	_	
4-41	680-683	dem	Effect[4]	_	_	
4-42	684-688	Wein	Effect[4]	_	_	
4-43	689-693	ſein	Effect[4]	_	_	
4-44	694-699	Aroma	Effect[4]	_	_	
4-45	699-700	,	Effect[4]	_	_	
4-46	701-704	das	Effect[4]	_	_	
4-47	705-710	ſogen	Effect[4]	_	_	
4-48	710-711	.	Effect[4]	_	_	

#Text=„Bouquet“ oder die „Blume“ verleihen.
5-1	712-713	„	Effect[4]	_	_	
5-2	713-720	Bouquet	Effect[4]	_	_	
5-3	720-721	“	Effect[4]	_	_	
5-4	722-726	oder	Effect[4]	_	_	
5-5	727-730	die	Effect[4]	_	_	
5-6	731-732	„	Effect[4]	_	_	
5-7	732-737	Blume	Effect[4]	_	_	
5-8	737-738	“	Effect[4]	_	_	
5-9	739-748	verleihen	Effect[4]	_	_	
5-10	748-749	.	_	_	_	

#Text=Von hier aus werden
#Text=die weniger feinen Sorten in kleinere, vorher geſchwefelte Fäſſer gezogen,
#Text=die beſſeren hingegen auf Flaſchen gefüllt, welche horizontal liegend
#Text=aufbewahrt werden.
6-1	750-753	Von	_	_	_	
6-2	754-758	hier	_	_	_	
6-3	759-762	aus	_	_	_	
6-4	763-769	werden	_	_	_	
6-5	770-773	die	_	_	_	
6-6	774-781	weniger	_	_	_	
6-7	782-788	feinen	_	_	_	
6-8	789-795	Sorten	_	_	_	
6-9	796-798	in	_	_	_	
6-10	799-807	kleinere	_	_	_	
6-11	807-808	,	_	_	_	
6-12	809-815	vorher	_	_	_	
6-13	816-828	geſchwefelte	_	_	_	
6-14	829-835	Fäſſer	_	_	_	
6-15	836-843	gezogen	_	_	_	
6-16	843-844	,	_	_	_	
6-17	845-848	die	_	_	_	
6-18	849-857	beſſeren	_	_	_	
6-19	858-866	hingegen	_	_	_	
6-20	867-870	auf	_	_	_	
6-21	871-879	Flaſchen	_	_	_	
6-22	880-887	gefüllt	_	_	_	
6-23	887-888	,	_	_	_	
6-24	889-895	welche	_	_	_	
6-25	896-906	horizontal	_	_	_	
6-26	907-914	liegend	_	_	_	
6-27	915-925	aufbewahrt	_	_	_	
6-28	926-932	werden	_	_	_	
6-29	932-933	.	_	_	_	

#Text=Der Wein enthält faſt alle Beſtandteile des Moſtes und außer
#Text=dieſen noch Alkohol, aromatiſche Beſtandteile, Glycerin und Bernſtein-
#Text=ſäure, welche ſich während der Gährung gebildet haben.
7-1	937-940	Der	_	_	_	
7-2	941-945	Wein	_	_	_	
7-3	946-953	enthält	_	_	_	
7-4	954-958	faſt	_	_	_	
7-5	959-963	alle	_	_	_	
7-6	964-976	Beſtandteile	_	_	_	
7-7	977-980	des	_	_	_	
7-8	981-987	Moſtes	_	_	_	
7-9	988-991	und	_	_	_	
7-10	992-997	außer	_	_	_	
7-11	998-1004	dieſen	_	_	_	
7-12	1005-1009	noch	_	_	_	
7-13	1010-1017	Alkohol	_	_	_	
7-14	1017-1018	,	_	_	_	
7-15	1019-1030	aromatiſche	_	_	_	
7-16	1031-1043	Beſtandteile	_	_	_	
7-17	1043-1044	,	_	_	_	
7-18	1045-1053	Glycerin	_	_	_	
7-19	1054-1057	und	_	_	_	
7-20	1058-1067	Bernſtein	_	_	_	
7-21	1067-1068	-	_	_	_	
7-22	1069-1074	ſäure	_	_	_	
7-23	1074-1075	,	_	_	_	
7-24	1076-1082	welche	_	_	_	
7-25	1083-1087	ſich	_	_	_	
7-26	1088-1095	während	_	_	_	
7-27	1096-1099	der	_	_	_	
7-28	1100-1107	Gährung	_	_	_	
7-29	1108-1116	gebildet	_	_	_	
7-30	1117-1122	haben	_	_	_	
7-31	1122-1123	.	_	_	_	

#Text=Iſt aller
#Text=Zucker, der in dem Weine enthalten war, vergohren, ſo hat ſich ein
#Text=ſog.
#Text=trockener oder ſaurer Wein gebildet, zu welchen Weinarten die
#Text=Franken- und Rheinweine zählen;
#Text=iſt hingegen durch irgend welchen
#Text=äußeren Umſtand, wie zu niedrige Temperatur, Mangel an Hefe-
#Text=ſubſtanz oder Waſſer, die Gährung nicht ganz zu Ende geführt, ſo
#Text=daß ein Teil des Zuckers erhalten blieb, ſo reſultieren aus einer ſolchen
#Text=Gährung die ſüßen Weine.
8-1	1124-1127	Iſt	_	_	_	
8-2	1128-1133	aller	_	_	_	
8-3	1134-1140	Zucker	_	_	_	
8-4	1140-1141	,	_	_	_	
8-5	1142-1145	der	_	_	_	
8-6	1146-1148	in	_	_	_	
8-7	1149-1152	dem	_	_	_	
8-8	1153-1158	Weine	_	_	_	
8-9	1159-1168	enthalten	_	_	_	
8-10	1169-1172	war	_	_	_	
8-11	1172-1173	,	_	_	_	
8-12	1174-1183	vergohren	_	_	_	
8-13	1183-1184	,	_	_	_	
8-14	1185-1187	ſo	_	_	_	
8-15	1188-1191	hat	_	_	_	
8-16	1192-1196	ſich	_	_	_	
8-17	1197-1200	ein	_	_	_	
8-18	1201-1204	ſog	_	_	_	
8-19	1204-1205	.	_	_	_	
8-20	1206-1215	trockener	_	_	_	
8-21	1216-1220	oder	_	_	_	
8-22	1221-1227	ſaurer	_	_	_	
8-23	1228-1232	Wein	_	_	_	
8-24	1233-1241	gebildet	_	_	_	
8-25	1241-1242	,	_	_	_	
8-26	1243-1245	zu	_	_	_	
8-27	1246-1253	welchen	_	_	_	
8-28	1254-1263	Weinarten	_	_	_	
8-29	1264-1267	die	_	_	_	
8-30	1268-1275	Franken	_	_	_	
8-31	1275-1276	-	_	_	_	
8-32	1277-1280	und	_	_	_	
8-33	1281-1291	Rheinweine	_	_	_	
8-34	1292-1298	zählen	_	_	_	
8-35	1298-1299	;	_	_	_	
8-36	1300-1303	iſt	_	_	_	
8-37	1304-1312	hingegen	_	_	_	
8-38	1313-1318	durch	_	_	_	
8-39	1319-1325	irgend	_	_	_	
8-40	1326-1333	welchen	_	_	_	
8-41	1334-1341	äußeren	_	_	_	
8-42	1342-1349	Umſtand	_	_	_	
8-43	1349-1350	,	_	_	_	
8-44	1351-1354	wie	_	_	_	
8-45	1355-1357	zu	_	_	_	
8-46	1358-1366	niedrige	_	_	_	
8-47	1367-1377	Temperatur	_	_	_	
8-48	1377-1378	,	_	_	_	
8-49	1379-1385	Mangel	_	_	_	
8-50	1386-1388	an	_	_	_	
8-51	1389-1393	Hefe	_	_	_	
8-52	1393-1394	-	_	_	_	
8-53	1395-1403	ſubſtanz	_	_	_	
8-54	1404-1408	oder	_	_	_	
8-55	1409-1415	Waſſer	_	_	_	
8-56	1415-1416	,	_	_	_	
8-57	1417-1420	die	_	_	_	
8-58	1421-1428	Gährung	_	_	_	
8-59	1429-1434	nicht	_	_	_	
8-60	1435-1439	ganz	_	_	_	
8-61	1440-1442	zu	_	_	_	
8-62	1443-1447	Ende	_	_	_	
8-63	1448-1455	geführt	_	_	_	
8-64	1455-1456	,	_	_	_	
8-65	1457-1459	ſo	_	_	_	
8-66	1460-1463	daß	_	_	_	
8-67	1464-1467	ein	_	_	_	
8-68	1468-1472	Teil	_	_	_	
8-69	1473-1476	des	_	_	_	
8-70	1477-1484	Zuckers	_	_	_	
8-71	1485-1493	erhalten	_	_	_	
8-72	1494-1499	blieb	_	_	_	
8-73	1499-1500	,	_	_	_	
8-74	1501-1503	ſo	_	_	_	
8-75	1504-1515	reſultieren	_	_	_	
8-76	1516-1519	aus	_	_	_	
8-77	1520-1525	einer	_	_	_	
8-78	1526-1533	ſolchen	_	_	_	
8-79	1534-1541	Gährung	_	_	_	
8-80	1542-1545	die	_	_	_	
8-81	1546-1551	ſüßen	_	_	_	
8-82	1552-1557	Weine	_	_	_	
8-83	1557-1558	.	_	_	_	

#Text=Aber auch künſtlich werden ſüße Weine
#Text=
#Text=erzeugt durch teilweiſes Eindampfen des Moſtes, durch Vermiſchen
#Text=
#Text=des Moſtes mit ca. 20 % Alkohol oder auch durch direkten Zuſatz
#Text=
#Text=von Zucker
9-1	1559-1563	Aber	_	_	_	
9-2	1564-1568	auch	_	_	_	
9-3	1569-1578	künſtlich	_	_	_	
9-4	1579-1585	werden	_	_	_	
9-5	1586-1590	ſüße	_	_	_	
9-6	1591-1596	Weine	_	_	_	
9-7	1598-1605	erzeugt	_	_	_	
9-8	1606-1611	durch	_	_	_	
9-9	1612-1622	teilweiſes	_	_	_	
9-10	1623-1633	Eindampfen	_	_	_	
9-11	1634-1637	des	_	_	_	
9-12	1638-1644	Moſtes	_	_	_	
9-13	1644-1645	,	_	_	_	
9-14	1646-1651	durch	_	_	_	
9-15	1652-1662	Vermiſchen	_	_	_	
9-16	1664-1667	des	_	_	_	
9-17	1668-1674	Moſtes	_	_	_	
9-18	1675-1678	mit	_	_	_	
9-19	1679-1681	ca	_	_	_	
9-20	1681-1682	.	_	_	_	
9-21	1683-1685	20	_	_	_	
9-22	1686-1687	%	_	_	_	
9-23	1688-1695	Alkohol	_	_	_	
9-24	1696-1700	oder	_	_	_	
9-25	1701-1705	auch	_	_	_	
9-26	1706-1711	durch	_	_	_	
9-27	1712-1720	direkten	_	_	_	
9-28	1721-1727	Zuſatz	_	_	_	
9-29	1729-1732	von	_	_	_	
9-30	1733-1739	Zucker	_	_	_	

#Text=.
10-1	1739-1740	.	_	_	_	

#Text=[
#Text=518/0536
11-1	1745-1746	[	_	_	_	
11-2	1747-1750	518	_	_	_	
11-3	1750-1751	/	_	_	_	
11-4	1751-1755	0536	_	_	_	
