#FORMAT=WebAnno TSV 3.3


#Text=Balzem.
1-1	3-9	Balzem	
1-2	9-10	.	

#Text=Neemt van St.
2-1	11-16	Neemt	
2-2	17-20	van	
2-3	21-23	St	
2-4	23-24	.	

#Text=Jans kruid, hebbende geele bloessem, de knoppen;
#Text=doet’er
#Text=het groene af, en legt’er een half pond van in een kom met een half pond olie van
#Text=olyven;
#Text=laat het zamen dus staan en weiken, zes of zeven weken lang.
3-1	25-29	Jans	
3-2	30-35	kruid	
3-3	35-36	,	
3-4	37-45	hebbende	
3-5	46-51	geele	
3-6	52-60	bloessem	
3-7	60-61	,	
3-8	62-64	de	
3-9	65-72	knoppen	
3-10	72-73	;	
3-11	74-78	doet	
3-12	78-79	’	
3-13	79-81	er	
3-14	82-85	het	
3-15	86-92	groene	
3-16	93-95	af	
3-17	95-96	,	
3-18	97-99	en	
3-19	100-104	legt	
3-20	104-105	’	
3-21	105-107	er	
3-22	108-111	een	
3-23	112-116	half	
3-24	117-121	pond	
3-25	122-125	van	
3-26	126-128	in	
3-27	129-132	een	
3-28	133-136	kom	
3-29	137-140	met	
3-30	141-144	een	
3-31	145-149	half	
3-32	150-154	pond	
3-33	155-159	olie	
3-34	160-163	van	
3-35	164-170	olyven	
3-36	170-171	;	
3-37	172-176	laat	
3-38	177-180	het	
3-39	181-186	zamen	
3-40	187-190	dus	
3-41	191-196	staan	
3-42	197-199	en	
3-43	200-206	weiken	
3-44	206-207	,	
3-45	208-211	zes	
3-46	212-214	of	
3-47	215-220	zeven	
3-48	221-226	weken	
3-49	227-231	lang	
3-50	231-232	.	

#Text=Daarna moet
#Text=gy het in een schoon en nieuw linnen doen, eerst laten doorzygen, en daarna
#Text=uitdrukken
#Text=, ten einde de kragt der knoppen zig met den olie vermenge.
4-1	233-239	Daarna	
4-2	240-244	moet	
4-3	245-247	gy	
4-4	248-251	het	
4-5	252-254	in	
4-6	255-258	een	
4-7	259-265	schoon	
4-8	266-268	en	
4-9	269-274	nieuw	
4-10	275-281	linnen	
4-11	282-286	doen	
4-12	286-287	,	
4-13	288-293	eerst	
4-14	294-299	laten	
4-15	300-309	doorzygen	
4-16	309-310	,	
4-17	311-313	en	
4-18	314-320	daarna	
4-19	321-331	uitdrukken	
4-20	332-333	,	
4-21	334-337	ten	
4-22	338-343	einde	
4-23	344-346	de	
4-24	347-352	kragt	
4-25	353-356	der	
4-26	357-364	knoppen	
4-27	365-368	zig	
4-28	369-372	met	
4-29	373-376	den	
4-30	377-381	olie	
4-31	382-390	vermenge	
4-32	390-391	.	

#Text=Doet
#Text=vervolgens den olie wederom in den kom, mits dezelve zuiver zy.
5-1	392-396	Doet	
5-2	397-407	vervolgens	
5-3	408-411	den	
5-4	412-416	olie	
5-5	417-424	wederom	
5-6	425-427	in	
5-7	428-431	den	
5-8	432-435	kom	
5-9	435-436	,	
5-10	437-441	mits	
5-11	442-449	dezelve	
5-12	450-456	zuiver	
5-13	457-459	zy	
5-14	459-460	.	

#Text=Neemt
#Text=daarenboven
#Text=
#Text=een once
#Text=Elemi-gom, tot stof gemaakt, werpt het in den olie; dekt den kom voorzigtig
#Text=toe met een vel, bestreken met wasch, dat’er niet de minste kragt vervliegt.
6-1	461-466	Neemt	
6-2	467-478	daarenboven	
6-3	480-483	een	
6-4	484-488	once	
6-5	489-498	Elemi-gom	
6-6	498-499	,	
6-7	500-503	tot	
6-8	504-508	stof	
6-9	509-516	gemaakt	
6-10	516-517	,	
6-11	518-523	werpt	
6-12	524-527	het	
6-13	528-530	in	
6-14	531-534	den	
6-15	535-539	olie	
6-16	539-540	;	
6-17	541-545	dekt	
6-18	546-549	den	
6-19	550-553	kom	
6-20	554-564	voorzigtig	
6-21	565-568	toe	
6-22	569-572	met	
6-23	573-576	een	
6-24	577-580	vel	
6-25	580-581	,	
6-26	582-591	bestreken	
6-27	592-595	met	
6-28	596-601	wasch	
6-29	601-602	,	
6-30	603-606	dat	
6-31	606-607	’	
6-32	607-609	er	
6-33	610-614	niet	
6-34	615-617	de	
6-35	618-624	minste	
6-36	625-630	kragt	
6-37	631-640	vervliegt	
6-38	640-641	.	

#Text=Hoe deze
#Text=compositie ouder word, hoe ze beter is.
7-1	642-645	Hoe	
7-2	646-650	deze	
7-3	651-661	compositie	
7-4	662-667	ouder	
7-5	668-672	word	
7-6	672-673	,	
7-7	674-677	hoe	
7-8	678-680	ze	
7-9	681-686	beter	
7-10	687-689	is	
7-11	689-690	.	

#Text=Men moet ze veertien dagen lang in de Zon
#Text=
#Text=M.
8-1	691-694	Men	
8-2	695-699	moet	
8-3	700-702	ze	
8-4	703-711	veertien	
8-5	712-717	dagen	
8-6	718-722	lang	
8-7	723-725	in	
8-8	726-728	de	
8-9	729-732	Zon	
8-10	734-735	M	
8-11	735-736	.	

#Text=Noel Chomel, Huishoudelyk woordboek
#Text=
#Text=\flaten staan, en dagelyks omroeren, om de voornoemde gom beter met den olie te
#Text=mengen.
9-1	737-741	Noel	
9-2	742-748	Chomel	
9-3	748-749	,	
9-4	750-762	Huishoudelyk	
9-5	763-772	woordboek	
9-6	775-780	laten	
9-7	781-786	staan	
9-8	786-787	,	
9-9	788-790	en	
9-10	791-799	dagelyks	
9-11	800-808	omroeren	
9-12	808-809	,	
9-13	810-812	om	
9-14	813-815	de	
9-15	816-826	voornoemde	
9-16	827-830	gom	
9-17	831-836	beter	
9-18	837-840	met	
9-19	841-844	den	
9-20	845-849	olie	
9-21	850-852	te	
9-22	853-859	mengen	
9-23	859-860	.	

#Text=Maar men moet zorge dragen, dat de kom niet vol olie is, maar dat zulks
#Text=wel vyf duim breed scheelt, want anderzins zou dezelve, als’er de gom in gedaan
#Text=word, bersten.
10-1	861-865	Maar	
10-2	866-869	men	
10-3	870-874	moet	
10-4	875-880	zorge	
10-5	881-887	dragen	
10-6	887-888	,	
10-7	889-892	dat	
10-8	893-895	de	
10-9	896-899	kom	
10-10	900-904	niet	
10-11	905-908	vol	
10-12	909-913	olie	
10-13	914-916	is	
10-14	916-917	,	
10-15	918-922	maar	
10-16	923-926	dat	
10-17	927-932	zulks	
10-18	933-936	wel	
10-19	937-940	vyf	
10-20	941-945	duim	
10-21	946-951	breed	
10-22	952-959	scheelt	
10-23	959-960	,	
10-24	961-965	want	
10-25	966-975	anderzins	
10-26	976-979	zou	
10-27	980-987	dezelve	
10-28	987-988	,	
10-29	989-992	als	
10-30	992-993	’	
10-31	993-995	er	
10-32	996-998	de	
10-33	999-1002	gom	
10-34	1003-1005	in	
10-35	1006-1012	gedaan	
10-36	1013-1017	word	
10-37	1017-1018	,	
10-38	1019-1026	bersten	
10-39	1026-1027	.	

#Text=Gebruik.
11-1	1029-1036	Gebruik	
11-2	1036-1037	.	

#Text=Deze Balzem is goed voor alle zoorten van wonden;
#Text=dog meer voor
#Text=versche, als oude.
12-1	1038-1042	Deze	
12-2	1043-1049	Balzem	
12-3	1050-1052	is	
12-4	1053-1057	goed	
12-5	1058-1062	voor	
12-6	1063-1067	alle	
12-7	1068-1075	zoorten	
12-8	1076-1079	van	
12-9	1080-1086	wonden	
12-10	1086-1087	;	
12-11	1088-1091	dog	
12-12	1092-1096	meer	
12-13	1097-1101	voor	
12-14	1102-1109	versche	
12-15	1109-1110	,	
12-16	1111-1114	als	
12-17	1115-1119	oude	
12-18	1119-1120	.	

#Text=Zoo’er een wiek vereischt word, die moet door en door in dien
#Text=olie geweekt zyn.
13-1	1121-1124	Zoo	
13-2	1124-1125	’	
13-3	1125-1127	er	
13-4	1128-1131	een	
13-5	1132-1136	wiek	
13-6	1137-1146	vereischt	
13-7	1147-1151	word	
13-8	1151-1152	,	
13-9	1153-1156	die	
13-10	1157-1161	moet	
13-11	1162-1166	door	
13-12	1167-1169	en	
13-13	1170-1174	door	
13-14	1175-1177	in	
13-15	1178-1182	dien	
13-16	1183-1187	olie	
13-17	1188-1195	geweekt	
13-18	1196-1199	zyn	
13-19	1199-1200	.	

#Text=Zoo zulks niet nodig is, neemt men plukzel, insgelyk dus geweekt,
#Text=en zoo heet, als men het lyden kan, op de wonde gelegt.
14-1	1201-1204	Zoo	
14-2	1205-1210	zulks	
14-3	1211-1215	niet	
14-4	1216-1221	nodig	
14-5	1222-1224	is	
14-6	1224-1225	,	
14-7	1226-1231	neemt	
14-8	1232-1235	men	
14-9	1236-1243	plukzel	
14-10	1243-1244	,	
14-11	1245-1253	insgelyk	
14-12	1254-1257	dus	
14-13	1258-1265	geweekt	
14-14	1265-1266	,	
14-15	1267-1269	en	
14-16	1270-1273	zoo	
14-17	1274-1278	heet	
14-18	1278-1279	,	
14-19	1280-1283	als	
14-20	1284-1287	men	
14-21	1288-1291	het	
14-22	1292-1297	lyden	
14-23	1298-1301	kan	
14-24	1301-1302	,	
14-25	1303-1305	op	
14-26	1306-1308	de	
14-27	1309-1314	wonde	
14-28	1315-1321	gelegt	
14-29	1321-1322	.	

#Text=Wil men meer van den
#Text=gemelden
15-1	1323-1326	Wil	
15-2	1327-1330	men	
15-3	1331-1335	meer	
15-4	1336-1339	van	
15-5	1340-1343	den	
15-6	1344-1352	gemelden	
