#FORMAT=WebAnno TSV 3.3
#T_SP=custom.Span|label


#Text=Solche Erfahrungen machen uns die Fälle wie den nachfolgenden 
#Text=verständlich, der eine schöne Ergänzung zu dem Fall von Irrigator- 
#Text=liebe bildet.
1-1	3-9	Solche	_	
1-2	10-21	Erfahrungen	_	
1-3	22-28	machen	_	
1-4	29-32	uns	_	
1-5	33-36	die	_	
1-6	37-42	Fälle	_	
1-7	43-46	wie	_	
1-8	47-50	den	_	
1-9	51-64	nachfolgenden	_	
1-10	66-78	verständlich	_	
1-11	78-79	,	_	
1-12	80-83	der	_	
1-13	84-88	eine	_	
1-14	89-95	schöne	_	
1-15	96-105	Ergänzung	_	
1-16	106-108	zu	_	
1-17	109-112	dem	_	
1-18	113-117	Fall	_	
1-19	118-121	von	_	
1-20	122-131	Irrigator	_	
1-21	131-132	-	_	
1-22	134-139	liebe	_	
1-23	140-146	bildet	_	
1-24	146-147	.	_	

#Text=Es handelt sich um einen Fall, den Hirschfeld (Sexual- 
#Text=pathologie, Bd.
2-1	148-150	Es	_	
2-2	151-158	handelt	_	
2-3	159-163	sich	_	
2-4	164-166	um	_	
2-5	167-172	einen	_	
2-6	173-177	Fall	_	
2-7	177-178	,	_	
2-8	179-182	den	_	
2-9	183-193	Hirschfeld	_	
2-10	194-195	(	_	
2-11	195-201	Sexual	_	
2-12	201-202	-	_	
2-13	204-214	pathologie	_	
2-14	214-215	,	_	
2-15	216-218	Bd	_	
2-16	218-219	.	_	

#Text=III) als Gummikissenfetischismus beschreibt: 
#Text=
#Text=Fall Nr. 21.
3-1	220-223	III	_	
3-2	223-224	)	_	
3-3	225-228	als	_	
3-4	229-252	Gummikissenfetischismus	_	
3-5	253-263	beschreibt	_	
3-6	263-264	:	_	
3-7	267-271	Fall	_	
3-8	272-274	Nr	_	
3-9	274-275	.	_	
3-10	276-278	21	_	
3-11	278-279	.	_	

#Text=Herr B.
4-1	280-284	Herr	_	
4-2	285-286	B	_	
4-3	286-287	.	_	

#Text=Z., Student der Nationalökonomie, 21 Jahre alt, 
#Text=zeigt eine eigenartige Form von Fetischismus, nämlich eine hochgradige 
#Text=sexuelle Reaktion auf Gummiluftkissen.
5-1	288-289	Z	_	
5-2	289-290	.	_	
5-3	290-291	,	_	
5-4	292-299	Student	_	
5-5	300-303	der	_	
5-6	304-320	Nationalökonomie	_	
5-7	320-321	,	_	
5-8	322-324	21	_	
5-9	325-330	Jahre	_	
5-10	331-334	alt	_	
5-11	334-335	,	_	
5-12	337-342	zeigt	_	
5-13	343-347	eine	_	
5-14	348-359	eigenartige	_	
5-15	360-364	Form	_	
5-16	365-368	von	_	
5-17	369-381	Fetischismus	_	
5-18	381-382	,	_	
5-19	383-390	nämlich	_	
5-20	391-395	eine	_	
5-21	396-407	hochgradige	_	
5-22	409-417	sexuelle	_	
5-23	418-426	Reaktion	_	
5-24	427-430	auf	_	
5-25	431-446	Gummiluftkissen	_	
5-26	446-447	.	_	

#Text=Herr Z., dessen sehr femi- 
#Text=nines Wesen seiner Familie schon längst aufgefallen war, ohne daß sie von 
#Text=den wahren Ursachen seines Wesens eine Ahnung hatte, beobachtete an sich 
#Text=nach Beendigung des 14.
6-1	448-452	Herr	_	
6-2	453-454	Z	_	
6-3	454-455	.	_	
6-4	455-456	,	_	
6-5	457-463	dessen	_	
6-6	464-468	sehr	_	
6-7	469-473	femi	_	
6-8	473-474	-	_	
6-9	476-481	nines	_	
6-10	482-487	Wesen	_	
6-11	488-494	seiner	_	
6-12	495-502	Familie	_	
6-13	503-508	schon	_	
6-14	509-515	längst	_	
6-15	516-527	aufgefallen	_	
6-16	528-531	war	_	
6-17	531-532	,	_	
6-18	533-537	ohne	_	
6-19	538-541	daß	_	
6-20	542-545	sie	_	
6-21	546-549	von	_	
6-22	551-554	den	_	
6-23	555-561	wahren	_	
6-24	562-570	Ursachen	_	
6-25	571-577	seines	_	
6-26	578-584	Wesens	_	
6-27	585-589	eine	_	
6-28	590-596	Ahnung	_	
6-29	597-602	hatte	_	
6-30	602-603	,	_	
6-31	604-615	beobachtete	_	
6-32	616-618	an	_	
6-33	619-623	sich	_	
6-34	625-629	nach	_	
6-35	630-640	Beendigung	_	
6-36	641-644	des	_	
6-37	645-647	14	_	
6-38	647-648	.	_	

#Text=Lebensjahres ganz plötzlich einen merkwürdigen 
#Text=Drang, sich Luftkissen zu beschaffen, diese prall aufzublasen und sich an 
#Text=den Leib zu legen.
7-1	649-661	Lebensjahres	_	
7-2	662-666	ganz	_	
7-3	667-676	plötzlich	_	
7-4	677-682	einen	_	
7-5	683-695	merkwürdigen	_	
7-6	697-702	Drang	_	
7-7	702-703	,	_	
7-8	704-708	sich	_	
7-9	709-719	Luftkissen	_	
7-10	720-722	zu	_	
7-11	723-733	beschaffen	_	
7-12	733-734	,	_	
7-13	735-740	diese	_	
7-14	741-746	prall	_	
7-15	747-758	aufzublasen	_	
7-16	759-762	und	_	
7-17	763-767	sich	_	
7-18	768-770	an	_	
7-19	772-775	den	_	
7-20	776-780	Leib	_	
7-21	781-783	zu	_	
7-22	784-789	legen	_	
7-23	789-790	.	_	

#Text=Mit diesen heimlichen Manipulationen, die ihm völlig 
#Text=unverständlich waren, vermochte er zunächst keine Vorstellung zu verbinden, 
#Text=da er keinerlei Kenntnisse über sexuelle Dinge besaß.
8-1	791-794	Mit	_	
8-2	795-801	diesen	_	
8-3	802-812	heimlichen	_	
8-4	813-827	Manipulationen	_	
8-5	827-828	,	_	
8-6	829-832	die	_	
8-7	833-836	ihm	_	
8-8	837-843	völlig	_	
8-9	845-859	unverständlich	_	
8-10	860-865	waren	_	
8-11	865-866	,	_	
8-12	867-876	vermochte	_	
8-13	877-879	er	_	
8-14	880-888	zunächst	_	
8-15	889-894	keine	_	
8-16	895-906	Vorstellung	_	
8-17	907-909	zu	_	
8-18	910-919	verbinden	_	
8-19	919-920	,	_	
8-20	922-924	da	_	
8-21	925-927	er	_	
8-22	928-937	keinerlei	_	
8-23	938-948	Kenntnisse	_	
8-24	949-953	über	_	
8-25	954-962	sexuelle	_	
8-26	963-968	Dinge	_	
8-27	969-974	besaß	_	
8-28	974-975	.	_	

#Text=Der rein triebhafte 
#Text=Drang, sich mit den Luftkissen einzuschließen, sich ständig mit ihnen in 
#Text=Kontakt zu wissen, wuchs immer stärker an und führte nach kurzer Zeit zu 
#Text=tiefgehenden Verstimmungen, da keine Entspannung eintrat, bis eines Abends, 
#Text=etwa 4 Wochen nach dem ersten Auftreten dieses eigenartigen Begehrens, die 
#Text=erste Ejakulation erfolgte.
9-1	976-979	Der	_	
9-2	980-984	rein	_	
9-3	985-995	triebhafte	_	
9-4	997-1002	Drang	_	
9-5	1002-1003	,	_	
9-6	1004-1008	sich	_	
9-7	1009-1012	mit	_	
9-8	1013-1016	den	_	
9-9	1017-1027	Luftkissen	_	
9-10	1028-1042	einzuschließen	_	
9-11	1042-1043	,	_	
9-12	1044-1048	sich	_	
9-13	1049-1056	ständig	_	
9-14	1057-1060	mit	_	
9-15	1061-1066	ihnen	_	
9-16	1067-1069	in	_	
9-17	1071-1078	Kontakt	_	
9-18	1079-1081	zu	_	
9-19	1082-1088	wissen	_	
9-20	1088-1089	,	_	
9-21	1090-1095	wuchs	_	
9-22	1096-1101	immer	_	
9-23	1102-1109	stärker	_	
9-24	1110-1112	an	_	
9-25	1113-1116	und	_	
9-26	1117-1123	führte	_	
9-27	1124-1128	nach	_	
9-28	1129-1135	kurzer	_	
9-29	1136-1140	Zeit	_	
9-30	1141-1143	zu	_	
9-31	1145-1157	tiefgehenden	_	
9-32	1158-1171	Verstimmungen	_	
9-33	1171-1172	,	_	
9-34	1173-1175	da	_	
9-35	1176-1181	keine	_	
9-36	1182-1193	Entspannung	_	
9-37	1194-1201	eintrat	_	
9-38	1201-1202	,	_	
9-39	1203-1206	bis	_	
9-40	1207-1212	eines	_	
9-41	1213-1219	Abends	_	
9-42	1219-1220	,	_	
9-43	1222-1226	etwa	_	
9-44	1227-1228	4	_	
9-45	1229-1235	Wochen	_	
9-46	1236-1240	nach	_	
9-47	1241-1244	dem	_	
9-48	1245-1251	ersten	_	
9-49	1252-1261	Auftreten	_	
9-50	1262-1268	dieses	_	
9-51	1269-1281	eigenartigen	_	
9-52	1282-1291	Begehrens	_	
9-53	1291-1292	,	_	
9-54	1293-1296	die	_	
9-55	1298-1303	erste	_	
9-56	1304-1315	Ejakulation	_	
9-57	1316-1324	erfolgte	_	
9-58	1324-1325	.	_	

#Text=Er hatte an diesem Abend wie immer im Bett 
#Text=das Luftkissen prall aufgeblasen, sich dann spontan daraufgelegt, so daß 
#Text=sich die Genitalzone und die Unterbauchregion mit dem Luftkissen berührten.
10-1	1326-1328	Er	_	
10-2	1329-1334	hatte	_	
10-3	1335-1337	an	_	
10-4	1338-1344	diesem	_	
10-5	1345-1350	Abend	_	
10-6	1351-1354	wie	_	
10-7	1355-1360	immer	_	
10-8	1361-1363	im	_	
10-9	1364-1368	Bett	_	
10-10	1370-1373	das	_	
10-11	1374-1384	Luftkissen	_	
10-12	1385-1390	prall	_	
10-13	1391-1402	aufgeblasen	_	
10-14	1402-1403	,	_	
10-15	1404-1408	sich	_	
10-16	1409-1413	dann	_	
10-17	1414-1421	spontan	_	
10-18	1422-1434	daraufgelegt	_	
10-19	1434-1435	,	_	
10-20	1436-1438	so	_	
10-21	1439-1442	daß	_	
10-22	1444-1448	sich	_	
10-23	1449-1452	die	_	
10-24	1453-1464	Genitalzone	_	
10-25	1465-1468	und	_	
10-26	1469-1472	die	_	
10-27	1473-1489	Unterbauchregion	_	
10-28	1490-1493	mit	_	
10-29	1494-1497	dem	_	
10-30	1498-1508	Luftkissen	_	
10-31	1509-1518	berührten	_	
10-32	1518-1519	.	_	

#Text=Die von dem Fetisch ausgehenden Reize waren in der Hauptsache taktiler 
#Text=Natur, sekundär erfolgte dann später assoziativ eine erotische Anregung
#Text=
#Text=durch die bloße Wahrnehmung des Gummigeruches, wie er dem Luftkissen 
#Text=eigen war.
11-1	1522-1525	Die	_	
11-2	1526-1529	von	_	
11-3	1530-1533	dem	_	
11-4	1534-1541	Fetisch	_	
11-5	1542-1553	ausgehenden	_	
11-6	1554-1559	Reize	_	
11-7	1560-1565	waren	_	
11-8	1566-1568	in	_	
11-9	1569-1572	der	_	
11-10	1573-1583	Hauptsache	_	
11-11	1584-1592	taktiler	_	
11-12	1594-1599	Natur	_	
11-13	1599-1600	,	_	
11-14	1601-1609	sekundär	_	
11-15	1610-1618	erfolgte	_	
11-16	1619-1623	dann	_	
11-17	1624-1630	später	_	
11-18	1631-1641	assoziativ	_	
11-19	1642-1646	eine	_	
11-20	1647-1656	erotische	_	
11-21	1657-1665	Anregung	_	
11-22	1667-1672	durch	_	
11-23	1673-1676	die	_	
11-24	1677-1682	bloße	_	
11-25	1683-1694	Wahrnehmung	_	
11-26	1695-1698	des	_	
11-27	1699-1712	Gummigeruches	Smell\_Word	
11-28	1712-1713	,	_	
11-29	1714-1717	wie	_	
11-30	1718-1720	er	_	
11-31	1721-1724	dem	_	
11-32	1725-1735	Luftkissen	Smell\_Source	
11-33	1737-1742	eigen	_	
11-34	1743-1746	war	_	
11-35	1746-1747	.	_	

#Text=Auf optischem Wege vermochte das Luftkissen nur geringe sexuelle 
#Text=
#Text=
#Text=Fetischismus und Inzest.
#Text=
#Text=
#Text=
#Text=103 
#Text=
#Text=
#Text=Wirkungen auszuüben, während der akustische Weg in diesem Falle gänz- 
#Text=lich ausgeschaltet war.
12-1	1748-1751	Auf	_	
12-2	1752-1761	optischem	_	
12-3	1762-1766	Wege	_	
12-4	1767-1776	vermochte	_	
12-5	1777-1780	das	_	
12-6	1781-1791	Luftkissen	_	
12-7	1792-1795	nur	_	
12-8	1796-1803	geringe	_	
12-9	1804-1812	sexuelle	_	
12-10	1816-1828	Fetischismus	_	
12-11	1829-1832	und	_	
12-12	1833-1839	Inzest	_	
12-13	1839-1840	.	_	
12-14	1844-1847	103	_	
12-15	1851-1860	Wirkungen	_	
12-16	1861-1870	auszuüben	_	
12-17	1870-1871	,	_	
12-18	1872-1879	während	_	
12-19	1880-1883	der	_	
12-20	1884-1894	akustische	_	
12-21	1895-1898	Weg	_	
12-22	1899-1901	in	_	
12-23	1902-1908	diesem	_	
12-24	1909-1914	Falle	_	
12-25	1915-1919	gänz	_	
12-26	1919-1920	-	_	
12-27	1922-1926	lich	_	
12-28	1927-1940	ausgeschaltet	_	
12-29	1941-1944	war	_	
12-30	1944-1945	.	_	

#Text=Die Vorstellungen nun, die während des ersten, ganz spontan gefundenen 
#Text=Onanieaktes auftraten, der nun täglich während der folgenden 6 Jahre mit 
#Text=wenigen Unterbrechungen wiederholt wurde, wiesen stets das gleiche Gru-id- 
#Text=inotiv auf: einen großen, starken, fetten Mann, der von der Phantasie in 
#Text=irgend eine Situation mit masochistischer Tendenz gesetzt wurde.
13-1	1949-1952	Die	_	
13-2	1953-1966	Vorstellungen	_	
13-3	1967-1970	nun	_	
13-4	1970-1971	,	_	
13-5	1972-1975	die	_	
13-6	1976-1983	während	_	
13-7	1984-1987	des	_	
13-8	1988-1994	ersten	_	
13-9	1994-1995	,	_	
13-10	1996-2000	ganz	_	
13-11	2001-2008	spontan	_	
13-12	2009-2019	gefundenen	_	
13-13	2021-2032	Onanieaktes	_	
13-14	2033-2042	auftraten	_	
13-15	2042-2043	,	_	
13-16	2044-2047	der	_	
13-17	2048-2051	nun	_	
13-18	2052-2059	täglich	_	
13-19	2060-2067	während	_	
13-20	2068-2071	der	_	
13-21	2072-2081	folgenden	_	
13-22	2082-2083	6	_	
13-23	2084-2089	Jahre	_	
13-24	2090-2093	mit	_	
13-25	2095-2102	wenigen	_	
13-26	2103-2118	Unterbrechungen	_	
13-27	2119-2129	wiederholt	_	
13-28	2130-2135	wurde	_	
13-29	2135-2136	,	_	
13-30	2137-2143	wiesen	_	
13-31	2144-2149	stets	_	
13-32	2150-2153	das	_	
13-33	2154-2161	gleiche	_	
13-34	2162-2168	Gru-id	_	
13-35	2168-2169	-	_	
13-36	2171-2177	inotiv	_	
13-37	2178-2181	auf	_	
13-38	2181-2182	:	_	
13-39	2183-2188	einen	_	
13-40	2189-2195	großen	_	
13-41	2195-2196	,	_	
13-42	2197-2204	starken	_	
13-43	2204-2205	,	_	
13-44	2206-2212	fetten	_	
13-45	2213-2217	Mann	_	
13-46	2217-2218	,	_	
13-47	2219-2222	der	_	
13-48	2223-2226	von	_	
13-49	2227-2230	der	_	
13-50	2231-2240	Phantasie	_	
13-51	2241-2243	in	_	
13-52	2245-2251	irgend	_	
13-53	2252-2256	eine	_	
13-54	2257-2266	Situation	_	
13-55	2267-2270	mit	_	
13-56	2271-2286	masochistischer	_	
13-57	2287-2294	Tendenz	_	
13-58	2295-2302	gesetzt	_	
13-59	2303-2308	wurde	_	
13-60	2308-2309	.	_	

#Text=Die 'ust- 
#Text=betontesten Vorstellungen von feisten Schenkeln und dickem Leib wurden 
#Text=durch Betasten und Pressen des glatten prallen Luftkissens hervorgerufen.
14-1	2310-2313	Die	_	
14-2	2314-2315	'	_	
14-3	2315-2318	ust	_	
14-4	2318-2319	-	_	
14-5	2321-2332	betontesten	_	
14-6	2333-2346	Vorstellungen	_	
14-7	2347-2350	von	_	
14-8	2351-2358	feisten	_	
14-9	2359-2368	Schenkeln	_	
14-10	2369-2372	und	_	
14-11	2373-2379	dickem	_	
14-12	2380-2384	Leib	_	
14-13	2385-2391	wurden	_	
14-14	2393-2398	durch	_	
14-15	2399-2407	Betasten	_	
14-16	2408-2411	und	_	
14-17	2412-2419	Pressen	_	
14-18	2420-2423	des	_	
14-19	2424-2431	glatten	_	
14-20	2432-2439	prallen	_	
14-21	2440-2451	Luftkissens	_	
14-22	2452-2465	hervorgerufen	_	
14-23	2465-2466	.	_	

#Text=Bemerkenswert ist, wie in den späteren Jahren die Symbolisierung 
#Text=von dem Drange, in den Besitz des begehrten lebenden Partners zu gelangen, 
#Text=immer mehr zu einem Surrogat hinsteuerte;
#Text=da jedoch das adäquate Sexuai- 
#Text=objekt nicht erreichbar war, arrangierte Z. eine Situation, die auf den ersten 
#Text=Blick narzißtischen Charakter zu besitzen scheint, jedoch heterogener Natur
#Text=
#Text=ist.
15-1	2468-2481	Bemerkenswert	_	
15-2	2482-2485	ist	_	
15-3	2485-2486	,	_	
15-4	2487-2490	wie	_	
15-5	2491-2493	in	_	
15-6	2494-2497	den	_	
15-7	2498-2506	späteren	_	
15-8	2507-2513	Jahren	_	
15-9	2514-2517	die	_	
15-10	2518-2532	Symbolisierung	_	
15-11	2534-2537	von	_	
15-12	2538-2541	dem	_	
15-13	2542-2548	Drange	_	
15-14	2548-2549	,	_	
15-15	2550-2552	in	_	
15-16	2553-2556	den	_	
15-17	2557-2563	Besitz	_	
15-18	2564-2567	des	_	
15-19	2568-2577	begehrten	_	
15-20	2578-2586	lebenden	_	
15-21	2587-2595	Partners	_	
15-22	2596-2598	zu	_	
15-23	2599-2607	gelangen	_	
15-24	2607-2608	,	_	
15-25	2610-2615	immer	_	
15-26	2616-2620	mehr	_	
15-27	2621-2623	zu	_	
15-28	2624-2629	einem	_	
15-29	2630-2638	Surrogat	_	
15-30	2639-2650	hinsteuerte	_	
15-31	2650-2651	;	_	
15-32	2652-2654	da	_	
15-33	2655-2661	jedoch	_	
15-34	2662-2665	das	_	
15-35	2666-2674	adäquate	_	
15-36	2675-2681	Sexuai	_	
15-37	2681-2682	-	_	
15-38	2684-2690	objekt	_	
15-39	2691-2696	nicht	_	
15-40	2697-2707	erreichbar	_	
15-41	2708-2711	war	_	
15-42	2711-2712	,	_	
15-43	2713-2724	arrangierte	_	
15-44	2725-2726	Z	_	
15-45	2726-2727	.	_	
15-46	2728-2732	eine	_	
15-47	2733-2742	Situation	_	
15-48	2742-2743	,	_	
15-49	2744-2747	die	_	
15-50	2748-2751	auf	_	
15-51	2752-2755	den	_	
15-52	2756-2762	ersten	_	
15-53	2764-2769	Blick	_	
15-54	2770-2783	narzißtischen	_	
15-55	2784-2793	Charakter	_	
15-56	2794-2796	zu	_	
15-57	2797-2805	besitzen	_	
15-58	2806-2813	scheint	_	
15-59	2813-2814	,	_	
15-60	2815-2821	jedoch	_	
15-61	2822-2833	heterogener	_	
15-62	2834-2839	Natur	_	
15-63	2841-2844	ist	_	
15-64	2844-2845	.	_	

#Text=Herr Z. zog sich einen sehr weiten Herrenanzug an, den er mit Hilfe 
#Text=des aufgeblasenen Luftkissens ausstopfte;
16-1	2846-2850	Herr	_	
16-2	2851-2852	Z	_	
16-3	2852-2853	.	_	
16-4	2854-2857	zog	_	
16-5	2858-2862	sich	_	
16-6	2863-2868	einen	_	
16-7	2869-2873	sehr	_	
16-8	2874-2880	weiten	_	
16-9	2881-2892	Herrenanzug	_	
16-10	2893-2895	an	_	
16-11	2895-2896	,	_	
16-12	2897-2900	den	_	
16-13	2901-2903	er	_	
16-14	2904-2907	mit	_	
16-15	2908-2913	Hilfe	_	
16-16	2915-2918	des	_	
16-17	2919-2932	aufgeblasenen	_	
16-18	2933-2944	Luftkissens	_	
16-19	2945-2955	ausstopfte	_	
16-20	2955-2956	;	_	
