#FORMAT=WebAnno TSV 3.3


#Text=Een Planter heeft het, om my zo uit te drukken, genoegzaam in zyne magt, om de 
#Text=lekkerste en overvloedigste tafels te houden, zonder den aanzienlyken toestel in 
#Text=aanmerking te neemen, waar mede men bediend wordt, door eene menigte van 
#Text=slaaven, 't welk maakt, dat de minste burgers Heeren schynen; want het zyn de 
#Text=Planters niet alleen, die slaaven hebben, maar van de meesten tot de minsten toe 
#Text=houden zommigen in hunnen dienst.
1-1	2-5	Een	
1-2	6-13	Planter	
1-3	14-19	heeft	
1-4	20-23	het	
1-5	23-24	,	
1-6	25-27	om	
1-7	28-30	my	
1-8	31-33	zo	
1-9	34-37	uit	
1-10	38-40	te	
1-11	41-48	drukken	
1-12	48-49	,	
1-13	50-60	genoegzaam	
1-14	61-63	in	
1-15	64-68	zyne	
1-16	69-73	magt	
1-17	73-74	,	
1-18	75-77	om	
1-19	78-80	de	
1-20	82-91	lekkerste	
1-21	92-94	en	
1-22	95-109	overvloedigste	
1-23	110-116	tafels	
1-24	117-119	te	
1-25	120-126	houden	
1-26	126-127	,	
1-27	128-134	zonder	
1-28	135-138	den	
1-29	139-151	aanzienlyken	
1-30	152-159	toestel	
1-31	160-162	in	
1-32	164-174	aanmerking	
1-33	175-177	te	
1-34	178-184	neemen	
1-35	184-185	,	
1-36	186-190	waar	
1-37	191-195	mede	
1-38	196-199	men	
1-39	200-207	bediend	
1-40	208-213	wordt	
1-41	213-214	,	
1-42	215-219	door	
1-43	220-224	eene	
1-44	225-232	menigte	
1-45	233-236	van	
1-46	238-245	slaaven	
1-47	245-246	,	
1-48	247-248	'	
1-49	248-249	t	
1-50	250-254	welk	
1-51	255-260	maakt	
1-52	260-261	,	
1-53	262-265	dat	
1-54	266-268	de	
1-55	269-275	minste	
1-56	276-283	burgers	
1-57	284-290	Heeren	
1-58	291-298	schynen	
1-59	298-299	;	
1-60	300-304	want	
1-61	305-308	het	
1-62	309-312	zyn	
1-63	313-315	de	
1-64	317-325	Planters	
1-65	326-330	niet	
1-66	331-337	alleen	
1-67	337-338	,	
1-68	339-342	die	
1-69	343-350	slaaven	
1-70	351-357	hebben	
1-71	357-358	,	
1-72	359-363	maar	
1-73	364-367	van	
1-74	368-370	de	
1-75	371-378	meesten	
1-76	379-382	tot	
1-77	383-385	de	
1-78	386-393	minsten	
1-79	394-397	toe	
1-80	399-405	houden	
1-81	406-414	zommigen	
1-82	415-417	in	
1-83	418-424	hunnen	
1-84	425-431	dienst	
1-85	431-432	.	

#Text=Ja, wat meer is, naardien de waschvrouwen, van welken ik in 't vervolg spreeken 
#Text=zal, die van gansch Europa overtreffen, zo is 'er het linnen, zo voor de tafel als voor 
#Text='t lyf, zo wit, dat 'er het gezicht op schemert, en hier op is men zo krachtig gesteld, 
#Text=dat het tot weelde overslaat;
#Text=dus kan men de inwooners niets verwyten omtrent de 
#Text=Zindelykheid.
2-1	437-439	Ja	
2-2	439-440	,	
2-3	441-444	wat	
2-4	445-449	meer	
2-5	450-452	is	
2-6	452-453	,	
2-7	454-462	naardien	
2-8	463-465	de	
2-9	466-478	waschvrouwen	
2-10	478-479	,	
2-11	480-483	van	
2-12	484-490	welken	
2-13	491-493	ik	
2-14	494-496	in	
2-15	497-498	'	
2-16	498-499	t	
2-17	500-507	vervolg	
2-18	508-516	spreeken	
2-19	518-521	zal	
2-20	521-522	,	
2-21	523-526	die	
2-22	527-530	van	
2-23	531-537	gansch	
2-24	538-544	Europa	
2-25	545-556	overtreffen	
2-26	556-557	,	
2-27	558-560	zo	
2-28	561-563	is	
2-29	564-565	'	
2-30	565-567	er	
2-31	568-571	het	
2-32	572-578	linnen	
2-33	578-579	,	
2-34	580-582	zo	
2-35	583-587	voor	
2-36	588-590	de	
2-37	591-596	tafel	
2-38	597-600	als	
2-39	601-605	voor	
2-40	607-608	'	
2-41	608-609	t	
2-42	610-613	lyf	
2-43	613-614	,	
2-44	615-617	zo	
2-45	618-621	wit	
2-46	621-622	,	
2-47	623-626	dat	
2-48	627-628	'	
2-49	628-630	er	
2-50	631-634	het	
2-51	635-642	gezicht	
2-52	643-645	op	
2-53	646-654	schemert	
2-54	654-655	,	
2-55	656-658	en	
2-56	659-663	hier	
2-57	664-666	op	
2-58	667-669	is	
2-59	670-673	men	
2-60	674-676	zo	
2-61	677-685	krachtig	
2-62	686-693	gesteld	
2-63	693-694	,	
2-64	696-699	dat	
2-65	700-703	het	
2-66	704-707	tot	
2-67	708-714	weelde	
2-68	715-724	overslaat	
2-69	724-725	;	
2-70	726-729	dus	
2-71	730-733	kan	
2-72	734-737	men	
2-73	738-740	de	
2-74	741-750	inwooners	
2-75	751-756	niets	
2-76	757-765	verwyten	
2-77	766-773	omtrent	
2-78	774-776	de	
2-79	778-790	Zindelykheid	
2-80	790-791	.	

#Text=Maar, om weder te keeren tot het geene de tafel raakt, men moet het wild niet 
#Text=vergeeten, welk op de tafels der Planters niet ontbreekt, om dat zy de eenigsten 
#Text=zyn, die hunne eigene jaagers hebben.
3-1	796-800	Maar	
3-2	800-801	,	
3-3	802-804	om	
3-4	805-810	weder	
3-5	811-813	te	
3-6	814-820	keeren	
3-7	821-824	tot	
3-8	825-828	het	
3-9	829-834	geene	
3-10	835-837	de	
3-11	838-843	tafel	
3-12	844-849	raakt	
3-13	849-850	,	
3-14	851-854	men	
3-15	855-859	moet	
3-16	860-863	het	
3-17	864-868	wild	
3-18	869-873	niet	
3-19	875-884	vergeeten	
3-20	884-885	,	
3-21	886-890	welk	
3-22	891-893	op	
3-23	894-896	de	
3-24	897-903	tafels	
3-25	904-907	der	
3-26	908-916	Planters	
3-27	917-921	niet	
3-28	922-931	ontbreekt	
3-29	931-932	,	
3-30	933-935	om	
3-31	936-939	dat	
3-32	940-942	zy	
3-33	943-945	de	
3-34	946-955	eenigsten	
3-35	957-960	zyn	
3-36	960-961	,	
3-37	962-965	die	
3-38	966-971	hunne	
3-39	972-978	eigene	
3-40	979-986	jaagers	
3-41	987-993	hebben	
3-42	993-994	.	

#Text=Zo het zelve schaarser is voor de burgers, 
#Text=
#Text=zulks is niet by gebrek van wild, of dat de jagt niet voor een ieder, zonder 
#Text=onderscheid, open-
#Text=
#Text=
#Text=
#Text=staat, maar dewyl dezelve te ruuw en te moeilyk is, zo voegt zy maar alleen den 
#Text=Negers en Inboorlingen van het land, zo dat men in de stad geen wild eet, dan 
#Text=wanneer de Indiaanen, by geval, hetzelve aldaar komen verkoopen, 't welk niet 
#Text=dikwyls gebeurt.
4-1	995-997	Zo	
4-2	998-1001	het	
4-3	1002-1007	zelve	
4-4	1008-1017	schaarser	
4-5	1018-1020	is	
4-6	1021-1025	voor	
4-7	1026-1028	de	
4-8	1029-1036	burgers	
4-9	1036-1037	,	
4-10	1040-1045	zulks	
4-11	1046-1048	is	
4-12	1049-1053	niet	
4-13	1054-1056	by	
4-14	1057-1063	gebrek	
4-15	1064-1067	van	
4-16	1068-1072	wild	
4-17	1072-1073	,	
4-18	1074-1076	of	
4-19	1077-1080	dat	
4-20	1081-1083	de	
4-21	1084-1088	jagt	
4-22	1089-1093	niet	
4-23	1094-1098	voor	
4-24	1099-1102	een	
4-25	1103-1108	ieder	
4-26	1108-1109	,	
4-27	1110-1116	zonder	
4-28	1118-1129	onderscheid	
4-29	1129-1130	,	
4-30	1131-1135	open	
4-31	1135-1136	-	
4-32	1140-1145	staat	
4-33	1145-1146	,	
4-34	1147-1151	maar	
4-35	1152-1157	dewyl	
4-36	1158-1165	dezelve	
4-37	1166-1168	te	
4-38	1169-1173	ruuw	
4-39	1174-1176	en	
4-40	1177-1179	te	
4-41	1180-1187	moeilyk	
4-42	1188-1190	is	
4-43	1190-1191	,	
4-44	1192-1194	zo	
4-45	1195-1200	voegt	
4-46	1201-1203	zy	
4-47	1204-1208	maar	
4-48	1209-1215	alleen	
4-49	1216-1219	den	
4-50	1221-1227	Negers	
4-51	1228-1230	en	
4-52	1231-1243	Inboorlingen	
4-53	1244-1247	van	
4-54	1248-1251	het	
4-55	1252-1256	land	
4-56	1256-1257	,	
4-57	1258-1260	zo	
4-58	1261-1264	dat	
4-59	1265-1268	men	
4-60	1269-1271	in	
4-61	1272-1274	de	
4-62	1275-1279	stad	
4-63	1280-1284	geen	
4-64	1285-1289	wild	
4-65	1290-1293	eet	
4-66	1293-1294	,	
4-67	1295-1298	dan	
4-68	1300-1307	wanneer	
4-69	1308-1310	de	
4-70	1311-1320	Indiaanen	
4-71	1320-1321	,	
4-72	1322-1324	by	
4-73	1325-1330	geval	
4-74	1330-1331	,	
4-75	1332-1340	hetzelve	
4-76	1341-1347	aldaar	
4-77	1348-1353	komen	
4-78	1354-1363	verkoopen	
4-79	1363-1364	,	
4-80	1365-1366	'	
4-81	1366-1367	t	
4-82	1368-1372	welk	
4-83	1373-1377	niet	
4-84	1379-1386	dikwyls	
4-85	1387-1394	gebeurt	
4-86	1394-1395	.	

#Text=Wat aanbelangt de groenten, en veldvruchten, men moet niet twyfelen, of onder 
#Text=eene vogtige en warme luchtstreek, gelyk ik deze beschreeven heb, komt 'er eene 
#Text=groote menigte van voort;
#Text=men vindt 'er gansche moestuinen, vervuld met allerleie 
#Text=soorten, dewyl alle de jaargetyden bekwaam zyn, zo tot de planting als den groei 
#Text=en ryp wording, indien men zich maar eenige moeite wil geeven, te meer, daar men 
#Text=slaaven heeft, die den zwaarsten arbeid kunnen verrichten.
5-1	1400-1403	Wat	
5-2	1404-1414	aanbelangt	
5-3	1415-1417	de	
5-4	1418-1426	groenten	
5-5	1426-1427	,	
5-6	1428-1430	en	
5-7	1431-1443	veldvruchten	
5-8	1443-1444	,	
5-9	1445-1448	men	
5-10	1449-1453	moet	
5-11	1454-1458	niet	
5-12	1459-1467	twyfelen	
5-13	1467-1468	,	
5-14	1469-1471	of	
5-15	1472-1477	onder	
5-16	1479-1483	eene	
5-17	1484-1491	vogtige	
5-18	1492-1494	en	
5-19	1495-1500	warme	
5-20	1501-1512	luchtstreek	
5-21	1512-1513	,	
5-22	1514-1519	gelyk	
5-23	1520-1522	ik	
5-24	1523-1527	deze	
5-25	1528-1539	beschreeven	
5-26	1540-1543	heb	
5-27	1543-1544	,	
5-28	1545-1549	komt	
5-29	1550-1551	'	
5-30	1551-1553	er	
5-31	1554-1558	eene	
5-32	1560-1566	groote	
5-33	1567-1574	menigte	
5-34	1575-1578	van	
5-35	1579-1584	voort	
5-36	1584-1585	;	
5-37	1586-1589	men	
5-38	1590-1595	vindt	
5-39	1596-1597	'	
5-40	1597-1599	er	
5-41	1600-1607	gansche	
5-42	1608-1618	moestuinen	
5-43	1618-1619	,	
5-44	1620-1627	vervuld	
5-45	1628-1631	met	
5-46	1632-1641	allerleie	
5-47	1643-1650	soorten	
5-48	1650-1651	,	
5-49	1652-1657	dewyl	
5-50	1658-1662	alle	
5-51	1663-1665	de	
5-52	1666-1677	jaargetyden	
5-53	1678-1685	bekwaam	
5-54	1686-1689	zyn	
5-55	1689-1690	,	
5-56	1691-1693	zo	
5-57	1694-1697	tot	
5-58	1698-1700	de	
5-59	1701-1709	planting	
5-60	1710-1713	als	
5-61	1714-1717	den	
5-62	1718-1723	groei	
5-63	1725-1727	en	
5-64	1728-1731	ryp	
5-65	1732-1739	wording	
5-66	1739-1740	,	
5-67	1741-1747	indien	
5-68	1748-1751	men	
5-69	1752-1756	zich	
5-70	1757-1761	maar	
5-71	1762-1768	eenige	
5-72	1769-1775	moeite	
5-73	1776-1779	wil	
5-74	1780-1786	geeven	
5-75	1786-1787	,	
5-76	1788-1790	te	
5-77	1791-1795	meer	
5-78	1795-1796	,	
5-79	1797-1801	daar	
5-80	1802-1805	men	
5-81	1807-1814	slaaven	
5-82	1815-1820	heeft	
5-83	1820-1821	,	
5-84	1822-1825	die	
5-85	1826-1829	den	
5-86	1830-1839	zwaarsten	
5-87	1840-1846	arbeid	
5-88	1847-1853	kunnen	
5-89	1854-1864	verrichten	
5-90	1864-1865	.	

#Text=Ik zal 'er echter 
#Text=breedvoeriger van spreeken in een ander hoofdstuk, alwaar ik een omstandig bericht 
#Text=van het Tuinwerk geeven zal.
6-1	1866-1868	Ik	
6-2	1869-1872	zal	
6-3	1873-1874	'	
6-4	1874-1876	er	
6-5	1877-1883	echter	
6-6	1885-1898	breedvoeriger	
6-7	1899-1902	van	
6-8	1903-1911	spreeken	
6-9	1912-1914	in	
6-10	1915-1918	een	
6-11	1919-1924	ander	
6-12	1925-1934	hoofdstuk	
6-13	1934-1935	,	
6-14	1936-1942	alwaar	
6-15	1943-1945	ik	
6-16	1946-1949	een	
6-17	1950-1959	omstandig	
6-18	1960-1967	bericht	
6-19	1969-1972	van	
6-20	1973-1976	het	
6-21	1977-1985	Tuinwerk	
6-22	1986-1992	geeven	
6-23	1993-1996	zal	
6-24	1996-1997	.	

#Text=Ik kan my niet onthouden van ter dezer plaatse uit te roepen:
#Text=Gelukkig land!
7-1	2002-2004	Ik	
7-2	2005-2008	kan	
7-3	2009-2011	my	
7-4	2012-2016	niet	
7-5	2017-2026	onthouden	
7-6	2027-2030	van	
7-7	2031-2034	ter	
7-8	2035-2040	dezer	
7-9	2041-2048	plaatse	
7-10	2049-2052	uit	
7-11	2053-2055	te	
7-12	2056-2062	roepen	
7-13	2062-2063	:	
7-14	2064-2072	Gelukkig	
7-15	2073-2077	land	
7-16	2077-2078	!	

#Text=alwaar 
#Text=men, het gansche jaar door, zonder ophouden, de kostelyke gaaven van Flora en 
#Text=Pomona genieten kan;
#Text=alwaar de sneeuw, het ys, en de ryp onbekend zyn;
#Text=alwaar 
#Text=men onkundig is van de wreede noodzaakelykheid van zich te braaden, indien men 
#Text=zich warmen wil, gelyk men den meesten tyd van 't jaar in zekere deelen van Europa 
#Text=doen moet, en alwaar, ten allen tyde, eene gelukkige en aangenaame eendragt, 
#Text=eene
#Text=
#Text=
#Text=
#Text=beminlyke gezelligheid, onder de medeburgers heerscht.
8-1	2079-2085	alwaar	
8-2	2087-2090	men	
8-3	2090-2091	,	
8-4	2092-2095	het	
8-5	2096-2103	gansche	
8-6	2104-2108	jaar	
8-7	2109-2113	door	
8-8	2113-2114	,	
8-9	2115-2121	zonder	
8-10	2122-2130	ophouden	
8-11	2130-2131	,	
8-12	2132-2134	de	
8-13	2135-2144	kostelyke	
8-14	2145-2151	gaaven	
8-15	2152-2155	van	
8-16	2156-2161	Flora	
8-17	2162-2164	en	
8-18	2166-2172	Pomona	
8-19	2173-2181	genieten	
8-20	2182-2185	kan	
8-21	2185-2186	;	
8-22	2187-2193	alwaar	
8-23	2194-2196	de	
8-24	2197-2203	sneeuw	
8-25	2203-2204	,	
8-26	2205-2208	het	
8-27	2209-2211	ys	
8-28	2211-2212	,	
8-29	2213-2215	en	
8-30	2216-2218	de	
8-31	2219-2222	ryp	
8-32	2223-2231	onbekend	
8-33	2232-2235	zyn	
8-34	2235-2236	;	
8-35	2237-2243	alwaar	
8-36	2245-2248	men	
8-37	2249-2257	onkundig	
8-38	2258-2260	is	
8-39	2261-2264	van	
8-40	2265-2267	de	
8-41	2268-2274	wreede	
8-42	2275-2291	noodzaakelykheid	
8-43	2292-2295	van	
8-44	2296-2300	zich	
8-45	2301-2303	te	
8-46	2304-2311	braaden	
8-47	2311-2312	,	
8-48	2313-2319	indien	
8-49	2320-2323	men	
8-50	2325-2329	zich	
8-51	2330-2336	warmen	
8-52	2337-2340	wil	
8-53	2340-2341	,	
8-54	2342-2347	gelyk	
8-55	2348-2351	men	
8-56	2352-2355	den	
8-57	2356-2363	meesten	
8-58	2364-2367	tyd	
8-59	2368-2371	van	
8-60	2372-2373	'	
8-61	2373-2374	t	
8-62	2375-2379	jaar	
8-63	2380-2382	in	
8-64	2383-2389	zekere	
8-65	2390-2396	deelen	
8-66	2397-2400	van	
8-67	2401-2407	Europa	
8-68	2409-2413	doen	
8-69	2414-2418	moet	
8-70	2418-2419	,	
8-71	2420-2422	en	
8-72	2423-2429	alwaar	
8-73	2429-2430	,	
8-74	2431-2434	ten	
8-75	2435-2440	allen	
8-76	2441-2445	tyde	
8-77	2445-2446	,	
8-78	2447-2451	eene	
8-79	2452-2461	gelukkige	
8-80	2462-2464	en	
8-81	2465-2475	aangenaame	
8-82	2476-2484	eendragt	
8-83	2484-2485	,	
8-84	2487-2491	eene	
8-85	2495-2504	beminlyke	
8-86	2505-2517	gezelligheid	
8-87	2517-2518	,	
8-88	2519-2524	onder	
8-89	2525-2527	de	
8-90	2528-2539	medeburgers	
8-91	2540-2548	heerscht	
8-92	2548-2549	.	

#Text=Naardien 'er in de stad 
#Text=niet dan werklieden, kooplieden, en amtenaaren, wier verblyf aldaar vereischt wordt, 
#Text=woonen en de Planters zich in hunne Plantagin ophouden, zo zyn de gebuuren, 
#Text=om deze eendragt te vaster te maaken
9-1	2550-2558	Naardien	
9-2	2559-2560	'	
9-3	2560-2562	er	
9-4	2563-2565	in	
9-5	2566-2568	de	
9-6	2569-2573	stad	
9-7	2575-2579	niet	
9-8	2580-2583	dan	
9-9	2584-2594	werklieden	
9-10	2594-2595	,	
9-11	2596-2606	kooplieden	
9-12	2606-2607	,	
9-13	2608-2610	en	
9-14	2611-2621	amtenaaren	
9-15	2621-2622	,	
9-16	2623-2627	wier	
9-17	2628-2635	verblyf	
9-18	2636-2642	aldaar	
9-19	2643-2652	vereischt	
9-20	2653-2658	wordt	
9-21	2658-2659	,	
9-22	2661-2667	woonen	
9-23	2668-2670	en	
9-24	2671-2673	de	
9-25	2674-2682	Planters	
9-26	2683-2687	zich	
9-27	2688-2690	in	
9-28	2691-2696	hunne	
9-29	2697-2706	Plantagin	
9-30	2707-2715	ophouden	
9-31	2715-2716	,	
9-32	2717-2719	zo	
9-33	2720-2723	zyn	
9-34	2724-2726	de	
9-35	2727-2735	gebuuren	
9-36	2735-2736	,	
9-37	2738-2740	om	
9-38	2741-2745	deze	
9-39	2746-2754	eendragt	
9-40	2755-2757	te	
9-41	2758-2764	vaster	
9-42	2765-2767	te	
9-43	2768-2774	maaken	
