#FORMAT=WebAnno TSV 3.3


#Text=b)
#Text=Mittels Auflöſung und Fällung:
#Text=
#Text=1.
1-1	5-6	b	
1-2	6-7	)	
1-3	8-15	Mittels	
1-4	16-25	Auflöſung	
1-5	26-29	und	
1-6	30-37	Fällung	
1-7	37-38	:	
1-8	40-41	1	
1-9	41-42	.	

#Text=Auguſtinſche Methode,
#Text=
#Text=2.
2-1	43-55	Auguſtinſche	
2-2	56-63	Methode	
2-3	63-64	,	
2-4	66-67	2	
2-5	67-68	.	

#Text=Ziervogelſche Methode,
#Text=
#Text=3.
3-1	69-82	Ziervogelſche	
3-2	83-90	Methode	
3-3	90-91	,	
3-4	93-94	3	
3-5	94-95	.	

#Text=Sonſtige Methoden.
4-1	96-104	Sonſtige	
4-2	105-113	Methoden	
4-3	113-114	.	

#Text=B.
5-1	118-119	B	
5-2	119-120	.	

#Text=Darſtellungen auf trockenem Wege.
6-1	121-134	Darſtellungen	
6-2	135-138	auf	
6-3	139-148	trockenem	
6-4	149-153	Wege	
6-5	153-154	.	

#Text=a)
#Text=Gewinnung von ſilberhaltigem Blei,
#Text=
#Text=b)
#Text=Abſcheidung des Silbers aus ſilberhaltigem Blei.
#Text=
#Text=1.
7-1	157-158	a	
7-2	158-159	)	
7-3	160-169	Gewinnung	
7-4	170-173	von	
7-5	174-188	ſilberhaltigem	
7-6	189-193	Blei	
7-7	193-194	,	
7-8	196-197	b	
7-9	197-198	)	
7-10	199-210	Abſcheidung	
7-11	211-214	des	
7-12	215-222	Silbers	
7-13	223-226	aus	
7-14	227-241	ſilberhaltigem	
7-15	242-246	Blei	
7-16	246-247	.	
7-17	249-250	1	
7-18	250-251	.	

#Text=Abtreiben auf dem Treibherde,
#Text=
#Text=2.
8-1	252-261	Abtreiben	
8-2	262-265	auf	
8-3	266-269	dem	
8-4	270-280	Treibherde	
8-5	280-281	,	
8-6	283-284	2	
8-7	284-285	.	

#Text=Pattinſonieren,
#Text=
#Text=3.
9-1	286-300	Pattinſonieren	
9-2	300-301	,	
9-3	303-304	3	
9-4	304-305	.	

#Text=Entſilbern des Werkbleies durch Zink,
#Text=
#Text=4.
10-1	306-316	Entſilbern	
10-2	317-320	des	
10-3	321-331	Werkbleies	
10-4	332-337	durch	
10-5	338-342	Zink	
10-6	342-343	,	
10-7	345-346	4	
10-8	346-347	.	

#Text=Feinbrennen des Blickſilbers.
11-1	348-359	Feinbrennen	
11-2	360-363	des	
11-3	364-376	Blickſilbers	
11-4	376-377	.	

#Text=Der Amalgamationsprozeß wird beſonders bei ſilberarmen Erzen
#Text=
#Text=ausgeführt, und beſteht die europäiſche Amalgamation, welche haupt-
#Text=ſächlich in Freiberg üblich war, im weſentlichen aus folgendem: die
#Text=Erze werden mit Kochſalz d. i.
12-1	382-385	Der	
12-2	386-405	Amalgamationsprozeß	
12-3	406-410	wird	
12-4	411-420	beſonders	
12-5	421-424	bei	
12-6	425-436	ſilberarmen	
12-7	437-442	Erzen	
12-8	444-454	ausgeführt	
12-9	454-455	,	
12-10	456-459	und	
12-11	460-467	beſteht	
12-12	468-471	die	
12-13	472-483	europäiſche	
12-14	484-496	Amalgamation	
12-15	496-497	,	
12-16	498-504	welche	
12-17	505-510	haupt	
12-18	510-511	-	
12-19	512-520	ſächlich	
12-20	521-523	in	
12-21	524-532	Freiberg	
12-22	533-539	üblich	
12-23	540-543	war	
12-24	543-544	,	
12-25	545-547	im	
12-26	548-560	weſentlichen	
12-27	561-564	aus	
12-28	565-574	folgendem	
12-29	574-575	:	
12-30	576-579	die	
12-31	580-584	Erze	
12-32	585-591	werden	
12-33	592-595	mit	
12-34	596-604	Kochſalz	
12-35	605-606	d	
12-36	606-607	.	
12-37	608-609	i	
12-38	609-610	.	

#Text=Chlornatrium geröſtet, wobei Arſen und
#Text=Antimon ſich verflüchtigen und ſich als Oxyde in beſondern Räumen
#Text=ſammeln, während das Chlor des Kochſalzes mit dem Silber der
#Text=Erze Chlorſilber bildet.
13-1	611-623	Chlornatrium	
13-2	624-632	geröſtet	
13-3	632-633	,	
13-4	634-639	wobei	
13-5	640-645	Arſen	
13-6	646-649	und	
13-7	650-657	Antimon	
13-8	658-662	ſich	
13-9	663-676	verflüchtigen	
13-10	677-680	und	
13-11	681-685	ſich	
13-12	686-689	als	
13-13	690-695	Oxyde	
13-14	696-698	in	
13-15	699-708	beſondern	
13-16	709-715	Räumen	
13-17	716-723	ſammeln	
13-18	723-724	,	
13-19	725-732	während	
13-20	733-736	das	
13-21	737-742	Chlor	
13-22	743-746	des	
13-23	747-757	Kochſalzes	
13-24	758-761	mit	
13-25	762-765	dem	
13-26	766-772	Silber	
13-27	773-776	der	
13-28	777-781	Erze	
13-29	782-793	Chlorſilber	
13-30	794-800	bildet	
13-31	800-801	.	

#Text=Das Chlorſilber wird unter Zuſatz von Waſſer
#Text=und metalliſchem Eiſen in die ſog.
14-1	802-805	Das	
14-2	806-817	Chlorſilber	
14-3	818-822	wird	
14-4	823-828	unter	
14-5	829-835	Zuſatz	
14-6	836-839	von	
14-7	840-846	Waſſer	
14-8	847-850	und	
14-9	851-863	metalliſchem	
14-10	864-869	Eiſen	
14-11	870-872	in	
14-12	873-876	die	
14-13	877-880	ſog	
14-14	880-881	.	

#Text=Amalgamierfäſſer gebracht, welche
#Text=16 bis 18 Stunden lang ſchnell um die eigene Achſe rotieren.
15-1	882-898	Amalgamierfäſſer	
15-2	899-907	gebracht	
15-3	907-908	,	
15-4	909-915	welche	
15-5	916-918	16	
15-6	919-922	bis	
15-7	923-925	18	
15-8	926-933	Stunden	
15-9	934-938	lang	
15-10	939-946	ſchnell	
15-11	947-949	um	
15-12	950-953	die	
15-13	954-960	eigene	
15-14	961-966	Achſe	
15-15	967-975	rotieren	
15-16	975-976	.	

#Text=Hierbei
#Text=verbindet ſich das Eiſen mit dem Chlor zu Eiſenchlorür, während ſich
#Text=das Silber als metalliſches Silber in außerordentlich feiner Verteilung
#Text=ausſcheidet.
16-1	977-984	Hierbei	
16-2	985-994	verbindet	
16-3	995-999	ſich	
16-4	1000-1003	das	
16-5	1004-1009	Eiſen	
16-6	1010-1013	mit	
16-7	1014-1017	dem	
16-8	1018-1023	Chlor	
16-9	1024-1026	zu	
16-10	1027-1039	Eiſenchlorür	
16-11	1039-1040	,	
16-12	1041-1048	während	
16-13	1049-1053	ſich	
16-14	1054-1057	das	
16-15	1058-1064	Silber	
16-16	1065-1068	als	
16-17	1069-1081	metalliſches	
16-18	1082-1088	Silber	
16-19	1089-1091	in	
16-20	1092-1107	außerordentlich	
16-21	1108-1114	feiner	
16-22	1115-1125	Verteilung	
16-23	1126-1137	ausſcheidet	
16-24	1137-1138	.	

#Text=Um dieſe feinen Partikel zu ſammeln, wird Queckſilber hinzu-
#Text=geſetzt, welches mit denſelben ein Silberamalgam bildet, und aus dieſem das
#Text=Queckſilber in einem ſog.
17-1	1139-1141	Um	
17-2	1142-1147	dieſe	
17-3	1148-1154	feinen	
17-4	1155-1163	Partikel	
17-5	1164-1166	zu	
17-6	1167-1174	ſammeln	
17-7	1174-1175	,	
17-8	1176-1180	wird	
17-9	1181-1192	Queckſilber	
17-10	1193-1198	hinzu	
17-11	1198-1199	-	
17-12	1200-1207	geſetzt	
17-13	1207-1208	,	
17-14	1209-1216	welches	
17-15	1217-1220	mit	
17-16	1221-1230	denſelben	
17-17	1231-1234	ein	
17-18	1235-1248	Silberamalgam	
17-19	1249-1255	bildet	
17-20	1255-1256	,	
17-21	1257-1260	und	
17-22	1261-1264	aus	
17-23	1265-1271	dieſem	
17-24	1272-1275	das	
17-25	1276-1287	Queckſilber	
17-26	1288-1290	in	
17-27	1291-1296	einem	
17-28	1297-1300	ſog	
17-29	1300-1301	.	

#Text=Tellerofen geſchieden.
18-1	1302-1312	Tellerofen	
18-2	1313-1323	geſchieden	
18-3	1323-1324	.	

#Text=Dieſen Tellerofen, auch
#Text=Glockenofen genannt, den Fig.
#Text=371 zeigt, haben wir bereits bei Gewinnung
#Text=
#Text=des Queckſilbers kennen gelernt und dort erfahren, daß die Queckſilber-
#Text=Verbindung — in dieſem Falle das Silberamalgam — auf die Teller
#Text=b b gebracht wird, wodurch das die Glocke umgebende Feuer das
#Text=Queckſilber verdampft, und ſich kondenſiert in dem Waſſer a des Kaſtens
#Text=
#Text=d ſammelt, während das zurückbleibende Silber, jetzt „Tellerſilber“ ge-
#Text=nannt, von den Tellern b b nach Abkühlung und Herausheben der
#Text=Glocke aus dem Ofen e abgenommen wird.
19-1	1325-1331	Dieſen	
19-2	1332-1342	Tellerofen	
19-3	1342-1343	,	
19-4	1344-1348	auch	
19-5	1349-1360	Glockenofen	
19-6	1361-1368	genannt	
19-7	1368-1369	,	
19-8	1370-1373	den	
19-9	1374-1377	Fig	
19-10	1377-1378	.	
19-11	1379-1382	371	
19-12	1383-1388	zeigt	
19-13	1388-1389	,	
19-14	1390-1395	haben	
19-15	1396-1399	wir	
19-16	1400-1407	bereits	
19-17	1408-1411	bei	
19-18	1412-1421	Gewinnung	
19-19	1423-1426	des	
19-20	1427-1439	Queckſilbers	
19-21	1440-1446	kennen	
19-22	1447-1454	gelernt	
19-23	1455-1458	und	
19-24	1459-1463	dort	
19-25	1464-1472	erfahren	
19-26	1472-1473	,	
19-27	1474-1477	daß	
19-28	1478-1481	die	
19-29	1482-1493	Queckſilber	
19-30	1493-1494	-	
19-31	1495-1505	Verbindung	
19-32	1506-1507	—	
19-33	1508-1510	in	
19-34	1511-1517	dieſem	
19-35	1518-1523	Falle	
19-36	1524-1527	das	
19-37	1528-1541	Silberamalgam	
19-38	1542-1543	—	
19-39	1544-1547	auf	
19-40	1548-1551	die	
19-41	1552-1558	Teller	
19-42	1559-1560	b	
19-43	1561-1562	b	
19-44	1563-1571	gebracht	
19-45	1572-1576	wird	
19-46	1576-1577	,	
19-47	1578-1585	wodurch	
19-48	1586-1589	das	
19-49	1590-1593	die	
19-50	1594-1600	Glocke	
19-51	1601-1610	umgebende	
19-52	1611-1616	Feuer	
19-53	1617-1620	das	
19-54	1621-1632	Queckſilber	
19-55	1633-1642	verdampft	
19-56	1642-1643	,	
19-57	1644-1647	und	
19-58	1648-1652	ſich	
19-59	1653-1664	kondenſiert	
19-60	1665-1667	in	
19-61	1668-1671	dem	
19-62	1672-1678	Waſſer	
19-63	1679-1680	a	
19-64	1681-1684	des	
19-65	1685-1692	Kaſtens	
19-66	1694-1695	d	
19-67	1696-1703	ſammelt	
19-68	1703-1704	,	
19-69	1705-1712	während	
19-70	1713-1716	das	
19-71	1717-1732	zurückbleibende	
19-72	1733-1739	Silber	
19-73	1739-1740	,	
19-74	1741-1746	jetzt	
19-75	1747-1748	„	
19-76	1748-1760	Tellerſilber	
19-77	1760-1761	“	
19-78	1762-1764	ge	
19-79	1764-1765	-	
19-80	1766-1771	nannt	
19-81	1771-1772	,	
19-82	1773-1776	von	
19-83	1777-1780	den	
19-84	1781-1788	Tellern	
19-85	1789-1790	b	
19-86	1791-1792	b	
19-87	1793-1797	nach	
19-88	1798-1807	Abkühlung	
19-89	1808-1811	und	
19-90	1812-1823	Herausheben	
19-91	1824-1827	der	
19-92	1828-1834	Glocke	
19-93	1835-1838	aus	
19-94	1839-1842	dem	
19-95	1843-1847	Ofen	
19-96	1848-1849	e	
19-97	1850-1860	abgenommen	
19-98	1861-1865	wird	
19-99	1865-1866	.	
