#FORMAT=WebAnno TSV 3.3


#Text=Benedictio illius qui apparuit in rubo, veniat super caput Joseph, et super verticem nazaræi inter fratres suos.
#Text=17 Quasi primogeniti tauri pulchritudo ejus, cornua rhinocerotis cornua illius : in ipsis ventilabit gentes usque ad terminos terræ.
1-1	2-12	Benedictio	
1-2	13-19	illius	
1-3	20-23	qui	
1-4	24-32	apparuit	
1-5	33-35	in	
1-6	36-40	rubo	
1-7	40-41	,	
1-8	42-48	veniat	
1-9	49-54	super	
1-10	55-60	caput	
1-11	61-67	Joseph	
1-12	67-68	,	
1-13	69-71	et	
1-14	72-77	super	
1-15	78-86	verticem	
1-16	87-94	nazaræi	
1-17	95-100	inter	
1-18	101-108	fratres	
1-19	109-113	suos	
1-20	113-114	.	
1-21	115-117	17	
1-22	118-123	Quasi	
1-23	124-135	primogeniti	
1-24	136-141	tauri	
1-25	142-153	pulchritudo	
1-26	154-158	ejus	
1-27	158-159	,	
1-28	160-166	cornua	
1-29	167-179	rhinocerotis	
1-30	180-186	cornua	
1-31	187-193	illius	
1-32	194-195	:	
1-33	196-198	in	
1-34	199-204	ipsis	
1-35	205-215	ventilabit	
1-36	216-222	gentes	
1-37	223-228	usque	
1-38	229-231	ad	
1-39	232-240	terminos	
1-40	241-246	terræ	
1-41	246-247	.	

#Text=Hæ sunt multitudines Ephraim : et hæc millia Manasse.
#Text=18 Et Zabulon ait : Lætare, Zabulon, in exitu tuo, et Issachar in tabernaculis tuis.
#Text=19 Populos vocabunt ad montem : ibi immolabunt victimas justitiæ.
2-1	248-250	Hæ	
2-2	251-255	sunt	
2-3	256-268	multitudines	
2-4	269-276	Ephraim	
2-5	277-278	:	
2-6	279-281	et	
2-7	282-285	hæc	
2-8	286-292	millia	
2-9	293-300	Manasse	
2-10	300-301	.	
2-11	302-304	18	
2-12	305-307	Et	
2-13	308-315	Zabulon	
2-14	316-319	ait	
2-15	320-321	:	
2-16	322-328	Lætare	
2-17	328-329	,	
2-18	330-337	Zabulon	
2-19	337-338	,	
2-20	339-341	in	
2-21	342-347	exitu	
2-22	348-351	tuo	
2-23	351-352	,	
2-24	353-355	et	
2-25	356-364	Issachar	
2-26	365-367	in	
2-27	368-380	tabernaculis	
2-28	381-385	tuis	
2-29	385-386	.	
2-30	387-389	19	
2-31	390-397	Populos	
2-32	398-406	vocabunt	
2-33	407-409	ad	
2-34	410-416	montem	
2-35	417-418	:	
2-36	419-422	ibi	
2-37	423-433	immolabunt	
2-38	434-442	victimas	
2-39	443-451	justitiæ	
2-40	451-452	.	

#Text=Qui inundationem maris quasi lac sugent, et thesauros absconditos arenarum.
#Text=20 Et Gad ait : Benedictus in latitudine Gad : quasi leo requievit, cepitque brachium et verticem.
#Text=21 Et vidit principatum suum, quod in parte sua doctor esset repositus : qui fuit cum principibus populi, et fecit justitias Domini, et judicium suum cum Israël.
#Text=22 Dan quoque ait : Dan catulus leonis, fluet largiter de Basan.
#Text=23 Et Nephthali dixit : Nephthali abundantia perfruetur, et plenus erit benedictionibus Domini : mare et meridiem possidebit.
#Text=24 Aser quoque ait : Benedictus in filiis Aser, sit placens fratribus suis, et tingat in oleo pedem suum : 25 ferrum et æs calceamentum ejus.
3-1	453-456	Qui	
3-2	457-469	inundationem	
3-3	470-475	maris	
3-4	476-481	quasi	
3-5	482-485	lac	
3-6	486-492	sugent	
3-7	492-493	,	
3-8	494-496	et	
3-9	497-506	thesauros	
3-10	507-518	absconditos	
3-11	519-527	arenarum	
3-12	527-528	.	
3-13	529-531	20	
3-14	532-534	Et	
3-15	535-538	Gad	
3-16	539-542	ait	
3-17	543-544	:	
3-18	545-555	Benedictus	
3-19	556-558	in	
3-20	559-569	latitudine	
3-21	570-573	Gad	
3-22	574-575	:	
3-23	576-581	quasi	
3-24	582-585	leo	
3-25	586-595	requievit	
3-26	595-596	,	
3-27	597-605	cepitque	
3-28	606-614	brachium	
3-29	615-617	et	
3-30	618-626	verticem	
3-31	626-627	.	
3-32	628-630	21	
3-33	631-633	Et	
3-34	634-639	vidit	
3-35	640-651	principatum	
3-36	652-656	suum	
3-37	656-657	,	
3-38	658-662	quod	
3-39	663-665	in	
3-40	666-671	parte	
3-41	672-675	sua	
3-42	676-682	doctor	
3-43	683-688	esset	
3-44	689-698	repositus	
3-45	699-700	:	
3-46	701-704	qui	
3-47	705-709	fuit	
3-48	710-713	cum	
3-49	714-725	principibus	
3-50	726-732	populi	
3-51	732-733	,	
3-52	734-736	et	
3-53	737-742	fecit	
3-54	743-752	justitias	
3-55	753-759	Domini	
3-56	759-760	,	
3-57	761-763	et	
3-58	764-772	judicium	
3-59	773-777	suum	
3-60	778-781	cum	
3-61	782-788	Israël	
3-62	788-789	.	
3-63	790-792	22	
3-64	793-796	Dan	
3-65	797-803	quoque	
3-66	804-807	ait	
3-67	808-809	:	
3-68	810-813	Dan	
3-69	814-821	catulus	
3-70	822-828	leonis	
3-71	828-829	,	
3-72	830-835	fluet	
3-73	836-844	largiter	
3-74	845-847	de	
3-75	848-853	Basan	
3-76	853-854	.	
3-77	855-857	23	
3-78	858-860	Et	
3-79	861-870	Nephthali	
3-80	871-876	dixit	
3-81	877-878	:	
3-82	879-888	Nephthali	
3-83	889-899	abundantia	
3-84	900-910	perfruetur	
3-85	910-911	,	
3-86	912-914	et	
3-87	915-921	plenus	
3-88	922-926	erit	
3-89	927-942	benedictionibus	
3-90	943-949	Domini	
3-91	950-951	:	
3-92	952-956	mare	
3-93	957-959	et	
3-94	960-968	meridiem	
3-95	969-979	possidebit	
3-96	979-980	.	
3-97	981-983	24	
3-98	984-988	Aser	
3-99	989-995	quoque	
3-100	996-999	ait	
3-101	1000-1001	:	
3-102	1002-1012	Benedictus	
3-103	1013-1015	in	
3-104	1016-1022	filiis	
3-105	1023-1027	Aser	
3-106	1027-1028	,	
3-107	1029-1032	sit	
3-108	1033-1040	placens	
3-109	1041-1050	fratribus	
3-110	1051-1055	suis	
3-111	1055-1056	,	
3-112	1057-1059	et	
3-113	1060-1066	tingat	
3-114	1067-1069	in	
3-115	1070-1074	oleo	
3-116	1075-1080	pedem	
3-117	1081-1085	suum	
3-118	1086-1087	:	
3-119	1088-1090	25	
3-120	1091-1097	ferrum	
3-121	1098-1100	et	
3-122	1101-1103	æs	
3-123	1104-1116	calceamentum	
3-124	1117-1121	ejus	
3-125	1121-1122	.	

#Text=Sicut dies juventutis tuæ, ita et senectus tua.
#Text=26 Non est deus alius ut Deus rectissimi, ascensor cæli, auxiliator tuus.
4-1	1123-1128	Sicut	
4-2	1129-1133	dies	
4-3	1134-1144	juventutis	
4-4	1145-1148	tuæ	
4-5	1148-1149	,	
4-6	1150-1153	ita	
4-7	1154-1156	et	
4-8	1157-1165	senectus	
4-9	1166-1169	tua	
4-10	1169-1170	.	
4-11	1171-1173	26	
4-12	1174-1177	Non	
4-13	1178-1181	est	
4-14	1182-1186	deus	
4-15	1187-1192	alius	
4-16	1193-1195	ut	
4-17	1196-1200	Deus	
4-18	1201-1211	rectissimi	
4-19	1211-1212	,	
4-20	1213-1221	ascensor	
4-21	1222-1226	cæli	
4-22	1226-1227	,	
4-23	1228-1238	auxiliator	
4-24	1239-1243	tuus	
4-25	1243-1244	.	

#Text=Magnificentia ejus discurrunt nubes, 27 habitaculum ejus sursum, et subter brachia sempiterna ejiciet a facie tua inimicum, dicetque : Conterere.
#Text=28 Habitabit Israël confidenter, et solus.
5-1	1245-1258	Magnificentia	
5-2	1259-1263	ejus	
5-3	1264-1274	discurrunt	
5-4	1275-1280	nubes	
5-5	1280-1281	,	
5-6	1282-1284	27	
5-7	1285-1296	habitaculum	
5-8	1297-1301	ejus	
5-9	1302-1308	sursum	
5-10	1308-1309	,	
5-11	1310-1312	et	
5-12	1313-1319	subter	
5-13	1320-1327	brachia	
5-14	1328-1338	sempiterna	
5-15	1339-1346	ejiciet	
5-16	1347-1348	a	
5-17	1349-1354	facie	
5-18	1355-1358	tua	
5-19	1359-1367	inimicum	
5-20	1367-1368	,	
5-21	1369-1377	dicetque	
5-22	1378-1379	:	
5-23	1380-1389	Conterere	
5-24	1389-1390	.	
5-25	1391-1393	28	
5-26	1394-1403	Habitabit	
5-27	1404-1410	Israël	
5-28	1411-1422	confidenter	
5-29	1422-1423	,	
5-30	1424-1426	et	
5-31	1427-1432	solus	
5-32	1432-1433	.	

#Text=Oculus Jacob in terra frumenti et vini, cælique caligabunt rore.
#Text=29 Beatus es tu, Israël : quis similis tui, popule, qui salvaris in Domino ?
6-1	1434-1440	Oculus	
6-2	1441-1446	Jacob	
6-3	1447-1449	in	
6-4	1450-1455	terra	
6-5	1456-1464	frumenti	
6-6	1465-1467	et	
6-7	1468-1472	vini	
6-8	1472-1473	,	
6-9	1474-1481	cælique	
6-10	1482-1492	caligabunt	
6-11	1493-1497	rore	
6-12	1497-1498	.	
6-13	1499-1501	29	
6-14	1502-1508	Beatus	
6-15	1509-1511	es	
6-16	1512-1514	tu	
6-17	1514-1515	,	
6-18	1516-1522	Israël	
6-19	1523-1524	:	
6-20	1525-1529	quis	
6-21	1530-1537	similis	
6-22	1538-1541	tui	
6-23	1541-1542	,	
6-24	1543-1549	popule	
6-25	1549-1550	,	
6-26	1551-1554	qui	
6-27	1555-1563	salvaris	
6-28	1564-1566	in	
6-29	1567-1573	Domino	
6-30	1574-1575	?	

#Text=Scutum auxilii tui, et gladius gloriæ tuæ : negabunt te inimici tui, et tu eorum colla calcabis.
7-1	1576-1582	Scutum	
7-2	1583-1590	auxilii	
7-3	1591-1594	tui	
7-4	1594-1595	,	
7-5	1596-1598	et	
7-6	1599-1606	gladius	
7-7	1607-1613	gloriæ	
7-8	1614-1617	tuæ	
7-9	1618-1619	:	
7-10	1620-1628	negabunt	
7-11	1629-1631	te	
7-12	1632-1639	inimici	
7-13	1640-1643	tui	
7-14	1643-1644	,	
7-15	1645-1647	et	
7-16	1648-1650	tu	
7-17	1651-1656	eorum	
7-18	1657-1662	colla	
7-19	1663-1671	calcabis	
7-20	1671-1672	.	

#Text=Caput 34
#Text=
#Text=
#Text=1 Ascendit ergo Moyses de campestribus Moab super montem Nebo, in verticem Phasga contra Jericho : ostenditque ei Dominus omnem terram Galaad usque Dan, 2 et universum Nephthali, terramque Ephraim et Manasse, et omnem terram Juda usque ad mare novissimum, 3 et australem partem, et latitudinem campi Jericho civitatis palmarum usque Segor.
#Text=4 Dixitque Dominus ad eum : Hæc est terra, pro qua juravi Abraham, Isaac, et Jacob, dicens : Semini tuo dabo eam.
8-1	1673-1678	Caput	
8-2	1679-1681	34	
8-3	1684-1685	1	
8-4	1686-1694	Ascendit	
8-5	1695-1699	ergo	
8-6	1700-1706	Moyses	
8-7	1707-1709	de	
8-8	1710-1722	campestribus	
8-9	1723-1727	Moab	
8-10	1728-1733	super	
8-11	1734-1740	montem	
8-12	1741-1745	Nebo	
8-13	1745-1746	,	
8-14	1747-1749	in	
8-15	1750-1758	verticem	
8-16	1759-1765	Phasga	
8-17	1766-1772	contra	
8-18	1773-1780	Jericho	
8-19	1781-1782	:	
8-20	1783-1794	ostenditque	
8-21	1795-1797	ei	
8-22	1798-1805	Dominus	
8-23	1806-1811	omnem	
8-24	1812-1818	terram	
8-25	1819-1825	Galaad	
8-26	1826-1831	usque	
8-27	1832-1835	Dan	
8-28	1835-1836	,	
8-29	1837-1838	2	
8-30	1839-1841	et	
8-31	1842-1851	universum	
8-32	1852-1861	Nephthali	
8-33	1861-1862	,	
8-34	1863-1872	terramque	
8-35	1873-1880	Ephraim	
8-36	1881-1883	et	
8-37	1884-1891	Manasse	
8-38	1891-1892	,	
8-39	1893-1895	et	
8-40	1896-1901	omnem	
8-41	1902-1908	terram	
8-42	1909-1913	Juda	
8-43	1914-1919	usque	
8-44	1920-1922	ad	
8-45	1923-1927	mare	
8-46	1928-1938	novissimum	
8-47	1938-1939	,	
8-48	1940-1941	3	
8-49	1942-1944	et	
8-50	1945-1954	australem	
8-51	1955-1961	partem	
8-52	1961-1962	,	
8-53	1963-1965	et	
8-54	1966-1977	latitudinem	
8-55	1978-1983	campi	
8-56	1984-1991	Jericho	
8-57	1992-2001	civitatis	
8-58	2002-2010	palmarum	
8-59	2011-2016	usque	
8-60	2017-2022	Segor	
8-61	2022-2023	.	
8-62	2024-2025	4	
8-63	2026-2034	Dixitque	
8-64	2035-2042	Dominus	
8-65	2043-2045	ad	
8-66	2046-2049	eum	
8-67	2050-2051	:	
8-68	2052-2055	Hæc	
8-69	2056-2059	est	
8-70	2060-2065	terra	
8-71	2065-2066	,	
8-72	2067-2070	pro	
8-73	2071-2074	qua	
8-74	2075-2081	juravi	
8-75	2082-2089	Abraham	
8-76	2089-2090	,	
8-77	2091-2096	Isaac	
8-78	2096-2097	,	
8-79	2098-2100	et	
8-80	2101-2106	Jacob	
8-81	2106-2107	,	
8-82	2108-2114	dicens	
8-83	2115-2116	:	
8-84	2117-2123	Semini	
8-85	2124-2127	tuo	
8-86	2128-2132	dabo	
8-87	2133-2136	eam	
8-88	2136-2137	.	
