#FORMAT=WebAnno TSV 3.3


#Text=morsus tuus ero, inferne !
1-1	2-8	morsus	
1-2	9-13	tuus	
1-3	14-17	ero	
1-4	17-18	,	
1-5	19-26	inferne	
1-6	27-28	!	

#Text=consolatio abscondita est ab oculis meis.
#Text=15 Quia ipse inter fratres dividet : adducet urentem ventum Dominus de deserto ascendentem, et siccabit venas ejus, et desolabit fontem ejus : et ipse diripiet thesaurum omnis vasis desiderabilis.
2-1	29-39	consolatio	
2-2	40-50	abscondita	
2-3	51-54	est	
2-4	55-57	ab	
2-5	58-64	oculis	
2-6	65-69	meis	
2-7	69-70	.	
2-8	71-73	15	
2-9	74-78	Quia	
2-10	79-83	ipse	
2-11	84-89	inter	
2-12	90-97	fratres	
2-13	98-105	dividet	
2-14	106-107	:	
2-15	108-115	adducet	
2-16	116-123	urentem	
2-17	124-130	ventum	
2-18	131-138	Dominus	
2-19	139-141	de	
2-20	142-149	deserto	
2-21	150-161	ascendentem	
2-22	161-162	,	
2-23	163-165	et	
2-24	166-174	siccabit	
2-25	175-180	venas	
2-26	181-185	ejus	
2-27	185-186	,	
2-28	187-189	et	
2-29	190-199	desolabit	
2-30	200-206	fontem	
2-31	207-211	ejus	
2-32	212-213	:	
2-33	214-216	et	
2-34	217-221	ipse	
2-35	222-230	diripiet	
2-36	231-240	thesaurum	
2-37	241-246	omnis	
2-38	247-252	vasis	
2-39	253-266	desiderabilis	
2-40	266-267	.	

#Text=Caput 14
#Text=
#Text=
#Text=1 Pereat Samaria, quoniam ad amaritudinem concitavit Deum suum !
3-1	268-273	Caput	
3-2	274-276	14	
3-3	279-280	1	
3-4	281-287	Pereat	
3-5	288-295	Samaria	
3-6	295-296	,	
3-7	297-304	quoniam	
3-8	305-307	ad	
3-9	308-320	amaritudinem	
3-10	321-331	concitavit	
3-11	332-336	Deum	
3-12	337-341	suum	
3-13	342-343	!	

#Text=in gladio pereant, parvuli eorum elidantur, et fœtæ ejus discindantur !
4-1	344-346	in	
4-2	347-353	gladio	
4-3	354-361	pereant	
4-4	361-362	,	
4-5	363-370	parvuli	
4-6	371-376	eorum	
4-7	377-386	elidantur	
4-8	386-387	,	
4-9	388-390	et	
4-10	391-395	fœtæ	
4-11	396-400	ejus	
4-12	401-413	discindantur	
4-13	414-415	!	

#Text=2 Convertere, Israël, ad Dominum Deum tuum, quoniam corruisti in iniquitate tua.
#Text=3 Tollite vobiscum verba, et convertimini ad Dominum ; et dicite ei : Omnem aufer iniquitatem, accipe bonum, et reddemus vitulos labiorum nostrorum.
#Text=4 Assur non salvabit nos : super equum non ascendemus, nec dicemus ultra, Dii nostri opera manuum nostrarum : quia ejus, qui in te est, misereberis pupilli.
#Text=5 Sanabo contritiones eorum ; diligam eos spontanee : quia aversus est furor meus ab eis.
#Text=6 Ero quasi ros ; Israël germinabit sicut lilium, et erumpet radix ejus ut Libani.
#Text=7 Ibunt rami ejus, et erit quasi oliva gloria ejus, et odor ejus ut Libani.
#Text=8 Convertentur sedentes in umbra ejus ; vivent tritico, et germinabunt quasi vinea ; memoriale ejus sicut vinum Libani.
#Text=9 Ephraim, quid mihi ultra idola ?
5-1	416-417	2	
5-2	418-428	Convertere	
5-3	428-429	,	
5-4	430-436	Israël	
5-5	436-437	,	
5-6	438-440	ad	
5-7	441-448	Dominum	
5-8	449-453	Deum	
5-9	454-458	tuum	
5-10	458-459	,	
5-11	460-467	quoniam	
5-12	468-477	corruisti	
5-13	478-480	in	
5-14	481-491	iniquitate	
5-15	492-495	tua	
5-16	495-496	.	
5-17	497-498	3	
5-18	499-506	Tollite	
5-19	507-515	vobiscum	
5-20	516-521	verba	
5-21	521-522	,	
5-22	523-525	et	
5-23	526-538	convertimini	
5-24	539-541	ad	
5-25	542-549	Dominum	
5-26	550-551	;	
5-27	552-554	et	
5-28	555-561	dicite	
5-29	562-564	ei	
5-30	565-566	:	
5-31	567-572	Omnem	
5-32	573-578	aufer	
5-33	579-590	iniquitatem	
5-34	590-591	,	
5-35	592-598	accipe	
5-36	599-604	bonum	
5-37	604-605	,	
5-38	606-608	et	
5-39	609-617	reddemus	
5-40	618-625	vitulos	
5-41	626-634	labiorum	
5-42	635-644	nostrorum	
5-43	644-645	.	
5-44	646-647	4	
5-45	648-653	Assur	
5-46	654-657	non	
5-47	658-666	salvabit	
5-48	667-670	nos	
5-49	671-672	:	
5-50	673-678	super	
5-51	679-684	equum	
5-52	685-688	non	
5-53	689-699	ascendemus	
5-54	699-700	,	
5-55	701-704	nec	
5-56	705-712	dicemus	
5-57	713-718	ultra	
5-58	718-719	,	
5-59	720-723	Dii	
5-60	724-730	nostri	
5-61	731-736	opera	
5-62	737-743	manuum	
5-63	744-753	nostrarum	
5-64	754-755	:	
5-65	756-760	quia	
5-66	761-765	ejus	
5-67	765-766	,	
5-68	767-770	qui	
5-69	771-773	in	
5-70	774-776	te	
5-71	777-780	est	
5-72	780-781	,	
5-73	782-793	misereberis	
5-74	794-801	pupilli	
5-75	801-802	.	
5-76	803-804	5	
5-77	805-811	Sanabo	
5-78	812-824	contritiones	
5-79	825-830	eorum	
5-80	831-832	;	
5-81	833-840	diligam	
5-82	841-844	eos	
5-83	845-854	spontanee	
5-84	855-856	:	
5-85	857-861	quia	
5-86	862-869	aversus	
5-87	870-873	est	
5-88	874-879	furor	
5-89	880-884	meus	
5-90	885-887	ab	
5-91	888-891	eis	
5-92	891-892	.	
5-93	893-894	6	
5-94	895-898	Ero	
5-95	899-904	quasi	
5-96	905-908	ros	
5-97	909-910	;	
5-98	911-917	Israël	
5-99	918-928	germinabit	
5-100	929-934	sicut	
5-101	935-941	lilium	
5-102	941-942	,	
5-103	943-945	et	
5-104	946-953	erumpet	
5-105	954-959	radix	
5-106	960-964	ejus	
5-107	965-967	ut	
5-108	968-974	Libani	
5-109	974-975	.	
5-110	976-977	7	
5-111	978-983	Ibunt	
5-112	984-988	rami	
5-113	989-993	ejus	
5-114	993-994	,	
5-115	995-997	et	
5-116	998-1002	erit	
5-117	1003-1008	quasi	
5-118	1009-1014	oliva	
5-119	1015-1021	gloria	
5-120	1022-1026	ejus	
5-121	1026-1027	,	
5-122	1028-1030	et	
5-123	1031-1035	odor	
5-124	1036-1040	ejus	
5-125	1041-1043	ut	
5-126	1044-1050	Libani	
5-127	1050-1051	.	
5-128	1052-1053	8	
5-129	1054-1066	Convertentur	
5-130	1067-1075	sedentes	
5-131	1076-1078	in	
5-132	1079-1084	umbra	
5-133	1085-1089	ejus	
5-134	1090-1091	;	
5-135	1092-1098	vivent	
5-136	1099-1106	tritico	
5-137	1106-1107	,	
5-138	1108-1110	et	
5-139	1111-1122	germinabunt	
5-140	1123-1128	quasi	
5-141	1129-1134	vinea	
5-142	1135-1136	;	
5-143	1137-1146	memoriale	
5-144	1147-1151	ejus	
5-145	1152-1157	sicut	
5-146	1158-1163	vinum	
5-147	1164-1170	Libani	
5-148	1170-1171	.	
5-149	1172-1173	9	
5-150	1174-1181	Ephraim	
5-151	1181-1182	,	
5-152	1183-1187	quid	
5-153	1188-1192	mihi	
5-154	1193-1198	ultra	
5-155	1199-1204	idola	
5-156	1205-1206	?	

#Text=Ego exaudiam, et dirigam eum ego ut abietem virentem ; ex me fructus tuus inventus est.
#Text=10 Quis sapiens, et intelliget ista ?
6-1	1207-1210	Ego	
6-2	1211-1219	exaudiam	
6-3	1219-1220	,	
6-4	1221-1223	et	
6-5	1224-1231	dirigam	
6-6	1232-1235	eum	
6-7	1236-1239	ego	
6-8	1240-1242	ut	
6-9	1243-1250	abietem	
6-10	1251-1259	virentem	
6-11	1260-1261	;	
6-12	1262-1264	ex	
6-13	1265-1267	me	
6-14	1268-1275	fructus	
6-15	1276-1280	tuus	
6-16	1281-1289	inventus	
6-17	1290-1293	est	
6-18	1293-1294	.	
6-19	1295-1297	10	
6-20	1298-1302	Quis	
6-21	1303-1310	sapiens	
6-22	1310-1311	,	
6-23	1312-1314	et	
6-24	1315-1325	intelliget	
6-25	1326-1330	ista	
6-26	1331-1332	?	

#Text=intelligens, et sciet hæc ?
7-1	1333-1344	intelligens	
7-2	1344-1345	,	
7-3	1346-1348	et	
7-4	1349-1354	sciet	
7-5	1355-1358	hæc	
7-6	1359-1360	?	

#Text=quia rectæ viæ Domini, et justi ambulabunt in eis ; prævaricatores vero corruent in eis.
8-1	1361-1365	quia	
8-2	1366-1371	rectæ	
8-3	1372-1375	viæ	
8-4	1376-1382	Domini	
8-5	1382-1383	,	
8-6	1384-1386	et	
8-7	1387-1392	justi	
8-8	1393-1403	ambulabunt	
8-9	1404-1406	in	
8-10	1407-1410	eis	
8-11	1411-1412	;	
8-12	1413-1427	prævaricatores	
8-13	1428-1432	vero	
8-14	1433-1441	corruent	
8-15	1442-1444	in	
8-16	1445-1448	eis	
8-17	1448-1449	.	

#Text=Caput 1
#Text=
#Text=
#Text=1 Verbum Domini, quod factum est ad Joël, filium Phatuel.
#Text=2 Audite hoc, senes, et auribus percipite, omnes habitatores terræ : si factum est istud in diebus vestris, aut in diebus patrum vestrorum ?
9-1	1450-1455	Caput	
9-2	1456-1457	1	
9-3	1460-1461	1	
9-4	1462-1468	Verbum	
9-5	1469-1475	Domini	
9-6	1475-1476	,	
9-7	1477-1481	quod	
9-8	1482-1488	factum	
9-9	1489-1492	est	
9-10	1493-1495	ad	
9-11	1496-1500	Joël	
9-12	1500-1501	,	
9-13	1502-1508	filium	
9-14	1509-1516	Phatuel	
9-15	1516-1517	.	
9-16	1518-1519	2	
9-17	1520-1526	Audite	
9-18	1527-1530	hoc	
9-19	1530-1531	,	
9-20	1532-1537	senes	
9-21	1537-1538	,	
9-22	1539-1541	et	
9-23	1542-1549	auribus	
9-24	1550-1559	percipite	
9-25	1559-1560	,	
9-26	1561-1566	omnes	
9-27	1567-1578	habitatores	
9-28	1579-1584	terræ	
9-29	1585-1586	:	
9-30	1587-1589	si	
9-31	1590-1596	factum	
9-32	1597-1600	est	
9-33	1601-1606	istud	
9-34	1607-1609	in	
9-35	1610-1616	diebus	
9-36	1617-1624	vestris	
9-37	1624-1625	,	
9-38	1626-1629	aut	
9-39	1630-1632	in	
9-40	1633-1639	diebus	
9-41	1640-1646	patrum	
9-42	1647-1656	vestrorum	
9-43	1657-1658	?	

#Text=3 Super hoc filiis vestris narrate, et filii vestri filiis suis, et filii eorum generationi alteræ.
10-1	1659-1660	3	
10-2	1661-1666	Super	
10-3	1667-1670	hoc	
10-4	1671-1677	filiis	
10-5	1678-1685	vestris	
10-6	1686-1693	narrate	
10-7	1693-1694	,	
10-8	1695-1697	et	
10-9	1698-1703	filii	
10-10	1704-1710	vestri	
10-11	1711-1717	filiis	
10-12	1718-1722	suis	
10-13	1722-1723	,	
10-14	1724-1726	et	
10-15	1727-1732	filii	
10-16	1733-1738	eorum	
10-17	1739-1750	generationi	
10-18	1751-1757	alteræ	
10-19	1757-1758	.	
