#FORMAT=WebAnno TSV 3.3


#Text=Dit Weerglas toonde zeer klaar aan, dat de lucht zwaar, en in
#Text=evenwigt met het Kwikzilver was, want anderzins moest al de Kwik uit de
#Text=regtopstaande in de open pyp uitvloejen: maar de lucht op de Kwik in het bakje
#Text=drukkende, perst de Kwik hier uit in de pyp, tot dat de zwaarte van de Kwik met de
#Text=perssing der lucht in evenwigt zy.
1-1	2-5	Dit	
1-2	6-14	Weerglas	
1-3	15-21	toonde	
1-4	22-26	zeer	
1-5	27-32	klaar	
1-6	33-36	aan	
1-7	36-37	,	
1-8	38-41	dat	
1-9	42-44	de	
1-10	45-50	lucht	
1-11	51-56	zwaar	
1-12	56-57	,	
1-13	58-60	en	
1-14	61-63	in	
1-15	64-72	evenwigt	
1-16	73-76	met	
1-17	77-80	het	
1-18	81-91	Kwikzilver	
1-19	92-95	was	
1-20	95-96	,	
1-21	97-101	want	
1-22	102-111	anderzins	
1-23	112-117	moest	
1-24	118-120	al	
1-25	121-123	de	
1-26	124-128	Kwik	
1-27	129-132	uit	
1-28	133-135	de	
1-29	136-149	regtopstaande	
1-30	150-152	in	
1-31	153-155	de	
1-32	156-160	open	
1-33	161-164	pyp	
1-34	165-175	uitvloejen	
1-35	175-176	:	
1-36	177-181	maar	
1-37	182-184	de	
1-38	185-190	lucht	
1-39	191-193	op	
1-40	194-196	de	
1-41	197-201	Kwik	
1-42	202-204	in	
1-43	205-208	het	
1-44	209-214	bakje	
1-45	215-224	drukkende	
1-46	224-225	,	
1-47	226-231	perst	
1-48	232-234	de	
1-49	235-239	Kwik	
1-50	240-244	hier	
1-51	245-248	uit	
1-52	249-251	in	
1-53	252-254	de	
1-54	255-258	pyp	
1-55	258-259	,	
1-56	260-263	tot	
1-57	264-267	dat	
1-58	268-270	de	
1-59	271-278	zwaarte	
1-60	279-282	van	
1-61	283-285	de	
1-62	286-290	Kwik	
1-63	291-294	met	
1-64	295-297	de	
1-65	298-306	perssing	
1-66	307-310	der	
1-67	311-316	lucht	
1-68	317-319	in	
1-69	320-328	evenwigt	
1-70	329-331	zy	
1-71	331-332	.	

#Text=Dat dit besluit waar was, betoogde men aanstonds,
#Text=met dit Weerglas in een ander glas te sluiten; waar uit men lucht weerde, of wel
#Text=naderhand uitpompte;
#Text=ten eersten zag men dat dan al de Kwik uit de pyp liep;
#Text=en zo
#Text=ras de lucht wederom op de Kwik in het bakje perssen en werken mogt, rees de Kwik
#Text=in de pyp tot de vorige hoogte.
2-1	333-336	Dat	
2-2	337-340	dit	
2-3	341-348	besluit	
2-4	349-353	waar	
2-5	354-357	was	
2-6	357-358	,	
2-7	359-367	betoogde	
2-8	368-371	men	
2-9	372-381	aanstonds	
2-10	381-382	,	
2-11	383-386	met	
2-12	387-390	dit	
2-13	391-399	Weerglas	
2-14	400-402	in	
2-15	403-406	een	
2-16	407-412	ander	
2-17	413-417	glas	
2-18	418-420	te	
2-19	421-428	sluiten	
2-20	428-429	;	
2-21	430-434	waar	
2-22	435-438	uit	
2-23	439-442	men	
2-24	443-448	lucht	
2-25	449-455	weerde	
2-26	455-456	,	
2-27	457-459	of	
2-28	460-463	wel	
2-29	464-473	naderhand	
2-30	474-483	uitpompte	
2-31	483-484	;	
2-32	485-488	ten	
2-33	489-496	eersten	
2-34	497-500	zag	
2-35	501-504	men	
2-36	505-508	dat	
2-37	509-512	dan	
2-38	513-515	al	
2-39	516-518	de	
2-40	519-523	Kwik	
2-41	524-527	uit	
2-42	528-530	de	
2-43	531-534	pyp	
2-44	535-539	liep	
2-45	539-540	;	
2-46	541-543	en	
2-47	544-546	zo	
2-48	547-550	ras	
2-49	551-553	de	
2-50	554-559	lucht	
2-51	560-567	wederom	
2-52	568-570	op	
2-53	571-573	de	
2-54	574-578	Kwik	
2-55	579-581	in	
2-56	582-585	het	
2-57	586-591	bakje	
2-58	592-599	perssen	
2-59	600-602	en	
2-60	603-609	werken	
2-61	610-614	mogt	
2-62	614-615	,	
2-63	616-620	rees	
2-64	621-623	de	
2-65	624-628	Kwik	
2-66	629-631	in	
2-67	632-634	de	
2-68	635-638	pyp	
2-69	639-642	tot	
2-70	643-645	de	
2-71	646-652	vorige	
2-72	653-659	hoogte	
2-73	659-660	.	

#Text=Sommige Wysgeeren in Vrankryk, en naderhand in
#Text=andere landen, klommen met dit Weerglas op hooge bergen, waar door’er minder
#Text=lucht op de Kwik in het bakje stond re perssen;
#Text=zy bevonden ook dat de Kwik in de
#Text=pyp altoos lager stond, hoe zy hooger op de bergen klommen;
#Text=zo dat uit dit alles
#Text=zonneklaar bleek, dat de Lucht zwaar was, en wel net hoe zwaar zy was.
3-1	661-668	Sommige	
3-2	669-678	Wysgeeren	
3-3	679-681	in	
3-4	682-690	Vrankryk	
3-5	690-691	,	
3-6	692-694	en	
3-7	695-704	naderhand	
3-8	705-707	in	
3-9	708-714	andere	
3-10	715-721	landen	
3-11	721-722	,	
3-12	723-730	klommen	
3-13	731-734	met	
3-14	735-738	dit	
3-15	739-747	Weerglas	
3-16	748-750	op	
3-17	751-756	hooge	
3-18	757-763	bergen	
3-19	763-764	,	
3-20	765-769	waar	
3-21	770-774	door	
3-22	774-775	’	
3-23	775-777	er	
3-24	778-784	minder	
3-25	785-790	lucht	
3-26	791-793	op	
3-27	794-796	de	
3-28	797-801	Kwik	
3-29	802-804	in	
3-30	805-808	het	
3-31	809-814	bakje	
3-32	815-820	stond	
3-33	821-823	re	
3-34	824-831	perssen	
3-35	831-832	;	
3-36	833-835	zy	
3-37	836-844	bevonden	
3-38	845-848	ook	
3-39	849-852	dat	
3-40	853-855	de	
3-41	856-860	Kwik	
3-42	861-863	in	
3-43	864-866	de	
3-44	867-870	pyp	
3-45	871-877	altoos	
3-46	878-883	lager	
3-47	884-889	stond	
3-48	889-890	,	
3-49	891-894	hoe	
3-50	895-897	zy	
3-51	898-904	hooger	
3-52	905-907	op	
3-53	908-910	de	
3-54	911-917	bergen	
3-55	918-925	klommen	
3-56	925-926	;	
3-57	927-929	zo	
3-58	930-933	dat	
3-59	934-937	uit	
3-60	938-941	dit	
3-61	942-947	alles	
3-62	948-958	zonneklaar	
3-63	959-964	bleek	
3-64	964-965	,	
3-65	966-969	dat	
3-66	970-972	de	
3-67	973-978	Lucht	
3-68	979-984	zwaar	
3-69	985-988	was	
3-70	988-989	,	
3-71	990-992	en	
3-72	993-996	wel	
3-73	997-1000	net	
3-74	1001-1004	hoe	
3-75	1005-1010	zwaar	
3-76	1011-1013	zy	
3-77	1014-1017	was	
3-78	1017-1018	.	

#Text=De zwaarte der lucht wierdt van de Wysgeeren, aanhangers van Aristoteles, in
#Text=dien tyd hevig ontkend, zo dat door dit Werktuig dat soort van Wysbegeerte, geen
#Text=kleine krak kreeg.
4-1	1021-1023	De	
4-2	1024-1031	zwaarte	
4-3	1032-1035	der	
4-4	1036-1041	lucht	
4-5	1042-1048	wierdt	
4-6	1049-1052	van	
4-7	1053-1055	de	
4-8	1056-1065	Wysgeeren	
4-9	1065-1066	,	
4-10	1067-1077	aanhangers	
4-11	1078-1081	van	
4-12	1082-1093	Aristoteles	
4-13	1093-1094	,	
4-14	1095-1097	in	
4-15	1098-1102	dien	
4-16	1103-1106	tyd	
4-17	1107-1112	hevig	
4-18	1113-1120	ontkend	
4-19	1120-1121	,	
4-20	1122-1124	zo	
4-21	1125-1128	dat	
4-22	1129-1133	door	
4-23	1134-1137	dit	
4-24	1138-1146	Werktuig	
4-25	1147-1150	dat	
4-26	1151-1156	soort	
4-27	1157-1160	van	
4-28	1161-1172	Wysbegeerte	
4-29	1172-1173	,	
4-30	1174-1178	geen	
4-31	1179-1185	kleine	
4-32	1186-1190	krak	
4-33	1191-1196	kreeg	
4-34	1196-1197	.	

#Text=Het zeggen, dat de Lucht zwaar was, van den Grooten Gallileus,
#Text=tegen wien de verwoede vervolgingen der Aristotelischen nog te vers in het geheugen
#Text=waren, werd nu voor het oog bevestigd, en ontegenzeggelyk bewezen.
5-1	1198-1201	Het	
5-2	1202-1208	zeggen	
5-3	1208-1209	,	
5-4	1210-1213	dat	
5-5	1214-1216	de	
5-6	1217-1222	Lucht	
5-7	1223-1228	zwaar	
5-8	1229-1232	was	
5-9	1232-1233	,	
5-10	1234-1237	van	
5-11	1238-1241	den	
5-12	1242-1249	Grooten	
5-13	1250-1259	Gallileus	
5-14	1259-1260	,	
5-15	1261-1266	tegen	
5-16	1267-1271	wien	
5-17	1272-1274	de	
5-18	1275-1283	verwoede	
5-19	1284-1296	vervolgingen	
5-20	1297-1300	der	
5-21	1301-1316	Aristotelischen	
5-22	1317-1320	nog	
5-23	1321-1323	te	
5-24	1324-1328	vers	
5-25	1329-1331	in	
5-26	1332-1335	het	
5-27	1336-1344	geheugen	
5-28	1345-1350	waren	
5-29	1350-1351	,	
5-30	1352-1356	werd	
5-31	1357-1359	nu	
5-32	1360-1364	voor	
5-33	1365-1368	het	
5-34	1369-1372	oog	
5-35	1373-1382	bevestigd	
5-36	1382-1383	,	
5-37	1384-1386	en	
5-38	1387-1402	ontegenzeggelyk	
5-39	1403-1410	bewezen	
5-40	1410-1411	.	

#Text=De wonderlyke
#Text=verschynsels ontrent de veranderingen in de hoogte van de Kwik in de pyp op
#Text=vesscheide tyden: en de vaste gevolgen en besluiten, dat in het holle deel der pyp
#Text=boven het Kwikzilver geen lucht kon zyn, maar dat daar noodzakelyk een Ydel moest
#Text=wezen, het welk ook van Aristoteles ontkend was, zettede de Geleerden aan, om
#Text=nieuwe ontdekkingen te doen, om het slaafsche juk van te moeten blyven by het geen
#Text=Aristoteles, of zyne aanhangers slegts gezegd hadden, af te schudden, en om de
#Text=Natuur en hare werkingen zelf na te gaan; waar door het Weerglas een voorname
#Text=
#Text=M.
6-1	1412-1414	De	
6-2	1415-1425	wonderlyke	
6-3	1426-1438	verschynsels	
6-4	1439-1446	ontrent	
6-5	1447-1449	de	
6-6	1450-1463	veranderingen	
6-7	1464-1466	in	
6-8	1467-1469	de	
6-9	1470-1476	hoogte	
6-10	1477-1480	van	
6-11	1481-1483	de	
6-12	1484-1488	Kwik	
6-13	1489-1491	in	
6-14	1492-1494	de	
6-15	1495-1498	pyp	
6-16	1499-1501	op	
6-17	1502-1512	vesscheide	
6-18	1513-1518	tyden	
6-19	1518-1519	:	
6-20	1520-1522	en	
6-21	1523-1525	de	
6-22	1526-1531	vaste	
6-23	1532-1540	gevolgen	
6-24	1541-1543	en	
6-25	1544-1553	besluiten	
6-26	1553-1554	,	
6-27	1555-1558	dat	
6-28	1559-1561	in	
6-29	1562-1565	het	
6-30	1566-1571	holle	
6-31	1572-1576	deel	
6-32	1577-1580	der	
6-33	1581-1584	pyp	
6-34	1585-1590	boven	
6-35	1591-1594	het	
6-36	1595-1605	Kwikzilver	
6-37	1606-1610	geen	
6-38	1611-1616	lucht	
6-39	1617-1620	kon	
6-40	1621-1624	zyn	
6-41	1624-1625	,	
6-42	1626-1630	maar	
6-43	1631-1634	dat	
6-44	1635-1639	daar	
6-45	1640-1651	noodzakelyk	
6-46	1652-1655	een	
6-47	1656-1660	Ydel	
6-48	1661-1666	moest	
6-49	1667-1672	wezen	
6-50	1672-1673	,	
6-51	1674-1677	het	
6-52	1678-1682	welk	
6-53	1683-1686	ook	
6-54	1687-1690	van	
6-55	1691-1702	Aristoteles	
6-56	1703-1710	ontkend	
6-57	1711-1714	was	
6-58	1714-1715	,	
6-59	1716-1723	zettede	
6-60	1724-1726	de	
6-61	1727-1736	Geleerden	
6-62	1737-1740	aan	
6-63	1740-1741	,	
6-64	1742-1744	om	
6-65	1745-1751	nieuwe	
6-66	1752-1764	ontdekkingen	
6-67	1765-1767	te	
6-68	1768-1772	doen	
6-69	1772-1773	,	
6-70	1774-1776	om	
6-71	1777-1780	het	
6-72	1781-1790	slaafsche	
6-73	1791-1794	juk	
6-74	1795-1798	van	
6-75	1799-1801	te	
6-76	1802-1808	moeten	
6-77	1809-1815	blyven	
6-78	1816-1818	by	
6-79	1819-1822	het	
6-80	1823-1827	geen	
6-81	1828-1839	Aristoteles	
6-82	1839-1840	,	
6-83	1841-1843	of	
6-84	1844-1848	zyne	
6-85	1849-1859	aanhangers	
6-86	1860-1866	slegts	
6-87	1867-1873	gezegd	
6-88	1874-1880	hadden	
6-89	1880-1881	,	
6-90	1882-1884	af	
6-91	1885-1887	te	
6-92	1888-1896	schudden	
6-93	1896-1897	,	
6-94	1898-1900	en	
6-95	1901-1903	om	
6-96	1904-1906	de	
6-97	1907-1913	Natuur	
6-98	1914-1916	en	
6-99	1917-1921	hare	
6-100	1922-1931	werkingen	
6-101	1932-1936	zelf	
6-102	1937-1939	na	
6-103	1940-1942	te	
6-104	1943-1947	gaan	
6-105	1947-1948	;	
6-106	1949-1953	waar	
6-107	1954-1958	door	
6-108	1959-1962	het	
6-109	1963-1971	Weerglas	
6-110	1972-1975	een	
6-111	1976-1984	voorname	
6-112	1986-1987	M	
6-113	1987-1988	.	

#Text=Noel Chomel, Huishoudelyk woordboek
#Text=
#Text=\foorzaak van de verbeteringen en voortzettingen niet alleen der Natuurkunde, maar
#Text=van de gantse Wysbegeerte geworden is, welke nu door de treffelyke Newton en
#Text=Locke tot een hoogen trap gekomen, en op vaste gronden gebragt is.
7-1	1989-1993	Noel	
7-2	1994-2000	Chomel	
7-3	2000-2001	,	
7-4	2002-2014	Huishoudelyk	
7-5	2015-2024	woordboek	
7-6	2027-2034	oorzaak	
7-7	2035-2038	van	
7-8	2039-2041	de	
7-9	2042-2055	verbeteringen	
7-10	2056-2058	en	
7-11	2059-2073	voortzettingen	
7-12	2074-2078	niet	
7-13	2079-2085	alleen	
7-14	2086-2089	der	
7-15	2090-2101	Natuurkunde	
7-16	2101-2102	,	
7-17	2103-2107	maar	
7-18	2108-2111	van	
7-19	2112-2114	de	
7-20	2115-2121	gantse	
7-21	2122-2133	Wysbegeerte	
7-22	2134-2142	geworden	
7-23	2143-2145	is	
7-24	2145-2146	,	
7-25	2147-2152	welke	
7-26	2153-2155	nu	
7-27	2156-2160	door	
7-28	2161-2163	de	
7-29	2164-2174	treffelyke	
7-30	2175-2181	Newton	
7-31	2182-2184	en	
7-32	2185-2190	Locke	
7-33	2191-2194	tot	
7-34	2195-2198	een	
7-35	2199-2205	hoogen	
7-36	2206-2210	trap	
7-37	2211-2218	gekomen	
7-38	2218-2219	,	
7-39	2220-2222	en	
7-40	2223-2225	op	
7-41	2226-2231	vaste	
7-42	2232-2239	gronden	
7-43	2240-2247	gebragt	
7-44	2248-2250	is	
7-45	2250-2251	.	

#Text=Men begon in Italien en Vrankryk verscheide soorten van lighamen in het bovenste
#Text=van de Kwikpyp te sluiten, om de veranderingen te onderzoeken, welke dezelke, in
#Text=het Ydel komende, ondergaan zouden, of wat voor verschynsels’er dan mogten
#Text=voorkomen:
#Text=de grote moeiten, welke men om dit te doen, ontmoette, heeft de eerste
#Text=gelegentheid tot het uitdenken en maken van Luchtpompen gegeven.
8-1	2254-2257	Men	
8-2	2258-2263	begon	
8-3	2264-2266	in	
8-4	2267-2274	Italien	
8-5	2275-2277	en	
8-6	2278-2286	Vrankryk	
8-7	2287-2297	verscheide	
8-8	2298-2305	soorten	
8-9	2306-2309	van	
8-10	2310-2318	lighamen	
8-11	2319-2321	in	
8-12	2322-2325	het	
8-13	2326-2334	bovenste	
8-14	2335-2338	van	
8-15	2339-2341	de	
8-16	2342-2349	Kwikpyp	
8-17	2350-2352	te	
8-18	2353-2360	sluiten	
8-19	2360-2361	,	
8-20	2362-2364	om	
8-21	2365-2367	de	
8-22	2368-2381	veranderingen	
8-23	2382-2384	te	
8-24	2385-2396	onderzoeken	
8-25	2396-2397	,	
8-26	2398-2403	welke	
8-27	2404-2411	dezelke	
8-28	2411-2412	,	
8-29	2413-2415	in	
8-30	2416-2419	het	
8-31	2420-2424	Ydel	
8-32	2425-2432	komende	
8-33	2432-2433	,	
8-34	2434-2443	ondergaan	
8-35	2444-2450	zouden	
8-36	2450-2451	,	
8-37	2452-2454	of	
8-38	2455-2458	wat	
8-39	2459-2463	voor	
8-40	2464-2476	verschynsels	
8-41	2476-2477	’	
8-42	2477-2479	er	
8-43	2480-2483	dan	
8-44	2484-2490	mogten	
8-45	2491-2500	voorkomen	
8-46	2500-2501	:	
8-47	2502-2504	de	
8-48	2505-2510	grote	
8-49	2511-2518	moeiten	
8-50	2518-2519	,	
8-51	2520-2525	welke	
8-52	2526-2529	men	
8-53	2530-2532	om	
8-54	2533-2536	dit	
8-55	2537-2539	te	
8-56	2540-2544	doen	
8-57	2544-2545	,	
8-58	2546-2555	ontmoette	
8-59	2555-2556	,	
8-60	2557-2562	heeft	
8-61	2563-2565	de	
8-62	2566-2572	eerste	
8-63	2573-2585	gelegentheid	
8-64	2586-2589	tot	
8-65	2590-2593	het	
8-66	2594-2603	uitdenken	
8-67	2604-2606	en	
8-68	2607-2612	maken	
8-69	2613-2616	van	
8-70	2617-2628	Luchtpompen	
8-71	2629-2636	gegeven	
8-72	2636-2637	.	

#Text=Het Kwikzilver klimt in het Weerglas op verscheide tyden tot verscheide hoogten.
9-1	2640-2643	Het	
9-2	2644-2654	Kwikzilver	
9-3	2655-2660	klimt	
9-4	2661-2663	in	
9-5	2664-2667	het	
9-6	2668-2676	Weerglas	
9-7	2677-2679	op	
9-8	2680-2690	verscheide	
9-9	2691-2696	tyden	
9-10	2697-2700	tot	
9-11	2701-2711	verscheide	
9-12	2712-2719	hoogten	
9-13	2719-2720	.	

#Text=Alhier in Nederland heeft men de grootste laagte bespeurt op 27 en een zesde
#Text=Rhynlandse duimen, en de grootste hoogte op 29 en drievierde duimen;
#Text=zo dat de
#Text=gantse verandering van het Kwikzilver in een gemeen Weerglas, tot nog toe, binnen
#Text=de palen van 3 duimen gebleven is.
10-1	2722-2728	Alhier	
10-2	2729-2731	in	
10-3	2732-2741	Nederland	
10-4	2742-2747	heeft	
10-5	2748-2751	men	
10-6	2752-2754	de	
10-7	2755-2763	grootste	
10-8	2764-2770	laagte	
10-9	2771-2779	bespeurt	
10-10	2780-2782	op	
10-11	2783-2785	27	
10-12	2786-2788	en	
10-13	2789-2792	een	
10-14	2793-2798	zesde	
10-15	2799-2809	Rhynlandse	
10-16	2810-2816	duimen	
10-17	2816-2817	,	
10-18	2818-2820	en	
10-19	2821-2823	de	
10-20	2824-2832	grootste	
10-21	2833-2839	hoogte	
10-22	2840-2842	op	
10-23	2843-2845	29	
10-24	2846-2848	en	
10-25	2849-2859	drievierde	
10-26	2860-2866	duimen	
10-27	2866-2867	;	
10-28	2868-2870	zo	
10-29	2871-2874	dat	
10-30	2875-2877	de	
10-31	2878-2884	gantse	
10-32	2885-2896	verandering	
10-33	2897-2900	van	
10-34	2901-2904	het	
10-35	2905-2915	Kwikzilver	
10-36	2916-2918	in	
10-37	2919-2922	een	
10-38	2923-2929	gemeen	
10-39	2930-2938	Weerglas	
10-40	2938-2939	,	
10-41	2940-2943	tot	
10-42	2944-2947	nog	
10-43	2948-2951	toe	
10-44	2951-2952	,	
10-45	2953-2959	binnen	
10-46	2960-2962	de	
10-47	2963-2968	palen	
10-48	2969-2972	van	
10-49	2973-2974	3	
10-50	2975-2981	duimen	
10-51	2982-2990	gebleven	
10-52	2991-2993	is	
10-53	2993-2994	.	

#Text=Doch, zodanige verandering is over den geheelen
#Text=aardbodem niet eveneens, want in de Landen tussen de twe Keerkringen ingelegen,
#Text=is zy veel kleiner, ja minder dan een duim, en in de landen buiten de Keerkingen
#Text=wordt zy grooter: maar, of men haar nog grooter dan by ons in vele Noordelyker
#Text=landen bevinden zal, moet men door den volgenden tyd en door waarnemingen
#Text=ontdekken en leeren.
11-1	2995-2999	Doch	
11-2	2999-3000	,	
11-3	3001-3009	zodanige	
11-4	3010-3021	verandering	
11-5	3022-3024	is	
11-6	3025-3029	over	
11-7	3030-3033	den	
11-8	3034-3042	geheelen	
11-9	3043-3052	aardbodem	
11-10	3053-3057	niet	
11-11	3058-3066	eveneens	
11-12	3066-3067	,	
11-13	3068-3072	want	
11-14	3073-3075	in	
11-15	3076-3078	de	
11-16	3079-3085	Landen	
11-17	3086-3092	tussen	
11-18	3093-3095	de	
11-19	3096-3099	twe	
11-20	3100-3111	Keerkringen	
11-21	3112-3121	ingelegen	
11-22	3121-3122	,	
11-23	3123-3125	is	
11-24	3126-3128	zy	
11-25	3129-3133	veel	
11-26	3134-3141	kleiner	
11-27	3141-3142	,	
11-28	3143-3145	ja	
11-29	3146-3152	minder	
11-30	3153-3156	dan	
11-31	3157-3160	een	
11-32	3161-3165	duim	
11-33	3165-3166	,	
11-34	3167-3169	en	
11-35	3170-3172	in	
11-36	3173-3175	de	
11-37	3176-3182	landen	
11-38	3183-3189	buiten	
11-39	3190-3192	de	
11-40	3193-3203	Keerkingen	
11-41	3204-3209	wordt	
11-42	3210-3212	zy	
11-43	3213-3220	grooter	
11-44	3220-3221	:	
11-45	3222-3226	maar	
11-46	3226-3227	,	
11-47	3228-3230	of	
11-48	3231-3234	men	
11-49	3235-3239	haar	
11-50	3240-3243	nog	
11-51	3244-3251	grooter	
11-52	3252-3255	dan	
11-53	3256-3258	by	
11-54	3259-3262	ons	
11-55	3263-3265	in	
11-56	3266-3270	vele	
11-57	3271-3282	Noordelyker	
11-58	3283-3289	landen	
11-59	3290-3298	bevinden	
11-60	3299-3302	zal	
11-61	3302-3303	,	
11-62	3304-3308	moet	
11-63	3309-3312	men	
11-64	3313-3317	door	
11-65	3318-3321	den	
11-66	3322-3331	volgenden	
11-67	3332-3335	tyd	
11-68	3336-3338	en	
11-69	3339-3343	door	
11-70	3344-3356	waarnemingen	
11-71	3357-3366	ontdekken	
11-72	3367-3369	en	
11-73	3370-3376	leeren	
11-74	3376-3377	.	

#Text=Na dat men de verscheide hoogte van de Kwik op verscheide
#Text=tyden had bevonden, heeft men gaan gelooven, dat de verandering der zwaarte in de
#Text=lucht, welke deze verscheide hoogre van het Kwik veroorzaakt, ook de oorzaak van
#Text=verandering in het weer, zo in mooy als slegt, in windig en stil, in droog en nat,
#Text=maakte.
12-1	3378-3380	Na	
12-2	3381-3384	dat	
12-3	3385-3388	men	
12-4	3389-3391	de	
12-5	3392-3402	verscheide	
12-6	3403-3409	hoogte	
12-7	3410-3413	van	
12-8	3414-3416	de	
12-9	3417-3421	Kwik	
12-10	3422-3424	op	
12-11	3425-3435	verscheide	
12-12	3436-3441	tyden	
12-13	3442-3445	had	
12-14	3446-3454	bevonden	
12-15	3454-3455	,	
12-16	3456-3461	heeft	
12-17	3462-3465	men	
12-18	3466-3470	gaan	
12-19	3471-3479	gelooven	
12-20	3479-3480	,	
12-21	3481-3484	dat	
12-22	3485-3487	de	
12-23	3488-3499	verandering	
12-24	3500-3503	der	
12-25	3504-3511	zwaarte	
12-26	3512-3514	in	
12-27	3515-3517	de	
12-28	3518-3523	lucht	
12-29	3523-3524	,	
12-30	3525-3530	welke	
12-31	3531-3535	deze	
12-32	3536-3546	verscheide	
12-33	3547-3553	hoogre	
12-34	3554-3557	van	
12-35	3558-3561	het	
12-36	3562-3566	Kwik	
12-37	3567-3578	veroorzaakt	
12-38	3578-3579	,	
12-39	3580-3583	ook	
12-40	3584-3586	de	
12-41	3587-3594	oorzaak	
12-42	3595-3598	van	
12-43	3599-3610	verandering	
12-44	3611-3613	in	
12-45	3614-3617	het	
12-46	3618-3622	weer	
12-47	3622-3623	,	
12-48	3624-3626	zo	
12-49	3627-3629	in	
12-50	3630-3634	mooy	
12-51	3635-3638	als	
12-52	3639-3644	slegt	
12-53	3644-3645	,	
12-54	3646-3648	in	
12-55	3649-3655	windig	
12-56	3656-3658	en	
12-57	3659-3663	stil	
12-58	3663-3664	,	
12-59	3665-3667	in	
12-60	3668-3673	droog	
12-61	3674-3676	en	
12-62	3677-3680	nat	
12-63	3680-3681	,	
12-64	3682-3688	maakte	
12-65	3688-3689	.	
