#FORMAT=WebAnno TSV 3.3


#Text=Haec ipfa vero amplioribus discutiamus, vt videamus, num certi quid haec methodus polliceatur.
1-1	2-6	Haec	
1-2	7-11	ipfa	
1-3	12-16	vero	
1-4	17-28	amplioribus	
1-5	29-40	discutiamus	
1-6	40-41	,	
1-7	42-44	vt	
1-8	45-53	videamus	
1-9	53-54	,	
1-10	55-58	num	
1-11	59-64	certi	
1-12	65-69	quid	
1-13	70-74	haec	
1-14	75-83	methodus	
1-15	84-95	polliceatur	
1-16	95-96	.	

#Text=Primum fuit, odorum naturam eruere, dum cum fapore, quatenus quidem ex chemia cognofcitur, confertur.
2-1	97-103	Primum	
2-2	104-108	fuit	
2-3	108-109	,	
2-4	110-116	odorum	
2-5	117-124	naturam	
2-6	125-131	eruere	
2-7	131-132	,	
2-8	133-136	dum	
2-9	137-140	cum	
2-10	141-147	fapore	
2-11	147-148	,	
2-12	149-157	quatenus	
2-13	158-164	quidem	
2-14	165-167	ex	
2-15	168-174	chemia	
2-16	175-186	cognofcitur	
2-17	186-187	,	
2-18	188-197	confertur	
2-19	197-198	.	

#Text=Odoris E. nerui si odorem percipiunt, sentiunt quid, i. e. qualitas quaedam volatilis cuiusdam corpusculi fluido nerueo neruorum olfa
#Text=
#Text=toriorum inprimitur, et per hoc ánimo ir fensorio communi repraesentatur: haec qualitas nil aliud effe poteft, nifi id quod in vltima particula distingui potest et haec est forma et figura corpufculi.
3-1	199-205	Odoris	
3-2	206-207	E	
3-3	207-208	.	
3-4	209-214	nerui	
3-5	215-217	si	
3-6	218-224	odorem	
3-7	225-235	percipiunt	
3-8	235-236	,	
3-9	237-245	sentiunt	
3-10	246-250	quid	
3-11	250-251	,	
3-12	252-253	i	
3-13	253-254	.	
3-14	255-256	e	
3-15	256-257	.	
3-16	258-266	qualitas	
3-17	267-274	quaedam	
3-18	275-284	volatilis	
3-19	285-293	cuiusdam	
3-20	294-304	corpusculi	
3-21	305-311	fluido	
3-22	312-318	nerueo	
3-23	319-327	neruorum	
3-24	328-332	olfa	
3-25	334-342	toriorum	
3-26	343-353	inprimitur	
3-27	353-354	,	
3-28	355-357	et	
3-29	358-361	per	
3-30	362-365	hoc	
3-31	366-371	ánimo	
3-32	372-374	ir	
3-33	375-383	fensorio	
3-34	384-391	communi	
3-35	392-406	repraesentatur	
3-36	406-407	:	
3-37	408-412	haec	
3-38	413-421	qualitas	
3-39	422-425	nil	
3-40	426-431	aliud	
3-41	432-436	effe	
3-42	437-443	poteft	
3-43	443-444	,	
3-44	445-449	nifi	
3-45	450-452	id	
3-46	453-457	quod	
3-47	458-460	in	
3-48	461-467	vltima	
3-49	468-477	particula	
3-50	478-487	distingui	
3-51	488-494	potest	
3-52	495-497	et	
3-53	498-502	haec	
3-54	503-506	est	
3-55	507-512	forma	
3-56	513-515	et	
3-57	516-522	figura	
3-58	523-533	corpufculi	
3-59	533-534	.	

#Text=Neque vero tamen id volumus, vt figuram determinatam accipiamus sed formam, quae pro diuerfitate mixtionis vltimarum particularum scilicet falis, terrae , aquae et inflammabilis principii multiplex effe potest, et vel talis est, quae fimul a faporis neruis diiudicari poteft yel talis, quae fi hos neruos fugit, tamen ex analyfi chemica conclu
#Text=
#Text=di di poteft.
4-1	535-540	Neque	
4-2	541-545	vero	
4-3	546-551	tamen	
4-4	552-554	id	
4-5	555-562	volumus	
4-6	562-563	,	
4-7	564-566	vt	
4-8	567-574	figuram	
4-9	575-587	determinatam	
4-10	588-598	accipiamus	
4-11	599-602	sed	
4-12	603-609	formam	
4-13	609-610	,	
4-14	611-615	quae	
4-15	616-619	pro	
4-16	620-631	diuerfitate	
4-17	632-641	mixtionis	
4-18	642-651	vltimarum	
4-19	652-664	particularum	
4-20	665-673	scilicet	
4-21	674-679	falis	
4-22	679-680	,	
4-23	681-687	terrae	
4-24	688-689	,	
4-25	690-695	aquae	
4-26	696-698	et	
4-27	699-712	inflammabilis	
4-28	713-722	principii	
4-29	723-732	multiplex	
4-30	733-737	effe	
4-31	738-744	potest	
4-32	744-745	,	
4-33	746-748	et	
4-34	749-752	vel	
4-35	753-758	talis	
4-36	759-762	est	
4-37	762-763	,	
4-38	764-768	quae	
4-39	769-774	fimul	
4-40	775-776	a	
4-41	777-784	faporis	
4-42	785-791	neruis	
4-43	792-802	diiudicari	
4-44	803-809	poteft	
4-45	810-813	yel	
4-46	814-819	talis	
4-47	819-820	,	
4-48	821-825	quae	
4-49	826-828	fi	
4-50	829-832	hos	
4-51	833-839	neruos	
4-52	840-845	fugit	
4-53	845-846	,	
4-54	847-852	tamen	
4-55	853-855	ex	
4-56	856-863	analyfi	
4-57	864-871	chemica	
4-58	872-878	conclu	
4-59	880-882	di	
4-60	883-885	di	
4-61	886-892	poteft	
4-62	892-893	.	

#Text=Exemplis haec probare e re'erit: Perpetuum aliquid eft, quod quae acidi faporis fint, acidum quoque odorem fpirent, et quidem odor aeque diuersus est, ac fapor.
5-1	894-902	Exemplis	
5-2	903-907	haec	
5-3	908-915	probare	
5-4	916-917	e	
5-5	918-925	re'erit	
5-6	925-926	:	
5-7	927-936	Perpetuum	
5-8	937-944	aliquid	
5-9	945-948	eft	
5-10	948-949	,	
5-11	950-954	quod	
5-12	955-959	quae	
5-13	960-965	acidi	
5-14	966-973	faporis	
5-15	974-978	fint	
5-16	978-979	,	
5-17	980-986	acidum	
5-18	987-993	quoque	
5-19	994-1000	odorem	
5-20	1001-1008	fpirent	
5-21	1008-1009	,	
5-22	1010-1012	et	
5-23	1013-1019	quidem	
5-24	1020-1024	odor	
5-25	1025-1030	aeque	
5-26	1031-1039	diuersus	
5-27	1040-1043	est	
5-28	1043-1044	,	
5-29	1045-1047	ac	
5-30	1048-1053	fapor	
5-31	1053-1054	.	

#Text=Acetum cereuisiae non tam acriter odoris neruos vellicat quam quidem acetum vini : fed nonne idem in sapore fit ?
6-1	1055-1061	Acetum	
6-2	1062-1072	cereuisiae	
6-3	1073-1076	non	
6-4	1077-1080	tam	
6-5	1081-1088	acriter	
6-6	1089-1095	odoris	
6-7	1096-1102	neruos	
6-8	1103-1111	vellicat	
6-9	1112-1116	quam	
6-10	1117-1123	quidem	
6-11	1124-1130	acetum	
6-12	1131-1135	vini	
6-13	1136-1137	:	
6-14	1138-1141	fed	
6-15	1142-1147	nonne	
6-16	1148-1152	idem	
6-17	1153-1155	in	
6-18	1156-1162	sapore	
6-19	1163-1166	fit	
6-20	1167-1168	?	

#Text=Et quis non citri odorem acido.. muci: laginofum fimul et olfacere et degastare potest?
7-1	1169-1171	Et	
7-2	1172-1176	quis	
7-3	1177-1180	non	
7-4	1181-1186	citri	
7-5	1187-1193	odorem	
7-6	1194-1199	acido	
7-7	1199-1200	.	
7-8	1200-1201	.	
7-9	1202-1206	muci	
7-10	1206-1207	:	
7-11	1208-1217	laginofum	
7-12	1218-1223	fimul	
7-13	1224-1226	et	
7-14	1227-1235	olfacere	
7-15	1236-1238	et	
7-16	1239-1248	degastare	
7-17	1249-1255	potest	
7-18	1255-1256	?	

#Text=Idem difcrimen faepius in fpiritu tartari deprehendi, fcilicet acido - empyreumati.
#Text=cum oleofum odorem et saporem.
8-1	1257-1261	Idem	
8-2	1262-1271	difcrimen	
8-3	1272-1279	faepius	
8-4	1280-1282	in	
8-5	1283-1290	fpiritu	
8-6	1291-1298	tartari	
8-7	1299-1309	deprehendi	
8-8	1309-1310	,	
8-9	1311-1319	fcilicet	
8-10	1320-1325	acido	
8-11	1326-1327	-	
8-12	1328-1339	empyreumati	
8-13	1339-1340	.	
8-14	1341-1344	cum	
8-15	1345-1352	oleofum	
8-16	1353-1359	odorem	
8-17	1360-1362	et	
8-18	1363-1370	saporem	
8-19	1370-1371	.	

#Text=Alia vero quoque
#Text=
#Text=in promtu funt.
9-1	1372-1376	Alia	
9-2	1377-1381	vero	
9-3	1382-1388	quoque	
9-4	1390-1392	in	
9-5	1393-1399	promtu	
9-6	1400-1404	funt	
9-7	1404-1405	.	

#Text=Abfinthii amaritiem quilibet et gustu et odorata percipere poteft.
10-1	1406-1415	Abfinthii	
10-2	1416-1425	amaritiem	
10-3	1426-1434	quilibet	
10-4	1435-1437	et	
10-5	1438-1443	gustu	
10-6	1444-1446	et	
10-7	1447-1454	odorata	
10-8	1455-1464	percipere	
10-9	1465-1471	poteft	
10-10	1471-1472	.	

#Text=Idem in carduo benedicto aliisque amaris, quae amaritiem volatilem habent contingit e. g. in trifolio fibrino, fumaria.
11-1	1473-1477	Idem	
11-2	1478-1480	in	
11-3	1481-1487	carduo	
11-4	1488-1497	benedicto	
11-5	1498-1506	aliisque	
11-6	1507-1513	amaris	
11-7	1513-1514	,	
11-8	1515-1519	quae	
11-9	1520-1529	amaritiem	
11-10	1530-1539	volatilem	
11-11	1540-1546	habent	
11-12	1547-1556	contingit	
11-13	1557-1558	e	
11-14	1558-1559	.	
11-15	1560-1561	g	
11-16	1561-1562	.	
11-17	1563-1565	in	
11-18	1566-1574	trifolio	
11-19	1575-1582	fibrino	
11-20	1582-1583	,	
11-21	1584-1591	fumaria	
11-22	1591-1592	.	

#Text=Sed quae multum terrae figentis habent e. g. gentianae rad.
#Text=marrubium, hanc ipfam, fi volatilis redditur in odore oftendunt.
12-1	1593-1596	Sed	
12-2	1597-1601	quae	
12-3	1602-1608	multum	
12-4	1609-1615	terrae	
12-5	1616-1624	figentis	
12-6	1625-1631	habent	
12-7	1632-1633	e	
12-8	1633-1634	.	
12-9	1635-1636	g	
12-10	1636-1637	.	
12-11	1638-1647	gentianae	
12-12	1648-1651	rad	
12-13	1651-1652	.	
12-14	1653-1662	marrubium	
12-15	1662-1663	,	
12-16	1664-1668	hanc	
12-17	1669-1674	ipfam	
12-18	1674-1675	,	
12-19	1676-1678	fi	
12-20	1679-1688	volatilis	
12-21	1689-1697	redditur	
12-22	1698-1700	in	
12-23	1701-1706	odore	
12-24	1707-1716	oftendunt	
12-25	1716-1717	.	

#Text=Marrubium recens, si contunditur aut coquitur, non amaritiem tenuem et acrem, fed obtufam et figentem, quae cum grauitate quadam et aromate coniuncta eft, oftendit.
13-1	1718-1727	Marrubium	
13-2	1728-1734	recens	
13-3	1734-1735	,	
13-4	1736-1738	si	
13-5	1739-1750	contunditur	
13-6	1751-1754	aut	
13-7	1755-1763	coquitur	
13-8	1763-1764	,	
13-9	1765-1768	non	
13-10	1769-1778	amaritiem	
13-11	1779-1785	tenuem	
13-12	1786-1788	et	
13-13	1789-1794	acrem	
13-14	1794-1795	,	
13-15	1796-1799	fed	
13-16	1800-1807	obtufam	
13-17	1808-1810	et	
13-18	1811-1819	figentem	
13-19	1819-1820	,	
13-20	1821-1825	quae	
13-21	1826-1829	cum	
13-22	1830-1839	grauitate	
13-23	1840-1846	quadam	
13-24	1847-1849	et	
13-25	1850-1857	aromate	
13-26	1858-1867	coniuncta	
13-27	1868-1871	eft	
13-28	1871-1872	,	
13-29	1873-1881	oftendit	
13-30	1881-1882	.	

#Text=Idem in alliaceis .contingit et nasturcinis, quae vti ammoniacalem faporem ita odorem habent.
14-1	1883-1887	Idem	
14-2	1888-1890	in	
14-3	1891-1900	alliaceis	
14-4	1901-1902	.	
14-5	1902-1911	contingit	
14-6	1912-1914	et	
14-7	1915-1926	nasturcinis	
14-8	1926-1927	,	
14-9	1928-1932	quae	
14-10	1933-1936	vti	
14-11	1937-1949	ammoniacalem	
14-12	1950-1957	faporem	
14-13	1958-1961	ita	
14-14	1962-1968	odorem	
14-15	1969-1975	habent	
14-16	1975-1976	.	

#Text=Narcotica saporis fatui, viscofi funt, fed hic ipfe fensus naribus percipitur.
15-1	1977-1986	Narcotica	
15-2	1987-1994	saporis	
15-3	1995-2000	fatui	
15-4	2000-2001	,	
15-5	2002-2009	viscofi	
15-6	2010-2014	funt	
15-7	2014-2015	,	
15-8	2016-2019	fed	
15-9	2020-2023	hic	
15-10	2024-2028	ipfe	
15-11	2029-2035	fensus	
15-12	2036-2043	naribus	
15-13	2044-2054	percipitur	
15-14	2054-2055	.	

#Text=Rad.
#Text=vincetoxici odorem subdulcem nauseofum habet , fed eiusdem faporis effe multoties deprehendi.
16-1	2056-2059	Rad	
16-2	2059-2060	.	
16-3	2061-2072	vincetoxici	
16-4	2073-2079	odorem	
16-5	2080-2089	subdulcem	
16-6	2090-2099	nauseofum	
16-7	2100-2105	habet	
16-8	2106-2107	,	
16-9	2108-2111	fed	
16-10	2112-2119	eiusdem	
16-11	2120-2127	faporis	
16-12	2128-2132	effe	
16-13	2133-2142	multoties	
16-14	2143-2153	deprehendi	
16-15	2153-2154	.	

#Text=Haec ergo dum probant, saepe odorem eiusdem effe naturae, qualis fapor , confirmant quoque id, quod faepe easdem partes contineat , quales faporem conftituunt, fed maxime attenuatas, et cum sapidae partes, quaenam fint cognofci poffint, quod ex ipfo fapore ad naturam odoris concludi recte poffit.
17-1	2155-2159	Haec	
17-2	2160-2164	ergo	
17-3	2165-2168	dum	
17-4	2169-2176	probant	
17-5	2176-2177	,	
17-6	2178-2183	saepe	
17-7	2184-2190	odorem	
17-8	2191-2198	eiusdem	
17-9	2199-2203	effe	
17-10	2204-2211	naturae	
17-11	2211-2212	,	
17-12	2213-2219	qualis	
17-13	2220-2225	fapor	
17-14	2226-2227	,	
17-15	2228-2238	confirmant	
17-16	2239-2245	quoque	
17-17	2246-2248	id	
17-18	2248-2249	,	
17-19	2250-2254	quod	
17-20	2255-2260	faepe	
17-21	2261-2267	easdem	
17-22	2268-2274	partes	
17-23	2275-2284	contineat	
17-24	2285-2286	,	
17-25	2287-2293	quales	
17-26	2294-2301	faporem	
17-27	2302-2313	conftituunt	
17-28	2313-2314	,	
17-29	2315-2318	fed	
17-30	2319-2325	maxime	
17-31	2326-2336	attenuatas	
17-32	2336-2337	,	
17-33	2338-2340	et	
17-34	2341-2344	cum	
17-35	2345-2352	sapidae	
17-36	2353-2359	partes	
17-37	2359-2360	,	
17-38	2361-2368	quaenam	
17-39	2369-2373	fint	
17-40	2374-2382	cognofci	
17-41	2383-2390	poffint	
17-42	2390-2391	,	
17-43	2392-2396	quod	
17-44	2397-2399	ex	
17-45	2400-2404	ipfo	
17-46	2405-2411	fapore	
17-47	2412-2414	ad	
17-48	2415-2422	naturam	
17-49	2423-2429	odoris	
17-50	2430-2438	concludi	
17-51	2439-2444	recte	
17-52	2445-2451	poffit	
17-53	2451-2452	.	
