#FORMAT=WebAnno TSV 3.3


#Text=De zoo even opgenoemde uitzonderingen vindt men in de daadzaak, dat in de bovenste luchtstreken dikwijls eene geheel andere windrigting plaats grijpt, dan in de benedenste en kan alzoo verklaard worden, dat de rookmassa's door een westewind opgenomen en verder voortgedreven worden, vervolgens naar beneden drijven en dan door den oostewind tot ons gevoerd worden.
1-1	2-4	De	
1-2	5-8	zoo	
1-3	9-13	even	
1-4	14-24	opgenoemde	
1-5	25-39	uitzonderingen	
1-6	40-45	vindt	
1-7	46-49	men	
1-8	50-52	in	
1-9	53-55	de	
1-10	56-64	daadzaak	
1-11	64-65	,	
1-12	66-69	dat	
1-13	70-72	in	
1-14	73-75	de	
1-15	76-84	bovenste	
1-16	85-97	luchtstreken	
1-17	98-106	dikwijls	
1-18	107-111	eene	
1-19	112-118	geheel	
1-20	119-125	andere	
1-21	126-137	windrigting	
1-22	138-144	plaats	
1-23	145-151	grijpt	
1-24	151-152	,	
1-25	153-156	dan	
1-26	157-159	in	
1-27	160-162	de	
1-28	163-173	benedenste	
1-29	174-176	en	
1-30	177-180	kan	
1-31	181-186	alzoo	
1-32	187-196	verklaard	
1-33	197-203	worden	
1-34	203-204	,	
1-35	205-208	dat	
1-36	209-211	de	
1-37	212-223	rookmassa's	
1-38	224-228	door	
1-39	229-232	een	
1-40	233-242	westewind	
1-41	243-252	opgenomen	
1-42	253-255	en	
1-43	256-262	verder	
1-44	263-276	voortgedreven	
1-45	277-283	worden	
1-46	283-284	,	
1-47	285-295	vervolgens	
1-48	296-300	naar	
1-49	301-308	beneden	
1-50	309-316	drijven	
1-51	317-319	en	
1-52	320-323	dan	
1-53	324-328	door	
1-54	329-332	den	
1-55	333-342	oostewind	
1-56	343-346	tot	
1-57	347-350	ons	
1-58	351-358	gevoerd	
1-59	359-365	worden	
1-60	365-366	.	

#Text=Velen willen in den veendamp zelfs een meteorologisch verschijnsel zien, omdat zij een zekeren invloed van den rook op het weder meenen te ontdekken.
2-1	368-373	Velen	
2-2	374-380	willen	
2-3	381-383	in	
2-4	384-387	den	
2-5	388-396	veendamp	
2-6	397-402	zelfs	
2-7	403-406	een	
2-8	407-421	meteorologisch	
2-9	422-434	verschijnsel	
2-10	435-439	zien	
2-11	439-440	,	
2-12	441-446	omdat	
2-13	447-450	zij	
2-14	451-454	een	
2-15	455-462	zekeren	
2-16	463-470	invloed	
2-17	471-474	van	
2-18	475-478	den	
2-19	479-483	rook	
2-20	484-486	op	
2-21	487-490	het	
2-22	491-496	weder	
2-23	497-503	meenen	
2-24	504-506	te	
2-25	507-516	ontdekken	
2-26	516-517	.	

#Text=Dan eens is het de aanhoudende droogte, dan weder de spoedig daarop invallende koelte en dan nog weder de verdeeling van opstijgende onweerswolken, die men den veendamp ten laste legt.
3-1	518-521	Dan	
3-2	522-526	eens	
3-3	527-529	is	
3-4	530-533	het	
3-5	534-536	de	
3-6	537-548	aanhoudende	
3-7	549-556	droogte	
3-8	556-557	,	
3-9	558-561	dan	
3-10	562-567	weder	
3-11	568-570	de	
3-12	571-578	spoedig	
3-13	579-585	daarop	
3-14	586-596	invallende	
3-15	597-603	koelte	
3-16	604-606	en	
3-17	607-610	dan	
3-18	611-614	nog	
3-19	615-620	weder	
3-20	621-623	de	
3-21	624-634	verdeeling	
3-22	635-638	van	
3-23	639-650	opstijgende	
3-24	651-664	onweerswolken	
3-25	664-665	,	
3-26	666-669	die	
3-27	670-673	men	
3-28	674-677	den	
3-29	678-686	veendamp	
3-30	687-690	ten	
3-31	691-696	laste	
3-32	697-701	legt	
3-33	701-702	.	

#Text=In dit alles is wel iets waars gelegen, maar men moet hier ook wel onderscheid weten te maken tusschen waarheid en waarschijnlijkheid.
4-1	703-705	In	
4-2	706-709	dit	
4-3	710-715	alles	
4-4	716-718	is	
4-5	719-722	wel	
4-6	723-727	iets	
4-7	728-733	waars	
4-8	734-741	gelegen	
4-9	741-742	,	
4-10	743-747	maar	
4-11	748-751	men	
4-12	752-756	moet	
4-13	757-761	hier	
4-14	762-765	ook	
4-15	766-769	wel	
4-16	770-781	onderscheid	
4-17	782-787	weten	
4-18	788-790	te	
4-19	791-796	maken	
4-20	797-805	tusschen	
4-21	806-814	waarheid	
4-22	815-817	en	
4-23	818-836	waarschijnlijkheid	
4-24	836-837	.	

#Text=Dat het bij 't verschijnen van den veendamp dikwijls koud wordt heeft hierin zijn grond, dat de noordwestewind, op wiens vleugelen de rook daarheen zweeft, in den regel koude aanbrengt.
5-1	838-841	Dat	
5-2	842-845	het	
5-3	846-849	bij	
5-4	850-851	'	
5-5	851-852	t	
5-6	853-864	verschijnen	
5-7	865-868	van	
5-8	869-872	den	
5-9	873-881	veendamp	
5-10	882-890	dikwijls	
5-11	891-895	koud	
5-12	896-901	wordt	
5-13	902-907	heeft	
5-14	908-914	hierin	
5-15	915-919	zijn	
5-16	920-925	grond	
5-17	925-926	,	
5-18	927-930	dat	
5-19	931-933	de	
5-20	934-948	noordwestewind	
5-21	948-949	,	
5-22	950-952	op	
5-23	953-958	wiens	
5-24	959-968	vleugelen	
5-25	969-971	de	
5-26	972-976	rook	
5-27	977-985	daarheen	
5-28	986-992	zweeft	
5-29	992-993	,	
5-30	994-996	in	
5-31	997-1000	den	
5-32	1001-1006	regel	
5-33	1007-1012	koude	
5-34	1013-1022	aanbrengt	
5-35	1022-1023	.	

#Text=Alzoo is het niet de rook, maar de noordwestewind die eene koele temperatuur veroorzaakt.
6-1	1024-1029	Alzoo	
6-2	1030-1032	is	
6-3	1033-1036	het	
6-4	1037-1041	niet	
6-5	1042-1044	de	
6-6	1045-1049	rook	
6-7	1049-1050	,	
6-8	1051-1055	maar	
6-9	1056-1058	de	
6-10	1059-1073	noordwestewind	
6-11	1074-1077	die	
6-12	1078-1082	eene	
6-13	1083-1088	koele	
6-14	1089-1100	temperatuur	
6-15	1101-1112	veroorzaakt	
6-16	1112-1113	.	

#Text=Wat de droogheid der lucht betreft, zoo moet men bcdenken, dat de veendamp zich slechts bij eene
#Text=[p. 551]
#Text=
#Text=drooge luchtsgesteldheid ver verbreiden kan, omdat de aschdeeltjes, waaruit hij bestaat, zich spoedig vol zuigen wanneer de lucht zeer vochtig is, daardoor zwaarder worden en naar den grond zinken.
7-1	1114-1117	Wat	
7-2	1118-1120	de	
7-3	1121-1130	droogheid	
7-4	1131-1134	der	
7-5	1135-1140	lucht	
7-6	1141-1148	betreft	
7-7	1148-1149	,	
7-8	1150-1153	zoo	
7-9	1154-1158	moet	
7-10	1159-1162	men	
7-11	1163-1171	bcdenken	
7-12	1171-1172	,	
7-13	1173-1176	dat	
7-14	1177-1179	de	
7-15	1180-1188	veendamp	
7-16	1189-1193	zich	
7-17	1194-1201	slechts	
7-18	1202-1205	bij	
7-19	1206-1210	eene	
7-20	1211-1212	[	
7-21	1212-1213	p	
7-22	1213-1214	.	
7-23	1215-1218	551	
7-24	1218-1219	]	
7-25	1221-1227	drooge	
7-26	1228-1245	luchtsgesteldheid	
7-27	1246-1249	ver	
7-28	1250-1260	verbreiden	
7-29	1261-1264	kan	
7-30	1264-1265	,	
7-31	1266-1271	omdat	
7-32	1272-1274	de	
7-33	1275-1287	aschdeeltjes	
7-34	1287-1288	,	
7-35	1289-1296	waaruit	
7-36	1297-1300	hij	
7-37	1301-1308	bestaat	
7-38	1308-1309	,	
7-39	1310-1314	zich	
7-40	1315-1322	spoedig	
7-41	1323-1326	vol	
7-42	1327-1333	zuigen	
7-43	1334-1341	wanneer	
7-44	1342-1344	de	
7-45	1345-1350	lucht	
7-46	1351-1355	zeer	
7-47	1356-1363	vochtig	
7-48	1364-1366	is	
7-49	1366-1367	,	
7-50	1368-1376	daardoor	
7-51	1377-1385	zwaarder	
7-52	1386-1392	worden	
7-53	1393-1395	en	
7-54	1396-1400	naar	
7-55	1401-1404	den	
7-56	1405-1410	grond	
7-57	1411-1417	zinken	
7-58	1417-1418	.	

#Text=Derhalve was de lucht reeds droog toen de rook kwam.
8-1	1421-1429	Derhalve	
8-2	1430-1433	was	
8-3	1434-1436	de	
8-4	1437-1442	lucht	
8-5	1443-1448	reeds	
8-6	1449-1454	droog	
8-7	1455-1459	toen	
8-8	1460-1462	de	
8-9	1463-1467	rook	
8-10	1468-1472	kwam	
8-11	1472-1473	.	

#Text=Intusschen is de mogelijkheid niet te loochenen, dat een ver verspreide veendamp het langer voortduren eener drooge weersgesteldheid bevordert, omdat zijne tallooze aschdeeltjes de in de lucht steeds aanwezige waterdampen, voor een groot deel geringer en zoo de atmospheer nog drooger maken, dan zij te voren was.
9-1	1474-1484	Intusschen	
9-2	1485-1487	is	
9-3	1488-1490	de	
9-4	1491-1503	mogelijkheid	
9-5	1504-1508	niet	
9-6	1509-1511	te	
9-7	1512-1521	loochenen	
9-8	1521-1522	,	
9-9	1523-1526	dat	
9-10	1527-1530	een	
9-11	1531-1534	ver	
9-12	1535-1545	verspreide	
9-13	1546-1554	veendamp	
9-14	1555-1558	het	
9-15	1559-1565	langer	
9-16	1566-1576	voortduren	
9-17	1577-1582	eener	
9-18	1583-1589	drooge	
9-19	1590-1606	weersgesteldheid	
9-20	1607-1616	bevordert	
9-21	1616-1617	,	
9-22	1618-1623	omdat	
9-23	1624-1629	zijne	
9-24	1630-1638	tallooze	
9-25	1639-1651	aschdeeltjes	
9-26	1652-1654	de	
9-27	1655-1657	in	
9-28	1658-1660	de	
9-29	1661-1666	lucht	
9-30	1667-1673	steeds	
9-31	1674-1683	aanwezige	
9-32	1684-1695	waterdampen	
9-33	1695-1696	,	
9-34	1697-1701	voor	
9-35	1702-1705	een	
9-36	1706-1711	groot	
9-37	1712-1716	deel	
9-38	1717-1725	geringer	
9-39	1726-1728	en	
9-40	1729-1732	zoo	
9-41	1733-1735	de	
9-42	1736-1746	atmospheer	
9-43	1747-1750	nog	
9-44	1751-1758	drooger	
9-45	1759-1764	maken	
9-46	1764-1765	,	
9-47	1766-1769	dan	
9-48	1770-1773	zij	
9-49	1774-1776	te	
9-50	1777-1782	voren	
9-51	1783-1786	was	
9-52	1786-1787	.	

#Text=Onvoorwaardelijk moet men echter toegeven, dat de veendamp zeer wel in staat is, bij zijn ontstaan het tot stand komen van onweder te verhinderen.
10-1	1789-1805	Onvoorwaardelijk	
10-2	1806-1810	moet	
10-3	1811-1814	men	
10-4	1815-1821	echter	
10-5	1822-1830	toegeven	
10-6	1830-1831	,	
10-7	1832-1835	dat	
10-8	1836-1838	de	
10-9	1839-1847	veendamp	
10-10	1848-1852	zeer	
10-11	1853-1856	wel	
10-12	1857-1859	in	
10-13	1860-1865	staat	
10-14	1866-1868	is	
10-15	1868-1869	,	
10-16	1870-1873	bij	
10-17	1874-1878	zijn	
10-18	1879-1887	ontstaan	
10-19	1888-1891	het	
10-20	1892-1895	tot	
10-21	1896-1901	stand	
10-22	1902-1907	komen	
10-23	1908-1911	van	
10-24	1912-1919	onweder	
10-25	1920-1922	te	
10-26	1923-1934	verhinderen	
10-27	1934-1935	.	

#Text=De steeds met positieve electriciteit bezwangerde rookmassa wordt door de negatiefclectrische aardoppervlakte aangetrokken en legert zich tusschen deze en de daarboven zwevende positief-eleetrische onweêrswolken.
11-1	1936-1938	De	
11-2	1939-1945	steeds	
11-3	1946-1949	met	
11-4	1950-1959	positieve	
11-5	1960-1973	electriciteit	
11-6	1974-1985	bezwangerde	
11-7	1986-1995	rookmassa	
11-8	1996-2001	wordt	
11-9	2002-2006	door	
11-10	2007-2009	de	
11-11	2010-2029	negatiefclectrische	
11-12	2030-2045	aardoppervlakte	
11-13	2046-2058	aangetrokken	
11-14	2059-2061	en	
11-15	2062-2068	legert	
11-16	2069-2073	zich	
11-17	2074-2082	tusschen	
11-18	2083-2087	deze	
11-19	2088-2090	en	
11-20	2091-2093	de	
11-21	2094-2103	daarboven	
11-22	2104-2112	zwevende	
11-23	2113-2133	positief-eleetrische	
11-24	2134-2147	onweêrswolken	
11-25	2147-2148	.	

#Text=Dit kan nu op tweederlei wijze plaats grijpen.
12-1	2149-2152	Dit	
12-2	2153-2156	kan	
12-3	2157-2159	nu	
12-4	2160-2162	op	
12-5	2163-2173	tweederlei	
12-6	2174-2179	wijze	
12-7	2180-2186	plaats	
12-8	2187-2194	grijpen	
12-9	2194-2195	.	

#Text=Of de ver verbreide rookmassa strekt door middel harer groote aanrakingsvlakte, welke zij den wolken, zoowel als der aarde aanbiedt, tot eene langzame in evenwigt-stelling der beide tegengestelde electriciteiten, waardoor de noodzakelijkste voorwaarde voor het ontstaan des onweders wegvalt.
13-1	2196-2198	Of	
13-2	2199-2201	de	
13-3	2202-2205	ver	
13-4	2206-2215	verbreide	
13-5	2216-2225	rookmassa	
13-6	2226-2232	strekt	
13-7	2233-2237	door	
13-8	2238-2244	middel	
13-9	2245-2250	harer	
13-10	2251-2257	groote	
13-11	2258-2274	aanrakingsvlakte	
13-12	2274-2275	,	
13-13	2276-2281	welke	
13-14	2282-2285	zij	
13-15	2286-2289	den	
13-16	2290-2296	wolken	
13-17	2296-2297	,	
13-18	2298-2304	zoowel	
13-19	2305-2308	als	
13-20	2309-2312	der	
13-21	2313-2318	aarde	
13-22	2319-2327	aanbiedt	
13-23	2327-2328	,	
13-24	2329-2332	tot	
13-25	2333-2337	eene	
13-26	2338-2346	langzame	
13-27	2347-2349	in	
13-28	2350-2367	evenwigt-stelling	
13-29	2368-2371	der	
13-30	2372-2377	beide	
13-31	2378-2391	tegengestelde	
13-32	2392-2407	electriciteiten	
13-33	2407-2408	,	
13-34	2409-2417	waardoor	
13-35	2418-2420	de	
13-36	2421-2436	noodzakelijkste	
13-37	2437-2447	voorwaarde	
13-38	2448-2452	voor	
13-39	2453-2456	het	
13-40	2457-2465	ontstaan	
13-41	2466-2469	des	
13-42	2470-2478	onweders	
13-43	2479-2486	wegvalt	
13-44	2486-2487	.	

#Text=Of de positief-electrieke rookmassa werkt afstootend op de met gelijksoortige eleetriciteit geladene waterblaasjes, wier digte opeenhooping de onweerswolken vormt.
14-1	2488-2490	Of	
14-2	2491-2493	de	
14-3	2494-2513	positief-electrieke	
14-4	2514-2523	rookmassa	
14-5	2524-2529	werkt	
14-6	2530-2540	afstootend	
14-7	2541-2543	op	
14-8	2544-2546	de	
14-9	2547-2550	met	
14-10	2551-2565	gelijksoortige	
14-11	2566-2579	eleetriciteit	
14-12	2580-2588	geladene	
14-13	2589-2602	waterblaasjes	
14-14	2602-2603	,	
14-15	2604-2608	wier	
14-16	2609-2614	digte	
14-17	2615-2627	opeenhooping	
14-18	2628-2630	de	
14-19	2631-2644	onweerswolken	
14-20	2645-2650	vormt	
14-21	2650-2651	.	

#Text=De laatste worden daardoor genoodzaakt zich in hoogere luchtlagen te verzamelen, waar zij door den wind opgenomen, weggevoerd en verstrooid worden.
15-1	2652-2654	De	
15-2	2655-2662	laatste	
15-3	2663-2669	worden	
15-4	2670-2678	daardoor	
15-5	2679-2690	genoodzaakt	
15-6	2691-2695	zich	
15-7	2696-2698	in	
15-8	2699-2706	hoogere	
15-9	2707-2717	luchtlagen	
15-10	2718-2720	te	
15-11	2721-2731	verzamelen	
15-12	2731-2732	,	
15-13	2733-2737	waar	
15-14	2738-2741	zij	
15-15	2742-2746	door	
15-16	2747-2750	den	
15-17	2751-2755	wind	
15-18	2756-2765	opgenomen	
15-19	2765-2766	,	
15-20	2767-2777	weggevoerd	
15-21	2778-2780	en	
15-22	2781-2791	verstrooid	
15-23	2792-2798	worden	
15-24	2798-2799	.	

#Text=Wij kunnen dit hier slechts ter loops aanstippen en moeten als eene bekende zaak voorop plaatsen, dat ongelijksoortig-electrische ligchamen elkander aantrekken, terwijl gelijksoortig-electrische elkander afstooten.
16-1	2800-2803	Wij	
16-2	2804-2810	kunnen	
16-3	2811-2814	dit	
16-4	2815-2819	hier	
16-5	2820-2827	slechts	
16-6	2828-2831	ter	
16-7	2832-2837	loops	
16-8	2838-2848	aanstippen	
16-9	2849-2851	en	
16-10	2852-2858	moeten	
16-11	2859-2862	als	
16-12	2863-2867	eene	
16-13	2868-2875	bekende	
16-14	2876-2880	zaak	
16-15	2881-2887	voorop	
16-16	2888-2896	plaatsen	
16-17	2896-2897	,	
16-18	2898-2901	dat	
16-19	2902-2929	ongelijksoortig-electrische	
16-20	2930-2939	ligchamen	
16-21	2940-2948	elkander	
16-22	2949-2959	aantrekken	
16-23	2959-2960	,	
16-24	2961-2968	terwijl	
16-25	2969-2994	gelijksoortig-electrische	
16-26	2995-3003	elkander	
16-27	3004-3013	afstooten	
16-28	3013-3014	.	

#Text=Bij de landlieden staat de veendamp in geen goeden reuk.
17-1	3017-3020	Bij	
17-2	3021-3023	de	
17-3	3024-3034	landlieden	
17-4	3035-3040	staat	
17-5	3041-3043	de	
17-6	3044-3052	veendamp	
17-7	3053-3055	in	
17-8	3056-3060	geen	
17-9	3061-3067	goeden	
17-10	3068-3072	reuk	
17-11	3072-3073	.	
