#FORMAT=WebAnno TSV 3.3


#Text=het een oud man, zwaar en zwak, op beide zyne beenen staande, en
#Text=+
#Text=somtydts noch met een stok om vaster te rusten, wel voegt een lange
#Text=
#Text=Een oud man.
1-1	2-5	het	
1-2	6-9	een	
1-3	10-13	oud	
1-4	14-17	man	
1-5	17-18	,	
1-6	19-24	zwaar	
1-7	25-27	en	
1-8	28-32	zwak	
1-9	32-33	,	
1-10	34-36	op	
1-11	37-42	beide	
1-12	43-47	zyne	
1-13	48-54	beenen	
1-14	55-62	staande	
1-15	62-63	,	
1-16	64-66	en	
1-17	67-68	+	
1-18	69-77	somtydts	
1-19	78-82	noch	
1-20	83-86	met	
1-21	87-90	een	
1-22	91-95	stok	
1-23	96-98	om	
1-24	99-105	vaster	
1-25	106-108	te	
1-26	109-115	rusten	
1-27	115-116	,	
1-28	117-120	wel	
1-29	121-126	voegt	
1-30	127-130	een	
1-31	131-136	lange	
1-32	138-141	Een	
1-33	142-145	oud	
1-34	146-149	man	
1-35	149-150	.	

#Text=donker-verwige lakensche mantel, als omber koleur, donker paars, feuillemort
#Text=
#Text=+
#Text=
#Text=of zwart
#Text=, met banden of gespen vast gemaakt, en wat kouwelyk omgeslingerd;
#Text=
#Text=voegt het een jongman, weelderig, ongestadig, en die dikwils op een been rust, +
#Text=Een jongman.
2-1	152-166	donker-verwige	
2-2	167-176	lakensche	
2-3	177-183	mantel	
2-4	183-184	,	
2-5	185-188	als	
2-6	189-194	omber	
2-7	195-201	koleur	
2-8	201-202	,	
2-9	203-209	donker	
2-10	210-215	paars	
2-11	215-216	,	
2-12	217-228	feuillemort	
2-13	230-231	+	
2-14	233-235	of	
2-15	236-241	zwart	
2-16	242-243	,	
2-17	244-247	met	
2-18	248-254	banden	
2-19	255-257	of	
2-20	258-264	gespen	
2-21	265-269	vast	
2-22	270-277	gemaakt	
2-23	277-278	,	
2-24	279-281	en	
2-25	282-285	wat	
2-26	286-294	kouwelyk	
2-27	295-307	omgeslingerd	
2-28	307-308	;	
2-29	310-315	voegt	
2-30	316-319	het	
2-31	320-323	een	
2-32	324-331	jongman	
2-33	331-332	,	
2-34	333-342	weelderig	
2-35	342-343	,	
2-36	344-354	ongestadig	
2-37	354-355	,	
2-38	356-358	en	
2-39	359-362	die	
2-40	363-370	dikwils	
2-41	371-373	op	
2-42	374-377	een	
2-43	378-382	been	
2-44	383-387	rust	
2-45	387-388	,	
2-46	389-390	+	
2-47	391-394	Een	
2-48	395-402	jongman	
2-49	402-403	.	

#Text=als vluchtig van natuur, eene
#Text=
#Text=Gérard de Lairesse, Groot schilderboek
#Text=
#Text=
#Text=\f217
#Text=gantsch andere beweeging te vertoonen.
3-1	405-408	als	
3-2	409-417	vluchtig	
3-3	418-421	van	
3-4	422-428	natuur	
3-5	428-429	,	
3-6	430-434	eene	
3-7	436-442	Gérard	
3-8	443-445	de	
3-9	446-454	Lairesse	
3-10	454-455	,	
3-11	456-461	Groot	
3-12	462-474	schilderboek	
3-13	478-481	217	
3-14	482-489	gantsch	
3-15	490-496	andere	
3-16	497-506	beweeging	
3-17	507-509	te	
3-18	510-519	vertoonen	
3-19	519-520	.	

#Text=Deze moet gekleed zyn met een purpere
#Text=mantel, of in 't groen, rood of geel, de koleur op zyn allerschoonste, van luchtige
#Text=stof of zware zyde, op de schouder vast, en niet te lang;
#Text=op dat het hem niet en
#Text=hindere in zyne geduurige beweeging: want een mensch, die vol vuur is, wil
#Text=voornaamentlyk de beenen vry hebben.
4-1	521-525	Deze	
4-2	526-530	moet	
4-3	531-538	gekleed	
4-4	539-542	zyn	
4-5	543-546	met	
4-6	547-550	een	
4-7	551-558	purpere	
4-8	559-565	mantel	
4-9	565-566	,	
4-10	567-569	of	
4-11	570-572	in	
4-12	573-574	'	
4-13	574-575	t	
4-14	576-581	groen	
4-15	581-582	,	
4-16	583-587	rood	
4-17	588-590	of	
4-18	591-595	geel	
4-19	595-596	,	
4-20	597-599	de	
4-21	600-606	koleur	
4-22	607-609	op	
4-23	610-613	zyn	
4-24	614-628	allerschoonste	
4-25	628-629	,	
4-26	630-633	van	
4-27	634-642	luchtige	
4-28	643-647	stof	
4-29	648-650	of	
4-30	651-656	zware	
4-31	657-661	zyde	
4-32	661-662	,	
4-33	663-665	op	
4-34	666-668	de	
4-35	669-677	schouder	
4-36	678-682	vast	
4-37	682-683	,	
4-38	684-686	en	
4-39	687-691	niet	
4-40	692-694	te	
4-41	695-699	lang	
4-42	699-700	;	
4-43	701-703	op	
4-44	704-707	dat	
4-45	708-711	het	
4-46	712-715	hem	
4-47	716-720	niet	
4-48	721-723	en	
4-49	724-731	hindere	
4-50	732-734	in	
4-51	735-739	zyne	
4-52	740-749	geduurige	
4-53	750-759	beweeging	
4-54	759-760	:	
4-55	761-765	want	
4-56	766-769	een	
4-57	770-776	mensch	
4-58	776-777	,	
4-59	778-781	die	
4-60	782-785	vol	
4-61	786-790	vuur	
4-62	791-793	is	
4-63	793-794	,	
4-64	795-798	wil	
4-65	799-813	voornaamentlyk	
4-66	814-816	de	
4-67	817-823	beenen	
4-68	824-827	vry	
4-69	828-834	hebben	
4-70	834-835	.	

#Text=De vrouwen en jonge dochters, als van een
#Text=+
#Text=
#Text=tedere
#Text=complexie, zedig en stil, kent men byzonderlyk aan haare witte kleederen
#Text=+
#Text=van dun lywaat, en allerhande lichte en vrouwachtige koleuren van zyde, gelyk
#Text=Vrouwen en jonge
#Text=Dochters.
5-1	836-838	De	
5-2	839-846	vrouwen	
5-3	847-849	en	
5-4	850-855	jonge	
5-5	856-864	dochters	
5-6	864-865	,	
5-7	866-869	als	
5-8	870-873	van	
5-9	874-877	een	
5-10	878-879	+	
5-11	881-887	tedere	
5-12	888-897	complexie	
5-13	897-898	,	
5-14	899-904	zedig	
5-15	905-907	en	
5-16	908-912	stil	
5-17	912-913	,	
5-18	914-918	kent	
5-19	919-922	men	
5-20	923-934	byzonderlyk	
5-21	935-938	aan	
5-22	939-944	haare	
5-23	945-950	witte	
5-24	951-960	kleederen	
5-25	961-962	+	
5-26	963-966	van	
5-27	967-970	dun	
5-28	971-977	lywaat	
5-29	977-978	,	
5-30	979-981	en	
5-31	982-992	allerhande	
5-32	993-999	lichte	
5-33	1000-1002	en	
5-34	1003-1015	vrouwachtige	
5-35	1016-1024	koleuren	
5-36	1025-1028	van	
5-37	1029-1033	zyde	
5-38	1033-1034	,	
5-39	1035-1040	gelyk	
5-40	1041-1048	Vrouwen	
5-41	1049-1051	en	
5-42	1052-1057	jonge	
5-43	1058-1066	Dochters	
5-44	1066-1067	.	

#Text=licht blaauw, appelbloessem, paerlkoleur, licht citroengeel, weinig over
#Text=malkanderen, en zodanig dat de schoonheid van het ligchaam gemakkelyk daar
#Text=door kan gezien worden.
6-1	1069-1074	licht	
6-2	1075-1081	blaauw	
6-3	1081-1082	,	
6-4	1083-1096	appelbloessem	
6-5	1096-1097	,	
6-6	1098-1109	paerlkoleur	
6-7	1109-1110	,	
6-8	1111-1116	licht	
6-9	1117-1128	citroengeel	
6-10	1128-1129	,	
6-11	1130-1136	weinig	
6-12	1137-1141	over	
6-13	1142-1153	malkanderen	
6-14	1153-1154	,	
6-15	1155-1157	en	
6-16	1158-1165	zodanig	
6-17	1166-1169	dat	
6-18	1170-1172	de	
6-19	1173-1183	schoonheid	
6-20	1184-1187	van	
6-21	1188-1191	het	
6-22	1192-1200	ligchaam	
6-23	1201-1211	gemakkelyk	
6-24	1212-1216	daar	
6-25	1217-1221	door	
6-26	1222-1225	kan	
6-27	1226-1232	gezien	
6-28	1233-1239	worden	
6-29	1239-1240	.	

#Text=Haar stand is zedig, van weinig gewoel, de beenen digt
#Text=aan een geslooten, het lyf regt overeind, de hals een weinig geboogen als
#Text=schaamachtig, de armen digt aan 't lyf, de kleederen luchtig aangedaan, dezelve
#Text=vast houdende en bedekt tot de voeten.
7-1	1241-1245	Haar	
7-2	1246-1251	stand	
7-3	1252-1254	is	
7-4	1255-1260	zedig	
7-5	1260-1261	,	
7-6	1262-1265	van	
7-7	1266-1272	weinig	
7-8	1273-1279	gewoel	
7-9	1279-1280	,	
7-10	1281-1283	de	
7-11	1284-1290	beenen	
7-12	1291-1295	digt	
7-13	1296-1299	aan	
7-14	1300-1303	een	
7-15	1304-1313	geslooten	
7-16	1313-1314	,	
7-17	1315-1318	het	
7-18	1319-1322	lyf	
7-19	1323-1327	regt	
7-20	1328-1336	overeind	
7-21	1336-1337	,	
7-22	1338-1340	de	
7-23	1341-1345	hals	
7-24	1346-1349	een	
7-25	1350-1356	weinig	
7-26	1357-1365	geboogen	
7-27	1366-1369	als	
7-28	1370-1382	schaamachtig	
7-29	1382-1383	,	
7-30	1384-1386	de	
7-31	1387-1392	armen	
7-32	1393-1397	digt	
7-33	1398-1401	aan	
7-34	1402-1403	'	
7-35	1403-1404	t	
7-36	1405-1408	lyf	
7-37	1408-1409	,	
7-38	1410-1412	de	
7-39	1413-1422	kleederen	
7-40	1423-1430	luchtig	
7-41	1431-1440	aangedaan	
7-42	1440-1441	,	
7-43	1442-1449	dezelve	
7-44	1450-1454	vast	
7-45	1455-1463	houdende	
7-46	1464-1466	en	
7-47	1467-1473	bedekt	
7-48	1474-1477	tot	
7-49	1478-1480	de	
7-50	1481-1487	voeten	
7-51	1487-1488	.	

#Text=De kinders meest met wit lywaat, van
#Text=+
#Text=citroengeel, blaauw of paarsse zyde, en veeltydts met witte rokjes aan, geen mantel
#Text=noch losse lapjes: en als 'er iets moest weezen, zou het een klein lapje van een +
#Text=En Kinderen.
8-1	1489-1491	De	
8-2	1492-1499	kinders	
8-3	1500-1505	meest	
8-4	1506-1509	met	
8-5	1510-1513	wit	
8-6	1514-1520	lywaat	
8-7	1520-1521	,	
8-8	1522-1525	van	
8-9	1526-1527	+	
8-10	1528-1539	citroengeel	
8-11	1539-1540	,	
8-12	1541-1547	blaauw	
8-13	1548-1550	of	
8-14	1551-1558	paarsse	
8-15	1559-1563	zyde	
8-16	1563-1564	,	
8-17	1565-1567	en	
8-18	1568-1577	veeltydts	
8-19	1578-1581	met	
8-20	1582-1587	witte	
8-21	1588-1594	rokjes	
8-22	1595-1598	aan	
8-23	1598-1599	,	
8-24	1600-1604	geen	
8-25	1605-1611	mantel	
8-26	1612-1616	noch	
8-27	1617-1622	losse	
8-28	1623-1629	lapjes	
8-29	1629-1630	:	
8-30	1631-1633	en	
8-31	1634-1637	als	
8-32	1638-1639	'	
8-33	1639-1641	er	
8-34	1642-1646	iets	
8-35	1647-1652	moest	
8-36	1653-1659	weezen	
8-37	1659-1660	,	
8-38	1661-1664	zou	
8-39	1665-1668	het	
8-40	1669-1672	een	
8-41	1673-1678	klein	
8-42	1679-1684	lapje	
8-43	1685-1688	van	
8-44	1689-1692	een	
8-45	1693-1694	+	
8-46	1695-1697	En	
8-47	1698-1706	Kinderen	
8-48	1706-1707	.	

#Text=el of anderhalf zyn, en noch op de schouder vast, op dat zy het niet verliezen,
#Text=ter oorzake dat zy veel loopen, woelen, ravotten, en gestadig over de grond rollen.
9-1	1709-1711	el	
9-2	1712-1714	of	
9-3	1715-1724	anderhalf	
9-4	1725-1728	zyn	
9-5	1728-1729	,	
9-6	1730-1732	en	
9-7	1733-1737	noch	
9-8	1738-1740	op	
9-9	1741-1743	de	
9-10	1744-1752	schouder	
9-11	1753-1757	vast	
9-12	1757-1758	,	
9-13	1759-1761	op	
9-14	1762-1765	dat	
9-15	1766-1768	zy	
9-16	1769-1772	het	
9-17	1773-1777	niet	
9-18	1778-1787	verliezen	
9-19	1787-1788	,	
9-20	1789-1792	ter	
9-21	1793-1800	oorzake	
9-22	1801-1804	dat	
9-23	1805-1807	zy	
9-24	1808-1812	veel	
9-25	1813-1819	loopen	
9-26	1819-1820	,	
9-27	1821-1827	woelen	
9-28	1827-1828	,	
9-29	1829-1837	ravotten	
9-30	1837-1838	,	
9-31	1839-1841	en	
9-32	1842-1850	gestadig	
9-33	1851-1855	over	
9-34	1856-1858	de	
9-35	1859-1864	grond	
9-36	1865-1871	rollen	
9-37	1871-1872	.	
