#FORMAT=WebAnno TSV 3.3


#Text=19 Præcipe etiam ut tollant plaustra de terra Ægypti, ad subvectionem parvulorum suorum ac conjugum : et dicito : Tollite patrem vestrum, et properate quantocius venientes.
#Text=20 Nec dimittatis quidquam de supellectili vestra : quia omnes opes Ægypti vestræ erunt.
#Text=21 Feceruntque filii Israël ut eis mandatum fuerat.
1-1	2-4	19	
1-2	5-12	Præcipe	
1-3	13-18	etiam	
1-4	19-21	ut	
1-5	22-29	tollant	
1-6	30-38	plaustra	
1-7	39-41	de	
1-8	42-47	terra	
1-9	48-54	Ægypti	
1-10	54-55	,	
1-11	56-58	ad	
1-12	59-71	subvectionem	
1-13	72-82	parvulorum	
1-14	83-89	suorum	
1-15	90-92	ac	
1-16	93-101	conjugum	
1-17	102-103	:	
1-18	104-106	et	
1-19	107-113	dicito	
1-20	114-115	:	
1-21	116-123	Tollite	
1-22	124-130	patrem	
1-23	131-138	vestrum	
1-24	138-139	,	
1-25	140-142	et	
1-26	143-152	properate	
1-27	153-163	quantocius	
1-28	164-173	venientes	
1-29	173-174	.	
1-30	175-177	20	
1-31	178-181	Nec	
1-32	182-192	dimittatis	
1-33	193-201	quidquam	
1-34	202-204	de	
1-35	205-217	supellectili	
1-36	218-224	vestra	
1-37	225-226	:	
1-38	227-231	quia	
1-39	232-237	omnes	
1-40	238-242	opes	
1-41	243-249	Ægypti	
1-42	250-256	vestræ	
1-43	257-262	erunt	
1-44	262-263	.	
1-45	264-266	21	
1-46	267-278	Feceruntque	
1-47	279-284	filii	
1-48	285-291	Israël	
1-49	292-294	ut	
1-50	295-298	eis	
1-51	299-307	mandatum	
1-52	308-314	fuerat	
1-53	314-315	.	

#Text=Quibus dedit Joseph plaustra, secundum Pharaonis imperium, et cibaria in itinere.
#Text=22 Singulis quoque proferri jussit binas stolas : Benjamin vero dedit trecentos argenteos cum quinque stolis optimis : 23 tantumdem pecuniæ et vestium mittens patri suo, addens et asinos decem, qui subveherent ex omnibus divitiis Ægypti, et totidem asinas, triticum in itinere, panesque portantes.
#Text=24 Dimisit ergo fratres suos, et proficiscentibus ait : Ne irascamini in via.
#Text=25 Qui ascendentes ex Ægypto, venerunt in terram Chanaan ad patrem suum Jacob.
#Text=26 Et nuntiaverunt ei, dicentes : Joseph filius tuus vivit : et ipse dominatur in omni terra Ægypti.
2-1	316-322	Quibus	
2-2	323-328	dedit	
2-3	329-335	Joseph	
2-4	336-344	plaustra	
2-5	344-345	,	
2-6	346-354	secundum	
2-7	355-364	Pharaonis	
2-8	365-373	imperium	
2-9	373-374	,	
2-10	375-377	et	
2-11	378-385	cibaria	
2-12	386-388	in	
2-13	389-396	itinere	
2-14	396-397	.	
2-15	398-400	22	
2-16	401-409	Singulis	
2-17	410-416	quoque	
2-18	417-425	proferri	
2-19	426-432	jussit	
2-20	433-438	binas	
2-21	439-445	stolas	
2-22	446-447	:	
2-23	448-456	Benjamin	
2-24	457-461	vero	
2-25	462-467	dedit	
2-26	468-477	trecentos	
2-27	478-487	argenteos	
2-28	488-491	cum	
2-29	492-499	quinque	
2-30	500-506	stolis	
2-31	507-514	optimis	
2-32	515-516	:	
2-33	517-519	23	
2-34	520-529	tantumdem	
2-35	530-537	pecuniæ	
2-36	538-540	et	
2-37	541-548	vestium	
2-38	549-556	mittens	
2-39	557-562	patri	
2-40	563-566	suo	
2-41	566-567	,	
2-42	568-574	addens	
2-43	575-577	et	
2-44	578-584	asinos	
2-45	585-590	decem	
2-46	590-591	,	
2-47	592-595	qui	
2-48	596-607	subveherent	
2-49	608-610	ex	
2-50	611-618	omnibus	
2-51	619-627	divitiis	
2-52	628-634	Ægypti	
2-53	634-635	,	
2-54	636-638	et	
2-55	639-646	totidem	
2-56	647-653	asinas	
2-57	653-654	,	
2-58	655-663	triticum	
2-59	664-666	in	
2-60	667-674	itinere	
2-61	674-675	,	
2-62	676-684	panesque	
2-63	685-694	portantes	
2-64	694-695	.	
2-65	696-698	24	
2-66	699-706	Dimisit	
2-67	707-711	ergo	
2-68	712-719	fratres	
2-69	720-724	suos	
2-70	724-725	,	
2-71	726-728	et	
2-72	729-745	proficiscentibus	
2-73	746-749	ait	
2-74	750-751	:	
2-75	752-754	Ne	
2-76	755-765	irascamini	
2-77	766-768	in	
2-78	769-772	via	
2-79	772-773	.	
2-80	774-776	25	
2-81	777-780	Qui	
2-82	781-792	ascendentes	
2-83	793-795	ex	
2-84	796-802	Ægypto	
2-85	802-803	,	
2-86	804-812	venerunt	
2-87	813-815	in	
2-88	816-822	terram	
2-89	823-830	Chanaan	
2-90	831-833	ad	
2-91	834-840	patrem	
2-92	841-845	suum	
2-93	846-851	Jacob	
2-94	851-852	.	
2-95	853-855	26	
2-96	856-858	Et	
2-97	859-871	nuntiaverunt	
2-98	872-874	ei	
2-99	874-875	,	
2-100	876-884	dicentes	
2-101	885-886	:	
2-102	887-893	Joseph	
2-103	894-900	filius	
2-104	901-905	tuus	
2-105	906-911	vivit	
2-106	912-913	:	
2-107	914-916	et	
2-108	917-921	ipse	
2-109	922-931	dominatur	
2-110	932-934	in	
2-111	935-939	omni	
2-112	940-945	terra	
2-113	946-952	Ægypti	
2-114	952-953	.	

#Text=Quo audito Jacob, quasi de gravi somno evigilans, tamen non credebat eis.
#Text=27 Illi e contra referebant omnem ordinem rei.
3-1	954-957	Quo	
3-2	958-964	audito	
3-3	965-970	Jacob	
3-4	970-971	,	
3-5	972-977	quasi	
3-6	978-980	de	
3-7	981-986	gravi	
3-8	987-992	somno	
3-9	993-1002	evigilans	
3-10	1002-1003	,	
3-11	1004-1009	tamen	
3-12	1010-1013	non	
3-13	1014-1022	credebat	
3-14	1023-1026	eis	
3-15	1026-1027	.	
3-16	1028-1030	27	
3-17	1031-1035	Illi	
3-18	1036-1037	e	
3-19	1038-1044	contra	
3-20	1045-1055	referebant	
3-21	1056-1061	omnem	
3-22	1062-1069	ordinem	
3-23	1070-1073	rei	
3-24	1073-1074	.	

#Text=Cumque vidisset plaustra et universa quæ miserat, revixit spiritus ejus, 28 et ait : Sufficit mihi si adhuc Joseph filius meus vivit : vadam, et videbo illum antequam moriar.
4-1	1075-1081	Cumque	
4-2	1082-1090	vidisset	
4-3	1091-1099	plaustra	
4-4	1100-1102	et	
4-5	1103-1111	universa	
4-6	1112-1115	quæ	
4-7	1116-1123	miserat	
4-8	1123-1124	,	
4-9	1125-1132	revixit	
4-10	1133-1141	spiritus	
4-11	1142-1146	ejus	
4-12	1146-1147	,	
4-13	1148-1150	28	
4-14	1151-1153	et	
4-15	1154-1157	ait	
4-16	1158-1159	:	
4-17	1160-1168	Sufficit	
4-18	1169-1173	mihi	
4-19	1174-1176	si	
4-20	1177-1182	adhuc	
4-21	1183-1189	Joseph	
4-22	1190-1196	filius	
4-23	1197-1201	meus	
4-24	1202-1207	vivit	
4-25	1208-1209	:	
4-26	1210-1215	vadam	
4-27	1215-1216	,	
4-28	1217-1219	et	
4-29	1220-1226	videbo	
4-30	1227-1232	illum	
4-31	1233-1241	antequam	
4-32	1242-1248	moriar	
4-33	1248-1249	.	

#Text=Caput 46
#Text=
#Text=
#Text=1 Profectusque Israël cum omnibus quæ habebat, venit ad Puteum juramenti : et mactatis ibi victimis Deo patris sui Isaac, 2 audivit eum per visionem noctis vocantem se, et dicentem sibi : Jacob, Jacob.
5-1	1250-1255	Caput	
5-2	1256-1258	46	
5-3	1261-1262	1	
5-4	1263-1275	Profectusque	
5-5	1276-1282	Israël	
5-6	1283-1286	cum	
5-7	1287-1294	omnibus	
5-8	1295-1298	quæ	
5-9	1299-1306	habebat	
5-10	1306-1307	,	
5-11	1308-1313	venit	
5-12	1314-1316	ad	
5-13	1317-1323	Puteum	
5-14	1324-1333	juramenti	
5-15	1334-1335	:	
5-16	1336-1338	et	
5-17	1339-1347	mactatis	
5-18	1348-1351	ibi	
5-19	1352-1360	victimis	
5-20	1361-1364	Deo	
5-21	1365-1371	patris	
5-22	1372-1375	sui	
5-23	1376-1381	Isaac	
5-24	1381-1382	,	
5-25	1383-1384	2	
5-26	1385-1392	audivit	
5-27	1393-1396	eum	
5-28	1397-1400	per	
5-29	1401-1409	visionem	
5-30	1410-1416	noctis	
5-31	1417-1425	vocantem	
5-32	1426-1428	se	
5-33	1428-1429	,	
5-34	1430-1432	et	
5-35	1433-1441	dicentem	
5-36	1442-1446	sibi	
5-37	1447-1448	:	
5-38	1449-1454	Jacob	
5-39	1454-1455	,	
5-40	1456-1461	Jacob	
5-41	1461-1462	.	

#Text=Cui respondit : Ecce adsum.
#Text=3 Ait illi Deus : Ego sum fortissimus Deus patris tui : noli timere, descende in Ægyptum, quia in gentem magnam faciam te ibi.
#Text=4 Ego descendam tecum illuc, et ego inde adducam te revertentem : Joseph quoque ponet manus suas super oculos tuos.
#Text=5 Surrexit autem Jacob a Puteo juramenti : tuleruntque eum filii cum parvulis et uxoribus suis in plaustris quæ miserat Pharao ad portandum senem, 6 et omnia quæ possederat in terra Chanaan : venitque in Ægyptum cum omni semine suo, 7 filii ejus, et nepotes, filiæ, et cuncta simul progenies.
#Text=8 Hæc sunt autem nomina filiorum Israël, qui ingressi sunt in Ægyptum, ipse cum liberis suis.
6-1	1463-1466	Cui	
6-2	1467-1476	respondit	
6-3	1477-1478	:	
6-4	1479-1483	Ecce	
6-5	1484-1489	adsum	
6-6	1489-1490	.	
6-7	1491-1492	3	
6-8	1493-1496	Ait	
6-9	1497-1501	illi	
6-10	1502-1506	Deus	
6-11	1507-1508	:	
6-12	1509-1512	Ego	
6-13	1513-1516	sum	
6-14	1517-1528	fortissimus	
6-15	1529-1533	Deus	
6-16	1534-1540	patris	
6-17	1541-1544	tui	
6-18	1545-1546	:	
6-19	1547-1551	noli	
6-20	1552-1558	timere	
6-21	1558-1559	,	
6-22	1560-1568	descende	
6-23	1569-1571	in	
6-24	1572-1579	Ægyptum	
6-25	1579-1580	,	
6-26	1581-1585	quia	
6-27	1586-1588	in	
6-28	1589-1595	gentem	
6-29	1596-1602	magnam	
6-30	1603-1609	faciam	
6-31	1610-1612	te	
6-32	1613-1616	ibi	
6-33	1616-1617	.	
6-34	1618-1619	4	
6-35	1620-1623	Ego	
6-36	1624-1633	descendam	
6-37	1634-1639	tecum	
6-38	1640-1645	illuc	
6-39	1645-1646	,	
6-40	1647-1649	et	
6-41	1650-1653	ego	
6-42	1654-1658	inde	
6-43	1659-1666	adducam	
6-44	1667-1669	te	
6-45	1670-1681	revertentem	
6-46	1682-1683	:	
6-47	1684-1690	Joseph	
6-48	1691-1697	quoque	
6-49	1698-1703	ponet	
6-50	1704-1709	manus	
6-51	1710-1714	suas	
6-52	1715-1720	super	
6-53	1721-1727	oculos	
6-54	1728-1732	tuos	
6-55	1732-1733	.	
6-56	1734-1735	5	
6-57	1736-1744	Surrexit	
6-58	1745-1750	autem	
6-59	1751-1756	Jacob	
6-60	1757-1758	a	
6-61	1759-1764	Puteo	
6-62	1765-1774	juramenti	
6-63	1775-1776	:	
6-64	1777-1788	tuleruntque	
6-65	1789-1792	eum	
6-66	1793-1798	filii	
6-67	1799-1802	cum	
6-68	1803-1811	parvulis	
6-69	1812-1814	et	
6-70	1815-1823	uxoribus	
6-71	1824-1828	suis	
6-72	1829-1831	in	
6-73	1832-1841	plaustris	
6-74	1842-1845	quæ	
6-75	1846-1853	miserat	
6-76	1854-1860	Pharao	
6-77	1861-1863	ad	
6-78	1864-1873	portandum	
6-79	1874-1879	senem	
6-80	1879-1880	,	
6-81	1881-1882	6	
6-82	1883-1885	et	
6-83	1886-1891	omnia	
6-84	1892-1895	quæ	
6-85	1896-1906	possederat	
6-86	1907-1909	in	
6-87	1910-1915	terra	
6-88	1916-1923	Chanaan	
6-89	1924-1925	:	
6-90	1926-1934	venitque	
6-91	1935-1937	in	
6-92	1938-1945	Ægyptum	
6-93	1946-1949	cum	
6-94	1950-1954	omni	
6-95	1955-1961	semine	
6-96	1962-1965	suo	
6-97	1965-1966	,	
6-98	1967-1968	7	
6-99	1969-1974	filii	
6-100	1975-1979	ejus	
6-101	1979-1980	,	
6-102	1981-1983	et	
6-103	1984-1991	nepotes	
6-104	1991-1992	,	
6-105	1993-1998	filiæ	
6-106	1998-1999	,	
6-107	2000-2002	et	
6-108	2003-2009	cuncta	
6-109	2010-2015	simul	
6-110	2016-2025	progenies	
6-111	2025-2026	.	
6-112	2027-2028	8	
6-113	2029-2032	Hæc	
6-114	2033-2037	sunt	
6-115	2038-2043	autem	
6-116	2044-2050	nomina	
6-117	2051-2059	filiorum	
6-118	2060-2066	Israël	
6-119	2066-2067	,	
6-120	2068-2071	qui	
6-121	2072-2080	ingressi	
6-122	2081-2085	sunt	
6-123	2086-2088	in	
6-124	2089-2096	Ægyptum	
6-125	2096-2097	,	
6-126	2098-2102	ipse	
6-127	2103-2106	cum	
6-128	2107-2114	liberis	
6-129	2115-2119	suis	
6-130	2119-2120	.	

#Text=Primogenitus Ruben.
#Text=9 Filii Ruben : Henoch et Phallu et Hesron et Charmi.
#Text=10 Filii Simeon : Jamuel et Jamin et Ahod, et Jachin et Sohar, et Saul filius Chanaanitidis.
7-1	2121-2133	Primogenitus	
7-2	2134-2139	Ruben	
7-3	2139-2140	.	
7-4	2141-2142	9	
7-5	2143-2148	Filii	
7-6	2149-2154	Ruben	
7-7	2155-2156	:	
7-8	2157-2163	Henoch	
7-9	2164-2166	et	
7-10	2167-2173	Phallu	
7-11	2174-2176	et	
7-12	2177-2183	Hesron	
7-13	2184-2186	et	
7-14	2187-2193	Charmi	
7-15	2193-2194	.	
7-16	2195-2197	10	
7-17	2198-2203	Filii	
7-18	2204-2210	Simeon	
7-19	2211-2212	:	
7-20	2213-2219	Jamuel	
7-21	2220-2222	et	
7-22	2223-2228	Jamin	
7-23	2229-2231	et	
7-24	2232-2236	Ahod	
7-25	2236-2237	,	
7-26	2238-2240	et	
7-27	2241-2247	Jachin	
7-28	2248-2250	et	
7-29	2251-2256	Sohar	
7-30	2256-2257	,	
7-31	2258-2260	et	
7-32	2261-2265	Saul	
7-33	2266-2272	filius	
7-34	2273-2286	Chanaanitidis	
7-35	2286-2287	.	
