#FORMAT=WebAnno TSV 3.3


#Text=15 Omnis misericordia faciet locum unicuique, secundum meritum operum suorum, et secundum intellectum peregrinationis ipsius.
#Text=16 Non dicas : A Deo abscondar : et ex summo, quis mei memorabitur ?
1-1	2-4	15	
1-2	5-10	Omnis	
1-3	11-23	misericordia	
1-4	24-30	faciet	
1-5	31-36	locum	
1-6	37-46	unicuique	
1-7	46-47	,	
1-8	48-56	secundum	
1-9	57-64	meritum	
1-10	65-71	operum	
1-11	72-78	suorum	
1-12	78-79	,	
1-13	80-82	et	
1-14	83-91	secundum	
1-15	92-103	intellectum	
1-16	104-119	peregrinationis	
1-17	120-126	ipsius	
1-18	126-127	.	
1-19	128-130	16	
1-20	131-134	Non	
1-21	135-140	dicas	
1-22	141-142	:	
1-23	143-144	A	
1-24	145-148	Deo	
1-25	149-158	abscondar	
1-26	159-160	:	
1-27	161-163	et	
1-28	164-166	ex	
1-29	167-172	summo	
1-30	172-173	,	
1-31	174-178	quis	
1-32	179-182	mei	
1-33	183-194	memorabitur	
1-34	195-196	?	

#Text=17 in populo magno non agnoscar : quæ est enim anima mea in tam immensa creatura ?
2-1	197-199	17	
2-2	200-202	in	
2-3	203-209	populo	
2-4	210-215	magno	
2-5	216-219	non	
2-6	220-228	agnoscar	
2-7	229-230	:	
2-8	231-234	quæ	
2-9	235-238	est	
2-10	239-243	enim	
2-11	244-249	anima	
2-12	250-253	mea	
2-13	254-256	in	
2-14	257-260	tam	
2-15	261-268	immensa	
2-16	269-277	creatura	
2-17	278-279	?	

#Text=18 Ecce cælum et cæli cælorum, abyssus, et universa terra, et quæ in eis sunt, in conspectu illius commovebuntur.
#Text=19 Montes simul, et colles, et fundamenta terræ, cum conspexerit illa Deus, tremore concutientur.
#Text=20 Et in omnibus his insensatum est cor, et omne cor intelligitur ab illo.
#Text=21 Et vias illius quis intelligit, et procellam quam nec oculus videbit hominis ?
3-1	280-282	18	
3-2	283-287	Ecce	
3-3	288-293	cælum	
3-4	294-296	et	
3-5	297-301	cæli	
3-6	302-309	cælorum	
3-7	309-310	,	
3-8	311-318	abyssus	
3-9	318-319	,	
3-10	320-322	et	
3-11	323-331	universa	
3-12	332-337	terra	
3-13	337-338	,	
3-14	339-341	et	
3-15	342-345	quæ	
3-16	346-348	in	
3-17	349-352	eis	
3-18	353-357	sunt	
3-19	357-358	,	
3-20	359-361	in	
3-21	362-371	conspectu	
3-22	372-378	illius	
3-23	379-392	commovebuntur	
3-24	392-393	.	
3-25	394-396	19	
3-26	397-403	Montes	
3-27	404-409	simul	
3-28	409-410	,	
3-29	411-413	et	
3-30	414-420	colles	
3-31	420-421	,	
3-32	422-424	et	
3-33	425-435	fundamenta	
3-34	436-441	terræ	
3-35	441-442	,	
3-36	443-446	cum	
3-37	447-458	conspexerit	
3-38	459-463	illa	
3-39	464-468	Deus	
3-40	468-469	,	
3-41	470-477	tremore	
3-42	478-490	concutientur	
3-43	490-491	.	
3-44	492-494	20	
3-45	495-497	Et	
3-46	498-500	in	
3-47	501-508	omnibus	
3-48	509-512	his	
3-49	513-523	insensatum	
3-50	524-527	est	
3-51	528-531	cor	
3-52	531-532	,	
3-53	533-535	et	
3-54	536-540	omne	
3-55	541-544	cor	
3-56	545-557	intelligitur	
3-57	558-560	ab	
3-58	561-565	illo	
3-59	565-566	.	
3-60	567-569	21	
3-61	570-572	Et	
3-62	573-577	vias	
3-63	578-584	illius	
3-64	585-589	quis	
3-65	590-600	intelligit	
3-66	600-601	,	
3-67	602-604	et	
3-68	605-614	procellam	
3-69	615-619	quam	
3-70	620-623	nec	
3-71	624-630	oculus	
3-72	631-638	videbit	
3-73	639-646	hominis	
3-74	647-648	?	

#Text=22 Nam plurima illius opera sunt in absconsis : sed opera justitiæ ejus quis enuntiabit, aut quis sustinebit ?
4-1	649-651	22	
4-2	652-655	Nam	
4-3	656-663	plurima	
4-4	664-670	illius	
4-5	671-676	opera	
4-6	677-681	sunt	
4-7	682-684	in	
4-8	685-694	absconsis	
4-9	695-696	:	
4-10	697-700	sed	
4-11	701-706	opera	
4-12	707-715	justitiæ	
4-13	716-720	ejus	
4-14	721-725	quis	
4-15	726-736	enuntiabit	
4-16	736-737	,	
4-17	738-741	aut	
4-18	742-746	quis	
4-19	747-757	sustinebit	
4-20	758-759	?	

#Text=longe enim est testamentum a quibusdam, et interrogatio omnium in consummatione est.
#Text=23 Qui minoratur corde cogitat inania, et vir imprudens et errans cogitat stulta.
#Text=24 Audi me, fili, et disce disciplinam sensus, et in verbis meis attende in corde tuo : 25 et dicam in æquitate disciplinam, et scrutabor enarrare sapientiam : et in verbis meis attende in corde tuo, et dico in æquitate spiritus virtutes quas posuit Deus in opera sua ab initio, et in veritate enuntio scientiam ejus.
#Text=26 In judicio Dei opera ejus ab initio, et ab institutione ipsorum distinxit partes illorum, et initia eorum in gentibus suis.
#Text=27 Ornavit in æternum opera illorum : nec esurierunt, nec laboraverunt, et non destiterunt ab operibus suis.
#Text=28 Unusquisque proximum sibi non angustiabit in æternum : 29 non sis incredibilis verbo illius.
#Text=30 Post hæc Deus in terram respexit, et implevit illam bonis suis : 31 anima omnis vitalis denuntiavit ante faciem ipsius, et in ipsam iterum reversio illorum.
5-1	760-765	longe	
5-2	766-770	enim	
5-3	771-774	est	
5-4	775-786	testamentum	
5-5	787-788	a	
5-6	789-798	quibusdam	
5-7	798-799	,	
5-8	800-802	et	
5-9	803-815	interrogatio	
5-10	816-822	omnium	
5-11	823-825	in	
5-12	826-839	consummatione	
5-13	840-843	est	
5-14	843-844	.	
5-15	845-847	23	
5-16	848-851	Qui	
5-17	852-861	minoratur	
5-18	862-867	corde	
5-19	868-875	cogitat	
5-20	876-882	inania	
5-21	882-883	,	
5-22	884-886	et	
5-23	887-890	vir	
5-24	891-900	imprudens	
5-25	901-903	et	
5-26	904-910	errans	
5-27	911-918	cogitat	
5-28	919-925	stulta	
5-29	925-926	.	
5-30	927-929	24	
5-31	930-934	Audi	
5-32	935-937	me	
5-33	937-938	,	
5-34	939-943	fili	
5-35	943-944	,	
5-36	945-947	et	
5-37	948-953	disce	
5-38	954-965	disciplinam	
5-39	966-972	sensus	
5-40	972-973	,	
5-41	974-976	et	
5-42	977-979	in	
5-43	980-986	verbis	
5-44	987-991	meis	
5-45	992-999	attende	
5-46	1000-1002	in	
5-47	1003-1008	corde	
5-48	1009-1012	tuo	
5-49	1013-1014	:	
5-50	1015-1017	25	
5-51	1018-1020	et	
5-52	1021-1026	dicam	
5-53	1027-1029	in	
5-54	1030-1038	æquitate	
5-55	1039-1050	disciplinam	
5-56	1050-1051	,	
5-57	1052-1054	et	
5-58	1055-1064	scrutabor	
5-59	1065-1073	enarrare	
5-60	1074-1084	sapientiam	
5-61	1085-1086	:	
5-62	1087-1089	et	
5-63	1090-1092	in	
5-64	1093-1099	verbis	
5-65	1100-1104	meis	
5-66	1105-1112	attende	
5-67	1113-1115	in	
5-68	1116-1121	corde	
5-69	1122-1125	tuo	
5-70	1125-1126	,	
5-71	1127-1129	et	
5-72	1130-1134	dico	
5-73	1135-1137	in	
5-74	1138-1146	æquitate	
5-75	1147-1155	spiritus	
5-76	1156-1164	virtutes	
5-77	1165-1169	quas	
5-78	1170-1176	posuit	
5-79	1177-1181	Deus	
5-80	1182-1184	in	
5-81	1185-1190	opera	
5-82	1191-1194	sua	
5-83	1195-1197	ab	
5-84	1198-1204	initio	
5-85	1204-1205	,	
5-86	1206-1208	et	
5-87	1209-1211	in	
5-88	1212-1220	veritate	
5-89	1221-1228	enuntio	
5-90	1229-1238	scientiam	
5-91	1239-1243	ejus	
5-92	1243-1244	.	
5-93	1245-1247	26	
5-94	1248-1250	In	
5-95	1251-1258	judicio	
5-96	1259-1262	Dei	
5-97	1263-1268	opera	
5-98	1269-1273	ejus	
5-99	1274-1276	ab	
5-100	1277-1283	initio	
5-101	1283-1284	,	
5-102	1285-1287	et	
5-103	1288-1290	ab	
5-104	1291-1303	institutione	
5-105	1304-1311	ipsorum	
5-106	1312-1321	distinxit	
5-107	1322-1328	partes	
5-108	1329-1336	illorum	
5-109	1336-1337	,	
5-110	1338-1340	et	
5-111	1341-1347	initia	
5-112	1348-1353	eorum	
5-113	1354-1356	in	
5-114	1357-1365	gentibus	
5-115	1366-1370	suis	
5-116	1370-1371	.	
5-117	1372-1374	27	
5-118	1375-1382	Ornavit	
5-119	1383-1385	in	
5-120	1386-1393	æternum	
5-121	1394-1399	opera	
5-122	1400-1407	illorum	
5-123	1408-1409	:	
5-124	1410-1413	nec	
5-125	1414-1424	esurierunt	
5-126	1424-1425	,	
5-127	1426-1429	nec	
5-128	1430-1442	laboraverunt	
5-129	1442-1443	,	
5-130	1444-1446	et	
5-131	1447-1450	non	
5-132	1451-1462	destiterunt	
5-133	1463-1465	ab	
5-134	1466-1474	operibus	
5-135	1475-1479	suis	
5-136	1479-1480	.	
5-137	1481-1483	28	
5-138	1484-1495	Unusquisque	
5-139	1496-1504	proximum	
5-140	1505-1509	sibi	
5-141	1510-1513	non	
5-142	1514-1525	angustiabit	
5-143	1526-1528	in	
5-144	1529-1536	æternum	
5-145	1537-1538	:	
5-146	1539-1541	29	
5-147	1542-1545	non	
5-148	1546-1549	sis	
5-149	1550-1562	incredibilis	
5-150	1563-1568	verbo	
5-151	1569-1575	illius	
5-152	1575-1576	.	
5-153	1577-1579	30	
5-154	1580-1584	Post	
5-155	1585-1588	hæc	
5-156	1589-1593	Deus	
5-157	1594-1596	in	
5-158	1597-1603	terram	
5-159	1604-1612	respexit	
5-160	1612-1613	,	
5-161	1614-1616	et	
5-162	1617-1625	implevit	
5-163	1626-1631	illam	
5-164	1632-1637	bonis	
5-165	1638-1642	suis	
5-166	1643-1644	:	
5-167	1645-1647	31	
5-168	1648-1653	anima	
5-169	1654-1659	omnis	
5-170	1660-1667	vitalis	
5-171	1668-1679	denuntiavit	
5-172	1680-1684	ante	
5-173	1685-1691	faciem	
5-174	1692-1698	ipsius	
5-175	1698-1699	,	
5-176	1700-1702	et	
5-177	1703-1705	in	
5-178	1706-1711	ipsam	
5-179	1712-1718	iterum	
5-180	1719-1727	reversio	
5-181	1728-1735	illorum	
5-182	1735-1736	.	

#Text=Caput 17
#Text=
#Text=
#Text=1 Deus creavit de terra hominem, et secundum imaginem suam fecit illum : 2 et iterum convertit illum in ipsam, et secundum se vestivit illum virtute.
#Text=3 Numerum dierum et tempus dedit illi, et dedit illi potestatem eorum quæ sunt super terram.
#Text=4 Posuit timorem illius super omnem carnem, et dominatus est bestiarum et volatilium.
#Text=5 Creavit ex ipso adjutorium simile sibi : consilium, et linguam, et oculos, et aures, et cor dedit illis excogitandi, et disciplina intellectus replevit illos.
#Text=6 Creavit illis scientiam spiritus, sensu implevit cor illorum, et mala et bona ostendit illis.
6-1	1737-1742	Caput	
6-2	1743-1745	17	
6-3	1748-1749	1	
6-4	1750-1754	Deus	
6-5	1755-1762	creavit	
6-6	1763-1765	de	
6-7	1766-1771	terra	
6-8	1772-1779	hominem	
6-9	1779-1780	,	
6-10	1781-1783	et	
6-11	1784-1792	secundum	
6-12	1793-1801	imaginem	
6-13	1802-1806	suam	
6-14	1807-1812	fecit	
6-15	1813-1818	illum	
6-16	1819-1820	:	
6-17	1821-1822	2	
6-18	1823-1825	et	
6-19	1826-1832	iterum	
6-20	1833-1842	convertit	
6-21	1843-1848	illum	
6-22	1849-1851	in	
6-23	1852-1857	ipsam	
6-24	1857-1858	,	
6-25	1859-1861	et	
6-26	1862-1870	secundum	
6-27	1871-1873	se	
6-28	1874-1882	vestivit	
6-29	1883-1888	illum	
6-30	1889-1896	virtute	
6-31	1896-1897	.	
6-32	1898-1899	3	
6-33	1900-1907	Numerum	
6-34	1908-1914	dierum	
6-35	1915-1917	et	
6-36	1918-1924	tempus	
6-37	1925-1930	dedit	
6-38	1931-1935	illi	
6-39	1935-1936	,	
6-40	1937-1939	et	
6-41	1940-1945	dedit	
6-42	1946-1950	illi	
6-43	1951-1961	potestatem	
6-44	1962-1967	eorum	
6-45	1968-1971	quæ	
6-46	1972-1976	sunt	
6-47	1977-1982	super	
6-48	1983-1989	terram	
6-49	1989-1990	.	
6-50	1991-1992	4	
6-51	1993-1999	Posuit	
6-52	2000-2007	timorem	
6-53	2008-2014	illius	
6-54	2015-2020	super	
6-55	2021-2026	omnem	
6-56	2027-2033	carnem	
6-57	2033-2034	,	
6-58	2035-2037	et	
6-59	2038-2047	dominatus	
6-60	2048-2051	est	
6-61	2052-2061	bestiarum	
6-62	2062-2064	et	
6-63	2065-2075	volatilium	
6-64	2075-2076	.	
6-65	2077-2078	5	
6-66	2079-2086	Creavit	
6-67	2087-2089	ex	
6-68	2090-2094	ipso	
6-69	2095-2105	adjutorium	
6-70	2106-2112	simile	
6-71	2113-2117	sibi	
6-72	2118-2119	:	
6-73	2120-2129	consilium	
6-74	2129-2130	,	
6-75	2131-2133	et	
6-76	2134-2141	linguam	
6-77	2141-2142	,	
6-78	2143-2145	et	
6-79	2146-2152	oculos	
6-80	2152-2153	,	
6-81	2154-2156	et	
6-82	2157-2162	aures	
6-83	2162-2163	,	
6-84	2164-2166	et	
6-85	2167-2170	cor	
6-86	2171-2176	dedit	
6-87	2177-2182	illis	
6-88	2183-2194	excogitandi	
6-89	2194-2195	,	
6-90	2196-2198	et	
6-91	2199-2209	disciplina	
6-92	2210-2221	intellectus	
6-93	2222-2230	replevit	
6-94	2231-2236	illos	
6-95	2236-2237	.	
6-96	2238-2239	6	
6-97	2240-2247	Creavit	
6-98	2248-2253	illis	
6-99	2254-2263	scientiam	
6-100	2264-2272	spiritus	
6-101	2272-2273	,	
6-102	2274-2279	sensu	
6-103	2280-2288	implevit	
6-104	2289-2292	cor	
6-105	2293-2300	illorum	
6-106	2300-2301	,	
6-107	2302-2304	et	
6-108	2305-2309	mala	
6-109	2310-2312	et	
6-110	2313-2317	bona	
6-111	2318-2326	ostendit	
6-112	2327-2332	illis	
6-113	2332-2333	.	
