#FORMAT=WebAnno TSV 3.3
#T_SP=custom.Span|label
#T_RL=custom.Relation|label|BT_custom.Span


#Text=Doch iſts ge-
#Text=wiß, daß, wenn alles fein ordentlich auf
#Text=eine Tafel geleget wird, ſolches eine Li-
#Text=lie vorſtelle;
#Text=woraus denn ein gar vor-
#Text=theilhafter Schluß von dem Zunehmen
#Text=unſerer Frantzoͤſiſchen Colonien und
#Text=Volckpflantzungen in America koͤnte
#Text=
#Text=gemachet werden, alldieweil die goͤtt-
#Text=liche Vorſehung, welche nichts umſonſt
#Text=gemachet hat, eine Lilie an das Hertz
#Text=
#Text=desjenigeu Thieres gepflantzet, welches
#Text=das Sinnbild dieſes Landes iſt.
1-1	2-6	Doch	_	_	_	
1-2	7-11	iſts	_	_	_	
1-3	12-14	ge	_	_	_	
1-4	14-15	-	_	_	_	
1-5	16-19	wiß	_	_	_	
1-6	19-20	,	_	_	_	
1-7	21-24	daß	_	_	_	
1-8	24-25	,	_	_	_	
1-9	26-30	wenn	_	_	_	
1-10	31-36	alles	_	_	_	
1-11	37-41	fein	_	_	_	
1-12	42-52	ordentlich	_	_	_	
1-13	53-56	auf	_	_	_	
1-14	57-61	eine	_	_	_	
1-15	62-67	Tafel	_	_	_	
1-16	68-75	geleget	_	_	_	
1-17	76-80	wird	_	_	_	
1-18	80-81	,	_	_	_	
1-19	82-89	ſolches	_	_	_	
1-20	90-94	eine	_	_	_	
1-21	95-97	Li	_	_	_	
1-22	97-98	-	_	_	_	
1-23	99-102	lie	_	_	_	
1-24	103-112	vorſtelle	_	_	_	
1-25	112-113	;	_	_	_	
1-26	114-120	woraus	_	_	_	
1-27	121-125	denn	_	_	_	
1-28	126-129	ein	_	_	_	
1-29	130-133	gar	_	_	_	
1-30	134-137	vor	_	_	_	
1-31	137-138	-	_	_	_	
1-32	139-150	theilhafter	_	_	_	
1-33	151-157	Schluß	_	_	_	
1-34	158-161	von	_	_	_	
1-35	162-165	dem	_	_	_	
1-36	166-174	Zunehmen	_	_	_	
1-37	175-182	unſerer	_	_	_	
1-38	183-198	Frantzoͤſiſchen	_	_	_	
1-39	199-207	Colonien	_	_	_	
1-40	208-211	und	_	_	_	
1-41	212-229	Volckpflantzungen	_	_	_	
1-42	230-232	in	_	_	_	
1-43	233-240	America	_	_	_	
1-44	241-247	koͤnte	_	_	_	
1-45	249-257	gemachet	_	_	_	
1-46	258-264	werden	_	_	_	
1-47	264-265	,	_	_	_	
1-48	266-276	alldieweil	_	_	_	
1-49	277-280	die	_	_	_	
1-50	281-286	goͤtt	_	_	_	
1-51	286-287	-	_	_	_	
1-52	288-293	liche	_	_	_	
1-53	294-303	Vorſehung	_	_	_	
1-54	303-304	,	_	_	_	
1-55	305-311	welche	_	_	_	
1-56	312-318	nichts	_	_	_	
1-57	319-326	umſonſt	_	_	_	
1-58	327-335	gemachet	_	_	_	
1-59	336-339	hat	_	_	_	
1-60	339-340	,	_	_	_	
1-61	341-345	eine	_	_	_	
1-62	346-351	Lilie	_	_	_	
1-63	352-354	an	_	_	_	
1-64	355-358	das	_	_	_	
1-65	359-364	Hertz	_	_	_	
1-66	366-376	desjenigeu	_	_	_	
1-67	377-384	Thieres	_	_	_	
1-68	385-396	gepflantzet	_	_	_	
1-69	396-397	,	_	_	_	
1-70	398-405	welches	_	_	_	
1-71	406-409	das	_	_	_	
1-72	410-418	Sinnbild	_	_	_	
1-73	419-425	dieſes	_	_	_	
1-74	426-432	Landes	_	_	_	
1-75	433-436	iſt	_	_	_	
1-76	436-437	.	_	_	_	

#Text=Von der Schildkroͤte Caouanne
#Text=.
2-1	441-444	Von	_	_	_	
2-2	445-448	der	_	_	_	
2-3	449-461	Schildkroͤte	_	_	_	
2-4	462-470	Caouanne	_	_	_	
2-5	471-472	.	_	_	_	

#Text=Dieſe iſt von der erſtern in dieſem
#Text=
#Text=Stuͤcke unterſchieden, daß ſie einen viel
#Text=groͤſſern Kopf, gegen den Leib zu rech-
#Text=nen, hat, als alle die andern Schild-
#Text=kroͤten.
3-1	474-479	Dieſe	_	_	_	
3-2	480-483	iſt	_	_	_	
3-3	484-487	von	_	_	_	
3-4	488-491	der	_	_	_	
3-5	492-499	erſtern	_	_	_	
3-6	500-502	in	_	_	_	
3-7	503-509	dieſem	_	_	_	
3-8	511-518	Stuͤcke	_	_	_	
3-9	519-532	unterſchieden	_	_	_	
3-10	532-533	,	_	_	_	
3-11	534-537	daß	_	_	_	
3-12	538-541	ſie	_	_	_	
3-13	542-547	einen	_	_	_	
3-14	548-552	viel	_	_	_	
3-15	553-562	groͤſſern	_	_	_	
3-16	563-567	Kopf	_	_	_	
3-17	567-568	,	_	_	_	
3-18	569-574	gegen	_	_	_	
3-19	575-578	den	_	_	_	
3-20	579-583	Leib	_	_	_	
3-21	584-586	zu	_	_	_	
3-22	587-591	rech	_	_	_	
3-23	591-592	-	_	_	_	
3-24	593-596	nen	_	_	_	
3-25	596-597	,	_	_	_	
3-26	598-601	hat	_	_	_	
3-27	601-602	,	_	_	_	
3-28	603-606	als	_	_	_	
3-29	607-611	alle	_	_	_	
3-30	612-615	die	_	_	_	
3-31	616-622	andern	_	_	_	
3-32	623-629	Schild	_	_	_	
3-33	629-630	-	_	_	_	
3-34	631-638	kroͤten	_	_	_	
3-35	638-639	.	_	_	_	

#Text=Sie iſt auch viel boͤſer, und
#Text=wehrt ſich mit dem Rachen und den
#Text=Pfoten, wann man ſie angreiffen und
#Text=umkehren will.
4-1	640-643	Sie	_	_	_	
4-2	644-647	iſt	_	_	_	
4-3	648-652	auch	_	_	_	
4-4	653-657	viel	_	_	_	
4-5	658-664	boͤſer	_	_	_	
4-6	664-665	,	_	_	_	
4-7	666-669	und	_	_	_	
4-8	670-675	wehrt	_	_	_	
4-9	676-680	ſich	_	_	_	
4-10	681-684	mit	_	_	_	
4-11	685-688	dem	_	_	_	
4-12	689-695	Rachen	_	_	_	
4-13	696-699	und	_	_	_	
4-14	700-703	den	_	_	_	
4-15	704-710	Pfoten	_	_	_	
4-16	710-711	,	_	_	_	
4-17	712-716	wann	_	_	_	
4-18	717-720	man	_	_	_	
4-19	721-724	ſie	_	_	_	
4-20	725-735	angreiffen	_	_	_	
4-21	736-739	und	_	_	_	
4-22	740-748	umkehren	_	_	_	
4-23	749-753	will	_	_	_	
4-24	753-754	.	_	_	_	

#Text=Jedennoch wird ſie we-
#Text=nig geachtet, ob ſie gleich unter allen
#Text=dieſen dreyen Geſchlechten die groͤſſeſte
#Text=iſt, weil ihr Fleiſch ſchwartz iſt, ſeehaftig
#Text=riechet, und gar uͤbel ſchmecket.
5-1	755-764	Jedennoch	_	_	_	
5-2	765-769	wird	_	_	_	
5-3	770-773	ſie	_	_	_	
5-4	774-776	we	_	_	_	
5-5	776-777	-	_	_	_	
5-6	778-781	nig	_	_	_	
5-7	782-790	geachtet	_	_	_	
5-8	790-791	,	_	_	_	
5-9	792-794	ob	_	_	_	
5-10	795-798	ſie	_	_	_	
5-11	799-805	gleich	_	_	_	
5-12	806-811	unter	_	_	_	
5-13	812-817	allen	_	_	_	
5-14	818-824	dieſen	_	_	_	
5-15	825-831	dreyen	_	_	_	
5-16	832-844	Geſchlechten	_	_	_	
5-17	845-848	die	_	_	_	
5-18	849-859	groͤſſeſte	_	_	_	
5-19	860-863	iſt	_	_	_	
5-20	863-864	,	_	_	_	
5-21	865-869	weil	_	_	_	
5-22	870-873	ihr	Smell\_Source[1]	_	_	
5-23	874-881	Fleiſch	Smell\_Source[1]	_	_	
5-24	882-890	ſchwartz	_	_	_	
5-25	891-894	iſt	_	_	_	
5-26	894-895	,	_	_	_	
5-27	896-905	ſeehaftig	Evoked\_Odorant	_	_	
5-28	906-913	riechet	Smell\_Word	*|*	5-27|5-22[1_0]	
5-29	913-914	,	_	_	_	
5-30	915-918	und	_	_	_	
5-31	919-922	gar	_	_	_	
5-32	923-928	uͤbel	_	_	_	
5-33	929-938	ſchmecket	_	_	_	
5-34	938-939	.	_	_	_	

#Text=Das Oel,
#Text=welches daraus gezogen wird, iſt ſcharf,
#Text=und verderbet die Tuncken, darein es
#Text=gethan wird, und deswegen wird es
#Text=auch nicht, als in Ermangelung des
#Text=andern, gegeſſen.
6-1	940-943	Das	_	_	_	
6-2	944-947	Oel	_	_	_	
6-3	947-948	,	_	_	_	
6-4	949-956	welches	_	_	_	
6-5	957-963	daraus	_	_	_	
6-6	964-971	gezogen	_	_	_	
6-7	972-976	wird	_	_	_	
6-8	976-977	,	_	_	_	
6-9	978-981	iſt	_	_	_	
6-10	982-988	ſcharf	_	_	_	
6-11	988-989	,	_	_	_	
6-12	990-993	und	_	_	_	
6-13	994-1003	verderbet	_	_	_	
6-14	1004-1007	die	_	_	_	
6-15	1008-1015	Tuncken	_	_	_	
6-16	1015-1016	,	_	_	_	
6-17	1017-1023	darein	_	_	_	
6-18	1024-1026	es	_	_	_	
6-19	1027-1033	gethan	_	_	_	
6-20	1034-1038	wird	_	_	_	
6-21	1038-1039	,	_	_	_	
6-22	1040-1043	und	_	_	_	
6-23	1044-1052	deswegen	_	_	_	
6-24	1053-1057	wird	_	_	_	
6-25	1058-1060	es	_	_	_	
6-26	1061-1065	auch	_	_	_	
6-27	1066-1071	nicht	_	_	_	
6-28	1071-1072	,	_	_	_	
6-29	1073-1076	als	_	_	_	
6-30	1077-1079	in	_	_	_	
6-31	1080-1091	Ermangelung	_	_	_	
6-32	1092-1095	des	_	_	_	
6-33	1096-1102	andern	_	_	_	
6-34	1102-1103	,	_	_	_	
6-35	1104-1112	gegeſſen	_	_	_	
6-36	1112-1113	.	_	_	_	

#Text=Doch iſt es nicht gantz
#Text=und gar undienlich, ſondern man ge-
#Text=braucht es zum brennen in die Lampen.
7-1	1114-1118	Doch	_	_	_	
7-2	1119-1122	iſt	_	_	_	
7-3	1123-1125	es	_	_	_	
7-4	1126-1131	nicht	_	_	_	
7-5	1132-1137	gantz	_	_	_	
7-6	1138-1141	und	_	_	_	
7-7	1142-1145	gar	_	_	_	
7-8	1146-1156	undienlich	_	_	_	
7-9	1156-1157	,	_	_	_	
7-10	1158-1165	ſondern	_	_	_	
7-11	1166-1169	man	_	_	_	
7-12	1170-1172	ge	_	_	_	
7-13	1172-1173	-	_	_	_	
7-14	1174-1181	braucht	_	_	_	
7-15	1182-1184	es	_	_	_	
7-16	1185-1188	zum	_	_	_	
7-17	1189-1196	brennen	_	_	_	
7-18	1197-1199	in	_	_	_	
7-19	1200-1203	die	_	_	_	
7-20	1204-1210	Lampen	_	_	_	
7-21	1210-1211	.	_	_	_	

#Text=Diejenigen, welche ſie bey der Jnſel der
#Text=Crocodilen oder Caiman fangen, pfle-
#Text=gen die Schildkroͤte la Franche darun-
#Text=ter zu mengen, damit ſie deſto beſſer ver-
#Text=kauffen moͤgen, allein ſie theilt ihm
#Text=ih-
#Text=ren haͤßlichen
#Text=Geſchmack mit.
8-1	1213-1223	Diejenigen	_	_	_	
8-2	1223-1224	,	_	_	_	
8-3	1225-1231	welche	_	_	_	
8-4	1232-1235	ſie	_	_	_	
8-5	1236-1239	bey	_	_	_	
8-6	1240-1243	der	_	_	_	
8-7	1244-1249	Jnſel	_	_	_	
8-8	1250-1253	der	_	_	_	
8-9	1254-1264	Crocodilen	_	_	_	
8-10	1265-1269	oder	_	_	_	
8-11	1270-1276	Caiman	_	_	_	
8-12	1277-1283	fangen	_	_	_	
8-13	1283-1284	,	_	_	_	
8-14	1285-1289	pfle	_	_	_	
8-15	1289-1290	-	_	_	_	
8-16	1291-1294	gen	_	_	_	
8-17	1295-1298	die	_	_	_	
8-18	1299-1311	Schildkroͤte	_	_	_	
8-19	1312-1314	la	_	_	_	
8-20	1315-1322	Franche	_	_	_	
8-21	1323-1328	darun	_	_	_	
8-22	1328-1329	-	_	_	_	
8-23	1330-1333	ter	_	_	_	
8-24	1334-1336	zu	_	_	_	
8-25	1337-1343	mengen	_	_	_	
8-26	1343-1344	,	_	_	_	
8-27	1345-1350	damit	_	_	_	
8-28	1351-1354	ſie	_	_	_	
8-29	1355-1360	deſto	_	_	_	
8-30	1361-1367	beſſer	_	_	_	
8-31	1368-1371	ver	_	_	_	
8-32	1371-1372	-	_	_	_	
8-33	1373-1380	kauffen	_	_	_	
8-34	1381-1387	moͤgen	_	_	_	
8-35	1387-1388	,	_	_	_	
8-36	1389-1395	allein	_	_	_	
8-37	1396-1399	ſie	_	_	_	
8-38	1400-1406	theilt	_	_	_	
8-39	1407-1410	ihm	_	_	_	
8-40	1411-1413	ih	_	_	_	
8-41	1413-1414	-	_	_	_	
8-42	1415-1418	ren	_	_	_	
8-43	1419-1429	haͤßlichen	_	_	_	
8-44	1430-1439	Geſchmack	_	_	_	
8-45	1440-1443	mit	_	_	_	
8-46	1443-1444	.	_	_	_	

#Text=Wenn der Kaouanne das groſſe
#Text=Schild abgenommen, und die Knorpel
#Text=beginnen zu faulen,
#Text=ſo loͤſen ſich bald
#Text=darauf acht groſſe Blaͤtter oben ab, wel-
#Text=che viel groͤſſer ſind, als die von der
#Text=Schildkroͤte Caret, ſind aber viel zaͤrter,
#Text=
#Text=und ſchwartz und weiß marbriret.
9-1	1448-1452	Wenn	_	_	_	
9-2	1453-1456	der	_	_	_	
9-3	1457-1465	Kaouanne	_	_	_	
9-4	1466-1469	das	_	_	_	
9-5	1470-1476	groſſe	_	_	_	
9-6	1477-1483	Schild	_	_	_	
9-7	1484-1494	abgenommen	_	_	_	
9-8	1494-1495	,	_	_	_	
9-9	1496-1499	und	_	_	_	
9-10	1500-1503	die	_	_	_	
9-11	1504-1511	Knorpel	_	_	_	
9-12	1512-1520	beginnen	_	_	_	
9-13	1521-1523	zu	_	_	_	
9-14	1524-1530	faulen	_	_	_	
9-15	1530-1531	,	_	_	_	
9-16	1532-1534	ſo	_	_	_	
9-17	1535-1541	loͤſen	_	_	_	
9-18	1542-1546	ſich	_	_	_	
9-19	1547-1551	bald	_	_	_	
9-20	1552-1558	darauf	_	_	_	
9-21	1559-1563	acht	_	_	_	
9-22	1564-1570	groſſe	_	_	_	
9-23	1571-1579	Blaͤtter	_	_	_	
9-24	1580-1584	oben	_	_	_	
9-25	1585-1587	ab	_	_	_	
9-26	1587-1588	,	_	_	_	
9-27	1589-1592	wel	_	_	_	
9-28	1592-1593	-	_	_	_	
9-29	1594-1597	che	_	_	_	
9-30	1598-1602	viel	_	_	_	
9-31	1603-1611	groͤſſer	_	_	_	
9-32	1612-1616	ſind	_	_	_	
9-33	1616-1617	,	_	_	_	
9-34	1618-1621	als	_	_	_	
9-35	1622-1625	die	_	_	_	
9-36	1626-1629	von	_	_	_	
9-37	1630-1633	der	_	_	_	
9-38	1634-1646	Schildkroͤte	_	_	_	
9-39	1647-1652	Caret	_	_	_	
9-40	1652-1653	,	_	_	_	
9-41	1654-1658	ſind	_	_	_	
9-42	1659-1663	aber	_	_	_	
9-43	1664-1668	viel	_	_	_	
9-44	1669-1676	zaͤrter	_	_	_	
9-45	1676-1677	,	_	_	_	
9-46	1679-1682	und	_	_	_	
9-47	1683-1691	ſchwartz	_	_	_	
9-48	1692-1695	und	_	_	_	
9-49	1696-1700	weiß	_	_	_	
9-50	1701-1710	marbriret	_	_	_	
9-51	1710-1711	.	_	_	_	

#Text=Die
#Text=groſſen Spiegel werden damit beleget,
#Text=und iſt gewiß, wofern ſie dicker waͤren,
10-1	1712-1715	Die	_	_	_	
10-2	1716-1723	groſſen	_	_	_	
10-3	1724-1731	Spiegel	_	_	_	
10-4	1732-1738	werden	_	_	_	
10-5	1739-1744	damit	_	_	_	
10-6	1745-1752	beleget	_	_	_	
10-7	1752-1753	,	_	_	_	
10-8	1754-1757	und	_	_	_	
10-9	1758-1761	iſt	_	_	_	
10-10	1762-1767	gewiß	_	_	_	
10-11	1767-1768	,	_	_	_	
10-12	1769-1775	wofern	_	_	_	
10-13	1776-1779	ſie	_	_	_	
10-14	1780-1786	dicker	_	_	_	
10-15	1787-1793	waͤren	_	_	_	
10-16	1793-1794	,	_	_	_	
