#FORMAT=WebAnno TSV 3.3


#Text=noch
#Text=bey liegendem Schnee derſelbe am Baum
#Text=
#Text=geſehen wird:
#Text=denn die Bluͤhte und Frucht-
#Text=knoſpen verſtaͤrcken ſich im Winter alſo/
#Text=
#Text=daß ſie ſchon im Jenner zum außfallen be-
#Text=reit ſind.
1-1	0-4	noch	
1-2	5-8	bey	
1-3	9-18	liegendem	
1-4	19-25	Schnee	
1-5	26-34	derſelbe	
1-6	35-37	am	
1-7	38-42	Baum	
1-8	44-51	geſehen	
1-9	52-56	wird	
1-10	56-57	:	
1-11	58-62	denn	
1-12	63-66	die	
1-13	67-74	Bluͤhte	
1-14	75-78	und	
1-15	79-85	Frucht	
1-16	85-86	-	
1-17	87-94	knoſpen	
1-18	95-107	verſtaͤrcken	
1-19	108-112	ſich	
1-20	113-115	im	
1-21	116-122	Winter	
1-22	123-127	alſo	
1-23	127-128	/	
1-24	130-133	daß	
1-25	134-137	ſie	
1-26	138-143	ſchon	
1-27	144-146	im	
1-28	147-153	Jenner	
1-29	154-157	zum	
1-30	158-167	außfallen	
1-31	168-170	be	
1-32	170-171	-	
1-33	172-176	reit	
1-34	177-181	ſind	
1-35	181-182	.	

#Text=Sie bedoͤrffen auch keines pel-
#Text=tzens noch pfropffens/ ſonderen gerahten
#Text=von ihrer Pflantzung zum fruchtbahren
#Text=
#Text=Wachsthumb.
2-1	183-186	Sie	
2-2	187-197	bedoͤrffen	
2-3	198-202	auch	
2-4	203-209	keines	
2-5	210-213	pel	
2-6	213-214	-	
2-7	215-220	tzens	
2-8	221-225	noch	
2-9	226-236	pfropffens	
2-10	236-237	/	
2-11	238-246	ſonderen	
2-12	247-255	gerahten	
2-13	256-259	von	
2-14	260-265	ihrer	
2-15	266-276	Pflantzung	
2-16	277-280	zum	
2-17	281-293	fruchtbahren	
2-18	295-305	Wachsthumb	
2-19	305-306	.	

#Text=Was ſeine Verpflantzung
#Text=betrifft/ muß mit deſſelben Schoͤßlingen/
#Text=
#Text=wie mit anderen von der Wurtzlen abgeriſ-
#Text=ſenen Straͤuchen verfahren werden.
3-1	307-310	Was	
3-2	311-316	ſeine	
3-3	317-330	Verpflantzung	
3-4	331-339	betrifft	
3-5	339-340	/	
3-6	341-344	muß	
3-7	345-348	mit	
3-8	349-358	deſſelben	
3-9	359-371	Schoͤßlingen	
3-10	371-372	/	
3-11	374-377	wie	
3-12	378-381	mit	
3-13	382-389	anderen	
3-14	390-393	von	
3-15	394-397	der	
3-16	398-406	Wurtzlen	
3-17	407-414	abgeriſ	
3-18	414-415	-	
3-19	416-421	ſenen	
3-20	422-432	Straͤuchen	
3-21	433-442	verfahren	
3-22	443-449	werden	
3-23	449-450	.	

#Text=Den Jndianiſchen Bruſtbeerlein-baum/
#Text=(ſo da iſt Jujuba Jndica, C.
4-1	454-457	Den	
4-2	458-470	Jndianiſchen	
4-3	471-489	Bruſtbeerlein-baum	
4-4	489-490	/	
4-5	491-492	(	
4-6	492-494	ſo	
4-7	495-497	da	
4-8	498-501	iſt	
4-9	502-508	Jujuba	
4-10	509-515	Jndica	
4-11	515-516	,	
4-12	517-518	C	
4-13	518-519	.	

#Text=B.
5-1	520-521	B	
5-2	521-522	.	

#Text=Ber Jndica fructu
#Text=Jujubino, J.
6-1	523-526	Ber	
6-2	527-533	Jndica	
6-3	534-540	fructu	
6-4	541-549	Jujubino	
6-5	549-550	,	
6-6	551-552	J	
6-7	552-553	.	

#Text=Bauh.
7-1	554-558	Bauh	
7-2	558-559	.	

#Text=Malus Indica Luſitanis, Ber
#Text=& Bor Acoſtæ, Park.) beſchreibet Chriſtopho-
#Text=
#Text=rus à Coſta in Libr. aromat.
8-1	560-565	Malus	
8-2	566-572	Indica	
8-3	573-582	Luſitanis	
8-4	582-583	,	
8-5	584-587	Ber	
8-6	588-589	&	
8-7	590-593	Bor	
8-8	594-600	Acoſtæ	
8-9	600-601	,	
8-10	602-606	Park	
8-11	606-607	.	
8-12	607-608	)	
8-13	609-620	beſchreibet	
8-14	621-631	Chriſtopho	
8-15	631-632	-	
8-16	634-637	rus	
8-17	638-639	à	
8-18	640-645	Coſta	
8-19	646-648	in	
8-20	649-653	Libr	
8-21	653-654	.	
8-22	655-661	aromat	
8-23	661-662	.	

#Text=Cap.
9-1	663-666	Cap	
9-2	666-667	.	

#Text=LI. alſo.
10-1	668-670	LI	
10-2	670-671	.	
10-3	672-676	alſo	
10-4	676-677	.	

#Text=Er
#Text=
#Text=iſt ein groſſer Baum mit vielen Blaͤtteren/
#Text=
#Text=Blumen und Fruͤchten begabet.
11-1	678-680	Er	
11-2	682-685	iſt	
11-3	686-689	ein	
11-4	690-697	groſſer	
11-5	698-702	Baum	
11-6	703-706	mit	
11-7	707-713	vielen	
11-8	714-724	Blaͤtteren	
11-9	724-725	/	
11-10	727-733	Blumen	
11-11	734-737	und	
11-12	738-747	Fruͤchten	
11-13	748-755	begabet	
11-14	755-756	.	

#Text=Die Blaͤt-
#Text=ter ſind nicht alſo eins/ wie an dem Apffel-
#Text=baum/ ob wohl ſie ſich ſonſten mit deſſen
#Text=Blaͤtteren vergleichen/
#Text=oben erſcheinen ſie
#Text=ſatt-gruͤn/ unden aber weiß und rauchlicht/
#Text=
#Text=wie die Salbey-Blaͤtter/ mit einem zuſam-
#Text=menziehenden Geſchmack.
12-1	757-760	Die	
12-2	761-766	Blaͤt	
12-3	766-767	-	
12-4	768-771	ter	
12-5	772-776	ſind	
12-6	777-782	nicht	
12-7	783-787	alſo	
12-8	788-792	eins	
12-9	792-793	/	
12-10	794-797	wie	
12-11	798-800	an	
12-12	801-804	dem	
12-13	805-811	Apffel	
12-14	811-812	-	
12-15	813-817	baum	
12-16	817-818	/	
12-17	819-821	ob	
12-18	822-826	wohl	
12-19	827-830	ſie	
12-20	831-835	ſich	
12-21	836-843	ſonſten	
12-22	844-847	mit	
12-23	848-854	deſſen	
12-24	855-865	Blaͤtteren	
12-25	866-877	vergleichen	
12-26	877-878	/	
12-27	879-883	oben	
12-28	884-894	erſcheinen	
12-29	895-898	ſie	
12-30	899-909	ſatt-gruͤn	
12-31	909-910	/	
12-32	911-916	unden	
12-33	917-921	aber	
12-34	922-926	weiß	
12-35	927-930	und	
12-36	931-941	rauchlicht	
12-37	941-942	/	
12-38	944-947	wie	
12-39	948-951	die	
12-40	952-967	Salbey-Blaͤtter	
12-41	967-968	/	
12-42	969-972	mit	
12-43	973-978	einem	
12-44	979-984	zuſam	
12-45	984-985	-	
12-46	986-998	menziehenden	
12-47	999-1008	Geſchmack	
12-48	1008-1009	.	

#Text=Die Blumen
13-1	1010-1013	Die	
13-2	1014-1020	Blumen	
