#FORMAT=WebAnno TSV 3.3
#T_SP=custom.Span|label
#T_RL=custom.Relation|label|BT_custom.Span


#Text=Allerley di-
#Text=ſtillirte Oele.
1-1	3-11	Allerley	_	_	_	
1-2	12-14	di	_	_	_	
1-3	14-15	-	_	_	_	
1-4	16-25	ſtillirte	_	_	_	
1-5	26-30	Oele	_	_	_	
1-6	30-31	.	_	_	_	

#Text=Das neundte Capitel.
2-1	35-38	Das	_	_	_	
2-2	39-46	neundte	_	_	_	
2-3	47-54	Capitel	_	_	_	
2-4	54-55	.	_	_	_	

#Text=Von der Thymſeide
#Text=.
3-1	58-61	Von	_	_	_	
3-2	62-65	der	_	_	_	
3-3	66-75	Thymſeide	_	_	_	
3-4	76-77	.	_	_	_	

#Text=DAs Epithymum ſieht faſt wie Haare,
#Text=und findet ſich auf unterſchiedlichen
#Text=Kraͤutern, z.
4-1	81-84	DAs	_	_	_	
4-2	85-94	Epithymum	_	_	_	
4-3	95-100	ſieht	_	_	_	
4-4	101-105	faſt	_	_	_	
4-5	106-109	wie	_	_	_	
4-6	110-115	Haare	_	_	_	
4-7	115-116	,	_	_	_	
4-8	117-120	und	_	_	_	
4-9	121-127	findet	_	_	_	
4-10	128-132	ſich	_	_	_	
4-11	133-136	auf	_	_	_	
4-12	137-154	unterſchiedlichen	_	_	_	
4-13	155-164	Kraͤutern	_	_	_	
4-14	164-165	,	_	_	_	
4-15	166-167	z	_	_	_	
4-16	167-168	.	_	_	_	

#Text=E. auf dem Thymian, da-
#Text=her ihm auch der Name Epithymum,
#Text=Teigne de Thym, gekommen.
5-1	169-170	E	_	_	_	
5-2	170-171	.	_	_	_	
5-3	172-175	auf	_	_	_	
5-4	176-179	dem	_	_	_	
5-5	180-187	Thymian	_	_	_	
5-6	187-188	,	_	_	_	
5-7	189-191	da	_	_	_	
5-8	191-192	-	_	_	_	
5-9	193-196	her	_	_	_	
5-10	197-200	ihm	_	_	_	
5-11	201-205	auch	_	_	_	
5-12	206-209	der	_	_	_	
5-13	210-214	Name	_	_	_	
5-14	215-224	Epithymum	_	_	_	
5-15	224-225	,	_	_	_	
5-16	226-232	Teigne	_	_	_	
5-17	233-235	de	_	_	_	
5-18	236-240	Thym	_	_	_	
5-19	240-241	,	_	_	_	
5-20	242-250	gekommen	_	_	_	
5-21	250-251	.	_	_	_	

#Text=Wir ver-
#Text=kauffen aber zwey Sorten des Epithymi,
#Text=eine aus Candien, die andere von Ve-
#Text=nedig.
6-1	252-255	Wir	_	_	_	
6-2	256-259	ver	_	_	_	
6-3	259-260	-	_	_	_	
6-4	261-268	kauffen	_	_	_	
6-5	269-273	aber	_	_	_	
6-6	274-278	zwey	_	_	_	
6-7	279-285	Sorten	_	_	_	
6-8	286-289	des	_	_	_	
6-9	290-298	Epithymi	Smell\_Source	_	_	
6-10	298-299	,	_	_	_	
6-11	300-304	eine	_	_	_	
6-12	305-308	aus	Location[1]	_	_	
6-13	309-316	Candien	Location[1]	_	_	
6-14	316-317	,	_	_	_	
6-15	318-321	die	_	_	_	
6-16	322-328	andere	_	_	_	
6-17	329-332	von	Location[2]	_	_	
6-18	333-335	Ve	Location[2]	_	_	
6-19	335-336	-	Location[2]	_	_	
6-20	337-342	nedig	Location[2]	_	_	
6-21	342-343	.	_	_	_	

#Text=Jene ſind lange braune Faſen,
#Text=riechen gar aromatiſch: die andere her-
#Text=gegen iſt viel kleiner und zerknickt, riecht
#Text=aber ſtaͤrcker denn die erſte.
7-1	344-348	Jene	_	_	_	
7-2	349-353	ſind	_	_	_	
7-3	354-359	lange	_	_	_	
7-4	360-366	braune	_	_	_	
7-5	367-372	Faſen	_	_	_	
7-6	372-373	,	_	_	_	
7-7	374-381	riechen	Smell\_Word	*|*|*	7-8[3_0]|6-9|6-12[1_0]	
7-8	382-385	gar	Quality[3]	_	_	
7-9	386-396	aromatiſch	Quality[3]	_	_	
7-10	396-397	:	_	_	_	
7-11	398-401	die	_	_	_	
7-12	402-408	andere	_	_	_	
7-13	409-412	her	_	_	_	
7-14	412-413	-	_	_	_	
7-15	414-419	gegen	_	_	_	
7-16	420-423	iſt	_	_	_	
7-17	424-428	viel	_	_	_	
7-18	429-436	kleiner	_	_	_	
7-19	437-440	und	_	_	_	
7-20	441-450	zerknickt	_	_	_	
7-21	450-451	,	_	_	_	
7-22	452-458	riecht	Smell\_Word	*|*|*	7-24|6-9|6-17[2_0]	
7-23	459-463	aber	_	_	_	
7-24	464-473	ſtaͤrcker	Quality	_	_	
7-25	474-478	denn	_	_	_	
7-26	479-482	die	_	_	_	
7-27	483-488	erſte	_	_	_	
7-28	488-489	.	_	_	_	

#Text=Es giebt
#Text=auch ſonſt noch eine andere Sorte deſſel-
#Text=ben, welche unſere Kraͤuterleute unter
#Text=dem Namen Epitbym de pays,
#Text=inlaͤndi-
#Text=ſche Thymſeide verkauffen;
#Text=ſoll aber
#Text=gaͤntzlich verworffen werden, angeſehen
#Text=
#Text=ſie weder Geruch noch Geſchmack hat,
#Text=deſſen die andern dagegen genug haben.
8-1	490-492	Es	_	_	_	
8-2	493-498	giebt	_	_	_	
8-3	499-503	auch	_	_	_	
8-4	504-509	ſonſt	_	_	_	
8-5	510-514	noch	_	_	_	
8-6	515-519	eine	_	_	_	
8-7	520-526	andere	_	_	_	
8-8	527-532	Sorte	_	_	_	
8-9	533-539	deſſel	_	_	_	
8-10	539-540	-	_	_	_	
8-11	541-544	ben	_	_	_	
8-12	544-545	,	_	_	_	
8-13	546-552	welche	_	_	_	
8-14	553-559	unſere	_	_	_	
8-15	560-573	Kraͤuterleute	_	_	_	
8-16	574-579	unter	_	_	_	
8-17	580-583	dem	_	_	_	
8-18	584-589	Namen	_	_	_	
8-19	590-597	Epitbym	Smell\_Source[4]	_	_	
8-20	598-600	de	Smell\_Source[4]	_	_	
8-21	601-605	pays	Smell\_Source[4]	_	_	
8-22	605-606	,	_	_	_	
8-23	607-615	inlaͤndi	_	_	_	
8-24	615-616	-	_	_	_	
8-25	617-621	ſche	_	_	_	
8-26	622-631	Thymſeide	_	_	_	
8-27	632-642	verkauffen	_	_	_	
8-28	642-643	;	_	_	_	
8-29	644-648	ſoll	_	_	_	
8-30	649-653	aber	_	_	_	
8-31	654-664	gaͤntzlich	_	_	_	
8-32	665-675	verworffen	_	_	_	
8-33	676-682	werden	_	_	_	
8-34	682-683	,	_	_	_	
8-35	684-693	angeſehen	_	_	_	
8-36	695-698	ſie	_	_	_	
8-37	699-704	weder	Quality	_	_	
8-38	705-711	Geruch	Smell\_Word	*|*	8-37|8-19[4_0]	
8-39	712-716	noch	_	_	_	
8-40	717-726	Geſchmack	_	_	_	
8-41	727-730	hat	_	_	_	
8-42	730-731	,	_	_	_	
8-43	732-738	deſſen	_	_	_	
8-44	739-742	die	_	_	_	
8-45	743-749	andern	_	_	_	
8-46	750-757	dagegen	_	_	_	
8-47	758-763	genug	_	_	_	
8-48	764-769	haben	_	_	_	
8-49	769-770	.	_	_	_	

#Text=Jndeſſen ſoll das Epithymum, das Vene-
#Text=tianiſche, ſowohl, als das aus Candien,
#Text=fein friſch und wohlriechend ſeyn, auch
#Text=ſo wenig, als moͤglich, zerſtoſſen.
9-1	772-780	Jndeſſen	_	_	_	
9-2	781-785	ſoll	_	_	_	
9-3	786-789	das	_	_	_	
9-4	790-799	Epithymum	Smell\_Source	_	_	
9-5	799-800	,	_	_	_	
9-6	801-804	das	_	_	_	
9-7	805-809	Vene	Location[5]	_	_	
9-8	809-810	-	Location[5]	_	_	
9-9	811-820	tianiſche	Location[5]	_	_	
9-10	820-821	,	_	_	_	
9-11	822-828	ſowohl	_	_	_	
9-12	828-829	,	_	_	_	
9-13	830-833	als	_	_	_	
9-14	834-837	das	_	_	_	
9-15	838-841	aus	Location[6]	_	_	
9-16	842-849	Candien	Location[6]	_	_	
9-17	849-850	,	_	_	_	
9-18	851-855	fein	_	_	_	
9-19	856-862	friſch	_	_	_	
9-20	863-866	und	_	_	_	
9-21	867-879	wohlriechend	Smell\_Word[7]|Quality[8]	*|*|*|*	9-21[8_7]|9-4[0_7]|9-7[5_7]|9-15[6_7]	
9-22	880-884	ſeyn	_	_	_	
9-23	884-885	,	_	_	_	
9-24	886-890	auch	_	_	_	
9-25	891-893	ſo	_	_	_	
9-26	894-899	wenig	_	_	_	
9-27	899-900	,	_	_	_	
9-28	901-904	als	_	_	_	
9-29	905-913	moͤglich	_	_	_	
9-30	913-914	,	_	_	_	
9-31	915-925	zerſtoſſen	_	_	_	
9-32	925-926	.	_	_	_	

#Text=Venetiani-
#Text=ſche, Candia-
#Text=niſche, inlaͤn-
#Text=diſche Thym-
#Text=ſeide.
10-1	930-939	Venetiani	_	_	_	
10-2	939-940	-	_	_	_	
10-3	941-945	ſche	_	_	_	
10-4	945-946	,	_	_	_	
10-5	947-953	Candia	_	_	_	
10-6	953-954	-	_	_	_	
10-7	955-961	niſche	_	_	_	
10-8	961-962	,	_	_	_	
10-9	963-969	inlaͤn	_	_	_	
10-10	969-970	-	_	_	_	
10-11	971-977	diſche	_	_	_	
10-12	978-982	Thym	_	_	_	
10-13	982-983	-	_	_	_	
10-14	984-989	ſeide	_	_	_	
10-15	989-990	.	_	_	_	

#Text=Es wird einiger maſſen in der Artz-
#Text=ney gebraucht, und zu unterſchiedenen
#Text=Galeniſchen compoſitionen genommen.
11-1	992-994	Es	_	_	_	
11-2	995-999	wird	_	_	_	
11-3	1000-1007	einiger	_	_	_	
11-4	1008-1014	maſſen	_	_	_	
11-5	1015-1017	in	_	_	_	
11-6	1018-1021	der	_	_	_	
11-7	1022-1026	Artz	_	_	_	
11-8	1026-1027	-	_	_	_	
11-9	1028-1031	ney	_	_	_	
11-10	1032-1041	gebraucht	_	_	_	
11-11	1041-1042	,	_	_	_	
11-12	1043-1046	und	_	_	_	
11-13	1047-1049	zu	_	_	_	
11-14	1050-1065	unterſchiedenen	_	_	_	
11-15	1066-1077	Galeniſchen	_	_	_	
11-16	1078-1091	compoſitionen	_	_	_	
11-17	1092-1100	genommen	_	_	_	
11-18	1100-1101	.	_	_	_	
