#FORMAT=WebAnno TSV 3.3


#Text=want men vindt 'er, die tusschen de vier en vyf ankers houden.
1-1	2-6	want	
1-2	7-10	men	
1-3	11-16	vindt	
1-4	17-18	'	
1-5	18-20	er	
1-6	20-21	,	
1-7	22-25	die	
1-8	26-34	tusschen	
1-9	35-37	de	
1-10	38-42	vier	
1-11	43-45	en	
1-12	46-49	vyf	
1-13	50-56	ankers	
1-14	57-63	houden	
1-15	63-64	.	

#Text=In de 
#Text=Stad,
#Text=
#Text=
#Text=
#Text=
#Text=
#Text=
#Text=+Haare pagales
2-1	65-67	In	
2-2	68-70	de	
2-3	72-76	Stad	
2-4	76-77	,	
2-5	84-85	+	
2-6	85-90	Haare	
2-7	91-98	pagales	

#Text=.
3-1	98-99	.	

#Text=+
#Text=Van de water potten.
4-1	111-112	+	
4-2	113-116	Van	
4-3	117-119	de	
4-4	120-125	water	
4-5	126-132	potten	
4-6	132-133	.	

#Text=of op de plantagin, is geen huis, daar 'er niet, ten minste, drie of vier zyn, om het 
#Text=regenwater welk men dagelyksch drinkt, te bewaaren.
5-1	140-142	of	
5-2	143-145	op	
5-3	146-148	de	
5-4	149-158	plantagin	
5-5	158-159	,	
5-6	160-162	is	
5-7	163-167	geen	
5-8	168-172	huis	
5-9	172-173	,	
5-10	174-178	daar	
5-11	179-180	'	
5-12	180-182	er	
5-13	183-187	niet	
5-14	187-188	,	
5-15	189-192	ten	
5-16	193-199	minste	
5-17	199-200	,	
5-18	201-205	drie	
5-19	206-208	of	
5-20	209-213	vier	
5-21	214-217	zyn	
5-22	217-218	,	
5-23	219-221	om	
5-24	222-225	het	
5-25	227-237	regenwater	
5-26	238-242	welk	
5-27	243-246	men	
5-28	247-257	dagelyksch	
5-29	258-264	drinkt	
5-30	264-265	,	
5-31	266-268	te	
5-32	269-277	bewaaren	
5-33	277-278	.	

#Text=Deze potten zuiveren het 
#Text=water, en houden het zo koel, als of het uit een yskelder kwam
6-1	279-283	Deze	
6-2	284-290	potten	
6-3	291-299	zuiveren	
6-4	300-303	het	
6-5	305-310	water	
6-6	310-311	,	
6-7	312-314	en	
6-8	315-321	houden	
6-9	322-325	het	
6-10	326-328	zo	
6-11	329-333	koel	
6-12	333-334	,	
6-13	335-338	als	
6-14	339-341	of	
6-15	342-345	het	
6-16	346-349	uit	
6-17	350-353	een	
6-18	354-362	yskelder	
6-19	363-367	kwam	

#Text=.
7-1	367-368	.	

#Text=+
#Text=De Hamacs
#Text=, welken naam alle de Indiaanen aan hunne bedden, by ons 
#Text=hangmatten genoemd, geeven, zyn gemaakt van een stuk katoenen lynwaat, 
#Text=van zes of zeven voeten lang, en twaalf of veertien voeten breed, waar van de
#Text=uiterste hoeken wel vyftig of meer ronde gaten hebben, waarin kleine wel gesponnene 
#Text=en getweernde koorden, insgelyks van katoen, en hebbende ieder de lengte van 
#Text=
#Text=pleitgedingen en hunne fyne streeken en gesleepene uitvluchten in zaa-
#Text=
#Text=
#Text=
#Text=
#Text=
#Text=ken van regten niet verlooren hadden, zo heeft men verscheidene Gerigtshoven 
#Text=moeten aanstellen, om hun gelegenheid te geeven, van zich van een eerste vonnis 
#Text=tot een hoogeren Regter, of Opper-Gerigtshof te kunnen beroepen.
8-1	375-376	+	
8-2	377-379	De	
8-3	380-386	Hamacs	
8-4	387-388	,	
8-5	389-395	welken	
8-6	396-400	naam	
8-7	401-405	alle	
8-8	406-408	de	
8-9	409-418	Indiaanen	
8-10	419-422	aan	
8-11	423-428	hunne	
8-12	429-435	bedden	
8-13	435-436	,	
8-14	437-439	by	
8-15	440-443	ons	
8-16	445-455	hangmatten	
8-17	456-463	genoemd	
8-18	463-464	,	
8-19	465-471	geeven	
8-20	471-472	,	
8-21	473-476	zyn	
8-22	477-484	gemaakt	
8-23	485-488	van	
8-24	489-492	een	
8-25	493-497	stuk	
8-26	498-506	katoenen	
8-27	507-514	lynwaat	
8-28	514-515	,	
8-29	517-520	van	
8-30	521-524	zes	
8-31	525-527	of	
8-32	528-533	zeven	
8-33	534-540	voeten	
8-34	541-545	lang	
8-35	545-546	,	
8-36	547-549	en	
8-37	550-556	twaalf	
8-38	557-559	of	
8-39	560-568	veertien	
8-40	569-575	voeten	
8-41	576-581	breed	
8-42	581-582	,	
8-43	583-587	waar	
8-44	588-591	van	
8-45	592-594	de	
8-46	595-603	uiterste	
8-47	604-610	hoeken	
8-48	611-614	wel	
8-49	615-621	vyftig	
8-50	622-624	of	
8-51	625-629	meer	
8-52	630-635	ronde	
8-53	636-641	gaten	
8-54	642-648	hebben	
8-55	648-649	,	
8-56	650-656	waarin	
8-57	657-663	kleine	
8-58	664-667	wel	
8-59	668-678	gesponnene	
8-60	680-682	en	
8-61	683-693	getweernde	
8-62	694-701	koorden	
8-63	701-702	,	
8-64	703-712	insgelyks	
8-65	713-716	van	
8-66	717-723	katoen	
8-67	723-724	,	
8-68	725-727	en	
8-69	728-736	hebbende	
8-70	737-742	ieder	
8-71	743-745	de	
8-72	746-752	lengte	
8-73	753-756	van	
8-74	759-772	pleitgedingen	
8-75	773-775	en	
8-76	776-781	hunne	
8-77	782-786	fyne	
8-78	787-795	streeken	
8-79	796-798	en	
8-80	799-809	gesleepene	
8-81	810-821	uitvluchten	
8-82	822-824	in	
8-83	825-828	zaa	
8-84	828-829	-	
8-85	835-838	ken	
8-86	839-842	van	
8-87	843-849	regten	
8-88	850-854	niet	
8-89	855-864	verlooren	
8-90	865-871	hadden	
8-91	871-872	,	
8-92	873-875	zo	
8-93	876-881	heeft	
8-94	882-885	men	
8-95	886-898	verscheidene	
8-96	899-911	Gerigtshoven	
8-97	913-919	moeten	
8-98	920-930	aanstellen	
8-99	930-931	,	
8-100	932-934	om	
8-101	935-938	hun	
8-102	939-950	gelegenheid	
8-103	951-953	te	
8-104	954-960	geeven	
8-105	960-961	,	
8-106	962-965	van	
8-107	966-970	zich	
8-108	971-974	van	
8-109	975-978	een	
8-110	979-985	eerste	
8-111	986-992	vonnis	
8-112	994-997	tot	
8-113	998-1001	een	
8-114	1002-1010	hoogeren	
8-115	1011-1017	Regter	
8-116	1017-1018	,	
8-117	1019-1021	of	
8-118	1022-1038	Opper-Gerigtshof	
8-119	1039-1041	te	
8-120	1042-1048	kunnen	
8-121	1049-1057	beroepen	
8-122	1057-1058	.	

#Text=Men moet echter 
#Text=niet wagten, in eenen der Leden van deze Gerigtshoven, beroemde Regtsgeleerden, 
#Text=die geoeffend zyn in de kennisse der wetten te vinden, maar wyze, zagtzinnige, en 
#Text=by gevolg onbaatzuchtige mannen, wier vroomheid zo groot is, dat het gezond 
#Text=verstand en de opregtheid alle hunne vonnissen voorschryven.
9-1	1059-1062	Men	
9-2	1063-1067	moet	
9-3	1068-1074	echter	
9-4	1076-1080	niet	
9-5	1081-1087	wagten	
9-6	1087-1088	,	
9-7	1089-1091	in	
9-8	1092-1097	eenen	
9-9	1098-1101	der	
9-10	1102-1107	Leden	
9-11	1108-1111	van	
9-12	1112-1116	deze	
9-13	1117-1129	Gerigtshoven	
9-14	1129-1130	,	
9-15	1131-1139	beroemde	
9-16	1140-1154	Regtsgeleerden	
9-17	1154-1155	,	
9-18	1157-1160	die	
9-19	1161-1170	geoeffend	
9-20	1171-1174	zyn	
9-21	1175-1177	in	
9-22	1178-1180	de	
9-23	1181-1189	kennisse	
9-24	1190-1193	der	
9-25	1194-1200	wetten	
9-26	1201-1203	te	
9-27	1204-1210	vinden	
9-28	1210-1211	,	
9-29	1212-1216	maar	
9-30	1217-1221	wyze	
9-31	1221-1222	,	
9-32	1223-1234	zagtzinnige	
9-33	1234-1235	,	
9-34	1236-1238	en	
9-35	1240-1242	by	
9-36	1243-1249	gevolg	
9-37	1250-1264	onbaatzuchtige	
9-38	1265-1271	mannen	
9-39	1271-1272	,	
9-40	1273-1277	wier	
9-41	1278-1287	vroomheid	
9-42	1288-1290	zo	
9-43	1291-1296	groot	
9-44	1297-1299	is	
9-45	1299-1300	,	
9-46	1301-1304	dat	
9-47	1305-1308	het	
9-48	1309-1315	gezond	
9-49	1317-1325	verstand	
9-50	1326-1328	en	
9-51	1329-1331	de	
9-52	1332-1342	opregtheid	
9-53	1343-1347	alle	
9-54	1348-1353	hunne	
9-55	1354-1363	vonnissen	
9-56	1364-1376	voorschryven	
9-57	1376-1377	.	

#Text=Wat kan men meer 
#Text=begeeren?
10-1	1378-1381	Wat	
10-2	1382-1385	kan	
10-3	1386-1389	men	
10-4	1390-1394	meer	
10-5	1396-1404	begeeren	
10-6	1404-1405	?	

#Text=+
#Text=De Gouverneur is uit hoofde van zyn ampt, voorzitter van alle de drie Gerigtshoven 
#Text=in Suriname.
11-1	1412-1413	+	
11-2	1414-1416	De	
11-3	1417-1427	Gouverneur	
11-4	1428-1430	is	
11-5	1431-1434	uit	
11-6	1435-1441	hoofde	
11-7	1442-1445	van	
11-8	1446-1449	zyn	
11-9	1450-1454	ampt	
11-10	1454-1455	,	
11-11	1456-1466	voorzitter	
11-12	1467-1470	van	
11-13	1471-1475	alle	
11-14	1476-1478	de	
11-15	1479-1483	drie	
11-16	1484-1496	Gerigtshoven	
11-17	1498-1500	in	
11-18	1501-1509	Suriname	
11-19	1509-1510	.	

#Text=Het eerste dezer Gerigtshoven, het Hof van Politie of crimineele Justitie 
#Text=genoemd, bestaat uit dertien persoonen, te weeten den Gouverneur, een' 
#Text=Kommandant, een' Fiskaal, een' Secretaris en negen andere Leden, die uit de 
#Text=voornaamste inwooners, en door dezelven, benoemd worden, hebbende de 
#Text=Gouverneur
#Text=het regt van verkiezing uit een dubbel getal, dat by de stemmen der 
#Text=opgezetenen benoemd is.
12-1	1515-1518	Het	
12-2	1519-1525	eerste	
12-3	1526-1531	dezer	
12-4	1532-1544	Gerigtshoven	
12-5	1544-1545	,	
12-6	1546-1549	het	
12-7	1550-1553	Hof	
12-8	1554-1557	van	
12-9	1558-1565	Politie	
12-10	1566-1568	of	
12-11	1569-1579	crimineele	
12-12	1580-1588	Justitie	
12-13	1590-1597	genoemd	
12-14	1597-1598	,	
12-15	1599-1606	bestaat	
12-16	1607-1610	uit	
12-17	1611-1618	dertien	
12-18	1619-1628	persoonen	
12-19	1628-1629	,	
12-20	1630-1632	te	
12-21	1633-1639	weeten	
12-22	1640-1643	den	
12-23	1644-1654	Gouverneur	
12-24	1654-1655	,	
12-25	1656-1659	een	
12-26	1659-1660	'	
12-27	1662-1672	Kommandant	
12-28	1672-1673	,	
12-29	1674-1677	een	
12-30	1677-1678	'	
12-31	1679-1686	Fiskaal	
12-32	1686-1687	,	
12-33	1688-1691	een	
12-34	1691-1692	'	
12-35	1693-1703	Secretaris	
12-36	1704-1706	en	
12-37	1707-1712	negen	
12-38	1713-1719	andere	
12-39	1720-1725	Leden	
12-40	1725-1726	,	
12-41	1727-1730	die	
12-42	1731-1734	uit	
12-43	1735-1737	de	
12-44	1739-1750	voornaamste	
12-45	1751-1760	inwooners	
12-46	1760-1761	,	
12-47	1762-1764	en	
12-48	1765-1769	door	
12-49	1770-1778	dezelven	
12-50	1778-1779	,	
12-51	1780-1787	benoemd	
12-52	1788-1794	worden	
12-53	1794-1795	,	
12-54	1796-1804	hebbende	
12-55	1805-1807	de	
12-56	1809-1819	Gouverneur	
12-57	1820-1823	het	
12-58	1824-1828	regt	
12-59	1829-1832	van	
12-60	1833-1843	verkiezing	
12-61	1844-1847	uit	
12-62	1848-1851	een	
12-63	1852-1858	dubbel	
12-64	1859-1864	getal	
12-65	1864-1865	,	
12-66	1866-1869	dat	
12-67	1870-1872	by	
12-68	1873-1875	de	
12-69	1876-1883	stemmen	
12-70	1884-1887	der	
12-71	1889-1900	opgezetenen	
12-72	1901-1908	benoemd	
12-73	1909-1911	is	
12-74	1911-1912	.	

#Text=Maar men moet aanmerken, dat niemand tot de
#Text=waardigheid van Lid in deze vergadering verkoozen kan worden, zonder vaste 
#Text=goederen in de Kolonie te hebben, en dat deze bedieningen voor 't leeven zyn, en 
#Text=niets dan eere, en geen voordeel aan brengen.
13-1	1913-1917	Maar	
13-2	1918-1921	men	
13-3	1922-1926	moet	
13-4	1927-1936	aanmerken	
13-5	1936-1937	,	
13-6	1938-1941	dat	
13-7	1942-1949	niemand	
13-8	1950-1953	tot	
13-9	1954-1956	de	
13-10	1957-1968	waardigheid	
13-11	1969-1972	van	
13-12	1973-1976	Lid	
13-13	1977-1979	in	
13-14	1980-1984	deze	
13-15	1985-1996	vergadering	
13-16	1997-2006	verkoozen	
13-17	2007-2010	kan	
13-18	2011-2017	worden	
13-19	2017-2018	,	
13-20	2019-2025	zonder	
13-21	2026-2031	vaste	
13-22	2033-2041	goederen	
13-23	2042-2044	in	
13-24	2045-2047	de	
13-25	2048-2055	Kolonie	
13-26	2056-2058	te	
13-27	2059-2065	hebben	
13-28	2065-2066	,	
13-29	2067-2069	en	
13-30	2070-2073	dat	
13-31	2074-2078	deze	
13-32	2079-2090	bedieningen	
13-33	2091-2095	voor	
13-34	2096-2097	'	
13-35	2097-2098	t	
13-36	2099-2105	leeven	
13-37	2106-2109	zyn	
13-38	2109-2110	,	
13-39	2111-2113	en	
13-40	2115-2120	niets	
13-41	2121-2124	dan	
13-42	2125-2129	eere	
13-43	2129-2130	,	
13-44	2131-2133	en	
13-45	2134-2138	geen	
13-46	2139-2147	voordeel	
13-47	2148-2151	aan	
13-48	2152-2159	brengen	
13-49	2159-2160	.	
