#FORMAT=WebAnno TSV 3.3
#T_SP=custom.Span|label
#T_RL=custom.Relation|label|BT_custom.Span


#Text=Præ-
#Text=laten, Belle ſylvia, Belle warande, das rechte Au-
#Text=ge/ Cardinal.
1-1	0-3	Præ	_	_	_	
1-2	3-4	-	_	_	_	
1-3	5-10	laten	_	_	_	
1-4	10-11	,	_	_	_	
1-5	12-17	Belle	_	_	_	
1-6	18-24	ſylvia	_	_	_	
1-7	24-25	,	_	_	_	
1-8	26-31	Belle	_	_	_	
1-9	32-39	warande	_	_	_	
1-10	39-40	,	_	_	_	
1-11	41-44	das	_	_	_	
1-12	45-51	rechte	_	_	_	
1-13	52-54	Au	_	_	_	
1-14	54-55	-	_	_	_	
1-15	56-58	ge	_	_	_	
1-16	58-59	/	_	_	_	
1-17	60-68	Cardinal	_	_	_	
1-18	68-69	.	_	_	_	

#Text=Ringata, geflammete von Kuͤlenburg/
#Text=Hermaphrodita, Kram, Cebecken, Ringata orlatu,
#Text=
#Text=
#Text=
#Text=
#Text=Winters ins Hauß geſetzt werden:
#Text=Auff daß ſie
#Text=aber deſto beſſer bluͤhen/ ſoll man ſie in keine groſſe
#Text=Buͤtten oder Toͤpffe ſetzen/ etliche mengen Erden dar-
#Text=zu mit Eichen-Aſche/ dadurch die Bluͤte deſto beſſer
#Text=
#Text=zu befoͤrdern/ der Kuh- und Pferde-Miſt aber wird
#Text=am beſten dazu befunden.
2-1	70-77	Ringata	_	_	_	
2-2	77-78	,	_	_	_	
2-3	79-89	geflammete	_	_	_	
2-4	90-93	von	_	_	_	
2-5	94-104	Kuͤlenburg	_	_	_	
2-6	104-105	/	_	_	_	
2-7	106-119	Hermaphrodita	_	_	_	
2-8	119-120	,	_	_	_	
2-9	121-125	Kram	_	_	_	
2-10	125-126	,	_	_	_	
2-11	127-135	Cebecken	_	_	_	
2-12	135-136	,	_	_	_	
2-13	137-144	Ringata	_	_	_	
2-14	145-151	orlatu	_	_	_	
2-15	151-152	,	_	_	_	
2-16	157-164	Winters	_	_	_	
2-17	165-168	ins	_	_	_	
2-18	169-173	Hauß	_	_	_	
2-19	174-181	geſetzt	_	_	_	
2-20	182-188	werden	_	_	_	
2-21	188-189	:	_	_	_	
2-22	190-194	Auff	_	_	_	
2-23	195-198	daß	_	_	_	
2-24	199-202	ſie	_	_	_	
2-25	203-207	aber	_	_	_	
2-26	208-213	deſto	_	_	_	
2-27	214-220	beſſer	_	_	_	
2-28	221-228	bluͤhen	_	_	_	
2-29	228-229	/	_	_	_	
2-30	230-234	ſoll	Circumstances[1]	_	_	
2-31	235-238	man	Circumstances[1]	_	_	
2-32	239-242	ſie	Circumstances[1]	_	_	
2-33	243-245	in	Circumstances[1]	_	_	
2-34	246-251	keine	Circumstances[1]	_	_	
2-35	252-258	groſſe	Circumstances[1]	_	_	
2-36	259-266	Buͤtten	Circumstances[1]	_	_	
2-37	267-271	oder	Circumstances[1]	_	_	
2-38	272-279	Toͤpffe	Circumstances[1]	_	_	
2-39	280-286	ſetzen	Circumstances[1]	_	_	
2-40	286-287	/	Circumstances[1]	_	_	
2-41	288-295	etliche	Circumstances[1]	_	_	
2-42	296-302	mengen	Circumstances[1]	_	_	
2-43	303-308	Erden	Circumstances[1]	_	_	
2-44	309-312	dar	Circumstances[1]	_	_	
2-45	312-313	-	Circumstances[1]	_	_	
2-46	314-316	zu	Circumstances[1]	_	_	
2-47	317-320	mit	Circumstances[1]	_	_	
2-48	321-333	Eichen-Aſche	Circumstances[1]	_	_	
2-49	333-334	/	Circumstances[1]	_	_	
2-50	335-342	dadurch	Circumstances[1]	_	_	
2-51	343-346	die	Circumstances[1]	_	_	
2-52	347-353	Bluͤte	Circumstances[1]	_	_	
2-53	354-359	deſto	Circumstances[1]	_	_	
2-54	360-366	beſſer	Circumstances[1]	_	_	
2-55	368-370	zu	Circumstances[1]	_	_	
2-56	371-381	befoͤrdern	Circumstances[1]	_	_	
2-57	381-382	/	Circumstances[1]	_	_	
2-58	383-386	der	Circumstances[1]	_	_	
2-59	387-390	Kuh	Circumstances[1]	_	_	
2-60	390-391	-	Circumstances[1]	_	_	
2-61	392-395	und	Circumstances[1]	_	_	
2-62	396-407	Pferde-Miſt	Circumstances[1]	_	_	
2-63	408-412	aber	Circumstances[1]	_	_	
2-64	413-417	wird	Circumstances[1]	_	_	
2-65	418-420	am	Circumstances[1]	_	_	
2-66	421-427	beſten	Circumstances[1]	_	_	
2-67	428-432	dazu	Circumstances[1]	_	_	
2-68	433-441	befunden	Circumstances[1]	_	_	
2-69	441-442	.	Circumstances[1]	_	_	

#Text=Es
#Text=waͤchſet
#Text=dieſer Baum nicht hoch/ und iſt eine
#Text=ſchoͤne Zierde in den Garten/
#Text=ſeine Blätter kommen
#Text=Anfangs lieblich roth herfuͤr/ und werden gruͤn/ und
#Text=glaͤntzend wie das Myrten-Laub/ mit rothen Stie-
#Text=len/ die Blume iſt hochroth und wohlriechend.
3-1	446-448	Es	_	_	_	
3-2	449-457	waͤchſet	_	_	_	
3-3	458-464	dieſer	_	_	_	
3-4	465-469	Baum	_	_	_	
3-5	470-475	nicht	_	_	_	
3-6	476-480	hoch	_	_	_	
3-7	480-481	/	_	_	_	
3-8	482-485	und	_	_	_	
3-9	486-489	iſt	_	_	_	
3-10	490-494	eine	_	_	_	
3-11	495-502	ſchoͤne	_	_	_	
3-12	503-509	Zierde	_	_	_	
3-13	510-512	in	_	_	_	
3-14	513-516	den	_	_	_	
3-15	517-523	Garten	_	_	_	
3-16	523-524	/	_	_	_	
3-17	525-530	ſeine	_	_	_	
3-18	531-538	Blätter	_	_	_	
3-19	539-545	kommen	_	_	_	
3-20	546-553	Anfangs	_	_	_	
3-21	554-562	lieblich	_	_	_	
3-22	563-567	roth	_	_	_	
3-23	568-575	herfuͤr	_	_	_	
3-24	575-576	/	_	_	_	
3-25	577-580	und	_	_	_	
3-26	581-587	werden	_	_	_	
3-27	588-593	gruͤn	_	_	_	
3-28	593-594	/	_	_	_	
3-29	595-598	und	_	_	_	
3-30	599-609	glaͤntzend	_	_	_	
3-31	610-613	wie	_	_	_	
3-32	614-617	das	_	_	_	
3-33	618-629	Myrten-Laub	_	_	_	
3-34	629-630	/	_	_	_	
3-35	631-634	mit	_	_	_	
3-36	635-641	rothen	_	_	_	
3-37	642-646	Stie	_	_	_	
3-38	646-647	-	_	_	_	
3-39	648-651	len	_	_	_	
3-40	651-652	/	_	_	_	
3-41	653-656	die	_	_	_	
3-42	657-662	Blume	Smell\_Source	_	_	
3-43	663-666	iſt	_	_	_	
3-44	667-675	hochroth	_	_	_	
3-45	676-679	und	_	_	_	
3-46	680-692	wohlriechend	Smell\_Word[2]|Quality[3]	*|*|*	3-46[3_2]|3-42[0_2]|2-30[1_2]	
3-47	692-693	.	_	_	_	

#Text=Es
#Text=
#Text=verlangt dieſer Baum fuͤr andern die Wärme/
#Text=des-
#Text=wegen er die Sommers-Zeit uͤber wohl gegen die
#Text=Sonne zu ſetzen/ und des Winters auch an warmen
#Text=
#Text=Orten zu verwahren iſt.
4-1	694-696	Es	_	_	_	
4-2	698-706	verlangt	_	_	_	
4-3	707-713	dieſer	_	_	_	
4-4	714-718	Baum	_	_	_	
4-5	719-723	fuͤr	_	_	_	
4-6	724-730	andern	_	_	_	
4-7	731-734	die	_	_	_	
4-8	735-740	Wärme	_	_	_	
4-9	740-741	/	_	_	_	
4-10	742-745	des	_	_	_	
4-11	745-746	-	_	_	_	
4-12	747-752	wegen	_	_	_	
4-13	753-755	er	_	_	_	
4-14	756-759	die	_	_	_	
4-15	760-772	Sommers-Zeit	_	_	_	
4-16	773-778	uͤber	_	_	_	
4-17	779-783	wohl	_	_	_	
4-18	784-789	gegen	_	_	_	
4-19	790-793	die	_	_	_	
4-20	794-799	Sonne	_	_	_	
4-21	800-802	zu	_	_	_	
4-22	803-809	ſetzen	_	_	_	
4-23	809-810	/	_	_	_	
4-24	811-814	und	_	_	_	
4-25	815-818	des	_	_	_	
4-26	819-826	Winters	_	_	_	
4-27	827-831	auch	_	_	_	
4-28	832-834	an	_	_	_	
4-29	835-841	warmen	_	_	_	
4-30	843-848	Orten	_	_	_	
4-31	849-851	zu	_	_	_	
4-32	852-861	verwahren	_	_	_	
4-33	862-865	iſt	_	_	_	
4-34	865-866	.	_	_	_	

#Text=Wann dieſer Baum nicht
#Text=gern fort wachſen will/
#Text=ſo pflantzet ihn um/ denn es
#Text=
#Text=alsdenn
#Text=eine Anzeige iſt/
#Text=daß das Gefaͤß/ allwo er in-
#Text=nen ſteht/ ihm zu klein ſey.
5-1	867-871	Wann	_	_	_	
5-2	872-878	dieſer	_	_	_	
5-3	879-883	Baum	_	_	_	
5-4	884-889	nicht	_	_	_	
5-5	890-894	gern	_	_	_	
5-6	895-899	fort	_	_	_	
5-7	900-907	wachſen	_	_	_	
5-8	908-912	will	_	_	_	
5-9	912-913	/	_	_	_	
5-10	914-916	ſo	_	_	_	
5-11	917-926	pflantzet	_	_	_	
5-12	927-930	ihn	_	_	_	
5-13	931-933	um	_	_	_	
5-14	933-934	/	_	_	_	
5-15	935-939	denn	_	_	_	
5-16	940-942	es	_	_	_	
5-17	944-951	alsdenn	_	_	_	
5-18	952-956	eine	_	_	_	
5-19	957-964	Anzeige	_	_	_	
5-20	965-968	iſt	_	_	_	
5-21	968-969	/	_	_	_	
5-22	970-973	daß	_	_	_	
5-23	974-977	das	_	_	_	
5-24	978-984	Gefaͤß	_	_	_	
5-25	984-985	/	_	_	_	
5-26	986-991	allwo	_	_	_	
5-27	992-994	er	_	_	_	
5-28	995-997	in	_	_	_	
5-29	997-998	-	_	_	_	
5-30	999-1002	nen	_	_	_	
5-31	1003-1008	ſteht	_	_	_	
5-32	1008-1009	/	_	_	_	
5-33	1010-1013	ihm	_	_	_	
5-34	1014-1016	zu	_	_	_	
5-35	1017-1022	klein	_	_	_	
5-36	1023-1026	ſey	_	_	_	
5-37	1026-1027	.	_	_	_	
