#FORMAT=WebAnno TSV 3.3


#Text=Eeuwig
#Text=heil van God.
1-1	2-8	Eeuwig	
1-2	9-13	heil	
1-3	14-17	van	
1-4	18-21	God	
1-5	21-22	.	

#Text=BEMINDE ZUSTER,
#Text=
#Text=Ik groet U L. vriendelyk, in de heilige naame Jezus, den eeuwigen uitvloed en
#Text=zoetheid Gods.
2-1	24-31	BEMINDE	
2-2	32-38	ZUSTER	
2-3	38-39	,	
2-4	41-43	Ik	
2-5	44-49	groet	
2-6	50-51	U	
2-7	52-53	L	
2-8	53-54	.	
2-9	55-65	vriendelyk	
2-10	65-66	,	
2-11	67-69	in	
2-12	70-72	de	
2-13	73-80	heilige	
2-14	81-86	naame	
2-15	87-92	Jezus	
2-16	92-93	,	
2-17	94-97	den	
2-18	98-106	eeuwigen	
2-19	107-115	uitvloed	
2-20	116-118	en	
2-21	119-127	zoetheid	
2-22	128-132	Gods	
2-23	132-133	.	

#Text=Jezus dat hemelse brood, wiens gebenedyde
#Text=
#Text=Jan Luyken, Geestelyke brieven
#Text=
#Text=
#Text=\f61
#Text=mond gezegt heeft, Die in my gelooft zal niet sterven in der eeuwigheid
#Text=, wy gelooven
#Text=door zyne genade, en zynen
#Text=Heiligen Geest wil ons geloove meer en meer
#Text=versterken, om door dien mond des geloofs dagelyks te eeten, van dat waare brood
#Text=der ziele, en de beminde alzo te draagen in de Schatkamer onzes herte, tot een
#Text=allerkostelykste waarburg tegens alle onze vyanden, en scherpe vervolgers.
3-1	134-139	Jezus	
3-2	140-143	dat	
3-3	144-151	hemelse	
3-4	152-157	brood	
3-5	157-158	,	
3-6	159-164	wiens	
3-7	165-175	gebenedyde	
3-8	177-180	Jan	
3-9	181-187	Luyken	
3-10	187-188	,	
3-11	189-199	Geestelyke	
3-12	200-207	brieven	
3-13	211-213	61	
3-14	214-218	mond	
3-15	219-225	gezegt	
3-16	226-231	heeft	
3-17	231-232	,	
3-18	233-236	Die	
3-19	237-239	in	
3-20	240-242	my	
3-21	243-250	gelooft	
3-22	251-254	zal	
3-23	255-259	niet	
3-24	260-267	sterven	
3-25	268-270	in	
3-26	271-274	der	
3-27	275-285	eeuwigheid	
3-28	286-287	,	
3-29	288-290	wy	
3-30	291-299	gelooven	
3-31	300-304	door	
3-32	305-309	zyne	
3-33	310-316	genade	
3-34	316-317	,	
3-35	318-320	en	
3-36	321-326	zynen	
3-37	327-335	Heiligen	
3-38	336-341	Geest	
3-39	342-345	wil	
3-40	346-349	ons	
3-41	350-357	geloove	
3-42	358-362	meer	
3-43	363-365	en	
3-44	366-370	meer	
3-45	371-381	versterken	
3-46	381-382	,	
3-47	383-385	om	
3-48	386-390	door	
3-49	391-395	dien	
3-50	396-400	mond	
3-51	401-404	des	
3-52	405-412	geloofs	
3-53	413-421	dagelyks	
3-54	422-424	te	
3-55	425-430	eeten	
3-56	430-431	,	
3-57	432-435	van	
3-58	436-439	dat	
3-59	440-445	waare	
3-60	446-451	brood	
3-61	452-455	der	
3-62	456-461	ziele	
3-63	461-462	,	
3-64	463-465	en	
3-65	466-468	de	
3-66	469-476	beminde	
3-67	477-481	alzo	
3-68	482-484	te	
3-69	485-492	draagen	
3-70	493-495	in	
3-71	496-498	de	
3-72	499-509	Schatkamer	
3-73	510-515	onzes	
3-74	516-521	herte	
3-75	521-522	,	
3-76	523-526	tot	
3-77	527-530	een	
3-78	531-547	allerkostelykste	
3-79	548-556	waarburg	
3-80	557-563	tegens	
3-81	564-568	alle	
3-82	569-573	onze	
3-83	574-581	vyanden	
3-84	581-582	,	
3-85	583-585	en	
3-86	586-593	scherpe	
3-87	594-604	vervolgers	
3-88	604-605	.	

#Text=Och
#Text=lieve Zuster en medegenoot, in het zuchtende leven, wy hoopen, dat wy den Heiland
#Text=in ons hebben, en altyd zullen behouden, die ons door alle vyandschap en
#Text=wederhoudinge zal doorvoeren, tot in het vriendelyke licht zyner Majesteit, eeuwig
#Text=bevryd voor de spitse fenynige pylen der vyanden, die ons alhier zo dikmaals raaken,
#Text=en ons vreeze en tribulatie aanbrengen, beroerende het stille water des gemoeds,
#Text=dat het met de aarde des gronds vermengt, en verduistert wordende, weer tyd van
#Text=doen heeft eer de onklaarheid is gezonken, en ons aldus veelmaal in onze
#Text=Pelgrimschap doet zeggen:
#Text=Och!
4-1	606-609	Och	
4-2	610-615	lieve	
4-3	616-622	Zuster	
4-4	623-625	en	
4-5	626-636	medegenoot	
4-6	636-637	,	
4-7	638-640	in	
4-8	641-644	het	
4-9	645-654	zuchtende	
4-10	655-660	leven	
4-11	660-661	,	
4-12	662-664	wy	
4-13	665-671	hoopen	
4-14	671-672	,	
4-15	673-676	dat	
4-16	677-679	wy	
4-17	680-683	den	
4-18	684-691	Heiland	
4-19	692-694	in	
4-20	695-698	ons	
4-21	699-705	hebben	
4-22	705-706	,	
4-23	707-709	en	
4-24	710-715	altyd	
4-25	716-722	zullen	
4-26	723-731	behouden	
4-27	731-732	,	
4-28	733-736	die	
4-29	737-740	ons	
4-30	741-745	door	
4-31	746-750	alle	
4-32	751-761	vyandschap	
4-33	762-764	en	
4-34	765-778	wederhoudinge	
4-35	779-782	zal	
4-36	783-793	doorvoeren	
4-37	793-794	,	
4-38	795-798	tot	
4-39	799-801	in	
4-40	802-805	het	
4-41	806-817	vriendelyke	
4-42	818-823	licht	
4-43	824-829	zyner	
4-44	830-839	Majesteit	
4-45	839-840	,	
4-46	841-847	eeuwig	
4-47	848-854	bevryd	
4-48	855-859	voor	
4-49	860-862	de	
4-50	863-869	spitse	
4-51	870-878	fenynige	
4-52	879-884	pylen	
4-53	885-888	der	
4-54	889-896	vyanden	
4-55	896-897	,	
4-56	898-901	die	
4-57	902-905	ons	
4-58	906-912	alhier	
4-59	913-915	zo	
4-60	916-924	dikmaals	
4-61	925-931	raaken	
4-62	931-932	,	
4-63	933-935	en	
4-64	936-939	ons	
4-65	940-946	vreeze	
4-66	947-949	en	
4-67	950-960	tribulatie	
4-68	961-971	aanbrengen	
4-69	971-972	,	
4-70	973-983	beroerende	
4-71	984-987	het	
4-72	988-994	stille	
4-73	995-1000	water	
4-74	1001-1004	des	
4-75	1005-1012	gemoeds	
4-76	1012-1013	,	
4-77	1014-1017	dat	
4-78	1018-1021	het	
4-79	1022-1025	met	
4-80	1026-1028	de	
4-81	1029-1034	aarde	
4-82	1035-1038	des	
4-83	1039-1045	gronds	
4-84	1046-1054	vermengt	
4-85	1054-1055	,	
4-86	1056-1058	en	
4-87	1059-1070	verduistert	
4-88	1071-1079	wordende	
4-89	1079-1080	,	
4-90	1081-1085	weer	
4-91	1086-1089	tyd	
4-92	1090-1093	van	
4-93	1094-1098	doen	
4-94	1099-1104	heeft	
4-95	1105-1108	eer	
4-96	1109-1111	de	
4-97	1112-1123	onklaarheid	
4-98	1124-1126	is	
4-99	1127-1135	gezonken	
4-100	1135-1136	,	
4-101	1137-1139	en	
4-102	1140-1143	ons	
4-103	1144-1149	aldus	
4-104	1150-1158	veelmaal	
4-105	1159-1161	in	
4-106	1162-1166	onze	
4-107	1167-1179	Pelgrimschap	
4-108	1180-1184	doet	
4-109	1185-1191	zeggen	
4-110	1191-1192	:	
4-111	1193-1196	Och	
4-112	1196-1197	!	

#Text=en ach!
5-1	1198-1200	en	
5-2	1201-1204	ach	
5-3	1204-1205	!	

#Text=maar daar ô lieve Zuster, daar in dat
#Text=Vreden-dal, zal de heldere beek der ziele, nooit modderachtig door eenige beroeringe
#Text=worden, op welk heil wy dan te zaamen hoopen, op dat wy eeuwig in vrede zoetelyk
#Text=tot God onze beminde gekeert zyn, en hy tot ons, ondertussen laat ons gemoedigt
#Text=zyn, dan eens beneepen en dan eens ruime lucht, alzo hoopen wy, evenwel de
#Text=bergen en dalen, van deze onze levens tyd over, en den weg ten
#Text=
#Text=Jan Luyken, Geestelyke brieven
#Text=
#Text=
#Text=\f62
#Text=einde te komen, in goede hoope van als dan uit den kerker dezes tabernakels, door
#Text=een opgesloote deure in eeuwige vryheid uit te gaan, in het opene en vrye veld der
#Text=eindelooze eeuwigheid, en aldaar als lieve Speelgenooten, te zaamen te verkeeren,
#Text=ja in die eeuwige Zaligheid, vol Gods, vol Jezus, vol des Heiligen Geestes, vol
#Text=wonderen, schoonheden en lekkernyen, ô God!
6-1	1206-1210	maar	
6-2	1211-1215	daar	
6-3	1216-1217	ô	
6-4	1218-1223	lieve	
6-5	1224-1230	Zuster	
6-6	1230-1231	,	
6-7	1232-1236	daar	
6-8	1237-1239	in	
6-9	1240-1243	dat	
6-10	1244-1254	Vreden-dal	
6-11	1254-1255	,	
6-12	1256-1259	zal	
6-13	1260-1262	de	
6-14	1263-1270	heldere	
6-15	1271-1275	beek	
6-16	1276-1279	der	
6-17	1280-1285	ziele	
6-18	1285-1286	,	
6-19	1287-1292	nooit	
6-20	1293-1305	modderachtig	
6-21	1306-1310	door	
6-22	1311-1317	eenige	
6-23	1318-1328	beroeringe	
6-24	1329-1335	worden	
6-25	1335-1336	,	
6-26	1337-1339	op	
6-27	1340-1344	welk	
6-28	1345-1349	heil	
6-29	1350-1352	wy	
6-30	1353-1356	dan	
6-31	1357-1359	te	
6-32	1360-1366	zaamen	
6-33	1367-1373	hoopen	
6-34	1373-1374	,	
6-35	1375-1377	op	
6-36	1378-1381	dat	
6-37	1382-1384	wy	
6-38	1385-1391	eeuwig	
6-39	1392-1394	in	
6-40	1395-1400	vrede	
6-41	1401-1409	zoetelyk	
6-42	1410-1413	tot	
6-43	1414-1417	God	
6-44	1418-1422	onze	
6-45	1423-1430	beminde	
6-46	1431-1438	gekeert	
6-47	1439-1442	zyn	
6-48	1442-1443	,	
6-49	1444-1446	en	
6-50	1447-1449	hy	
6-51	1450-1453	tot	
6-52	1454-1457	ons	
6-53	1457-1458	,	
6-54	1459-1470	ondertussen	
6-55	1471-1475	laat	
6-56	1476-1479	ons	
6-57	1480-1489	gemoedigt	
6-58	1490-1493	zyn	
6-59	1493-1494	,	
6-60	1495-1498	dan	
6-61	1499-1503	eens	
6-62	1504-1512	beneepen	
6-63	1513-1515	en	
6-64	1516-1519	dan	
6-65	1520-1524	eens	
6-66	1525-1530	ruime	
6-67	1531-1536	lucht	
6-68	1536-1537	,	
6-69	1538-1542	alzo	
6-70	1543-1549	hoopen	
6-71	1550-1552	wy	
6-72	1552-1553	,	
6-73	1554-1561	evenwel	
6-74	1562-1564	de	
6-75	1565-1571	bergen	
6-76	1572-1574	en	
6-77	1575-1580	dalen	
6-78	1580-1581	,	
6-79	1582-1585	van	
6-80	1586-1590	deze	
6-81	1591-1595	onze	
6-82	1596-1602	levens	
6-83	1603-1606	tyd	
6-84	1607-1611	over	
6-85	1611-1612	,	
6-86	1613-1615	en	
6-87	1616-1619	den	
6-88	1620-1623	weg	
6-89	1624-1627	ten	
6-90	1629-1632	Jan	
6-91	1633-1639	Luyken	
6-92	1639-1640	,	
6-93	1641-1651	Geestelyke	
6-94	1652-1659	brieven	
6-95	1663-1665	62	
6-96	1666-1671	einde	
6-97	1672-1674	te	
6-98	1675-1680	komen	
6-99	1680-1681	,	
6-100	1682-1684	in	
6-101	1685-1690	goede	
6-102	1691-1696	hoope	
6-103	1697-1700	van	
6-104	1701-1704	als	
6-105	1705-1708	dan	
6-106	1709-1712	uit	
6-107	1713-1716	den	
6-108	1717-1723	kerker	
6-109	1724-1729	dezes	
6-110	1730-1741	tabernakels	
6-111	1741-1742	,	
6-112	1743-1747	door	
6-113	1748-1751	een	
6-114	1752-1762	opgesloote	
6-115	1763-1768	deure	
6-116	1769-1771	in	
6-117	1772-1779	eeuwige	
6-118	1780-1787	vryheid	
6-119	1788-1791	uit	
6-120	1792-1794	te	
6-121	1795-1799	gaan	
6-122	1799-1800	,	
6-123	1801-1803	in	
6-124	1804-1807	het	
6-125	1808-1813	opene	
6-126	1814-1816	en	
6-127	1817-1821	vrye	
6-128	1822-1826	veld	
6-129	1827-1830	der	
6-130	1831-1841	eindelooze	
6-131	1842-1852	eeuwigheid	
6-132	1852-1853	,	
6-133	1854-1856	en	
6-134	1857-1863	aldaar	
6-135	1864-1867	als	
6-136	1868-1873	lieve	
6-137	1874-1887	Speelgenooten	
6-138	1887-1888	,	
6-139	1889-1891	te	
6-140	1892-1898	zaamen	
6-141	1899-1901	te	
6-142	1902-1911	verkeeren	
6-143	1911-1912	,	
6-144	1913-1915	ja	
6-145	1916-1918	in	
6-146	1919-1922	die	
6-147	1923-1930	eeuwige	
6-148	1931-1940	Zaligheid	
6-149	1940-1941	,	
6-150	1942-1945	vol	
6-151	1946-1950	Gods	
6-152	1950-1951	,	
6-153	1952-1955	vol	
6-154	1956-1961	Jezus	
6-155	1961-1962	,	
6-156	1963-1966	vol	
6-157	1967-1970	des	
6-158	1971-1979	Heiligen	
6-159	1980-1987	Geestes	
6-160	1987-1988	,	
6-161	1989-1992	vol	
6-162	1993-2001	wonderen	
6-163	2001-2002	,	
6-164	2003-2014	schoonheden	
6-165	2015-2017	en	
6-166	2018-2028	lekkernyen	
6-167	2028-2029	,	
6-168	2030-2031	ô	
6-169	2032-2035	God	
6-170	2035-2036	!	

#Text=hoe groot is deze verwachtinge,
#Text=daar wy 't oog des Geloofs, en verwachtings op gestelt hebben;
#Text=ô Zuster, ô Vrienden,
#Text=wat een onuitspreekelyken voorwerp is dit, waarom zingen en springen wy niet altyd
#Text=van vreugden, maar wy hebben een zwaar blok des uitwendigen vleeses, aan 't
#Text=been des geestes, als wy van 't zelve ontkluistert worden, dan hoopen wy ons uit
#Text=te laaten in vreugden;
#Text=ô ja!
7-1	2037-2040	hoe	
7-2	2041-2046	groot	
7-3	2047-2049	is	
7-4	2050-2054	deze	
7-5	2055-2067	verwachtinge	
7-6	2067-2068	,	
7-7	2069-2073	daar	
7-8	2074-2076	wy	
7-9	2077-2078	'	
7-10	2078-2079	t	
7-11	2080-2083	oog	
7-12	2084-2087	des	
7-13	2088-2095	Geloofs	
7-14	2095-2096	,	
7-15	2097-2099	en	
7-16	2100-2112	verwachtings	
7-17	2113-2115	op	
7-18	2116-2123	gestelt	
7-19	2124-2130	hebben	
7-20	2130-2131	;	
7-21	2132-2133	ô	
7-22	2134-2140	Zuster	
7-23	2140-2141	,	
7-24	2142-2143	ô	
7-25	2144-2152	Vrienden	
7-26	2152-2153	,	
7-27	2154-2157	wat	
7-28	2158-2161	een	
7-29	2162-2179	onuitspreekelyken	
7-30	2180-2188	voorwerp	
7-31	2189-2191	is	
7-32	2192-2195	dit	
7-33	2195-2196	,	
7-34	2197-2203	waarom	
7-35	2204-2210	zingen	
7-36	2211-2213	en	
7-37	2214-2222	springen	
7-38	2223-2225	wy	
7-39	2226-2230	niet	
7-40	2231-2236	altyd	
7-41	2237-2240	van	
7-42	2241-2249	vreugden	
7-43	2249-2250	,	
7-44	2251-2255	maar	
7-45	2256-2258	wy	
7-46	2259-2265	hebben	
7-47	2266-2269	een	
7-48	2270-2275	zwaar	
7-49	2276-2280	blok	
7-50	2281-2284	des	
7-51	2285-2296	uitwendigen	
7-52	2297-2304	vleeses	
7-53	2304-2305	,	
7-54	2306-2309	aan	
7-55	2310-2311	'	
7-56	2311-2312	t	
7-57	2313-2317	been	
7-58	2318-2321	des	
7-59	2322-2329	geestes	
7-60	2329-2330	,	
7-61	2331-2334	als	
7-62	2335-2337	wy	
7-63	2338-2341	van	
7-64	2342-2343	'	
7-65	2343-2344	t	
7-66	2345-2350	zelve	
7-67	2351-2363	ontkluistert	
7-68	2364-2370	worden	
7-69	2370-2371	,	
7-70	2372-2375	dan	
7-71	2376-2382	hoopen	
7-72	2383-2385	wy	
7-73	2386-2389	ons	
7-74	2390-2393	uit	
7-75	2394-2396	te	
7-76	2397-2403	laaten	
7-77	2404-2406	in	
7-78	2407-2415	vreugden	
7-79	2415-2416	;	
7-80	2417-2418	ô	
7-81	2419-2421	ja	
7-82	2421-2422	!	

#Text=beminde Zuster, wy hoopen op groot goed, ondertussen
#Text=geeve ons God, een groen uitspruitseltje ten wasdom, uit elken stryd en
#Text=beneepenheid des gemoeds, God geeve dat het alzo zy, schoon wy 't alzo bevindelyk
#Text=niet en weeten, God geeve dat wy door al het jaagen en plaagen van den duivel,
#Text=ons te meerder tot God jaagen, ja onze lieve God doe het ons al ten besten gedyen,
#Text=in de Heilige naame
#Text=Jezus, door zynen H: Geest die zy met u, en in u, tot in der
#Text=eeuwigheid, vaart wel in 't herte Gods, en weest noch eens gegroet, in de heilige
#Text=naame
#Text=Jezus van my.
8-1	2423-2430	beminde	
8-2	2431-2437	Zuster	
8-3	2437-2438	,	
8-4	2439-2441	wy	
8-5	2442-2448	hoopen	
8-6	2449-2451	op	
8-7	2452-2457	groot	
8-8	2458-2462	goed	
8-9	2462-2463	,	
8-10	2464-2475	ondertussen	
8-11	2476-2481	geeve	
8-12	2482-2485	ons	
8-13	2486-2489	God	
8-14	2489-2490	,	
8-15	2491-2494	een	
8-16	2495-2500	groen	
8-17	2501-2516	uitspruitseltje	
8-18	2517-2520	ten	
8-19	2521-2527	wasdom	
8-20	2527-2528	,	
8-21	2529-2532	uit	
8-22	2533-2538	elken	
8-23	2539-2544	stryd	
8-24	2545-2547	en	
8-25	2548-2560	beneepenheid	
8-26	2561-2564	des	
8-27	2565-2572	gemoeds	
8-28	2572-2573	,	
8-29	2574-2577	God	
8-30	2578-2583	geeve	
8-31	2584-2587	dat	
8-32	2588-2591	het	
8-33	2592-2596	alzo	
8-34	2597-2599	zy	
8-35	2599-2600	,	
8-36	2601-2607	schoon	
8-37	2608-2610	wy	
8-38	2611-2612	'	
8-39	2612-2613	t	
8-40	2614-2618	alzo	
8-41	2619-2629	bevindelyk	
8-42	2630-2634	niet	
8-43	2635-2637	en	
8-44	2638-2644	weeten	
8-45	2644-2645	,	
8-46	2646-2649	God	
8-47	2650-2655	geeve	
8-48	2656-2659	dat	
8-49	2660-2662	wy	
8-50	2663-2667	door	
8-51	2668-2670	al	
8-52	2671-2674	het	
8-53	2675-2681	jaagen	
8-54	2682-2684	en	
8-55	2685-2692	plaagen	
8-56	2693-2696	van	
8-57	2697-2700	den	
8-58	2701-2707	duivel	
8-59	2707-2708	,	
8-60	2709-2712	ons	
8-61	2713-2715	te	
8-62	2716-2723	meerder	
8-63	2724-2727	tot	
8-64	2728-2731	God	
8-65	2732-2738	jaagen	
8-66	2738-2739	,	
8-67	2740-2742	ja	
8-68	2743-2747	onze	
8-69	2748-2753	lieve	
8-70	2754-2757	God	
8-71	2758-2761	doe	
8-72	2762-2765	het	
8-73	2766-2769	ons	
8-74	2770-2772	al	
8-75	2773-2776	ten	
8-76	2777-2783	besten	
8-77	2784-2790	gedyen	
8-78	2790-2791	,	
8-79	2792-2794	in	
8-80	2795-2797	de	
8-81	2798-2805	Heilige	
8-82	2806-2811	naame	
8-83	2812-2817	Jezus	
8-84	2817-2818	,	
8-85	2819-2823	door	
8-86	2824-2829	zynen	
8-87	2830-2831	H	
8-88	2831-2832	:	
8-89	2833-2838	Geest	
8-90	2839-2842	die	
8-91	2843-2845	zy	
8-92	2846-2849	met	
8-93	2850-2851	u	
8-94	2851-2852	,	
8-95	2853-2855	en	
8-96	2856-2858	in	
8-97	2859-2860	u	
8-98	2860-2861	,	
8-99	2862-2865	tot	
8-100	2866-2868	in	
8-101	2869-2872	der	
8-102	2873-2883	eeuwigheid	
8-103	2883-2884	,	
8-104	2885-2890	vaart	
8-105	2891-2894	wel	
8-106	2895-2897	in	
8-107	2898-2899	'	
8-108	2899-2900	t	
8-109	2901-2906	herte	
8-110	2907-2911	Gods	
8-111	2911-2912	,	
8-112	2913-2915	en	
8-113	2916-2921	weest	
8-114	2922-2926	noch	
8-115	2927-2931	eens	
8-116	2932-2939	gegroet	
8-117	2939-2940	,	
8-118	2941-2943	in	
8-119	2944-2946	de	
8-120	2947-2954	heilige	
8-121	2955-2960	naame	
8-122	2961-2966	Jezus	
8-123	2967-2970	van	
8-124	2971-2973	my	
8-125	2973-2974	.	

#Text=U L.
9-1	2976-2977	U	
9-2	2978-2979	L	
9-3	2979-2980	.	

#Text=Toegenege Vriend en Broeder.
10-1	2981-2990	Toegenege	
10-2	2991-2997	Vriend	
10-3	2998-3000	en	
10-4	3001-3008	Broeder	
10-5	3008-3009	.	

#Text=Jan Luyken, Geestelyke brieven
11-1	3012-3015	Jan	
11-2	3016-3022	Luyken	
11-3	3022-3023	,	
11-4	3024-3034	Geestelyke	
11-5	3035-3042	brieven	
