#FORMAT=WebAnno TSV 3.3
#T_SP=custom.Span|label
#T_RL=custom.Relation|label|BT_custom.Span


#Text=Die Wurtzel der ſchwartzen Carlina
#Text=
#Text=iſt allein in dem Stuͤck von der weiſſen
#Text=unterſchieden, daß ſie gemeiniglich oben
#Text=als wie halb offen, auch nicht ſo ſchwer,
#Text=wie dieſe iſt.
1-1	2-5	Die	_	_	_	
1-2	6-13	Wurtzel	_	_	_	
1-3	14-17	der	_	_	_	
1-4	18-28	ſchwartzen	_	_	_	
1-5	29-36	Carlina	_	_	_	
1-6	38-41	iſt	_	_	_	
1-7	42-48	allein	_	_	_	
1-8	49-51	in	_	_	_	
1-9	52-55	dem	_	_	_	
1-10	56-62	Stuͤck	_	_	_	
1-11	63-66	von	_	_	_	
1-12	67-70	der	_	_	_	
1-13	71-78	weiſſen	_	_	_	
1-14	79-92	unterſchieden	_	_	_	
1-15	92-93	,	_	_	_	
1-16	94-97	daß	_	_	_	
1-17	98-101	ſie	_	_	_	
1-18	102-114	gemeiniglich	_	_	_	
1-19	115-119	oben	_	_	_	
1-20	120-123	als	_	_	_	
1-21	124-127	wie	_	_	_	
1-22	128-132	halb	_	_	_	
1-23	133-138	offen	_	_	_	
1-24	138-139	,	_	_	_	
1-25	140-144	auch	_	_	_	
1-26	145-150	nicht	_	_	_	
1-27	151-153	ſo	_	_	_	
1-28	154-160	ſchwer	_	_	_	
1-29	160-161	,	_	_	_	
1-30	162-165	wie	_	_	_	
1-31	166-171	dieſe	_	_	_	
1-32	172-175	iſt	_	_	_	
1-33	175-176	.	_	_	_	

#Text=Das drey und zwantzigſte Capitel.
2-1	181-184	Das	_	_	_	
2-2	185-189	drey	_	_	_	
2-3	190-193	und	_	_	_	
2-4	194-205	zwantzigſte	_	_	_	
2-5	206-213	Capitel	_	_	_	
2-6	213-214	.	_	_	_	

#Text=Vom groſſen Baldrian.
3-1	217-220	Vom	_	_	_	
3-2	221-228	groſſen	_	_	_	
3-3	229-237	Baldrian	_	_	_	
3-4	237-238	.	_	_	_	

#Text=VAleriana major, der groſſe Baldri-
#Text=an/
#Text=von Johann Bauhin Valeri-
#Text=
#Text=ana major radice odorata, mit der ſtarck-
#Text=riechenden Wurtzel, genennet, iſt ein
#Text=Kraut, deſſen Wurtzeln Daumens dicke,
#Text=auſſenher braun und knorricht ſind, als
#Text=ob ſie aus lauter Ringen beſtuͤnden;
#Text=an
#Text=den Seiten ſind ſie mit Zaſern beſetzt, und
#Text=haben einen ſtarcken aromatiſchen gantz
#Text=unangenehmen Geruch.
4-1	242-251	VAleriana	Smell\_Source[1]	*|*	4-5[2_1]|4-13[3_1]	
4-2	252-257	major	Smell\_Source[1]	_	_	
4-3	257-258	,	_	_	_	
4-4	259-262	der	_	_	_	
4-5	263-269	groſſe	Smell\_Source[2]	_	_	
4-6	270-276	Baldri	Smell\_Source[2]	_	_	
4-7	276-277	-	Smell\_Source[2]	_	_	
4-8	278-280	an	Smell\_Source[2]	_	_	
4-9	280-281	/	_	_	_	
4-10	282-285	von	_	_	_	
4-11	286-292	Johann	_	_	_	
4-12	293-299	Bauhin	_	_	_	
4-13	300-306	Valeri	Smell\_Source[3]	_	_	
4-14	306-307	-	Smell\_Source[3]	_	_	
4-15	309-312	ana	Smell\_Source[3]	_	_	
4-16	313-318	major	Smell\_Source[3]	_	_	
4-17	319-325	radice	Smell\_Source[3]	_	_	
4-18	326-333	odorata	Smell\_Source[3]	_	_	
4-19	333-334	,	_	_	_	
4-20	335-338	mit	_	_	_	
4-21	339-342	der	_	_	_	
4-22	343-349	ſtarck	Quality	_	_	
4-23	349-350	-	_	_	_	
4-24	351-361	riechenden	Smell\_Word	*|*	4-22|4-25	
4-25	362-369	Wurtzel	Smell\_Source	*	4-1[1_0]	
4-26	369-370	,	_	_	_	
4-27	371-379	genennet	_	_	_	
4-28	379-380	,	_	_	_	
4-29	381-384	iſt	_	_	_	
4-30	385-388	ein	_	_	_	
4-31	389-394	Kraut	_	_	_	
4-32	394-395	,	_	_	_	
4-33	396-402	deſſen	_	_	_	
4-34	403-411	Wurtzeln	Smell\_Source	_	_	
4-35	412-419	Daumens	_	_	_	
4-36	420-425	dicke	_	_	_	
4-37	425-426	,	_	_	_	
4-38	427-436	auſſenher	_	_	_	
4-39	437-442	braun	_	_	_	
4-40	443-446	und	_	_	_	
4-41	447-456	knorricht	_	_	_	
4-42	457-461	ſind	_	_	_	
4-43	461-462	,	_	_	_	
4-44	463-466	als	_	_	_	
4-45	467-469	ob	_	_	_	
4-46	470-473	ſie	_	_	_	
4-47	474-477	aus	_	_	_	
4-48	478-484	lauter	_	_	_	
4-49	485-491	Ringen	_	_	_	
4-50	492-502	beſtuͤnden	_	_	_	
4-51	502-503	;	_	_	_	
4-52	504-506	an	_	_	_	
4-53	507-510	den	_	_	_	
4-54	511-517	Seiten	_	_	_	
4-55	518-522	ſind	_	_	_	
4-56	523-526	ſie	_	_	_	
4-57	527-530	mit	_	_	_	
4-58	531-537	Zaſern	_	_	_	
4-59	538-545	beſetzt	_	_	_	
4-60	545-546	,	_	_	_	
4-61	547-550	und	_	_	_	
4-62	551-556	haben	_	_	_	
4-63	557-562	einen	_	_	_	
4-64	563-571	ſtarcken	Quality	_	_	
4-65	572-584	aromatiſchen	Quality	_	_	
4-66	585-590	gantz	Quality[4]	_	_	
4-67	591-603	unangenehmen	Quality[4]	_	_	
4-68	604-610	Geruch	Smell\_Word	*|*|*|*	4-64|4-65|4-66[4_0]|4-34	
4-69	610-611	.	_	_	_	

#Text=Er ſchießt drey
#Text=Fuß hoch gerade in die Hoͤhe, iſt hol und
#Text=hat bey iedem Knoten zwey Blaͤtter ge-
#Text=
#Text=gen einander uͤber ſtehend.
5-1	612-614	Er	_	_	_	
5-2	615-622	ſchießt	_	_	_	
5-3	623-627	drey	_	_	_	
5-4	628-631	Fuß	_	_	_	
5-5	632-636	hoch	_	_	_	
5-6	637-643	gerade	_	_	_	
5-7	644-646	in	_	_	_	
5-8	647-650	die	_	_	_	
5-9	651-656	Hoͤhe	_	_	_	
5-10	656-657	,	_	_	_	
5-11	658-661	iſt	_	_	_	
5-12	662-665	hol	_	_	_	
5-13	666-669	und	_	_	_	
5-14	670-673	hat	_	_	_	
5-15	674-677	bey	_	_	_	
5-16	678-683	iedem	_	_	_	
5-17	684-690	Knoten	_	_	_	
5-18	691-695	zwey	_	_	_	
5-19	696-704	Blaͤtter	_	_	_	
5-20	705-707	ge	_	_	_	
5-21	707-708	-	_	_	_	
5-22	710-713	gen	_	_	_	
5-23	714-722	einander	_	_	_	
5-24	723-728	uͤber	_	_	_	
5-25	729-736	ſtehend	_	_	_	
5-26	736-737	.	_	_	_	

#Text=Die erſten
#Text=Blaͤtter ſind gantz, die andern aber an
#Text=beyden Seiten gar ſehr zerkerbet, oft-
#Text=mahls bis an den Strunck.
6-1	738-741	Die	_	_	_	
6-2	742-748	erſten	_	_	_	
6-3	749-757	Blaͤtter	_	_	_	
6-4	758-762	ſind	_	_	_	
6-5	763-768	gantz	_	_	_	
6-6	768-769	,	_	_	_	
6-7	770-773	die	_	_	_	
6-8	774-780	andern	_	_	_	
6-9	781-785	aber	_	_	_	
6-10	786-788	an	_	_	_	
6-11	789-795	beyden	_	_	_	
6-12	796-802	Seiten	_	_	_	
6-13	803-806	gar	_	_	_	
6-14	807-811	ſehr	_	_	_	
6-15	812-821	zerkerbet	_	_	_	
6-16	821-822	,	_	_	_	
6-17	823-826	oft	_	_	_	
6-18	826-827	-	_	_	_	
6-19	828-833	mahls	_	_	_	
6-20	834-837	bis	_	_	_	
6-21	838-840	an	_	_	_	
6-22	841-844	den	_	_	_	
6-23	845-852	Strunck	_	_	_	
6-24	852-853	.	_	_	_	

#Text=Die Blu-
#Text=men ſind weiß, riechen wie Jaſinin, und
#Text=wachſen in Buͤſchlein, oben auf den
#Text=Stengeln, ſehen wie kleine Roͤhrlein, die
#Text=zu oberſt in fuͤnff Theile zerſpalten, und
#Text=laſſen lange platte Samen hinter ſich,
#Text=welche oben einen rauchen weiſſen Bart
#Text=haben.
7-1	854-857	Die	_	_	_	
7-2	858-861	Blu	Smell\_Source[5]	_	_	
7-3	861-862	-	Smell\_Source[5]	_	_	
7-4	863-866	men	Smell\_Source[5]	_	_	
7-5	867-871	ſind	_	_	_	
7-6	872-876	weiß	_	_	_	
7-7	876-877	,	_	_	_	
7-8	878-885	riechen	Smell\_Word	*|*	7-9[6_0]|7-2[5_0]	
7-9	886-889	wie	Effect[6]	_	_	
7-10	890-897	Jaſinin	Effect[6]	_	_	
7-11	897-898	,	_	_	_	
7-12	899-902	und	_	_	_	
7-13	903-910	wachſen	_	_	_	
7-14	911-913	in	_	_	_	
7-15	914-924	Buͤſchlein	_	_	_	
7-16	924-925	,	_	_	_	
7-17	926-930	oben	_	_	_	
7-18	931-934	auf	_	_	_	
7-19	935-938	den	_	_	_	
7-20	939-947	Stengeln	_	_	_	
7-21	947-948	,	_	_	_	
7-22	949-954	ſehen	_	_	_	
7-23	955-958	wie	_	_	_	
7-24	959-965	kleine	_	_	_	
7-25	966-975	Roͤhrlein	_	_	_	
7-26	975-976	,	_	_	_	
7-27	977-980	die	_	_	_	
7-28	981-983	zu	_	_	_	
7-29	984-990	oberſt	_	_	_	
7-30	991-993	in	_	_	_	
7-31	994-1000	fuͤnff	_	_	_	
7-32	1001-1007	Theile	_	_	_	
7-33	1008-1018	zerſpalten	_	_	_	
7-34	1018-1019	,	_	_	_	
7-35	1020-1023	und	_	_	_	
7-36	1024-1030	laſſen	_	_	_	
7-37	1031-1036	lange	_	_	_	
7-38	1037-1043	platte	_	_	_	
7-39	1044-1049	Samen	_	_	_	
7-40	1050-1056	hinter	_	_	_	
7-41	1057-1061	ſich	_	_	_	
7-42	1061-1062	,	_	_	_	
7-43	1063-1069	welche	_	_	_	
7-44	1070-1074	oben	_	_	_	
7-45	1075-1080	einen	_	_	_	
7-46	1081-1088	rauchen	_	_	_	
7-47	1089-1096	weiſſen	_	_	_	
7-48	1097-1101	Bart	_	_	_	
7-49	1102-1107	haben	_	_	_	
7-50	1107-1108	.	_	_	_	

#Text=Siehe Fig. 70.
8-1	1111-1116	Siehe	_	_	_	
8-2	1117-1120	Fig	_	_	_	
8-3	1120-1121	.	_	_	_	
8-4	1122-1124	70	_	_	_	
8-5	1124-1125	.	_	_	_	

#Text=Der kleinen Valeriana Wurtzeln
#Text=
#Text=ſind
#Text=
#Text=
#Text=
#Text=Siehe Fig.
#Text=71
9-1	1128-1131	Der	_	_	_	
9-2	1132-1139	kleinen	_	_	_	
9-3	1140-1149	Valeriana	_	_	_	
9-4	1150-1158	Wurtzeln	_	_	_	
9-5	1160-1164	ſind	_	_	_	
9-6	1168-1173	Siehe	_	_	_	
9-7	1174-1177	Fig	_	_	_	
9-8	1177-1178	.	_	_	_	
9-9	1179-1181	71	_	_	_	

#Text=.
10-1	1181-1182	.	_	_	_	

#Text=[
11-1	1185-1186	[	_	_	_	
