#FORMAT=WebAnno TSV 3.3


#Text=Sed
#Text=
#Text=alia quoque exempla in prointu funt, quae fimul ostendunt, quan-
#Text=
#Text=tum chemiae in proprietatibus corporum eruendis debeamus.
1-1	2-5	Sed	
1-2	7-11	alia	
1-3	12-18	quoque	
1-4	19-26	exempla	
1-5	27-29	in	
1-6	30-37	prointu	
1-7	38-42	funt	
1-8	42-43	,	
1-9	44-48	quae	
1-10	49-54	fimul	
1-11	55-64	ostendunt	
1-12	64-65	,	
1-13	66-70	quan	
1-14	70-71	-	
1-15	73-76	tum	
1-16	77-84	chemiae	
1-17	85-87	in	
1-18	88-102	proprietatibus	
1-19	103-111	corporum	
1-20	112-120	eruendis	
1-21	121-129	debeamus	
1-22	129-130	.	

#Text=Odor
#Text=
#Text=ambrofiacus fpirituum anodynorum dulcium et odor su'phureus di-
#Text=
#Text=uerfisfimum fenfum exhibent, et tamen ex iisdem materiis nati funt:
#Text=
#Text=B
#Text=
#Text=
#Text=
#Text=sc.
#Text=em
#Text=
#Text=
#Text=
#Text=pe
#Text=
#Text=
#Text=
#Text=d, nt,
#Text=
#Text=
#Text=
#Text='0
#Text=
#Text=
#Text=
#Text=ite et id in
#Text=
#Text=
#Text=
#Text=e
#Text=
#Text=
#Text=
#Text=1
#Text=
#Text=
#Text=
#Text=
#Text=
#Text=fe.
#Text=fpiritus anodynus ex acido minerali et inflammabili, et sulphureus ex acido minerali et inflammabili.
2-1	131-135	Odor	
2-2	137-148	ambrofiacus	
2-3	149-158	fpirituum	
2-4	159-169	anodynorum	
2-5	170-177	dulcium	
2-6	178-180	et	
2-7	181-185	odor	
2-8	186-196	su'phureus	
2-9	197-199	di	
2-10	199-200	-	
2-11	202-213	uerfisfimum	
2-12	214-220	fenfum	
2-13	221-229	exhibent	
2-14	229-230	,	
2-15	231-233	et	
2-16	234-239	tamen	
2-17	240-242	ex	
2-18	243-249	iisdem	
2-19	250-258	materiis	
2-20	259-263	nati	
2-21	264-268	funt	
2-22	268-269	:	
2-23	271-272	B	
2-24	276-278	sc	
2-25	278-279	.	
2-26	280-282	em	
2-27	286-288	pe	
2-28	292-293	d	
2-29	293-294	,	
2-30	295-297	nt	
2-31	297-298	,	
2-32	302-303	'	
2-33	303-304	0	
2-34	308-311	ite	
2-35	312-314	et	
2-36	315-317	id	
2-37	318-320	in	
2-38	324-325	e	
2-39	329-330	1	
2-40	336-338	fe	
2-41	338-339	.	
2-42	340-348	fpiritus	
2-43	349-357	anodynus	
2-44	358-360	ex	
2-45	361-366	acido	
2-46	367-375	minerali	
2-47	376-378	et	
2-48	379-391	inflammabili	
2-49	391-392	,	
2-50	393-395	et	
2-51	396-406	sulphureus	
2-52	407-409	ex	
2-53	410-415	acido	
2-54	416-424	minerali	
2-55	425-427	et	
2-56	428-440	inflammabili	
2-57	440-441	.	

#Text=Vnde E. haec diuerfitas?
3-1	442-446	Vnde	
3-2	447-448	E	
3-3	448-449	.	
3-4	450-454	haec	
3-5	455-465	diuerfitas	
3-6	465-466	?	

#Text=Chemicus tantum intelligit, dum in fynthesi sua videt, diuerfas formas earundem materiarum coiisse.
4-1	467-475	Chemicus	
4-2	476-482	tantum	
4-3	483-493	intelligit	
4-4	493-494	,	
4-5	495-498	dum	
4-6	499-501	in	
4-7	502-510	fynthesi	
4-8	511-514	sua	
4-9	515-520	videt	
4-10	520-521	,	
4-11	522-530	diuerfas	
4-12	531-537	formas	
4-13	538-546	earundem	
4-14	547-557	materiarum	
4-15	558-565	coiisse	
4-16	565-566	.	

#Text=Oleum vini non nifi fubtiliffimam, tenuissimam, mobiliffimam partem acidi mineralis recipit et secum commiscet, et ex hac mistura demum elatus aer et fpiritus aethereum odorem conftituit.
5-1	567-572	Oleum	
5-2	573-577	vini	
5-3	578-581	non	
5-4	582-586	nifi	
5-5	587-600	fubtiliffimam	
5-6	600-601	,	
5-7	602-613	tenuissimam	
5-8	613-614	,	
5-9	615-627	mobiliffimam	
5-10	628-634	partem	
5-11	635-640	acidi	
5-12	641-650	mineralis	
5-13	651-658	recipit	
5-14	659-661	et	
5-15	662-667	secum	
5-16	668-677	commiscet	
5-17	677-678	,	
5-18	679-681	et	
5-19	682-684	ex	
5-20	685-688	hac	
5-21	689-696	mistura	
5-22	697-702	demum	
5-23	703-709	elatus	
5-24	710-713	aer	
5-25	714-716	et	
5-26	717-725	fpiritus	
5-27	726-735	aethereum	
5-28	736-742	odorem	
5-29	743-753	conftituit	
5-30	753-754	.	

#Text=Sed fulphur et olea crassa cum eodem acido minerali commifta non nisi fixam partem recipiunt et fecum miscent, et inde fulphureus odor.
6-1	755-758	Sed	
6-2	759-766	fulphur	
6-3	767-769	et	
6-4	770-774	olea	
6-5	775-781	crassa	
6-6	782-785	cum	
6-7	786-791	eodem	
6-8	792-797	acido	
6-9	798-806	minerali	
6-10	807-815	commifta	
6-11	816-819	non	
6-12	820-824	nisi	
6-13	825-830	fixam	
6-14	831-837	partem	
6-15	838-847	recipiunt	
6-16	848-850	et	
6-17	851-856	fecum	
6-18	857-864	miscent	
6-19	864-865	,	
6-20	866-868	et	
6-21	869-873	inde	
6-22	874-884	fulphureus	
6-23	885-889	odor	
6-24	889-890	.	

#Text=Olea empyreumatica rectificata fuavis odoris funt et ad ambrofiacum pertinent: impura vero et non rectificata foetida funt, acria, amariascula, vnde haec ?
7-1	891-895	Olea	
7-2	896-909	empyreumatica	
7-3	910-921	rectificata	
7-4	922-928	fuavis	
7-5	929-935	odoris	
7-6	936-940	funt	
7-7	941-943	et	
7-8	944-946	ad	
7-9	947-958	ambrofiacum	
7-10	959-968	pertinent	
7-11	968-969	:	
7-12	970-976	impura	
7-13	977-981	vero	
7-14	982-984	et	
7-15	985-988	non	
7-16	989-1000	rectificata	
7-17	1001-1008	foetida	
7-18	1009-1013	funt	
7-19	1013-1014	,	
7-20	1015-1020	acria	
7-21	1020-1021	,	
7-22	1022-1033	amariascula	
7-23	1033-1034	,	
7-24	1035-1039	vnde	
7-25	1040-1044	haec	
7-26	1045-1046	?	

#Text=chemicus videt, quod in oleo empyreumatico elatae terrestres partes quibus fal crassum et ignis elementaris adhaeret, vnde acrimonia, amarities et foetor oritur, nunc per repetitam deftillationem feparentur et nunc purum falcum pura inflammabili parte relinquatur.
8-1	1047-1055	chemicus	
8-2	1056-1061	videt	
8-3	1061-1062	,	
8-4	1063-1067	quod	
8-5	1068-1070	in	
8-6	1071-1075	oleo	
8-7	1076-1089	empyreumatico	
8-8	1090-1096	elatae	
8-9	1097-1107	terrestres	
8-10	1108-1114	partes	
8-11	1115-1121	quibus	
8-12	1122-1125	fal	
8-13	1126-1133	crassum	
8-14	1134-1136	et	
8-15	1137-1142	ignis	
8-16	1143-1154	elementaris	
8-17	1155-1163	adhaeret	
8-18	1163-1164	,	
8-19	1165-1169	vnde	
8-20	1170-1179	acrimonia	
8-21	1179-1180	,	
8-22	1181-1190	amarities	
8-23	1191-1193	et	
8-24	1194-1200	foetor	
8-25	1201-1207	oritur	
8-26	1207-1208	,	
8-27	1209-1213	nunc	
8-28	1214-1217	per	
8-29	1218-1227	repetitam	
8-30	1228-1242	deftillationem	
8-31	1243-1253	feparentur	
8-32	1254-1256	et	
8-33	1257-1261	nunc	
8-34	1262-1267	purum	
8-35	1268-1274	falcum	
8-36	1275-1279	pura	
8-37	1280-1292	inflammabili	
8-38	1293-1298	parte	
8-39	1299-1310	relinquatur	
8-40	1310-1311	.	

#Text=Sic faepius obseruarunt chemici, quod ex sulphure martis croci odor fpiret: non mirum E, quod Crocus talem odorem habeat, cum copiofiffimum inflammabile principium cum terra antacida et tingente infit, vti in floribus falis armoniaci martialibus.
9-1	1312-1315	Sic	
9-2	1316-1323	faepius	
9-3	1324-1335	obseruarunt	
9-4	1336-1343	chemici	
9-5	1343-1344	,	
9-6	1345-1349	quod	
9-7	1350-1352	ex	
9-8	1353-1361	sulphure	
9-9	1362-1368	martis	
9-10	1369-1374	croci	
9-11	1375-1379	odor	
9-12	1380-1386	fpiret	
9-13	1386-1387	:	
9-14	1388-1391	non	
9-15	1392-1397	mirum	
9-16	1398-1399	E	
9-17	1399-1400	,	
9-18	1401-1405	quod	
9-19	1406-1412	Crocus	
9-20	1413-1418	talem	
9-21	1419-1425	odorem	
9-22	1426-1432	habeat	
9-23	1432-1433	,	
9-24	1434-1437	cum	
9-25	1438-1451	copiofiffimum	
9-26	1452-1464	inflammabile	
9-27	1465-1475	principium	
9-28	1476-1479	cum	
9-29	1480-1485	terra	
9-30	1486-1494	antacida	
9-31	1495-1497	et	
9-32	1498-1506	tingente	
9-33	1507-1512	infit	
9-34	1512-1513	,	
9-35	1514-1517	vti	
9-36	1518-1520	in	
9-37	1521-1529	floribus	
9-38	1530-1535	falis	
9-39	1536-1545	armoniaci	
9-40	1546-1557	martialibus	
9-41	1557-1558	.	

#Text=Sic fal essentiale quoque concludere potest chemicus in violae odore , dum fcit, quod is fit in quadam parte falis marini, in vrina terebinthinae imbuta.
10-1	1559-1562	Sic	
10-2	1563-1566	fal	
10-3	1567-1577	essentiale	
10-4	1578-1584	quoque	
10-5	1585-1595	concludere	
10-6	1596-1602	potest	
10-7	1603-1611	chemicus	
10-8	1612-1614	in	
10-9	1615-1621	violae	
10-10	1622-1627	odore	
10-11	1628-1629	,	
10-12	1630-1633	dum	
10-13	1634-1638	fcit	
10-14	1638-1639	,	
10-15	1640-1644	quod	
10-16	1645-1647	is	
10-17	1648-1651	fit	
10-18	1652-1654	in	
10-19	1655-1661	quadam	
10-20	1662-1667	parte	
10-21	1668-1673	falis	
10-22	1674-1680	marini	
10-23	1680-1681	,	
10-24	1682-1684	in	
10-25	1685-1690	vrina	
10-26	1691-1704	terebinthinae	
10-27	1705-1711	imbuta	
10-28	1711-1712	.	

#Text=Et haec adminicula fufficiant ad difpefcendos odores in genera fua
#Text=
#Text=
#Text=
#Text=§.
11-1	1713-1715	Et	
11-2	1716-1720	haec	
11-3	1721-1731	adminicula	
11-4	1732-1742	fufficiant	
11-5	1743-1745	ad	
11-6	1746-1758	difpefcendos	
11-7	1759-1765	odores	
11-8	1766-1768	in	
11-9	1769-1775	genera	
11-10	1776-1779	fua	
11-11	1783-1784	§	
11-12	1784-1785	.	

#Text=IV.
12-1	1786-1788	IV	
12-2	1788-1789	.	

#Text=Hactenus E. diximus de adiumentis, quibus innixi diuidere odores in fua genera possimus: nunc ad eorum usum ipfum tranf.
#Text=eundum est.
13-1	1790-1798	Hactenus	
13-2	1799-1800	E	
13-3	1800-1801	.	
13-4	1802-1809	diximus	
13-5	1810-1812	de	
13-6	1813-1823	adiumentis	
13-7	1823-1824	,	
13-8	1825-1831	quibus	
13-9	1832-1838	innixi	
13-10	1839-1847	diuidere	
13-11	1848-1854	odores	
13-12	1855-1857	in	
13-13	1858-1861	fua	
13-14	1862-1868	genera	
13-15	1869-1877	possimus	
13-16	1877-1878	:	
13-17	1879-1883	nunc	
13-18	1884-1886	ad	
13-19	1887-1892	eorum	
13-20	1893-1897	usum	
13-21	1898-1903	ipfum	
13-22	1904-1909	tranf	
13-23	1909-1910	.	
13-24	1911-1917	eundum	
13-25	1918-1921	est	
13-26	1921-1922	.	

#Text=Et quidem cum veteres nullum perpetuum fundamen.
#Text=tum habuerint, ex quo odores diiudicare potuiflent, inanibus quibusdam nominibus in feptem genera diduxerunt, magis vt nomina, quam res haberent.
14-1	1923-1925	Et	
14-2	1926-1932	quidem	
14-3	1933-1936	cum	
14-4	1937-1944	veteres	
14-5	1945-1951	nullum	
14-6	1952-1961	perpetuum	
14-7	1962-1970	fundamen	
14-8	1970-1971	.	
14-9	1972-1975	tum	
14-10	1976-1985	habuerint	
14-11	1985-1986	,	
14-12	1987-1989	ex	
14-13	1990-1993	quo	
14-14	1994-2000	odores	
14-15	2001-2011	diiudicare	
14-16	2012-2022	potuiflent	
14-17	2022-2023	,	
14-18	2024-2032	inanibus	
14-19	2033-2042	quibusdam	
14-20	2043-2052	nominibus	
14-21	2053-2055	in	
14-22	2056-2062	feptem	
14-23	2063-2069	genera	
14-24	2070-2080	diduxerunt	
14-25	2080-2081	,	
14-26	2082-2087	magis	
14-27	2088-2090	vt	
14-28	2091-2097	nomina	
14-29	2097-2098	,	
14-30	2099-2103	quam	
14-31	2104-2107	res	
14-32	2108-2116	haberent	
14-33	2116-2117	.	

#Text=Nominant E, aromaticum odorem, fragrantem, ambrofiacum, alliaceum, hircinum, tetrum, foetidum et vrinofum nau.
#Text=seosum.
15-1	2118-2126	Nominant	
15-2	2127-2128	E	
15-3	2128-2129	,	
15-4	2130-2140	aromaticum	
15-5	2141-2147	odorem	
15-6	2147-2148	,	
15-7	2149-2159	fragrantem	
15-8	2159-2160	,	
15-9	2161-2172	ambrofiacum	
15-10	2172-2173	,	
15-11	2174-2183	alliaceum	
15-12	2183-2184	,	
15-13	2185-2193	hircinum	
15-14	2193-2194	,	
15-15	2195-2201	tetrum	
15-16	2201-2202	,	
15-17	2203-2211	foetidum	
15-18	2212-2214	et	
15-19	2215-2223	vrinofum	
15-20	2224-2227	nau	
15-21	2227-2228	.	
15-22	2229-2235	seosum	
15-23	2235-2236	.	
