#FORMAT=WebAnno TSV 3.3


#Text=52 Ut sint oculi tui aperti ad deprecationem servi tui, et populi tui Israël, et exaudias eos in universis pro quibus invocaverint te.
#Text=53 Tu enim separasti eos tibi in hæreditatem de universis populis terræ, sicut locutus es per Moysen servum tuum quando eduxisti patres nostros de Ægypto, Domine Deus.
#Text=54 Factum est autem, cum complesset Salomon orans Dominum omnem orationem et deprecationem hanc, surrexit de conspectu altaris Domini : utrumque enim genu in terram fixerat, et manus expanderat in cælum.
#Text=55 Stetit ergo, et benedixit omni ecclesiæ Israël voce magna, dicens : 56 Benedictus Dominus, qui dedit requiem populo suo Israël, juxta omnia quæ locutus est : non cecidit ne unus quidem sermo ex omnibus bonis quæ locutus est per Moysen servum suum.
#Text=57 Sit Dominus Deus noster nobiscum, sicut fuit cum patribus nostris, non derelinquens nos, neque projiciens.
#Text=58 Sed inclinet corda nostra ad se, ut ambulemus in universis viis ejus, et custodiamus mandata ejus, et cæremonias ejus, et judicia quæcumque mandavit patribus nostris.
#Text=59 Et sint sermones mei isti, quibus deprecatus sum coram Domino, appropinquantes Domino Deo nostro die ac nocte, ut faciat judicium servo suo, et populo suo Israël per singulos dies : 60 ut sciant omnes populi terræ quia Dominus ipse est Deus, et non est ultra absque eo.
#Text=61 Sit quoque cor nostrum perfectum cum Domino Deo nostro, ut ambulemus in decretis ejus, et custodiamus mandata ejus, sicut et hodie.
#Text=62 Igitur rex, et omnis Israël cum eo, immolabant victimas coram Domino.
#Text=63 Mactavitque Salomon hostias pacificas, quas immolavit Domino, boum viginti duo millia, et ovium centum viginti millia : et dedicaverunt templum Domini rex et filii Israël.
#Text=64 In die illa sanctificavit rex medium atrii quod erat ante domum Domini : fecit quippe holocaustum ibi, et sacrificium, et adipem pacificorum : quoniam altare æreum quod erat coram Domino, minus erat, et capere non poterat holocaustum, et sacrificium, et adipem pacificorum.
#Text=65 Fecit ergo Salomon in tempore illo festivitatem celebrem, et omnis Israël cum eo, multitudo magna ab introitu Emath usque ad rivum Ægypti, coram Domino Deo nostro, septem diebus et septem diebus, id est, quatuordecim diebus.
#Text=66 Et in die octava dimisit populos : qui benedicentes regi, profecti sunt in tabernacula sua lætantes, et alacri corde super omnibus bonis quæ fecerat Dominus David servo suo, et Israël populo suo.
1-1	2-4	52	
1-2	5-7	Ut	
1-3	8-12	sint	
1-4	13-18	oculi	
1-5	19-22	tui	
1-6	23-29	aperti	
1-7	30-32	ad	
1-8	33-46	deprecationem	
1-9	47-52	servi	
1-10	53-56	tui	
1-11	56-57	,	
1-12	58-60	et	
1-13	61-67	populi	
1-14	68-71	tui	
1-15	72-78	Israël	
1-16	78-79	,	
1-17	80-82	et	
1-18	83-91	exaudias	
1-19	92-95	eos	
1-20	96-98	in	
1-21	99-108	universis	
1-22	109-112	pro	
1-23	113-119	quibus	
1-24	120-132	invocaverint	
1-25	133-135	te	
1-26	135-136	.	
1-27	137-139	53	
1-28	140-142	Tu	
1-29	143-147	enim	
1-30	148-157	separasti	
1-31	158-161	eos	
1-32	162-166	tibi	
1-33	167-169	in	
1-34	170-181	hæreditatem	
1-35	182-184	de	
1-36	185-194	universis	
1-37	195-202	populis	
1-38	203-208	terræ	
1-39	208-209	,	
1-40	210-215	sicut	
1-41	216-223	locutus	
1-42	224-226	es	
1-43	227-230	per	
1-44	231-237	Moysen	
1-45	238-244	servum	
1-46	245-249	tuum	
1-47	250-256	quando	
1-48	257-265	eduxisti	
1-49	266-272	patres	
1-50	273-280	nostros	
1-51	281-283	de	
1-52	284-290	Ægypto	
1-53	290-291	,	
1-54	292-298	Domine	
1-55	299-303	Deus	
1-56	303-304	.	
1-57	305-307	54	
1-58	308-314	Factum	
1-59	315-318	est	
1-60	319-324	autem	
1-61	324-325	,	
1-62	326-329	cum	
1-63	330-340	complesset	
1-64	341-348	Salomon	
1-65	349-354	orans	
1-66	355-362	Dominum	
1-67	363-368	omnem	
1-68	369-378	orationem	
1-69	379-381	et	
1-70	382-395	deprecationem	
1-71	396-400	hanc	
1-72	400-401	,	
1-73	402-410	surrexit	
1-74	411-413	de	
1-75	414-423	conspectu	
1-76	424-431	altaris	
1-77	432-438	Domini	
1-78	439-440	:	
1-79	441-449	utrumque	
1-80	450-454	enim	
1-81	455-459	genu	
1-82	460-462	in	
1-83	463-469	terram	
1-84	470-477	fixerat	
1-85	477-478	,	
1-86	479-481	et	
1-87	482-487	manus	
1-88	488-498	expanderat	
1-89	499-501	in	
1-90	502-507	cælum	
1-91	507-508	.	
1-92	509-511	55	
1-93	512-518	Stetit	
1-94	519-523	ergo	
1-95	523-524	,	
1-96	525-527	et	
1-97	528-537	benedixit	
1-98	538-542	omni	
1-99	543-551	ecclesiæ	
1-100	552-558	Israël	
1-101	559-563	voce	
1-102	564-569	magna	
1-103	569-570	,	
1-104	571-577	dicens	
1-105	578-579	:	
1-106	580-582	56	
1-107	583-593	Benedictus	
1-108	594-601	Dominus	
1-109	601-602	,	
1-110	603-606	qui	
1-111	607-612	dedit	
1-112	613-620	requiem	
1-113	621-627	populo	
1-114	628-631	suo	
1-115	632-638	Israël	
1-116	638-639	,	
1-117	640-645	juxta	
1-118	646-651	omnia	
1-119	652-655	quæ	
1-120	656-663	locutus	
1-121	664-667	est	
1-122	668-669	:	
1-123	670-673	non	
1-124	674-681	cecidit	
1-125	682-684	ne	
1-126	685-689	unus	
1-127	690-696	quidem	
1-128	697-702	sermo	
1-129	703-705	ex	
1-130	706-713	omnibus	
1-131	714-719	bonis	
1-132	720-723	quæ	
1-133	724-731	locutus	
1-134	732-735	est	
1-135	736-739	per	
1-136	740-746	Moysen	
1-137	747-753	servum	
1-138	754-758	suum	
1-139	758-759	.	
1-140	760-762	57	
1-141	763-766	Sit	
1-142	767-774	Dominus	
1-143	775-779	Deus	
1-144	780-786	noster	
1-145	787-795	nobiscum	
1-146	795-796	,	
1-147	797-802	sicut	
1-148	803-807	fuit	
1-149	808-811	cum	
1-150	812-820	patribus	
1-151	821-828	nostris	
1-152	828-829	,	
1-153	830-833	non	
1-154	834-846	derelinquens	
1-155	847-850	nos	
1-156	850-851	,	
1-157	852-857	neque	
1-158	858-868	projiciens	
1-159	868-869	.	
1-160	870-872	58	
1-161	873-876	Sed	
1-162	877-885	inclinet	
1-163	886-891	corda	
1-164	892-898	nostra	
1-165	899-901	ad	
1-166	902-904	se	
1-167	904-905	,	
1-168	906-908	ut	
1-169	909-918	ambulemus	
1-170	919-921	in	
1-171	922-931	universis	
1-172	932-936	viis	
1-173	937-941	ejus	
1-174	941-942	,	
1-175	943-945	et	
1-176	946-957	custodiamus	
1-177	958-965	mandata	
1-178	966-970	ejus	
1-179	970-971	,	
1-180	972-974	et	
1-181	975-985	cæremonias	
1-182	986-990	ejus	
1-183	990-991	,	
1-184	992-994	et	
1-185	995-1002	judicia	
1-186	1003-1012	quæcumque	
1-187	1013-1021	mandavit	
1-188	1022-1030	patribus	
1-189	1031-1038	nostris	
1-190	1038-1039	.	
1-191	1040-1042	59	
1-192	1043-1045	Et	
1-193	1046-1050	sint	
1-194	1051-1059	sermones	
1-195	1060-1063	mei	
1-196	1064-1068	isti	
1-197	1068-1069	,	
1-198	1070-1076	quibus	
1-199	1077-1087	deprecatus	
1-200	1088-1091	sum	
1-201	1092-1097	coram	
1-202	1098-1104	Domino	
1-203	1104-1105	,	
1-204	1106-1121	appropinquantes	
1-205	1122-1128	Domino	
1-206	1129-1132	Deo	
1-207	1133-1139	nostro	
1-208	1140-1143	die	
1-209	1144-1146	ac	
1-210	1147-1152	nocte	
1-211	1152-1153	,	
1-212	1154-1156	ut	
1-213	1157-1163	faciat	
1-214	1164-1172	judicium	
1-215	1173-1178	servo	
1-216	1179-1182	suo	
1-217	1182-1183	,	
1-218	1184-1186	et	
1-219	1187-1193	populo	
1-220	1194-1197	suo	
1-221	1198-1204	Israël	
1-222	1205-1208	per	
1-223	1209-1217	singulos	
1-224	1218-1222	dies	
1-225	1223-1224	:	
1-226	1225-1227	60	
1-227	1228-1230	ut	
1-228	1231-1237	sciant	
1-229	1238-1243	omnes	
1-230	1244-1250	populi	
1-231	1251-1256	terræ	
1-232	1257-1261	quia	
1-233	1262-1269	Dominus	
1-234	1270-1274	ipse	
1-235	1275-1278	est	
1-236	1279-1283	Deus	
1-237	1283-1284	,	
1-238	1285-1287	et	
1-239	1288-1291	non	
1-240	1292-1295	est	
1-241	1296-1301	ultra	
1-242	1302-1308	absque	
1-243	1309-1311	eo	
1-244	1311-1312	.	
1-245	1313-1315	61	
1-246	1316-1319	Sit	
1-247	1320-1326	quoque	
1-248	1327-1330	cor	
1-249	1331-1338	nostrum	
1-250	1339-1348	perfectum	
1-251	1349-1352	cum	
1-252	1353-1359	Domino	
1-253	1360-1363	Deo	
1-254	1364-1370	nostro	
1-255	1370-1371	,	
1-256	1372-1374	ut	
1-257	1375-1384	ambulemus	
1-258	1385-1387	in	
1-259	1388-1396	decretis	
1-260	1397-1401	ejus	
1-261	1401-1402	,	
1-262	1403-1405	et	
1-263	1406-1417	custodiamus	
1-264	1418-1425	mandata	
1-265	1426-1430	ejus	
1-266	1430-1431	,	
1-267	1432-1437	sicut	
1-268	1438-1440	et	
1-269	1441-1446	hodie	
1-270	1446-1447	.	
1-271	1448-1450	62	
1-272	1451-1457	Igitur	
1-273	1458-1461	rex	
1-274	1461-1462	,	
1-275	1463-1465	et	
1-276	1466-1471	omnis	
1-277	1472-1478	Israël	
1-278	1479-1482	cum	
1-279	1483-1485	eo	
1-280	1485-1486	,	
1-281	1487-1497	immolabant	
1-282	1498-1506	victimas	
1-283	1507-1512	coram	
1-284	1513-1519	Domino	
1-285	1519-1520	.	
1-286	1521-1523	63	
1-287	1524-1535	Mactavitque	
1-288	1536-1543	Salomon	
1-289	1544-1551	hostias	
1-290	1552-1561	pacificas	
1-291	1561-1562	,	
1-292	1563-1567	quas	
1-293	1568-1577	immolavit	
1-294	1578-1584	Domino	
1-295	1584-1585	,	
1-296	1586-1590	boum	
1-297	1591-1598	viginti	
1-298	1599-1602	duo	
1-299	1603-1609	millia	
1-300	1609-1610	,	
1-301	1611-1613	et	
1-302	1614-1619	ovium	
1-303	1620-1626	centum	
1-304	1627-1634	viginti	
1-305	1635-1641	millia	
1-306	1642-1643	:	
1-307	1644-1646	et	
1-308	1647-1659	dedicaverunt	
1-309	1660-1667	templum	
1-310	1668-1674	Domini	
1-311	1675-1678	rex	
1-312	1679-1681	et	
1-313	1682-1687	filii	
1-314	1688-1694	Israël	
1-315	1694-1695	.	
1-316	1696-1698	64	
1-317	1699-1701	In	
1-318	1702-1705	die	
1-319	1706-1710	illa	
1-320	1711-1724	sanctificavit	
1-321	1725-1728	rex	
1-322	1729-1735	medium	
1-323	1736-1741	atrii	
1-324	1742-1746	quod	
1-325	1747-1751	erat	
1-326	1752-1756	ante	
1-327	1757-1762	domum	
1-328	1763-1769	Domini	
1-329	1770-1771	:	
1-330	1772-1777	fecit	
1-331	1778-1784	quippe	
1-332	1785-1796	holocaustum	
1-333	1797-1800	ibi	
1-334	1800-1801	,	
1-335	1802-1804	et	
1-336	1805-1816	sacrificium	
1-337	1816-1817	,	
1-338	1818-1820	et	
1-339	1821-1827	adipem	
1-340	1828-1839	pacificorum	
1-341	1840-1841	:	
1-342	1842-1849	quoniam	
1-343	1850-1856	altare	
1-344	1857-1862	æreum	
1-345	1863-1867	quod	
1-346	1868-1872	erat	
1-347	1873-1878	coram	
1-348	1879-1885	Domino	
1-349	1885-1886	,	
1-350	1887-1892	minus	
1-351	1893-1897	erat	
1-352	1897-1898	,	
1-353	1899-1901	et	
1-354	1902-1908	capere	
1-355	1909-1912	non	
1-356	1913-1920	poterat	
1-357	1921-1932	holocaustum	
1-358	1932-1933	,	
1-359	1934-1936	et	
1-360	1937-1948	sacrificium	
1-361	1948-1949	,	
1-362	1950-1952	et	
1-363	1953-1959	adipem	
1-364	1960-1971	pacificorum	
1-365	1971-1972	.	
1-366	1973-1975	65	
1-367	1976-1981	Fecit	
1-368	1982-1986	ergo	
1-369	1987-1994	Salomon	
1-370	1995-1997	in	
1-371	1998-2005	tempore	
1-372	2006-2010	illo	
1-373	2011-2023	festivitatem	
1-374	2024-2032	celebrem	
1-375	2032-2033	,	
1-376	2034-2036	et	
1-377	2037-2042	omnis	
1-378	2043-2049	Israël	
1-379	2050-2053	cum	
1-380	2054-2056	eo	
1-381	2056-2057	,	
1-382	2058-2067	multitudo	
1-383	2068-2073	magna	
1-384	2074-2076	ab	
1-385	2077-2085	introitu	
1-386	2086-2091	Emath	
1-387	2092-2097	usque	
1-388	2098-2100	ad	
1-389	2101-2106	rivum	
1-390	2107-2113	Ægypti	
1-391	2113-2114	,	
1-392	2115-2120	coram	
1-393	2121-2127	Domino	
1-394	2128-2131	Deo	
1-395	2132-2138	nostro	
1-396	2138-2139	,	
1-397	2140-2146	septem	
1-398	2147-2153	diebus	
1-399	2154-2156	et	
1-400	2157-2163	septem	
1-401	2164-2170	diebus	
1-402	2170-2171	,	
1-403	2172-2174	id	
1-404	2175-2178	est	
1-405	2178-2179	,	
1-406	2180-2192	quatuordecim	
1-407	2193-2199	diebus	
1-408	2199-2200	.	
1-409	2201-2203	66	
1-410	2204-2206	Et	
1-411	2207-2209	in	
1-412	2210-2213	die	
1-413	2214-2220	octava	
1-414	2221-2228	dimisit	
1-415	2229-2236	populos	
1-416	2237-2238	:	
1-417	2239-2242	qui	
1-418	2243-2255	benedicentes	
1-419	2256-2260	regi	
1-420	2260-2261	,	
1-421	2262-2270	profecti	
1-422	2271-2275	sunt	
1-423	2276-2278	in	
1-424	2279-2290	tabernacula	
1-425	2291-2294	sua	
1-426	2295-2303	lætantes	
1-427	2303-2304	,	
1-428	2305-2307	et	
1-429	2308-2314	alacri	
1-430	2315-2320	corde	
1-431	2321-2326	super	
1-432	2327-2334	omnibus	
1-433	2335-2340	bonis	
1-434	2341-2344	quæ	
1-435	2345-2352	fecerat	
1-436	2353-2360	Dominus	
1-437	2361-2366	David	
1-438	2367-2372	servo	
1-439	2373-2376	suo	
1-440	2376-2377	,	
1-441	2378-2380	et	
1-442	2381-2387	Israël	
1-443	2388-2394	populo	
1-444	2395-2398	suo	
1-445	2398-2399	.	

#Text=Caput 9
#Text=
#Text=
#Text=1 Factum est autem cum perfecisset Salomon ædificium domus Domini, et ædificium regis, et omne quod optaverat et voluerat facere, 2 apparuit ei Dominus secundo, sicut apparuerat ei in Gabaon.
#Text=3 Dixitque Dominus ad eum : Exaudivi orationem tuam et deprecationem tuam, quam deprecatus es coram me : sanctificavi domum hanc quam ædificasti, ut ponerem nomen meum ibi in sempiternum, et erunt oculi mei et cor meum ibi cunctis diebus.
#Text=4 Tu quoque si ambulaveris coram me sicut ambulavit pater tuus, in simplicitate cordis et in æquitate, et feceris omnia quæ præcepi tibi, et legitima mea et judicia mea servaveris, 5 ponam thronum regni tui super Israël in sempiternum, sicut locutus sum David patri tuo, dicens : Non auferetur vir de genere tuo de solio Israël.
#Text=6 Si autem aversione aversi fueritis vos et filii vestri, non sequentes me, nec custodientes mandata mea et cæremonias meas quas proposui vobis, sed abieritis et colueritis deos alienos, et adoraveritis eos : 7 auferam Israël de superficie terræ quam dedi eis, et templum quod sanctificavi nomini meo, projiciam a conspectu meo : eritque Israël in proverbium, et in fabulam cunctis populis.
#Text=8 Et domus hæc erit in exemplum : omnis qui transierit per eam, stupebit, et sibilabit, et dicet : Quare fecit Dominus sic terræ huic, et domui huic ?
2-1	2400-2405	Caput	
2-2	2406-2407	9	
2-3	2410-2411	1	
2-4	2412-2418	Factum	
2-5	2419-2422	est	
2-6	2423-2428	autem	
2-7	2429-2432	cum	
2-8	2433-2444	perfecisset	
2-9	2445-2452	Salomon	
2-10	2453-2462	ædificium	
2-11	2463-2468	domus	
2-12	2469-2475	Domini	
2-13	2475-2476	,	
2-14	2477-2479	et	
2-15	2480-2489	ædificium	
2-16	2490-2495	regis	
2-17	2495-2496	,	
2-18	2497-2499	et	
2-19	2500-2504	omne	
2-20	2505-2509	quod	
2-21	2510-2519	optaverat	
2-22	2520-2522	et	
2-23	2523-2531	voluerat	
2-24	2532-2538	facere	
2-25	2538-2539	,	
2-26	2540-2541	2	
2-27	2542-2550	apparuit	
2-28	2551-2553	ei	
2-29	2554-2561	Dominus	
2-30	2562-2569	secundo	
2-31	2569-2570	,	
2-32	2571-2576	sicut	
2-33	2577-2587	apparuerat	
2-34	2588-2590	ei	
2-35	2591-2593	in	
2-36	2594-2600	Gabaon	
2-37	2600-2601	.	
2-38	2602-2603	3	
2-39	2604-2612	Dixitque	
2-40	2613-2620	Dominus	
2-41	2621-2623	ad	
2-42	2624-2627	eum	
2-43	2628-2629	:	
2-44	2630-2638	Exaudivi	
2-45	2639-2648	orationem	
2-46	2649-2653	tuam	
2-47	2654-2656	et	
2-48	2657-2670	deprecationem	
2-49	2671-2675	tuam	
2-50	2675-2676	,	
2-51	2677-2681	quam	
2-52	2682-2692	deprecatus	
2-53	2693-2695	es	
2-54	2696-2701	coram	
2-55	2702-2704	me	
2-56	2705-2706	:	
2-57	2707-2719	sanctificavi	
2-58	2720-2725	domum	
2-59	2726-2730	hanc	
2-60	2731-2735	quam	
2-61	2736-2746	ædificasti	
2-62	2746-2747	,	
2-63	2748-2750	ut	
2-64	2751-2758	ponerem	
2-65	2759-2764	nomen	
2-66	2765-2769	meum	
2-67	2770-2773	ibi	
2-68	2774-2776	in	
2-69	2777-2788	sempiternum	
2-70	2788-2789	,	
2-71	2790-2792	et	
2-72	2793-2798	erunt	
2-73	2799-2804	oculi	
2-74	2805-2808	mei	
2-75	2809-2811	et	
2-76	2812-2815	cor	
2-77	2816-2820	meum	
2-78	2821-2824	ibi	
2-79	2825-2832	cunctis	
2-80	2833-2839	diebus	
2-81	2839-2840	.	
2-82	2841-2842	4	
2-83	2843-2845	Tu	
2-84	2846-2852	quoque	
2-85	2853-2855	si	
2-86	2856-2867	ambulaveris	
2-87	2868-2873	coram	
2-88	2874-2876	me	
2-89	2877-2882	sicut	
2-90	2883-2892	ambulavit	
2-91	2893-2898	pater	
2-92	2899-2903	tuus	
2-93	2903-2904	,	
2-94	2905-2907	in	
2-95	2908-2920	simplicitate	
2-96	2921-2927	cordis	
2-97	2928-2930	et	
2-98	2931-2933	in	
2-99	2934-2942	æquitate	
2-100	2942-2943	,	
2-101	2944-2946	et	
2-102	2947-2954	feceris	
2-103	2955-2960	omnia	
2-104	2961-2964	quæ	
2-105	2965-2972	præcepi	
2-106	2973-2977	tibi	
2-107	2977-2978	,	
2-108	2979-2981	et	
2-109	2982-2990	legitima	
2-110	2991-2994	mea	
2-111	2995-2997	et	
2-112	2998-3005	judicia	
2-113	3006-3009	mea	
2-114	3010-3020	servaveris	
2-115	3020-3021	,	
2-116	3022-3023	5	
2-117	3024-3029	ponam	
2-118	3030-3037	thronum	
2-119	3038-3043	regni	
2-120	3044-3047	tui	
2-121	3048-3053	super	
2-122	3054-3060	Israël	
2-123	3061-3063	in	
2-124	3064-3075	sempiternum	
2-125	3075-3076	,	
2-126	3077-3082	sicut	
2-127	3083-3090	locutus	
2-128	3091-3094	sum	
2-129	3095-3100	David	
2-130	3101-3106	patri	
2-131	3107-3110	tuo	
2-132	3110-3111	,	
2-133	3112-3118	dicens	
2-134	3119-3120	:	
2-135	3121-3124	Non	
2-136	3125-3134	auferetur	
2-137	3135-3138	vir	
2-138	3139-3141	de	
2-139	3142-3148	genere	
2-140	3149-3152	tuo	
2-141	3153-3155	de	
2-142	3156-3161	solio	
2-143	3162-3168	Israël	
2-144	3168-3169	.	
2-145	3170-3171	6	
2-146	3172-3174	Si	
2-147	3175-3180	autem	
2-148	3181-3190	aversione	
2-149	3191-3197	aversi	
2-150	3198-3206	fueritis	
2-151	3207-3210	vos	
2-152	3211-3213	et	
2-153	3214-3219	filii	
2-154	3220-3226	vestri	
2-155	3226-3227	,	
2-156	3228-3231	non	
2-157	3232-3241	sequentes	
2-158	3242-3244	me	
2-159	3244-3245	,	
2-160	3246-3249	nec	
2-161	3250-3262	custodientes	
2-162	3263-3270	mandata	
2-163	3271-3274	mea	
2-164	3275-3277	et	
2-165	3278-3288	cæremonias	
2-166	3289-3293	meas	
2-167	3294-3298	quas	
2-168	3299-3307	proposui	
2-169	3308-3313	vobis	
2-170	3313-3314	,	
2-171	3315-3318	sed	
2-172	3319-3328	abieritis	
2-173	3329-3331	et	
2-174	3332-3342	colueritis	
2-175	3343-3347	deos	
2-176	3348-3355	alienos	
2-177	3355-3356	,	
2-178	3357-3359	et	
2-179	3360-3372	adoraveritis	
2-180	3373-3376	eos	
2-181	3377-3378	:	
2-182	3379-3380	7	
2-183	3381-3388	auferam	
2-184	3389-3395	Israël	
2-185	3396-3398	de	
2-186	3399-3409	superficie	
2-187	3410-3415	terræ	
2-188	3416-3420	quam	
2-189	3421-3425	dedi	
2-190	3426-3429	eis	
2-191	3429-3430	,	
2-192	3431-3433	et	
2-193	3434-3441	templum	
2-194	3442-3446	quod	
2-195	3447-3459	sanctificavi	
2-196	3460-3466	nomini	
2-197	3467-3470	meo	
2-198	3470-3471	,	
2-199	3472-3481	projiciam	
2-200	3482-3483	a	
2-201	3484-3493	conspectu	
2-202	3494-3497	meo	
2-203	3498-3499	:	
2-204	3500-3507	eritque	
2-205	3508-3514	Israël	
2-206	3515-3517	in	
2-207	3518-3528	proverbium	
2-208	3528-3529	,	
2-209	3530-3532	et	
2-210	3533-3535	in	
2-211	3536-3543	fabulam	
2-212	3544-3551	cunctis	
2-213	3552-3559	populis	
2-214	3559-3560	.	
2-215	3561-3562	8	
2-216	3563-3565	Et	
2-217	3566-3571	domus	
2-218	3572-3575	hæc	
2-219	3576-3580	erit	
2-220	3581-3583	in	
2-221	3584-3592	exemplum	
2-222	3593-3594	:	
2-223	3595-3600	omnis	
2-224	3601-3604	qui	
2-225	3605-3615	transierit	
2-226	3616-3619	per	
2-227	3620-3623	eam	
2-228	3623-3624	,	
2-229	3625-3633	stupebit	
2-230	3633-3634	,	
2-231	3635-3637	et	
2-232	3638-3647	sibilabit	
2-233	3647-3648	,	
2-234	3649-3651	et	
2-235	3652-3657	dicet	
2-236	3658-3659	:	
2-237	3660-3665	Quare	
2-238	3666-3671	fecit	
2-239	3672-3679	Dominus	
2-240	3680-3683	sic	
2-241	3684-3689	terræ	
2-242	3690-3694	huic	
2-243	3694-3695	,	
2-244	3696-3698	et	
2-245	3699-3704	domui	
2-246	3705-3709	huic	
2-247	3710-3711	?	

#Text=9 Et respondebunt : Quia dereliquerunt Dominum Deum suum, qui eduxit patres eorum de terra Ægypti, et secuti sunt deos alienos, et adoraverunt eos, et coluerunt eos : idcirco induxit Dominus super eos omne malum hoc.
#Text=10 Expletis autem annis viginti postquam ædificaverat Salomon duas domos, id est, domum Domini, et domum regis 11 (Hiram rege Tyri præbente Salomoni ligna cedrina et abiegna, et aurum juxta omne quod opus habuerat), tunc dedit Salomon Hiram viginti oppida in terra Galilææ.
3-1	3712-3713	9	
3-2	3714-3716	Et	
3-3	3717-3729	respondebunt	
3-4	3730-3731	:	
3-5	3732-3736	Quia	
3-6	3737-3750	dereliquerunt	
3-7	3751-3758	Dominum	
3-8	3759-3763	Deum	
3-9	3764-3768	suum	
3-10	3768-3769	,	
3-11	3770-3773	qui	
3-12	3774-3780	eduxit	
3-13	3781-3787	patres	
3-14	3788-3793	eorum	
3-15	3794-3796	de	
3-16	3797-3802	terra	
3-17	3803-3809	Ægypti	
3-18	3809-3810	,	
3-19	3811-3813	et	
3-20	3814-3820	secuti	
3-21	3821-3825	sunt	
3-22	3826-3830	deos	
3-23	3831-3838	alienos	
3-24	3838-3839	,	
3-25	3840-3842	et	
3-26	3843-3854	adoraverunt	
3-27	3855-3858	eos	
3-28	3858-3859	,	
3-29	3860-3862	et	
3-30	3863-3872	coluerunt	
3-31	3873-3876	eos	
3-32	3877-3878	:	
3-33	3879-3886	idcirco	
3-34	3887-3894	induxit	
3-35	3895-3902	Dominus	
3-36	3903-3908	super	
3-37	3909-3912	eos	
3-38	3913-3917	omne	
3-39	3918-3923	malum	
3-40	3924-3927	hoc	
3-41	3927-3928	.	
3-42	3929-3931	10	
3-43	3932-3940	Expletis	
3-44	3941-3946	autem	
3-45	3947-3952	annis	
3-46	3953-3960	viginti	
3-47	3961-3969	postquam	
3-48	3970-3982	ædificaverat	
3-49	3983-3990	Salomon	
3-50	3991-3995	duas	
3-51	3996-4001	domos	
3-52	4001-4002	,	
3-53	4003-4005	id	
3-54	4006-4009	est	
3-55	4009-4010	,	
3-56	4011-4016	domum	
3-57	4017-4023	Domini	
3-58	4023-4024	,	
3-59	4025-4027	et	
3-60	4028-4033	domum	
3-61	4034-4039	regis	
3-62	4040-4042	11	
3-63	4043-4044	(	
3-64	4044-4049	Hiram	
3-65	4050-4054	rege	
3-66	4055-4059	Tyri	
3-67	4060-4068	præbente	
3-68	4069-4077	Salomoni	
3-69	4078-4083	ligna	
3-70	4084-4091	cedrina	
3-71	4092-4094	et	
3-72	4095-4102	abiegna	
3-73	4102-4103	,	
3-74	4104-4106	et	
3-75	4107-4112	aurum	
3-76	4113-4118	juxta	
3-77	4119-4123	omne	
3-78	4124-4128	quod	
3-79	4129-4133	opus	
3-80	4134-4142	habuerat	
3-81	4142-4143	)	
3-82	4143-4144	,	
3-83	4145-4149	tunc	
3-84	4150-4155	dedit	
3-85	4156-4163	Salomon	
3-86	4164-4169	Hiram	
3-87	4170-4177	viginti	
3-88	4178-4184	oppida	
3-89	4185-4187	in	
3-90	4188-4193	terra	
3-91	4194-4201	Galilææ	
3-92	4201-4202	.	
