#FORMAT=WebAnno TSV 3.3


#Text=Maar zo’er eens warme Regens zyn, kort na het
#Text=verplanten, zal dit maken, dat ze terstond wortel vatten;
#Text=zo dat ze geen verder oppassen
#Text=vereissen, dan te maken, dat ze van ’t onkruid zuiver gehouden worden.
1-1	2-6	Maar	
1-2	7-9	zo	
1-3	9-10	’	
1-4	10-12	er	
1-5	13-17	eens	
1-6	18-23	warme	
1-7	24-30	Regens	
1-8	31-34	zyn	
1-9	34-35	,	
1-10	36-40	kort	
1-11	41-43	na	
1-12	44-47	het	
1-13	48-58	verplanten	
1-14	58-59	,	
1-15	60-63	zal	
1-16	64-67	dit	
1-17	68-73	maken	
1-18	73-74	,	
1-19	75-78	dat	
1-20	79-81	ze	
1-21	82-90	terstond	
1-22	91-97	wortel	
1-23	98-104	vatten	
1-24	104-105	;	
1-25	106-108	zo	
1-26	109-112	dat	
1-27	113-115	ze	
1-28	116-120	geen	
1-29	121-127	verder	
1-30	128-136	oppassen	
1-31	137-146	vereissen	
1-32	146-147	,	
1-33	148-151	dan	
1-34	152-154	te	
1-35	155-160	maken	
1-36	160-161	,	
1-37	162-165	dat	
1-38	166-168	ze	
1-39	169-172	van	
1-40	173-174	’	
1-41	174-175	t	
1-42	176-183	onkruid	
1-43	184-190	zuiver	
1-44	191-199	gehouden	
1-45	200-206	worden	
1-46	206-207	.	

#Text=Schoon deze Planten teder zyn, als zy in de Hoven geplant worden; echter als ze
#Text=by toeval op een Muur wortel hebben gemaakt, zullen ze de grootste koude van den
#Text=Winter kunnen uitstaan, al stonden ze bloot voor koude winden.
2-1	209-215	Schoon	
2-2	216-220	deze	
2-3	221-228	Planten	
2-4	229-234	teder	
2-5	235-238	zyn	
2-6	238-239	,	
2-7	240-243	als	
2-8	244-246	zy	
2-9	247-249	in	
2-10	250-252	de	
2-11	253-258	Hoven	
2-12	259-266	geplant	
2-13	267-273	worden	
2-14	273-274	;	
2-15	275-281	echter	
2-16	282-285	als	
2-17	286-288	ze	
2-18	289-291	by	
2-19	292-298	toeval	
2-20	299-301	op	
2-21	302-305	een	
2-22	306-310	Muur	
2-23	311-317	wortel	
2-24	318-324	hebben	
2-25	325-332	gemaakt	
2-26	332-333	,	
2-27	334-340	zullen	
2-28	341-343	ze	
2-29	344-346	de	
2-30	347-355	grootste	
2-31	356-361	koude	
2-32	362-365	van	
2-33	366-369	den	
2-34	370-376	Winter	
2-35	377-383	kunnen	
2-36	384-392	uitstaan	
2-37	392-393	,	
2-38	394-396	al	
2-39	397-404	stonden	
2-40	405-407	ze	
2-41	408-413	bloot	
2-42	414-418	voor	
2-43	419-424	koude	
2-44	425-431	winden	
2-45	431-432	.	

#Text=Dit komt daar van
#Text=daan, dat de Planten steviger en de wortels droger zyn.
3-1	433-436	Dit	
3-2	437-441	komt	
3-3	442-446	daar	
3-4	447-450	van	
3-5	451-455	daan	
3-6	455-456	,	
3-7	457-460	dat	
3-8	461-463	de	
3-9	464-471	Planten	
3-10	472-480	steviger	
3-11	481-483	en	
3-12	484-486	de	
3-13	487-494	wortels	
3-14	495-501	droger	
3-15	502-505	zyn	
3-16	505-506	.	

#Text=Eigenschappen.
4-1	508-521	Eigenschappen	
4-2	521-522	.	

#Text=De bloemen en bladen van de smalbladige Rosmaryn, worden in
#Text=de Medicynen gebruikt.
5-1	523-525	De	
5-2	526-533	bloemen	
5-3	534-536	en	
5-4	537-543	bladen	
5-5	544-547	van	
5-6	548-550	de	
5-7	551-562	smalbladige	
5-8	563-571	Rosmaryn	
5-9	571-572	,	
5-10	573-579	worden	
5-11	580-582	in	
5-12	583-585	de	
5-13	586-595	Medicynen	
5-14	596-604	gebruikt	
5-15	604-605	.	

#Text=De Rosmaryn van Languedok is beter, dan die van Noordlyker landen.
6-1	608-610	De	
6-2	611-619	Rosmaryn	
6-3	620-623	van	
6-4	624-633	Languedok	
6-5	634-636	is	
6-6	637-642	beter	
6-7	642-643	,	
6-8	644-647	dan	
6-9	648-651	die	
6-10	652-655	van	
6-11	656-666	Noordlyker	
6-12	667-673	landen	
6-13	673-674	.	

#Text=Men gebruikt
#Text=deszelfs bladen in de Geneeskunst om te verdunnen ontbinden, en zuiveren.
7-1	675-678	Men	
7-2	679-687	gebruikt	
7-3	688-696	deszelfs	
7-4	697-703	bladen	
7-5	704-706	in	
7-6	707-709	de	
7-7	710-721	Geneeskunst	
7-8	722-724	om	
7-9	725-727	te	
7-10	728-737	verdunnen	
7-11	738-747	ontbinden	
7-12	747-748	,	
7-13	749-751	en	
7-14	752-760	zuiveren	
7-15	760-761	.	

#Text=Zy
#Text=sterken de hersenen.
8-1	762-764	Zy	
8-2	765-772	sterken	
8-3	773-775	de	
8-4	776-784	hersenen	
8-5	784-785	.	

#Text=Men kan’er een poejer van maken, die men in Wyn neemt, om
#Text=de Zinkingen te genezen, en de koude ongematigdheden, de pynen der Mildt en
#Text=Lever, de Vallendeziekten, de drajingen des hoofds, de stuiptrekkingen, Lamheid,
#Text=en de dampen van de lyfmoer.
9-1	786-789	Men	
9-2	790-793	kan	
9-3	793-794	’	
9-4	794-796	er	
9-5	797-800	een	
9-6	801-807	poejer	
9-7	808-811	van	
9-8	812-817	maken	
9-9	817-818	,	
9-10	819-822	die	
9-11	823-826	men	
9-12	827-829	in	
9-13	830-833	Wyn	
9-14	834-839	neemt	
9-15	839-840	,	
9-16	841-843	om	
9-17	844-846	de	
9-18	847-856	Zinkingen	
9-19	857-859	te	
9-20	860-867	genezen	
9-21	867-868	,	
9-22	869-871	en	
9-23	872-874	de	
9-24	875-880	koude	
9-25	881-896	ongematigdheden	
9-26	896-897	,	
9-27	898-900	de	
9-28	901-906	pynen	
9-29	907-910	der	
9-30	911-916	Mildt	
9-31	917-919	en	
9-32	920-925	Lever	
9-33	925-926	,	
9-34	927-929	de	
9-35	930-945	Vallendeziekten	
9-36	945-946	,	
9-37	947-949	de	
9-38	950-959	drajingen	
9-39	960-963	des	
9-40	964-970	hoofds	
9-41	970-971	,	
9-42	972-974	de	
9-43	975-990	stuiptrekkingen	
9-44	990-991	,	
9-45	992-999	Lamheid	
9-46	999-1000	,	
9-47	1001-1003	en	
9-48	1004-1006	de	
9-49	1007-1013	dampen	
9-50	1014-1017	van	
9-51	1018-1020	de	
9-52	1021-1028	lyfmoer	
9-53	1028-1029	.	

#Text=De bloemen en bladen van Rosmaryn, met Zout en Brood, alle morgens gegeten,
#Text=doen de pyn des hóófds overgaan, versterken ’t gezicht, en maken een goeden adem.
10-1	1032-1034	De	
10-2	1035-1042	bloemen	
10-3	1043-1045	en	
10-4	1046-1052	bladen	
10-5	1053-1056	van	
10-6	1057-1065	Rosmaryn	
10-7	1065-1066	,	
10-8	1067-1070	met	
10-9	1071-1075	Zout	
10-10	1076-1078	en	
10-11	1079-1084	Brood	
10-12	1084-1085	,	
10-13	1086-1090	alle	
10-14	1091-1098	morgens	
10-15	1099-1106	gegeten	
10-16	1106-1107	,	
10-17	1108-1112	doen	
10-18	1113-1115	de	
10-19	1116-1119	pyn	
10-20	1120-1123	des	
10-21	1124-1130	hóófds	
10-22	1131-1139	overgaan	
10-23	1139-1140	,	
10-24	1141-1151	versterken	
10-25	1152-1153	’	
10-26	1153-1154	t	
10-27	1155-1162	gezicht	
10-28	1162-1163	,	
10-29	1164-1166	en	
10-30	1167-1172	maken	
10-31	1173-1176	een	
10-32	1177-1183	goeden	
10-33	1184-1188	adem	
10-34	1188-1189	.	

#Text=In den Pesttyd is het goed het huis met Rosmaryn te berooken, om dat die róók de
#Text=kwade lucht verdryft.
11-1	1192-1194	In	
11-2	1195-1198	den	
11-3	1199-1206	Pesttyd	
11-4	1207-1209	is	
11-5	1210-1213	het	
11-6	1214-1218	goed	
11-7	1219-1222	het	
11-8	1223-1227	huis	
11-9	1228-1231	met	
11-10	1232-1240	Rosmaryn	
11-11	1241-1243	te	
11-12	1244-1252	berooken	
11-13	1252-1253	,	
11-14	1254-1256	om	
11-15	1257-1260	dat	
11-16	1261-1264	die	
11-17	1265-1269	róók	
11-18	1270-1272	de	
11-19	1273-1278	kwade	
11-20	1279-1284	lucht	
11-21	1285-1293	verdryft	
11-22	1293-1294	.	

#Text=De bloemen tot Conserf gemaakt, versterken de Maag, en zyn
#Text=goed voor
#Text=
#Text=M.
12-1	1295-1297	De	
12-2	1298-1305	bloemen	
12-3	1306-1309	tot	
12-4	1310-1317	Conserf	
12-5	1318-1325	gemaakt	
12-6	1325-1326	,	
12-7	1327-1337	versterken	
12-8	1338-1340	de	
12-9	1341-1345	Maag	
12-10	1345-1346	,	
12-11	1347-1349	en	
12-12	1350-1353	zyn	
12-13	1354-1358	goed	
12-14	1359-1363	voor	
12-15	1365-1366	M	
12-16	1366-1367	.	

#Text=Noel Chomel, Huishoudelyk woordboek
#Text=
#Text=\f923
#Text=de droefgeestigen, voor de Vallendeziekte, Zenuwtrekkingen, en Lamheid.
#Text=’t Zaad,
#Text=met Peper en witte Wyn gedronken, geneest de Geluw en opent de verstoppingen
#Text=van de Lever; ’t Afziedsel van deszelfs bloemen met witte Wyn, versterkt de
#Text=verzwakte Zenuwen, zo men’er het hóófd mede wast.
13-1	1368-1372	Noel	
13-2	1373-1379	Chomel	
13-3	1379-1380	,	
13-4	1381-1393	Huishoudelyk	
13-5	1394-1403	woordboek	
13-6	1406-1409	923	
13-7	1410-1412	de	
13-8	1413-1427	droefgeestigen	
13-9	1427-1428	,	
13-10	1429-1433	voor	
13-11	1434-1436	de	
13-12	1437-1451	Vallendeziekte	
13-13	1451-1452	,	
13-14	1453-1468	Zenuwtrekkingen	
13-15	1468-1469	,	
13-16	1470-1472	en	
13-17	1473-1480	Lamheid	
13-18	1480-1481	.	
13-19	1482-1483	’	
13-20	1483-1484	t	
13-21	1485-1489	Zaad	
13-22	1489-1490	,	
13-23	1491-1494	met	
13-24	1495-1500	Peper	
13-25	1501-1503	en	
13-26	1504-1509	witte	
13-27	1510-1513	Wyn	
13-28	1514-1523	gedronken	
13-29	1523-1524	,	
13-30	1525-1532	geneest	
13-31	1533-1535	de	
13-32	1536-1541	Geluw	
13-33	1542-1544	en	
13-34	1545-1550	opent	
13-35	1551-1553	de	
13-36	1554-1567	verstoppingen	
13-37	1568-1571	van	
13-38	1572-1574	de	
13-39	1575-1580	Lever	
13-40	1580-1581	;	
13-41	1582-1583	’	
13-42	1583-1584	t	
13-43	1585-1594	Afziedsel	
13-44	1595-1598	van	
13-45	1599-1607	deszelfs	
13-46	1608-1615	bloemen	
13-47	1616-1619	met	
13-48	1620-1625	witte	
13-49	1626-1629	Wyn	
13-50	1629-1630	,	
13-51	1631-1640	versterkt	
13-52	1641-1643	de	
13-53	1644-1653	verzwakte	
13-54	1654-1661	Zenuwen	
13-55	1661-1662	,	
13-56	1663-1665	zo	
13-57	1666-1669	men	
13-58	1669-1670	’	
13-59	1670-1672	er	
13-60	1673-1676	het	
13-61	1677-1682	hóófd	
13-62	1683-1687	mede	
13-63	1688-1692	wast	
13-64	1692-1693	.	

#Text=Men maakt van de takjes goede
#Text=Tandestokers en Houtskool, om’er mede te tekenen.
14-1	1694-1697	Men	
14-2	1698-1703	maakt	
14-3	1704-1707	van	
14-4	1708-1710	de	
14-5	1711-1717	takjes	
14-6	1718-1723	goede	
14-7	1724-1736	Tandestokers	
14-8	1737-1739	en	
14-9	1740-1749	Houtskool	
14-10	1749-1750	,	
14-11	1751-1753	om	
14-12	1753-1754	’	
14-13	1754-1756	er	
14-14	1757-1761	mede	
14-15	1762-1764	te	
14-16	1765-1772	tekenen	
14-17	1772-1773	.	

#Text=Men gebruikt de bloemen van Rosmaryn om’
15-1	1776-1779	Men	
15-2	1780-1788	gebruikt	
15-3	1789-1791	de	
15-4	1792-1799	bloemen	
15-5	1800-1803	van	
15-6	1804-1812	Rosmaryn	
15-7	1813-1815	om	
15-8	1815-1816	’	
