#FORMAT=WebAnno TSV 3.3


#Text=of ook zyn zy benaamt geworden van
#Text=het ver of na aan boort te zitten.
1-1	0-2	of	
1-2	3-6	ook	
1-3	7-10	zyn	
1-4	11-13	zy	
1-5	14-21	benaamt	
1-6	22-30	geworden	
1-7	31-34	van	
1-8	35-38	het	
1-9	39-42	ver	
1-10	43-45	of	
1-11	46-48	na	
1-12	49-52	aan	
1-13	53-58	boort	
1-14	59-61	te	
1-15	62-68	zitten	
1-16	68-69	.	

#Text=Misschien ook hebben de roei-banken zommige
#Text=hoog, en andere weinig laager gestaan op een zelfste verdek;
#Text=zoo dat zelf de
#Text=benaming daar van zyn aanvang zoude konnen bekomen hebben:
#Text=of misschien
#Text=hebbenze hun riemen hoog en laag, door 't boort, in zee gestoken, om ruimte te
#Text=winnen, en vrye slag in 't water te bekomen; waar na deeze woorden van zekeren
#Text=vermaarden
#Text=Schryver schynen te hellen, Triremes habent duos ordines
#Text=remorum,
#Text=superiorem & inferiorem.
2-1	70-79	Misschien	
2-2	80-83	ook	
2-3	84-90	hebben	
2-4	91-93	de	
2-5	94-105	roei-banken	
2-6	106-113	zommige	
2-7	114-118	hoog	
2-8	118-119	,	
2-9	120-122	en	
2-10	123-129	andere	
2-11	130-136	weinig	
2-12	137-143	laager	
2-13	144-151	gestaan	
2-14	152-154	op	
2-15	155-158	een	
2-16	159-166	zelfste	
2-17	167-173	verdek	
2-18	173-174	;	
2-19	175-178	zoo	
2-20	179-182	dat	
2-21	183-187	zelf	
2-22	188-190	de	
2-23	191-199	benaming	
2-24	200-204	daar	
2-25	205-208	van	
2-26	209-212	zyn	
2-27	213-220	aanvang	
2-28	221-226	zoude	
2-29	227-233	konnen	
2-30	234-241	bekomen	
2-31	242-248	hebben	
2-32	248-249	:	
2-33	250-252	of	
2-34	253-262	misschien	
2-35	263-271	hebbenze	
2-36	272-275	hun	
2-37	276-282	riemen	
2-38	283-287	hoog	
2-39	288-290	en	
2-40	291-295	laag	
2-41	295-296	,	
2-42	297-301	door	
2-43	302-303	'	
2-44	303-304	t	
2-45	305-310	boort	
2-46	310-311	,	
2-47	312-314	in	
2-48	315-318	zee	
2-49	319-327	gestoken	
2-50	327-328	,	
2-51	329-331	om	
2-52	332-338	ruimte	
2-53	339-341	te	
2-54	342-348	winnen	
2-55	348-349	,	
2-56	350-352	en	
2-57	353-357	vrye	
2-58	358-362	slag	
2-59	363-365	in	
2-60	366-367	'	
2-61	367-368	t	
2-62	369-374	water	
2-63	375-377	te	
2-64	378-385	bekomen	
2-65	385-386	;	
2-66	387-391	waar	
2-67	392-394	na	
2-68	395-400	deeze	
2-69	401-408	woorden	
2-70	409-412	van	
2-71	413-420	zekeren	
2-72	421-431	vermaarden	
2-73	432-440	Schryver	
2-74	441-448	schynen	
2-75	449-451	te	
2-76	452-458	hellen	
2-77	458-459	,	
2-78	460-468	Triremes	
2-79	469-475	habent	
2-80	476-480	duos	
2-81	481-488	ordines	
2-82	489-496	remorum	
2-83	496-497	,	
2-84	498-508	superiorem	
2-85	509-510	&	
2-86	511-521	inferiorem	
2-87	521-522	.	

#Text=Op Duits:
#Text=De drie-riem Scheepen voeren twee reien riemen,
#Text=een onder en een bovenste.
3-1	523-525	Op	
3-2	526-531	Duits	
3-3	531-532	:	
3-4	533-535	De	
3-5	536-545	drie-riem	
3-6	546-554	Scheepen	
3-7	555-561	voeren	
3-8	562-566	twee	
3-9	567-572	reien	
3-10	573-579	riemen	
3-11	579-580	,	
3-12	581-584	een	
3-13	585-590	onder	
3-14	591-593	en	
3-15	594-597	een	
3-16	598-606	bovenste	
3-17	606-607	.	

#Text=De genen, welke dryven dat de roeijers boven elkander hebben gezeten, brengen
#Text=Aristophanes, een aanzienlyke Schryver, te bort;
#Text=welk zegt, in zeker verhaal, dat
#Text=de Thalamiten, ofte laag-roeijers, den Thraniten, ofte hoogroeijers, in de neus
#Text=veesten:
#Text='t geen, zeggen zy, niet kan geschiet zyn, of moeten nootwendig boven
#Text=elkander hebben gezeeten;
#Text=behalven dat dit op eenige andere wyze zoude konnen
#Text=geschiet zyn.
4-1	610-612	De	
4-2	613-618	genen	
4-3	618-619	,	
4-4	620-625	welke	
4-5	626-632	dryven	
4-6	633-636	dat	
4-7	637-639	de	
4-8	640-648	roeijers	
4-9	649-654	boven	
4-10	655-663	elkander	
4-11	664-670	hebben	
4-12	671-678	gezeten	
4-13	678-679	,	
4-14	680-687	brengen	
4-15	688-700	Aristophanes	
4-16	700-701	,	
4-17	702-705	een	
4-18	706-717	aanzienlyke	
4-19	718-726	Schryver	
4-20	726-727	,	
4-21	728-730	te	
4-22	731-735	bort	
4-23	735-736	;	
4-24	737-741	welk	
4-25	742-746	zegt	
4-26	746-747	,	
4-27	748-750	in	
4-28	751-756	zeker	
4-29	757-764	verhaal	
4-30	764-765	,	
4-31	766-769	dat	
4-32	770-772	de	
4-33	773-783	Thalamiten	
4-34	783-784	,	
4-35	785-789	ofte	
4-36	790-803	laag-roeijers	
4-37	803-804	,	
4-38	805-808	den	
4-39	809-818	Thraniten	
4-40	818-819	,	
4-41	820-824	ofte	
4-42	825-837	hoogroeijers	
4-43	837-838	,	
4-44	839-841	in	
4-45	842-844	de	
4-46	845-849	neus	
4-47	850-857	veesten	
4-48	857-858	:	
4-49	859-860	'	
4-50	860-861	t	
4-51	862-866	geen	
4-52	866-867	,	
4-53	868-874	zeggen	
4-54	875-877	zy	
4-55	877-878	,	
4-56	879-883	niet	
4-57	884-887	kan	
4-58	888-896	geschiet	
4-59	897-900	zyn	
4-60	900-901	,	
4-61	902-904	of	
4-62	905-911	moeten	
4-63	912-922	nootwendig	
4-64	923-928	boven	
4-65	929-937	elkander	
4-66	938-944	hebben	
4-67	945-953	gezeeten	
4-68	953-954	;	
4-69	955-963	behalven	
4-70	964-967	dat	
4-71	968-971	dit	
4-72	972-974	op	
4-73	975-981	eenige	
4-74	982-988	andere	
4-75	989-993	wyze	
4-76	994-999	zoude	
4-77	1000-1006	konnen	
4-78	1007-1015	geschiet	
4-79	1016-1019	zyn	
4-80	1019-1020	.	

#Text=Zoo blyft dan echter noch een zwarigheit, waar de Zygiten, die tusschen
#Text=de Thalamiten en Thraniten zaten, zijn gebleeven, welke dikmaal van drie of vier
#Text=reien zyn geweest, als de gene, welke heel om hoogh zaten, den genen die geheel
#Text=om laag zaten in de mont veesten.
5-1	1021-1024	Zoo	
5-2	1025-1030	blyft	
5-3	1031-1034	dan	
5-4	1035-1041	echter	
5-5	1042-1046	noch	
5-6	1047-1050	een	
5-7	1051-1061	zwarigheit	
5-8	1061-1062	,	
5-9	1063-1067	waar	
5-10	1068-1070	de	
5-11	1071-1078	Zygiten	
5-12	1078-1079	,	
5-13	1080-1083	die	
5-14	1084-1092	tusschen	
5-15	1093-1095	de	
5-16	1096-1106	Thalamiten	
5-17	1107-1109	en	
5-18	1110-1119	Thraniten	
5-19	1120-1125	zaten	
5-20	1125-1126	,	
5-21	1127-1131	zijn	
5-22	1132-1141	gebleeven	
5-23	1141-1142	,	
5-24	1143-1148	welke	
5-25	1149-1156	dikmaal	
5-26	1157-1160	van	
5-27	1161-1165	drie	
5-28	1166-1168	of	
5-29	1169-1173	vier	
5-30	1174-1179	reien	
5-31	1180-1183	zyn	
5-32	1184-1191	geweest	
5-33	1191-1192	,	
5-34	1193-1196	als	
5-35	1197-1199	de	
5-36	1200-1204	gene	
5-37	1204-1205	,	
5-38	1206-1211	welke	
5-39	1212-1216	heel	
5-40	1217-1219	om	
5-41	1220-1225	hoogh	
5-42	1226-1231	zaten	
5-43	1231-1232	,	
5-44	1233-1236	den	
5-45	1237-1242	genen	
5-46	1243-1246	die	
5-47	1247-1253	geheel	
5-48	1254-1256	om	
5-49	1257-1261	laag	
5-50	1262-1267	zaten	
5-51	1268-1270	in	
5-52	1271-1273	de	
5-53	1274-1278	mont	
5-54	1279-1286	veesten	
5-55	1286-1287	.	

#Text=De zommige meinen, dat de middelste riemen de langste zyn geweest, waar toe
#Text=zy voor bewys
#Text=Aristoteles Lib.
#Text=4.
#Text=by brengen, waar hy zegt, dat, gelyk de middelste
#Text=vingers, dat ook zoo de middelste riemen
#Text=de langste zyn.
6-1	1290-1292	De	
6-2	1293-1300	zommige	
6-3	1301-1307	meinen	
6-4	1307-1308	,	
6-5	1309-1312	dat	
6-6	1313-1315	de	
6-7	1316-1325	middelste	
6-8	1326-1332	riemen	
6-9	1333-1335	de	
6-10	1336-1343	langste	
6-11	1344-1347	zyn	
6-12	1348-1355	geweest	
6-13	1355-1356	,	
6-14	1357-1361	waar	
6-15	1362-1365	toe	
6-16	1366-1368	zy	
6-17	1369-1373	voor	
6-18	1374-1379	bewys	
6-19	1380-1391	Aristoteles	
6-20	1392-1395	Lib	
6-21	1395-1396	.	
6-22	1397-1398	4	
6-23	1398-1399	.	
6-24	1400-1402	by	
6-25	1403-1410	brengen	
6-26	1410-1411	,	
6-27	1412-1416	waar	
6-28	1417-1419	hy	
6-29	1420-1424	zegt	
6-30	1424-1425	,	
6-31	1426-1429	dat	
6-32	1429-1430	,	
6-33	1431-1436	gelyk	
6-34	1437-1439	de	
6-35	1440-1449	middelste	
6-36	1450-1457	vingers	
6-37	1457-1458	,	
6-38	1459-1462	dat	
6-39	1463-1466	ook	
6-40	1467-1470	zoo	
6-41	1471-1473	de	
6-42	1474-1483	middelste	
6-43	1484-1490	riemen	
6-44	1491-1493	de	
6-45	1494-1501	langste	
6-46	1502-1505	zyn	
6-47	1505-1506	.	
