#FORMAT=WebAnno TSV 3.3
#T_SP=custom.Span|label


#Text=x )
#Text=Im Originale ein ordinärer Wiener Dialektousdruck : ..'
1-1	3-4	x	_	
1-2	5-6	)	_	
1-3	7-9	Im	_	
1-4	10-19	Originale	_	
1-5	20-23	ein	_	
1-6	24-33	ordinärer	_	
1-7	34-40	Wiener	_	
1-8	41-56	Dialektousdruck	_	
1-9	57-58	:	_	
1-10	59-60	.	_	
1-11	60-61	.	_	
1-12	61-62	'	_	

#Text=ü-.atcjev“.
#Text=
#Text=
#Text=2 )
#Text=Ordinärer Wiener Dialektausdruek für Vagina: „‘Pouo“.
#Text=
#Text=
#Text=3 )
#Text=Eine in ordinären Wiener Dialektausdrücken sich ergehende Schilderung einer 
#Text=
#Text=„Oohibitatio inter rnammas cum quinque ejaculationibus et cum erectione permagnarum
#Text=
#Text=mammarum“.
#Text=* 
#Text=
#Text=4 )
#Text=Fellatio:
#Text=..yi-ou^pT 1- , 
#Text=
#Text=
#Text=168 
#Text=
#Text=
#Text=Fetischismus.
2-1	62-63	ü	_	
2-2	63-64	-	_	
2-3	64-65	.	_	
2-4	65-71	atcjev	_	
2-5	71-72	“	_	
2-6	72-73	.	_	
2-7	76-77	2	_	
2-8	78-79	)	_	
2-9	80-89	Ordinärer	_	
2-10	90-96	Wiener	_	
2-11	97-112	Dialektausdruek	_	
2-12	113-116	für	_	
2-13	117-123	Vagina	_	
2-14	123-124	:	_	
2-15	125-126	„	_	
2-16	126-127	‘	_	
2-17	127-131	Pouo	_	
2-18	131-132	“	_	
2-19	132-133	.	_	
2-20	136-137	3	_	
2-21	138-139	)	_	
2-22	140-144	Eine	_	
2-23	145-147	in	_	
2-24	148-157	ordinären	_	
2-25	158-164	Wiener	_	
2-26	165-182	Dialektausdrücken	_	
2-27	183-187	sich	_	
2-28	188-197	ergehende	_	
2-29	198-209	Schilderung	_	
2-30	210-215	einer	_	
2-31	218-219	„	_	
2-32	219-230	Oohibitatio	_	
2-33	231-236	inter	_	
2-34	237-244	rnammas	_	
2-35	245-248	cum	_	
2-36	249-256	quinque	_	
2-37	257-272	ejaculationibus	_	
2-38	273-275	et	_	
2-39	276-279	cum	_	
2-40	280-289	erectione	_	
2-41	290-301	permagnarum	_	
2-42	303-311	mammarum	_	
2-43	311-312	“	_	
2-44	312-313	.	_	
2-45	314-315	*	_	
2-46	318-319	4	_	
2-47	320-321	)	_	
2-48	322-330	Fellatio	_	
2-49	330-331	:	_	
2-50	332-333	.	_	
2-51	333-334	.	_	
2-52	334-339	yi-ou	_	
2-53	339-340	^	_	
2-54	340-342	pT	_	
2-55	343-344	1	_	
2-56	344-345	-	_	
2-57	346-347	,	_	
2-58	351-354	168	_	
2-59	358-370	Fetischismus	_	
2-60	370-371	.	_	

#Text=W i e schrie die Fürstin Y., als ihr neuestes Miede r 
#Text=mit gerader Front ihr in i h r e in Boudoir von August 
#Text=auf das engste zusammengepreßt wurde und sie ho c n- 
#Text=aufatmeud auf die weiche Otto m ane sitzend nieder- 
#Text=sank, während August die von 90 cm auf 40 cm fest- 
#Text=geschnürte Mitte umklammerte, während seine Augen ihre in 
#Text=tiefstem Negligee (sein- tief ausgeschnittenes, parfümiertes Battisthemd, 
#Text=Seidenhose, Strümpfe durchbrochen und Atlasstrumpfbänder ) sich zeigende
#Text=
#Text=schöne Gestalt verschlangen und Hals und Antlitz, Haar und rosige Schulter
#Text=
#Text=an ihr geküßt wurden.
3-1	375-376	W	_	
3-2	377-378	i	_	
3-3	379-380	e	_	
3-4	381-387	schrie	_	
3-5	388-391	die	_	
3-6	392-399	Fürstin	_	
3-7	400-401	Y	_	
3-8	401-402	.	_	
3-9	402-403	,	_	
3-10	404-407	als	_	
3-11	408-411	ihr	_	
3-12	412-420	neuestes	_	
3-13	421-426	Miede	_	
3-14	427-428	r	_	
3-15	430-433	mit	_	
3-16	434-441	gerader	_	
3-17	442-447	Front	_	
3-18	448-451	ihr	_	
3-19	452-454	in	_	
3-20	455-456	i	_	
3-21	457-458	h	_	
3-22	459-460	r	_	
3-23	461-462	e	_	
3-24	463-465	in	_	
3-25	466-473	Boudoir	_	
3-26	474-477	von	_	
3-27	478-484	August	_	
3-28	486-489	auf	_	
3-29	490-493	das	_	
3-30	494-500	engste	_	
3-31	501-516	zusammengepreßt	_	
3-32	517-522	wurde	_	
3-33	523-526	und	_	
3-34	527-530	sie	_	
3-35	531-533	ho	_	
3-36	534-535	c	_	
3-37	536-537	n	_	
3-38	537-538	-	_	
3-39	540-549	aufatmeud	_	
3-40	550-553	auf	_	
3-41	554-557	die	_	
3-42	558-564	weiche	_	
3-43	565-569	Otto	_	
3-44	570-571	m	_	
3-45	572-575	ane	_	
3-46	576-583	sitzend	_	
3-47	584-590	nieder	_	
3-48	590-591	-	_	
3-49	593-597	sank	_	
3-50	597-598	,	_	
3-51	599-606	während	_	
3-52	607-613	August	_	
3-53	614-617	die	_	
3-54	618-621	von	_	
3-55	622-624	90	_	
3-56	625-627	cm	_	
3-57	628-631	auf	_	
3-58	632-634	40	_	
3-59	635-637	cm	_	
3-60	638-642	fest	_	
3-61	642-643	-	_	
3-62	645-655	geschnürte	_	
3-63	656-661	Mitte	_	
3-64	662-673	umklammerte	_	
3-65	673-674	,	_	
3-66	675-682	während	_	
3-67	683-688	seine	_	
3-68	689-694	Augen	_	
3-69	695-699	ihre	_	
3-70	700-702	in	_	
3-71	704-712	tiefstem	_	
3-72	713-721	Negligee	_	
3-73	722-723	(	_	
3-74	723-727	sein	_	
3-75	727-728	-	_	
3-76	729-733	tief	_	
3-77	734-750	ausgeschnittenes	_	
3-78	750-751	,	_	
3-79	752-764	parfümiertes	Smell\_Word	
3-80	765-776	Battisthemd	Smell\_Source	
3-81	776-777	,	_	
3-82	779-789	Seidenhose	_	
3-83	789-790	,	_	
3-84	791-799	Strümpfe	_	
3-85	800-812	durchbrochen	_	
3-86	813-816	und	_	
3-87	817-835	Atlasstrumpfbänder	_	
3-88	836-837	)	_	
3-89	838-842	sich	_	
3-90	843-851	zeigende	_	
3-91	853-859	schöne	_	
3-92	860-867	Gestalt	_	
3-93	868-880	verschlangen	_	
3-94	881-884	und	_	
3-95	885-889	Hals	_	
3-96	890-893	und	_	
3-97	894-901	Antlitz	_	
3-98	901-902	,	_	
3-99	903-907	Haar	_	
3-100	908-911	und	_	
3-101	912-918	rosige	_	
3-102	919-927	Schulter	_	
3-103	929-931	an	_	
3-104	932-935	ihr	_	
3-105	936-942	geküßt	_	
3-106	943-949	wurden	_	
3-107	949-950	.	_	

#Text=Zitternd und halb gezwungen, denn eine Stunde lang
#Text=
#Text=stellte ihr August ihre ganze Zwangslage vor, daß sie doch seine Liebe in 
#Text=jeder Form nehmen müsse, sich so wie seine Frau zu benehmen habe, widrigeh- 
#Text=falls ihre fünf Zofen und extra noch grausame Folterungen ihr „Nachgeben“ 
#Text=erzwingen würden.
4-1	951-959	Zitternd	_	
4-2	960-963	und	_	
4-3	964-968	halb	_	
4-4	969-978	gezwungen	_	
4-5	978-979	,	_	
4-6	980-984	denn	_	
4-7	985-989	eine	_	
4-8	990-996	Stunde	_	
4-9	997-1001	lang	_	
4-10	1003-1010	stellte	_	
4-11	1011-1014	ihr	_	
4-12	1015-1021	August	_	
4-13	1022-1026	ihre	_	
4-14	1027-1032	ganze	_	
4-15	1033-1043	Zwangslage	_	
4-16	1044-1047	vor	_	
4-17	1047-1048	,	_	
4-18	1049-1052	daß	_	
4-19	1053-1056	sie	_	
4-20	1057-1061	doch	_	
4-21	1062-1067	seine	_	
4-22	1068-1073	Liebe	_	
4-23	1074-1076	in	_	
4-24	1078-1083	jeder	_	
4-25	1084-1088	Form	_	
4-26	1089-1095	nehmen	_	
4-27	1096-1101	müsse	_	
4-28	1101-1102	,	_	
4-29	1103-1107	sich	_	
4-30	1108-1110	so	_	
4-31	1111-1114	wie	_	
4-32	1115-1120	seine	_	
4-33	1121-1125	Frau	_	
4-34	1126-1128	zu	_	
4-35	1129-1137	benehmen	_	
4-36	1138-1142	habe	_	
4-37	1142-1143	,	_	
4-38	1144-1152	widrigeh	_	
4-39	1152-1153	-	_	
4-40	1155-1160	falls	_	
4-41	1161-1165	ihre	_	
4-42	1166-1170	fünf	_	
4-43	1171-1176	Zofen	_	
4-44	1177-1180	und	_	
4-45	1181-1186	extra	_	
4-46	1187-1191	noch	_	
4-47	1192-1200	grausame	_	
4-48	1201-1212	Folterungen	_	
4-49	1213-1216	ihr	_	
4-50	1217-1218	„	_	
4-51	1218-1227	Nachgeben	_	
4-52	1227-1228	“	_	
4-53	1230-1239	erzwingen	_	
4-54	1240-1246	würden	_	
4-55	1246-1247	.	_	

#Text=Wie schreit sie nur auf, als er sie so fest umfaßt, daß 
#Text=ihr voller herausgepreßter Busen an seiner nur mit einem dünnen, feinen 
#Text=Battisthemd bekleideten Brust fast eingedrückt wird.
5-1	1248-1251	Wie	_	
5-2	1252-1259	schreit	_	
5-3	1260-1263	sie	_	
5-4	1264-1267	nur	_	
5-5	1268-1271	auf	_	
5-6	1271-1272	,	_	
5-7	1273-1276	als	_	
5-8	1277-1279	er	_	
5-9	1280-1283	sie	_	
5-10	1284-1286	so	_	
5-11	1287-1291	fest	_	
5-12	1292-1298	umfaßt	_	
5-13	1298-1299	,	_	
5-14	1300-1303	daß	_	
5-15	1305-1308	ihr	_	
5-16	1309-1315	voller	_	
5-17	1316-1331	herausgepreßter	_	
5-18	1332-1337	Busen	_	
5-19	1338-1340	an	_	
5-20	1341-1347	seiner	_	
5-21	1348-1351	nur	_	
5-22	1352-1355	mit	_	
5-23	1356-1361	einem	_	
5-24	1362-1368	dünnen	_	
5-25	1368-1369	,	_	
5-26	1370-1376	feinen	_	
5-27	1378-1389	Battisthemd	_	
5-28	1390-1401	bekleideten	_	
5-29	1402-1407	Brust	_	
5-30	1408-1412	fast	_	
5-31	1413-1424	eingedrückt	_	
5-32	1425-1429	wird	_	
5-33	1429-1430	.	_	

#Text=Ihre Arme stoßen ihn
#Text=
#Text=von sich, Küsse regnet es jetzt auf ihre von ihm ergriffenen Brüste und 
#Text=Arme.
6-1	1431-1435	Ihre	_	
6-2	1436-1440	Arme	_	
6-3	1441-1447	stoßen	_	
6-4	1448-1451	ihn	_	
6-5	1453-1456	von	_	
6-6	1457-1461	sich	_	
6-7	1461-1462	,	_	
6-8	1463-1468	Küsse	_	
6-9	1469-1475	regnet	_	
6-10	1476-1478	es	_	
6-11	1479-1484	jetzt	_	
6-12	1485-1488	auf	_	
6-13	1489-1493	ihre	_	
6-14	1494-1497	von	_	
6-15	1498-1501	ihm	_	
6-16	1502-1513	ergriffenen	_	
6-17	1514-1520	Brüste	_	
6-18	1521-1524	und	_	
6-19	1526-1530	Arme	_	
6-20	1530-1531	.	_	

#Text=Sie schreit.
7-1	1532-1535	Sie	_	
7-2	1536-1543	schreit	_	
7-3	1543-1544	.	_	

#Text=Jetzt duddelt er sie, holt ihre vollen Brüste aus dem 
#Text=Hemde.
8-1	1545-1550	Jetzt	_	
8-2	1551-1558	duddelt	_	
8-3	1559-1561	er	_	
8-4	1562-1565	sie	_	
8-5	1565-1566	,	_	
8-6	1567-1571	holt	_	
8-7	1572-1576	ihre	_	
8-8	1577-1583	vollen	_	
8-9	1584-1590	Brüste	_	
8-10	1591-1594	aus	_	
8-11	1595-1598	dem	_	
8-12	1600-1605	Hemde	_	
8-13	1605-1606	.	_	
