#FORMAT=WebAnno TSV 3.3


#Text=woort athar ofte gnathar heeft de beteeckeninge van menighte, ofte, overvloet van woorden, ofte saken, meest in het goede, wanneer het genomen wort van veel smeecken ende ernstigh, ofte, heftigh bidden, (daer in menighte van woorden gebruyckt wort) ofte overvloet van allerleijen zegen.
#Text=siet Genes.
#Text=25.21.
1-1	2-7	woort	
1-2	8-13	athar	
1-3	14-18	ofte	
1-4	19-26	gnathar	
1-5	27-32	heeft	
1-6	33-35	de	
1-7	36-49	beteeckeninge	
1-8	50-53	van	
1-9	54-62	menighte	
1-10	62-63	,	
1-11	64-68	ofte	
1-12	68-69	,	
1-13	70-79	overvloet	
1-14	80-83	van	
1-15	84-91	woorden	
1-16	91-92	,	
1-17	93-97	ofte	
1-18	98-103	saken	
1-19	103-104	,	
1-20	105-110	meest	
1-21	111-113	in	
1-22	114-117	het	
1-23	118-123	goede	
1-24	123-124	,	
1-25	125-132	wanneer	
1-26	133-136	het	
1-27	137-144	genomen	
1-28	145-149	wort	
1-29	150-153	van	
1-30	154-158	veel	
1-31	159-167	smeecken	
1-32	168-172	ende	
1-33	173-181	ernstigh	
1-34	181-182	,	
1-35	183-187	ofte	
1-36	187-188	,	
1-37	189-196	heftigh	
1-38	197-203	bidden	
1-39	203-204	,	
1-40	205-206	(	
1-41	206-210	daer	
1-42	211-213	in	
1-43	214-222	menighte	
1-44	223-226	van	
1-45	227-234	woorden	
1-46	235-244	gebruyckt	
1-47	245-249	wort	
1-48	249-250	)	
1-49	251-255	ofte	
1-50	256-265	overvloet	
1-51	266-269	van	
1-52	270-281	allerleijen	
1-53	282-287	zegen	
1-54	287-288	.	
1-55	289-293	siet	
1-56	294-299	Genes	
1-57	299-300	.	
1-58	301-306	25.21	
1-59	306-307	.	

#Text=Exod.
#Text=8.8.
#Text=etc.
2-1	308-312	Exod	
2-2	312-313	.	
2-3	314-317	8.8	
2-4	317-318	.	
2-5	319-322	etc	
2-6	322-323	.	

#Text=Ierem.
#Text=33.6.
#Text=maer hier van de trotze Edomiters, in het quade, van veel gesnaters ende gesnaps, gelijck wanneer yemant (als men seyt) de vlagge voert.
3-1	324-329	Ierem	
3-2	329-330	.	
3-3	331-335	33.6	
3-4	335-336	.	
3-5	337-341	maer	
3-6	342-346	hier	
3-7	347-350	van	
3-8	351-353	de	
3-9	354-360	trotze	
3-10	361-370	Edomiters	
3-11	370-371	,	
3-12	372-374	in	
3-13	375-378	het	
3-14	379-384	quade	
3-15	384-385	,	
3-16	386-389	van	
3-17	390-394	veel	
3-18	395-404	gesnaters	
3-19	405-409	ende	
3-20	410-417	gesnaps	
3-21	417-418	,	
3-22	419-426	gelijck	
3-23	427-434	wanneer	
3-24	435-441	yemant	
3-25	442-443	(	
3-26	443-446	als	
3-27	447-450	men	
3-28	451-455	seyt	
3-29	455-456	)	
3-30	457-459	de	
3-31	460-466	vlagge	
3-32	467-472	voert	
3-33	472-473	.	

#Text=Alsoo is het boven 8.11. gebruyckt van den overvloet
#Text=des afgodischen reuckwercks.
#Text=vermenighvuldight:
#Text=Ick heb ’t gehoort.
#Text=
#Text=14
#Text=
#Text=
#Text=Alsoo
#Text=seyt de Heere HEERE, Gelijck het gantsche lant der Edomiten sich verheught heeft over Israëls verwoestinge, alsoo sal ick haer gantsche lant daerom oock weder verwoesten.
4-1	474-479	Alsoo	
4-2	480-482	is	
4-3	483-486	het	
4-4	487-492	boven	
4-5	493-497	8.11	
4-6	497-498	.	
4-7	499-508	gebruyckt	
4-8	509-512	van	
4-9	513-516	den	
4-10	517-526	overvloet	
4-11	527-530	des	
4-12	531-542	afgodischen	
4-13	543-554	reuckwercks	
4-14	554-555	.	
4-15	556-573	vermenighvuldight	
4-16	573-574	:	
4-17	575-578	Ick	
4-18	579-582	heb	
4-19	583-584	’	
4-20	584-585	t	
4-21	586-593	gehoort	
4-22	593-594	.	
4-23	596-598	14	
4-24	601-606	Alsoo	
4-25	607-611	seyt	
4-26	612-614	de	
4-27	615-620	Heere	
4-28	621-626	HEERE	
4-29	626-627	,	
4-30	628-635	Gelijck	
4-31	636-639	het	
4-32	640-648	gantsche	
4-33	649-653	lant	
4-34	654-657	der	
4-35	658-666	Edomiten	
4-36	667-671	sich	
4-37	672-681	verheught	
4-38	682-687	heeft	
4-39	688-692	over	
4-40	693-700	Israëls	
4-41	701-713	verwoestinge	
4-42	713-714	,	
4-43	715-720	alsoo	
4-44	721-724	sal	
4-45	725-728	ick	
4-46	729-733	haer	
4-47	734-742	gantsche	
4-48	743-747	lant	
4-49	748-754	daerom	
4-50	755-759	oock	
4-51	760-765	weder	
4-52	766-776	verwoesten	
4-53	776-777	.	

#Text=Siet het volgende vers.
5-1	778-782	Siet	
5-2	783-786	het	
5-3	787-795	volgende	
5-4	796-800	vers	
5-5	800-801	.	

#Text=Anders, als de gantsche aerde verblijdt is, [dan] sal ick, etc.
6-1	802-808	Anders	
6-2	808-809	,	
6-3	810-813	als	
6-4	814-816	de	
6-5	817-825	gantsche	
6-6	826-831	aerde	
6-7	832-841	verblijdt	
6-8	842-844	is	
6-9	844-845	,	
6-10	846-847	[	
6-11	847-850	dan	
6-12	850-851	]	
6-13	852-855	sal	
6-14	856-859	ick	
6-15	859-860	,	
6-16	861-864	etc	
6-17	864-865	.	

#Text=Dat is, als’er over al blijdtschap sal wesen over de weldaden, die ick mijnen volcke sal bewijsen, principalick door den Messiam, dan sult ghy geplaeght ende verwoest zijn.
7-1	866-869	Dat	
7-2	870-872	is	
7-3	872-873	,	
7-4	874-877	als	
7-5	877-878	’	
7-6	878-880	er	
7-7	881-885	over	
7-8	886-888	al	
7-9	889-900	blijdtschap	
7-10	901-904	sal	
7-11	905-910	wesen	
7-12	911-915	over	
7-13	916-918	de	
7-14	919-927	weldaden	
7-15	927-928	,	
7-16	929-932	die	
7-17	933-936	ick	
7-18	937-943	mijnen	
7-19	944-950	volcke	
7-20	951-954	sal	
7-21	955-963	bewijsen	
7-22	963-964	,	
7-23	965-977	principalick	
7-24	978-982	door	
7-25	983-986	den	
7-26	987-994	Messiam	
7-27	994-995	,	
7-28	996-999	dan	
7-29	1000-1004	sult	
7-30	1005-1008	ghy	
7-31	1009-1018	geplaeght	
7-32	1019-1023	ende	
7-33	1024-1032	verwoest	
7-34	1033-1037	zijn	
7-35	1037-1038	.	
