#FORMAT=WebAnno TSV 3.3


#Text=Zinnblechen beſtehen.
1-1	2-13	Zinnblechen	
1-2	14-22	beſtehen	
1-3	22-23	.	

#Text=Lange und Koßmann endlich
#Text=behandeln die geröſteten Zinkerze mit ſchwefliger Säure und Waſſer,
#Text=und elektrolyſieren die ſo erhaltene Zinkſulfitlöſung.
2-1	24-29	Lange	
2-2	30-33	und	
2-3	34-41	Koßmann	
2-4	42-49	endlich	
2-5	50-59	behandeln	
2-6	60-63	die	
2-7	64-74	geröſteten	
2-8	75-83	Zinkerze	
2-9	84-87	mit	
2-10	88-99	ſchwefliger	
2-11	100-105	Säure	
2-12	106-109	und	
2-13	110-116	Waſſer	
2-14	116-117	,	
2-15	118-121	und	
2-16	122-137	elektrolyſieren	
2-17	138-141	die	
2-18	142-144	ſo	
2-19	145-154	erhaltene	
2-20	155-171	Zinkſulfitlöſung	
2-21	171-172	.	

#Text=Hierbei ſchlägt
#Text=ſich das metalliſche Zink nieder, während der frei werdende Sauerſtoff
#Text=die ſchweflige Säure zu Schwefelſäure oxydiert.
3-1	173-180	Hierbei	
3-2	181-188	ſchlägt	
3-3	189-193	ſich	
3-4	194-197	das	
3-5	198-209	metalliſche	
3-6	210-214	Zink	
3-7	215-221	nieder	
3-8	221-222	,	
3-9	223-230	während	
3-10	231-234	der	
3-11	235-239	frei	
3-12	240-248	werdende	
3-13	249-259	Sauerſtoff	
3-14	260-263	die	
3-15	264-274	ſchweflige	
3-16	275-280	Säure	
3-17	281-283	zu	
3-18	284-297	Schwefelſäure	
3-19	298-306	oxydiert	
3-20	306-307	.	

#Text=Eigenſchaften.
4-1	310-323	Eigenſchaften	
4-2	323-324	.	

#Text=Das Zink hat eine bläulich-weiße Farbe und
#Text=einen ſtarken Metallglanz, der ſich an der atmoſphäriſchen Luft verliert,
#Text=indem ſich das Zink mit einer weißen, aus kohlenſaurem Zinkoxyd
#Text=beſtehenden Schicht überzieht.
5-1	325-328	Das	
5-2	329-333	Zink	
5-3	334-337	hat	
5-4	338-342	eine	
5-5	343-357	bläulich-weiße	
5-6	358-363	Farbe	
5-7	364-367	und	
5-8	368-373	einen	
5-9	374-381	ſtarken	
5-10	382-393	Metallglanz	
5-11	393-394	,	
5-12	395-398	der	
5-13	399-403	ſich	
5-14	404-406	an	
5-15	407-410	der	
5-16	411-426	atmoſphäriſchen	
5-17	427-431	Luft	
5-18	432-440	verliert	
5-19	440-441	,	
5-20	442-447	indem	
5-21	448-452	ſich	
5-22	453-456	das	
5-23	457-461	Zink	
5-24	462-465	mit	
5-25	466-471	einer	
5-26	472-478	weißen	
5-27	478-479	,	
5-28	480-483	aus	
5-29	484-496	kohlenſaurem	
5-30	497-505	Zinkoxyd	
5-31	506-517	beſtehenden	
5-32	518-525	Schicht	
5-33	526-535	überzieht	
5-34	535-536	.	

#Text=Dieſe
#Text=Schicht ſchützt aber das darunter
#Text=liegende Metall vor weiterer Oxydation.
6-1	537-542	Dieſe	
6-2	543-550	Schicht	
6-3	551-558	ſchützt	
6-4	559-563	aber	
6-5	564-567	das	
6-6	568-576	darunter	
6-7	577-585	liegende	
6-8	586-592	Metall	
6-9	593-596	vor	
6-10	597-605	weiterer	
6-11	606-615	Oxydation	
6-12	615-616	.	

#Text=Das Zink ſchmilzt bei
#Text=412°C. und iſt bei gewöhnlicher Temperatur ſpröde, zwiſchen 100 und
#Text=150°C.
#Text=wird es dehnbar, bei 200°C.
#Text=aber wieder ſo ſpröde, daß es
#Text=im Mörſer gepulvert werden kann.
7-1	617-620	Das	
7-2	621-625	Zink	
7-3	626-634	ſchmilzt	
7-4	635-638	bei	
7-5	639-642	412	
7-6	642-643	°	
7-7	643-644	C	
7-8	644-645	.	
7-9	646-649	und	
7-10	650-653	iſt	
7-11	654-657	bei	
7-12	658-670	gewöhnlicher	
7-13	671-681	Temperatur	
7-14	682-688	ſpröde	
7-15	688-689	,	
7-16	690-698	zwiſchen	
7-17	699-702	100	
7-18	703-706	und	
7-19	707-710	150	
7-20	710-711	°	
7-21	711-712	C	
7-22	712-713	.	
7-23	714-718	wird	
7-24	719-721	es	
7-25	722-729	dehnbar	
7-26	729-730	,	
7-27	731-734	bei	
7-28	735-738	200	
7-29	738-739	°	
7-30	739-740	C	
7-31	740-741	.	
7-32	742-746	aber	
7-33	747-753	wieder	
7-34	754-756	ſo	
7-35	757-763	ſpröde	
7-36	763-764	,	
7-37	765-768	daß	
7-38	769-771	es	
7-39	772-774	im	
7-40	775-781	Mörſer	
7-41	782-791	gepulvert	
7-42	792-798	werden	
7-43	799-803	kann	
7-44	803-804	.	

#Text=In ſtarker Glühhitze verdampft
#Text=es und ſeine Dämpfe brennen mit bläulich-weißer Farbe;
#Text=gegoſſen hat
#Text=es ein kryſtalliniſches, großblättriges Gefüge.
8-1	805-807	In	
8-2	808-815	ſtarker	
8-3	816-825	Glühhitze	
8-4	826-835	verdampft	
8-5	836-838	es	
8-6	839-842	und	
8-7	843-848	ſeine	
8-8	849-855	Dämpfe	
8-9	856-863	brennen	
8-10	864-867	mit	
8-11	868-883	bläulich-weißer	
8-12	884-889	Farbe	
8-13	889-890	;	
8-14	891-899	gegoſſen	
8-15	900-903	hat	
8-16	904-906	es	
8-17	907-910	ein	
8-18	911-927	kryſtalliniſches	
8-19	927-928	,	
8-20	929-943	großblättriges	
8-21	944-950	Gefüge	
8-22	950-951	.	

#Text=Es iſt etwas härter als
#Text=das Silber, aber weniger hart als Kupfer;
#Text=ſein ſpezifiſches Gewicht
#Text=
#Text=\f
#Text=[603/0621
#Text=]
#Text=
#Text=
#Text=Das Zink.
#Text=— Das Kadmium.
9-1	952-954	Es	
9-2	955-958	iſt	
9-3	959-964	etwas	
9-4	965-971	härter	
9-5	972-975	als	
9-6	976-979	das	
9-7	980-986	Silber	
9-8	986-987	,	
9-9	988-992	aber	
9-10	993-1000	weniger	
9-11	1001-1005	hart	
9-12	1006-1009	als	
9-13	1010-1016	Kupfer	
9-14	1016-1017	;	
9-15	1018-1022	ſein	
9-16	1023-1035	ſpezifiſches	
9-17	1036-1043	Gewicht	
9-18	1047-1048	[	
9-19	1048-1051	603	
9-20	1051-1052	/	
9-21	1052-1056	0621	
9-22	1057-1058	]	
9-23	1061-1064	Das	
9-24	1065-1069	Zink	
9-25	1069-1070	.	
9-26	1071-1072	—	
9-27	1073-1076	Das	
9-28	1077-1084	Kadmium	
9-29	1084-1085	.	

#Text=iſt 7,1, kann aber durch Hämmern und Walzen bis auf 7,3 erhöht
#Text=werden.
10-1	1089-1092	iſt	
10-2	1093-1096	7,1	
10-3	1096-1097	,	
10-4	1098-1102	kann	
10-5	1103-1107	aber	
10-6	1108-1113	durch	
10-7	1114-1121	Hämmern	
10-8	1122-1125	und	
10-9	1126-1132	Walzen	
10-10	1133-1136	bis	
10-11	1137-1140	auf	
10-12	1141-1144	7,3	
10-13	1145-1151	erhöht	
10-14	1152-1158	werden	
10-15	1158-1159	.	

#Text=In verdünnten Säuren löſt ſich das Zink auf und zwar um
#Text=ſo leichter, je mehr es durch fremde Metalle verunreinigt iſt.
11-1	1160-1162	In	
11-2	1163-1173	verdünnten	
11-3	1174-1180	Säuren	
11-4	1181-1185	löſt	
11-5	1186-1190	ſich	
11-6	1191-1194	das	
11-7	1195-1199	Zink	
11-8	1200-1203	auf	
11-9	1204-1207	und	
11-10	1208-1212	zwar	
11-11	1213-1215	um	
11-12	1216-1218	ſo	
11-13	1219-1227	leichter	
11-14	1227-1228	,	
11-15	1229-1231	je	
11-16	1232-1236	mehr	
11-17	1237-1239	es	
11-18	1240-1245	durch	
11-19	1246-1252	fremde	
11-20	1253-1260	Metalle	
11-21	1261-1273	verunreinigt	
11-22	1274-1277	iſt	
11-23	1277-1278	.	
