#FORMAT=WebAnno TSV 3.3
#T_SP=custom.Span|label
#T_RL=custom.Relation|label|BT_custom.Span


#Text=Untzen bekommen,
#Text=welches das koͤſtlichſt- und koſtbarſte
#Text=Amberſtuͤcke iſt, dergleichen iemahls iſt
#Text=zu ſehen geweſen.
1-1	0-6	Untzen	_	_	_	
1-2	7-15	bekommen	_	_	_	
1-3	15-16	,	_	_	_	
1-4	17-24	welches	_	_	_	
1-5	25-28	das	_	_	_	
1-6	29-40	koͤſtlichſt	_	_	_	
1-7	40-41	-	_	_	_	
1-8	42-45	und	_	_	_	
1-9	46-56	koſtbarſte	_	_	_	
1-10	57-69	Amberſtuͤcke	_	_	_	
1-11	70-73	iſt	_	_	_	
1-12	73-74	,	_	_	_	
1-13	75-86	dergleichen	_	_	_	
1-14	87-94	iemahls	_	_	_	
1-15	95-98	iſt	_	_	_	
1-16	99-101	zu	_	_	_	
1-17	102-107	ſehen	_	_	_	
1-18	108-115	geweſen	_	_	_	
1-19	115-116	.	_	_	_	

#Text=Damit ich aber auch
#Text=erweiſen moͤge, daß der Amber von dem
#Text=Wachs entſprieſſe, ſo will ich hier an-
#Text=fuͤhren, was ich aus dem Journal des Sça-
#Text=vans habe ausgezogen.
2-1	117-122	Damit	_	_	_	
2-2	123-126	ich	_	_	_	
2-3	127-131	aber	_	_	_	
2-4	132-136	auch	_	_	_	
2-5	137-145	erweiſen	_	_	_	
2-6	146-151	moͤge	_	_	_	
2-7	151-152	,	_	_	_	
2-8	153-156	daß	_	_	_	
2-9	157-160	der	_	_	_	
2-10	161-166	Amber	_	_	_	
2-11	167-170	von	_	_	_	
2-12	171-174	dem	_	_	_	
2-13	175-180	Wachs	_	_	_	
2-14	181-192	entſprieſſe	_	_	_	
2-15	192-193	,	_	_	_	
2-16	194-196	ſo	_	_	_	
2-17	197-201	will	_	_	_	
2-18	202-205	ich	_	_	_	
2-19	206-210	hier	_	_	_	
2-20	211-213	an	_	_	_	
2-21	213-214	-	_	_	_	
2-22	215-222	fuͤhren	_	_	_	
2-23	222-223	,	_	_	_	
2-24	224-227	was	_	_	_	
2-25	228-231	ich	_	_	_	
2-26	232-235	aus	_	_	_	
2-27	236-239	dem	_	_	_	
2-28	240-247	Journal	_	_	_	
2-29	248-251	des	_	_	_	
2-30	252-255	Sça	_	_	_	
2-31	255-256	-	_	_	_	
2-32	257-261	vans	_	_	_	
2-33	262-266	habe	_	_	_	
2-34	267-277	ausgezogen	_	_	_	
2-35	277-278	.	_	_	_	

#Text=Die Naturkuͤndiger reden gar unter-
#Text=ſchiedlich von dem Amber, und ihre
#Text=Meinungen von dem Urſprunge, der
#Text=Natur und den Eigenſchaften deſſelben
#Text=
#Text=ſind trefflich unterſchieden.
3-1	282-285	Die	_	_	_	
3-2	286-300	Naturkuͤndiger	_	_	_	
3-3	301-306	reden	_	_	_	
3-4	307-310	gar	_	_	_	
3-5	311-316	unter	_	_	_	
3-6	316-317	-	_	_	_	
3-7	318-328	ſchiedlich	_	_	_	
3-8	329-332	von	_	_	_	
3-9	333-336	dem	_	_	_	
3-10	337-342	Amber	_	_	_	
3-11	342-343	,	_	_	_	
3-12	344-347	und	_	_	_	
3-13	348-352	ihre	_	_	_	
3-14	353-362	Meinungen	_	_	_	
3-15	363-366	von	_	_	_	
3-16	367-370	dem	_	_	_	
3-17	371-380	Urſprunge	_	_	_	
3-18	380-381	,	_	_	_	
3-19	382-385	der	_	_	_	
3-20	386-391	Natur	_	_	_	
3-21	392-395	und	_	_	_	
3-22	396-399	den	_	_	_	
3-23	400-413	Eigenſchaften	_	_	_	
3-24	414-423	deſſelben	_	_	_	
3-25	425-429	ſind	_	_	_	
3-26	430-439	trefflich	_	_	_	
3-27	440-453	unterſchieden	_	_	_	
3-28	453-454	.	_	_	_	

#Text=Einige
#Text=ſprechen, der Amber ſey nichts anders,
#Text=als der Samen vom Wallfiſche, Sperma
#Text=Ceti: andere halten ihn fuͤr einen Meer-
#Text=ſchaum, welcher nach und nach gleich-
#Text=ſam zeitiget und harte wird.
4-1	455-461	Einige	_	_	_	
4-2	462-470	ſprechen	_	_	_	
4-3	470-471	,	_	_	_	
4-4	472-475	der	_	_	_	
4-5	476-481	Amber	_	_	_	
4-6	482-485	ſey	_	_	_	
4-7	486-492	nichts	_	_	_	
4-8	493-499	anders	_	_	_	
4-9	499-500	,	_	_	_	
4-10	501-504	als	_	_	_	
4-11	505-508	der	_	_	_	
4-12	509-514	Samen	_	_	_	
4-13	515-518	vom	_	_	_	
4-14	519-529	Wallfiſche	_	_	_	
4-15	529-530	,	_	_	_	
4-16	531-537	Sperma	_	_	_	
4-17	538-542	Ceti	_	_	_	
4-18	542-543	:	_	_	_	
4-19	544-550	andere	_	_	_	
4-20	551-557	halten	_	_	_	
4-21	558-561	ihn	_	_	_	
4-22	562-566	fuͤr	_	_	_	
4-23	567-572	einen	_	_	_	
4-24	573-577	Meer	_	_	_	
4-25	577-578	-	_	_	_	
4-26	579-585	ſchaum	_	_	_	
4-27	585-586	,	_	_	_	
4-28	587-594	welcher	_	_	_	
4-29	595-599	nach	_	_	_	
4-30	600-603	und	_	_	_	
4-31	604-608	nach	_	_	_	
4-32	609-615	gleich	_	_	_	
4-33	615-616	-	_	_	_	
4-34	617-620	ſam	_	_	_	
4-35	621-629	zeitiget	_	_	_	
4-36	630-633	und	_	_	_	
4-37	634-639	harte	_	_	_	
4-38	640-644	wird	_	_	_	
4-39	644-645	.	_	_	_	

#Text=Andere
#Text=wollen mit dem Cardano behaupten, daß
#Text=
#Text=es der
#Text=
#Text=\f
#Text=[0581]
#Text=
#Text=uͤber ein und andere Gewaͤchſe, Thiere ꝛc.
5-1	646-652	Andere	_	_	_	
5-2	653-659	wollen	_	_	_	
5-3	660-663	mit	_	_	_	
5-4	664-667	dem	_	_	_	
5-5	668-675	Cardano	_	_	_	
5-6	676-685	behaupten	_	_	_	
5-7	685-686	,	_	_	_	
5-8	687-690	daß	_	_	_	
5-9	692-694	es	_	_	_	
5-10	695-698	der	_	_	_	
5-11	702-703	[	_	_	_	
5-12	703-707	0581	_	_	_	
5-13	707-708	]	_	_	_	
5-14	710-715	uͤber	_	_	_	
5-15	716-719	ein	_	_	_	
5-16	720-723	und	_	_	_	
5-17	724-730	andere	_	_	_	
5-18	731-740	Gewaͤchſe	_	_	_	
5-19	740-741	,	_	_	_	
5-20	742-748	Thiere	_	_	_	
5-21	749-751	ꝛc	_	_	_	
5-22	751-752	.	_	_	_	

#Text=es der Schaum von Meerkaͤlbern ſey:
#Text=
#Text=und noch andere geben mit Serapione
#Text=vor, es ſey ein Balſam, der in gewiſſen
#Text=Felſen und Klippen erzielet wuͤrde, und
#Text=von da herab in die See fiele.
6-1	756-758	es	_	_	_	
6-2	759-762	der	_	_	_	
6-3	763-769	Schaum	_	_	_	
6-4	770-773	von	_	_	_	
6-5	774-786	Meerkaͤlbern	_	_	_	
6-6	787-790	ſey	_	_	_	
6-7	790-791	:	_	_	_	
6-8	793-796	und	_	_	_	
6-9	797-801	noch	_	_	_	
6-10	802-808	andere	_	_	_	
6-11	809-814	geben	_	_	_	
6-12	815-818	mit	_	_	_	
6-13	819-828	Serapione	_	_	_	
6-14	829-832	vor	_	_	_	
6-15	832-833	,	_	_	_	
6-16	834-836	es	_	_	_	
6-17	837-840	ſey	_	_	_	
6-18	841-844	ein	_	_	_	
6-19	845-851	Balſam	_	_	_	
6-20	851-852	,	_	_	_	
6-21	853-856	der	_	_	_	
6-22	857-859	in	_	_	_	
6-23	860-868	gewiſſen	_	_	_	
6-24	869-875	Felſen	_	_	_	
6-25	876-879	und	_	_	_	
6-26	880-887	Klippen	_	_	_	
6-27	888-896	erzielet	_	_	_	
6-28	897-903	wuͤrde	_	_	_	
6-29	903-904	,	_	_	_	
6-30	905-908	und	_	_	_	
6-31	909-912	von	_	_	_	
6-32	913-915	da	_	_	_	
6-33	916-921	herab	_	_	_	
6-34	922-924	in	_	_	_	
6-35	925-928	die	_	_	_	
6-36	929-932	See	_	_	_	
6-37	933-938	fiele	_	_	_	
6-38	938-939	.	_	_	_	

#Text=Einige
#Text=aber verſichern mit Ferdinando Lopez,
#Text=daß es zuſammen geſammleter Miſt ſey
#Text=von etlichen Voͤgeln, welche lauter
#Text=wohlriechende Kraͤuter zu freſſen pfleg-
#Text=ten, die in den Maldiviſchen Jnſeln
#Text=wuͤchſen: und endlich wollen ein und
#Text=andere haben, es ſey eine Fettigkeit der
#Text=Erde, die rinne aus gewiſſen Adern in
#Text=die See, und werde unvermerckter
#Text=Weiſe hart.
7-1	940-946	Einige	_	_	_	
7-2	947-951	aber	_	_	_	
7-3	952-962	verſichern	_	_	_	
7-4	963-966	mit	_	_	_	
7-5	967-977	Ferdinando	_	_	_	
7-6	978-983	Lopez	_	_	_	
7-7	983-984	,	_	_	_	
7-8	985-988	daß	_	_	_	
7-9	989-991	es	_	_	_	
7-10	992-1000	zuſammen	_	_	_	
7-11	1001-1012	geſammleter	_	_	_	
7-12	1013-1017	Miſt	Smell\_Source	*	7-16	
7-13	1018-1021	ſey	_	_	_	
7-14	1022-1025	von	_	_	_	
7-15	1026-1034	etlichen	_	_	_	
7-16	1035-1042	Voͤgeln	Creator	*	7-18	
7-17	1042-1043	,	_	_	_	
7-18	1044-1050	welche	Creator	_	_	
7-19	1051-1057	lauter	_	_	_	
7-20	1058-1071	wohlriechende	Quality	_	_	
7-21	1072-1080	Kraͤuter	Smell\_Source	_	_	
7-22	1081-1083	zu	_	_	_	
7-23	1084-1091	freſſen	_	_	_	
7-24	1092-1097	pfleg	_	_	_	
7-25	1097-1098	-	_	_	_	
7-26	1099-1102	ten	_	_	_	
7-27	1102-1103	,	_	_	_	
7-28	1104-1107	die	_	_	_	
7-29	1108-1110	in	_	_	_	
7-30	1111-1114	den	_	_	_	
7-31	1115-1127	Maldiviſchen	_	_	_	
7-32	1128-1134	Jnſeln	_	_	_	
7-33	1135-1143	wuͤchſen	_	_	_	
7-34	1143-1144	:	_	_	_	
7-35	1145-1148	und	_	_	_	
7-36	1149-1156	endlich	_	_	_	
7-37	1157-1163	wollen	_	_	_	
7-38	1164-1167	ein	_	_	_	
7-39	1168-1171	und	_	_	_	
7-40	1172-1178	andere	_	_	_	
7-41	1179-1184	haben	_	_	_	
7-42	1184-1185	,	_	_	_	
7-43	1186-1188	es	_	_	_	
7-44	1189-1192	ſey	_	_	_	
7-45	1193-1197	eine	_	_	_	
7-46	1198-1208	Fettigkeit	_	_	_	
7-47	1209-1212	der	_	_	_	
7-48	1213-1217	Erde	_	_	_	
7-49	1217-1218	,	_	_	_	
7-50	1219-1222	die	_	_	_	
7-51	1223-1228	rinne	_	_	_	
7-52	1229-1232	aus	_	_	_	
7-53	1233-1241	gewiſſen	_	_	_	
7-54	1242-1247	Adern	_	_	_	
7-55	1248-1250	in	_	_	_	
7-56	1251-1254	die	_	_	_	
7-57	1255-1258	See	_	_	_	
7-58	1258-1259	,	_	_	_	
7-59	1260-1263	und	_	_	_	
7-60	1264-1269	werde	_	_	_	
7-61	1270-1283	unvermerckter	_	_	_	
7-62	1284-1289	Weiſe	_	_	_	
7-63	1290-1294	hart	_	_	_	
7-64	1294-1295	.	_	_	_	

#Text=Allein dieſe Meinungen insgeſamt
#Text=ſind auf gar ſchlechte Muthmaſſungen
#Text=gegruͤndet, dadurch aber ſolche Dinge
#Text=mit einander verwirret werden, welche
#Text=eine gantz unterſchiedene Natur und
#Text=unterſchiedene Beſchaffenheiten haben.
8-1	1299-1305	Allein	_	_	_	
8-2	1306-1311	dieſe	_	_	_	
8-3	1312-1321	Meinungen	_	_	_	
8-4	1322-1331	insgeſamt	_	_	_	
8-5	1332-1336	ſind	_	_	_	
8-6	1337-1340	auf	_	_	_	
8-7	1341-1344	gar	_	_	_	
8-8	1345-1354	ſchlechte	_	_	_	
8-9	1355-1368	Muthmaſſungen	_	_	_	
8-10	1369-1379	gegruͤndet	_	_	_	
8-11	1379-1380	,	_	_	_	
8-12	1381-1388	dadurch	_	_	_	
8-13	1389-1393	aber	_	_	_	
8-14	1394-1400	ſolche	_	_	_	
8-15	1401-1406	Dinge	_	_	_	
8-16	1407-1410	mit	_	_	_	
8-17	1411-1419	einander	_	_	_	
8-18	1420-1429	verwirret	_	_	_	
8-19	1430-1436	werden	_	_	_	
8-20	1436-1437	,	_	_	_	
8-21	1438-1444	welche	_	_	_	
8-22	1445-1449	eine	_	_	_	
8-23	1450-1455	gantz	_	_	_	
8-24	1456-1470	unterſchiedene	_	_	_	
8-25	1471-1476	Natur	_	_	_	
8-26	1477-1480	und	_	_	_	
8-27	1481-1495	unterſchiedene	_	_	_	
8-28	1496-1512	Beſchaffenheiten	_	_	_	
8-29	1513-1518	haben	_	_	_	
8-30	1518-1519	.	_	_	_	

#Text=Dann ob ſchon alle Arten Amber ſich in
#Text=der See befinden, und von deſſen Flut
#Text=und Wellen in die Fluͤſſe getrieben wer-
#Text=den duͤrfften, ſo erkennen iedoch Kuͤnſt-
#Text=
#Text=ler mehr als zu bald, wann ſie dieſelben
#Text=unter ihre Haͤnde nehmen, daß ihre
#Text=Materie durchaus nicht die angegebene
#Text=ſey, und die Medici gebrauchen ſie in
#Text=ſolchen Faͤllen, daraus gantz leichtlich
#Text=zu urtheilen,
#Text=daß ſie aus gantz unter-
#Text=ſchiedenen Dingen beſtehen muͤſſen.
9-1	1522-1526	Dann	_	_	_	
9-2	1527-1529	ob	_	_	_	
9-3	1530-1535	ſchon	_	_	_	
9-4	1536-1540	alle	_	_	_	
9-5	1541-1546	Arten	_	_	_	
9-6	1547-1552	Amber	_	_	_	
9-7	1553-1557	ſich	_	_	_	
9-8	1558-1560	in	_	_	_	
9-9	1561-1564	der	_	_	_	
9-10	1565-1568	See	_	_	_	
9-11	1569-1577	befinden	_	_	_	
9-12	1577-1578	,	_	_	_	
9-13	1579-1582	und	_	_	_	
9-14	1583-1586	von	_	_	_	
9-15	1587-1593	deſſen	_	_	_	
9-16	1594-1598	Flut	_	_	_	
9-17	1599-1602	und	_	_	_	
9-18	1603-1609	Wellen	_	_	_	
9-19	1610-1612	in	_	_	_	
9-20	1613-1616	die	_	_	_	
9-21	1617-1624	Fluͤſſe	_	_	_	
9-22	1625-1634	getrieben	_	_	_	
9-23	1635-1638	wer	_	_	_	
9-24	1638-1639	-	_	_	_	
9-25	1640-1643	den	_	_	_	
9-26	1644-1653	duͤrfften	_	_	_	
9-27	1653-1654	,	_	_	_	
9-28	1655-1657	ſo	_	_	_	
9-29	1658-1666	erkennen	_	_	_	
9-30	1667-1673	iedoch	_	_	_	
9-31	1674-1680	Kuͤnſt	_	_	_	
9-32	1680-1681	-	_	_	_	
9-33	1683-1686	ler	_	_	_	
9-34	1687-1691	mehr	_	_	_	
9-35	1692-1695	als	_	_	_	
9-36	1696-1698	zu	_	_	_	
9-37	1699-1703	bald	_	_	_	
9-38	1703-1704	,	_	_	_	
9-39	1705-1709	wann	_	_	_	
9-40	1710-1713	ſie	_	_	_	
9-41	1714-1723	dieſelben	_	_	_	
9-42	1724-1729	unter	_	_	_	
9-43	1730-1734	ihre	_	_	_	
9-44	1735-1741	Haͤnde	_	_	_	
9-45	1742-1748	nehmen	_	_	_	
9-46	1748-1749	,	_	_	_	
9-47	1750-1753	daß	_	_	_	
9-48	1754-1758	ihre	_	_	_	
9-49	1759-1766	Materie	_	_	_	
9-50	1767-1775	durchaus	_	_	_	
9-51	1776-1781	nicht	_	_	_	
9-52	1782-1785	die	_	_	_	
9-53	1786-1796	angegebene	_	_	_	
9-54	1797-1800	ſey	_	_	_	
9-55	1800-1801	,	_	_	_	
9-56	1802-1805	und	_	_	_	
9-57	1806-1809	die	_	_	_	
9-58	1810-1816	Medici	_	_	_	
9-59	1817-1827	gebrauchen	_	_	_	
9-60	1828-1831	ſie	_	_	_	
9-61	1832-1834	in	_	_	_	
9-62	1835-1842	ſolchen	_	_	_	
9-63	1843-1850	Faͤllen	_	_	_	
9-64	1850-1851	,	_	_	_	
9-65	1852-1858	daraus	_	_	_	
9-66	1859-1864	gantz	_	_	_	
9-67	1865-1875	leichtlich	_	_	_	
9-68	1876-1878	zu	_	_	_	
9-69	1879-1888	urtheilen	_	_	_	
9-70	1888-1889	,	_	_	_	
9-71	1890-1893	daß	_	_	_	
9-72	1894-1897	ſie	_	_	_	
9-73	1898-1901	aus	_	_	_	
9-74	1902-1907	gantz	_	_	_	
9-75	1908-1913	unter	_	_	_	
9-76	1913-1914	-	_	_	_	
9-77	1915-1925	ſchiedenen	_	_	_	
9-78	1926-1932	Dingen	_	_	_	
9-79	1933-1941	beſtehen	_	_	_	
9-80	1942-1949	muͤſſen	_	_	_	
9-81	1949-1950	.	_	_	_	

#Text=Auf daß nun nichts nicht unter ein-
#Text=ander geworffen werde, ſo muß man
#Text=die zwey Sorten Ambra, den grauen
#Text=naͤmlich, und den weiſſen, wohl von ein-
#Text=ander unterſcheiden.
10-1	1954-1957	Auf	_	_	_	
10-2	1958-1961	daß	_	_	_	
10-3	1962-1965	nun	_	_	_	
10-4	1966-1972	nichts	_	_	_	
10-5	1973-1978	nicht	_	_	_	
10-6	1979-1984	unter	_	_	_	
10-7	1985-1988	ein	_	_	_	
10-8	1988-1989	-	_	_	_	
10-9	1990-1995	ander	_	_	_	
10-10	1996-2005	geworffen	_	_	_	
10-11	2006-2011	werde	_	_	_	
10-12	2011-2012	,	_	_	_	
10-13	2013-2015	ſo	_	_	_	
10-14	2016-2019	muß	_	_	_	
10-15	2020-2023	man	_	_	_	
10-16	2024-2027	die	_	_	_	
10-17	2028-2032	zwey	_	_	_	
10-18	2033-2039	Sorten	_	_	_	
10-19	2040-2045	Ambra	_	_	_	
10-20	2045-2046	,	_	_	_	
10-21	2047-2050	den	_	_	_	
10-22	2051-2057	grauen	_	_	_	
10-23	2058-2066	naͤmlich	_	_	_	
10-24	2066-2067	,	_	_	_	
10-25	2068-2071	und	_	_	_	
10-26	2072-2075	den	_	_	_	
10-27	2076-2083	weiſſen	_	_	_	
10-28	2083-2084	,	_	_	_	
10-29	2085-2089	wohl	_	_	_	
10-30	2090-2093	von	_	_	_	
10-31	2094-2097	ein	_	_	_	
10-32	2097-2098	-	_	_	_	
10-33	2099-2104	ander	_	_	_	
10-34	2105-2118	unterſcheiden	_	_	_	
10-35	2118-2119	.	_	_	_	

#Text=Der erſtere fin-
11-1	2120-2123	Der	_	_	_	
11-2	2124-2131	erſtere	_	_	_	
11-3	2132-2135	fin	_	_	_	
11-4	2135-2136	-	_	_	_	
