#FORMAT=WebAnno TSV 3.3
#T_SP=custom.Span|label
#T_RL=custom.Relation|label|BT_custom.Span


#Text=fig.
1-1	2-5	fig	_	_	_	
1-2	5-6	.	_	_	_	

#Text=VI. aa.
2-1	7-9	VI	_	_	_	
2-2	9-10	.	_	_	_	
2-3	11-13	aa	_	_	_	
2-4	13-14	.	_	_	_	

#Text=ut id geminate complicatum sit.
3-1	16-18	ut	_	_	_	
3-2	19-21	id	_	_	_	
3-3	22-30	geminate	_	_	_	
3-4	31-42	complicatum	_	_	_	
3-5	43-46	sit	_	_	_	
3-6	46-47	.	_	_	_	

#Text=Accedit, quod &
#Text=Os & Cornicula b, tum
#Text=
#Text=+
#Text=
#Text=
#Text=quodammodo
#Text=intrahantur.
4-1	48-55	Accedit	_	_	_	
4-2	55-56	,	_	_	_	
4-3	57-61	quod	_	_	_	
4-4	62-63	&	_	_	_	
4-5	64-66	Os	_	_	_	
4-6	67-68	&	_	_	_	
4-7	69-78	Cornicula	_	_	_	
4-8	79-80	b	_	_	_	
4-9	80-81	,	_	_	_	
4-10	82-85	tum	_	_	_	
4-11	87-88	+	_	_	_	
4-12	91-101	quodammodo	_	_	_	
4-13	102-113	intrahantur	_	_	_	
4-14	113-114	.	_	_	_	

#Text=b.
5-1	116-117	b	_	_	_	
5-2	117-118	.	_	_	_	

#Text=om dat het Deksel van de Slak daar op vast gegroeit is.
6-1	120-122	om	_	_	_	
6-2	123-126	dat	_	_	_	
6-3	127-130	het	_	_	_	
6-4	131-137	Deksel	_	_	_	
6-5	138-141	van	_	_	_	
6-6	142-144	de	_	_	_	
6-7	145-149	Slak	_	_	_	
6-8	150-154	daar	_	_	_	
6-9	155-157	op	_	_	_	
6-10	158-162	vast	_	_	_	
6-11	163-171	gegroeit	_	_	_	
6-12	172-174	is	_	_	_	
6-13	174-175	.	_	_	_	

#Text=Dit Deksel is nog been, nog
#Text=steen, maar het komt over een met de natuur der nagelen.
7-1	176-179	Dit	_	_	_	
7-2	180-186	Deksel	_	_	_	
7-3	187-189	is	_	_	_	
7-4	190-193	nog	_	_	_	
7-5	194-198	been	_	_	_	
7-6	198-199	,	_	_	_	
7-7	200-203	nog	_	_	_	
7-8	204-209	steen	_	_	_	
7-9	209-210	,	_	_	_	
7-10	211-215	maar	_	_	_	
7-11	216-219	het	_	_	_	
7-12	220-224	komt	_	_	_	
7-13	225-229	over	_	_	_	
7-14	230-233	een	_	_	_	
7-15	234-237	met	_	_	_	
7-16	238-240	de	_	_	_	
7-17	241-247	natuur	_	_	_	
7-18	248-251	der	_	_	_	
7-19	252-259	nagelen	_	_	_	
7-20	259-260	.	_	_	_	

#Text=Waarom het in de
#Text=Purper-Slakken den naam van een Nagel gegeven is, en ook een riekend Nagelke,
#Text=om dat het als Beversgeil ruykt, wanneer het gebrant wort, en tot de opstyging der
#Text=Lyfmoeder geappli ceert.
8-1	261-267	Waarom	Circumstances[1]	_	_	
8-2	268-271	het	Circumstances[1]	_	_	
8-3	272-274	in	Circumstances[1]	_	_	
8-4	275-277	de	Circumstances[1]	_	_	
8-5	278-292	Purper-Slakken	Circumstances[1]	_	_	
8-6	293-296	den	Circumstances[1]	_	_	
8-7	297-301	naam	Circumstances[1]	_	_	
8-8	302-305	van	Circumstances[1]	_	_	
8-9	306-309	een	Circumstances[1]	_	_	
8-10	310-315	Nagel	Circumstances[1]	_	_	
8-11	316-323	gegeven	Circumstances[1]	_	_	
8-12	324-326	is	Circumstances[1]	_	_	
8-13	326-327	,	_	_	_	
8-14	328-330	en	_	_	_	
8-15	331-334	ook	_	_	_	
8-16	335-338	een	_	_	_	
8-17	339-346	riekend	Smell\_Word	*|*	8-1[1_0]|8-18	
8-18	347-354	Nagelke	Smell\_Source	_	_	
8-19	354-355	,	_	_	_	
8-20	356-358	om	_	_	_	
8-21	359-362	dat	_	_	_	
8-22	363-366	het	Smell\_Source	Anaphoric	8-18	
8-23	367-370	als	Evoked\_Odorant[2]	_	_	
8-24	371-381	Beversgeil	Evoked\_Odorant[2]	_	_	
8-25	382-387	ruykt	Smell\_Word	*|*	8-22|8-23[2_0]	
8-26	387-388	,	_	_	_	
8-27	389-396	wanneer	_	_	_	
8-28	397-400	het	_	_	_	
8-29	401-408	gebrant	_	_	_	
8-30	409-413	wort	_	_	_	
8-31	413-414	,	_	_	_	
8-32	415-417	en	_	_	_	
8-33	418-421	tot	_	_	_	
8-34	422-424	de	_	_	_	
8-35	425-434	opstyging	_	_	_	
8-36	435-438	der	_	_	_	
8-37	439-448	Lyfmoeder	_	_	_	
8-38	449-456	geappli	_	_	_	
8-39	457-462	ceert	_	_	_	
8-40	462-463	.	_	_	_	

#Text=En dit Deksel gebrant synde heeft geen onaangenaame
#Text=reuk.
9-1	464-466	En	_	_	_	
9-2	467-470	dit	Smell\_Source[3]	_	_	
9-3	471-477	Deksel	Smell\_Source[3]	_	_	
9-4	478-485	gebrant	Circumstances[4]	_	_	
9-5	486-491	synde	Circumstances[4]	_	_	
9-6	492-497	heeft	_	_	_	
9-7	498-502	geen	_	_	_	
9-8	503-515	onaangenaame	Quality	_	_	
9-9	516-520	reuk	Smell\_Word	*|*|*	9-4[4_0]|9-2[3_0]|9-8	
9-10	520-521	.	_	_	_	

#Text=Het is seer aardig van maaksel, als uyt verscheyde rondagtige ringekens, die
#Text=verschillig in de hoogte en bleekte van de couleur syn, bestaande.
10-1	522-525	Het	_	_	_	
10-2	526-528	is	_	_	_	
10-3	529-533	seer	_	_	_	
10-4	534-540	aardig	_	_	_	
10-5	541-544	van	_	_	_	
10-6	545-552	maaksel	_	_	_	
10-7	552-553	,	_	_	_	
10-8	554-557	als	_	_	_	
10-9	558-561	uyt	_	_	_	
10-10	562-572	verscheyde	_	_	_	
10-11	573-583	rondagtige	_	_	_	
10-12	584-593	ringekens	_	_	_	
10-13	593-594	,	_	_	_	
10-14	595-598	die	_	_	_	
10-15	599-610	verschillig	_	_	_	
10-16	611-613	in	_	_	_	
10-17	614-616	de	_	_	_	
10-18	617-623	hoogte	_	_	_	
10-19	624-626	en	_	_	_	
10-20	627-634	bleekte	_	_	_	
10-21	635-638	van	_	_	_	
10-22	639-641	de	_	_	_	
10-23	642-649	couleur	_	_	_	
10-24	650-653	syn	_	_	_	
10-25	653-654	,	_	_	_	
10-26	655-664	bestaande	_	_	_	
10-27	664-665	.	_	_	_	

#Text=Van binnen is
#Text=het kuyls of schulps gewys, en wat ingeboogen.
11-1	666-669	Van	_	_	_	
11-2	670-676	binnen	_	_	_	
11-3	677-679	is	_	_	_	
11-4	680-683	het	_	_	_	
11-5	684-689	kuyls	_	_	_	
11-6	690-692	of	_	_	_	
11-7	693-700	schulps	_	_	_	
11-8	701-706	gewys	_	_	_	
11-9	706-707	,	_	_	_	
11-10	708-710	en	_	_	_	
11-11	711-714	wat	_	_	_	
11-12	715-725	ingeboogen	_	_	_	
11-13	725-726	.	_	_	_	

#Text=De Start van het lichaam, daar dit
#Text=Deksel op staat, die wort met sterke musculen het selve ingeplant, waar door hy
#Text=sig tegens de Mont en de Hoornen kan aan-buygen, en 't samen vouwen, wanneer
#Text=het Slaxke sig in syn schaal vertrekt, en syn selve als met een verskerde deur, die
#Text=het altyt met sig draagt, binnen in syn hoornken opsluyt;
#Text=daar het voor alle perikel
#Text=bewaart is.
12-1	727-729	De	_	_	_	
12-2	730-735	Start	_	_	_	
12-3	736-739	van	_	_	_	
12-4	740-743	het	_	_	_	
12-5	744-751	lichaam	_	_	_	
12-6	751-752	,	_	_	_	
12-7	753-757	daar	_	_	_	
12-8	758-761	dit	_	_	_	
12-9	762-768	Deksel	_	_	_	
12-10	769-771	op	_	_	_	
12-11	772-777	staat	_	_	_	
12-12	777-778	,	_	_	_	
12-13	779-782	die	_	_	_	
12-14	783-787	wort	_	_	_	
12-15	788-791	met	_	_	_	
12-16	792-798	sterke	_	_	_	
12-17	799-807	musculen	_	_	_	
12-18	808-811	het	_	_	_	
12-19	812-817	selve	_	_	_	
12-20	818-827	ingeplant	_	_	_	
12-21	827-828	,	_	_	_	
12-22	829-833	waar	_	_	_	
12-23	834-838	door	_	_	_	
12-24	839-841	hy	_	_	_	
12-25	842-845	sig	_	_	_	
12-26	846-852	tegens	_	_	_	
12-27	853-855	de	_	_	_	
12-28	856-860	Mont	_	_	_	
12-29	861-863	en	_	_	_	
12-30	864-866	de	_	_	_	
12-31	867-874	Hoornen	_	_	_	
12-32	875-878	kan	_	_	_	
12-33	879-889	aan-buygen	_	_	_	
12-34	889-890	,	_	_	_	
12-35	891-893	en	_	_	_	
12-36	894-895	'	_	_	_	
12-37	895-896	t	_	_	_	
12-38	897-902	samen	_	_	_	
12-39	903-909	vouwen	_	_	_	
12-40	909-910	,	_	_	_	
12-41	911-918	wanneer	_	_	_	
12-42	919-922	het	_	_	_	
12-43	923-929	Slaxke	_	_	_	
12-44	930-933	sig	_	_	_	
12-45	934-936	in	_	_	_	
12-46	937-940	syn	_	_	_	
12-47	941-947	schaal	_	_	_	
12-48	948-956	vertrekt	_	_	_	
12-49	956-957	,	_	_	_	
12-50	958-960	en	_	_	_	
12-51	961-964	syn	_	_	_	
12-52	965-970	selve	_	_	_	
12-53	971-974	als	_	_	_	
12-54	975-978	met	_	_	_	
12-55	979-982	een	_	_	_	
12-56	983-992	verskerde	_	_	_	
12-57	993-997	deur	_	_	_	
12-58	997-998	,	_	_	_	
12-59	999-1002	die	_	_	_	
12-60	1003-1006	het	_	_	_	
12-61	1007-1012	altyt	_	_	_	
12-62	1013-1016	met	_	_	_	
12-63	1017-1020	sig	_	_	_	
12-64	1021-1027	draagt	_	_	_	
12-65	1027-1028	,	_	_	_	
12-66	1029-1035	binnen	_	_	_	
12-67	1036-1038	in	_	_	_	
12-68	1039-1042	syn	_	_	_	
12-69	1043-1051	hoornken	_	_	_	
12-70	1052-1059	opsluyt	_	_	_	
12-71	1059-1060	;	_	_	_	
12-72	1061-1065	daar	_	_	_	
12-73	1066-1069	het	_	_	_	
12-74	1070-1074	voor	_	_	_	
12-75	1075-1079	alle	_	_	_	
12-76	1080-1087	perikel	_	_	_	
12-77	1088-1095	bewaart	_	_	_	
12-78	1096-1098	is	_	_	_	
12-79	1098-1099	.	_	_	_	

#Text=En dit doet het Slaxke op het minste ongewoon beweegen, dat het
#Text=verneemt in het water, want het is een van de aldervreesagtigste Dierkens, die ik
#Text=kenne.
13-1	1100-1102	En	_	_	_	
13-2	1103-1106	dit	_	_	_	
13-3	1107-1111	doet	_	_	_	
13-4	1112-1115	het	_	_	_	
13-5	1116-1122	Slaxke	_	_	_	
13-6	1123-1125	op	_	_	_	
13-7	1126-1129	het	_	_	_	
13-8	1130-1136	minste	_	_	_	
13-9	1137-1145	ongewoon	_	_	_	
13-10	1146-1154	beweegen	_	_	_	
13-11	1154-1155	,	_	_	_	
13-12	1156-1159	dat	_	_	_	
13-13	1160-1163	het	_	_	_	
13-14	1164-1172	verneemt	_	_	_	
13-15	1173-1175	in	_	_	_	
13-16	1176-1179	het	_	_	_	
13-17	1180-1185	water	_	_	_	
13-18	1185-1186	,	_	_	_	
13-19	1187-1191	want	_	_	_	
13-20	1192-1195	het	_	_	_	
13-21	1196-1198	is	_	_	_	
13-22	1199-1202	een	_	_	_	
13-23	1203-1206	van	_	_	_	
13-24	1207-1209	de	_	_	_	
13-25	1210-1228	aldervreesagtigste	_	_	_	
13-26	1229-1237	Dierkens	_	_	_	
13-27	1237-1238	,	_	_	_	
13-28	1239-1242	die	_	_	_	
13-29	1243-1245	ik	_	_	_	
13-30	1246-1251	kenne	_	_	_	
13-31	1251-1252	.	_	_	_	

#Text=Het kruypt seer traag, en het swemt ook met syn lichaam tegens de vlakte
#Text=van de lugt op het water, als ik in de gemeene Water-Slak heb aangetekent.
14-1	1253-1256	Het	_	_	_	
14-2	1257-1263	kruypt	_	_	_	
14-3	1264-1268	seer	_	_	_	
14-4	1269-1274	traag	_	_	_	
14-5	1274-1275	,	_	_	_	
14-6	1276-1278	en	_	_	_	
14-7	1279-1282	het	_	_	_	
14-8	1283-1288	swemt	_	_	_	
14-9	1289-1292	ook	_	_	_	
14-10	1293-1296	met	_	_	_	
14-11	1297-1300	syn	_	_	_	
14-12	1301-1308	lichaam	_	_	_	
14-13	1309-1315	tegens	_	_	_	
14-14	1316-1318	de	_	_	_	
14-15	1319-1325	vlakte	_	_	_	
14-16	1326-1329	van	_	_	_	
14-17	1330-1332	de	_	_	_	
14-18	1333-1337	lugt	_	_	_	
14-19	1338-1340	op	_	_	_	
14-20	1341-1344	het	_	_	_	
14-21	1345-1350	water	_	_	_	
14-22	1350-1351	,	_	_	_	
14-23	1352-1355	als	_	_	_	
14-24	1356-1358	ik	_	_	_	
14-25	1359-1361	in	_	_	_	
14-26	1362-1364	de	_	_	_	
14-27	1365-1372	gemeene	_	_	_	
14-28	1373-1383	Water-Slak	_	_	_	
14-29	1384-1387	heb	_	_	_	
14-30	1388-1399	aangetekent	_	_	_	
14-31	1399-1400	.	_	_	_	

#Text=Jan Swammerdam, Bybel der natuure of historie der insecten.
15-1	1404-1407	Jan	_	_	_	
15-2	1408-1418	Swammerdam	_	_	_	
15-3	1418-1419	,	_	_	_	
15-4	1420-1425	Bybel	_	_	_	
15-5	1426-1429	der	_	_	_	
15-6	1430-1437	natuure	_	_	_	
15-7	1438-1440	of	_	_	_	
15-8	1441-1449	historie	_	_	_	
15-9	1450-1453	der	_	_	_	
15-10	1454-1462	insecten	_	_	_	
15-11	1462-1463	.	_	_	_	
