#FORMAT=WebAnno TSV 3.3


#Text=+
#Text=
#Text=k k
#Text=Syn twee seer aardige styf opstaande doorlugtige deelkens, dewelke aan de
#Text=+
#Text=
#Text=onderste leeden van het eerste paar Beenen geplaatst syn, ende niet als tot
#Text=kk.
1-1	3-4	+	
1-2	6-7	k	
1-3	8-9	k	
1-4	10-13	Syn	
1-5	14-18	twee	
1-6	19-23	seer	
1-7	24-31	aardige	
1-8	32-36	styf	
1-9	37-46	opstaande	
1-10	47-58	doorlugtige	
1-11	59-67	deelkens	
1-12	67-68	,	
1-13	69-76	dewelke	
1-14	77-80	aan	
1-15	81-83	de	
1-16	84-85	+	
1-17	87-95	onderste	
1-18	96-102	leeden	
1-19	103-106	van	
1-20	107-110	het	
1-21	111-117	eerste	
1-22	118-122	paar	
1-23	123-129	Beenen	
1-24	130-139	geplaatst	
1-25	140-143	syn	
1-26	143-144	,	
1-27	145-149	ende	
1-28	150-154	niet	
1-29	155-158	als	
1-30	159-162	tot	
1-31	163-165	kk	
1-32	165-166	.	

#Text=cieragie in de Pop schynen te dienen, want se met het vervellen eyndelyk heel
#Text=met het vel afgestroopt en verloren worden
2-1	168-176	cieragie	
2-2	177-179	in	
2-3	180-182	de	
2-4	183-186	Pop	
2-5	187-194	schynen	
2-6	195-197	te	
2-7	198-204	dienen	
2-8	204-205	,	
2-9	206-210	want	
2-10	211-213	se	
2-11	214-217	met	
2-12	218-221	het	
2-13	222-231	vervellen	
2-14	232-240	eyndelyk	
2-15	241-245	heel	
2-16	246-249	met	
2-17	250-253	het	
2-18	254-257	vel	
2-19	258-269	afgestroopt	
2-20	270-272	en	
2-21	273-281	verloren	
2-22	282-288	worden	

#Text=.
3-1	288-289	.	

#Text=+
#Text=
#Text=
#Text=l l
#Text=Het tweede paar Beenen in de Pop, dat meede doorschynende Luchtpypen heeft;
#Text=
#Text=+
#Text=
#Text=
#Text=ende welke Beenen door het afgestroopte vel, de inschietende lucht, ende de
#Text=ll.
#Text=voortgedreeve vogtigheid, tot over de helft van het lichaam, seer regulier geplaast
#Text=
#Text=ende uytgetrokken syn
4-1	291-292	+	
4-2	295-296	l	
4-3	297-298	l	
4-4	299-302	Het	
4-5	303-309	tweede	
4-6	310-314	paar	
4-7	315-321	Beenen	
4-8	322-324	in	
4-9	325-327	de	
4-10	328-331	Pop	
4-11	331-332	,	
4-12	333-336	dat	
4-13	337-342	meede	
4-14	343-356	doorschynende	
4-15	357-367	Luchtpypen	
4-16	368-373	heeft	
4-17	373-374	;	
4-18	376-377	+	
4-19	380-384	ende	
4-20	385-390	welke	
4-21	391-397	Beenen	
4-22	398-402	door	
4-23	403-406	het	
4-24	407-419	afgestroopte	
4-25	420-423	vel	
4-26	423-424	,	
4-27	425-427	de	
4-28	428-440	inschietende	
4-29	441-446	lucht	
4-30	446-447	,	
4-31	448-452	ende	
4-32	453-455	de	
4-33	456-458	ll	
4-34	458-459	.	
4-35	460-473	voortgedreeve	
4-36	474-484	vogtigheid	
4-37	484-485	,	
4-38	486-489	tot	
4-39	490-494	over	
4-40	495-497	de	
4-41	498-503	helft	
4-42	504-507	van	
4-43	508-511	het	
4-44	512-519	lichaam	
4-45	519-520	,	
4-46	521-525	seer	
4-47	526-534	regulier	
4-48	535-543	geplaast	
4-49	545-549	ende	
4-50	550-562	uytgetrokken	
4-51	563-566	syn	

#Text=.
5-1	566-567	.	

#Text=+
#Text=
#Text=m m
#Text=De Vleugelen van de Bye, een Pop nu genoemt wordende;
#Text=deselve siet
#Text=+
#Text=
#Text=
#Text=men
#Text=maar ten deelen
6-1	570-571	+	
6-2	573-574	m	
6-3	575-576	m	
6-4	577-579	De	
6-5	580-589	Vleugelen	
6-6	590-593	van	
6-7	594-596	de	
6-8	597-600	Bye	
6-9	600-601	,	
6-10	602-605	een	
6-11	606-609	Pop	
6-12	610-612	nu	
6-13	613-620	genoemt	
6-14	621-629	wordende	
6-15	629-630	;	
6-16	631-638	deselve	
6-17	639-643	siet	
6-18	644-645	+	
6-19	648-651	men	
6-20	652-656	maar	
6-21	657-660	ten	
6-22	661-667	deelen	
