#FORMAT=WebAnno TSV 3.3


#Text=De Duivel kan het Menschen lichaam
#Text=niet onsigbaar maken:
#Text=so dat een onbedorven oog, by helder licht, alle andere lichamen
#Text=bescheidelik siende;
#Text=dat eene, schoon daar mede tegenwoordig, en door geen ander
#Text=lichaam bedekt zijnde, niet en sie.
1-1	2-4	De	
1-2	5-11	Duivel	
1-3	12-15	kan	
1-4	16-19	het	
1-5	20-28	Menschen	
1-6	29-36	lichaam	
1-7	37-41	niet	
1-8	42-51	onsigbaar	
1-9	52-57	maken	
1-10	57-58	:	
1-11	59-61	so	
1-12	62-65	dat	
1-13	66-69	een	
1-14	70-80	onbedorven	
1-15	81-84	oog	
1-16	84-85	,	
1-17	86-88	by	
1-18	89-95	helder	
1-19	96-101	licht	
1-20	101-102	,	
1-21	103-107	alle	
1-22	108-114	andere	
1-23	115-123	lichamen	
1-24	124-136	bescheidelik	
1-25	137-143	siende	
1-26	143-144	;	
1-27	145-148	dat	
1-28	149-153	eene	
1-29	153-154	,	
1-30	155-161	schoon	
1-31	162-166	daar	
1-32	167-171	mede	
1-33	172-184	tegenwoordig	
1-34	184-185	,	
1-35	186-188	en	
1-36	189-193	door	
1-37	194-198	geen	
1-38	199-204	ander	
1-39	205-212	lichaam	
1-40	213-219	bedekt	
1-41	220-226	zijnde	
1-42	226-227	,	
1-43	228-232	niet	
1-44	233-235	en	
1-45	236-239	sie	
1-46	239-240	.	

#Text=Ik segge, door geen ander lichaam bedekt zijnde:
#Text=
#Text=om dat men voorgeeft, dat de Duivel ook de Lucht verdikken, en also dat Lichaam
#Text=als met mist bedekken kan.
2-1	241-243	Ik	
2-2	244-249	segge	
2-3	249-250	,	
2-4	251-255	door	
2-5	256-260	geen	
2-6	261-266	ander	
2-7	267-274	lichaam	
2-8	275-281	bedekt	
2-9	282-288	zijnde	
2-10	288-289	:	
2-11	291-293	om	
2-12	294-297	dat	
2-13	298-301	men	
2-14	302-311	voorgeeft	
2-15	311-312	,	
2-16	313-316	dat	
2-17	317-319	de	
2-18	320-326	Duivel	
2-19	327-330	ook	
2-20	331-333	de	
2-21	334-339	Lucht	
2-22	340-349	verdikken	
2-23	349-350	,	
2-24	351-353	en	
2-25	354-358	also	
2-26	359-362	dat	
2-27	363-370	Lichaam	
2-28	371-374	als	
2-29	375-378	met	
2-30	379-383	mist	
2-31	384-392	bedekken	
2-32	393-396	kan	
2-33	396-397	.	

#Text=Die moest men dan ook sien.
3-1	398-401	Die	
3-2	402-407	moest	
3-3	408-411	men	
3-4	412-415	dan	
3-5	416-419	ook	
3-6	420-424	sien	
3-7	424-425	.	

#Text=Een Lichaam dat so dun
#Text=is, datmen 't niet kan sien, (gelijk de Lucht gewoonlik is (kan ons gesight niet weeren
#Text=van een ander dat wel dicht en dik,
#Text=
#Text=Balthasar Bekker, De betoverde wereld
#Text=
#Text=\f12
#Text=en voor onse oogen is.
4-1	426-429	Een	
4-2	430-437	Lichaam	
4-3	438-441	dat	
4-4	442-444	so	
4-5	445-448	dun	
4-6	449-451	is	
4-7	451-452	,	
4-8	453-459	datmen	
4-9	460-461	'	
4-10	461-462	t	
4-11	463-467	niet	
4-12	468-471	kan	
4-13	472-476	sien	
4-14	476-477	,	
4-15	478-479	(	
4-16	479-485	gelijk	
4-17	486-488	de	
4-18	489-494	Lucht	
4-19	495-504	gewoonlik	
4-20	505-507	is	
4-21	508-509	(	
4-22	509-512	kan	
4-23	513-516	ons	
4-24	517-524	gesight	
4-25	525-529	niet	
4-26	530-536	weeren	
4-27	537-540	van	
4-28	541-544	een	
4-29	545-550	ander	
4-30	551-554	dat	
4-31	555-558	wel	
4-32	559-564	dicht	
4-33	565-567	en	
4-34	568-571	dik	
4-35	571-572	,	
4-36	574-583	Balthasar	
4-37	584-590	Bekker	
4-38	590-591	,	
4-39	592-594	De	
4-40	595-604	betoverde	
4-41	605-611	wereld	
4-42	614-616	12	
4-43	617-619	en	
4-44	620-624	voor	
4-45	625-629	onse	
4-46	630-635	oogen	
4-47	636-638	is	
4-48	638-639	.	

#Text=Want so dat ware, de Lucht een lichaam
#Text=zijnde soude ons
#Text=gesigt beletten:
#Text=also geen lichaam maar een weinig van ons afstaat, of daar is tusschen
#Text=beiden effen so veel luchts, als 'er ruimte tusschen is.
5-1	640-644	Want	
5-2	645-647	so	
5-3	648-651	dat	
5-4	652-656	ware	
5-5	656-657	,	
5-6	658-660	de	
5-7	661-666	Lucht	
5-8	667-670	een	
5-9	671-678	lichaam	
5-10	679-685	zijnde	
5-11	686-691	soude	
5-12	692-695	ons	
5-13	696-702	gesigt	
5-14	703-711	beletten	
5-15	711-712	:	
5-16	713-717	also	
5-17	718-722	geen	
5-18	723-730	lichaam	
5-19	731-735	maar	
5-20	736-739	een	
5-21	740-746	weinig	
5-22	747-750	van	
5-23	751-754	ons	
5-24	755-762	afstaat	
5-25	762-763	,	
5-26	764-766	of	
5-27	767-771	daar	
5-28	772-774	is	
5-29	775-783	tusschen	
5-30	784-790	beiden	
5-31	791-796	effen	
5-32	797-799	so	
5-33	800-804	veel	
5-34	805-811	luchts	
5-35	811-812	,	
5-36	813-816	als	
5-37	817-818	'	
5-38	818-820	er	
5-39	821-827	ruimte	
5-40	828-836	tusschen	
5-41	837-839	is	
5-42	839-840	.	

#Text=Maar so die lucht het niet en
#Text=dede, wy souden self geen lichaam konnen sien
6-1	841-845	Maar	
6-2	846-848	so	
6-3	849-852	die	
6-4	853-858	lucht	
6-5	859-862	het	
6-6	863-867	niet	
6-7	868-870	en	
6-8	871-875	dede	
6-9	875-876	,	
6-10	877-879	wy	
6-11	880-886	souden	
6-12	887-891	self	
6-13	892-896	geen	
6-14	897-904	lichaam	
6-15	905-911	konnen	
6-16	912-916	sien	

#Text=.
7-1	916-917	.	

#Text=§.
#Text=17.
8-1	919-920	§	
8-2	920-921	.	
8-3	922-924	17	
8-4	924-925	.	

#Text=Noch meer.
9-1	926-930	Noch	
9-2	931-935	meer	
9-3	935-936	.	

#Text=Geen menschelijk lichaem, dat uit vleesch en been bestaat, en
#Text=snel of traag van beweginge, na dat de leden, ingewanden, leevendige geesten en het
#Text=bloed gematigd zijn:
#Text=kan sonder tijd, van d'eene plaats tot d'andere, en dat noch door
#Text=de Lucht vervoerd; en so van aart en eigenschap veranderd zijn.
10-1	937-941	Geen	
10-2	942-953	menschelijk	
10-3	954-961	lichaem	
10-4	961-962	,	
10-5	963-966	dat	
10-6	967-970	uit	
10-7	971-978	vleesch	
10-8	979-981	en	
10-9	982-986	been	
10-10	987-994	bestaat	
10-11	994-995	,	
10-12	996-998	en	
10-13	999-1003	snel	
10-14	1004-1006	of	
10-15	1007-1012	traag	
10-16	1013-1016	van	
10-17	1017-1026	beweginge	
10-18	1026-1027	,	
10-19	1028-1030	na	
10-20	1031-1034	dat	
10-21	1035-1037	de	
10-22	1038-1043	leden	
10-23	1043-1044	,	
10-24	1045-1055	ingewanden	
10-25	1055-1056	,	
10-26	1057-1067	leevendige	
10-27	1068-1075	geesten	
10-28	1076-1078	en	
10-29	1079-1082	het	
10-30	1083-1088	bloed	
10-31	1089-1097	gematigd	
10-32	1098-1102	zijn	
10-33	1102-1103	:	
10-34	1104-1107	kan	
10-35	1108-1114	sonder	
10-36	1115-1119	tijd	
10-37	1119-1120	,	
10-38	1121-1124	van	
10-39	1125-1131	d'eene	
10-40	1132-1138	plaats	
10-41	1139-1142	tot	
10-42	1143-1151	d'andere	
10-43	1151-1152	,	
10-44	1153-1155	en	
10-45	1156-1159	dat	
10-46	1160-1164	noch	
10-47	1165-1169	door	
10-48	1170-1172	de	
10-49	1173-1178	Lucht	
10-50	1179-1187	vervoerd	
10-51	1187-1188	;	
10-52	1189-1191	en	
10-53	1192-1194	so	
10-54	1195-1198	van	
10-55	1199-1203	aart	
10-56	1204-1206	en	
10-57	1207-1217	eigenschap	
10-58	1218-1227	veranderd	
10-59	1228-1232	zijn	
10-60	1232-1233	.	

#Text=Veel weiniger kan
#Text='s menschen lichaam in dat van een beest, van wolf of kat veraarden; en dan ook
#Text=noch door veel kleinder gat, dan 't kleinste van die beesten nodig heeft sich wringen
#Text=om ter afgesloten plaatsen in te komen.
11-1	1234-1238	Veel	
11-2	1239-1247	weiniger	
11-3	1248-1251	kan	
11-4	1252-1253	'	
11-5	1253-1254	s	
11-6	1255-1263	menschen	
11-7	1264-1271	lichaam	
11-8	1272-1274	in	
11-9	1275-1278	dat	
11-10	1279-1282	van	
11-11	1283-1286	een	
11-12	1287-1292	beest	
11-13	1292-1293	,	
11-14	1294-1297	van	
11-15	1298-1302	wolf	
11-16	1303-1305	of	
11-17	1306-1309	kat	
11-18	1310-1319	veraarden	
11-19	1319-1320	;	
11-20	1321-1323	en	
11-21	1324-1327	dan	
11-22	1328-1331	ook	
11-23	1332-1336	noch	
11-24	1337-1341	door	
11-25	1342-1346	veel	
11-26	1347-1355	kleinder	
11-27	1356-1359	gat	
11-28	1359-1360	,	
11-29	1361-1364	dan	
11-30	1365-1366	'	
11-31	1366-1367	t	
11-32	1368-1376	kleinste	
11-33	1377-1380	van	
11-34	1381-1384	die	
11-35	1385-1392	beesten	
11-36	1393-1398	nodig	
11-37	1399-1404	heeft	
11-38	1405-1409	sich	
11-39	1410-1417	wringen	
11-40	1418-1420	om	
11-41	1421-1424	ter	
11-42	1425-1435	afgesloten	
11-43	1436-1444	plaatsen	
11-44	1445-1447	in	
11-45	1448-1450	te	
11-46	1451-1456	komen	
11-47	1456-1457	.	

#Text=Elk lichaam heeft sijne eigen plaats tot
#Text=d'uitstrekkinge, so wel als sijnen tijd tot de beweginge van doen.
12-1	1458-1461	Elk	
12-2	1462-1469	lichaam	
12-3	1470-1475	heeft	
12-4	1476-1481	sijne	
12-5	1482-1487	eigen	
12-6	1488-1494	plaats	
12-7	1495-1498	tot	
12-8	1499-1514	d'uitstrekkinge	
12-9	1514-1515	,	
12-10	1516-1518	so	
12-11	1519-1522	wel	
12-12	1523-1526	als	
12-13	1527-1533	sijnen	
12-14	1534-1538	tijd	
12-15	1539-1542	tot	
12-16	1543-1545	de	
12-17	1546-1555	beweginge	
12-18	1556-1559	van	
12-19	1560-1564	doen	
12-20	1564-1565	.	

#Text=En 't gene verder
#Text=op dit stuk geseid magh worden, sal in 't vervolg wel plaatse vinden, wanneerwe van
#Text=de toverhandeling sullen spreken:
#Text=besonderlik het gene van 't verdikken van de Lucht
#Text=en van 't beguichelen van 's menschen oogen aan den Duivel toegeschreven word.
13-1	1566-1568	En	
13-2	1569-1570	'	
13-3	1570-1571	t	
13-4	1572-1576	gene	
13-5	1577-1583	verder	
13-6	1584-1586	op	
13-7	1587-1590	dit	
13-8	1591-1595	stuk	
13-9	1596-1602	geseid	
13-10	1603-1607	magh	
13-11	1608-1614	worden	
13-12	1614-1615	,	
13-13	1616-1619	sal	
13-14	1620-1622	in	
13-15	1623-1624	'	
13-16	1624-1625	t	
13-17	1626-1633	vervolg	
13-18	1634-1637	wel	
13-19	1638-1645	plaatse	
13-20	1646-1652	vinden	
13-21	1652-1653	,	
13-22	1654-1663	wanneerwe	
13-23	1664-1667	van	
13-24	1668-1670	de	
13-25	1671-1685	toverhandeling	
13-26	1686-1692	sullen	
13-27	1693-1700	spreken	
13-28	1700-1701	:	
13-29	1702-1713	besonderlik	
13-30	1714-1717	het	
13-31	1718-1722	gene	
13-32	1723-1726	van	
13-33	1727-1728	'	
13-34	1728-1729	t	
13-35	1730-1739	verdikken	
13-36	1740-1743	van	
13-37	1744-1746	de	
13-38	1747-1752	Lucht	
13-39	1753-1755	en	
13-40	1756-1759	van	
13-41	1760-1761	'	
13-42	1761-1762	t	
13-43	1763-1774	beguichelen	
13-44	1775-1778	van	
13-45	1779-1780	'	
13-46	1780-1781	s	
13-47	1782-1790	menschen	
13-48	1791-1796	oogen	
13-49	1797-1800	aan	
13-50	1801-1804	den	
13-51	1805-1811	Duivel	
13-52	1812-1825	toegeschreven	
13-53	1826-1830	word	
13-54	1830-1831	.	
