#FORMAT=WebAnno TSV 3.3
#T_SP=custom.Span|label
#T_RL=custom.Relation|label|BT_custom.Span


#Text=Suͤſſe Pinien.
1-1	0-6	Suͤſſe	_	_	_	
1-2	7-13	Pinien	_	_	_	
1-3	13-14	.	_	_	_	

#Text=Pignolas.
2-1	16-24	Pignolas	_	_	_	
2-2	24-25	.	_	_	_	

#Text=Die Pinien, die wir verkauffen, kom-
#Text=men aus Catalonien, ingleichen aus
#Text=Provence oder Languedoc uñ andern
#Text=
#Text=Orten in Franckreich.
3-1	27-30	Die	_	_	_	
3-2	31-37	Pinien	_	_	_	
3-3	37-38	,	_	_	_	
3-4	39-42	die	_	_	_	
3-5	43-46	wir	_	_	_	
3-6	47-57	verkauffen	_	_	_	
3-7	57-58	,	_	_	_	
3-8	59-62	kom	_	_	_	
3-9	62-63	-	_	_	_	
3-10	64-67	men	_	_	_	
3-11	68-71	aus	_	_	_	
3-12	72-82	Catalonien	_	_	_	
3-13	82-83	,	_	_	_	
3-14	84-94	ingleichen	_	_	_	
3-15	95-98	aus	_	_	_	
3-16	99-107	Provence	_	_	_	
3-17	108-112	oder	_	_	_	
3-18	113-122	Languedoc	_	_	_	
3-19	123-126	uñ	_	_	_	
3-20	127-133	andern	_	_	_	
3-21	135-140	Orten	_	_	_	
3-22	141-143	in	_	_	_	
3-23	144-155	Franckreich	_	_	_	
3-24	155-156	.	_	_	_	

#Text=Damit man aber
#Text=die Pinien aus den Aepfeln nehmen koͤn-
#Text=ne, werden ſie in heiſſe Oefen und aufs
#Text=Feuer geworffen, bis ſie aufboͤrſten: her-
#Text=nach zerſtoſſen ſie die Nuͤſſe oder Kerne,
#Text=nehmen die Pinien heraus, und verſen-
#Text=den ſie hin und her.
4-1	157-162	Damit	_	_	_	
4-2	163-166	man	_	_	_	
4-3	167-171	aber	_	_	_	
4-4	172-175	die	_	_	_	
4-5	176-182	Pinien	_	_	_	
4-6	183-186	aus	_	_	_	
4-7	187-190	den	_	_	_	
4-8	191-198	Aepfeln	_	_	_	
4-9	199-205	nehmen	_	_	_	
4-10	206-210	koͤn	_	_	_	
4-11	210-211	-	_	_	_	
4-12	212-214	ne	_	_	_	
4-13	214-215	,	_	_	_	
4-14	216-222	werden	_	_	_	
4-15	223-226	ſie	_	_	_	
4-16	227-229	in	_	_	_	
4-17	230-236	heiſſe	_	_	_	
4-18	237-242	Oefen	_	_	_	
4-19	243-246	und	_	_	_	
4-20	247-251	aufs	_	_	_	
4-21	252-257	Feuer	_	_	_	
4-22	258-267	geworffen	_	_	_	
4-23	267-268	,	_	_	_	
4-24	269-272	bis	_	_	_	
4-25	273-276	ſie	_	_	_	
4-26	277-288	aufboͤrſten	_	_	_	
4-27	288-289	:	_	_	_	
4-28	290-293	her	_	_	_	
4-29	293-294	-	_	_	_	
4-30	295-299	nach	_	_	_	
4-31	300-310	zerſtoſſen	_	_	_	
4-32	311-314	ſie	_	_	_	
4-33	315-318	die	_	_	_	
4-34	319-325	Nuͤſſe	_	_	_	
4-35	326-330	oder	_	_	_	
4-36	331-336	Kerne	_	_	_	
4-37	336-337	,	_	_	_	
4-38	338-344	nehmen	_	_	_	
4-39	345-348	die	_	_	_	
4-40	349-355	Pinien	_	_	_	
4-41	356-362	heraus	_	_	_	
4-42	362-363	,	_	_	_	
4-43	364-367	und	_	_	_	
4-44	368-374	verſen	_	_	_	
4-45	374-375	-	_	_	_	
4-46	376-379	den	_	_	_	
4-47	380-383	ſie	_	_	_	
4-48	384-387	hin	_	_	_	
4-49	388-391	und	_	_	_	
4-50	392-395	her	_	_	_	
4-51	395-396	.	_	_	_	

#Text=Man ſoll die Pinien erwehlen, welche
#Text=weiß, friſch und fein dicke ſind, und un-
#Text=ter denen
#Text=ſo
#Text=wenig Schalen, als nur
#Text=moͤglich, zu finden, ſie muͤſſen auch einen
#Text=guten Geſchmack haben: mit einem
#Text=Worte, ſie
#Text=muͤſſen
#Text=weder oͤlicht ſeyn,
#Text=
#Text=noch modricht riechen.
5-1	400-403	Man	_	_	_	
5-2	404-408	ſoll	_	_	_	
5-3	409-412	die	_	_	_	
5-4	413-419	Pinien	Smell\_Source	_	_	
5-5	420-428	erwehlen	_	_	_	
5-6	428-429	,	_	_	_	
5-7	430-436	welche	_	_	_	
5-8	437-441	weiß	_	_	_	
5-9	441-442	,	_	_	_	
5-10	443-449	friſch	_	_	_	
5-11	450-453	und	_	_	_	
5-12	454-458	fein	_	_	_	
5-13	459-464	dicke	_	_	_	
5-14	465-469	ſind	_	_	_	
5-15	469-470	,	_	_	_	
5-16	471-474	und	_	_	_	
5-17	475-477	un	_	_	_	
5-18	477-478	-	_	_	_	
5-19	479-482	ter	_	_	_	
5-20	483-488	denen	_	_	_	
5-21	489-491	ſo	_	_	_	
5-22	492-497	wenig	_	_	_	
5-23	498-505	Schalen	_	_	_	
5-24	505-506	,	_	_	_	
5-25	507-510	als	_	_	_	
5-26	511-514	nur	_	_	_	
5-27	515-523	moͤglich	_	_	_	
5-28	523-524	,	_	_	_	
5-29	525-527	zu	_	_	_	
5-30	528-534	finden	_	_	_	
5-31	534-535	,	_	_	_	
5-32	536-539	ſie	_	_	_	
5-33	540-547	muͤſſen	_	_	_	
5-34	548-552	auch	_	_	_	
5-35	553-558	einen	_	_	_	
5-36	559-564	guten	_	_	_	
5-37	565-574	Geſchmack	_	_	_	
5-38	575-580	haben	_	_	_	
5-39	580-581	:	_	_	_	
5-40	582-585	mit	_	_	_	
5-41	586-591	einem	_	_	_	
5-42	592-597	Worte	_	_	_	
5-43	597-598	,	_	_	_	
5-44	599-602	ſie	_	_	_	
5-45	603-610	muͤſſen	_	_	_	
5-46	611-616	weder	_	_	_	
5-47	617-624	oͤlicht	_	_	_	
5-48	625-629	ſeyn	_	_	_	
5-49	629-630	,	_	_	_	
5-50	632-636	noch	Quality[1]	_	_	
5-51	637-645	modricht	Quality[1]	_	_	
5-52	646-653	riechen	Smell\_Word	*|*	5-50[1_0]|5-4	
5-53	653-654	.	_	_	_	

#Text=Es vermelden
#Text=etliche, daß die duͤnnen Haͤutlein ſie gut
#Text=erhielten, denen ich auch nicht wider-
#Text=ſprechen kan;
#Text=wiewohl ich niemahls eine
#Text=beſondere Wirckung davon verſpuͤret:
#Text=doch kan man ſchon zu frieden ſeyn, weil
#Text=dieſe Haͤutlein ihnen nichts ſchaden wer-
#Text=den, wenn ſie ihnen ja nichts helffen ſol-
#Text=ten: ſelbige koͤnnen uͤberdiß keinen groſ-
#Text=ſen Abgang verurſachen, indem ſie uͤber
#Text=alle maſſen leichte ſind, iedennoch hin-
#Text=dern ſie, daß diejenigen, die dieſes nicht
#Text=wiſſen, die Pinien nicht kauffen.
6-1	655-657	Es	_	_	_	
6-2	658-667	vermelden	_	_	_	
6-3	668-675	etliche	_	_	_	
6-4	675-676	,	_	_	_	
6-5	677-680	daß	_	_	_	
6-6	681-684	die	_	_	_	
6-7	685-692	duͤnnen	_	_	_	
6-8	693-702	Haͤutlein	_	_	_	
6-9	703-706	ſie	_	_	_	
6-10	707-710	gut	_	_	_	
6-11	711-720	erhielten	_	_	_	
6-12	720-721	,	_	_	_	
6-13	722-727	denen	_	_	_	
6-14	728-731	ich	_	_	_	
6-15	732-736	auch	_	_	_	
6-16	737-742	nicht	_	_	_	
6-17	743-748	wider	_	_	_	
6-18	748-749	-	_	_	_	
6-19	750-758	ſprechen	_	_	_	
6-20	759-762	kan	_	_	_	
6-21	762-763	;	_	_	_	
6-22	764-771	wiewohl	_	_	_	
6-23	772-775	ich	_	_	_	
6-24	776-784	niemahls	_	_	_	
6-25	785-789	eine	_	_	_	
6-26	790-799	beſondere	_	_	_	
6-27	800-808	Wirckung	_	_	_	
6-28	809-814	davon	_	_	_	
6-29	815-825	verſpuͤret	_	_	_	
6-30	825-826	:	_	_	_	
6-31	827-831	doch	_	_	_	
6-32	832-835	kan	_	_	_	
6-33	836-839	man	_	_	_	
6-34	840-845	ſchon	_	_	_	
6-35	846-848	zu	_	_	_	
6-36	849-856	frieden	_	_	_	
6-37	857-861	ſeyn	_	_	_	
6-38	861-862	,	_	_	_	
6-39	863-867	weil	_	_	_	
6-40	868-873	dieſe	_	_	_	
6-41	874-883	Haͤutlein	_	_	_	
6-42	884-889	ihnen	_	_	_	
6-43	890-896	nichts	_	_	_	
6-44	897-904	ſchaden	_	_	_	
6-45	905-908	wer	_	_	_	
6-46	908-909	-	_	_	_	
6-47	910-913	den	_	_	_	
6-48	913-914	,	_	_	_	
6-49	915-919	wenn	_	_	_	
6-50	920-923	ſie	_	_	_	
6-51	924-929	ihnen	_	_	_	
6-52	930-932	ja	_	_	_	
6-53	933-939	nichts	_	_	_	
6-54	940-947	helffen	_	_	_	
6-55	948-951	ſol	_	_	_	
6-56	951-952	-	_	_	_	
6-57	953-956	ten	_	_	_	
6-58	956-957	:	_	_	_	
6-59	958-965	ſelbige	_	_	_	
6-60	966-973	koͤnnen	_	_	_	
6-61	974-982	uͤberdiß	_	_	_	
6-62	983-989	keinen	_	_	_	
6-63	990-994	groſ	_	_	_	
6-64	994-995	-	_	_	_	
6-65	996-999	ſen	_	_	_	
6-66	1000-1006	Abgang	_	_	_	
6-67	1007-1018	verurſachen	_	_	_	
6-68	1018-1019	,	_	_	_	
6-69	1020-1025	indem	_	_	_	
6-70	1026-1029	ſie	_	_	_	
6-71	1030-1035	uͤber	_	_	_	
6-72	1036-1040	alle	_	_	_	
6-73	1041-1047	maſſen	_	_	_	
6-74	1048-1055	leichte	_	_	_	
6-75	1056-1060	ſind	_	_	_	
6-76	1060-1061	,	_	_	_	
6-77	1062-1071	iedennoch	_	_	_	
6-78	1072-1075	hin	_	_	_	
6-79	1075-1076	-	_	_	_	
6-80	1077-1081	dern	_	_	_	
6-81	1082-1085	ſie	_	_	_	
6-82	1085-1086	,	_	_	_	
6-83	1087-1090	daß	_	_	_	
6-84	1091-1101	diejenigen	_	_	_	
6-85	1101-1102	,	_	_	_	
6-86	1103-1106	die	_	_	_	
6-87	1107-1113	dieſes	_	_	_	
6-88	1114-1119	nicht	_	_	_	
6-89	1120-1126	wiſſen	_	_	_	
6-90	1126-1127	,	_	_	_	
6-91	1128-1131	die	_	_	_	
6-92	1132-1138	Pinien	_	_	_	
6-93	1139-1144	nicht	_	_	_	
6-94	1145-1152	kauffen	_	_	_	
6-95	1152-1153	.	_	_	_	

#Text=Die Pinien werden ſehr gebrauchet,
#Text=ſonderlich in der Faſten, und allerley ap-
#Text=petitliche Bißlein damit zugerichtet.
7-1	1157-1160	Die	_	_	_	
7-2	1161-1167	Pinien	_	_	_	
7-3	1168-1174	werden	_	_	_	
7-4	1175-1179	ſehr	_	_	_	
7-5	1180-1190	gebrauchet	_	_	_	
7-6	1190-1191	,	_	_	_	
7-7	1192-1202	ſonderlich	_	_	_	
7-8	1203-1205	in	_	_	_	
7-9	1206-1209	der	_	_	_	
7-10	1210-1216	Faſten	_	_	_	
7-11	1216-1217	,	_	_	_	
7-12	1218-1221	und	_	_	_	
7-13	1222-1230	allerley	_	_	_	
7-14	1231-1233	ap	_	_	_	
7-15	1233-1234	-	_	_	_	
7-16	1235-1245	petitliche	_	_	_	
7-17	1246-1253	Bißlein	_	_	_	
7-18	1254-1259	damit	_	_	_	
7-19	1260-1271	zugerichtet	_	_	_	
7-20	1271-1272	.	_	_	_	

#Text=Die Zuckerbecker
#Text=uͤberziehen ſie mit Zu-
#Text=cker, wenn ſie vorher eine Zeitlang in
#Text=Kleyen gelegen, damit ſich die Fettigkeit
#Text=daraus ziehe.
8-1	1275-1278	Die	_	_	_	
8-2	1279-1291	Zuckerbecker	_	_	_	
8-3	1292-1303	uͤberziehen	_	_	_	
8-4	1304-1307	ſie	_	_	_	
8-5	1308-1311	mit	_	_	_	
8-6	1312-1314	Zu	_	_	_	
8-7	1314-1315	-	_	_	_	
8-8	1316-1320	cker	_	_	_	
8-9	1320-1321	,	_	_	_	
8-10	1322-1326	wenn	_	_	_	
8-11	1327-1330	ſie	_	_	_	
8-12	1331-1337	vorher	_	_	_	
8-13	1338-1342	eine	_	_	_	
8-14	1343-1351	Zeitlang	_	_	_	
8-15	1352-1354	in	_	_	_	
8-16	1355-1361	Kleyen	_	_	_	
8-17	1362-1369	gelegen	_	_	_	
8-18	1369-1370	,	_	_	_	
8-19	1371-1376	damit	_	_	_	
8-20	1377-1381	ſich	_	_	_	
8-21	1382-1385	die	_	_	_	
8-22	1386-1396	Fettigkeit	_	_	_	
8-23	1397-1403	daraus	_	_	_	
8-24	1404-1409	ziehe	_	_	_	
8-25	1409-1410	.	_	_	_	

#Text=Es wird auch ein Oel
#Text=daraus gemacht, welches eben dazu die-
#Text=net und ſolche Wirckung hat, als wie
#Text=das Mandeloͤl, bevorab, wenn es von
#Text=friſchen Pinien bereitet iſt.
9-1	1411-1413	Es	_	_	_	
9-2	1414-1418	wird	_	_	_	
9-3	1419-1423	auch	_	_	_	
9-4	1424-1427	ein	_	_	_	
9-5	1428-1431	Oel	_	_	_	
9-6	1432-1438	daraus	_	_	_	
9-7	1439-1446	gemacht	_	_	_	
9-8	1446-1447	,	_	_	_	
9-9	1448-1455	welches	_	_	_	
9-10	1456-1460	eben	_	_	_	
9-11	1461-1465	dazu	_	_	_	
9-12	1466-1469	die	_	_	_	
9-13	1469-1470	-	_	_	_	
9-14	1471-1474	net	_	_	_	
9-15	1475-1478	und	_	_	_	
9-16	1479-1485	ſolche	_	_	_	
9-17	1486-1494	Wirckung	_	_	_	
9-18	1495-1498	hat	_	_	_	
9-19	1498-1499	,	_	_	_	
9-20	1500-1503	als	_	_	_	
9-21	1504-1507	wie	_	_	_	
9-22	1508-1511	das	_	_	_	
9-23	1512-1521	Mandeloͤl	_	_	_	
9-24	1521-1522	,	_	_	_	
9-25	1523-1530	bevorab	_	_	_	
9-26	1530-1531	,	_	_	_	
9-27	1532-1536	wenn	_	_	_	
9-28	1537-1539	es	_	_	_	
9-29	1540-1543	von	_	_	_	
9-30	1544-1552	friſchen	_	_	_	
9-31	1553-1559	Pinien	_	_	_	
9-32	1560-1568	bereitet	_	_	_	
9-33	1569-1572	iſt	_	_	_	
9-34	1572-1573	.	_	_	_	

#Text=Sie wer-
#Text=den auch bisweilen den Canarienvoͤgeln
10-1	1574-1577	Sie	_	_	_	
10-2	1578-1581	wer	_	_	_	
10-3	1581-1582	-	_	_	_	
10-4	1583-1586	den	_	_	_	
10-5	1587-1591	auch	_	_	_	
10-6	1592-1601	bisweilen	_	_	_	
10-7	1602-1605	den	_	_	_	
10-8	1606-1621	Canarienvoͤgeln	_	_	_	
