#FORMAT=WebAnno TSV 3.3
#T_SP=custom.Span|label
#T_RL=custom.Relation|label|BT_custom.Span


#Text=Roſen wachſen dermaſſen haͤuffig
#Text=
#Text=um dieſes Staͤdtgen, daß ohnſtreitig der
#Text=Boden daſelbſtherum zu Erbau- und
#Text=Erziehung dieſer Art Roſen uͤberaus
#Text=geſchickt und tuͤchtig ſeyn muß: denn die
#Text=Provinsroſen uͤbertreffen an Guͤte und
#Text=Anmuth alle die andern, ſie moͤgen auch
#Text=herkommen, wo ſie wollen.
1-1	2-7	Roſen	_	_	_	
1-2	8-15	wachſen	_	_	_	
1-3	16-25	dermaſſen	_	_	_	
1-4	26-34	haͤuffig	_	_	_	
1-5	36-38	um	_	_	_	
1-6	39-45	dieſes	_	_	_	
1-7	46-55	Staͤdtgen	_	_	_	
1-8	55-56	,	_	_	_	
1-9	57-60	daß	_	_	_	
1-10	61-72	ohnſtreitig	_	_	_	
1-11	73-76	der	_	_	_	
1-12	77-82	Boden	_	_	_	
1-13	83-96	daſelbſtherum	_	_	_	
1-14	97-99	zu	_	_	_	
1-15	100-105	Erbau	_	_	_	
1-16	105-106	-	_	_	_	
1-17	107-110	und	_	_	_	
1-18	111-120	Erziehung	_	_	_	
1-19	121-127	dieſer	_	_	_	
1-20	128-131	Art	_	_	_	
1-21	132-137	Roſen	_	_	_	
1-22	138-146	uͤberaus	_	_	_	
1-23	147-156	geſchickt	_	_	_	
1-24	157-160	und	_	_	_	
1-25	161-169	tuͤchtig	_	_	_	
1-26	170-174	ſeyn	_	_	_	
1-27	175-178	muß	_	_	_	
1-28	178-179	:	_	_	_	
1-29	180-184	denn	_	_	_	
1-30	185-188	die	_	_	_	
1-31	189-201	Provinsroſen	_	_	_	
1-32	202-214	uͤbertreffen	_	_	_	
1-33	215-217	an	_	_	_	
1-34	218-223	Guͤte	_	_	_	
1-35	224-227	und	_	_	_	
1-36	228-234	Anmuth	_	_	_	
1-37	235-239	alle	_	_	_	
1-38	240-243	die	_	_	_	
1-39	244-250	andern	_	_	_	
1-40	250-251	,	_	_	_	
1-41	252-255	ſie	_	_	_	
1-42	256-262	moͤgen	_	_	_	
1-43	263-267	auch	_	_	_	
1-44	268-277	herkommen	_	_	_	
1-45	277-278	,	_	_	_	
1-46	279-281	wo	_	_	_	
1-47	282-285	ſie	_	_	_	
1-48	286-292	wollen	_	_	_	
1-49	292-293	.	_	_	_	

#Text=Diß aber
#Text=traͤgt ein gutes zu ihrer Vollkommen-
#Text=heit bey, daß die Einwohner deſſelben
#Text=Ortes ſie
#Text=ſo
#Text=gar geſchicklich aufzutrock-
#Text=nen wiſſen, daher ſie auch Geruch und
#Text=Farbe viel laͤnger als die andern be-
#Text=halten.
2-1	294-297	Diß	_	_	_	
2-2	298-302	aber	_	_	_	
2-3	303-309	traͤgt	_	_	_	
2-4	310-313	ein	_	_	_	
2-5	314-319	gutes	_	_	_	
2-6	320-322	zu	_	_	_	
2-7	323-328	ihrer	_	_	_	
2-8	329-339	Vollkommen	_	_	_	
2-9	339-340	-	_	_	_	
2-10	341-345	heit	_	_	_	
2-11	346-349	bey	_	_	_	
2-12	349-350	,	_	_	_	
2-13	351-354	daß	_	_	_	
2-14	355-358	die	_	_	_	
2-15	359-368	Einwohner	_	_	_	
2-16	369-378	deſſelben	_	_	_	
2-17	379-384	Ortes	_	_	_	
2-18	385-388	ſie	_	_	_	
2-19	389-391	ſo	_	_	_	
2-20	392-395	gar	_	_	_	
2-21	396-408	geſchicklich	_	_	_	
2-22	409-419	aufzutrock	_	_	_	
2-23	419-420	-	_	_	_	
2-24	421-424	nen	_	_	_	
2-25	425-431	wiſſen	_	_	_	
2-26	431-432	,	_	_	_	
2-27	433-438	daher	_	_	_	
2-28	439-442	ſie	Smell\_Source	_	_	
2-29	443-447	auch	_	_	_	
2-30	448-454	Geruch	Smell\_Word	_	_	
2-31	455-458	und	_	_	_	
2-32	459-464	Farbe	_	_	_	
2-33	465-469	viel	Time[1]	_	_	
2-34	470-477	laͤnger	Time[1]	_	_	
2-35	478-481	als	_	_	_	
2-36	482-485	die	_	_	_	
2-37	486-492	andern	_	_	_	
2-38	493-495	be	_	_	_	
2-39	495-496	-	_	_	_	
2-40	497-503	halten	_	_	_	
2-41	503-504	.	_	_	_	

#Text=Man bringt uns aber zweyer-
#Text=ley Sorten
#Text=Roſen von Provins, die
#Text=
#Text=wir vermittelſt unterſchiedener Namen
#Text=von einander zu unterſcheiden pflegen,
#Text=denn die ſchoͤnſten nennen wir Roſes de la
#Text=bonne ou grande ſorte, von der guten
#Text=oder feinen Sorte, und die andern de la
#Text=moyenne ſorte, von der mittlern oder ge-
#Text=ringern Art Roſen.
3-1	505-508	Man	_	_	_	
3-2	509-515	bringt	_	_	_	
3-3	516-519	uns	_	_	_	
3-4	520-524	aber	_	_	_	
3-5	525-531	zweyer	_	_	_	
3-6	531-532	-	_	_	_	
3-7	533-536	ley	_	_	_	
3-8	537-543	Sorten	_	_	_	
3-9	544-549	Roſen	_	_	_	
3-10	550-553	von	_	_	_	
3-11	554-561	Provins	_	_	_	
3-12	561-562	,	_	_	_	
3-13	563-566	die	_	_	_	
3-14	568-571	wir	_	_	_	
3-15	572-583	vermittelſt	_	_	_	
3-16	584-599	unterſchiedener	_	_	_	
3-17	600-605	Namen	_	_	_	
3-18	606-609	von	_	_	_	
3-19	610-618	einander	_	_	_	
3-20	619-621	zu	_	_	_	
3-21	622-635	unterſcheiden	_	_	_	
3-22	636-643	pflegen	_	_	_	
3-23	643-644	,	_	_	_	
3-24	645-649	denn	_	_	_	
3-25	650-653	die	_	_	_	
3-26	654-664	ſchoͤnſten	_	_	_	
3-27	665-671	nennen	_	_	_	
3-28	672-675	wir	_	_	_	
3-29	676-681	Roſes	_	_	_	
3-30	682-684	de	_	_	_	
3-31	685-687	la	_	_	_	
3-32	688-693	bonne	_	_	_	
3-33	694-696	ou	_	_	_	
3-34	697-703	grande	_	_	_	
3-35	704-709	ſorte	_	_	_	
3-36	709-710	,	_	_	_	
3-37	711-714	von	_	_	_	
3-38	715-718	der	_	_	_	
3-39	719-724	guten	_	_	_	
3-40	725-729	oder	_	_	_	
3-41	730-736	feinen	_	_	_	
3-42	737-742	Sorte	_	_	_	
3-43	742-743	,	_	_	_	
3-44	744-747	und	_	_	_	
3-45	748-751	die	_	_	_	
3-46	752-758	andern	_	_	_	
3-47	759-761	de	_	_	_	
3-48	762-764	la	_	_	_	
3-49	765-772	moyenne	_	_	_	
3-50	773-778	ſorte	_	_	_	
3-51	778-779	,	_	_	_	
3-52	780-783	von	_	_	_	
3-53	784-787	der	_	_	_	
3-54	788-796	mittlern	_	_	_	
3-55	797-801	oder	_	_	_	
3-56	802-804	ge	_	_	_	
3-57	804-805	-	_	_	_	
3-58	806-813	ringern	_	_	_	
3-59	814-817	Art	_	_	_	
3-60	818-823	Roſen	_	_	_	
3-61	823-824	.	_	_	_	

#Text=Wann dieſe Ro-
#Text=ſen recht vollkommen ſind, muͤſſen ſie
#Text=
#Text=ſchwartzroth, und als wie mit Sammt
#Text=
#Text=bezogen ſehen, wohlriechend, recht tru-
#Text=cken, ohne Steine und kleine Blaͤtter,
#Text=ſo viel nur moͤglich, auch gewiß von Pro-
#Text=vins ſeyn:
#Text=ſie duͤrffen ingleichen nicht
#Text=mit einem oder dem andern Sauern an-
#Text=gefaͤrbet ſeyn, welches leichte daran zu
#Text=mercken, wenn ſie gar zu hellroth ſehen,
#Text=auch die Farbe bald verſchwindet.
4-1	825-829	Wann	_	_	_	
4-2	830-835	dieſe	_	_	_	
4-3	836-838	Ro	Smell\_Source[2]	*	4-11[0_2]	
4-4	838-839	-	Smell\_Source[2]	_	_	
4-5	840-843	ſen	Smell\_Source[2]	_	_	
4-6	844-849	recht	_	_	_	
4-7	850-860	vollkommen	_	_	_	
4-8	861-865	ſind	_	_	_	
4-9	865-866	,	_	_	_	
4-10	867-874	muͤſſen	_	_	_	
4-11	875-878	ſie	Smell\_Source	_	_	
4-12	880-892	ſchwartzroth	_	_	_	
4-13	892-893	,	_	_	_	
4-14	894-897	und	_	_	_	
4-15	898-901	als	_	_	_	
4-16	902-905	wie	_	_	_	
4-17	906-909	mit	_	_	_	
4-18	910-915	Sammt	_	_	_	
4-19	917-924	bezogen	_	_	_	
4-20	925-930	ſehen	_	_	_	
4-21	930-931	,	_	_	_	
4-22	932-944	wohlriechend	Quality	_	_	
4-23	944-945	,	_	_	_	
4-24	946-951	recht	_	_	_	
4-25	952-955	tru	_	_	_	
4-26	955-956	-	_	_	_	
4-27	957-961	cken	_	_	_	
4-28	961-962	,	_	_	_	
4-29	963-967	ohne	_	_	_	
4-30	968-974	Steine	_	_	_	
4-31	975-978	und	_	_	_	
4-32	979-985	kleine	_	_	_	
4-33	986-994	Blaͤtter	_	_	_	
4-34	994-995	,	_	_	_	
4-35	996-998	ſo	_	_	_	
4-36	999-1003	viel	_	_	_	
4-37	1004-1007	nur	_	_	_	
4-38	1008-1016	moͤglich	_	_	_	
4-39	1016-1017	,	_	_	_	
4-40	1018-1022	auch	_	_	_	
4-41	1023-1028	gewiß	_	_	_	
4-42	1029-1032	von	_	_	_	
4-43	1033-1036	Pro	_	_	_	
4-44	1036-1037	-	_	_	_	
4-45	1038-1042	vins	_	_	_	
4-46	1043-1047	ſeyn	_	_	_	
4-47	1047-1048	:	_	_	_	
4-48	1049-1052	ſie	_	_	_	
4-49	1053-1061	duͤrffen	_	_	_	
4-50	1062-1072	ingleichen	_	_	_	
4-51	1073-1078	nicht	_	_	_	
4-52	1079-1082	mit	_	_	_	
4-53	1083-1088	einem	_	_	_	
4-54	1089-1093	oder	_	_	_	
4-55	1094-1097	dem	_	_	_	
4-56	1098-1104	andern	_	_	_	
4-57	1105-1111	Sauern	_	_	_	
4-58	1112-1114	an	_	_	_	
4-59	1114-1115	-	_	_	_	
4-60	1116-1125	gefaͤrbet	_	_	_	
4-61	1126-1130	ſeyn	_	_	_	
4-62	1130-1131	,	_	_	_	
4-63	1132-1139	welches	_	_	_	
4-64	1140-1147	leichte	_	_	_	
4-65	1148-1153	daran	_	_	_	
4-66	1154-1156	zu	_	_	_	
4-67	1157-1164	mercken	_	_	_	
4-68	1164-1165	,	_	_	_	
4-69	1166-1170	wenn	_	_	_	
4-70	1171-1174	ſie	_	_	_	
4-71	1175-1178	gar	_	_	_	
4-72	1179-1181	zu	_	_	_	
4-73	1182-1190	hellroth	_	_	_	
4-74	1191-1196	ſehen	_	_	_	
4-75	1196-1197	,	_	_	_	
4-76	1198-1202	auch	_	_	_	
4-77	1203-1206	die	_	_	_	
4-78	1207-1212	Farbe	_	_	_	
4-79	1213-1217	bald	_	_	_	
4-80	1218-1230	verſchwindet	_	_	_	
4-81	1230-1231	.	_	_	_	

#Text=Wer mit den Provins-Roſen ſtar-
#Text=cken Handel treibet, muß Sorge tragen,
#Text=daß ſie an trucknen und wohlverwahr-
#Text=ten Orten aufbehalten werdẽ, damit kei-
#Text=ne Luft dazu komme;
#Text=ſie muͤſſen auch
#Text=ſtarck zuſam̃en gepꝛeſſet ſeyn, ſodann koͤn-
#Text=nẽ ſie in ſolchem Zuſtande ein oder andeꝛt-
#Text=halb Jahr lang dauren: nach Verflieſ-
#Text=ſung dieſer Zeit verlieren ſie die Farbe
#Text=
#Text=und den Geruch,
#Text=was man fuͤr Vorſicht
#Text=gebrauche, und wachſen Wuͤrme drin-
#Text=ne.
5-1	1235-1238	Wer	_	_	_	
5-2	1239-1242	mit	_	_	_	
5-3	1243-1246	den	_	_	_	
5-4	1247-1260	Provins-Roſen	Smell\_Source	*	5-67	
5-5	1261-1265	ſtar	_	_	_	
5-6	1265-1266	-	_	_	_	
5-7	1267-1271	cken	_	_	_	
5-8	1272-1278	Handel	_	_	_	
5-9	1279-1286	treibet	_	_	_	
5-10	1286-1287	,	_	_	_	
5-11	1288-1291	muß	_	_	_	
5-12	1292-1297	Sorge	_	_	_	
5-13	1298-1304	tragen	_	_	_	
5-14	1304-1305	,	_	_	_	
5-15	1306-1309	daß	_	_	_	
5-16	1310-1313	ſie	_	_	_	
5-17	1314-1316	an	_	_	_	
5-18	1317-1325	trucknen	_	_	_	
5-19	1326-1329	und	_	_	_	
5-20	1330-1341	wohlverwahr	_	_	_	
5-21	1341-1342	-	_	_	_	
5-22	1343-1346	ten	_	_	_	
5-23	1347-1352	Orten	_	_	_	
5-24	1353-1364	aufbehalten	_	_	_	
5-25	1365-1371	werdẽ	_	_	_	
5-26	1371-1372	,	_	_	_	
5-27	1373-1378	damit	_	_	_	
5-28	1379-1382	kei	_	_	_	
5-29	1382-1383	-	_	_	_	
5-30	1384-1386	ne	_	_	_	
5-31	1387-1391	Luft	_	_	_	
5-32	1392-1396	dazu	_	_	_	
5-33	1397-1402	komme	_	_	_	
5-34	1402-1403	;	_	_	_	
5-35	1404-1407	ſie	_	_	_	
5-36	1408-1415	muͤſſen	_	_	_	
5-37	1416-1420	auch	_	_	_	
5-38	1421-1427	ſtarck	_	_	_	
5-39	1428-1436	zuſam̃en	_	_	_	
5-40	1437-1446	gepꝛeſſet	_	_	_	
5-41	1447-1451	ſeyn	_	_	_	
5-42	1451-1452	,	_	_	_	
5-43	1453-1459	ſodann	_	_	_	
5-44	1460-1464	koͤn	_	_	_	
5-45	1464-1465	-	_	_	_	
5-46	1466-1469	nẽ	_	_	_	
5-47	1470-1473	ſie	_	_	_	
5-48	1474-1476	in	_	_	_	
5-49	1477-1484	ſolchem	_	_	_	
5-50	1485-1493	Zuſtande	_	_	_	
5-51	1494-1497	ein	_	_	_	
5-52	1498-1502	oder	_	_	_	
5-53	1503-1509	andeꝛt	_	_	_	
5-54	1509-1510	-	_	_	_	
5-55	1511-1515	halb	_	_	_	
5-56	1516-1520	Jahr	_	_	_	
5-57	1521-1525	lang	_	_	_	
5-58	1526-1532	dauren	_	_	_	
5-59	1532-1533	:	_	_	_	
5-60	1534-1538	nach	_	_	_	
5-61	1539-1547	Verflieſ	_	_	_	
5-62	1547-1548	-	_	_	_	
5-63	1549-1553	ſung	_	_	_	
5-64	1554-1560	dieſer	_	_	_	
5-65	1561-1565	Zeit	_	_	_	
5-66	1566-1575	verlieren	Effect	_	_	
5-67	1576-1579	ſie	Smell\_Source	_	_	
5-68	1580-1583	die	_	_	_	
5-69	1584-1589	Farbe	_	_	_	
5-70	1591-1594	und	_	_	_	
5-71	1595-1598	den	_	_	_	
5-72	1599-1605	Geruch	Smell\_Word	_	_	
5-73	1605-1606	,	_	_	_	
5-74	1607-1610	was	_	_	_	
5-75	1611-1614	man	_	_	_	
5-76	1615-1619	fuͤr	_	_	_	
5-77	1620-1628	Vorſicht	_	_	_	
5-78	1629-1638	gebrauche	_	_	_	
5-79	1638-1639	,	_	_	_	
5-80	1640-1643	und	_	_	_	
5-81	1644-1651	wachſen	_	_	_	
5-82	1652-1658	Wuͤrme	_	_	_	
5-83	1659-1663	drin	_	_	_	
5-84	1663-1664	-	_	_	_	
5-85	1665-1667	ne	_	_	_	
5-86	1667-1668	.	_	_	_	

#Text=Etliche legen alt Eiſen dazu, und
#Text=trachten dadurch zu verhindern, daß die
#Text=Wuͤrme drein gerathen.
6-1	1669-1676	Etliche	_	_	_	
6-2	1677-1682	legen	_	_	_	
6-3	1683-1686	alt	_	_	_	
6-4	1687-1692	Eiſen	_	_	_	
6-5	1693-1697	dazu	_	_	_	
6-6	1697-1698	,	_	_	_	
6-7	1699-1702	und	_	_	_	
6-8	1703-1711	trachten	_	_	_	
6-9	1712-1719	dadurch	_	_	_	
6-10	1720-1722	zu	_	_	_	
6-11	1723-1733	verhindern	_	_	_	
6-12	1733-1734	,	_	_	_	
6-13	1735-1738	daß	_	_	_	
6-14	1739-1742	die	_	_	_	
6-15	1743-1749	Wuͤrme	_	_	_	
6-16	1750-1755	drein	_	_	_	
6-17	1756-1764	gerathen	_	_	_	
6-18	1764-1765	.	_	_	_	

#Text=Die Provinsroſen werden von
#Text=
#Text=maͤnniglich hochgehalten, weil ſie ſehr
#Text=adſtringiren, und zu Staͤrckung der Ner-
#Text=ven und anderer geſchwaͤchter Leibes-
#Text=theile, ſie ſeyen geqvetſchet oder verren-
#Text=cket, ſehr dienlich ſind, wenn man ſie in
#Text=Tropfweine oder mit Weinhefen auf-
#Text=ſieden laſſen.
7-1	1769-1772	Die	_	_	_	
7-2	1773-1785	Provinsroſen	_	_	_	
7-3	1786-1792	werden	_	_	_	
7-4	1793-1796	von	_	_	_	
7-5	1798-1809	maͤnniglich	_	_	_	
7-6	1810-1822	hochgehalten	_	_	_	
7-7	1822-1823	,	_	_	_	
7-8	1824-1828	weil	_	_	_	
7-9	1829-1832	ſie	_	_	_	
7-10	1833-1837	ſehr	_	_	_	
7-11	1838-1850	adſtringiren	_	_	_	
7-12	1850-1851	,	_	_	_	
7-13	1852-1855	und	_	_	_	
7-14	1856-1858	zu	_	_	_	
7-15	1859-1869	Staͤrckung	_	_	_	
7-16	1870-1873	der	_	_	_	
7-17	1874-1877	Ner	_	_	_	
7-18	1877-1878	-	_	_	_	
7-19	1879-1882	ven	_	_	_	
7-20	1883-1886	und	_	_	_	
7-21	1887-1894	anderer	_	_	_	
7-22	1895-1908	geſchwaͤchter	_	_	_	
7-23	1909-1915	Leibes	_	_	_	
7-24	1915-1916	-	_	_	_	
7-25	1917-1923	theile	_	_	_	
7-26	1923-1924	,	_	_	_	
7-27	1925-1928	ſie	_	_	_	
7-28	1929-1934	ſeyen	_	_	_	
7-29	1935-1946	geqvetſchet	_	_	_	
7-30	1947-1951	oder	_	_	_	
7-31	1952-1958	verren	_	_	_	
7-32	1958-1959	-	_	_	_	
7-33	1960-1964	cket	_	_	_	
7-34	1964-1965	,	_	_	_	
7-35	1966-1970	ſehr	_	_	_	
7-36	1971-1979	dienlich	_	_	_	
7-37	1980-1984	ſind	_	_	_	
7-38	1984-1985	,	_	_	_	
7-39	1986-1990	wenn	_	_	_	
7-40	1991-1994	man	_	_	_	
7-41	1995-1998	ſie	_	_	_	
7-42	1999-2001	in	_	_	_	
7-43	2002-2012	Tropfweine	_	_	_	
7-44	2013-2017	oder	_	_	_	
7-45	2018-2021	mit	_	_	_	
7-46	2022-2031	Weinhefen	_	_	_	
7-47	2032-2035	auf	_	_	_	
7-48	2035-2036	-	_	_	_	
7-49	2037-2043	ſieden	_	_	_	
7-50	2044-2050	laſſen	_	_	_	
7-51	2050-2051	.	_	_	_	
