#FORMAT=WebAnno TSV 3.3
#T_SP=custom.Span|label
#T_RL=custom.Relation|label|BT_custom.Span


#Text=Wenn man Aepfel-Zweige auf die mitlern
#Text=
#Text=Stän
#Text=
#Text=\f
#Text=[93/0109]
#Text=Cap.
1-1	1-5	Wenn	_	_	_	
1-2	6-9	man	_	_	_	
1-3	10-23	Aepfel-Zweige	_	_	_	
1-4	24-27	auf	_	_	_	
1-5	28-31	die	_	_	_	
1-6	32-39	mitlern	_	_	_	
1-7	41-45	Stän	_	_	_	
1-8	49-50	[	_	_	_	
1-9	50-52	93	_	_	_	
1-10	52-53	/	_	_	_	
1-11	53-57	0109	_	_	_	
1-12	57-58	]	_	_	_	
1-13	59-62	Cap	_	_	_	
1-14	62-63	.	_	_	_	

#Text=XX.
2-1	64-66	XX	_	_	_	
2-2	66-67	.	_	_	_	

#Text=Von Garten-Jnſtrumenten ꝛc.
3-1	68-71	Von	_	_	_	
3-2	72-91	Garten-Jnſtrumenten	_	_	_	
3-3	92-94	ꝛc	_	_	_	
3-4	94-95	.	_	_	_	

#Text=Staͤm̃e pfropffet/ und dieſelben bekleiben und wach-
#Text=ſen/
#Text=ſo kan man die Frucht um Allerheiligen-Tag
#Text=
#Text=noch auf dem Stam̃ finden/ und dieſe behalten die
#Text=Art und Natur des Qvitten-Baumes/ und halten
#Text=ſich länger als ſonſt.
4-1	99-106	Staͤm̃e	_	_	_	
4-2	107-116	pfropffet	_	_	_	
4-3	116-117	/	_	_	_	
4-4	118-121	und	_	_	_	
4-5	122-131	dieſelben	_	_	_	
4-6	132-141	bekleiben	_	_	_	
4-7	142-145	und	_	_	_	
4-8	146-150	wach	_	_	_	
4-9	150-151	-	_	_	_	
4-10	152-155	ſen	_	_	_	
4-11	155-156	/	_	_	_	
4-12	157-159	ſo	_	_	_	
4-13	160-163	kan	_	_	_	
4-14	164-167	man	_	_	_	
4-15	168-171	die	_	_	_	
4-16	172-178	Frucht	_	_	_	
4-17	179-181	um	_	_	_	
4-18	182-199	Allerheiligen-Tag	_	_	_	
4-19	201-205	noch	_	_	_	
4-20	206-209	auf	_	_	_	
4-21	210-213	dem	_	_	_	
4-22	214-219	Stam̃	_	_	_	
4-23	220-226	finden	_	_	_	
4-24	226-227	/	_	_	_	
4-25	228-231	und	_	_	_	
4-26	232-237	dieſe	_	_	_	
4-27	238-246	behalten	_	_	_	
4-28	247-250	die	_	_	_	
4-29	251-254	Art	_	_	_	
4-30	255-258	und	_	_	_	
4-31	259-264	Natur	_	_	_	
4-32	265-268	des	_	_	_	
4-33	269-283	Qvitten-Baumes	_	_	_	
4-34	283-284	/	_	_	_	
4-35	285-288	und	_	_	_	
4-36	289-295	halten	_	_	_	
4-37	296-300	ſich	_	_	_	
4-38	301-307	länger	_	_	_	
4-39	308-311	als	_	_	_	
4-40	312-317	ſonſt	_	_	_	
4-41	317-318	.	_	_	_	

#Text=Wohlriechende Kirſchen/ daß ſie nicht
#Text=wurmicht werden.
5-1	322-335	Wohlriechende	Quality	_	_	
5-2	336-344	Kirſchen	Smell\_Source	*	5-1	
5-3	344-345	/	_	_	_	
5-4	346-349	daß	_	_	_	
5-5	350-353	ſie	_	_	_	
5-6	354-359	nicht	_	_	_	
5-7	360-368	wurmicht	_	_	_	
5-8	369-375	werden	_	_	_	
5-9	375-376	.	_	_	_	

#Text=Man pfropfft Kirſch-Zweige auf einen Lorbeerſtock/
#Text=
#Text=ſo bekommt der Baum wohlriechende und artige
#Text=Kirſchen.
6-1	379-382	Man	_	_	_	
6-2	383-391	pfropfft	_	_	_	
6-3	392-405	Kirſch-Zweige	_	_	_	
6-4	406-409	auf	_	_	_	
6-5	410-415	einen	_	_	_	
6-6	416-428	Lorbeerſtock	_	_	_	
6-7	428-429	/	_	_	_	
6-8	431-433	ſo	_	_	_	
6-9	434-441	bekommt	_	_	_	
6-10	442-445	der	*[1]|Odour\_Carrier[2]	*	6-15[0_1]	
6-11	446-450	Baum	*[1]	_	_	
6-12	451-464	wohlriechende	Smell\_Word	_	_	
6-13	465-468	und	_	_	_	
6-14	469-475	artige	_	_	_	
6-15	476-484	Kirſchen	Smell\_Source	*	6-12	
6-16	484-485	.	_	_	_	

#Text=Wie man kleine Roſen großwachſend ma-
#Text=chen kan.
7-1	489-492	Wie	_	_	_	
7-2	493-496	man	_	_	_	
7-3	497-503	kleine	_	_	_	
7-4	504-509	Roſen	_	_	_	
7-5	510-522	großwachſend	_	_	_	
7-6	523-525	ma	_	_	_	
7-7	525-526	-	_	_	_	
7-8	527-531	chen	_	_	_	
7-9	532-535	kan	_	_	_	
7-10	535-536	.	_	_	_	

#Text=Man nimmt von den kleinen Damaſcenen-Roͤß-
8-1	538-541	Man	_	_	_	
8-2	542-547	nimmt	_	_	_	
8-3	548-551	von	_	_	_	
8-4	552-555	den	_	_	_	
8-5	556-563	kleinen	_	_	_	
8-6	564-579	Damaſcenen-Roͤß	_	_	_	
8-7	579-580	-	_	_	_	
