#FORMAT=WebAnno TSV 3.3


#Text=3 Et adorabit populus terræ ad ostium portæ illius in sabbatis et in calendis coram Domino.
#Text=4 Holocaustum autem hoc offeret princeps Domino : in die sabbati, sex agnos immaculatos, et arietem immaculatum, 5 et sacrificium ephi per arietem, in agnis autem sacrificium quod dederit manus ejus, et olei hin per singula ephi.
#Text=6 In die autem calendarum vitulum de armento immaculatum, et sex agni et arietes immaculati erunt.
#Text=7 Et ephi per vitulum, ephi quoque per arietem faciet sacrificium : de agnis autem sicut invenerit manus ejus, et olei hin per singula ephi.
#Text=8 Cumque ingressurus est princeps, per viam vestibuli portæ ingrediatur, et per eamdem viam exeat.
#Text=9 Et cum intrabit populus terræ in conspectu Domini in solemnitatibus, qui ingreditur per portam aquilonis ut adoret, egrediatur per viam portæ meridianæ : porro qui ingreditur per viam portæ meridianæ, egrediatur per viam portæ aquilonis.
1-1	2-3	3	
1-2	4-6	Et	
1-3	7-15	adorabit	
1-4	16-23	populus	
1-5	24-29	terræ	
1-6	30-32	ad	
1-7	33-39	ostium	
1-8	40-45	portæ	
1-9	46-52	illius	
1-10	53-55	in	
1-11	56-64	sabbatis	
1-12	65-67	et	
1-13	68-70	in	
1-14	71-79	calendis	
1-15	80-85	coram	
1-16	86-92	Domino	
1-17	92-93	.	
1-18	94-95	4	
1-19	96-107	Holocaustum	
1-20	108-113	autem	
1-21	114-117	hoc	
1-22	118-125	offeret	
1-23	126-134	princeps	
1-24	135-141	Domino	
1-25	142-143	:	
1-26	144-146	in	
1-27	147-150	die	
1-28	151-158	sabbati	
1-29	158-159	,	
1-30	160-163	sex	
1-31	164-169	agnos	
1-32	170-181	immaculatos	
1-33	181-182	,	
1-34	183-185	et	
1-35	186-193	arietem	
1-36	194-205	immaculatum	
1-37	205-206	,	
1-38	207-208	5	
1-39	209-211	et	
1-40	212-223	sacrificium	
1-41	224-228	ephi	
1-42	229-232	per	
1-43	233-240	arietem	
1-44	240-241	,	
1-45	242-244	in	
1-46	245-250	agnis	
1-47	251-256	autem	
1-48	257-268	sacrificium	
1-49	269-273	quod	
1-50	274-281	dederit	
1-51	282-287	manus	
1-52	288-292	ejus	
1-53	292-293	,	
1-54	294-296	et	
1-55	297-301	olei	
1-56	302-305	hin	
1-57	306-309	per	
1-58	310-317	singula	
1-59	318-322	ephi	
1-60	322-323	.	
1-61	324-325	6	
1-62	326-328	In	
1-63	329-332	die	
1-64	333-338	autem	
1-65	339-349	calendarum	
1-66	350-357	vitulum	
1-67	358-360	de	
1-68	361-368	armento	
1-69	369-380	immaculatum	
1-70	380-381	,	
1-71	382-384	et	
1-72	385-388	sex	
1-73	389-393	agni	
1-74	394-396	et	
1-75	397-404	arietes	
1-76	405-415	immaculati	
1-77	416-421	erunt	
1-78	421-422	.	
1-79	423-424	7	
1-80	425-427	Et	
1-81	428-432	ephi	
1-82	433-436	per	
1-83	437-444	vitulum	
1-84	444-445	,	
1-85	446-450	ephi	
1-86	451-457	quoque	
1-87	458-461	per	
1-88	462-469	arietem	
1-89	470-476	faciet	
1-90	477-488	sacrificium	
1-91	489-490	:	
1-92	491-493	de	
1-93	494-499	agnis	
1-94	500-505	autem	
1-95	506-511	sicut	
1-96	512-521	invenerit	
1-97	522-527	manus	
1-98	528-532	ejus	
1-99	532-533	,	
1-100	534-536	et	
1-101	537-541	olei	
1-102	542-545	hin	
1-103	546-549	per	
1-104	550-557	singula	
1-105	558-562	ephi	
1-106	562-563	.	
1-107	564-565	8	
1-108	566-572	Cumque	
1-109	573-584	ingressurus	
1-110	585-588	est	
1-111	589-597	princeps	
1-112	597-598	,	
1-113	599-602	per	
1-114	603-607	viam	
1-115	608-617	vestibuli	
1-116	618-623	portæ	
1-117	624-635	ingrediatur	
1-118	635-636	,	
1-119	637-639	et	
1-120	640-643	per	
1-121	644-650	eamdem	
1-122	651-655	viam	
1-123	656-661	exeat	
1-124	661-662	.	
1-125	663-664	9	
1-126	665-667	Et	
1-127	668-671	cum	
1-128	672-680	intrabit	
1-129	681-688	populus	
1-130	689-694	terræ	
1-131	695-697	in	
1-132	698-707	conspectu	
1-133	708-714	Domini	
1-134	715-717	in	
1-135	718-732	solemnitatibus	
1-136	732-733	,	
1-137	734-737	qui	
1-138	738-748	ingreditur	
1-139	749-752	per	
1-140	753-759	portam	
1-141	760-769	aquilonis	
1-142	770-772	ut	
1-143	773-779	adoret	
1-144	779-780	,	
1-145	781-791	egrediatur	
1-146	792-795	per	
1-147	796-800	viam	
1-148	801-806	portæ	
1-149	807-816	meridianæ	
1-150	817-818	:	
1-151	819-824	porro	
1-152	825-828	qui	
1-153	829-839	ingreditur	
1-154	840-843	per	
1-155	844-848	viam	
1-156	849-854	portæ	
1-157	855-864	meridianæ	
1-158	864-865	,	
1-159	866-876	egrediatur	
1-160	877-880	per	
1-161	881-885	viam	
1-162	886-891	portæ	
1-163	892-901	aquilonis	
1-164	901-902	.	

#Text=Non revertetur per viam portæ per quam ingressus est, sed e regione illius egredietur.
#Text=10 Princeps autem in medio eorum cum ingredientibus ingredietur, et cum egredientibus egredietur.
#Text=11 Et in nundinis, et in solemnitatibus, erit sacrificium ephi per vitulum, et ephi per arietem : agnis autem erit sacrificium sicut invenerit manus ejus, et olei hin per singula ephi.
#Text=12 Cum autem fecerit princeps spontaneum holocaustum, aut pacifica voluntaria Domino, aperietur ei porta quæ respicit ad orientem, et faciet holocaustum suum et pacifica sua, sicut fieri solet in die sabbati : et egredietur, claudeturque porta postquam exierit.
#Text=13 Et agnum ejusdem anni immaculatum faciet holocaustum quotidie Domino : semper mane faciet illud.
#Text=14 Et faciet sacrificium super eo cata mane mane sextam partem ephi, et de oleo tertiam partem hin, ut misceatur similæ : sacrificium Domino legitimum, juge atque perpetuum.
#Text=15 Faciet agnum, et sacrificium, et oleum cata mane mane, holocaustum sempiternum.
#Text=16 Hæc dicit Dominus Deus : Si dederit princeps donum alicui de filiis suis, hæreditas ejus filiorum suorum erit : possidebunt eam hæreditarie.
#Text=17 Si autem dederit legatum de hæreditate sua uni servorum suorum, erit illius usque ad annum remissionis, et revertetur ad principem : hæreditas autem ejus filiis ejus erit.
#Text=18 Et non accipiet princeps de hæreditate populi per violentiam, et de possessione eorum : sed de possessione sua hæreditatem dabit filiis suis, ut non dispergatur populus meus unusquisque a possessione sua.
#Text=19 Et introduxit me per ingressum qui erat ex latere portæ, in gazophylacia sanctuarii ad sacerdotes, quæ respiciebant ad aquilonem : et erat ibi locus vergens ad occidentem.
#Text=20 Et dixit ad me : Iste est locus ubi coquent sacerdotes pro peccato et pro delicto : ubi coquent sacrificium, ut non efferant in atrium exterius, et sanctificetur populus.
#Text=21 Et eduxit me in atrium exterius, et circumduxit me per quatuor angulos atrii : et ecce atriolum erat in angulo atrii, atriola singula per angulos atrii.
#Text=22 In quatuor angulis atrii atriola disposita, quadraginta cubitorum per longum, et triginta per latum : mensuræ unius quatuor erant.
2-1	903-906	Non	
2-2	907-917	revertetur	
2-3	918-921	per	
2-4	922-926	viam	
2-5	927-932	portæ	
2-6	933-936	per	
2-7	937-941	quam	
2-8	942-951	ingressus	
2-9	952-955	est	
2-10	955-956	,	
2-11	957-960	sed	
2-12	961-962	e	
2-13	963-970	regione	
2-14	971-977	illius	
2-15	978-988	egredietur	
2-16	988-989	.	
2-17	990-992	10	
2-18	993-1001	Princeps	
2-19	1002-1007	autem	
2-20	1008-1010	in	
2-21	1011-1016	medio	
2-22	1017-1022	eorum	
2-23	1023-1026	cum	
2-24	1027-1041	ingredientibus	
2-25	1042-1053	ingredietur	
2-26	1053-1054	,	
2-27	1055-1057	et	
2-28	1058-1061	cum	
2-29	1062-1075	egredientibus	
2-30	1076-1086	egredietur	
2-31	1086-1087	.	
2-32	1088-1090	11	
2-33	1091-1093	Et	
2-34	1094-1096	in	
2-35	1097-1105	nundinis	
2-36	1105-1106	,	
2-37	1107-1109	et	
2-38	1110-1112	in	
2-39	1113-1127	solemnitatibus	
2-40	1127-1128	,	
2-41	1129-1133	erit	
2-42	1134-1145	sacrificium	
2-43	1146-1150	ephi	
2-44	1151-1154	per	
2-45	1155-1162	vitulum	
2-46	1162-1163	,	
2-47	1164-1166	et	
2-48	1167-1171	ephi	
2-49	1172-1175	per	
2-50	1176-1183	arietem	
2-51	1184-1185	:	
2-52	1186-1191	agnis	
2-53	1192-1197	autem	
2-54	1198-1202	erit	
2-55	1203-1214	sacrificium	
2-56	1215-1220	sicut	
2-57	1221-1230	invenerit	
2-58	1231-1236	manus	
2-59	1237-1241	ejus	
2-60	1241-1242	,	
2-61	1243-1245	et	
2-62	1246-1250	olei	
2-63	1251-1254	hin	
2-64	1255-1258	per	
2-65	1259-1266	singula	
2-66	1267-1271	ephi	
2-67	1271-1272	.	
2-68	1273-1275	12	
2-69	1276-1279	Cum	
2-70	1280-1285	autem	
2-71	1286-1293	fecerit	
2-72	1294-1302	princeps	
2-73	1303-1313	spontaneum	
2-74	1314-1325	holocaustum	
2-75	1325-1326	,	
2-76	1327-1330	aut	
2-77	1331-1339	pacifica	
2-78	1340-1350	voluntaria	
2-79	1351-1357	Domino	
2-80	1357-1358	,	
2-81	1359-1368	aperietur	
2-82	1369-1371	ei	
2-83	1372-1377	porta	
2-84	1378-1381	quæ	
2-85	1382-1390	respicit	
2-86	1391-1393	ad	
2-87	1394-1402	orientem	
2-88	1402-1403	,	
2-89	1404-1406	et	
2-90	1407-1413	faciet	
2-91	1414-1425	holocaustum	
2-92	1426-1430	suum	
2-93	1431-1433	et	
2-94	1434-1442	pacifica	
2-95	1443-1446	sua	
2-96	1446-1447	,	
2-97	1448-1453	sicut	
2-98	1454-1459	fieri	
2-99	1460-1465	solet	
2-100	1466-1468	in	
2-101	1469-1472	die	
2-102	1473-1480	sabbati	
2-103	1481-1482	:	
2-104	1483-1485	et	
2-105	1486-1496	egredietur	
2-106	1496-1497	,	
2-107	1498-1510	claudeturque	
2-108	1511-1516	porta	
2-109	1517-1525	postquam	
2-110	1526-1533	exierit	
2-111	1533-1534	.	
2-112	1535-1537	13	
2-113	1538-1540	Et	
2-114	1541-1546	agnum	
2-115	1547-1554	ejusdem	
2-116	1555-1559	anni	
2-117	1560-1571	immaculatum	
2-118	1572-1578	faciet	
2-119	1579-1590	holocaustum	
2-120	1591-1599	quotidie	
2-121	1600-1606	Domino	
2-122	1607-1608	:	
2-123	1609-1615	semper	
2-124	1616-1620	mane	
2-125	1621-1627	faciet	
2-126	1628-1633	illud	
2-127	1633-1634	.	
2-128	1635-1637	14	
2-129	1638-1640	Et	
2-130	1641-1647	faciet	
2-131	1648-1659	sacrificium	
2-132	1660-1665	super	
2-133	1666-1668	eo	
2-134	1669-1673	cata	
2-135	1674-1678	mane	
2-136	1679-1683	mane	
2-137	1684-1690	sextam	
2-138	1691-1697	partem	
2-139	1698-1702	ephi	
2-140	1702-1703	,	
2-141	1704-1706	et	
2-142	1707-1709	de	
2-143	1710-1714	oleo	
2-144	1715-1722	tertiam	
2-145	1723-1729	partem	
2-146	1730-1733	hin	
2-147	1733-1734	,	
2-148	1735-1737	ut	
2-149	1738-1747	misceatur	
2-150	1748-1754	similæ	
2-151	1755-1756	:	
2-152	1757-1768	sacrificium	
2-153	1769-1775	Domino	
2-154	1776-1785	legitimum	
2-155	1785-1786	,	
2-156	1787-1791	juge	
2-157	1792-1797	atque	
2-158	1798-1807	perpetuum	
2-159	1807-1808	.	
2-160	1809-1811	15	
2-161	1812-1818	Faciet	
2-162	1819-1824	agnum	
2-163	1824-1825	,	
2-164	1826-1828	et	
2-165	1829-1840	sacrificium	
2-166	1840-1841	,	
2-167	1842-1844	et	
2-168	1845-1850	oleum	
2-169	1851-1855	cata	
2-170	1856-1860	mane	
2-171	1861-1865	mane	
2-172	1865-1866	,	
2-173	1867-1878	holocaustum	
2-174	1879-1890	sempiternum	
2-175	1890-1891	.	
2-176	1892-1894	16	
2-177	1895-1898	Hæc	
2-178	1899-1904	dicit	
2-179	1905-1912	Dominus	
2-180	1913-1917	Deus	
2-181	1918-1919	:	
2-182	1920-1922	Si	
2-183	1923-1930	dederit	
2-184	1931-1939	princeps	
2-185	1940-1945	donum	
2-186	1946-1952	alicui	
2-187	1953-1955	de	
2-188	1956-1962	filiis	
2-189	1963-1967	suis	
2-190	1967-1968	,	
2-191	1969-1978	hæreditas	
2-192	1979-1983	ejus	
2-193	1984-1992	filiorum	
2-194	1993-1999	suorum	
2-195	2000-2004	erit	
2-196	2005-2006	:	
2-197	2007-2018	possidebunt	
2-198	2019-2022	eam	
2-199	2023-2034	hæreditarie	
2-200	2034-2035	.	
2-201	2036-2038	17	
2-202	2039-2041	Si	
2-203	2042-2047	autem	
2-204	2048-2055	dederit	
2-205	2056-2063	legatum	
2-206	2064-2066	de	
2-207	2067-2077	hæreditate	
2-208	2078-2081	sua	
2-209	2082-2085	uni	
2-210	2086-2094	servorum	
2-211	2095-2101	suorum	
2-212	2101-2102	,	
2-213	2103-2107	erit	
2-214	2108-2114	illius	
2-215	2115-2120	usque	
2-216	2121-2123	ad	
2-217	2124-2129	annum	
2-218	2130-2141	remissionis	
2-219	2141-2142	,	
2-220	2143-2145	et	
2-221	2146-2156	revertetur	
2-222	2157-2159	ad	
2-223	2160-2169	principem	
2-224	2170-2171	:	
2-225	2172-2181	hæreditas	
2-226	2182-2187	autem	
2-227	2188-2192	ejus	
2-228	2193-2199	filiis	
2-229	2200-2204	ejus	
2-230	2205-2209	erit	
2-231	2209-2210	.	
2-232	2211-2213	18	
2-233	2214-2216	Et	
2-234	2217-2220	non	
2-235	2221-2229	accipiet	
2-236	2230-2238	princeps	
2-237	2239-2241	de	
2-238	2242-2252	hæreditate	
2-239	2253-2259	populi	
2-240	2260-2263	per	
2-241	2264-2274	violentiam	
2-242	2274-2275	,	
2-243	2276-2278	et	
2-244	2279-2281	de	
2-245	2282-2293	possessione	
2-246	2294-2299	eorum	
2-247	2300-2301	:	
2-248	2302-2305	sed	
2-249	2306-2308	de	
2-250	2309-2320	possessione	
2-251	2321-2324	sua	
2-252	2325-2336	hæreditatem	
2-253	2337-2342	dabit	
2-254	2343-2349	filiis	
2-255	2350-2354	suis	
2-256	2354-2355	,	
2-257	2356-2358	ut	
2-258	2359-2362	non	
2-259	2363-2374	dispergatur	
2-260	2375-2382	populus	
2-261	2383-2387	meus	
2-262	2388-2399	unusquisque	
2-263	2400-2401	a	
2-264	2402-2413	possessione	
2-265	2414-2417	sua	
2-266	2417-2418	.	
2-267	2419-2421	19	
2-268	2422-2424	Et	
2-269	2425-2435	introduxit	
2-270	2436-2438	me	
2-271	2439-2442	per	
2-272	2443-2452	ingressum	
2-273	2453-2456	qui	
2-274	2457-2461	erat	
2-275	2462-2464	ex	
2-276	2465-2471	latere	
2-277	2472-2477	portæ	
2-278	2477-2478	,	
2-279	2479-2481	in	
2-280	2482-2494	gazophylacia	
2-281	2495-2505	sanctuarii	
2-282	2506-2508	ad	
2-283	2509-2519	sacerdotes	
2-284	2519-2520	,	
2-285	2521-2524	quæ	
2-286	2525-2537	respiciebant	
2-287	2538-2540	ad	
2-288	2541-2550	aquilonem	
2-289	2551-2552	:	
2-290	2553-2555	et	
2-291	2556-2560	erat	
2-292	2561-2564	ibi	
2-293	2565-2570	locus	
2-294	2571-2578	vergens	
2-295	2579-2581	ad	
2-296	2582-2592	occidentem	
2-297	2592-2593	.	
2-298	2594-2596	20	
2-299	2597-2599	Et	
2-300	2600-2605	dixit	
2-301	2606-2608	ad	
2-302	2609-2611	me	
2-303	2612-2613	:	
2-304	2614-2618	Iste	
2-305	2619-2622	est	
2-306	2623-2628	locus	
2-307	2629-2632	ubi	
2-308	2633-2640	coquent	
2-309	2641-2651	sacerdotes	
2-310	2652-2655	pro	
2-311	2656-2663	peccato	
2-312	2664-2666	et	
2-313	2667-2670	pro	
2-314	2671-2678	delicto	
2-315	2679-2680	:	
2-316	2681-2684	ubi	
2-317	2685-2692	coquent	
2-318	2693-2704	sacrificium	
2-319	2704-2705	,	
2-320	2706-2708	ut	
2-321	2709-2712	non	
2-322	2713-2721	efferant	
2-323	2722-2724	in	
2-324	2725-2731	atrium	
2-325	2732-2740	exterius	
2-326	2740-2741	,	
2-327	2742-2744	et	
2-328	2745-2758	sanctificetur	
2-329	2759-2766	populus	
2-330	2766-2767	.	
2-331	2768-2770	21	
2-332	2771-2773	Et	
2-333	2774-2780	eduxit	
2-334	2781-2783	me	
2-335	2784-2786	in	
2-336	2787-2793	atrium	
2-337	2794-2802	exterius	
2-338	2802-2803	,	
2-339	2804-2806	et	
2-340	2807-2818	circumduxit	
2-341	2819-2821	me	
2-342	2822-2825	per	
2-343	2826-2833	quatuor	
2-344	2834-2841	angulos	
2-345	2842-2847	atrii	
2-346	2848-2849	:	
2-347	2850-2852	et	
2-348	2853-2857	ecce	
2-349	2858-2866	atriolum	
2-350	2867-2871	erat	
2-351	2872-2874	in	
2-352	2875-2881	angulo	
2-353	2882-2887	atrii	
2-354	2887-2888	,	
2-355	2889-2896	atriola	
2-356	2897-2904	singula	
2-357	2905-2908	per	
2-358	2909-2916	angulos	
2-359	2917-2922	atrii	
2-360	2922-2923	.	
2-361	2924-2926	22	
2-362	2927-2929	In	
2-363	2930-2937	quatuor	
2-364	2938-2945	angulis	
2-365	2946-2951	atrii	
2-366	2952-2959	atriola	
2-367	2960-2969	disposita	
2-368	2969-2970	,	
2-369	2971-2982	quadraginta	
2-370	2983-2992	cubitorum	
2-371	2993-2996	per	
2-372	2997-3003	longum	
2-373	3003-3004	,	
2-374	3005-3007	et	
2-375	3008-3016	triginta	
2-376	3017-3020	per	
2-377	3021-3026	latum	
2-378	3027-3028	:	
2-379	3029-3036	mensuræ	
2-380	3037-3042	unius	
2-381	3043-3050	quatuor	
2-382	3051-3056	erant	
2-383	3056-3057	.	
