#FORMAT=WebAnno TSV 3.3
#T_SP=custom.Span|label
#T_RL=custom.Relation|label|BT_custom.Span


#Text=Wat vintmen doch zeltsamers dan recht
#Text=dueghdlycke menschen?
1-1	2-5	Wat	_	_	_	
1-2	6-13	vintmen	_	_	_	
1-3	14-18	doch	_	_	_	
1-4	19-29	zeltsamers	_	_	_	
1-5	30-33	dan	_	_	_	
1-6	34-39	recht	_	_	_	
1-7	40-51	dueghdlycke	_	_	_	
1-8	52-60	menschen	_	_	_	
1-9	60-61	?	_	_	_	

#Text=Dezer luyder vriendschappe en spruyt niet uyt ontfanghen
#Text=weldaden, maar huer weldoen komt uyte milde vriendschappe.
2-1	62-67	Dezer	_	_	_	
2-2	68-74	luyder	_	_	_	
2-3	75-88	vriendschappe	_	_	_	
2-4	89-91	en	_	_	_	
2-5	92-98	spruyt	_	_	_	
2-6	99-103	niet	_	_	_	
2-7	104-107	uyt	_	_	_	
2-8	108-118	ontfanghen	_	_	_	
2-9	119-127	weldaden	_	_	_	
2-10	127-128	,	_	_	_	
2-11	129-133	maar	_	_	_	
2-12	134-138	huer	_	_	_	
2-13	139-146	weldoen	_	_	_	
2-14	147-151	komt	_	_	_	
2-15	152-156	uyte	_	_	_	
2-16	157-162	milde	_	_	_	
2-17	163-176	vriendschappe	_	_	_	
2-18	176-177	.	_	_	_	

#Text=Des vriends lust is
#Text=zich vanden vriend te laten ghenieten, niet vanden vriend iet te ghenieten.
#Text=
#Text=28
#Text=28.
3-1	178-181	Des	_	_	_	
3-2	182-189	vriends	_	_	_	
3-3	190-194	lust	_	_	_	
3-4	195-197	is	_	_	_	
3-5	198-202	zich	_	_	_	
3-6	203-209	vanden	_	_	_	
3-7	210-216	vriend	_	_	_	
3-8	217-219	te	_	_	_	
3-9	220-225	laten	_	_	_	
3-10	226-235	ghenieten	_	_	_	
3-11	235-236	,	_	_	_	
3-12	237-241	niet	_	_	_	
3-13	242-248	vanden	_	_	_	
3-14	249-255	vriend	_	_	_	
3-15	256-259	iet	_	_	_	
3-16	260-262	te	_	_	_	
3-17	263-272	ghenieten	_	_	_	
3-18	272-273	.	_	_	_	
3-19	275-277	28	_	_	_	
3-20	278-280	28	_	_	_	
3-21	280-281	.	_	_	_	

#Text=Hier door komet dat de verstandighe int verkiezen eens vriends niet en ziet
#Text=op des vriends ryckdomme, maar op zyn dueghde.
4-1	282-286	Hier	_	_	_	
4-2	287-291	door	_	_	_	
4-3	292-297	komet	_	_	_	
4-4	298-301	dat	_	_	_	
4-5	302-304	de	_	_	_	
4-6	305-317	verstandighe	_	_	_	
4-7	318-321	int	_	_	_	
4-8	322-331	verkiezen	_	_	_	
4-9	332-336	eens	_	_	_	
4-10	337-344	vriends	_	_	_	
4-11	345-349	niet	_	_	_	
4-12	350-352	en	_	_	_	
4-13	353-357	ziet	_	_	_	
4-14	358-360	op	_	_	_	
4-15	361-364	des	_	_	_	
4-16	365-372	vriends	_	_	_	
4-17	373-382	ryckdomme	_	_	_	
4-18	382-383	,	_	_	_	
4-19	384-388	maar	_	_	_	
4-20	389-391	op	_	_	_	
4-21	392-395	zyn	_	_	_	
4-22	396-403	dueghde	_	_	_	
4-23	403-404	.	_	_	_	

#Text=Zo ziet een verstandigh paerde
#Text=koper niet opter paerden chierlyck ghereyd of behanxsele, maar opter paerden
#Text=stercke snelheyd.
5-1	405-407	Zo	_	_	_	
5-2	408-412	ziet	_	_	_	
5-3	413-416	een	_	_	_	
5-4	417-428	verstandigh	_	_	_	
5-5	429-435	paerde	_	_	_	
5-6	436-441	koper	_	_	_	
5-7	442-446	niet	_	_	_	
5-8	447-452	opter	_	_	_	
5-9	453-460	paerden	_	_	_	
5-10	461-470	chierlyck	_	_	_	
5-11	471-478	ghereyd	_	_	_	
5-12	479-481	of	_	_	_	
5-13	482-492	behanxsele	_	_	_	
5-14	492-493	,	_	_	_	
5-15	494-498	maar	_	_	_	
5-16	499-504	opter	_	_	_	
5-17	505-512	paerden	_	_	_	
5-18	513-520	stercke	_	_	_	
5-19	521-529	snelheyd	_	_	_	
5-20	529-530	.	_	_	_	

#Text=Dus ghaat byden vroeden int annemen der vrienden die liefde
#Text=niet voor 't oordeel, maar zy volght dat
6-1	531-534	Dus	_	_	_	
6-2	535-540	ghaat	_	_	_	
6-3	541-546	byden	_	_	_	
6-4	547-554	vroeden	_	_	_	
6-5	555-558	int	_	_	_	
6-6	559-566	annemen	_	_	_	
6-7	567-570	der	_	_	_	
6-8	571-579	vrienden	_	_	_	
6-9	580-583	die	_	_	_	
6-10	584-590	liefde	_	_	_	
6-11	591-595	niet	_	_	_	
6-12	596-600	voor	_	_	_	
6-13	601-602	'	_	_	_	
6-14	602-603	t	_	_	_	
6-15	604-611	oordeel	_	_	_	
6-16	611-612	,	_	_	_	
6-17	613-617	maar	_	_	_	
6-18	618-620	zy	_	_	_	
6-19	621-627	volght	_	_	_	
6-20	628-631	dat	_	_	_	

#Text=.
7-1	631-632	.	_	_	_	

#Text=§29
#Text=29.
8-1	634-635	§	_	_	_	
8-2	635-637	29	_	_	_	
8-3	638-640	29	_	_	_	
8-4	640-641	.	_	_	_	

#Text=Dit wast dat een oude prees, maar het jeghendeel ernstlyck lachterde inde
#Text=zeden der menschen.
9-1	642-645	Dit	_	_	_	
9-2	646-650	wast	_	_	_	
9-3	651-654	dat	_	_	_	
9-4	655-658	een	_	_	_	
9-5	659-663	oude	_	_	_	
9-6	664-669	prees	_	_	_	
9-7	669-670	,	_	_	_	
9-8	671-675	maar	_	_	_	
9-9	676-679	het	_	_	_	
9-10	680-690	jeghendeel	_	_	_	
9-11	691-700	ernstlyck	_	_	_	
9-12	701-710	lachterde	_	_	_	
9-13	711-715	inde	_	_	_	
9-14	716-721	zeden	_	_	_	
9-15	722-725	der	_	_	_	
9-16	726-734	menschen	_	_	_	
9-17	734-735	.	_	_	_	

#Text=Die en kopen, zeyde hy, gheen vat om eenigh dierbaar nat
#Text=in te doen, zy en riecken eerst oft oock een quade lucht heeft ende verzoecken met
#Text=inneghietinghe van water oft oock dicht is.
10-1	736-739	Die	_	_	_	
10-2	740-742	en	_	_	_	
10-3	743-748	kopen	_	_	_	
10-4	748-749	,	_	_	_	
10-5	750-755	zeyde	_	_	_	
10-6	756-758	hy	_	_	_	
10-7	758-759	,	_	_	_	
10-8	760-765	gheen	_	_	_	
10-9	766-769	vat	_	_	_	
10-10	770-772	om	_	_	_	
10-11	773-779	eenigh	_	_	_	
10-12	780-788	dierbaar	_	_	_	
10-13	789-792	nat	_	_	_	
10-14	793-795	in	_	_	_	
10-15	796-798	te	_	_	_	
10-16	799-803	doen	_	_	_	
10-17	803-804	,	_	_	_	
10-18	805-807	zy	Perceiver	_	_	
10-19	808-810	en	_	_	_	
10-20	811-818	riecken	Smell\_Word	*	10-18	
10-21	819-824	eerst	_	_	_	
10-22	825-828	oft	_	_	_	
10-23	829-833	oock	_	_	_	
10-24	834-837	een	_	_	_	
10-25	838-843	quade	_	_	_	
10-26	844-849	lucht	_	_	_	
10-27	850-855	heeft	_	_	_	
10-28	856-860	ende	_	_	_	
10-29	861-871	verzoecken	_	_	_	
10-30	872-875	met	_	_	_	
10-31	876-890	inneghietinghe	_	_	_	
10-32	891-894	van	_	_	_	
10-33	895-900	water	_	_	_	
10-34	901-904	oft	_	_	_	
10-35	905-909	oock	_	_	_	
10-36	910-915	dicht	_	_	_	
10-37	916-918	is	_	_	_	
10-38	918-919	.	_	_	_	

#Text=Ist dan niet een grote dwaasheyd dat zy
#Text=tot vrienden annemen luyden, zonder eerst te weten of huere zeden oock stincken
#Text=ende of huere monden oock dicht zyn om een verholen nood, diemen huer betrout,
#Text=in stilheyd te bewaren?
11-1	920-923	Ist	_	_	_	
11-2	924-927	dan	_	_	_	
11-3	928-932	niet	_	_	_	
11-4	933-936	een	_	_	_	
11-5	937-942	grote	_	_	_	
11-6	943-952	dwaasheyd	_	_	_	
11-7	953-956	dat	_	_	_	
11-8	957-959	zy	_	_	_	
11-9	960-963	tot	_	_	_	
11-10	964-972	vrienden	_	_	_	
11-11	973-980	annemen	_	_	_	
11-12	981-987	luyden	_	_	_	
11-13	987-988	,	_	_	_	
11-14	989-995	zonder	_	_	_	
11-15	996-1001	eerst	_	_	_	
11-16	1002-1004	te	_	_	_	
11-17	1005-1010	weten	_	_	_	
11-18	1011-1013	of	_	_	_	
11-19	1014-1019	huere	_	_	_	
11-20	1020-1025	zeden	_	_	_	
11-21	1026-1030	oock	_	_	_	
11-22	1031-1039	stincken	_	_	_	
11-23	1040-1044	ende	_	_	_	
11-24	1045-1047	of	_	_	_	
11-25	1048-1053	huere	_	_	_	
11-26	1054-1060	monden	_	_	_	
11-27	1061-1065	oock	_	_	_	
11-28	1066-1071	dicht	_	_	_	
11-29	1072-1075	zyn	_	_	_	
11-30	1076-1078	om	_	_	_	
11-31	1079-1082	een	_	_	_	
11-32	1083-1091	verholen	_	_	_	
11-33	1092-1096	nood	_	_	_	
11-34	1096-1097	,	_	_	_	
11-35	1098-1104	diemen	_	_	_	
11-36	1105-1109	huer	_	_	_	
11-37	1110-1117	betrout	_	_	_	
11-38	1117-1118	,	_	_	_	
11-39	1119-1121	in	_	_	_	
11-40	1122-1130	stilheyd	_	_	_	
11-41	1131-1133	te	_	_	_	
11-42	1134-1141	bewaren	_	_	_	
11-43	1141-1142	?	_	_	_	

#Text=30
#Text=30.
12-1	1144-1146	30	_	_	_	
12-2	1147-1149	30	_	_	_	
12-3	1149-1150	.	_	_	_	

#Text=Het is immers een vande voorneemste vruchten der vriendschappen dat
#Text=vriend tot vriend zyn herte zo naackt magh uytspreken
#Text=,
#Text=
#Text=27
#Text=
#Text=
#Text=28
#Text=
#Text=§29
#Text=
#Text=30
#Text=
#Text=
#Text=Zeer zeltsaam ...
#Text=menschen vgl.
13-1	1151-1154	Het	_	_	_	
13-2	1155-1157	is	_	_	_	
13-3	1158-1164	immers	_	_	_	
13-4	1165-1168	een	_	_	_	
13-5	1169-1174	vande	_	_	_	
13-6	1175-1186	voorneemste	_	_	_	
13-7	1187-1195	vruchten	_	_	_	
13-8	1196-1199	der	_	_	_	
13-9	1200-1214	vriendschappen	_	_	_	
13-10	1215-1218	dat	_	_	_	
13-11	1219-1225	vriend	_	_	_	
13-12	1226-1229	tot	_	_	_	
13-13	1230-1236	vriend	_	_	_	
13-14	1237-1240	zyn	_	_	_	
13-15	1241-1246	herte	_	_	_	
13-16	1247-1249	zo	_	_	_	
13-17	1250-1256	naackt	_	_	_	
13-18	1257-1261	magh	_	_	_	
13-19	1262-1272	uytspreken	_	_	_	
13-20	1273-1274	,	_	_	_	
13-21	1276-1278	27	_	_	_	
13-22	1281-1283	28	_	_	_	
13-23	1285-1286	§	_	_	_	
13-24	1286-1288	29	_	_	_	
13-25	1290-1292	30	_	_	_	
13-26	1295-1299	Zeer	_	_	_	
13-27	1300-1308	zeltsaam	_	_	_	
13-28	1309-1310	.	_	_	_	
13-29	1310-1311	.	_	_	_	
13-30	1311-1312	.	_	_	_	
13-31	1313-1321	menschen	_	_	_	
13-32	1322-1325	vgl	_	_	_	
13-33	1325-1326	.	_	_	_	

#Text=Aristot.
14-1	1327-1334	Aristot	_	_	_	
14-2	1334-1335	.	_	_	_	

#Text=Eth.
15-1	1336-1339	Eth	_	_	_	
15-2	1339-1340	.	_	_	_	

#Text=Nicom.
16-1	1341-1346	Nicom	_	_	_	
16-2	1346-1347	.	_	_	_	

#Text=VIII.
17-1	1348-1352	VIII	_	_	_	
17-2	1352-1353	.	_	_	_	
