#FORMAT=WebAnno TSV 3.3
#T_SP=custom.Span|label
#T_RL=custom.Relation|label|BT_custom.Span


#Text=det ſich an unterſchiedlichen Orten in
#Text=dem groſſen Weltmeere, z.
1-1	0-3	det	_	_	_	
1-2	4-8	ſich	_	_	_	
1-3	9-11	an	_	_	_	
1-4	12-29	unterſchiedlichen	_	_	_	
1-5	30-35	Orten	_	_	_	
1-6	36-38	in	_	_	_	
1-7	39-42	dem	_	_	_	
1-8	43-50	groſſen	_	_	_	
1-9	51-60	Weltmeere	_	_	_	
1-10	60-61	,	_	_	_	
1-11	62-63	z	_	_	_	
1-12	63-64	.	_	_	_	

#Text=E. an den
#Text=Kuͤſten von Moſcau und Rußland,
#Text=
#Text=hauptſaͤchlich aber in den Fluͤſſen des
#Text=Jndianiſchen Meeres.
2-1	65-66	E	_	_	_	
2-2	66-67	.	_	_	_	
2-3	68-70	an	_	_	_	
2-4	71-74	den	_	_	_	
2-5	75-82	Kuͤſten	_	_	_	
2-6	83-86	von	_	_	_	
2-7	87-93	Moſcau	_	_	_	
2-8	94-97	und	_	_	_	
2-9	98-105	Rußland	_	_	_	
2-10	105-106	,	_	_	_	
2-11	108-122	hauptſaͤchlich	_	_	_	
2-12	123-127	aber	_	_	_	
2-13	128-130	in	_	_	_	
2-14	131-134	den	_	_	_	
2-15	135-143	Fluͤſſen	_	_	_	
2-16	144-147	des	_	_	_	
2-17	148-160	Jndianiſchen	_	_	_	
2-18	161-167	Meeres	_	_	_	
2-19	167-168	.	_	_	_	

#Text=Dieſer graue
#Text=Ambra iſt dunckel, von lieblich und ſuͤß-
#Text=lichten Geruch, und zerſchmiltzet leicht-
#Text=lich auch von geringer Waͤrme: er hat,
#Text=ohne einige ſonderliche Zurichtung, ſo
#Text=wie er aus der See genommen, ſo herr-
#Text=liche Kraft und Wirckung, daß er das
#Text=Hertze ſtaͤrcket, desgleichen Kopf und
#Text=Magen, nicht weniger die Lebensgei-
#Text=ſter erfriſchet, und ſelbſt den Samen
#Text=
#Text=kraͤftiger und fruchtbar macht.
3-1	169-175	Dieſer	Smell\_Source[1]	_	_	
3-2	176-181	graue	Smell\_Source[1]	_	_	
3-3	182-187	Ambra	Smell\_Source[1]	_	_	
3-4	188-191	iſt	_	_	_	
3-5	192-199	dunckel	_	_	_	
3-6	199-200	,	_	_	_	
3-7	201-204	von	_	_	_	
3-8	205-213	lieblich	Quality	_	_	
3-9	214-217	und	_	_	_	
3-10	218-222	ſuͤß	Quality[2]	_	_	
3-11	222-223	-	Quality[2]	_	_	
3-12	224-231	lichten	Quality[2]	_	_	
3-13	232-238	Geruch	Smell\_Word	*|*|*	3-8|3-10[2_0]|3-1[1_0]	
3-14	238-239	,	_	_	_	
3-15	240-243	und	_	_	_	
3-16	244-257	zerſchmiltzet	_	_	_	
3-17	258-264	leicht	_	_	_	
3-18	264-265	-	_	_	_	
3-19	266-270	lich	_	_	_	
3-20	271-275	auch	_	_	_	
3-21	276-279	von	_	_	_	
3-22	280-288	geringer	_	_	_	
3-23	289-295	Waͤrme	_	_	_	
3-24	295-296	:	_	_	_	
3-25	297-299	er	_	_	_	
3-26	300-303	hat	_	_	_	
3-27	303-304	,	_	_	_	
3-28	305-309	ohne	_	_	_	
3-29	310-316	einige	_	_	_	
3-30	317-328	ſonderliche	_	_	_	
3-31	329-339	Zurichtung	_	_	_	
3-32	339-340	,	_	_	_	
3-33	341-343	ſo	_	_	_	
3-34	344-347	wie	_	_	_	
3-35	348-350	er	_	_	_	
3-36	351-354	aus	_	_	_	
3-37	355-358	der	_	_	_	
3-38	359-362	See	_	_	_	
3-39	363-371	genommen	_	_	_	
3-40	371-372	,	_	_	_	
3-41	373-375	ſo	_	_	_	
3-42	376-380	herr	_	_	_	
3-43	380-381	-	_	_	_	
3-44	382-387	liche	_	_	_	
3-45	388-393	Kraft	_	_	_	
3-46	394-397	und	_	_	_	
3-47	398-406	Wirckung	_	_	_	
3-48	406-407	,	_	_	_	
3-49	408-411	daß	_	_	_	
3-50	412-414	er	_	_	_	
3-51	415-418	das	_	_	_	
3-52	419-425	Hertze	_	_	_	
3-53	426-435	ſtaͤrcket	_	_	_	
3-54	435-436	,	_	_	_	
3-55	437-448	desgleichen	_	_	_	
3-56	449-453	Kopf	_	_	_	
3-57	454-457	und	_	_	_	
3-58	458-463	Magen	_	_	_	
3-59	463-464	,	_	_	_	
3-60	465-470	nicht	_	_	_	
3-61	471-478	weniger	_	_	_	
3-62	479-482	die	_	_	_	
3-63	483-492	Lebensgei	_	_	_	
3-64	492-493	-	_	_	_	
3-65	494-498	ſter	_	_	_	
3-66	499-509	erfriſchet	_	_	_	
3-67	509-510	,	_	_	_	
3-68	511-514	und	_	_	_	
3-69	515-521	ſelbſt	_	_	_	
3-70	522-525	den	_	_	_	
3-71	526-531	Samen	_	_	_	
3-72	533-543	kraͤftiger	_	_	_	
3-73	544-547	und	_	_	_	
3-74	548-557	fruchtbar	_	_	_	
3-75	558-563	macht	_	_	_	
3-76	563-564	.	_	_	_	

#Text=Keine beſſere und vernuͤnftigere Mei-
#Text=nung finde ich nicht, als diejenige, welche
#Text=gewiß beſtaͤtiget, der Ambergris ſey
#Text=
#Text=nichts anders, als ein zuſammengeſetz-
#Text=tes Weſen aus Wachs und Honig, ſo
#Text=von den Bienen auf den Baͤumen zu-
#Text=ſammen getragen wird, deren die Moſ-
#Text=cowitiſchen Kuͤſten voll ſind, oder aber
#Text=in den Felsloͤchern am Ufer des indiani-
#Text=ſchen Meers, und dieſe Materie werde
#Text=von der Sonne gekocht, nicht aber voͤllig
#Text=
#Text=ausgearbeitet, und ſodann entweder
#Text=durch ſtarcke Winde, oder vom hohen
#Text=Waſſer, oder wegen eigenen ſtarcken
#Text=Gewichtes abgeloͤſet, und falle in das
#Text=Meer, allwo ſie endlich ihre gaͤntzliche
#Text=
#Text=Vollkommenheit erhalte, zum Theil
#Text=durch die Wellen des Meers, zum Theil
#Text=
#Text=durch den darinne befindlichen Saltzſpi-
#Text=ritum.
4-1	568-573	Keine	_	_	_	
4-2	574-581	beſſere	_	_	_	
4-3	582-585	und	_	_	_	
4-4	586-600	vernuͤnftigere	_	_	_	
4-5	601-604	Mei	_	_	_	
4-6	604-605	-	_	_	_	
4-7	606-610	nung	_	_	_	
4-8	611-616	finde	_	_	_	
4-9	617-620	ich	_	_	_	
4-10	621-626	nicht	_	_	_	
4-11	626-627	,	_	_	_	
4-12	628-631	als	_	_	_	
4-13	632-641	diejenige	_	_	_	
4-14	641-642	,	_	_	_	
4-15	643-649	welche	_	_	_	
4-16	650-655	gewiß	_	_	_	
4-17	656-667	beſtaͤtiget	_	_	_	
4-18	667-668	,	_	_	_	
4-19	669-672	der	_	_	_	
4-20	673-682	Ambergris	_	_	_	
4-21	683-686	ſey	_	_	_	
4-22	688-694	nichts	_	_	_	
4-23	695-701	anders	_	_	_	
4-24	701-702	,	_	_	_	
4-25	703-706	als	_	_	_	
4-26	707-710	ein	_	_	_	
4-27	711-725	zuſammengeſetz	_	_	_	
4-28	725-726	-	_	_	_	
4-29	727-730	tes	_	_	_	
4-30	731-736	Weſen	_	_	_	
4-31	737-740	aus	_	_	_	
4-32	741-746	Wachs	_	_	_	
4-33	747-750	und	_	_	_	
4-34	751-756	Honig	_	_	_	
4-35	756-757	,	_	_	_	
4-36	758-760	ſo	_	_	_	
4-37	761-764	von	_	_	_	
4-38	765-768	den	_	_	_	
4-39	769-775	Bienen	_	_	_	
4-40	776-779	auf	_	_	_	
4-41	780-783	den	_	_	_	
4-42	784-791	Baͤumen	_	_	_	
4-43	792-794	zu	_	_	_	
4-44	794-795	-	_	_	_	
4-45	796-802	ſammen	_	_	_	
4-46	803-811	getragen	_	_	_	
4-47	812-816	wird	_	_	_	
4-48	816-817	,	_	_	_	
4-49	818-823	deren	_	_	_	
4-50	824-827	die	_	_	_	
4-51	828-831	Moſ	_	_	_	
4-52	831-832	-	_	_	_	
4-53	833-844	cowitiſchen	_	_	_	
4-54	845-852	Kuͤſten	_	_	_	
4-55	853-857	voll	_	_	_	
4-56	858-862	ſind	_	_	_	
4-57	862-863	,	_	_	_	
4-58	864-868	oder	_	_	_	
4-59	869-873	aber	_	_	_	
4-60	874-876	in	_	_	_	
4-61	877-880	den	_	_	_	
4-62	881-893	Felsloͤchern	_	_	_	
4-63	894-896	am	_	_	_	
4-64	897-901	Ufer	_	_	_	
4-65	902-905	des	_	_	_	
4-66	906-913	indiani	_	_	_	
4-67	913-914	-	_	_	_	
4-68	915-920	ſchen	_	_	_	
4-69	921-926	Meers	_	_	_	
4-70	926-927	,	_	_	_	
4-71	928-931	und	_	_	_	
4-72	932-937	dieſe	_	_	_	
4-73	938-945	Materie	_	_	_	
4-74	946-951	werde	_	_	_	
4-75	952-955	von	_	_	_	
4-76	956-959	der	_	_	_	
4-77	960-965	Sonne	_	_	_	
4-78	966-973	gekocht	_	_	_	
4-79	973-974	,	_	_	_	
4-80	975-980	nicht	_	_	_	
4-81	981-985	aber	_	_	_	
4-82	986-993	voͤllig	_	_	_	
4-83	995-1008	ausgearbeitet	_	_	_	
4-84	1008-1009	,	_	_	_	
4-85	1010-1013	und	_	_	_	
4-86	1014-1020	ſodann	_	_	_	
4-87	1021-1029	entweder	_	_	_	
4-88	1030-1035	durch	_	_	_	
4-89	1036-1043	ſtarcke	_	_	_	
4-90	1044-1049	Winde	_	_	_	
4-91	1049-1050	,	_	_	_	
4-92	1051-1055	oder	_	_	_	
4-93	1056-1059	vom	_	_	_	
4-94	1060-1065	hohen	_	_	_	
4-95	1066-1072	Waſſer	_	_	_	
4-96	1072-1073	,	_	_	_	
4-97	1074-1078	oder	_	_	_	
4-98	1079-1084	wegen	_	_	_	
4-99	1085-1092	eigenen	_	_	_	
4-100	1093-1101	ſtarcken	_	_	_	
4-101	1102-1111	Gewichtes	_	_	_	
4-102	1112-1122	abgeloͤſet	_	_	_	
4-103	1122-1123	,	_	_	_	
4-104	1124-1127	und	_	_	_	
4-105	1128-1133	falle	_	_	_	
4-106	1134-1136	in	_	_	_	
4-107	1137-1140	das	_	_	_	
4-108	1141-1145	Meer	_	_	_	
4-109	1145-1146	,	_	_	_	
4-110	1147-1152	allwo	_	_	_	
4-111	1153-1156	ſie	_	_	_	
4-112	1157-1164	endlich	_	_	_	
4-113	1165-1169	ihre	_	_	_	
4-114	1170-1181	gaͤntzliche	_	_	_	
4-115	1183-1197	Vollkommenheit	_	_	_	
4-116	1198-1205	erhalte	_	_	_	
4-117	1205-1206	,	_	_	_	
4-118	1207-1210	zum	_	_	_	
4-119	1211-1216	Theil	_	_	_	
4-120	1217-1222	durch	_	_	_	
4-121	1223-1226	die	_	_	_	
4-122	1227-1233	Wellen	_	_	_	
4-123	1234-1237	des	_	_	_	
4-124	1238-1243	Meers	_	_	_	
4-125	1243-1244	,	_	_	_	
4-126	1245-1248	zum	_	_	_	
4-127	1249-1254	Theil	_	_	_	
4-128	1256-1261	durch	_	_	_	
4-129	1262-1265	den	_	_	_	
4-130	1266-1273	darinne	_	_	_	
4-131	1274-1286	befindlichen	_	_	_	
4-132	1287-1295	Saltzſpi	_	_	_	
4-133	1295-1296	-	_	_	_	
4-134	1297-1302	ritum	_	_	_	
4-135	1302-1303	.	_	_	_	

#Text=Und die Erfahrung giebets,
#Text=wann man Wachs und den beſten Ho-
#Text=nig nimmt, ſtellet ſie zuſammen eine
#Text=Zeitlang in digeſtionem und beſtaͤndige
#Text=gelinde Waͤrme, daß man daraus ein
#Text=Elixir und Eſſentz bereiten und ziehen
#Text=koͤnne, die nicht alleine einen trefflich an-
#Text=genehmen Geruch, ſondern auch ſolche
#Text=Kraft und Tugend haben, welche der
#Text=Kraft und Wirckung des Ambergris
#Text=bey nahe gantz gleich kommen.
5-1	1304-1307	Und	_	_	_	
5-2	1308-1311	die	_	_	_	
5-3	1312-1321	Erfahrung	_	_	_	
5-4	1322-1329	giebets	_	_	_	
5-5	1329-1330	,	_	_	_	
5-6	1331-1335	wann	_	_	_	
5-7	1336-1339	man	_	_	_	
5-8	1340-1345	Wachs	Circumstances[3]	_	_	
5-9	1346-1349	und	Circumstances[3]	_	_	
5-10	1350-1353	den	Circumstances[3]	_	_	
5-11	1354-1360	beſten	Circumstances[3]	_	_	
5-12	1361-1363	Ho	Circumstances[3]	_	_	
5-13	1363-1364	-	Circumstances[3]	_	_	
5-14	1365-1368	nig	Circumstances[3]	_	_	
5-15	1369-1374	nimmt	Circumstances[3]	_	_	
5-16	1374-1375	,	Circumstances[3]	_	_	
5-17	1376-1383	ſtellet	Circumstances[3]	_	_	
5-18	1384-1387	ſie	Circumstances[3]	_	_	
5-19	1388-1396	zuſammen	Circumstances[3]	_	_	
5-20	1397-1401	eine	Circumstances[3]	_	_	
5-21	1402-1410	Zeitlang	Circumstances[3]	_	_	
5-22	1411-1413	in	Circumstances[3]	_	_	
5-23	1414-1425	digeſtionem	Circumstances[3]	_	_	
5-24	1426-1429	und	Circumstances[3]	_	_	
5-25	1430-1441	beſtaͤndige	Circumstances[3]	_	_	
5-26	1442-1449	gelinde	Circumstances[3]	_	_	
5-27	1450-1456	Waͤrme	Circumstances[3]	_	_	
5-28	1456-1457	,	_	_	_	
5-29	1458-1461	daß	_	_	_	
5-30	1462-1465	man	_	_	_	
5-31	1466-1472	daraus	_	_	_	
5-32	1473-1476	ein	Smell\_Source[4]	_	_	
5-33	1477-1483	Elixir	Smell\_Source[4]	_	_	
5-34	1484-1487	und	Smell\_Source[4]	_	_	
5-35	1488-1495	Eſſentz	Smell\_Source[4]	_	_	
5-36	1496-1504	bereiten	_	_	_	
5-37	1505-1508	und	_	_	_	
5-38	1509-1515	ziehen	_	_	_	
5-39	1516-1522	koͤnne	_	_	_	
5-40	1522-1523	,	_	_	_	
5-41	1524-1527	die	_	_	_	
5-42	1528-1533	nicht	_	_	_	
5-43	1534-1541	alleine	_	_	_	
5-44	1542-1547	einen	_	_	_	
5-45	1548-1557	trefflich	Quality[5]	_	_	
5-46	1558-1560	an	Quality[5]	_	_	
5-47	1560-1561	-	Quality[5]	_	_	
5-48	1562-1570	genehmen	Quality[5]	_	_	
5-49	1571-1577	Geruch	Smell\_Word	*|*|*	5-45[5_0]|5-32[4_0]|5-8[3_0]	
5-50	1577-1578	,	_	_	_	
5-51	1579-1586	ſondern	_	_	_	
5-52	1587-1591	auch	_	_	_	
5-53	1592-1598	ſolche	_	_	_	
5-54	1599-1604	Kraft	_	_	_	
5-55	1605-1608	und	_	_	_	
5-56	1609-1615	Tugend	_	_	_	
5-57	1616-1621	haben	_	_	_	
5-58	1621-1622	,	_	_	_	
5-59	1623-1629	welche	_	_	_	
5-60	1630-1633	der	_	_	_	
5-61	1634-1639	Kraft	_	_	_	
5-62	1640-1643	und	_	_	_	
5-63	1644-1652	Wirckung	_	_	_	
5-64	1653-1656	des	_	_	_	
5-65	1657-1666	Ambergris	_	_	_	
5-66	1667-1670	bey	_	_	_	
5-67	1671-1675	nahe	_	_	_	
5-68	1676-1681	gantz	_	_	_	
5-69	1682-1688	gleich	_	_	_	
5-70	1689-1695	kommen	_	_	_	
5-71	1695-1696	.	_	_	_	

#Text=Jch
#Text=zweiffle auch gar nicht, daß dergleichen
#Text=Elixir weit koͤſtlicher werden ſolte, koͤnte
#Text=man des Jndianiſchen Honigs darzu
#Text=habhaftig werden, oder doch des Moſ-
#Text=cowitiſchen, dieweil die Bienen allda
#Text=viel beſſere, wohlriechendere und aroma-
#Text=tiſche Blumen finden.
6-1	1697-1700	Jch	_	_	_	
6-2	1701-1709	zweiffle	_	_	_	
6-3	1710-1714	auch	_	_	_	
6-4	1715-1718	gar	_	_	_	
6-5	1719-1724	nicht	_	_	_	
6-6	1724-1725	,	_	_	_	
6-7	1726-1729	daß	_	_	_	
6-8	1730-1741	dergleichen	_	_	_	
6-9	1742-1748	Elixir	_	_	_	
6-10	1749-1753	weit	_	_	_	
6-11	1754-1765	koͤſtlicher	_	_	_	
6-12	1766-1772	werden	_	_	_	
6-13	1773-1778	ſolte	_	_	_	
6-14	1778-1779	,	_	_	_	
6-15	1780-1786	koͤnte	_	_	_	
6-16	1787-1790	man	_	_	_	
6-17	1791-1794	des	_	_	_	
6-18	1795-1807	Jndianiſchen	_	_	_	
6-19	1808-1814	Honigs	_	_	_	
6-20	1815-1820	darzu	_	_	_	
6-21	1821-1830	habhaftig	_	_	_	
6-22	1831-1837	werden	_	_	_	
6-23	1837-1838	,	_	_	_	
6-24	1839-1843	oder	_	_	_	
6-25	1844-1848	doch	_	_	_	
6-26	1849-1852	des	_	_	_	
6-27	1853-1856	Moſ	_	_	_	
6-28	1856-1857	-	_	_	_	
6-29	1858-1869	cowitiſchen	_	_	_	
6-30	1869-1870	,	_	_	_	
6-31	1871-1878	dieweil	_	_	_	
6-32	1879-1882	die	_	_	_	
6-33	1883-1889	Bienen	_	_	_	
6-34	1890-1895	allda	_	_	_	
6-35	1896-1900	viel	_	_	_	
6-36	1901-1908	beſſere	_	_	_	
6-37	1908-1909	,	_	_	_	
6-38	1910-1925	wohlriechendere	_	_	_	
6-39	1926-1929	und	_	_	_	
6-40	1930-1935	aroma	_	_	_	
6-41	1935-1936	-	_	_	_	
6-42	1937-1943	tiſche	_	_	_	
6-43	1944-1950	Blumen	_	_	_	
6-44	1951-1957	finden	_	_	_	
6-45	1957-1958	.	_	_	_	

#Text=So ſind uͤberdiß iezuweilen gar groſſe
#Text=
#Text=Stuͤcken Ambergris gefunden worden,
#Text=die noch nicht ihre gaͤntzliche
#Text=Vollkom-
#Text=menheit erhalten hatten: dann, wann
#Text=man ſie zerbrochen, hat man noch mit-
#Text=ten drinne Honigwaben, Wachs und
#Text=Honig, angetroffen.
7-1	1962-1964	So	_	_	_	
7-2	1965-1969	ſind	_	_	_	
7-3	1970-1978	uͤberdiß	_	_	_	
7-4	1979-1989	iezuweilen	_	_	_	
7-5	1990-1993	gar	_	_	_	
7-6	1994-2000	groſſe	_	_	_	
7-7	2002-2010	Stuͤcken	_	_	_	
7-8	2011-2020	Ambergris	_	_	_	
7-9	2021-2029	gefunden	_	_	_	
7-10	2030-2036	worden	_	_	_	
7-11	2036-2037	,	_	_	_	
7-12	2038-2041	die	_	_	_	
7-13	2042-2046	noch	_	_	_	
7-14	2047-2052	nicht	_	_	_	
7-15	2053-2057	ihre	_	_	_	
7-16	2058-2069	gaͤntzliche	_	_	_	
7-17	2070-2077	Vollkom	_	_	_	
7-18	2077-2078	-	_	_	_	
7-19	2079-2086	menheit	_	_	_	
7-20	2087-2095	erhalten	_	_	_	
7-21	2096-2102	hatten	_	_	_	
7-22	2102-2103	:	_	_	_	
7-23	2104-2108	dann	_	_	_	
7-24	2108-2109	,	_	_	_	
7-25	2110-2114	wann	_	_	_	
7-26	2115-2118	man	_	_	_	
7-27	2119-2122	ſie	_	_	_	
7-28	2123-2133	zerbrochen	_	_	_	
7-29	2133-2134	,	_	_	_	
7-30	2135-2138	hat	_	_	_	
7-31	2139-2142	man	_	_	_	
7-32	2143-2147	noch	_	_	_	
7-33	2148-2151	mit	_	_	_	
7-34	2151-2152	-	_	_	_	
7-35	2153-2156	ten	_	_	_	
7-36	2157-2163	drinne	_	_	_	
7-37	2164-2174	Honigwaben	_	_	_	
7-38	2174-2175	,	_	_	_	
7-39	2176-2181	Wachs	_	_	_	
7-40	2182-2185	und	_	_	_	
7-41	2186-2191	Honig	_	_	_	
7-42	2191-2192	,	_	_	_	
7-43	2193-2204	angetroffen	_	_	_	
7-44	2204-2205	.	_	_	_	

#Text=Und endlich wann der Ambragris
#Text=mit ſpiritu vini tartariſato
#Text=aufgeloͤſet wird,
#Text=
#Text=ſo hinterbleibet allezeit eine dicke, dem
#Text=Honig gleichende Materie.
8-1	2209-2212	Und	_	_	_	
8-2	2213-2220	endlich	_	_	_	
8-3	2221-2225	wann	_	_	_	
8-4	2226-2229	der	_	_	_	
8-5	2230-2239	Ambragris	_	_	_	
8-6	2240-2243	mit	_	_	_	
8-7	2244-2251	ſpiritu	_	_	_	
8-8	2252-2256	vini	_	_	_	
8-9	2257-2268	tartariſato	_	_	_	
8-10	2269-2280	aufgeloͤſet	_	_	_	
8-11	2281-2285	wird	_	_	_	
8-12	2285-2286	,	_	_	_	
8-13	2288-2290	ſo	_	_	_	
8-14	2291-2304	hinterbleibet	_	_	_	
8-15	2305-2313	allezeit	_	_	_	
8-16	2314-2318	eine	_	_	_	
8-17	2319-2324	dicke	_	_	_	
8-18	2324-2325	,	_	_	_	
8-19	2326-2329	dem	_	_	_	
8-20	2330-2335	Honig	_	_	_	
8-21	2336-2346	gleichende	_	_	_	
8-22	2347-2354	Materie	_	_	_	
8-23	2354-2355	.	_	_	_	
