#FORMAT=WebAnno TSV 3.3


#Text=Dus moet het het moerasgif wezen.
1-1	2-5	Dus	
1-2	6-10	moet	
1-3	11-14	het	
1-4	15-18	het	
1-5	19-28	moerasgif	
1-6	29-34	wezen	
1-7	34-35	.	

#Text=Stell.
#Text=8.
2-1	37-42	Stell	
2-2	42-43	.	
2-3	44-45	8	
2-4	45-46	.	

#Text=Het woord kiem is hier niet zoo zeer het stoffelijke nadeelige beginsel, als wel de aanvang der ziekte, hetgeen men bij de contagiën stadium incubationis noemt.
3-1	47-50	Het	
3-2	51-56	woord	
3-3	57-61	kiem	
3-4	62-64	is	
3-5	65-69	hier	
3-6	70-74	niet	
3-7	75-78	zoo	
3-8	79-83	zeer	
3-9	84-87	het	
3-10	88-99	stoffelijke	
3-11	100-109	nadeelige	
3-12	110-118	beginsel	
3-13	118-119	,	
3-14	120-123	als	
3-15	124-127	wel	
3-16	128-130	de	
3-17	131-138	aanvang	
3-18	139-142	der	
3-19	143-149	ziekte	
3-20	149-150	,	
3-21	151-158	hetgeen	
3-22	159-162	men	
3-23	163-166	bij	
3-24	167-169	de	
3-25	170-179	contagiën	
3-26	180-187	stadium	
3-27	188-200	incubationis	
3-28	201-206	noemt	
3-29	206-207	.	

#Text=Voor het overige is deze waarneming, door de ondervinding veelmalen bevestigd, voldoende om weer tot een eigenaardig principe te besluiten;
#Text=daar gassen en waterdamp dezelve niet kunnen verklaren, en het te gewaagd zou zijn deze koortsen altijd als toevallig ontstane sporadische gevallen te beschouwen.
4-1	208-212	Voor	
4-2	213-216	het	
4-3	217-224	overige	
4-4	225-227	is	
4-5	228-232	deze	
4-6	233-243	waarneming	
4-7	243-244	,	
4-8	245-249	door	
4-9	250-252	de	
4-10	253-265	ondervinding	
4-11	266-275	veelmalen	
4-12	276-285	bevestigd	
4-13	285-286	,	
4-14	287-296	voldoende	
4-15	297-299	om	
4-16	300-304	weer	
4-17	305-308	tot	
4-18	309-312	een	
4-19	313-324	eigenaardig	
4-20	325-333	principe	
4-21	334-336	te	
4-22	337-346	besluiten	
4-23	346-347	;	
4-24	348-352	daar	
4-25	353-359	gassen	
4-26	360-362	en	
4-27	363-372	waterdamp	
4-28	373-380	dezelve	
4-29	381-385	niet	
4-30	386-392	kunnen	
4-31	393-402	verklaren	
4-32	402-403	,	
4-33	404-406	en	
4-34	407-410	het	
4-35	411-413	te	
4-36	414-421	gewaagd	
4-37	422-425	zou	
4-38	426-430	zijn	
4-39	431-435	deze	
4-40	436-444	koortsen	
4-41	445-451	altijd	
4-42	452-455	als	
4-43	456-465	toevallig	
4-44	466-474	ontstane	
4-45	475-486	sporadische	
4-46	487-495	gevallen	
4-47	496-498	te	
4-48	499-509	beschouwen	
4-49	509-510	.	

#Text=De analogie met het contagium maakt de zaak nog geloofwaardiger.
5-1	511-513	De	
5-2	514-522	analogie	
5-3	523-526	met	
5-4	527-530	het	
5-5	531-540	contagium	
5-6	541-546	maakt	
5-7	547-549	de	
5-8	550-554	zaak	
5-9	555-558	nog	
5-10	559-574	geloofwaardiger	
5-11	574-575	.	

#Text=In deze acht stellingen, welke te zamen genomen eerst hare volle kracht verkrijgen,
#Text=heeft de Heer v.g.
#Text=ons dan langs den weg der ondervinding van het bestaan van een miasma palud. trachten te verzekeren.
6-1	578-580	In	
6-2	581-585	deze	
6-3	586-590	acht	
6-4	591-601	stellingen	
6-5	601-602	,	
6-6	603-608	welke	
6-7	609-611	te	
6-8	612-617	zamen	
6-9	618-625	genomen	
6-10	626-631	eerst	
6-11	632-636	hare	
6-12	637-642	volle	
6-13	643-649	kracht	
6-14	650-660	verkrijgen	
6-15	660-661	,	
6-16	662-667	heeft	
6-17	668-670	de	
6-18	671-675	Heer	
6-19	676-679	v.g	
6-20	679-680	.	
6-21	681-684	ons	
6-22	685-688	dan	
6-23	689-694	langs	
6-24	695-698	den	
6-25	699-702	weg	
6-26	703-706	der	
6-27	707-719	ondervinding	
6-28	720-723	van	
6-29	724-727	het	
6-30	728-735	bestaan	
6-31	736-739	van	
6-32	740-743	een	
6-33	744-750	miasma	
6-34	751-756	palud	
6-35	756-757	.	
6-36	758-766	trachten	
6-37	767-769	te	
6-38	770-780	verzekeren	
6-39	780-781	.	

#Text=Daar men het niet met den vinger kan aantoonen,
#Text=[
#Text=p. 590]
#Text=
#Text=
#Text=daar het aan onze zintuigen ontsnapt, moet men uit de verschijnselen tot de oorzaak opklimmen, en komt zoo doende hier, door een negatief bewijs, door aan te toonen, waaraan die verschijnselen niet kunnen worden toegeschreven, tot eene vrij groote mate van zekerheid.
7-1	782-786	Daar	
7-2	787-790	men	
7-3	791-794	het	
7-4	795-799	niet	
7-5	800-803	met	
7-6	804-807	den	
7-7	808-814	vinger	
7-8	815-818	kan	
7-9	819-828	aantoonen	
7-10	828-829	,	
7-11	830-831	[	
7-12	832-833	p	
7-13	833-834	.	
7-14	835-838	590	
7-15	838-839	]	
7-16	842-846	daar	
7-17	847-850	het	
7-18	851-854	aan	
7-19	855-859	onze	
7-20	860-869	zintuigen	
7-21	870-878	ontsnapt	
7-22	878-879	,	
7-23	880-884	moet	
7-24	885-888	men	
7-25	889-892	uit	
7-26	893-895	de	
7-27	896-910	verschijnselen	
7-28	911-914	tot	
7-29	915-917	de	
7-30	918-925	oorzaak	
7-31	926-935	opklimmen	
7-32	935-936	,	
7-33	937-939	en	
7-34	940-944	komt	
7-35	945-948	zoo	
7-36	949-955	doende	
7-37	956-960	hier	
7-38	960-961	,	
7-39	962-966	door	
7-40	967-970	een	
7-41	971-979	negatief	
7-42	980-986	bewijs	
7-43	986-987	,	
7-44	988-992	door	
7-45	993-996	aan	
7-46	997-999	te	
7-47	1000-1006	toonen	
7-48	1006-1007	,	
7-49	1008-1015	waaraan	
7-50	1016-1019	die	
7-51	1020-1034	verschijnselen	
7-52	1035-1039	niet	
7-53	1040-1046	kunnen	
7-54	1047-1053	worden	
7-55	1054-1067	toegeschreven	
7-56	1067-1068	,	
7-57	1069-1072	tot	
7-58	1073-1077	eene	
7-59	1078-1082	vrij	
7-60	1083-1089	groote	
7-61	1090-1094	mate	
7-62	1095-1098	van	
7-63	1099-1108	zekerheid	
7-64	1108-1109	.	

#Text=Aan het einde dier hoogst belangrijke quaestie haalt de geleerde Schrijver nog meer dan 50 der uitstekendste hedendaagsche natuuren geneeskundigen aan, die het gevoelen van een miasma palud. toegedaan schijnen.
8-1	1112-1115	Aan	
8-2	1116-1119	het	
8-3	1120-1125	einde	
8-4	1126-1130	dier	
8-5	1131-1137	hoogst	
8-6	1138-1149	belangrijke	
8-7	1150-1158	quaestie	
8-8	1159-1164	haalt	
8-9	1165-1167	de	
8-10	1168-1176	geleerde	
8-11	1177-1186	Schrijver	
8-12	1187-1190	nog	
8-13	1191-1195	meer	
8-14	1196-1199	dan	
8-15	1200-1202	50	
8-16	1203-1206	der	
8-17	1207-1220	uitstekendste	
8-18	1221-1234	hedendaagsche	
8-19	1235-1243	natuuren	
8-20	1244-1258	geneeskundigen	
8-21	1259-1262	aan	
8-22	1262-1263	,	
8-23	1264-1267	die	
8-24	1268-1271	het	
8-25	1272-1280	gevoelen	
8-26	1281-1284	van	
8-27	1285-1288	een	
8-28	1289-1295	miasma	
8-29	1296-1301	palud	
8-30	1301-1302	.	
8-31	1303-1312	toegedaan	
8-32	1313-1321	schijnen	
8-33	1321-1322	.	

#Text=Daarop gaat hij over tot de beschouwing 1o.
#Text=der Epidemieën in moerassige landen met betrekking tot de droogmaking van het H.M. 2o.
#Text=der kwaadaardige moeraskoortsen.
9-1	1323-1329	Daarop	
9-2	1330-1334	gaat	
9-3	1335-1338	hij	
9-4	1339-1343	over	
9-5	1344-1347	tot	
9-6	1348-1350	de	
9-7	1351-1362	beschouwing	
9-8	1363-1365	1o	
9-9	1365-1366	.	
9-10	1367-1370	der	
9-11	1371-1381	Epidemieën	
9-12	1382-1384	in	
9-13	1385-1395	moerassige	
9-14	1396-1402	landen	
9-15	1403-1406	met	
9-16	1407-1417	betrekking	
9-17	1418-1421	tot	
9-18	1422-1424	de	
9-19	1425-1436	droogmaking	
9-20	1437-1440	van	
9-21	1441-1444	het	
9-22	1445-1448	H.M	
9-23	1448-1449	.	
9-24	1450-1452	2o	
9-25	1452-1453	.	
9-26	1454-1457	der	
9-27	1458-1470	kwaadaardige	
9-28	1471-1485	moeraskoortsen	
9-29	1485-1486	.	
