#FORMAT=WebAnno TSV 3.3
#T_SP=custom.Span|label
#T_RL=custom.Relation|label|BT_custom.Span


#Text=Die weiſſe Naphtha/ welche wir
#Text=auch das weiſſe Peteroͤl zu nennen
#Text=pflegen, nicht allein, weil es weiß, klar
#Text=und ſchoͤn iſt, ſondern auch, weil es ſich
#Text=
#Text=mit keiner eintzigen Sache auf der Welt
#Text=vermiſchen laͤßt, indem es viel leichter
#Text=iſt, als alles dasjenige, das man drun-
#Text=ter miſchen will, und allzeit oben auf
#Text=ſchwimmet;
#Text=wie ingleichen ſeines ſtar-
#Text=cken und durchtringenden Geruchs hal-
#Text=ber, der ſich dem Schwefelgeruch ver-
#Text=gleichet, und es uͤberaus fluͤchtig macht,
#Text=und daß es Feuer faſſet, welches denen-
#Text=jenigen zur Nachricht dienen kan, die es
#Text=verkauffen, damit ſie ſich als wie mit dem
#Text=Pulver wohl in Acht nehmen moͤgen.
1-1	2-5	Die	_	_	_	
1-2	6-12	weiſſe	Smell\_Source[1]	_	_	
1-3	13-20	Naphtha	Smell\_Source[1]	_	_	
1-4	20-21	/	_	_	_	
1-5	22-28	welche	_	_	_	
1-6	29-32	wir	_	_	_	
1-7	33-37	auch	_	_	_	
1-8	38-41	das	_	_	_	
1-9	42-48	weiſſe	_	_	_	
1-10	49-57	Peteroͤl	_	_	_	
1-11	58-60	zu	_	_	_	
1-12	61-67	nennen	_	_	_	
1-13	68-75	pflegen	_	_	_	
1-14	75-76	,	_	_	_	
1-15	77-82	nicht	_	_	_	
1-16	83-89	allein	_	_	_	
1-17	89-90	,	_	_	_	
1-18	91-95	weil	_	_	_	
1-19	96-98	es	_	_	_	
1-20	99-103	weiß	_	_	_	
1-21	103-104	,	_	_	_	
1-22	105-109	klar	_	_	_	
1-23	110-113	und	_	_	_	
1-24	114-120	ſchoͤn	_	_	_	
1-25	121-124	iſt	_	_	_	
1-26	124-125	,	_	_	_	
1-27	126-133	ſondern	_	_	_	
1-28	134-138	auch	_	_	_	
1-29	138-139	,	_	_	_	
1-30	140-144	weil	_	_	_	
1-31	145-147	es	_	_	_	
1-32	148-152	ſich	_	_	_	
1-33	154-157	mit	_	_	_	
1-34	158-164	keiner	_	_	_	
1-35	165-174	eintzigen	_	_	_	
1-36	175-180	Sache	_	_	_	
1-37	181-184	auf	_	_	_	
1-38	185-188	der	_	_	_	
1-39	189-193	Welt	_	_	_	
1-40	194-204	vermiſchen	_	_	_	
1-41	205-210	laͤßt	_	_	_	
1-42	210-211	,	_	_	_	
1-43	212-217	indem	_	_	_	
1-44	218-220	es	_	_	_	
1-45	221-225	viel	_	_	_	
1-46	226-234	leichter	_	_	_	
1-47	235-238	iſt	_	_	_	
1-48	238-239	,	_	_	_	
1-49	240-243	als	_	_	_	
1-50	244-249	alles	_	_	_	
1-51	250-259	dasjenige	_	_	_	
1-52	259-260	,	_	_	_	
1-53	261-264	das	_	_	_	
1-54	265-268	man	_	_	_	
1-55	269-273	drun	_	_	_	
1-56	273-274	-	_	_	_	
1-57	275-278	ter	_	_	_	
1-58	279-286	miſchen	_	_	_	
1-59	287-291	will	_	_	_	
1-60	291-292	,	_	_	_	
1-61	293-296	und	_	_	_	
1-62	297-304	allzeit	_	_	_	
1-63	305-309	oben	_	_	_	
1-64	310-313	auf	_	_	_	
1-65	314-323	ſchwimmet	_	_	_	
1-66	323-324	;	_	_	_	
1-67	325-328	wie	_	_	_	
1-68	329-339	ingleichen	_	_	_	
1-69	340-346	ſeines	_	_	_	
1-70	347-351	ſtar	Quality[2]	_	_	
1-71	351-352	-	Quality[2]	_	_	
1-72	353-357	cken	Quality[2]	_	_	
1-73	358-361	und	_	_	_	
1-74	362-377	durchtringenden	Quality	*	1-70[2_0]	
1-75	378-385	Geruchs	Smell\_Word	_	_	
1-76	386-389	hal	_	_	_	
1-77	389-390	-	_	_	_	
1-78	391-394	ber	_	_	_	
1-79	394-395	,	_	_	_	
1-80	396-399	der	_	_	_	
1-81	400-404	ſich	_	_	_	
1-82	405-408	dem	_	_	_	
1-83	409-423	Schwefelgeruch	Smell\_Word	_	_	
1-84	424-427	ver	_	_	_	
1-85	427-428	-	_	_	_	
1-86	429-437	gleichet	_	_	_	
1-87	437-438	,	_	_	_	
1-88	439-442	und	_	_	_	
1-89	443-445	es	_	_	_	
1-90	446-454	uͤberaus	_	_	_	
1-91	455-464	fluͤchtig	_	_	_	
1-92	465-470	macht	_	_	_	
1-93	470-471	,	_	_	_	
1-94	472-475	und	_	_	_	
1-95	476-479	daß	_	_	_	
1-96	480-482	es	_	_	_	
1-97	483-488	Feuer	_	_	_	
1-98	489-495	faſſet	_	_	_	
1-99	495-496	,	_	_	_	
1-100	497-504	welches	_	_	_	
1-101	505-510	denen	_	_	_	
1-102	510-511	-	_	_	_	
1-103	512-519	jenigen	_	_	_	
1-104	520-523	zur	_	_	_	
1-105	524-533	Nachricht	_	_	_	
1-106	534-540	dienen	_	_	_	
1-107	541-544	kan	_	_	_	
1-108	544-545	,	_	_	_	
1-109	546-549	die	_	_	_	
1-110	550-552	es	_	_	_	
1-111	553-563	verkauffen	_	_	_	
1-112	563-564	,	_	_	_	
1-113	565-570	damit	_	_	_	
1-114	571-574	ſie	_	_	_	
1-115	575-579	ſich	_	_	_	
1-116	580-583	als	_	_	_	
1-117	584-587	wie	_	_	_	
1-118	588-591	mit	_	_	_	
1-119	592-595	dem	_	_	_	
1-120	596-602	Pulver	_	_	_	
1-121	603-607	wohl	_	_	_	
1-122	608-610	in	_	_	_	
1-123	611-615	Acht	_	_	_	
1-124	616-622	nehmen	_	_	_	
1-125	623-629	moͤgen	_	_	_	
1-126	629-630	.	_	_	_	

#Text=Die herrlichen Eigenſchaften dieſes
#Text=Oels ſind Urſache, daß ich nichts weiter
#Text=davon vermelden, ſondern den Leſer
#Text=
#Text=auf diejenigen Zettel weiſen werde, die
#Text=obgemeldter Roque Foura drucken
#Text=
#Text=laſſen, daſelbſthin koͤnnen diejeni-
#Text=gen, die ſie zu wiſſen verlangen, ihre
#Text=Zuflucht nehmen.
2-1	634-637	Die	_	_	_	
2-2	638-648	herrlichen	_	_	_	
2-3	649-662	Eigenſchaften	_	_	_	
2-4	663-669	dieſes	_	_	_	
2-5	670-674	Oels	_	_	_	
2-6	675-679	ſind	_	_	_	
2-7	680-687	Urſache	_	_	_	
2-8	687-688	,	_	_	_	
2-9	689-692	daß	_	_	_	
2-10	693-696	ich	_	_	_	
2-11	697-703	nichts	_	_	_	
2-12	704-710	weiter	_	_	_	
2-13	711-716	davon	_	_	_	
2-14	717-726	vermelden	_	_	_	
2-15	726-727	,	_	_	_	
2-16	728-735	ſondern	_	_	_	
2-17	736-739	den	_	_	_	
2-18	740-745	Leſer	_	_	_	
2-19	747-750	auf	_	_	_	
2-20	751-761	diejenigen	_	_	_	
2-21	762-768	Zettel	_	_	_	
2-22	769-775	weiſen	_	_	_	
2-23	776-781	werde	_	_	_	
2-24	781-782	,	_	_	_	
2-25	783-786	die	_	_	_	
2-26	787-798	obgemeldter	_	_	_	
2-27	799-804	Roque	_	_	_	
2-28	805-810	Foura	_	_	_	
2-29	811-818	drucken	_	_	_	
2-30	820-826	laſſen	_	_	_	
2-31	826-827	,	_	_	_	
2-32	828-839	daſelbſthin	_	_	_	
2-33	840-847	koͤnnen	_	_	_	
2-34	848-855	diejeni	_	_	_	
2-35	855-856	-	_	_	_	
2-36	857-860	gen	_	_	_	
2-37	860-861	,	_	_	_	
2-38	862-865	die	_	_	_	
2-39	866-869	ſie	_	_	_	
2-40	870-872	zu	_	_	_	
2-41	873-879	wiſſen	_	_	_	
2-42	880-889	verlangen	_	_	_	
2-43	889-890	,	_	_	_	
2-44	891-895	ihre	_	_	_	
2-45	896-904	Zuflucht	_	_	_	
2-46	905-911	nehmen	_	_	_	
2-47	911-912	.	_	_	_	

#Text=Was die rothe,
#Text=gelbe und gruͤne Naphtha betrifft, die
#Text=werden ſo wenig gebraucht, daß wir ſie
#Text=auch nicht einmahl zu Geſichte bekom-
#Text=men:
#Text=uͤberdiß vermiſchen ſie die Jtalie-
#Text=ner mit der ſchwartzen, bevor ſie die-
#Text=ſelbe zu uns ſenden.
3-1	913-916	Was	_	_	_	
3-2	917-920	die	_	_	_	
3-3	921-926	rothe	_	_	_	
3-4	926-927	,	_	_	_	
3-5	928-933	gelbe	_	_	_	
3-6	934-937	und	_	_	_	
3-7	938-944	gruͤne	_	_	_	
3-8	945-952	Naphtha	_	_	_	
3-9	953-961	betrifft	_	_	_	
3-10	961-962	,	_	_	_	
3-11	963-966	die	_	_	_	
3-12	967-973	werden	_	_	_	
3-13	974-976	ſo	_	_	_	
3-14	977-982	wenig	_	_	_	
3-15	983-992	gebraucht	_	_	_	
3-16	992-993	,	_	_	_	
3-17	994-997	daß	_	_	_	
3-18	998-1001	wir	_	_	_	
3-19	1002-1005	ſie	_	_	_	
3-20	1006-1010	auch	_	_	_	
3-21	1011-1016	nicht	_	_	_	
3-22	1017-1024	einmahl	_	_	_	
3-23	1025-1027	zu	_	_	_	
3-24	1028-1036	Geſichte	_	_	_	
3-25	1037-1042	bekom	_	_	_	
3-26	1042-1043	-	_	_	_	
3-27	1044-1047	men	_	_	_	
3-28	1047-1048	:	_	_	_	
3-29	1049-1057	uͤberdiß	_	_	_	
3-30	1058-1068	vermiſchen	_	_	_	
3-31	1069-1072	ſie	_	_	_	
3-32	1073-1076	die	_	_	_	
3-33	1077-1083	Jtalie	_	_	_	
3-34	1083-1084	-	_	_	_	
3-35	1085-1088	ner	_	_	_	
3-36	1089-1092	mit	_	_	_	
3-37	1093-1096	der	_	_	_	
3-38	1097-1107	ſchwartzen	_	_	_	
3-39	1107-1108	,	_	_	_	
3-40	1109-1114	bevor	_	_	_	
3-41	1115-1118	ſie	_	_	_	
3-42	1119-1122	die	_	_	_	
3-43	1122-1123	-	_	_	_	
3-44	1124-1129	ſelbe	_	_	_	
3-45	1130-1132	zu	_	_	_	
3-46	1133-1136	uns	_	_	_	
3-47	1137-1143	ſenden	_	_	_	
3-48	1143-1144	.	_	_	_	

#Text=Und eben darum
#Text=iſt das Peteroͤl, das wir aus Jtalien
#Text=bekommen, hellroth und gelblicht, da
#Text=es doch dicke und ſchwartz ſeyn ſolte,
#Text=ſo
#Text=wie es aus dem Felſen tringet;
#Text=und hat
#Text=einen annoch ertraͤglichen Schwefel-
#Text=geruch.
4-1	1145-1148	Und	_	_	_	
4-2	1149-1153	eben	_	_	_	
4-3	1154-1159	darum	_	_	_	
4-4	1160-1163	iſt	_	_	_	
4-5	1164-1167	das	_	_	_	
4-6	1168-1176	Peteroͤl	Smell\_Source	_	_	
4-7	1176-1177	,	_	_	_	
4-8	1178-1181	das	_	_	_	
4-9	1182-1185	wir	_	_	_	
4-10	1186-1189	aus	Location[3]	_	_	
4-11	1190-1197	Jtalien	Location[3]	_	_	
4-12	1198-1206	bekommen	_	_	_	
4-13	1206-1207	,	_	_	_	
4-14	1208-1216	hellroth	_	_	_	
4-15	1217-1220	und	_	_	_	
4-16	1221-1230	gelblicht	_	_	_	
4-17	1230-1231	,	_	_	_	
4-18	1232-1234	da	_	_	_	
4-19	1235-1237	es	_	_	_	
4-20	1238-1242	doch	_	_	_	
4-21	1243-1248	dicke	_	_	_	
4-22	1249-1252	und	_	_	_	
4-23	1253-1261	ſchwartz	_	_	_	
4-24	1262-1266	ſeyn	_	_	_	
4-25	1267-1272	ſolte	_	_	_	
4-26	1272-1273	,	_	_	_	
4-27	1274-1276	ſo	_	_	_	
4-28	1277-1280	wie	_	_	_	
4-29	1281-1283	es	_	_	_	
4-30	1284-1287	aus	_	_	_	
4-31	1288-1291	dem	_	_	_	
4-32	1292-1298	Felſen	_	_	_	
4-33	1299-1306	tringet	_	_	_	
4-34	1306-1307	;	_	_	_	
4-35	1308-1311	und	_	_	_	
4-36	1312-1315	hat	_	_	_	
4-37	1316-1321	einen	_	_	_	
4-38	1322-1328	annoch	_	_	_	
4-39	1329-1342	ertraͤglichen	Quality	_	_	
4-40	1343-1351	Schwefel	Smell\_Word[4]	_	_	
4-41	1351-1352	-	Smell\_Word[4]	_	_	
4-42	1353-1359	geruch	Smell\_Word[4]	_	_	
4-43	1359-1360	.	_	_	_	

#Text=Weil dieſes Oel ziemlich theu-
#Text=er iſt, deswegen ſchieben etliche ein ver-
#Text=faͤlſches Peteroͤl dafuͤr ein, gleichwie aus
#Text=folgenden wird zu erſehen ſeyn.
5-1	1361-1365	Weil	_	_	_	
5-2	1366-1372	dieſes	_	_	_	
5-3	1373-1376	Oel	_	_	_	
5-4	1377-1385	ziemlich	_	_	_	
5-5	1386-1390	theu	_	_	_	
5-6	1390-1391	-	_	_	_	
5-7	1392-1394	er	_	_	_	
5-8	1395-1398	iſt	_	_	_	
5-9	1398-1399	,	_	_	_	
5-10	1400-1408	deswegen	_	_	_	
5-11	1409-1417	ſchieben	_	_	_	
5-12	1418-1425	etliche	_	_	_	
5-13	1426-1429	ein	_	_	_	
5-14	1430-1433	ver	_	_	_	
5-15	1433-1434	-	_	_	_	
5-16	1435-1444	faͤlſches	_	_	_	
5-17	1445-1453	Peteroͤl	_	_	_	
5-18	1454-1460	dafuͤr	_	_	_	
5-19	1461-1464	ein	_	_	_	
5-20	1464-1465	,	_	_	_	
5-21	1466-1475	gleichwie	_	_	_	
5-22	1476-1479	aus	_	_	_	
5-23	1480-1489	folgenden	_	_	_	
5-24	1490-1494	wird	_	_	_	
5-25	1495-1497	zu	_	_	_	
5-26	1498-1505	erſehen	_	_	_	
5-27	1506-1510	ſeyn	_	_	_	
5-28	1510-1511	.	_	_	_	

#Text=Das ſiebenzehende Capitel.
6-1	1516-1519	Das	_	_	_	
6-2	1520-1533	ſiebenzehende	_	_	_	
6-3	1534-1541	Capitel	_	_	_	
6-4	1541-1542	.	_	_	_	

#Text=Von ſchwartzen Peteroͤl von Gabian.
7-1	1545-1548	Von	_	_	_	
7-2	1549-1559	ſchwartzen	_	_	_	
7-3	1560-1568	Peteroͤl	_	_	_	
7-4	1569-1572	von	_	_	_	
7-5	1573-1579	Gabian	_	_	_	
7-6	1579-1580	.	_	_	_	

#Text=DAs Peteroͤl/ oder das ſchwartze
#Text=Oel von Gabian iſt ein fluͤßiges
#Text=Hartz, welches aus der Erde hervor trin-
#Text=get, und durch die unterirdiſchen Canaͤle
#Text=uͤber das Waſſer eines kleinen Fluͤß-
#Text=leins, nahe bey dem Doͤrfflein Gabian
#Text=in dem Bißthum Bezieres in Lan-
#Text=guedoc gelegen, ſich ergieſſet.
8-1	1584-1587	DAs	_	_	_	
8-2	1588-1596	Peteroͤl	_	_	_	
8-3	1596-1597	/	_	_	_	
8-4	1598-1602	oder	_	_	_	
8-5	1603-1606	das	_	_	_	
8-6	1607-1616	ſchwartze	_	_	_	
8-7	1617-1620	Oel	_	_	_	
8-8	1621-1624	von	_	_	_	
8-9	1625-1631	Gabian	_	_	_	
8-10	1632-1635	iſt	_	_	_	
8-11	1636-1639	ein	_	_	_	
8-12	1640-1649	fluͤßiges	_	_	_	
8-13	1650-1655	Hartz	_	_	_	
8-14	1655-1656	,	_	_	_	
8-15	1657-1664	welches	_	_	_	
8-16	1665-1668	aus	_	_	_	
8-17	1669-1672	der	_	_	_	
8-18	1673-1677	Erde	_	_	_	
8-19	1678-1684	hervor	_	_	_	
8-20	1685-1689	trin	_	_	_	
8-21	1689-1690	-	_	_	_	
8-22	1691-1694	get	_	_	_	
8-23	1694-1695	,	_	_	_	
8-24	1696-1699	und	_	_	_	
8-25	1700-1705	durch	_	_	_	
8-26	1706-1709	die	_	_	_	
8-27	1710-1724	unterirdiſchen	_	_	_	
8-28	1725-1732	Canaͤle	_	_	_	
8-29	1733-1738	uͤber	_	_	_	
8-30	1739-1742	das	_	_	_	
8-31	1743-1749	Waſſer	_	_	_	
8-32	1750-1755	eines	_	_	_	
8-33	1756-1763	kleinen	_	_	_	
8-34	1764-1769	Fluͤß	_	_	_	
8-35	1769-1770	-	_	_	_	
8-36	1771-1776	leins	_	_	_	
8-37	1776-1777	,	_	_	_	
8-38	1778-1782	nahe	_	_	_	
8-39	1783-1786	bey	_	_	_	
8-40	1787-1790	dem	_	_	_	
8-41	1791-1801	Doͤrfflein	_	_	_	
8-42	1802-1808	Gabian	_	_	_	
8-43	1809-1811	in	_	_	_	
8-44	1812-1815	dem	_	_	_	
8-45	1816-1823	Bißthum	_	_	_	
8-46	1824-1832	Bezieres	_	_	_	
8-47	1833-1835	in	_	_	_	
8-48	1836-1839	Lan	_	_	_	
8-49	1839-1840	-	_	_	_	
8-50	1841-1847	guedoc	_	_	_	
8-51	1848-1855	gelegen	_	_	_	
8-52	1855-1856	,	_	_	_	
8-53	1857-1861	ſich	_	_	_	
8-54	1862-1871	ergieſſet	_	_	_	
8-55	1871-1872	.	_	_	_	

#Text=Vor
#Text=dieſem war dieſes Oel alſo gemein und
#Text=uͤbrig, daß man nicht viel darnach frag-
#Text=te, denn man kunte in einem Tage eine
#Text=ziemliche Menge deſſelbigen ſammlen,
#Text=anietzo aber wird es nur alle Morgen
#Text=geſchoͤpft, und der Ort, wo man es
#Text=ſammlet, iſt mit Mauren umgeben, und
#Text=wird von einem Manne bewahret.
9-1	1873-1876	Vor	_	_	_	
9-2	1877-1883	dieſem	_	_	_	
9-3	1884-1887	war	_	_	_	
9-4	1888-1894	dieſes	_	_	_	
9-5	1895-1898	Oel	_	_	_	
9-6	1899-1903	alſo	_	_	_	
9-7	1904-1910	gemein	_	_	_	
9-8	1911-1914	und	_	_	_	
9-9	1915-1921	uͤbrig	_	_	_	
9-10	1921-1922	,	_	_	_	
9-11	1923-1926	daß	_	_	_	
9-12	1927-1930	man	_	_	_	
9-13	1931-1936	nicht	_	_	_	
9-14	1937-1941	viel	_	_	_	
9-15	1942-1949	darnach	_	_	_	
9-16	1950-1954	frag	_	_	_	
9-17	1954-1955	-	_	_	_	
9-18	1956-1958	te	_	_	_	
9-19	1958-1959	,	_	_	_	
9-20	1960-1964	denn	_	_	_	
9-21	1965-1968	man	_	_	_	
9-22	1969-1974	kunte	_	_	_	
9-23	1975-1977	in	_	_	_	
9-24	1978-1983	einem	_	_	_	
9-25	1984-1988	Tage	_	_	_	
9-26	1989-1993	eine	_	_	_	
9-27	1994-2003	ziemliche	_	_	_	
9-28	2004-2009	Menge	_	_	_	
9-29	2010-2021	deſſelbigen	_	_	_	
9-30	2022-2029	ſammlen	_	_	_	
9-31	2029-2030	,	_	_	_	
9-32	2031-2038	anietzo	_	_	_	
9-33	2039-2043	aber	_	_	_	
9-34	2044-2048	wird	_	_	_	
9-35	2049-2051	es	_	_	_	
9-36	2052-2055	nur	_	_	_	
9-37	2056-2060	alle	_	_	_	
9-38	2061-2067	Morgen	_	_	_	
9-39	2068-2078	geſchoͤpft	_	_	_	
9-40	2078-2079	,	_	_	_	
9-41	2080-2083	und	_	_	_	
9-42	2084-2087	der	_	_	_	
9-43	2088-2091	Ort	_	_	_	
9-44	2091-2092	,	_	_	_	
9-45	2093-2095	wo	_	_	_	
9-46	2096-2099	man	_	_	_	
9-47	2100-2102	es	_	_	_	
9-48	2103-2110	ſammlet	_	_	_	
9-49	2110-2111	,	_	_	_	
9-50	2112-2115	iſt	_	_	_	
9-51	2116-2119	mit	_	_	_	
9-52	2120-2126	Mauren	_	_	_	
9-53	2127-2134	umgeben	_	_	_	
9-54	2134-2135	,	_	_	_	
9-55	2136-2139	und	_	_	_	
9-56	2140-2144	wird	_	_	_	
9-57	2145-2148	von	_	_	_	
9-58	2149-2154	einem	_	_	_	
9-59	2155-2160	Manne	_	_	_	
9-60	2161-2169	bewahret	_	_	_	
9-61	2169-2170	.	_	_	_	
