#FORMAT=WebAnno TSV 3.3


#Text=Wij achten t'dingh na waard';
#Text=Geen inlandsch nutbaar spruijt
#Text=u
#Text=
#Text=v
#Text=
#Text=verzetten wij om Turx onnutte bloem, of kruijt.
1-1	2-5	Wij	
1-2	6-12	achten	
1-3	13-20	t'dingh	
1-4	21-23	na	
1-5	24-29	waard	
1-6	29-30	'	
1-7	30-31	;	
1-8	32-36	Geen	
1-9	37-46	inlandsch	
1-10	47-54	nutbaar	
1-11	55-62	spruijt	
1-12	63-64	u	
1-13	66-67	v	
1-14	69-78	verzetten	
1-15	79-82	wij	
1-16	83-85	om	
1-17	86-90	Turx	
1-18	91-98	onnutte	
1-19	99-104	bloem	
1-20	104-105	,	
1-21	106-108	of	
1-22	109-115	kruijt	
1-23	115-116	.	

#Text=w
#Text=25
#Text=Met dit gepeijns al diep was s'werelts oogh geweeken;x
#Text=y
#Text=z
#Text=des Aard-rijx swarte schauw die spand' haar bruijne deeken
#Text=
#Text=aa
#Text=bb
#Text=besprengt met flonker vonken om ons Aarden kreijs,
#Text=cc
#Text=dd
#Text=en t'hoorenlicht zijn paard' en waghen schikt op reijs;
#Text=
#Text=
#Text=a
#Text=b
#Text=c
#Text=d
#Text=e
#Text=f
#Text=g
#Text=h
#Text=i
#Text=j
#Text=k
#Text=l
#Text=m
#Text=n
#Text=o
#Text=p
#Text=q
#Text=r
#Text=s
#Text=t
#Text=u
#Text=v
#Text=w
#Text=x
#Text=y
#Text=z
#Text=aa
#Text=bb
#Text=cc
#Text=dd
#Text=
#Text=aangenaam van geur
#Text=altijd groen
#Text=voortreffelijke
#Text=een narcis-soort
#Text=anjer
#Text=muurbloem
#Text=
#Text=
#Text=een anjersoort
#Text=niet onkruid in onze zin;
#Text=Spiegel bedoelt de geurloze geïmporteerde planten alleen om hun
#Text=bijzonderheid begeerd
#Text=achtergesteld
#Text=zoals
#Text=begeerte naar nieuwe dingen
#Text=òf postpos.
#Text=bij nieuw-gier, òf bijw. bij pronkt, in beide gevallen met de betekenis van ‘duur’
#Text=in tuinen van liefhebbers van opzichtige planten
#Text=waarom
#Text=hebben wij een afkeer van het veelvuldig voorkomende, het alledaagse
#Text=wijst terug naar praal-kruijt-lievers
#Text=de fritillaria imperiales, een sierplant uit Perzië ingevoerd, die een onaangename geur
#Text=verspreidde
#Text=zo veroorzaakt opgeblazenheid waanzinnig gedrag
#Text=nut in zich dragend, nuttig
#Text=loot van een plant; hier:
#Text=pars pro toto: plant
#Text=verplaatsen (met de bijgedachte:
#Text=stellen wij achter)
#Text=
#Text=
#Text=volgens Vlaming denkt Spiegel hier aan reukeloze bloemen ‘gelyk Tulipanen en Ranunkels,
#Text=herkomstig uit Turkyen.
#Text=’
#Text=
#Text=de zon
#Text=reeds diep (of: zeer diep) onder de horizon verdwenen
#Text=de zwarte schaduw die over de aarde lag
#Text=die trok haar donkere deken (het duister wordende firmament)
#Text=
#Text=besprenkeld met flonkerende sterren
#Text=een letterlijke vertaling van orbis terrarum, dus: aarde
2-1	118-119	w	
2-2	120-122	25	
2-3	123-126	Met	
2-4	127-130	dit	
2-5	131-139	gepeijns	
2-6	140-142	al	
2-7	143-147	diep	
2-8	148-151	was	
2-9	152-161	s'werelts	
2-10	162-166	oogh	
2-11	167-175	geweeken	
2-12	175-176	;	
2-13	176-177	x	
2-14	178-179	y	
2-15	180-181	z	
2-16	182-185	des	
2-17	186-195	Aard-rijx	
2-18	196-202	swarte	
2-19	203-209	schauw	
2-20	210-213	die	
2-21	214-219	spand	
2-22	219-220	'	
2-23	221-225	haar	
2-24	226-233	bruijne	
2-25	234-240	deeken	
2-26	242-244	aa	
2-27	245-247	bb	
2-28	248-257	besprengt	
2-29	258-261	met	
2-30	262-269	flonker	
2-31	270-276	vonken	
2-32	277-279	om	
2-33	280-283	ons	
2-34	284-290	Aarden	
2-35	291-297	kreijs	
2-36	297-298	,	
2-37	299-301	cc	
2-38	302-304	dd	
2-39	305-307	en	
2-40	308-321	t'hoorenlicht	
2-41	322-326	zijn	
2-42	327-332	paard	
2-43	332-333	'	
2-44	334-336	en	
2-45	337-343	waghen	
2-46	344-350	schikt	
2-47	351-353	op	
2-48	354-359	reijs	
2-49	359-360	;	
2-50	363-364	a	
2-51	365-366	b	
2-52	367-368	c	
2-53	369-370	d	
2-54	371-372	e	
2-55	373-374	f	
2-56	375-376	g	
2-57	377-378	h	
2-58	379-380	i	
2-59	381-382	j	
2-60	383-384	k	
2-61	385-386	l	
2-62	387-388	m	
2-63	389-390	n	
2-64	391-392	o	
2-65	393-394	p	
2-66	395-396	q	
2-67	397-398	r	
2-68	399-400	s	
2-69	401-402	t	
2-70	403-404	u	
2-71	405-406	v	
2-72	407-408	w	
2-73	409-410	x	
2-74	411-412	y	
2-75	413-414	z	
2-76	415-417	aa	
2-77	418-420	bb	
2-78	421-423	cc	
2-79	424-426	dd	
2-80	428-437	aangenaam	
2-81	438-441	van	
2-82	442-446	geur	
2-83	447-453	altijd	
2-84	454-459	groen	
2-85	460-475	voortreffelijke	
2-86	476-479	een	
2-87	480-492	narcis-soort	
2-88	493-498	anjer	
2-89	499-508	muurbloem	
2-90	511-514	een	
2-91	515-525	anjersoort	
2-92	526-530	niet	
2-93	531-538	onkruid	
2-94	539-541	in	
2-95	542-546	onze	
2-96	547-550	zin	
2-97	550-551	;	
2-98	552-559	Spiegel	
2-99	560-567	bedoelt	
2-100	568-570	de	
2-101	571-579	geurloze	
2-102	580-593	geïmporteerde	
2-103	594-601	planten	
2-104	602-608	alleen	
2-105	609-611	om	
2-106	612-615	hun	
2-107	616-629	bijzonderheid	
2-108	630-637	begeerd	
2-109	638-651	achtergesteld	
2-110	652-657	zoals	
2-111	658-666	begeerte	
2-112	667-671	naar	
2-113	672-678	nieuwe	
2-114	679-685	dingen	
2-115	686-688	òf	
2-116	689-696	postpos	
2-117	696-697	.	
2-118	698-701	bij	
2-119	702-712	nieuw-gier	
2-120	712-713	,	
2-121	714-716	òf	
2-122	717-721	bijw	
2-123	721-722	.	
2-124	723-726	bij	
2-125	727-733	pronkt	
2-126	733-734	,	
2-127	735-737	in	
2-128	738-743	beide	
2-129	744-752	gevallen	
2-130	753-756	met	
2-131	757-759	de	
2-132	760-769	betekenis	
2-133	770-773	van	
2-134	774-775	‘	
2-135	775-779	duur	
2-136	779-780	’	
2-137	781-783	in	
2-138	784-790	tuinen	
2-139	791-794	van	
2-140	795-806	liefhebbers	
2-141	807-810	van	
2-142	811-821	opzichtige	
2-143	822-829	planten	
2-144	830-836	waarom	
2-145	837-843	hebben	
2-146	844-847	wij	
2-147	848-851	een	
2-148	852-858	afkeer	
2-149	859-862	van	
2-150	863-866	het	
2-151	867-877	veelvuldig	
2-152	878-889	voorkomende	
2-153	889-890	,	
2-154	891-894	het	
2-155	895-905	alledaagse	
2-156	906-911	wijst	
2-157	912-917	terug	
2-158	918-922	naar	
2-159	923-943	praal-kruijt-lievers	
2-160	944-946	de	
2-161	947-958	fritillaria	
2-162	959-969	imperiales	
2-163	969-970	,	
2-164	971-974	een	
2-165	975-984	sierplant	
2-166	985-988	uit	
2-167	989-995	Perzië	
2-168	996-1005	ingevoerd	
2-169	1005-1006	,	
2-170	1007-1010	die	
2-171	1011-1014	een	
2-172	1015-1026	onaangename	
2-173	1027-1031	geur	
2-174	1032-1043	verspreidde	
2-175	1044-1046	zo	
2-176	1047-1058	veroorzaakt	
2-177	1059-1073	opgeblazenheid	
2-178	1074-1084	waanzinnig	
2-179	1085-1091	gedrag	
2-180	1092-1095	nut	
2-181	1096-1098	in	
2-182	1099-1103	zich	
2-183	1104-1111	dragend	
2-184	1111-1112	,	
2-185	1113-1119	nuttig	
2-186	1120-1124	loot	
2-187	1125-1128	van	
2-188	1129-1132	een	
2-189	1133-1138	plant	
2-190	1138-1139	;	
2-191	1140-1144	hier	
2-192	1144-1145	:	
2-193	1146-1150	pars	
2-194	1151-1154	pro	
2-195	1155-1159	toto	
2-196	1159-1160	:	
2-197	1161-1166	plant	
2-198	1167-1178	verplaatsen	
2-199	1179-1180	(	
2-200	1180-1183	met	
2-201	1184-1186	de	
2-202	1187-1198	bijgedachte	
2-203	1198-1199	:	
2-204	1200-1207	stellen	
2-205	1208-1211	wij	
2-206	1212-1218	achter	
2-207	1218-1219	)	
2-208	1222-1229	volgens	
2-209	1230-1237	Vlaming	
2-210	1238-1243	denkt	
2-211	1244-1251	Spiegel	
2-212	1252-1256	hier	
2-213	1257-1260	aan	
2-214	1261-1270	reukeloze	
2-215	1271-1278	bloemen	
2-216	1279-1280	‘	
2-217	1280-1285	gelyk	
2-218	1286-1295	Tulipanen	
2-219	1296-1298	en	
2-220	1299-1308	Ranunkels	
2-221	1308-1309	,	
2-222	1310-1320	herkomstig	
2-223	1321-1324	uit	
2-224	1325-1332	Turkyen	
2-225	1332-1333	.	
2-226	1334-1335	’	
2-227	1337-1339	de	
2-228	1340-1343	zon	
2-229	1344-1349	reeds	
2-230	1350-1354	diep	
2-231	1355-1356	(	
2-232	1356-1358	of	
2-233	1358-1359	:	
2-234	1360-1364	zeer	
2-235	1365-1369	diep	
2-236	1369-1370	)	
2-237	1371-1376	onder	
2-238	1377-1379	de	
2-239	1380-1387	horizon	
2-240	1388-1397	verdwenen	
2-241	1398-1400	de	
2-242	1401-1407	zwarte	
2-243	1408-1415	schaduw	
2-244	1416-1419	die	
2-245	1420-1424	over	
2-246	1425-1427	de	
2-247	1428-1433	aarde	
2-248	1434-1437	lag	
2-249	1438-1441	die	
2-250	1442-1446	trok	
2-251	1447-1451	haar	
2-252	1452-1459	donkere	
2-253	1460-1465	deken	
2-254	1466-1467	(	
2-255	1467-1470	het	
2-256	1471-1478	duister	
2-257	1479-1487	wordende	
2-258	1488-1497	firmament	
2-259	1497-1498	)	
2-260	1500-1511	besprenkeld	
2-261	1512-1515	met	
2-262	1516-1527	flonkerende	
2-263	1528-1535	sterren	
2-264	1536-1539	een	
2-265	1540-1551	letterlijke	
2-266	1552-1561	vertaling	
2-267	1562-1565	van	
2-268	1566-1571	orbis	
2-269	1572-1580	terrarum	
2-270	1580-1581	,	
2-271	1582-1585	dus	
2-272	1585-1586	:	
2-273	1587-1592	aarde	
