#FORMAT=WebAnno TSV 3.3


#Text=Vaten der Zaadballetjes rr van het Kapelletje des Sydewurms
#Text=aardig geperforeert g+.
1-1	4-9	Vaten	
1-2	10-13	der	
1-3	14-27	Zaadballetjes	
1-4	28-30	rr	
1-5	31-34	van	
1-6	35-38	het	
1-7	39-49	Kapelletje	
1-8	50-53	des	
1-9	54-63	Sydewurms	
1-10	64-70	aardig	
1-11	71-83	geperforeert	
1-12	84-85	g	
1-13	85-86	+	
1-14	86-87	.	

#Text=pp.
#Text=ss, het welk of het tot wellust in dit soort van Dieren doet, dat laat ik andere
#Text=+
#Text=rr.
2-1	89-91	pp	
2-2	91-92	.	
2-3	93-95	ss	
2-4	95-96	,	
2-5	97-100	het	
2-6	101-105	welk	
2-7	106-108	of	
2-8	109-112	het	
2-9	113-116	tot	
2-10	117-124	wellust	
2-11	125-127	in	
2-12	128-131	dit	
2-13	132-137	soort	
2-14	138-141	van	
2-15	142-148	Dieren	
2-16	149-153	doet	
2-17	153-154	,	
2-18	155-158	dat	
2-19	159-163	laat	
2-20	164-166	ik	
2-21	167-173	andere	
2-22	174-175	+	
2-23	176-178	rr	
2-24	178-179	.	

#Text=oordeelen:
#Text=waarom ik dan de Teelleden van dit genoemde Dierken daar by heb
#Text=+
#Text=
#Text=ss.
3-1	181-190	oordeelen	
3-2	190-191	:	
3-3	192-198	waarom	
3-4	199-201	ik	
3-5	202-205	dan	
3-6	206-208	de	
3-7	209-218	Teelleden	
3-8	219-222	van	
3-9	223-226	dit	
3-10	227-235	genoemde	
3-11	236-243	Dierken	
3-12	244-248	daar	
3-13	249-251	by	
3-14	252-255	heb	
3-15	256-257	+	
3-16	259-261	ss	
3-17	261-262	.	

#Text=afgemaalt, en te gelyk in een figuur
#Text=ten toon gestelt, welkers uytlegging menagter
#Text=in dit werk, by die van alle deandere, in 't kort vinden sal.
4-1	264-273	afgemaalt	
4-2	273-274	,	
4-3	275-277	en	
4-4	278-280	te	
4-5	281-286	gelyk	
4-6	287-289	in	
4-7	290-293	een	
4-8	294-300	figuur	
4-9	301-304	ten	
4-10	305-309	toon	
4-11	310-317	gestelt	
4-12	317-318	,	
4-13	319-326	welkers	
4-14	327-337	uytlegging	
4-15	338-346	menagter	
4-16	347-349	in	
4-17	350-353	dit	
4-18	354-358	werk	
4-19	358-359	,	
4-20	360-362	by	
4-21	363-366	die	
4-22	367-370	van	
4-23	371-375	alle	
4-24	376-384	deandere	
4-25	384-385	,	
4-26	386-388	in	
4-27	389-390	'	
4-28	390-391	t	
4-29	392-396	kort	
4-30	397-403	vinden	
4-31	404-407	sal	
4-32	407-408	.	

#Text=Om alle deese deelen van de Hersenen, en het Merg, te balsemen, heb ik een seer
#Text=rare uytvinding gevonden, soo dat ik haar een lichaam kan geeven, en haar
#Text=behoudenin haar couleur en natuurelyke grootte;
#Text=daar sy andersins t'eenemaal weg
#Text=droogen; en dat sal ik communiceeren, indien ik t'eeniger tyt myne ontleedkundige
#Text=byzonderheden resolveer in het ligt te geeven.
5-1	411-413	Om	
5-2	414-418	alle	
5-3	419-424	deese	
5-4	425-431	deelen	
5-5	432-435	van	
5-6	436-438	de	
5-7	439-447	Hersenen	
5-8	447-448	,	
5-9	449-451	en	
5-10	452-455	het	
5-11	456-460	Merg	
5-12	460-461	,	
5-13	462-464	te	
5-14	465-473	balsemen	
5-15	473-474	,	
5-16	475-478	heb	
5-17	479-481	ik	
5-18	482-485	een	
5-19	486-490	seer	
5-20	491-495	rare	
5-21	496-506	uytvinding	
5-22	507-515	gevonden	
5-23	515-516	,	
5-24	517-520	soo	
5-25	521-524	dat	
5-26	525-527	ik	
5-27	528-532	haar	
5-28	533-536	een	
5-29	537-544	lichaam	
5-30	545-548	kan	
5-31	549-555	geeven	
5-32	555-556	,	
5-33	557-559	en	
5-34	560-564	haar	
5-35	565-575	behoudenin	
5-36	576-580	haar	
5-37	581-588	couleur	
5-38	589-591	en	
5-39	592-603	natuurelyke	
5-40	604-611	grootte	
5-41	611-612	;	
5-42	613-617	daar	
5-43	618-620	sy	
5-44	621-630	andersins	
5-45	631-641	t'eenemaal	
5-46	642-645	weg	
5-47	646-653	droogen	
5-48	653-654	;	
5-49	655-657	en	
5-50	658-661	dat	
5-51	662-665	sal	
5-52	666-668	ik	
5-53	669-682	communiceeren	
5-54	682-683	,	
5-55	684-690	indien	
5-56	691-693	ik	
5-57	694-703	t'eeniger	
5-58	704-707	tyt	
5-59	708-712	myne	
5-60	713-727	ontleedkundige	
5-61	728-741	byzonderheden	
5-62	742-751	resolveer	
5-63	752-754	in	
5-64	755-758	het	
5-65	759-763	ligt	
5-66	764-766	te	
5-67	767-773	geeven	
5-68	773-774	.	

#Text=Ondertusschen heb ik verscheyde
#Text=kleene deelen, tot een proefken, alsoo gebalsemt; die haar klaarder vertonen, als
#Text=in 't leven selve;
#Text=daar sy met een oneyndige moeyte en een verdrietigen arbeyt
#Text=moeten gesogt ende gesien worden.
6-1	775-788	Ondertusschen	
6-2	789-792	heb	
6-3	793-795	ik	
6-4	796-806	verscheyde	
6-5	807-813	kleene	
6-6	814-820	deelen	
6-7	820-821	,	
6-8	822-825	tot	
6-9	826-829	een	
6-10	830-838	proefken	
6-11	838-839	,	
6-12	840-845	alsoo	
6-13	846-855	gebalsemt	
6-14	855-856	;	
6-15	857-860	die	
6-16	861-865	haar	
6-17	866-874	klaarder	
6-18	875-883	vertonen	
6-19	883-884	,	
6-20	885-888	als	
6-21	889-891	in	
6-22	892-893	'	
6-23	893-894	t	
6-24	895-900	leven	
6-25	901-906	selve	
6-26	906-907	;	
6-27	908-912	daar	
6-28	913-915	sy	
6-29	916-919	met	
6-30	920-923	een	
6-31	924-933	oneyndige	
6-32	934-940	moeyte	
6-33	941-943	en	
6-34	944-947	een	
6-35	948-960	verdrietigen	
6-36	961-967	arbeyt	
6-37	968-974	moeten	
6-38	975-981	gesogt	
6-39	982-986	ende	
6-40	987-993	gesien	
6-41	994-1000	worden	
6-42	1000-1001	.	

#Text=Om myn Historie te vervolgen, soo kan ik alhier niet voorby gaan, hoe graag de
#Text=Hoenderen ende de
#Text=
#Text=Jan Swammerdam, Bybel der natuure of historie der insecten.
7-1	1004-1006	Om	
7-2	1007-1010	myn	
7-3	1011-1019	Historie	
7-4	1020-1022	te	
7-5	1023-1032	vervolgen	
7-6	1032-1033	,	
7-7	1034-1037	soo	
7-8	1038-1041	kan	
7-9	1042-1044	ik	
7-10	1045-1051	alhier	
7-11	1052-1056	niet	
7-12	1057-1063	voorby	
7-13	1064-1068	gaan	
7-14	1068-1069	,	
7-15	1070-1073	hoe	
7-16	1074-1079	graag	
7-17	1080-1082	de	
7-18	1083-1092	Hoenderen	
7-19	1093-1097	ende	
7-20	1098-1100	de	
7-21	1102-1105	Jan	
7-22	1106-1116	Swammerdam	
7-23	1116-1117	,	
7-24	1118-1123	Bybel	
7-25	1124-1127	der	
7-26	1128-1135	natuure	
7-27	1136-1138	of	
7-28	1139-1147	historie	
7-29	1148-1151	der	
7-30	1152-1160	insecten	
7-31	1160-1161	.	

#Text=Deel 1
#Text=
#Text=\f318
#Text=atque Pavones
#Text=Indici
#Text=horumce Vermium
#Text=esu delectentur: unde inducor, ut pro vero
#Text=habeam, quod Moufetus ex Plinio & Hieronymo allegat;
8-1	1162-1166	Deel	
8-2	1167-1168	1	
8-3	1171-1174	318	
8-4	1175-1180	atque	
8-5	1181-1188	Pavones	
8-6	1189-1195	Indici	
8-7	1196-1203	horumce	
8-8	1204-1211	Vermium	
8-9	1212-1215	esu	
8-10	1216-1227	delectentur	
8-11	1227-1228	:	
8-12	1229-1233	unde	
8-13	1234-1241	inducor	
8-14	1241-1242	,	
8-15	1243-1245	ut	
8-16	1246-1249	pro	
8-17	1250-1254	vero	
8-18	1255-1261	habeam	
8-19	1261-1262	,	
8-20	1263-1267	quod	
8-21	1268-1276	Moufetus	
8-22	1277-1279	ex	
8-23	1280-1286	Plinio	
8-24	1287-1288	&	
8-25	1289-1298	Hieronymo	
8-26	1299-1306	allegat	
8-27	1306-1307	;	
