#FORMAT=WebAnno TSV 3.3
#T_SP=custom.Span|label
#T_RL=custom.Relation|label|BT_custom.Span


#Text=Es war ein kleiner Bruder, der in seiner Familie „Archibald“ 
#Text=genannt wird.
1-1	0-2	Es	_	_	_	
1-2	3-6	war	_	_	_	
1-3	7-10	ein	_	_	_	
1-4	11-18	kleiner	_	_	_	
1-5	19-25	Bruder	_	_	_	
1-6	25-26	,	_	_	_	
1-7	27-30	der	_	_	_	
1-8	31-33	in	_	_	_	
1-9	34-40	seiner	_	_	_	
1-10	41-48	Familie	_	_	_	
1-11	49-50	„	_	_	_	
1-12	50-59	Archibald	_	_	_	
1-13	59-60	“	_	_	_	
1-14	62-69	genannt	_	_	_	
1-15	70-74	wird	_	_	_	
1-16	74-75	.	_	_	_	

#Text=Er weiß sich nicht zu erinnern, wann der Abortus stattge- 
#Text=funden hat.
2-1	76-78	Er	_	_	_	
2-2	79-83	weiß	_	_	_	
2-3	84-88	sich	_	_	_	
2-4	89-94	nicht	_	_	_	
2-5	95-97	zu	_	_	_	
2-6	98-106	erinnern	_	_	_	
2-7	106-107	,	_	_	_	
2-8	108-112	wann	_	_	_	
2-9	113-116	der	_	_	_	
2-10	117-124	Abortus	_	_	_	
2-11	125-132	stattge	_	_	_	
2-12	132-133	-	_	_	_	
2-13	135-141	funden	_	_	_	
2-14	142-145	hat	_	_	_	
2-15	145-146	.	_	_	_	

#Text=Er weiß jetzt, daß die Flanellbinden der Mutter wegen ihres Geruches 
#Text=eine große Anziehungskraft auf ihn ausübten.
3-1	150-152	Er	_	_	_	
3-2	153-157	weiß	_	_	_	
3-3	158-163	jetzt	_	_	_	
3-4	163-164	,	_	_	_	
3-5	165-168	daß	_	_	_	
3-6	169-172	die	Smell\_Source[1]	_	_	
3-7	173-186	Flanellbinden	Smell\_Source[1]	_	_	
3-8	187-190	der	Smell\_Source[1]	_	_	
3-9	191-197	Mutter	Smell\_Source[1]	_	_	
3-10	198-203	wegen	_	_	_	
3-11	204-209	ihres	_	_	_	
3-12	210-218	Geruches	Smell\_Word	*|*|*	3-6[1_0]|3-17|3-13[2_0]	
3-13	220-224	eine	Effect[2]	_	_	
3-14	225-230	große	Effect[2]	_	_	
3-15	231-246	Anziehungskraft	Effect[2]	_	_	
3-16	247-250	auf	_	_	_	
3-17	251-254	ihn	Perceiver	_	_	
3-18	255-263	ausübten	_	_	_	
3-19	263-264	.	_	_	_	

#Text=Er wird durch den Geruch von 
#Text=getragener Wäsche und von getragenen Kleidern erregt, wenn ihm eine Person 
#Text=gefällt.
4-1	265-267	Er	Perceiver	_	_	
4-2	268-272	wird	_	_	_	
4-3	273-278	durch	_	_	_	
4-4	279-282	den	_	_	_	
4-5	283-289	Geruch	Smell\_Word	*|*|*|*	4-7[3_0]|4-11[4_0]|4-1|4-13	
4-6	290-293	von	_	_	_	
4-7	295-305	getragener	Smell\_Source[3]	_	_	
4-8	306-312	Wäsche	Smell\_Source[3]	_	_	
4-9	313-316	und	_	_	_	
4-10	317-320	von	_	_	_	
4-11	321-331	getragenen	Smell\_Source[4]	_	_	
4-12	332-340	Kleidern	Smell\_Source[4]	_	_	
4-13	341-347	erregt	Effect	_	_	
4-14	347-348	,	_	_	_	
4-15	349-353	wenn	_	_	_	
4-16	354-357	ihm	_	_	_	
4-17	358-362	eine	_	_	_	
4-18	363-369	Person	_	_	_	
4-19	371-378	gefällt	_	_	_	
4-20	378-379	.	_	_	_	

#Text=Der Wanderkittel mancher Wandervögel erregte ihn außerordentlich 
#Text=und er ergötzte sich an dem Gerüche des Schweißes.
5-1	380-383	Der	_	_	_	
5-2	384-396	Wanderkittel	_	_	_	
5-3	397-404	mancher	_	_	_	
5-4	405-416	Wandervögel	_	_	_	
5-5	417-424	erregte	_	_	_	
5-6	425-428	ihn	_	_	_	
5-7	429-444	außerordentlich	_	_	_	
5-8	446-449	und	_	_	_	
5-9	450-452	er	Perceiver	_	_	
5-10	453-461	ergötzte	Effect[5]	_	_	
5-11	462-466	sich	Effect[5]	_	_	
5-12	467-469	an	_	_	_	
5-13	470-473	dem	_	_	_	
5-14	474-481	Gerüche	Smell\_Word	*|*|*	5-15[6_0]|5-9|5-10[5_0]	
5-15	482-485	des	Smell\_Source[6]	_	_	
5-16	486-495	Schweißes	Smell\_Source[6]	_	_	
5-17	495-496	.	_	_	_	

#Text=Auch der Anzug seines 
#Text=Freundes roch sehr kräftig.
6-1	497-501	Auch	_	_	_	
6-2	502-505	der	Smell\_Source[7]	_	_	
6-3	506-511	Anzug	Smell\_Source[7]	_	_	
6-4	512-518	seines	Smell\_Source[7]	_	_	
6-5	520-528	Freundes	Smell\_Source[7]	_	_	
6-6	529-533	roch	Smell\_Word	*|*	6-2[7_0]|6-7[8_0]	
6-7	534-538	sehr	Quality[8]	_	_	
6-8	539-546	kräftig	Quality[8]	_	_	
6-9	546-547	.	_	_	_	

#Text=Dieser Geruch war für ihn ein sexuelles Stimulans.
7-1	548-554	Dieser	_	_	_	
7-2	555-561	Geruch	Smell\_Word	*|*	7-5|7-6[9_0]	
7-3	562-565	war	_	_	_	
7-4	566-569	für	_	_	_	
7-5	570-573	ihn	Perceiver	_	_	
7-6	574-577	ein	Effect[9]	_	_	
7-7	578-587	sexuelles	Effect[9]	_	_	
7-8	588-597	Stimulans	Effect[9]	_	_	
7-9	597-598	.	_	_	_	

#Text=In der masochistischen Literatur erregten ihn Szenen, bei denen der Maso- 
#Text=chist einen weiblichen Unterrock anziehen mußte.
8-1	601-603	In	_	_	_	
8-2	604-607	der	_	_	_	
8-3	608-623	masochistischen	_	_	_	
8-4	624-633	Literatur	_	_	_	
8-5	634-642	erregten	_	_	_	
8-6	643-646	ihn	_	_	_	
8-7	647-653	Szenen	_	_	_	
8-8	653-654	,	_	_	_	
8-9	655-658	bei	_	_	_	
8-10	659-664	denen	_	_	_	
8-11	665-668	der	_	_	_	
8-12	669-673	Maso	_	_	_	
8-13	673-674	-	_	_	_	
8-14	676-681	chist	_	_	_	
8-15	682-687	einen	_	_	_	
8-16	688-698	weiblichen	_	_	_	
8-17	699-708	Unterrock	_	_	_	
8-18	709-717	anziehen	_	_	_	
8-19	718-723	mußte	_	_	_	
8-20	723-724	.	_	_	_	

#Text=Er dachfe an einen ge- 
#Text=tragenen Unterrock und wie gut er riechen müßte.
9-1	725-727	Er	Perceiver	_	_	
9-2	728-734	dachfe	_	_	_	
9-3	735-737	an	_	_	_	
9-4	738-743	einen	Smell\_Source[10]	_	_	
9-5	744-746	ge	Smell\_Source[10]	_	_	
9-6	746-747	-	Smell\_Source[10]	_	_	
9-7	749-757	tragenen	Smell\_Source[10]	_	_	
9-8	758-767	Unterrock	Smell\_Source[10]	_	_	
9-9	768-771	und	_	_	_	
9-10	772-775	wie	_	_	_	
9-11	776-779	gut	Quality	_	_	
9-12	780-782	er	_	_	_	
9-13	783-790	riechen	Smell\_Word	*|*|*	9-4[10_0]|9-11|9-1	
9-14	791-796	müßte	_	_	_	
9-15	796-797	.	_	_	_	

#Text=(Besonders eine Szene in 
#Text=den Memoiren des Viscount of Robinson.)
10-1	798-799	(	_	_	_	
10-2	799-808	Besonders	_	_	_	
10-3	809-813	eine	_	_	_	
10-4	814-819	Szene	_	_	_	
10-5	820-822	in	_	_	_	
10-6	824-827	den	_	_	_	
10-7	828-836	Memoiren	_	_	_	
10-8	837-840	des	_	_	_	
10-9	841-849	Viscount	_	_	_	
10-10	850-852	of	_	_	_	
10-11	853-861	Robinson	_	_	_	
10-12	861-862	.	_	_	_	
10-13	862-863	)	_	_	_	

#Text=Ein Fall von orthopädischem Fetischismus.
#Text=
#Text=
#Text=
#Text=475 
#Text=
#Text=
#Text=
#Text=Wir sehen ganz deutlich die Konturen infantiler Erlebnisse 
#Text=dtirchschimmern, welche seine Parapathie verursacht liaben.
11-1	868-871	Ein	_	_	_	
11-2	872-876	Fall	_	_	_	
11-3	877-880	von	_	_	_	
11-4	881-895	orthopädischem	_	_	_	
11-5	896-908	Fetischismus	_	_	_	
11-6	908-909	.	_	_	_	
11-7	913-916	475	_	_	_	
11-8	921-924	Wir	_	_	_	
11-9	925-930	sehen	_	_	_	
11-10	931-935	ganz	_	_	_	
11-11	936-944	deutlich	_	_	_	
11-12	945-948	die	_	_	_	
11-13	949-957	Konturen	_	_	_	
11-14	958-968	infantiler	_	_	_	
11-15	969-979	Erlebnisse	_	_	_	
11-16	981-996	dtirchschimmern	_	_	_	
11-17	996-997	,	_	_	_	
11-18	998-1004	welche	_	_	_	
11-19	1005-1010	seine	_	_	_	
11-20	1011-1021	Parapathie	_	_	_	
11-21	1022-1032	verursacht	_	_	_	
11-22	1033-1039	liaben	_	_	_	
11-23	1039-1040	.	_	_	_	

#Text=Was h £ 
#Text=
#Text=i t sich zwischen 
#Text=
#Text=i h m u n d
#Text=den 
#Text=
#Text=Sc: 
#Text=
#Text=h w e s t e r n 
#Text=
#Text=bgespielt
#Text=
#Text=
#Text=9
12-1	1045-1048	Was	_	_	_	
12-2	1049-1050	h	_	_	_	
12-3	1051-1052	£	_	_	_	
12-4	1055-1056	i	_	_	_	
12-5	1057-1058	t	_	_	_	
12-6	1059-1063	sich	_	_	_	
12-7	1064-1072	zwischen	_	_	_	
12-8	1075-1076	i	_	_	_	
12-9	1077-1078	h	_	_	_	
12-10	1079-1080	m	_	_	_	
12-11	1081-1082	u	_	_	_	
12-12	1083-1084	n	_	_	_	
12-13	1085-1086	d	_	_	_	
12-14	1087-1090	den	_	_	_	
12-15	1093-1095	Sc	_	_	_	
12-16	1095-1096	:	_	_	_	
12-17	1099-1100	h	_	_	_	
12-18	1101-1102	w	_	_	_	
12-19	1103-1104	e	_	_	_	
12-20	1105-1106	s	_	_	_	
12-21	1107-1108	t	_	_	_	
12-22	1109-1110	e	_	_	_	
12-23	1111-1112	r	_	_	_	
12-24	1113-1114	n	_	_	_	
12-25	1117-1126	bgespielt	_	_	_	
12-26	1129-1130	9	_	_	_	
