#FORMAT=WebAnno TSV 3.3


#Text=498
#Text=vrooren geweest was.
1-1	5-8	498	
1-2	9-16	vrooren	
1-3	17-24	geweest	
1-4	25-28	was	
1-5	28-29	.	

#Text=Dezelfde proeve werd herhaald op de bladeren en wortelen
#Text=
#Text=van een jonge Boonplant, en hadt denzelfden uitslag.
2-1	30-38	Dezelfde	
2-2	39-45	proeve	
2-3	46-50	werd	
2-4	51-59	herhaald	
2-5	60-62	op	
2-6	63-65	de	
2-7	66-74	bladeren	
2-8	75-77	en	
2-9	78-86	wortelen	
2-10	88-91	van	
2-11	92-95	een	
2-12	96-101	jonge	
2-13	102-111	Boonplant	
2-14	111-112	,	
2-15	113-115	en	
2-16	116-120	hadt	
2-17	121-131	denzelfden	
2-18	132-139	uitslag	
2-19	139-140	.	

#Text=IV.
3-1	142-144	IV	
3-2	144-145	.	

#Text=Een Blad geplukt van een groeienden Boon, in een koud mengzel gestooken,
#Text=bevroozen, en vervolgens ontdooid, diende tot een regelmaat.
4-1	146-149	Een	
4-2	150-154	Blad	
4-3	155-162	geplukt	
4-4	163-166	van	
4-5	167-170	een	
4-6	171-181	groeienden	
4-7	182-186	Boon	
4-8	186-187	,	
4-9	188-190	in	
4-10	191-194	een	
4-11	195-199	koud	
4-12	200-207	mengzel	
4-13	208-217	gestooken	
4-14	217-218	,	
4-15	219-228	bevroozen	
4-16	228-229	,	
4-17	230-232	en	
4-18	233-243	vervolgens	
4-19	244-252	ontdooid	
4-20	252-253	,	
4-21	254-260	diende	
4-22	261-264	tot	
4-23	265-268	een	
4-24	269-278	regelmaat	
4-25	278-279	.	

#Text=Een ander versch
#Text=Blad werd genomen, en in 't midden geknakt;
#Text=een klein hollooden vat werd boven
#Text=op het koude mengzel geplaatst, en de twee bladen op den bodem nedergelegd:
#Text=
#Text=maar de eene helft van elk Blad liet men niet toe het vat aan te raaken, door het
#Text=ombuigen:
#Text=het koude mengzel was tusschen de 17 en 15 Graaden, en de Dampkring
#Text=op 22 Graaden.
5-1	280-283	Een	
5-2	284-289	ander	
5-3	290-296	versch	
5-4	297-301	Blad	
5-5	302-306	werd	
5-6	307-314	genomen	
5-7	314-315	,	
5-8	316-318	en	
5-9	319-321	in	
5-10	322-323	'	
5-11	323-324	t	
5-12	325-331	midden	
5-13	332-339	geknakt	
5-14	339-340	;	
5-15	341-344	een	
5-16	345-350	klein	
5-17	351-360	hollooden	
5-18	361-364	vat	
5-19	365-369	werd	
5-20	370-375	boven	
5-21	376-378	op	
5-22	379-382	het	
5-23	383-388	koude	
5-24	389-396	mengzel	
5-25	397-406	geplaatst	
5-26	406-407	,	
5-27	408-410	en	
5-28	411-413	de	
5-29	414-418	twee	
5-30	419-425	bladen	
5-31	426-428	op	
5-32	429-432	den	
5-33	433-438	bodem	
5-34	439-450	nedergelegd	
5-35	450-451	:	
5-36	453-457	maar	
5-37	458-460	de	
5-38	461-465	eene	
5-39	466-471	helft	
5-40	472-475	van	
5-41	476-479	elk	
5-42	480-484	Blad	
5-43	485-489	liet	
5-44	490-493	men	
5-45	494-498	niet	
5-46	499-502	toe	
5-47	503-506	het	
5-48	507-510	vat	
5-49	511-514	aan	
5-50	515-517	te	
5-51	518-524	raaken	
5-52	524-525	,	
5-53	526-530	door	
5-54	531-534	het	
5-55	535-543	ombuigen	
5-56	543-544	:	
5-57	545-548	het	
5-58	549-554	koude	
5-59	555-562	mengzel	
5-60	563-566	was	
5-61	567-575	tusschen	
5-62	576-578	de	
5-63	579-581	17	
5-64	582-584	en	
5-65	585-587	15	
5-66	588-595	Graaden	
5-67	595-596	,	
5-68	597-599	en	
5-69	600-602	de	
5-70	603-612	Dampkring	
5-71	613-615	op	
5-72	616-618	22	
5-73	619-626	Graaden	
5-74	626-627	.	

#Text=De oppervlakten van de twee Bladen, die het lood raakten, bevrooren
#Text=beide schielyk;
#Text=maar die oppervlakten, welke in rechte hoeken opliepen, en daarom
#Text=alleen door den kouden dampkring geraakt werden, bevrooren niet in gelyke tyden:
#Text=
#Text=het geen voorheen bevrooren geweest was, bevroor veel schielyker dan het frissche.
6-1	628-630	De	
6-2	631-643	oppervlakten	
6-3	644-647	van	
6-4	648-650	de	
6-5	651-655	twee	
6-6	656-662	Bladen	
6-7	662-663	,	
6-8	664-667	die	
6-9	668-671	het	
6-10	672-676	lood	
6-11	677-684	raakten	
6-12	684-685	,	
6-13	686-695	bevrooren	
6-14	696-701	beide	
6-15	702-710	schielyk	
6-16	710-711	;	
6-17	712-716	maar	
6-18	717-720	die	
6-19	721-733	oppervlakten	
6-20	733-734	,	
6-21	735-740	welke	
6-22	741-743	in	
6-23	744-750	rechte	
6-24	751-757	hoeken	
6-25	758-766	opliepen	
6-26	766-767	,	
6-27	768-770	en	
6-28	771-777	daarom	
6-29	778-784	alleen	
6-30	785-789	door	
6-31	790-793	den	
6-32	794-800	kouden	
6-33	801-810	dampkring	
6-34	811-818	geraakt	
6-35	819-825	werden	
6-36	825-826	,	
6-37	827-836	bevrooren	
6-38	837-841	niet	
6-39	842-844	in	
6-40	845-851	gelyke	
6-41	852-857	tyden	
6-42	857-858	:	
6-43	860-863	het	
6-44	864-868	geen	
6-45	869-877	voorheen	
6-46	878-887	bevrooren	
6-47	888-895	geweest	
6-48	896-899	was	
6-49	899-900	,	
6-50	901-908	bevroor	
6-51	909-913	veel	
6-52	914-924	schielyker	
6-53	925-928	dan	
6-54	929-932	het	
6-55	933-941	frissche	
6-56	941-942	.	

#Text=De bovengemelde Proeve werd herhaald als het koude mengzel op 25.
#Text=24 Graaden
#Text=stondt, en de dampkring omtrent even koud was, met denzelfden uitslag; alleen
#Text=hadden de Bladen langer werk om te bevriezen, inzonderheid het versch geplukte.
7-1	945-947	De	
7-2	948-960	bovengemelde	
7-3	961-967	Proeve	
7-4	968-972	werd	
7-5	973-981	herhaald	
7-6	982-985	als	
7-7	986-989	het	
7-8	990-995	koude	
7-9	996-1003	mengzel	
7-10	1004-1006	op	
7-11	1007-1009	25	
7-12	1009-1010	.	
7-13	1011-1013	24	
7-14	1014-1021	Graaden	
7-15	1022-1028	stondt	
7-16	1028-1029	,	
7-17	1030-1032	en	
7-18	1033-1035	de	
7-19	1036-1045	dampkring	
7-20	1046-1053	omtrent	
7-21	1054-1058	even	
7-22	1059-1063	koud	
7-23	1064-1067	was	
7-24	1067-1068	,	
7-25	1069-1072	met	
7-26	1073-1083	denzelfden	
7-27	1084-1091	uitslag	
7-28	1091-1092	;	
7-29	1093-1099	alleen	
7-30	1100-1106	hadden	
7-31	1107-1109	de	
7-32	1110-1116	Bladen	
7-33	1117-1123	langer	
7-34	1124-1128	werk	
7-35	1129-1131	om	
7-36	1132-1134	te	
7-37	1135-1144	bevriezen	
7-38	1144-1145	,	
7-39	1146-1158	inzonderheid	
7-40	1159-1162	het	
7-41	1163-1169	versch	
7-42	1170-1178	geplukte	
7-43	1178-1179	.	

#Text=V.
8-1	1181-1182	V	
8-2	1182-1183	.	

#Text=De bovengemelde groeiende vogten in het looden vat bevrooren zynde,
#Text=wanneer het koude mengzel op 28 Graaden stondt, en de dampkring dezelfde maat
#Text=van koude hadt, werd een groeiende scheut van een Pynboom, en een Boomblad
#Text=op de oppervlakte gelegd:
#Text=daar eenige minuuten gelegen hebbende, bevonden wy
#Text=
#Text=dat ze de oppervlakte, waar op zy lagen, ontdooid hadden.
9-1	1184-1186	De	
9-2	1187-1199	bovengemelde	
9-3	1200-1209	groeiende	
9-4	1210-1216	vogten	
9-5	1217-1219	in	
9-6	1220-1223	het	
9-7	1224-1230	looden	
9-8	1231-1234	vat	
9-9	1235-1244	bevrooren	
9-10	1245-1250	zynde	
9-11	1250-1251	,	
9-12	1252-1259	wanneer	
9-13	1260-1263	het	
9-14	1264-1269	koude	
9-15	1270-1277	mengzel	
9-16	1278-1280	op	
9-17	1281-1283	28	
9-18	1284-1291	Graaden	
9-19	1292-1298	stondt	
9-20	1298-1299	,	
9-21	1300-1302	en	
9-22	1303-1305	de	
9-23	1306-1315	dampkring	
9-24	1316-1324	dezelfde	
9-25	1325-1329	maat	
9-26	1330-1333	van	
9-27	1334-1339	koude	
9-28	1340-1344	hadt	
9-29	1344-1345	,	
9-30	1346-1350	werd	
9-31	1351-1354	een	
9-32	1355-1364	groeiende	
9-33	1365-1371	scheut	
9-34	1372-1375	van	
9-35	1376-1379	een	
9-36	1380-1387	Pynboom	
9-37	1387-1388	,	
9-38	1389-1391	en	
9-39	1392-1395	een	
9-40	1396-1404	Boomblad	
9-41	1405-1407	op	
9-42	1408-1410	de	
9-43	1411-1422	oppervlakte	
9-44	1423-1429	gelegd	
9-45	1429-1430	:	
9-46	1431-1435	daar	
9-47	1436-1442	eenige	
9-48	1443-1451	minuuten	
9-49	1452-1459	gelegen	
9-50	1460-1468	hebbende	
9-51	1468-1469	,	
9-52	1470-1478	bevonden	
9-53	1479-1481	wy	
9-54	1483-1486	dat	
9-55	1487-1489	ze	
9-56	1490-1492	de	
9-57	1493-1504	oppervlakte	
9-58	1504-1505	,	
9-59	1506-1510	waar	
9-60	1511-1513	op	
9-61	1514-1516	zy	
9-62	1517-1522	lagen	
9-63	1522-1523	,	
9-64	1524-1532	ontdooid	
9-65	1533-1539	hadden	
9-66	1539-1540	.	

#Text=Dit dagt ik kon voortkomen
10-1	1541-1544	Dit	
10-2	1545-1549	dagt	
10-3	1550-1552	ik	
10-4	1553-1556	kon	
10-5	1557-1567	voortkomen	
