#FORMAT=WebAnno TSV 3.3


#Text=kon.
1-1	2-5	kon	
1-2	5-6	.	

#Text=Te Londen
#Text=scheen de Horizont ten Noord-Oosten met zeer donkere en dikke 
#Text=dampen bezet, in welker midden, men gelykzaam een maalstroom van een rosachtig 
#Text=licht zag, t welk allenks lichter wierd, en zy-
#Text=
#Text=
#Text=
#Text=
#Text=
#Text=
#Text=
#Text=
#Text=
#Text=
#Text=+ Atmosphere.
2-1	11-13	Te	
2-2	14-20	Londen	
2-3	21-27	scheen	
2-4	28-30	de	
2-5	31-39	Horizont	
2-6	40-43	ten	
2-7	44-56	Noord-Oosten	
2-8	57-60	met	
2-9	61-65	zeer	
2-10	66-73	donkere	
2-11	74-76	en	
2-12	77-82	dikke	
2-13	84-90	dampen	
2-14	91-96	bezet	
2-15	96-97	,	
2-16	98-100	in	
2-17	101-107	welker	
2-18	108-114	midden	
2-19	114-115	,	
2-20	116-119	men	
2-21	120-129	gelykzaam	
2-22	130-133	een	
2-23	134-144	maalstroom	
2-24	145-148	van	
2-25	149-152	een	
2-26	153-162	rosachtig	
2-27	164-169	licht	
2-28	170-173	zag	
2-29	173-174	,	
2-30	175-176	t	
2-31	177-181	welk	
2-32	182-189	allenks	
2-33	190-197	lichter	
2-34	198-203	wierd	
2-35	203-204	,	
2-36	205-207	en	
2-37	208-210	zy	
2-38	210-211	-	
2-39	222-223	+	
2-40	224-234	Atmosphere	
2-41	234-235	.	

#Text=Meteores
3-1	238-246	Meteores	

#Text=.
4-1	246-247	.	

#Text=+
#Text=Als mede in Engeland,
#Text=
#Text=
#Text=
#Text=
#Text=
#Text=
#Text=ne straalen, als van vuurpylen, naar veele plaatsen door de lucht schoot.
5-1	270-271	+	
5-2	272-275	Als	
5-3	276-280	mede	
5-4	281-283	in	
5-5	284-292	Engeland	
5-6	292-293	,	
5-7	300-302	ne	
5-8	303-311	straalen	
5-9	311-312	,	
5-10	313-316	als	
5-11	317-320	van	
5-12	321-330	vuurpylen	
5-13	330-331	,	
5-14	332-336	naar	
5-15	337-342	veele	
5-16	343-351	plaatsen	
5-17	352-356	door	
5-18	357-359	de	
5-19	360-365	lucht	
5-20	366-372	schoot	
5-21	372-373	.	

#Text=Deeze straalen 
#Text=zich met een groote snelheit verpreidende, veroorzaakten in de golfachtige lucht, een 
#Text=lichten rook, die byna telkens op de zelfde wyze, en met de zelfde uitwerking weder 
#Text=hervat wierd.
6-1	374-379	Deeze	
6-2	380-388	straalen	
6-3	390-394	zich	
6-4	395-398	met	
6-5	399-402	een	
6-6	403-409	groote	
6-7	410-418	snelheit	
6-8	419-431	verpreidende	
6-9	431-432	,	
6-10	433-446	veroorzaakten	
6-11	447-449	in	
6-12	450-452	de	
6-13	453-464	golfachtige	
6-14	465-470	lucht	
6-15	470-471	,	
6-16	472-475	een	
6-17	477-484	lichten	
6-18	485-489	rook	
6-19	489-490	,	
6-20	491-494	die	
6-21	495-499	byna	
6-22	500-507	telkens	
6-23	508-510	op	
6-24	511-513	de	
6-25	514-520	zelfde	
6-26	521-525	wyze	
6-27	525-526	,	
6-28	527-529	en	
6-29	530-533	met	
6-30	534-536	de	
6-31	537-543	zelfde	
6-32	544-554	uitwerking	
6-33	555-560	weder	
6-34	562-568	hervat	
6-35	569-574	wierd	
6-36	574-575	.	

#Text=Deeze lichte rook, was zoo doorzichtig, dat men er de Starren door 
#Text=zag, en zoo lichtschynend, dat men er de huizen door onderscheiden kon, zulks met 
#Text=het maanlicht byna overeen quam.
7-1	576-581	Deeze	
7-2	582-588	lichte	
7-3	589-593	rook	
7-4	593-594	,	
7-5	595-598	was	
7-6	599-602	zoo	
7-7	603-614	doorzichtig	
7-8	614-615	,	
7-9	616-619	dat	
7-10	620-623	men	
7-11	624-626	er	
7-12	627-629	de	
7-13	630-637	Starren	
7-14	638-642	door	
7-15	644-647	zag	
7-16	647-648	,	
7-17	649-651	en	
7-18	652-655	zoo	
7-19	656-669	lichtschynend	
7-20	669-670	,	
7-21	671-674	dat	
7-22	675-678	men	
7-23	679-681	er	
7-24	682-684	de	
7-25	685-691	huizen	
7-26	692-696	door	
7-27	697-710	onderscheiden	
7-28	711-714	kon	
7-29	714-715	,	
7-30	716-721	zulks	
7-31	722-725	met	
7-32	727-730	het	
7-33	731-740	maanlicht	
7-34	741-745	byna	
7-35	746-753	overeen	
7-36	754-758	quam	
7-37	758-759	.	

#Text=Volgens een ander bericht, + aan den Heere Valincour uit Brest gezonden, had men 
#Text=op den 17den Maart, by een zeer heldere lucht, s avonds omtrent 7 uuren, een
#Text=
#Text=
#Text=
#Text=
#Text=
#Text=
#Text=
#Text=
#Text=
#Text=
#Text=+Bericht van een verschynsel
#Text=
#Text=
#Text=
#Text=
#Text=soort van een Regenboog vernomen, van kleur doorgaans wit en zeer helder.
8-1	763-770	Volgens	
8-2	771-774	een	
8-3	775-780	ander	
8-4	781-788	bericht	
8-5	788-789	,	
8-6	790-791	+	
8-7	792-795	aan	
8-8	796-799	den	
8-9	800-805	Heere	
8-10	806-815	Valincour	
8-11	816-819	uit	
8-12	820-825	Brest	
8-13	826-834	gezonden	
8-14	834-835	,	
8-15	836-839	had	
8-16	840-843	men	
8-17	845-847	op	
8-18	848-851	den	
8-19	852-857	17den	
8-20	858-863	Maart	
8-21	863-864	,	
8-22	865-867	by	
8-23	868-871	een	
8-24	872-876	zeer	
8-25	877-884	heldere	
8-26	885-890	lucht	
8-27	890-891	,	
8-28	892-893	s	
8-29	894-900	avonds	
8-30	901-908	omtrent	
8-31	909-910	7	
8-32	911-916	uuren	
8-33	916-917	,	
8-34	918-921	een	
8-35	932-933	+	
8-36	933-940	Bericht	
8-37	941-944	van	
8-38	945-948	een	
8-39	949-960	verschynsel	
8-40	965-970	soort	
8-41	971-974	van	
8-42	975-978	een	
8-43	979-988	Regenboog	
8-44	989-997	vernomen	
8-45	997-998	,	
8-46	999-1002	van	
8-47	1003-1008	kleur	
8-48	1009-1018	doorgaans	
8-49	1019-1022	wit	
8-50	1023-1025	en	
8-51	1026-1030	zeer	
8-52	1031-1037	helder	
8-53	1037-1038	.	

#Text=Hy 
#Text=werd in t Zuiden gezien, en besloeg van t Oosten naar t Westen, een ruime
#Text=uitgestrektheit van lucht.
9-1	1039-1041	Hy	
9-2	1043-1047	werd	
9-3	1048-1050	in	
9-4	1051-1052	t	
9-5	1053-1059	Zuiden	
9-6	1060-1066	gezien	
9-7	1066-1067	,	
9-8	1068-1070	en	
9-9	1071-1078	besloeg	
9-10	1079-1082	van	
9-11	1083-1084	t	
9-12	1085-1091	Oosten	
9-13	1092-1096	naar	
9-14	1097-1098	t	
9-15	1099-1105	Westen	
9-16	1105-1106	,	
9-17	1107-1110	een	
9-18	1111-1116	ruime	
9-19	1117-1132	uitgestrektheit	
9-20	1133-1136	van	
9-21	1137-1142	lucht	
9-22	1142-1143	.	

#Text=Van t Oosten nam het eene eind zyn aanvang, naby den +
#Text=
#Text=
#Text=te Brest gezien;
#Text=
#Text=
#Text=
#Text=
#Text=Leeuwestaert; hy breidde zich vervolgens over het gestarnte van Gemini uit, t welk 
#Text=ter midden van den Hemel stond, alwaar deeze Boog drie graden breed was, en door 
#Text=de Pleyades vervolgende, eindigde de boog aan het hoofdt van Aris.
10-1	1144-1147	Van	
10-2	1148-1149	t	
10-3	1150-1156	Oosten	
10-4	1157-1160	nam	
10-5	1161-1164	het	
10-6	1165-1169	eene	
10-7	1170-1174	eind	
10-8	1175-1178	zyn	
10-9	1179-1186	aanvang	
10-10	1186-1187	,	
10-11	1188-1192	naby	
10-12	1193-1196	den	
10-13	1197-1198	+	
10-14	1201-1203	te	
10-15	1204-1209	Brest	
10-16	1210-1216	gezien	
10-17	1216-1217	;	
10-18	1222-1234	Leeuwestaert	
10-19	1234-1235	;	
10-20	1236-1238	hy	
10-21	1239-1246	breidde	
10-22	1247-1251	zich	
10-23	1252-1262	vervolgens	
10-24	1263-1267	over	
10-25	1268-1271	het	
10-26	1272-1281	gestarnte	
10-27	1282-1285	van	
10-28	1286-1292	Gemini	
10-29	1293-1296	uit	
10-30	1296-1297	,	
10-31	1298-1299	t	
10-32	1300-1304	welk	
10-33	1306-1309	ter	
10-34	1310-1316	midden	
10-35	1317-1320	van	
10-36	1321-1324	den	
10-37	1325-1330	Hemel	
10-38	1331-1336	stond	
10-39	1336-1337	,	
10-40	1338-1344	alwaar	
10-41	1345-1350	deeze	
10-42	1351-1355	Boog	
10-43	1356-1360	drie	
10-44	1361-1367	graden	
10-45	1368-1373	breed	
10-46	1374-1377	was	
10-47	1377-1378	,	
10-48	1379-1381	en	
10-49	1382-1386	door	
10-50	1388-1390	de	
10-51	1391-1399	Pleyades	
10-52	1400-1411	vervolgende	
10-53	1411-1412	,	
10-54	1413-1421	eindigde	
10-55	1422-1424	de	
10-56	1425-1429	boog	
10-57	1430-1433	aan	
10-58	1434-1437	het	
10-59	1438-1444	hoofdt	
10-60	1445-1448	van	
10-61	1449-1453	Aris	
10-62	1453-1454	.	

#Text=Hy vertoonde 
#Text=zich als een witte en doorschynende wolk, wiens licht een weinig het aardryk verlichte, 
#Text=zonder dat er eenig doorzicht der Starren door gehindert wierd.
11-1	1455-1457	Hy	
11-2	1458-1467	vertoonde	
11-3	1469-1473	zich	
11-4	1474-1477	als	
11-5	1478-1481	een	
11-6	1482-1487	witte	
11-7	1488-1490	en	
11-8	1491-1504	doorschynende	
11-9	1505-1509	wolk	
11-10	1509-1510	,	
11-11	1511-1516	wiens	
11-12	1517-1522	licht	
11-13	1523-1526	een	
11-14	1527-1533	weinig	
11-15	1534-1537	het	
11-16	1538-1545	aardryk	
11-17	1546-1555	verlichte	
11-18	1555-1556	,	
11-19	1558-1564	zonder	
11-20	1565-1568	dat	
11-21	1569-1571	er	
11-22	1572-1577	eenig	
11-23	1578-1587	doorzicht	
11-24	1588-1591	der	
11-25	1592-1599	Starren	
11-26	1600-1604	door	
11-27	1605-1614	gehindert	
11-28	1615-1620	wierd	
11-29	1620-1621	.	

#Text=Deeze Boog omtrent 9 uuren allenks verdweenen, zag men ten Noorden naby den
#Text=Horizont een licht, naar een schoonen dageraat gelykende, t welk zich van t 
#Text=Noord-Westen tot aan t Noord-Noord-Oosten uitbreidde.
12-1	1623-1628	Deeze	
12-2	1629-1633	Boog	
12-3	1634-1641	omtrent	
12-4	1642-1643	9	
12-5	1644-1649	uuren	
12-6	1650-1657	allenks	
12-7	1658-1668	verdweenen	
12-8	1668-1669	,	
12-9	1670-1673	zag	
12-10	1674-1677	men	
12-11	1678-1681	ten	
12-12	1682-1689	Noorden	
12-13	1690-1694	naby	
12-14	1695-1698	den	
12-15	1699-1707	Horizont	
12-16	1708-1711	een	
12-17	1712-1717	licht	
12-18	1717-1718	,	
12-19	1719-1723	naar	
12-20	1724-1727	een	
12-21	1728-1736	schoonen	
12-22	1737-1745	dageraat	
12-23	1746-1755	gelykende	
12-24	1755-1756	,	
12-25	1757-1758	t	
12-26	1759-1763	welk	
12-27	1764-1768	zich	
12-28	1769-1772	van	
12-29	1773-1774	t	
12-30	1776-1788	Noord-Westen	
12-31	1789-1792	tot	
12-32	1793-1796	aan	
12-33	1797-1798	t	
12-34	1799-1817	Noord-Noord-Oosten	
12-35	1818-1828	uitbreidde	
12-36	1828-1829	.	

#Text=Uit dit licht quamen
#Text=geduurig zeer witte en heldere straalen voort, die aan t Aardryk een soort van daglicht 
#Text=gaven, naar een schoonen zomerschen Dageraat gelykende.
13-1	1830-1833	Uit	
13-2	1834-1837	dit	
13-3	1838-1843	licht	
13-4	1844-1850	quamen	
13-5	1851-1859	geduurig	
13-6	1860-1864	zeer	
13-7	1865-1870	witte	
13-8	1871-1873	en	
13-9	1874-1881	heldere	
13-10	1882-1890	straalen	
13-11	1891-1896	voort	
13-12	1896-1897	,	
13-13	1898-1901	die	
13-14	1902-1905	aan	
13-15	1906-1907	t	
13-16	1908-1915	Aardryk	
13-17	1916-1919	een	
13-18	1920-1925	soort	
13-19	1926-1929	van	
13-20	1930-1938	daglicht	
13-21	1940-1945	gaven	
13-22	1945-1946	,	
13-23	1947-1951	naar	
13-24	1952-1955	een	
13-25	1956-1964	schoonen	
13-26	1965-1975	zomerschen	
13-27	1976-1984	Dageraat	
13-28	1985-1994	gelykende	
13-29	1994-1995	.	
