#FORMAT=WebAnno TSV 3.3


#Text=Wanneer de jongen uitgebroeid zijn en hunne 
#Text=geboorteplaats verlaten hebben, worden de nesten verzameld, gereinigd en daarmede 
#Text=kussens gevuld voor de schoone dames in Europa, opdat zij hare zachte wangen 
#Text=daarop kunnen leggen en den slaap der onschuld slapen, terwijl wij, langbeenige, 
#Text=breedgeschouderde Engelschen, in de bedden van Duitsche logementen daar tusschen 
#Text=uitsteken, als eene snede ham tusschen een broodje, en ons den slaap der onschuld 
#Text=doen vergeten.
1-1	2-9	Wanneer	
1-2	10-12	de	
1-3	13-19	jongen	
1-4	20-31	uitgebroeid	
1-5	32-36	zijn	
1-6	37-39	en	
1-7	40-45	hunne	
1-8	47-61	geboorteplaats	
1-9	62-70	verlaten	
1-10	71-77	hebben	
1-11	77-78	,	
1-12	79-85	worden	
1-13	86-88	de	
1-14	89-95	nesten	
1-15	96-105	verzameld	
1-16	105-106	,	
1-17	107-116	gereinigd	
1-18	117-119	en	
1-19	120-128	daarmede	
1-20	130-137	kussens	
1-21	138-144	gevuld	
1-22	145-149	voor	
1-23	150-152	de	
1-24	153-160	schoone	
1-25	161-166	dames	
1-26	167-169	in	
1-27	170-176	Europa	
1-28	176-177	,	
1-29	178-183	opdat	
1-30	184-187	zij	
1-31	188-192	hare	
1-32	193-199	zachte	
1-33	200-206	wangen	
1-34	208-214	daarop	
1-35	215-221	kunnen	
1-36	222-228	leggen	
1-37	229-231	en	
1-38	232-235	den	
1-39	236-241	slaap	
1-40	242-245	der	
1-41	246-254	onschuld	
1-42	255-261	slapen	
1-43	261-262	,	
1-44	263-270	terwijl	
1-45	271-274	wij	
1-46	274-275	,	
1-47	276-287	langbeenige	
1-48	287-288	,	
1-49	290-307	breedgeschouderde	
1-50	308-318	Engelschen	
1-51	318-319	,	
1-52	320-322	in	
1-53	323-325	de	
1-54	326-332	bedden	
1-55	333-336	van	
1-56	337-345	Duitsche	
1-57	346-356	logementen	
1-58	357-361	daar	
1-59	362-370	tusschen	
1-60	372-381	uitsteken	
1-61	381-382	,	
1-62	383-386	als	
1-63	387-391	eene	
1-64	392-397	snede	
1-65	398-401	ham	
1-66	402-410	tusschen	
1-67	411-414	een	
1-68	415-422	broodje	
1-69	422-423	,	
1-70	424-426	en	
1-71	427-430	ons	
1-72	431-434	den	
1-73	435-440	slaap	
1-74	441-444	der	
1-75	445-453	onschuld	
1-76	455-459	doen	
1-77	460-468	vergeten	
1-78	468-469	.	

#Text=Daar het den volgenden dag Zondag was, las ik het gebed aan boord en ging toen 
#Text=naar de hoofdkerk, het eenige steenen gebouw in Reikiavik.
2-1	476-480	Daar	
2-2	481-484	het	
2-3	485-488	den	
2-4	489-498	volgenden	
2-5	499-502	dag	
2-6	503-509	Zondag	
2-7	510-513	was	
2-8	513-514	,	
2-9	515-518	las	
2-10	519-521	ik	
2-11	522-525	het	
2-12	526-531	gebed	
2-13	532-535	aan	
2-14	536-541	boord	
2-15	542-544	en	
2-16	545-549	ging	
2-17	550-554	toen	
2-18	556-560	naar	
2-19	561-563	de	
2-20	564-573	hoofdkerk	
2-21	573-574	,	
2-22	575-578	het	
2-23	579-585	eenige	
2-24	586-593	steenen	
2-25	594-600	gebouw	
2-26	601-603	in	
2-27	604-613	Reikiavik	
2-28	613-614	.	

#Text=Deze is van middelbare 
#Text=grootte, zonder sieraad en kan ongeveer 3-400 personen bevatten;
#Text=zij is in den 
#Text=vroegsten tijd gebouwd, doch sedert kort vernieuwd geworden.
3-1	615-619	Deze	
3-2	620-622	is	
3-3	623-626	van	
3-4	627-637	middelbare	
3-5	639-646	grootte	
3-6	646-647	,	
3-7	648-654	zonder	
3-8	655-662	sieraad	
3-9	663-665	en	
3-10	666-669	kan	
3-11	670-678	ongeveer	
3-12	679-680	3	
3-13	680-681	-	
3-14	681-684	400	
3-15	685-693	personen	
3-16	694-702	bevatten	
3-17	702-703	;	
3-18	704-707	zij	
3-19	708-710	is	
3-20	711-713	in	
3-21	714-717	den	
3-22	719-728	vroegsten	
3-23	729-733	tijd	
3-24	734-741	gebouwd	
3-25	741-742	,	
3-26	743-747	doch	
3-27	748-754	sedert	
3-28	755-759	kort	
3-29	760-769	vernieuwd	
3-30	770-778	geworden	
3-31	778-779	.	

#Text=De IJslanders belijden 
#Text=de Luthersche godsdienst, en een Luthersch geestelijke in zwarte toga, met eenen 
#Text=kraag om, zoo als wij dien op de portretten van onze bisschoppen uit den tijd van 
#Text=JAKOBUS I zien, hield de preek.
4-1	780-782	De	
4-2	783-793	IJslanders	
4-3	794-802	belijden	
4-4	804-806	de	
4-5	807-817	Luthersche	
4-6	818-828	godsdienst	
4-7	828-829	,	
4-8	830-832	en	
4-9	833-836	een	
4-10	837-846	Luthersch	
4-11	847-858	geestelijke	
4-12	859-861	in	
4-13	862-868	zwarte	
4-14	869-873	toga	
4-15	873-874	,	
4-16	875-878	met	
4-17	879-884	eenen	
4-18	886-891	kraag	
4-19	892-894	om	
4-20	894-895	,	
4-21	896-899	zoo	
4-22	900-903	als	
4-23	904-907	wij	
4-24	908-912	dien	
4-25	913-915	op	
4-26	916-918	de	
4-27	919-929	portretten	
4-28	930-933	van	
4-29	934-938	onze	
4-30	939-950	bisschoppen	
4-31	951-954	uit	
4-32	955-958	den	
4-33	959-963	tijd	
4-34	964-967	van	
4-35	969-976	JAKOBUS	
4-36	977-978	I	
4-37	979-983	zien	
4-38	983-984	,	
4-39	985-990	hield	
4-40	991-993	de	
4-41	994-999	preek	
4-42	999-1000	.	

#Text=Het was voor de eerste maal, dat ik het IJslandsch 
#Text=aanhoudend hoorde spreken, en het maakte op mij den indruk van eene zachte, 
#Text=vleijende taal, hoewel de bijzondere daling der stem bij het einde van iederen volzin, 
#Text=dat bijna op zingen geleek, mij niet aangenaam was.
5-1	1001-1004	Het	
5-2	1005-1008	was	
5-3	1009-1013	voor	
5-4	1014-1016	de	
5-5	1017-1023	eerste	
5-6	1024-1028	maal	
5-7	1028-1029	,	
5-8	1030-1033	dat	
5-9	1034-1036	ik	
5-10	1037-1040	het	
5-11	1041-1051	IJslandsch	
5-12	1053-1063	aanhoudend	
5-13	1064-1070	hoorde	
5-14	1071-1078	spreken	
5-15	1078-1079	,	
5-16	1080-1082	en	
5-17	1083-1086	het	
5-18	1087-1093	maakte	
5-19	1094-1096	op	
5-20	1097-1100	mij	
5-21	1101-1104	den	
5-22	1105-1111	indruk	
5-23	1112-1115	van	
5-24	1116-1120	eene	
5-25	1121-1127	zachte	
5-26	1127-1128	,	
5-27	1130-1139	vleijende	
5-28	1140-1144	taal	
5-29	1144-1145	,	
5-30	1146-1152	hoewel	
5-31	1153-1155	de	
5-32	1156-1166	bijzondere	
5-33	1167-1173	daling	
5-34	1174-1177	der	
5-35	1178-1182	stem	
5-36	1183-1186	bij	
5-37	1187-1190	het	
5-38	1191-1196	einde	
5-39	1197-1200	van	
5-40	1201-1208	iederen	
5-41	1209-1215	volzin	
5-42	1215-1216	,	
5-43	1218-1221	dat	
5-44	1222-1227	bijna	
5-45	1228-1230	op	
5-46	1231-1237	zingen	
5-47	1238-1244	geleek	
5-48	1244-1245	,	
5-49	1246-1249	mij	
5-50	1250-1254	niet	
5-51	1255-1264	aangenaam	
5-52	1265-1268	was	
5-53	1268-1269	.	

#Text=Het grootste gedeelte der kerkgangers bestond uit vrouwen, juist zoo als overal 
#Text=van oudsher geweest is.
6-1	1274-1277	Het	
6-2	1278-1286	grootste	
6-3	1287-1295	gedeelte	
6-4	1296-1299	der	
6-5	1300-1311	kerkgangers	
6-6	1312-1319	bestond	
6-7	1320-1323	uit	
6-8	1324-1331	vrouwen	
6-9	1331-1332	,	
6-10	1333-1338	juist	
6-11	1339-1342	zoo	
6-12	1343-1346	als	
6-13	1347-1353	overal	
6-14	1355-1358	van	
6-15	1359-1366	oudsher	
6-16	1367-1374	geweest	
6-17	1375-1377	is	
6-18	1377-1378	.	

#Text=Slechts weinigen droegen hoeden;
#Text=de anderen de nationale 
#Text=zwarte muts, die luchtig, eenigzins op zijde, gedragen wordt, met lange kwasten, die 
#Text=tot op den schouder vallen, of een klein wit linnen mutsje, waarvan men slechts door 
#Text=teekening eenig denkbeeld zou kunnen geven.
7-1	1379-1386	Slechts	
7-2	1387-1395	weinigen	
7-3	1396-1403	droegen	
7-4	1404-1410	hoeden	
7-5	1410-1411	;	
7-6	1412-1414	de	
7-7	1415-1422	anderen	
7-8	1423-1425	de	
7-9	1426-1435	nationale	
7-10	1437-1443	zwarte	
7-11	1444-1448	muts	
7-12	1448-1449	,	
7-13	1450-1453	die	
7-14	1454-1461	luchtig	
7-15	1461-1462	,	
7-16	1463-1472	eenigzins	
7-17	1473-1475	op	
7-18	1476-1481	zijde	
7-19	1481-1482	,	
7-20	1483-1491	gedragen	
7-21	1492-1497	wordt	
7-22	1497-1498	,	
7-23	1499-1502	met	
7-24	1503-1508	lange	
7-25	1509-1516	kwasten	
7-26	1516-1517	,	
7-27	1518-1521	die	
7-28	1523-1526	tot	
7-29	1527-1529	op	
7-30	1530-1533	den	
7-31	1534-1542	schouder	
7-32	1543-1549	vallen	
7-33	1549-1550	,	
7-34	1551-1553	of	
7-35	1554-1557	een	
7-36	1558-1563	klein	
7-37	1564-1567	wit	
7-38	1568-1574	linnen	
7-39	1575-1581	mutsje	
7-40	1581-1582	,	
7-41	1583-1590	waarvan	
7-42	1591-1594	men	
7-43	1595-1602	slechts	
7-44	1603-1607	door	
7-45	1609-1618	teekening	
7-46	1619-1624	eenig	
7-47	1625-1634	denkbeeld	
7-48	1635-1638	zou	
7-49	1639-1645	kunnen	
7-50	1646-1651	geven	
7-51	1651-1652	.	

#Text=Voor het overige bestaat de kleeding 
#Text=van eene IJslandsche dame, voorondersteld, dat de Parijsche mode op haar nog geenen 
#Text=invloed heeft uitgeoefend, uit een zwart lijf, op de borst met zilveren haken gesloten, 
#Text=waarover een lakensch jakje gedragen wordt, met zilveren knoopen versierd, en een 
#Text=zilveren ceintuur, niet zelden voortreffelijk bewerkt, bevestigt den langen, donkeren 
#Text=rok van Wadmel om de taille.
8-1	1653-1657	Voor	
8-2	1658-1661	het	
8-3	1662-1669	overige	
8-4	1670-1677	bestaat	
8-5	1678-1680	de	
8-6	1681-1689	kleeding	
8-7	1691-1694	van	
8-8	1695-1699	eene	
8-9	1700-1711	IJslandsche	
8-10	1712-1716	dame	
8-11	1716-1717	,	
8-12	1718-1732	voorondersteld	
8-13	1732-1733	,	
8-14	1734-1737	dat	
8-15	1738-1740	de	
8-16	1741-1750	Parijsche	
8-17	1751-1755	mode	
8-18	1756-1758	op	
8-19	1759-1763	haar	
8-20	1764-1767	nog	
8-21	1768-1774	geenen	
8-22	1776-1783	invloed	
8-23	1784-1789	heeft	
8-24	1790-1801	uitgeoefend	
8-25	1801-1802	,	
8-26	1803-1806	uit	
8-27	1807-1810	een	
8-28	1811-1816	zwart	
8-29	1817-1821	lijf	
8-30	1821-1822	,	
8-31	1823-1825	op	
8-32	1826-1828	de	
8-33	1829-1834	borst	
8-34	1835-1838	met	
8-35	1839-1847	zilveren	
8-36	1848-1853	haken	
8-37	1854-1862	gesloten	
8-38	1862-1863	,	
8-39	1865-1873	waarover	
8-40	1874-1877	een	
8-41	1878-1886	lakensch	
8-42	1887-1892	jakje	
8-43	1893-1901	gedragen	
8-44	1902-1907	wordt	
8-45	1907-1908	,	
8-46	1909-1912	met	
8-47	1913-1921	zilveren	
8-48	1922-1929	knoopen	
8-49	1930-1938	versierd	
8-50	1938-1939	,	
8-51	1940-1942	en	
8-52	1943-1946	een	
8-53	1948-1956	zilveren	
8-54	1957-1965	ceintuur	
8-55	1965-1966	,	
8-56	1967-1971	niet	
8-57	1972-1978	zelden	
8-58	1979-1993	voortreffelijk	
8-59	1994-2001	bewerkt	
8-60	2001-2002	,	
8-61	2003-2012	bevestigt	
8-62	2013-2016	den	
8-63	2017-2023	langen	
8-64	2023-2024	,	
8-65	2025-2033	donkeren	
8-66	2035-2038	rok	
8-67	2039-2042	van	
8-68	2043-2049	Wadmel	
8-69	2050-2052	om	
8-70	2053-2055	de	
8-71	2056-2062	taille	
8-72	2062-2063	.	

#Text=Soms zijn de versierselen van goud en zilver zeer 
#Text=kostbaar.
9-1	2064-2068	Soms	
9-2	2069-2073	zijn	
9-3	2074-2076	de	
9-4	2077-2089	versierselen	
9-5	2090-2093	van	
9-6	2094-2098	goud	
9-7	2099-2101	en	
9-8	2102-2108	zilver	
9-9	2109-2113	zeer	
9-10	2115-2123	kostbaar	
9-11	2123-2124	.	

#Text=Voor dat de toehoorders de kerk verlieten, kwam de geestelijke den kansel af, 
#Text=deed een prachtig priesterkleed aan van karmozijnrood fluweel (waarin voor jaren 
#Text=een bisschop was vermoord) en zong, van de gemeente afgekeerd, eenige Latijnsche 
#Text=verzen, op den echten toon der Roomsche kerk.
10-1	2129-2133	Voor	
10-2	2134-2137	dat	
10-3	2138-2140	de	
10-4	2141-2152	toehoorders	
10-5	2153-2155	de	
10-6	2156-2160	kerk	
10-7	2161-2170	verlieten	
10-8	2170-2171	,	
10-9	2172-2176	kwam	
10-10	2177-2179	de	
10-11	2180-2191	geestelijke	
10-12	2192-2195	den	
10-13	2196-2202	kansel	
10-14	2203-2205	af	
10-15	2205-2206	,	
10-16	2208-2212	deed	
10-17	2213-2216	een	
10-18	2217-2225	prachtig	
10-19	2226-2239	priesterkleed	
10-20	2240-2243	aan	
10-21	2244-2247	van	
10-22	2248-2261	karmozijnrood	
10-23	2262-2269	fluweel	
10-24	2270-2271	(	
10-25	2271-2277	waarin	
10-26	2278-2282	voor	
10-27	2283-2288	jaren	
10-28	2290-2293	een	
10-29	2294-2302	bisschop	
10-30	2303-2306	was	
10-31	2307-2315	vermoord	
10-32	2315-2316	)	
10-33	2317-2319	en	
10-34	2320-2324	zong	
10-35	2324-2325	,	
10-36	2326-2329	van	
10-37	2330-2332	de	
10-38	2333-2341	gemeente	
10-39	2342-2351	afgekeerd	
10-40	2351-2352	,	
10-41	2353-2359	eenige	
10-42	2360-2370	Latijnsche	
10-43	2372-2378	verzen	
10-44	2378-2379	,	
10-45	2380-2382	op	
10-46	2383-2386	den	
10-47	2387-2393	echten	
10-48	2394-2398	toon	
10-49	2399-2402	der	
10-50	2403-2411	Roomsche	
10-51	2412-2416	kerk	
10-52	2416-2417	.	

#Text=Hoewel de IJslanders in hunne 
#Text=kerkgebruiken nog sporen van hunne vroegere belijdenis behouden hebben en in 
#Text=vele kerken zich nog altaren, kaarsen en kruisen bevinden, zoo zijn zij toch strenge 
#Text=Protestanten en naar alle beschrijvingen het vroomste, goedhartigste
#Text=
#Text=
#Text=
#Text=
#Text=volkje van de wereld.
11-1	2418-2424	Hoewel	
11-2	2425-2427	de	
11-3	2428-2438	IJslanders	
11-4	2439-2441	in	
11-5	2442-2447	hunne	
11-6	2449-2462	kerkgebruiken	
11-7	2463-2466	nog	
11-8	2467-2473	sporen	
11-9	2474-2477	van	
11-10	2478-2483	hunne	
11-11	2484-2492	vroegere	
11-12	2493-2503	belijdenis	
11-13	2504-2512	behouden	
11-14	2513-2519	hebben	
11-15	2520-2522	en	
11-16	2523-2525	in	
11-17	2527-2531	vele	
11-18	2532-2538	kerken	
11-19	2539-2543	zich	
11-20	2544-2547	nog	
11-21	2548-2555	altaren	
11-22	2555-2556	,	
11-23	2557-2564	kaarsen	
11-24	2565-2567	en	
11-25	2568-2575	kruisen	
11-26	2576-2584	bevinden	
11-27	2584-2585	,	
11-28	2586-2589	zoo	
11-29	2590-2594	zijn	
11-30	2595-2598	zij	
11-31	2599-2603	toch	
11-32	2604-2611	strenge	
11-33	2613-2625	Protestanten	
11-34	2626-2628	en	
11-35	2629-2633	naar	
11-36	2634-2638	alle	
11-37	2639-2653	beschrijvingen	
11-38	2654-2657	het	
11-39	2658-2666	vroomste	
11-40	2666-2667	,	
11-41	2668-2681	goedhartigste	
11-42	2686-2692	volkje	
11-43	2693-2696	van	
11-44	2697-2699	de	
11-45	2700-2706	wereld	
11-46	2706-2707	.	

#Text=Misdaden, als diefstal, wreedheid, losbandigheid, zijn bij hen 
#Text=onbekend;
#Text=er zijn geene gevangenissen, geene galgen, soldaten, noch policie.
12-1	2708-2716	Misdaden	
12-2	2716-2717	,	
12-3	2718-2721	als	
12-4	2722-2730	diefstal	
12-5	2730-2731	,	
12-6	2732-2741	wreedheid	
12-7	2741-2742	,	
12-8	2743-2756	losbandigheid	
12-9	2756-2757	,	
12-10	2758-2762	zijn	
12-11	2763-2766	bij	
12-12	2767-2770	hen	
12-13	2772-2780	onbekend	
12-14	2780-2781	;	
12-15	2782-2784	er	
12-16	2785-2789	zijn	
12-17	2790-2795	geene	
12-18	2796-2809	gevangenissen	
12-19	2809-2810	,	
12-20	2811-2816	geene	
12-21	2817-2823	galgen	
12-22	2823-2824	,	
12-23	2825-2833	soldaten	
12-24	2833-2834	,	
12-25	2835-2839	noch	
12-26	2840-2847	policie	
12-27	2847-2848	.	

#Text=De 
#Text=levenswijze in de afgesloten dalen is zoo aartsvaderlijk eenvoudig, dat zij ons aan 
#Text=de oudvaders der vroegste tijden herinnert, van wie het heet, 'zij waren opregt en
#Text=regtschapen, het kwade vermijdende en zonder erg in het hart.
#Text='
13-1	2849-2851	De	
13-2	2853-2864	levenswijze	
13-3	2865-2867	in	
13-4	2868-2870	de	
13-5	2871-2881	afgesloten	
13-6	2882-2887	dalen	
13-7	2888-2890	is	
13-8	2891-2894	zoo	
13-9	2895-2909	aartsvaderlijk	
13-10	2910-2919	eenvoudig	
13-11	2919-2920	,	
13-12	2921-2924	dat	
13-13	2925-2928	zij	
13-14	2929-2932	ons	
13-15	2933-2936	aan	
13-16	2938-2940	de	
13-17	2941-2950	oudvaders	
13-18	2951-2954	der	
13-19	2955-2963	vroegste	
13-20	2964-2970	tijden	
13-21	2971-2980	herinnert	
13-22	2980-2981	,	
13-23	2982-2985	van	
13-24	2986-2989	wie	
13-25	2990-2993	het	
13-26	2994-2998	heet	
13-27	2998-2999	,	
13-28	3000-3001	'	
13-29	3001-3004	zij	
13-30	3005-3010	waren	
13-31	3011-3017	opregt	
13-32	3018-3020	en	
13-33	3021-3032	regtschapen	
13-34	3032-3033	,	
13-35	3034-3037	het	
13-36	3038-3043	kwade	
13-37	3044-3055	vermijdende	
13-38	3056-3058	en	
13-39	3059-3065	zonder	
13-40	3066-3069	erg	
13-41	3070-3072	in	
13-42	3073-3076	het	
13-43	3077-3081	hart	
13-44	3081-3082	.	
13-45	3083-3084	'	
