#FORMAT=WebAnno TSV 3.3
#T_SP=custom.Span|label
#T_RL=custom.Relation|label|BT_custom.Span


#Text=FORMEL
#Text=]
#Text=
#Text=Auch von den älteren Vorſchriften zur Darſtellung eſſigſaurer Thonerde
#Text=
#Text=kommen einige unbewußt auf eine baſiſche Verbindung;
#Text=ſo z.
1-1	2-8	FORMEL	_	_	_	
1-2	9-10	]	_	_	_	
1-3	12-16	Auch	_	_	_	
1-4	17-20	von	_	_	_	
1-5	21-24	den	_	_	_	
1-6	25-32	älteren	_	_	_	
1-7	33-45	Vorſchriften	_	_	_	
1-8	46-49	zur	_	_	_	
1-9	50-61	Darſtellung	_	_	_	
1-10	62-73	eſſigſaurer	_	_	_	
1-11	74-82	Thonerde	_	_	_	
1-12	84-90	kommen	_	_	_	
1-13	91-97	einige	_	_	_	
1-14	98-106	unbewußt	_	_	_	
1-15	107-110	auf	_	_	_	
1-16	111-115	eine	_	_	_	
1-17	116-124	baſiſche	_	_	_	
1-18	125-135	Verbindung	_	_	_	
1-19	135-136	;	_	_	_	
1-20	137-139	ſo	_	_	_	
1-21	140-141	z	_	_	_	
1-22	141-142	.	_	_	_	

#Text=B.:
#Text=
#Text=Schwefelſaure Thonerde 120 Teile,
#Text=Eſſigſaures Blei 100 „
#Text=Kreide 8½
#Text=„
#Text=Waſſer 400 „ und
#Text=
#Text=
#Text=Alaun
#Text=100 Teile,
#Text=Bleizucker 100 „
#Text=Soda 10 „
#Text=Waſſer 250 „
#Text=
#Text=Eigenſchaften: Alle auf die eine oder andere Art gewonnenen
#Text=
#Text=Löſungen von eſſigſaurer Thonerde, normale wie neutrale, ſind klare, waſſer-
#Text=helle Flüſſigkeiten *) von eigentümlich ſüßem, adſtringierendem Geſchmack;
#Text=die
#Text=Löſungen des normalen Salzes riechen deutlich nach Eſſigſäure, die Löſungen
#Text=der neutralen Salze nur äußerſt ſchwach, der baſiſchen Salze gar nicht.
2-1	143-144	B	_	_	_	
2-2	144-145	.	_	_	_	
2-3	145-146	:	_	_	_	
2-4	148-161	Schwefelſaure	_	_	_	
2-5	162-170	Thonerde	_	_	_	
2-6	171-174	120	_	_	_	
2-7	175-180	Teile	_	_	_	
2-8	180-181	,	_	_	_	
2-9	182-193	Eſſigſaures	_	_	_	
2-10	194-198	Blei	_	_	_	
2-11	199-202	100	_	_	_	
2-12	203-204	„	_	_	_	
2-13	205-211	Kreide	_	_	_	
2-14	212-214	8½	_	_	_	
2-15	215-216	„	_	_	_	
2-16	217-223	Waſſer	_	_	_	
2-17	224-227	400	_	_	_	
2-18	228-229	„	_	_	_	
2-19	230-233	und	_	_	_	
2-20	236-241	Alaun	_	_	_	
2-21	242-245	100	_	_	_	
2-22	246-251	Teile	_	_	_	
2-23	251-252	,	_	_	_	
2-24	253-263	Bleizucker	_	_	_	
2-25	264-267	100	_	_	_	
2-26	268-269	„	_	_	_	
2-27	270-274	Soda	_	_	_	
2-28	275-277	10	_	_	_	
2-29	278-279	„	_	_	_	
2-30	280-286	Waſſer	_	_	_	
2-31	287-290	250	_	_	_	
2-32	291-292	„	_	_	_	
2-33	294-307	Eigenſchaften	_	_	_	
2-34	307-308	:	_	_	_	
2-35	309-313	Alle	_	_	_	
2-36	314-317	auf	_	_	_	
2-37	318-321	die	_	_	_	
2-38	322-326	eine	_	_	_	
2-39	327-331	oder	_	_	_	
2-40	332-338	andere	_	_	_	
2-41	339-342	Art	_	_	_	
2-42	343-353	gewonnenen	_	_	_	
2-43	355-363	Löſungen	_	_	_	
2-44	364-367	von	_	_	_	
2-45	368-379	eſſigſaurer	_	_	_	
2-46	380-388	Thonerde	_	_	_	
2-47	388-389	,	_	_	_	
2-48	390-397	normale	_	_	_	
2-49	398-401	wie	_	_	_	
2-50	402-410	neutrale	_	_	_	
2-51	410-411	,	_	_	_	
2-52	412-416	ſind	_	_	_	
2-53	417-422	klare	_	_	_	
2-54	422-423	,	_	_	_	
2-55	424-430	waſſer	_	_	_	
2-56	430-431	-	_	_	_	
2-57	432-437	helle	_	_	_	
2-58	438-451	Flüſſigkeiten	_	_	_	
2-59	452-453	*	_	_	_	
2-60	453-454	)	_	_	_	
2-61	455-458	von	_	_	_	
2-62	459-471	eigentümlich	_	_	_	
2-63	472-477	ſüßem	_	_	_	
2-64	477-478	,	_	_	_	
2-65	479-495	adſtringierendem	_	_	_	
2-66	496-505	Geſchmack	_	_	_	
2-67	505-506	;	_	_	_	
2-68	507-510	die	Smell\_Source[1]	_	_	
2-69	511-519	Löſungen	Smell\_Source[1]	_	_	
2-70	520-523	des	Smell\_Source[1]	_	_	
2-71	524-532	normalen	Smell\_Source[1]	_	_	
2-72	533-539	Salzes	Smell\_Source[1]	_	_	
2-73	540-547	riechen	Smell\_Word	*|*|*	2-68[1_0]|2-75[2_0]|2-74	
2-74	548-556	deutlich	Quality	_	_	
2-75	557-561	nach	Evoked\_Odorant[2]	_	_	
2-76	562-572	Eſſigſäure	Evoked\_Odorant[2]	_	_	
2-77	572-573	,	_	_	_	
2-78	574-577	die	Smell\_Source[3]	_	_	
2-79	578-586	Löſungen	Smell\_Source[3]	_	_	
2-80	587-590	der	Smell\_Source[3]	_	_	
2-81	591-600	neutralen	Smell\_Source[3]	_	_	
2-82	601-606	Salze	Smell\_Source[3]	_	_	
2-83	607-610	nur	_	_	_	
2-84	611-618	äußerſt	Quality[4]	_	_	
2-85	619-626	ſchwach	Quality[4]|Smell\_Word[5]	*|*	2-84[4_5]|2-78[3_5]	
2-86	626-627	,	_	_	_	
2-87	628-631	der	Smell\_Source[6]	_	_	
2-88	632-641	baſiſchen	Smell\_Source[6]	_	_	
2-89	642-647	Salze	Smell\_Source[6]	_	_	
2-90	648-651	gar	Quality[7]	_	_	
2-91	652-657	nicht	Quality[7]|Smell\_Word[8]	*|*	2-87[6_8]|2-90[7_8]	
2-92	657-658	.	_	_	_	

#Text=Beim
#Text=Erwärmen oder Kochen tritt Zerſetzung in dem oben angedeuteten Sinne ein.
3-1	659-663	Beim	_	_	_	
3-2	664-672	Erwärmen	_	_	_	
3-3	673-677	oder	_	_	_	
3-4	678-684	Kochen	_	_	_	
3-5	685-690	tritt	_	_	_	
3-6	691-701	Zerſetzung	_	_	_	
3-7	702-704	in	_	_	_	
3-8	705-708	dem	_	_	_	
3-9	709-713	oben	_	_	_	
3-10	714-726	angedeuteten	_	_	_	
3-11	727-732	Sinne	_	_	_	
3-12	733-736	ein	_	_	_	
3-13	736-737	.	_	_	_	

#Text=Nach Hummel ſoll in reinem normalen Acetat weder durch Erwärmen
#Text=
#Text=noch durch Verdünnen Zerſetzung erfolgen;
#Text=dagegen ſoll eine ſolche ſtets ſofort
#Text=eintreten, ſobald gleichzeitig Sulfate (z.
4-1	740-744	Nach	_	_	_	
4-2	745-751	Hummel	_	_	_	
4-3	752-756	ſoll	_	_	_	
4-4	757-759	in	_	_	_	
4-5	760-766	reinem	_	_	_	
4-6	767-775	normalen	_	_	_	
4-7	776-782	Acetat	_	_	_	
4-8	783-788	weder	_	_	_	
4-9	789-794	durch	_	_	_	
4-10	795-803	Erwärmen	_	_	_	
4-11	805-809	noch	_	_	_	
4-12	810-815	durch	_	_	_	
4-13	816-825	Verdünnen	_	_	_	
4-14	826-836	Zerſetzung	_	_	_	
4-15	837-845	erfolgen	_	_	_	
4-16	845-846	;	_	_	_	
4-17	847-854	dagegen	_	_	_	
4-18	855-859	ſoll	_	_	_	
4-19	860-864	eine	_	_	_	
4-20	865-871	ſolche	_	_	_	
4-21	872-877	ſtets	_	_	_	
4-22	878-884	ſofort	_	_	_	
4-23	885-894	eintreten	_	_	_	
4-24	894-895	,	_	_	_	
4-25	896-902	ſobald	_	_	_	
4-26	903-915	gleichzeitig	_	_	_	
4-27	916-923	Sulfate	_	_	_	
4-28	924-925	(	_	_	_	
4-29	925-926	z	_	_	_	
4-30	926-927	.	_	_	_	

#Text=B.
5-1	928-929	B	_	_	_	
5-2	929-930	.	_	_	_	

#Text=Glauberſalz oder überſchüſſige
#Text=ſchwefelſaure Thonerde) vorhanden ſind.
6-1	931-942	Glauberſalz	_	_	_	
6-2	943-947	oder	_	_	_	
6-3	948-961	überſchüſſige	_	_	_	
6-4	962-975	ſchwefelſaure	_	_	_	
6-5	976-984	Thonerde	_	_	_	
6-6	984-985	)	_	_	_	
6-7	986-995	vorhanden	_	_	_	
6-8	996-1000	ſind	_	_	_	
6-9	1000-1001	.	_	_	_	

#Text=Anwendung:
#Text=Als Beize in der Baumwollen- und Leinenfärberei;
#Text=in
#Text=ausgedehntem Maße in der Türkiſchrotfärberei der Baumwolle als Mordant
7-1	1005-1014	Anwendung	_	_	_	
7-2	1014-1015	:	_	_	_	
7-3	1016-1019	Als	_	_	_	
7-4	1020-1025	Beize	_	_	_	
7-5	1026-1028	in	_	_	_	
7-6	1029-1032	der	_	_	_	
7-7	1033-1043	Baumwollen	_	_	_	
7-8	1043-1044	-	_	_	_	
7-9	1045-1048	und	_	_	_	
7-10	1049-1063	Leinenfärberei	_	_	_	
7-11	1063-1064	;	_	_	_	
7-12	1065-1067	in	_	_	_	
7-13	1068-1080	ausgedehntem	_	_	_	
7-14	1081-1085	Maße	_	_	_	
7-15	1086-1088	in	_	_	_	
7-16	1089-1092	der	_	_	_	
7-17	1093-1112	Türkiſchrotfärberei	_	_	_	
7-18	1113-1116	der	_	_	_	
7-19	1117-1126	Baumwolle	_	_	_	
7-20	1127-1130	als	_	_	_	
7-21	1131-1138	Mordant	_	_	_	
