#FORMAT=WebAnno TSV 3.3


#Text=19 Et misit pueros, et centum talenta : et mentitus est, et non dimisit Jonathan.
#Text=20 Et post hæc venit Tryphon intra regionem, ut contereret eam : et gyraverunt per viam quæ ducit Ador : et Simon et castra ejus ambulabant in omnem locum quocumque ibant.
#Text=21 Qui autem in arce erant, miserunt ad Tryphonem legatos, ut festinaret venire per desertum, et mitteret illis alimonias.
#Text=22 Et paravit Tryphon omnem equitatum, ut veniret illa nocte : erat autem nix multa valde, et non venit in Galaaditim.
#Text=23 Et cum appropinquasset Bascaman, occidit Jonathan et filios ejus illic.
#Text=24 Et convertit Tryphon, et abiit in terram suam.
#Text=25 Et misit Simon, et accepit ossa Jonathæ fratris sui, et sepelivit ea in Modin civitate patrum ejus.
#Text=26 Et planxerunt eum omnis Israël planctu magno, et luxerunt eum dies multos.
#Text=27 Et ædificavit Simon super sepulchrum patris sui et fratrum suorum ædificium altum visu, lapide polito retro et ante.
#Text=28 Et statuit septem pyramidas, unam contra unam, patri et matri, et quatuor fratribus : 29 et his circumposuit columnas magnas : et super columnas arma, ad memoriam æternam : et juxta arma naves sculptas, quæ viderentur ab omnibus navigantibus mare : 30 hoc est sepulchrum, quod fecit in Modin usque in hunc diem.
#Text=31 Tryphon autem cum iter faceret cum Antiocho rege adolescente, dolo occidit eum : 32 et regnavit loco ejus, et imposuit sibi diadema Asiæ, et fecit plagam magnam in terra.
#Text=33 Et ædificavit Simon præsidia Judææ, muniens ea turribus excelsis, et muris magnis, et portis, et seris : et posuit alimenta in munitionibus.
#Text=34 Et elegit Simon viros, et misit ad Demetrium regem ut faceret remissionem regioni : quia actus omnes Tryphonis per direptionem fuerant gesti.
#Text=35 Et Demetrius rex ad verba ista respondit ei, et scripsit epistolam talem : 36 Rex Demetrius Simoni summo sacerdoti et amico regum, et senioribus, et genti Judæorum, salutem.
#Text=37 Coronam auream, et bahem, quam misistis, suscepimus : et parati sumus facere vobiscum pacem magnam, et scribere præpositis regis remittere vobis quæ indulsimus.
#Text=38 Quæcumque enim constituimus, vobis constant : munitiones, quas ædificastis, vobis sint : 39 remittimus quoque ignorantias et peccata usque in hodiernum diem, et coronam quam debebatis : et si quid aliud erat tributarium in Jerusalem, jam non sit tributarium.
#Text=40 Et si qui ex vobis apti sunt conscribi inter nostros, conscribantur, et sit inter nos pax.
#Text=41 Anno centesimo septuagesimo, ablatum est jugum gentium ab Israël.
#Text=42 Et cœpit populus Israël scribere in tabulis, et gestis publicis, anno primo sub Simone summo sacerdote, magno duce, et principe Judæorum.
#Text=43 In diebus illis applicuit Simon ad Gazam, et circumdedit eam castris, et fecit machinas, et applicuit ad civitatem, et percussit turrem unam, et comprehendit eam.
1-1	2-4	19	
1-2	5-7	Et	
1-3	8-13	misit	
1-4	14-20	pueros	
1-5	20-21	,	
1-6	22-24	et	
1-7	25-31	centum	
1-8	32-39	talenta	
1-9	40-41	:	
1-10	42-44	et	
1-11	45-53	mentitus	
1-12	54-57	est	
1-13	57-58	,	
1-14	59-61	et	
1-15	62-65	non	
1-16	66-73	dimisit	
1-17	74-82	Jonathan	
1-18	82-83	.	
1-19	84-86	20	
1-20	87-89	Et	
1-21	90-94	post	
1-22	95-98	hæc	
1-23	99-104	venit	
1-24	105-112	Tryphon	
1-25	113-118	intra	
1-26	119-127	regionem	
1-27	127-128	,	
1-28	129-131	ut	
1-29	132-142	contereret	
1-30	143-146	eam	
1-31	147-148	:	
1-32	149-151	et	
1-33	152-162	gyraverunt	
1-34	163-166	per	
1-35	167-171	viam	
1-36	172-175	quæ	
1-37	176-181	ducit	
1-38	182-186	Ador	
1-39	187-188	:	
1-40	189-191	et	
1-41	192-197	Simon	
1-42	198-200	et	
1-43	201-207	castra	
1-44	208-212	ejus	
1-45	213-223	ambulabant	
1-46	224-226	in	
1-47	227-232	omnem	
1-48	233-238	locum	
1-49	239-248	quocumque	
1-50	249-254	ibant	
1-51	254-255	.	
1-52	256-258	21	
1-53	259-262	Qui	
1-54	263-268	autem	
1-55	269-271	in	
1-56	272-276	arce	
1-57	277-282	erant	
1-58	282-283	,	
1-59	284-292	miserunt	
1-60	293-295	ad	
1-61	296-305	Tryphonem	
1-62	306-313	legatos	
1-63	313-314	,	
1-64	315-317	ut	
1-65	318-328	festinaret	
1-66	329-335	venire	
1-67	336-339	per	
1-68	340-348	desertum	
1-69	348-349	,	
1-70	350-352	et	
1-71	353-361	mitteret	
1-72	362-367	illis	
1-73	368-377	alimonias	
1-74	377-378	.	
1-75	379-381	22	
1-76	382-384	Et	
1-77	385-392	paravit	
1-78	393-400	Tryphon	
1-79	401-406	omnem	
1-80	407-416	equitatum	
1-81	416-417	,	
1-82	418-420	ut	
1-83	421-428	veniret	
1-84	429-433	illa	
1-85	434-439	nocte	
1-86	440-441	:	
1-87	442-446	erat	
1-88	447-452	autem	
1-89	453-456	nix	
1-90	457-462	multa	
1-91	463-468	valde	
1-92	468-469	,	
1-93	470-472	et	
1-94	473-476	non	
1-95	477-482	venit	
1-96	483-485	in	
1-97	486-496	Galaaditim	
1-98	496-497	.	
1-99	498-500	23	
1-100	501-503	Et	
1-101	504-507	cum	
1-102	508-523	appropinquasset	
1-103	524-532	Bascaman	
1-104	532-533	,	
1-105	534-541	occidit	
1-106	542-550	Jonathan	
1-107	551-553	et	
1-108	554-560	filios	
1-109	561-565	ejus	
1-110	566-571	illic	
1-111	571-572	.	
1-112	573-575	24	
1-113	576-578	Et	
1-114	579-588	convertit	
1-115	589-596	Tryphon	
1-116	596-597	,	
1-117	598-600	et	
1-118	601-606	abiit	
1-119	607-609	in	
1-120	610-616	terram	
1-121	617-621	suam	
1-122	621-622	.	
1-123	623-625	25	
1-124	626-628	Et	
1-125	629-634	misit	
1-126	635-640	Simon	
1-127	640-641	,	
1-128	642-644	et	
1-129	645-652	accepit	
1-130	653-657	ossa	
1-131	658-665	Jonathæ	
1-132	666-673	fratris	
1-133	674-677	sui	
1-134	677-678	,	
1-135	679-681	et	
1-136	682-691	sepelivit	
1-137	692-694	ea	
1-138	695-697	in	
1-139	698-703	Modin	
1-140	704-712	civitate	
1-141	713-719	patrum	
1-142	720-724	ejus	
1-143	724-725	.	
1-144	726-728	26	
1-145	729-731	Et	
1-146	732-742	planxerunt	
1-147	743-746	eum	
1-148	747-752	omnis	
1-149	753-759	Israël	
1-150	760-767	planctu	
1-151	768-773	magno	
1-152	773-774	,	
1-153	775-777	et	
1-154	778-786	luxerunt	
1-155	787-790	eum	
1-156	791-795	dies	
1-157	796-802	multos	
1-158	802-803	.	
1-159	804-806	27	
1-160	807-809	Et	
1-161	810-820	ædificavit	
1-162	821-826	Simon	
1-163	827-832	super	
1-164	833-843	sepulchrum	
1-165	844-850	patris	
1-166	851-854	sui	
1-167	855-857	et	
1-168	858-865	fratrum	
1-169	866-872	suorum	
1-170	873-882	ædificium	
1-171	883-888	altum	
1-172	889-893	visu	
1-173	893-894	,	
1-174	895-901	lapide	
1-175	902-908	polito	
1-176	909-914	retro	
1-177	915-917	et	
1-178	918-922	ante	
1-179	922-923	.	
1-180	924-926	28	
1-181	927-929	Et	
1-182	930-937	statuit	
1-183	938-944	septem	
1-184	945-954	pyramidas	
1-185	954-955	,	
1-186	956-960	unam	
1-187	961-967	contra	
1-188	968-972	unam	
1-189	972-973	,	
1-190	974-979	patri	
1-191	980-982	et	
1-192	983-988	matri	
1-193	988-989	,	
1-194	990-992	et	
1-195	993-1000	quatuor	
1-196	1001-1010	fratribus	
1-197	1011-1012	:	
1-198	1013-1015	29	
1-199	1016-1018	et	
1-200	1019-1022	his	
1-201	1023-1035	circumposuit	
1-202	1036-1044	columnas	
1-203	1045-1051	magnas	
1-204	1052-1053	:	
1-205	1054-1056	et	
1-206	1057-1062	super	
1-207	1063-1071	columnas	
1-208	1072-1076	arma	
1-209	1076-1077	,	
1-210	1078-1080	ad	
1-211	1081-1089	memoriam	
1-212	1090-1097	æternam	
1-213	1098-1099	:	
1-214	1100-1102	et	
1-215	1103-1108	juxta	
1-216	1109-1113	arma	
1-217	1114-1119	naves	
1-218	1120-1128	sculptas	
1-219	1128-1129	,	
1-220	1130-1133	quæ	
1-221	1134-1144	viderentur	
1-222	1145-1147	ab	
1-223	1148-1155	omnibus	
1-224	1156-1168	navigantibus	
1-225	1169-1173	mare	
1-226	1174-1175	:	
1-227	1176-1178	30	
1-228	1179-1182	hoc	
1-229	1183-1186	est	
1-230	1187-1197	sepulchrum	
1-231	1197-1198	,	
1-232	1199-1203	quod	
1-233	1204-1209	fecit	
1-234	1210-1212	in	
1-235	1213-1218	Modin	
1-236	1219-1224	usque	
1-237	1225-1227	in	
1-238	1228-1232	hunc	
1-239	1233-1237	diem	
1-240	1237-1238	.	
1-241	1239-1241	31	
1-242	1242-1249	Tryphon	
1-243	1250-1255	autem	
1-244	1256-1259	cum	
1-245	1260-1264	iter	
1-246	1265-1272	faceret	
1-247	1273-1276	cum	
1-248	1277-1285	Antiocho	
1-249	1286-1290	rege	
1-250	1291-1302	adolescente	
1-251	1302-1303	,	
1-252	1304-1308	dolo	
1-253	1309-1316	occidit	
1-254	1317-1320	eum	
1-255	1321-1322	:	
1-256	1323-1325	32	
1-257	1326-1328	et	
1-258	1329-1337	regnavit	
1-259	1338-1342	loco	
1-260	1343-1347	ejus	
1-261	1347-1348	,	
1-262	1349-1351	et	
1-263	1352-1360	imposuit	
1-264	1361-1365	sibi	
1-265	1366-1373	diadema	
1-266	1374-1378	Asiæ	
1-267	1378-1379	,	
1-268	1380-1382	et	
1-269	1383-1388	fecit	
1-270	1389-1395	plagam	
1-271	1396-1402	magnam	
1-272	1403-1405	in	
1-273	1406-1411	terra	
1-274	1411-1412	.	
1-275	1413-1415	33	
1-276	1416-1418	Et	
1-277	1419-1429	ædificavit	
1-278	1430-1435	Simon	
1-279	1436-1444	præsidia	
1-280	1445-1450	Judææ	
1-281	1450-1451	,	
1-282	1452-1459	muniens	
1-283	1460-1462	ea	
1-284	1463-1471	turribus	
1-285	1472-1480	excelsis	
1-286	1480-1481	,	
1-287	1482-1484	et	
1-288	1485-1490	muris	
1-289	1491-1497	magnis	
1-290	1497-1498	,	
1-291	1499-1501	et	
1-292	1502-1508	portis	
1-293	1508-1509	,	
1-294	1510-1512	et	
1-295	1513-1518	seris	
1-296	1519-1520	:	
1-297	1521-1523	et	
1-298	1524-1530	posuit	
1-299	1531-1539	alimenta	
1-300	1540-1542	in	
1-301	1543-1555	munitionibus	
1-302	1555-1556	.	
1-303	1557-1559	34	
1-304	1560-1562	Et	
1-305	1563-1569	elegit	
1-306	1570-1575	Simon	
1-307	1576-1581	viros	
1-308	1581-1582	,	
1-309	1583-1585	et	
1-310	1586-1591	misit	
1-311	1592-1594	ad	
1-312	1595-1604	Demetrium	
1-313	1605-1610	regem	
1-314	1611-1613	ut	
1-315	1614-1621	faceret	
1-316	1622-1633	remissionem	
1-317	1634-1641	regioni	
1-318	1642-1643	:	
1-319	1644-1648	quia	
1-320	1649-1654	actus	
1-321	1655-1660	omnes	
1-322	1661-1670	Tryphonis	
1-323	1671-1674	per	
1-324	1675-1686	direptionem	
1-325	1687-1694	fuerant	
1-326	1695-1700	gesti	
1-327	1700-1701	.	
1-328	1702-1704	35	
1-329	1705-1707	Et	
1-330	1708-1717	Demetrius	
1-331	1718-1721	rex	
1-332	1722-1724	ad	
1-333	1725-1730	verba	
1-334	1731-1735	ista	
1-335	1736-1745	respondit	
1-336	1746-1748	ei	
1-337	1748-1749	,	
1-338	1750-1752	et	
1-339	1753-1761	scripsit	
1-340	1762-1771	epistolam	
1-341	1772-1777	talem	
1-342	1778-1779	:	
1-343	1780-1782	36	
1-344	1783-1786	Rex	
1-345	1787-1796	Demetrius	
1-346	1797-1803	Simoni	
1-347	1804-1809	summo	
1-348	1810-1819	sacerdoti	
1-349	1820-1822	et	
1-350	1823-1828	amico	
1-351	1829-1834	regum	
1-352	1834-1835	,	
1-353	1836-1838	et	
1-354	1839-1849	senioribus	
1-355	1849-1850	,	
1-356	1851-1853	et	
1-357	1854-1859	genti	
1-358	1860-1868	Judæorum	
1-359	1868-1869	,	
1-360	1870-1877	salutem	
1-361	1877-1878	.	
1-362	1879-1881	37	
1-363	1882-1889	Coronam	
1-364	1890-1896	auream	
1-365	1896-1897	,	
1-366	1898-1900	et	
1-367	1901-1906	bahem	
1-368	1906-1907	,	
1-369	1908-1912	quam	
1-370	1913-1921	misistis	
1-371	1921-1922	,	
1-372	1923-1933	suscepimus	
1-373	1934-1935	:	
1-374	1936-1938	et	
1-375	1939-1945	parati	
1-376	1946-1951	sumus	
1-377	1952-1958	facere	
1-378	1959-1967	vobiscum	
1-379	1968-1973	pacem	
1-380	1974-1980	magnam	
1-381	1980-1981	,	
1-382	1982-1984	et	
1-383	1985-1993	scribere	
1-384	1994-2004	præpositis	
1-385	2005-2010	regis	
1-386	2011-2020	remittere	
1-387	2021-2026	vobis	
1-388	2027-2030	quæ	
1-389	2031-2041	indulsimus	
1-390	2041-2042	.	
1-391	2043-2045	38	
1-392	2046-2055	Quæcumque	
1-393	2056-2060	enim	
1-394	2061-2073	constituimus	
1-395	2073-2074	,	
1-396	2075-2080	vobis	
1-397	2081-2089	constant	
1-398	2090-2091	:	
1-399	2092-2102	munitiones	
1-400	2102-2103	,	
1-401	2104-2108	quas	
1-402	2109-2120	ædificastis	
1-403	2120-2121	,	
1-404	2122-2127	vobis	
1-405	2128-2132	sint	
1-406	2133-2134	:	
1-407	2135-2137	39	
1-408	2138-2148	remittimus	
1-409	2149-2155	quoque	
1-410	2156-2167	ignorantias	
1-411	2168-2170	et	
1-412	2171-2178	peccata	
1-413	2179-2184	usque	
1-414	2185-2187	in	
1-415	2188-2197	hodiernum	
1-416	2198-2202	diem	
1-417	2202-2203	,	
1-418	2204-2206	et	
1-419	2207-2214	coronam	
1-420	2215-2219	quam	
1-421	2220-2229	debebatis	
1-422	2230-2231	:	
1-423	2232-2234	et	
1-424	2235-2237	si	
1-425	2238-2242	quid	
1-426	2243-2248	aliud	
1-427	2249-2253	erat	
1-428	2254-2265	tributarium	
1-429	2266-2268	in	
1-430	2269-2278	Jerusalem	
1-431	2278-2279	,	
1-432	2280-2283	jam	
1-433	2284-2287	non	
1-434	2288-2291	sit	
1-435	2292-2303	tributarium	
1-436	2303-2304	.	
1-437	2305-2307	40	
1-438	2308-2310	Et	
1-439	2311-2313	si	
1-440	2314-2317	qui	
1-441	2318-2320	ex	
1-442	2321-2326	vobis	
1-443	2327-2331	apti	
1-444	2332-2336	sunt	
1-445	2337-2346	conscribi	
1-446	2347-2352	inter	
1-447	2353-2360	nostros	
1-448	2360-2361	,	
1-449	2362-2375	conscribantur	
1-450	2375-2376	,	
1-451	2377-2379	et	
1-452	2380-2383	sit	
1-453	2384-2389	inter	
1-454	2390-2393	nos	
1-455	2394-2397	pax	
1-456	2397-2398	.	
1-457	2399-2401	41	
1-458	2402-2406	Anno	
1-459	2407-2416	centesimo	
1-460	2417-2429	septuagesimo	
1-461	2429-2430	,	
1-462	2431-2438	ablatum	
1-463	2439-2442	est	
1-464	2443-2448	jugum	
1-465	2449-2456	gentium	
1-466	2457-2459	ab	
1-467	2460-2466	Israël	
1-468	2466-2467	.	
1-469	2468-2470	42	
1-470	2471-2473	Et	
1-471	2474-2479	cœpit	
1-472	2480-2487	populus	
1-473	2488-2494	Israël	
1-474	2495-2503	scribere	
1-475	2504-2506	in	
1-476	2507-2514	tabulis	
1-477	2514-2515	,	
1-478	2516-2518	et	
1-479	2519-2525	gestis	
1-480	2526-2534	publicis	
1-481	2534-2535	,	
1-482	2536-2540	anno	
1-483	2541-2546	primo	
1-484	2547-2550	sub	
1-485	2551-2557	Simone	
1-486	2558-2563	summo	
1-487	2564-2573	sacerdote	
1-488	2573-2574	,	
1-489	2575-2580	magno	
1-490	2581-2585	duce	
1-491	2585-2586	,	
1-492	2587-2589	et	
1-493	2590-2598	principe	
1-494	2599-2607	Judæorum	
1-495	2607-2608	.	
1-496	2609-2611	43	
1-497	2612-2614	In	
1-498	2615-2621	diebus	
1-499	2622-2627	illis	
1-500	2628-2637	applicuit	
1-501	2638-2643	Simon	
1-502	2644-2646	ad	
1-503	2647-2652	Gazam	
1-504	2652-2653	,	
1-505	2654-2656	et	
1-506	2657-2668	circumdedit	
1-507	2669-2672	eam	
1-508	2673-2680	castris	
1-509	2680-2681	,	
1-510	2682-2684	et	
1-511	2685-2690	fecit	
1-512	2691-2699	machinas	
1-513	2699-2700	,	
1-514	2701-2703	et	
1-515	2704-2713	applicuit	
1-516	2714-2716	ad	
1-517	2717-2726	civitatem	
1-518	2726-2727	,	
1-519	2728-2730	et	
1-520	2731-2740	percussit	
1-521	2741-2747	turrem	
1-522	2748-2752	unam	
1-523	2752-2753	,	
1-524	2754-2756	et	
1-525	2757-2769	comprehendit	
1-526	2770-2773	eam	
1-527	2773-2774	.	
