#FORMAT=WebAnno TSV 3.3


#Text=auff ſchwartz ziehend/
#Text=in-
#Text=wendig glatt/
#Text=aͤuſſerlich rauch/ dem geruch
#Text=und geſchmack nach ſich durchauß dem Zim-
#Text=met vergleichend.
1-1	2-6	auff	
1-2	7-15	ſchwartz	
1-3	16-23	ziehend	
1-4	23-24	/	
1-5	25-27	in	
1-6	27-28	-	
1-7	29-35	wendig	
1-8	36-41	glatt	
1-9	41-42	/	
1-10	43-54	aͤuſſerlich	
1-11	55-60	rauch	
1-12	60-61	/	
1-13	62-65	dem	
1-14	66-72	geruch	
1-15	73-76	und	
1-16	77-86	geſchmack	
1-17	87-91	nach	
1-18	92-96	ſich	
1-19	97-105	durchauß	
1-20	106-109	dem	
1-21	110-113	Zim	
1-22	113-114	-	
1-23	115-118	met	
1-24	119-131	vergleichend	
1-25	131-132	.	

#Text=Die Rinde dieſes
#Text=Baums
#Text=aber ſoll keinen ſonderlichen geruch haben.
2-1	133-136	Die	
2-2	137-142	Rinde	
2-3	143-149	dieſes	
2-4	150-155	Baums	
2-5	156-160	aber	
2-6	161-165	ſoll	
2-7	166-172	keinen	
2-8	173-185	ſonderlichen	
2-9	186-192	geruch	
2-10	193-198	haben	
2-11	198-199	.	

#Text=Die beſte krafft beſtehet in der Frucht.
3-1	202-205	Die	
3-2	206-211	beſte	
3-3	212-218	krafft	
3-4	219-227	beſtehet	
3-5	228-230	in	
3-6	231-234	der	
3-7	235-241	Frucht	
3-8	241-242	.	

#Text=Waͤchſt in der Provintz Sumaco.
4-1	244-251	Waͤchſt	
4-2	252-254	in	
4-3	255-258	der	
4-4	259-267	Provintz	
4-5	268-274	Sumaco	
4-6	274-275	.	

#Text=Eigenſchafft.
5-1	278-290	Eigenſchafft	
5-2	290-291	.	

#Text=Der Zimmetbaum/ und ſonderlich deſſen
#Text=Rinde hat ein aromatiſches mit fluͤchtigem
#Text=ſaltz vergeſellſchafftetes Oel under ſeiner
#Text=irꝛdiſchen Subſtantz verborgen/ dahero ſie
#Text=
#Text=gute wuͤrckung hat das Gebluͤt zu erduͤnne-
#Text=ren/ das Hertz und Nerven zu ſtaͤrcken/
#Text=
#Text=den Eß-luſt zu erwecken/
#Text=Grimmen zu ſtil-
#Text=len.
6-1	294-297	Der	
6-2	298-308	Zimmetbaum	
6-3	308-309	/	
6-4	310-313	und	
6-5	314-324	ſonderlich	
6-6	325-331	deſſen	
6-7	332-337	Rinde	
6-8	338-341	hat	
6-9	342-345	ein	
6-10	346-358	aromatiſches	
6-11	359-362	mit	
6-12	363-374	fluͤchtigem	
6-13	375-380	ſaltz	
6-14	381-401	vergeſellſchafftetes	
6-15	402-405	Oel	
6-16	406-411	under	
6-17	412-418	ſeiner	
6-18	419-429	irꝛdiſchen	
6-19	430-439	Subſtantz	
6-20	440-449	verborgen	
6-21	449-450	/	
6-22	451-457	dahero	
6-23	458-461	ſie	
6-24	463-467	gute	
6-25	468-477	wuͤrckung	
6-26	478-481	hat	
6-27	482-485	das	
6-28	486-493	Gebluͤt	
6-29	494-496	zu	
6-30	497-505	erduͤnne	
6-31	505-506	-	
6-32	507-510	ren	
6-33	510-511	/	
6-34	512-515	das	
6-35	516-521	Hertz	
6-36	522-525	und	
6-37	526-532	Nerven	
6-38	533-535	zu	
6-39	536-545	ſtaͤrcken	
6-40	545-546	/	
6-41	548-551	den	
6-42	552-559	Eß-luſt	
6-43	560-562	zu	
6-44	563-571	erwecken	
6-45	571-572	/	
6-46	573-580	Grimmen	
6-47	581-583	zu	
6-48	584-588	ſtil	
6-49	588-589	-	
6-50	590-593	len	
6-51	593-594	.	

#Text=Wird von den Alten fuͤr warm und tro-
#Text=cken in dem dritten grad geachtet.
7-1	595-599	Wird	
7-2	600-603	von	
7-3	604-607	den	
7-4	608-613	Alten	
7-5	614-618	fuͤr	
7-6	619-623	warm	
7-7	624-627	und	
7-8	628-631	tro	
7-9	631-632	-	
7-10	633-637	cken	
7-11	638-640	in	
7-12	641-644	dem	
7-13	645-652	dritten	
7-14	653-657	grad	
7-15	658-666	geachtet	
7-16	666-667	.	

#Text=Gebrauch.
8-1	670-678	Gebrauch	
8-2	678-679	.	

#Text=Ein gut Pulver/ die Speiſen damit zu-
#Text=bereiten/
#Text=ſo in Jtalien gar gebraͤuchlich iſt/
#Text=
#Text=und Herꝛ Nicolaus Braunius beſchreibet.
9-1	682-685	Ein	
9-2	686-689	gut	
9-3	690-696	Pulver	
9-4	696-697	/	
9-5	698-701	die	
9-6	702-709	Speiſen	
9-7	710-715	damit	
9-8	716-718	zu	
9-9	718-719	-	
9-10	720-728	bereiten	
9-11	728-729	/	
9-12	730-732	ſo	
9-13	733-735	in	
9-14	736-743	Jtalien	
9-15	744-747	gar	
9-16	748-761	gebraͤuchlich	
9-17	762-765	iſt	
9-18	765-766	/	
9-19	768-771	und	
9-20	772-776	Herꝛ	
9-21	777-785	Nicolaus	
9-22	786-794	Braunius	
9-23	795-806	beſchreibet	
9-24	806-807	.	

#Text=Nim̃
10-1	808-812	Nim̃	
