#FORMAT=WebAnno TSV 3.3
#T_SP=custom.Span|label
#T_RL=custom.Relation|label|BT_custom.Span


#Text=Huſten/
#Text=
#Text=Lungſucht/
#Text=
#Text=Podagra.
1-1	4-10	Huſten	_	_	_	
1-2	10-11	/	_	_	_	
1-3	13-22	Lungſucht	_	_	_	
1-4	22-23	/	_	_	_	
1-5	25-32	Podagra	_	_	_	
1-6	32-33	.	_	_	_	

#Text=Glaͤich-
#Text=
#Text=ſucht.
2-1	35-42	Glaͤich	_	_	_	
2-2	42-43	-	_	_	_	
2-3	45-50	ſucht	_	_	_	
2-4	50-51	.	_	_	_	

#Text=Schar-
#Text=
#Text=ru
#Text=An.
#Text=1650. nach Rom gebracht/ in jhrem
#Text=Collegio allda verkaufft/ und in Europa ver-
#Text=ſendet.
3-1	54-59	Schar	_	_	_	
3-2	59-60	-	_	_	_	
3-3	62-64	ru	_	_	_	
3-4	65-67	An	_	_	_	
3-5	67-68	.	_	_	_	
3-6	69-73	1650	_	_	_	
3-7	73-74	.	_	_	_	
3-8	75-79	nach	_	_	_	
3-9	80-83	Rom	_	_	_	
3-10	84-92	gebracht	_	_	_	
3-11	92-93	/	_	_	_	
3-12	94-96	in	_	_	_	
3-13	97-102	jhrem	_	_	_	
3-14	103-111	Collegio	_	_	_	
3-15	112-117	allda	_	_	_	
3-16	118-127	verkaufft	_	_	_	
3-17	127-128	/	_	_	_	
3-18	129-132	und	_	_	_	
3-19	133-135	in	_	_	_	
3-20	136-142	Europa	_	_	_	
3-21	143-146	ver	_	_	_	
3-22	146-147	-	_	_	_	
3-23	148-154	ſendet	_	_	_	
3-24	154-155	.	_	_	_	

#Text=Etliche halten die Caſſiam caryophyl-
#Text=latam, oder den Zimmet nach den Naͤgelein
#Text=riechend/ fuͤr die Kinkinna/ aber ſie betrie-
#Text=gen ſich und andere/ denn die wahre Kinkin-
#Text=na gibt keinen Geruch und Geſchmack wie
#Text=
#Text=die
#Text=
#Text=\f
#Text=[209/0225]
#Text=
#Text=
#Text=Von den Baum- und Staud-Gewaͤchſen
#Text=.
4-1	156-163	Etliche	Perceiver	_	_	
4-2	164-170	halten	_	_	_	
4-3	171-174	die	_	_	_	
4-4	175-182	Caſſiam	Smell\_Source[1]	*	4-11[3_1]	
4-5	183-192	caryophyl	Smell\_Source[1]	_	_	
4-6	192-193	-	Smell\_Source[1]	_	_	
4-7	194-199	latam	Smell\_Source[1]	_	_	
4-8	199-200	,	_	_	_	
4-9	201-205	oder	_	_	_	
4-10	206-209	den	_	_	_	
4-11	210-216	Zimmet	*[2]|Smell\_Source[3]	_	_	
4-12	217-221	nach	Evoked\_Odorant[4]	_	_	
4-13	222-225	den	Evoked\_Odorant[4]	_	_	
4-14	226-235	Naͤgelein	Evoked\_Odorant[4]	_	_	
4-15	236-244	riechend	Evoked\_Odorant[4]|Smell\_Word[5]	_	_	
4-16	244-245	/	_	_	_	
4-17	246-250	fuͤr	_	_	_	
4-18	251-254	die	_	_	_	
4-19	255-263	Kinkinna	_	_	_	
4-20	263-264	/	_	_	_	
4-21	265-269	aber	_	_	_	
4-22	270-273	ſie	_	_	_	
4-23	274-280	betrie	_	_	_	
4-24	280-281	-	_	_	_	
4-25	282-285	gen	_	_	_	
4-26	286-290	ſich	_	_	_	
4-27	291-294	und	_	_	_	
4-28	295-301	andere	_	_	_	
4-29	301-302	/	_	_	_	
4-30	303-307	denn	_	_	_	
4-31	308-311	die	_	_	_	
4-32	312-317	wahre	_	_	_	
4-33	318-324	Kinkin	Smell\_Source[6]	_	_	
4-34	324-325	-	Smell\_Source[6]	_	_	
4-35	326-328	na	Smell\_Source[6]	_	_	
4-36	329-333	gibt	_	_	_	
4-37	334-340	keinen	Quality	_	_	
4-38	341-347	Geruch	*[7]|Smell\_Word[8]	_	_	
4-39	348-351	und	_	_	_	
4-40	352-361	Geſchmack	_	_	_	
4-41	362-365	wie	_	_	_	
4-42	367-370	die	_	_	_	
4-43	374-375	[	_	_	_	
4-44	375-378	209	_	_	_	
4-45	378-379	/	_	_	_	
4-46	379-383	0225	_	_	_	
4-47	383-384	]	_	_	_	
4-48	387-390	Von	_	_	_	
4-49	391-394	den	_	_	_	
4-50	395-399	Baum	_	_	_	
4-51	399-400	-	_	_	_	
4-52	401-404	und	_	_	_	
4-53	405-421	Staud-Gewaͤchſen	_	_	_	
4-54	422-423	.	_	_	_	

#Text=die Naͤgelein von ſich/ ſondern iſt/ wie an-
#Text=gezeiget/ etwas bitter.
5-1	427-430	die	_	_	_	
5-2	431-440	Naͤgelein	_	_	_	
5-3	441-444	von	_	_	_	
5-4	445-449	ſich	_	_	_	
5-5	449-450	/	_	_	_	
5-6	451-458	ſondern	_	_	_	
5-7	459-462	iſt	_	_	_	
5-8	462-463	/	_	_	_	
5-9	464-467	wie	_	_	_	
5-10	468-470	an	_	_	_	
5-11	470-471	-	_	_	_	
5-12	472-480	gezeiget	_	_	_	
5-13	480-481	/	_	_	_	
5-14	482-487	etwas	_	_	_	
5-15	488-494	bitter	_	_	_	
5-16	494-495	.	_	_	_	

#Text=Der Baum/ auß deſſen wurtzel/ nach Hr.
6-1	499-502	Der	_	_	_	
6-2	503-507	Baum	_	_	_	
6-3	507-508	/	_	_	_	
6-4	509-512	auß	_	_	_	
6-5	513-519	deſſen	_	_	_	
6-6	520-527	wurtzel	_	_	_	
6-7	527-528	/	_	_	_	
6-8	529-533	nach	_	_	_	
6-9	534-536	Hr	_	_	_	
6-10	536-537	.	_	_	_	

#Text=Dr.
7-1	538-540	Dr	_	_	_	
7-2	540-541	.	_	_	_	

#Text=Spon, in ſeinen Anmerckungen ſur les
#Text=
#Text=Fievres & les Febrifuges, die Peruaniſche
#Text=Rinde herkomt/ vergleicht ſich unſeren Eu-
#Text=ropæiſchen Baͤumen/ ſeine blaͤtter ſcheinen
#Text=
#Text=den blaͤtteren der rothen Pflaumen etwas
#Text=aͤhnlich zu ſein.
8-1	542-546	Spon	_	_	_	
8-2	546-547	,	_	_	_	
8-3	548-550	in	_	_	_	
8-4	551-557	ſeinen	_	_	_	
8-5	558-570	Anmerckungen	_	_	_	
8-6	571-574	ſur	_	_	_	
8-7	575-578	les	_	_	_	
8-8	580-587	Fievres	_	_	_	
8-9	588-589	&	_	_	_	
8-10	590-593	les	_	_	_	
8-11	594-604	Febrifuges	_	_	_	
8-12	604-605	,	_	_	_	
8-13	606-609	die	_	_	_	
8-14	610-621	Peruaniſche	_	_	_	
8-15	622-627	Rinde	_	_	_	
8-16	628-635	herkomt	_	_	_	
8-17	635-636	/	_	_	_	
8-18	637-647	vergleicht	_	_	_	
8-19	648-652	ſich	_	_	_	
8-20	653-660	unſeren	_	_	_	
8-21	661-663	Eu	_	_	_	
8-22	663-664	-	_	_	_	
8-23	665-675	ropæiſchen	_	_	_	
8-24	676-683	Baͤumen	_	_	_	
8-25	683-684	/	_	_	_	
8-26	685-690	ſeine	_	_	_	
8-27	691-699	blaͤtter	_	_	_	
8-28	700-708	ſcheinen	_	_	_	
8-29	710-713	den	_	_	_	
8-30	714-724	blaͤtteren	_	_	_	
8-31	725-728	der	_	_	_	
8-32	729-735	rothen	_	_	_	
8-33	736-744	Pflaumen	_	_	_	
8-34	745-750	etwas	_	_	_	
8-35	751-759	aͤhnlich	_	_	_	
8-36	760-762	zu	_	_	_	
8-37	763-767	ſein	_	_	_	
8-38	767-768	.	_	_	_	

#Text=Sein Bluͤthe aber/ ſoll mit
#Text=dem Granaten-bluſt bey nahe uͤbereinkom-
#Text=men.
9-1	769-773	Sein	_	_	_	
9-2	774-781	Bluͤthe	_	_	_	
9-3	782-786	aber	_	_	_	
9-4	786-787	/	_	_	_	
9-5	788-792	ſoll	_	_	_	
9-6	793-796	mit	_	_	_	
9-7	797-800	dem	_	_	_	
9-8	801-815	Granaten-bluſt	_	_	_	
9-9	816-819	bey	_	_	_	
9-10	820-824	nahe	_	_	_	
9-11	825-836	uͤbereinkom	_	_	_	
9-12	836-837	-	_	_	_	
9-13	838-841	men	_	_	_	
9-14	841-842	.	_	_	_	
