#FORMAT=WebAnno TSV 3.3


#Text=dor ambrosiacus in regno animali fcilicet in moscho et zibetho : haec fingulare fal habent scilicet magis nitrosum et sulphureum
#Text=
#Text=
#Text=
#Text=cum
#Text=
#Text=
#Text=
#Text=
#Text=
#Text=cum terra antacida.
1-1	2-5	dor	
1-2	6-17	ambrosiacus	
1-3	18-20	in	
1-4	21-26	regno	
1-5	27-34	animali	
1-6	35-43	fcilicet	
1-7	44-46	in	
1-8	47-53	moscho	
1-9	54-56	et	
1-10	57-64	zibetho	
1-11	65-66	:	
1-12	67-71	haec	
1-13	72-81	fingulare	
1-14	82-85	fal	
1-15	86-92	habent	
1-16	93-101	scilicet	
1-17	102-107	magis	
1-18	108-116	nitrosum	
1-19	117-119	et	
1-20	120-130	sulphureum	
1-21	134-137	cum	
1-22	143-146	cum	
1-23	147-152	terra	
1-24	153-161	antacida	
1-25	161-162	.	

#Text=Hoc nonfolum ostendit tota humorum animaa lium natura , quae fere nitroso- fulphureo ammoniacalis eft, fed e. tiam alia phoenomena ostendunt; et vt recte haec intelligantur, pluribus de hoc odore loquar.
2-1	163-166	Hoc	
2-2	167-175	nonfolum	
2-3	176-184	ostendit	
2-4	185-189	tota	
2-5	190-197	humorum	
2-6	198-204	animaa	
2-7	205-209	lium	
2-8	210-216	natura	
2-9	217-218	,	
2-10	219-223	quae	
2-11	224-228	fere	
2-12	229-236	nitroso	
2-13	236-237	-	
2-14	238-247	fulphureo	
2-15	248-260	ammoniacalis	
2-16	261-264	eft	
2-17	264-265	,	
2-18	266-269	fed	
2-19	270-271	e	
2-20	271-272	.	
2-21	273-277	tiam	
2-22	278-282	alia	
2-23	283-293	phoenomena	
2-24	294-303	ostendunt	
2-25	303-304	;	
2-26	305-307	et	
2-27	308-310	vt	
2-28	311-316	recte	
2-29	317-321	haec	
2-30	322-335	intelligantur	
2-31	335-336	,	
2-32	337-345	pluribus	
2-33	346-348	de	
2-34	349-352	hoc	
2-35	353-358	odore	
2-36	359-365	loquar	
2-37	365-366	.	

#Text=Id E. nullus negabit, quod mo.
#Text=schi, zibethi et castorei odor : ex fale per inflammabiles.
#Text=partes blandas volatilifato oriatur.
3-1	367-369	Id	
3-2	370-371	E	
3-3	371-372	.	
3-4	373-379	nullus	
3-5	380-387	negabit	
3-6	387-388	,	
3-7	389-393	quod	
3-8	394-396	mo	
3-9	396-397	.	
3-10	398-402	schi	
3-11	402-403	,	
3-12	404-411	zibethi	
3-13	412-414	et	
3-14	415-423	castorei	
3-15	424-428	odor	
3-16	429-430	:	
3-17	431-433	ex	
3-18	434-438	fale	
3-19	439-442	per	
3-20	443-456	inflammabiles	
3-21	456-457	.	
3-22	458-464	partes	
3-23	465-472	blandas	
3-24	473-485	volatilifato	
3-25	486-493	oriatur	
3-26	493-494	.	

#Text=Nam confirmatur id, quod odoriferum horum animalium in pingui masla delitescat, et quod omnia animalia acidum animale contineant.
4-1	495-498	Nam	
4-2	499-510	confirmatur	
4-3	511-513	id	
4-4	513-514	,	
4-5	515-519	quod	
4-6	520-530	odoriferum	
4-7	531-536	horum	
4-8	537-546	animalium	
4-9	547-549	in	
4-10	550-556	pingui	
4-11	557-562	masla	
4-12	563-573	delitescat	
4-13	573-574	,	
4-14	575-577	et	
4-15	578-582	quod	
4-16	583-588	omnia	
4-17	589-597	animalia	
4-18	598-604	acidum	
4-19	605-612	animale	
4-20	613-623	contineant	
4-21	623-624	.	

#Text=Cum vero 1) ex terra olei volatili reddita acidum nitrofum oriatur, cum 2) omnium animalium acidum nitrosum fit, cum 3) ex oleo succini et spiritu nitri concentrato moschi odor oriatur: cnm 4) bilis femiputrida eundem odorem spiret, cum porro axillae hominum calore aestiuo interdum mofchum fpirent, cumque homines ipfi interdum hunc odorem fpirent, quas obferuationes CRANTZIVS in Mat.
#Text=ined.
#Text=affert fub moscho: cum 5) fimus per agros sparsus in primis per primum hye.
#Text=male tempus mofchum redoleat, vti BOYLE Orig form.
5-1	625-628	Cum	
5-2	629-633	vero	
5-3	634-635	1	
5-4	635-636	)	
5-5	637-639	ex	
5-6	640-645	terra	
5-7	646-650	olei	
5-8	651-659	volatili	
5-9	660-667	reddita	
5-10	668-674	acidum	
5-11	675-683	nitrofum	
5-12	684-691	oriatur	
5-13	691-692	,	
5-14	693-696	cum	
5-15	697-698	2	
5-16	698-699	)	
5-17	700-706	omnium	
5-18	707-716	animalium	
5-19	717-723	acidum	
5-20	724-732	nitrosum	
5-21	733-736	fit	
5-22	736-737	,	
5-23	738-741	cum	
5-24	742-743	3	
5-25	743-744	)	
5-26	745-747	ex	
5-27	748-752	oleo	
5-28	753-760	succini	
5-29	761-763	et	
5-30	764-771	spiritu	
5-31	772-777	nitri	
5-32	778-789	concentrato	
5-33	790-796	moschi	
5-34	797-801	odor	
5-35	802-809	oriatur	
5-36	809-810	:	
5-37	811-814	cnm	
5-38	815-816	4	
5-39	816-817	)	
5-40	818-823	bilis	
5-41	824-835	femiputrida	
5-42	836-842	eundem	
5-43	843-849	odorem	
5-44	850-856	spiret	
5-45	856-857	,	
5-46	858-861	cum	
5-47	862-867	porro	
5-48	868-875	axillae	
5-49	876-883	hominum	
5-50	884-890	calore	
5-51	891-898	aestiuo	
5-52	899-907	interdum	
5-53	908-915	mofchum	
5-54	916-923	fpirent	
5-55	923-924	,	
5-56	925-931	cumque	
5-57	932-939	homines	
5-58	940-944	ipfi	
5-59	945-953	interdum	
5-60	954-958	hunc	
5-61	959-965	odorem	
5-62	966-973	fpirent	
5-63	973-974	,	
5-64	975-979	quas	
5-65	980-993	obferuationes	
5-66	994-1003	CRANTZIVS	
5-67	1004-1006	in	
5-68	1007-1010	Mat	
5-69	1010-1011	.	
5-70	1012-1016	ined	
5-71	1016-1017	.	
5-72	1018-1024	affert	
5-73	1025-1028	fub	
5-74	1029-1035	moscho	
5-75	1035-1036	:	
5-76	1037-1040	cum	
5-77	1041-1042	5	
5-78	1042-1043	)	
5-79	1044-1049	fimus	
5-80	1050-1053	per	
5-81	1054-1059	agros	
5-82	1060-1067	sparsus	
5-83	1068-1070	in	
5-84	1071-1077	primis	
5-85	1078-1081	per	
5-86	1082-1088	primum	
5-87	1089-1092	hye	
5-88	1092-1093	.	
5-89	1094-1098	male	
5-90	1099-1105	tempus	
5-91	1106-1113	mofchum	
5-92	1114-1122	redoleat	
5-93	1122-1123	,	
5-94	1124-1127	vti	
5-95	1128-1133	BOYLE	
5-96	1134-1138	Orig	
5-97	1139-1143	form	
5-98	1143-1144	.	

#Text=P. 144. affert, cum 6) vrina vaccae exhalatione aquae infpiffata eiusdem odo: ris fit.
#Text=vid.
6-1	1145-1146	P	
6-2	1146-1147	.	
6-3	1148-1151	144	
6-4	1151-1152	.	
6-5	1153-1159	affert	
6-6	1159-1160	,	
6-7	1161-1164	cum	
6-8	1165-1166	6	
6-9	1166-1167	)	
6-10	1168-1173	vrina	
6-11	1174-1180	vaccae	
6-12	1181-1192	exhalatione	
6-13	1193-1198	aquae	
6-14	1199-1209	infpiffata	
6-15	1210-1217	eiusdem	
6-16	1218-1221	odo	
6-17	1221-1222	:	
6-18	1223-1226	ris	
6-19	1227-1230	fit	
6-20	1230-1231	.	
6-21	1232-1235	vid	
6-22	1235-1236	.	

#Text=RVTTY Synops.
#Text=of.
#Text=mineral wat.
7-1	1237-1242	RVTTY	
7-2	1243-1249	Synops	
7-3	1249-1250	.	
7-4	1251-1253	of	
7-5	1253-1254	.	
7-6	1255-1262	mineral	
7-7	1263-1266	wat	
7-8	1266-1267	.	

#Text=Tom.
8-1	1268-1271	Tom	
8-2	1271-1272	.	

#Text=I. p. 457. cum 7) vulua bubalina ficca vti BARTHOLINVS vtil.
#Text=peregrin.
#Text=p. 10. obferuat.
#Text=cumque 8) fanguis bubulus et sudor fani hominis mofchum fpirent, verifimillimum est mofchi odorem ex terra olei volatili red dita per acidum vniuerfale vel ex acido- nitroso-ammoniacali sulphù.
#Text=reo cum inflammab.
#Text=partibus blandis coniuncto oriri.
9-1	1273-1274	I	
9-2	1274-1275	.	
9-3	1276-1277	p	
9-4	1277-1278	.	
9-5	1279-1282	457	
9-6	1282-1283	.	
9-7	1284-1287	cum	
9-8	1288-1289	7	
9-9	1289-1290	)	
9-10	1291-1296	vulua	
9-11	1297-1305	bubalina	
9-12	1306-1311	ficca	
9-13	1312-1315	vti	
9-14	1316-1327	BARTHOLINVS	
9-15	1328-1332	vtil	
9-16	1332-1333	.	
9-17	1334-1342	peregrin	
9-18	1342-1343	.	
9-19	1344-1345	p	
9-20	1345-1346	.	
9-21	1347-1349	10	
9-22	1349-1350	.	
9-23	1351-1359	obferuat	
9-24	1359-1360	.	
9-25	1361-1367	cumque	
9-26	1368-1369	8	
9-27	1369-1370	)	
9-28	1371-1378	fanguis	
9-29	1379-1386	bubulus	
9-30	1387-1389	et	
9-31	1390-1395	sudor	
9-32	1396-1400	fani	
9-33	1401-1408	hominis	
9-34	1409-1416	mofchum	
9-35	1417-1424	fpirent	
9-36	1424-1425	,	
9-37	1426-1440	verifimillimum	
9-38	1441-1444	est	
9-39	1445-1451	mofchi	
9-40	1452-1458	odorem	
9-41	1459-1461	ex	
9-42	1462-1467	terra	
9-43	1468-1472	olei	
9-44	1473-1481	volatili	
9-45	1482-1485	red	
9-46	1486-1490	dita	
9-47	1491-1494	per	
9-48	1495-1501	acidum	
9-49	1502-1512	vniuerfale	
9-50	1513-1516	vel	
9-51	1517-1519	ex	
9-52	1520-1525	acido	
9-53	1525-1526	-	
9-54	1527-1546	nitroso-ammoniacali	
9-55	1547-1553	sulphù	
9-56	1553-1554	.	
9-57	1555-1558	reo	
9-58	1559-1562	cum	
9-59	1563-1572	inflammab	
9-60	1572-1573	.	
9-61	1574-1582	partibus	
9-62	1583-1590	blandis	
9-63	1591-1600	coniuncto	
9-64	1601-1606	oriri	
9-65	1606-1607	.	
