#FORMAT=WebAnno TSV 3.3
#T_SP=custom.Span|label
#T_RL=custom.Relation|label|BT_custom.Span


#Text=Gleichzeitig damit wird die Gärungskufe
#Text=entleert und mit neuen Pflanzen beſchickt, die ausgezogenen aber getrocknet
#Text=und als Brennmaterial verwendet.
1-1	2-14	Gleichzeitig	_	_	_	
1-2	15-20	damit	_	_	_	
1-3	21-25	wird	_	_	_	
1-4	26-29	die	_	_	_	
1-5	30-41	Gärungskufe	_	_	_	
1-6	42-50	entleert	_	_	_	
1-7	51-54	und	_	_	_	
1-8	55-58	mit	_	_	_	
1-9	59-64	neuen	_	_	_	
1-10	65-73	Pflanzen	_	_	_	
1-11	74-83	beſchickt	_	_	_	
1-12	83-84	,	_	_	_	
1-13	85-88	die	_	_	_	
1-14	89-101	ausgezogenen	_	_	_	
1-15	102-106	aber	_	_	_	
1-16	107-117	getrocknet	_	_	_	
1-17	118-121	und	_	_	_	
1-18	122-125	als	_	_	_	
1-19	126-139	Brennmaterial	_	_	_	
1-20	140-149	verwendet	_	_	_	
1-21	149-150	.	_	_	_	

#Text=Sobald dieſes flockige Ausſcheiden des
#Text=Farbſtoffes eintritt, wird mit dem Umrühren aufgehört, damit der Indigo
#Text=ſich in Ruhe abſetzen und am Boden ſammeln kann;
#Text=dann wird die klare
#Text=Flüſſigkeit abgezogen, der breiige Bodenſatz aber wird in einem Keſſel auf-
#Text=gekocht, um eine etwaige Nachgärung zu verhindern.
2-1	151-157	Sobald	_	_	_	
2-2	158-164	dieſes	_	_	_	
2-3	165-173	flockige	_	_	_	
2-4	174-185	Ausſcheiden	_	_	_	
2-5	186-189	des	_	_	_	
2-6	190-201	Farbſtoffes	_	_	_	
2-7	202-210	eintritt	_	_	_	
2-8	210-211	,	_	_	_	
2-9	212-216	wird	_	_	_	
2-10	217-220	mit	_	_	_	
2-11	221-224	dem	_	_	_	
2-12	225-233	Umrühren	_	_	_	
2-13	234-243	aufgehört	_	_	_	
2-14	243-244	,	_	_	_	
2-15	245-250	damit	_	_	_	
2-16	251-254	der	_	_	_	
2-17	255-261	Indigo	_	_	_	
2-18	262-266	ſich	_	_	_	
2-19	267-269	in	_	_	_	
2-20	270-274	Ruhe	_	_	_	
2-21	275-283	abſetzen	_	_	_	
2-22	284-287	und	_	_	_	
2-23	288-290	am	_	_	_	
2-24	291-296	Boden	_	_	_	
2-25	297-304	ſammeln	_	_	_	
2-26	305-309	kann	_	_	_	
2-27	309-310	;	_	_	_	
2-28	311-315	dann	_	_	_	
2-29	316-320	wird	_	_	_	
2-30	321-324	die	_	_	_	
2-31	325-330	klare	_	_	_	
2-32	331-342	Flüſſigkeit	_	_	_	
2-33	343-352	abgezogen	_	_	_	
2-34	352-353	,	_	_	_	
2-35	354-357	der	_	_	_	
2-36	358-365	breiige	_	_	_	
2-37	366-375	Bodenſatz	_	_	_	
2-38	376-380	aber	_	_	_	
2-39	381-385	wird	_	_	_	
2-40	386-388	in	_	_	_	
2-41	389-394	einem	_	_	_	
2-42	395-401	Keſſel	_	_	_	
2-43	402-405	auf	_	_	_	
2-44	405-406	-	_	_	_	
2-45	407-414	gekocht	_	_	_	
2-46	414-415	,	_	_	_	
2-47	416-418	um	_	_	_	
2-48	419-423	eine	_	_	_	
2-49	424-431	etwaige	_	_	_	
2-50	432-442	Nachgärung	_	_	_	
2-51	443-445	zu	_	_	_	
2-52	446-456	verhindern	_	_	_	
2-53	456-457	.	_	_	_	

#Text=Schließlich kommt der
#Text=Brei in einen hölzernen Kaſten mit durchlöchertem mit Baumwollzeug über-
#Text=ſpanntem Boden, und nach dem Ablaufen des überſchüſſigen Waſſers in einen
#Text=Preßbeutel zum Abtropfenlaſſen der letzten Waſſeranteile.
3-1	458-469	Schließlich	_	_	_	
3-2	470-475	kommt	_	_	_	
3-3	476-479	der	_	_	_	
3-4	480-484	Brei	_	_	_	
3-5	485-487	in	_	_	_	
3-6	488-493	einen	_	_	_	
3-7	494-503	hölzernen	_	_	_	
3-8	504-510	Kaſten	_	_	_	
3-9	511-514	mit	_	_	_	
3-10	515-529	durchlöchertem	_	_	_	
3-11	530-533	mit	_	_	_	
3-12	534-546	Baumwollzeug	_	_	_	
3-13	547-551	über	_	_	_	
3-14	551-552	-	_	_	_	
3-15	553-561	ſpanntem	_	_	_	
3-16	562-567	Boden	_	_	_	
3-17	567-568	,	_	_	_	
3-18	569-572	und	_	_	_	
3-19	573-577	nach	_	_	_	
3-20	578-581	dem	_	_	_	
3-21	582-590	Ablaufen	_	_	_	
3-22	591-594	des	_	_	_	
3-23	595-609	überſchüſſigen	_	_	_	
3-24	610-617	Waſſers	_	_	_	
3-25	618-620	in	_	_	_	
3-26	621-626	einen	_	_	_	
3-27	627-637	Preßbeutel	_	_	_	
3-28	638-641	zum	_	_	_	
3-29	642-657	Abtropfenlaſſen	_	_	_	
3-30	658-661	der	_	_	_	
3-31	662-669	letzten	_	_	_	
3-32	670-683	Waſſeranteile	_	_	_	
3-33	683-684	.	_	_	_	

#Text=Endlich kommt er
#Text=in die Trockenſtuben, wo er bei völligem Luftabſchluß langſam getrocknet wird.
4-1	685-692	Endlich	_	_	_	
4-2	693-698	kommt	_	_	_	
4-3	699-701	er	_	_	_	
4-4	702-704	in	_	_	_	
4-5	705-708	die	_	_	_	
4-6	709-722	Trockenſtuben	_	_	_	
4-7	722-723	,	_	_	_	
4-8	724-726	wo	_	_	_	
4-9	727-729	er	_	_	_	
4-10	730-733	bei	_	_	_	
4-11	734-742	völligem	_	_	_	
4-12	743-755	Luftabſchluß	_	_	_	
4-13	756-763	langſam	_	_	_	
4-14	764-774	getrocknet	_	_	_	
4-15	775-779	wird	_	_	_	
4-16	779-780	.	_	_	_	

#Text=Eigenſchaften.
5-1	783-796	Eigenſchaften	_	_	_	
5-2	796-797	.	_	_	_	

#Text=In dieſer Form repräſentiert der Indigo ein Gemiſch
#Text=
#Text=von Pflanzenſtoffen, in welchen der blaue Farbſtoff den wertvollſten Anteil
#Text=bildet.
6-1	798-800	In	_	_	_	
6-2	801-807	dieſer	_	_	_	
6-3	808-812	Form	_	_	_	
6-4	813-826	repräſentiert	_	_	_	
6-5	827-830	der	_	_	_	
6-6	831-837	Indigo	_	_	_	
6-7	838-841	ein	_	_	_	
6-8	842-849	Gemiſch	_	_	_	
6-9	851-854	von	_	_	_	
6-10	855-870	Pflanzenſtoffen	_	_	_	
6-11	870-871	,	_	_	_	
6-12	872-874	in	_	_	_	
6-13	875-882	welchen	_	_	_	
6-14	883-886	der	_	_	_	
6-15	887-892	blaue	_	_	_	
6-16	893-902	Farbſtoff	_	_	_	
6-17	903-906	den	_	_	_	
6-18	907-919	wertvollſten	_	_	_	
6-19	920-926	Anteil	_	_	_	
6-20	927-933	bildet	_	_	_	
6-21	933-934	.	_	_	_	

#Text=Er kommt in größeren oder kleineren, regelmäßigen oder unregel-
#Text=mäßigen Stücken in den Handel, iſt von tiefblauer Farbe, körnigem, erdigem,
#Text=
#Text=\f
#Text=[112/0138]
#Text=
#Text=mattem Bruch;
#Text=er haftet an der Zunge, iſt geruch- und geſchmacklos, bald
#Text=leichter, bald ſchwerer als Waſſer, und gibt beim Reiben einen kupferfarbigen
#Text=Glanz.
7-1	935-937	Er	Smell\_Source	_	_	
7-2	938-943	kommt	_	_	_	
7-3	944-946	in	_	_	_	
7-4	947-955	größeren	_	_	_	
7-5	956-960	oder	_	_	_	
7-6	961-970	kleineren	_	_	_	
7-7	970-971	,	_	_	_	
7-8	972-984	regelmäßigen	_	_	_	
7-9	985-989	oder	_	_	_	
7-10	990-997	unregel	_	_	_	
7-11	997-998	-	_	_	_	
7-12	999-1006	mäßigen	_	_	_	
7-13	1007-1014	Stücken	_	_	_	
7-14	1015-1017	in	_	_	_	
7-15	1018-1021	den	_	_	_	
7-16	1022-1028	Handel	_	_	_	
7-17	1028-1029	,	_	_	_	
7-18	1030-1033	iſt	_	_	_	
7-19	1034-1037	von	_	_	_	
7-20	1038-1048	tiefblauer	_	_	_	
7-21	1049-1054	Farbe	_	_	_	
7-22	1054-1055	,	_	_	_	
7-23	1056-1064	körnigem	_	_	_	
7-24	1064-1065	,	_	_	_	
7-25	1066-1073	erdigem	_	_	_	
7-26	1073-1074	,	_	_	_	
7-27	1078-1079	[	_	_	_	
7-28	1079-1082	112	_	_	_	
7-29	1082-1083	/	_	_	_	
7-30	1083-1087	0138	_	_	_	
7-31	1087-1088	]	_	_	_	
7-32	1090-1096	mattem	_	_	_	
7-33	1097-1102	Bruch	_	_	_	
7-34	1102-1103	;	_	_	_	
7-35	1104-1106	er	_	_	_	
7-36	1107-1113	haftet	_	_	_	
7-37	1114-1116	an	_	_	_	
7-38	1117-1120	der	_	_	_	
7-39	1121-1126	Zunge	_	_	_	
7-40	1126-1127	,	_	_	_	
7-41	1128-1131	iſt	_	_	_	
7-42	1132-1138	geruch	Quality[1]|Smell\_Word[2]	*|*	7-42[1_2]|7-1[0_2]	
7-43	1138-1139	-	Quality[1]	_	_	
7-44	1140-1143	und	Quality[1]	_	_	
7-45	1144-1156	geſchmacklos	Quality[1]	_	_	
7-46	1156-1157	,	_	_	_	
7-47	1158-1162	bald	_	_	_	
7-48	1163-1171	leichter	_	_	_	
7-49	1171-1172	,	_	_	_	
7-50	1173-1177	bald	_	_	_	
7-51	1178-1186	ſchwerer	_	_	_	
7-52	1187-1190	als	_	_	_	
7-53	1191-1197	Waſſer	_	_	_	
7-54	1197-1198	,	_	_	_	
7-55	1199-1202	und	_	_	_	
7-56	1203-1207	gibt	_	_	_	
7-57	1208-1212	beim	_	_	_	
7-58	1213-1219	Reiben	_	_	_	
7-59	1220-1225	einen	_	_	_	
7-60	1226-1240	kupferfarbigen	_	_	_	
7-61	1241-1246	Glanz	_	_	_	
7-62	1246-1247	.	_	_	_	

#Text=Die genannten Eigenſchaften werden jedoch durch die Abſtammung
#Text=des Indigos verſchiedentlich beeinflußt.
8-1	1248-1251	Die	_	_	_	
8-2	1252-1261	genannten	_	_	_	
8-3	1262-1275	Eigenſchaften	_	_	_	
8-4	1276-1282	werden	_	_	_	
8-5	1283-1289	jedoch	_	_	_	
8-6	1290-1295	durch	_	_	_	
8-7	1296-1299	die	_	_	_	
8-8	1300-1310	Abſtammung	_	_	_	
8-9	1311-1314	des	_	_	_	
8-10	1315-1322	Indigos	_	_	_	
8-11	1323-1339	verſchiedentlich	_	_	_	
8-12	1340-1350	beeinflußt	_	_	_	
8-13	1350-1351	.	_	_	_	

#Text=In Waſſer, Alkohol und Aether iſt
#Text=der Indigo unlöslich;
#Text=leicht löslich dagegen in konzentrierter Schwefelſäure,
#Text=welche Löſung mit Waſſer verdünnt werden kann, ohne daß dadurch der
#Text=Farbſtoff wieder ausgefällt wird.
9-1	1352-1354	In	_	_	_	
9-2	1355-1361	Waſſer	_	_	_	
9-3	1361-1362	,	_	_	_	
9-4	1363-1370	Alkohol	_	_	_	
9-5	1371-1374	und	_	_	_	
9-6	1375-1381	Aether	_	_	_	
9-7	1382-1385	iſt	_	_	_	
9-8	1386-1389	der	_	_	_	
9-9	1390-1396	Indigo	_	_	_	
9-10	1397-1406	unlöslich	_	_	_	
9-11	1406-1407	;	_	_	_	
9-12	1408-1414	leicht	_	_	_	
9-13	1415-1422	löslich	_	_	_	
9-14	1423-1430	dagegen	_	_	_	
9-15	1431-1433	in	_	_	_	
9-16	1434-1448	konzentrierter	_	_	_	
9-17	1449-1462	Schwefelſäure	_	_	_	
9-18	1462-1463	,	_	_	_	
9-19	1464-1470	welche	_	_	_	
9-20	1471-1477	Löſung	_	_	_	
9-21	1478-1481	mit	_	_	_	
9-22	1482-1488	Waſſer	_	_	_	
9-23	1489-1497	verdünnt	_	_	_	
9-24	1498-1504	werden	_	_	_	
9-25	1505-1509	kann	_	_	_	
9-26	1509-1510	,	_	_	_	
9-27	1511-1515	ohne	_	_	_	
9-28	1516-1519	daß	_	_	_	
9-29	1520-1527	dadurch	_	_	_	
9-30	1528-1531	der	_	_	_	
9-31	1532-1541	Farbſtoff	_	_	_	
9-32	1542-1548	wieder	_	_	_	
9-33	1549-1559	ausgefällt	_	_	_	
9-34	1560-1564	wird	_	_	_	
9-35	1564-1565	.	_	_	_	

#Text=Charakteriſtiſch für den Indigo iſt ſeine
#Text=Löslichkeit in gelöſten Reduktionsmitteln (z.
10-1	1566-1582	Charakteriſtiſch	_	_	_	
10-2	1583-1586	für	_	_	_	
10-3	1587-1590	den	_	_	_	
10-4	1591-1597	Indigo	_	_	_	
10-5	1598-1601	iſt	_	_	_	
10-6	1602-1607	ſeine	_	_	_	
10-7	1608-1619	Löslichkeit	_	_	_	
10-8	1620-1622	in	_	_	_	
10-9	1623-1631	gelöſten	_	_	_	
10-10	1632-1649	Reduktionsmitteln	_	_	_	
10-11	1650-1651	(	_	_	_	
10-12	1651-1652	z	_	_	_	
10-13	1652-1653	.	_	_	_	

#Text=B. alkaliſcher Traubenzuckerlöſung),
#Text=wobei er zugleich zu Indigweiß reduziert wird.
11-1	1654-1655	B	_	_	_	
11-2	1655-1656	.	_	_	_	
11-3	1657-1668	alkaliſcher	_	_	_	
11-4	1669-1688	Traubenzuckerlöſung	_	_	_	
11-5	1688-1689	)	_	_	_	
11-6	1689-1690	,	_	_	_	
11-7	1691-1696	wobei	_	_	_	
11-8	1697-1699	er	_	_	_	
11-9	1700-1708	zugleich	_	_	_	
11-10	1709-1711	zu	_	_	_	
11-11	1712-1721	Indigweiß	_	_	_	
11-12	1722-1731	reduziert	_	_	_	
11-13	1732-1736	wird	_	_	_	
11-14	1736-1737	.	_	_	_	

#Text=Hierauf beruht die geſamte
#Text=Anwendung des Indigos in der Färberei.
12-1	1738-1745	Hierauf	_	_	_	
12-2	1746-1752	beruht	_	_	_	
12-3	1753-1756	die	_	_	_	
12-4	1757-1764	geſamte	_	_	_	
12-5	1765-1774	Anwendung	_	_	_	
12-6	1775-1778	des	_	_	_	
12-7	1779-1786	Indigos	_	_	_	
12-8	1787-1789	in	_	_	_	
12-9	1790-1793	der	_	_	_	
12-10	1794-1802	Färberei	_	_	_	
12-11	1802-1803	.	_	_	_	

#Text=Chlor als Gas oder Chlorwaſſer
#Text=
#Text=oder Chlorkalk, ferner ein Gemiſch von Salzſäure und chlorſaurem Kali,
#Text=wie auch Salpeterſäure löſen den Indigo unter Zerſtörung des blauen Farb-
#Text=ſtoffes.
13-1	1804-1809	Chlor	_	_	_	
13-2	1810-1813	als	_	_	_	
13-3	1814-1817	Gas	_	_	_	
13-4	1818-1822	oder	_	_	_	
13-5	1823-1834	Chlorwaſſer	_	_	_	
13-6	1836-1840	oder	_	_	_	
13-7	1841-1850	Chlorkalk	_	_	_	
13-8	1850-1851	,	_	_	_	
13-9	1852-1858	ferner	_	_	_	
13-10	1859-1862	ein	_	_	_	
13-11	1863-1870	Gemiſch	_	_	_	
13-12	1871-1874	von	_	_	_	
13-13	1875-1884	Salzſäure	_	_	_	
13-14	1885-1888	und	_	_	_	
13-15	1889-1900	chlorſaurem	_	_	_	
13-16	1901-1905	Kali	_	_	_	
13-17	1905-1906	,	_	_	_	
13-18	1907-1910	wie	_	_	_	
13-19	1911-1915	auch	_	_	_	
13-20	1916-1929	Salpeterſäure	_	_	_	
13-21	1930-1935	löſen	_	_	_	
13-22	1936-1939	den	_	_	_	
13-23	1940-1946	Indigo	_	_	_	
13-24	1947-1952	unter	_	_	_	
13-25	1953-1963	Zerſtörung	_	_	_	
13-26	1964-1967	des	_	_	_	
13-27	1968-1974	blauen	_	_	_	
13-28	1975-1979	Farb	_	_	_	
13-29	1979-1980	-	_	_	_	
13-30	1981-1988	ſtoffes	_	_	_	
13-31	1988-1989	.	_	_	_	

#Text=Das ſpezifiſche Gewicht variiert von 1,324 bis 1,455 (Leuchs).
14-1	1990-1993	Das	_	_	_	
14-2	1994-2005	ſpezifiſche	_	_	_	
14-3	2006-2013	Gewicht	_	_	_	
14-4	2014-2022	variiert	_	_	_	
14-5	2023-2026	von	_	_	_	
14-6	2027-2032	1,324	_	_	_	
14-7	2033-2036	bis	_	_	_	
14-8	2037-2042	1,455	_	_	_	
14-9	2043-2044	(	_	_	_	
14-10	2044-2050	Leuchs	_	_	_	
14-11	2050-2051	)	_	_	_	
14-12	2051-2052	.	_	_	_	

#Text=Indigofarbſtoffe.
15-1	2055-2071	Indigofarbſtoffe	_	_	_	
15-2	2071-2072	.	_	_	_	
