#FORMAT=WebAnno TSV 3.3


#Text=Op dat zy luister naar myn smeeken:
#Text=
#Text=Zoo is Kupid' en ik voldaan.
1-1	0-2	Op	
1-2	3-6	dat	
1-3	7-9	zy	
1-4	10-17	luister	
1-5	18-22	naar	
1-6	23-26	myn	
1-7	27-34	smeeken	
1-8	34-35	:	
1-9	37-40	Zoo	
1-10	41-43	is	
1-11	44-49	Kupid	
1-12	49-50	'	
1-13	51-53	en	
1-14	54-56	ik	
1-15	57-64	voldaan	
1-16	64-65	.	

#Text=Jan Vos, Alle de gedichten.
2-1	68-71	Jan	
2-2	72-75	Vos	
2-3	75-76	,	
2-4	77-81	Alle	
2-5	82-84	de	
2-6	85-94	gedichten	
2-7	94-95	.	

#Text=Deel 1
#Text=
#Text=\f275
#Text=
#Text=De boosheidt zwicht door straf te pleege'.
3-1	96-100	Deel	
3-2	101-102	1	
3-3	105-108	275	
3-4	110-112	De	
3-5	113-122	boosheidt	
3-6	123-129	zwicht	
3-7	130-134	door	
3-8	135-140	straf	
3-9	141-143	te	
3-10	144-150	pleege	
3-11	150-151	'	
3-12	151-152	.	

#Text=Wie 't quaadt bestrydt verkrygt
#Text=de zeege.
4-1	155-158	Wie	
4-2	159-160	'	
4-3	160-161	t	
4-4	162-168	quaadt	
4-5	169-177	bestrydt	
4-6	178-186	verkrygt	
4-7	187-189	de	
4-8	190-195	zeege	
4-9	195-196	.	

#Text=Aan Mejuffer Jakoba Huidekoopers van Maarseveen, toen zy naar
#Text=de Fontein, op de plaats achter haar huis, ging, &c.
5-1	199-202	Aan	
5-2	203-211	Mejuffer	
5-3	212-218	Jakoba	
5-4	219-231	Huidekoopers	
5-5	232-235	van	
5-6	236-246	Maarseveen	
5-7	246-247	,	
5-8	248-252	toen	
5-9	253-255	zy	
5-10	256-260	naar	
5-11	261-263	de	
5-12	264-271	Fontein	
5-13	271-272	,	
5-14	273-275	op	
5-15	276-278	de	
5-16	279-285	plaats	
5-17	286-292	achter	
5-18	293-297	haar	
5-19	298-302	huis	
5-20	302-303	,	
5-21	304-308	ging	
5-22	308-309	,	
5-23	310-311	&	
5-24	311-312	c	
5-25	312-313	.	

#Text=Uw marmre tuinfontein ontsluit haar zuiver' aadren,
#Text=
#Text=En braakt in d'oope lucht gesmolte kristalyn:
#Text=
#Text=Maar wacht u met uw oog de kom van 't nat te naadren.
6-1	315-317	Uw	
6-2	318-324	marmre	
6-3	325-336	tuinfontein	
6-4	337-345	ontsluit	
6-5	346-350	haar	
6-6	351-357	zuiver	
6-7	357-358	'	
6-8	359-365	aadren	
6-9	365-366	,	
6-10	368-370	En	
6-11	371-377	braakt	
6-12	378-380	in	
6-13	381-387	d'oope	
6-14	388-393	lucht	
6-15	394-402	gesmolte	
6-16	403-412	kristalyn	
6-17	412-413	:	
6-18	415-419	Maar	
6-19	420-425	wacht	
6-20	426-427	u	
6-21	428-431	met	
6-22	432-434	uw	
6-23	435-438	oog	
6-24	439-441	de	
6-25	442-445	kom	
6-26	446-449	van	
6-27	450-451	'	
6-28	451-452	t	
6-29	453-456	nat	
6-30	457-459	te	
6-31	460-467	naadren	
6-32	467-468	.	

#Text=De rampen koomen meest van onbeschroomt te zyn.
7-1	471-473	De	
7-2	474-480	rampen	
7-3	481-487	koomen	
7-4	488-493	meest	
7-5	494-497	van	
7-6	498-510	onbeschroomt	
7-7	511-513	te	
7-8	514-517	zyn	
7-9	517-518	.	

#Text=Het vleiende bedrog is vaardigh in 't verrassen.
8-1	521-524	Het	
8-2	525-533	vleiende	
8-3	534-540	bedrog	
8-4	541-543	is	
8-5	544-552	vaardigh	
8-6	553-555	in	
8-7	556-557	'	
8-8	557-558	t	
8-9	559-568	verrassen	
8-10	568-569	.	

#Text=Een onbepaalt gezicht wordt meenighmaal beschreit.
9-1	572-575	Een	
9-2	576-585	onbepaalt	
9-3	586-593	gezicht	
9-4	594-599	wordt	
9-5	600-611	meenighmaal	
9-6	612-621	beschreit	
9-7	621-622	.	

#Text=Zoo gy u spiegelt in 't kristal van deeze plassen,
#Text=Zult gy uw schaaduw zien vol van aanminnigheidt:
10-1	624-627	Zoo	
10-2	628-630	gy	
10-3	631-632	u	
10-4	633-641	spiegelt	
10-5	642-644	in	
10-6	645-646	'	
10-7	646-647	t	
10-8	648-655	kristal	
10-9	656-659	van	
10-10	660-665	deeze	
10-11	666-673	plassen	
10-12	673-674	,	
10-13	675-679	Zult	
10-14	680-682	gy	
10-15	683-685	uw	
10-16	686-694	schaaduw	
10-17	695-699	zien	
10-18	700-703	vol	
10-19	704-707	van	
10-20	708-722	aanminnigheidt	
10-21	722-723	:	
