#FORMAT=WebAnno TSV 3.3
#T_SP=custom.Span|label
#T_RL=custom.Relation|label|BT_custom.Span


#Text=15 Et ait David ad Abner : Numquid non vir tu es ?
1-1	2-4	15	_	_	_	
1-2	5-7	Et	_	_	_	
1-3	8-11	ait	_	_	_	
1-4	12-17	David	_	_	_	
1-5	18-20	ad	_	_	_	
1-6	21-26	Abner	_	_	_	
1-7	27-28	:	_	_	_	
1-8	29-36	Numquid	_	_	_	
1-9	37-40	non	_	_	_	
1-10	41-44	vir	_	_	_	
1-11	45-47	tu	_	_	_	
1-12	48-50	es	_	_	_	
1-13	51-52	?	_	_	_	

#Text=et quis alius similis tui in Israël ?
2-1	53-55	et	_	_	_	
2-2	56-60	quis	_	_	_	
2-3	61-66	alius	_	_	_	
2-4	67-74	similis	_	_	_	
2-5	75-78	tui	_	_	_	
2-6	79-81	in	_	_	_	
2-7	82-88	Israël	_	_	_	
2-8	89-90	?	_	_	_	

#Text=quare ergo non custodisti dominum tuum regem ?
3-1	91-96	quare	_	_	_	
3-2	97-101	ergo	_	_	_	
3-3	102-105	non	_	_	_	
3-4	106-116	custodisti	_	_	_	
3-5	117-124	dominum	_	_	_	
3-6	125-129	tuum	_	_	_	
3-7	130-135	regem	_	_	_	
3-8	136-137	?	_	_	_	

#Text=ingressus est enim unus de turba ut interficeret regem dominum tuum.
#Text=16 Non est bonum hoc, quod fecisti : vivit Dominus, quoniam filii mortis estis vos, qui non custodistis dominum vestrum, christum Domini : nunc ergo vide ubi sit hasta regis, et ubi sit scyphus aquæ qui erat ad caput ejus.
#Text=17 Cognovit autem Saul vocem David, et dixit : Numquid vox hæc tua, fili mi David ?
4-1	138-147	ingressus	_	_	_	
4-2	148-151	est	_	_	_	
4-3	152-156	enim	_	_	_	
4-4	157-161	unus	_	_	_	
4-5	162-164	de	_	_	_	
4-6	165-170	turba	_	_	_	
4-7	171-173	ut	_	_	_	
4-8	174-186	interficeret	_	_	_	
4-9	187-192	regem	_	_	_	
4-10	193-200	dominum	_	_	_	
4-11	201-205	tuum	_	_	_	
4-12	205-206	.	_	_	_	
4-13	207-209	16	_	_	_	
4-14	210-213	Non	_	_	_	
4-15	214-217	est	_	_	_	
4-16	218-223	bonum	_	_	_	
4-17	224-227	hoc	_	_	_	
4-18	227-228	,	_	_	_	
4-19	229-233	quod	_	_	_	
4-20	234-241	fecisti	_	_	_	
4-21	242-243	:	_	_	_	
4-22	244-249	vivit	_	_	_	
4-23	250-257	Dominus	_	_	_	
4-24	257-258	,	_	_	_	
4-25	259-266	quoniam	_	_	_	
4-26	267-272	filii	_	_	_	
4-27	273-279	mortis	_	_	_	
4-28	280-285	estis	_	_	_	
4-29	286-289	vos	_	_	_	
4-30	289-290	,	_	_	_	
4-31	291-294	qui	_	_	_	
4-32	295-298	non	_	_	_	
4-33	299-310	custodistis	_	_	_	
4-34	311-318	dominum	_	_	_	
4-35	319-326	vestrum	_	_	_	
4-36	326-327	,	_	_	_	
4-37	328-336	christum	_	_	_	
4-38	337-343	Domini	_	_	_	
4-39	344-345	:	_	_	_	
4-40	346-350	nunc	_	_	_	
4-41	351-355	ergo	_	_	_	
4-42	356-360	vide	_	_	_	
4-43	361-364	ubi	_	_	_	
4-44	365-368	sit	_	_	_	
4-45	369-374	hasta	_	_	_	
4-46	375-380	regis	_	_	_	
4-47	380-381	,	_	_	_	
4-48	382-384	et	_	_	_	
4-49	385-388	ubi	_	_	_	
4-50	389-392	sit	_	_	_	
4-51	393-400	scyphus	_	_	_	
4-52	401-405	aquæ	_	_	_	
4-53	406-409	qui	_	_	_	
4-54	410-414	erat	_	_	_	
4-55	415-417	ad	_	_	_	
4-56	418-423	caput	_	_	_	
4-57	424-428	ejus	_	_	_	
4-58	428-429	.	_	_	_	
4-59	430-432	17	_	_	_	
4-60	433-441	Cognovit	_	_	_	
4-61	442-447	autem	_	_	_	
4-62	448-452	Saul	_	_	_	
4-63	453-458	vocem	_	_	_	
4-64	459-464	David	_	_	_	
4-65	464-465	,	_	_	_	
4-66	466-468	et	_	_	_	
4-67	469-474	dixit	_	_	_	
4-68	475-476	:	_	_	_	
4-69	477-484	Numquid	_	_	_	
4-70	485-488	vox	_	_	_	
4-71	489-492	hæc	_	_	_	
4-72	493-496	tua	_	_	_	
4-73	496-497	,	_	_	_	
4-74	498-502	fili	_	_	_	
4-75	503-505	mi	_	_	_	
4-76	506-511	David	_	_	_	
4-77	512-513	?	_	_	_	

#Text=Et ait David : Vox mea, domine mi rex.
#Text=18 Et ait : Quam ob causam dominus meus persequitur servum suum ?
5-1	514-516	Et	_	_	_	
5-2	517-520	ait	_	_	_	
5-3	521-526	David	_	_	_	
5-4	527-528	:	_	_	_	
5-5	529-532	Vox	_	_	_	
5-6	533-536	mea	_	_	_	
5-7	536-537	,	_	_	_	
5-8	538-544	domine	_	_	_	
5-9	545-547	mi	_	_	_	
5-10	548-551	rex	_	_	_	
5-11	551-552	.	_	_	_	
5-12	553-555	18	_	_	_	
5-13	556-558	Et	_	_	_	
5-14	559-562	ait	_	_	_	
5-15	563-564	:	_	_	_	
5-16	565-569	Quam	_	_	_	
5-17	570-572	ob	_	_	_	
5-18	573-579	causam	_	_	_	
5-19	580-587	dominus	_	_	_	
5-20	588-592	meus	_	_	_	
5-21	593-604	persequitur	_	_	_	
5-22	605-611	servum	_	_	_	
5-23	612-616	suum	_	_	_	
5-24	617-618	?	_	_	_	

#Text=quid feci ?
6-1	619-623	quid	_	_	_	
6-2	624-628	feci	_	_	_	
6-3	629-630	?	_	_	_	

#Text=aut quod est malum in manu mea ?
7-1	631-634	aut	_	_	_	
7-2	635-639	quod	_	_	_	
7-3	640-643	est	_	_	_	
7-4	644-649	malum	_	_	_	
7-5	650-652	in	_	_	_	
7-6	653-657	manu	_	_	_	
7-7	658-661	mea	_	_	_	
7-8	662-663	?	_	_	_	

#Text=19 Nunc ergo audi, oro, domine mi rex, verba servi tui : si Dominus incitat te adversum me, odoretur sacrificium : si autem filii hominum, maledicti sunt in conspectu Domini qui ejecerunt me hodie ut non habitem in hæreditate Domini, dicentes : Vade, servi diis alienis.
#Text=20 Et nunc non effundatur sanguis meus in terram coram Domino : quia egressus est rex Israël ut quærat pulicem unum, sicut persequitur perdix in montibus.
#Text=21 Et ait Saul : Peccavi : revertere, fili mi David : nequaquam enim ultra tibi malefaciam, eo quod pretiosa fuerit anima mea in oculis tuis hodie : apparet enim quod stulte egerim, et ignoraverim multa nimis.
#Text=22 Et respondens David, ait : Ecce hasta regis : transeat unus de pueris regis, et tollat eam.
#Text=23 Dominus autem retribuet unicuique secundum justitiam suam et fidem : tradidit enim te Dominus hodie in manum meam, et nolui extendere manum meam in christum Domini.
#Text=24 Et sicut magnificata est anima tua hodie in oculis meis, sic magnificetur anima mea in oculis Domini, et liberet me de omni angustia.
#Text=25 Ait ergo Saul ad David : Benedictus tu, fili mi David : et quidem faciens facies, et potens poteris.
8-1	664-666	19	_	_	_	
8-2	667-671	Nunc	_	_	_	
8-3	672-676	ergo	_	_	_	
8-4	677-681	audi	_	_	_	
8-5	681-682	,	_	_	_	
8-6	683-686	oro	_	_	_	
8-7	686-687	,	_	_	_	
8-8	688-694	domine	_	_	_	
8-9	695-697	mi	_	_	_	
8-10	698-701	rex	_	_	_	
8-11	701-702	,	_	_	_	
8-12	703-708	verba	_	_	_	
8-13	709-714	servi	_	_	_	
8-14	715-718	tui	_	_	_	
8-15	719-720	:	_	_	_	
8-16	721-723	si	Circumstances[1]	_	_	
8-17	724-731	Dominus	Circumstances[1]	_	_	
8-18	732-739	incitat	Circumstances[1]	_	_	
8-19	740-742	te	Circumstances[1]	_	_	
8-20	743-751	adversum	Circumstances[1]	_	_	
8-21	752-754	me	Circumstances[1]	_	_	
8-22	754-755	,	_	_	_	
8-23	756-764	odoretur	Smell\_Word	*|*	8-24|8-16[1_0]	
8-24	765-776	sacrificium	Smell\_Source	_	_	
8-25	777-778	:	_	_	_	
8-26	779-781	si	_	_	_	
8-27	782-787	autem	_	_	_	
8-28	788-793	filii	_	_	_	
8-29	794-801	hominum	_	_	_	
8-30	801-802	,	_	_	_	
8-31	803-812	maledicti	_	_	_	
8-32	813-817	sunt	_	_	_	
8-33	818-820	in	_	_	_	
8-34	821-830	conspectu	_	_	_	
8-35	831-837	Domini	_	_	_	
8-36	838-841	qui	_	_	_	
8-37	842-851	ejecerunt	_	_	_	
8-38	852-854	me	_	_	_	
8-39	855-860	hodie	_	_	_	
8-40	861-863	ut	_	_	_	
8-41	864-867	non	_	_	_	
8-42	868-875	habitem	_	_	_	
8-43	876-878	in	_	_	_	
8-44	879-889	hæreditate	_	_	_	
8-45	890-896	Domini	_	_	_	
8-46	896-897	,	_	_	_	
8-47	898-906	dicentes	_	_	_	
8-48	907-908	:	_	_	_	
8-49	909-913	Vade	_	_	_	
8-50	913-914	,	_	_	_	
8-51	915-920	servi	_	_	_	
8-52	921-925	diis	_	_	_	
8-53	926-933	alienis	_	_	_	
8-54	933-934	.	_	_	_	
8-55	935-937	20	_	_	_	
8-56	938-940	Et	_	_	_	
8-57	941-945	nunc	_	_	_	
8-58	946-949	non	_	_	_	
8-59	950-960	effundatur	_	_	_	
8-60	961-968	sanguis	_	_	_	
8-61	969-973	meus	_	_	_	
8-62	974-976	in	_	_	_	
8-63	977-983	terram	_	_	_	
8-64	984-989	coram	_	_	_	
8-65	990-996	Domino	_	_	_	
8-66	997-998	:	_	_	_	
8-67	999-1003	quia	_	_	_	
8-68	1004-1012	egressus	_	_	_	
8-69	1013-1016	est	_	_	_	
8-70	1017-1020	rex	_	_	_	
8-71	1021-1027	Israël	_	_	_	
8-72	1028-1030	ut	_	_	_	
8-73	1031-1037	quærat	_	_	_	
8-74	1038-1045	pulicem	_	_	_	
8-75	1046-1050	unum	_	_	_	
8-76	1050-1051	,	_	_	_	
8-77	1052-1057	sicut	_	_	_	
8-78	1058-1069	persequitur	_	_	_	
8-79	1070-1076	perdix	_	_	_	
8-80	1077-1079	in	_	_	_	
8-81	1080-1088	montibus	_	_	_	
8-82	1088-1089	.	_	_	_	
8-83	1090-1092	21	_	_	_	
8-84	1093-1095	Et	_	_	_	
8-85	1096-1099	ait	_	_	_	
8-86	1100-1104	Saul	_	_	_	
8-87	1105-1106	:	_	_	_	
8-88	1107-1114	Peccavi	_	_	_	
8-89	1115-1116	:	_	_	_	
8-90	1117-1126	revertere	_	_	_	
8-91	1126-1127	,	_	_	_	
8-92	1128-1132	fili	_	_	_	
8-93	1133-1135	mi	_	_	_	
8-94	1136-1141	David	_	_	_	
8-95	1142-1143	:	_	_	_	
8-96	1144-1153	nequaquam	_	_	_	
8-97	1154-1158	enim	_	_	_	
8-98	1159-1164	ultra	_	_	_	
8-99	1165-1169	tibi	_	_	_	
8-100	1170-1180	malefaciam	_	_	_	
8-101	1180-1181	,	_	_	_	
8-102	1182-1184	eo	_	_	_	
8-103	1185-1189	quod	_	_	_	
8-104	1190-1198	pretiosa	_	_	_	
8-105	1199-1205	fuerit	_	_	_	
8-106	1206-1211	anima	_	_	_	
8-107	1212-1215	mea	_	_	_	
8-108	1216-1218	in	_	_	_	
8-109	1219-1225	oculis	_	_	_	
8-110	1226-1230	tuis	_	_	_	
8-111	1231-1236	hodie	_	_	_	
8-112	1237-1238	:	_	_	_	
8-113	1239-1246	apparet	_	_	_	
8-114	1247-1251	enim	_	_	_	
8-115	1252-1256	quod	_	_	_	
8-116	1257-1263	stulte	_	_	_	
8-117	1264-1270	egerim	_	_	_	
8-118	1270-1271	,	_	_	_	
8-119	1272-1274	et	_	_	_	
8-120	1275-1286	ignoraverim	_	_	_	
8-121	1287-1292	multa	_	_	_	
8-122	1293-1298	nimis	_	_	_	
8-123	1298-1299	.	_	_	_	
8-124	1300-1302	22	_	_	_	
8-125	1303-1305	Et	_	_	_	
8-126	1306-1316	respondens	_	_	_	
8-127	1317-1322	David	_	_	_	
8-128	1322-1323	,	_	_	_	
8-129	1324-1327	ait	_	_	_	
8-130	1328-1329	:	_	_	_	
8-131	1330-1334	Ecce	_	_	_	
8-132	1335-1340	hasta	_	_	_	
8-133	1341-1346	regis	_	_	_	
8-134	1347-1348	:	_	_	_	
8-135	1349-1357	transeat	_	_	_	
8-136	1358-1362	unus	_	_	_	
8-137	1363-1365	de	_	_	_	
8-138	1366-1372	pueris	_	_	_	
8-139	1373-1378	regis	_	_	_	
8-140	1378-1379	,	_	_	_	
8-141	1380-1382	et	_	_	_	
8-142	1383-1389	tollat	_	_	_	
8-143	1390-1393	eam	_	_	_	
8-144	1393-1394	.	_	_	_	
8-145	1395-1397	23	_	_	_	
8-146	1398-1405	Dominus	_	_	_	
8-147	1406-1411	autem	_	_	_	
8-148	1412-1421	retribuet	_	_	_	
8-149	1422-1431	unicuique	_	_	_	
8-150	1432-1440	secundum	_	_	_	
8-151	1441-1450	justitiam	_	_	_	
8-152	1451-1455	suam	_	_	_	
8-153	1456-1458	et	_	_	_	
8-154	1459-1464	fidem	_	_	_	
8-155	1465-1466	:	_	_	_	
8-156	1467-1475	tradidit	_	_	_	
8-157	1476-1480	enim	_	_	_	
8-158	1481-1483	te	_	_	_	
8-159	1484-1491	Dominus	_	_	_	
8-160	1492-1497	hodie	_	_	_	
8-161	1498-1500	in	_	_	_	
8-162	1501-1506	manum	_	_	_	
8-163	1507-1511	meam	_	_	_	
8-164	1511-1512	,	_	_	_	
8-165	1513-1515	et	_	_	_	
8-166	1516-1521	nolui	_	_	_	
8-167	1522-1531	extendere	_	_	_	
8-168	1532-1537	manum	_	_	_	
8-169	1538-1542	meam	_	_	_	
8-170	1543-1545	in	_	_	_	
8-171	1546-1554	christum	_	_	_	
8-172	1555-1561	Domini	_	_	_	
8-173	1561-1562	.	_	_	_	
8-174	1563-1565	24	_	_	_	
8-175	1566-1568	Et	_	_	_	
8-176	1569-1574	sicut	_	_	_	
8-177	1575-1586	magnificata	_	_	_	
8-178	1587-1590	est	_	_	_	
8-179	1591-1596	anima	_	_	_	
8-180	1597-1600	tua	_	_	_	
8-181	1601-1606	hodie	_	_	_	
8-182	1607-1609	in	_	_	_	
8-183	1610-1616	oculis	_	_	_	
8-184	1617-1621	meis	_	_	_	
8-185	1621-1622	,	_	_	_	
8-186	1623-1626	sic	_	_	_	
8-187	1627-1639	magnificetur	_	_	_	
8-188	1640-1645	anima	_	_	_	
8-189	1646-1649	mea	_	_	_	
8-190	1650-1652	in	_	_	_	
8-191	1653-1659	oculis	_	_	_	
8-192	1660-1666	Domini	_	_	_	
8-193	1666-1667	,	_	_	_	
8-194	1668-1670	et	_	_	_	
8-195	1671-1678	liberet	_	_	_	
8-196	1679-1681	me	_	_	_	
8-197	1682-1684	de	_	_	_	
8-198	1685-1689	omni	_	_	_	
8-199	1690-1698	angustia	_	_	_	
8-200	1698-1699	.	_	_	_	
8-201	1700-1702	25	_	_	_	
8-202	1703-1706	Ait	_	_	_	
8-203	1707-1711	ergo	_	_	_	
8-204	1712-1716	Saul	_	_	_	
8-205	1717-1719	ad	_	_	_	
8-206	1720-1725	David	_	_	_	
8-207	1726-1727	:	_	_	_	
8-208	1728-1738	Benedictus	_	_	_	
8-209	1739-1741	tu	_	_	_	
8-210	1741-1742	,	_	_	_	
8-211	1743-1747	fili	_	_	_	
8-212	1748-1750	mi	_	_	_	
8-213	1751-1756	David	_	_	_	
8-214	1757-1758	:	_	_	_	
8-215	1759-1761	et	_	_	_	
8-216	1762-1768	quidem	_	_	_	
8-217	1769-1776	faciens	_	_	_	
8-218	1777-1783	facies	_	_	_	
8-219	1783-1784	,	_	_	_	
8-220	1785-1787	et	_	_	_	
8-221	1788-1794	potens	_	_	_	
8-222	1795-1802	poteris	_	_	_	
8-223	1802-1803	.	_	_	_	

#Text=Abiit autem David in viam suam, et Saul reversus est in locum suum.
9-1	1804-1809	Abiit	_	_	_	
9-2	1810-1815	autem	_	_	_	
9-3	1816-1821	David	_	_	_	
9-4	1822-1824	in	_	_	_	
9-5	1825-1829	viam	_	_	_	
9-6	1830-1834	suam	_	_	_	
9-7	1834-1835	,	_	_	_	
9-8	1836-1838	et	_	_	_	
9-9	1839-1843	Saul	_	_	_	
9-10	1844-1852	reversus	_	_	_	
9-11	1853-1856	est	_	_	_	
9-12	1857-1859	in	_	_	_	
9-13	1860-1865	locum	_	_	_	
9-14	1866-1870	suum	_	_	_	
9-15	1870-1871	.	_	_	_	

#Text=Caput 27
#Text=
#Text=
#Text=1 Et ait David in corde suo : Aliquando incidam una die in manus Saul : nonne melius est ut fugiam, et salver in terra Philisthinorum, ut desperet Saul, cessetque me quærere in cunctis finibus Israël ?
10-1	1872-1877	Caput	_	_	_	
10-2	1878-1880	27	_	_	_	
10-3	1883-1884	1	_	_	_	
10-4	1885-1887	Et	_	_	_	
10-5	1888-1891	ait	_	_	_	
10-6	1892-1897	David	_	_	_	
10-7	1898-1900	in	_	_	_	
10-8	1901-1906	corde	_	_	_	
10-9	1907-1910	suo	_	_	_	
10-10	1911-1912	:	_	_	_	
10-11	1913-1922	Aliquando	_	_	_	
10-12	1923-1930	incidam	_	_	_	
10-13	1931-1934	una	_	_	_	
10-14	1935-1938	die	_	_	_	
10-15	1939-1941	in	_	_	_	
10-16	1942-1947	manus	_	_	_	
10-17	1948-1952	Saul	_	_	_	
10-18	1953-1954	:	_	_	_	
10-19	1955-1960	nonne	_	_	_	
10-20	1961-1967	melius	_	_	_	
10-21	1968-1971	est	_	_	_	
10-22	1972-1974	ut	_	_	_	
10-23	1975-1981	fugiam	_	_	_	
10-24	1981-1982	,	_	_	_	
10-25	1983-1985	et	_	_	_	
10-26	1986-1992	salver	_	_	_	
10-27	1993-1995	in	_	_	_	
10-28	1996-2001	terra	_	_	_	
10-29	2002-2016	Philisthinorum	_	_	_	
10-30	2016-2017	,	_	_	_	
10-31	2018-2020	ut	_	_	_	
10-32	2021-2029	desperet	_	_	_	
10-33	2030-2034	Saul	_	_	_	
10-34	2034-2035	,	_	_	_	
10-35	2036-2045	cessetque	_	_	_	
10-36	2046-2048	me	_	_	_	
10-37	2049-2056	quærere	_	_	_	
10-38	2057-2059	in	_	_	_	
10-39	2060-2067	cunctis	_	_	_	
10-40	2068-2075	finibus	_	_	_	
10-41	2076-2082	Israël	_	_	_	
10-42	2083-2084	?	_	_	_	

#Text=fugiam ergo manus ejus.
11-1	2085-2091	fugiam	_	_	_	
11-2	2092-2096	ergo	_	_	_	
11-3	2097-2102	manus	_	_	_	
11-4	2103-2107	ejus	_	_	_	
11-5	2107-2108	.	_	_	_	
