#FORMAT=WebAnno TSV 3.3
#T_SP=custom.Span|label
#T_RL=custom.Relation|label|BT_custom.Span


#Text=Zu einer Kanne Honig zwey/ drey oder
#Text=vier Kannen Waſſer/ nach deme mans ſuͤſſe vnd ſtarck haben wil.
1-1	2-4	Zu	_	_	_	
1-2	5-10	einer	_	_	_	
1-3	11-16	Kanne	_	_	_	
1-4	17-22	Honig	_	_	_	
1-5	23-27	zwey	_	_	_	
1-6	27-28	/	_	_	_	
1-7	29-33	drey	_	_	_	
1-8	34-38	oder	_	_	_	
1-9	39-43	vier	_	_	_	
1-10	44-50	Kannen	_	_	_	
1-11	51-57	Waſſer	_	_	_	
1-12	57-58	/	_	_	_	
1-13	59-63	nach	_	_	_	
1-14	64-68	deme	_	_	_	
1-15	69-73	mans	_	_	_	
1-16	74-80	ſuͤſſe	_	_	_	
1-17	81-84	vnd	_	_	_	
1-18	85-91	ſtarck	_	_	_	
1-19	92-97	haben	_	_	_	
1-20	98-101	wil	_	_	_	
1-21	101-102	.	_	_	_	

#Text=Endlich nimpt man ein Schnittlein geroͤſter Brodt/ beſchmieret daſ-
#Text=ſelbe mit Geſcht oder Hefen/ wirfft es hinein/ decket es zu/ vnnd
#Text=
#Text=laͤſ-
#Text=
#Text=
#Text=
#Text=Hindbeeren
#Text=
#Text=Meeth zu bra-
#Text=wen.
2-1	104-111	Endlich	_	_	_	
2-2	112-117	nimpt	_	_	_	
2-3	118-121	man	_	_	_	
2-4	122-125	ein	_	_	_	
2-5	126-137	Schnittlein	_	_	_	
2-6	138-147	geroͤſter	_	_	_	
2-7	148-153	Brodt	_	_	_	
2-8	153-154	/	_	_	_	
2-9	155-166	beſchmieret	_	_	_	
2-10	167-170	daſ	_	_	_	
2-11	170-171	-	_	_	_	
2-12	172-177	ſelbe	_	_	_	
2-13	178-181	mit	_	_	_	
2-14	182-188	Geſcht	_	_	_	
2-15	189-193	oder	_	_	_	
2-16	194-199	Hefen	_	_	_	
2-17	199-200	/	_	_	_	
2-18	201-207	wirfft	_	_	_	
2-19	208-210	es	_	_	_	
2-20	211-217	hinein	_	_	_	
2-21	217-218	/	_	_	_	
2-22	219-225	decket	_	_	_	
2-23	226-228	es	_	_	_	
2-24	229-231	zu	_	_	_	
2-25	231-232	/	_	_	_	
2-26	233-237	vnnd	_	_	_	
2-27	239-243	laͤſ	_	_	_	
2-28	243-244	-	_	_	_	
2-29	248-258	Hindbeeren	_	_	_	
2-30	260-265	Meeth	_	_	_	
2-31	266-268	zu	_	_	_	
2-32	269-272	bra	_	_	_	
2-33	272-273	-	_	_	_	
2-34	274-277	wen	_	_	_	
2-35	277-278	.	_	_	_	

#Text=Q ij\f
#Text=[124/0170
#Text=]
#Text=
#Text=Newe Perſianiſche
#Text=
#Text=
#Text=
#Text=
#Text=laͤſſet
#Text=es vier oder fuͤnff Tage gehren.
3-1	280-281	Q	_	_	_	
3-2	282-284	ij	_	_	_	
3-3	286-287	[	_	_	_	
3-4	287-290	124	_	_	_	
3-5	290-291	/	_	_	_	
3-6	291-295	0170	_	_	_	
3-7	296-297	]	_	_	_	
3-8	299-303	Newe	_	_	_	
3-9	304-316	Perſianiſche	_	_	_	
3-10	321-328	laͤſſet	_	_	_	
3-11	329-331	es	_	_	_	
3-12	332-336	vier	_	_	_	
3-13	337-341	oder	_	_	_	
3-14	342-348	fuͤnff	_	_	_	
3-15	349-353	Tage	_	_	_	
3-16	354-360	gehren	_	_	_	
3-17	360-361	.	_	_	_	

#Text=Etliche wenn ſie dem Meethe
#Text=einen aromatiſchen Geruch vnd Geſchmack geben wollen/
#Text=thun
#Text=Ne-
#Text=gelken/
#Text=Cardemom vnd Caneel oder Zimmet in ein Tuͤchlein/
#Text=haͤn-
#Text=
#Text=gens ins Faß/ vnd laſſen es mit gehren.
4-1	362-369	Etliche	_	_	_	
4-2	370-374	wenn	_	_	_	
4-3	375-378	ſie	_	_	_	
4-4	379-382	dem	_	_	_	
4-5	383-389	Meethe	Odour\_Carrier	_	_	
4-6	390-395	einen	_	_	_	
4-7	396-408	aromatiſchen	Quality	_	_	
4-8	409-415	Geruch	Smell\_Word	*|*|*|*	4-7|4-5|4-15[1_0]|4-24[2_0]	
4-9	416-419	vnd	_	_	_	
4-10	420-429	Geſchmack	_	_	_	
4-11	430-435	geben	_	_	_	
4-12	436-442	wollen	_	_	_	
4-13	442-443	/	_	_	_	
4-14	444-448	thun	_	_	_	
4-15	449-451	Ne	Smell\_Source[1]	_	_	
4-16	451-452	-	Smell\_Source[1]	_	_	
4-17	453-459	gelken	Smell\_Source[1]	_	_	
4-18	459-460	/	Smell\_Source[1]	_	_	
4-19	461-469	Cardemom	Smell\_Source[1]	_	_	
4-20	470-473	vnd	Smell\_Source[1]	_	_	
4-21	474-480	Caneel	Smell\_Source[1]	_	_	
4-22	481-485	oder	Smell\_Source[1]	_	_	
4-23	486-492	Zimmet	Smell\_Source[1]	_	_	
4-24	493-495	in	Circumstances[2]	_	_	
4-25	496-499	ein	Circumstances[2]	_	_	
4-26	500-509	Tuͤchlein	Circumstances[2]	_	_	
4-27	509-510	/	Circumstances[2]	_	_	
4-28	511-515	haͤn	Circumstances[2]	_	_	
4-29	515-516	-	Circumstances[2]	_	_	
4-30	518-522	gens	Circumstances[2]	_	_	
4-31	523-526	ins	Circumstances[2]	_	_	
4-32	527-530	Faß	Circumstances[2]	_	_	
4-33	530-531	/	Circumstances[2]	_	_	
4-34	532-535	vnd	Circumstances[2]	_	_	
4-35	536-542	laſſen	Circumstances[2]	_	_	
4-36	543-545	es	Circumstances[2]	_	_	
4-37	546-549	mit	Circumstances[2]	_	_	
4-38	550-556	gehren	Circumstances[2]	_	_	
4-39	556-557	.	_	_	_	

#Text=Wenn aber das Gefaͤß an ei-
#Text=nem warmen Orte ſtehet/ wird der Meeth in acht Tagen nicht auff-
#Text=hoͤren zu gehren/
#Text=Wem nun ſolches nicht gefaͤlt/ der muß das Faß/
#Text=
#Text=nachdem es ſeine gewiſſe Zeit zum gehren gehabt/ an einem kalten Ort
#Text=bringen/
#Text=ſo hoͤret es auff/
5-1	558-562	Wenn	_	_	_	
5-2	563-567	aber	_	_	_	
5-3	568-571	das	_	_	_	
5-4	572-578	Gefaͤß	_	_	_	
5-5	579-581	an	_	_	_	
5-6	582-584	ei	_	_	_	
5-7	584-585	-	_	_	_	
5-8	586-589	nem	_	_	_	
5-9	590-596	warmen	_	_	_	
5-10	597-601	Orte	_	_	_	
5-11	602-608	ſtehet	_	_	_	
5-12	608-609	/	_	_	_	
5-13	610-614	wird	_	_	_	
5-14	615-618	der	_	_	_	
5-15	619-624	Meeth	_	_	_	
5-16	625-627	in	_	_	_	
5-17	628-632	acht	_	_	_	
5-18	633-638	Tagen	_	_	_	
5-19	639-644	nicht	_	_	_	
5-20	645-649	auff	_	_	_	
5-21	649-650	-	_	_	_	
5-22	651-657	hoͤren	_	_	_	
5-23	658-660	zu	_	_	_	
5-24	661-667	gehren	_	_	_	
5-25	667-668	/	_	_	_	
5-26	669-672	Wem	_	_	_	
5-27	673-676	nun	_	_	_	
5-28	677-684	ſolches	_	_	_	
5-29	685-690	nicht	_	_	_	
5-30	691-698	gefaͤlt	_	_	_	
5-31	698-699	/	_	_	_	
5-32	700-703	der	_	_	_	
5-33	704-707	muß	_	_	_	
5-34	708-711	das	_	_	_	
5-35	712-715	Faß	_	_	_	
5-36	715-716	/	_	_	_	
5-37	718-725	nachdem	_	_	_	
5-38	726-728	es	_	_	_	
5-39	729-734	ſeine	_	_	_	
5-40	735-742	gewiſſe	_	_	_	
5-41	743-747	Zeit	_	_	_	
5-42	748-751	zum	_	_	_	
5-43	752-758	gehren	_	_	_	
5-44	759-765	gehabt	_	_	_	
5-45	765-766	/	_	_	_	
5-46	767-769	an	_	_	_	
5-47	770-775	einem	_	_	_	
5-48	776-782	kalten	_	_	_	
5-49	783-786	Ort	_	_	_	
5-50	787-794	bringen	_	_	_	
5-51	794-795	/	_	_	_	
5-52	796-798	ſo	_	_	_	
5-53	799-805	hoͤret	_	_	_	
5-54	806-808	es	_	_	_	
5-55	809-813	auff	_	_	_	
5-56	813-814	/	_	_	_	
