#FORMAT=WebAnno TSV 3.3


#Text=De tyd waar in het Koorn de Honigdau, of Brand is onderworpen, is het begin van
#Text=Mei, tot dat het gemaaid wordt.
1-1	4-6	De	
1-2	7-10	tyd	
1-3	11-15	waar	
1-4	16-18	in	
1-5	19-22	het	
1-6	23-28	Koorn	
1-7	29-31	de	
1-8	32-40	Honigdau	
1-9	40-41	,	
1-10	42-44	of	
1-11	45-50	Brand	
1-12	51-53	is	
1-13	54-65	onderworpen	
1-14	65-66	,	
1-15	67-69	is	
1-16	70-73	het	
1-17	74-79	begin	
1-18	80-83	van	
1-19	84-87	Mei	
1-20	87-88	,	
1-21	89-92	tot	
1-22	93-96	dat	
1-23	97-100	het	
1-24	101-108	gemaaid	
1-25	109-114	wordt	
1-26	114-115	.	

#Text=Deze Honigdau is niet anders, dan ene vette stof, die
#Text=uit de aarde opkomt; en opklimmende in de lucht zich in waassem veranderd, die
#Text=gemeenlyk gene ongemakken veroorzaakt, welke we gewaar worden, dan in de
#Text=Zomer, welke de tyd is, waar in de lucht bedaard is, en in welke’er vele dampen zich
#Text=verheffen, die van uitwaasseming zyn verzeld, die deze Koornbrand veroorzaken,
#Text=waar van we spreken, en dat op de volgende wys.
2-1	116-120	Deze	
2-2	121-129	Honigdau	
2-3	130-132	is	
2-4	133-137	niet	
2-5	138-144	anders	
2-6	144-145	,	
2-7	146-149	dan	
2-8	150-153	ene	
2-9	154-159	vette	
2-10	160-164	stof	
2-11	164-165	,	
2-12	166-169	die	
2-13	170-173	uit	
2-14	174-176	de	
2-15	177-182	aarde	
2-16	183-189	opkomt	
2-17	189-190	;	
2-18	191-193	en	
2-19	194-205	opklimmende	
2-20	206-208	in	
2-21	209-211	de	
2-22	212-217	lucht	
2-23	218-222	zich	
2-24	223-225	in	
2-25	226-233	waassem	
2-26	234-243	veranderd	
2-27	243-244	,	
2-28	245-248	die	
2-29	249-258	gemeenlyk	
2-30	259-263	gene	
2-31	264-274	ongemakken	
2-32	275-286	veroorzaakt	
2-33	286-287	,	
2-34	288-293	welke	
2-35	294-296	we	
2-36	297-303	gewaar	
2-37	304-310	worden	
2-38	310-311	,	
2-39	312-315	dan	
2-40	316-318	in	
2-41	319-321	de	
2-42	322-327	Zomer	
2-43	327-328	,	
2-44	329-334	welke	
2-45	335-337	de	
2-46	338-341	tyd	
2-47	342-344	is	
2-48	344-345	,	
2-49	346-350	waar	
2-50	351-353	in	
2-51	354-356	de	
2-52	357-362	lucht	
2-53	363-370	bedaard	
2-54	371-373	is	
2-55	373-374	,	
2-56	375-377	en	
2-57	378-380	in	
2-58	381-386	welke	
2-59	386-387	’	
2-60	387-389	er	
2-61	390-394	vele	
2-62	395-401	dampen	
2-63	402-406	zich	
2-64	407-416	verheffen	
2-65	416-417	,	
2-66	418-421	die	
2-67	422-425	van	
2-68	426-439	uitwaasseming	
2-69	440-443	zyn	
2-70	444-451	verzeld	
2-71	451-452	,	
2-72	453-456	die	
2-73	457-461	deze	
2-74	462-472	Koornbrand	
2-75	473-484	veroorzaken	
2-76	484-485	,	
2-77	486-490	waar	
2-78	491-494	van	
2-79	495-497	we	
2-80	498-505	spreken	
2-81	505-506	,	
2-82	507-509	en	
2-83	510-513	dat	
2-84	514-516	op	
2-85	517-519	de	
2-86	520-528	volgende	
2-87	529-532	wys	
2-88	532-533	.	

#Text=Deze uitwaassemingen en dampen dan in de lucht zynde, en zo bewogen als nodig
#Text=is, om te maken, dat ze hoog genoeg stygen, heeft de ondervinding tot hier toe doen
#Text=
#Text=zien, dat die uitwerkzelen der nature de ene van de andere op deze wyze doen
#Text=
#Text=
#Text=onderscheiden; dat de dampen, die niet, dan van fyne deelen worden gemaakt, zich
#Text=altyd zeer licht ontzwachtelen;
#Text=daar de uitwaassemingen, die stoffen in zich vervatten,
#Text=die hen wat meer bezwaren, en gevolglyk hen beletten hoger te stygen, nooit zweven,
#Text=dan in de naaste luchtstreek van de aarde; waar uit volgt, dat, zo de lucht begint een
#Text=weinig koud te worden, in de nacht;
#Text=de uitdampingen, die niet geaart zyn om in
#Text=beweging te blyven, maar gedurig na rust trachten; gewoon zyn de ene in de andere
#Text=te smelten, en door dat middel ene Nevel te maken, die menigmaal in een smerige
#Text=stof veranderd, op den Tarw valt, die verbrandt op ’t velt, welke die vocht zo heet
#Text=maakt, datze, om zo te spreken, alle de koorns roostert, welke ze bejegent.
3-1	536-540	Deze	
3-2	541-556	uitwaassemingen	
3-3	557-559	en	
3-4	560-566	dampen	
3-5	567-570	dan	
3-6	571-573	in	
3-7	574-576	de	
3-8	577-582	lucht	
3-9	583-588	zynde	
3-10	588-589	,	
3-11	590-592	en	
3-12	593-595	zo	
3-13	596-603	bewogen	
3-14	604-607	als	
3-15	608-613	nodig	
3-16	614-616	is	
3-17	616-617	,	
3-18	618-620	om	
3-19	621-623	te	
3-20	624-629	maken	
3-21	629-630	,	
3-22	631-634	dat	
3-23	635-637	ze	
3-24	638-642	hoog	
3-25	643-649	genoeg	
3-26	650-656	stygen	
3-27	656-657	,	
3-28	658-663	heeft	
3-29	664-666	de	
3-30	667-679	ondervinding	
3-31	680-683	tot	
3-32	684-688	hier	
3-33	689-692	toe	
3-34	693-697	doen	
3-35	699-703	zien	
3-36	703-704	,	
3-37	705-708	dat	
3-38	709-712	die	
3-39	713-725	uitwerkzelen	
3-40	726-729	der	
3-41	730-736	nature	
3-42	737-739	de	
3-43	740-743	ene	
3-44	744-747	van	
3-45	748-750	de	
3-46	751-757	andere	
3-47	758-760	op	
3-48	761-765	deze	
3-49	766-770	wyze	
3-50	771-775	doen	
3-51	778-791	onderscheiden	
3-52	791-792	;	
3-53	793-796	dat	
3-54	797-799	de	
3-55	800-806	dampen	
3-56	806-807	,	
3-57	808-811	die	
3-58	812-816	niet	
3-59	816-817	,	
3-60	818-821	dan	
3-61	822-825	van	
3-62	826-830	fyne	
3-63	831-837	deelen	
3-64	838-844	worden	
3-65	845-852	gemaakt	
3-66	852-853	,	
3-67	854-858	zich	
3-68	859-864	altyd	
3-69	865-869	zeer	
3-70	870-875	licht	
3-71	876-889	ontzwachtelen	
3-72	889-890	;	
3-73	891-895	daar	
3-74	896-898	de	
3-75	899-914	uitwaassemingen	
3-76	914-915	,	
3-77	916-919	die	
3-78	920-927	stoffen	
3-79	928-930	in	
3-80	931-935	zich	
3-81	936-945	vervatten	
3-82	945-946	,	
3-83	947-950	die	
3-84	951-954	hen	
3-85	955-958	wat	
3-86	959-963	meer	
3-87	964-972	bezwaren	
3-88	972-973	,	
3-89	974-976	en	
3-90	977-986	gevolglyk	
3-91	987-990	hen	
3-92	991-999	beletten	
3-93	1000-1005	hoger	
3-94	1006-1008	te	
3-95	1009-1015	stygen	
3-96	1015-1016	,	
3-97	1017-1022	nooit	
3-98	1023-1029	zweven	
3-99	1029-1030	,	
3-100	1031-1034	dan	
3-101	1035-1037	in	
3-102	1038-1040	de	
3-103	1041-1047	naaste	
3-104	1048-1059	luchtstreek	
3-105	1060-1063	van	
3-106	1064-1066	de	
3-107	1067-1072	aarde	
3-108	1072-1073	;	
3-109	1074-1078	waar	
3-110	1079-1082	uit	
3-111	1083-1088	volgt	
3-112	1088-1089	,	
3-113	1090-1093	dat	
3-114	1093-1094	,	
3-115	1095-1097	zo	
3-116	1098-1100	de	
3-117	1101-1106	lucht	
3-118	1107-1113	begint	
3-119	1114-1117	een	
3-120	1118-1124	weinig	
3-121	1125-1129	koud	
3-122	1130-1132	te	
3-123	1133-1139	worden	
3-124	1139-1140	,	
3-125	1141-1143	in	
3-126	1144-1146	de	
3-127	1147-1152	nacht	
3-128	1152-1153	;	
3-129	1154-1156	de	
3-130	1157-1169	uitdampingen	
3-131	1169-1170	,	
3-132	1171-1174	die	
3-133	1175-1179	niet	
3-134	1180-1186	geaart	
3-135	1187-1190	zyn	
3-136	1191-1193	om	
3-137	1194-1196	in	
3-138	1197-1205	beweging	
3-139	1206-1208	te	
3-140	1209-1215	blyven	
3-141	1215-1216	,	
3-142	1217-1221	maar	
3-143	1222-1229	gedurig	
3-144	1230-1232	na	
3-145	1233-1237	rust	
3-146	1238-1246	trachten	
3-147	1246-1247	;	
3-148	1248-1254	gewoon	
3-149	1255-1258	zyn	
3-150	1259-1261	de	
3-151	1262-1265	ene	
3-152	1266-1268	in	
3-153	1269-1271	de	
3-154	1272-1278	andere	
3-155	1279-1281	te	
3-156	1282-1289	smelten	
3-157	1289-1290	,	
3-158	1291-1293	en	
3-159	1294-1298	door	
3-160	1299-1302	dat	
3-161	1303-1309	middel	
3-162	1310-1313	ene	
3-163	1314-1319	Nevel	
3-164	1320-1322	te	
3-165	1323-1328	maken	
3-166	1328-1329	,	
3-167	1330-1333	die	
3-168	1334-1343	menigmaal	
3-169	1344-1346	in	
3-170	1347-1350	een	
3-171	1351-1358	smerige	
3-172	1359-1363	stof	
3-173	1364-1373	veranderd	
3-174	1373-1374	,	
3-175	1375-1377	op	
3-176	1378-1381	den	
3-177	1382-1386	Tarw	
3-178	1387-1391	valt	
3-179	1391-1392	,	
3-180	1393-1396	die	
3-181	1397-1406	verbrandt	
3-182	1407-1409	op	
3-183	1410-1411	’	
3-184	1411-1412	t	
3-185	1413-1417	velt	
3-186	1417-1418	,	
3-187	1419-1424	welke	
3-188	1425-1428	die	
3-189	1429-1434	vocht	
3-190	1435-1437	zo	
3-191	1438-1442	heet	
3-192	1443-1448	maakt	
3-193	1448-1449	,	
3-194	1450-1455	datze	
3-195	1455-1456	,	
3-196	1457-1459	om	
3-197	1460-1462	zo	
3-198	1463-1465	te	
3-199	1466-1473	spreken	
3-200	1473-1474	,	
3-201	1475-1479	alle	
3-202	1480-1482	de	
3-203	1483-1489	koorns	
3-204	1490-1498	roostert	
3-205	1498-1499	,	
3-206	1500-1505	welke	
3-207	1506-1508	ze	
3-208	1509-1517	bejegent	
3-209	1517-1518	.	

#Text=Dit maakt
#Text=den ondergang van den Landbouwer, alzo dit ongemak overkomt, zo lang, als de
#Text=dampen nog in genoegzame beweging zyn, om in hunue zelfde gedaante te wezen.
4-1	1519-1522	Dit	
4-2	1523-1528	maakt	
4-3	1529-1532	den	
4-4	1533-1542	ondergang	
4-5	1543-1546	van	
4-6	1547-1550	den	
4-7	1551-1561	Landbouwer	
4-8	1561-1562	,	
4-9	1563-1567	alzo	
4-10	1568-1571	dit	
4-11	1572-1579	ongemak	
4-12	1580-1588	overkomt	
4-13	1588-1589	,	
4-14	1590-1592	zo	
4-15	1593-1597	lang	
4-16	1597-1598	,	
4-17	1599-1602	als	
4-18	1603-1605	de	
4-19	1606-1612	dampen	
4-20	1613-1616	nog	
4-21	1617-1619	in	
4-22	1620-1630	genoegzame	
4-23	1631-1639	beweging	
4-24	1640-1643	zyn	
4-25	1643-1644	,	
4-26	1645-1647	om	
4-27	1648-1650	in	
4-28	1651-1656	hunue	
4-29	1657-1663	zelfde	
4-30	1664-1672	gedaante	
4-31	1673-1675	te	
4-32	1676-1681	wezen	
4-33	1681-1682	.	

#Text=Zie daar wat Honingdau en Koornbrand is, en hoe ze komt, en hoe ze zulke rampen
#Text=veroorzaakt, die daar gemeen uit volgen.
5-1	1685-1688	Zie	
5-2	1689-1693	daar	
5-3	1694-1697	wat	
5-4	1698-1707	Honingdau	
5-5	1708-1710	en	
5-6	1711-1721	Koornbrand	
5-7	1722-1724	is	
5-8	1724-1725	,	
5-9	1726-1728	en	
5-10	1729-1732	hoe	
5-11	1733-1735	ze	
5-12	1736-1740	komt	
5-13	1740-1741	,	
5-14	1742-1744	en	
5-15	1745-1748	hoe	
5-16	1749-1751	ze	
5-17	1752-1757	zulke	
5-18	1758-1764	rampen	
5-19	1765-1776	veroorzaakt	
5-20	1776-1777	,	
5-21	1778-1781	die	
5-22	1782-1786	daar	
5-23	1787-1793	gemeen	
5-24	1794-1797	uit	
5-25	1798-1804	volgen	
5-26	1804-1805	.	

#Text=Zie koorn, graan.
6-1	1806-1809	Zie	
6-2	1810-1815	koorn	
6-3	1815-1816	,	
6-4	1817-1822	graan	
6-5	1822-1823	.	

#Text=tarw indise, turkse tarw.
#Text=mays.
7-1	1825-1829	tarw	
7-2	1830-1836	indise	
7-3	1836-1837	,	
7-4	1838-1844	turkse	
7-5	1845-1849	tarw	
7-6	1849-1850	.	
7-7	1851-1855	mays	
7-8	1855-1856	.	

#Text=Is een Plant, waar van men verscheiden soorten
#Text=heeft, die niet verschillen dan deur de kleur van de trossen, waar van de ene Geel,
#Text=de ander Zwart, de derde Wit zyn.
8-1	1857-1859	Is	
8-2	1860-1863	een	
8-3	1864-1869	Plant	
8-4	1869-1870	,	
8-5	1871-1875	waar	
8-6	1876-1879	van	
8-7	1880-1883	men	
8-8	1884-1895	verscheiden	
8-9	1896-1903	soorten	
8-10	1904-1909	heeft	
8-11	1909-1910	,	
8-12	1911-1914	die	
8-13	1915-1919	niet	
8-14	1920-1931	verschillen	
8-15	1932-1935	dan	
8-16	1936-1940	deur	
8-17	1941-1943	de	
8-18	1944-1949	kleur	
8-19	1950-1953	van	
8-20	1954-1956	de	
8-21	1957-1964	trossen	
8-22	1964-1965	,	
8-23	1966-1970	waar	
8-24	1971-1974	van	
8-25	1975-1977	de	
8-26	1978-1981	ene	
8-27	1982-1986	Geel	
8-28	1986-1987	,	
8-29	1988-1990	de	
8-30	1991-1996	ander	
8-31	1997-2002	Zwart	
8-32	2002-2003	,	
8-33	2004-2006	de	
8-34	2007-2012	derde	
8-35	2013-2016	Wit	
8-36	2017-2020	zyn	
8-37	2020-2021	.	

#Text=Beschryving van de Indise Tarw.
9-1	2024-2035	Beschryving	
9-2	2036-2039	van	
9-3	2040-2042	de	
9-4	2043-2049	Indise	
9-5	2050-2054	Tarw	
9-6	2054-2055	.	

#Text=Zy heeft een steel als een ried, met een hart vervuld.
10-1	2058-2060	Zy	
10-2	2061-2066	heeft	
10-3	2067-2070	een	
10-4	2071-2076	steel	
10-5	2077-2080	als	
10-6	2081-2084	een	
10-7	2085-2089	ried	
10-8	2089-2090	,	
10-9	2091-2094	met	
10-10	2095-2098	een	
10-11	2099-2103	hart	
10-12	2104-2111	vervuld	
10-13	2111-2112	.	
