#FORMAT=WebAnno TSV 3.3


#Text=myrrham-mutua persuasus Critica ani- vocalium V. & Y apud La
#Text=
#Text=tinos commutatione; vt eft apud Ciceronem in Oratore: vbi Purrbus.
#Text=& Pyrrhus legitur: seu , yt emendat: ViCtorius xiv.
1-1	2-15	myrrham-mutua	
1-2	16-25	persuasus	
1-3	26-33	Critica	
1-4	34-37	ani	
1-5	37-38	-	
1-6	39-47	vocalium	
1-7	48-49	V	
1-8	49-50	.	
1-9	51-52	&	
1-10	53-54	Y	
1-11	55-59	apud	
1-12	60-62	La	
1-13	64-69	tinos	
1-14	70-82	commutatione	
1-15	82-83	;	
1-16	84-86	vt	
1-17	87-90	eft	
1-18	91-95	apud	
1-19	96-105	Ciceronem	
1-20	106-108	in	
1-21	109-116	Oratore	
1-22	116-117	:	
1-23	118-121	vbi	
1-24	122-129	Purrbus	
1-25	129-130	.	
1-26	131-132	&	
1-27	133-140	Pyrrhus	
1-28	141-148	legitur	
1-29	148-149	:	
1-30	150-153	seu	
1-31	154-155	,	
1-32	156-158	yt	
1-33	159-166	emendat	
1-34	166-167	:	
1-35	168-177	ViCtorius	
1-36	178-181	xiv	
1-37	181-182	.	

#Text=Vatiarum III.
2-1	183-191	Vatiarum	
2-2	192-195	III	
2-3	195-196	.	

#Text=Burrhus & Byrrhus; non folùmV prof, fcd B proP: vsurpato: ( quam emendab tionem firmatam obserua
#Text=
#Text=ab antiquo lapide apud Ca-
#Text=
#Text=Vi&orije.
3-1	197-204	Burrhus	
3-2	205-206	&	
3-3	207-214	Byrrhus	
3-4	214-215	;	
3-5	216-219	non	
3-6	220-226	folùmV	
3-7	227-231	prof	
3-8	231-232	,	
3-9	233-236	fcd	
3-10	237-238	B	
3-11	239-243	proP	
3-12	243-244	:	
3-13	245-253	vsurpato	
3-14	253-254	:	
3-15	255-256	(	
3-16	257-261	quam	
3-17	262-269	emendab	
3-18	270-276	tionem	
3-19	277-285	firmatam	
3-20	286-293	obserua	
3-21	295-297	ab	
3-22	298-305	antiquo	
3-23	306-312	lapide	
3-24	313-317	apud	
3-25	318-320	Ca	
3-26	320-321	-	
3-27	323-325	Vi	
3-28	325-326	&	
3-29	326-331	orije	
3-30	331-332	.	

#Text=Ailioneum lib.
4-1	333-342	Ailioneum	
4-2	343-346	lib	
4-3	346-347	.	

#Text=Gallorum Ina
#Text=
#Text=fulcitur.
#Text=subrum Antiqua: fedesvbi in
#Text=
#Text=
#Text=
#Text=cifum eft P PLINIVS BVR-
#Text=
#Text=RVS ) non inquam ,, sibi
#Text=
#Text=quisquampersuadeat sy, ex
#Text=
#Text=earum vocalium viciffitu
#Text=
#Text=dine idem efle, murtlams
#Text=
#Text=
#Text=
#Text=&
#Text=
#Text=
#Text=
#Text=mendatio
#Text=
#Text=
#Text=
#Text=
#Text=
#Text=& myrrham squia etsi non rarò diuerfa fcribendi ratio diuerlam rem non designat; tamen in myrrha & mur.
#Text=rha rem planè aliam , imò verò contrariam significat: cum illa lapis sit, haec gum.
#Text=meus humor.
5-1	348-356	Gallorum	
5-2	357-360	Ina	
5-3	362-370	fulcitur	
5-4	370-371	.	
5-5	372-378	subrum	
5-6	379-386	Antiqua	
5-7	386-387	:	
5-8	388-396	fedesvbi	
5-9	397-399	in	
5-10	403-408	cifum	
5-11	409-412	eft	
5-12	413-414	P	
5-13	415-422	PLINIVS	
5-14	423-426	BVR	
5-15	426-427	-	
5-16	429-432	RVS	
5-17	433-434	)	
5-18	435-438	non	
5-19	439-445	inquam	
5-20	446-447	,	
5-21	447-448	,	
5-22	449-453	sibi	
5-23	455-473	quisquampersuadeat	
5-24	474-476	sy	
5-25	476-477	,	
5-26	478-480	ex	
5-27	482-487	earum	
5-28	488-496	vocalium	
5-29	497-506	viciffitu	
5-30	508-512	dine	
5-31	513-517	idem	
5-32	518-522	efle	
5-33	522-523	,	
5-34	524-532	murtlams	
5-35	536-537	&	
5-36	541-549	mendatio	
5-37	555-556	&	
5-38	557-564	myrrham	
5-39	565-570	squia	
5-40	571-575	etsi	
5-41	576-579	non	
5-42	580-584	rarò	
5-43	585-592	diuerfa	
5-44	593-602	fcribendi	
5-45	603-608	ratio	
5-46	609-617	diuerlam	
5-47	618-621	rem	
5-48	622-625	non	
5-49	626-634	designat	
5-50	634-635	;	
5-51	636-641	tamen	
5-52	642-644	in	
5-53	645-651	myrrha	
5-54	652-653	&	
5-55	654-657	mur	
5-56	657-658	.	
5-57	659-662	rha	
5-58	663-666	rem	
5-59	667-672	planè	
5-60	673-678	aliam	
5-61	679-680	,	
5-62	681-684	imò	
5-63	685-689	verò	
5-64	690-700	contrariam	
5-65	701-711	significat	
5-66	711-712	:	
5-67	713-716	cum	
5-68	717-721	illa	
5-69	722-727	lapis	
5-70	728-731	sit	
5-71	731-732	,	
5-72	733-737	haec	
5-73	738-741	gum	
5-74	741-742	.	
5-75	743-747	meus	
5-76	748-753	humor	
5-77	753-754	.	

#Text=Itaque apud Pomponium murrham la- Pomponius pidem,non myrrham gumi meum succum, puto intelligendam ; tum quia, vt cri cicos monet Lipfius ,Malafpina , & Schoțcus, in emen dandis libris quò minùs recedimus a vulgaca lectione, eò praeftantior eftemendas tio; tum quia Florentidicodices, omnium nobiliffimi;
#Text=
#Text=
#Text=
#Text=IC emen datus
#Text=
#Text=
#Text=
#Text=mur
#Text=
#Text=
#Text=
#Text=
#Text=
#Text=ne.
#Text=(
#Text=
#Text=
#Text=
#Text=murrham potius,quàm myr sham innuere videtur,cum apertè Mura habeant.
6-1	755-761	Itaque	
6-2	762-766	apud	
6-3	767-776	Pomponium	
6-4	777-784	murrham	
6-5	785-787	la	
6-6	787-788	-	
6-7	789-798	Pomponius	
6-8	799-804	pidem	
6-9	804-805	,	
6-10	805-808	non	
6-11	809-816	myrrham	
6-12	817-821	gumi	
6-13	822-826	meum	
6-14	827-833	succum	
6-15	833-834	,	
6-16	835-839	puto	
6-17	840-853	intelligendam	
6-18	854-855	;	
6-19	856-859	tum	
6-20	860-864	quia	
6-21	864-865	,	
6-22	866-868	vt	
6-23	869-872	cri	
6-24	873-878	cicos	
6-25	879-884	monet	
6-26	885-892	Lipfius	
6-27	893-894	,	
6-28	894-903	Malafpina	
6-29	904-905	,	
6-30	906-907	&	
6-31	908-916	Schoțcus	
6-32	916-917	,	
6-33	918-920	in	
6-34	921-925	emen	
6-35	926-932	dandis	
6-36	933-939	libris	
6-37	940-943	quò	
6-38	944-949	minùs	
6-39	950-959	recedimus	
6-40	960-961	a	
6-41	962-969	vulgaca	
6-42	970-978	lectione	
6-43	978-979	,	
6-44	980-982	eò	
6-45	983-995	praeftantior	
6-46	996-1006	eftemendas	
6-47	1007-1010	tio	
6-48	1010-1011	;	
6-49	1012-1015	tum	
6-50	1016-1020	quia	
6-51	1021-1038	Florentidicodices	
6-52	1038-1039	,	
6-53	1040-1046	omnium	
6-54	1047-1058	nobiliffimi	
6-55	1058-1059	;	
6-56	1063-1065	IC	
6-57	1066-1070	emen	
6-58	1071-1076	datus	
6-59	1080-1083	mur	
6-60	1089-1091	ne	
6-61	1091-1092	.	
6-62	1093-1094	(	
6-63	1098-1105	murrham	
6-64	1106-1112	potius	
6-65	1112-1113	,	
6-66	1113-1117	quàm	
6-67	1118-1121	myr	
6-68	1122-1126	sham	
6-69	1127-1134	innuere	
6-70	1135-1142	videtur	
6-71	1142-1143	,	
6-72	1143-1146	cum	
6-73	1147-1153	apertè	
6-74	1154-1158	Mura	
6-75	1159-1166	habeant	
6-76	1166-1167	.	

#Text=Iam ( cò redeo, vnde disceffi) quae valetudinis , non odoris, ac deliciarum causa condica fuerunt vnguenta , suauem spiralle.
#Text=odorem
#Text=
#Text=ceffe non fuir.
7-1	1168-1171	Iam	
7-2	1172-1173	(	
7-3	1174-1176	cò	
7-4	1177-1182	redeo	
7-5	1182-1183	,	
7-6	1184-1188	vnde	
7-7	1189-1197	disceffi	
7-8	1197-1198	)	
7-9	1199-1203	quae	
7-10	1204-1215	valetudinis	
7-11	1216-1217	,	
7-12	1218-1221	non	
7-13	1222-1228	odoris	
7-14	1228-1229	,	
7-15	1230-1232	ac	
7-16	1233-1243	deliciarum	
7-17	1244-1249	causa	
7-18	1250-1257	condica	
7-19	1258-1265	fuerunt	
7-20	1266-1274	vnguenta	
7-21	1275-1276	,	
7-22	1277-1283	suauem	
7-23	1284-1292	spiralle	
7-24	1292-1293	.	
7-25	1294-1300	odorem	
7-26	1302-1307	ceffe	
7-27	1308-1311	non	
7-28	1312-1316	fuir	
7-29	1316-1317	.	

#Text=Deinde & Secundò a. illud animaduersione di-
#Text=
#Text=gnum eft , vnguenta omnis geueris hominibus vsur paca,
#Text=
#Text=nobilibus ac plebeijs, diuitibus & pauperibus.
#Text=ergo no omnia eximia ac prae
#Text=
#Text=Itantissima .
8-1	1318-1324	Deinde	
8-2	1325-1326	&	
8-3	1327-1334	Secundò	
8-4	1335-1336	a	
8-5	1336-1337	.	
8-6	1338-1343	illud	
8-7	1344-1358	animaduersione	
8-8	1359-1361	di	
8-9	1361-1362	-	
8-10	1364-1368	gnum	
8-11	1369-1372	eft	
8-12	1373-1374	,	
8-13	1375-1383	vnguenta	
8-14	1384-1389	omnis	
8-15	1390-1397	geueris	
8-16	1398-1407	hominibus	
8-17	1408-1412	vsur	
8-18	1413-1417	paca	
8-19	1417-1418	,	
8-20	1420-1429	nobilibus	
8-21	1430-1432	ac	
8-22	1433-1441	plebeijs	
8-23	1441-1442	,	
8-24	1443-1452	diuitibus	
8-25	1453-1454	&	
8-26	1455-1465	pauperibus	
8-27	1465-1466	.	
8-28	1467-1471	ergo	
8-29	1472-1474	no	
8-30	1475-1480	omnia	
8-31	1481-1487	eximia	
8-32	1488-1490	ac	
8-33	1491-1495	prae	
8-34	1497-1508	Itantissima	
8-35	1509-1510	.	

#Text=Praeterea din Tertiò ani- uerfis partibus adhibita,
#Text=
#Text=naribus, capillis; manibus, pedibus, ceterisque.
9-1	1511-1520	Praeterea	
9-2	1521-1524	din	
9-3	1525-1531	Tertiò	
9-4	1532-1535	ani	
9-5	1535-1536	-	
9-6	1537-1543	uerfis	
9-7	1544-1552	partibus	
9-8	1553-1561	adhibita	
9-9	1561-1562	,	
9-10	1564-1571	naribus	
9-11	1571-1572	,	
9-12	1573-1581	capillis	
9-13	1581-1582	;	
9-14	1583-1590	manibus	
9-15	1590-1591	,	
9-16	1592-1599	pedibus	
9-17	1599-1600	,	
9-18	1601-1611	ceterisque	
9-19	1611-1612	.	

#Text=Non
#Text=
#Text=
#Text=
#Text=nimaduer.
#Text=maduer
#Text=
#Text=
#Text=
#Text=
#Text=
#Text=maduer.
#Text=igitur verifimile est, omnia fuisse vniusmodi, fed alias alijs magis minusue suauia .
10-1	1613-1616	Non	
10-2	1620-1628	nimaduer	
10-3	1628-1629	.	
10-4	1630-1636	maduer	
10-5	1642-1648	maduer	
10-6	1648-1649	.	
10-7	1650-1656	igitur	
10-8	1657-1667	verifimile	
10-9	1668-1671	est	
10-10	1671-1672	,	
10-11	1673-1678	omnia	
10-12	1679-1685	fuisse	
10-13	1686-1695	vniusmodi	
10-14	1695-1696	,	
10-15	1697-1700	fed	
10-16	1701-1706	alias	
10-17	1707-1712	alijs	
10-18	1713-1718	magis	
10-19	1719-1726	minusue	
10-20	1727-1733	suauia	
10-21	1734-1735	.	

#Text=Quartò perpendendum eft, Quarto ani in condiendis odoramentis adhibita fuisse aliqua vel inodora , vel ingratè acutès que olencia , vt cetera suauitate praedita quasi torpes scentia ac fepulta excitent atque acuant.
#Text=eft enim lons go experimento aut casu compertum , vt quaedam etiam iniucundè olencia odoratis gratiam conciliét.
11-1	1736-1742	Quartò	
11-2	1743-1755	perpendendum	
11-3	1756-1759	eft	
11-4	1759-1760	,	
11-5	1761-1767	Quarto	
11-6	1768-1771	ani	
11-7	1772-1774	in	
11-8	1775-1785	condiendis	
11-9	1786-1797	odoramentis	
11-10	1798-1806	adhibita	
11-11	1807-1813	fuisse	
11-12	1814-1820	aliqua	
11-13	1821-1824	vel	
11-14	1825-1832	inodora	
11-15	1833-1834	,	
11-16	1835-1838	vel	
11-17	1839-1846	ingratè	
11-18	1847-1853	acutès	
11-19	1854-1857	que	
11-20	1858-1865	olencia	
11-21	1866-1867	,	
11-22	1868-1870	vt	
11-23	1871-1877	cetera	
11-24	1878-1887	suauitate	
11-25	1888-1896	praedita	
11-26	1897-1902	quasi	
11-27	1903-1909	torpes	
11-28	1910-1917	scentia	
11-29	1918-1920	ac	
11-30	1921-1928	fepulta	
11-31	1929-1937	excitent	
11-32	1938-1943	atque	
11-33	1944-1950	acuant	
11-34	1950-1951	.	
11-35	1952-1955	eft	
11-36	1956-1960	enim	
11-37	1961-1965	lons	
11-38	1966-1968	go	
11-39	1969-1980	experimento	
11-40	1981-1984	aut	
11-41	1985-1989	casu	
11-42	1990-1999	compertum	
11-43	2000-2001	,	
11-44	2002-2004	vt	
11-45	2005-2012	quaedam	
11-46	2013-2018	etiam	
11-47	2019-2028	iniucundè	
11-48	2029-2036	olencia	
11-49	2037-2045	odoratis	
11-50	2046-2053	gratiam	
11-51	2054-2063	conciliét	
11-52	2063-2064	.	
