#FORMAT=WebAnno TSV 3.3


#Text=Waarom soo ras egter sterven.
#Text=188 Bewegen
#Text=en werden bewogen.
#Text=274 Hebben alle een bewustheit van eenen Godt.
#Text=280
#Text=Syn op
#Text=een vreesselyke wyse gemaakt.
#Text=72, 900
#Text=Mergh, groot gebruik.
#Text=179
#Text=Middelen, tegen oorsaken en aanleidingen der Ongodisterye.
1-1	2-8	Waarom	
1-2	9-12	soo	
1-3	13-16	ras	
1-4	17-22	egter	
1-5	23-30	sterven	
1-6	30-31	.	
1-7	32-35	188	
1-8	36-43	Bewegen	
1-9	44-46	en	
1-10	47-53	werden	
1-11	54-61	bewogen	
1-12	61-62	.	
1-13	63-66	274	
1-14	67-73	Hebben	
1-15	74-78	alle	
1-16	79-82	een	
1-17	83-93	bewustheit	
1-18	94-97	van	
1-19	98-103	eenen	
1-20	104-108	Godt	
1-21	108-109	.	
1-22	110-113	280	
1-23	114-117	Syn	
1-24	118-120	op	
1-25	121-124	een	
1-26	125-136	vreesselyke	
1-27	137-141	wyse	
1-28	142-149	gemaakt	
1-29	149-150	.	
1-30	151-153	72	
1-31	153-154	,	
1-32	155-158	900	
1-33	159-164	Mergh	
1-34	164-165	,	
1-35	166-171	groot	
1-36	172-179	gebruik	
1-37	179-180	.	
1-38	181-184	179	
1-39	185-193	Middelen	
1-40	193-194	,	
1-41	195-200	tegen	
1-42	201-209	oorsaken	
1-43	210-212	en	
1-44	213-225	aanleidingen	
1-45	226-229	der	
1-46	230-242	Ongodisterye	
1-47	242-243	.	

#Text=Siet Ongodisterye.
2-1	244-248	Siet	
2-2	249-261	Ongodisterye	
2-3	261-262	.	

#Text=Middel-rift,
#Text=werd volgens en buiten onsen wil bewogen.
#Text=123
#Text=Misten, komen door veel dampen en uitsettinge der lugt.
#Text=362 Door effervescentien.
#Text=
#Text=364
#Text=Door praecipitatien.
#Text=364
#Text=Myt, van kaas legt eijeren.
#Text=738
#Text=Mond, dient in menschen, selfs in kinderen, om gelyk een lugt-pomp, een lugt-ledige
#Text=plaatse te maken.
#Text=51
#Text=Mosselen, hoe sigh van de eene plaetse na de andere bewegen.
#Text=536
#Text=Muzyke, desselfs kragt.
#Text=249
#Text=
#Text=
#Text=N.
3-1	264-275	Middel-rift	
3-2	275-276	,	
3-3	277-281	werd	
3-4	282-289	volgens	
3-5	290-292	en	
3-6	293-299	buiten	
3-7	300-305	onsen	
3-8	306-309	wil	
3-9	310-317	bewogen	
3-10	317-318	.	
3-11	319-322	123	
3-12	323-329	Misten	
3-13	329-330	,	
3-14	331-336	komen	
3-15	337-341	door	
3-16	342-346	veel	
3-17	347-353	dampen	
3-18	354-356	en	
3-19	357-368	uitsettinge	
3-20	369-372	der	
3-21	373-377	lugt	
3-22	377-378	.	
3-23	379-382	362	
3-24	383-387	Door	
3-25	388-403	effervescentien	
3-26	403-404	.	
3-27	406-409	364	
3-28	410-414	Door	
3-29	415-429	praecipitatien	
3-30	429-430	.	
3-31	431-434	364	
3-32	435-438	Myt	
3-33	438-439	,	
3-34	440-443	van	
3-35	444-448	kaas	
3-36	449-453	legt	
3-37	454-461	eijeren	
3-38	461-462	.	
3-39	463-466	738	
3-40	467-471	Mond	
3-41	471-472	,	
3-42	473-478	dient	
3-43	479-481	in	
3-44	482-490	menschen	
3-45	490-491	,	
3-46	492-497	selfs	
3-47	498-500	in	
3-48	501-509	kinderen	
3-49	509-510	,	
3-50	511-513	om	
3-51	514-519	gelyk	
3-52	520-523	een	
3-53	524-533	lugt-pomp	
3-54	533-534	,	
3-55	535-538	een	
3-56	539-550	lugt-ledige	
3-57	551-558	plaatse	
3-58	559-561	te	
3-59	562-567	maken	
3-60	567-568	.	
3-61	569-571	51	
3-62	572-580	Mosselen	
3-63	580-581	,	
3-64	582-585	hoe	
3-65	586-590	sigh	
3-66	591-594	van	
3-67	595-597	de	
3-68	598-602	eene	
3-69	603-610	plaetse	
3-70	611-613	na	
3-71	614-616	de	
3-72	617-623	andere	
3-73	624-631	bewegen	
3-74	631-632	.	
3-75	633-636	536	
3-76	637-643	Muzyke	
3-77	643-644	,	
3-78	645-653	desselfs	
3-79	654-659	kragt	
3-80	659-660	.	
3-81	661-664	249	
3-82	667-668	N	
3-83	668-669	.	

#Text=Nagt, siet
4-1	670-674	Nagt	
4-2	674-675	,	
4-3	676-680	siet	
