#FORMAT=WebAnno TSV 3.3


#Text=18 Melior est homo qui abscondit stultitiam suam, quam homo qui abscondit sapientiam suam.
#Text=19 Verumtamen reveremini in his quæ procedunt de ore meo : 20 non est enim bonum omnem reverentiam observare, et non omnia omnibus bene placent in fide.
#Text=21 Erubescite a patre et a matre de fornicatione : et a præsidente et a potente de mendacio : 22 a principe et a judice de delicto : a synagoga et plebe de iniquitate : 23 a socio et amico de injustitia, et de loco in quo habitas : 24 de furto, de veritate Dei, et testamento : de discubitu in panibus, et ab obfuscatione dati et accepti : 25 a salutantibus de silentio, a respectu mulieris fornicariæ, et ab aversione vultus cognati.
#Text=26 Ne avertas faciem a proximo tuo, et ab auferendo partem et non restituendo.
#Text=27 Ne respicias mulierem alieni viri, et ne scruteris ancillam ejus, neque steteris ad lectum ejus.
#Text=28 Ab amicis de sermonibus improperii : et cum dederis, ne improperes.
1-1	2-4	18	
1-2	5-11	Melior	
1-3	12-15	est	
1-4	16-20	homo	
1-5	21-24	qui	
1-6	25-34	abscondit	
1-7	35-45	stultitiam	
1-8	46-50	suam	
1-9	50-51	,	
1-10	52-56	quam	
1-11	57-61	homo	
1-12	62-65	qui	
1-13	66-75	abscondit	
1-14	76-86	sapientiam	
1-15	87-91	suam	
1-16	91-92	.	
1-17	93-95	19	
1-18	96-106	Verumtamen	
1-19	107-117	reveremini	
1-20	118-120	in	
1-21	121-124	his	
1-22	125-128	quæ	
1-23	129-138	procedunt	
1-24	139-141	de	
1-25	142-145	ore	
1-26	146-149	meo	
1-27	150-151	:	
1-28	152-154	20	
1-29	155-158	non	
1-30	159-162	est	
1-31	163-167	enim	
1-32	168-173	bonum	
1-33	174-179	omnem	
1-34	180-191	reverentiam	
1-35	192-201	observare	
1-36	201-202	,	
1-37	203-205	et	
1-38	206-209	non	
1-39	210-215	omnia	
1-40	216-223	omnibus	
1-41	224-228	bene	
1-42	229-236	placent	
1-43	237-239	in	
1-44	240-244	fide	
1-45	244-245	.	
1-46	246-248	21	
1-47	249-259	Erubescite	
1-48	260-261	a	
1-49	262-267	patre	
1-50	268-270	et	
1-51	271-272	a	
1-52	273-278	matre	
1-53	279-281	de	
1-54	282-294	fornicatione	
1-55	295-296	:	
1-56	297-299	et	
1-57	300-301	a	
1-58	302-312	præsidente	
1-59	313-315	et	
1-60	316-317	a	
1-61	318-325	potente	
1-62	326-328	de	
1-63	329-337	mendacio	
1-64	338-339	:	
1-65	340-342	22	
1-66	343-344	a	
1-67	345-353	principe	
1-68	354-356	et	
1-69	357-358	a	
1-70	359-365	judice	
1-71	366-368	de	
1-72	369-376	delicto	
1-73	377-378	:	
1-74	379-380	a	
1-75	381-389	synagoga	
1-76	390-392	et	
1-77	393-398	plebe	
1-78	399-401	de	
1-79	402-412	iniquitate	
1-80	413-414	:	
1-81	415-417	23	
1-82	418-419	a	
1-83	420-425	socio	
1-84	426-428	et	
1-85	429-434	amico	
1-86	435-437	de	
1-87	438-448	injustitia	
1-88	448-449	,	
1-89	450-452	et	
1-90	453-455	de	
1-91	456-460	loco	
1-92	461-463	in	
1-93	464-467	quo	
1-94	468-475	habitas	
1-95	476-477	:	
1-96	478-480	24	
1-97	481-483	de	
1-98	484-489	furto	
1-99	489-490	,	
1-100	491-493	de	
1-101	494-502	veritate	
1-102	503-506	Dei	
1-103	506-507	,	
1-104	508-510	et	
1-105	511-521	testamento	
1-106	522-523	:	
1-107	524-526	de	
1-108	527-536	discubitu	
1-109	537-539	in	
1-110	540-547	panibus	
1-111	547-548	,	
1-112	549-551	et	
1-113	552-554	ab	
1-114	555-567	obfuscatione	
1-115	568-572	dati	
1-116	573-575	et	
1-117	576-583	accepti	
1-118	584-585	:	
1-119	586-588	25	
1-120	589-590	a	
1-121	591-603	salutantibus	
1-122	604-606	de	
1-123	607-615	silentio	
1-124	615-616	,	
1-125	617-618	a	
1-126	619-627	respectu	
1-127	628-636	mulieris	
1-128	637-647	fornicariæ	
1-129	647-648	,	
1-130	649-651	et	
1-131	652-654	ab	
1-132	655-664	aversione	
1-133	665-671	vultus	
1-134	672-679	cognati	
1-135	679-680	.	
1-136	681-683	26	
1-137	684-686	Ne	
1-138	687-694	avertas	
1-139	695-701	faciem	
1-140	702-703	a	
1-141	704-711	proximo	
1-142	712-715	tuo	
1-143	715-716	,	
1-144	717-719	et	
1-145	720-722	ab	
1-146	723-732	auferendo	
1-147	733-739	partem	
1-148	740-742	et	
1-149	743-746	non	
1-150	747-758	restituendo	
1-151	758-759	.	
1-152	760-762	27	
1-153	763-765	Ne	
1-154	766-775	respicias	
1-155	776-784	mulierem	
1-156	785-791	alieni	
1-157	792-796	viri	
1-158	796-797	,	
1-159	798-800	et	
1-160	801-803	ne	
1-161	804-813	scruteris	
1-162	814-822	ancillam	
1-163	823-827	ejus	
1-164	827-828	,	
1-165	829-834	neque	
1-166	835-843	steteris	
1-167	844-846	ad	
1-168	847-853	lectum	
1-169	854-858	ejus	
1-170	858-859	.	
1-171	860-862	28	
1-172	863-865	Ab	
1-173	866-872	amicis	
1-174	873-875	de	
1-175	876-886	sermonibus	
1-176	887-897	improperii	
1-177	898-899	:	
1-178	900-902	et	
1-179	903-906	cum	
1-180	907-914	dederis	
1-181	914-915	,	
1-182	916-918	ne	
1-183	919-929	improperes	
1-184	929-930	.	

#Text=Caput 42
#Text=
#Text=
#Text=1 Non duplices sermonem auditus de revelatione sermonis absconditi : et eris vere sine confusione, et invenies gratiam in conspectu omnium hominum.
2-1	931-936	Caput	
2-2	937-939	42	
2-3	942-943	1	
2-4	944-947	Non	
2-5	948-956	duplices	
2-6	957-965	sermonem	
2-7	966-973	auditus	
2-8	974-976	de	
2-9	977-988	revelatione	
2-10	989-997	sermonis	
2-11	998-1008	absconditi	
2-12	1009-1010	:	
2-13	1011-1013	et	
2-14	1014-1018	eris	
2-15	1019-1023	vere	
2-16	1024-1028	sine	
2-17	1029-1039	confusione	
2-18	1039-1040	,	
2-19	1041-1043	et	
2-20	1044-1052	invenies	
2-21	1053-1060	gratiam	
2-22	1061-1063	in	
2-23	1064-1073	conspectu	
2-24	1074-1080	omnium	
2-25	1081-1088	hominum	
2-26	1088-1089	.	

#Text=Ne pro his omnibus confundaris, et ne accipias personam ut delinquas : 2 de lege Altissimi, et testamento, et de judicio justificare impium, 3 de verbo sociorum et viatorum, et de datione hæreditatis amicorum, 4 de æqualitate stateræ et ponderum, de acquisitione multorum et paucorum, 5 de corruptione emptionis et negotiatorum, et de multa disciplina filiorum, et servo pessimo latus sanguinare.
#Text=6 Super mulierem nequam bonum est signum.
#Text=7 Ubi manus multæ sunt, claude : et quodcumque trades, numera et appende : datum vero et acceptum omne describe.
#Text=8 De disciplina insensati et fatui, et de senioribus qui judicantur ab adolescentibus : et eris eruditus in omnibus, et probabilis in conspectu omnium vivorum.
#Text=9 Filia patris abscondita est vigilia, et sollicitudo ejus aufert somnum : ne forte in adolescentia sua adulta efficiatur, et cum viro commorata odibilis fiat : 10 nequando polluatur in virginitate sua, et in paternis suis gravida inveniatur : ne forte cum viro commorata transgrediatur, aut certe sterilis efficiatur.
#Text=11 Super filiam luxuriosam confirma custodiam, nequando faciat te in opprobrium venire inimicis, a detractione in civitate, et objectione plebis, et confundat te in multitudine populi.
#Text=12 Omni homini noli intendere in specie, et in medio mulierum noli commorari : 13 de vestimentis enim procedit tinea, et a muliere iniquitas viri.
#Text=14 Melior est enim iniquitas viri quam mulier benefaciens, et mulier confundens in opprobrium.
#Text=15 Memor ero igitur operum Domini, et quæ vidi annuntiabo.
3-1	1090-1092	Ne	
3-2	1093-1096	pro	
3-3	1097-1100	his	
3-4	1101-1108	omnibus	
3-5	1109-1120	confundaris	
3-6	1120-1121	,	
3-7	1122-1124	et	
3-8	1125-1127	ne	
3-9	1128-1136	accipias	
3-10	1137-1145	personam	
3-11	1146-1148	ut	
3-12	1149-1158	delinquas	
3-13	1159-1160	:	
3-14	1161-1162	2	
3-15	1163-1165	de	
3-16	1166-1170	lege	
3-17	1171-1180	Altissimi	
3-18	1180-1181	,	
3-19	1182-1184	et	
3-20	1185-1195	testamento	
3-21	1195-1196	,	
3-22	1197-1199	et	
3-23	1200-1202	de	
3-24	1203-1210	judicio	
3-25	1211-1222	justificare	
3-26	1223-1229	impium	
3-27	1229-1230	,	
3-28	1231-1232	3	
3-29	1233-1235	de	
3-30	1236-1241	verbo	
3-31	1242-1250	sociorum	
3-32	1251-1253	et	
3-33	1254-1262	viatorum	
3-34	1262-1263	,	
3-35	1264-1266	et	
3-36	1267-1269	de	
3-37	1270-1277	datione	
3-38	1278-1289	hæreditatis	
3-39	1290-1298	amicorum	
3-40	1298-1299	,	
3-41	1300-1301	4	
3-42	1302-1304	de	
3-43	1305-1315	æqualitate	
3-44	1316-1323	stateræ	
3-45	1324-1326	et	
3-46	1327-1335	ponderum	
3-47	1335-1336	,	
3-48	1337-1339	de	
3-49	1340-1352	acquisitione	
3-50	1353-1361	multorum	
3-51	1362-1364	et	
3-52	1365-1373	paucorum	
3-53	1373-1374	,	
3-54	1375-1376	5	
3-55	1377-1379	de	
3-56	1380-1391	corruptione	
3-57	1392-1401	emptionis	
3-58	1402-1404	et	
3-59	1405-1417	negotiatorum	
3-60	1417-1418	,	
3-61	1419-1421	et	
3-62	1422-1424	de	
3-63	1425-1430	multa	
3-64	1431-1441	disciplina	
3-65	1442-1450	filiorum	
3-66	1450-1451	,	
3-67	1452-1454	et	
3-68	1455-1460	servo	
3-69	1461-1468	pessimo	
3-70	1469-1474	latus	
3-71	1475-1485	sanguinare	
3-72	1485-1486	.	
3-73	1487-1488	6	
3-74	1489-1494	Super	
3-75	1495-1503	mulierem	
3-76	1504-1510	nequam	
3-77	1511-1516	bonum	
3-78	1517-1520	est	
3-79	1521-1527	signum	
3-80	1527-1528	.	
3-81	1529-1530	7	
3-82	1531-1534	Ubi	
3-83	1535-1540	manus	
3-84	1541-1546	multæ	
3-85	1547-1551	sunt	
3-86	1551-1552	,	
3-87	1553-1559	claude	
3-88	1560-1561	:	
3-89	1562-1564	et	
3-90	1565-1575	quodcumque	
3-91	1576-1582	trades	
3-92	1582-1583	,	
3-93	1584-1590	numera	
3-94	1591-1593	et	
3-95	1594-1601	appende	
3-96	1602-1603	:	
3-97	1604-1609	datum	
3-98	1610-1614	vero	
3-99	1615-1617	et	
3-100	1618-1626	acceptum	
3-101	1627-1631	omne	
3-102	1632-1640	describe	
3-103	1640-1641	.	
3-104	1642-1643	8	
3-105	1644-1646	De	
3-106	1647-1657	disciplina	
3-107	1658-1667	insensati	
3-108	1668-1670	et	
3-109	1671-1676	fatui	
3-110	1676-1677	,	
3-111	1678-1680	et	
3-112	1681-1683	de	
3-113	1684-1694	senioribus	
3-114	1695-1698	qui	
3-115	1699-1709	judicantur	
3-116	1710-1712	ab	
3-117	1713-1727	adolescentibus	
3-118	1728-1729	:	
3-119	1730-1732	et	
3-120	1733-1737	eris	
3-121	1738-1746	eruditus	
3-122	1747-1749	in	
3-123	1750-1757	omnibus	
3-124	1757-1758	,	
3-125	1759-1761	et	
3-126	1762-1772	probabilis	
3-127	1773-1775	in	
3-128	1776-1785	conspectu	
3-129	1786-1792	omnium	
3-130	1793-1800	vivorum	
3-131	1800-1801	.	
3-132	1802-1803	9	
3-133	1804-1809	Filia	
3-134	1810-1816	patris	
3-135	1817-1827	abscondita	
3-136	1828-1831	est	
3-137	1832-1839	vigilia	
3-138	1839-1840	,	
3-139	1841-1843	et	
3-140	1844-1855	sollicitudo	
3-141	1856-1860	ejus	
3-142	1861-1867	aufert	
3-143	1868-1874	somnum	
3-144	1875-1876	:	
3-145	1877-1879	ne	
3-146	1880-1885	forte	
3-147	1886-1888	in	
3-148	1889-1901	adolescentia	
3-149	1902-1905	sua	
3-150	1906-1912	adulta	
3-151	1913-1923	efficiatur	
3-152	1923-1924	,	
3-153	1925-1927	et	
3-154	1928-1931	cum	
3-155	1932-1936	viro	
3-156	1937-1946	commorata	
3-157	1947-1955	odibilis	
3-158	1956-1960	fiat	
3-159	1961-1962	:	
3-160	1963-1965	10	
3-161	1966-1974	nequando	
3-162	1975-1984	polluatur	
3-163	1985-1987	in	
3-164	1988-1999	virginitate	
3-165	2000-2003	sua	
3-166	2003-2004	,	
3-167	2005-2007	et	
3-168	2008-2010	in	
3-169	2011-2019	paternis	
3-170	2020-2024	suis	
3-171	2025-2032	gravida	
3-172	2033-2043	inveniatur	
3-173	2044-2045	:	
3-174	2046-2048	ne	
3-175	2049-2054	forte	
3-176	2055-2058	cum	
3-177	2059-2063	viro	
3-178	2064-2073	commorata	
3-179	2074-2088	transgrediatur	
3-180	2088-2089	,	
3-181	2090-2093	aut	
3-182	2094-2099	certe	
3-183	2100-2108	sterilis	
3-184	2109-2119	efficiatur	
3-185	2119-2120	.	
3-186	2121-2123	11	
3-187	2124-2129	Super	
3-188	2130-2136	filiam	
3-189	2137-2147	luxuriosam	
3-190	2148-2156	confirma	
3-191	2157-2166	custodiam	
3-192	2166-2167	,	
3-193	2168-2176	nequando	
3-194	2177-2183	faciat	
3-195	2184-2186	te	
3-196	2187-2189	in	
3-197	2190-2200	opprobrium	
3-198	2201-2207	venire	
3-199	2208-2216	inimicis	
3-200	2216-2217	,	
3-201	2218-2219	a	
3-202	2220-2231	detractione	
3-203	2232-2234	in	
3-204	2235-2243	civitate	
3-205	2243-2244	,	
3-206	2245-2247	et	
3-207	2248-2258	objectione	
3-208	2259-2265	plebis	
3-209	2265-2266	,	
3-210	2267-2269	et	
3-211	2270-2279	confundat	
3-212	2280-2282	te	
3-213	2283-2285	in	
3-214	2286-2297	multitudine	
3-215	2298-2304	populi	
3-216	2304-2305	.	
3-217	2306-2308	12	
3-218	2309-2313	Omni	
3-219	2314-2320	homini	
3-220	2321-2325	noli	
3-221	2326-2335	intendere	
3-222	2336-2338	in	
3-223	2339-2345	specie	
3-224	2345-2346	,	
3-225	2347-2349	et	
3-226	2350-2352	in	
3-227	2353-2358	medio	
3-228	2359-2367	mulierum	
3-229	2368-2372	noli	
3-230	2373-2382	commorari	
3-231	2383-2384	:	
3-232	2385-2387	13	
3-233	2388-2390	de	
3-234	2391-2402	vestimentis	
3-235	2403-2407	enim	
3-236	2408-2416	procedit	
3-237	2417-2422	tinea	
3-238	2422-2423	,	
3-239	2424-2426	et	
3-240	2427-2428	a	
3-241	2429-2436	muliere	
3-242	2437-2446	iniquitas	
3-243	2447-2451	viri	
3-244	2451-2452	.	
3-245	2453-2455	14	
3-246	2456-2462	Melior	
3-247	2463-2466	est	
3-248	2467-2471	enim	
3-249	2472-2481	iniquitas	
3-250	2482-2486	viri	
3-251	2487-2491	quam	
3-252	2492-2498	mulier	
3-253	2499-2510	benefaciens	
3-254	2510-2511	,	
3-255	2512-2514	et	
3-256	2515-2521	mulier	
3-257	2522-2532	confundens	
3-258	2533-2535	in	
3-259	2536-2546	opprobrium	
3-260	2546-2547	.	
3-261	2548-2550	15	
3-262	2551-2556	Memor	
3-263	2557-2560	ero	
3-264	2561-2567	igitur	
3-265	2568-2574	operum	
3-266	2575-2581	Domini	
3-267	2581-2582	,	
3-268	2583-2585	et	
3-269	2586-2589	quæ	
3-270	2590-2594	vidi	
3-271	2595-2605	annuntiabo	
3-272	2605-2606	.	

#Text=In sermonibus Domini opera ejus.
#Text=16 Sol illuminans per omnia respexit, et gloria Domini plenum est opus ejus.
#Text=17 Nonne Dominus fecit sanctos enarrare omnia mirabilia sua, quæ confirmavit Dominus omnipotens stabiliri in gloria sua ?
4-1	2607-2609	In	
4-2	2610-2620	sermonibus	
4-3	2621-2627	Domini	
4-4	2628-2633	opera	
4-5	2634-2638	ejus	
4-6	2638-2639	.	
4-7	2640-2642	16	
4-8	2643-2646	Sol	
4-9	2647-2657	illuminans	
4-10	2658-2661	per	
4-11	2662-2667	omnia	
4-12	2668-2676	respexit	
4-13	2676-2677	,	
4-14	2678-2680	et	
4-15	2681-2687	gloria	
4-16	2688-2694	Domini	
4-17	2695-2701	plenum	
4-18	2702-2705	est	
4-19	2706-2710	opus	
4-20	2711-2715	ejus	
4-21	2715-2716	.	
4-22	2717-2719	17	
4-23	2720-2725	Nonne	
4-24	2726-2733	Dominus	
4-25	2734-2739	fecit	
4-26	2740-2747	sanctos	
4-27	2748-2756	enarrare	
4-28	2757-2762	omnia	
4-29	2763-2772	mirabilia	
4-30	2773-2776	sua	
4-31	2776-2777	,	
4-32	2778-2781	quæ	
4-33	2782-2793	confirmavit	
4-34	2794-2801	Dominus	
4-35	2802-2812	omnipotens	
4-36	2813-2822	stabiliri	
4-37	2823-2825	in	
4-38	2826-2832	gloria	
4-39	2833-2836	sua	
4-40	2837-2838	?	

#Text=18 Abyssum et cor hominum investigavit, et in astutia eorum excogitavit.
5-1	2839-2841	18	
5-2	2842-2849	Abyssum	
5-3	2850-2852	et	
5-4	2853-2856	cor	
5-5	2857-2864	hominum	
5-6	2865-2877	investigavit	
5-7	2877-2878	,	
5-8	2879-2881	et	
5-9	2882-2884	in	
5-10	2885-2892	astutia	
5-11	2893-2898	eorum	
5-12	2899-2910	excogitavit	
5-13	2910-2911	.	
