#FORMAT=WebAnno TSV 3.3
#T_SP=custom.Span|label
#T_RL=custom.Relation|label|BT_custom.Span


#Text=Hauptbeſchreibung zweyter Theil.
1-1	1-18	Hauptbeſchreibung	_	_	_	
1-2	19-26	zweyter	_	_	_	
1-3	27-32	Theil	_	_	_	
1-4	32-33	.	_	_	_	

#Text=ſolche Weiſe weiſſe Blumen daraus, die
#Text=als wie Mehl ſehen.
2-1	37-43	ſolche	_	_	_	
2-2	44-49	Weiſe	_	_	_	
2-3	50-56	weiſſe	_	_	_	
2-4	57-63	Blumen	_	_	_	
2-5	64-70	daraus	_	_	_	
2-6	70-71	,	_	_	_	
2-7	72-75	die	_	_	_	
2-8	76-79	als	_	_	_	
2-9	80-83	wie	_	_	_	
2-10	84-88	Mehl	_	_	_	
2-11	89-94	ſehen	_	_	_	
2-12	94-95	.	_	_	_	

#Text=Dieſe
#Text=Blumen
#Text=
#Text=haben eine viel ſtaͤrckere Wirckung, we-
#Text=der das gereinigte Sal ammoniacum, und
#Text=werden auch deswegen in weit geringe-
#Text=rer doſi verordnet, zum hoͤchſten auf
#Text=15.
3-1	96-101	Dieſe	_	_	_	
3-2	102-108	Blumen	_	_	_	
3-3	110-115	haben	_	_	_	
3-4	116-120	eine	_	_	_	
3-5	121-125	viel	_	_	_	
3-6	126-136	ſtaͤrckere	_	_	_	
3-7	137-145	Wirckung	_	_	_	
3-8	145-146	,	_	_	_	
3-9	147-149	we	_	_	_	
3-10	149-150	-	_	_	_	
3-11	151-154	der	_	_	_	
3-12	155-158	das	_	_	_	
3-13	159-169	gereinigte	_	_	_	
3-14	170-173	Sal	_	_	_	
3-15	174-184	ammoniacum	_	_	_	
3-16	184-185	,	_	_	_	
3-17	186-189	und	_	_	_	
3-18	190-196	werden	_	_	_	
3-19	197-201	auch	_	_	_	
3-20	202-210	deswegen	_	_	_	
3-21	211-213	in	_	_	_	
3-22	214-218	weit	_	_	_	
3-23	219-226	geringe	_	_	_	
3-24	226-227	-	_	_	_	
3-25	228-231	rer	_	_	_	
3-26	232-236	doſi	_	_	_	
3-27	237-246	verordnet	_	_	_	
3-28	246-247	,	_	_	_	
3-29	248-251	zum	_	_	_	
3-30	252-261	hoͤchſten	_	_	_	
3-31	262-265	auf	_	_	_	
3-32	266-268	15	_	_	_	
3-33	268-269	.	_	_	_	

#Text=Gran.
4-1	270-274	Gran	_	_	_	
4-2	274-275	.	_	_	_	

#Text=Vom fluͤchtigen Geiſte des Salis
#Text=
#Text=ammoniaci.
5-1	280-283	Vom	_	_	_	
5-2	284-295	fluͤchtigen	_	_	_	
5-3	296-302	Geiſte	_	_	_	
5-4	303-306	des	_	_	_	
5-5	307-312	Salis	_	_	_	
5-6	314-323	ammoniaci	_	_	_	
5-7	323-324	.	_	_	_	

#Text=Aus dem Sale ammoniaco wird mit
#Text=Weinſteinſaltze, lebendigen Kalche,
#Text=Aſche von eichenem Holtze ein
#Text=fluͤchti-
#Text=
#Text=ger, ſehr ſtinckender und penetranter
#Text=Spiritus, durch eine wohlverlutirte
#Text=Retorte, an welche ein gleichfalls wohl
#Text=verlutirter groſſer Recipiente geleget
#Text=
#Text=worden, getrieben, der den ſtaͤrckſten
#Text=Mann zu Boden werffen kan, ſo bald
#Text=man ihn nur vor die Naſe bringt;
#Text=in-
#Text=ſonderheit, wenn das phlegma recht
#Text=wohl davon gebracht worden, ſo wie
#Text=wir ihn aus Holland bringen laſſen.
6-1	326-329	Aus	_	_	_	
6-2	330-333	dem	_	_	_	
6-3	334-338	Sale	_	_	_	
6-4	339-348	ammoniaco	_	_	_	
6-5	349-353	wird	_	_	_	
6-6	354-357	mit	_	_	_	
6-7	358-373	Weinſteinſaltze	_	_	_	
6-8	373-374	,	_	_	_	
6-9	375-385	lebendigen	_	_	_	
6-10	386-392	Kalche	_	_	_	
6-11	392-393	,	_	_	_	
6-12	394-399	Aſche	_	_	_	
6-13	400-403	von	_	_	_	
6-14	404-412	eichenem	_	_	_	
6-15	413-419	Holtze	_	_	_	
6-16	420-423	ein	_	_	_	
6-17	424-432	fluͤchti	Quality[1]	_	_	
6-18	432-433	-	Quality[1]	_	_	
6-19	435-438	ger	Quality[1]	_	_	
6-20	438-439	,	_	_	_	
6-21	440-444	ſehr	Quality	_	_	
6-22	445-456	ſtinckender	Quality	*	6-21	
6-23	457-460	und	_	_	_	
6-24	461-472	penetranter	Quality	*	6-21	
6-25	473-481	Spiritus	Smell\_Source	_	_	
6-26	481-482	,	_	_	_	
6-27	483-488	durch	_	_	_	
6-28	489-493	eine	_	_	_	
6-29	494-508	wohlverlutirte	_	_	_	
6-30	509-516	Retorte	_	_	_	
6-31	516-517	,	_	_	_	
6-32	518-520	an	_	_	_	
6-33	521-527	welche	_	_	_	
6-34	528-531	ein	_	_	_	
6-35	532-543	gleichfalls	_	_	_	
6-36	544-548	wohl	_	_	_	
6-37	549-560	verlutirter	_	_	_	
6-38	561-568	groſſer	_	_	_	
6-39	569-579	Recipiente	_	_	_	
6-40	580-587	geleget	_	_	_	
6-41	589-595	worden	_	_	_	
6-42	595-596	,	_	_	_	
6-43	597-606	getrieben	_	_	_	
6-44	606-607	,	_	_	_	
6-45	608-611	der	_	_	_	
6-46	612-615	den	_	_	_	
6-47	616-627	ſtaͤrckſten	_	_	_	
6-48	628-632	Mann	_	_	_	
6-49	633-635	zu	_	_	_	
6-50	636-641	Boden	_	_	_	
6-51	642-649	werffen	_	_	_	
6-52	650-653	kan	_	_	_	
6-53	653-654	,	_	_	_	
6-54	655-657	ſo	_	_	_	
6-55	658-662	bald	_	_	_	
6-56	663-666	man	_	_	_	
6-57	667-670	ihn	_	_	_	
6-58	671-674	nur	_	_	_	
6-59	675-678	vor	_	_	_	
6-60	679-682	die	_	_	_	
6-61	683-687	Naſe	_	_	_	
6-62	688-694	bringt	_	_	_	
6-63	694-695	;	_	_	_	
6-64	696-698	in	_	_	_	
6-65	698-699	-	_	_	_	
6-66	700-710	ſonderheit	_	_	_	
6-67	710-711	,	_	_	_	
6-68	712-716	wenn	_	_	_	
6-69	717-720	das	_	_	_	
6-70	721-728	phlegma	_	_	_	
6-71	729-734	recht	_	_	_	
6-72	735-739	wohl	_	_	_	
6-73	740-745	davon	_	_	_	
6-74	746-754	gebracht	_	_	_	
6-75	755-761	worden	_	_	_	
6-76	761-762	,	_	_	_	
6-77	763-765	ſo	_	_	_	
6-78	766-769	wie	_	_	_	
6-79	770-773	wir	_	_	_	
6-80	774-777	ihn	_	_	_	
6-81	778-781	aus	_	_	_	
6-82	782-789	Holland	_	_	_	
6-83	790-797	bringen	_	_	_	
6-84	798-804	laſſen	_	_	_	
6-85	804-805	.	_	_	_	

#Text=Dieſer Spiritus iſt ein trefflich remedium,
#Text=das diejenigen wieder zu ſich ſelbſten
#Text=bringen kan, die vom Schlag, der
#Text=ſchweren Noth und Schlaffſucht betrof-
#Text=fen:
#Text=doch auſſer dieſen hat er noch ſehr
#Text=vielerley andern Nutzen, wie aus des
#Text=Herrn Charras Chymiſcher Apothe-
#Text=ckerkunſt p. 859. zu erſehen, woſelbſt er
#Text=von ſeinen Tugenden weitlaͤufftig han-
#Text=delt, wie auch von allen andern præpa-
#Text=ratis, die aus dem Sale ammoniaco koͤn-
#Text=
#Text=nen gemachet werden, dahin mag der
#Text=Leſer ſeine Zuflucht nehmen, wie nicht
#Text=
#Text=weniger zu andern Buͤchern, die von
#Text=der Chymie geſchrieben worden, z.
7-1	807-813	Dieſer	_	_	_	
7-2	814-822	Spiritus	_	_	_	
7-3	823-826	iſt	_	_	_	
7-4	827-830	ein	_	_	_	
7-5	831-840	trefflich	_	_	_	
7-6	841-849	remedium	_	_	_	
7-7	849-850	,	_	_	_	
7-8	851-854	das	_	_	_	
7-9	855-865	diejenigen	_	_	_	
7-10	866-872	wieder	_	_	_	
7-11	873-875	zu	_	_	_	
7-12	876-880	ſich	_	_	_	
7-13	881-889	ſelbſten	_	_	_	
7-14	890-897	bringen	_	_	_	
7-15	898-901	kan	_	_	_	
7-16	901-902	,	_	_	_	
7-17	903-906	die	_	_	_	
7-18	907-910	vom	_	_	_	
7-19	911-917	Schlag	_	_	_	
7-20	917-918	,	_	_	_	
7-21	919-922	der	_	_	_	
7-22	923-931	ſchweren	_	_	_	
7-23	932-936	Noth	_	_	_	
7-24	937-940	und	_	_	_	
7-25	941-953	Schlaffſucht	_	_	_	
7-26	954-960	betrof	_	_	_	
7-27	960-961	-	_	_	_	
7-28	962-965	fen	_	_	_	
7-29	965-966	:	_	_	_	
7-30	967-971	doch	_	_	_	
7-31	972-978	auſſer	_	_	_	
7-32	979-985	dieſen	_	_	_	
7-33	986-989	hat	_	_	_	
7-34	990-992	er	_	_	_	
7-35	993-997	noch	_	_	_	
7-36	998-1002	ſehr	_	_	_	
7-37	1003-1012	vielerley	_	_	_	
7-38	1013-1019	andern	_	_	_	
7-39	1020-1026	Nutzen	_	_	_	
7-40	1026-1027	,	_	_	_	
7-41	1028-1031	wie	_	_	_	
7-42	1032-1035	aus	_	_	_	
7-43	1036-1039	des	_	_	_	
7-44	1040-1045	Herrn	_	_	_	
7-45	1046-1053	Charras	_	_	_	
7-46	1054-1064	Chymiſcher	_	_	_	
7-47	1065-1071	Apothe	_	_	_	
7-48	1071-1072	-	_	_	_	
7-49	1073-1082	ckerkunſt	_	_	_	
7-50	1083-1084	p	_	_	_	
7-51	1084-1085	.	_	_	_	
7-52	1086-1089	859	_	_	_	
7-53	1089-1090	.	_	_	_	
7-54	1091-1093	zu	_	_	_	
7-55	1094-1101	erſehen	_	_	_	
7-56	1101-1102	,	_	_	_	
7-57	1103-1111	woſelbſt	_	_	_	
7-58	1112-1114	er	_	_	_	
7-59	1115-1118	von	_	_	_	
7-60	1119-1125	ſeinen	_	_	_	
7-61	1126-1134	Tugenden	_	_	_	
7-62	1135-1148	weitlaͤufftig	_	_	_	
7-63	1149-1152	han	_	_	_	
7-64	1152-1153	-	_	_	_	
7-65	1154-1158	delt	_	_	_	
7-66	1158-1159	,	_	_	_	
7-67	1160-1163	wie	_	_	_	
7-68	1164-1168	auch	_	_	_	
7-69	1169-1172	von	_	_	_	
7-70	1173-1178	allen	_	_	_	
7-71	1179-1185	andern	_	_	_	
7-72	1186-1191	præpa	_	_	_	
7-73	1191-1192	-	_	_	_	
7-74	1193-1198	ratis	_	_	_	
7-75	1198-1199	,	_	_	_	
7-76	1200-1203	die	_	_	_	
7-77	1204-1207	aus	_	_	_	
7-78	1208-1211	dem	_	_	_	
7-79	1212-1216	Sale	_	_	_	
7-80	1217-1226	ammoniaco	_	_	_	
7-81	1227-1231	koͤn	_	_	_	
7-82	1231-1232	-	_	_	_	
7-83	1234-1237	nen	_	_	_	
7-84	1238-1246	gemachet	_	_	_	
7-85	1247-1253	werden	_	_	_	
7-86	1253-1254	,	_	_	_	
7-87	1255-1260	dahin	_	_	_	
7-88	1261-1264	mag	_	_	_	
7-89	1265-1268	der	_	_	_	
7-90	1269-1274	Leſer	_	_	_	
7-91	1275-1280	ſeine	_	_	_	
7-92	1281-1289	Zuflucht	_	_	_	
7-93	1290-1296	nehmen	_	_	_	
7-94	1296-1297	,	_	_	_	
7-95	1298-1301	wie	_	_	_	
7-96	1302-1307	nicht	_	_	_	
7-97	1309-1316	weniger	_	_	_	
7-98	1317-1319	zu	_	_	_	
7-99	1320-1326	andern	_	_	_	
7-100	1327-1335	Buͤchern	_	_	_	
7-101	1335-1336	,	_	_	_	
7-102	1337-1340	die	_	_	_	
7-103	1341-1344	von	_	_	_	
7-104	1345-1348	der	_	_	_	
7-105	1349-1355	Chymie	_	_	_	
7-106	1356-1367	geſchrieben	_	_	_	
7-107	1368-1374	worden	_	_	_	
7-108	1374-1375	,	_	_	_	
7-109	1376-1377	z	_	_	_	
7-110	1377-1378	.	_	_	_	

#Text=E.
#Text=von Glaſern/ Lemery und andern.
8-1	1379-1380	E	_	_	_	
8-2	1380-1381	.	_	_	_	
8-3	1382-1385	von	_	_	_	
8-4	1386-1393	Glaſern	_	_	_	
8-5	1393-1394	/	_	_	_	
8-6	1395-1401	Lemery	_	_	_	
8-7	1402-1405	und	_	_	_	
8-8	1406-1412	andern	_	_	_	
8-9	1412-1413	.	_	_	_	

#Text=Vom ſauern Salmiacgeiſt.
9-1	1418-1421	Vom	_	_	_	
9-2	1422-1428	ſauern	_	_	_	
9-3	1429-1441	Salmiacgeiſt	_	_	_	
9-4	1441-1442	.	_	_	_	

#Text=Aus dem Salmiac wird mit Bolus
#Text=ein ſaurer Spiritus uͤber den Helm gezo-
#Text=gen, welcher eines der ſtaͤrckſten diſſol-
#Text=ventium und aufloͤſender Dinge iſt, die
#Text=wir haben;
#Text=denn er dienet nicht allein
#Text=Gold und andere Metalle
10-1	1444-1447	Aus	_	_	_	
10-2	1448-1451	dem	_	_	_	
10-3	1452-1459	Salmiac	_	_	_	
10-4	1460-1464	wird	_	_	_	
10-5	1465-1468	mit	_	_	_	
10-6	1469-1474	Bolus	_	_	_	
10-7	1475-1478	ein	_	_	_	
10-8	1479-1485	ſaurer	_	_	_	
10-9	1486-1494	Spiritus	_	_	_	
10-10	1495-1500	uͤber	_	_	_	
10-11	1501-1504	den	_	_	_	
10-12	1505-1509	Helm	_	_	_	
10-13	1510-1514	gezo	_	_	_	
10-14	1514-1515	-	_	_	_	
10-15	1516-1519	gen	_	_	_	
10-16	1519-1520	,	_	_	_	
10-17	1521-1528	welcher	_	_	_	
10-18	1529-1534	eines	_	_	_	
10-19	1535-1538	der	_	_	_	
10-20	1539-1550	ſtaͤrckſten	_	_	_	
10-21	1551-1557	diſſol	_	_	_	
10-22	1557-1558	-	_	_	_	
10-23	1559-1566	ventium	_	_	_	
10-24	1567-1570	und	_	_	_	
10-25	1571-1583	aufloͤſender	_	_	_	
10-26	1584-1589	Dinge	_	_	_	
10-27	1590-1593	iſt	_	_	_	
10-28	1593-1594	,	_	_	_	
10-29	1595-1598	die	_	_	_	
10-30	1599-1602	wir	_	_	_	
10-31	1603-1608	haben	_	_	_	
10-32	1608-1609	;	_	_	_	
10-33	1610-1614	denn	_	_	_	
10-34	1615-1617	er	_	_	_	
10-35	1618-1624	dienet	_	_	_	
10-36	1625-1630	nicht	_	_	_	
10-37	1631-1637	allein	_	_	_	
10-38	1638-1642	Gold	_	_	_	
10-39	1643-1646	und	_	_	_	
10-40	1647-1653	andere	_	_	_	
10-41	1654-1661	Metalle	_	_	_	
