#FORMAT=WebAnno TSV 3.3
#T_SP=custom.Span|label
#T_RL=custom.Relation|label|BT_custom.Span


#Text=POVR DONNER DONC fondement a mon discours, ie mectray en auant ce que ie treuue au
#Text=liure desCanticques, qui est vn spirituel dialogue de l'amy & de l'amie ensemble; j'entens de Iesuchrist , &
#Text=de son eglisce, la ou, entre aultres propoz, l'amy compare l'amie entre les animaux a la corombe; entre les plantes au lis ; & entre les odeurs au parfum faict de myrre & d'encens.
1-1	0-4	POVR	_	_	_	
1-2	5-11	DONNER	_	_	_	
1-3	12-16	DONC	_	_	_	
1-4	17-26	fondement	_	_	_	
1-5	27-28	a	_	_	_	
1-6	29-32	mon	_	_	_	
1-7	33-41	discours	_	_	_	
1-8	41-42	,	_	_	_	
1-9	43-45	ie	_	_	_	
1-10	46-53	mectray	_	_	_	
1-11	54-56	en	_	_	_	
1-12	57-62	auant	_	_	_	
1-13	63-65	ce	_	_	_	
1-14	66-69	que	_	_	_	
1-15	70-72	ie	_	_	_	
1-16	73-79	treuue	_	_	_	
1-17	80-82	au	_	_	_	
1-18	83-88	liure	_	_	_	
1-19	89-102	desCanticques	_	_	_	
1-20	102-103	,	_	_	_	
1-21	104-107	qui	_	_	_	
1-22	108-111	est	_	_	_	
1-23	112-114	vn	_	_	_	
1-24	115-124	spirituel	_	_	_	
1-25	125-133	dialogue	_	_	_	
1-26	134-136	de	_	_	_	
1-27	137-142	l'amy	_	_	_	
1-28	143-144	&	_	_	_	
1-29	145-147	de	_	_	_	
1-30	148-154	l'amie	_	_	_	
1-31	155-163	ensemble	_	_	_	
1-32	163-164	;	_	_	_	
1-33	165-173	j'entens	_	_	_	
1-34	174-176	de	_	_	_	
1-35	177-187	Iesuchrist	Smell\_Source	_	_	
1-36	188-189	,	_	_	_	
1-37	190-191	&	_	_	_	
1-38	192-194	de	_	_	_	
1-39	195-198	son	_	_	_	
1-40	199-206	eglisce	_	_	_	
1-41	206-207	,	_	_	_	
1-42	208-210	la	_	_	_	
1-43	211-213	ou	_	_	_	
1-44	213-214	,	_	_	_	
1-45	215-220	entre	_	_	_	
1-46	221-228	aultres	_	_	_	
1-47	229-235	propoz	_	_	_	
1-48	235-236	,	_	_	_	
1-49	237-242	l'amy	_	_	_	
1-50	243-250	compare	_	_	_	
1-51	251-257	l'amie	_	_	_	
1-52	258-263	entre	_	_	_	
1-53	264-267	les	_	_	_	
1-54	268-275	animaux	_	_	_	
1-55	276-277	a	_	_	_	
1-56	278-280	la	_	_	_	
1-57	281-288	corombe	_	_	_	
1-58	288-289	;	_	_	_	
1-59	290-295	entre	_	_	_	
1-60	296-299	les	_	_	_	
1-61	300-307	plantes	_	_	_	
1-62	308-310	au	_	_	_	
1-63	311-314	lis	_	_	_	
1-64	315-316	;	_	_	_	
1-65	317-318	&	_	_	_	
1-66	319-324	entre	_	_	_	
1-67	325-328	les	_	_	_	
1-68	329-335	odeurs	Smell\_Word	_	_	
1-69	336-338	au	_	_	_	
1-70	339-345	parfum	Smell\_Word	*|*|*	1-73|1-75|1-35	
1-71	346-351	faict	_	_	_	
1-72	352-354	de	_	_	_	
1-73	355-360	myrre	Evoked\_Odorant	_	_	
1-74	361-362	&	_	_	_	
1-75	363-371	d'encens	Evoked\_Odorant	_	_	
1-76	371-372	.	_	_	_	

#Text=Par ou l'espoux Iesuchrist monstre recognoistre trois singulieres perfections en sa chere efpouze; la simpliçité par le nom de la colombe, la pureté & chasteté, par le lis blanc & net; & la deuotion & exemplarité par le parfum.
2-1	373-376	Par	_	_	_	
2-2	377-379	ou	_	_	_	
2-3	380-388	l'espoux	_	_	_	
2-4	389-399	Iesuchrist	_	_	_	
2-5	400-407	monstre	_	_	_	
2-6	408-420	recognoistre	_	_	_	
2-7	421-426	trois	_	_	_	
2-8	427-438	singulieres	_	_	_	
2-9	439-450	perfections	_	_	_	
2-10	451-453	en	_	_	_	
2-11	454-456	sa	_	_	_	
2-12	457-462	chere	_	_	_	
2-13	463-470	efpouze	_	_	_	
2-14	470-471	;	_	_	_	
2-15	472-474	la	_	_	_	
2-16	475-485	simpliçité	_	_	_	
2-17	486-489	par	_	_	_	
2-18	490-492	le	_	_	_	
2-19	493-496	nom	_	_	_	
2-20	497-499	de	_	_	_	
2-21	500-502	la	_	_	_	
2-22	503-510	colombe	_	_	_	
2-23	510-511	,	_	_	_	
2-24	512-514	la	_	_	_	
2-25	515-521	pureté	_	_	_	
2-26	522-523	&	_	_	_	
2-27	524-532	chasteté	_	_	_	
2-28	532-533	,	_	_	_	
2-29	534-537	par	_	_	_	
2-30	538-540	le	_	_	_	
2-31	541-544	lis	_	_	_	
2-32	545-550	blanc	_	_	_	
2-33	551-552	&	_	_	_	
2-34	553-556	net	_	_	_	
2-35	556-557	;	_	_	_	
2-36	558-559	&	_	_	_	
2-37	560-562	la	_	_	_	
2-38	563-571	deuotion	Smell\_Source	_	_	
2-39	572-573	&	_	_	_	
2-40	574-585	exemplarité	Smell\_Source	_	_	
2-41	586-589	par	_	_	_	
2-42	590-592	le	_	_	_	
2-43	593-599	parfum	Smell\_Word	*|*	2-38|2-40	
2-44	599-600	.	_	_	_	

#Text=Lesquelles vertuz & perfectios, bien qu'elles se retreuuent radicalement & entierement en l'eglise , qui est la vraye vnicque colombe, le seul lis entre les espines, le seul parfum entre les odeurs, pour parler proprement ; toutesfois ces mesmes perfections par participation ce communnicquent aux membres & parties d'icelle; c'est a dire, aux ames eleuës & fideles & qui vrayement, & par election diuint, & participation de grace, font du corps de Iesuchrist, & appartiennent a son eipouze, comme sa
#Text=chair, & son sang.
3-1	601-611	Lesquelles	_	_	_	
3-2	612-618	vertuz	_	_	_	
3-3	619-620	&	_	_	_	
3-4	621-631	perfectios	_	_	_	
3-5	631-632	,	_	_	_	
3-6	633-637	bien	_	_	_	
3-7	638-646	qu'elles	_	_	_	
3-8	647-649	se	_	_	_	
3-9	650-660	retreuuent	_	_	_	
3-10	661-673	radicalement	_	_	_	
3-11	674-675	&	_	_	_	
3-12	676-687	entierement	_	_	_	
3-13	688-690	en	_	_	_	
3-14	691-699	l'eglise	_	_	_	
3-15	700-701	,	_	_	_	
3-16	702-705	qui	_	_	_	
3-17	706-709	est	_	_	_	
3-18	710-712	la	_	_	_	
3-19	713-718	vraye	_	_	_	
3-20	719-726	vnicque	_	_	_	
3-21	727-734	colombe	_	_	_	
3-22	734-735	,	_	_	_	
3-23	736-738	le	_	_	_	
3-24	739-743	seul	_	_	_	
3-25	744-747	lis	_	_	_	
3-26	748-753	entre	_	_	_	
3-27	754-757	les	_	_	_	
3-28	758-765	espines	_	_	_	
3-29	765-766	,	_	_	_	
3-30	767-769	le	_	_	_	
3-31	770-774	seul	_	_	_	
3-32	775-781	parfum	Smell\_Word	_	_	
3-33	782-787	entre	_	_	_	
3-34	788-791	les	_	_	_	
3-35	792-798	odeurs	Smell\_Word	_	_	
3-36	798-799	,	_	_	_	
3-37	800-804	pour	_	_	_	
3-38	805-811	parler	_	_	_	
3-39	812-822	proprement	_	_	_	
3-40	823-824	;	_	_	_	
3-41	825-835	toutesfois	_	_	_	
3-42	836-839	ces	_	_	_	
3-43	840-846	mesmes	_	_	_	
3-44	847-858	perfections	_	_	_	
3-45	859-862	par	_	_	_	
3-46	863-876	participation	_	_	_	
3-47	877-879	ce	_	_	_	
3-48	880-894	communnicquent	_	_	_	
3-49	895-898	aux	_	_	_	
3-50	899-906	membres	_	_	_	
3-51	907-908	&	_	_	_	
3-52	909-916	parties	_	_	_	
3-53	917-925	d'icelle	_	_	_	
3-54	925-926	;	_	_	_	
3-55	927-932	c'est	_	_	_	
3-56	933-934	a	_	_	_	
3-57	935-939	dire	_	_	_	
3-58	939-940	,	_	_	_	
3-59	941-944	aux	_	_	_	
3-60	945-949	ames	_	_	_	
3-61	950-956	eleuës	_	_	_	
3-62	957-958	&	_	_	_	
3-63	959-966	fideles	_	_	_	
3-64	967-968	&	_	_	_	
3-65	969-972	qui	_	_	_	
3-66	973-982	vrayement	_	_	_	
3-67	982-983	,	_	_	_	
3-68	984-985	&	_	_	_	
3-69	986-989	par	_	_	_	
3-70	990-998	election	_	_	_	
3-71	999-1005	diuint	_	_	_	
3-72	1005-1006	,	_	_	_	
3-73	1007-1008	&	_	_	_	
3-74	1009-1022	participation	_	_	_	
3-75	1023-1025	de	_	_	_	
3-76	1026-1031	grace	_	_	_	
3-77	1031-1032	,	_	_	_	
3-78	1033-1037	font	_	_	_	
3-79	1038-1040	du	_	_	_	
3-80	1041-1046	corps	_	_	_	
3-81	1047-1049	de	_	_	_	
3-82	1050-1060	Iesuchrist	_	_	_	
3-83	1060-1061	,	_	_	_	
3-84	1062-1063	&	_	_	_	
3-85	1064-1077	appartiennent	_	_	_	
3-86	1078-1079	a	_	_	_	
3-87	1080-1083	son	_	_	_	
3-88	1084-1091	eipouze	_	_	_	
3-89	1091-1092	,	_	_	_	
3-90	1093-1098	comme	_	_	_	
3-91	1099-1101	sa	_	_	_	
3-92	1102-1107	chair	_	_	_	
3-93	1107-1108	,	_	_	_	
3-94	1109-1110	&	_	_	_	
3-95	1111-1114	son	_	_	_	
3-96	1115-1119	sang	_	_	_	
3-97	1119-1120	.	_	_	_	
