#FORMAT=WebAnno TSV 3.3


#Text=pusculorum emiffionem a corpore lucido, docent quidem plures Phylicijali tamen, ut Cartelius, Malebranchius, Huygenius &c. mocum quendam in lucidis particulis concipiunt a corpore lucido iifdem imprellum, propter quem illæ fcoracionem procreeat in organo visus: neutra ex his featenciis suis caret difficultatibus; mihi licear interea secundam adoptare, fi non ut veram, faltem ut verosimilem, qua tantum utar ad clariorem meæ de odoribus theoriæ explicationem,
#Text=
#Text=IX.
1-1	2-12	pusculorum	
1-2	13-23	emiffionem	
1-3	24-25	a	
1-4	26-33	corpore	
1-5	34-40	lucido	
1-6	40-41	,	
1-7	42-48	docent	
1-8	49-55	quidem	
1-9	56-62	plures	
1-10	63-74	Phylicijali	
1-11	75-80	tamen	
1-12	80-81	,	
1-13	82-84	ut	
1-14	85-94	Cartelius	
1-15	94-95	,	
1-16	96-109	Malebranchius	
1-17	109-110	,	
1-18	111-120	Huygenius	
1-19	121-122	&	
1-20	122-123	c	
1-21	123-124	.	
1-22	125-130	mocum	
1-23	131-138	quendam	
1-24	139-141	in	
1-25	142-149	lucidis	
1-26	150-160	particulis	
1-27	161-171	concipiunt	
1-28	172-173	a	
1-29	174-181	corpore	
1-30	182-188	lucido	
1-31	189-195	iifdem	
1-32	196-205	imprellum	
1-33	205-206	,	
1-34	207-214	propter	
1-35	215-219	quem	
1-36	220-224	illæ	
1-37	225-236	fcoracionem	
1-38	237-246	procreeat	
1-39	247-249	in	
1-40	250-256	organo	
1-41	257-262	visus	
1-42	262-263	:	
1-43	264-270	neutra	
1-44	271-273	ex	
1-45	274-277	his	
1-46	278-288	featenciis	
1-47	289-293	suis	
1-48	294-299	caret	
1-49	300-315	difficultatibus	
1-50	315-316	;	
1-51	317-321	mihi	
1-52	322-328	licear	
1-53	329-336	interea	
1-54	337-345	secundam	
1-55	346-354	adoptare	
1-56	354-355	,	
1-57	356-358	fi	
1-58	359-362	non	
1-59	363-365	ut	
1-60	366-371	veram	
1-61	371-372	,	
1-62	373-379	faltem	
1-63	380-382	ut	
1-64	383-394	verosimilem	
1-65	394-395	,	
1-66	396-399	qua	
1-67	400-406	tantum	
1-68	407-411	utar	
1-69	412-414	ad	
1-70	415-424	clariorem	
1-71	425-428	meæ	
1-72	429-431	de	
1-73	432-440	odoribus	
1-74	441-448	theoriæ	
1-75	449-462	explicationem	
1-76	462-463	,	
1-77	465-467	IX	
1-78	467-468	.	

#Text=His
#Text=
#Text=
#Text=
#Text=
#Text=
#Text=IX, His animadversis, odores cadem ratione generari concipio, ac
#Text=
#Text=fiat fonus, vel lux, ut in fecunda, ae tertia pofitione ; a corpore nimirum odorifero morus communicatur particulis certi generis per acrem disperfis, qux per primam pofitionem nunquam ia acre desunt; hujusmodi vero particule certo motu agratz ex varia odoriferi corporis natura fuo appulsu ad olfactus organum sensationem in eodem excitane.
2-1	469-472	His	
2-2	478-480	IX	
2-3	480-481	,	
2-4	482-485	His	
2-5	486-498	animadversis	
2-6	498-499	,	
2-7	500-506	odores	
2-8	507-512	cadem	
2-9	513-520	ratione	
2-10	521-529	generari	
2-11	530-538	concipio	
2-12	538-539	,	
2-13	540-542	ac	
2-14	544-548	fiat	
2-15	549-554	fonus	
2-16	554-555	,	
2-17	556-559	vel	
2-18	560-563	lux	
2-19	563-564	,	
2-20	565-567	ut	
2-21	568-570	in	
2-22	571-578	fecunda	
2-23	578-579	,	
2-24	580-582	ae	
2-25	583-589	tertia	
2-26	590-599	pofitione	
2-27	600-601	;	
2-28	602-603	a	
2-29	604-611	corpore	
2-30	612-619	nimirum	
2-31	620-629	odorifero	
2-32	630-635	morus	
2-33	636-648	communicatur	
2-34	649-659	particulis	
2-35	660-665	certi	
2-36	666-673	generis	
2-37	674-677	per	
2-38	678-683	acrem	
2-39	684-693	disperfis	
2-40	693-694	,	
2-41	695-698	qux	
2-42	699-702	per	
2-43	703-709	primam	
2-44	710-720	pofitionem	
2-45	721-728	nunquam	
2-46	729-731	ia	
2-47	732-736	acre	
2-48	737-743	desunt	
2-49	743-744	;	
2-50	745-754	hujusmodi	
2-51	755-759	vero	
2-52	760-769	particule	
2-53	770-775	certo	
2-54	776-780	motu	
2-55	781-787	agratz	
2-56	788-790	ex	
2-57	791-796	varia	
2-58	797-806	odoriferi	
2-59	807-815	corporis	
2-60	816-822	natura	
2-61	823-826	fuo	
2-62	827-834	appulsu	
2-63	835-837	ad	
2-64	838-846	olfactus	
2-65	847-854	organum	
2-66	855-866	sensationem	
2-67	867-869	in	
2-68	870-875	eodem	
2-69	876-884	excitane	
2-70	884-885	.	

#Text=Difficultatem, quam supra innuimus de insengbili ponderis decremeato in communi fententia post emiffionem magnæ particularum copiæ, hic evitari, nemo sane non videt; illud igitur unice superett, ut reliqua ad odores fpectantia expilicem ; animus tamen non eft omnia Gngillatim perfequi, fed quædam præcipua tantum delibare, ex quibus reli
#Text=
#Text=qua suo marte quilibet erucre poflic.
3-1	886-899	Difficultatem	
3-2	899-900	,	
3-3	901-905	quam	
3-4	906-911	supra	
3-5	912-920	innuimus	
3-6	921-923	de	
3-7	924-934	insengbili	
3-8	935-943	ponderis	
3-9	944-954	decremeato	
3-10	955-957	in	
3-11	958-965	communi	
3-12	966-975	fententia	
3-13	976-980	post	
3-14	981-991	emiffionem	
3-15	992-997	magnæ	
3-16	998-1010	particularum	
3-17	1011-1016	copiæ	
3-18	1016-1017	,	
3-19	1018-1021	hic	
3-20	1022-1029	evitari	
3-21	1029-1030	,	
3-22	1031-1035	nemo	
3-23	1036-1040	sane	
3-24	1041-1044	non	
3-25	1045-1050	videt	
3-26	1050-1051	;	
3-27	1052-1057	illud	
3-28	1058-1064	igitur	
3-29	1065-1070	unice	
3-30	1071-1079	superett	
3-31	1079-1080	,	
3-32	1081-1083	ut	
3-33	1084-1091	reliqua	
3-34	1092-1094	ad	
3-35	1095-1101	odores	
3-36	1102-1112	fpectantia	
3-37	1113-1122	expilicem	
3-38	1123-1124	;	
3-39	1125-1131	animus	
3-40	1132-1137	tamen	
3-41	1138-1141	non	
3-42	1142-1145	eft	
3-43	1146-1151	omnia	
3-44	1152-1162	Gngillatim	
3-45	1163-1171	perfequi	
3-46	1171-1172	,	
3-47	1173-1176	fed	
3-48	1177-1183	quædam	
3-49	1184-1192	præcipua	
3-50	1193-1199	tantum	
3-51	1200-1208	delibare	
3-52	1208-1209	,	
3-53	1210-1212	ex	
3-54	1213-1219	quibus	
3-55	1220-1224	reli	
3-56	1226-1229	qua	
3-57	1230-1233	suo	
3-58	1234-1239	marte	
3-59	1240-1248	quilibet	
3-60	1249-1255	erucre	
3-61	1256-1262	poflic	
3-62	1262-1263	.	

#Text=X.
4-1	1264-1265	X	
4-2	1265-1266	.	

#Text=Eç primo quidem motus odoriferi corporis eft in minimis
#Text=
#Text=ejusdem particulis, qui comparari poteft motui corporis lucidi, & maximc carbonis accenfi , cujus partes infenfibili motu moventur , a quo morus producitur in materia lucida per aerem dispersa : cadem ratione insensibiles corporis odoriferi particulæ motu quodam agitantur, qui particulis certi generis peo aerem communicatur, donec ad olfactus organum perveniat.
5-1	1267-1269	Eç	
5-2	1270-1275	primo	
5-3	1276-1282	quidem	
5-4	1283-1288	motus	
5-5	1289-1298	odoriferi	
5-6	1299-1307	corporis	
5-7	1308-1311	eft	
5-8	1312-1314	in	
5-9	1315-1322	minimis	
5-10	1324-1331	ejusdem	
5-11	1332-1342	particulis	
5-12	1342-1343	,	
5-13	1344-1347	qui	
5-14	1348-1357	comparari	
5-15	1358-1364	poteft	
5-16	1365-1370	motui	
5-17	1371-1379	corporis	
5-18	1380-1386	lucidi	
5-19	1386-1387	,	
5-20	1388-1389	&	
5-21	1390-1396	maximc	
5-22	1397-1405	carbonis	
5-23	1406-1413	accenfi	
5-24	1414-1415	,	
5-25	1416-1421	cujus	
5-26	1422-1428	partes	
5-27	1429-1440	infenfibili	
5-28	1441-1445	motu	
5-29	1446-1454	moventur	
5-30	1455-1456	,	
5-31	1457-1458	a	
5-32	1459-1462	quo	
5-33	1463-1468	morus	
5-34	1469-1479	producitur	
5-35	1480-1482	in	
5-36	1483-1490	materia	
5-37	1491-1497	lucida	
5-38	1498-1501	per	
5-39	1502-1507	aerem	
5-40	1508-1516	dispersa	
5-41	1517-1518	:	
5-42	1519-1524	cadem	
5-43	1525-1532	ratione	
5-44	1533-1545	insensibiles	
5-45	1546-1554	corporis	
5-46	1555-1564	odoriferi	
5-47	1565-1574	particulæ	
5-48	1575-1579	motu	
5-49	1580-1586	quodam	
5-50	1587-1596	agitantur	
5-51	1596-1597	,	
5-52	1598-1601	qui	
5-53	1602-1612	particulis	
5-54	1613-1618	certi	
5-55	1619-1626	generis	
5-56	1627-1630	peo	
5-57	1631-1636	aerem	
5-58	1637-1649	communicatur	
5-59	1649-1650	,	
5-60	1651-1656	donec	
5-61	1657-1659	ad	
5-62	1660-1668	olfactus	
5-63	1669-1676	organum	
5-64	1677-1686	perveniat	
5-65	1686-1687	.	

#Text=Nequc difficile eft motus causam in inf-ofibilibus corporis odoriferi particulis assignare : primo enim intestina quxdam pugna ia minimis particulis corporis odoriferi motum procreare pa.
#Text=teft, a quo particulæ odoræ agitentur ; deinde motus iplius aeris, vel alterius materiæ subtilioris hunc motum particulis odașis tribuere poteft, aer enim nunquam omnino quiescit.
6-1	1688-1693	Nequc	
6-2	1694-1703	difficile	
6-3	1704-1707	eft	
6-4	1708-1713	motus	
6-5	1714-1720	causam	
6-6	1721-1723	in	
6-7	1724-1738	inf-ofibilibus	
6-8	1739-1747	corporis	
6-9	1748-1757	odoriferi	
6-10	1758-1768	particulis	
6-11	1769-1778	assignare	
6-12	1779-1780	:	
6-13	1781-1786	primo	
6-14	1787-1791	enim	
6-15	1792-1801	intestina	
6-16	1802-1808	quxdam	
6-17	1809-1814	pugna	
6-18	1815-1817	ia	
6-19	1818-1825	minimis	
6-20	1826-1836	particulis	
6-21	1837-1845	corporis	
6-22	1846-1855	odoriferi	
6-23	1856-1861	motum	
6-24	1862-1871	procreare	
6-25	1872-1874	pa	
6-26	1874-1875	.	
6-27	1876-1880	teft	
6-28	1880-1881	,	
6-29	1882-1883	a	
6-30	1884-1887	quo	
6-31	1888-1897	particulæ	
6-32	1898-1903	odoræ	
6-33	1904-1913	agitentur	
6-34	1914-1915	;	
6-35	1916-1922	deinde	
6-36	1923-1928	motus	
6-37	1929-1935	iplius	
6-38	1936-1941	aeris	
6-39	1941-1942	,	
6-40	1943-1946	vel	
6-41	1947-1955	alterius	
6-42	1956-1963	materiæ	
6-43	1964-1975	subtilioris	
6-44	1976-1980	hunc	
6-45	1981-1986	motum	
6-46	1987-1997	particulis	
6-47	1998-2004	odașis	
6-48	2005-2013	tribuere	
6-49	2014-2020	poteft	
6-50	2020-2021	,	
6-51	2022-2025	aer	
6-52	2026-2030	enim	
6-53	2031-2038	nunquam	
6-54	2039-2045	omnino	
6-55	2046-2054	quiescit	
6-56	2054-2055	.	

#Text=Infirmæ quidem sung hujusmodi caufæ, adeoque non nifi mo, tum valde cenuem procreare pollunt; ideo ut S. 111. vidimus, macerix odorę motus elt valdc lentus, & nih adjuverut a motu acris impressionem nullam efficere poteft, vel satis tenuem; quare cum motus liç tardillimus, caula valida non requiritur.
#Text=lo hoc noftra de odoribus theoria præstac alteri de luce: cum enim lucis, propagatio fic celerrima, validiilimanı causam requirir, que non fatis facile excogitari pocelt; ar hic obyiam, ac patentem caufam habemus, qux fatis.
#Text=superque est ad lentam propagacionem efficiendam.
7-1	2056-2063	Infirmæ	
7-2	2064-2070	quidem	
7-3	2071-2075	sung	
7-4	2076-2085	hujusmodi	
7-5	2086-2091	caufæ	
7-6	2091-2092	,	
7-7	2093-2100	adeoque	
7-8	2101-2104	non	
7-9	2105-2109	nifi	
7-10	2110-2112	mo	
7-11	2112-2113	,	
7-12	2114-2117	tum	
7-13	2118-2123	valde	
7-14	2124-2130	cenuem	
7-15	2131-2140	procreare	
7-16	2141-2148	pollunt	
7-17	2148-2149	;	
7-18	2150-2154	ideo	
7-19	2155-2157	ut	
7-20	2158-2159	S	
7-21	2159-2160	.	
7-22	2161-2164	111	
7-23	2164-2165	.	
7-24	2166-2173	vidimus	
7-25	2173-2174	,	
7-26	2175-2182	macerix	
7-27	2183-2188	odorę	
7-28	2189-2194	motus	
7-29	2195-2198	elt	
7-30	2199-2204	valdc	
7-31	2205-2211	lentus	
7-32	2211-2212	,	
7-33	2213-2214	&	
7-34	2215-2218	nih	
7-35	2219-2228	adjuverut	
7-36	2229-2230	a	
7-37	2231-2235	motu	
7-38	2236-2241	acris	
7-39	2242-2254	impressionem	
7-40	2255-2261	nullam	
7-41	2262-2270	efficere	
7-42	2271-2277	poteft	
7-43	2277-2278	,	
7-44	2279-2282	vel	
7-45	2283-2288	satis	
7-46	2289-2295	tenuem	
7-47	2295-2296	;	
7-48	2297-2302	quare	
7-49	2303-2306	cum	
7-50	2307-2312	motus	
7-51	2313-2316	liç	
7-52	2317-2328	tardillimus	
7-53	2328-2329	,	
7-54	2330-2335	caula	
7-55	2336-2342	valida	
7-56	2343-2346	non	
7-57	2347-2357	requiritur	
7-58	2357-2358	.	
7-59	2359-2361	lo	
7-60	2362-2365	hoc	
7-61	2366-2372	noftra	
7-62	2373-2375	de	
7-63	2376-2384	odoribus	
7-64	2385-2392	theoria	
7-65	2393-2400	præstac	
7-66	2401-2407	alteri	
7-67	2408-2410	de	
7-68	2411-2415	luce	
7-69	2415-2416	:	
7-70	2417-2420	cum	
7-71	2421-2425	enim	
7-72	2426-2431	lucis	
7-73	2431-2432	,	
7-74	2433-2443	propagatio	
7-75	2444-2447	fic	
7-76	2448-2457	celerrima	
7-77	2457-2458	,	
7-78	2459-2472	validiilimanı	
7-79	2473-2479	causam	
7-80	2480-2488	requirir	
7-81	2488-2489	,	
7-82	2490-2493	que	
7-83	2494-2497	non	
7-84	2498-2503	fatis	
7-85	2504-2510	facile	
7-86	2511-2521	excogitari	
7-87	2522-2528	pocelt	
7-88	2528-2529	;	
7-89	2530-2532	ar	
7-90	2533-2536	hic	
7-91	2537-2543	obyiam	
7-92	2543-2544	,	
7-93	2545-2547	ac	
7-94	2548-2556	patentem	
7-95	2557-2563	caufam	
7-96	2564-2571	habemus	
7-97	2571-2572	,	
7-98	2573-2576	qux	
7-99	2577-2582	fatis	
7-100	2582-2583	.	
7-101	2584-2592	superque	
7-102	2593-2596	est	
7-103	2597-2599	ad	
7-104	2600-2606	lentam	
7-105	2607-2620	propagacionem	
7-106	2621-2632	efficiendam	
7-107	2632-2633	.	

#Text=XI.
8-1	2634-2636	XI	
8-2	2636-2637	.	

#Text=Corpora odorifera suo odore inficiunt alia, quibus sunt pros xima, vel quibus confrıcantur, eaque corpora ad plurimum tem
#Text=
#Text=pus
#Text=
#Text=
#Text=
#Text=
#Text=
#Text=pus odorem fervaot.
9-1	2638-2645	Corpora	
9-2	2646-2655	odorifera	
9-3	2656-2659	suo	
9-4	2660-2665	odore	
9-5	2666-2675	inficiunt	
9-6	2676-2680	alia	
9-7	2680-2681	,	
9-8	2682-2688	quibus	
9-9	2689-2693	sunt	
9-10	2694-2698	pros	
9-11	2699-2703	xima	
9-12	2703-2704	,	
9-13	2705-2708	vel	
9-14	2709-2715	quibus	
9-15	2716-2728	confrıcantur	
9-16	2728-2729	,	
9-17	2730-2735	eaque	
9-18	2736-2743	corpora	
9-19	2744-2746	ad	
9-20	2747-2755	plurimum	
9-21	2756-2759	tem	
9-22	2761-2764	pus	
9-23	2770-2773	pus	
9-24	2774-2780	odorem	
9-25	2781-2788	fervaot	
9-26	2788-2789	.	

#Text=Licet odorem eo pacto, quo dixi, explicem, aoimus tamen non est omnia efAuvia negandi, cum corum lacis certa habcamus indicia, ncque huic theorix adversentur: particulæ igitur aliqux corporis odoriferi ab eodem exhalacæ aliis cor.
#Text=poribus adhærent, maxime G iisdem affricentur ; illæ proinde ab iisdem caulis agitatx odorem emittere pollunt, scuti reliqua odorifera corpora : ita videmus, scintillas ex combuftis lignis avolantes, aliisque corporibus adhærentes lumen emittere, codem enim modo agitantur, ac antes : quod G scintillä сito percunt, non ita vero particulz odorę in causa elt, quia in scintillis vehementissima est causa propagationis lucis, quæ facile cellat, tum propter exiguam materix copiam, cum propter ipfius materie dillolutionem ab igne productam; non ita le res habet in odoribus, cum, enim motus in particulis odoris fit lentissimus, causa satis exigua sufficicns ett ad eum motum continuandum ; illa igitur diucissime durare poteit, & motum continuando odorem ad longissimum
#Text=
#Text=tempus conservare.
10-1	2790-2795	Licet	
10-2	2796-2802	odorem	
10-3	2803-2805	eo	
10-4	2806-2811	pacto	
10-5	2811-2812	,	
10-6	2813-2816	quo	
10-7	2817-2821	dixi	
10-8	2821-2822	,	
10-9	2823-2831	explicem	
10-10	2831-2832	,	
10-11	2833-2839	aoimus	
10-12	2840-2845	tamen	
10-13	2846-2849	non	
10-14	2850-2853	est	
10-15	2854-2859	omnia	
10-16	2860-2867	efAuvia	
10-17	2868-2875	negandi	
10-18	2875-2876	,	
10-19	2877-2880	cum	
10-20	2881-2886	corum	
10-21	2887-2892	lacis	
10-22	2893-2898	certa	
10-23	2899-2907	habcamus	
10-24	2908-2915	indicia	
10-25	2915-2916	,	
10-26	2917-2922	ncque	
10-27	2923-2927	huic	
10-28	2928-2935	theorix	
10-29	2936-2947	adversentur	
10-30	2947-2948	:	
10-31	2949-2958	particulæ	
10-32	2959-2965	igitur	
10-33	2966-2972	aliqux	
10-34	2973-2981	corporis	
10-35	2982-2991	odoriferi	
10-36	2992-2994	ab	
10-37	2995-3000	eodem	
10-38	3001-3009	exhalacæ	
10-39	3010-3015	aliis	
10-40	3016-3019	cor	
10-41	3019-3020	.	
10-42	3021-3028	poribus	
10-43	3029-3037	adhærent	
10-44	3037-3038	,	
10-45	3039-3045	maxime	
10-46	3046-3047	G	
10-47	3048-3054	iisdem	
10-48	3055-3066	affricentur	
10-49	3067-3068	;	
10-50	3069-3073	illæ	
10-51	3074-3081	proinde	
10-52	3082-3084	ab	
10-53	3085-3091	iisdem	
10-54	3092-3098	caulis	
10-55	3099-3106	agitatx	
10-56	3107-3113	odorem	
10-57	3114-3122	emittere	
10-58	3123-3130	pollunt	
10-59	3130-3131	,	
10-60	3132-3137	scuti	
10-61	3138-3145	reliqua	
10-62	3146-3155	odorifera	
10-63	3156-3163	corpora	
10-64	3164-3165	:	
10-65	3166-3169	ita	
10-66	3170-3177	videmus	
10-67	3177-3178	,	
10-68	3179-3189	scintillas	
10-69	3190-3192	ex	
10-70	3193-3202	combuftis	
10-71	3203-3209	lignis	
10-72	3210-3219	avolantes	
10-73	3219-3220	,	
10-74	3221-3229	aliisque	
10-75	3230-3240	corporibus	
10-76	3241-3251	adhærentes	
10-77	3252-3257	lumen	
10-78	3258-3266	emittere	
10-79	3266-3267	,	
10-80	3268-3273	codem	
10-81	3274-3278	enim	
10-82	3279-3283	modo	
10-83	3284-3293	agitantur	
10-84	3293-3294	,	
10-85	3295-3297	ac	
10-86	3298-3303	antes	
10-87	3304-3305	:	
10-88	3306-3310	quod	
10-89	3311-3312	G	
10-90	3313-3322	scintillä	
10-91	3323-3327	сito	
10-92	3328-3335	percunt	
10-93	3335-3336	,	
10-94	3337-3340	non	
10-95	3341-3344	ita	
10-96	3345-3349	vero	
10-97	3350-3359	particulz	
10-98	3360-3365	odorę	
10-99	3366-3368	in	
10-100	3369-3374	causa	
10-101	3375-3378	elt	
10-102	3378-3379	,	
10-103	3380-3384	quia	
10-104	3385-3387	in	
10-105	3388-3398	scintillis	
10-106	3399-3413	vehementissima	
10-107	3414-3417	est	
10-108	3418-3423	causa	
10-109	3424-3437	propagationis	
10-110	3438-3443	lucis	
10-111	3443-3444	,	
10-112	3445-3448	quæ	
10-113	3449-3455	facile	
10-114	3456-3462	cellat	
10-115	3462-3463	,	
10-116	3464-3467	tum	
10-117	3468-3475	propter	
10-118	3476-3483	exiguam	
10-119	3484-3491	materix	
10-120	3492-3498	copiam	
10-121	3498-3499	,	
10-122	3500-3503	cum	
10-123	3504-3511	propter	
10-124	3512-3518	ipfius	
10-125	3519-3526	materie	
10-126	3527-3540	dillolutionem	
10-127	3541-3543	ab	
10-128	3544-3548	igne	
10-129	3549-3558	productam	
10-130	3558-3559	;	
10-131	3560-3563	non	
10-132	3564-3567	ita	
10-133	3568-3570	le	
10-134	3571-3574	res	
10-135	3575-3580	habet	
10-136	3581-3583	in	
10-137	3584-3592	odoribus	
10-138	3592-3593	,	
10-139	3594-3597	cum	
10-140	3597-3598	,	
10-141	3599-3603	enim	
10-142	3604-3609	motus	
10-143	3610-3612	in	
10-144	3613-3623	particulis	
10-145	3624-3630	odoris	
10-146	3631-3634	fit	
10-147	3635-3646	lentissimus	
10-148	3646-3647	,	
10-149	3648-3653	causa	
10-150	3654-3659	satis	
10-151	3660-3666	exigua	
10-152	3667-3677	sufficicns	
10-153	3678-3681	ett	
10-154	3682-3684	ad	
10-155	3685-3688	eum	
10-156	3689-3694	motum	
10-157	3695-3707	continuandum	
10-158	3708-3709	;	
10-159	3710-3714	illa	
10-160	3715-3721	igitur	
10-161	3722-3732	diucissime	
10-162	3733-3739	durare	
10-163	3740-3746	poteit	
10-164	3746-3747	,	
10-165	3748-3749	&	
10-166	3750-3755	motum	
10-167	3756-3767	continuando	
10-168	3768-3774	odorem	
10-169	3775-3777	ad	
10-170	3778-3789	longissimum	
10-171	3791-3797	tempus	
10-172	3798-3808	conservare	
10-173	3808-3809	.	

#Text=XII.
11-1	3810-3813	XII	
11-2	3813-3814	.	

#Text=Nullo autem negocio explicatur, quare corpora alia fint odo
#Text=
#Text=ra , alia inodori; li enim in corpore particul.e non fint ad motum odoris proprium procreandum apte (non enim omnia corpora parciculis cujuscumque generis sunt prædica ) vel si particulæ odosæ cum inodoris ita fiat implicitæ, ut motum nullum exerere va.
#Text=leant, corpus erit inodorum ; si vero parciculis abundet, quæ moveri facile poilint, odoruin erit.
12-1	3815-3820	Nullo	
12-2	3821-3826	autem	
12-3	3827-3834	negocio	
12-4	3835-3845	explicatur	
12-5	3845-3846	,	
12-6	3847-3852	quare	
12-7	3853-3860	corpora	
12-8	3861-3865	alia	
12-9	3866-3870	fint	
12-10	3871-3874	odo	
12-11	3876-3878	ra	
12-12	3879-3880	,	
12-13	3881-3885	alia	
12-14	3886-3893	inodori	
12-15	3893-3894	;	
12-16	3895-3897	li	
12-17	3898-3902	enim	
12-18	3903-3905	in	
12-19	3906-3913	corpore	
12-20	3914-3924	particul.e	
12-21	3925-3928	non	
12-22	3929-3933	fint	
12-23	3934-3936	ad	
12-24	3937-3942	motum	
12-25	3943-3949	odoris	
12-26	3950-3958	proprium	
12-27	3959-3970	procreandum	
12-28	3971-3975	apte	
12-29	3976-3977	(	
12-30	3977-3980	non	
12-31	3981-3985	enim	
12-32	3986-3991	omnia	
12-33	3992-3999	corpora	
12-34	4000-4010	parciculis	
12-35	4011-4022	cujuscumque	
12-36	4023-4030	generis	
12-37	4031-4035	sunt	
12-38	4036-4043	prædica	
12-39	4044-4045	)	
12-40	4046-4049	vel	
12-41	4050-4052	si	
12-42	4053-4062	particulæ	
12-43	4063-4068	odosæ	
12-44	4069-4072	cum	
12-45	4073-4081	inodoris	
12-46	4082-4085	ita	
12-47	4086-4090	fiat	
12-48	4091-4100	implicitæ	
12-49	4100-4101	,	
12-50	4102-4104	ut	
12-51	4105-4110	motum	
12-52	4111-4117	nullum	
12-53	4118-4125	exerere	
12-54	4126-4128	va	
12-55	4128-4129	.	
12-56	4130-4135	leant	
12-57	4135-4136	,	
12-58	4137-4143	corpus	
12-59	4144-4148	erit	
12-60	4149-4157	inodorum	
12-61	4158-4159	;	
12-62	4160-4162	si	
12-63	4163-4167	vero	
12-64	4168-4178	parciculis	
12-65	4179-4186	abundet	
12-66	4186-4187	,	
12-67	4188-4191	quæ	
12-68	4192-4198	moveri	
12-69	4199-4205	facile	
12-70	4206-4213	poilint	
12-71	4213-4214	,	
12-72	4215-4222	odoruin	
12-73	4223-4227	erit	
12-74	4227-4228	.	

#Text=Me autem etiam non monente illud patet, a diversis motibus , quibus diversa particularum genera moveri poflunt, & quos aliis ex ordine deinde communicant, diversos orici odores, ficuti motus varii in aeris particulis varios
#Text=
#Text=conftituunt fonos.
13-1	4229-4231	Me	
13-2	4232-4237	autem	
13-3	4238-4243	etiam	
13-4	4244-4247	non	
13-5	4248-4255	monente	
13-6	4256-4261	illud	
13-7	4262-4267	patet	
13-8	4267-4268	,	
13-9	4269-4270	a	
13-10	4271-4279	diversis	
13-11	4280-4287	motibus	
13-12	4288-4289	,	
13-13	4290-4296	quibus	
13-14	4297-4304	diversa	
13-15	4305-4317	particularum	
13-16	4318-4324	genera	
13-17	4325-4331	moveri	
13-18	4332-4339	poflunt	
13-19	4339-4340	,	
13-20	4341-4342	&	
13-21	4343-4347	quos	
13-22	4348-4353	aliis	
13-23	4354-4356	ex	
13-24	4357-4363	ordine	
13-25	4364-4370	deinde	
13-26	4371-4382	communicant	
13-27	4382-4383	,	
13-28	4384-4392	diversos	
13-29	4393-4398	orici	
13-30	4399-4405	odores	
13-31	4405-4406	,	
13-32	4407-4413	ficuti	
13-33	4414-4419	motus	
13-34	4420-4425	varii	
13-35	4426-4428	in	
13-36	4429-4434	aeris	
13-37	4435-4445	particulis	
13-38	4446-4452	varios	
13-39	4454-4465	conftituunt	
13-40	4466-4471	fonos	
13-41	4471-4472	.	

#Text=XIII.
14-1	4473-4477	XIII	
14-2	4477-4478	.	

#Text=Hinc facile etiam explicatur, cur corpora cum alterantur,
#Text=
#Text=odorem aliquando acquirant, aliquando amittant, aliquando mu.
#Text=tent ; quorum omniurn caula funt effectus diversi, qui in corporum fructura ab hujusmodi alcerationibus producuntur ; prout enim alceratio odoratas particulas vel ab aliis separat, vel dillipat, vel casdem imnutat, vel odor corpori accedit, vel destruitur, vel mutatur.
15-1	4479-4483	Hinc	
15-2	4484-4490	facile	
15-3	4491-4496	etiam	
15-4	4497-4507	explicatur	
15-5	4507-4508	,	
15-6	4509-4512	cur	
15-7	4513-4520	corpora	
15-8	4521-4524	cum	
15-9	4525-4535	alterantur	
15-10	4535-4536	,	
15-11	4538-4544	odorem	
15-12	4545-4554	aliquando	
15-13	4555-4564	acquirant	
15-14	4564-4565	,	
15-15	4566-4575	aliquando	
15-16	4576-4584	amittant	
15-17	4584-4585	,	
15-18	4586-4595	aliquando	
15-19	4596-4598	mu	
15-20	4598-4599	.	
15-21	4600-4604	tent	
15-22	4605-4606	;	
15-23	4607-4613	quorum	
15-24	4614-4621	omniurn	
15-25	4622-4627	caula	
15-26	4628-4632	funt	
15-27	4633-4641	effectus	
15-28	4642-4649	diversi	
15-29	4649-4650	,	
15-30	4651-4654	qui	
15-31	4655-4657	in	
15-32	4658-4666	corporum	
15-33	4667-4675	fructura	
15-34	4676-4678	ab	
15-35	4679-4688	hujusmodi	
15-36	4689-4703	alcerationibus	
15-37	4704-4715	producuntur	
15-38	4716-4717	;	
15-39	4718-4723	prout	
15-40	4724-4728	enim	
15-41	4729-4738	alceratio	
15-42	4739-4747	odoratas	
15-43	4748-4758	particulas	
15-44	4759-4762	vel	
15-45	4763-4765	ab	
15-46	4766-4771	aliis	
15-47	4772-4779	separat	
15-48	4779-4780	,	
15-49	4781-4784	vel	
15-50	4785-4793	dillipat	
15-51	4793-4794	,	
15-52	4795-4798	vel	
15-53	4799-4805	casdem	
15-54	4806-4813	imnutat	
15-55	4813-4814	,	
15-56	4815-4818	vel	
15-57	4819-4823	odor	
15-58	4824-4831	corpori	
15-59	4832-4839	accedit	
15-60	4839-4840	,	
15-61	4841-4844	vel	
15-62	4845-4855	destruitur	
15-63	4855-4856	,	
15-64	4857-4860	vel	
15-65	4861-4868	mutatur	
15-66	4868-4869	.	
