#FORMAT=WebAnno TSV 3.3
#T_SP=custom.Span|label
#T_RL=custom.Relation|label|BT_custom.Span


#Text=DAs Citronenholtz heiſſen die Ame-
#Text=ricaner Lichtholtz, weil ſie es zu
#Text=Spaͤnen ſchneiden, und ihnen damit
#Text=leuchten.
1-1	4-7	DAs	_	_	_	
1-2	8-21	Citronenholtz	_	_	_	
1-3	22-29	heiſſen	_	_	_	
1-4	30-33	die	_	_	_	
1-5	34-37	Ame	_	_	_	
1-6	37-38	-	_	_	_	
1-7	39-46	ricaner	_	_	_	
1-8	47-57	Lichtholtz	_	_	_	
1-9	57-58	,	_	_	_	
1-10	59-63	weil	_	_	_	
1-11	64-67	ſie	_	_	_	
1-12	68-70	es	_	_	_	
1-13	71-73	zu	_	_	_	
1-14	74-81	Spaͤnen	_	_	_	
1-15	82-91	ſchneiden	_	_	_	
1-16	91-92	,	_	_	_	
1-17	93-96	und	_	_	_	
1-18	97-102	ihnen	_	_	_	
1-19	103-108	damit	_	_	_	
1-20	109-117	leuchten	_	_	_	
1-21	117-118	.	_	_	_	

#Text=Es iſt der Stamm eines dicken
#Text=und groſſen Baumes, der insgemein in
#Text=den Jnſeln unter dem Wind waͤchſt.
2-1	119-121	Es	_	_	_	
2-2	122-125	iſt	_	_	_	
2-3	126-129	der	_	_	_	
2-4	130-135	Stamm	_	_	_	
2-5	136-141	eines	_	_	_	
2-6	142-148	dicken	_	_	_	
2-7	149-152	und	_	_	_	
2-8	153-160	groſſen	_	_	_	
2-9	161-167	Baumes	_	_	_	
2-10	167-168	,	_	_	_	
2-11	169-172	der	_	_	_	
2-12	173-182	insgemein	_	_	_	
2-13	183-185	in	_	_	_	
2-14	186-189	den	_	_	_	
2-15	190-196	Jnſeln	_	_	_	
2-16	197-202	unter	_	_	_	
2-17	203-206	dem	_	_	_	
2-18	207-211	Wind	_	_	_	
2-19	212-219	waͤchſt	_	_	_	
2-20	219-220	.	_	_	_	

#Text=Der Baum iſt lieblich anzuſehen,
#Text=maſſen er viel groſſe lange Aeſte hat, wel-
#Text=che mit Blaͤttern beſetzt ſind, die den
#Text=Lorbeerblaͤttern gleichen, ohne daß ſie
#Text=groͤſſer und glaͤntzender: die Bluͤte ſieht
#Text=wie die Pomerantzenbluͤt, und riecht wie
#Text=Jaſinin, darauf folgen kleine ſchwartze
#Text=Fruͤchte, ſo groß wie der Pfeffer.
3-1	224-227	Der	_	_	_	
3-2	228-232	Baum	_	_	_	
3-3	233-236	iſt	_	_	_	
3-4	237-245	lieblich	_	_	_	
3-5	246-255	anzuſehen	_	_	_	
3-6	255-256	,	_	_	_	
3-7	257-263	maſſen	_	_	_	
3-8	264-266	er	_	_	_	
3-9	267-271	viel	_	_	_	
3-10	272-278	groſſe	_	_	_	
3-11	279-284	lange	_	_	_	
3-12	285-290	Aeſte	_	_	_	
3-13	291-294	hat	_	_	_	
3-14	294-295	,	_	_	_	
3-15	296-299	wel	_	_	_	
3-16	299-300	-	_	_	_	
3-17	301-304	che	_	_	_	
3-18	305-308	mit	_	_	_	
3-19	309-318	Blaͤttern	_	_	_	
3-20	319-326	beſetzt	_	_	_	
3-21	327-331	ſind	_	_	_	
3-22	331-332	,	_	_	_	
3-23	333-336	die	_	_	_	
3-24	337-340	den	_	_	_	
3-25	341-357	Lorbeerblaͤttern	_	_	_	
3-26	358-366	gleichen	_	_	_	
3-27	366-367	,	_	_	_	
3-28	368-372	ohne	_	_	_	
3-29	373-376	daß	_	_	_	
3-30	377-380	ſie	_	_	_	
3-31	381-389	groͤſſer	_	_	_	
3-32	390-393	und	_	_	_	
3-33	394-406	glaͤntzender	_	_	_	
3-34	406-407	:	_	_	_	
3-35	408-411	die	_	_	_	
3-36	412-418	Bluͤte	Smell\_Source	_	_	
3-37	419-424	ſieht	_	_	_	
3-38	425-428	wie	_	_	_	
3-39	429-432	die	_	_	_	
3-40	433-449	Pomerantzenbluͤt	_	_	_	
3-41	449-450	,	_	_	_	
3-42	451-454	und	_	_	_	
3-43	455-461	riecht	Smell\_Word	*|*	3-44[1_0]|3-36	
3-44	462-465	wie	Effect[1]	_	_	
3-45	466-473	Jaſinin	Effect[1]	_	_	
3-46	473-474	,	_	_	_	
3-47	475-481	darauf	_	_	_	
3-48	482-488	folgen	_	_	_	
3-49	489-495	kleine	_	_	_	
3-50	496-505	ſchwartze	_	_	_	
3-51	506-514	Fruͤchte	_	_	_	
3-52	514-515	,	_	_	_	
3-53	516-518	ſo	_	_	_	
3-54	519-523	groß	_	_	_	
3-55	524-527	wie	_	_	_	
3-56	528-531	der	_	_	_	
3-57	532-539	Pfeffer	_	_	_	
3-58	539-540	.	_	_	_	

#Text=Dieſes
#Text=
#Text=Holtz hat der P.
4-1	541-547	Dieſes	_	_	_	
4-2	549-554	Holtz	_	_	_	
4-3	555-558	hat	_	_	_	
4-4	559-562	der	_	_	_	
4-5	563-564	P	_	_	_	
4-6	564-565	.	_	_	_	

#Text=Tertre fuͤr gelben
#Text=
#Text=Sandel gehalten, und ſolches etlichen
#Text=Spezereyhaͤndlern zu Rouan, allem
#Text=Anſehen nach, Anlaß gegeben, daſſelbi-
#Text=ge von der Compagnie zu erhandeln,
#Text=und vermeſſentlicher Weiſe fuͤr rechten
#Text=gelben Sandel, nicht nur an diejenigen,
#Text=die ihn nicht gar wohl kennen, zu ver-
#Text=kauffen, ſondern auch an ſolche Leute,
#Text=die ihn ohnbeſehen, und entweder blos
#Text=auf ihr Wort erkauffet, oder weil ſie
#Text=
#Text=ihnen ein Stuͤck vom Jndianiſchen gel-
#Text=ben Sandel vorgewieſen, und dennoch
#Text=hernachmahls Citronenholtz oder fal-
#Text=ſchen Sandel dafuͤr gegeben.
5-1	566-572	Tertre	_	_	_	
5-2	573-577	fuͤr	_	_	_	
5-3	578-584	gelben	_	_	_	
5-4	586-592	Sandel	_	_	_	
5-5	593-601	gehalten	_	_	_	
5-6	601-602	,	_	_	_	
5-7	603-606	und	_	_	_	
5-8	607-614	ſolches	_	_	_	
5-9	615-623	etlichen	_	_	_	
5-10	624-641	Spezereyhaͤndlern	_	_	_	
5-11	642-644	zu	_	_	_	
5-12	645-650	Rouan	_	_	_	
5-13	650-651	,	_	_	_	
5-14	652-657	allem	_	_	_	
5-15	658-665	Anſehen	_	_	_	
5-16	666-670	nach	_	_	_	
5-17	670-671	,	_	_	_	
5-18	672-677	Anlaß	_	_	_	
5-19	678-685	gegeben	_	_	_	
5-20	685-686	,	_	_	_	
5-21	687-695	daſſelbi	_	_	_	
5-22	695-696	-	_	_	_	
5-23	697-699	ge	_	_	_	
5-24	700-703	von	_	_	_	
5-25	704-707	der	_	_	_	
5-26	708-717	Compagnie	_	_	_	
5-27	718-720	zu	_	_	_	
5-28	721-730	erhandeln	_	_	_	
5-29	730-731	,	_	_	_	
5-30	732-735	und	_	_	_	
5-31	736-752	vermeſſentlicher	_	_	_	
5-32	753-758	Weiſe	_	_	_	
5-33	759-763	fuͤr	_	_	_	
5-34	764-771	rechten	_	_	_	
5-35	772-778	gelben	_	_	_	
5-36	779-785	Sandel	_	_	_	
5-37	785-786	,	_	_	_	
5-38	787-792	nicht	_	_	_	
5-39	793-796	nur	_	_	_	
5-40	797-799	an	_	_	_	
5-41	800-810	diejenigen	_	_	_	
5-42	810-811	,	_	_	_	
5-43	812-815	die	_	_	_	
5-44	816-819	ihn	_	_	_	
5-45	820-825	nicht	_	_	_	
5-46	826-829	gar	_	_	_	
5-47	830-834	wohl	_	_	_	
5-48	835-841	kennen	_	_	_	
5-49	841-842	,	_	_	_	
5-50	843-845	zu	_	_	_	
5-51	846-849	ver	_	_	_	
5-52	849-850	-	_	_	_	
5-53	851-858	kauffen	_	_	_	
5-54	858-859	,	_	_	_	
5-55	860-867	ſondern	_	_	_	
5-56	868-872	auch	_	_	_	
5-57	873-875	an	_	_	_	
5-58	876-882	ſolche	_	_	_	
5-59	883-888	Leute	_	_	_	
5-60	888-889	,	_	_	_	
5-61	890-893	die	_	_	_	
5-62	894-897	ihn	_	_	_	
5-63	898-908	ohnbeſehen	_	_	_	
5-64	908-909	,	_	_	_	
5-65	910-913	und	_	_	_	
5-66	914-922	entweder	_	_	_	
5-67	923-927	blos	_	_	_	
5-68	928-931	auf	_	_	_	
5-69	932-935	ihr	_	_	_	
5-70	936-940	Wort	_	_	_	
5-71	941-950	erkauffet	_	_	_	
5-72	950-951	,	_	_	_	
5-73	952-956	oder	_	_	_	
5-74	957-961	weil	_	_	_	
5-75	962-965	ſie	_	_	_	
5-76	967-972	ihnen	_	_	_	
5-77	973-976	ein	_	_	_	
5-78	977-983	Stuͤck	_	_	_	
5-79	984-987	vom	_	_	_	
5-80	988-1000	Jndianiſchen	_	_	_	
5-81	1001-1004	gel	_	_	_	
5-82	1004-1005	-	_	_	_	
5-83	1006-1009	ben	_	_	_	
5-84	1010-1016	Sandel	_	_	_	
5-85	1017-1028	vorgewieſen	_	_	_	
5-86	1028-1029	,	_	_	_	
5-87	1030-1033	und	_	_	_	
5-88	1034-1041	dennoch	_	_	_	
5-89	1042-1054	hernachmahls	_	_	_	
5-90	1055-1068	Citronenholtz	_	_	_	
5-91	1069-1073	oder	_	_	_	
5-92	1074-1077	fal	_	_	_	
5-93	1077-1078	-	_	_	_	
5-94	1079-1084	ſchen	_	_	_	
5-95	1085-1091	Sandel	_	_	_	
5-96	1092-1098	dafuͤr	_	_	_	
5-97	1099-1106	gegeben	_	_	_	
5-98	1106-1107	.	_	_	_	

#Text=Sol-
#Text=cher geſtalt verkauffen ſie eine Wahre,
#Text=die ihnen gar wenig koſtet, rechtſchaffen
#Text=theuer, und betruͤgen alſo diejenigen, die
#Text=ſie ihnen abgekaufft, oder denen ſie die-
#Text=ſelbige zugeſendet;
#Text=und dieſe betruͤgen
#Text=
#Text=hinwiederum andere, ſie moͤgen ſie nun
#Text=zur Artzney, oder an die Parfumirer,
#Text=welche ſich des gelben Sandels zu ihrem
#Text=Rauchwerck bedienen, verkauffen.
6-1	1108-1111	Sol	_	_	_	
6-2	1111-1112	-	_	_	_	
6-3	1113-1117	cher	_	_	_	
6-4	1118-1125	geſtalt	_	_	_	
6-5	1126-1136	verkauffen	_	_	_	
6-6	1137-1140	ſie	_	_	_	
6-7	1141-1145	eine	_	_	_	
6-8	1146-1151	Wahre	_	_	_	
6-9	1151-1152	,	_	_	_	
6-10	1153-1156	die	_	_	_	
6-11	1157-1162	ihnen	_	_	_	
6-12	1163-1166	gar	_	_	_	
6-13	1167-1172	wenig	_	_	_	
6-14	1173-1179	koſtet	_	_	_	
6-15	1179-1180	,	_	_	_	
6-16	1181-1194	rechtſchaffen	_	_	_	
6-17	1195-1201	theuer	_	_	_	
6-18	1201-1202	,	_	_	_	
6-19	1203-1206	und	_	_	_	
6-20	1207-1216	betruͤgen	_	_	_	
6-21	1217-1221	alſo	_	_	_	
6-22	1222-1232	diejenigen	_	_	_	
6-23	1232-1233	,	_	_	_	
6-24	1234-1237	die	_	_	_	
6-25	1238-1241	ſie	_	_	_	
6-26	1242-1247	ihnen	_	_	_	
6-27	1248-1258	abgekaufft	_	_	_	
6-28	1258-1259	,	_	_	_	
6-29	1260-1264	oder	_	_	_	
6-30	1265-1270	denen	_	_	_	
6-31	1271-1274	ſie	_	_	_	
6-32	1275-1278	die	_	_	_	
6-33	1278-1279	-	_	_	_	
6-34	1280-1287	ſelbige	_	_	_	
6-35	1288-1298	zugeſendet	_	_	_	
6-36	1298-1299	;	_	_	_	
6-37	1300-1303	und	_	_	_	
6-38	1304-1309	dieſe	_	_	_	
6-39	1310-1319	betruͤgen	_	_	_	
6-40	1321-1332	hinwiederum	_	_	_	
6-41	1333-1339	andere	_	_	_	
6-42	1339-1340	,	_	_	_	
6-43	1341-1344	ſie	_	_	_	
6-44	1345-1351	moͤgen	_	_	_	
6-45	1352-1355	ſie	_	_	_	
6-46	1356-1359	nun	_	_	_	
6-47	1360-1363	zur	_	_	_	
6-48	1364-1371	Artzney	_	_	_	
6-49	1371-1372	,	_	_	_	
6-50	1373-1377	oder	_	_	_	
6-51	1378-1380	an	_	_	_	
6-52	1381-1384	die	_	_	_	
6-53	1385-1395	Parfumirer	_	_	_	
6-54	1395-1396	,	_	_	_	
6-55	1397-1403	welche	_	_	_	
6-56	1404-1408	ſich	_	_	_	
6-57	1409-1412	des	_	_	_	
6-58	1413-1419	gelben	_	_	_	
6-59	1420-1427	Sandels	_	_	_	
6-60	1428-1430	zu	_	_	_	
6-61	1431-1436	ihrem	_	_	_	
6-62	1437-1447	Rauchwerck	_	_	_	
6-63	1448-1456	bedienen	_	_	_	
6-64	1456-1457	,	_	_	_	
6-65	1458-1468	verkauffen	_	_	_	
6-66	1468-1469	.	_	_	_	

#Text=Doch
#Text=iſt dieſer Betrug gar leicht zu vermer-
#Text=cken, indem der Sandel einen ſuͤßlich-
#Text=ten lieblichen Geruch und Geſchmack
#Text=hat, auch etwas ſchwer und hartzicht iſt,
#Text=da im Gegentheil das Citronenholtz
#Text=ſehr ſchwer, dichte und oͤlicht iſt, auch
#Text=ziemlich ſtarck nach Citronen riecht, da-
#Text=her es dann den Namen bekommen.
7-1	1470-1474	Doch	_	_	_	
7-2	1475-1478	iſt	_	_	_	
7-3	1479-1485	dieſer	_	_	_	
7-4	1486-1492	Betrug	_	_	_	
7-5	1493-1496	gar	_	_	_	
7-6	1497-1503	leicht	_	_	_	
7-7	1504-1506	zu	_	_	_	
7-8	1507-1513	vermer	_	_	_	
7-9	1513-1514	-	_	_	_	
7-10	1515-1519	cken	_	_	_	
7-11	1519-1520	,	_	_	_	
7-12	1521-1526	indem	_	_	_	
7-13	1527-1530	der	_	_	_	
7-14	1531-1537	Sandel	Smell\_Source	_	_	
7-15	1538-1543	einen	_	_	_	
7-16	1544-1552	ſuͤßlich	Quality	_	_	
7-17	1552-1553	-	_	_	_	
7-18	1554-1557	ten	_	_	_	
7-19	1558-1568	lieblichen	Quality	_	_	
7-20	1569-1575	Geruch	Smell\_Word	*|*|*	7-19|7-16|7-14	
7-21	1576-1579	und	_	_	_	
7-22	1580-1589	Geſchmack	_	_	_	
7-23	1590-1593	hat	_	_	_	
7-24	1593-1594	,	_	_	_	
7-25	1595-1599	auch	_	_	_	
7-26	1600-1605	etwas	_	_	_	
7-27	1606-1612	ſchwer	_	_	_	
7-28	1613-1616	und	_	_	_	
7-29	1617-1626	hartzicht	_	_	_	
7-30	1627-1630	iſt	_	_	_	
7-31	1630-1631	,	_	_	_	
7-32	1632-1634	da	_	_	_	
7-33	1635-1637	im	_	_	_	
7-34	1638-1648	Gegentheil	_	_	_	
7-35	1649-1652	das	_	_	_	
7-36	1653-1666	Citronenholtz	Smell\_Source	_	_	
7-37	1667-1671	ſehr	_	_	_	
7-38	1672-1678	ſchwer	_	_	_	
7-39	1678-1679	,	_	_	_	
7-40	1680-1686	dichte	_	_	_	
7-41	1687-1690	und	_	_	_	
7-42	1691-1698	oͤlicht	_	_	_	
7-43	1699-1702	iſt	_	_	_	
7-44	1702-1703	,	_	_	_	
7-45	1704-1708	auch	_	_	_	
7-46	1709-1717	ziemlich	Quality[2]	_	_	
7-47	1718-1724	ſtarck	Quality[2]	_	_	
7-48	1725-1729	nach	Quality[2]	_	_	
7-49	1730-1738	Citronen	Quality[2]	_	_	
7-50	1739-1745	riecht	Smell\_Word	*|*	7-36|7-46[2_0]	
7-51	1745-1746	,	_	_	_	
7-52	1747-1749	da	_	_	_	
7-53	1749-1750	-	_	_	_	
7-54	1751-1754	her	_	_	_	
7-55	1755-1757	es	_	_	_	
7-56	1758-1762	dann	_	_	_	
7-57	1763-1766	den	_	_	_	
7-58	1767-1772	Namen	_	_	_	
7-59	1773-1781	bekommen	_	_	_	
7-60	1781-1782	.	_	_	_	

#Text=Uberdiß wiegen die Sandelhoͤltzer nicht
#Text=uͤber 100.
8-1	1784-1791	Uberdiß	_	_	_	
8-2	1792-1798	wiegen	_	_	_	
8-3	1799-1802	die	_	_	_	
8-4	1803-1817	Sandelhoͤltzer	_	_	_	
8-5	1818-1823	nicht	_	_	_	
8-6	1824-1829	uͤber	_	_	_	
8-7	1830-1833	100	_	_	_	
8-8	1833-1834	.	_	_	_	

#Text=Pfund, da hingegen ein Stuͤck
#Text=
#Text=Citronenholtz wohl 1000 Pfund wieget.
9-1	1835-1840	Pfund	_	_	_	
9-2	1840-1841	,	_	_	_	
9-3	1842-1844	da	_	_	_	
9-4	1845-1853	hingegen	_	_	_	
9-5	1854-1857	ein	_	_	_	
9-6	1858-1864	Stuͤck	_	_	_	
9-7	1866-1879	Citronenholtz	_	_	_	
9-8	1880-1884	wohl	_	_	_	
9-9	1885-1889	1000	_	_	_	
9-10	1890-1895	Pfund	_	_	_	
9-11	1896-1902	wieget	_	_	_	
9-12	1902-1903	.	_	_	_	

#Text=Ob gleich aber das Citronholtz zur Artz-
#Text=
#Text=ney
#Text=
#Text=
#Text=
#Text=Falſcher
#Text=Sandel
10-1	1905-1907	Ob	_	_	_	
10-2	1908-1914	gleich	_	_	_	
10-3	1915-1919	aber	_	_	_	
10-4	1920-1923	das	_	_	_	
10-5	1924-1935	Citronholtz	_	_	_	
10-6	1936-1939	zur	_	_	_	
10-7	1940-1944	Artz	_	_	_	
10-8	1944-1945	-	_	_	_	
10-9	1947-1950	ney	_	_	_	
10-10	1954-1962	Falſcher	_	_	_	
10-11	1963-1969	Sandel	_	_	_	

#Text=.
11-1	1969-1970	.	_	_	_	

#Text=[
#Text=0129
#Text=]
#Text=
#Text=Hauptbeſchreibung erſten Theils drittes Buch.
12-1	1973-1974	[	_	_	_	
12-2	1975-1979	0129	_	_	_	
12-3	1980-1981	]	_	_	_	
12-4	1983-2000	Hauptbeſchreibung	_	_	_	
12-5	2001-2007	erſten	_	_	_	
12-6	2008-2014	Theils	_	_	_	
12-7	2015-2022	drittes	_	_	_	
12-8	2023-2027	Buch	_	_	_	
12-9	2027-2028	.	_	_	_	

#Text=ney nicht taug, dennoch iſt es zur Schrei-
#Text=ner- und Tiſchler-Arbeit gar dienlich,
#Text=denn wenn es poliret iſt und hat eine
#Text=Zeitlang an der Luft gelegen, alsdann
#Text=ſieht es nicht anders, als ob es polirte
#Text=Coccusnuß waͤre.
13-1	2032-2035	ney	_	_	_	
13-2	2036-2041	nicht	_	_	_	
13-3	2042-2046	taug	_	_	_	
13-4	2046-2047	,	_	_	_	
13-5	2048-2055	dennoch	_	_	_	
13-6	2056-2059	iſt	_	_	_	
13-7	2060-2062	es	_	_	_	
13-8	2063-2066	zur	_	_	_	
13-9	2067-2073	Schrei	_	_	_	
13-10	2073-2074	-	_	_	_	
13-11	2075-2078	ner	_	_	_	
13-12	2078-2079	-	_	_	_	
13-13	2080-2083	und	_	_	_	
13-14	2084-2099	Tiſchler-Arbeit	_	_	_	
13-15	2100-2103	gar	_	_	_	
13-16	2104-2112	dienlich	_	_	_	
13-17	2112-2113	,	_	_	_	
13-18	2114-2118	denn	_	_	_	
13-19	2119-2123	wenn	_	_	_	
13-20	2124-2126	es	_	_	_	
13-21	2127-2134	poliret	_	_	_	
13-22	2135-2138	iſt	_	_	_	
13-23	2139-2142	und	_	_	_	
13-24	2143-2146	hat	_	_	_	
13-25	2147-2151	eine	_	_	_	
13-26	2152-2160	Zeitlang	_	_	_	
13-27	2161-2163	an	_	_	_	
13-28	2164-2167	der	_	_	_	
13-29	2168-2172	Luft	_	_	_	
13-30	2173-2180	gelegen	_	_	_	
13-31	2180-2181	,	_	_	_	
13-32	2182-2189	alsdann	_	_	_	
13-33	2190-2195	ſieht	_	_	_	
13-34	2196-2198	es	_	_	_	
13-35	2199-2204	nicht	_	_	_	
13-36	2205-2211	anders	_	_	_	
13-37	2211-2212	,	_	_	_	
13-38	2213-2216	als	_	_	_	
13-39	2217-2219	ob	_	_	_	
13-40	2220-2222	es	_	_	_	
13-41	2223-2230	polirte	_	_	_	
13-42	2231-2240	Coccusnuß	_	_	_	
13-43	2241-2246	waͤre	_	_	_	
13-44	2246-2247	.	_	_	_	
