#FORMAT=WebAnno TSV 3.3


#Text=probatur.
1-1	2-10	probatur	
1-2	10-11	.	

#Text="ta fuerunt, suauiffima fuif .
#Text=se, non folùm intelligere possumus ex partibus componentibus, odorum fuauitate praeditis; fed etiam ex eo, quòd vnguentaria a prifcis vlque temporibus ad collaplam Ruinanam po-tentiam perenne fummoque ftudio exculta & aucta,
#Text=
#Text=ad
#Text=
#Text=
#Text=
#Text=
#Text=
#Text=ad summum atque omni genere perfectum peruenerit.
2-1	12-13	"	
2-2	13-15	ta	
2-3	16-23	fuerunt	
2-4	23-24	,	
2-5	25-35	suauiffima	
2-6	36-40	fuif	
2-7	41-42	.	
2-8	43-45	se	
2-9	45-46	,	
2-10	47-50	non	
2-11	51-56	folùm	
2-12	57-68	intelligere	
2-13	69-77	possumus	
2-14	78-80	ex	
2-15	81-89	partibus	
2-16	90-103	componentibus	
2-17	103-104	,	
2-18	105-111	odorum	
2-19	112-121	fuauitate	
2-20	122-131	praeditis	
2-21	131-132	;	
2-22	133-136	fed	
2-23	137-142	etiam	
2-24	143-145	ex	
2-25	146-148	eo	
2-26	148-149	,	
2-27	150-154	quòd	
2-28	155-166	vnguentaria	
2-29	167-168	a	
2-30	169-176	prifcis	
2-31	177-182	vlque	
2-32	183-193	temporibus	
2-33	194-196	ad	
2-34	197-206	collaplam	
2-35	207-215	Ruinanam	
2-36	216-226	po-tentiam	
2-37	227-234	perenne	
2-38	235-243	fummoque	
2-39	244-250	ftudio	
2-40	251-258	exculta	
2-41	259-260	&	
2-42	261-266	aucta	
2-43	266-267	,	
2-44	269-271	ad	
2-45	277-279	ad	
2-46	280-286	summum	
2-47	287-292	atque	
2-48	293-297	omni	
2-49	298-304	genere	
2-50	305-314	perfectum	
2-51	315-325	peruenerit	
2-52	325-326	.	

#Text=Nam licet Plinius Ilia.
3-1	327-330	Nam	
3-2	331-336	licet	
3-3	337-344	Plinius	
3-4	345-349	Ilia	
3-5	349-350	.	

#Text=Plinius ite
#Text=
#Text=prehensus, cis temporibus eam non fuisse , circa Darij Regis aetatem innotuiffe fcribat; tamen longè antiquiorem efse, multa sunt , quae conuincunt.
4-1	351-358	Plinius	
4-2	359-362	ite	
4-3	364-373	prehensus	
4-4	373-374	,	
4-5	375-378	cis	
4-6	379-389	temporibus	
4-7	390-393	eam	
4-8	394-397	non	
4-9	398-404	fuisse	
4-10	405-406	,	
4-11	407-412	circa	
4-12	413-418	Darij	
4-13	419-424	Regis	
4-14	425-432	aetatem	
4-15	433-443	innotuiffe	
4-16	444-451	fcribat	
4-17	451-452	;	
4-18	453-458	tamen	
4-19	459-464	longè	
4-20	465-476	antiquiorem	
4-21	477-481	efse	
4-22	481-482	,	
4-23	483-488	multa	
4-24	489-493	sunt	
4-25	494-495	,	
4-26	496-500	quae	
4-27	501-511	conuincunt	
4-28	511-512	.	

#Text=Et primò quidem mitto Hippocratem , qui Dario aetate maior (natus enim Hippocrates fuit O- Hippocra
#Text=
#Text=tes quando lymp.
5-1	513-515	Et	
5-2	516-521	primò	
5-3	522-528	quidem	
5-4	529-534	mitto	
5-5	535-546	Hippocratem	
5-6	547-548	,	
5-7	549-552	qui	
5-8	553-558	Dario	
5-9	559-565	aetate	
5-10	566-571	maior	
5-11	572-573	(	
5-12	573-578	natus	
5-13	579-583	enim	
5-14	584-595	Hippocrates	
5-15	596-600	fuit	
5-16	601-602	O	
5-17	602-603	-	
5-18	604-612	Hippocra	
5-19	614-617	tes	
5-20	618-624	quando	
5-21	625-629	lymp	
5-22	629-630	.	

#Text=Lxxx.
6-1	631-635	Lxxx	
6-2	635-636	.	

#Text=V.C. an.ccxc i li naţus.
7-1	637-640	V.C	
7-2	640-641	.	
7-3	642-649	an.ccxc	
7-4	650-651	i	
7-5	652-654	li	
7-6	655-660	naţus	
7-7	660-661	.	

#Text=Darius verò, bello victus ab Alexádro,occubuit Olymp.
8-1	662-668	Darius	
8-2	669-673	verò	
8-3	673-674	,	
8-4	675-680	bello	
8-5	681-687	victus	
8-6	688-690	ab	
8-7	691-699	Alexádro	
8-8	699-700	,	
8-9	700-708	occubuit	
8-10	709-714	Olymp	
8-11	714-715	.	

#Text=CXII., V.C. anno circiter CCCCL.)
#Text=libro, Medicus infcripto, odorum meminit.
9-1	716-720	CXII	
9-2	720-721	.	
9-3	721-722	,	
9-4	723-726	V.C	
9-5	726-727	.	
9-6	728-732	anno	
9-7	733-741	circiter	
9-8	742-747	CCCCL	
9-9	747-748	.	
9-10	748-749	)	
9-11	750-755	libro	
9-12	755-756	,	
9-13	757-764	Medicus	
9-14	765-774	infcripto	
9-15	774-775	,	
9-16	776-782	odorum	
9-17	783-790	meminit	
9-18	790-791	.	

#Text=Mitto Anacreontem Hip
#Text=
#Text=po
#Text=
#Text=
#Text=
#Text=
#Text=
#Text=Vnguento.
#Text=pocrate vetustiorem, in fuis sum anti- Epigramm.
#Text=vnguenta comquitas.
#Text=memorantem.
10-1	792-797	Mitto	
10-2	798-809	Anacreontem	
10-3	810-813	Hip	
10-4	815-817	po	
10-5	823-831	Vnguento	
10-6	831-832	.	
10-7	833-840	pocrate	
10-8	841-852	vetustiorem	
10-9	852-853	,	
10-10	854-856	in	
10-11	857-861	fuis	
10-12	862-865	sum	
10-13	866-870	anti	
10-14	870-871	-	
10-15	872-880	Epigramm	
10-16	880-881	.	
10-17	882-890	vnguenta	
10-18	891-900	comquitas	
10-19	900-901	.	
10-20	902-912	memorantem	
10-21	912-913	.	

#Text=Mitto Xe nophanem & Hippoc.
#Text=& Anacreonte aetate maioré, qui saepe apud Athenaeum lib. xi.
#Text=eorundem meminit.
11-1	914-919	Mitto	
11-2	920-922	Xe	
11-3	923-931	nophanem	
11-4	932-933	&	
11-5	934-940	Hippoc	
11-6	940-941	.	
11-7	942-943	&	
11-8	944-954	Anacreonte	
11-9	955-961	aetate	
11-10	962-968	maioré	
11-11	968-969	,	
11-12	970-973	qui	
11-13	974-979	saepe	
11-14	980-984	apud	
11-15	985-994	Athenaeum	
11-16	995-998	lib	
11-17	998-999	.	
11-18	1000-1002	xi	
11-19	1002-1003	.	
11-20	1004-1012	eorundem	
11-21	1013-1020	meminit	
11-22	1020-1021	.	

#Text=Mitto Ennium,qui de Tarquinio Rege loqués ait, Tarquinij corpus bona femina lauit unxit.
12-1	1022-1027	Mitto	
12-2	1028-1034	Ennium	
12-3	1034-1035	,	
12-4	1035-1038	qui	
12-5	1039-1041	de	
12-6	1042-1051	Tarquinio	
12-7	1052-1056	Rege	
12-8	1057-1063	loqués	
12-9	1064-1067	ait	
12-10	1067-1068	,	
12-11	1069-1078	Tarquinij	
12-12	1079-1085	corpus	
12-13	1086-1090	bona	
12-14	1091-1097	femina	
12-15	1098-1103	lauit	
12-16	1104-1109	unxit	
12-17	1109-1110	.	

#Text=Mitto Archilo gum, qui Romuli aetate, Foruit, Primusque omnium
#Text=
#Text=voce Múgov vfus eft, auctore, Solon lege Athenaeo lib.xv.
13-1	1111-1116	Mitto	
13-2	1117-1124	Archilo	
13-3	1125-1128	gum	
13-4	1128-1129	,	
13-5	1130-1133	qui	
13-6	1134-1140	Romuli	
13-7	1141-1147	aetate	
13-8	1147-1148	,	
13-9	1149-1155	Foruit	
13-10	1155-1156	,	
13-11	1157-1166	Primusque	
13-12	1167-1173	omnium	
13-13	1175-1179	voce	
13-14	1180-1185	Múgov	
13-15	1186-1190	vfus	
13-16	1191-1194	eft	
13-17	1194-1195	,	
13-18	1196-1203	auctore	
13-19	1203-1204	,	
13-20	1205-1210	Solon	
13-21	1211-1215	lege	
13-22	1216-1224	Athenaeo	
13-23	1225-1231	lib.xv	
13-24	1231-1232	.	
