#FORMAT=WebAnno TSV 3.3


#Text=35 Die ac nocte manebitis in tabernaculo observantes custodias Domini, ne moriamini : sic enim mihi præceptum est.
#Text=36 Feceruntque Aaron et filii ejus cuncta quæ locutus est Dominus per manum Moysi.
1-1	2-4	35	
1-2	5-8	Die	
1-3	9-11	ac	
1-4	12-17	nocte	
1-5	18-27	manebitis	
1-6	28-30	in	
1-7	31-42	tabernaculo	
1-8	43-54	observantes	
1-9	55-64	custodias	
1-10	65-71	Domini	
1-11	71-72	,	
1-12	73-75	ne	
1-13	76-85	moriamini	
1-14	86-87	:	
1-15	88-91	sic	
1-16	92-96	enim	
1-17	97-101	mihi	
1-18	102-111	præceptum	
1-19	112-115	est	
1-20	115-116	.	
1-21	117-119	36	
1-22	120-131	Feceruntque	
1-23	132-137	Aaron	
1-24	138-140	et	
1-25	141-146	filii	
1-26	147-151	ejus	
1-27	152-158	cuncta	
1-28	159-162	quæ	
1-29	163-170	locutus	
1-30	171-174	est	
1-31	175-182	Dominus	
1-32	183-186	per	
1-33	187-192	manum	
1-34	193-198	Moysi	
1-35	198-199	.	

#Text=Caput 9
#Text=
#Text=
#Text=1 Facto autem octavo die, vocavit Moyses Aaron, et filios ejus, ac majores natu Israël, dixitque ad Aaron : 2 Tolle de armento vitulum pro peccato, et arietem in holocaustum, utrumque immaculatum, et offer illos coram Domino.
#Text=3 Et ad filios Israël loqueris : Tollite hircum pro peccato, et vitulum, atque agnum, anniculos, et sine macula in holocaustum, 4 bovem et arietem pro pacificis : et immolate eos coram Domino, in sacrificio singulorum similam conspersam oleo offerentes : hodie enim Dominus apparebit vobis.
#Text=5 Tulerunt ergo cuncta quæ jusserat Moyses ad ostium tabernaculi : ubi cum omnis multitudo astaret, 6 ait Moyses : Iste est sermo, quem præcepit Dominus : facite, et apparebit vobis gloria ejus.
#Text=7 Et dixit ad Aaron : Accede ad altare, et immola pro peccato tuo : offer holocaustum, et deprecare pro te et pro populo : cumque mactaveris hostiam populi, ora pro eo, sicut præcepit Dominus.
#Text=8 Statimque Aaron accedens ad altare, immolavit vitulum pro peccato suo : 9 cujus sanguinem obtulerunt ei filii sui : in quo tingens digitum, tetigit cornua altaris, et fudit residuum ad basim ejus.
#Text=10 Adipemque, et renunculos, ac reticulum jecoris, quæ sunt pro peccato, adolevit super altare, sicut præceperat Dominus Moysi : 11 carnes vero et pellem ejus extra castra combussit igni.
#Text=12 Immolavit et holocausti victimam : obtuleruntque ei filii sui sanguinem ejus, quem fudit per altaris circuitum.
#Text=13 Ipsam etiam hostiam in frusta concisam, cum capite et membris singulis obtulerunt ; quæ omnia super altare cremavit igni, 14 lotis aqua prius intestinis et pedibus.
#Text=15 Et pro peccato populi offerens, mactavit hircum : expiatoque altari, 16 fecit holocaustum, 17 addens in sacrificio libamenta, quæ pariter offeruntur, et adolens ea super altare, absque cæremoniis holocausti matutini.
#Text=18 Immolavit et bovem atque arietem, hostias pacificas populi : obtuleruntque ei filii sui sanguinem, quem fudit super altare in circuitum.
#Text=19 Adipem autem bovis, et caudam arietis, renunculosque cum adipibus suis, et reticulum jecoris, 20 posuerunt super pectora : cumque cremati essent adipes super altare, 21 pectora eorum, et armos dextros separavit Aaron, elevans coram Domino, sicut præceperat Moyses.
#Text=22 Et extendens manus ad populum, benedixit ei.
2-1	200-205	Caput	
2-2	206-207	9	
2-3	210-211	1	
2-4	212-217	Facto	
2-5	218-223	autem	
2-6	224-230	octavo	
2-7	231-234	die	
2-8	234-235	,	
2-9	236-243	vocavit	
2-10	244-250	Moyses	
2-11	251-256	Aaron	
2-12	256-257	,	
2-13	258-260	et	
2-14	261-267	filios	
2-15	268-272	ejus	
2-16	272-273	,	
2-17	274-276	ac	
2-18	277-284	majores	
2-19	285-289	natu	
2-20	290-296	Israël	
2-21	296-297	,	
2-22	298-306	dixitque	
2-23	307-309	ad	
2-24	310-315	Aaron	
2-25	316-317	:	
2-26	318-319	2	
2-27	320-325	Tolle	
2-28	326-328	de	
2-29	329-336	armento	
2-30	337-344	vitulum	
2-31	345-348	pro	
2-32	349-356	peccato	
2-33	356-357	,	
2-34	358-360	et	
2-35	361-368	arietem	
2-36	369-371	in	
2-37	372-383	holocaustum	
2-38	383-384	,	
2-39	385-393	utrumque	
2-40	394-405	immaculatum	
2-41	405-406	,	
2-42	407-409	et	
2-43	410-415	offer	
2-44	416-421	illos	
2-45	422-427	coram	
2-46	428-434	Domino	
2-47	434-435	.	
2-48	436-437	3	
2-49	438-440	Et	
2-50	441-443	ad	
2-51	444-450	filios	
2-52	451-457	Israël	
2-53	458-466	loqueris	
2-54	467-468	:	
2-55	469-476	Tollite	
2-56	477-483	hircum	
2-57	484-487	pro	
2-58	488-495	peccato	
2-59	495-496	,	
2-60	497-499	et	
2-61	500-507	vitulum	
2-62	507-508	,	
2-63	509-514	atque	
2-64	515-520	agnum	
2-65	520-521	,	
2-66	522-531	anniculos	
2-67	531-532	,	
2-68	533-535	et	
2-69	536-540	sine	
2-70	541-547	macula	
2-71	548-550	in	
2-72	551-562	holocaustum	
2-73	562-563	,	
2-74	564-565	4	
2-75	566-571	bovem	
2-76	572-574	et	
2-77	575-582	arietem	
2-78	583-586	pro	
2-79	587-596	pacificis	
2-80	597-598	:	
2-81	599-601	et	
2-82	602-610	immolate	
2-83	611-614	eos	
2-84	615-620	coram	
2-85	621-627	Domino	
2-86	627-628	,	
2-87	629-631	in	
2-88	632-642	sacrificio	
2-89	643-653	singulorum	
2-90	654-661	similam	
2-91	662-672	conspersam	
2-92	673-677	oleo	
2-93	678-688	offerentes	
2-94	689-690	:	
2-95	691-696	hodie	
2-96	697-701	enim	
2-97	702-709	Dominus	
2-98	710-719	apparebit	
2-99	720-725	vobis	
2-100	725-726	.	
2-101	727-728	5	
2-102	729-737	Tulerunt	
2-103	738-742	ergo	
2-104	743-749	cuncta	
2-105	750-753	quæ	
2-106	754-762	jusserat	
2-107	763-769	Moyses	
2-108	770-772	ad	
2-109	773-779	ostium	
2-110	780-791	tabernaculi	
2-111	792-793	:	
2-112	794-797	ubi	
2-113	798-801	cum	
2-114	802-807	omnis	
2-115	808-817	multitudo	
2-116	818-825	astaret	
2-117	825-826	,	
2-118	827-828	6	
2-119	829-832	ait	
2-120	833-839	Moyses	
2-121	840-841	:	
2-122	842-846	Iste	
2-123	847-850	est	
2-124	851-856	sermo	
2-125	856-857	,	
2-126	858-862	quem	
2-127	863-871	præcepit	
2-128	872-879	Dominus	
2-129	880-881	:	
2-130	882-888	facite	
2-131	888-889	,	
2-132	890-892	et	
2-133	893-902	apparebit	
2-134	903-908	vobis	
2-135	909-915	gloria	
2-136	916-920	ejus	
2-137	920-921	.	
2-138	922-923	7	
2-139	924-926	Et	
2-140	927-932	dixit	
2-141	933-935	ad	
2-142	936-941	Aaron	
2-143	942-943	:	
2-144	944-950	Accede	
2-145	951-953	ad	
2-146	954-960	altare	
2-147	960-961	,	
2-148	962-964	et	
2-149	965-971	immola	
2-150	972-975	pro	
2-151	976-983	peccato	
2-152	984-987	tuo	
2-153	988-989	:	
2-154	990-995	offer	
2-155	996-1007	holocaustum	
2-156	1007-1008	,	
2-157	1009-1011	et	
2-158	1012-1021	deprecare	
2-159	1022-1025	pro	
2-160	1026-1028	te	
2-161	1029-1031	et	
2-162	1032-1035	pro	
2-163	1036-1042	populo	
2-164	1043-1044	:	
2-165	1045-1051	cumque	
2-166	1052-1062	mactaveris	
2-167	1063-1070	hostiam	
2-168	1071-1077	populi	
2-169	1077-1078	,	
2-170	1079-1082	ora	
2-171	1083-1086	pro	
2-172	1087-1089	eo	
2-173	1089-1090	,	
2-174	1091-1096	sicut	
2-175	1097-1105	præcepit	
2-176	1106-1113	Dominus	
2-177	1113-1114	.	
2-178	1115-1116	8	
2-179	1117-1126	Statimque	
2-180	1127-1132	Aaron	
2-181	1133-1141	accedens	
2-182	1142-1144	ad	
2-183	1145-1151	altare	
2-184	1151-1152	,	
2-185	1153-1162	immolavit	
2-186	1163-1170	vitulum	
2-187	1171-1174	pro	
2-188	1175-1182	peccato	
2-189	1183-1186	suo	
2-190	1187-1188	:	
2-191	1189-1190	9	
2-192	1191-1196	cujus	
2-193	1197-1206	sanguinem	
2-194	1207-1217	obtulerunt	
2-195	1218-1220	ei	
2-196	1221-1226	filii	
2-197	1227-1230	sui	
2-198	1231-1232	:	
2-199	1233-1235	in	
2-200	1236-1239	quo	
2-201	1240-1247	tingens	
2-202	1248-1255	digitum	
2-203	1255-1256	,	
2-204	1257-1264	tetigit	
2-205	1265-1271	cornua	
2-206	1272-1279	altaris	
2-207	1279-1280	,	
2-208	1281-1283	et	
2-209	1284-1289	fudit	
2-210	1290-1298	residuum	
2-211	1299-1301	ad	
2-212	1302-1307	basim	
2-213	1308-1312	ejus	
2-214	1312-1313	.	
2-215	1314-1316	10	
2-216	1317-1326	Adipemque	
2-217	1326-1327	,	
2-218	1328-1330	et	
2-219	1331-1341	renunculos	
2-220	1341-1342	,	
2-221	1343-1345	ac	
2-222	1346-1355	reticulum	
2-223	1356-1363	jecoris	
2-224	1363-1364	,	
2-225	1365-1368	quæ	
2-226	1369-1373	sunt	
2-227	1374-1377	pro	
2-228	1378-1385	peccato	
2-229	1385-1386	,	
2-230	1387-1395	adolevit	
2-231	1396-1401	super	
2-232	1402-1408	altare	
2-233	1408-1409	,	
2-234	1410-1415	sicut	
2-235	1416-1426	præceperat	
2-236	1427-1434	Dominus	
2-237	1435-1440	Moysi	
2-238	1441-1442	:	
2-239	1443-1445	11	
2-240	1446-1452	carnes	
2-241	1453-1457	vero	
2-242	1458-1460	et	
2-243	1461-1467	pellem	
2-244	1468-1472	ejus	
2-245	1473-1478	extra	
2-246	1479-1485	castra	
2-247	1486-1495	combussit	
2-248	1496-1500	igni	
2-249	1500-1501	.	
2-250	1502-1504	12	
2-251	1505-1514	Immolavit	
2-252	1515-1517	et	
2-253	1518-1528	holocausti	
2-254	1529-1537	victimam	
2-255	1538-1539	:	
2-256	1540-1553	obtuleruntque	
2-257	1554-1556	ei	
2-258	1557-1562	filii	
2-259	1563-1566	sui	
2-260	1567-1576	sanguinem	
2-261	1577-1581	ejus	
2-262	1581-1582	,	
2-263	1583-1587	quem	
2-264	1588-1593	fudit	
2-265	1594-1597	per	
2-266	1598-1605	altaris	
2-267	1606-1615	circuitum	
2-268	1615-1616	.	
2-269	1617-1619	13	
2-270	1620-1625	Ipsam	
2-271	1626-1631	etiam	
2-272	1632-1639	hostiam	
2-273	1640-1642	in	
2-274	1643-1649	frusta	
2-275	1650-1658	concisam	
2-276	1658-1659	,	
2-277	1660-1663	cum	
2-278	1664-1670	capite	
2-279	1671-1673	et	
2-280	1674-1681	membris	
2-281	1682-1690	singulis	
2-282	1691-1701	obtulerunt	
2-283	1702-1703	;	
2-284	1704-1707	quæ	
2-285	1708-1713	omnia	
2-286	1714-1719	super	
2-287	1720-1726	altare	
2-288	1727-1735	cremavit	
2-289	1736-1740	igni	
2-290	1740-1741	,	
2-291	1742-1744	14	
2-292	1745-1750	lotis	
2-293	1751-1755	aqua	
2-294	1756-1761	prius	
2-295	1762-1772	intestinis	
2-296	1773-1775	et	
2-297	1776-1783	pedibus	
2-298	1783-1784	.	
2-299	1785-1787	15	
2-300	1788-1790	Et	
2-301	1791-1794	pro	
2-302	1795-1802	peccato	
2-303	1803-1809	populi	
2-304	1810-1818	offerens	
2-305	1818-1819	,	
2-306	1820-1828	mactavit	
2-307	1829-1835	hircum	
2-308	1836-1837	:	
2-309	1838-1848	expiatoque	
2-310	1849-1855	altari	
2-311	1855-1856	,	
2-312	1857-1859	16	
2-313	1860-1865	fecit	
2-314	1866-1877	holocaustum	
2-315	1877-1878	,	
2-316	1879-1881	17	
2-317	1882-1888	addens	
2-318	1889-1891	in	
2-319	1892-1902	sacrificio	
2-320	1903-1912	libamenta	
2-321	1912-1913	,	
2-322	1914-1917	quæ	
2-323	1918-1925	pariter	
2-324	1926-1936	offeruntur	
2-325	1936-1937	,	
2-326	1938-1940	et	
2-327	1941-1948	adolens	
2-328	1949-1951	ea	
2-329	1952-1957	super	
2-330	1958-1964	altare	
2-331	1964-1965	,	
2-332	1966-1972	absque	
2-333	1973-1983	cæremoniis	
2-334	1984-1994	holocausti	
2-335	1995-2003	matutini	
2-336	2003-2004	.	
2-337	2005-2007	18	
2-338	2008-2017	Immolavit	
2-339	2018-2020	et	
2-340	2021-2026	bovem	
2-341	2027-2032	atque	
2-342	2033-2040	arietem	
2-343	2040-2041	,	
2-344	2042-2049	hostias	
2-345	2050-2059	pacificas	
2-346	2060-2066	populi	
2-347	2067-2068	:	
2-348	2069-2082	obtuleruntque	
2-349	2083-2085	ei	
2-350	2086-2091	filii	
2-351	2092-2095	sui	
2-352	2096-2105	sanguinem	
2-353	2105-2106	,	
2-354	2107-2111	quem	
2-355	2112-2117	fudit	
2-356	2118-2123	super	
2-357	2124-2130	altare	
2-358	2131-2133	in	
2-359	2134-2143	circuitum	
2-360	2143-2144	.	
2-361	2145-2147	19	
2-362	2148-2154	Adipem	
2-363	2155-2160	autem	
2-364	2161-2166	bovis	
2-365	2166-2167	,	
2-366	2168-2170	et	
2-367	2171-2177	caudam	
2-368	2178-2185	arietis	
2-369	2185-2186	,	
2-370	2187-2200	renunculosque	
2-371	2201-2204	cum	
2-372	2205-2213	adipibus	
2-373	2214-2218	suis	
2-374	2218-2219	,	
2-375	2220-2222	et	
2-376	2223-2232	reticulum	
2-377	2233-2240	jecoris	
2-378	2240-2241	,	
2-379	2242-2244	20	
2-380	2245-2254	posuerunt	
2-381	2255-2260	super	
2-382	2261-2268	pectora	
2-383	2269-2270	:	
2-384	2271-2277	cumque	
2-385	2278-2285	cremati	
2-386	2286-2292	essent	
2-387	2293-2299	adipes	
2-388	2300-2305	super	
2-389	2306-2312	altare	
2-390	2312-2313	,	
2-391	2314-2316	21	
2-392	2317-2324	pectora	
2-393	2325-2330	eorum	
2-394	2330-2331	,	
2-395	2332-2334	et	
2-396	2335-2340	armos	
2-397	2341-2348	dextros	
2-398	2349-2358	separavit	
2-399	2359-2364	Aaron	
2-400	2364-2365	,	
2-401	2366-2373	elevans	
2-402	2374-2379	coram	
2-403	2380-2386	Domino	
2-404	2386-2387	,	
2-405	2388-2393	sicut	
2-406	2394-2404	præceperat	
2-407	2405-2411	Moyses	
2-408	2411-2412	.	
2-409	2413-2415	22	
2-410	2416-2418	Et	
2-411	2419-2428	extendens	
2-412	2429-2434	manus	
2-413	2435-2437	ad	
2-414	2438-2445	populum	
2-415	2445-2446	,	
2-416	2447-2456	benedixit	
2-417	2457-2459	ei	
2-418	2459-2460	.	

#Text=Sicque completis hostiis pro peccato, et holocaustis, et pacificis, descendit.
#Text=23 Ingressi autem Moyses et Aaron in tabernaculum testimonii, et deinceps egressi, benedixerunt populo.
3-1	2461-2467	Sicque	
3-2	2468-2477	completis	
3-3	2478-2485	hostiis	
3-4	2486-2489	pro	
3-5	2490-2497	peccato	
3-6	2497-2498	,	
3-7	2499-2501	et	
3-8	2502-2513	holocaustis	
3-9	2513-2514	,	
3-10	2515-2517	et	
3-11	2518-2527	pacificis	
3-12	2527-2528	,	
3-13	2529-2538	descendit	
3-14	2538-2539	.	
3-15	2540-2542	23	
3-16	2543-2551	Ingressi	
3-17	2552-2557	autem	
3-18	2558-2564	Moyses	
3-19	2565-2567	et	
3-20	2568-2573	Aaron	
3-21	2574-2576	in	
3-22	2577-2589	tabernaculum	
3-23	2590-2600	testimonii	
3-24	2600-2601	,	
3-25	2602-2604	et	
3-26	2605-2613	deinceps	
3-27	2614-2621	egressi	
3-28	2621-2622	,	
3-29	2623-2635	benedixerunt	
3-30	2636-2642	populo	
3-31	2642-2643	.	

#Text=Apparuitque gloria Domini omni multitudini : 24 et ecce egressus ignis a Domino, devoravit holocaustum, et adipes qui erant super altare.
4-1	2644-2655	Apparuitque	
4-2	2656-2662	gloria	
4-3	2663-2669	Domini	
4-4	2670-2674	omni	
4-5	2675-2686	multitudini	
4-6	2687-2688	:	
4-7	2689-2691	24	
4-8	2692-2694	et	
4-9	2695-2699	ecce	
4-10	2700-2708	egressus	
4-11	2709-2714	ignis	
4-12	2715-2716	a	
4-13	2717-2723	Domino	
4-14	2723-2724	,	
4-15	2725-2734	devoravit	
4-16	2735-2746	holocaustum	
4-17	2746-2747	,	
4-18	2748-2750	et	
4-19	2751-2757	adipes	
4-20	2758-2761	qui	
4-21	2762-2767	erant	
4-22	2768-2773	super	
4-23	2774-2780	altare	
4-24	2780-2781	.	

#Text=Quod cum vidissent turbæ, laudaverunt Dominum, ruentes in facies suas.
5-1	2782-2786	Quod	
5-2	2787-2790	cum	
5-3	2791-2800	vidissent	
5-4	2801-2806	turbæ	
5-5	2806-2807	,	
5-6	2808-2819	laudaverunt	
5-7	2820-2827	Dominum	
5-8	2827-2828	,	
5-9	2829-2836	ruentes	
5-10	2837-2839	in	
5-11	2840-2846	facies	
5-12	2847-2851	suas	
5-13	2851-2852	.	

#Text=Caput 10
#Text=
#Text=
#Text=1 Arreptisque Nadab et Abiu filii Aaron thuribulis, posuerunt ignem, et incensum desuper, offerentes coram Domino ignem alienum : quod eis præceptum non erat.
#Text=2 Egressusque ignis a Domino, devoravit eos, et mortui sunt coram Domino.
6-1	2853-2858	Caput	
6-2	2859-2861	10	
6-3	2864-2865	1	
6-4	2866-2877	Arreptisque	
6-5	2878-2883	Nadab	
6-6	2884-2886	et	
6-7	2887-2891	Abiu	
6-8	2892-2897	filii	
6-9	2898-2903	Aaron	
6-10	2904-2914	thuribulis	
6-11	2914-2915	,	
6-12	2916-2925	posuerunt	
6-13	2926-2931	ignem	
6-14	2931-2932	,	
6-15	2933-2935	et	
6-16	2936-2944	incensum	
6-17	2945-2952	desuper	
6-18	2952-2953	,	
6-19	2954-2964	offerentes	
6-20	2965-2970	coram	
6-21	2971-2977	Domino	
6-22	2978-2983	ignem	
6-23	2984-2991	alienum	
6-24	2992-2993	:	
6-25	2994-2998	quod	
6-26	2999-3002	eis	
6-27	3003-3012	præceptum	
6-28	3013-3016	non	
6-29	3017-3021	erat	
6-30	3021-3022	.	
6-31	3023-3024	2	
6-32	3025-3036	Egressusque	
6-33	3037-3042	ignis	
6-34	3043-3044	a	
6-35	3045-3051	Domino	
6-36	3051-3052	,	
6-37	3053-3062	devoravit	
6-38	3063-3066	eos	
6-39	3066-3067	,	
6-40	3068-3070	et	
6-41	3071-3077	mortui	
6-42	3078-3082	sunt	
6-43	3083-3088	coram	
6-44	3089-3095	Domino	
6-45	3095-3096	.	
