#FORMAT=WebAnno TSV 3.3


#Text=Hij gaf dadelijk van de ingelegde kers aan den zieke, die er met smaak van gebruikte.
1-1	6-9	Hij	
1-2	10-13	gaf	
1-3	14-22	dadelijk	
1-4	23-26	van	
1-5	27-29	de	
1-6	30-39	ingelegde	
1-7	40-44	kers	
1-8	45-48	aan	
1-9	49-52	den	
1-10	53-58	zieke	
1-11	58-59	,	
1-12	60-63	die	
1-13	64-66	er	
1-14	67-70	met	
1-15	71-76	smaak	
1-16	77-80	van	
1-17	81-90	gebruikte	
1-18	90-91	.	

#Text=Vervolgens maakte hij hem limanade, trachtte zijnen eetlust op te wekken door eenige droppels azijn bij het lepelblad te doen, en gaf hem nu en dan een glas wijn met water vermengd daar
#Text=
#Text=
#Text=
#Text=bij.
2-1	92-102	Vervolgens	
2-2	103-109	maakte	
2-3	110-113	hij	
2-4	114-117	hem	
2-5	118-126	limanade	
2-6	126-127	,	
2-7	128-136	trachtte	
2-8	137-143	zijnen	
2-9	144-151	eetlust	
2-10	152-154	op	
2-11	155-157	te	
2-12	158-164	wekken	
2-13	165-169	door	
2-14	170-176	eenige	
2-15	177-185	droppels	
2-16	186-191	azijn	
2-17	192-195	bij	
2-18	196-199	het	
2-19	200-209	lepelblad	
2-20	210-212	te	
2-21	213-217	doen	
2-22	217-218	,	
2-23	219-221	en	
2-24	222-225	gaf	
2-25	226-229	hem	
2-26	230-232	nu	
2-27	233-235	en	
2-28	236-239	dan	
2-29	240-243	een	
2-30	244-248	glas	
2-31	249-253	wijn	
2-32	254-257	met	
2-33	258-263	water	
2-34	264-272	vermengd	
2-35	273-277	daar	
2-36	281-284	bij	
2-37	284-285	.	

#Text=Door deze heilzame middelen gevoelde zich de lijder na verloop van eenige dagen reeds aanmerkelijk beter;
#Text=de ziekte scheen nu de hoogte bereikt te hebben, en nam van dag tot dag in hevigheid af.
3-1	286-290	Door	
3-2	291-295	deze	
3-3	296-304	heilzame	
3-4	305-313	middelen	
3-5	314-322	gevoelde	
3-6	323-327	zich	
3-7	328-330	de	
3-8	331-337	lijder	
3-9	338-340	na	
3-10	341-348	verloop	
3-11	349-352	van	
3-12	353-359	eenige	
3-13	360-365	dagen	
3-14	366-371	reeds	
3-15	372-384	aanmerkelijk	
3-16	385-390	beter	
3-17	390-391	;	
3-18	392-394	de	
3-19	395-401	ziekte	
3-20	402-408	scheen	
3-21	409-411	nu	
3-22	412-414	de	
3-23	415-421	hoogte	
3-24	422-429	bereikt	
3-25	430-432	te	
3-26	433-439	hebben	
3-27	439-440	,	
3-28	441-443	en	
3-29	444-447	nam	
3-30	448-451	van	
3-31	452-455	dag	
3-32	456-459	tot	
3-33	460-463	dag	
3-34	464-466	in	
3-35	467-476	hevigheid	
3-36	477-479	af	
3-37	479-480	.	

#Text=Weldra begon ALEXIS om eten te vragen; men gaf hem eenige fijn gesnedene stukjes vossenvleesch met mostaard, die hij met smaak gebruikte, en toen hij in krachten aanwon, kreeg hij dagelijks een glas wijn of rum, en nu en dan een goed kop thee.
4-1	481-487	Weldra	
4-2	488-493	begon	
4-3	494-500	ALEXIS	
4-4	501-503	om	
4-5	504-508	eten	
4-6	509-511	te	
4-7	512-518	vragen	
4-8	518-519	;	
4-9	520-523	men	
4-10	524-527	gaf	
4-11	528-531	hem	
4-12	532-538	eenige	
4-13	539-543	fijn	
4-14	544-553	gesnedene	
4-15	554-561	stukjes	
4-16	562-575	vossenvleesch	
4-17	576-579	met	
4-18	580-588	mostaard	
4-19	588-589	,	
4-20	590-593	die	
4-21	594-597	hij	
4-22	598-601	met	
4-23	602-607	smaak	
4-24	608-617	gebruikte	
4-25	617-618	,	
4-26	619-621	en	
4-27	622-626	toen	
4-28	627-630	hij	
4-29	631-633	in	
4-30	634-642	krachten	
4-31	643-649	aanwon	
4-32	649-650	,	
4-33	651-656	kreeg	
4-34	657-660	hij	
4-35	661-670	dagelijks	
4-36	671-674	een	
4-37	675-679	glas	
4-38	680-684	wijn	
4-39	685-687	of	
4-40	688-691	rum	
4-41	691-692	,	
4-42	693-695	en	
4-43	696-698	nu	
4-44	699-701	en	
4-45	702-705	dan	
4-46	706-709	een	
4-47	710-714	goed	
4-48	715-718	kop	
4-49	719-723	thee	
4-50	723-724	.	

#Text=Binnen drie weken was ALEXIS geheel hersteld, en kon, gelijk zijne makkers, het gewone voedsel weder gebruiken.
5-1	728-734	Binnen	
5-2	735-739	drie	
5-3	740-745	weken	
5-4	746-749	was	
5-5	750-756	ALEXIS	
5-6	757-763	geheel	
5-7	764-772	hersteld	
5-8	772-773	,	
5-9	774-776	en	
5-10	777-780	kon	
5-11	780-781	,	
5-12	782-788	gelijk	
5-13	789-794	zijne	
5-14	795-802	makkers	
5-15	802-803	,	
5-16	804-807	het	
5-17	808-814	gewone	
5-18	815-822	voedsel	
5-19	823-828	weder	
5-20	829-838	gebruiken	
5-21	838-839	.	

#Text=Daar de drank van den stuurman en IWAN slechts gesmolten ijs en sneeuw geweest was, deden zij van dien tijd af aan gedurig een weinig azijn daarbij, om zich alzoo voor de scheurbuik te vrijwaren.
6-1	844-848	Daar	
6-2	849-851	de	
6-3	852-857	drank	
6-4	858-861	van	
6-5	862-865	den	
6-6	866-874	stuurman	
6-7	875-877	en	
6-8	878-882	IWAN	
6-9	883-890	slechts	
6-10	891-900	gesmolten	
6-11	901-904	ijs	
6-12	905-907	en	
6-13	908-914	sneeuw	
6-14	915-922	geweest	
6-15	923-926	was	
6-16	926-927	,	
6-17	928-933	deden	
6-18	934-937	zij	
6-19	938-941	van	
6-20	942-946	dien	
6-21	947-951	tijd	
6-22	952-954	af	
6-23	955-958	aan	
6-24	959-966	gedurig	
6-25	967-970	een	
6-26	971-977	weinig	
6-27	978-983	azijn	
6-28	984-991	daarbij	
6-29	991-992	,	
6-30	993-995	om	
6-31	996-1000	zich	
6-32	1001-1006	alzoo	
6-33	1007-1011	voor	
6-34	1012-1014	de	
6-35	1015-1025	scheurbuik	
6-36	1026-1028	te	
6-37	1029-1038	vrijwaren	
6-38	1038-1039	.	

#Text=Ook gebruikten zij toen nu en dan een kop thee en een weinig rum, en bereidden hunne spijzen met mostaard toe, die hun daardoor ook beter smaakten.
7-1	1040-1043	Ook	
7-2	1044-1054	gebruikten	
7-3	1055-1058	zij	
7-4	1059-1063	toen	
7-5	1064-1066	nu	
7-6	1067-1069	en	
7-7	1070-1073	dan	
7-8	1074-1077	een	
7-9	1078-1081	kop	
7-10	1082-1086	thee	
7-11	1087-1089	en	
7-12	1090-1093	een	
7-13	1094-1100	weinig	
7-14	1101-1104	rum	
7-15	1104-1105	,	
7-16	1106-1108	en	
7-17	1109-1118	bereidden	
7-18	1119-1124	hunne	
7-19	1125-1132	spijzen	
7-20	1133-1136	met	
7-21	1137-1145	mostaard	
7-22	1146-1149	toe	
7-23	1149-1150	,	
7-24	1151-1154	die	
7-25	1155-1158	hun	
7-26	1159-1167	daardoor	
7-27	1168-1171	ook	
7-28	1172-1177	beter	
7-29	1178-1186	smaakten	
7-30	1186-1187	.	

#Text=Intusschen nam de koude nog gedurig toe, zoodat geene van hen zich buiten noodzakelijkheid in de opene lucht durfde wagen, en daarbij heerschte er gedurig zulk eene dikke mist, dat men op eenen geringen afstand niets onderscheiden kon.
8-1	1191-1201	Intusschen	
8-2	1202-1205	nam	
8-3	1206-1208	de	
8-4	1209-1214	koude	
8-5	1215-1218	nog	
8-6	1219-1226	gedurig	
8-7	1227-1230	toe	
8-8	1230-1231	,	
8-9	1232-1238	zoodat	
8-10	1239-1244	geene	
8-11	1245-1248	van	
8-12	1249-1252	hen	
8-13	1253-1257	zich	
8-14	1258-1264	buiten	
8-15	1265-1281	noodzakelijkheid	
8-16	1282-1284	in	
8-17	1285-1287	de	
8-18	1288-1293	opene	
8-19	1294-1299	lucht	
8-20	1300-1306	durfde	
8-21	1307-1312	wagen	
8-22	1312-1313	,	
8-23	1314-1316	en	
8-24	1317-1324	daarbij	
8-25	1325-1334	heerschte	
8-26	1335-1337	er	
8-27	1338-1345	gedurig	
8-28	1346-1350	zulk	
8-29	1351-1355	eene	
8-30	1356-1361	dikke	
8-31	1362-1366	mist	
8-32	1366-1367	,	
8-33	1368-1371	dat	
8-34	1372-1375	men	
8-35	1376-1378	op	
8-36	1379-1384	eenen	
8-37	1385-1393	geringen	
8-38	1394-1401	afstand	
8-39	1402-1407	niets	
8-40	1408-1421	onderscheiden	
8-41	1422-1425	kon	
8-42	1425-1426	.	

#Text=Ook viel er van tijd tot tijd zoo veel sneeuw, dat zij veel moeite hadden, om hun hout daaronder weg te halen.
9-1	1428-1431	Ook	
9-2	1432-1436	viel	
9-3	1437-1439	er	
9-4	1440-1443	van	
9-5	1444-1448	tijd	
9-6	1449-1452	tot	
9-7	1453-1457	tijd	
9-8	1458-1461	zoo	
9-9	1462-1466	veel	
9-10	1467-1473	sneeuw	
9-11	1473-1474	,	
9-12	1475-1478	dat	
9-13	1479-1482	zij	
9-14	1483-1487	veel	
9-15	1488-1494	moeite	
9-16	1495-1501	hadden	
9-17	1501-1502	,	
9-18	1503-1505	om	
9-19	1506-1509	hun	
9-20	1510-1514	hout	
9-21	1515-1524	daaronder	
9-22	1525-1528	weg	
9-23	1529-1531	te	
9-24	1532-1537	halen	
9-25	1537-1538	.	

#Text=Hunne woning was gedeeltelijk onder de sneeuw begraven, maar daardoor hadden zij ook het genoegen, dat zij in huis minder van de ontzettende koude te lijden hadden, en meer veilig voor de aanvallen der beeren waren.
10-1	1539-1544	Hunne	
10-2	1545-1551	woning	
10-3	1552-1555	was	
10-4	1556-1568	gedeeltelijk	
10-5	1569-1574	onder	
10-6	1575-1577	de	
10-7	1578-1584	sneeuw	
10-8	1585-1593	begraven	
10-9	1593-1594	,	
10-10	1595-1599	maar	
10-11	1600-1608	daardoor	
10-12	1609-1615	hadden	
10-13	1616-1619	zij	
10-14	1620-1623	ook	
10-15	1624-1627	het	
10-16	1628-1636	genoegen	
10-17	1636-1637	,	
10-18	1638-1641	dat	
10-19	1642-1645	zij	
10-20	1646-1648	in	
10-21	1649-1653	huis	
10-22	1654-1660	minder	
10-23	1661-1664	van	
10-24	1665-1667	de	
10-25	1668-1679	ontzettende	
10-26	1680-1685	koude	
10-27	1686-1688	te	
10-28	1689-1695	lijden	
10-29	1696-1702	hadden	
10-30	1702-1703	,	
10-31	1704-1706	en	
10-32	1707-1711	meer	
10-33	1712-1718	veilig	
10-34	1719-1723	voor	
10-35	1724-1726	de	
10-36	1727-1736	aanvallen	
10-37	1737-1740	der	
10-38	1741-1747	beeren	
10-39	1748-1753	waren	
10-40	1753-1754	.	

#Text=N 45.
11-1	1757-1758	N	
11-2	1759-1761	45	
11-3	1761-1762	.	

#Text=Het noorderlicht.
12-1	1765-1768	Het	
12-2	1769-1781	noorderlicht	
12-3	1781-1782	.	

#Text=De drie vrienden maakten van de aldaar gevonden levensmiddelen een dankbaar en matig gebruik, terwijl zij altijd iets bespaarden voor onvoorziene toevallen.
13-1	1786-1788	De	
13-2	1789-1793	drie	
13-3	1794-1802	vrienden	
13-4	1803-1810	maakten	
13-5	1811-1814	van	
13-6	1815-1817	de	
13-7	1818-1824	aldaar	
13-8	1825-1833	gevonden	
13-9	1834-1848	levensmiddelen	
13-10	1849-1852	een	
13-11	1853-1861	dankbaar	
13-12	1862-1864	en	
13-13	1865-1870	matig	
13-14	1871-1878	gebruik	
13-15	1878-1879	,	
13-16	1880-1887	terwijl	
13-17	1888-1891	zij	
13-18	1892-1898	altijd	
13-19	1899-1903	iets	
13-20	1904-1914	bespaarden	
13-21	1915-1919	voor	
13-22	1920-1931	onvoorziene	
13-23	1932-1941	toevallen	
13-24	1941-1942	.	

#Text=Niet alleen werden zij door de groote koude verhinderd om de buitenlucht te genieten, maar eene dikke mist beletede hen de voorwerpen op eenen geringen afstand te kunnen onderscheiden.
14-1	1947-1951	Niet	
14-2	1952-1958	alleen	
14-3	1959-1965	werden	
14-4	1966-1969	zij	
14-5	1970-1974	door	
14-6	1975-1977	de	
14-7	1978-1984	groote	
14-8	1985-1990	koude	
14-9	1991-2001	verhinderd	
14-10	2002-2004	om	
14-11	2005-2007	de	
14-12	2008-2019	buitenlucht	
14-13	2020-2022	te	
14-14	2023-2031	genieten	
14-15	2031-2032	,	
14-16	2033-2037	maar	
14-17	2038-2042	eene	
14-18	2043-2048	dikke	
14-19	2049-2053	mist	
14-20	2054-2062	beletede	
14-21	2063-2066	hen	
14-22	2067-2069	de	
14-23	2070-2080	voorwerpen	
14-24	2081-2083	op	
14-25	2084-2089	eenen	
14-26	2090-2098	geringen	
14-27	2099-2106	afstand	
14-28	2107-2109	te	
14-29	2110-2116	kunnen	
14-30	2117-2130	onderscheiden	
14-31	2130-2131	.	
