#FORMAT=WebAnno TSV 3.3
#T_SP=custom.Span|label
#T_RL=custom.Relation|label|BT_custom.Span


#Text=W.
1-1	2-3	W	_	_	_	
1-2	3-4	.	_	_	_	

#Text=Bosman, 2de deel
#Text=blz. 146
2-1	5-11	Bosman	_	_	_	
2-2	11-12	,	_	_	_	
2-3	13-16	2de	_	_	_	
2-4	17-21	deel	_	_	_	
2-5	22-25	blz	_	_	_	
2-6	25-26	.	_	_	_	
2-7	27-30	146	_	_	_	

#Text=.
3-1	30-31	.	_	_	_	

#Text=()
#Text=\t
#Text=Hartsinck, 2e
#Text=deel blz. 901.
4-1	33-34	(	_	_	_	
4-2	34-35	)	_	_	_	
4-3	38-47	Hartsinck	_	_	_	
4-4	47-48	,	_	_	_	
4-5	49-51	2e	_	_	_	
4-6	52-56	deel	_	_	_	
4-7	57-60	blz	_	_	_	
4-8	60-61	.	_	_	_	
4-9	62-65	901	_	_	_	
4-10	65-66	.	_	_	_	

#Text=naar de schepen gevoerd, en daar van 300 tol 350 en van 600 tot 700 in een schip 
#Text=geladen.
5-1	71-75	naar	_	_	_	
5-2	76-78	de	_	_	_	
5-3	79-86	schepen	_	_	_	
5-4	87-94	gevoerd	_	_	_	
5-5	94-95	,	_	_	_	
5-6	96-98	en	_	_	_	
5-7	99-103	daar	_	_	_	
5-8	104-107	van	_	_	_	
5-9	108-111	300	_	_	_	
5-10	112-115	tol	_	_	_	
5-11	116-119	350	_	_	_	
5-12	120-122	en	_	_	_	
5-13	123-126	van	_	_	_	
5-14	127-130	600	_	_	_	
5-15	131-134	tot	_	_	_	
5-16	135-138	700	_	_	_	
5-17	139-141	in	_	_	_	
5-18	142-145	een	_	_	_	
5-19	146-151	schip	_	_	_	
5-20	153-160	geladen	_	_	_	
5-21	160-161	.	_	_	_	

#Text=De mannen werden van de vrouwen gescheiden; de eersten daarenboven geboeid, 
#Text=en vervolgens, om ruimte te winnen, zoo digt mogelijk opeengepakt;
#Text=de benaauwde 
#Text=en verpestende atmospheer in dergelijke slavenschepen veroorzaakte dikwijls 
#Text=besmettelijke ziekten, en steeds vielen er vele slagtoffers daarvan op de reis.
6-1	166-168	De	_	_	_	
6-2	169-175	mannen	_	_	_	
6-3	176-182	werden	_	_	_	
6-4	183-186	van	_	_	_	
6-5	187-189	de	_	_	_	
6-6	190-197	vrouwen	_	_	_	
6-7	198-208	gescheiden	_	_	_	
6-8	208-209	;	_	_	_	
6-9	210-212	de	_	_	_	
6-10	213-220	eersten	_	_	_	
6-11	221-232	daarenboven	_	_	_	
6-12	233-240	geboeid	_	_	_	
6-13	240-241	,	_	_	_	
6-14	243-245	en	_	_	_	
6-15	246-256	vervolgens	_	_	_	
6-16	256-257	,	_	_	_	
6-17	258-260	om	_	_	_	
6-18	261-267	ruimte	_	_	_	
6-19	268-270	te	_	_	_	
6-20	271-277	winnen	_	_	_	
6-21	277-278	,	_	_	_	
6-22	279-282	zoo	_	_	_	
6-23	283-287	digt	_	_	_	
6-24	288-296	mogelijk	_	_	_	
6-25	297-308	opeengepakt	_	_	_	
6-26	308-309	;	_	_	_	
6-27	310-312	de	_	_	_	
6-28	313-322	benaauwde	_	_	_	
6-29	324-326	en	_	_	_	
6-30	327-338	verpestende	_	_	_	
6-31	339-349	atmospheer	_	_	_	
6-32	350-352	in	_	_	_	
6-33	353-363	dergelijke	_	_	_	
6-34	364-377	slavenschepen	_	_	_	
6-35	378-390	veroorzaakte	_	_	_	
6-36	391-399	dikwijls	_	_	_	
6-37	401-414	besmettelijke	_	_	_	
6-38	415-422	ziekten	_	_	_	
6-39	422-423	,	_	_	_	
6-40	424-426	en	_	_	_	
6-41	427-433	steeds	_	_	_	
6-42	434-440	vielen	_	_	_	
6-43	441-443	er	_	_	_	
6-44	444-448	vele	_	_	_	
6-45	449-460	slagtoffers	_	_	_	
6-46	461-468	daarvan	_	_	_	
6-47	469-471	op	_	_	_	
6-48	472-474	de	_	_	_	
6-49	475-479	reis	_	_	_	
6-50	479-480	.	_	_	_	

#Text=De Fransche, Engelsche en Portugesche slavenschepen waren altoos even 
#Text=morsig, vuil, stinkende; op de Nederlandsche betrachtte men ten minste eenigermate
#Text=de zindelijkheid(*).
7-1	484-486	De	Smell\_Source[1]	_	_	
7-2	487-495	Fransche	Smell\_Source[1]	_	_	
7-3	495-496	,	Smell\_Source[1]	_	_	
7-4	497-506	Engelsche	Smell\_Source[1]	_	_	
7-5	507-509	en	Smell\_Source[1]	_	_	
7-6	510-521	Portugesche	Smell\_Source[1]	_	_	
7-7	522-535	slavenschepen	Smell\_Source[1]	_	_	
7-8	536-541	waren	_	_	_	
7-9	542-548	altoos	Time	_	_	
7-10	549-553	even	_	_	_	
7-11	555-561	morsig	_	_	_	
7-12	561-562	,	_	_	_	
7-13	563-567	vuil	_	_	_	
7-14	567-568	,	_	_	_	
7-15	569-578	stinkende	Quality[2]|Smell\_Word[3]	*|*|*	7-1[1_3]|7-15[2_3]|7-9[0_3]	
7-16	578-579	;	_	_	_	
7-17	580-582	op	_	_	_	
7-18	583-585	de	_	_	_	
7-19	586-599	Nederlandsche	_	_	_	
7-20	600-610	betrachtte	_	_	_	
7-21	611-614	men	_	_	_	
7-22	615-618	ten	_	_	_	
7-23	619-625	minste	_	_	_	
7-24	626-637	eenigermate	_	_	_	
7-25	638-640	de	_	_	_	
7-26	641-654	zindelijkheid	_	_	_	
7-27	654-655	(	_	_	_	
7-28	655-656	*	_	_	_	
7-29	656-657	)	_	_	_	
7-30	657-658	.	_	_	_	

#Text=Van tijd tot tijd liet men eenige slaven boven komen, om versche lucht te scheppen, 
#Text=bij welke gelegenheid de wacht met scherp geladen en daarenboven verdubbeld 
#Text=werd.
8-1	663-666	Van	_	_	_	
8-2	667-671	tijd	_	_	_	
8-3	672-675	tot	_	_	_	
8-4	676-680	tijd	_	_	_	
8-5	681-685	liet	_	_	_	
8-6	686-689	men	_	_	_	
8-7	690-696	eenige	_	_	_	
8-8	697-703	slaven	_	_	_	
8-9	704-709	boven	_	_	_	
8-10	710-715	komen	_	_	_	
8-11	715-716	,	_	_	_	
8-12	717-719	om	_	_	_	
8-13	720-727	versche	_	_	_	
8-14	728-733	lucht	_	_	_	
8-15	734-736	te	_	_	_	
8-16	737-745	scheppen	_	_	_	
8-17	745-746	,	_	_	_	
8-18	748-751	bij	_	_	_	
8-19	752-757	welke	_	_	_	
8-20	758-769	gelegenheid	_	_	_	
8-21	770-772	de	_	_	_	
8-22	773-778	wacht	_	_	_	
8-23	779-782	met	_	_	_	
8-24	783-789	scherp	_	_	_	
8-25	790-797	geladen	_	_	_	
8-26	798-800	en	_	_	_	
8-27	801-812	daarenboven	_	_	_	
8-28	813-823	verdubbeld	_	_	_	
8-29	825-829	werd	_	_	_	
8-30	829-830	.	_	_	_	

#Text=Niettegenstaande deze voorzorgen spanden de slaven soms te zamen,
9-1	834-850	Niettegenstaande	_	_	_	
9-2	851-855	deze	_	_	_	
9-3	856-866	voorzorgen	_	_	_	
9-4	867-874	spanden	_	_	_	
9-5	875-877	de	_	_	_	
9-6	878-884	slaven	_	_	_	
9-7	885-889	soms	_	_	_	
9-8	890-892	te	_	_	_	
9-9	893-898	zamen	_	_	_	
9-10	898-899	,	_	_	_	
