#FORMAT=WebAnno TSV 3.3


#Text=Quid Odoratę fuauius odoramento,ex am imbra & bra zibecho & succò limo- iesemino.
#Text=nis certa quadam ratione condito ?
1-1	2-6	Quid	
1-2	7-14	Odoratę	
1-3	15-22	fuauius	
1-4	23-33	odoramento	
1-5	33-34	,	
1-6	34-36	ex	
1-7	37-39	am	
1-8	40-45	imbra	
1-9	46-47	&	
1-10	48-51	bra	
1-11	52-59	zibecho	
1-12	60-61	&	
1-13	62-67	succò	
1-14	68-72	limo	
1-15	72-73	-	
1-16	74-82	iesemino	
1-17	82-83	.	
1-18	84-87	nis	
1-19	88-93	certa	
1-20	94-100	quadam	
1-21	101-108	ratione	
1-22	109-116	condito	
1-23	117-118	?	

#Text=Quid aequè fragrans , atque moschus , ro.
#Text=farum aqua mollitus, & vini laticis , qui aqua vicis vulgò appellatur, nomento ex arte perfusus?
2-1	119-123	Quid	
2-2	124-129	aequè	
2-3	130-138	fragrans	
2-4	139-140	,	
2-5	141-146	atque	
2-6	147-154	moschus	
2-7	155-156	,	
2-8	157-159	ro	
2-9	159-160	.	
2-10	161-166	farum	
2-11	167-171	aqua	
2-12	172-180	mollitus	
2-13	180-181	,	
2-14	182-183	&	
2-15	184-188	vini	
2-16	189-196	laticis	
2-17	197-198	,	
2-18	199-202	qui	
2-19	203-207	aqua	
2-20	208-213	vicis	
2-21	214-219	vulgò	
2-22	220-230	appellatur	
2-23	230-231	,	
2-24	232-239	nomento	
2-25	240-242	ex	
2-26	243-247	arte	
2-27	248-256	perfusus	
2-28	256-257	?	

#Text=Exarte, inquam, quia reuerà nihil eft , quod ad odoramen- Ad odora: ta condienda magis cons
#Text=
#Text=menta quid ducat , quàm certa simplicium portio .
3-1	258-264	Exarte	
3-2	264-265	,	
3-3	266-272	inquam	
3-4	272-273	,	
3-5	274-278	quia	
3-6	279-285	reuerà	
3-7	286-291	nihil	
3-8	292-295	eft	
3-9	296-297	,	
3-10	298-302	quod	
3-11	303-305	ad	
3-12	306-314	odoramen	
3-13	314-315	-	
3-14	316-318	Ad	
3-15	319-324	odora	
3-16	324-325	:	
3-17	326-328	ta	
3-18	329-338	condienda	
3-19	339-344	magis	
3-20	345-349	cons	
3-21	351-356	menta	
3-22	357-361	quid	
3-23	362-367	ducat	
3-24	368-369	,	
3-25	370-374	quàm	
3-26	375-380	certa	
3-27	381-391	simplicium	
3-28	392-398	portio	
3-29	399-400	.	

#Text=Etenim · VC Humor alit fegetem, fegeti con- Virgilius in
#Text=
#Text=Catalect.
#Text=trarius humor;
#Text=
#Text=
#Text=
#Text=
#Text=
#Text=neceflaria.
#Text=ita latex hic vini , & mirè
#Text=
#Text=acuit temperatq;moschum,
#Text=
#Text=cerra quadam portione mi-
#Text=
#Text=stus; & maximè obeft eius
#Text=
#Text=
#Text=
#Text=suauitati immodicus atque
#Text=
#Text=| intemperatus.
4-1	401-407	Etenim	
4-2	408-409	·	
4-3	410-412	VC	
4-4	413-418	Humor	
4-5	419-423	alit	
4-6	424-431	fegetem	
4-7	431-432	,	
4-8	433-439	fegeti	
4-9	440-443	con	
4-10	443-444	-	
4-11	445-454	Virgilius	
4-12	455-457	in	
4-13	459-467	Catalect	
4-14	467-468	.	
4-15	469-476	trarius	
4-16	477-482	humor	
4-17	482-483	;	
4-18	489-499	neceflaria	
4-19	499-500	.	
4-20	501-504	ita	
4-21	505-510	latex	
4-22	511-514	hic	
4-23	515-519	vini	
4-24	520-521	,	
4-25	522-523	&	
4-26	524-528	mirè	
4-27	530-535	acuit	
4-28	536-545	temperatq	
4-29	545-546	;	
4-30	546-553	moschum	
4-31	553-554	,	
4-32	556-561	cerra	
4-33	562-568	quadam	
4-34	569-577	portione	
4-35	578-580	mi	
4-36	580-581	-	
4-37	583-587	stus	
4-38	587-588	;	
4-39	589-590	&	
4-40	591-597	maximè	
4-41	598-603	obeft	
4-42	604-608	eius	
4-43	612-621	suauitati	
4-44	622-631	immodicus	
4-45	632-637	atque	
4-46	639-640	|	
4-47	641-653	intemperatus	
4-48	653-654	.	

#Text=Obiectio.
5-1	655-663	Obiectio	
5-2	663-664	.	

#Text=Sed heus eu?
6-1	665-668	Sed	
6-2	669-673	heus	
6-3	674-676	eu	
6-4	676-677	?	

#Text=inquies:caue longiùs ab Lyceo & Aca demia in Vnguentariam aberres; vel potius erres, Totum, inquit Ariftoteles, quippiam eft a partibus diuerfum; non ergo ex luauitate balsami, cinnamomi, ac fimilium coniectare licet compositi ex ijs.vnguenti suauitatem .
7-1	677-684	inquies	
7-2	684-685	:	
7-3	685-689	caue	
7-4	690-697	longiùs	
7-5	698-700	ab	
7-6	701-706	Lyceo	
7-7	707-708	&	
7-8	709-712	Aca	
7-9	713-718	demia	
7-10	719-721	in	
7-11	722-734	Vnguentariam	
7-12	735-742	aberres	
7-13	742-743	;	
7-14	744-747	vel	
7-15	748-754	potius	
7-16	755-760	erres	
7-17	760-761	,	
7-18	762-767	Totum	
7-19	767-768	,	
7-20	769-775	inquit	
7-21	776-787	Ariftoteles	
7-22	787-788	,	
7-23	789-797	quippiam	
7-24	798-801	eft	
7-25	802-803	a	
7-26	804-812	partibus	
7-27	813-821	diuerfum	
7-28	821-822	;	
7-29	823-826	non	
7-30	827-831	ergo	
7-31	832-834	ex	
7-32	835-844	luauitate	
7-33	845-852	balsami	
7-34	852-853	,	
7-35	854-863	cinnamomi	
7-36	863-864	,	
7-37	865-867	ac	
7-38	868-876	fimilium	
7-39	877-887	coniectare	
7-40	888-893	licet	
7-41	894-903	compositi	
7-42	904-906	ex	
7-43	907-919	ijs.vnguenti	
7-44	920-930	suauitatem	
7-45	931-932	.	

#Text=Imò verò licet : sic enim fcimus, ex ambra & zibetho, minimè ex fe fua
#Text=
#Text=
#Text=
#Text=
#Text=
#Text=uiter olentibus,vnguentum composirum iucundiffimè olere: quod lanè comprobat, Totum quippiam effe a par.
#Text=sibus diuerfum.
8-1	933-936	Imò	
8-2	937-941	verò	
8-3	942-947	licet	
8-4	948-949	:	
8-5	950-953	sic	
8-6	954-958	enim	
8-7	959-965	fcimus	
8-8	965-966	,	
8-9	967-969	ex	
8-10	970-975	ambra	
8-11	976-977	&	
8-12	978-985	zibetho	
8-13	985-986	,	
8-14	987-993	minimè	
8-15	994-996	ex	
8-16	997-999	fe	
8-17	1000-1003	fua	
8-18	1009-1014	uiter	
8-19	1015-1024	olentibus	
8-20	1024-1025	,	
8-21	1025-1034	vnguentum	
8-22	1035-1045	composirum	
8-23	1046-1058	iucundiffimè	
8-24	1059-1064	olere	
8-25	1064-1065	:	
8-26	1066-1070	quod	
8-27	1071-1075	lanè	
8-28	1076-1085	comprobat	
8-29	1085-1086	,	
8-30	1087-1092	Totum	
8-31	1093-1101	quippiam	
8-32	1102-1106	effe	
8-33	1107-1108	a	
8-34	1109-1112	par	
8-35	1112-1113	.	
8-36	1114-1119	sibus	
8-37	1120-1128	diuerfum	
8-38	1128-1129	.	

#Text=Atverò non dubito, quin ex fuauibus partibus fuauius vnguentú cóparatio epndiatur,quàm ex parti- ballamo še bus multò minus suauibus.
#Text=ex ambra.
9-1	1130-1136	Atverò	
9-2	1137-1140	non	
9-3	1141-1147	dubito	
9-4	1147-1148	,	
9-5	1149-1153	quin	
9-6	1154-1156	ex	
9-7	1157-1165	fuauibus	
9-8	1166-1174	partibus	
9-9	1175-1182	fuauius	
9-10	1183-1191	vnguentú	
9-11	1192-1201	cóparatio	
9-12	1202-1211	epndiatur	
9-13	1211-1212	,	
9-14	1212-1216	quàm	
9-15	1217-1219	ex	
9-16	1220-1225	parti	
9-17	1225-1226	-	
9-18	1227-1234	ballamo	
9-19	1235-1237	še	
9-20	1238-1241	bus	
9-21	1242-1247	multò	
9-22	1248-1253	minus	
9-23	1254-1262	suauibus	
9-24	1262-1263	.	
9-25	1264-1266	ex	
9-26	1267-1272	ambra	
9-27	1272-1273	.	

#Text=Ergo vero fimilius est, ynguentum,ex ballamo compoficum ; ex cinnamomo.
#Text=aut fimilibus, igne sedulaque arte elaboracis, iucun.
#Text=dius esse vnguento ex ambra &ë zibecho:cum ea foa licaria his fimplicibus ac pu ris iucundias oleanr.
#Text=..Ceterùm institųta de On
#Text=
#Text=G dom
#Text=
#Text=
#Text=
#Text=
#Text=
#Text=odoribus ad seusnni refertur.
10-1	1274-1278	Ergo	
10-2	1279-1283	vero	
10-3	1284-1292	fimilius	
10-4	1293-1296	est	
10-5	1296-1297	,	
10-6	1298-1307	ynguentum	
10-7	1307-1308	,	
10-8	1308-1310	ex	
10-9	1311-1318	ballamo	
10-10	1319-1329	compoficum	
10-11	1330-1331	;	
10-12	1332-1334	ex	
10-13	1335-1344	cinnamomo	
10-14	1344-1345	.	
10-15	1346-1349	aut	
10-16	1350-1359	fimilibus	
10-17	1359-1360	,	
10-18	1361-1365	igne	
10-19	1366-1375	sedulaque	
10-20	1376-1380	arte	
10-21	1381-1391	elaboracis	
10-22	1391-1392	,	
10-23	1393-1398	iucun	
10-24	1398-1399	.	
10-25	1400-1404	dius	
10-26	1405-1409	esse	
10-27	1410-1418	vnguento	
10-28	1419-1421	ex	
10-29	1422-1427	ambra	
10-30	1428-1429	&	
10-31	1429-1430	ë	
10-32	1431-1438	zibecho	
10-33	1438-1439	:	
10-34	1439-1442	cum	
10-35	1443-1445	ea	
10-36	1446-1449	foa	
10-37	1450-1457	licaria	
10-38	1458-1461	his	
10-39	1462-1473	fimplicibus	
10-40	1474-1476	ac	
10-41	1477-1479	pu	
10-42	1480-1483	ris	
10-43	1484-1493	iucundias	
10-44	1494-1500	oleanr	
10-45	1500-1501	.	
10-46	1502-1503	.	
10-47	1503-1504	.	
10-48	1504-1511	Ceterùm	
10-49	1512-1521	institųta	
10-50	1522-1524	de	
10-51	1525-1527	On	
10-52	1529-1530	G	
10-53	1531-1534	dom	
10-54	1540-1548	odoribus	
10-55	1549-1551	ad	
10-56	1552-1559	seusnni	
10-57	1560-1568	refertur	
10-58	1568-1569	.	

#Text=Quaeftio de doribusqaaeftio non fola,
#Text=
#Text=tariócihatione , non fyllo
#Text=
#Text=gifmisigaiút:solis auccorum placitis tractanda eft.
11-1	1570-1578	Quaeftio	
11-2	1579-1581	de	
11-3	1582-1597	doribusqaaeftio	
11-4	1598-1601	non	
11-5	1602-1606	fola	
11-6	1606-1607	,	
11-7	1609-1623	tariócihatione	
11-8	1624-1625	,	
11-9	1626-1629	non	
11-10	1630-1635	fyllo	
11-11	1637-1649	gifmisigaiút	
11-12	1649-1650	:	
11-13	1650-1655	solis	
11-14	1656-1664	auccorum	
11-15	1665-1673	placitis	
11-16	1674-1683	tractanda	
11-17	1684-1687	eft	
11-18	1687-1688	.	

#Text=OdoIessenlui patent, aequilla
#Text=
#Text=mo, acerrimoque eorum no cenfori.
12-1	1689-1701	OdoIessenlui	
12-2	1702-1708	patent	
12-3	1708-1709	,	
12-4	1710-1718	aequilla	
12-5	1720-1722	mo	
12-6	1722-1723	,	
12-7	1724-1735	acerrimoque	
12-8	1736-1741	eorum	
12-9	1742-1744	no	
12-10	1745-1752	cenfori	
12-11	1752-1753	.	
