#FORMAT=WebAnno TSV 3.3


#Text=22 Tetenderunt ergo Absalom tabernaculum in solario, ingressusque est ad concubinas patris sui coram universo Israël.
#Text=23 Consilium autem Achitophel quod dabat in diebus illis, quasi si quis consuleret Deum : sic erat omne consilium Achitophel, et cum esset cum David, et cum esset cum Absalom.
1-1	2-4	22	
1-2	5-16	Tetenderunt	
1-3	17-21	ergo	
1-4	22-29	Absalom	
1-5	30-42	tabernaculum	
1-6	43-45	in	
1-7	46-53	solario	
1-8	53-54	,	
1-9	55-67	ingressusque	
1-10	68-71	est	
1-11	72-74	ad	
1-12	75-85	concubinas	
1-13	86-92	patris	
1-14	93-96	sui	
1-15	97-102	coram	
1-16	103-111	universo	
1-17	112-118	Israël	
1-18	118-119	.	
1-19	120-122	23	
1-20	123-132	Consilium	
1-21	133-138	autem	
1-22	139-149	Achitophel	
1-23	150-154	quod	
1-24	155-160	dabat	
1-25	161-163	in	
1-26	164-170	diebus	
1-27	171-176	illis	
1-28	176-177	,	
1-29	178-183	quasi	
1-30	184-186	si	
1-31	187-191	quis	
1-32	192-202	consuleret	
1-33	203-207	Deum	
1-34	208-209	:	
1-35	210-213	sic	
1-36	214-218	erat	
1-37	219-223	omne	
1-38	224-233	consilium	
1-39	234-244	Achitophel	
1-40	244-245	,	
1-41	246-248	et	
1-42	249-252	cum	
1-43	253-258	esset	
1-44	259-262	cum	
1-45	263-268	David	
1-46	268-269	,	
1-47	270-272	et	
1-48	273-276	cum	
1-49	277-282	esset	
1-50	283-286	cum	
1-51	287-294	Absalom	
1-52	294-295	.	

#Text=Caput 17
#Text=
#Text=
#Text=1 Dixit ergo Achitophel ad Absalom : Eligam mihi duodecim millia virorum, et consurgens persequar David hac nocte.
#Text=2 Et irruens super eum (quippe qui lassus est, et solutis manibus), percutiam eum : cumque fugerit omnis populus qui cum eo est, percutiam regem desolatum.
#Text=3 Et reducam universum populum, quomodo unus homo reverti solet : unum enim virum tu quæris : et omnis populus erit in pace.
#Text=4 Placuitque sermo ejus Absalom, et cunctis majoribus natu Israël.
#Text=5 Ait autem Absalom : Vocate Chusai Arachiten, et audiamus quid etiam ipse dicat.
#Text=6 Cumque venisset Chusai ad Absalom, ait Absalom ad eum : Hujuscemodi sermonem locutus est Achitophel : facere debemus an non ?
2-1	296-301	Caput	
2-2	302-304	17	
2-3	307-308	1	
2-4	309-314	Dixit	
2-5	315-319	ergo	
2-6	320-330	Achitophel	
2-7	331-333	ad	
2-8	334-341	Absalom	
2-9	342-343	:	
2-10	344-350	Eligam	
2-11	351-355	mihi	
2-12	356-364	duodecim	
2-13	365-371	millia	
2-14	372-379	virorum	
2-15	379-380	,	
2-16	381-383	et	
2-17	384-394	consurgens	
2-18	395-404	persequar	
2-19	405-410	David	
2-20	411-414	hac	
2-21	415-420	nocte	
2-22	420-421	.	
2-23	422-423	2	
2-24	424-426	Et	
2-25	427-434	irruens	
2-26	435-440	super	
2-27	441-444	eum	
2-28	445-446	(	
2-29	446-452	quippe	
2-30	453-456	qui	
2-31	457-463	lassus	
2-32	464-467	est	
2-33	467-468	,	
2-34	469-471	et	
2-35	472-479	solutis	
2-36	480-487	manibus	
2-37	487-488	)	
2-38	488-489	,	
2-39	490-499	percutiam	
2-40	500-503	eum	
2-41	504-505	:	
2-42	506-512	cumque	
2-43	513-520	fugerit	
2-44	521-526	omnis	
2-45	527-534	populus	
2-46	535-538	qui	
2-47	539-542	cum	
2-48	543-545	eo	
2-49	546-549	est	
2-50	549-550	,	
2-51	551-560	percutiam	
2-52	561-566	regem	
2-53	567-576	desolatum	
2-54	576-577	.	
2-55	578-579	3	
2-56	580-582	Et	
2-57	583-590	reducam	
2-58	591-600	universum	
2-59	601-608	populum	
2-60	608-609	,	
2-61	610-617	quomodo	
2-62	618-622	unus	
2-63	623-627	homo	
2-64	628-635	reverti	
2-65	636-641	solet	
2-66	642-643	:	
2-67	644-648	unum	
2-68	649-653	enim	
2-69	654-659	virum	
2-70	660-662	tu	
2-71	663-669	quæris	
2-72	670-671	:	
2-73	672-674	et	
2-74	675-680	omnis	
2-75	681-688	populus	
2-76	689-693	erit	
2-77	694-696	in	
2-78	697-701	pace	
2-79	701-702	.	
2-80	703-704	4	
2-81	705-715	Placuitque	
2-82	716-721	sermo	
2-83	722-726	ejus	
2-84	727-734	Absalom	
2-85	734-735	,	
2-86	736-738	et	
2-87	739-746	cunctis	
2-88	747-756	majoribus	
2-89	757-761	natu	
2-90	762-768	Israël	
2-91	768-769	.	
2-92	770-771	5	
2-93	772-775	Ait	
2-94	776-781	autem	
2-95	782-789	Absalom	
2-96	790-791	:	
2-97	792-798	Vocate	
2-98	799-805	Chusai	
2-99	806-815	Arachiten	
2-100	815-816	,	
2-101	817-819	et	
2-102	820-828	audiamus	
2-103	829-833	quid	
2-104	834-839	etiam	
2-105	840-844	ipse	
2-106	845-850	dicat	
2-107	850-851	.	
2-108	852-853	6	
2-109	854-860	Cumque	
2-110	861-869	venisset	
2-111	870-876	Chusai	
2-112	877-879	ad	
2-113	880-887	Absalom	
2-114	887-888	,	
2-115	889-892	ait	
2-116	893-900	Absalom	
2-117	901-903	ad	
2-118	904-907	eum	
2-119	908-909	:	
2-120	910-921	Hujuscemodi	
2-121	922-930	sermonem	
2-122	931-938	locutus	
2-123	939-942	est	
2-124	943-953	Achitophel	
2-125	954-955	:	
2-126	956-962	facere	
2-127	963-970	debemus	
2-128	971-973	an	
2-129	974-977	non	
2-130	978-979	?	

#Text=quod das consilium ?
3-1	980-984	quod	
3-2	985-988	das	
3-3	989-998	consilium	
3-4	999-1000	?	

#Text=7 Et dixit Chusai ad Absalom : Non est bonum consilium quod dedit Achitophel hac vice.
#Text=8 Et rursum intulit Chusai : Tu nosti patrem tuum, et viros qui cum eo sunt, esse fortissimos et amaro animo, veluti si ursa raptis catulis in saltu sæviat : sed et pater tuus vir bellator est, nec morabitur cum populo.
#Text=9 Forsitan nunc latitat in foveis, aut in uno, quo voluerit, loco : et cum ceciderit unus quilibet in principio, audiet quicumque audierit, et dicet : Facta est plaga in populo qui sequebatur Absalom.
#Text=10 Et fortissimus quisque, cujus cor est quasi leonis, pavore solvetur : scit enim omnis populus Israël fortem esse patrem tuum, et robustos omnes qui cum eo sunt.
#Text=11 Sed hoc mihi videtur rectum esse consilium.
4-1	1001-1002	7	
4-2	1003-1005	Et	
4-3	1006-1011	dixit	
4-4	1012-1018	Chusai	
4-5	1019-1021	ad	
4-6	1022-1029	Absalom	
4-7	1030-1031	:	
4-8	1032-1035	Non	
4-9	1036-1039	est	
4-10	1040-1045	bonum	
4-11	1046-1055	consilium	
4-12	1056-1060	quod	
4-13	1061-1066	dedit	
4-14	1067-1077	Achitophel	
4-15	1078-1081	hac	
4-16	1082-1086	vice	
4-17	1086-1087	.	
4-18	1088-1089	8	
4-19	1090-1092	Et	
4-20	1093-1099	rursum	
4-21	1100-1107	intulit	
4-22	1108-1114	Chusai	
4-23	1115-1116	:	
4-24	1117-1119	Tu	
4-25	1120-1125	nosti	
4-26	1126-1132	patrem	
4-27	1133-1137	tuum	
4-28	1137-1138	,	
4-29	1139-1141	et	
4-30	1142-1147	viros	
4-31	1148-1151	qui	
4-32	1152-1155	cum	
4-33	1156-1158	eo	
4-34	1159-1163	sunt	
4-35	1163-1164	,	
4-36	1165-1169	esse	
4-37	1170-1181	fortissimos	
4-38	1182-1184	et	
4-39	1185-1190	amaro	
4-40	1191-1196	animo	
4-41	1196-1197	,	
4-42	1198-1204	veluti	
4-43	1205-1207	si	
4-44	1208-1212	ursa	
4-45	1213-1219	raptis	
4-46	1220-1227	catulis	
4-47	1228-1230	in	
4-48	1231-1236	saltu	
4-49	1237-1243	sæviat	
4-50	1244-1245	:	
4-51	1246-1249	sed	
4-52	1250-1252	et	
4-53	1253-1258	pater	
4-54	1259-1263	tuus	
4-55	1264-1267	vir	
4-56	1268-1276	bellator	
4-57	1277-1280	est	
4-58	1280-1281	,	
4-59	1282-1285	nec	
4-60	1286-1295	morabitur	
4-61	1296-1299	cum	
4-62	1300-1306	populo	
4-63	1306-1307	.	
4-64	1308-1309	9	
4-65	1310-1318	Forsitan	
4-66	1319-1323	nunc	
4-67	1324-1331	latitat	
4-68	1332-1334	in	
4-69	1335-1341	foveis	
4-70	1341-1342	,	
4-71	1343-1346	aut	
4-72	1347-1349	in	
4-73	1350-1353	uno	
4-74	1353-1354	,	
4-75	1355-1358	quo	
4-76	1359-1367	voluerit	
4-77	1367-1368	,	
4-78	1369-1373	loco	
4-79	1374-1375	:	
4-80	1376-1378	et	
4-81	1379-1382	cum	
4-82	1383-1392	ceciderit	
4-83	1393-1397	unus	
4-84	1398-1406	quilibet	
4-85	1407-1409	in	
4-86	1410-1419	principio	
4-87	1419-1420	,	
4-88	1421-1427	audiet	
4-89	1428-1437	quicumque	
4-90	1438-1446	audierit	
4-91	1446-1447	,	
4-92	1448-1450	et	
4-93	1451-1456	dicet	
4-94	1457-1458	:	
4-95	1459-1464	Facta	
4-96	1465-1468	est	
4-97	1469-1474	plaga	
4-98	1475-1477	in	
4-99	1478-1484	populo	
4-100	1485-1488	qui	
4-101	1489-1499	sequebatur	
4-102	1500-1507	Absalom	
4-103	1507-1508	.	
4-104	1509-1511	10	
4-105	1512-1514	Et	
4-106	1515-1526	fortissimus	
4-107	1527-1534	quisque	
4-108	1534-1535	,	
4-109	1536-1541	cujus	
4-110	1542-1545	cor	
4-111	1546-1549	est	
4-112	1550-1555	quasi	
4-113	1556-1562	leonis	
4-114	1562-1563	,	
4-115	1564-1570	pavore	
4-116	1571-1579	solvetur	
4-117	1580-1581	:	
4-118	1582-1586	scit	
4-119	1587-1591	enim	
4-120	1592-1597	omnis	
4-121	1598-1605	populus	
4-122	1606-1612	Israël	
4-123	1613-1619	fortem	
4-124	1620-1624	esse	
4-125	1625-1631	patrem	
4-126	1632-1636	tuum	
4-127	1636-1637	,	
4-128	1638-1640	et	
4-129	1641-1649	robustos	
4-130	1650-1655	omnes	
4-131	1656-1659	qui	
4-132	1660-1663	cum	
4-133	1664-1666	eo	
4-134	1667-1671	sunt	
4-135	1671-1672	.	
4-136	1673-1675	11	
4-137	1676-1679	Sed	
4-138	1680-1683	hoc	
4-139	1684-1688	mihi	
4-140	1689-1696	videtur	
4-141	1697-1703	rectum	
4-142	1704-1708	esse	
4-143	1709-1718	consilium	
4-144	1718-1719	.	

#Text=Congregetur ad te universus Israël, a Dan usque Bersabee, quasi arena maris innumerabilis : et tu eris in medio eorum.
#Text=12 Et irruemus super eum in quocumque loco inventus fuerit, et operiemus eum, sicut cadere solet ros super terram : et non relinquemus de viris qui cum eo sunt, ne unum quidem.
#Text=13 Quod si urbem aliquam fuerit ingressus, circumdabit omnis Israël civitati illi funes, et trahemus eam in torrentem, ut non reperiatur ne calculus quidem ex ea.
#Text=14 Dixitque Absalom, et omnes viri Israël : Melius est consilium Chusai Arachitæ, consilio Achitophel : Domini autem nutu dissipatum est consilium Achitophel utile, ut induceret Dominus super Absalom malum.
#Text=15 Et ait Chusai Sadoc et Abiathar sacerdotibus : Hoc et hoc modo consilium dedit Achitophel Absalom et senioribus Israël : et ego tale et tale dedi consilium.
#Text=16 Nunc ergo mittite cito, et nuntiate David, dicentes : Ne moreris nocte hac in campestribus deserti, sed absque dilatione transgredere : ne forte absorbeatur rex, et omnis populus qui cum eo est.
5-1	1720-1731	Congregetur	
5-2	1732-1734	ad	
5-3	1735-1737	te	
5-4	1738-1747	universus	
5-5	1748-1754	Israël	
5-6	1754-1755	,	
5-7	1756-1757	a	
5-8	1758-1761	Dan	
5-9	1762-1767	usque	
5-10	1768-1776	Bersabee	
5-11	1776-1777	,	
5-12	1778-1783	quasi	
5-13	1784-1789	arena	
5-14	1790-1795	maris	
5-15	1796-1809	innumerabilis	
5-16	1810-1811	:	
5-17	1812-1814	et	
5-18	1815-1817	tu	
5-19	1818-1822	eris	
5-20	1823-1825	in	
5-21	1826-1831	medio	
5-22	1832-1837	eorum	
5-23	1837-1838	.	
5-24	1839-1841	12	
5-25	1842-1844	Et	
5-26	1845-1853	irruemus	
5-27	1854-1859	super	
5-28	1860-1863	eum	
5-29	1864-1866	in	
5-30	1867-1876	quocumque	
5-31	1877-1881	loco	
5-32	1882-1890	inventus	
5-33	1891-1897	fuerit	
5-34	1897-1898	,	
5-35	1899-1901	et	
5-36	1902-1911	operiemus	
5-37	1912-1915	eum	
5-38	1915-1916	,	
5-39	1917-1922	sicut	
5-40	1923-1929	cadere	
5-41	1930-1935	solet	
5-42	1936-1939	ros	
5-43	1940-1945	super	
5-44	1946-1952	terram	
5-45	1953-1954	:	
5-46	1955-1957	et	
5-47	1958-1961	non	
5-48	1962-1973	relinquemus	
5-49	1974-1976	de	
5-50	1977-1982	viris	
5-51	1983-1986	qui	
5-52	1987-1990	cum	
5-53	1991-1993	eo	
5-54	1994-1998	sunt	
5-55	1998-1999	,	
5-56	2000-2002	ne	
5-57	2003-2007	unum	
5-58	2008-2014	quidem	
5-59	2014-2015	.	
5-60	2016-2018	13	
5-61	2019-2023	Quod	
5-62	2024-2026	si	
5-63	2027-2032	urbem	
5-64	2033-2040	aliquam	
5-65	2041-2047	fuerit	
5-66	2048-2057	ingressus	
5-67	2057-2058	,	
5-68	2059-2070	circumdabit	
5-69	2071-2076	omnis	
5-70	2077-2083	Israël	
5-71	2084-2092	civitati	
5-72	2093-2097	illi	
5-73	2098-2103	funes	
5-74	2103-2104	,	
5-75	2105-2107	et	
5-76	2108-2116	trahemus	
5-77	2117-2120	eam	
5-78	2121-2123	in	
5-79	2124-2133	torrentem	
5-80	2133-2134	,	
5-81	2135-2137	ut	
5-82	2138-2141	non	
5-83	2142-2152	reperiatur	
5-84	2153-2155	ne	
5-85	2156-2164	calculus	
5-86	2165-2171	quidem	
5-87	2172-2174	ex	
5-88	2175-2177	ea	
5-89	2177-2178	.	
5-90	2179-2181	14	
5-91	2182-2190	Dixitque	
5-92	2191-2198	Absalom	
5-93	2198-2199	,	
5-94	2200-2202	et	
5-95	2203-2208	omnes	
5-96	2209-2213	viri	
5-97	2214-2220	Israël	
5-98	2221-2222	:	
5-99	2223-2229	Melius	
5-100	2230-2233	est	
5-101	2234-2243	consilium	
5-102	2244-2250	Chusai	
5-103	2251-2259	Arachitæ	
5-104	2259-2260	,	
5-105	2261-2269	consilio	
5-106	2270-2280	Achitophel	
5-107	2281-2282	:	
5-108	2283-2289	Domini	
5-109	2290-2295	autem	
5-110	2296-2300	nutu	
5-111	2301-2311	dissipatum	
5-112	2312-2315	est	
5-113	2316-2325	consilium	
5-114	2326-2336	Achitophel	
5-115	2337-2342	utile	
5-116	2342-2343	,	
5-117	2344-2346	ut	
5-118	2347-2356	induceret	
5-119	2357-2364	Dominus	
5-120	2365-2370	super	
5-121	2371-2378	Absalom	
5-122	2379-2384	malum	
5-123	2384-2385	.	
5-124	2386-2388	15	
5-125	2389-2391	Et	
5-126	2392-2395	ait	
5-127	2396-2402	Chusai	
5-128	2403-2408	Sadoc	
5-129	2409-2411	et	
5-130	2412-2420	Abiathar	
5-131	2421-2433	sacerdotibus	
5-132	2434-2435	:	
5-133	2436-2439	Hoc	
5-134	2440-2442	et	
5-135	2443-2446	hoc	
5-136	2447-2451	modo	
5-137	2452-2461	consilium	
5-138	2462-2467	dedit	
5-139	2468-2478	Achitophel	
5-140	2479-2486	Absalom	
5-141	2487-2489	et	
5-142	2490-2500	senioribus	
5-143	2501-2507	Israël	
5-144	2508-2509	:	
5-145	2510-2512	et	
5-146	2513-2516	ego	
5-147	2517-2521	tale	
5-148	2522-2524	et	
5-149	2525-2529	tale	
5-150	2530-2534	dedi	
5-151	2535-2544	consilium	
5-152	2544-2545	.	
5-153	2546-2548	16	
5-154	2549-2553	Nunc	
5-155	2554-2558	ergo	
5-156	2559-2566	mittite	
5-157	2567-2571	cito	
5-158	2571-2572	,	
5-159	2573-2575	et	
5-160	2576-2584	nuntiate	
5-161	2585-2590	David	
5-162	2590-2591	,	
5-163	2592-2600	dicentes	
5-164	2601-2602	:	
5-165	2603-2605	Ne	
5-166	2606-2613	moreris	
5-167	2614-2619	nocte	
5-168	2620-2623	hac	
5-169	2624-2626	in	
5-170	2627-2639	campestribus	
5-171	2640-2647	deserti	
5-172	2647-2648	,	
5-173	2649-2652	sed	
5-174	2653-2659	absque	
5-175	2660-2669	dilatione	
5-176	2670-2682	transgredere	
5-177	2683-2684	:	
5-178	2685-2687	ne	
5-179	2688-2693	forte	
5-180	2694-2705	absorbeatur	
5-181	2706-2709	rex	
5-182	2709-2710	,	
5-183	2711-2713	et	
5-184	2714-2719	omnis	
5-185	2720-2727	populus	
5-186	2728-2731	qui	
5-187	2732-2735	cum	
5-188	2736-2738	eo	
5-189	2739-2742	est	
5-190	2742-2743	.	
