#FORMAT=WebAnno TSV 3.3


#Text=Et percussit omnes qui reliqui fuerant de Achab in Samaria usque ad unum, juxta verbum Domini quod locutus est per Eliam.
#Text=18 Congregavit ergo Jehu omnem populum, et dixit ad eos : Achab coluit Baal parum, ego autem colam eum amplius.
#Text=19 Nunc igitur omnes prophetas Baal, et universos servos ejus, et cunctos sacerdotes ipsius vocate ad me : nullus sit qui non veniat : sacrificium enim grande est mihi Baal : quicumque defuerit, non vivet.
1-1	2-4	Et	
1-2	5-14	percussit	
1-3	15-20	omnes	
1-4	21-24	qui	
1-5	25-32	reliqui	
1-6	33-40	fuerant	
1-7	41-43	de	
1-8	44-49	Achab	
1-9	50-52	in	
1-10	53-60	Samaria	
1-11	61-66	usque	
1-12	67-69	ad	
1-13	70-74	unum	
1-14	74-75	,	
1-15	76-81	juxta	
1-16	82-88	verbum	
1-17	89-95	Domini	
1-18	96-100	quod	
1-19	101-108	locutus	
1-20	109-112	est	
1-21	113-116	per	
1-22	117-122	Eliam	
1-23	122-123	.	
1-24	124-126	18	
1-25	127-138	Congregavit	
1-26	139-143	ergo	
1-27	144-148	Jehu	
1-28	149-154	omnem	
1-29	155-162	populum	
1-30	162-163	,	
1-31	164-166	et	
1-32	167-172	dixit	
1-33	173-175	ad	
1-34	176-179	eos	
1-35	180-181	:	
1-36	182-187	Achab	
1-37	188-194	coluit	
1-38	195-199	Baal	
1-39	200-205	parum	
1-40	205-206	,	
1-41	207-210	ego	
1-42	211-216	autem	
1-43	217-222	colam	
1-44	223-226	eum	
1-45	227-234	amplius	
1-46	234-235	.	
1-47	236-238	19	
1-48	239-243	Nunc	
1-49	244-250	igitur	
1-50	251-256	omnes	
1-51	257-266	prophetas	
1-52	267-271	Baal	
1-53	271-272	,	
1-54	273-275	et	
1-55	276-285	universos	
1-56	286-292	servos	
1-57	293-297	ejus	
1-58	297-298	,	
1-59	299-301	et	
1-60	302-309	cunctos	
1-61	310-320	sacerdotes	
1-62	321-327	ipsius	
1-63	328-334	vocate	
1-64	335-337	ad	
1-65	338-340	me	
1-66	341-342	:	
1-67	343-349	nullus	
1-68	350-353	sit	
1-69	354-357	qui	
1-70	358-361	non	
1-71	362-368	veniat	
1-72	369-370	:	
1-73	371-382	sacrificium	
1-74	383-387	enim	
1-75	388-394	grande	
1-76	395-398	est	
1-77	399-403	mihi	
1-78	404-408	Baal	
1-79	409-410	:	
1-80	411-420	quicumque	
1-81	421-429	defuerit	
1-82	429-430	,	
1-83	431-434	non	
1-84	435-440	vivet	
1-85	440-441	.	

#Text=Porro Jehu faciebat hoc insidiose, ut disperderet cultores Baal.
#Text=20 Et dixit : Sanctificate diem solemnem Baal.
2-1	442-447	Porro	
2-2	448-452	Jehu	
2-3	453-461	faciebat	
2-4	462-465	hoc	
2-5	466-475	insidiose	
2-6	475-476	,	
2-7	477-479	ut	
2-8	480-491	disperderet	
2-9	492-500	cultores	
2-10	501-505	Baal	
2-11	505-506	.	
2-12	507-509	20	
2-13	510-512	Et	
2-14	513-518	dixit	
2-15	519-520	:	
2-16	521-533	Sanctificate	
2-17	534-538	diem	
2-18	539-547	solemnem	
2-19	548-552	Baal	
2-20	552-553	.	

#Text=Vocavitque, 21 et misit in universos terminos Israël, et venerunt cuncti servi Baal : non fuit residuus ne unus quidem qui non veniret.
3-1	554-564	Vocavitque	
3-2	564-565	,	
3-3	566-568	21	
3-4	569-571	et	
3-5	572-577	misit	
3-6	578-580	in	
3-7	581-590	universos	
3-8	591-599	terminos	
3-9	600-606	Israël	
3-10	606-607	,	
3-11	608-610	et	
3-12	611-619	venerunt	
3-13	620-626	cuncti	
3-14	627-632	servi	
3-15	633-637	Baal	
3-16	638-639	:	
3-17	640-643	non	
3-18	644-648	fuit	
3-19	649-657	residuus	
3-20	658-660	ne	
3-21	661-665	unus	
3-22	666-672	quidem	
3-23	673-676	qui	
3-24	677-680	non	
3-25	681-688	veniret	
3-26	688-689	.	

#Text=Et ingressi sunt templum Baal : et repleta est domus Baal, a summo usque ad summum.
#Text=22 Dixitque his qui erant super vestes : Proferte vestimenta universis servis Baal.
4-1	690-692	Et	
4-2	693-701	ingressi	
4-3	702-706	sunt	
4-4	707-714	templum	
4-5	715-719	Baal	
4-6	720-721	:	
4-7	722-724	et	
4-8	725-732	repleta	
4-9	733-736	est	
4-10	737-742	domus	
4-11	743-747	Baal	
4-12	747-748	,	
4-13	749-750	a	
4-14	751-756	summo	
4-15	757-762	usque	
4-16	763-765	ad	
4-17	766-772	summum	
4-18	772-773	.	
4-19	774-776	22	
4-20	777-785	Dixitque	
4-21	786-789	his	
4-22	790-793	qui	
4-23	794-799	erant	
4-24	800-805	super	
4-25	806-812	vestes	
4-26	813-814	:	
4-27	815-823	Proferte	
4-28	824-834	vestimenta	
4-29	835-844	universis	
4-30	845-851	servis	
4-31	852-856	Baal	
4-32	856-857	.	

#Text=Et protulerunt eis vestes.
#Text=23 Ingressusque Jehu, et Jonadab filius Rechab, templum Baal, ait cultoribus Baal : Perquirite, et videte, ne quis forte vobiscum sit de servis Domini, sed ut sint servi Baal soli.
#Text=24 Ingressi sunt igitur ut facerent victimas et holocausta : Jehu autem præparaverat sibi foris octoginta viros, et dixerat eis : Quicumque fugerit de hominibus his, quos ego adduxero in manus vestras, anima ejus erit pro anima illius.
#Text=25 Factum est autem, cum completum esset holocaustum, præcepit Jehu militibus et ducibus suis : Ingredimini, et percutite eos : nullus evadat.
5-1	858-860	Et	
5-2	861-872	protulerunt	
5-3	873-876	eis	
5-4	877-883	vestes	
5-5	883-884	.	
5-6	885-887	23	
5-7	888-900	Ingressusque	
5-8	901-905	Jehu	
5-9	905-906	,	
5-10	907-909	et	
5-11	910-917	Jonadab	
5-12	918-924	filius	
5-13	925-931	Rechab	
5-14	931-932	,	
5-15	933-940	templum	
5-16	941-945	Baal	
5-17	945-946	,	
5-18	947-950	ait	
5-19	951-961	cultoribus	
5-20	962-966	Baal	
5-21	967-968	:	
5-22	969-979	Perquirite	
5-23	979-980	,	
5-24	981-983	et	
5-25	984-990	videte	
5-26	990-991	,	
5-27	992-994	ne	
5-28	995-999	quis	
5-29	1000-1005	forte	
5-30	1006-1014	vobiscum	
5-31	1015-1018	sit	
5-32	1019-1021	de	
5-33	1022-1028	servis	
5-34	1029-1035	Domini	
5-35	1035-1036	,	
5-36	1037-1040	sed	
5-37	1041-1043	ut	
5-38	1044-1048	sint	
5-39	1049-1054	servi	
5-40	1055-1059	Baal	
5-41	1060-1064	soli	
5-42	1064-1065	.	
5-43	1066-1068	24	
5-44	1069-1077	Ingressi	
5-45	1078-1082	sunt	
5-46	1083-1089	igitur	
5-47	1090-1092	ut	
5-48	1093-1101	facerent	
5-49	1102-1110	victimas	
5-50	1111-1113	et	
5-51	1114-1124	holocausta	
5-52	1125-1126	:	
5-53	1127-1131	Jehu	
5-54	1132-1137	autem	
5-55	1138-1150	præparaverat	
5-56	1151-1155	sibi	
5-57	1156-1161	foris	
5-58	1162-1171	octoginta	
5-59	1172-1177	viros	
5-60	1177-1178	,	
5-61	1179-1181	et	
5-62	1182-1189	dixerat	
5-63	1190-1193	eis	
5-64	1194-1195	:	
5-65	1196-1205	Quicumque	
5-66	1206-1213	fugerit	
5-67	1214-1216	de	
5-68	1217-1226	hominibus	
5-69	1227-1230	his	
5-70	1230-1231	,	
5-71	1232-1236	quos	
5-72	1237-1240	ego	
5-73	1241-1249	adduxero	
5-74	1250-1252	in	
5-75	1253-1258	manus	
5-76	1259-1266	vestras	
5-77	1266-1267	,	
5-78	1268-1273	anima	
5-79	1274-1278	ejus	
5-80	1279-1283	erit	
5-81	1284-1287	pro	
5-82	1288-1293	anima	
5-83	1294-1300	illius	
5-84	1300-1301	.	
5-85	1302-1304	25	
5-86	1305-1311	Factum	
5-87	1312-1315	est	
5-88	1316-1321	autem	
5-89	1321-1322	,	
5-90	1323-1326	cum	
5-91	1327-1336	completum	
5-92	1337-1342	esset	
5-93	1343-1354	holocaustum	
5-94	1354-1355	,	
5-95	1356-1364	præcepit	
5-96	1365-1369	Jehu	
5-97	1370-1379	militibus	
5-98	1380-1382	et	
5-99	1383-1390	ducibus	
5-100	1391-1395	suis	
5-101	1396-1397	:	
5-102	1398-1409	Ingredimini	
5-103	1409-1410	,	
5-104	1411-1413	et	
5-105	1414-1423	percutite	
5-106	1424-1427	eos	
5-107	1428-1429	:	
5-108	1430-1436	nullus	
5-109	1437-1443	evadat	
5-110	1443-1444	.	

#Text=Percusseruntque eos in ore gladii, et projecerunt milites et duces : et ierunt in civitatem templi Baal, 26 et protulerunt statuam de fano Baal, et combusserunt, 27 et comminuerunt eam.
6-1	1445-1460	Percusseruntque	
6-2	1461-1464	eos	
6-3	1465-1467	in	
6-4	1468-1471	ore	
6-5	1472-1478	gladii	
6-6	1478-1479	,	
6-7	1480-1482	et	
6-8	1483-1494	projecerunt	
6-9	1495-1502	milites	
6-10	1503-1505	et	
6-11	1506-1511	duces	
6-12	1512-1513	:	
6-13	1514-1516	et	
6-14	1517-1523	ierunt	
6-15	1524-1526	in	
6-16	1527-1536	civitatem	
6-17	1537-1543	templi	
6-18	1544-1548	Baal	
6-19	1548-1549	,	
6-20	1550-1552	26	
6-21	1553-1555	et	
6-22	1556-1567	protulerunt	
6-23	1568-1575	statuam	
6-24	1576-1578	de	
6-25	1579-1583	fano	
6-26	1584-1588	Baal	
6-27	1588-1589	,	
6-28	1590-1592	et	
6-29	1593-1605	combusserunt	
6-30	1605-1606	,	
6-31	1607-1609	27	
6-32	1610-1612	et	
6-33	1613-1625	comminuerunt	
6-34	1626-1629	eam	
6-35	1629-1630	.	

#Text=Destruxerunt quoque ædem Baal, et fecerunt pro ea latrinas usque in diem hanc.
#Text=28 Delevit itaque Jehu Baal de Israël : 29 verumtamen a peccatis Jeroboam filii Nabat, qui peccare fecit Israël, non recessit, nec dereliquit vitulos aureos qui erant in Bethel et in Dan.
#Text=30 Dixit autem Dominus ad Jehu : Quia studiose egisti quod rectum erat, et placebat in oculis meis, et omnia quæ erant in corde meo fecisti contra domum Achab : filii tui usque ad quartam generationem sedebunt super thronum Israël.
#Text=31 Porro Jehu non custodivit ut ambularet in lege Domini Dei Israël in toto corde suo : non enim recessit a peccatis Jeroboam, qui peccare fecerat Israël.
#Text=32 In diebus illis cœpit Dominus tædere super Israël : percussitque eos Hazaël in universis finibus Israël, 33 a Jordane contra orientalem plagam, omnem terram Galaad, et Gad, et Ruben, et Manasse, ab Aroër, quæ est super torrentem Arnon, et Galaad, et Basan.
#Text=34 Reliqua autem verborum Jehu, et universa quæ fecit, et fortitudo ejus, nonne hæc scripta sunt in libro verborum dierum regum Israël ?
7-1	1631-1643	Destruxerunt	
7-2	1644-1650	quoque	
7-3	1651-1655	ædem	
7-4	1656-1660	Baal	
7-5	1660-1661	,	
7-6	1662-1664	et	
7-7	1665-1673	fecerunt	
7-8	1674-1677	pro	
7-9	1678-1680	ea	
7-10	1681-1689	latrinas	
7-11	1690-1695	usque	
7-12	1696-1698	in	
7-13	1699-1703	diem	
7-14	1704-1708	hanc	
7-15	1708-1709	.	
7-16	1710-1712	28	
7-17	1713-1720	Delevit	
7-18	1721-1727	itaque	
7-19	1728-1732	Jehu	
7-20	1733-1737	Baal	
7-21	1738-1740	de	
7-22	1741-1747	Israël	
7-23	1748-1749	:	
7-24	1750-1752	29	
7-25	1753-1763	verumtamen	
7-26	1764-1765	a	
7-27	1766-1774	peccatis	
7-28	1775-1783	Jeroboam	
7-29	1784-1789	filii	
7-30	1790-1795	Nabat	
7-31	1795-1796	,	
7-32	1797-1800	qui	
7-33	1801-1808	peccare	
7-34	1809-1814	fecit	
7-35	1815-1821	Israël	
7-36	1821-1822	,	
7-37	1823-1826	non	
7-38	1827-1835	recessit	
7-39	1835-1836	,	
7-40	1837-1840	nec	
7-41	1841-1851	dereliquit	
7-42	1852-1859	vitulos	
7-43	1860-1866	aureos	
7-44	1867-1870	qui	
7-45	1871-1876	erant	
7-46	1877-1879	in	
7-47	1880-1886	Bethel	
7-48	1887-1889	et	
7-49	1890-1892	in	
7-50	1893-1896	Dan	
7-51	1896-1897	.	
7-52	1898-1900	30	
7-53	1901-1906	Dixit	
7-54	1907-1912	autem	
7-55	1913-1920	Dominus	
7-56	1921-1923	ad	
7-57	1924-1928	Jehu	
7-58	1929-1930	:	
7-59	1931-1935	Quia	
7-60	1936-1944	studiose	
7-61	1945-1951	egisti	
7-62	1952-1956	quod	
7-63	1957-1963	rectum	
7-64	1964-1968	erat	
7-65	1968-1969	,	
7-66	1970-1972	et	
7-67	1973-1981	placebat	
7-68	1982-1984	in	
7-69	1985-1991	oculis	
7-70	1992-1996	meis	
7-71	1996-1997	,	
7-72	1998-2000	et	
7-73	2001-2006	omnia	
7-74	2007-2010	quæ	
7-75	2011-2016	erant	
7-76	2017-2019	in	
7-77	2020-2025	corde	
7-78	2026-2029	meo	
7-79	2030-2037	fecisti	
7-80	2038-2044	contra	
7-81	2045-2050	domum	
7-82	2051-2056	Achab	
7-83	2057-2058	:	
7-84	2059-2064	filii	
7-85	2065-2068	tui	
7-86	2069-2074	usque	
7-87	2075-2077	ad	
7-88	2078-2085	quartam	
7-89	2086-2098	generationem	
7-90	2099-2107	sedebunt	
7-91	2108-2113	super	
7-92	2114-2121	thronum	
7-93	2122-2128	Israël	
7-94	2128-2129	.	
7-95	2130-2132	31	
7-96	2133-2138	Porro	
7-97	2139-2143	Jehu	
7-98	2144-2147	non	
7-99	2148-2158	custodivit	
7-100	2159-2161	ut	
7-101	2162-2171	ambularet	
7-102	2172-2174	in	
7-103	2175-2179	lege	
7-104	2180-2186	Domini	
7-105	2187-2190	Dei	
7-106	2191-2197	Israël	
7-107	2198-2200	in	
7-108	2201-2205	toto	
7-109	2206-2211	corde	
7-110	2212-2215	suo	
7-111	2216-2217	:	
7-112	2218-2221	non	
7-113	2222-2226	enim	
7-114	2227-2235	recessit	
7-115	2236-2237	a	
7-116	2238-2246	peccatis	
7-117	2247-2255	Jeroboam	
7-118	2255-2256	,	
7-119	2257-2260	qui	
7-120	2261-2268	peccare	
7-121	2269-2276	fecerat	
7-122	2277-2283	Israël	
7-123	2283-2284	.	
7-124	2285-2287	32	
7-125	2288-2290	In	
7-126	2291-2297	diebus	
7-127	2298-2303	illis	
7-128	2304-2309	cœpit	
7-129	2310-2317	Dominus	
7-130	2318-2324	tædere	
7-131	2325-2330	super	
7-132	2331-2337	Israël	
7-133	2338-2339	:	
7-134	2340-2352	percussitque	
7-135	2353-2356	eos	
7-136	2357-2363	Hazaël	
7-137	2364-2366	in	
7-138	2367-2376	universis	
7-139	2377-2384	finibus	
7-140	2385-2391	Israël	
7-141	2391-2392	,	
7-142	2393-2395	33	
7-143	2396-2397	a	
7-144	2398-2405	Jordane	
7-145	2406-2412	contra	
7-146	2413-2423	orientalem	
7-147	2424-2430	plagam	
7-148	2430-2431	,	
7-149	2432-2437	omnem	
7-150	2438-2444	terram	
7-151	2445-2451	Galaad	
7-152	2451-2452	,	
7-153	2453-2455	et	
7-154	2456-2459	Gad	
7-155	2459-2460	,	
7-156	2461-2463	et	
7-157	2464-2469	Ruben	
7-158	2469-2470	,	
7-159	2471-2473	et	
7-160	2474-2481	Manasse	
7-161	2481-2482	,	
7-162	2483-2485	ab	
7-163	2486-2491	Aroër	
7-164	2491-2492	,	
7-165	2493-2496	quæ	
7-166	2497-2500	est	
7-167	2501-2506	super	
7-168	2507-2516	torrentem	
7-169	2517-2522	Arnon	
7-170	2522-2523	,	
7-171	2524-2526	et	
7-172	2527-2533	Galaad	
7-173	2533-2534	,	
7-174	2535-2537	et	
7-175	2538-2543	Basan	
7-176	2543-2544	.	
7-177	2545-2547	34	
7-178	2548-2555	Reliqua	
7-179	2556-2561	autem	
7-180	2562-2570	verborum	
7-181	2571-2575	Jehu	
7-182	2575-2576	,	
7-183	2577-2579	et	
7-184	2580-2588	universa	
7-185	2589-2592	quæ	
7-186	2593-2598	fecit	
7-187	2598-2599	,	
7-188	2600-2602	et	
7-189	2603-2612	fortitudo	
7-190	2613-2617	ejus	
7-191	2617-2618	,	
7-192	2619-2624	nonne	
7-193	2625-2628	hæc	
7-194	2629-2636	scripta	
7-195	2637-2641	sunt	
7-196	2642-2644	in	
7-197	2645-2650	libro	
7-198	2651-2659	verborum	
7-199	2660-2666	dierum	
7-200	2667-2672	regum	
7-201	2673-2679	Israël	
7-202	2680-2681	?	

#Text=35 Et dormivit Jehu cum patribus suis, sepelieruntque eum in Samaria : et regnavit Joachaz filius ejus pro eo.
8-1	2682-2684	35	
8-2	2685-2687	Et	
8-3	2688-2696	dormivit	
8-4	2697-2701	Jehu	
8-5	2702-2705	cum	
8-6	2706-2714	patribus	
8-7	2715-2719	suis	
8-8	2719-2720	,	
8-9	2721-2735	sepelieruntque	
8-10	2736-2739	eum	
8-11	2740-2742	in	
8-12	2743-2750	Samaria	
8-13	2751-2752	:	
8-14	2753-2755	et	
8-15	2756-2764	regnavit	
8-16	2765-2772	Joachaz	
8-17	2773-2779	filius	
8-18	2780-2784	ejus	
8-19	2785-2788	pro	
8-20	2789-2791	eo	
8-21	2791-2792	.	
