#FORMAT=WebAnno TSV 3.3


#Text=versen 40, 41.
#Text=alwaer de Heere Christus bykans deselve gelijckenisse den Overpriesteren ende Oudtsten der Ioden voorgestelt hebbende, aen haer selven het oordeel vraeghswijse stelt,
#Text=ende daer op gelijcke antwoorde van haer ontfanght, als Godt hier vers 5.
#Text=geeft.
1-1	2-8	versen	
1-2	9-11	40	
1-3	11-12	,	
1-4	13-15	41	
1-5	15-16	.	
1-6	17-23	alwaer	
1-7	24-26	de	
1-8	27-32	Heere	
1-9	33-41	Christus	
1-10	42-48	bykans	
1-11	49-56	deselve	
1-12	57-70	gelijckenisse	
1-13	71-74	den	
1-14	75-89	Overpriesteren	
1-15	90-94	ende	
1-16	95-103	Oudtsten	
1-17	104-107	der	
1-18	108-113	Ioden	
1-19	114-125	voorgestelt	
1-20	126-134	hebbende	
1-21	134-135	,	
1-22	136-139	aen	
1-23	140-144	haer	
1-24	145-151	selven	
1-25	152-155	het	
1-26	156-163	oordeel	
1-27	164-176	vraeghswijse	
1-28	177-182	stelt	
1-29	182-183	,	
1-30	184-188	ende	
1-31	189-193	daer	
1-32	194-196	op	
1-33	197-205	gelijcke	
1-34	206-215	antwoorde	
1-35	216-219	van	
1-36	220-224	haer	
1-37	225-234	ontfanght	
1-38	234-235	,	
1-39	236-239	als	
1-40	240-244	Godt	
1-41	245-249	hier	
1-42	250-254	vers	
1-43	255-256	5	
1-44	256-257	.	
1-45	258-263	geeft	
1-46	263-264	.	

#Text=Andere nemen ’t aldus, Dat Godt met dese woorden wil te kennen geven, hy hebbe soo veel goets aen sijn volck, boven andere natien, gedaen, dat sy in alle manieren danckbaer behoorden te zijn;
#Text=maer, dewijle sy ondanckbaer waren, dat sy selfs, soo van hare verdorventheyt, als van de rechtveerdigheyt der verdiende straffen moesten overtuyght zijn.
2-1	265-271	Andere	
2-2	272-277	nemen	
2-3	278-279	’	
2-4	279-280	t	
2-5	281-286	aldus	
2-6	286-287	,	
2-7	288-291	Dat	
2-8	292-296	Godt	
2-9	297-300	met	
2-10	301-305	dese	
2-11	306-313	woorden	
2-12	314-317	wil	
2-13	318-320	te	
2-14	321-327	kennen	
2-15	328-333	geven	
2-16	333-334	,	
2-17	335-337	hy	
2-18	338-343	hebbe	
2-19	344-347	soo	
2-20	348-352	veel	
2-21	353-358	goets	
2-22	359-362	aen	
2-23	363-367	sijn	
2-24	368-373	volck	
2-25	373-374	,	
2-26	375-380	boven	
2-27	381-387	andere	
2-28	388-394	natien	
2-29	394-395	,	
2-30	396-402	gedaen	
2-31	402-403	,	
2-32	404-407	dat	
2-33	408-410	sy	
2-34	411-413	in	
2-35	414-418	alle	
2-36	419-427	manieren	
2-37	428-437	danckbaer	
2-38	438-447	behoorden	
2-39	448-450	te	
2-40	451-455	zijn	
2-41	455-456	;	
2-42	457-461	maer	
2-43	461-462	,	
2-44	463-470	dewijle	
2-45	471-473	sy	
2-46	474-485	ondanckbaer	
2-47	486-491	waren	
2-48	491-492	,	
2-49	493-496	dat	
2-50	497-499	sy	
2-51	500-505	selfs	
2-52	505-506	,	
2-53	507-510	soo	
2-54	511-514	van	
2-55	515-519	hare	
2-56	520-534	verdorventheyt	
2-57	534-535	,	
2-58	536-539	als	
2-59	540-543	van	
2-60	544-546	de	
2-61	547-563	rechtveerdigheyt	
2-62	564-567	der	
2-63	568-577	verdiende	
2-64	578-586	straffen	
2-65	587-594	moesten	
2-66	595-605	overtuyght	
2-67	606-610	zijn	
2-68	610-611	.	

#Text=Van de krachtige inwendige werckinge des Heyligen Geests, en wort in dese gelijckenisse, die alleenlick slaet op de uytwendige beroepinge (genomen zijnde van den uytwendigen arbeyt des wijngaerdeniers) niet gesproken.
3-1	612-615	Van	
3-2	616-618	de	
3-3	619-628	krachtige	
3-4	629-638	inwendige	
3-5	639-648	werckinge	
3-6	649-652	des	
3-7	653-661	Heyligen	
3-8	662-668	Geests	
3-9	668-669	,	
3-10	670-672	en	
3-11	673-677	wort	
3-12	678-680	in	
3-13	681-685	dese	
3-14	686-699	gelijckenisse	
3-15	699-700	,	
3-16	701-704	die	
3-17	705-715	alleenlick	
3-18	716-721	slaet	
3-19	722-724	op	
3-20	725-727	de	
3-21	728-738	uytwendige	
3-22	739-749	beroepinge	
3-23	750-751	(	
3-24	751-758	genomen	
3-25	759-765	zijnde	
3-26	766-769	van	
3-27	770-773	den	
3-28	774-785	uytwendigen	
3-29	786-792	arbeyt	
3-30	793-796	des	
3-31	797-812	wijngaerdeniers	
3-32	812-813	)	
3-33	814-818	niet	
3-34	819-828	gesproken	
3-35	828-829	.	

#Text=Wat isser meer te doen aen mijnen wijngaert, het welck ick aen hem niet 
#Text= gedaen en hebbe?
4-1	830-833	Wat	
4-2	834-839	isser	
4-3	840-844	meer	
4-4	845-847	te	
4-5	848-852	doen	
4-6	853-856	aen	
4-7	857-863	mijnen	
4-8	864-873	wijngaert	
4-9	873-874	,	
4-10	875-878	het	
4-11	879-884	welck	
4-12	885-888	ick	
4-13	889-892	aen	
4-14	893-896	hem	
4-15	897-901	niet	
4-16	904-910	gedaen	
4-17	911-913	en	
4-18	914-919	hebbe	
4-19	919-920	?	

#Text=Menschelicker wijse gesproken: gelijck menschen haer misnoegen plegen te toonen, wanneerse veel goets aen eenen onweerdigen ende ondanckbaren gedaen hebben, ende seer qualick geloont worden.
5-1	921-934	Menschelicker	
5-2	935-940	wijse	
5-3	941-950	gesproken	
5-4	950-951	:	
5-5	952-959	gelijck	
5-6	960-968	menschen	
5-7	969-973	haer	
5-8	974-983	misnoegen	
5-9	984-990	plegen	
5-10	991-993	te	
5-11	994-1000	toonen	
5-12	1000-1001	,	
5-13	1002-1011	wanneerse	
5-14	1012-1016	veel	
5-15	1017-1022	goets	
5-16	1023-1026	aen	
5-17	1027-1032	eenen	
5-18	1033-1044	onweerdigen	
5-19	1045-1049	ende	
5-20	1050-1062	ondanckbaren	
5-21	1063-1069	gedaen	
5-22	1070-1076	hebben	
5-23	1076-1077	,	
5-24	1078-1082	ende	
5-25	1083-1087	seer	
5-26	1088-1095	qualick	
5-27	1096-1103	geloont	
5-28	1104-1110	worden	
5-29	1110-1111	.	

#Text=Hier op volght het vonnisse Godts, vers 5.
#Text=waerom heb ick verwacht dat hy [goede] druyven voort brengen soude, ende hy heeft stinckende druyven Hebr. gemaeckt.
#Text=voort gebracht?
6-1	1112-1116	Hier	
6-2	1117-1119	op	
6-3	1120-1126	volght	
6-4	1127-1130	het	
6-5	1131-1139	vonnisse	
6-6	1140-1145	Godts	
6-7	1145-1146	,	
6-8	1147-1151	vers	
6-9	1152-1153	5	
6-10	1153-1154	.	
6-11	1155-1161	waerom	
6-12	1162-1165	heb	
6-13	1166-1169	ick	
6-14	1170-1178	verwacht	
6-15	1179-1182	dat	
6-16	1183-1185	hy	
6-17	1186-1187	[	
6-18	1187-1192	goede	
6-19	1192-1193	]	
6-20	1194-1201	druyven	
6-21	1202-1207	voort	
6-22	1208-1215	brengen	
6-23	1216-1221	soude	
6-24	1221-1222	,	
6-25	1223-1227	ende	
6-26	1228-1230	hy	
6-27	1231-1236	heeft	
6-28	1237-1247	stinckende	
6-29	1248-1255	druyven	
6-30	1256-1260	Hebr	
6-31	1260-1261	.	
6-32	1262-1270	gemaeckt	
6-33	1270-1271	.	
6-34	1272-1277	voort	
6-35	1278-1286	gebracht	
6-36	1286-1287	?	

#Text=5
#Text=
#Text=Nu dan, ick sal u-lieden nu bekent maken, D. hoe ick d’ondanckbaerheyt mijnes volcks straffen sal.
#Text=wat ick mijnen wijngaert doen sal:
#Text=D. ick en sal dit volck voortaen niet beschermen tegen sijne vyanden, maer ick sal het laten verderven ende te schande komen.
7-1	1289-1290	5	
7-2	1292-1294	Nu	
7-3	1295-1298	dan	
7-4	1298-1299	,	
7-5	1300-1303	ick	
7-6	1304-1307	sal	
7-7	1308-1316	u-lieden	
7-8	1317-1319	nu	
7-9	1320-1326	bekent	
7-10	1327-1332	maken	
7-11	1332-1333	,	
7-12	1334-1335	D	
7-13	1335-1336	.	
7-14	1337-1340	hoe	
7-15	1341-1344	ick	
7-16	1345-1346	d	
7-17	1346-1347	’	
7-18	1347-1362	ondanckbaerheyt	
7-19	1363-1369	mijnes	
7-20	1370-1376	volcks	
7-21	1377-1385	straffen	
7-22	1386-1389	sal	
7-23	1389-1390	.	
7-24	1391-1394	wat	
7-25	1395-1398	ick	
7-26	1399-1405	mijnen	
7-27	1406-1415	wijngaert	
7-28	1416-1420	doen	
7-29	1421-1424	sal	
7-30	1424-1425	:	
7-31	1426-1427	D	
7-32	1427-1428	.	
7-33	1429-1432	ick	
7-34	1433-1435	en	
7-35	1436-1439	sal	
7-36	1440-1443	dit	
7-37	1444-1449	volck	
7-38	1450-1458	voortaen	
7-39	1459-1463	niet	
7-40	1464-1474	beschermen	
7-41	1475-1480	tegen	
7-42	1481-1486	sijne	
7-43	1487-1494	vyanden	
7-44	1494-1495	,	
7-45	1496-1500	maer	
7-46	1501-1504	ick	
7-47	1505-1508	sal	
7-48	1509-1512	het	
7-49	1513-1518	laten	
7-50	1519-1528	verderven	
7-51	1529-1533	ende	
7-52	1534-1536	te	
7-53	1537-1544	schande	
7-54	1545-1550	komen	
7-55	1550-1551	.	

#Text=Ick sal Psalm 80.13.
#Text=sijnen
#Text=Ofte, hage, ofte, hegge.
#Text=tuyn wech nemen, op dat hy zy tot afweydinge, sijnen muer sal ick verscheuren, Ofte, op dat hy vertreden worde.
8-1	1552-1555	Ick	
8-2	1556-1559	sal	
8-3	1560-1565	Psalm	
8-4	1566-1571	80.13	
8-5	1571-1572	.	
8-6	1573-1579	sijnen	
8-7	1580-1584	Ofte	
8-8	1584-1585	,	
8-9	1586-1590	hage	
8-10	1590-1591	,	
8-11	1592-1596	ofte	
8-12	1596-1597	,	
8-13	1598-1603	hegge	
8-14	1603-1604	.	
8-15	1605-1609	tuyn	
8-16	1610-1614	wech	
8-17	1615-1620	nemen	
8-18	1620-1621	,	
8-19	1622-1624	op	
8-20	1625-1628	dat	
8-21	1629-1631	hy	
8-22	1632-1634	zy	
8-23	1635-1638	tot	
8-24	1639-1649	afweydinge	
8-25	1649-1650	,	
8-26	1651-1657	sijnen	
8-27	1658-1662	muer	
8-28	1663-1666	sal	
8-29	1667-1670	ick	
8-30	1671-1682	verscheuren	
8-31	1682-1683	,	
8-32	1684-1688	Ofte	
8-33	1688-1689	,	
8-34	1690-1692	op	
8-35	1693-1696	dat	
8-36	1697-1699	hy	
8-37	1700-1709	vertreden	
8-38	1710-1715	worde	
8-39	1715-1716	.	
