#FORMAT=WebAnno TSV 3.3
#T_SP=custom.Span|label
#T_RL=custom.Relation|label|BT_custom.Span


#Text=daß ſie das waſſer nicht beruͤhren.
1-1	0-3	daß	_	_	_	
1-2	4-7	ſie	_	_	_	
1-3	8-11	das	_	_	_	
1-4	12-18	waſſer	_	_	_	
1-5	19-24	nicht	_	_	_	
1-6	25-34	beruͤhren	_	_	_	
1-7	34-35	.	_	_	_	

#Text=Ein ander mittel iſt auch die vergifftung mit
#Text=Arſenic/ welches unter Fett gemiſchet/ oder auff zerſchnittene Mohrruͤben oder Zu-
#Text=cker-wurzeln geſtrewet/ alſo auff einige bretlein geleget/ und in ihre gemachte gaͤnge
#Text=verſetzet/ auch vor den regen und herabfallender erde mit einem andern brete von oben
#Text=her bedecket wird.
2-1	36-39	Ein	_	_	_	
2-2	40-45	ander	_	_	_	
2-3	46-52	mittel	_	_	_	
2-4	53-56	iſt	_	_	_	
2-5	57-61	auch	_	_	_	
2-6	62-65	die	_	_	_	
2-7	66-77	vergifftung	_	_	_	
2-8	78-81	mit	_	_	_	
2-9	82-89	Arſenic	_	_	_	
2-10	89-90	/	_	_	_	
2-11	91-98	welches	_	_	_	
2-12	99-104	unter	_	_	_	
2-13	105-109	Fett	_	_	_	
2-14	110-119	gemiſchet	_	_	_	
2-15	119-120	/	_	_	_	
2-16	121-125	oder	_	_	_	
2-17	126-130	auff	_	_	_	
2-18	131-144	zerſchnittene	_	_	_	
2-19	145-155	Mohrruͤben	_	_	_	
2-20	156-160	oder	_	_	_	
2-21	161-163	Zu	_	_	_	
2-22	163-164	-	_	_	_	
2-23	165-177	cker-wurzeln	_	_	_	
2-24	178-187	geſtrewet	_	_	_	
2-25	187-188	/	_	_	_	
2-26	189-193	alſo	_	_	_	
2-27	194-198	auff	_	_	_	
2-28	199-205	einige	_	_	_	
2-29	206-214	bretlein	_	_	_	
2-30	215-222	geleget	_	_	_	
2-31	222-223	/	_	_	_	
2-32	224-227	und	_	_	_	
2-33	228-230	in	_	_	_	
2-34	231-235	ihre	_	_	_	
2-35	236-244	gemachte	_	_	_	
2-36	245-251	gaͤnge	_	_	_	
2-37	252-261	verſetzet	_	_	_	
2-38	261-262	/	_	_	_	
2-39	263-267	auch	_	_	_	
2-40	268-271	vor	_	_	_	
2-41	272-275	den	_	_	_	
2-42	276-281	regen	_	_	_	
2-43	282-285	und	_	_	_	
2-44	286-300	herabfallender	_	_	_	
2-45	301-305	erde	_	_	_	
2-46	306-309	mit	_	_	_	
2-47	310-315	einem	_	_	_	
2-48	316-322	andern	_	_	_	
2-49	323-328	brete	_	_	_	
2-50	329-332	von	_	_	_	
2-51	333-337	oben	_	_	_	
2-52	338-341	her	_	_	_	
2-53	342-350	bedecket	_	_	_	
2-54	351-355	wird	_	_	_	
2-55	355-356	.	_	_	_	

#Text=Wer das gifft ſchewet/ kan zerſtoſſen glaß/ oder gypßmehl mit
#Text=butter vermiſchet/ gebrauchen.
3-1	357-360	Wer	_	_	_	
3-2	361-364	das	_	_	_	
3-3	365-370	gifft	_	_	_	
3-4	371-378	ſchewet	_	_	_	
3-5	378-379	/	_	_	_	
3-6	380-383	kan	_	_	_	
3-7	384-394	zerſtoſſen	_	_	_	
3-8	395-399	glaß	_	_	_	
3-9	399-400	/	_	_	_	
3-10	401-405	oder	_	_	_	
3-11	406-414	gypßmehl	_	_	_	
3-12	415-418	mit	_	_	_	
3-13	419-425	butter	_	_	_	
3-14	426-436	vermiſchet	_	_	_	
3-15	436-437	/	_	_	_	
3-16	438-448	gebrauchen	_	_	_	
3-17	448-449	.	_	_	_	

#Text=Des Ferrarij Meuſe-bogen/ welchen er l. 3.
4-1	450-453	Des	_	_	_	
4-2	454-462	Ferrarij	_	_	_	
4-3	463-474	Meuſe-bogen	_	_	_	
4-4	474-475	/	_	_	_	
4-5	476-483	welchen	_	_	_	
4-6	484-486	er	_	_	_	
4-7	487-488	l	_	_	_	
4-8	488-489	.	_	_	_	
4-9	490-491	3	_	_	_	
4-10	491-492	.	_	_	_	

#Text=Floræ c.
#Text=3. abmahlet/ und andere dergleichen ſeltzame ſtuͤcklein/ wil ich itzo vorbey gehen.
#Text=
#Text=
#Text=8.
5-1	493-498	Floræ	_	_	_	
5-2	499-500	c	_	_	_	
5-3	500-501	.	_	_	_	
5-4	502-503	3	_	_	_	
5-5	503-504	.	_	_	_	
5-6	505-513	abmahlet	_	_	_	
5-7	513-514	/	_	_	_	
5-8	515-518	und	_	_	_	
5-9	519-525	andere	_	_	_	
5-10	526-537	dergleichen	_	_	_	
5-11	538-546	ſeltzame	_	_	_	
5-12	547-557	ſtuͤcklein	_	_	_	
5-13	557-558	/	_	_	_	
5-14	559-562	wil	_	_	_	
5-15	563-566	ich	_	_	_	
5-16	567-571	itzo	_	_	_	
5-17	572-578	vorbey	_	_	_	
5-18	579-584	gehen	_	_	_	
5-19	584-585	.	_	_	_	
5-20	588-589	8	_	_	_	
5-21	589-590	.	_	_	_	

#Text=Denen Maulwuͤrffen iſt auff ſo mancherley art nachgeſetzet worden von
#Text=den Alten/ daß es das anſehen gewonnen/ als haͤtten ſie das gantze geſchlecht ausrot-
#Text=ten wollen:
#Text=jedoch/ dieweil ihrer noch ſo viel uͤbrig blieben/ ſo folget/ daß die verſuchte
#Text=kuͤnſte nicht gantz bewehrt
#Text=muͤſſen geweſen ſeyn.
6-1	591-596	Denen	_	_	_	
6-2	597-609	Maulwuͤrffen	_	_	_	
6-3	610-613	iſt	_	_	_	
6-4	614-618	auff	_	_	_	
6-5	619-621	ſo	_	_	_	
6-6	622-632	mancherley	_	_	_	
6-7	633-636	art	_	_	_	
6-8	637-649	nachgeſetzet	_	_	_	
6-9	650-656	worden	_	_	_	
6-10	657-660	von	_	_	_	
6-11	661-664	den	_	_	_	
6-12	665-670	Alten	_	_	_	
6-13	670-671	/	_	_	_	
6-14	672-675	daß	_	_	_	
6-15	676-678	es	_	_	_	
6-16	679-682	das	_	_	_	
6-17	683-690	anſehen	_	_	_	
6-18	691-699	gewonnen	_	_	_	
6-19	699-700	/	_	_	_	
6-20	701-704	als	_	_	_	
6-21	705-712	haͤtten	_	_	_	
6-22	713-716	ſie	_	_	_	
6-23	717-720	das	_	_	_	
6-24	721-727	gantze	_	_	_	
6-25	728-738	geſchlecht	_	_	_	
6-26	739-745	ausrot	_	_	_	
6-27	745-746	-	_	_	_	
6-28	747-750	ten	_	_	_	
6-29	751-757	wollen	_	_	_	
6-30	757-758	:	_	_	_	
6-31	759-765	jedoch	_	_	_	
6-32	765-766	/	_	_	_	
6-33	767-774	dieweil	_	_	_	
6-34	775-780	ihrer	_	_	_	
6-35	781-785	noch	_	_	_	
6-36	786-788	ſo	_	_	_	
6-37	789-793	viel	_	_	_	
6-38	794-800	uͤbrig	_	_	_	
6-39	801-808	blieben	_	_	_	
6-40	808-809	/	_	_	_	
6-41	810-812	ſo	_	_	_	
6-42	813-819	folget	_	_	_	
6-43	819-820	/	_	_	_	
6-44	821-824	daß	_	_	_	
6-45	825-828	die	_	_	_	
6-46	829-838	verſuchte	_	_	_	
6-47	839-846	kuͤnſte	_	_	_	
6-48	847-852	nicht	_	_	_	
6-49	853-858	gantz	_	_	_	
6-50	859-866	bewehrt	_	_	_	
6-51	867-874	muͤſſen	_	_	_	
6-52	875-882	geweſen	_	_	_	
6-53	883-887	ſeyn	_	_	_	
6-54	887-888	.	_	_	_	

#Text=Aus vielen wollen wir die gewiſſe-
#Text=ſte anfuͤhren.
7-1	889-892	Aus	_	_	_	
7-2	893-899	vielen	_	_	_	
7-3	900-906	wollen	_	_	_	
7-4	907-910	wir	_	_	_	
7-5	911-914	die	_	_	_	
7-6	915-922	gewiſſe	_	_	_	
7-7	922-923	-	_	_	_	
7-8	924-927	ſte	_	_	_	
7-9	928-937	anfuͤhren	_	_	_	
7-10	937-938	.	_	_	_	

#Text=Nemlich kurtz vor der Sonnen auff- und niedergang/ wie auch kurtz
#Text=vor und nach einem fruchtbaren Regen arbeiten ſie an ihren Minen am fleiſſigſten.
8-1	939-946	Nemlich	_	_	_	
8-2	947-952	kurtz	_	_	_	
8-3	953-956	vor	_	_	_	
8-4	957-960	der	_	_	_	
8-5	961-967	Sonnen	_	_	_	
8-6	968-972	auff	_	_	_	
8-7	972-973	-	_	_	_	
8-8	974-977	und	_	_	_	
8-9	978-988	niedergang	_	_	_	
8-10	988-989	/	_	_	_	
8-11	990-993	wie	_	_	_	
8-12	994-998	auch	_	_	_	
8-13	999-1004	kurtz	_	_	_	
8-14	1005-1008	vor	_	_	_	
8-15	1009-1012	und	_	_	_	
8-16	1013-1017	nach	_	_	_	
8-17	1018-1023	einem	_	_	_	
8-18	1024-1035	fruchtbaren	_	_	_	
8-19	1036-1041	Regen	_	_	_	
8-20	1042-1050	arbeiten	_	_	_	
8-21	1051-1054	ſie	_	_	_	
8-22	1055-1057	an	_	_	_	
8-23	1058-1063	ihren	_	_	_	
8-24	1064-1069	Minen	_	_	_	
8-25	1070-1072	am	_	_	_	
8-26	1073-1085	fleiſſigſten	_	_	_	
8-27	1085-1086	.	_	_	_	

#Text=Deswegen muß man alsdann bereit ſeyn/ und aus den ort/ da man das erdreich ſich
#Text=regen ſiehet/ den arbeiter mit einer ſpate oder hacke behend heraus werffen: oder auch
#Text=mit einem Morgenſtern darauff etliche ſtarcke ſchlaͤge thun/ damit er beteubet oder
#Text=gar getoͤdet werde.
9-1	1088-1096	Deswegen	_	_	_	
9-2	1097-1100	muß	_	_	_	
9-3	1101-1104	man	_	_	_	
9-4	1105-1112	alsdann	_	_	_	
9-5	1113-1119	bereit	_	_	_	
9-6	1120-1124	ſeyn	_	_	_	
9-7	1124-1125	/	_	_	_	
9-8	1126-1129	und	_	_	_	
9-9	1130-1133	aus	_	_	_	
9-10	1134-1137	den	_	_	_	
9-11	1138-1141	ort	_	_	_	
9-12	1141-1142	/	_	_	_	
9-13	1143-1145	da	_	_	_	
9-14	1146-1149	man	_	_	_	
9-15	1150-1153	das	_	_	_	
9-16	1154-1162	erdreich	_	_	_	
9-17	1163-1167	ſich	_	_	_	
9-18	1168-1173	regen	_	_	_	
9-19	1174-1180	ſiehet	_	_	_	
9-20	1180-1181	/	_	_	_	
9-21	1182-1185	den	_	_	_	
9-22	1186-1194	arbeiter	_	_	_	
9-23	1195-1198	mit	_	_	_	
9-24	1199-1204	einer	_	_	_	
9-25	1205-1210	ſpate	_	_	_	
9-26	1211-1215	oder	_	_	_	
9-27	1216-1221	hacke	_	_	_	
9-28	1222-1228	behend	_	_	_	
9-29	1229-1235	heraus	_	_	_	
9-30	1236-1243	werffen	_	_	_	
9-31	1243-1244	:	_	_	_	
9-32	1245-1249	oder	_	_	_	
9-33	1250-1254	auch	_	_	_	
9-34	1255-1258	mit	_	_	_	
9-35	1259-1264	einem	_	_	_	
9-36	1265-1276	Morgenſtern	_	_	_	
9-37	1277-1284	darauff	_	_	_	
9-38	1285-1292	etliche	_	_	_	
9-39	1293-1300	ſtarcke	_	_	_	
9-40	1301-1309	ſchlaͤge	_	_	_	
9-41	1310-1314	thun	_	_	_	
9-42	1314-1315	/	_	_	_	
9-43	1316-1321	damit	_	_	_	
9-44	1322-1324	er	_	_	_	
9-45	1325-1333	beteubet	_	_	_	
9-46	1334-1338	oder	_	_	_	
9-47	1339-1342	gar	_	_	_	
9-48	1343-1351	getoͤdet	_	_	_	
9-49	1352-1357	werde	_	_	_	
9-50	1357-1358	.	_	_	_	

#Text=Den ſtand nehmet hiebey alſo in acht/ daß der Wind von dem
#Text=ort des Maulwurffs auff euch gehe/ ſonſt iſt wegen ſeines ſcharffen geruchs die muͤhe
#Text=
#Text=vergeblich.
10-1	1359-1362	Den	_	_	_	
10-2	1363-1368	ſtand	_	_	_	
10-3	1369-1375	nehmet	_	_	_	
10-4	1376-1382	hiebey	_	_	_	
10-5	1383-1387	alſo	_	_	_	
10-6	1388-1390	in	_	_	_	
10-7	1391-1395	acht	_	_	_	
10-8	1395-1396	/	_	_	_	
10-9	1397-1400	daß	_	_	_	
10-10	1401-1404	der	_	_	_	
10-11	1405-1409	Wind	_	_	_	
10-12	1410-1413	von	_	_	_	
10-13	1414-1417	dem	_	_	_	
10-14	1418-1421	ort	_	_	_	
10-15	1422-1425	des	_	_	_	
10-16	1426-1436	Maulwurffs	Smell\_Source	_	_	
10-17	1437-1441	auff	_	_	_	
10-18	1442-1446	euch	_	_	_	
10-19	1447-1451	gehe	_	_	_	
10-20	1451-1452	/	_	_	_	
10-21	1453-1458	ſonſt	_	_	_	
10-22	1459-1462	iſt	_	_	_	
10-23	1463-1468	wegen	_	_	_	
10-24	1469-1475	ſeines	Smell\_Source	Anaphoric	10-16	
10-25	1476-1485	ſcharffen	Quality	_	_	
10-26	1486-1493	geruchs	Smell\_Word	*|*|*	10-27[1_0]|10-25|10-16	
10-27	1494-1497	die	Effect[1]	_	_	
10-28	1498-1503	muͤhe	Effect[1]	_	_	
10-29	1505-1515	vergeblich	Effect[1]	_	_	
10-30	1515-1516	.	_	_	_	

#Text=Neben dieſem mittel ſind die bekante Fallen zu den Maulwuͤrffen auch
#Text=nicht zu verwerffen/
#Text=welche in die gaͤnge geleget werden: ihre neſter aber mit den jun-
#Text=gen zu verſtoͤren iſt die bequemſte zeit/ wann im Winter die gaͤrten gantz mit waſſer
#Text=bedecket ſind/
#Text=dieweil ſie alsdann nicht tieff/
#Text=ſondern faſt oben in ihren huͤgeln wohnen:
#Text=
#Text=ja im fruͤhling ſehe man ſich nur nach den groͤſſeſten huͤgeln umb/ und zweiffle nicht/
#Text=
#Text=daß daſelbſt ein neſt voll junge vorhanden ſey.
11-1	1517-1522	Neben	_	_	_	
11-2	1523-1529	dieſem	_	_	_	
11-3	1530-1536	mittel	_	_	_	
11-4	1537-1541	ſind	_	_	_	
11-5	1542-1545	die	_	_	_	
11-6	1546-1553	bekante	_	_	_	
11-7	1554-1560	Fallen	_	_	_	
11-8	1561-1563	zu	_	_	_	
11-9	1564-1567	den	_	_	_	
11-10	1568-1580	Maulwuͤrffen	_	_	_	
11-11	1581-1585	auch	_	_	_	
11-12	1586-1591	nicht	_	_	_	
11-13	1592-1594	zu	_	_	_	
11-14	1595-1605	verwerffen	_	_	_	
11-15	1605-1606	/	_	_	_	
11-16	1607-1613	welche	_	_	_	
11-17	1614-1616	in	_	_	_	
11-18	1617-1620	die	_	_	_	
11-19	1621-1627	gaͤnge	_	_	_	
11-20	1628-1635	geleget	_	_	_	
11-21	1636-1642	werden	_	_	_	
11-22	1642-1643	:	_	_	_	
11-23	1644-1648	ihre	_	_	_	
11-24	1649-1655	neſter	_	_	_	
11-25	1656-1660	aber	_	_	_	
11-26	1661-1664	mit	_	_	_	
11-27	1665-1668	den	_	_	_	
11-28	1669-1672	jun	_	_	_	
11-29	1672-1673	-	_	_	_	
11-30	1674-1677	gen	_	_	_	
11-31	1678-1680	zu	_	_	_	
11-32	1681-1691	verſtoͤren	_	_	_	
11-33	1692-1695	iſt	_	_	_	
11-34	1696-1699	die	_	_	_	
11-35	1700-1709	bequemſte	_	_	_	
11-36	1710-1714	zeit	_	_	_	
11-37	1714-1715	/	_	_	_	
11-38	1716-1720	wann	_	_	_	
11-39	1721-1723	im	_	_	_	
11-40	1724-1730	Winter	_	_	_	
11-41	1731-1734	die	_	_	_	
11-42	1735-1742	gaͤrten	_	_	_	
11-43	1743-1748	gantz	_	_	_	
11-44	1749-1752	mit	_	_	_	
11-45	1753-1759	waſſer	_	_	_	
11-46	1760-1768	bedecket	_	_	_	
11-47	1769-1773	ſind	_	_	_	
11-48	1773-1774	/	_	_	_	
11-49	1775-1782	dieweil	_	_	_	
11-50	1783-1786	ſie	_	_	_	
11-51	1787-1794	alsdann	_	_	_	
11-52	1795-1800	nicht	_	_	_	
11-53	1801-1806	tieff	_	_	_	
11-54	1806-1807	/	_	_	_	
11-55	1808-1815	ſondern	_	_	_	
11-56	1816-1820	faſt	_	_	_	
11-57	1821-1825	oben	_	_	_	
11-58	1826-1828	in	_	_	_	
11-59	1829-1834	ihren	_	_	_	
11-60	1835-1842	huͤgeln	_	_	_	
11-61	1843-1849	wohnen	_	_	_	
11-62	1849-1850	:	_	_	_	
11-63	1852-1854	ja	_	_	_	
11-64	1855-1857	im	_	_	_	
11-65	1858-1867	fruͤhling	_	_	_	
11-66	1868-1872	ſehe	_	_	_	
11-67	1873-1876	man	_	_	_	
11-68	1877-1881	ſich	_	_	_	
11-69	1882-1885	nur	_	_	_	
11-70	1886-1890	nach	_	_	_	
11-71	1891-1894	den	_	_	_	
11-72	1895-1906	groͤſſeſten	_	_	_	
11-73	1907-1914	huͤgeln	_	_	_	
11-74	1915-1918	umb	_	_	_	
11-75	1918-1919	/	_	_	_	
11-76	1920-1923	und	_	_	_	
11-77	1924-1932	zweiffle	_	_	_	
11-78	1933-1938	nicht	_	_	_	
11-79	1938-1939	/	_	_	_	
11-80	1941-1944	daß	_	_	_	
11-81	1945-1953	daſelbſt	_	_	_	
11-82	1954-1957	ein	_	_	_	
11-83	1958-1962	neſt	_	_	_	
11-84	1963-1967	voll	_	_	_	
11-85	1968-1973	junge	_	_	_	
11-86	1974-1983	vorhanden	_	_	_	
11-87	1984-1987	ſey	_	_	_	
11-88	1987-1988	.	_	_	_	

#Text=III.
12-1	1992-1995	III	_	_	_	
12-2	1995-1996	.	_	_	_	
