#FORMAT=WebAnno TSV 3.3


#Text=Grondt, die bequaam is om 't anker te vatten, en te houden.
1-1	2-8	Grondt	
1-2	8-9	,	
1-3	10-13	die	
1-4	14-21	bequaam	
1-5	22-24	is	
1-6	25-27	om	
1-7	28-29	'	
1-8	29-30	t	
1-9	31-36	anker	
1-10	37-39	te	
1-11	40-46	vatten	
1-12	46-47	,	
1-13	48-50	en	
1-14	51-53	te	
1-15	54-60	houden	
1-16	60-61	.	

#Text=het Anker is blindt.
2-1	63-66	het	
2-2	67-72	Anker	
2-3	73-75	is	
2-4	76-82	blindt	
2-5	82-83	.	

#Text=Dat is:
#Text=Het touw is van het anker geraakt.
3-1	84-87	Dat	
3-2	88-90	is	
3-3	90-91	:	
3-4	92-95	Het	
3-5	96-100	touw	
3-6	101-103	is	
3-7	104-107	van	
3-8	108-111	het	
3-9	112-117	anker	
3-10	118-125	geraakt	
3-11	125-126	.	

#Text=Of: De boey, die
#Text=op het anker dryft, is wegh, zoo dat men niet zien kan, op wat plaats het in de
#Text=grondt leght.
4-1	127-129	Of	
4-2	129-130	:	
4-3	131-133	De	
4-4	134-138	boey	
4-5	138-139	,	
4-6	140-143	die	
4-7	144-146	op	
4-8	147-150	het	
4-9	151-156	anker	
4-10	157-162	dryft	
4-11	162-163	,	
4-12	164-166	is	
4-13	167-171	wegh	
4-14	171-172	,	
4-15	173-176	zoo	
4-16	177-180	dat	
4-17	181-184	men	
4-18	185-189	niet	
4-19	190-194	zien	
4-20	195-198	kan	
4-21	198-199	,	
4-22	200-202	op	
4-23	203-206	wat	
4-24	207-213	plaats	
4-25	214-217	het	
4-26	218-220	in	
4-27	221-223	de	
4-28	224-230	grondt	
4-29	231-236	leght	
4-30	236-237	.	

#Text=ten Anker koomen:
#Text=voor Anker leggen:
#Text=op Anker reijen, heeft byna alle een
#Text=betekening.
5-1	239-242	ten	
5-2	243-248	Anker	
5-3	249-255	koomen	
5-4	255-256	:	
5-5	257-261	voor	
5-6	262-267	Anker	
5-7	268-274	leggen	
5-8	274-275	:	
5-9	276-278	op	
5-10	279-284	Anker	
5-11	285-291	reijen	
5-12	291-292	,	
5-13	293-298	heeft	
5-14	299-303	byna	
5-15	304-308	alle	
5-16	309-312	een	
5-17	313-323	betekening	
5-18	323-324	.	

#Text=van zyn neus
#Text=een Anker maken, betekent:
#Text=Niet verder te willen zien als zyn
#Text=neus lang is.
6-1	326-329	van	
6-2	330-333	zyn	
6-3	334-338	neus	
6-4	339-342	een	
6-5	343-348	Anker	
6-6	349-354	maken	
6-7	354-355	,	
6-8	356-364	betekent	
6-9	364-365	:	
6-10	366-370	Niet	
6-11	371-377	verder	
6-12	378-380	te	
6-13	381-387	willen	
6-14	388-392	zien	
6-15	393-396	als	
6-16	397-400	zyn	
6-17	401-405	neus	
6-18	406-410	lang	
6-19	411-413	is	
6-20	413-414	.	

#Text=Anker-oogh, of Neut.
7-1	416-426	Anker-oogh	
7-2	426-427	,	
7-3	428-430	of	
7-4	431-435	Neut	
7-5	435-436	.	

#Text=Het gat in de ankersteel, daar de ring door komt.
8-1	437-440	Het	
8-2	441-444	gat	
8-3	445-447	in	
8-4	448-450	de	
8-5	451-461	ankersteel	
8-6	461-462	,	
8-7	463-467	daar	
8-8	468-470	de	
8-9	471-475	ring	
8-10	476-480	door	
8-11	481-485	komt	
8-12	485-486	.	

#Text='t Anker op zetten.
9-1	488-489	'	
9-2	489-490	t	
9-3	491-496	Anker	
9-4	497-499	op	
9-5	500-506	zetten	
9-6	506-507	.	

#Text=Het anker, als het gewonden, en voor de kraan geheist is,
#Text=vast maken, met anker-talien, en portuur-lynen.
10-1	508-511	Het	
10-2	512-517	anker	
10-3	517-518	,	
10-4	519-522	als	
10-5	523-526	het	
10-6	527-535	gewonden	
10-7	535-536	,	
10-8	537-539	en	
10-9	540-544	voor	
10-10	545-547	de	
10-11	548-553	kraan	
10-12	554-561	geheist	
10-13	562-564	is	
10-14	564-565	,	
10-15	566-570	vast	
10-16	571-576	maken	
10-17	576-577	,	
10-18	578-581	met	
10-19	582-594	anker-talien	
10-20	594-595	,	
10-21	596-598	en	
10-22	599-612	portuur-lynen	
10-23	612-613	.	

#Text=Anker-schoen.
11-1	615-627	Anker-schoen	
11-2	627-628	.	

#Text=De bus, of het hout, dat, als een schoen, aan de anker-handen
#Text=gedaan wert, om de boegh niet te beschadigen.
12-1	629-631	De	
12-2	632-635	bus	
12-3	635-636	,	
12-4	637-639	of	
12-5	640-643	het	
12-6	644-648	hout	
12-7	648-649	,	
12-8	650-653	dat	
12-9	653-654	,	
12-10	655-658	als	
12-11	659-662	een	
12-12	663-669	schoen	
12-13	669-670	,	
12-14	671-674	aan	
12-15	675-677	de	
12-16	678-690	anker-handen	
12-17	691-697	gedaan	
12-18	698-702	wert	
12-19	702-703	,	
12-20	704-706	om	
12-21	707-709	de	
12-22	710-715	boegh	
12-23	716-720	niet	
12-24	721-723	te	
12-25	724-735	beschadigen	
12-26	735-736	.	

#Text='t Anker spillen.
13-1	738-739	'	
13-2	739-740	t	
13-3	741-746	Anker	
13-4	747-754	spillen	
13-5	754-755	.	

#Text=Het anker verliezen.
14-1	756-759	Het	
14-2	760-765	anker	
14-3	766-775	verliezen	
14-4	775-776	.	

#Text=zoo vet als een Anker-stok
15-1	778-781	zoo	
15-2	782-785	vet	
15-3	786-789	als	
15-4	790-793	een	
15-5	794-804	Anker-stok	
