#FORMAT=WebAnno TSV 3.3
#T_SP=custom.Span|label
#T_RL=custom.Relation|label|BT_custom.Span


#Text=Yn-kuam-ſhi
#Text=
#Text=
#Text=
#Text=Vu-kuai-ſhi
#Text=
#Text=
#Text=
#Text=
#Text=Menzel ſagt auch, daß funfzehn Familien
#Text=aus dem Geſchlecht des Fohi gefolgt waͤren, welche
#Text=zuſammen 1360 Jahre regiert haͤtten
1-1	5-16	Yn-kuam-ſhi	_	_	_	
1-2	20-31	Vu-kuai-ſhi	_	_	_	
1-3	36-42	Menzel	_	_	_	
1-4	43-47	ſagt	_	_	_	
1-5	48-52	auch	_	_	_	
1-6	52-53	,	_	_	_	
1-7	54-57	daß	_	_	_	
1-8	58-66	funfzehn	_	_	_	
1-9	67-75	Familien	_	_	_	
1-10	76-79	aus	_	_	_	
1-11	80-83	dem	_	_	_	
1-12	84-94	Geſchlecht	_	_	_	
1-13	95-98	des	_	_	_	
1-14	99-103	Fohi	_	_	_	
1-15	104-111	gefolgt	_	_	_	
1-16	112-118	waͤren	_	_	_	
1-17	118-119	,	_	_	_	
1-18	120-126	welche	_	_	_	
1-19	127-135	zuſammen	_	_	_	
1-20	136-140	1360	_	_	_	
1-21	141-146	Jahre	_	_	_	
1-22	147-154	regiert	_	_	_	
1-23	155-162	haͤtten	_	_	_	

#Text=.
2-1	162-163	.	_	_	_	

#Text=[168/0268
#Text=]
#Text=
#Text=Kaͤmpfers Geſchichte von Japan.
3-1	167-168	[	_	_	_	
3-2	168-171	168	_	_	_	
3-3	171-172	/	_	_	_	
3-4	172-176	0268	_	_	_	
3-5	177-178	]	_	_	_	
3-6	180-189	Kaͤmpfers	_	_	_	
3-7	190-200	Geſchichte	_	_	_	
3-8	201-204	von	_	_	_	
3-9	205-210	Japan	_	_	_	
3-10	210-211	.	_	_	_	

#Text=Zweites Buch.
4-1	212-219	Zweites	_	_	_	
4-2	220-224	Buch	_	_	_	
4-3	224-225	.	_	_	_	

#Text=in einem der beſten Gemaͤcher ihrer Haͤuſer aufgehangen, mit Laub oder einer Pflanze im
#Text=Munde, woran er riecht.
5-1	229-231	in	_	_	_	
5-2	232-237	einem	_	_	_	
5-3	238-241	der	_	_	_	
5-4	242-248	beſten	_	_	_	
5-5	249-258	Gemaͤcher	_	_	_	
5-6	259-264	ihrer	_	_	_	
5-7	265-272	Haͤuſer	_	_	_	
5-8	273-284	aufgehangen	_	_	_	
5-9	284-285	,	_	_	_	
5-10	286-289	mit	_	_	_	
5-11	290-294	Laub	_	_	_	
5-12	295-299	oder	_	_	_	
5-13	300-305	einer	_	_	_	
5-14	306-313	Pflanze	Smell\_Source	_	_	
5-15	314-316	im	_	_	_	
5-16	317-322	Munde	Odour\_Carrier	_	_	
5-17	322-323	,	_	_	_	
5-18	324-329	woran	_	_	_	
5-19	330-332	er	Perceiver	_	_	
5-20	333-339	riecht	Smell\_Word	*|*|*	5-19|5-16|5-14	
5-21	339-340	.	_	_	_	

#Text=Er regierte 140 Jahr und hat ſieben Nachkommen ſeines
#Text=Geſchlechts zu Nachfolgern im Reiche gehabt, alſo daß die Regierung in ſeiner Familie
#Text=520 Jahr gewaͤhret hat.
#Text=*)
#Text=
#Text=
#Text=
#Text=Nach der Abſetzung des lezten Kaiſers aus dieſem Hauſe kam Xin Num Kwo
#Text=Tai, oder nach der chineſiſchen Redensart Hoam Ti, und mit ſeinem vollen Titel Hon
#Text=Tai
#Text=Jun Hin Si, **)
#Text=zur Regierung
#Text=.
6-1	341-343	Er	_	_	_	
6-2	344-352	regierte	_	_	_	
6-3	353-356	140	_	_	_	
6-4	357-361	Jahr	_	_	_	
6-5	362-365	und	_	_	_	
6-6	366-369	hat	_	_	_	
6-7	370-376	ſieben	_	_	_	
6-8	377-387	Nachkommen	_	_	_	
6-9	388-394	ſeines	_	_	_	
6-10	395-406	Geſchlechts	_	_	_	
6-11	407-409	zu	_	_	_	
6-12	410-421	Nachfolgern	_	_	_	
6-13	422-424	im	_	_	_	
6-14	425-431	Reiche	_	_	_	
6-15	432-438	gehabt	_	_	_	
6-16	438-439	,	_	_	_	
6-17	440-444	alſo	_	_	_	
6-18	445-448	daß	_	_	_	
6-19	449-452	die	_	_	_	
6-20	453-462	Regierung	_	_	_	
6-21	463-465	in	_	_	_	
6-22	466-472	ſeiner	_	_	_	
6-23	473-480	Familie	_	_	_	
6-24	481-484	520	_	_	_	
6-25	485-489	Jahr	_	_	_	
6-26	490-499	gewaͤhret	_	_	_	
6-27	500-503	hat	_	_	_	
6-28	503-504	.	_	_	_	
6-29	505-506	*	_	_	_	
6-30	506-507	)	_	_	_	
6-31	511-515	Nach	_	_	_	
6-32	516-519	der	_	_	_	
6-33	520-529	Abſetzung	_	_	_	
6-34	530-533	des	_	_	_	
6-35	534-540	lezten	_	_	_	
6-36	541-548	Kaiſers	_	_	_	
6-37	549-552	aus	_	_	_	
6-38	553-559	dieſem	_	_	_	
6-39	560-565	Hauſe	_	_	_	
6-40	566-569	kam	_	_	_	
6-41	570-573	Xin	_	_	_	
6-42	574-577	Num	_	_	_	
6-43	578-581	Kwo	_	_	_	
6-44	582-585	Tai	_	_	_	
6-45	585-586	,	_	_	_	
6-46	587-591	oder	_	_	_	
6-47	592-596	nach	_	_	_	
6-48	597-600	der	_	_	_	
6-49	601-613	chineſiſchen	_	_	_	
6-50	614-623	Redensart	_	_	_	
6-51	624-628	Hoam	_	_	_	
6-52	629-631	Ti	_	_	_	
6-53	631-632	,	_	_	_	
6-54	633-636	und	_	_	_	
6-55	637-640	mit	_	_	_	
6-56	641-647	ſeinem	_	_	_	
6-57	648-654	vollen	_	_	_	
6-58	655-660	Titel	_	_	_	
6-59	661-664	Hon	_	_	_	
6-60	665-668	Tai	_	_	_	
6-61	669-672	Jun	_	_	_	
6-62	673-676	Hin	_	_	_	
6-63	677-679	Si	_	_	_	
6-64	679-680	,	_	_	_	
6-65	681-682	*	_	_	_	
6-66	682-683	*	_	_	_	
6-67	683-684	)	_	_	_	
6-68	685-688	zur	_	_	_	
6-69	689-698	Regierung	_	_	_	
6-70	699-700	.	_	_	_	

#Text=Die chineſiſche Geſchichtſchreiber glauben ein-
#Text=hellig, daß dieſer Prinz in China regiert habe, und diejenigen, welche die Wirklichkeit der
#Text=vorhergehenden Regierungen in Zweifel ziehen, fangen die Hiſtorie und Zeitrechnung des chi-
#Text=neſiſchen Kaiſerthums mit der Regierung des Hoam Ti an.
7-1	701-704	Die	_	_	_	
7-2	705-716	chineſiſche	_	_	_	
7-3	717-735	Geſchichtſchreiber	_	_	_	
7-4	736-743	glauben	_	_	_	
7-5	744-747	ein	_	_	_	
7-6	747-748	-	_	_	_	
7-7	749-755	hellig	_	_	_	
7-8	755-756	,	_	_	_	
7-9	757-760	daß	_	_	_	
7-10	761-767	dieſer	_	_	_	
7-11	768-773	Prinz	_	_	_	
7-12	774-776	in	_	_	_	
7-13	777-782	China	_	_	_	
7-14	783-790	regiert	_	_	_	
7-15	791-795	habe	_	_	_	
7-16	795-796	,	_	_	_	
7-17	797-800	und	_	_	_	
7-18	801-811	diejenigen	_	_	_	
7-19	811-812	,	_	_	_	
7-20	813-819	welche	_	_	_	
7-21	820-823	die	_	_	_	
7-22	824-836	Wirklichkeit	_	_	_	
7-23	837-840	der	_	_	_	
7-24	841-855	vorhergehenden	_	_	_	
7-25	856-867	Regierungen	_	_	_	
7-26	868-870	in	_	_	_	
7-27	871-878	Zweifel	_	_	_	
7-28	879-885	ziehen	_	_	_	
7-29	885-886	,	_	_	_	
7-30	887-893	fangen	_	_	_	
7-31	894-897	die	_	_	_	
7-32	898-906	Hiſtorie	_	_	_	
7-33	907-910	und	_	_	_	
7-34	911-923	Zeitrechnung	_	_	_	
7-35	924-927	des	_	_	_	
7-36	928-931	chi	_	_	_	
7-37	931-932	-	_	_	_	
7-38	933-942	neſiſchen	_	_	_	
7-39	943-954	Kaiſerthums	_	_	_	
7-40	955-958	mit	_	_	_	
7-41	959-962	der	_	_	_	
7-42	963-972	Regierung	_	_	_	
7-43	973-976	des	_	_	_	
7-44	977-981	Hoam	_	_	_	
7-45	982-984	Ti	_	_	_	
7-46	985-987	an	_	_	_	
7-47	987-988	.	_	_	_	

#Text=Er machte den Anfang
#Text=ſeiner Regierung im Jahr vor Symnu 2029, oder vor Chriſti Geburt 2689, oder nach
#Text=dem P.
8-1	989-991	Er	_	_	_	
8-2	992-998	machte	_	_	_	
8-3	999-1002	den	_	_	_	
8-4	1003-1009	Anfang	_	_	_	
8-5	1010-1016	ſeiner	_	_	_	
8-6	1017-1026	Regierung	_	_	_	
8-7	1027-1029	im	_	_	_	
8-8	1030-1034	Jahr	_	_	_	
8-9	1035-1038	vor	_	_	_	
8-10	1039-1044	Symnu	_	_	_	
8-11	1045-1049	2029	_	_	_	
8-12	1049-1050	,	_	_	_	
8-13	1051-1055	oder	_	_	_	
8-14	1056-1059	vor	_	_	_	
8-15	1060-1067	Chriſti	_	_	_	
8-16	1068-1074	Geburt	_	_	_	
8-17	1075-1079	2689	_	_	_	
8-18	1079-1080	,	_	_	_	
8-19	1081-1085	oder	_	_	_	
8-20	1086-1090	nach	_	_	_	
8-21	1091-1094	dem	_	_	_	
8-22	1095-1096	P	_	_	_	
8-23	1096-1097	.	_	_	_	

#Text=Couplet (welchem Doct.
9-1	1098-1105	Couplet	_	_	_	
9-2	1106-1107	(	_	_	_	
9-3	1107-1114	welchem	_	_	_	
9-4	1115-1119	Doct	_	_	_	
9-5	1119-1120	.	_	_	_	
