#FORMAT=WebAnno TSV 3.3
#T_SP=custom.Span|label
#T_RL=custom.Relation|label|BT_custom.Span


#Text=des
#Text=2.
1-1	0-3	des	_	_	_	
1-2	4-5	2	_	_	_	
1-3	5-6	.	_	_	_	

#Text=Theils ſeines Baum und Obſtgartens alſo gelehret.
2-1	7-13	Theils	_	_	_	
2-2	14-20	ſeines	_	_	_	
2-3	21-25	Baum	_	_	_	
2-4	26-29	und	_	_	_	
2-5	30-41	Obſtgartens	_	_	_	
2-6	42-46	alſo	_	_	_	
2-7	47-55	gelehret	_	_	_	
2-8	55-56	.	_	_	_	

#Text=Jm Fruͤhling wenn die Ro-
#Text=ſenſtoͤcke anfahen zu drucken und augen zu treiben/
#Text=ſo bohret mit einer ahl unter dem
#Text=auge eines weiſſen Roſenſtocks ein loch unterwerts bis auff das marck/ laſſet mit ei-
#Text=ner Schreibfeder ein wenig Braſilgen-farbe hinein flieſſen: unter einem andern au-
#Text=ge bohret gleichfalls ein loͤchlein/ und floͤſſet gelbe farbe hinein: fahret ſo fort/ mit ei-
#Text=nem dritten und vierten/ und laſſet gruͤne oder blawe farbe hienein.
3-1	57-59	Jm	_	_	_	
3-2	60-69	Fruͤhling	_	_	_	
3-3	70-74	wenn	_	_	_	
3-4	75-78	die	_	_	_	
3-5	79-81	Ro	_	_	_	
3-6	81-82	-	_	_	_	
3-7	83-93	ſenſtoͤcke	_	_	_	
3-8	94-101	anfahen	_	_	_	
3-9	102-104	zu	_	_	_	
3-10	105-112	drucken	_	_	_	
3-11	113-116	und	_	_	_	
3-12	117-122	augen	_	_	_	
3-13	123-125	zu	_	_	_	
3-14	126-133	treiben	_	_	_	
3-15	133-134	/	_	_	_	
3-16	135-137	ſo	_	_	_	
3-17	138-144	bohret	_	_	_	
3-18	145-148	mit	_	_	_	
3-19	149-154	einer	_	_	_	
3-20	155-158	ahl	_	_	_	
3-21	159-164	unter	_	_	_	
3-22	165-168	dem	_	_	_	
3-23	169-173	auge	_	_	_	
3-24	174-179	eines	_	_	_	
3-25	180-187	weiſſen	_	_	_	
3-26	188-199	Roſenſtocks	_	_	_	
3-27	200-203	ein	_	_	_	
3-28	204-208	loch	_	_	_	
3-29	209-219	unterwerts	_	_	_	
3-30	220-223	bis	_	_	_	
3-31	224-228	auff	_	_	_	
3-32	229-232	das	_	_	_	
3-33	233-238	marck	_	_	_	
3-34	238-239	/	_	_	_	
3-35	240-246	laſſet	_	_	_	
3-36	247-250	mit	_	_	_	
3-37	251-253	ei	_	_	_	
3-38	253-254	-	_	_	_	
3-39	255-258	ner	_	_	_	
3-40	259-271	Schreibfeder	_	_	_	
3-41	272-275	ein	_	_	_	
3-42	276-281	wenig	_	_	_	
3-43	282-297	Braſilgen-farbe	_	_	_	
3-44	298-304	hinein	_	_	_	
3-45	305-313	flieſſen	_	_	_	
3-46	313-314	:	_	_	_	
3-47	315-320	unter	_	_	_	
3-48	321-326	einem	_	_	_	
3-49	327-333	andern	_	_	_	
3-50	334-336	au	_	_	_	
3-51	336-337	-	_	_	_	
3-52	338-340	ge	_	_	_	
3-53	341-347	bohret	_	_	_	
3-54	348-359	gleichfalls	_	_	_	
3-55	360-363	ein	_	_	_	
3-56	364-373	loͤchlein	_	_	_	
3-57	373-374	/	_	_	_	
3-58	375-378	und	_	_	_	
3-59	379-387	floͤſſet	_	_	_	
3-60	388-393	gelbe	_	_	_	
3-61	394-399	farbe	_	_	_	
3-62	400-406	hinein	_	_	_	
3-63	406-407	:	_	_	_	
3-64	408-414	fahret	_	_	_	
3-65	415-417	ſo	_	_	_	
3-66	418-422	fort	_	_	_	
3-67	422-423	/	_	_	_	
3-68	424-427	mit	_	_	_	
3-69	428-430	ei	_	_	_	
3-70	430-431	-	_	_	_	
3-71	432-435	nem	_	_	_	
3-72	436-443	dritten	_	_	_	
3-73	444-447	und	_	_	_	
3-74	448-455	vierten	_	_	_	
3-75	455-456	/	_	_	_	
3-76	457-460	und	_	_	_	
3-77	461-467	laſſet	_	_	_	
3-78	468-474	gruͤne	_	_	_	
3-79	475-479	oder	_	_	_	
3-80	480-485	blawe	_	_	_	
3-81	486-491	farbe	_	_	_	
3-82	492-499	hienein	_	_	_	
3-83	499-500	.	_	_	_	

#Text=Alſo bringet der
#Text=Roſenſtock zwar ſeine weiſſe Roſen von natur: die unterbohrten Augen aber ſollen
#Text=Roſen bringen nach art der viererley eingefloͤſten farben.
4-1	501-505	Alſo	_	_	_	
4-2	506-513	bringet	_	_	_	
4-3	514-517	der	_	_	_	
4-4	518-528	Roſenſtock	_	_	_	
4-5	529-533	zwar	_	_	_	
4-6	534-539	ſeine	_	_	_	
4-7	540-546	weiſſe	_	_	_	
4-8	547-552	Roſen	_	_	_	
4-9	553-556	von	_	_	_	
4-10	557-562	natur	_	_	_	
4-11	562-563	:	_	_	_	
4-12	564-567	die	_	_	_	
4-13	568-580	unterbohrten	_	_	_	
4-14	581-586	Augen	_	_	_	
4-15	587-591	aber	_	_	_	
4-16	592-598	ſollen	_	_	_	
4-17	599-604	Roſen	_	_	_	
4-18	605-612	bringen	_	_	_	
4-19	613-617	nach	_	_	_	
4-20	618-621	art	_	_	_	
4-21	622-625	der	_	_	_	
4-22	626-635	viererley	_	_	_	
4-23	636-649	eingefloͤſten	_	_	_	
4-24	650-656	farben	_	_	_	
4-25	656-657	.	_	_	_	

#Text=Eine mehre gewißheit
#Text=aber iſt zu hoffen/ wan man durch das Oculiren vier oder mehr arten Roſen auff einen
#Text=Stock bringet.
5-1	658-662	Eine	_	_	_	
5-2	663-668	mehre	_	_	_	
5-3	669-678	gewißheit	_	_	_	
5-4	679-683	aber	_	_	_	
5-5	684-687	iſt	_	_	_	
5-6	688-690	zu	_	_	_	
5-7	691-697	hoffen	_	_	_	
5-8	697-698	/	_	_	_	
5-9	699-702	wan	_	_	_	
5-10	703-706	man	_	_	_	
5-11	707-712	durch	_	_	_	
5-12	713-716	das	_	_	_	
5-13	717-725	Oculiren	_	_	_	
5-14	726-730	vier	_	_	_	
5-15	731-735	oder	_	_	_	
5-16	736-740	mehr	_	_	_	
5-17	741-746	arten	_	_	_	
5-18	747-752	Roſen	_	_	_	
5-19	753-757	auff	_	_	_	
5-20	758-763	einen	_	_	_	
5-21	764-769	Stock	_	_	_	
5-22	770-777	bringet	_	_	_	
5-23	777-778	.	_	_	_	

#Text=Sonſten/ gleichwie droben im II.
6-1	781-788	Sonſten	_	_	_	
6-2	788-789	/	_	_	_	
6-3	790-799	gleichwie	_	_	_	
6-4	800-806	droben	_	_	_	
6-5	807-809	im	_	_	_	
6-6	810-812	II	_	_	_	
6-7	812-813	.	_	_	_	

#Text=Buch von den Tulipen gemeldet worden/
#Text=
#Text=alſo kan man auch eine rohte Roſe durch den rauch von angezuͤndetem ſchweffel blaß
#Text=machen:
#Text=und wenn man die helffte derſelben im bereuchern verhuͤllet/ ſo wird ſie halb
#Text=roht und halb weiß/ welches deſto ſeltzamer.
7-1	814-818	Buch	_	_	_	
7-2	819-822	von	_	_	_	
7-3	823-826	den	_	_	_	
7-4	827-834	Tulipen	_	_	_	
7-5	835-843	gemeldet	_	_	_	
7-6	844-850	worden	_	_	_	
7-7	850-851	/	_	_	_	
7-8	853-857	alſo	_	_	_	
7-9	858-861	kan	_	_	_	
7-10	862-865	man	_	_	_	
7-11	866-870	auch	_	_	_	
7-12	871-875	eine	_	_	_	
7-13	876-881	rohte	_	_	_	
7-14	882-886	Roſe	_	_	_	
7-15	887-892	durch	_	_	_	
7-16	893-896	den	_	_	_	
7-17	897-902	rauch	_	_	_	
7-18	903-906	von	_	_	_	
7-19	907-920	angezuͤndetem	_	_	_	
7-20	921-930	ſchweffel	_	_	_	
7-21	931-935	blaß	_	_	_	
7-22	936-942	machen	_	_	_	
7-23	942-943	:	_	_	_	
7-24	944-947	und	_	_	_	
7-25	948-952	wenn	_	_	_	
7-26	953-956	man	_	_	_	
7-27	957-960	die	_	_	_	
7-28	961-968	helffte	_	_	_	
7-29	969-978	derſelben	_	_	_	
7-30	979-981	im	_	_	_	
7-31	982-992	bereuchern	_	_	_	
7-32	993-1003	verhuͤllet	_	_	_	
7-33	1003-1004	/	_	_	_	
7-34	1005-1007	ſo	_	_	_	
7-35	1008-1012	wird	_	_	_	
7-36	1013-1016	ſie	_	_	_	
7-37	1017-1021	halb	_	_	_	
7-38	1022-1026	roht	_	_	_	
7-39	1027-1030	und	_	_	_	
7-40	1031-1035	halb	_	_	_	
7-41	1036-1040	weiß	_	_	_	
7-42	1040-1041	/	_	_	_	
7-43	1042-1049	welches	_	_	_	
7-44	1050-1055	deſto	_	_	_	
7-45	1056-1065	ſeltzamer	_	_	_	
7-46	1065-1066	.	_	_	_	

#Text=VII.
8-1	1069-1072	VII	_	_	_	
8-2	1072-1073	.	_	_	_	

#Text=Kleine Roſen vergroͤſſern.
9-1	1074-1080	Kleine	_	_	_	
9-2	1081-1086	Roſen	_	_	_	
9-3	1087-1099	vergroͤſſern	_	_	_	
9-4	1099-1100	.	_	_	_	

#Text=Die Moſcat oder Damaſcener Roſen behalten am geruch den preiß vor allen
#Text=andern:
#Text=ſind aber hergegen faſt die kleinſten.
10-1	1102-1105	Die	Smell\_Source[1]	_	_	
10-2	1106-1112	Moſcat	Smell\_Source[1]	_	_	
10-3	1113-1117	oder	Smell\_Source[1]	_	_	
10-4	1118-1128	Damaſcener	Smell\_Source[1]	_	_	
10-5	1129-1134	Roſen	Smell\_Source[1]	_	_	
10-6	1135-1143	behalten	_	_	_	
10-7	1144-1146	am	_	_	_	
10-8	1147-1153	geruch	Smell\_Word	*|*	10-1[1_0]|10-11[2_0]	
10-9	1154-1157	den	_	_	_	
10-10	1158-1163	preiß	_	_	_	
10-11	1164-1167	vor	Quality[2]	_	_	
10-12	1168-1173	allen	Quality[2]	_	_	
10-13	1174-1180	andern	Quality[2]	_	_	
10-14	1180-1181	:	_	_	_	
10-15	1182-1186	ſind	_	_	_	
10-16	1187-1191	aber	_	_	_	
10-17	1192-1200	hergegen	_	_	_	
10-18	1201-1205	faſt	_	_	_	
10-19	1206-1209	die	_	_	_	
10-20	1210-1219	kleinſten	_	_	_	
10-21	1219-1220	.	_	_	_	

#Text=Jo.
11-1	1221-1223	Jo	_	_	_	
11-2	1223-1224	.	_	_	_	

#Text=Bapt.
12-1	1225-1229	Bapt	_	_	_	
12-2	1229-1230	.	_	_	_	

#Text=Ferrarius l.
13-1	1231-1240	Ferrarius	_	_	_	
13-2	1241-1242	l	_	_	_	
13-3	1242-1243	.	_	_	_	

#Text=IV.
14-1	1244-1246	IV	_	_	_	
14-2	1246-1247	.	_	_	_	

#Text=Flor.
#Text=c. 8.
#Text=befihlet ſie auff einen groſſen weiſſen oder purpurfarben Roſenſtock zu pfropffen/
#Text=ſo
#Text=bringen ſie groͤſſere blumen.
15-1	1248-1252	Flor	_	_	_	
15-2	1252-1253	.	_	_	_	
15-3	1254-1255	c	_	_	_	
15-4	1255-1256	.	_	_	_	
15-5	1257-1258	8	_	_	_	
15-6	1258-1259	.	_	_	_	
15-7	1260-1268	befihlet	_	_	_	
15-8	1269-1272	ſie	_	_	_	
15-9	1273-1277	auff	_	_	_	
15-10	1278-1283	einen	_	_	_	
15-11	1284-1291	groſſen	_	_	_	
15-12	1292-1299	weiſſen	_	_	_	
15-13	1300-1304	oder	_	_	_	
15-14	1305-1317	purpurfarben	_	_	_	
15-15	1318-1328	Roſenſtock	_	_	_	
15-16	1329-1331	zu	_	_	_	
15-17	1332-1341	pfropffen	_	_	_	
15-18	1341-1342	/	_	_	_	
15-19	1343-1345	ſo	_	_	_	
15-20	1346-1353	bringen	_	_	_	
15-21	1354-1357	ſie	_	_	_	
15-22	1358-1367	groͤſſere	_	_	_	
15-23	1368-1374	blumen	_	_	_	
15-24	1374-1375	.	_	_	_	

#Text=VIII.
16-1	1378-1382	VIII	_	_	_	
16-2	1382-1383	.	_	_	_	

#Text=H h 2\f
#Text=[244/0280
17-1	1387-1388	H	_	_	_	
17-2	1389-1390	h	_	_	_	
17-3	1391-1392	2	_	_	_	
17-4	1394-1395	[	_	_	_	
17-5	1395-1398	244	_	_	_	
17-6	1398-1399	/	_	_	_	
17-7	1399-1403	0280	_	_	_	
