#FORMAT=WebAnno TSV 3.3
#T_SP=custom.Span|label
#T_RL=custom.Relation|label|BT_custom.Span


#Text=Ils vont tous deux sur des chevaux d'Espagne
#Text=
#Text=Suivre cent chiens jappants dans la campagne.
1-1	0-3	Ils	_	_	_	
1-2	4-8	vont	_	_	_	
1-3	9-13	tous	_	_	_	
1-4	14-18	deux	_	_	_	
1-5	19-22	sur	_	_	_	
1-6	23-26	des	_	_	_	
1-7	27-34	chevaux	_	_	_	
1-8	35-44	d'Espagne	_	_	_	
1-9	46-52	Suivre	_	_	_	
1-10	53-57	cent	_	_	_	
1-11	58-64	chiens	_	_	_	
1-12	65-73	jappants	_	_	_	
1-13	74-78	dans	_	_	_	
1-14	79-81	la	_	_	_	
1-15	82-90	campagne	_	_	_	
1-16	90-91	.	_	_	_	

#Text=A leur retour on les conduit aux bains.
2-1	93-94	A	_	_	_	
2-2	95-99	leur	_	_	_	
2-3	100-106	retour	_	_	_	
2-4	107-109	on	_	_	_	
2-5	110-113	les	_	_	_	
2-6	114-121	conduit	_	_	_	
2-7	122-125	aux	Location[1]	_	_	
2-8	126-131	bains	Location[1]	_	_	
2-9	131-132	.	_	_	_	

#Text=Pâtes, parfums, odeurs de l'Arabie
#Text=
#Text=Qui font la peau douce, fraîche et polie,
#Text=
#Text=Sont prodigués sur eux à pleines mains.
3-1	134-139	Pâtes	_	_	_	
3-2	139-140	,	_	_	_	
3-3	141-148	parfums	Smell\_Word	*|*	3-9[2_0]|2-7[1_0]	
3-4	148-149	,	_	_	_	
3-5	150-156	odeurs	Smell\_Word	*|*|*	3-7|2-7[1_0]|3-9[2_0]	
3-6	157-159	de	_	_	_	
3-7	160-168	l'Arabie	Evoked\_Odorant	_	_	
3-8	170-173	Qui	_	_	_	
3-9	174-178	font	Effect[2]	_	_	
3-10	179-181	la	Effect[2]	_	_	
3-11	182-186	peau	Effect[2]	_	_	
3-12	187-192	douce	Effect[2]	_	_	
3-13	192-193	,	Effect[2]	_	_	
3-14	194-201	fraîche	Effect[2]	_	_	
3-15	202-204	et	Effect[2]	_	_	
3-16	205-210	polie	Effect[2]	_	_	
3-17	210-211	,	_	_	_	
3-18	213-217	Sont	_	_	_	
3-19	218-227	prodigués	_	_	_	
3-20	228-231	sur	_	_	_	
3-21	232-235	eux	_	_	_	
3-22	236-237	à	_	_	_	
3-23	238-245	pleines	_	_	_	
3-24	246-251	mains	_	_	_	
3-25	251-252	.	_	_	_	

#Text=Le dîner vient, la délicate chère!
4-1	254-256	Le	_	_	_	
4-2	257-262	dîner	_	_	_	
4-3	263-268	vient	_	_	_	
4-4	268-269	,	_	_	_	
4-5	270-272	la	_	_	_	
4-6	273-281	délicate	_	_	_	
4-7	282-287	chère	_	_	_	
4-8	287-288	!	_	_	_	

#Text=L'oiseau du Phase et le coq de bruyère,
#Text=
#Text=De vingt ragoûts l'apprêt délicieux,
#Text=
#Text=Charment le nez, le palais et les yeux.
5-1	290-298	L'oiseau	_	_	_	
5-2	299-301	du	_	_	_	
5-3	302-307	Phase	_	_	_	
5-4	308-310	et	_	_	_	
5-5	311-313	le	_	_	_	
5-6	314-317	coq	_	_	_	
5-7	318-320	de	_	_	_	
5-8	321-328	bruyère	_	_	_	
5-9	328-329	,	_	_	_	
5-10	331-333	De	_	_	_	
5-11	334-339	vingt	_	_	_	
5-12	340-347	ragoûts	Smell\_Source	_	_	
5-13	348-356	l'apprêt	_	_	_	
5-14	357-366	délicieux	_	_	_	
5-15	366-367	,	_	_	_	
5-16	369-377	Charment	Quality	_	_	
5-17	378-380	le	_	_	_	
5-18	381-384	nez	Smell\_Word	*|*	5-12|5-16	
5-19	384-385	,	_	_	_	
5-20	386-388	le	_	_	_	
5-21	389-395	palais	_	_	_	
5-22	396-398	et	_	_	_	
5-23	399-402	les	_	_	_	
5-24	403-407	yeux	_	_	_	
5-25	407-408	.	_	_	_	

#Text=Du vin d'Aï la mousse pétillante,
#Text=
#Text=Et du Tokai la liqueur jaunissante
#Text=
#Text=En chatouillant les fibres des cerveaux,
#Text=
#Text=Y porte un feu qui s'exhale en bons mots,
#Text=
#Text=Aussi brillants que la liqueur légère
#Text=
#Text=Qui monte et saute et mousse au bord du verre:
#Text=
#Text=L'ami Bonneau d'un gros rire applaudit
#Text=
#Text=A son bon roi qui montre de l'esprit.
6-1	410-412	Du	_	_	_	
6-2	413-416	vin	_	_	_	
6-3	417-421	d'Aï	_	_	_	
6-4	422-424	la	_	_	_	
6-5	425-431	mousse	_	_	_	
6-6	432-442	pétillante	_	_	_	
6-7	442-443	,	_	_	_	
6-8	445-447	Et	_	_	_	
6-9	448-450	du	_	_	_	
6-10	451-456	Tokai	_	_	_	
6-11	457-459	la	_	_	_	
6-12	460-467	liqueur	_	_	_	
6-13	468-479	jaunissante	_	_	_	
6-14	481-483	En	_	_	_	
6-15	484-496	chatouillant	_	_	_	
6-16	497-500	les	_	_	_	
6-17	501-507	fibres	_	_	_	
6-18	508-511	des	_	_	_	
6-19	512-520	cerveaux	_	_	_	
6-20	520-521	,	_	_	_	
6-21	523-524	Y	_	_	_	
6-22	525-530	porte	_	_	_	
6-23	531-533	un	_	_	_	
6-24	534-537	feu	_	_	_	
6-25	538-541	qui	_	_	_	
6-26	542-550	s'exhale	_	_	_	
6-27	551-553	en	_	_	_	
6-28	554-558	bons	_	_	_	
6-29	559-563	mots	_	_	_	
6-30	563-564	,	_	_	_	
6-31	566-571	Aussi	_	_	_	
6-32	572-581	brillants	_	_	_	
6-33	582-585	que	_	_	_	
6-34	586-588	la	_	_	_	
6-35	589-596	liqueur	_	_	_	
6-36	597-603	légère	_	_	_	
6-37	605-608	Qui	_	_	_	
6-38	609-614	monte	_	_	_	
6-39	615-617	et	_	_	_	
6-40	618-623	saute	_	_	_	
6-41	624-626	et	_	_	_	
6-42	627-633	mousse	_	_	_	
6-43	634-636	au	_	_	_	
6-44	637-641	bord	_	_	_	
6-45	642-644	du	_	_	_	
6-46	645-650	verre	_	_	_	
6-47	650-651	:	_	_	_	
6-48	653-658	L'ami	_	_	_	
6-49	659-666	Bonneau	_	_	_	
6-50	667-671	d'un	_	_	_	
6-51	672-676	gros	_	_	_	
6-52	677-681	rire	_	_	_	
6-53	682-691	applaudit	_	_	_	
6-54	693-694	A	_	_	_	
6-55	695-698	son	_	_	_	
6-56	699-702	bon	_	_	_	
6-57	703-706	roi	_	_	_	
6-58	707-710	qui	_	_	_	
6-59	711-717	montre	_	_	_	
6-60	718-720	de	_	_	_	
6-61	721-729	l'esprit	_	_	_	
6-62	729-730	.	_	_	_	
