#FORMAT=WebAnno TSV 3.3


#Text=Garherd.
#Text=]
#Text=
#Text=
#Text=[
#Text=Abbildung\tFig.
#Text=351.
1-1	3-10	Garherd	
1-2	10-11	.	
1-3	12-13	]	
1-4	16-17	[	
1-5	18-27	Abbildung	
1-6	28-31	Fig	
1-7	31-32	.	
1-8	33-36	351	
1-9	36-37	.	

#Text=Spleißofen.
#Text=]
#Text=
#Text=
#Text=Ein weſentlich verbeſſerter Ofen zur Röſtung der Kupfererze iſt
#Text=der Kupfererz-Doppelofen.
2-1	39-49	Spleißofen	
2-2	49-50	.	
2-3	51-52	]	
2-4	55-58	Ein	
2-5	59-69	weſentlich	
2-6	70-82	verbeſſerter	
2-7	83-87	Ofen	
2-8	88-91	zur	
2-9	92-99	Röſtung	
2-10	100-103	der	
2-11	104-114	Kupfererze	
2-12	115-118	iſt	
2-13	119-122	der	
2-14	123-143	Kupfererz-Doppelofen	
2-15	143-144	.	

#Text=Vom Roſt aus ſtreicht die Flamme über den
#Text=unteren Herd, geht in einem vertikalen Kanal nach einem darüber-
#Text=liegenden Herd und von hieraus zur Eſſe.
3-1	145-148	Vom	
3-2	149-153	Roſt	
3-3	154-157	aus	
3-4	158-166	ſtreicht	
3-5	167-170	die	
3-6	171-177	Flamme	
3-7	178-182	über	
3-8	183-186	den	
3-9	187-194	unteren	
3-10	195-199	Herd	
3-11	199-200	,	
3-12	201-205	geht	
3-13	206-208	in	
3-14	209-214	einem	
3-15	215-225	vertikalen	
3-16	226-231	Kanal	
3-17	232-236	nach	
3-18	237-242	einem	
3-19	243-250	darüber	
3-20	250-251	-	
3-21	252-261	liegenden	
3-22	262-266	Herd	
3-23	267-270	und	
3-24	271-274	von	
3-25	275-282	hieraus	
3-26	283-286	zur	
3-27	287-291	Eſſe	
3-28	291-292	.	

#Text=Die Erze werden
#Text=durch die Decke des oberen Herdes eingeſchüttet und durch eine
#Text=Krählvorrichtung, welche ihren Antrieb unter dem Herde hat, ge-
#Text=wendet.
4-1	293-296	Die	
4-2	297-301	Erze	
4-3	302-308	werden	
4-4	309-314	durch	
4-5	315-318	die	
4-6	319-324	Decke	
4-7	325-328	des	
4-8	329-335	oberen	
4-9	336-342	Herdes	
4-10	343-356	eingeſchüttet	
4-11	357-360	und	
4-12	361-366	durch	
4-13	367-371	eine	
4-14	372-388	Krählvorrichtung	
4-15	388-389	,	
4-16	390-396	welche	
4-17	397-402	ihren	
4-18	403-410	Antrieb	
4-19	411-416	unter	
4-20	417-420	dem	
4-21	421-426	Herde	
4-22	427-430	hat	
4-23	430-431	,	
4-24	432-434	ge	
4-25	434-435	-	
4-26	436-442	wendet	
4-27	442-443	.	

#Text=Bei einem ähnlich konſtruierten Ofen iſt die Krählvorrichtung
#Text=hohl und dient dazu, Waſſerdampf einſtrömen zu laſſen.
5-1	444-447	Bei	
5-2	448-453	einem	
5-3	454-461	ähnlich	
5-4	462-475	konſtruierten	
5-5	476-480	Ofen	
5-6	481-484	iſt	
5-7	485-488	die	
5-8	489-505	Krählvorrichtung	
5-9	506-510	hohl	
5-10	511-514	und	
5-11	515-520	dient	
5-12	521-525	dazu	
5-13	525-526	,	
5-14	527-538	Waſſerdampf	
5-15	539-549	einſtrömen	
5-16	550-552	zu	
5-17	553-559	laſſen	
5-18	559-560	.	

#Text=Dieſer Waſſer-
#Text=dampf zerſetzt ſich in Waſſerſtoff und Sauerſtoff, welche mit dem Arſen
#Text=und Antimon flüchtige Verbindungen bilden, wodurch das Kupfer von
#Text=dieſen beiden Metallen gereinigt wird.
6-1	561-567	Dieſer	
6-2	568-574	Waſſer	
6-3	574-575	-	
6-4	576-581	dampf	
6-5	582-590	zerſetzt	
6-6	591-595	ſich	
6-7	596-598	in	
6-8	599-610	Waſſerſtoff	
6-9	611-614	und	
6-10	615-625	Sauerſtoff	
6-11	625-626	,	
6-12	627-633	welche	
6-13	634-637	mit	
6-14	638-641	dem	
6-15	642-647	Arſen	
6-16	648-651	und	
6-17	652-659	Antimon	
6-18	660-669	flüchtige	
6-19	670-682	Verbindungen	
6-20	683-689	bilden	
6-21	689-690	,	
6-22	691-698	wodurch	
6-23	699-702	das	
6-24	703-709	Kupfer	
6-25	710-713	von	
6-26	714-720	dieſen	
6-27	721-727	beiden	
6-28	728-736	Metallen	
6-29	737-746	gereinigt	
6-30	747-751	wird	
6-31	751-752	.	

#Text=Zugleich wirkt der Dampf
#Text=
#Text=mechaniſch, indem er das geſchmolzene Metall in Wallung erhält und
#Text=ſo alle Teile desſelben leichter oxydierbar macht.
7-1	753-761	Zugleich	
7-2	762-767	wirkt	
7-3	768-771	der	
7-4	772-777	Dampf	
7-5	779-789	mechaniſch	
7-6	789-790	,	
7-7	791-796	indem	
7-8	797-799	er	
7-9	800-803	das	
7-10	804-816	geſchmolzene	
7-11	817-823	Metall	
7-12	824-826	in	
7-13	827-834	Wallung	
7-14	835-841	erhält	
7-15	842-845	und	
7-16	846-848	ſo	
7-17	849-853	alle	
7-18	854-859	Teile	
7-19	860-869	desſelben	
7-20	870-878	leichter	
7-21	879-889	oxydierbar	
7-22	890-895	macht	
7-23	895-896	.	

#Text=H.
8-1	900-901	H	
8-2	901-902	.	

#Text=Schliephacke empfiehlt zur Darſtellung von Kupfer aus Schwefel-
#Text=kupfer, in das ſchmelzende Schwefelkupfer überhitzten Waſſerdampf zu
#Text=leiten.
9-1	903-915	Schliephacke	
9-2	916-925	empfiehlt	
9-3	926-929	zur	
9-4	930-941	Darſtellung	
9-5	942-945	von	
9-6	946-952	Kupfer	
9-7	953-956	aus	
9-8	957-965	Schwefel	
9-9	965-966	-	
9-10	967-973	kupfer	
9-11	973-974	,	
9-12	975-977	in	
9-13	978-981	das	
9-14	982-993	ſchmelzende	
9-15	994-1008	Schwefelkupfer	
9-16	1009-1020	überhitzten	
9-17	1021-1032	Waſſerdampf	
9-18	1033-1035	zu	
9-19	1036-1042	leiten	
9-20	1042-1043	.	

#Text=Hierbei wird dasſelbe unter Bildung von ſchwefliger Säure in
#Text=metalliſches Kupfer übergeführt, welches noch einen Reſt Kupferoxydul
#Text=enthält.
10-1	1044-1051	Hierbei	
10-2	1052-1056	wird	
10-3	1057-1065	dasſelbe	
10-4	1066-1071	unter	
10-5	1072-1079	Bildung	
10-6	1080-1083	von	
10-7	1084-1095	ſchwefliger	
10-8	1096-1101	Säure	
10-9	1102-1104	in	
10-10	1105-1117	metalliſches	
10-11	1118-1124	Kupfer	
10-12	1125-1136	übergeführt	
10-13	1136-1137	,	
10-14	1138-1145	welches	
10-15	1146-1150	noch	
10-16	1151-1156	einen	
10-17	1157-1161	Reſt	
10-18	1162-1174	Kupferoxydul	
10-19	1175-1182	enthält	
10-20	1182-1183	.	

#Text=Durch Rühren des geſchmolzenen Kupfers mit Birkenholz
#Text=
#Text=wird auch dieſer Reſt Kupferoxydul zu metalliſchem Kupfer reduziert.
11-1	1184-1189	Durch	
11-2	1190-1196	Rühren	
11-3	1197-1200	des	
11-4	1201-1214	geſchmolzenen	
11-5	1215-1222	Kupfers	
11-6	1223-1226	mit	
11-7	1227-1237	Birkenholz	
11-8	1239-1243	wird	
11-9	1244-1248	auch	
11-10	1249-1255	dieſer	
11-11	1256-1260	Reſt	
11-12	1261-1273	Kupferoxydul	
11-13	1274-1276	zu	
11-14	1277-1289	metalliſchem	
11-15	1290-1296	Kupfer	
11-16	1297-1306	reduziert	
11-17	1306-1307	.	

#Text=Die Beendigung des Prozeſſes iſt am Verſchwinden der charakteriſtiſchen
#Text=Waſſerſtoffflamme erkennbar, da die Zerſetzung des Waſſerdampfes
#Text=aufhört, wenn alles Schwefelkupfer in metalliſches Kupfer verwandelt iſt.
12-1	1310-1313	Die	
12-2	1314-1324	Beendigung	
12-3	1325-1328	des	
12-4	1329-1338	Prozeſſes	
12-5	1339-1342	iſt	
12-6	1343-1345	am	
12-7	1346-1358	Verſchwinden	
12-8	1359-1362	der	
12-9	1363-1381	charakteriſtiſchen	
12-10	1382-1399	Waſſerſtoffflamme	
12-11	1400-1409	erkennbar	
12-12	1409-1410	,	
12-13	1411-1413	da	
12-14	1414-1417	die	
12-15	1418-1428	Zerſetzung	
12-16	1429-1432	des	
12-17	1433-1446	Waſſerdampfes	
12-18	1447-1454	aufhört	
12-19	1454-1455	,	
12-20	1456-1460	wenn	
12-21	1461-1466	alles	
12-22	1467-1481	Schwefelkupfer	
12-23	1482-1484	in	
12-24	1485-1497	metalliſches	
12-25	1498-1504	Kupfer	
12-26	1505-1515	verwandelt	
12-27	1516-1519	iſt	
12-28	1519-1520	.	
