#FORMAT=WebAnno TSV 3.3
#T_SP=custom.Span|label
#T_RL=custom.Relation|label|BT_custom.Span


#Text=Auch hat
#Text=er eine ſonderliche Kraft wider giftger
#Text=
#Text=Thiere Biß und Wunden: wie dann die
#Text=Thiere ſelbſt, die ſich verletzt empfinden,
#Text=ſich zu dieſem Baume finden, in die
#Text=Rinde beiſſen, und das benoͤthigte Mit-
#Text=
#Text=tel zur Geneſung dadurch erhalten.
1-1	2-6	Auch	_	_	_	
1-2	7-10	hat	_	_	_	
1-3	11-13	er	_	_	_	
1-4	14-18	eine	_	_	_	
1-5	19-30	ſonderliche	_	_	_	
1-6	31-36	Kraft	_	_	_	
1-7	37-42	wider	_	_	_	
1-8	43-50	giftger	_	_	_	
1-9	52-58	Thiere	_	_	_	
1-10	59-62	Biß	_	_	_	
1-11	63-66	und	_	_	_	
1-12	67-73	Wunden	_	_	_	
1-13	73-74	:	_	_	_	
1-14	75-78	wie	_	_	_	
1-15	79-83	dann	_	_	_	
1-16	84-87	die	_	_	_	
1-17	88-94	Thiere	_	_	_	
1-18	95-101	ſelbſt	_	_	_	
1-19	101-102	,	_	_	_	
1-20	103-106	die	_	_	_	
1-21	107-111	ſich	_	_	_	
1-22	112-120	verletzt	_	_	_	
1-23	121-130	empfinden	_	_	_	
1-24	130-131	,	_	_	_	
1-25	132-136	ſich	_	_	_	
1-26	137-139	zu	_	_	_	
1-27	140-146	dieſem	_	_	_	
1-28	147-152	Baume	_	_	_	
1-29	153-159	finden	_	_	_	
1-30	159-160	,	_	_	_	
1-31	161-163	in	_	_	_	
1-32	164-167	die	_	_	_	
1-33	168-173	Rinde	_	_	_	
1-34	174-181	beiſſen	_	_	_	
1-35	181-182	,	_	_	_	
1-36	183-186	und	_	_	_	
1-37	187-190	das	_	_	_	
1-38	191-202	benoͤthigte	_	_	_	
1-39	203-206	Mit	_	_	_	
1-40	206-207	-	_	_	_	
1-41	209-212	tel	_	_	_	
1-42	213-216	zur	_	_	_	
1-43	217-225	Geneſung	_	_	_	
1-44	226-233	dadurch	_	_	_	
1-45	234-242	erhalten	_	_	_	
1-46	242-243	.	_	_	_	

#Text=Dieſe
#Text=Baͤume wachſen an unterſchie-
#Text=denen Orten in Braſilien, naͤmlich um
#Text=den Fluß, Rio de Janeiro genannt, zu
#Text=Sanct Vincentz, und zu Pernambuc:
#Text=
#Text=iedannoch iſt er allda nicht in ſolcher
#Text=Menge anzutreffen, als wie in dem Lan-
#Text=de des heiligen Geiſtes.
2-1	245-250	Dieſe	_	_	_	
2-2	251-257	Baͤume	_	_	_	
2-3	258-265	wachſen	_	_	_	
2-4	266-268	an	_	_	_	
2-5	269-279	unterſchie	_	_	_	
2-6	279-280	-	_	_	_	
2-7	281-286	denen	_	_	_	
2-8	287-292	Orten	_	_	_	
2-9	293-295	in	_	_	_	
2-10	296-305	Braſilien	_	_	_	
2-11	305-306	,	_	_	_	
2-12	307-315	naͤmlich	_	_	_	
2-13	316-318	um	_	_	_	
2-14	319-322	den	_	_	_	
2-15	323-327	Fluß	_	_	_	
2-16	327-328	,	_	_	_	
2-17	329-332	Rio	_	_	_	
2-18	333-335	de	_	_	_	
2-19	336-343	Janeiro	_	_	_	
2-20	344-351	genannt	_	_	_	
2-21	351-352	,	_	_	_	
2-22	353-355	zu	_	_	_	
2-23	356-361	Sanct	_	_	_	
2-24	362-370	Vincentz	_	_	_	
2-25	370-371	,	_	_	_	
2-26	372-375	und	_	_	_	
2-27	376-378	zu	_	_	_	
2-28	379-388	Pernambuc	_	_	_	
2-29	388-389	:	_	_	_	
2-30	391-400	iedannoch	_	_	_	
2-31	401-404	iſt	_	_	_	
2-32	405-407	er	_	_	_	
2-33	408-413	allda	_	_	_	
2-34	414-419	nicht	_	_	_	
2-35	420-422	in	_	_	_	
2-36	423-430	ſolcher	_	_	_	
2-37	431-436	Menge	_	_	_	
2-38	437-448	anzutreffen	_	_	_	
2-39	448-449	,	_	_	_	
2-40	450-453	als	_	_	_	
2-41	454-457	wie	_	_	_	
2-42	458-460	in	_	_	_	
2-43	461-464	dem	_	_	_	
2-44	465-468	Lan	_	_	_	
2-45	468-469	-	_	_	_	
2-46	470-472	de	_	_	_	
2-47	473-476	des	_	_	_	
2-48	477-485	heiligen	_	_	_	
2-49	486-493	Geiſtes	_	_	_	
2-50	493-494	.	_	_	_	

#Text=Die Leute von
#Text=Copaigba nennen die andere Sorte Oel
#Text=von Copaigba;
#Text=das ſind gleichergeſtalt
#Text=gar groſſe aſchengraue Baͤume, doch iſt
#Text=
#Text=ihr Laub annoch weit groͤſſer.
3-1	495-498	Die	_	_	_	
3-2	499-504	Leute	_	_	_	
3-3	505-508	von	_	_	_	
3-4	509-517	Copaigba	_	_	_	
3-5	518-524	nennen	_	_	_	
3-6	525-528	die	_	_	_	
3-7	529-535	andere	_	_	_	
3-8	536-541	Sorte	_	_	_	
3-9	542-545	Oel	_	_	_	
3-10	546-549	von	_	_	_	
3-11	550-558	Copaigba	_	_	_	
3-12	558-559	;	_	_	_	
3-13	560-563	das	_	_	_	
3-14	564-568	ſind	_	_	_	
3-15	569-584	gleichergeſtalt	_	_	_	
3-16	585-588	gar	_	_	_	
3-17	589-595	groſſe	_	_	_	
3-18	596-607	aſchengraue	_	_	_	
3-19	608-614	Baͤume	_	_	_	
3-20	614-615	,	_	_	_	
3-21	616-620	doch	_	_	_	
3-22	621-624	iſt	_	_	_	
3-23	626-629	ihr	_	_	_	
3-24	630-634	Laub	_	_	_	
3-25	635-641	annoch	_	_	_	
3-26	642-646	weit	_	_	_	
3-27	647-655	groͤſſer	_	_	_	
3-28	655-656	.	_	_	_	

#Text=Wann
#Text=der Stamm bis auf den Kern geboh-
#Text=ret worden, ſo ſammlen ſie eine groſſe
#Text=Menge Saft davon: der wird nach den
#Text=Baum Copaigba genennt: wann er
#Text=dann aufhoͤret zu lauffen, und ſie ver-
#Text=ſtopfen das Loch etwan acht Tage lang,
#Text=auch etwas laͤnger, und eroͤffnen es her-
#Text=nachmahls wieder, ſo laufft er eben ſo
#Text=
#Text=haͤuffig heraus,
#Text=gleichwie zuvor, und
#Text=riecht ſo gut, als wie der Balſam, doch
#Text=iſt er nicht ſo koͤſtlich, wie der erſte, hat
#Text=aber dannoch eben eine ſo gute medicina-
#Text=liſche Kraft.
4-1	657-661	Wann	_	_	_	
4-2	662-665	der	_	_	_	
4-3	666-671	Stamm	_	_	_	
4-4	672-675	bis	_	_	_	
4-5	676-679	auf	_	_	_	
4-6	680-683	den	_	_	_	
4-7	684-688	Kern	_	_	_	
4-8	689-694	geboh	_	_	_	
4-9	694-695	-	_	_	_	
4-10	696-699	ret	_	_	_	
4-11	700-706	worden	_	_	_	
4-12	706-707	,	_	_	_	
4-13	708-710	ſo	_	_	_	
4-14	711-718	ſammlen	_	_	_	
4-15	719-722	ſie	_	_	_	
4-16	723-727	eine	_	_	_	
4-17	728-734	groſſe	_	_	_	
4-18	735-740	Menge	_	_	_	
4-19	741-745	Saft	Smell\_Source	*	4-63	
4-20	746-751	davon	_	_	_	
4-21	751-752	:	_	_	_	
4-22	753-756	der	_	_	_	
4-23	757-761	wird	_	_	_	
4-24	762-766	nach	_	_	_	
4-25	767-770	den	_	_	_	
4-26	771-775	Baum	_	_	_	
4-27	776-784	Copaigba	_	_	_	
4-28	785-792	genennt	_	_	_	
4-29	792-793	:	_	_	_	
4-30	794-798	wann	_	_	_	
4-31	799-801	er	_	_	_	
4-32	802-806	dann	_	_	_	
4-33	807-816	aufhoͤret	_	_	_	
4-34	817-819	zu	_	_	_	
4-35	820-827	lauffen	_	_	_	
4-36	827-828	,	_	_	_	
4-37	829-832	und	_	_	_	
4-38	833-836	ſie	_	_	_	
4-39	837-840	ver	_	_	_	
4-40	840-841	-	_	_	_	
4-41	842-849	ſtopfen	_	_	_	
4-42	850-853	das	_	_	_	
4-43	854-858	Loch	_	_	_	
4-44	859-864	etwan	_	_	_	
4-45	865-869	acht	_	_	_	
4-46	870-874	Tage	_	_	_	
4-47	875-879	lang	_	_	_	
4-48	879-880	,	_	_	_	
4-49	881-885	auch	_	_	_	
4-50	886-891	etwas	_	_	_	
4-51	892-899	laͤnger	_	_	_	
4-52	899-900	,	_	_	_	
4-53	901-904	und	_	_	_	
4-54	905-914	eroͤffnen	_	_	_	
4-55	915-917	es	_	_	_	
4-56	918-921	her	_	_	_	
4-57	921-922	-	_	_	_	
4-58	923-932	nachmahls	_	_	_	
4-59	933-939	wieder	_	_	_	
4-60	939-940	,	_	_	_	
4-61	941-943	ſo	_	_	_	
4-62	944-950	laufft	_	_	_	
4-63	951-953	er	Smell\_Source	_	_	
4-64	954-958	eben	_	_	_	
4-65	959-961	ſo	_	_	_	
4-66	963-971	haͤuffig	_	_	_	
4-67	972-978	heraus	_	_	_	
4-68	978-979	,	_	_	_	
4-69	980-989	gleichwie	_	_	_	
4-70	990-995	zuvor	_	_	_	
4-71	995-996	,	_	_	_	
4-72	997-1000	und	_	_	_	
4-73	1001-1007	riecht	Smell\_Word	_	_	
4-74	1008-1010	ſo	Quality[1]	_	_	
4-75	1011-1014	gut	Quality[1]	_	_	
4-76	1014-1015	,	_	_	_	
4-77	1016-1019	als	_	_	_	
4-78	1020-1023	wie	Effect[2]	_	_	
4-79	1024-1027	der	Effect[2]	_	_	
4-80	1028-1034	Balſam	Effect[2]	_	_	
4-81	1034-1035	,	_	_	_	
4-82	1036-1040	doch	_	_	_	
4-83	1041-1044	iſt	_	_	_	
4-84	1045-1047	er	_	_	_	
4-85	1048-1053	nicht	_	_	_	
4-86	1054-1056	ſo	_	_	_	
4-87	1057-1066	koͤſtlich	_	_	_	
4-88	1066-1067	,	_	_	_	
4-89	1068-1071	wie	_	_	_	
4-90	1072-1075	der	_	_	_	
4-91	1076-1081	erſte	_	_	_	
4-92	1081-1082	,	_	_	_	
4-93	1083-1086	hat	_	_	_	
4-94	1087-1091	aber	_	_	_	
4-95	1092-1099	dannoch	_	_	_	
4-96	1100-1104	eben	_	_	_	
4-97	1105-1109	eine	_	_	_	
4-98	1110-1112	ſo	_	_	_	
4-99	1113-1117	gute	_	_	_	
4-100	1118-1126	medicina	_	_	_	
4-101	1126-1127	-	_	_	_	
4-102	1128-1134	liſche	_	_	_	
4-103	1135-1140	Kraft	_	_	_	
4-104	1140-1141	.	_	_	_	

#Text=Von der Wurtzel Niſi
#Text=.
5-1	1146-1149	Von	_	_	_	
5-2	1150-1153	der	_	_	_	
5-3	1154-1161	Wurtzel	_	_	_	
5-4	1162-1166	Niſi	_	_	_	
5-5	1167-1168	.	_	_	_	

#Text=Das Gewaͤchs, oder die Wurtzel, wel-
#Text=che die Japaner Niſi, die Wilden Canna,
#Text=und die Chineſer Ging-ging, auch Nim-
#Text=ging zu nennen pflegen, iſt ein kleines
#Text=weißlichtes Wuͤrtzelgen, der Wurtzel
#Text=vom Diptam oder weiſſen Behen
#Text=
#Text=durchgehends gleich.
6-1	1170-1173	Das	_	_	_	
6-2	1174-1182	Gewaͤchs	_	_	_	
6-3	1182-1183	,	_	_	_	
6-4	1184-1188	oder	_	_	_	
6-5	1189-1192	die	_	_	_	
6-6	1193-1200	Wurtzel	_	_	_	
6-7	1200-1201	,	_	_	_	
6-8	1202-1205	wel	_	_	_	
6-9	1205-1206	-	_	_	_	
6-10	1207-1210	che	_	_	_	
6-11	1211-1214	die	_	_	_	
6-12	1215-1222	Japaner	_	_	_	
6-13	1223-1227	Niſi	_	_	_	
6-14	1227-1228	,	_	_	_	
6-15	1229-1232	die	_	_	_	
6-16	1233-1239	Wilden	_	_	_	
6-17	1240-1245	Canna	_	_	_	
6-18	1245-1246	,	_	_	_	
6-19	1247-1250	und	_	_	_	
6-20	1251-1254	die	_	_	_	
6-21	1255-1263	Chineſer	_	_	_	
6-22	1264-1273	Ging-ging	_	_	_	
6-23	1273-1274	,	_	_	_	
6-24	1275-1279	auch	_	_	_	
6-25	1280-1283	Nim	_	_	_	
6-26	1283-1284	-	_	_	_	
6-27	1285-1289	ging	_	_	_	
6-28	1290-1292	zu	_	_	_	
6-29	1293-1299	nennen	_	_	_	
6-30	1300-1307	pflegen	_	_	_	
6-31	1307-1308	,	_	_	_	
6-32	1309-1312	iſt	_	_	_	
6-33	1313-1316	ein	_	_	_	
6-34	1317-1324	kleines	_	_	_	
6-35	1325-1336	weißlichtes	_	_	_	
6-36	1337-1348	Wuͤrtzelgen	_	_	_	
6-37	1348-1349	,	_	_	_	
6-38	1350-1353	der	_	_	_	
6-39	1354-1361	Wurtzel	_	_	_	
6-40	1362-1365	vom	_	_	_	
6-41	1366-1372	Diptam	_	_	_	
6-42	1373-1377	oder	_	_	_	
6-43	1378-1385	weiſſen	_	_	_	
6-44	1386-1391	Behen	_	_	_	
6-45	1393-1405	durchgehends	_	_	_	
6-46	1406-1412	gleich	_	_	_	
6-47	1412-1413	.	_	_	_	

#Text=Dieweil nun die-
#Text=ſe Wurtzel gar wenig bekannt iſt, ſo will
#Text=ich zuvoͤrderſt allhier anfuͤhren, was
#Text=mir S.
7-1	1414-1421	Dieweil	_	_	_	
7-2	1422-1425	nun	_	_	_	
7-3	1426-1429	die	_	_	_	
7-4	1429-1430	-	_	_	_	
7-5	1431-1433	ſe	_	_	_	
7-6	1434-1441	Wurtzel	_	_	_	
7-7	1442-1445	gar	_	_	_	
7-8	1446-1451	wenig	_	_	_	
7-9	1452-1459	bekannt	_	_	_	
7-10	1460-1463	iſt	_	_	_	
7-11	1463-1464	,	_	_	_	
7-12	1465-1467	ſo	_	_	_	
7-13	1468-1472	will	_	_	_	
7-14	1473-1476	ich	_	_	_	
7-15	1477-1488	zuvoͤrderſt	_	_	_	
7-16	1489-1496	allhier	_	_	_	
7-17	1497-1506	anfuͤhren	_	_	_	
7-18	1506-1507	,	_	_	_	
7-19	1508-1511	was	_	_	_	
7-20	1512-1515	mir	_	_	_	
7-21	1516-1517	S	_	_	_	
7-22	1517-1518	.	_	_	_	

#Text=Koͤnigl.
8-1	1519-1526	Koͤnigl	_	_	_	
8-2	1526-1527	.	_	_	_	

#Text=Maj.
#Text=und des Herrn
#Text=Cantzlers Medicus ordinarius, der Herr
#Text=Bourdelot, geſchrieben davon mitgethei-
#Text=let
#Text=.
9-1	1528-1531	Maj	_	_	_	
9-2	1531-1532	.	_	_	_	
9-3	1533-1536	und	_	_	_	
9-4	1537-1540	des	_	_	_	
9-5	1541-1546	Herrn	_	_	_	
9-6	1547-1556	Cantzlers	_	_	_	
9-7	1557-1564	Medicus	_	_	_	
9-8	1565-1575	ordinarius	_	_	_	
9-9	1575-1576	,	_	_	_	
9-10	1577-1580	der	_	_	_	
9-11	1581-1585	Herr	_	_	_	
9-12	1586-1595	Bourdelot	_	_	_	
9-13	1595-1596	,	_	_	_	
9-14	1597-1608	geſchrieben	_	_	_	
9-15	1609-1614	davon	_	_	_	
9-16	1615-1624	mitgethei	_	_	_	
9-17	1624-1625	-	_	_	_	
9-18	1626-1629	let	_	_	_	
9-19	1630-1631	.	_	_	_	
