#FORMAT=WebAnno TSV 3.3
#T_SP=custom.Span|label
#T_RL=custom.Relation|label|BT_custom.Span


#Text=Les parfums, de quelqu'espèce qu'ils soient , sont bien éloignés de posséder les propriétés merveilleuses qu'on leur a autre- buées; ils ne donnent à cet égard qu'une sécurité perfide.
1-1	0-3	Les	_	_	_	
1-2	4-11	parfums	Smell\_Word[1]|Smell\_Source[2]	Anaphoric	3-2[4_2]	
1-3	11-12	,	_	_	_	
1-4	13-15	de	_	_	_	
1-5	16-29	quelqu'espèce	_	_	_	
1-6	30-36	qu'ils	_	_	_	
1-7	37-43	soient	_	_	_	
1-8	44-45	,	_	_	_	
1-9	46-50	sont	_	_	_	
1-10	51-55	bien	_	_	_	
1-11	56-64	éloignés	_	_	_	
1-12	65-67	de	_	_	_	
1-13	68-76	posséder	_	_	_	
1-14	77-80	les	_	_	_	
1-15	81-91	propriétés	_	_	_	
1-16	92-105	merveilleuses	_	_	_	
1-17	106-111	qu'on	_	_	_	
1-18	112-116	leur	_	_	_	
1-19	117-118	a	_	_	_	
1-20	119-124	autre	_	_	_	
1-21	124-125	-	_	_	_	
1-22	126-131	buées	_	_	_	
1-23	131-132	;	_	_	_	
1-24	133-136	ils	_	_	_	
1-25	137-139	ne	_	_	_	
1-26	140-147	donnent	_	_	_	
1-27	148-149	à	_	_	_	
1-28	150-153	cet	_	_	_	
1-29	154-159	égard	_	_	_	
1-30	160-166	qu'une	_	_	_	
1-31	167-175	sécurité	_	_	_	
1-32	176-183	perfide	_	_	_	
1-33	183-184	.	_	_	_	

#Text=Pendant leur ignition dans un endroit circonscrit^ ils consomment la portion d'air vital oupiir qu'ils soutirent de la masse atmosphérique.
2-1	185-192	Pendant	_	_	_	
2-2	193-197	leur	_	_	_	
2-3	198-206	ignition	_	_	_	
2-4	207-211	dans	_	_	_	
2-5	212-214	un	_	_	_	
2-6	215-222	endroit	_	_	_	
2-7	223-234	circonscrit	_	_	_	
2-8	234-235	^	_	_	_	
2-9	236-239	ils	_	_	_	
2-10	240-250	consomment	_	_	_	
2-11	251-253	la	_	_	_	
2-12	254-261	portion	_	_	_	
2-13	262-267	d'air	_	_	_	
2-14	268-273	vital	_	_	_	
2-15	274-280	oupiir	_	_	_	
2-16	281-287	qu'ils	_	_	_	
2-17	288-297	soutirent	_	_	_	
2-18	298-300	de	_	_	_	
2-19	301-303	la	_	_	_	
2-20	304-309	masse	_	_	_	
2-21	310-323	atmosphérique	_	_	_	
2-22	323-324	.	_	_	_	

#Text=Quand ils lie font que se charbonner la vapeur plus ou moins arometique qui s'en exhale est bien-tôt confondue dans l'air qu'elle vicie j inspirée en masse
#Text=par les malades qui en reçoivent les premières impressions, elle peut donner lieu à des désordres dans économie animale.
3-1	325-330	Quand	Circumstances[3]	_	_	
3-2	331-334	ils	Circumstances[3]|Smell\_Source[4]	_	_	
3-3	335-338	lie	Circumstances[3]	_	_	
3-4	339-343	font	Circumstances[3]	_	_	
3-5	344-347	que	Circumstances[3]	_	_	
3-6	348-350	se	Circumstances[3]	_	_	
3-7	351-361	charbonner	Circumstances[3]	_	_	
3-8	362-364	la	_	_	_	
3-9	365-371	vapeur	Smell\_Word[5]	*|*|*|*|*|*|*	3-16[0_5]|3-21[0_5]|3-30[0_5]|3-1[3_5]|3-2[4_5]|3-44[6_5]|4-23[7_5]	
3-10	372-376	plus	Smell\_Word[5]	_	_	
3-11	377-379	ou	Smell\_Word[5]	_	_	
3-12	380-385	moins	Smell\_Word[5]	_	_	
3-13	386-396	arometique	Smell\_Word[5]	_	_	
3-14	397-400	qui	_	_	_	
3-15	401-405	s'en	_	_	_	
3-16	406-412	exhale	Smell\_Word	_	_	
3-17	413-416	est	_	_	_	
3-18	417-425	bien-tôt	_	_	_	
3-19	426-435	confondue	_	_	_	
3-20	436-440	dans	_	_	_	
3-21	441-446	l'air	Odour\_Carrier	_	_	
3-22	447-454	qu'elle	_	_	_	
3-23	455-460	vicie	_	_	_	
3-24	461-462	j	_	_	_	
3-25	463-471	inspirée	_	_	_	
3-26	472-474	en	_	_	_	
3-27	475-480	masse	_	_	_	
3-28	481-484	par	_	_	_	
3-29	485-488	les	_	_	_	
3-30	489-496	malades	Perceiver	_	_	
3-31	497-500	qui	_	_	_	
3-32	501-503	en	_	_	_	
3-33	504-513	reçoivent	_	_	_	
3-34	514-517	les	_	_	_	
3-35	518-527	premières	_	_	_	
3-36	528-539	impressions	_	_	_	
3-37	539-540	,	_	_	_	
3-38	541-545	elle	_	_	_	
3-39	546-550	peut	_	_	_	
3-40	551-557	donner	_	_	_	
3-41	558-562	lieu	_	_	_	
3-42	563-564	à	_	_	_	
3-43	565-568	des	_	_	_	
3-44	569-578	désordres	Effect[6]	_	_	
3-45	579-583	dans	Effect[6]	_	_	
3-46	584-592	économie	Effect[6]	_	_	
3-47	593-600	animale	Effect[6]	_	_	
3-48	600-601	.	_	_	_	

#Text=Cette vapeur ne fournit point de nouvel air : étrangère à celui auquel elle se mêle , elle ne fait réellement que masquer les mauvaises odeurs , sans les anéantir.
4-1	602-607	Cette	_	_	_	
4-2	608-614	vapeur	_	_	_	
4-3	615-617	ne	_	_	_	
4-4	618-625	fournit	_	_	_	
4-5	626-631	point	_	_	_	
4-6	632-634	de	_	_	_	
4-7	635-641	nouvel	_	_	_	
4-8	642-645	air	_	_	_	
4-9	646-647	:	_	_	_	
4-10	648-657	étrangère	_	_	_	
4-11	658-659	à	_	_	_	
4-12	660-665	celui	_	_	_	
4-13	666-672	auquel	_	_	_	
4-14	673-677	elle	_	_	_	
4-15	678-680	se	_	_	_	
4-16	681-685	mêle	_	_	_	
4-17	686-687	,	_	_	_	
4-18	688-692	elle	_	_	_	
4-19	693-695	ne	_	_	_	
4-20	696-700	fait	_	_	_	
4-21	701-711	réellement	_	_	_	
4-22	712-715	que	_	_	_	
4-23	716-723	masquer	Effect[7]	_	_	
4-24	724-727	les	Effect[7]	_	_	
4-25	728-737	mauvaises	Effect[7]|Quality[8]	_	_	
4-26	738-744	odeurs	Effect[7]|Smell\_Word[9]	*	4-25[8_9]	
4-27	745-746	,	_	_	_	
4-28	747-751	sans	_	_	_	
4-29	752-755	les	_	_	_	
4-30	756-764	anéantir	_	_	_	
4-31	764-765	.	_	_	_	

#Text=Hâtons nous donc de proscrire les parfums.
5-1	766-772	Hâtons	_	_	_	
5-2	773-777	nous	_	_	_	
5-3	778-782	donc	_	_	_	
5-4	783-785	de	_	_	_	
5-5	786-795	proscrire	_	_	_	
5-6	796-799	les	_	_	_	
5-7	800-807	parfums	Smell\_Word	_	_	
5-8	807-808	.	_	_	_	

#Text=Cette opinion sur les fumigations aromatiques , ne sauroit contrarier celle des anbiens.
6-1	810-815	Cette	_	_	_	
6-2	816-823	opinion	_	_	_	
6-3	824-827	sur	_	_	_	
6-4	828-831	les	_	_	_	
6-5	832-843	fumigations	Smell\_Source	_	_	
6-6	844-855	aromatiques	Smell\_Word[10]|Quality[11]	*	6-5[0_10]	
6-7	856-857	,	_	_	_	
6-8	858-860	ne	_	_	_	
6-9	861-868	sauroit	_	_	_	
6-10	869-879	contrarier	_	_	_	
6-11	880-885	celle	_	_	_	
6-12	886-889	des	_	_	_	
6-13	890-897	anbiens	_	_	_	
6-14	897-898	.	_	_	_	

#Text=Les forêts qu'ils ont consumées dans la vue de purifier Pair des contrées infectes, les grands bûchers composés de bois odoriférans , dont la flamme étoit dirigée sur les villes où regnoit une contagion , n'étoient autre chose que de grands feux employés à dessein de donner à Pair plus de mobilité , et de lui rendre , par le renouvelévement , la pureté et Pélasticité qu'une cause quelconque lui avoit enlevée ; toujours dans la supposition que ce fluide étoit le véhicule de tous les fléaux pestilentiels.
7-1	899-902	Les	_	_	_	
7-2	903-909	forêts	_	_	_	
7-3	910-916	qu'ils	_	_	_	
7-4	917-920	ont	_	_	_	
7-5	921-930	consumées	_	_	_	
7-6	931-935	dans	_	_	_	
7-7	936-938	la	_	_	_	
7-8	939-942	vue	_	_	_	
7-9	943-945	de	_	_	_	
7-10	946-954	purifier	_	_	_	
7-11	955-959	Pair	_	_	_	
7-12	960-963	des	_	_	_	
7-13	964-972	contrées	_	_	_	
7-14	973-981	infectes	_	_	_	
7-15	981-982	,	_	_	_	
7-16	983-986	les	_	_	_	
7-17	987-993	grands	_	_	_	
7-18	994-1001	bûchers	_	_	_	
7-19	1002-1010	composés	_	_	_	
7-20	1011-1013	de	_	_	_	
7-21	1014-1018	bois	Smell\_Source	_	_	
7-22	1019-1030	odoriférans	Smell\_Word[12]|Quality[13]	*	7-21[0_12]	
7-23	1031-1032	,	_	_	_	
7-24	1033-1037	dont	_	_	_	
7-25	1038-1040	la	_	_	_	
7-26	1041-1047	flamme	_	_	_	
7-27	1048-1053	étoit	_	_	_	
7-28	1054-1061	dirigée	_	_	_	
7-29	1062-1065	sur	_	_	_	
7-30	1066-1069	les	_	_	_	
7-31	1070-1076	villes	_	_	_	
7-32	1077-1079	où	_	_	_	
7-33	1080-1087	regnoit	_	_	_	
7-34	1088-1091	une	_	_	_	
7-35	1092-1101	contagion	_	_	_	
7-36	1102-1103	,	_	_	_	
7-37	1104-1113	n'étoient	_	_	_	
7-38	1114-1119	autre	_	_	_	
7-39	1120-1125	chose	_	_	_	
7-40	1126-1129	que	_	_	_	
7-41	1130-1132	de	_	_	_	
7-42	1133-1139	grands	_	_	_	
7-43	1140-1144	feux	_	_	_	
7-44	1145-1153	employés	_	_	_	
7-45	1154-1155	à	_	_	_	
7-46	1156-1163	dessein	_	_	_	
7-47	1164-1166	de	_	_	_	
7-48	1167-1173	donner	_	_	_	
7-49	1174-1175	à	_	_	_	
7-50	1176-1180	Pair	_	_	_	
7-51	1181-1185	plus	_	_	_	
7-52	1186-1188	de	_	_	_	
7-53	1189-1197	mobilité	_	_	_	
7-54	1198-1199	,	_	_	_	
7-55	1200-1202	et	_	_	_	
7-56	1203-1205	de	_	_	_	
7-57	1206-1209	lui	_	_	_	
7-58	1210-1216	rendre	_	_	_	
7-59	1217-1218	,	_	_	_	
7-60	1219-1222	par	_	_	_	
7-61	1223-1225	le	_	_	_	
7-62	1226-1241	renouvelévement	_	_	_	
7-63	1242-1243	,	_	_	_	
7-64	1244-1246	la	_	_	_	
7-65	1247-1253	pureté	_	_	_	
7-66	1254-1256	et	_	_	_	
7-67	1257-1268	Pélasticité	_	_	_	
7-68	1269-1275	qu'une	_	_	_	
7-69	1276-1281	cause	_	_	_	
7-70	1282-1292	quelconque	_	_	_	
7-71	1293-1296	lui	_	_	_	
7-72	1297-1302	avoit	_	_	_	
7-73	1303-1310	enlevée	_	_	_	
7-74	1311-1312	;	_	_	_	
7-75	1313-1321	toujours	_	_	_	
7-76	1322-1326	dans	_	_	_	
7-77	1327-1329	la	_	_	_	
7-78	1330-1341	supposition	_	_	_	
7-79	1342-1345	que	_	_	_	
7-80	1346-1348	ce	_	_	_	
7-81	1349-1355	fluide	_	_	_	
7-82	1356-1361	étoit	_	_	_	
7-83	1362-1364	le	_	_	_	
7-84	1365-1373	véhicule	_	_	_	
7-85	1374-1376	de	_	_	_	
7-86	1377-1381	tous	_	_	_	
7-87	1382-1385	les	_	_	_	
7-88	1386-1392	fléaux	_	_	_	
7-89	1393-1406	pestilentiels	_	_	_	
7-90	1406-1407	.	_	_	_	

#Text=Dans plusieurs hôpitaux, le vinaigre a obtenu la préférence sur les substances aro- magiques 5 jetté sur une pèle rouge, il est joui tellement employé pour chasser les odeurs infectes et neutraliser les miasmes putrides disséminés clans PatinospL ère.
8-1	1409-1413	Dans	Location[14]	_	_	
8-2	1414-1423	plusieurs	Location[14]	_	_	
8-3	1424-1432	hôpitaux	Location[14]	_	_	
8-4	1432-1433	,	_	_	_	
8-5	1434-1436	le	_	_	_	
8-6	1437-1445	vinaigre	_	_	_	
8-7	1446-1447	a	_	_	_	
8-8	1448-1454	obtenu	_	_	_	
8-9	1455-1457	la	_	_	_	
8-10	1458-1468	préférence	_	_	_	
8-11	1469-1472	sur	_	_	_	
8-12	1473-1476	les	_	_	_	
8-13	1477-1487	substances	_	_	_	
8-14	1488-1491	aro	_	_	_	
8-15	1491-1492	-	_	_	_	
8-16	1493-1501	magiques	_	_	_	
8-17	1502-1503	5	_	_	_	
8-18	1504-1509	jetté	_	_	_	
8-19	1510-1513	sur	_	_	_	
8-20	1514-1517	une	_	_	_	
8-21	1518-1522	pèle	_	_	_	
8-22	1523-1528	rouge	_	_	_	
8-23	1528-1529	,	_	_	_	
8-24	1530-1532	il	_	_	_	
8-25	1533-1536	est	_	_	_	
8-26	1537-1541	joui	_	_	_	
8-27	1542-1551	tellement	_	_	_	
8-28	1552-1559	employé	_	_	_	
8-29	1560-1564	pour	_	_	_	
8-30	1565-1572	chasser	_	_	_	
8-31	1573-1576	les	_	_	_	
8-32	1577-1583	odeurs	Smell\_Word	*|*	8-33|8-1[14_0]	
8-33	1584-1592	infectes	Quality	_	_	
8-34	1593-1595	et	_	_	_	
8-35	1596-1607	neutraliser	_	_	_	
8-36	1608-1611	les	_	_	_	
8-37	1612-1619	miasmes	Smell\_Word	*|*	8-38|8-1[14_0]	
8-38	1620-1628	putrides	Quality	_	_	
8-39	1629-1639	disséminés	_	_	_	
8-40	1640-1645	clans	_	_	_	
8-41	1646-1655	PatinospL	_	_	_	
8-42	1656-1659	ère	_	_	_	
8-43	1659-1660	.	_	_	_	

#Text=Mais c'est encore une erreur de croire one , décomposé et réduit ainsi en vapeurs, il possède une par?
9-1	1661-1665	Mais	_	_	_	
9-2	1666-1671	c'est	_	_	_	
9-3	1672-1678	encore	_	_	_	
9-4	1679-1682	une	_	_	_	
9-5	1683-1689	erreur	_	_	_	
9-6	1690-1692	de	_	_	_	
9-7	1693-1699	croire	_	_	_	
9-8	1700-1703	one	_	_	_	
9-9	1704-1705	,	_	_	_	
9-10	1706-1715	décomposé	_	_	_	
9-11	1716-1718	et	_	_	_	
9-12	1719-1725	réduit	_	_	_	
9-13	1726-1731	ainsi	_	_	_	
9-14	1732-1734	en	_	_	_	
9-15	1735-1742	vapeurs	_	_	_	
9-16	1742-1743	,	_	_	_	
9-17	1744-1746	il	_	_	_	
9-18	1747-1754	possède	_	_	_	
9-19	1755-1758	une	_	_	_	
9-20	1759-1762	par	_	_	_	
9-21	1762-1763	?	_	_	_	

#Text=-iile propriété.
10-1	1763-1764	-	_	_	_	
10-2	1764-1768	iile	_	_	_	
10-3	1769-1778	propriété	_	_	_	
10-4	1778-1779	.	_	_	_	

#Text=Il ne fait , comme les parfums , que siircîiai^er Pair , diminuer son ressort , et rendre encore pins sensible l'odeur infecte qu'on avoit voulu corriger.
11-1	1780-1782	Il	_	_	_	
11-2	1783-1785	ne	_	_	_	
11-3	1786-1790	fait	_	_	_	
11-4	1791-1792	,	_	_	_	
11-5	1793-1798	comme	_	_	_	
11-6	1799-1802	les	_	_	_	
11-7	1803-1810	parfums	Smell\_Word	*|*	11-20[15_0]|8-1[14_0]	
11-8	1811-1812	,	_	_	_	
11-9	1813-1816	que	_	_	_	
11-10	1817-1826	siircîiai	_	_	_	
11-11	1826-1827	^	_	_	_	
11-12	1827-1829	er	_	_	_	
11-13	1830-1834	Pair	_	_	_	
11-14	1835-1836	,	_	_	_	
11-15	1837-1845	diminuer	_	_	_	
11-16	1846-1849	son	_	_	_	
11-17	1850-1857	ressort	_	_	_	
11-18	1858-1859	,	_	_	_	
11-19	1860-1862	et	_	_	_	
11-20	1863-1869	rendre	Effect[15]	_	_	
11-21	1870-1876	encore	Effect[15]	_	_	
11-22	1877-1881	pins	Effect[15]	_	_	
11-23	1882-1890	sensible	Effect[15]|Quality[16]	_	_	
11-24	1891-1898	l'odeur	Effect[15]|Smell\_Word[17]	*|*	11-23[16_17]|11-25[18_17]	
11-25	1899-1906	infecte	Effect[15]|Quality[18]	_	_	
11-26	1907-1912	qu'on	_	_	_	
11-27	1913-1918	avoit	_	_	_	
11-28	1919-1924	voulu	_	_	_	
11-29	1925-1933	corriger	_	_	_	
11-30	1933-1934	.	_	_	_	
