#FORMAT=WebAnno TSV 3.3
#T_SP=custom.Span|label
#T_RL=custom.Relation|label|BT_custom.Span


#Text=ſativa alba & prima, Dod.
#Text=domeſtica alba, Matth.
#Text=hortenſis candida, Trag.
1-1	2-8	ſativa	_	_	_	
1-2	9-13	alba	_	_	_	
1-3	14-15	&	_	_	_	
1-4	16-21	prima	_	_	_	
1-5	21-22	,	_	_	_	
1-6	23-26	Dod	_	_	_	
1-7	26-27	.	_	_	_	
1-8	28-37	domeſtica	_	_	_	
1-9	38-42	alba	_	_	_	
1-10	42-43	,	_	_	_	
1-11	44-49	Matth	_	_	_	
1-12	49-50	.	_	_	_	
1-13	51-60	hortenſis	_	_	_	
1-14	61-68	candida	_	_	_	
1-15	68-69	,	_	_	_	
1-16	70-74	Trag	_	_	_	
1-17	74-75	.	_	_	_	

#Text=Dieſe brauchet man mehrentheils/ Roſenwaſſer daraus zu brennen.
2-1	77-82	Dieſe	_	_	_	
2-2	83-91	brauchet	_	_	_	
2-3	92-95	man	_	_	_	
2-4	96-108	mehrentheils	_	_	_	
2-5	108-109	/	_	_	_	
2-6	110-121	Roſenwaſſer	_	_	_	
2-7	122-128	daraus	_	_	_	
2-8	129-131	zu	_	_	_	
2-9	132-139	brennen	_	_	_	
2-10	139-140	.	_	_	_	

#Text=Roſa odore cinamomi ſimplex, C.
3-1	144-148	Roſa	Smell\_Source[1]	_	_	
3-2	149-154	odore	Smell\_Source[1]	_	_	
3-3	155-163	cinamomi	Smell\_Source[1]	_	_	
3-4	164-171	ſimplex	Smell\_Source[1]	_	_	
3-5	171-172	,	_	_	_	
3-6	173-174	C	_	_	_	
3-7	174-175	.	_	_	_	

#Text=B.
4-1	176-177	B	_	_	_	
4-2	177-178	.	_	_	_	

#Text=Zimmet-roſe.
5-1	179-190	Zimmet-roſe	Smell\_Source	*	3-1[1_0]	
5-2	190-191	.	_	_	_	

#Text=Roſa cinamomina, Dod.
6-1	192-196	Roſa	_	_	_	
6-2	197-207	cinamomina	_	_	_	
6-3	207-208	,	_	_	_	
6-4	209-212	Dod	_	_	_	
6-5	212-213	.	_	_	_	

#Text=Roſe de canelle, Lob.
#Text=ic.
7-1	215-219	Roſe	_	_	_	
7-2	220-222	de	_	_	_	
7-3	223-230	canelle	_	_	_	
7-4	230-231	,	_	_	_	
7-5	232-235	Lob	_	_	_	
7-6	235-236	.	_	_	_	
7-7	237-239	ic	_	_	_	
7-8	239-240	.	_	_	_	

#Text=Sind nicht gar groß/ von blaͤttern einfach/
#Text=der geruch/ ſt
#Text=wie Caneel.
8-1	241-245	Sind	_	_	_	
8-2	246-251	nicht	_	_	_	
8-3	252-255	gar	_	_	_	
8-4	256-260	groß	_	_	_	
8-5	260-261	/	_	_	_	
8-6	262-265	von	_	_	_	
8-7	266-275	blaͤttern	_	_	_	
8-8	276-283	einfach	_	_	_	
8-9	283-284	/	_	_	_	
8-10	285-288	der	_	_	_	
8-11	289-295	geruch	*[2]|Smell\_Word[3]	_	_	
8-12	295-296	/	_	_	_	
8-13	297-299	ſt	_	_	_	
8-14	300-303	wie	Evoked\_Odorant[4]	_	_	
8-15	304-310	Caneel	Evoked\_Odorant[4]	_	_	
8-16	310-311	.	_	_	_	

#Text=Roſa flore ſimplici miniato, averſa parte luteo.
9-1	315-319	Roſa	_	_	_	
9-2	320-325	flore	_	_	_	
9-3	326-334	ſimplici	_	_	_	
9-4	335-342	miniato	_	_	_	
9-5	342-343	,	_	_	_	
9-6	344-350	averſa	_	_	_	
9-7	351-356	parte	_	_	_	
9-8	357-362	luteo	_	_	_	
9-9	362-363	.	_	_	_	

#Text=Tuͤrckiſche Roſen.
10-1	364-375	Tuͤrckiſche	Smell\_Source[5]	*	11-1[6_5]	
10-2	376-381	Roſen	Smell\_Source[5]	_	_	
10-3	381-382	.	_	_	_	

#Text=Roſa
#Text=
#Text=Turcica flore ſimplici luteo phœniceo, Hort.
11-1	383-387	Roſa	Smell\_Source[6]	_	_	
11-2	389-396	Turcica	Smell\_Source[6]	_	_	
11-3	397-402	flore	Smell\_Source[6]	_	_	
11-4	403-411	ſimplici	Smell\_Source[6]	_	_	
11-5	412-417	luteo	Smell\_Source[6]	_	_	
11-6	418-426	phœniceo	Smell\_Source[6]	_	_	
11-7	426-427	,	_	_	_	
11-8	428-432	Hort	_	_	_	
11-9	432-433	.	_	_	_	

#Text=Hafnienſis.
12-1	434-444	Hafnienſis	_	_	_	
12-2	444-445	.	_	_	_	

#Text=Sind faſt ohn geruch:
#Text=
#Text=ihre zier beſtehet darin/ daß die blaͤtter auff der einen ſeite lichtroht/ auff der andern
#Text=gelb ſind.
13-1	446-450	Sind	_	_	_	
13-2	451-455	faſt	Quality	_	_	
13-3	456-459	ohn	Quality	*	13-2	
13-4	460-466	geruch	*[7]|Smell\_Word[8]	_	_	
13-5	466-467	:	_	_	_	
13-6	469-473	ihre	_	_	_	
13-7	474-478	zier	_	_	_	
13-8	479-487	beſtehet	_	_	_	
13-9	488-493	darin	_	_	_	
13-10	493-494	/	_	_	_	
13-11	495-498	daß	_	_	_	
13-12	499-502	die	_	_	_	
13-13	503-511	blaͤtter	_	_	_	
13-14	512-516	auff	_	_	_	
13-15	517-520	der	_	_	_	
13-16	521-526	einen	_	_	_	
13-17	527-532	ſeite	_	_	_	
13-18	533-542	lichtroht	_	_	_	
13-19	542-543	/	_	_	_	
13-20	544-548	auff	_	_	_	
13-21	549-552	der	_	_	_	
13-22	553-559	andern	_	_	_	
13-23	560-564	gelb	_	_	_	
13-24	565-569	ſind	_	_	_	
13-25	569-570	.	_	_	_	
