#FORMAT=WebAnno TSV 3.3
#T_SP=custom.Span|label
#T_RL=custom.Relation|label|BT_custom.Span


#Text=22 Locutusque est Dominus ad Moysen, 23 dicens : Sume tibi aromata, primæ myrrhæ et electæ quingentos siclos, et cinnamomi medium, id est, ducentos quinquaginta siclos, calami similiter ducentos quinquaginta, 24 casiæ autem quingentos siclos, in pondere sanctuarii, olei de olivetis mensuram hin : 25 faciesque unctionis oleum sanctum, unguentum compositum opere unguentarii, 26 et unges ex eo tabernaculum testimonii, et arcam testamenti, 27 mensamque cum vasis suis, et candelabrum, et utensilia ejus, altaria thymiamatis, 28 et holocausti, et universam supellectilem quæ ad cultum eorum pertinet.
#Text=29 Sanctificabisque omnia, et erunt Sancta sanctorum ; qui tetigerit ea, sanctificabitur.
#Text=30 Aaron et filios ejus unges, sanctificabisque eos, ut sacerdotio fungantur mihi.
#Text=31 Filiis quoque Israël dices : Hoc oleum unctionis sanctum erit mihi in generationes vestras.
#Text=32 Caro hominis non ungetur ex eo, et juxta compositionem ejus non facietis aliud, quia sanctificatum est, et sanctum erit vobis.
#Text=33 Homo quicumque tale composuerit, et dederit ex eo alieno, exterminabitur de populo suo.
#Text=34 Dixitque Dominus ad Moysen : Sume tibi aromata, stacten et onycha, galbanum boni odoris, et thus lucidissimum ; æqualis ponderis erunt omnia : 35 faciesque thymiama compositum opere unguentarii, mistum diligenter, et purum, et sanctificatione dignissimum.
#Text=36 Cumque in tenuissimum pulverem universa contuderis, pones ex eo coram tabernaculo testimonii, in quo loco apparebo tibi.
1-1	2-4	22	_	_	_	
1-2	5-15	Locutusque	_	_	_	
1-3	16-19	est	_	_	_	
1-4	20-27	Dominus	_	_	_	
1-5	28-30	ad	_	_	_	
1-6	31-37	Moysen	_	_	_	
1-7	37-38	,	_	_	_	
1-8	39-41	23	_	_	_	
1-9	42-48	dicens	_	_	_	
1-10	49-50	:	_	_	_	
1-11	51-55	Sume	_	_	_	
1-12	56-60	tibi	_	_	_	
1-13	61-68	aromata	Smell\_Word	*	1-15[1_0]	
1-14	68-69	,	_	_	_	
1-15	70-75	primæ	Smell\_Source[1]	_	_	
1-16	76-82	myrrhæ	Smell\_Source[1]	_	_	
1-17	83-85	et	Smell\_Source[1]	_	_	
1-18	86-92	electæ	Smell\_Source[1]	_	_	
1-19	93-103	quingentos	Smell\_Source[1]	_	_	
1-20	104-110	siclos	Smell\_Source[1]	_	_	
1-21	110-111	,	Smell\_Source[1]	_	_	
1-22	112-114	et	Smell\_Source[1]	_	_	
1-23	115-124	cinnamomi	Smell\_Source[1]	_	_	
1-24	125-131	medium	Smell\_Source[1]	_	_	
1-25	131-132	,	Smell\_Source[1]	_	_	
1-26	133-135	id	Smell\_Source[1]	_	_	
1-27	136-139	est	Smell\_Source[1]	_	_	
1-28	139-140	,	Smell\_Source[1]	_	_	
1-29	141-149	ducentos	Smell\_Source[1]	_	_	
1-30	150-162	quinquaginta	Smell\_Source[1]	_	_	
1-31	163-169	siclos	Smell\_Source[1]	_	_	
1-32	169-170	,	Smell\_Source[1]	_	_	
1-33	171-177	calami	Smell\_Source[1]	_	_	
1-34	178-187	similiter	Smell\_Source[1]	_	_	
1-35	188-196	ducentos	Smell\_Source[1]	_	_	
1-36	197-209	quinquaginta	Smell\_Source[1]	_	_	
1-37	209-210	,	Smell\_Source[1]	_	_	
1-38	211-213	24	Smell\_Source[1]	_	_	
1-39	214-219	casiæ	Smell\_Source[1]	_	_	
1-40	220-225	autem	Smell\_Source[1]	_	_	
1-41	226-236	quingentos	Smell\_Source[1]	_	_	
1-42	237-243	siclos	Smell\_Source[1]	_	_	
1-43	243-244	,	Smell\_Source[1]	_	_	
1-44	245-247	in	Smell\_Source[1]	_	_	
1-45	248-255	pondere	Smell\_Source[1]	_	_	
1-46	256-266	sanctuarii	Smell\_Source[1]	_	_	
1-47	266-267	,	Smell\_Source[1]	_	_	
1-48	268-272	olei	Smell\_Source[1]	_	_	
1-49	273-275	de	Smell\_Source[1]	_	_	
1-50	276-284	olivetis	Smell\_Source[1]	_	_	
1-51	285-293	mensuram	Smell\_Source[1]	_	_	
1-52	294-297	hin	Smell\_Source[1]	_	_	
1-53	298-299	:	_	_	_	
1-54	300-302	25	_	_	_	
1-55	303-312	faciesque	_	_	_	
1-56	313-322	unctionis	_	_	_	
1-57	323-328	oleum	_	_	_	
1-58	329-336	sanctum	_	_	_	
1-59	336-337	,	_	_	_	
1-60	338-347	unguentum	_	_	_	
1-61	348-358	compositum	_	_	_	
1-62	359-364	opere	_	_	_	
1-63	365-376	unguentarii	_	_	_	
1-64	376-377	,	_	_	_	
1-65	378-380	26	_	_	_	
1-66	381-383	et	_	_	_	
1-67	384-389	unges	_	_	_	
1-68	390-392	ex	_	_	_	
1-69	393-395	eo	_	_	_	
1-70	396-408	tabernaculum	_	_	_	
1-71	409-419	testimonii	_	_	_	
1-72	419-420	,	_	_	_	
1-73	421-423	et	_	_	_	
1-74	424-429	arcam	_	_	_	
1-75	430-440	testamenti	_	_	_	
1-76	440-441	,	_	_	_	
1-77	442-444	27	_	_	_	
1-78	445-454	mensamque	_	_	_	
1-79	455-458	cum	_	_	_	
1-80	459-464	vasis	_	_	_	
1-81	465-469	suis	_	_	_	
1-82	469-470	,	_	_	_	
1-83	471-473	et	_	_	_	
1-84	474-485	candelabrum	_	_	_	
1-85	485-486	,	_	_	_	
1-86	487-489	et	_	_	_	
1-87	490-499	utensilia	_	_	_	
1-88	500-504	ejus	_	_	_	
1-89	504-505	,	_	_	_	
1-90	506-513	altaria	Location	_	_	
1-91	514-525	thymiamatis	Smell\_Source[2]|Smell\_Word[3]	*|*	1-91[2_3]|1-90[0_3]	
1-92	525-526	,	_	_	_	
1-93	527-529	28	_	_	_	
1-94	530-532	et	_	_	_	
1-95	533-543	holocausti	_	_	_	
1-96	543-544	,	_	_	_	
1-97	545-547	et	_	_	_	
1-98	548-557	universam	_	_	_	
1-99	558-571	supellectilem	_	_	_	
1-100	572-575	quæ	_	_	_	
1-101	576-578	ad	_	_	_	
1-102	579-585	cultum	_	_	_	
1-103	586-591	eorum	_	_	_	
1-104	592-600	pertinet	_	_	_	
1-105	600-601	.	_	_	_	
1-106	602-604	29	_	_	_	
1-107	605-621	Sanctificabisque	_	_	_	
1-108	622-627	omnia	_	_	_	
1-109	627-628	,	_	_	_	
1-110	629-631	et	_	_	_	
1-111	632-637	erunt	_	_	_	
1-112	638-644	Sancta	_	_	_	
1-113	645-654	sanctorum	_	_	_	
1-114	655-656	;	_	_	_	
1-115	657-660	qui	_	_	_	
1-116	661-670	tetigerit	_	_	_	
1-117	671-673	ea	_	_	_	
1-118	673-674	,	_	_	_	
1-119	675-690	sanctificabitur	_	_	_	
1-120	690-691	.	_	_	_	
1-121	692-694	30	_	_	_	
1-122	695-700	Aaron	_	_	_	
1-123	701-703	et	_	_	_	
1-124	704-710	filios	_	_	_	
1-125	711-715	ejus	_	_	_	
1-126	716-721	unges	_	_	_	
1-127	721-722	,	_	_	_	
1-128	723-739	sanctificabisque	_	_	_	
1-129	740-743	eos	_	_	_	
1-130	743-744	,	_	_	_	
1-131	745-747	ut	_	_	_	
1-132	748-758	sacerdotio	_	_	_	
1-133	759-768	fungantur	_	_	_	
1-134	769-773	mihi	_	_	_	
1-135	773-774	.	_	_	_	
1-136	775-777	31	_	_	_	
1-137	778-784	Filiis	_	_	_	
1-138	785-791	quoque	_	_	_	
1-139	792-798	Israël	_	_	_	
1-140	799-804	dices	_	_	_	
1-141	805-806	:	_	_	_	
1-142	807-810	Hoc	_	_	_	
1-143	811-816	oleum	_	_	_	
1-144	817-826	unctionis	_	_	_	
1-145	827-834	sanctum	_	_	_	
1-146	835-839	erit	_	_	_	
1-147	840-844	mihi	_	_	_	
1-148	845-847	in	_	_	_	
1-149	848-860	generationes	_	_	_	
1-150	861-868	vestras	_	_	_	
1-151	868-869	.	_	_	_	
1-152	870-872	32	_	_	_	
1-153	873-877	Caro	_	_	_	
1-154	878-885	hominis	_	_	_	
1-155	886-889	non	_	_	_	
1-156	890-897	ungetur	_	_	_	
1-157	898-900	ex	_	_	_	
1-158	901-903	eo	_	_	_	
1-159	903-904	,	_	_	_	
1-160	905-907	et	_	_	_	
1-161	908-913	juxta	_	_	_	
1-162	914-927	compositionem	_	_	_	
1-163	928-932	ejus	_	_	_	
1-164	933-936	non	_	_	_	
1-165	937-945	facietis	_	_	_	
1-166	946-951	aliud	_	_	_	
1-167	951-952	,	_	_	_	
1-168	953-957	quia	_	_	_	
1-169	958-971	sanctificatum	_	_	_	
1-170	972-975	est	_	_	_	
1-171	975-976	,	_	_	_	
1-172	977-979	et	_	_	_	
1-173	980-987	sanctum	_	_	_	
1-174	988-992	erit	_	_	_	
1-175	993-998	vobis	_	_	_	
1-176	998-999	.	_	_	_	
1-177	1000-1002	33	_	_	_	
1-178	1003-1007	Homo	_	_	_	
1-179	1008-1017	quicumque	_	_	_	
1-180	1018-1022	tale	_	_	_	
1-181	1023-1034	composuerit	_	_	_	
1-182	1034-1035	,	_	_	_	
1-183	1036-1038	et	_	_	_	
1-184	1039-1046	dederit	_	_	_	
1-185	1047-1049	ex	_	_	_	
1-186	1050-1052	eo	_	_	_	
1-187	1053-1059	alieno	_	_	_	
1-188	1059-1060	,	_	_	_	
1-189	1061-1075	exterminabitur	_	_	_	
1-190	1076-1078	de	_	_	_	
1-191	1079-1085	populo	_	_	_	
1-192	1086-1089	suo	_	_	_	
1-193	1089-1090	.	_	_	_	
1-194	1091-1093	34	_	_	_	
1-195	1094-1102	Dixitque	_	_	_	
1-196	1103-1110	Dominus	_	_	_	
1-197	1111-1113	ad	_	_	_	
1-198	1114-1120	Moysen	_	_	_	
1-199	1121-1122	:	_	_	_	
1-200	1123-1127	Sume	_	_	_	
1-201	1128-1132	tibi	_	_	_	
1-202	1133-1140	aromata	_	_	_	
1-203	1140-1141	,	_	_	_	
1-204	1142-1149	stacten	_	_	_	
1-205	1150-1152	et	_	_	_	
1-206	1153-1159	onycha	_	_	_	
1-207	1159-1160	,	_	_	_	
1-208	1161-1169	galbanum	Smell\_Source	_	_	
1-209	1170-1174	boni	Quality	_	_	
1-210	1175-1181	odoris	Smell\_Word	*|*	1-209|1-208	
1-211	1181-1182	,	_	_	_	
1-212	1183-1185	et	_	_	_	
1-213	1186-1190	thus	_	_	_	
1-214	1191-1203	lucidissimum	_	_	_	
1-215	1204-1205	;	_	_	_	
1-216	1206-1213	æqualis	_	_	_	
1-217	1214-1222	ponderis	_	_	_	
1-218	1223-1228	erunt	_	_	_	
1-219	1229-1234	omnia	_	_	_	
1-220	1235-1236	:	_	_	_	
1-221	1237-1239	35	_	_	_	
1-222	1240-1249	faciesque	_	_	_	
1-223	1250-1258	thymiama	Smell\_Source[4]|Smell\_Word[5]	*	1-223[4_5]	
1-224	1259-1269	compositum	_	_	_	
1-225	1270-1275	opere	_	_	_	
1-226	1276-1287	unguentarii	_	_	_	
1-227	1287-1288	,	_	_	_	
1-228	1289-1295	mistum	_	_	_	
1-229	1296-1306	diligenter	_	_	_	
1-230	1306-1307	,	_	_	_	
1-231	1308-1310	et	_	_	_	
1-232	1311-1316	purum	_	_	_	
1-233	1316-1317	,	_	_	_	
1-234	1318-1320	et	_	_	_	
1-235	1321-1336	sanctificatione	_	_	_	
1-236	1337-1348	dignissimum	_	_	_	
1-237	1348-1349	.	_	_	_	
1-238	1350-1352	36	_	_	_	
1-239	1353-1359	Cumque	_	_	_	
1-240	1360-1362	in	_	_	_	
1-241	1363-1374	tenuissimum	_	_	_	
1-242	1375-1383	pulverem	_	_	_	
1-243	1384-1392	universa	_	_	_	
1-244	1393-1403	contuderis	_	_	_	
1-245	1403-1404	,	_	_	_	
1-246	1405-1410	pones	_	_	_	
1-247	1411-1413	ex	_	_	_	
1-248	1414-1416	eo	_	_	_	
1-249	1417-1422	coram	_	_	_	
1-250	1423-1434	tabernaculo	_	_	_	
1-251	1435-1445	testimonii	_	_	_	
1-252	1445-1446	,	_	_	_	
1-253	1447-1449	in	_	_	_	
1-254	1450-1453	quo	_	_	_	
1-255	1454-1458	loco	_	_	_	
1-256	1459-1467	apparebo	_	_	_	
1-257	1468-1472	tibi	_	_	_	
1-258	1472-1473	.	_	_	_	

#Text=Sanctum sanctorum erit vobis thymiama.
#Text=37 Talem compositionem non facietis in usus vestros, quia sanctum est Domino.
#Text=38 Homo quicumque fecerit simile, ut odore illius perfruatur, peribit de populis suis.
2-1	1474-1481	Sanctum	_	_	_	
2-2	1482-1491	sanctorum	_	_	_	
2-3	1492-1496	erit	_	_	_	
2-4	1497-1502	vobis	_	_	_	
2-5	1503-1511	thymiama	Smell\_Source	_	_	
2-6	1511-1512	.	_	_	_	
2-7	1513-1515	37	_	_	_	
2-8	1516-1521	Talem	_	_	_	
2-9	1522-1535	compositionem	_	_	_	
2-10	1536-1539	non	_	_	_	
2-11	1540-1548	facietis	_	_	_	
2-12	1549-1551	in	_	_	_	
2-13	1552-1556	usus	_	_	_	
2-14	1557-1564	vestros	_	_	_	
2-15	1564-1565	,	_	_	_	
2-16	1566-1570	quia	_	_	_	
2-17	1571-1578	sanctum	_	_	_	
2-18	1579-1582	est	_	_	_	
2-19	1583-1589	Domino	_	_	_	
2-20	1589-1590	.	_	_	_	
2-21	1591-1593	38	_	_	_	
2-22	1594-1598	Homo	_	_	_	
2-23	1599-1608	quicumque	_	_	_	
2-24	1609-1616	fecerit	_	_	_	
2-25	1617-1623	simile	_	_	_	
2-26	1623-1624	,	_	_	_	
2-27	1625-1627	ut	_	_	_	
2-28	1628-1633	odore	Smell\_Word	*	2-29	
2-29	1634-1640	illius	Smell\_Source	Anaphoric	2-5	
2-30	1641-1651	perfruatur	_	_	_	
2-31	1651-1652	,	_	_	_	
2-32	1653-1660	peribit	_	_	_	
2-33	1661-1663	de	_	_	_	
2-34	1664-1671	populis	_	_	_	
2-35	1672-1676	suis	_	_	_	
2-36	1676-1677	.	_	_	_	

#Text=Caput 31
#Text=
#Text=
#Text=1 Locutusque est Dominus ad Moysen, dicens : 2 Ecce, vocavi ex nomine Beseleel filium Uri filii Hur de tribu Juda, 3 et implevi spiritu Dei, sapientia, et intelligentia et scientia in omni opere, 4 ad excogitandum quidquid fabrefieri potest ex auro, et argento, et ære, 5 marmore, et gemmis, et diversitate lignorum.
#Text=6 Dedique ei socium Ooliab filium Achisamech de tribu Dan.
3-1	1678-1683	Caput	_	_	_	
3-2	1684-1686	31	_	_	_	
3-3	1689-1690	1	_	_	_	
3-4	1691-1701	Locutusque	_	_	_	
3-5	1702-1705	est	_	_	_	
3-6	1706-1713	Dominus	_	_	_	
3-7	1714-1716	ad	_	_	_	
3-8	1717-1723	Moysen	_	_	_	
3-9	1723-1724	,	_	_	_	
3-10	1725-1731	dicens	_	_	_	
3-11	1732-1733	:	_	_	_	
3-12	1734-1735	2	_	_	_	
3-13	1736-1740	Ecce	_	_	_	
3-14	1740-1741	,	_	_	_	
3-15	1742-1748	vocavi	_	_	_	
3-16	1749-1751	ex	_	_	_	
3-17	1752-1758	nomine	_	_	_	
3-18	1759-1767	Beseleel	_	_	_	
3-19	1768-1774	filium	_	_	_	
3-20	1775-1778	Uri	_	_	_	
3-21	1779-1784	filii	_	_	_	
3-22	1785-1788	Hur	_	_	_	
3-23	1789-1791	de	_	_	_	
3-24	1792-1797	tribu	_	_	_	
3-25	1798-1802	Juda	_	_	_	
3-26	1802-1803	,	_	_	_	
3-27	1804-1805	3	_	_	_	
3-28	1806-1808	et	_	_	_	
3-29	1809-1816	implevi	_	_	_	
3-30	1817-1824	spiritu	_	_	_	
3-31	1825-1828	Dei	_	_	_	
3-32	1828-1829	,	_	_	_	
3-33	1830-1839	sapientia	_	_	_	
3-34	1839-1840	,	_	_	_	
3-35	1841-1843	et	_	_	_	
3-36	1844-1857	intelligentia	_	_	_	
3-37	1858-1860	et	_	_	_	
3-38	1861-1869	scientia	_	_	_	
3-39	1870-1872	in	_	_	_	
3-40	1873-1877	omni	_	_	_	
3-41	1878-1883	opere	_	_	_	
3-42	1883-1884	,	_	_	_	
3-43	1885-1886	4	_	_	_	
3-44	1887-1889	ad	_	_	_	
3-45	1890-1902	excogitandum	_	_	_	
3-46	1903-1911	quidquid	_	_	_	
3-47	1912-1922	fabrefieri	_	_	_	
3-48	1923-1929	potest	_	_	_	
3-49	1930-1932	ex	_	_	_	
3-50	1933-1937	auro	_	_	_	
3-51	1937-1938	,	_	_	_	
3-52	1939-1941	et	_	_	_	
3-53	1942-1949	argento	_	_	_	
3-54	1949-1950	,	_	_	_	
3-55	1951-1953	et	_	_	_	
3-56	1954-1957	ære	_	_	_	
3-57	1957-1958	,	_	_	_	
3-58	1959-1960	5	_	_	_	
3-59	1961-1968	marmore	_	_	_	
3-60	1968-1969	,	_	_	_	
3-61	1970-1972	et	_	_	_	
3-62	1973-1979	gemmis	_	_	_	
3-63	1979-1980	,	_	_	_	
3-64	1981-1983	et	_	_	_	
3-65	1984-1995	diversitate	_	_	_	
3-66	1996-2004	lignorum	_	_	_	
3-67	2004-2005	.	_	_	_	
3-68	2006-2007	6	_	_	_	
3-69	2008-2015	Dedique	_	_	_	
3-70	2016-2018	ei	_	_	_	
3-71	2019-2025	socium	_	_	_	
3-72	2026-2032	Ooliab	_	_	_	
3-73	2033-2039	filium	_	_	_	
3-74	2040-2050	Achisamech	_	_	_	
3-75	2051-2053	de	_	_	_	
3-76	2054-2059	tribu	_	_	_	
3-77	2060-2063	Dan	_	_	_	
3-78	2063-2064	.	_	_	_	

#Text=Et in corde omnis eruditi posui sapientiam : ut faciant cuncta quæ præcepi tibi, 7 tabernaculum fœderis, et arcam testimonii, et propitiatorium, quod super eam est, et cuncta vasa tabernaculi, 8 mensamque et vasa ejus, candelabrum purissimum cum vasis suis, et altaris thymiamatis, 9 et holocausti, et omnia vasa eorum, labrum cum basi sua, 10 vestes sanctas in ministerio Aaron sacerdoti, et filiis ejus, ut fungantur officio suo in sacris : 11 oleum unctionis, et thymiama aromatum in sanctuario, omnia quæ præcepi tibi, facient.
#Text=12 Et locutus est Dominus ad Moysen, dicens : 13 Loquere filiis Israël, et dices ad eos : Videte ut sabbatum meum custodiatis : quia signum est inter me et vos in generationibus vestris : ut sciatis quia ego Dominus, qui sanctifico vos.
#Text=14 Custodite sabbatum meum, sanctum est enim vobis : qui polluerit illud, morte morietur ; qui fecerit in eo opus, peribit anima illius de medio populi sui.
#Text=15 Sex diebus facietis opus : in die septimo sabbatum est, requies sancta Domino ; omnis qui fecerit opus in hac die, morietur.
#Text=16 Custodiant filii Israël sabbatum, et celebrent illud in generationibus suis.
4-1	2065-2067	Et	_	_	_	
4-2	2068-2070	in	_	_	_	
4-3	2071-2076	corde	_	_	_	
4-4	2077-2082	omnis	_	_	_	
4-5	2083-2090	eruditi	_	_	_	
4-6	2091-2096	posui	_	_	_	
4-7	2097-2107	sapientiam	_	_	_	
4-8	2108-2109	:	_	_	_	
4-9	2110-2112	ut	_	_	_	
4-10	2113-2120	faciant	_	_	_	
4-11	2121-2127	cuncta	_	_	_	
4-12	2128-2131	quæ	_	_	_	
4-13	2132-2139	præcepi	_	_	_	
4-14	2140-2144	tibi	_	_	_	
4-15	2144-2145	,	_	_	_	
4-16	2146-2147	7	_	_	_	
4-17	2148-2160	tabernaculum	_	_	_	
4-18	2161-2168	fœderis	_	_	_	
4-19	2168-2169	,	_	_	_	
4-20	2170-2172	et	_	_	_	
4-21	2173-2178	arcam	_	_	_	
4-22	2179-2189	testimonii	_	_	_	
4-23	2189-2190	,	_	_	_	
4-24	2191-2193	et	_	_	_	
4-25	2194-2208	propitiatorium	_	_	_	
4-26	2208-2209	,	_	_	_	
4-27	2210-2214	quod	_	_	_	
4-28	2215-2220	super	_	_	_	
4-29	2221-2224	eam	_	_	_	
4-30	2225-2228	est	_	_	_	
4-31	2228-2229	,	_	_	_	
4-32	2230-2232	et	_	_	_	
4-33	2233-2239	cuncta	_	_	_	
4-34	2240-2244	vasa	_	_	_	
4-35	2245-2256	tabernaculi	_	_	_	
4-36	2256-2257	,	_	_	_	
4-37	2258-2259	8	_	_	_	
4-38	2260-2269	mensamque	_	_	_	
4-39	2270-2272	et	_	_	_	
4-40	2273-2277	vasa	_	_	_	
4-41	2278-2282	ejus	_	_	_	
4-42	2282-2283	,	_	_	_	
4-43	2284-2295	candelabrum	_	_	_	
4-44	2296-2306	purissimum	_	_	_	
4-45	2307-2310	cum	_	_	_	
4-46	2311-2316	vasis	_	_	_	
4-47	2317-2321	suis	_	_	_	
4-48	2321-2322	,	_	_	_	
4-49	2323-2325	et	_	_	_	
4-50	2326-2333	altaris	Location	_	_	
4-51	2334-2345	thymiamatis	Smell\_Word[6]|Smell\_Source[7]	*|*	4-51[7_6]|4-50[0_6]	
4-52	2345-2346	,	_	_	_	
4-53	2347-2348	9	_	_	_	
4-54	2349-2351	et	_	_	_	
4-55	2352-2362	holocausti	_	_	_	
4-56	2362-2363	,	_	_	_	
4-57	2364-2366	et	_	_	_	
4-58	2367-2372	omnia	_	_	_	
4-59	2373-2377	vasa	_	_	_	
4-60	2378-2383	eorum	_	_	_	
4-61	2383-2384	,	_	_	_	
4-62	2385-2391	labrum	_	_	_	
4-63	2392-2395	cum	_	_	_	
4-64	2396-2400	basi	_	_	_	
4-65	2401-2404	sua	_	_	_	
4-66	2404-2405	,	_	_	_	
4-67	2406-2408	10	_	_	_	
4-68	2409-2415	vestes	_	_	_	
4-69	2416-2423	sanctas	_	_	_	
4-70	2424-2426	in	_	_	_	
4-71	2427-2437	ministerio	_	_	_	
4-72	2438-2443	Aaron	_	_	_	
4-73	2444-2453	sacerdoti	_	_	_	
4-74	2453-2454	,	_	_	_	
4-75	2455-2457	et	_	_	_	
4-76	2458-2464	filiis	_	_	_	
4-77	2465-2469	ejus	_	_	_	
4-78	2469-2470	,	_	_	_	
4-79	2471-2473	ut	_	_	_	
4-80	2474-2483	fungantur	_	_	_	
4-81	2484-2491	officio	_	_	_	
4-82	2492-2495	suo	_	_	_	
4-83	2496-2498	in	_	_	_	
4-84	2499-2505	sacris	_	_	_	
4-85	2506-2507	:	_	_	_	
4-86	2508-2510	11	_	_	_	
4-87	2511-2516	oleum	_	_	_	
4-88	2517-2526	unctionis	_	_	_	
4-89	2526-2527	,	_	_	_	
4-90	2528-2530	et	_	_	_	
4-91	2531-2539	thymiama	Smell\_Word	*|*	4-92|4-93[8_0]	
4-92	2540-2548	aromatum	Smell\_Source	_	_	
4-93	2549-2551	in	Location[8]	_	_	
4-94	2552-2562	sanctuario	Location[8]	_	_	
4-95	2562-2563	,	_	_	_	
4-96	2564-2569	omnia	_	_	_	
4-97	2570-2573	quæ	_	_	_	
4-98	2574-2581	præcepi	_	_	_	
4-99	2582-2586	tibi	_	_	_	
4-100	2586-2587	,	_	_	_	
4-101	2588-2595	facient	_	_	_	
4-102	2595-2596	.	_	_	_	
4-103	2597-2599	12	_	_	_	
4-104	2600-2602	Et	_	_	_	
4-105	2603-2610	locutus	_	_	_	
4-106	2611-2614	est	_	_	_	
4-107	2615-2622	Dominus	_	_	_	
4-108	2623-2625	ad	_	_	_	
4-109	2626-2632	Moysen	_	_	_	
4-110	2632-2633	,	_	_	_	
4-111	2634-2640	dicens	_	_	_	
4-112	2641-2642	:	_	_	_	
4-113	2643-2645	13	_	_	_	
4-114	2646-2653	Loquere	_	_	_	
4-115	2654-2660	filiis	_	_	_	
4-116	2661-2667	Israël	_	_	_	
4-117	2667-2668	,	_	_	_	
4-118	2669-2671	et	_	_	_	
4-119	2672-2677	dices	_	_	_	
4-120	2678-2680	ad	_	_	_	
4-121	2681-2684	eos	_	_	_	
4-122	2685-2686	:	_	_	_	
4-123	2687-2693	Videte	_	_	_	
4-124	2694-2696	ut	_	_	_	
4-125	2697-2705	sabbatum	_	_	_	
4-126	2706-2710	meum	_	_	_	
4-127	2711-2722	custodiatis	_	_	_	
4-128	2723-2724	:	_	_	_	
4-129	2725-2729	quia	_	_	_	
4-130	2730-2736	signum	_	_	_	
4-131	2737-2740	est	_	_	_	
4-132	2741-2746	inter	_	_	_	
4-133	2747-2749	me	_	_	_	
4-134	2750-2752	et	_	_	_	
4-135	2753-2756	vos	_	_	_	
4-136	2757-2759	in	_	_	_	
4-137	2760-2774	generationibus	_	_	_	
4-138	2775-2782	vestris	_	_	_	
4-139	2783-2784	:	_	_	_	
4-140	2785-2787	ut	_	_	_	
4-141	2788-2795	sciatis	_	_	_	
4-142	2796-2800	quia	_	_	_	
4-143	2801-2804	ego	_	_	_	
4-144	2805-2812	Dominus	_	_	_	
4-145	2812-2813	,	_	_	_	
4-146	2814-2817	qui	_	_	_	
4-147	2818-2828	sanctifico	_	_	_	
4-148	2829-2832	vos	_	_	_	
4-149	2832-2833	.	_	_	_	
4-150	2834-2836	14	_	_	_	
4-151	2837-2846	Custodite	_	_	_	
4-152	2847-2855	sabbatum	_	_	_	
4-153	2856-2860	meum	_	_	_	
4-154	2860-2861	,	_	_	_	
4-155	2862-2869	sanctum	_	_	_	
4-156	2870-2873	est	_	_	_	
4-157	2874-2878	enim	_	_	_	
4-158	2879-2884	vobis	_	_	_	
4-159	2885-2886	:	_	_	_	
4-160	2887-2890	qui	_	_	_	
4-161	2891-2900	polluerit	_	_	_	
4-162	2901-2906	illud	_	_	_	
4-163	2906-2907	,	_	_	_	
4-164	2908-2913	morte	_	_	_	
4-165	2914-2922	morietur	_	_	_	
4-166	2923-2924	;	_	_	_	
4-167	2925-2928	qui	_	_	_	
4-168	2929-2936	fecerit	_	_	_	
4-169	2937-2939	in	_	_	_	
4-170	2940-2942	eo	_	_	_	
4-171	2943-2947	opus	_	_	_	
4-172	2947-2948	,	_	_	_	
4-173	2949-2956	peribit	_	_	_	
4-174	2957-2962	anima	_	_	_	
4-175	2963-2969	illius	_	_	_	
4-176	2970-2972	de	_	_	_	
4-177	2973-2978	medio	_	_	_	
4-178	2979-2985	populi	_	_	_	
4-179	2986-2989	sui	_	_	_	
4-180	2989-2990	.	_	_	_	
4-181	2991-2993	15	_	_	_	
4-182	2994-2997	Sex	_	_	_	
4-183	2998-3004	diebus	_	_	_	
4-184	3005-3013	facietis	_	_	_	
4-185	3014-3018	opus	_	_	_	
4-186	3019-3020	:	_	_	_	
4-187	3021-3023	in	_	_	_	
4-188	3024-3027	die	_	_	_	
4-189	3028-3035	septimo	_	_	_	
4-190	3036-3044	sabbatum	_	_	_	
4-191	3045-3048	est	_	_	_	
4-192	3048-3049	,	_	_	_	
4-193	3050-3057	requies	_	_	_	
4-194	3058-3064	sancta	_	_	_	
4-195	3065-3071	Domino	_	_	_	
4-196	3072-3073	;	_	_	_	
4-197	3074-3079	omnis	_	_	_	
4-198	3080-3083	qui	_	_	_	
4-199	3084-3091	fecerit	_	_	_	
4-200	3092-3096	opus	_	_	_	
4-201	3097-3099	in	_	_	_	
4-202	3100-3103	hac	_	_	_	
4-203	3104-3107	die	_	_	_	
4-204	3107-3108	,	_	_	_	
4-205	3109-3117	morietur	_	_	_	
4-206	3117-3118	.	_	_	_	
4-207	3119-3121	16	_	_	_	
4-208	3122-3132	Custodiant	_	_	_	
4-209	3133-3138	filii	_	_	_	
4-210	3139-3145	Israël	_	_	_	
4-211	3146-3154	sabbatum	_	_	_	
4-212	3154-3155	,	_	_	_	
4-213	3156-3158	et	_	_	_	
4-214	3159-3168	celebrent	_	_	_	
4-215	3169-3174	illud	_	_	_	
4-216	3175-3177	in	_	_	_	
4-217	3178-3192	generationibus	_	_	_	
4-218	3193-3197	suis	_	_	_	
4-219	3197-3198	.	_	_	_	

#Text=Pactum est sempiternum 17 inter me et filios Israël, signumque perpetuum ; sex enim diebus fecit Dominus cælum et terram, et in septimo ab opere cessavit.
#Text=18 Deditque Dominus Moysi, completis hujuscemodi sermonibus in monte Sinai, duas tabulas testimonii lapideas, scriptas digito Dei.
5-1	3199-3205	Pactum	_	_	_	
5-2	3206-3209	est	_	_	_	
5-3	3210-3221	sempiternum	_	_	_	
5-4	3222-3224	17	_	_	_	
5-5	3225-3230	inter	_	_	_	
5-6	3231-3233	me	_	_	_	
5-7	3234-3236	et	_	_	_	
5-8	3237-3243	filios	_	_	_	
5-9	3244-3250	Israël	_	_	_	
5-10	3250-3251	,	_	_	_	
5-11	3252-3261	signumque	_	_	_	
5-12	3262-3271	perpetuum	_	_	_	
5-13	3272-3273	;	_	_	_	
5-14	3274-3277	sex	_	_	_	
5-15	3278-3282	enim	_	_	_	
5-16	3283-3289	diebus	_	_	_	
5-17	3290-3295	fecit	_	_	_	
5-18	3296-3303	Dominus	_	_	_	
5-19	3304-3309	cælum	_	_	_	
5-20	3310-3312	et	_	_	_	
5-21	3313-3319	terram	_	_	_	
5-22	3319-3320	,	_	_	_	
5-23	3321-3323	et	_	_	_	
5-24	3324-3326	in	_	_	_	
5-25	3327-3334	septimo	_	_	_	
5-26	3335-3337	ab	_	_	_	
5-27	3338-3343	opere	_	_	_	
5-28	3344-3352	cessavit	_	_	_	
5-29	3352-3353	.	_	_	_	
5-30	3354-3356	18	_	_	_	
5-31	3357-3365	Deditque	_	_	_	
5-32	3366-3373	Dominus	_	_	_	
5-33	3374-3379	Moysi	_	_	_	
5-34	3379-3380	,	_	_	_	
5-35	3381-3390	completis	_	_	_	
5-36	3391-3402	hujuscemodi	_	_	_	
5-37	3403-3413	sermonibus	_	_	_	
5-38	3414-3416	in	_	_	_	
5-39	3417-3422	monte	_	_	_	
5-40	3423-3428	Sinai	_	_	_	
5-41	3428-3429	,	_	_	_	
5-42	3430-3434	duas	_	_	_	
5-43	3435-3442	tabulas	_	_	_	
5-44	3443-3453	testimonii	_	_	_	
5-45	3454-3462	lapideas	_	_	_	
5-46	3462-3463	,	_	_	_	
5-47	3464-3472	scriptas	_	_	_	
5-48	3473-3479	digito	_	_	_	
5-49	3480-3483	Dei	_	_	_	
5-50	3483-3484	.	_	_	_	
