#FORMAT=WebAnno TSV 3.3


#Text=Ten eersten dat een ieder
#Text=lichaam, self niet grooter dan dat maar ter nauwer nood gesien kan worden, uit een
#Text=ontelbare menigte van allerkleinste deeltjes t'saamgesteld; en dese deeltjes op seer
#Text=ongelijke wijse onder een gevloghten zijn.
1-1	2-5	Ten	
1-2	6-13	eersten	
1-3	14-17	dat	
1-4	18-21	een	
1-5	22-27	ieder	
1-6	28-35	lichaam	
1-7	35-36	,	
1-8	37-41	self	
1-9	42-46	niet	
1-10	47-54	grooter	
1-11	55-58	dan	
1-12	59-62	dat	
1-13	63-67	maar	
1-14	68-71	ter	
1-15	72-78	nauwer	
1-16	79-83	nood	
1-17	84-90	gesien	
1-18	91-94	kan	
1-19	95-101	worden	
1-20	101-102	,	
1-21	103-106	uit	
1-22	107-110	een	
1-23	111-120	ontelbare	
1-24	121-128	menigte	
1-25	129-132	van	
1-26	133-146	allerkleinste	
1-27	147-155	deeltjes	
1-28	156-169	t'saamgesteld	
1-29	169-170	;	
1-30	171-173	en	
1-31	174-178	dese	
1-32	179-187	deeltjes	
1-33	188-190	op	
1-34	191-195	seer	
1-35	196-205	ongelijke	
1-36	206-211	wijse	
1-37	212-217	onder	
1-38	218-221	een	
1-39	222-232	gevloghten	
1-40	233-237	zijn	
1-41	237-238	.	

#Text=Dat daarom twee lichamen, welker kleinste
#Text=deelkens ofte veselkens op gelijke wijse tsaamgevloghten zijn, ook gemeenschap
#Text=hebben met malkander.
2-1	239-242	Dat	
2-2	243-249	daarom	
2-3	250-254	twee	
2-4	255-263	lichamen	
2-5	263-264	,	
2-6	265-271	welker	
2-7	272-280	kleinste	
2-8	281-289	deelkens	
2-9	290-294	ofte	
2-10	295-304	veselkens	
2-11	305-307	op	
2-12	308-315	gelijke	
2-13	316-321	wijse	
2-14	322-337	tsaamgevloghten	
2-15	338-342	zijn	
2-16	342-343	,	
2-17	344-347	ook	
2-18	348-359	gemeenschap	
2-19	360-366	hebben	
2-20	367-370	met	
2-21	371-380	malkander	
2-22	380-381	.	

#Text=Want sy van een en 't selfde voorwerp, of ten minsten van
#Text=den selfden aart, en ook op eenerleye wijse woorden aangedaan.
3-1	382-386	Want	
3-2	387-389	sy	
3-3	390-393	van	
3-4	394-397	een	
3-5	398-400	en	
3-6	401-402	'	
3-7	402-403	t	
3-8	404-410	selfde	
3-9	411-419	voorwerp	
3-10	419-420	,	
3-11	421-423	of	
3-12	424-427	ten	
3-13	428-435	minsten	
3-14	436-439	van	
3-15	440-443	den	
3-16	444-451	selfden	
3-17	452-456	aart	
3-18	456-457	,	
3-19	458-460	en	
3-20	461-464	ook	
3-21	465-467	op	
3-22	468-477	eenerleye	
3-23	478-483	wijse	
3-24	484-491	woorden	
3-25	492-501	aangedaan	
3-26	501-502	.	

#Text=Gelijke lust
#Text=derhalven, of gelijke spijs en drank sal so den eenen als den anderen of dus of so
#Text=bekomen, die van gelijke t'samenstellinge der deelen zijn.
4-1	503-510	Gelijke	
4-2	511-515	lust	
4-3	516-525	derhalven	
4-4	525-526	,	
4-5	527-529	of	
4-6	530-537	gelijke	
4-7	538-543	spijs	
4-8	544-546	en	
4-9	547-552	drank	
4-10	553-556	sal	
4-11	557-559	so	
4-12	560-563	den	
4-13	564-569	eenen	
4-14	570-573	als	
4-15	574-577	den	
4-16	578-585	anderen	
4-17	586-588	of	
4-18	589-592	dus	
4-19	593-595	of	
4-20	596-598	so	
4-21	599-606	bekomen	
4-22	606-607	,	
4-23	608-611	die	
4-24	612-615	van	
4-25	616-623	gelijke	
4-26	624-640	t'samenstellinge	
4-27	641-644	der	
4-28	645-651	deelen	
4-29	652-656	zijn	
4-30	656-657	.	

#Text=En overmits deselve
#Text=t'samenvlegtinge besonder in natuurlijk vogt van 's menschen lichaam plaatse vind:
#Text=
#Text=so noemt men dat gelijkheid van humeuren, dat is vogtigheden; en na dan die deelkens
#Text=wel of qualik tsaamgepast, gevlogten of geschikt zijn, dat heet des menschen goed
#Text=of quaad humeur.
5-1	658-660	En	
5-2	661-669	overmits	
5-3	670-677	deselve	
5-4	678-694	t'samenvlegtinge	
5-5	695-703	besonder	
5-6	704-706	in	
5-7	707-717	natuurlijk	
5-8	718-722	vogt	
5-9	723-726	van	
5-10	727-728	'	
5-11	728-729	s	
5-12	730-738	menschen	
5-13	739-746	lichaam	
5-14	747-754	plaatse	
5-15	755-759	vind	
5-16	759-760	:	
5-17	762-764	so	
5-18	765-770	noemt	
5-19	771-774	men	
5-20	775-778	dat	
5-21	779-789	gelijkheid	
5-22	790-793	van	
5-23	794-802	humeuren	
5-24	802-803	,	
5-25	804-807	dat	
5-26	808-810	is	
5-27	811-822	vogtigheden	
5-28	822-823	;	
5-29	824-826	en	
5-30	827-829	na	
5-31	830-833	dan	
5-32	834-837	die	
5-33	838-846	deelkens	
5-34	847-850	wel	
5-35	851-853	of	
5-36	854-860	qualik	
5-37	861-872	tsaamgepast	
5-38	872-873	,	
5-39	874-883	gevlogten	
5-40	884-886	of	
5-41	887-895	geschikt	
5-42	896-900	zijn	
5-43	900-901	,	
5-44	902-905	dat	
5-45	906-910	heet	
5-46	911-914	des	
5-47	915-923	menschen	
5-48	924-928	goed	
5-49	929-931	of	
5-50	932-937	quaad	
5-51	938-944	humeur	
5-52	944-945	.	

#Text=Dog dit en is het nog niet al.
6-1	946-949	Dog	
6-2	950-953	dit	
6-3	954-956	en	
6-4	957-959	is	
6-5	960-963	het	
6-6	964-967	nog	
6-7	968-972	niet	
6-8	973-975	al	
6-9	975-976	.	

#Text=De deelkens dus in een gevlogten,
#Text=zijn egter vlugge deelkens, die geduriglik uit en in wasemen; waar van so verr als
#Text=
#Text=iets met ogen is te sien, met een bewijs of proeve aan den rook of wasem van het
#Text=warme bloed mag sien.
7-1	977-979	De	
7-2	980-988	deelkens	
7-3	989-992	dus	
7-4	993-995	in	
7-5	996-999	een	
7-6	1000-1009	gevlogten	
7-7	1009-1010	,	
7-8	1011-1015	zijn	
7-9	1016-1021	egter	
7-10	1022-1028	vlugge	
7-11	1029-1037	deelkens	
7-12	1037-1038	,	
7-13	1039-1042	die	
7-14	1043-1053	geduriglik	
7-15	1054-1057	uit	
7-16	1058-1060	en	
7-17	1061-1063	in	
7-18	1064-1071	wasemen	
7-19	1071-1072	;	
7-20	1073-1077	waar	
7-21	1078-1081	van	
7-22	1082-1084	so	
7-23	1085-1089	verr	
7-24	1090-1093	als	
7-25	1095-1099	iets	
7-26	1100-1103	met	
7-27	1104-1108	ogen	
7-28	1109-1111	is	
7-29	1112-1114	te	
7-30	1115-1119	sien	
7-31	1119-1120	,	
7-32	1121-1124	met	
7-33	1125-1128	een	
7-34	1129-1135	bewijs	
7-35	1136-1138	of	
7-36	1139-1145	proeve	
7-37	1146-1149	aan	
7-38	1150-1153	den	
7-39	1154-1158	rook	
7-40	1159-1161	of	
7-41	1162-1167	wasem	
7-42	1168-1171	van	
7-43	1172-1175	het	
7-44	1176-1181	warme	
7-45	1182-1187	bloed	
7-46	1188-1191	mag	
7-47	1192-1196	sien	
7-48	1196-1197	.	

#Text=Want dese waassem anders niet en is dan ene menigte der
#Text=kleinste deeltjes onder een vermengd, met vlugge en gedurige beweginge.
8-1	1198-1202	Want	
8-2	1203-1207	dese	
8-3	1208-1215	waassem	
8-4	1216-1222	anders	
8-5	1223-1227	niet	
8-6	1228-1230	en	
8-7	1231-1233	is	
8-8	1234-1237	dan	
8-9	1238-1241	ene	
8-10	1242-1249	menigte	
8-11	1250-1253	der	
8-12	1254-1262	kleinste	
8-13	1263-1271	deeltjes	
8-14	1272-1277	onder	
8-15	1278-1281	een	
8-16	1282-1290	vermengd	
8-17	1290-1291	,	
8-18	1292-1295	met	
8-19	1296-1302	vlugge	
8-20	1303-1305	en	
8-21	1306-1314	gedurige	
8-22	1315-1324	beweginge	
8-23	1324-1325	.	

#Text=Die
#Text=deelkens wasemen het eene lichaam uit en 't ander in.
9-1	1326-1329	Die	
9-2	1330-1338	deelkens	
9-3	1339-1346	wasemen	
9-4	1347-1350	het	
9-5	1351-1355	eene	
9-6	1356-1363	lichaam	
9-7	1364-1367	uit	
9-8	1368-1370	en	
9-9	1371-1372	'	
9-10	1372-1373	t	
9-11	1374-1379	ander	
9-12	1380-1382	in	
9-13	1382-1383	.	

#Text=Nu heeft in alle dingen plaats,
#Text=dat overal gelijk soekt sijns gelijk, en paart met sijns gelijk.
10-1	1384-1386	Nu	
10-2	1387-1392	heeft	
10-3	1393-1395	in	
10-4	1396-1400	alle	
10-5	1401-1407	dingen	
10-6	1408-1414	plaats	
10-7	1414-1415	,	
10-8	1416-1419	dat	
10-9	1420-1426	overal	
10-10	1427-1433	gelijk	
10-11	1434-1439	soekt	
10-12	1440-1445	sijns	
10-13	1446-1452	gelijk	
10-14	1452-1453	,	
10-15	1454-1456	en	
10-16	1457-1462	paart	
10-17	1463-1466	met	
10-18	1467-1472	sijns	
10-19	1473-1479	gelijk	
10-20	1479-1480	.	

#Text=Wanneer sulx in de
#Text=menschelike t'samenlevinge niet uiterlijk also gebeurt;
#Text=het is om dat die paringe niet
#Text=door noodsakelikheid van nature, maar door beradinge word aangegaan: en niettemin
#Text=sal daar noch heimelik een oorsaak in de medeneiginge van die naturen zijn, die
#Text=uiterlik so niet en blijkt.
11-1	1481-1488	Wanneer	
11-2	1489-1493	sulx	
11-3	1494-1496	in	
11-4	1497-1499	de	
11-5	1500-1511	menschelike	
11-6	1512-1526	t'samenlevinge	
11-7	1527-1531	niet	
11-8	1532-1541	uiterlijk	
11-9	1542-1546	also	
11-10	1547-1554	gebeurt	
11-11	1554-1555	;	
11-12	1556-1559	het	
11-13	1560-1562	is	
11-14	1563-1565	om	
11-15	1566-1569	dat	
11-16	1570-1573	die	
11-17	1574-1581	paringe	
11-18	1582-1586	niet	
11-19	1587-1591	door	
11-20	1592-1607	noodsakelikheid	
11-21	1608-1611	van	
11-22	1612-1618	nature	
11-23	1618-1619	,	
11-24	1620-1624	maar	
11-25	1625-1629	door	
11-26	1630-1639	beradinge	
11-27	1640-1644	word	
11-28	1645-1654	aangegaan	
11-29	1654-1655	:	
11-30	1656-1658	en	
11-31	1659-1668	niettemin	
11-32	1669-1672	sal	
11-33	1673-1677	daar	
11-34	1678-1682	noch	
11-35	1683-1691	heimelik	
11-36	1692-1695	een	
11-37	1696-1703	oorsaak	
11-38	1704-1706	in	
11-39	1707-1709	de	
11-40	1710-1722	medeneiginge	
11-41	1723-1726	van	
11-42	1727-1730	die	
11-43	1731-1738	naturen	
11-44	1739-1743	zijn	
11-45	1743-1744	,	
11-46	1745-1748	die	
11-47	1749-1757	uiterlik	
11-48	1758-1760	so	
11-49	1761-1765	niet	
11-50	1766-1768	en	
11-51	1769-1775	blijkt	
11-52	1775-1776	.	

#Text=Balthasar Bekker, De betoverde wereld
#Text=
#Text=
#Text=\f
#Text=178
#Text=§.
#Text=7.
12-1	1779-1788	Balthasar	
12-2	1789-1795	Bekker	
12-3	1795-1796	,	
12-4	1797-1799	De	
12-5	1800-1809	betoverde	
12-6	1810-1816	wereld	
12-7	1821-1824	178	
12-8	1825-1826	§	
12-9	1826-1827	.	
12-10	1828-1829	7	
12-11	1829-1830	.	

#Text=By al 't voorseide komt de kraght der Inbeeldinge, waarvan ons d'ondervindinge
#Text=verwonderlike dingen leert.
13-1	1831-1833	By	
13-2	1834-1836	al	
13-3	1837-1838	'	
13-4	1838-1839	t	
13-5	1840-1849	voorseide	
13-6	1850-1854	komt	
13-7	1855-1857	de	
13-8	1858-1864	kraght	
13-9	1865-1868	der	
13-10	1869-1880	Inbeeldinge	
13-11	1880-1881	,	
13-12	1882-1889	waarvan	
13-13	1890-1893	ons	
13-14	1894-1909	d'ondervindinge	
13-15	1910-1923	verwonderlike	
13-16	1924-1930	dingen	
13-17	1931-1936	leert	
13-18	1936-1937	.	

#Text=Die is, als buiten uiterlike werkinge der sinnen, (om op
#Text=het platste dus te spreken) de geesten, dat is de voorseide dampingen, en waasseminge
#Text=van die allerfijnste deeltjes, uit het herte na de herssenen optrekkende;
14-1	1938-1941	Die	
14-2	1942-1944	is	
14-3	1944-1945	,	
14-4	1946-1949	als	
14-5	1950-1956	buiten	
14-6	1957-1966	uiterlike	
14-7	1967-1975	werkinge	
14-8	1976-1979	der	
14-9	1980-1986	sinnen	
14-10	1986-1987	,	
14-11	1988-1989	(	
14-12	1989-1991	om	
14-13	1992-1994	op	
14-14	1995-1998	het	
14-15	1999-2006	platste	
14-16	2007-2010	dus	
14-17	2011-2013	te	
14-18	2014-2021	spreken	
14-19	2021-2022	)	
14-20	2023-2025	de	
14-21	2026-2033	geesten	
14-22	2033-2034	,	
14-23	2035-2038	dat	
14-24	2039-2041	is	
14-25	2042-2044	de	
14-26	2045-2054	voorseide	
14-27	2055-2064	dampingen	
14-28	2064-2065	,	
14-29	2066-2068	en	
14-30	2069-2080	waasseminge	
14-31	2081-2084	van	
14-32	2085-2088	die	
14-33	2089-2101	allerfijnste	
14-34	2102-2110	deeltjes	
14-35	2110-2111	,	
14-36	2112-2115	uit	
14-37	2116-2119	het	
14-38	2120-2125	herte	
14-39	2126-2128	na	
14-40	2129-2131	de	
14-41	2132-2141	herssenen	
14-42	2142-2153	optrekkende	
14-43	2153-2154	;	
