#FORMAT=WebAnno TSV 3.3


#Text=5 Et decreverunt ut mitterent nuntios in universum Israël, de Bersabee usque Dan, ut venirent, et facerent Phase Domino Deo Israël in Jerusalem : multi enim non fecerant sicut lege præscriptum est.
#Text=6 Perrexeruntque cursores cum epistolis ex regis imperio, et principum ejus, in universum Israël et Judam, juxta id quod rex jusserat, prædicantes : Filii Israël, revertimini ad Dominum Deum Abraham, et Isaac, et Israël : et revertetur ad reliquias quæ effugerunt manum regis Assyriorum.
#Text=7 Nolite fieri sicut patres vestri et fratres, qui recesserunt a Domino Deo patrum suorum, qui tradidit eos in interitum, ut ipsi cernitis.
#Text=8 Nolite indurare cervices vestras, sicut patres vestri : tradite manus Domino, et venite ad sanctuarium ejus quod sanctificavit in æternum : servite Domino Deo patrum vestrorum, et avertetur a vobis ira furoris ejus.
#Text=9 Si enim vos reversi fueritis ad Dominum, fratres vestri et filii habebunt misericordiam coram dominis suis, qui illos duxerunt captivos, et revertentur in terram hanc : pius enim et clemens est Dominus Deus vester, et non avertet faciem suam a vobis, si reversi fueritis ad eum.
#Text=10 Igitur cursores pergebant velociter de civitate in civitatem per terram Ephraim et Manasse usque ad Zabulon, illis irridentibus et subsannantibus eos.
#Text=11 Attamen quidam viri ex Aser, et Manasse, et Zabulon acquiescentes consilio, venerunt Jerusalem.
#Text=12 In Juda vero facta est manus Domini ut daret eis cor unum, ut facerent juxta præceptum regis et principum verbum Domini.
#Text=13 Congregatique sunt in Jerusalem populi multi ut facerent solemnitatem azymorum, in mense secundo : 14 et surgentes destruxerunt altaria quæ erant in Jerusalem, atque universa in quibus idolis adolebatur incensum, subvertentes, projecerunt in torrentem Cedron.
#Text=15 Immolaverunt autem Phase quartadecima die mensis secundi.
1-1	2-3	5	
1-2	4-6	Et	
1-3	7-18	decreverunt	
1-4	19-21	ut	
1-5	22-31	mitterent	
1-6	32-39	nuntios	
1-7	40-42	in	
1-8	43-52	universum	
1-9	53-59	Israël	
1-10	59-60	,	
1-11	61-63	de	
1-12	64-72	Bersabee	
1-13	73-78	usque	
1-14	79-82	Dan	
1-15	82-83	,	
1-16	84-86	ut	
1-17	87-95	venirent	
1-18	95-96	,	
1-19	97-99	et	
1-20	100-108	facerent	
1-21	109-114	Phase	
1-22	115-121	Domino	
1-23	122-125	Deo	
1-24	126-132	Israël	
1-25	133-135	in	
1-26	136-145	Jerusalem	
1-27	146-147	:	
1-28	148-153	multi	
1-29	154-158	enim	
1-30	159-162	non	
1-31	163-171	fecerant	
1-32	172-177	sicut	
1-33	178-182	lege	
1-34	183-194	præscriptum	
1-35	195-198	est	
1-36	198-199	.	
1-37	200-201	6	
1-38	202-216	Perrexeruntque	
1-39	217-225	cursores	
1-40	226-229	cum	
1-41	230-239	epistolis	
1-42	240-242	ex	
1-43	243-248	regis	
1-44	249-256	imperio	
1-45	256-257	,	
1-46	258-260	et	
1-47	261-270	principum	
1-48	271-275	ejus	
1-49	275-276	,	
1-50	277-279	in	
1-51	280-289	universum	
1-52	290-296	Israël	
1-53	297-299	et	
1-54	300-305	Judam	
1-55	305-306	,	
1-56	307-312	juxta	
1-57	313-315	id	
1-58	316-320	quod	
1-59	321-324	rex	
1-60	325-333	jusserat	
1-61	333-334	,	
1-62	335-346	prædicantes	
1-63	347-348	:	
1-64	349-354	Filii	
1-65	355-361	Israël	
1-66	361-362	,	
1-67	363-374	revertimini	
1-68	375-377	ad	
1-69	378-385	Dominum	
1-70	386-390	Deum	
1-71	391-398	Abraham	
1-72	398-399	,	
1-73	400-402	et	
1-74	403-408	Isaac	
1-75	408-409	,	
1-76	410-412	et	
1-77	413-419	Israël	
1-78	420-421	:	
1-79	422-424	et	
1-80	425-435	revertetur	
1-81	436-438	ad	
1-82	439-448	reliquias	
1-83	449-452	quæ	
1-84	453-463	effugerunt	
1-85	464-469	manum	
1-86	470-475	regis	
1-87	476-486	Assyriorum	
1-88	486-487	.	
1-89	488-489	7	
1-90	490-496	Nolite	
1-91	497-502	fieri	
1-92	503-508	sicut	
1-93	509-515	patres	
1-94	516-522	vestri	
1-95	523-525	et	
1-96	526-533	fratres	
1-97	533-534	,	
1-98	535-538	qui	
1-99	539-550	recesserunt	
1-100	551-552	a	
1-101	553-559	Domino	
1-102	560-563	Deo	
1-103	564-570	patrum	
1-104	571-577	suorum	
1-105	577-578	,	
1-106	579-582	qui	
1-107	583-591	tradidit	
1-108	592-595	eos	
1-109	596-598	in	
1-110	599-608	interitum	
1-111	608-609	,	
1-112	610-612	ut	
1-113	613-617	ipsi	
1-114	618-626	cernitis	
1-115	626-627	.	
1-116	628-629	8	
1-117	630-636	Nolite	
1-118	637-645	indurare	
1-119	646-654	cervices	
1-120	655-662	vestras	
1-121	662-663	,	
1-122	664-669	sicut	
1-123	670-676	patres	
1-124	677-683	vestri	
1-125	684-685	:	
1-126	686-693	tradite	
1-127	694-699	manus	
1-128	700-706	Domino	
1-129	706-707	,	
1-130	708-710	et	
1-131	711-717	venite	
1-132	718-720	ad	
1-133	721-732	sanctuarium	
1-134	733-737	ejus	
1-135	738-742	quod	
1-136	743-756	sanctificavit	
1-137	757-759	in	
1-138	760-767	æternum	
1-139	768-769	:	
1-140	770-777	servite	
1-141	778-784	Domino	
1-142	785-788	Deo	
1-143	789-795	patrum	
1-144	796-805	vestrorum	
1-145	805-806	,	
1-146	807-809	et	
1-147	810-819	avertetur	
1-148	820-821	a	
1-149	822-827	vobis	
1-150	828-831	ira	
1-151	832-839	furoris	
1-152	840-844	ejus	
1-153	844-845	.	
1-154	846-847	9	
1-155	848-850	Si	
1-156	851-855	enim	
1-157	856-859	vos	
1-158	860-867	reversi	
1-159	868-876	fueritis	
1-160	877-879	ad	
1-161	880-887	Dominum	
1-162	887-888	,	
1-163	889-896	fratres	
1-164	897-903	vestri	
1-165	904-906	et	
1-166	907-912	filii	
1-167	913-921	habebunt	
1-168	922-935	misericordiam	
1-169	936-941	coram	
1-170	942-949	dominis	
1-171	950-954	suis	
1-172	954-955	,	
1-173	956-959	qui	
1-174	960-965	illos	
1-175	966-974	duxerunt	
1-176	975-983	captivos	
1-177	983-984	,	
1-178	985-987	et	
1-179	988-999	revertentur	
1-180	1000-1002	in	
1-181	1003-1009	terram	
1-182	1010-1014	hanc	
1-183	1015-1016	:	
1-184	1017-1021	pius	
1-185	1022-1026	enim	
1-186	1027-1029	et	
1-187	1030-1037	clemens	
1-188	1038-1041	est	
1-189	1042-1049	Dominus	
1-190	1050-1054	Deus	
1-191	1055-1061	vester	
1-192	1061-1062	,	
1-193	1063-1065	et	
1-194	1066-1069	non	
1-195	1070-1077	avertet	
1-196	1078-1084	faciem	
1-197	1085-1089	suam	
1-198	1090-1091	a	
1-199	1092-1097	vobis	
1-200	1097-1098	,	
1-201	1099-1101	si	
1-202	1102-1109	reversi	
1-203	1110-1118	fueritis	
1-204	1119-1121	ad	
1-205	1122-1125	eum	
1-206	1125-1126	.	
1-207	1127-1129	10	
1-208	1130-1136	Igitur	
1-209	1137-1145	cursores	
1-210	1146-1155	pergebant	
1-211	1156-1165	velociter	
1-212	1166-1168	de	
1-213	1169-1177	civitate	
1-214	1178-1180	in	
1-215	1181-1190	civitatem	
1-216	1191-1194	per	
1-217	1195-1201	terram	
1-218	1202-1209	Ephraim	
1-219	1210-1212	et	
1-220	1213-1220	Manasse	
1-221	1221-1226	usque	
1-222	1227-1229	ad	
1-223	1230-1237	Zabulon	
1-224	1237-1238	,	
1-225	1239-1244	illis	
1-226	1245-1257	irridentibus	
1-227	1258-1260	et	
1-228	1261-1275	subsannantibus	
1-229	1276-1279	eos	
1-230	1279-1280	.	
1-231	1281-1283	11	
1-232	1284-1291	Attamen	
1-233	1292-1298	quidam	
1-234	1299-1303	viri	
1-235	1304-1306	ex	
1-236	1307-1311	Aser	
1-237	1311-1312	,	
1-238	1313-1315	et	
1-239	1316-1323	Manasse	
1-240	1323-1324	,	
1-241	1325-1327	et	
1-242	1328-1335	Zabulon	
1-243	1336-1349	acquiescentes	
1-244	1350-1358	consilio	
1-245	1358-1359	,	
1-246	1360-1368	venerunt	
1-247	1369-1378	Jerusalem	
1-248	1378-1379	.	
1-249	1380-1382	12	
1-250	1383-1385	In	
1-251	1386-1390	Juda	
1-252	1391-1395	vero	
1-253	1396-1401	facta	
1-254	1402-1405	est	
1-255	1406-1411	manus	
1-256	1412-1418	Domini	
1-257	1419-1421	ut	
1-258	1422-1427	daret	
1-259	1428-1431	eis	
1-260	1432-1435	cor	
1-261	1436-1440	unum	
1-262	1440-1441	,	
1-263	1442-1444	ut	
1-264	1445-1453	facerent	
1-265	1454-1459	juxta	
1-266	1460-1469	præceptum	
1-267	1470-1475	regis	
1-268	1476-1478	et	
1-269	1479-1488	principum	
1-270	1489-1495	verbum	
1-271	1496-1502	Domini	
1-272	1502-1503	.	
1-273	1504-1506	13	
1-274	1507-1520	Congregatique	
1-275	1521-1525	sunt	
1-276	1526-1528	in	
1-277	1529-1538	Jerusalem	
1-278	1539-1545	populi	
1-279	1546-1551	multi	
1-280	1552-1554	ut	
1-281	1555-1563	facerent	
1-282	1564-1576	solemnitatem	
1-283	1577-1585	azymorum	
1-284	1585-1586	,	
1-285	1587-1589	in	
1-286	1590-1595	mense	
1-287	1596-1603	secundo	
1-288	1604-1605	:	
1-289	1606-1608	14	
1-290	1609-1611	et	
1-291	1612-1621	surgentes	
1-292	1622-1634	destruxerunt	
1-293	1635-1642	altaria	
1-294	1643-1646	quæ	
1-295	1647-1652	erant	
1-296	1653-1655	in	
1-297	1656-1665	Jerusalem	
1-298	1665-1666	,	
1-299	1667-1672	atque	
1-300	1673-1681	universa	
1-301	1682-1684	in	
1-302	1685-1691	quibus	
1-303	1692-1698	idolis	
1-304	1699-1709	adolebatur	
1-305	1710-1718	incensum	
1-306	1718-1719	,	
1-307	1720-1732	subvertentes	
1-308	1732-1733	,	
1-309	1734-1745	projecerunt	
1-310	1746-1748	in	
1-311	1749-1758	torrentem	
1-312	1759-1765	Cedron	
1-313	1765-1766	.	
1-314	1767-1769	15	
1-315	1770-1782	Immolaverunt	
1-316	1783-1788	autem	
1-317	1789-1794	Phase	
1-318	1795-1807	quartadecima	
1-319	1808-1811	die	
1-320	1812-1818	mensis	
1-321	1819-1826	secundi	
1-322	1826-1827	.	

#Text=Sacerdotes quoque atque Levitæ tandem sanctificati, obtulerunt holocausta in domo Domini : 16 steteruntque in ordine suo juxta dispositionem et legem Moysi hominis Dei : sacerdotes vero suscipiebant effundendum sanguinem de manibus Levitarum, 17 eo quod multa turba sanctificata non esset : et idcirco immolarent Levitæ Phase his qui non occurrerant sanctificari Domino.
#Text=18 Magna etiam pars populi de Ephraim, et Manasse, et Issachar, et Zabulon, quæ sanctificata non fuerat, comedit Phase non juxta quod scriptum est : et oravit pro eis Ezechias, dicens : Dominus bonus propitiabitur 19 cunctis, qui in toto corde requirunt Dominum Deum patrum suorum : et non imputabit eis quod minus sanctificati sunt.
#Text=20 Quem exaudivit Dominus, et placatus est populo.
#Text=21 Feceruntque filii Israël, qui inventi sunt in Jerusalem, solemnitatem azymorum septem diebus in lætitia magna, laudantes Dominum per singulos dies : Levitæ quoque et sacerdotes per organa quæ suo officio congruebant.
#Text=22 Et locutus est Ezechias ad cor omnium Levitarum qui habebant intelligentiam bonam super Domino : et comederunt septem diebus solemnitatis, immolantes victimas pacificorum, et laudantes Dominum Deum patrum suorum.
#Text=23 Placuitque universæ multitudini ut celebrarent etiam alios dies septem : quod et fecerunt cum ingenti gaudio.
#Text=24 Ezechias enim rex Juda præbuerat multitudini mille tauros, et septem millia ovium : principes vero dederant populo tauros mille, et oves decem millia : sanctificata est ergo sacerdotum plurima multitudo.
#Text=25 Et hilaritate perfusa omnis turba Juda, tam sacerdotum et Levitarum, quam universæ frequentiæ quæ venerat ex Israël : proselytorum quoque de terra Israël, et habitantium in Juda.
#Text=26 Factaque est grandis celebritas in Jerusalem, qualis a diebus Salomonis filii David regis Israël in ea urbe non fuerat.
#Text=27 Surrexerunt autem sacerdotes atque Levitæ benedicentes populo : et exaudita est vox eorum, pervenitque oratio in habitaculum sanctum cæli.
2-1	1828-1838	Sacerdotes	
2-2	1839-1845	quoque	
2-3	1846-1851	atque	
2-4	1852-1858	Levitæ	
2-5	1859-1865	tandem	
2-6	1866-1878	sanctificati	
2-7	1878-1879	,	
2-8	1880-1890	obtulerunt	
2-9	1891-1901	holocausta	
2-10	1902-1904	in	
2-11	1905-1909	domo	
2-12	1910-1916	Domini	
2-13	1917-1918	:	
2-14	1919-1921	16	
2-15	1922-1934	steteruntque	
2-16	1935-1937	in	
2-17	1938-1944	ordine	
2-18	1945-1948	suo	
2-19	1949-1954	juxta	
2-20	1955-1968	dispositionem	
2-21	1969-1971	et	
2-22	1972-1977	legem	
2-23	1978-1983	Moysi	
2-24	1984-1991	hominis	
2-25	1992-1995	Dei	
2-26	1996-1997	:	
2-27	1998-2008	sacerdotes	
2-28	2009-2013	vero	
2-29	2014-2026	suscipiebant	
2-30	2027-2038	effundendum	
2-31	2039-2048	sanguinem	
2-32	2049-2051	de	
2-33	2052-2059	manibus	
2-34	2060-2069	Levitarum	
2-35	2069-2070	,	
2-36	2071-2073	17	
2-37	2074-2076	eo	
2-38	2077-2081	quod	
2-39	2082-2087	multa	
2-40	2088-2093	turba	
2-41	2094-2106	sanctificata	
2-42	2107-2110	non	
2-43	2111-2116	esset	
2-44	2117-2118	:	
2-45	2119-2121	et	
2-46	2122-2129	idcirco	
2-47	2130-2140	immolarent	
2-48	2141-2147	Levitæ	
2-49	2148-2153	Phase	
2-50	2154-2157	his	
2-51	2158-2161	qui	
2-52	2162-2165	non	
2-53	2166-2177	occurrerant	
2-54	2178-2190	sanctificari	
2-55	2191-2197	Domino	
2-56	2197-2198	.	
2-57	2199-2201	18	
2-58	2202-2207	Magna	
2-59	2208-2213	etiam	
2-60	2214-2218	pars	
2-61	2219-2225	populi	
2-62	2226-2228	de	
2-63	2229-2236	Ephraim	
2-64	2236-2237	,	
2-65	2238-2240	et	
2-66	2241-2248	Manasse	
2-67	2248-2249	,	
2-68	2250-2252	et	
2-69	2253-2261	Issachar	
2-70	2261-2262	,	
2-71	2263-2265	et	
2-72	2266-2273	Zabulon	
2-73	2273-2274	,	
2-74	2275-2278	quæ	
2-75	2279-2291	sanctificata	
2-76	2292-2295	non	
2-77	2296-2302	fuerat	
2-78	2302-2303	,	
2-79	2304-2311	comedit	
2-80	2312-2317	Phase	
2-81	2318-2321	non	
2-82	2322-2327	juxta	
2-83	2328-2332	quod	
2-84	2333-2341	scriptum	
2-85	2342-2345	est	
2-86	2346-2347	:	
2-87	2348-2350	et	
2-88	2351-2357	oravit	
2-89	2358-2361	pro	
2-90	2362-2365	eis	
2-91	2366-2374	Ezechias	
2-92	2374-2375	,	
2-93	2376-2382	dicens	
2-94	2383-2384	:	
2-95	2385-2392	Dominus	
2-96	2393-2398	bonus	
2-97	2399-2412	propitiabitur	
2-98	2413-2415	19	
2-99	2416-2423	cunctis	
2-100	2423-2424	,	
2-101	2425-2428	qui	
2-102	2429-2431	in	
2-103	2432-2436	toto	
2-104	2437-2442	corde	
2-105	2443-2452	requirunt	
2-106	2453-2460	Dominum	
2-107	2461-2465	Deum	
2-108	2466-2472	patrum	
2-109	2473-2479	suorum	
2-110	2480-2481	:	
2-111	2482-2484	et	
2-112	2485-2488	non	
2-113	2489-2498	imputabit	
2-114	2499-2502	eis	
2-115	2503-2507	quod	
2-116	2508-2513	minus	
2-117	2514-2526	sanctificati	
2-118	2527-2531	sunt	
2-119	2531-2532	.	
2-120	2533-2535	20	
2-121	2536-2540	Quem	
2-122	2541-2550	exaudivit	
2-123	2551-2558	Dominus	
2-124	2558-2559	,	
2-125	2560-2562	et	
2-126	2563-2571	placatus	
2-127	2572-2575	est	
2-128	2576-2582	populo	
2-129	2582-2583	.	
2-130	2584-2586	21	
2-131	2587-2598	Feceruntque	
2-132	2599-2604	filii	
2-133	2605-2611	Israël	
2-134	2611-2612	,	
2-135	2613-2616	qui	
2-136	2617-2624	inventi	
2-137	2625-2629	sunt	
2-138	2630-2632	in	
2-139	2633-2642	Jerusalem	
2-140	2642-2643	,	
2-141	2644-2656	solemnitatem	
2-142	2657-2665	azymorum	
2-143	2666-2672	septem	
2-144	2673-2679	diebus	
2-145	2680-2682	in	
2-146	2683-2690	lætitia	
2-147	2691-2696	magna	
2-148	2696-2697	,	
2-149	2698-2707	laudantes	
2-150	2708-2715	Dominum	
2-151	2716-2719	per	
2-152	2720-2728	singulos	
2-153	2729-2733	dies	
2-154	2734-2735	:	
2-155	2736-2742	Levitæ	
2-156	2743-2749	quoque	
2-157	2750-2752	et	
2-158	2753-2763	sacerdotes	
2-159	2764-2767	per	
2-160	2768-2774	organa	
2-161	2775-2778	quæ	
2-162	2779-2782	suo	
2-163	2783-2790	officio	
2-164	2791-2802	congruebant	
2-165	2802-2803	.	
2-166	2804-2806	22	
2-167	2807-2809	Et	
2-168	2810-2817	locutus	
2-169	2818-2821	est	
2-170	2822-2830	Ezechias	
2-171	2831-2833	ad	
2-172	2834-2837	cor	
2-173	2838-2844	omnium	
2-174	2845-2854	Levitarum	
2-175	2855-2858	qui	
2-176	2859-2867	habebant	
2-177	2868-2882	intelligentiam	
2-178	2883-2888	bonam	
2-179	2889-2894	super	
2-180	2895-2901	Domino	
2-181	2902-2903	:	
2-182	2904-2906	et	
2-183	2907-2917	comederunt	
2-184	2918-2924	septem	
2-185	2925-2931	diebus	
2-186	2932-2944	solemnitatis	
2-187	2944-2945	,	
2-188	2946-2956	immolantes	
2-189	2957-2965	victimas	
2-190	2966-2977	pacificorum	
2-191	2977-2978	,	
2-192	2979-2981	et	
2-193	2982-2991	laudantes	
2-194	2992-2999	Dominum	
2-195	3000-3004	Deum	
2-196	3005-3011	patrum	
2-197	3012-3018	suorum	
2-198	3018-3019	.	
2-199	3020-3022	23	
2-200	3023-3033	Placuitque	
2-201	3034-3042	universæ	
2-202	3043-3054	multitudini	
2-203	3055-3057	ut	
2-204	3058-3069	celebrarent	
2-205	3070-3075	etiam	
2-206	3076-3081	alios	
2-207	3082-3086	dies	
2-208	3087-3093	septem	
2-209	3094-3095	:	
2-210	3096-3100	quod	
2-211	3101-3103	et	
2-212	3104-3112	fecerunt	
2-213	3113-3116	cum	
2-214	3117-3124	ingenti	
2-215	3125-3131	gaudio	
2-216	3131-3132	.	
2-217	3133-3135	24	
2-218	3136-3144	Ezechias	
2-219	3145-3149	enim	
2-220	3150-3153	rex	
2-221	3154-3158	Juda	
2-222	3159-3168	præbuerat	
2-223	3169-3180	multitudini	
2-224	3181-3186	mille	
2-225	3187-3193	tauros	
2-226	3193-3194	,	
2-227	3195-3197	et	
2-228	3198-3204	septem	
2-229	3205-3211	millia	
2-230	3212-3217	ovium	
2-231	3218-3219	:	
2-232	3220-3229	principes	
2-233	3230-3234	vero	
2-234	3235-3243	dederant	
2-235	3244-3250	populo	
2-236	3251-3257	tauros	
2-237	3258-3263	mille	
2-238	3263-3264	,	
2-239	3265-3267	et	
2-240	3268-3272	oves	
2-241	3273-3278	decem	
2-242	3279-3285	millia	
2-243	3286-3287	:	
2-244	3288-3300	sanctificata	
2-245	3301-3304	est	
2-246	3305-3309	ergo	
2-247	3310-3320	sacerdotum	
2-248	3321-3328	plurima	
2-249	3329-3338	multitudo	
2-250	3338-3339	.	
2-251	3340-3342	25	
2-252	3343-3345	Et	
2-253	3346-3356	hilaritate	
2-254	3357-3364	perfusa	
2-255	3365-3370	omnis	
2-256	3371-3376	turba	
2-257	3377-3381	Juda	
2-258	3381-3382	,	
2-259	3383-3386	tam	
2-260	3387-3397	sacerdotum	
2-261	3398-3400	et	
2-262	3401-3410	Levitarum	
2-263	3410-3411	,	
2-264	3412-3416	quam	
2-265	3417-3425	universæ	
2-266	3426-3436	frequentiæ	
2-267	3437-3440	quæ	
2-268	3441-3448	venerat	
2-269	3449-3451	ex	
2-270	3452-3458	Israël	
2-271	3459-3460	:	
2-272	3461-3473	proselytorum	
2-273	3474-3480	quoque	
2-274	3481-3483	de	
2-275	3484-3489	terra	
2-276	3490-3496	Israël	
2-277	3496-3497	,	
2-278	3498-3500	et	
2-279	3501-3512	habitantium	
2-280	3513-3515	in	
2-281	3516-3520	Juda	
2-282	3520-3521	.	
2-283	3522-3524	26	
2-284	3525-3533	Factaque	
2-285	3534-3537	est	
2-286	3538-3545	grandis	
2-287	3546-3556	celebritas	
2-288	3557-3559	in	
2-289	3560-3569	Jerusalem	
2-290	3569-3570	,	
2-291	3571-3577	qualis	
2-292	3578-3579	a	
2-293	3580-3586	diebus	
2-294	3587-3596	Salomonis	
2-295	3597-3602	filii	
2-296	3603-3608	David	
2-297	3609-3614	regis	
2-298	3615-3621	Israël	
2-299	3622-3624	in	
2-300	3625-3627	ea	
2-301	3628-3632	urbe	
2-302	3633-3636	non	
2-303	3637-3643	fuerat	
2-304	3643-3644	.	
2-305	3645-3647	27	
2-306	3648-3659	Surrexerunt	
2-307	3660-3665	autem	
2-308	3666-3676	sacerdotes	
2-309	3677-3682	atque	
2-310	3683-3689	Levitæ	
2-311	3690-3702	benedicentes	
2-312	3703-3709	populo	
2-313	3710-3711	:	
2-314	3712-3714	et	
2-315	3715-3723	exaudita	
2-316	3724-3727	est	
2-317	3728-3731	vox	
2-318	3732-3737	eorum	
2-319	3737-3738	,	
2-320	3739-3750	pervenitque	
2-321	3751-3757	oratio	
2-322	3758-3760	in	
2-323	3761-3772	habitaculum	
2-324	3773-3780	sanctum	
2-325	3781-3785	cæli	
2-326	3785-3786	.	
