#FORMAT=WebAnno TSV 3.3


#Text=Geslagt.
1-1	2-9	Geslagt	
1-2	9-10	.	

#Text=Brakke katteklai
2-1	12-18	Brakke	
2-2	19-28	katteklai	

#Text=.
3-1	28-29	.	

#Text=+
#Text=
#Text=
#Text=+
#Text=
#Text=DELFSTOFFEN.
4-1	31-32	+	
4-2	35-36	+	
4-3	38-49	DELFSTOFFEN	
4-4	49-50	.	

#Text=Zoo 'er, volgens onze verdeeling, onder de Klaigeslagten eene eigenaartige bepaaling
#Text=+
#Text=plaats grypt, is zekerlyk dit
#Text=Geslagt een van die geenen, die zig natuurlyk
#Text=BRAKKE KATTEKLAI.
5-1	53-56	Zoo	
5-2	57-58	'	
5-3	58-60	er	
5-4	60-61	,	
5-5	62-69	volgens	
5-6	70-74	onze	
5-7	75-85	verdeeling	
5-8	85-86	,	
5-9	87-92	onder	
5-10	93-95	de	
5-11	96-109	Klaigeslagten	
5-12	110-114	eene	
5-13	115-127	eigenaartige	
5-14	128-137	bepaaling	
5-15	138-139	+	
5-16	140-146	plaats	
5-17	147-152	grypt	
5-18	152-153	,	
5-19	154-156	is	
5-20	157-165	zekerlyk	
5-21	166-169	dit	
5-22	170-177	Geslagt	
5-23	178-181	een	
5-24	182-185	van	
5-25	186-189	die	
5-26	190-196	geenen	
5-27	196-197	,	
5-28	198-201	die	
5-29	202-205	zig	
5-30	206-215	natuurlyk	
5-31	216-222	BRAKKE	
5-32	223-232	KATTEKLAI	
5-33	232-233	.	

#Text=onderscheiden.
6-1	235-248	onderscheiden	
6-2	248-249	.	

#Text=Deeze Brakke Klai is geheel ontaart, niet alleen van de gewenschte
#Text=vrugtbaarheid, maar ook van het nut, dat andere Klaigeslagten aan de konstige Potteen
#Text=Steenbakkeryen toebrengen.
7-1	250-255	Deeze	
7-2	256-262	Brakke	
7-3	263-267	Klai	
7-4	268-270	is	
7-5	271-277	geheel	
7-6	278-285	ontaart	
7-7	285-286	,	
7-8	287-291	niet	
7-9	292-298	alleen	
7-10	299-302	van	
7-11	303-305	de	
7-12	306-316	gewenschte	
7-13	317-330	vrugtbaarheid	
7-14	330-331	,	
7-15	332-336	maar	
7-16	337-340	ook	
7-17	341-344	van	
7-18	345-348	het	
7-19	349-352	nut	
7-20	352-353	,	
7-21	354-357	dat	
7-22	358-364	andere	
7-23	365-378	Klaigeslagten	
7-24	379-382	aan	
7-25	383-385	de	
7-26	386-394	konstige	
7-27	395-402	Potteen	
7-28	403-417	Steenbakkeryen	
7-29	418-428	toebrengen	
7-30	428-429	.	

#Text=Eene taaie aardstoffe verbind haar, door de
#Text=tusschenkomst van zouten en zwavelige brakke vettigheden tot eene onnutte en
#Text=onbruikbaare Klai.
8-1	430-434	Eene	
8-2	435-440	taaie	
8-3	441-451	aardstoffe	
8-4	452-459	verbind	
8-5	460-464	haar	
8-6	464-465	,	
8-7	466-470	door	
8-8	471-473	de	
8-9	474-487	tusschenkomst	
8-10	488-491	van	
8-11	492-498	zouten	
8-12	499-501	en	
8-13	502-511	zwavelige	
8-14	512-518	brakke	
8-15	519-530	vettigheden	
8-16	531-534	tot	
8-17	535-539	eene	
8-18	540-547	onnutte	
8-19	548-550	en	
8-20	551-563	onbruikbaare	
8-21	564-568	Klai	
8-22	568-569	.	

#Text=De zanddeelen zyn zwart, bedorven, en doortrokken van de
#Text=gemelde zouten, en een stinkenden aardmodder;
#Text=zoo dat derzelver korrels eene
#Text=blaauwe verwe aan het zuiver water mededeelen.
9-1	570-572	De	
9-2	573-583	zanddeelen	
9-3	584-587	zyn	
9-4	588-593	zwart	
9-5	593-594	,	
9-6	595-603	bedorven	
9-7	603-604	,	
9-8	605-607	en	
9-9	608-619	doortrokken	
9-10	620-623	van	
9-11	624-626	de	
9-12	627-634	gemelde	
9-13	635-641	zouten	
9-14	641-642	,	
9-15	643-645	en	
9-16	646-649	een	
9-17	650-660	stinkenden	
9-18	661-671	aardmodder	
9-19	671-672	;	
9-20	673-676	zoo	
9-21	677-680	dat	
9-22	681-690	derzelver	
9-23	691-698	korrels	
9-24	699-703	eene	
9-25	704-711	blaauwe	
9-26	712-717	verwe	
9-27	718-721	aan	
9-28	722-725	het	
9-29	726-732	zuiver	
9-30	733-738	water	
9-31	739-749	mededeelen	
9-32	749-750	.	

#Text=De algemeene eigenschap van dit
#Text=Geslagt is, dat de kluiten als steen opdroogen, en, gedroogd zynde, zig niet, dan na
#Text=eene zeer lange weeking en roering, en dat nog zeer taai, ontbinden laaten.
10-1	751-753	De	
10-2	754-763	algemeene	
10-3	764-774	eigenschap	
10-4	775-778	van	
10-5	779-782	dit	
10-6	783-790	Geslagt	
10-7	791-793	is	
10-8	793-794	,	
10-9	795-798	dat	
10-10	799-801	de	
10-11	802-809	kluiten	
10-12	810-813	als	
10-13	814-819	steen	
10-14	820-829	opdroogen	
10-15	829-830	,	
10-16	831-833	en	
10-17	833-834	,	
10-18	835-843	gedroogd	
10-19	844-849	zynde	
10-20	849-850	,	
10-21	851-854	zig	
10-22	855-859	niet	
10-23	859-860	,	
10-24	861-864	dan	
10-25	865-867	na	
10-26	868-872	eene	
10-27	873-877	zeer	
10-28	878-883	lange	
10-29	884-891	weeking	
10-30	892-894	en	
10-31	895-902	roering	
10-32	902-903	,	
10-33	904-906	en	
10-34	907-910	dat	
10-35	911-914	nog	
10-36	915-919	zeer	
10-37	920-924	taai	
10-38	924-925	,	
10-39	926-935	ontbinden	
10-40	936-942	laaten	
10-41	942-943	.	

#Text=De
#Text=klaideelen zyn insgelyks ontaart, en als 't ware in zwarte leemige aarde verkeerd,
#Text=welker hoeveelheid meest al die van het zand overtreft.
11-1	944-946	De	
11-2	947-957	klaideelen	
11-3	958-961	zyn	
11-4	962-971	insgelyks	
11-5	972-979	ontaart	
11-6	979-980	,	
11-7	981-983	en	
11-8	984-987	als	
11-9	988-989	'	
11-10	989-990	t	
11-11	991-995	ware	
11-12	996-998	in	
11-13	999-1005	zwarte	
11-14	1006-1013	leemige	
11-15	1014-1019	aarde	
11-16	1020-1028	verkeerd	
11-17	1028-1029	,	
11-18	1030-1036	welker	
11-19	1037-1048	hoeveelheid	
11-20	1049-1054	meest	
11-21	1055-1057	al	
11-22	1058-1061	die	
11-23	1062-1065	van	
11-24	1066-1069	het	
11-25	1070-1074	zand	
11-26	1075-1084	overtreft	
11-27	1084-1085	.	

#Text=Ze bezit een grooten overvloed
#Text=van taaie zwavelige aardstof;
#Text=zoo dat ik van één pond deezer Klai wel tot een once
#Text=smout gekreegen heb; dog van een zwarter koleur en brandagtiger reuk dan die der
#Text=zuivere Klai.
12-1	1086-1088	Ze	
12-2	1089-1094	bezit	
12-3	1095-1098	een	
12-4	1099-1106	grooten	
12-5	1107-1116	overvloed	
12-6	1117-1120	van	
12-7	1121-1126	taaie	
12-8	1127-1136	zwavelige	
12-9	1137-1145	aardstof	
12-10	1145-1146	;	
12-11	1147-1150	zoo	
12-12	1151-1154	dat	
12-13	1155-1157	ik	
12-14	1158-1161	van	
12-15	1162-1165	één	
12-16	1166-1170	pond	
12-17	1171-1177	deezer	
12-18	1178-1182	Klai	
12-19	1183-1186	wel	
12-20	1187-1190	tot	
12-21	1191-1194	een	
12-22	1195-1199	once	
12-23	1200-1205	smout	
12-24	1206-1215	gekreegen	
12-25	1216-1219	heb	
12-26	1219-1220	;	
12-27	1221-1224	dog	
12-28	1225-1228	van	
12-29	1229-1232	een	
12-30	1233-1240	zwarter	
12-31	1241-1247	koleur	
12-32	1248-1250	en	
12-33	1251-1263	brandagtiger	
12-34	1264-1268	reuk	
12-35	1269-1272	dan	
12-36	1273-1276	die	
12-37	1277-1280	der	
12-38	1281-1288	zuivere	
12-39	1289-1293	Klai	
12-40	1293-1294	.	

#Text=De Soor ten van dit Geslagt zyn de twee volgende.
13-1	1295-1297	De	
13-2	1298-1302	Soor	
13-3	1303-1306	ten	
13-4	1307-1310	van	
13-5	1311-1314	dit	
13-6	1315-1322	Geslagt	
13-7	1323-1326	zyn	
13-8	1327-1329	de	
13-9	1330-1334	twee	
13-10	1335-1343	volgende	
13-11	1343-1344	.	

#Text=J. le Francq van Berkhey, Natuurlyke historie van Holland.
14-1	1347-1348	J	
14-2	1348-1349	.	
14-3	1350-1352	le	
14-4	1353-1359	Francq	
14-5	1360-1363	van	
14-6	1364-1371	Berkhey	
14-7	1371-1372	,	
14-8	1373-1383	Natuurlyke	
14-9	1384-1392	historie	
14-10	1393-1396	van	
14-11	1397-1404	Holland	
14-12	1404-1405	.	

#Text=Deel 2
#Text=
#Text=\f340
#Text=+
#Text=
#Text=
#Text=Eerste Soort.
15-1	1406-1410	Deel	
15-2	1411-1412	2	
15-3	1415-1418	340	
15-4	1419-1420	+	
15-5	1423-1429	Eerste	
15-6	1430-1435	Soort	
15-7	1435-1436	.	
