#FORMAT=WebAnno TSV 3.3


#Text=Et ait rex : Do tibi.
#Text=26 Tulit ergo Daniel picem, et adipem, et pilos, et coxit pariter : fecitque massas, et dedit in os draconis, et diruptus est draco.
1-1	2-4	Et	
1-2	5-8	ait	
1-3	9-12	rex	
1-4	13-14	:	
1-5	15-17	Do	
1-6	18-22	tibi	
1-7	22-23	.	
1-8	24-26	26	
1-9	27-32	Tulit	
1-10	33-37	ergo	
1-11	38-44	Daniel	
1-12	45-50	picem	
1-13	50-51	,	
1-14	52-54	et	
1-15	55-61	adipem	
1-16	61-62	,	
1-17	63-65	et	
1-18	66-71	pilos	
1-19	71-72	,	
1-20	73-75	et	
1-21	76-81	coxit	
1-22	82-89	pariter	
1-23	90-91	:	
1-24	92-100	fecitque	
1-25	101-107	massas	
1-26	107-108	,	
1-27	109-111	et	
1-28	112-117	dedit	
1-29	118-120	in	
1-30	121-123	os	
1-31	124-132	draconis	
1-32	132-133	,	
1-33	134-136	et	
1-34	137-145	diruptus	
1-35	146-149	est	
1-36	150-155	draco	
1-37	155-156	.	

#Text=Et dixit : Ecce quem colebatis.
#Text=27 Quod cum audissent Babylonii, indignati sunt vehementer : et congregati adversum regem, dixerunt : Judæus factus est rex : Bel destruxit, draconem interfecit, et sacerdotes occidit.
#Text=28 Et dixerunt cum venissent ad regem : Trade nobis Danielem, alioquin interficiemus te, et domum tuam.
#Text=29 Vidit ergo rex quod irruerent in eum vehementer : et necessitate compulsus, tradidit eis Danielem.
#Text=30 Qui miserunt eum in lacum leonum, et erat ibi diebus sex. 31 Porro in lacu erant leones septem, et dabantur eis duo corpora quotidie, et duæ oves : et tunc non data sunt eis, ut devorarent Danielem.
#Text=32 Erat autem Habacuc propheta in Judæa, et ipse coxerat pulmentum, et intriverat panes in alveolo : et ibat in campum ut ferret messoribus.
#Text=33 Dixitque angelus Domini ad Habacuc : Fer prandium quod habes in Babylonem Danieli, qui est in lacu leonum.
#Text=34 Et dixit Habacuc : Domine, Babylonem non vidi, et lacum nescio.
#Text=35 Et apprehendit eum angelus Domini in vertice ejus, et portavit eum capillo capitis sui, posuitque eum in Babylone supra lacum in impetu spiritus sui.
#Text=36 Et clamavit Habacuc, dicens : Daniel serve Dei, tolle prandium quod misit tibi Deus.
#Text=37 Et ait Daniel : Recordatus es mei, Deus, et non dereliquisti diligentes te.
#Text=38 Surgensque Daniel comedit.
2-1	157-159	Et	
2-2	160-165	dixit	
2-3	166-167	:	
2-4	168-172	Ecce	
2-5	173-177	quem	
2-6	178-187	colebatis	
2-7	187-188	.	
2-8	189-191	27	
2-9	192-196	Quod	
2-10	197-200	cum	
2-11	201-210	audissent	
2-12	211-220	Babylonii	
2-13	220-221	,	
2-14	222-231	indignati	
2-15	232-236	sunt	
2-16	237-247	vehementer	
2-17	248-249	:	
2-18	250-252	et	
2-19	253-263	congregati	
2-20	264-272	adversum	
2-21	273-278	regem	
2-22	278-279	,	
2-23	280-288	dixerunt	
2-24	289-290	:	
2-25	291-297	Judæus	
2-26	298-304	factus	
2-27	305-308	est	
2-28	309-312	rex	
2-29	313-314	:	
2-30	315-318	Bel	
2-31	319-328	destruxit	
2-32	328-329	,	
2-33	330-338	draconem	
2-34	339-349	interfecit	
2-35	349-350	,	
2-36	351-353	et	
2-37	354-364	sacerdotes	
2-38	365-372	occidit	
2-39	372-373	.	
2-40	374-376	28	
2-41	377-379	Et	
2-42	380-388	dixerunt	
2-43	389-392	cum	
2-44	393-402	venissent	
2-45	403-405	ad	
2-46	406-411	regem	
2-47	412-413	:	
2-48	414-419	Trade	
2-49	420-425	nobis	
2-50	426-434	Danielem	
2-51	434-435	,	
2-52	436-444	alioquin	
2-53	445-458	interficiemus	
2-54	459-461	te	
2-55	461-462	,	
2-56	463-465	et	
2-57	466-471	domum	
2-58	472-476	tuam	
2-59	476-477	.	
2-60	478-480	29	
2-61	481-486	Vidit	
2-62	487-491	ergo	
2-63	492-495	rex	
2-64	496-500	quod	
2-65	501-510	irruerent	
2-66	511-513	in	
2-67	514-517	eum	
2-68	518-528	vehementer	
2-69	529-530	:	
2-70	531-533	et	
2-71	534-545	necessitate	
2-72	546-555	compulsus	
2-73	555-556	,	
2-74	557-565	tradidit	
2-75	566-569	eis	
2-76	570-578	Danielem	
2-77	578-579	.	
2-78	580-582	30	
2-79	583-586	Qui	
2-80	587-595	miserunt	
2-81	596-599	eum	
2-82	600-602	in	
2-83	603-608	lacum	
2-84	609-615	leonum	
2-85	615-616	,	
2-86	617-619	et	
2-87	620-624	erat	
2-88	625-628	ibi	
2-89	629-635	diebus	
2-90	636-639	sex	
2-91	639-640	.	
2-92	641-643	31	
2-93	644-649	Porro	
2-94	650-652	in	
2-95	653-657	lacu	
2-96	658-663	erant	
2-97	664-670	leones	
2-98	671-677	septem	
2-99	677-678	,	
2-100	679-681	et	
2-101	682-690	dabantur	
2-102	691-694	eis	
2-103	695-698	duo	
2-104	699-706	corpora	
2-105	707-715	quotidie	
2-106	715-716	,	
2-107	717-719	et	
2-108	720-723	duæ	
2-109	724-728	oves	
2-110	729-730	:	
2-111	731-733	et	
2-112	734-738	tunc	
2-113	739-742	non	
2-114	743-747	data	
2-115	748-752	sunt	
2-116	753-756	eis	
2-117	756-757	,	
2-118	758-760	ut	
2-119	761-771	devorarent	
2-120	772-780	Danielem	
2-121	780-781	.	
2-122	782-784	32	
2-123	785-789	Erat	
2-124	790-795	autem	
2-125	796-803	Habacuc	
2-126	804-812	propheta	
2-127	813-815	in	
2-128	816-821	Judæa	
2-129	821-822	,	
2-130	823-825	et	
2-131	826-830	ipse	
2-132	831-838	coxerat	
2-133	839-848	pulmentum	
2-134	848-849	,	
2-135	850-852	et	
2-136	853-863	intriverat	
2-137	864-869	panes	
2-138	870-872	in	
2-139	873-880	alveolo	
2-140	881-882	:	
2-141	883-885	et	
2-142	886-890	ibat	
2-143	891-893	in	
2-144	894-900	campum	
2-145	901-903	ut	
2-146	904-910	ferret	
2-147	911-921	messoribus	
2-148	921-922	.	
2-149	923-925	33	
2-150	926-934	Dixitque	
2-151	935-942	angelus	
2-152	943-949	Domini	
2-153	950-952	ad	
2-154	953-960	Habacuc	
2-155	961-962	:	
2-156	963-966	Fer	
2-157	967-975	prandium	
2-158	976-980	quod	
2-159	981-986	habes	
2-160	987-989	in	
2-161	990-999	Babylonem	
2-162	1000-1007	Danieli	
2-163	1007-1008	,	
2-164	1009-1012	qui	
2-165	1013-1016	est	
2-166	1017-1019	in	
2-167	1020-1024	lacu	
2-168	1025-1031	leonum	
2-169	1031-1032	.	
2-170	1033-1035	34	
2-171	1036-1038	Et	
2-172	1039-1044	dixit	
2-173	1045-1052	Habacuc	
2-174	1053-1054	:	
2-175	1055-1061	Domine	
2-176	1061-1062	,	
2-177	1063-1072	Babylonem	
2-178	1073-1076	non	
2-179	1077-1081	vidi	
2-180	1081-1082	,	
2-181	1083-1085	et	
2-182	1086-1091	lacum	
2-183	1092-1098	nescio	
2-184	1098-1099	.	
2-185	1100-1102	35	
2-186	1103-1105	Et	
2-187	1106-1117	apprehendit	
2-188	1118-1121	eum	
2-189	1122-1129	angelus	
2-190	1130-1136	Domini	
2-191	1137-1139	in	
2-192	1140-1147	vertice	
2-193	1148-1152	ejus	
2-194	1152-1153	,	
2-195	1154-1156	et	
2-196	1157-1165	portavit	
2-197	1166-1169	eum	
2-198	1170-1177	capillo	
2-199	1178-1185	capitis	
2-200	1186-1189	sui	
2-201	1189-1190	,	
2-202	1191-1200	posuitque	
2-203	1201-1204	eum	
2-204	1205-1207	in	
2-205	1208-1216	Babylone	
2-206	1217-1222	supra	
2-207	1223-1228	lacum	
2-208	1229-1231	in	
2-209	1232-1238	impetu	
2-210	1239-1247	spiritus	
2-211	1248-1251	sui	
2-212	1251-1252	.	
2-213	1253-1255	36	
2-214	1256-1258	Et	
2-215	1259-1267	clamavit	
2-216	1268-1275	Habacuc	
2-217	1275-1276	,	
2-218	1277-1283	dicens	
2-219	1284-1285	:	
2-220	1286-1292	Daniel	
2-221	1293-1298	serve	
2-222	1299-1302	Dei	
2-223	1302-1303	,	
2-224	1304-1309	tolle	
2-225	1310-1318	prandium	
2-226	1319-1323	quod	
2-227	1324-1329	misit	
2-228	1330-1334	tibi	
2-229	1335-1339	Deus	
2-230	1339-1340	.	
2-231	1341-1343	37	
2-232	1344-1346	Et	
2-233	1347-1350	ait	
2-234	1351-1357	Daniel	
2-235	1358-1359	:	
2-236	1360-1370	Recordatus	
2-237	1371-1373	es	
2-238	1374-1377	mei	
2-239	1377-1378	,	
2-240	1379-1383	Deus	
2-241	1383-1384	,	
2-242	1385-1387	et	
2-243	1388-1391	non	
2-244	1392-1404	dereliquisti	
2-245	1405-1415	diligentes	
2-246	1416-1418	te	
2-247	1418-1419	.	
2-248	1420-1422	38	
2-249	1423-1433	Surgensque	
2-250	1434-1440	Daniel	
2-251	1441-1448	comedit	
2-252	1448-1449	.	

#Text=Porro angelus Domini restituit Habacuc confestim in loco suo.
#Text=39 Venit ergo rex die septimo ut lugeret Danielem : et venit ad lacum, et introspexit, et ecce Daniel sedens in medio leonum.
#Text=40 Et exclamavit voce magna rex, dicens : Magnus es, Domine Deus Danielis.
3-1	1450-1455	Porro	
3-2	1456-1463	angelus	
3-3	1464-1470	Domini	
3-4	1471-1480	restituit	
3-5	1481-1488	Habacuc	
3-6	1489-1498	confestim	
3-7	1499-1501	in	
3-8	1502-1506	loco	
3-9	1507-1510	suo	
3-10	1510-1511	.	
3-11	1512-1514	39	
3-12	1515-1520	Venit	
3-13	1521-1525	ergo	
3-14	1526-1529	rex	
3-15	1530-1533	die	
3-16	1534-1541	septimo	
3-17	1542-1544	ut	
3-18	1545-1552	lugeret	
3-19	1553-1561	Danielem	
3-20	1562-1563	:	
3-21	1564-1566	et	
3-22	1567-1572	venit	
3-23	1573-1575	ad	
3-24	1576-1581	lacum	
3-25	1581-1582	,	
3-26	1583-1585	et	
3-27	1586-1597	introspexit	
3-28	1597-1598	,	
3-29	1599-1601	et	
3-30	1602-1606	ecce	
3-31	1607-1613	Daniel	
3-32	1614-1620	sedens	
3-33	1621-1623	in	
3-34	1624-1629	medio	
3-35	1630-1636	leonum	
3-36	1636-1637	.	
3-37	1638-1640	40	
3-38	1641-1643	Et	
3-39	1644-1654	exclamavit	
3-40	1655-1659	voce	
3-41	1660-1665	magna	
3-42	1666-1669	rex	
3-43	1669-1670	,	
3-44	1671-1677	dicens	
3-45	1678-1679	:	
3-46	1680-1686	Magnus	
3-47	1687-1689	es	
3-48	1689-1690	,	
3-49	1691-1697	Domine	
3-50	1698-1702	Deus	
3-51	1703-1711	Danielis	
3-52	1711-1712	.	

#Text=Et extraxit eum de lacu leonum.
#Text=41 Porro illos, qui perditionis ejus causa fuerant, intromisit in lacum, et devorati sunt in momento coram eo.
#Text=42 Tunc rex ait : Paveant omnes habitantes in universa terra Deum Danielis : quia ipse est salvator, faciens signa et mirabilia in terra : qui liberavit Danielem de lacu leonum.
4-1	1713-1715	Et	
4-2	1716-1724	extraxit	
4-3	1725-1728	eum	
4-4	1729-1731	de	
4-5	1732-1736	lacu	
4-6	1737-1743	leonum	
4-7	1743-1744	.	
4-8	1745-1747	41	
4-9	1748-1753	Porro	
4-10	1754-1759	illos	
4-11	1759-1760	,	
4-12	1761-1764	qui	
4-13	1765-1776	perditionis	
4-14	1777-1781	ejus	
4-15	1782-1787	causa	
4-16	1788-1795	fuerant	
4-17	1795-1796	,	
4-18	1797-1807	intromisit	
4-19	1808-1810	in	
4-20	1811-1816	lacum	
4-21	1816-1817	,	
4-22	1818-1820	et	
4-23	1821-1829	devorati	
4-24	1830-1834	sunt	
4-25	1835-1837	in	
4-26	1838-1845	momento	
4-27	1846-1851	coram	
4-28	1852-1854	eo	
4-29	1854-1855	.	
4-30	1856-1858	42	
4-31	1859-1863	Tunc	
4-32	1864-1867	rex	
4-33	1868-1871	ait	
4-34	1872-1873	:	
4-35	1874-1881	Paveant	
4-36	1882-1887	omnes	
4-37	1888-1898	habitantes	
4-38	1899-1901	in	
4-39	1902-1910	universa	
4-40	1911-1916	terra	
4-41	1917-1921	Deum	
4-42	1922-1930	Danielis	
4-43	1931-1932	:	
4-44	1933-1937	quia	
4-45	1938-1942	ipse	
4-46	1943-1946	est	
4-47	1947-1955	salvator	
4-48	1955-1956	,	
4-49	1957-1964	faciens	
4-50	1965-1970	signa	
4-51	1971-1973	et	
4-52	1974-1983	mirabilia	
4-53	1984-1986	in	
4-54	1987-1992	terra	
4-55	1993-1994	:	
4-56	1995-1998	qui	
4-57	1999-2008	liberavit	
4-58	2009-2017	Danielem	
4-59	2018-2020	de	
4-60	2021-2025	lacu	
4-61	2026-2032	leonum	
4-62	2032-2033	.	
