#FORMAT=WebAnno TSV 3.3


#Text=Festinavitque populus, et transiit.
#Text=11 Cumque transissent omnes, transivit et arca Domini, sacerdotesque pergebant ante populum.
#Text=12 Filii quoque Ruben, et Gad, et dimidia tribus Manasse, armati præcedebant filios Israël, sicut eis præceperat Moyses : 13 et quadraginta pugnatorum millia per turmas, et cuneos, incedebant per plana atque campestria urbis Jericho.
#Text=14 In die illo magnificavit Dominus Josue coram omni Israël, ut timerent eum, sicut timuerant Moysen, dum adviveret.
#Text=15 Dixitque ad eum : 16 Præcipe sacerdotibus, qui portant arcam fœderis, ut ascendant de Jordane.
#Text=17 Qui præcepit eis, dicens : Ascendite de Jordane.
#Text=18 Cumque ascendissent portantes arcam fœderis Domini, et siccam humum calcare cœpissent, reversæ sunt aquæ in alveum suum, et fluebant sicut ante consueverant.
#Text=19 Populus autem ascendit de Jordane decimo die mensis primi, et castrametati sunt in Galgalis contra orientalem plagam urbis Jericho.
#Text=20 Duodecim quoque lapides, quos de Jordanis alveo sumpserant, posuit Josue in Galgalis, 21 et dixit ad filios Israël : Quando interrogaverint filii vestri cras patres suos, et dixerint eis : Quid sibi volunt lapides isti ?
1-1	2-15	Festinavitque	
1-2	16-23	populus	
1-3	23-24	,	
1-4	25-27	et	
1-5	28-36	transiit	
1-6	36-37	.	
1-7	38-40	11	
1-8	41-47	Cumque	
1-9	48-59	transissent	
1-10	60-65	omnes	
1-11	65-66	,	
1-12	67-76	transivit	
1-13	77-79	et	
1-14	80-84	arca	
1-15	85-91	Domini	
1-16	91-92	,	
1-17	93-106	sacerdotesque	
1-18	107-116	pergebant	
1-19	117-121	ante	
1-20	122-129	populum	
1-21	129-130	.	
1-22	131-133	12	
1-23	134-139	Filii	
1-24	140-146	quoque	
1-25	147-152	Ruben	
1-26	152-153	,	
1-27	154-156	et	
1-28	157-160	Gad	
1-29	160-161	,	
1-30	162-164	et	
1-31	165-172	dimidia	
1-32	173-179	tribus	
1-33	180-187	Manasse	
1-34	187-188	,	
1-35	189-195	armati	
1-36	196-207	præcedebant	
1-37	208-214	filios	
1-38	215-221	Israël	
1-39	221-222	,	
1-40	223-228	sicut	
1-41	229-232	eis	
1-42	233-243	præceperat	
1-43	244-250	Moyses	
1-44	251-252	:	
1-45	253-255	13	
1-46	256-258	et	
1-47	259-270	quadraginta	
1-48	271-281	pugnatorum	
1-49	282-288	millia	
1-50	289-292	per	
1-51	293-299	turmas	
1-52	299-300	,	
1-53	301-303	et	
1-54	304-310	cuneos	
1-55	310-311	,	
1-56	312-322	incedebant	
1-57	323-326	per	
1-58	327-332	plana	
1-59	333-338	atque	
1-60	339-349	campestria	
1-61	350-355	urbis	
1-62	356-363	Jericho	
1-63	363-364	.	
1-64	365-367	14	
1-65	368-370	In	
1-66	371-374	die	
1-67	375-379	illo	
1-68	380-392	magnificavit	
1-69	393-400	Dominus	
1-70	401-406	Josue	
1-71	407-412	coram	
1-72	413-417	omni	
1-73	418-424	Israël	
1-74	424-425	,	
1-75	426-428	ut	
1-76	429-437	timerent	
1-77	438-441	eum	
1-78	441-442	,	
1-79	443-448	sicut	
1-80	449-458	timuerant	
1-81	459-465	Moysen	
1-82	465-466	,	
1-83	467-470	dum	
1-84	471-480	adviveret	
1-85	480-481	.	
1-86	482-484	15	
1-87	485-493	Dixitque	
1-88	494-496	ad	
1-89	497-500	eum	
1-90	501-502	:	
1-91	503-505	16	
1-92	506-513	Præcipe	
1-93	514-526	sacerdotibus	
1-94	526-527	,	
1-95	528-531	qui	
1-96	532-539	portant	
1-97	540-545	arcam	
1-98	546-553	fœderis	
1-99	553-554	,	
1-100	555-557	ut	
1-101	558-567	ascendant	
1-102	568-570	de	
1-103	571-578	Jordane	
1-104	578-579	.	
1-105	580-582	17	
1-106	583-586	Qui	
1-107	587-595	præcepit	
1-108	596-599	eis	
1-109	599-600	,	
1-110	601-607	dicens	
1-111	608-609	:	
1-112	610-619	Ascendite	
1-113	620-622	de	
1-114	623-630	Jordane	
1-115	630-631	.	
1-116	632-634	18	
1-117	635-641	Cumque	
1-118	642-654	ascendissent	
1-119	655-664	portantes	
1-120	665-670	arcam	
1-121	671-678	fœderis	
1-122	679-685	Domini	
1-123	685-686	,	
1-124	687-689	et	
1-125	690-696	siccam	
1-126	697-702	humum	
1-127	703-710	calcare	
1-128	711-720	cœpissent	
1-129	720-721	,	
1-130	722-729	reversæ	
1-131	730-734	sunt	
1-132	735-739	aquæ	
1-133	740-742	in	
1-134	743-749	alveum	
1-135	750-754	suum	
1-136	754-755	,	
1-137	756-758	et	
1-138	759-767	fluebant	
1-139	768-773	sicut	
1-140	774-778	ante	
1-141	779-791	consueverant	
1-142	791-792	.	
1-143	793-795	19	
1-144	796-803	Populus	
1-145	804-809	autem	
1-146	810-818	ascendit	
1-147	819-821	de	
1-148	822-829	Jordane	
1-149	830-836	decimo	
1-150	837-840	die	
1-151	841-847	mensis	
1-152	848-853	primi	
1-153	853-854	,	
1-154	855-857	et	
1-155	858-870	castrametati	
1-156	871-875	sunt	
1-157	876-878	in	
1-158	879-887	Galgalis	
1-159	888-894	contra	
1-160	895-905	orientalem	
1-161	906-912	plagam	
1-162	913-918	urbis	
1-163	919-926	Jericho	
1-164	926-927	.	
1-165	928-930	20	
1-166	931-939	Duodecim	
1-167	940-946	quoque	
1-168	947-954	lapides	
1-169	954-955	,	
1-170	956-960	quos	
1-171	961-963	de	
1-172	964-972	Jordanis	
1-173	973-978	alveo	
1-174	979-989	sumpserant	
1-175	989-990	,	
1-176	991-997	posuit	
1-177	998-1003	Josue	
1-178	1004-1006	in	
1-179	1007-1015	Galgalis	
1-180	1015-1016	,	
1-181	1017-1019	21	
1-182	1020-1022	et	
1-183	1023-1028	dixit	
1-184	1029-1031	ad	
1-185	1032-1038	filios	
1-186	1039-1045	Israël	
1-187	1046-1047	:	
1-188	1048-1054	Quando	
1-189	1055-1070	interrogaverint	
1-190	1071-1076	filii	
1-191	1077-1083	vestri	
1-192	1084-1088	cras	
1-193	1089-1095	patres	
1-194	1096-1100	suos	
1-195	1100-1101	,	
1-196	1102-1104	et	
1-197	1105-1113	dixerint	
1-198	1114-1117	eis	
1-199	1118-1119	:	
1-200	1120-1124	Quid	
1-201	1125-1129	sibi	
1-202	1130-1136	volunt	
1-203	1137-1144	lapides	
1-204	1145-1149	isti	
1-205	1150-1151	?	

#Text=22 docebitis eos, atque dicetis : Per arentem alveum transivit Israël Jordanem istum, 23 siccante Domino Deo vestro aquas ejus in conspectu vestro, donec transiretis, 24 sicut fecerat prius in mari Rubro, quod siccavit donec transiremus : 25 ut discant omnes terrarum populi fortissimam Domini manum, ut et vos timeatis Dominum Deum vestrum omni tempore.
2-1	1152-1154	22	
2-2	1155-1164	docebitis	
2-3	1165-1168	eos	
2-4	1168-1169	,	
2-5	1170-1175	atque	
2-6	1176-1183	dicetis	
2-7	1184-1185	:	
2-8	1186-1189	Per	
2-9	1190-1197	arentem	
2-10	1198-1204	alveum	
2-11	1205-1214	transivit	
2-12	1215-1221	Israël	
2-13	1222-1230	Jordanem	
2-14	1231-1236	istum	
2-15	1236-1237	,	
2-16	1238-1240	23	
2-17	1241-1249	siccante	
2-18	1250-1256	Domino	
2-19	1257-1260	Deo	
2-20	1261-1267	vestro	
2-21	1268-1273	aquas	
2-22	1274-1278	ejus	
2-23	1279-1281	in	
2-24	1282-1291	conspectu	
2-25	1292-1298	vestro	
2-26	1298-1299	,	
2-27	1300-1305	donec	
2-28	1306-1317	transiretis	
2-29	1317-1318	,	
2-30	1319-1321	24	
2-31	1322-1327	sicut	
2-32	1328-1335	fecerat	
2-33	1336-1341	prius	
2-34	1342-1344	in	
2-35	1345-1349	mari	
2-36	1350-1355	Rubro	
2-37	1355-1356	,	
2-38	1357-1361	quod	
2-39	1362-1370	siccavit	
2-40	1371-1376	donec	
2-41	1377-1388	transiremus	
2-42	1389-1390	:	
2-43	1391-1393	25	
2-44	1394-1396	ut	
2-45	1397-1404	discant	
2-46	1405-1410	omnes	
2-47	1411-1419	terrarum	
2-48	1420-1426	populi	
2-49	1427-1438	fortissimam	
2-50	1439-1445	Domini	
2-51	1446-1451	manum	
2-52	1451-1452	,	
2-53	1453-1455	ut	
2-54	1456-1458	et	
2-55	1459-1462	vos	
2-56	1463-1471	timeatis	
2-57	1472-1479	Dominum	
2-58	1480-1484	Deum	
2-59	1485-1492	vestrum	
2-60	1493-1497	omni	
2-61	1498-1505	tempore	
2-62	1505-1506	.	

#Text=Caput 5
#Text=
#Text=
#Text=1 Postquam ergo audierunt omnes reges Amorrhæorum, qui habitabant trans Jordanem ad occidentalem plagam, et cuncti reges Chanaan, qui propinqua possidebant magni maris loca, quod siccasset Dominus fluenta Jordanis coram filiis Israël donec transirent, dissolutum est cor eorum, et non remansit in eis spiritus, timentium introitum filiorum Israël.
#Text=2 Eo tempore ait Dominus ad Josue : Fac tibi cultros lapideos, et circumcide secundo filios Israël.
#Text=3 Fecit quod jusserat Dominus, et circumcidit filios Israël in colle præputiorum.
#Text=4 Hæc autem causa est secundæ circumcisionis : omnis populus, qui egressus est de Ægypto generis masculini, universi bellatores viri, mortui sunt in deserto per longissimos viæ circuitus, 5 qui omnes circumcisi erant.
3-1	1507-1512	Caput	
3-2	1513-1514	5	
3-3	1517-1518	1	
3-4	1519-1527	Postquam	
3-5	1528-1532	ergo	
3-6	1533-1542	audierunt	
3-7	1543-1548	omnes	
3-8	1549-1554	reges	
3-9	1555-1566	Amorrhæorum	
3-10	1566-1567	,	
3-11	1568-1571	qui	
3-12	1572-1582	habitabant	
3-13	1583-1588	trans	
3-14	1589-1597	Jordanem	
3-15	1598-1600	ad	
3-16	1601-1613	occidentalem	
3-17	1614-1620	plagam	
3-18	1620-1621	,	
3-19	1622-1624	et	
3-20	1625-1631	cuncti	
3-21	1632-1637	reges	
3-22	1638-1645	Chanaan	
3-23	1645-1646	,	
3-24	1647-1650	qui	
3-25	1651-1660	propinqua	
3-26	1661-1672	possidebant	
3-27	1673-1678	magni	
3-28	1679-1684	maris	
3-29	1685-1689	loca	
3-30	1689-1690	,	
3-31	1691-1695	quod	
3-32	1696-1705	siccasset	
3-33	1706-1713	Dominus	
3-34	1714-1721	fluenta	
3-35	1722-1730	Jordanis	
3-36	1731-1736	coram	
3-37	1737-1743	filiis	
3-38	1744-1750	Israël	
3-39	1751-1756	donec	
3-40	1757-1767	transirent	
3-41	1767-1768	,	
3-42	1769-1779	dissolutum	
3-43	1780-1783	est	
3-44	1784-1787	cor	
3-45	1788-1793	eorum	
3-46	1793-1794	,	
3-47	1795-1797	et	
3-48	1798-1801	non	
3-49	1802-1810	remansit	
3-50	1811-1813	in	
3-51	1814-1817	eis	
3-52	1818-1826	spiritus	
3-53	1826-1827	,	
3-54	1828-1837	timentium	
3-55	1838-1847	introitum	
3-56	1848-1856	filiorum	
3-57	1857-1863	Israël	
3-58	1863-1864	.	
3-59	1865-1866	2	
3-60	1867-1869	Eo	
3-61	1870-1877	tempore	
3-62	1878-1881	ait	
3-63	1882-1889	Dominus	
3-64	1890-1892	ad	
3-65	1893-1898	Josue	
3-66	1899-1900	:	
3-67	1901-1904	Fac	
3-68	1905-1909	tibi	
3-69	1910-1917	cultros	
3-70	1918-1926	lapideos	
3-71	1926-1927	,	
3-72	1928-1930	et	
3-73	1931-1941	circumcide	
3-74	1942-1949	secundo	
3-75	1950-1956	filios	
3-76	1957-1963	Israël	
3-77	1963-1964	.	
3-78	1965-1966	3	
3-79	1967-1972	Fecit	
3-80	1973-1977	quod	
3-81	1978-1986	jusserat	
3-82	1987-1994	Dominus	
3-83	1994-1995	,	
3-84	1996-1998	et	
3-85	1999-2010	circumcidit	
3-86	2011-2017	filios	
3-87	2018-2024	Israël	
3-88	2025-2027	in	
3-89	2028-2033	colle	
3-90	2034-2045	præputiorum	
3-91	2045-2046	.	
3-92	2047-2048	4	
3-93	2049-2052	Hæc	
3-94	2053-2058	autem	
3-95	2059-2064	causa	
3-96	2065-2068	est	
3-97	2069-2076	secundæ	
3-98	2077-2091	circumcisionis	
3-99	2092-2093	:	
3-100	2094-2099	omnis	
3-101	2100-2107	populus	
3-102	2107-2108	,	
3-103	2109-2112	qui	
3-104	2113-2121	egressus	
3-105	2122-2125	est	
3-106	2126-2128	de	
3-107	2129-2135	Ægypto	
3-108	2136-2143	generis	
3-109	2144-2153	masculini	
3-110	2153-2154	,	
3-111	2155-2163	universi	
3-112	2164-2174	bellatores	
3-113	2175-2179	viri	
3-114	2179-2180	,	
3-115	2181-2187	mortui	
3-116	2188-2192	sunt	
3-117	2193-2195	in	
3-118	2196-2203	deserto	
3-119	2204-2207	per	
3-120	2208-2219	longissimos	
3-121	2220-2223	viæ	
3-122	2224-2233	circuitus	
3-123	2233-2234	,	
3-124	2235-2236	5	
3-125	2237-2240	qui	
3-126	2241-2246	omnes	
3-127	2247-2257	circumcisi	
3-128	2258-2263	erant	
3-129	2263-2264	.	

#Text=Populus autem qui natus est in deserto, 6 per quadraginta annos itineris latissimæ solitudinis incircumcisus fuit : donec consumerentur qui non audierant vocem Domini, et quibus ante juraverat ut non ostenderet eis terram lacte et melle manantem.
#Text=7 Horum filii in locum successerunt patrum, et circumcisi sunt a Josue : quia sicut nati fuerant, in præputio erant, nec eos in via aliquis circumciderat.
#Text=8 Postquam autem omnes circumcisi sunt, manserunt in eodem castrorum loco, donec sanarentur.
#Text=9 Dixitque Dominus ad Josue : Hodie abstuli opprobrium Ægypti a vobis.
4-1	2265-2272	Populus	
4-2	2273-2278	autem	
4-3	2279-2282	qui	
4-4	2283-2288	natus	
4-5	2289-2292	est	
4-6	2293-2295	in	
4-7	2296-2303	deserto	
4-8	2303-2304	,	
4-9	2305-2306	6	
4-10	2307-2310	per	
4-11	2311-2322	quadraginta	
4-12	2323-2328	annos	
4-13	2329-2337	itineris	
4-14	2338-2347	latissimæ	
4-15	2348-2359	solitudinis	
4-16	2360-2373	incircumcisus	
4-17	2374-2378	fuit	
4-18	2379-2380	:	
4-19	2381-2386	donec	
4-20	2387-2400	consumerentur	
4-21	2401-2404	qui	
4-22	2405-2408	non	
4-23	2409-2418	audierant	
4-24	2419-2424	vocem	
4-25	2425-2431	Domini	
4-26	2431-2432	,	
4-27	2433-2435	et	
4-28	2436-2442	quibus	
4-29	2443-2447	ante	
4-30	2448-2457	juraverat	
4-31	2458-2460	ut	
4-32	2461-2464	non	
4-33	2465-2475	ostenderet	
4-34	2476-2479	eis	
4-35	2480-2486	terram	
4-36	2487-2492	lacte	
4-37	2493-2495	et	
4-38	2496-2501	melle	
4-39	2502-2510	manantem	
4-40	2510-2511	.	
4-41	2512-2513	7	
4-42	2514-2519	Horum	
4-43	2520-2525	filii	
4-44	2526-2528	in	
4-45	2529-2534	locum	
4-46	2535-2547	successerunt	
4-47	2548-2554	patrum	
4-48	2554-2555	,	
4-49	2556-2558	et	
4-50	2559-2569	circumcisi	
4-51	2570-2574	sunt	
4-52	2575-2576	a	
4-53	2577-2582	Josue	
4-54	2583-2584	:	
4-55	2585-2589	quia	
4-56	2590-2595	sicut	
4-57	2596-2600	nati	
4-58	2601-2608	fuerant	
4-59	2608-2609	,	
4-60	2610-2612	in	
4-61	2613-2621	præputio	
4-62	2622-2627	erant	
4-63	2627-2628	,	
4-64	2629-2632	nec	
4-65	2633-2636	eos	
4-66	2637-2639	in	
4-67	2640-2643	via	
4-68	2644-2651	aliquis	
4-69	2652-2665	circumciderat	
4-70	2665-2666	.	
4-71	2667-2668	8	
4-72	2669-2677	Postquam	
4-73	2678-2683	autem	
4-74	2684-2689	omnes	
4-75	2690-2700	circumcisi	
4-76	2701-2705	sunt	
4-77	2705-2706	,	
4-78	2707-2716	manserunt	
4-79	2717-2719	in	
4-80	2720-2725	eodem	
4-81	2726-2735	castrorum	
4-82	2736-2740	loco	
4-83	2740-2741	,	
4-84	2742-2747	donec	
4-85	2748-2758	sanarentur	
4-86	2758-2759	.	
4-87	2760-2761	9	
4-88	2762-2770	Dixitque	
4-89	2771-2778	Dominus	
4-90	2779-2781	ad	
4-91	2782-2787	Josue	
4-92	2788-2789	:	
4-93	2790-2795	Hodie	
4-94	2796-2803	abstuli	
4-95	2804-2814	opprobrium	
4-96	2815-2821	Ægypti	
4-97	2822-2823	a	
4-98	2824-2829	vobis	
4-99	2829-2830	.	

#Text=Vocatumque est nomen loci illius Galgala, usque in præsentem diem.
#Text=10 Manseruntque filii Israël in Galgalis, et fecerunt Phase quartadecima die mensis ad vesperum in campestribus Jericho : 11 et comederunt de frugibus terræ die altero, azymos panes, et polentam ejusdem anni.
5-1	2831-2841	Vocatumque	
5-2	2842-2845	est	
5-3	2846-2851	nomen	
5-4	2852-2856	loci	
5-5	2857-2863	illius	
5-6	2864-2871	Galgala	
5-7	2871-2872	,	
5-8	2873-2878	usque	
5-9	2879-2881	in	
5-10	2882-2891	præsentem	
5-11	2892-2896	diem	
5-12	2896-2897	.	
5-13	2898-2900	10	
5-14	2901-2913	Manseruntque	
5-15	2914-2919	filii	
5-16	2920-2926	Israël	
5-17	2927-2929	in	
5-18	2930-2938	Galgalis	
5-19	2938-2939	,	
5-20	2940-2942	et	
5-21	2943-2951	fecerunt	
5-22	2952-2957	Phase	
5-23	2958-2970	quartadecima	
5-24	2971-2974	die	
5-25	2975-2981	mensis	
5-26	2982-2984	ad	
5-27	2985-2993	vesperum	
5-28	2994-2996	in	
5-29	2997-3009	campestribus	
5-30	3010-3017	Jericho	
5-31	3018-3019	:	
5-32	3020-3022	11	
5-33	3023-3025	et	
5-34	3026-3036	comederunt	
5-35	3037-3039	de	
5-36	3040-3048	frugibus	
5-37	3049-3054	terræ	
5-38	3055-3058	die	
5-39	3059-3065	altero	
5-40	3065-3066	,	
5-41	3067-3073	azymos	
5-42	3074-3079	panes	
5-43	3079-3080	,	
5-44	3081-3083	et	
5-45	3084-3092	polentam	
5-46	3093-3100	ejusdem	
5-47	3101-3105	anni	
5-48	3105-3106	.	
