#FORMAT=WebAnno TSV 3.3
#T_SP=custom.Span|label
#T_RL=custom.Relation|label|BT_custom.Span


#Text=scicur,agitatione maris eruta, fnis, quod Renodaco pla cet; fic bituminis quoddam getuisje maris aluco pro
#Text=
#Text=cel
#Text=
#Text=
#Text=
#Text=
#Text=
#Text=per fuiff
#Text=
#Text=
#Text=
#Text=cellarum vi in littus eiectu; e nunquam profectò nó fuic; Ambrá fem alienum enim
#Text=
#Text=eft existinia , probátur.
#Text=re, hanc fpeciem nuper in
#Text=
#Text=rerum vniuerfitate natam
#Text=
#Text=effe , & le nacurae gremio
#Text=
#Text=
#Text=
#Text=productam.
1-1	2-8	scicur	_	_	_	
1-2	8-9	,	_	_	_	
1-3	9-19	agitatione	_	_	_	
1-4	20-25	maris	_	_	_	
1-5	26-31	eruta	_	_	_	
1-6	31-32	,	_	_	_	
1-7	33-37	fnis	_	_	_	
1-8	37-38	,	_	_	_	
1-9	39-43	quod	_	_	_	
1-10	44-52	Renodaco	_	_	_	
1-11	53-56	pla	_	_	_	
1-12	57-60	cet	_	_	_	
1-13	60-61	;	_	_	_	
1-14	62-65	fic	_	_	_	
1-15	66-75	bituminis	_	_	_	
1-16	76-83	quoddam	_	_	_	
1-17	84-92	getuisje	_	_	_	
1-18	93-98	maris	_	_	_	
1-19	99-104	aluco	_	_	_	
1-20	105-108	pro	_	_	_	
1-21	110-113	cel	_	_	_	
1-22	119-122	per	_	_	_	
1-23	123-128	fuiff	_	_	_	
1-24	132-140	cellarum	_	_	_	
1-25	141-143	vi	_	_	_	
1-26	144-146	in	_	_	_	
1-27	147-153	littus	_	_	_	
1-28	154-160	eiectu	_	_	_	
1-29	160-161	;	_	_	_	
1-30	162-163	e	_	_	_	
1-31	164-171	nunquam	_	_	_	
1-32	172-180	profectò	_	_	_	
1-33	181-183	nó	_	_	_	
1-34	184-188	fuic	_	_	_	
1-35	188-189	;	_	_	_	
1-36	190-195	Ambrá	_	_	_	
1-37	196-199	fem	_	_	_	
1-38	200-207	alienum	_	_	_	
1-39	208-212	enim	_	_	_	
1-40	214-217	eft	_	_	_	
1-41	218-227	existinia	_	_	_	
1-42	228-229	,	_	_	_	
1-43	230-238	probátur	_	_	_	
1-44	238-239	.	_	_	_	
1-45	240-242	re	_	_	_	
1-46	242-243	,	_	_	_	
1-47	244-248	hanc	_	_	_	
1-48	249-256	fpeciem	_	_	_	
1-49	257-262	nuper	_	_	_	
1-50	263-265	in	_	_	_	
1-51	267-272	rerum	_	_	_	
1-52	273-285	vniuerfitate	_	_	_	
1-53	286-291	natam	_	_	_	
1-54	293-297	effe	_	_	_	
1-55	298-299	,	_	_	_	
1-56	300-301	&	_	_	_	
1-57	302-304	le	_	_	_	
1-58	305-312	nacurae	_	_	_	
1-59	313-319	gremio	_	_	_	
1-60	323-332	productam	_	_	_	
1-61	332-333	.	_	_	_	

#Text=Etbalena qais 1.
#Text=2. dem náturae vi ducitur, e
#Text=
#Text=uomitque naturae im petu:
#Text=
#Text=Aues illae naturali neceflia:
#Text=
#Text=tati obedientes, egerustnó.
#Text=ex consilio zfed naturae in
#Text=
#Text=pfius habitu.
2-1	334-342	Etbalena	_	_	_	
2-2	343-347	qais	_	_	_	
2-3	348-349	1	_	_	_	
2-4	349-350	.	_	_	_	
2-5	351-352	2	_	_	_	
2-6	352-353	.	_	_	_	
2-7	354-357	dem	_	_	_	
2-8	358-365	náturae	_	_	_	
2-9	366-368	vi	_	_	_	
2-10	369-376	ducitur	_	_	_	
2-11	376-377	,	_	_	_	
2-12	378-379	e	_	_	_	
2-13	381-389	uomitque	_	_	_	
2-14	390-397	naturae	_	_	_	
2-15	398-400	im	_	_	_	
2-16	401-405	petu	_	_	_	
2-17	405-406	:	_	_	_	
2-18	408-412	Aues	_	_	_	
2-19	413-418	illae	_	_	_	
2-20	419-427	naturali	_	_	_	
2-21	428-436	neceflia	_	_	_	
2-22	436-437	:	_	_	_	
2-23	439-443	tati	_	_	_	
2-24	444-454	obedientes	_	_	_	
2-25	454-455	,	_	_	_	
2-26	456-465	egerustnó	_	_	_	
2-27	465-466	.	_	_	_	
2-28	467-469	ex	_	_	_	
2-29	470-478	consilio	_	_	_	
2-30	479-483	zfed	_	_	_	
2-31	484-491	naturae	_	_	_	
2-32	492-494	in	_	_	_	
2-33	496-501	pfius	_	_	_	
2-34	502-508	habitu	_	_	_	
2-35	508-509	.	_	_	_	

#Text=Fungusdemí
#Text=
#Text=ac bitumen, fi cale: quipa
#Text=
#Text=piam-ambra est, orbis pri-
#Text=
#Text=mordio vna cum ceteris re-
#Text=
#Text=rum speciebus genita fuif
#Text=
#Text=fe, nemo eft adeò peregri-
#Text=
#Text=nus & aduena in philologi
#Text=
#Text=
#Text=
#Text=
#Text=
#Text=phia , qui nesciat.
3-1	510-520	Fungusdemí	_	_	_	
3-2	522-524	ac	_	_	_	
3-3	525-532	bitumen	_	_	_	
3-4	532-533	,	_	_	_	
3-5	534-536	fi	_	_	_	
3-6	537-541	cale	_	_	_	
3-7	541-542	:	_	_	_	
3-8	543-548	quipa	_	_	_	
3-9	550-560	piam-ambra	_	_	_	
3-10	561-564	est	_	_	_	
3-11	564-565	,	_	_	_	
3-12	566-571	orbis	_	_	_	
3-13	572-575	pri	_	_	_	
3-14	575-576	-	_	_	_	
3-15	578-584	mordio	_	_	_	
3-16	585-588	vna	_	_	_	
3-17	589-592	cum	_	_	_	
3-18	593-600	ceteris	_	_	_	
3-19	601-603	re	_	_	_	
3-20	603-604	-	_	_	_	
3-21	606-609	rum	_	_	_	
3-22	610-619	speciebus	_	_	_	
3-23	620-626	genita	_	_	_	
3-24	627-631	fuif	_	_	_	
3-25	633-635	fe	_	_	_	
3-26	635-636	,	_	_	_	
3-27	637-641	nemo	_	_	_	
3-28	642-645	eft	_	_	_	
3-29	646-650	adeò	_	_	_	
3-30	651-658	peregri	_	_	_	
3-31	658-659	-	_	_	_	
3-32	661-664	nus	_	_	_	
3-33	665-666	&	_	_	_	
3-34	667-673	aduena	_	_	_	
3-35	674-676	in	_	_	_	
3-36	677-686	philologi	_	_	_	
3-37	692-696	phia	_	_	_	
3-38	697-698	,	_	_	_	
3-39	699-702	qui	_	_	_	
3-40	703-710	nesciat	_	_	_	
3-41	710-711	.	_	_	_	

#Text=Itaque quicquid tandem ambra fit , femper fuerit neceffe Ambraný eft.
4-1	712-718	Itaque	_	_	_	
4-2	719-727	quicquid	_	_	_	
4-3	728-734	tandem	_	_	_	
4-4	735-740	ambra	_	_	_	
4-5	741-744	fit	_	_	_	
4-6	745-746	,	_	_	_	
4-7	747-753	femper	_	_	_	
4-8	754-760	fuerit	_	_	_	
4-9	761-768	neceffe	_	_	_	
4-10	769-776	Ambraný	_	_	_	
4-11	777-780	eft	_	_	_	
4-12	780-781	.	_	_	_	

#Text=Idem de Mofcho, de Zibethum Zibetho idem cenfendumine
#Text=
#Text=semper fueit.
#Text=ea namque animantia nunquam non fuerunt in vniuerfitate rerum.
5-1	782-786	Idem	_	_	_	
5-2	787-789	de	_	_	_	
5-3	790-796	Mofcho	_	_	_	
5-4	796-797	,	_	_	_	
5-5	798-800	de	_	_	_	
5-6	801-809	Zibethum	_	_	_	
5-7	810-817	Zibetho	_	_	_	
5-8	818-822	idem	_	_	_	
5-9	823-835	cenfendumine	_	_	_	
5-10	837-843	semper	_	_	_	
5-11	844-849	fueit	_	_	_	
5-12	849-850	.	_	_	_	
5-13	851-853	ea	_	_	_	
5-14	854-860	namque	_	_	_	
5-15	861-870	animantia	_	_	_	
5-16	871-878	nunquam	_	_	_	
5-17	879-882	non	_	_	_	
5-18	883-890	fuerunt	_	_	_	
5-19	891-893	in	_	_	_	
5-20	894-906	vniuerfitate	_	_	_	
5-21	907-912	rerum	_	_	_	
5-22	912-913	.	_	_	_	

#Text=Er moscho quidé animali fuit seinpera nacura insirum,vt; cum ageretur venere ac libidine turgeret, eius abdomiriadnasceretur vómica, quae pressa, diuque lapidi.
#Text=bus affricata , rumperetur, saniemque ex fe promered odoratam,quam molchum appellamus.
6-1	914-916	Er	_	_	_	
6-2	917-923	moscho	_	_	_	
6-3	924-929	quidé	_	_	_	
6-4	930-937	animali	_	_	_	
6-5	938-942	fuit	_	_	_	
6-6	943-951	seinpera	_	_	_	
6-7	952-958	nacura	_	_	_	
6-8	959-966	insirum	_	_	_	
6-9	966-967	,	_	_	_	
6-10	967-969	vt	_	_	_	
6-11	969-970	;	_	_	_	
6-12	971-974	cum	_	_	_	
6-13	975-983	ageretur	_	_	_	
6-14	984-990	venere	_	_	_	
6-15	991-993	ac	_	_	_	
6-16	994-1002	libidine	_	_	_	
6-17	1003-1011	turgeret	_	_	_	
6-18	1011-1012	,	_	_	_	
6-19	1013-1017	eius	_	_	_	
6-20	1018-1038	abdomiriadnasceretur	_	_	_	
6-21	1039-1045	vómica	_	_	_	
6-22	1045-1046	,	_	_	_	
6-23	1047-1051	quae	_	_	_	
6-24	1052-1058	pressa	_	_	_	
6-25	1058-1059	,	_	_	_	
6-26	1060-1066	diuque	_	_	_	
6-27	1067-1073	lapidi	_	_	_	
6-28	1073-1074	.	_	_	_	
6-29	1075-1078	bus	_	_	_	
6-30	1079-1088	affricata	_	_	_	
6-31	1089-1090	,	_	_	_	
6-32	1091-1101	rumperetur	_	_	_	
6-33	1101-1102	,	_	_	_	
6-34	1103-1112	saniemque	Smell\_Source	_	_	
6-35	1113-1115	ex	_	_	_	
6-36	1116-1118	fe	_	_	_	
6-37	1119-1127	promered	_	_	_	
6-38	1128-1136	odoratam	Smell\_Word	*	6-34	
6-39	1136-1137	,	_	_	_	
6-40	1137-1141	quam	_	_	_	
6-41	1142-1149	molchum	_	_	_	
6-42	1150-1160	appellamus	_	_	_	
6-43	1160-1161	.	_	_	_	

#Text=Catus demum zibethi, orbis primordio na
#Text=
#Text=H
#Text=
#Text=
#Text=
#Text=tus
#Text=
#Text=
#Text=
#Text=
#Text=
#Text=tus vnà cum ceteris ani.
#Text=mantium speciebus, suaucolentem humorem , praesertim iratus ac percitus, naturà exudauit .
7-1	1162-1167	Catus	Circumstances[1]	Same\_span	7-22[2_1]	
7-2	1168-1173	demum	Circumstances[1]	_	_	
7-3	1174-1181	zibethi	Circumstances[1]	_	_	
7-4	1181-1182	,	_	_	_	
7-5	1183-1188	orbis	_	_	_	
7-6	1189-1198	primordio	_	_	_	
7-7	1199-1201	na	_	_	_	
7-8	1203-1204	H	_	_	_	
7-9	1208-1211	tus	_	_	_	
7-10	1217-1220	tus	_	_	_	
7-11	1221-1224	vnà	_	_	_	
7-12	1225-1228	cum	_	_	_	
7-13	1229-1236	ceteris	_	_	_	
7-14	1237-1240	ani	_	_	_	
7-15	1240-1241	.	_	_	_	
7-16	1242-1249	mantium	_	_	_	
7-17	1250-1259	speciebus	_	_	_	
7-18	1259-1260	,	_	_	_	
7-19	1261-1273	suaucolentem	Smell\_Word	*|*	7-20|7-1[1_0]	
7-20	1274-1281	humorem	Smell\_Source	_	_	
7-21	1282-1283	,	_	_	_	
7-22	1284-1294	praesertim	Circumstances[2]	_	_	
7-23	1295-1301	iratus	Circumstances[2]	_	_	
7-24	1302-1304	ac	Circumstances[2]	_	_	
7-25	1305-1313	percitus	Circumstances[2]	_	_	
7-26	1313-1314	,	Circumstances[2]	_	_	
7-27	1315-1321	naturà	Circumstances[2]	_	_	
7-28	1322-1330	exudauit	Circumstances[2]	_	_	
7-29	1331-1332	.	Circumstances[2]	_	_	

#Text=Itaque ve
#Text=
#Text=rendum non eft, quin haec Curmo.
#Text=omnia odoramenta femper bethủ anti fuerint in vniuersitate readhibica.
#Text=run, in vsu autem non
#Text=
#Text=posita , fola artis ignoratione.
8-1	1333-1339	Itaque	_	_	_	
8-2	1340-1342	ve	_	_	_	
8-3	1344-1350	rendum	_	_	_	
8-4	1351-1354	non	_	_	_	
8-5	1355-1358	eft	_	_	_	
8-6	1358-1359	,	_	_	_	
8-7	1360-1364	quin	_	_	_	
8-8	1365-1369	haec	_	_	_	
8-9	1370-1375	Curmo	_	_	_	
8-10	1375-1376	.	_	_	_	
8-11	1377-1382	omnia	_	_	_	
8-12	1383-1393	odoramenta	Smell\_Word	*|*	8-13|8-17[3_0]	
8-13	1394-1400	femper	Time	_	_	
8-14	1401-1406	bethủ	_	_	_	
8-15	1407-1411	anti	_	_	_	
8-16	1412-1419	fuerint	_	_	_	
8-17	1420-1422	in	Location[3]	_	_	
8-18	1423-1435	vniuersitate	Location[3]	_	_	
8-19	1436-1446	readhibica	Location[3]	_	_	
8-20	1446-1447	.	Location[3]	_	_	
8-21	1448-1451	run	Location[3]	_	_	
8-22	1451-1452	,	_	_	_	
8-23	1453-1455	in	_	_	_	
8-24	1456-1459	vsu	_	_	_	
8-25	1460-1465	autem	_	_	_	
8-26	1466-1469	non	_	_	_	
8-27	1471-1477	posita	_	_	_	
8-28	1478-1479	,	_	_	_	
8-29	1480-1484	fola	_	_	_	
8-30	1485-1490	artis	_	_	_	
8-31	1491-1502	ignoratione	_	_	_	
8-32	1502-1503	.	_	_	_	

#Text=Non enim omnia poffumus omnes : atque , vt ait Comiçus, Vfus , res , aetas femper aliquid apportat noui.
9-1	1504-1507	Non	_	_	_	
9-2	1508-1512	enim	_	_	_	
9-3	1513-1518	omnia	_	_	_	
9-4	1519-1527	poffumus	_	_	_	
9-5	1528-1533	omnes	_	_	_	
9-6	1534-1535	:	_	_	_	
9-7	1536-1541	atque	_	_	_	
9-8	1542-1543	,	_	_	_	
9-9	1544-1546	vt	_	_	_	
9-10	1547-1550	ait	_	_	_	
9-11	1551-1558	Comiçus	_	_	_	
9-12	1558-1559	,	_	_	_	
9-13	1560-1564	Vfus	_	_	_	
9-14	1565-1566	,	_	_	_	
9-15	1567-1570	res	_	_	_	
9-16	1571-1572	,	_	_	_	
9-17	1573-1578	aetas	_	_	_	
9-18	1579-1585	femper	_	_	_	
9-19	1586-1593	aliquid	_	_	_	
9-20	1594-1602	apportat	_	_	_	
9-21	1603-1607	noui	_	_	_	
9-22	1607-1608	.	_	_	_	

#Text=Enim, yerò quemadmodum Bom bardam, Tubum opticum, Horologium , aliaque non pauca nostra patruumque.
#Text=aetas inuenit, ita etiã artem
#Text=
#Text=ca,
#Text=
#Text=
#Text=
#Text=
#Text=
#Text=ea, per se minimè suauia, in luaue vnguentum condiendi .
10-1	1609-1613	Enim	_	_	_	
10-2	1613-1614	,	_	_	_	
10-3	1615-1619	yerò	_	_	_	
10-4	1620-1631	quemadmodum	_	_	_	
10-5	1632-1635	Bom	_	_	_	
10-6	1636-1642	bardam	_	_	_	
10-7	1642-1643	,	_	_	_	
10-8	1644-1649	Tubum	_	_	_	
10-9	1650-1657	opticum	_	_	_	
10-10	1657-1658	,	_	_	_	
10-11	1659-1669	Horologium	_	_	_	
10-12	1670-1671	,	_	_	_	
10-13	1672-1679	aliaque	_	_	_	
10-14	1680-1683	non	_	_	_	
10-15	1684-1689	pauca	_	_	_	
10-16	1690-1696	nostra	_	_	_	
10-17	1697-1707	patruumque	_	_	_	
10-18	1707-1708	.	_	_	_	
10-19	1709-1714	aetas	_	_	_	
10-20	1715-1722	inuenit	_	_	_	
10-21	1722-1723	,	_	_	_	
10-22	1724-1727	ita	_	_	_	
10-23	1728-1732	etiã	_	_	_	
10-24	1733-1738	artem	_	_	_	
10-25	1740-1742	ca	_	_	_	
10-26	1742-1743	,	_	_	_	
10-27	1749-1751	ea	Smell\_Source	_	_	
10-28	1751-1752	,	_	_	_	
10-29	1753-1756	per	_	_	_	
10-30	1757-1759	se	_	_	_	
10-31	1760-1766	minimè	Quality[4]	_	_	
10-32	1767-1773	suauia	Quality[4]|Smell\_Word[5]	*|*	10-31[4_5]|10-27[0_5]	
10-33	1773-1774	,	_	_	_	
10-34	1775-1777	in	_	_	_	
10-35	1778-1783	luaue	Quality[6]|Smell\_Word[7]	*|*	10-35[6_7]|10-36[0_7]	
10-36	1784-1793	vnguentum	Smell\_Source	_	_	
10-37	1794-1803	condiendi	_	_	_	
10-38	1804-1805	.	_	_	_	

#Text=Exempli causas, Odotamen duodecim parces ambrae , rum comquatuor moschi optimi, & ponendi ra vna circiter selectissimizibechi:vel decem partes ambrac , tres zibechi,& fucci limonis exiguum ( e penitioribus id promo vnguentariae secretis ) vnguentum fanè condies , quod pellibus affricatum , incredibilem spiret odorum suauitarem.Sunt namque , ait Theo-Lib.vr: de phraft.
11-1	1806-1813	Exempli	_	_	_	
11-2	1814-1820	causas	_	_	_	
11-3	1820-1821	,	_	_	_	
11-4	1822-1830	Odotamen	_	_	_	
11-5	1831-1839	duodecim	_	_	_	
11-6	1840-1846	parces	_	_	_	
11-7	1847-1853	ambrae	_	_	_	
11-8	1854-1855	,	_	_	_	
11-9	1856-1859	rum	_	_	_	
11-10	1860-1870	comquatuor	_	_	_	
11-11	1871-1877	moschi	_	_	_	
11-12	1878-1884	optimi	_	_	_	
11-13	1884-1885	,	_	_	_	
11-14	1886-1887	&	_	_	_	
11-15	1888-1895	ponendi	_	_	_	
11-16	1896-1898	ra	_	_	_	
11-17	1899-1902	vna	_	_	_	
11-18	1903-1911	circiter	_	_	_	
11-19	1912-1931	selectissimizibechi	_	_	_	
11-20	1931-1932	:	_	_	_	
11-21	1932-1935	vel	_	_	_	
11-22	1936-1941	decem	_	_	_	
11-23	1942-1948	partes	_	_	_	
11-24	1949-1955	ambrac	_	_	_	
11-25	1956-1957	,	_	_	_	
11-26	1958-1962	tres	_	_	_	
11-27	1963-1970	zibechi	_	_	_	
11-28	1970-1971	,	_	_	_	
11-29	1971-1972	&	_	_	_	
11-30	1973-1978	fucci	_	_	_	
11-31	1979-1986	limonis	_	_	_	
11-32	1987-1994	exiguum	_	_	_	
11-33	1995-1996	(	_	_	_	
11-34	1997-1998	e	_	_	_	
11-35	1999-2011	penitioribus	_	_	_	
11-36	2012-2014	id	_	_	_	
11-37	2015-2020	promo	_	_	_	
11-38	2021-2033	vnguentariae	_	_	_	
11-39	2034-2042	secretis	_	_	_	
11-40	2043-2044	)	_	_	_	
11-41	2045-2054	vnguentum	Smell\_Source	_	_	
11-42	2055-2059	fanè	_	_	_	
11-43	2060-2067	condies	_	_	_	
11-44	2068-2069	,	_	_	_	
11-45	2070-2074	quod	_	_	_	
11-46	2075-2083	pellibus	_	_	_	
11-47	2084-2094	affricatum	_	_	_	
11-48	2095-2096	,	_	_	_	
11-49	2097-2109	incredibilem	Quality	_	_	
11-50	2110-2116	spiret	Smell\_Word	*|*|*|*	11-51|11-49|11-41|11-52	
11-51	2117-2123	odorum	Smell\_Source	_	_	
11-52	2124-2139	suauitarem.Sunt	Quality	_	_	
11-53	2140-2146	namque	_	_	_	
11-54	2147-2148	,	_	_	_	
11-55	2149-2152	ait	_	_	_	
11-56	2153-2164	Theo-Lib.vr	_	_	_	
11-57	2164-2165	:	_	_	_	
11-58	2166-2168	de	_	_	_	
11-59	2169-2175	phraft	_	_	_	
11-60	2175-2176	.	_	_	_	
