#FORMAT=WebAnno TSV 3.3


#Text=Der Eßkuͤnſtler faſſe alſo ſei-
#Text=
#Text=nen Gegenſtand ſcharf in’s Auge.
1-1	2-5	Der	
1-2	6-17	Eßkuͤnſtler	
1-3	18-23	faſſe	
1-4	24-28	alſo	
1-5	29-32	ſei	
1-6	32-33	-	
1-7	35-38	nen	
1-8	39-49	Gegenſtand	
1-9	50-56	ſcharf	
1-10	57-59	in	
1-11	59-60	’	
1-12	60-61	s	
1-13	62-66	Auge	
1-14	66-67	.	

#Text=Einer meiner Bekannten
#Text=heirathete ein Maͤdchen, welches er vor lauter Liebe gar nicht
#Text=recht angeſehen hatte.
2-1	68-73	Einer	
2-2	74-80	meiner	
2-3	81-90	Bekannten	
2-4	91-101	heirathete	
2-5	102-105	ein	
2-6	106-114	Maͤdchen	
2-7	114-115	,	
2-8	116-123	welches	
2-9	124-126	er	
2-10	127-130	vor	
2-11	131-137	lauter	
2-12	138-143	Liebe	
2-13	144-147	gar	
2-14	148-153	nicht	
2-15	154-159	recht	
2-16	160-169	angeſehen	
2-17	170-175	hatte	
2-18	175-176	.	

#Text=Nach und nach, und zwar bald nach der
#Text=Hochzeit, konnte er ſie ruhig genau anſehen, und fand zu
#Text=ſonderbarer Ueberraſchung, daß ſie, nun ſeine feſte Frau, drei
#Text=und zwanzig Zaͤhne zu wenig und funfzehn Warzen zu viel hatte.
3-1	177-181	Nach	
3-2	182-185	und	
3-3	186-190	nach	
3-4	190-191	,	
3-5	192-195	und	
3-6	196-200	zwar	
3-7	201-205	bald	
3-8	206-210	nach	
3-9	211-214	der	
3-10	215-223	Hochzeit	
3-11	223-224	,	
3-12	225-231	konnte	
3-13	232-234	er	
3-14	235-238	ſie	
3-15	239-244	ruhig	
3-16	245-250	genau	
3-17	251-258	anſehen	
3-18	258-259	,	
3-19	260-263	und	
3-20	264-268	fand	
3-21	269-271	zu	
3-22	272-283	ſonderbarer	
3-23	284-297	Ueberraſchung	
3-24	297-298	,	
3-25	299-302	daß	
3-26	303-306	ſie	
3-27	306-307	,	
3-28	308-311	nun	
3-29	312-317	ſeine	
3-30	318-323	feſte	
3-31	324-328	Frau	
3-32	328-329	,	
3-33	330-334	drei	
3-34	335-338	und	
3-35	339-346	zwanzig	
3-36	347-353	Zaͤhne	
3-37	354-356	zu	
3-38	357-362	wenig	
3-39	363-366	und	
3-40	367-375	funfzehn	
3-41	376-382	Warzen	
3-42	383-385	zu	
3-43	386-390	viel	
3-44	391-396	hatte	
3-45	396-397	.	

#Text=Doch iſt ein zu nahes und zu genaues Beſehen eben
#Text=ſo
#Text=
#Text=unpaſſend.
4-1	401-405	Doch	
4-2	406-409	iſt	
4-3	410-413	ein	
4-4	414-416	zu	
4-5	417-422	nahes	
4-6	423-426	und	
4-7	427-429	zu	
4-8	430-437	genaues	
4-9	438-445	Beſehen	
4-10	446-450	eben	
4-11	451-453	ſo	
4-12	455-464	unpaſſend	
4-13	464-465	.	

#Text=Wer ein Oelgemaͤlde in ſpannenlanger Naͤhe be-
#Text=trachtet, ſieht ſo viel wie gar nichts.
5-1	466-469	Wer	
5-2	470-473	ein	
5-3	474-485	Oelgemaͤlde	
5-4	486-488	in	
5-5	489-502	ſpannenlanger	
5-6	503-508	Naͤhe	
5-7	509-511	be	
5-8	511-512	-	
5-9	513-521	trachtet	
5-10	521-522	,	
5-11	523-528	ſieht	
5-12	529-531	ſo	
5-13	532-536	viel	
5-14	537-540	wie	
5-15	541-544	gar	
5-16	545-551	nichts	
5-17	551-552	.	

#Text=Wer mit der Naſe un-
#Text=mittelbar auf’s Eſſen ſtoͤßt, wird nichts Angenehmes riechen,
#Text=und alſo auch ſchmecken.
6-1	553-556	Wer	
6-2	557-560	mit	
6-3	561-564	der	
6-4	565-569	Naſe	
6-5	570-572	un	
6-6	572-573	-	
6-7	574-583	mittelbar	
6-8	584-587	auf	
6-9	587-588	’	
6-10	588-589	s	
6-11	590-595	Eſſen	
6-12	596-602	ſtoͤßt	
6-13	602-603	,	
6-14	604-608	wird	
6-15	609-615	nichts	
6-16	616-626	Angenehmes	
6-17	627-634	riechen	
6-18	634-635	,	
6-19	636-639	und	
6-20	640-644	alſo	
6-21	645-649	auch	
6-22	650-659	ſchmecken	
6-23	659-660	.	

#Text=Der von ferne lieblich duftende Mo-
#Text=ſchus ſtinkt zu nahe berochen.
7-1	661-664	Der	
7-2	665-668	von	
7-3	669-674	ferne	
7-4	675-683	lieblich	
7-5	684-692	duftende	
7-6	693-695	Mo	
7-7	695-696	-	
7-8	697-702	ſchus	
7-9	703-709	ſtinkt	
7-10	710-712	zu	
7-11	713-717	nahe	
7-12	718-726	berochen	
7-13	726-727	.	

#Text=Im Dunkeln kann man nicht eſſen.
8-1	731-733	Im	
8-2	734-741	Dunkeln	
8-3	742-746	kann	
8-4	747-750	man	
8-5	751-756	nicht	
8-6	757-762	eſſen	
8-7	762-763	.	

#Text=Kerzenbeleuchtung
#Text=
#Text=bei Nacht giebt den Speiſen und Getraͤnken — wie Fackelbe-
#Text=leuchtung Marmorſtatuen —
#Text=ein viel hoͤheres Licht, hebendere
#Text=Schatten, einen viel lebendigeren Ton, als die trockne Proſa
#Text=
#Text=des Tageslichtes.
9-1	764-781	Kerzenbeleuchtung	
9-2	783-786	bei	
9-3	787-792	Nacht	
9-4	793-798	giebt	
9-5	799-802	den	
9-6	803-810	Speiſen	
9-7	811-814	und	
9-8	815-825	Getraͤnken	
9-9	826-827	—	
9-10	828-831	wie	
9-11	832-840	Fackelbe	
9-12	840-841	-	
9-13	842-851	leuchtung	
9-14	852-865	Marmorſtatuen	
9-15	866-867	—	
9-16	868-871	ein	
9-17	872-876	viel	
9-18	877-885	hoͤheres	
9-19	886-891	Licht	
9-20	891-892	,	
9-21	893-902	hebendere	
9-22	903-911	Schatten	
9-23	911-912	,	
9-24	913-918	einen	
9-25	919-923	viel	
9-26	924-936	lebendigeren	
9-27	937-940	Ton	
9-28	940-941	,	
9-29	942-945	als	
9-30	946-949	die	
9-31	950-957	trockne	
9-32	958-963	Proſa	
9-33	965-968	des	
9-34	969-981	Tageslichtes	
9-35	981-982	.	

#Text=Die Nacht, ſagt Byron, zeigt Stern’ und
#Text=Weiber in erhoͤhter Pracht.
10-1	983-986	Die	
10-2	987-992	Nacht	
10-3	992-993	,	
10-4	994-998	ſagt	
10-5	999-1004	Byron	
10-6	1004-1005	,	
10-7	1006-1011	zeigt	
10-8	1012-1017	Stern	
10-9	1017-1018	’	
10-10	1019-1022	und	
10-11	1023-1029	Weiber	
10-12	1030-1032	in	
10-13	1033-1042	erhoͤhter	
10-14	1043-1049	Pracht	
10-15	1049-1050	.	

#Text=Den Kunſtakademieen will man in neuerer Zeit, wie ich
#Text=glaube, nicht ohne Grund, ihr Foͤrderliches fuͤr Kunſtbildung
11-1	1054-1057	Den	
11-2	1058-1073	Kunſtakademieen	
11-3	1074-1078	will	
11-4	1079-1082	man	
11-5	1083-1085	in	
11-6	1086-1093	neuerer	
11-7	1094-1098	Zeit	
11-8	1098-1099	,	
11-9	1100-1103	wie	
11-10	1104-1107	ich	
11-11	1108-1114	glaube	
11-12	1114-1115	,	
11-13	1116-1121	nicht	
11-14	1122-1126	ohne	
11-15	1127-1132	Grund	
11-16	1132-1133	,	
11-17	1134-1137	ihr	
11-18	1138-1151	Foͤrderliches	
11-19	1152-1156	fuͤr	
11-20	1157-1169	Kunſtbildung	
