#FORMAT=WebAnno TSV 3.3
#T_SP=custom.Span|label
#T_RL=custom.Relation|label|BT_custom.Span


#Text=E così i nobili baroni e le gentili dame gustarono di nuovo il profumato bulbo, tanto caro alla cucina dei nostri antichi.
1-1	0-1	E	_	_	_	
1-2	2-6	così	_	_	_	
1-3	7-8	i	Perceiver[1]	_	_	
1-4	9-15	nobili	Perceiver[1]	_	_	
1-5	16-22	baroni	Perceiver[1]	_	_	
1-6	23-24	e	_	_	_	
1-7	25-27	le	Perceiver[2]	_	_	
1-8	28-35	gentili	Perceiver[2]	_	_	
1-9	36-40	dame	Perceiver[2]	_	_	
1-10	41-50	gustarono	_	_	_	
1-11	51-53	di	_	_	_	
1-12	54-59	nuovo	_	_	_	
1-13	60-62	il	_	_	_	
1-14	63-72	profumato	Smell\_Word[3]|Quality[4]	*|*|*|*	1-14[4_3]|1-15[0_3]|1-7[2_3]|1-3[1_3]	
1-15	73-78	bulbo	Smell\_Source	_	_	
1-16	78-79	,	_	_	_	
1-17	80-85	tanto	_	_	_	
1-18	86-90	caro	_	_	_	
1-19	91-95	alla	_	_	_	
1-20	96-102	cucina	_	_	_	
1-21	103-106	dei	_	_	_	
1-22	107-113	nostri	_	_	_	
1-23	114-121	antichi	_	_	_	
1-24	121-122	.	_	_	_	

#Text=In mezzo a questa volgarità pomposa, cho vuol passare per lusso e miti nasconde l’odore dell’aglio e della cipolla, si pensa con dolore alle più gentili creazioni del genio umano, alle Laure, alle Beatrici del medio evo classico, alle Erinengardo, alle Giuliette del medio evo romantico.
2-1	123-125	In	_	_	_	
2-2	126-131	mezzo	_	_	_	
2-3	132-133	a	_	_	_	
2-4	134-140	questa	_	_	_	
2-5	141-150	volgarità	_	_	_	
2-6	151-158	pomposa	_	_	_	
2-7	158-159	,	_	_	_	
2-8	160-163	cho	_	_	_	
2-9	164-168	vuol	_	_	_	
2-10	169-176	passare	_	_	_	
2-11	177-180	per	_	_	_	
2-12	181-186	lusso	_	_	_	
2-13	187-188	e	_	_	_	
2-14	189-193	miti	_	_	_	
2-15	194-202	nasconde	_	_	_	
2-16	203-204	l	_	_	_	
2-17	204-205	’	_	_	_	
2-18	205-210	odore	Smell\_Word	*|*	2-19[5_0]|2-23[6_0]	
2-19	211-215	dell	Smell\_Source[5]	_	_	
2-20	215-216	’	Smell\_Source[5]	_	_	
2-21	216-221	aglio	Smell\_Source[5]	_	_	
2-22	222-223	e	_	_	_	
2-23	224-229	della	Smell\_Source[6]	_	_	
2-24	230-237	cipolla	Smell\_Source[6]	_	_	
2-25	237-238	,	_	_	_	
2-26	239-241	si	_	_	_	
2-27	242-247	pensa	_	_	_	
2-28	248-251	con	_	_	_	
2-29	252-258	dolore	_	_	_	
2-30	259-263	alle	_	_	_	
2-31	264-267	più	_	_	_	
2-32	268-275	gentili	_	_	_	
2-33	276-285	creazioni	_	_	_	
2-34	286-289	del	_	_	_	
2-35	290-295	genio	_	_	_	
2-36	296-301	umano	_	_	_	
2-37	301-302	,	_	_	_	
2-38	303-307	alle	_	_	_	
2-39	308-313	Laure	_	_	_	
2-40	313-314	,	_	_	_	
2-41	315-319	alle	_	_	_	
2-42	320-328	Beatrici	_	_	_	
2-43	329-332	del	_	_	_	
2-44	333-338	medio	_	_	_	
2-45	339-342	evo	_	_	_	
2-46	343-351	classico	_	_	_	
2-47	351-352	,	_	_	_	
2-48	353-357	alle	_	_	_	
2-49	358-369	Erinengardo	_	_	_	
2-50	369-370	,	_	_	_	
2-51	371-375	alle	_	_	_	
2-52	376-385	Giuliette	_	_	_	
2-53	386-389	del	_	_	_	
2-54	390-395	medio	_	_	_	
2-55	396-399	evo	_	_	_	
2-56	400-409	romantico	_	_	_	
2-57	409-410	.	_	_	_	

#Text=Al banchetto di Galeazzo assisteva il Patriarca.
3-1	411-413	Al	_	_	_	
3-2	414-423	banchetto	_	_	_	
3-3	424-426	di	_	_	_	
3-4	427-435	Galeazzo	_	_	_	
3-5	436-445	assisteva	_	_	_	
3-6	446-448	il	_	_	_	
3-7	449-458	Patriarca	_	_	_	
3-8	458-459	.	_	_	_	

#Text=Tra le dame primeggiava Beatrice della Scala, figlia illustre di Mastino, moglie di Bernabò Visconti e soprannominata Regina pel portamento e l’alterezza regale.
4-1	460-463	Tra	_	_	_	
4-2	464-466	le	_	_	_	
4-3	467-471	dame	_	_	_	
4-4	472-483	primeggiava	_	_	_	
4-5	484-492	Beatrice	_	_	_	
4-6	493-498	della	_	_	_	
4-7	499-504	Scala	_	_	_	
4-8	504-505	,	_	_	_	
4-9	506-512	figlia	_	_	_	
4-10	513-521	illustre	_	_	_	
4-11	522-524	di	_	_	_	
4-12	525-532	Mastino	_	_	_	
4-13	532-533	,	_	_	_	
4-14	534-540	moglie	_	_	_	
4-15	541-543	di	_	_	_	
4-16	544-551	Bernabò	_	_	_	
4-17	552-560	Visconti	_	_	_	
4-18	561-562	e	_	_	_	
4-19	563-577	soprannominata	_	_	_	
4-20	578-584	Regina	_	_	_	
4-21	585-588	pel	_	_	_	
4-22	589-599	portamento	_	_	_	
4-23	600-601	e	_	_	_	
4-24	602-603	l	_	_	_	
4-25	603-604	’	_	_	_	
4-26	604-613	alterezza	_	_	_	
4-27	614-620	regale	_	_	_	
4-28	620-621	.	_	_	_	

#Text=La gentildonna dall’ animo grando che capitanò i propri soldati a difesa dello Stato, l’ energica Duchessa che avrebbe mantenuta Verona a Bernabò se non fosso morta innanzi tempo, ci sembra perderà della sua eroica poesia in ‘questa grossolana baldoria di mangiatori villani che indorano critamente le carni grasse da divorare.
5-1	622-624	La	_	_	_	
5-2	625-636	gentildonna	_	_	_	
5-3	637-641	dall	_	_	_	
5-4	641-642	’	_	_	_	
5-5	643-648	animo	_	_	_	
5-6	649-655	grando	_	_	_	
5-7	656-659	che	_	_	_	
5-8	660-668	capitanò	_	_	_	
5-9	669-670	i	_	_	_	
5-10	671-677	propri	_	_	_	
5-11	678-685	soldati	_	_	_	
5-12	686-687	a	_	_	_	
5-13	688-694	difesa	_	_	_	
5-14	695-700	dello	_	_	_	
5-15	701-706	Stato	_	_	_	
5-16	706-707	,	_	_	_	
5-17	708-709	l	_	_	_	
5-18	709-710	’	_	_	_	
5-19	711-719	energica	_	_	_	
5-20	720-728	Duchessa	_	_	_	
5-21	729-732	che	_	_	_	
5-22	733-740	avrebbe	_	_	_	
5-23	741-750	mantenuta	_	_	_	
5-24	751-757	Verona	_	_	_	
5-25	758-759	a	_	_	_	
5-26	760-767	Bernabò	_	_	_	
5-27	768-770	se	_	_	_	
5-28	771-774	non	_	_	_	
5-29	775-780	fosso	_	_	_	
5-30	781-786	morta	_	_	_	
5-31	787-794	innanzi	_	_	_	
5-32	795-800	tempo	_	_	_	
5-33	800-801	,	_	_	_	
5-34	802-804	ci	_	_	_	
5-35	805-811	sembra	_	_	_	
5-36	812-819	perderà	_	_	_	
5-37	820-825	della	_	_	_	
5-38	826-829	sua	_	_	_	
5-39	830-836	eroica	_	_	_	
5-40	837-843	poesia	_	_	_	
5-41	844-846	in	_	_	_	
5-42	847-848	‘	_	_	_	
5-43	848-854	questa	_	_	_	
5-44	855-865	grossolana	_	_	_	
5-45	866-874	baldoria	_	_	_	
5-46	875-877	di	_	_	_	
5-47	878-888	mangiatori	_	_	_	
5-48	889-896	villani	_	_	_	
5-49	897-900	che	_	_	_	
5-50	901-909	indorano	_	_	_	
5-51	910-920	critamente	_	_	_	
5-52	921-923	le	_	_	_	
5-53	924-929	carni	_	_	_	
5-54	930-936	grasse	_	_	_	
5-55	937-939	da	_	_	_	
5-56	940-948	divorare	_	_	_	
5-57	948-949	.	_	_	_	

#Text=La fiera dama, degna d’ inspirare ad un poeta cavalleresco imagini di Bradamante e di Cloriuda, immerge la candida mano nell’ agliata fetente.
6-1	950-952	La	Perceiver[7]	_	_	
6-2	953-958	fiera	Perceiver[7]	_	_	
6-3	959-963	dama	Perceiver[7]	_	_	
6-4	963-964	,	_	_	_	
6-5	965-970	degna	_	_	_	
6-6	971-972	d	_	_	_	
6-7	972-973	’	_	_	_	
6-8	974-983	inspirare	_	_	_	
6-9	984-986	ad	_	_	_	
6-10	987-989	un	_	_	_	
6-11	990-995	poeta	_	_	_	
6-12	996-1008	cavalleresco	_	_	_	
6-13	1009-1016	imagini	_	_	_	
6-14	1017-1019	di	_	_	_	
6-15	1020-1030	Bradamante	_	_	_	
6-16	1031-1032	e	_	_	_	
6-17	1033-1035	di	_	_	_	
6-18	1036-1044	Cloriuda	_	_	_	
6-19	1044-1045	,	_	_	_	
6-20	1046-1053	immerge	_	_	_	
6-21	1054-1056	la	_	_	_	
6-22	1057-1064	candida	_	_	_	
6-23	1065-1069	mano	_	_	_	
6-24	1070-1074	nell	_	_	_	
6-25	1074-1075	’	_	_	_	
6-26	1076-1083	agliata	Smell\_Source	_	_	
6-27	1084-1091	fetente	Smell\_Word[8]|Quality[9]	*|*|*	6-27[9_8]|6-26[0_8]|6-1[7_8]	
6-28	1091-1092	.	_	_	_	

#Text=Il Byron cho non poteva vedere la donna mangiare, perché gli parevano cosi meno gentili o poetiche, che cosa avrebbe detto se fosse stato tra i cavalieri del duca di Chiarenza?
7-1	1093-1095	Il	_	_	_	
7-2	1096-1101	Byron	_	_	_	
7-3	1102-1105	cho	_	_	_	
7-4	1106-1109	non	_	_	_	
7-5	1110-1116	poteva	_	_	_	
7-6	1117-1123	vedere	_	_	_	
7-7	1124-1126	la	_	_	_	
7-8	1127-1132	donna	_	_	_	
7-9	1133-1141	mangiare	_	_	_	
7-10	1141-1142	,	_	_	_	
7-11	1143-1149	perché	_	_	_	
7-12	1150-1153	gli	_	_	_	
7-13	1154-1162	parevano	_	_	_	
7-14	1163-1167	cosi	_	_	_	
7-15	1168-1172	meno	_	_	_	
7-16	1173-1180	gentili	_	_	_	
7-17	1181-1182	o	_	_	_	
7-18	1183-1191	poetiche	_	_	_	
7-19	1191-1192	,	_	_	_	
7-20	1193-1196	che	_	_	_	
7-21	1197-1201	cosa	_	_	_	
7-22	1202-1209	avrebbe	_	_	_	
7-23	1210-1215	detto	_	_	_	
7-24	1216-1218	se	_	_	_	
7-25	1219-1224	fosse	_	_	_	
7-26	1225-1230	stato	_	_	_	
7-27	1231-1234	tra	_	_	_	
7-28	1235-1236	i	_	_	_	
7-29	1237-1246	cavalieri	_	_	_	
7-30	1247-1250	del	_	_	_	
7-31	1251-1255	duca	_	_	_	
7-32	1256-1258	di	_	_	_	
7-33	1259-1268	Chiarenza	_	_	_	
7-34	1268-1269	?	_	_	_	

#Text=Purtroppo il nostro bel medioevo, avvicinato, perde molto della sua poesia.
8-1	1270-1279	Purtroppo	_	_	_	
8-2	1280-1282	il	_	_	_	
8-3	1283-1289	nostro	_	_	_	
8-4	1290-1293	bel	_	_	_	
8-5	1294-1302	medioevo	_	_	_	
8-6	1302-1303	,	_	_	_	
8-7	1304-1314	avvicinato	_	_	_	
8-8	1314-1315	,	_	_	_	
8-9	1316-1321	perde	_	_	_	
8-10	1322-1327	molto	_	_	_	
8-11	1328-1333	della	_	_	_	
8-12	1334-1337	sua	_	_	_	
8-13	1338-1344	poesia	_	_	_	
8-14	1344-1345	.	_	_	_	

#Text=I nobili cavalieri cho non sapevano leggere, avevano bisogno di un giullare che recitasse loro le storie degli eroi.
9-1	1346-1347	I	_	_	_	
9-2	1348-1354	nobili	_	_	_	
9-3	1355-1364	cavalieri	_	_	_	
9-4	1365-1368	cho	_	_	_	
9-5	1369-1372	non	_	_	_	
9-6	1373-1381	sapevano	_	_	_	
9-7	1382-1389	leggere	_	_	_	
9-8	1389-1390	,	_	_	_	
9-9	1391-1398	avevano	_	_	_	
9-10	1399-1406	bisogno	_	_	_	
9-11	1407-1409	di	_	_	_	
9-12	1410-1412	un	_	_	_	
9-13	1413-1421	giullare	_	_	_	
9-14	1422-1425	che	_	_	_	
9-15	1426-1435	recitasse	_	_	_	
9-16	1436-1440	loro	_	_	_	
9-17	1441-1443	le	_	_	_	
9-18	1444-1450	storie	_	_	_	
9-19	1451-1456	degli	_	_	_	
9-20	1457-1461	eroi	_	_	_	
9-21	1461-1462	.	_	_	_	

#Text=Le rosee bocche delle castellane bionde davano ai baci d’ amore l’ odor dell ' aglio e della cipolla.
10-1	1463-1465	Le	_	_	_	
10-2	1466-1471	rosee	_	_	_	
10-3	1472-1478	bocche	_	_	_	
10-4	1479-1484	delle	_	_	_	
10-5	1485-1495	castellane	_	_	_	
10-6	1496-1502	bionde	_	_	_	
10-7	1503-1509	davano	_	_	_	
10-8	1510-1512	ai	_	_	_	
10-9	1513-1517	baci	_	_	_	
10-10	1518-1519	d	_	_	_	
10-11	1519-1520	’	_	_	_	
10-12	1521-1526	amore	_	_	_	
10-13	1527-1528	l	_	_	_	
10-14	1528-1529	’	_	_	_	
10-15	1530-1534	odor	Smell\_Word	*|*	10-20[11_0]|10-16[10_0]	
10-16	1535-1539	dell	Smell\_Source[10]	_	_	
10-17	1540-1541	'	Smell\_Source[10]	_	_	
10-18	1542-1547	aglio	Smell\_Source[10]	_	_	
10-19	1548-1549	e	_	_	_	
10-20	1550-1555	della	Smell\_Source[11]	_	_	
10-21	1556-1563	cipolla	Smell\_Source[11]	_	_	
10-22	1563-1564	.	_	_	_	

#Text=La verità, la brutta verità è questa.
11-1	1565-1567	La	_	_	_	
11-2	1568-1574	verità	_	_	_	
11-3	1574-1575	,	_	_	_	
11-4	1576-1578	la	_	_	_	
11-5	1579-1585	brutta	_	_	_	
11-6	1586-1592	verità	_	_	_	
11-7	1593-1594	è	_	_	_	
11-8	1595-1601	questa	_	_	_	
11-9	1601-1602	.	_	_	_	

#Text=Certo, nel medio evo ci saranno molte buone cose.
12-1	1603-1608	Certo	_	_	_	
12-2	1608-1609	,	_	_	_	
12-3	1610-1613	nel	_	_	_	
12-4	1614-1619	medio	_	_	_	
12-5	1620-1623	evo	_	_	_	
12-6	1624-1626	ci	_	_	_	
12-7	1627-1634	saranno	_	_	_	
12-8	1635-1640	molte	_	_	_	
12-9	1641-1646	buone	_	_	_	
12-10	1647-1651	cose	_	_	_	
12-11	1651-1652	.	_	_	_	

#Text=Ci sano state la fede, La generosa cavalleria, la giovae ingenuità, molte virtù oggi perdute; ma c’ era ancora un profondo strato di barbarie, di cui la cucina, se non altro, dà il segno .Quante illusioni ci toglie la storia!
13-1	1653-1655	Ci	_	_	_	
13-2	1656-1660	sano	_	_	_	
13-3	1661-1666	state	_	_	_	
13-4	1667-1669	la	_	_	_	
13-5	1670-1674	fede	_	_	_	
13-6	1674-1675	,	_	_	_	
13-7	1676-1678	La	_	_	_	
13-8	1679-1687	generosa	_	_	_	
13-9	1688-1698	cavalleria	_	_	_	
13-10	1698-1699	,	_	_	_	
13-11	1700-1702	la	_	_	_	
13-12	1703-1709	giovae	_	_	_	
13-13	1710-1719	ingenuità	_	_	_	
13-14	1719-1720	,	_	_	_	
13-15	1721-1726	molte	_	_	_	
13-16	1727-1732	virtù	_	_	_	
13-17	1733-1737	oggi	_	_	_	
13-18	1738-1745	perdute	_	_	_	
13-19	1745-1746	;	_	_	_	
13-20	1747-1749	ma	_	_	_	
13-21	1750-1751	c	_	_	_	
13-22	1751-1752	’	_	_	_	
13-23	1753-1756	era	_	_	_	
13-24	1757-1763	ancora	_	_	_	
13-25	1764-1766	un	_	_	_	
13-26	1767-1775	profondo	_	_	_	
13-27	1776-1782	strato	_	_	_	
13-28	1783-1785	di	_	_	_	
13-29	1786-1794	barbarie	_	_	_	
13-30	1794-1795	,	_	_	_	
13-31	1796-1798	di	_	_	_	
13-32	1799-1802	cui	_	_	_	
13-33	1803-1805	la	_	_	_	
13-34	1806-1812	cucina	_	_	_	
13-35	1812-1813	,	_	_	_	
13-36	1814-1816	se	_	_	_	
13-37	1817-1820	non	_	_	_	
13-38	1821-1826	altro	_	_	_	
13-39	1826-1827	,	_	_	_	
13-40	1828-1830	dà	_	_	_	
13-41	1831-1833	il	_	_	_	
13-42	1834-1839	segno	_	_	_	
13-43	1840-1841	.	_	_	_	
13-44	1841-1847	Quante	_	_	_	
13-45	1848-1857	illusioni	_	_	_	
13-46	1858-1860	ci	_	_	_	
13-47	1861-1867	toglie	_	_	_	
13-48	1868-1870	la	_	_	_	
13-49	1871-1877	storia	_	_	_	
13-50	1877-1878	!	_	_	_	

#Text=La mancanza del senso della proporzione e della misura è uno dei più facili sintomi che tradiscono la
#Text=mancanza di coltura; e questa mancanza confina colla barbarie.
14-1	1880-1882	La	_	_	_	
14-2	1883-1891	mancanza	_	_	_	
14-3	1892-1895	del	_	_	_	
14-4	1896-1901	senso	_	_	_	
14-5	1902-1907	della	_	_	_	
14-6	1908-1919	proporzione	_	_	_	
14-7	1920-1921	e	_	_	_	
14-8	1922-1927	della	_	_	_	
14-9	1928-1934	misura	_	_	_	
14-10	1935-1936	è	_	_	_	
14-11	1937-1940	uno	_	_	_	
14-12	1941-1944	dei	_	_	_	
14-13	1945-1948	più	_	_	_	
14-14	1949-1955	facili	_	_	_	
14-15	1956-1963	sintomi	_	_	_	
14-16	1964-1967	che	_	_	_	
14-17	1968-1978	tradiscono	_	_	_	
14-18	1979-1981	la	_	_	_	
14-19	1982-1990	mancanza	_	_	_	
14-20	1991-1993	di	_	_	_	
14-21	1994-2001	coltura	_	_	_	
14-22	2001-2002	;	_	_	_	
14-23	2003-2004	e	_	_	_	
14-24	2005-2011	questa	_	_	_	
14-25	2012-2020	mancanza	_	_	_	
14-26	2021-2028	confina	_	_	_	
14-27	2029-2034	colla	_	_	_	
14-28	2035-2043	barbarie	_	_	_	
14-29	2043-2044	.	_	_	_	

#Text=Ora che proporzione e che misura era in un pranzo dove all ' umido di lepre e di capriolo, seguì un umido di bue e di cervo, poi un altro umido di capponi pollastri con salso rosse o verdi ?
15-1	2045-2048	Ora	_	_	_	
15-2	2049-2052	che	_	_	_	
15-3	2053-2064	proporzione	_	_	_	
15-4	2065-2066	e	_	_	_	
15-5	2067-2070	che	_	_	_	
15-6	2071-2077	misura	_	_	_	
15-7	2078-2081	era	_	_	_	
15-8	2082-2084	in	_	_	_	
15-9	2085-2087	un	_	_	_	
15-10	2088-2094	pranzo	_	_	_	
15-11	2095-2099	dove	_	_	_	
15-12	2100-2103	all	_	_	_	
15-13	2104-2105	'	_	_	_	
15-14	2106-2111	umido	_	_	_	
15-15	2112-2114	di	_	_	_	
15-16	2115-2120	lepre	_	_	_	
15-17	2121-2122	e	_	_	_	
15-18	2123-2125	di	_	_	_	
15-19	2126-2134	capriolo	_	_	_	
15-20	2134-2135	,	_	_	_	
15-21	2136-2141	seguì	_	_	_	
15-22	2142-2144	un	_	_	_	
15-23	2145-2150	umido	_	_	_	
15-24	2151-2153	di	_	_	_	
15-25	2154-2157	bue	_	_	_	
15-26	2158-2159	e	_	_	_	
15-27	2160-2162	di	_	_	_	
15-28	2163-2168	cervo	_	_	_	
15-29	2168-2169	,	_	_	_	
15-30	2170-2173	poi	_	_	_	
15-31	2174-2176	un	_	_	_	
15-32	2177-2182	altro	_	_	_	
15-33	2183-2188	umido	_	_	_	
15-34	2189-2191	di	_	_	_	
15-35	2192-2199	capponi	_	_	_	
15-36	2200-2209	pollastri	_	_	_	
15-37	2210-2213	con	_	_	_	
15-38	2214-2219	salso	_	_	_	
15-39	2220-2225	rosse	_	_	_	
15-40	2226-2227	o	_	_	_	
15-41	2228-2233	verdi	_	_	_	
15-42	2234-2235	?	_	_	_	

#Text=“ Non si tratta di a stonatura, di una compatibile mancanza di ritmo, di un barbarismo atroce che confina colla cieca voracità dei carnivori preistorici.
16-1	2236-2237	“	_	_	_	
16-2	2238-2241	Non	_	_	_	
16-3	2242-2244	si	_	_	_	
16-4	2245-2251	tratta	_	_	_	
16-5	2252-2254	di	_	_	_	
16-6	2255-2256	a	_	_	_	
16-7	2257-2266	stonatura	_	_	_	
16-8	2266-2267	,	_	_	_	
16-9	2268-2270	di	_	_	_	
16-10	2271-2274	una	_	_	_	
16-11	2275-2286	compatibile	_	_	_	
16-12	2287-2295	mancanza	_	_	_	
16-13	2296-2298	di	_	_	_	
16-14	2299-2304	ritmo	_	_	_	
16-15	2304-2305	,	_	_	_	
16-16	2306-2308	di	_	_	_	
16-17	2309-2311	un	_	_	_	
16-18	2312-2322	barbarismo	_	_	_	
16-19	2323-2329	atroce	_	_	_	
16-20	2330-2333	che	_	_	_	
16-21	2334-2341	confina	_	_	_	
16-22	2342-2347	colla	_	_	_	
16-23	2348-2353	cieca	_	_	_	
16-24	2354-2362	voracità	_	_	_	
16-25	2363-2366	dei	_	_	_	
16-26	2367-2376	carnivori	_	_	_	
16-27	2377-2388	preistorici	_	_	_	
16-28	2388-2389	.	_	_	_	

#Text=Sembra che il cuoco mandi in tavola quello che si trova ad aver pronto cucina, senza pensare ad altro che a mandar su molta carne.
17-1	2390-2396	Sembra	_	_	_	
17-2	2397-2400	che	_	_	_	
17-3	2401-2403	il	_	_	_	
17-4	2404-2409	cuoco	_	_	_	
17-5	2410-2415	mandi	_	_	_	
17-6	2416-2418	in	_	_	_	
17-7	2419-2425	tavola	_	_	_	
17-8	2426-2432	quello	_	_	_	
17-9	2433-2436	che	_	_	_	
17-10	2437-2439	si	_	_	_	
17-11	2440-2445	trova	_	_	_	
17-12	2446-2448	ad	_	_	_	
17-13	2449-2453	aver	_	_	_	
17-14	2454-2460	pronto	_	_	_	
17-15	2461-2467	cucina	_	_	_	
17-16	2467-2468	,	_	_	_	
17-17	2469-2474	senza	_	_	_	
17-18	2475-2482	pensare	_	_	_	
17-19	2483-2485	ad	_	_	_	
17-20	2486-2491	altro	_	_	_	
17-21	2492-2495	che	_	_	_	
17-22	2496-2497	a	_	_	_	
17-23	2498-2504	mandar	_	_	_	
17-24	2505-2507	su	_	_	_	
17-25	2508-2513	molta	_	_	_	
17-26	2514-2519	carne	_	_	_	
17-27	2519-2520	.	_	_	_	

#Text=Egli aveva, senza dubbio, una fede illimitata nello stomaco delle suo vittime, pari alla più supina oranza di ogni elementare principio di gusto e di ordine.
18-1	2521-2525	Egli	_	_	_	
18-2	2526-2531	aveva	_	_	_	
18-3	2531-2532	,	_	_	_	
18-4	2533-2538	senza	_	_	_	
18-5	2539-2545	dubbio	_	_	_	
18-6	2545-2546	,	_	_	_	
18-7	2547-2550	una	_	_	_	
18-8	2551-2555	fede	_	_	_	
18-9	2556-2566	illimitata	_	_	_	
18-10	2567-2572	nello	_	_	_	
18-11	2573-2580	stomaco	_	_	_	
18-12	2581-2586	delle	_	_	_	
18-13	2587-2590	suo	_	_	_	
18-14	2591-2598	vittime	_	_	_	
18-15	2598-2599	,	_	_	_	
18-16	2600-2604	pari	_	_	_	
18-17	2605-2609	alla	_	_	_	
18-18	2610-2613	più	_	_	_	
18-19	2614-2620	supina	_	_	_	
18-20	2621-2627	oranza	_	_	_	
18-21	2628-2630	di	_	_	_	
18-22	2631-2635	ogni	_	_	_	
18-23	2636-2646	elementare	_	_	_	
18-24	2647-2656	principio	_	_	_	
18-25	2657-2659	di	_	_	_	
18-26	2660-2665	gusto	_	_	_	
18-27	2666-2667	e	_	_	_	
18-28	2668-2670	di	_	_	_	
18-29	2671-2677	ordine	_	_	_	
18-30	2677-2678	.	_	_	_	

#Text=Ed il poggio è che oltre al gusto era infelicissima anche la tecnica.
19-1	2679-2681	Ed	_	_	_	
19-2	2682-2684	il	_	_	_	
19-3	2685-2691	poggio	_	_	_	
19-4	2692-2693	è	_	_	_	
19-5	2694-2697	che	_	_	_	
19-6	2698-2703	oltre	_	_	_	
19-7	2704-2706	al	_	_	_	
19-8	2707-2712	gusto	_	_	_	
19-9	2713-2716	era	_	_	_	
19-10	2717-2730	infelicissima	_	_	_	
19-11	2731-2736	anche	_	_	_	
19-12	2737-2739	la	_	_	_	
19-13	2740-2747	tecnica	_	_	_	
19-14	2747-2748	.	_	_	_	

#Text=Infatti i condimenti che sono il trionfo della cucina moderna, erano imperfettamente conosciuti.
20-1	2749-2756	Infatti	_	_	_	
20-2	2757-2758	i	_	_	_	
20-3	2759-2769	condimenti	_	_	_	
20-4	2770-2773	che	_	_	_	
20-5	2774-2778	sono	_	_	_	
20-6	2779-2781	il	_	_	_	
20-7	2782-2789	trionfo	_	_	_	
20-8	2790-2795	della	_	_	_	
20-9	2796-2802	cucina	_	_	_	
20-10	2803-2810	moderna	_	_	_	
20-11	2810-2811	,	_	_	_	
20-12	2812-2817	erano	_	_	_	
20-13	2818-2833	imperfettamente	_	_	_	
20-14	2834-2844	conosciuti	_	_	_	
20-15	2844-2845	.	_	_	_	

#Text=Si cucinava col lardo, collo strutto e coll’ olio che a quei tempi non doveva esser molto raffinato.
21-1	2846-2848	Si	_	_	_	
21-2	2849-2857	cucinava	_	_	_	
21-3	2858-2861	col	_	_	_	
21-4	2862-2867	lardo	_	_	_	
21-5	2867-2868	,	_	_	_	
21-6	2869-2874	collo	_	_	_	
21-7	2875-2882	strutto	_	_	_	
21-8	2883-2884	e	_	_	_	
21-9	2885-2889	coll	_	_	_	
21-10	2889-2890	’	_	_	_	
21-11	2891-2895	olio	_	_	_	
21-12	2896-2899	che	_	_	_	
21-13	2900-2901	a	_	_	_	
21-14	2902-2906	quei	_	_	_	
21-15	2907-2912	tempi	_	_	_	
21-16	2913-2916	non	_	_	_	
21-17	2917-2923	doveva	_	_	_	
21-18	2924-2929	esser	_	_	_	
21-19	2930-2935	molto	_	_	_	
21-20	2936-2945	raffinato	_	_	_	
21-21	2945-2946	.	_	_	_	

#Text=Il burro, o appare dove più facilmente poteva esser sostituito, come nella cucinatura del pesce, od è manipolato con dólciumi, crema dì mandorle, acqua di rose per farne addirittura un piatto da pasticcere.
22-1	2949-2951	Il	_	_	_	
22-2	2952-2957	burro	_	_	_	
22-3	2957-2958	,	_	_	_	
22-4	2959-2960	o	_	_	_	
22-5	2961-2967	appare	_	_	_	
22-6	2968-2972	dove	_	_	_	
22-7	2973-2976	più	_	_	_	
22-8	2977-2987	facilmente	_	_	_	
22-9	2988-2994	poteva	_	_	_	
22-10	2995-3000	esser	_	_	_	
22-11	3001-3011	sostituito	_	_	_	
22-12	3011-3012	,	_	_	_	
22-13	3013-3017	come	_	_	_	
22-14	3018-3023	nella	_	_	_	
22-15	3024-3034	cucinatura	_	_	_	
22-16	3035-3038	del	_	_	_	
22-17	3039-3044	pesce	_	_	_	
22-18	3044-3045	,	_	_	_	
22-19	3046-3048	od	_	_	_	
22-20	3049-3050	è	_	_	_	
22-21	3051-3061	manipolato	_	_	_	
22-22	3062-3065	con	_	_	_	
22-23	3066-3074	dólciumi	_	_	_	
22-24	3074-3075	,	_	_	_	
22-25	3076-3081	crema	_	_	_	
22-26	3082-3084	dì	_	_	_	
22-27	3085-3093	mandorle	_	_	_	
22-28	3093-3094	,	_	_	_	
22-29	3095-3100	acqua	_	_	_	
22-30	3101-3103	di	_	_	_	
22-31	3104-3108	rose	_	_	_	
22-32	3109-3112	per	_	_	_	
22-33	3113-3118	farne	_	_	_	
22-34	3119-3130	addirittura	_	_	_	
22-35	3131-3133	un	_	_	_	
22-36	3134-3140	piatto	_	_	_	
22-37	3141-3143	da	_	_	_	
22-38	3144-3154	pasticcere	_	_	_	
22-39	3154-3155	.	_	_	_	

#Text=Tuttavia non bisogna poi pensare che i cuochi del medio evo fossero di una semplicità troppo adamitica.
23-1	3158-3166	Tuttavia	_	_	_	
23-2	3167-3170	non	_	_	_	
23-3	3171-3178	bisogna	_	_	_	
23-4	3179-3182	poi	_	_	_	
23-5	3183-3190	pensare	_	_	_	
23-6	3191-3194	che	_	_	_	
23-7	3195-3196	i	_	_	_	
23-8	3197-3203	cuochi	_	_	_	
23-9	3204-3207	del	_	_	_	
23-10	3208-3213	medio	_	_	_	
23-11	3214-3217	evo	_	_	_	
23-12	3218-3225	fossero	_	_	_	
23-13	3226-3228	di	_	_	_	
23-14	3229-3232	una	_	_	_	
23-15	3233-3243	semplicità	_	_	_	
23-16	3244-3250	troppo	_	_	_	
23-17	3251-3260	adamitica	_	_	_	
23-18	3260-3261	.	_	_	_	

#Text=Se conoscevano poco l ' uso del burro come condimento, conoscevano e praticavano però alcuni processi per falsificarlo, ed i ricettari di quel tempo no riferiscono parecchi, ' *
#Text=come una emulsione di formaggio o una pasta di mandorle colorita, collo zafferano.
24-1	3262-3264	Se	_	_	_	
24-2	3265-3276	conoscevano	_	_	_	
24-3	3277-3281	poco	_	_	_	
24-4	3282-3283	l	_	_	_	
24-5	3284-3285	'	_	_	_	
24-6	3286-3289	uso	_	_	_	
24-7	3290-3293	del	_	_	_	
24-8	3294-3299	burro	_	_	_	
24-9	3300-3304	come	_	_	_	
24-10	3305-3315	condimento	_	_	_	
24-11	3315-3316	,	_	_	_	
24-12	3317-3328	conoscevano	_	_	_	
24-13	3329-3330	e	_	_	_	
24-14	3331-3342	praticavano	_	_	_	
24-15	3343-3347	però	_	_	_	
24-16	3348-3354	alcuni	_	_	_	
24-17	3355-3363	processi	_	_	_	
24-18	3364-3367	per	_	_	_	
24-19	3368-3380	falsificarlo	_	_	_	
24-20	3380-3381	,	_	_	_	
24-21	3382-3384	ed	_	_	_	
24-22	3385-3386	i	_	_	_	
24-23	3387-3396	ricettari	_	_	_	
24-24	3397-3399	di	_	_	_	
24-25	3400-3404	quel	_	_	_	
24-26	3405-3410	tempo	_	_	_	
24-27	3411-3413	no	_	_	_	
24-28	3414-3425	riferiscono	_	_	_	
24-29	3426-3434	parecchi	_	_	_	
24-30	3434-3435	,	_	_	_	
24-31	3436-3437	'	_	_	_	
24-32	3438-3439	*	_	_	_	
24-33	3440-3444	come	_	_	_	
24-34	3445-3448	una	_	_	_	
24-35	3449-3458	emulsione	_	_	_	
24-36	3459-3461	di	_	_	_	
24-37	3462-3471	formaggio	_	_	_	
24-38	3472-3473	o	_	_	_	
24-39	3474-3477	una	_	_	_	
24-40	3478-3483	pasta	_	_	_	
24-41	3484-3486	di	_	_	_	
24-42	3487-3495	mandorle	_	_	_	
24-43	3496-3504	colorita	_	_	_	
24-44	3504-3505	,	_	_	_	
24-45	3506-3511	collo	_	_	_	
24-46	3512-3521	zafferano	_	_	_	
24-47	3521-3522	.	_	_	_	

#Text=Noi abbiamo perfezionata quest’ arte, e fabbrichiamo il burro col sego.
25-1	3523-3526	Noi	_	_	_	
25-2	3527-3534	abbiamo	_	_	_	
25-3	3535-3547	perfezionata	_	_	_	
25-4	3548-3553	quest	_	_	_	
25-5	3553-3554	’	_	_	_	
25-6	3555-3559	arte	_	_	_	
25-7	3559-3560	,	_	_	_	
25-8	3561-3562	e	_	_	_	
25-9	3563-3575	fabbrichiamo	_	_	_	
25-10	3576-3578	il	_	_	_	
25-11	3579-3584	burro	_	_	_	
25-12	3585-3588	col	_	_	_	
25-13	3589-3593	sego	_	_	_	
25-14	3593-3594	.	_	_	_	

#Text=Intanto i convitati di Galeazzo continuavano imperterriti con una portata di pavoni, facilmente arrosto, cavoli, lingue salate o fagiuoli.
26-1	3596-3603	Intanto	_	_	_	
26-2	3604-3605	i	_	_	_	
26-3	3606-3615	convitati	_	_	_	
26-4	3616-3618	di	_	_	_	
26-5	3619-3627	Galeazzo	_	_	_	
26-6	3628-3640	continuavano	_	_	_	
26-7	3641-3653	imperterriti	_	_	_	
26-8	3654-3657	con	_	_	_	
26-9	3658-3661	una	_	_	_	
26-10	3662-3669	portata	_	_	_	
26-11	3670-3672	di	_	_	_	
26-12	3673-3679	pavoni	_	_	_	
26-13	3679-3680	,	_	_	_	
26-14	3681-3691	facilmente	_	_	_	
26-15	3692-3699	arrosto	_	_	_	
26-16	3699-3700	,	_	_	_	
26-17	3701-3707	cavoli	_	_	_	
26-18	3707-3708	,	_	_	_	
26-19	3709-3715	lingue	_	_	_	
26-20	3716-3722	salate	_	_	_	
26-21	3723-3724	o	_	_	_	
26-22	3725-3733	fagiuoli	_	_	_	
26-23	3733-3734	.	_	_	_	

#Text=Sono quattro portate senza pesce, poiché oramai la lista di quel che i laghi ed i fiumi potevano fornire a Galeazzo era esaurita.
27-1	3735-3739	Sono	_	_	_	
27-2	3740-3747	quattro	_	_	_	
27-3	3748-3755	portate	_	_	_	
27-4	3756-3761	senza	_	_	_	
27-5	3762-3767	pesce	_	_	_	
27-6	3767-3768	,	_	_	_	
27-7	3769-3775	poiché	_	_	_	
27-8	3776-3782	oramai	_	_	_	
27-9	3783-3785	la	_	_	_	
27-10	3786-3791	lista	_	_	_	
27-11	3792-3794	di	_	_	_	
27-12	3795-3799	quel	_	_	_	
27-13	3800-3803	che	_	_	_	
27-14	3804-3805	i	_	_	_	
27-15	3806-3811	laghi	_	_	_	
27-16	3812-3814	ed	_	_	_	
27-17	3815-3816	i	_	_	_	
27-18	3817-3822	fiumi	_	_	_	
27-19	3823-3831	potevano	_	_	_	
27-20	3832-3839	fornire	_	_	_	
27-21	3840-3841	a	_	_	_	
27-22	3842-3850	Galeazzo	_	_	_	
27-23	3851-3854	era	_	_	_	
27-24	3855-3863	esaurita	_	_	_	
27-25	3863-3864	.	_	_	_	

#Text=Appare invoco per la prima volta il pavone, uccello, come il fagiano, dato soltanto alla mensa dei ricchi, più per la pompa dello penne chu pel sapore della carne ; poiché era servito con tutto il suo splendido manto o il solito fuoco in bocca.
28-1	3865-3871	Appare	_	_	_	
28-2	3872-3878	invoco	_	_	_	
28-3	3879-3882	per	_	_	_	
28-4	3883-3885	la	_	_	_	
28-5	3886-3891	prima	_	_	_	
28-6	3892-3897	volta	_	_	_	
28-7	3898-3900	il	_	_	_	
28-8	3901-3907	pavone	_	_	_	
28-9	3907-3908	,	_	_	_	
28-10	3909-3916	uccello	_	_	_	
28-11	3916-3917	,	_	_	_	
28-12	3918-3922	come	_	_	_	
28-13	3923-3925	il	_	_	_	
28-14	3926-3933	fagiano	_	_	_	
28-15	3933-3934	,	_	_	_	
28-16	3935-3939	dato	_	_	_	
28-17	3940-3948	soltanto	_	_	_	
28-18	3949-3953	alla	_	_	_	
28-19	3954-3959	mensa	_	_	_	
28-20	3960-3963	dei	_	_	_	
28-21	3964-3970	ricchi	_	_	_	
28-22	3970-3971	,	_	_	_	
28-23	3972-3975	più	_	_	_	
28-24	3976-3979	per	_	_	_	
28-25	3980-3982	la	_	_	_	
28-26	3983-3988	pompa	_	_	_	
28-27	3989-3994	dello	_	_	_	
28-28	3995-4000	penne	_	_	_	
28-29	4001-4004	chu	_	_	_	
28-30	4005-4008	pel	_	_	_	
28-31	4009-4015	sapore	_	_	_	
28-32	4016-4021	della	_	_	_	
28-33	4022-4027	carne	_	_	_	
28-34	4028-4029	;	_	_	_	
28-35	4030-4036	poiché	_	_	_	
28-36	4037-4040	era	_	_	_	
28-37	4041-4048	servito	_	_	_	
28-38	4049-4052	con	_	_	_	
28-39	4053-4058	tutto	_	_	_	
28-40	4059-4061	il	_	_	_	
28-41	4062-4065	suo	_	_	_	
28-42	4066-4075	splendido	_	_	_	
28-43	4076-4081	manto	_	_	_	
28-44	4082-4083	o	_	_	_	
28-45	4084-4086	il	_	_	_	
28-46	4087-4093	solito	_	_	_	
28-47	4094-4099	fuoco	_	_	_	
28-48	4100-4102	in	_	_	_	
28-49	4103-4108	bocca	_	_	_	
28-50	4108-4109	.	_	_	_	

#Text=Lo scuoiavano, arrostivano il corpo, indi lo rivestivano della pelle aromatizzata.
29-1	4110-4112	Lo	_	_	_	
29-2	4113-4123	scuoiavano	_	_	_	
29-3	4123-4124	,	_	_	_	
29-4	4125-4136	arrostivano	_	_	_	
29-5	4137-4139	il	_	_	_	
29-6	4140-4145	corpo	_	_	_	
29-7	4145-4146	,	_	_	_	
29-8	4147-4151	indi	_	_	_	
29-9	4152-4154	lo	_	_	_	
29-10	4155-4166	rivestivano	_	_	_	
29-11	4167-4172	della	_	_	_	
29-12	4173-4178	pelle	_	_	_	
29-13	4179-4191	aromatizzata	_	_	_	
29-14	4191-4192	.	_	_	_	

#Text=Cosi era servito, segno di ammirazione, testimonio di opulenza e di possento aristocrazia, là dove oggi lo abbiamo come ornamento dei cortili, poco simpatico per la superbia, la voco rauca e la carne mediocre quando non sia giovanissimo.
30-1	4193-4197	Cosi	_	_	_	
30-2	4198-4201	era	_	_	_	
30-3	4202-4209	servito	_	_	_	
30-4	4209-4210	,	_	_	_	
30-5	4211-4216	segno	_	_	_	
30-6	4217-4219	di	_	_	_	
30-7	4220-4231	ammirazione	_	_	_	
30-8	4231-4232	,	_	_	_	
30-9	4233-4243	testimonio	_	_	_	
30-10	4244-4246	di	_	_	_	
30-11	4247-4255	opulenza	_	_	_	
30-12	4256-4257	e	_	_	_	
30-13	4258-4260	di	_	_	_	
30-14	4261-4269	possento	_	_	_	
30-15	4270-4282	aristocrazia	_	_	_	
30-16	4282-4283	,	_	_	_	
30-17	4284-4286	là	_	_	_	
30-18	4287-4291	dove	_	_	_	
30-19	4292-4296	oggi	_	_	_	
30-20	4297-4299	lo	_	_	_	
30-21	4300-4307	abbiamo	_	_	_	
30-22	4308-4312	come	_	_	_	
30-23	4313-4322	ornamento	_	_	_	
30-24	4323-4326	dei	_	_	_	
30-25	4327-4334	cortili	_	_	_	
30-26	4334-4335	,	_	_	_	
30-27	4336-4340	poco	_	_	_	
30-28	4341-4350	simpatico	_	_	_	
30-29	4351-4354	per	_	_	_	
30-30	4355-4357	la	_	_	_	
30-31	4358-4366	superbia	_	_	_	
30-32	4366-4367	,	_	_	_	
30-33	4368-4370	la	_	_	_	
30-34	4371-4375	voco	_	_	_	
30-35	4376-4381	rauca	_	_	_	
30-36	4382-4383	e	_	_	_	
30-37	4384-4386	la	_	_	_	
30-38	4387-4392	carne	_	_	_	
30-39	4393-4401	mediocre	_	_	_	
30-40	4402-4408	quando	_	_	_	
30-41	4409-4412	non	_	_	_	
30-42	4413-4416	sia	_	_	_	
30-43	4417-4429	giovanissimo	_	_	_	
30-44	4429-4430	.	_	_	_	

#Text=Tutto cambia, e così oggi nessuno penserebbe a servire uno dei più stimati bocconi con un volgare contorno di cavoli o fagiuoli in un pranzo di gala.
31-1	4431-4436	Tutto	_	_	_	
31-2	4437-4443	cambia	_	_	_	
31-3	4443-4444	,	_	_	_	
31-4	4445-4446	e	_	_	_	
31-5	4447-4451	così	_	_	_	
31-6	4452-4456	oggi	_	_	_	
31-7	4457-4464	nessuno	_	_	_	
31-8	4465-4475	penserebbe	_	_	_	
31-9	4476-4477	a	_	_	_	
31-10	4478-4485	servire	_	_	_	
31-11	4486-4489	uno	_	_	_	
31-12	4490-4493	dei	_	_	_	
31-13	4494-4497	più	_	_	_	
31-14	4498-4505	stimati	_	_	_	
31-15	4506-4513	bocconi	_	_	_	
31-16	4514-4517	con	_	_	_	
31-17	4518-4520	un	_	_	_	
31-18	4521-4528	volgare	_	_	_	
31-19	4529-4537	contorno	_	_	_	
31-20	4538-4540	di	_	_	_	
31-21	4541-4547	cavoli	_	_	_	
31-22	4548-4549	o	_	_	_	
31-23	4550-4558	fagiuoli	_	_	_	
31-24	4559-4561	in	_	_	_	
31-25	4562-4564	un	_	_	_	
31-26	4565-4571	pranzo	_	_	_	
31-27	4572-4574	di	_	_	_	
31-28	4575-4579	gala	_	_	_	
31-29	4579-4580	.	_	_	_	

#Text=È vero cho si credeva che i fagiuoli provocassero al bere ed i cavoli preservassero dall’ ubbriachezza, e si offriva cosi insieme l’ eccitamento al vizio e il rimedio alle sue conseguenze ; ma pur troppo questo non era che un pregiudizio, e dove ancor nascere il cavolo che impedisca al bevitore di cader sotto La tavola.
32-1	4581-4582	È	_	_	_	
32-2	4583-4587	vero	_	_	_	
32-3	4588-4591	cho	_	_	_	
32-4	4592-4594	si	_	_	_	
32-5	4595-4602	credeva	_	_	_	
32-6	4603-4606	che	_	_	_	
32-7	4607-4608	i	_	_	_	
32-8	4609-4617	fagiuoli	_	_	_	
32-9	4618-4630	provocassero	_	_	_	
32-10	4631-4633	al	_	_	_	
32-11	4634-4638	bere	_	_	_	
32-12	4639-4641	ed	_	_	_	
32-13	4642-4643	i	_	_	_	
32-14	4644-4650	cavoli	_	_	_	
32-15	4651-4664	preservassero	_	_	_	
32-16	4665-4669	dall	_	_	_	
32-17	4669-4670	’	_	_	_	
32-18	4671-4683	ubbriachezza	_	_	_	
32-19	4683-4684	,	_	_	_	
32-20	4685-4686	e	_	_	_	
32-21	4687-4689	si	_	_	_	
32-22	4690-4697	offriva	_	_	_	
32-23	4698-4702	cosi	_	_	_	
32-24	4703-4710	insieme	_	_	_	
32-25	4711-4712	l	_	_	_	
32-26	4712-4713	’	_	_	_	
32-27	4714-4725	eccitamento	_	_	_	
32-28	4726-4728	al	_	_	_	
32-29	4729-4734	vizio	_	_	_	
32-30	4735-4736	e	_	_	_	
32-31	4737-4739	il	_	_	_	
32-32	4740-4747	rimedio	_	_	_	
32-33	4748-4752	alle	_	_	_	
32-34	4753-4756	sue	_	_	_	
32-35	4757-4768	conseguenze	_	_	_	
32-36	4769-4770	;	_	_	_	
32-37	4771-4773	ma	_	_	_	
32-38	4774-4777	pur	_	_	_	
32-39	4778-4784	troppo	_	_	_	
32-40	4785-4791	questo	_	_	_	
32-41	4792-4795	non	_	_	_	
32-42	4796-4799	era	_	_	_	
32-43	4800-4803	che	_	_	_	
32-44	4804-4806	un	_	_	_	
32-45	4807-4818	pregiudizio	_	_	_	
32-46	4818-4819	,	_	_	_	
32-47	4820-4821	e	_	_	_	
32-48	4822-4826	dove	_	_	_	
32-49	4827-4832	ancor	_	_	_	
32-50	4833-4840	nascere	_	_	_	
32-51	4841-4843	il	_	_	_	
32-52	4844-4850	cavolo	_	_	_	
32-53	4851-4854	che	_	_	_	
32-54	4855-4864	impedisca	_	_	_	
32-55	4865-4867	al	_	_	_	
32-56	4868-4876	bevitore	_	_	_	
32-57	4877-4879	di	_	_	_	
32-58	4880-4885	cader	_	_	_	
32-59	4886-4891	sotto	_	_	_	
32-60	4892-4894	La	_	_	_	
32-61	4895-4901	tavola	_	_	_	
32-62	4901-4902	.	_	_	_	

#Text=E poiché siamo in argomento di bere, occorro far cenno di due cose troppo essenziali ad un pranzo, e che lo storico del banchetto di Galeazzo non ricorda ; cioè il pane e il vino.
33-1	4904-4905	E	_	_	_	
33-2	4906-4912	poiché	_	_	_	
33-3	4913-4918	siamo	_	_	_	
33-4	4919-4921	in	_	_	_	
33-5	4922-4931	argomento	_	_	_	
33-6	4932-4934	di	_	_	_	
33-7	4935-4939	bere	_	_	_	
33-8	4939-4940	,	_	_	_	
33-9	4941-4948	occorro	_	_	_	
33-10	4949-4952	far	_	_	_	
33-11	4953-4958	cenno	_	_	_	
33-12	4959-4961	di	_	_	_	
33-13	4962-4965	due	_	_	_	
33-14	4966-4970	cose	_	_	_	
33-15	4971-4977	troppo	_	_	_	
33-16	4978-4988	essenziali	_	_	_	
33-17	4989-4991	ad	_	_	_	
33-18	4992-4994	un	_	_	_	
33-19	4995-5001	pranzo	_	_	_	
33-20	5001-5002	,	_	_	_	
33-21	5003-5004	e	_	_	_	
33-22	5005-5008	che	_	_	_	
33-23	5009-5011	lo	_	_	_	
33-24	5012-5019	storico	_	_	_	
33-25	5020-5023	del	_	_	_	
33-26	5024-5033	banchetto	_	_	_	
33-27	5034-5036	di	_	_	_	
33-28	5037-5045	Galeazzo	_	_	_	
33-29	5046-5049	non	_	_	_	
33-30	5050-5057	ricorda	_	_	_	
33-31	5058-5059	;	_	_	_	
33-32	5060-5064	cioè	_	_	_	
33-33	5065-5067	il	_	_	_	
33-34	5068-5072	pane	_	_	_	
33-35	5073-5074	e	_	_	_	
33-36	5075-5077	il	_	_	_	
33-37	5078-5082	vino	_	_	_	
33-38	5082-5083	.	_	_	_	

#Text=Quanto al pane c’ è poco da dire, poiché l’arte del fornaio, da tempo immemorabile in qua, ha cambiato poco.
34-1	5084-5090	Quanto	_	_	_	
34-2	5091-5093	al	_	_	_	
34-3	5094-5098	pane	_	_	_	
34-4	5099-5100	c	_	_	_	
34-5	5100-5101	’	_	_	_	
34-6	5102-5103	è	_	_	_	
34-7	5104-5108	poco	_	_	_	
34-8	5109-5111	da	_	_	_	
34-9	5112-5116	dire	_	_	_	
34-10	5116-5117	,	_	_	_	
34-11	5118-5124	poiché	_	_	_	
34-12	5125-5126	l	_	_	_	
34-13	5126-5127	’	_	_	_	
34-14	5127-5131	arte	_	_	_	
34-15	5132-5135	del	_	_	_	
34-16	5136-5143	fornaio	_	_	_	
34-17	5143-5144	,	_	_	_	
34-18	5145-5147	da	_	_	_	
34-19	5148-5153	tempo	_	_	_	
34-20	5154-5166	immemorabile	_	_	_	
34-21	5167-5169	in	_	_	_	
34-22	5170-5173	qua	_	_	_	
34-23	5173-5174	,	_	_	_	
34-24	5175-5177	ha	_	_	_	
34-25	5178-5186	cambiato	_	_	_	
34-26	5187-5191	poco	_	_	_	
34-27	5191-5192	.	_	_	_	

#Text=Solo in Francia, e permolto tempo, continuò l’ uso romano del pane con forme itifattiche, e quando lo zucchero era una novità non mancarono i fornai cho vollero addolcire le loro paste.
35-1	5193-5197	Solo	_	_	_	
35-2	5198-5200	in	_	_	_	
35-3	5201-5208	Francia	_	_	_	
35-4	5208-5209	,	_	_	_	
35-5	5210-5211	e	_	_	_	
35-6	5212-5220	permolto	_	_	_	
35-7	5221-5226	tempo	_	_	_	
35-8	5226-5227	,	_	_	_	
35-9	5228-5236	continuò	_	_	_	
35-10	5237-5238	l	_	_	_	
35-11	5238-5239	’	_	_	_	
35-12	5240-5243	uso	_	_	_	
35-13	5244-5250	romano	_	_	_	
35-14	5251-5254	del	_	_	_	
35-15	5255-5259	pane	_	_	_	
35-16	5260-5263	con	_	_	_	
35-17	5264-5269	forme	_	_	_	
35-18	5270-5281	itifattiche	_	_	_	
35-19	5281-5282	,	_	_	_	
35-20	5283-5284	e	_	_	_	
35-21	5285-5291	quando	_	_	_	
35-22	5292-5294	lo	_	_	_	
35-23	5295-5303	zucchero	_	_	_	
35-24	5304-5307	era	_	_	_	
35-25	5308-5311	una	_	_	_	
35-26	5312-5318	novità	_	_	_	
35-27	5319-5322	non	_	_	_	
35-28	5323-5332	mancarono	_	_	_	
35-29	5333-5334	i	_	_	_	
35-30	5335-5341	fornai	_	_	_	
35-31	5342-5345	cho	_	_	_	
35-32	5346-5353	vollero	_	_	_	
35-33	5354-5363	addolcire	_	_	_	
35-34	5364-5366	le	_	_	_	
35-35	5367-5371	loro	_	_	_	
35-36	5372-5377	paste	_	_	_	
35-37	5377-5378	.	_	_	_	

#Text=Ma l ' uso nauseabondo fu presto abbandonato.
36-1	5379-5381	Ma	_	_	_	
36-2	5382-5383	l	_	_	_	
36-3	5384-5385	'	_	_	_	
36-4	5386-5389	uso	_	_	_	
36-5	5390-5401	nauseabondo	Smell\_Word[12]|Quality[13]	*	36-5[13_12]	
36-6	5402-5404	fu	_	_	_	
36-7	5405-5411	presto	_	_	_	
36-8	5412-5423	abbandonato	_	_	_	
36-9	5423-5424	.	_	_	_	

#Text=Il vino invece era diverso di tipo dai nostri, il vino dolce bianco parve agli antichi il miglior prodoto della enologia.
37-1	5425-5427	Il	_	_	_	
37-2	5428-5432	vino	_	_	_	
37-3	5433-5439	invece	_	_	_	
37-4	5440-5443	era	_	_	_	
37-5	5444-5451	diverso	_	_	_	
37-6	5452-5454	di	_	_	_	
37-7	5455-5459	tipo	_	_	_	
37-8	5460-5463	dai	_	_	_	
37-9	5464-5470	nostri	_	_	_	
37-10	5470-5471	,	_	_	_	
37-11	5472-5474	il	_	_	_	
37-12	5475-5479	vino	_	_	_	
37-13	5480-5485	dolce	_	_	_	
37-14	5486-5492	bianco	_	_	_	
37-15	5493-5498	parve	_	_	_	
37-16	5499-5503	agli	_	_	_	
37-17	5504-5511	antichi	_	_	_	
37-18	5512-5514	il	_	_	_	
37-19	5515-5522	miglior	_	_	_	
37-20	5523-5530	prodoto	_	_	_	
37-21	5531-5536	della	_	_	_	
37-22	5537-5545	enologia	_	_	_	
37-23	5545-5546	.	_	_	_	

#Text=Già in fatto di vino i Romani avevano avuto gusti curiosi.
38-1	5547-5550	Già	_	_	_	
38-2	5551-5553	in	_	_	_	
38-3	5554-5559	fatto	_	_	_	
38-4	5560-5562	di	_	_	_	
38-5	5563-5567	vino	_	_	_	
38-6	5568-5569	i	_	_	_	
38-7	5570-5576	Romani	_	_	_	
38-8	5577-5584	avevano	_	_	_	
38-9	5585-5590	avuto	_	_	_	
38-10	5591-5596	gusti	_	_	_	
38-11	5597-5604	curiosi	_	_	_	
38-12	5604-5605	.	_	_	_	

#Text=Lo preferivano medicato o denso.
39-1	5608-5610	Lo	_	_	_	
39-2	5611-5622	preferivano	_	_	_	
39-3	5623-5631	medicato	_	_	_	
39-4	5632-5633	o	_	_	_	
39-5	5634-5639	denso	_	_	_	
39-6	5639-5640	.	_	_	_	

#Text=Se Dioscoride non ce ne avesse lasciato l’ affermazione ed il processo, non si crederebbe che il vino antico fosse non di rado preparato, coll’ acqua di mare, Ippocrate e Plinio lo testimoniano anch ' essi, ed è forza crederlo.
40-1	5641-5643	Se	_	_	_	
40-2	5644-5654	Dioscoride	_	_	_	
40-3	5655-5658	non	_	_	_	
40-4	5659-5661	ce	_	_	_	
40-5	5662-5664	ne	_	_	_	
40-6	5665-5671	avesse	_	_	_	
40-7	5672-5680	lasciato	_	_	_	
40-8	5681-5682	l	_	_	_	
40-9	5682-5683	’	_	_	_	
40-10	5684-5696	affermazione	_	_	_	
40-11	5697-5699	ed	_	_	_	
40-12	5700-5702	il	_	_	_	
40-13	5703-5711	processo	_	_	_	
40-14	5711-5712	,	_	_	_	
40-15	5713-5716	non	_	_	_	
40-16	5717-5719	si	_	_	_	
40-17	5720-5730	crederebbe	_	_	_	
40-18	5731-5734	che	_	_	_	
40-19	5735-5737	il	_	_	_	
40-20	5738-5742	vino	_	_	_	
40-21	5743-5749	antico	_	_	_	
40-22	5750-5755	fosse	_	_	_	
40-23	5756-5759	non	_	_	_	
40-24	5760-5762	di	_	_	_	
40-25	5763-5767	rado	_	_	_	
40-26	5768-5777	preparato	_	_	_	
40-27	5777-5778	,	_	_	_	
40-28	5779-5783	coll	_	_	_	
40-29	5783-5784	’	_	_	_	
40-30	5785-5790	acqua	_	_	_	
40-31	5791-5793	di	_	_	_	
40-32	5794-5798	mare	_	_	_	
40-33	5798-5799	,	_	_	_	
40-34	5800-5809	Ippocrate	_	_	_	
40-35	5810-5811	e	_	_	_	
40-36	5812-5818	Plinio	_	_	_	
40-37	5819-5821	lo	_	_	_	
40-38	5822-5834	testimoniano	_	_	_	
40-39	5835-5839	anch	_	_	_	
40-40	5840-5841	'	_	_	_	
40-41	5842-5846	essi	_	_	_	
40-42	5846-5847	,	_	_	_	
40-43	5848-5850	ed	_	_	_	
40-44	5851-5852	è	_	_	_	
40-45	5853-5858	forza	_	_	_	
40-46	5859-5867	crederlo	_	_	_	
40-47	5867-5868	.	_	_	_	

#Text=Di più, era fabbricato con ùve appassite come il diachiton de’ Greci, e diventava quasi uno sciroppo poco fermentato.
41-1	5869-5871	Di	_	_	_	
41-2	5872-5875	più	_	_	_	
41-3	5875-5876	,	_	_	_	
41-4	5877-5880	era	_	_	_	
41-5	5881-5891	fabbricato	_	_	_	
41-6	5892-5895	con	_	_	_	
41-7	5896-5899	ùve	_	_	_	
41-8	5900-5909	appassite	_	_	_	
41-9	5910-5914	come	_	_	_	
41-10	5915-5917	il	_	_	_	
41-11	5918-5927	diachiton	_	_	_	
41-12	5928-5930	de	_	_	_	
41-13	5930-5931	’	_	_	_	
41-14	5932-5937	Greci	_	_	_	
41-15	5937-5938	,	_	_	_	
41-16	5939-5940	e	_	_	_	
41-17	5941-5950	diventava	_	_	_	
41-18	5951-5956	quasi	_	_	_	
41-19	5957-5960	uno	_	_	_	
41-20	5961-5969	sciroppo	_	_	_	
41-21	5970-5974	poco	_	_	_	
41-22	5975-5985	fermentato	_	_	_	
41-23	5985-5986	.	_	_	_	

#Text=Il celebre vino del, consolato d’ Opimio prese la consistenza del miele.
42-1	5989-5991	Il	_	_	_	
42-2	5992-5999	celebre	_	_	_	
42-3	6000-6004	vino	_	_	_	
42-4	6005-6008	del	_	_	_	
42-5	6008-6009	,	_	_	_	
42-6	6010-6019	consolato	_	_	_	
42-7	6020-6021	d	_	_	_	
42-8	6021-6022	’	_	_	_	
42-9	6023-6029	Opimio	_	_	_	
42-10	6030-6035	prese	_	_	_	
42-11	6036-6038	la	_	_	_	
42-12	6039-6050	consistenza	_	_	_	
42-13	6051-6054	del	_	_	_	
42-14	6055-6060	miele	_	_	_	
42-15	6060-6061	.	_	_	_	

#Text=Nel medio evo ancora furono preferiti i vini dolci, e tre specialmente furono i vini di lusso: il greco, la malvasia e la vernaccia.
43-1	6062-6065	Nel	_	_	_	
43-2	6066-6071	medio	_	_	_	
43-3	6072-6075	evo	_	_	_	
43-4	6076-6082	ancora	_	_	_	
43-5	6083-6089	furono	_	_	_	
43-6	6090-6099	preferiti	_	_	_	
43-7	6100-6101	i	_	_	_	
43-8	6102-6106	vini	_	_	_	
43-9	6107-6112	dolci	_	_	_	
43-10	6112-6113	,	_	_	_	
43-11	6114-6115	e	_	_	_	
43-12	6116-6119	tre	_	_	_	
43-13	6120-6132	specialmente	_	_	_	
43-14	6133-6139	furono	_	_	_	
43-15	6140-6141	i	_	_	_	
43-16	6142-6146	vini	_	_	_	
43-17	6147-6149	di	_	_	_	
43-18	6150-6155	lusso	_	_	_	
43-19	6155-6156	:	_	_	_	
43-20	6157-6159	il	_	_	_	
43-21	6160-6165	greco	_	_	_	
43-22	6165-6166	,	_	_	_	
43-23	6167-6169	la	_	_	_	
43-24	6170-6178	malvasia	_	_	_	
43-25	6179-6180	e	_	_	_	
43-26	6181-6183	la	_	_	_	
43-27	6184-6193	vernaccia	_	_	_	
43-28	6193-6194	.	_	_	_	

#Text=Il greco non era altro che il nostro moscato dolce, ottenuto da un vitigno originario di Candia.
44-1	6196-6198	Il	_	_	_	
44-2	6199-6204	greco	_	_	_	
44-3	6205-6208	non	_	_	_	
44-4	6209-6212	era	_	_	_	
44-5	6213-6218	altro	_	_	_	
44-6	6219-6222	che	_	_	_	
44-7	6223-6225	il	_	_	_	
44-8	6226-6232	nostro	_	_	_	
44-9	6233-6240	moscato	_	_	_	
44-10	6241-6246	dolce	_	_	_	
44-11	6246-6247	,	_	_	_	
44-12	6248-6256	ottenuto	_	_	_	
44-13	6257-6259	da	_	_	_	
44-14	6260-6262	un	_	_	_	
44-15	6263-6270	vitigno	_	_	_	
44-16	6271-6281	originario	_	_	_	
44-17	6282-6284	di	_	_	_	
44-18	6285-6291	Candia	_	_	_	
44-19	6291-6292	.	_	_	_	

#Text=La malvada si otteneva da un vitigno di Cipro ; ma i maglioli forestieri trapiantati in altro terreno o sotto altro sole, imbastardivano presto.
45-1	6293-6295	La	_	_	_	
45-2	6296-6303	malvada	_	_	_	
45-3	6304-6306	si	_	_	_	
45-4	6307-6315	otteneva	_	_	_	
45-5	6316-6318	da	_	_	_	
45-6	6319-6321	un	_	_	_	
45-7	6322-6329	vitigno	_	_	_	
45-8	6330-6332	di	_	_	_	
45-9	6333-6338	Cipro	_	_	_	
45-10	6339-6340	;	_	_	_	
45-11	6341-6343	ma	_	_	_	
45-12	6344-6345	i	_	_	_	
45-13	6346-6354	maglioli	_	_	_	
45-14	6355-6365	forestieri	_	_	_	
45-15	6366-6377	trapiantati	_	_	_	
45-16	6378-6380	in	_	_	_	
45-17	6381-6386	altro	_	_	_	
45-18	6387-6394	terreno	_	_	_	
45-19	6395-6396	o	_	_	_	
45-20	6397-6402	sotto	_	_	_	
45-21	6403-6408	altro	_	_	_	
45-22	6409-6413	sole	_	_	_	
45-23	6413-6414	,	_	_	_	
45-24	6415-6429	imbastardivano	_	_	_	
45-25	6430-6436	presto	_	_	_	
45-26	6436-6437	.	_	_	_	

#Text=Più grati ai nostri vecchi erano quindi i vini importati direttamente dall’ Arcipelago per opera de’ Veneziani, vini di maggior profumo e forza, e forse, come quelli cho piacevano ai Romani, medicati con aromi o mastice atti a far sopportare meglio la navigazione.
46-1	6438-6441	Più	Perceiver[14]	_	_	
46-2	6442-6447	grati	Perceiver[14]	_	_	
46-3	6448-6450	ai	Perceiver[14]	_	_	
46-4	6451-6457	nostri	Perceiver[14]	_	_	
46-5	6458-6464	vecchi	Perceiver[14]	_	_	
46-6	6465-6470	erano	_	_	_	
46-7	6471-6477	quindi	_	_	_	
46-8	6478-6479	i	Smell\_Source[15]	_	_	
46-9	6480-6484	vini	Smell\_Source[15]	_	_	
46-10	6485-6494	importati	Smell\_Source[15]	_	_	
46-11	6495-6507	direttamente	Smell\_Source[15]	_	_	
46-12	6508-6512	dall	Smell\_Source[15]	_	_	
46-13	6512-6513	’	Smell\_Source[15]	_	_	
46-14	6514-6524	Arcipelago	Smell\_Source[15]	_	_	
46-15	6525-6528	per	_	_	_	
46-16	6529-6534	opera	_	_	_	
46-17	6535-6537	de	_	_	_	
46-18	6537-6538	’	_	_	_	
46-19	6539-6548	Veneziani	_	_	_	
46-20	6548-6549	,	_	_	_	
46-21	6550-6554	vini	_	_	_	
46-22	6555-6557	di	_	_	_	
46-23	6558-6565	maggior	Quality	_	_	
46-24	6566-6573	profumo	Smell\_Word	*|*|*	46-23|46-1[14_0]|46-8[15_0]	
46-25	6574-6575	e	_	_	_	
46-26	6576-6581	forza	_	_	_	
46-27	6581-6582	,	_	_	_	
46-28	6583-6584	e	_	_	_	
46-29	6585-6590	forse	_	_	_	
46-30	6590-6591	,	_	_	_	
46-31	6592-6596	come	_	_	_	
46-32	6597-6603	quelli	_	_	_	
46-33	6604-6607	cho	_	_	_	
46-34	6608-6617	piacevano	_	_	_	
46-35	6618-6620	ai	_	_	_	
46-36	6621-6627	Romani	_	_	_	
46-37	6627-6628	,	_	_	_	
46-38	6629-6637	medicati	_	_	_	
46-39	6638-6641	con	_	_	_	
46-40	6642-6647	aromi	_	_	_	
46-41	6648-6649	o	_	_	_	
46-42	6650-6657	mastice	_	_	_	
46-43	6658-6662	atti	_	_	_	
46-44	6663-6664	a	_	_	_	
46-45	6665-6668	far	_	_	_	
46-46	6669-6679	sopportare	_	_	_	
46-47	6680-6686	meglio	_	_	_	
46-48	6687-6689	la	_	_	_	
46-49	6690-6701	navigazione	_	_	_	
46-50	6701-6702	.	_	_	_	

#Text=Il palato de’ signori del medioevo, tanto ingordo di spezie, era dolcemente accarezzato dal sapore di farmacia.
47-1	6703-6705	Il	_	_	_	
47-2	6706-6712	palato	_	_	_	
47-3	6713-6715	de	_	_	_	
47-4	6715-6716	’	_	_	_	
47-5	6717-6724	signori	_	_	_	
47-6	6725-6728	del	_	_	_	
47-7	6729-6737	medioevo	_	_	_	
47-8	6737-6738	,	_	_	_	
47-9	6739-6744	tanto	_	_	_	
47-10	6745-6752	ingordo	_	_	_	
47-11	6753-6755	di	_	_	_	
47-12	6756-6762	spezie	_	_	_	
47-13	6762-6763	,	_	_	_	
47-14	6764-6767	era	_	_	_	
47-15	6768-6778	dolcemente	_	_	_	
47-16	6779-6790	accarezzato	_	_	_	
47-17	6791-6794	dal	_	_	_	
47-18	6795-6801	sapore	_	_	_	
47-19	6802-6804	di	_	_	_	
47-20	6805-6813	farmacia	_	_	_	
47-21	6813-6814	.	_	_	_	

#Text=La vernaccia invece era vino indigeno, e la più stimata era quella di Corniglia (Cornegliano?)
48-1	6816-6818	La	_	_	_	
48-2	6819-6828	vernaccia	_	_	_	
48-3	6829-6835	invece	_	_	_	
48-4	6836-6839	era	_	_	_	
48-5	6840-6844	vino	_	_	_	
48-6	6845-6853	indigeno	_	_	_	
48-7	6853-6854	,	_	_	_	
48-8	6855-6856	e	_	_	_	
48-9	6857-6859	la	_	_	_	
48-10	6860-6863	più	_	_	_	
48-11	6864-6871	stimata	_	_	_	
48-12	6872-6875	era	_	_	_	
48-13	6876-6882	quella	_	_	_	
48-14	6883-6885	di	_	_	_	
48-15	6886-6895	Corniglia	_	_	_	
48-16	6896-6897	(	_	_	_	
48-17	6897-6908	Cornegliano	_	_	_	
48-18	6908-6909	?	_	_	_	
48-19	6909-6910	)	_	_	_	

#Text=nella riviera di Genova.
49-1	6911-6916	nella	_	_	_	
49-2	6917-6924	riviera	_	_	_	
49-3	6925-6927	di	_	_	_	
49-4	6928-6934	Genova	_	_	_	
49-5	6934-6935	.	_	_	_	

#Text=Ottenuta con uve appassite e molto alcoolica, ubriacava volentieri, non meno che altri vini indigeni bianchi, od anche rossi, di ininor pregio ed ottenuti per macerazione.
50-1	6936-6944	Ottenuta	_	_	_	
50-2	6945-6948	con	_	_	_	
50-3	6949-6952	uve	_	_	_	
50-4	6953-6962	appassite	_	_	_	
50-5	6963-6964	e	_	_	_	
50-6	6965-6970	molto	_	_	_	
50-7	6971-6980	alcoolica	_	_	_	
50-8	6980-6981	,	_	_	_	
50-9	6982-6991	ubriacava	_	_	_	
50-10	6992-7002	volentieri	_	_	_	
50-11	7002-7003	,	_	_	_	
50-12	7004-7007	non	_	_	_	
50-13	7008-7012	meno	_	_	_	
50-14	7013-7016	che	_	_	_	
50-15	7017-7022	altri	_	_	_	
50-16	7023-7027	vini	_	_	_	
50-17	7028-7036	indigeni	_	_	_	
50-18	7037-7044	bianchi	_	_	_	
50-19	7044-7045	,	_	_	_	
50-20	7046-7048	od	_	_	_	
50-21	7049-7054	anche	_	_	_	
50-22	7055-7060	rossi	_	_	_	
50-23	7060-7061	,	_	_	_	
50-24	7062-7064	di	_	_	_	
50-25	7065-7071	ininor	_	_	_	
50-26	7072-7078	pregio	_	_	_	
50-27	7079-7081	ed	_	_	_	
50-28	7082-7090	ottenuti	_	_	_	
50-29	7091-7094	per	_	_	_	
50-30	7095-7106	macerazione	_	_	_	
50-31	7106-7107	.	_	_	_	

#Text=I vini del mezzogiorno, benché non si chiamassero più Massico e Falerno, erano di gran nome come il greco di Somma; ma nell’Alta Italia piacevano anche il greco ed il chiarello d’Alba e di Saluzzo, il chiarello di Acqui ed i vini a tipo di vernaccia di Lodi, di Crema, di Bnescia o di Como.
51-1	7108-7109	I	_	_	_	
51-2	7110-7114	vini	_	_	_	
51-3	7115-7118	del	_	_	_	
51-4	7119-7130	mezzogiorno	_	_	_	
51-5	7130-7131	,	_	_	_	
51-6	7132-7138	benché	_	_	_	
51-7	7139-7142	non	_	_	_	
51-8	7143-7145	si	_	_	_	
51-9	7146-7157	chiamassero	_	_	_	
51-10	7158-7161	più	_	_	_	
51-11	7162-7169	Massico	_	_	_	
51-12	7170-7171	e	_	_	_	
51-13	7172-7179	Falerno	_	_	_	
51-14	7179-7180	,	_	_	_	
51-15	7181-7186	erano	_	_	_	
51-16	7187-7189	di	_	_	_	
51-17	7190-7194	gran	_	_	_	
51-18	7195-7199	nome	_	_	_	
51-19	7200-7204	come	_	_	_	
51-20	7205-7207	il	_	_	_	
51-21	7208-7213	greco	_	_	_	
51-22	7214-7216	di	_	_	_	
51-23	7217-7222	Somma	_	_	_	
51-24	7222-7223	;	_	_	_	
51-25	7224-7226	ma	_	_	_	
51-26	7227-7231	nell	_	_	_	
51-27	7231-7232	’	_	_	_	
51-28	7232-7236	Alta	_	_	_	
51-29	7237-7243	Italia	_	_	_	
51-30	7244-7253	piacevano	_	_	_	
51-31	7254-7259	anche	_	_	_	
51-32	7260-7262	il	_	_	_	
51-33	7263-7268	greco	_	_	_	
51-34	7269-7271	ed	_	_	_	
51-35	7272-7274	il	_	_	_	
51-36	7275-7284	chiarello	_	_	_	
51-37	7285-7286	d	_	_	_	
51-38	7286-7287	’	_	_	_	
51-39	7287-7291	Alba	_	_	_	
51-40	7292-7293	e	_	_	_	
51-41	7294-7296	di	_	_	_	
51-42	7297-7304	Saluzzo	_	_	_	
51-43	7304-7305	,	_	_	_	
51-44	7306-7308	il	_	_	_	
51-45	7309-7318	chiarello	_	_	_	
51-46	7319-7321	di	_	_	_	
51-47	7322-7327	Acqui	_	_	_	
51-48	7328-7330	ed	_	_	_	
51-49	7331-7332	i	_	_	_	
51-50	7333-7337	vini	_	_	_	
51-51	7338-7339	a	_	_	_	
51-52	7340-7344	tipo	_	_	_	
51-53	7345-7347	di	_	_	_	
51-54	7348-7357	vernaccia	_	_	_	
51-55	7358-7360	di	_	_	_	
51-56	7361-7365	Lodi	_	_	_	
51-57	7365-7366	,	_	_	_	
51-58	7367-7369	di	_	_	_	
51-59	7370-7375	Crema	_	_	_	
51-60	7375-7376	,	_	_	_	
51-61	7377-7379	di	_	_	_	
51-62	7380-7387	Bnescia	_	_	_	
51-63	7388-7389	o	_	_	_	
51-64	7390-7392	di	_	_	_	
51-65	7393-7397	Como	_	_	_	
51-66	7397-7398	.	_	_	_	

#Text=I vini forestieri, salvo quelli di Levante, allora in Italia non venivano, e nell’ Europa centrale in pregio orano soltanto quelli di Borgogna e del Reno, mentre la fama del bordeaux è tanto recente, che Luigi XV, nel secolo scorso, lo giudicava appena passabile.
52-1	7399-7400	I	_	_	_	
52-2	7401-7405	vini	_	_	_	
52-3	7406-7416	forestieri	_	_	_	
52-4	7416-7417	,	_	_	_	
52-5	7418-7423	salvo	_	_	_	
52-6	7424-7430	quelli	_	_	_	
52-7	7431-7433	di	_	_	_	
52-8	7434-7441	Levante	_	_	_	
52-9	7441-7442	,	_	_	_	
52-10	7443-7449	allora	_	_	_	
52-11	7450-7452	in	_	_	_	
52-12	7453-7459	Italia	_	_	_	
52-13	7460-7463	non	_	_	_	
52-14	7464-7472	venivano	_	_	_	
52-15	7472-7473	,	_	_	_	
52-16	7474-7475	e	_	_	_	
52-17	7476-7480	nell	_	_	_	
52-18	7480-7481	’	_	_	_	
52-19	7482-7488	Europa	_	_	_	
52-20	7489-7497	centrale	_	_	_	
52-21	7498-7500	in	_	_	_	
52-22	7501-7507	pregio	_	_	_	
52-23	7508-7513	orano	_	_	_	
52-24	7514-7522	soltanto	_	_	_	
52-25	7523-7529	quelli	_	_	_	
52-26	7530-7532	di	_	_	_	
52-27	7533-7541	Borgogna	_	_	_	
52-28	7542-7543	e	_	_	_	
52-29	7544-7547	del	_	_	_	
52-30	7548-7552	Reno	_	_	_	
52-31	7552-7553	,	_	_	_	
52-32	7554-7560	mentre	_	_	_	
52-33	7561-7563	la	_	_	_	
52-34	7564-7568	fama	_	_	_	
52-35	7569-7572	del	_	_	_	
52-36	7573-7581	bordeaux	_	_	_	
52-37	7582-7583	è	_	_	_	
52-38	7584-7589	tanto	_	_	_	
52-39	7590-7597	recente	_	_	_	
52-40	7597-7598	,	_	_	_	
52-41	7599-7602	che	_	_	_	
52-42	7603-7608	Luigi	_	_	_	
52-43	7609-7611	XV	_	_	_	
52-44	7611-7612	,	_	_	_	
52-45	7613-7616	nel	_	_	_	
52-46	7617-7623	secolo	_	_	_	
52-47	7624-7630	scorso	_	_	_	
52-48	7630-7631	,	_	_	_	
52-49	7632-7634	lo	_	_	_	
52-50	7635-7644	giudicava	_	_	_	
52-51	7645-7651	appena	_	_	_	
52-52	7652-7661	passabile	_	_	_	
52-53	7661-7662	.	_	_	_	

#Text=Il tipo di questi vini non poteva del resto piacere ai nostri signori del medio evo come piace a noi, i quali preferiamo al fiasco paesano i vini esteri fabbricati collo nostre uve di Bari o di Barletta e medicati con rosso d ' anilina e campeggio.
53-1	7663-7665	Il	_	_	_	
53-2	7666-7670	tipo	_	_	_	
53-3	7671-7673	di	_	_	_	
53-4	7674-7680	questi	_	_	_	
53-5	7681-7685	vini	_	_	_	
53-6	7686-7689	non	_	_	_	
53-7	7690-7696	poteva	_	_	_	
53-8	7697-7700	del	_	_	_	
53-9	7701-7706	resto	_	_	_	
53-10	7707-7714	piacere	_	_	_	
53-11	7715-7717	ai	_	_	_	
53-12	7718-7724	nostri	_	_	_	
53-13	7725-7732	signori	_	_	_	
53-14	7733-7736	del	_	_	_	
53-15	7737-7742	medio	_	_	_	
53-16	7743-7746	evo	_	_	_	
53-17	7747-7751	come	_	_	_	
53-18	7752-7757	piace	_	_	_	
53-19	7758-7759	a	_	_	_	
53-20	7760-7763	noi	_	_	_	
53-21	7763-7764	,	_	_	_	
53-22	7765-7766	i	_	_	_	
53-23	7767-7772	quali	_	_	_	
53-24	7773-7783	preferiamo	_	_	_	
53-25	7784-7786	al	_	_	_	
53-26	7787-7793	fiasco	_	_	_	
53-27	7794-7801	paesano	_	_	_	
53-28	7802-7803	i	_	_	_	
53-29	7804-7808	vini	_	_	_	
53-30	7809-7815	esteri	_	_	_	
53-31	7816-7826	fabbricati	_	_	_	
53-32	7827-7832	collo	_	_	_	
53-33	7833-7839	nostre	_	_	_	
53-34	7840-7843	uve	_	_	_	
53-35	7844-7846	di	_	_	_	
53-36	7847-7851	Bari	_	_	_	
53-37	7852-7853	o	_	_	_	
53-38	7854-7856	di	_	_	_	
53-39	7857-7865	Barletta	_	_	_	
53-40	7866-7867	e	_	_	_	
53-41	7868-7876	medicati	_	_	_	
53-42	7877-7880	con	_	_	_	
53-43	7881-7886	rosso	_	_	_	
53-44	7887-7888	d	_	_	_	
53-45	7889-7890	'	_	_	_	
53-46	7891-7898	anilina	_	_	_	
53-47	7899-7900	e	_	_	_	
53-48	7901-7910	campeggio	_	_	_	
53-49	7910-7911	.	_	_	_	

#Text=Non che anche allora non ci fosse qualche ricetta per correggere o falsificare, ma in fatto di birberia noi diamo trecento punti all ' ingenuo trecento.
54-1	7912-7915	Non	_	_	_	
54-2	7916-7919	che	_	_	_	
54-3	7920-7925	anche	_	_	_	
54-4	7926-7932	allora	_	_	_	
54-5	7933-7936	non	_	_	_	
54-6	7937-7939	ci	_	_	_	
54-7	7940-7945	fosse	_	_	_	
54-8	7946-7953	qualche	_	_	_	
54-9	7954-7961	ricetta	_	_	_	
54-10	7962-7965	per	_	_	_	
54-11	7966-7976	correggere	_	_	_	
54-12	7977-7978	o	_	_	_	
54-13	7979-7990	falsificare	_	_	_	
54-14	7990-7991	,	_	_	_	
54-15	7992-7994	ma	_	_	_	
54-16	7995-7997	in	_	_	_	
54-17	7998-8003	fatto	_	_	_	
54-18	8004-8006	di	_	_	_	
54-19	8007-8015	birberia	_	_	_	
54-20	8016-8019	noi	_	_	_	
54-21	8020-8025	diamo	_	_	_	
54-22	8026-8034	trecento	_	_	_	
54-23	8035-8040	punti	_	_	_	
54-24	8041-8044	all	_	_	_	
54-25	8045-8046	'	_	_	_	
54-26	8047-8054	ingenuo	_	_	_	
54-27	8055-8063	trecento	_	_	_	
54-28	8063-8064	.	_	_	_	

#Text=Ma il cuoco di Galeazzo qui si ricordò che il pranzo volgeva al fine e che i convitati dovevano aver bisogno di un ultimo arrosto per accomodare lo stomaco.
55-1	8067-8069	Ma	_	_	_	
55-2	8070-8072	il	_	_	_	
55-3	8073-8078	cuoco	_	_	_	
55-4	8079-8081	di	_	_	_	
55-5	8082-8090	Galeazzo	_	_	_	
55-6	8091-8094	qui	_	_	_	
55-7	8095-8097	si	_	_	_	
55-8	8098-8105	ricordò	_	_	_	
55-9	8106-8109	che	_	_	_	
55-10	8110-8112	il	_	_	_	
55-11	8113-8119	pranzo	_	_	_	
55-12	8120-8127	volgeva	_	_	_	
55-13	8128-8130	al	_	_	_	
55-14	8131-8135	fine	_	_	_	
55-15	8136-8137	e	_	_	_	
55-16	8138-8141	che	_	_	_	
55-17	8142-8143	i	_	_	_	
55-18	8144-8153	convitati	_	_	_	
55-19	8154-8162	dovevano	_	_	_	
55-20	8163-8167	aver	_	_	_	
55-21	8168-8175	bisogno	_	_	_	
55-22	8176-8178	di	_	_	_	
55-23	8179-8181	un	_	_	_	
55-24	8182-8188	ultimo	_	_	_	
55-25	8189-8196	arrosto	_	_	_	
55-26	8197-8200	per	_	_	_	
55-27	8201-8211	accomodare	_	_	_	
55-28	8212-8214	lo	_	_	_	
55-29	8215-8222	stomaco	_	_	_	
55-30	8222-8223	.	_	_	_	

#Text=Ne servi perciò uno di conìgli, di pavoni di nuovo, e di anatre di nuovo, e, per compire degnamente questa serie di carnaccia arrostita, nientemeno che di cigni.
56-1	8224-8226	Ne	_	_	_	
56-2	8227-8232	servi	_	_	_	
56-3	8233-8239	perciò	_	_	_	
56-4	8240-8243	uno	_	_	_	
56-5	8244-8246	di	_	_	_	
56-6	8247-8254	conìgli	_	_	_	
56-7	8254-8255	,	_	_	_	
56-8	8256-8258	di	_	_	_	
56-9	8259-8265	pavoni	_	_	_	
56-10	8266-8268	di	_	_	_	
56-11	8269-8274	nuovo	_	_	_	
56-12	8274-8275	,	_	_	_	
56-13	8276-8277	e	_	_	_	
56-14	8278-8280	di	_	_	_	
56-15	8281-8287	anatre	_	_	_	
56-16	8288-8290	di	_	_	_	
56-17	8291-8296	nuovo	_	_	_	
56-18	8296-8297	,	_	_	_	
56-19	8298-8299	e	_	_	_	
56-20	8299-8300	,	_	_	_	
56-21	8301-8304	per	_	_	_	
56-22	8305-8312	compire	_	_	_	
56-23	8313-8323	degnamente	_	_	_	
56-24	8324-8330	questa	_	_	_	
56-25	8331-8336	serie	_	_	_	
56-26	8337-8339	di	_	_	_	
56-27	8340-8349	carnaccia	_	_	_	
56-28	8350-8359	arrostita	_	_	_	
56-29	8359-8360	,	_	_	_	
56-30	8361-8371	nientemeno	_	_	_	
56-31	8372-8375	che	_	_	_	
56-32	8376-8378	di	_	_	_	
56-33	8379-8384	cigni	_	_	_	
56-34	8384-8385	.	_	_	_	

#Text=Il cuoco, si vedo, voleva proprio finire col suo canto del cigno.
57-1	8386-8388	Il	_	_	_	
57-2	8389-8394	cuoco	_	_	_	
57-3	8394-8395	,	_	_	_	
57-4	8396-8398	si	_	_	_	
57-5	8399-8403	vedo	_	_	_	
57-6	8403-8404	,	_	_	_	
57-7	8405-8411	voleva	_	_	_	
57-8	8412-8419	proprio	_	_	_	
57-9	8420-8426	finire	_	_	_	
57-10	8427-8430	col	_	_	_	
57-11	8431-8434	suo	_	_	_	
57-12	8435-8440	canto	_	_	_	
57-13	8441-8444	del	_	_	_	
57-14	8445-8450	cigno	_	_	_	
57-15	8450-8451	.	_	_	_	

#Text=Ma se invece intese di faro una elegante allusione a Francesco Petrarca, che il dolco canto fece chiamar cigno, non indovinò giusto, lasciamo a parte quel che tutti sanno, che il poetico animale non canta mai, ma emetto soltanto un orribile grido di tromba sfiatata.
58-1	8452-8454	Ma	_	_	_	
58-2	8455-8457	se	_	_	_	
58-3	8458-8464	invece	_	_	_	
58-4	8465-8471	intese	_	_	_	
58-5	8472-8474	di	_	_	_	
58-6	8475-8479	faro	_	_	_	
58-7	8480-8483	una	_	_	_	
58-8	8484-8492	elegante	_	_	_	
58-9	8493-8502	allusione	_	_	_	
58-10	8503-8504	a	_	_	_	
58-11	8505-8514	Francesco	_	_	_	
58-12	8515-8523	Petrarca	_	_	_	
58-13	8523-8524	,	_	_	_	
58-14	8525-8528	che	_	_	_	
58-15	8529-8531	il	_	_	_	
58-16	8532-8537	dolco	_	_	_	
58-17	8538-8543	canto	_	_	_	
58-18	8544-8548	fece	_	_	_	
58-19	8549-8556	chiamar	_	_	_	
58-20	8557-8562	cigno	_	_	_	
58-21	8562-8563	,	_	_	_	
58-22	8564-8567	non	_	_	_	
58-23	8568-8576	indovinò	_	_	_	
58-24	8577-8583	giusto	_	_	_	
58-25	8583-8584	,	_	_	_	
58-26	8585-8593	lasciamo	_	_	_	
58-27	8594-8595	a	_	_	_	
58-28	8596-8601	parte	_	_	_	
58-29	8602-8606	quel	_	_	_	
58-30	8607-8610	che	_	_	_	
58-31	8611-8616	tutti	_	_	_	
58-32	8617-8622	sanno	_	_	_	
58-33	8622-8623	,	_	_	_	
58-34	8624-8627	che	_	_	_	
58-35	8628-8630	il	_	_	_	
58-36	8631-8638	poetico	_	_	_	
58-37	8639-8646	animale	_	_	_	
58-38	8647-8650	non	_	_	_	
58-39	8651-8656	canta	_	_	_	
58-40	8657-8660	mai	_	_	_	
58-41	8660-8661	,	_	_	_	
58-42	8662-8664	ma	_	_	_	
58-43	8665-8671	emetto	_	_	_	
58-44	8672-8680	soltanto	_	_	_	
58-45	8681-8683	un	_	_	_	
58-46	8684-8692	orribile	_	_	_	
58-47	8693-8698	grido	_	_	_	
58-48	8699-8701	di	_	_	_	
58-49	8702-8708	tromba	_	_	_	
58-50	8709-8717	sfiatata	_	_	_	
58-51	8717-8718	.	_	_	_	

#Text=Il peggio però è che la sua carne nera e tigliosa non sta nemmeno al pari di quella della volgarissima oca.
59-1	8719-8721	Il	_	_	_	
59-2	8722-8728	peggio	_	_	_	
59-3	8729-8733	però	_	_	_	
59-4	8734-8735	è	_	_	_	
59-5	8736-8739	che	_	_	_	
59-6	8740-8742	la	_	_	_	
59-7	8743-8746	sua	_	_	_	
59-8	8747-8752	carne	_	_	_	
59-9	8753-8757	nera	_	_	_	
59-10	8758-8759	e	_	_	_	
59-11	8760-8768	tigliosa	_	_	_	
59-12	8769-8772	non	_	_	_	
59-13	8773-8776	sta	_	_	_	
59-14	8777-8784	nemmeno	_	_	_	
59-15	8785-8787	al	_	_	_	
59-16	8788-8792	pari	_	_	_	
59-17	8793-8795	di	_	_	_	
59-18	8796-8802	quella	_	_	_	
59-19	8803-8808	della	_	_	_	
59-20	8809-8821	volgarissima	_	_	_	
59-21	8822-8825	oca	_	_	_	
59-22	8825-8826	.	_	_	_	

#Text=Il complimento al poeta, se pure voleva esser tale, poteva quindi esser più delicato.
60-1	8827-8829	Il	_	_	_	
60-2	8830-8841	complimento	_	_	_	
60-3	8842-8844	al	_	_	_	
60-4	8845-8850	poeta	_	_	_	
60-5	8850-8851	,	_	_	_	
60-6	8852-8854	se	_	_	_	
60-7	8855-8859	pure	_	_	_	
60-8	8860-8866	voleva	_	_	_	
60-9	8867-8872	esser	_	_	_	
60-10	8873-8877	tale	_	_	_	
60-11	8877-8878	,	_	_	_	
60-12	8879-8885	poteva	_	_	_	
60-13	8886-8892	quindi	_	_	_	
60-14	8893-8898	esser	_	_	_	
60-15	8899-8902	più	_	_	_	
60-16	8903-8911	delicato	_	_	_	
60-17	8911-8912	.	_	_	_	

#Text=E così, quando Dio volle, vennero in tavola giuncate e formaggio, forse quel marzolino che, col natio finocchio, gli esuli fiorentini rimpiangevano tanto amaramente; e dopo le frutta, tra le quali primeggiarono le ciliege, le mense furono levate.
61-1	8914-8915	E	_	_	_	
61-2	8916-8920	così	_	_	_	
61-3	8920-8921	,	_	_	_	
61-4	8922-8928	quando	_	_	_	
61-5	8929-8932	Dio	_	_	_	
61-6	8933-8938	volle	_	_	_	
61-7	8938-8939	,	_	_	_	
61-8	8940-8947	vennero	_	_	_	
61-9	8948-8950	in	_	_	_	
61-10	8951-8957	tavola	_	_	_	
61-11	8958-8966	giuncate	_	_	_	
61-12	8967-8968	e	_	_	_	
61-13	8969-8978	formaggio	_	_	_	
61-14	8978-8979	,	_	_	_	
61-15	8980-8985	forse	_	_	_	
61-16	8986-8990	quel	_	_	_	
61-17	8991-9000	marzolino	_	_	_	
61-18	9001-9004	che	_	_	_	
61-19	9004-9005	,	_	_	_	
61-20	9006-9009	col	_	_	_	
61-21	9010-9015	natio	_	_	_	
61-22	9016-9025	finocchio	_	_	_	
61-23	9025-9026	,	_	_	_	
61-24	9027-9030	gli	_	_	_	
61-25	9031-9036	esuli	_	_	_	
61-26	9037-9047	fiorentini	_	_	_	
61-27	9048-9061	rimpiangevano	_	_	_	
61-28	9062-9067	tanto	_	_	_	
61-29	9068-9078	amaramente	_	_	_	
61-30	9078-9079	;	_	_	_	
61-31	9080-9081	e	_	_	_	
61-32	9082-9086	dopo	_	_	_	
61-33	9087-9089	le	_	_	_	
61-34	9090-9096	frutta	_	_	_	
61-35	9096-9097	,	_	_	_	
61-36	9098-9101	tra	_	_	_	
61-37	9102-9104	le	_	_	_	
61-38	9105-9110	quali	_	_	_	
61-39	9111-9124	primeggiarono	_	_	_	
61-40	9125-9127	le	_	_	_	
61-41	9128-9135	ciliege	_	_	_	
61-42	9135-9136	,	_	_	_	
61-43	9137-9139	le	_	_	_	
61-44	9140-9145	mense	_	_	_	
61-45	9146-9152	furono	_	_	_	
61-46	9153-9159	levate	_	_	_	
61-47	9159-9160	.	_	_	_	

#Text=Quel che avvenisse poi, la storia non dice; ma se i commensali mangiaron di tutto, è facile immaginarlo pur troppo.
62-1	9161-9165	Quel	_	_	_	
62-2	9166-9169	che	_	_	_	
62-3	9170-9179	avvenisse	_	_	_	
62-4	9180-9183	poi	_	_	_	
62-5	9183-9184	,	_	_	_	
62-6	9185-9187	la	_	_	_	
62-7	9188-9194	storia	_	_	_	
62-8	9195-9198	non	_	_	_	
62-9	9199-9203	dice	_	_	_	
62-10	9203-9204	;	_	_	_	
62-11	9205-9207	ma	_	_	_	
62-12	9208-9210	se	_	_	_	
62-13	9211-9212	i	_	_	_	
62-14	9213-9223	commensali	_	_	_	
62-15	9224-9233	mangiaron	_	_	_	
62-16	9234-9236	di	_	_	_	
62-17	9237-9242	tutto	_	_	_	
62-18	9242-9243	,	_	_	_	
62-19	9244-9245	è	_	_	_	
62-20	9246-9252	facile	_	_	_	
62-21	9253-9264	immaginarlo	_	_	_	
62-22	9265-9268	pur	_	_	_	
62-23	9269-9275	troppo	_	_	_	
62-24	9275-9276	.	_	_	_	

#Text=Pare che in Francia, circa al tempo di cui ho parlato, fosse già qualche maggior delicatezza in fatto di tavola; almeno era più comune l’uso della minestra al principio del pasto, e del burro come condimento.
63-1	9279-9283	Pare	_	_	_	
63-2	9284-9287	che	_	_	_	
63-3	9288-9290	in	_	_	_	
63-4	9291-9298	Francia	_	_	_	
63-5	9298-9299	,	_	_	_	
63-6	9300-9305	circa	_	_	_	
63-7	9306-9308	al	_	_	_	
63-8	9309-9314	tempo	_	_	_	
63-9	9315-9317	di	_	_	_	
63-10	9318-9321	cui	_	_	_	
63-11	9322-9324	ho	_	_	_	
63-12	9325-9332	parlato	_	_	_	
63-13	9332-9333	,	_	_	_	
63-14	9334-9339	fosse	_	_	_	
63-15	9340-9343	già	_	_	_	
63-16	9344-9351	qualche	_	_	_	
63-17	9352-9359	maggior	_	_	_	
63-18	9360-9371	delicatezza	_	_	_	
63-19	9372-9374	in	_	_	_	
63-20	9375-9380	fatto	_	_	_	
63-21	9381-9383	di	_	_	_	
63-22	9384-9390	tavola	_	_	_	
63-23	9390-9391	;	_	_	_	
63-24	9392-9398	almeno	_	_	_	
63-25	9399-9402	era	_	_	_	
63-26	9403-9406	più	_	_	_	
63-27	9407-9413	comune	_	_	_	
63-28	9414-9415	l	_	_	_	
63-29	9415-9416	’	_	_	_	
63-30	9416-9419	uso	_	_	_	
63-31	9420-9425	della	_	_	_	
63-32	9426-9434	minestra	_	_	_	
63-33	9435-9437	al	_	_	_	
63-34	9438-9447	principio	_	_	_	
63-35	9448-9451	del	_	_	_	
63-36	9452-9457	pasto	_	_	_	
63-37	9457-9458	,	_	_	_	
63-38	9459-9460	e	_	_	_	
63-39	9461-9464	del	_	_	_	
63-40	9465-9470	burro	_	_	_	
63-41	9471-9475	come	_	_	_	
63-42	9476-9486	condimento	_	_	_	
63-43	9486-9487	.	_	_	_	

#Text=Umberto II delfino del Viennese, molto ' prima di Galeazzo, regolava già i suoi pasti a questo modo.
64-1	9488-9495	Umberto	_	_	_	
64-2	9496-9498	II	_	_	_	
64-3	9499-9506	delfino	_	_	_	
64-4	9507-9510	del	_	_	_	
64-5	9511-9519	Viennese	_	_	_	
64-6	9519-9520	,	_	_	_	
64-7	9521-9526	molto	_	_	_	
64-8	9527-9528	'	_	_	_	
64-9	9529-9534	prima	_	_	_	
64-10	9535-9537	di	_	_	_	
64-11	9538-9546	Galeazzo	_	_	_	
64-12	9546-9547	,	_	_	_	
64-13	9548-9556	regolava	_	_	_	
64-14	9557-9560	già	_	_	_	
64-15	9561-9562	i	_	_	_	
64-16	9563-9567	suoi	_	_	_	
64-17	9568-9573	pasti	_	_	_	
64-18	9574-9575	a	_	_	_	
64-19	9576-9582	questo	_	_	_	
64-20	9583-9587	modo	_	_	_	
64-21	9587-9588	.	_	_	_	

#Text=La domenica e il giovedì mangiava due pasticci di pollo.
65-1	9589-9591	La	_	_	_	
65-2	9592-9600	domenica	_	_	_	
65-3	9601-9602	e	_	_	_	
65-4	9603-9605	il	_	_	_	
65-5	9606-9613	giovedì	_	_	_	
65-6	9614-9622	mangiava	_	_	_	
65-7	9623-9626	due	_	_	_	
65-8	9627-9635	pasticci	_	_	_	
65-9	9636-9638	di	_	_	_	
65-10	9639-9644	pollo	_	_	_	
65-11	9644-9645	.	_	_	_	

#Text=Il lunedi e il mercoledì, una pappa di piselli o fave, due libbre di maiale salato e trippa cotta nell’acqua.
66-1	9646-9648	Il	_	_	_	
66-2	9649-9655	lunedi	_	_	_	
66-3	9656-9657	e	_	_	_	
66-4	9658-9660	il	_	_	_	
66-5	9661-9670	mercoledì	_	_	_	
66-6	9670-9671	,	_	_	_	
66-7	9672-9675	una	_	_	_	
66-8	9676-9681	pappa	_	_	_	
66-9	9682-9684	di	_	_	_	
66-10	9685-9692	piselli	_	_	_	
66-11	9693-9694	o	_	_	_	
66-12	9695-9699	fave	_	_	_	
66-13	9699-9700	,	_	_	_	
66-14	9701-9704	due	_	_	_	
66-15	9705-9711	libbre	_	_	_	
66-16	9712-9714	di	_	_	_	
66-17	9715-9721	maiale	_	_	_	
66-18	9722-9728	salato	_	_	_	
66-19	9729-9730	e	_	_	_	
66-20	9731-9737	trippa	_	_	_	
66-21	9738-9743	cotta	_	_	_	
66-22	9744-9748	nell	_	_	_	
66-23	9748-9749	’	_	_	_	
66-24	9749-9754	acqua	_	_	_	
66-25	9754-9755	.	_	_	_	

#Text=Poi lesso di bue o castrato con salsa calda di pepe e arrosto di pollo.
67-1	9756-9759	Poi	_	_	_	
67-2	9760-9765	lesso	_	_	_	
67-3	9766-9768	di	_	_	_	
67-4	9769-9772	bue	_	_	_	
67-5	9773-9774	o	_	_	_	
67-6	9775-9783	castrato	_	_	_	
67-7	9784-9787	con	_	_	_	
67-8	9788-9793	salsa	_	_	_	
67-9	9794-9799	calda	_	_	_	
67-10	9800-9802	di	_	_	_	
67-11	9803-9807	pepe	_	_	_	
67-12	9808-9809	e	_	_	_	
67-13	9810-9817	arrosto	_	_	_	
67-14	9818-9820	di	_	_	_	
67-15	9821-9826	pollo	_	_	_	
67-16	9826-9827	.	_	_	_	

#Text=Il martedì riso con cavoli, rapo o porri, corno salata, manzo allesso con mostarda, pollo o maiale fresco arrosto.
68-1	9828-9830	Il	_	_	_	
68-2	9831-9838	martedì	_	_	_	
68-3	9839-9843	riso	_	_	_	
68-4	9844-9847	con	_	_	_	
68-5	9848-9854	cavoli	_	_	_	
68-6	9854-9855	,	_	_	_	
68-7	9856-9860	rapo	_	_	_	
68-8	9861-9862	o	_	_	_	
68-9	9863-9868	porri	_	_	_	
68-10	9868-9869	,	_	_	_	
68-11	9870-9875	corno	_	_	_	
68-12	9876-9882	salata	_	_	_	
68-13	9882-9883	,	_	_	_	
68-14	9884-9889	manzo	_	_	_	
68-15	9890-9897	allesso	_	_	_	
68-16	9898-9901	con	_	_	_	
68-17	9902-9910	mostarda	_	_	_	
68-18	9910-9911	,	_	_	_	
68-19	9912-9917	pollo	_	_	_	
68-20	9918-9919	o	_	_	_	
68-21	9920-9926	maiale	_	_	_	
68-22	9927-9933	fresco	_	_	_	
68-23	9934-9941	arrosto	_	_	_	
68-24	9941-9942	.	_	_	_	

#Text=A cena, manzo arrosto, piedi di bue con aceto e prezzemolo, o lingue di bue con salsa camelina; salsa che ricorda la camllia italiana, brodetto di mandorle, cannella, noco moscata, vino o grasso di maiale o di capone, che non doveva essere la cosa più appetitosa del mondo.
69-1	9943-9944	A	_	_	_	
69-2	9945-9949	cena	_	_	_	
69-3	9949-9950	,	_	_	_	
69-4	9951-9956	manzo	_	_	_	
69-5	9957-9964	arrosto	_	_	_	
69-6	9964-9965	,	_	_	_	
69-7	9966-9971	piedi	_	_	_	
69-8	9972-9974	di	_	_	_	
69-9	9975-9978	bue	_	_	_	
69-10	9979-9982	con	_	_	_	
69-11	9983-9988	aceto	_	_	_	
69-12	9989-9990	e	_	_	_	
69-13	9991-10001	prezzemolo	_	_	_	
69-14	10001-10002	,	_	_	_	
69-15	10003-10004	o	_	_	_	
69-16	10005-10011	lingue	_	_	_	
69-17	10012-10014	di	_	_	_	
69-18	10015-10018	bue	_	_	_	
69-19	10019-10022	con	_	_	_	
69-20	10023-10028	salsa	_	_	_	
69-21	10029-10037	camelina	_	_	_	
69-22	10037-10038	;	_	_	_	
69-23	10039-10044	salsa	_	_	_	
69-24	10045-10048	che	_	_	_	
69-25	10049-10056	ricorda	_	_	_	
69-26	10057-10059	la	_	_	_	
69-27	10060-10067	camllia	_	_	_	
69-28	10068-10076	italiana	_	_	_	
69-29	10076-10077	,	_	_	_	
69-30	10078-10086	brodetto	_	_	_	
69-31	10087-10089	di	_	_	_	
69-32	10090-10098	mandorle	_	_	_	
69-33	10098-10099	,	_	_	_	
69-34	10100-10108	cannella	_	_	_	
69-35	10108-10109	,	_	_	_	
69-36	10110-10114	noco	_	_	_	
69-37	10115-10122	moscata	_	_	_	
69-38	10122-10123	,	_	_	_	
69-39	10124-10128	vino	_	_	_	
69-40	10129-10130	o	_	_	_	
69-41	10131-10137	grasso	_	_	_	
69-42	10138-10140	di	_	_	_	
69-43	10141-10147	maiale	_	_	_	
69-44	10148-10149	o	_	_	_	
69-45	10150-10152	di	_	_	_	
69-46	10153-10159	capone	_	_	_	
69-47	10159-10160	,	_	_	_	
69-48	10161-10164	che	_	_	_	
69-49	10165-10168	non	_	_	_	
69-50	10169-10175	doveva	_	_	_	
69-51	10176-10182	essere	_	_	_	
69-52	10183-10185	la	_	_	_	
69-53	10186-10190	cosa	_	_	_	
69-54	10191-10194	più	_	_	_	
69-55	10195-10205	appetitosa	_	_	_	
69-56	10206-10209	del	_	_	_	
69-57	10210-10215	mondo	_	_	_	
69-58	10215-10216	.	_	_	_	

#Text=Il venerdì, usava minestre magre di piselli o cavoli, pesce quando ce n’era, uova fritte con salsa, pasticci di Lorena fatti con ripieno di pesce dentro una pasta inzuccherata che si friggeva nel burro, e qualche frittura.
70-1	10217-10219	Il	_	_	_	
70-2	10220-10227	venerdì	_	_	_	
70-3	10227-10228	,	_	_	_	
70-4	10229-10234	usava	_	_	_	
70-5	10235-10243	minestre	_	_	_	
70-6	10244-10249	magre	_	_	_	
70-7	10250-10252	di	_	_	_	
70-8	10253-10260	piselli	_	_	_	
70-9	10261-10262	o	_	_	_	
70-10	10263-10269	cavoli	_	_	_	
70-11	10269-10270	,	_	_	_	
70-12	10271-10276	pesce	_	_	_	
70-13	10277-10283	quando	_	_	_	
70-14	10284-10286	ce	_	_	_	
70-15	10287-10288	n	_	_	_	
70-16	10288-10289	’	_	_	_	
70-17	10289-10292	era	_	_	_	
70-18	10292-10293	,	_	_	_	
70-19	10294-10298	uova	_	_	_	
70-20	10299-10305	fritte	_	_	_	
70-21	10306-10309	con	_	_	_	
70-22	10310-10315	salsa	_	_	_	
70-23	10315-10316	,	_	_	_	
70-24	10317-10325	pasticci	_	_	_	
70-25	10326-10328	di	_	_	_	
70-26	10329-10335	Lorena	_	_	_	
70-27	10336-10341	fatti	_	_	_	
70-28	10342-10345	con	_	_	_	
70-29	10346-10353	ripieno	_	_	_	
70-30	10354-10356	di	_	_	_	
70-31	10357-10362	pesce	_	_	_	
70-32	10363-10369	dentro	_	_	_	
70-33	10370-10373	una	_	_	_	
70-34	10374-10379	pasta	_	_	_	
70-35	10380-10392	inzuccherata	_	_	_	
70-36	10393-10396	che	_	_	_	
70-37	10397-10399	si	_	_	_	
70-38	10400-10408	friggeva	_	_	_	
70-39	10409-10412	nel	_	_	_	
70-40	10413-10418	burro	_	_	_	
70-41	10418-10419	,	_	_	_	
70-42	10420-10421	e	_	_	_	
70-43	10422-10429	qualche	_	_	_	
70-44	10430-10438	frittura	_	_	_	
70-45	10438-10439	.	_	_	_	

#Text=Il sabato finalente, minestre di fave e di mandorle condite con succo di cipolla ed olio d’ oliva, pesce se ce n’ era, uova sode e torta d’ erbe.
71-1	10443-10445	Il	_	_	_	
71-2	10446-10452	sabato	_	_	_	
71-3	10453-10462	finalente	_	_	_	
71-4	10462-10463	,	_	_	_	
71-5	10464-10472	minestre	_	_	_	
71-6	10473-10475	di	_	_	_	
71-7	10476-10480	fave	_	_	_	
71-8	10481-10482	e	_	_	_	
71-9	10483-10485	di	_	_	_	
71-10	10486-10494	mandorle	_	_	_	
71-11	10495-10502	condite	_	_	_	
71-12	10503-10506	con	_	_	_	
71-13	10507-10512	succo	_	_	_	
71-14	10513-10515	di	_	_	_	
71-15	10516-10523	cipolla	_	_	_	
71-16	10524-10526	ed	_	_	_	
71-17	10527-10531	olio	_	_	_	
71-18	10532-10533	d	_	_	_	
71-19	10533-10534	’	_	_	_	
71-20	10535-10540	oliva	_	_	_	
71-21	10540-10541	,	_	_	_	
71-22	10542-10547	pesce	_	_	_	
71-23	10548-10550	se	_	_	_	
71-24	10551-10553	ce	_	_	_	
71-25	10554-10555	n	_	_	_	
71-26	10555-10556	’	_	_	_	
71-27	10557-10560	era	_	_	_	
71-28	10560-10561	,	_	_	_	
71-29	10562-10566	uova	_	_	_	
71-30	10567-10571	sode	_	_	_	
71-31	10572-10573	e	_	_	_	
71-32	10574-10579	torta	_	_	_	
71-33	10580-10581	d	_	_	_	
71-34	10581-10582	’	_	_	_	
71-35	10583-10587	erbe	_	_	_	
71-36	10587-10588	.	_	_	_	

#Text=Il delfino Umberto si troava in quel tempo(1336) basso a quattrini e faceva conomia sino all ' osso; ma si vede che il ministro delle finanze non pranzava con lui.
72-1	10589-10591	Il	_	_	_	
72-2	10592-10599	delfino	_	_	_	
72-3	10600-10607	Umberto	_	_	_	
72-4	10608-10610	si	_	_	_	
72-5	10611-10617	troava	_	_	_	
72-6	10618-10620	in	_	_	_	
72-7	10621-10625	quel	_	_	_	
72-8	10626-10631	tempo	_	_	_	
72-9	10631-10632	(	_	_	_	
72-10	10632-10636	1336	_	_	_	
72-11	10636-10637	)	_	_	_	
72-12	10638-10643	basso	_	_	_	
72-13	10644-10645	a	_	_	_	
72-14	10646-10655	quattrini	_	_	_	
72-15	10656-10657	e	_	_	_	
72-16	10658-10664	faceva	_	_	_	
72-17	10665-10672	conomia	_	_	_	
72-18	10673-10677	sino	_	_	_	
72-19	10678-10681	all	_	_	_	
72-20	10682-10683	'	_	_	_	
72-21	10684-10688	osso	_	_	_	
72-22	10688-10689	;	_	_	_	
72-23	10690-10692	ma	_	_	_	
72-24	10693-10695	si	_	_	_	
72-25	10696-10700	vede	_	_	_	
72-26	10701-10704	che	_	_	_	
72-27	10705-10707	il	_	_	_	
72-28	10708-10716	ministro	_	_	_	
72-29	10717-10722	delle	_	_	_	
72-30	10723-10730	finanze	_	_	_	
72-31	10731-10734	non	_	_	_	
72-32	10735-10743	pranzava	_	_	_	
72-33	10744-10747	con	_	_	_	
72-34	10748-10751	lui	_	_	_	
72-35	10751-10752	.	_	_	_	

#Text=A studiar bene lo raccolte di ricette dì cucina del recento che ci rimangono ancora, si riceve prima di tutto una impressione disgustosa.
73-1	10753-10754	A	_	_	_	
73-2	10755-10762	studiar	_	_	_	
73-3	10763-10767	bene	_	_	_	
73-4	10768-10770	lo	_	_	_	
73-5	10771-10779	raccolte	_	_	_	
73-6	10780-10782	di	_	_	_	
73-7	10783-10790	ricette	_	_	_	
73-8	10791-10793	dì	_	_	_	
73-9	10794-10800	cucina	_	_	_	
73-10	10801-10804	del	_	_	_	
73-11	10805-10812	recento	_	_	_	
73-12	10813-10816	che	_	_	_	
73-13	10817-10819	ci	_	_	_	
73-14	10820-10829	rimangono	_	_	_	
73-15	10830-10836	ancora	_	_	_	
73-16	10836-10837	,	_	_	_	
73-17	10838-10840	si	_	_	_	
73-18	10841-10847	riceve	_	_	_	
73-19	10848-10853	prima	_	_	_	
73-20	10854-10856	di	_	_	_	
73-21	10857-10862	tutto	_	_	_	
73-22	10863-10866	una	_	_	_	
73-23	10867-10878	impressione	_	_	_	
73-24	10879-10889	disgustosa	_	_	_	
73-25	10889-10890	.	_	_	_	

#Text=Certi intrugli bizzarri, dove entrano tutte le spezio oliera conosciute, col vino, lo zucchero, il grasso, lo mandorlo e la cipolla, ci sorprendono malamente.
74-1	10891-10896	Certi	_	_	_	
74-2	10897-10905	intrugli	_	_	_	
74-3	10906-10914	bizzarri	_	_	_	
74-4	10914-10915	,	_	_	_	
74-5	10916-10920	dove	_	_	_	
74-6	10921-10928	entrano	_	_	_	
74-7	10929-10934	tutte	_	_	_	
74-8	10935-10937	le	_	_	_	
74-9	10938-10944	spezio	_	_	_	
74-10	10945-10951	oliera	_	_	_	
74-11	10952-10962	conosciute	_	_	_	
74-12	10962-10963	,	_	_	_	
74-13	10964-10967	col	_	_	_	
74-14	10968-10972	vino	_	_	_	
74-15	10972-10973	,	_	_	_	
74-16	10974-10976	lo	_	_	_	
74-17	10977-10985	zucchero	_	_	_	
74-18	10985-10986	,	_	_	_	
74-19	10987-10989	il	_	_	_	
74-20	10990-10996	grasso	_	_	_	
74-21	10996-10997	,	_	_	_	
74-22	10998-11000	lo	_	_	_	
74-23	11001-11009	mandorlo	_	_	_	
74-24	11010-11011	e	_	_	_	
74-25	11012-11014	la	_	_	_	
74-26	11015-11022	cipolla	_	_	_	
74-27	11022-11023	,	_	_	_	
74-28	11024-11026	ci	_	_	_	
74-29	11027-11038	sorprendono	_	_	_	
74-30	11039-11048	malamente	_	_	_	
74-31	11048-11049	.	_	_	_	

#Text=Si capisce, o si credo i capire, elio quei cuochi nou pensassero ad altro che a mettere al fuoco il maggior numero di ingredienti possibili pur che fossero dispendiosi o aromaici, senza badare alle stonature, alle dissonanze le più inarmoniche, contonti solo di far capirò al palato dei convitati quanto fosse ricco il padrooe.
75-1	11050-11052	Si	_	_	_	
75-2	11053-11060	capisce	_	_	_	
75-3	11060-11061	,	_	_	_	
75-4	11062-11063	o	_	_	_	
75-5	11064-11066	si	_	_	_	
75-6	11067-11072	credo	_	_	_	
75-7	11073-11074	i	_	_	_	
75-8	11075-11081	capire	_	_	_	
75-9	11081-11082	,	_	_	_	
75-10	11083-11087	elio	_	_	_	
75-11	11088-11092	quei	_	_	_	
75-12	11093-11099	cuochi	_	_	_	
75-13	11100-11103	nou	_	_	_	
75-14	11104-11114	pensassero	_	_	_	
75-15	11115-11117	ad	_	_	_	
75-16	11118-11123	altro	_	_	_	
75-17	11124-11127	che	_	_	_	
75-18	11128-11129	a	_	_	_	
75-19	11130-11137	mettere	_	_	_	
75-20	11138-11140	al	_	_	_	
75-21	11141-11146	fuoco	_	_	_	
75-22	11147-11149	il	_	_	_	
75-23	11150-11157	maggior	_	_	_	
75-24	11158-11164	numero	_	_	_	
75-25	11165-11167	di	_	_	_	
75-26	11168-11179	ingredienti	_	_	_	
75-27	11180-11189	possibili	_	_	_	
75-28	11190-11193	pur	_	_	_	
75-29	11194-11197	che	_	_	_	
75-30	11198-11205	fossero	_	_	_	
75-31	11206-11217	dispendiosi	_	_	_	
75-32	11218-11219	o	_	_	_	
75-33	11220-11228	aromaici	_	_	_	
75-34	11228-11229	,	_	_	_	
75-35	11230-11235	senza	_	_	_	
75-36	11236-11242	badare	_	_	_	
75-37	11243-11247	alle	_	_	_	
75-38	11248-11257	stonature	_	_	_	
75-39	11257-11258	,	_	_	_	
75-40	11259-11263	alle	_	_	_	
75-41	11264-11274	dissonanze	_	_	_	
75-42	11275-11277	le	_	_	_	
75-43	11278-11281	più	_	_	_	
75-44	11282-11293	inarmoniche	_	_	_	
75-45	11293-11294	,	_	_	_	
75-46	11295-11303	contonti	_	_	_	
75-47	11304-11308	solo	_	_	_	
75-48	11309-11311	di	_	_	_	
75-49	11312-11315	far	_	_	_	
75-50	11316-11322	capirò	_	_	_	
75-51	11323-11325	al	_	_	_	
75-52	11326-11332	palato	_	_	_	
75-53	11333-11336	dei	_	_	_	
75-54	11337-11346	convitati	_	_	_	
75-55	11347-11353	quanto	_	_	_	
75-56	11354-11359	fosse	_	_	_	
75-57	11360-11365	ricco	_	_	_	
75-58	11366-11368	il	_	_	_	
75-59	11369-11376	padrooe	_	_	_	
75-60	11376-11377	.	_	_	_	

#Text=Pure, in mezzo questa grossolana mescolanza, a questa barbarica mancanza di gusto, si intravede uu intento che in parte i riconcilia coi chiochi del medioevo.
76-1	11378-11382	Pure	_	_	_	
76-2	11382-11383	,	_	_	_	
76-3	11384-11386	in	_	_	_	
76-4	11387-11392	mezzo	_	_	_	
76-5	11393-11399	questa	_	_	_	
76-6	11400-11410	grossolana	_	_	_	
76-7	11411-11421	mescolanza	_	_	_	
76-8	11421-11422	,	_	_	_	
76-9	11423-11424	a	_	_	_	
76-10	11425-11431	questa	_	_	_	
76-11	11432-11441	barbarica	_	_	_	
76-12	11442-11450	mancanza	_	_	_	
76-13	11451-11453	di	_	_	_	
76-14	11454-11459	gusto	_	_	_	
76-15	11459-11460	,	_	_	_	
76-16	11461-11463	si	_	_	_	
76-17	11464-11473	intravede	_	_	_	
76-18	11474-11476	uu	_	_	_	
76-19	11477-11484	intento	_	_	_	
76-20	11485-11488	che	_	_	_	
76-21	11489-11491	in	_	_	_	
76-22	11492-11497	parte	_	_	_	
76-23	11498-11499	i	_	_	_	
76-24	11500-11510	riconcilia	_	_	_	
76-25	11511-11514	coi	_	_	_	
76-26	11515-11522	chiochi	_	_	_	
76-27	11523-11526	del	_	_	_	
76-28	11527-11535	medioevo	_	_	_	
76-29	11535-11536	.	_	_	_	

#Text=Si intravede l ' esperimentatore che dalla mancanza di ogni arte, provando e riprovando, cerca di assurgere all ' arte.
77-1	11537-11539	Si	_	_	_	
77-2	11540-11549	intravede	_	_	_	
77-3	11550-11551	l	_	_	_	
77-4	11552-11553	'	_	_	_	
77-5	11554-11569	esperimentatore	_	_	_	
77-6	11570-11573	che	_	_	_	
77-7	11574-11579	dalla	_	_	_	
77-8	11580-11588	mancanza	_	_	_	
77-9	11589-11591	di	_	_	_	
77-10	11592-11596	ogni	_	_	_	
77-11	11597-11601	arte	_	_	_	
77-12	11601-11602	,	_	_	_	
77-13	11603-11611	provando	_	_	_	
77-14	11612-11613	e	_	_	_	
77-15	11614-11624	riprovando	_	_	_	
77-16	11624-11625	,	_	_	_	
77-17	11626-11631	cerca	_	_	_	
77-18	11632-11634	di	_	_	_	
77-19	11635-11644	assurgere	_	_	_	
77-20	11645-11648	all	_	_	_	
77-21	11649-11650	'	_	_	_	
77-22	11651-11655	arte	_	_	_	
77-23	11655-11656	.	_	_	_	

#Text=Questi Poveri cucinieri non sono in fondo che alchimisti, i quali sentono quanto l ' umanità ignora e cerano affannosamente la scienza.
78-1	11657-11663	Questi	_	_	_	
78-2	11664-11670	Poveri	_	_	_	
78-3	11671-11680	cucinieri	_	_	_	
78-4	11681-11684	non	_	_	_	
78-5	11685-11689	sono	_	_	_	
78-6	11690-11692	in	_	_	_	
78-7	11693-11698	fondo	_	_	_	
78-8	11699-11702	che	_	_	_	
78-9	11703-11713	alchimisti	_	_	_	
78-10	11713-11714	,	_	_	_	
78-11	11715-11716	i	_	_	_	
78-12	11717-11722	quali	_	_	_	
78-13	11723-11730	sentono	_	_	_	
78-14	11731-11737	quanto	_	_	_	
78-15	11738-11739	l	_	_	_	
78-16	11740-11741	'	_	_	_	
78-17	11742-11749	umanità	_	_	_	
78-18	11750-11756	ignora	_	_	_	
78-19	11757-11758	e	_	_	_	
78-20	11759-11765	cerano	_	_	_	
78-21	11766-11780	affannosamente	_	_	_	
78-22	11781-11783	la	_	_	_	
78-23	11784-11791	scienza	_	_	_	
78-24	11791-11792	.	_	_	_	

#Text=Si mettono per tutte le vie, brancolando nell ' oscurità.
79-1	11793-11795	Si	_	_	_	
79-2	11796-11803	mettono	_	_	_	
79-3	11804-11807	per	_	_	_	
79-4	11808-11813	tutte	_	_	_	
79-5	11814-11816	le	_	_	_	
79-6	11817-11820	vie	_	_	_	
79-7	11820-11821	,	_	_	_	
79-8	11822-11833	brancolando	_	_	_	
79-9	11834-11838	nell	_	_	_	
79-10	11839-11840	'	_	_	_	
79-11	11841-11849	oscurità	_	_	_	
79-12	11849-11850	.	_	_	_	

#Text=Spesso cadono nell’ errore il più profondo, ma qualche volta trovano un filo di luce, una scoperta preziosa.
80-1	11853-11859	Spesso	_	_	_	
80-2	11860-11866	cadono	_	_	_	
80-3	11867-11871	nell	_	_	_	
80-4	11871-11872	’	_	_	_	
80-5	11873-11879	errore	_	_	_	
80-6	11880-11882	il	_	_	_	
80-7	11883-11886	più	_	_	_	
80-8	11887-11895	profondo	_	_	_	
80-9	11895-11896	,	_	_	_	
80-10	11897-11899	ma	_	_	_	
80-11	11900-11907	qualche	_	_	_	
80-12	11908-11913	volta	_	_	_	
80-13	11914-11921	trovano	_	_	_	
80-14	11922-11924	un	_	_	_	
80-15	11925-11929	filo	_	_	_	
80-16	11930-11932	di	_	_	_	
80-17	11933-11937	luce	_	_	_	
80-18	11937-11938	,	_	_	_	
80-19	11939-11942	una	_	_	_	
80-20	11943-11951	scoperta	_	_	_	
80-21	11952-11960	preziosa	_	_	_	
80-22	11960-11961	.	_	_	_	

#Text=E così che, a poco a poco, dalla operosa barbarie del trecento esce la civiltà raffinata del quattrocento.
81-1	11962-11963	E	_	_	_	
81-2	11964-11968	così	_	_	_	
81-3	11969-11972	che	_	_	_	
81-4	11972-11973	,	_	_	_	
81-5	11974-11975	a	_	_	_	
81-6	11976-11980	poco	_	_	_	
81-7	11981-11982	a	_	_	_	
81-8	11983-11987	poco	_	_	_	
81-9	11987-11988	,	_	_	_	
81-10	11989-11994	dalla	_	_	_	
81-11	11995-12002	operosa	_	_	_	
81-12	12003-12011	barbarie	_	_	_	
81-13	12012-12015	del	_	_	_	
81-14	12016-12024	trecento	_	_	_	
81-15	12025-12029	esce	_	_	_	
81-16	12030-12032	la	_	_	_	
81-17	12033-12040	civiltà	_	_	_	
81-18	12041-12050	raffinata	_	_	_	
81-19	12051-12054	del	_	_	_	
81-20	12055-12067	quattrocento	_	_	_	
81-21	12067-12068	.	_	_	_	

#Text=Senza la preparazione antecedente non si sarebbe potuto giungere a tanto, e, se quei poveri villani della cucina non avessero arato faticosamente il terreno e gittato il seme, non avrebbe potuto biondeggiare l’aurea messe, non avrebbe sorriso al sole la trionfante fioritura del Rinascimento.
82-1	12069-12074	Senza	_	_	_	
82-2	12075-12077	la	_	_	_	
82-3	12078-12090	preparazione	_	_	_	
82-4	12091-12102	antecedente	_	_	_	
82-5	12103-12106	non	_	_	_	
82-6	12107-12109	si	_	_	_	
82-7	12110-12117	sarebbe	_	_	_	
82-8	12118-12124	potuto	_	_	_	
82-9	12125-12133	giungere	_	_	_	
82-10	12134-12135	a	_	_	_	
82-11	12136-12141	tanto	_	_	_	
82-12	12141-12142	,	_	_	_	
82-13	12143-12144	e	_	_	_	
82-14	12144-12145	,	_	_	_	
82-15	12146-12148	se	_	_	_	
82-16	12149-12153	quei	_	_	_	
82-17	12154-12160	poveri	_	_	_	
82-18	12161-12168	villani	_	_	_	
82-19	12169-12174	della	_	_	_	
82-20	12175-12181	cucina	_	_	_	
82-21	12182-12185	non	_	_	_	
82-22	12186-12194	avessero	_	_	_	
82-23	12195-12200	arato	_	_	_	
82-24	12201-12214	faticosamente	_	_	_	
82-25	12215-12217	il	_	_	_	
82-26	12218-12225	terreno	_	_	_	
82-27	12226-12227	e	_	_	_	
82-28	12228-12235	gittato	_	_	_	
82-29	12236-12238	il	_	_	_	
82-30	12239-12243	seme	_	_	_	
82-31	12243-12244	,	_	_	_	
82-32	12245-12248	non	_	_	_	
82-33	12249-12256	avrebbe	_	_	_	
82-34	12257-12263	potuto	_	_	_	
82-35	12264-12276	biondeggiare	_	_	_	
82-36	12277-12278	l	_	_	_	
82-37	12278-12279	’	_	_	_	
82-38	12279-12284	aurea	_	_	_	
82-39	12285-12290	messe	_	_	_	
82-40	12290-12291	,	_	_	_	
82-41	12292-12295	non	_	_	_	
82-42	12296-12303	avrebbe	_	_	_	
82-43	12304-12311	sorriso	_	_	_	
82-44	12312-12314	al	_	_	_	
82-45	12315-12319	sole	_	_	_	
82-46	12320-12322	la	_	_	_	
82-47	12323-12333	trionfante	_	_	_	
82-48	12334-12343	fioritura	_	_	_	
82-49	12344-12347	del	_	_	_	
82-50	12348-12360	Rinascimento	_	_	_	
82-51	12360-12361	.	_	_	_	

#Text=E la fioritura venne: Il lusso perde a poco a poco la sua sfarzosa barbarie per divenire più raffinato, più armonico.
83-1	12364-12365	E	_	_	_	
83-2	12366-12368	la	_	_	_	
83-3	12369-12378	fioritura	_	_	_	
83-4	12379-12384	venne	_	_	_	
83-5	12384-12385	:	_	_	_	
83-6	12386-12388	Il	_	_	_	
83-7	12389-12394	lusso	_	_	_	
83-8	12395-12400	perde	_	_	_	
83-9	12401-12402	a	_	_	_	
83-10	12403-12407	poco	_	_	_	
83-11	12408-12409	a	_	_	_	
83-12	12410-12414	poco	_	_	_	
83-13	12415-12417	la	_	_	_	
83-14	12418-12421	sua	_	_	_	
83-15	12422-12430	sfarzosa	_	_	_	
83-16	12431-12439	barbarie	_	_	_	
83-17	12440-12443	per	_	_	_	
83-18	12444-12452	divenire	_	_	_	
83-19	12453-12456	più	_	_	_	
83-20	12457-12466	raffinato	_	_	_	
83-21	12466-12467	,	_	_	_	
83-22	12468-12471	più	_	_	_	
83-23	12472-12480	armonico	_	_	_	
83-24	12480-12481	.	_	_	_	

#Text=Oramai, anche per un padrone di casa, non giova poter fare molto, ma bisogna saper fare bene.
84-1	12482-12488	Oramai	_	_	_	
84-2	12488-12489	,	_	_	_	
84-3	12490-12495	anche	_	_	_	
84-4	12496-12499	per	_	_	_	
84-5	12500-12502	un	_	_	_	
84-6	12503-12510	padrone	_	_	_	
84-7	12511-12513	di	_	_	_	
84-8	12514-12518	casa	_	_	_	
84-9	12518-12519	,	_	_	_	
84-10	12520-12523	non	_	_	_	
84-11	12524-12529	giova	_	_	_	
84-12	12530-12535	poter	_	_	_	
84-13	12536-12540	fare	_	_	_	
84-14	12541-12546	molto	_	_	_	
84-15	12546-12547	,	_	_	_	
84-16	12548-12550	ma	_	_	_	
84-17	12551-12558	bisogna	_	_	_	
84-18	12559-12564	saper	_	_	_	
84-19	12565-12569	fare	_	_	_	
84-20	12570-12574	bene	_	_	_	
84-21	12574-12575	.	_	_	_	

#Text=La ricchezza è sempre necessaria, ma più necessario è il buon gusto.
85-1	12576-12578	La	_	_	_	
85-2	12579-12588	ricchezza	_	_	_	
85-3	12589-12590	è	_	_	_	
85-4	12591-12597	sempre	_	_	_	
85-5	12598-12608	necessaria	_	_	_	
85-6	12608-12609	,	_	_	_	
85-7	12610-12612	ma	_	_	_	
85-8	12613-12616	più	_	_	_	
85-9	12617-12627	necessario	_	_	_	
85-10	12628-12629	è	_	_	_	
85-11	12630-12632	il	_	_	_	
85-12	12633-12637	buon	_	_	_	
85-13	12638-12643	gusto	_	_	_	
85-14	12643-12644	.	_	_	_	

#Text=È allora che per esser ben vestiti non basta caricarsi di broccati e di seta, ma occorre studiar tagli eleganti di abbigliamenti, combinare armonicamente i colori, indovinare insomma quella ricca gentilezza per la quale la esteriorità del quattrocento rimase insuperata.
86-1	12645-12646	È	_	_	_	
86-2	12647-12653	allora	_	_	_	
86-3	12654-12657	che	_	_	_	
86-4	12658-12661	per	_	_	_	
86-5	12662-12667	esser	_	_	_	
86-6	12668-12671	ben	_	_	_	
86-7	12672-12679	vestiti	_	_	_	
86-8	12680-12683	non	_	_	_	
86-9	12684-12689	basta	_	_	_	
86-10	12690-12699	caricarsi	_	_	_	
86-11	12700-12702	di	_	_	_	
86-12	12703-12711	broccati	_	_	_	
86-13	12712-12713	e	_	_	_	
86-14	12714-12716	di	_	_	_	
86-15	12717-12721	seta	_	_	_	
86-16	12721-12722	,	_	_	_	
86-17	12723-12725	ma	_	_	_	
86-18	12726-12733	occorre	_	_	_	
86-19	12734-12741	studiar	_	_	_	
86-20	12742-12747	tagli	_	_	_	
86-21	12748-12756	eleganti	_	_	_	
86-22	12757-12759	di	_	_	_	
86-23	12760-12773	abbigliamenti	_	_	_	
86-24	12773-12774	,	_	_	_	
86-25	12775-12784	combinare	_	_	_	
86-26	12785-12798	armonicamente	_	_	_	
86-27	12799-12800	i	_	_	_	
86-28	12801-12807	colori	_	_	_	
86-29	12807-12808	,	_	_	_	
86-30	12809-12819	indovinare	_	_	_	
86-31	12820-12827	insomma	_	_	_	
86-32	12828-12834	quella	_	_	_	
86-33	12835-12840	ricca	_	_	_	
86-34	12841-12851	gentilezza	_	_	_	
86-35	12852-12855	per	_	_	_	
86-36	12856-12858	la	_	_	_	
86-37	12859-12864	quale	_	_	_	
86-38	12865-12867	la	_	_	_	
86-39	12868-12879	esteriorità	_	_	_	
86-40	12880-12883	del	_	_	_	
86-41	12884-12896	quattrocento	Time	_	_	
86-42	12897-12903	rimase	_	_	_	
86-43	12904-12914	insuperata	_	_	_	
86-44	12914-12915	.	_	_	_	

#Text=È allora che i profumi sono cercati, combinati, usati comunemente, come ci attestano i molti libri di ricette che ci rimangono; o la pulizia del corpo diventa oggetto di assidue cure, là dove prima i bagni erano aborriti ; e in tutto sì cerca e si raggiunge una greca perfezione di eleganza cui i popoli latini più non pervennero.
87-1	12916-12917	È	_	_	_	
87-2	12918-12924	allora	_	_	_	
87-3	12925-12928	che	_	_	_	
87-4	12929-12930	i	_	_	_	
87-5	12931-12938	profumi	Smell\_Word	*	86-41	
87-6	12939-12943	sono	_	_	_	
87-7	12944-12951	cercati	_	_	_	
87-8	12951-12952	,	_	_	_	
87-9	12953-12962	combinati	_	_	_	
87-10	12962-12963	,	_	_	_	
87-11	12964-12969	usati	_	_	_	
87-12	12970-12981	comunemente	_	_	_	
87-13	12981-12982	,	_	_	_	
87-14	12983-12987	come	_	_	_	
87-15	12988-12990	ci	_	_	_	
87-16	12991-13000	attestano	_	_	_	
87-17	13001-13002	i	_	_	_	
87-18	13003-13008	molti	_	_	_	
87-19	13009-13014	libri	_	_	_	
87-20	13015-13017	di	_	_	_	
87-21	13018-13025	ricette	_	_	_	
87-22	13026-13029	che	_	_	_	
87-23	13030-13032	ci	_	_	_	
87-24	13033-13042	rimangono	_	_	_	
87-25	13042-13043	;	_	_	_	
87-26	13044-13045	o	_	_	_	
87-27	13046-13048	la	_	_	_	
87-28	13049-13056	pulizia	_	_	_	
87-29	13057-13060	del	_	_	_	
87-30	13061-13066	corpo	_	_	_	
87-31	13067-13074	diventa	_	_	_	
87-32	13075-13082	oggetto	_	_	_	
87-33	13083-13085	di	_	_	_	
87-34	13086-13093	assidue	_	_	_	
87-35	13094-13098	cure	_	_	_	
87-36	13098-13099	,	_	_	_	
87-37	13100-13102	là	_	_	_	
87-38	13103-13107	dove	_	_	_	
87-39	13108-13113	prima	_	_	_	
87-40	13114-13115	i	_	_	_	
87-41	13116-13121	bagni	_	_	_	
87-42	13122-13127	erano	_	_	_	
87-43	13128-13136	aborriti	_	_	_	
87-44	13137-13138	;	_	_	_	
87-45	13139-13140	e	_	_	_	
87-46	13141-13143	in	_	_	_	
87-47	13144-13149	tutto	_	_	_	
87-48	13150-13152	sì	_	_	_	
87-49	13153-13158	cerca	_	_	_	
87-50	13159-13160	e	_	_	_	
87-51	13161-13163	si	_	_	_	
87-52	13164-13173	raggiunge	_	_	_	
87-53	13174-13177	una	_	_	_	
87-54	13178-13183	greca	_	_	_	
87-55	13184-13194	perfezione	_	_	_	
87-56	13195-13197	di	_	_	_	
87-57	13198-13206	eleganza	_	_	_	
87-58	13207-13210	cui	_	_	_	
87-59	13211-13212	i	_	_	_	
87-60	13213-13219	popoli	_	_	_	
87-61	13220-13226	latini	_	_	_	
87-62	13227-13230	più	_	_	_	
87-63	13231-13234	non	_	_	_	
87-64	13235-13245	pervennero	_	_	_	
87-65	13245-13246	.	_	_	_	

#Text=Quanto all’argomento che ci occupa, basterebbe notare che dal quattrocento datano i più fundamentali perfezionamenti non solo, ma le squisite ricercatezze dell’arte dei confetti e delle pasticcerie.
88-1	13247-13253	Quanto	_	_	_	
88-2	13254-13257	all	_	_	_	
88-3	13257-13258	’	_	_	_	
88-4	13258-13267	argomento	_	_	_	
88-5	13268-13271	che	_	_	_	
88-6	13272-13274	ci	_	_	_	
88-7	13275-13281	occupa	_	_	_	
88-8	13281-13282	,	_	_	_	
88-9	13283-13293	basterebbe	_	_	_	
88-10	13294-13300	notare	_	_	_	
88-11	13301-13304	che	_	_	_	
88-12	13305-13308	dal	_	_	_	
88-13	13309-13321	quattrocento	_	_	_	
88-14	13322-13328	datano	_	_	_	
88-15	13329-13330	i	_	_	_	
88-16	13331-13334	più	_	_	_	
88-17	13335-13347	fundamentali	_	_	_	
88-18	13348-13363	perfezionamenti	_	_	_	
88-19	13364-13367	non	_	_	_	
88-20	13368-13372	solo	_	_	_	
88-21	13372-13373	,	_	_	_	
88-22	13374-13376	ma	_	_	_	
88-23	13377-13379	le	_	_	_	
88-24	13380-13388	squisite	_	_	_	
88-25	13389-13401	ricercatezze	_	_	_	
88-26	13402-13406	dell	_	_	_	
88-27	13406-13407	’	_	_	_	
88-28	13407-13411	arte	_	_	_	
88-29	13412-13415	dei	_	_	_	
88-30	13416-13424	confetti	_	_	_	
88-31	13425-13426	e	_	_	_	
88-32	13427-13432	delle	_	_	_	
88-33	13433-13444	pasticcerie	_	_	_	
88-34	13444-13445	.	_	_	_	
