#FORMAT=WebAnno TSV 3.3


#Text=Lui.
1-1	3-6	Lui	
1-2	6-7	.	

#Text=Och broeders, vraeghtghe noch met errenst wat ons let?
2-1	10-13	Och	
2-2	14-22	broeders	
2-3	22-23	,	
2-4	24-34	vraeghtghe	
2-5	35-39	noch	
2-6	40-43	met	
2-7	44-51	errenst	
2-8	52-55	wat	
2-9	56-59	ons	
2-10	60-63	let	
2-11	63-64	?	

#Text=Ghy hoort, zoo wel als wy, wat Gabriël trompet:
#Text=
#Text=Hoe wy, door 't nieuw bevel, van onzen staet vervielen
#Text=
#Text=In eene slaverny der aerde en zoo veel zielen
#Text=
#Text=
#Text=Als uit een luttel bloets en zaets te spruiten staen.
3-1	66-69	Ghy	
3-2	70-75	hoort	
3-3	75-76	,	
3-4	77-80	zoo	
3-5	81-84	wel	
3-6	85-88	als	
3-7	89-91	wy	
3-8	91-92	,	
3-9	93-96	wat	
3-10	97-104	Gabriël	
3-11	105-112	trompet	
3-12	112-113	:	
3-13	115-118	Hoe	
3-14	119-121	wy	
3-15	121-122	,	
3-16	123-127	door	
3-17	128-129	'	
3-18	129-130	t	
3-19	131-136	nieuw	
3-20	137-142	bevel	
3-21	142-143	,	
3-22	144-147	van	
3-23	148-153	onzen	
3-24	154-159	staet	
3-25	160-169	vervielen	
3-26	171-173	In	
3-27	174-178	eene	
3-28	179-187	slaverny	
3-29	188-191	der	
3-30	192-197	aerde	
3-31	198-200	en	
3-32	201-204	zoo	
3-33	205-209	veel	
3-34	210-216	zielen	
3-35	219-222	Als	
3-36	223-226	uit	
3-37	227-230	een	
3-38	231-237	luttel	
3-39	238-244	bloets	
3-40	245-247	en	
3-41	248-253	zaets	
3-42	254-256	te	
3-43	257-265	spruiten	
3-44	266-271	staen	
3-45	271-272	.	

#Text=Wat is by ons alree mishandelt, of misdaen,
#Text=Dat
#Text=Godt een waterbel, vol wint en lucht geblazen,
#Text=Verheft om d'Engelen, zijn zoonen, te verbazen?
4-1	275-278	Wat	
4-2	279-281	is	
4-3	282-284	by	
4-4	285-288	ons	
4-5	289-294	alree	
4-6	295-305	mishandelt	
4-7	305-306	,	
4-8	307-309	of	
4-9	310-317	misdaen	
4-10	317-318	,	
4-11	319-322	Dat	
4-12	323-327	Godt	
4-13	328-331	een	
4-14	332-340	waterbel	
4-15	340-341	,	
4-16	342-345	vol	
4-17	346-350	wint	
4-18	351-353	en	
4-19	354-359	lucht	
4-20	360-368	geblazen	
4-21	368-369	,	
4-22	370-377	Verheft	
4-23	378-380	om	
4-24	381-390	d'Engelen	
4-25	390-391	,	
4-26	392-396	zijn	
4-27	397-403	zoonen	
4-28	403-404	,	
4-29	405-407	te	
4-30	408-416	verbazen	
4-31	416-417	?	

#Text=Een basterdy verheft, gevormt uit klay, en stof?
5-1	420-423	Een	
5-2	424-432	basterdy	
5-3	433-440	verheft	
5-4	440-441	,	
5-5	442-449	gevormt	
5-6	450-453	uit	
5-7	454-458	klay	
5-8	458-459	,	
5-9	460-462	en	
5-10	463-467	stof	
5-11	467-468	?	

#Text=Wy waren pas gewijt tot pylers van zijn hof,
#Text=Bekleedden onzen plicht, als trouwe rijxgenooten,
#Text=En worden op een' sprongh gebannen, en gestooten
#Text=
#Text=Uit deze waerdigheit, verdruckt te streng, en straf,
#Text=De hantvest en het Recht, dat ons de Godtheit gaf,
#Text=Wort ingetrocken, en, in stede van regeeren
#Text=Met Godt, en onder Godt, zal Adam triomfeeren,
#Text=En heerschen, in zijn bloet en afkomst, onbepaelt.
6-1	471-473	Wy	
6-2	474-479	waren	
6-3	480-483	pas	
6-4	484-490	gewijt	
6-5	491-494	tot	
6-6	495-501	pylers	
6-7	502-505	van	
6-8	506-510	zijn	
6-9	511-514	hof	
6-10	514-515	,	
6-11	516-526	Bekleedden	
6-12	527-532	onzen	
6-13	533-539	plicht	
6-14	539-540	,	
6-15	541-544	als	
6-16	545-551	trouwe	
6-17	552-564	rijxgenooten	
6-18	564-565	,	
6-19	566-568	En	
6-20	569-575	worden	
6-21	576-578	op	
6-22	579-582	een	
6-23	582-583	'	
6-24	584-591	sprongh	
6-25	592-600	gebannen	
6-26	600-601	,	
6-27	602-604	en	
6-28	605-614	gestooten	
6-29	616-619	Uit	
6-30	620-624	deze	
6-31	625-636	waerdigheit	
6-32	636-637	,	
6-33	638-647	verdruckt	
6-34	648-650	te	
6-35	651-657	streng	
6-36	657-658	,	
6-37	659-661	en	
6-38	662-667	straf	
6-39	667-668	,	
6-40	669-671	De	
6-41	672-680	hantvest	
6-42	681-683	en	
6-43	684-687	het	
6-44	688-693	Recht	
6-45	693-694	,	
6-46	695-698	dat	
6-47	699-702	ons	
6-48	703-705	de	
6-49	706-714	Godtheit	
6-50	715-718	gaf	
6-51	718-719	,	
6-52	720-724	Wort	
6-53	725-736	ingetrocken	
6-54	736-737	,	
6-55	738-740	en	
6-56	740-741	,	
6-57	742-744	in	
6-58	745-750	stede	
6-59	751-754	van	
6-60	755-763	regeeren	
6-61	764-767	Met	
6-62	768-772	Godt	
6-63	772-773	,	
6-64	774-776	en	
6-65	777-782	onder	
6-66	783-787	Godt	
6-67	787-788	,	
6-68	789-792	zal	
6-69	793-797	Adam	
6-70	798-809	triomfeeren	
6-71	809-810	,	
6-72	811-813	En	
6-73	814-823	heerschen	
6-74	823-824	,	
6-75	825-827	in	
6-76	828-832	zijn	
6-77	833-838	bloet	
6-78	839-841	en	
6-79	842-849	afkomst	
6-80	849-850	,	
6-81	851-860	onbepaelt	
6-82	860-861	.	

#Text=De Zon der Geesten is te plotseling gedaelt.
7-1	863-865	De	
7-2	866-869	Zon	
7-3	870-873	der	
7-4	874-881	Geesten	
7-5	882-884	is	
7-6	885-887	te	
7-7	888-898	plotseling	
7-8	899-906	gedaelt	
7-9	906-907	.	

#Text=Och lotgenooten, volght ons droefheit, en misbaeren.
8-1	910-913	Och	
8-2	914-925	lotgenooten	
8-3	925-926	,	
8-4	927-933	volght	
8-5	934-937	ons	
8-6	938-947	droefheit	
8-7	947-948	,	
8-8	949-951	en	
8-9	952-961	misbaeren	
8-10	961-962	.	

#Text=Helaes, helaes, helaes, waer is ons heil gevaeren!
9-1	964-970	Helaes	
9-2	970-971	,	
9-3	972-978	helaes	
9-4	978-979	,	
9-5	980-986	helaes	
9-6	986-987	,	
9-7	988-992	waer	
9-8	993-995	is	
9-9	996-999	ons	
9-10	1000-1004	heil	
9-11	1005-1013	gevaeren	
9-12	1013-1014	!	
