#FORMAT=WebAnno TSV 3.3


#Text=Een tweetal dichtstukken van de heeren Roos en 
#Text=Lemmers werden voorgedragen; terwijl een luisterrijk bal (Surinaamsche gewoonte) 
#Text=het feest besloot(*).
1-1	2-5	Een	
1-2	6-13	tweetal	
1-3	14-26	dichtstukken	
1-4	27-30	van	
1-5	31-33	de	
1-6	34-40	heeren	
1-7	41-45	Roos	
1-8	46-48	en	
1-9	50-57	Lemmers	
1-10	58-64	werden	
1-11	65-77	voorgedragen	
1-12	77-78	;	
1-13	79-86	terwijl	
1-14	87-90	een	
1-15	91-102	luisterrijk	
1-16	103-106	bal	
1-17	107-108	(	
1-18	108-120	Surinaamsche	
1-19	121-129	gewoonte	
1-20	129-130	)	
1-21	132-135	het	
1-22	136-141	feest	
1-23	142-149	besloot	
1-24	149-150	(	
1-25	150-151	*	
1-26	151-152	)	
1-27	152-153	.	

#Text=Bij deze gelegenheid had de Savane nog eens weder een feestelijk aanzien;
#Text=zij 
#Text=begon anders zeer te vervallen.
2-1	157-160	Bij	
2-2	161-165	deze	
2-3	166-177	gelegenheid	
2-4	178-181	had	
2-5	182-184	de	
2-6	185-191	Savane	
2-7	192-195	nog	
2-8	196-200	eens	
2-9	201-206	weder	
2-10	207-210	een	
2-11	211-221	feestelijk	
2-12	222-229	aanzien	
2-13	229-230	;	
2-14	231-234	zij	
2-15	236-241	begon	
2-16	242-248	anders	
2-17	249-253	zeer	
2-18	254-256	te	
2-19	257-266	vervallen	
2-20	266-267	.	

#Text=Er woonden nog slechts een twintig arme 
#Text=huisgezinnen;
#Text=vele huizen waren onbewoond en vervielen door het onvermogen 
#Text=der meesters om ze te herstellen.
3-1	268-270	Er	
3-2	271-278	woonden	
3-3	279-282	nog	
3-4	283-290	slechts	
3-5	291-294	een	
3-6	295-302	twintig	
3-7	303-307	arme	
3-8	309-321	huisgezinnen	
3-9	321-322	;	
3-10	323-327	vele	
3-11	328-334	huizen	
3-12	335-340	waren	
3-13	341-350	onbewoond	
3-14	351-353	en	
3-15	354-363	vervielen	
3-16	364-368	door	
3-17	369-372	het	
3-18	373-383	onvermogen	
3-19	385-388	der	
3-20	389-397	meesters	
3-21	398-400	om	
3-22	401-403	ze	
3-23	404-406	te	
3-24	407-417	herstellen	
3-25	417-418	.	

#Text=De natie had hare meeste plantaadjes verloren 
#Text=(zie bladz.
#Text=313, 14, 15); vijf achtste derzelve woonden te Paramaribo; de arme 
#Text=lieden, die nog op de Savane toefden, vonden hun bestaan in het drijven van 
#Text=koopmanschap met de officieren en soldaten van het Cordon; doch bij vermeerdering 
#Text=der concurrentie verdienden zij naauwelijks het noodige tot hun levensonderhoud.
4-1	419-421	De	
4-2	422-427	natie	
4-3	428-431	had	
4-4	432-436	hare	
4-5	437-443	meeste	
4-6	444-455	plantaadjes	
4-7	456-464	verloren	
4-8	466-467	(	
4-9	467-470	zie	
4-10	471-476	bladz	
4-11	476-477	.	
4-12	478-481	313	
4-13	481-482	,	
4-14	483-485	14	
4-15	485-486	,	
4-16	487-489	15	
4-17	489-490	)	
4-18	490-491	;	
4-19	492-496	vijf	
4-20	497-504	achtste	
4-21	505-513	derzelve	
4-22	514-521	woonden	
4-23	522-524	te	
4-24	525-535	Paramaribo	
4-25	535-536	;	
4-26	537-539	de	
4-27	540-544	arme	
4-28	546-552	lieden	
4-29	552-553	,	
4-30	554-557	die	
4-31	558-561	nog	
4-32	562-564	op	
4-33	565-567	de	
4-34	568-574	Savane	
4-35	575-582	toefden	
4-36	582-583	,	
4-37	584-590	vonden	
4-38	591-594	hun	
4-39	595-602	bestaan	
4-40	603-605	in	
4-41	606-609	het	
4-42	610-617	drijven	
4-43	618-621	van	
4-44	623-635	koopmanschap	
4-45	636-639	met	
4-46	640-642	de	
4-47	643-653	officieren	
4-48	654-656	en	
4-49	657-665	soldaten	
4-50	666-669	van	
4-51	670-673	het	
4-52	674-680	Cordon	
4-53	680-681	;	
4-54	682-686	doch	
4-55	687-690	bij	
4-56	691-704	vermeerdering	
4-57	706-709	der	
4-58	710-722	concurrentie	
4-59	723-733	verdienden	
4-60	734-737	zij	
4-61	738-749	naauwelijks	
4-62	750-753	het	
4-63	754-761	noodige	
4-64	762-765	tot	
4-65	766-769	hun	
4-66	770-785	levensonderhoud	
4-67	785-786	.	

#Text=In de maand September bij de viering van het loofhuttenfeest kwamen echter nog 
#Text=vele personen van Paramaribo en de plantaadjes en vulden de gedeeltelijk ledig 
#Text=staande huizen.
5-1	789-791	In	
5-2	792-794	de	
5-3	795-800	maand	
5-4	801-810	September	
5-5	811-814	bij	
5-6	815-817	de	
5-7	818-825	viering	
5-8	826-829	van	
5-9	830-833	het	
5-10	834-849	loofhuttenfeest	
5-11	850-856	kwamen	
5-12	857-863	echter	
5-13	864-867	nog	
5-14	869-873	vele	
5-15	874-882	personen	
5-16	883-886	van	
5-17	887-897	Paramaribo	
5-18	898-900	en	
5-19	901-903	de	
5-20	904-915	plantaadjes	
5-21	916-918	en	
5-22	919-925	vulden	
5-23	926-928	de	
5-24	929-941	gedeeltelijk	
5-25	942-947	ledig	
5-26	949-956	staande	
5-27	957-963	huizen	
5-28	963-964	.	

#Text=Verscheidene Christenen kwamen dan ook de Savane bezoeken, 
#Text=verlustigden zich in wandeltogtjes naar het Cordon en waren deelgenooten van de 
#Text=kleine danspartijn en andere vreugdebedrijven door de Joden gegeven.
6-1	965-977	Verscheidene	
6-2	978-988	Christenen	
6-3	989-995	kwamen	
6-4	996-999	dan	
6-5	1000-1003	ook	
6-6	1004-1006	de	
6-7	1007-1013	Savane	
6-8	1014-1022	bezoeken	
6-9	1022-1023	,	
6-10	1025-1037	verlustigden	
6-11	1038-1042	zich	
6-12	1043-1045	in	
6-13	1046-1059	wandeltogtjes	
6-14	1060-1064	naar	
6-15	1065-1068	het	
6-16	1069-1075	Cordon	
6-17	1076-1078	en	
6-18	1079-1084	waren	
6-19	1085-1097	deelgenooten	
6-20	1098-1101	van	
6-21	1102-1104	de	
6-22	1106-1112	kleine	
6-23	1113-1124	danspartijn	
6-24	1125-1127	en	
6-25	1128-1134	andere	
6-26	1135-1151	vreugdebedrijven	
6-27	1152-1156	door	
6-28	1157-1159	de	
6-29	1160-1165	Joden	
6-30	1166-1173	gegeven	
6-31	1173-1174	.	

#Text=De gezonde 
#Text=lucht, die men er inademde;
#Text=de vrijheid, die men er genoot om naar welgevallen te 
#Text=leven;
#Text=de goede sier, die er werd gemaakt;
#Text=dit alles te zamen maakte de Savane 
#Text=voor den tijd van vier weken tot een aangenaam verblijf.
7-1	1175-1177	De	
7-2	1178-1185	gezonde	
7-3	1187-1192	lucht	
7-4	1192-1193	,	
7-5	1194-1197	die	
7-6	1198-1201	men	
7-7	1202-1204	er	
7-8	1205-1213	inademde	
7-9	1213-1214	;	
7-10	1215-1217	de	
7-11	1218-1226	vrijheid	
7-12	1226-1227	,	
7-13	1228-1231	die	
7-14	1232-1235	men	
7-15	1236-1238	er	
7-16	1239-1245	genoot	
7-17	1246-1248	om	
7-18	1249-1253	naar	
7-19	1254-1265	welgevallen	
7-20	1266-1268	te	
7-21	1270-1275	leven	
7-22	1275-1276	;	
7-23	1277-1279	de	
7-24	1280-1285	goede	
7-25	1286-1290	sier	
7-26	1290-1291	,	
7-27	1292-1295	die	
7-28	1296-1298	er	
7-29	1299-1303	werd	
7-30	1304-1311	gemaakt	
7-31	1311-1312	;	
7-32	1313-1316	dit	
7-33	1317-1322	alles	
7-34	1323-1325	te	
7-35	1326-1331	zamen	
7-36	1332-1338	maakte	
7-37	1339-1341	de	
7-38	1342-1348	Savane	
7-39	1350-1354	voor	
7-40	1355-1358	den	
7-41	1359-1363	tijd	
7-42	1364-1367	van	
7-43	1368-1372	vier	
7-44	1373-1378	weken	
7-45	1379-1382	tot	
7-46	1383-1386	een	
7-47	1387-1396	aangenaam	
7-48	1397-1405	verblijf	
7-49	1405-1406	.	

#Text=Waren de feesten 
#Text=afgeloopen en de aanzienlijken naar de stad teruggekeerd, dan werd het er weder
#Text=doodsch en treurig().
#Text=
#Text=
#Text=
#Text=
#Text=
#Text=
#Text=
#Text=
#Text=
#Text=
#Text=
#Text=
#Text=
#Text=
#Text=
#Text=
#Text=(*)
#Text=\t
#Text=Teenstra
#Text=.
8-1	1407-1412	Waren	
8-2	1413-1415	de	
8-3	1416-1423	feesten	
8-4	1425-1435	afgeloopen	
8-5	1436-1438	en	
8-6	1439-1441	de	
8-7	1442-1455	aanzienlijken	
8-8	1456-1460	naar	
8-9	1461-1463	de	
8-10	1464-1468	stad	
8-11	1469-1481	teruggekeerd	
8-12	1481-1482	,	
8-13	1483-1486	dan	
8-14	1487-1491	werd	
8-15	1492-1495	het	
8-16	1496-1498	er	
8-17	1499-1504	weder	
8-18	1505-1512	doodsch	
8-19	1513-1515	en	
8-20	1516-1523	treurig	
8-21	1523-1524	(	
8-22	1524-1525	)	
8-23	1525-1526	.	
8-24	1543-1544	(	
8-25	1544-1545	*	
8-26	1545-1546	)	
8-27	1549-1557	Teenstra	
8-28	1558-1559	.	

#Text=De Negerslaven in de kolonie Suriname, bladz.
9-1	1560-1562	De	
9-2	1563-1574	Negerslaven	
9-3	1575-1577	in	
9-4	1578-1580	de	
9-5	1581-1588	kolonie	
9-6	1589-1597	Suriname	
9-7	1597-1598	,	
9-8	1599-1604	bladz	
9-9	1604-1605	.	
