#FORMAT=WebAnno TSV 3.3


#Text=Hun geheele lighaam, de beenen uitgezondert, is bedekt met steekels van 
#Text=derdehalven duim lang, welker eene helft, gerekend van haaren aanvang af, geel, 
#Text=en de andere zwart, of donker bruin is; de punten dezer steekels zyn wit en zeer 
#Text=scherp;
#Text=
#Text=
#Text=
#Text=
#Text=
#Text=
#Text=
#Text=
#Text=
#Text=
#Text=
#Text=
#Text=
#Text=
#Text=
#Text=
#Text=
#Text=
#Text=
#Text=
#Text=
#Text=
#Text=
#Text=
#Text=
#Text=
#Text=
#Text=(l)\t
#Text=Porcus
#Text=fluviatilis of Sus maximus palustris.
1-1	5-8	Hun	
1-2	9-16	geheele	
1-3	17-24	lighaam	
1-4	24-25	,	
1-5	26-28	de	
1-6	29-35	beenen	
1-7	36-48	uitgezondert	
1-8	48-49	,	
1-9	50-52	is	
1-10	53-59	bedekt	
1-11	60-63	met	
1-12	64-72	steekels	
1-13	73-76	van	
1-14	78-89	derdehalven	
1-15	90-94	duim	
1-16	95-99	lang	
1-17	99-100	,	
1-18	101-107	welker	
1-19	108-112	eene	
1-20	113-118	helft	
1-21	118-119	,	
1-22	120-128	gerekend	
1-23	129-132	van	
1-24	133-139	haaren	
1-25	140-147	aanvang	
1-26	148-150	af	
1-27	150-151	,	
1-28	152-156	geel	
1-29	156-157	,	
1-30	159-161	en	
1-31	162-164	de	
1-32	165-171	andere	
1-33	172-177	zwart	
1-34	177-178	,	
1-35	179-181	of	
1-36	182-188	donker	
1-37	189-194	bruin	
1-38	195-197	is	
1-39	197-198	;	
1-40	199-201	de	
1-41	202-208	punten	
1-42	209-214	dezer	
1-43	215-223	steekels	
1-44	224-227	zyn	
1-45	228-231	wit	
1-46	232-234	en	
1-47	235-239	zeer	
1-48	241-247	scherp	
1-49	247-248	;	
1-50	276-277	(	
1-51	277-278	l	
1-52	278-279	)	
1-53	281-287	Porcus	
1-54	288-299	fluviatilis	
1-55	300-302	of	
1-56	303-306	Sus	
1-57	307-314	maximus	
1-58	315-324	palustris	
1-59	324-325	.	

#Text=(m)\t
#Text=Hystrix longus caudatus, brevioribus aculeis, in 't Hoogduitsch stachel-schwein
2-1	327-328	(	
2-2	328-329	m	
2-3	329-330	)	
2-4	332-339	Hystrix	
2-5	340-346	longus	
2-6	347-355	caudatus	
2-7	355-356	,	
2-8	357-368	brevioribus	
2-9	369-376	aculeis	
2-10	376-377	,	
2-11	378-380	in	
2-12	381-382	'	
2-13	382-383	t	
2-14	384-395	Hoogduitsch	
2-15	396-411	stachel-schwein	

#Text=.
3-1	411-412	.	

#Text=+
#Text=Van het Steekel Varken.
4-1	424-425	+	
4-2	426-429	Van	
4-3	430-433	het	
4-4	434-441	Steekel	
4-5	442-448	Varken	
4-6	448-449	.	

#Text=die het hoofd bedekken zyn zo lang niet, als de overigen.
5-1	456-459	die	
5-2	460-463	het	
5-3	464-469	hoofd	
5-4	470-478	bedekken	
5-5	479-482	zyn	
5-6	483-485	zo	
5-7	486-490	lang	
5-8	491-495	niet	
5-9	495-496	,	
5-10	497-500	als	
5-11	501-503	de	
5-12	504-512	overigen	
5-13	512-513	.	

#Text=Derzelver neusgaten zyn omringd met lange hairen, die een' baard vertoonen, 
#Text=gelyk die der katten;
#Text=de staart is maar tot op de helft met steekels bedekt, zynde de 
#Text=andere helft bekleed met hair, welk naar Varkens hair gelykt.
6-1	517-526	Derzelver	
6-2	527-536	neusgaten	
6-3	537-540	zyn	
6-4	541-548	omringd	
6-5	549-552	met	
6-6	553-558	lange	
6-7	559-565	hairen	
6-8	565-566	,	
6-9	567-570	die	
6-10	571-574	een	
6-11	574-575	'	
6-12	576-581	baard	
6-13	582-591	vertoonen	
6-14	591-592	,	
6-15	594-599	gelyk	
6-16	600-603	die	
6-17	604-607	der	
6-18	608-614	katten	
6-19	614-615	;	
6-20	616-618	de	
6-21	619-625	staart	
6-22	626-628	is	
6-23	629-633	maar	
6-24	634-637	tot	
6-25	638-640	op	
6-26	641-643	de	
6-27	644-649	helft	
6-28	650-653	met	
6-29	654-662	steekels	
6-30	663-669	bedekt	
6-31	669-670	,	
6-32	671-676	zynde	
6-33	677-679	de	
6-34	681-687	andere	
6-35	688-693	helft	
6-36	694-701	bekleed	
6-37	702-705	met	
6-38	706-710	hair	
6-39	710-711	,	
6-40	712-716	welk	
6-41	717-721	naar	
6-42	722-729	Varkens	
6-43	730-734	hair	
6-44	735-741	gelykt	
6-45	741-742	.	

#Text=Dit dier weet de pylen, 
#Text=daar het mede gewapend is, zo schielyk te beweegen, dat het schynt als of de huid 
#Text=beweeglyk was.
7-1	743-746	Dit	
7-2	747-751	dier	
7-3	752-756	weet	
7-4	757-759	de	
7-5	760-765	pylen	
7-6	765-766	,	
7-7	768-772	daar	
7-8	773-776	het	
7-9	777-781	mede	
7-10	782-790	gewapend	
7-11	791-793	is	
7-12	793-794	,	
7-13	795-797	zo	
7-14	798-806	schielyk	
7-15	807-809	te	
7-16	810-818	beweegen	
7-17	818-819	,	
7-18	820-823	dat	
7-19	824-827	het	
7-20	828-834	schynt	
7-21	835-838	als	
7-22	839-841	of	
7-23	842-844	de	
7-24	845-849	huid	
7-25	851-860	beweeglyk	
7-26	861-864	was	
7-27	864-865	.	

#Text=Zy zyn niet kwaad, en byten niemand; doch zo ras men ze tergt, 
#Text=worden zy boos, en richten hunne steekels op, om zich tegen allen overlast te 
#Text=beveiligen
8-1	866-868	Zy	
8-2	869-872	zyn	
8-3	873-877	niet	
8-4	878-883	kwaad	
8-5	883-884	,	
8-6	885-887	en	
8-7	888-893	byten	
8-8	894-901	niemand	
8-9	901-902	;	
8-10	903-907	doch	
8-11	908-910	zo	
8-12	911-914	ras	
8-13	915-918	men	
8-14	919-921	ze	
8-15	922-927	tergt	
8-16	927-928	,	
8-17	930-936	worden	
8-18	937-939	zy	
8-19	940-944	boos	
8-20	944-945	,	
8-21	946-948	en	
8-22	949-956	richten	
8-23	957-962	hunne	
8-24	963-971	steekels	
8-25	972-974	op	
8-26	974-975	,	
8-27	976-978	om	
8-28	979-983	zich	
8-29	984-989	tegen	
8-30	990-995	allen	
8-31	996-1004	overlast	
8-32	1005-1007	te	
8-33	1009-1019	beveiligen	

#Text=.
9-1	1019-1020	.	

#Text=+
#Text=De Otter(n) is een halfslachtig en land dier, ten naasten by zo groot als een Vos.
10-1	1022-1023	+	
10-2	1024-1026	De	
10-3	1027-1032	Otter	
10-4	1032-1033	(	
10-5	1033-1034	n	
10-6	1034-1035	)	
10-7	1036-1038	is	
10-8	1039-1042	een	
10-9	1043-1055	halfslachtig	
10-10	1056-1058	en	
10-11	1059-1063	land	
10-12	1064-1068	dier	
10-13	1068-1069	,	
10-14	1070-1073	ten	
10-15	1074-1081	naasten	
10-16	1082-1084	by	
10-17	1085-1087	zo	
10-18	1088-1093	groot	
10-19	1094-1097	als	
10-20	1098-1101	een	
10-21	1102-1105	Vos	
10-22	1105-1106	.	

#Text=In 't land wordt hy Tovous genoemd.
11-1	1109-1111	In	
11-2	1112-1113	'	
11-3	1113-1114	t	
11-4	1115-1119	land	
11-5	1120-1125	wordt	
11-6	1126-1128	hy	
11-7	1129-1135	Tovous	
11-8	1136-1143	genoemd	
11-9	1143-1144	.	

#Text=Dit dier, welk men met regt, een verslindend 
#Text=dier kan noemen, is echter begeeriger naar visch dan naar vleesch;
#Text=ook houdt 
#Text=het zich meest op langs de oevers van de Zee, of Rivieren om op de visschen te 
#Text=jaagen.
12-1	1145-1148	Dit	
12-2	1149-1153	dier	
12-3	1153-1154	,	
12-4	1155-1159	welk	
12-5	1160-1163	men	
12-6	1164-1167	met	
12-7	1168-1172	regt	
12-8	1172-1173	,	
12-9	1174-1177	een	
12-10	1178-1189	verslindend	
12-11	1191-1195	dier	
12-12	1196-1199	kan	
12-13	1200-1206	noemen	
12-14	1206-1207	,	
12-15	1208-1210	is	
12-16	1211-1217	echter	
12-17	1218-1228	begeeriger	
12-18	1229-1233	naar	
12-19	1234-1239	visch	
12-20	1240-1243	dan	
12-21	1244-1248	naar	
12-22	1249-1256	vleesch	
12-23	1256-1257	;	
12-24	1258-1261	ook	
12-25	1262-1267	houdt	
12-26	1269-1272	het	
12-27	1273-1277	zich	
12-28	1278-1283	meest	
12-29	1284-1286	op	
12-30	1287-1292	langs	
12-31	1293-1295	de	
12-32	1296-1302	oevers	
12-33	1303-1306	van	
12-34	1307-1309	de	
12-35	1310-1313	Zee	
12-36	1313-1314	,	
12-37	1315-1317	of	
12-38	1318-1326	Rivieren	
12-39	1327-1329	om	
12-40	1330-1332	op	
12-41	1333-1335	de	
12-42	1336-1344	visschen	
12-43	1345-1347	te	
12-44	1349-1355	jaagen	
12-45	1355-1356	.	
