#FORMAT=WebAnno TSV 3.3


#Text=Deze twe rechthoekige Figuren, moeten op ’t midde
#Text=M. van C
#Text=c.
#Text=komen; gy zult
#Text=de Plank af zagen volgens de schreef A H C M. c. h.
#Text=a.
1-1	2-6	Deze	
1-2	7-10	twe	
1-3	11-23	rechthoekige	
1-4	24-31	Figuren	
1-5	31-32	,	
1-6	33-39	moeten	
1-7	40-42	op	
1-8	43-44	’	
1-9	44-45	t	
1-10	46-51	midde	
1-11	52-53	M	
1-12	53-54	.	
1-13	55-58	van	
1-14	59-60	C	
1-15	61-62	c	
1-16	62-63	.	
1-17	64-69	komen	
1-18	69-70	;	
1-19	71-73	gy	
1-20	74-78	zult	
1-21	79-81	de	
1-22	82-87	Plank	
1-23	88-90	af	
1-24	91-96	zagen	
1-25	97-104	volgens	
1-26	105-107	de	
1-27	108-115	schreef	
1-28	116-117	A	
1-29	118-119	H	
1-30	120-121	C	
1-31	122-123	M	
1-32	123-124	.	
1-33	125-126	c	
1-34	126-127	.	
1-35	128-129	h	
1-36	129-130	.	
1-37	131-132	a	
1-38	132-133	.	

#Text=Dit zal uw Model zyn om de
#Text=rondte te geven aan de Schoorsteen tot de hoogte van de Plaat.
2-1	134-137	Dit	
2-2	138-141	zal	
2-3	142-144	uw	
2-4	145-150	Model	
2-5	151-154	zyn	
2-6	155-157	om	
2-7	158-160	de	
2-8	161-167	rondte	
2-9	168-170	te	
2-10	171-176	geven	
2-11	177-180	aan	
2-12	181-183	de	
2-13	184-195	Schoorsteen	
2-14	196-199	tot	
2-15	200-202	de	
2-16	203-209	hoogte	
2-17	210-213	van	
2-18	214-216	de	
2-19	217-222	Plaat	
2-20	222-223	.	

#Text=De grote rechthoek X. zal dienen voor Model aan ’t As-gat, ’t geen men in den
#Text=Haart tot een bekwame diepte maken zal, zo men ’t wil maken.
#Text=
#Text=’t Kleine langwerpig vierkant
#Text=Z. zal ’t Model van ’t Wind-gat van ene nieuwe
#Text=uitvinding maken.
3-1	226-228	De	
3-2	229-234	grote	
3-3	235-244	rechthoek	
3-4	245-246	X	
3-5	246-247	.	
3-6	248-251	zal	
3-7	252-258	dienen	
3-8	259-263	voor	
3-9	264-269	Model	
3-10	270-273	aan	
3-11	274-275	’	
3-12	275-276	t	
3-13	277-283	As-gat	
3-14	283-284	,	
3-15	285-286	’	
3-16	286-287	t	
3-17	288-292	geen	
3-18	293-296	men	
3-19	297-299	in	
3-20	300-303	den	
3-21	304-309	Haart	
3-22	310-313	tot	
3-23	314-317	een	
3-24	318-325	bekwame	
3-25	326-332	diepte	
3-26	333-338	maken	
3-27	339-342	zal	
3-28	342-343	,	
3-29	344-346	zo	
3-30	347-350	men	
3-31	351-352	’	
3-32	352-353	t	
3-33	354-357	wil	
3-34	358-363	maken	
3-35	363-364	.	
3-36	366-367	’	
3-37	367-368	t	
3-38	369-375	Kleine	
3-39	376-386	langwerpig	
3-40	387-395	vierkant	
3-41	396-397	Z	
3-42	397-398	.	
3-43	399-402	zal	
3-44	403-404	’	
3-45	404-405	t	
3-46	406-411	Model	
3-47	412-415	van	
3-48	416-417	’	
3-49	417-418	t	
3-50	419-427	Wind-gat	
3-51	428-431	van	
3-52	432-435	ene	
3-53	436-442	nieuwe	
3-54	443-453	uitvinding	
3-55	454-459	maken	
3-56	459-460	.	

#Text=Men zal op deze plaats den Haart openen.
4-1	461-464	Men	
4-2	465-468	zal	
4-3	469-471	op	
4-4	472-476	deze	
4-5	477-483	plaats	
4-6	484-487	den	
4-7	488-493	Haart	
4-8	494-500	openen	
4-9	500-501	.	

#Text=Deze opening zal
#Text=deurtocht voor de lucht geven, die komen zal van de straat, of door een andere Pyp;
#Text=die onder uwe Kamer verborgen legt.
5-1	502-506	Deze	
5-2	507-514	opening	
5-3	515-518	zal	
5-4	519-528	deurtocht	
5-5	529-533	voor	
5-6	534-536	de	
5-7	537-542	lucht	
5-8	543-548	geven	
5-9	548-549	,	
5-10	550-553	die	
5-11	554-559	komen	
5-12	560-563	zal	
5-13	564-567	van	
5-14	568-570	de	
5-15	571-577	straat	
5-16	577-578	,	
5-17	579-581	of	
5-18	582-586	door	
5-19	587-590	een	
5-20	591-597	andere	
5-21	598-601	Pyp	
5-22	601-602	;	
5-23	603-606	die	
5-24	607-612	onder	
5-25	613-616	uwe	
5-26	617-622	Kamer	
5-27	623-632	verborgen	
5-28	633-637	legt	
5-29	637-638	.	

#Text=Deze zal men met een Raam van lywaat, of
#Text=koper voorzien, doen daar met een klein luik, dat wel sluit, een hengsel aan, dat na
#Text=den kant van ’t vuur open gaat.
6-1	639-643	Deze	
6-2	644-647	zal	
6-3	648-651	men	
6-4	652-655	met	
6-5	656-659	een	
6-6	660-664	Raam	
6-7	665-668	van	
6-8	669-675	lywaat	
6-9	675-676	,	
6-10	677-679	of	
6-11	680-685	koper	
6-12	686-694	voorzien	
6-13	694-695	,	
6-14	696-700	doen	
6-15	701-705	daar	
6-16	706-709	met	
6-17	710-713	een	
6-18	714-719	klein	
6-19	720-724	luik	
6-20	724-725	,	
6-21	726-729	dat	
6-22	730-733	wel	
6-23	734-739	sluit	
6-24	739-740	,	
6-25	741-744	een	
6-26	745-752	hengsel	
6-27	753-756	aan	
6-28	756-757	,	
6-29	758-761	dat	
6-30	762-764	na	
6-31	765-768	den	
6-32	769-773	kant	
6-33	774-777	van	
6-34	778-779	’	
6-35	779-780	t	
6-36	781-785	vuur	
6-37	786-790	open	
6-38	791-795	gaat	
6-39	795-796	.	

#Text=Men zal de kanten van de Raam en van het Luik, met
#Text=een opgaande schuinte in een afgaande schuinte maken, als die van een Spiegel.
7-1	797-800	Men	
7-2	801-804	zal	
7-3	805-807	de	
7-4	808-814	kanten	
7-5	815-818	van	
7-6	819-821	de	
7-7	822-826	Raam	
7-8	827-829	en	
7-9	830-833	van	
7-10	834-837	het	
7-11	838-842	Luik	
7-12	842-843	,	
7-13	844-847	met	
7-14	848-851	een	
7-15	852-860	opgaande	
7-16	861-869	schuinte	
7-17	870-872	in	
7-18	873-876	een	
7-19	877-885	afgaande	
7-20	886-894	schuinte	
7-21	895-900	maken	
7-22	900-901	,	
7-23	902-905	als	
7-24	906-909	die	
7-25	910-913	van	
7-26	914-917	een	
7-27	918-925	Spiegel	
7-28	925-926	.	

#Text=Aan
#Text=de andere kant van ’t hengsel zal men een kleine knop geven, om dit kleine Luikje
#Text=op te lichten met de Tang.
8-1	927-930	Aan	
8-2	931-933	de	
8-3	934-940	andere	
8-4	941-945	kant	
8-5	946-949	van	
8-6	950-951	’	
8-7	951-952	t	
8-8	953-960	hengsel	
8-9	961-964	zal	
8-10	965-968	men	
8-11	969-972	een	
8-12	973-979	kleine	
8-13	980-984	knop	
8-14	985-990	geven	
8-15	990-991	,	
8-16	992-994	om	
8-17	995-998	dit	
8-18	999-1005	kleine	
8-19	1006-1012	Luikje	
8-20	1013-1015	op	
8-21	1016-1018	te	
8-22	1019-1026	lichten	
8-23	1027-1030	met	
8-24	1031-1033	de	
8-25	1034-1038	Tang	
8-26	1038-1039	.	

#Text=Men kan’er van onderen een grendel aan doen, die aan
#Text=die knop vast is.
9-1	1040-1043	Men	
9-2	1044-1047	kan	
9-3	1047-1048	’	
9-4	1048-1050	er	
9-5	1051-1054	van	
9-6	1055-1062	onderen	
9-7	1063-1066	een	
9-8	1067-1074	grendel	
9-9	1075-1078	aan	
9-10	1079-1083	doen	
9-11	1083-1084	,	
9-12	1085-1088	die	
9-13	1089-1092	aan	
9-14	1093-1096	die	
9-15	1097-1101	knop	
9-16	1102-1106	vast	
9-17	1107-1109	is	
9-18	1109-1110	.	

#Text=Aan beide de kanten van ’t Luik, zal’er van onderen een kleine steel
#Text=van een rond zyn, waar van ’t midden ’t hengsel zal raken, op dat de lucht’er niet
#Text=kan uitgaan dan van voren en na het vuur, als men ’t Luik zal oplichten: en op dat
#Text=men het open houde, zo hoog als ons goeddunkt;
#Text=om meer of min lucht te geven, zal
#Text=men’er van ondere twe kleine Veren aan vast maken, die elke rusten zullen op een
#Text=van de deelen van ’t rond, en die genoeg zullen drukken om ’t Luik op te houden.
10-1	1111-1114	Aan	
10-2	1115-1120	beide	
10-3	1121-1123	de	
10-4	1124-1130	kanten	
10-5	1131-1134	van	
10-6	1135-1136	’	
10-7	1136-1137	t	
10-8	1138-1142	Luik	
10-9	1142-1143	,	
10-10	1144-1147	zal	
10-11	1147-1148	’	
10-12	1148-1150	er	
10-13	1151-1154	van	
10-14	1155-1162	onderen	
10-15	1163-1166	een	
10-16	1167-1173	kleine	
10-17	1174-1179	steel	
10-18	1180-1183	van	
10-19	1184-1187	een	
10-20	1188-1192	rond	
10-21	1193-1196	zyn	
10-22	1196-1197	,	
10-23	1198-1202	waar	
10-24	1203-1206	van	
10-25	1207-1208	’	
10-26	1208-1209	t	
10-27	1210-1216	midden	
10-28	1217-1218	’	
10-29	1218-1219	t	
10-30	1220-1227	hengsel	
10-31	1228-1231	zal	
10-32	1232-1237	raken	
10-33	1237-1238	,	
10-34	1239-1241	op	
10-35	1242-1245	dat	
10-36	1246-1248	de	
10-37	1249-1254	lucht	
10-38	1254-1255	’	
10-39	1255-1257	er	
10-40	1258-1262	niet	
10-41	1263-1266	kan	
10-42	1267-1274	uitgaan	
10-43	1275-1278	dan	
10-44	1279-1282	van	
10-45	1283-1288	voren	
10-46	1289-1291	en	
10-47	1292-1294	na	
10-48	1295-1298	het	
10-49	1299-1303	vuur	
10-50	1303-1304	,	
10-51	1305-1308	als	
10-52	1309-1312	men	
10-53	1313-1314	’	
10-54	1314-1315	t	
10-55	1316-1320	Luik	
10-56	1321-1324	zal	
10-57	1325-1334	oplichten	
10-58	1334-1335	:	
10-59	1336-1338	en	
10-60	1339-1341	op	
10-61	1342-1345	dat	
10-62	1346-1349	men	
10-63	1350-1353	het	
10-64	1354-1358	open	
10-65	1359-1364	houde	
10-66	1364-1365	,	
10-67	1366-1368	zo	
10-68	1369-1373	hoog	
10-69	1374-1377	als	
10-70	1378-1381	ons	
10-71	1382-1391	goeddunkt	
10-72	1391-1392	;	
10-73	1393-1395	om	
10-74	1396-1400	meer	
10-75	1401-1403	of	
10-76	1404-1407	min	
10-77	1408-1413	lucht	
10-78	1414-1416	te	
10-79	1417-1422	geven	
10-80	1422-1423	,	
10-81	1424-1427	zal	
10-82	1428-1431	men	
10-83	1431-1432	’	
10-84	1432-1434	er	
10-85	1435-1438	van	
10-86	1439-1445	ondere	
10-87	1446-1449	twe	
10-88	1450-1456	kleine	
10-89	1457-1462	Veren	
10-90	1463-1466	aan	
10-91	1467-1471	vast	
10-92	1472-1477	maken	
10-93	1477-1478	,	
10-94	1479-1482	die	
10-95	1483-1487	elke	
10-96	1488-1494	rusten	
10-97	1495-1501	zullen	
10-98	1502-1504	op	
10-99	1505-1508	een	
10-100	1509-1512	van	
10-101	1513-1515	de	
10-102	1516-1522	deelen	
10-103	1523-1526	van	
10-104	1527-1528	’	
10-105	1528-1529	t	
10-106	1530-1534	rond	
10-107	1534-1535	,	
10-108	1536-1538	en	
10-109	1539-1542	die	
10-110	1543-1549	genoeg	
10-111	1550-1556	zullen	
10-112	1557-1564	drukken	
10-113	1565-1567	om	
10-114	1568-1569	’	
10-115	1569-1570	t	
10-116	1571-1575	Luik	
10-117	1576-1578	op	
10-118	1579-1581	te	
10-119	1582-1588	houden	
10-120	1588-1589	.	

#Text=M.
11-1	1592-1593	M	
11-2	1593-1594	.	

#Text=Noel Chomel, Huishoudelyk woordboek
#Text=
#Text=\f960
#Text=
#Text=Toestel van de Schoorsteen-mantel, en ’t begin van de Schoorsteen-pyp.
12-1	1595-1599	Noel	
12-2	1600-1606	Chomel	
12-3	1606-1607	,	
12-4	1608-1620	Huishoudelyk	
12-5	1621-1630	woordboek	
12-6	1633-1636	960	
12-7	1638-1645	Toestel	
12-8	1646-1649	van	
12-9	1650-1652	de	
12-10	1653-1671	Schoorsteen-mantel	
12-11	1671-1672	,	
12-12	1673-1675	en	
12-13	1676-1677	’	
12-14	1677-1678	t	
12-15	1679-1684	begin	
12-16	1685-1688	van	
12-17	1689-1691	de	
12-18	1692-1707	Schoorsteen-pyp	
12-19	1707-1708	.	

#Text=Maak, dat het onderste van de Schoorsteen-mantel en zyne wydte evenwydig met
#Text=den Horizont zy, of waterpas, even al wilde men ze (want zy kan worden overwulft)
#Text=
#Text=in de winkelhaak op den grond der Schoorsteen zetten, waar van ze niet boven tien,
#Text=of twaalf duimen zal af zyn, op dat de Pyp der Schoorsteen op die plaats niet hebbe,
#Text=dan die wydte.
13-1	1710-1714	Maak	
13-2	1714-1715	,	
13-3	1716-1719	dat	
13-4	1720-1723	het	
13-5	1724-1732	onderste	
13-6	1733-1736	van	
13-7	1737-1739	de	
13-8	1740-1758	Schoorsteen-mantel	
13-9	1759-1761	en	
13-10	1762-1766	zyne	
13-11	1767-1772	wydte	
13-12	1773-1782	evenwydig	
13-13	1783-1786	met	
13-14	1787-1790	den	
13-15	1791-1799	Horizont	
13-16	1800-1802	zy	
13-17	1802-1803	,	
13-18	1804-1806	of	
13-19	1807-1815	waterpas	
13-20	1815-1816	,	
13-21	1817-1821	even	
13-22	1822-1824	al	
13-23	1825-1830	wilde	
13-24	1831-1834	men	
13-25	1835-1837	ze	
13-26	1838-1839	(	
13-27	1839-1843	want	
13-28	1844-1846	zy	
13-29	1847-1850	kan	
13-30	1851-1857	worden	
13-31	1858-1867	overwulft	
13-32	1867-1868	)	
13-33	1870-1872	in	
13-34	1873-1875	de	
13-35	1876-1886	winkelhaak	
13-36	1887-1889	op	
13-37	1890-1893	den	
13-38	1894-1899	grond	
13-39	1900-1903	der	
13-40	1904-1915	Schoorsteen	
13-41	1916-1922	zetten	
13-42	1922-1923	,	
13-43	1924-1928	waar	
13-44	1929-1932	van	
13-45	1933-1935	ze	
13-46	1936-1940	niet	
13-47	1941-1946	boven	
13-48	1947-1951	tien	
13-49	1951-1952	,	
13-50	1953-1955	of	
13-51	1956-1962	twaalf	
13-52	1963-1969	duimen	
13-53	1970-1973	zal	
13-54	1974-1976	af	
13-55	1977-1980	zyn	
13-56	1980-1981	,	
13-57	1982-1984	op	
13-58	1985-1988	dat	
13-59	1989-1991	de	
13-60	1992-1995	Pyp	
13-61	1996-1999	der	
13-62	2000-2011	Schoorsteen	
13-63	2012-2014	op	
13-64	2015-2018	die	
13-65	2019-2025	plaats	
13-66	2026-2030	niet	
13-67	2031-2036	hebbe	
13-68	2036-2037	,	
13-69	2038-2041	dan	
13-70	2042-2045	die	
13-71	2046-2051	wydte	
13-72	2051-2052	.	
