#FORMAT=WebAnno TSV 3.3
#T_SP=custom.Span|label
#T_RL=custom.Relation|label|BT_custom.Span


#Text=]
#Text=
#Text=Hauptbeſchreibung erſten Theils ſiebendes Buch.
1-1	2-3	]	_	_	_	
1-2	5-22	Hauptbeſchreibung	_	_	_	
1-3	23-29	erſten	_	_	_	
1-4	30-36	Theils	_	_	_	
1-5	37-46	ſiebendes	_	_	_	
1-6	47-51	Buch	_	_	_	
1-7	51-52	.	_	_	_	

#Text=Das ſechs und viertzigſte Capitel.
2-1	57-60	Das	_	_	_	
2-2	61-66	ſechs	_	_	_	
2-3	67-70	und	_	_	_	
2-4	71-82	viertzigſte	_	_	_	
2-5	83-90	Capitel	_	_	_	
2-6	90-91	.	_	_	_	

#Text=Vom Zitronoͤle.
3-1	94-97	Vom	_	_	_	
3-2	98-108	Zitronoͤle	_	_	_	
3-3	108-109	.	_	_	_	

#Text=WJr verkauffen zweyerley Zitron-
#Text=oͤl, das gemeine und Eſſenza di Ce-
#Text=dro, oder Zitroneſſentz.
4-1	113-116	WJr	_	_	_	
4-2	117-127	verkauffen	_	_	_	
4-3	128-137	zweyerley	_	_	_	
4-4	138-144	Zitron	_	_	_	
4-5	144-145	-	_	_	_	
4-6	146-149	oͤl	_	_	_	
4-7	149-150	,	_	_	_	
4-8	151-154	das	_	_	_	
4-9	155-162	gemeine	_	_	_	
4-10	163-166	und	_	_	_	
4-11	167-174	Eſſenza	_	_	_	
4-12	175-177	di	_	_	_	
4-13	178-180	Ce	_	_	_	
4-14	180-181	-	_	_	_	
4-15	182-185	dro	_	_	_	
4-16	185-186	,	_	_	_	
4-17	187-191	oder	_	_	_	
4-18	192-205	Zitroneſſentz	_	_	_	
4-19	205-206	.	_	_	_	

#Text=Das eine,
#Text=das am hoͤheſten gehalten wird, fuͤhret
#Text=
#Text=den Namen des Zitronoͤls, oder der Zi-
#Text=troneſſentz,
#Text=und wird auf zweyerley Art
#Text=bereitet: Naͤmlich von Citronſchalen,
#Text=davon das Weiſſe weggeſchnitten wor-
#Text=den, oder von abgeriebenen Zitronen,
#Text=daraus man dann, vermittelſt des Feu-
#Text=ers und eines Kolbens, ein weiſſes ſtarck-
#Text=riechendes Oel ziehet, welches dem ſuͤſſen
#Text=Mandeloͤle gantz gleich ſieht, auſſer
#Text=daß
#Text=es nicht ſo dicke iſt.
5-1	207-210	Das	_	_	_	
5-2	211-215	eine	_	_	_	
5-3	215-216	,	_	_	_	
5-4	217-220	das	_	_	_	
5-5	221-223	am	_	_	_	
5-6	224-233	hoͤheſten	_	_	_	
5-7	234-242	gehalten	_	_	_	
5-8	243-247	wird	_	_	_	
5-9	247-248	,	_	_	_	
5-10	249-256	fuͤhret	_	_	_	
5-11	258-261	den	_	_	_	
5-12	262-267	Namen	_	_	_	
5-13	268-271	des	_	_	_	
5-14	272-282	Zitronoͤls	_	_	_	
5-15	282-283	,	_	_	_	
5-16	284-288	oder	_	_	_	
5-17	289-292	der	_	_	_	
5-18	293-295	Zi	_	_	_	
5-19	295-296	-	_	_	_	
5-20	297-308	troneſſentz	_	_	_	
5-21	308-309	,	_	_	_	
5-22	310-313	und	_	_	_	
5-23	314-318	wird	_	_	_	
5-24	319-322	auf	_	_	_	
5-25	323-332	zweyerley	_	_	_	
5-26	333-336	Art	_	_	_	
5-27	337-345	bereitet	_	_	_	
5-28	345-346	:	_	_	_	
5-29	347-355	Naͤmlich	_	_	_	
5-30	356-359	von	_	_	_	
5-31	360-373	Citronſchalen	_	_	_	
5-32	373-374	,	_	_	_	
5-33	375-380	davon	_	_	_	
5-34	381-384	das	_	_	_	
5-35	385-391	Weiſſe	_	_	_	
5-36	392-406	weggeſchnitten	_	_	_	
5-37	407-410	wor	_	_	_	
5-38	410-411	-	_	_	_	
5-39	412-415	den	_	_	_	
5-40	415-416	,	_	_	_	
5-41	417-421	oder	_	_	_	
5-42	422-425	von	_	_	_	
5-43	426-438	abgeriebenen	_	_	_	
5-44	439-447	Zitronen	_	_	_	
5-45	447-448	,	_	_	_	
5-46	449-455	daraus	_	_	_	
5-47	456-459	man	_	_	_	
5-48	460-464	dann	_	_	_	
5-49	464-465	,	_	_	_	
5-50	466-477	vermittelſt	_	_	_	
5-51	478-481	des	_	_	_	
5-52	482-485	Feu	_	_	_	
5-53	485-486	-	_	_	_	
5-54	487-490	ers	_	_	_	
5-55	491-494	und	_	_	_	
5-56	495-500	eines	_	_	_	
5-57	501-508	Kolbens	_	_	_	
5-58	508-509	,	_	_	_	
5-59	510-513	ein	_	_	_	
5-60	514-521	weiſſes	_	_	_	
5-61	522-528	ſtarck	Quality	_	_	
5-62	528-529	-	_	_	_	
5-63	530-540	riechendes	Smell\_Word	*|*	5-61|5-64	
5-64	541-544	Oel	Smell\_Source	_	_	
5-65	545-551	ziehet	_	_	_	
5-66	551-552	,	_	_	_	
5-67	553-560	welches	_	_	_	
5-68	561-564	dem	_	_	_	
5-69	565-572	ſuͤſſen	_	_	_	
5-70	573-583	Mandeloͤle	_	_	_	
5-71	584-589	gantz	_	_	_	
5-72	590-596	gleich	_	_	_	
5-73	597-602	ſieht	_	_	_	
5-74	602-603	,	_	_	_	
5-75	604-610	auſſer	_	_	_	
5-76	611-614	daß	_	_	_	
5-77	615-617	es	_	_	_	
5-78	618-623	nicht	_	_	_	
5-79	624-626	ſo	_	_	_	
5-80	627-632	dicke	_	_	_	
5-81	633-636	iſt	_	_	_	
5-82	636-637	.	_	_	_	

#Text=Das andere und ge-
#Text=meine Zitronenoͤl ſieht gruͤnlicht, und iſt
#Text=klar, riecht gut, und wird ebenfalls mit
#Text=Huͤlffe eines Kolbens, aus den dicken
#Text=Hefen, die in den Faͤſſern, darinnen man
#Text=
#Text=den Zitronenſaft ſich ſetzen laſſen, be-
#Text=findlich ſind.
6-1	638-641	Das	_	_	_	
6-2	642-648	andere	_	_	_	
6-3	649-652	und	_	_	_	
6-4	653-655	ge	_	_	_	
6-5	655-656	-	_	_	_	
6-6	657-662	meine	_	_	_	
6-7	663-674	Zitronenoͤl	Smell\_Source	_	_	
6-8	675-680	ſieht	_	_	_	
6-9	681-691	gruͤnlicht	_	_	_	
6-10	691-692	,	_	_	_	
6-11	693-696	und	_	_	_	
6-12	697-700	iſt	_	_	_	
6-13	701-705	klar	_	_	_	
6-14	705-706	,	_	_	_	
6-15	707-713	riecht	Smell\_Word	*|*	6-7|6-16	
6-16	714-717	gut	Quality	_	_	
6-17	717-718	,	_	_	_	
6-18	719-722	und	_	_	_	
6-19	723-727	wird	_	_	_	
6-20	728-737	ebenfalls	_	_	_	
6-21	738-741	mit	_	_	_	
6-22	742-749	Huͤlffe	_	_	_	
6-23	750-755	eines	_	_	_	
6-24	756-763	Kolbens	_	_	_	
6-25	763-764	,	_	_	_	
6-26	765-768	aus	_	_	_	
6-27	769-772	den	_	_	_	
6-28	773-779	dicken	_	_	_	
6-29	780-785	Hefen	_	_	_	
6-30	785-786	,	_	_	_	
6-31	787-790	die	_	_	_	
6-32	791-793	in	_	_	_	
6-33	794-797	den	_	_	_	
6-34	798-806	Faͤſſern	_	_	_	
6-35	806-807	,	_	_	_	
6-36	808-816	darinnen	_	_	_	
6-37	817-820	man	_	_	_	
6-38	822-825	den	_	_	_	
6-39	826-838	Zitronenſaft	_	_	_	
6-40	839-843	ſich	_	_	_	
6-41	844-850	ſetzen	_	_	_	
6-42	851-857	laſſen	_	_	_	
6-43	857-858	,	_	_	_	
6-44	859-861	be	_	_	_	
6-45	861-862	-	_	_	_	
6-46	863-871	findlich	_	_	_	
6-47	872-876	ſind	_	_	_	
6-48	876-877	.	_	_	_	

#Text=Es geben aber 50.
7-1	878-880	Es	_	_	_	
7-2	881-886	geben	_	_	_	
7-3	887-891	aber	_	_	_	
7-4	892-894	50	_	_	_	
7-5	894-895	.	_	_	_	

#Text=Pfund
#Text=
#Text=dieſer Hefen
#Text=gemeiniglich drey Pfund
#Text=lauteres Oel, mehr oder weniger, nach-
#Text=dem die Citronen gut oder ſchlecht ge-
#Text=weſen.
8-1	896-901	Pfund	_	_	_	
8-2	903-909	dieſer	_	_	_	
8-3	910-915	Hefen	_	_	_	
8-4	916-928	gemeiniglich	_	_	_	
8-5	929-933	drey	_	_	_	
8-6	934-939	Pfund	_	_	_	
8-7	940-948	lauteres	_	_	_	
8-8	949-952	Oel	_	_	_	
8-9	952-953	,	_	_	_	
8-10	954-958	mehr	_	_	_	
8-11	959-963	oder	_	_	_	
8-12	964-971	weniger	_	_	_	
8-13	971-972	,	_	_	_	
8-14	973-977	nach	_	_	_	
8-15	977-978	-	_	_	_	
8-16	979-982	dem	_	_	_	
8-17	983-986	die	_	_	_	
8-18	987-995	Citronen	_	_	_	
8-19	996-999	gut	_	_	_	
8-20	1000-1004	oder	_	_	_	
8-21	1005-1013	ſchlecht	_	_	_	
8-22	1014-1016	ge	_	_	_	
8-23	1016-1017	-	_	_	_	
8-24	1018-1023	weſen	_	_	_	
8-25	1023-1024	.	_	_	_	

#Text=Zitron-
#Text=Eſſentz.
9-1	1028-1034	Zitron	_	_	_	
9-2	1034-1035	-	_	_	_	
9-3	1036-1043	Eſſentz	_	_	_	
9-4	1043-1044	.	_	_	_	
