#FORMAT=WebAnno TSV 3.3


#Text=VIII.
1-1	0-4	VIII	
1-2	4-5	.	

#Text=Gli stessi uomini di grande ingegno, benchè abbiano tutta la penetrazione negli affari fisici, mancano talvolta di coraggio.
2-1	11-14	Gli	
2-2	15-21	stessi	
2-3	22-28	uomini	
2-4	29-31	di	
2-5	32-38	grande	
2-6	39-46	ingegno	
2-7	46-47	,	
2-8	48-54	benchè	
2-9	55-62	abbiano	
2-10	63-68	tutta	
2-11	69-71	la	
2-12	72-84	penetrazione	
2-13	85-90	negli	
2-14	91-97	affari	
2-15	98-104	fisici	
2-16	104-105	,	
2-17	106-113	mancano	
2-18	114-122	talvolta	
2-19	123-125	di	
2-20	126-134	coraggio	
2-21	134-135	.	

#Text=Forse per essere troppo conoscitori, si mettono troppo facilmente in orrore.
3-1	136-141	Forse	
3-2	142-145	per	
3-3	146-152	essere	
3-4	153-159	troppo	
3-5	160-171	conoscitori	
3-6	171-172	,	
3-7	173-175	si	
3-8	176-183	mettono	
3-9	184-190	troppo	
3-10	191-201	facilmente	
3-11	202-204	in	
3-12	205-211	orrore	
3-13	211-212	.	

#Text=Quindi è che non è raro il caso di alcuni elevati Medici ed Anatomici, i quali sapendo bene quanto intralciata e delicata sia la struttura della macchina nostra, se niente s’ammalano, temono tosto la rovina, e non v’è più per essi chi possa su ciò incoraggiarli.
4-1	213-219	Quindi	
4-2	220-221	è	
4-3	222-225	che	
4-4	226-229	non	
4-5	230-231	è	
4-6	232-236	raro	
4-7	237-239	il	
4-8	240-244	caso	
4-9	245-247	di	
4-10	248-254	alcuni	
4-11	255-262	elevati	
4-12	263-269	Medici	
4-13	270-272	ed	
4-14	273-282	Anatomici	
4-15	282-283	,	
4-16	284-285	i	
4-17	286-291	quali	
4-18	292-299	sapendo	
4-19	300-304	bene	
4-20	305-311	quanto	
4-21	312-323	intralciata	
4-22	324-325	e	
4-23	326-334	delicata	
4-24	335-338	sia	
4-25	339-341	la	
4-26	342-351	struttura	
4-27	352-357	della	
4-28	358-366	macchina	
4-29	367-373	nostra	
4-30	373-374	,	
4-31	375-377	se	
4-32	378-384	niente	
4-33	385-386	s	
4-34	386-387	’	
4-35	387-395	ammalano	
4-36	395-396	,	
4-37	397-403	temono	
4-38	404-409	tosto	
4-39	410-412	la	
4-40	413-419	rovina	
4-41	419-420	,	
4-42	421-422	e	
4-43	423-426	non	
4-44	427-428	v	
4-45	428-429	’	
4-46	429-430	è	
4-47	431-434	più	
4-48	435-438	per	
4-49	439-443	essi	
4-50	444-447	chi	
4-51	448-453	possa	
4-52	454-456	su	
4-53	457-460	ciò	
4-54	461-474	incoraggiarli	
4-55	474-475	.	

#Text=Gli è questo un partecipare dei difetti dell’idiote e del pusillanimo: l’uomo veramente grande è sempre costante.
5-1	476-479	Gli	
5-2	480-481	è	
5-3	482-488	questo	
5-4	489-491	un	
5-5	492-503	partecipare	
5-6	504-507	dei	
5-7	508-515	difetti	
5-8	516-520	dell	
5-9	520-521	’	
5-10	521-527	idiote	
5-11	528-529	e	
5-12	530-533	del	
5-13	534-545	pusillanimo	
5-14	545-546	:	
5-15	547-548	l	
5-16	548-549	’	
5-17	549-553	uomo	
5-18	554-563	veramente	
5-19	564-570	grande	
5-20	571-572	è	
5-21	573-579	sempre	
5-22	580-588	costante	
5-23	588-589	.	

#Text=Questi può sentire, e sente in fatti il primo attacco d’un accidente, ma se n’avvede con senno, e si mette a contrapporvisi con coraggio.
6-1	590-596	Questi	
6-2	597-600	può	
6-3	601-608	sentire	
6-4	608-609	,	
6-5	610-611	e	
6-6	612-617	sente	
6-7	618-620	in	
6-8	621-626	fatti	
6-9	627-629	il	
6-10	630-635	primo	
6-11	636-643	attacco	
6-12	644-645	d	
6-13	645-646	’	
6-14	646-648	un	
6-15	649-658	accidente	
6-16	658-659	,	
6-17	660-662	ma	
6-18	663-665	se	
6-19	666-667	n	
6-20	667-668	’	
6-21	668-674	avvede	
6-22	675-678	con	
6-23	679-684	senno	
6-24	684-685	,	
6-25	686-687	e	
6-26	688-690	si	
6-27	691-696	mette	
6-28	697-698	a	
6-29	699-713	contrapporvisi	
6-30	714-717	con	
6-31	718-726	coraggio	
6-32	726-727	.	

#Text=Altri uomini si danno, che se non hanno grande sublimità d’ingegno, sono pieni di sensibilità alle più piccole sventure.
7-1	729-734	Altri	
7-2	735-741	uomini	
7-3	742-744	si	
7-4	745-750	danno	
7-5	750-751	,	
7-6	752-755	che	
7-7	756-758	se	
7-8	759-762	non	
7-9	763-768	hanno	
7-10	769-775	grande	
7-11	776-785	sublimità	
7-12	786-787	d	
7-13	787-788	’	
7-14	788-795	ingegno	
7-15	795-796	,	
7-16	797-801	sono	
7-17	802-807	pieni	
7-18	808-810	di	
7-19	811-822	sensibilità	
7-20	823-827	alle	
7-21	828-831	più	
7-22	832-839	piccole	
7-23	840-848	sventure	
7-24	848-849	.	

#Text=Dunque il più piccolo male basta a costernarli.
8-1	850-856	Dunque	
8-2	857-859	il	
8-3	860-863	più	
8-4	864-871	piccolo	
8-5	872-876	male	
8-6	877-882	basta	
8-7	883-884	a	
8-8	885-896	costernarli	
8-9	896-897	.	

#Text=I primi sono infelici per aver troppo spirito; e questi per averne troppo poco; così conchiudo con Zimmermann1.
9-1	898-899	I	
9-2	900-905	primi	
9-3	906-910	sono	
9-4	911-919	infelici	
9-5	920-923	per	
9-6	924-928	aver	
9-7	929-935	troppo	
9-8	936-943	spirito	
9-9	943-944	;	
9-10	945-946	e	
9-11	947-953	questi	
9-12	954-957	per	
9-13	958-964	averne	
9-14	965-971	troppo	
9-15	972-976	poco	
9-16	976-977	;	
9-17	978-982	così	
9-18	983-992	conchiudo	
9-19	993-996	con	
9-20	997-1008	Zimmermann1	
9-21	1008-1009	.	

#Text=Ancor questi sarebbe desiderabile il poterli correggere, per poterli meglio medicare; perchè non v’ha dubbio, che se ci riesce mai di espellere dalla lor mente le loro larve, e introdurvi un po’ più di altezza d’animo, e di bravura, eglino s’incamminano più felicemente alla salute.
10-1	1011-1016	Ancor	
10-2	1017-1023	questi	
10-3	1024-1031	sarebbe	
10-4	1032-1044	desiderabile	
10-5	1045-1047	il	
10-6	1048-1055	poterli	
10-7	1056-1066	correggere	
10-8	1066-1067	,	
10-9	1068-1071	per	
10-10	1072-1079	poterli	
10-11	1080-1086	meglio	
10-12	1087-1095	medicare	
10-13	1095-1096	;	
10-14	1097-1103	perchè	
10-15	1104-1107	non	
10-16	1108-1109	v	
10-17	1109-1110	’	
10-18	1110-1112	ha	
10-19	1113-1119	dubbio	
10-20	1119-1120	,	
10-21	1121-1124	che	
10-22	1125-1127	se	
10-23	1128-1130	ci	
10-24	1131-1137	riesce	
10-25	1138-1141	mai	
10-26	1142-1144	di	
10-27	1145-1154	espellere	
10-28	1155-1160	dalla	
10-29	1161-1164	lor	
10-30	1165-1170	mente	
10-31	1171-1173	le	
10-32	1174-1178	loro	
10-33	1179-1184	larve	
10-34	1184-1185	,	
10-35	1186-1187	e	
10-36	1188-1198	introdurvi	
10-37	1199-1201	un	
10-38	1202-1204	po	
10-39	1204-1205	’	
10-40	1206-1209	più	
10-41	1210-1212	di	
10-42	1213-1220	altezza	
10-43	1221-1222	d	
10-44	1222-1223	’	
10-45	1223-1228	animo	
10-46	1228-1229	,	
10-47	1230-1231	e	
10-48	1232-1234	di	
10-49	1235-1242	bravura	
10-50	1242-1243	,	
10-51	1244-1250	eglino	
10-52	1251-1252	s	
10-53	1252-1253	’	
10-54	1253-1264	incamminano	
10-55	1265-1268	più	
10-56	1269-1280	felicemente	
10-57	1281-1285	alla	
10-58	1286-1292	salute	
10-59	1292-1293	.	

#Text=Dice il filosofo Mich.
11-1	1294-1298	Dice	
11-2	1299-1301	il	
11-3	1302-1310	filosofo	
11-4	1311-1315	Mich	
11-5	1315-1316	.	

#Text=Montagna2, che come alle persone si toglie la maschera per conoscerle, il simile dèe farsi colle cose tutte per meglio rilevarle e giudicarle
12-1	1317-1326	Montagna2	
12-2	1326-1327	,	
12-3	1328-1331	che	
12-4	1332-1336	come	
12-5	1337-1341	alle	
12-6	1342-1349	persone	
12-7	1350-1352	si	
12-8	1353-1359	toglie	
12-9	1360-1362	la	
12-10	1363-1371	maschera	
12-11	1372-1375	per	
12-12	1376-1386	conoscerle	
12-13	1386-1387	,	
12-14	1388-1390	il	
12-15	1391-1397	simile	
12-16	1398-1401	dèe	
12-17	1402-1407	farsi	
12-18	1408-1413	colle	
12-19	1414-1418	cose	
12-20	1419-1424	tutte	
12-21	1425-1428	per	
12-22	1429-1435	meglio	
12-23	1436-1445	rilevarle	
12-24	1446-1447	e	
12-25	1448-1458	giudicarle	

#Text=.
13-1	1458-1459	.	

#Text=↑ Loc. cit
14-1	1465-1466	↑	
14-2	1467-1470	Loc	
14-3	1470-1471	.	
14-4	1472-1475	cit	

#Text=.
15-1	1475-1476	.	

#Text=↑ Op. cit.
16-1	1478-1479	↑	
16-2	1480-1482	Op	
16-3	1482-1483	.	
16-4	1484-1487	cit	
16-5	1487-1488	.	

#Text=IX.
17-1	1494-1496	IX	
17-2	1496-1497	.	

#Text=Dai pochi articoli premessi si possono congetturare gli altri molti impedimenti, da me non accennati, ad una potenza dell’animo cotanto necessaria in tutta la condotta di una malattia.
18-1	1503-1506	Dai	
18-2	1507-1512	pochi	
18-3	1513-1521	articoli	
18-4	1522-1530	premessi	
18-5	1531-1533	si	
18-6	1534-1541	possono	
18-7	1542-1554	congetturare	
18-8	1555-1558	gli	
18-9	1559-1564	altri	
18-10	1565-1570	molti	
18-11	1571-1582	impedimenti	
18-12	1582-1583	,	
18-13	1584-1586	da	
18-14	1587-1589	me	
18-15	1590-1593	non	
18-16	1594-1603	accennati	
18-17	1603-1604	,	
18-18	1605-1607	ad	
18-19	1608-1611	una	
18-20	1612-1619	potenza	
18-21	1620-1624	dell	
18-22	1624-1625	’	
18-23	1625-1630	animo	
18-24	1631-1638	cotanto	
18-25	1639-1649	necessaria	
18-26	1650-1652	in	
18-27	1653-1658	tutta	
18-28	1659-1661	la	
18-29	1662-1670	condotta	
18-30	1671-1673	di	
18-31	1674-1677	una	
18-32	1678-1686	malattia	
18-33	1686-1687	.	

#Text=Lo si replichi, il coraggio è indispensabile.
19-1	1688-1690	Lo	
19-2	1691-1693	si	
19-3	1694-1702	replichi	
19-4	1702-1703	,	
19-5	1704-1706	il	
19-6	1707-1715	coraggio	
19-7	1716-1717	è	
19-8	1718-1732	indispensabile	
19-9	1732-1733	.	

#Text=L’uomo è pura macchina, se non è fornito di questa fiamma animatrice.
20-1	1734-1735	L	
20-2	1735-1736	’	
20-3	1736-1740	uomo	
20-4	1741-1742	è	
20-5	1743-1747	pura	
20-6	1748-1756	macchina	
20-7	1756-1757	,	
20-8	1758-1760	se	
20-9	1761-1764	non	
20-10	1765-1766	è	
20-11	1767-1774	fornito	
20-12	1775-1777	di	
20-13	1778-1784	questa	
20-14	1785-1791	fiamma	
20-15	1792-1802	animatrice	
20-16	1802-1803	.	

#Text=L’uomo non mai ha da conoscere la diffidenza, ed è appunto nelle avversità che ha ad adoperar tutto sè stesso per sortirne, o per non cedere da disperato.
21-1	1804-1805	L	
21-2	1805-1806	’	
21-3	1806-1810	uomo	
21-4	1811-1814	non	
21-5	1815-1818	mai	
21-6	1819-1821	ha	
21-7	1822-1824	da	
21-8	1825-1834	conoscere	
21-9	1835-1837	la	
21-10	1838-1848	diffidenza	
21-11	1848-1849	,	
21-12	1850-1852	ed	
21-13	1853-1854	è	
21-14	1855-1862	appunto	
21-15	1863-1868	nelle	
21-16	1869-1878	avversità	
21-17	1879-1882	che	
21-18	1883-1885	ha	
21-19	1886-1888	ad	
21-20	1889-1897	adoperar	
21-21	1898-1903	tutto	
21-22	1904-1906	sè	
21-23	1907-1913	stesso	
21-24	1914-1917	per	
21-25	1918-1926	sortirne	
21-26	1926-1927	,	
21-27	1928-1929	o	
21-28	1930-1933	per	
21-29	1934-1937	non	
21-30	1938-1944	cedere	
21-31	1945-1947	da	
21-32	1948-1957	disperato	
21-33	1957-1958	.	

#Text=Le malattie esigono, per esser vinte, un lodevol complesso di azioni di tutto il sistema corporeo, e questo sarà sempre imperfetto, se dall’animo non riceverà un favorevole influsso e concorso adeguatamente cooperante; nè altra affezione dell’animo è più pronta ed immediata dell’affezion del coraggio a procurarlo.
22-1	1959-1961	Le	
22-2	1962-1970	malattie	
22-3	1971-1978	esigono	
22-4	1978-1979	,	
22-5	1980-1983	per	
22-6	1984-1989	esser	
22-7	1990-1995	vinte	
22-8	1995-1996	,	
22-9	1997-1999	un	
22-10	2000-2007	lodevol	
22-11	2008-2017	complesso	
22-12	2018-2020	di	
22-13	2021-2027	azioni	
22-14	2028-2030	di	
22-15	2031-2036	tutto	
22-16	2037-2039	il	
22-17	2040-2047	sistema	
22-18	2048-2056	corporeo	
22-19	2056-2057	,	
22-20	2058-2059	e	
22-21	2060-2066	questo	
22-22	2067-2071	sarà	
22-23	2072-2078	sempre	
22-24	2079-2089	imperfetto	
22-25	2089-2090	,	
22-26	2091-2093	se	
22-27	2094-2098	dall	
22-28	2098-2099	’	
22-29	2099-2104	animo	
22-30	2105-2108	non	
22-31	2109-2117	riceverà	
22-32	2118-2120	un	
22-33	2121-2131	favorevole	
22-34	2132-2140	influsso	
22-35	2141-2142	e	
22-36	2143-2151	concorso	
22-37	2152-2165	adeguatamente	
22-38	2166-2176	cooperante	
22-39	2176-2177	;	
22-40	2178-2180	nè	
22-41	2181-2186	altra	
22-42	2187-2196	affezione	
22-43	2197-2201	dell	
22-44	2201-2202	’	
22-45	2202-2207	animo	
22-46	2208-2209	è	
22-47	2210-2213	più	
22-48	2214-2220	pronta	
22-49	2221-2223	ed	
22-50	2224-2233	immediata	
22-51	2234-2238	dell	
22-52	2238-2239	’	
22-53	2239-2247	affezion	
22-54	2248-2251	del	
22-55	2252-2260	coraggio	
22-56	2261-2262	a	
22-57	2263-2273	procurarlo	
22-58	2273-2274	.	

#Text=Ma io credo finalmente che nei più manchi il coraggio nei veri bisogni di averlo, per motivo principalmente di abitudine contraria al medesimo.
23-1	2276-2278	Ma	
23-2	2279-2281	io	
23-3	2282-2287	credo	
23-4	2288-2298	finalmente	
23-5	2299-2302	che	
23-6	2303-2306	nei	
23-7	2307-2310	più	
23-8	2311-2317	manchi	
23-9	2318-2320	il	
23-10	2321-2329	coraggio	
23-11	2330-2333	nei	
23-12	2334-2338	veri	
23-13	2339-2346	bisogni	
23-14	2347-2349	di	
23-15	2350-2356	averlo	
23-16	2356-2357	,	
23-17	2358-2361	per	
23-18	2362-2368	motivo	
23-19	2369-2383	principalmente	
23-20	2384-2386	di	
23-21	2387-2396	abitudine	
23-22	2397-2406	contraria	
23-23	2407-2409	al	
23-24	2410-2418	medesimo	
23-25	2418-2419	.	

#Text=Questa abitdine la si contrae dal cominciare fino dai teneri anni, alla comparsa di ogni malattia, a rifidarsi troppo nella medicina.
24-1	2420-2426	Questa	
24-2	2427-2435	abitdine	
24-3	2436-2438	la	
24-4	2439-2441	si	
24-5	2442-2449	contrae	
24-6	2450-2453	dal	
24-7	2454-2464	cominciare	
24-8	2465-2469	fino	
24-9	2470-2473	dai	
24-10	2474-2480	teneri	
24-11	2481-2485	anni	
24-12	2485-2486	,	
24-13	2487-2491	alla	
24-14	2492-2500	comparsa	
24-15	2501-2503	di	
24-16	2504-2508	ogni	
24-17	2509-2517	malattia	
24-18	2517-2518	,	
24-19	2519-2520	a	
24-20	2521-2530	rifidarsi	
24-21	2531-2537	troppo	
24-22	2538-2543	nella	
24-23	2544-2552	medicina	
24-24	2552-2553	.	

#Text=Scoppia la malattia, e tosto si suppone che al di fuori di noi vi sia una materia, un ajuto, un certo chè, che vaglia a risanare.
25-1	2554-2561	Scoppia	
25-2	2562-2564	la	
25-3	2565-2573	malattia	
25-4	2573-2574	,	
25-5	2575-2576	e	
25-6	2577-2582	tosto	
25-7	2583-2585	si	
25-8	2586-2593	suppone	
25-9	2594-2597	che	
25-10	2598-2600	al	
25-11	2601-2603	di	
25-12	2604-2609	fuori	
25-13	2610-2612	di	
25-14	2613-2616	noi	
25-15	2617-2619	vi	
25-16	2620-2623	sia	
25-17	2624-2627	una	
25-18	2628-2635	materia	
25-19	2635-2636	,	
25-20	2637-2639	un	
25-21	2640-2645	ajuto	
25-22	2645-2646	,	
25-23	2647-2649	un	
25-24	2650-2655	certo	
25-25	2656-2659	chè	
25-26	2659-2660	,	
25-27	2661-2664	che	
25-28	2665-2671	vaglia	
25-29	2672-2673	a	
25-30	2674-2682	risanare	
25-31	2682-2683	.	

#Text=Dalla continuazione di questo supposto, e dai replicati atti dell’uso dei detti esterni oggetti, si genera cotal abitudine.
26-1	2684-2689	Dalla	
26-2	2690-2703	continuazione	
26-3	2704-2706	di	
26-4	2707-2713	questo	
26-5	2714-2722	supposto	
26-6	2722-2723	,	
26-7	2724-2725	e	
26-8	2726-2729	dai	
26-9	2730-2739	replicati	
26-10	2740-2744	atti	
26-11	2745-2749	dell	
26-12	2749-2750	’	
26-13	2750-2753	uso	
26-14	2754-2757	dei	
26-15	2758-2763	detti	
26-16	2764-2771	esterni	
26-17	2772-2779	oggetti	
26-18	2779-2780	,	
26-19	2781-2783	si	
26-20	2784-2790	genera	
26-21	2791-2796	cotal	
26-22	2797-2806	abitudine	
26-23	2806-2807	.	

#Text=Anco dall’altra continuazione del veder gli altri a fare lo stesso, la medesima in noi e nasce, e si conferma.
27-1	2808-2812	Anco	
27-2	2813-2817	dall	
27-3	2817-2818	’	
27-4	2818-2823	altra	
27-5	2824-2837	continuazione	
27-6	2838-2841	del	
27-7	2842-2847	veder	
27-8	2848-2851	gli	
27-9	2852-2857	altri	
27-10	2858-2859	a	
27-11	2860-2864	fare	
27-12	2865-2867	lo	
27-13	2868-2874	stesso	
27-14	2874-2875	,	
27-15	2876-2878	la	
27-16	2879-2887	medesima	
27-17	2888-2890	in	
27-18	2891-2894	noi	
27-19	2895-2896	e	
27-20	2897-2902	nasce	
27-21	2902-2903	,	
27-22	2904-2905	e	
27-23	2906-2908	si	
27-24	2909-2917	conferma	
27-25	2917-2918	.	

#Text=Quindi si abbandona ciecamente la macchina inferma in braccio a questi esteriori strumenti; e lo spirito stesso non altro fa che sentire il disturbo del male, e secondare questa rinunzia e questo abbandono, senza avvedersi e senza usare della sua forza, che come vedemmo sarebbe di tanta importanza, quasi che l’impazienza sia rimedio migliore della pazienza, come riflette il suddetto Montagna.
28-1	2919-2925	Quindi	
28-2	2926-2928	si	
28-3	2929-2938	abbandona	
28-4	2939-2949	ciecamente	
28-5	2950-2952	la	
28-6	2953-2961	macchina	
28-7	2962-2969	inferma	
28-8	2970-2972	in	
28-9	2973-2980	braccio	
28-10	2981-2982	a	
28-11	2983-2989	questi	
28-12	2990-2999	esteriori	
28-13	3000-3009	strumenti	
28-14	3009-3010	;	
28-15	3011-3012	e	
28-16	3013-3015	lo	
28-17	3016-3023	spirito	
28-18	3024-3030	stesso	
28-19	3031-3034	non	
28-20	3035-3040	altro	
28-21	3041-3043	fa	
28-22	3044-3047	che	
28-23	3048-3055	sentire	
28-24	3056-3058	il	
28-25	3059-3067	disturbo	
28-26	3068-3071	del	
28-27	3072-3076	male	
28-28	3076-3077	,	
28-29	3078-3079	e	
28-30	3080-3089	secondare	
28-31	3090-3096	questa	
28-32	3097-3105	rinunzia	
28-33	3106-3107	e	
28-34	3108-3114	questo	
28-35	3115-3124	abbandono	
28-36	3124-3125	,	
28-37	3126-3131	senza	
28-38	3132-3141	avvedersi	
28-39	3142-3143	e	
28-40	3144-3149	senza	
28-41	3150-3155	usare	
28-42	3156-3161	della	
28-43	3162-3165	sua	
28-44	3166-3171	forza	
28-45	3171-3172	,	
28-46	3173-3176	che	
28-47	3177-3181	come	
28-48	3182-3189	vedemmo	
28-49	3190-3197	sarebbe	
28-50	3198-3200	di	
28-51	3201-3206	tanta	
28-52	3207-3217	importanza	
28-53	3217-3218	,	
28-54	3219-3224	quasi	
28-55	3225-3228	che	
28-56	3229-3230	l	
28-57	3230-3231	’	
28-58	3231-3241	impazienza	
28-59	3242-3245	sia	
28-60	3246-3253	rimedio	
28-61	3254-3262	migliore	
28-62	3263-3268	della	
28-63	3269-3277	pazienza	
28-64	3277-3278	,	
28-65	3279-3283	come	
28-66	3284-3292	riflette	
28-67	3293-3295	il	
28-68	3296-3304	suddetto	
28-69	3305-3313	Montagna	
28-70	3313-3314	.	

#Text=Una più acuta riflessione dal canto degl’infermi potrebbe garantirli dall’attacco di questo vizio; e meglio forse dal canto de’ Medici una disinteressata esposizione sì della limitata facoltà delle loro medicine, che della efficiente attività dello spirito, il quale alla cura de’ mali si presti e concorra.
29-1	3316-3319	Una	
29-2	3320-3323	più	
29-3	3324-3329	acuta	
29-4	3330-3341	riflessione	
29-5	3342-3345	dal	
29-6	3346-3351	canto	
29-7	3352-3356	degl	
29-8	3356-3357	’	
29-9	3357-3364	infermi	
29-10	3365-3373	potrebbe	
29-11	3374-3384	garantirli	
29-12	3385-3389	dall	
29-13	3389-3390	’	
29-14	3390-3397	attacco	
29-15	3398-3400	di	
29-16	3401-3407	questo	
29-17	3408-3413	vizio	
29-18	3413-3414	;	
29-19	3415-3416	e	
29-20	3417-3423	meglio	
29-21	3424-3429	forse	
29-22	3430-3433	dal	
29-23	3434-3439	canto	
29-24	3440-3442	de	
29-25	3442-3443	’	
29-26	3444-3450	Medici	
29-27	3451-3454	una	
29-28	3455-3469	disinteressata	
29-29	3470-3481	esposizione	
29-30	3482-3484	sì	
29-31	3485-3490	della	
29-32	3491-3499	limitata	
29-33	3500-3507	facoltà	
29-34	3508-3513	delle	
29-35	3514-3518	loro	
29-36	3519-3527	medicine	
29-37	3527-3528	,	
29-38	3529-3532	che	
29-39	3533-3538	della	
29-40	3539-3549	efficiente	
29-41	3550-3558	attività	
29-42	3559-3564	dello	
29-43	3565-3572	spirito	
29-44	3572-3573	,	
29-45	3574-3576	il	
29-46	3577-3582	quale	
29-47	3583-3587	alla	
29-48	3588-3592	cura	
29-49	3593-3595	de	
29-50	3595-3596	’	
29-51	3597-3601	mali	
29-52	3602-3604	si	
29-53	3605-3611	presti	
29-54	3612-3613	e	
29-55	3614-3622	concorra	
29-56	3622-3623	.	

#Text=X.
30-1	3629-3630	X	
30-2	3630-3631	.	

#Text=Opposte alle surriferite affezioni dell’animo, le quali tengono lontano il coraggio, ve n’ha altre che anzi gli sono, quasi direi, congenite, e che potentemente lo commovono e lo mettono all’atto.
31-1	3637-3644	Opposte	
31-2	3645-3649	alle	
31-3	3650-3661	surriferite	
31-4	3662-3671	affezioni	
31-5	3672-3676	dell	
31-6	3676-3677	’	
31-7	3677-3682	animo	
31-8	3682-3683	,	
31-9	3684-3686	le	
31-10	3687-3692	quali	
31-11	3693-3700	tengono	
31-12	3701-3708	lontano	
31-13	3709-3711	il	
31-14	3712-3720	coraggio	
31-15	3720-3721	,	
31-16	3722-3724	ve	
31-17	3725-3726	n	
31-18	3726-3727	’	
31-19	3727-3729	ha	
31-20	3730-3735	altre	
31-21	3736-3739	che	
31-22	3740-3744	anzi	
31-23	3745-3748	gli	
31-24	3749-3753	sono	
31-25	3753-3754	,	
31-26	3755-3760	quasi	
31-27	3761-3766	direi	
31-28	3766-3767	,	
31-29	3768-3777	congenite	
31-30	3777-3778	,	
31-31	3779-3780	e	
31-32	3781-3784	che	
31-33	3785-3797	potentemente	
31-34	3798-3800	lo	
31-35	3801-3810	commovono	
31-36	3811-3812	e	
31-37	3813-3815	lo	
31-38	3816-3823	mettono	
31-39	3824-3827	all	
31-40	3827-3828	’	
31-41	3828-3832	atto	
31-42	3832-3833	.	

#Text=Le virtù tutte dovrebbero considerarsi di questa classe, segnatamente la prudenza.
32-1	3835-3837	Le	
32-2	3838-3843	virtù	
32-3	3844-3849	tutte	
32-4	3850-3860	dovrebbero	
32-5	3861-3873	considerarsi	
32-6	3874-3876	di	
32-7	3877-3883	questa	
32-8	3884-3890	classe	
32-9	3890-3891	,	
32-10	3892-3904	segnatamente	
32-11	3905-3907	la	
32-12	3908-3916	prudenza	
32-13	3916-3917	.	

#Text=Le azioni dell’uomo, finchè sono regolate dalla ragione, o dall’abitudine, tendono tutte o a procacciare un piacere, o a fuggir un dolore; e la prudenza è quella che deve esser guida nell’uno e nell’altro intento, e per conseguenza nella ricerca de’ mezzi per conseguirlo.
33-1	3918-3920	Le	
33-2	3921-3927	azioni	
33-3	3928-3932	dell	
33-4	3932-3933	’	
33-5	3933-3937	uomo	
33-6	3937-3938	,	
33-7	3939-3945	finchè	
33-8	3946-3950	sono	
33-9	3951-3959	regolate	
33-10	3960-3965	dalla	
33-11	3966-3973	ragione	
33-12	3973-3974	,	
33-13	3975-3976	o	
33-14	3977-3981	dall	
33-15	3981-3982	’	
33-16	3982-3991	abitudine	
33-17	3991-3992	,	
33-18	3993-4000	tendono	
33-19	4001-4006	tutte	
33-20	4007-4008	o	
33-21	4009-4010	a	
33-22	4011-4022	procacciare	
33-23	4023-4025	un	
33-24	4026-4033	piacere	
33-25	4033-4034	,	
33-26	4035-4036	o	
33-27	4037-4038	a	
33-28	4039-4045	fuggir	
33-29	4046-4048	un	
33-30	4049-4055	dolore	
33-31	4055-4056	;	
33-32	4057-4058	e	
33-33	4059-4061	la	
33-34	4062-4070	prudenza	
33-35	4071-4072	è	
33-36	4073-4079	quella	
33-37	4080-4083	che	
33-38	4084-4088	deve	
33-39	4089-4094	esser	
33-40	4095-4100	guida	
33-41	4101-4105	nell	
33-42	4105-4106	’	
33-43	4106-4109	uno	
33-44	4110-4111	e	
33-45	4112-4116	nell	
33-46	4116-4117	’	
33-47	4117-4122	altro	
33-48	4123-4130	intento	
33-49	4130-4131	,	
33-50	4132-4133	e	
33-51	4134-4137	per	
33-52	4138-4149	conseguenza	
33-53	4150-4155	nella	
33-54	4156-4163	ricerca	
33-55	4164-4166	de	
33-56	4166-4167	’	
33-57	4168-4173	mezzi	
33-58	4174-4177	per	
33-59	4178-4189	conseguirlo	
33-60	4189-4190	.	

#Text=Sì conosciuto è questo virtuoso sentimento, e sì universale, che alle bestie ancora se lo attribuisce, raccontandosi di loro mille tratti di naturale prudenza.
34-1	4191-4193	Sì	
34-2	4194-4204	conosciuto	
34-3	4205-4206	è	
34-4	4207-4213	questo	
34-5	4214-4222	virtuoso	
34-6	4223-4233	sentimento	
34-7	4233-4234	,	
34-8	4235-4236	e	
34-9	4237-4239	sì	
34-10	4240-4250	universale	
34-11	4250-4251	,	
34-12	4252-4255	che	
34-13	4256-4260	alle	
34-14	4261-4267	bestie	
34-15	4268-4274	ancora	
34-16	4275-4277	se	
34-17	4278-4280	lo	
34-18	4281-4292	attribuisce	
34-19	4292-4293	,	
34-20	4294-4307	raccontandosi	
34-21	4308-4310	di	
34-22	4311-4315	loro	
34-23	4316-4321	mille	
34-24	4322-4328	tratti	
34-25	4329-4331	di	
34-26	4332-4340	naturale	
34-27	4341-4349	prudenza	
34-28	4349-4350	.	

#Text=Da questo derivano quasi tutte le altre qualità, che concorrono a conservare, e a beneficiare la vita.
35-1	4352-4354	Da	
35-2	4355-4361	questo	
35-3	4362-4370	derivano	
35-4	4371-4376	quasi	
35-5	4377-4382	tutte	
35-6	4383-4385	le	
35-7	4386-4391	altre	
35-8	4392-4399	qualità	
35-9	4399-4400	,	
35-10	4401-4404	che	
35-11	4405-4415	concorrono	
35-12	4416-4417	a	
35-13	4418-4428	conservare	
35-14	4428-4429	,	
35-15	4430-4431	e	
35-16	4432-4433	a	
35-17	4434-4445	beneficiare	
35-18	4446-4448	la	
35-19	4449-4453	vita	
35-20	4453-4454	.	

#Text=E in effetto, che altro è mai il cercar di rimediare a’ mali, il sottoporsi alle leggi mediche, il nutrirsi malgrado la propria ripugnanza, e simili, se non la prudenza applicata a tali bisogni, o sentiti realmente, o dagli altri avvertiti?
36-1	4455-4456	E	
36-2	4457-4459	in	
36-3	4460-4467	effetto	
36-4	4467-4468	,	
36-5	4469-4472	che	
36-6	4473-4478	altro	
36-7	4479-4480	è	
36-8	4481-4484	mai	
36-9	4485-4487	il	
36-10	4488-4494	cercar	
36-11	4495-4497	di	
36-12	4498-4507	rimediare	
36-13	4508-4509	a	
36-14	4509-4510	’	
36-15	4511-4515	mali	
36-16	4515-4516	,	
36-17	4517-4519	il	
36-18	4520-4530	sottoporsi	
36-19	4531-4535	alle	
36-20	4536-4541	leggi	
36-21	4542-4549	mediche	
36-22	4549-4550	,	
36-23	4551-4553	il	
36-24	4554-4562	nutrirsi	
36-25	4563-4571	malgrado	
36-26	4572-4574	la	
36-27	4575-4582	propria	
36-28	4583-4593	ripugnanza	
36-29	4593-4594	,	
36-30	4595-4596	e	
36-31	4597-4603	simili	
36-32	4603-4604	,	
36-33	4605-4607	se	
36-34	4608-4611	non	
36-35	4612-4614	la	
36-36	4615-4623	prudenza	
36-37	4624-4633	applicata	
36-38	4634-4635	a	
36-39	4636-4640	tali	
36-40	4641-4648	bisogni	
36-41	4648-4649	,	
36-42	4650-4651	o	
36-43	4652-4659	sentiti	
36-44	4660-4669	realmente	
36-45	4669-4670	,	
36-46	4671-4672	o	
36-47	4673-4678	dagli	
36-48	4679-4684	altri	
36-49	4685-4694	avvertiti	
36-50	4694-4695	?	

#Text=Gli stessi sforzi che fa ’l ammalato per gettarsi ad una passeggio, ad un viaggio proposto, per entrar in un bagno, per assumere una cura laboriosa e lunga, e per altre operazioni, sono tutti prodotti d’una vera prudenza fissata nell’oggetto del ricuperare la perduta sanità.
37-1	4696-4699	Gli	
37-2	4700-4706	stessi	
37-3	4707-4713	sforzi	
37-4	4714-4717	che	
37-5	4718-4720	fa	
37-6	4721-4722	’	
37-7	4722-4723	l	
37-8	4724-4732	ammalato	
37-9	4733-4736	per	
37-10	4737-4745	gettarsi	
37-11	4746-4748	ad	
37-12	4749-4752	una	
37-13	4753-4762	passeggio	
37-14	4762-4763	,	
37-15	4764-4766	ad	
37-16	4767-4769	un	
37-17	4770-4777	viaggio	
37-18	4778-4786	proposto	
37-19	4786-4787	,	
37-20	4788-4791	per	
37-21	4792-4798	entrar	
37-22	4799-4801	in	
37-23	4802-4804	un	
37-24	4805-4810	bagno	
37-25	4810-4811	,	
37-26	4812-4815	per	
37-27	4816-4824	assumere	
37-28	4825-4828	una	
37-29	4829-4833	cura	
37-30	4834-4843	laboriosa	
37-31	4844-4845	e	
37-32	4846-4851	lunga	
37-33	4851-4852	,	
37-34	4853-4854	e	
37-35	4855-4858	per	
37-36	4859-4864	altre	
37-37	4865-4875	operazioni	
37-38	4875-4876	,	
37-39	4877-4881	sono	
37-40	4882-4887	tutti	
37-41	4888-4896	prodotti	
37-42	4897-4898	d	
37-43	4898-4899	’	
37-44	4899-4902	una	
37-45	4903-4907	vera	
37-46	4908-4916	prudenza	
37-47	4917-4924	fissata	
37-48	4925-4929	nell	
37-49	4929-4930	’	
37-50	4930-4937	oggetto	
37-51	4938-4941	del	
37-52	4942-4952	ricuperare	
37-53	4953-4955	la	
37-54	4956-4963	perduta	
37-55	4964-4970	sanità	
37-56	4970-4971	.	

#Text=Ma il principale prodotto suo è il coraggio, che ci determina senza esitanza alle decisioni dello spirito, e ai cimenti degli ostacoli che per ottenere il disegno proposto s’incontrano.
38-1	4972-4974	Ma	
38-2	4975-4977	il	
38-3	4978-4988	principale	
38-4	4989-4997	prodotto	
38-5	4998-5001	suo	
38-6	5002-5003	è	
38-7	5004-5006	il	
38-8	5007-5015	coraggio	
38-9	5015-5016	,	
38-10	5017-5020	che	
38-11	5021-5023	ci	
38-12	5024-5033	determina	
38-13	5034-5039	senza	
38-14	5040-5048	esitanza	
38-15	5049-5053	alle	
38-16	5054-5063	decisioni	
38-17	5064-5069	dello	
38-18	5070-5077	spirito	
38-19	5077-5078	,	
38-20	5079-5080	e	
38-21	5081-5083	ai	
38-22	5084-5091	cimenti	
38-23	5092-5097	degli	
38-24	5098-5106	ostacoli	
38-25	5107-5110	che	
38-26	5111-5114	per	
38-27	5115-5123	ottenere	
38-28	5124-5126	il	
38-29	5127-5134	disegno	
38-30	5135-5143	proposto	
38-31	5144-5145	s	
38-32	5145-5146	’	
38-33	5146-5156	incontrano	
38-34	5156-5157	.	

#Text=In tutte le linee delle umane azioni veggiamo queste pratiche verità; a noi importa rintracciarle soltanto in linea medica.
39-1	5158-5160	In	
39-2	5161-5166	tutte	
39-3	5167-5169	le	
39-4	5170-5175	linee	
39-5	5176-5181	delle	
39-6	5182-5187	umane	
39-7	5188-5194	azioni	
39-8	5195-5203	veggiamo	
39-9	5204-5210	queste	
39-10	5211-5219	pratiche	
39-11	5220-5226	verità	
39-12	5226-5227	;	
39-13	5228-5229	a	
39-14	5230-5233	noi	
39-15	5234-5241	importa	
39-16	5242-5255	rintracciarle	
39-17	5256-5264	soltanto	
39-18	5265-5267	in	
39-19	5268-5273	linea	
39-20	5274-5280	medica	
39-21	5280-5281	.	

#Text=La prudenza dunque nell’uomo infermo è la principale motrice del coraggio.
40-1	5283-5285	La	
40-2	5286-5294	prudenza	
40-3	5295-5301	dunque	
40-4	5302-5306	nell	
40-5	5306-5307	’	
40-6	5307-5311	uomo	
40-7	5312-5319	infermo	
40-8	5320-5321	è	
40-9	5322-5324	la	
40-10	5325-5335	principale	
40-11	5336-5343	motrice	
40-12	5344-5347	del	
40-13	5348-5356	coraggio	
40-14	5356-5357	.	

#Text=Se esso infermo non è affatto irragionevole, deve lasciar libero l’adito nell’animo suo a questa virtù, che con sè tragge necessariamente questo effetto.
41-1	5358-5360	Se	
41-2	5361-5365	esso	
41-3	5366-5373	infermo	
41-4	5374-5377	non	
41-5	5378-5379	è	
41-6	5380-5387	affatto	
41-7	5388-5401	irragionevole	
41-8	5401-5402	,	
41-9	5403-5407	deve	
41-10	5408-5415	lasciar	
41-11	5416-5422	libero	
41-12	5423-5424	l	
41-13	5424-5425	’	
41-14	5425-5430	adito	
41-15	5431-5435	nell	
41-16	5435-5436	’	
41-17	5436-5441	animo	
41-18	5442-5445	suo	
41-19	5446-5447	a	
41-20	5448-5454	questa	
41-21	5455-5460	virtù	
41-22	5460-5461	,	
41-23	5462-5465	che	
41-24	5466-5469	con	
41-25	5470-5472	sè	
41-26	5473-5479	tragge	
41-27	5480-5495	necessariamente	
41-28	5496-5502	questo	
41-29	5503-5510	effetto	
41-30	5510-5511	.	

#Text=E il Medico suo ministro gli è quello, che alla medesima fa strada, onde penetri nell’infermo; nel che ei riesce quando ponderando aggiustatamente la malattia, sa darle quell’aspetto che è capace di persauadere l’infermo stesso, e di renderlo prudente, cioè avveduto e coraggioso.
42-1	5512-5513	E	
42-2	5514-5516	il	
42-3	5517-5523	Medico	
42-4	5524-5527	suo	
42-5	5528-5536	ministro	
42-6	5537-5540	gli	
42-7	5541-5542	è	
42-8	5543-5549	quello	
42-9	5549-5550	,	
42-10	5551-5554	che	
42-11	5555-5559	alla	
42-12	5560-5568	medesima	
42-13	5569-5571	fa	
42-14	5572-5578	strada	
42-15	5578-5579	,	
42-16	5580-5584	onde	
42-17	5585-5592	penetri	
42-18	5593-5597	nell	
42-19	5597-5598	’	
42-20	5598-5605	infermo	
42-21	5605-5606	;	
42-22	5607-5610	nel	
42-23	5611-5614	che	
42-24	5615-5617	ei	
42-25	5618-5624	riesce	
42-26	5625-5631	quando	
42-27	5632-5642	ponderando	
42-28	5643-5658	aggiustatamente	
42-29	5659-5661	la	
42-30	5662-5670	malattia	
42-31	5670-5671	,	
42-32	5672-5674	sa	
42-33	5675-5680	darle	
42-34	5681-5686	quell	
42-35	5686-5687	’	
42-36	5687-5694	aspetto	
42-37	5695-5698	che	
42-38	5699-5700	è	
42-39	5701-5707	capace	
42-40	5708-5710	di	
42-41	5711-5722	persauadere	
42-42	5723-5724	l	
42-43	5724-5725	’	
42-44	5725-5732	infermo	
42-45	5733-5739	stesso	
42-46	5739-5740	,	
42-47	5741-5742	e	
42-48	5743-5745	di	
42-49	5746-5754	renderlo	
42-50	5755-5763	prudente	
42-51	5763-5764	,	
42-52	5765-5769	cioè	
42-53	5770-5778	avveduto	
42-54	5779-5780	e	
42-55	5781-5791	coraggioso	
42-56	5791-5792	.	

#Text=Infatti, comunque alcuni la pensino, io sono di parere che sia sempre tratto prudenziale e proficuo dalla parte del malatto il non mai disperare del suo incomodo, anzi il sostentarlo sempre all’intima opinione di averne a scampare; è tratto del pari laudevole dalla parte del medico il tener l’ammalato fiancheggiato di tal principio, anzi l’inspirarglielo, se estinto in lui fosse giammai.
43-1	5794-5801	Infatti	
43-2	5801-5802	,	
43-3	5803-5811	comunque	
43-4	5812-5818	alcuni	
43-5	5819-5821	la	
43-6	5822-5829	pensino	
43-7	5829-5830	,	
43-8	5831-5833	io	
43-9	5834-5838	sono	
43-10	5839-5841	di	
43-11	5842-5848	parere	
43-12	5849-5852	che	
43-13	5853-5856	sia	
43-14	5857-5863	sempre	
43-15	5864-5870	tratto	
43-16	5871-5882	prudenziale	
43-17	5883-5884	e	
43-18	5885-5893	proficuo	
43-19	5894-5899	dalla	
43-20	5900-5905	parte	
43-21	5906-5909	del	
43-22	5910-5917	malatto	
43-23	5918-5920	il	
43-24	5921-5924	non	
43-25	5925-5928	mai	
43-26	5929-5938	disperare	
43-27	5939-5942	del	
43-28	5943-5946	suo	
43-29	5947-5955	incomodo	
43-30	5955-5956	,	
43-31	5957-5961	anzi	
43-32	5962-5964	il	
43-33	5965-5976	sostentarlo	
43-34	5977-5983	sempre	
43-35	5984-5987	all	
43-36	5987-5988	’	
43-37	5988-5994	intima	
43-38	5995-6003	opinione	
43-39	6004-6006	di	
43-40	6007-6013	averne	
43-41	6014-6015	a	
43-42	6016-6024	scampare	
43-43	6024-6025	;	
43-44	6026-6027	è	
43-45	6028-6034	tratto	
43-46	6035-6038	del	
43-47	6039-6043	pari	
43-48	6044-6053	laudevole	
43-49	6054-6059	dalla	
43-50	6060-6065	parte	
43-51	6066-6069	del	
43-52	6070-6076	medico	
43-53	6077-6079	il	
43-54	6080-6085	tener	
43-55	6086-6087	l	
43-56	6087-6088	’	
43-57	6088-6096	ammalato	
43-58	6097-6110	fiancheggiato	
43-59	6111-6113	di	
43-60	6114-6117	tal	
43-61	6118-6127	principio	
43-62	6127-6128	,	
43-63	6129-6133	anzi	
43-64	6134-6135	l	
43-65	6135-6136	’	
43-66	6136-6150	inspirarglielo	
43-67	6150-6151	,	
43-68	6152-6154	se	
43-69	6155-6162	estinto	
43-70	6163-6165	in	
43-71	6166-6169	lui	
43-72	6170-6175	fosse	
43-73	6176-6183	giammai	
43-74	6183-6184	.	

#Text=Per troppo ho presenti i dettami di Religione in questo proposito, che sogliono ricordare che la lusinga di aver a campare dal male può o indebolire, o cacciar dall’infermo que’ sentimenti di pietà, che indispensabilmente debbe nutrire per ricomporre gli sconcerti della propria coscienza e per disporsi al passo dell’altra vita, che forse aperto allora gli sta.
44-1	6186-6189	Per	
44-2	6190-6196	troppo	
44-3	6197-6199	ho	
44-4	6200-6208	presenti	
44-5	6209-6210	i	
44-6	6211-6218	dettami	
44-7	6219-6221	di	
44-8	6222-6231	Religione	
44-9	6232-6234	in	
44-10	6235-6241	questo	
44-11	6242-6251	proposito	
44-12	6251-6252	,	
44-13	6253-6256	che	
44-14	6257-6265	sogliono	
44-15	6266-6275	ricordare	
44-16	6276-6279	che	
44-17	6280-6282	la	
44-18	6283-6290	lusinga	
44-19	6291-6293	di	
44-20	6294-6298	aver	
44-21	6299-6300	a	
44-22	6301-6308	campare	
44-23	6309-6312	dal	
44-24	6313-6317	male	
44-25	6318-6321	può	
44-26	6322-6323	o	
44-27	6324-6334	indebolire	
44-28	6334-6335	,	
44-29	6336-6337	o	
44-30	6338-6345	cacciar	
44-31	6346-6350	dall	
44-32	6350-6351	’	
44-33	6351-6358	infermo	
44-34	6359-6362	que	
44-35	6362-6363	’	
44-36	6364-6374	sentimenti	
44-37	6375-6377	di	
44-38	6378-6383	pietà	
44-39	6383-6384	,	
44-40	6385-6388	che	
44-41	6389-6407	indispensabilmente	
44-42	6408-6413	debbe	
44-43	6414-6421	nutrire	
44-44	6422-6425	per	
44-45	6426-6436	ricomporre	
44-46	6437-6440	gli	
44-47	6441-6450	sconcerti	
44-48	6451-6456	della	
44-49	6457-6464	propria	
44-50	6465-6474	coscienza	
44-51	6475-6476	e	
44-52	6477-6480	per	
44-53	6481-6489	disporsi	
44-54	6490-6492	al	
44-55	6493-6498	passo	
44-56	6499-6503	dell	
44-57	6503-6504	’	
44-58	6504-6509	altra	
44-59	6510-6514	vita	
44-60	6514-6515	,	
44-61	6516-6519	che	
44-62	6520-6525	forse	
44-63	6526-6532	aperto	
44-64	6533-6539	allora	
44-65	6540-6543	gli	
44-66	6544-6547	sta	
44-67	6547-6548	.	

#Text=Io non mi vi contrappongo.
45-1	6549-6551	Io	
45-2	6552-6555	non	
45-3	6556-6558	mi	
45-4	6559-6561	vi	
45-5	6562-6574	contrappongo	
45-6	6574-6575	.	

#Text=Ma questa Religione è troppo giusta, nè la sua voce è così severa ed indiscreta, che s’abbia l’altra voce della propria esistenza e conservazione e soffocare.
46-1	6576-6578	Ma	
46-2	6579-6585	questa	
46-3	6586-6595	Religione	
46-4	6596-6597	è	
46-5	6598-6604	troppo	
46-6	6605-6611	giusta	
46-7	6611-6612	,	
46-8	6613-6615	nè	
46-9	6616-6618	la	
46-10	6619-6622	sua	
46-11	6623-6627	voce	
46-12	6628-6629	è	
46-13	6630-6634	così	
46-14	6635-6641	severa	
46-15	6642-6644	ed	
46-16	6645-6655	indiscreta	
46-17	6655-6656	,	
46-18	6657-6660	che	
46-19	6661-6662	s	
46-20	6662-6663	’	
46-21	6663-6668	abbia	
46-22	6669-6670	l	
46-23	6670-6671	’	
46-24	6671-6676	altra	
46-25	6677-6681	voce	
46-26	6682-6687	della	
46-27	6688-6695	propria	
46-28	6696-6705	esistenza	
46-29	6706-6707	e	
46-30	6708-6721	conservazione	
46-31	6722-6723	e	
46-32	6724-6733	soffocare	
46-33	6733-6734	.	

#Text=Sono elleno compatibili ambedue, perchè può l’uomo, anzi deve bramare di conservarsi tra’ vivi, e fortificarsi nella resistenza col più vivo coraggio; e insieme procacciarsi la savia rassegnazione all’editto supremo e soddisfare agli obblighi dalla Religione ingiunti.
47-1	6735-6739	Sono	
47-2	6740-6746	elleno	
47-3	6747-6758	compatibili	
47-4	6759-6766	ambedue	
47-5	6766-6767	,	
47-6	6768-6774	perchè	
47-7	6775-6778	può	
47-8	6779-6780	l	
47-9	6780-6781	’	
47-10	6781-6785	uomo	
47-11	6785-6786	,	
47-12	6787-6791	anzi	
47-13	6792-6796	deve	
47-14	6797-6804	bramare	
47-15	6805-6807	di	
47-16	6808-6819	conservarsi	
47-17	6820-6823	tra	
47-18	6823-6824	’	
47-19	6825-6829	vivi	
47-20	6829-6830	,	
47-21	6831-6832	e	
47-22	6833-6845	fortificarsi	
47-23	6846-6851	nella	
47-24	6852-6862	resistenza	
47-25	6863-6866	col	
47-26	6867-6870	più	
47-27	6871-6875	vivo	
47-28	6876-6884	coraggio	
47-29	6884-6885	;	
47-30	6886-6887	e	
47-31	6888-6895	insieme	
47-32	6896-6908	procacciarsi	
47-33	6909-6911	la	
47-34	6912-6917	savia	
47-35	6918-6931	rassegnazione	
47-36	6932-6935	all	
47-37	6935-6936	’	
47-38	6936-6942	editto	
47-39	6943-6950	supremo	
47-40	6951-6952	e	
47-41	6953-6963	soddisfare	
47-42	6964-6968	agli	
47-43	6969-6977	obblighi	
47-44	6978-6983	dalla	
47-45	6984-6993	Religione	
47-46	6994-7002	ingiunti	
47-47	7002-7003	.	

#Text=Il debito di provvedere all’anima non si disgiunge dal debito di provvedere al corpo, nè dal desiderio di riuscirvi, nè dal coraggio per arrivarvi.
48-1	7004-7006	Il	
48-2	7007-7013	debito	
48-3	7014-7016	di	
48-4	7017-7027	provvedere	
48-5	7028-7031	all	
48-6	7031-7032	’	
48-7	7032-7037	anima	
48-8	7038-7041	non	
48-9	7042-7044	si	
48-10	7045-7054	disgiunge	
48-11	7055-7058	dal	
48-12	7059-7065	debito	
48-13	7066-7068	di	
48-14	7069-7079	provvedere	
48-15	7080-7082	al	
48-16	7083-7088	corpo	
48-17	7088-7089	,	
48-18	7090-7092	nè	
48-19	7093-7096	dal	
48-20	7097-7106	desiderio	
48-21	7107-7109	di	
48-22	7110-7119	riuscirvi	
48-23	7119-7120	,	
48-24	7121-7123	nè	
48-25	7124-7127	dal	
48-26	7128-7136	coraggio	
48-27	7137-7140	per	
48-28	7141-7150	arrivarvi	
48-29	7150-7151	.	

#Text=Io ho veduto moltissimi infermi supplire eroicamente a questi due doveri, sicchè si disponevano da uomini saggi a finir di vivere, e da uomini forti non perdevano il coraggio per rintuzzare il male, o almeno per non ismarrirsi sotto gli attacchi del nemico della loro vita.
49-1	7153-7155	Io	
49-2	7156-7158	ho	
49-3	7159-7165	veduto	
49-4	7166-7176	moltissimi	
49-5	7177-7184	infermi	
49-6	7185-7193	supplire	
49-7	7194-7205	eroicamente	
49-8	7206-7207	a	
49-9	7208-7214	questi	
49-10	7215-7218	due	
49-11	7219-7225	doveri	
49-12	7225-7226	,	
49-13	7227-7233	sicchè	
49-14	7234-7236	si	
49-15	7237-7248	disponevano	
49-16	7249-7251	da	
49-17	7252-7258	uomini	
49-18	7259-7264	saggi	
49-19	7265-7266	a	
49-20	7267-7272	finir	
49-21	7273-7275	di	
49-22	7276-7282	vivere	
49-23	7282-7283	,	
49-24	7284-7285	e	
49-25	7286-7288	da	
49-26	7289-7295	uomini	
49-27	7296-7301	forti	
49-28	7302-7305	non	
49-29	7306-7315	perdevano	
49-30	7316-7318	il	
49-31	7319-7327	coraggio	
49-32	7328-7331	per	
49-33	7332-7342	rintuzzare	
49-34	7343-7345	il	
49-35	7346-7350	male	
49-36	7350-7351	,	
49-37	7352-7353	o	
49-38	7354-7360	almeno	
49-39	7361-7364	per	
49-40	7365-7368	non	
49-41	7369-7379	ismarrirsi	
49-42	7380-7385	sotto	
49-43	7386-7389	gli	
49-44	7390-7398	attacchi	
49-45	7399-7402	del	
49-46	7403-7409	nemico	
49-47	7410-7415	della	
49-48	7416-7420	loro	
49-49	7421-7425	vita	
49-50	7425-7426	.	

#Text=Questa combinazione di doveri non è nuova a chi sa apprezzare i sacri dogmi della Chiesa e li sa quadrare al livello delle leggi naturali, e a chi è versato nelle opere filosofiche de’ santi nostri Legislatori, i quali non forzano gli uni per annichilare le altre, facendo torto evidente al sommo Essere, ed alla natura umana di lui dipendente.
50-1	7428-7434	Questa	
50-2	7435-7447	combinazione	
50-3	7448-7450	di	
50-4	7451-7457	doveri	
50-5	7458-7461	non	
50-6	7462-7463	è	
50-7	7464-7469	nuova	
50-8	7470-7471	a	
50-9	7472-7475	chi	
50-10	7476-7478	sa	
50-11	7479-7489	apprezzare	
50-12	7490-7491	i	
50-13	7492-7497	sacri	
50-14	7498-7503	dogmi	
50-15	7504-7509	della	
50-16	7510-7516	Chiesa	
50-17	7517-7518	e	
50-18	7519-7521	li	
50-19	7522-7524	sa	
50-20	7525-7533	quadrare	
50-21	7534-7536	al	
50-22	7537-7544	livello	
50-23	7545-7550	delle	
50-24	7551-7556	leggi	
50-25	7557-7565	naturali	
50-26	7565-7566	,	
50-27	7567-7568	e	
50-28	7569-7570	a	
50-29	7571-7574	chi	
50-30	7575-7576	è	
50-31	7577-7584	versato	
50-32	7585-7590	nelle	
50-33	7591-7596	opere	
50-34	7597-7608	filosofiche	
50-35	7609-7611	de	
50-36	7611-7612	’	
50-37	7613-7618	santi	
50-38	7619-7625	nostri	
50-39	7626-7637	Legislatori	
50-40	7637-7638	,	
50-41	7639-7640	i	
50-42	7641-7646	quali	
50-43	7647-7650	non	
50-44	7651-7658	forzano	
50-45	7659-7662	gli	
50-46	7663-7666	uni	
50-47	7667-7670	per	
50-48	7671-7682	annichilare	
50-49	7683-7685	le	
50-50	7686-7691	altre	
50-51	7691-7692	,	
50-52	7693-7700	facendo	
50-53	7701-7706	torto	
50-54	7707-7715	evidente	
50-55	7716-7718	al	
50-56	7719-7724	sommo	
50-57	7725-7731	Essere	
50-58	7731-7732	,	
50-59	7733-7735	ed	
50-60	7736-7740	alla	
50-61	7741-7747	natura	
50-62	7748-7753	umana	
50-63	7754-7756	di	
50-64	7757-7760	lui	
50-65	7761-7771	dipendente	
50-66	7771-7772	.	

#Text=XI.
51-1	7778-7780	XI	
51-2	7780-7781	.	

#Text=Il desiderar di guarire da’ mali la è una proposizione sì vera e sì universale, che quasi non permette con altre confronto nè ulterior discussione.
52-1	7787-7789	Il	
52-2	7790-7799	desiderar	
52-3	7800-7802	di	
52-4	7803-7810	guarire	
52-5	7811-7813	da	
52-6	7813-7814	’	
52-7	7815-7819	mali	
52-8	7820-7822	la	
52-9	7823-7824	è	
52-10	7825-7828	una	
52-11	7829-7841	proposizione	
52-12	7842-7844	sì	
52-13	7845-7849	vera	
52-14	7850-7851	e	
52-15	7852-7854	sì	
52-16	7855-7865	universale	
52-17	7865-7866	,	
52-18	7867-7870	che	
52-19	7871-7876	quasi	
52-20	7877-7880	non	
52-21	7881-7889	permette	
52-22	7890-7893	con	
52-23	7894-7899	altre	
52-24	7900-7909	confronto	
52-25	7910-7912	nè	
52-26	7913-7921	ulterior	
52-27	7922-7933	discussione	
52-28	7933-7934	.	

#Text=Dietro al desiderio vien la speranza, la quale è più o meno ardente secondo che ci immaginiamo, ovvero ci è dipinta più o meno grave la malattia.
53-1	7935-7941	Dietro	
53-2	7942-7944	al	
53-3	7945-7954	desiderio	
53-4	7955-7959	vien	
53-5	7960-7962	la	
53-6	7963-7971	speranza	
53-7	7971-7972	,	
53-8	7973-7975	la	
53-9	7976-7981	quale	
53-10	7982-7983	è	
53-11	7984-7987	più	
53-12	7988-7989	o	
53-13	7990-7994	meno	
53-14	7995-8002	ardente	
53-15	8003-8010	secondo	
53-16	8011-8014	che	
53-17	8015-8017	ci	
53-18	8018-8029	immaginiamo	
53-19	8029-8030	,	
53-20	8031-8037	ovvero	
53-21	8038-8040	ci	
53-22	8041-8042	è	
53-23	8043-8050	dipinta	
53-24	8051-8054	più	
53-25	8055-8056	o	
53-26	8057-8061	meno	
53-27	8062-8067	grave	
53-28	8068-8070	la	
53-29	8071-8079	malattia	
53-30	8079-8080	.	

#Text=È un’affezione sempre dolce, sempre pronta a nascere, sempre stimolante ed eccitante lo spirito.
54-1	8081-8082	È	
54-2	8083-8085	un	
54-3	8085-8086	’	
54-4	8086-8095	affezione	
54-5	8096-8102	sempre	
54-6	8103-8108	dolce	
54-7	8108-8109	,	
54-8	8110-8116	sempre	
54-9	8117-8123	pronta	
54-10	8124-8125	a	
54-11	8126-8133	nascere	
54-12	8133-8134	,	
54-13	8135-8141	sempre	
54-14	8142-8152	stimolante	
54-15	8153-8155	ed	
54-16	8156-8165	eccitante	
54-17	8166-8168	lo	
54-18	8169-8176	spirito	
54-19	8176-8177	.	

#Text=Quindi avviene che resta non lo spirito solo, ma per consenso anche il corpo rianimato e commosso, e sì tutti e due restano in certa maniera combinati e rivolti a difendersi, e a discacciare tutto ciò che è molesto e nocivo.
55-1	8178-8184	Quindi	
55-2	8185-8192	avviene	
55-3	8193-8196	che	
55-4	8197-8202	resta	
55-5	8203-8206	non	
55-6	8207-8209	lo	
55-7	8210-8217	spirito	
55-8	8218-8222	solo	
55-9	8222-8223	,	
55-10	8224-8226	ma	
55-11	8227-8230	per	
55-12	8231-8239	consenso	
55-13	8240-8245	anche	
55-14	8246-8248	il	
55-15	8249-8254	corpo	
55-16	8255-8264	rianimato	
55-17	8265-8266	e	
55-18	8267-8275	commosso	
55-19	8275-8276	,	
55-20	8277-8278	e	
55-21	8279-8281	sì	
55-22	8282-8287	tutti	
55-23	8288-8289	e	
55-24	8290-8293	due	
55-25	8294-8301	restano	
55-26	8302-8304	in	
55-27	8305-8310	certa	
55-28	8311-8318	maniera	
55-29	8319-8328	combinati	
55-30	8329-8330	e	
55-31	8331-8338	rivolti	
55-32	8339-8340	a	
55-33	8341-8351	difendersi	
55-34	8351-8352	,	
55-35	8353-8354	e	
55-36	8355-8356	a	
55-37	8357-8368	discacciare	
55-38	8369-8374	tutto	
55-39	8375-8378	ciò	
55-40	8379-8382	che	
55-41	8383-8384	è	
55-42	8385-8392	molesto	
55-43	8393-8394	e	
55-44	8395-8401	nocivo	
55-45	8401-8402	.	

#Text=Dalla quale reciproca costituzione par che insorga il coraggio, la cui mercè poco o nulla sentesi la difficoltà di venir a buon capo in tale intrapresa; e ai dolori, alle veglie, alle inquietudini, alla ferocia e ostinazione del male, si spunta la forza, allorchè vanno a battere una persona che di speranza e di coraggio sia armata.
56-1	8403-8408	Dalla	
56-2	8409-8414	quale	
56-3	8415-8424	reciproca	
56-4	8425-8437	costituzione	
56-5	8438-8441	par	
56-6	8442-8445	che	
56-7	8446-8453	insorga	
56-8	8454-8456	il	
56-9	8457-8465	coraggio	
56-10	8465-8466	,	
56-11	8467-8469	la	
56-12	8470-8473	cui	
56-13	8474-8479	mercè	
56-14	8480-8484	poco	
56-15	8485-8486	o	
56-16	8487-8492	nulla	
56-17	8493-8500	sentesi	
56-18	8501-8503	la	
56-19	8504-8514	difficoltà	
56-20	8515-8517	di	
56-21	8518-8523	venir	
56-22	8524-8525	a	
56-23	8526-8530	buon	
56-24	8531-8535	capo	
56-25	8536-8538	in	
56-26	8539-8543	tale	
56-27	8544-8554	intrapresa	
56-28	8554-8555	;	
56-29	8556-8557	e	
56-30	8558-8560	ai	
56-31	8561-8567	dolori	
56-32	8567-8568	,	
56-33	8569-8573	alle	
56-34	8574-8580	veglie	
56-35	8580-8581	,	
56-36	8582-8586	alle	
56-37	8587-8599	inquietudini	
56-38	8599-8600	,	
56-39	8601-8605	alla	
56-40	8606-8613	ferocia	
56-41	8614-8615	e	
56-42	8616-8627	ostinazione	
56-43	8628-8631	del	
56-44	8632-8636	male	
56-45	8636-8637	,	
56-46	8638-8640	si	
56-47	8641-8647	spunta	
56-48	8648-8650	la	
56-49	8651-8656	forza	
56-50	8656-8657	,	
56-51	8658-8666	allorchè	
56-52	8667-8672	vanno	
56-53	8673-8674	a	
56-54	8675-8682	battere	
56-55	8683-8686	una	
56-56	8687-8694	persona	
56-57	8695-8698	che	
56-58	8699-8701	di	
56-59	8702-8710	speranza	
56-60	8711-8712	e	
56-61	8713-8715	di	
56-62	8716-8724	coraggio	
56-63	8725-8728	sia	
56-64	8729-8735	armata	
56-65	8735-8736	.	

#Text=Eppure v’hanno degli uomini crudeli, che più tosto che dar delle speranza ai miseri languenti, gliele levano anzi con lugubri riflessi, e con nuove minacce, quasi che il male medesimo non vaglia abbastanza a perturbar chi lo soffre.
57-1	8738-8744	Eppure	
57-2	8745-8746	v	
57-3	8746-8747	’	
57-4	8747-8752	hanno	
57-5	8753-8758	degli	
57-6	8759-8765	uomini	
57-7	8766-8773	crudeli	
57-8	8773-8774	,	
57-9	8775-8778	che	
57-10	8779-8782	più	
57-11	8783-8788	tosto	
57-12	8789-8792	che	
57-13	8793-8796	dar	
57-14	8797-8802	delle	
57-15	8803-8811	speranza	
57-16	8812-8814	ai	
57-17	8815-8821	miseri	
57-18	8822-8831	languenti	
57-19	8831-8832	,	
57-20	8833-8839	gliele	
57-21	8840-8846	levano	
57-22	8847-8851	anzi	
57-23	8852-8855	con	
57-24	8856-8863	lugubri	
57-25	8864-8872	riflessi	
57-26	8872-8873	,	
57-27	8874-8875	e	
57-28	8876-8879	con	
57-29	8880-8885	nuove	
57-30	8886-8893	minacce	
57-31	8893-8894	,	
57-32	8895-8900	quasi	
57-33	8901-8904	che	
57-34	8905-8907	il	
57-35	8908-8912	male	
57-36	8913-8921	medesimo	
57-37	8922-8925	non	
57-38	8926-8932	vaglia	
57-39	8933-8943	abbastanza	
57-40	8944-8945	a	
57-41	8946-8955	perturbar	
57-42	8956-8959	chi	
57-43	8960-8962	lo	
57-44	8963-8969	soffre	
57-45	8969-8970	.	

#Text=Sono tratti contro all’umanità e contro alla savia filosofia.
58-1	8971-8975	Sono	
58-2	8976-8982	tratti	
58-3	8983-8989	contro	
58-4	8990-8993	all	
58-5	8993-8994	’	
58-6	8994-9001	umanità	
58-7	9002-9003	e	
58-8	9004-9010	contro	
58-9	9011-9015	alla	
58-10	9016-9021	savia	
58-11	9022-9031	filosofia	
58-12	9031-9032	.	

#Text=Io non ho giammai veduto il bisogno di scacciar la speranza.
59-1	9034-9036	Io	
59-2	9037-9040	non	
59-3	9041-9043	ho	
59-4	9044-9051	giammai	
59-5	9052-9058	veduto	
59-6	9059-9061	il	
59-7	9062-9069	bisogno	
59-8	9070-9072	di	
59-9	9073-9081	scacciar	
59-10	9082-9084	la	
59-11	9085-9093	speranza	
59-12	9093-9094	.	

#Text=Ho veduto anzi sempre il bene, che essa produce producendo il coraggio.
60-1	9095-9097	Ho	
60-2	9098-9104	veduto	
60-3	9105-9109	anzi	
60-4	9110-9116	sempre	
60-5	9117-9119	il	
60-6	9120-9124	bene	
60-7	9124-9125	,	
60-8	9126-9129	che	
60-9	9130-9134	essa	
60-10	9135-9142	produce	
60-11	9143-9153	producendo	
60-12	9154-9156	il	
60-13	9157-9165	coraggio	
60-14	9165-9166	.	

#Text=Se è mal leggiero, nemmeno i più rigidi persecutori della quiete de’ suoi simili, possono asserire, che non convenga avere speranza, perchè anche non avendola, il lieto fine del male istesso smentisce il lor rigor d’opinare: se è mal grande, perchè se n’ha da accoppiar un altro del cordoglio, o della disperazione?
61-1	9167-9169	Se	
61-2	9170-9171	è	
61-3	9172-9175	mal	
61-4	9176-9184	leggiero	
61-5	9184-9185	,	
61-6	9186-9193	nemmeno	
61-7	9194-9195	i	
61-8	9196-9199	più	
61-9	9200-9206	rigidi	
61-10	9207-9218	persecutori	
61-11	9219-9224	della	
61-12	9225-9231	quiete	
61-13	9232-9234	de	
61-14	9234-9235	’	
61-15	9236-9240	suoi	
61-16	9241-9247	simili	
61-17	9247-9248	,	
61-18	9249-9256	possono	
61-19	9257-9265	asserire	
61-20	9265-9266	,	
61-21	9267-9270	che	
61-22	9271-9274	non	
61-23	9275-9283	convenga	
61-24	9284-9289	avere	
61-25	9290-9298	speranza	
61-26	9298-9299	,	
61-27	9300-9306	perchè	
61-28	9307-9312	anche	
61-29	9313-9316	non	
61-30	9317-9325	avendola	
61-31	9325-9326	,	
61-32	9327-9329	il	
61-33	9330-9335	lieto	
61-34	9336-9340	fine	
61-35	9341-9344	del	
61-36	9345-9349	male	
61-37	9350-9357	istesso	
61-38	9358-9367	smentisce	
61-39	9368-9370	il	
61-40	9371-9374	lor	
61-41	9375-9380	rigor	
61-42	9381-9382	d	
61-43	9382-9383	’	
61-44	9383-9390	opinare	
61-45	9390-9391	:	
61-46	9392-9394	se	
61-47	9395-9396	è	
61-48	9397-9400	mal	
61-49	9401-9407	grande	
61-50	9407-9408	,	
61-51	9409-9415	perchè	
61-52	9416-9418	se	
61-53	9419-9420	n	
61-54	9420-9421	’	
61-55	9421-9423	ha	
61-56	9424-9426	da	
61-57	9427-9436	accoppiar	
61-58	9437-9439	un	
61-59	9440-9445	altro	
61-60	9446-9449	del	
61-61	9450-9459	cordoglio	
61-62	9459-9460	,	
61-63	9461-9462	o	
61-64	9463-9468	della	
61-65	9469-9481	disperazione	
61-66	9481-9482	?	

#Text=se è immedicabile e mortale, non è egli bene che in mezzo alle angosce, alle orride immaginazioni, ai timori, vi abbia luogo almeno qualche conforto, e qualche aura soave di qualche speranza, la quale talvolta sgombra (anche per breve tempo che ciò sia) o per lo meno dirada la nera caligine e la perpetua meditazione di morte, e dà lena e coraggio nel corso dei travagli, e nelle continue funzioni di ammalato?
62-1	9483-9485	se	
62-2	9486-9487	è	
62-3	9488-9500	immedicabile	
62-4	9501-9502	e	
62-5	9503-9510	mortale	
62-6	9510-9511	,	
62-7	9512-9515	non	
62-8	9516-9517	è	
62-9	9518-9522	egli	
62-10	9523-9527	bene	
62-11	9528-9531	che	
62-12	9532-9534	in	
62-13	9535-9540	mezzo	
62-14	9541-9545	alle	
62-15	9546-9553	angosce	
62-16	9553-9554	,	
62-17	9555-9559	alle	
62-18	9560-9566	orride	
62-19	9567-9580	immaginazioni	
62-20	9580-9581	,	
62-21	9582-9584	ai	
62-22	9585-9591	timori	
62-23	9591-9592	,	
62-24	9593-9595	vi	
62-25	9596-9601	abbia	
62-26	9602-9607	luogo	
62-27	9608-9614	almeno	
62-28	9615-9622	qualche	
62-29	9623-9631	conforto	
62-30	9631-9632	,	
62-31	9633-9634	e	
62-32	9635-9642	qualche	
62-33	9643-9647	aura	
62-34	9648-9653	soave	
62-35	9654-9656	di	
62-36	9657-9664	qualche	
62-37	9665-9673	speranza	
62-38	9673-9674	,	
62-39	9675-9677	la	
62-40	9678-9683	quale	
62-41	9684-9692	talvolta	
62-42	9693-9700	sgombra	
62-43	9701-9702	(	
62-44	9702-9707	anche	
62-45	9708-9711	per	
62-46	9712-9717	breve	
62-47	9718-9723	tempo	
62-48	9724-9727	che	
62-49	9728-9731	ciò	
62-50	9732-9735	sia	
62-51	9735-9736	)	
62-52	9737-9738	o	
62-53	9739-9742	per	
62-54	9743-9745	lo	
62-55	9746-9750	meno	
62-56	9751-9757	dirada	
62-57	9758-9760	la	
62-58	9761-9765	nera	
62-59	9766-9774	caligine	
62-60	9775-9776	e	
62-61	9777-9779	la	
62-62	9780-9788	perpetua	
62-63	9789-9800	meditazione	
62-64	9801-9803	di	
62-65	9804-9809	morte	
62-66	9809-9810	,	
62-67	9811-9812	e	
62-68	9813-9815	dà	
62-69	9816-9820	lena	
62-70	9821-9822	e	
62-71	9823-9831	coraggio	
62-72	9832-9835	nel	
62-73	9836-9841	corso	
62-74	9842-9845	dei	
62-75	9846-9854	travagli	
62-76	9854-9855	,	
62-77	9856-9857	e	
62-78	9858-9863	nelle	
62-79	9864-9872	continue	
62-80	9873-9881	funzioni	
62-81	9882-9884	di	
62-82	9885-9893	ammalato	
62-83	9893-9894	?	

#Text=Così che fors’anche da queste funzioni bene eseguite può risultare non solamente una miglior tolleranza della malattia, ma persino di quegl’inaspettati risorgimenti, che si chiamano mostri e prodigj nati nell’arte1.
63-1	9895-9899	Così	
63-2	9900-9903	che	
63-3	9904-9908	fors	
63-4	9908-9909	’	
63-5	9909-9914	anche	
63-6	9915-9917	da	
63-7	9918-9924	queste	
63-8	9925-9933	funzioni	
63-9	9934-9938	bene	
63-10	9939-9947	eseguite	
63-11	9948-9951	può	
63-12	9952-9961	risultare	
63-13	9962-9965	non	
63-14	9966-9975	solamente	
63-15	9976-9979	una	
63-16	9980-9987	miglior	
63-17	9988-9998	tolleranza	
63-18	9999-10004	della	
63-19	10005-10013	malattia	
63-20	10013-10014	,	
63-21	10015-10017	ma	
63-22	10018-10025	persino	
63-23	10026-10028	di	
63-24	10029-10034	quegl	
63-25	10034-10035	’	
63-26	10035-10046	inaspettati	
63-27	10047-10059	risorgimenti	
63-28	10059-10060	,	
63-29	10061-10064	che	
63-30	10065-10067	si	
63-31	10068-10076	chiamano	
63-32	10077-10083	mostri	
63-33	10084-10085	e	
63-34	10086-10093	prodigj	
63-35	10094-10098	nati	
63-36	10099-10103	nell	
63-37	10103-10104	’	
63-38	10104-10109	arte1	
63-39	10109-10110	.	

#Text=In vista di cotali benefizj io sono d’avviso che a questi ammalati di male incurabile non abbiasi giammai a dir loro la rea qualità del loro morbo, sì perchè a nulla giova così fatta notizia, se non, come dissi, a gettarli a peggior partito, sì perchè s’ha da bramare che rimangano infatti in isperanza di sollevarsi; ond’è che restano sufficientemente obbedienti e valorosi a far tutto quel che conviene (altrimenti li più si ristanno dall’adempire qualunque legge nostra benchè delle più giuste e ragionevoli) e a non alterarsi ed aggravarsi maggiormente, e in fine si dispongono sempre meglio a ricevere di que’ vantaggi che dal tempo e dalla medicina possono lor derivare.
64-1	10112-10114	In	
64-2	10115-10120	vista	
64-3	10121-10123	di	
64-4	10124-10130	cotali	
64-5	10131-10139	benefizj	
64-6	10140-10142	io	
64-7	10143-10147	sono	
64-8	10148-10149	d	
64-9	10149-10150	’	
64-10	10150-10156	avviso	
64-11	10157-10160	che	
64-12	10161-10162	a	
64-13	10163-10169	questi	
64-14	10170-10178	ammalati	
64-15	10179-10181	di	
64-16	10182-10186	male	
64-17	10187-10197	incurabile	
64-18	10198-10201	non	
64-19	10202-10209	abbiasi	
64-20	10210-10217	giammai	
64-21	10218-10219	a	
64-22	10220-10223	dir	
64-23	10224-10228	loro	
64-24	10229-10231	la	
64-25	10232-10235	rea	
64-26	10236-10243	qualità	
64-27	10244-10247	del	
64-28	10248-10252	loro	
64-29	10253-10258	morbo	
64-30	10258-10259	,	
64-31	10260-10262	sì	
64-32	10263-10269	perchè	
64-33	10270-10271	a	
64-34	10272-10277	nulla	
64-35	10278-10283	giova	
64-36	10284-10288	così	
64-37	10289-10294	fatta	
64-38	10295-10302	notizia	
64-39	10302-10303	,	
64-40	10304-10306	se	
64-41	10307-10310	non	
64-42	10310-10311	,	
64-43	10312-10316	come	
64-44	10317-10322	dissi	
64-45	10322-10323	,	
64-46	10324-10325	a	
64-47	10326-10334	gettarli	
64-48	10335-10336	a	
64-49	10337-10344	peggior	
64-50	10345-10352	partito	
64-51	10352-10353	,	
64-52	10354-10356	sì	
64-53	10357-10363	perchè	
64-54	10364-10365	s	
64-55	10365-10366	’	
64-56	10366-10368	ha	
64-57	10369-10371	da	
64-58	10372-10379	bramare	
64-59	10380-10383	che	
64-60	10384-10393	rimangano	
64-61	10394-10401	infatti	
64-62	10402-10404	in	
64-63	10405-10414	isperanza	
64-64	10415-10417	di	
64-65	10418-10428	sollevarsi	
64-66	10428-10429	;	
64-67	10430-10433	ond	
64-68	10433-10434	’	
64-69	10434-10435	è	
64-70	10436-10439	che	
64-71	10440-10447	restano	
64-72	10448-10464	sufficientemente	
64-73	10465-10475	obbedienti	
64-74	10476-10477	e	
64-75	10478-10486	valorosi	
64-76	10487-10488	a	
64-77	10489-10492	far	
64-78	10493-10498	tutto	
64-79	10499-10503	quel	
64-80	10504-10507	che	
64-81	10508-10516	conviene	
64-82	10517-10518	(	
64-83	10518-10528	altrimenti	
64-84	10529-10531	li	
64-85	10532-10535	più	
64-86	10536-10538	si	
64-87	10539-10547	ristanno	
64-88	10548-10552	dall	
64-89	10552-10553	’	
64-90	10553-10561	adempire	
64-91	10562-10571	qualunque	
64-92	10572-10577	legge	
64-93	10578-10584	nostra	
64-94	10585-10591	benchè	
64-95	10592-10597	delle	
64-96	10598-10601	più	
64-97	10602-10608	giuste	
64-98	10609-10610	e	
64-99	10611-10622	ragionevoli	
64-100	10622-10623	)	
64-101	10624-10625	e	
64-102	10626-10627	a	
64-103	10628-10631	non	
64-104	10632-10641	alterarsi	
64-105	10642-10644	ed	
64-106	10645-10655	aggravarsi	
64-107	10656-10668	maggiormente	
64-108	10668-10669	,	
64-109	10670-10671	e	
64-110	10672-10674	in	
64-111	10675-10679	fine	
64-112	10680-10682	si	
64-113	10683-10693	dispongono	
64-114	10694-10700	sempre	
64-115	10701-10707	meglio	
64-116	10708-10709	a	
64-117	10710-10718	ricevere	
64-118	10719-10721	di	
64-119	10722-10725	que	
64-120	10725-10726	’	
64-121	10727-10735	vantaggi	
64-122	10736-10739	che	
64-123	10740-10743	dal	
64-124	10744-10749	tempo	
64-125	10750-10751	e	
64-126	10752-10757	dalla	
64-127	10758-10766	medicina	
64-128	10767-10774	possono	
64-129	10775-10778	lor	
64-130	10779-10787	derivare	
64-131	10787-10788	.	

#Text=In conseguenza della qual mia opinione sarà ben fatto il non conceder ad essi loro la gravezza o l’incurabilità del male, che pur troppo eglino stessi prevedendola ne dimandano agli assistenti, dalla risposta de’ quali molte volte dipende la loro fiducia e l’attitudine al coraggio ed al sollievo, ovvero il loro disanimarsi e il cader nell’estremo sconforto, che è l’ultimo de’ mali dell’animo, cui succedono ordinariamente mille scompigli e la perdita della vita istessa.
65-1	10789-10791	In	
65-2	10792-10803	conseguenza	
65-3	10804-10809	della	
65-4	10810-10814	qual	
65-5	10815-10818	mia	
65-6	10819-10827	opinione	
65-7	10828-10832	sarà	
65-8	10833-10836	ben	
65-9	10837-10842	fatto	
65-10	10843-10845	il	
65-11	10846-10849	non	
65-12	10850-10858	conceder	
65-13	10859-10861	ad	
65-14	10862-10866	essi	
65-15	10867-10871	loro	
65-16	10872-10874	la	
65-17	10875-10883	gravezza	
65-18	10884-10885	o	
65-19	10886-10887	l	
65-20	10887-10888	’	
65-21	10888-10900	incurabilità	
65-22	10901-10904	del	
65-23	10905-10909	male	
65-24	10909-10910	,	
65-25	10911-10914	che	
65-26	10915-10918	pur	
65-27	10919-10925	troppo	
65-28	10926-10932	eglino	
65-29	10933-10939	stessi	
65-30	10940-10952	prevedendola	
65-31	10953-10955	ne	
65-32	10956-10965	dimandano	
65-33	10966-10970	agli	
65-34	10971-10981	assistenti	
65-35	10981-10982	,	
65-36	10983-10988	dalla	
65-37	10989-10997	risposta	
65-38	10998-11000	de	
65-39	11000-11001	’	
65-40	11002-11007	quali	
65-41	11008-11013	molte	
65-42	11014-11019	volte	
65-43	11020-11027	dipende	
65-44	11028-11030	la	
65-45	11031-11035	loro	
65-46	11036-11043	fiducia	
65-47	11044-11045	e	
65-48	11046-11047	l	
65-49	11047-11048	’	
65-50	11048-11058	attitudine	
65-51	11059-11061	al	
65-52	11062-11070	coraggio	
65-53	11071-11073	ed	
65-54	11074-11076	al	
65-55	11077-11085	sollievo	
65-56	11085-11086	,	
65-57	11087-11093	ovvero	
65-58	11094-11096	il	
65-59	11097-11101	loro	
65-60	11102-11113	disanimarsi	
65-61	11114-11115	e	
65-62	11116-11118	il	
65-63	11119-11124	cader	
65-64	11125-11129	nell	
65-65	11129-11130	’	
65-66	11130-11137	estremo	
65-67	11138-11147	sconforto	
65-68	11147-11148	,	
65-69	11149-11152	che	
65-70	11153-11154	è	
65-71	11155-11156	l	
65-72	11156-11157	’	
65-73	11157-11163	ultimo	
65-74	11164-11166	de	
65-75	11166-11167	’	
65-76	11168-11172	mali	
65-77	11173-11177	dell	
65-78	11177-11178	’	
65-79	11178-11183	animo	
65-80	11183-11184	,	
65-81	11185-11188	cui	
65-82	11189-11198	succedono	
65-83	11199-11213	ordinariamente	
65-84	11214-11219	mille	
65-85	11220-11229	scompigli	
65-86	11230-11231	e	
65-87	11232-11234	la	
65-88	11235-11242	perdita	
65-89	11243-11248	della	
65-90	11249-11253	vita	
65-91	11254-11261	istessa	
65-92	11261-11262	.	
