#FORMAT=WebAnno TSV 3.3


#Text=aen den flincken arm, gereet de kans te wagen.
1-1	2-5	aen	
1-2	6-9	den	
1-3	10-18	flincken	
1-4	19-22	arm	
1-5	22-23	,	
1-6	24-30	gereet	
1-7	31-33	de	
1-8	34-38	kans	
1-9	39-41	te	
1-10	42-47	wagen	
1-11	47-48	.	

#Text=Raf.
2-1	50-53	Raf	
2-2	53-54	.	

#Text=O Lucifer, ghy zult dien hooghmoedt u beklagen.
3-1	56-57	O	
3-2	58-65	Lucifer	
3-3	65-66	,	
3-4	67-70	ghy	
3-5	71-75	zult	
3-6	76-80	dien	
3-7	81-91	hooghmoedt	
3-8	92-93	u	
3-9	94-102	beklagen	
3-10	102-103	.	

#Text=Ghy fenix, onder al wat Godt daer boven looft,
#Text=
#Text=Hoe steeckt ghy, onder 't heir, zoo fier met hals en hooft,
#Text=En helm, en schoudren uit!
4-1	105-108	Ghy	
4-2	109-114	fenix	
4-3	114-115	,	
4-4	116-121	onder	
4-5	122-124	al	
4-6	125-128	wat	
4-7	129-133	Godt	
4-8	134-138	daer	
4-9	139-144	boven	
4-10	145-150	looft	
4-11	150-151	,	
4-12	153-156	Hoe	
4-13	157-164	steeckt	
4-14	165-168	ghy	
4-15	168-169	,	
4-16	170-175	onder	
4-17	176-177	'	
4-18	177-178	t	
4-19	179-183	heir	
4-20	183-184	,	
4-21	185-188	zoo	
4-22	189-193	fier	
4-23	194-197	met	
4-24	198-202	hals	
4-25	203-205	en	
4-26	206-211	hooft	
4-27	211-212	,	
4-28	213-215	En	
4-29	216-220	helm	
4-30	220-221	,	
4-31	222-224	en	
4-32	225-234	schoudren	
4-33	235-238	uit	
4-34	238-239	!	

#Text=hoe heerlijck past u 't wapen,
#Text=Als waer 't natuurelijck uw wezen aengeschapen!
5-1	240-243	hoe	
5-2	244-253	heerlijck	
5-3	254-258	past	
5-4	259-260	u	
5-5	261-262	'	
5-6	262-263	t	
5-7	264-269	wapen	
5-8	269-270	,	
5-9	271-274	Als	
5-10	275-279	waer	
5-11	280-281	'	
5-12	281-282	t	
5-13	283-295	natuurelijck	
5-14	296-298	uw	
5-15	299-304	wezen	
5-16	305-317	aengeschapen	
5-17	317-318	!	

#Text=O hooft der Engelen, niet hooger: keer weêrom.
6-1	320-321	O	
6-2	322-327	hooft	
6-3	328-331	der	
6-4	332-339	Engelen	
6-5	339-340	,	
6-6	341-345	niet	
6-7	346-352	hooger	
6-8	352-353	:	
6-9	354-358	keer	
6-10	359-365	weêrom	
6-11	365-366	.	

#Text=Uri.
7-1	368-371	Uri	
7-2	371-372	.	

#Text=Zoo stonden zy gekant, en slaghree, drom by drom
#Text=,
#Text=
#Text=Een ieder op zijn lucht, en hoefslagh, en by rijen
#Text=Gesnoert aen hun gezagh, om 't schoonst van wederzyen;
#Text=
#Text=
#Text=Wanneer de dolle trom en klinckende trompet
#Text=Zich mengen, het geluit geweer en handen
#Text=wet,
#Text=
#Text=En steigert in den trans van 't heiligh licht der lichten;
#Text=
#Text=Een klanck, waer op terstont een zwangre wolck van schichten
#Text=Geborsten, slagh op slagh, een gloênden hagel baert,
#Text=
#Text=Een' storm en onweêr, dat de hemelen vervaert,
#Text=De hofpijlaren schudt, de kreitsen, en de starren,
#Text=Verbijstert in hun ronde en ommeloop, verwarren,
#Text=Of zwijmen op de wacht, en weten niet waer heen
#Text=Te drijven, oost of west, of boven of beneên.
8-1	374-377	Zoo	
8-2	378-385	stonden	
8-3	386-388	zy	
8-4	389-395	gekant	
8-5	395-396	,	
8-6	397-399	en	
8-7	400-408	slaghree	
8-8	408-409	,	
8-9	410-414	drom	
8-10	415-417	by	
8-11	418-422	drom	
8-12	423-424	,	
8-13	426-429	Een	
8-14	430-435	ieder	
8-15	436-438	op	
8-16	439-443	zijn	
8-17	444-449	lucht	
8-18	449-450	,	
8-19	451-453	en	
8-20	454-463	hoefslagh	
8-21	463-464	,	
8-22	465-467	en	
8-23	468-470	by	
8-24	471-476	rijen	
8-25	477-485	Gesnoert	
8-26	486-489	aen	
8-27	490-493	hun	
8-28	494-500	gezagh	
8-29	500-501	,	
8-30	502-504	om	
8-31	505-506	'	
8-32	506-507	t	
8-33	508-516	schoonst	
8-34	517-520	van	
8-35	521-530	wederzyen	
8-36	530-531	;	
8-37	534-541	Wanneer	
8-38	542-544	de	
8-39	545-550	dolle	
8-40	551-555	trom	
8-41	556-558	en	
8-42	559-569	klinckende	
8-43	570-577	trompet	
8-44	578-582	Zich	
8-45	583-589	mengen	
8-46	589-590	,	
8-47	591-594	het	
8-48	595-601	geluit	
8-49	602-608	geweer	
8-50	609-611	en	
8-51	612-618	handen	
8-52	619-622	wet	
8-53	622-623	,	
8-54	625-627	En	
8-55	628-636	steigert	
8-56	637-639	in	
8-57	640-643	den	
8-58	644-649	trans	
8-59	650-653	van	
8-60	654-655	'	
8-61	655-656	t	
8-62	657-664	heiligh	
8-63	665-670	licht	
8-64	671-674	der	
8-65	675-682	lichten	
8-66	682-683	;	
8-67	685-688	Een	
8-68	689-695	klanck	
8-69	695-696	,	
8-70	697-701	waer	
8-71	702-704	op	
8-72	705-713	terstont	
8-73	714-717	een	
8-74	718-725	zwangre	
8-75	726-731	wolck	
8-76	732-735	van	
8-77	736-745	schichten	
8-78	746-755	Geborsten	
8-79	755-756	,	
8-80	757-762	slagh	
8-81	763-765	op	
8-82	766-771	slagh	
8-83	771-772	,	
8-84	773-776	een	
8-85	777-785	gloênden	
8-86	786-791	hagel	
8-87	792-797	baert	
8-88	797-798	,	
8-89	800-803	Een	
8-90	803-804	'	
8-91	805-810	storm	
8-92	811-813	en	
8-93	814-820	onweêr	
8-94	820-821	,	
8-95	822-825	dat	
8-96	826-828	de	
8-97	829-836	hemelen	
8-98	837-845	vervaert	
8-99	845-846	,	
8-100	847-849	De	
8-101	850-861	hofpijlaren	
8-102	862-868	schudt	
8-103	868-869	,	
8-104	870-872	de	
8-105	873-881	kreitsen	
8-106	881-882	,	
8-107	883-885	en	
8-108	886-888	de	
8-109	889-896	starren	
8-110	896-897	,	
8-111	898-909	Verbijstert	
8-112	910-912	in	
8-113	913-916	hun	
8-114	917-922	ronde	
8-115	923-925	en	
8-116	926-934	ommeloop	
8-117	934-935	,	
8-118	936-945	verwarren	
8-119	945-946	,	
8-120	947-949	Of	
8-121	950-957	zwijmen	
8-122	958-960	op	
8-123	961-963	de	
8-124	964-969	wacht	
8-125	969-970	,	
8-126	971-973	en	
8-127	974-979	weten	
8-128	980-984	niet	
8-129	985-989	waer	
8-130	990-994	heen	
8-131	995-997	Te	
8-132	998-1005	drijven	
8-133	1005-1006	,	
8-134	1007-1011	oost	
8-135	1012-1014	of	
8-136	1015-1019	west	
8-137	1019-1020	,	
8-138	1021-1023	of	
8-139	1024-1029	boven	
8-140	1030-1032	of	
8-141	1033-1039	beneên	
8-142	1039-1040	.	

#Text=Al weêrlicht wat men ziet, al wat men hoort is donder.
9-1	1043-1045	Al	
9-2	1046-1055	weêrlicht	
9-3	1056-1059	wat	
9-4	1060-1063	men	
9-5	1064-1068	ziet	
9-6	1068-1069	,	
9-7	1070-1072	al	
9-8	1073-1076	wat	
9-9	1077-1080	men	
9-10	1081-1086	hoort	
9-11	1087-1089	is	
9-12	1090-1096	donder	
9-13	1096-1097	.	
