#FORMAT=WebAnno TSV 3.3


#Text=De Koleuren
#Text=geeven, ten opzichte der Schilderkonst, het leeven aan alle dingen
1-1	4-6	De	
1-2	7-15	Koleuren	
1-3	16-22	geeven	
1-4	22-23	,	
1-5	24-27	ten	
1-6	28-36	opzichte	
1-7	37-40	der	
1-8	41-54	Schilderkonst	
1-9	54-55	,	
1-10	56-59	het	
1-11	60-66	leeven	
1-12	67-70	aan	
1-13	71-75	alle	
1-14	76-82	dingen	

#Text=.
2-1	82-83	.	

#Text=+
#Text=
#Text=
#Text=Zonder deze zou het onmogelyk zyn het leven van de dood te onderscheiden,
#Text=Hunne kracht en werking.
3-1	85-86	+	
3-2	89-95	Zonder	
3-3	96-100	deze	
3-4	101-104	zou	
3-5	105-108	het	
3-6	109-118	onmogelyk	
3-7	119-122	zyn	
3-8	123-126	het	
3-9	127-132	leven	
3-10	133-136	van	
3-11	137-139	de	
3-12	140-144	dood	
3-13	145-147	te	
3-14	148-161	onderscheiden	
3-15	161-162	,	
3-16	163-168	Hunne	
3-17	169-175	kracht	
3-18	176-178	en	
3-19	179-186	werking	
3-20	186-187	.	

#Text=het hout van steen, de lucht van 't water, goud van zilver, ja het licht van de
#Text=duisternis.
4-1	189-192	het	
4-2	193-197	hout	
4-3	198-201	van	
4-4	202-207	steen	
4-5	207-208	,	
4-6	209-211	de	
4-7	212-217	lucht	
4-8	218-221	van	
4-9	222-223	'	
4-10	223-224	t	
4-11	225-230	water	
4-12	230-231	,	
4-13	232-236	goud	
4-14	237-240	van	
4-15	241-247	zilver	
4-16	247-248	,	
4-17	249-251	ja	
4-18	252-255	het	
4-19	256-261	licht	
4-20	262-265	van	
4-21	266-268	de	
4-22	269-279	duisternis	
4-23	279-280	.	

#Text=Zy zyn van byzonder groot vermoogen;
#Text=vereenigende door hunne
#Text=lieffelykheid;
#Text=scheidende door geweld met hardigheid.
5-1	281-283	Zy	
5-2	284-287	zyn	
5-3	288-291	van	
5-4	292-300	byzonder	
5-5	301-306	groot	
5-6	307-316	vermoogen	
5-7	316-317	;	
5-8	318-330	vereenigende	
5-9	331-335	door	
5-10	336-341	hunne	
5-11	342-355	lieffelykheid	
5-12	355-356	;	
5-13	357-367	scheidende	
5-14	368-372	door	
5-15	373-379	geweld	
5-16	380-383	met	
5-17	384-394	hardigheid	
5-18	394-395	.	

#Text=Zy doen de dingen in de
#Text=dunne lucht verdwynen, en andere met geweld uit de gronden te voorschyn komen
6-1	396-398	Zy	
6-2	399-403	doen	
6-3	404-406	de	
6-4	407-413	dingen	
6-5	414-416	in	
6-6	417-419	de	
6-7	420-425	dunne	
6-8	426-431	lucht	
6-9	432-441	verdwynen	
6-10	441-442	,	
6-11	443-445	en	
6-12	446-452	andere	
6-13	453-456	met	
6-14	457-463	geweld	
6-15	464-467	uit	
6-16	468-470	de	
6-17	471-478	gronden	
6-18	479-481	te	
6-19	482-491	voorschyn	
6-20	492-497	komen	

#Text=.
7-1	497-498	.	

#Text=+
#Text=
#Text=Hunne
#Text=vermenigvuldiging maakt de grootste bevalligheid, zo wel in de natuur
#Text=+
#Text=als schildery, maar voornaamentlyk zo in het laatste dezelve door een konstige
#Text=Hunne aangenaamheid.
8-1	500-501	+	
8-2	503-508	Hunne	
8-3	509-526	vermenigvuldiging	
8-4	527-532	maakt	
8-5	533-535	de	
8-6	536-544	grootste	
8-7	545-557	bevalligheid	
8-8	557-558	,	
8-9	559-561	zo	
8-10	562-565	wel	
8-11	566-568	in	
8-12	569-571	de	
8-13	572-578	natuur	
8-14	579-580	+	
8-15	581-584	als	
8-16	585-594	schildery	
8-17	594-595	,	
8-18	596-600	maar	
8-19	601-615	voornaamentlyk	
8-20	616-618	zo	
8-21	619-621	in	
8-22	622-625	het	
8-23	626-633	laatste	
8-24	634-641	dezelve	
8-25	642-646	door	
8-26	647-650	een	
8-27	651-659	konstige	
8-28	660-665	Hunne	
8-29	666-679	aangenaamheid	
8-30	679-680	.	

#Text=hand geschikt worden.
9-1	682-686	hand	
9-2	687-695	geschikt	
9-3	696-702	worden	
9-4	702-703	.	

#Text=Dan is 'er niets dat de zinnen meêr bevreedigt en betoovert,
#Text=als der zelver overeenstemming en verschillendheid.
10-1	704-707	Dan	
10-2	708-710	is	
10-3	711-712	'	
10-4	712-714	er	
10-5	715-720	niets	
10-6	721-724	dat	
10-7	725-727	de	
10-8	728-734	zinnen	
10-9	735-739	meêr	
10-10	740-750	bevreedigt	
10-11	751-753	en	
10-12	754-763	betoovert	
10-13	763-764	,	
10-14	765-768	als	
10-15	769-772	der	
10-16	773-779	zelver	
10-17	780-795	overeenstemming	
10-18	796-798	en	
10-19	799-815	verschillendheid	
10-20	815-816	.	

#Text=Want wat is 'er schoonder,
#Text=dan in een Landschap een azuurblaauwe lucht te zien, de groene velden met duizend
#Text=veelverwige bloemen bezaaid, de ongelyke koleuren der gronden, deze ros of geel,
#Text=en andere weder groen of graauw, ieder na zyn eisch:
#Text=gelyk ook de bruine
#Text=Cypressen, de graauwe Willigen, de blonde Olyf, de witte Populier, de groene Els,
#Text=de roode Dennen, en blyde Linde, ieder boom na zynen eigenen aart.
11-1	817-821	Want	
11-2	822-825	wat	
11-3	826-828	is	
11-4	829-830	'	
11-5	830-832	er	
11-6	833-842	schoonder	
11-7	842-843	,	
11-8	844-847	dan	
11-9	848-850	in	
11-10	851-854	een	
11-11	855-864	Landschap	
11-12	865-868	een	
11-13	869-881	azuurblaauwe	
11-14	882-887	lucht	
11-15	888-890	te	
11-16	891-895	zien	
11-17	895-896	,	
11-18	897-899	de	
11-19	900-906	groene	
11-20	907-913	velden	
11-21	914-917	met	
11-22	918-925	duizend	
11-23	926-937	veelverwige	
11-24	938-945	bloemen	
11-25	946-953	bezaaid	
11-26	953-954	,	
11-27	955-957	de	
11-28	958-966	ongelyke	
11-29	967-975	koleuren	
11-30	976-979	der	
11-31	980-987	gronden	
11-32	987-988	,	
11-33	989-993	deze	
11-34	994-997	ros	
11-35	998-1000	of	
11-36	1001-1005	geel	
11-37	1005-1006	,	
11-38	1007-1009	en	
11-39	1010-1016	andere	
11-40	1017-1022	weder	
11-41	1023-1028	groen	
11-42	1029-1031	of	
11-43	1032-1038	graauw	
11-44	1038-1039	,	
11-45	1040-1045	ieder	
11-46	1046-1048	na	
11-47	1049-1052	zyn	
11-48	1053-1058	eisch	
11-49	1058-1059	:	
11-50	1060-1065	gelyk	
11-51	1066-1069	ook	
11-52	1070-1072	de	
11-53	1073-1079	bruine	
11-54	1080-1089	Cypressen	
11-55	1089-1090	,	
11-56	1091-1093	de	
11-57	1094-1101	graauwe	
11-58	1102-1110	Willigen	
11-59	1110-1111	,	
11-60	1112-1114	de	
11-61	1115-1121	blonde	
11-62	1122-1126	Olyf	
11-63	1126-1127	,	
11-64	1128-1130	de	
11-65	1131-1136	witte	
11-66	1137-1145	Populier	
11-67	1145-1146	,	
11-68	1147-1149	de	
11-69	1150-1156	groene	
11-70	1157-1160	Els	
11-71	1160-1161	,	
11-72	1162-1164	de	
11-73	1165-1170	roode	
11-74	1171-1177	Dennen	
11-75	1177-1178	,	
11-76	1179-1181	en	
11-77	1182-1187	blyde	
11-78	1188-1193	Linde	
11-79	1193-1194	,	
11-80	1195-1200	ieder	
11-81	1201-1205	boom	
11-82	1206-1208	na	
11-83	1209-1214	zynen	
11-84	1215-1222	eigenen	
11-85	1223-1227	aart	
11-86	1227-1228	.	

#Text=Voegt hier
#Text=nevens de verscheidenheid des Steenwerks, hoe aangenaam zich aan ons gezicht
#Text=het porfier der Grafsteeden, de serpentynsteene Puntnaalden, de witte marmere
#Text=Vaazen en Termen vertoonen.
12-1	1229-1234	Voegt	
12-2	1235-1239	hier	
12-3	1240-1246	nevens	
12-4	1247-1249	de	
12-5	1250-1265	verscheidenheid	
12-6	1266-1269	des	
12-7	1270-1280	Steenwerks	
12-8	1280-1281	,	
12-9	1282-1285	hoe	
12-10	1286-1295	aangenaam	
12-11	1296-1300	zich	
12-12	1301-1304	aan	
12-13	1305-1308	ons	
12-14	1309-1316	gezicht	
12-15	1317-1320	het	
12-16	1321-1328	porfier	
12-17	1329-1332	der	
12-18	1333-1344	Grafsteeden	
12-19	1344-1345	,	
12-20	1346-1348	de	
12-21	1349-1364	serpentynsteene	
12-22	1365-1376	Puntnaalden	
12-23	1376-1377	,	
12-24	1378-1380	de	
12-25	1381-1386	witte	
12-26	1387-1394	marmere	
12-27	1395-1401	Vaazen	
12-28	1402-1404	en	
12-29	1405-1411	Termen	
12-30	1412-1421	vertoonen	
12-31	1421-1422	.	

#Text=De Bouwkonst verschynt immers heerlyker door de
#Text=verschillende aart en verw der steenen, wanneer de blaauwe arduyn, rosse hartsteen,
#Text=wit marmer, en diergelyke door een fraaije schikking wel by een, en op malkander
#Text=gevoegd worden; en het gebouw van binnen met rood gespikkeld groenachtig
13-1	1423-1425	De	
13-2	1426-1435	Bouwkonst	
13-3	1436-1445	verschynt	
13-4	1446-1452	immers	
13-5	1453-1462	heerlyker	
13-6	1463-1467	door	
13-7	1468-1470	de	
13-8	1471-1484	verschillende	
13-9	1485-1489	aart	
13-10	1490-1492	en	
13-11	1493-1497	verw	
13-12	1498-1501	der	
13-13	1502-1509	steenen	
13-14	1509-1510	,	
13-15	1511-1518	wanneer	
13-16	1519-1521	de	
13-17	1522-1529	blaauwe	
13-18	1530-1536	arduyn	
13-19	1536-1537	,	
13-20	1538-1543	rosse	
13-21	1544-1553	hartsteen	
13-22	1553-1554	,	
13-23	1555-1558	wit	
13-24	1559-1565	marmer	
13-25	1565-1566	,	
13-26	1567-1569	en	
13-27	1570-1580	diergelyke	
13-28	1581-1585	door	
13-29	1586-1589	een	
13-30	1590-1597	fraaije	
13-31	1598-1607	schikking	
13-32	1608-1611	wel	
13-33	1612-1614	by	
13-34	1615-1618	een	
13-35	1618-1619	,	
13-36	1620-1622	en	
13-37	1623-1625	op	
13-38	1626-1635	malkander	
13-39	1636-1643	gevoegd	
13-40	1644-1650	worden	
13-41	1650-1651	;	
13-42	1652-1654	en	
13-43	1655-1658	het	
13-44	1659-1665	gebouw	
13-45	1666-1669	van	
13-46	1670-1676	binnen	
13-47	1677-1680	met	
13-48	1681-1685	rood	
13-49	1686-1696	gespikkeld	
13-50	1697-1708	groenachtig	
