#FORMAT=WebAnno TSV 3.3


#Text=8 Alias ecclesias expoliavi, accipiens stipendium ad ministerium vestrum.
#Text=9 Et cum essem apud vos, et egerem, nulli onerosus fui : nam quod mihi deerat, suppleverunt fratres, qui venerunt a Macedonia : et in omnibus sine onere me vobis servavi, et servabo.
#Text=10 Est veritas Christi in me, quoniam hæc gloriatio non infringetur in me in regionibus Achaiæ.
#Text=11 Quare ?
1-1	2-3	8	
1-2	4-9	Alias	
1-3	10-19	ecclesias	
1-4	20-29	expoliavi	
1-5	29-30	,	
1-6	31-40	accipiens	
1-7	41-51	stipendium	
1-8	52-54	ad	
1-9	55-66	ministerium	
1-10	67-74	vestrum	
1-11	74-75	.	
1-12	76-77	9	
1-13	78-80	Et	
1-14	81-84	cum	
1-15	85-90	essem	
1-16	91-95	apud	
1-17	96-99	vos	
1-18	99-100	,	
1-19	101-103	et	
1-20	104-110	egerem	
1-21	110-111	,	
1-22	112-117	nulli	
1-23	118-126	onerosus	
1-24	127-130	fui	
1-25	131-132	:	
1-26	133-136	nam	
1-27	137-141	quod	
1-28	142-146	mihi	
1-29	147-153	deerat	
1-30	153-154	,	
1-31	155-167	suppleverunt	
1-32	168-175	fratres	
1-33	175-176	,	
1-34	177-180	qui	
1-35	181-189	venerunt	
1-36	190-191	a	
1-37	192-201	Macedonia	
1-38	202-203	:	
1-39	204-206	et	
1-40	207-209	in	
1-41	210-217	omnibus	
1-42	218-222	sine	
1-43	223-228	onere	
1-44	229-231	me	
1-45	232-237	vobis	
1-46	238-245	servavi	
1-47	245-246	,	
1-48	247-249	et	
1-49	250-257	servabo	
1-50	257-258	.	
1-51	259-261	10	
1-52	262-265	Est	
1-53	266-273	veritas	
1-54	274-281	Christi	
1-55	282-284	in	
1-56	285-287	me	
1-57	287-288	,	
1-58	289-296	quoniam	
1-59	297-300	hæc	
1-60	301-310	gloriatio	
1-61	311-314	non	
1-62	315-326	infringetur	
1-63	327-329	in	
1-64	330-332	me	
1-65	333-335	in	
1-66	336-346	regionibus	
1-67	347-353	Achaiæ	
1-68	353-354	.	
1-69	355-357	11	
1-70	358-363	Quare	
1-71	364-365	?	

#Text=quia non diligo vos ?
2-1	366-370	quia	
2-2	371-374	non	
2-3	375-381	diligo	
2-4	382-385	vos	
2-5	386-387	?	

#Text=Deus scit.
#Text=12 Quod autem facio, et faciam : ut amputem occasionem eorum qui volunt occasionem, ut in quo gloriantur, inveniantur sicut et nos.
#Text=13 Nam ejusmodi pseudoapostoli sunt operarii subdoli, transfigurantes se in apostolos Christi.
#Text=14 Et non mirum : ipse enim Satanas transfigurat se in angelum lucis.
#Text=15 Non est ergo magnum, si ministri ejus transfigurentur velut ministri justitiæ : quorum finis erit secundum opera ipsorum.
#Text=16 Iterum dico (ne quis me putet insipientem esse, alioquin velut insipientem accipite me, ut et ego modicum quid glorier), 17 quod loquor, non loquor secundum Deum, sed quasi in insipientia, in hac substantia gloriæ.
#Text=18 Quoniam multi gloriantur secundum carnem : et ego gloriabor.
#Text=19 Libenter enim suffertis insipientes, cum sitis ipsi sapientes.
#Text=20 Sustinetis enim si quis vos in servitutem redigit, si quis devorat, si quis accipit, si quis extollitur, si quis in faciem vos cædit.
#Text=21 Secundum ignobilitatem dico, quasi nos infirmi fuerimus in hac parte.
3-1	388-392	Deus	
3-2	393-397	scit	
3-3	397-398	.	
3-4	399-401	12	
3-5	402-406	Quod	
3-6	407-412	autem	
3-7	413-418	facio	
3-8	418-419	,	
3-9	420-422	et	
3-10	423-429	faciam	
3-11	430-431	:	
3-12	432-434	ut	
3-13	435-442	amputem	
3-14	443-453	occasionem	
3-15	454-459	eorum	
3-16	460-463	qui	
3-17	464-470	volunt	
3-18	471-481	occasionem	
3-19	481-482	,	
3-20	483-485	ut	
3-21	486-488	in	
3-22	489-492	quo	
3-23	493-503	gloriantur	
3-24	503-504	,	
3-25	505-516	inveniantur	
3-26	517-522	sicut	
3-27	523-525	et	
3-28	526-529	nos	
3-29	529-530	.	
3-30	531-533	13	
3-31	534-537	Nam	
3-32	538-546	ejusmodi	
3-33	547-561	pseudoapostoli	
3-34	562-566	sunt	
3-35	567-575	operarii	
3-36	576-583	subdoli	
3-37	583-584	,	
3-38	585-600	transfigurantes	
3-39	601-603	se	
3-40	604-606	in	
3-41	607-616	apostolos	
3-42	617-624	Christi	
3-43	624-625	.	
3-44	626-628	14	
3-45	629-631	Et	
3-46	632-635	non	
3-47	636-641	mirum	
3-48	642-643	:	
3-49	644-648	ipse	
3-50	649-653	enim	
3-51	654-661	Satanas	
3-52	662-674	transfigurat	
3-53	675-677	se	
3-54	678-680	in	
3-55	681-688	angelum	
3-56	689-694	lucis	
3-57	694-695	.	
3-58	696-698	15	
3-59	699-702	Non	
3-60	703-706	est	
3-61	707-711	ergo	
3-62	712-718	magnum	
3-63	718-719	,	
3-64	720-722	si	
3-65	723-731	ministri	
3-66	732-736	ejus	
3-67	737-752	transfigurentur	
3-68	753-758	velut	
3-69	759-767	ministri	
3-70	768-776	justitiæ	
3-71	777-778	:	
3-72	779-785	quorum	
3-73	786-791	finis	
3-74	792-796	erit	
3-75	797-805	secundum	
3-76	806-811	opera	
3-77	812-819	ipsorum	
3-78	819-820	.	
3-79	821-823	16	
3-80	824-830	Iterum	
3-81	831-835	dico	
3-82	836-837	(	
3-83	837-839	ne	
3-84	840-844	quis	
3-85	845-847	me	
3-86	848-853	putet	
3-87	854-865	insipientem	
3-88	866-870	esse	
3-89	870-871	,	
3-90	872-880	alioquin	
3-91	881-886	velut	
3-92	887-898	insipientem	
3-93	899-907	accipite	
3-94	908-910	me	
3-95	910-911	,	
3-96	912-914	ut	
3-97	915-917	et	
3-98	918-921	ego	
3-99	922-929	modicum	
3-100	930-934	quid	
3-101	935-942	glorier	
3-102	942-943	)	
3-103	943-944	,	
3-104	945-947	17	
3-105	948-952	quod	
3-106	953-959	loquor	
3-107	959-960	,	
3-108	961-964	non	
3-109	965-971	loquor	
3-110	972-980	secundum	
3-111	981-985	Deum	
3-112	985-986	,	
3-113	987-990	sed	
3-114	991-996	quasi	
3-115	997-999	in	
3-116	1000-1011	insipientia	
3-117	1011-1012	,	
3-118	1013-1015	in	
3-119	1016-1019	hac	
3-120	1020-1030	substantia	
3-121	1031-1037	gloriæ	
3-122	1037-1038	.	
3-123	1039-1041	18	
3-124	1042-1049	Quoniam	
3-125	1050-1055	multi	
3-126	1056-1066	gloriantur	
3-127	1067-1075	secundum	
3-128	1076-1082	carnem	
3-129	1083-1084	:	
3-130	1085-1087	et	
3-131	1088-1091	ego	
3-132	1092-1101	gloriabor	
3-133	1101-1102	.	
3-134	1103-1105	19	
3-135	1106-1114	Libenter	
3-136	1115-1119	enim	
3-137	1120-1129	suffertis	
3-138	1130-1141	insipientes	
3-139	1141-1142	,	
3-140	1143-1146	cum	
3-141	1147-1152	sitis	
3-142	1153-1157	ipsi	
3-143	1158-1167	sapientes	
3-144	1167-1168	.	
3-145	1169-1171	20	
3-146	1172-1182	Sustinetis	
3-147	1183-1187	enim	
3-148	1188-1190	si	
3-149	1191-1195	quis	
3-150	1196-1199	vos	
3-151	1200-1202	in	
3-152	1203-1213	servitutem	
3-153	1214-1221	redigit	
3-154	1221-1222	,	
3-155	1223-1225	si	
3-156	1226-1230	quis	
3-157	1231-1238	devorat	
3-158	1238-1239	,	
3-159	1240-1242	si	
3-160	1243-1247	quis	
3-161	1248-1255	accipit	
3-162	1255-1256	,	
3-163	1257-1259	si	
3-164	1260-1264	quis	
3-165	1265-1275	extollitur	
3-166	1275-1276	,	
3-167	1277-1279	si	
3-168	1280-1284	quis	
3-169	1285-1287	in	
3-170	1288-1294	faciem	
3-171	1295-1298	vos	
3-172	1299-1304	cædit	
3-173	1304-1305	.	
3-174	1306-1308	21	
3-175	1309-1317	Secundum	
3-176	1318-1331	ignobilitatem	
3-177	1332-1336	dico	
3-178	1336-1337	,	
3-179	1338-1343	quasi	
3-180	1344-1347	nos	
3-181	1348-1355	infirmi	
3-182	1356-1364	fuerimus	
3-183	1365-1367	in	
3-184	1368-1371	hac	
3-185	1372-1377	parte	
3-186	1377-1378	.	

#Text=In quo quis audet (in insipientia dico) audeo et ego : 22 Hebræi sunt, et ego : Israëlitæ sunt, et ego : semen Abrahæ sunt, et ego.
#Text=23 Ministri Christi sunt (ut minus sapiens dico), plus ego : in laboribus plurimis, in carceribus abundantius, in plagis supra modum, in mortibus frequenter.
#Text=24 A Judæis quinquies, quadragenas, una minus, accepi.
#Text=25 Ter virgis cæsus sum, semel lapidatus sum : ter naufragium feci, nocte et die in profundo maris fui, 26 in itineribus sæpe, periculis fluminum, periculis latronum, periculis ex genere, periculis ex gentibus, periculis in civitate, periculis in solitudine, periculis in mari, periculis in falsis fratribus : 27 in labore et ærumna, in vigiliis multis, in fame et siti, in jejuniis multis, in frigore et nuditate, 28 præter illa quæ extrinsecus sunt, instantia mea quotidiana, sollicitudo omnium ecclesiarum.
#Text=29 Quis infirmatur, et ego non infirmor ?
4-1	1379-1381	In	
4-2	1382-1385	quo	
4-3	1386-1390	quis	
4-4	1391-1396	audet	
4-5	1397-1398	(	
4-6	1398-1400	in	
4-7	1401-1412	insipientia	
4-8	1413-1417	dico	
4-9	1417-1418	)	
4-10	1419-1424	audeo	
4-11	1425-1427	et	
4-12	1428-1431	ego	
4-13	1432-1433	:	
4-14	1434-1436	22	
4-15	1437-1443	Hebræi	
4-16	1444-1448	sunt	
4-17	1448-1449	,	
4-18	1450-1452	et	
4-19	1453-1456	ego	
4-20	1457-1458	:	
4-21	1459-1468	Israëlitæ	
4-22	1469-1473	sunt	
4-23	1473-1474	,	
4-24	1475-1477	et	
4-25	1478-1481	ego	
4-26	1482-1483	:	
4-27	1484-1489	semen	
4-28	1490-1496	Abrahæ	
4-29	1497-1501	sunt	
4-30	1501-1502	,	
4-31	1503-1505	et	
4-32	1506-1509	ego	
4-33	1509-1510	.	
4-34	1511-1513	23	
4-35	1514-1522	Ministri	
4-36	1523-1530	Christi	
4-37	1531-1535	sunt	
4-38	1536-1537	(	
4-39	1537-1539	ut	
4-40	1540-1545	minus	
4-41	1546-1553	sapiens	
4-42	1554-1558	dico	
4-43	1558-1559	)	
4-44	1559-1560	,	
4-45	1561-1565	plus	
4-46	1566-1569	ego	
4-47	1570-1571	:	
4-48	1572-1574	in	
4-49	1575-1584	laboribus	
4-50	1585-1593	plurimis	
4-51	1593-1594	,	
4-52	1595-1597	in	
4-53	1598-1608	carceribus	
4-54	1609-1620	abundantius	
4-55	1620-1621	,	
4-56	1622-1624	in	
4-57	1625-1631	plagis	
4-58	1632-1637	supra	
4-59	1638-1643	modum	
4-60	1643-1644	,	
4-61	1645-1647	in	
4-62	1648-1656	mortibus	
4-63	1657-1667	frequenter	
4-64	1667-1668	.	
4-65	1669-1671	24	
4-66	1672-1673	A	
4-67	1674-1680	Judæis	
4-68	1681-1690	quinquies	
4-69	1690-1691	,	
4-70	1692-1703	quadragenas	
4-71	1703-1704	,	
4-72	1705-1708	una	
4-73	1709-1714	minus	
4-74	1714-1715	,	
4-75	1716-1722	accepi	
4-76	1722-1723	.	
4-77	1724-1726	25	
4-78	1727-1730	Ter	
4-79	1731-1737	virgis	
4-80	1738-1743	cæsus	
4-81	1744-1747	sum	
4-82	1747-1748	,	
4-83	1749-1754	semel	
4-84	1755-1764	lapidatus	
4-85	1765-1768	sum	
4-86	1769-1770	:	
4-87	1771-1774	ter	
4-88	1775-1785	naufragium	
4-89	1786-1790	feci	
4-90	1790-1791	,	
4-91	1792-1797	nocte	
4-92	1798-1800	et	
4-93	1801-1804	die	
4-94	1805-1807	in	
4-95	1808-1816	profundo	
4-96	1817-1822	maris	
4-97	1823-1826	fui	
4-98	1826-1827	,	
4-99	1828-1830	26	
4-100	1831-1833	in	
4-101	1834-1844	itineribus	
4-102	1845-1849	sæpe	
4-103	1849-1850	,	
4-104	1851-1860	periculis	
4-105	1861-1869	fluminum	
4-106	1869-1870	,	
4-107	1871-1880	periculis	
4-108	1881-1889	latronum	
4-109	1889-1890	,	
4-110	1891-1900	periculis	
4-111	1901-1903	ex	
4-112	1904-1910	genere	
4-113	1910-1911	,	
4-114	1912-1921	periculis	
4-115	1922-1924	ex	
4-116	1925-1933	gentibus	
4-117	1933-1934	,	
4-118	1935-1944	periculis	
4-119	1945-1947	in	
4-120	1948-1956	civitate	
4-121	1956-1957	,	
4-122	1958-1967	periculis	
4-123	1968-1970	in	
4-124	1971-1981	solitudine	
4-125	1981-1982	,	
4-126	1983-1992	periculis	
4-127	1993-1995	in	
4-128	1996-2000	mari	
4-129	2000-2001	,	
4-130	2002-2011	periculis	
4-131	2012-2014	in	
4-132	2015-2021	falsis	
4-133	2022-2031	fratribus	
4-134	2032-2033	:	
4-135	2034-2036	27	
4-136	2037-2039	in	
4-137	2040-2046	labore	
4-138	2047-2049	et	
4-139	2050-2056	ærumna	
4-140	2056-2057	,	
4-141	2058-2060	in	
4-142	2061-2069	vigiliis	
4-143	2070-2076	multis	
4-144	2076-2077	,	
4-145	2078-2080	in	
4-146	2081-2085	fame	
4-147	2086-2088	et	
4-148	2089-2093	siti	
4-149	2093-2094	,	
4-150	2095-2097	in	
4-151	2098-2106	jejuniis	
4-152	2107-2113	multis	
4-153	2113-2114	,	
4-154	2115-2117	in	
4-155	2118-2125	frigore	
4-156	2126-2128	et	
4-157	2129-2137	nuditate	
4-158	2137-2138	,	
4-159	2139-2141	28	
4-160	2142-2148	præter	
4-161	2149-2153	illa	
4-162	2154-2157	quæ	
4-163	2158-2169	extrinsecus	
4-164	2170-2174	sunt	
4-165	2174-2175	,	
4-166	2176-2185	instantia	
4-167	2186-2189	mea	
4-168	2190-2200	quotidiana	
4-169	2200-2201	,	
4-170	2202-2213	sollicitudo	
4-171	2214-2220	omnium	
4-172	2221-2232	ecclesiarum	
4-173	2232-2233	.	
4-174	2234-2236	29	
4-175	2237-2241	Quis	
4-176	2242-2252	infirmatur	
4-177	2252-2253	,	
4-178	2254-2256	et	
4-179	2257-2260	ego	
4-180	2261-2264	non	
4-181	2265-2273	infirmor	
4-182	2274-2275	?	
