#FORMAT=WebAnno TSV 3.3
#T_SP=custom.Span|label
#T_RL=custom.Relation|label|BT_custom.Span


#Text=erſcheint.
1-1	5-14	erſcheint	_	_	_	
1-2	14-15	.	_	_	_	

#Text=Damit das Waſſer dann beim Liegen an der Luft nicht
#Text=wieder zum Teile verdunſtet, werden die Bohnen in dünne Schichten
#Text=von Glycerin, Palmöl oder Vaſeline eingehüllt.
2-1	16-21	Damit	_	_	_	
2-2	22-25	das	_	_	_	
2-3	26-32	Waſſer	_	_	_	
2-4	33-37	dann	_	_	_	
2-5	38-42	beim	_	_	_	
2-6	43-49	Liegen	_	_	_	
2-7	50-52	an	_	_	_	
2-8	53-56	der	_	_	_	
2-9	57-61	Luft	_	_	_	
2-10	62-67	nicht	_	_	_	
2-11	68-74	wieder	_	_	_	
2-12	75-78	zum	_	_	_	
2-13	79-84	Teile	_	_	_	
2-14	85-95	verdunſtet	_	_	_	
2-15	95-96	,	_	_	_	
2-16	97-103	werden	_	_	_	
2-17	104-107	die	_	_	_	
2-18	108-114	Bohnen	_	_	_	
2-19	115-117	in	_	_	_	
2-20	118-123	dünne	_	_	_	
2-21	124-133	Schichten	_	_	_	
2-22	134-137	von	_	_	_	
2-23	138-146	Glycerin	_	_	_	
2-24	146-147	,	_	_	_	
2-25	148-154	Palmöl	_	_	_	
2-26	155-159	oder	_	_	_	
2-27	160-168	Vaſeline	_	_	_	
2-28	169-179	eingehüllt	_	_	_	
2-29	179-180	.	_	_	_	

#Text=Die Beſtimmung des
#Text=ſpezifiſchen Gewichtes läßt auch hier mitunter die Fälſchung erkennen,
#Text=iſt aber für den Laien nicht ausführbar, weil das ſpezifiſche Gewicht
#Text=nur ſehr wenig höher geworden iſt und zwiſchen 0,65 bis 0,77 liegt.
3-1	181-184	Die	_	_	_	
3-2	185-195	Beſtimmung	_	_	_	
3-3	196-199	des	_	_	_	
3-4	200-212	ſpezifiſchen	_	_	_	
3-5	213-222	Gewichtes	_	_	_	
3-6	223-227	läßt	_	_	_	
3-7	228-232	auch	_	_	_	
3-8	233-237	hier	_	_	_	
3-9	238-246	mitunter	_	_	_	
3-10	247-250	die	_	_	_	
3-11	251-260	Fälſchung	_	_	_	
3-12	261-269	erkennen	_	_	_	
3-13	269-270	,	_	_	_	
3-14	271-274	iſt	_	_	_	
3-15	275-279	aber	_	_	_	
3-16	280-283	für	_	_	_	
3-17	284-287	den	_	_	_	
3-18	288-293	Laien	_	_	_	
3-19	294-299	nicht	_	_	_	
3-20	300-310	ausführbar	_	_	_	
3-21	310-311	,	_	_	_	
3-22	312-316	weil	_	_	_	
3-23	317-320	das	_	_	_	
3-24	321-332	ſpezifiſche	_	_	_	
3-25	333-340	Gewicht	_	_	_	
3-26	341-344	nur	_	_	_	
3-27	345-349	ſehr	_	_	_	
3-28	350-355	wenig	_	_	_	
3-29	356-361	höher	_	_	_	
3-30	362-370	geworden	_	_	_	
3-31	371-374	iſt	_	_	_	
3-32	375-378	und	_	_	_	
3-33	379-387	zwiſchen	_	_	_	
3-34	388-392	0,65	_	_	_	
3-35	393-396	bis	_	_	_	
3-36	397-401	0,77	_	_	_	
3-37	402-407	liegt	_	_	_	
3-38	407-408	.	_	_	_	

#Text=Noch weniger kann der Laie die abſolut ſichere Erkennung der Fälſchung,
#Text=nämlich die quantitative Waſſerbeſtimmung, ſelbſt ausführen, aber ein
#Text=äußeres Erkennungszeichen iſt es immerhin, daß ſolche waſſerhaltige
#Text=Bohnen weder ſo hart ſind als reell geröſtete, noch beim Zerbeißen
#Text=
#Text=wie dieſe zwiſchen den Zähnen krachen;
#Text=ſie haben vielmehr eine mehr
#Text=elaſtiſche und hornartige Konſiſtenz angenommen.
4-1	410-414	Noch	_	_	_	
4-2	415-422	weniger	_	_	_	
4-3	423-427	kann	_	_	_	
4-4	428-431	der	_	_	_	
4-5	432-436	Laie	_	_	_	
4-6	437-440	die	_	_	_	
4-7	441-448	abſolut	_	_	_	
4-8	449-456	ſichere	_	_	_	
4-9	457-466	Erkennung	_	_	_	
4-10	467-470	der	_	_	_	
4-11	471-480	Fälſchung	_	_	_	
4-12	480-481	,	_	_	_	
4-13	482-489	nämlich	_	_	_	
4-14	490-493	die	_	_	_	
4-15	494-506	quantitative	_	_	_	
4-16	507-523	Waſſerbeſtimmung	_	_	_	
4-17	523-524	,	_	_	_	
4-18	525-531	ſelbſt	_	_	_	
4-19	532-541	ausführen	_	_	_	
4-20	541-542	,	_	_	_	
4-21	543-547	aber	_	_	_	
4-22	548-551	ein	_	_	_	
4-23	552-559	äußeres	_	_	_	
4-24	560-577	Erkennungszeichen	_	_	_	
4-25	578-581	iſt	_	_	_	
4-26	582-584	es	_	_	_	
4-27	585-593	immerhin	_	_	_	
4-28	593-594	,	_	_	_	
4-29	595-598	daß	_	_	_	
4-30	599-605	ſolche	_	_	_	
4-31	606-619	waſſerhaltige	_	_	_	
4-32	620-626	Bohnen	_	_	_	
4-33	627-632	weder	_	_	_	
4-34	633-635	ſo	_	_	_	
4-35	636-640	hart	_	_	_	
4-36	641-645	ſind	_	_	_	
4-37	646-649	als	_	_	_	
4-38	650-655	reell	_	_	_	
4-39	656-665	geröſtete	_	_	_	
4-40	665-666	,	_	_	_	
4-41	667-671	noch	_	_	_	
4-42	672-676	beim	_	_	_	
4-43	677-686	Zerbeißen	_	_	_	
4-44	688-691	wie	_	_	_	
4-45	692-697	dieſe	_	_	_	
4-46	698-706	zwiſchen	_	_	_	
4-47	707-710	den	_	_	_	
4-48	711-717	Zähnen	_	_	_	
4-49	718-725	krachen	_	_	_	
4-50	725-726	;	_	_	_	
4-51	727-730	ſie	_	_	_	
4-52	731-736	haben	_	_	_	
4-53	737-745	vielmehr	_	_	_	
4-54	746-750	eine	_	_	_	
4-55	751-755	mehr	_	_	_	
4-56	756-766	elaſtiſche	_	_	_	
4-57	767-770	und	_	_	_	
4-58	771-781	hornartige	_	_	_	
4-59	782-792	Konſiſtenz	_	_	_	
4-60	793-803	angenommen	_	_	_	
4-61	803-804	.	_	_	_	

#Text=Die am häufigſten angewendete Manipulation aber iſt das Über-
#Text=ziehen des Kaffees während des Röſtens mit Löſungen von Zucker und
#Text=ähnlichen Flüſſigkeiten, wodurch ganz leicht eine Gewichtsvermehrung
#Text=von 8 bis 10 % erzielt werden kann.
5-1	808-811	Die	_	_	_	
5-2	812-814	am	_	_	_	
5-3	815-825	häufigſten	_	_	_	
5-4	826-837	angewendete	_	_	_	
5-5	838-850	Manipulation	_	_	_	
5-6	851-855	aber	_	_	_	
5-7	856-859	iſt	_	_	_	
5-8	860-863	das	_	_	_	
5-9	864-868	Über	_	_	_	
5-10	868-869	-	_	_	_	
5-11	870-876	ziehen	_	_	_	
5-12	877-880	des	_	_	_	
5-13	881-888	Kaffees	_	_	_	
5-14	889-896	während	_	_	_	
5-15	897-900	des	_	_	_	
5-16	901-908	Röſtens	_	_	_	
5-17	909-912	mit	_	_	_	
5-18	913-921	Löſungen	_	_	_	
5-19	922-925	von	_	_	_	
5-20	926-932	Zucker	_	_	_	
5-21	933-936	und	_	_	_	
5-22	937-946	ähnlichen	_	_	_	
5-23	947-960	Flüſſigkeiten	_	_	_	
5-24	960-961	,	_	_	_	
5-25	962-969	wodurch	_	_	_	
5-26	970-974	ganz	_	_	_	
5-27	975-981	leicht	_	_	_	
5-28	982-986	eine	_	_	_	
5-29	987-1005	Gewichtsvermehrung	_	_	_	
5-30	1006-1009	von	_	_	_	
5-31	1010-1011	8	_	_	_	
5-32	1012-1015	bis	_	_	_	
5-33	1016-1018	10	_	_	_	
5-34	1019-1020	%	_	_	_	
5-35	1021-1028	erzielt	_	_	_	
5-36	1029-1035	werden	_	_	_	
5-37	1036-1040	kann	_	_	_	
5-38	1040-1041	.	_	_	_	

#Text=Wie ſo häufig, ſo iſt auch in
#Text=dieſem Falle die Fälſchung aus einem urſprünglich geſunden Gedanken
#Text=hervorgegangen.
6-1	1042-1045	Wie	_	_	_	
6-2	1046-1048	ſo	_	_	_	
6-3	1049-1055	häufig	_	_	_	
6-4	1055-1056	,	_	_	_	
6-5	1057-1059	ſo	_	_	_	
6-6	1060-1063	iſt	_	_	_	
6-7	1064-1068	auch	_	_	_	
6-8	1069-1071	in	_	_	_	
6-9	1072-1078	dieſem	_	_	_	
6-10	1079-1084	Falle	_	_	_	
6-11	1085-1088	die	_	_	_	
6-12	1089-1098	Fälſchung	_	_	_	
6-13	1099-1102	aus	_	_	_	
6-14	1103-1108	einem	_	_	_	
6-15	1109-1121	urſprünglich	_	_	_	
6-16	1122-1130	geſunden	_	_	_	
6-17	1131-1139	Gedanken	_	_	_	
6-18	1140-1154	hervorgegangen	_	_	_	
6-19	1154-1155	.	_	_	_	

#Text=Urſprünglich wollte man durch derartige Überzüge
#Text=
#Text=das Verflüchten der aromatiſchen Beſtandteile der geröſteten Kaffee-
#Text=bohne verhüten, was aber ganz unnötig iſt, denn das geſchieht bereits,
#Text=ſo weit es ſich überhaupt ermöglichen läßt, durch das bei dem Röſten
#Text=hervortretende und die Bohne umhüllende vegetabiliſche Fett derſelben.
7-1	1156-1168	Urſprünglich	_	_	_	
7-2	1169-1175	wollte	_	_	_	
7-3	1176-1179	man	_	_	_	
7-4	1180-1185	durch	_	_	_	
7-5	1186-1195	derartige	_	_	_	
7-6	1196-1204	Überzüge	_	_	_	
7-7	1206-1209	das	_	_	_	
7-8	1210-1221	Verflüchten	Circumstances	_	_	
7-9	1222-1225	der	_	_	_	
7-10	1226-1238	aromatiſchen	Quality[1]|Smell\_Word[2]	_	_	
7-11	1239-1251	Beſtandteile	Smell\_Source	*	7-8	
7-12	1252-1255	der	_	_	_	
7-13	1256-1266	geröſteten	_	_	_	
7-14	1267-1273	Kaffee	Smell\_Source	*	7-11	
7-15	1273-1274	-	_	_	_	
7-16	1275-1280	bohne	_	_	_	
7-17	1281-1289	verhüten	_	_	_	
7-18	1289-1290	,	_	_	_	
7-19	1291-1294	was	_	_	_	
7-20	1295-1299	aber	_	_	_	
7-21	1300-1304	ganz	_	_	_	
7-22	1305-1312	unnötig	_	_	_	
7-23	1313-1316	iſt	_	_	_	
7-24	1316-1317	,	_	_	_	
7-25	1318-1322	denn	_	_	_	
7-26	1323-1326	das	_	_	_	
7-27	1327-1336	geſchieht	_	_	_	
7-28	1337-1344	bereits	_	_	_	
7-29	1344-1345	,	_	_	_	
7-30	1346-1348	ſo	_	_	_	
7-31	1349-1353	weit	_	_	_	
7-32	1354-1356	es	_	_	_	
7-33	1357-1361	ſich	_	_	_	
7-34	1362-1371	überhaupt	_	_	_	
7-35	1372-1383	ermöglichen	_	_	_	
7-36	1384-1388	läßt	_	_	_	
7-37	1388-1389	,	_	_	_	
7-38	1390-1395	durch	_	_	_	
7-39	1396-1399	das	_	_	_	
7-40	1400-1403	bei	_	_	_	
7-41	1404-1407	dem	_	_	_	
7-42	1408-1414	Röſten	_	_	_	
7-43	1415-1429	hervortretende	_	_	_	
7-44	1430-1433	und	_	_	_	
7-45	1434-1437	die	_	_	_	
7-46	1438-1443	Bohne	_	_	_	
7-47	1444-1454	umhüllende	_	_	_	
7-48	1455-1469	vegetabiliſche	_	_	_	
7-49	1470-1474	Fett	_	_	_	
7-50	1475-1484	derſelben	_	_	_	
7-51	1484-1485	.	_	_	_	

#Text=Heute dient dieſe Manipulation nur noch dazu, den Konſumenten nach
#Text=verſchiedenen Richtungen hin zu benachteiligen, denn derſelbe bezahlt
#Text=nicht nur den zu wertloſem Karamel verbrannten Zucker mit dem hohen
#Text=Preiſe des Kaffees, ſondern durch das „Glaſieren“, wie dieſe Mani-
#Text=pulation einſchmeichelnd genannt wird, kann leicht eine geringere Qua-
#Text=lität des Kaffees verdeckt werden, wodurch es möglich wird, ſchlechtere
#Text=Kaffeeſorten unter die beſſeren zu miſchen.
8-1	1487-1492	Heute	_	_	_	
8-2	1493-1498	dient	_	_	_	
8-3	1499-1504	dieſe	_	_	_	
8-4	1505-1517	Manipulation	_	_	_	
8-5	1518-1521	nur	_	_	_	
8-6	1522-1526	noch	_	_	_	
8-7	1527-1531	dazu	_	_	_	
8-8	1531-1532	,	_	_	_	
8-9	1533-1536	den	_	_	_	
8-10	1537-1548	Konſumenten	_	_	_	
8-11	1549-1553	nach	_	_	_	
8-12	1554-1567	verſchiedenen	_	_	_	
8-13	1568-1578	Richtungen	_	_	_	
8-14	1579-1582	hin	_	_	_	
8-15	1583-1585	zu	_	_	_	
8-16	1586-1600	benachteiligen	_	_	_	
8-17	1600-1601	,	_	_	_	
8-18	1602-1606	denn	_	_	_	
8-19	1607-1615	derſelbe	_	_	_	
8-20	1616-1623	bezahlt	_	_	_	
8-21	1624-1629	nicht	_	_	_	
8-22	1630-1633	nur	_	_	_	
8-23	1634-1637	den	_	_	_	
8-24	1638-1640	zu	_	_	_	
8-25	1641-1650	wertloſem	_	_	_	
8-26	1651-1658	Karamel	_	_	_	
8-27	1659-1670	verbrannten	_	_	_	
8-28	1671-1677	Zucker	_	_	_	
8-29	1678-1681	mit	_	_	_	
8-30	1682-1685	dem	_	_	_	
8-31	1686-1691	hohen	_	_	_	
8-32	1692-1698	Preiſe	_	_	_	
8-33	1699-1702	des	_	_	_	
8-34	1703-1710	Kaffees	_	_	_	
8-35	1710-1711	,	_	_	_	
8-36	1712-1719	ſondern	_	_	_	
8-37	1720-1725	durch	_	_	_	
8-38	1726-1729	das	_	_	_	
8-39	1730-1731	„	_	_	_	
8-40	1731-1740	Glaſieren	_	_	_	
8-41	1740-1741	“	_	_	_	
8-42	1741-1742	,	_	_	_	
8-43	1743-1746	wie	_	_	_	
8-44	1747-1752	dieſe	_	_	_	
8-45	1753-1757	Mani	_	_	_	
8-46	1757-1758	-	_	_	_	
8-47	1759-1767	pulation	_	_	_	
8-48	1768-1783	einſchmeichelnd	_	_	_	
8-49	1784-1791	genannt	_	_	_	
8-50	1792-1796	wird	_	_	_	
8-51	1796-1797	,	_	_	_	
8-52	1798-1802	kann	_	_	_	
8-53	1803-1809	leicht	_	_	_	
8-54	1810-1814	eine	_	_	_	
8-55	1815-1824	geringere	_	_	_	
8-56	1825-1828	Qua	_	_	_	
8-57	1828-1829	-	_	_	_	
8-58	1830-1835	lität	_	_	_	
8-59	1836-1839	des	_	_	_	
8-60	1840-1847	Kaffees	_	_	_	
8-61	1848-1856	verdeckt	_	_	_	
8-62	1857-1863	werden	_	_	_	
8-63	1863-1864	,	_	_	_	
8-64	1865-1872	wodurch	_	_	_	
8-65	1873-1875	es	_	_	_	
8-66	1876-1883	möglich	_	_	_	
8-67	1884-1888	wird	_	_	_	
8-68	1888-1889	,	_	_	_	
8-69	1890-1901	ſchlechtere	_	_	_	
8-70	1902-1914	Kaffeeſorten	_	_	_	
8-71	1915-1920	unter	_	_	_	
8-72	1921-1924	die	_	_	_	
8-73	1925-1933	beſſeren	_	_	_	
8-74	1934-1936	zu	_	_	_	
8-75	1937-1944	miſchen	_	_	_	
8-76	1944-1945	.	_	_	_	

#Text=Der zum Glaſieren des
#Text=Kaffees verwendete Zucker hat in dem „Röſtſirup“ ſchon einen Kon-
#Text=kurrenten erhalten;
#Text=er wird bereits fabrikmäßig im großen dargeſtellt
#Text=und ſoll dem zu röſtenden Kaffee in Mengen von 3 bis 25 % (!)
9-1	1946-1949	Der	_	_	_	
9-2	1950-1953	zum	_	_	_	
9-3	1954-1963	Glaſieren	_	_	_	
9-4	1964-1967	des	_	_	_	
9-5	1968-1975	Kaffees	_	_	_	
9-6	1976-1986	verwendete	_	_	_	
9-7	1987-1993	Zucker	_	_	_	
9-8	1994-1997	hat	_	_	_	
9-9	1998-2000	in	_	_	_	
9-10	2001-2004	dem	_	_	_	
9-11	2005-2006	„	_	_	_	
9-12	2006-2015	Röſtſirup	_	_	_	
9-13	2015-2016	“	_	_	_	
9-14	2017-2022	ſchon	_	_	_	
9-15	2023-2028	einen	_	_	_	
9-16	2029-2032	Kon	_	_	_	
9-17	2032-2033	-	_	_	_	
9-18	2034-2043	kurrenten	_	_	_	
9-19	2044-2052	erhalten	_	_	_	
9-20	2052-2053	;	_	_	_	
9-21	2054-2056	er	_	_	_	
9-22	2057-2061	wird	_	_	_	
9-23	2062-2069	bereits	_	_	_	
9-24	2070-2081	fabrikmäßig	_	_	_	
9-25	2082-2084	im	_	_	_	
9-26	2085-2091	großen	_	_	_	
9-27	2092-2103	dargeſtellt	_	_	_	
9-28	2104-2107	und	_	_	_	
9-29	2108-2112	ſoll	_	_	_	
9-30	2113-2116	dem	_	_	_	
9-31	2117-2119	zu	_	_	_	
9-32	2120-2129	röſtenden	_	_	_	
9-33	2130-2136	Kaffee	_	_	_	
9-34	2137-2139	in	_	_	_	
9-35	2140-2146	Mengen	_	_	_	
9-36	2147-2150	von	_	_	_	
9-37	2151-2152	3	_	_	_	
9-38	2153-2156	bis	_	_	_	
9-39	2157-2159	25	_	_	_	
9-40	2160-2161	%	_	_	_	
9-41	2162-2163	(	_	_	_	
9-42	2163-2164	!	_	_	_	
9-43	2164-2165	)	_	_	_	

#Text=zu-
#Text=geſetzt werden, je nachdem man matt bis ſchwarz glänzend gebrannten
#Text=Kaffee herſtellen will.
10-1	2166-2168	zu	_	_	_	
10-2	2168-2169	-	_	_	_	
10-3	2170-2177	geſetzt	_	_	_	
10-4	2178-2184	werden	_	_	_	
10-5	2184-2185	,	_	_	_	
10-6	2186-2188	je	_	_	_	
10-7	2189-2196	nachdem	_	_	_	
10-8	2197-2200	man	_	_	_	
10-9	2201-2205	matt	_	_	_	
10-10	2206-2209	bis	_	_	_	
10-11	2210-2217	ſchwarz	_	_	_	
10-12	2218-2226	glänzend	_	_	_	
10-13	2227-2237	gebrannten	_	_	_	
10-14	2238-2244	Kaffee	_	_	_	
10-15	2245-2255	herſtellen	_	_	_	
10-16	2256-2260	will	_	_	_	
10-17	2260-2261	.	_	_	_	

#Text=Dieſer Röſtſirup ſoll nun noch im Waſſer und
#Text=zwar in dem doppelten bis vierfachen Quantum gelöſt werden.
11-1	2262-2268	Dieſer	_	_	_	
11-2	2269-2278	Röſtſirup	_	_	_	
11-3	2279-2283	ſoll	_	_	_	
11-4	2284-2287	nun	_	_	_	
11-5	2288-2292	noch	_	_	_	
11-6	2293-2295	im	_	_	_	
11-7	2296-2302	Waſſer	_	_	_	
11-8	2303-2306	und	_	_	_	
11-9	2307-2311	zwar	_	_	_	
11-10	2312-2314	in	_	_	_	
11-11	2315-2318	dem	_	_	_	
11-12	2319-2328	doppelten	_	_	_	
11-13	2329-2332	bis	_	_	_	
11-14	2333-2343	vierfachen	_	_	_	
11-15	2344-2351	Quantum	_	_	_	
11-16	2352-2358	gelöſt	_	_	_	
11-17	2359-2365	werden	_	_	_	
11-18	2365-2366	.	_	_	_	

#Text=Wenn
#Text=auch dieſe Mengen teils vor dem Röſten, teils während desſelben zu-
#Text=geſetzt werden ſollen, und — wie beſonders das hinzugeſetzte Waſſer —
#Text=zu einem Teile wieder verdunſten bezw.
#Text=zu karamelähnlichen Subſtanzen
#Text=
#Text=einbrennen, ſo iſt doch die zurückbleibende Menge mehr als groß genug,
#Text=um eine bedeutende Gewichtsvermehrung zu veranlaſſen, und muß das
#Text=Verfahren ſomit eine grobe Fälſchung genannt werden.
12-1	2367-2371	Wenn	_	_	_	
12-2	2372-2376	auch	_	_	_	
12-3	2377-2382	dieſe	_	_	_	
12-4	2383-2389	Mengen	_	_	_	
12-5	2390-2395	teils	_	_	_	
12-6	2396-2399	vor	_	_	_	
12-7	2400-2403	dem	_	_	_	
12-8	2404-2410	Röſten	_	_	_	
12-9	2410-2411	,	_	_	_	
12-10	2412-2417	teils	_	_	_	
12-11	2418-2425	während	_	_	_	
12-12	2426-2435	desſelben	_	_	_	
12-13	2436-2438	zu	_	_	_	
12-14	2438-2439	-	_	_	_	
12-15	2440-2447	geſetzt	_	_	_	
12-16	2448-2454	werden	_	_	_	
12-17	2455-2461	ſollen	_	_	_	
12-18	2461-2462	,	_	_	_	
12-19	2463-2466	und	_	_	_	
12-20	2467-2468	—	_	_	_	
12-21	2469-2472	wie	_	_	_	
12-22	2473-2482	beſonders	_	_	_	
12-23	2483-2486	das	_	_	_	
12-24	2487-2500	hinzugeſetzte	_	_	_	
12-25	2501-2507	Waſſer	_	_	_	
12-26	2508-2509	—	_	_	_	
12-27	2510-2512	zu	_	_	_	
12-28	2513-2518	einem	_	_	_	
12-29	2519-2524	Teile	_	_	_	
12-30	2525-2531	wieder	_	_	_	
12-31	2532-2542	verdunſten	_	_	_	
12-32	2543-2547	bezw	_	_	_	
12-33	2547-2548	.	_	_	_	
12-34	2549-2551	zu	_	_	_	
12-35	2552-2568	karamelähnlichen	_	_	_	
12-36	2569-2579	Subſtanzen	_	_	_	
12-37	2581-2591	einbrennen	_	_	_	
12-38	2591-2592	,	_	_	_	
12-39	2593-2595	ſo	_	_	_	
12-40	2596-2599	iſt	_	_	_	
12-41	2600-2604	doch	_	_	_	
12-42	2605-2608	die	_	_	_	
12-43	2609-2624	zurückbleibende	_	_	_	
12-44	2625-2630	Menge	_	_	_	
12-45	2631-2635	mehr	_	_	_	
12-46	2636-2639	als	_	_	_	
12-47	2640-2644	groß	_	_	_	
12-48	2645-2650	genug	_	_	_	
12-49	2650-2651	,	_	_	_	
12-50	2652-2654	um	_	_	_	
12-51	2655-2659	eine	_	_	_	
12-52	2660-2670	bedeutende	_	_	_	
12-53	2671-2689	Gewichtsvermehrung	_	_	_	
12-54	2690-2692	zu	_	_	_	
12-55	2693-2704	veranlaſſen	_	_	_	
12-56	2704-2705	,	_	_	_	
12-57	2706-2709	und	_	_	_	
12-58	2710-2713	muß	_	_	_	
12-59	2714-2717	das	_	_	_	
12-60	2718-2727	Verfahren	_	_	_	
12-61	2728-2733	ſomit	_	_	_	
12-62	2734-2738	eine	_	_	_	
12-63	2739-2744	grobe	_	_	_	
12-64	2745-2754	Fälſchung	_	_	_	
12-65	2755-2762	genannt	_	_	_	
12-66	2763-2769	werden	_	_	_	
12-67	2769-2770	.	_	_	_	

#Text=Ferner dient ein
#Text=ſolcher Überzug häufig dazu, das Ausſehen von nicht gar gebranntem Kaffee
#Text=zu verdecken und durch dieſes Nichtgarbrennen wird wiederum ein Ge-
#Text=wichtsverluſt auf unreelle Weiſe vermieden.
13-1	2771-2777	Ferner	_	_	_	
13-2	2778-2783	dient	_	_	_	
13-3	2784-2787	ein	_	_	_	
13-4	2788-2795	ſolcher	_	_	_	
13-5	2796-2803	Überzug	_	_	_	
13-6	2804-2810	häufig	_	_	_	
13-7	2811-2815	dazu	_	_	_	
13-8	2815-2816	,	_	_	_	
13-9	2817-2820	das	_	_	_	
13-10	2821-2829	Ausſehen	_	_	_	
13-11	2830-2833	von	_	_	_	
13-12	2834-2839	nicht	_	_	_	
13-13	2840-2843	gar	_	_	_	
13-14	2844-2854	gebranntem	_	_	_	
13-15	2855-2861	Kaffee	_	_	_	
13-16	2862-2864	zu	_	_	_	
13-17	2865-2874	verdecken	_	_	_	
13-18	2875-2878	und	_	_	_	
13-19	2879-2884	durch	_	_	_	
13-20	2885-2891	dieſes	_	_	_	
13-21	2892-2907	Nichtgarbrennen	_	_	_	
13-22	2908-2912	wird	_	_	_	
13-23	2913-2921	wiederum	_	_	_	
13-24	2922-2925	ein	_	_	_	
13-25	2926-2928	Ge	_	_	_	
13-26	2928-2929	-	_	_	_	
13-27	2930-2943	wichtsverluſt	_	_	_	
13-28	2944-2947	auf	_	_	_	
13-29	2948-2956	unreelle	_	_	_	
13-30	2957-2962	Weiſe	_	_	_	
13-31	2963-2972	vermieden	_	_	_	
13-32	2972-2973	.	_	_	_	

#Text=Nun herrſcht leider noch
#Text=bei ſehr vielen Konſumenten die falſche Anſicht, daß ein Kaffee, der
#Text=
#Text=
#Text=Das Buch der Erfindungen.
14-1	2974-2977	Nun	_	_	_	
14-2	2978-2986	herrſcht	_	_	_	
14-3	2987-2993	leider	_	_	_	
14-4	2994-2998	noch	_	_	_	
14-5	2999-3002	bei	_	_	_	
14-6	3003-3007	ſehr	_	_	_	
14-7	3008-3014	vielen	_	_	_	
14-8	3015-3026	Konſumenten	_	_	_	
14-9	3027-3030	die	_	_	_	
14-10	3031-3038	falſche	_	_	_	
14-11	3039-3046	Anſicht	_	_	_	
14-12	3046-3047	,	_	_	_	
14-13	3048-3051	daß	_	_	_	
14-14	3052-3055	ein	_	_	_	
14-15	3056-3062	Kaffee	_	_	_	
14-16	3062-3063	,	_	_	_	
14-17	3064-3067	der	_	_	_	
14-18	3070-3073	Das	_	_	_	
14-19	3074-3078	Buch	_	_	_	
14-20	3079-3082	der	_	_	_	
14-21	3083-3094	Erfindungen	_	_	_	
14-22	3094-3095	.	_	_	_	
