#FORMAT=WebAnno TSV 3.3


#Text=Mersennus bekend, welke, een groote Briefwisseling met vele Geleerden
#Text=
#Text=in andere landen houdende, maakte, dat deze uitvinding door geheel Europa bekend
#Text=en verspreid wierd.
1-1	2-11	Mersennus	
1-2	12-18	bekend	
1-3	18-19	,	
1-4	20-25	welke	
1-5	25-26	,	
1-6	27-30	een	
1-7	31-37	groote	
1-8	38-52	Briefwisseling	
1-9	53-56	met	
1-10	57-61	vele	
1-11	62-71	Geleerden	
1-12	73-75	in	
1-13	76-82	andere	
1-14	83-89	landen	
1-15	90-98	houdende	
1-16	98-99	,	
1-17	100-106	maakte	
1-18	106-107	,	
1-19	108-111	dat	
1-20	112-116	deze	
1-21	117-127	uitvinding	
1-22	128-132	door	
1-23	133-139	geheel	
1-24	140-146	Europa	
1-25	147-153	bekend	
1-26	154-156	en	
1-27	157-166	verspreid	
1-28	167-172	wierd	
1-29	172-173	.	

#Text=Dit Weerglas toonde zeer klaar aan, dat de lucht zwaar, en in
#Text=evenwigt met het Kwikzilver was, want anderzins moest al de Kwik uit de
#Text=regtopstaande in de open pyp uitvloejen: maar de lucht op de Kwik in het bakje
#Text=drukkende, perst de Kwik hier uit in de pyp, tot dat de zwaarte van de Kwik met de
#Text=perssing der lucht in evenwigt zy.
2-1	174-177	Dit	
2-2	178-186	Weerglas	
2-3	187-193	toonde	
2-4	194-198	zeer	
2-5	199-204	klaar	
2-6	205-208	aan	
2-7	208-209	,	
2-8	210-213	dat	
2-9	214-216	de	
2-10	217-222	lucht	
2-11	223-228	zwaar	
2-12	228-229	,	
2-13	230-232	en	
2-14	233-235	in	
2-15	236-244	evenwigt	
2-16	245-248	met	
2-17	249-252	het	
2-18	253-263	Kwikzilver	
2-19	264-267	was	
2-20	267-268	,	
2-21	269-273	want	
2-22	274-283	anderzins	
2-23	284-289	moest	
2-24	290-292	al	
2-25	293-295	de	
2-26	296-300	Kwik	
2-27	301-304	uit	
2-28	305-307	de	
2-29	308-321	regtopstaande	
2-30	322-324	in	
2-31	325-327	de	
2-32	328-332	open	
2-33	333-336	pyp	
2-34	337-347	uitvloejen	
2-35	347-348	:	
2-36	349-353	maar	
2-37	354-356	de	
2-38	357-362	lucht	
2-39	363-365	op	
2-40	366-368	de	
2-41	369-373	Kwik	
2-42	374-376	in	
2-43	377-380	het	
2-44	381-386	bakje	
2-45	387-396	drukkende	
2-46	396-397	,	
2-47	398-403	perst	
2-48	404-406	de	
2-49	407-411	Kwik	
2-50	412-416	hier	
2-51	417-420	uit	
2-52	421-423	in	
2-53	424-426	de	
2-54	427-430	pyp	
2-55	430-431	,	
2-56	432-435	tot	
2-57	436-439	dat	
2-58	440-442	de	
2-59	443-450	zwaarte	
2-60	451-454	van	
2-61	455-457	de	
2-62	458-462	Kwik	
2-63	463-466	met	
2-64	467-469	de	
2-65	470-478	perssing	
2-66	479-482	der	
2-67	483-488	lucht	
2-68	489-491	in	
2-69	492-500	evenwigt	
2-70	501-503	zy	
2-71	503-504	.	

#Text=Dat dit besluit waar was, betoogde men aanstonds,
#Text=met dit Weerglas in een ander glas te sluiten; waar uit men lucht weerde, of wel
#Text=naderhand uitpompte;
#Text=ten eersten zag men dat dan al de Kwik uit de pyp liep;
#Text=en zo
#Text=ras de lucht wederom op de Kwik in het bakje perssen en werken mogt, rees de Kwik
#Text=in de pyp tot de vorige hoogte.
3-1	505-508	Dat	
3-2	509-512	dit	
3-3	513-520	besluit	
3-4	521-525	waar	
3-5	526-529	was	
3-6	529-530	,	
3-7	531-539	betoogde	
3-8	540-543	men	
3-9	544-553	aanstonds	
3-10	553-554	,	
3-11	555-558	met	
3-12	559-562	dit	
3-13	563-571	Weerglas	
3-14	572-574	in	
3-15	575-578	een	
3-16	579-584	ander	
3-17	585-589	glas	
3-18	590-592	te	
3-19	593-600	sluiten	
3-20	600-601	;	
3-21	602-606	waar	
3-22	607-610	uit	
3-23	611-614	men	
3-24	615-620	lucht	
3-25	621-627	weerde	
3-26	627-628	,	
3-27	629-631	of	
3-28	632-635	wel	
3-29	636-645	naderhand	
3-30	646-655	uitpompte	
3-31	655-656	;	
3-32	657-660	ten	
3-33	661-668	eersten	
3-34	669-672	zag	
3-35	673-676	men	
3-36	677-680	dat	
3-37	681-684	dan	
3-38	685-687	al	
3-39	688-690	de	
3-40	691-695	Kwik	
3-41	696-699	uit	
3-42	700-702	de	
3-43	703-706	pyp	
3-44	707-711	liep	
3-45	711-712	;	
3-46	713-715	en	
3-47	716-718	zo	
3-48	719-722	ras	
3-49	723-725	de	
3-50	726-731	lucht	
3-51	732-739	wederom	
3-52	740-742	op	
3-53	743-745	de	
3-54	746-750	Kwik	
3-55	751-753	in	
3-56	754-757	het	
3-57	758-763	bakje	
3-58	764-771	perssen	
3-59	772-774	en	
3-60	775-781	werken	
3-61	782-786	mogt	
3-62	786-787	,	
3-63	788-792	rees	
3-64	793-795	de	
3-65	796-800	Kwik	
3-66	801-803	in	
3-67	804-806	de	
3-68	807-810	pyp	
3-69	811-814	tot	
3-70	815-817	de	
3-71	818-824	vorige	
3-72	825-831	hoogte	
3-73	831-832	.	

#Text=Sommige Wysgeeren in Vrankryk, en naderhand in
#Text=andere landen, klommen met dit Weerglas op hooge bergen, waar door’er minder
#Text=lucht op de Kwik in het bakje stond re perssen;
#Text=zy bevonden ook dat de Kwik in de
#Text=pyp altoos lager stond, hoe zy hooger op de bergen klommen;
#Text=zo dat uit dit alles
#Text=zonneklaar bleek, dat de Lucht zwaar was, en wel net hoe zwaar zy was.
4-1	833-840	Sommige	
4-2	841-850	Wysgeeren	
4-3	851-853	in	
4-4	854-862	Vrankryk	
4-5	862-863	,	
4-6	864-866	en	
4-7	867-876	naderhand	
4-8	877-879	in	
4-9	880-886	andere	
4-10	887-893	landen	
4-11	893-894	,	
4-12	895-902	klommen	
4-13	903-906	met	
4-14	907-910	dit	
4-15	911-919	Weerglas	
4-16	920-922	op	
4-17	923-928	hooge	
4-18	929-935	bergen	
4-19	935-936	,	
4-20	937-941	waar	
4-21	942-946	door	
4-22	946-947	’	
4-23	947-949	er	
4-24	950-956	minder	
4-25	957-962	lucht	
4-26	963-965	op	
4-27	966-968	de	
4-28	969-973	Kwik	
4-29	974-976	in	
4-30	977-980	het	
4-31	981-986	bakje	
4-32	987-992	stond	
4-33	993-995	re	
4-34	996-1003	perssen	
4-35	1003-1004	;	
4-36	1005-1007	zy	
4-37	1008-1016	bevonden	
4-38	1017-1020	ook	
4-39	1021-1024	dat	
4-40	1025-1027	de	
4-41	1028-1032	Kwik	
4-42	1033-1035	in	
4-43	1036-1038	de	
4-44	1039-1042	pyp	
4-45	1043-1049	altoos	
4-46	1050-1055	lager	
4-47	1056-1061	stond	
4-48	1061-1062	,	
4-49	1063-1066	hoe	
4-50	1067-1069	zy	
4-51	1070-1076	hooger	
4-52	1077-1079	op	
4-53	1080-1082	de	
4-54	1083-1089	bergen	
4-55	1090-1097	klommen	
4-56	1097-1098	;	
4-57	1099-1101	zo	
4-58	1102-1105	dat	
4-59	1106-1109	uit	
4-60	1110-1113	dit	
4-61	1114-1119	alles	
4-62	1120-1130	zonneklaar	
4-63	1131-1136	bleek	
4-64	1136-1137	,	
4-65	1138-1141	dat	
4-66	1142-1144	de	
4-67	1145-1150	Lucht	
4-68	1151-1156	zwaar	
4-69	1157-1160	was	
4-70	1160-1161	,	
4-71	1162-1164	en	
4-72	1165-1168	wel	
4-73	1169-1172	net	
4-74	1173-1176	hoe	
4-75	1177-1182	zwaar	
4-76	1183-1185	zy	
4-77	1186-1189	was	
4-78	1189-1190	.	

#Text=De zwaarte der lucht wierdt van de Wysgeeren, aanhangers van Aristoteles, in
#Text=dien tyd hevig ontkend, zo dat door dit Werktuig dat soort van Wysbegeerte, geen
#Text=kleine krak kreeg.
5-1	1193-1195	De	
5-2	1196-1203	zwaarte	
5-3	1204-1207	der	
5-4	1208-1213	lucht	
5-5	1214-1220	wierdt	
5-6	1221-1224	van	
5-7	1225-1227	de	
5-8	1228-1237	Wysgeeren	
5-9	1237-1238	,	
5-10	1239-1249	aanhangers	
5-11	1250-1253	van	
5-12	1254-1265	Aristoteles	
5-13	1265-1266	,	
5-14	1267-1269	in	
5-15	1270-1274	dien	
5-16	1275-1278	tyd	
5-17	1279-1284	hevig	
5-18	1285-1292	ontkend	
5-19	1292-1293	,	
5-20	1294-1296	zo	
5-21	1297-1300	dat	
5-22	1301-1305	door	
5-23	1306-1309	dit	
5-24	1310-1318	Werktuig	
5-25	1319-1322	dat	
5-26	1323-1328	soort	
5-27	1329-1332	van	
5-28	1333-1344	Wysbegeerte	
5-29	1344-1345	,	
5-30	1346-1350	geen	
5-31	1351-1357	kleine	
5-32	1358-1362	krak	
5-33	1363-1368	kreeg	
5-34	1368-1369	.	

#Text=Het zeggen, dat de Lucht zwaar was, van den Grooten Gallileus,
#Text=tegen wien de verwoede vervolgingen der Aristotelischen nog te vers in het geheugen
#Text=waren, werd nu voor het oog bevestigd, en ontegenzeggelyk bewezen.
6-1	1370-1373	Het	
6-2	1374-1380	zeggen	
6-3	1380-1381	,	
6-4	1382-1385	dat	
6-5	1386-1388	de	
6-6	1389-1394	Lucht	
6-7	1395-1400	zwaar	
6-8	1401-1404	was	
6-9	1404-1405	,	
6-10	1406-1409	van	
6-11	1410-1413	den	
6-12	1414-1421	Grooten	
6-13	1422-1431	Gallileus	
6-14	1431-1432	,	
6-15	1433-1438	tegen	
6-16	1439-1443	wien	
6-17	1444-1446	de	
6-18	1447-1455	verwoede	
6-19	1456-1468	vervolgingen	
6-20	1469-1472	der	
6-21	1473-1488	Aristotelischen	
6-22	1489-1492	nog	
6-23	1493-1495	te	
6-24	1496-1500	vers	
6-25	1501-1503	in	
6-26	1504-1507	het	
6-27	1508-1516	geheugen	
6-28	1517-1522	waren	
6-29	1522-1523	,	
6-30	1524-1528	werd	
6-31	1529-1531	nu	
6-32	1532-1536	voor	
6-33	1537-1540	het	
6-34	1541-1544	oog	
6-35	1545-1554	bevestigd	
6-36	1554-1555	,	
6-37	1556-1558	en	
6-38	1559-1574	ontegenzeggelyk	
6-39	1575-1582	bewezen	
6-40	1582-1583	.	

#Text=De wonderlyke
#Text=verschynsels ontrent de veranderingen in de hoogte van de Kwik in de pyp op
#Text=vesscheide tyden: en de vaste gevolgen en besluiten, dat in het holle deel der pyp
#Text=boven het Kwikzilver geen lucht kon zyn, maar dat daar noodzakelyk een Ydel moest
#Text=wezen, het welk ook van Aristoteles ontkend was, zettede de Geleerden aan, om
#Text=nieuwe ontdekkingen te doen, om het slaafsche juk van te moeten blyven by het geen
#Text=Aristoteles, of zyne aanhangers slegts gezegd hadden, af te schudden, en om de
#Text=Natuur en hare werkingen zelf na te gaan; waar door het Weerglas een voorname
#Text=
#Text=M.
7-1	1584-1586	De	
7-2	1587-1597	wonderlyke	
7-3	1598-1610	verschynsels	
7-4	1611-1618	ontrent	
7-5	1619-1621	de	
7-6	1622-1635	veranderingen	
7-7	1636-1638	in	
7-8	1639-1641	de	
7-9	1642-1648	hoogte	
7-10	1649-1652	van	
7-11	1653-1655	de	
7-12	1656-1660	Kwik	
7-13	1661-1663	in	
7-14	1664-1666	de	
7-15	1667-1670	pyp	
7-16	1671-1673	op	
7-17	1674-1684	vesscheide	
7-18	1685-1690	tyden	
7-19	1690-1691	:	
7-20	1692-1694	en	
7-21	1695-1697	de	
7-22	1698-1703	vaste	
7-23	1704-1712	gevolgen	
7-24	1713-1715	en	
7-25	1716-1725	besluiten	
7-26	1725-1726	,	
7-27	1727-1730	dat	
7-28	1731-1733	in	
7-29	1734-1737	het	
7-30	1738-1743	holle	
7-31	1744-1748	deel	
7-32	1749-1752	der	
7-33	1753-1756	pyp	
7-34	1757-1762	boven	
7-35	1763-1766	het	
7-36	1767-1777	Kwikzilver	
7-37	1778-1782	geen	
7-38	1783-1788	lucht	
7-39	1789-1792	kon	
7-40	1793-1796	zyn	
7-41	1796-1797	,	
7-42	1798-1802	maar	
7-43	1803-1806	dat	
7-44	1807-1811	daar	
7-45	1812-1823	noodzakelyk	
7-46	1824-1827	een	
7-47	1828-1832	Ydel	
7-48	1833-1838	moest	
7-49	1839-1844	wezen	
7-50	1844-1845	,	
7-51	1846-1849	het	
7-52	1850-1854	welk	
7-53	1855-1858	ook	
7-54	1859-1862	van	
7-55	1863-1874	Aristoteles	
7-56	1875-1882	ontkend	
7-57	1883-1886	was	
7-58	1886-1887	,	
7-59	1888-1895	zettede	
7-60	1896-1898	de	
7-61	1899-1908	Geleerden	
7-62	1909-1912	aan	
7-63	1912-1913	,	
7-64	1914-1916	om	
7-65	1917-1923	nieuwe	
7-66	1924-1936	ontdekkingen	
7-67	1937-1939	te	
7-68	1940-1944	doen	
7-69	1944-1945	,	
7-70	1946-1948	om	
7-71	1949-1952	het	
7-72	1953-1962	slaafsche	
7-73	1963-1966	juk	
7-74	1967-1970	van	
7-75	1971-1973	te	
7-76	1974-1980	moeten	
7-77	1981-1987	blyven	
7-78	1988-1990	by	
7-79	1991-1994	het	
7-80	1995-1999	geen	
7-81	2000-2011	Aristoteles	
7-82	2011-2012	,	
7-83	2013-2015	of	
7-84	2016-2020	zyne	
7-85	2021-2031	aanhangers	
7-86	2032-2038	slegts	
7-87	2039-2045	gezegd	
7-88	2046-2052	hadden	
7-89	2052-2053	,	
7-90	2054-2056	af	
7-91	2057-2059	te	
7-92	2060-2068	schudden	
7-93	2068-2069	,	
7-94	2070-2072	en	
7-95	2073-2075	om	
7-96	2076-2078	de	
7-97	2079-2085	Natuur	
7-98	2086-2088	en	
7-99	2089-2093	hare	
7-100	2094-2103	werkingen	
7-101	2104-2108	zelf	
7-102	2109-2111	na	
7-103	2112-2114	te	
7-104	2115-2119	gaan	
7-105	2119-2120	;	
7-106	2121-2125	waar	
7-107	2126-2130	door	
7-108	2131-2134	het	
7-109	2135-2143	Weerglas	
7-110	2144-2147	een	
7-111	2148-2156	voorname	
7-112	2158-2159	M	
7-113	2159-2160	.	

#Text=Noel Chomel, Huishoudelyk woordboek
#Text=
#Text=\foorzaak van de verbeteringen en voortzettingen niet alleen der Natuurkunde, maar
#Text=van de gantse Wysbegeerte geworden is, welke nu door de treffelyke Newton en
#Text=Locke tot een hoogen trap gekomen, en op vaste gronden gebragt is.
8-1	2161-2165	Noel	
8-2	2166-2172	Chomel	
8-3	2172-2173	,	
8-4	2174-2186	Huishoudelyk	
8-5	2187-2196	woordboek	
8-6	2199-2206	oorzaak	
8-7	2207-2210	van	
8-8	2211-2213	de	
8-9	2214-2227	verbeteringen	
8-10	2228-2230	en	
8-11	2231-2245	voortzettingen	
8-12	2246-2250	niet	
8-13	2251-2257	alleen	
8-14	2258-2261	der	
8-15	2262-2273	Natuurkunde	
8-16	2273-2274	,	
8-17	2275-2279	maar	
8-18	2280-2283	van	
8-19	2284-2286	de	
8-20	2287-2293	gantse	
8-21	2294-2305	Wysbegeerte	
8-22	2306-2314	geworden	
8-23	2315-2317	is	
8-24	2317-2318	,	
8-25	2319-2324	welke	
8-26	2325-2327	nu	
8-27	2328-2332	door	
8-28	2333-2335	de	
8-29	2336-2346	treffelyke	
8-30	2347-2353	Newton	
8-31	2354-2356	en	
8-32	2357-2362	Locke	
8-33	2363-2366	tot	
8-34	2367-2370	een	
8-35	2371-2377	hoogen	
8-36	2378-2382	trap	
8-37	2383-2390	gekomen	
8-38	2390-2391	,	
8-39	2392-2394	en	
8-40	2395-2397	op	
8-41	2398-2403	vaste	
8-42	2404-2411	gronden	
8-43	2412-2419	gebragt	
8-44	2420-2422	is	
8-45	2422-2423	.	

#Text=Men begon in Italien en Vrankryk verscheide soorten van lighamen in het bovenste
#Text=van de Kwikpyp te sluiten, om de veranderingen te onderzoeken, welke dezelke, in
#Text=het Ydel komende, ondergaan zouden, of wat voor verschynsels’er dan mogten
#Text=voorkomen:
#Text=de grote moeiten, welke men om dit te doen, ontmoette, heeft de eerste
#Text=gelegentheid tot het uitdenken en maken van Luchtpompen gegeven.
9-1	2426-2429	Men	
9-2	2430-2435	begon	
9-3	2436-2438	in	
9-4	2439-2446	Italien	
9-5	2447-2449	en	
9-6	2450-2458	Vrankryk	
9-7	2459-2469	verscheide	
9-8	2470-2477	soorten	
9-9	2478-2481	van	
9-10	2482-2490	lighamen	
9-11	2491-2493	in	
9-12	2494-2497	het	
9-13	2498-2506	bovenste	
9-14	2507-2510	van	
9-15	2511-2513	de	
9-16	2514-2521	Kwikpyp	
9-17	2522-2524	te	
9-18	2525-2532	sluiten	
9-19	2532-2533	,	
9-20	2534-2536	om	
9-21	2537-2539	de	
9-22	2540-2553	veranderingen	
9-23	2554-2556	te	
9-24	2557-2568	onderzoeken	
9-25	2568-2569	,	
9-26	2570-2575	welke	
9-27	2576-2583	dezelke	
9-28	2583-2584	,	
9-29	2585-2587	in	
9-30	2588-2591	het	
9-31	2592-2596	Ydel	
9-32	2597-2604	komende	
9-33	2604-2605	,	
9-34	2606-2615	ondergaan	
9-35	2616-2622	zouden	
9-36	2622-2623	,	
9-37	2624-2626	of	
9-38	2627-2630	wat	
9-39	2631-2635	voor	
9-40	2636-2648	verschynsels	
9-41	2648-2649	’	
9-42	2649-2651	er	
9-43	2652-2655	dan	
9-44	2656-2662	mogten	
9-45	2663-2672	voorkomen	
9-46	2672-2673	:	
9-47	2674-2676	de	
9-48	2677-2682	grote	
9-49	2683-2690	moeiten	
9-50	2690-2691	,	
9-51	2692-2697	welke	
9-52	2698-2701	men	
9-53	2702-2704	om	
9-54	2705-2708	dit	
9-55	2709-2711	te	
9-56	2712-2716	doen	
9-57	2716-2717	,	
9-58	2718-2727	ontmoette	
9-59	2727-2728	,	
9-60	2729-2734	heeft	
9-61	2735-2737	de	
9-62	2738-2744	eerste	
9-63	2745-2757	gelegentheid	
9-64	2758-2761	tot	
9-65	2762-2765	het	
9-66	2766-2775	uitdenken	
9-67	2776-2778	en	
9-68	2779-2784	maken	
9-69	2785-2788	van	
9-70	2789-2800	Luchtpompen	
9-71	2801-2808	gegeven	
9-72	2808-2809	.	

#Text=Het Kwikzilver klimt in het Weerglas op verscheide tyden tot verscheide hoogten.
10-1	2812-2815	Het	
10-2	2816-2826	Kwikzilver	
10-3	2827-2832	klimt	
10-4	2833-2835	in	
10-5	2836-2839	het	
10-6	2840-2848	Weerglas	
10-7	2849-2851	op	
10-8	2852-2862	verscheide	
10-9	2863-2868	tyden	
10-10	2869-2872	tot	
10-11	2873-2883	verscheide	
10-12	2884-2891	hoogten	
10-13	2891-2892	.	

#Text=Alhier in Nederland heeft men de grootste laagte bespeurt op 27 en een zesde
#Text=Rhynlandse duimen, en de grootste hoogte op 29 en drievierde duimen;
#Text=zo dat de
#Text=gantse verandering van het Kwikzilver in een gemeen Weerglas, tot nog toe, binnen
#Text=de palen van 3 duimen gebleven is.
11-1	2894-2900	Alhier	
11-2	2901-2903	in	
11-3	2904-2913	Nederland	
11-4	2914-2919	heeft	
11-5	2920-2923	men	
11-6	2924-2926	de	
11-7	2927-2935	grootste	
11-8	2936-2942	laagte	
11-9	2943-2951	bespeurt	
11-10	2952-2954	op	
11-11	2955-2957	27	
11-12	2958-2960	en	
11-13	2961-2964	een	
11-14	2965-2970	zesde	
11-15	2971-2981	Rhynlandse	
11-16	2982-2988	duimen	
11-17	2988-2989	,	
11-18	2990-2992	en	
11-19	2993-2995	de	
11-20	2996-3004	grootste	
11-21	3005-3011	hoogte	
11-22	3012-3014	op	
11-23	3015-3017	29	
11-24	3018-3020	en	
11-25	3021-3031	drievierde	
11-26	3032-3038	duimen	
11-27	3038-3039	;	
11-28	3040-3042	zo	
11-29	3043-3046	dat	
11-30	3047-3049	de	
11-31	3050-3056	gantse	
11-32	3057-3068	verandering	
11-33	3069-3072	van	
11-34	3073-3076	het	
11-35	3077-3087	Kwikzilver	
11-36	3088-3090	in	
11-37	3091-3094	een	
11-38	3095-3101	gemeen	
11-39	3102-3110	Weerglas	
11-40	3110-3111	,	
11-41	3112-3115	tot	
11-42	3116-3119	nog	
11-43	3120-3123	toe	
11-44	3123-3124	,	
11-45	3125-3131	binnen	
11-46	3132-3134	de	
11-47	3135-3140	palen	
11-48	3141-3144	van	
11-49	3145-3146	3	
11-50	3147-3153	duimen	
11-51	3154-3162	gebleven	
11-52	3163-3165	is	
11-53	3165-3166	.	
