#FORMAT=WebAnno TSV 3.3
#T_SP=custom.Span|label
#T_RL=custom.Relation|label|BT_custom.Span


#Text=Zucker, praͤparirten orientaliſchen
#Text=
#Text=
#Text=Perlen, gelben Sandel, dem beſten
#Text=Zimmt, praͤparirten Aſurſtein und
#Text=Goldblaͤttlein gemacht iſt, incorporiret
#Text=und vermiſchet worden, alsdann wird
#Text=daraus ein Opiatum oder Electuarium li-
#Text=quidum, unter dem Titel Confectio Al-
#Text=
#Text=kermes.
1-1	0-6	Zucker	_	_	_	
1-2	6-7	,	_	_	_	
1-3	8-20	praͤparirten	_	_	_	
1-4	21-35	orientaliſchen	_	_	_	
1-5	38-44	Perlen	_	_	_	
1-6	44-45	,	_	_	_	
1-7	46-52	gelben	_	_	_	
1-8	53-59	Sandel	_	_	_	
1-9	59-60	,	_	_	_	
1-10	61-64	dem	_	_	_	
1-11	65-71	beſten	_	_	_	
1-12	72-77	Zimmt	_	_	_	
1-13	77-78	,	_	_	_	
1-14	79-91	praͤparirten	_	_	_	
1-15	92-101	Aſurſtein	_	_	_	
1-16	102-105	und	_	_	_	
1-17	106-120	Goldblaͤttlein	_	_	_	
1-18	121-128	gemacht	_	_	_	
1-19	129-132	iſt	_	_	_	
1-20	132-133	,	_	_	_	
1-21	134-146	incorporiret	_	_	_	
1-22	147-150	und	_	_	_	
1-23	151-161	vermiſchet	_	_	_	
1-24	162-168	worden	_	_	_	
1-25	168-169	,	_	_	_	
1-26	170-177	alsdann	_	_	_	
1-27	178-182	wird	_	_	_	
1-28	183-189	daraus	_	_	_	
1-29	190-193	ein	_	_	_	
1-30	194-201	Opiatum	_	_	_	
1-31	202-206	oder	_	_	_	
1-32	207-218	Electuarium	_	_	_	
1-33	219-221	li	_	_	_	
1-34	221-222	-	_	_	_	
1-35	223-229	quidum	_	_	_	
1-36	229-230	,	_	_	_	
1-37	231-236	unter	_	_	_	
1-38	237-240	dem	_	_	_	
1-39	241-246	Titel	_	_	_	
1-40	247-256	Confectio	_	_	_	
1-41	257-259	Al	_	_	_	
1-42	259-260	-	_	_	_	
1-43	262-268	kermes	_	_	_	
1-44	268-269	.	_	_	_	

#Text=C 3
#Text=\f
#Text=[
#Text=0054
#Text=]
#Text=
#Text=
#Text=Der Spezereyen und Materialien
#Text=
#Text=
#Text=kermes.
2-1	273-274	C	_	_	_	
2-2	275-276	3	_	_	_	
2-3	279-280	[	_	_	_	
2-4	281-285	0054	_	_	_	
2-5	286-287	]	_	_	_	
2-6	290-293	Der	_	_	_	
2-7	294-304	Spezereyen	_	_	_	
2-8	305-308	und	_	_	_	
2-9	309-320	Materialien	_	_	_	
2-10	323-329	kermes	_	_	_	
2-11	329-330	.	_	_	_	

#Text=Etliche thun Ambra und Bi-
#Text=ſam dazu, welches aber nur mit Gut-
#Text=befinden gelehrter Medicorum geſchehen
#Text=
#Text=ſoll, indem dergleichen wohlriechende
#Text=Dinge denen meiſten Weibsperſonen
#Text=
#Text=zuwider ſind.
3-1	331-338	Etliche	_	_	_	
3-2	339-343	thun	_	_	_	
3-3	344-349	Ambra	_	_	_	
3-4	350-353	und	_	_	_	
3-5	354-356	Bi	_	_	_	
3-6	356-357	-	_	_	_	
3-7	358-361	ſam	_	_	_	
3-8	362-366	dazu	_	_	_	
3-9	366-367	,	_	_	_	
3-10	368-375	welches	_	_	_	
3-11	376-380	aber	_	_	_	
3-12	381-384	nur	_	_	_	
3-13	385-388	mit	_	_	_	
3-14	389-392	Gut	_	_	_	
3-15	392-393	-	_	_	_	
3-16	394-402	befinden	_	_	_	
3-17	403-412	gelehrter	_	_	_	
3-18	413-422	Medicorum	_	_	_	
3-19	423-432	geſchehen	_	_	_	
3-20	434-438	ſoll	_	_	_	
3-21	438-439	,	_	_	_	
3-22	440-445	indem	_	_	_	
3-23	446-457	dergleichen	_	_	_	
3-24	458-471	wohlriechende	Smell\_Word[1]|Quality[2]	*|*|*	3-24[2_1]|3-25[0_1]|3-26[3_1]	
3-25	472-477	Dinge	Smell\_Source	_	_	
3-26	478-483	denen	Effect[3]	_	_	
3-27	484-491	meiſten	Effect[3]	_	_	
3-28	492-505	Weibsperſonen	Effect[3]	_	_	
3-29	507-514	zuwider	Effect[3]	_	_	
3-30	515-519	ſind	Effect[3]	_	_	
3-31	519-520	.	_	_	_	

#Text=Wer ſie bereiten will,
#Text=der mag die Pharmacopoeas, oder diejeni-
#Text=gen Buͤcher nachſchlagen, welche lehren,
#Text=wie die Artzneyen zuzurichten, und
#Text=auch von dieſer compoſition handeln.
4-1	521-524	Wer	_	_	_	
4-2	525-528	ſie	_	_	_	
4-3	529-537	bereiten	_	_	_	
4-4	538-542	will	_	_	_	
4-5	542-543	,	_	_	_	
4-6	544-547	der	_	_	_	
4-7	548-551	mag	_	_	_	
4-8	552-555	die	_	_	_	
4-9	556-569	Pharmacopoeas	_	_	_	
4-10	569-570	,	_	_	_	
4-11	571-575	oder	_	_	_	
4-12	576-583	diejeni	_	_	_	
4-13	583-584	-	_	_	_	
4-14	585-588	gen	_	_	_	
4-15	589-596	Buͤcher	_	_	_	
4-16	597-609	nachſchlagen	_	_	_	
4-17	609-610	,	_	_	_	
4-18	611-617	welche	_	_	_	
4-19	618-624	lehren	_	_	_	
4-20	624-625	,	_	_	_	
4-21	626-629	wie	_	_	_	
4-22	630-633	die	_	_	_	
4-23	634-643	Artzneyen	_	_	_	
4-24	644-655	zuzurichten	_	_	_	
4-25	655-656	,	_	_	_	
4-26	657-660	und	_	_	_	
4-27	661-665	auch	_	_	_	
4-28	666-669	von	_	_	_	
4-29	670-676	dieſer	_	_	_	
4-30	677-688	compoſition	_	_	_	
4-31	689-696	handeln	_	_	_	
4-32	696-697	.	_	_	_	

#Text=Wir verſchreiben ſie von Montpellier/
#Text=
#Text=woſelbſt die beſte gemacht wird, dieweil
#Text=der Syrup allda viel beſſer und friſcher
#Text=zu bekommen iſt, als an andern Orten,
#Text=dahin er verfuͤhret wird.
5-1	699-702	Wir	_	_	_	
5-2	703-715	verſchreiben	_	_	_	
5-3	716-719	ſie	_	_	_	
5-4	720-723	von	_	_	_	
5-5	724-735	Montpellier	_	_	_	
5-6	735-736	/	_	_	_	
5-7	738-746	woſelbſt	_	_	_	
5-8	747-750	die	_	_	_	
5-9	751-756	beſte	_	_	_	
5-10	757-764	gemacht	_	_	_	
5-11	765-769	wird	_	_	_	
5-12	769-770	,	_	_	_	
5-13	771-778	dieweil	_	_	_	
5-14	779-782	der	_	_	_	
5-15	783-788	Syrup	_	_	_	
5-16	789-794	allda	_	_	_	
5-17	795-799	viel	_	_	_	
5-18	800-806	beſſer	_	_	_	
5-19	807-810	und	_	_	_	
5-20	811-819	friſcher	_	_	_	
5-21	820-822	zu	_	_	_	
5-22	823-831	bekommen	_	_	_	
5-23	832-835	iſt	_	_	_	
5-24	835-836	,	_	_	_	
5-25	837-840	als	_	_	_	
5-26	841-843	an	_	_	_	
5-27	844-850	andern	_	_	_	
5-28	851-856	Orten	_	_	_	
5-29	856-857	,	_	_	_	
5-30	858-863	dahin	_	_	_	
5-31	864-866	er	_	_	_	
5-32	867-877	verfuͤhret	_	_	_	
5-33	878-882	wird	_	_	_	
5-34	882-883	.	_	_	_	

#Text=Auch huͤte
#Text=man ſich, und kauffe ſie bey Leibe nicht
#Text=bey ſolchen Leuten, welche dergleichen
#Text=Spezereyen verkauffen, die ihm kein ehr-
#Text=licher Menſch einbilden ſoll, ja die nicht
#Text=werth ſind, daß ſie iemand in ſeinen Leib
#Text=einnehme: und ſolcher unnuͤtzen
#Text=Leute
#Text=
#Text=finden ſich gar viel, welche die Confectio
#Text=Alkermes machen, und ſelbige ſpottwohl-
#Text=feil verkauffen, da doch ſonſten zwey Un-
#Text=tzen hoͤher kommen, als ſie ein gantzes
#Text=Pfund geben.
6-1	884-888	Auch	_	_	_	
6-2	889-894	huͤte	_	_	_	
6-3	895-898	man	_	_	_	
6-4	899-903	ſich	_	_	_	
6-5	903-904	,	_	_	_	
6-6	905-908	und	_	_	_	
6-7	909-915	kauffe	_	_	_	
6-8	916-919	ſie	_	_	_	
6-9	920-923	bey	_	_	_	
6-10	924-929	Leibe	_	_	_	
6-11	930-935	nicht	_	_	_	
6-12	936-939	bey	_	_	_	
6-13	940-947	ſolchen	_	_	_	
6-14	948-954	Leuten	_	_	_	
6-15	954-955	,	_	_	_	
6-16	956-962	welche	_	_	_	
6-17	963-974	dergleichen	_	_	_	
6-18	975-985	Spezereyen	_	_	_	
6-19	986-996	verkauffen	_	_	_	
6-20	996-997	,	_	_	_	
6-21	998-1001	die	_	_	_	
6-22	1002-1005	ihm	_	_	_	
6-23	1006-1010	kein	_	_	_	
6-24	1011-1014	ehr	_	_	_	
6-25	1014-1015	-	_	_	_	
6-26	1016-1022	licher	_	_	_	
6-27	1023-1029	Menſch	_	_	_	
6-28	1030-1039	einbilden	_	_	_	
6-29	1040-1044	ſoll	_	_	_	
6-30	1044-1045	,	_	_	_	
6-31	1046-1048	ja	_	_	_	
6-32	1049-1052	die	_	_	_	
6-33	1053-1058	nicht	_	_	_	
6-34	1059-1064	werth	_	_	_	
6-35	1065-1069	ſind	_	_	_	
6-36	1069-1070	,	_	_	_	
6-37	1071-1074	daß	_	_	_	
6-38	1075-1078	ſie	_	_	_	
6-39	1079-1085	iemand	_	_	_	
6-40	1086-1088	in	_	_	_	
6-41	1089-1095	ſeinen	_	_	_	
6-42	1096-1100	Leib	_	_	_	
6-43	1101-1109	einnehme	_	_	_	
6-44	1109-1110	:	_	_	_	
6-45	1111-1114	und	_	_	_	
6-46	1115-1122	ſolcher	_	_	_	
6-47	1123-1132	unnuͤtzen	_	_	_	
6-48	1133-1138	Leute	_	_	_	
6-49	1140-1146	finden	_	_	_	
6-50	1147-1151	ſich	_	_	_	
6-51	1152-1155	gar	_	_	_	
6-52	1156-1160	viel	_	_	_	
6-53	1160-1161	,	_	_	_	
6-54	1162-1168	welche	_	_	_	
6-55	1169-1172	die	_	_	_	
6-56	1173-1182	Confectio	_	_	_	
6-57	1183-1191	Alkermes	_	_	_	
6-58	1192-1198	machen	_	_	_	
6-59	1198-1199	,	_	_	_	
6-60	1200-1203	und	_	_	_	
6-61	1204-1211	ſelbige	_	_	_	
6-62	1212-1221	ſpottwohl	_	_	_	
6-63	1221-1222	-	_	_	_	
6-64	1223-1227	feil	_	_	_	
6-65	1228-1238	verkauffen	_	_	_	
6-66	1238-1239	,	_	_	_	
6-67	1240-1242	da	_	_	_	
6-68	1243-1247	doch	_	_	_	
6-69	1248-1255	ſonſten	_	_	_	
6-70	1256-1260	zwey	_	_	_	
6-71	1261-1263	Un	_	_	_	
6-72	1263-1264	-	_	_	_	
6-73	1265-1269	tzen	_	_	_	
6-74	1270-1276	hoͤher	_	_	_	
6-75	1277-1283	kommen	_	_	_	
6-76	1283-1284	,	_	_	_	
6-77	1285-1288	als	_	_	_	
6-78	1289-1292	ſie	_	_	_	
6-79	1293-1296	ein	_	_	_	
6-80	1297-1304	gantzes	_	_	_	
6-81	1305-1310	Pfund	_	_	_	
6-82	1311-1316	geben	_	_	_	
6-83	1316-1317	.	_	_	_	

#Text=Damit ſie aber ihren
#Text=Betrug deſto beſſer beſcheinigen moͤgen,
#Text=derohalben thun ſie dieſelbe in ſaubere
#Text=ſteinerne Buͤchſen, und kleben Zettel
#Text=
#Text=dran, mit der Aufſchrifft Confectio Al-
#Text=kermes von Montpellier;
7-1	1318-1323	Damit	_	_	_	
7-2	1324-1327	ſie	_	_	_	
7-3	1328-1332	aber	_	_	_	
7-4	1333-1338	ihren	_	_	_	
7-5	1339-1345	Betrug	_	_	_	
7-6	1346-1351	deſto	_	_	_	
7-7	1352-1358	beſſer	_	_	_	
7-8	1359-1371	beſcheinigen	_	_	_	
7-9	1372-1378	moͤgen	_	_	_	
7-10	1378-1379	,	_	_	_	
7-11	1380-1390	derohalben	_	_	_	
7-12	1391-1395	thun	_	_	_	
7-13	1396-1399	ſie	_	_	_	
7-14	1400-1408	dieſelbe	_	_	_	
7-15	1409-1411	in	_	_	_	
7-16	1412-1419	ſaubere	_	_	_	
7-17	1420-1429	ſteinerne	_	_	_	
7-18	1430-1438	Buͤchſen	_	_	_	
7-19	1438-1439	,	_	_	_	
7-20	1440-1443	und	_	_	_	
7-21	1444-1450	kleben	_	_	_	
7-22	1451-1457	Zettel	_	_	_	
7-23	1459-1463	dran	_	_	_	
7-24	1463-1464	,	_	_	_	
7-25	1465-1468	mit	_	_	_	
7-26	1469-1472	der	_	_	_	
7-27	1473-1484	Aufſchrifft	_	_	_	
7-28	1485-1494	Confectio	_	_	_	
7-29	1495-1497	Al	_	_	_	
7-30	1497-1498	-	_	_	_	
7-31	1499-1505	kermes	_	_	_	
7-32	1506-1509	von	_	_	_	
7-33	1510-1521	Montpellier	_	_	_	
7-34	1521-1522	;	_	_	_	
