{"_context" : {
    "_types" : {
      "DocumentMetaData" : {
        "_feature_types" : {"sofa" : "_ref" } }, 
      "Relation" : {
        "_feature_types" : {"sofa" : "_ref",  "Dependent" : "_ref",  "Governor" : "_ref" } }, 
      "Sentence" : {
        "_feature_types" : {"sofa" : "_ref" } }, 
      "Sofa" : {
        "_feature_types" : {"sofaArray" : "_ref" } }, 
      "Span" : {
        "_feature_types" : {"sofa" : "_ref" } }, 
      "TagsetDescription" : {
        "_feature_types" : {"sofa" : "_ref",  "tags" : "_ref" } }, 
      "Token" : {
        "_feature_types" : {"sofa" : "_ref",  "parent" : "_ref",  "lemma" : "_ref",  "stem" : "_ref",  "pos" : "_ref",  "morph" : "_ref",  "form" : "_ref" } }, 
      "DocumentAnnotation" : {
        "_feature_types" : {"sofa" : "_ref" }, 
        "_subtypes" : ["DocumentMetaData" ] }, 
      "Annotation" : {
        "_feature_types" : {"sofa" : "_ref" }, 
        "_subtypes" : ["DocumentAnnotation",  "Relation",  "Sentence",  "Span",  "TagsetDescription",  "Token" ] }, 
      "AnnotationBase" : {
        "_feature_types" : {"sofa" : "_ref" }, 
        "_subtypes" : ["Annotation" ] }, 
      "TOP" : {
        "_subtypes" : ["AnnotationBase",  "Sofa" ] } } }, 
  "_views" : {
    "_InitialView" : {
      "Relation" : [
        {"sofa" : 1,  "begin" : 23,  "end" : 30,  "Dependent" : 3192,  "Governor" : 3197 }, 
        {"sofa" : 1,  "begin" : 283,  "end" : 285,  "Dependent" : 3238,  "Governor" : 3197,  "label" : "Anaphoric" }, 
        {"sofa" : 1,  "begin" : 298,  "end" : 305,  "Dependent" : 3209,  "Governor" : 3214 }, 
        {"sofa" : 1,  "begin" : 298,  "end" : 305,  "Dependent" : 3209,  "Governor" : 3226 }, 
        {"sofa" : 1,  "begin" : 298,  "end" : 305,  "Dependent" : 3209,  "Governor" : 3238 }, 
        {"sofa" : 1,  "begin" : 588,  "end" : 595,  "Dependent" : 3257,  "Governor" : 3262 }, 
        {"sofa" : 1,  "begin" : 625,  "end" : 630,  "Dependent" : 3274,  "Governor" : 3279 }, 
        {"sofa" : 1,  "begin" : 726,  "end" : 734,  "Dependent" : 3291,  "Governor" : 3306 }, 
        {"sofa" : 1,  "begin" : 726,  "end" : 734,  "Dependent" : 3291,  "Governor" : 3296 }, 
        {"sofa" : 1,  "begin" : 726,  "end" : 734,  "Dependent" : 3291,  "Governor" : 3301 }, 
        {"sofa" : 1,  "begin" : 726,  "end" : 734,  "Dependent" : 3291,  "Governor" : 3332 }, 
        {"sofa" : 1,  "begin" : 812,  "end" : 817,  "Dependent" : 3344,  "Governor" : 3361 }, 
        {"sofa" : 1,  "begin" : 858,  "end" : 871,  "Dependent" : 3373,  "Governor" : 3378 }, 
        {"sofa" : 1,  "begin" : 858,  "end" : 871,  "Dependent" : 3373,  "Governor" : 3383 }, 
        {"sofa" : 1,  "begin" : 1035,  "end" : 1044,  "Dependent" : 3402,  "Governor" : 3412 }, 
        {"sofa" : 1,  "begin" : 1073,  "end" : 1078,  "Dependent" : 3429,  "Governor" : 3434 } ], 
      "Span" : [3197,  3192,  3238,  3226,  3209,  3214,  3262,  3257,  3274,  3279,  3306,  3296,  3301,  3291,  3332,  3344,  3361,  3373,  3378,  3383,  3402,  3412, 
        {"sofa" : 1,  "begin" : 1061,  "end" : 1066,  "label" : "Smell_Word" },  3429,  3434 ], 
      "DocumentMetaData" : [
        {"sofa" : 1,  "end" : 1219,  "language" : "x-unspecified",  "documentTitle" : "065E%20Ernest%20J%20Parry%201925%20Parry's%20Cyclopedia%20of%20Perfumery__1321_distribution_PER.txt",  "documentId" : "teresa",  "documentUri" : "file:/home/dhuser/alessio/inception/repository/project/29/document/10782/source/teresa",  "collectionId" : "file:/home/dhuser/alessio/inception/repository/project/29/document/10782/source/",  "documentBaseUri" : "file:/home/dhuser/alessio/inception/repository/project/29/document/10782/source/",  "isLastSegment" : false } ], 
      "TagsetDescription" : [
        {"sofa" : 1,  "layer" : "webanno.custom.Emotions",  "name" : "Emotion Labels",  "input" : false }, 
        {"sofa" : 1,  "layer" : "custom.Relation",  "name" : "Relation labels",  "input" : false }, 
        {"sofa" : 1,  "layer" : "custom.Span",  "name" : "Smell labels",  "input" : false } ], 
      "Sentence" : [
        {"sofa" : 1,  "begin" : 1,  "end" : 210 }, 
        {"sofa" : 1,  "begin" : 211,  "end" : 282 }, 
        {"sofa" : 1,  "begin" : 283,  "end" : 551 }, 
        {"sofa" : 1,  "begin" : 553,  "end" : 647 }, 
        {"sofa" : 1,  "begin" : 648,  "end" : 807 }, 
        {"sofa" : 1,  "begin" : 808,  "end" : 972 }, 
        {"sofa" : 1,  "begin" : 973,  "end" : 1067 }, 
        {"sofa" : 1,  "begin" : 1068,  "end" : 1217 } ], 
      "Token" : [
        {"sofa" : 1,  "begin" : 1,  "end" : 8 }, 
        {"sofa" : 1,  "begin" : 9,  "end" : 14 }, 
        {"sofa" : 1,  "begin" : 14,  "end" : 15 }, 
        {"sofa" : 1,  "begin" : 16,  "end" : 17 }, 
        {"sofa" : 1,  "begin" : 18,  "end" : 22 }, 
        {"sofa" : 1,  "begin" : 23,  "end" : 30 }, 
        {"sofa" : 1,  "begin" : 30,  "end" : 31 }, 
        {"sofa" : 1,  "begin" : 32,  "end" : 37 }, 
        {"sofa" : 1,  "begin" : 37,  "end" : 38 }, 
        {"sofa" : 1,  "begin" : 39,  "end" : 41 }, 
        {"sofa" : 1,  "begin" : 42,  "end" : 48 }, 
        {"sofa" : 1,  "begin" : 48,  "end" : 49 }, 
        {"sofa" : 1,  "begin" : 50,  "end" : 52 }, 
        {"sofa" : 1,  "begin" : 53,  "end" : 56 }, 
        {"sofa" : 1,  "begin" : 57,  "end" : 66 }, 
        {"sofa" : 1,  "begin" : 67,  "end" : 71 }, 
        {"sofa" : 1,  "begin" : 72,  "end" : 73 }, 
        {"sofa" : 1,  "begin" : 74,  "end" : 85 }, 
        {"sofa" : 1,  "begin" : 86,  "end" : 90 }, 
        {"sofa" : 1,  "begin" : 90,  "end" : 91 }, 
        {"sofa" : 1,  "begin" : 92,  "end" : 94 }, 
        {"sofa" : 1,  "begin" : 95,  "end" : 98 }, 
        {"sofa" : 1,  "begin" : 99,  "end" : 101 }, 
        {"sofa" : 1,  "begin" : 102,  "end" : 113 }, 
        {"sofa" : 1,  "begin" : 114,  "end" : 121 }, 
        {"sofa" : 1,  "begin" : 122,  "end" : 131 }, 
        {"sofa" : 1,  "begin" : 132,  "end" : 134 }, 
        {"sofa" : 1,  "begin" : 135,  "end" : 142 }, 
        {"sofa" : 1,  "begin" : 142,  "end" : 143 }, 
        {"sofa" : 1,  "begin" : 144,  "end" : 147 }, 
        {"sofa" : 1,  "begin" : 147,  "end" : 148 }, 
        {"sofa" : 1,  "begin" : 149,  "end" : 151 }, 
        {"sofa" : 1,  "begin" : 152,  "end" : 153 }, 
        {"sofa" : 1,  "begin" : 154,  "end" : 161 }, 
        {"sofa" : 1,  "begin" : 162,  "end" : 168 }, 
        {"sofa" : 1,  "begin" : 168,  "end" : 169 }, 
        {"sofa" : 1,  "begin" : 170,  "end" : 172 }, 
        {"sofa" : 1,  "begin" : 173,  "end" : 176 }, 
        {"sofa" : 1,  "begin" : 177,  "end" : 184 }, 
        {"sofa" : 1,  "begin" : 185,  "end" : 194 }, 
        {"sofa" : 1,  "begin" : 195,  "end" : 199 }, 
        {"sofa" : 1,  "begin" : 200,  "end" : 206 }, 
        {"sofa" : 1,  "begin" : 207,  "end" : 209 }, 
        {"sofa" : 1,  "begin" : 209,  "end" : 210 }, 
        {"sofa" : 1,  "begin" : 211,  "end" : 213 }, 
        {"sofa" : 1,  "begin" : 214,  "end" : 216 }, 
        {"sofa" : 1,  "begin" : 216,  "end" : 217 }, 
        {"sofa" : 1,  "begin" : 218,  "end" : 220 }, 
        {"sofa" : 1,  "begin" : 221,  "end" : 224 }, 
        {"sofa" : 1,  "begin" : 225,  "end" : 231 }, 
        {"sofa" : 1,  "begin" : 232,  "end" : 238 }, 
        {"sofa" : 1,  "begin" : 238,  "end" : 239 }, 
        {"sofa" : 1,  "begin" : 240,  "end" : 247 }, 
        {"sofa" : 1,  "begin" : 248,  "end" : 252 }, 
        {"sofa" : 1,  "begin" : 253,  "end" : 261 }, 
        {"sofa" : 1,  "begin" : 262,  "end" : 267 }, 
        {"sofa" : 1,  "begin" : 268,  "end" : 270 }, 
        {"sofa" : 1,  "begin" : 271,  "end" : 273 }, 
        {"sofa" : 1,  "begin" : 274,  "end" : 281 }, 
        {"sofa" : 1,  "begin" : 281,  "end" : 282 }, 
        {"sofa" : 1,  "begin" : 283,  "end" : 285 }, 
        {"sofa" : 1,  "begin" : 286,  "end" : 288 }, 
        {"sofa" : 1,  "begin" : 289,  "end" : 290 }, 
        {"sofa" : 1,  "begin" : 291,  "end" : 297 }, 
        {"sofa" : 1,  "begin" : 298,  "end" : 305 }, 
        {"sofa" : 1,  "begin" : 306,  "end" : 314 }, 
        {"sofa" : 1,  "begin" : 315,  "end" : 325 }, 
        {"sofa" : 1,  "begin" : 326,  "end" : 327 }, 
        {"sofa" : 1,  "begin" : 328,  "end" : 335 }, 
        {"sofa" : 1,  "begin" : 336,  "end" : 338 }, 
        {"sofa" : 1,  "begin" : 339,  "end" : 347 }, 
        {"sofa" : 1,  "begin" : 348,  "end" : 353 }, 
        {"sofa" : 1,  "begin" : 354,  "end" : 357 }, 
        {"sofa" : 1,  "begin" : 358,  "end" : 361 }, 
        {"sofa" : 1,  "begin" : 362,  "end" : 364 }, 
        {"sofa" : 1,  "begin" : 365,  "end" : 372 }, 
        {"sofa" : 1,  "begin" : 372,  "end" : 373 }, 
        {"sofa" : 1,  "begin" : 374,  "end" : 381 }, 
        {"sofa" : 1,  "begin" : 382,  "end" : 385 }, 
        {"sofa" : 1,  "begin" : 386,  "end" : 390 }, 
        {"sofa" : 1,  "begin" : 391,  "end" : 394 }, 
        {"sofa" : 1,  "begin" : 395,  "end" : 397 }, 
        {"sofa" : 1,  "begin" : 398,  "end" : 402 }, 
        {"sofa" : 1,  "begin" : 403,  "end" : 405 }, 
        {"sofa" : 1,  "begin" : 406,  "end" : 409 }, 
        {"sofa" : 1,  "begin" : 410,  "end" : 419 }, 
        {"sofa" : 1,  "begin" : 420,  "end" : 426 }, 
        {"sofa" : 1,  "begin" : 427,  "end" : 428 }, 
        {"sofa" : 1,  "begin" : 429,  "end" : 435 }, 
        {"sofa" : 1,  "begin" : 436,  "end" : 439 }, 
        {"sofa" : 1,  "begin" : 440,  "end" : 441 }, 
        {"sofa" : 1,  "begin" : 441,  "end" : 443 }, 
        {"sofa" : 1,  "begin" : 444,  "end" : 452 }, 
        {"sofa" : 1,  "begin" : 453,  "end" : 456 }, 
        {"sofa" : 1,  "begin" : 456,  "end" : 457 }, 
        {"sofa" : 1,  "begin" : 458,  "end" : 460 }, 
        {"sofa" : 1,  "begin" : 461,  "end" : 469 }, 
        {"sofa" : 1,  "begin" : 470,  "end" : 478 }, 
        {"sofa" : 1,  "begin" : 478,  "end" : 479 }, 
        {"sofa" : 1,  "begin" : 480,  "end" : 481 }, 
        {"sofa" : 1,  "begin" : 482,  "end" : 487 }, 
        {"sofa" : 1,  "begin" : 488,  "end" : 491 }, 
        {"sofa" : 1,  "begin" : 492,  "end" : 493 }, 
        {"sofa" : 1,  "begin" : 493,  "end" : 495 }, 
        {"sofa" : 1,  "begin" : 496,  "end" : 503 }, 
        {"sofa" : 1,  "begin" : 504,  "end" : 507 }, 
        {"sofa" : 1,  "begin" : 507,  "end" : 508 }, 
        {"sofa" : 1,  "begin" : 509,  "end" : 512 }, 
        {"sofa" : 1,  "begin" : 513,  "end" : 516 }, 
        {"sofa" : 1,  "begin" : 516,  "end" : 517 }, 
        {"sofa" : 1,  "begin" : 518,  "end" : 520 }, 
        {"sofa" : 1,  "begin" : 521,  "end" : 528 }, 
        {"sofa" : 1,  "begin" : 528,  "end" : 529 }, 
        {"sofa" : 1,  "begin" : 530,  "end" : 531 }, 
        {"sofa" : 1,  "begin" : 532,  "end" : 535 }, 
        {"sofa" : 1,  "begin" : 536,  "end" : 546 }, 
        {"sofa" : 1,  "begin" : 547,  "end" : 550 }, 
        {"sofa" : 1,  "begin" : 550,  "end" : 551 }, 
        {"sofa" : 1,  "begin" : 553,  "end" : 563 }, 
        {"sofa" : 1,  "begin" : 563,  "end" : 564 }, 
        {"sofa" : 1,  "begin" : 565,  "end" : 566 }, 
        {"sofa" : 1,  "begin" : 567,  "end" : 571 }, 
        {"sofa" : 1,  "begin" : 572,  "end" : 579 }, 
        {"sofa" : 1,  "begin" : 580,  "end" : 584 }, 
        {"sofa" : 1,  "begin" : 585,  "end" : 587 }, 
        {"sofa" : 1,  "begin" : 588,  "end" : 595 }, 
        {"sofa" : 1,  "begin" : 596,  "end" : 598 }, 
        {"sofa" : 1,  "begin" : 599,  "end" : 607 }, 
        {"sofa" : 1,  "begin" : 608,  "end" : 610 }, 
        {"sofa" : 1,  "begin" : 611,  "end" : 620 }, 
        {"sofa" : 1,  "begin" : 621,  "end" : 624 }, 
        {"sofa" : 1,  "begin" : 625,  "end" : 630 }, 
        {"sofa" : 1,  "begin" : 631,  "end" : 633 }, 
        {"sofa" : 1,  "begin" : 634,  "end" : 642 }, 
        {"sofa" : 1,  "begin" : 643,  "end" : 646 }, 
        {"sofa" : 1,  "begin" : 646,  "end" : 647 }, 
        {"sofa" : 1,  "begin" : 648,  "end" : 650 }, 
        {"sofa" : 1,  "begin" : 651,  "end" : 653 }, 
        {"sofa" : 1,  "begin" : 654,  "end" : 664 }, 
        {"sofa" : 1,  "begin" : 665,  "end" : 670 }, 
        {"sofa" : 1,  "begin" : 671,  "end" : 673 }, 
        {"sofa" : 1,  "begin" : 674,  "end" : 682 }, 
        {"sofa" : 1,  "begin" : 682,  "end" : 683 }, 
        {"sofa" : 1,  "begin" : 684,  "end" : 692 }, 
        {"sofa" : 1,  "begin" : 693,  "end" : 695 }, 
        {"sofa" : 1,  "begin" : 696,  "end" : 704 }, 
        {"sofa" : 1,  "begin" : 704,  "end" : 705 }, 
        {"sofa" : 1,  "begin" : 706,  "end" : 714 }, 
        {"sofa" : 1,  "begin" : 714,  "end" : 715 }, 
        {"sofa" : 1,  "begin" : 716,  "end" : 719 }, 
        {"sofa" : 1,  "begin" : 720,  "end" : 725 }, 
        {"sofa" : 1,  "begin" : 726,  "end" : 734 }, 
        {"sofa" : 1,  "begin" : 734,  "end" : 735 }, 
        {"sofa" : 1,  "begin" : 736,  "end" : 745 }, 
        {"sofa" : 1,  "begin" : 746,  "end" : 748 }, 
        {"sofa" : 1,  "begin" : 749,  "end" : 752 }, 
        {"sofa" : 1,  "begin" : 753,  "end" : 758 }, 
        {"sofa" : 1,  "begin" : 759,  "end" : 763 }, 
        {"sofa" : 1,  "begin" : 764,  "end" : 767 }, 
        {"sofa" : 1,  "begin" : 768,  "end" : 776 }, 
        {"sofa" : 1,  "begin" : 777,  "end" : 783 }, 
        {"sofa" : 1,  "begin" : 784,  "end" : 786 }, 
        {"sofa" : 1,  "begin" : 787,  "end" : 791 }, 
        {"sofa" : 1,  "begin" : 792,  "end" : 794 }, 
        {"sofa" : 1,  "begin" : 795,  "end" : 798 }, 
        {"sofa" : 1,  "begin" : 799,  "end" : 806 }, 
        {"sofa" : 1,  "begin" : 806,  "end" : 807 }, 
        {"sofa" : 1,  "begin" : 808,  "end" : 811 }, 
        {"sofa" : 1,  "begin" : 812,  "end" : 817 }, 
        {"sofa" : 1,  "begin" : 818,  "end" : 820 }, 
        {"sofa" : 1,  "begin" : 821,  "end" : 825 }, 
        {"sofa" : 1,  "begin" : 826,  "end" : 834 }, 
        {"sofa" : 1,  "begin" : 835,  "end" : 838 }, 
        {"sofa" : 1,  "begin" : 839,  "end" : 841 }, 
        {"sofa" : 1,  "begin" : 842,  "end" : 845 }, 
        {"sofa" : 1,  "begin" : 846,  "end" : 850 }, 
        {"sofa" : 1,  "begin" : 851,  "end" : 853 }, 
        {"sofa" : 1,  "begin" : 854,  "end" : 857 }, 
        {"sofa" : 1,  "begin" : 858,  "end" : 871 }, 
        {"sofa" : 1,  "begin" : 872,  "end" : 877 }, 
        {"sofa" : 1,  "begin" : 878,  "end" : 883 }, 
        {"sofa" : 1,  "begin" : 884,  "end" : 886 }, 
        {"sofa" : 1,  "begin" : 887,  "end" : 899 }, 
        {"sofa" : 1,  "begin" : 900,  "end" : 908 }, 
        {"sofa" : 1,  "begin" : 909,  "end" : 913 }, 
        {"sofa" : 1,  "begin" : 914,  "end" : 916 }, 
        {"sofa" : 1,  "begin" : 917,  "end" : 920 }, 
        {"sofa" : 1,  "begin" : 921,  "end" : 926 }, 
        {"sofa" : 1,  "begin" : 927,  "end" : 932 }, 
        {"sofa" : 1,  "begin" : 932,  "end" : 933 }, 
        {"sofa" : 1,  "begin" : 934,  "end" : 942 }, 
        {"sofa" : 1,  "begin" : 943,  "end" : 947 }, 
        {"sofa" : 1,  "begin" : 948,  "end" : 954 }, 
        {"sofa" : 1,  "begin" : 955,  "end" : 965 }, 
        {"sofa" : 1,  "begin" : 966,  "end" : 968 }, 
        {"sofa" : 1,  "begin" : 969,  "end" : 971 }, 
        {"sofa" : 1,  "begin" : 971,  "end" : 972 }, 
        {"sofa" : 1,  "begin" : 973,  "end" : 980 }, 
        {"sofa" : 1,  "begin" : 981,  "end" : 990 }, 
        {"sofa" : 1,  "begin" : 991,  "end" : 996 }, 
        {"sofa" : 1,  "begin" : 997,  "end" : 999 }, 
        {"sofa" : 1,  "begin" : 1000,  "end" : 1006 }, 
        {"sofa" : 1,  "begin" : 1006,  "end" : 1007 }, 
        {"sofa" : 1,  "begin" : 1008,  "end" : 1010 }, 
        {"sofa" : 1,  "begin" : 1011,  "end" : 1017 }, 
        {"sofa" : 1,  "begin" : 1017,  "end" : 1018 }, 
        {"sofa" : 1,  "begin" : 1019,  "end" : 1023 }, 
        {"sofa" : 1,  "begin" : 1024,  "end" : 1027 }, 
        {"sofa" : 1,  "begin" : 1028,  "end" : 1030 }, 
        {"sofa" : 1,  "begin" : 1031,  "end" : 1034 }, 
        {"sofa" : 1,  "begin" : 1035,  "end" : 1044 }, 
        {"sofa" : 1,  "begin" : 1045,  "end" : 1047 }, 
        {"sofa" : 1,  "begin" : 1048,  "end" : 1051 }, 
        {"sofa" : 1,  "begin" : 1052,  "end" : 1060 }, 
        {"sofa" : 1,  "begin" : 1061,  "end" : 1066 }, 
        {"sofa" : 1,  "begin" : 1066,  "end" : 1067 }, 
        {"sofa" : 1,  "begin" : 1068,  "end" : 1072 }, 
        {"sofa" : 1,  "begin" : 1073,  "end" : 1078 }, 
        {"sofa" : 1,  "begin" : 1079,  "end" : 1081 }, 
        {"sofa" : 1,  "begin" : 1082,  "end" : 1090 }, 
        {"sofa" : 1,  "begin" : 1091,  "end" : 1094 }, 
        {"sofa" : 1,  "begin" : 1095,  "end" : 1101 }, 
        {"sofa" : 1,  "begin" : 1102,  "end" : 1104 }, 
        {"sofa" : 1,  "begin" : 1105,  "end" : 1115 }, 
        {"sofa" : 1,  "begin" : 1116,  "end" : 1129 }, 
        {"sofa" : 1,  "begin" : 1130,  "end" : 1132 }, 
        {"sofa" : 1,  "begin" : 1133,  "end" : 1145 }, 
        {"sofa" : 1,  "begin" : 1146,  "end" : 1153 }, 
        {"sofa" : 1,  "begin" : 1154,  "end" : 1156 }, 
        {"sofa" : 1,  "begin" : 1157,  "end" : 1160 }, 
        {"sofa" : 1,  "begin" : 1161,  "end" : 1167 }, 
        {"sofa" : 1,  "begin" : 1167,  "end" : 1168 }, 
        {"sofa" : 1,  "begin" : 1169,  "end" : 1178 }, 
        {"sofa" : 1,  "begin" : 1179,  "end" : 1181 }, 
        {"sofa" : 1,  "begin" : 1182,  "end" : 1185 }, 
        {"sofa" : 1,  "begin" : 1186,  "end" : 1195 }, 
        {"sofa" : 1,  "begin" : 1196,  "end" : 1198 }, 
        {"sofa" : 1,  "begin" : 1199,  "end" : 1200 }, 
        {"sofa" : 1,  "begin" : 1201,  "end" : 1207 }, 
        {"sofa" : 1,  "begin" : 1208,  "end" : 1216 }, 
        {"sofa" : 1,  "begin" : 1216,  "end" : 1217 } ] } }, 
  "_referenced_fss" : {
    "1" : {"_type" : "Sofa",  "sofaNum" : 1,  "sofaID" : "_InitialView",  "mimeType" : "text",  "sofaString" : "\nFLORIDA WATER. — This perfume, which, of course, is not\nprotected with a proprietary name, is one of exceedingly popular\ncharacter in America, and, to a smaller extent, in far Eastern\ncountries that import it. It is, in the United States, largely what\nlavender water is in England. It is a toilet perfume somewhat\nresembling a mixture of lavender water and eau de Cologne,\nrounded off with one or more of the following bodies ; cassia oil\n(or cinnamon oil, or cinnamic aldehyde) ; clove oil (or pimento\noil, bay oil, or eugenol) ; and lemongrass oil.\n\nFOIN-COUPE. — This popular type of perfume is supposed\nto reproduce the odour of new-mown hay. It is invariably based\non coumarin, modified by lavender, bergamot, and other perfumes,\naccording to the exact note the perfumer wishes to give to his\nproduct. The odour of true new-mown hay is due more to the\nsweet-scented grass known as Anthoxanthum odoratum than to\nany other grass, although many others contribute to it. Several\ndifferent types of clover, of course, also add to the fragrance of the\nhayfield odour. This odour is probably the result of glucosidal\ndecomposition of constituents present in the plants, resulting in\nthe formation of a little coumarin. \n" }, 
    "3192" : {"_type" : "Span",  "sofa" : 1,  "begin" : 23,  "end" : 30,  "label" : "Smell_Word" }, 
    "3197" : {"_type" : "Span",  "sofa" : 1,  "begin" : 1,  "end" : 14,  "label" : "Smell_Source" }, 
    "3238" : {"_type" : "Span",  "sofa" : 1,  "begin" : 283,  "end" : 285,  "label" : "Smell_Source" }, 
    "3209" : {"_type" : "Span",  "sofa" : 1,  "begin" : 298,  "end" : 305,  "label" : "Smell_Word" }, 
    "3214" : {"_type" : "Span",  "sofa" : 1,  "begin" : 315,  "end" : 372,  "label" : "Evoked_Odorant" }, 
    "3226" : {"_type" : "Span",  "sofa" : 1,  "begin" : 291,  "end" : 297,  "label" : "Quality" }, 
    "3257" : {"_type" : "Span",  "sofa" : 1,  "begin" : 588,  "end" : 595,  "label" : "Smell_Word" }, 
    "3262" : {"_type" : "Span",  "sofa" : 1,  "begin" : 553,  "end" : 563,  "label" : "Smell_Source" }, 
    "3274" : {"_type" : "Span",  "sofa" : 1,  "begin" : 625,  "end" : 630,  "label" : "Smell_Word" }, 
    "3279" : {"_type" : "Span",  "sofa" : 1,  "begin" : 631,  "end" : 646,  "label" : "Smell_Source" }, 
    "3291" : {"_type" : "Span",  "sofa" : 1,  "begin" : 726,  "end" : 734,  "label" : "Smell_Word" }, 
    "3306" : {"_type" : "Span",  "sofa" : 1,  "begin" : 696,  "end" : 704,  "label" : "Smell_Source" }, 
    "3296" : {"_type" : "Span",  "sofa" : 1,  "begin" : 706,  "end" : 714,  "label" : "Smell_Source" }, 
    "3301" : {"_type" : "Span",  "sofa" : 1,  "begin" : 720,  "end" : 725,  "label" : "Quality" }, 
    "3332" : {"_type" : "Span",  "sofa" : 1,  "begin" : 768,  "end" : 776,  "label" : "Perceiver" }, 
    "3344" : {"_type" : "Span",  "sofa" : 1,  "begin" : 812,  "end" : 817,  "label" : "Smell_Word" }, 
    "3361" : {"_type" : "Span",  "sofa" : 1,  "begin" : 818,  "end" : 838,  "label" : "Smell_Source" }, 
    "3373" : {"_type" : "Span",  "sofa" : 1,  "begin" : 858,  "end" : 871,  "label" : "Smell_Word" }, 
    "3378" : {"_type" : "Span",  "sofa" : 1,  "begin" : 872,  "end" : 877,  "label" : "Smell_Source" }, 
    "3383" : {"_type" : "Span",  "sofa" : 1,  "begin" : 887,  "end" : 908,  "label" : "Smell_Source" }, 
    "3402" : {"_type" : "Span",  "sofa" : 1,  "begin" : 1035,  "end" : 1044,  "label" : "Smell_Word" }, 
    "3412" : {"_type" : "Span",  "sofa" : 1,  "begin" : 1045,  "end" : 1066,  "label" : "Smell_Source" }, 
    "3429" : {"_type" : "Span",  "sofa" : 1,  "begin" : 1073,  "end" : 1078,  "label" : "Smell_Word" }, 
    "3434" : {"_type" : "Span",  "sofa" : 1,  "begin" : 1079,  "end" : 1216,  "label" : "Circumstances" } } }