#FORMAT=WebAnno TSV 3.3


#Text=Een land zo uitgestrekt, als dit, 't welk bevochtigd wordt door een oneindig getal 
#Text=Rivieren en Kreeken, en bedekt is met eene menigte van moerassige bosschen, 
#Text=moet noodzaakelyk de lucht ten uitersten bederven, en veel toebrengen tot eene 
#Text=byna geduurige verandering van jaargetyden.
1-1	4-7	Een	
1-2	8-12	land	
1-3	13-15	zo	
1-4	16-27	uitgestrekt	
1-5	27-28	,	
1-6	29-32	als	
1-7	33-36	dit	
1-8	36-37	,	
1-9	38-39	'	
1-10	39-40	t	
1-11	41-45	welk	
1-12	46-56	bevochtigd	
1-13	57-62	wordt	
1-14	63-67	door	
1-15	68-71	een	
1-16	72-80	oneindig	
1-17	81-86	getal	
1-18	88-96	Rivieren	
1-19	97-99	en	
1-20	100-107	Kreeken	
1-21	107-108	,	
1-22	109-111	en	
1-23	112-118	bedekt	
1-24	119-121	is	
1-25	122-125	met	
1-26	126-130	eene	
1-27	131-138	menigte	
1-28	139-142	van	
1-29	143-153	moerassige	
1-30	154-162	bosschen	
1-31	162-163	,	
1-32	165-169	moet	
1-33	170-182	noodzaakelyk	
1-34	183-185	de	
1-35	186-191	lucht	
1-36	192-195	ten	
1-37	196-205	uitersten	
1-38	206-214	bederven	
1-39	214-215	,	
1-40	216-218	en	
1-41	219-223	veel	
1-42	224-234	toebrengen	
1-43	235-238	tot	
1-44	239-243	eene	
1-45	245-249	byna	
1-46	250-259	geduurige	
1-47	260-271	verandering	
1-48	272-275	van	
1-49	276-287	jaargetyden	
1-50	287-288	.	

#Text=Men telt 'er +evenwel maar vier, of 
#Text=liever twee drooge, en twee regenachtige jaargetyden, die wederom dus verdeeld 
#Text=worden; voor eerst, in tyden van kleinen regen, welken gevolgd worden door een'
#Text=
#Text=
#Text=
#Text=
#Text=
#Text=
#Text=
#Text=
#Text=
#Text= +
#Text=De jaargetyden, die in 't land regeeren.
2-1	289-292	Men	
2-2	293-297	telt	
2-3	298-299	'	
2-4	299-301	er	
2-5	302-303	+	
2-6	303-310	evenwel	
2-7	311-315	maar	
2-8	316-320	vier	
2-9	320-321	,	
2-10	322-324	of	
2-11	326-332	liever	
2-12	333-337	twee	
2-13	338-344	drooge	
2-14	344-345	,	
2-15	346-348	en	
2-16	349-353	twee	
2-17	354-366	regenachtige	
2-18	367-378	jaargetyden	
2-19	378-379	,	
2-20	380-383	die	
2-21	384-391	wederom	
2-22	392-395	dus	
2-23	396-404	verdeeld	
2-24	406-412	worden	
2-25	412-413	;	
2-26	414-418	voor	
2-27	419-424	eerst	
2-28	424-425	,	
2-29	426-428	in	
2-30	429-434	tyden	
2-31	435-438	van	
2-32	439-446	kleinen	
2-33	447-452	regen	
2-34	452-453	,	
2-35	454-460	welken	
2-36	461-468	gevolgd	
2-37	469-475	worden	
2-38	476-480	door	
2-39	481-484	een	
2-40	484-485	'	
2-41	496-497	+	
2-42	498-500	De	
2-43	501-512	jaargetyden	
2-44	512-513	,	
2-45	514-517	die	
2-46	518-520	in	
2-47	521-522	'	
2-48	522-523	t	
2-49	524-528	land	
2-50	529-537	regeeren	
2-51	537-538	.	

#Text=droogen tyd;
#Text=wanneer de warmte zich meer begint te laaten voelen;
#Text=waar op zwaare 
#Text=regens volgen, die dit jaargetyde, oneigenlyk, den naam van winter geeven; want 
#Text=het is, in dit land, nooit zo koud, dat men zich behoeft te warmen, dewyl men 'er 
#Text=nooit vuur stookt, dan in de keuken, die daarenboven van 't
#Text=
#Text=
#Text=
#Text=huis afgescheiden, en gemeenlyk digt by den tuin is, om geen ongemak te hebben 
#Text=van 't vuur, dat aldaar gestookt wordt;
#Text=ook brandt men 'er niet dan hout.
3-1	542-549	droogen	
3-2	550-553	tyd	
3-3	553-554	;	
3-4	555-562	wanneer	
3-5	563-565	de	
3-6	566-572	warmte	
3-7	573-577	zich	
3-8	578-582	meer	
3-9	583-589	begint	
3-10	590-592	te	
3-11	593-599	laaten	
3-12	600-606	voelen	
3-13	606-607	;	
3-14	608-612	waar	
3-15	613-615	op	
3-16	616-622	zwaare	
3-17	624-630	regens	
3-18	631-637	volgen	
3-19	637-638	,	
3-20	639-642	die	
3-21	643-646	dit	
3-22	647-657	jaargetyde	
3-23	657-658	,	
3-24	659-669	oneigenlyk	
3-25	669-670	,	
3-26	671-674	den	
3-27	675-679	naam	
3-28	680-683	van	
3-29	684-690	winter	
3-30	691-697	geeven	
3-31	697-698	;	
3-32	699-703	want	
3-33	705-708	het	
3-34	709-711	is	
3-35	711-712	,	
3-36	713-715	in	
3-37	716-719	dit	
3-38	720-724	land	
3-39	724-725	,	
3-40	726-731	nooit	
3-41	732-734	zo	
3-42	735-739	koud	
3-43	739-740	,	
3-44	741-744	dat	
3-45	745-748	men	
3-46	749-753	zich	
3-47	754-761	behoeft	
3-48	762-764	te	
3-49	765-771	warmen	
3-50	771-772	,	
3-51	773-778	dewyl	
3-52	779-782	men	
3-53	783-784	'	
3-54	784-786	er	
3-55	788-793	nooit	
3-56	794-798	vuur	
3-57	799-805	stookt	
3-58	805-806	,	
3-59	807-810	dan	
3-60	811-813	in	
3-61	814-816	de	
3-62	817-823	keuken	
3-63	823-824	,	
3-64	825-828	die	
3-65	829-840	daarenboven	
3-66	841-844	van	
3-67	845-846	'	
3-68	846-847	t	
3-69	851-855	huis	
3-70	856-868	afgescheiden	
3-71	868-869	,	
3-72	870-872	en	
3-73	873-882	gemeenlyk	
3-74	883-887	digt	
3-75	888-890	by	
3-76	891-894	den	
3-77	895-899	tuin	
3-78	900-902	is	
3-79	902-903	,	
3-80	904-906	om	
3-81	907-911	geen	
3-82	912-919	ongemak	
3-83	920-922	te	
3-84	923-929	hebben	
3-85	931-934	van	
3-86	935-936	'	
3-87	936-937	t	
3-88	938-942	vuur	
3-89	942-943	,	
3-90	944-947	dat	
3-91	948-954	aldaar	
3-92	955-963	gestookt	
3-93	964-969	wordt	
3-94	969-970	;	
3-95	971-974	ook	
3-96	975-981	brandt	
3-97	982-985	men	
3-98	986-987	'	
3-99	987-989	er	
3-100	990-994	niet	
3-101	995-998	dan	
3-102	999-1003	hout	
3-103	1003-1004	.	

#Text=Het geene 
#Text=men, met meerder regt den zomer noemt, is de onmaatige hitte die in de plaats 
#Text=komt van gestaadige en hevige regens; waar na men weder den kleinen regen heeft, 
#Text=en dus gaat het alle jaaren, op eenige veranderingen na, waarvan ik straks spreeken 
#Text=zal.
4-1	1005-1008	Het	
4-2	1009-1014	geene	
4-3	1016-1019	men	
4-4	1019-1020	,	
4-5	1021-1024	met	
4-6	1025-1032	meerder	
4-7	1033-1037	regt	
4-8	1038-1041	den	
4-9	1042-1047	zomer	
4-10	1048-1053	noemt	
4-11	1053-1054	,	
4-12	1055-1057	is	
4-13	1058-1060	de	
4-14	1061-1070	onmaatige	
4-15	1071-1076	hitte	
4-16	1077-1080	die	
4-17	1081-1083	in	
4-18	1084-1086	de	
4-19	1087-1093	plaats	
4-20	1095-1099	komt	
4-21	1100-1103	van	
4-22	1104-1114	gestaadige	
4-23	1115-1117	en	
4-24	1118-1124	hevige	
4-25	1125-1131	regens	
4-26	1131-1132	;	
4-27	1133-1137	waar	
4-28	1138-1140	na	
4-29	1141-1144	men	
4-30	1145-1150	weder	
4-31	1151-1154	den	
4-32	1155-1162	kleinen	
4-33	1163-1168	regen	
4-34	1169-1174	heeft	
4-35	1174-1175	,	
4-36	1177-1179	en	
4-37	1180-1183	dus	
4-38	1184-1188	gaat	
4-39	1189-1192	het	
4-40	1193-1197	alle	
4-41	1198-1204	jaaren	
4-42	1204-1205	,	
4-43	1206-1208	op	
4-44	1209-1215	eenige	
4-45	1216-1229	veranderingen	
4-46	1230-1232	na	
4-47	1232-1233	,	
4-48	1234-1241	waarvan	
4-49	1242-1244	ik	
4-50	1245-1251	straks	
4-51	1252-1260	spreeken	
4-52	1262-1265	zal	
4-53	1265-1266	.	

#Text=Daarenboven zyn 'er de dag en nacht altyd even lang, naardien 'er de Zon ten 
#Text=allen tyde, 's morgens om zes uuren opkomt, en, stiptelyk, 's avonds, op het zelfde 
#Text=uur ondergaat, 't welk de avonden, zo wel als de nachten, zeer schadelyk maakt 
#Text=voor de geenen, die zich in de avondlucht begeeven, na dat zy by dag, de groote 
#Text=hitte geleeden hebben, vooral in het laatst gemelde jaargetyde, en als het lichte
#Text=maan is;
#Text=dewyl als dan de lucht, welke altyd na zonnen-ondergang scherp en 
#Text=doordringende is, inzon derheid, wanneer de hitte op den dag zwaar is geweest, 
#Text=nog vinniger doordringt, wanneer de zon haaren invloed op dit gewest verspreidt.
5-1	1271-1282	Daarenboven	
5-2	1283-1286	zyn	
5-3	1287-1288	'	
5-4	1288-1290	er	
5-5	1291-1293	de	
5-6	1294-1297	dag	
5-7	1298-1300	en	
5-8	1301-1306	nacht	
5-9	1307-1312	altyd	
5-10	1313-1317	even	
5-11	1318-1322	lang	
5-12	1322-1323	,	
5-13	1324-1332	naardien	
5-14	1333-1334	'	
5-15	1334-1336	er	
5-16	1337-1339	de	
5-17	1340-1343	Zon	
5-18	1344-1347	ten	
5-19	1349-1354	allen	
5-20	1355-1359	tyde	
5-21	1359-1360	,	
5-22	1361-1362	'	
5-23	1362-1363	s	
5-24	1364-1371	morgens	
5-25	1372-1374	om	
5-26	1375-1378	zes	
5-27	1379-1384	uuren	
5-28	1385-1391	opkomt	
5-29	1391-1392	,	
5-30	1393-1395	en	
5-31	1395-1396	,	
5-32	1397-1406	stiptelyk	
5-33	1406-1407	,	
5-34	1408-1409	'	
5-35	1409-1410	s	
5-36	1411-1417	avonds	
5-37	1417-1418	,	
5-38	1419-1421	op	
5-39	1422-1425	het	
5-40	1426-1432	zelfde	
5-41	1434-1437	uur	
5-42	1438-1447	ondergaat	
5-43	1447-1448	,	
5-44	1449-1450	'	
5-45	1450-1451	t	
5-46	1452-1456	welk	
5-47	1457-1459	de	
5-48	1460-1467	avonden	
5-49	1467-1468	,	
5-50	1469-1471	zo	
5-51	1472-1475	wel	
5-52	1476-1479	als	
5-53	1480-1482	de	
5-54	1483-1490	nachten	
5-55	1490-1491	,	
5-56	1492-1496	zeer	
5-57	1497-1506	schadelyk	
5-58	1507-1512	maakt	
5-59	1514-1518	voor	
5-60	1519-1521	de	
5-61	1522-1528	geenen	
5-62	1528-1529	,	
5-63	1530-1533	die	
5-64	1534-1538	zich	
5-65	1539-1541	in	
5-66	1542-1544	de	
5-67	1545-1555	avondlucht	
5-68	1556-1564	begeeven	
5-69	1564-1565	,	
5-70	1566-1568	na	
5-71	1569-1572	dat	
5-72	1573-1575	zy	
5-73	1576-1578	by	
5-74	1579-1582	dag	
5-75	1582-1583	,	
5-76	1584-1586	de	
5-77	1587-1593	groote	
5-78	1595-1600	hitte	
5-79	1601-1609	geleeden	
5-80	1610-1616	hebben	
5-81	1616-1617	,	
5-82	1618-1624	vooral	
5-83	1625-1627	in	
5-84	1628-1631	het	
5-85	1632-1638	laatst	
5-86	1639-1646	gemelde	
5-87	1647-1657	jaargetyde	
5-88	1657-1658	,	
5-89	1659-1661	en	
5-90	1662-1665	als	
5-91	1666-1669	het	
5-92	1670-1676	lichte	
5-93	1677-1681	maan	
5-94	1682-1684	is	
5-95	1684-1685	;	
5-96	1686-1691	dewyl	
5-97	1692-1695	als	
5-98	1696-1699	dan	
5-99	1700-1702	de	
5-100	1703-1708	lucht	
5-101	1708-1709	,	
5-102	1710-1715	welke	
5-103	1716-1721	altyd	
5-104	1722-1724	na	
5-105	1725-1741	zonnen-ondergang	
5-106	1742-1748	scherp	
5-107	1749-1751	en	
5-108	1753-1766	doordringende	
5-109	1767-1769	is	
5-110	1769-1770	,	
5-111	1771-1776	inzon	
5-112	1777-1784	derheid	
5-113	1784-1785	,	
5-114	1786-1793	wanneer	
5-115	1794-1796	de	
5-116	1797-1802	hitte	
5-117	1803-1805	op	
5-118	1806-1809	den	
5-119	1810-1813	dag	
5-120	1814-1819	zwaar	
5-121	1820-1822	is	
5-122	1823-1830	geweest	
5-123	1830-1831	,	
5-124	1833-1836	nog	
5-125	1837-1845	vinniger	
5-126	1846-1856	doordringt	
5-127	1856-1857	,	
5-128	1858-1865	wanneer	
5-129	1866-1868	de	
5-130	1869-1872	zon	
5-131	1873-1879	haaren	
5-132	1880-1887	invloed	
5-133	1888-1890	op	
5-134	1891-1894	dit	
5-135	1895-1901	gewest	
5-136	1902-1912	verspreidt	
5-137	1912-1913	.	

#Text=Uit het geene
#Text=ik gezegd heb, kan men afneemen, dat dit land niet voor zeer gezond 
#Text=gehouden moet worden, gelyk het inderdaad ook niet is;
#Text=welk vooroordeel, zo men 
#Text=het dus noemen mag ik niet wegnemen kan;
#Text=want hoe veel goeds ik 'er anders van 
#Text=zeggen moet, heb ik echter voorgenomen, in alles de waarheid te spreeken
#Text=, gelyk 
#Text=
#Text=men bevinden zal.
6-1	1917-1920	Uit	
6-2	1921-1924	het	
6-3	1925-1930	geene	
6-4	1931-1933	ik	
6-5	1934-1940	gezegd	
6-6	1941-1944	heb	
6-7	1944-1945	,	
6-8	1946-1949	kan	
6-9	1950-1953	men	
6-10	1954-1962	afneemen	
6-11	1962-1963	,	
6-12	1964-1967	dat	
6-13	1968-1971	dit	
6-14	1972-1976	land	
6-15	1977-1981	niet	
6-16	1982-1986	voor	
6-17	1987-1991	zeer	
6-18	1992-1998	gezond	
6-19	2000-2008	gehouden	
6-20	2009-2013	moet	
6-21	2014-2020	worden	
6-22	2020-2021	,	
6-23	2022-2027	gelyk	
6-24	2028-2031	het	
6-25	2032-2041	inderdaad	
6-26	2042-2045	ook	
6-27	2046-2050	niet	
6-28	2051-2053	is	
6-29	2053-2054	;	
6-30	2055-2059	welk	
6-31	2060-2071	vooroordeel	
6-32	2071-2072	,	
6-33	2073-2075	zo	
6-34	2076-2079	men	
6-35	2081-2084	het	
6-36	2085-2088	dus	
6-37	2089-2095	noemen	
6-38	2096-2099	mag	
6-39	2100-2102	ik	
6-40	2103-2107	niet	
6-41	2108-2116	wegnemen	
6-42	2117-2120	kan	
6-43	2120-2121	;	
6-44	2122-2126	want	
6-45	2127-2130	hoe	
6-46	2131-2135	veel	
6-47	2136-2141	goeds	
6-48	2142-2144	ik	
6-49	2145-2146	'	
6-50	2146-2148	er	
6-51	2149-2155	anders	
6-52	2156-2159	van	
6-53	2161-2167	zeggen	
6-54	2168-2172	moet	
6-55	2172-2173	,	
6-56	2174-2177	heb	
6-57	2178-2180	ik	
6-58	2181-2187	echter	
6-59	2188-2199	voorgenomen	
6-60	2199-2200	,	
6-61	2201-2203	in	
6-62	2204-2209	alles	
6-63	2210-2212	de	
6-64	2213-2221	waarheid	
6-65	2222-2224	te	
6-66	2225-2233	spreeken	
6-67	2234-2235	,	
6-68	2236-2241	gelyk	
6-69	2244-2247	men	
6-70	2248-2256	bevinden	
6-71	2257-2260	zal	
6-72	2260-2261	.	

#Text=Voor eerst, behoeft men niet te twyfelen, of de lucht, wanneer de zon op haar' 
#Text=hoogsten trap is, veroorzaakt alhier veele ziekten, en eene grote sterfte onder de 
#Text=inwooners, en nog meer onder de arme matroosen, die op de schepen eene min
#Text=zuivere lucht in ademen, dan op het land; om dat de hitte op dezelven zo geweldig 
#Text=is, dat de sterkste kaerel zich naeuwlyks staande kan houden; vooral, wanneer 
#Text=dezelven met zuiker belaaden zyn, welke verstikkende dampen veroorzaakt, waar 
#Text=door de ademhaaling byna onderschept wordt;
#Text=zo dat het niet missen kan, of veele 
#Text=matroosen moeten door die hitte omkomen, te meer, dewyl 'er zelfs geen Gasthuis 
#Text=voor hun in de stad is, werwaarts men hen kan brengen, om 'er hun de noodige 
#Text=hulp voor hunne kwaalen te verschaffen.
7-1	2266-2270	Voor	
7-2	2271-2276	eerst	
7-3	2276-2277	,	
7-4	2278-2285	behoeft	
7-5	2286-2289	men	
7-6	2290-2294	niet	
7-7	2295-2297	te	
7-8	2298-2306	twyfelen	
7-9	2306-2307	,	
7-10	2308-2310	of	
7-11	2311-2313	de	
7-12	2314-2319	lucht	
7-13	2319-2320	,	
7-14	2321-2328	wanneer	
7-15	2329-2331	de	
7-16	2332-2335	zon	
7-17	2336-2338	op	
7-18	2339-2343	haar	
7-19	2343-2344	'	
7-20	2346-2354	hoogsten	
7-21	2355-2359	trap	
7-22	2360-2362	is	
7-23	2362-2363	,	
7-24	2364-2375	veroorzaakt	
7-25	2376-2382	alhier	
7-26	2383-2388	veele	
7-27	2389-2396	ziekten	
7-28	2396-2397	,	
7-29	2398-2400	en	
7-30	2401-2405	eene	
7-31	2406-2411	grote	
7-32	2412-2419	sterfte	
7-33	2420-2425	onder	
7-34	2426-2428	de	
7-35	2430-2439	inwooners	
7-36	2439-2440	,	
7-37	2441-2443	en	
7-38	2444-2447	nog	
7-39	2448-2452	meer	
7-40	2453-2458	onder	
7-41	2459-2461	de	
7-42	2462-2466	arme	
7-43	2467-2476	matroosen	
7-44	2476-2477	,	
7-45	2478-2481	die	
7-46	2482-2484	op	
7-47	2485-2487	de	
7-48	2488-2495	schepen	
7-49	2496-2500	eene	
7-50	2501-2504	min	
7-51	2505-2512	zuivere	
7-52	2513-2518	lucht	
7-53	2519-2521	in	
7-54	2522-2528	ademen	
7-55	2528-2529	,	
7-56	2530-2533	dan	
7-57	2534-2536	op	
7-58	2537-2540	het	
7-59	2541-2545	land	
7-60	2545-2546	;	
7-61	2547-2549	om	
7-62	2550-2553	dat	
7-63	2554-2556	de	
7-64	2557-2562	hitte	
7-65	2563-2565	op	
7-66	2566-2574	dezelven	
7-67	2575-2577	zo	
7-68	2578-2586	geweldig	
7-69	2588-2590	is	
7-70	2590-2591	,	
7-71	2592-2595	dat	
7-72	2596-2598	de	
7-73	2599-2607	sterkste	
7-74	2608-2614	kaerel	
7-75	2615-2619	zich	
7-76	2620-2629	naeuwlyks	
7-77	2630-2637	staande	
7-78	2638-2641	kan	
7-79	2642-2648	houden	
7-80	2648-2649	;	
7-81	2650-2656	vooral	
7-82	2656-2657	,	
7-83	2658-2665	wanneer	
7-84	2667-2675	dezelven	
7-85	2676-2679	met	
7-86	2680-2686	zuiker	
7-87	2687-2695	belaaden	
7-88	2696-2699	zyn	
7-89	2699-2700	,	
7-90	2701-2706	welke	
7-91	2707-2719	verstikkende	
7-92	2720-2726	dampen	
7-93	2727-2738	veroorzaakt	
7-94	2738-2739	,	
7-95	2740-2744	waar	
7-96	2746-2750	door	
7-97	2751-2753	de	
7-98	2754-2765	ademhaaling	
7-99	2766-2770	byna	
7-100	2771-2782	onderschept	
7-101	2783-2788	wordt	
7-102	2788-2789	;	
7-103	2790-2792	zo	
7-104	2793-2796	dat	
7-105	2797-2800	het	
7-106	2801-2805	niet	
7-107	2806-2812	missen	
7-108	2813-2816	kan	
7-109	2816-2817	,	
7-110	2818-2820	of	
7-111	2821-2826	veele	
7-112	2828-2837	matroosen	
7-113	2838-2844	moeten	
7-114	2845-2849	door	
7-115	2850-2853	die	
7-116	2854-2859	hitte	
7-117	2860-2867	omkomen	
7-118	2867-2868	,	
7-119	2869-2871	te	
7-120	2872-2876	meer	
7-121	2876-2877	,	
7-122	2878-2883	dewyl	
7-123	2884-2885	'	
7-124	2885-2887	er	
7-125	2888-2893	zelfs	
7-126	2894-2898	geen	
7-127	2899-2907	Gasthuis	
7-128	2909-2913	voor	
7-129	2914-2917	hun	
7-130	2918-2920	in	
7-131	2921-2923	de	
7-132	2924-2928	stad	
7-133	2929-2931	is	
7-134	2931-2932	,	
7-135	2933-2942	werwaarts	
7-136	2943-2946	men	
7-137	2947-2950	hen	
7-138	2951-2954	kan	
7-139	2955-2962	brengen	
7-140	2962-2963	,	
7-141	2964-2966	om	
7-142	2967-2968	'	
7-143	2968-2970	er	
7-144	2971-2974	hun	
7-145	2975-2977	de	
7-146	2978-2985	noodige	
7-147	2987-2991	hulp	
7-148	2992-2996	voor	
7-149	2997-3002	hunne	
7-150	3003-3010	kwaalen	
7-151	3011-3013	te	
7-152	3014-3025	verschaffen	
7-153	3025-3026	.	
