#FORMAT=WebAnno TSV 3.3


#Text=14 Dixit autem Dominus ad Moysen : Scribe hoc ob monimentum in libro, et trade auribus Josue : delebo enim memoriam Amalec sub cælo.
#Text=15 Ædificavitque Moyses altare : et vocavit nomen ejus, Dominus exaltatio mea, dicens : 16 Quia manus solii Domini, et bellum Domini erit contra Amalec, a generatione in generationem.
1-1	2-4	14	
1-2	5-10	Dixit	
1-3	11-16	autem	
1-4	17-24	Dominus	
1-5	25-27	ad	
1-6	28-34	Moysen	
1-7	35-36	:	
1-8	37-43	Scribe	
1-9	44-47	hoc	
1-10	48-50	ob	
1-11	51-61	monimentum	
1-12	62-64	in	
1-13	65-70	libro	
1-14	70-71	,	
1-15	72-74	et	
1-16	75-80	trade	
1-17	81-88	auribus	
1-18	89-94	Josue	
1-19	95-96	:	
1-20	97-103	delebo	
1-21	104-108	enim	
1-22	109-117	memoriam	
1-23	118-124	Amalec	
1-24	125-128	sub	
1-25	129-133	cælo	
1-26	133-134	.	
1-27	135-137	15	
1-28	138-151	Ædificavitque	
1-29	152-158	Moyses	
1-30	159-165	altare	
1-31	166-167	:	
1-32	168-170	et	
1-33	171-178	vocavit	
1-34	179-184	nomen	
1-35	185-189	ejus	
1-36	189-190	,	
1-37	191-198	Dominus	
1-38	199-208	exaltatio	
1-39	209-212	mea	
1-40	212-213	,	
1-41	214-220	dicens	
1-42	221-222	:	
1-43	223-225	16	
1-44	226-230	Quia	
1-45	231-236	manus	
1-46	237-242	solii	
1-47	243-249	Domini	
1-48	249-250	,	
1-49	251-253	et	
1-50	254-260	bellum	
1-51	261-267	Domini	
1-52	268-272	erit	
1-53	273-279	contra	
1-54	280-286	Amalec	
1-55	286-287	,	
1-56	288-289	a	
1-57	290-301	generatione	
1-58	302-304	in	
1-59	305-317	generationem	
1-60	317-318	.	

#Text=Caput 18
#Text=
#Text=
#Text=1 Cumque audisset Jethro, sacerdos Madian, cognatus Moysi, omnia quæ fecerat Deus Moysi, et Israëli populo suo, et quod eduxisset Dominus Israël de Ægypto, 2 tulit Sephoram uxorem Moysi quam remiserat, 3 et duos filios ejus : quorum unus vocabatur Gersam, dicente patre : Advena fui in terra aliena ; 4 alter vero Eliezer : Deus enim, ait, patris mei adjutor meus, et eruit me de gladio Pharaonis.
#Text=5 Venit ergo Jethro cognatus Moysi, et filii ejus, et uxor ejus ad Moysen in desertum, ubi erat castrametatus juxta montem Dei.
#Text=6 Et mandavit Moysi, dicens : Ego Jethro cognatus tuus venio ad te, et uxor tua, et duo filii tui cum ea.
#Text=7 Qui egressus in occursum cognati sui, adoravit, et osculatus est eum : salutaveruntque se mutuo verbis pacificis.
2-1	319-324	Caput	
2-2	325-327	18	
2-3	330-331	1	
2-4	332-338	Cumque	
2-5	339-347	audisset	
2-6	348-354	Jethro	
2-7	354-355	,	
2-8	356-364	sacerdos	
2-9	365-371	Madian	
2-10	371-372	,	
2-11	373-381	cognatus	
2-12	382-387	Moysi	
2-13	387-388	,	
2-14	389-394	omnia	
2-15	395-398	quæ	
2-16	399-406	fecerat	
2-17	407-411	Deus	
2-18	412-417	Moysi	
2-19	417-418	,	
2-20	419-421	et	
2-21	422-429	Israëli	
2-22	430-436	populo	
2-23	437-440	suo	
2-24	440-441	,	
2-25	442-444	et	
2-26	445-449	quod	
2-27	450-459	eduxisset	
2-28	460-467	Dominus	
2-29	468-474	Israël	
2-30	475-477	de	
2-31	478-484	Ægypto	
2-32	484-485	,	
2-33	486-487	2	
2-34	488-493	tulit	
2-35	494-502	Sephoram	
2-36	503-509	uxorem	
2-37	510-515	Moysi	
2-38	516-520	quam	
2-39	521-530	remiserat	
2-40	530-531	,	
2-41	532-533	3	
2-42	534-536	et	
2-43	537-541	duos	
2-44	542-548	filios	
2-45	549-553	ejus	
2-46	554-555	:	
2-47	556-562	quorum	
2-48	563-567	unus	
2-49	568-577	vocabatur	
2-50	578-584	Gersam	
2-51	584-585	,	
2-52	586-593	dicente	
2-53	594-599	patre	
2-54	600-601	:	
2-55	602-608	Advena	
2-56	609-612	fui	
2-57	613-615	in	
2-58	616-621	terra	
2-59	622-628	aliena	
2-60	629-630	;	
2-61	631-632	4	
2-62	633-638	alter	
2-63	639-643	vero	
2-64	644-651	Eliezer	
2-65	652-653	:	
2-66	654-658	Deus	
2-67	659-663	enim	
2-68	663-664	,	
2-69	665-668	ait	
2-70	668-669	,	
2-71	670-676	patris	
2-72	677-680	mei	
2-73	681-688	adjutor	
2-74	689-693	meus	
2-75	693-694	,	
2-76	695-697	et	
2-77	698-703	eruit	
2-78	704-706	me	
2-79	707-709	de	
2-80	710-716	gladio	
2-81	717-726	Pharaonis	
2-82	726-727	.	
2-83	728-729	5	
2-84	730-735	Venit	
2-85	736-740	ergo	
2-86	741-747	Jethro	
2-87	748-756	cognatus	
2-88	757-762	Moysi	
2-89	762-763	,	
2-90	764-766	et	
2-91	767-772	filii	
2-92	773-777	ejus	
2-93	777-778	,	
2-94	779-781	et	
2-95	782-786	uxor	
2-96	787-791	ejus	
2-97	792-794	ad	
2-98	795-801	Moysen	
2-99	802-804	in	
2-100	805-813	desertum	
2-101	813-814	,	
2-102	815-818	ubi	
2-103	819-823	erat	
2-104	824-837	castrametatus	
2-105	838-843	juxta	
2-106	844-850	montem	
2-107	851-854	Dei	
2-108	854-855	.	
2-109	856-857	6	
2-110	858-860	Et	
2-111	861-869	mandavit	
2-112	870-875	Moysi	
2-113	875-876	,	
2-114	877-883	dicens	
2-115	884-885	:	
2-116	886-889	Ego	
2-117	890-896	Jethro	
2-118	897-905	cognatus	
2-119	906-910	tuus	
2-120	911-916	venio	
2-121	917-919	ad	
2-122	920-922	te	
2-123	922-923	,	
2-124	924-926	et	
2-125	927-931	uxor	
2-126	932-935	tua	
2-127	935-936	,	
2-128	937-939	et	
2-129	940-943	duo	
2-130	944-949	filii	
2-131	950-953	tui	
2-132	954-957	cum	
2-133	958-960	ea	
2-134	960-961	.	
2-135	962-963	7	
2-136	964-967	Qui	
2-137	968-976	egressus	
2-138	977-979	in	
2-139	980-988	occursum	
2-140	989-996	cognati	
2-141	997-1000	sui	
2-142	1000-1001	,	
2-143	1002-1010	adoravit	
2-144	1010-1011	,	
2-145	1012-1014	et	
2-146	1015-1024	osculatus	
2-147	1025-1028	est	
2-148	1029-1032	eum	
2-149	1033-1034	:	
2-150	1035-1050	salutaveruntque	
2-151	1051-1053	se	
2-152	1054-1059	mutuo	
2-153	1060-1066	verbis	
2-154	1067-1076	pacificis	
2-155	1076-1077	.	

#Text=Cumque intrasset tabernaculum, 8 narravit Moyses cognato suo cuncta quæ fecerat Dominus Pharaoni et Ægyptiis propter Israël : universumque laborem, qui accidisset eis in itinere, et quod liberaverat eos Dominus.
#Text=9 Lætatusque est Jethro super omnibus bonis, quæ fecerat Dominus Israëli, eo quod eruisset eum de manu Ægyptiorum.
#Text=10 Et ait : Benedictus Dominus, qui liberavit vos de manu Ægyptiorum, et de manu Pharaonis ; qui eruit populum suum de manu Ægypti.
#Text=11 Nunc cognovi, quia magnus Dominus super omnes deos : eo quod superbe egerint contra illos.
#Text=12 Obtulit ergo Jethro cognatus Moysi holocausta et hostias Deo : veneruntque Aaron et omnes seniores Israël, ut comederent panem cum eo coram Deo.
#Text=13 Altera autem die sedit Moyses ut judicaret populum, qui assistebat Moysi a mane usque ad vesperam.
#Text=14 Quod cum vidisset cognatus ejus, omnia scilicet quæ agebat in populo, ait : Quid est hoc quod facis in plebe ?
3-1	1078-1084	Cumque	
3-2	1085-1094	intrasset	
3-3	1095-1107	tabernaculum	
3-4	1107-1108	,	
3-5	1109-1110	8	
3-6	1111-1119	narravit	
3-7	1120-1126	Moyses	
3-8	1127-1134	cognato	
3-9	1135-1138	suo	
3-10	1139-1145	cuncta	
3-11	1146-1149	quæ	
3-12	1150-1157	fecerat	
3-13	1158-1165	Dominus	
3-14	1166-1174	Pharaoni	
3-15	1175-1177	et	
3-16	1178-1186	Ægyptiis	
3-17	1187-1194	propter	
3-18	1195-1201	Israël	
3-19	1202-1203	:	
3-20	1204-1216	universumque	
3-21	1217-1224	laborem	
3-22	1224-1225	,	
3-23	1226-1229	qui	
3-24	1230-1240	accidisset	
3-25	1241-1244	eis	
3-26	1245-1247	in	
3-27	1248-1255	itinere	
3-28	1255-1256	,	
3-29	1257-1259	et	
3-30	1260-1264	quod	
3-31	1265-1276	liberaverat	
3-32	1277-1280	eos	
3-33	1281-1288	Dominus	
3-34	1288-1289	.	
3-35	1290-1291	9	
3-36	1292-1302	Lætatusque	
3-37	1303-1306	est	
3-38	1307-1313	Jethro	
3-39	1314-1319	super	
3-40	1320-1327	omnibus	
3-41	1328-1333	bonis	
3-42	1333-1334	,	
3-43	1335-1338	quæ	
3-44	1339-1346	fecerat	
3-45	1347-1354	Dominus	
3-46	1355-1362	Israëli	
3-47	1362-1363	,	
3-48	1364-1366	eo	
3-49	1367-1371	quod	
3-50	1372-1380	eruisset	
3-51	1381-1384	eum	
3-52	1385-1387	de	
3-53	1388-1392	manu	
3-54	1393-1403	Ægyptiorum	
3-55	1403-1404	.	
3-56	1405-1407	10	
3-57	1408-1410	Et	
3-58	1411-1414	ait	
3-59	1415-1416	:	
3-60	1417-1427	Benedictus	
3-61	1428-1435	Dominus	
3-62	1435-1436	,	
3-63	1437-1440	qui	
3-64	1441-1450	liberavit	
3-65	1451-1454	vos	
3-66	1455-1457	de	
3-67	1458-1462	manu	
3-68	1463-1473	Ægyptiorum	
3-69	1473-1474	,	
3-70	1475-1477	et	
3-71	1478-1480	de	
3-72	1481-1485	manu	
3-73	1486-1495	Pharaonis	
3-74	1496-1497	;	
3-75	1498-1501	qui	
3-76	1502-1507	eruit	
3-77	1508-1515	populum	
3-78	1516-1520	suum	
3-79	1521-1523	de	
3-80	1524-1528	manu	
3-81	1529-1535	Ægypti	
3-82	1535-1536	.	
3-83	1537-1539	11	
3-84	1540-1544	Nunc	
3-85	1545-1552	cognovi	
3-86	1552-1553	,	
3-87	1554-1558	quia	
3-88	1559-1565	magnus	
3-89	1566-1573	Dominus	
3-90	1574-1579	super	
3-91	1580-1585	omnes	
3-92	1586-1590	deos	
3-93	1591-1592	:	
3-94	1593-1595	eo	
3-95	1596-1600	quod	
3-96	1601-1608	superbe	
3-97	1609-1616	egerint	
3-98	1617-1623	contra	
3-99	1624-1629	illos	
3-100	1629-1630	.	
3-101	1631-1633	12	
3-102	1634-1641	Obtulit	
3-103	1642-1646	ergo	
3-104	1647-1653	Jethro	
3-105	1654-1662	cognatus	
3-106	1663-1668	Moysi	
3-107	1669-1679	holocausta	
3-108	1680-1682	et	
3-109	1683-1690	hostias	
3-110	1691-1694	Deo	
3-111	1695-1696	:	
3-112	1697-1708	veneruntque	
3-113	1709-1714	Aaron	
3-114	1715-1717	et	
3-115	1718-1723	omnes	
3-116	1724-1732	seniores	
3-117	1733-1739	Israël	
3-118	1739-1740	,	
3-119	1741-1743	ut	
3-120	1744-1754	comederent	
3-121	1755-1760	panem	
3-122	1761-1764	cum	
3-123	1765-1767	eo	
3-124	1768-1773	coram	
3-125	1774-1777	Deo	
3-126	1777-1778	.	
3-127	1779-1781	13	
3-128	1782-1788	Altera	
3-129	1789-1794	autem	
3-130	1795-1798	die	
3-131	1799-1804	sedit	
3-132	1805-1811	Moyses	
3-133	1812-1814	ut	
3-134	1815-1824	judicaret	
3-135	1825-1832	populum	
3-136	1832-1833	,	
3-137	1834-1837	qui	
3-138	1838-1848	assistebat	
3-139	1849-1854	Moysi	
3-140	1855-1856	a	
3-141	1857-1861	mane	
3-142	1862-1867	usque	
3-143	1868-1870	ad	
3-144	1871-1879	vesperam	
3-145	1879-1880	.	
3-146	1881-1883	14	
3-147	1884-1888	Quod	
3-148	1889-1892	cum	
3-149	1893-1901	vidisset	
3-150	1902-1910	cognatus	
3-151	1911-1915	ejus	
3-152	1915-1916	,	
3-153	1917-1922	omnia	
3-154	1923-1931	scilicet	
3-155	1932-1935	quæ	
3-156	1936-1942	agebat	
3-157	1943-1945	in	
3-158	1946-1952	populo	
3-159	1952-1953	,	
3-160	1954-1957	ait	
3-161	1958-1959	:	
3-162	1960-1964	Quid	
3-163	1965-1968	est	
3-164	1969-1972	hoc	
3-165	1973-1977	quod	
3-166	1978-1983	facis	
3-167	1984-1986	in	
3-168	1987-1992	plebe	
3-169	1993-1994	?	

#Text=cur solus sedes, et omnis populus præstolatur de mane usque ad vesperam ?
4-1	1995-1998	cur	
4-2	1999-2004	solus	
4-3	2005-2010	sedes	
4-4	2010-2011	,	
4-5	2012-2014	et	
4-6	2015-2020	omnis	
4-7	2021-2028	populus	
4-8	2029-2040	præstolatur	
4-9	2041-2043	de	
4-10	2044-2048	mane	
4-11	2049-2054	usque	
4-12	2055-2057	ad	
4-13	2058-2066	vesperam	
4-14	2067-2068	?	

#Text=15 Cui respondit Moyses : Venit ad me populus quærens sententiam Dei : 16 cumque acciderit eis aliqua disceptatio, veniunt ad me ut judicem inter eos, et ostendam præcepta Dei, et leges ejus.
#Text=17 At ille : Non bonam, inquit, rem facis.
#Text=18 Stulto labore consumeris et tu, et populus iste qui tecum est : ultra vires tuas est negotium ; solus illud non poteris sustinere.
#Text=19 Sed audi verba mea atque consilia, et erit Deus tecum.
5-1	2069-2071	15	
5-2	2072-2075	Cui	
5-3	2076-2085	respondit	
5-4	2086-2092	Moyses	
5-5	2093-2094	:	
5-6	2095-2100	Venit	
5-7	2101-2103	ad	
5-8	2104-2106	me	
5-9	2107-2114	populus	
5-10	2115-2122	quærens	
5-11	2123-2133	sententiam	
5-12	2134-2137	Dei	
5-13	2138-2139	:	
5-14	2140-2142	16	
5-15	2143-2149	cumque	
5-16	2150-2159	acciderit	
5-17	2160-2163	eis	
5-18	2164-2170	aliqua	
5-19	2171-2182	disceptatio	
5-20	2182-2183	,	
5-21	2184-2191	veniunt	
5-22	2192-2194	ad	
5-23	2195-2197	me	
5-24	2198-2200	ut	
5-25	2201-2208	judicem	
5-26	2209-2214	inter	
5-27	2215-2218	eos	
5-28	2218-2219	,	
5-29	2220-2222	et	
5-30	2223-2231	ostendam	
5-31	2232-2240	præcepta	
5-32	2241-2244	Dei	
5-33	2244-2245	,	
5-34	2246-2248	et	
5-35	2249-2254	leges	
5-36	2255-2259	ejus	
5-37	2259-2260	.	
5-38	2261-2263	17	
5-39	2264-2266	At	
5-40	2267-2271	ille	
5-41	2272-2273	:	
5-42	2274-2277	Non	
5-43	2278-2283	bonam	
5-44	2283-2284	,	
5-45	2285-2291	inquit	
5-46	2291-2292	,	
5-47	2293-2296	rem	
5-48	2297-2302	facis	
5-49	2302-2303	.	
5-50	2304-2306	18	
5-51	2307-2313	Stulto	
5-52	2314-2320	labore	
5-53	2321-2331	consumeris	
5-54	2332-2334	et	
5-55	2335-2337	tu	
5-56	2337-2338	,	
5-57	2339-2341	et	
5-58	2342-2349	populus	
5-59	2350-2354	iste	
5-60	2355-2358	qui	
5-61	2359-2364	tecum	
5-62	2365-2368	est	
5-63	2369-2370	:	
5-64	2371-2376	ultra	
5-65	2377-2382	vires	
5-66	2383-2387	tuas	
5-67	2388-2391	est	
5-68	2392-2400	negotium	
5-69	2401-2402	;	
5-70	2403-2408	solus	
5-71	2409-2414	illud	
5-72	2415-2418	non	
5-73	2419-2426	poteris	
5-74	2427-2436	sustinere	
5-75	2436-2437	.	
5-76	2438-2440	19	
5-77	2441-2444	Sed	
5-78	2445-2449	audi	
5-79	2450-2455	verba	
5-80	2456-2459	mea	
5-81	2460-2465	atque	
5-82	2466-2474	consilia	
5-83	2474-2475	,	
5-84	2476-2478	et	
5-85	2479-2483	erit	
5-86	2484-2488	Deus	
5-87	2489-2494	tecum	
5-88	2494-2495	.	

#Text=Esto tu populo in his quæ ad Deum pertinent, ut referas quæ dicuntur ad eum : 20 ostendasque populo cæremonias et ritum colendi, viamque per quam ingredi debeant, et opus quod facere debeant.
#Text=21 Provide autem de omni plebe viros potentes, et timentes Deum, in quibus sit veritas, et qui oderint avaritiam, et constitue ex eis tribunos, et centuriones, et quinquagenarios, et decanos, 22 qui judicent populum omni tempore : quidquid autem majus fuerit, referant ad te, et ipsi minora tantummodo judicent : leviusque sit tibi, partito in alios onere.
6-1	2496-2500	Esto	
6-2	2501-2503	tu	
6-3	2504-2510	populo	
6-4	2511-2513	in	
6-5	2514-2517	his	
6-6	2518-2521	quæ	
6-7	2522-2524	ad	
6-8	2525-2529	Deum	
6-9	2530-2539	pertinent	
6-10	2539-2540	,	
6-11	2541-2543	ut	
6-12	2544-2551	referas	
6-13	2552-2555	quæ	
6-14	2556-2564	dicuntur	
6-15	2565-2567	ad	
6-16	2568-2571	eum	
6-17	2572-2573	:	
6-18	2574-2576	20	
6-19	2577-2588	ostendasque	
6-20	2589-2595	populo	
6-21	2596-2606	cæremonias	
6-22	2607-2609	et	
6-23	2610-2615	ritum	
6-24	2616-2623	colendi	
6-25	2623-2624	,	
6-26	2625-2632	viamque	
6-27	2633-2636	per	
6-28	2637-2641	quam	
6-29	2642-2649	ingredi	
6-30	2650-2657	debeant	
6-31	2657-2658	,	
6-32	2659-2661	et	
6-33	2662-2666	opus	
6-34	2667-2671	quod	
6-35	2672-2678	facere	
6-36	2679-2686	debeant	
6-37	2686-2687	.	
6-38	2688-2690	21	
6-39	2691-2698	Provide	
6-40	2699-2704	autem	
6-41	2705-2707	de	
6-42	2708-2712	omni	
6-43	2713-2718	plebe	
6-44	2719-2724	viros	
6-45	2725-2733	potentes	
6-46	2733-2734	,	
6-47	2735-2737	et	
6-48	2738-2746	timentes	
6-49	2747-2751	Deum	
6-50	2751-2752	,	
6-51	2753-2755	in	
6-52	2756-2762	quibus	
6-53	2763-2766	sit	
6-54	2767-2774	veritas	
6-55	2774-2775	,	
6-56	2776-2778	et	
6-57	2779-2782	qui	
6-58	2783-2790	oderint	
6-59	2791-2800	avaritiam	
6-60	2800-2801	,	
6-61	2802-2804	et	
6-62	2805-2814	constitue	
6-63	2815-2817	ex	
6-64	2818-2821	eis	
6-65	2822-2830	tribunos	
6-66	2830-2831	,	
6-67	2832-2834	et	
6-68	2835-2846	centuriones	
6-69	2846-2847	,	
6-70	2848-2850	et	
6-71	2851-2866	quinquagenarios	
6-72	2866-2867	,	
6-73	2868-2870	et	
6-74	2871-2878	decanos	
6-75	2878-2879	,	
6-76	2880-2882	22	
6-77	2883-2886	qui	
6-78	2887-2895	judicent	
6-79	2896-2903	populum	
6-80	2904-2908	omni	
6-81	2909-2916	tempore	
6-82	2917-2918	:	
6-83	2919-2927	quidquid	
6-84	2928-2933	autem	
6-85	2934-2939	majus	
6-86	2940-2946	fuerit	
6-87	2946-2947	,	
6-88	2948-2956	referant	
6-89	2957-2959	ad	
6-90	2960-2962	te	
6-91	2962-2963	,	
6-92	2964-2966	et	
6-93	2967-2971	ipsi	
6-94	2972-2978	minora	
6-95	2979-2989	tantummodo	
6-96	2990-2998	judicent	
6-97	2999-3000	:	
6-98	3001-3010	leviusque	
6-99	3011-3014	sit	
6-100	3015-3019	tibi	
6-101	3019-3020	,	
6-102	3021-3028	partito	
6-103	3029-3031	in	
6-104	3032-3037	alios	
6-105	3038-3043	onere	
6-106	3043-3044	.	
