#FORMAT=WebAnno TSV 3.3
#T_SP=custom.Span|label
#T_RL=custom.Relation|label|BT_custom.Span


#Text=Nachge.
1-1	3-9	Nachge	_	_	_	
1-2	9-10	.	_	_	_	

#Text=burt.
2-1	12-16	burt	_	_	_	
2-2	16-17	.	_	_	_	

#Text=Zahn-
#Text=ſchmertzen.
3-1	19-23	Zahn	_	_	_	
3-2	23-24	-	_	_	_	
3-3	25-35	ſchmertzen	_	_	_	
3-4	35-36	.	_	_	_	

#Text=Alte faule
#Text=ſchaͤden.
4-1	38-42	Alte	_	_	_	
4-2	43-48	faule	_	_	_	
4-3	49-57	ſchaͤden	_	_	_	
4-4	57-58	.	_	_	_	

#Text=Veneriſche
#Text=
#Text=Beulen.
5-1	60-70	Veneriſche	_	_	_	
5-2	72-78	Beulen	_	_	_	
5-3	78-79	.	_	_	_	

#Text=Angelauf-
#Text=fene faule
#Text=Bein.
6-1	81-89	Angelauf	_	_	_	
6-2	89-90	-	_	_	_	
6-3	91-95	fene	_	_	_	
6-4	96-101	faule	_	_	_	
6-5	102-106	Bein	_	_	_	
6-6	106-107	.	_	_	_	

#Text=Mit dem Geiſt dieſes Holtzes
#Text=kan man
#Text=
#Text=auch Corallen/
#Text=Perlen/ Krebsſtein und der-
#Text=gleichen ſolvieren/ wird aber wegen ſeines
#Text=widrigen geruchs hierzu nicht ſonderlich ge-
#Text=braucht.
7-1	110-113	Mit	_	_	_	
7-2	114-117	dem	_	_	_	
7-3	118-123	Geiſt	_	_	_	
7-4	124-130	dieſes	_	_	_	
7-5	131-138	Holtzes	Smell\_Source	_	_	
7-6	139-142	kan	_	_	_	
7-7	143-146	man	_	_	_	
7-8	148-152	auch	_	_	_	
7-9	153-161	Corallen	_	_	_	
7-10	161-162	/	_	_	_	
7-11	163-169	Perlen	_	_	_	
7-12	169-170	/	_	_	_	
7-13	171-181	Krebsſtein	_	_	_	
7-14	182-185	und	_	_	_	
7-15	186-189	der	_	_	_	
7-16	189-190	-	_	_	_	
7-17	191-199	gleichen	_	_	_	
7-18	200-209	ſolvieren	_	_	_	
7-19	209-210	/	_	_	_	
7-20	211-215	wird	_	_	_	
7-21	216-220	aber	_	_	_	
7-22	221-226	wegen	_	_	_	
7-23	227-233	ſeines	Smell\_Source	Anaphoric	7-5	
7-24	234-242	widrigen	Quality	_	_	
7-25	243-250	geruchs	Smell\_Word	*|*|*|*	7-24|7-23|7-5|7-27[1_0]	
7-26	251-257	hierzu	_	_	_	
7-27	258-263	nicht	Effect[1]	_	_	
7-28	264-274	ſonderlich	Effect[1]	_	_	
7-29	275-277	ge	Effect[1]	_	_	
7-30	277-278	-	Effect[1]	_	_	
7-31	279-286	braucht	Effect[1]	_	_	
7-32	286-287	.	_	_	_	

#Text=Das fixe alcaliſche Saltz eroͤffnet innerli-
#Text=che Verſtopffungen/ treibt auch durch den
#Text=Harn/ verzehret die Cruditaͤten des Ma-
#Text=gens und der Gedaͤrmen/ verbeſſert das ve-
#Text=neriſche Gebluͤt/
#Text=daher es under alle in ſol-
#Text=cher Kranckheit vorgeſchriebene
#Text=Purgier-
#Text=mittel nicht ohne gute Wuͤrckung gebraucht
#Text=
#Text=wird.
8-1	291-294	Das	_	_	_	
8-2	295-299	fixe	_	_	_	
8-3	300-310	alcaliſche	_	_	_	
8-4	311-316	Saltz	_	_	_	
8-5	317-326	eroͤffnet	_	_	_	
8-6	327-334	innerli	_	_	_	
8-7	334-335	-	_	_	_	
8-8	336-339	che	_	_	_	
8-9	340-354	Verſtopffungen	_	_	_	
8-10	354-355	/	_	_	_	
8-11	356-362	treibt	_	_	_	
8-12	363-367	auch	_	_	_	
8-13	368-373	durch	_	_	_	
8-14	374-377	den	_	_	_	
8-15	378-382	Harn	_	_	_	
8-16	382-383	/	_	_	_	
8-17	384-393	verzehret	_	_	_	
8-18	394-397	die	_	_	_	
8-19	398-409	Cruditaͤten	_	_	_	
8-20	410-413	des	_	_	_	
8-21	414-416	Ma	_	_	_	
8-22	416-417	-	_	_	_	
8-23	418-422	gens	_	_	_	
8-24	423-426	und	_	_	_	
8-25	427-430	der	_	_	_	
8-26	431-440	Gedaͤrmen	_	_	_	
8-27	440-441	/	_	_	_	
8-28	442-452	verbeſſert	_	_	_	
8-29	453-456	das	_	_	_	
8-30	457-459	ve	_	_	_	
8-31	459-460	-	_	_	_	
8-32	461-469	neriſche	_	_	_	
8-33	470-477	Gebluͤt	_	_	_	
8-34	477-478	/	_	_	_	
8-35	479-484	daher	_	_	_	
8-36	485-487	es	_	_	_	
8-37	488-493	under	_	_	_	
8-38	494-498	alle	_	_	_	
8-39	499-501	in	_	_	_	
8-40	502-505	ſol	_	_	_	
8-41	505-506	-	_	_	_	
8-42	507-511	cher	_	_	_	
8-43	512-522	Kranckheit	_	_	_	
8-44	523-538	vorgeſchriebene	_	_	_	
8-45	539-546	Purgier	_	_	_	
8-46	546-547	-	_	_	_	
8-47	548-554	mittel	_	_	_	
8-48	555-560	nicht	_	_	_	
8-49	561-565	ohne	_	_	_	
8-50	566-570	gute	_	_	_	
8-51	571-580	Wuͤrckung	_	_	_	
8-52	581-590	gebraucht	_	_	_	
8-53	592-596	wird	_	_	_	
8-54	596-597	.	_	_	_	

#Text=Verſtopf-
#Text=fungen/
#Text=
#Text=Verſeſſe-
#Text=ner Harn/
#Text=
#Text=Schleim
9-1	601-609	Verſtopf	_	_	_	
9-2	609-610	-	_	_	_	
9-3	611-617	fungen	_	_	_	
9-4	617-618	/	_	_	_	
9-5	620-628	Verſeſſe	_	_	_	
9-6	628-629	-	_	_	_	
9-7	630-633	ner	_	_	_	
9-8	634-638	Harn	_	_	_	
9-9	638-639	/	_	_	_	
9-10	641-648	Schleim	_	_	_	
