#FORMAT=WebAnno TSV 3.3


#Text=do adjuvetur: ita videmus, sonum a vcacis fieri magis, vel minus intensum, licet motus aeris, qui ventum constituie, valde discrcpet ab aeris motu, a quo fit sonus : poterit proinde motus matesię odorę a motu aeris per dares attracti fieri magis intensus, ita
#Text=
#Text=ut sensationem excitet.
1-1	2-4	do	
1-2	5-14	adjuvetur	
1-3	14-15	:	
1-4	16-19	ita	
1-5	20-27	videmus	
1-6	27-28	,	
1-7	29-34	sonum	
1-8	35-36	a	
1-9	37-43	vcacis	
1-10	44-49	fieri	
1-11	50-55	magis	
1-12	55-56	,	
1-13	57-60	vel	
1-14	61-66	minus	
1-15	67-75	intensum	
1-16	75-76	,	
1-17	77-82	licet	
1-18	83-88	motus	
1-19	89-94	aeris	
1-20	94-95	,	
1-21	96-99	qui	
1-22	100-106	ventum	
1-23	107-117	constituie	
1-24	117-118	,	
1-25	119-124	valde	
1-26	125-134	discrcpet	
1-27	135-137	ab	
1-28	138-143	aeris	
1-29	144-148	motu	
1-30	148-149	,	
1-31	150-151	a	
1-32	152-155	quo	
1-33	156-159	fit	
1-34	160-165	sonus	
1-35	166-167	:	
1-36	168-175	poterit	
1-37	176-183	proinde	
1-38	184-189	motus	
1-39	190-197	matesię	
1-40	198-203	odorę	
1-41	204-205	a	
1-42	206-210	motu	
1-43	211-216	aeris	
1-44	217-220	per	
1-45	221-226	dares	
1-46	227-235	attracti	
1-47	236-241	fieri	
1-48	242-247	magis	
1-49	248-256	intensus	
1-50	256-257	,	
1-51	258-261	ita	
1-52	263-265	ut	
1-53	266-277	sensationem	
1-54	278-285	excitet	
1-55	285-286	.	

#Text=XV.
#Text=irum videri poteft, ab odoribus ita aliquos affici, ut verti.
#Text=giocm, deliquium, aliosque deceriores etiam effectus paciantur , quod in mulieribus præfertim accidic hysterica affectione laborantibus; sed si perpendamus, nervos quinix conjugationis non folum ad nares ferri, fed in oculos etiam, linguarn , palatum ceterafque capitis partes , & in ipsum etiam thoracem, & diaphragma, atque præcordia sese inliņuare , facile advertemus, ex
#Text=
#Text=
#Text=
#Text=motu
#Text=
#Text=
#Text=
#Text=
#Text=
#Text=motu nervorum olfactoriorum motun etiam in nervos per alias corporis partes dispersos oriri, ex quo moru improviso facile curbatur cursus spirituum animalium, atque hinc animi deliquium, cæterique noxii effectus .
2-1	287-289	XV	
2-2	289-290	.	
2-3	291-295	irum	
2-4	296-302	videri	
2-5	303-309	poteft	
2-6	309-310	,	
2-7	311-313	ab	
2-8	314-322	odoribus	
2-9	323-326	ita	
2-10	327-334	aliquos	
2-11	335-341	affici	
2-12	341-342	,	
2-13	343-345	ut	
2-14	346-351	verti	
2-15	351-352	.	
2-16	353-358	giocm	
2-17	358-359	,	
2-18	360-369	deliquium	
2-19	369-370	,	
2-20	371-379	aliosque	
2-21	380-390	deceriores	
2-22	391-396	etiam	
2-23	397-405	effectus	
2-24	406-415	paciantur	
2-25	416-417	,	
2-26	418-422	quod	
2-27	423-425	in	
2-28	426-436	mulieribus	
2-29	437-446	præfertim	
2-30	447-454	accidic	
2-31	455-464	hysterica	
2-32	465-475	affectione	
2-33	476-488	laborantibus	
2-34	488-489	;	
2-35	490-493	sed	
2-36	494-496	si	
2-37	497-508	perpendamus	
2-38	508-509	,	
2-39	510-516	nervos	
2-40	517-523	quinix	
2-41	524-537	conjugationis	
2-42	538-541	non	
2-43	542-547	folum	
2-44	548-550	ad	
2-45	551-556	nares	
2-46	557-562	ferri	
2-47	562-563	,	
2-48	564-567	fed	
2-49	568-570	in	
2-50	571-577	oculos	
2-51	578-583	etiam	
2-52	583-584	,	
2-53	585-593	linguarn	
2-54	594-595	,	
2-55	596-603	palatum	
2-56	604-614	ceterafque	
2-57	615-622	capitis	
2-58	623-629	partes	
2-59	630-631	,	
2-60	632-633	&	
2-61	634-636	in	
2-62	637-642	ipsum	
2-63	643-648	etiam	
2-64	649-657	thoracem	
2-65	657-658	,	
2-66	659-660	&	
2-67	661-671	diaphragma	
2-68	671-672	,	
2-69	673-678	atque	
2-70	679-688	præcordia	
2-71	689-693	sese	
2-72	694-703	inliņuare	
2-73	704-705	,	
2-74	706-712	facile	
2-75	713-723	advertemus	
2-76	723-724	,	
2-77	725-727	ex	
2-78	731-735	motu	
2-79	741-745	motu	
2-80	746-754	nervorum	
2-81	755-768	olfactoriorum	
2-82	769-774	motun	
2-83	775-780	etiam	
2-84	781-783	in	
2-85	784-790	nervos	
2-86	791-794	per	
2-87	795-800	alias	
2-88	801-809	corporis	
2-89	810-816	partes	
2-90	817-826	dispersos	
2-91	827-832	oriri	
2-92	832-833	,	
2-93	834-836	ex	
2-94	837-840	quo	
2-95	841-845	moru	
2-96	846-855	improviso	
2-97	856-862	facile	
2-98	863-871	curbatur	
2-99	872-878	cursus	
2-100	879-888	spirituum	
2-101	889-898	animalium	
2-102	898-899	,	
2-103	900-905	atque	
2-104	906-910	hinc	
2-105	911-916	animi	
2-106	917-926	deliquium	
2-107	926-927	,	
2-108	928-937	cæterique	
2-109	938-943	noxii	
2-110	944-952	effectus	
2-111	953-954	.	

#Text=Neque difficultas in eo elle poteft, quod fatis nobis non innotescat, quomodo particularum motus hujusmodi effectus crcare poslit; nam etâ hujus phænomeni ratio nobis certo non conster, scimus tamen, ipsum sonum aliquos limiles effectus procreare: nonne sunt, qui ex affrictu ferri ad ferrum, vel ad vitrum, vel ex aliis hujusmodi sonis ita turbantur, ut lint omnino sui impo.
#Text=tes?
3-1	955-960	Neque	
3-2	961-972	difficultas	
3-3	973-975	in	
3-4	976-978	eo	
3-5	979-983	elle	
3-6	984-990	poteft	
3-7	990-991	,	
3-8	992-996	quod	
3-9	997-1002	fatis	
3-10	1003-1008	nobis	
3-11	1009-1012	non	
3-12	1013-1023	innotescat	
3-13	1023-1024	,	
3-14	1025-1032	quomodo	
3-15	1033-1045	particularum	
3-16	1046-1051	motus	
3-17	1052-1061	hujusmodi	
3-18	1062-1070	effectus	
3-19	1071-1077	crcare	
3-20	1078-1084	poslit	
3-21	1084-1085	;	
3-22	1086-1089	nam	
3-23	1090-1093	etâ	
3-24	1094-1099	hujus	
3-25	1100-1109	phænomeni	
3-26	1110-1115	ratio	
3-27	1116-1121	nobis	
3-28	1122-1127	certo	
3-29	1128-1131	non	
3-30	1132-1139	conster	
3-31	1139-1140	,	
3-32	1141-1147	scimus	
3-33	1148-1153	tamen	
3-34	1153-1154	,	
3-35	1155-1160	ipsum	
3-36	1161-1166	sonum	
3-37	1167-1174	aliquos	
3-38	1175-1182	limiles	
3-39	1183-1191	effectus	
3-40	1192-1201	procreare	
3-41	1201-1202	:	
3-42	1203-1208	nonne	
3-43	1209-1213	sunt	
3-44	1213-1214	,	
3-45	1215-1218	qui	
3-46	1219-1221	ex	
3-47	1222-1230	affrictu	
3-48	1231-1236	ferri	
3-49	1237-1239	ad	
3-50	1240-1246	ferrum	
3-51	1246-1247	,	
3-52	1248-1251	vel	
3-53	1252-1254	ad	
3-54	1255-1261	vitrum	
3-55	1261-1262	,	
3-56	1263-1266	vel	
3-57	1267-1269	ex	
3-58	1270-1275	aliis	
3-59	1276-1285	hujusmodi	
3-60	1286-1291	sonis	
3-61	1292-1295	ita	
3-62	1296-1305	turbantur	
3-63	1305-1306	,	
3-64	1307-1309	ut	
3-65	1310-1314	lint	
3-66	1315-1321	omnino	
3-67	1322-1325	sui	
3-68	1326-1330	impo	
3-69	1330-1331	.	
3-70	1332-1335	tes	
3-71	1335-1336	?	

#Text=omnes præterea experimur in nobismet iplis quasdam corpo.
#Text=ris totius commotiones ad aliquorum instrumentorum lonos, præsertim vero si chordę quędam pulsentur.
4-1	1337-1342	omnes	
4-2	1343-1351	præterea	
4-3	1352-1361	experimur	
4-4	1362-1364	in	
4-5	1365-1373	nobismet	
4-6	1374-1379	iplis	
4-7	1380-1387	quasdam	
4-8	1388-1393	corpo	
4-9	1393-1394	.	
4-10	1395-1398	ris	
4-11	1399-1405	totius	
4-12	1406-1417	commotiones	
4-13	1418-1420	ad	
4-14	1421-1430	aliquorum	
4-15	1431-1445	instrumentorum	
4-16	1446-1451	lonos	
4-17	1451-1452	,	
4-18	1453-1462	præsertim	
4-19	1463-1467	vero	
4-20	1468-1470	si	
4-21	1471-1477	chordę	
4-22	1478-1484	quędam	
4-23	1485-1494	pulsentur	
4-24	1494-1495	.	

#Text=Motus igitur mate, rix odoræ similes effectus in nobis generare potest; et co facilius, quo nervi olfactorii cum aliis per universum corpus disperlis magis connectuntur, atque hıc de causa hujus generis effectus
#Text=
#Text=facilius ab odoribus, quan a lonis producuntur.
5-1	1496-1501	Motus	
5-2	1502-1508	igitur	
5-3	1509-1513	mate	
5-4	1513-1514	,	
5-5	1515-1518	rix	
5-6	1519-1524	odoræ	
5-7	1525-1532	similes	
5-8	1533-1541	effectus	
5-9	1542-1544	in	
5-10	1545-1550	nobis	
5-11	1551-1559	generare	
5-12	1560-1566	potest	
5-13	1566-1567	;	
5-14	1568-1570	et	
5-15	1571-1573	co	
5-16	1574-1582	facilius	
5-17	1582-1583	,	
5-18	1584-1587	quo	
5-19	1588-1593	nervi	
5-20	1594-1604	olfactorii	
5-21	1605-1608	cum	
5-22	1609-1614	aliis	
5-23	1615-1618	per	
5-24	1619-1628	universum	
5-25	1629-1635	corpus	
5-26	1636-1645	disperlis	
5-27	1646-1651	magis	
5-28	1652-1664	connectuntur	
5-29	1664-1665	,	
5-30	1666-1671	atque	
5-31	1672-1675	hıc	
5-32	1676-1678	de	
5-33	1679-1684	causa	
5-34	1685-1690	hujus	
5-35	1691-1698	generis	
5-36	1699-1707	effectus	
5-37	1709-1717	facilius	
5-38	1718-1720	ab	
5-39	1721-1729	odoribus	
5-40	1729-1730	,	
5-41	1731-1735	quan	
5-42	1736-1737	a	
5-43	1738-1743	lonis	
5-44	1744-1755	producuntur	
5-45	1755-1756	.	

#Text=XVI.
6-1	1757-1760	XVI	
6-2	1760-1761	.	

#Text=Hec pociora videntur circa odores explicanda ; cætera quis.
#Text=que proprio marte facile deducere pocelt, v. g. cur iidem odores aliis grati fint, aliis ingrati, cur facilius ab una animalium specie, quam ab alia percipiantur, cur in aliis corporibus acutiores fine, in aliis remifTiores, & cxtera hujusmodi.
7-1	1762-1765	Hec	
7-2	1766-1773	pociora	
7-3	1774-1782	videntur	
7-4	1783-1788	circa	
7-5	1789-1795	odores	
7-6	1796-1806	explicanda	
7-7	1807-1808	;	
7-8	1809-1815	cætera	
7-9	1816-1820	quis	
7-10	1820-1821	.	
7-11	1822-1825	que	
7-12	1826-1833	proprio	
7-13	1834-1839	marte	
7-14	1840-1846	facile	
7-15	1847-1855	deducere	
7-16	1856-1862	pocelt	
7-17	1862-1863	,	
7-18	1864-1865	v	
7-19	1865-1866	.	
7-20	1867-1868	g	
7-21	1868-1869	.	
7-22	1870-1873	cur	
7-23	1874-1879	iidem	
7-24	1880-1886	odores	
7-25	1887-1892	aliis	
7-26	1893-1898	grati	
7-27	1899-1903	fint	
7-28	1903-1904	,	
7-29	1905-1910	aliis	
7-30	1911-1918	ingrati	
7-31	1918-1919	,	
7-32	1920-1923	cur	
7-33	1924-1932	facilius	
7-34	1933-1935	ab	
7-35	1936-1939	una	
7-36	1940-1949	animalium	
7-37	1950-1956	specie	
7-38	1956-1957	,	
7-39	1958-1962	quam	
7-40	1963-1965	ab	
7-41	1966-1970	alia	
7-42	1971-1983	percipiantur	
7-43	1983-1984	,	
7-44	1985-1988	cur	
7-45	1989-1991	in	
7-46	1992-1997	aliis	
7-47	1998-2008	corporibus	
7-48	2009-2018	acutiores	
7-49	2019-2023	fine	
7-50	2023-2024	,	
7-51	2025-2027	in	
7-52	2028-2033	aliis	
7-53	2034-2045	remifTiores	
7-54	2045-2046	,	
7-55	2047-2048	&	
7-56	2049-2055	cxtera	
7-57	2056-2065	hujusmodi	
7-58	2065-2066	.	

#Text=Quare cum omnia satis concione explicec hæc fententia, & difficultatem sub initium expositam omnino fugiar, saltem ur hypothesis ad phænomena explicanda aptissima admitti poteit.
8-1	2067-2072	Quare	
8-2	2073-2076	cum	
8-3	2077-2082	omnia	
8-4	2083-2088	satis	
8-5	2089-2097	concione	
8-6	2098-2106	explicec	
8-7	2107-2110	hæc	
8-8	2111-2120	fententia	
8-9	2120-2121	,	
8-10	2122-2123	&	
8-11	2124-2137	difficultatem	
8-12	2138-2141	sub	
8-13	2142-2149	initium	
8-14	2150-2159	expositam	
8-15	2160-2166	omnino	
8-16	2167-2173	fugiar	
8-17	2173-2174	,	
8-18	2175-2181	saltem	
8-19	2182-2184	ur	
8-20	2185-2195	hypothesis	
8-21	2196-2198	ad	
8-22	2199-2208	phænomena	
8-23	2209-2219	explicanda	
8-24	2220-2229	aptissima	
8-25	2230-2237	admitti	
8-26	2238-2244	poteit	
8-27	2244-2245	.	

#Text=Verum si a notioribus ad ignota faciendus est progrellus, uc bene ratiocinandi regulæ nos docent, etiam uc chelis non elt rejicienda.
9-1	2246-2251	Verum	
9-2	2252-2254	si	
9-3	2255-2256	a	
9-4	2257-2267	notioribus	
9-5	2268-2270	ad	
9-6	2271-2277	ignota	
9-7	2278-2287	faciendus	
9-8	2288-2291	est	
9-9	2292-2302	progrellus	
9-10	2302-2303	,	
9-11	2304-2306	uc	
9-12	2307-2311	bene	
9-13	2312-2324	ratiocinandi	
9-14	2325-2331	regulæ	
9-15	2332-2335	nos	
9-16	2336-2342	docent	
9-17	2342-2343	,	
9-18	2344-2349	etiam	
9-19	2350-2352	uc	
9-20	2353-2359	chelis	
9-21	2360-2363	non	
9-22	2364-2367	elt	
9-23	2368-2378	rejicienda	
9-24	2378-2379	.	

#Text=Scimus certo, quantum physicæ res patiuntur, aliquam fenfationem ficri per motum particularum, quæ a corpore egreffæ non Gne, fed ab codem motum acceperint; hujusmodic taudicio; certi aucem non fumus, ullam fieri Sensationem per appulsum particularum a corpore effu-ntium fine sensibili ejusdem corporis decremento : quamobrem cum de uno agendi modo in natura certi fimus, cur codem in aliis etiam non utamur, G nihil id prohibeat?
10-1	2380-2386	Scimus	
10-2	2387-2392	certo	
10-3	2392-2393	,	
10-4	2394-2401	quantum	
10-5	2402-2409	physicæ	
10-6	2410-2413	res	
10-7	2414-2423	patiuntur	
10-8	2423-2424	,	
10-9	2425-2432	aliquam	
10-10	2433-2444	fenfationem	
10-11	2445-2450	ficri	
10-12	2451-2454	per	
10-13	2455-2460	motum	
10-14	2461-2473	particularum	
10-15	2473-2474	,	
10-16	2475-2478	quæ	
10-17	2479-2480	a	
10-18	2481-2488	corpore	
10-19	2489-2496	egreffæ	
10-20	2497-2500	non	
10-21	2501-2504	Gne	
10-22	2504-2505	,	
10-23	2506-2509	fed	
10-24	2510-2512	ab	
10-25	2513-2518	codem	
10-26	2519-2524	motum	
10-27	2525-2535	acceperint	
10-28	2535-2536	;	
10-29	2537-2547	hujusmodic	
10-30	2548-2556	taudicio	
10-31	2556-2557	;	
10-32	2558-2563	certi	
10-33	2564-2569	aucem	
10-34	2570-2573	non	
10-35	2574-2579	fumus	
10-36	2579-2580	,	
10-37	2581-2586	ullam	
10-38	2587-2592	fieri	
10-39	2593-2604	Sensationem	
10-40	2605-2608	per	
10-41	2609-2617	appulsum	
10-42	2618-2630	particularum	
10-43	2631-2632	a	
10-44	2633-2640	corpore	
10-45	2641-2651	effu-ntium	
10-46	2652-2656	fine	
10-47	2657-2666	sensibili	
10-48	2667-2674	ejusdem	
10-49	2675-2683	corporis	
10-50	2684-2694	decremento	
10-51	2695-2696	:	
10-52	2697-2706	quamobrem	
10-53	2707-2710	cum	
10-54	2711-2713	de	
10-55	2714-2717	uno	
10-56	2718-2724	agendi	
10-57	2725-2729	modo	
10-58	2730-2732	in	
10-59	2733-2739	natura	
10-60	2740-2745	certi	
10-61	2746-2751	fimus	
10-62	2751-2752	,	
10-63	2753-2756	cur	
10-64	2757-2762	codem	
10-65	2763-2765	in	
10-66	2766-2771	aliis	
10-67	2772-2777	etiam	
10-68	2778-2781	non	
10-69	2782-2788	utamur	
10-70	2788-2789	,	
10-71	2790-2791	G	
10-72	2792-2797	nihil	
10-73	2798-2800	id	
10-74	2801-2810	prohibeat	
10-75	2810-2811	?	

#Text=Nihil autem elle in hac materia, quod odorum propagationcm mox explicatam evertat, abunde ostendislc mihi videor: quare cum nihil in hac fententia lit difficultatis , naturam vero faciat fibi maximc conformem, fententiæ a Philosophis hactenus recepte
#Text=
#Text=hanc
#Text=
#Text=
#Text=
#Text=
#Text=
#Text=elias cile elia
#Text=
#Text=
#Text=
#Text=Ig hanc cheoriam preferendam cenfeo, quam tamen ad eum cani tum finem tumultuario ftudio concionavi, ut qui vel ingenio, vel librorum copia , vel experiendi faculcate pręstant, auc falsam oftendant, aut rationc, atque experimentis confirmenc, rcmquc accuratius, ubi opus eft, definiant:
#Text=
#Text=
#Text=
#Text=
#Text=
#Text=Mnes plantarum operationes , nutritio scilicet , accretio, ac produ
#Text=
#Text=&tio a varia materia textura, atque affe&tione ab extrinsecis caufis adjuta omnino est repetenda.
11-1	2812-2817	Nihil	
11-2	2818-2823	autem	
11-3	2824-2828	elle	
11-4	2829-2831	in	
11-5	2832-2835	hac	
11-6	2836-2843	materia	
11-7	2843-2844	,	
11-8	2845-2849	quod	
11-9	2850-2856	odorum	
11-10	2857-2870	propagationcm	
11-11	2871-2874	mox	
11-12	2875-2885	explicatam	
11-13	2886-2893	evertat	
11-14	2893-2894	,	
11-15	2895-2901	abunde	
11-16	2902-2912	ostendislc	
11-17	2913-2917	mihi	
11-18	2918-2924	videor	
11-19	2924-2925	:	
11-20	2926-2931	quare	
11-21	2932-2935	cum	
11-22	2936-2941	nihil	
11-23	2942-2944	in	
11-24	2945-2948	hac	
11-25	2949-2958	fententia	
11-26	2959-2962	lit	
11-27	2963-2976	difficultatis	
11-28	2977-2978	,	
11-29	2979-2986	naturam	
11-30	2987-2991	vero	
11-31	2992-2998	faciat	
11-32	2999-3003	fibi	
11-33	3004-3010	maximc	
11-34	3011-3020	conformem	
11-35	3020-3021	,	
11-36	3022-3031	fententiæ	
11-37	3032-3033	a	
11-38	3034-3045	Philosophis	
11-39	3046-3054	hactenus	
11-40	3055-3062	recepte	
11-41	3064-3068	hanc	
11-42	3074-3079	elias	
11-43	3080-3084	cile	
11-44	3085-3089	elia	
11-45	3093-3095	Ig	
11-46	3096-3100	hanc	
11-47	3101-3109	cheoriam	
11-48	3110-3121	preferendam	
11-49	3122-3128	cenfeo	
11-50	3128-3129	,	
11-51	3130-3134	quam	
11-52	3135-3140	tamen	
11-53	3141-3143	ad	
11-54	3144-3147	eum	
11-55	3148-3152	cani	
11-56	3153-3156	tum	
11-57	3157-3162	finem	
11-58	3163-3174	tumultuario	
11-59	3175-3181	ftudio	
11-60	3182-3192	concionavi	
11-61	3192-3193	,	
11-62	3194-3196	ut	
11-63	3197-3200	qui	
11-64	3201-3204	vel	
11-65	3205-3212	ingenio	
11-66	3212-3213	,	
11-67	3214-3217	vel	
11-68	3218-3226	librorum	
11-69	3227-3232	copia	
11-70	3233-3234	,	
11-71	3235-3238	vel	
11-72	3239-3249	experiendi	
11-73	3250-3259	faculcate	
11-74	3260-3268	pręstant	
11-75	3268-3269	,	
11-76	3270-3273	auc	
11-77	3274-3280	falsam	
11-78	3281-3290	oftendant	
11-79	3290-3291	,	
11-80	3292-3295	aut	
11-81	3296-3303	rationc	
11-82	3303-3304	,	
11-83	3305-3310	atque	
11-84	3311-3323	experimentis	
11-85	3324-3334	confirmenc	
11-86	3334-3335	,	
11-87	3336-3342	rcmquc	
11-88	3343-3353	accuratius	
11-89	3353-3354	,	
11-90	3355-3358	ubi	
11-91	3359-3363	opus	
11-92	3364-3367	eft	
11-93	3367-3368	,	
11-94	3369-3378	definiant	
11-95	3378-3379	:	
11-96	3385-3389	Mnes	
11-97	3390-3399	plantarum	
11-98	3400-3411	operationes	
11-99	3412-3413	,	
11-100	3414-3422	nutritio	
11-101	3423-3431	scilicet	
11-102	3432-3433	,	
11-103	3434-3442	accretio	
11-104	3442-3443	,	
11-105	3444-3446	ac	
11-106	3447-3452	produ	
11-107	3454-3455	&	
11-108	3455-3458	tio	
11-109	3459-3460	a	
11-110	3461-3466	varia	
11-111	3467-3474	materia	
11-112	3475-3482	textura	
11-113	3482-3483	,	
11-114	3484-3489	atque	
11-115	3490-3494	affe	
11-116	3494-3495	&	
11-117	3495-3500	tione	
11-118	3501-3503	ab	
11-119	3504-3515	extrinsecis	
11-120	3516-3522	caufis	
11-121	3523-3529	adjuta	
11-122	3530-3536	omnino	
11-123	3537-3540	est	
11-124	3541-3550	repetenda	
11-125	3550-3551	.	

#Text=II.
12-1	3552-3554	II	
12-2	3554-3555	.	

#Text=Circa Plantarum produttionem negamus, fe
#Text=
#Text=mina omnia à Deo sub Mundi exortum creata fuiße , eaque vel per elementa diSpersa, vel alia aliis fuiße inclusa.
13-1	3556-3561	Circa	
13-2	3562-3571	Plantarum	
13-3	3572-3584	produttionem	
13-4	3585-3592	negamus	
13-5	3592-3593	,	
13-6	3594-3596	fe	
13-7	3598-3602	mina	
13-8	3603-3608	omnia	
13-9	3609-3610	à	
13-10	3611-3614	Deo	
13-11	3615-3618	sub	
13-12	3619-3624	Mundi	
13-13	3625-3632	exortum	
13-14	3633-3639	creata	
13-15	3640-3645	fuiße	
13-16	3646-3647	,	
13-17	3648-3653	eaque	
13-18	3654-3657	vel	
13-19	3658-3661	per	
13-20	3662-3670	elementa	
13-21	3671-3679	diSpersa	
13-22	3679-3680	,	
13-23	3681-3684	vel	
13-24	3685-3689	alia	
13-25	3690-3695	aliis	
13-26	3696-3701	fuiße	
13-27	3702-3709	inclusa	
13-28	3709-3710	.	

#Text=III.
14-1	3711-3714	III	
14-2	3714-3715	.	

#Text=Contradio vitalis musculorum fit a spiritibus
#Text=
#Text=animalibus per nervos in musculos transmisis.
15-1	3716-3725	Contradio	
15-2	3726-3733	vitalis	
15-3	3734-3744	musculorum	
15-4	3745-3748	fit	
15-5	3749-3750	a	
15-6	3751-3761	spiritibus	
15-7	3763-3773	animalibus	
15-8	3774-3777	per	
15-9	3778-3784	nervos	
15-10	3785-3787	in	
15-11	3788-3796	musculos	
15-12	3797-3807	transmisis	
15-13	3807-3808	.	
