#FORMAT=WebAnno TSV 3.3


#Text=met dien verstande nochtans 
#Text=dat de L.
1-1	0-3	met	
1-2	4-8	dien	
1-3	9-18	verstande	
1-4	19-27	nochtans	
1-5	29-32	dat	
1-6	33-35	de	
1-7	36-37	L	
1-8	37-38	.	

#Text=Admiraalen Tromp en Meppel met hun esquadre de avantguarde als dan 
#Text=zullen moeten hebben, en zoo vervolgens
2-1	39-49	Admiraalen	
2-2	50-55	Tromp	
2-3	56-58	en	
2-4	59-65	Meppel	
2-5	66-69	met	
2-6	70-73	hun	
2-7	74-82	esquadre	
2-8	83-85	de	
2-9	86-97	avantguarde	
2-10	98-101	als	
2-11	102-105	dan	
2-12	107-113	zullen	
2-13	114-120	moeten	
2-14	121-127	hebben	
2-15	127-128	,	
2-16	129-131	en	
2-17	132-135	zoo	
2-18	136-146	vervolgens	

#Text=.
3-1	146-147	.	

#Text=+
#Text=Ende
#Text=by aldien
#Text=de L.
4-1	149-150	+	
4-2	151-155	Ende	
4-3	156-158	by	
4-4	159-165	aldien	
4-5	166-168	de	
4-6	169-170	L	
4-7	170-171	.	

#Text=Admiraal de Ruiter geraaden vindt dat het eerste esquadre 
#Text=in den vyandt zal vallen, zal hy een witte vlagge van de voorstenge laaten waaijen, 
#Text=en zoo hy begeert dat zyn esquadre neffens het eerste in den vyandt valle, zal
#Text=hy een ordinaris vlagge van de kruissteng laaten waaijen, en zoo hy goedtvindt, dat 
#Text=het heele gros in den vyandt zal breeken, zat hy een roode vlagh
#Text=daar neffens onder 
#Text=
#Text=de bezaansroede laaten waaijen, daar dan een yder zyn uitterste devoir zal doen 
#Text=om in den vyandt te vallen en te abbor deeren
5-1	172-180	Admiraal	
5-2	181-183	de	
5-3	184-190	Ruiter	
5-4	191-199	geraaden	
5-5	200-205	vindt	
5-6	206-209	dat	
5-7	210-213	het	
5-8	214-220	eerste	
5-9	221-229	esquadre	
5-10	231-233	in	
5-11	234-237	den	
5-12	238-244	vyandt	
5-13	245-248	zal	
5-14	249-255	vallen	
5-15	255-256	,	
5-16	257-260	zal	
5-17	261-263	hy	
5-18	264-267	een	
5-19	268-273	witte	
5-20	274-280	vlagge	
5-21	281-284	van	
5-22	285-287	de	
5-23	288-298	voorstenge	
5-24	299-305	laaten	
5-25	306-313	waaijen	
5-26	313-314	,	
5-27	316-318	en	
5-28	319-322	zoo	
5-29	323-325	hy	
5-30	326-333	begeert	
5-31	334-337	dat	
5-32	338-341	zyn	
5-33	342-350	esquadre	
5-34	351-358	neffens	
5-35	359-362	het	
5-36	363-369	eerste	
5-37	370-372	in	
5-38	373-376	den	
5-39	377-383	vyandt	
5-40	384-389	valle	
5-41	389-390	,	
5-42	391-394	zal	
5-43	395-397	hy	
5-44	398-401	een	
5-45	402-411	ordinaris	
5-46	412-418	vlagge	
5-47	419-422	van	
5-48	423-425	de	
5-49	426-436	kruissteng	
5-50	437-443	laaten	
5-51	444-451	waaijen	
5-52	451-452	,	
5-53	453-455	en	
5-54	456-459	zoo	
5-55	460-462	hy	
5-56	463-473	goedtvindt	
5-57	473-474	,	
5-58	475-478	dat	
5-59	480-483	het	
5-60	484-489	heele	
5-61	490-494	gros	
5-62	495-497	in	
5-63	498-501	den	
5-64	502-508	vyandt	
5-65	509-512	zal	
5-66	513-520	breeken	
5-67	520-521	,	
5-68	522-525	zat	
5-69	526-528	hy	
5-70	529-532	een	
5-71	533-538	roode	
5-72	539-544	vlagh	
5-73	545-549	daar	
5-74	550-557	neffens	
5-75	558-563	onder	
5-76	566-568	de	
5-77	569-581	bezaansroede	
5-78	582-588	laaten	
5-79	589-596	waaijen	
5-80	596-597	,	
5-81	598-602	daar	
5-82	603-606	dan	
5-83	607-610	een	
5-84	611-615	yder	
5-85	616-619	zyn	
5-86	620-629	uitterste	
5-87	630-636	devoir	
5-88	637-640	zal	
5-89	641-645	doen	
5-90	647-649	om	
5-91	650-652	in	
5-92	653-656	den	
5-93	657-663	vyandt	
5-94	664-666	te	
5-95	667-673	vallen	
5-96	674-676	en	
5-97	677-679	te	
5-98	680-685	abbor	
5-99	686-692	deeren	

#Text=.
6-1	692-693	.	

#Text=+
#Text=Werdt wel expresselyk gelast, schoon men by
#Text=den vyandt niet is, maar in zee 
#Text=zynde, yder op zyn rangh, en by zyn Hooft te blyven, daar onder hy bescheiden 
#Text=is, op de verbeurte van vyfentwintigh gulden voor d'eerste reize, voor de tweede
#Text=reize vyftigh gulden, en voor de derde reize met rigeur gestraft te werden, ten waare 
#Text=wettelyke redenen ter contrarie wisten by te brengen
7-1	700-701	+	
7-2	702-707	Werdt	
7-3	708-711	wel	
7-4	712-723	expresselyk	
7-5	724-730	gelast	
7-6	730-731	,	
7-7	732-738	schoon	
7-8	739-742	men	
7-9	743-745	by	
7-10	746-749	den	
7-11	750-756	vyandt	
7-12	757-761	niet	
7-13	762-764	is	
7-14	764-765	,	
7-15	766-770	maar	
7-16	771-773	in	
7-17	774-777	zee	
7-18	779-784	zynde	
7-19	784-785	,	
7-20	786-790	yder	
7-21	791-793	op	
7-22	794-797	zyn	
7-23	798-803	rangh	
7-24	803-804	,	
7-25	805-807	en	
7-26	808-810	by	
7-27	811-814	zyn	
7-28	815-820	Hooft	
7-29	821-823	te	
7-30	824-830	blyven	
7-31	830-831	,	
7-32	832-836	daar	
7-33	837-842	onder	
7-34	843-845	hy	
7-35	846-856	bescheiden	
7-36	858-860	is	
7-37	860-861	,	
7-38	862-864	op	
7-39	865-867	de	
7-40	868-877	verbeurte	
7-41	878-881	van	
7-42	882-895	vyfentwintigh	
7-43	896-902	gulden	
7-44	903-907	voor	
7-45	908-916	d'eerste	
7-46	917-922	reize	
7-47	922-923	,	
7-48	924-928	voor	
7-49	929-931	de	
7-50	932-938	tweede	
7-51	939-944	reize	
7-52	945-952	vyftigh	
7-53	953-959	gulden	
7-54	959-960	,	
7-55	961-963	en	
7-56	964-968	voor	
7-57	969-971	de	
7-58	972-977	derde	
7-59	978-983	reize	
7-60	984-987	met	
7-61	988-994	rigeur	
7-62	995-1003	gestraft	
7-63	1004-1006	te	
7-64	1007-1013	werden	
7-65	1013-1014	,	
7-66	1015-1018	ten	
7-67	1019-1024	waare	
7-68	1026-1035	wettelyke	
7-69	1036-1043	redenen	
7-70	1044-1047	ter	
7-71	1048-1057	contrarie	
7-72	1058-1064	wisten	
7-73	1065-1067	by	
7-74	1068-1070	te	
7-75	1071-1078	brengen	

#Text=.
8-1	1078-1079	.	

#Text=+
#Text=In 't uitzeilen of inzeilen van eenige zeegaaten, zullen de kleene scheepen de 
#Text=groote uit de zeilen blyven, en achter aan volgen;
#Text=op dat de groote scheepen 
#Text=gevoeghlyk in zee, en binnen konnen geraaken, ofte by ongeluk aan den grondt 
#Text=koomende te zitten, dat de kleenen hun dan konnen assisteeren, en die contrarie 
#Text=doet zal arbitralyk gestraft worden.
9-1	1086-1087	+	
9-2	1088-1090	In	
9-3	1091-1092	'	
9-4	1092-1093	t	
9-5	1094-1103	uitzeilen	
9-6	1104-1106	of	
9-7	1107-1115	inzeilen	
9-8	1116-1119	van	
9-9	1120-1126	eenige	
9-10	1127-1136	zeegaaten	
9-11	1136-1137	,	
9-12	1138-1144	zullen	
9-13	1145-1147	de	
9-14	1148-1154	kleene	
9-15	1155-1163	scheepen	
9-16	1164-1166	de	
9-17	1168-1174	groote	
9-18	1175-1178	uit	
9-19	1179-1181	de	
9-20	1182-1188	zeilen	
9-21	1189-1195	blyven	
9-22	1195-1196	,	
9-23	1197-1199	en	
9-24	1200-1206	achter	
9-25	1207-1210	aan	
9-26	1211-1217	volgen	
9-27	1217-1218	;	
9-28	1219-1221	op	
9-29	1222-1225	dat	
9-30	1226-1228	de	
9-31	1229-1235	groote	
9-32	1236-1244	scheepen	
9-33	1246-1256	gevoeghlyk	
9-34	1257-1259	in	
9-35	1260-1263	zee	
9-36	1263-1264	,	
9-37	1265-1267	en	
9-38	1268-1274	binnen	
9-39	1275-1281	konnen	
9-40	1282-1290	geraaken	
9-41	1290-1291	,	
9-42	1292-1296	ofte	
9-43	1297-1299	by	
9-44	1300-1307	ongeluk	
9-45	1308-1311	aan	
9-46	1312-1315	den	
9-47	1316-1322	grondt	
9-48	1324-1332	koomende	
9-49	1333-1335	te	
9-50	1336-1342	zitten	
9-51	1342-1343	,	
9-52	1344-1347	dat	
9-53	1348-1350	de	
9-54	1351-1358	kleenen	
9-55	1359-1362	hun	
9-56	1363-1366	dan	
9-57	1367-1373	konnen	
9-58	1374-1385	assisteeren	
9-59	1385-1386	,	
9-60	1387-1389	en	
9-61	1390-1393	die	
9-62	1394-1403	contrarie	
9-63	1405-1409	doet	
9-64	1410-1413	zal	
9-65	1414-1424	arbitralyk	
9-66	1425-1433	gestraft	
9-67	1434-1440	worden	
9-68	1440-1441	.	

#Text=+Ende zullen de Hooftofficieren alle dagen drie van haare bezeildtste fregatten
#Text=
#Text=rondtom de vloot ordonneren, en van gelyken eenige galjoots, om alle kondtschap 
#Text=te bekoomen, en iet nieus verneemende, zullen daatelyk aan den L.
10-1	1448-1449	+	
10-2	1449-1453	Ende	
10-3	1454-1460	zullen	
10-4	1461-1463	de	
10-5	1464-1479	Hooftofficieren	
10-6	1480-1484	alle	
10-7	1485-1490	dagen	
10-8	1491-1495	drie	
10-9	1496-1499	van	
10-10	1500-1505	haare	
10-11	1506-1517	bezeildtste	
10-12	1518-1527	fregatten	
10-13	1529-1536	rondtom	
10-14	1537-1539	de	
10-15	1540-1545	vloot	
10-16	1546-1556	ordonneren	
10-17	1556-1557	,	
10-18	1558-1560	en	
10-19	1561-1564	van	
10-20	1565-1572	gelyken	
10-21	1573-1579	eenige	
10-22	1580-1588	galjoots	
10-23	1588-1589	,	
10-24	1590-1592	om	
10-25	1593-1597	alle	
10-26	1598-1608	kondtschap	
10-27	1610-1612	te	
10-28	1613-1621	bekoomen	
10-29	1621-1622	,	
10-30	1623-1625	en	
10-31	1626-1629	iet	
10-32	1630-1635	nieus	
10-33	1636-1647	verneemende	
10-34	1647-1648	,	
10-35	1649-1655	zullen	
10-36	1656-1664	daatelyk	
10-37	1665-1668	aan	
10-38	1669-1672	den	
10-39	1673-1674	L	
10-40	1674-1675	.	

#Text=Admiraal 
#Text=de Ruiter daar van rapport koomen doen
11-1	1676-1684	Admiraal	
11-2	1686-1688	de	
11-3	1689-1695	Ruiter	
11-4	1696-1700	daar	
11-5	1701-1704	van	
11-6	1705-1712	rapport	
11-7	1713-1719	koomen	
11-8	1720-1724	doen	

#Text=.
12-1	1724-1725	.	

#Text=+
13-1	1732-1733	+	
