#FORMAT=WebAnno TSV 3.3


#Text=27 Instante autem partu, apparuerunt gemini in utero : atque in ipsa effusione infantium unus protulit manum, in qua obstetrix ligavit coccinum, dicens : 28 Iste egredietur prior.
#Text=29 Illo vero retrahente manum, egressus est alter : dixitque mulier : Quare divisa est propter te maceria ?
1-1	2-4	27	
1-2	5-13	Instante	
1-3	14-19	autem	
1-4	20-25	partu	
1-5	25-26	,	
1-6	27-38	apparuerunt	
1-7	39-45	gemini	
1-8	46-48	in	
1-9	49-54	utero	
1-10	55-56	:	
1-11	57-62	atque	
1-12	63-65	in	
1-13	66-70	ipsa	
1-14	71-80	effusione	
1-15	81-90	infantium	
1-16	91-95	unus	
1-17	96-104	protulit	
1-18	105-110	manum	
1-19	110-111	,	
1-20	112-114	in	
1-21	115-118	qua	
1-22	119-128	obstetrix	
1-23	129-136	ligavit	
1-24	137-145	coccinum	
1-25	145-146	,	
1-26	147-153	dicens	
1-27	154-155	:	
1-28	156-158	28	
1-29	159-163	Iste	
1-30	164-174	egredietur	
1-31	175-180	prior	
1-32	180-181	.	
1-33	182-184	29	
1-34	185-189	Illo	
1-35	190-194	vero	
1-36	195-205	retrahente	
1-37	206-211	manum	
1-38	211-212	,	
1-39	213-221	egressus	
1-40	222-225	est	
1-41	226-231	alter	
1-42	232-233	:	
1-43	234-242	dixitque	
1-44	243-249	mulier	
1-45	250-251	:	
1-46	252-257	Quare	
1-47	258-264	divisa	
1-48	265-268	est	
1-49	269-276	propter	
1-50	277-279	te	
1-51	280-287	maceria	
1-52	288-289	?	

#Text=et ob hanc causam, vocavit nomen ejus Phares.
#Text=30 Postea egressus est frater ejus, in cujus manu erat coccinum : quem appellavit Zara.
2-1	290-292	et	
2-2	293-295	ob	
2-3	296-300	hanc	
2-4	301-307	causam	
2-5	307-308	,	
2-6	309-316	vocavit	
2-7	317-322	nomen	
2-8	323-327	ejus	
2-9	328-334	Phares	
2-10	334-335	.	
2-11	336-338	30	
2-12	339-345	Postea	
2-13	346-354	egressus	
2-14	355-358	est	
2-15	359-365	frater	
2-16	366-370	ejus	
2-17	370-371	,	
2-18	372-374	in	
2-19	375-380	cujus	
2-20	381-385	manu	
2-21	386-390	erat	
2-22	391-399	coccinum	
2-23	400-401	:	
2-24	402-406	quem	
2-25	407-417	appellavit	
2-26	418-422	Zara	
2-27	422-423	.	

#Text=Caput 39
#Text=
#Text=
#Text=1 Igitur Joseph ductus est in Ægyptum, emitque eum Putiphar eunuchus Pharaonis, princeps exercitus, vir ægyptius, de manu Ismaëlitarum, a quibus perductus erat.
#Text=2 Fuitque Dominus cum eo, et erat vir in cunctis prospere agens : habitavitque in domo domini sui, 3 qui optime noverat Dominum esse cum eo, et omnia, quæ gerebat, ab eo dirigi in manu illius.
#Text=4 Invenitque Joseph gratiam coram domino suo, et ministrabat ei : a quo præpositus omnibus gubernabat creditam sibi domum, et universa quæ ei tradita fuerant : 5 benedixitque Dominus domui Ægyptii propter Joseph, et multiplicavit tam in ædibus quam in agris cunctam ejus substantiam : 6 nec quidquam aliud noverat, nisi panem quo vescebatur.
3-1	424-429	Caput	
3-2	430-432	39	
3-3	435-436	1	
3-4	437-443	Igitur	
3-5	444-450	Joseph	
3-6	451-457	ductus	
3-7	458-461	est	
3-8	462-464	in	
3-9	465-472	Ægyptum	
3-10	472-473	,	
3-11	474-481	emitque	
3-12	482-485	eum	
3-13	486-494	Putiphar	
3-14	495-503	eunuchus	
3-15	504-513	Pharaonis	
3-16	513-514	,	
3-17	515-523	princeps	
3-18	524-533	exercitus	
3-19	533-534	,	
3-20	535-538	vir	
3-21	539-547	ægyptius	
3-22	547-548	,	
3-23	549-551	de	
3-24	552-556	manu	
3-25	557-569	Ismaëlitarum	
3-26	569-570	,	
3-27	571-572	a	
3-28	573-579	quibus	
3-29	580-589	perductus	
3-30	590-594	erat	
3-31	594-595	.	
3-32	596-597	2	
3-33	598-605	Fuitque	
3-34	606-613	Dominus	
3-35	614-617	cum	
3-36	618-620	eo	
3-37	620-621	,	
3-38	622-624	et	
3-39	625-629	erat	
3-40	630-633	vir	
3-41	634-636	in	
3-42	637-644	cunctis	
3-43	645-653	prospere	
3-44	654-659	agens	
3-45	660-661	:	
3-46	662-674	habitavitque	
3-47	675-677	in	
3-48	678-682	domo	
3-49	683-689	domini	
3-50	690-693	sui	
3-51	693-694	,	
3-52	695-696	3	
3-53	697-700	qui	
3-54	701-707	optime	
3-55	708-715	noverat	
3-56	716-723	Dominum	
3-57	724-728	esse	
3-58	729-732	cum	
3-59	733-735	eo	
3-60	735-736	,	
3-61	737-739	et	
3-62	740-745	omnia	
3-63	745-746	,	
3-64	747-750	quæ	
3-65	751-758	gerebat	
3-66	758-759	,	
3-67	760-762	ab	
3-68	763-765	eo	
3-69	766-772	dirigi	
3-70	773-775	in	
3-71	776-780	manu	
3-72	781-787	illius	
3-73	787-788	.	
3-74	789-790	4	
3-75	791-801	Invenitque	
3-76	802-808	Joseph	
3-77	809-816	gratiam	
3-78	817-822	coram	
3-79	823-829	domino	
3-80	830-833	suo	
3-81	833-834	,	
3-82	835-837	et	
3-83	838-849	ministrabat	
3-84	850-852	ei	
3-85	853-854	:	
3-86	855-856	a	
3-87	857-860	quo	
3-88	861-871	præpositus	
3-89	872-879	omnibus	
3-90	880-890	gubernabat	
3-91	891-899	creditam	
3-92	900-904	sibi	
3-93	905-910	domum	
3-94	910-911	,	
3-95	912-914	et	
3-96	915-923	universa	
3-97	924-927	quæ	
3-98	928-930	ei	
3-99	931-938	tradita	
3-100	939-946	fuerant	
3-101	947-948	:	
3-102	949-950	5	
3-103	951-963	benedixitque	
3-104	964-971	Dominus	
3-105	972-977	domui	
3-106	978-985	Ægyptii	
3-107	986-993	propter	
3-108	994-1000	Joseph	
3-109	1000-1001	,	
3-110	1002-1004	et	
3-111	1005-1018	multiplicavit	
3-112	1019-1022	tam	
3-113	1023-1025	in	
3-114	1026-1032	ædibus	
3-115	1033-1037	quam	
3-116	1038-1040	in	
3-117	1041-1046	agris	
3-118	1047-1054	cunctam	
3-119	1055-1059	ejus	
3-120	1060-1071	substantiam	
3-121	1072-1073	:	
3-122	1074-1075	6	
3-123	1076-1079	nec	
3-124	1080-1088	quidquam	
3-125	1089-1094	aliud	
3-126	1095-1102	noverat	
3-127	1102-1103	,	
3-128	1104-1108	nisi	
3-129	1109-1114	panem	
3-130	1115-1118	quo	
3-131	1119-1129	vescebatur	
3-132	1129-1130	.	

#Text=Erat autem Joseph pulchra facie, et decorus aspectu.
#Text=7 Post multos itaque dies injecit domina sua oculos suos in Joseph, et ait : Dormi mecum.
#Text=8 Qui nequaquam acquiescens operi nefario, dixit ad eam : Ecce dominus meus, omnibus mihi traditis, ignorat quid habeat in domo sua : 9 nec quidquam est quod non in mea sit potestate, vel non tradiderit mihi, præter te, quæ uxor ejus es : quomodo ergo possum hoc malum facere, et peccare in Deum meum ?
4-1	1131-1135	Erat	
4-2	1136-1141	autem	
4-3	1142-1148	Joseph	
4-4	1149-1156	pulchra	
4-5	1157-1162	facie	
4-6	1162-1163	,	
4-7	1164-1166	et	
4-8	1167-1174	decorus	
4-9	1175-1182	aspectu	
4-10	1182-1183	.	
4-11	1184-1185	7	
4-12	1186-1190	Post	
4-13	1191-1197	multos	
4-14	1198-1204	itaque	
4-15	1205-1209	dies	
4-16	1210-1217	injecit	
4-17	1218-1224	domina	
4-18	1225-1228	sua	
4-19	1229-1235	oculos	
4-20	1236-1240	suos	
4-21	1241-1243	in	
4-22	1244-1250	Joseph	
4-23	1250-1251	,	
4-24	1252-1254	et	
4-25	1255-1258	ait	
4-26	1259-1260	:	
4-27	1261-1266	Dormi	
4-28	1267-1272	mecum	
4-29	1272-1273	.	
4-30	1274-1275	8	
4-31	1276-1279	Qui	
4-32	1280-1289	nequaquam	
4-33	1290-1301	acquiescens	
4-34	1302-1307	operi	
4-35	1308-1315	nefario	
4-36	1315-1316	,	
4-37	1317-1322	dixit	
4-38	1323-1325	ad	
4-39	1326-1329	eam	
4-40	1330-1331	:	
4-41	1332-1336	Ecce	
4-42	1337-1344	dominus	
4-43	1345-1349	meus	
4-44	1349-1350	,	
4-45	1351-1358	omnibus	
4-46	1359-1363	mihi	
4-47	1364-1372	traditis	
4-48	1372-1373	,	
4-49	1374-1381	ignorat	
4-50	1382-1386	quid	
4-51	1387-1393	habeat	
4-52	1394-1396	in	
4-53	1397-1401	domo	
4-54	1402-1405	sua	
4-55	1406-1407	:	
4-56	1408-1409	9	
4-57	1410-1413	nec	
4-58	1414-1422	quidquam	
4-59	1423-1426	est	
4-60	1427-1431	quod	
4-61	1432-1435	non	
4-62	1436-1438	in	
4-63	1439-1442	mea	
4-64	1443-1446	sit	
4-65	1447-1456	potestate	
4-66	1456-1457	,	
4-67	1458-1461	vel	
4-68	1462-1465	non	
4-69	1466-1476	tradiderit	
4-70	1477-1481	mihi	
4-71	1481-1482	,	
4-72	1483-1489	præter	
4-73	1490-1492	te	
4-74	1492-1493	,	
4-75	1494-1497	quæ	
4-76	1498-1502	uxor	
4-77	1503-1507	ejus	
4-78	1508-1510	es	
4-79	1511-1512	:	
4-80	1513-1520	quomodo	
4-81	1521-1525	ergo	
4-82	1526-1532	possum	
4-83	1533-1536	hoc	
4-84	1537-1542	malum	
4-85	1543-1549	facere	
4-86	1549-1550	,	
4-87	1551-1553	et	
4-88	1554-1561	peccare	
4-89	1562-1564	in	
4-90	1565-1569	Deum	
4-91	1570-1574	meum	
4-92	1575-1576	?	

#Text=10 Hujuscemodi verbis per singulos dies, et mulier molesta erat adolescenti : et ille recusabat stuprum.
#Text=11 Accidit autem quadam die ut intraret Joseph domum, et operis quippiam absque arbitris faceret : 12 et illa, apprehensa lacinia vestimenti ejus, diceret : Dormi mecum.
5-1	1577-1579	10	
5-2	1580-1591	Hujuscemodi	
5-3	1592-1598	verbis	
5-4	1599-1602	per	
5-5	1603-1611	singulos	
5-6	1612-1616	dies	
5-7	1616-1617	,	
5-8	1618-1620	et	
5-9	1621-1627	mulier	
5-10	1628-1635	molesta	
5-11	1636-1640	erat	
5-12	1641-1652	adolescenti	
5-13	1653-1654	:	
5-14	1655-1657	et	
5-15	1658-1662	ille	
5-16	1663-1672	recusabat	
5-17	1673-1680	stuprum	
5-18	1680-1681	.	
5-19	1682-1684	11	
5-20	1685-1692	Accidit	
5-21	1693-1698	autem	
5-22	1699-1705	quadam	
5-23	1706-1709	die	
5-24	1710-1712	ut	
5-25	1713-1721	intraret	
5-26	1722-1728	Joseph	
5-27	1729-1734	domum	
5-28	1734-1735	,	
5-29	1736-1738	et	
5-30	1739-1745	operis	
5-31	1746-1754	quippiam	
5-32	1755-1761	absque	
5-33	1762-1770	arbitris	
5-34	1771-1778	faceret	
5-35	1779-1780	:	
5-36	1781-1783	12	
5-37	1784-1786	et	
5-38	1787-1791	illa	
5-39	1791-1792	,	
5-40	1793-1803	apprehensa	
5-41	1804-1811	lacinia	
5-42	1812-1822	vestimenti	
5-43	1823-1827	ejus	
5-44	1827-1828	,	
5-45	1829-1836	diceret	
5-46	1837-1838	:	
5-47	1839-1844	Dormi	
5-48	1845-1850	mecum	
5-49	1850-1851	.	

#Text=Qui relicto in manu ejus pallio fugit, et egressus est foras.
#Text=13 Cumque vidisset mulier vestem in manibus suis, et se esse contemptam, 14 vocavit ad se homines domus suæ, et ait ad eos : En introduxit virum hebræum, ut illuderet nobis : ingressus est ad me, ut coiret mecum : cumque ego succlamassem, 15 et audisset vocem meam, reliquit pallium quod tenebam, et fugit foras.
#Text=16 In argumentum ergo fidei retentum pallium ostendit marito revertenti domum, 17 et ait : Ingressus est ad me servus hebræus quem adduxisti, ut illuderet mihi : 18 cumque audisset me clamare, reliquit pallium quod tenebam, et fugit foras.
#Text=19 His auditis dominus, et nimium credulus verbis conjugis, iratus est valde : 20 tradiditque Joseph in carcerem, ubi vincti regis custodiebantur, et erat ibi clausus.
#Text=21 Fuit autem Dominus cum Joseph, et misertus illius dedit ei gratiam in conspectu principis carceris.
#Text=22 Qui tradidit in manu illius universos vinctos qui in custodia tenebantur : et quidquid fiebat, sub ipso erat.
#Text=23 Nec noverat aliquid, cunctis ei creditis : Dominus enim erat cum illo, et omnia opera ejus dirigebat.
6-1	1852-1855	Qui	
6-2	1856-1863	relicto	
6-3	1864-1866	in	
6-4	1867-1871	manu	
6-5	1872-1876	ejus	
6-6	1877-1883	pallio	
6-7	1884-1889	fugit	
6-8	1889-1890	,	
6-9	1891-1893	et	
6-10	1894-1902	egressus	
6-11	1903-1906	est	
6-12	1907-1912	foras	
6-13	1912-1913	.	
6-14	1914-1916	13	
6-15	1917-1923	Cumque	
6-16	1924-1932	vidisset	
6-17	1933-1939	mulier	
6-18	1940-1946	vestem	
6-19	1947-1949	in	
6-20	1950-1957	manibus	
6-21	1958-1962	suis	
6-22	1962-1963	,	
6-23	1964-1966	et	
6-24	1967-1969	se	
6-25	1970-1974	esse	
6-26	1975-1985	contemptam	
6-27	1985-1986	,	
6-28	1987-1989	14	
6-29	1990-1997	vocavit	
6-30	1998-2000	ad	
6-31	2001-2003	se	
6-32	2004-2011	homines	
6-33	2012-2017	domus	
6-34	2018-2021	suæ	
6-35	2021-2022	,	
6-36	2023-2025	et	
6-37	2026-2029	ait	
6-38	2030-2032	ad	
6-39	2033-2036	eos	
6-40	2037-2038	:	
6-41	2039-2041	En	
6-42	2042-2052	introduxit	
6-43	2053-2058	virum	
6-44	2059-2066	hebræum	
6-45	2066-2067	,	
6-46	2068-2070	ut	
6-47	2071-2080	illuderet	
6-48	2081-2086	nobis	
6-49	2087-2088	:	
6-50	2089-2098	ingressus	
6-51	2099-2102	est	
6-52	2103-2105	ad	
6-53	2106-2108	me	
6-54	2108-2109	,	
6-55	2110-2112	ut	
6-56	2113-2119	coiret	
6-57	2120-2125	mecum	
6-58	2126-2127	:	
6-59	2128-2134	cumque	
6-60	2135-2138	ego	
6-61	2139-2151	succlamassem	
6-62	2151-2152	,	
6-63	2153-2155	15	
6-64	2156-2158	et	
6-65	2159-2167	audisset	
6-66	2168-2173	vocem	
6-67	2174-2178	meam	
6-68	2178-2179	,	
6-69	2180-2188	reliquit	
6-70	2189-2196	pallium	
6-71	2197-2201	quod	
6-72	2202-2209	tenebam	
6-73	2209-2210	,	
6-74	2211-2213	et	
6-75	2214-2219	fugit	
6-76	2220-2225	foras	
6-77	2225-2226	.	
6-78	2227-2229	16	
6-79	2230-2232	In	
6-80	2233-2243	argumentum	
6-81	2244-2248	ergo	
6-82	2249-2254	fidei	
6-83	2255-2263	retentum	
6-84	2264-2271	pallium	
6-85	2272-2280	ostendit	
6-86	2281-2287	marito	
6-87	2288-2298	revertenti	
6-88	2299-2304	domum	
6-89	2304-2305	,	
6-90	2306-2308	17	
6-91	2309-2311	et	
6-92	2312-2315	ait	
6-93	2316-2317	:	
6-94	2318-2327	Ingressus	
6-95	2328-2331	est	
6-96	2332-2334	ad	
6-97	2335-2337	me	
6-98	2338-2344	servus	
6-99	2345-2352	hebræus	
6-100	2353-2357	quem	
6-101	2358-2367	adduxisti	
6-102	2367-2368	,	
6-103	2369-2371	ut	
6-104	2372-2381	illuderet	
6-105	2382-2386	mihi	
6-106	2387-2388	:	
6-107	2389-2391	18	
6-108	2392-2398	cumque	
6-109	2399-2407	audisset	
6-110	2408-2410	me	
6-111	2411-2418	clamare	
6-112	2418-2419	,	
6-113	2420-2428	reliquit	
6-114	2429-2436	pallium	
6-115	2437-2441	quod	
6-116	2442-2449	tenebam	
6-117	2449-2450	,	
6-118	2451-2453	et	
6-119	2454-2459	fugit	
6-120	2460-2465	foras	
6-121	2465-2466	.	
6-122	2467-2469	19	
6-123	2470-2473	His	
6-124	2474-2481	auditis	
6-125	2482-2489	dominus	
6-126	2489-2490	,	
6-127	2491-2493	et	
6-128	2494-2500	nimium	
6-129	2501-2509	credulus	
6-130	2510-2516	verbis	
6-131	2517-2525	conjugis	
6-132	2525-2526	,	
6-133	2527-2533	iratus	
6-134	2534-2537	est	
6-135	2538-2543	valde	
6-136	2544-2545	:	
6-137	2546-2548	20	
6-138	2549-2560	tradiditque	
6-139	2561-2567	Joseph	
6-140	2568-2570	in	
6-141	2571-2579	carcerem	
6-142	2579-2580	,	
6-143	2581-2584	ubi	
6-144	2585-2591	vincti	
6-145	2592-2597	regis	
6-146	2598-2612	custodiebantur	
6-147	2612-2613	,	
6-148	2614-2616	et	
6-149	2617-2621	erat	
6-150	2622-2625	ibi	
6-151	2626-2633	clausus	
6-152	2633-2634	.	
6-153	2635-2637	21	
6-154	2638-2642	Fuit	
6-155	2643-2648	autem	
6-156	2649-2656	Dominus	
6-157	2657-2660	cum	
6-158	2661-2667	Joseph	
6-159	2667-2668	,	
6-160	2669-2671	et	
6-161	2672-2680	misertus	
6-162	2681-2687	illius	
6-163	2688-2693	dedit	
6-164	2694-2696	ei	
6-165	2697-2704	gratiam	
6-166	2705-2707	in	
6-167	2708-2717	conspectu	
6-168	2718-2727	principis	
6-169	2728-2736	carceris	
6-170	2736-2737	.	
6-171	2738-2740	22	
6-172	2741-2744	Qui	
6-173	2745-2753	tradidit	
6-174	2754-2756	in	
6-175	2757-2761	manu	
6-176	2762-2768	illius	
6-177	2769-2778	universos	
6-178	2779-2786	vinctos	
6-179	2787-2790	qui	
6-180	2791-2793	in	
6-181	2794-2802	custodia	
6-182	2803-2813	tenebantur	
6-183	2814-2815	:	
6-184	2816-2818	et	
6-185	2819-2827	quidquid	
6-186	2828-2834	fiebat	
6-187	2834-2835	,	
6-188	2836-2839	sub	
6-189	2840-2844	ipso	
6-190	2845-2849	erat	
6-191	2849-2850	.	
6-192	2851-2853	23	
6-193	2854-2857	Nec	
6-194	2858-2865	noverat	
6-195	2866-2873	aliquid	
6-196	2873-2874	,	
6-197	2875-2882	cunctis	
6-198	2883-2885	ei	
6-199	2886-2894	creditis	
6-200	2895-2896	:	
6-201	2897-2904	Dominus	
6-202	2905-2909	enim	
6-203	2910-2914	erat	
6-204	2915-2918	cum	
6-205	2919-2923	illo	
6-206	2923-2924	,	
6-207	2925-2927	et	
6-208	2928-2933	omnia	
6-209	2934-2939	opera	
6-210	2940-2944	ejus	
6-211	2945-2954	dirigebat	
6-212	2954-2955	.	

#Text=Caput 40
#Text=
#Text=
#Text=1 His ita gestis, accidit ut peccarent duo eunuchi, pincerna regis Ægypti, et pistor, domino suo.
7-1	2956-2961	Caput	
7-2	2962-2964	40	
7-3	2967-2968	1	
7-4	2969-2972	His	
7-5	2973-2976	ita	
7-6	2977-2983	gestis	
7-7	2983-2984	,	
7-8	2985-2992	accidit	
7-9	2993-2995	ut	
7-10	2996-3005	peccarent	
7-11	3006-3009	duo	
7-12	3010-3017	eunuchi	
7-13	3017-3018	,	
7-14	3019-3027	pincerna	
7-15	3028-3033	regis	
7-16	3034-3040	Ægypti	
7-17	3040-3041	,	
7-18	3042-3044	et	
7-19	3045-3051	pistor	
7-20	3051-3052	,	
7-21	3053-3059	domino	
7-22	3060-3063	suo	
7-23	3063-3064	.	
