#FORMAT=WebAnno TSV 3.3


#Text=’t
#Text=Snoejen van de Boomen hangt voor eerst van de kennisse af, die men heeft van
#Text=elke soort van takken, en ranken, goede en kwade.
#Text=
#Text=’t Hangt ten twede af van het verstandig onderscheiden der takken, door ze gans
#Text=weg te nemen, die kwaad, of onnut zyn, en de goede te bewaren, ’t zy ’t hout, of
#Text=vruchttakken
#Text=zyn;
#Text=met die omzichtigheid, dat zo, onder de laatste enigen zyn, die
#Text=niet te lang zyn, men die laat, gelyk ze zyn:
#Text=maar wat aangaat de meeste anderen,
#Text=die te lang zyn;
#Text=deze zal men meer, of minder kort snoejen, naar de menigte en de
#Text=gedaante van den Boom.
1-1	3-4	’	
1-2	4-5	t	
1-3	6-13	Snoejen	
1-4	14-17	van	
1-5	18-20	de	
1-6	21-27	Boomen	
1-7	28-33	hangt	
1-8	34-38	voor	
1-9	39-44	eerst	
1-10	45-48	van	
1-11	49-51	de	
1-12	52-60	kennisse	
1-13	61-63	af	
1-14	63-64	,	
1-15	65-68	die	
1-16	69-72	men	
1-17	73-78	heeft	
1-18	79-82	van	
1-19	83-87	elke	
1-20	88-93	soort	
1-21	94-97	van	
1-22	98-104	takken	
1-23	104-105	,	
1-24	106-108	en	
1-25	109-115	ranken	
1-26	115-116	,	
1-27	117-122	goede	
1-28	123-125	en	
1-29	126-131	kwade	
1-30	131-132	.	
1-31	134-135	’	
1-32	135-136	t	
1-33	137-142	Hangt	
1-34	143-146	ten	
1-35	147-152	twede	
1-36	153-155	af	
1-37	156-159	van	
1-38	160-163	het	
1-39	164-174	verstandig	
1-40	175-188	onderscheiden	
1-41	189-192	der	
1-42	193-199	takken	
1-43	199-200	,	
1-44	201-205	door	
1-45	206-208	ze	
1-46	209-213	gans	
1-47	214-217	weg	
1-48	218-220	te	
1-49	221-226	nemen	
1-50	226-227	,	
1-51	228-231	die	
1-52	232-237	kwaad	
1-53	237-238	,	
1-54	239-241	of	
1-55	242-247	onnut	
1-56	248-251	zyn	
1-57	251-252	,	
1-58	253-255	en	
1-59	256-258	de	
1-60	259-264	goede	
1-61	265-267	te	
1-62	268-275	bewaren	
1-63	275-276	,	
1-64	277-278	’	
1-65	278-279	t	
1-66	280-282	zy	
1-67	283-284	’	
1-68	284-285	t	
1-69	286-290	hout	
1-70	290-291	,	
1-71	292-294	of	
1-72	295-307	vruchttakken	
1-73	308-311	zyn	
1-74	311-312	;	
1-75	313-316	met	
1-76	317-320	die	
1-77	321-334	omzichtigheid	
1-78	334-335	,	
1-79	336-339	dat	
1-80	340-342	zo	
1-81	342-343	,	
1-82	344-349	onder	
1-83	350-352	de	
1-84	353-360	laatste	
1-85	361-367	enigen	
1-86	368-371	zyn	
1-87	371-372	,	
1-88	373-376	die	
1-89	377-381	niet	
1-90	382-384	te	
1-91	385-389	lang	
1-92	390-393	zyn	
1-93	393-394	,	
1-94	395-398	men	
1-95	399-402	die	
1-96	403-407	laat	
1-97	407-408	,	
1-98	409-414	gelyk	
1-99	415-417	ze	
1-100	418-421	zyn	
1-101	421-422	:	
1-102	423-427	maar	
1-103	428-431	wat	
1-104	432-439	aangaat	
1-105	440-442	de	
1-106	443-449	meeste	
1-107	450-457	anderen	
1-108	457-458	,	
1-109	459-462	die	
1-110	463-465	te	
1-111	466-470	lang	
1-112	471-474	zyn	
1-113	474-475	;	
1-114	476-480	deze	
1-115	481-484	zal	
1-116	485-488	men	
1-117	489-493	meer	
1-118	493-494	,	
1-119	495-497	of	
1-120	498-504	minder	
1-121	505-509	kort	
1-122	510-517	snoejen	
1-123	517-518	,	
1-124	519-523	naar	
1-125	524-526	de	
1-126	527-534	menigte	
1-127	535-537	en	
1-128	538-540	de	
1-129	541-549	gedaante	
1-130	550-553	van	
1-131	554-557	den	
1-132	558-562	Boom	
1-133	562-563	.	

#Text=Deze overvloed hangt, ten derde, van den tyd af, die men nemen moet om te
#Text=Snoejen; want alle tyd is daar toe niet bekwaam.
2-1	566-570	Deze	
2-2	571-580	overvloed	
2-3	581-586	hangt	
2-4	586-587	,	
2-5	588-591	ten	
2-6	592-597	derde	
2-7	597-598	,	
2-8	599-602	van	
2-9	603-606	den	
2-10	607-610	tyd	
2-11	611-613	af	
2-12	613-614	,	
2-13	615-618	die	
2-14	619-622	men	
2-15	623-628	nemen	
2-16	629-633	moet	
2-17	634-636	om	
2-18	637-639	te	
2-19	640-647	Snoejen	
2-20	647-648	;	
2-21	649-653	want	
2-22	654-658	alle	
2-23	659-662	tyd	
2-24	663-665	is	
2-25	666-670	daar	
2-26	671-674	toe	
2-27	675-679	niet	
2-28	680-687	bekwaam	
2-29	687-688	.	

#Text=De tyd van Snoejen is gedurende de maanden November, December, January en
#Text=February, waar na gemeenlyk de Lente komt, en de lucht begint te verzachten en
#Text=zwoel te worden.
3-1	691-693	De	
3-2	694-697	tyd	
3-3	698-701	van	
3-4	702-709	Snoejen	
3-5	710-712	is	
3-6	713-722	gedurende	
3-7	723-725	de	
3-8	726-733	maanden	
3-9	734-742	November	
3-10	742-743	,	
3-11	744-752	December	
3-12	752-753	,	
3-13	754-761	January	
3-14	762-764	en	
3-15	765-773	February	
3-16	773-774	,	
3-17	775-779	waar	
3-18	780-782	na	
3-19	783-792	gemeenlyk	
3-20	793-795	de	
3-21	796-801	Lente	
3-22	802-806	komt	
3-23	806-807	,	
3-24	808-810	en	
3-25	811-813	de	
3-26	814-819	lucht	
3-27	820-826	begint	
3-28	827-829	te	
3-29	830-840	verzachten	
3-30	841-843	en	
3-31	844-849	zwoel	
3-32	850-852	te	
3-33	853-859	worden	
3-34	859-860	.	

#Text=Dan beginnen de Planten, die, gedurende de vier Wintermaanden,
#Text=niets deden, en sliepen, wakker te worden en te werken.
4-1	861-864	Dan	
4-2	865-873	beginnen	
4-3	874-876	de	
4-4	877-884	Planten	
4-5	884-885	,	
4-6	886-889	die	
4-7	889-890	,	
4-8	891-900	gedurende	
4-9	901-903	de	
4-10	904-908	vier	
4-11	909-922	Wintermaanden	
4-12	922-923	,	
4-13	924-929	niets	
4-14	930-935	deden	
4-15	935-936	,	
4-16	937-939	en	
4-17	940-947	sliepen	
4-18	947-948	,	
4-19	949-955	wakker	
4-20	956-958	te	
4-21	959-965	worden	
4-22	966-968	en	
4-23	969-971	te	
4-24	972-978	werken	
4-25	978-979	.	

#Text=Deze eerste beweging begint
#Text=eerder aan de kroon der wortels; doch welverstaande, dat de koude groot genoeg zy,
#Text=om daar de bedieninge van te steuren; deze vernieuwing van uiterlyke beweginge is
#Text=een verzekerd teken, dat het tyd zy van snyden.
5-1	980-984	Deze	
5-2	985-991	eerste	
5-3	992-1000	beweging	
5-4	1001-1007	begint	
5-5	1008-1014	eerder	
5-6	1015-1018	aan	
5-7	1019-1021	de	
5-8	1022-1027	kroon	
5-9	1028-1031	der	
5-10	1032-1039	wortels	
5-11	1039-1040	;	
5-12	1041-1045	doch	
5-13	1046-1059	welverstaande	
5-14	1059-1060	,	
5-15	1061-1064	dat	
5-16	1065-1067	de	
5-17	1068-1073	koude	
5-18	1074-1079	groot	
5-19	1080-1086	genoeg	
5-20	1087-1089	zy	
5-21	1089-1090	,	
5-22	1091-1093	om	
5-23	1094-1098	daar	
5-24	1099-1101	de	
5-25	1102-1112	bedieninge	
5-26	1113-1116	van	
5-27	1117-1119	te	
5-28	1120-1127	steuren	
5-29	1127-1128	;	
5-30	1129-1133	deze	
5-31	1134-1145	vernieuwing	
5-32	1146-1149	van	
5-33	1150-1159	uiterlyke	
5-34	1160-1169	beweginge	
5-35	1170-1172	is	
5-36	1173-1176	een	
5-37	1177-1186	verzekerd	
5-38	1187-1192	teken	
5-39	1192-1193	,	
5-40	1194-1197	dat	
5-41	1198-1201	het	
5-42	1202-1205	tyd	
5-43	1206-1208	zy	
5-44	1209-1212	van	
5-45	1213-1219	snyden	
5-46	1219-1220	.	

#Text=Men heeft drie soorten van Boomen te snoejen, te zwakke, te sterken, en die in
#Text=een gewenste staat zyn.
6-1	1223-1226	Men	
6-2	1227-1232	heeft	
6-3	1233-1237	drie	
6-4	1238-1245	soorten	
6-5	1246-1249	van	
6-6	1250-1256	Boomen	
6-7	1257-1259	te	
6-8	1260-1267	snoejen	
6-9	1267-1268	,	
6-10	1269-1271	te	
6-11	1272-1278	zwakke	
6-12	1278-1279	,	
6-13	1280-1282	te	
6-14	1283-1290	sterken	
6-15	1290-1291	,	
6-16	1292-1294	en	
6-17	1295-1298	die	
6-18	1299-1301	in	
6-19	1302-1305	een	
6-20	1306-1314	gewenste	
6-21	1315-1320	staat	
6-22	1321-1324	zyn	
6-23	1324-1325	.	

#Text=Ik oordeel dat het verstandig en nuttig is alle Boomen op
#Text=den zelfden tyd niet te snoejen, en dat het goed zy de ene vroeger, de andere later te
#Text=snoejen.
7-1	1326-1328	Ik	
7-2	1329-1336	oordeel	
7-3	1337-1340	dat	
7-4	1341-1344	het	
7-5	1345-1355	verstandig	
7-6	1356-1358	en	
7-7	1359-1365	nuttig	
7-8	1366-1368	is	
7-9	1369-1373	alle	
7-10	1374-1380	Boomen	
7-11	1381-1383	op	
7-12	1384-1387	den	
7-13	1388-1395	zelfden	
7-14	1396-1399	tyd	
7-15	1400-1404	niet	
7-16	1405-1407	te	
7-17	1408-1415	snoejen	
7-18	1415-1416	,	
7-19	1417-1419	en	
7-20	1420-1423	dat	
7-21	1424-1427	het	
7-22	1428-1432	goed	
7-23	1433-1435	zy	
7-24	1436-1438	de	
7-25	1439-1442	ene	
7-26	1443-1450	vroeger	
7-27	1450-1451	,	
7-28	1452-1454	de	
7-29	1455-1461	andere	
7-30	1462-1467	later	
7-31	1468-1470	te	
7-32	1471-1478	snoejen	
7-33	1478-1479	.	

#Text=By voorbeeld; ik ben zeer wel verzekerd, dat hoe een Boom zwakker, en
#Text=kwynender is, hoe men ze eer moet snoejen, om ze te goeder tyd de zelfde takken te
#Text=
#Text=M.
8-1	1480-1482	By	
8-2	1483-1492	voorbeeld	
8-3	1492-1493	;	
8-4	1494-1496	ik	
8-5	1497-1500	ben	
8-6	1501-1505	zeer	
8-7	1506-1509	wel	
8-8	1510-1519	verzekerd	
8-9	1519-1520	,	
8-10	1521-1524	dat	
8-11	1525-1528	hoe	
8-12	1529-1532	een	
8-13	1533-1537	Boom	
8-14	1538-1545	zwakker	
8-15	1545-1546	,	
8-16	1547-1549	en	
8-17	1550-1559	kwynender	
8-18	1560-1562	is	
8-19	1562-1563	,	
8-20	1564-1567	hoe	
8-21	1568-1571	men	
8-22	1572-1574	ze	
8-23	1575-1578	eer	
8-24	1579-1583	moet	
8-25	1584-1591	snoejen	
8-26	1591-1592	,	
8-27	1593-1595	om	
8-28	1596-1598	ze	
8-29	1599-1601	te	
8-30	1602-1608	goeder	
8-31	1609-1612	tyd	
8-32	1613-1615	de	
8-33	1616-1622	zelfde	
8-34	1623-1629	takken	
8-35	1630-1632	te	
8-36	1634-1635	M	
8-37	1635-1636	.	

#Text=Noel Chomel, Huishoudelyk woordboek
#Text=
#Text=\fontnemen, die als schaadlyk, of onnut op enen anderen tyd de zelve ontnomen worden;
#Text=
#Text=dat is te zeggen, op ’t eind der Winter.
9-1	1637-1641	Noel	
9-2	1642-1648	Chomel	
9-3	1648-1649	,	
9-4	1650-1662	Huishoudelyk	
9-5	1663-1672	woordboek	
9-6	1675-1683	ontnemen	
9-7	1683-1684	,	
9-8	1685-1688	die	
9-9	1689-1692	als	
9-10	1693-1702	schaadlyk	
9-11	1702-1703	,	
9-12	1704-1706	of	
9-13	1707-1712	onnut	
9-14	1713-1715	op	
9-15	1716-1720	enen	
9-16	1721-1728	anderen	
9-17	1729-1732	tyd	
9-18	1733-1735	de	
9-19	1736-1741	zelve	
9-20	1742-1750	ontnomen	
9-21	1751-1757	worden	
9-22	1757-1758	;	
9-23	1760-1763	dat	
9-24	1764-1766	is	
9-25	1767-1769	te	
9-26	1770-1776	zeggen	
9-27	1776-1777	,	
9-28	1778-1780	op	
9-29	1781-1782	’	
9-30	1782-1783	t	
9-31	1784-1788	eind	
9-32	1789-1792	der	
9-33	1793-1799	Winter	
9-34	1799-1800	.	

#Text=Zie boom.
10-1	1801-1804	Zie	
10-2	1805-1809	boom	
10-3	1809-1810	.	
