#FORMAT=WebAnno TSV 3.3


#Text=22 Mactaverunt igitur tauros, et susceperunt sanguinem sacerdotes, et fuderunt illum super altare : mactaverunt etiam arietes, et illorum sanguinem super altare fuderunt, immolaveruntque agnos, et fuderunt super altare sanguinem.
#Text=23 Applicuerunt hircos pro peccato coram rege, et universa multitudine, imposueruntque manus suas super eos : 24 et immolaverunt illos sacerdotes, et asperserunt sanguinem eorum coram altare pro piaculo universi Israëlis : pro omni quippe Israël præceperat rex ut holocaustum fieret, et pro peccato.
#Text=25 Constituit quoque Levitas in domo Domini cum cymbalis, et psalteriis, et citharis secundum dispositionem David regis, et Gad videntis, et Nathan prophetæ : siquidem Domini præceptum fuit per manum prophetarum ejus.
#Text=26 Steteruntque Levitæ tenentes organa David, et sacerdotes tubas.
#Text=27 Et jussit Ezechias ut offerrent holocausta super altare : cumque offerrentur holocausta, cœperunt laudes canere Domino, et clangere tubis, atque in diversis organis quæ David rex Israël præparaverat, concrepare.
#Text=28 Omni autem turba adorante, cantores, et ii qui tenebant tubas, erant in officio suo donec compleretur holocaustum.
#Text=29 Cumque finita esset oblatio, incurvatus est rex, et omnes qui erant cum eo, et adoraverunt.
#Text=30 Præcepitque Ezechias et principes Levitis, ut laudarent Dominum sermonibus David, et Asaph videntis : qui laudaverunt eum magna lætitia, et incurvato genu adoraverunt.
#Text=31 Ezechias autem etiam hæc addidit : Implestis manus vestras Domino : accedite, et offerte victimas et laudes in domo Domini.
1-1	2-4	22	
1-2	5-16	Mactaverunt	
1-3	17-23	igitur	
1-4	24-30	tauros	
1-5	30-31	,	
1-6	32-34	et	
1-7	35-46	susceperunt	
1-8	47-56	sanguinem	
1-9	57-67	sacerdotes	
1-10	67-68	,	
1-11	69-71	et	
1-12	72-80	fuderunt	
1-13	81-86	illum	
1-14	87-92	super	
1-15	93-99	altare	
1-16	100-101	:	
1-17	102-113	mactaverunt	
1-18	114-119	etiam	
1-19	120-127	arietes	
1-20	127-128	,	
1-21	129-131	et	
1-22	132-139	illorum	
1-23	140-149	sanguinem	
1-24	150-155	super	
1-25	156-162	altare	
1-26	163-171	fuderunt	
1-27	171-172	,	
1-28	173-188	immolaveruntque	
1-29	189-194	agnos	
1-30	194-195	,	
1-31	196-198	et	
1-32	199-207	fuderunt	
1-33	208-213	super	
1-34	214-220	altare	
1-35	221-230	sanguinem	
1-36	230-231	.	
1-37	232-234	23	
1-38	235-247	Applicuerunt	
1-39	248-254	hircos	
1-40	255-258	pro	
1-41	259-266	peccato	
1-42	267-272	coram	
1-43	273-277	rege	
1-44	277-278	,	
1-45	279-281	et	
1-46	282-290	universa	
1-47	291-302	multitudine	
1-48	302-303	,	
1-49	304-318	imposueruntque	
1-50	319-324	manus	
1-51	325-329	suas	
1-52	330-335	super	
1-53	336-339	eos	
1-54	340-341	:	
1-55	342-344	24	
1-56	345-347	et	
1-57	348-360	immolaverunt	
1-58	361-366	illos	
1-59	367-377	sacerdotes	
1-60	377-378	,	
1-61	379-381	et	
1-62	382-393	asperserunt	
1-63	394-403	sanguinem	
1-64	404-409	eorum	
1-65	410-415	coram	
1-66	416-422	altare	
1-67	423-426	pro	
1-68	427-434	piaculo	
1-69	435-443	universi	
1-70	444-452	Israëlis	
1-71	453-454	:	
1-72	455-458	pro	
1-73	459-463	omni	
1-74	464-470	quippe	
1-75	471-477	Israël	
1-76	478-488	præceperat	
1-77	489-492	rex	
1-78	493-495	ut	
1-79	496-507	holocaustum	
1-80	508-514	fieret	
1-81	514-515	,	
1-82	516-518	et	
1-83	519-522	pro	
1-84	523-530	peccato	
1-85	530-531	.	
1-86	532-534	25	
1-87	535-545	Constituit	
1-88	546-552	quoque	
1-89	553-560	Levitas	
1-90	561-563	in	
1-91	564-568	domo	
1-92	569-575	Domini	
1-93	576-579	cum	
1-94	580-588	cymbalis	
1-95	588-589	,	
1-96	590-592	et	
1-97	593-603	psalteriis	
1-98	603-604	,	
1-99	605-607	et	
1-100	608-616	citharis	
1-101	617-625	secundum	
1-102	626-639	dispositionem	
1-103	640-645	David	
1-104	646-651	regis	
1-105	651-652	,	
1-106	653-655	et	
1-107	656-659	Gad	
1-108	660-668	videntis	
1-109	668-669	,	
1-110	670-672	et	
1-111	673-679	Nathan	
1-112	680-688	prophetæ	
1-113	689-690	:	
1-114	691-699	siquidem	
1-115	700-706	Domini	
1-116	707-716	præceptum	
1-117	717-721	fuit	
1-118	722-725	per	
1-119	726-731	manum	
1-120	732-743	prophetarum	
1-121	744-748	ejus	
1-122	748-749	.	
1-123	750-752	26	
1-124	753-765	Steteruntque	
1-125	766-772	Levitæ	
1-126	773-781	tenentes	
1-127	782-788	organa	
1-128	789-794	David	
1-129	794-795	,	
1-130	796-798	et	
1-131	799-809	sacerdotes	
1-132	810-815	tubas	
1-133	815-816	.	
1-134	817-819	27	
1-135	820-822	Et	
1-136	823-829	jussit	
1-137	830-838	Ezechias	
1-138	839-841	ut	
1-139	842-851	offerrent	
1-140	852-862	holocausta	
1-141	863-868	super	
1-142	869-875	altare	
1-143	876-877	:	
1-144	878-884	cumque	
1-145	885-896	offerrentur	
1-146	897-907	holocausta	
1-147	907-908	,	
1-148	909-917	cœperunt	
1-149	918-924	laudes	
1-150	925-931	canere	
1-151	932-938	Domino	
1-152	938-939	,	
1-153	940-942	et	
1-154	943-951	clangere	
1-155	952-957	tubis	
1-156	957-958	,	
1-157	959-964	atque	
1-158	965-967	in	
1-159	968-976	diversis	
1-160	977-984	organis	
1-161	985-988	quæ	
1-162	989-994	David	
1-163	995-998	rex	
1-164	999-1005	Israël	
1-165	1006-1018	præparaverat	
1-166	1018-1019	,	
1-167	1020-1030	concrepare	
1-168	1030-1031	.	
1-169	1032-1034	28	
1-170	1035-1039	Omni	
1-171	1040-1045	autem	
1-172	1046-1051	turba	
1-173	1052-1060	adorante	
1-174	1060-1061	,	
1-175	1062-1070	cantores	
1-176	1070-1071	,	
1-177	1072-1074	et	
1-178	1075-1077	ii	
1-179	1078-1081	qui	
1-180	1082-1090	tenebant	
1-181	1091-1096	tubas	
1-182	1096-1097	,	
1-183	1098-1103	erant	
1-184	1104-1106	in	
1-185	1107-1114	officio	
1-186	1115-1118	suo	
1-187	1119-1124	donec	
1-188	1125-1136	compleretur	
1-189	1137-1148	holocaustum	
1-190	1148-1149	.	
1-191	1150-1152	29	
1-192	1153-1159	Cumque	
1-193	1160-1166	finita	
1-194	1167-1172	esset	
1-195	1173-1180	oblatio	
1-196	1180-1181	,	
1-197	1182-1192	incurvatus	
1-198	1193-1196	est	
1-199	1197-1200	rex	
1-200	1200-1201	,	
1-201	1202-1204	et	
1-202	1205-1210	omnes	
1-203	1211-1214	qui	
1-204	1215-1220	erant	
1-205	1221-1224	cum	
1-206	1225-1227	eo	
1-207	1227-1228	,	
1-208	1229-1231	et	
1-209	1232-1243	adoraverunt	
1-210	1243-1244	.	
1-211	1245-1247	30	
1-212	1248-1259	Præcepitque	
1-213	1260-1268	Ezechias	
1-214	1269-1271	et	
1-215	1272-1281	principes	
1-216	1282-1289	Levitis	
1-217	1289-1290	,	
1-218	1291-1293	ut	
1-219	1294-1303	laudarent	
1-220	1304-1311	Dominum	
1-221	1312-1322	sermonibus	
1-222	1323-1328	David	
1-223	1328-1329	,	
1-224	1330-1332	et	
1-225	1333-1338	Asaph	
1-226	1339-1347	videntis	
1-227	1348-1349	:	
1-228	1350-1353	qui	
1-229	1354-1365	laudaverunt	
1-230	1366-1369	eum	
1-231	1370-1375	magna	
1-232	1376-1383	lætitia	
1-233	1383-1384	,	
1-234	1385-1387	et	
1-235	1388-1397	incurvato	
1-236	1398-1402	genu	
1-237	1403-1414	adoraverunt	
1-238	1414-1415	.	
1-239	1416-1418	31	
1-240	1419-1427	Ezechias	
1-241	1428-1433	autem	
1-242	1434-1439	etiam	
1-243	1440-1443	hæc	
1-244	1444-1451	addidit	
1-245	1452-1453	:	
1-246	1454-1463	Implestis	
1-247	1464-1469	manus	
1-248	1470-1477	vestras	
1-249	1478-1484	Domino	
1-250	1485-1486	:	
1-251	1487-1495	accedite	
1-252	1495-1496	,	
1-253	1497-1499	et	
1-254	1500-1507	offerte	
1-255	1508-1516	victimas	
1-256	1517-1519	et	
1-257	1520-1526	laudes	
1-258	1527-1529	in	
1-259	1530-1534	domo	
1-260	1535-1541	Domini	
1-261	1541-1542	.	

#Text=Obtulit ergo universa multitudo hostias, et laudes, et holocausta, mente devota.
#Text=32 Porro numerus holocaustorum quæ obtulit multitudo, hic fuit : tauros septuaginta, arietes centum, agnos ducentos.
#Text=33 Sanctificaveruntque Domino boves sexcentos, et oves tria millia.
#Text=34 Sacerdotes vero pauci erant, nec poterant sufficere ut pelles holocaustorum detraherent : unde et Levitæ fratres eorum adjuverunt eos, donec impleretur opus, et sanctificarentur antistites : Levitæ quippe faciliori ritu sanctificantur quam sacerdotes.
#Text=35 Fuerunt ergo holocausta plurima, adipes pacificorum, et libamina holocaustorum : et completus est cultus domus Domini.
#Text=36 Lætatusque est Ezechias et omnis populus, eo quod ministerium Domini esset expletum : de repente quippe hoc fieri placuerat.
2-1	1543-1550	Obtulit	
2-2	1551-1555	ergo	
2-3	1556-1564	universa	
2-4	1565-1574	multitudo	
2-5	1575-1582	hostias	
2-6	1582-1583	,	
2-7	1584-1586	et	
2-8	1587-1593	laudes	
2-9	1593-1594	,	
2-10	1595-1597	et	
2-11	1598-1608	holocausta	
2-12	1608-1609	,	
2-13	1610-1615	mente	
2-14	1616-1622	devota	
2-15	1622-1623	.	
2-16	1624-1626	32	
2-17	1627-1632	Porro	
2-18	1633-1640	numerus	
2-19	1641-1654	holocaustorum	
2-20	1655-1658	quæ	
2-21	1659-1666	obtulit	
2-22	1667-1676	multitudo	
2-23	1676-1677	,	
2-24	1678-1681	hic	
2-25	1682-1686	fuit	
2-26	1687-1688	:	
2-27	1689-1695	tauros	
2-28	1696-1707	septuaginta	
2-29	1707-1708	,	
2-30	1709-1716	arietes	
2-31	1717-1723	centum	
2-32	1723-1724	,	
2-33	1725-1730	agnos	
2-34	1731-1739	ducentos	
2-35	1739-1740	.	
2-36	1741-1743	33	
2-37	1744-1763	Sanctificaveruntque	
2-38	1764-1770	Domino	
2-39	1771-1776	boves	
2-40	1777-1786	sexcentos	
2-41	1786-1787	,	
2-42	1788-1790	et	
2-43	1791-1795	oves	
2-44	1796-1800	tria	
2-45	1801-1807	millia	
2-46	1807-1808	.	
2-47	1809-1811	34	
2-48	1812-1822	Sacerdotes	
2-49	1823-1827	vero	
2-50	1828-1833	pauci	
2-51	1834-1839	erant	
2-52	1839-1840	,	
2-53	1841-1844	nec	
2-54	1845-1853	poterant	
2-55	1854-1863	sufficere	
2-56	1864-1866	ut	
2-57	1867-1873	pelles	
2-58	1874-1887	holocaustorum	
2-59	1888-1899	detraherent	
2-60	1900-1901	:	
2-61	1902-1906	unde	
2-62	1907-1909	et	
2-63	1910-1916	Levitæ	
2-64	1917-1924	fratres	
2-65	1925-1930	eorum	
2-66	1931-1941	adjuverunt	
2-67	1942-1945	eos	
2-68	1945-1946	,	
2-69	1947-1952	donec	
2-70	1953-1963	impleretur	
2-71	1964-1968	opus	
2-72	1968-1969	,	
2-73	1970-1972	et	
2-74	1973-1989	sanctificarentur	
2-75	1990-2000	antistites	
2-76	2001-2002	:	
2-77	2003-2009	Levitæ	
2-78	2010-2016	quippe	
2-79	2017-2026	faciliori	
2-80	2027-2031	ritu	
2-81	2032-2046	sanctificantur	
2-82	2047-2051	quam	
2-83	2052-2062	sacerdotes	
2-84	2062-2063	.	
2-85	2064-2066	35	
2-86	2067-2074	Fuerunt	
2-87	2075-2079	ergo	
2-88	2080-2090	holocausta	
2-89	2091-2098	plurima	
2-90	2098-2099	,	
2-91	2100-2106	adipes	
2-92	2107-2118	pacificorum	
2-93	2118-2119	,	
2-94	2120-2122	et	
2-95	2123-2131	libamina	
2-96	2132-2145	holocaustorum	
2-97	2146-2147	:	
2-98	2148-2150	et	
2-99	2151-2160	completus	
2-100	2161-2164	est	
2-101	2165-2171	cultus	
2-102	2172-2177	domus	
2-103	2178-2184	Domini	
2-104	2184-2185	.	
2-105	2186-2188	36	
2-106	2189-2199	Lætatusque	
2-107	2200-2203	est	
2-108	2204-2212	Ezechias	
2-109	2213-2215	et	
2-110	2216-2221	omnis	
2-111	2222-2229	populus	
2-112	2229-2230	,	
2-113	2231-2233	eo	
2-114	2234-2238	quod	
2-115	2239-2250	ministerium	
2-116	2251-2257	Domini	
2-117	2258-2263	esset	
2-118	2264-2272	expletum	
2-119	2273-2274	:	
2-120	2275-2277	de	
2-121	2278-2285	repente	
2-122	2286-2292	quippe	
2-123	2293-2296	hoc	
2-124	2297-2302	fieri	
2-125	2303-2312	placuerat	
2-126	2312-2313	.	

#Text=Caput 30
#Text=
#Text=
#Text=1 Misit quoque Ezechias ad omnem Israël et Judam : scripsitque epistolas ad Ephraim et Manassen ut venirent ad domum Domini in Jerusalem, et facerent Phase Domino Deo Israël.
#Text=2 Inito ergo consilio regis et principum, et universi cœtus Jerusalem, decreverunt ut facerent Phase mense secundo.
#Text=3 Non enim potuerant facere in tempore suo, quia sacerdotes qui possent sufficere, sanctificati non fuerant, et populus nondum congregatus fuerat in Jerusalem.
#Text=4 Placuitque sermo regi, et omni multitudini.
#Text=5 Et decreverunt ut mitterent nuntios in universum Israël, de Bersabee usque Dan, ut venirent, et facerent Phase Domino Deo Israël in Jerusalem : multi enim non fecerant sicut lege præscriptum est.
3-1	2314-2319	Caput	
3-2	2320-2322	30	
3-3	2325-2326	1	
3-4	2327-2332	Misit	
3-5	2333-2339	quoque	
3-6	2340-2348	Ezechias	
3-7	2349-2351	ad	
3-8	2352-2357	omnem	
3-9	2358-2364	Israël	
3-10	2365-2367	et	
3-11	2368-2373	Judam	
3-12	2374-2375	:	
3-13	2376-2387	scripsitque	
3-14	2388-2397	epistolas	
3-15	2398-2400	ad	
3-16	2401-2408	Ephraim	
3-17	2409-2411	et	
3-18	2412-2420	Manassen	
3-19	2421-2423	ut	
3-20	2424-2432	venirent	
3-21	2433-2435	ad	
3-22	2436-2441	domum	
3-23	2442-2448	Domini	
3-24	2449-2451	in	
3-25	2452-2461	Jerusalem	
3-26	2461-2462	,	
3-27	2463-2465	et	
3-28	2466-2474	facerent	
3-29	2475-2480	Phase	
3-30	2481-2487	Domino	
3-31	2488-2491	Deo	
3-32	2492-2498	Israël	
3-33	2498-2499	.	
3-34	2500-2501	2	
3-35	2502-2507	Inito	
3-36	2508-2512	ergo	
3-37	2513-2521	consilio	
3-38	2522-2527	regis	
3-39	2528-2530	et	
3-40	2531-2540	principum	
3-41	2540-2541	,	
3-42	2542-2544	et	
3-43	2545-2553	universi	
3-44	2554-2559	cœtus	
3-45	2560-2569	Jerusalem	
3-46	2569-2570	,	
3-47	2571-2582	decreverunt	
3-48	2583-2585	ut	
3-49	2586-2594	facerent	
3-50	2595-2600	Phase	
3-51	2601-2606	mense	
3-52	2607-2614	secundo	
3-53	2614-2615	.	
3-54	2616-2617	3	
3-55	2618-2621	Non	
3-56	2622-2626	enim	
3-57	2627-2636	potuerant	
3-58	2637-2643	facere	
3-59	2644-2646	in	
3-60	2647-2654	tempore	
3-61	2655-2658	suo	
3-62	2658-2659	,	
3-63	2660-2664	quia	
3-64	2665-2675	sacerdotes	
3-65	2676-2679	qui	
3-66	2680-2687	possent	
3-67	2688-2697	sufficere	
3-68	2697-2698	,	
3-69	2699-2711	sanctificati	
3-70	2712-2715	non	
3-71	2716-2723	fuerant	
3-72	2723-2724	,	
3-73	2725-2727	et	
3-74	2728-2735	populus	
3-75	2736-2742	nondum	
3-76	2743-2754	congregatus	
3-77	2755-2761	fuerat	
3-78	2762-2764	in	
3-79	2765-2774	Jerusalem	
3-80	2774-2775	.	
3-81	2776-2777	4	
3-82	2778-2788	Placuitque	
3-83	2789-2794	sermo	
3-84	2795-2799	regi	
3-85	2799-2800	,	
3-86	2801-2803	et	
3-87	2804-2808	omni	
3-88	2809-2820	multitudini	
3-89	2820-2821	.	
3-90	2822-2823	5	
3-91	2824-2826	Et	
3-92	2827-2838	decreverunt	
3-93	2839-2841	ut	
3-94	2842-2851	mitterent	
3-95	2852-2859	nuntios	
3-96	2860-2862	in	
3-97	2863-2872	universum	
3-98	2873-2879	Israël	
3-99	2879-2880	,	
3-100	2881-2883	de	
3-101	2884-2892	Bersabee	
3-102	2893-2898	usque	
3-103	2899-2902	Dan	
3-104	2902-2903	,	
3-105	2904-2906	ut	
3-106	2907-2915	venirent	
3-107	2915-2916	,	
3-108	2917-2919	et	
3-109	2920-2928	facerent	
3-110	2929-2934	Phase	
3-111	2935-2941	Domino	
3-112	2942-2945	Deo	
3-113	2946-2952	Israël	
3-114	2953-2955	in	
3-115	2956-2965	Jerusalem	
3-116	2966-2967	:	
3-117	2968-2973	multi	
3-118	2974-2978	enim	
3-119	2979-2982	non	
3-120	2983-2991	fecerant	
3-121	2992-2997	sicut	
3-122	2998-3002	lege	
3-123	3003-3014	præscriptum	
3-124	3015-3018	est	
3-125	3018-3019	.	
