{"_context" : {
    "_types" : {
      "DocumentMetaData" : {
        "_feature_types" : {"sofa" : "_ref" } }, 
      "Relation" : {
        "_feature_types" : {"sofa" : "_ref",  "Dependent" : "_ref",  "Governor" : "_ref" } }, 
      "Sentence" : {
        "_feature_types" : {"sofa" : "_ref" } }, 
      "Sofa" : {
        "_feature_types" : {"sofaArray" : "_ref" } }, 
      "Span" : {
        "_feature_types" : {"sofa" : "_ref" } }, 
      "TagsetDescription" : {
        "_feature_types" : {"sofa" : "_ref",  "tags" : "_ref" } }, 
      "Token" : {
        "_feature_types" : {"sofa" : "_ref",  "parent" : "_ref",  "lemma" : "_ref",  "stem" : "_ref",  "pos" : "_ref",  "morph" : "_ref",  "form" : "_ref" } }, 
      "DocumentAnnotation" : {
        "_feature_types" : {"sofa" : "_ref" }, 
        "_subtypes" : ["DocumentMetaData" ] }, 
      "Annotation" : {
        "_feature_types" : {"sofa" : "_ref" }, 
        "_subtypes" : ["DocumentAnnotation",  "Relation",  "Sentence",  "Span",  "TagsetDescription",  "Token" ] }, 
      "AnnotationBase" : {
        "_feature_types" : {"sofa" : "_ref" }, 
        "_subtypes" : ["Annotation" ] }, 
      "TOP" : {
        "_subtypes" : ["AnnotationBase",  "Sofa" ] } } }, 
  "_views" : {
    "_InitialView" : {
      "Relation" : [
        {"sofa" : 1,  "begin" : 78,  "end" : 83,  "Dependent" : 3294,  "Governor" : 3304 }, 
        {"sofa" : 1,  "begin" : 78,  "end" : 83,  "Dependent" : 3294,  "Governor" : 3326 }, 
        {"sofa" : 1,  "begin" : 78,  "end" : 83,  "Dependent" : 3294,  "Governor" : 3350 }, 
        {"sofa" : 1,  "begin" : 78,  "end" : 83,  "Dependent" : 3294,  "Governor" : 3362 }, 
        {"sofa" : 1,  "begin" : 480,  "end" : 485,  "Dependent" : 3374,  "Governor" : 3379 }, 
        {"sofa" : 1,  "begin" : 480,  "end" : 485,  "Dependent" : 3374,  "Governor" : 3391 }, 
        {"sofa" : 1,  "begin" : 480,  "end" : 485,  "Dependent" : 3374,  "Governor" : 3621 }, 
        {"sofa" : 1,  "begin" : 616,  "end" : 627,  "Dependent" : 3403,  "Governor" : 3408 }, 
        {"sofa" : 1,  "begin" : 616,  "end" : 627,  "Dependent" : 3403,  "Governor" : 3425 }, 
        {"sofa" : 1,  "begin" : 616,  "end" : 627,  "Dependent" : 3403,  "Governor" : 3437 }, 
        {"sofa" : 1,  "begin" : 616,  "end" : 627,  "Dependent" : 3403,  "Governor" : 3449 }, 
        {"sofa" : 1,  "begin" : 616,  "end" : 627,  "Dependent" : 3403,  "Governor" : 3633 }, 
        {"sofa" : 1,  "begin" : 741,  "end" : 746,  "Dependent" : 3461,  "Governor" : 3471 }, 
        {"sofa" : 1,  "begin" : 741,  "end" : 746,  "Dependent" : 3461,  "Governor" : 3476 }, 
        {"sofa" : 1,  "begin" : 888,  "end" : 890,  "Dependent" : 3520,  "Governor" : 3461,  "label" : "Anaphoric" }, 
        {"sofa" : 1,  "begin" : 888,  "end" : 890,  "Dependent" : 3520,  "Governor" : 3515 }, 
        {"sofa" : 1,  "begin" : 888,  "end" : 890,  "Dependent" : 3520,  "Governor" : 3510 }, 
        {"sofa" : 1,  "begin" : 888,  "end" : 890,  "Dependent" : 3520,  "Governor" : 3495 }, 
        {"sofa" : 1,  "begin" : 963,  "end" : 968,  "Dependent" : 3553,  "Governor" : 3558 }, 
        {"sofa" : 1,  "begin" : 1146,  "end" : 1153,  "Dependent" : 3575,  "Governor" : 3580 }, 
        {"sofa" : 1,  "begin" : 1146,  "end" : 1153,  "Dependent" : 3575,  "Governor" : 3570 }, 
        {"sofa" : 1,  "begin" : 1212,  "end" : 1217,  "Dependent" : 3599,  "Governor" : 3604 } ], 
      "Span" : [3326,  3294,  3304,  3350,  3362,  3374,  3621,  3379,  3391,  3425,  3403,  3408,  3437,  3633,  3449,  3461,  3471,  3476,  3495,  3510,  3515,  3520,  3558,  3553,  3604,  3575,  3580,  3570,  3599 ], 
      "DocumentMetaData" : [
        {"sofa" : 1,  "end" : 1343,  "language" : "x-unspecified",  "documentTitle" : "051E%20C.%20F.%20Schoenbein%201843%20On%20the%20odour%20accompanying%20electricity,%20and%20on%20the%20probability%20of%20its%20dependence%20on%20the%20presence%20of%20a%20new%20substance__40_distribution_SCIE.txt",  "documentId" : "teresa",  "documentUri" : "file:/home/dhuser/alessio/inception/repository/project/29/document/11838/source/teresa",  "collectionId" : "file:/home/dhuser/alessio/inception/repository/project/29/document/11838/source/",  "documentBaseUri" : "file:/home/dhuser/alessio/inception/repository/project/29/document/11838/source/",  "isLastSegment" : false } ], 
      "TagsetDescription" : [
        {"sofa" : 1,  "layer" : "webanno.custom.Emotions",  "name" : "Emotion Labels",  "input" : false }, 
        {"sofa" : 1,  "layer" : "custom.Relation",  "name" : "Relation labels",  "input" : false }, 
        {"sofa" : 1,  "layer" : "custom.Span",  "name" : "Smell labels",  "input" : false } ], 
      "Sentence" : [
        {"sofa" : 1,  "end" : 475 }, 
        {"sofa" : 1,  "begin" : 476,  "end" : 592 }, 
        {"sofa" : 1,  "begin" : 593,  "end" : 707 }, 
        {"sofa" : 1,  "begin" : 708,  "end" : 891 }, 
        {"sofa" : 1,  "begin" : 892,  "end" : 1343 } ], 
      "Token" : [
        {"sofa" : 1,  "end" : 3 }, 
        {"sofa" : 1,  "begin" : 4,  "end" : 10 }, 
        {"sofa" : 1,  "begin" : 10,  "end" : 11 }, 
        {"sofa" : 1,  "begin" : 11,  "end" : 12 }, 
        {"sofa" : 1,  "begin" : 13,  "end" : 22 }, 
        {"sofa" : 1,  "begin" : 23,  "end" : 29 }, 
        {"sofa" : 1,  "begin" : 30,  "end" : 34 }, 
        {"sofa" : 1,  "begin" : 35,  "end" : 39 }, 
        {"sofa" : 1,  "begin" : 40,  "end" : 48 }, 
        {"sofa" : 1,  "begin" : 49,  "end" : 51 }, 
        {"sofa" : 1,  "begin" : 52,  "end" : 55 }, 
        {"sofa" : 1,  "begin" : 56,  "end" : 66 }, 
        {"sofa" : 1,  "begin" : 67,  "end" : 71 }, 
        {"sofa" : 1,  "begin" : 71,  "end" : 72 }, 
        {"sofa" : 1,  "begin" : 73,  "end" : 77 }, 
        {"sofa" : 1,  "begin" : 78,  "end" : 83 }, 
        {"sofa" : 1,  "begin" : 83,  "end" : 84 }, 
        {"sofa" : 1,  "begin" : 85,  "end" : 95 }, 
        {"sofa" : 1,  "begin" : 96,  "end" : 100 }, 
        {"sofa" : 1,  "begin" : 101,  "end" : 103 }, 
        {"sofa" : 1,  "begin" : 104,  "end" : 114 }, 
        {"sofa" : 1,  "begin" : 114,  "end" : 115 }, 
        {"sofa" : 1,  "begin" : 116,  "end" : 118 }, 
        {"sofa" : 1,  "begin" : 119,  "end" : 124 }, 
        {"sofa" : 1,  "begin" : 125,  "end" : 128 }, 
        {"sofa" : 1,  "begin" : 129,  "end" : 135 }, 
        {"sofa" : 1,  "begin" : 136,  "end" : 139 }, 
        {"sofa" : 1,  "begin" : 140,  "end" : 146 }, 
        {"sofa" : 1,  "begin" : 147,  "end" : 149 }, 
        {"sofa" : 1,  "begin" : 150,  "end" : 158 }, 
        {"sofa" : 1,  "begin" : 159,  "end" : 170 }, 
        {"sofa" : 1,  "begin" : 171,  "end" : 175 }, 
        {"sofa" : 1,  "begin" : 176,  "end" : 179 }, 
        {"sofa" : 1,  "begin" : 180,  "end" : 185 }, 
        {"sofa" : 1,  "begin" : 186,  "end" : 188 }, 
        {"sofa" : 1,  "begin" : 189,  "end" : 190 }, 
        {"sofa" : 1,  "begin" : 191,  "end" : 200 }, 
        {"sofa" : 1,  "begin" : 201,  "end" : 205 }, 
        {"sofa" : 1,  "begin" : 206,  "end" : 209 }, 
        {"sofa" : 1,  "begin" : 209,  "end" : 210 }, 
        {"sofa" : 1,  "begin" : 211,  "end" : 214 }, 
        {"sofa" : 1,  "begin" : 215,  "end" : 217 }, 
        {"sofa" : 1,  "begin" : 218,  "end" : 226 }, 
        {"sofa" : 1,  "begin" : 227,  "end" : 238 }, 
        {"sofa" : 1,  "begin" : 239,  "end" : 243 }, 
        {"sofa" : 1,  "begin" : 244,  "end" : 253 }, 
        {"sofa" : 1,  "begin" : 254,  "end" : 257 }, 
        {"sofa" : 1,  "begin" : 258,  "end" : 264 }, 
        {"sofa" : 1,  "begin" : 265,  "end" : 268 }, 
        {"sofa" : 1,  "begin" : 269,  "end" : 275 }, 
        {"sofa" : 1,  "begin" : 275,  "end" : 276 }, 
        {"sofa" : 1,  "begin" : 277,  "end" : 280 }, 
        {"sofa" : 1,  "begin" : 281,  "end" : 285 }, 
        {"sofa" : 1,  "begin" : 286,  "end" : 290 }, 
        {"sofa" : 1,  "begin" : 291,  "end" : 296 }, 
        {"sofa" : 1,  "begin" : 297,  "end" : 299 }, 
        {"sofa" : 1,  "begin" : 300,  "end" : 312 }, 
        {"sofa" : 1,  "begin" : 312,  "end" : 313 }, 
        {"sofa" : 1,  "begin" : 314,  "end" : 316 }, 
        {"sofa" : 1,  "begin" : 317,  "end" : 320 }, 
        {"sofa" : 1,  "begin" : 321,  "end" : 333 }, 
        {"sofa" : 1,  "begin" : 334,  "end" : 337 }, 
        {"sofa" : 1,  "begin" : 338,  "end" : 351 }, 
        {"sofa" : 1,  "begin" : 352,  "end" : 361 }, 
        {"sofa" : 1,  "begin" : 362,  "end" : 367 }, 
        {"sofa" : 1,  "begin" : 368,  "end" : 377 }, 
        {"sofa" : 1,  "begin" : 377,  "end" : 378 }, 
        {"sofa" : 1,  "begin" : 379,  "end" : 382 }, 
        {"sofa" : 1,  "begin" : 383,  "end" : 386 }, 
        {"sofa" : 1,  "begin" : 387,  "end" : 394 }, 
        {"sofa" : 1,  "begin" : 395,  "end" : 397 }, 
        {"sofa" : 1,  "begin" : 398,  "end" : 401 }, 
        {"sofa" : 1,  "begin" : 402,  "end" : 410 }, 
        {"sofa" : 1,  "begin" : 411,  "end" : 415 }, 
        {"sofa" : 1,  "begin" : 415,  "end" : 416 }, 
        {"sofa" : 1,  "begin" : 417,  "end" : 419 }, 
        {"sofa" : 1,  "begin" : 420,  "end" : 427 }, 
        {"sofa" : 1,  "begin" : 427,  "end" : 428 }, 
        {"sofa" : 1,  "begin" : 429,  "end" : 435 }, 
        {"sofa" : 1,  "begin" : 436,  "end" : 437 }, 
        {"sofa" : 1,  "begin" : 438,  "end" : 442 }, 
        {"sofa" : 1,  "begin" : 443,  "end" : 445 }, 
        {"sofa" : 1,  "begin" : 446,  "end" : 449 }, 
        {"sofa" : 1,  "begin" : 450,  "end" : 459 }, 
        {"sofa" : 1,  "begin" : 460,  "end" : 462 }, 
        {"sofa" : 1,  "begin" : 463,  "end" : 468 }, 
        {"sofa" : 1,  "begin" : 469,  "end" : 474 }, 
        {"sofa" : 1,  "begin" : 474,  "end" : 475 }, 
        {"sofa" : 1,  "begin" : 476,  "end" : 479 }, 
        {"sofa" : 1,  "begin" : 480,  "end" : 485 }, 
        {"sofa" : 1,  "begin" : 486,  "end" : 491 }, 
        {"sofa" : 1,  "begin" : 492,  "end" : 503 }, 
        {"sofa" : 1,  "begin" : 504,  "end" : 507 }, 
        {"sofa" : 1,  "begin" : 508,  "end" : 523 }, 
        {"sofa" : 1,  "begin" : 524,  "end" : 526 }, 
        {"sofa" : 1,  "begin" : 527,  "end" : 532 }, 
        {"sofa" : 1,  "begin" : 532,  "end" : 533 }, 
        {"sofa" : 1,  "begin" : 534,  "end" : 536 }, 
        {"sofa" : 1,  "begin" : 537,  "end" : 545 }, 
        {"sofa" : 1,  "begin" : 545,  "end" : 546 }, 
        {"sofa" : 1,  "begin" : 547,  "end" : 549 }, 
        {"sofa" : 1,  "begin" : 550,  "end" : 554 }, 
        {"sofa" : 1,  "begin" : 555,  "end" : 565 }, 
        {"sofa" : 1,  "begin" : 566,  "end" : 568 }, 
        {"sofa" : 1,  "begin" : 569,  "end" : 572 }, 
        {"sofa" : 1,  "begin" : 573,  "end" : 581 }, 
        {"sofa" : 1,  "begin" : 582,  "end" : 591 }, 
        {"sofa" : 1,  "begin" : 591,  "end" : 592 }, 
        {"sofa" : 1,  "begin" : 593,  "end" : 595 }, 
        {"sofa" : 1,  "begin" : 596,  "end" : 600 }, 
        {"sofa" : 1,  "begin" : 601,  "end" : 606 }, 
        {"sofa" : 1,  "begin" : 607,  "end" : 611 }, 
        {"sofa" : 1,  "begin" : 612,  "end" : 615 }, 
        {"sofa" : 1,  "begin" : 616,  "end" : 627 }, 
        {"sofa" : 1,  "begin" : 628,  "end" : 637 }, 
        {"sofa" : 1,  "begin" : 638,  "end" : 641 }, 
        {"sofa" : 1,  "begin" : 642,  "end" : 644 }, 
        {"sofa" : 1,  "begin" : 645,  "end" : 654 }, 
        {"sofa" : 1,  "begin" : 655,  "end" : 657 }, 
        {"sofa" : 1,  "begin" : 658,  "end" : 669 }, 
        {"sofa" : 1,  "begin" : 670,  "end" : 675 }, 
        {"sofa" : 1,  "begin" : 676,  "end" : 683 }, 
        {"sofa" : 1,  "begin" : 684,  "end" : 687 }, 
        {"sofa" : 1,  "begin" : 688,  "end" : 691 }, 
        {"sofa" : 1,  "begin" : 692,  "end" : 698 }, 
        {"sofa" : 1,  "begin" : 699,  "end" : 701 }, 
        {"sofa" : 1,  "begin" : 702,  "end" : 706 }, 
        {"sofa" : 1,  "begin" : 706,  "end" : 707 }, 
        {"sofa" : 1,  "begin" : 708,  "end" : 711 }, 
        {"sofa" : 1,  "begin" : 712,  "end" : 716 }, 
        {"sofa" : 1,  "begin" : 717,  "end" : 723 }, 
        {"sofa" : 1,  "begin" : 724,  "end" : 729 }, 
        {"sofa" : 1,  "begin" : 730,  "end" : 735 }, 
        {"sofa" : 1,  "begin" : 736,  "end" : 740 }, 
        {"sofa" : 1,  "begin" : 741,  "end" : 746 }, 
        {"sofa" : 1,  "begin" : 747,  "end" : 750 }, 
        {"sofa" : 1,  "begin" : 751,  "end" : 755 }, 
        {"sofa" : 1,  "begin" : 756,  "end" : 759 }, 
        {"sofa" : 1,  "begin" : 760,  "end" : 767 }, 
        {"sofa" : 1,  "begin" : 767,  "end" : 768 }, 
        {"sofa" : 1,  "begin" : 769,  "end" : 772 }, 
        {"sofa" : 1,  "begin" : 773,  "end" : 779 }, 
        {"sofa" : 1,  "begin" : 780,  "end" : 789 }, 
        {"sofa" : 1,  "begin" : 789,  "end" : 790 }, 
        {"sofa" : 1,  "begin" : 791,  "end" : 801 }, 
        {"sofa" : 1,  "begin" : 801,  "end" : 802 }, 
        {"sofa" : 1,  "begin" : 803,  "end" : 806 }, 
        {"sofa" : 1,  "begin" : 807,  "end" : 813 }, 
        {"sofa" : 1,  "begin" : 814,  "end" : 819 }, 
        {"sofa" : 1,  "begin" : 819,  "end" : 820 }, 
        {"sofa" : 1,  "begin" : 821,  "end" : 824 }, 
        {"sofa" : 1,  "begin" : 825,  "end" : 829 }, 
        {"sofa" : 1,  "begin" : 830,  "end" : 837 }, 
        {"sofa" : 1,  "begin" : 838,  "end" : 847 }, 
        {"sofa" : 1,  "begin" : 848,  "end" : 850 }, 
        {"sofa" : 1,  "begin" : 851,  "end" : 858 }, 
        {"sofa" : 1,  "begin" : 859,  "end" : 861 }, 
        {"sofa" : 1,  "begin" : 862,  "end" : 865 }, 
        {"sofa" : 1,  "begin" : 866,  "end" : 871 }, 
        {"sofa" : 1,  "begin" : 871,  "end" : 872 }, 
        {"sofa" : 1,  "begin" : 873,  "end" : 877 }, 
        {"sofa" : 1,  "begin" : 878,  "end" : 887 }, 
        {"sofa" : 1,  "begin" : 888,  "end" : 890 }, 
        {"sofa" : 1,  "begin" : 890,  "end" : 891 }, 
        {"sofa" : 1,  "begin" : 892,  "end" : 899 }, 
        {"sofa" : 1,  "begin" : 900,  "end" : 903 }, 
        {"sofa" : 1,  "begin" : 904,  "end" : 915 }, 
        {"sofa" : 1,  "begin" : 916,  "end" : 918 }, 
        {"sofa" : 1,  "begin" : 919,  "end" : 922 }, 
        {"sofa" : 1,  "begin" : 923,  "end" : 928 }, 
        {"sofa" : 1,  "begin" : 929,  "end" : 931 }, 
        {"sofa" : 1,  "begin" : 932,  "end" : 935 }, 
        {"sofa" : 1,  "begin" : 936,  "end" : 943 }, 
        {"sofa" : 1,  "begin" : 944,  "end" : 949 }, 
        {"sofa" : 1,  "begin" : 950,  "end" : 958 }, 
        {"sofa" : 1,  "begin" : 959,  "end" : 962 }, 
        {"sofa" : 1,  "begin" : 963,  "end" : 968 }, 
        {"sofa" : 1,  "begin" : 969,  "end" : 973 }, 
        {"sofa" : 1,  "begin" : 974,  "end" : 981 }, 
        {"sofa" : 1,  "begin" : 981,  "end" : 982 }, 
        {"sofa" : 1,  "begin" : 983,  "end" : 986 }, 
        {"sofa" : 1,  "begin" : 987,  "end" : 990 }, 
        {"sofa" : 1,  "begin" : 991,  "end" : 999 }, 
        {"sofa" : 1,  "begin" : 1000,  "end" : 1002 }, 
        {"sofa" : 1,  "begin" : 1003,  "end" : 1016 }, 
        {"sofa" : 1,  "begin" : 1017,  "end" : 1022 }, 
        {"sofa" : 1,  "begin" : 1023,  "end" : 1033 }, 
        {"sofa" : 1,  "begin" : 1034,  "end" : 1036 }, 
        {"sofa" : 1,  "begin" : 1037,  "end" : 1045 }, 
        {"sofa" : 1,  "begin" : 1046,  "end" : 1054 }, 
        {"sofa" : 1,  "begin" : 1054,  "end" : 1055 }, 
        {"sofa" : 1,  "begin" : 1056,  "end" : 1060 }, 
        {"sofa" : 1,  "begin" : 1060,  "end" : 1061 }, 
        {"sofa" : 1,  "begin" : 1062,  "end" : 1066 }, 
        {"sofa" : 1,  "begin" : 1066,  "end" : 1067 }, 
        {"sofa" : 1,  "begin" : 1068,  "end" : 1071 }, 
        {"sofa" : 1,  "begin" : 1071,  "end" : 1072 }, 
        {"sofa" : 1,  "begin" : 1073,  "end" : 1077 }, 
        {"sofa" : 1,  "begin" : 1077,  "end" : 1078 }, 
        {"sofa" : 1,  "begin" : 1079,  "end" : 1087 }, 
        {"sofa" : 1,  "begin" : 1087,  "end" : 1088 }, 
        {"sofa" : 1,  "begin" : 1089,  "end" : 1096 }, 
        {"sofa" : 1,  "begin" : 1097,  "end" : 1099 }, 
        {"sofa" : 1,  "begin" : 1100,  "end" : 1107 }, 
        {"sofa" : 1,  "begin" : 1107,  "end" : 1108 }, 
        {"sofa" : 1,  "begin" : 1109,  "end" : 1111 }, 
        {"sofa" : 1,  "begin" : 1112,  "end" : 1114 }, 
        {"sofa" : 1,  "begin" : 1115,  "end" : 1116 }, 
        {"sofa" : 1,  "begin" : 1117,  "end" : 1120 }, 
        {"sofa" : 1,  "begin" : 1121,  "end" : 1126 }, 
        {"sofa" : 1,  "begin" : 1127,  "end" : 1129 }, 
        {"sofa" : 1,  "begin" : 1130,  "end" : 1137 }, 
        {"sofa" : 1,  "begin" : 1137,  "end" : 1138 }, 
        {"sofa" : 1,  "begin" : 1139,  "end" : 1141 }, 
        {"sofa" : 1,  "begin" : 1142,  "end" : 1145 }, 
        {"sofa" : 1,  "begin" : 1146,  "end" : 1153 }, 
        {"sofa" : 1,  "begin" : 1154,  "end" : 1163 }, 
        {"sofa" : 1,  "begin" : 1164,  "end" : 1173 }, 
        {"sofa" : 1,  "begin" : 1174,  "end" : 1176 }, 
        {"sofa" : 1,  "begin" : 1177,  "end" : 1178 }, 
        {"sofa" : 1,  "begin" : 1179,  "end" : 1185 }, 
        {"sofa" : 1,  "begin" : 1185,  "end" : 1186 }, 
        {"sofa" : 1,  "begin" : 1187,  "end" : 1198 }, 
        {"sofa" : 1,  "begin" : 1199,  "end" : 1207 }, 
        {"sofa" : 1,  "begin" : 1208,  "end" : 1211 }, 
        {"sofa" : 1,  "begin" : 1212,  "end" : 1217 }, 
        {"sofa" : 1,  "begin" : 1217,  "end" : 1218 }, 
        {"sofa" : 1,  "begin" : 1219,  "end" : 1222 }, 
        {"sofa" : 1,  "begin" : 1223,  "end" : 1226 }, 
        {"sofa" : 1,  "begin" : 1227,  "end" : 1231 }, 
        {"sofa" : 1,  "begin" : 1232,  "end" : 1239 }, 
        {"sofa" : 1,  "begin" : 1240,  "end" : 1244 }, 
        {"sofa" : 1,  "begin" : 1245,  "end" : 1252 }, 
        {"sofa" : 1,  "begin" : 1253,  "end" : 1255 }, 
        {"sofa" : 1,  "begin" : 1256,  "end" : 1260 }, 
        {"sofa" : 1,  "begin" : 1260,  "end" : 1261 }, 
        {"sofa" : 1,  "begin" : 1262,  "end" : 1268 }, 
        {"sofa" : 1,  "begin" : 1269,  "end" : 1272 }, 
        {"sofa" : 1,  "begin" : 1273,  "end" : 1276 }, 
        {"sofa" : 1,  "begin" : 1276,  "end" : 1277 }, 
        {"sofa" : 1,  "begin" : 1278,  "end" : 1280 }, 
        {"sofa" : 1,  "begin" : 1281,  "end" : 1291 }, 
        {"sofa" : 1,  "begin" : 1292,  "end" : 1296 }, 
        {"sofa" : 1,  "begin" : 1297,  "end" : 1300 }, 
        {"sofa" : 1,  "begin" : 1301,  "end" : 1307 }, 
        {"sofa" : 1,  "begin" : 1308,  "end" : 1318 }, 
        {"sofa" : 1,  "begin" : 1319,  "end" : 1323 }, 
        {"sofa" : 1,  "begin" : 1324,  "end" : 1332 }, 
        {"sofa" : 1,  "begin" : 1333,  "end" : 1342 }, 
        {"sofa" : 1,  "begin" : 1342,  "end" : 1343 } ] } }, 
  "_referenced_fss" : {
    "1" : {"_type" : "Sofa",  "sofaNum" : 1,  "sofaID" : "_InitialView",  "mimeType" : "text",  "sofaString" : "The author’s attention having been long directed to the remarkable fact, that odour, resembling that of phosphorus, is given off during the escape of positive electricity from the point of a conductor into air; and is likewise perceptible when lightning has struck any object, and also when water is electrolyzed, he has investigated the circumstances attending these phenomena; and the results he has obtained will, he expects, afford a clue to the discovery of their cause. The odour which accompanies the electrolyzation of water, he observes, is only disengaged at the positive electrode. He also finds that the odoriferous principle can be preserved in well-closed glass bottles for any length of time. The only metals which yield this odour are gold and platina; but dilute sulphuric, phosphoric, and nitric acids, and from aqueous solutions of several of the salts, also disengage it. Raising the temperature of the fluid to the boiling point prevents the odour from arising; and the addition of comparatively small quantities of powdered charcoal, iron, zinc, tin, lead, antimony, bismuth or arsenic, or of a few drops of mercury, to the odorous principle contained in a bottle, immediately destroys the smell; and the same happens when platina or gold, heated red hot, is introduced into the vessel containing that volatile substance." }, 
    "3294" : {"_type" : "Span",  "sofa" : 1,  "begin" : 78,  "end" : 83,  "label" : "Smell_Word" }, 
    "3304" : {"_type" : "Span",  "sofa" : 1,  "begin" : 96,  "end" : 114,  "label" : "Evoked_Odorant" }, 
    "3326" : {"_type" : "Span",  "sofa" : 1,  "end" : 10,  "label" : "Perceiver" }, 
    "3350" : {"_type" : "Span",  "sofa" : 1,  "begin" : 116,  "end" : 209,  "label" : "Circumstances" }, 
    "3362" : {"_type" : "Span",  "sofa" : 1,  "begin" : 227,  "end" : 238,  "label" : "Quality" }, 
    "3374" : {"_type" : "Span",  "sofa" : 1,  "begin" : 480,  "end" : 485,  "label" : "Smell_Word" }, 
    "3379" : {"_type" : "Span",  "sofa" : 1,  "begin" : 534,  "end" : 536,  "label" : "Perceiver" }, 
    "3391" : {"_type" : "Span",  "sofa" : 1,  "begin" : 547,  "end" : 591,  "label" : "Circumstances" }, 
    "3621" : {"_type" : "Span",  "sofa" : 1,  "begin" : 486,  "end" : 532,  "label" : "Circumstances" }, 
    "3403" : {"_type" : "Span",  "sofa" : 1,  "begin" : 616,  "end" : 627,  "label" : "Smell_Word" }, 
    "3408" : {"_type" : "Span",  "sofa" : 1,  "begin" : 616,  "end" : 627,  "label" : "Quality" }, 
    "3425" : {"_type" : "Span",  "sofa" : 1,  "begin" : 593,  "end" : 595,  "label" : "Perceiver" }, 
    "3437" : {"_type" : "Span",  "sofa" : 1,  "begin" : 638,  "end" : 683,  "label" : "Circumstances" }, 
    "3449" : {"_type" : "Span",  "sofa" : 1,  "begin" : 684,  "end" : 706,  "label" : "Time" }, 
    "3633" : {"_type" : "Span",  "sofa" : 1,  "begin" : 655,  "end" : 683,  "label" : "Odour_Carrier" }, 
    "3461" : {"_type" : "Span",  "sofa" : 1,  "begin" : 741,  "end" : 746,  "label" : "Smell_Word" }, 
    "3471" : {"_type" : "Span",  "sofa" : 1,  "begin" : 751,  "end" : 755,  "label" : "Smell_Source" }, 
    "3476" : {"_type" : "Span",  "sofa" : 1,  "begin" : 760,  "end" : 767,  "label" : "Smell_Source" }, 
    "3520" : {"_type" : "Span",  "sofa" : 1,  "begin" : 888,  "end" : 890,  "label" : "Smell_Word" }, 
    "3515" : {"_type" : "Span",  "sofa" : 1,  "begin" : 825,  "end" : 871,  "label" : "Smell_Source" }, 
    "3510" : {"_type" : "Span",  "sofa" : 1,  "begin" : 791,  "end" : 819,  "label" : "Smell_Source" }, 
    "3495" : {"_type" : "Span",  "sofa" : 1,  "begin" : 773,  "end" : 789,  "label" : "Smell_Source" }, 
    "3553" : {"_type" : "Span",  "sofa" : 1,  "begin" : 963,  "end" : 968,  "label" : "Smell_Word" }, 
    "3558" : {"_type" : "Span",  "sofa" : 1,  "begin" : 892,  "end" : 949,  "label" : "Circumstances" }, 
    "3575" : {"_type" : "Span",  "sofa" : 1,  "begin" : 1146,  "end" : 1153,  "label" : "Smell_Word" }, 
    "3580" : {"_type" : "Span",  "sofa" : 1,  "begin" : 1146,  "end" : 1153,  "label" : "Quality" }, 
    "3570" : {"_type" : "Span",  "sofa" : 1,  "begin" : 1179,  "end" : 1185,  "label" : "Odour_Carrier" }, 
    "3599" : {"_type" : "Span",  "sofa" : 1,  "begin" : 1212,  "end" : 1217,  "label" : "Smell_Word" }, 
    "3604" : {"_type" : "Span",  "sofa" : 1,  "begin" : 987,  "end" : 1137,  "label" : "Circumstances" } } }