#FORMAT=WebAnno TSV 3.3


#Text=bidde u hoorme.
1-1	2-7	bidde	
1-2	8-9	u	
1-3	10-16	hoorme	
1-4	16-17	.	

#Text=Luc.
2-1	19-22	Luc	
2-2	22-23	.	

#Text=spreeck, zoo lang het u behaegh'.
3-1	25-32	spreeck	
3-2	32-33	,	
3-3	34-37	zoo	
3-4	38-42	lang	
3-5	43-46	het	
3-6	47-48	u	
3-7	49-56	behaegh	
3-8	56-57	'	
3-9	57-58	.	

#Text=Raf.
4-1	60-63	Raf	
4-2	63-64	.	

#Text=Genade, ô Lucifer.
#Text=verschoon u
#Text=zelven:
#Text=draegh
#Text=
#Text=Geen harnas tegens my, die treurigh smilte, en quijne
#Text=Van druck, om uwent wil.
#Text=ick koom, met medecijne
#Text=
#Text=En balsem van gena
#Text=, gesteegen uit den schoot
#Text=Der Godtheit, die, gelijckze in haeren
#Text=Raet besloot,
#Text=U, boven duizenden gekroonde Heerschappyen,
#Text=Gezalft heeft op den stoel van haer stadthouderyen.
5-1	66-72	Genade	
5-2	72-73	,	
5-3	74-75	ô	
5-4	76-83	Lucifer	
5-5	83-84	.	
5-6	85-94	verschoon	
5-7	95-96	u	
5-8	97-103	zelven	
5-9	103-104	:	
5-10	105-111	draegh	
5-11	113-117	Geen	
5-12	118-124	harnas	
5-13	125-131	tegens	
5-14	132-134	my	
5-15	134-135	,	
5-16	136-139	die	
5-17	140-148	treurigh	
5-18	149-155	smilte	
5-19	155-156	,	
5-20	157-159	en	
5-21	160-166	quijne	
5-22	167-170	Van	
5-23	171-176	druck	
5-24	176-177	,	
5-25	178-180	om	
5-26	181-186	uwent	
5-27	187-190	wil	
5-28	190-191	.	
5-29	192-195	ick	
5-30	196-200	koom	
5-31	200-201	,	
5-32	202-205	met	
5-33	206-215	medecijne	
5-34	217-219	En	
5-35	220-226	balsem	
5-36	227-230	van	
5-37	231-235	gena	
5-38	236-237	,	
5-39	238-247	gesteegen	
5-40	248-251	uit	
5-41	252-255	den	
5-42	256-262	schoot	
5-43	263-266	Der	
5-44	267-275	Godtheit	
5-45	275-276	,	
5-46	277-280	die	
5-47	280-281	,	
5-48	282-291	gelijckze	
5-49	292-294	in	
5-50	295-301	haeren	
5-51	302-306	Raet	
5-52	307-314	besloot	
5-53	314-315	,	
5-54	316-317	U	
5-55	317-318	,	
5-56	319-324	boven	
5-57	325-334	duizenden	
5-58	335-344	gekroonde	
5-59	345-358	Heerschappyen	
5-60	358-359	,	
5-61	360-367	Gezalft	
5-62	368-373	heeft	
5-63	374-376	op	
5-64	377-380	den	
5-65	381-386	stoel	
5-66	387-390	van	
5-67	391-395	haer	
5-68	396-410	stadthouderyen	
5-69	410-411	.	

#Text=Wat dolheit is het, die uw zinnen dus verruckt?
6-1	414-417	Wat	
6-2	418-425	dolheit	
6-3	426-428	is	
6-4	429-432	het	
6-5	432-433	,	
6-6	434-437	die	
6-7	438-440	uw	
6-8	441-447	zinnen	
6-9	448-451	dus	
6-10	452-460	verruckt	
6-11	460-461	?	

#Text=Zy had haer zegel en gelijckenis gedruckt
#Text=
#Text=Op uw geheilight hooft, en voorhooft, overgooten
#Text=
#Text=Met schoonheit, wijsheit, gunst, en wat'er komt gevlooten,
#Text=
#Text=En stroomen, zonder maet, uit aller schatten bron.
7-1	463-465	Zy	
7-2	466-469	had	
7-3	470-474	haer	
7-4	475-480	zegel	
7-5	481-483	en	
7-6	484-495	gelijckenis	
7-7	496-504	gedruckt	
7-8	506-508	Op	
7-9	509-511	uw	
7-10	512-522	geheilight	
7-11	523-528	hooft	
7-12	528-529	,	
7-13	530-532	en	
7-14	533-542	voorhooft	
7-15	542-543	,	
7-16	544-554	overgooten	
7-17	556-559	Met	
7-18	560-570	schoonheit	
7-19	570-571	,	
7-20	572-580	wijsheit	
7-21	580-581	,	
7-22	582-587	gunst	
7-23	587-588	,	
7-24	589-591	en	
7-25	592-598	wat'er	
7-26	599-603	komt	
7-27	604-613	gevlooten	
7-28	613-614	,	
7-29	616-618	En	
7-30	619-627	stroomen	
7-31	627-628	,	
7-32	629-635	zonder	
7-33	636-640	maet	
7-34	640-641	,	
7-35	642-645	uit	
7-36	646-651	aller	
7-37	652-660	schatten	
7-38	661-665	bron	
7-39	665-666	.	

#Text=Ghy blonckt in 't paradijs, voor 't aenschijn van de zon
#Text=Der Godtheit, uit een wolck van dau en versche roozen.
8-1	668-671	Ghy	
8-2	672-679	blonckt	
8-3	680-682	in	
8-4	683-684	'	
8-5	684-685	t	
8-6	686-694	paradijs	
8-7	694-695	,	
8-8	696-700	voor	
8-9	701-702	'	
8-10	702-703	t	
8-11	704-713	aenschijn	
8-12	714-717	van	
8-13	718-720	de	
8-14	721-724	zon	
8-15	725-728	Der	
8-16	729-737	Godtheit	
8-17	737-738	,	
8-18	739-742	uit	
8-19	743-746	een	
8-20	747-752	wolck	
8-21	753-756	van	
8-22	757-760	dau	
8-23	761-763	en	
8-24	764-771	versche	
8-25	772-778	roozen	
8-26	778-779	.	
