#FORMAT=WebAnno TSV 3.3
#T_SP=custom.Span|label
#T_RL=custom.Relation|label|BT_custom.Span


#Text=297.
1-1	2-5	297	_	_	_	
1-2	5-6	.	_	_	_	

#Text=Ozoniſations-Apparat zur Reinigung des Spiritus
#Text=nach Eiſenmann.
#Text=]
#Text=
#Text=
#Text=
#Text=Zur Erwärmung des Spiritus im Reſervoir G dient die Dampfleitung a,
#Text=welche innerhalb des Reſervoirs in einen durchlöcherten Röhrenkranz b
#Text=endet, und wird durch das Thermometer c die erzielte Temperatur
#Text=angezeigt.
2-1	8-28	Ozoniſations-Apparat	_	_	_	
2-2	29-32	zur	_	_	_	
2-3	33-42	Reinigung	_	_	_	
2-4	43-46	des	_	_	_	
2-5	47-55	Spiritus	_	_	_	
2-6	56-60	nach	_	_	_	
2-7	61-70	Eiſenmann	_	_	_	
2-8	70-71	.	_	_	_	
2-9	72-73	]	_	_	_	
2-10	77-80	Zur	_	_	_	
2-11	81-90	Erwärmung	_	_	_	
2-12	91-94	des	_	_	_	
2-13	95-103	Spiritus	_	_	_	
2-14	104-106	im	_	_	_	
2-15	107-116	Reſervoir	_	_	_	
2-16	117-118	G	_	_	_	
2-17	119-124	dient	_	_	_	
2-18	125-128	die	_	_	_	
2-19	129-141	Dampfleitung	_	_	_	
2-20	142-143	a	_	_	_	
2-21	143-144	,	_	_	_	
2-22	145-151	welche	_	_	_	
2-23	152-161	innerhalb	_	_	_	
2-24	162-165	des	_	_	_	
2-25	166-176	Reſervoirs	_	_	_	
2-26	177-179	in	_	_	_	
2-27	180-185	einen	_	_	_	
2-28	186-200	durchlöcherten	_	_	_	
2-29	201-212	Röhrenkranz	_	_	_	
2-30	213-214	b	_	_	_	
2-31	215-220	endet	_	_	_	
2-32	220-221	,	_	_	_	
2-33	222-225	und	_	_	_	
2-34	226-230	wird	_	_	_	
2-35	231-236	durch	_	_	_	
2-36	237-240	das	_	_	_	
2-37	241-252	Thermometer	_	_	_	
2-38	253-254	c	_	_	_	
2-39	255-258	die	_	_	_	
2-40	259-267	erzielte	_	_	_	
2-41	268-278	Temperatur	_	_	_	
2-42	279-288	angezeigt	_	_	_	
2-43	288-289	.	_	_	_	

#Text=Eine zweite Dampfleitung d ſetzt das Dampfſtrahlgebläſe e
#Text=in Thätigkeit.
3-1	290-294	Eine	_	_	_	
3-2	295-301	zweite	_	_	_	
3-3	302-314	Dampfleitung	_	_	_	
3-4	315-316	d	_	_	_	
3-5	317-322	ſetzt	_	_	_	
3-6	323-326	das	_	_	_	
3-7	327-345	Dampfſtrahlgebläſe	_	_	_	
3-8	346-347	e	_	_	_	
3-9	348-350	in	_	_	_	
3-10	351-361	Thätigkeit	_	_	_	
3-11	361-362	.	_	_	_	

#Text=Der von dieſem erzeugte kräftige Luftſtrom entweicht
#Text=aus den zahlreichen Öffnungen des innern Röhrenkranzes f, durchſtrömt
#Text=in vielen Blaſen den erwärmten Spiritus im Reſervoir G und gelangt
#Text=durch das Rohr g in den Dephlegmator H, woſelbſt die flüchtigen
#Text=Spiritusteile wieder kondenſiert werden und durch das Rohr h zum
#Text=Reſervoir zurückfließen, während ſich die herausgeblaſenen, leichtflüchtigen
#Text=Zerſetzungsprodukte erſt im Kühler I verdichten und durch den Abfluß K
#Text=nach beſonderen Sammelgefäßen abfließen.
4-1	363-366	Der	_	_	_	
4-2	367-370	von	_	_	_	
4-3	371-377	dieſem	_	_	_	
4-4	378-386	erzeugte	_	_	_	
4-5	387-395	kräftige	_	_	_	
4-6	396-405	Luftſtrom	_	_	_	
4-7	406-415	entweicht	_	_	_	
4-8	416-419	aus	_	_	_	
4-9	420-423	den	_	_	_	
4-10	424-435	zahlreichen	_	_	_	
4-11	436-445	Öffnungen	_	_	_	
4-12	446-449	des	_	_	_	
4-13	450-456	innern	_	_	_	
4-14	457-470	Röhrenkranzes	_	_	_	
4-15	471-472	f	_	_	_	
4-16	472-473	,	_	_	_	
4-17	474-485	durchſtrömt	_	_	_	
4-18	486-488	in	_	_	_	
4-19	489-495	vielen	_	_	_	
4-20	496-502	Blaſen	_	_	_	
4-21	503-506	den	_	_	_	
4-22	507-516	erwärmten	_	_	_	
4-23	517-525	Spiritus	_	_	_	
4-24	526-528	im	_	_	_	
4-25	529-538	Reſervoir	_	_	_	
4-26	539-540	G	_	_	_	
4-27	541-544	und	_	_	_	
4-28	545-552	gelangt	_	_	_	
4-29	553-558	durch	_	_	_	
4-30	559-562	das	_	_	_	
4-31	563-567	Rohr	_	_	_	
4-32	568-569	g	_	_	_	
4-33	570-572	in	_	_	_	
4-34	573-576	den	_	_	_	
4-35	577-589	Dephlegmator	_	_	_	
4-36	590-591	H	_	_	_	
4-37	591-592	,	_	_	_	
4-38	593-601	woſelbſt	_	_	_	
4-39	602-605	die	_	_	_	
4-40	606-616	flüchtigen	_	_	_	
4-41	617-630	Spiritusteile	_	_	_	
4-42	631-637	wieder	_	_	_	
4-43	638-649	kondenſiert	_	_	_	
4-44	650-656	werden	_	_	_	
4-45	657-660	und	_	_	_	
4-46	661-666	durch	_	_	_	
4-47	667-670	das	_	_	_	
4-48	671-675	Rohr	_	_	_	
4-49	676-677	h	_	_	_	
4-50	678-681	zum	_	_	_	
4-51	682-691	Reſervoir	_	_	_	
4-52	692-705	zurückfließen	_	_	_	
4-53	705-706	,	_	_	_	
4-54	707-714	während	_	_	_	
4-55	715-719	ſich	_	_	_	
4-56	720-723	die	_	_	_	
4-57	724-740	herausgeblaſenen	_	_	_	
4-58	740-741	,	_	_	_	
4-59	742-758	leichtflüchtigen	_	_	_	
4-60	759-778	Zerſetzungsprodukte	_	_	_	
4-61	779-783	erſt	_	_	_	
4-62	784-786	im	_	_	_	
4-63	787-793	Kühler	_	_	_	
4-64	794-795	I	_	_	_	
4-65	796-806	verdichten	_	_	_	
4-66	807-810	und	_	_	_	
4-67	811-816	durch	_	_	_	
4-68	817-820	den	_	_	_	
4-69	821-827	Abfluß	_	_	_	
4-70	828-829	K	_	_	_	
4-71	830-834	nach	_	_	_	
4-72	835-845	beſonderen	_	_	_	
4-73	846-859	Sammelgefäßen	_	_	_	
4-74	860-869	abfließen	_	_	_	
4-75	869-870	.	_	_	_	

#Text=Um den Sauerſtoff der Luft nun in den ozoniſierten Zuſtand zu
#Text=verſetzen, paſſiert dieſelbe, bevor ſie durch den Spiritus geblaſen wird,
#Text=einen Apparat i, in welchem durch langſame elektriſche Entladung einer
#Text=Batterie k in Verbindung mit dem Funkengeber l die Ozoniſation
#Text=ſtattfindet.
5-1	874-876	Um	_	_	_	
5-2	877-880	den	_	_	_	
5-3	881-891	Sauerſtoff	_	_	_	
5-4	892-895	der	_	_	_	
5-5	896-900	Luft	_	_	_	
5-6	901-904	nun	_	_	_	
5-7	905-907	in	_	_	_	
5-8	908-911	den	_	_	_	
5-9	912-924	ozoniſierten	_	_	_	
5-10	925-932	Zuſtand	_	_	_	
5-11	933-935	zu	_	_	_	
5-12	936-945	verſetzen	_	_	_	
5-13	945-946	,	_	_	_	
5-14	947-955	paſſiert	_	_	_	
5-15	956-964	dieſelbe	_	_	_	
5-16	964-965	,	_	_	_	
5-17	966-971	bevor	_	_	_	
5-18	972-975	ſie	_	_	_	
5-19	976-981	durch	_	_	_	
5-20	982-985	den	_	_	_	
5-21	986-994	Spiritus	_	_	_	
5-22	995-1003	geblaſen	_	_	_	
5-23	1004-1008	wird	_	_	_	
5-24	1008-1009	,	_	_	_	
5-25	1010-1015	einen	_	_	_	
5-26	1016-1023	Apparat	_	_	_	
5-27	1024-1025	i	_	_	_	
5-28	1025-1026	,	_	_	_	
5-29	1027-1029	in	_	_	_	
5-30	1030-1037	welchem	_	_	_	
5-31	1038-1043	durch	_	_	_	
5-32	1044-1052	langſame	_	_	_	
5-33	1053-1064	elektriſche	_	_	_	
5-34	1065-1074	Entladung	_	_	_	
5-35	1075-1080	einer	_	_	_	
5-36	1081-1089	Batterie	_	_	_	
5-37	1090-1091	k	_	_	_	
5-38	1092-1094	in	_	_	_	
5-39	1095-1105	Verbindung	_	_	_	
5-40	1106-1109	mit	_	_	_	
5-41	1110-1113	dem	_	_	_	
5-42	1114-1125	Funkengeber	_	_	_	
5-43	1126-1127	l	_	_	_	
5-44	1128-1131	die	_	_	_	
5-45	1132-1143	Ozoniſation	_	_	_	
5-46	1144-1155	ſtattfindet	_	_	_	
5-47	1155-1156	.	_	_	_	

#Text=Nach erfolgter Reinigung fließt der Spiritus aus dem
#Text=Reſervoir, alsdann durch das Rohr m in die Blaſe A, um in be-
#Text=kannter Weiſe deſtilliert zu werden.
6-1	1157-1161	Nach	_	_	_	
6-2	1162-1171	erfolgter	_	_	_	
6-3	1172-1181	Reinigung	_	_	_	
6-4	1182-1188	fließt	_	_	_	
6-5	1189-1192	der	_	_	_	
6-6	1193-1201	Spiritus	_	_	_	
6-7	1202-1205	aus	_	_	_	
6-8	1206-1209	dem	_	_	_	
6-9	1210-1219	Reſervoir	_	_	_	
6-10	1219-1220	,	_	_	_	
6-11	1221-1228	alsdann	_	_	_	
6-12	1229-1234	durch	_	_	_	
6-13	1235-1238	das	_	_	_	
6-14	1239-1243	Rohr	_	_	_	
6-15	1244-1245	m	_	_	_	
6-16	1246-1248	in	_	_	_	
6-17	1249-1252	die	_	_	_	
6-18	1253-1258	Blaſe	_	_	_	
6-19	1259-1260	A	_	_	_	
6-20	1260-1261	,	_	_	_	
6-21	1262-1264	um	_	_	_	
6-22	1265-1267	in	_	_	_	
6-23	1268-1270	be	_	_	_	
6-24	1270-1271	-	_	_	_	
6-25	1272-1279	kannter	_	_	_	
6-26	1280-1285	Weiſe	_	_	_	
6-27	1286-1297	deſtilliert	_	_	_	
6-28	1298-1300	zu	_	_	_	
6-29	1301-1307	werden	_	_	_	
6-30	1307-1308	.	_	_	_	

#Text=Hierbei reſultiert ein geruch- und
#Text=geſchmackloſer Sprit von 96 bis 97 %, der von allen Verunreinigungen
#Text=
#Text=\f
#Text=[510/0528]
#Text=
#Text=Nahrungs- und Genußmittel.
7-1	1309-1316	Hierbei	_	_	_	
7-2	1317-1327	reſultiert	_	_	_	
7-3	1328-1331	ein	_	_	_	
7-4	1332-1338	geruch	Smell\_Word[1]|Quality[2]	_	_	
7-5	1338-1339	-	_	_	_	
7-6	1340-1343	und	_	_	_	
7-7	1344-1358	geſchmackloſer	Smell\_Word[3]|Quality[4]	*|*	7-4[2_4]|7-4[1_3]	
7-8	1359-1364	Sprit	Smell\_Source	_	_	
7-9	1365-1368	von	_	_	_	
7-10	1369-1371	96	_	_	_	
7-11	1372-1375	bis	_	_	_	
7-12	1376-1378	97	_	_	_	
7-13	1379-1380	%	_	_	_	
7-14	1380-1381	,	_	_	_	
7-15	1382-1385	der	_	_	_	
7-16	1386-1389	von	_	_	_	
7-17	1390-1395	allen	_	_	_	
7-18	1396-1412	Verunreinigungen	_	_	_	
7-19	1416-1417	[	_	_	_	
7-20	1417-1420	510	_	_	_	
7-21	1420-1421	/	_	_	_	
7-22	1421-1425	0528	_	_	_	
7-23	1425-1426	]	_	_	_	
7-24	1428-1436	Nahrungs	_	_	_	
7-25	1436-1437	-	_	_	_	
7-26	1438-1441	und	_	_	_	
7-27	1442-1453	Genußmittel	_	_	_	
7-28	1453-1454	.	_	_	_	

#Text=frei iſt, da ſein Fuſelöl durch die Holzkohle abſorbiert wurde und alle
#Text=Aldehyde, Äther und ſonſtige leicht flüchtige Verunreinigungen bei der
#Text=Ozoniſation zerſtört und durch den kräftigen Luftſtrom fortgeführt
#Text=wurden.
8-1	1458-1462	frei	_	_	_	
8-2	1463-1466	iſt	_	_	_	
8-3	1466-1467	,	_	_	_	
8-4	1468-1470	da	_	_	_	
8-5	1471-1475	ſein	_	_	_	
8-6	1476-1483	Fuſelöl	_	_	_	
8-7	1484-1489	durch	_	_	_	
8-8	1490-1493	die	_	_	_	
8-9	1494-1503	Holzkohle	_	_	_	
8-10	1504-1514	abſorbiert	_	_	_	
8-11	1515-1520	wurde	_	_	_	
8-12	1521-1524	und	_	_	_	
8-13	1525-1529	alle	_	_	_	
8-14	1530-1538	Aldehyde	_	_	_	
8-15	1538-1539	,	_	_	_	
8-16	1540-1545	Äther	_	_	_	
8-17	1546-1549	und	_	_	_	
8-18	1550-1558	ſonſtige	_	_	_	
8-19	1559-1565	leicht	_	_	_	
8-20	1566-1575	flüchtige	_	_	_	
8-21	1576-1592	Verunreinigungen	_	_	_	
8-22	1593-1596	bei	_	_	_	
8-23	1597-1600	der	_	_	_	
8-24	1601-1612	Ozoniſation	_	_	_	
8-25	1613-1621	zerſtört	_	_	_	
8-26	1622-1625	und	_	_	_	
8-27	1626-1631	durch	_	_	_	
8-28	1632-1635	den	_	_	_	
8-29	1636-1645	kräftigen	_	_	_	
8-30	1646-1655	Luftſtrom	_	_	_	
8-31	1656-1667	fortgeführt	_	_	_	
8-32	1668-1674	wurden	_	_	_	
8-33	1674-1675	.	_	_	_	

#Text=Aber gerade bei der mit ſo vielen Vorteilen angewendeten
#Text=Filtra-
#Text=tion durch Holzkohle werden durch den in den Poren der Kohle kon-
#Text=denſiert enthaltenen, die Oxydation des Alkohols veranlaſſenden Sauer-
#Text=ſtoff Aldehyde gebildet, und dieſen Fehler vermeidet ein an R.
9-1	1679-1683	Aber	_	_	_	
9-2	1684-1690	gerade	_	_	_	
9-3	1691-1694	bei	_	_	_	
9-4	1695-1698	der	_	_	_	
9-5	1699-1702	mit	_	_	_	
9-6	1703-1705	ſo	_	_	_	
9-7	1706-1712	vielen	_	_	_	
9-8	1713-1722	Vorteilen	_	_	_	
9-9	1723-1735	angewendeten	_	_	_	
9-10	1736-1742	Filtra	_	_	_	
9-11	1742-1743	-	_	_	_	
9-12	1744-1748	tion	_	_	_	
9-13	1749-1754	durch	_	_	_	
9-14	1755-1764	Holzkohle	_	_	_	
9-15	1765-1771	werden	_	_	_	
9-16	1772-1777	durch	_	_	_	
9-17	1778-1781	den	_	_	_	
9-18	1782-1784	in	_	_	_	
9-19	1785-1788	den	_	_	_	
9-20	1789-1794	Poren	_	_	_	
9-21	1795-1798	der	_	_	_	
9-22	1799-1804	Kohle	_	_	_	
9-23	1805-1808	kon	_	_	_	
9-24	1808-1809	-	_	_	_	
9-25	1810-1818	denſiert	_	_	_	
9-26	1819-1830	enthaltenen	_	_	_	
9-27	1830-1831	,	_	_	_	
9-28	1832-1835	die	_	_	_	
9-29	1836-1845	Oxydation	_	_	_	
9-30	1846-1849	des	_	_	_	
9-31	1850-1858	Alkohols	_	_	_	
9-32	1859-1873	veranlaſſenden	_	_	_	
9-33	1874-1879	Sauer	_	_	_	
9-34	1879-1880	-	_	_	_	
9-35	1881-1886	ſtoff	_	_	_	
9-36	1887-1895	Aldehyde	_	_	_	
9-37	1896-1904	gebildet	_	_	_	
9-38	1904-1905	,	_	_	_	
9-39	1906-1909	und	_	_	_	
9-40	1910-1916	dieſen	_	_	_	
9-41	1917-1923	Fehler	_	_	_	
9-42	1924-1933	vermeidet	_	_	_	
9-43	1934-1937	ein	_	_	_	
9-44	1938-1940	an	_	_	_	
9-45	1941-1942	R	_	_	_	
9-46	1942-1943	.	_	_	_	

#Text=Eiſen-
#Text=mann und Joſeph Bendix erteiltes Patent, nach welchem dieſe ſo not-
#Text=wendige und nützliche Filtration des Spiritus durch Holzkohle unter
#Text=Ausſchluß der atmoſphäriſchen Luft bewirkt werden kann.
10-1	1944-1949	Eiſen	_	_	_	
10-2	1949-1950	-	_	_	_	
10-3	1951-1955	mann	_	_	_	
10-4	1956-1959	und	_	_	_	
10-5	1960-1966	Joſeph	_	_	_	
10-6	1967-1973	Bendix	_	_	_	
10-7	1974-1983	erteiltes	_	_	_	
10-8	1984-1990	Patent	_	_	_	
10-9	1990-1991	,	_	_	_	
10-10	1992-1996	nach	_	_	_	
10-11	1997-2004	welchem	_	_	_	
10-12	2005-2010	dieſe	_	_	_	
10-13	2011-2013	ſo	_	_	_	
10-14	2014-2017	not	_	_	_	
10-15	2017-2018	-	_	_	_	
10-16	2019-2026	wendige	_	_	_	
10-17	2027-2030	und	_	_	_	
10-18	2031-2040	nützliche	_	_	_	
10-19	2041-2051	Filtration	_	_	_	
10-20	2052-2055	des	_	_	_	
10-21	2056-2064	Spiritus	_	_	_	
10-22	2065-2070	durch	_	_	_	
10-23	2071-2080	Holzkohle	_	_	_	
10-24	2081-2086	unter	_	_	_	
10-25	2087-2096	Ausſchluß	_	_	_	
10-26	2097-2100	der	_	_	_	
10-27	2101-2116	atmoſphäriſchen	_	_	_	
10-28	2117-2121	Luft	_	_	_	
10-29	2122-2129	bewirkt	_	_	_	
10-30	2130-2136	werden	_	_	_	
10-31	2137-2141	kann	_	_	_	
10-32	2141-2142	.	_	_	_	

#Text=Die Verwendung des Alkohols zu techniſchen Zwecken iſt eine
#Text=außerordentlich vielſeitige, wie z.
11-1	2146-2149	Die	_	_	_	
11-2	2150-2160	Verwendung	_	_	_	
11-3	2161-2164	des	_	_	_	
11-4	2165-2173	Alkohols	_	_	_	
11-5	2174-2176	zu	_	_	_	
11-6	2177-2188	techniſchen	_	_	_	
11-7	2189-2196	Zwecken	_	_	_	
11-8	2197-2200	iſt	_	_	_	
11-9	2201-2205	eine	_	_	_	
11-10	2206-2221	außerordentlich	_	_	_	
11-11	2222-2233	vielſeitige	_	_	_	
11-12	2233-2234	,	_	_	_	
11-13	2235-2238	wie	_	_	_	
11-14	2239-2240	z	_	_	_	
11-15	2240-2241	.	_	_	_	

#Text=B. in der Parfümerie, zum Auflöſen
#Text=
#Text=fetter und ätheriſcher Öle, bei der Lack- und Firnisfabrikation, als Brenn-
#Text=ſpiritus, zum Verſchneiden ſehr ſchwerer Weine, wo, wie wir bereits vorher
#Text=erwähnt, gerade der deutſche, ſo gut gereinigte Sprit eine hervor-
#Text=ragende Rolle ſpielt ꝛc.
#Text=ꝛc.
12-1	2242-2243	B	_	_	_	
12-2	2243-2244	.	_	_	_	
12-3	2245-2247	in	_	_	_	
12-4	2248-2251	der	_	_	_	
12-5	2252-2262	Parfümerie	_	_	_	
12-6	2262-2263	,	_	_	_	
12-7	2264-2267	zum	_	_	_	
12-8	2268-2276	Auflöſen	_	_	_	
12-9	2278-2284	fetter	_	_	_	
12-10	2285-2288	und	_	_	_	
12-11	2289-2300	ätheriſcher	_	_	_	
12-12	2301-2304	Öle	_	_	_	
12-13	2304-2305	,	_	_	_	
12-14	2306-2309	bei	_	_	_	
12-15	2310-2313	der	_	_	_	
12-16	2314-2318	Lack	_	_	_	
12-17	2318-2319	-	_	_	_	
12-18	2320-2323	und	_	_	_	
12-19	2324-2341	Firnisfabrikation	_	_	_	
12-20	2341-2342	,	_	_	_	
12-21	2343-2346	als	_	_	_	
12-22	2347-2352	Brenn	_	_	_	
12-23	2352-2353	-	_	_	_	
12-24	2354-2362	ſpiritus	_	_	_	
12-25	2362-2363	,	_	_	_	
12-26	2364-2367	zum	_	_	_	
12-27	2368-2380	Verſchneiden	_	_	_	
12-28	2381-2385	ſehr	_	_	_	
12-29	2386-2394	ſchwerer	_	_	_	
12-30	2395-2400	Weine	_	_	_	
12-31	2400-2401	,	_	_	_	
12-32	2402-2404	wo	_	_	_	
12-33	2404-2405	,	_	_	_	
12-34	2406-2409	wie	_	_	_	
12-35	2410-2413	wir	_	_	_	
12-36	2414-2421	bereits	_	_	_	
12-37	2422-2428	vorher	_	_	_	
12-38	2429-2436	erwähnt	_	_	_	
12-39	2436-2437	,	_	_	_	
12-40	2438-2444	gerade	_	_	_	
12-41	2445-2448	der	_	_	_	
12-42	2449-2457	deutſche	_	_	_	
12-43	2457-2458	,	_	_	_	
12-44	2459-2461	ſo	_	_	_	
12-45	2462-2465	gut	_	_	_	
12-46	2466-2476	gereinigte	_	_	_	
12-47	2477-2482	Sprit	_	_	_	
12-48	2483-2487	eine	_	_	_	
12-49	2488-2494	hervor	_	_	_	
12-50	2494-2495	-	_	_	_	
12-51	2496-2503	ragende	_	_	_	
12-52	2504-2509	Rolle	_	_	_	
12-53	2510-2516	ſpielt	_	_	_	
12-54	2517-2519	ꝛc	_	_	_	
12-55	2519-2520	.	_	_	_	
12-56	2521-2523	ꝛc	_	_	_	
12-57	2523-2524	.	_	_	_	
