#FORMAT=WebAnno TSV 3.3
#T_SP=custom.Span|label
#T_RL=custom.Relation|label|BT_custom.Span


#Text=de cracht des H.
1-1	0-2	de	_	_	_	
1-2	3-9	cracht	_	_	_	
1-3	10-13	des	_	_	_	
1-4	14-15	H	_	_	_	
1-5	15-16	.	_	_	_	

#Text=Gheestes,
#Text=dewelcke inde slechte eenvoudige soo wel werckt, als in de aller geleerste die op
#Text=der weirelt zijn.
2-1	17-25	Gheestes	_	_	_	
2-2	25-26	,	_	_	_	
2-3	27-35	dewelcke	_	_	_	
2-4	36-40	inde	_	_	_	
2-5	41-48	slechte	_	_	_	
2-6	49-59	eenvoudige	_	_	_	
2-7	60-63	soo	_	_	_	
2-8	64-67	wel	_	_	_	
2-9	68-74	werckt	_	_	_	
2-10	74-75	,	_	_	_	
2-11	76-79	als	_	_	_	
2-12	80-82	in	_	_	_	
2-13	83-85	de	_	_	_	
2-14	86-91	aller	_	_	_	
2-15	92-101	geleerste	_	_	_	
2-16	102-105	die	_	_	_	
2-17	106-108	op	_	_	_	
2-18	109-112	der	_	_	_	
2-19	113-120	weirelt	_	_	_	
2-20	121-125	zijn	_	_	_	
2-21	125-126	.	_	_	_	

#Text=Daeromme soo yemandt in sijn wederstrijdig ghevoelen volherdende,
#Text=sick aen ons wil stooten, die mach sijne hoirnen teghen
#Text=den Hemel oprichten, ende
#Text=versoecken of hy den eewigen
#Text=God uyt sijnen stoel met sijne spitzinnige
#Text=eygendunckelijcke argumenten sal kunnen rucken, ende van sijnen eewighen raedt
#Text=ende voirnemen doen veranderen.
3-1	127-135	Daeromme	_	_	_	
3-2	136-139	soo	_	_	_	
3-3	140-147	yemandt	_	_	_	
3-4	148-150	in	_	_	_	
3-5	151-155	sijn	_	_	_	
3-6	156-169	wederstrijdig	_	_	_	
3-7	170-179	ghevoelen	_	_	_	
3-8	180-191	volherdende	_	_	_	
3-9	191-192	,	_	_	_	
3-10	193-197	sick	_	_	_	
3-11	198-201	aen	_	_	_	
3-12	202-205	ons	_	_	_	
3-13	206-209	wil	_	_	_	
3-14	210-217	stooten	_	_	_	
3-15	217-218	,	_	_	_	
3-16	219-222	die	_	_	_	
3-17	223-227	mach	_	_	_	
3-18	228-233	sijne	_	_	_	
3-19	234-241	hoirnen	_	_	_	
3-20	242-248	teghen	_	_	_	
3-21	249-252	den	_	_	_	
3-22	253-258	Hemel	_	_	_	
3-23	259-268	oprichten	_	_	_	
3-24	268-269	,	_	_	_	
3-25	270-274	ende	_	_	_	
3-26	275-285	versoecken	_	_	_	
3-27	286-288	of	_	_	_	
3-28	289-291	hy	_	_	_	
3-29	292-295	den	_	_	_	
3-30	296-303	eewigen	_	_	_	
3-31	304-307	God	_	_	_	
3-32	308-311	uyt	_	_	_	
3-33	312-318	sijnen	_	_	_	
3-34	319-324	stoel	_	_	_	
3-35	325-328	met	_	_	_	
3-36	329-334	sijne	_	_	_	
3-37	335-346	spitzinnige	_	_	_	
3-38	347-364	eygendunckelijcke	_	_	_	
3-39	365-375	argumenten	_	_	_	
3-40	376-379	sal	_	_	_	
3-41	380-386	kunnen	_	_	_	
3-42	387-393	rucken	_	_	_	
3-43	393-394	,	_	_	_	
3-44	395-399	ende	_	_	_	
3-45	400-403	van	_	_	_	
3-46	404-410	sijnen	_	_	_	
3-47	411-419	eewighen	_	_	_	
3-48	420-425	raedt	_	_	_	
3-49	426-430	ende	_	_	_	
3-50	431-440	voirnemen	_	_	_	
3-51	441-445	doen	_	_	_	
3-52	446-456	veranderen	_	_	_	
3-53	456-457	.	_	_	_	

#Text=Ende daer nae mach hy sich beraden, wat hy
#Text=met ons doen wilt, die wy schuldich zijn Gode ghehoorsaem te wesen.
4-1	458-462	Ende	_	_	_	
4-2	463-467	daer	_	_	_	
4-3	468-471	nae	_	_	_	
4-4	472-476	mach	_	_	_	
4-5	477-479	hy	_	_	_	
4-6	480-484	sich	_	_	_	
4-7	485-492	beraden	_	_	_	
4-8	492-493	,	_	_	_	
4-9	494-497	wat	_	_	_	
4-10	498-500	hy	_	_	_	
4-11	501-504	met	_	_	_	
4-12	505-508	ons	_	_	_	
4-13	509-513	doen	_	_	_	
4-14	514-518	wilt	_	_	_	
4-15	518-519	,	_	_	_	
4-16	520-523	die	_	_	_	
4-17	524-526	wy	_	_	_	
4-18	527-536	schuldich	_	_	_	
4-19	537-541	zijn	_	_	_	
4-20	542-546	Gode	_	_	_	
4-21	547-558	ghehoorsaem	_	_	_	
4-22	559-561	te	_	_	_	
4-23	562-567	wesen	_	_	_	
4-24	567-568	.	_	_	_	

#Text=De tweede, die niet en kunnen lijden, datmen de woirden Godes end zijne
#Text=Lofsangen singe, vreesende dat sy mochten ontheyliget worden, indien sy het uyt
#Text=dier meyninge doen om dat sy lieuer sagen datmen den gemeenen man oncuysche
#Text=weireltsche liedekens, ende vuyle hoerische bordeelgedichten, inplantede, gelijcker
#Text=
#Text=ontwijffelijck vele zijn
#Text=Philips van Marnix van Sint Aldegonde, Het boeck der Psalmen.
5-1	571-573	De	_	_	_	
5-2	574-580	tweede	_	_	_	
5-3	580-581	,	_	_	_	
5-4	582-585	die	_	_	_	
5-5	586-590	niet	_	_	_	
5-6	591-593	en	_	_	_	
5-7	594-600	kunnen	_	_	_	
5-8	601-607	lijden	_	_	_	
5-9	607-608	,	_	_	_	
5-10	609-615	datmen	_	_	_	
5-11	616-618	de	_	_	_	
5-12	619-626	woirden	_	_	_	
5-13	627-632	Godes	_	_	_	
5-14	633-636	end	_	_	_	
5-15	637-642	zijne	_	_	_	
5-16	643-652	Lofsangen	_	_	_	
5-17	653-658	singe	_	_	_	
5-18	658-659	,	_	_	_	
5-19	660-669	vreesende	_	_	_	
5-20	670-673	dat	_	_	_	
5-21	674-676	sy	_	_	_	
5-22	677-684	mochten	_	_	_	
5-23	685-696	ontheyliget	_	_	_	
5-24	697-703	worden	_	_	_	
5-25	703-704	,	_	_	_	
5-26	705-711	indien	_	_	_	
5-27	712-714	sy	_	_	_	
5-28	715-718	het	_	_	_	
5-29	719-722	uyt	_	_	_	
5-30	723-727	dier	_	_	_	
5-31	728-736	meyninge	_	_	_	
5-32	737-741	doen	_	_	_	
5-33	742-744	om	_	_	_	
5-34	745-748	dat	_	_	_	
5-35	749-751	sy	_	_	_	
5-36	752-758	lieuer	_	_	_	
5-37	759-764	sagen	_	_	_	
5-38	765-771	datmen	_	_	_	
5-39	772-775	den	_	_	_	
5-40	776-784	gemeenen	_	_	_	
5-41	785-788	man	_	_	_	
5-42	789-798	oncuysche	_	_	_	
5-43	799-810	weireltsche	_	_	_	
5-44	811-820	liedekens	_	_	_	
5-45	820-821	,	_	_	_	
5-46	822-826	ende	_	_	_	
5-47	827-832	vuyle	_	_	_	
5-48	833-842	hoerische	_	_	_	
5-49	843-859	bordeelgedichten	_	_	_	
5-50	859-860	,	_	_	_	
5-51	861-871	inplantede	_	_	_	
5-52	871-872	,	_	_	_	
5-53	873-882	gelijcker	_	_	_	
5-54	884-898	ontwijffelijck	_	_	_	
5-55	899-903	vele	_	_	_	
5-56	904-908	zijn	_	_	_	
5-57	909-916	Philips	_	_	_	
5-58	917-920	van	_	_	_	
5-59	921-927	Marnix	_	_	_	
5-60	928-931	van	_	_	_	
5-61	932-936	Sint	_	_	_	
5-62	937-946	Aldegonde	_	_	_	
5-63	946-947	,	_	_	_	
5-64	948-951	Het	_	_	_	
5-65	952-957	boeck	_	_	_	
5-66	958-961	der	_	_	_	
5-67	962-969	Psalmen	_	_	_	
5-68	969-970	.	_	_	_	

#Text=Wt de Hebreische sprake in Nederduitschen dichte*
#Text=die daer nae trachten,
#Text=Wy laten ons duncken, dat de selue niet weirdich en sijn
#Text=datmense met eenige beantwoirdinge te gemoete gae.
6-1	971-973	Wt	_	_	_	
6-2	974-976	de	_	_	_	
6-3	977-987	Hebreische	_	_	_	
6-4	988-994	sprake	_	_	_	
6-5	995-997	in	_	_	_	
6-6	998-1012	Nederduitschen	_	_	_	
6-7	1013-1019	dichte	_	_	_	
6-8	1019-1020	*	_	_	_	
6-9	1021-1024	die	_	_	_	
6-10	1025-1029	daer	_	_	_	
6-11	1030-1033	nae	_	_	_	
6-12	1034-1042	trachten	_	_	_	
6-13	1042-1043	,	_	_	_	
6-14	1044-1046	Wy	_	_	_	
6-15	1047-1052	laten	_	_	_	
6-16	1053-1056	ons	_	_	_	
6-17	1057-1064	duncken	_	_	_	
6-18	1064-1065	,	_	_	_	
6-19	1066-1069	dat	_	_	_	
6-20	1070-1072	de	_	_	_	
6-21	1073-1078	selue	_	_	_	
6-22	1079-1083	niet	_	_	_	
6-23	1084-1092	weirdich	_	_	_	
6-24	1093-1095	en	_	_	_	
6-25	1096-1100	sijn	_	_	_	
6-26	1101-1109	datmense	_	_	_	
6-27	1110-1113	met	_	_	_	
6-28	1114-1120	eenige	_	_	_	
6-29	1121-1135	beantwoirdinge	_	_	_	
6-30	1136-1138	te	_	_	_	
6-31	1139-1146	gemoete	_	_	_	
6-32	1147-1150	gae	_	_	_	
6-33	1150-1151	.	_	_	_	

#Text=Want sy geuen merckelijck
#Text=te kennen dat zy van s'Duyvels aert sijn, die Gods des Heeren lof niet en connen
#Text=lijden, maer brandende in alle vuyle stinckende oncuysheyt ende onbehoorlijcke
#Text=begeirlijckheden, de locht ende de herten der menschen met haer moortdadich
#Text=vergift geirne souden besmetten.
7-1	1152-1156	Want	_	_	_	
7-2	1157-1159	sy	_	_	_	
7-3	1160-1165	geuen	_	_	_	
7-4	1166-1177	merckelijck	_	_	_	
7-5	1178-1180	te	_	_	_	
7-6	1181-1187	kennen	_	_	_	
7-7	1188-1191	dat	_	_	_	
7-8	1192-1194	zy	_	_	_	
7-9	1195-1198	van	_	_	_	
7-10	1199-1208	s'Duyvels	_	_	_	
7-11	1209-1213	aert	_	_	_	
7-12	1214-1218	sijn	_	_	_	
7-13	1218-1219	,	_	_	_	
7-14	1220-1223	die	_	_	_	
7-15	1224-1228	Gods	_	_	_	
7-16	1229-1232	des	_	_	_	
7-17	1233-1239	Heeren	_	_	_	
7-18	1240-1243	lof	_	_	_	
7-19	1244-1248	niet	_	_	_	
7-20	1249-1251	en	_	_	_	
7-21	1252-1258	connen	_	_	_	
7-22	1259-1265	lijden	_	_	_	
7-23	1265-1266	,	_	_	_	
7-24	1267-1271	maer	_	_	_	
7-25	1272-1281	brandende	_	_	_	
7-26	1282-1284	in	_	_	_	
7-27	1285-1289	alle	_	_	_	
7-28	1290-1295	vuyle	Quality	_	_	
7-29	1296-1306	stinckende	Smell\_Word[1]|Quality[2]	*|*|*	7-30[0_1]|7-29[2_1]|7-28[0_1]	
7-30	1307-1317	oncuysheyt	Smell\_Source	_	_	
7-31	1318-1322	ende	_	_	_	
7-32	1323-1337	onbehoorlijcke	_	_	_	
7-33	1338-1354	begeirlijckheden	_	_	_	
7-34	1354-1355	,	_	_	_	
7-35	1356-1358	de	_	_	_	
7-36	1359-1364	locht	_	_	_	
7-37	1365-1369	ende	_	_	_	
7-38	1370-1372	de	_	_	_	
7-39	1373-1379	herten	_	_	_	
7-40	1380-1383	der	_	_	_	
7-41	1384-1392	menschen	_	_	_	
7-42	1393-1396	met	_	_	_	
7-43	1397-1401	haer	_	_	_	
7-44	1402-1413	moortdadich	_	_	_	
7-45	1414-1421	vergift	_	_	_	
7-46	1422-1428	geirne	_	_	_	
7-47	1429-1435	souden	_	_	_	
7-48	1436-1445	besmetten	_	_	_	
7-49	1445-1446	.	_	_	_	

#Text=Maer indien sy sulcx uyt eenighen yver der eere
#Text=Gods voirdragen, ende niet achtende dat den geest Godes selue ons
#Text=uytdruckelijck
#Text=
#Text=doir
#Text=Pauli mont vermaent ende gebiedt, dat wy sullen d'een den anderen leeren
#Text=ende vermanen, met Psalmen, Lofsangen, ende geestelijcke geliederen, singende
#Text=met bevallicheyt den Heere in ons herten, willen nochtans wijser wesen, ende
#Text=meynen datmen niet en behoort op straet, op weeg, in schepen, ende in andere
#Text=gemeyne plaetsen, de heylige Lofsanghen te ghebruycken, wy sullense wel geirne
#Text=heuren sin daerinne laten volgen soo vele alst hun aengaet, ende sulcke haere
#Text=besorgsaemheyt haeren goeden yver toe schrijuen die sy tot Godes eere sijn
#Text=dragende:
#Text=maer euenwel sullen wijse bidden dat sy oock die seluige billicheyt willen
#Text=gebruycken in het ordeelen der ander menschen herten.
8-1	1447-1451	Maer	_	_	_	
8-2	1452-1458	indien	_	_	_	
8-3	1459-1461	sy	_	_	_	
8-4	1462-1467	sulcx	_	_	_	
8-5	1468-1471	uyt	_	_	_	
8-6	1472-1480	eenighen	_	_	_	
8-7	1481-1485	yver	_	_	_	
8-8	1486-1489	der	_	_	_	
8-9	1490-1494	eere	_	_	_	
8-10	1495-1499	Gods	_	_	_	
8-11	1500-1510	voirdragen	_	_	_	
8-12	1510-1511	,	_	_	_	
8-13	1512-1516	ende	_	_	_	
8-14	1517-1521	niet	_	_	_	
8-15	1522-1530	achtende	_	_	_	
8-16	1531-1534	dat	_	_	_	
8-17	1535-1538	den	_	_	_	
8-18	1539-1544	geest	_	_	_	
8-19	1545-1550	Godes	_	_	_	
8-20	1551-1556	selue	_	_	_	
8-21	1557-1560	ons	_	_	_	
8-22	1561-1575	uytdruckelijck	_	_	_	
8-23	1577-1581	doir	_	_	_	
8-24	1582-1587	Pauli	_	_	_	
8-25	1588-1592	mont	_	_	_	
8-26	1593-1601	vermaent	_	_	_	
8-27	1602-1606	ende	_	_	_	
8-28	1607-1614	gebiedt	_	_	_	
8-29	1614-1615	,	_	_	_	
8-30	1616-1619	dat	_	_	_	
8-31	1620-1622	wy	_	_	_	
8-32	1623-1629	sullen	_	_	_	
8-33	1630-1635	d'een	_	_	_	
8-34	1636-1639	den	_	_	_	
8-35	1640-1647	anderen	_	_	_	
8-36	1648-1654	leeren	_	_	_	
8-37	1655-1659	ende	_	_	_	
8-38	1660-1668	vermanen	_	_	_	
8-39	1668-1669	,	_	_	_	
8-40	1670-1673	met	_	_	_	
8-41	1674-1681	Psalmen	_	_	_	
8-42	1681-1682	,	_	_	_	
8-43	1683-1692	Lofsangen	_	_	_	
8-44	1692-1693	,	_	_	_	
8-45	1694-1698	ende	_	_	_	
8-46	1699-1711	geestelijcke	_	_	_	
8-47	1712-1722	geliederen	_	_	_	
8-48	1722-1723	,	_	_	_	
8-49	1724-1732	singende	_	_	_	
8-50	1733-1736	met	_	_	_	
8-51	1737-1749	bevallicheyt	_	_	_	
8-52	1750-1753	den	_	_	_	
8-53	1754-1759	Heere	_	_	_	
8-54	1760-1762	in	_	_	_	
8-55	1763-1766	ons	_	_	_	
8-56	1767-1773	herten	_	_	_	
8-57	1773-1774	,	_	_	_	
8-58	1775-1781	willen	_	_	_	
8-59	1782-1790	nochtans	_	_	_	
8-60	1791-1797	wijser	_	_	_	
8-61	1798-1803	wesen	_	_	_	
8-62	1803-1804	,	_	_	_	
8-63	1805-1809	ende	_	_	_	
8-64	1810-1816	meynen	_	_	_	
8-65	1817-1823	datmen	_	_	_	
8-66	1824-1828	niet	_	_	_	
8-67	1829-1831	en	_	_	_	
8-68	1832-1839	behoort	_	_	_	
8-69	1840-1842	op	_	_	_	
8-70	1843-1849	straet	_	_	_	
8-71	1849-1850	,	_	_	_	
8-72	1851-1853	op	_	_	_	
8-73	1854-1858	weeg	_	_	_	
8-74	1858-1859	,	_	_	_	
8-75	1860-1862	in	_	_	_	
8-76	1863-1870	schepen	_	_	_	
8-77	1870-1871	,	_	_	_	
8-78	1872-1876	ende	_	_	_	
8-79	1877-1879	in	_	_	_	
8-80	1880-1886	andere	_	_	_	
8-81	1887-1894	gemeyne	_	_	_	
8-82	1895-1903	plaetsen	_	_	_	
8-83	1903-1904	,	_	_	_	
8-84	1905-1907	de	_	_	_	
8-85	1908-1915	heylige	_	_	_	
8-86	1916-1926	Lofsanghen	_	_	_	
8-87	1927-1929	te	_	_	_	
8-88	1930-1941	ghebruycken	_	_	_	
8-89	1941-1942	,	_	_	_	
8-90	1943-1945	wy	_	_	_	
8-91	1946-1954	sullense	_	_	_	
8-92	1955-1958	wel	_	_	_	
8-93	1959-1965	geirne	_	_	_	
8-94	1966-1972	heuren	_	_	_	
8-95	1973-1976	sin	_	_	_	
8-96	1977-1985	daerinne	_	_	_	
8-97	1986-1991	laten	_	_	_	
8-98	1992-1998	volgen	_	_	_	
8-99	1999-2002	soo	_	_	_	
8-100	2003-2007	vele	_	_	_	
8-101	2008-2012	alst	_	_	_	
8-102	2013-2016	hun	_	_	_	
8-103	2017-2024	aengaet	_	_	_	
8-104	2024-2025	,	_	_	_	
8-105	2026-2030	ende	_	_	_	
8-106	2031-2037	sulcke	_	_	_	
8-107	2038-2043	haere	_	_	_	
8-108	2044-2058	besorgsaemheyt	_	_	_	
8-109	2059-2065	haeren	_	_	_	
8-110	2066-2072	goeden	_	_	_	
8-111	2073-2077	yver	_	_	_	
8-112	2078-2081	toe	_	_	_	
8-113	2082-2091	schrijuen	_	_	_	
8-114	2092-2095	die	_	_	_	
8-115	2096-2098	sy	_	_	_	
8-116	2099-2102	tot	_	_	_	
8-117	2103-2108	Godes	_	_	_	
8-118	2109-2113	eere	_	_	_	
8-119	2114-2118	sijn	_	_	_	
8-120	2119-2127	dragende	_	_	_	
8-121	2127-2128	:	_	_	_	
8-122	2129-2133	maer	_	_	_	
8-123	2134-2141	euenwel	_	_	_	
8-124	2142-2148	sullen	_	_	_	
8-125	2149-2154	wijse	_	_	_	
8-126	2155-2161	bidden	_	_	_	
8-127	2162-2165	dat	_	_	_	
8-128	2166-2168	sy	_	_	_	
8-129	2169-2173	oock	_	_	_	
8-130	2174-2177	die	_	_	_	
8-131	2178-2185	seluige	_	_	_	
8-132	2186-2196	billicheyt	_	_	_	
8-133	2197-2203	willen	_	_	_	
8-134	2204-2214	gebruycken	_	_	_	
8-135	2215-2217	in	_	_	_	
8-136	2218-2221	het	_	_	_	
8-137	2222-2230	ordeelen	_	_	_	
8-138	2231-2234	der	_	_	_	
8-139	2235-2240	ander	_	_	_	
8-140	2241-2249	menschen	_	_	_	
8-141	2250-2256	herten	_	_	_	
8-142	2256-2257	.	_	_	_	

#Text=Dewijle
#Text=God
#Text=dickwils in
#Text=allerley plaetsen ende geselschappen, der menschen herten tot aendachticheyt
#Text=verwecket, als wy het alderminste souden vermoeden.
9-1	2258-2265	Dewijle	_	_	_	
9-2	2266-2269	God	_	_	_	
9-3	2270-2278	dickwils	_	_	_	
9-4	2279-2281	in	_	_	_	
9-5	2282-2290	allerley	_	_	_	
9-6	2291-2299	plaetsen	_	_	_	
9-7	2300-2304	ende	_	_	_	
9-8	2305-2318	geselschappen	_	_	_	
9-9	2318-2319	,	_	_	_	
9-10	2320-2323	der	_	_	_	
9-11	2324-2332	menschen	_	_	_	
9-12	2333-2339	herten	_	_	_	
9-13	2340-2343	tot	_	_	_	
9-14	2344-2358	aendachticheyt	_	_	_	
9-15	2359-2368	verwecket	_	_	_	
9-16	2368-2369	,	_	_	_	
9-17	2370-2373	als	_	_	_	
9-18	2374-2376	wy	_	_	_	
9-19	2377-2380	het	_	_	_	
9-20	2381-2392	alderminste	_	_	_	
9-21	2393-2399	souden	_	_	_	
9-22	2400-2409	vermoeden	_	_	_	
9-23	2409-2410	.	_	_	_	

#Text=Want gelijck als de wint
#Text=blaest, daert hem gelieft, ende men hoort zijn ghedruysch wel, maer men siet niet
10-1	2411-2415	Want	_	_	_	
10-2	2416-2423	gelijck	_	_	_	
10-3	2424-2427	als	_	_	_	
10-4	2428-2430	de	_	_	_	
10-5	2431-2435	wint	_	_	_	
10-6	2436-2442	blaest	_	_	_	
10-7	2442-2443	,	_	_	_	
10-8	2444-2449	daert	_	_	_	
10-9	2450-2453	hem	_	_	_	
10-10	2454-2461	gelieft	_	_	_	
10-11	2461-2462	,	_	_	_	
10-12	2463-2467	ende	_	_	_	
10-13	2468-2471	men	_	_	_	
10-14	2472-2477	hoort	_	_	_	
10-15	2478-2482	zijn	_	_	_	
10-16	2483-2493	ghedruysch	_	_	_	
10-17	2494-2497	wel	_	_	_	
10-18	2497-2498	,	_	_	_	
10-19	2499-2503	maer	_	_	_	
10-20	2504-2507	men	_	_	_	
10-21	2508-2512	siet	_	_	_	
10-22	2513-2517	niet	_	_	_	
