#FORMAT=WebAnno TSV 3.3


#Text=Kom doch by, ende
#Text=De kus is by de Oude in sulcke statelicke zegeningen gebruyckelick geweest, tot vereeringe, ende bewijs van goedtwilligheydt.
1-1	2-5	Kom	
1-2	6-10	doch	
1-3	11-13	by	
1-4	13-14	,	
1-5	15-19	ende	
1-6	20-22	De	
1-7	23-26	kus	
1-8	27-29	is	
1-9	30-32	by	
1-10	33-35	de	
1-11	36-40	Oude	
1-12	41-43	in	
1-13	44-50	sulcke	
1-14	51-61	statelicke	
1-15	62-72	zegeningen	
1-16	73-86	gebruyckelick	
1-17	87-94	geweest	
1-18	94-95	,	
1-19	96-99	tot	
1-20	100-110	vereeringe	
1-21	110-111	,	
1-22	112-116	ende	
1-23	117-123	bewijs	
1-24	124-127	van	
1-25	128-144	goedtwilligheydt	
1-26	144-145	.	

#Text=Siet ond.
#Text=48.10.
#Text=kust my, mijn sone.
#Text=
#Text=27
#Text=
#Text=Ende
#Text=hy quam by, ende hy kuste [kolom] hem:
#Text=doe roock hy
#Text=Uyt den welcken hy hem-selven noch meer versekerde, dat Iacob was sijn sone Esau; als of hy seyde:
#Text=sijne kleederen en riecken niet nae den stal der beesten, maer nae het lieflicke veldt.
#Text=den reuck sijner kleederen, ende zegende hem: ende hy seyde;
#Text=Siet, Dat is, de reuck der kleederen mijnes soons.
#Text=de reuck mijnes soons is Dewelcke meest veroorsaeckt wordt door de gematigheyt des luchts, de goetheyt des lants, ende den kostelicken overvloedt van allerley gewas.
2-1	146-150	Siet	
2-2	151-154	ond	
2-3	154-155	.	
2-4	156-161	48.10	
2-5	161-162	.	
2-6	163-167	kust	
2-7	168-170	my	
2-8	170-171	,	
2-9	172-176	mijn	
2-10	177-181	sone	
2-11	181-182	.	
2-12	184-186	27	
2-13	188-192	Ende	
2-14	193-195	hy	
2-15	196-200	quam	
2-16	201-203	by	
2-17	203-204	,	
2-18	205-209	ende	
2-19	210-212	hy	
2-20	213-218	kuste	
2-21	219-220	[	
2-22	220-225	kolom	
2-23	225-226	]	
2-24	227-230	hem	
2-25	230-231	:	
2-26	232-235	doe	
2-27	236-241	roock	
2-28	242-244	hy	
2-29	245-248	Uyt	
2-30	249-252	den	
2-31	253-260	welcken	
2-32	261-263	hy	
2-33	264-274	hem-selven	
2-34	275-279	noch	
2-35	280-284	meer	
2-36	285-295	versekerde	
2-37	295-296	,	
2-38	297-300	dat	
2-39	301-306	Iacob	
2-40	307-310	was	
2-41	311-315	sijn	
2-42	316-320	sone	
2-43	321-325	Esau	
2-44	325-326	;	
2-45	327-330	als	
2-46	331-333	of	
2-47	334-336	hy	
2-48	337-342	seyde	
2-49	342-343	:	
2-50	344-349	sijne	
2-51	350-359	kleederen	
2-52	360-362	en	
2-53	363-370	riecken	
2-54	371-375	niet	
2-55	376-379	nae	
2-56	380-383	den	
2-57	384-388	stal	
2-58	389-392	der	
2-59	393-400	beesten	
2-60	400-401	,	
2-61	402-406	maer	
2-62	407-410	nae	
2-63	411-414	het	
2-64	415-424	lieflicke	
2-65	425-430	veldt	
2-66	430-431	.	
2-67	432-435	den	
2-68	436-441	reuck	
2-69	442-448	sijner	
2-70	449-458	kleederen	
2-71	458-459	,	
2-72	460-464	ende	
2-73	465-472	zegende	
2-74	473-476	hem	
2-75	476-477	:	
2-76	478-482	ende	
2-77	483-485	hy	
2-78	486-491	seyde	
2-79	491-492	;	
2-80	493-497	Siet	
2-81	497-498	,	
2-82	499-502	Dat	
2-83	503-505	is	
2-84	505-506	,	
2-85	507-509	de	
2-86	510-515	reuck	
2-87	516-519	der	
2-88	520-529	kleederen	
2-89	530-536	mijnes	
2-90	537-542	soons	
2-91	542-543	.	
2-92	544-546	de	
2-93	547-552	reuck	
2-94	553-559	mijnes	
2-95	560-565	soons	
2-96	566-568	is	
2-97	569-577	Dewelcke	
2-98	578-583	meest	
2-99	584-596	veroorsaeckt	
2-100	597-602	wordt	
2-101	603-607	door	
2-102	608-610	de	
2-103	611-622	gematigheyt	
2-104	623-626	des	
2-105	627-633	luchts	
2-106	633-634	,	
2-107	635-637	de	
2-108	638-646	goetheyt	
2-109	647-650	des	
2-110	651-656	lants	
2-111	656-657	,	
2-112	658-662	ende	
2-113	663-666	den	
2-114	667-678	kostelicken	
2-115	679-689	overvloedt	
2-116	690-693	van	
2-117	694-702	allerley	
2-118	703-708	gewas	
2-119	708-709	.	

#Text=De sin nu is: gelijck
#Text=de goede reuck eener landouwe een teecken is van hare schoone gelegentheyt, kostelicke vruchten, ende grooten overvloedt;
#Text=also is de reucke van de keederen {kleederen} mijnes soons my een teecken van sijne, ende der sijnen toekomende gelucksaligheydt, die by eene uytnemende landouwe sal te vergelijcken zijn.
#Text=als de reuck des veldts, het welck de HEERE gezegent heeft.
#Text=
#Text=28
#Text=Hebr.
#Text=11.20.
3-1	710-712	De	
3-2	713-716	sin	
3-3	717-719	nu	
3-4	720-722	is	
3-5	722-723	:	
3-6	724-731	gelijck	
3-7	732-734	de	
3-8	735-740	goede	
3-9	741-746	reuck	
3-10	747-752	eener	
3-11	753-761	landouwe	
3-12	762-765	een	
3-13	766-773	teecken	
3-14	774-776	is	
3-15	777-780	van	
3-16	781-785	hare	
3-17	786-793	schoone	
3-18	794-806	gelegentheyt	
3-19	806-807	,	
3-20	808-818	kostelicke	
3-21	819-827	vruchten	
3-22	827-828	,	
3-23	829-833	ende	
3-24	834-841	grooten	
3-25	842-852	overvloedt	
3-26	852-853	;	
3-27	854-858	also	
3-28	859-861	is	
3-29	862-864	de	
3-30	865-871	reucke	
3-31	872-875	van	
3-32	876-878	de	
3-33	879-887	keederen	
3-34	888-889	{	
3-35	889-898	kleederen	
3-36	898-899	}	
3-37	900-906	mijnes	
3-38	907-912	soons	
3-39	913-915	my	
3-40	916-919	een	
3-41	920-927	teecken	
3-42	928-931	van	
3-43	932-937	sijne	
3-44	937-938	,	
3-45	939-943	ende	
3-46	944-947	der	
3-47	948-954	sijnen	
3-48	955-965	toekomende	
3-49	966-982	gelucksaligheydt	
3-50	982-983	,	
3-51	984-987	die	
3-52	988-990	by	
3-53	991-995	eene	
3-54	996-1006	uytnemende	
3-55	1007-1015	landouwe	
3-56	1016-1019	sal	
3-57	1020-1022	te	
3-58	1023-1035	vergelijcken	
3-59	1036-1040	zijn	
3-60	1040-1041	.	
3-61	1042-1045	als	
3-62	1046-1048	de	
3-63	1049-1054	reuck	
3-64	1055-1058	des	
3-65	1059-1065	veldts	
3-66	1065-1066	,	
3-67	1067-1070	het	
3-68	1071-1076	welck	
3-69	1077-1079	de	
3-70	1080-1085	HEERE	
3-71	1086-1094	gezegent	
3-72	1095-1100	heeft	
3-73	1100-1101	.	
3-74	1103-1105	28	
3-75	1106-1110	Hebr	
3-76	1110-1111	.	
3-77	1112-1117	11.20	
3-78	1117-1118	.	
