#FORMAT=WebAnno TSV 3.3


#Text=Ipsum quod futurum est.
1-1	2-7	Ipsum	
1-2	8-12	quod	
1-3	13-20	futurum	
1-4	21-24	est	
1-5	24-25	.	

#Text=Quid est quod factum est ?
2-1	26-30	Quid	
2-2	31-34	est	
2-3	35-39	quod	
2-4	40-46	factum	
2-5	47-50	est	
2-6	51-52	?	

#Text=Ipsum quod faciendum est.
#Text=10 Nihil sub sole novum, nec valet quisquam dicere : Ecce hoc recens est : jam enim præcessit in sæculis quæ fuerunt ante nos.
#Text=11 Non est priorum memoria ; sed nec eorum quidem quæ postea futura sunt erit recordatio apud eos qui futuri sunt in novissimo.
#Text=12 Ego Ecclesiastes fui rex Israël in Jerusalem ; 13 et proposui in animo meo quærere et investigare sapienter de omnibus quæ fiunt sub sole.
3-1	53-58	Ipsum	
3-2	59-63	quod	
3-3	64-73	faciendum	
3-4	74-77	est	
3-5	77-78	.	
3-6	79-81	10	
3-7	82-87	Nihil	
3-8	88-91	sub	
3-9	92-96	sole	
3-10	97-102	novum	
3-11	102-103	,	
3-12	104-107	nec	
3-13	108-113	valet	
3-14	114-122	quisquam	
3-15	123-129	dicere	
3-16	130-131	:	
3-17	132-136	Ecce	
3-18	137-140	hoc	
3-19	141-147	recens	
3-20	148-151	est	
3-21	152-153	:	
3-22	154-157	jam	
3-23	158-162	enim	
3-24	163-172	præcessit	
3-25	173-175	in	
3-26	176-183	sæculis	
3-27	184-187	quæ	
3-28	188-195	fuerunt	
3-29	196-200	ante	
3-30	201-204	nos	
3-31	204-205	.	
3-32	206-208	11	
3-33	209-212	Non	
3-34	213-216	est	
3-35	217-224	priorum	
3-36	225-232	memoria	
3-37	233-234	;	
3-38	235-238	sed	
3-39	239-242	nec	
3-40	243-248	eorum	
3-41	249-255	quidem	
3-42	256-259	quæ	
3-43	260-266	postea	
3-44	267-273	futura	
3-45	274-278	sunt	
3-46	279-283	erit	
3-47	284-294	recordatio	
3-48	295-299	apud	
3-49	300-303	eos	
3-50	304-307	qui	
3-51	308-314	futuri	
3-52	315-319	sunt	
3-53	320-322	in	
3-54	323-332	novissimo	
3-55	332-333	.	
3-56	334-336	12	
3-57	337-340	Ego	
3-58	341-353	Ecclesiastes	
3-59	354-357	fui	
3-60	358-361	rex	
3-61	362-368	Israël	
3-62	369-371	in	
3-63	372-381	Jerusalem	
3-64	382-383	;	
3-65	384-386	13	
3-66	387-389	et	
3-67	390-398	proposui	
3-68	399-401	in	
3-69	402-407	animo	
3-70	408-411	meo	
3-71	412-419	quærere	
3-72	420-422	et	
3-73	423-434	investigare	
3-74	435-444	sapienter	
3-75	445-447	de	
3-76	448-455	omnibus	
3-77	456-459	quæ	
3-78	460-465	fiunt	
3-79	466-469	sub	
3-80	470-474	sole	
3-81	474-475	.	

#Text=Hanc occupationem pessimam dedit Deus filiis hominum, ut occuparentur in ea.
#Text=14 Vidi cuncta quæ fiunt sub sole, et ecce universa vanitas et afflictio spiritus.
#Text=15 Perversi difficile corriguntur, et stultorum infinitus est numerus.
#Text=16 Locutus sum in corde meo, dicens : Ecce magnus effectus sum, et præcessi omnes sapientia qui fuerunt ante me in Jerusalem ; et mens mea contemplata est multa sapienter, et didici.
#Text=17 Dedique cor meum ut scirem prudentiam atque doctrinam, erroresque et stultitiam ; et agnovi quod in his quoque esset labor et afflictio spiritus : 18 eo quod in multa sapientia multa sit indignatio ; et qui addit scientiam, addit et laborem.
4-1	476-480	Hanc	
4-2	481-493	occupationem	
4-3	494-502	pessimam	
4-4	503-508	dedit	
4-5	509-513	Deus	
4-6	514-520	filiis	
4-7	521-528	hominum	
4-8	528-529	,	
4-9	530-532	ut	
4-10	533-545	occuparentur	
4-11	546-548	in	
4-12	549-551	ea	
4-13	551-552	.	
4-14	553-555	14	
4-15	556-560	Vidi	
4-16	561-567	cuncta	
4-17	568-571	quæ	
4-18	572-577	fiunt	
4-19	578-581	sub	
4-20	582-586	sole	
4-21	586-587	,	
4-22	588-590	et	
4-23	591-595	ecce	
4-24	596-604	universa	
4-25	605-612	vanitas	
4-26	613-615	et	
4-27	616-625	afflictio	
4-28	626-634	spiritus	
4-29	634-635	.	
4-30	636-638	15	
4-31	639-647	Perversi	
4-32	648-657	difficile	
4-33	658-669	corriguntur	
4-34	669-670	,	
4-35	671-673	et	
4-36	674-683	stultorum	
4-37	684-693	infinitus	
4-38	694-697	est	
4-39	698-705	numerus	
4-40	705-706	.	
4-41	707-709	16	
4-42	710-717	Locutus	
4-43	718-721	sum	
4-44	722-724	in	
4-45	725-730	corde	
4-46	731-734	meo	
4-47	734-735	,	
4-48	736-742	dicens	
4-49	743-744	:	
4-50	745-749	Ecce	
4-51	750-756	magnus	
4-52	757-765	effectus	
4-53	766-769	sum	
4-54	769-770	,	
4-55	771-773	et	
4-56	774-782	præcessi	
4-57	783-788	omnes	
4-58	789-798	sapientia	
4-59	799-802	qui	
4-60	803-810	fuerunt	
4-61	811-815	ante	
4-62	816-818	me	
4-63	819-821	in	
4-64	822-831	Jerusalem	
4-65	832-833	;	
4-66	834-836	et	
4-67	837-841	mens	
4-68	842-845	mea	
4-69	846-857	contemplata	
4-70	858-861	est	
4-71	862-867	multa	
4-72	868-877	sapienter	
4-73	877-878	,	
4-74	879-881	et	
4-75	882-888	didici	
4-76	888-889	.	
4-77	890-892	17	
4-78	893-900	Dedique	
4-79	901-904	cor	
4-80	905-909	meum	
4-81	910-912	ut	
4-82	913-919	scirem	
4-83	920-930	prudentiam	
4-84	931-936	atque	
4-85	937-946	doctrinam	
4-86	946-947	,	
4-87	948-958	erroresque	
4-88	959-961	et	
4-89	962-972	stultitiam	
4-90	973-974	;	
4-91	975-977	et	
4-92	978-984	agnovi	
4-93	985-989	quod	
4-94	990-992	in	
4-95	993-996	his	
4-96	997-1003	quoque	
4-97	1004-1009	esset	
4-98	1010-1015	labor	
4-99	1016-1018	et	
4-100	1019-1028	afflictio	
4-101	1029-1037	spiritus	
4-102	1038-1039	:	
4-103	1040-1042	18	
4-104	1043-1045	eo	
4-105	1046-1050	quod	
4-106	1051-1053	in	
4-107	1054-1059	multa	
4-108	1060-1069	sapientia	
4-109	1070-1075	multa	
4-110	1076-1079	sit	
4-111	1080-1090	indignatio	
4-112	1091-1092	;	
4-113	1093-1095	et	
4-114	1096-1099	qui	
4-115	1100-1105	addit	
4-116	1106-1115	scientiam	
4-117	1115-1116	,	
4-118	1117-1122	addit	
4-119	1123-1125	et	
4-120	1126-1133	laborem	
4-121	1133-1134	.	

#Text=Caput 2
#Text=
#Text=
#Text=1 Dixi ego in corde meo : Vadam, et affluam deliciis, et fruar bonis ; et vidi quod hoc quoque esset vanitas.
#Text=2 Risum reputavi errorem, et gaudio dixi : Quid frustra deciperis ?
5-1	1135-1140	Caput	
5-2	1141-1142	2	
5-3	1145-1146	1	
5-4	1147-1151	Dixi	
5-5	1152-1155	ego	
5-6	1156-1158	in	
5-7	1159-1164	corde	
5-8	1165-1168	meo	
5-9	1169-1170	:	
5-10	1171-1176	Vadam	
5-11	1176-1177	,	
5-12	1178-1180	et	
5-13	1181-1188	affluam	
5-14	1189-1197	deliciis	
5-15	1197-1198	,	
5-16	1199-1201	et	
5-17	1202-1207	fruar	
5-18	1208-1213	bonis	
5-19	1214-1215	;	
5-20	1216-1218	et	
5-21	1219-1223	vidi	
5-22	1224-1228	quod	
5-23	1229-1232	hoc	
5-24	1233-1239	quoque	
5-25	1240-1245	esset	
5-26	1246-1253	vanitas	
5-27	1253-1254	.	
5-28	1255-1256	2	
5-29	1257-1262	Risum	
5-30	1263-1271	reputavi	
5-31	1272-1279	errorem	
5-32	1279-1280	,	
5-33	1281-1283	et	
5-34	1284-1290	gaudio	
5-35	1291-1295	dixi	
5-36	1296-1297	:	
5-37	1298-1302	Quid	
5-38	1303-1310	frustra	
5-39	1311-1320	deciperis	
5-40	1321-1322	?	

#Text=3 Cogitavi in corde meo abstrahere a vino carnem meam, ut animam meam transferrem ad sapientiam, devitaremque stultitiam, donec viderem quid esset utile filiis hominum, quo facto opus est sub sole numero dierum vitæ suæ.
#Text=4 Magnificavi opera mea, ædificavi mihi domos, et plantavi vineas ; 5 feci hortos et pomaria, et consevi ea cuncti generis arboribus ; 6 et exstruxi mihi piscinas aquarum, ut irrigarem silvam lignorum germinantium.
#Text=7 Possedi servos et ancillas, multamque familiam habui : armenta quoque, et magnos ovium greges, ultra omnes qui fuerunt ante me in Jerusalem ; 8 coacervavi mihi argentum et aurum, et substantias regum ac provinciarum ; feci mihi cantores et cantatrices, et delicias filiorum hominum, scyphos, et urceos in ministerio ad vina fundenda ; 9 et supergressus sum opibus omnes qui ante me fuerunt in Jerusalem : sapientia quoque perseveravit mecum.
#Text=10 Et omnia quæ desideraverunt oculi mei non negavi eis, nec prohibui cor meum quin omni voluptate frueretur, et oblectaret se in his quæ præparaveram ; et hanc ratus sum partem meam si uterer labore meo.
#Text=11 Cumque me convertissem ad universa opera quæ fecerant manus meæ, et ad labores in quibus frustra sudaveram, vidi in omnibus vanitatem et afflictionem animi, et nihil permanere sub sole.
#Text=12 Transivi ad contemplandam sapientiam, erroresque, et stultitiam.
6-1	1323-1324	3	
6-2	1325-1333	Cogitavi	
6-3	1334-1336	in	
6-4	1337-1342	corde	
6-5	1343-1346	meo	
6-6	1347-1357	abstrahere	
6-7	1358-1359	a	
6-8	1360-1364	vino	
6-9	1365-1371	carnem	
6-10	1372-1376	meam	
6-11	1376-1377	,	
6-12	1378-1380	ut	
6-13	1381-1387	animam	
6-14	1388-1392	meam	
6-15	1393-1404	transferrem	
6-16	1405-1407	ad	
6-17	1408-1418	sapientiam	
6-18	1418-1419	,	
6-19	1420-1432	devitaremque	
6-20	1433-1443	stultitiam	
6-21	1443-1444	,	
6-22	1445-1450	donec	
6-23	1451-1458	viderem	
6-24	1459-1463	quid	
6-25	1464-1469	esset	
6-26	1470-1475	utile	
6-27	1476-1482	filiis	
6-28	1483-1490	hominum	
6-29	1490-1491	,	
6-30	1492-1495	quo	
6-31	1496-1501	facto	
6-32	1502-1506	opus	
6-33	1507-1510	est	
6-34	1511-1514	sub	
6-35	1515-1519	sole	
6-36	1520-1526	numero	
6-37	1527-1533	dierum	
6-38	1534-1538	vitæ	
6-39	1539-1542	suæ	
6-40	1542-1543	.	
6-41	1544-1545	4	
6-42	1546-1557	Magnificavi	
6-43	1558-1563	opera	
6-44	1564-1567	mea	
6-45	1567-1568	,	
6-46	1569-1578	ædificavi	
6-47	1579-1583	mihi	
6-48	1584-1589	domos	
6-49	1589-1590	,	
6-50	1591-1593	et	
6-51	1594-1602	plantavi	
6-52	1603-1609	vineas	
6-53	1610-1611	;	
6-54	1612-1613	5	
6-55	1614-1618	feci	
6-56	1619-1625	hortos	
6-57	1626-1628	et	
6-58	1629-1636	pomaria	
6-59	1636-1637	,	
6-60	1638-1640	et	
6-61	1641-1648	consevi	
6-62	1649-1651	ea	
6-63	1652-1658	cuncti	
6-64	1659-1666	generis	
6-65	1667-1676	arboribus	
6-66	1677-1678	;	
6-67	1679-1680	6	
6-68	1681-1683	et	
6-69	1684-1692	exstruxi	
6-70	1693-1697	mihi	
6-71	1698-1706	piscinas	
6-72	1707-1714	aquarum	
6-73	1714-1715	,	
6-74	1716-1718	ut	
6-75	1719-1728	irrigarem	
6-76	1729-1735	silvam	
6-77	1736-1744	lignorum	
6-78	1745-1757	germinantium	
6-79	1757-1758	.	
6-80	1759-1760	7	
6-81	1761-1768	Possedi	
6-82	1769-1775	servos	
6-83	1776-1778	et	
6-84	1779-1787	ancillas	
6-85	1787-1788	,	
6-86	1789-1798	multamque	
6-87	1799-1807	familiam	
6-88	1808-1813	habui	
6-89	1814-1815	:	
6-90	1816-1823	armenta	
6-91	1824-1830	quoque	
6-92	1830-1831	,	
6-93	1832-1834	et	
6-94	1835-1841	magnos	
6-95	1842-1847	ovium	
6-96	1848-1854	greges	
6-97	1854-1855	,	
6-98	1856-1861	ultra	
6-99	1862-1867	omnes	
6-100	1868-1871	qui	
6-101	1872-1879	fuerunt	
6-102	1880-1884	ante	
6-103	1885-1887	me	
6-104	1888-1890	in	
6-105	1891-1900	Jerusalem	
6-106	1901-1902	;	
6-107	1903-1904	8	
6-108	1905-1915	coacervavi	
6-109	1916-1920	mihi	
6-110	1921-1929	argentum	
6-111	1930-1932	et	
6-112	1933-1938	aurum	
6-113	1938-1939	,	
6-114	1940-1942	et	
6-115	1943-1954	substantias	
6-116	1955-1960	regum	
6-117	1961-1963	ac	
6-118	1964-1976	provinciarum	
6-119	1977-1978	;	
6-120	1979-1983	feci	
6-121	1984-1988	mihi	
6-122	1989-1997	cantores	
6-123	1998-2000	et	
6-124	2001-2012	cantatrices	
6-125	2012-2013	,	
6-126	2014-2016	et	
6-127	2017-2025	delicias	
6-128	2026-2034	filiorum	
6-129	2035-2042	hominum	
6-130	2042-2043	,	
6-131	2044-2051	scyphos	
6-132	2051-2052	,	
6-133	2053-2055	et	
6-134	2056-2062	urceos	
6-135	2063-2065	in	
6-136	2066-2076	ministerio	
6-137	2077-2079	ad	
6-138	2080-2084	vina	
6-139	2085-2093	fundenda	
6-140	2094-2095	;	
6-141	2096-2097	9	
6-142	2098-2100	et	
6-143	2101-2113	supergressus	
6-144	2114-2117	sum	
6-145	2118-2124	opibus	
6-146	2125-2130	omnes	
6-147	2131-2134	qui	
6-148	2135-2139	ante	
6-149	2140-2142	me	
6-150	2143-2150	fuerunt	
6-151	2151-2153	in	
6-152	2154-2163	Jerusalem	
6-153	2164-2165	:	
6-154	2166-2175	sapientia	
6-155	2176-2182	quoque	
6-156	2183-2195	perseveravit	
6-157	2196-2201	mecum	
6-158	2201-2202	.	
6-159	2203-2205	10	
6-160	2206-2208	Et	
6-161	2209-2214	omnia	
6-162	2215-2218	quæ	
6-163	2219-2233	desideraverunt	
6-164	2234-2239	oculi	
6-165	2240-2243	mei	
6-166	2244-2247	non	
6-167	2248-2254	negavi	
6-168	2255-2258	eis	
6-169	2258-2259	,	
6-170	2260-2263	nec	
6-171	2264-2272	prohibui	
6-172	2273-2276	cor	
6-173	2277-2281	meum	
6-174	2282-2286	quin	
6-175	2287-2291	omni	
6-176	2292-2301	voluptate	
6-177	2302-2311	frueretur	
6-178	2311-2312	,	
6-179	2313-2315	et	
6-180	2316-2326	oblectaret	
6-181	2327-2329	se	
6-182	2330-2332	in	
6-183	2333-2336	his	
6-184	2337-2340	quæ	
6-185	2341-2353	præparaveram	
6-186	2354-2355	;	
6-187	2356-2358	et	
6-188	2359-2363	hanc	
6-189	2364-2369	ratus	
6-190	2370-2373	sum	
6-191	2374-2380	partem	
6-192	2381-2385	meam	
6-193	2386-2388	si	
6-194	2389-2395	uterer	
6-195	2396-2402	labore	
6-196	2403-2406	meo	
6-197	2406-2407	.	
6-198	2408-2410	11	
6-199	2411-2417	Cumque	
6-200	2418-2420	me	
6-201	2421-2433	convertissem	
6-202	2434-2436	ad	
6-203	2437-2445	universa	
6-204	2446-2451	opera	
6-205	2452-2455	quæ	
6-206	2456-2464	fecerant	
6-207	2465-2470	manus	
6-208	2471-2474	meæ	
6-209	2474-2475	,	
6-210	2476-2478	et	
6-211	2479-2481	ad	
6-212	2482-2489	labores	
6-213	2490-2492	in	
6-214	2493-2499	quibus	
6-215	2500-2507	frustra	
6-216	2508-2517	sudaveram	
6-217	2517-2518	,	
6-218	2519-2523	vidi	
6-219	2524-2526	in	
6-220	2527-2534	omnibus	
6-221	2535-2544	vanitatem	
6-222	2545-2547	et	
6-223	2548-2560	afflictionem	
6-224	2561-2566	animi	
6-225	2566-2567	,	
6-226	2568-2570	et	
6-227	2571-2576	nihil	
6-228	2577-2586	permanere	
6-229	2587-2590	sub	
6-230	2591-2595	sole	
6-231	2595-2596	.	
6-232	2597-2599	12	
6-233	2600-2608	Transivi	
6-234	2609-2611	ad	
6-235	2612-2625	contemplandam	
6-236	2626-2636	sapientiam	
6-237	2636-2637	,	
6-238	2638-2648	erroresque	
6-239	2648-2649	,	
6-240	2650-2652	et	
6-241	2653-2663	stultitiam	
6-242	2663-2664	.	

#Text=(Quid est, inquam, homo, ut sequi possit regem, factorem suum ?)
7-1	2665-2666	(	
7-2	2666-2670	Quid	
7-3	2671-2674	est	
7-4	2674-2675	,	
7-5	2676-2682	inquam	
7-6	2682-2683	,	
7-7	2684-2688	homo	
7-8	2688-2689	,	
7-9	2690-2692	ut	
7-10	2693-2698	sequi	
7-11	2699-2705	possit	
7-12	2706-2711	regem	
7-13	2711-2712	,	
7-14	2713-2721	factorem	
7-15	2722-2726	suum	
7-16	2727-2728	?	
7-17	2728-2729	)	
