#FORMAT=WebAnno TSV 3.3
#T_SP=custom.Span|label
#T_RL=custom.Relation|label|BT_custom.Span


#Text=Ihr Heitersten umgebet ihn,
#Text=Im Gaukeltanz umschwebet ihn;
#Text=
#Text=
#Text=Denn weil er ernst und gut dabei,
#Text=So will er daß man fröhlich sey.
1-1	1-4	Ihr	_	_	_	
1-2	5-15	Heitersten	_	_	_	
1-3	16-23	umgebet	_	_	_	
1-4	24-27	ihn	_	_	_	
1-5	27-28	,	_	_	_	
1-6	29-31	Im	_	_	_	
1-7	32-42	Gaukeltanz	_	_	_	
1-8	43-53	umschwebet	_	_	_	
1-9	54-57	ihn	_	_	_	
1-10	57-58	;	_	_	_	
1-11	61-65	Denn	_	_	_	
1-12	66-70	weil	_	_	_	
1-13	71-73	er	_	_	_	
1-14	74-79	ernst	_	_	_	
1-15	80-83	und	_	_	_	
1-16	84-87	gut	_	_	_	
1-17	88-93	dabei	_	_	_	
1-18	93-94	,	_	_	_	
1-19	95-97	So	_	_	_	
1-20	98-102	will	_	_	_	
1-21	103-105	er	_	_	_	
1-22	106-109	daß	_	_	_	
1-23	110-113	man	_	_	_	
1-24	114-122	fröhlich	_	_	_	
1-25	123-126	sey	_	_	_	
1-26	126-127	.	_	_	_	

#Text=Auch unterm blauen Wölbedach
#Text=
#Text=Verhielt er sich beständig wach;
#Text=
#Text=
#Text=Doch rieseln ihm die Bäche zu,
#Text=Und Lüftlein wiegen ihn mild in Ruh.
2-1	129-133	Auch	_	_	_	
2-2	134-140	unterm	_	_	_	
2-3	141-147	blauen	_	_	_	
2-4	148-157	Wölbedach	_	_	_	
2-5	159-167	Verhielt	_	_	_	
2-6	168-170	er	_	_	_	
2-7	171-175	sich	_	_	_	
2-8	176-185	beständig	_	_	_	
2-9	186-190	wach	_	_	_	
2-10	190-191	;	_	_	_	
2-11	194-198	Doch	_	_	_	
2-12	199-206	rieseln	_	_	_	
2-13	207-210	ihm	_	_	_	
2-14	211-214	die	_	_	_	
2-15	215-220	Bäche	_	_	_	
2-16	221-223	zu	_	_	_	
2-17	223-224	,	_	_	_	
2-18	225-228	Und	_	_	_	
2-19	229-237	Lüftlein	_	_	_	
2-20	238-244	wiegen	_	_	_	
2-21	245-248	ihn	_	_	_	
2-22	249-253	mild	_	_	_	
2-23	254-256	in	_	_	_	
2-24	257-260	Ruh	_	_	_	
2-25	260-261	.	_	_	_	

#Text=Und wenn er zu Mittage schläft
#Text=Sich nicht das Blatt am Zweige regt;
#Text=
#Text=Gesunder
#Text=Pflanzen
#Text=Balsamduft
#Text=
#Text=Erfüllt die schweigsam stille Luft;
#Text=
#Text=
#Text=Die Nymphe darf nicht munter seyn
#Text=
#Text=
#Text=Und wo sie stand da schläft sie ein.
3-1	263-266	Und	_	_	_	
3-2	267-271	wenn	_	_	_	
3-3	272-274	er	_	_	_	
3-4	275-277	zu	Time[1]	_	_	
3-5	278-285	Mittage	Time[1]	_	_	
3-6	286-293	schläft	_	_	_	
3-7	294-298	Sich	_	_	_	
3-8	299-304	nicht	_	_	_	
3-9	305-308	das	_	_	_	
3-10	309-314	Blatt	_	_	_	
3-11	315-317	am	_	_	_	
3-12	318-324	Zweige	_	_	_	
3-13	325-329	regt	_	_	_	
3-14	329-330	;	_	_	_	
3-15	332-340	Gesunder	_	_	_	
3-16	341-349	Pflanzen	Odour\_Carrier	_	_	
3-17	350-360	Balsamduft	Smell\_Word[2]|Smell\_Source[3]	*|*|*	3-17[3_2]|3-16[0_2]|3-4[1_2]	
3-18	362-369	Erfüllt	_	_	_	
3-19	370-373	die	_	_	_	
3-20	374-384	schweigsam	_	_	_	
3-21	385-391	stille	_	_	_	
3-22	392-396	Luft	_	_	_	
3-23	396-397	;	_	_	_	
3-24	400-403	Die	_	_	_	
3-25	404-410	Nymphe	_	_	_	
3-26	411-415	darf	_	_	_	
3-27	416-421	nicht	_	_	_	
3-28	422-428	munter	_	_	_	
3-29	429-433	seyn	_	_	_	
3-30	436-439	Und	_	_	_	
3-31	440-442	wo	_	_	_	
3-32	443-446	sie	_	_	_	
3-33	447-452	stand	_	_	_	
3-34	453-455	da	_	_	_	
3-35	456-463	schläft	_	_	_	
3-36	464-467	sie	_	_	_	
3-37	468-471	ein	_	_	_	
3-38	471-472	.	_	_	_	

#Text=Wenn unerwartet mit Gewalt
#Text=
#Text=Dann aber seine Stimm’ erschallt,
#Text=
#Text=Wie Blitzes Knattern, Meergebraus,
#Text=Dann niemand weiß wo ein noch aus,
#Text=
#Text=\f
#Text=[58/0070
#Text=]
#Text=
#Text=Zerstreut sich tapfres Heer im Feld
4-1	474-478	Wenn	_	_	_	
4-2	479-489	unerwartet	_	_	_	
4-3	490-493	mit	_	_	_	
4-4	494-500	Gewalt	_	_	_	
4-5	502-506	Dann	_	_	_	
4-6	507-511	aber	_	_	_	
4-7	512-517	seine	_	_	_	
4-8	518-523	Stimm	_	_	_	
4-9	523-524	’	_	_	_	
4-10	525-534	erschallt	_	_	_	
4-11	534-535	,	_	_	_	
4-12	537-540	Wie	_	_	_	
4-13	541-548	Blitzes	_	_	_	
4-14	549-557	Knattern	_	_	_	
4-15	557-558	,	_	_	_	
4-16	559-570	Meergebraus	_	_	_	
4-17	570-571	,	_	_	_	
4-18	572-576	Dann	_	_	_	
4-19	577-584	niemand	_	_	_	
4-20	585-589	weiß	_	_	_	
4-21	590-592	wo	_	_	_	
4-22	593-596	ein	_	_	_	
4-23	597-601	noch	_	_	_	
4-24	602-605	aus	_	_	_	
4-25	605-606	,	_	_	_	
4-26	610-611	[	_	_	_	
4-27	611-613	58	_	_	_	
4-28	613-614	/	_	_	_	
4-29	614-618	0070	_	_	_	
4-30	619-620	]	_	_	_	
4-31	622-631	Zerstreut	_	_	_	
4-32	632-636	sich	_	_	_	
4-33	637-644	tapfres	_	_	_	
4-34	645-649	Heer	_	_	_	
4-35	650-652	im	_	_	_	
4-36	653-657	Feld	_	_	_	
