#FORMAT=WebAnno TSV 3.3


#Text=29 Filii autem Israël perrexerunt per medium sicci maris, et aquæ eis erant quasi pro muro a dextris et a sinistris : 30 liberavitque Dominus in die illa Israël de manu Ægyptiorum.
#Text=31 Et viderunt Ægyptios mortuos super littus maris, et manum magnam quam exercuerat Dominus contra eos : timuitque populus Dominum, et crediderunt Domino, et Moysi servo ejus.
1-1	2-4	29	
1-2	5-10	Filii	
1-3	11-16	autem	
1-4	17-23	Israël	
1-5	24-35	perrexerunt	
1-6	36-39	per	
1-7	40-46	medium	
1-8	47-52	sicci	
1-9	53-58	maris	
1-10	58-59	,	
1-11	60-62	et	
1-12	63-67	aquæ	
1-13	68-71	eis	
1-14	72-77	erant	
1-15	78-83	quasi	
1-16	84-87	pro	
1-17	88-92	muro	
1-18	93-94	a	
1-19	95-102	dextris	
1-20	103-105	et	
1-21	106-107	a	
1-22	108-117	sinistris	
1-23	118-119	:	
1-24	120-122	30	
1-25	123-135	liberavitque	
1-26	136-143	Dominus	
1-27	144-146	in	
1-28	147-150	die	
1-29	151-155	illa	
1-30	156-162	Israël	
1-31	163-165	de	
1-32	166-170	manu	
1-33	171-181	Ægyptiorum	
1-34	181-182	.	
1-35	183-185	31	
1-36	186-188	Et	
1-37	189-197	viderunt	
1-38	198-206	Ægyptios	
1-39	207-214	mortuos	
1-40	215-220	super	
1-41	221-227	littus	
1-42	228-233	maris	
1-43	233-234	,	
1-44	235-237	et	
1-45	238-243	manum	
1-46	244-250	magnam	
1-47	251-255	quam	
1-48	256-266	exercuerat	
1-49	267-274	Dominus	
1-50	275-281	contra	
1-51	282-285	eos	
1-52	286-287	:	
1-53	288-297	timuitque	
1-54	298-305	populus	
1-55	306-313	Dominum	
1-56	313-314	,	
1-57	315-317	et	
1-58	318-329	crediderunt	
1-59	330-336	Domino	
1-60	336-337	,	
1-61	338-340	et	
1-62	341-346	Moysi	
1-63	347-352	servo	
1-64	353-357	ejus	
1-65	357-358	.	

#Text=Caput 15
#Text=
#Text=
#Text=1 Tunc cecinit Moyses et filii Israël carmen hoc Domino, et dixerunt : Cantemus Domino : gloriose enim magnificatus est, equum et ascensorem dejecit in mare.
#Text=2 Fortitudo mea, et laus mea Dominus, et factus est mihi in salutem : iste Deus meus, et glorificabo eum : Deus patris mei, et exaltabo eum.
#Text=3 Dominus quasi vir pugnator, Omnipotens nomen ejus, 4 currus Pharaonis et exercitum ejus projecit in mare : electi principes ejus submersi sunt in mari Rubro.
#Text=5 Abyssi operuerunt eos ; descenderunt in profundum quasi lapis.
#Text=6 Dextera tua, Domine, magnificata est in fortitudine : dextera tua, Domine, percussit inimicum.
#Text=7 Et in multitudine gloriæ tuæ deposuisti adversarios tuos : misisti iram tuam, quæ devoravit eos sicut stipulam.
#Text=8 Et in spiritu furoris tui congregatæ sunt aquæ : stetit unda fluens, congregata sunt abyssi in medio mari.
#Text=9 Dixit inimicus : Persequar et comprehendam, dividam spolia, implebitur anima mea : evaginabo gladium meum, interficiet eos manus mea.
#Text=10 Flavit spiritus tuus, et operuit eos mare : submersi sunt quasi plumbum in aquis vehementibus.
#Text=11 Quis similis tui in fortibus, Domine ?
2-1	359-364	Caput	
2-2	365-367	15	
2-3	370-371	1	
2-4	372-376	Tunc	
2-5	377-384	cecinit	
2-6	385-391	Moyses	
2-7	392-394	et	
2-8	395-400	filii	
2-9	401-407	Israël	
2-10	408-414	carmen	
2-11	415-418	hoc	
2-12	419-425	Domino	
2-13	425-426	,	
2-14	427-429	et	
2-15	430-438	dixerunt	
2-16	439-440	:	
2-17	441-449	Cantemus	
2-18	450-456	Domino	
2-19	457-458	:	
2-20	459-467	gloriose	
2-21	468-472	enim	
2-22	473-485	magnificatus	
2-23	486-489	est	
2-24	489-490	,	
2-25	491-496	equum	
2-26	497-499	et	
2-27	500-510	ascensorem	
2-28	511-518	dejecit	
2-29	519-521	in	
2-30	522-526	mare	
2-31	526-527	.	
2-32	528-529	2	
2-33	530-539	Fortitudo	
2-34	540-543	mea	
2-35	543-544	,	
2-36	545-547	et	
2-37	548-552	laus	
2-38	553-556	mea	
2-39	557-564	Dominus	
2-40	564-565	,	
2-41	566-568	et	
2-42	569-575	factus	
2-43	576-579	est	
2-44	580-584	mihi	
2-45	585-587	in	
2-46	588-595	salutem	
2-47	596-597	:	
2-48	598-602	iste	
2-49	603-607	Deus	
2-50	608-612	meus	
2-51	612-613	,	
2-52	614-616	et	
2-53	617-628	glorificabo	
2-54	629-632	eum	
2-55	633-634	:	
2-56	635-639	Deus	
2-57	640-646	patris	
2-58	647-650	mei	
2-59	650-651	,	
2-60	652-654	et	
2-61	655-663	exaltabo	
2-62	664-667	eum	
2-63	667-668	.	
2-64	669-670	3	
2-65	671-678	Dominus	
2-66	679-684	quasi	
2-67	685-688	vir	
2-68	689-697	pugnator	
2-69	697-698	,	
2-70	699-709	Omnipotens	
2-71	710-715	nomen	
2-72	716-720	ejus	
2-73	720-721	,	
2-74	722-723	4	
2-75	724-730	currus	
2-76	731-740	Pharaonis	
2-77	741-743	et	
2-78	744-753	exercitum	
2-79	754-758	ejus	
2-80	759-767	projecit	
2-81	768-770	in	
2-82	771-775	mare	
2-83	776-777	:	
2-84	778-784	electi	
2-85	785-794	principes	
2-86	795-799	ejus	
2-87	800-808	submersi	
2-88	809-813	sunt	
2-89	814-816	in	
2-90	817-821	mari	
2-91	822-827	Rubro	
2-92	827-828	.	
2-93	829-830	5	
2-94	831-837	Abyssi	
2-95	838-848	operuerunt	
2-96	849-852	eos	
2-97	853-854	;	
2-98	855-867	descenderunt	
2-99	868-870	in	
2-100	871-880	profundum	
2-101	881-886	quasi	
2-102	887-892	lapis	
2-103	892-893	.	
2-104	894-895	6	
2-105	896-903	Dextera	
2-106	904-907	tua	
2-107	907-908	,	
2-108	909-915	Domine	
2-109	915-916	,	
2-110	917-928	magnificata	
2-111	929-932	est	
2-112	933-935	in	
2-113	936-947	fortitudine	
2-114	948-949	:	
2-115	950-957	dextera	
2-116	958-961	tua	
2-117	961-962	,	
2-118	963-969	Domine	
2-119	969-970	,	
2-120	971-980	percussit	
2-121	981-989	inimicum	
2-122	989-990	.	
2-123	991-992	7	
2-124	993-995	Et	
2-125	996-998	in	
2-126	999-1010	multitudine	
2-127	1011-1017	gloriæ	
2-128	1018-1021	tuæ	
2-129	1022-1032	deposuisti	
2-130	1033-1044	adversarios	
2-131	1045-1049	tuos	
2-132	1050-1051	:	
2-133	1052-1059	misisti	
2-134	1060-1064	iram	
2-135	1065-1069	tuam	
2-136	1069-1070	,	
2-137	1071-1074	quæ	
2-138	1075-1084	devoravit	
2-139	1085-1088	eos	
2-140	1089-1094	sicut	
2-141	1095-1103	stipulam	
2-142	1103-1104	.	
2-143	1105-1106	8	
2-144	1107-1109	Et	
2-145	1110-1112	in	
2-146	1113-1120	spiritu	
2-147	1121-1128	furoris	
2-148	1129-1132	tui	
2-149	1133-1143	congregatæ	
2-150	1144-1148	sunt	
2-151	1149-1153	aquæ	
2-152	1154-1155	:	
2-153	1156-1162	stetit	
2-154	1163-1167	unda	
2-155	1168-1174	fluens	
2-156	1174-1175	,	
2-157	1176-1186	congregata	
2-158	1187-1191	sunt	
2-159	1192-1198	abyssi	
2-160	1199-1201	in	
2-161	1202-1207	medio	
2-162	1208-1212	mari	
2-163	1212-1213	.	
2-164	1214-1215	9	
2-165	1216-1221	Dixit	
2-166	1222-1230	inimicus	
2-167	1231-1232	:	
2-168	1233-1242	Persequar	
2-169	1243-1245	et	
2-170	1246-1258	comprehendam	
2-171	1258-1259	,	
2-172	1260-1267	dividam	
2-173	1268-1274	spolia	
2-174	1274-1275	,	
2-175	1276-1286	implebitur	
2-176	1287-1292	anima	
2-177	1293-1296	mea	
2-178	1297-1298	:	
2-179	1299-1308	evaginabo	
2-180	1309-1316	gladium	
2-181	1317-1321	meum	
2-182	1321-1322	,	
2-183	1323-1334	interficiet	
2-184	1335-1338	eos	
2-185	1339-1344	manus	
2-186	1345-1348	mea	
2-187	1348-1349	.	
2-188	1350-1352	10	
2-189	1353-1359	Flavit	
2-190	1360-1368	spiritus	
2-191	1369-1373	tuus	
2-192	1373-1374	,	
2-193	1375-1377	et	
2-194	1378-1385	operuit	
2-195	1386-1389	eos	
2-196	1390-1394	mare	
2-197	1395-1396	:	
2-198	1397-1405	submersi	
2-199	1406-1410	sunt	
2-200	1411-1416	quasi	
2-201	1417-1424	plumbum	
2-202	1425-1427	in	
2-203	1428-1433	aquis	
2-204	1434-1446	vehementibus	
2-205	1446-1447	.	
2-206	1448-1450	11	
2-207	1451-1455	Quis	
2-208	1456-1463	similis	
2-209	1464-1467	tui	
2-210	1468-1470	in	
2-211	1471-1479	fortibus	
2-212	1479-1480	,	
2-213	1481-1487	Domine	
2-214	1488-1489	?	

#Text=quis similis tui, magnificus in sanctitate, terribilis atque laudabilis, faciens mirabilia ?
3-1	1490-1494	quis	
3-2	1495-1502	similis	
3-3	1503-1506	tui	
3-4	1506-1507	,	
3-5	1508-1518	magnificus	
3-6	1519-1521	in	
3-7	1522-1532	sanctitate	
3-8	1532-1533	,	
3-9	1534-1544	terribilis	
3-10	1545-1550	atque	
3-11	1551-1561	laudabilis	
3-12	1561-1562	,	
3-13	1563-1570	faciens	
3-14	1571-1580	mirabilia	
3-15	1581-1582	?	

#Text=12 Extendisti manum tuam, et devoravit eos terra.
#Text=13 Dux fuisti in misericordia tua populo quem redemisti : et portasti eum in fortitudine tua, ad habitaculum sanctum tuum.
#Text=14 Ascenderunt populi, et irati sunt : dolores obtinuerunt habitatores Philisthiim.
#Text=15 Tunc conturbati sunt principes Edom, robustos Moab obtinuit tremor : obriguerunt omnes habitatores Chanaan.
#Text=16 Irruat super eos formido et pavor, in magnitudine brachii tui : fiant immobiles quasi lapis, donec pertranseat populus tuus, Domine, donec pertranseat populus tuus iste, quem possedisti.
#Text=17 Introduces eos, et plantabis in monte hæreditatis tuæ, firmissimo habitaculo tuo quod operatus es, Domine : sanctuarium tuum, Domine, quod firmaverunt manus tuæ.
#Text=18 Dominus regnabit in æternum et ultra.
4-1	1583-1585	12	
4-2	1586-1596	Extendisti	
4-3	1597-1602	manum	
4-4	1603-1607	tuam	
4-5	1607-1608	,	
4-6	1609-1611	et	
4-7	1612-1621	devoravit	
4-8	1622-1625	eos	
4-9	1626-1631	terra	
4-10	1631-1632	.	
4-11	1633-1635	13	
4-12	1636-1639	Dux	
4-13	1640-1646	fuisti	
4-14	1647-1649	in	
4-15	1650-1662	misericordia	
4-16	1663-1666	tua	
4-17	1667-1673	populo	
4-18	1674-1678	quem	
4-19	1679-1688	redemisti	
4-20	1689-1690	:	
4-21	1691-1693	et	
4-22	1694-1702	portasti	
4-23	1703-1706	eum	
4-24	1707-1709	in	
4-25	1710-1721	fortitudine	
4-26	1722-1725	tua	
4-27	1725-1726	,	
4-28	1727-1729	ad	
4-29	1730-1741	habitaculum	
4-30	1742-1749	sanctum	
4-31	1750-1754	tuum	
4-32	1754-1755	.	
4-33	1756-1758	14	
4-34	1759-1770	Ascenderunt	
4-35	1771-1777	populi	
4-36	1777-1778	,	
4-37	1779-1781	et	
4-38	1782-1787	irati	
4-39	1788-1792	sunt	
4-40	1793-1794	:	
4-41	1795-1802	dolores	
4-42	1803-1814	obtinuerunt	
4-43	1815-1826	habitatores	
4-44	1827-1838	Philisthiim	
4-45	1838-1839	.	
4-46	1840-1842	15	
4-47	1843-1847	Tunc	
4-48	1848-1858	conturbati	
4-49	1859-1863	sunt	
4-50	1864-1873	principes	
4-51	1874-1878	Edom	
4-52	1878-1879	,	
4-53	1880-1888	robustos	
4-54	1889-1893	Moab	
4-55	1894-1902	obtinuit	
4-56	1903-1909	tremor	
4-57	1910-1911	:	
4-58	1912-1923	obriguerunt	
4-59	1924-1929	omnes	
4-60	1930-1941	habitatores	
4-61	1942-1949	Chanaan	
4-62	1949-1950	.	
4-63	1951-1953	16	
4-64	1954-1960	Irruat	
4-65	1961-1966	super	
4-66	1967-1970	eos	
4-67	1971-1978	formido	
4-68	1979-1981	et	
4-69	1982-1987	pavor	
4-70	1987-1988	,	
4-71	1989-1991	in	
4-72	1992-2003	magnitudine	
4-73	2004-2011	brachii	
4-74	2012-2015	tui	
4-75	2016-2017	:	
4-76	2018-2023	fiant	
4-77	2024-2033	immobiles	
4-78	2034-2039	quasi	
4-79	2040-2045	lapis	
4-80	2045-2046	,	
4-81	2047-2052	donec	
4-82	2053-2064	pertranseat	
4-83	2065-2072	populus	
4-84	2073-2077	tuus	
4-85	2077-2078	,	
4-86	2079-2085	Domine	
4-87	2085-2086	,	
4-88	2087-2092	donec	
4-89	2093-2104	pertranseat	
4-90	2105-2112	populus	
4-91	2113-2117	tuus	
4-92	2118-2122	iste	
4-93	2122-2123	,	
4-94	2124-2128	quem	
4-95	2129-2139	possedisti	
4-96	2139-2140	.	
4-97	2141-2143	17	
4-98	2144-2154	Introduces	
4-99	2155-2158	eos	
4-100	2158-2159	,	
4-101	2160-2162	et	
4-102	2163-2172	plantabis	
4-103	2173-2175	in	
4-104	2176-2181	monte	
4-105	2182-2193	hæreditatis	
4-106	2194-2197	tuæ	
4-107	2197-2198	,	
4-108	2199-2209	firmissimo	
4-109	2210-2220	habitaculo	
4-110	2221-2224	tuo	
4-111	2225-2229	quod	
4-112	2230-2238	operatus	
4-113	2239-2241	es	
4-114	2241-2242	,	
4-115	2243-2249	Domine	
4-116	2250-2251	:	
4-117	2252-2263	sanctuarium	
4-118	2264-2268	tuum	
4-119	2268-2269	,	
4-120	2270-2276	Domine	
4-121	2276-2277	,	
4-122	2278-2282	quod	
4-123	2283-2294	firmaverunt	
4-124	2295-2300	manus	
4-125	2301-2304	tuæ	
4-126	2304-2305	.	
4-127	2306-2308	18	
4-128	2309-2316	Dominus	
4-129	2317-2325	regnabit	
4-130	2326-2328	in	
4-131	2329-2336	æternum	
4-132	2337-2339	et	
4-133	2340-2345	ultra	
4-134	2345-2346	.	
