#FORMAT=WebAnno TSV 3.3


#Text=Nam odor femper euanefcit, nisi domicilium habeat.
1-1	2-5	Nam	
1-2	6-10	odor	
1-3	11-17	femper	
1-4	18-27	euanefcit	
1-5	27-28	,	
1-6	29-33	nisi	
1-7	34-44	domicilium	
1-8	45-51	habeat	
1-9	51-52	.	

#Text=Siue E. odor cum integra fua materia adhuc coniunétas fit , fiue in aquam destillatam tranfierit, fiue cum oleo effentiali feparatus fit, femper cum his craffioribus partibus fimul agit.
2-1	53-57	Siue	
2-2	58-59	E	
2-3	59-60	.	
2-4	61-65	odor	
2-5	66-69	cum	
2-6	70-77	integra	
2-7	78-81	fua	
2-8	82-89	materia	
2-9	90-95	adhuc	
2-10	96-106	coniunétas	
2-11	107-110	fit	
2-12	111-112	,	
2-13	113-117	fiue	
2-14	118-120	in	
2-15	121-126	aquam	
2-16	127-138	destillatam	
2-17	139-149	tranfierit	
2-18	149-150	,	
2-19	151-155	fiue	
2-20	156-159	cum	
2-21	160-164	oleo	
2-22	165-175	effentiali	
2-23	176-185	feparatus	
2-24	186-189	fit	
2-25	189-190	,	
2-26	191-197	femper	
2-27	198-201	cum	
2-28	202-205	his	
2-29	206-218	craffioribus	
2-30	219-227	partibus	
2-31	228-233	fimul	
2-32	234-238	agit	
2-33	238-239	.	

#Text=Id vero etiam perpetuum eft, quod odoriferum vbicunque lateat, fi in corpus introuenerit, prius agat.
3-1	240-242	Id	
3-2	243-247	vero	
3-3	248-253	etiam	
3-4	254-263	perpetuum	
3-5	264-267	eft	
3-6	267-268	,	
3-7	269-273	quod	
3-8	274-284	odoriferum	
3-9	285-294	vbicunque	
3-10	295-301	lateat	
3-11	301-302	,	
3-12	303-305	fi	
3-13	306-308	in	
3-14	309-315	corpus	
3-15	316-328	introuenerit	
3-16	328-329	,	
3-17	330-335	prius	
3-18	336-340	agat	
3-19	340-341	.	

#Text=Hinc quidam odorem plantarum fpiritum rectorem dixerunt, quia quafi regit aliarum partium fimul
#Text=
#Text=af
#Text=
#Text=
#Text=
#Text=C 2
#Text=
#Text=
#Text=
#Text=
#Text=
#Text=affumtarum actionem i, e. qnia reliquae partes cum odorato con: iunctae, id ipsum fequantur in agendo : quod vero, non contingit, nifi in illis, quae admixtae funt: nam quae aggregatae sunt partes, praecipue fi concentratae sunt, fuum nisum fequuntur.
4-1	342-346	Hinc	
4-2	347-353	quidam	
4-3	354-360	odorem	
4-4	361-370	plantarum	
4-5	371-379	fpiritum	
4-6	380-388	rectorem	
4-7	389-397	dixerunt	
4-8	397-398	,	
4-9	399-403	quia	
4-10	404-409	quafi	
4-11	410-415	regit	
4-12	416-423	aliarum	
4-13	424-431	partium	
4-14	432-437	fimul	
4-15	439-441	af	
4-16	445-446	C	
4-17	447-448	2	
4-18	454-464	affumtarum	
4-19	465-473	actionem	
4-20	474-475	i	
4-21	475-476	,	
4-22	477-478	e	
4-23	478-479	.	
4-24	480-484	qnia	
4-25	485-493	reliquae	
4-26	494-500	partes	
4-27	501-504	cum	
4-28	505-512	odorato	
4-29	513-516	con	
4-30	516-517	:	
4-31	518-525	iunctae	
4-32	525-526	,	
4-33	527-529	id	
4-34	530-535	ipsum	
4-35	536-545	fequantur	
4-36	546-548	in	
4-37	549-555	agendo	
4-38	556-557	:	
4-39	558-562	quod	
4-40	563-567	vero	
4-41	567-568	,	
4-42	569-572	non	
4-43	573-582	contingit	
4-44	582-583	,	
4-45	584-588	nifi	
4-46	589-591	in	
4-47	592-597	illis	
4-48	597-598	,	
4-49	599-603	quae	
4-50	604-612	admixtae	
4-51	613-617	funt	
4-52	617-618	:	
4-53	619-622	nam	
4-54	623-627	quae	
4-55	628-638	aggregatae	
4-56	639-643	sunt	
4-57	644-650	partes	
4-58	650-651	,	
4-59	652-661	praecipue	
4-60	662-664	fi	
4-61	665-677	concentratae	
4-62	678-682	sunt	
4-63	682-683	,	
4-64	684-688	fuum	
4-65	689-694	nisum	
4-66	695-704	fequuntur	
4-67	704-705	.	

#Text=Perpetuum vero omni odori id est, quod nec in folida in genere, nec in folidas partes humorum agat : fed in aerem, aquam, in infl.
#Text=pr.
#Text=et in fluidum nerueum.
5-1	706-715	Perpetuum	
5-2	716-720	vero	
5-3	721-725	omni	
5-4	726-731	odori	
5-5	732-734	id	
5-6	735-738	est	
5-7	738-739	,	
5-8	740-744	quod	
5-9	745-748	nec	
5-10	749-751	in	
5-11	752-758	folida	
5-12	759-761	in	
5-13	762-768	genere	
5-14	768-769	,	
5-15	770-773	nec	
5-16	774-776	in	
5-17	777-784	folidas	
5-18	785-791	partes	
5-19	792-799	humorum	
5-20	800-804	agat	
5-21	805-806	:	
5-22	807-810	fed	
5-23	811-813	in	
5-24	814-819	aerem	
5-25	819-820	,	
5-26	821-826	aquam	
5-27	826-827	,	
5-28	828-830	in	
5-29	831-835	infl	
5-30	835-836	.	
5-31	837-839	pr	
5-32	839-840	.	
5-33	841-843	et	
5-34	844-846	in	
5-35	847-854	fluidum	
5-36	855-862	nerueum	
5-37	862-863	.	

#Text=Haec augendo celeriorem nisum in iis facit: ab aucto vero celeriori nisu aquae aethereae in humoribus primum leuitas corporis , deinde fi magis augetur, fudor : ab aucto vero motu fluidi neruei, hilaritas, analeptica vis, neruina, cephalica.
6-1	864-868	Haec	
6-2	869-876	augendo	
6-3	877-887	celeriorem	
6-4	888-893	nisum	
6-5	894-896	in	
6-6	897-900	iis	
6-7	901-906	facit	
6-8	906-907	:	
6-9	908-910	ab	
6-10	911-916	aucto	
6-11	917-921	vero	
6-12	922-931	celeriori	
6-13	932-936	nisu	
6-14	937-942	aquae	
6-15	943-952	aethereae	
6-16	953-955	in	
6-17	956-965	humoribus	
6-18	966-972	primum	
6-19	973-980	leuitas	
6-20	981-989	corporis	
6-21	990-991	,	
6-22	992-998	deinde	
6-23	999-1001	fi	
6-24	1002-1007	magis	
6-25	1008-1015	augetur	
6-26	1015-1016	,	
6-27	1017-1022	fudor	
6-28	1023-1024	:	
6-29	1025-1027	ab	
6-30	1028-1033	aucto	
6-31	1034-1038	vero	
6-32	1039-1043	motu	
6-33	1044-1050	fluidi	
6-34	1051-1057	neruei	
6-35	1057-1058	,	
6-36	1059-1068	hilaritas	
6-37	1068-1069	,	
6-38	1070-1080	analeptica	
6-39	1081-1084	vis	
6-40	1084-1085	,	
6-41	1086-1093	neruina	
6-42	1093-1094	,	
6-43	1095-1104	cephalica	
6-44	1104-1105	.	

#Text=Ab aucto motu aeris in primis viis vel ructus vel flatus.
7-1	1106-1108	Ab	
7-2	1109-1114	aucto	
7-3	1115-1119	motu	
7-4	1120-1125	aeris	
7-5	1126-1128	in	
7-6	1129-1135	primis	
7-7	1136-1140	viis	
7-8	1141-1144	vel	
7-9	1145-1151	ructus	
7-10	1152-1155	vel	
7-11	1156-1162	flatus	
7-12	1162-1163	.	

#Text=Omnis quoque odor, quia vasa in quibus vehitur , expandit, dum aquam aetheream in iis rarefacit, fpafmis oppofitus eft : fi vero vafa encephali nimis replentur, narcosis oritur, vertigo, fomnus etc.
8-1	1164-1169	Omnis	
8-2	1170-1176	quoque	
8-3	1177-1181	odor	
8-4	1181-1182	,	
8-5	1183-1187	quia	
8-6	1188-1192	vasa	
8-7	1193-1195	in	
8-8	1196-1202	quibus	
8-9	1203-1210	vehitur	
8-10	1211-1212	,	
8-11	1213-1221	expandit	
8-12	1221-1222	,	
8-13	1223-1226	dum	
8-14	1227-1232	aquam	
8-15	1233-1242	aetheream	
8-16	1243-1245	in	
8-17	1246-1249	iis	
8-18	1250-1259	rarefacit	
8-19	1259-1260	,	
8-20	1261-1268	fpafmis	
8-21	1269-1278	oppofitus	
8-22	1279-1282	eft	
8-23	1283-1284	:	
8-24	1285-1287	fi	
8-25	1288-1292	vero	
8-26	1293-1297	vafa	
8-27	1298-1307	encephali	
8-28	1308-1313	nimis	
8-29	1314-1323	replentur	
8-30	1323-1324	,	
8-31	1325-1333	narcosis	
8-32	1334-1340	oritur	
8-33	1340-1341	,	
8-34	1342-1349	vertigo	
8-35	1349-1350	,	
8-36	1351-1357	fomnus	
8-37	1358-1361	etc	
8-38	1361-1362	.	

#Text=Si faepius vafa expanduntur ab odoribus, relaxantur folida: hinc fi quis odoribus abutitur, debilis fit: alia quoque causa huius debilitatis haec eft, quia odorata faepius in corpus immiffa tandem actuofa principia corporis feparant et foluunt: Si demum talis mixtio est, quae nonfolum fluidum nerueum feparat, sed et inuoluit, mors ori.
#Text=ri poteft.
9-1	1363-1365	Si	
9-2	1366-1373	faepius	
9-3	1374-1378	vafa	
9-4	1379-1390	expanduntur	
9-5	1391-1393	ab	
9-6	1394-1402	odoribus	
9-7	1402-1403	,	
9-8	1404-1414	relaxantur	
9-9	1415-1421	folida	
9-10	1421-1422	:	
9-11	1423-1427	hinc	
9-12	1428-1430	fi	
9-13	1431-1435	quis	
9-14	1436-1444	odoribus	
9-15	1445-1453	abutitur	
9-16	1453-1454	,	
9-17	1455-1462	debilis	
9-18	1463-1466	fit	
9-19	1466-1467	:	
9-20	1468-1472	alia	
9-21	1473-1479	quoque	
9-22	1480-1485	causa	
9-23	1486-1491	huius	
9-24	1492-1503	debilitatis	
9-25	1504-1508	haec	
9-26	1509-1512	eft	
9-27	1512-1513	,	
9-28	1514-1518	quia	
9-29	1519-1526	odorata	
9-30	1527-1534	faepius	
9-31	1535-1537	in	
9-32	1538-1544	corpus	
9-33	1545-1552	immiffa	
9-34	1553-1559	tandem	
9-35	1560-1567	actuofa	
9-36	1568-1577	principia	
9-37	1578-1586	corporis	
9-38	1587-1595	feparant	
9-39	1596-1598	et	
9-40	1599-1606	foluunt	
9-41	1606-1607	:	
9-42	1608-1610	Si	
9-43	1611-1616	demum	
9-44	1617-1622	talis	
9-45	1623-1629	mixtio	
9-46	1630-1633	est	
9-47	1633-1634	,	
9-48	1635-1639	quae	
9-49	1640-1648	nonfolum	
9-50	1649-1656	fluidum	
9-51	1657-1664	nerueum	
9-52	1665-1672	feparat	
9-53	1672-1673	,	
9-54	1674-1677	sed	
9-55	1678-1680	et	
9-56	1681-1689	inuoluit	
9-57	1689-1690	,	
9-58	1691-1695	mors	
9-59	1696-1699	ori	
9-60	1699-1700	.	
9-61	1701-1703	ri	
9-62	1704-1710	poteft	
9-63	1710-1711	.	

#Text=Et haec est prima actio odorum , quam efficiunt, fi in corpus introueniunt, et cum humoribus vehuntur, Discrimina vero recipiunt nonfolum in hac actione fingula odorum genera, fed et tunc, vbi omnes fecretiones perpeffa funt fc.
#Text=fi actuofis partibús in folidis latentibus applicantur.
10-1	1712-1714	Et	
10-2	1715-1719	haec	
10-3	1720-1723	est	
10-4	1724-1729	prima	
10-5	1730-1735	actio	
10-6	1736-1742	odorum	
10-7	1743-1744	,	
10-8	1745-1749	quam	
10-9	1750-1759	efficiunt	
10-10	1759-1760	,	
10-11	1761-1763	fi	
10-12	1764-1766	in	
10-13	1767-1773	corpus	
10-14	1774-1786	introueniunt	
10-15	1786-1787	,	
10-16	1788-1790	et	
10-17	1791-1794	cum	
10-18	1795-1804	humoribus	
10-19	1805-1813	vehuntur	
10-20	1813-1814	,	
10-21	1815-1825	Discrimina	
10-22	1826-1830	vero	
10-23	1831-1840	recipiunt	
10-24	1841-1849	nonfolum	
10-25	1850-1852	in	
10-26	1853-1856	hac	
10-27	1857-1864	actione	
10-28	1865-1872	fingula	
10-29	1873-1879	odorum	
10-30	1880-1886	genera	
10-31	1886-1887	,	
10-32	1888-1891	fed	
10-33	1892-1894	et	
10-34	1895-1899	tunc	
10-35	1899-1900	,	
10-36	1901-1904	vbi	
10-37	1905-1910	omnes	
10-38	1911-1922	fecretiones	
10-39	1923-1931	perpeffa	
10-40	1932-1936	funt	
10-41	1937-1939	fc	
10-42	1939-1940	.	
10-43	1941-1943	fi	
10-44	1944-1952	actuofis	
10-45	1953-1961	partibús	
10-46	1962-1964	in	
10-47	1965-1972	folidis	
10-48	1973-1983	latentibus	
10-49	1984-1995	applicantur	
10-50	1995-1996	.	

#Text=Propria E. quaedam peragunt singulares odorum mixtiones, quas nunc exponere tempestivum est.
11-1	1997-2004	Propria	
11-2	2005-2006	E	
11-3	2006-2007	.	
11-4	2008-2015	quaedam	
11-5	2016-2024	peragunt	
11-6	2025-2035	singulares	
11-7	2036-2042	odorum	
11-8	2043-2052	mixtiones	
11-9	2052-2053	,	
11-10	2054-2058	quas	
11-11	2059-2063	nunc	
11-12	2064-2072	exponere	
11-13	2073-2084	tempestivum	
11-14	2085-2088	est	
11-15	2088-2089	.	

#Text=S.
12-1	2090-2091	S	
12-2	2091-2092	.	

#Text=VIIT.
13-1	2093-2097	VIIT	
13-2	2097-2098	.	

#Text=Terreus odor vtiliffima aliqua mixtio eft, qua faepius vti deberemus, fcilicet terreus hic aer fiue externe fiue interne adhibeatur, restituit fubtilem actuosam figentem materiam in humoribus et solidis.
14-1	2099-2106	Terreus	
14-2	2107-2111	odor	
14-3	2112-2122	vtiliffima	
14-4	2123-2129	aliqua	
14-5	2130-2136	mixtio	
14-6	2137-2140	eft	
14-7	2140-2141	,	
14-8	2142-2145	qua	
14-9	2146-2153	faepius	
14-10	2154-2157	vti	
14-11	2158-2167	deberemus	
14-12	2167-2168	,	
14-13	2169-2177	fcilicet	
14-14	2178-2185	terreus	
14-15	2186-2189	hic	
14-16	2190-2193	aer	
14-17	2194-2198	fiue	
14-18	2199-2206	externe	
14-19	2207-2211	fiue	
14-20	2212-2219	interne	
14-21	2220-2230	adhibeatur	
14-22	2230-2231	,	
14-23	2232-2241	restituit	
14-24	2242-2250	fubtilem	
14-25	2251-2259	actuosam	
14-26	2260-2268	figentem	
14-27	2269-2277	materiam	
14-28	2278-2280	in	
14-29	2281-2290	humoribus	
14-30	2291-2293	et	
14-31	2294-2301	solidis	
14-32	2301-2302	.	

#Text=Conuenit E. egregie debilibus iftis, in quibus et folida et fluida diffluunt quafi, vbi fumma laxitas, vbi nulla nutritio, quae ex figente quodam actuoso principio folidorum et fluidorum pendet.
15-1	2303-2311	Conuenit	
15-2	2312-2313	E	
15-3	2313-2314	.	
15-4	2315-2322	egregie	
15-5	2323-2332	debilibus	
15-6	2333-2338	iftis	
15-7	2338-2339	,	
15-8	2340-2342	in	
15-9	2343-2349	quibus	
15-10	2350-2352	et	
15-11	2353-2359	folida	
15-12	2360-2362	et	
15-13	2363-2369	fluida	
15-14	2370-2379	diffluunt	
15-15	2380-2385	quafi	
15-16	2385-2386	,	
15-17	2387-2390	vbi	
15-18	2391-2396	fumma	
15-19	2397-2404	laxitas	
15-20	2404-2405	,	
15-21	2406-2409	vbi	
15-22	2410-2415	nulla	
15-23	2416-2424	nutritio	
15-24	2424-2425	,	
15-25	2426-2430	quae	
15-26	2431-2433	ex	
15-27	2434-2441	figente	
15-28	2442-2448	quodam	
15-29	2449-2456	actuoso	
15-30	2457-2466	principio	
15-31	2467-2476	folidorum	
15-32	2477-2479	et	
15-33	2480-2489	fluidorum	
15-34	2490-2496	pendet	
15-35	2496-2497	.	

#Text=Hinc tanta vtilitas hecticis, tabidis ex vapore agri recenter verfi.
16-1	2498-2502	Hinc	
16-2	2503-2508	tanta	
16-3	2509-2517	vtilitas	
16-4	2518-2526	hecticis	
16-5	2526-2527	,	
16-6	2528-2535	tabidis	
16-7	2536-2538	ex	
16-8	2539-2545	vapore	
16-9	2546-2550	agri	
16-10	2551-2559	recenter	
16-11	2560-2565	verfi	
16-12	2565-2566	.	

#Text=Hinc
#Text=
#Text=
#Text=
#Text=
#Text=
#Text=Hinc tantus vsus cort.
17-1	2567-2571	Hinc	
17-2	2577-2581	Hinc	
17-3	2582-2588	tantus	
17-4	2589-2593	vsus	
17-5	2594-2598	cort	
17-6	2598-2599	.	
