#FORMAT=WebAnno TSV 3.3


#Text=Et cum in unum convenissent, e regione sederunt : hi ex una parte piscinæ, et illi ex altera.
#Text=14 Dixitque Abner ad Joab : Surgant pueri, et ludant coram nobis.
1-1	2-4	Et	
1-2	5-8	cum	
1-3	9-11	in	
1-4	12-16	unum	
1-5	17-29	convenissent	
1-6	29-30	,	
1-7	31-32	e	
1-8	33-40	regione	
1-9	41-49	sederunt	
1-10	50-51	:	
1-11	52-54	hi	
1-12	55-57	ex	
1-13	58-61	una	
1-14	62-67	parte	
1-15	68-75	piscinæ	
1-16	75-76	,	
1-17	77-79	et	
1-18	80-84	illi	
1-19	85-87	ex	
1-20	88-94	altera	
1-21	94-95	.	
1-22	96-98	14	
1-23	99-107	Dixitque	
1-24	108-113	Abner	
1-25	114-116	ad	
1-26	117-121	Joab	
1-27	122-123	:	
1-28	124-131	Surgant	
1-29	132-137	pueri	
1-30	137-138	,	
1-31	139-141	et	
1-32	142-148	ludant	
1-33	149-154	coram	
1-34	155-160	nobis	
1-35	160-161	.	

#Text=Et respondit Joab : Surgant.
#Text=15 Surrexerunt ergo, et transierunt numero duodecim de Benjamin, ex parte Isboseth filii Saul, et duodecim de pueris David.
#Text=16 Apprehensoque unusquisque capite comparis sui, defixit gladium in latus contrarii, et ceciderunt simul : vocatumque est nomen loci illius : Ager robustorum, in Gabaon.
#Text=17 Et ortum est bellum durum satis in die illa : fugatusque est Abner et viri Israël a pueris David.
#Text=18 Erant autem ibi tres filii Sarviæ, Joab, et Abisai, et Asaël : porro Asaël cursor velocissimus fuit, quasi unus de capreis quæ morantur in silvis.
#Text=19 Persequebatur autem Asaël Abner, et non declinavit ad dextram neque ad sinistram omittens persequi Abner.
#Text=20 Respexit itaque Abner post tergum suum, et ait : Tune es Asaël ?
2-1	162-164	Et	
2-2	165-174	respondit	
2-3	175-179	Joab	
2-4	180-181	:	
2-5	182-189	Surgant	
2-6	189-190	.	
2-7	191-193	15	
2-8	194-205	Surrexerunt	
2-9	206-210	ergo	
2-10	210-211	,	
2-11	212-214	et	
2-12	215-226	transierunt	
2-13	227-233	numero	
2-14	234-242	duodecim	
2-15	243-245	de	
2-16	246-254	Benjamin	
2-17	254-255	,	
2-18	256-258	ex	
2-19	259-264	parte	
2-20	265-273	Isboseth	
2-21	274-279	filii	
2-22	280-284	Saul	
2-23	284-285	,	
2-24	286-288	et	
2-25	289-297	duodecim	
2-26	298-300	de	
2-27	301-307	pueris	
2-28	308-313	David	
2-29	313-314	.	
2-30	315-317	16	
2-31	318-331	Apprehensoque	
2-32	332-343	unusquisque	
2-33	344-350	capite	
2-34	351-359	comparis	
2-35	360-363	sui	
2-36	363-364	,	
2-37	365-372	defixit	
2-38	373-380	gladium	
2-39	381-383	in	
2-40	384-389	latus	
2-41	390-399	contrarii	
2-42	399-400	,	
2-43	401-403	et	
2-44	404-414	ceciderunt	
2-45	415-420	simul	
2-46	421-422	:	
2-47	423-433	vocatumque	
2-48	434-437	est	
2-49	438-443	nomen	
2-50	444-448	loci	
2-51	449-455	illius	
2-52	456-457	:	
2-53	458-462	Ager	
2-54	463-473	robustorum	
2-55	473-474	,	
2-56	475-477	in	
2-57	478-484	Gabaon	
2-58	484-485	.	
2-59	486-488	17	
2-60	489-491	Et	
2-61	492-497	ortum	
2-62	498-501	est	
2-63	502-508	bellum	
2-64	509-514	durum	
2-65	515-520	satis	
2-66	521-523	in	
2-67	524-527	die	
2-68	528-532	illa	
2-69	533-534	:	
2-70	535-545	fugatusque	
2-71	546-549	est	
2-72	550-555	Abner	
2-73	556-558	et	
2-74	559-563	viri	
2-75	564-570	Israël	
2-76	571-572	a	
2-77	573-579	pueris	
2-78	580-585	David	
2-79	585-586	.	
2-80	587-589	18	
2-81	590-595	Erant	
2-82	596-601	autem	
2-83	602-605	ibi	
2-84	606-610	tres	
2-85	611-616	filii	
2-86	617-623	Sarviæ	
2-87	623-624	,	
2-88	625-629	Joab	
2-89	629-630	,	
2-90	631-633	et	
2-91	634-640	Abisai	
2-92	640-641	,	
2-93	642-644	et	
2-94	645-650	Asaël	
2-95	651-652	:	
2-96	653-658	porro	
2-97	659-664	Asaël	
2-98	665-671	cursor	
2-99	672-684	velocissimus	
2-100	685-689	fuit	
2-101	689-690	,	
2-102	691-696	quasi	
2-103	697-701	unus	
2-104	702-704	de	
2-105	705-712	capreis	
2-106	713-716	quæ	
2-107	717-725	morantur	
2-108	726-728	in	
2-109	729-735	silvis	
2-110	735-736	.	
2-111	737-739	19	
2-112	740-753	Persequebatur	
2-113	754-759	autem	
2-114	760-765	Asaël	
2-115	766-771	Abner	
2-116	771-772	,	
2-117	773-775	et	
2-118	776-779	non	
2-119	780-790	declinavit	
2-120	791-793	ad	
2-121	794-801	dextram	
2-122	802-807	neque	
2-123	808-810	ad	
2-124	811-820	sinistram	
2-125	821-829	omittens	
2-126	830-838	persequi	
2-127	839-844	Abner	
2-128	844-845	.	
2-129	846-848	20	
2-130	849-857	Respexit	
2-131	858-864	itaque	
2-132	865-870	Abner	
2-133	871-875	post	
2-134	876-882	tergum	
2-135	883-887	suum	
2-136	887-888	,	
2-137	889-891	et	
2-138	892-895	ait	
2-139	896-897	:	
2-140	898-902	Tune	
2-141	903-905	es	
2-142	906-911	Asaël	
2-143	912-913	?	

#Text=Qui respondit : Ego sum.
#Text=21 Dixitque ei Abner : Vade ad dextram, sive ad sinistram, et apprehende unum de adolescentibus, et tolle tibi spolia ejus.
3-1	914-917	Qui	
3-2	918-927	respondit	
3-3	928-929	:	
3-4	930-933	Ego	
3-5	934-937	sum	
3-6	937-938	.	
3-7	939-941	21	
3-8	942-950	Dixitque	
3-9	951-953	ei	
3-10	954-959	Abner	
3-11	960-961	:	
3-12	962-966	Vade	
3-13	967-969	ad	
3-14	970-977	dextram	
3-15	977-978	,	
3-16	979-983	sive	
3-17	984-986	ad	
3-18	987-996	sinistram	
3-19	996-997	,	
3-20	998-1000	et	
3-21	1001-1011	apprehende	
3-22	1012-1016	unum	
3-23	1017-1019	de	
3-24	1020-1034	adolescentibus	
3-25	1034-1035	,	
3-26	1036-1038	et	
3-27	1039-1044	tolle	
3-28	1045-1049	tibi	
3-29	1050-1056	spolia	
3-30	1057-1061	ejus	
3-31	1061-1062	.	

#Text=Noluit autem Asaël omittere quin urgeret eum.
#Text=22 Rursumque locutus est Abner ad Asaël : Recede, noli me sequi, ne compellar confodere te in terram, et levare non potero faciem meam ad Joab fratrem tuum.
#Text=23 Qui audire contempsit, et noluit declinare : percussit ergo eum Abner aversa hasta in inguine, et transfodit, et mortuus est in eodem loco : omnesque qui transibant per locum illum, in quo ceciderat Asaël et mortuus erat, subsistebant.
#Text=24 Persequentibus autem Joab et Abisai fugientem Abner, sol occubuit : et venerunt usque ad collem aquæductus, qui est ex adverso vallis itineris deserti in Gabaon.
#Text=25 Congregatique sunt filii Benjamin ad Abner : et conglobati in unum cuneum, steterunt in summitate tumuli unius.
#Text=26 Et exclamavit Abner ad Joab, et ait : Num usque ad internecionem tuus mucro desæviet ?
4-1	1063-1069	Noluit	
4-2	1070-1075	autem	
4-3	1076-1081	Asaël	
4-4	1082-1090	omittere	
4-5	1091-1095	quin	
4-6	1096-1103	urgeret	
4-7	1104-1107	eum	
4-8	1107-1108	.	
4-9	1109-1111	22	
4-10	1112-1121	Rursumque	
4-11	1122-1129	locutus	
4-12	1130-1133	est	
4-13	1134-1139	Abner	
4-14	1140-1142	ad	
4-15	1143-1148	Asaël	
4-16	1149-1150	:	
4-17	1151-1157	Recede	
4-18	1157-1158	,	
4-19	1159-1163	noli	
4-20	1164-1166	me	
4-21	1167-1172	sequi	
4-22	1172-1173	,	
4-23	1174-1176	ne	
4-24	1177-1186	compellar	
4-25	1187-1196	confodere	
4-26	1197-1199	te	
4-27	1200-1202	in	
4-28	1203-1209	terram	
4-29	1209-1210	,	
4-30	1211-1213	et	
4-31	1214-1220	levare	
4-32	1221-1224	non	
4-33	1225-1231	potero	
4-34	1232-1238	faciem	
4-35	1239-1243	meam	
4-36	1244-1246	ad	
4-37	1247-1251	Joab	
4-38	1252-1259	fratrem	
4-39	1260-1264	tuum	
4-40	1264-1265	.	
4-41	1266-1268	23	
4-42	1269-1272	Qui	
4-43	1273-1279	audire	
4-44	1280-1290	contempsit	
4-45	1290-1291	,	
4-46	1292-1294	et	
4-47	1295-1301	noluit	
4-48	1302-1311	declinare	
4-49	1312-1313	:	
4-50	1314-1323	percussit	
4-51	1324-1328	ergo	
4-52	1329-1332	eum	
4-53	1333-1338	Abner	
4-54	1339-1345	aversa	
4-55	1346-1351	hasta	
4-56	1352-1354	in	
4-57	1355-1362	inguine	
4-58	1362-1363	,	
4-59	1364-1366	et	
4-60	1367-1377	transfodit	
4-61	1377-1378	,	
4-62	1379-1381	et	
4-63	1382-1389	mortuus	
4-64	1390-1393	est	
4-65	1394-1396	in	
4-66	1397-1402	eodem	
4-67	1403-1407	loco	
4-68	1408-1409	:	
4-69	1410-1418	omnesque	
4-70	1419-1422	qui	
4-71	1423-1433	transibant	
4-72	1434-1437	per	
4-73	1438-1443	locum	
4-74	1444-1449	illum	
4-75	1449-1450	,	
4-76	1451-1453	in	
4-77	1454-1457	quo	
4-78	1458-1467	ceciderat	
4-79	1468-1473	Asaël	
4-80	1474-1476	et	
4-81	1477-1484	mortuus	
4-82	1485-1489	erat	
4-83	1489-1490	,	
4-84	1491-1503	subsistebant	
4-85	1503-1504	.	
4-86	1505-1507	24	
4-87	1508-1522	Persequentibus	
4-88	1523-1528	autem	
4-89	1529-1533	Joab	
4-90	1534-1536	et	
4-91	1537-1543	Abisai	
4-92	1544-1553	fugientem	
4-93	1554-1559	Abner	
4-94	1559-1560	,	
4-95	1561-1564	sol	
4-96	1565-1573	occubuit	
4-97	1574-1575	:	
4-98	1576-1578	et	
4-99	1579-1587	venerunt	
4-100	1588-1593	usque	
4-101	1594-1596	ad	
4-102	1597-1603	collem	
4-103	1604-1614	aquæductus	
4-104	1614-1615	,	
4-105	1616-1619	qui	
4-106	1620-1623	est	
4-107	1624-1626	ex	
4-108	1627-1634	adverso	
4-109	1635-1641	vallis	
4-110	1642-1650	itineris	
4-111	1651-1658	deserti	
4-112	1659-1661	in	
4-113	1662-1668	Gabaon	
4-114	1668-1669	.	
4-115	1670-1672	25	
4-116	1673-1686	Congregatique	
4-117	1687-1691	sunt	
4-118	1692-1697	filii	
4-119	1698-1706	Benjamin	
4-120	1707-1709	ad	
4-121	1710-1715	Abner	
4-122	1716-1717	:	
4-123	1718-1720	et	
4-124	1721-1731	conglobati	
4-125	1732-1734	in	
4-126	1735-1739	unum	
4-127	1740-1746	cuneum	
4-128	1746-1747	,	
4-129	1748-1757	steterunt	
4-130	1758-1760	in	
4-131	1761-1770	summitate	
4-132	1771-1777	tumuli	
4-133	1778-1783	unius	
4-134	1783-1784	.	
4-135	1785-1787	26	
4-136	1788-1790	Et	
4-137	1791-1801	exclamavit	
4-138	1802-1807	Abner	
4-139	1808-1810	ad	
4-140	1811-1815	Joab	
4-141	1815-1816	,	
4-142	1817-1819	et	
4-143	1820-1823	ait	
4-144	1824-1825	:	
4-145	1826-1829	Num	
4-146	1830-1835	usque	
4-147	1836-1838	ad	
4-148	1839-1852	internecionem	
4-149	1853-1857	tuus	
4-150	1858-1863	mucro	
4-151	1864-1872	desæviet	
4-152	1873-1874	?	

#Text=an ignoras quod periculosa sit desperatio ?
5-1	1875-1877	an	
5-2	1878-1885	ignoras	
5-3	1886-1890	quod	
5-4	1891-1901	periculosa	
5-5	1902-1905	sit	
5-6	1906-1916	desperatio	
5-7	1917-1918	?	

#Text=usquequo non dicis populo ut omittat persequi fratres suos ?
6-1	1919-1927	usquequo	
6-2	1928-1931	non	
6-3	1932-1937	dicis	
6-4	1938-1944	populo	
6-5	1945-1947	ut	
6-6	1948-1955	omittat	
6-7	1956-1964	persequi	
6-8	1965-1972	fratres	
6-9	1973-1977	suos	
6-10	1978-1979	?	

#Text=27 Et ait Joab : Vivit Dominus, si locutus fuisses, mane recessisset populus persequens fratrem suum.
7-1	1980-1982	27	
7-2	1983-1985	Et	
7-3	1986-1989	ait	
7-4	1990-1994	Joab	
7-5	1995-1996	:	
7-6	1997-2002	Vivit	
7-7	2003-2010	Dominus	
7-8	2010-2011	,	
7-9	2012-2014	si	
7-10	2015-2022	locutus	
7-11	2023-2030	fuisses	
7-12	2030-2031	,	
7-13	2032-2036	mane	
7-14	2037-2048	recessisset	
7-15	2049-2056	populus	
7-16	2057-2067	persequens	
7-17	2068-2075	fratrem	
7-18	2076-2080	suum	
7-19	2080-2081	.	
