#FORMAT=WebAnno TSV 3.3


#Text=40 Et ait Timotheus principibus exercitus sui : Cum appropinquaverit Judas, et exercitus ejus, ad torrentem aquæ : si transierit ad nos prior, non poterimus sustinere eum, quia potens poterit adversum nos ; 41 si vero timuerit transire, et posuerit castra extra flumen, transfretamus ad eos, et poterimus adversus illum.
#Text=42 Ut autem appropinquavit Judas ad torrentem aquæ, statuit scribas populi secus torrentem, et mandavit eis, dicens : Neminem hominum reliqueritis, sed veniant omnes in prælium.
#Text=43 Et transfretavit ad illos prior, et omnis populus post eum, et contritæ sunt omnes gentes a facie eorum, et projecerunt arma sua, et fugerunt ad fanum, quod erat in Carnaim.
#Text=44 Et occupavit ipsam civitatem, et fanum succendit igni cum omnibus qui erant in ipso : et oppressa est Carnaim, et non potuit sustinere contra faciem Judæ.
#Text=45 Et congregavit Judas universos Israëlitas, qui erant in Galaaditide, a minimo usque ad maximum, et uxores eorum, et natos, et exercitum magnum valde, ut venirent in terram Juda.
#Text=46 Et venerunt usque Ephron : et hæc civitas magna in ingressu posita, munita valde, et non erat declinare ab ea dextera vel sinistra, sed per mediam iter erat.
#Text=47 Et incluserunt se qui erant in civitate, et obstruxerunt portas lapidibus : et misit ad eos Judas verbis pacificis, 48 dicens : Transeamus per terram vestram, ut eamus in terram nostram : et nemo vobis nocebit, tantum pedibus transibimus.
1-1	2-4	40	
1-2	5-7	Et	
1-3	8-11	ait	
1-4	12-21	Timotheus	
1-5	22-33	principibus	
1-6	34-43	exercitus	
1-7	44-47	sui	
1-8	48-49	:	
1-9	50-53	Cum	
1-10	54-70	appropinquaverit	
1-11	71-76	Judas	
1-12	76-77	,	
1-13	78-80	et	
1-14	81-90	exercitus	
1-15	91-95	ejus	
1-16	95-96	,	
1-17	97-99	ad	
1-18	100-109	torrentem	
1-19	110-114	aquæ	
1-20	115-116	:	
1-21	117-119	si	
1-22	120-130	transierit	
1-23	131-133	ad	
1-24	134-137	nos	
1-25	138-143	prior	
1-26	143-144	,	
1-27	145-148	non	
1-28	149-158	poterimus	
1-29	159-168	sustinere	
1-30	169-172	eum	
1-31	172-173	,	
1-32	174-178	quia	
1-33	179-185	potens	
1-34	186-193	poterit	
1-35	194-202	adversum	
1-36	203-206	nos	
1-37	207-208	;	
1-38	209-211	41	
1-39	212-214	si	
1-40	215-219	vero	
1-41	220-228	timuerit	
1-42	229-237	transire	
1-43	237-238	,	
1-44	239-241	et	
1-45	242-250	posuerit	
1-46	251-257	castra	
1-47	258-263	extra	
1-48	264-270	flumen	
1-49	270-271	,	
1-50	272-285	transfretamus	
1-51	286-288	ad	
1-52	289-292	eos	
1-53	292-293	,	
1-54	294-296	et	
1-55	297-306	poterimus	
1-56	307-315	adversus	
1-57	316-321	illum	
1-58	321-322	.	
1-59	323-325	42	
1-60	326-328	Ut	
1-61	329-334	autem	
1-62	335-349	appropinquavit	
1-63	350-355	Judas	
1-64	356-358	ad	
1-65	359-368	torrentem	
1-66	369-373	aquæ	
1-67	373-374	,	
1-68	375-382	statuit	
1-69	383-390	scribas	
1-70	391-397	populi	
1-71	398-403	secus	
1-72	404-413	torrentem	
1-73	413-414	,	
1-74	415-417	et	
1-75	418-426	mandavit	
1-76	427-430	eis	
1-77	430-431	,	
1-78	432-438	dicens	
1-79	439-440	:	
1-80	441-448	Neminem	
1-81	449-456	hominum	
1-82	457-469	reliqueritis	
1-83	469-470	,	
1-84	471-474	sed	
1-85	475-482	veniant	
1-86	483-488	omnes	
1-87	489-491	in	
1-88	492-499	prælium	
1-89	499-500	.	
1-90	501-503	43	
1-91	504-506	Et	
1-92	507-520	transfretavit	
1-93	521-523	ad	
1-94	524-529	illos	
1-95	530-535	prior	
1-96	535-536	,	
1-97	537-539	et	
1-98	540-545	omnis	
1-99	546-553	populus	
1-100	554-558	post	
1-101	559-562	eum	
1-102	562-563	,	
1-103	564-566	et	
1-104	567-575	contritæ	
1-105	576-580	sunt	
1-106	581-586	omnes	
1-107	587-593	gentes	
1-108	594-595	a	
1-109	596-601	facie	
1-110	602-607	eorum	
1-111	607-608	,	
1-112	609-611	et	
1-113	612-623	projecerunt	
1-114	624-628	arma	
1-115	629-632	sua	
1-116	632-633	,	
1-117	634-636	et	
1-118	637-645	fugerunt	
1-119	646-648	ad	
1-120	649-654	fanum	
1-121	654-655	,	
1-122	656-660	quod	
1-123	661-665	erat	
1-124	666-668	in	
1-125	669-676	Carnaim	
1-126	676-677	.	
1-127	678-680	44	
1-128	681-683	Et	
1-129	684-693	occupavit	
1-130	694-699	ipsam	
1-131	700-709	civitatem	
1-132	709-710	,	
1-133	711-713	et	
1-134	714-719	fanum	
1-135	720-729	succendit	
1-136	730-734	igni	
1-137	735-738	cum	
1-138	739-746	omnibus	
1-139	747-750	qui	
1-140	751-756	erant	
1-141	757-759	in	
1-142	760-764	ipso	
1-143	765-766	:	
1-144	767-769	et	
1-145	770-778	oppressa	
1-146	779-782	est	
1-147	783-790	Carnaim	
1-148	790-791	,	
1-149	792-794	et	
1-150	795-798	non	
1-151	799-805	potuit	
1-152	806-815	sustinere	
1-153	816-822	contra	
1-154	823-829	faciem	
1-155	830-834	Judæ	
1-156	834-835	.	
1-157	836-838	45	
1-158	839-841	Et	
1-159	842-853	congregavit	
1-160	854-859	Judas	
1-161	860-869	universos	
1-162	870-880	Israëlitas	
1-163	880-881	,	
1-164	882-885	qui	
1-165	886-891	erant	
1-166	892-894	in	
1-167	895-906	Galaaditide	
1-168	906-907	,	
1-169	908-909	a	
1-170	910-916	minimo	
1-171	917-922	usque	
1-172	923-925	ad	
1-173	926-933	maximum	
1-174	933-934	,	
1-175	935-937	et	
1-176	938-944	uxores	
1-177	945-950	eorum	
1-178	950-951	,	
1-179	952-954	et	
1-180	955-960	natos	
1-181	960-961	,	
1-182	962-964	et	
1-183	965-974	exercitum	
1-184	975-981	magnum	
1-185	982-987	valde	
1-186	987-988	,	
1-187	989-991	ut	
1-188	992-1000	venirent	
1-189	1001-1003	in	
1-190	1004-1010	terram	
1-191	1011-1015	Juda	
1-192	1015-1016	.	
1-193	1017-1019	46	
1-194	1020-1022	Et	
1-195	1023-1031	venerunt	
1-196	1032-1037	usque	
1-197	1038-1044	Ephron	
1-198	1045-1046	:	
1-199	1047-1049	et	
1-200	1050-1053	hæc	
1-201	1054-1061	civitas	
1-202	1062-1067	magna	
1-203	1068-1070	in	
1-204	1071-1079	ingressu	
1-205	1080-1086	posita	
1-206	1086-1087	,	
1-207	1088-1094	munita	
1-208	1095-1100	valde	
1-209	1100-1101	,	
1-210	1102-1104	et	
1-211	1105-1108	non	
1-212	1109-1113	erat	
1-213	1114-1123	declinare	
1-214	1124-1126	ab	
1-215	1127-1129	ea	
1-216	1130-1137	dextera	
1-217	1138-1141	vel	
1-218	1142-1150	sinistra	
1-219	1150-1151	,	
1-220	1152-1155	sed	
1-221	1156-1159	per	
1-222	1160-1166	mediam	
1-223	1167-1171	iter	
1-224	1172-1176	erat	
1-225	1176-1177	.	
1-226	1178-1180	47	
1-227	1181-1183	Et	
1-228	1184-1195	incluserunt	
1-229	1196-1198	se	
1-230	1199-1202	qui	
1-231	1203-1208	erant	
1-232	1209-1211	in	
1-233	1212-1220	civitate	
1-234	1220-1221	,	
1-235	1222-1224	et	
1-236	1225-1237	obstruxerunt	
1-237	1238-1244	portas	
1-238	1245-1254	lapidibus	
1-239	1255-1256	:	
1-240	1257-1259	et	
1-241	1260-1265	misit	
1-242	1266-1268	ad	
1-243	1269-1272	eos	
1-244	1273-1278	Judas	
1-245	1279-1285	verbis	
1-246	1286-1295	pacificis	
1-247	1295-1296	,	
1-248	1297-1299	48	
1-249	1300-1306	dicens	
1-250	1307-1308	:	
1-251	1309-1319	Transeamus	
1-252	1320-1323	per	
1-253	1324-1330	terram	
1-254	1331-1338	vestram	
1-255	1338-1339	,	
1-256	1340-1342	ut	
1-257	1343-1348	eamus	
1-258	1349-1351	in	
1-259	1352-1358	terram	
1-260	1359-1366	nostram	
1-261	1367-1368	:	
1-262	1369-1371	et	
1-263	1372-1376	nemo	
1-264	1377-1382	vobis	
1-265	1383-1390	nocebit	
1-266	1390-1391	,	
1-267	1392-1398	tantum	
1-268	1399-1406	pedibus	
1-269	1407-1418	transibimus	
1-270	1418-1419	.	

#Text=Et nolebant eis aperire.
#Text=49 Et præcepit Judas prædicare in castris, ut applicarent unusquisque in quo erat loco : 50 et applicuerunt se viri virtutis, et oppugnavit civitatem illam tota die et tota nocte, et tradita est civitas in manu ejus : 51 et peremerunt omnem masculum in ore gladii, et eradicavit eam, et accepit spolia ejus : et transivit per totam civitatem super interfectos.
#Text=52 Et transgressi sunt Jordanem in campo magno, contra faciem Bethsan.
#Text=53 Et erat Judas congregans extremos, et exhortabatur populum per totam viam, donec venirent in terram Juda : 54 et ascenderunt in montem Sion cum lætitia, et gaudio, et obtulerunt holocausta, quod nemo ex eis cecidisset donec reverterentur in pace.
#Text=55 Et in diebus quibus erat Judas et Jonathas in terra Galaad, et Simon frater ejus in Galilæa contra faciem Ptolemaidis, 56 audivit Josephus Zachariæ filius, et Azarias princeps virtutis, res bene gestas, et prælia quæ facta sunt, 57 et dixit : Faciamus et ipsi nobis nomen, et eamus pugnare adversus gentes quæ in circuitu nostro sunt.
#Text=58 Et præcepit his qui erant in exercitu suo, et abierunt Jamniam.
#Text=59 Et exivit Gorgias de civitate, et viri ejus obviam illis in pugnam.
#Text=60 Et fugati sunt Josephus et Azarias usque in fines Judææ : et ceciderunt illo die de populo Israël ad duo millia viri, et facta est fuga magna in populo : 61 quia non audierunt Judam, et fratres ejus, existimantes fortiter se facturos.
#Text=62 Ipsi autem non erant de semine virorum illorum, per quos salus facta est in Israël.
#Text=63 Et viri Juda magnificati sunt valde in conspectu omnis Israël, et gentium omnium ubi audiebatur nomen eorum.
#Text=64 Et convenerunt ad eos fausta acclamantes.
#Text=65 Et exivit Judas et fratres ejus, et expugnabant filios Esau in terra quæ ad austrum est, et percussit Chebron et filias ejus : et muros ejus, et turres succendit igni in circuitu.
#Text=66 Et movit castra ut iret in terram alienigenarum, et perambulabat Samariam.
2-1	1420-1422	Et	
2-2	1423-1431	nolebant	
2-3	1432-1435	eis	
2-4	1436-1443	aperire	
2-5	1443-1444	.	
2-6	1445-1447	49	
2-7	1448-1450	Et	
2-8	1451-1459	præcepit	
2-9	1460-1465	Judas	
2-10	1466-1475	prædicare	
2-11	1476-1478	in	
2-12	1479-1486	castris	
2-13	1486-1487	,	
2-14	1488-1490	ut	
2-15	1491-1502	applicarent	
2-16	1503-1514	unusquisque	
2-17	1515-1517	in	
2-18	1518-1521	quo	
2-19	1522-1526	erat	
2-20	1527-1531	loco	
2-21	1532-1533	:	
2-22	1534-1536	50	
2-23	1537-1539	et	
2-24	1540-1552	applicuerunt	
2-25	1553-1555	se	
2-26	1556-1560	viri	
2-27	1561-1569	virtutis	
2-28	1569-1570	,	
2-29	1571-1573	et	
2-30	1574-1584	oppugnavit	
2-31	1585-1594	civitatem	
2-32	1595-1600	illam	
2-33	1601-1605	tota	
2-34	1606-1609	die	
2-35	1610-1612	et	
2-36	1613-1617	tota	
2-37	1618-1623	nocte	
2-38	1623-1624	,	
2-39	1625-1627	et	
2-40	1628-1635	tradita	
2-41	1636-1639	est	
2-42	1640-1647	civitas	
2-43	1648-1650	in	
2-44	1651-1655	manu	
2-45	1656-1660	ejus	
2-46	1661-1662	:	
2-47	1663-1665	51	
2-48	1666-1668	et	
2-49	1669-1679	peremerunt	
2-50	1680-1685	omnem	
2-51	1686-1694	masculum	
2-52	1695-1697	in	
2-53	1698-1701	ore	
2-54	1702-1708	gladii	
2-55	1708-1709	,	
2-56	1710-1712	et	
2-57	1713-1723	eradicavit	
2-58	1724-1727	eam	
2-59	1727-1728	,	
2-60	1729-1731	et	
2-61	1732-1739	accepit	
2-62	1740-1746	spolia	
2-63	1747-1751	ejus	
2-64	1752-1753	:	
2-65	1754-1756	et	
2-66	1757-1766	transivit	
2-67	1767-1770	per	
2-68	1771-1776	totam	
2-69	1777-1786	civitatem	
2-70	1787-1792	super	
2-71	1793-1804	interfectos	
2-72	1804-1805	.	
2-73	1806-1808	52	
2-74	1809-1811	Et	
2-75	1812-1823	transgressi	
2-76	1824-1828	sunt	
2-77	1829-1837	Jordanem	
2-78	1838-1840	in	
2-79	1841-1846	campo	
2-80	1847-1852	magno	
2-81	1852-1853	,	
2-82	1854-1860	contra	
2-83	1861-1867	faciem	
2-84	1868-1875	Bethsan	
2-85	1875-1876	.	
2-86	1877-1879	53	
2-87	1880-1882	Et	
2-88	1883-1887	erat	
2-89	1888-1893	Judas	
2-90	1894-1904	congregans	
2-91	1905-1913	extremos	
2-92	1913-1914	,	
2-93	1915-1917	et	
2-94	1918-1930	exhortabatur	
2-95	1931-1938	populum	
2-96	1939-1942	per	
2-97	1943-1948	totam	
2-98	1949-1953	viam	
2-99	1953-1954	,	
2-100	1955-1960	donec	
2-101	1961-1969	venirent	
2-102	1970-1972	in	
2-103	1973-1979	terram	
2-104	1980-1984	Juda	
2-105	1985-1986	:	
2-106	1987-1989	54	
2-107	1990-1992	et	
2-108	1993-2004	ascenderunt	
2-109	2005-2007	in	
2-110	2008-2014	montem	
2-111	2015-2019	Sion	
2-112	2020-2023	cum	
2-113	2024-2031	lætitia	
2-114	2031-2032	,	
2-115	2033-2035	et	
2-116	2036-2042	gaudio	
2-117	2042-2043	,	
2-118	2044-2046	et	
2-119	2047-2057	obtulerunt	
2-120	2058-2068	holocausta	
2-121	2068-2069	,	
2-122	2070-2074	quod	
2-123	2075-2079	nemo	
2-124	2080-2082	ex	
2-125	2083-2086	eis	
2-126	2087-2097	cecidisset	
2-127	2098-2103	donec	
2-128	2104-2117	reverterentur	
2-129	2118-2120	in	
2-130	2121-2125	pace	
2-131	2125-2126	.	
2-132	2127-2129	55	
2-133	2130-2132	Et	
2-134	2133-2135	in	
2-135	2136-2142	diebus	
2-136	2143-2149	quibus	
2-137	2150-2154	erat	
2-138	2155-2160	Judas	
2-139	2161-2163	et	
2-140	2164-2172	Jonathas	
2-141	2173-2175	in	
2-142	2176-2181	terra	
2-143	2182-2188	Galaad	
2-144	2188-2189	,	
2-145	2190-2192	et	
2-146	2193-2198	Simon	
2-147	2199-2205	frater	
2-148	2206-2210	ejus	
2-149	2211-2213	in	
2-150	2214-2221	Galilæa	
2-151	2222-2228	contra	
2-152	2229-2235	faciem	
2-153	2236-2247	Ptolemaidis	
2-154	2247-2248	,	
2-155	2249-2251	56	
2-156	2252-2259	audivit	
2-157	2260-2268	Josephus	
2-158	2269-2277	Zachariæ	
2-159	2278-2284	filius	
2-160	2284-2285	,	
2-161	2286-2288	et	
2-162	2289-2296	Azarias	
2-163	2297-2305	princeps	
2-164	2306-2314	virtutis	
2-165	2314-2315	,	
2-166	2316-2319	res	
2-167	2320-2324	bene	
2-168	2325-2331	gestas	
2-169	2331-2332	,	
2-170	2333-2335	et	
2-171	2336-2342	prælia	
2-172	2343-2346	quæ	
2-173	2347-2352	facta	
2-174	2353-2357	sunt	
2-175	2357-2358	,	
2-176	2359-2361	57	
2-177	2362-2364	et	
2-178	2365-2370	dixit	
2-179	2371-2372	:	
2-180	2373-2381	Faciamus	
2-181	2382-2384	et	
2-182	2385-2389	ipsi	
2-183	2390-2395	nobis	
2-184	2396-2401	nomen	
2-185	2401-2402	,	
2-186	2403-2405	et	
2-187	2406-2411	eamus	
2-188	2412-2419	pugnare	
2-189	2420-2428	adversus	
2-190	2429-2435	gentes	
2-191	2436-2439	quæ	
2-192	2440-2442	in	
2-193	2443-2451	circuitu	
2-194	2452-2458	nostro	
2-195	2459-2463	sunt	
2-196	2463-2464	.	
2-197	2465-2467	58	
2-198	2468-2470	Et	
2-199	2471-2479	præcepit	
2-200	2480-2483	his	
2-201	2484-2487	qui	
2-202	2488-2493	erant	
2-203	2494-2496	in	
2-204	2497-2505	exercitu	
2-205	2506-2509	suo	
2-206	2509-2510	,	
2-207	2511-2513	et	
2-208	2514-2522	abierunt	
2-209	2523-2530	Jamniam	
2-210	2530-2531	.	
2-211	2532-2534	59	
2-212	2535-2537	Et	
2-213	2538-2544	exivit	
2-214	2545-2552	Gorgias	
2-215	2553-2555	de	
2-216	2556-2564	civitate	
2-217	2564-2565	,	
2-218	2566-2568	et	
2-219	2569-2573	viri	
2-220	2574-2578	ejus	
2-221	2579-2585	obviam	
2-222	2586-2591	illis	
2-223	2592-2594	in	
2-224	2595-2601	pugnam	
2-225	2601-2602	.	
2-226	2603-2605	60	
2-227	2606-2608	Et	
2-228	2609-2615	fugati	
2-229	2616-2620	sunt	
2-230	2621-2629	Josephus	
2-231	2630-2632	et	
2-232	2633-2640	Azarias	
2-233	2641-2646	usque	
2-234	2647-2649	in	
2-235	2650-2655	fines	
2-236	2656-2661	Judææ	
2-237	2662-2663	:	
2-238	2664-2666	et	
2-239	2667-2677	ceciderunt	
2-240	2678-2682	illo	
2-241	2683-2686	die	
2-242	2687-2689	de	
2-243	2690-2696	populo	
2-244	2697-2703	Israël	
2-245	2704-2706	ad	
2-246	2707-2710	duo	
2-247	2711-2717	millia	
2-248	2718-2722	viri	
2-249	2722-2723	,	
2-250	2724-2726	et	
2-251	2727-2732	facta	
2-252	2733-2736	est	
2-253	2737-2741	fuga	
2-254	2742-2747	magna	
2-255	2748-2750	in	
2-256	2751-2757	populo	
2-257	2758-2759	:	
2-258	2760-2762	61	
2-259	2763-2767	quia	
2-260	2768-2771	non	
2-261	2772-2781	audierunt	
2-262	2782-2787	Judam	
2-263	2787-2788	,	
2-264	2789-2791	et	
2-265	2792-2799	fratres	
2-266	2800-2804	ejus	
2-267	2804-2805	,	
2-268	2806-2818	existimantes	
2-269	2819-2827	fortiter	
2-270	2828-2830	se	
2-271	2831-2839	facturos	
2-272	2839-2840	.	
2-273	2841-2843	62	
2-274	2844-2848	Ipsi	
2-275	2849-2854	autem	
2-276	2855-2858	non	
2-277	2859-2864	erant	
2-278	2865-2867	de	
2-279	2868-2874	semine	
2-280	2875-2882	virorum	
2-281	2883-2890	illorum	
2-282	2890-2891	,	
2-283	2892-2895	per	
2-284	2896-2900	quos	
2-285	2901-2906	salus	
2-286	2907-2912	facta	
2-287	2913-2916	est	
2-288	2917-2919	in	
2-289	2920-2926	Israël	
2-290	2926-2927	.	
2-291	2928-2930	63	
2-292	2931-2933	Et	
2-293	2934-2938	viri	
2-294	2939-2943	Juda	
2-295	2944-2955	magnificati	
2-296	2956-2960	sunt	
2-297	2961-2966	valde	
2-298	2967-2969	in	
2-299	2970-2979	conspectu	
2-300	2980-2985	omnis	
2-301	2986-2992	Israël	
2-302	2992-2993	,	
2-303	2994-2996	et	
2-304	2997-3004	gentium	
2-305	3005-3011	omnium	
2-306	3012-3015	ubi	
2-307	3016-3026	audiebatur	
2-308	3027-3032	nomen	
2-309	3033-3038	eorum	
2-310	3038-3039	.	
2-311	3040-3042	64	
2-312	3043-3045	Et	
2-313	3046-3057	convenerunt	
2-314	3058-3060	ad	
2-315	3061-3064	eos	
2-316	3065-3071	fausta	
2-317	3072-3083	acclamantes	
2-318	3083-3084	.	
2-319	3085-3087	65	
2-320	3088-3090	Et	
2-321	3091-3097	exivit	
2-322	3098-3103	Judas	
2-323	3104-3106	et	
2-324	3107-3114	fratres	
2-325	3115-3119	ejus	
2-326	3119-3120	,	
2-327	3121-3123	et	
2-328	3124-3135	expugnabant	
2-329	3136-3142	filios	
2-330	3143-3147	Esau	
2-331	3148-3150	in	
2-332	3151-3156	terra	
2-333	3157-3160	quæ	
2-334	3161-3163	ad	
2-335	3164-3171	austrum	
2-336	3172-3175	est	
2-337	3175-3176	,	
2-338	3177-3179	et	
2-339	3180-3189	percussit	
2-340	3190-3197	Chebron	
2-341	3198-3200	et	
2-342	3201-3207	filias	
2-343	3208-3212	ejus	
2-344	3213-3214	:	
2-345	3215-3217	et	
2-346	3218-3223	muros	
2-347	3224-3228	ejus	
2-348	3228-3229	,	
2-349	3230-3232	et	
2-350	3233-3239	turres	
2-351	3240-3249	succendit	
2-352	3250-3254	igni	
2-353	3255-3257	in	
2-354	3258-3266	circuitu	
2-355	3266-3267	.	
2-356	3268-3270	66	
2-357	3271-3273	Et	
2-358	3274-3279	movit	
2-359	3280-3286	castra	
2-360	3287-3289	ut	
2-361	3290-3294	iret	
2-362	3295-3297	in	
2-363	3298-3304	terram	
2-364	3305-3318	alienigenarum	
2-365	3318-3319	,	
2-366	3320-3322	et	
2-367	3323-3335	perambulabat	
2-368	3336-3344	Samariam	
2-369	3344-3345	.	
