#FORMAT=WebAnno TSV 3.3


#Text=LE Theatre qui paroiſſoit tout nud ſans aucun appareil, & par cetre nudité faſoit croire aux ſpectateurs qu’il n’yauroit pas grandes decorations ny embeliſemens pour diuertir la veue, crompe la compegnie & s’entre ouurants de toutes parts, on vit paroiſtre les Champs Eliſées auec toutes les beautez d’vn iardin de piaiſance, & telles que nous depeignent ceux qui ont eſcrir les rares merueilles de ces lieux oùſont logées les anes des morts quiont quitté le ſejour du monde & de cette vie.
1-1	0-2	LE	
1-2	3-10	Theatre	
1-3	11-14	qui	
1-4	15-25	paroiſſoit	
1-5	26-30	tout	
1-6	31-34	nud	
1-7	35-39	ſans	
1-8	40-45	aucun	
1-9	46-54	appareil	
1-10	54-55	,	
1-11	56-57	&	
1-12	58-61	par	
1-13	62-67	cetre	
1-14	68-75	nudité	
1-15	76-82	faſoit	
1-16	83-89	croire	
1-17	90-93	aux	
1-18	94-105	ſpectateurs	
1-19	106-108	qu	
1-20	108-109	’	
1-21	109-111	il	
1-22	112-113	n	
1-23	113-114	’	
1-24	114-121	yauroit	
1-25	122-125	pas	
1-26	126-133	grandes	
1-27	134-145	decorations	
1-28	146-148	ny	
1-29	149-161	embeliſemens	
1-30	162-166	pour	
1-31	167-175	diuertir	
1-32	176-178	la	
1-33	179-183	veue	
1-34	183-184	,	
1-35	185-191	crompe	
1-36	192-194	la	
1-37	195-204	compegnie	
1-38	205-206	&	
1-39	207-208	s	
1-40	208-209	’	
1-41	209-214	entre	
1-42	215-223	ouurants	
1-43	224-226	de	
1-44	227-233	toutes	
1-45	234-239	parts	
1-46	239-240	,	
1-47	241-243	on	
1-48	244-247	vit	
1-49	248-257	paroiſtre	
1-50	258-261	les	
1-51	262-268	Champs	
1-52	269-277	Eliſées	
1-53	278-282	auec	
1-54	283-289	toutes	
1-55	290-293	les	
1-56	294-301	beautez	
1-57	302-303	d	
1-58	303-304	’	
1-59	304-306	vn	
1-60	307-313	iardin	
1-61	314-316	de	
1-62	317-326	piaiſance	
1-63	326-327	,	
1-64	328-329	&	
1-65	330-336	telles	
1-66	337-340	que	
1-67	341-345	nous	
1-68	346-356	depeignent	
1-69	357-361	ceux	
1-70	362-365	qui	
1-71	366-369	ont	
1-72	370-376	eſcrir	
1-73	377-380	les	
1-74	381-386	rares	
1-75	387-397	merueilles	
1-76	398-400	de	
1-77	401-404	ces	
1-78	405-410	lieux	
1-79	411-418	oùſont	
1-80	419-426	logées	
1-81	427-430	les	
1-82	431-435	anes	
1-83	436-439	des	
1-84	440-445	morts	
1-85	446-452	quiont	
1-86	453-460	quitté	
1-87	461-463	le	
1-88	464-470	ſejour	
1-89	471-473	du	
1-90	474-479	monde	
1-91	480-481	&	
1-92	482-484	de	
1-93	485-490	cette	
1-94	491-494	vie	
1-95	494-495	.	

#Text=Il eſt vray que comme le bruit couroit que ce la de uoir commencer par les ombres des morts qui en de-uoie en faire la premiere entrée, l’on croyoir voir ouurir la terre & paroiſtre des Enfers auec toutes leurs horreurs & leurs formes hideuſes: mais dans ce balet il n’v a point de coupables, tous ſont gens de bien, Dieu me pardonne ſi ie ments; ainſi ces omres que vous allez voir ne ſont pas criminel les &pat conſe quent ne paroiſe en point parmy les ſupplices des Enfers, mais parmy les delices des Champs Eliſé́es:
#Text=Et au lieu de ſpectres, de figures hideuſes & de monſtres, l’on ne voit que des arbres chargez de toutes ſortes de fruicts inconnus au gouſt des viuans, et au lieu de fumées noires, eſpauſes, infectes, puantes & importunes, comme il en exale des Enfers, l’on vis ſortir vne fumé douce & agreable de tontes ſorres d’odeurs & d’vne confection aromatique meſlangée de tous les parfums qu’on nous apporte d’Italie, & de delà les monts & les mers.
2-1	496-498	Il	
2-2	499-502	eſt	
2-3	503-507	vray	
2-4	508-511	que	
2-5	512-517	comme	
2-6	518-520	le	
2-7	521-526	bruit	
2-8	527-534	couroit	
2-9	535-538	que	
2-10	539-541	ce	
2-11	542-544	la	
2-12	545-547	de	
2-13	548-552	uoir	
2-14	553-562	commencer	
2-15	563-566	par	
2-16	567-570	les	
2-17	571-577	ombres	
2-18	578-581	des	
2-19	582-587	morts	
2-20	588-591	qui	
2-21	592-594	en	
2-22	595-602	de-uoie	
2-23	603-605	en	
2-24	606-611	faire	
2-25	612-614	la	
2-26	615-623	premiere	
2-27	624-631	entrée	
2-28	631-632	,	
2-29	633-634	l	
2-30	634-635	’	
2-31	635-637	on	
2-32	638-645	croyoir	
2-33	646-650	voir	
2-34	651-657	ouurir	
2-35	658-660	la	
2-36	661-666	terre	
2-37	667-668	&	
2-38	669-678	paroiſtre	
2-39	679-682	des	
2-40	683-689	Enfers	
2-41	690-694	auec	
2-42	695-701	toutes	
2-43	702-707	leurs	
2-44	708-716	horreurs	
2-45	717-718	&	
2-46	719-724	leurs	
2-47	725-731	formes	
2-48	732-740	hideuſes	
2-49	740-741	:	
2-50	742-746	mais	
2-51	747-751	dans	
2-52	752-754	ce	
2-53	755-760	balet	
2-54	761-763	il	
2-55	764-765	n	
2-56	765-766	’	
2-57	766-767	v	
2-58	768-769	a	
2-59	770-775	point	
2-60	776-778	de	
2-61	779-788	coupables	
2-62	788-789	,	
2-63	790-794	tous	
2-64	795-799	ſont	
2-65	800-804	gens	
2-66	805-807	de	
2-67	808-812	bien	
2-68	812-813	,	
2-69	814-818	Dieu	
2-70	819-821	me	
2-71	822-830	pardonne	
2-72	831-833	ſi	
2-73	834-836	ie	
2-74	837-842	ments	
2-75	842-843	;	
2-76	844-849	ainſi	
2-77	850-853	ces	
2-78	854-859	omres	
2-79	860-863	que	
2-80	864-868	vous	
2-81	869-874	allez	
2-82	875-879	voir	
2-83	880-882	ne	
2-84	883-887	ſont	
2-85	888-891	pas	
2-86	892-900	criminel	
2-87	901-904	les	
2-88	905-906	&	
2-89	906-909	pat	
2-90	910-915	conſe	
2-91	916-921	quent	
2-92	922-924	ne	
2-93	925-932	paroiſe	
2-94	933-935	en	
2-95	936-941	point	
2-96	942-947	parmy	
2-97	948-951	les	
2-98	952-961	ſupplices	
2-99	962-965	des	
2-100	966-972	Enfers	
2-101	972-973	,	
2-102	974-978	mais	
2-103	979-984	parmy	
2-104	985-988	les	
2-105	989-996	delices	
2-106	997-1000	des	
2-107	1001-1007	Champs	
2-108	1008-1016	Eliſé́es	
2-109	1016-1017	:	
2-110	1018-1020	Et	
2-111	1021-1023	au	
2-112	1024-1028	lieu	
2-113	1029-1031	de	
2-114	1032-1040	ſpectres	
2-115	1040-1041	,	
2-116	1042-1044	de	
2-117	1045-1052	figures	
2-118	1053-1061	hideuſes	
2-119	1062-1063	&	
2-120	1064-1066	de	
2-121	1067-1075	monſtres	
2-122	1075-1076	,	
2-123	1077-1078	l	
2-124	1078-1079	’	
2-125	1079-1081	on	
2-126	1082-1084	ne	
2-127	1085-1089	voit	
2-128	1090-1093	que	
2-129	1094-1097	des	
2-130	1098-1104	arbres	
2-131	1105-1112	chargez	
2-132	1113-1115	de	
2-133	1116-1122	toutes	
2-134	1123-1129	ſortes	
2-135	1130-1132	de	
2-136	1133-1140	fruicts	
2-137	1141-1149	inconnus	
2-138	1150-1152	au	
2-139	1153-1158	gouſt	
2-140	1159-1162	des	
2-141	1163-1169	viuans	
2-142	1169-1170	,	
2-143	1171-1173	et	
2-144	1174-1176	au	
2-145	1177-1181	lieu	
2-146	1182-1184	de	
2-147	1185-1192	fumées	
2-148	1193-1199	noires	
2-149	1199-1200	,	
2-150	1201-1209	eſpauſes	
2-151	1209-1210	,	
2-152	1211-1219	infectes	
2-153	1219-1220	,	
2-154	1221-1228	puantes	
2-155	1229-1230	&	
2-156	1231-1241	importunes	
2-157	1241-1242	,	
2-158	1243-1248	comme	
2-159	1249-1251	il	
2-160	1252-1254	en	
2-161	1255-1260	exale	
2-162	1261-1264	des	
2-163	1265-1271	Enfers	
2-164	1271-1272	,	
2-165	1273-1274	l	
2-166	1274-1275	’	
2-167	1275-1277	on	
2-168	1278-1281	vis	
2-169	1282-1288	ſortir	
2-170	1289-1292	vne	
2-171	1293-1298	fumé	
2-172	1299-1304	douce	
2-173	1305-1306	&	
2-174	1307-1315	agreable	
2-175	1316-1318	de	
2-176	1319-1325	tontes	
2-177	1326-1332	ſorres	
2-178	1333-1334	d	
2-179	1334-1335	’	
2-180	1335-1341	odeurs	
2-181	1342-1343	&	
2-182	1344-1345	d	
2-183	1345-1346	’	
2-184	1346-1349	vne	
2-185	1350-1360	confection	
2-186	1361-1371	aromatique	
2-187	1372-1382	meſlangée	
2-188	1383-1385	de	
2-189	1386-1390	tous	
2-190	1391-1394	les	
2-191	1395-1402	parfums	
2-192	1403-1405	qu	
2-193	1405-1406	’	
2-194	1406-1408	on	
2-195	1409-1413	nous	
2-196	1414-1421	apporte	
2-197	1422-1423	d	
2-198	1423-1424	’	
2-199	1424-1430	Italie	
2-200	1430-1431	,	
2-201	1432-1433	&	
2-202	1434-1436	de	
2-203	1437-1442	delà	
2-204	1443-1446	les	
2-205	1447-1452	monts	
2-206	1453-1454	&	
2-207	1455-1458	les	
2-208	1459-1463	mers	
2-209	1463-1464	.	

#Text=Cette premiere fuḿe odoriferante reſiouyt toute l’aſſemblée, aaſſi faut-il quie ie vous aduoué quelle eſtoit compoſee de perſonnes qui ont de tres-bons nez, il y en auoit quantité de gros & grans vilains qui fleuroient de bien loing, & de petits chiens de nez qui iugent bien de la difference des vents, chacun en eſtoit ſatisfait, & il n’y eut pas meme iuſqu’au nez camus du Gazetier qui met ſon nez partout qui ne s’eſtendit & n’eſleuaſt ſes narines pour fleurer ces parfums de l’autre monde capables d’embauſmer l’air le plus infecté & de contenter les nez les plus difficiles en ſenteurs.
3-1	1465-1470	Cette	
3-2	1471-1479	premiere	
3-3	1480-1485	fuḿe	
3-4	1486-1498	odoriferante	
3-5	1499-1507	reſiouyt	
3-6	1508-1513	toute	
3-7	1514-1515	l	
3-8	1515-1516	’	
3-9	1516-1526	aſſemblée	
3-10	1526-1527	,	
3-11	1528-1533	aaſſi	
3-12	1534-1541	faut-il	
3-13	1542-1546	quie	
3-14	1547-1549	ie	
3-15	1550-1554	vous	
3-16	1555-1562	aduoué	
3-17	1563-1569	quelle	
3-18	1570-1576	eſtoit	
3-19	1577-1585	compoſee	
3-20	1586-1588	de	
3-21	1589-1598	perſonnes	
3-22	1599-1602	qui	
3-23	1603-1606	ont	
3-24	1607-1609	de	
3-25	1610-1619	tres-bons	
3-26	1620-1623	nez	
3-27	1623-1624	,	
3-28	1625-1627	il	
3-29	1628-1629	y	
3-30	1630-1632	en	
3-31	1633-1638	auoit	
3-32	1639-1648	quantité	
3-33	1649-1651	de	
3-34	1652-1656	gros	
3-35	1657-1658	&	
3-36	1659-1664	grans	
3-37	1665-1672	vilains	
3-38	1673-1676	qui	
3-39	1677-1687	fleuroient	
3-40	1688-1690	de	
3-41	1691-1695	bien	
3-42	1696-1701	loing	
3-43	1701-1702	,	
3-44	1703-1704	&	
3-45	1705-1707	de	
3-46	1708-1714	petits	
3-47	1715-1721	chiens	
3-48	1722-1724	de	
3-49	1725-1728	nez	
3-50	1729-1732	qui	
3-51	1733-1739	iugent	
3-52	1740-1744	bien	
3-53	1745-1747	de	
3-54	1748-1750	la	
3-55	1751-1761	difference	
3-56	1762-1765	des	
3-57	1766-1771	vents	
3-58	1771-1772	,	
3-59	1773-1779	chacun	
3-60	1780-1782	en	
3-61	1783-1789	eſtoit	
3-62	1790-1799	ſatisfait	
3-63	1799-1800	,	
3-64	1801-1802	&	
3-65	1803-1805	il	
3-66	1806-1807	n	
3-67	1807-1808	’	
3-68	1808-1809	y	
3-69	1810-1813	eut	
3-70	1814-1817	pas	
3-71	1818-1822	meme	
3-72	1823-1828	iuſqu	
3-73	1828-1829	’	
3-74	1829-1831	au	
3-75	1832-1835	nez	
3-76	1836-1841	camus	
3-77	1842-1844	du	
3-78	1845-1853	Gazetier	
3-79	1854-1857	qui	
3-80	1858-1861	met	
3-81	1862-1865	ſon	
3-82	1866-1869	nez	
3-83	1870-1877	partout	
3-84	1878-1881	qui	
3-85	1882-1884	ne	
3-86	1885-1886	s	
3-87	1886-1887	’	
3-88	1887-1895	eſtendit	
3-89	1896-1897	&	
3-90	1898-1899	n	
3-91	1899-1900	’	
3-92	1900-1908	eſleuaſt	
3-93	1909-1912	ſes	
3-94	1913-1920	narines	
3-95	1921-1925	pour	
3-96	1926-1933	fleurer	
3-97	1934-1937	ces	
3-98	1938-1945	parfums	
3-99	1946-1948	de	
3-100	1949-1950	l	
3-101	1950-1951	’	
3-102	1951-1956	autre	
3-103	1957-1962	monde	
3-104	1963-1971	capables	
3-105	1972-1973	d	
3-106	1973-1974	’	
3-107	1974-1983	embauſmer	
3-108	1984-1985	l	
3-109	1985-1986	’	
3-110	1986-1989	air	
3-111	1990-1992	le	
3-112	1993-1997	plus	
3-113	1998-2006	infecté	
3-114	2007-2008	&	
3-115	2009-2011	de	
3-116	2012-2021	contenter	
3-117	2022-2025	les	
3-118	2026-2029	nez	
3-119	2030-2033	les	
3-120	2034-2038	plus	
3-121	2039-2049	difficiles	
3-122	2050-2052	en	
3-123	2053-2061	ſenteurs	
3-124	2061-2062	.	

#Text=CEtte fumee eſtant diſſipee & humee auidement & agreablément par tous les nez de l’aſſemblee, l’on vit par eſtre des arbres qui formoient vn grand rond & vne place vuide au milieu, preſque comme ce lle de l’Echo du Iardin des Thuilleries, & alors l’on vit ſaillir tout d’vn coup deux ombres ſans auoir veu d’où elles venoient; mais ſans doute elles ſortoient de deſſous le Theatre à l’improuiſte comme elles y rentrerent de meſme apres auoir accomply leur perſonnage.
4-1	2064-2069	CEtte	
4-2	2070-2075	fumee	
4-3	2076-2082	eſtant	
4-4	2083-2091	diſſipee	
4-5	2092-2093	&	
4-6	2094-2099	humee	
4-7	2100-2109	auidement	
4-8	2110-2111	&	
4-9	2112-2125	agreablément	
4-10	2126-2129	par	
4-11	2130-2134	tous	
4-12	2135-2138	les	
4-13	2139-2142	nez	
4-14	2143-2145	de	
4-15	2146-2147	l	
4-16	2147-2148	’	
4-17	2148-2157	aſſemblee	
4-18	2157-2158	,	
4-19	2159-2160	l	
4-20	2160-2161	’	
4-21	2161-2163	on	
4-22	2164-2167	vit	
4-23	2168-2171	par	
4-24	2172-2177	eſtre	
4-25	2178-2181	des	
4-26	2182-2188	arbres	
4-27	2189-2192	qui	
4-28	2193-2202	formoient	
4-29	2203-2205	vn	
4-30	2206-2211	grand	
4-31	2212-2216	rond	
4-32	2217-2218	&	
4-33	2219-2222	vne	
4-34	2223-2228	place	
4-35	2229-2234	vuide	
4-36	2235-2237	au	
4-37	2238-2244	milieu	
4-38	2244-2245	,	
4-39	2246-2253	preſque	
4-40	2254-2259	comme	
4-41	2260-2262	ce	
4-42	2263-2266	lle	
4-43	2267-2269	de	
4-44	2270-2271	l	
4-45	2271-2272	’	
4-46	2272-2276	Echo	
4-47	2277-2279	du	
4-48	2280-2286	Iardin	
4-49	2287-2290	des	
4-50	2291-2302	Thuilleries	
4-51	2302-2303	,	
4-52	2304-2305	&	
4-53	2306-2311	alors	
4-54	2312-2313	l	
4-55	2313-2314	’	
4-56	2314-2316	on	
4-57	2317-2320	vit	
4-58	2321-2328	ſaillir	
4-59	2329-2333	tout	
4-60	2334-2335	d	
4-61	2335-2336	’	
4-62	2336-2338	vn	
4-63	2339-2343	coup	
4-64	2344-2348	deux	
4-65	2349-2355	ombres	
4-66	2356-2360	ſans	
4-67	2361-2366	auoir	
4-68	2367-2370	veu	
4-69	2371-2372	d	
4-70	2372-2373	’	
4-71	2373-2376	où	
4-72	2377-2382	elles	
4-73	2383-2391	venoient	
4-74	2391-2392	;	
4-75	2393-2397	mais	
4-76	2398-2402	ſans	
4-77	2403-2408	doute	
4-78	2409-2414	elles	
4-79	2415-2424	ſortoient	
4-80	2425-2427	de	
4-81	2428-2435	deſſous	
4-82	2436-2438	le	
4-83	2439-2446	Theatre	
4-84	2447-2449	à	
4-85	2450-2451	l	
4-86	2451-2452	’	
4-87	2452-2462	improuiſte	
4-88	2463-2468	comme	
4-89	2469-2474	elles	
4-90	2475-2476	y	
4-91	2477-2487	rentrerent	
4-92	2488-2490	de	
4-93	2491-2496	meſme	
4-94	2497-2502	apres	
4-95	2503-2508	auoir	
4-96	2509-2517	accomply	
4-97	2518-2522	leur	
4-98	2523-2533	perſonnage	
4-99	2533-2534	.	

#Text=La premiere, eſtoir l’ombre du Sauoyart, aueugle, fameux chantre du Pont-neuf, lequel eſtant mort il y a quelque mois, auoit porté des nouuelles à l’autre monde, & chanté de ſes beux airs de ſa Cour, & de ſon Empire ſous le cheual de Br̃ze, & ſur tout des nouueaux faits en l’honneur & a la louangede Mazarin, rant de ſa faç̧on que de celle des plus habiles Muſiciens du temps.
5-1	2535-2537	La	
5-2	2538-2546	premiere	
5-3	2546-2547	,	
5-4	2548-2554	eſtoir	
5-5	2555-2556	l	
5-6	2556-2557	’	
5-7	2557-2562	ombre	
5-8	2563-2565	du	
5-9	2566-2574	Sauoyart	
5-10	2574-2575	,	
5-11	2576-2583	aueugle	
5-12	2583-2584	,	
5-13	2585-2591	fameux	
5-14	2592-2599	chantre	
5-15	2600-2602	du	
5-16	2603-2612	Pont-neuf	
5-17	2612-2613	,	
5-18	2614-2620	lequel	
5-19	2621-2627	eſtant	
5-20	2628-2632	mort	
5-21	2633-2635	il	
5-22	2636-2637	y	
5-23	2638-2639	a	
5-24	2640-2647	quelque	
5-25	2648-2652	mois	
5-26	2652-2653	,	
5-27	2654-2659	auoit	
5-28	2660-2666	porté	
5-29	2667-2670	des	
5-30	2671-2680	nouuelles	
5-31	2681-2683	à	
5-32	2684-2685	l	
5-33	2685-2686	’	
5-34	2686-2691	autre	
5-35	2692-2697	monde	
5-36	2697-2698	,	
5-37	2699-2700	&	
5-38	2701-2708	chanté	
5-39	2709-2711	de	
5-40	2712-2715	ſes	
5-41	2716-2720	beux	
5-42	2721-2725	airs	
5-43	2726-2728	de	
5-44	2729-2731	ſa	
5-45	2732-2736	Cour	
5-46	2736-2737	,	
5-47	2738-2739	&	
5-48	2740-2742	de	
5-49	2743-2746	ſon	
5-50	2747-2753	Empire	
5-51	2754-2758	ſous	
5-52	2759-2761	le	
5-53	2762-2768	cheual	
5-54	2769-2771	de	
5-55	2772-2777	Br̃ze	
5-56	2777-2778	,	
5-57	2779-2780	&	
5-58	2781-2784	ſur	
5-59	2785-2789	tout	
5-60	2790-2793	des	
5-61	2794-2802	nouueaux	
5-62	2803-2808	faits	
5-63	2809-2811	en	
5-64	2812-2813	l	
5-65	2813-2814	’	
5-66	2814-2821	honneur	
5-67	2822-2823	&	
5-68	2824-2825	a	
5-69	2826-2828	la	
5-70	2829-2838	louangede	
5-71	2839-2846	Mazarin	
5-72	2846-2847	,	
5-73	2848-2852	rant	
5-74	2853-2855	de	
5-75	2856-2858	ſa	
5-76	2859-2865	faç̧on	
5-77	2866-2869	que	
5-78	2870-2872	de	
5-79	2873-2878	celle	
5-80	2879-2882	des	
5-81	2883-2887	plus	
5-82	2888-2895	habiles	
5-83	2896-2905	Muſiciens	
5-84	2906-2908	du	
5-85	2909-2914	temps	
5-86	2914-2915	.	
