#FORMAT=WebAnno TSV 3.3


#Text=Zie
#Text=Uitgezogte Verhandelingen.
1-1	0-3	Zie	
1-2	4-14	Uitgezogte	
1-3	15-29	Verhandelingen	
1-4	29-30	.	

#Text=N O Z E M A N , over de Zeekat, de Wulk, en eenige Visschen.
2-1	31-32	N	
2-2	33-34	O	
2-3	35-36	Z	
2-4	37-38	E	
2-5	39-40	M	
2-6	41-42	A	
2-7	43-44	N	
2-8	45-46	,	
2-9	47-51	over	
2-10	52-54	de	
2-11	55-61	Zeekat	
2-12	61-62	,	
2-13	63-65	de	
2-14	66-70	Wulk	
2-15	70-71	,	
2-16	72-74	en	
2-17	75-81	eenige	
2-18	82-90	Visschen	
2-19	90-91	.	

#Text=En G R O N O V I U S , lyst der Visschen van Nederland, enz.
3-1	93-95	En	
3-2	96-97	G	
3-3	98-99	R	
3-4	100-101	O	
3-5	102-103	N	
3-6	104-105	O	
3-7	106-107	V	
3-8	108-109	I	
3-9	110-111	U	
3-10	112-113	S	
3-11	114-115	,	
3-12	116-120	lyst	
3-13	121-124	der	
3-14	125-133	Visschen	
3-15	134-137	van	
3-16	138-147	Nederland	
3-17	147-148	,	
3-18	149-152	enz	
3-19	152-153	.	

#Text=J. le Francq van Berkhey, Natuurlyke historie van Holland.
4-1	155-156	J	
4-2	156-157	.	
4-3	158-160	le	
4-4	161-167	Francq	
4-5	168-171	van	
4-6	172-179	Berkhey	
4-7	179-180	,	
4-8	181-191	Natuurlyke	
4-9	192-200	historie	
4-10	201-204	van	
4-11	205-212	Holland	
4-12	212-213	.	

#Text=Eerste deel
#Text=
#Text=\f
#Text=3
#Text=+
#Text=
#Text=de op de waarneemingen die de beroemde in S E B A , op zyne kosten, door den
#Text=schranderen
#Text=A R T E D I U S , wegens de Visschen, ter uitvoer bragt.
5-1	214-220	Eerste	
5-2	221-225	deel	
5-3	229-230	3	
5-4	231-232	+	
5-5	234-236	de	
5-6	237-239	op	
5-7	240-242	de	
5-8	243-256	waarneemingen	
5-9	257-260	die	
5-10	261-263	de	
5-11	264-272	beroemde	
5-12	273-275	in	
5-13	276-277	S	
5-14	278-279	E	
5-15	280-281	B	
5-16	282-283	A	
5-17	284-285	,	
5-18	286-288	op	
5-19	289-293	zyne	
5-20	294-300	kosten	
5-21	300-301	,	
5-22	302-306	door	
5-23	307-310	den	
5-24	311-322	schranderen	
5-25	323-324	A	
5-26	325-326	R	
5-27	327-328	T	
5-28	329-330	E	
5-29	331-332	D	
5-30	333-334	I	
5-31	335-336	U	
5-32	337-338	S	
5-33	339-340	,	
5-34	341-347	wegens	
5-35	348-350	de	
5-36	351-359	Visschen	
5-37	359-360	,	
5-38	361-364	ter	
5-39	365-372	uitvoer	
5-40	373-378	bragt	
5-41	378-379	.	

#Text=Om nu niet te +INLEIDING.
6-1	380-382	Om	
6-2	383-385	nu	
6-3	386-390	niet	
6-4	391-393	te	
6-5	394-395	+	
6-6	395-404	INLEIDING	
6-7	404-405	.	

#Text=spreeken van 't geen de geleerde waereld
#Text=, aan den edelmoedigen Heer G E O R G E
#Text=C L I F F O R D , verschuldigd is;
#Text=als hebbende die Heer de vonken van het doorluchtig
#Text=vernuft des Heeren L I N N A E U S dermaate edelmoedig in ons Vaderland
#Text=aangekoesterd, dat dezelve thans zoo luisterryk de Natuurkunde verlichten.
7-1	407-415	spreeken	
7-2	416-419	van	
7-3	420-421	'	
7-4	421-422	t	
7-5	423-427	geen	
7-6	428-430	de	
7-7	431-439	geleerde	
7-8	440-447	waereld	
7-9	448-449	,	
7-10	450-453	aan	
7-11	454-457	den	
7-12	458-470	edelmoedigen	
7-13	471-475	Heer	
7-14	476-477	G	
7-15	478-479	E	
7-16	480-481	O	
7-17	482-483	R	
7-18	484-485	G	
7-19	486-487	E	
7-20	488-489	C	
7-21	490-491	L	
7-22	492-493	I	
7-23	494-495	F	
7-24	496-497	F	
7-25	498-499	O	
7-26	500-501	R	
7-27	502-503	D	
7-28	504-505	,	
7-29	506-518	verschuldigd	
7-30	519-521	is	
7-31	521-522	;	
7-32	523-526	als	
7-33	527-535	hebbende	
7-34	536-539	die	
7-35	540-544	Heer	
7-36	545-547	de	
7-37	548-554	vonken	
7-38	555-558	van	
7-39	559-562	het	
7-40	563-574	doorluchtig	
7-41	575-582	vernuft	
7-42	583-586	des	
7-43	587-593	Heeren	
7-44	594-595	L	
7-45	596-597	I	
7-46	598-599	N	
7-47	600-601	N	
7-48	602-603	A	
7-49	604-605	E	
7-50	606-607	U	
7-51	608-609	S	
7-52	610-618	dermaate	
7-53	619-629	edelmoedig	
7-54	630-632	in	
7-55	633-636	ons	
7-56	637-646	Vaderland	
7-57	647-660	aangekoesterd	
7-58	660-661	,	
7-59	662-665	dat	
7-60	666-673	dezelve	
7-61	674-679	thans	
7-62	680-683	zoo	
7-63	684-694	luisterryk	
7-64	695-697	de	
7-65	698-709	Natuurkunde	
7-66	710-720	verlichten	
7-67	720-721	.	

#Text=Veele
#Text=anderen zyn 'er wederom die geen acht geeven, om gebruik te maaken van het
#Text=voorregt van ons Land, om zoo veele zeldzaamheden te kunnen bekomen
#Text=, door
#Text=onzen uitgebreiden koophandel, die andere landen van Europa missen, en derhalven
#Text=
#Text=onder de oogen der grootste uitlandsche kenmerkschryvers niet komen, dan, na
#Text=dat zy hier te lande geweest
#Text=zyn.
8-1	722-727	Veele	
8-2	728-735	anderen	
8-3	736-739	zyn	
8-4	740-741	'	
8-5	741-743	er	
8-6	744-751	wederom	
8-7	752-755	die	
8-8	756-760	geen	
8-9	761-765	acht	
8-10	766-772	geeven	
8-11	772-773	,	
8-12	774-776	om	
8-13	777-784	gebruik	
8-14	785-787	te	
8-15	788-794	maaken	
8-16	795-798	van	
8-17	799-802	het	
8-18	803-811	voorregt	
8-19	812-815	van	
8-20	816-819	ons	
8-21	820-824	Land	
8-22	824-825	,	
8-23	826-828	om	
8-24	829-832	zoo	
8-25	833-838	veele	
8-26	839-852	zeldzaamheden	
8-27	853-855	te	
8-28	856-862	kunnen	
8-29	863-870	bekomen	
8-30	871-872	,	
8-31	873-877	door	
8-32	878-883	onzen	
8-33	884-896	uitgebreiden	
8-34	897-907	koophandel	
8-35	907-908	,	
8-36	909-912	die	
8-37	913-919	andere	
8-38	920-926	landen	
8-39	927-930	van	
8-40	931-937	Europa	
8-41	938-944	missen	
8-42	944-945	,	
8-43	946-948	en	
8-44	949-958	derhalven	
8-45	960-965	onder	
8-46	966-968	de	
8-47	969-974	oogen	
8-48	975-978	der	
8-49	979-987	grootste	
8-50	988-999	uitlandsche	
8-51	1000-1016	kenmerkschryvers	
8-52	1017-1021	niet	
8-53	1022-1027	komen	
8-54	1027-1028	,	
8-55	1029-1032	dan	
8-56	1032-1033	,	
8-57	1034-1036	na	
8-58	1037-1040	dat	
8-59	1041-1043	zy	
8-60	1044-1048	hier	
8-61	1049-1051	te	
8-62	1052-1057	lande	
8-63	1058-1065	geweest	
8-64	1066-1069	zyn	
8-65	1069-1070	.	

#Text=Uit welken hoofde dan ons Land ook de eere
#Text=toekomt, dat de grootste kenmerkschryvers, als de Heer L I N N A E U S en A R T E D I U S ,
#Text=door behulp van de voornoemde lofwaardige Mecenaaten, hier te Lande den palm
#Text=hunner glorie geplukt hebben.
9-1	1071-1074	Uit	
9-2	1075-1081	welken	
9-3	1082-1088	hoofde	
9-4	1089-1092	dan	
9-5	1093-1096	ons	
9-6	1097-1101	Land	
9-7	1102-1105	ook	
9-8	1106-1108	de	
9-9	1109-1113	eere	
9-10	1114-1121	toekomt	
9-11	1121-1122	,	
9-12	1123-1126	dat	
9-13	1127-1129	de	
9-14	1130-1138	grootste	
9-15	1139-1155	kenmerkschryvers	
9-16	1155-1156	,	
9-17	1157-1160	als	
9-18	1161-1163	de	
9-19	1164-1168	Heer	
9-20	1169-1170	L	
9-21	1171-1172	I	
9-22	1173-1174	N	
9-23	1175-1176	N	
9-24	1177-1178	A	
9-25	1179-1180	E	
9-26	1181-1182	U	
9-27	1183-1184	S	
9-28	1185-1187	en	
9-29	1188-1189	A	
9-30	1190-1191	R	
9-31	1192-1193	T	
9-32	1194-1195	E	
9-33	1196-1197	D	
9-34	1198-1199	I	
9-35	1200-1201	U	
9-36	1202-1203	S	
9-37	1204-1205	,	
9-38	1206-1210	door	
9-39	1211-1217	behulp	
9-40	1218-1221	van	
9-41	1222-1224	de	
9-42	1225-1235	voornoemde	
9-43	1236-1247	lofwaardige	
9-44	1248-1258	Mecenaaten	
9-45	1258-1259	,	
9-46	1260-1264	hier	
9-47	1265-1267	te	
9-48	1268-1273	Lande	
9-49	1274-1277	den	
9-50	1278-1282	palm	
9-51	1283-1289	hunner	
9-52	1290-1296	glorie	
9-53	1297-1304	geplukt	
9-54	1305-1311	hebben	
9-55	1311-1312	.	

#Text=Maar gelyk de zugt tot het zeldzaame, het gemeene, dog niet min
#Text=beschouwenswaardige, dikwils doet vergeeten;
#Text=zoo heeft die zelfde zugt ook de
#Text=liefhebbers meerder gaande gehouden, met het kennen en verzamelen van het
#Text=veele en het raare, en met het leeren van kentekens en naamlysten, dan met het
#Text=opspeuren van
#Text=
#Text=J. le Francq van Berkhey, Natuurlyke historie van Holland.
10-1	1315-1319	Maar	
10-2	1320-1325	gelyk	
10-3	1326-1328	de	
10-4	1329-1333	zugt	
10-5	1334-1337	tot	
10-6	1338-1341	het	
10-7	1342-1351	zeldzaame	
10-8	1351-1352	,	
10-9	1353-1356	het	
10-10	1357-1364	gemeene	
10-11	1364-1365	,	
10-12	1366-1369	dog	
10-13	1370-1374	niet	
10-14	1375-1378	min	
10-15	1379-1398	beschouwenswaardige	
10-16	1398-1399	,	
10-17	1400-1407	dikwils	
10-18	1408-1412	doet	
10-19	1413-1422	vergeeten	
10-20	1422-1423	;	
10-21	1424-1427	zoo	
10-22	1428-1433	heeft	
10-23	1434-1437	die	
10-24	1438-1444	zelfde	
10-25	1445-1449	zugt	
10-26	1450-1453	ook	
10-27	1454-1456	de	
10-28	1457-1468	liefhebbers	
10-29	1469-1476	meerder	
10-30	1477-1483	gaande	
10-31	1484-1492	gehouden	
10-32	1492-1493	,	
10-33	1494-1497	met	
10-34	1498-1501	het	
10-35	1502-1508	kennen	
10-36	1509-1511	en	
10-37	1512-1522	verzamelen	
10-38	1523-1526	van	
10-39	1527-1530	het	
10-40	1531-1536	veele	
10-41	1537-1539	en	
10-42	1540-1543	het	
10-43	1544-1549	raare	
10-44	1549-1550	,	
10-45	1551-1553	en	
10-46	1554-1557	met	
10-47	1558-1561	het	
10-48	1562-1568	leeren	
10-49	1569-1572	van	
10-50	1573-1582	kentekens	
10-51	1583-1585	en	
10-52	1586-1596	naamlysten	
10-53	1596-1597	,	
10-54	1598-1601	dan	
10-55	1602-1605	met	
10-56	1606-1609	het	
10-57	1610-1619	opspeuren	
10-58	1620-1623	van	
10-59	1625-1626	J	
10-60	1626-1627	.	
10-61	1628-1630	le	
10-62	1631-1637	Francq	
10-63	1638-1641	van	
10-64	1642-1649	Berkhey	
10-65	1649-1650	,	
10-66	1651-1661	Natuurlyke	
10-67	1662-1670	historie	
10-68	1671-1674	van	
10-69	1675-1682	Holland	
10-70	1682-1683	.	

#Text=Eerste deel
11-1	1684-1690	Eerste	
11-2	1691-1695	deel	
