#FORMAT=WebAnno TSV 3.3


#Text=Ook gebruikten zij toen nu en dan een kop thee en een weinig rum, en bereidden hunne spijzen met mostaard toe, die hun daardoor ook beter smaakten.
1-1	2-5	Ook	
1-2	6-16	gebruikten	
1-3	17-20	zij	
1-4	21-25	toen	
1-5	26-28	nu	
1-6	29-31	en	
1-7	32-35	dan	
1-8	36-39	een	
1-9	40-43	kop	
1-10	44-48	thee	
1-11	49-51	en	
1-12	52-55	een	
1-13	56-62	weinig	
1-14	63-66	rum	
1-15	66-67	,	
1-16	68-70	en	
1-17	71-80	bereidden	
1-18	81-86	hunne	
1-19	87-94	spijzen	
1-20	95-98	met	
1-21	99-107	mostaard	
1-22	108-111	toe	
1-23	111-112	,	
1-24	113-116	die	
1-25	117-120	hun	
1-26	121-129	daardoor	
1-27	130-133	ook	
1-28	134-139	beter	
1-29	140-148	smaakten	
1-30	148-149	.	

#Text=Intusschen nam de koude nog gedurig toe, zoodat geene van hen zich buiten noodzakelijkheid in de opene lucht durfde wagen, en daarbij heerschte er gedurig zulk eene dikke mist, dat men op eenen geringen afstand niets onderscheiden kon.
2-1	153-163	Intusschen	
2-2	164-167	nam	
2-3	168-170	de	
2-4	171-176	koude	
2-5	177-180	nog	
2-6	181-188	gedurig	
2-7	189-192	toe	
2-8	192-193	,	
2-9	194-200	zoodat	
2-10	201-206	geene	
2-11	207-210	van	
2-12	211-214	hen	
2-13	215-219	zich	
2-14	220-226	buiten	
2-15	227-243	noodzakelijkheid	
2-16	244-246	in	
2-17	247-249	de	
2-18	250-255	opene	
2-19	256-261	lucht	
2-20	262-268	durfde	
2-21	269-274	wagen	
2-22	274-275	,	
2-23	276-278	en	
2-24	279-286	daarbij	
2-25	287-296	heerschte	
2-26	297-299	er	
2-27	300-307	gedurig	
2-28	308-312	zulk	
2-29	313-317	eene	
2-30	318-323	dikke	
2-31	324-328	mist	
2-32	328-329	,	
2-33	330-333	dat	
2-34	334-337	men	
2-35	338-340	op	
2-36	341-346	eenen	
2-37	347-355	geringen	
2-38	356-363	afstand	
2-39	364-369	niets	
2-40	370-383	onderscheiden	
2-41	384-387	kon	
2-42	387-388	.	

#Text=Ook viel er van tijd tot tijd zoo veel sneeuw, dat zij veel moeite hadden, om hun hout daaronder weg te halen.
3-1	390-393	Ook	
3-2	394-398	viel	
3-3	399-401	er	
3-4	402-405	van	
3-5	406-410	tijd	
3-6	411-414	tot	
3-7	415-419	tijd	
3-8	420-423	zoo	
3-9	424-428	veel	
3-10	429-435	sneeuw	
3-11	435-436	,	
3-12	437-440	dat	
3-13	441-444	zij	
3-14	445-449	veel	
3-15	450-456	moeite	
3-16	457-463	hadden	
3-17	463-464	,	
3-18	465-467	om	
3-19	468-471	hun	
3-20	472-476	hout	
3-21	477-486	daaronder	
3-22	487-490	weg	
3-23	491-493	te	
3-24	494-499	halen	
3-25	499-500	.	

#Text=Hunne woning was gedeeltelijk onder de sneeuw begraven, maar daardoor hadden zij ook het genoegen, dat zij in huis minder van de ontzettende koude te lijden hadden, en meer veilig voor de aanvallen der beeren waren.
4-1	501-506	Hunne	
4-2	507-513	woning	
4-3	514-517	was	
4-4	518-530	gedeeltelijk	
4-5	531-536	onder	
4-6	537-539	de	
4-7	540-546	sneeuw	
4-8	547-555	begraven	
4-9	555-556	,	
4-10	557-561	maar	
4-11	562-570	daardoor	
4-12	571-577	hadden	
4-13	578-581	zij	
4-14	582-585	ook	
4-15	586-589	het	
4-16	590-598	genoegen	
4-17	598-599	,	
4-18	600-603	dat	
4-19	604-607	zij	
4-20	608-610	in	
4-21	611-615	huis	
4-22	616-622	minder	
4-23	623-626	van	
4-24	627-629	de	
4-25	630-641	ontzettende	
4-26	642-647	koude	
4-27	648-650	te	
4-28	651-657	lijden	
4-29	658-664	hadden	
4-30	664-665	,	
4-31	666-668	en	
4-32	669-673	meer	
4-33	674-680	veilig	
4-34	681-685	voor	
4-35	686-688	de	
4-36	689-698	aanvallen	
4-37	699-702	der	
4-38	703-709	beeren	
4-39	710-715	waren	
4-40	715-716	.	

#Text=N 45.
5-1	719-720	N	
5-2	721-723	45	
5-3	723-724	.	

#Text=Het noorderlicht.
6-1	727-730	Het	
6-2	731-743	noorderlicht	
6-3	743-744	.	

#Text=De drie vrienden maakten van de aldaar gevonden levensmiddelen een dankbaar en matig gebruik, terwijl zij altijd iets bespaarden voor onvoorziene toevallen.
7-1	748-750	De	
7-2	751-755	drie	
7-3	756-764	vrienden	
7-4	765-772	maakten	
7-5	773-776	van	
7-6	777-779	de	
7-7	780-786	aldaar	
7-8	787-795	gevonden	
7-9	796-810	levensmiddelen	
7-10	811-814	een	
7-11	815-823	dankbaar	
7-12	824-826	en	
7-13	827-832	matig	
7-14	833-840	gebruik	
7-15	840-841	,	
7-16	842-849	terwijl	
7-17	850-853	zij	
7-18	854-860	altijd	
7-19	861-865	iets	
7-20	866-876	bespaarden	
7-21	877-881	voor	
7-22	882-893	onvoorziene	
7-23	894-903	toevallen	
7-24	903-904	.	

#Text=Niet alleen werden zij door de groote koude verhinderd om de buitenlucht te genieten, maar eene dikke mist beletede hen de voorwerpen op eenen geringen afstand te kunnen onderscheiden.
8-1	909-913	Niet	
8-2	914-920	alleen	
8-3	921-927	werden	
8-4	928-931	zij	
8-5	932-936	door	
8-6	937-939	de	
8-7	940-946	groote	
8-8	947-952	koude	
8-9	953-963	verhinderd	
8-10	964-966	om	
8-11	967-969	de	
8-12	970-981	buitenlucht	
8-13	982-984	te	
8-14	985-993	genieten	
8-15	993-994	,	
8-16	995-999	maar	
8-17	1000-1004	eene	
8-18	1005-1010	dikke	
8-19	1011-1015	mist	
8-20	1016-1024	beletede	
8-21	1025-1028	hen	
8-22	1029-1031	de	
8-23	1032-1042	voorwerpen	
8-24	1043-1045	op	
8-25	1046-1051	eenen	
8-26	1052-1060	geringen	
8-27	1061-1068	afstand	
8-28	1069-1071	te	
8-29	1072-1078	kunnen	
8-30	1079-1092	onderscheiden	
8-31	1092-1093	.	

#Text=Zij waren dus in hunne woning als in eene gevangenis opgesloten, dat hen dikwijls zeer verdrietig maakte.
9-1	1094-1097	Zij	
9-2	1098-1103	waren	
9-3	1104-1107	dus	
9-4	1108-1110	in	
9-5	1111-1116	hunne	
9-6	1117-1123	woning	
9-7	1124-1127	als	
9-8	1128-1130	in	
9-9	1131-1135	eene	
9-10	1136-1146	gevangenis	
9-11	1147-1157	opgesloten	
9-12	1157-1158	,	
9-13	1159-1162	dat	
9-14	1163-1166	hen	
9-15	1167-1175	dikwijls	
9-16	1176-1180	zeer	
9-17	1181-1191	verdrietig	
9-18	1192-1198	maakte	
9-19	1198-1199	.	

#Text=Gelukkig echter, dat zij eene lamp hadden, die hen verlichtte, en eene kaghel om zich te warmen.
10-1	1200-1208	Gelukkig	
10-2	1209-1215	echter	
10-3	1215-1216	,	
10-4	1217-1220	dat	
10-5	1221-1224	zij	
10-6	1225-1229	eene	
10-7	1230-1234	lamp	
10-8	1235-1241	hadden	
10-9	1241-1242	,	
10-10	1243-1246	die	
10-11	1247-1250	hen	
10-12	1251-1261	verlichtte	
10-13	1261-1262	,	
10-14	1263-1265	en	
10-15	1266-1270	eene	
10-16	1271-1277	kaghel	
10-17	1278-1280	om	
10-18	1281-1285	zich	
10-19	1286-1288	te	
10-20	1289-1295	warmen	
10-21	1295-1296	.	

#Text=Eindelijk trok de mist op, de lucht werd helder, en deed den sterrenhemel in zijne volle pracht zien.
11-1	1302-1311	Eindelijk	
11-2	1312-1316	trok	
11-3	1317-1319	de	
11-4	1320-1324	mist	
11-5	1325-1327	op	
11-6	1327-1328	,	
11-7	1329-1331	de	
11-8	1332-1337	lucht	
11-9	1338-1342	werd	
11-10	1343-1349	helder	
11-11	1349-1350	,	
11-12	1351-1353	en	
11-13	1354-1358	deed	
11-14	1359-1362	den	
11-15	1363-1375	sterrenhemel	
11-16	1376-1378	in	
11-17	1379-1384	zijne	
11-18	1385-1390	volle	
11-19	1391-1397	pracht	
11-20	1398-1402	zien	
11-21	1402-1403	.	

#Text=De drie vrienden besloten toen, om eens een buitenluchtje te gaan scheppen.
12-1	1404-1406	De	
12-2	1407-1411	drie	
12-3	1412-1420	vrienden	
12-4	1421-1429	besloten	
12-5	1430-1434	toen	
12-6	1434-1435	,	
12-7	1436-1438	om	
12-8	1439-1443	eens	
12-9	1444-1447	een	
12-10	1448-1461	buitenluchtje	
12-11	1462-1464	te	
12-12	1465-1469	gaan	
12-13	1470-1478	scheppen	
12-14	1478-1479	.	

#Text=Zij voorzagen zich te dien einde van hunne verwarmende pelzen, en, na zich goed gewapend te hebben, begaven zij zich naar buiten.
13-1	1480-1483	Zij	
13-2	1484-1493	voorzagen	
13-3	1494-1498	zich	
13-4	1499-1501	te	
13-5	1502-1506	dien	
13-6	1507-1512	einde	
13-7	1513-1516	van	
13-8	1517-1522	hunne	
13-9	1523-1534	verwarmende	
13-10	1535-1541	pelzen	
13-11	1541-1542	,	
13-12	1543-1545	en	
13-13	1545-1546	,	
13-14	1547-1549	na	
13-15	1550-1554	zich	
13-16	1555-1559	goed	
13-17	1560-1568	gewapend	
13-18	1569-1571	te	
13-19	1572-1578	hebben	
13-20	1578-1579	,	
13-21	1580-1587	begaven	
13-22	1588-1591	zij	
13-23	1592-1596	zich	
13-24	1597-1601	naar	
13-25	1602-1608	buiten	
13-26	1608-1609	.	

#Text=Zeer dikwijls hadden zij het noorderlicht waargenomen, daar hetzelve zich aldaar bij helder weder in den langen nacht onafgebroken aan den hemel vertoont, maar nog nooit hadden zij dat prachtige natuurverschijnsel in dien luister gezien, als het zich toen vertoonde.
14-1	1614-1618	Zeer	
14-2	1619-1627	dikwijls	
14-3	1628-1634	hadden	
14-4	1635-1638	zij	
14-5	1639-1642	het	
14-6	1643-1655	noorderlicht	
14-7	1656-1667	waargenomen	
14-8	1667-1668	,	
14-9	1669-1673	daar	
14-10	1674-1682	hetzelve	
14-11	1683-1687	zich	
14-12	1688-1694	aldaar	
14-13	1695-1698	bij	
14-14	1699-1705	helder	
14-15	1706-1711	weder	
14-16	1712-1714	in	
14-17	1715-1718	den	
14-18	1719-1725	langen	
14-19	1726-1731	nacht	
14-20	1732-1744	onafgebroken	
14-21	1745-1748	aan	
14-22	1749-1752	den	
14-23	1753-1758	hemel	
14-24	1759-1767	vertoont	
14-25	1767-1768	,	
14-26	1769-1773	maar	
14-27	1774-1777	nog	
14-28	1778-1783	nooit	
14-29	1784-1790	hadden	
14-30	1791-1794	zij	
14-31	1795-1798	dat	
14-32	1799-1808	prachtige	
14-33	1809-1827	natuurverschijnsel	
14-34	1828-1830	in	
14-35	1831-1835	dien	
14-36	1836-1843	luister	
14-37	1844-1850	gezien	
14-38	1850-1851	,	
14-39	1852-1855	als	
14-40	1856-1859	het	
14-41	1860-1864	zich	
14-42	1865-1869	toen	
14-43	1870-1879	vertoonde	
14-44	1879-1880	.	

#Text=De wind was stil, en daardoor konden zij het meer op hun gemak beschouwen.
15-1	1881-1883	De	
15-2	1884-1888	wind	
15-3	1889-1892	was	
15-4	1893-1897	stil	
15-5	1897-1898	,	
15-6	1899-1901	en	
15-7	1902-1910	daardoor	
15-8	1911-1917	konden	
15-9	1918-1921	zij	
15-10	1922-1925	het	
15-11	1926-1930	meer	
15-12	1931-1933	op	
15-13	1934-1937	hun	
15-14	1938-1943	gemak	
15-15	1944-1954	beschouwen	
15-16	1954-1955	.	
