#FORMAT=WebAnno TSV 3.3
#T_SP=custom.Span|label
#T_RL=custom.Relation|label|BT_custom.Span


#Text=About Google Book Search
#Text=
#Text=Google's mission is to organize the world's information and to make it universally accessible and useful.
1-1	2-7	About	_	_	_	
1-2	8-14	Google	_	_	_	
1-3	15-19	Book	_	_	_	
1-4	20-26	Search	_	_	_	
1-5	28-36	Google's	_	_	_	
1-6	37-44	mission	_	_	_	
1-7	45-47	is	_	_	_	
1-8	48-50	to	_	_	_	
1-9	51-59	organize	_	_	_	
1-10	60-63	the	_	_	_	
1-11	64-71	world's	_	_	_	
1-12	72-83	information	_	_	_	
1-13	84-87	and	_	_	_	
1-14	88-90	to	_	_	_	
1-15	91-95	make	_	_	_	
1-16	96-98	it	_	_	_	
1-17	99-110	universally	_	_	_	
1-18	111-121	accessible	_	_	_	
1-19	122-125	and	_	_	_	
1-20	126-132	useful	_	_	_	
1-21	132-133	.	_	_	_	

#Text=Google Book Search helps readers discover the world's books while helping authors and publishers reach new audiences.
2-1	134-140	Google	_	_	_	
2-2	141-145	Book	_	_	_	
2-3	146-152	Search	_	_	_	
2-4	153-158	helps	_	_	_	
2-5	159-166	readers	_	_	_	
2-6	167-175	discover	_	_	_	
2-7	176-179	the	_	_	_	
2-8	180-187	world's	_	_	_	
2-9	188-193	books	_	_	_	
2-10	194-199	while	_	_	_	
2-11	200-207	helping	_	_	_	
2-12	208-215	authors	_	_	_	
2-13	216-219	and	_	_	_	
2-14	220-230	publishers	_	_	_	
2-15	231-236	reach	_	_	_	
2-16	237-240	new	_	_	_	
2-17	241-250	audiences	_	_	_	
2-18	250-251	.	_	_	_	

#Text=Balsami Odor, Cinnamomi, Stactes
#Text=
#Text=Ceterorum:
#Text=
#Text=Veterum do Recentiorum Vina
#Text=
#Text=
#Text=
#Text=guente:
#Text=
#Text=Aristoteles, Theophrastus, Diofcą
#Text=
#Text=
#Text=
#Text=rides , Galenus illustrati:
#Text=
#Text=Ciceronis locus reftitutus, Luci-
#Text=
#Text=ly correctus, Pomponij
#Text=
#Text=
#Text=
#Text=1.
3-1	252-259	Balsami	Smell\_Source	_	_	
3-2	260-264	Odor	Smell\_Word	*	3-1	
3-3	264-265	,	_	_	_	
3-4	266-275	Cinnamomi	_	_	_	
3-5	275-276	,	_	_	_	
3-6	277-284	Stactes	_	_	_	
3-7	286-295	Ceterorum	_	_	_	
3-8	295-296	:	_	_	_	
3-9	298-305	Veterum	_	_	_	
3-10	306-308	do	_	_	_	
3-11	309-320	Recentiorum	_	_	_	
3-12	321-325	Vina	_	_	_	
3-13	329-335	guente	_	_	_	
3-14	335-336	:	_	_	_	
3-15	338-349	Aristoteles	_	_	_	
3-16	349-350	,	_	_	_	
3-17	351-363	Theophrastus	_	_	_	
3-18	363-364	,	_	_	_	
3-19	365-371	Diofcą	_	_	_	
3-20	375-380	rides	_	_	_	
3-21	381-382	,	_	_	_	
3-22	383-390	Galenus	_	_	_	
3-23	391-401	illustrati	_	_	_	
3-24	401-402	:	_	_	_	
3-25	404-413	Ciceronis	_	_	_	
3-26	414-419	locus	_	_	_	
3-27	420-430	reftitutus	_	_	_	
3-28	430-431	,	_	_	_	
3-29	432-436	Luci	_	_	_	
3-30	436-437	-	_	_	_	
3-31	439-441	ly	_	_	_	
3-32	442-451	correctus	_	_	_	
3-33	451-452	,	_	_	_	
3-34	453-461	Pomponij	_	_	_	
3-35	465-466	1	_	_	_	
3-36	466-467	.	_	_	_	

#Text=C. emendatus:
#Text=
#Text=Plixius qua explanatas , quà
#Text=
#Text=
#Text=
#Text=defenfus, quà notatus :
#Text=
#Text=Multa Recentiorum animad-
#Text=
#Text=uersa, Antiquorum per-
#Text=
#Text=
#Text=
#Text=pensa multas,
#Text=
#Text=
#Text=
#Text=
#Text=
#Text=1
#Text=
#Text=
#Text=
#Text=
#Text=
#Text=recentiorum Odoramentis; saepiusque ab amicis hor_ tatus , vrea , quae in otio & laxamento a medicina facienda comentatus effem; literis confignarein; haesitaui semper, & multis de causis me ipse a scribendo hactenus reuocaui.
4-1	468-469	C	_	_	_	
4-2	469-470	.	_	_	_	
4-3	471-480	emendatus	_	_	_	
4-4	480-481	:	_	_	_	
4-5	483-490	Plixius	_	_	_	
4-6	491-494	qua	_	_	_	
4-7	495-505	explanatas	_	_	_	
4-8	506-507	,	_	_	_	
4-9	508-511	quà	_	_	_	
4-10	515-523	defenfus	_	_	_	
4-11	523-524	,	_	_	_	
4-12	525-528	quà	_	_	_	
4-13	529-536	notatus	_	_	_	
4-14	537-538	:	_	_	_	
4-15	540-545	Multa	_	_	_	
4-16	546-557	Recentiorum	_	_	_	
4-17	558-564	animad	_	_	_	
4-18	564-565	-	_	_	_	
4-19	567-572	uersa	_	_	_	
4-20	572-573	,	_	_	_	
4-21	574-584	Antiquorum	_	_	_	
4-22	585-588	per	_	_	_	
4-23	588-589	-	_	_	_	
4-24	593-598	pensa	_	_	_	
4-25	599-605	multas	_	_	_	
4-26	605-606	,	_	_	_	
4-27	612-613	1	_	_	_	
4-28	619-630	recentiorum	_	_	_	
4-29	631-642	Odoramentis	Smell\_Word	_	_	
4-30	642-643	;	_	_	_	
4-31	644-654	saepiusque	_	_	_	
4-32	655-657	ab	_	_	_	
4-33	658-664	amicis	_	_	_	
4-34	665-668	hor	_	_	_	
4-35	668-669	_	_	_	_	
4-36	670-675	tatus	_	_	_	
4-37	676-677	,	_	_	_	
4-38	678-682	vrea	_	_	_	
4-39	683-684	,	_	_	_	
4-40	685-689	quae	_	_	_	
4-41	690-692	in	_	_	_	
4-42	693-697	otio	_	_	_	
4-43	698-699	&	_	_	_	
4-44	700-709	laxamento	_	_	_	
4-45	710-711	a	_	_	_	
4-46	712-720	medicina	_	_	_	
4-47	721-729	facienda	_	_	_	
4-48	730-740	comentatus	_	_	_	
4-49	741-746	effem	_	_	_	
4-50	746-747	;	_	_	_	
4-51	748-755	literis	_	_	_	
4-52	756-768	confignarein	_	_	_	
4-53	768-769	;	_	_	_	
4-54	770-779	haesitaui	_	_	_	
4-55	780-786	semper	_	_	_	
4-56	786-787	,	_	_	_	
4-57	788-789	&	_	_	_	
4-58	790-796	multis	_	_	_	
4-59	797-799	de	_	_	_	
4-60	800-806	causis	_	_	_	
4-61	807-809	me	_	_	_	
4-62	810-814	ipse	_	_	_	
4-63	815-816	a	_	_	_	
4-64	817-826	scribendo	_	_	_	
4-65	827-835	hactenus	_	_	_	
4-66	836-844	reuocaui	_	_	_	
4-67	844-845	.	_	_	_	

#Text=Er primò quidem illud mihi negocium exhibebat non mediocre, quòd ea de re ageretur , quae sensu pocius, quàm ratione aestimanda, longè tamen esset a fensibus disfita .
#Text=neque enim ballamum , aut antiquorum ynguenta nobis praesto sunt, quae fenfu expendere,atque
#Text=
#Text=
#Text=
#Text=
#Text=
#Text=diligentiùs explorare poffimus.
5-1	846-848	Er	_	_	_	
5-2	849-854	primò	_	_	_	
5-3	855-861	quidem	_	_	_	
5-4	862-867	illud	_	_	_	
5-5	868-872	mihi	_	_	_	
5-6	873-881	negocium	_	_	_	
5-7	882-891	exhibebat	_	_	_	
5-8	892-895	non	_	_	_	
5-9	896-904	mediocre	_	_	_	
5-10	904-905	,	_	_	_	
5-11	906-910	quòd	_	_	_	
5-12	911-913	ea	_	_	_	
5-13	914-916	de	_	_	_	
5-14	917-919	re	_	_	_	
5-15	920-928	ageretur	_	_	_	
5-16	929-930	,	_	_	_	
5-17	931-935	quae	_	_	_	
5-18	936-941	sensu	_	_	_	
5-19	942-948	pocius	_	_	_	
5-20	948-949	,	_	_	_	
5-21	950-954	quàm	_	_	_	
5-22	955-962	ratione	_	_	_	
5-23	963-973	aestimanda	_	_	_	
5-24	973-974	,	_	_	_	
5-25	975-980	longè	_	_	_	
5-26	981-986	tamen	_	_	_	
5-27	987-992	esset	_	_	_	
5-28	993-994	a	_	_	_	
5-29	995-1003	fensibus	_	_	_	
5-30	1004-1011	disfita	_	_	_	
5-31	1012-1013	.	_	_	_	
5-32	1014-1019	neque	_	_	_	
5-33	1020-1024	enim	_	_	_	
5-34	1025-1033	ballamum	_	_	_	
5-35	1034-1035	,	_	_	_	
5-36	1036-1039	aut	_	_	_	
5-37	1040-1050	antiquorum	_	_	_	
5-38	1051-1059	ynguenta	_	_	_	
5-39	1060-1065	nobis	_	_	_	
5-40	1066-1073	praesto	_	_	_	
5-41	1074-1078	sunt	_	_	_	
5-42	1078-1079	,	_	_	_	
5-43	1080-1084	quae	_	_	_	
5-44	1085-1090	fenfu	_	_	_	
5-45	1091-1100	expendere	_	_	_	
5-46	1100-1101	,	_	_	_	
5-47	1101-1106	atque	_	_	_	
5-48	1112-1123	diligentiùs	_	_	_	
5-49	1124-1133	explorare	_	_	_	
5-50	1134-1142	poffimus	_	_	_	
5-51	1142-1143	.	_	_	_	

#Text=Deinde vero difficultatem rei mirum in mo.
#Text=dum augebant eac , quibus i diftineor , occupationes,
#Text=
#Text=totus enim sum in medicina facienda exercendaque,
#Text=
#Text=ac nihil meum iucunditùs - oblectat animuin , suauiùs.
#Text=que demulcet,quàin waxşı.
#Text=seniorj wounting,ipsa nempe exer citatio, curacioque morborum.
6-1	1144-1150	Deinde	_	_	_	
6-2	1151-1155	vero	_	_	_	
6-3	1156-1169	difficultatem	_	_	_	
6-4	1170-1173	rei	_	_	_	
6-5	1174-1179	mirum	_	_	_	
6-6	1180-1182	in	_	_	_	
6-7	1183-1185	mo	_	_	_	
6-8	1185-1186	.	_	_	_	
6-9	1187-1190	dum	_	_	_	
6-10	1191-1199	augebant	_	_	_	
6-11	1200-1203	eac	_	_	_	
6-12	1204-1205	,	_	_	_	
6-13	1206-1212	quibus	_	_	_	
6-14	1213-1214	i	_	_	_	
6-15	1215-1224	diftineor	_	_	_	
6-16	1225-1226	,	_	_	_	
6-17	1227-1239	occupationes	_	_	_	
6-18	1239-1240	,	_	_	_	
6-19	1242-1247	totus	_	_	_	
6-20	1248-1252	enim	_	_	_	
6-21	1253-1256	sum	_	_	_	
6-22	1257-1259	in	_	_	_	
6-23	1260-1268	medicina	_	_	_	
6-24	1269-1277	facienda	_	_	_	
6-25	1278-1290	exercendaque	_	_	_	
6-26	1290-1291	,	_	_	_	
6-27	1293-1295	ac	_	_	_	
6-28	1296-1301	nihil	_	_	_	
6-29	1302-1306	meum	_	_	_	
6-30	1307-1317	iucunditùs	_	_	_	
6-31	1318-1319	-	_	_	_	
6-32	1320-1328	oblectat	_	_	_	
6-33	1329-1336	animuin	_	_	_	
6-34	1337-1338	,	_	_	_	
6-35	1339-1346	suauiùs	_	_	_	
6-36	1346-1347	.	_	_	_	
6-37	1348-1351	que	_	_	_	
6-38	1352-1360	demulcet	_	_	_	
6-39	1360-1361	,	_	_	_	
6-40	1361-1366	quàin	_	_	_	
6-41	1367-1372	waxşı	_	_	_	
6-42	1372-1373	.	_	_	_	
6-43	1374-1381	seniorj	_	_	_	
6-44	1382-1390	wounting	_	_	_	
6-45	1390-1391	,	_	_	_	
6-46	1391-1395	ipsa	_	_	_	
6-47	1396-1401	nempe	_	_	_	
6-48	1402-1406	exer	_	_	_	
6-49	1407-1414	citatio	_	_	_	
6-50	1414-1415	,	_	_	_	
6-51	1416-1426	curacioque	_	_	_	
6-52	1427-1435	morborum	_	_	_	
6-53	1435-1436	.	_	_	_	

#Text=Ad illam verò niedicinam cheoricam, quae verè ergoaparinas, atque subtilior, penitusque a sensu seiuncta intenta folùm nientis acie comprehenditur ; quaeque mihi adolescenti
#Text=
#Text=
#Text=
#Text=
#Text=
#Text=A 2
#Text=
#Text=
#Text=
#Text=ac ,'
#Text=
#Text=
#Text=
#Text=
#Text=
#Text=ac iuueni mel ac deliciae fuit , animum referre vix poflum , nihil ferè amans, (vide genijvicissitudinem) nisi quod morbos , quod aegros, quod horum hofpitia non sapiat.
#Text=quem amorem, laude profectò & commendatione dignum, inserere studiosè contendo in.
#Text=omnium corum animos, qui me & in Nosocomio S.
7-1	1437-1439	Ad	_	_	_	
7-2	1440-1445	illam	_	_	_	
7-3	1446-1450	verò	_	_	_	
7-4	1451-1461	niedicinam	_	_	_	
7-5	1462-1471	cheoricam	_	_	_	
7-6	1471-1472	,	_	_	_	
7-7	1473-1477	quae	_	_	_	
7-8	1478-1482	verè	_	_	_	
7-9	1483-1495	ergoaparinas	_	_	_	
7-10	1495-1496	,	_	_	_	
7-11	1497-1502	atque	_	_	_	
7-12	1503-1512	subtilior	_	_	_	
7-13	1512-1513	,	_	_	_	
7-14	1514-1524	penitusque	_	_	_	
7-15	1525-1526	a	_	_	_	
7-16	1527-1532	sensu	_	_	_	
7-17	1533-1541	seiuncta	_	_	_	
7-18	1542-1549	intenta	_	_	_	
7-19	1550-1555	folùm	_	_	_	
7-20	1556-1563	nientis	_	_	_	
7-21	1564-1568	acie	_	_	_	
7-22	1569-1583	comprehenditur	_	_	_	
7-23	1584-1585	;	_	_	_	
7-24	1586-1593	quaeque	_	_	_	
7-25	1594-1598	mihi	_	_	_	
7-26	1599-1610	adolescenti	_	_	_	
7-27	1616-1617	A	_	_	_	
7-28	1618-1619	2	_	_	_	
7-29	1623-1625	ac	_	_	_	
7-30	1626-1627	,	_	_	_	
7-31	1627-1628	'	_	_	_	
7-32	1634-1636	ac	_	_	_	
7-33	1637-1643	iuueni	_	_	_	
7-34	1644-1647	mel	_	_	_	
7-35	1648-1650	ac	_	_	_	
7-36	1651-1659	deliciae	_	_	_	
7-37	1660-1664	fuit	_	_	_	
7-38	1665-1666	,	_	_	_	
7-39	1667-1673	animum	_	_	_	
7-40	1674-1681	referre	_	_	_	
7-41	1682-1685	vix	_	_	_	
7-42	1686-1692	poflum	_	_	_	
7-43	1693-1694	,	_	_	_	
7-44	1695-1700	nihil	_	_	_	
7-45	1701-1705	ferè	_	_	_	
7-46	1706-1711	amans	_	_	_	
7-47	1711-1712	,	_	_	_	
7-48	1713-1714	(	_	_	_	
7-49	1714-1718	vide	_	_	_	
7-50	1719-1738	genijvicissitudinem	_	_	_	
7-51	1738-1739	)	_	_	_	
7-52	1740-1744	nisi	_	_	_	
7-53	1745-1749	quod	_	_	_	
7-54	1750-1756	morbos	_	_	_	
7-55	1757-1758	,	_	_	_	
7-56	1759-1763	quod	_	_	_	
7-57	1764-1770	aegros	_	_	_	
7-58	1770-1771	,	_	_	_	
7-59	1772-1776	quod	_	_	_	
7-60	1777-1782	horum	_	_	_	
7-61	1783-1791	hofpitia	_	_	_	
7-62	1792-1795	non	_	_	_	
7-63	1796-1802	sapiat	_	_	_	
7-64	1802-1803	.	_	_	_	
7-65	1804-1808	quem	_	_	_	
7-66	1809-1815	amorem	_	_	_	
7-67	1815-1816	,	_	_	_	
7-68	1817-1822	laude	_	_	_	
7-69	1823-1831	profectò	_	_	_	
7-70	1832-1833	&	_	_	_	
7-71	1834-1847	commendatione	_	_	_	
7-72	1848-1854	dignum	_	_	_	
7-73	1854-1855	,	_	_	_	
7-74	1856-1864	inserere	_	_	_	
7-75	1865-1873	studiosè	_	_	_	
7-76	1874-1882	contendo	_	_	_	
7-77	1883-1885	in	_	_	_	
7-78	1885-1886	.	_	_	_	
7-79	1887-1893	omnium	_	_	_	
7-80	1894-1899	corum	_	_	_	
7-81	1900-1906	animos	_	_	_	
7-82	1906-1907	,	_	_	_	
7-83	1908-1911	qui	_	_	_	
7-84	1912-1914	me	_	_	_	
7-85	1915-1916	&	_	_	_	
7-86	1917-1919	in	_	_	_	
7-87	1920-1929	Nosocomio	_	_	_	
7-88	1930-1931	S	_	_	_	
7-89	1931-1932	.	_	_	_	

#Text=Spiritus pra&icam medicinam exercentem , & in Ro.
#Text=i mano Gymnasio Theoricam, vt vocant, Ordinas riam profitentein frequentes conueniunt.
8-1	1933-1941	Spiritus	_	_	_	
8-2	1942-1945	pra	_	_	_	
8-3	1945-1946	&	_	_	_	
8-4	1946-1950	icam	_	_	_	
8-5	1951-1960	medicinam	_	_	_	
8-6	1961-1971	exercentem	_	_	_	
8-7	1972-1973	,	_	_	_	
8-8	1974-1975	&	_	_	_	
8-9	1976-1978	in	_	_	_	
8-10	1979-1981	Ro	_	_	_	
8-11	1981-1982	.	_	_	_	
8-12	1983-1984	i	_	_	_	
8-13	1985-1989	mano	_	_	_	
8-14	1990-1998	Gymnasio	_	_	_	
8-15	1999-2008	Theoricam	_	_	_	
8-16	2008-2009	,	_	_	_	
8-17	2010-2012	vt	_	_	_	
8-18	2013-2019	vocant	_	_	_	
8-19	2019-2020	,	_	_	_	
8-20	2021-2028	Ordinas	_	_	_	
8-21	2029-2033	riam	_	_	_	
8-22	2034-2046	profitentein	_	_	_	
8-23	2047-2057	frequentes	_	_	_	
8-24	2058-2068	conueniunt	_	_	_	
8-25	2068-2069	.	_	_	_	

#Text=Demum vrgebat me , vel tardabat
#Text=
#Text=po
#Text=
#Text=
#Text=
#Text=
#Text=
#Text=potius , ac ferè impediebat i vix ferenda imperitorum.
#Text=; inscitia, malitiaque impron borum verè insidiosa: quia od bus illud ynum summae & bi anxiae curae est, yr eos, qui 0. aliquid vltra crepidanı sci13.
#Text=unt, quique otium grauio
#Text=
#Text=ribus curis fubreptum, in 1 literis honeftè transigunt, s, kearpant, fugillent , & per S
#Text=
#Text=specie m laudis callida obe i trectatione lacerent.
9-1	2070-2075	Demum	_	_	_	
9-2	2076-2083	vrgebat	_	_	_	
9-3	2084-2086	me	_	_	_	
9-4	2087-2088	,	_	_	_	
9-5	2089-2092	vel	_	_	_	
9-6	2093-2101	tardabat	_	_	_	
9-7	2103-2105	po	_	_	_	
9-8	2111-2117	potius	_	_	_	
9-9	2118-2119	,	_	_	_	
9-10	2120-2122	ac	_	_	_	
9-11	2123-2127	ferè	_	_	_	
9-12	2128-2138	impediebat	_	_	_	
9-13	2139-2140	i	_	_	_	
9-14	2141-2144	vix	_	_	_	
9-15	2145-2152	ferenda	_	_	_	
9-16	2153-2164	imperitorum	_	_	_	
9-17	2164-2165	.	_	_	_	
9-18	2166-2167	;	_	_	_	
9-19	2168-2176	inscitia	_	_	_	
9-20	2176-2177	,	_	_	_	
9-21	2178-2188	malitiaque	_	_	_	
9-22	2189-2195	impron	_	_	_	
9-23	2196-2201	borum	_	_	_	
9-24	2202-2206	verè	_	_	_	
9-25	2207-2216	insidiosa	_	_	_	
9-26	2216-2217	:	_	_	_	
9-27	2218-2222	quia	_	_	_	
9-28	2223-2225	od	_	_	_	
9-29	2226-2229	bus	_	_	_	
9-30	2230-2235	illud	_	_	_	
9-31	2236-2240	ynum	_	_	_	
9-32	2241-2247	summae	_	_	_	
9-33	2248-2249	&	_	_	_	
9-34	2250-2252	bi	_	_	_	
9-35	2253-2259	anxiae	_	_	_	
9-36	2260-2265	curae	_	_	_	
9-37	2266-2269	est	_	_	_	
9-38	2269-2270	,	_	_	_	
9-39	2271-2273	yr	_	_	_	
9-40	2274-2277	eos	_	_	_	
9-41	2277-2278	,	_	_	_	
9-42	2279-2282	qui	_	_	_	
9-43	2283-2284	0	_	_	_	
9-44	2284-2285	.	_	_	_	
9-45	2286-2293	aliquid	_	_	_	
9-46	2294-2299	vltra	_	_	_	
9-47	2300-2309	crepidanı	_	_	_	
9-48	2310-2315	sci13	_	_	_	
9-49	2315-2316	.	_	_	_	
9-50	2317-2320	unt	_	_	_	
9-51	2320-2321	,	_	_	_	
9-52	2322-2328	quique	_	_	_	
9-53	2329-2334	otium	_	_	_	
9-54	2335-2341	grauio	_	_	_	
9-55	2343-2348	ribus	_	_	_	
9-56	2349-2354	curis	_	_	_	
9-57	2355-2364	fubreptum	_	_	_	
9-58	2364-2365	,	_	_	_	
9-59	2366-2368	in	_	_	_	
9-60	2369-2370	1	_	_	_	
9-61	2371-2378	literis	_	_	_	
9-62	2379-2386	honeftè	_	_	_	
9-63	2387-2397	transigunt	_	_	_	
9-64	2397-2398	,	_	_	_	
9-65	2399-2400	s	_	_	_	
9-66	2400-2401	,	_	_	_	
9-67	2402-2410	kearpant	_	_	_	
9-68	2410-2411	,	_	_	_	
9-69	2412-2421	fugillent	_	_	_	
9-70	2422-2423	,	_	_	_	
9-71	2424-2425	&	_	_	_	
9-72	2426-2429	per	_	_	_	
9-73	2430-2431	S	_	_	_	
9-74	2433-2439	specie	_	_	_	
9-75	2440-2441	m	_	_	_	
9-76	2442-2448	laudis	_	_	_	
9-77	2449-2456	callida	_	_	_	
9-78	2457-2460	obe	_	_	_	
9-79	2461-2462	i	_	_	_	
9-80	2463-2474	trectatione	_	_	_	
9-81	2475-2483	lacerent	_	_	_	
9-82	2483-2484	.	_	_	_	

#Text=NimiDrum quiduis aliud, cui de
#Text=
#Text=trahere veheméter student, : honorificè tribuunt, quàm
#Text=
#Text=practicae medicinae scien
#Text=
#Text=ciam.
#Text=optimos eius mores 21 · imprimis vafrè, & malitio.
10-1	2485-2493	NimiDrum	_	_	_	
10-2	2494-2501	quiduis	_	_	_	
10-3	2502-2507	aliud	_	_	_	
10-4	2507-2508	,	_	_	_	
10-5	2509-2512	cui	_	_	_	
10-6	2513-2515	de	_	_	_	
10-7	2517-2524	trahere	_	_	_	
10-8	2525-2534	veheméter	_	_	_	
10-9	2535-2542	student	_	_	_	
10-10	2542-2543	,	_	_	_	
10-11	2544-2545	:	_	_	_	
10-12	2546-2556	honorificè	_	_	_	
10-13	2557-2565	tribuunt	_	_	_	
10-14	2565-2566	,	_	_	_	
10-15	2567-2571	quàm	_	_	_	
10-16	2573-2582	practicae	_	_	_	
10-17	2583-2592	medicinae	_	_	_	
10-18	2593-2598	scien	_	_	_	
10-19	2600-2604	ciam	_	_	_	
10-20	2604-2605	.	_	_	_	
10-21	2606-2613	optimos	_	_	_	
10-22	2614-2618	eius	_	_	_	
10-23	2619-2624	mores	_	_	_	
10-24	2625-2627	21	_	_	_	
10-25	2628-2629	·	_	_	_	
10-26	2630-2638	imprimis	_	_	_	
10-27	2639-2644	vafrè	_	_	_	
10-28	2644-2645	,	_	_	_	
10-29	2646-2647	&	_	_	_	
10-30	2648-2655	malitio	_	_	_	
10-31	2655-2656	.	_	_	_	

#Text=А
#Text=
#Text=3
#Text=
#Text=
#Text=
#Text=se
#Text=
#Text=
#Text=
#Text=m
#Text=
#Text=
#Text=
#Text=
#Text=
#Text=sè commendant, fummum ingenium , induftriam sin gularem , omnisque generis literaturam laudant, exornant, amplificant ; & , fi Dijs placet , etiam ad caclum extollunt.
11-1	2657-2658	А	_	_	_	
11-2	2660-2661	3	_	_	_	
11-3	2665-2667	se	_	_	_	
11-4	2671-2672	m	_	_	_	
11-5	2678-2680	sè	_	_	_	
11-6	2681-2691	commendant	_	_	_	
11-7	2691-2692	,	_	_	_	
11-8	2693-2699	fummum	_	_	_	
11-9	2700-2708	ingenium	_	_	_	
11-10	2709-2710	,	_	_	_	
11-11	2711-2721	induftriam	_	_	_	
11-12	2722-2725	sin	_	_	_	
11-13	2726-2733	gularem	_	_	_	
11-14	2734-2735	,	_	_	_	
11-15	2736-2744	omnisque	_	_	_	
11-16	2745-2752	generis	_	_	_	
11-17	2753-2764	literaturam	_	_	_	
11-18	2765-2772	laudant	_	_	_	
11-19	2772-2773	,	_	_	_	
11-20	2774-2782	exornant	_	_	_	
11-21	2782-2783	,	_	_	_	
11-22	2784-2795	amplificant	_	_	_	
11-23	2796-2797	;	_	_	_	
11-24	2798-2799	&	_	_	_	
11-25	2800-2801	,	_	_	_	
11-26	2802-2804	fi	_	_	_	
11-27	2805-2809	Dijs	_	_	_	
11-28	2810-2816	placet	_	_	_	
11-29	2817-2818	,	_	_	_	
11-30	2819-2824	etiam	_	_	_	
11-31	2825-2827	ad	_	_	_	
11-32	2828-2834	caclum	_	_	_	
11-33	2835-2844	extollunt	_	_	_	
11-34	2844-2845	.	_	_	_	
