#FORMAT=WebAnno TSV 3.3
#T_SP=custom.Span|label
#T_RL=custom.Relation|label|BT_custom.Span


#Text=ESSAY.
1-1	0-5	ESSAY	_	_	_	
1-2	5-6	.	_	_	_	

#Text=SO prouident hath that great workeman bin of all his creatures, as no delight euen in this Tabernacle of earth, is wanting to make him more accomplished: and though the fiue Sences (as that deuout Barnard obserueth) be those fiue gates, by which the world doth besiege vs, the Deuill doth tempt vs, and the flesh ensnare vs; yet in euery one of these, if rightly employed, is there a peculiar good and benefit redounding to the comfort of the soule, no lesse than to the auaile and vtilitie of the bodie.
2-1	7-9	SO	_	_	_	
2-2	10-19	prouident	_	_	_	
2-3	20-24	hath	_	_	_	
2-4	25-29	that	_	_	_	
2-5	30-35	great	_	_	_	
2-6	36-44	workeman	_	_	_	
2-7	45-48	bin	_	_	_	
2-8	49-51	of	_	_	_	
2-9	52-55	all	_	_	_	
2-10	56-59	his	_	_	_	
2-11	60-69	creatures	_	_	_	
2-12	69-70	,	_	_	_	
2-13	71-73	as	_	_	_	
2-14	74-76	no	_	_	_	
2-15	77-84	delight	_	_	_	
2-16	85-89	euen	_	_	_	
2-17	90-92	in	_	_	_	
2-18	93-97	this	_	_	_	
2-19	98-108	Tabernacle	_	_	_	
2-20	109-111	of	_	_	_	
2-21	112-117	earth	_	_	_	
2-22	117-118	,	_	_	_	
2-23	119-121	is	_	_	_	
2-24	122-129	wanting	_	_	_	
2-25	130-132	to	_	_	_	
2-26	133-137	make	_	_	_	
2-27	138-141	him	_	_	_	
2-28	142-146	more	_	_	_	
2-29	147-159	accomplished	_	_	_	
2-30	159-160	:	_	_	_	
2-31	161-164	and	_	_	_	
2-32	165-171	though	_	_	_	
2-33	172-175	the	_	_	_	
2-34	176-180	fiue	_	_	_	
2-35	181-187	Sences	_	_	_	
2-36	188-189	(	_	_	_	
2-37	189-191	as	_	_	_	
2-38	192-196	that	_	_	_	
2-39	197-203	deuout	_	_	_	
2-40	204-211	Barnard	_	_	_	
2-41	212-221	obserueth	_	_	_	
2-42	221-222	)	_	_	_	
2-43	223-225	be	_	_	_	
2-44	226-231	those	_	_	_	
2-45	232-236	fiue	_	_	_	
2-46	237-242	gates	_	_	_	
2-47	242-243	,	_	_	_	
2-48	244-246	by	_	_	_	
2-49	247-252	which	_	_	_	
2-50	253-256	the	_	_	_	
2-51	257-262	world	_	_	_	
2-52	263-267	doth	_	_	_	
2-53	268-275	besiege	_	_	_	
2-54	276-278	vs	_	_	_	
2-55	278-279	,	_	_	_	
2-56	280-283	the	_	_	_	
2-57	284-290	Deuill	_	_	_	
2-58	291-295	doth	_	_	_	
2-59	296-301	tempt	_	_	_	
2-60	302-304	vs	_	_	_	
2-61	304-305	,	_	_	_	
2-62	306-309	and	_	_	_	
2-63	310-313	the	_	_	_	
2-64	314-319	flesh	_	_	_	
2-65	320-327	ensnare	_	_	_	
2-66	328-330	vs	_	_	_	
2-67	330-331	;	_	_	_	
2-68	332-335	yet	_	_	_	
2-69	336-338	in	_	_	_	
2-70	339-344	euery	_	_	_	
2-71	345-348	one	_	_	_	
2-72	349-351	of	_	_	_	
2-73	352-357	these	_	_	_	
2-74	357-358	,	_	_	_	
2-75	359-361	if	_	_	_	
2-76	362-369	rightly	_	_	_	
2-77	370-378	employed	_	_	_	
2-78	378-379	,	_	_	_	
2-79	380-382	is	_	_	_	
2-80	383-388	there	_	_	_	
2-81	389-390	a	_	_	_	
2-82	391-399	peculiar	_	_	_	
2-83	400-404	good	_	_	_	
2-84	405-408	and	_	_	_	
2-85	409-416	benefit	_	_	_	
2-86	417-427	redounding	_	_	_	
2-87	428-430	to	_	_	_	
2-88	431-434	the	_	_	_	
2-89	435-442	comfort	_	_	_	
2-90	443-445	of	_	_	_	
2-91	446-449	the	_	_	_	
2-92	450-455	soule	_	_	_	
2-93	455-456	,	_	_	_	
2-94	457-459	no	_	_	_	
2-95	460-465	lesse	_	_	_	
2-96	466-470	than	_	_	_	
2-97	471-473	to	_	_	_	
2-98	474-477	the	_	_	_	
2-99	478-484	auaile	_	_	_	
2-100	485-488	and	_	_	_	
2-101	489-497	vtilitie	_	_	_	
2-102	498-500	of	_	_	_	
2-103	501-504	the	_	_	_	
2-104	505-510	bodie	_	_	_	
2-105	510-511	.	_	_	_	

#Text=For euen by the Smell, as by the conduit, by which is conveyed vnto vs the dilated fountaine of Gods mercie,
#Text=doe we apprehend all varieties of flowers, sootes, sweetes: which moued the Philosopher to terme this Sence, the Harbinger of the Spring.
3-1	512-515	For	_	_	_	
3-2	516-520	euen	_	_	_	
3-3	521-523	by	_	_	_	
3-4	524-527	the	_	_	_	
3-5	528-533	Smell	Smell\_Word	*|*	3-26|3-27[1_0]	
3-6	533-534	,	_	_	_	
3-7	535-537	as	_	_	_	
3-8	538-540	by	_	_	_	
3-9	541-544	the	_	_	_	
3-10	545-552	conduit	_	_	_	
3-11	552-553	,	_	_	_	
3-12	554-556	by	_	_	_	
3-13	557-562	which	_	_	_	
3-14	563-565	is	_	_	_	
3-15	566-574	conveyed	_	_	_	
3-16	575-579	vnto	_	_	_	
3-17	580-582	vs	_	_	_	
3-18	583-586	the	_	_	_	
3-19	587-594	dilated	_	_	_	
3-20	595-604	fountaine	_	_	_	
3-21	605-607	of	_	_	_	
3-22	608-612	Gods	_	_	_	
3-23	613-619	mercie	_	_	_	
3-24	619-620	,	_	_	_	
3-25	621-624	doe	_	_	_	
3-26	625-627	we	Perceiver	_	_	
3-27	628-637	apprehend	Effect[1]	_	_	
3-28	638-641	all	Effect[1]	_	_	
3-29	642-651	varieties	Effect[1]	_	_	
3-30	652-654	of	Effect[1]	_	_	
3-31	655-662	flowers	Effect[1]	_	_	
3-32	662-663	,	Effect[1]	_	_	
3-33	664-670	sootes	Effect[1]	_	_	
3-34	670-671	,	Effect[1]	_	_	
3-35	672-679	sweetes	Effect[1]	_	_	
3-36	679-680	:	_	_	_	
3-37	681-686	which	_	_	_	
3-38	687-692	moued	_	_	_	
3-39	693-696	the	_	_	_	
3-40	697-708	Philosopher	_	_	_	
3-41	709-711	to	_	_	_	
3-42	712-717	terme	_	_	_	
3-43	718-722	this	_	_	_	
3-44	723-728	Sence	_	_	_	
3-45	728-729	,	_	_	_	
3-46	730-733	the	_	_	_	
3-47	734-743	Harbinger	_	_	_	
3-48	744-746	of	_	_	_	
3-49	747-750	the	_	_	_	
3-50	751-757	Spring	_	_	_	
3-51	757-758	.	_	_	_	

#Text=Some are of opinion, that this peculiar Sence, is an occasion of more danger to the body than benefit, in that it receiues crude and vnholesome vapours, foggie and corrupt exhalations, being subiect to any infection; it is true: but what especiall delights confers it for one of these inconveniences; cheering the whole bodie with the sweetest odours, giuing libertie to the vitall powers, which otherwise would be imprisoned, delight to her fellow-Sences, which else would be dulled, and the sweet breathing ayre, which by her is reciued: all these (as so many arguments of consequence) bring vs to a more exact acknowledgment of this Sences excellencie.
4-1	759-763	Some	_	_	_	
4-2	764-767	are	_	_	_	
4-3	768-770	of	_	_	_	
4-4	771-778	opinion	_	_	_	
4-5	778-779	,	_	_	_	
4-6	780-784	that	_	_	_	
4-7	785-789	this	_	_	_	
4-8	790-798	peculiar	_	_	_	
4-9	799-804	Sence	_	_	_	
4-10	804-805	,	_	_	_	
4-11	806-808	is	_	_	_	
4-12	809-811	an	_	_	_	
4-13	812-820	occasion	_	_	_	
4-14	821-823	of	_	_	_	
4-15	824-828	more	_	_	_	
4-16	829-835	danger	_	_	_	
4-17	836-838	to	_	_	_	
4-18	839-842	the	_	_	_	
4-19	843-847	body	_	_	_	
4-20	848-852	than	_	_	_	
4-21	853-860	benefit	_	_	_	
4-22	860-861	,	_	_	_	
4-23	862-864	in	_	_	_	
4-24	865-869	that	_	_	_	
4-25	870-872	it	_	_	_	
4-26	873-881	receiues	_	_	_	
4-27	882-887	crude	_	_	_	
4-28	888-891	and	_	_	_	
4-29	892-902	vnholesome	_	_	_	
4-30	903-910	vapours	_	_	_	
4-31	910-911	,	_	_	_	
4-32	912-918	foggie	Quality	_	_	
4-33	919-922	and	_	_	_	
4-34	923-930	corrupt	Quality	_	_	
4-35	931-942	exhalations	Smell\_Word	*|*|*	4-34|4-32|4-37[2_0]	
4-36	942-943	,	_	_	_	
4-37	944-949	being	Effect[2]	_	_	
4-38	950-957	subiect	Effect[2]	_	_	
4-39	958-960	to	Effect[2]	_	_	
4-40	961-964	any	Effect[2]	_	_	
4-41	965-974	infection	Effect[2]	_	_	
4-42	974-975	;	_	_	_	
4-43	976-978	it	_	_	_	
4-44	979-981	is	_	_	_	
4-45	982-986	true	_	_	_	
4-46	986-987	:	_	_	_	
4-47	988-991	but	_	_	_	
4-48	992-996	what	_	_	_	
4-49	997-1006	especiall	_	_	_	
4-50	1007-1015	delights	_	_	_	
4-51	1016-1023	confers	_	_	_	
4-52	1024-1026	it	_	_	_	
4-53	1027-1030	for	_	_	_	
4-54	1031-1034	one	_	_	_	
4-55	1035-1037	of	_	_	_	
4-56	1038-1043	these	_	_	_	
4-57	1044-1058	inconveniences	_	_	_	
4-58	1058-1059	;	_	_	_	
4-59	1060-1068	cheering	_	_	_	
4-60	1069-1072	the	Smell\_Source[3]	_	_	
4-61	1073-1078	whole	Smell\_Source[3]	_	_	
4-62	1079-1084	bodie	Smell\_Source[3]	_	_	
4-63	1085-1089	with	_	_	_	
4-64	1090-1093	the	_	_	_	
4-65	1094-1102	sweetest	Quality	_	_	
4-66	1103-1109	odours	Smell\_Word	*|*|*	4-60[3_0]|4-65|4-68[4_0]	
4-67	1109-1110	,	_	_	_	
4-68	1111-1117	giuing	Effect[4]	_	_	
4-69	1118-1126	libertie	Effect[4]	_	_	
4-70	1127-1129	to	Effect[4]	_	_	
4-71	1130-1133	the	Effect[4]	_	_	
4-72	1134-1140	vitall	Effect[4]	_	_	
4-73	1141-1147	powers	Effect[4]	_	_	
4-74	1147-1148	,	Effect[4]	_	_	
4-75	1149-1154	which	Effect[4]	_	_	
4-76	1155-1164	otherwise	Effect[4]	_	_	
4-77	1165-1170	would	Effect[4]	_	_	
4-78	1171-1173	be	Effect[4]	_	_	
4-79	1174-1184	imprisoned	Effect[4]	_	_	
4-80	1184-1185	,	_	_	_	
4-81	1186-1193	delight	_	_	_	
4-82	1194-1196	to	_	_	_	
4-83	1197-1200	her	_	_	_	
4-84	1201-1214	fellow-Sences	_	_	_	
4-85	1214-1215	,	_	_	_	
4-86	1216-1221	which	_	_	_	
4-87	1222-1226	else	_	_	_	
4-88	1227-1232	would	_	_	_	
4-89	1233-1235	be	_	_	_	
4-90	1236-1242	dulled	_	_	_	
4-91	1242-1243	,	_	_	_	
4-92	1244-1247	and	_	_	_	
4-93	1248-1251	the	_	_	_	
4-94	1252-1257	sweet	_	_	_	
4-95	1258-1267	breathing	_	_	_	
4-96	1268-1272	ayre	_	_	_	
4-97	1272-1273	,	_	_	_	
4-98	1274-1279	which	_	_	_	
4-99	1280-1282	by	_	_	_	
4-100	1283-1286	her	_	_	_	
4-101	1287-1289	is	_	_	_	
4-102	1290-1297	reciued	_	_	_	
4-103	1297-1298	:	_	_	_	
4-104	1299-1302	all	_	_	_	
4-105	1303-1308	these	_	_	_	
4-106	1309-1310	(	_	_	_	
4-107	1310-1312	as	_	_	_	
4-108	1313-1315	so	_	_	_	
4-109	1316-1320	many	_	_	_	
4-110	1321-1330	arguments	_	_	_	
4-111	1331-1333	of	_	_	_	
4-112	1334-1345	consequence	_	_	_	
4-113	1345-1346	)	_	_	_	
4-114	1347-1352	bring	_	_	_	
4-115	1353-1355	vs	_	_	_	
4-116	1356-1358	to	_	_	_	
4-117	1359-1360	a	_	_	_	
4-118	1361-1365	more	_	_	_	
4-119	1366-1371	exact	_	_	_	
4-120	1372-1386	acknowledgment	_	_	_	
4-121	1387-1389	of	_	_	_	
4-122	1390-1394	this	_	_	_	
4-123	1395-1401	Sences	_	_	_	
4-124	1402-1413	excellencie	_	_	_	
4-125	1413-1414	.	_	_	_	

#Text=The Smelling is termed
#Text=
#Text=the vnnecessariest of all other Sences, yet may it be employed in cases of necessitie; witnesse Democritus, who against the celebration of the feast Buthysia, fasted nine dayes, sustayning nature onely with the smell of hot bread.
5-1	1415-1418	The	_	_	_	
5-2	1419-1427	Smelling	Smell\_Word	_	_	
5-3	1428-1430	is	_	_	_	
5-4	1431-1437	termed	_	_	_	
5-5	1439-1442	the	_	_	_	
5-6	1443-1457	vnnecessariest	_	_	_	
5-7	1458-1460	of	_	_	_	
5-8	1461-1464	all	_	_	_	
5-9	1465-1470	other	_	_	_	
5-10	1471-1477	Sences	_	_	_	
5-11	1477-1478	,	_	_	_	
5-12	1479-1482	yet	_	_	_	
5-13	1483-1486	may	_	_	_	
5-14	1487-1489	it	_	_	_	
5-15	1490-1492	be	_	_	_	
5-16	1493-1501	employed	_	_	_	
5-17	1502-1504	in	_	_	_	
5-18	1505-1510	cases	_	_	_	
5-19	1511-1513	of	_	_	_	
5-20	1514-1524	necessitie	_	_	_	
5-21	1524-1525	;	_	_	_	
5-22	1526-1534	witnesse	_	_	_	
5-23	1535-1545	Democritus	_	_	_	
5-24	1545-1546	,	_	_	_	
5-25	1547-1550	who	_	_	_	
5-26	1551-1558	against	Circumstances[5]	_	_	
5-27	1559-1562	the	Circumstances[5]	_	_	
5-28	1563-1574	celebration	Circumstances[5]	_	_	
5-29	1575-1577	of	Circumstances[5]	_	_	
5-30	1578-1581	the	Circumstances[5]	_	_	
5-31	1582-1587	feast	Circumstances[5]	_	_	
5-32	1588-1596	Buthysia	Circumstances[5]	_	_	
5-33	1596-1597	,	_	_	_	
5-34	1598-1604	fasted	_	_	_	
5-35	1605-1609	nine	_	_	_	
5-36	1610-1615	dayes	_	_	_	
5-37	1615-1616	,	_	_	_	
5-38	1617-1627	sustayning	_	_	_	
5-39	1628-1634	nature	_	_	_	
5-40	1635-1640	onely	_	_	_	
5-41	1641-1645	with	_	_	_	
5-42	1646-1649	the	_	_	_	
5-43	1650-1655	smell	Smell\_Word	*|*	5-44[6_0]|5-26[5_0]	
5-44	1656-1658	of	Smell\_Source[6]	_	_	
5-45	1659-1662	hot	Smell\_Source[6]	_	_	
5-46	1663-1668	bread	Smell\_Source[6]	_	_	
5-47	1668-1669	.	_	_	_	

#Text=This Sence of mine shall not be subiected to outward delicacies: Let the Courtier smell of perfumes, the sleeke-fac ' d Lady of her paintings, I will follow the smell of my Sauiours oyntments: how should I be induced, following the direction of reason, by such soule-bewitching vanities, which rather peruert the refined lustre of the minde, than adde the least of perfection to so excellent an essence?
6-1	1670-1674	This	_	_	_	
6-2	1675-1680	Sence	_	_	_	
6-3	1681-1683	of	_	_	_	
6-4	1684-1688	mine	_	_	_	
6-5	1689-1694	shall	_	_	_	
6-6	1695-1698	not	_	_	_	
6-7	1699-1701	be	_	_	_	
6-8	1702-1711	subiected	_	_	_	
6-9	1712-1714	to	_	_	_	
6-10	1715-1722	outward	_	_	_	
6-11	1723-1733	delicacies	_	_	_	
6-12	1733-1734	:	_	_	_	
6-13	1735-1738	Let	_	_	_	
6-14	1739-1742	the	_	_	_	
6-15	1743-1751	Courtier	_	_	_	
6-16	1752-1757	smell	Smell\_Word	*	6-17[7_0]	
6-17	1758-1760	of	Smell\_Source[7]	_	_	
6-18	1761-1769	perfumes	Smell\_Source[7]	_	_	
6-19	1769-1770	,	_	_	_	
6-20	1771-1774	the	_	_	_	
6-21	1775-1785	sleeke-fac	_	_	_	
6-22	1786-1787	'	_	_	_	
6-23	1788-1789	d	_	_	_	
6-24	1790-1794	Lady	_	_	_	
6-25	1795-1797	of	_	_	_	
6-26	1798-1801	her	_	_	_	
6-27	1802-1811	paintings	_	_	_	
6-28	1811-1812	,	_	_	_	
6-29	1813-1814	I	Perceiver	_	_	
6-30	1815-1819	will	_	_	_	
6-31	1820-1826	follow	_	_	_	
6-32	1827-1830	the	_	_	_	
6-33	1831-1836	smell	Smell\_Word	*|*	6-34[8_0]|6-29	
6-34	1837-1839	of	Smell\_Source[8]	_	_	
6-35	1840-1842	my	Smell\_Source[8]	_	_	
6-36	1843-1851	Sauiours	Smell\_Source[8]	_	_	
6-37	1852-1861	oyntments	Smell\_Source[8]	_	_	
6-38	1861-1862	:	_	_	_	
6-39	1863-1866	how	_	_	_	
6-40	1867-1873	should	_	_	_	
6-41	1874-1875	I	_	_	_	
6-42	1876-1878	be	_	_	_	
6-43	1879-1886	induced	_	_	_	
6-44	1886-1887	,	_	_	_	
6-45	1888-1897	following	_	_	_	
6-46	1898-1901	the	_	_	_	
6-47	1902-1911	direction	_	_	_	
6-48	1912-1914	of	_	_	_	
6-49	1915-1921	reason	_	_	_	
6-50	1921-1922	,	_	_	_	
6-51	1923-1925	by	_	_	_	
6-52	1926-1930	such	_	_	_	
6-53	1931-1947	soule-bewitching	_	_	_	
6-54	1948-1956	vanities	_	_	_	
6-55	1956-1957	,	_	_	_	
6-56	1958-1963	which	_	_	_	
6-57	1964-1970	rather	_	_	_	
6-58	1971-1978	peruert	_	_	_	
6-59	1979-1982	the	_	_	_	
6-60	1983-1990	refined	_	_	_	
6-61	1991-1997	lustre	_	_	_	
6-62	1998-2000	of	_	_	_	
6-63	2001-2004	the	_	_	_	
6-64	2005-2010	minde	_	_	_	
6-65	2010-2011	,	_	_	_	
6-66	2012-2016	than	_	_	_	
6-67	2017-2021	adde	_	_	_	
6-68	2022-2025	the	_	_	_	
6-69	2026-2031	least	_	_	_	
6-70	2032-2034	of	_	_	_	
6-71	2035-2045	perfection	_	_	_	
6-72	2046-2048	to	_	_	_	
6-73	2049-2051	so	_	_	_	
6-74	2052-2061	excellent	_	_	_	
6-75	2062-2064	an	_	_	_	
6-76	2065-2072	essence	_	_	_	
6-77	2072-2073	?	_	_	_	

#Text=No, let Pigmalion dote on his owne picture, Narcissus on his shape, Niobe on her numerous progenie; my Taste, shall be to taste how sweet the Lord is; my Touch, the apprehension of his loue; my
#Text=sight, the contemplation of his glory; my eare, to accent his praise; my smell, to repose in the faire and pleasant pastures of his word.
7-1	2074-2076	No	_	_	_	
7-2	2076-2077	,	_	_	_	
7-3	2078-2081	let	_	_	_	
7-4	2082-2091	Pigmalion	_	_	_	
7-5	2092-2096	dote	_	_	_	
7-6	2097-2099	on	_	_	_	
7-7	2100-2103	his	_	_	_	
7-8	2104-2108	owne	_	_	_	
7-9	2109-2116	picture	_	_	_	
7-10	2116-2117	,	_	_	_	
7-11	2118-2127	Narcissus	_	_	_	
7-12	2128-2130	on	_	_	_	
7-13	2131-2134	his	_	_	_	
7-14	2135-2140	shape	_	_	_	
7-15	2140-2141	,	_	_	_	
7-16	2142-2147	Niobe	_	_	_	
7-17	2148-2150	on	_	_	_	
7-18	2151-2154	her	_	_	_	
7-19	2155-2163	numerous	_	_	_	
7-20	2164-2172	progenie	_	_	_	
7-21	2172-2173	;	_	_	_	
7-22	2174-2176	my	_	_	_	
7-23	2177-2182	Taste	_	_	_	
7-24	2182-2183	,	_	_	_	
7-25	2184-2189	shall	_	_	_	
7-26	2190-2192	be	_	_	_	
7-27	2193-2195	to	_	_	_	
7-28	2196-2201	taste	_	_	_	
7-29	2202-2205	how	_	_	_	
7-30	2206-2211	sweet	_	_	_	
7-31	2212-2215	the	_	_	_	
7-32	2216-2220	Lord	_	_	_	
7-33	2221-2223	is	_	_	_	
7-34	2223-2224	;	_	_	_	
7-35	2225-2227	my	_	_	_	
7-36	2228-2233	Touch	_	_	_	
7-37	2233-2234	,	_	_	_	
7-38	2235-2238	the	_	_	_	
7-39	2239-2251	apprehension	_	_	_	
7-40	2252-2254	of	_	_	_	
7-41	2255-2258	his	_	_	_	
7-42	2259-2263	loue	_	_	_	
7-43	2263-2264	;	_	_	_	
7-44	2265-2267	my	_	_	_	
7-45	2268-2273	sight	_	_	_	
7-46	2273-2274	,	_	_	_	
7-47	2275-2278	the	_	_	_	
7-48	2279-2292	contemplation	_	_	_	
7-49	2293-2295	of	_	_	_	
7-50	2296-2299	his	_	_	_	
7-51	2300-2305	glory	_	_	_	
7-52	2305-2306	;	_	_	_	
7-53	2307-2309	my	_	_	_	
7-54	2310-2314	eare	_	_	_	
7-55	2314-2315	,	_	_	_	
7-56	2316-2318	to	_	_	_	
7-57	2319-2325	accent	_	_	_	
7-58	2326-2329	his	_	_	_	
7-59	2330-2336	praise	_	_	_	
7-60	2336-2337	;	_	_	_	
7-61	2338-2340	my	Perceiver	_	_	
7-62	2341-2346	smell	Smell\_Word	*	7-61	
7-63	2346-2347	,	_	_	_	
7-64	2348-2350	to	_	_	_	
7-65	2351-2357	repose	_	_	_	
7-66	2358-2360	in	_	_	_	
7-67	2361-2364	the	_	_	_	
7-68	2365-2370	faire	_	_	_	
7-69	2371-2374	and	_	_	_	
7-70	2375-2383	pleasant	_	_	_	
7-71	2384-2392	pastures	_	_	_	
7-72	2393-2395	of	_	_	_	
7-73	2396-2399	his	_	_	_	
7-74	2400-2404	word	_	_	_	
7-75	2404-2405	.	_	_	_	

#Text=O comfort truly styled one; in that my soule transported aboue herselfe, vnites her selfe to be ioyned to her Redeemer.
8-1	2406-2407	O	_	_	_	
8-2	2408-2415	comfort	_	_	_	
8-3	2416-2421	truly	_	_	_	
8-4	2422-2428	styled	_	_	_	
8-5	2429-2432	one	_	_	_	
8-6	2432-2433	;	_	_	_	
8-7	2434-2436	in	_	_	_	
8-8	2437-2441	that	_	_	_	
8-9	2442-2444	my	_	_	_	
8-10	2445-2450	soule	_	_	_	
8-11	2451-2462	transported	_	_	_	
8-12	2463-2468	aboue	_	_	_	
8-13	2469-2477	herselfe	_	_	_	
8-14	2477-2478	,	_	_	_	
8-15	2479-2485	vnites	_	_	_	
8-16	2486-2489	her	_	_	_	
8-17	2490-2495	selfe	_	_	_	
8-18	2496-2498	to	_	_	_	
8-19	2499-2501	be	_	_	_	
8-20	2502-2508	ioyned	_	_	_	
8-21	2509-2511	to	_	_	_	
8-22	2512-2515	her	_	_	_	
8-23	2516-2524	Redeemer	_	_	_	
8-24	2524-2525	.	_	_	_	

#Text=The Gardens of the Hesperides warded and guarded by those three daughters of Atlas, were pleasant; the Gardens of Lucullus fragrant; the Groue of Ida eminent; yet not comparable to those exquisite pleasures, which the diuine pastures comprehend; there is that hedged Garden, that sealed Well, that Bethesda, that Eden, that Syloe; here may the delight of euery Sence be renewed; the thirstie satisfied, the hungry filled, the sicke cured, the labourer cheered, and the exquisite mirrour of all perfection; torrent of euer-flowing bounties, Iessaes branch, Aarons rod, and that flowrie
#Text=
#Text=garden of Engaddi represented.
9-1	2526-2529	The	_	_	_	
9-2	2530-2537	Gardens	_	_	_	
9-3	2538-2540	of	_	_	_	
9-4	2541-2544	the	_	_	_	
9-5	2545-2555	Hesperides	_	_	_	
9-6	2556-2562	warded	_	_	_	
9-7	2563-2566	and	_	_	_	
9-8	2567-2574	guarded	_	_	_	
9-9	2575-2577	by	_	_	_	
9-10	2578-2583	those	_	_	_	
9-11	2584-2589	three	_	_	_	
9-12	2590-2599	daughters	_	_	_	
9-13	2600-2602	of	_	_	_	
9-14	2603-2608	Atlas	_	_	_	
9-15	2608-2609	,	_	_	_	
9-16	2610-2614	were	_	_	_	
9-17	2615-2623	pleasant	_	_	_	
9-18	2623-2624	;	_	_	_	
9-19	2625-2628	the	_	_	_	
9-20	2629-2636	Gardens	_	_	_	
9-21	2637-2639	of	_	_	_	
9-22	2640-2648	Lucullus	_	_	_	
9-23	2649-2657	fragrant	_	_	_	
9-24	2657-2658	;	_	_	_	
9-25	2659-2662	the	_	_	_	
9-26	2663-2668	Groue	_	_	_	
9-27	2669-2671	of	_	_	_	
9-28	2672-2675	Ida	_	_	_	
9-29	2676-2683	eminent	_	_	_	
9-30	2683-2684	;	_	_	_	
9-31	2685-2688	yet	_	_	_	
9-32	2689-2692	not	_	_	_	
9-33	2693-2703	comparable	_	_	_	
9-34	2704-2706	to	_	_	_	
9-35	2707-2712	those	_	_	_	
9-36	2713-2722	exquisite	_	_	_	
9-37	2723-2732	pleasures	_	_	_	
9-38	2732-2733	,	_	_	_	
9-39	2734-2739	which	_	_	_	
9-40	2740-2743	the	_	_	_	
9-41	2744-2750	diuine	_	_	_	
9-42	2751-2759	pastures	_	_	_	
9-43	2760-2770	comprehend	_	_	_	
9-44	2770-2771	;	_	_	_	
9-45	2772-2777	there	_	_	_	
9-46	2778-2780	is	_	_	_	
9-47	2781-2785	that	_	_	_	
9-48	2786-2792	hedged	_	_	_	
9-49	2793-2799	Garden	_	_	_	
9-50	2799-2800	,	_	_	_	
9-51	2801-2805	that	_	_	_	
9-52	2806-2812	sealed	_	_	_	
9-53	2813-2817	Well	_	_	_	
9-54	2817-2818	,	_	_	_	
9-55	2819-2823	that	_	_	_	
9-56	2824-2832	Bethesda	_	_	_	
9-57	2832-2833	,	_	_	_	
9-58	2834-2838	that	_	_	_	
9-59	2839-2843	Eden	_	_	_	
9-60	2843-2844	,	_	_	_	
9-61	2845-2849	that	_	_	_	
9-62	2850-2855	Syloe	_	_	_	
9-63	2855-2856	;	_	_	_	
9-64	2857-2861	here	_	_	_	
9-65	2862-2865	may	_	_	_	
9-66	2866-2869	the	_	_	_	
9-67	2870-2877	delight	_	_	_	
9-68	2878-2880	of	_	_	_	
9-69	2881-2886	euery	_	_	_	
9-70	2887-2892	Sence	_	_	_	
9-71	2893-2895	be	_	_	_	
9-72	2896-2903	renewed	_	_	_	
9-73	2903-2904	;	_	_	_	
9-74	2905-2908	the	_	_	_	
9-75	2909-2917	thirstie	_	_	_	
9-76	2918-2927	satisfied	_	_	_	
9-77	2927-2928	,	_	_	_	
9-78	2929-2932	the	_	_	_	
9-79	2933-2939	hungry	_	_	_	
9-80	2940-2946	filled	_	_	_	
9-81	2946-2947	,	_	_	_	
9-82	2948-2951	the	_	_	_	
9-83	2952-2957	sicke	_	_	_	
9-84	2958-2963	cured	_	_	_	
9-85	2963-2964	,	_	_	_	
9-86	2965-2968	the	_	_	_	
9-87	2969-2977	labourer	_	_	_	
9-88	2978-2985	cheered	_	_	_	
9-89	2985-2986	,	_	_	_	
9-90	2987-2990	and	_	_	_	
9-91	2991-2994	the	_	_	_	
9-92	2995-3004	exquisite	_	_	_	
9-93	3005-3012	mirrour	_	_	_	
9-94	3013-3015	of	_	_	_	
9-95	3016-3019	all	_	_	_	
9-96	3020-3030	perfection	_	_	_	
9-97	3030-3031	;	_	_	_	
9-98	3032-3039	torrent	_	_	_	
9-99	3040-3042	of	_	_	_	
9-100	3043-3055	euer-flowing	_	_	_	
9-101	3056-3064	bounties	_	_	_	
9-102	3064-3065	,	_	_	_	
9-103	3066-3073	Iessaes	_	_	_	
9-104	3074-3080	branch	_	_	_	
9-105	3080-3081	,	_	_	_	
9-106	3082-3088	Aarons	_	_	_	
9-107	3089-3092	rod	_	_	_	
9-108	3092-3093	,	_	_	_	
9-109	3094-3097	and	_	_	_	
9-110	3098-3102	that	_	_	_	
9-111	3103-3110	flowrie	_	_	_	
9-112	3112-3118	garden	_	_	_	
9-113	3119-3121	of	_	_	_	
9-114	3122-3129	Engaddi	_	_	_	
9-115	3130-3141	represented	_	_	_	
9-116	3141-3142	.	_	_	_	

#Text=There is mel in ore, melos in aure, iubilus in corde; honie to the taste, melodie to the eare, and harmonie to the heart; honie which breedes no loathing, melodie which is neuer discording, harmonie euer agreeing.
10-1	3143-3148	There	_	_	_	
10-2	3149-3151	is	_	_	_	
10-3	3152-3155	mel	_	_	_	
10-4	3156-3158	in	_	_	_	
10-5	3159-3162	ore	_	_	_	
10-6	3162-3163	,	_	_	_	
10-7	3164-3169	melos	_	_	_	
10-8	3170-3172	in	_	_	_	
10-9	3173-3177	aure	_	_	_	
10-10	3177-3178	,	_	_	_	
10-11	3179-3186	iubilus	_	_	_	
10-12	3187-3189	in	_	_	_	
10-13	3190-3195	corde	_	_	_	
10-14	3195-3196	;	_	_	_	
10-15	3197-3202	honie	_	_	_	
10-16	3203-3205	to	_	_	_	
10-17	3206-3209	the	_	_	_	
10-18	3210-3215	taste	_	_	_	
10-19	3215-3216	,	_	_	_	
10-20	3217-3224	melodie	_	_	_	
10-21	3225-3227	to	_	_	_	
10-22	3228-3231	the	_	_	_	
10-23	3232-3236	eare	_	_	_	
10-24	3236-3237	,	_	_	_	
10-25	3238-3241	and	_	_	_	
10-26	3242-3250	harmonie	_	_	_	
10-27	3251-3253	to	_	_	_	
10-28	3254-3257	the	_	_	_	
10-29	3258-3263	heart	_	_	_	
10-30	3263-3264	;	_	_	_	
10-31	3265-3270	honie	_	_	_	
10-32	3271-3276	which	_	_	_	
10-33	3277-3284	breedes	_	_	_	
10-34	3285-3287	no	_	_	_	
10-35	3288-3296	loathing	_	_	_	
10-36	3296-3297	,	_	_	_	
10-37	3298-3305	melodie	_	_	_	
10-38	3306-3311	which	_	_	_	
10-39	3312-3314	is	_	_	_	
10-40	3315-3320	neuer	_	_	_	
10-41	3321-3331	discording	_	_	_	
10-42	3331-3332	,	_	_	_	
10-43	3333-3341	harmonie	_	_	_	
10-44	3342-3346	euer	_	_	_	
10-45	3347-3355	agreeing	_	_	_	
10-46	3355-3356	.	_	_	_	

#Text=This it is to be ioyned to an heau ' nly spouse, sending from Paradice pomgranats, with the fruits of apples; Cypresse, Nard, Nard and Saffron,* Fistula, and Cinnamon, with all the woods of Libanon, Mirrh and Aloës, with the best oyntments.
11-1	3357-3361	This	_	_	_	
11-2	3362-3364	it	_	_	_	
11-3	3365-3367	is	_	_	_	
11-4	3368-3370	to	_	_	_	
11-5	3371-3373	be	_	_	_	
11-6	3374-3380	ioyned	_	_	_	
11-7	3381-3383	to	_	_	_	
11-8	3384-3386	an	_	_	_	
11-9	3387-3391	heau	_	_	_	
11-10	3392-3393	'	_	_	_	
11-11	3394-3397	nly	_	_	_	
11-12	3398-3404	spouse	_	_	_	
11-13	3404-3405	,	_	_	_	
11-14	3406-3413	sending	_	_	_	
11-15	3414-3418	from	_	_	_	
11-16	3419-3427	Paradice	_	_	_	
11-17	3428-3438	pomgranats	_	_	_	
11-18	3438-3439	,	_	_	_	
11-19	3440-3444	with	_	_	_	
11-20	3445-3448	the	_	_	_	
11-21	3449-3455	fruits	_	_	_	
11-22	3456-3458	of	_	_	_	
11-23	3459-3465	apples	_	_	_	
11-24	3465-3466	;	_	_	_	
11-25	3467-3475	Cypresse	_	_	_	
11-26	3475-3476	,	_	_	_	
11-27	3477-3481	Nard	_	_	_	
11-28	3481-3482	,	_	_	_	
11-29	3483-3487	Nard	_	_	_	
11-30	3488-3491	and	_	_	_	
11-31	3492-3499	Saffron	_	_	_	
11-32	3499-3500	,	_	_	_	
11-33	3500-3501	*	_	_	_	
11-34	3502-3509	Fistula	_	_	_	
11-35	3509-3510	,	_	_	_	
11-36	3511-3514	and	_	_	_	
11-37	3515-3523	Cinnamon	_	_	_	
11-38	3523-3524	,	_	_	_	
11-39	3525-3529	with	_	_	_	
11-40	3530-3533	all	_	_	_	
11-41	3534-3537	the	_	_	_	
11-42	3538-3543	woods	_	_	_	
11-43	3544-3546	of	_	_	_	
11-44	3547-3554	Libanon	_	_	_	
11-45	3554-3555	,	_	_	_	
11-46	3556-3561	Mirrh	_	_	_	
11-47	3562-3565	and	_	_	_	
11-48	3566-3571	Aloës	_	_	_	
11-49	3571-3572	,	_	_	_	
11-50	3573-3577	with	_	_	_	
11-51	3578-3581	the	_	_	_	
11-52	3582-3586	best	_	_	_	
11-53	3587-3596	oyntments	_	_	_	
11-54	3596-3597	.	_	_	_	

#Text=What excellent delights be here proposed?
12-1	3598-3602	What	_	_	_	
12-2	3603-3612	excellent	_	_	_	
12-3	3613-3621	delights	_	_	_	
12-4	3622-3624	be	_	_	_	
12-5	3625-3629	here	_	_	_	
12-6	3630-3638	proposed	_	_	_	
12-7	3638-3639	?	_	_	_	

#Text=what exquisite comforts ministred?
13-1	3640-3644	what	_	_	_	
13-2	3645-3654	exquisite	_	_	_	
13-3	3655-3663	comforts	_	_	_	
13-4	3664-3673	ministred	_	_	_	
13-5	3673-3674	?	_	_	_	

#Text=it is sufficient for me to admire them in this pilgrimage, enioying them by contemplation, which after many pilgrim dayes I shall possesse in fruition.
14-1	3675-3677	it	_	_	_	
14-2	3678-3680	is	_	_	_	
14-3	3681-3691	sufficient	_	_	_	
14-4	3692-3695	for	_	_	_	
14-5	3696-3698	me	_	_	_	
14-6	3699-3701	to	_	_	_	
14-7	3702-3708	admire	_	_	_	
14-8	3709-3713	them	_	_	_	
14-9	3714-3716	in	_	_	_	
14-10	3717-3721	this	_	_	_	
14-11	3722-3732	pilgrimage	_	_	_	
14-12	3732-3733	,	_	_	_	
14-13	3734-3742	enioying	_	_	_	
14-14	3743-3747	them	_	_	_	
14-15	3748-3750	by	_	_	_	
14-16	3751-3764	contemplation	_	_	_	
14-17	3764-3765	,	_	_	_	
14-18	3766-3771	which	_	_	_	
14-19	3772-3777	after	_	_	_	
14-20	3778-3782	many	_	_	_	
14-21	3783-3790	pilgrim	_	_	_	
14-22	3791-3796	dayes	_	_	_	
14-23	3797-3798	I	_	_	_	
14-24	3799-3804	shall	_	_	_	
14-25	3805-3813	possesse	_	_	_	
14-26	3814-3816	in	_	_	_	
14-27	3817-3825	fruition	_	_	_	
14-28	3825-3826	.	_	_	_	

#Text=There is no Pomander to smell at, like the oyntment of my Sauiour: he is all sweet, all comfort, all
#Text=
#Text=delight; sweet in his mercy, comfortable in his promise, and delightfull in his presence; in his mercy a father, in his comfort a redeemer, and in his delight a replenisher; from his mercy and compassion is deriued abundantly fulnes of consolation, from his comfort or promise, an assured expectation, and from his delight, of himselfe a plenarie possession.
15-1	3827-3832	There	_	_	_	
15-2	3833-3835	is	_	_	_	
15-3	3836-3838	no	_	_	_	
15-4	3839-3847	Pomander	Smell\_Source	_	_	
15-5	3848-3850	to	_	_	_	
15-6	3851-3856	smell	Smell\_Word	*	15-4	
15-7	3857-3859	at	_	_	_	
15-8	3859-3860	,	_	_	_	
15-9	3861-3865	like	_	_	_	
15-10	3866-3869	the	_	_	_	
15-11	3870-3878	oyntment	_	_	_	
15-12	3879-3881	of	_	_	_	
15-13	3882-3884	my	_	_	_	
15-14	3885-3892	Sauiour	_	_	_	
15-15	3892-3893	:	_	_	_	
15-16	3894-3896	he	_	_	_	
15-17	3897-3899	is	_	_	_	
15-18	3900-3903	all	_	_	_	
15-19	3904-3909	sweet	_	_	_	
15-20	3909-3910	,	_	_	_	
15-21	3911-3914	all	_	_	_	
15-22	3915-3922	comfort	_	_	_	
15-23	3922-3923	,	_	_	_	
15-24	3924-3927	all	_	_	_	
15-25	3929-3936	delight	_	_	_	
15-26	3936-3937	;	_	_	_	
15-27	3938-3943	sweet	_	_	_	
15-28	3944-3946	in	_	_	_	
15-29	3947-3950	his	_	_	_	
15-30	3951-3956	mercy	_	_	_	
15-31	3956-3957	,	_	_	_	
15-32	3958-3969	comfortable	_	_	_	
15-33	3970-3972	in	_	_	_	
15-34	3973-3976	his	_	_	_	
15-35	3977-3984	promise	_	_	_	
15-36	3984-3985	,	_	_	_	
15-37	3986-3989	and	_	_	_	
15-38	3990-4001	delightfull	_	_	_	
15-39	4002-4004	in	_	_	_	
15-40	4005-4008	his	_	_	_	
15-41	4009-4017	presence	_	_	_	
15-42	4017-4018	;	_	_	_	
15-43	4019-4021	in	_	_	_	
15-44	4022-4025	his	_	_	_	
15-45	4026-4031	mercy	_	_	_	
15-46	4032-4033	a	_	_	_	
15-47	4034-4040	father	_	_	_	
15-48	4040-4041	,	_	_	_	
15-49	4042-4044	in	_	_	_	
15-50	4045-4048	his	_	_	_	
15-51	4049-4056	comfort	_	_	_	
15-52	4057-4058	a	_	_	_	
15-53	4059-4067	redeemer	_	_	_	
15-54	4067-4068	,	_	_	_	
15-55	4069-4072	and	_	_	_	
15-56	4073-4075	in	_	_	_	
15-57	4076-4079	his	_	_	_	
15-58	4080-4087	delight	_	_	_	
15-59	4088-4089	a	_	_	_	
15-60	4090-4101	replenisher	_	_	_	
15-61	4101-4102	;	_	_	_	
15-62	4103-4107	from	_	_	_	
15-63	4108-4111	his	_	_	_	
15-64	4112-4117	mercy	_	_	_	
15-65	4118-4121	and	_	_	_	
15-66	4122-4132	compassion	_	_	_	
15-67	4133-4135	is	_	_	_	
15-68	4136-4143	deriued	_	_	_	
15-69	4144-4154	abundantly	_	_	_	
15-70	4155-4161	fulnes	_	_	_	
15-71	4162-4164	of	_	_	_	
15-72	4165-4176	consolation	_	_	_	
15-73	4176-4177	,	_	_	_	
15-74	4178-4182	from	_	_	_	
15-75	4183-4186	his	_	_	_	
15-76	4187-4194	comfort	_	_	_	
15-77	4195-4197	or	_	_	_	
15-78	4198-4205	promise	_	_	_	
15-79	4205-4206	,	_	_	_	
15-80	4207-4209	an	_	_	_	
15-81	4210-4217	assured	_	_	_	
15-82	4218-4229	expectation	_	_	_	
15-83	4229-4230	,	_	_	_	
15-84	4231-4234	and	_	_	_	
15-85	4235-4239	from	_	_	_	
15-86	4240-4243	his	_	_	_	
15-87	4244-4251	delight	_	_	_	
15-88	4251-4252	,	_	_	_	
15-89	4253-4255	of	_	_	_	
15-90	4256-4264	himselfe	_	_	_	
15-91	4265-4266	a	_	_	_	
15-92	4267-4275	plenarie	_	_	_	
15-93	4276-4286	possession	_	_	_	
15-94	4286-4287	.	_	_	_	

#Text=O would to God with happy Ioseph, I had taken downe my Sauiour from the crosse, embalmed him in the spices or graces of my soule, had layen him in the new sepulchre of my heart, that at least attending or following my IESVS, my obedience might haue ministred something to so heauenly obsequies.
16-1	4288-4289	O	_	_	_	
16-2	4290-4295	would	_	_	_	
16-3	4296-4298	to	_	_	_	
16-4	4299-4302	God	_	_	_	
16-5	4303-4307	with	_	_	_	
16-6	4308-4313	happy	_	_	_	
16-7	4314-4320	Ioseph	_	_	_	
16-8	4320-4321	,	_	_	_	
16-9	4322-4323	I	_	_	_	
16-10	4324-4327	had	_	_	_	
16-11	4328-4333	taken	_	_	_	
16-12	4334-4339	downe	_	_	_	
16-13	4340-4342	my	_	_	_	
16-14	4343-4350	Sauiour	_	_	_	
16-15	4351-4355	from	_	_	_	
16-16	4356-4359	the	_	_	_	
16-17	4360-4366	crosse	_	_	_	
16-18	4366-4367	,	_	_	_	
16-19	4368-4376	embalmed	_	_	_	
16-20	4377-4380	him	_	_	_	
16-21	4381-4383	in	_	_	_	
16-22	4384-4387	the	_	_	_	
16-23	4388-4394	spices	_	_	_	
16-24	4395-4397	or	_	_	_	
16-25	4398-4404	graces	_	_	_	
16-26	4405-4407	of	_	_	_	
16-27	4408-4410	my	_	_	_	
16-28	4411-4416	soule	_	_	_	
16-29	4416-4417	,	_	_	_	
16-30	4418-4421	had	_	_	_	
16-31	4422-4427	layen	_	_	_	
16-32	4428-4431	him	_	_	_	
16-33	4432-4434	in	_	_	_	
16-34	4435-4438	the	_	_	_	
16-35	4439-4442	new	_	_	_	
16-36	4443-4452	sepulchre	_	_	_	
16-37	4453-4455	of	_	_	_	
16-38	4456-4458	my	_	_	_	
16-39	4459-4464	heart	_	_	_	
16-40	4464-4465	,	_	_	_	
16-41	4466-4470	that	_	_	_	
16-42	4471-4473	at	_	_	_	
16-43	4474-4479	least	_	_	_	
16-44	4480-4489	attending	_	_	_	
16-45	4490-4492	or	_	_	_	
16-46	4493-4502	following	_	_	_	
16-47	4503-4505	my	_	_	_	
16-48	4506-4511	IESVS	_	_	_	
16-49	4511-4512	,	_	_	_	
16-50	4513-4515	my	_	_	_	
16-51	4516-4525	obedience	_	_	_	
16-52	4526-4531	might	_	_	_	
16-53	4532-4536	haue	_	_	_	
16-54	4537-4546	ministred	_	_	_	
16-55	4547-4556	something	_	_	_	
16-56	4557-4559	to	_	_	_	
16-57	4560-4562	so	_	_	_	
16-58	4563-4571	heauenly	_	_	_	
16-59	4572-4581	obsequies	_	_	_	
16-60	4581-4582	.	_	_	_	

#Text=For how should I think but by the smell of his oyntments, my sin-sicke and soule soiled conscience should be cured, who had power to raise dead Lazarus stinking
#Text=in his graue, hauing bene foure dayes buried?
17-1	4583-4586	For	_	_	_	
17-2	4587-4590	how	_	_	_	
17-3	4591-4597	should	_	_	_	
17-4	4598-4599	I	Perceiver	_	_	
17-5	4600-4605	think	_	_	_	
17-6	4606-4609	but	_	_	_	
17-7	4610-4612	by	_	_	_	
17-8	4613-4616	the	_	_	_	
17-9	4617-4622	smell	Smell\_Word	*|*	17-10[9_0]|17-4	
17-10	4623-4625	of	Smell\_Source[9]	_	_	
17-11	4626-4629	his	Smell\_Source[9]	_	_	
17-12	4630-4639	oyntments	Smell\_Source[9]	_	_	
17-13	4639-4640	,	_	_	_	
17-14	4641-4643	my	_	_	_	
17-15	4644-4653	sin-sicke	_	_	_	
17-16	4654-4657	and	_	_	_	
17-17	4658-4663	soule	_	_	_	
17-18	4664-4670	soiled	_	_	_	
17-19	4671-4681	conscience	_	_	_	
17-20	4682-4688	should	_	_	_	
17-21	4689-4691	be	_	_	_	
17-22	4692-4697	cured	_	_	_	
17-23	4697-4698	,	_	_	_	
17-24	4699-4702	who	_	_	_	
17-25	4703-4706	had	_	_	_	
17-26	4707-4712	power	_	_	_	
17-27	4713-4715	to	_	_	_	
17-28	4716-4721	raise	_	_	_	
17-29	4722-4726	dead	Smell\_Source[10]	_	_	
17-30	4727-4734	Lazarus	Smell\_Source[10]	_	_	
17-31	4735-4743	stinking	Smell\_Word[11]|Quality[12]	*|*|*	17-31[12_11]|17-29[10_11]|17-32[13_11]	
17-32	4744-4746	in	Location[13]	_	_	
17-33	4747-4750	his	Location[13]	_	_	
17-34	4751-4756	graue	Location[13]	_	_	
17-35	4756-4757	,	_	_	_	
17-36	4758-4764	hauing	_	_	_	
17-37	4765-4769	bene	_	_	_	
17-38	4770-4775	foure	_	_	_	
17-39	4776-4781	dayes	_	_	_	
17-40	4782-4788	buried	_	_	_	
17-41	4788-4789	?	_	_	_	

#Text=O that I might goe to the mountaine of Myrrh,* to the hill of Frankincense, to be ioyned to him, whose oyntments are aboue all spices: how should I want any thing being so enriched?
18-1	4790-4791	O	_	_	_	
18-2	4792-4796	that	_	_	_	
18-3	4797-4798	I	_	_	_	
18-4	4799-4804	might	_	_	_	
18-5	4805-4808	goe	_	_	_	
18-6	4809-4811	to	_	_	_	
18-7	4812-4815	the	_	_	_	
18-8	4816-4825	mountaine	_	_	_	
18-9	4826-4828	of	_	_	_	
18-10	4829-4834	Myrrh	_	_	_	
18-11	4834-4835	,	_	_	_	
18-12	4835-4836	*	_	_	_	
18-13	4837-4839	to	_	_	_	
18-14	4840-4843	the	_	_	_	
18-15	4844-4848	hill	_	_	_	
18-16	4849-4851	of	_	_	_	
18-17	4852-4864	Frankincense	_	_	_	
18-18	4864-4865	,	_	_	_	
18-19	4866-4868	to	_	_	_	
18-20	4869-4871	be	_	_	_	
18-21	4872-4878	ioyned	_	_	_	
18-22	4879-4881	to	_	_	_	
18-23	4882-4885	him	_	_	_	
18-24	4885-4886	,	_	_	_	
18-25	4887-4892	whose	_	_	_	
18-26	4893-4902	oyntments	_	_	_	
18-27	4903-4906	are	_	_	_	
18-28	4907-4912	aboue	_	_	_	
18-29	4913-4916	all	_	_	_	
18-30	4917-4923	spices	_	_	_	
18-31	4923-4924	:	_	_	_	
18-32	4925-4928	how	_	_	_	
18-33	4929-4935	should	_	_	_	
18-34	4936-4937	I	_	_	_	
18-35	4938-4942	want	_	_	_	
18-36	4943-4946	any	_	_	_	
18-37	4947-4952	thing	_	_	_	
18-38	4953-4958	being	_	_	_	
18-39	4959-4961	so	_	_	_	
18-40	4962-4970	enriched	_	_	_	
18-41	4970-4971	?	_	_	_	

#Text=how should I feare any thing being so armed?
19-1	4972-4975	how	_	_	_	
19-2	4976-4982	should	_	_	_	
19-3	4983-4984	I	_	_	_	
19-4	4985-4990	feare	_	_	_	
19-5	4991-4994	any	_	_	_	
19-6	4995-5000	thing	_	_	_	
19-7	5001-5006	being	_	_	_	
19-8	5007-5009	so	_	_	_	
19-9	5010-5015	armed	_	_	_	
19-10	5015-5016	?	_	_	_	

#Text=or how wish any thing, hauing whatsoeuer I desired?
20-1	5017-5019	or	_	_	_	
20-2	5020-5023	how	_	_	_	
20-3	5024-5028	wish	_	_	_	
20-4	5029-5032	any	_	_	_	
20-5	5033-5038	thing	_	_	_	
20-6	5038-5039	,	_	_	_	
20-7	5040-5046	hauing	_	_	_	
20-8	5047-5057	whatsoeuer	_	_	_	
20-9	5058-5059	I	_	_	_	
20-10	5060-5067	desired	_	_	_	
20-11	5067-5068	?	_	_	_	

#Text=Sweet-smelling perfume of selected vertues, pure streame of diuine graces, and amiable beauty neuer blemished; no delight shall withhold me, no affection seduce me, no inordinate pleasure entice me, no sweet smell draw me; I haue tyed my selfe to my spouse in all my Sences; being He, that ministers refreshment to all my Sences.
21-1	5069-5083	Sweet-smelling	Smell\_Word[14]|Quality[15]	*|*	21-1[15_14]|21-2[16_14]	
21-2	5084-5091	perfume	Smell\_Source[16]	_	_	
21-3	5092-5094	of	Smell\_Source[16]	_	_	
21-4	5095-5103	selected	Smell\_Source[16]	_	_	
21-5	5104-5111	vertues	Smell\_Source[16]	_	_	
21-6	5111-5112	,	_	_	_	
21-7	5113-5117	pure	_	_	_	
21-8	5118-5125	streame	_	_	_	
21-9	5126-5128	of	_	_	_	
21-10	5129-5135	diuine	_	_	_	
21-11	5136-5142	graces	_	_	_	
21-12	5142-5143	,	_	_	_	
21-13	5144-5147	and	_	_	_	
21-14	5148-5155	amiable	_	_	_	
21-15	5156-5162	beauty	_	_	_	
21-16	5163-5168	neuer	_	_	_	
21-17	5169-5178	blemished	_	_	_	
21-18	5178-5179	;	_	_	_	
21-19	5180-5182	no	_	_	_	
21-20	5183-5190	delight	_	_	_	
21-21	5191-5196	shall	_	_	_	
21-22	5197-5205	withhold	_	_	_	
21-23	5206-5208	me	_	_	_	
21-24	5208-5209	,	_	_	_	
21-25	5210-5212	no	_	_	_	
21-26	5213-5222	affection	_	_	_	
21-27	5223-5229	seduce	_	_	_	
21-28	5230-5232	me	_	_	_	
21-29	5232-5233	,	_	_	_	
21-30	5234-5236	no	_	_	_	
21-31	5237-5247	inordinate	_	_	_	
21-32	5248-5256	pleasure	_	_	_	
21-33	5257-5263	entice	_	_	_	
21-34	5264-5266	me	_	_	_	
21-35	5266-5267	,	_	_	_	
21-36	5268-5270	no	_	_	_	
21-37	5271-5276	sweet	Quality	_	_	
21-38	5277-5282	smell	Smell\_Word	*|*	21-40|21-37	
21-39	5283-5287	draw	_	_	_	
21-40	5288-5290	me	Perceiver	_	_	
21-41	5290-5291	;	_	_	_	
21-42	5292-5293	I	_	_	_	
21-43	5294-5298	haue	_	_	_	
21-44	5299-5303	tyed	_	_	_	
21-45	5304-5306	my	_	_	_	
21-46	5307-5312	selfe	_	_	_	
21-47	5313-5315	to	_	_	_	
21-48	5316-5318	my	_	_	_	
21-49	5319-5325	spouse	_	_	_	
21-50	5326-5328	in	_	_	_	
21-51	5329-5332	all	_	_	_	
21-52	5333-5335	my	_	_	_	
21-53	5336-5342	Sences	_	_	_	
21-54	5342-5343	;	_	_	_	
21-55	5344-5349	being	_	_	_	
21-56	5350-5352	He	_	_	_	
21-57	5352-5353	,	_	_	_	
21-58	5354-5358	that	_	_	_	
21-59	5359-5368	ministers	_	_	_	
21-60	5369-5380	refreshment	_	_	_	
21-61	5381-5383	to	_	_	_	
21-62	5384-5387	all	_	_	_	
21-63	5388-5390	my	_	_	_	
21-64	5391-5397	Sences	_	_	_	
21-65	5397-5398	.	_	_	_	
