#FORMAT=WebAnno TSV 3.3
#T_SP=custom.Span|label
#T_RL=custom.Relation|label|BT_custom.Span


#Text=Das vierdte Geſchlecht iſt der Pe-
#Text=ruaniſche Zimmetbaum/ Cinnamomum ſive
#Text=Canella Peruana, C.
1-1	2-5	Das	_	_	_	
1-2	6-13	vierdte	_	_	_	
1-3	14-24	Geſchlecht	_	_	_	
1-4	25-28	iſt	_	_	_	
1-5	29-32	der	_	_	_	
1-6	33-35	Pe	Smell\_Source[1]	*|*	8-2[0_1]|9-4[0_1]	
1-7	35-36	-	Smell\_Source[1]	_	_	
1-8	37-46	ruaniſche	Smell\_Source[1]	_	_	
1-9	47-57	Zimmetbaum	Smell\_Source[1]	_	_	
1-10	57-58	/	_	_	_	
1-11	59-69	Cinnamomum	Smell\_Source[2]	_	_	
1-12	70-74	ſive	Smell\_Source[2]	_	_	
1-13	75-82	Canella	Smell\_Source[2]	_	_	
1-14	83-90	Peruana	Smell\_Source[2]	_	_	
1-15	90-91	,	_	_	_	
1-16	92-93	C	_	_	_	
1-17	93-94	.	_	_	_	

#Text=B.
2-1	95-96	B	_	_	_	
2-2	96-97	.	_	_	_	

#Text=Canella Peruana fructu
#Text=Pileo ſimili, J.
3-1	98-105	Canella	_	_	_	
3-2	106-113	Peruana	_	_	_	
3-3	114-120	fructu	_	_	_	
3-4	121-126	Pileo	_	_	_	
3-5	127-133	ſimili	_	_	_	
3-6	133-134	,	_	_	_	
3-7	135-136	J	_	_	_	
3-8	136-137	.	_	_	_	

#Text=B.
4-1	138-139	B	_	_	_	
4-2	139-140	.	_	_	_	

#Text=Laurus Americana, J.
5-1	141-147	Laurus	_	_	_	
5-2	148-157	Americana	_	_	_	
5-3	157-158	,	_	_	_	
5-4	159-160	J	_	_	_	
5-5	160-161	.	_	_	_	

#Text=Raji.
6-1	162-166	Raji	_	_	_	
6-2	166-167	.	_	_	_	

#Text=Jſt ein mittelmaͤßiger Baum/
#Text=immer gruͤ-
#Text=nend/ hat Blaͤtter wie der Lorbeerbaum.
7-1	169-172	Jſt	_	_	_	
7-2	173-176	ein	_	_	_	
7-3	177-191	mittelmaͤßiger	_	_	_	
7-4	192-196	Baum	_	_	_	
7-5	196-197	/	_	_	_	
7-6	198-203	immer	_	_	_	
7-7	204-208	gruͤ	_	_	_	
7-8	208-209	-	_	_	_	
7-9	210-214	nend	_	_	_	
7-10	214-215	/	_	_	_	
7-11	216-219	hat	_	_	_	
7-12	220-228	Blaͤtter	_	_	_	
7-13	229-232	wie	_	_	_	
7-14	233-236	der	_	_	_	
7-15	237-248	Lorbeerbaum	_	_	_	
7-16	248-249	.	_	_	_	

#Text=Die Frucht hat die figur eines Huͤtleins/
#Text=ſo
#Text=groß als ein Reichsthaler/ durchgehends
#Text=von purpurfarb/
#Text=auff ſchwartz ziehend/
#Text=in-
#Text=wendig glatt/
#Text=aͤuſſerlich rauch/ dem geruch
#Text=und geſchmack nach ſich durchauß dem Zim-
#Text=met vergleichend.
8-1	252-255	Die	_	_	_	
8-2	256-262	Frucht	Smell\_Source	_	_	
8-3	263-266	hat	_	_	_	
8-4	267-270	die	_	_	_	
8-5	271-276	figur	_	_	_	
8-6	277-282	eines	_	_	_	
8-7	283-292	Huͤtleins	_	_	_	
8-8	292-293	/	_	_	_	
8-9	294-296	ſo	_	_	_	
8-10	297-301	groß	_	_	_	
8-11	302-305	als	_	_	_	
8-12	306-309	ein	_	_	_	
8-13	310-322	Reichsthaler	_	_	_	
8-14	322-323	/	_	_	_	
8-15	324-336	durchgehends	_	_	_	
8-16	337-340	von	_	_	_	
8-17	341-351	purpurfarb	_	_	_	
8-18	351-352	/	_	_	_	
8-19	353-357	auff	_	_	_	
8-20	358-366	ſchwartz	_	_	_	
8-21	367-374	ziehend	_	_	_	
8-22	374-375	/	_	_	_	
8-23	376-378	in	_	_	_	
8-24	378-379	-	_	_	_	
8-25	380-386	wendig	_	_	_	
8-26	387-392	glatt	_	_	_	
8-27	392-393	/	_	_	_	
8-28	394-405	aͤuſſerlich	_	_	_	
8-29	406-411	rauch	_	_	_	
8-30	411-412	/	_	_	_	
8-31	413-416	dem	_	_	_	
8-32	417-423	geruch	Smell\_Word[3]|*[4]	_	_	
8-33	424-427	und	_	_	_	
8-34	428-437	geſchmack	_	_	_	
8-35	438-442	nach	Effect[5]	_	_	
8-36	443-447	ſich	Effect[5]	_	_	
8-37	448-456	durchauß	Effect[5]	_	_	
8-38	457-460	dem	Effect[5]	_	_	
8-39	461-464	Zim	Effect[5]|*[6]	_	_	
8-40	464-465	-	Effect[5]|*[6]	_	_	
8-41	466-469	met	Effect[5]|*[6]	_	_	
8-42	470-482	vergleichend	Effect[5]	_	_	
8-43	482-483	.	_	_	_	

#Text=Die Rinde dieſes
#Text=Baums
#Text=aber ſoll keinen ſonderlichen geruch haben.
9-1	484-487	Die	_	_	_	
9-2	488-493	Rinde	Smell\_Source	_	_	
9-3	494-500	dieſes	_	_	_	
9-4	501-506	Baums	Smell\_Source	*	9-2	
9-5	507-511	aber	_	_	_	
9-6	512-516	ſoll	_	_	_	
9-7	517-523	keinen	Quality	_	_	
9-8	524-536	ſonderlichen	Quality	*	9-7	
9-9	537-543	geruch	*[7]|Smell\_Word[8]	*	9-8[0_8]	
9-10	544-549	haben	_	_	_	
9-11	549-550	.	_	_	_	

#Text=Die beſte krafft beſtehet in der Frucht.
10-1	553-556	Die	_	_	_	
10-2	557-562	beſte	_	_	_	
10-3	563-569	krafft	_	_	_	
10-4	570-578	beſtehet	_	_	_	
10-5	579-581	in	_	_	_	
10-6	582-585	der	_	_	_	
10-7	586-592	Frucht	_	_	_	
10-8	592-593	.	_	_	_	

#Text=Waͤchſt in der Provintz Sumaco.
11-1	595-602	Waͤchſt	_	_	_	
11-2	603-605	in	_	_	_	
11-3	606-609	der	_	_	_	
11-4	610-618	Provintz	_	_	_	
11-5	619-625	Sumaco	_	_	_	
11-6	625-626	.	_	_	_	

#Text=Eigenſchafft.
12-1	629-641	Eigenſchafft	_	_	_	
12-2	641-642	.	_	_	_	

#Text=Der Zimmetbaum/ und ſonderlich deſſen
#Text=Rinde hat ein aromatiſches mit fluͤchtigem
#Text=ſaltz vergeſellſchafftetes Oel under ſeiner
#Text=irꝛdiſchen Subſtantz verborgen/ dahero ſie
#Text=
#Text=gute wuͤrckung hat das Gebluͤt zu erduͤnne-
#Text=ren/ das Hertz und Nerven zu ſtaͤrcken/
#Text=
#Text=den Eß-luſt zu erwecken/
#Text=Grimmen zu ſtil-
#Text=len.
13-1	645-648	Der	_	_	_	
13-2	649-659	Zimmetbaum	_	_	_	
13-3	659-660	/	_	_	_	
13-4	661-664	und	_	_	_	
13-5	665-675	ſonderlich	_	_	_	
13-6	676-682	deſſen	_	_	_	
13-7	683-688	Rinde	_	_	_	
13-8	689-692	hat	_	_	_	
13-9	693-696	ein	_	_	_	
13-10	697-709	aromatiſches	_	_	_	
13-11	710-713	mit	_	_	_	
13-12	714-725	fluͤchtigem	_	_	_	
13-13	726-731	ſaltz	_	_	_	
13-14	732-752	vergeſellſchafftetes	_	_	_	
13-15	753-756	Oel	_	_	_	
13-16	757-762	under	_	_	_	
13-17	763-769	ſeiner	_	_	_	
13-18	770-780	irꝛdiſchen	_	_	_	
13-19	781-790	Subſtantz	_	_	_	
13-20	791-800	verborgen	_	_	_	
13-21	800-801	/	_	_	_	
13-22	802-808	dahero	_	_	_	
13-23	809-812	ſie	_	_	_	
13-24	814-818	gute	_	_	_	
13-25	819-828	wuͤrckung	_	_	_	
13-26	829-832	hat	_	_	_	
13-27	833-836	das	_	_	_	
13-28	837-844	Gebluͤt	_	_	_	
13-29	845-847	zu	_	_	_	
13-30	848-856	erduͤnne	_	_	_	
13-31	856-857	-	_	_	_	
13-32	858-861	ren	_	_	_	
13-33	861-862	/	_	_	_	
13-34	863-866	das	_	_	_	
13-35	867-872	Hertz	_	_	_	
13-36	873-876	und	_	_	_	
13-37	877-883	Nerven	_	_	_	
13-38	884-886	zu	_	_	_	
13-39	887-896	ſtaͤrcken	_	_	_	
13-40	896-897	/	_	_	_	
13-41	899-902	den	_	_	_	
13-42	903-910	Eß-luſt	_	_	_	
13-43	911-913	zu	_	_	_	
13-44	914-922	erwecken	_	_	_	
13-45	922-923	/	_	_	_	
13-46	924-931	Grimmen	_	_	_	
13-47	932-934	zu	_	_	_	
13-48	935-939	ſtil	_	_	_	
13-49	939-940	-	_	_	_	
13-50	941-944	len	_	_	_	
13-51	944-945	.	_	_	_	
