#FORMAT=WebAnno TSV 3.3


#Text=Doe sprack de HEERE tot Mose, seggende:
#Text=
#Text=45
#Text=
#Text=Of, heffet u op.
1-1	2-5	Doe	
1-2	6-12	sprack	
1-3	13-15	de	
1-4	16-21	HEERE	
1-5	22-25	tot	
1-6	26-30	Mose	
1-7	30-31	,	
1-8	32-40	seggende	
1-9	40-41	:	
1-10	43-45	45	
1-11	47-49	Of	
1-12	49-50	,	
1-13	51-57	heffet	
1-14	58-59	u	
1-15	60-62	op	
1-16	62-63	.	

#Text=Maeckt u op uyt het midden van dese vergaderinge: ende ick salse verteeren, als in een oogenblick: doe vielen T.w.
2-1	64-70	Maeckt	
2-2	71-72	u	
2-3	73-75	op	
2-4	76-79	uyt	
2-5	80-83	het	
2-6	84-90	midden	
2-7	91-94	van	
2-8	95-99	dese	
2-9	100-112	vergaderinge	
2-10	112-113	:	
2-11	114-118	ende	
2-12	119-122	ick	
2-13	123-128	salse	
2-14	129-138	verteeren	
2-15	138-139	,	
2-16	140-143	als	
2-17	144-146	in	
2-18	147-150	een	
2-19	151-161	oogenblick	
2-20	161-162	:	
2-21	163-166	doe	
2-22	167-173	vielen	
2-23	174-177	T.w	
2-24	177-178	.	

#Text=Mose ende Aaron.
3-1	179-183	Mose	
3-2	184-188	ende	
3-3	189-194	Aaron	
3-4	194-195	.	

#Text=Siet bov.
#Text=versen 4, 22.
#Text=sy op hare aengesichten.
#Text=
#Text=46
#Text=
#Text=Ende
#Text=Mose seyde tot Aaron;
#Text=Neemt het wieroockvat, ende doet vyer daer in van den altaer, ende leght reuckwerck daer op, haestelick gaende tot de vergaderinge, Siet Levit.
#Text=1.
#Text=op vers 4.
#Text=doet over hen versoeninge: want een groote D. eene groote straffe is van den toornigen Godt uyt gesonden, ende begint bereeds aen te gaen.
#Text=toorn is van voor het aengesichte des HEEREN uyt gegaen, de plage heeft aengevangen.
#Text=
#Text=47
#Text=
#Text=
#Text=Ende Aaron
#Text=nam het, gelijck als Mose gesproken hadde, ende liep in het midden der gemeynte, ende siet, de plage hadde aengevangen onder den volcke:
#Text=ende hy leyde reuckwerck daer in, ende dede versoeninge over het volck.
4-1	196-200	Siet	
4-2	201-204	bov	
4-3	204-205	.	
4-4	206-212	versen	
4-5	213-214	4	
4-6	214-215	,	
4-7	216-218	22	
4-8	218-219	.	
4-9	220-222	sy	
4-10	223-225	op	
4-11	226-230	hare	
4-12	231-243	aengesichten	
4-13	243-244	.	
4-14	246-248	46	
4-15	250-254	Ende	
4-16	255-259	Mose	
4-17	260-265	seyde	
4-18	266-269	tot	
4-19	270-275	Aaron	
4-20	275-276	;	
4-21	277-282	Neemt	
4-22	283-286	het	
4-23	287-298	wieroockvat	
4-24	298-299	,	
4-25	300-304	ende	
4-26	305-309	doet	
4-27	310-314	vyer	
4-28	315-319	daer	
4-29	320-322	in	
4-30	323-326	van	
4-31	327-330	den	
4-32	331-337	altaer	
4-33	337-338	,	
4-34	339-343	ende	
4-35	344-349	leght	
4-36	350-360	reuckwerck	
4-37	361-365	daer	
4-38	366-368	op	
4-39	368-369	,	
4-40	370-380	haestelick	
4-41	381-387	gaende	
4-42	388-391	tot	
4-43	392-394	de	
4-44	395-407	vergaderinge	
4-45	407-408	,	
4-46	409-413	Siet	
4-47	414-419	Levit	
4-48	419-420	.	
4-49	421-422	1	
4-50	422-423	.	
4-51	424-426	op	
4-52	427-431	vers	
4-53	432-433	4	
4-54	433-434	.	
4-55	435-439	doet	
4-56	440-444	over	
4-57	445-448	hen	
4-58	449-460	versoeninge	
4-59	460-461	:	
4-60	462-466	want	
4-61	467-470	een	
4-62	471-477	groote	
4-63	478-479	D	
4-64	479-480	.	
4-65	481-485	eene	
4-66	486-492	groote	
4-67	493-500	straffe	
4-68	501-503	is	
4-69	504-507	van	
4-70	508-511	den	
4-71	512-521	toornigen	
4-72	522-526	Godt	
4-73	527-530	uyt	
4-74	531-539	gesonden	
4-75	539-540	,	
4-76	541-545	ende	
4-77	546-552	begint	
4-78	553-560	bereeds	
4-79	561-564	aen	
4-80	565-567	te	
4-81	568-572	gaen	
4-82	572-573	.	
4-83	574-579	toorn	
4-84	580-582	is	
4-85	583-586	van	
4-86	587-591	voor	
4-87	592-595	het	
4-88	596-607	aengesichte	
4-89	608-611	des	
4-90	612-618	HEEREN	
4-91	619-622	uyt	
4-92	623-629	gegaen	
4-93	629-630	,	
4-94	631-633	de	
4-95	634-639	plage	
4-96	640-645	heeft	
4-97	646-657	aengevangen	
4-98	657-658	.	
4-99	660-662	47	
4-100	665-669	Ende	
4-101	670-675	Aaron	
4-102	676-679	nam	
4-103	680-683	het	
4-104	683-684	,	
4-105	685-692	gelijck	
4-106	693-696	als	
4-107	697-701	Mose	
4-108	702-711	gesproken	
4-109	712-717	hadde	
4-110	717-718	,	
4-111	719-723	ende	
4-112	724-728	liep	
4-113	729-731	in	
4-114	732-735	het	
4-115	736-742	midden	
4-116	743-746	der	
4-117	747-755	gemeynte	
4-118	755-756	,	
4-119	757-761	ende	
4-120	762-766	siet	
4-121	766-767	,	
4-122	768-770	de	
4-123	771-776	plage	
4-124	777-782	hadde	
4-125	783-794	aengevangen	
4-126	795-800	onder	
4-127	801-804	den	
4-128	805-811	volcke	
4-129	811-812	:	
4-130	813-817	ende	
4-131	818-820	hy	
4-132	821-826	leyde	
4-133	827-837	reuckwerck	
4-134	838-842	daer	
4-135	843-845	in	
4-136	845-846	,	
4-137	847-851	ende	
4-138	852-856	dede	
4-139	857-868	versoeninge	
4-140	869-873	over	
4-141	874-877	het	
4-142	878-883	volck	
4-143	883-884	.	
