#FORMAT=WebAnno TSV 3.3
#T_SP=custom.Span|label
#T_RL=custom.Relation|label|BT_custom.Span


#Text=Von der Eberwurtz
#Text=.
1-1	2-5	Von	_	_	_	
1-2	6-9	der	_	_	_	
1-3	10-19	Eberwurtz	_	_	_	
1-4	20-21	.	_	_	_	

#Text=DJe weiſſe Eberwurtz/ Carlina
#Text=oder Carolina, von etlichen auch Cha-
#Text=mæleon albus und Chardonerette genen-
#Text=net, iſt ein Gewaͤchs, deſſen Wurtzel ei-
#Text=nes Daumens dicke, auswendig aufge-
#Text=borſten und braun, inwendig aber weiß
#Text=iſt, und des halben Fuſſes lang, von ſtar-
#Text=cken Geruch und annehmlichen Ge-
#Text=ſchmack.
2-1	25-28	DJe	_	_	_	
2-2	29-35	weiſſe	_	_	_	
2-3	36-45	Eberwurtz	_	_	_	
2-4	45-46	/	_	_	_	
2-5	47-54	Carlina	_	_	_	
2-6	55-59	oder	_	_	_	
2-7	60-68	Carolina	_	_	_	
2-8	68-69	,	_	_	_	
2-9	70-73	von	_	_	_	
2-10	74-82	etlichen	_	_	_	
2-11	83-87	auch	_	_	_	
2-12	88-91	Cha	_	_	_	
2-13	91-92	-	_	_	_	
2-14	93-99	mæleon	_	_	_	
2-15	100-105	albus	_	_	_	
2-16	106-109	und	_	_	_	
2-17	110-123	Chardonerette	_	_	_	
2-18	124-129	genen	_	_	_	
2-19	129-130	-	_	_	_	
2-20	131-134	net	_	_	_	
2-21	134-135	,	_	_	_	
2-22	136-139	iſt	_	_	_	
2-23	140-143	ein	_	_	_	
2-24	144-152	Gewaͤchs	_	_	_	
2-25	152-153	,	_	_	_	
2-26	154-160	deſſen	_	_	_	
2-27	161-168	Wurtzel	Smell\_Source	_	_	
2-28	169-171	ei	_	_	_	
2-29	171-172	-	_	_	_	
2-30	173-176	nes	_	_	_	
2-31	177-184	Daumens	_	_	_	
2-32	185-190	dicke	_	_	_	
2-33	190-191	,	_	_	_	
2-34	192-201	auswendig	_	_	_	
2-35	202-207	aufge	_	_	_	
2-36	207-208	-	_	_	_	
2-37	209-216	borſten	_	_	_	
2-38	217-220	und	_	_	_	
2-39	221-226	braun	_	_	_	
2-40	226-227	,	_	_	_	
2-41	228-236	inwendig	_	_	_	
2-42	237-241	aber	_	_	_	
2-43	242-246	weiß	_	_	_	
2-44	247-250	iſt	_	_	_	
2-45	250-251	,	_	_	_	
2-46	252-255	und	_	_	_	
2-47	256-259	des	_	_	_	
2-48	260-266	halben	_	_	_	
2-49	267-273	Fuſſes	_	_	_	
2-50	274-278	lang	_	_	_	
2-51	278-279	,	_	_	_	
2-52	280-283	von	_	_	_	
2-53	284-288	ſtar	Quality[1]	_	_	
2-54	288-289	-	Quality[1]	_	_	
2-55	290-294	cken	Quality[1]	_	_	
2-56	295-301	Geruch	Smell\_Word	*|*	2-27|2-53[1_0]	
2-57	302-305	und	_	_	_	
2-58	306-318	annehmlichen	_	_	_	
2-59	319-321	Ge	_	_	_	
2-60	321-322	-	_	_	_	
2-61	323-330	ſchmack	_	_	_	
2-62	330-331	.	_	_	_	

#Text=Die Blaͤtter, welche rund
#Text=herum an der Erde liegen, ſind blaß-
#Text=gruͤn, ausgeſchweifft, und ſehr zerſchnit-
#Text=ten, an beyden Seiten mit Stacheln
#Text=verſehen.
3-1	332-335	Die	_	_	_	
3-2	336-344	Blaͤtter	_	_	_	
3-3	344-345	,	_	_	_	
3-4	346-352	welche	_	_	_	
3-5	353-357	rund	_	_	_	
3-6	358-363	herum	_	_	_	
3-7	364-366	an	_	_	_	
3-8	367-370	der	_	_	_	
3-9	371-375	Erde	_	_	_	
3-10	376-382	liegen	_	_	_	
3-11	382-383	,	_	_	_	
3-12	384-388	ſind	_	_	_	
3-13	389-393	blaß	_	_	_	
3-14	393-394	-	_	_	_	
3-15	395-400	gruͤn	_	_	_	
3-16	400-401	,	_	_	_	
3-17	402-416	ausgeſchweifft	_	_	_	
3-18	416-417	,	_	_	_	
3-19	418-421	und	_	_	_	
3-20	422-426	ſehr	_	_	_	
3-21	427-436	zerſchnit	_	_	_	
3-22	436-437	-	_	_	_	
3-23	438-441	ten	_	_	_	
3-24	441-442	,	_	_	_	
3-25	443-445	an	_	_	_	
3-26	446-452	beyden	_	_	_	
3-27	453-459	Seiten	_	_	_	
3-28	460-463	mit	_	_	_	
3-29	464-472	Stacheln	_	_	_	
3-30	473-481	verſehen	_	_	_	
3-31	481-482	.	_	_	_	

#Text=Mitten zwiſchen dieſen Blaͤt-
#Text=
#Text=tern ſteht die Blume, hart an der Wur-
#Text=tzel, ohne Stiel, und iſt vier bis fuͤnff
#Text=Zoll breit, wie ein klein Becken geſtalt,
#Text=mit einigen ſpitzigen ſchmalen Blaͤttern
#Text=
#Text=gleichſam verbremet.
4-1	483-489	Mitten	_	_	_	
4-2	490-498	zwiſchen	_	_	_	
4-3	499-505	dieſen	_	_	_	
4-4	506-511	Blaͤt	_	_	_	
4-5	511-512	-	_	_	_	
4-6	514-518	tern	_	_	_	
4-7	519-524	ſteht	_	_	_	
4-8	525-528	die	_	_	_	
4-9	529-534	Blume	_	_	_	
4-10	534-535	,	_	_	_	
4-11	536-540	hart	_	_	_	
4-12	541-543	an	_	_	_	
4-13	544-547	der	_	_	_	
4-14	548-551	Wur	_	_	_	
4-15	551-552	-	_	_	_	
4-16	553-557	tzel	_	_	_	
4-17	557-558	,	_	_	_	
4-18	559-563	ohne	_	_	_	
4-19	564-569	Stiel	_	_	_	
4-20	569-570	,	_	_	_	
4-21	571-574	und	_	_	_	
4-22	575-578	iſt	_	_	_	
4-23	579-583	vier	_	_	_	
4-24	584-587	bis	_	_	_	
4-25	588-594	fuͤnff	_	_	_	
4-26	595-599	Zoll	_	_	_	
4-27	600-605	breit	_	_	_	
4-28	605-606	,	_	_	_	
4-29	607-610	wie	_	_	_	
4-30	611-614	ein	_	_	_	
4-31	615-620	klein	_	_	_	
4-32	621-627	Becken	_	_	_	
4-33	628-635	geſtalt	_	_	_	
4-34	635-636	,	_	_	_	
4-35	637-640	mit	_	_	_	
4-36	641-648	einigen	_	_	_	
4-37	649-658	ſpitzigen	_	_	_	
4-38	659-667	ſchmalen	_	_	_	
4-39	668-677	Blaͤttern	_	_	_	
4-40	679-688	gleichſam	_	_	_	
4-41	689-698	verbremet	_	_	_	
4-42	698-699	.	_	_	_	

#Text=Die Samen,
#Text=welche nach den Blumen kommen, ſind
#Text=ziemlich lang, und haben oben einen pap-
#Text=pum oder Bart.
5-1	700-703	Die	_	_	_	
5-2	704-709	Samen	_	_	_	
5-3	709-710	,	_	_	_	
5-4	711-717	welche	_	_	_	
5-5	718-722	nach	_	_	_	
5-6	723-726	den	_	_	_	
5-7	727-733	Blumen	_	_	_	
5-8	734-740	kommen	_	_	_	
5-9	740-741	,	_	_	_	
5-10	742-746	ſind	_	_	_	
5-11	747-755	ziemlich	_	_	_	
5-12	756-760	lang	_	_	_	
5-13	760-761	,	_	_	_	
5-14	762-765	und	_	_	_	
5-15	766-771	haben	_	_	_	
5-16	772-776	oben	_	_	_	
5-17	777-782	einen	_	_	_	
5-18	783-786	pap	_	_	_	
5-19	786-787	-	_	_	_	
5-20	788-791	pum	_	_	_	
5-21	792-796	oder	_	_	_	
5-22	797-801	Bart	_	_	_	
5-23	801-802	.	_	_	_	

#Text=Man ſoll die friſche Wurtzel wehlen,
#Text=welche fein voͤllig und trucken iſt, ſuͤſſe
#Text=ſchmeckt und einen aromatiſchen Ge-
#Text=ruch hat;
#Text=auch muß man wohl Achtung
#Text=
#Text=geben, daß man keine andere dafuͤr be-
#Text=komme, die ſonſt gar gerne
#Text=dafuͤr pflegen
#Text=eingeſchoben zu werden, bevoraus wenn
#Text=jene theuer iſt.
6-1	806-809	Man	_	_	_	
6-2	810-814	ſoll	_	_	_	
6-3	815-818	die	_	_	_	
6-4	819-826	friſche	_	_	_	
6-5	827-834	Wurtzel	Smell\_Source	_	_	
6-6	835-841	wehlen	_	_	_	
6-7	841-842	,	_	_	_	
6-8	843-849	welche	_	_	_	
6-9	850-854	fein	_	_	_	
6-10	855-862	voͤllig	_	_	_	
6-11	863-866	und	_	_	_	
6-12	867-874	trucken	_	_	_	
6-13	875-878	iſt	_	_	_	
6-14	878-879	,	_	_	_	
6-15	880-886	ſuͤſſe	_	_	_	
6-16	887-895	ſchmeckt	_	_	_	
6-17	896-899	und	_	_	_	
6-18	900-905	einen	_	_	_	
6-19	906-918	aromatiſchen	Quality	_	_	
6-20	919-921	Ge	Smell\_Word[2]	*|*	6-5[0_2]|6-19[0_2]	
6-21	921-922	-	Smell\_Word[2]	_	_	
6-22	923-927	ruch	Smell\_Word[2]	_	_	
6-23	928-931	hat	_	_	_	
6-24	931-932	;	_	_	_	
6-25	933-937	auch	_	_	_	
6-26	938-941	muß	_	_	_	
6-27	942-945	man	_	_	_	
6-28	946-950	wohl	_	_	_	
6-29	951-958	Achtung	_	_	_	
6-30	960-965	geben	_	_	_	
6-31	965-966	,	_	_	_	
6-32	967-970	daß	_	_	_	
6-33	971-974	man	_	_	_	
6-34	975-980	keine	_	_	_	
6-35	981-987	andere	_	_	_	
6-36	988-994	dafuͤr	_	_	_	
6-37	995-997	be	_	_	_	
6-38	997-998	-	_	_	_	
6-39	999-1004	komme	_	_	_	
6-40	1004-1005	,	_	_	_	
6-41	1006-1009	die	_	_	_	
6-42	1010-1015	ſonſt	_	_	_	
6-43	1016-1019	gar	_	_	_	
6-44	1020-1025	gerne	_	_	_	
6-45	1026-1032	dafuͤr	_	_	_	
6-46	1033-1040	pflegen	_	_	_	
6-47	1041-1053	eingeſchoben	_	_	_	
6-48	1054-1056	zu	_	_	_	
6-49	1057-1063	werden	_	_	_	
6-50	1063-1064	,	_	_	_	
6-51	1065-1073	bevoraus	_	_	_	
6-52	1074-1078	wenn	_	_	_	
6-53	1079-1083	jene	_	_	_	
6-54	1084-1090	theuer	_	_	_	
6-55	1091-1094	iſt	_	_	_	
6-56	1094-1095	.	_	_	_	

#Text=Sie iſt eines von den allerbeſten Mit-
#Text=teln, die wir haben, wider die Peſt, und
#Text=wird insgemein dafuͤr gehalten, daß ſie
#Text=Carln dem Groſſen zu erſt von einem
#Text=Engel ſey gezeiget worden, die Solda-
#Text=ten, die in ſeinem Lager mit der Peſt be-
#Text=fallen waren, damit geſund zu machen,
#Text=
#Text=welches ihr denn hernach den Namen zu
#Text=wege gebracht.
7-1	1098-1101	Sie	_	_	_	
7-2	1102-1105	iſt	_	_	_	
7-3	1106-1111	eines	_	_	_	
7-4	1112-1115	von	_	_	_	
7-5	1116-1119	den	_	_	_	
7-6	1120-1131	allerbeſten	_	_	_	
7-7	1132-1135	Mit	_	_	_	
7-8	1135-1136	-	_	_	_	
7-9	1137-1141	teln	_	_	_	
7-10	1141-1142	,	_	_	_	
7-11	1143-1146	die	_	_	_	
7-12	1147-1150	wir	_	_	_	
7-13	1151-1156	haben	_	_	_	
7-14	1156-1157	,	_	_	_	
7-15	1158-1163	wider	_	_	_	
7-16	1164-1167	die	_	_	_	
7-17	1168-1172	Peſt	_	_	_	
7-18	1172-1173	,	_	_	_	
7-19	1174-1177	und	_	_	_	
7-20	1178-1182	wird	_	_	_	
7-21	1183-1192	insgemein	_	_	_	
7-22	1193-1199	dafuͤr	_	_	_	
7-23	1200-1208	gehalten	_	_	_	
7-24	1208-1209	,	_	_	_	
7-25	1210-1213	daß	_	_	_	
7-26	1214-1217	ſie	_	_	_	
7-27	1218-1223	Carln	_	_	_	
7-28	1224-1227	dem	_	_	_	
7-29	1228-1235	Groſſen	_	_	_	
7-30	1236-1238	zu	_	_	_	
7-31	1239-1243	erſt	_	_	_	
7-32	1244-1247	von	_	_	_	
7-33	1248-1253	einem	_	_	_	
7-34	1254-1259	Engel	_	_	_	
7-35	1260-1263	ſey	_	_	_	
7-36	1264-1272	gezeiget	_	_	_	
7-37	1273-1279	worden	_	_	_	
7-38	1279-1280	,	_	_	_	
7-39	1281-1284	die	_	_	_	
7-40	1285-1290	Solda	_	_	_	
7-41	1290-1291	-	_	_	_	
7-42	1292-1295	ten	_	_	_	
7-43	1295-1296	,	_	_	_	
7-44	1297-1300	die	_	_	_	
7-45	1301-1303	in	_	_	_	
7-46	1304-1310	ſeinem	_	_	_	
7-47	1311-1316	Lager	_	_	_	
7-48	1317-1320	mit	_	_	_	
7-49	1321-1324	der	_	_	_	
7-50	1325-1329	Peſt	_	_	_	
7-51	1330-1332	be	_	_	_	
7-52	1332-1333	-	_	_	_	
7-53	1334-1340	fallen	_	_	_	
7-54	1341-1346	waren	_	_	_	
7-55	1346-1347	,	_	_	_	
7-56	1348-1353	damit	_	_	_	
7-57	1354-1360	geſund	_	_	_	
7-58	1361-1363	zu	_	_	_	
7-59	1364-1370	machen	_	_	_	
7-60	1370-1371	,	_	_	_	
7-61	1373-1380	welches	_	_	_	
7-62	1381-1384	ihr	_	_	_	
7-63	1385-1389	denn	_	_	_	
7-64	1390-1397	hernach	_	_	_	
7-65	1398-1401	den	_	_	_	
7-66	1402-1407	Namen	_	_	_	
7-67	1408-1410	zu	_	_	_	
7-68	1411-1415	wege	_	_	_	
7-69	1416-1424	gebracht	_	_	_	
7-70	1424-1425	.	_	_	_	

#Text=Dioſcorides und Bauhinus nennen die
#Text=weiſſe Eberwurtz, Carlina acaulos, flore
#Text=magno, ohne Stiel, mit einer groſſen
#Text=Blume.
8-1	1429-1440	Dioſcorides	_	_	_	
8-2	1441-1444	und	_	_	_	
8-3	1445-1453	Bauhinus	_	_	_	
8-4	1454-1460	nennen	_	_	_	
8-5	1461-1464	die	_	_	_	
8-6	1465-1471	weiſſe	_	_	_	
8-7	1472-1481	Eberwurtz	_	_	_	
8-8	1481-1482	,	_	_	_	
8-9	1483-1490	Carlina	_	_	_	
8-10	1491-1498	acaulos	_	_	_	
8-11	1498-1499	,	_	_	_	
8-12	1500-1505	flore	_	_	_	
8-13	1506-1511	magno	_	_	_	
8-14	1511-1512	,	_	_	_	
8-15	1513-1517	ohne	_	_	_	
8-16	1518-1523	Stiel	_	_	_	
8-17	1523-1524	,	_	_	_	
8-18	1525-1528	mit	_	_	_	
8-19	1529-1534	einer	_	_	_	
8-20	1535-1542	groſſen	_	_	_	
8-21	1543-1548	Blume	_	_	_	
8-22	1548-1549	.	_	_	_	

#Text=Carlina nigra oder Chamæleon niger,
#Text=die ſchwartze Eberwurtz ſieht der erſt
#Text=beſchriebenen in allen gleich, auſſer daß
#Text=ſie einen hoͤhern Stengel, und dunckel-
#Text=gruͤne Blaͤtter hat.
9-1	1553-1560	Carlina	_	_	_	
9-2	1561-1566	nigra	_	_	_	
9-3	1567-1571	oder	_	_	_	
9-4	1572-1581	Chamæleon	_	_	_	
9-5	1582-1587	niger	_	_	_	
9-6	1587-1588	,	_	_	_	
9-7	1589-1592	die	_	_	_	
9-8	1593-1602	ſchwartze	_	_	_	
9-9	1603-1612	Eberwurtz	_	_	_	
9-10	1613-1618	ſieht	_	_	_	
9-11	1619-1622	der	_	_	_	
9-12	1623-1627	erſt	_	_	_	
9-13	1628-1641	beſchriebenen	_	_	_	
9-14	1642-1644	in	_	_	_	
9-15	1645-1650	allen	_	_	_	
9-16	1651-1657	gleich	_	_	_	
9-17	1657-1658	,	_	_	_	
9-18	1659-1665	auſſer	_	_	_	
9-19	1666-1669	daß	_	_	_	
9-20	1670-1673	ſie	_	_	_	
9-21	1674-1679	einen	_	_	_	
9-22	1680-1687	hoͤhern	_	_	_	
9-23	1688-1695	Stengel	_	_	_	
9-24	1695-1696	,	_	_	_	
9-25	1697-1700	und	_	_	_	
9-26	1701-1708	dunckel	_	_	_	
9-27	1708-1709	-	_	_	_	
9-28	1710-1716	gruͤne	_	_	_	
9-29	1717-1725	Blaͤtter	_	_	_	
9-30	1726-1729	hat	_	_	_	
9-31	1729-1730	.	_	_	_	

#Text=Matthiolus geden-
#Text=cket zwar noch einer andern Art, derer
#Text=Blumen purperfarben, allein diß iſt ein
#Text=gar rar Gewaͤchs, und hat ſchlechten
#Text=Nutzen.
10-1	1731-1741	Matthiolus	_	_	_	
10-2	1742-1747	geden	_	_	_	
10-3	1747-1748	-	_	_	_	
10-4	1749-1753	cket	_	_	_	
10-5	1754-1758	zwar	_	_	_	
10-6	1759-1763	noch	_	_	_	
10-7	1764-1769	einer	_	_	_	
10-8	1770-1776	andern	_	_	_	
10-9	1777-1780	Art	_	_	_	
10-10	1780-1781	,	_	_	_	
10-11	1782-1787	derer	_	_	_	
10-12	1788-1794	Blumen	_	_	_	
10-13	1795-1807	purperfarben	_	_	_	
10-14	1807-1808	,	_	_	_	
10-15	1809-1815	allein	_	_	_	
10-16	1816-1819	diß	_	_	_	
10-17	1820-1823	iſt	_	_	_	
10-18	1824-1827	ein	_	_	_	
10-19	1828-1831	gar	_	_	_	
10-20	1832-1835	rar	_	_	_	
10-21	1836-1844	Gewaͤchs	_	_	_	
10-22	1844-1845	,	_	_	_	
10-23	1846-1849	und	_	_	_	
10-24	1850-1853	hat	_	_	_	
10-25	1854-1864	ſchlechten	_	_	_	
10-26	1865-1871	Nutzen	_	_	_	
10-27	1871-1872	.	_	_	_	
