#FORMAT=WebAnno TSV 3.3
#T_SP=custom.Span|label
#T_RL=custom.Relation|label|BT_custom.Span


#Text=und Waͤldern, daher ſie auch von den
#Text=Hollaͤndern Maͤnnlein oder wilde
#Text=
#Text=Mußkatnuͤſſe genennet werden.
1-1	3-6	und	_	_	_	
1-2	7-15	Waͤldern	_	_	_	
1-3	15-16	,	_	_	_	
1-4	17-22	daher	_	_	_	
1-5	23-26	ſie	_	_	_	
1-6	27-31	auch	_	_	_	
1-7	32-35	von	_	_	_	
1-8	36-39	den	_	_	_	
1-9	40-51	Hollaͤndern	_	_	_	
1-10	52-61	Maͤnnlein	_	_	_	
1-11	62-66	oder	_	_	_	
1-12	67-72	wilde	_	_	_	
1-13	74-86	Mußkatnuͤſſe	Smell\_Source	*	2-12	
1-14	87-95	genennet	_	_	_	
1-15	96-102	werden	_	_	_	
1-16	102-103	.	_	_	_	

#Text=Die-
#Text=
#Text=weil ſie aber gar wenig braͤuchlich ſind,
#Text=indem ſie bey nahe weder Geruch noch
#Text=Geſchmack haben, derowegen bekom-
#Text=men wir ſie ſo gar ſelten zu ſehen.
2-1	104-107	Die	_	_	_	
2-2	107-108	-	_	_	_	
2-3	110-114	weil	_	_	_	
2-4	115-118	ſie	_	_	_	
2-5	119-123	aber	_	_	_	
2-6	124-127	gar	_	_	_	
2-7	128-133	wenig	_	_	_	
2-8	134-145	braͤuchlich	_	_	_	
2-9	146-150	ſind	_	_	_	
2-10	150-151	,	_	_	_	
2-11	152-157	indem	_	_	_	
2-12	158-161	ſie	Smell\_Source	_	_	
2-13	162-165	bey	_	_	_	
2-14	166-170	nahe	_	_	_	
2-15	171-176	weder	Quality	_	_	
2-16	177-183	Geruch	Smell\_Word	_	_	
2-17	184-188	noch	_	_	_	
2-18	189-198	Geſchmack	_	_	_	
2-19	199-204	haben	_	_	_	
2-20	204-205	,	_	_	_	
2-21	206-215	derowegen	_	_	_	
2-22	216-221	bekom	_	_	_	
2-23	221-222	-	_	_	_	
2-24	223-226	men	_	_	_	
2-25	227-230	wir	_	_	_	
2-26	231-234	ſie	_	_	_	
2-27	235-237	ſo	_	_	_	
2-28	238-241	gar	_	_	_	
2-29	242-248	ſelten	_	_	_	
2-30	249-251	zu	_	_	_	
2-31	252-257	ſehen	_	_	_	
2-32	257-258	.	_	_	_	

#Text=Die
#Text=Alten nenneten ſie Azerbes.
3-1	259-262	Die	_	_	_	
3-2	263-268	Alten	_	_	_	
3-3	269-277	nenneten	_	_	_	
3-4	278-281	ſie	_	_	_	
3-5	282-289	Azerbes	_	_	_	
3-6	289-290	.	_	_	_	

#Text=Wilbe Muß-
#Text=katnuͤſſe.
4-1	294-299	Wilbe	_	_	_	
4-2	300-303	Muß	_	_	_	
4-3	303-304	-	_	_	_	
4-4	305-314	katnuͤſſe	_	_	_	
4-5	314-315	.	_	_	_	

#Text=Was die gemeinen Mußkatnuͤſſe
#Text=betrifft, dieſelben muß man in der Sor-
#Text=te, oder unſortirt, d. i. wie ſie aus Hol-
#Text=land kommen, erwehlen, doch daß ſie
#Text=wohl bebluͤmet ſeyn, ſchwer und dichte,
#Text=auſſenher graulicht, innen roͤthlicht, und
#Text=als ob ſie marmoriret waͤren ſehen, auch
#Text=voller fetticht- und ſchmierichter Feuch-
#Text=tigkeit ſind, denn dieſes iſt das Zeichen,
#Text=daß ſie friſch ſeyn.
5-1	317-320	Was	_	_	_	
5-2	321-324	die	_	_	_	
5-3	325-333	gemeinen	_	_	_	
5-4	334-346	Mußkatnuͤſſe	_	_	_	
5-5	347-355	betrifft	_	_	_	
5-6	355-356	,	_	_	_	
5-7	357-366	dieſelben	_	_	_	
5-8	367-370	muß	_	_	_	
5-9	371-374	man	_	_	_	
5-10	375-377	in	_	_	_	
5-11	378-381	der	_	_	_	
5-12	382-385	Sor	_	_	_	
5-13	385-386	-	_	_	_	
5-14	387-389	te	_	_	_	
5-15	389-390	,	_	_	_	
5-16	391-395	oder	_	_	_	
5-17	396-405	unſortirt	_	_	_	
5-18	405-406	,	_	_	_	
5-19	407-408	d	_	_	_	
5-20	408-409	.	_	_	_	
5-21	410-411	i	_	_	_	
5-22	411-412	.	_	_	_	
5-23	413-416	wie	_	_	_	
5-24	417-420	ſie	_	_	_	
5-25	421-424	aus	_	_	_	
5-26	425-428	Hol	_	_	_	
5-27	428-429	-	_	_	_	
5-28	430-434	land	_	_	_	
5-29	435-441	kommen	_	_	_	
5-30	441-442	,	_	_	_	
5-31	443-451	erwehlen	_	_	_	
5-32	451-452	,	_	_	_	
5-33	453-457	doch	_	_	_	
5-34	458-461	daß	_	_	_	
5-35	462-465	ſie	_	_	_	
5-36	466-470	wohl	_	_	_	
5-37	471-480	bebluͤmet	_	_	_	
5-38	481-485	ſeyn	_	_	_	
5-39	485-486	,	_	_	_	
5-40	487-493	ſchwer	_	_	_	
5-41	494-497	und	_	_	_	
5-42	498-504	dichte	_	_	_	
5-43	504-505	,	_	_	_	
5-44	506-515	auſſenher	_	_	_	
5-45	516-525	graulicht	_	_	_	
5-46	525-526	,	_	_	_	
5-47	527-532	innen	_	_	_	
5-48	533-543	roͤthlicht	_	_	_	
5-49	543-544	,	_	_	_	
5-50	545-548	und	_	_	_	
5-51	549-552	als	_	_	_	
5-52	553-555	ob	_	_	_	
5-53	556-559	ſie	_	_	_	
5-54	560-570	marmoriret	_	_	_	
5-55	571-577	waͤren	_	_	_	
5-56	578-583	ſehen	_	_	_	
5-57	583-584	,	_	_	_	
5-58	585-589	auch	_	_	_	
5-59	590-596	voller	_	_	_	
5-60	597-605	fetticht	_	_	_	
5-61	605-606	-	_	_	_	
5-62	607-610	und	_	_	_	
5-63	611-624	ſchmierichter	_	_	_	
5-64	625-630	Feuch	_	_	_	
5-65	630-631	-	_	_	_	
5-66	632-639	tigkeit	_	_	_	
5-67	640-644	ſind	_	_	_	
5-68	644-645	,	_	_	_	
5-69	646-650	denn	_	_	_	
5-70	651-657	dieſes	_	_	_	
5-71	658-661	iſt	_	_	_	
5-72	662-665	das	_	_	_	
5-73	666-673	Zeichen	_	_	_	
5-74	673-674	,	_	_	_	
5-75	675-678	daß	_	_	_	
5-76	679-682	ſie	_	_	_	
5-77	683-689	friſch	_	_	_	
5-78	690-694	ſeyn	_	_	_	
5-79	694-695	.	_	_	_	

#Text=Dabey muͤſſen
#Text=ſie
#Text=
#Text=fein lieblich riechen, wenn ſie geſchaͤlet
#Text=oder gerieben werden, und wenn man
#Text=ſie in den Mund nimmt, muͤſſen ſie einen
#Text=heiſſen und beiſſenden aromatiſchen
#Text=Ge-
#Text=ſchmack haben.
6-1	696-701	Dabey	_	_	_	
6-2	702-709	muͤſſen	_	_	_	
6-3	710-713	ſie	Smell\_Source	_	_	
6-4	715-719	fein	Quality	_	_	
6-5	720-728	lieblich	Quality	_	_	
6-6	729-736	riechen	Smell\_Word	*	6-8[1_0]	
6-7	736-737	,	_	_	_	
6-8	738-742	wenn	Circumstances[1]	_	_	
6-9	743-746	ſie	Circumstances[1]	_	_	
6-10	747-757	geſchaͤlet	Circumstances[1]	_	_	
6-11	758-762	oder	Circumstances[1]	_	_	
6-12	763-771	gerieben	Circumstances[1]	_	_	
6-13	772-778	werden	Circumstances[1]	_	_	
6-14	778-779	,	_	_	_	
6-15	780-783	und	_	_	_	
6-16	784-788	wenn	_	_	_	
6-17	789-792	man	_	_	_	
6-18	793-796	ſie	_	_	_	
6-19	797-799	in	_	_	_	
6-20	800-803	den	_	_	_	
6-21	804-808	Mund	_	_	_	
6-22	809-814	nimmt	_	_	_	
6-23	814-815	,	_	_	_	
6-24	816-823	muͤſſen	_	_	_	
6-25	824-827	ſie	_	_	_	
6-26	828-833	einen	_	_	_	
6-27	834-841	heiſſen	_	_	_	
6-28	842-845	und	_	_	_	
6-29	846-856	beiſſenden	_	_	_	
6-30	857-869	aromatiſchen	_	_	_	
6-31	870-872	Ge	_	_	_	
6-32	872-873	-	_	_	_	
6-33	874-881	ſchmack	_	_	_	
6-34	882-887	haben	_	_	_	
6-35	887-888	.	_	_	_	

#Text=Das Loͤchlein belan-
#Text=gend, davon iſt der allgemeine irrige
#Text=Wahn, daß man glaubet, dieſes verrin-
#Text=gere ihre Guͤte;
#Text=denn es iſt keine eintzige
#Text=Mußkate ohne dieſes Loͤchlein, und er-
#Text=blickt man es alſofort, ſo bald man das
#Text=kleine Haͤutlein, welches, ſo zu ſagen, ihr
#Text=Kaͤume iſt, hinweggenommen hat.
7-1	889-892	Das	_	_	_	
7-2	893-902	Loͤchlein	_	_	_	
7-3	903-908	belan	_	_	_	
7-4	908-909	-	_	_	_	
7-5	910-914	gend	_	_	_	
7-6	914-915	,	_	_	_	
7-7	916-921	davon	_	_	_	
7-8	922-925	iſt	_	_	_	
7-9	926-929	der	_	_	_	
7-10	930-940	allgemeine	_	_	_	
7-11	941-947	irrige	_	_	_	
7-12	948-952	Wahn	_	_	_	
7-13	952-953	,	_	_	_	
7-14	954-957	daß	_	_	_	
7-15	958-961	man	_	_	_	
7-16	962-969	glaubet	_	_	_	
7-17	969-970	,	_	_	_	
7-18	971-977	dieſes	_	_	_	
7-19	978-984	verrin	_	_	_	
7-20	984-985	-	_	_	_	
7-21	986-990	gere	_	_	_	
7-22	991-995	ihre	_	_	_	
7-23	996-1001	Guͤte	_	_	_	
7-24	1001-1002	;	_	_	_	
7-25	1003-1007	denn	_	_	_	
7-26	1008-1010	es	_	_	_	
7-27	1011-1014	iſt	_	_	_	
7-28	1015-1020	keine	_	_	_	
7-29	1021-1029	eintzige	_	_	_	
7-30	1030-1037	Mußkate	_	_	_	
7-31	1038-1042	ohne	_	_	_	
7-32	1043-1049	dieſes	_	_	_	
7-33	1050-1059	Loͤchlein	_	_	_	
7-34	1059-1060	,	_	_	_	
7-35	1061-1064	und	_	_	_	
7-36	1065-1067	er	_	_	_	
7-37	1067-1068	-	_	_	_	
7-38	1069-1075	blickt	_	_	_	
7-39	1076-1079	man	_	_	_	
7-40	1080-1082	es	_	_	_	
7-41	1083-1091	alſofort	_	_	_	
7-42	1091-1092	,	_	_	_	
7-43	1093-1095	ſo	_	_	_	
7-44	1096-1100	bald	_	_	_	
7-45	1101-1104	man	_	_	_	
7-46	1105-1108	das	_	_	_	
7-47	1109-1115	kleine	_	_	_	
7-48	1116-1125	Haͤutlein	_	_	_	
7-49	1125-1126	,	_	_	_	
7-50	1127-1134	welches	_	_	_	
7-51	1134-1135	,	_	_	_	
7-52	1136-1138	ſo	_	_	_	
7-53	1139-1141	zu	_	_	_	
7-54	1142-1147	ſagen	_	_	_	
7-55	1147-1148	,	_	_	_	
7-56	1149-1152	ihr	_	_	_	
7-57	1153-1159	Kaͤume	_	_	_	
7-58	1160-1163	iſt	_	_	_	
7-59	1163-1164	,	_	_	_	
7-60	1165-1179	hinweggenommen	_	_	_	
7-61	1180-1183	hat	_	_	_	
7-62	1183-1184	.	_	_	_	

#Text=Der Gebrauch der Mußcaten iſt zu
#Text=bekannt, daß unnoͤthig, mich dabey auf-
#Text=zuhalten: nur will ich dieſes gedencken,
#Text=
#Text=daß ſie auch in etwas zur Artzney ge-
#Text=brauchet werden;
#Text=denn, wenn man ſie
#Text=mit Zucker zu Pulver geſtoſſen,
#Text=in war-
#Text=men
#Text=Weine einnimmt, iſt dieſes ein vor-
#Text=treffliches Mittel wider die kalten Fluͤſ-
#Text=ſe/ und man hat dieſem Pulver den Na-
#Text=men poudre Duc, Hertzogspulver, ge-
#Text=geben.
8-1	1188-1191	Der	_	_	_	
8-2	1192-1200	Gebrauch	_	_	_	
8-3	1201-1204	der	_	_	_	
8-4	1205-1213	Mußcaten	_	_	_	
8-5	1214-1217	iſt	_	_	_	
8-6	1218-1220	zu	_	_	_	
8-7	1221-1228	bekannt	_	_	_	
8-8	1228-1229	,	_	_	_	
8-9	1230-1233	daß	_	_	_	
8-10	1234-1243	unnoͤthig	_	_	_	
8-11	1243-1244	,	_	_	_	
8-12	1245-1249	mich	_	_	_	
8-13	1250-1255	dabey	_	_	_	
8-14	1256-1259	auf	_	_	_	
8-15	1259-1260	-	_	_	_	
8-16	1261-1269	zuhalten	_	_	_	
8-17	1269-1270	:	_	_	_	
8-18	1271-1274	nur	_	_	_	
8-19	1275-1279	will	_	_	_	
8-20	1280-1283	ich	_	_	_	
8-21	1284-1290	dieſes	_	_	_	
8-22	1291-1300	gedencken	_	_	_	
8-23	1300-1301	,	_	_	_	
8-24	1303-1306	daß	_	_	_	
8-25	1307-1310	ſie	_	_	_	
8-26	1311-1315	auch	_	_	_	
8-27	1316-1318	in	_	_	_	
8-28	1319-1324	etwas	_	_	_	
8-29	1325-1328	zur	_	_	_	
8-30	1329-1336	Artzney	_	_	_	
8-31	1337-1339	ge	_	_	_	
8-32	1339-1340	-	_	_	_	
8-33	1341-1349	brauchet	_	_	_	
8-34	1350-1356	werden	_	_	_	
8-35	1356-1357	;	_	_	_	
8-36	1358-1362	denn	_	_	_	
8-37	1362-1363	,	_	_	_	
8-38	1364-1368	wenn	_	_	_	
8-39	1369-1372	man	_	_	_	
8-40	1373-1376	ſie	_	_	_	
8-41	1377-1380	mit	_	_	_	
8-42	1381-1387	Zucker	_	_	_	
8-43	1388-1390	zu	_	_	_	
8-44	1391-1397	Pulver	_	_	_	
8-45	1398-1407	geſtoſſen	_	_	_	
8-46	1407-1408	,	_	_	_	
8-47	1409-1411	in	_	_	_	
8-48	1412-1415	war	_	_	_	
8-49	1415-1416	-	_	_	_	
8-50	1417-1420	men	_	_	_	
8-51	1421-1426	Weine	_	_	_	
8-52	1427-1435	einnimmt	_	_	_	
8-53	1435-1436	,	_	_	_	
8-54	1437-1440	iſt	_	_	_	
8-55	1441-1447	dieſes	_	_	_	
8-56	1448-1451	ein	_	_	_	
8-57	1452-1455	vor	_	_	_	
8-58	1455-1456	-	_	_	_	
8-59	1457-1468	treffliches	_	_	_	
8-60	1469-1475	Mittel	_	_	_	
8-61	1476-1481	wider	_	_	_	
8-62	1482-1485	die	_	_	_	
8-63	1486-1492	kalten	_	_	_	
8-64	1493-1498	Fluͤſ	_	_	_	
8-65	1498-1499	-	_	_	_	
8-66	1500-1502	ſe	_	_	_	
8-67	1502-1503	/	_	_	_	
8-68	1504-1507	und	_	_	_	
8-69	1508-1511	man	_	_	_	
8-70	1512-1515	hat	_	_	_	
8-71	1516-1522	dieſem	_	_	_	
8-72	1523-1529	Pulver	_	_	_	
8-73	1530-1533	den	_	_	_	
8-74	1534-1536	Na	_	_	_	
8-75	1536-1537	-	_	_	_	
8-76	1538-1541	men	_	_	_	
8-77	1542-1548	poudre	_	_	_	
8-78	1549-1552	Duc	_	_	_	
8-79	1552-1553	,	_	_	_	
8-80	1554-1568	Hertzogspulver	_	_	_	
8-81	1568-1569	,	_	_	_	
8-82	1570-1572	ge	_	_	_	
8-83	1572-1573	-	_	_	_	
8-84	1574-1579	geben	_	_	_	
8-85	1579-1580	.	_	_	_	
