#FORMAT=WebAnno TSV 3.3
#T_SP=custom.Span|label
#T_RL=custom.Relation|label|BT_custom.Span


#Text=N'êtes-vous pas ravie de ce récit, ma chère Hariote?
1-1	0-11	N'êtes-vous	_	_	_	
1-2	12-15	pas	_	_	_	
1-3	16-21	ravie	_	_	_	
1-4	22-24	de	_	_	_	
1-5	25-27	ce	_	_	_	
1-6	28-33	récit	_	_	_	
1-7	33-34	,	_	_	_	
1-8	35-37	ma	_	_	_	
1-9	38-43	chère	_	_	_	
1-10	44-51	Hariote	_	_	_	
1-11	51-52	?	_	_	_	

#Text=On élève des statues aux destructeurs du genrehuman, aux conquérants; combien sont plus précieux à l'humanité, ces généreux bienfaiteurs, dont l'unique soin est de procurer le bonheur de tout ce qui les environne!
2-1	53-55	On	_	_	_	
2-2	56-61	élève	_	_	_	
2-3	62-65	des	_	_	_	
2-4	66-73	statues	_	_	_	
2-5	74-77	aux	_	_	_	
2-6	78-90	destructeurs	_	_	_	
2-7	91-93	du	_	_	_	
2-8	94-104	genrehuman	_	_	_	
2-9	104-105	,	_	_	_	
2-10	106-109	aux	_	_	_	
2-11	110-121	conquérants	_	_	_	
2-12	121-122	;	_	_	_	
2-13	123-130	combien	_	_	_	
2-14	131-135	sont	_	_	_	
2-15	136-140	plus	_	_	_	
2-16	141-149	précieux	_	_	_	
2-17	150-151	à	_	_	_	
2-18	152-162	l'humanité	_	_	_	
2-19	162-163	,	_	_	_	
2-20	164-167	ces	_	_	_	
2-21	168-176	généreux	_	_	_	
2-22	177-189	bienfaiteurs	_	_	_	
2-23	189-190	,	_	_	_	
2-24	191-195	dont	_	_	_	
2-25	196-204	l'unique	_	_	_	
2-26	205-209	soin	_	_	_	
2-27	210-213	est	_	_	_	
2-28	214-216	de	_	_	_	
2-29	217-225	procurer	_	_	_	
2-30	226-228	le	_	_	_	
2-31	229-236	bonheur	_	_	_	
2-32	237-239	de	_	_	_	
2-33	240-244	tout	_	_	_	
2-34	245-247	ce	_	_	_	
2-35	248-251	qui	_	_	_	
2-36	252-255	les	_	_	_	
2-37	256-265	environne	_	_	_	
2-38	265-266	!	_	_	_	

#Text=Leur siecle ingrat méconnoit leurs services; après tout, il n'aurait pas de quoi les payer, ce n'est que dans le Ciel qu'ils peuvent trouver une récompense digne d'eux.
3-1	267-271	Leur	_	_	_	
3-2	272-278	siecle	_	_	_	
3-3	279-285	ingrat	_	_	_	
3-4	286-295	méconnoit	_	_	_	
3-5	296-301	leurs	_	_	_	
3-6	302-310	services	_	_	_	
3-7	310-311	;	_	_	_	
3-8	312-317	après	_	_	_	
3-9	318-322	tout	_	_	_	
3-10	322-323	,	_	_	_	
3-11	324-326	il	_	_	_	
3-12	327-335	n'aurait	_	_	_	
3-13	336-339	pas	_	_	_	
3-14	340-342	de	_	_	_	
3-15	343-347	quoi	_	_	_	
3-16	348-351	les	_	_	_	
3-17	352-357	payer	_	_	_	
3-18	357-358	,	_	_	_	
3-19	359-361	ce	_	_	_	
3-20	362-367	n'est	_	_	_	
3-21	368-371	que	_	_	_	
3-22	372-376	dans	_	_	_	
3-23	377-379	le	_	_	_	
3-24	380-384	Ciel	_	_	_	
3-25	385-391	qu'ils	_	_	_	
3-26	392-399	peuvent	_	_	_	
3-27	400-407	trouver	_	_	_	
3-28	408-411	une	_	_	_	
3-29	412-422	récompense	_	_	_	
3-30	423-428	digne	_	_	_	
3-31	429-434	d'eux	_	_	_	
3-32	434-435	.	_	_	_	

#Text=Ma seconde mère m'a mené rendre les visites que j'avais reçues.
4-1	436-438	Ma	_	_	_	
4-2	439-446	seconde	_	_	_	
4-3	447-451	mère	_	_	_	
4-4	452-455	m'a	_	_	_	
4-5	456-460	mené	_	_	_	
4-6	461-467	rendre	_	_	_	
4-7	468-471	les	_	_	_	
4-8	472-479	visites	_	_	_	
4-9	480-483	que	_	_	_	
4-10	484-491	j'avais	_	_	_	
4-11	492-498	reçues	_	_	_	
4-12	498-499	.	_	_	_	

#Text=J'ai été dans chaque famille, je ne reviens point de mon étonnement.
5-1	500-504	J'ai	_	_	_	
5-2	505-508	été	_	_	_	
5-3	509-513	dans	_	_	_	
5-4	514-520	chaque	_	_	_	
5-5	521-528	famille	_	_	_	
5-6	528-529	,	_	_	_	
5-7	530-532	je	_	_	_	
5-8	533-535	ne	_	_	_	
5-9	536-543	reviens	_	_	_	
5-10	544-549	point	_	_	_	
5-11	550-552	de	_	_	_	
5-12	553-556	mon	_	_	_	
5-13	557-567	étonnement	_	_	_	
5-14	567-568	.	_	_	_	

#Text=Nous avions dîné dans un village, sur la route, en venant ici: en vérité, le cœur me souleve encore, quand je pense à l'horrible malpropreté des habitants de ce village, on dit que tous les autres lui ressemblent.
6-1	569-573	Nous	Perceiver	_	_	
6-2	574-580	avions	_	_	_	
6-3	581-585	dîné	_	_	_	
6-4	586-590	dans	Location[1]	Anaphoric	8-3[4_1]	
6-5	591-593	un	Location[1]	_	_	
6-6	594-601	village	Location[1]	_	_	
6-7	601-602	,	_	_	_	
6-8	603-606	sur	_	_	_	
6-9	607-609	la	_	_	_	
6-10	610-615	route	_	_	_	
6-11	615-616	,	_	_	_	
6-12	617-619	en	Circumstances[2]	_	_	
6-13	620-626	venant	Circumstances[2]	_	_	
6-14	627-630	ici	Circumstances[2]	_	_	
6-15	630-631	:	_	_	_	
6-16	632-634	en	_	_	_	
6-17	635-641	vérité	_	_	_	
6-18	641-642	,	_	_	_	
6-19	643-645	le	_	_	_	
6-20	646-650	cœur	_	_	_	
6-21	651-653	me	_	_	_	
6-22	654-661	souleve	_	_	_	
6-23	662-668	encore	_	_	_	
6-24	668-669	,	_	_	_	
6-25	670-675	quand	_	_	_	
6-26	676-678	je	_	_	_	
6-27	679-684	pense	_	_	_	
6-28	685-686	à	_	_	_	
6-29	687-697	l'horrible	_	_	_	
6-30	698-709	malpropreté	_	_	_	
6-31	710-713	des	_	_	_	
6-32	714-723	habitants	_	_	_	
6-33	724-726	de	_	_	_	
6-34	727-729	ce	_	_	_	
6-35	730-737	village	_	_	_	
6-36	737-738	,	_	_	_	
6-37	739-741	on	_	_	_	
6-38	742-745	dit	_	_	_	
6-39	746-749	que	_	_	_	
6-40	750-754	tous	_	_	_	
6-41	755-758	les	_	_	_	
6-42	759-765	autres	_	_	_	
6-43	766-769	lui	_	_	_	
6-44	770-781	ressemblent	_	_	_	
6-45	781-782	.	_	_	_	

#Text=Je ne m'étonne plus des maladies qui dévastent les campagnes.
7-1	783-785	Je	_	_	_	
7-2	786-788	ne	_	_	_	
7-3	789-797	m'étonne	_	_	_	
7-4	798-802	plus	_	_	_	
7-5	803-806	des	Effect[3]	_	_	
7-6	807-815	maladies	Effect[3]	_	_	
7-7	816-819	qui	Effect[3]	_	_	
7-8	820-829	dévastent	Effect[3]	_	_	
7-9	830-833	les	Effect[3]	_	_	
7-10	834-843	campagnes	Effect[3]	_	_	
7-11	843-844	.	_	_	_	

#Text=On respire chez ces infortunés un air empoisonné; chaque porte est ornée d'un fumier infect, ou d'une crapaudiere, c'estàdire, d'un trou où se ramassent les eaux de pluies, qui jointes avec celles qui découlent des fumiers, fournissent en été des exhalaisons pestillentielles.
8-1	845-847	On	_	_	_	
8-2	848-855	respire	_	_	_	
8-3	856-860	chez	Location[4]	_	_	
8-4	861-864	ces	Location[4]	_	_	
8-5	865-875	infortunés	Location[4]	_	_	
8-6	876-878	un	_	_	_	
8-7	879-882	air	Odour\_Carrier	_	_	
8-8	883-893	empoisonné	Smell\_Word[5]|Quality[6]	*|*	8-7[0_5]|8-8[5_6]	
8-9	893-894	;	_	_	_	
8-10	895-901	chaque	_	_	_	
8-11	902-907	porte	_	_	_	
8-12	908-911	est	_	_	_	
8-13	912-917	ornée	_	_	_	
8-14	918-922	d'un	_	_	_	
8-15	923-929	fumier	Smell\_Word	*	8-16	
8-16	930-936	infect	Quality	_	_	
8-17	936-937	,	_	_	_	
8-18	938-940	ou	_	_	_	
8-19	941-946	d'une	_	_	_	
8-20	947-958	crapaudiere	Smell\_Source	Anaphoric	8-22[7_0]	
8-21	958-959	,	_	_	_	
8-22	960-970	c'estàdire	Smell\_Source[7]	_	_	
8-23	970-971	,	Smell\_Source[7]	_	_	
8-24	972-976	d'un	Smell\_Source[7]	_	_	
8-25	977-981	trou	Smell\_Source[7]	_	_	
8-26	982-984	où	Smell\_Source[7]	_	_	
8-27	985-987	se	Smell\_Source[7]	_	_	
8-28	988-997	ramassent	Smell\_Source[7]	_	_	
8-29	998-1001	les	Smell\_Source[7]	_	_	
8-30	1002-1006	eaux	Smell\_Source[7]	_	_	
8-31	1007-1009	de	Smell\_Source[7]	_	_	
8-32	1010-1016	pluies	Smell\_Source[7]	_	_	
8-33	1016-1017	,	_	_	_	
8-34	1018-1021	qui	_	_	_	
8-35	1022-1029	jointes	_	_	_	
8-36	1030-1034	avec	_	_	_	
8-37	1035-1041	celles	_	_	_	
8-38	1042-1045	qui	_	_	_	
8-39	1046-1055	découlent	_	_	_	
8-40	1056-1059	des	_	_	_	
8-41	1060-1067	fumiers	_	_	_	
8-42	1067-1068	,	_	_	_	
8-43	1069-1080	fournissent	_	_	_	
8-44	1081-1083	en	_	_	_	
8-45	1084-1087	été	_	_	_	
8-46	1088-1091	des	_	_	_	
8-47	1092-1103	exhalaisons	Smell\_Word	*|*|*|*|*|*|*	8-48|6-1|8-20|8-15|8-3[4_0]|6-12[2_0]|7-5[3_0]	
8-48	1104-1120	pestillentielles	Quality	_	_	
8-49	1120-1121	.	_	_	_	

#Text=Leurs maisons sont d'une humidité malsaine, sans fenêtres, pour la plupart; car on ne peut nommer fenêtre, une lucarne d'un pied en carré, ensorte qu'on ne reçoit de jour que par la porte.
9-1	1123-1128	Leurs	_	_	_	
9-2	1129-1136	maisons	_	_	_	
9-3	1137-1141	sont	_	_	_	
9-4	1142-1147	d'une	_	_	_	
9-5	1148-1156	humidité	_	_	_	
9-6	1157-1165	malsaine	_	_	_	
9-7	1165-1166	,	_	_	_	
9-8	1167-1171	sans	_	_	_	
9-9	1172-1180	fenêtres	_	_	_	
9-10	1180-1181	,	_	_	_	
9-11	1182-1186	pour	_	_	_	
9-12	1187-1189	la	_	_	_	
9-13	1190-1197	plupart	_	_	_	
9-14	1197-1198	;	_	_	_	
9-15	1199-1202	car	_	_	_	
9-16	1203-1205	on	_	_	_	
9-17	1206-1208	ne	_	_	_	
9-18	1209-1213	peut	_	_	_	
9-19	1214-1220	nommer	_	_	_	
9-20	1221-1228	fenêtre	_	_	_	
9-21	1228-1229	,	_	_	_	
9-22	1230-1233	une	_	_	_	
9-23	1234-1241	lucarne	_	_	_	
9-24	1242-1246	d'un	_	_	_	
9-25	1247-1251	pied	_	_	_	
9-26	1252-1254	en	_	_	_	
9-27	1255-1260	carré	_	_	_	
9-28	1260-1261	,	_	_	_	
9-29	1262-1269	ensorte	_	_	_	
9-30	1270-1275	qu'on	_	_	_	
9-31	1276-1278	ne	_	_	_	
9-32	1279-1285	reçoit	_	_	_	
9-33	1286-1288	de	_	_	_	
9-34	1289-1293	jour	_	_	_	
9-35	1294-1297	que	_	_	_	
9-36	1298-1301	par	_	_	_	
9-37	1302-1304	la	_	_	_	
9-38	1305-1310	porte	_	_	_	
9-39	1310-1311	.	_	_	_	

#Text=Si les citoyens font la richesse réelle d'un Etat, comme le dit la Baronne dans son mémoire, combien ces causes de la dépopulation devroientelles exciter l'attention du gouvernement?
10-1	1312-1314	Si	_	_	_	
10-2	1315-1318	les	_	_	_	
10-3	1319-1327	citoyens	_	_	_	
10-4	1328-1332	font	_	_	_	
10-5	1333-1335	la	_	_	_	
10-6	1336-1344	richesse	_	_	_	
10-7	1345-1351	réelle	_	_	_	
10-8	1352-1356	d'un	_	_	_	
10-9	1357-1361	Etat	_	_	_	
10-10	1361-1362	,	_	_	_	
10-11	1363-1368	comme	_	_	_	
10-12	1369-1371	le	_	_	_	
10-13	1372-1375	dit	_	_	_	
10-14	1376-1378	la	_	_	_	
10-15	1379-1386	Baronne	_	_	_	
10-16	1387-1391	dans	_	_	_	
10-17	1392-1395	son	_	_	_	
10-18	1396-1403	mémoire	_	_	_	
10-19	1403-1404	,	_	_	_	
10-20	1405-1412	combien	_	_	_	
10-21	1413-1416	ces	_	_	_	
10-22	1417-1423	causes	_	_	_	
10-23	1424-1426	de	_	_	_	
10-24	1427-1429	la	_	_	_	
10-25	1430-1442	dépopulation	_	_	_	
10-26	1443-1457	devroientelles	_	_	_	
10-27	1458-1465	exciter	_	_	_	
10-28	1466-1477	l'attention	_	_	_	
10-29	1478-1480	du	_	_	_	
10-30	1481-1493	gouvernement	_	_	_	
10-31	1493-1494	?	_	_	_	

#Text=Que si la pitié pour ces pauvres malheureux n'est pas capable d'exciter la générosité des riches habitants des villes, que leur propre intérêt les excite du moins à s'unir pour remédier à ces inconvénients.
11-1	1495-1498	Que	_	_	_	
11-2	1499-1501	si	_	_	_	
11-3	1502-1504	la	_	_	_	
11-4	1505-1510	pitié	_	_	_	
11-5	1511-1515	pour	_	_	_	
11-6	1516-1519	ces	_	_	_	
11-7	1520-1527	pauvres	_	_	_	
11-8	1528-1538	malheureux	_	_	_	
11-9	1539-1544	n'est	_	_	_	
11-10	1545-1548	pas	_	_	_	
11-11	1549-1556	capable	_	_	_	
11-12	1557-1566	d'exciter	_	_	_	
11-13	1567-1569	la	_	_	_	
11-14	1570-1580	générosité	_	_	_	
11-15	1581-1584	des	_	_	_	
11-16	1585-1591	riches	_	_	_	
11-17	1592-1601	habitants	_	_	_	
11-18	1602-1605	des	_	_	_	
11-19	1606-1612	villes	_	_	_	
11-20	1612-1613	,	_	_	_	
11-21	1614-1617	que	_	_	_	
11-22	1618-1622	leur	_	_	_	
11-23	1623-1629	propre	_	_	_	
11-24	1630-1637	intérêt	_	_	_	
11-25	1638-1641	les	_	_	_	
11-26	1642-1648	excite	_	_	_	
11-27	1649-1651	du	_	_	_	
11-28	1652-1657	moins	_	_	_	
11-29	1658-1659	à	_	_	_	
11-30	1660-1666	s'unir	_	_	_	
11-31	1667-1671	pour	_	_	_	
11-32	1672-1680	remédier	_	_	_	
11-33	1681-1682	à	_	_	_	
11-34	1683-1686	ces	_	_	_	
11-35	1687-1700	inconvénients	_	_	_	
11-36	1700-1701	.	_	_	_	

#Text=C'est dans ces cachots que leurs enfants passent les premières années de leur vie, temps dans lequel la nature est plus susceptible d'amélioration ou de dépérissement.
12-1	1702-1707	C'est	_	_	_	
12-2	1708-1712	dans	_	_	_	
12-3	1713-1716	ces	_	_	_	
12-4	1717-1724	cachots	_	_	_	
12-5	1725-1728	que	_	_	_	
12-6	1729-1734	leurs	_	_	_	
12-7	1735-1742	enfants	_	_	_	
12-8	1743-1750	passent	_	_	_	
12-9	1751-1754	les	_	_	_	
12-10	1755-1764	premières	_	_	_	
12-11	1765-1771	années	_	_	_	
12-12	1772-1774	de	_	_	_	
12-13	1775-1779	leur	_	_	_	
12-14	1780-1783	vie	_	_	_	
12-15	1783-1784	,	_	_	_	
12-16	1785-1790	temps	_	_	_	
12-17	1791-1795	dans	_	_	_	
12-18	1796-1802	lequel	_	_	_	
12-19	1803-1805	la	_	_	_	
12-20	1806-1812	nature	_	_	_	
12-21	1813-1816	est	_	_	_	
12-22	1817-1821	plus	_	_	_	
12-23	1822-1833	susceptible	_	_	_	
12-24	1834-1848	d'amélioration	_	_	_	
12-25	1849-1851	ou	_	_	_	
12-26	1852-1854	de	_	_	_	
12-27	1855-1868	dépérissement	_	_	_	
12-28	1868-1869	.	_	_	_	

#Text=Ils y prennent le germe de toutes les maladies dont les parents essuyent les incommodités.
13-1	1870-1873	Ils	_	_	_	
13-2	1874-1875	y	_	_	_	
13-3	1876-1884	prennent	_	_	_	
13-4	1885-1887	le	_	_	_	
13-5	1888-1893	germe	_	_	_	
13-6	1894-1896	de	_	_	_	
13-7	1897-1903	toutes	_	_	_	
13-8	1904-1907	les	_	_	_	
13-9	1908-1916	maladies	_	_	_	
13-10	1917-1921	dont	_	_	_	
13-11	1922-1925	les	_	_	_	
13-12	1926-1933	parents	_	_	_	
13-13	1934-1942	essuyent	_	_	_	
13-14	1943-1946	les	_	_	_	
13-15	1947-1959	incommodités	_	_	_	
13-16	1959-1960	.	_	_	_	

#Text=Je ne cite que ce motif, parce qu'il touche plus immédiatement les pères mère.
14-1	1961-1963	Je	_	_	_	
14-2	1964-1966	ne	_	_	_	
14-3	1967-1971	cite	_	_	_	
14-4	1972-1975	que	_	_	_	
14-5	1976-1978	ce	_	_	_	
14-6	1979-1984	motif	_	_	_	
14-7	1984-1985	,	_	_	_	
14-8	1986-1991	parce	_	_	_	
14-9	1992-1997	qu'il	_	_	_	
14-10	1998-2004	touche	_	_	_	
14-11	2005-2009	plus	_	_	_	
14-12	2010-2023	immédiatement	_	_	_	
14-13	2024-2027	les	_	_	_	
14-14	2028-2033	pères	_	_	_	
14-15	2034-2038	mère	_	_	_	
14-16	2038-2039	.	_	_	_	

#Text=Une souscription dans les grandes villes, pour mieux loger les paysans, fourniroit des enfants plus sains sans fouler le citoyen.
15-1	2040-2043	Une	_	_	_	
15-2	2044-2056	souscription	_	_	_	
15-3	2057-2061	dans	_	_	_	
15-4	2062-2065	les	_	_	_	
15-5	2066-2073	grandes	_	_	_	
15-6	2074-2080	villes	_	_	_	
15-7	2080-2081	,	_	_	_	
15-8	2082-2086	pour	_	_	_	
15-9	2087-2092	mieux	_	_	_	
15-10	2093-2098	loger	_	_	_	
15-11	2099-2102	les	_	_	_	
15-12	2103-2110	paysans	_	_	_	
15-13	2110-2111	,	_	_	_	
15-14	2112-2122	fourniroit	_	_	_	
15-15	2123-2126	des	_	_	_	
15-16	2127-2134	enfants	_	_	_	
15-17	2135-2139	plus	_	_	_	
15-18	2140-2145	sains	_	_	_	
15-19	2146-2150	sans	_	_	_	
15-20	2151-2157	fouler	_	_	_	
15-21	2158-2160	le	_	_	_	
15-22	2161-2168	citoyen	_	_	_	
15-23	2168-2169	.	_	_	_	

#Text=Ici, toutes les maisons nouvellement bâties sont élevées de quatre pieds au dessus du niveau de la rue, on y monte par un escalier.
16-1	2170-2173	Ici	_	_	_	
16-2	2173-2174	,	_	_	_	
16-3	2175-2181	toutes	_	_	_	
16-4	2182-2185	les	_	_	_	
16-5	2186-2193	maisons	_	_	_	
16-6	2194-2206	nouvellement	_	_	_	
16-7	2207-2213	bâties	_	_	_	
16-8	2214-2218	sont	_	_	_	
16-9	2219-2226	élevées	_	_	_	
16-10	2227-2229	de	_	_	_	
16-11	2230-2236	quatre	_	_	_	
16-12	2237-2242	pieds	_	_	_	
16-13	2243-2245	au	_	_	_	
16-14	2246-2252	dessus	_	_	_	
16-15	2253-2255	du	_	_	_	
16-16	2256-2262	niveau	_	_	_	
16-17	2263-2265	de	_	_	_	
16-18	2266-2268	la	_	_	_	
16-19	2269-2272	rue	_	_	_	
16-20	2272-2273	,	_	_	_	
16-21	2274-2276	on	_	_	_	
16-22	2277-2278	y	_	_	_	
16-23	2279-2284	monte	_	_	_	
16-24	2285-2288	par	_	_	_	
16-25	2289-2291	un	_	_	_	
16-26	2292-2300	escalier	_	_	_	
16-27	2300-2301	.	_	_	_	

#Text=Elles ont au moins deux grandes fenêtres exposées au meilleur air.
17-1	2303-2308	Elles	_	_	_	
17-2	2309-2312	ont	_	_	_	
17-3	2313-2315	au	_	_	_	
17-4	2316-2321	moins	_	_	_	
17-5	2322-2326	deux	_	_	_	
17-6	2327-2334	grandes	_	_	_	
17-7	2335-2343	fenêtres	_	_	_	
17-8	2344-2352	exposées	_	_	_	
17-9	2353-2355	au	_	_	_	
17-10	2356-2364	meilleur	_	_	_	
17-11	2365-2368	air	_	_	_	
17-12	2368-2369	.	_	_	_	

#Text=Pas une seule crapaudiere; on a tout mis de niveau, l'on a pourvu à l'écoulement des eaux.
18-1	2370-2373	Pas	_	_	_	
18-2	2374-2377	une	_	_	_	
18-3	2378-2383	seule	_	_	_	
18-4	2384-2395	crapaudiere	_	_	_	
18-5	2395-2396	;	_	_	_	
18-6	2397-2399	on	_	_	_	
18-7	2400-2401	a	_	_	_	
18-8	2402-2406	tout	_	_	_	
18-9	2407-2410	mis	_	_	_	
18-10	2411-2413	de	_	_	_	
18-11	2414-2420	niveau	_	_	_	
18-12	2420-2421	,	_	_	_	
18-13	2422-2426	l'on	_	_	_	
18-14	2427-2428	a	_	_	_	
18-15	2429-2435	pourvu	_	_	_	
18-16	2436-2437	à	_	_	_	
18-17	2438-2450	l'écoulement	_	_	_	
18-18	2451-2454	des	_	_	_	
18-19	2455-2459	eaux	_	_	_	
18-20	2459-2460	.	_	_	_	

#Text=Les fumiers sont à une distance raisonnable, tous ramassés en quatre tas.
19-1	2461-2464	Les	_	_	_	
19-2	2465-2472	fumiers	_	_	_	
19-3	2473-2477	sont	_	_	_	
19-4	2478-2479	à	_	_	_	
19-5	2480-2483	une	_	_	_	
19-6	2484-2492	distance	_	_	_	
19-7	2493-2504	raisonnable	_	_	_	
19-8	2504-2505	,	_	_	_	
19-9	2506-2510	tous	_	_	_	
19-10	2511-2519	ramassés	_	_	_	
19-11	2520-2522	en	_	_	_	
19-12	2523-2529	quatre	_	_	_	
19-13	2530-2533	tas	_	_	_	
19-14	2533-2534	.	_	_	_	

#Text=Ma belle-mère m'a dit qu'au commencement les paysans des villages voisins venaient les enlever la nuit, on y a pourvu en les renfermant dans une bonne haie, des dogues en sont les gardiens, pendant la nuit.
20-1	2535-2537	Ma	_	_	_	
20-2	2538-2548	belle-mère	_	_	_	
20-3	2549-2552	m'a	_	_	_	
20-4	2553-2556	dit	_	_	_	
20-5	2557-2562	qu'au	_	_	_	
20-6	2563-2575	commencement	_	_	_	
20-7	2576-2579	les	_	_	_	
20-8	2580-2587	paysans	_	_	_	
20-9	2588-2591	des	_	_	_	
20-10	2592-2600	villages	_	_	_	
20-11	2601-2608	voisins	_	_	_	
20-12	2609-2617	venaient	_	_	_	
20-13	2618-2621	les	_	_	_	
20-14	2622-2629	enlever	_	_	_	
20-15	2630-2632	la	_	_	_	
20-16	2633-2637	nuit	_	_	_	
20-17	2637-2638	,	_	_	_	
20-18	2639-2641	on	_	_	_	
20-19	2642-2643	y	_	_	_	
20-20	2644-2645	a	_	_	_	
20-21	2646-2652	pourvu	_	_	_	
20-22	2653-2655	en	_	_	_	
20-23	2656-2659	les	_	_	_	
20-24	2660-2670	renfermant	_	_	_	
20-25	2671-2675	dans	_	_	_	
20-26	2676-2679	une	_	_	_	
20-27	2680-2685	bonne	_	_	_	
20-28	2686-2690	haie	_	_	_	
20-29	2690-2691	,	_	_	_	
20-30	2692-2695	des	_	_	_	
20-31	2696-2702	dogues	_	_	_	
20-32	2703-2705	en	_	_	_	
20-33	2706-2710	sont	_	_	_	
20-34	2711-2714	les	_	_	_	
20-35	2715-2723	gardiens	_	_	_	
20-36	2723-2724	,	_	_	_	
20-37	2725-2732	pendant	_	_	_	
20-38	2733-2735	la	_	_	_	
20-39	2736-2740	nuit	_	_	_	
20-40	2740-2741	.	_	_	_	

#Text=Le dedans des maisons est propre, net, pavé des pierres qu'on a retirées des terres.
21-1	2742-2744	Le	_	_	_	
21-2	2745-2751	dedans	_	_	_	
21-3	2752-2755	des	_	_	_	
21-4	2756-2763	maisons	_	_	_	
21-5	2764-2767	est	_	_	_	
21-6	2768-2774	propre	_	_	_	
21-7	2774-2775	,	_	_	_	
21-8	2776-2779	net	_	_	_	
21-9	2779-2780	,	_	_	_	
21-10	2781-2785	pavé	_	_	_	
21-11	2786-2789	des	_	_	_	
21-12	2790-2797	pierres	_	_	_	
21-13	2798-2803	qu'on	_	_	_	
21-14	2804-2805	a	_	_	_	
21-15	2806-2814	retirées	_	_	_	
21-16	2815-2818	des	_	_	_	
21-17	2819-2825	terres	_	_	_	
21-18	2825-2826	.	_	_	_	

#Text=Les enfants les charrient dans de petits charriots qu'ils trainent, cela les accoutume au travail.
22-1	2827-2830	Les	_	_	_	
22-2	2831-2838	enfants	_	_	_	
22-3	2839-2842	les	_	_	_	
22-4	2843-2852	charrient	_	_	_	
22-5	2853-2857	dans	_	_	_	
22-6	2858-2860	de	_	_	_	
22-7	2861-2867	petits	_	_	_	
22-8	2868-2877	charriots	_	_	_	
22-9	2878-2884	qu'ils	_	_	_	
22-10	2885-2893	trainent	_	_	_	
22-11	2893-2894	,	_	_	_	
22-12	2895-2899	cela	_	_	_	
22-13	2900-2903	les	_	_	_	
22-14	2904-2913	accoutume	_	_	_	
22-15	2914-2916	au	_	_	_	
22-16	2917-2924	travail	_	_	_	
22-17	2924-2925	.	_	_	_	

#Text=Si vous voyez qu'elle joie se répand sur le visage de ces bonnes gens, quand la Baronne entre chez eux, avec quel respect ils s'empressent de luiaiser la main, vous la croiriez déjà payée de ce qu'elle a fait pour eux.
23-1	2926-2928	Si	_	_	_	
23-2	2929-2933	vous	_	_	_	
23-3	2934-2939	voyez	_	_	_	
23-4	2940-2947	qu'elle	_	_	_	
23-5	2948-2952	joie	_	_	_	
23-6	2953-2955	se	_	_	_	
23-7	2956-2962	répand	_	_	_	
23-8	2963-2966	sur	_	_	_	
23-9	2967-2969	le	_	_	_	
23-10	2970-2976	visage	_	_	_	
23-11	2977-2979	de	_	_	_	
23-12	2980-2983	ces	_	_	_	
23-13	2984-2990	bonnes	_	_	_	
23-14	2991-2995	gens	_	_	_	
23-15	2995-2996	,	_	_	_	
23-16	2997-3002	quand	_	_	_	
23-17	3003-3005	la	_	_	_	
23-18	3006-3013	Baronne	_	_	_	
23-19	3014-3019	entre	_	_	_	
23-20	3020-3024	chez	_	_	_	
23-21	3025-3028	eux	_	_	_	
23-22	3028-3029	,	_	_	_	
23-23	3030-3034	avec	_	_	_	
23-24	3035-3039	quel	_	_	_	
23-25	3040-3047	respect	_	_	_	
23-26	3048-3051	ils	_	_	_	
23-27	3052-3064	s'empressent	_	_	_	
23-28	3065-3067	de	_	_	_	
23-29	3068-3076	luiaiser	_	_	_	
23-30	3077-3079	la	_	_	_	
23-31	3080-3084	main	_	_	_	
23-32	3084-3085	,	_	_	_	
23-33	3086-3090	vous	_	_	_	
23-34	3091-3093	la	_	_	_	
23-35	3094-3102	croiriez	_	_	_	
23-36	3103-3107	déjà	_	_	_	
23-37	3108-3113	payée	_	_	_	
23-38	3114-3116	de	_	_	_	
23-39	3117-3119	ce	_	_	_	
23-40	3120-3127	qu'elle	_	_	_	
23-41	3128-3129	a	_	_	_	
23-42	3130-3134	fait	_	_	_	
23-43	3135-3139	pour	_	_	_	
23-44	3140-3143	eux	_	_	_	
23-45	3143-3144	.	_	_	_	

#Text=Si je ne m'étais pas fait une loi de me conduire par les conseils, j'aurais répandu à pleines mains ce que j'ai d'argent, pour concourir à cette bonne œuvre.
24-1	3145-3147	Si	_	_	_	
24-2	3148-3150	je	_	_	_	
24-3	3151-3153	ne	_	_	_	
24-4	3154-3161	m'étais	_	_	_	
24-5	3162-3165	pas	_	_	_	
24-6	3166-3170	fait	_	_	_	
24-7	3171-3174	une	_	_	_	
24-8	3175-3178	loi	_	_	_	
24-9	3179-3181	de	_	_	_	
24-10	3182-3184	me	_	_	_	
24-11	3185-3193	conduire	_	_	_	
24-12	3194-3197	par	_	_	_	
24-13	3198-3201	les	_	_	_	
24-14	3202-3210	conseils	_	_	_	
24-15	3210-3211	,	_	_	_	
24-16	3212-3220	j'aurais	_	_	_	
24-17	3221-3228	répandu	_	_	_	
24-18	3229-3230	à	_	_	_	
24-19	3231-3238	pleines	_	_	_	
24-20	3239-3244	mains	_	_	_	
24-21	3245-3247	ce	_	_	_	
24-22	3248-3251	que	_	_	_	
24-23	3252-3256	j'ai	_	_	_	
24-24	3257-3265	d'argent	_	_	_	
24-25	3265-3266	,	_	_	_	
24-26	3267-3271	pour	_	_	_	
24-27	3272-3281	concourir	_	_	_	
24-28	3282-3283	à	_	_	_	
24-29	3284-3289	cette	_	_	_	
24-30	3290-3295	bonne	_	_	_	
24-31	3296-3301	œuvre	_	_	_	
24-32	3301-3302	.	_	_	_	

#Text=Elle me dit en riant, que la vraie charité est prudente; que je ne suis que prodigue; qu'il faut faire vivre le pauvre se garder de l'enrichir: ce que je puis faire de mieux, je crois, c'est de profiter de la grâce que Dieu m'a faite, en me donnant un tel guide, le meilleur moyen de le faire est de m'abandonner aveuglément à sa conduite.
25-1	3303-3307	Elle	_	_	_	
25-2	3308-3310	me	_	_	_	
25-3	3311-3314	dit	_	_	_	
25-4	3315-3317	en	_	_	_	
25-5	3318-3323	riant	_	_	_	
25-6	3323-3324	,	_	_	_	
25-7	3325-3328	que	_	_	_	
25-8	3329-3331	la	_	_	_	
25-9	3332-3337	vraie	_	_	_	
25-10	3338-3345	charité	_	_	_	
25-11	3346-3349	est	_	_	_	
25-12	3350-3358	prudente	_	_	_	
25-13	3358-3359	;	_	_	_	
25-14	3360-3363	que	_	_	_	
25-15	3364-3366	je	_	_	_	
25-16	3367-3369	ne	_	_	_	
25-17	3370-3374	suis	_	_	_	
25-18	3375-3378	que	_	_	_	
25-19	3379-3387	prodigue	_	_	_	
25-20	3387-3388	;	_	_	_	
25-21	3389-3394	qu'il	_	_	_	
25-22	3395-3399	faut	_	_	_	
25-23	3400-3405	faire	_	_	_	
25-24	3406-3411	vivre	_	_	_	
25-25	3412-3414	le	_	_	_	
25-26	3415-3421	pauvre	_	_	_	
25-27	3422-3424	se	_	_	_	
25-28	3425-3431	garder	_	_	_	
25-29	3432-3434	de	_	_	_	
25-30	3435-3445	l'enrichir	_	_	_	
25-31	3445-3446	:	_	_	_	
25-32	3447-3449	ce	_	_	_	
25-33	3450-3453	que	_	_	_	
25-34	3454-3456	je	_	_	_	
25-35	3457-3461	puis	_	_	_	
25-36	3462-3467	faire	_	_	_	
25-37	3468-3470	de	_	_	_	
25-38	3471-3476	mieux	_	_	_	
25-39	3476-3477	,	_	_	_	
25-40	3478-3480	je	_	_	_	
25-41	3481-3486	crois	_	_	_	
25-42	3486-3487	,	_	_	_	
25-43	3488-3493	c'est	_	_	_	
25-44	3494-3496	de	_	_	_	
25-45	3497-3505	profiter	_	_	_	
25-46	3506-3508	de	_	_	_	
25-47	3509-3511	la	_	_	_	
25-48	3512-3517	grâce	_	_	_	
25-49	3518-3521	que	_	_	_	
25-50	3522-3526	Dieu	_	_	_	
25-51	3527-3530	m'a	_	_	_	
25-52	3531-3536	faite	_	_	_	
25-53	3536-3537	,	_	_	_	
25-54	3538-3540	en	_	_	_	
25-55	3541-3543	me	_	_	_	
25-56	3544-3551	donnant	_	_	_	
25-57	3552-3554	un	_	_	_	
25-58	3555-3558	tel	_	_	_	
25-59	3559-3564	guide	_	_	_	
25-60	3564-3565	,	_	_	_	
25-61	3566-3568	le	_	_	_	
25-62	3569-3577	meilleur	_	_	_	
25-63	3578-3583	moyen	_	_	_	
25-64	3584-3586	de	_	_	_	
25-65	3587-3589	le	_	_	_	
25-66	3590-3595	faire	_	_	_	
25-67	3596-3599	est	_	_	_	
25-68	3600-3602	de	_	_	_	
25-69	3603-3615	m'abandonner	_	_	_	
25-70	3616-3627	aveuglément	_	_	_	
25-71	3628-3629	à	_	_	_	
25-72	3630-3632	sa	_	_	_	
25-73	3633-3641	conduite	_	_	_	
25-74	3641-3642	.	_	_	_	

#Text=A chaque pas qu'on fait ici, on trouve de nouveaux sujets de se récrier d'admiration.
26-1	3643-3644	A	_	_	_	
26-2	3645-3651	chaque	_	_	_	
26-3	3652-3655	pas	_	_	_	
26-4	3656-3661	qu'on	_	_	_	
26-5	3662-3666	fait	_	_	_	
26-6	3667-3670	ici	_	_	_	
26-7	3670-3671	,	_	_	_	
26-8	3672-3674	on	_	_	_	
26-9	3675-3681	trouve	_	_	_	
26-10	3682-3684	de	_	_	_	
26-11	3685-3693	nouveaux	_	_	_	
26-12	3694-3700	sujets	_	_	_	
26-13	3701-3703	de	_	_	_	
26-14	3704-3706	se	_	_	_	
26-15	3707-3714	récrier	_	_	_	
26-16	3715-3727	d'admiration	_	_	_	
26-17	3727-3728	.	_	_	_	

#Text=Parvenue à l'extrémité du village, j'ai aperçu un grand espace couvert de toiles presque absolument blanches, des paysannes étaient occupées à les enlever.
27-1	3729-3737	Parvenue	_	_	_	
27-2	3738-3739	à	_	_	_	
27-3	3740-3751	l'extrémité	_	_	_	
27-4	3752-3754	du	_	_	_	
27-5	3755-3762	village	_	_	_	
27-6	3762-3763	,	_	_	_	
27-7	3764-3768	j'ai	_	_	_	
27-8	3769-3775	aperçu	_	_	_	
27-9	3776-3778	un	_	_	_	
27-10	3779-3784	grand	_	_	_	
27-11	3785-3791	espace	_	_	_	
27-12	3792-3799	couvert	_	_	_	
27-13	3800-3802	de	_	_	_	
27-14	3803-3809	toiles	_	_	_	
27-15	3810-3817	presque	_	_	_	
27-16	3818-3828	absolument	_	_	_	
27-17	3829-3837	blanches	_	_	_	
27-18	3837-3838	,	_	_	_	
27-19	3839-3842	des	_	_	_	
27-20	3843-3852	paysannes	_	_	_	
27-21	3853-3860	étaient	_	_	_	
27-22	3861-3869	occupées	_	_	_	
27-23	3870-3871	à	_	_	_	
27-24	3872-3875	les	_	_	_	
27-25	3876-3883	enlever	_	_	_	
27-26	3883-3884	.	_	_	_	

#Text=C'est le fruit des veillées de l'hiver; la charrette fera, la semaine prochaine, deux voyages à Bordeaux, pour y vendres ces toiles, en rapporter le prix aux filenses.
28-1	3885-3890	C'est	_	_	_	
28-2	3891-3893	le	_	_	_	
28-3	3894-3899	fruit	_	_	_	
28-4	3900-3903	des	_	_	_	
28-5	3904-3912	veillées	_	_	_	
28-6	3913-3915	de	_	_	_	
28-7	3916-3923	l'hiver	_	_	_	
28-8	3923-3924	;	_	_	_	
28-9	3925-3927	la	_	_	_	
28-10	3928-3937	charrette	_	_	_	
28-11	3938-3942	fera	_	_	_	
28-12	3942-3943	,	_	_	_	
28-13	3944-3946	la	_	_	_	
28-14	3947-3954	semaine	_	_	_	
28-15	3955-3964	prochaine	_	_	_	
28-16	3964-3965	,	_	_	_	
28-17	3966-3970	deux	_	_	_	
28-18	3971-3978	voyages	_	_	_	
28-19	3979-3980	à	_	_	_	
28-20	3981-3989	Bordeaux	_	_	_	
28-21	3989-3990	,	_	_	_	
28-22	3991-3995	pour	_	_	_	
28-23	3996-3997	y	_	_	_	
28-24	3998-4005	vendres	_	_	_	
28-25	4006-4009	ces	_	_	_	
28-26	4010-4016	toiles	_	_	_	
28-27	4016-4017	,	_	_	_	
28-28	4018-4020	en	_	_	_	
28-29	4021-4030	rapporter	_	_	_	
28-30	4031-4033	le	_	_	_	
28-31	4034-4038	prix	_	_	_	
28-32	4039-4042	aux	_	_	_	
28-33	4043-4051	filenses	_	_	_	
28-34	4051-4052	.	_	_	_	

#Text=Il y a actuellement dans le village six ouvriers qui travaillent ces toiles, dont un seul est maître; les cinq autres sont des enfants trouvés, que nous avons pris à l'Hopital de Bordeaux, à l'âge de douze ans.
29-1	4053-4055	Il	_	_	_	
29-2	4056-4057	y	_	_	_	
29-3	4058-4059	a	_	_	_	
29-4	4060-4072	actuellement	_	_	_	
29-5	4073-4077	dans	_	_	_	
29-6	4078-4080	le	_	_	_	
29-7	4081-4088	village	_	_	_	
29-8	4089-4092	six	_	_	_	
29-9	4093-4101	ouvriers	_	_	_	
29-10	4102-4105	qui	_	_	_	
29-11	4106-4117	travaillent	_	_	_	
29-12	4118-4121	ces	_	_	_	
29-13	4122-4128	toiles	_	_	_	
29-14	4128-4129	,	_	_	_	
29-15	4130-4134	dont	_	_	_	
29-16	4135-4137	un	_	_	_	
29-17	4138-4142	seul	_	_	_	
29-18	4143-4146	est	_	_	_	
29-19	4147-4153	maître	_	_	_	
29-20	4153-4154	;	_	_	_	
29-21	4155-4158	les	_	_	_	
29-22	4159-4163	cinq	_	_	_	
29-23	4164-4170	autres	_	_	_	
29-24	4171-4175	sont	_	_	_	
29-25	4176-4179	des	_	_	_	
29-26	4180-4187	enfants	_	_	_	
29-27	4188-4195	trouvés	_	_	_	
29-28	4195-4196	,	_	_	_	
29-29	4197-4200	que	_	_	_	
29-30	4201-4205	nous	_	_	_	
29-31	4206-4211	avons	_	_	_	
29-32	4212-4216	pris	_	_	_	
29-33	4217-4218	à	_	_	_	
29-34	4219-4228	l'Hopital	_	_	_	
29-35	4229-4231	de	_	_	_	
29-36	4232-4240	Bordeaux	_	_	_	
29-37	4240-4241	,	_	_	_	
29-38	4242-4243	à	_	_	_	
29-39	4244-4249	l'âge	_	_	_	
29-40	4250-4252	de	_	_	_	
29-41	4253-4258	douze	_	_	_	
29-42	4259-4262	ans	_	_	_	
29-43	4262-4263	.	_	_	_	

#Text=Ils ont passé une année dans la maison de Messieurs Duboc, qui les ont instruits.
30-1	4264-4267	Ils	_	_	_	
30-2	4268-4271	ont	_	_	_	
30-3	4272-4277	passé	_	_	_	
30-4	4278-4281	une	_	_	_	
30-5	4282-4287	année	_	_	_	
30-6	4288-4292	dans	_	_	_	
30-7	4293-4295	la	_	_	_	
30-8	4296-4302	maison	_	_	_	
30-9	4303-4305	de	_	_	_	
30-10	4306-4315	Messieurs	_	_	_	
30-11	4316-4321	Duboc	_	_	_	
30-12	4321-4322	,	_	_	_	
30-13	4323-4326	qui	_	_	_	
30-14	4327-4330	les	_	_	_	
30-15	4331-4334	ont	_	_	_	
30-16	4335-4344	instruits	_	_	_	
30-17	4344-4345	.	_	_	_	

#Text=Le plus jeune des deux, c'estàdire le Vicaire, s'étant fait Maitre d'école, leur a très-bien appris à lire, à écrire, l'on peut dire qu'il leur a inspiré tant de piété, qu'ils sont l'édification de la Paroisse.
31-1	4346-4348	Le	_	_	_	
31-2	4349-4353	plus	_	_	_	
31-3	4354-4359	jeune	_	_	_	
31-4	4360-4363	des	_	_	_	
31-5	4364-4368	deux	_	_	_	
31-6	4368-4369	,	_	_	_	
31-7	4370-4380	c'estàdire	_	_	_	
31-8	4381-4383	le	_	_	_	
31-9	4384-4391	Vicaire	_	_	_	
31-10	4391-4392	,	_	_	_	
31-11	4393-4400	s'étant	_	_	_	
31-12	4401-4405	fait	_	_	_	
31-13	4406-4412	Maitre	_	_	_	
31-14	4413-4420	d'école	_	_	_	
31-15	4420-4421	,	_	_	_	
31-16	4422-4426	leur	_	_	_	
31-17	4427-4428	a	_	_	_	
31-18	4429-4438	très-bien	_	_	_	
31-19	4439-4445	appris	_	_	_	
31-20	4446-4447	à	_	_	_	
31-21	4448-4452	lire	_	_	_	
31-22	4452-4453	,	_	_	_	
31-23	4454-4455	à	_	_	_	
31-24	4456-4462	écrire	_	_	_	
31-25	4462-4463	,	_	_	_	
31-26	4464-4468	l'on	_	_	_	
31-27	4469-4473	peut	_	_	_	
31-28	4474-4478	dire	_	_	_	
31-29	4479-4484	qu'il	_	_	_	
31-30	4485-4489	leur	_	_	_	
31-31	4490-4491	a	_	_	_	
31-32	4492-4499	inspiré	_	_	_	
31-33	4500-4504	tant	_	_	_	
31-34	4505-4507	de	_	_	_	
31-35	4508-4513	piété	_	_	_	
31-36	4513-4514	,	_	_	_	
31-37	4515-4521	qu'ils	_	_	_	
31-38	4522-4526	sont	_	_	_	
31-39	4527-4540	l'édification	_	_	_	
31-40	4541-4543	de	_	_	_	
31-41	4544-4546	la	_	_	_	
31-42	4547-4555	Paroisse	_	_	_	
31-43	4555-4556	.	_	_	_	

#Text=A treize ans ils ont commencé leur métier de tisserand, ils entrent la semaine prochaine dans leur vingtieme année, ils seront mariés tous les cinq, avec sept autres garçons du village; leurs épouses leur apportent en dot deux vaches, qui sont au magasin; ils seront nourris pendant un an chez leur beau-père; le maître tisserand va les payer cette année, leur argent sera mis de côté pour meubler leur petite maison.
32-1	4557-4558	A	_	_	_	
32-2	4559-4565	treize	_	_	_	
32-3	4566-4569	ans	_	_	_	
32-4	4570-4573	ils	_	_	_	
32-5	4574-4577	ont	_	_	_	
32-6	4578-4586	commencé	_	_	_	
32-7	4587-4591	leur	_	_	_	
32-8	4592-4598	métier	_	_	_	
32-9	4599-4601	de	_	_	_	
32-10	4602-4611	tisserand	_	_	_	
32-11	4611-4612	,	_	_	_	
32-12	4613-4616	ils	_	_	_	
32-13	4617-4624	entrent	_	_	_	
32-14	4625-4627	la	_	_	_	
32-15	4628-4635	semaine	_	_	_	
32-16	4636-4645	prochaine	_	_	_	
32-17	4646-4650	dans	_	_	_	
32-18	4651-4655	leur	_	_	_	
32-19	4656-4665	vingtieme	_	_	_	
32-20	4666-4671	année	_	_	_	
32-21	4671-4672	,	_	_	_	
32-22	4673-4676	ils	_	_	_	
32-23	4677-4683	seront	_	_	_	
32-24	4684-4690	mariés	_	_	_	
32-25	4691-4695	tous	_	_	_	
32-26	4696-4699	les	_	_	_	
32-27	4700-4704	cinq	_	_	_	
32-28	4704-4705	,	_	_	_	
32-29	4706-4710	avec	_	_	_	
32-30	4711-4715	sept	_	_	_	
32-31	4716-4722	autres	_	_	_	
32-32	4723-4730	garçons	_	_	_	
32-33	4731-4733	du	_	_	_	
32-34	4734-4741	village	_	_	_	
32-35	4741-4742	;	_	_	_	
32-36	4743-4748	leurs	_	_	_	
32-37	4749-4756	épouses	_	_	_	
32-38	4757-4761	leur	_	_	_	
32-39	4762-4771	apportent	_	_	_	
32-40	4772-4774	en	_	_	_	
32-41	4775-4778	dot	_	_	_	
32-42	4779-4783	deux	_	_	_	
32-43	4784-4790	vaches	_	_	_	
32-44	4790-4791	,	_	_	_	
32-45	4792-4795	qui	_	_	_	
32-46	4796-4800	sont	_	_	_	
32-47	4801-4803	au	_	_	_	
32-48	4804-4811	magasin	_	_	_	
32-49	4811-4812	;	_	_	_	
32-50	4813-4816	ils	_	_	_	
32-51	4817-4823	seront	_	_	_	
32-52	4824-4831	nourris	_	_	_	
32-53	4832-4839	pendant	_	_	_	
32-54	4840-4842	un	_	_	_	
32-55	4843-4845	an	_	_	_	
32-56	4846-4850	chez	_	_	_	
32-57	4851-4855	leur	_	_	_	
32-58	4856-4865	beau-père	_	_	_	
32-59	4865-4866	;	_	_	_	
32-60	4867-4869	le	_	_	_	
32-61	4870-4876	maître	_	_	_	
32-62	4877-4886	tisserand	_	_	_	
32-63	4887-4889	va	_	_	_	
32-64	4890-4893	les	_	_	_	
32-65	4894-4899	payer	_	_	_	
32-66	4900-4905	cette	_	_	_	
32-67	4906-4911	année	_	_	_	
32-68	4911-4912	,	_	_	_	
32-69	4913-4917	leur	_	_	_	
32-70	4918-4924	argent	_	_	_	
32-71	4925-4929	sera	_	_	_	
32-72	4930-4933	mis	_	_	_	
32-73	4934-4936	de	_	_	_	
32-74	4937-4941	côté	_	_	_	
32-75	4942-4946	pour	_	_	_	
32-76	4947-4954	meubler	_	_	_	
32-77	4955-4959	leur	_	_	_	
32-78	4960-4966	petite	_	_	_	
32-79	4967-4973	maison	_	_	_	
32-80	4973-4974	.	_	_	_	

#Text=Vous en avez donc plusieurs de guides, dis-je à la Baronne?
33-1	4975-4979	Vous	_	_	_	
33-2	4980-4982	en	_	_	_	
33-3	4983-4987	avez	_	_	_	
33-4	4988-4992	donc	_	_	_	
33-5	4993-5002	plusieurs	_	_	_	
33-6	5003-5005	de	_	_	_	
33-7	5006-5012	guides	_	_	_	
33-8	5012-5013	,	_	_	_	
33-9	5014-5020	dis-je	_	_	_	
33-10	5021-5022	à	_	_	_	
33-11	5023-5025	la	_	_	_	
33-12	5026-5033	Baronne	_	_	_	
33-13	5033-5034	?	_	_	_	

#Text=Non, mon enfant, me répondit-elle; mais voici comment on agit en pareil cas.
34-1	5035-5038	Non	_	_	_	
34-2	5038-5039	,	_	_	_	
34-3	5040-5043	mon	_	_	_	
34-4	5044-5050	enfant	_	_	_	
34-5	5050-5051	,	_	_	_	
34-6	5052-5054	me	_	_	_	
34-7	5055-5068	répondit-elle	_	_	_	
34-8	5068-5069	;	_	_	_	
34-9	5070-5074	mais	_	_	_	
34-10	5075-5080	voici	_	_	_	
34-11	5081-5088	comment	_	_	_	
34-12	5089-5091	on	_	_	_	
34-13	5092-5096	agit	_	_	_	
34-14	5097-5099	en	_	_	_	
34-15	5100-5106	pareil	_	_	_	
34-16	5107-5110	cas	_	_	_	
34-17	5110-5111	.	_	_	_	
