#FORMAT=WebAnno TSV 3.3


#Text=[
#Text=p. 45]
#Text=
#Text=ten door de waterdeeltjes gevormd.
1-1	2-3	[	
1-2	4-5	p	
1-3	5-6	.	
1-4	7-9	45	
1-5	9-10	]	
1-6	12-15	ten	
1-7	16-20	door	
1-8	21-23	de	
1-9	24-37	waterdeeltjes	
1-10	38-45	gevormd	
1-11	45-46	.	

#Text=De natuurkundigen hebben ze nog niet ontdekt, vooral niet hoe zij zich zoo kunnen uitbreiden, hoe de korrels zoo groot kunnen worden.
2-1	47-49	De	
2-2	50-64	natuurkundigen	
2-3	65-71	hebben	
2-4	72-74	ze	
2-5	75-78	nog	
2-6	79-83	niet	
2-7	84-91	ontdekt	
2-8	91-92	,	
2-9	93-99	vooral	
2-10	100-104	niet	
2-11	105-108	hoe	
2-12	109-112	zij	
2-13	113-117	zich	
2-14	118-121	zoo	
2-15	122-128	kunnen	
2-16	129-139	uitbreiden	
2-17	139-140	,	
2-18	141-144	hoe	
2-19	145-147	de	
2-20	148-155	korrels	
2-21	156-159	zoo	
2-22	160-165	groot	
2-23	166-172	kunnen	
2-24	173-179	worden	
2-25	179-180	.	

#Text=Het is hier niet genoeg te zeggen:
#Text=eenige ijsnaalden voegen zich aaneen en daarom heen bevriest nu een hagelvormige laag water als helder ijs, want van waar ontleent men de latente warmte, die voor zulk een betrekkelijk dikke laag dikwijls zoo aanmerkelijk is.
3-1	181-184	Het	
3-2	185-187	is	
3-3	188-192	hier	
3-4	193-197	niet	
3-5	198-204	genoeg	
3-6	205-207	te	
3-7	208-214	zeggen	
3-8	214-215	:	
3-9	216-222	eenige	
3-10	223-233	ijsnaalden	
3-11	234-240	voegen	
3-12	241-245	zich	
3-13	246-252	aaneen	
3-14	253-255	en	
3-15	256-262	daarom	
3-16	263-267	heen	
3-17	268-276	bevriest	
3-18	277-279	nu	
3-19	280-283	een	
3-20	284-296	hagelvormige	
3-21	297-301	laag	
3-22	302-307	water	
3-23	308-311	als	
3-24	312-318	helder	
3-25	319-322	ijs	
3-26	322-323	,	
3-27	324-328	want	
3-28	329-332	van	
3-29	333-337	waar	
3-30	338-346	ontleent	
3-31	347-350	men	
3-32	351-353	de	
3-33	354-361	latente	
3-34	362-368	warmte	
3-35	368-369	,	
3-36	370-373	die	
3-37	374-378	voor	
3-38	379-383	zulk	
3-39	384-387	een	
3-40	388-400	betrekkelijk	
3-41	401-406	dikke	
3-42	407-411	laag	
3-43	412-420	dikwijls	
3-44	421-424	zoo	
3-45	425-437	aanmerkelijk	
3-46	438-440	is	
3-47	440-441	.	

#Text=Men moet dus een reden opsporen, waardoor zij lang genoeg in de lueht kunnen vertoeven.
4-1	442-445	Men	
4-2	446-450	moet	
4-3	451-454	dus	
4-4	455-458	een	
4-5	459-464	reden	
4-6	465-473	opsporen	
4-7	473-474	,	
4-8	475-483	waardoor	
4-9	484-487	zij	
4-10	488-492	lang	
4-11	493-499	genoeg	
4-12	500-502	in	
4-13	503-505	de	
4-14	506-511	lueht	
4-15	512-518	kunnen	
4-16	519-528	vertoeven	
4-17	528-529	.	

#Text=Tot verklaring hiervan, of althans om het denkbaar te maken, schijnt de hypothese van Oersted de beste, namelijk: dat bij den strijd der tegengestelde luchtstroomen wervelwinden, wentelende eilinders ontstaan en daardoor de gevormde korrels met meer lucht in aanraking komen, en daarin worden rondgevoerd.
5-1	530-533	Tot	
5-2	534-544	verklaring	
5-3	545-552	hiervan	
5-4	552-553	,	
5-5	554-556	of	
5-6	557-564	althans	
5-7	565-567	om	
5-8	568-571	het	
5-9	572-580	denkbaar	
5-10	581-583	te	
5-11	584-589	maken	
5-12	589-590	,	
5-13	591-598	schijnt	
5-14	599-601	de	
5-15	602-611	hypothese	
5-16	612-615	van	
5-17	616-623	Oersted	
5-18	624-626	de	
5-19	627-632	beste	
5-20	632-633	,	
5-21	634-642	namelijk	
5-22	642-643	:	
5-23	644-647	dat	
5-24	648-651	bij	
5-25	652-655	den	
5-26	656-662	strijd	
5-27	663-666	der	
5-28	667-680	tegengestelde	
5-29	681-694	luchtstroomen	
5-30	695-707	wervelwinden	
5-31	707-708	,	
5-32	709-719	wentelende	
5-33	720-729	eilinders	
5-34	730-738	ontstaan	
5-35	739-741	en	
5-36	742-750	daardoor	
5-37	751-753	de	
5-38	754-762	gevormde	
5-39	763-770	korrels	
5-40	771-774	met	
5-41	775-779	meer	
5-42	780-785	lucht	
5-43	786-788	in	
5-44	789-798	aanraking	
5-45	799-804	komen	
5-46	804-805	,	
5-47	806-808	en	
5-48	809-815	daarin	
5-49	816-822	worden	
5-50	823-834	rondgevoerd	
5-51	834-835	.	

#Text=Maar hoe is de grens dier tegengestelde luchtstroomen?
6-1	836-840	Maar	
6-2	841-844	hoe	
6-3	845-847	is	
6-4	848-850	de	
6-5	851-856	grens	
6-6	857-861	dier	
6-7	862-875	tegengestelde	
6-8	876-889	luchtstroomen	
6-9	889-890	?	

#Text=Verticale cilinders geven welligt beter rekenschap van de omstandigheid, dat de hagel in lang uitgestrekte banen van betrekkelijk geringe breedte neêrvalt;
#Text=maar cilinders om horizontale assen, waaraan ik zoo gaarne de voorkeur zou geven, omdat men meer luchtstroomen van verschillende rigtingen boven dan naast elkander waarneemt, laten daarenboven beter de mogelijkheid toe, dat een vallend hagelkorreltje nog eens weder naar boven worde gevoerd, of althans in het opstijgende gedeelte lang zwevende kan worden gehouden, waardoor het gelegenheid heeft grooter te worden.
7-1	891-900	Verticale	
7-2	901-910	cilinders	
7-3	911-916	geven	
7-4	917-924	welligt	
7-5	925-930	beter	
7-6	931-941	rekenschap	
7-7	942-945	van	
7-8	946-948	de	
7-9	949-962	omstandigheid	
7-10	962-963	,	
7-11	964-967	dat	
7-12	968-970	de	
7-13	971-976	hagel	
7-14	977-979	in	
7-15	980-984	lang	
7-16	985-997	uitgestrekte	
7-17	998-1003	banen	
7-18	1004-1007	van	
7-19	1008-1020	betrekkelijk	
7-20	1021-1028	geringe	
7-21	1029-1036	breedte	
7-22	1037-1045	neêrvalt	
7-23	1045-1046	;	
7-24	1047-1051	maar	
7-25	1052-1061	cilinders	
7-26	1062-1064	om	
7-27	1065-1076	horizontale	
7-28	1077-1082	assen	
7-29	1082-1083	,	
7-30	1084-1091	waaraan	
7-31	1092-1094	ik	
7-32	1095-1098	zoo	
7-33	1099-1105	gaarne	
7-34	1106-1108	de	
7-35	1109-1117	voorkeur	
7-36	1118-1121	zou	
7-37	1122-1127	geven	
7-38	1127-1128	,	
7-39	1129-1134	omdat	
7-40	1135-1138	men	
7-41	1139-1143	meer	
7-42	1144-1157	luchtstroomen	
7-43	1158-1161	van	
7-44	1162-1175	verschillende	
7-45	1176-1185	rigtingen	
7-46	1186-1191	boven	
7-47	1192-1195	dan	
7-48	1196-1201	naast	
7-49	1202-1210	elkander	
7-50	1211-1220	waarneemt	
7-51	1220-1221	,	
7-52	1222-1227	laten	
7-53	1228-1239	daarenboven	
7-54	1240-1245	beter	
7-55	1246-1248	de	
7-56	1249-1261	mogelijkheid	
7-57	1262-1265	toe	
7-58	1265-1266	,	
7-59	1267-1270	dat	
7-60	1271-1274	een	
7-61	1275-1282	vallend	
7-62	1283-1297	hagelkorreltje	
7-63	1298-1301	nog	
7-64	1302-1306	eens	
7-65	1307-1312	weder	
7-66	1313-1317	naar	
7-67	1318-1323	boven	
7-68	1324-1329	worde	
7-69	1330-1337	gevoerd	
7-70	1337-1338	,	
7-71	1339-1341	of	
7-72	1342-1349	althans	
7-73	1350-1352	in	
7-74	1353-1356	het	
7-75	1357-1368	opstijgende	
7-76	1369-1377	gedeelte	
7-77	1378-1382	lang	
7-78	1383-1391	zwevende	
7-79	1392-1395	kan	
7-80	1396-1402	worden	
7-81	1403-1411	gehouden	
7-82	1411-1412	,	
7-83	1413-1421	waardoor	
7-84	1422-1425	het	
7-85	1426-1437	gelegenheid	
7-86	1438-1443	heeft	
7-87	1444-1451	grooter	
7-88	1452-1454	te	
7-89	1455-1461	worden	
7-90	1461-1462	.	

#Text=De cilinders zullen toch ook in geen geval zoo bijzonder lang behoeven te zijn, de lengte hunner assen zouden voor mij gelijk moeten wezen aan de breedte der hagelbanen.
8-1	1463-1465	De	
8-2	1466-1475	cilinders	
8-3	1476-1482	zullen	
8-4	1483-1487	toch	
8-5	1488-1491	ook	
8-6	1492-1494	in	
8-7	1495-1499	geen	
8-8	1500-1505	geval	
8-9	1506-1509	zoo	
8-10	1510-1519	bijzonder	
8-11	1520-1524	lang	
8-12	1525-1533	behoeven	
8-13	1534-1536	te	
8-14	1537-1541	zijn	
8-15	1541-1542	,	
8-16	1543-1545	de	
8-17	1546-1552	lengte	
8-18	1553-1559	hunner	
8-19	1560-1565	assen	
8-20	1566-1572	zouden	
8-21	1573-1577	voor	
8-22	1578-1581	mij	
8-23	1582-1588	gelijk	
8-24	1589-1595	moeten	
8-25	1596-1601	wezen	
8-26	1602-1605	aan	
8-27	1606-1608	de	
8-28	1609-1616	breedte	
8-29	1617-1620	der	
8-30	1621-1631	hagelbanen	
8-31	1631-1632	.	

#Text=De waarnemingen omtrent hagelwolken, van den top van bergen af gedaan, melden wel, dat uit de wolk de hagelkorrels als uitgeworpen werden, hetgeen even als het gedruisch, dat men vóór de hagelbuijen verzekert gehoord te hebben, zeer goed met een wervelbeweging is over een te brengen;
#Text=maar zij kunnen niet voor of tegen de meer horizontale assen beslissen, omdat zij niet uitvoerig genoeg zijn medegedeeld.
9-1	1633-1635	De	
9-2	1636-1648	waarnemingen	
9-3	1649-1656	omtrent	
9-4	1657-1668	hagelwolken	
9-5	1668-1669	,	
9-6	1670-1673	van	
9-7	1674-1677	den	
9-8	1678-1681	top	
9-9	1682-1685	van	
9-10	1686-1692	bergen	
9-11	1693-1695	af	
9-12	1696-1702	gedaan	
9-13	1702-1703	,	
9-14	1704-1710	melden	
9-15	1711-1714	wel	
9-16	1714-1715	,	
9-17	1716-1719	dat	
9-18	1720-1723	uit	
9-19	1724-1726	de	
9-20	1727-1731	wolk	
9-21	1732-1734	de	
9-22	1735-1747	hagelkorrels	
9-23	1748-1751	als	
9-24	1752-1763	uitgeworpen	
9-25	1764-1770	werden	
9-26	1770-1771	,	
9-27	1772-1779	hetgeen	
9-28	1780-1784	even	
9-29	1785-1788	als	
9-30	1789-1792	het	
9-31	1793-1802	gedruisch	
9-32	1802-1803	,	
9-33	1804-1807	dat	
9-34	1808-1811	men	
9-35	1812-1816	vóór	
9-36	1817-1819	de	
9-37	1820-1831	hagelbuijen	
9-38	1832-1841	verzekert	
9-39	1842-1849	gehoord	
9-40	1850-1852	te	
9-41	1853-1859	hebben	
9-42	1859-1860	,	
9-43	1861-1865	zeer	
9-44	1866-1870	goed	
9-45	1871-1874	met	
9-46	1875-1878	een	
9-47	1879-1893	wervelbeweging	
9-48	1894-1896	is	
9-49	1897-1901	over	
9-50	1902-1905	een	
9-51	1906-1908	te	
9-52	1909-1916	brengen	
9-53	1916-1917	;	
9-54	1918-1922	maar	
9-55	1923-1926	zij	
9-56	1927-1933	kunnen	
9-57	1934-1938	niet	
9-58	1939-1943	voor	
9-59	1944-1946	of	
9-60	1947-1952	tegen	
9-61	1953-1955	de	
9-62	1956-1960	meer	
9-63	1961-1972	horizontale	
9-64	1973-1978	assen	
9-65	1979-1988	beslissen	
9-66	1988-1989	,	
9-67	1990-1995	omdat	
9-68	1996-1999	zij	
9-69	2000-2004	niet	
9-70	2005-2014	uitvoerig	
9-71	2015-2021	genoeg	
9-72	2022-2026	zijn	
9-73	2027-2038	medegedeeld	
9-74	2038-2039	.	

#Text=Zij vermelden namelijk niet in welke rigtingen de hagelkorrels werden uitgeworpen.
10-1	2040-2043	Zij	
10-2	2044-2053	vermelden	
10-3	2054-2062	namelijk	
10-4	2063-2067	niet	
10-5	2068-2070	in	
10-6	2071-2076	welke	
10-7	2077-2086	rigtingen	
10-8	2087-2089	de	
10-9	2090-2102	hagelkorrels	
10-10	2103-2109	werden	
10-11	2110-2121	uitgeworpen	
10-12	2121-2122	.	

#Text=Ik moet echter erkennen, dat als wij op de herhaalde verandering der windrigting bij hagelbuijen waargenomen letten en op sommige waarnemingen, die van verdiepingen spreken in de wolk gevonden, de waarschijnlijkheid voor verticale assen weder grooter wordt, en hagelbuijen alzoo meer geheel en al overeenkomen met waterhoozen, die
#Text=[p. 46]
#Text=
#Text=dan toch om een verticale as draaijen en ook bij geringe breedte zoover voortrukken.
11-1	2123-2125	Ik	
11-2	2126-2130	moet	
11-3	2131-2137	echter	
11-4	2138-2146	erkennen	
11-5	2146-2147	,	
11-6	2148-2151	dat	
11-7	2152-2155	als	
11-8	2156-2159	wij	
11-9	2160-2162	op	
11-10	2163-2165	de	
11-11	2166-2175	herhaalde	
11-12	2176-2187	verandering	
11-13	2188-2191	der	
11-14	2192-2203	windrigting	
11-15	2204-2207	bij	
11-16	2208-2219	hagelbuijen	
11-17	2220-2231	waargenomen	
11-18	2232-2238	letten	
11-19	2239-2241	en	
11-20	2242-2244	op	
11-21	2245-2252	sommige	
11-22	2253-2265	waarnemingen	
11-23	2265-2266	,	
11-24	2267-2270	die	
11-25	2271-2274	van	
11-26	2275-2287	verdiepingen	
11-27	2288-2295	spreken	
11-28	2296-2298	in	
11-29	2299-2301	de	
11-30	2302-2306	wolk	
11-31	2307-2315	gevonden	
11-32	2315-2316	,	
11-33	2317-2319	de	
11-34	2320-2338	waarschijnlijkheid	
11-35	2339-2343	voor	
11-36	2344-2353	verticale	
11-37	2354-2359	assen	
11-38	2360-2365	weder	
11-39	2366-2373	grooter	
11-40	2374-2379	wordt	
11-41	2379-2380	,	
11-42	2381-2383	en	
11-43	2384-2395	hagelbuijen	
11-44	2396-2401	alzoo	
11-45	2402-2406	meer	
11-46	2407-2413	geheel	
11-47	2414-2416	en	
11-48	2417-2419	al	
11-49	2420-2432	overeenkomen	
11-50	2433-2436	met	
11-51	2437-2448	waterhoozen	
11-52	2448-2449	,	
11-53	2450-2453	die	
11-54	2454-2455	[	
11-55	2455-2456	p	
11-56	2456-2457	.	
11-57	2458-2460	46	
11-58	2460-2461	]	
11-59	2463-2466	dan	
11-60	2467-2471	toch	
11-61	2472-2474	om	
11-62	2475-2478	een	
11-63	2479-2488	verticale	
11-64	2489-2491	as	
11-65	2492-2500	draaijen	
11-66	2501-2503	en	
11-67	2504-2507	ook	
11-68	2508-2511	bij	
11-69	2512-2519	geringe	
11-70	2520-2527	breedte	
11-71	2528-2534	zoover	
11-72	2535-2546	voortrukken	
11-73	2546-2547	.	

#Text=De natuurkundigen moeten bij deze onzekerheid, hoezeer steeds trachtende om achter het geheim te komen, zich voorloopig bepalen tot statistische rangschikking der feiten.
12-1	2548-2550	De	
12-2	2551-2565	natuurkundigen	
12-3	2566-2572	moeten	
12-4	2573-2576	bij	
12-5	2577-2581	deze	
12-6	2582-2593	onzekerheid	
12-7	2593-2594	,	
12-8	2595-2602	hoezeer	
12-9	2603-2609	steeds	
12-10	2610-2620	trachtende	
12-11	2621-2623	om	
12-12	2624-2630	achter	
12-13	2631-2634	het	
12-14	2635-2641	geheim	
12-15	2642-2644	te	
12-16	2645-2650	komen	
12-17	2650-2651	,	
12-18	2652-2656	zich	
12-19	2657-2667	voorloopig	
12-20	2668-2675	bepalen	
12-21	2676-2679	tot	
12-22	2680-2692	statistische	
12-23	2693-2706	rangschikking	
12-24	2707-2710	der	
12-25	2711-2717	feiten	
12-26	2717-2718	.	

#Text=Men brengt thans in kaart, welke landstreken meer gewoonlijk door hagel bezocht worden.
13-1	2719-2722	Men	
13-2	2723-2729	brengt	
13-3	2730-2735	thans	
13-4	2736-2738	in	
13-5	2739-2744	kaart	
13-6	2744-2745	,	
13-7	2746-2751	welke	
13-8	2752-2763	landstreken	
13-9	2764-2768	meer	
13-10	2769-2779	gewoonlijk	
13-11	2780-2784	door	
13-12	2785-2790	hagel	
13-13	2791-2798	bezocht	
13-14	2799-2805	worden	
13-15	2805-2806	.	

#Text=Gelukkig komt deze vorm, waaronder het water nederdaalt niet zoo dikwerf voor, want ook indien hij in de hooge luchtlagen misschien meermalen tot stand komt, veelal wordt hij veranderd, eer hij de oppervlakte der aarde bereikt, omdat de warmte der onderste luchtlagen de korrels tot druppels maakt;
14-1	2807-2815	Gelukkig	
14-2	2816-2820	komt	
14-3	2821-2825	deze	
14-4	2826-2830	vorm	
14-5	2830-2831	,	
14-6	2832-2841	waaronder	
14-7	2842-2845	het	
14-8	2846-2851	water	
14-9	2852-2862	nederdaalt	
14-10	2863-2867	niet	
14-11	2868-2871	zoo	
14-12	2872-2879	dikwerf	
14-13	2880-2884	voor	
14-14	2884-2885	,	
14-15	2886-2890	want	
14-16	2891-2894	ook	
14-17	2895-2901	indien	
14-18	2902-2905	hij	
14-19	2906-2908	in	
14-20	2909-2911	de	
14-21	2912-2917	hooge	
14-22	2918-2928	luchtlagen	
14-23	2929-2938	misschien	
14-24	2939-2948	meermalen	
14-25	2949-2952	tot	
14-26	2953-2958	stand	
14-27	2959-2963	komt	
14-28	2963-2964	,	
14-29	2965-2971	veelal	
14-30	2972-2977	wordt	
14-31	2978-2981	hij	
14-32	2982-2991	veranderd	
14-33	2991-2992	,	
14-34	2993-2996	eer	
14-35	2997-3000	hij	
14-36	3001-3003	de	
14-37	3004-3015	oppervlakte	
14-38	3016-3019	der	
14-39	3020-3025	aarde	
14-40	3026-3033	bereikt	
14-41	3033-3034	,	
14-42	3035-3040	omdat	
14-43	3041-3043	de	
14-44	3044-3050	warmte	
14-45	3051-3054	der	
14-46	3055-3063	onderste	
14-47	3064-3074	luchtlagen	
14-48	3075-3077	de	
14-49	3078-3085	korrels	
14-50	3086-3089	tot	
14-51	3090-3098	druppels	
14-52	3099-3104	maakt	
14-53	3104-3105	;	
