#FORMAT=WebAnno TSV 3.3
#T_SP=custom.Span|label
#T_RL=custom.Relation|label|BT_custom.Span


#Text=Want haar
#Text=oorzake is zeer zeltsaam onder den luyden.
1-1	0-4	Want	_	_	_	
1-2	5-9	haar	_	_	_	
1-3	10-17	oorzake	_	_	_	
1-4	18-20	is	_	_	_	
1-5	21-25	zeer	_	_	_	
1-6	26-34	zeltsaam	_	_	_	
1-7	35-40	onder	_	_	_	
1-8	41-44	den	_	_	_	
1-9	45-51	luyden	_	_	_	
1-10	51-52	.	_	_	_	

#Text=Wat vintmen doch zeltsamers dan recht
#Text=dueghdlycke menschen?
2-1	53-56	Wat	_	_	_	
2-2	57-64	vintmen	_	_	_	
2-3	65-69	doch	_	_	_	
2-4	70-80	zeltsamers	_	_	_	
2-5	81-84	dan	_	_	_	
2-6	85-90	recht	_	_	_	
2-7	91-102	dueghdlycke	_	_	_	
2-8	103-111	menschen	_	_	_	
2-9	111-112	?	_	_	_	

#Text=Dezer luyder vriendschappe en spruyt niet uyt ontfanghen
#Text=weldaden, maar huer weldoen komt uyte milde vriendschappe.
3-1	113-118	Dezer	_	_	_	
3-2	119-125	luyder	_	_	_	
3-3	126-139	vriendschappe	_	_	_	
3-4	140-142	en	_	_	_	
3-5	143-149	spruyt	_	_	_	
3-6	150-154	niet	_	_	_	
3-7	155-158	uyt	_	_	_	
3-8	159-169	ontfanghen	_	_	_	
3-9	170-178	weldaden	_	_	_	
3-10	178-179	,	_	_	_	
3-11	180-184	maar	_	_	_	
3-12	185-189	huer	_	_	_	
3-13	190-197	weldoen	_	_	_	
3-14	198-202	komt	_	_	_	
3-15	203-207	uyte	_	_	_	
3-16	208-213	milde	_	_	_	
3-17	214-227	vriendschappe	_	_	_	
3-18	227-228	.	_	_	_	

#Text=Des vriends lust is
#Text=zich vanden vriend te laten ghenieten, niet vanden vriend iet te ghenieten.
#Text=
#Text=28
#Text=28.
4-1	229-232	Des	_	_	_	
4-2	233-240	vriends	_	_	_	
4-3	241-245	lust	_	_	_	
4-4	246-248	is	_	_	_	
4-5	249-253	zich	_	_	_	
4-6	254-260	vanden	_	_	_	
4-7	261-267	vriend	_	_	_	
4-8	268-270	te	_	_	_	
4-9	271-276	laten	_	_	_	
4-10	277-286	ghenieten	_	_	_	
4-11	286-287	,	_	_	_	
4-12	288-292	niet	_	_	_	
4-13	293-299	vanden	_	_	_	
4-14	300-306	vriend	_	_	_	
4-15	307-310	iet	_	_	_	
4-16	311-313	te	_	_	_	
4-17	314-323	ghenieten	_	_	_	
4-18	323-324	.	_	_	_	
4-19	326-328	28	_	_	_	
4-20	329-331	28	_	_	_	
4-21	331-332	.	_	_	_	

#Text=Hier door komet dat de verstandighe int verkiezen eens vriends niet en ziet
#Text=op des vriends ryckdomme, maar op zyn dueghde.
5-1	333-337	Hier	_	_	_	
5-2	338-342	door	_	_	_	
5-3	343-348	komet	_	_	_	
5-4	349-352	dat	_	_	_	
5-5	353-355	de	_	_	_	
5-6	356-368	verstandighe	_	_	_	
5-7	369-372	int	_	_	_	
5-8	373-382	verkiezen	_	_	_	
5-9	383-387	eens	_	_	_	
5-10	388-395	vriends	_	_	_	
5-11	396-400	niet	_	_	_	
5-12	401-403	en	_	_	_	
5-13	404-408	ziet	_	_	_	
5-14	409-411	op	_	_	_	
5-15	412-415	des	_	_	_	
5-16	416-423	vriends	_	_	_	
5-17	424-433	ryckdomme	_	_	_	
5-18	433-434	,	_	_	_	
5-19	435-439	maar	_	_	_	
5-20	440-442	op	_	_	_	
5-21	443-446	zyn	_	_	_	
5-22	447-454	dueghde	_	_	_	
5-23	454-455	.	_	_	_	

#Text=Zo ziet een verstandigh paerde
#Text=koper niet opter paerden chierlyck ghereyd of behanxsele, maar opter paerden
#Text=stercke snelheyd.
6-1	456-458	Zo	_	_	_	
6-2	459-463	ziet	_	_	_	
6-3	464-467	een	_	_	_	
6-4	468-479	verstandigh	_	_	_	
6-5	480-486	paerde	_	_	_	
6-6	487-492	koper	_	_	_	
6-7	493-497	niet	_	_	_	
6-8	498-503	opter	_	_	_	
6-9	504-511	paerden	_	_	_	
6-10	512-521	chierlyck	_	_	_	
6-11	522-529	ghereyd	_	_	_	
6-12	530-532	of	_	_	_	
6-13	533-543	behanxsele	_	_	_	
6-14	543-544	,	_	_	_	
6-15	545-549	maar	_	_	_	
6-16	550-555	opter	_	_	_	
6-17	556-563	paerden	_	_	_	
6-18	564-571	stercke	_	_	_	
6-19	572-580	snelheyd	_	_	_	
6-20	580-581	.	_	_	_	

#Text=Dus ghaat byden vroeden int annemen der vrienden die liefde
#Text=niet voor 't oordeel, maar zy volght dat
7-1	582-585	Dus	_	_	_	
7-2	586-591	ghaat	_	_	_	
7-3	592-597	byden	_	_	_	
7-4	598-605	vroeden	_	_	_	
7-5	606-609	int	_	_	_	
7-6	610-617	annemen	_	_	_	
7-7	618-621	der	_	_	_	
7-8	622-630	vrienden	_	_	_	
7-9	631-634	die	_	_	_	
7-10	635-641	liefde	_	_	_	
7-11	642-646	niet	_	_	_	
7-12	647-651	voor	_	_	_	
7-13	652-653	'	_	_	_	
7-14	653-654	t	_	_	_	
7-15	655-662	oordeel	_	_	_	
7-16	662-663	,	_	_	_	
7-17	664-668	maar	_	_	_	
7-18	669-671	zy	_	_	_	
7-19	672-678	volght	_	_	_	
7-20	679-682	dat	_	_	_	

#Text=.
8-1	682-683	.	_	_	_	

#Text=§29
#Text=29.
9-1	685-686	§	_	_	_	
9-2	686-688	29	_	_	_	
9-3	689-691	29	_	_	_	
9-4	691-692	.	_	_	_	

#Text=Dit wast dat een oude prees, maar het jeghendeel ernstlyck lachterde inde
#Text=zeden der menschen.
10-1	693-696	Dit	_	_	_	
10-2	697-701	wast	_	_	_	
10-3	702-705	dat	_	_	_	
10-4	706-709	een	_	_	_	
10-5	710-714	oude	_	_	_	
10-6	715-720	prees	_	_	_	
10-7	720-721	,	_	_	_	
10-8	722-726	maar	_	_	_	
10-9	727-730	het	_	_	_	
10-10	731-741	jeghendeel	_	_	_	
10-11	742-751	ernstlyck	_	_	_	
10-12	752-761	lachterde	_	_	_	
10-13	762-766	inde	_	_	_	
10-14	767-772	zeden	_	_	_	
10-15	773-776	der	_	_	_	
10-16	777-785	menschen	_	_	_	
10-17	785-786	.	_	_	_	

#Text=Die en kopen, zeyde hy, gheen vat om eenigh dierbaar nat
#Text=in te doen, zy en riecken eerst oft oock een quade lucht heeft ende verzoecken met
#Text=inneghietinghe van water oft oock dicht is.
11-1	787-790	Die	_	_	_	
11-2	791-793	en	_	_	_	
11-3	794-799	kopen	_	_	_	
11-4	799-800	,	_	_	_	
11-5	801-806	zeyde	_	_	_	
11-6	807-809	hy	_	_	_	
11-7	809-810	,	_	_	_	
11-8	811-816	gheen	_	_	_	
11-9	817-820	vat	Odour\_Carrier	_	_	
11-10	821-823	om	_	_	_	
11-11	824-830	eenigh	_	_	_	
11-12	831-839	dierbaar	_	_	_	
11-13	840-843	nat	_	_	_	
11-14	844-846	in	_	_	_	
11-15	847-849	te	_	_	_	
11-16	850-854	doen	_	_	_	
11-17	854-855	,	_	_	_	
11-18	856-858	zy	Perceiver	_	_	
11-19	859-861	en	_	_	_	
11-20	862-869	riecken	Smell\_Word	*|*|*|*	11-9|11-18|11-21|11-25[1_0]	
11-21	870-875	eerst	Time	_	_	
11-22	876-879	oft	_	_	_	
11-23	880-884	oock	_	_	_	
11-24	885-888	een	_	_	_	
11-25	889-894	quade	Smell\_Source[1]	_	_	
11-26	895-900	lucht	Smell\_Source[1]	_	_	
11-27	901-906	heeft	_	_	_	
11-28	907-911	ende	_	_	_	
11-29	912-922	verzoecken	_	_	_	
11-30	923-926	met	_	_	_	
11-31	927-941	inneghietinghe	_	_	_	
11-32	942-945	van	_	_	_	
11-33	946-951	water	_	_	_	
11-34	952-955	oft	_	_	_	
11-35	956-960	oock	_	_	_	
11-36	961-966	dicht	_	_	_	
11-37	967-969	is	_	_	_	
11-38	969-970	.	_	_	_	

#Text=Ist dan niet een grote dwaasheyd dat zy
#Text=tot vrienden annemen luyden, zonder eerst te weten of huere zeden oock stincken
#Text=ende of huere monden oock dicht zyn om een verholen nood, diemen huer betrout,
#Text=in stilheyd te bewaren?
12-1	971-974	Ist	_	_	_	
12-2	975-978	dan	_	_	_	
12-3	979-983	niet	_	_	_	
12-4	984-987	een	_	_	_	
12-5	988-993	grote	_	_	_	
12-6	994-1003	dwaasheyd	_	_	_	
12-7	1004-1007	dat	_	_	_	
12-8	1008-1010	zy	_	_	_	
12-9	1011-1014	tot	_	_	_	
12-10	1015-1023	vrienden	_	_	_	
12-11	1024-1031	annemen	_	_	_	
12-12	1032-1038	luyden	_	_	_	
12-13	1038-1039	,	_	_	_	
12-14	1040-1046	zonder	_	_	_	
12-15	1047-1052	eerst	_	_	_	
12-16	1053-1055	te	_	_	_	
12-17	1056-1061	weten	_	_	_	
12-18	1062-1064	of	_	_	_	
12-19	1065-1070	huere	Smell\_Source[2]	_	_	
12-20	1071-1076	zeden	Smell\_Source[2]	_	_	
12-21	1077-1081	oock	_	_	_	
12-22	1082-1090	stincken	Smell\_Word	*	12-19[2_0]	
12-23	1091-1095	ende	_	_	_	
12-24	1096-1098	of	_	_	_	
12-25	1099-1104	huere	_	_	_	
12-26	1105-1111	monden	_	_	_	
12-27	1112-1116	oock	_	_	_	
12-28	1117-1122	dicht	_	_	_	
12-29	1123-1126	zyn	_	_	_	
12-30	1127-1129	om	_	_	_	
12-31	1130-1133	een	_	_	_	
12-32	1134-1142	verholen	_	_	_	
12-33	1143-1147	nood	_	_	_	
12-34	1147-1148	,	_	_	_	
12-35	1149-1155	diemen	_	_	_	
12-36	1156-1160	huer	_	_	_	
12-37	1161-1168	betrout	_	_	_	
12-38	1168-1169	,	_	_	_	
12-39	1170-1172	in	_	_	_	
12-40	1173-1181	stilheyd	_	_	_	
12-41	1182-1184	te	_	_	_	
12-42	1185-1192	bewaren	_	_	_	
12-43	1192-1193	?	_	_	_	

#Text=30
#Text=30.
13-1	1195-1197	30	_	_	_	
13-2	1198-1200	30	_	_	_	
13-3	1200-1201	.	_	_	_	

#Text=Het is immers een vande voorneemste vruchten der vriendschappen dat
#Text=vriend tot vriend zyn herte zo naackt magh uytspreken
#Text=,
#Text=
#Text=27
#Text=
#Text=
#Text=28
#Text=
#Text=§29
#Text=
#Text=30
#Text=
#Text=
#Text=Zeer zeltsaam ...
#Text=menschen vgl.
14-1	1202-1205	Het	_	_	_	
14-2	1206-1208	is	_	_	_	
14-3	1209-1215	immers	_	_	_	
14-4	1216-1219	een	_	_	_	
14-5	1220-1225	vande	_	_	_	
14-6	1226-1237	voorneemste	_	_	_	
14-7	1238-1246	vruchten	_	_	_	
14-8	1247-1250	der	_	_	_	
14-9	1251-1265	vriendschappen	_	_	_	
14-10	1266-1269	dat	_	_	_	
14-11	1270-1276	vriend	_	_	_	
14-12	1277-1280	tot	_	_	_	
14-13	1281-1287	vriend	_	_	_	
14-14	1288-1291	zyn	_	_	_	
14-15	1292-1297	herte	_	_	_	
14-16	1298-1300	zo	_	_	_	
14-17	1301-1307	naackt	_	_	_	
14-18	1308-1312	magh	_	_	_	
14-19	1313-1323	uytspreken	_	_	_	
14-20	1324-1325	,	_	_	_	
14-21	1327-1329	27	_	_	_	
14-22	1332-1334	28	_	_	_	
14-23	1336-1337	§	_	_	_	
14-24	1337-1339	29	_	_	_	
14-25	1341-1343	30	_	_	_	
14-26	1346-1350	Zeer	_	_	_	
14-27	1351-1359	zeltsaam	_	_	_	
14-28	1360-1361	.	_	_	_	
14-29	1361-1362	.	_	_	_	
14-30	1362-1363	.	_	_	_	
14-31	1364-1372	menschen	_	_	_	
14-32	1373-1376	vgl	_	_	_	
14-33	1376-1377	.	_	_	_	

#Text=Aristot.
15-1	1378-1385	Aristot	_	_	_	
15-2	1385-1386	.	_	_	_	

#Text=Eth.
16-1	1387-1390	Eth	_	_	_	
16-2	1390-1391	.	_	_	_	

#Text=Nicom.
17-1	1392-1397	Nicom	_	_	_	
17-2	1397-1398	.	_	_	_	
