{"_context" : {
    "_types" : {
      "DocumentMetaData" : {
        "_feature_types" : {"sofa" : "_ref" } }, 
      "Relation" : {
        "_feature_types" : {"sofa" : "_ref",  "Dependent" : "_ref",  "Governor" : "_ref" } }, 
      "Sentence" : {
        "_feature_types" : {"sofa" : "_ref" } }, 
      "Sofa" : {
        "_feature_types" : {"sofaArray" : "_ref" } }, 
      "Span" : {
        "_feature_types" : {"sofa" : "_ref" } }, 
      "TagsetDescription" : {
        "_feature_types" : {"sofa" : "_ref",  "tags" : "_ref" } }, 
      "Token" : {
        "_feature_types" : {"sofa" : "_ref",  "parent" : "_ref",  "lemma" : "_ref",  "stem" : "_ref",  "pos" : "_ref",  "morph" : "_ref",  "form" : "_ref" } }, 
      "DocumentAnnotation" : {
        "_feature_types" : {"sofa" : "_ref" }, 
        "_subtypes" : ["DocumentMetaData" ] }, 
      "Annotation" : {
        "_feature_types" : {"sofa" : "_ref" }, 
        "_subtypes" : ["DocumentAnnotation",  "Relation",  "Sentence",  "Span",  "TagsetDescription",  "Token" ] }, 
      "AnnotationBase" : {
        "_feature_types" : {"sofa" : "_ref" }, 
        "_subtypes" : ["Annotation" ] }, 
      "TOP" : {
        "_subtypes" : ["AnnotationBase",  "Sofa" ] } } }, 
  "_views" : {
    "_InitialView" : {
      "Relation" : [
        {"sofa" : 1,  "begin" : 64,  "end" : 67,  "Dependent" : 14290,  "Governor" : 14295 }, 
        {"sofa" : 1,  "begin" : 64,  "end" : 67,  "Dependent" : 14290,  "Governor" : 14307 }, 
        {"sofa" : 1,  "begin" : 809,  "end" : 815,  "Dependent" : 14705,  "Governor" : 14710 }, 
        {"sofa" : 1,  "begin" : 809,  "end" : 815,  "Dependent" : 14705,  "Governor" : 14722 }, 
        {"sofa" : 1,  "begin" : 809,  "end" : 815,  "Dependent" : 14705,  "Governor" : 14734 }, 
        {"sofa" : 1,  "begin" : 1628,  "end" : 1636,  "Dependent" : 14319,  "Governor" : 14324 }, 
        {"sofa" : 1,  "begin" : 1628,  "end" : 1636,  "Dependent" : 14319,  "Governor" : 14353 }, 
        {"sofa" : 1,  "begin" : 1641,  "end" : 1652,  "Dependent" : 14334,  "Governor" : 14329 }, 
        {"sofa" : 1,  "begin" : 1641,  "end" : 1652,  "Dependent" : 14334,  "Governor" : 14353 }, 
        {"sofa" : 1,  "begin" : 1641,  "end" : 1652,  "Dependent" : 14334,  "Governor" : 14746 }, 
        {"sofa" : 1,  "begin" : 1641,  "end" : 1652,  "Dependent" : 14334,  "Governor" : 14758 }, 
        {"sofa" : 1,  "begin" : 1641,  "end" : 1652,  "Dependent" : 14334,  "Governor" : 14775 }, 
        {"sofa" : 1,  "begin" : 1641,  "end" : 1652,  "Dependent" : 14334,  "Governor" : 14780 }, 
        {"sofa" : 1,  "begin" : 1641,  "end" : 1652,  "Dependent" : 14334,  "Governor" : 14785 }, 
        {"sofa" : 1,  "begin" : 1641,  "end" : 1652,  "Dependent" : 14334,  "Governor" : 14790 }, 
        {"sofa" : 1,  "begin" : 1641,  "end" : 1652,  "Dependent" : 14334,  "Governor" : 14795 }, 
        {"sofa" : 1,  "begin" : 1641,  "end" : 1652,  "Dependent" : 14334,  "Governor" : 14800 }, 
        {"sofa" : 1,  "begin" : 1641,  "end" : 1652,  "Dependent" : 14334,  "Governor" : 14805 }, 
        {"sofa" : 1,  "begin" : 1641,  "end" : 1652,  "Dependent" : 14334,  "Governor" : 14810 }, 
        {"sofa" : 1,  "begin" : 1641,  "end" : 1652,  "Dependent" : 14334,  "Governor" : 14815 }, 
        {"sofa" : 1,  "begin" : 1641,  "end" : 1652,  "Dependent" : 14334,  "Governor" : 14820 }, 
        {"sofa" : 1,  "begin" : 1641,  "end" : 1652,  "Dependent" : 14334,  "Governor" : 14825 }, 
        {"sofa" : 1,  "begin" : 1641,  "end" : 1652,  "Dependent" : 14334,  "Governor" : 14830 }, 
        {"sofa" : 1,  "begin" : 1641,  "end" : 1652,  "Dependent" : 14334,  "Governor" : 14835 }, 
        {"sofa" : 1,  "begin" : 1641,  "end" : 1652,  "Dependent" : 14334,  "Governor" : 14840 }, 
        {"sofa" : 1,  "begin" : 2146,  "end" : 2151,  "Dependent" : 14939,  "Governor" : 14845,  "label" : "Anaphoric" }, 
        {"sofa" : 1,  "begin" : 2152,  "end" : 2156,  "Dependent" : 14934,  "Governor" : 14939 }, 
        {"sofa" : 1,  "begin" : 2427,  "end" : 2435,  "Dependent" : 14372,  "Governor" : 14377 }, 
        {"sofa" : 1,  "begin" : 2427,  "end" : 2435,  "Dependent" : 14372,  "Governor" : 14435 }, 
        {"sofa" : 1,  "begin" : 2504,  "end" : 2512,  "Dependent" : 14406,  "Governor" : 14411 }, 
        {"sofa" : 1,  "begin" : 2504,  "end" : 2512,  "Dependent" : 14406,  "Governor" : 14423 }, 
        {"sofa" : 1,  "begin" : 2538,  "end" : 2549,  "Dependent" : 14389,  "Governor" : 14394 }, 
        {"sofa" : 1,  "begin" : 2538,  "end" : 2549,  "Dependent" : 14389,  "Governor" : 14447 }, 
        {"sofa" : 1,  "begin" : 2866,  "end" : 2900,  "Dependent" : 15056,  "Governor" : 15039,  "label" : "Anaphoric" }, 
        {"sofa" : 1,  "begin" : 2940,  "end" : 2947,  "Dependent" : 14459,  "Governor" : 14972 }, 
        {"sofa" : 1,  "begin" : 2940,  "end" : 2947,  "Dependent" : 14459,  "Governor" : 15044 }, 
        {"sofa" : 1,  "begin" : 2940,  "end" : 2947,  "Dependent" : 14459,  "Governor" : 15056 }, 
        {"sofa" : 1,  "begin" : 2940,  "end" : 2947,  "Dependent" : 14459,  "Governor" : 14984 }, 
        {"sofa" : 1,  "begin" : 2940,  "end" : 2947,  "Dependent" : 14459,  "Governor" : 14989 }, 
        {"sofa" : 1,  "begin" : 2940,  "end" : 2947,  "Dependent" : 14459,  "Governor" : 14994 }, 
        {"sofa" : 1,  "begin" : 2940,  "end" : 2947,  "Dependent" : 14459,  "Governor" : 14999 }, 
        {"sofa" : 1,  "begin" : 2940,  "end" : 2947,  "Dependent" : 14459,  "Governor" : 15004 }, 
        {"sofa" : 1,  "begin" : 2940,  "end" : 2947,  "Dependent" : 14459,  "Governor" : 15009 }, 
        {"sofa" : 1,  "begin" : 2940,  "end" : 2947,  "Dependent" : 14459,  "Governor" : 15014 }, 
        {"sofa" : 1,  "begin" : 2940,  "end" : 2947,  "Dependent" : 14459,  "Governor" : 15019 }, 
        {"sofa" : 1,  "begin" : 2940,  "end" : 2947,  "Dependent" : 14459,  "Governor" : 15024 }, 
        {"sofa" : 1,  "begin" : 2940,  "end" : 2947,  "Dependent" : 14459,  "Governor" : 15029 }, 
        {"sofa" : 1,  "begin" : 2940,  "end" : 2947,  "Dependent" : 14459,  "Governor" : 15034 }, 
        {"sofa" : 1,  "begin" : 3142,  "end" : 3147,  "Dependent" : 14481,  "Governor" : 14493,  "label" : "Anaphoric" }, 
        {"sofa" : 1,  "begin" : 3142,  "end" : 3147,  "Dependent" : 14481,  "Governor" : 14498,  "label" : "Anaphoric" }, 
        {"sofa" : 1,  "begin" : 3142,  "end" : 3147,  "Dependent" : 14481,  "Governor" : 14503,  "label" : "Anaphoric" }, 
        {"sofa" : 1,  "begin" : 3142,  "end" : 3147,  "Dependent" : 14481,  "Governor" : 14508,  "label" : "Anaphoric" }, 
        {"sofa" : 1,  "begin" : 3142,  "end" : 3147,  "Dependent" : 14481,  "Governor" : 14513,  "label" : "Anaphoric" }, 
        {"sofa" : 1,  "begin" : 3142,  "end" : 3147,  "Dependent" : 14481,  "Governor" : 14518,  "label" : "Anaphoric" }, 
        {"sofa" : 1,  "begin" : 3142,  "end" : 3147,  "Dependent" : 14481,  "Governor" : 14523,  "label" : "Anaphoric" }, 
        {"sofa" : 1,  "begin" : 3142,  "end" : 3147,  "Dependent" : 14481,  "Governor" : 14528,  "label" : "Anaphoric" }, 
        {"sofa" : 1,  "begin" : 3142,  "end" : 3147,  "Dependent" : 14481,  "Governor" : 14533,  "label" : "Anaphoric" }, 
        {"sofa" : 1,  "begin" : 3142,  "end" : 3147,  "Dependent" : 14481,  "Governor" : 14538,  "label" : "Anaphoric" }, 
        {"sofa" : 1,  "begin" : 3142,  "end" : 3147,  "Dependent" : 14481,  "Governor" : 14543,  "label" : "Anaphoric" }, 
        {"sofa" : 1,  "begin" : 3142,  "end" : 3147,  "Dependent" : 14481,  "Governor" : 14548,  "label" : "Anaphoric" }, 
        {"sofa" : 1,  "begin" : 3158,  "end" : 3163,  "Dependent" : 14464,  "Governor" : 14469 }, 
        {"sofa" : 1,  "begin" : 3158,  "end" : 3163,  "Dependent" : 14464,  "Governor" : 14481 }, 
        {"sofa" : 1,  "begin" : 3158,  "end" : 3163,  "Dependent" : 14464,  "Governor" : 14637 }, 
        {"sofa" : 1,  "begin" : 3344,  "end" : 3377,  "Dependent" : 15188,  "Governor" : 15200,  "label" : "Anaphoric" }, 
        {"sofa" : 1,  "begin" : 3411,  "end" : 3416,  "Dependent" : 14649,  "Governor" : 15152 }, 
        {"sofa" : 1,  "begin" : 3411,  "end" : 3416,  "Dependent" : 14649,  "Governor" : 15164 }, 
        {"sofa" : 1,  "begin" : 3411,  "end" : 3416,  "Dependent" : 14649,  "Governor" : 15176 }, 
        {"sofa" : 1,  "begin" : 3411,  "end" : 3416,  "Dependent" : 14649,  "Governor" : 15188 }, 
        {"sofa" : 1,  "begin" : 3708,  "end" : 3716,  "Dependent" : 14654,  "Governor" : 14659 }, 
        {"sofa" : 1,  "begin" : 3708,  "end" : 3716,  "Dependent" : 14654,  "Governor" : 15212 }, 
        {"sofa" : 1,  "begin" : 3708,  "end" : 3716,  "Dependent" : 14654,  "Governor" : 15217 }, 
        {"sofa" : 1,  "begin" : 3708,  "end" : 3716,  "Dependent" : 14654,  "Governor" : 15222 }, 
        {"sofa" : 1,  "begin" : 4082,  "end" : 4090,  "Dependent" : 14671,  "Governor" : 15253 }, 
        {"sofa" : 1,  "begin" : 4082,  "end" : 4090,  "Dependent" : 14671,  "Governor" : 15248 }, 
        {"sofa" : 1,  "begin" : 5313,  "end" : 5316,  "Dependent" : 14676,  "Governor" : 14681 }, 
        {"sofa" : 1,  "begin" : 5313,  "end" : 5316,  "Dependent" : 14676,  "Governor" : 14693 } ], 
      "Span" : [14290,  14295,  14307,  14705,  14710,  14722,  14734,  14319,  14324,  14329,  14334,  14353,  14746,  14758,  14775,  14780,  14785,  14790,  14795,  14800,  14805,  14810,  14815,  14820,  14825,  14830,  14835,  14840,  14845,  14939,  14934,  14377,  14372,  14435,  14423,  14406,  14411,  14447,  14389,  14394,  14984,  14989,  14994,  14999,  15004,  15009,  15014,  15019,  15024,  15029,  15034,  15039,  15056,  15044,  14972,  14459,  14493,  14498,  14503,  14508,  14513,  14518,  14523,  14528,  14533,  14538,  14543,  14548,  14637,  14481,  14469,  14464,  15200,  15188,  15152,  15164,  14649,  15176,  14654,  14659,  15212,  15217,  15222,  15248,  15253,  14671,  14676,  14681,  14693 ], 
      "DocumentMetaData" : [
        {"sofa" : 1,  "end" : 5387,  "language" : "x-unspecified",  "documentTitle" : "039E%20John%20Evelyn%201661%20Fumifugium_PUB.txt",  "documentId" : "satonelli",  "documentUri" : "file:/home/dhuser/alessio/inception/repository/project/29/document/2816/source/satonelli",  "collectionId" : "file:/home/dhuser/alessio/inception/repository/project/29/document/2816/source/",  "documentBaseUri" : "file:/home/dhuser/alessio/inception/repository/project/29/document/2816/source/",  "isLastSegment" : false } ], 
      "TagsetDescription" : [
        {"sofa" : 1,  "layer" : "webanno.custom.Emotions",  "name" : "Emotion Labels",  "input" : false }, 
        {"sofa" : 1,  "layer" : "custom.Relation",  "name" : "Relation labels",  "input" : false }, 
        {"sofa" : 1,  "layer" : "custom.Span",  "name" : "Smell labels",  "input" : false } ], 
      "Sentence" : [
        {"sofa" : 1,  "begin" : 1,  "end" : 6 }, 
        {"sofa" : 1,  "begin" : 7,  "end" : 11 }, 
        {"sofa" : 1,  "begin" : 12,  "end" : 105 }, 
        {"sofa" : 1,  "begin" : 106,  "end" : 950 }, 
        {"sofa" : 1,  "begin" : 951,  "end" : 978 }, 
        {"sofa" : 1,  "begin" : 980,  "end" : 1427 }, 
        {"sofa" : 1,  "begin" : 1428,  "end" : 1514 }, 
        {"sofa" : 1,  "begin" : 1515,  "end" : 2279 }, 
        {"sofa" : 1,  "begin" : 2281,  "end" : 2399 }, 
        {"sofa" : 1,  "begin" : 2400,  "end" : 2565 }, 
        {"sofa" : 1,  "begin" : 2567,  "end" : 3164 }, 
        {"sofa" : 1,  "begin" : 3166,  "end" : 4562 }, 
        {"sofa" : 1,  "begin" : 4564,  "end" : 5225 }, 
        {"sofa" : 1,  "begin" : 5226,  "end" : 5378 }, 
        {"sofa" : 1,  "begin" : 5380,  "end" : 5386 } ], 
      "Token" : [
        {"sofa" : 1,  "begin" : 1,  "end" : 5 }, 
        {"sofa" : 1,  "begin" : 5,  "end" : 6 }, 
        {"sofa" : 1,  "begin" : 7,  "end" : 10 }, 
        {"sofa" : 1,  "begin" : 10,  "end" : 11 }, 
        {"sofa" : 1,  "begin" : 12,  "end" : 14 }, 
        {"sofa" : 1,  "begin" : 15,  "end" : 20 }, 
        {"sofa" : 1,  "begin" : 21,  "end" : 23 }, 
        {"sofa" : 1,  "begin" : 24,  "end" : 27 }, 
        {"sofa" : 1,  "begin" : 28,  "end" : 39 }, 
        {"sofa" : 1,  "begin" : 39,  "end" : 40 }, 
        {"sofa" : 1,  "begin" : 41,  "end" : 44 }, 
        {"sofa" : 1,  "begin" : 45,  "end" : 56 }, 
        {"sofa" : 1,  "begin" : 57,  "end" : 59 }, 
        {"sofa" : 1,  "begin" : 60,  "end" : 63 }, 
        {"sofa" : 1,  "begin" : 64,  "end" : 67 }, 
        {"sofa" : 1,  "begin" : 68,  "end" : 70 }, 
        {"sofa" : 1,  "begin" : 71,  "end" : 77 }, 
        {"sofa" : 1,  "begin" : 77,  "end" : 78 }, 
        {"sofa" : 1,  "begin" : 79,  "end" : 81 }, 
        {"sofa" : 1,  "begin" : 82,  "end" : 85 }, 
        {"sofa" : 1,  "begin" : 86,  "end" : 88 }, 
        {"sofa" : 1,  "begin" : 89,  "end" : 100 }, 
        {"sofa" : 1,  "begin" : 100,  "end" : 101 }, 
        {"sofa" : 1,  "begin" : 102,  "end" : 103 }, 
        {"sofa" : 1,  "begin" : 103,  "end" : 104 }, 
        {"sofa" : 1,  "begin" : 104,  "end" : 105 }, 
        {"sofa" : 1,  "begin" : 106,  "end" : 111 }, 
        {"sofa" : 1,  "begin" : 112,  "end" : 116 }, 
        {"sofa" : 1,  "begin" : 117,  "end" : 118 }, 
        {"sofa" : 1,  "begin" : 119,  "end" : 127 }, 
        {"sofa" : 1,  "begin" : 128,  "end" : 132 }, 
        {"sofa" : 1,  "begin" : 133,  "end" : 135 }, 
        {"sofa" : 1,  "begin" : 136,  "end" : 137 }, 
        {"sofa" : 1,  "begin" : 138,  "end" : 145 }, 
        {"sofa" : 1,  "begin" : 146,  "end" : 148 }, 
        {"sofa" : 1,  "begin" : 149,  "end" : 157 }, 
        {"sofa" : 1,  "begin" : 157,  "end" : 158 }, 
        {"sofa" : 1,  "begin" : 159,  "end" : 163 }, 
        {"sofa" : 1,  "begin" : 164,  "end" : 166 }, 
        {"sofa" : 1,  "begin" : 167,  "end" : 170 }, 
        {"sofa" : 1,  "begin" : 171,  "end" : 175 }, 
        {"sofa" : 1,  "begin" : 176,  "end" : 181 }, 
        {"sofa" : 1,  "begin" : 182,  "end" : 188 }, 
        {"sofa" : 1,  "begin" : 189,  "end" : 198 }, 
        {"sofa" : 1,  "begin" : 198,  "end" : 199 }, 
        {"sofa" : 1,  "begin" : 200,  "end" : 203 }, 
        {"sofa" : 1,  "begin" : 204,  "end" : 206 }, 
        {"sofa" : 1,  "begin" : 207,  "end" : 208 }, 
        {"sofa" : 1,  "begin" : 209,  "end" : 215 }, 
        {"sofa" : 1,  "begin" : 216,  "end" : 223 }, 
        {"sofa" : 1,  "begin" : 224,  "end" : 228 }, 
        {"sofa" : 1,  "begin" : 229,  "end" : 233 }, 
        {"sofa" : 1,  "begin" : 234,  "end" : 235 }, 
        {"sofa" : 1,  "begin" : 236,  "end" : 237 }, 
        {"sofa" : 1,  "begin" : 238,  "end" : 244 }, 
        {"sofa" : 1,  "begin" : 244,  "end" : 245 }, 
        {"sofa" : 1,  "begin" : 246,  "end" : 251 }, 
        {"sofa" : 1,  "begin" : 252,  "end" : 258 }, 
        {"sofa" : 1,  "begin" : 259,  "end" : 264 }, 
        {"sofa" : 1,  "begin" : 265,  "end" : 270 }, 
        {"sofa" : 1,  "begin" : 271,  "end" : 274 }, 
        {"sofa" : 1,  "begin" : 275,  "end" : 281 }, 
        {"sofa" : 1,  "begin" : 282,  "end" : 284 }, 
        {"sofa" : 1,  "begin" : 285,  "end" : 288 }, 
        {"sofa" : 1,  "begin" : 289,  "end" : 293 }, 
        {"sofa" : 1,  "begin" : 293,  "end" : 294 }, 
        {"sofa" : 1,  "begin" : 295,  "end" : 299 }, 
        {"sofa" : 1,  "begin" : 300,  "end" : 303 }, 
        {"sofa" : 1,  "begin" : 304,  "end" : 308 }, 
        {"sofa" : 1,  "begin" : 309,  "end" : 313 }, 
        {"sofa" : 1,  "begin" : 314,  "end" : 316 }, 
        {"sofa" : 1,  "begin" : 317,  "end" : 318 }, 
        {"sofa" : 1,  "begin" : 319,  "end" : 329 }, 
        {"sofa" : 1,  "begin" : 330,  "end" : 337 }, 
        {"sofa" : 1,  "begin" : 337,  "end" : 338 }, 
        {"sofa" : 1,  "begin" : 339,  "end" : 341 }, 
        {"sofa" : 1,  "begin" : 342,  "end" : 349 }, 
        {"sofa" : 1,  "begin" : 350,  "end" : 353 }, 
        {"sofa" : 1,  "begin" : 354,  "end" : 363 }, 
        {"sofa" : 1,  "begin" : 364,  "end" : 366 }, 
        {"sofa" : 1,  "begin" : 367,  "end" : 370 }, 
        {"sofa" : 1,  "begin" : 371,  "end" : 374 }, 
        {"sofa" : 1,  "begin" : 374,  "end" : 375 }, 
        {"sofa" : 1,  "begin" : 376,  "end" : 379 }, 
        {"sofa" : 1,  "begin" : 380,  "end" : 384 }, 
        {"sofa" : 1,  "begin" : 385,  "end" : 389 }, 
        {"sofa" : 1,  "begin" : 390,  "end" : 394 }, 
        {"sofa" : 1,  "begin" : 395,  "end" : 398 }, 
        {"sofa" : 1,  "begin" : 399,  "end" : 408 }, 
        {"sofa" : 1,  "begin" : 409,  "end" : 411 }, 
        {"sofa" : 1,  "begin" : 412,  "end" : 415 }, 
        {"sofa" : 1,  "begin" : 416,  "end" : 419 }, 
        {"sofa" : 1,  "begin" : 419,  "end" : 420 }, 
        {"sofa" : 1,  "begin" : 421,  "end" : 436 }, 
        {"sofa" : 1,  "begin" : 437,  "end" : 439 }, 
        {"sofa" : 1,  "begin" : 440,  "end" : 448 }, 
        {"sofa" : 1,  "begin" : 449,  "end" : 451 }, 
        {"sofa" : 1,  "begin" : 452,  "end" : 461 }, 
        {"sofa" : 1,  "begin" : 462,  "end" : 466 }, 
        {"sofa" : 1,  "begin" : 467,  "end" : 469 }, 
        {"sofa" : 1,  "begin" : 470,  "end" : 477 }, 
        {"sofa" : 1,  "begin" : 478,  "end" : 481 }, 
        {"sofa" : 1,  "begin" : 482,  "end" : 493 }, 
        {"sofa" : 1,  "begin" : 493,  "end" : 494 }, 
        {"sofa" : 1,  "begin" : 495,  "end" : 497 }, 
        {"sofa" : 1,  "begin" : 498,  "end" : 504 }, 
        {"sofa" : 1,  "begin" : 505,  "end" : 512 }, 
        {"sofa" : 1,  "begin" : 513,  "end" : 518 }, 
        {"sofa" : 1,  "begin" : 518,  "end" : 519 }, 
        {"sofa" : 1,  "begin" : 520,  "end" : 523 }, 
        {"sofa" : 1,  "begin" : 524,  "end" : 529 }, 
        {"sofa" : 1,  "begin" : 530,  "end" : 536 }, 
        {"sofa" : 1,  "begin" : 537,  "end" : 539 }, 
        {"sofa" : 1,  "begin" : 540,  "end" : 544 }, 
        {"sofa" : 1,  "begin" : 545,  "end" : 548 }, 
        {"sofa" : 1,  "begin" : 549,  "end" : 551 }, 
        {"sofa" : 1,  "begin" : 552,  "end" : 566 }, 
        {"sofa" : 1,  "begin" : 566,  "end" : 567 }, 
        {"sofa" : 1,  "begin" : 568,  "end" : 571 }, 
        {"sofa" : 1,  "begin" : 571,  "end" : 572 }, 
        {"sofa" : 1,  "begin" : 573,  "end" : 580 }, 
        {"sofa" : 1,  "begin" : 581,  "end" : 585 }, 
        {"sofa" : 1,  "begin" : 586,  "end" : 595 }, 
        {"sofa" : 1,  "begin" : 596,  "end" : 603 }, 
        {"sofa" : 1,  "begin" : 604,  "end" : 607 }, 
        {"sofa" : 1,  "begin" : 608,  "end" : 613 }, 
        {"sofa" : 1,  "begin" : 614,  "end" : 622 }, 
        {"sofa" : 1,  "begin" : 623,  "end" : 627 }, 
        {"sofa" : 1,  "begin" : 628,  "end" : 633 }, 
        {"sofa" : 1,  "begin" : 634,  "end" : 636 }, 
        {"sofa" : 1,  "begin" : 637,  "end" : 640 }, 
        {"sofa" : 1,  "begin" : 641,  "end" : 646 }, 
        {"sofa" : 1,  "begin" : 646,  "end" : 647 }, 
        {"sofa" : 1,  "begin" : 648,  "end" : 651 }, 
        {"sofa" : 1,  "begin" : 652,  "end" : 653 }, 
        {"sofa" : 1,  "begin" : 654,  "end" : 657 }, 
        {"sofa" : 1,  "begin" : 658,  "end" : 665 }, 
        {"sofa" : 1,  "begin" : 666,  "end" : 668 }, 
        {"sofa" : 1,  "begin" : 669,  "end" : 676 }, 
        {"sofa" : 1,  "begin" : 677,  "end" : 680 }, 
        {"sofa" : 1,  "begin" : 681,  "end" : 692 }, 
        {"sofa" : 1,  "begin" : 693,  "end" : 695 }, 
        {"sofa" : 1,  "begin" : 696,  "end" : 700 }, 
        {"sofa" : 1,  "begin" : 701,  "end" : 702 }, 
        {"sofa" : 1,  "begin" : 703,  "end" : 707 }, 
        {"sofa" : 1,  "begin" : 708,  "end" : 716 }, 
        {"sofa" : 1,  "begin" : 716,  "end" : 717 }, 
        {"sofa" : 1,  "begin" : 718,  "end" : 723 }, 
        {"sofa" : 1,  "begin" : 724,  "end" : 726 }, 
        {"sofa" : 1,  "begin" : 727,  "end" : 730 }, 
        {"sofa" : 1,  "begin" : 731,  "end" : 738 }, 
        {"sofa" : 1,  "begin" : 739,  "end" : 748 }, 
        {"sofa" : 1,  "begin" : 748,  "end" : 749 }, 
        {"sofa" : 1,  "begin" : 750,  "end" : 755 }, 
        {"sofa" : 1,  "begin" : 756,  "end" : 757 }, 
        {"sofa" : 1,  "begin" : 758,  "end" : 762 }, 
        {"sofa" : 1,  "begin" : 763,  "end" : 767 }, 
        {"sofa" : 1,  "begin" : 768,  "end" : 770 }, 
        {"sofa" : 1,  "begin" : 771,  "end" : 776 }, 
        {"sofa" : 1,  "begin" : 777,  "end" : 778 }, 
        {"sofa" : 1,  "begin" : 778,  "end" : 782 }, 
        {"sofa" : 1,  "begin" : 783,  "end" : 787 }, 
        {"sofa" : 1,  "begin" : 788,  "end" : 790 }, 
        {"sofa" : 1,  "begin" : 791,  "end" : 794 }, 
        {"sofa" : 1,  "begin" : 795,  "end" : 804 }, 
        {"sofa" : 1,  "begin" : 805,  "end" : 808 }, 
        {"sofa" : 1,  "begin" : 809,  "end" : 815 }, 
        {"sofa" : 1,  "begin" : 816,  "end" : 821 }, 
        {"sofa" : 1,  "begin" : 822,  "end" : 827 }, 
        {"sofa" : 1,  "begin" : 828,  "end" : 829 }, 
        {"sofa" : 1,  "begin" : 830,  "end" : 831 }, 
        {"sofa" : 1,  "begin" : 831,  "end" : 832 }, 
        {"sofa" : 1,  "begin" : 833,  "end" : 835 }, 
        {"sofa" : 1,  "begin" : 836,  "end" : 841 }, 
        {"sofa" : 1,  "begin" : 842,  "end" : 845 }, 
        {"sofa" : 1,  "begin" : 846,  "end" : 850 }, 
        {"sofa" : 1,  "begin" : 851,  "end" : 854 }, 
        {"sofa" : 1,  "begin" : 855,  "end" : 863 }, 
        {"sofa" : 1,  "begin" : 864,  "end" : 869 }, 
        {"sofa" : 1,  "begin" : 870,  "end" : 872 }, 
        {"sofa" : 1,  "begin" : 872,  "end" : 873 }, 
        {"sofa" : 1,  "begin" : 874,  "end" : 879 }, 
        {"sofa" : 1,  "begin" : 880,  "end" : 882 }, 
        {"sofa" : 1,  "begin" : 883,  "end" : 890 }, 
        {"sofa" : 1,  "begin" : 891,  "end" : 894 }, 
        {"sofa" : 1,  "begin" : 895,  "end" : 897 }, 
        {"sofa" : 1,  "begin" : 898,  "end" : 901 }, 
        {"sofa" : 1,  "begin" : 902,  "end" : 906 }, 
        {"sofa" : 1,  "begin" : 907,  "end" : 915 }, 
        {"sofa" : 1,  "begin" : 916,  "end" : 919 }, 
        {"sofa" : 1,  "begin" : 920,  "end" : 929 }, 
        {"sofa" : 1,  "begin" : 930,  "end" : 936 }, 
        {"sofa" : 1,  "begin" : 937,  "end" : 939 }, 
        {"sofa" : 1,  "begin" : 940,  "end" : 943 }, 
        {"sofa" : 1,  "begin" : 944,  "end" : 949 }, 
        {"sofa" : 1,  "begin" : 949,  "end" : 950 }, 
        {"sofa" : 1,  "begin" : 951,  "end" : 953 }, 
        {"sofa" : 1,  "begin" : 954,  "end" : 959 }, 
        {"sofa" : 1,  "begin" : 960,  "end" : 962 }, 
        {"sofa" : 1,  "begin" : 963,  "end" : 967 }, 
        {"sofa" : 1,  "begin" : 968,  "end" : 969 }, 
        {"sofa" : 1,  "begin" : 970,  "end" : 977 }, 
        {"sofa" : 1,  "begin" : 977,  "end" : 978 }, 
        {"sofa" : 1,  "begin" : 980,  "end" : 984 }, 
        {"sofa" : 1,  "begin" : 985,  "end" : 988 }, 
        {"sofa" : 1,  "begin" : 989,  "end" : 1000 }, 
        {"sofa" : 1,  "begin" : 1001,  "end" : 1013 }, 
        {"sofa" : 1,  "begin" : 1014,  "end" : 1016 }, 
        {"sofa" : 1,  "begin" : 1017,  "end" : 1020 }, 
        {"sofa" : 1,  "begin" : 1021,  "end" : 1025 }, 
        {"sofa" : 1,  "begin" : 1025,  "end" : 1026 }, 
        {"sofa" : 1,  "begin" : 1027,  "end" : 1037 }, 
        {"sofa" : 1,  "begin" : 1038,  "end" : 1042 }, 
        {"sofa" : 1,  "begin" : 1043,  "end" : 1046 }, 
        {"sofa" : 1,  "begin" : 1047,  "end" : 1057 }, 
        {"sofa" : 1,  "begin" : 1057,  "end" : 1058 }, 
        {"sofa" : 1,  "begin" : 1059,  "end" : 1061 }, 
        {"sofa" : 1,  "begin" : 1062,  "end" : 1066 }, 
        {"sofa" : 1,  "begin" : 1067,  "end" : 1070 }, 
        {"sofa" : 1,  "begin" : 1071,  "end" : 1078 }, 
        {"sofa" : 1,  "begin" : 1079,  "end" : 1080 }, 
        {"sofa" : 1,  "begin" : 1081,  "end" : 1082 }, 
        {"sofa" : 1,  "begin" : 1083,  "end" : 1087 }, 
        {"sofa" : 1,  "begin" : 1088,  "end" : 1094 }, 
        {"sofa" : 1,  "begin" : 1095,  "end" : 1100 }, 
        {"sofa" : 1,  "begin" : 1100,  "end" : 1101 }, 
        {"sofa" : 1,  "begin" : 1102,  "end" : 1104 }, 
        {"sofa" : 1,  "begin" : 1105,  "end" : 1111 }, 
        {"sofa" : 1,  "begin" : 1112,  "end" : 1114 }, 
        {"sofa" : 1,  "begin" : 1115,  "end" : 1121 }, 
        {"sofa" : 1,  "begin" : 1121,  "end" : 1122 }, 
        {"sofa" : 1,  "begin" : 1123,  "end" : 1129 }, 
        {"sofa" : 1,  "begin" : 1129,  "end" : 1130 }, 
        {"sofa" : 1,  "begin" : 1131,  "end" : 1134 }, 
        {"sofa" : 1,  "begin" : 1135,  "end" : 1140 }, 
        {"sofa" : 1,  "begin" : 1141,  "end" : 1146 }, 
        {"sofa" : 1,  "begin" : 1146,  "end" : 1147 }, 
        {"sofa" : 1,  "begin" : 1148,  "end" : 1150 }, 
        {"sofa" : 1,  "begin" : 1151,  "end" : 1155 }, 
        {"sofa" : 1,  "begin" : 1155,  "end" : 1156 }, 
        {"sofa" : 1,  "begin" : 1157,  "end" : 1166 }, 
        {"sofa" : 1,  "begin" : 1167,  "end" : 1171 }, 
        {"sofa" : 1,  "begin" : 1172,  "end" : 1176 }, 
        {"sofa" : 1,  "begin" : 1177,  "end" : 1183 }, 
        {"sofa" : 1,  "begin" : 1184,  "end" : 1186 }, 
        {"sofa" : 1,  "begin" : 1187,  "end" : 1193 }, 
        {"sofa" : 1,  "begin" : 1194,  "end" : 1196 }, 
        {"sofa" : 1,  "begin" : 1197,  "end" : 1203 }, 
        {"sofa" : 1,  "begin" : 1204,  "end" : 1212 }, 
        {"sofa" : 1,  "begin" : 1212,  "end" : 1213 }, 
        {"sofa" : 1,  "begin" : 1214,  "end" : 1216 }, 
        {"sofa" : 1,  "begin" : 1217,  "end" : 1222 }, 
        {"sofa" : 1,  "begin" : 1223,  "end" : 1224 }, 
        {"sofa" : 1,  "begin" : 1225,  "end" : 1233 }, 
        {"sofa" : 1,  "begin" : 1233,  "end" : 1234 }, 
        {"sofa" : 1,  "begin" : 1235,  "end" : 1240 }, 
        {"sofa" : 1,  "begin" : 1241,  "end" : 1247 }, 
        {"sofa" : 1,  "begin" : 1248,  "end" : 1255 }, 
        {"sofa" : 1,  "begin" : 1256,  "end" : 1257 }, 
        {"sofa" : 1,  "begin" : 1258,  "end" : 1268 }, 
        {"sofa" : 1,  "begin" : 1269,  "end" : 1271 }, 
        {"sofa" : 1,  "begin" : 1272,  "end" : 1274 }, 
        {"sofa" : 1,  "begin" : 1275,  "end" : 1282 }, 
        {"sofa" : 1,  "begin" : 1283,  "end" : 1286 }, 
        {"sofa" : 1,  "begin" : 1287,  "end" : 1292 }, 
        {"sofa" : 1,  "begin" : 1292,  "end" : 1293 }, 
        {"sofa" : 1,  "begin" : 1294,  "end" : 1296 }, 
        {"sofa" : 1,  "begin" : 1297,  "end" : 1301 }, 
        {"sofa" : 1,  "begin" : 1301,  "end" : 1302 }, 
        {"sofa" : 1,  "begin" : 1303,  "end" : 1307 }, 
        {"sofa" : 1,  "begin" : 1308,  "end" : 1312 }, 
        {"sofa" : 1,  "begin" : 1312,  "end" : 1313 }, 
        {"sofa" : 1,  "begin" : 1314,  "end" : 1319 }, 
        {"sofa" : 1,  "begin" : 1320,  "end" : 1324 }, 
        {"sofa" : 1,  "begin" : 1325,  "end" : 1330 }, 
        {"sofa" : 1,  "begin" : 1330,  "end" : 1331 }, 
        {"sofa" : 1,  "begin" : 1332,  "end" : 1335 }, 
        {"sofa" : 1,  "begin" : 1336,  "end" : 1340 }, 
        {"sofa" : 1,  "begin" : 1341,  "end" : 1347 }, 
        {"sofa" : 1,  "begin" : 1348,  "end" : 1350 }, 
        {"sofa" : 1,  "begin" : 1351,  "end" : 1355 }, 
        {"sofa" : 1,  "begin" : 1356,  "end" : 1359 }, 
        {"sofa" : 1,  "begin" : 1360,  "end" : 1367 }, 
        {"sofa" : 1,  "begin" : 1368,  "end" : 1371 }, 
        {"sofa" : 1,  "begin" : 1372,  "end" : 1379 }, 
        {"sofa" : 1,  "begin" : 1380,  "end" : 1385 }, 
        {"sofa" : 1,  "begin" : 1386,  "end" : 1388 }, 
        {"sofa" : 1,  "begin" : 1389,  "end" : 1392 }, 
        {"sofa" : 1,  "begin" : 1393,  "end" : 1397 }, 
        {"sofa" : 1,  "begin" : 1398,  "end" : 1402 }, 
        {"sofa" : 1,  "begin" : 1403,  "end" : 1406 }, 
        {"sofa" : 1,  "begin" : 1407,  "end" : 1420 }, 
        {"sofa" : 1,  "begin" : 1421,  "end" : 1423 }, 
        {"sofa" : 1,  "begin" : 1424,  "end" : 1426 }, 
        {"sofa" : 1,  "begin" : 1426,  "end" : 1427 }, 
        {"sofa" : 1,  "begin" : 1428,  "end" : 1433 }, 
        {"sofa" : 1,  "begin" : 1434,  "end" : 1435 }, 
        {"sofa" : 1,  "begin" : 1436,  "end" : 1437 }, 
        {"sofa" : 1,  "begin" : 1438,  "end" : 1440 }, 
        {"sofa" : 1,  "begin" : 1441,  "end" : 1445 }, 
        {"sofa" : 1,  "begin" : 1446,  "end" : 1450 }, 
        {"sofa" : 1,  "begin" : 1450,  "end" : 1451 }, 
        {"sofa" : 1,  "begin" : 1452,  "end" : 1455 }, 
        {"sofa" : 1,  "begin" : 1456,  "end" : 1458 }, 
        {"sofa" : 1,  "begin" : 1459,  "end" : 1467 }, 
        {"sofa" : 1,  "begin" : 1468,  "end" : 1477 }, 
        {"sofa" : 1,  "begin" : 1478,  "end" : 1480 }, 
        {"sofa" : 1,  "begin" : 1481,  "end" : 1484 }, 
        {"sofa" : 1,  "begin" : 1485,  "end" : 1488 }, 
        {"sofa" : 1,  "begin" : 1489,  "end" : 1502 }, 
        {"sofa" : 1,  "begin" : 1503,  "end" : 1505 }, 
        {"sofa" : 1,  "begin" : 1506,  "end" : 1513 }, 
        {"sofa" : 1,  "begin" : 1513,  "end" : 1514 }, 
        {"sofa" : 1,  "begin" : 1515,  "end" : 1519 }, 
        {"sofa" : 1,  "begin" : 1520,  "end" : 1525 }, 
        {"sofa" : 1,  "begin" : 1526,  "end" : 1533 }, 
        {"sofa" : 1,  "begin" : 1534,  "end" : 1535 }, 
        {"sofa" : 1,  "begin" : 1536,  "end" : 1537 }, 
        {"sofa" : 1,  "begin" : 1538,  "end" : 1540 }, 
        {"sofa" : 1,  "begin" : 1541,  "end" : 1550 }, 
        {"sofa" : 1,  "begin" : 1551,  "end" : 1558 }, 
        {"sofa" : 1,  "begin" : 1558,  "end" : 1559 }, 
        {"sofa" : 1,  "begin" : 1560,  "end" : 1570 }, 
        {"sofa" : 1,  "begin" : 1571,  "end" : 1575 }, 
        {"sofa" : 1,  "begin" : 1576,  "end" : 1579 }, 
        {"sofa" : 1,  "begin" : 1580,  "end" : 1586 }, 
        {"sofa" : 1,  "begin" : 1587,  "end" : 1588 }, 
        {"sofa" : 1,  "begin" : 1589,  "end" : 1590 }, 
        {"sofa" : 1,  "begin" : 1590,  "end" : 1591 }, 
        {"sofa" : 1,  "begin" : 1592,  "end" : 1596 }, 
        {"sofa" : 1,  "begin" : 1597,  "end" : 1601 }, 
        {"sofa" : 1,  "begin" : 1602,  "end" : 1608 }, 
        {"sofa" : 1,  "begin" : 1608,  "end" : 1609 }, 
        {"sofa" : 1,  "begin" : 1610,  "end" : 1612 }, 
        {"sofa" : 1,  "begin" : 1613,  "end" : 1618 }, 
        {"sofa" : 1,  "begin" : 1619,  "end" : 1622 }, 
        {"sofa" : 1,  "begin" : 1623,  "end" : 1627 }, 
        {"sofa" : 1,  "begin" : 1628,  "end" : 1636 }, 
        {"sofa" : 1,  "begin" : 1637,  "end" : 1640 }, 
        {"sofa" : 1,  "begin" : 1641,  "end" : 1652 }, 
        {"sofa" : 1,  "begin" : 1653,  "end" : 1660 }, 
        {"sofa" : 1,  "begin" : 1660,  "end" : 1661 }, 
        {"sofa" : 1,  "begin" : 1662,  "end" : 1665 }, 
        {"sofa" : 1,  "begin" : 1666,  "end" : 1669 }, 
        {"sofa" : 1,  "begin" : 1670,  "end" : 1676 }, 
        {"sofa" : 1,  "begin" : 1677,  "end" : 1679 }, 
        {"sofa" : 1,  "begin" : 1680,  "end" : 1685 }, 
        {"sofa" : 1,  "begin" : 1686,  "end" : 1689 }, 
        {"sofa" : 1,  "begin" : 1690,  "end" : 1693 }, 
        {"sofa" : 1,  "begin" : 1694,  "end" : 1698 }, 
        {"sofa" : 1,  "begin" : 1699,  "end" : 1704 }, 
        {"sofa" : 1,  "begin" : 1705,  "end" : 1711 }, 
        {"sofa" : 1,  "begin" : 1712,  "end" : 1720 }, 
        {"sofa" : 1,  "begin" : 1721,  "end" : 1723 }, 
        {"sofa" : 1,  "begin" : 1724,  "end" : 1725 }, 
        {"sofa" : 1,  "begin" : 1726,  "end" : 1731 }, 
        {"sofa" : 1,  "begin" : 1732,  "end" : 1740 }, 
        {"sofa" : 1,  "begin" : 1740,  "end" : 1741 }, 
        {"sofa" : 1,  "begin" : 1742,  "end" : 1746 }, 
        {"sofa" : 1,  "begin" : 1747,  "end" : 1749 }, 
        {"sofa" : 1,  "begin" : 1750,  "end" : 1753 }, 
        {"sofa" : 1,  "begin" : 1754,  "end" : 1755 }, 
        {"sofa" : 1,  "begin" : 1755,  "end" : 1758 }, 
        {"sofa" : 1,  "begin" : 1759,  "end" : 1767 }, 
        {"sofa" : 1,  "begin" : 1768,  "end" : 1775 }, 
        {"sofa" : 1,  "begin" : 1776,  "end" : 1780 }, 
        {"sofa" : 1,  "begin" : 1781,  "end" : 1787 }, 
        {"sofa" : 1,  "begin" : 1787,  "end" : 1788 }, 
        {"sofa" : 1,  "begin" : 1789,  "end" : 1792 }, 
        {"sofa" : 1,  "begin" : 1793,  "end" : 1804 }, 
        {"sofa" : 1,  "begin" : 1804,  "end" : 1805 }, 
        {"sofa" : 1,  "begin" : 1806,  "end" : 1809 }, 
        {"sofa" : 1,  "begin" : 1810,  "end" : 1813 }, 
        {"sofa" : 1,  "begin" : 1814,  "end" : 1825 }, 
        {"sofa" : 1,  "begin" : 1826,  "end" : 1827 }, 
        {"sofa" : 1,  "begin" : 1828,  "end" : 1829 }, 
        {"sofa" : 1,  "begin" : 1830,  "end" : 1833 }, 
        {"sofa" : 1,  "begin" : 1834,  "end" : 1843 }, 
        {"sofa" : 1,  "begin" : 1843,  "end" : 1844 }, 
        {"sofa" : 1,  "begin" : 1845,  "end" : 1848 }, 
        {"sofa" : 1,  "begin" : 1849,  "end" : 1855 }, 
        {"sofa" : 1,  "begin" : 1856,  "end" : 1861 }, 
        {"sofa" : 1,  "begin" : 1862,  "end" : 1865 }, 
        {"sofa" : 1,  "begin" : 1866,  "end" : 1872 }, 
        {"sofa" : 1,  "begin" : 1873,  "end" : 1882 }, 
        {"sofa" : 1,  "begin" : 1882,  "end" : 1883 }, 
        {"sofa" : 1,  "begin" : 1884,  "end" : 1888 }, 
        {"sofa" : 1,  "begin" : 1889,  "end" : 1892 }, 
        {"sofa" : 1,  "begin" : 1893,  "end" : 1900 }, 
        {"sofa" : 1,  "begin" : 1901,  "end" : 1902 }, 
        {"sofa" : 1,  "begin" : 1903,  "end" : 1904 }, 
        {"sofa" : 1,  "begin" : 1905,  "end" : 1907 }, 
        {"sofa" : 1,  "begin" : 1908,  "end" : 1912 }, 
        {"sofa" : 1,  "begin" : 1913,  "end" : 1918 }, 
        {"sofa" : 1,  "begin" : 1918,  "end" : 1919 }, 
        {"sofa" : 1,  "begin" : 1920,  "end" : 1923 }, 
        {"sofa" : 1,  "begin" : 1924,  "end" : 1936 }, 
        {"sofa" : 1,  "begin" : 1936,  "end" : 1937 }, 
        {"sofa" : 1,  "begin" : 1938,  "end" : 1941 }, 
        {"sofa" : 1,  "begin" : 1942,  "end" : 1946 }, 
        {"sofa" : 1,  "begin" : 1946,  "end" : 1947 }, 
        {"sofa" : 1,  "begin" : 1948,  "end" : 1951 }, 
        {"sofa" : 1,  "begin" : 1952,  "end" : 1955 }, 
        {"sofa" : 1,  "begin" : 1956,  "end" : 1961 }, 
        {"sofa" : 1,  "begin" : 1962,  "end" : 1967 }, 
        {"sofa" : 1,  "begin" : 1967,  "end" : 1968 }, 
        {"sofa" : 1,  "begin" : 1969,  "end" : 1976 }, 
        {"sofa" : 1,  "begin" : 1977,  "end" : 1986 }, 
        {"sofa" : 1,  "begin" : 1986,  "end" : 1987 }, 
        {"sofa" : 1,  "begin" : 1988,  "end" : 1990 }, 
        {"sofa" : 1,  "begin" : 1991,  "end" : 1996 }, 
        {"sofa" : 1,  "begin" : 1997,  "end" : 2000 }, 
        {"sofa" : 1,  "begin" : 2001,  "end" : 2003 }, 
        {"sofa" : 1,  "begin" : 2004,  "end" : 2009 }, 
        {"sofa" : 1,  "begin" : 2010,  "end" : 2013 }, 
        {"sofa" : 1,  "begin" : 2014,  "end" : 2019 }, 
        {"sofa" : 1,  "begin" : 2020,  "end" : 2028 }, 
        {"sofa" : 1,  "begin" : 2028,  "end" : 2029 }, 
        {"sofa" : 1,  "begin" : 2030,  "end" : 2035 }, 
        {"sofa" : 1,  "begin" : 2035,  "end" : 2036 }, 
        {"sofa" : 1,  "begin" : 2037,  "end" : 2044 }, 
        {"sofa" : 1,  "begin" : 2044,  "end" : 2045 }, 
        {"sofa" : 1,  "begin" : 2046,  "end" : 2058 }, 
        {"sofa" : 1,  "begin" : 2058,  "end" : 2059 }, 
        {"sofa" : 1,  "begin" : 2060,  "end" : 2069 }, 
        {"sofa" : 1,  "begin" : 2069,  "end" : 2070 }, 
        {"sofa" : 1,  "begin" : 2071,  "end" : 2074 }, 
        {"sofa" : 1,  "begin" : 2075,  "end" : 2080 }, 
        {"sofa" : 1,  "begin" : 2081,  "end" : 2084 }, 
        {"sofa" : 1,  "begin" : 2084,  "end" : 2085 }, 
        {"sofa" : 1,  "begin" : 2086,  "end" : 2094 }, 
        {"sofa" : 1,  "begin" : 2094,  "end" : 2095 }, 
        {"sofa" : 1,  "begin" : 2096,  "end" : 2099 }, 
        {"sofa" : 1,  "begin" : 2100,  "end" : 2107 }, 
        {"sofa" : 1,  "begin" : 2108,  "end" : 2115 }, 
        {"sofa" : 1,  "begin" : 2116,  "end" : 2119 }, 
        {"sofa" : 1,  "begin" : 2120,  "end" : 2128 }, 
        {"sofa" : 1,  "begin" : 2129,  "end" : 2137 }, 
        {"sofa" : 1,  "begin" : 2138,  "end" : 2140 }, 
        {"sofa" : 1,  "begin" : 2141,  "end" : 2145 }, 
        {"sofa" : 1,  "begin" : 2146,  "end" : 2151 }, 
        {"sofa" : 1,  "begin" : 2152,  "end" : 2156 }, 
        {"sofa" : 1,  "begin" : 2157,  "end" : 2162 }, 
        {"sofa" : 1,  "begin" : 2163,  "end" : 2169 }, 
        {"sofa" : 1,  "begin" : 2170,  "end" : 2177 }, 
        {"sofa" : 1,  "begin" : 2178,  "end" : 2181 }, 
        {"sofa" : 1,  "begin" : 2182,  "end" : 2184 }, 
        {"sofa" : 1,  "begin" : 2185,  "end" : 2188 }, 
        {"sofa" : 1,  "begin" : 2188,  "end" : 2189 }, 
        {"sofa" : 1,  "begin" : 2190,  "end" : 2194 }, 
        {"sofa" : 1,  "begin" : 2195,  "end" : 2198 }, 
        {"sofa" : 1,  "begin" : 2199,  "end" : 2205 }, 
        {"sofa" : 1,  "begin" : 2206,  "end" : 2208 }, 
        {"sofa" : 1,  "begin" : 2209,  "end" : 2214 }, 
        {"sofa" : 1,  "begin" : 2214,  "end" : 2215 }, 
        {"sofa" : 1,  "begin" : 2216,  "end" : 2219 }, 
        {"sofa" : 1,  "begin" : 2220,  "end" : 2222 }, 
        {"sofa" : 1,  "begin" : 2223,  "end" : 2227 }, 
        {"sofa" : 1,  "begin" : 2228,  "end" : 2236 }, 
        {"sofa" : 1,  "begin" : 2237,  "end" : 2244 }, 
        {"sofa" : 1,  "begin" : 2245,  "end" : 2248 }, 
        {"sofa" : 1,  "begin" : 2249,  "end" : 2255 }, 
        {"sofa" : 1,  "begin" : 2256,  "end" : 2260 }, 
        {"sofa" : 1,  "begin" : 2260,  "end" : 2261 }, 
        {"sofa" : 1,  "begin" : 2262,  "end" : 2267 }, 
        {"sofa" : 1,  "begin" : 2267,  "end" : 2268 }, 
        {"sofa" : 1,  "begin" : 2269,  "end" : 2272 }, 
        {"sofa" : 1,  "begin" : 2272,  "end" : 2273 }, 
        {"sofa" : 1,  "begin" : 2274,  "end" : 2278 }, 
        {"sofa" : 1,  "begin" : 2278,  "end" : 2279 }, 
        {"sofa" : 1,  "begin" : 2281,  "end" : 2282 }, 
        {"sofa" : 1,  "begin" : 2282,  "end" : 2284 }, 
        {"sofa" : 1,  "begin" : 2285,  "end" : 2291 }, 
        {"sofa" : 1,  "begin" : 2292,  "end" : 2298 }, 
        {"sofa" : 1,  "begin" : 2298,  "end" : 2299 }, 
        {"sofa" : 1,  "begin" : 2299,  "end" : 2300 }, 
        {"sofa" : 1,  "begin" : 2301,  "end" : 2303 }, 
        {"sofa" : 1,  "begin" : 2304,  "end" : 2311 }, 
        {"sofa" : 1,  "begin" : 2312,  "end" : 2319 }, 
        {"sofa" : 1,  "begin" : 2319,  "end" : 2320 }, 
        {"sofa" : 1,  "begin" : 2321,  "end" : 2330 }, 
        {"sofa" : 1,  "begin" : 2331,  "end" : 2340 }, 
        {"sofa" : 1,  "begin" : 2341,  "end" : 2349 }, 
        {"sofa" : 1,  "begin" : 2349,  "end" : 2350 }, 
        {"sofa" : 1,  "begin" : 2351,  "end" : 2353 }, 
        {"sofa" : 1,  "begin" : 2354,  "end" : 2361 }, 
        {"sofa" : 1,  "begin" : 2362,  "end" : 2368 }, 
        {"sofa" : 1,  "begin" : 2368,  "end" : 2369 }, 
        {"sofa" : 1,  "begin" : 2370,  "end" : 2371 }, 
        {"sofa" : 1,  "begin" : 2372,  "end" : 2383 }, 
        {"sofa" : 1,  "begin" : 2384,  "end" : 2394 }, 
        {"sofa" : 1,  "begin" : 2394,  "end" : 2395 }, 
        {"sofa" : 1,  "begin" : 2396,  "end" : 2397 }, 
        {"sofa" : 1,  "begin" : 2397,  "end" : 2398 }, 
        {"sofa" : 1,  "begin" : 2398,  "end" : 2399 }, 
        {"sofa" : 1,  "begin" : 2400,  "end" : 2403 }, 
        {"sofa" : 1,  "begin" : 2403,  "end" : 2404 }, 
        {"sofa" : 1,  "begin" : 2405,  "end" : 2410 }, 
        {"sofa" : 1,  "begin" : 2411,  "end" : 2413 }, 
        {"sofa" : 1,  "begin" : 2414,  "end" : 2415 }, 
        {"sofa" : 1,  "begin" : 2416,  "end" : 2420 }, 
        {"sofa" : 1,  "begin" : 2421,  "end" : 2426 }, 
        {"sofa" : 1,  "begin" : 2427,  "end" : 2435 }, 
        {"sofa" : 1,  "begin" : 2436,  "end" : 2441 }, 
        {"sofa" : 1,  "begin" : 2441,  "end" : 2442 }, 
        {"sofa" : 1,  "begin" : 2443,  "end" : 2446 }, 
        {"sofa" : 1,  "begin" : 2447,  "end" : 2450 }, 
        {"sofa" : 1,  "begin" : 2451,  "end" : 2459 }, 
        {"sofa" : 1,  "begin" : 2460,  "end" : 2462 }, 
        {"sofa" : 1,  "begin" : 2463,  "end" : 2466 }, 
        {"sofa" : 1,  "begin" : 2467,  "end" : 2472 }, 
        {"sofa" : 1,  "begin" : 2473,  "end" : 2475 }, 
        {"sofa" : 1,  "begin" : 2476,  "end" : 2485 }, 
        {"sofa" : 1,  "begin" : 2485,  "end" : 2486 }, 
        {"sofa" : 1,  "begin" : 2487,  "end" : 2490 }, 
        {"sofa" : 1,  "begin" : 2491,  "end" : 2503 }, 
        {"sofa" : 1,  "begin" : 2504,  "end" : 2512 }, 
        {"sofa" : 1,  "begin" : 2512,  "end" : 2513 }, 
        {"sofa" : 1,  "begin" : 2514,  "end" : 2516 }, 
        {"sofa" : 1,  "begin" : 2517,  "end" : 2522 }, 
        {"sofa" : 1,  "begin" : 2522,  "end" : 2523 }, 
        {"sofa" : 1,  "begin" : 2524,  "end" : 2534 }, 
        {"sofa" : 1,  "begin" : 2535,  "end" : 2537 }, 
        {"sofa" : 1,  "begin" : 2538,  "end" : 2549 }, 
        {"sofa" : 1,  "begin" : 2550,  "end" : 2553 }, 
        {"sofa" : 1,  "begin" : 2554,  "end" : 2564 }, 
        {"sofa" : 1,  "begin" : 2564,  "end" : 2565 }, 
        {"sofa" : 1,  "begin" : 2567,  "end" : 2571 }, 
        {"sofa" : 1,  "begin" : 2572,  "end" : 2575 }, 
        {"sofa" : 1,  "begin" : 2576,  "end" : 2582 }, 
        {"sofa" : 1,  "begin" : 2582,  "end" : 2583 }, 
        {"sofa" : 1,  "begin" : 2584,  "end" : 2586 }, 
        {"sofa" : 1,  "begin" : 2587,  "end" : 2591 }, 
        {"sofa" : 1,  "begin" : 2592,  "end" : 2599 }, 
        {"sofa" : 1,  "begin" : 2600,  "end" : 2605 }, 
        {"sofa" : 1,  "begin" : 2606,  "end" : 2614 }, 
        {"sofa" : 1,  "begin" : 2614,  "end" : 2615 }, 
        {"sofa" : 1,  "begin" : 2616,  "end" : 2619 }, 
        {"sofa" : 1,  "begin" : 2620,  "end" : 2626 }, 
        {"sofa" : 1,  "begin" : 2626,  "end" : 2627 }, 
        {"sofa" : 1,  "begin" : 2628,  "end" : 2630 }, 
        {"sofa" : 1,  "begin" : 2631,  "end" : 2637 }, 
        {"sofa" : 1,  "begin" : 2638,  "end" : 2639 }, 
        {"sofa" : 1,  "begin" : 2640,  "end" : 2641 }, 
        {"sofa" : 1,  "begin" : 2642,  "end" : 2644 }, 
        {"sofa" : 1,  "begin" : 2645,  "end" : 2649 }, 
        {"sofa" : 1,  "begin" : 2650,  "end" : 2653 }, 
        {"sofa" : 1,  "begin" : 2654,  "end" : 2662 }, 
        {"sofa" : 1,  "begin" : 2663,  "end" : 2665 }, 
        {"sofa" : 1,  "begin" : 2666,  "end" : 2671 }, 
        {"sofa" : 1,  "begin" : 2671,  "end" : 2672 }, 
        {"sofa" : 1,  "begin" : 2673,  "end" : 2683 }, 
        {"sofa" : 1,  "begin" : 2683,  "end" : 2684 }, 
        {"sofa" : 1,  "begin" : 2685,  "end" : 2690 }, 
        {"sofa" : 1,  "begin" : 2690,  "end" : 2691 }, 
        {"sofa" : 1,  "begin" : 2692,  "end" : 2710 }, 
        {"sofa" : 1,  "begin" : 2710,  "end" : 2711 }, 
        {"sofa" : 1,  "begin" : 2712,  "end" : 2721 }, 
        {"sofa" : 1,  "begin" : 2721,  "end" : 2722 }, 
        {"sofa" : 1,  "begin" : 2723,  "end" : 2732 }, 
        {"sofa" : 1,  "begin" : 2732,  "end" : 2733 }, 
        {"sofa" : 1,  "begin" : 2734,  "end" : 2741 }, 
        {"sofa" : 1,  "begin" : 2741,  "end" : 2742 }, 
        {"sofa" : 1,  "begin" : 2743,  "end" : 2746 }, 
        {"sofa" : 1,  "begin" : 2747,  "end" : 2757 }, 
        {"sofa" : 1,  "begin" : 2758,  "end" : 2761 }, 
        {"sofa" : 1,  "begin" : 2762,  "end" : 2767 }, 
        {"sofa" : 1,  "begin" : 2767,  "end" : 2768 }, 
        {"sofa" : 1,  "begin" : 2769,  "end" : 2774 }, 
        {"sofa" : 1,  "begin" : 2775,  "end" : 2778 }, 
        {"sofa" : 1,  "begin" : 2779,  "end" : 2781 }, 
        {"sofa" : 1,  "begin" : 2782,  "end" : 2788 }, 
        {"sofa" : 1,  "begin" : 2789,  "end" : 2794 }, 
        {"sofa" : 1,  "begin" : 2795,  "end" : 2796 }, 
        {"sofa" : 1,  "begin" : 2797,  "end" : 2801 }, 
        {"sofa" : 1,  "begin" : 2801,  "end" : 2802 }, 
        {"sofa" : 1,  "begin" : 2803,  "end" : 2808 }, 
        {"sofa" : 1,  "begin" : 2809,  "end" : 2812 }, 
        {"sofa" : 1,  "begin" : 2813,  "end" : 2819 }, 
        {"sofa" : 1,  "begin" : 2819,  "end" : 2820 }, 
        {"sofa" : 1,  "begin" : 2822,  "end" : 2830 }, 
        {"sofa" : 1,  "begin" : 2830,  "end" : 2831 }, 
        {"sofa" : 1,  "begin" : 2832,  "end" : 2839 }, 
        {"sofa" : 1,  "begin" : 2839,  "end" : 2840 }, 
        {"sofa" : 1,  "begin" : 2841,  "end" : 2850 }, 
        {"sofa" : 1,  "begin" : 2850,  "end" : 2851 }, 
        {"sofa" : 1,  "begin" : 2852,  "end" : 2864 }, 
        {"sofa" : 1,  "begin" : 2864,  "end" : 2865 }, 
        {"sofa" : 1,  "begin" : 2866,  "end" : 2871 }, 
        {"sofa" : 1,  "begin" : 2872,  "end" : 2876 }, 
        {"sofa" : 1,  "begin" : 2877,  "end" : 2883 }, 
        {"sofa" : 1,  "begin" : 2884,  "end" : 2886 }, 
        {"sofa" : 1,  "begin" : 2887,  "end" : 2891 }, 
        {"sofa" : 1,  "begin" : 2892,  "end" : 2894 }, 
        {"sofa" : 1,  "begin" : 2895,  "end" : 2900 }, 
        {"sofa" : 1,  "begin" : 2900,  "end" : 2901 }, 
        {"sofa" : 1,  "begin" : 2902,  "end" : 2906 }, 
        {"sofa" : 1,  "begin" : 2907,  "end" : 2908 }, 
        {"sofa" : 1,  "begin" : 2909,  "end" : 2918 }, 
        {"sofa" : 1,  "begin" : 2918,  "end" : 2919 }, 
        {"sofa" : 1,  "begin" : 2920,  "end" : 2923 }, 
        {"sofa" : 1,  "begin" : 2924,  "end" : 2928 }, 
        {"sofa" : 1,  "begin" : 2929,  "end" : 2939 }, 
        {"sofa" : 1,  "begin" : 2940,  "end" : 2947 }, 
        {"sofa" : 1,  "begin" : 2947,  "end" : 2948 }, 
        {"sofa" : 1,  "begin" : 2949,  "end" : 2953 }, 
        {"sofa" : 1,  "begin" : 2954,  "end" : 2964 }, 
        {"sofa" : 1,  "begin" : 2965,  "end" : 2970 }, 
        {"sofa" : 1,  "begin" : 2970,  "end" : 2971 }, 
        {"sofa" : 1,  "begin" : 2972,  "end" : 2976 }, 
        {"sofa" : 1,  "begin" : 2976,  "end" : 2977 }, 
        {"sofa" : 1,  "begin" : 2978,  "end" : 2984 }, 
        {"sofa" : 1,  "begin" : 2984,  "end" : 2985 }, 
        {"sofa" : 1,  "begin" : 2986,  "end" : 2989 }, 
        {"sofa" : 1,  "begin" : 2990,  "end" : 2997 }, 
        {"sofa" : 1,  "begin" : 2997,  "end" : 2998 }, 
        {"sofa" : 1,  "begin" : 2999,  "end" : 3004 }, 
        {"sofa" : 1,  "begin" : 3004,  "end" : 3005 }, 
        {"sofa" : 1,  "begin" : 3006,  "end" : 3011 }, 
        {"sofa" : 1,  "begin" : 3011,  "end" : 3012 }, 
        {"sofa" : 1,  "begin" : 3013,  "end" : 3022 }, 
        {"sofa" : 1,  "begin" : 3022,  "end" : 3023 }, 
        {"sofa" : 1,  "begin" : 3024,  "end" : 3028 }, 
        {"sofa" : 1,  "begin" : 3028,  "end" : 3029 }, 
        {"sofa" : 1,  "begin" : 3030,  "end" : 3034 }, 
        {"sofa" : 1,  "begin" : 3034,  "end" : 3035 }, 
        {"sofa" : 1,  "begin" : 3036,  "end" : 3044 }, 
        {"sofa" : 1,  "begin" : 3044,  "end" : 3045 }, 
        {"sofa" : 1,  "begin" : 3046,  "end" : 3055 }, 
        {"sofa" : 1,  "begin" : 3055,  "end" : 3056 }, 
        {"sofa" : 1,  "begin" : 3057,  "end" : 3060 }, 
        {"sofa" : 1,  "begin" : 3061,  "end" : 3070 }, 
        {"sofa" : 1,  "begin" : 3070,  "end" : 3071 }, 
        {"sofa" : 1,  "begin" : 3072,  "end" : 3073 }, 
        {"sofa" : 1,  "begin" : 3073,  "end" : 3074 }, 
        {"sofa" : 1,  "begin" : 3074,  "end" : 3075 }, 
        {"sofa" : 1,  "begin" : 3076,  "end" : 3081 }, 
        {"sofa" : 1,  "begin" : 3082,  "end" : 3086 }, 
        {"sofa" : 1,  "begin" : 3087,  "end" : 3090 }, 
        {"sofa" : 1,  "begin" : 3091,  "end" : 3096 }, 
        {"sofa" : 1,  "begin" : 3097,  "end" : 3105 }, 
        {"sofa" : 1,  "begin" : 3106,  "end" : 3109 }, 
        {"sofa" : 1,  "begin" : 3110,  "end" : 3117 }, 
        {"sofa" : 1,  "begin" : 3117,  "end" : 3118 }, 
        {"sofa" : 1,  "begin" : 3119,  "end" : 3126 }, 
        {"sofa" : 1,  "begin" : 3127,  "end" : 3130 }, 
        {"sofa" : 1,  "begin" : 3131,  "end" : 3134 }, 
        {"sofa" : 1,  "begin" : 3135,  "end" : 3141 }, 
        {"sofa" : 1,  "begin" : 3142,  "end" : 3147 }, 
        {"sofa" : 1,  "begin" : 3148,  "end" : 3157 }, 
        {"sofa" : 1,  "begin" : 3158,  "end" : 3163 }, 
        {"sofa" : 1,  "begin" : 3163,  "end" : 3164 }, 
        {"sofa" : 1,  "begin" : 3166,  "end" : 3170 }, 
        {"sofa" : 1,  "begin" : 3171,  "end" : 3174 }, 
        {"sofa" : 1,  "begin" : 3175,  "end" : 3181 }, 
        {"sofa" : 1,  "begin" : 3181,  "end" : 3182 }, 
        {"sofa" : 1,  "begin" : 3183,  "end" : 3186 }, 
        {"sofa" : 1,  "begin" : 3187,  "end" : 3193 }, 
        {"sofa" : 1,  "begin" : 3194,  "end" : 3200 }, 
        {"sofa" : 1,  "begin" : 3201,  "end" : 3206 }, 
        {"sofa" : 1,  "begin" : 3207,  "end" : 3215 }, 
        {"sofa" : 1,  "begin" : 3215,  "end" : 3216 }, 
        {"sofa" : 1,  "begin" : 3217,  "end" : 3219 }, 
        {"sofa" : 1,  "begin" : 3220,  "end" : 3230 }, 
        {"sofa" : 1,  "begin" : 3231,  "end" : 3238 }, 
        {"sofa" : 1,  "begin" : 3238,  "end" : 3239 }, 
        {"sofa" : 1,  "begin" : 3240,  "end" : 3242 }, 
        {"sofa" : 1,  "begin" : 3242,  "end" : 3243 }, 
        {"sofa" : 1,  "begin" : 3244,  "end" : 3248 }, 
        {"sofa" : 1,  "begin" : 3249,  "end" : 3251 }, 
        {"sofa" : 1,  "begin" : 3252,  "end" : 3256 }, 
        {"sofa" : 1,  "begin" : 3256,  "end" : 3257 }, 
        {"sofa" : 1,  "begin" : 3258,  "end" : 3265 }, 
        {"sofa" : 1,  "begin" : 3266,  "end" : 3270 }, 
        {"sofa" : 1,  "begin" : 3271,  "end" : 3275 }, 
        {"sofa" : 1,  "begin" : 3276,  "end" : 3281 }, 
        {"sofa" : 1,  "begin" : 3281,  "end" : 3282 }, 
        {"sofa" : 1,  "begin" : 3283,  "end" : 3286 }, 
        {"sofa" : 1,  "begin" : 3287,  "end" : 3293 }, 
        {"sofa" : 1,  "begin" : 3294,  "end" : 3302 }, 
        {"sofa" : 1,  "begin" : 3303,  "end" : 3306 }, 
        {"sofa" : 1,  "begin" : 3307,  "end" : 3312 }, 
        {"sofa" : 1,  "begin" : 3313,  "end" : 3315 }, 
        {"sofa" : 1,  "begin" : 3316,  "end" : 3321 }, 
        {"sofa" : 1,  "begin" : 3321,  "end" : 3322 }, 
        {"sofa" : 1,  "begin" : 3323,  "end" : 3328 }, 
        {"sofa" : 1,  "begin" : 3329,  "end" : 3330 }, 
        {"sofa" : 1,  "begin" : 3330,  "end" : 3333 }, 
        {"sofa" : 1,  "begin" : 3334,  "end" : 3342 }, 
        {"sofa" : 1,  "begin" : 3342,  "end" : 3343 }, 
        {"sofa" : 1,  "begin" : 3344,  "end" : 3349 }, 
        {"sofa" : 1,  "begin" : 3350,  "end" : 3356 }, 
        {"sofa" : 1,  "begin" : 3357,  "end" : 3360 }, 
        {"sofa" : 1,  "begin" : 3361,  "end" : 3370 }, 
        {"sofa" : 1,  "begin" : 3371,  "end" : 3377 }, 
        {"sofa" : 1,  "begin" : 3378,  "end" : 3382 }, 
        {"sofa" : 1,  "begin" : 3383,  "end" : 3384 }, 
        {"sofa" : 1,  "begin" : 3385,  "end" : 3389 }, 
        {"sofa" : 1,  "begin" : 3390,  "end" : 3396 }, 
        {"sofa" : 1,  "begin" : 3397,  "end" : 3400 }, 
        {"sofa" : 1,  "begin" : 3401,  "end" : 3410 }, 
        {"sofa" : 1,  "begin" : 3411,  "end" : 3416 }, 
        {"sofa" : 1,  "begin" : 3416,  "end" : 3417 }, 
        {"sofa" : 1,  "begin" : 3418,  "end" : 3421 }, 
        {"sofa" : 1,  "begin" : 3422,  "end" : 3431 }, 
        {"sofa" : 1,  "begin" : 3432,  "end" : 3434 }, 
        {"sofa" : 1,  "begin" : 3435,  "end" : 3446 }, 
        {"sofa" : 1,  "begin" : 3447,  "end" : 3454 }, 
        {"sofa" : 1,  "begin" : 3455,  "end" : 3464 }, 
        {"sofa" : 1,  "begin" : 3465,  "end" : 3469 }, 
        {"sofa" : 1,  "begin" : 3470,  "end" : 3475 }, 
        {"sofa" : 1,  "begin" : 3476,  "end" : 3482 }, 
        {"sofa" : 1,  "begin" : 3482,  "end" : 3483 }, 
        {"sofa" : 1,  "begin" : 3484,  "end" : 3487 }, 
        {"sofa" : 1,  "begin" : 3488,  "end" : 3492 }, 
        {"sofa" : 1,  "begin" : 3493,  "end" : 3508 }, 
        {"sofa" : 1,  "begin" : 3509,  "end" : 3514 }, 
        {"sofa" : 1,  "begin" : 3515,  "end" : 3517 }, 
        {"sofa" : 1,  "begin" : 3518,  "end" : 3522 }, 
        {"sofa" : 1,  "begin" : 3523,  "end" : 3528 }, 
        {"sofa" : 1,  "begin" : 3529,  "end" : 3534 }, 
        {"sofa" : 1,  "begin" : 3535,  "end" : 3541 }, 
        {"sofa" : 1,  "begin" : 3542,  "end" : 3544 }, 
        {"sofa" : 1,  "begin" : 3545,  "end" : 3553 }, 
        {"sofa" : 1,  "begin" : 3554,  "end" : 3562 }, 
        {"sofa" : 1,  "begin" : 3562,  "end" : 3563 }, 
        {"sofa" : 1,  "begin" : 3564,  "end" : 3567 }, 
        {"sofa" : 1,  "begin" : 3568,  "end" : 3571 }, 
        {"sofa" : 1,  "begin" : 3572,  "end" : 3575 }, 
        {"sofa" : 1,  "begin" : 3576,  "end" : 3578 }, 
        {"sofa" : 1,  "begin" : 3579,  "end" : 3583 }, 
        {"sofa" : 1,  "begin" : 3584,  "end" : 3594 }, 
        {"sofa" : 1,  "begin" : 3595,  "end" : 3597 }, 
        {"sofa" : 1,  "begin" : 3598,  "end" : 3604 }, 
        {"sofa" : 1,  "begin" : 3604,  "end" : 3605 }, 
        {"sofa" : 1,  "begin" : 3606,  "end" : 3608 }, 
        {"sofa" : 1,  "begin" : 3609,  "end" : 3614 }, 
        {"sofa" : 1,  "begin" : 3615,  "end" : 3620 }, 
        {"sofa" : 1,  "begin" : 3620,  "end" : 3621 }, 
        {"sofa" : 1,  "begin" : 3622,  "end" : 3625 }, 
        {"sofa" : 1,  "begin" : 3626,  "end" : 3629 }, 
        {"sofa" : 1,  "begin" : 3630,  "end" : 3633 }, 
        {"sofa" : 1,  "begin" : 3634,  "end" : 3639 }, 
        {"sofa" : 1,  "begin" : 3640,  "end" : 3651 }, 
        {"sofa" : 1,  "begin" : 3652,  "end" : 3656 }, 
        {"sofa" : 1,  "begin" : 3657,  "end" : 3658 }, 
        {"sofa" : 1,  "begin" : 3659,  "end" : 3660 }, 
        {"sofa" : 1,  "begin" : 3661,  "end" : 3665 }, 
        {"sofa" : 1,  "begin" : 3666,  "end" : 3668 }, 
        {"sofa" : 1,  "begin" : 3669,  "end" : 3673 }, 
        {"sofa" : 1,  "begin" : 3674,  "end" : 3682 }, 
        {"sofa" : 1,  "begin" : 3683,  "end" : 3686 }, 
        {"sofa" : 1,  "begin" : 3687,  "end" : 3699 }, 
        {"sofa" : 1,  "begin" : 3700,  "end" : 3706 }, 
        {"sofa" : 1,  "begin" : 3706,  "end" : 3707 }, 
        {"sofa" : 1,  "begin" : 3708,  "end" : 3716 }, 
        {"sofa" : 1,  "begin" : 3717,  "end" : 3723 }, 
        {"sofa" : 1,  "begin" : 3723,  "end" : 3724 }, 
        {"sofa" : 1,  "begin" : 3725,  "end" : 3730 }, 
        {"sofa" : 1,  "begin" : 3730,  "end" : 3731 }, 
        {"sofa" : 1,  "begin" : 3732,  "end" : 3735 }, 
        {"sofa" : 1,  "begin" : 3736,  "end" : 3743 }, 
        {"sofa" : 1,  "begin" : 3744,  "end" : 3745 }, 
        {"sofa" : 1,  "begin" : 3745,  "end" : 3748 }, 
        {"sofa" : 1,  "begin" : 3749,  "end" : 3759 }, 
        {"sofa" : 1,  "begin" : 3760,  "end" : 3763 }, 
        {"sofa" : 1,  "begin" : 3764,  "end" : 3772 }, 
        {"sofa" : 1,  "begin" : 3773,  "end" : 3775 }, 
        {"sofa" : 1,  "begin" : 3776,  "end" : 3781 }, 
        {"sofa" : 1,  "begin" : 3782,  "end" : 3795 }, 
        {"sofa" : 1,  "begin" : 3795,  "end" : 3796 }, 
        {"sofa" : 1,  "begin" : 3797,  "end" : 3800 }, 
        {"sofa" : 1,  "begin" : 3801,  "end" : 3803 }, 
        {"sofa" : 1,  "begin" : 3804,  "end" : 3810 }, 
        {"sofa" : 1,  "begin" : 3810,  "end" : 3811 }, 
        {"sofa" : 1,  "begin" : 3812,  "end" : 3814 }, 
        {"sofa" : 1,  "begin" : 3815,  "end" : 3819 }, 
        {"sofa" : 1,  "begin" : 3820,  "end" : 3829 }, 
        {"sofa" : 1,  "begin" : 3830,  "end" : 3832 }, 
        {"sofa" : 1,  "begin" : 3833,  "end" : 3840 }, 
        {"sofa" : 1,  "begin" : 3840,  "end" : 3841 }, 
        {"sofa" : 1,  "begin" : 3842,  "end" : 3845 }, 
        {"sofa" : 1,  "begin" : 3846,  "end" : 3851 }, 
        {"sofa" : 1,  "begin" : 3851,  "end" : 3852 }, 
        {"sofa" : 1,  "begin" : 3853,  "end" : 3855 }, 
        {"sofa" : 1,  "begin" : 3856,  "end" : 3861 }, 
        {"sofa" : 1,  "begin" : 3861,  "end" : 3862 }, 
        {"sofa" : 1,  "begin" : 3863,  "end" : 3865 }, 
        {"sofa" : 1,  "begin" : 3866,  "end" : 3871 }, 
        {"sofa" : 1,  "begin" : 3872,  "end" : 3875 }, 
        {"sofa" : 1,  "begin" : 3876,  "end" : 3880 }, 
        {"sofa" : 1,  "begin" : 3881,  "end" : 3885 }, 
        {"sofa" : 1,  "begin" : 3886,  "end" : 3887 }, 
        {"sofa" : 1,  "begin" : 3888,  "end" : 3892 }, 
        {"sofa" : 1,  "begin" : 3893,  "end" : 3899 }, 
        {"sofa" : 1,  "begin" : 3900,  "end" : 3905 }, 
        {"sofa" : 1,  "begin" : 3905,  "end" : 3906 }, 
        {"sofa" : 1,  "begin" : 3907,  "end" : 3910 }, 
        {"sofa" : 1,  "begin" : 3911,  "end" : 3916 }, 
        {"sofa" : 1,  "begin" : 3917,  "end" : 3920 }, 
        {"sofa" : 1,  "begin" : 3921,  "end" : 3925 }, 
        {"sofa" : 1,  "begin" : 3926,  "end" : 3929 }, 
        {"sofa" : 1,  "begin" : 3930,  "end" : 3938 }, 
        {"sofa" : 1,  "begin" : 3939,  "end" : 3942 }, 
        {"sofa" : 1,  "begin" : 3943,  "end" : 3949 }, 
        {"sofa" : 1,  "begin" : 3949,  "end" : 3950 }, 
        {"sofa" : 1,  "begin" : 3951,  "end" : 3956 }, 
        {"sofa" : 1,  "begin" : 3957,  "end" : 3959 }, 
        {"sofa" : 1,  "begin" : 3960,  "end" : 3968 }, 
        {"sofa" : 1,  "begin" : 3969,  "end" : 3975 }, 
        {"sofa" : 1,  "begin" : 3976,  "end" : 3977 }, 
        {"sofa" : 1,  "begin" : 3978,  "end" : 3979 }, 
        {"sofa" : 1,  "begin" : 3980,  "end" : 3982 }, 
        {"sofa" : 1,  "begin" : 3983,  "end" : 3985 }, 
        {"sofa" : 1,  "begin" : 3986,  "end" : 3993 }, 
        {"sofa" : 1,  "begin" : 3993,  "end" : 3994 }, 
        {"sofa" : 1,  "begin" : 3995,  "end" : 3998 }, 
        {"sofa" : 1,  "begin" : 3999,  "end" : 4003 }, 
        {"sofa" : 1,  "begin" : 4004,  "end" : 4007 }, 
        {"sofa" : 1,  "begin" : 4008,  "end" : 4013 }, 
        {"sofa" : 1,  "begin" : 4014,  "end" : 4018 }, 
        {"sofa" : 1,  "begin" : 4018,  "end" : 4019 }, 
        {"sofa" : 1,  "begin" : 4020,  "end" : 4025 }, 
        {"sofa" : 1,  "begin" : 4026,  "end" : 4028 }, 
        {"sofa" : 1,  "begin" : 4029,  "end" : 4037 }, 
        {"sofa" : 1,  "begin" : 4038,  "end" : 4040 }, 
        {"sofa" : 1,  "begin" : 4041,  "end" : 4044 }, 
        {"sofa" : 1,  "begin" : 4045,  "end" : 4050 }, 
        {"sofa" : 1,  "begin" : 4051,  "end" : 4054 }, 
        {"sofa" : 1,  "begin" : 4055,  "end" : 4064 }, 
        {"sofa" : 1,  "begin" : 4065,  "end" : 4074 }, 
        {"sofa" : 1,  "begin" : 4075,  "end" : 4077 }, 
        {"sofa" : 1,  "begin" : 4078,  "end" : 4081 }, 
        {"sofa" : 1,  "begin" : 4082,  "end" : 4090 }, 
        {"sofa" : 1,  "begin" : 4090,  "end" : 4091 }, 
        {"sofa" : 1,  "begin" : 4092,  "end" : 4094 }, 
        {"sofa" : 1,  "begin" : 4095,  "end" : 4099 }, 
        {"sofa" : 1,  "begin" : 4100,  "end" : 4102 }, 
        {"sofa" : 1,  "begin" : 4103,  "end" : 4105 }, 
        {"sofa" : 1,  "begin" : 4106,  "end" : 4109 }, 
        {"sofa" : 1,  "begin" : 4110,  "end" : 4114 }, 
        {"sofa" : 1,  "begin" : 4115,  "end" : 4125 }, 
        {"sofa" : 1,  "begin" : 4126,  "end" : 4129 }, 
        {"sofa" : 1,  "begin" : 4130,  "end" : 4138 }, 
        {"sofa" : 1,  "begin" : 4139,  "end" : 4146 }, 
        {"sofa" : 1,  "begin" : 4146,  "end" : 4147 }, 
        {"sofa" : 1,  "begin" : 4148,  "end" : 4151 }, 
        {"sofa" : 1,  "begin" : 4152,  "end" : 4158 }, 
        {"sofa" : 1,  "begin" : 4159,  "end" : 4161 }, 
        {"sofa" : 1,  "begin" : 4162,  "end" : 4172 }, 
        {"sofa" : 1,  "begin" : 4173,  "end" : 4176 }, 
        {"sofa" : 1,  "begin" : 4177,  "end" : 4180 }, 
        {"sofa" : 1,  "begin" : 4181,  "end" : 4192 }, 
        {"sofa" : 1,  "begin" : 4192,  "end" : 4193 }, 
        {"sofa" : 1,  "begin" : 4194,  "end" : 4202 }, 
        {"sofa" : 1,  "begin" : 4203,  "end" : 4207 }, 
        {"sofa" : 1,  "begin" : 4208,  "end" : 4209 }, 
        {"sofa" : 1,  "begin" : 4210,  "end" : 4218 }, 
        {"sofa" : 1,  "begin" : 4219,  "end" : 4221 }, 
        {"sofa" : 1,  "begin" : 4222,  "end" : 4223 }, 
        {"sofa" : 1,  "begin" : 4224,  "end" : 4229 }, 
        {"sofa" : 1,  "begin" : 4230,  "end" : 4233 }, 
        {"sofa" : 1,  "begin" : 4234,  "end" : 4243 }, 
        {"sofa" : 1,  "begin" : 4244,  "end" : 4251 }, 
        {"sofa" : 1,  "begin" : 4251,  "end" : 4252 }, 
        {"sofa" : 1,  "begin" : 4253,  "end" : 4255 }, 
        {"sofa" : 1,  "begin" : 4256,  "end" : 4262 }, 
        {"sofa" : 1,  "begin" : 4263,  "end" : 4265 }, 
        {"sofa" : 1,  "begin" : 4266,  "end" : 4269 }, 
        {"sofa" : 1,  "begin" : 4270,  "end" : 4278 }, 
        {"sofa" : 1,  "begin" : 4279,  "end" : 4290 }, 
        {"sofa" : 1,  "begin" : 4291,  "end" : 4293 }, 
        {"sofa" : 1,  "begin" : 4294,  "end" : 4299 }, 
        {"sofa" : 1,  "begin" : 4299,  "end" : 4300 }, 
        {"sofa" : 1,  "begin" : 4301,  "end" : 4304 }, 
        {"sofa" : 1,  "begin" : 4305,  "end" : 4314 }, 
        {"sofa" : 1,  "begin" : 4315,  "end" : 4318 }, 
        {"sofa" : 1,  "begin" : 4319,  "end" : 4327 }, 
        {"sofa" : 1,  "begin" : 4327,  "end" : 4328 }, 
        {"sofa" : 1,  "begin" : 4329,  "end" : 4335 }, 
        {"sofa" : 1,  "begin" : 4335,  "end" : 4336 }, 
        {"sofa" : 1,  "begin" : 4337,  "end" : 4340 }, 
        {"sofa" : 1,  "begin" : 4341,  "end" : 4349 }, 
        {"sofa" : 1,  "begin" : 4349,  "end" : 4350 }, 
        {"sofa" : 1,  "begin" : 4351,  "end" : 4354 }, 
        {"sofa" : 1,  "begin" : 4355,  "end" : 4364 }, 
        {"sofa" : 1,  "begin" : 4365,  "end" : 4367 }, 
        {"sofa" : 1,  "begin" : 4368,  "end" : 4371 }, 
        {"sofa" : 1,  "begin" : 4372,  "end" : 4378 }, 
        {"sofa" : 1,  "begin" : 4379,  "end" : 4387 }, 
        {"sofa" : 1,  "begin" : 4387,  "end" : 4388 }, 
        {"sofa" : 1,  "begin" : 4389,  "end" : 4397 }, 
        {"sofa" : 1,  "begin" : 4398,  "end" : 4401 }, 
        {"sofa" : 1,  "begin" : 4402,  "end" : 4406 }, 
        {"sofa" : 1,  "begin" : 4406,  "end" : 4407 }, 
        {"sofa" : 1,  "begin" : 4408,  "end" : 4411 }, 
        {"sofa" : 1,  "begin" : 4412,  "end" : 4418 }, 
        {"sofa" : 1,  "begin" : 4419,  "end" : 4426 }, 
        {"sofa" : 1,  "begin" : 4426,  "end" : 4427 }, 
        {"sofa" : 1,  "begin" : 4428,  "end" : 4431 }, 
        {"sofa" : 1,  "begin" : 4432,  "end" : 4439 }, 
        {"sofa" : 1,  "begin" : 4440,  "end" : 4443 }, 
        {"sofa" : 1,  "begin" : 4444,  "end" : 4449 }, 
        {"sofa" : 1,  "begin" : 4450,  "end" : 4453 }, 
        {"sofa" : 1,  "begin" : 4454,  "end" : 4460 }, 
        {"sofa" : 1,  "begin" : 4461,  "end" : 4465 }, 
        {"sofa" : 1,  "begin" : 4466,  "end" : 4469 }, 
        {"sofa" : 1,  "begin" : 4469,  "end" : 4470 }, 
        {"sofa" : 1,  "begin" : 4471,  "end" : 4475 }, 
        {"sofa" : 1,  "begin" : 4476,  "end" : 4480 }, 
        {"sofa" : 1,  "begin" : 4481,  "end" : 4484 }, 
        {"sofa" : 1,  "begin" : 4485,  "end" : 4490 }, 
        {"sofa" : 1,  "begin" : 4490,  "end" : 4491 }, 
        {"sofa" : 1,  "begin" : 4492,  "end" : 4497 }, 
        {"sofa" : 1,  "begin" : 4498,  "end" : 4499 }, 
        {"sofa" : 1,  "begin" : 4500,  "end" : 4501 }, 
        {"sofa" : 1,  "begin" : 4502,  "end" : 4505 }, 
        {"sofa" : 1,  "begin" : 4506,  "end" : 4513 }, 
        {"sofa" : 1,  "begin" : 4514,  "end" : 4515 }, 
        {"sofa" : 1,  "begin" : 4516,  "end" : 4517 }, 
        {"sofa" : 1,  "begin" : 4518,  "end" : 4520 }, 
        {"sofa" : 1,  "begin" : 4521,  "end" : 4524 }, 
        {"sofa" : 1,  "begin" : 4525,  "end" : 4530 }, 
        {"sofa" : 1,  "begin" : 4530,  "end" : 4531 }, 
        {"sofa" : 1,  "begin" : 4532,  "end" : 4537 }, 
        {"sofa" : 1,  "begin" : 4538,  "end" : 4549 }, 
        {"sofa" : 1,  "begin" : 4550,  "end" : 4556 }, 
        {"sofa" : 1,  "begin" : 4557,  "end" : 4561 }, 
        {"sofa" : 1,  "begin" : 4561,  "end" : 4562 }, 
        {"sofa" : 1,  "begin" : 4564,  "end" : 4568 }, 
        {"sofa" : 1,  "begin" : 4568,  "end" : 4569 }, 
        {"sofa" : 1,  "begin" : 4570,  "end" : 4572 }, 
        {"sofa" : 1,  "begin" : 4573,  "end" : 4577 }, 
        {"sofa" : 1,  "begin" : 4578,  "end" : 4581 }, 
        {"sofa" : 1,  "begin" : 4581,  "end" : 4582 }, 
        {"sofa" : 1,  "begin" : 4583,  "end" : 4586 }, 
        {"sofa" : 1,  "begin" : 4587,  "end" : 4596 }, 
        {"sofa" : 1,  "begin" : 4597,  "end" : 4598 }, 
        {"sofa" : 1,  "begin" : 4598,  "end" : 4603 }, 
        {"sofa" : 1,  "begin" : 4604,  "end" : 4607 }, 
        {"sofa" : 1,  "begin" : 4608,  "end" : 4617 }, 
        {"sofa" : 1,  "begin" : 4618,  "end" : 4621 }, 
        {"sofa" : 1,  "begin" : 4622,  "end" : 4627 }, 
        {"sofa" : 1,  "begin" : 4627,  "end" : 4628 }, 
        {"sofa" : 1,  "begin" : 4629,  "end" : 4633 }, 
        {"sofa" : 1,  "begin" : 4634,  "end" : 4638 }, 
        {"sofa" : 1,  "begin" : 4639,  "end" : 4642 }, 
        {"sofa" : 1,  "begin" : 4643,  "end" : 4653 }, 
        {"sofa" : 1,  "begin" : 4654,  "end" : 4658 }, 
        {"sofa" : 1,  "begin" : 4658,  "end" : 4659 }, 
        {"sofa" : 1,  "begin" : 4660,  "end" : 4662 }, 
        {"sofa" : 1,  "begin" : 4663,  "end" : 4673 }, 
        {"sofa" : 1,  "begin" : 4674,  "end" : 4676 }, 
        {"sofa" : 1,  "begin" : 4677,  "end" : 4682 }, 
        {"sofa" : 1,  "begin" : 4683,  "end" : 4694 }, 
        {"sofa" : 1,  "begin" : 4695,  "end" : 4697 }, 
        {"sofa" : 1,  "begin" : 4698,  "end" : 4702 }, 
        {"sofa" : 1,  "begin" : 4703,  "end" : 4709 }, 
        {"sofa" : 1,  "begin" : 4710,  "end" : 4715 }, 
        {"sofa" : 1,  "begin" : 4715,  "end" : 4716 }, 
        {"sofa" : 1,  "begin" : 4717,  "end" : 4720 }, 
        {"sofa" : 1,  "begin" : 4721,  "end" : 4724 }, 
        {"sofa" : 1,  "begin" : 4725,  "end" : 4732 }, 
        {"sofa" : 1,  "begin" : 4733,  "end" : 4743 }, 
        {"sofa" : 1,  "begin" : 4744,  "end" : 4752 }, 
        {"sofa" : 1,  "begin" : 4753,  "end" : 4755 }, 
        {"sofa" : 1,  "begin" : 4756,  "end" : 4765 }, 
        {"sofa" : 1,  "begin" : 4765,  "end" : 4766 }, 
        {"sofa" : 1,  "begin" : 4767,  "end" : 4771 }, 
        {"sofa" : 1,  "begin" : 4772,  "end" : 4775 }, 
        {"sofa" : 1,  "begin" : 4776,  "end" : 4781 }, 
        {"sofa" : 1,  "begin" : 4782,  "end" : 4790 }, 
        {"sofa" : 1,  "begin" : 4791,  "end" : 4795 }, 
        {"sofa" : 1,  "begin" : 4796,  "end" : 4799 }, 
        {"sofa" : 1,  "begin" : 4800,  "end" : 4804 }, 
        {"sofa" : 1,  "begin" : 4804,  "end" : 4805 }, 
        {"sofa" : 1,  "begin" : 4806,  "end" : 4808 }, 
        {"sofa" : 1,  "begin" : 4809,  "end" : 4819 }, 
        {"sofa" : 1,  "begin" : 4819,  "end" : 4820 }, 
        {"sofa" : 1,  "begin" : 4821,  "end" : 4826 }, 
        {"sofa" : 1,  "begin" : 4827,  "end" : 4835 }, 
        {"sofa" : 1,  "begin" : 4836,  "end" : 4839 }, 
        {"sofa" : 1,  "begin" : 4840,  "end" : 4844 }, 
        {"sofa" : 1,  "begin" : 4845,  "end" : 4848 }, 
        {"sofa" : 1,  "begin" : 4849,  "end" : 4853 }, 
        {"sofa" : 1,  "begin" : 4854,  "end" : 4857 }, 
        {"sofa" : 1,  "begin" : 4858,  "end" : 4867 }, 
        {"sofa" : 1,  "begin" : 4868,  "end" : 4871 }, 
        {"sofa" : 1,  "begin" : 4872,  "end" : 4880 }, 
        {"sofa" : 1,  "begin" : 4881,  "end" : 4883 }, 
        {"sofa" : 1,  "begin" : 4884,  "end" : 4887 }, 
        {"sofa" : 1,  "begin" : 4888,  "end" : 4896 }, 
        {"sofa" : 1,  "begin" : 4897,  "end" : 4899 }, 
        {"sofa" : 1,  "begin" : 4900,  "end" : 4906 }, 
        {"sofa" : 1,  "begin" : 4906,  "end" : 4907 }, 
        {"sofa" : 1,  "begin" : 4908,  "end" : 4911 }, 
        {"sofa" : 1,  "begin" : 4912,  "end" : 4915 }, 
        {"sofa" : 1,  "begin" : 4916,  "end" : 4923 }, 
        {"sofa" : 1,  "begin" : 4924,  "end" : 4930 }, 
        {"sofa" : 1,  "begin" : 4931,  "end" : 4932 }, 
        {"sofa" : 1,  "begin" : 4933,  "end" : 4938 }, 
        {"sofa" : 1,  "begin" : 4939,  "end" : 4947 }, 
        {"sofa" : 1,  "begin" : 4948,  "end" : 4950 }, 
        {"sofa" : 1,  "begin" : 4951,  "end" : 4954 }, 
        {"sofa" : 1,  "begin" : 4955,  "end" : 4962 }, 
        {"sofa" : 1,  "begin" : 4963,  "end" : 4971 }, 
        {"sofa" : 1,  "begin" : 4972,  "end" : 4974 }, 
        {"sofa" : 1,  "begin" : 4975,  "end" : 4978 }, 
        {"sofa" : 1,  "begin" : 4979,  "end" : 4986 }, 
        {"sofa" : 1,  "begin" : 4987,  "end" : 4988 }, 
        {"sofa" : 1,  "begin" : 4989,  "end" : 4990 }, 
        {"sofa" : 1,  "begin" : 4991,  "end" : 4997 }, 
        {"sofa" : 1,  "begin" : 4998,  "end" : 5000 }, 
        {"sofa" : 1,  "begin" : 5001,  "end" : 5006 }, 
        {"sofa" : 1,  "begin" : 5007,  "end" : 5011 }, 
        {"sofa" : 1,  "begin" : 5011,  "end" : 5012 }, 
        {"sofa" : 1,  "begin" : 5013,  "end" : 5018 }, 
        {"sofa" : 1,  "begin" : 5019,  "end" : 5024 }, 
        {"sofa" : 1,  "begin" : 5025,  "end" : 5034 }, 
        {"sofa" : 1,  "begin" : 5035,  "end" : 5037 }, 
        {"sofa" : 1,  "begin" : 5038,  "end" : 5042 }, 
        {"sofa" : 1,  "begin" : 5043,  "end" : 5046 }, 
        {"sofa" : 1,  "begin" : 5046,  "end" : 5047 }, 
        {"sofa" : 1,  "begin" : 5048,  "end" : 5053 }, 
        {"sofa" : 1,  "begin" : 5054,  "end" : 5059 }, 
        {"sofa" : 1,  "begin" : 5060,  "end" : 5061 }, 
        {"sofa" : 1,  "begin" : 5062,  "end" : 5071 }, 
        {"sofa" : 1,  "begin" : 5072,  "end" : 5080 }, 
        {"sofa" : 1,  "begin" : 5081,  "end" : 5083 }, 
        {"sofa" : 1,  "begin" : 5084,  "end" : 5088 }, 
        {"sofa" : 1,  "begin" : 5089,  "end" : 5093 }, 
        {"sofa" : 1,  "begin" : 5094,  "end" : 5099 }, 
        {"sofa" : 1,  "begin" : 5100,  "end" : 5102 }, 
        {"sofa" : 1,  "begin" : 5103,  "end" : 5109 }, 
        {"sofa" : 1,  "begin" : 5110,  "end" : 5111 }, 
        {"sofa" : 1,  "begin" : 5112,  "end" : 5113 }, 
        {"sofa" : 1,  "begin" : 5115,  "end" : 5118 }, 
        {"sofa" : 1,  "begin" : 5119,  "end" : 5125 }, 
        {"sofa" : 1,  "begin" : 5125,  "end" : 5126 }, 
        {"sofa" : 1,  "begin" : 5127,  "end" : 5133 }, 
        {"sofa" : 1,  "begin" : 5133,  "end" : 5134 }, 
        {"sofa" : 1,  "begin" : 5135,  "end" : 5138 }, 
        {"sofa" : 1,  "begin" : 5139,  "end" : 5145 }, 
        {"sofa" : 1,  "begin" : 5145,  "end" : 5146 }, 
        {"sofa" : 1,  "begin" : 5147,  "end" : 5152 }, 
        {"sofa" : 1,  "begin" : 5153,  "end" : 5156 }, 
        {"sofa" : 1,  "begin" : 5157,  "end" : 5160 }, 
        {"sofa" : 1,  "begin" : 5161,  "end" : 5166 }, 
        {"sofa" : 1,  "begin" : 5167,  "end" : 5182 }, 
        {"sofa" : 1,  "begin" : 5183,  "end" : 5187 }, 
        {"sofa" : 1,  "begin" : 5188,  "end" : 5194 }, 
        {"sofa" : 1,  "begin" : 5195,  "end" : 5196 }, 
        {"sofa" : 1,  "begin" : 5197,  "end" : 5202 }, 
        {"sofa" : 1,  "begin" : 5203,  "end" : 5210 }, 
        {"sofa" : 1,  "begin" : 5211,  "end" : 5214 }, 
        {"sofa" : 1,  "begin" : 5215,  "end" : 5224 }, 
        {"sofa" : 1,  "begin" : 5224,  "end" : 5225 }, 
        {"sofa" : 1,  "begin" : 5226,  "end" : 5229 }, 
        {"sofa" : 1,  "begin" : 5230,  "end" : 5234 }, 
        {"sofa" : 1,  "begin" : 5235,  "end" : 5237 }, 
        {"sofa" : 1,  "begin" : 5238,  "end" : 5242 }, 
        {"sofa" : 1,  "begin" : 5243,  "end" : 5244 }, 
        {"sofa" : 1,  "begin" : 5244,  "end" : 5246 }, 
        {"sofa" : 1,  "begin" : 5247,  "end" : 5252 }, 
        {"sofa" : 1,  "begin" : 5252,  "end" : 5253 }, 
        {"sofa" : 1,  "begin" : 5254,  "end" : 5255 }, 
        {"sofa" : 1,  "begin" : 5256,  "end" : 5259 }, 
        {"sofa" : 1,  "begin" : 5260,  "end" : 5262 }, 
        {"sofa" : 1,  "begin" : 5263,  "end" : 5268 }, 
        {"sofa" : 1,  "begin" : 5268,  "end" : 5269 }, 
        {"sofa" : 1,  "begin" : 5270,  "end" : 5273 }, 
        {"sofa" : 1,  "begin" : 5274,  "end" : 5277 }, 
        {"sofa" : 1,  "begin" : 5278,  "end" : 5289 }, 
        {"sofa" : 1,  "begin" : 5290,  "end" : 5293 }, 
        {"sofa" : 1,  "begin" : 5294,  "end" : 5305 }, 
        {"sofa" : 1,  "begin" : 5306,  "end" : 5308 }, 
        {"sofa" : 1,  "begin" : 5309,  "end" : 5312 }, 
        {"sofa" : 1,  "begin" : 5313,  "end" : 5316 }, 
        {"sofa" : 1,  "begin" : 5317,  "end" : 5322 }, 
        {"sofa" : 1,  "begin" : 5323,  "end" : 5329 }, 
        {"sofa" : 1,  "begin" : 5329,  "end" : 5330 }, 
        {"sofa" : 1,  "begin" : 5331,  "end" : 5334 }, 
        {"sofa" : 1,  "begin" : 5335,  "end" : 5339 }, 
        {"sofa" : 1,  "begin" : 5340,  "end" : 5345 }, 
        {"sofa" : 1,  "begin" : 5346,  "end" : 5347 }, 
        {"sofa" : 1,  "begin" : 5348,  "end" : 5353 }, 
        {"sofa" : 1,  "begin" : 5354,  "end" : 5362 }, 
        {"sofa" : 1,  "begin" : 5363,  "end" : 5367 }, 
        {"sofa" : 1,  "begin" : 5368,  "end" : 5377 }, 
        {"sofa" : 1,  "begin" : 5377,  "end" : 5378 }, 
        {"sofa" : 1,  "begin" : 5380,  "end" : 5385 }, 
        {"sofa" : 1,  "begin" : 5385,  "end" : 5386 } ] } }, 
  "_referenced_fss" : {
    "1" : {"_type" : "Sofa",  "sofaNum" : 1,  "sofaID" : "_InitialView",  "mimeType" : "text",  "sofaString" : "\nPART. III.\nAn offer at the Improvement, and Melioration of the Aer of LONDON, by way of Plantations, &c.\nTHere goes a pleasant Tale of a certain Sr Politick, that in\nthe last great Plague projected, how by a Vessel fraight with\npeel ' d Onions, which should passe along the Thames by the City,\nwhen the Wind fate in a favourable quarter, to attract the pollution\nof the Aer, and sail away with the Infection to the Sea:\nTransplantation of Diseases we sometimes read of amongst the\nMagneticall, or rather Magical Cures; but never before of this\nway of Transfretation: but, however this excellent conceit\nhas often afforded good mirth on the Stage, and I now mention\nto prevent the application to what I hope propound; There is yet\nanother expedient, which I have here to offer (were This of\nthe poisonous and filthy smoak remov ' d) by which the City and\nenvirons about it, might be rendred one of the most pleasant\nand agreeable places in the world. In order to this I\npropose.\n\nThat all low-grounds circumjacent to the City, especially\nEast and South-west, be cast and contriv ' d into square plots, or\nFields of twenty, thirty, and forty Akers, or more, separated\nfrom each others by Fences of double Palisads, or Contr ' spaliers,\nwhich should enclose a Plantation of an hundred and fifty, or\nmore, feet deep, about each Field; not much unlike to what His\nMajesty has already begun by the wall from Old Spring-garden\nto St. Iames ' s in that Park; and is somewhat resembled in the\nnew Spring-garden at Lambeth. That these Palisad ' s be elegantly\nplanted, diligently kept and supply ' d, with such Shrubs,\nas yield the most fragrant and odoriferous Flowers, and are aptest\nto tinge the Aer upon every gentle emission at a great distance:\nSuch as are (for instance amongst many others) the Sweet-brier,\nall the Periclymena ' s and Woodbinds; the Common white and\nyellow Iessamine, both the Syringa ' s or Pipe trees; the Guelder-Rose,\nthe Musk, and all other Roses; Genista Hispanica: To\nthese may be added the Rubus odoratus, Bayes, Iuniper, Lignum-vitae,\nLaevander: but above all, Rosemary, the Flowers\nwhereof are credibly reported to give their sent above thirty\nLeagues off at Sea, upon the coasts of Spain: and at some distance\ntowards the Meadow side, Vines, yea, Hops.\n\n—Et Arbuta passim,*\nEt Glaucas Salices, Casiamque Crocumque rebentem,\nEt pinguem Tiliam, & ferrugineos Hyacinthos, &c.\nFor, there is a very sweet smelling Sally, and the blossoms of\nthe Tilia or Lime-tree, are incomparably fragrant; in brief,\nwhatsoever is odoriferous and refreshing.\n\nThat the Spaces, or Aera between these Palisads, and Fences,\nbe employ ' d in Beds and Bordures of Pinks, Carnations, Clove,\nStock-gilly-flower, Primroses, Aurieulds, Violets, not forgetting\nthe White, which are in flower twice a year, April and August:\n\nCowslips, Lillies, Nareissus, Strawberries, whose very leaves as\nwell as fruit, emit a Cardiaque, and most refreshing Halitus: also\nParietaria Lutea, Musk, Lemmon, and Mastick, Thyme: Spike,\nCammomile, Balm, Mint, Marjoram, Pempernel, and Serpillum,\n&c. which upon the least pressure and cutting, breathe out and\nbetray their ravishing odors.\n\nThat the Fields, and Crofts within these Closures, or Invironing\nGardens, be, some of them, planted with wild Thyme, and\nothers reserved for Plots of Beans, Pease (not Cabbages, whose\nrotten and perishing stalks have a very noisom and unhealthy\nsmell, and therefore by Hyppocrates utterly condemned near\ngreat Cities) but such blossom-bearing Grain as send forth their\nvirtue at farthest distance, and are all of them marketable at\nLondon; by which means, the Aer and Winds perpetually fann ' d\nfrom so many circling and encompassing Hedges, fragrant Shrubs,\nTrees, and Flowers (the amputation and prunings of whose superfluities,\nmay in Winter, on some occasions of weather, and\nwinds, be burnt, to visit the City with a more benign smoak) not\nonely all that did approach the Region, which is properly design ' d\nto be Flowery; but even the whole City, would be sensible\nof the sweet and ravishing varieties of the perfumes, as well\nas of the most delightful and pleasant objects, and places of\nRecreation for the Inhabitants; yielding also a Prospect of a noble\nand masculine Majesty, by reason of the frequent plantations\nof Trees, and Nurseries for Ornament, Profit, and Security:\nThe remainder of the Fields included, yielding the same, and\nbetter Shelter, and Pasture for Sheep and Cattel then now;\nthat they lie bleak, expos ' d and abandon ' d to the winds, which\nperpetually invade them.\n\nThat, to this end, the Gardiners (which now cultivate the\nupper, more drie and ungrateful soil) be encouraged to begin\nPlantations in such places onely: and the farther exorbitant encrease\nof Tenements, poor and nasty Cottages near the City,\nbe prohibited, which disgrace and take off from the sweetness\nand amoenity of the Environs of London, and are already become\na great Eye-sore in the grounds opposite to His Majesty ' s\nPalace of White hall; which being converted to this use,\nmight yield a diversion inferior to none that could be imagin ' d\n\nfor Health, Profit, and Beauty, which are the three Transcendencies\nthat render a place without all exception. And\nthis is what (in short) I had to offer, for the Improvement and\nMelioration of the Aer about London, and with which I shall\nconclude this discourse.\n\nFINIS.\n" }, 
    "14290" : {"_type" : "Span",  "sofa" : 1,  "begin" : 64,  "end" : 67,  "label" : "Smell_Word" }, 
    "14295" : {"_type" : "Span",  "sofa" : 1,  "begin" : 64,  "end" : 67,  "label" : "Odour_Carrier" }, 
    "14307" : {"_type" : "Span",  "sofa" : 1,  "begin" : 68,  "end" : 77,  "label" : "Location" }, 
    "14705" : {"_type" : "Span",  "sofa" : 1,  "begin" : 809,  "end" : 815,  "label" : "Smell_Word" }, 
    "14710" : {"_type" : "Span",  "sofa" : 1,  "begin" : 809,  "end" : 815,  "label" : "Quality" }, 
    "14722" : {"_type" : "Span",  "sofa" : 1,  "begin" : 816,  "end" : 821,  "label" : "Smell_Source" }, 
    "14734" : {"_type" : "Span",  "sofa" : 1,  "begin" : 842,  "end" : 863,  "label" : "Location" }, 
    "14319" : {"_type" : "Span",  "sofa" : 1,  "begin" : 1628,  "end" : 1636,  "label" : "Smell_Word" }, 
    "14324" : {"_type" : "Span",  "sofa" : 1,  "begin" : 1628,  "end" : 1636,  "label" : "Quality" }, 
    "14353" : {"_type" : "Span",  "sofa" : 1,  "begin" : 1653,  "end" : 1660,  "label" : "Smell_Source" }, 
    "14334" : {"_type" : "Span",  "sofa" : 1,  "begin" : 1641,  "end" : 1652,  "label" : "Smell_Word" }, 
    "14329" : {"_type" : "Span",  "sofa" : 1,  "begin" : 1641,  "end" : 1652,  "label" : "Quality" }, 
    "14746" : {"_type" : "Span",  "sofa" : 1,  "begin" : 1690,  "end" : 1693,  "label" : "Odour_Carrier" }, 
    "14758" : {"_type" : "Span",  "sofa" : 1,  "begin" : 1694,  "end" : 1720,  "label" : "Circumstances" }, 
    "14775" : {"_type" : "Span",  "sofa" : 1,  "begin" : 1789,  "end" : 1804,  "label" : "Smell_Source" }, 
    "14780" : {"_type" : "Span",  "sofa" : 1,  "begin" : 1806,  "end" : 1843,  "label" : "Smell_Source" }, 
    "14785" : {"_type" : "Span",  "sofa" : 1,  "begin" : 1845,  "end" : 1882,  "label" : "Smell_Source" }, 
    "14790" : {"_type" : "Span",  "sofa" : 1,  "begin" : 1884,  "end" : 1918,  "label" : "Smell_Source" }, 
    "14795" : {"_type" : "Span",  "sofa" : 1,  "begin" : 1920,  "end" : 1936,  "label" : "Smell_Source" }, 
    "14800" : {"_type" : "Span",  "sofa" : 1,  "begin" : 1938,  "end" : 1946,  "label" : "Smell_Source" }, 
    "14805" : {"_type" : "Span",  "sofa" : 1,  "begin" : 1952,  "end" : 1967,  "label" : "Smell_Source" }, 
    "14810" : {"_type" : "Span",  "sofa" : 1,  "begin" : 1969,  "end" : 1986,  "label" : "Smell_Source" }, 
    "14815" : {"_type" : "Span",  "sofa" : 1,  "begin" : 2010,  "end" : 2028,  "label" : "Smell_Source" }, 
    "14820" : {"_type" : "Span",  "sofa" : 1,  "begin" : 2030,  "end" : 2035,  "label" : "Smell_Source" }, 
    "14825" : {"_type" : "Span",  "sofa" : 1,  "begin" : 2037,  "end" : 2044,  "label" : "Smell_Source" }, 
    "14830" : {"_type" : "Span",  "sofa" : 1,  "begin" : 2046,  "end" : 2058,  "label" : "Smell_Source" }, 
    "14835" : {"_type" : "Span",  "sofa" : 1,  "begin" : 2060,  "end" : 2069,  "label" : "Smell_Source" }, 
    "14840" : {"_type" : "Span",  "sofa" : 1,  "begin" : 2086,  "end" : 2094,  "label" : "Smell_Source" }, 
    "14939" : {"_type" : "Span",  "sofa" : 1,  "begin" : 2146,  "end" : 2151,  "label" : "Smell_Source" }, 
    "14845" : {"_type" : "Span",  "sofa" : 1,  "begin" : 2096,  "end" : 2107,  "label" : "Smell_Source" }, 
    "14934" : {"_type" : "Span",  "sofa" : 1,  "begin" : 2152,  "end" : 2156,  "label" : "Smell_Word" }, 
    "14372" : {"_type" : "Span",  "sofa" : 1,  "begin" : 2427,  "end" : 2435,  "label" : "Smell_Word" }, 
    "14377" : {"_type" : "Span",  "sofa" : 1,  "begin" : 2421,  "end" : 2426,  "label" : "Quality" }, 
    "14435" : {"_type" : "Span",  "sofa" : 1,  "begin" : 2436,  "end" : 2441,  "label" : "Smell_Source" }, 
    "14406" : {"_type" : "Span",  "sofa" : 1,  "begin" : 2504,  "end" : 2512,  "label" : "Smell_Word" }, 
    "14411" : {"_type" : "Span",  "sofa" : 1,  "begin" : 2504,  "end" : 2512,  "label" : "Quality" }, 
    "14423" : {"_type" : "Span",  "sofa" : 1,  "begin" : 2447,  "end" : 2485,  "label" : "Smell_Source" }, 
    "14389" : {"_type" : "Span",  "sofa" : 1,  "begin" : 2538,  "end" : 2549,  "label" : "Smell_Word" }, 
    "14394" : {"_type" : "Span",  "sofa" : 1,  "begin" : 2538,  "end" : 2549,  "label" : "Quality" }, 
    "14447" : {"_type" : "Span",  "sofa" : 1,  "begin" : 2524,  "end" : 2534,  "label" : "Smell_Source" }, 
    "15056" : {"_type" : "Span",  "sofa" : 1,  "begin" : 2866,  "end" : 2900,  "label" : "Smell_Source" }, 
    "15039" : {"_type" : "Span",  "sofa" : 1,  "begin" : 2852,  "end" : 2864,  "label" : "Smell_Source" }, 
    "14459" : {"_type" : "Span",  "sofa" : 1,  "begin" : 2940,  "end" : 2947,  "label" : "Smell_Word" }, 
    "14972" : {"_type" : "Span",  "sofa" : 1,  "begin" : 2924,  "end" : 2939,  "label" : "Quality" }, 
    "15044" : {"_type" : "Span",  "sofa" : 1,  "begin" : 2909,  "end" : 2918,  "label" : "Quality" }, 
    "14984" : {"_type" : "Span",  "sofa" : 1,  "begin" : 2666,  "end" : 2671,  "label" : "Smell_Source" }, 
    "14989" : {"_type" : "Span",  "sofa" : 1,  "begin" : 2673,  "end" : 2683,  "label" : "Smell_Source" }, 
    "14994" : {"_type" : "Span",  "sofa" : 1,  "begin" : 2685,  "end" : 2690,  "label" : "Smell_Source" }, 
    "14999" : {"_type" : "Span",  "sofa" : 1,  "begin" : 2692,  "end" : 2710,  "label" : "Smell_Source" }, 
    "15004" : {"_type" : "Span",  "sofa" : 1,  "begin" : 2712,  "end" : 2721,  "label" : "Smell_Source" }, 
    "15009" : {"_type" : "Span",  "sofa" : 1,  "begin" : 2723,  "end" : 2732,  "label" : "Smell_Source" }, 
    "15014" : {"_type" : "Span",  "sofa" : 1,  "begin" : 2734,  "end" : 2741,  "label" : "Smell_Source" }, 
    "15019" : {"_type" : "Span",  "sofa" : 1,  "begin" : 2758,  "end" : 2767,  "label" : "Smell_Source" }, 
    "15024" : {"_type" : "Span",  "sofa" : 1,  "begin" : 2822,  "end" : 2830,  "label" : "Smell_Source" }, 
    "15029" : {"_type" : "Span",  "sofa" : 1,  "begin" : 2832,  "end" : 2839,  "label" : "Smell_Source" }, 
    "15034" : {"_type" : "Span",  "sofa" : 1,  "begin" : 2841,  "end" : 2850,  "label" : "Smell_Source" }, 
    "14481" : {"_type" : "Span",  "sofa" : 1,  "begin" : 3142,  "end" : 3147,  "label" : "Smell_Source" }, 
    "14493" : {"_type" : "Span",  "sofa" : 1,  "begin" : 2954,  "end" : 2970,  "label" : "Smell_Source" }, 
    "14498" : {"_type" : "Span",  "sofa" : 1,  "begin" : 2972,  "end" : 2976,  "label" : "Smell_Source" }, 
    "14503" : {"_type" : "Span",  "sofa" : 1,  "begin" : 2978,  "end" : 2984,  "label" : "Smell_Source" }, 
    "14508" : {"_type" : "Span",  "sofa" : 1,  "begin" : 2990,  "end" : 2997,  "label" : "Smell_Source" }, 
    "14513" : {"_type" : "Span",  "sofa" : 1,  "begin" : 2999,  "end" : 3004,  "label" : "Smell_Source" }, 
    "14518" : {"_type" : "Span",  "sofa" : 1,  "begin" : 3006,  "end" : 3011,  "label" : "Smell_Source" }, 
    "14523" : {"_type" : "Span",  "sofa" : 1,  "begin" : 3013,  "end" : 3022,  "label" : "Smell_Source" }, 
    "14528" : {"_type" : "Span",  "sofa" : 1,  "begin" : 3024,  "end" : 3028,  "label" : "Smell_Source" }, 
    "14533" : {"_type" : "Span",  "sofa" : 1,  "begin" : 3030,  "end" : 3034,  "label" : "Smell_Source" }, 
    "14538" : {"_type" : "Span",  "sofa" : 1,  "begin" : 3036,  "end" : 3044,  "label" : "Smell_Source" }, 
    "14543" : {"_type" : "Span",  "sofa" : 1,  "begin" : 3046,  "end" : 3055,  "label" : "Smell_Source" }, 
    "14548" : {"_type" : "Span",  "sofa" : 1,  "begin" : 3061,  "end" : 3070,  "label" : "Smell_Source" }, 
    "14464" : {"_type" : "Span",  "sofa" : 1,  "begin" : 3158,  "end" : 3163,  "label" : "Smell_Word" }, 
    "14469" : {"_type" : "Span",  "sofa" : 1,  "begin" : 3148,  "end" : 3157,  "label" : "Quality" }, 
    "14637" : {"_type" : "Span",  "sofa" : 1,  "begin" : 3082,  "end" : 3117,  "label" : "Circumstances" }, 
    "15188" : {"_type" : "Span",  "sofa" : 1,  "begin" : 3344,  "end" : 3377,  "label" : "Smell_Source" }, 
    "15200" : {"_type" : "Span",  "sofa" : 1,  "begin" : 3334,  "end" : 3342,  "label" : "Smell_Source" }, 
    "14649" : {"_type" : "Span",  "sofa" : 1,  "begin" : 3411,  "end" : 3416,  "label" : "Smell_Word" }, 
    "15152" : {"_type" : "Span",  "sofa" : 1,  "begin" : 3390,  "end" : 3396,  "label" : "Quality" }, 
    "15164" : {"_type" : "Span",  "sofa" : 1,  "begin" : 3401,  "end" : 3410,  "label" : "Quality" }, 
    "15176" : {"_type" : "Span",  "sofa" : 1,  "begin" : 3422,  "end" : 3482,  "label" : "Effect" }, 
    "14654" : {"_type" : "Span",  "sofa" : 1,  "begin" : 3708,  "end" : 3716,  "label" : "Smell_Word" }, 
    "14659" : {"_type" : "Span",  "sofa" : 1,  "begin" : 3708,  "end" : 3716,  "label" : "Quality" }, 
    "15212" : {"_type" : "Span",  "sofa" : 1,  "begin" : 3717,  "end" : 3723,  "label" : "Smell_Source" }, 
    "15217" : {"_type" : "Span",  "sofa" : 1,  "begin" : 3725,  "end" : 3730,  "label" : "Smell_Source" }, 
    "15222" : {"_type" : "Span",  "sofa" : 1,  "begin" : 3736,  "end" : 3743,  "label" : "Smell_Source" }, 
    "14671" : {"_type" : "Span",  "sofa" : 1,  "begin" : 4082,  "end" : 4090,  "label" : "Smell_Word" }, 
    "15253" : {"_type" : "Span",  "sofa" : 1,  "begin" : 4055,  "end" : 4064,  "label" : "Quality" }, 
    "15248" : {"_type" : "Span",  "sofa" : 1,  "begin" : 4045,  "end" : 4050,  "label" : "Quality" }, 
    "14676" : {"_type" : "Span",  "sofa" : 1,  "begin" : 5313,  "end" : 5316,  "label" : "Smell_Word" }, 
    "14681" : {"_type" : "Span",  "sofa" : 1,  "begin" : 5313,  "end" : 5316,  "label" : "Odour_Carrier" }, 
    "14693" : {"_type" : "Span",  "sofa" : 1,  "begin" : 5317,  "end" : 5329,  "label" : "Location" } } }