#FORMAT=WebAnno TSV 3.3
#T_SP=custom.Span|label
#T_RL=custom.Relation|label|BT_custom.Span


#Text=0206
#Text=]
#Text=
#Text=
#Text=Der Spezereyen und Materialien
#Text=
#Text=
#Text=25.
1-1	2-6	0206	_	_	_	
1-2	7-8	]	_	_	_	
1-3	11-14	Der	_	_	_	
1-4	15-25	Spezereyen	_	_	_	
1-5	26-29	und	_	_	_	
1-6	30-41	Materialien	_	_	_	
1-7	44-46	25	_	_	_	
1-8	46-47	.	_	_	_	

#Text=Sols nicht geben;
#Text=wir aber muͤſſen
#Text=
#Text=noch mehr Unkoſten thun, bis 25. aufs
#Text=Hundert, und ſolches wegen des leichten
#Text=Gewichtes, welches dann den Preiß des
#Text=Oeles um die Helffte erhoͤhet.
2-1	48-52	Sols	_	_	_	
2-2	53-58	nicht	_	_	_	
2-3	59-64	geben	_	_	_	
2-4	64-65	;	_	_	_	
2-5	66-69	wir	_	_	_	
2-6	70-74	aber	_	_	_	
2-7	75-82	muͤſſen	_	_	_	
2-8	84-88	noch	_	_	_	
2-9	89-93	mehr	_	_	_	
2-10	94-102	Unkoſten	_	_	_	
2-11	103-107	thun	_	_	_	
2-12	107-108	,	_	_	_	
2-13	109-112	bis	_	_	_	
2-14	113-115	25	_	_	_	
2-15	115-116	.	_	_	_	
2-16	117-121	aufs	_	_	_	
2-17	122-129	Hundert	_	_	_	
2-18	129-130	,	_	_	_	
2-19	131-134	und	_	_	_	
2-20	135-142	ſolches	_	_	_	
2-21	143-148	wegen	_	_	_	
2-22	149-152	des	_	_	_	
2-23	153-161	leichten	_	_	_	
2-24	162-171	Gewichtes	_	_	_	
2-25	171-172	,	_	_	_	
2-26	173-180	welches	_	_	_	
2-27	181-185	dann	_	_	_	
2-28	186-189	den	_	_	_	
2-29	190-195	Preiß	_	_	_	
2-30	196-199	des	_	_	_	
2-31	200-205	Oeles	_	_	_	
2-32	206-208	um	_	_	_	
2-33	209-212	die	_	_	_	
2-34	213-220	Helffte	_	_	_	
2-35	221-229	erhoͤhet	_	_	_	
2-36	229-230	.	_	_	_	

#Text=Jndeſ-
#Text=ſen ſehen wir zu Paris ihrer viele das
#Text=Pfund Spicoͤl um 16. und 18.
3-1	231-236	Jndeſ	_	_	_	
3-2	236-237	-	_	_	_	
3-3	238-241	ſen	_	_	_	
3-4	242-247	ſehen	_	_	_	
3-5	248-251	wir	_	_	_	
3-6	252-254	zu	_	_	_	
3-7	255-260	Paris	_	_	_	
3-8	261-266	ihrer	_	_	_	
3-9	267-272	viele	_	_	_	
3-10	273-276	das	_	_	_	
3-11	277-282	Pfund	_	_	_	
3-12	283-290	Spicoͤl	_	_	_	
3-13	291-293	um	_	_	_	
3-14	294-296	16	_	_	_	
3-15	296-297	.	_	_	_	
3-16	298-301	und	_	_	_	
3-17	302-304	18	_	_	_	
3-18	304-305	.	_	_	_	

#Text=Sols
#Text=
#Text=verkauffen, und zwar unter dem Na-
#Text=men des Spicoͤls von der andern Sorte,
#Text=damit ſie dergeſtalt den Betrug verde-
#Text=cken moͤgen.
4-1	306-310	Sols	_	_	_	
4-2	312-322	verkauffen	_	_	_	
4-3	322-323	,	_	_	_	
4-4	324-327	und	_	_	_	
4-5	328-332	zwar	_	_	_	
4-6	333-338	unter	_	_	_	
4-7	339-342	dem	_	_	_	
4-8	343-345	Na	_	_	_	
4-9	345-346	-	_	_	_	
4-10	347-350	men	_	_	_	
4-11	351-354	des	_	_	_	
4-12	355-363	Spicoͤls	_	_	_	
4-13	364-367	von	_	_	_	
4-14	368-371	der	_	_	_	
4-15	372-378	andern	_	_	_	
4-16	379-384	Sorte	_	_	_	
4-17	384-385	,	_	_	_	
4-18	386-391	damit	_	_	_	
4-19	392-395	ſie	_	_	_	
4-20	396-406	dergeſtalt	_	_	_	
4-21	407-410	den	_	_	_	
4-22	411-417	Betrug	_	_	_	
4-23	418-423	verde	_	_	_	
4-24	423-424	-	_	_	_	
4-25	425-429	cken	_	_	_	
4-26	430-436	moͤgen	_	_	_	
4-27	436-437	.	_	_	_	

#Text=Andere machens noch
#Text=ſchlimmer, und geben es um die Helffte
#Text=
#Text=wohlfeiler, welches aber daher kommt,
#Text=daß ſie nichts als Terpentinoͤl, dem ſie
#Text=mit ein wenig Peteroͤle eine Farbe wie
#Text=Agtſtein gegeben, verkauffen.
5-1	438-444	Andere	_	_	_	
5-2	445-452	machens	_	_	_	
5-3	453-457	noch	_	_	_	
5-4	458-467	ſchlimmer	_	_	_	
5-5	467-468	,	_	_	_	
5-6	469-472	und	_	_	_	
5-7	473-478	geben	_	_	_	
5-8	479-481	es	_	_	_	
5-9	482-484	um	_	_	_	
5-10	485-488	die	_	_	_	
5-11	489-496	Helffte	_	_	_	
5-12	498-508	wohlfeiler	_	_	_	
5-13	508-509	,	_	_	_	
5-14	510-517	welches	_	_	_	
5-15	518-522	aber	_	_	_	
5-16	523-528	daher	_	_	_	
5-17	529-534	kommt	_	_	_	
5-18	534-535	,	_	_	_	
5-19	536-539	daß	_	_	_	
5-20	540-543	ſie	_	_	_	
5-21	544-550	nichts	_	_	_	
5-22	551-554	als	_	_	_	
5-23	555-567	Terpentinoͤl	_	_	_	
5-24	567-568	,	_	_	_	
5-25	569-572	dem	_	_	_	
5-26	573-576	ſie	_	_	_	
5-27	577-580	mit	_	_	_	
5-28	581-584	ein	_	_	_	
5-29	585-590	wenig	_	_	_	
5-30	591-600	Peteroͤle	_	_	_	
5-31	601-605	eine	_	_	_	
5-32	606-611	Farbe	_	_	_	
5-33	612-615	wie	_	_	_	
5-34	616-624	Agtſtein	_	_	_	
5-35	625-632	gegeben	_	_	_	
5-36	632-633	,	_	_	_	
5-37	634-644	verkauffen	_	_	_	
5-38	644-645	.	_	_	_	

#Text=Doch iſt
#Text=dieſe Schelmerey gar bald zu mercken,
#Text=dieweil das Spicoͤl weiß ſeyn muß, eines
#Text=ziemlich aromatiſchen Geruchs, und ein-
#Text=tzig und allein die Sandaraca
#Text=aufzuloͤ-
#Text=ſen vermoͤgend.
6-1	646-650	Doch	_	_	_	
6-2	651-654	iſt	_	_	_	
6-3	655-660	dieſe	_	_	_	
6-4	661-671	Schelmerey	_	_	_	
6-5	672-675	gar	_	_	_	
6-6	676-680	bald	_	_	_	
6-7	681-683	zu	_	_	_	
6-8	684-691	mercken	_	_	_	
6-9	691-692	,	_	_	_	
6-10	693-700	dieweil	_	_	_	
6-11	701-704	das	_	_	_	
6-12	705-712	Spicoͤl	Smell\_Source	_	_	
6-13	713-717	weiß	_	_	_	
6-14	718-722	ſeyn	_	_	_	
6-15	723-726	muß	_	_	_	
6-16	726-727	,	_	_	_	
6-17	728-733	eines	_	_	_	
6-18	734-742	ziemlich	Quality[1]	_	_	
6-19	743-755	aromatiſchen	Quality[1]	_	_	
6-20	756-763	Geruchs	Smell\_Word	*|*	6-12|6-18[1_0]	
6-21	763-764	,	_	_	_	
6-22	765-768	und	_	_	_	
6-23	769-772	ein	_	_	_	
6-24	772-773	-	_	_	_	
6-25	774-778	tzig	_	_	_	
6-26	779-782	und	_	_	_	
6-27	783-789	allein	_	_	_	
6-28	790-793	die	_	_	_	
6-29	794-803	Sandaraca	_	_	_	
6-30	804-812	aufzuloͤ	_	_	_	
6-31	812-813	-	_	_	_	
6-32	814-817	ſen	_	_	_	
6-33	818-828	vermoͤgend	_	_	_	
6-34	828-829	.	_	_	_	

#Text=Es iſt dieſes Oel vielerley Leuten dien-
#Text=lich, z.
7-1	834-836	Es	_	_	_	
7-2	837-840	iſt	_	_	_	
7-3	841-847	dieſes	_	_	_	
7-4	848-851	Oel	_	_	_	
7-5	852-861	vielerley	_	_	_	
7-6	862-868	Leuten	_	_	_	
7-7	869-873	dien	_	_	_	
7-8	873-874	-	_	_	_	
7-9	875-879	lich	_	_	_	
7-10	879-880	,	_	_	_	
7-11	881-882	z	_	_	_	
7-12	882-883	.	_	_	_	

#Text=E. denen
#Text=Mahlern, Schmieden
#Text=
#Text=und andern.
8-1	884-885	E	_	_	_	
8-2	885-886	.	_	_	_	
8-3	887-892	denen	_	_	_	
8-4	893-900	Mahlern	_	_	_	
8-5	900-901	,	_	_	_	
8-6	902-911	Schmieden	_	_	_	
8-7	913-916	und	_	_	_	
8-8	917-923	andern	_	_	_	
8-9	923-924	.	_	_	_	

#Text=Auch hat es einigen Nu-
#Text=
#Text=tzen in der Medicin, weil es nicht nur un-
#Text=terſchiedene Arten der Schaͤden und
#Text=Kranckheiten zu heilen vermag, ſondern
#Text=auch, weil es zu vielen Galeniſchen com-
#Text=poſitionen genommen wird.
9-1	925-929	Auch	_	_	_	
9-2	930-933	hat	_	_	_	
9-3	934-936	es	_	_	_	
9-4	937-944	einigen	_	_	_	
9-5	945-947	Nu	_	_	_	
9-6	947-948	-	_	_	_	
9-7	950-954	tzen	_	_	_	
9-8	955-957	in	_	_	_	
9-9	958-961	der	_	_	_	
9-10	962-969	Medicin	_	_	_	
9-11	969-970	,	_	_	_	
9-12	971-975	weil	_	_	_	
9-13	976-978	es	_	_	_	
9-14	979-984	nicht	_	_	_	
9-15	985-988	nur	_	_	_	
9-16	989-991	un	_	_	_	
9-17	991-992	-	_	_	_	
9-18	993-1005	terſchiedene	_	_	_	
9-19	1006-1011	Arten	_	_	_	
9-20	1012-1015	der	_	_	_	
9-21	1016-1024	Schaͤden	_	_	_	
9-22	1025-1028	und	_	_	_	
9-23	1029-1041	Kranckheiten	_	_	_	
9-24	1042-1044	zu	_	_	_	
9-25	1045-1051	heilen	_	_	_	
9-26	1052-1058	vermag	_	_	_	
9-27	1058-1059	,	_	_	_	
9-28	1060-1067	ſondern	_	_	_	
9-29	1068-1072	auch	_	_	_	
9-30	1072-1073	,	_	_	_	
9-31	1074-1078	weil	_	_	_	
9-32	1079-1081	es	_	_	_	
9-33	1082-1084	zu	_	_	_	
9-34	1085-1091	vielen	_	_	_	
9-35	1092-1103	Galeniſchen	_	_	_	
9-36	1104-1107	com	_	_	_	
9-37	1107-1108	-	_	_	_	
9-38	1109-1119	poſitionen	_	_	_	
9-39	1120-1128	genommen	_	_	_	
9-40	1129-1133	wird	_	_	_	
9-41	1133-1134	.	_	_	_	

#Text=Auch laſſen wir von eben denenſelben
#Text=Orten Lavendel-Majoran-Thy-
#Text=mian-Salbey- und andere Oele von
#Text=aromatiſchen Kraͤutern bringen.
10-1	1138-1142	Auch	_	_	_	
10-2	1143-1149	laſſen	_	_	_	
10-3	1150-1153	wir	_	_	_	
10-4	1154-1157	von	_	_	_	
10-5	1158-1162	eben	_	_	_	
10-6	1163-1174	denenſelben	_	_	_	
10-7	1175-1180	Orten	_	_	_	
10-8	1181-1201	Lavendel-Majoran-Thy	_	_	_	
10-9	1201-1202	-	_	_	_	
10-10	1203-1214	mian-Salbey	_	_	_	
10-11	1214-1215	-	_	_	_	
10-12	1216-1219	und	_	_	_	
10-13	1220-1226	andere	_	_	_	
10-14	1227-1231	Oele	_	_	_	
10-15	1232-1235	von	_	_	_	
10-16	1236-1248	aromatiſchen	_	_	_	
10-17	1249-1258	Kraͤutern	_	_	_	
10-18	1259-1266	bringen	_	_	_	
10-19	1266-1267	.	_	_	_	
