#FORMAT=WebAnno TSV 3.3


#Text=Het oogenblik, door beide echtgenooten met hijgend verlangen te gemoet gezien,
#Text=was eindelijk aangebroken.
1-1	2-5	Het	
1-2	6-15	oogenblik	
1-3	15-16	,	
1-4	17-21	door	
1-5	22-27	beide	
1-6	28-40	echtgenooten	
1-7	41-44	met	
1-8	45-52	hijgend	
1-9	53-62	verlangen	
1-10	63-65	te	
1-11	66-72	gemoet	
1-12	73-79	gezien	
1-13	79-80	,	
1-14	81-84	was	
1-15	85-94	eindelijk	
1-16	95-106	aangebroken	
1-17	106-107	.	

#Text=Adèle had haren echtgenoot een' zoon geschonken.
2-1	108-113	Adèle	
2-2	114-117	had	
2-3	118-123	haren	
2-4	124-134	echtgenoot	
2-5	135-138	een	
2-6	138-139	'	
2-7	140-144	zoon	
2-8	145-155	geschonken	
2-9	155-156	.	

#Text=Adriaan Hendrik van der Hoeve, Menschenwaan en Christendom (2 delen)
#Text=
#Text=
#Text=\f187
#Text=
#Text=Een zoon!.....
3-1	160-167	Adriaan	
3-2	168-175	Hendrik	
3-3	176-179	van	
3-4	180-183	der	
3-5	184-189	Hoeve	
3-6	189-190	,	
3-7	191-203	Menschenwaan	
3-8	204-206	en	
3-9	207-218	Christendom	
3-10	219-220	(	
3-11	220-221	2	
3-12	222-227	delen	
3-13	227-228	)	
3-14	232-235	187	
3-15	237-240	Een	
3-16	241-245	zoon	
3-17	245-246	!	
3-18	246-247	.	
3-19	247-248	.	
3-20	248-249	.	
3-21	249-250	.	
3-22	250-251	.	

#Text=De vader had den eersten kreet gehoord, waarmede de jonggeborene
#Text=het leven intrad, en nu werd het hem zoo eng om het hart.
4-1	252-254	De	
4-2	255-260	vader	
4-3	261-264	had	
4-4	265-268	den	
4-5	269-276	eersten	
4-6	277-282	kreet	
4-7	283-290	gehoord	
4-8	290-291	,	
4-9	292-300	waarmede	
4-10	301-303	de	
4-11	304-316	jonggeborene	
4-12	317-320	het	
4-13	321-326	leven	
4-14	327-333	intrad	
4-15	333-334	,	
4-16	335-337	en	
4-17	338-340	nu	
4-18	341-345	werd	
4-19	346-349	het	
4-20	350-353	hem	
4-21	354-357	zoo	
4-22	358-361	eng	
4-23	362-364	om	
4-24	365-368	het	
4-25	369-373	hart	
4-26	373-374	.	

#Text=Hij moest alleen zijn.
5-1	375-378	Hij	
5-2	379-384	moest	
5-3	385-391	alleen	
5-4	392-396	zijn	
5-5	396-397	.	

#Text=Vreugdetranen bevochtigden toen zijne wangen, en met den uitroep:
#Text=‘wat nameloos
#Text=geluk!
6-1	399-412	Vreugdetranen	
6-2	413-425	bevochtigden	
6-3	426-430	toen	
6-4	431-436	zijne	
6-5	437-443	wangen	
6-6	443-444	,	
6-7	445-447	en	
6-8	448-451	met	
6-9	452-455	den	
6-10	456-463	uitroep	
6-11	463-464	:	
6-12	465-466	‘	
6-13	466-469	wat	
6-14	470-478	nameloos	
6-15	479-484	geluk	
6-16	484-485	!	

#Text=’ gaf hij aan zijn' geprangden boezem lucht.
#Text=‘
#Text=God!
7-1	486-487	’	
7-2	488-491	gaf	
7-3	492-495	hij	
7-4	496-499	aan	
7-5	500-504	zijn	
7-6	504-505	'	
7-7	506-516	geprangden	
7-8	517-523	boezem	
7-9	524-529	lucht	
7-10	529-530	.	
7-11	531-532	‘	
7-12	533-536	God	
7-13	536-537	!	

#Text=ik dank U!
8-1	538-540	ik	
8-2	541-545	dank	
8-3	546-547	U	
8-4	547-548	!	

#Text=’ kwam toen
#Text=over zijne lippen;
#Text=maar 't was alsof hij voor zichzelven schrikte, toen hij het korte
#Text=dankgebed had uitgesproken.
9-1	549-550	’	
9-2	551-555	kwam	
9-3	556-560	toen	
9-4	561-565	over	
9-5	566-571	zijne	
9-6	572-578	lippen	
9-7	578-579	;	
9-8	580-584	maar	
9-9	585-586	'	
9-10	586-587	t	
9-11	588-591	was	
9-12	592-597	alsof	
9-13	598-601	hij	
9-14	602-606	voor	
9-15	607-617	zichzelven	
9-16	618-626	schrikte	
9-17	626-627	,	
9-18	628-632	toen	
9-19	633-636	hij	
9-20	637-640	het	
9-21	641-646	korte	
9-22	647-656	dankgebed	
9-23	657-660	had	
9-24	661-673	uitgesproken	
9-25	673-674	.	

#Text=Sedert lang had hij aan God niet gedacht, en nu kwam
#Text=hem plotseling en onwillekeurig die gedachte voor den geest.
10-1	675-681	Sedert	
10-2	682-686	lang	
10-3	687-690	had	
10-4	691-694	hij	
10-5	695-698	aan	
10-6	699-702	God	
10-7	703-707	niet	
10-8	708-715	gedacht	
10-9	715-716	,	
10-10	717-719	en	
10-11	720-722	nu	
10-12	723-727	kwam	
10-13	728-731	hem	
10-14	732-742	plotseling	
10-15	743-745	en	
10-16	746-759	onwillekeurig	
10-17	760-763	die	
10-18	764-772	gedachte	
10-19	773-777	voor	
10-20	778-781	den	
10-21	782-787	geest	
10-22	787-788	.	

#Text=Hij wilde haar
#Text=vasthouden, maar de moed ontzonk hem.
11-1	789-792	Hij	
11-2	793-798	wilde	
11-3	799-803	haar	
11-4	804-814	vasthouden	
11-5	814-815	,	
11-6	816-820	maar	
11-7	821-823	de	
11-8	824-828	moed	
11-9	829-836	ontzonk	
11-10	837-840	hem	
11-11	840-841	.	

#Text=Een pijnlijk gevoel werd door die gedachte
#Text=bij hem opgewekt.
12-1	842-845	Een	
12-2	846-854	pijnlijk	
12-3	855-861	gevoel	
12-4	862-866	werd	
12-5	867-871	door	
12-6	872-875	die	
12-7	876-884	gedachte	
12-8	885-888	bij	
12-9	889-892	hem	
12-10	893-901	opgewekt	
12-11	901-902	.	

#Text=‘Was ik gelukkiger,’ vroeg hij zich zelv' af, ‘toen het geloof aan
#Text=God nog zonder eenige bedenking vast bij mij stond?
13-1	903-904	‘	
13-2	904-907	Was	
13-3	908-910	ik	
13-4	911-921	gelukkiger	
13-5	921-922	,	
13-6	922-923	’	
13-7	924-929	vroeg	
13-8	930-933	hij	
13-9	934-938	zich	
13-10	939-943	zelv	
13-11	943-944	'	
13-12	945-947	af	
13-13	947-948	,	
13-14	949-950	‘	
13-15	950-954	toen	
13-16	955-958	het	
13-17	959-965	geloof	
13-18	966-969	aan	
13-19	970-973	God	
13-20	974-977	nog	
13-21	978-984	zonder	
13-22	985-991	eenige	
13-23	992-1001	bedenking	
13-24	1002-1006	vast	
13-25	1007-1010	bij	
13-26	1011-1014	mij	
13-27	1015-1020	stond	
13-28	1020-1021	?	
