#FORMAT=WebAnno TSV 3.3
#T_SP=custom.Span|label


#Text=2.
1-1	3-4	2	_	
1-2	4-5	.	_	

#Text=Jhre Auſſaat.
2-1	6-10	Jhre	_	
2-2	11-18	Auſſaat	_	
2-3	18-19	.	_	

#Text=Das VII.
3-1	24-27	Das	_	
3-2	28-31	VII	_	
3-3	31-32	.	_	

#Text=Cap.
4-1	33-36	Cap	_	
4-2	36-37	.	_	

#Text=Zehen Blumen-kuͤnſte.
#Text=
#Text=
#Text=
#Text=1.
5-1	38-43	Zehen	_	
5-2	44-58	Blumen-kuͤnſte	_	
5-3	58-59	.	_	
5-4	63-64	1	_	
5-5	64-65	.	_	

#Text=An den Blumen die farbe zu verendern.
#Text=
#Text=
#Text=
#Text=2.
6-1	66-68	An	_	
6-2	69-72	den	_	
6-3	73-79	Blumen	_	
6-4	80-83	die	_	
6-5	84-89	farbe	_	
6-6	90-92	zu	_	
6-7	93-102	verendern	_	
6-8	102-103	.	_	
6-9	107-108	2	_	
6-10	108-109	.	_	

#Text=An den Blumen den geruch zu veren-
#Text=
#Text=dern.
#Text=
#Text=
#Text=
#Text=3.
7-1	110-112	An	_	
7-2	113-116	den	_	
7-3	117-123	Blumen	Smell\_Source	
7-4	124-127	den	_	
7-5	128-134	geruch	Smell\_Word	
7-6	135-137	zu	_	
7-7	138-143	veren	_	
7-8	143-144	-	_	
7-9	146-150	dern	_	
7-10	150-151	.	_	
7-11	155-156	3	_	
7-12	156-157	.	_	

#Text=Einfache Blumen in gefuͤlte
#Text=zu ver-
#Text=wandeln.
#Text=
#Text=
#Text=
#Text=4.
8-1	158-166	Einfache	_	
8-2	167-173	Blumen	_	
8-3	174-176	in	_	
8-4	177-185	gefuͤlte	_	
8-5	186-188	zu	_	
8-6	189-192	ver	_	
8-7	192-193	-	_	
8-8	194-201	wandeln	_	
8-9	201-202	.	_	
8-10	206-207	4	_	
8-11	207-208	.	_	

#Text=Doppelte Blumen zu zielen.
#Text=
#Text=
#Text=5.
9-1	209-217	Doppelte	_	
9-2	218-224	Blumen	_	
9-3	225-227	zu	_	
9-4	228-234	zielen	_	
9-5	234-235	.	_	
9-6	238-239	5	_	
9-7	239-240	.	_	

#Text=An den Blumen die zeit der bluͤht zu
#Text=verendern.
#Text=
#Text=
#Text=
#Text=6.
10-1	241-243	An	_	
10-2	244-247	den	_	
10-3	248-254	Blumen	_	
10-4	255-258	die	_	
10-5	259-263	zeit	_	
10-6	264-267	der	_	
10-7	268-274	bluͤht	_	
10-8	275-277	zu	_	
10-9	278-287	verendern	_	
10-10	287-288	.	_	
10-11	292-293	6	_	
10-12	293-294	.	_	

#Text=Blumen lang verwahren im feuchten
#Text=Wege.
#Text=
#Text=
#Text=7.
11-1	295-301	Blumen	_	
11-2	302-306	lang	_	
11-3	307-316	verwahren	_	
11-4	317-319	im	_	
11-5	320-328	feuchten	_	
11-6	329-333	Wege	_	
11-7	333-334	.	_	
11-8	337-338	7	_	
11-9	338-339	.	_	

#Text=Blumen lang verwahren im trucknen
#Text=Wege.
12-1	340-346	Blumen	_	
12-2	347-351	lang	_	
12-3	352-361	verwahren	_	
12-4	362-364	im	_	
12-5	365-373	trucknen	_	
12-6	374-378	Wege	_	
12-7	378-379	.	_	
