#FORMAT=WebAnno TSV 3.3


#Text=Obseruatum porro eft, multos e regno, vegetabili depromtos et fermentando aptos cibos, fructus horaeos, vinum, cereuisiam, faepiffimne solito prius in corruptionein abiiffe, quum mulieres tempore periodi menstruae rebus illis fele valde appropinquauerint, quod nullo modo explicari potest, nisi per mutatam perspirationis naturam indeque ortam vim, fermentationem adiuuantem.
1-1	2-12	Obseruatum	
1-2	13-18	porro	
1-3	19-22	eft	
1-4	22-23	,	
1-5	24-30	multos	
1-6	31-32	e	
1-7	33-38	regno	
1-8	38-39	,	
1-9	40-50	vegetabili	
1-10	51-60	depromtos	
1-11	61-63	et	
1-12	64-75	fermentando	
1-13	76-81	aptos	
1-14	82-87	cibos	
1-15	87-88	,	
1-16	89-96	fructus	
1-17	97-104	horaeos	
1-18	104-105	,	
1-19	106-111	vinum	
1-20	111-112	,	
1-21	113-123	cereuisiam	
1-22	123-124	,	
1-23	125-136	faepiffimne	
1-24	137-143	solito	
1-25	144-149	prius	
1-26	150-152	in	
1-27	153-166	corruptionein	
1-28	167-174	abiiffe	
1-29	174-175	,	
1-30	176-180	quum	
1-31	181-189	mulieres	
1-32	190-197	tempore	
1-33	198-205	periodi	
1-34	206-215	menstruae	
1-35	216-221	rebus	
1-36	222-227	illis	
1-37	228-232	fele	
1-38	233-238	valde	
1-39	239-256	appropinquauerint	
1-40	256-257	,	
1-41	258-262	quod	
1-42	263-268	nullo	
1-43	269-273	modo	
1-44	274-283	explicari	
1-45	284-290	potest	
1-46	290-291	,	
1-47	292-296	nisi	
1-48	297-300	per	
1-49	301-308	mutatam	
1-50	309-323	perspirationis	
1-51	324-331	naturam	
1-52	332-339	indeque	
1-53	340-345	ortam	
1-54	346-349	vim	
1-55	349-350	,	
1-56	351-365	fermentationem	
1-57	366-376	adiuuantem	
1-58	376-377	.	

#Text=Haec forsan incommoda, quae cum mensibus incedere folent, et eo grauiora funt, quo aestuosius clima est, MOYSEN comniouille credo, vt mulieres, dum menses paterentur, pro inmundis habendas et ab omnium consortio arcendas iuberet %), quam legem etiam noftris teinporibus apud gentes quasdam barbaras valere, testantur peregrinatores.
#Text=ci
#Text=
#Text=s!
2-1	378-382	Haec	
2-2	383-389	forsan	
2-3	390-399	incommoda	
2-4	399-400	,	
2-5	401-405	quae	
2-6	406-409	cum	
2-7	410-418	mensibus	
2-8	419-427	incedere	
2-9	428-434	folent	
2-10	434-435	,	
2-11	436-438	et	
2-12	439-441	eo	
2-13	442-450	grauiora	
2-14	451-455	funt	
2-15	455-456	,	
2-16	457-460	quo	
2-17	461-471	aestuosius	
2-18	472-477	clima	
2-19	478-481	est	
2-20	481-482	,	
2-21	483-489	MOYSEN	
2-22	490-501	comniouille	
2-23	502-507	credo	
2-24	507-508	,	
2-25	509-511	vt	
2-26	512-520	mulieres	
2-27	520-521	,	
2-28	522-525	dum	
2-29	526-532	menses	
2-30	533-543	paterentur	
2-31	543-544	,	
2-32	545-548	pro	
2-33	549-557	inmundis	
2-34	558-566	habendas	
2-35	567-569	et	
2-36	570-572	ab	
2-37	573-579	omnium	
2-38	580-589	consortio	
2-39	590-598	arcendas	
2-40	599-606	iuberet	
2-41	607-608	%	
2-42	608-609	)	
2-43	609-610	,	
2-44	611-615	quam	
2-45	616-621	legem	
2-46	622-627	etiam	
2-47	628-635	noftris	
2-48	636-647	teinporibus	
2-49	648-652	apud	
2-50	653-659	gentes	
2-51	660-667	quasdam	
2-52	668-676	barbaras	
2-53	677-683	valere	
2-54	683-684	,	
2-55	685-694	testantur	
2-56	695-709	peregrinatores	
2-57	709-710	.	
2-58	711-713	ci	
2-59	715-716	s	
2-60	716-717	!	

#Text=$.
3-1	718-719	$	
3-2	719-720	.	

#Text=XI.
4-1	721-723	XI	
4-2	723-724	.	

#Text=Nec non ab ingeftis faepiffime mutatur perspirationis natura atque odor.
5-1	725-728	Nec	
5-2	729-732	non	
5-3	733-735	ab	
5-4	736-744	ingeftis	
5-5	745-755	faepiffime	
5-6	756-763	mutatur	
5-7	764-778	perspirationis	
5-8	779-785	natura	
5-9	786-791	atque	
5-10	792-796	odor	
5-11	796-797	.	

#Text=Multa enim alimenta partibus gaudent olentibus, quae quidem ope chyli sanguini adeniscentur, fed ex illorursus per varia emunctoria excernuntur.
6-1	798-803	Multa	
6-2	804-808	enim	
6-3	809-817	alimenta	
6-4	818-826	partibus	
6-5	827-834	gaudent	
6-6	835-844	olentibus	
6-7	844-845	,	
6-8	846-850	quae	
6-9	851-857	quidem	
6-10	858-861	ope	
6-11	862-867	chyli	
6-12	868-876	sanguini	
6-13	877-889	adeniscentur	
6-14	889-890	,	
6-15	891-894	fed	
6-16	895-897	ex	
6-17	898-908	illorursus	
6-18	909-912	per	
6-19	913-918	varia	
6-20	919-929	emunctoria	
6-21	930-941	excernuntur	
6-22	941-942	.	

#Text=Sic ex abusu victus aniinalis a) sudor foetidus, ex nimio acidorum vsu b) sudor acidulus obseruatus est.
7-1	943-946	Sic	
7-2	947-949	ex	
7-3	950-955	abusu	
7-4	956-962	victus	
7-5	963-972	aniinalis	
7-6	973-974	a	
7-7	974-975	)	
7-8	976-981	sudor	
7-9	982-990	foetidus	
7-10	990-991	,	
7-11	992-994	ex	
7-12	995-1000	nimio	
7-13	1001-1009	acidorum	
7-14	1010-1013	vsu	
7-15	1014-1015	b	
7-16	1015-1016	)	
7-17	1017-1022	sudor	
7-18	1023-1031	acidulus	
7-19	1032-1042	obseruatus	
7-20	1043-1046	est	
7-21	1046-1047	.	

#Text=Olent cminus, qui adipe çetaceo vescuntur.
8-1	1048-1053	Olent	
8-2	1054-1060	cminus	
8-3	1060-1061	,	
8-4	1062-1065	qui	
8-5	1066-1071	adipe	
8-6	1072-1079	çetaceo	
8-7	1080-1089	vescuntur	
8-8	1089-1090	.	

#Text=Abysu ficuuin pro cibo ordinario sudorem foetentem ortum legimus bb).
9-1	1091-1096	Abysu	
9-2	1097-1104	ficuuin	
9-3	1105-1108	pro	
9-4	1109-1113	cibo	
9-5	1114-1123	ordinario	
9-6	1124-1131	sudorem	
9-7	1132-1141	foetentem	
9-8	1142-1147	ortum	
9-9	1148-1155	legimus	
9-10	1156-1158	bb	
9-11	1158-1159	)	
9-12	1159-1160	.	

#Text=Aromatum odores
#Text=
#Text=per 2) Levitic.
#Text=cap.
#Text=15.
#Text=versu 196-29 a) MARHERR lib. cit.
#Text=pag. 700.
10-1	1161-1169	Aromatum	
10-2	1170-1176	odores	
10-3	1178-1181	per	
10-4	1182-1183	2	
10-5	1183-1184	)	
10-6	1185-1192	Levitic	
10-7	1192-1193	.	
10-8	1194-1197	cap	
10-9	1197-1198	.	
10-10	1199-1201	15	
10-11	1201-1202	.	
10-12	1203-1208	versu	
10-13	1209-1212	196	
10-14	1212-1213	-	
10-15	1213-1215	29	
10-16	1216-1217	a	
10-17	1217-1218	)	
10-18	1219-1226	MARHERR	
10-19	1227-1230	lib	
10-20	1230-1231	.	
10-21	1232-1235	cit	
10-22	1235-1236	.	
10-23	1237-1240	pag	
10-24	1240-1241	.	
10-25	1242-1245	700	
10-26	1245-1246	.	

#Text=HALLER prim. lin.
#Text=5.
#Text=643. b) MARHERR loc.
#Text=cit.
11-1	1247-1253	HALLER	
11-2	1254-1258	prim	
11-3	1258-1259	.	
11-4	1260-1263	lin	
11-5	1263-1264	.	
11-6	1265-1266	5	
11-7	1266-1267	.	
11-8	1268-1271	643	
11-9	1271-1272	.	
11-10	1273-1274	b	
11-11	1274-1275	)	
11-12	1276-1283	MARHERR	
11-13	1284-1287	loc	
11-14	1287-1288	.	
11-15	1289-1292	cit	
11-16	1292-1293	.	

#Text=HALLER elem.
12-1	1294-1300	HALLER	
12-2	1301-1305	elem	
12-3	1305-1306	.	
