#FORMAT=WebAnno TSV 3.3


#Text=Cardinali Antonio dono ad {porcata.
1-1	2-11	Cardinali	
1-2	12-19	Antonio	
1-3	20-24	dono	
1-4	25-27	ad	
1-5	28-29	{	
1-6	29-36	porcata	
1-7	36-37	.	

#Text=Huic duo infunt inter anum & vuluam.., çastaneae & figurae & ma
#Text=
#Text=gnitudinis , cubercula, (tetes , aur glandulas dixeris, nihil moror) quae inuicem adhaerefcunt, &introrsum -recedentia latent.
#Text=ea vego
#Text=
#Text=paso
#Text=
#Text=
#Text=
#Text=:
#Text=
#Text=
#Text=
#Text=
#Text=
#Text=lor varius.
#Text=parte; qua vuluam &anum percingunt, digitis apprehensa, ac: leuiter pressas promptè foris egtuberanczibethica & explicantur, pilis nudata.
2-1	38-42	Huic	
2-2	43-46	duo	
2-3	47-53	infunt	
2-4	54-59	inter	
2-5	60-64	anum	
2-6	65-66	&	
2-7	67-73	vuluam	
2-8	73-74	.	
2-9	74-75	.	
2-10	75-76	,	
2-11	77-86	çastaneae	
2-12	87-88	&	
2-13	89-96	figurae	
2-14	97-98	&	
2-15	99-101	ma	
2-16	103-113	gnitudinis	
2-17	114-115	,	
2-18	116-125	cubercula	
2-19	125-126	,	
2-20	127-128	(	
2-21	128-133	tetes	
2-22	134-135	,	
2-23	136-139	aur	
2-24	140-149	glandulas	
2-25	150-157	dixeris	
2-26	157-158	,	
2-27	159-164	nihil	
2-28	165-170	moror	
2-29	170-171	)	
2-30	172-176	quae	
2-31	177-184	inuicem	
2-32	185-197	adhaerefcunt	
2-33	197-198	,	
2-34	199-200	&	
2-35	200-209	introrsum	
2-36	210-211	-	
2-37	211-221	recedentia	
2-38	222-228	latent	
2-39	228-229	.	
2-40	230-232	ea	
2-41	233-237	vego	
2-42	239-243	paso	
2-43	247-248	:	
2-44	254-257	lor	
2-45	258-264	varius	
2-46	264-265	.	
2-47	266-271	parte	
2-48	271-272	;	
2-49	273-276	qua	
2-50	277-283	vuluam	
2-51	284-285	&	
2-52	285-289	anum	
2-53	290-300	percingunt	
2-54	300-301	,	
2-55	302-309	digitis	
2-56	310-320	apprehensa	
2-57	320-321	,	
2-58	322-324	ac	
2-59	324-325	:	
2-60	326-333	leuiter	
2-61	334-341	pressas	
2-62	342-349	promptè	
2-63	350-355	foris	
2-64	356-375	egtuberanczibethica	
2-65	376-377	&	
2-66	378-389	explicantur	
2-67	389-390	,	
2-68	391-396	pilis	
2-69	397-403	nudata	
2-70	403-404	.	

#Text=Mox fubalbum crassiufcuia lum ac pinguem: exudant humorem, in nigrum iam iam vergencem acutiffimum illum quidem, & na res:( nistomnino obaefas; & zibethi og mucosas) grauiter infuauiterque ferientem.
3-1	405-408	Mox	
3-2	409-417	fubalbum	
3-3	418-430	crassiufcuia	
3-4	431-434	lum	
3-5	435-437	ac	
3-6	438-445	pinguem	
3-7	445-446	:	
3-8	447-454	exudant	
3-9	455-462	humorem	
3-10	462-463	,	
3-11	464-466	in	
3-12	467-473	nigrum	
3-13	474-477	iam	
3-14	478-481	iam	
3-15	482-491	vergencem	
3-16	492-503	acutiffimum	
3-17	504-509	illum	
3-18	510-516	quidem	
3-19	516-517	,	
3-20	518-519	&	
3-21	520-522	na	
3-22	523-526	res	
3-23	526-527	:	
3-24	527-528	(	
3-25	529-539	nistomnino	
3-26	540-547	obaefas	
3-27	547-548	;	
3-28	549-550	&	
3-29	551-558	zibethi	
3-30	559-561	og	
3-31	562-569	mucosas	
3-32	569-570	)	
3-33	571-579	grauiter	
3-34	580-593	infuauiterque	
3-35	594-603	ferientem	
3-36	603-604	.	

#Text=Mihi laa nè, qui odoratu fagaciflimo (vitio ne dicam,an beneficio, incertus ).præditus fum omnino insuauis eft, grauis, acutieque molestus: fricauris verò acque identi
#Text=
#Text=
#Text=
#Text=dor varius.
#Text=dem refricatus processu té poris fuauiter olet.
4-1	605-609	Mihi	
4-2	610-613	laa	
4-3	614-616	nè	
4-4	616-617	,	
4-5	618-621	qui	
4-6	622-629	odoratu	
4-7	630-641	fagaciflimo	
4-8	642-643	(	
4-9	643-648	vitio	
4-10	649-651	ne	
4-11	652-657	dicam	
4-12	657-658	,	
4-13	658-660	an	
4-14	661-670	beneficio	
4-15	670-671	,	
4-16	672-680	incertus	
4-17	681-682	)	
4-18	682-683	.	
4-19	683-691	præditus	
4-20	692-695	fum	
4-21	696-702	omnino	
4-22	703-711	insuauis	
4-23	712-715	eft	
4-24	715-716	,	
4-25	717-723	grauis	
4-26	723-724	,	
4-27	725-734	acutieque	
4-28	735-743	molestus	
4-29	743-744	:	
4-30	745-754	fricauris	
4-31	755-759	verò	
4-32	760-765	acque	
4-33	766-772	identi	
4-34	776-779	dor	
4-35	780-786	varius	
4-36	786-787	.	
4-37	788-791	dem	
4-38	792-802	refricatus	
4-39	803-811	processu	
4-40	812-814	té	
4-41	815-820	poris	
4-42	821-829	fuauiter	
4-43	830-834	olet	
4-44	834-835	.	

#Text=Sane manus , quam nudius tertius illitam, ipfisque tefti bus humoro madidis affri catam, grauiter odoratus fui, suauiter nunc olet.
5-1	836-840	Sane	
5-2	841-846	manus	
5-3	847-848	,	
5-4	849-853	quam	
5-5	854-860	nudius	
5-6	861-868	tertius	
5-7	869-876	illitam	
5-8	876-877	,	
5-9	878-886	ipfisque	
5-10	887-892	tefti	
5-11	893-896	bus	
5-12	897-903	humoro	
5-13	904-911	madidis	
5-14	912-917	affri	
5-15	918-923	catam	
5-16	923-924	,	
5-17	925-933	grauiter	
5-18	934-942	odoratus	
5-19	943-946	fui	
5-20	946-947	,	
5-21	948-956	suauiter	
5-22	957-961	nunc	
5-23	962-966	olet	
5-24	966-967	.	

#Text=Er go verè sunt que in posterum diem melius alent, vt eft apud Theophrastum - Ceterùm Fallunt , inquies , nos oculi,
#Text=
#Text=vagique fenfus, Oppreffa ratione , mentiuntar.
6-1	968-970	Er	
6-2	971-973	go	
6-3	974-978	verè	
6-4	979-983	sunt	
6-5	984-987	que	
6-6	988-990	in	
6-7	991-999	posterum	
6-8	1000-1004	diem	
6-9	1005-1011	melius	
6-10	1012-1017	alent	
6-11	1017-1018	,	
6-12	1019-1021	vt	
6-13	1022-1025	eft	
6-14	1026-1030	apud	
6-15	1031-1043	Theophrastum	
6-16	1044-1045	-	
6-17	1046-1053	Ceterùm	
6-18	1054-1061	Fallunt	
6-19	1062-1063	,	
6-20	1064-1071	inquies	
6-21	1072-1073	,	
6-22	1074-1077	nos	
6-23	1078-1083	oculi	
6-24	1083-1084	,	
6-25	1086-1093	vagique	
6-26	1094-1100	fenfus	
6-27	1100-1101	,	
6-28	1102-1110	Oppreffa	
6-29	1111-1118	ratione	
6-30	1119-1120	,	
6-31	1121-1131	mentiuntar	
6-32	1131-1132	.	

#Text=Fallunt mehercule & mena tiuntur, non inficior: Nam turris prope, quae quas
#Text=
#Text=drata furgit, Attritis procul angulis rotan
#Text=
#Text=
#Text=
#Text=Petronius
#Text=
#Text=Arbit,
#Text=
#Text=
#Text=
#Text=
#Text=
#Text=atque odorarus anger maleolencibus nion:faftidie, El marcem captam frequenter Petronius.
#Text=odit ciupe At nullus dabiro, quin fa no olfactus zibęchum itaw prorfus nędolçác .
7-1	1133-1140	Fallunt	
7-2	1141-1150	mehercule	
7-3	1151-1152	&	
7-4	1153-1157	mena	
7-5	1158-1165	tiuntur	
7-6	1165-1166	,	
7-7	1167-1170	non	
7-8	1171-1179	inficior	
7-9	1179-1180	:	
7-10	1181-1184	Nam	
7-11	1185-1191	turris	
7-12	1192-1197	prope	
7-13	1197-1198	,	
7-14	1199-1203	quae	
7-15	1204-1208	quas	
7-16	1210-1215	drata	
7-17	1216-1222	furgit	
7-18	1222-1223	,	
7-19	1224-1232	Attritis	
7-20	1233-1239	procul	
7-21	1240-1247	angulis	
7-22	1248-1253	rotan	
7-23	1257-1266	Petronius	
7-24	1268-1273	Arbit	
7-25	1273-1274	,	
7-26	1280-1285	atque	
7-27	1286-1294	odorarus	
7-28	1295-1300	anger	
7-29	1301-1314	maleolencibus	
7-30	1315-1319	nion	
7-31	1319-1320	:	
7-32	1320-1328	faftidie	
7-33	1328-1329	,	
7-34	1330-1332	El	
7-35	1333-1339	marcem	
7-36	1340-1346	captam	
7-37	1347-1357	frequenter	
7-38	1358-1367	Petronius	
7-39	1367-1368	.	
7-40	1369-1373	odit	
7-41	1374-1379	ciupe	
7-42	1380-1382	At	
7-43	1383-1389	nullus	
7-44	1390-1396	dabiro	
7-45	1396-1397	,	
7-46	1398-1402	quin	
7-47	1403-1405	fa	
7-48	1406-1408	no	
7-49	1409-1417	olfactus	
7-50	1418-1426	zibęchum	
7-51	1427-1431	itaw	
7-52	1432-1439	prorfus	
7-53	1440-1448	nędolçác	
7-54	1449-1450	.	

#Text=Neque verò putes; quod vulgo e maibus persuasúeft, hunc Zibethum , humorem animal ira ini- modo fluat.
#Text=cenfum exudare: (liceriratum vberius:exudec ) nam, -sponte is, in teftibus tuge feens, plerunque manat.
#Text=ipfe quidem vidi , ab humoris acrimonia , vellicará felem affridare humo teftes, eximiumqueyrfibi tamen sejidatumoleftum,abittep
#Text=
#Text=
#Text=
#Text=
#Text=
#Text=gere zibechum
#Text=
#Text=Narrauit etiam mihi tum is , qui eam felem curat, tum alius , qui alteras quinque ex OrienteRomam.
#Text=asportauir, sibique tum eorum vnicuique pecuniam foluenti facta videndi copia; tum emuncto e testibus zibccho.victum multos
#Text=
#Text=iam menfes Romae quae quéteszi.
#Text=bethi feles.
#Text=rit: retulit , inquam , vter
#Text=
#Text=que animal;nisi certis qui.bufdá ac definicis diebus e - teftibus abradarur humor, nates exercosque ipfos teftes, citilladte fenfum humoris acrimonia, septis listgueis, in quibus conclufum
#Text=
#Text=eft,
#Text=
#Text=
#Text=
#Text=Romae fre.
#Text=xaminatur. )
#Text=est; affricare, eaque copiofo inficere zibetho.
#Text=quod quidem collectum, liceradmistis tenuiflimis pilis ma gis vergat ad nigrum , eadem tamen odoris insuauitate,acutiéque vix ferendaw nares:ferit ac vellicar.
8-1	1451-1456	Neque	
8-2	1457-1461	verò	
8-3	1462-1467	putes	
8-4	1467-1468	;	
8-5	1469-1473	quod	
8-6	1474-1479	vulgo	
8-7	1480-1481	e	
8-8	1482-1488	maibus	
8-9	1489-1500	persuasúeft	
8-10	1500-1501	,	
8-11	1502-1506	hunc	
8-12	1507-1515	Zibethum	
8-13	1516-1517	,	
8-14	1518-1525	humorem	
8-15	1526-1532	animal	
8-16	1533-1536	ira	
8-17	1537-1540	ini	
8-18	1540-1541	-	
8-19	1542-1546	modo	
8-20	1547-1552	fluat	
8-21	1552-1553	.	
8-22	1554-1560	cenfum	
8-23	1561-1568	exudare	
8-24	1568-1569	:	
8-25	1570-1571	(	
8-26	1571-1582	liceriratum	
8-27	1583-1590	vberius	
8-28	1590-1591	:	
8-29	1591-1597	exudec	
8-30	1598-1599	)	
8-31	1600-1603	nam	
8-32	1603-1604	,	
8-33	1605-1606	-	
8-34	1606-1612	sponte	
8-35	1613-1615	is	
8-36	1615-1616	,	
8-37	1617-1619	in	
8-38	1620-1628	teftibus	
8-39	1629-1633	tuge	
8-40	1634-1639	feens	
8-41	1639-1640	,	
8-42	1641-1650	plerunque	
8-43	1651-1656	manat	
8-44	1656-1657	.	
8-45	1658-1662	ipfe	
8-46	1663-1669	quidem	
8-47	1670-1674	vidi	
8-48	1675-1676	,	
8-49	1677-1679	ab	
8-50	1680-1687	humoris	
8-51	1688-1697	acrimonia	
8-52	1698-1699	,	
8-53	1700-1709	vellicará	
8-54	1710-1715	felem	
8-55	1716-1725	affridare	
8-56	1726-1730	humo	
8-57	1731-1737	teftes	
8-58	1737-1738	,	
8-59	1739-1755	eximiumqueyrfibi	
8-60	1756-1761	tamen	
8-61	1762-1778	sejidatumoleftum	
8-62	1778-1779	,	
8-63	1779-1786	abittep	
8-64	1792-1796	gere	
8-65	1797-1805	zibechum	
8-66	1807-1815	Narrauit	
8-67	1816-1821	etiam	
8-68	1822-1826	mihi	
8-69	1827-1830	tum	
8-70	1831-1833	is	
8-71	1834-1835	,	
8-72	1836-1839	qui	
8-73	1840-1843	eam	
8-74	1844-1849	felem	
8-75	1850-1855	curat	
8-76	1855-1856	,	
8-77	1857-1860	tum	
8-78	1861-1866	alius	
8-79	1867-1868	,	
8-80	1869-1872	qui	
8-81	1873-1880	alteras	
8-82	1881-1888	quinque	
8-83	1889-1891	ex	
8-84	1892-1904	OrienteRomam	
8-85	1904-1905	.	
8-86	1906-1916	asportauir	
8-87	1916-1917	,	
8-88	1918-1925	sibique	
8-89	1926-1929	tum	
8-90	1930-1935	eorum	
8-91	1936-1945	vnicuique	
8-92	1946-1954	pecuniam	
8-93	1955-1963	foluenti	
8-94	1964-1969	facta	
8-95	1970-1977	videndi	
8-96	1978-1983	copia	
8-97	1983-1984	;	
8-98	1985-1988	tum	
8-99	1989-1996	emuncto	
8-100	1997-1998	e	
8-101	1999-2007	testibus	
8-102	2008-2022	zibccho.victum	
8-103	2023-2029	multos	
8-104	2031-2034	iam	
8-105	2035-2041	menfes	
8-106	2042-2047	Romae	
8-107	2048-2052	quae	
8-108	2053-2061	quéteszi	
8-109	2061-2062	.	
8-110	2063-2068	bethi	
8-111	2069-2074	feles	
8-112	2074-2075	.	
8-113	2076-2079	rit	
8-114	2079-2080	:	
8-115	2081-2088	retulit	
8-116	2089-2090	,	
8-117	2091-2097	inquam	
8-118	2098-2099	,	
8-119	2100-2104	vter	
8-120	2106-2109	que	
8-121	2110-2116	animal	
8-122	2116-2117	;	
8-123	2117-2121	nisi	
8-124	2122-2128	certis	
8-125	2129-2138	qui.bufdá	
8-126	2139-2141	ac	
8-127	2142-2151	definicis	
8-128	2152-2158	diebus	
8-129	2159-2160	e	
8-130	2161-2162	-	
8-131	2163-2171	teftibus	
8-132	2172-2181	abradarur	
8-133	2182-2187	humor	
8-134	2187-2188	,	
8-135	2189-2194	nates	
8-136	2195-2205	exercosque	
8-137	2206-2211	ipfos	
8-138	2212-2218	teftes	
8-139	2218-2219	,	
8-140	2220-2230	citilladte	
8-141	2231-2237	fenfum	
8-142	2238-2245	humoris	
8-143	2246-2255	acrimonia	
8-144	2255-2256	,	
8-145	2257-2263	septis	
8-146	2264-2273	listgueis	
8-147	2273-2274	,	
8-148	2275-2277	in	
8-149	2278-2284	quibus	
8-150	2285-2294	conclufum	
8-151	2296-2299	eft	
8-152	2299-2300	,	
8-153	2304-2309	Romae	
8-154	2310-2313	fre	
8-155	2313-2314	.	
8-156	2315-2324	xaminatur	
8-157	2324-2325	.	
8-158	2326-2327	)	
8-159	2328-2331	est	
8-160	2331-2332	;	
8-161	2333-2342	affricare	
8-162	2342-2343	,	
8-163	2344-2349	eaque	
8-164	2350-2357	copiofo	
8-165	2358-2366	inficere	
8-166	2367-2374	zibetho	
8-167	2374-2375	.	
8-168	2376-2380	quod	
8-169	2381-2387	quidem	
8-170	2388-2397	collectum	
8-171	2397-2398	,	
8-172	2399-2412	liceradmistis	
8-173	2413-2424	tenuiflimis	
8-174	2425-2430	pilis	
8-175	2431-2433	ma	
8-176	2434-2437	gis	
8-177	2438-2444	vergat	
8-178	2445-2447	ad	
8-179	2448-2454	nigrum	
8-180	2455-2456	,	
8-181	2457-2462	eadem	
8-182	2463-2468	tamen	
8-183	2469-2475	odoris	
8-184	2476-2487	insuauitate	
8-185	2487-2488	,	
8-186	2488-2497	acutiéque	
8-187	2498-2501	vix	
8-188	2502-2510	ferendaw	
8-189	2511-2516	nares	
8-190	2516-2517	:	
8-191	2517-2522	ferit	
8-192	2523-2525	ac	
8-193	2526-2534	vellicar	
8-194	2534-2535	.	
