#FORMAT=WebAnno TSV 3.3
#T_SP=custom.Span|label
#T_RL=custom.Relation|label|BT_custom.Span


#Text=L 2\f
#Text=[84/0100
#Text=]
#Text=
#Text=
#Text=Das Erſte Buch/
#Text=
#Text=
#Text=kerbt/ und in der Mitte mit einer rothen
#Text=Rippe durchzogen ſind/ ſonſten bleiben ſie
#Text=
#Text=auch immer gruͤn.
1-1	5-6	L	_	_	_	
1-2	7-8	2	_	_	_	
1-3	10-11	[	_	_	_	
1-4	11-13	84	_	_	_	
1-5	13-14	/	_	_	_	
1-6	14-18	0100	_	_	_	
1-7	19-20	]	_	_	_	
1-8	23-26	Das	_	_	_	
1-9	27-32	Erſte	_	_	_	
1-10	33-37	Buch	_	_	_	
1-11	37-38	/	_	_	_	
1-12	41-46	kerbt	_	_	_	
1-13	46-47	/	_	_	_	
1-14	48-51	und	_	_	_	
1-15	52-54	in	_	_	_	
1-16	55-58	der	_	_	_	
1-17	59-64	Mitte	_	_	_	
1-18	65-68	mit	_	_	_	
1-19	69-74	einer	_	_	_	
1-20	75-81	rothen	_	_	_	
1-21	82-87	Rippe	_	_	_	
1-22	88-98	durchzogen	_	_	_	
1-23	99-103	ſind	_	_	_	
1-24	103-104	/	_	_	_	
1-25	105-112	ſonſten	_	_	_	
1-26	113-120	bleiben	_	_	_	
1-27	121-124	ſie	_	_	_	
1-28	126-130	auch	_	_	_	
1-29	131-136	immer	_	_	_	
1-30	137-142	gruͤn	_	_	_	
1-31	142-143	.	_	_	_	

#Text=Die Rinde am Stam̃
#Text=iſt roͤthlicht/ ſcharff und ſchupicht.
2-1	144-147	Die	_	_	_	
2-2	148-153	Rinde	_	_	_	
2-3	154-156	am	_	_	_	
2-4	157-162	Stam̃	_	_	_	
2-5	163-166	iſt	_	_	_	
2-6	167-177	roͤthlicht	_	_	_	
2-7	177-178	/	_	_	_	
2-8	179-186	ſcharff	_	_	_	
2-9	187-190	und	_	_	_	
2-10	191-200	ſchupicht	_	_	_	
2-11	200-201	.	_	_	_	

#Text=Die
#Text=Aeſte ſo darauß entſprieſſen/ ſind etwas roͤ-
#Text=
#Text=ther und glaͤtter.
3-1	202-205	Die	_	_	_	
3-2	206-211	Aeſte	_	_	_	
3-3	212-214	ſo	_	_	_	
3-4	215-221	darauß	_	_	_	
3-5	222-234	entſprieſſen	_	_	_	
3-6	234-235	/	_	_	_	
3-7	236-240	ſind	_	_	_	
3-8	241-246	etwas	_	_	_	
3-9	247-250	roͤ	_	_	_	
3-10	250-251	-	_	_	_	
3-11	253-257	ther	_	_	_	
3-12	258-261	und	_	_	_	
3-13	262-270	glaͤtter	_	_	_	
3-14	270-271	.	_	_	_	

#Text=Jm Hew-und
#Text=Augſt-
#Text=monat erſcheinen die weiſſen kleinen/ holen/
#Text=
#Text=wohlriechenden Blumen/ faſt anzuſehen/
#Text=
#Text=wie die ſchoͤnen Maͤyen-bluͤmlein/ (Lilii
#Text=Convallii) hangen Trauben-weiß aneinan-
#Text=der.
4-1	272-274	Jm	Time[1]	_	_	
4-2	275-282	Hew-und	Time[1]	_	_	
4-3	283-288	Augſt	Time[1]	_	_	
4-4	288-289	-	Time[1]	_	_	
4-5	290-295	monat	Time[1]	_	_	
4-6	296-306	erſcheinen	_	_	_	
4-7	307-310	die	_	_	_	
4-8	311-318	weiſſen	_	_	_	
4-9	319-326	kleinen	_	_	_	
4-10	326-327	/	_	_	_	
4-11	328-333	holen	_	_	_	
4-12	333-334	/	_	_	_	
4-13	336-350	wohlriechenden	Smell\_Word[2]|Quality[3]	*|*|*	4-13[3_2]|4-14[0_2]|4-1[1_2]	
4-14	351-357	Blumen	Smell\_Source	_	_	
4-15	357-358	/	_	_	_	
4-16	359-363	faſt	_	_	_	
4-17	364-373	anzuſehen	_	_	_	
4-18	373-374	/	_	_	_	
4-19	376-379	wie	_	_	_	
4-20	380-383	die	_	_	_	
4-21	384-392	ſchoͤnen	_	_	_	
4-22	393-409	Maͤyen-bluͤmlein	_	_	_	
4-23	409-410	/	_	_	_	
4-24	411-412	(	_	_	_	
4-25	412-417	Lilii	_	_	_	
4-26	418-427	Convallii	_	_	_	
4-27	427-428	)	_	_	_	
4-28	429-435	hangen	_	_	_	
4-29	436-448	Trauben-weiß	_	_	_	
4-30	449-456	aneinan	_	_	_	
4-31	456-457	-	_	_	_	
4-32	458-461	der	_	_	_	
4-33	461-462	.	_	_	_	

#Text=Nach Verfallung dieſer Blumen fol-
#Text=gen die runden Fruͤchte/ faſt in der Groͤſſe
#Text=der Storaͤpffeln/ die ſind erſtlich gruͤn/
#Text=
#Text=darnach gelb/ und ſo ſie die rechte Zeitigung
#Text=
#Text=erꝛeichen/ gewinnen ſie eine rothe Farb/
#Text=ſind
#Text=am Angriff etwas rauch/ und uneben wie
#Text=die Erdbeeren;
#Text=haben kleine Kernlein in ſich/
#Text=
#Text=dem Geſchmack nach ſind ſie ſuͤß/ und et-
#Text=was herb oder ſtreng: den Amſeln und Gra-
#Text=mat-voͤglen ein ſehr angenehme Speiß/ de-
#Text=rohalben brauchen ſie die Vogel-ſteller zu
#Text=ihren Globen und Netzen/ fangen damit
#Text=im Winter viel Voͤgel/ denn zu der Zeit iſt
#Text=dieſe Frucht zeitig;
#Text=Mit den Blaͤtteren ha-
#Text=ben die Gerber zu thun.
5-1	463-467	Nach	_	_	_	
5-2	468-478	Verfallung	_	_	_	
5-3	479-485	dieſer	_	_	_	
5-4	486-492	Blumen	_	_	_	
5-5	493-496	fol	_	_	_	
5-6	496-497	-	_	_	_	
5-7	498-501	gen	_	_	_	
5-8	502-505	die	_	_	_	
5-9	506-512	runden	_	_	_	
5-10	513-521	Fruͤchte	_	_	_	
5-11	521-522	/	_	_	_	
5-12	523-527	faſt	_	_	_	
5-13	528-530	in	_	_	_	
5-14	531-534	der	_	_	_	
5-15	535-542	Groͤſſe	_	_	_	
5-16	543-546	der	_	_	_	
5-17	547-559	Storaͤpffeln	_	_	_	
5-18	559-560	/	_	_	_	
5-19	561-564	die	_	_	_	
5-20	565-569	ſind	_	_	_	
5-21	570-578	erſtlich	_	_	_	
5-22	579-584	gruͤn	_	_	_	
5-23	584-585	/	_	_	_	
5-24	587-594	darnach	_	_	_	
5-25	595-599	gelb	_	_	_	
5-26	599-600	/	_	_	_	
5-27	601-604	und	_	_	_	
5-28	605-607	ſo	_	_	_	
5-29	608-611	ſie	_	_	_	
5-30	612-615	die	_	_	_	
5-31	616-622	rechte	_	_	_	
5-32	623-632	Zeitigung	_	_	_	
5-33	634-643	erꝛeichen	_	_	_	
5-34	643-644	/	_	_	_	
5-35	645-653	gewinnen	_	_	_	
5-36	654-657	ſie	_	_	_	
5-37	658-662	eine	_	_	_	
5-38	663-668	rothe	_	_	_	
5-39	669-673	Farb	_	_	_	
5-40	673-674	/	_	_	_	
5-41	675-679	ſind	_	_	_	
5-42	680-682	am	_	_	_	
5-43	683-690	Angriff	_	_	_	
5-44	691-696	etwas	_	_	_	
5-45	697-702	rauch	_	_	_	
5-46	702-703	/	_	_	_	
5-47	704-707	und	_	_	_	
5-48	708-714	uneben	_	_	_	
5-49	715-718	wie	_	_	_	
5-50	719-722	die	_	_	_	
5-51	723-732	Erdbeeren	_	_	_	
5-52	732-733	;	_	_	_	
5-53	734-739	haben	_	_	_	
5-54	740-746	kleine	_	_	_	
5-55	747-755	Kernlein	_	_	_	
5-56	756-758	in	_	_	_	
5-57	759-763	ſich	_	_	_	
5-58	763-764	/	_	_	_	
5-59	766-769	dem	_	_	_	
5-60	770-779	Geſchmack	_	_	_	
5-61	780-784	nach	_	_	_	
5-62	785-789	ſind	_	_	_	
5-63	790-793	ſie	_	_	_	
5-64	794-798	ſuͤß	_	_	_	
5-65	798-799	/	_	_	_	
5-66	800-803	und	_	_	_	
5-67	804-806	et	_	_	_	
5-68	806-807	-	_	_	_	
5-69	808-811	was	_	_	_	
5-70	812-816	herb	_	_	_	
5-71	817-821	oder	_	_	_	
5-72	822-828	ſtreng	_	_	_	
5-73	828-829	:	_	_	_	
5-74	830-833	den	_	_	_	
5-75	834-840	Amſeln	_	_	_	
5-76	841-844	und	_	_	_	
5-77	845-848	Gra	_	_	_	
5-78	848-849	-	_	_	_	
5-79	850-861	mat-voͤglen	_	_	_	
5-80	862-865	ein	_	_	_	
5-81	866-870	ſehr	_	_	_	
5-82	871-880	angenehme	_	_	_	
5-83	881-886	Speiß	_	_	_	
5-84	886-887	/	_	_	_	
5-85	888-890	de	_	_	_	
5-86	890-891	-	_	_	_	
5-87	892-900	rohalben	_	_	_	
5-88	901-909	brauchen	_	_	_	
5-89	910-913	ſie	_	_	_	
5-90	914-917	die	_	_	_	
5-91	918-931	Vogel-ſteller	_	_	_	
5-92	932-934	zu	_	_	_	
5-93	935-940	ihren	_	_	_	
5-94	941-947	Globen	_	_	_	
5-95	948-951	und	_	_	_	
5-96	952-958	Netzen	_	_	_	
5-97	958-959	/	_	_	_	
5-98	960-966	fangen	_	_	_	
5-99	967-972	damit	_	_	_	
5-100	973-975	im	_	_	_	
5-101	976-982	Winter	_	_	_	
5-102	983-987	viel	_	_	_	
5-103	988-994	Voͤgel	_	_	_	
5-104	994-995	/	_	_	_	
5-105	996-1000	denn	_	_	_	
5-106	1001-1003	zu	_	_	_	
5-107	1004-1007	der	_	_	_	
5-108	1008-1012	Zeit	_	_	_	
5-109	1013-1016	iſt	_	_	_	
5-110	1017-1022	dieſe	_	_	_	
5-111	1023-1029	Frucht	_	_	_	
5-112	1030-1036	zeitig	_	_	_	
5-113	1036-1037	;	_	_	_	
5-114	1038-1041	Mit	_	_	_	
5-115	1042-1045	den	_	_	_	
5-116	1046-1056	Blaͤtteren	_	_	_	
5-117	1057-1059	ha	_	_	_	
5-118	1059-1060	-	_	_	_	
5-119	1061-1064	ben	_	_	_	
5-120	1065-1068	die	_	_	_	
5-121	1069-1075	Gerber	_	_	_	
5-122	1076-1078	zu	_	_	_	
5-123	1079-1083	thun	_	_	_	
5-124	1083-1084	.	_	_	_	

#Text=Dieſen Baum
6-1	1085-1091	Dieſen	_	_	_	
6-2	1092-1096	Baum	_	_	_	
