#FORMAT=WebAnno TSV 3.3


#Text=+
#Text=
#Text=+
#Text=
#Text=
#Text=
#Text=Maer leer-nut best ist 's morgens vroegh, als stil
#Text=Door Slaep
#Text=gherust noch zijn de sinnen vredig,
#Text=End'
#Text='t dagh-gewoel die niet beroert onstedigh,
#Text=Door Arbeydt, Ampt, oft Kommer veel te saem:
#Text=
#Text=
#Text=Dus segt men recht, den Morgenstont seer zedig
#Text=
#Text=Elck leerlingh is goet-jonstigh end' bequaem.
#Text=
#Text=15.
1-1	0-1	+	
1-2	3-4	+	
1-3	8-12	Maer	
1-4	13-21	leer-nut	
1-5	22-26	best	
1-6	27-30	ist	
1-7	31-32	'	
1-8	32-33	s	
1-9	34-41	morgens	
1-10	42-48	vroegh	
1-11	48-49	,	
1-12	50-53	als	
1-13	54-58	stil	
1-14	59-63	Door	
1-15	64-69	Slaep	
1-16	70-77	gherust	
1-17	78-82	noch	
1-18	83-87	zijn	
1-19	88-90	de	
1-20	91-97	sinnen	
1-21	98-104	vredig	
1-22	104-105	,	
1-23	106-109	End	
1-24	109-110	'	
1-25	111-112	'	
1-26	112-113	t	
1-27	114-125	dagh-gewoel	
1-28	126-129	die	
1-29	130-134	niet	
1-30	135-142	beroert	
1-31	143-152	onstedigh	
1-32	152-153	,	
1-33	154-158	Door	
1-34	159-166	Arbeydt	
1-35	166-167	,	
1-36	168-172	Ampt	
1-37	172-173	,	
1-38	174-177	oft	
1-39	178-184	Kommer	
1-40	185-189	veel	
1-41	190-192	te	
1-42	193-197	saem	
1-43	197-198	:	
1-44	201-204	Dus	
1-45	205-209	segt	
1-46	210-213	men	
1-47	214-219	recht	
1-48	219-220	,	
1-49	221-224	den	
1-50	225-236	Morgenstont	
1-51	237-241	seer	
1-52	242-247	zedig	
1-53	249-253	Elck	
1-54	254-263	leerlingh	
1-55	264-266	is	
1-56	267-280	goet-jonstigh	
1-57	281-284	end	
1-58	284-285	'	
1-59	286-293	bequaem	
1-60	293-294	.	
1-61	296-298	15	
1-62	298-299	.	

#Text=Maer tijt en lust vervliegt onnut wel licht,
#Text=Als 't lichaem swac, door sieckt is staeg vol lijden:
#Text=
#Text=
#Text=Dus noodigh ist, dat 't Klaerst gheschapen licht
#Text=
#Text=
#Text=Hier
#Text='t werc voldoet, soo 't doet in omloops rijden.
2-1	300-304	Maer	
2-2	305-309	tijt	
2-3	310-312	en	
2-4	313-317	lust	
2-5	318-327	vervliegt	
2-6	328-333	onnut	
2-7	334-337	wel	
2-8	338-343	licht	
2-9	343-344	,	
2-10	345-348	Als	
2-11	349-350	'	
2-12	350-351	t	
2-13	352-359	lichaem	
2-14	360-364	swac	
2-15	364-365	,	
2-16	366-370	door	
2-17	371-377	sieckt	
2-18	378-380	is	
2-19	381-386	staeg	
2-20	387-390	vol	
2-21	391-397	lijden	
2-22	397-398	:	
2-23	401-404	Dus	
2-24	405-412	noodigh	
2-25	413-416	ist	
2-26	416-417	,	
2-27	418-421	dat	
2-28	422-423	'	
2-29	423-424	t	
2-30	425-432	Klaerst	
2-31	433-443	gheschapen	
2-32	444-449	licht	
2-33	452-456	Hier	
2-34	457-458	'	
2-35	458-459	t	
2-36	460-464	werc	
2-37	465-472	voldoet	
2-38	472-473	,	
2-39	474-477	soo	
2-40	478-479	'	
2-41	479-480	t	
2-42	481-485	doet	
2-43	486-488	in	
2-44	489-496	omloops	
2-45	497-503	rijden	
2-46	503-504	.	

#Text=End' vruchtbaer' Warmt' te geven in goed' tijden
#Text=
#Text=Op 't groen Ghewas, dat dies kan worden nut,
#Text=
#Text=Om voeden 't Lijf, end' zijn tot elcks verblijden,
#Text=Voor pijne, smert' end' sieckt een goet beschut.
#Text=
#Text=16.
3-1	506-509	End	
3-2	509-510	'	
3-3	511-521	vruchtbaer	
3-4	521-522	'	
3-5	523-528	Warmt	
3-6	528-529	'	
3-7	530-532	te	
3-8	533-538	geven	
3-9	539-541	in	
3-10	542-546	goed	
3-11	546-547	'	
3-12	548-554	tijden	
3-13	556-558	Op	
3-14	559-560	'	
3-15	560-561	t	
3-16	562-567	groen	
3-17	568-574	Ghewas	
3-18	574-575	,	
3-19	576-579	dat	
3-20	580-584	dies	
3-21	585-588	kan	
3-22	589-595	worden	
3-23	596-599	nut	
3-24	599-600	,	
3-25	602-604	Om	
3-26	605-611	voeden	
3-27	612-613	'	
3-28	613-614	t	
3-29	615-619	Lijf	
3-30	619-620	,	
3-31	621-624	end	
3-32	624-625	'	
3-33	626-630	zijn	
3-34	631-634	tot	
3-35	635-640	elcks	
3-36	641-651	verblijden	
3-37	651-652	,	
3-38	653-657	Voor	
3-39	658-663	pijne	
3-40	663-664	,	
3-41	665-670	smert	
3-42	670-671	'	
3-43	672-675	end	
3-44	675-676	'	
3-45	677-683	sieckt	
3-46	684-687	een	
3-47	688-692	goet	
3-48	693-700	beschut	
3-49	700-701	.	
3-50	703-705	16	
3-51	705-706	.	
