#FORMAT=WebAnno TSV 3.3


#Text=Desgelyks
#Text=de
#Text=
#Text=
#Text=ontbooden, werdt met de zelve woorden van de Heeren Staaten gepreezen, 
#Text=bedankt, en Godts zeegen toegewenscht.
1-1	2-11	Desgelyks	
1-2	12-14	de	
1-3	17-26	ontbooden	
1-4	26-27	,	
1-5	28-33	werdt	
1-6	34-37	met	
1-7	38-40	de	
1-8	41-46	zelve	
1-9	47-54	woorden	
1-10	55-58	van	
1-11	59-61	de	
1-12	62-68	Heeren	
1-13	69-76	Staaten	
1-14	77-86	gepreezen	
1-15	86-87	,	
1-16	89-96	bedankt	
1-17	96-97	,	
1-18	98-100	en	
1-19	101-106	Godts	
1-20	107-113	zeegen	
1-21	114-126	toegewenscht	
1-22	126-127	.	

#Text=Weinig tydts te vooren, op den
#Text=
#Text=
#Text=Schoutbynacht
#Text=Pieter Floriszoon.
2-1	128-134	Weinig	
2-2	135-140	tydts	
2-3	141-143	te	
2-4	144-150	vooren	
2-5	150-151	,	
2-6	152-154	op	
2-7	155-158	den	
2-8	161-174	Schoutbynacht	
2-9	175-181	Pieter	
2-10	182-192	Floriszoon	
2-11	192-193	.	

#Text=veertienden Maart, bevochten de Hollanders, onder 't beleidt van den Kommandeur 
#Text=Jan van Gaalen, op de kust van Toskaanen, voor Livorno, een treffelyke zeege 
#Text=tegens d'Engelsche oorlogsmaght, onder den Kommandeur Appleton: hier in 't 
#Text=voorbygaan te melden.
3-1	197-208	veertienden	
3-2	209-214	Maart	
3-3	214-215	,	
3-4	216-225	bevochten	
3-5	226-228	de	
3-6	229-239	Hollanders	
3-7	239-240	,	
3-8	241-246	onder	
3-9	247-248	'	
3-10	248-249	t	
3-11	250-257	beleidt	
3-12	258-261	van	
3-13	262-265	den	
3-14	266-276	Kommandeur	
3-15	278-281	Jan	
3-16	282-285	van	
3-17	286-292	Gaalen	
3-18	292-293	,	
3-19	294-296	op	
3-20	297-299	de	
3-21	300-304	kust	
3-22	305-308	van	
3-23	309-318	Toskaanen	
3-24	318-319	,	
3-25	320-324	voor	
3-26	325-332	Livorno	
3-27	332-333	,	
3-28	334-337	een	
3-29	338-348	treffelyke	
3-30	349-354	zeege	
3-31	356-362	tegens	
3-32	363-374	d'Engelsche	
3-33	375-387	oorlogsmaght	
3-34	387-388	,	
3-35	389-394	onder	
3-36	395-398	den	
3-37	399-409	Kommandeur	
3-38	410-418	Appleton	
3-39	418-419	:	
3-40	420-424	hier	
3-41	425-427	in	
3-42	428-429	'	
3-43	429-430	t	
3-44	432-442	voorbygaan	
3-45	443-445	te	
3-46	446-452	melden	
3-47	452-453	.	

#Text=Zes Engelsche scheepen met een brander, die hy eenigen 
#Text=tydt in de haven van Livorno hadt bezet +gehouden, quaamen op hem af, toen van 
#Text=buiten noch acht scheepen en een brander tot hunne hulpe genaakten.
4-1	454-457	Zes	
4-2	458-467	Engelsche	
4-3	468-476	scheepen	
4-4	477-480	met	
4-5	481-484	een	
4-6	485-492	brander	
4-7	492-493	,	
4-8	494-497	die	
4-9	498-500	hy	
4-10	501-508	eenigen	
4-11	510-514	tydt	
4-12	515-517	in	
4-13	518-520	de	
4-14	521-526	haven	
4-15	527-530	van	
4-16	531-538	Livorno	
4-17	539-543	hadt	
4-18	544-549	bezet	
4-19	550-551	+	
4-20	551-559	gehouden	
4-21	559-560	,	
4-22	561-568	quaamen	
4-23	569-571	op	
4-24	572-575	hem	
4-25	576-578	af	
4-26	578-579	,	
4-27	580-584	toen	
4-28	585-588	van	
4-29	590-596	buiten	
4-30	597-601	noch	
4-31	602-606	acht	
4-32	607-615	scheepen	
4-33	616-618	en	
4-34	619-622	een	
4-35	623-630	brander	
4-36	631-634	tot	
4-37	635-640	hunne	
4-38	641-646	hulpe	
4-39	647-656	genaakten	
4-40	656-657	.	

#Text=De strydt
#Text=
#Text=
#Text=
#Text=
#Text=
#Text=
#Text=+
#Text=Jan van Gaalens
#Text=
#Text=
#Text=was kort en scherp.
5-1	658-660	De	
5-2	661-667	strydt	
5-3	674-675	+	
5-4	676-679	Jan	
5-5	680-683	van	
5-6	684-691	Gaalens	
5-7	694-697	was	
5-8	698-702	kort	
5-9	703-705	en	
5-10	706-712	scherp	
5-11	712-713	.	

#Text=Van Gaalen trof in 't begin van 't gevecht een Engelsch schip,\toverwinning en doodt.
6-1	714-717	Van	
6-2	718-724	Gaalen	
6-3	725-729	trof	
6-4	730-732	in	
6-5	733-734	'	
6-6	734-735	t	
6-7	736-741	begin	
6-8	742-745	van	
6-9	746-747	'	
6-10	747-748	t	
6-11	749-756	gevecht	
6-12	757-760	een	
6-13	761-769	Engelsch	
6-14	770-775	schip	
6-15	775-776	,	
6-16	777-788	overwinning	
6-17	789-791	en	
6-18	792-797	doodt	
6-19	797-798	.	

#Text=Bonavontura, dat vierenveertig stukken voerde, zoodanig, dat het in brandt +raakte, 
#Text=en straks in de lucht vloog.
7-1	803-814	Bonavontura	
7-2	814-815	,	
7-3	816-819	dat	
7-4	820-833	vierenveertig	
7-5	834-841	stukken	
7-6	842-848	voerde	
7-7	848-849	,	
7-8	850-858	zoodanig	
7-9	858-859	,	
7-10	860-863	dat	
7-11	864-867	het	
7-12	868-870	in	
7-13	871-877	brandt	
7-14	878-879	+	
7-15	879-885	raakte	
7-16	885-886	,	
7-17	888-890	en	
7-18	891-897	straks	
7-19	898-900	in	
7-20	901-903	de	
7-21	904-909	lucht	
7-22	910-915	vloog	
7-23	915-916	.	

#Text=Voorts werdt het schip de Samson in den brandt, en
#Text='t schip de Levantsche Koopman in den grondt geschooten, als ook noch een 
#Text=brander, die op van Gaalen afquam.
8-1	917-923	Voorts	
8-2	924-929	werdt	
8-3	930-933	het	
8-4	934-939	schip	
8-5	940-942	de	
8-6	943-949	Samson	
8-7	950-952	in	
8-8	953-956	den	
8-9	957-963	brandt	
8-10	963-964	,	
8-11	965-967	en	
8-12	968-969	'	
8-13	969-970	t	
8-14	971-976	schip	
8-15	977-979	de	
8-16	980-990	Levantsche	
8-17	991-998	Koopman	
8-18	999-1001	in	
8-19	1002-1005	den	
8-20	1006-1012	grondt	
8-21	1013-1023	geschooten	
8-22	1023-1024	,	
8-23	1025-1028	als	
8-24	1029-1032	ook	
8-25	1033-1037	noch	
8-26	1038-1041	een	
8-27	1043-1050	brander	
8-28	1050-1051	,	
8-29	1052-1055	die	
8-30	1056-1058	op	
8-31	1059-1062	van	
8-32	1063-1069	Gaalen	
8-33	1070-1076	afquam	
8-34	1076-1077	.	

#Text=Het schip de Pelgrim werdt verovert:
#Text=ook het 
#Text=schip de Tyger, daar Appleton op ge-
#Text=
#Text=
#Text=
#Text=
#Text=+
#Text=Zie Aitzema XXXIII.
#Text=797.
9-1	1078-1081	Het	
9-2	1082-1087	schip	
9-3	1088-1090	de	
9-4	1091-1098	Pelgrim	
9-5	1099-1104	werdt	
9-6	1105-1113	verovert	
9-7	1113-1114	:	
9-8	1115-1118	ook	
9-9	1119-1122	het	
9-10	1124-1129	schip	
9-11	1130-1132	de	
9-12	1133-1138	Tyger	
9-13	1138-1139	,	
9-14	1140-1144	daar	
9-15	1145-1153	Appleton	
9-16	1154-1156	op	
9-17	1157-1159	ge	
9-18	1159-1160	-	
9-19	1165-1166	+	
9-20	1167-1170	Zie	
9-21	1171-1178	Aitzema	
9-22	1179-1185	XXXIII	
9-23	1185-1186	.	
9-24	1187-1190	797	
9-25	1190-1191	.	

#Text=boodt, +na dat hy zich manhaftig hadt geweert.
10-1	1199-1204	boodt	
10-2	1204-1205	,	
10-3	1206-1207	+	
10-4	1207-1209	na	
10-5	1210-1213	dat	
10-6	1214-1216	hy	
10-7	1217-1221	zich	
10-8	1222-1231	manhaftig	
10-9	1232-1236	hadt	
10-10	1237-1244	geweert	
10-11	1244-1245	.	

#Text=Het zeste Engelsch oorlogsschip, 
#Text=Maria genoemt, ontquamt 't met de vlucht.
11-1	1246-1249	Het	
11-2	1250-1255	zeste	
11-3	1256-1264	Engelsch	
11-4	1265-1277	oorlogsschip	
11-5	1277-1278	,	
11-6	1280-1285	Maria	
11-7	1286-1293	genoemt	
11-8	1293-1294	,	
11-9	1295-1303	ontquamt	
11-10	1304-1305	'	
11-11	1305-1306	t	
11-12	1307-1310	met	
11-13	1311-1313	de	
11-14	1314-1320	vlucht	
11-15	1320-1321	.	

#Text=Dit geschiedde onder d'oogen van 
#Text=den Engelschen Kommandeur Bodley, die, uit een haven, in dat gewest,
#Text=gekoomen, beloost hadt, Appleton en de zynen by te staan, en de Hollanders met 
#Text=hem aan te tasten:
12-1	1322-1325	Dit	
12-2	1326-1336	geschiedde	
12-3	1337-1342	onder	
12-4	1343-1350	d'oogen	
12-5	1351-1354	van	
12-6	1356-1359	den	
12-7	1360-1370	Engelschen	
12-8	1371-1381	Kommandeur	
12-9	1382-1388	Bodley	
12-10	1388-1389	,	
12-11	1390-1393	die	
12-12	1393-1394	,	
12-13	1395-1398	uit	
12-14	1399-1402	een	
12-15	1403-1408	haven	
12-16	1408-1409	,	
12-17	1410-1412	in	
12-18	1413-1416	dat	
12-19	1417-1423	gewest	
12-20	1423-1424	,	
12-21	1425-1433	gekoomen	
12-22	1433-1434	,	
12-23	1435-1442	beloost	
12-24	1443-1447	hadt	
12-25	1447-1448	,	
12-26	1449-1457	Appleton	
12-27	1458-1460	en	
12-28	1461-1463	de	
12-29	1464-1469	zynen	
12-30	1470-1472	by	
12-31	1473-1475	te	
12-32	1476-1481	staan	
12-33	1481-1482	,	
12-34	1483-1485	en	
12-35	1486-1488	de	
12-36	1489-1499	Hollanders	
12-37	1500-1503	met	
12-38	1505-1508	hem	
12-39	1509-1512	aan	
12-40	1513-1515	te	
12-41	1516-1522	tasten	
12-42	1522-1523	:	
