#FORMAT=WebAnno TSV 3.3
#T_SP=custom.Span|label
#T_RL=custom.Relation|label|BT_custom.Span


#Text=Das gelbe Wachs dienet zu vieler-
#Text=ley, zu Wachskertzen, duͤnnem Zug
#Text=und zu andern Sachen mehr.
1-1	2-5	Das	_	_	_	
1-2	6-11	gelbe	_	_	_	
1-3	12-17	Wachs	_	_	_	
1-4	18-24	dienet	_	_	_	
1-5	25-27	zu	_	_	_	
1-6	28-34	vieler	_	_	_	
1-7	34-35	-	_	_	_	
1-8	36-39	ley	_	_	_	
1-9	39-40	,	_	_	_	
1-10	41-43	zu	_	_	_	
1-11	44-56	Wachskertzen	_	_	_	
1-12	56-57	,	_	_	_	
1-13	58-65	duͤnnem	_	_	_	
1-14	66-69	Zug	_	_	_	
1-15	70-73	und	_	_	_	
1-16	74-76	zu	_	_	_	
1-17	77-83	andern	_	_	_	
1-18	84-90	Sachen	_	_	_	
1-19	91-95	mehr	_	_	_	
1-20	95-96	.	_	_	_	

#Text=Es wird
#Text=auch ſtarck zur Artzney gebraucht, denn
#Text=es den Pflaſtern und Salben ihre
#Text=gebuͤhrende Dicke giebet.
2-1	97-99	Es	_	_	_	
2-2	100-104	wird	_	_	_	
2-3	105-109	auch	_	_	_	
2-4	110-116	ſtarck	_	_	_	
2-5	117-120	zur	_	_	_	
2-6	121-128	Artzney	_	_	_	
2-7	129-138	gebraucht	_	_	_	
2-8	138-139	,	_	_	_	
2-9	140-144	denn	_	_	_	
2-10	145-147	es	_	_	_	
2-11	148-151	den	_	_	_	
2-12	152-161	Pflaſtern	_	_	_	
2-13	162-165	und	_	_	_	
2-14	166-172	Salben	_	_	_	
2-15	173-177	ihre	_	_	_	
2-16	178-189	gebuͤhrende	_	_	_	
2-17	190-195	Dicke	_	_	_	
2-18	196-202	giebet	_	_	_	
2-19	202-203	.	_	_	_	

#Text=Desgleichen
#Text=wird es von vielen Handwercksleuten
#Text=
#Text=zu allerhand Sachen,
#Text=dazu ſie es noͤthig
#Text=
#Text=haben, gebrauchet.
3-1	204-215	Desgleichen	_	_	_	
3-2	216-220	wird	_	_	_	
3-3	221-223	es	_	_	_	
3-4	224-227	von	_	_	_	
3-5	228-234	vielen	_	_	_	
3-6	235-251	Handwercksleuten	_	_	_	
3-7	253-255	zu	_	_	_	
3-8	256-265	allerhand	_	_	_	
3-9	266-272	Sachen	_	_	_	
3-10	272-273	,	_	_	_	
3-11	274-278	dazu	_	_	_	
3-12	279-282	ſie	_	_	_	
3-13	283-285	es	_	_	_	
3-14	286-293	noͤthig	_	_	_	
3-15	295-300	haben	_	_	_	
3-16	300-301	,	_	_	_	
3-17	302-312	gebrauchet	_	_	_	
3-18	312-313	.	_	_	_	

#Text=Nichtweniger wer-
#Text=den die Pergamente damit beſiegelt, auf
#Text=welchen Privilegia und Freyheiten,
#Text=oder andere dergleichen Dinge geſchrie-
#Text=ben ſtehen.
4-1	314-326	Nichtweniger	_	_	_	
4-2	327-330	wer	_	_	_	
4-3	330-331	-	_	_	_	
4-4	332-335	den	_	_	_	
4-5	336-339	die	_	_	_	
4-6	340-350	Pergamente	_	_	_	
4-7	351-356	damit	_	_	_	
4-8	357-366	beſiegelt	_	_	_	
4-9	366-367	,	_	_	_	
4-10	368-371	auf	_	_	_	
4-11	372-379	welchen	_	_	_	
4-12	380-390	Privilegia	_	_	_	
4-13	391-394	und	_	_	_	
4-14	395-405	Freyheiten	_	_	_	
4-15	405-406	,	_	_	_	
4-16	407-411	oder	_	_	_	
4-17	412-418	andere	_	_	_	
4-18	419-430	dergleichen	_	_	_	
4-19	431-436	Dinge	_	_	_	
4-20	437-445	geſchrie	_	_	_	
4-21	445-446	-	_	_	_	
4-22	447-450	ben	_	_	_	
4-23	451-457	ſtehen	_	_	_	
4-24	457-458	.	_	_	_	

#Text=Doch wollen etliche, das
#Text=gelbe Wachs ſchicke ſich durchaus nicht
#Text=zur Artzney.
5-1	459-463	Doch	_	_	_	
5-2	464-470	wollen	_	_	_	
5-3	471-478	etliche	_	_	_	
5-4	478-479	,	_	_	_	
5-5	480-483	das	_	_	_	
5-6	484-489	gelbe	_	_	_	
5-7	490-495	Wachs	_	_	_	
5-8	496-503	ſchicke	_	_	_	
5-9	504-508	ſich	_	_	_	
5-10	509-517	durchaus	_	_	_	
5-11	518-523	nicht	_	_	_	
5-12	524-527	zur	_	_	_	
5-13	528-535	Artzney	_	_	_	
5-14	535-536	.	_	_	_	

#Text=Aus dem gelben Wachs wird vermit-
#Text=telſt Erde, Bolus und andern derglei-
#Text=chen Dingen, die keinen Geſchmack ha-
#Text=ben, oder auch mit eichener Aſche, ein
#Text=weiſſes dickes Oel heruͤber getrieben,
#Text=
#Text=welches gantz und gar wie Butter ſie-
#Text=het, und deswegen auch den Namen
#Text=Wachsbutter bekommen hat: daſſel-
#Text=be aber muß weiß ſehen, und wie
#Text=Wachs riechen.
6-1	540-543	Aus	_	_	_	
6-2	544-547	dem	_	_	_	
6-3	548-554	gelben	_	_	_	
6-4	555-560	Wachs	_	_	_	
6-5	561-565	wird	_	_	_	
6-6	566-572	vermit	_	_	_	
6-7	572-573	-	_	_	_	
6-8	574-579	telſt	_	_	_	
6-9	580-584	Erde	_	_	_	
6-10	584-585	,	_	_	_	
6-11	586-591	Bolus	_	_	_	
6-12	592-595	und	_	_	_	
6-13	596-602	andern	_	_	_	
6-14	603-610	derglei	_	_	_	
6-15	610-611	-	_	_	_	
6-16	612-616	chen	_	_	_	
6-17	617-623	Dingen	_	_	_	
6-18	623-624	,	_	_	_	
6-19	625-628	die	_	_	_	
6-20	629-635	keinen	_	_	_	
6-21	636-645	Geſchmack	_	_	_	
6-22	646-648	ha	_	_	_	
6-23	648-649	-	_	_	_	
6-24	650-653	ben	_	_	_	
6-25	653-654	,	_	_	_	
6-26	655-659	oder	_	_	_	
6-27	660-664	auch	_	_	_	
6-28	665-668	mit	_	_	_	
6-29	669-677	eichener	_	_	_	
6-30	678-683	Aſche	_	_	_	
6-31	683-684	,	_	_	_	
6-32	685-688	ein	_	_	_	
6-33	689-696	weiſſes	_	_	_	
6-34	697-703	dickes	_	_	_	
6-35	704-707	Oel	_	_	_	
6-36	708-716	heruͤber	_	_	_	
6-37	717-726	getrieben	_	_	_	
6-38	726-727	,	_	_	_	
6-39	729-736	welches	_	_	_	
6-40	737-742	gantz	_	_	_	
6-41	743-746	und	_	_	_	
6-42	747-750	gar	_	_	_	
6-43	751-754	wie	_	_	_	
6-44	755-761	Butter	_	_	_	
6-45	762-765	ſie	_	_	_	
6-46	765-766	-	_	_	_	
6-47	767-770	het	_	_	_	
6-48	770-771	,	_	_	_	
6-49	772-775	und	_	_	_	
6-50	776-784	deswegen	_	_	_	
6-51	785-789	auch	_	_	_	
6-52	790-793	den	_	_	_	
6-53	794-799	Namen	_	_	_	
6-54	800-811	Wachsbutter	Smell\_Source	_	_	
6-55	812-820	bekommen	_	_	_	
6-56	821-824	hat	_	_	_	
6-57	824-825	:	_	_	_	
6-58	826-832	daſſel	_	_	_	
6-59	832-833	-	_	_	_	
6-60	834-836	be	_	_	_	
6-61	837-841	aber	_	_	_	
6-62	842-845	muß	_	_	_	
6-63	846-850	weiß	_	_	_	
6-64	851-856	ſehen	_	_	_	
6-65	856-857	,	_	_	_	
6-66	858-861	und	_	_	_	
6-67	862-865	wie	Evoked\_Odorant[1]	_	_	
6-68	866-871	Wachs	Evoked\_Odorant[1]	_	_	
6-69	872-879	riechen	Smell\_Word	*|*	6-54|6-67[1_0]	
6-70	879-880	.	_	_	_	

#Text=Aus dieſer Wachs-
#Text=
#Text=butter, wenn ſie mit geſtoſſenem Bo-
#Text=lus oder Kalch incorporiret worden iſt,
#Text=wird aus einer glaͤſernen Retorte, in
#Text=Sand geſtellt, ein klares und helles Oel,
#Text=wie Waſſer, gezogen, welches einen an-
#Text=genehmen Geruch hat.
7-1	881-884	Aus	_	_	_	
7-2	885-891	dieſer	_	_	_	
7-3	892-897	Wachs	_	_	_	
7-4	897-898	-	_	_	_	
7-5	900-906	butter	_	_	_	
7-6	906-907	,	_	_	_	
7-7	908-912	wenn	_	_	_	
7-8	913-916	ſie	_	_	_	
7-9	917-920	mit	_	_	_	
7-10	921-932	geſtoſſenem	_	_	_	
7-11	933-935	Bo	_	_	_	
7-12	935-936	-	_	_	_	
7-13	937-940	lus	_	_	_	
7-14	941-945	oder	_	_	_	
7-15	946-951	Kalch	_	_	_	
7-16	952-964	incorporiret	_	_	_	
7-17	965-971	worden	_	_	_	
7-18	972-975	iſt	_	_	_	
7-19	975-976	,	_	_	_	
7-20	977-981	wird	_	_	_	
7-21	982-985	aus	_	_	_	
7-22	986-991	einer	_	_	_	
7-23	992-1002	glaͤſernen	_	_	_	
7-24	1003-1010	Retorte	_	_	_	
7-25	1010-1011	,	_	_	_	
7-26	1012-1014	in	_	_	_	
7-27	1015-1019	Sand	_	_	_	
7-28	1020-1028	geſtellt	_	_	_	
7-29	1028-1029	,	_	_	_	
7-30	1030-1033	ein	Smell\_Source[2]	_	_	
7-31	1034-1040	klares	Smell\_Source[2]	_	_	
7-32	1041-1044	und	Smell\_Source[2]	_	_	
7-33	1045-1051	helles	Smell\_Source[2]	_	_	
7-34	1052-1055	Oel	Smell\_Source[2]	_	_	
7-35	1055-1056	,	_	_	_	
7-36	1057-1060	wie	_	_	_	
7-37	1061-1067	Waſſer	_	_	_	
7-38	1067-1068	,	_	_	_	
7-39	1069-1076	gezogen	_	_	_	
7-40	1076-1077	,	_	_	_	
7-41	1078-1085	welches	_	_	_	
7-42	1086-1091	einen	_	_	_	
7-43	1092-1094	an	Quality[3]	_	_	
7-44	1094-1095	-	Quality[3]	_	_	
7-45	1096-1104	genehmen	Quality[3]	_	_	
7-46	1105-1111	Geruch	Smell\_Word	*|*	7-30[2_0]|7-43[3_0]	
7-47	1112-1115	hat	_	_	_	
7-48	1115-1116	.	_	_	_	

#Text=Die Butter
#Text=und das Oel vom Wachſe ſollen gut zu
#Text=denen Froſtbeulen ſeyn, inſonderheit,
#Text=wenn ſie aufgeſprungen;
#Text=wie auch zu
#Text=andern dergleichen Kranckheiten mehr.
8-1	1117-1120	Die	_	_	_	
8-2	1121-1127	Butter	_	_	_	
8-3	1128-1131	und	_	_	_	
8-4	1132-1135	das	_	_	_	
8-5	1136-1139	Oel	_	_	_	
8-6	1140-1143	vom	_	_	_	
8-7	1144-1150	Wachſe	_	_	_	
8-8	1151-1157	ſollen	_	_	_	
8-9	1158-1161	gut	_	_	_	
8-10	1162-1164	zu	_	_	_	
8-11	1165-1170	denen	_	_	_	
8-12	1171-1182	Froſtbeulen	_	_	_	
8-13	1183-1187	ſeyn	_	_	_	
8-14	1187-1188	,	_	_	_	
8-15	1189-1201	inſonderheit	_	_	_	
8-16	1201-1202	,	_	_	_	
8-17	1203-1207	wenn	_	_	_	
8-18	1208-1211	ſie	_	_	_	
8-19	1212-1225	aufgeſprungen	_	_	_	
8-20	1225-1226	;	_	_	_	
8-21	1227-1230	wie	_	_	_	
8-22	1231-1235	auch	_	_	_	
8-23	1236-1238	zu	_	_	_	
8-24	1239-1245	andern	_	_	_	
8-25	1246-1257	dergleichen	_	_	_	
8-26	1258-1270	Kranckheiten	_	_	_	
8-27	1271-1275	mehr	_	_	_	
8-28	1275-1276	.	_	_	_	

#Text=Wachsoͤl
#Text=
#Text=oder Butter.
9-1	1280-1288	Wachsoͤl	_	_	_	
9-2	1290-1294	oder	_	_	_	
9-3	1295-1301	Butter	_	_	_	
9-4	1301-1302	.	_	_	_	

#Text=Was in dem leinenen Sacke, wenn
#Text=das Wachs ausgepreſſet worden, zu-
#Text=ruͤcke bleibt, und anders nichts als tode
#Text=Bienen und anderer Unflat iſt, das
#Text=brauchen die Schmiede ſehr ſtarck, und
#Text=wird von uns Marc des mouches, Bienen-
#Text=dreſter, genennet.
10-1	1304-1307	Was	_	_	_	
10-2	1308-1310	in	_	_	_	
10-3	1311-1314	dem	_	_	_	
10-4	1315-1323	leinenen	_	_	_	
10-5	1324-1329	Sacke	_	_	_	
10-6	1329-1330	,	_	_	_	
10-7	1331-1335	wenn	_	_	_	
10-8	1336-1339	das	_	_	_	
10-9	1340-1345	Wachs	_	_	_	
10-10	1346-1358	ausgepreſſet	_	_	_	
10-11	1359-1365	worden	_	_	_	
10-12	1365-1366	,	_	_	_	
10-13	1367-1369	zu	_	_	_	
10-14	1369-1370	-	_	_	_	
10-15	1371-1377	ruͤcke	_	_	_	
10-16	1378-1384	bleibt	_	_	_	
10-17	1384-1385	,	_	_	_	
10-18	1386-1389	und	_	_	_	
10-19	1390-1396	anders	_	_	_	
10-20	1397-1403	nichts	_	_	_	
10-21	1404-1407	als	_	_	_	
10-22	1408-1412	tode	_	_	_	
10-23	1413-1419	Bienen	_	_	_	
10-24	1420-1423	und	_	_	_	
10-25	1424-1431	anderer	_	_	_	
10-26	1432-1438	Unflat	_	_	_	
10-27	1439-1442	iſt	_	_	_	
10-28	1442-1443	,	_	_	_	
10-29	1444-1447	das	_	_	_	
10-30	1448-1456	brauchen	_	_	_	
10-31	1457-1460	die	_	_	_	
10-32	1461-1469	Schmiede	_	_	_	
10-33	1470-1474	ſehr	_	_	_	
10-34	1475-1481	ſtarck	_	_	_	
10-35	1481-1482	,	_	_	_	
10-36	1483-1486	und	_	_	_	
10-37	1487-1491	wird	_	_	_	
10-38	1492-1495	von	_	_	_	
10-39	1496-1499	uns	_	_	_	
10-40	1500-1504	Marc	_	_	_	
10-41	1505-1508	des	_	_	_	
10-42	1509-1516	mouches	_	_	_	
10-43	1516-1517	,	_	_	_	
10-44	1518-1524	Bienen	_	_	_	
10-45	1524-1525	-	_	_	_	
10-46	1526-1533	dreſter	_	_	_	
10-47	1533-1534	,	_	_	_	
10-48	1535-1543	genennet	_	_	_	
10-49	1543-1544	.	_	_	_	

#Text=Jn den Bienenſtoͤcken befindet
#Text=ſich auch noch eine Gattung rothes
#Text=Wachſes, welches von etlichen Jung-
#Text=feꝛnwachs, Propolis, Voꝛſtoß Stopf-
#Text=wachs/
11-1	1548-1550	Jn	_	_	_	
11-2	1551-1554	den	_	_	_	
11-3	1555-1569	Bienenſtoͤcken	_	_	_	
11-4	1570-1578	befindet	_	_	_	
11-5	1579-1583	ſich	_	_	_	
11-6	1584-1588	auch	_	_	_	
11-7	1589-1593	noch	_	_	_	
11-8	1594-1598	eine	_	_	_	
11-9	1599-1606	Gattung	_	_	_	
11-10	1607-1613	rothes	_	_	_	
11-11	1614-1621	Wachſes	_	_	_	
11-12	1621-1622	,	_	_	_	
11-13	1623-1630	welches	_	_	_	
11-14	1631-1634	von	_	_	_	
11-15	1635-1643	etlichen	_	_	_	
11-16	1644-1648	Jung	_	_	_	
11-17	1648-1649	-	_	_	_	
11-18	1650-1659	feꝛnwachs	_	_	_	
11-19	1659-1660	,	_	_	_	
11-20	1661-1669	Propolis	_	_	_	
11-21	1669-1670	,	_	_	_	
11-22	1671-1678	Voꝛſtoß	_	_	_	
11-23	1679-1684	Stopf	_	_	_	
11-24	1684-1685	-	_	_	_	
11-25	1686-1691	wachs	_	_	_	
11-26	1691-1692	/	_	_	_	
