#FORMAT=WebAnno TSV 3.3


#Text=, en heeft matig zout
#Text=.
1-1	2-3	,	
1-2	4-6	en	
1-3	7-12	heeft	
1-4	13-18	matig	
1-5	19-23	zout	
1-6	24-25	.	

#Text=Men gebruikt ze ook
#Text=niet, dan met andere mest gemengd; en zy moet in minder menigte zyn.
2-1	26-29	Men	
2-2	30-38	gebruikt	
2-3	39-41	ze	
2-4	42-45	ook	
2-5	46-50	niet	
2-6	50-51	,	
2-7	52-55	dan	
2-8	56-59	met	
2-9	60-66	andere	
2-10	67-71	mest	
2-11	72-79	gemengd	
2-12	79-80	;	
2-13	81-83	en	
2-14	84-86	zy	
2-15	87-91	moet	
2-16	92-94	in	
2-17	95-101	minder	
2-18	102-109	menigte	
2-19	110-113	zyn	
2-20	113-114	.	

#Text=VII.
3-1	116-119	VII	
3-2	119-120	.	

#Text=Mest van Waterdieren.
4-1	121-125	Mest	
4-2	126-129	van	
4-3	130-141	Waterdieren	
4-4	141-142	.	

#Text=Deze is nergens goed voor;
#Text=men ondervindt, dat zy
#Text=onvruchtbaar maakr.
5-1	143-147	Deze	
5-2	148-150	is	
5-3	151-158	nergens	
5-4	159-163	goed	
5-5	164-168	voor	
5-6	168-169	;	
5-7	170-173	men	
5-8	174-184	ondervindt	
5-9	184-185	,	
5-10	186-189	dat	
5-11	190-192	zy	
5-12	193-205	onvruchtbaar	
5-13	206-211	maakr	
5-14	211-212	.	

#Text=VIII.
6-1	214-218	VIII	
6-2	218-219	.	

#Text=Mensen-mest.
7-1	220-231	Mensen-mest	
7-2	231-232	.	

#Text=Deze is gematigder en volder van zouten, maar derzelver stank
#Text=maakt, dat men ze niet gebruikt, dan na dat zy is vergaan.
8-1	233-237	Deze	
8-2	238-240	is	
8-3	241-251	gematigder	
8-4	252-254	en	
8-5	255-261	volder	
8-6	262-265	van	
8-7	266-272	zouten	
8-8	272-273	,	
8-9	274-278	maar	
8-10	279-288	derzelver	
8-11	289-294	stank	
8-12	295-300	maakt	
8-13	300-301	,	
8-14	302-305	dat	
8-15	306-309	men	
8-16	310-312	ze	
8-17	313-317	niet	
8-18	318-326	gebruikt	
8-19	326-327	,	
8-20	328-331	dan	
8-21	332-334	na	
8-22	335-338	dat	
8-23	339-341	zy	
8-24	342-344	is	
8-25	345-352	vergaan	
8-26	352-353	.	

#Text=Ik heb ook gezien, dat het
#Text=Kóórn in ’t eerste jaar deze stank overnam;
#Text=maar naderhand wordt men hem niet
#Text=meer gewaar, en zonder dit zoude zy niet te verachten zyn.
9-1	354-356	Ik	
9-2	357-360	heb	
9-3	361-364	ook	
9-4	365-371	gezien	
9-5	371-372	,	
9-6	373-376	dat	
9-7	377-380	het	
9-8	381-386	Kóórn	
9-9	387-389	in	
9-10	390-391	’	
9-11	391-392	t	
9-12	393-399	eerste	
9-13	400-404	jaar	
9-14	405-409	deze	
9-15	410-415	stank	
9-16	416-423	overnam	
9-17	423-424	;	
9-18	425-429	maar	
9-19	430-439	naderhand	
9-20	440-445	wordt	
9-21	446-449	men	
9-22	450-453	hem	
9-23	454-458	niet	
9-24	459-463	meer	
9-25	464-470	gewaar	
9-26	470-471	,	
9-27	472-474	en	
9-28	475-481	zonder	
9-29	482-485	dit	
9-30	486-491	zoude	
9-31	492-494	zy	
9-32	495-499	niet	
9-33	500-502	te	
9-34	503-512	verachten	
9-35	513-516	zyn	
9-36	516-517	.	

#Text=IX.
#Text=’t Mergel; ’t was te wensen, dat men ’t overal had:
#Text=want het is een mest, die
#Text=zo veel kracht heeft, dat een Akker, die daar van wel gemest is, in geen twintig jaren
#Text=verversing nodig heeft.
10-1	519-521	IX	
10-2	521-522	.	
10-3	523-524	’	
10-4	524-525	t	
10-5	526-532	Mergel	
10-6	532-533	;	
10-7	534-535	’	
10-8	535-536	t	
10-9	537-540	was	
10-10	541-543	te	
10-11	544-550	wensen	
10-12	550-551	,	
10-13	552-555	dat	
10-14	556-559	men	
10-15	560-561	’	
10-16	561-562	t	
10-17	563-569	overal	
10-18	570-573	had	
10-19	573-574	:	
10-20	575-579	want	
10-21	580-583	het	
10-22	584-586	is	
10-23	587-590	een	
10-24	591-595	mest	
10-25	595-596	,	
10-26	597-600	die	
10-27	601-603	zo	
10-28	604-608	veel	
10-29	609-615	kracht	
10-30	616-621	heeft	
10-31	621-622	,	
10-32	623-626	dat	
10-33	627-630	een	
10-34	631-636	Akker	
10-35	636-637	,	
10-36	638-641	die	
10-37	642-646	daar	
10-38	647-650	van	
10-39	651-654	wel	
10-40	655-661	gemest	
10-41	662-664	is	
10-42	664-665	,	
10-43	666-668	in	
10-44	669-673	geen	
10-45	674-681	twintig	
10-46	682-687	jaren	
10-47	688-698	verversing	
10-48	699-704	nodig	
10-49	705-710	heeft	
10-50	710-711	.	

#Text=Men heeft, witte, gryze, rode, alle even goed en van de zelfde
#Text=kracht.
11-1	712-715	Men	
11-2	716-721	heeft	
11-3	721-722	,	
11-4	723-728	witte	
11-5	728-729	,	
11-6	730-735	gryze	
11-7	735-736	,	
11-8	737-741	rode	
11-9	741-742	,	
11-10	743-747	alle	
11-11	748-752	even	
11-12	753-757	goed	
11-13	758-760	en	
11-14	761-764	van	
11-15	765-767	de	
11-16	768-774	zelfde	
11-17	775-781	kracht	
11-18	781-782	.	

#Text=Hoe men de Mergel gebruikt.
12-1	786-789	Hoe	
12-2	790-793	men	
12-3	794-796	de	
12-4	797-803	Mergel	
12-5	804-812	gebruikt	
12-6	812-813	.	

#Text=Dit soort van vettigheid haalt men uit een kuil, zy is byna zo hard, als steen; en men
#Text=moet’er somwyl diep om graven.
13-1	816-819	Dit	
13-2	820-825	soort	
13-3	826-829	van	
13-4	830-840	vettigheid	
13-5	841-846	haalt	
13-6	847-850	men	
13-7	851-854	uit	
13-8	855-858	een	
13-9	859-863	kuil	
13-10	863-864	,	
13-11	865-867	zy	
13-12	868-870	is	
13-13	871-875	byna	
13-14	876-878	zo	
13-15	879-883	hard	
13-16	883-884	,	
13-17	885-888	als	
13-18	889-894	steen	
13-19	894-895	;	
13-20	896-898	en	
13-21	899-902	men	
13-22	903-907	moet	
13-23	907-908	’	
13-24	908-910	er	
13-25	911-917	somwyl	
13-26	918-922	diep	
13-27	923-925	om	
13-28	926-932	graven	
13-29	932-933	.	
