#FORMAT=WebAnno TSV 3.3


#Text=de koleuren gereekent worden, alzo de eene de voortbrengster maar is van de
#Text=koleuren, en d'andere der zelver beroofster.
1-1	3-5	de	
1-2	6-14	koleuren	
1-3	15-24	gereekent	
1-4	25-31	worden	
1-5	31-32	,	
1-6	33-37	alzo	
1-7	38-40	de	
1-8	41-45	eene	
1-9	46-48	de	
1-10	49-63	voortbrengster	
1-11	64-68	maar	
1-12	69-71	is	
1-13	72-75	van	
1-14	76-78	de	
1-15	79-87	koleuren	
1-16	87-88	,	
1-17	89-91	en	
1-18	92-100	d'andere	
1-19	101-104	der	
1-20	105-111	zelver	
1-21	112-122	beroofster	
1-22	122-123	.	

#Text=Daarom stellen wy het wit, als het Licht,
#Text=zonder het welke geene koleur gezien kan worden
2-1	124-130	Daarom	
2-2	131-138	stellen	
2-3	139-141	wy	
2-4	142-145	het	
2-5	146-149	wit	
2-6	149-150	,	
2-7	151-154	als	
2-8	155-158	het	
2-9	159-164	Licht	
2-10	164-165	,	
2-11	166-172	zonder	
2-12	173-176	het	
2-13	177-182	welke	
2-14	183-188	geene	
2-15	189-195	koleur	
2-16	196-202	gezien	
2-17	203-206	kan	
2-18	207-213	worden	

#Text=.
3-1	213-214	.	

#Text=+
#Text=
#Text=
#Text=Het donker feuiljemort, of taneyt, zal tot verbeelding van d'aarde of groen dienen
4-1	216-217	+	
4-2	220-223	Het	
4-3	224-230	donker	
4-4	231-242	feuiljemort	
4-5	242-243	,	
4-6	244-246	of	
4-7	247-253	taneyt	
4-8	253-254	,	
4-9	255-258	zal	
4-10	259-262	tot	
4-11	263-274	verbeelding	
4-12	275-278	van	
4-13	279-286	d'aarde	
4-14	287-289	of	
4-15	290-295	groen	
4-16	296-302	dienen	

#Text=.
5-1	302-303	.	

#Text=+
#Text=
#Text=
#Text=Het wit voor 't water.
6-1	305-306	+	
6-2	309-312	Het	
6-3	313-316	wit	
6-4	317-321	voor	
6-5	322-323	'	
6-6	323-324	t	
6-7	325-330	water	
6-8	330-331	.	

#Text=Als mede in de vier
#Text=Hoofdstoffen,
#Text=
#Text=Het blaauw voor de lucht.
7-1	334-337	Als	
7-2	338-342	mede	
7-3	343-345	in	
7-4	346-348	de	
7-5	349-353	vier	
7-6	354-366	Hoofdstoffen	
7-7	366-367	,	
7-8	369-372	Het	
7-9	373-379	blaauw	
7-10	380-384	voor	
7-11	385-387	de	
7-12	388-393	lucht	
7-13	393-394	.	

#Text=Het rood voor 't vuur, en het zwart voor de duisternissen, die boven 't element
#Text=van 't vuur zyn, om dat daar geene stoffe of dunnigheid meer is, in dewelke de
#Text=straalen der Zonne niet konnen doordringen en verblyven, en by gevolge verheeven
#Text=worden
8-1	397-400	Het	
8-2	401-405	rood	
8-3	406-410	voor	
8-4	411-412	'	
8-5	412-413	t	
8-6	414-418	vuur	
8-7	418-419	,	
8-8	420-422	en	
8-9	423-426	het	
8-10	427-432	zwart	
8-11	433-437	voor	
8-12	438-440	de	
8-13	441-454	duisternissen	
8-14	454-455	,	
8-15	456-459	die	
8-16	460-465	boven	
8-17	466-467	'	
8-18	467-468	t	
8-19	469-476	element	
8-20	477-480	van	
8-21	481-482	'	
8-22	482-483	t	
8-23	484-488	vuur	
8-24	489-492	zyn	
8-25	492-493	,	
8-26	494-496	om	
8-27	497-500	dat	
8-28	501-505	daar	
8-29	506-511	geene	
8-30	512-518	stoffe	
8-31	519-521	of	
8-32	522-532	dunnigheid	
8-33	533-537	meer	
8-34	538-540	is	
8-35	540-541	,	
8-36	542-544	in	
8-37	545-552	dewelke	
8-38	553-555	de	
8-39	556-564	straalen	
8-40	565-568	der	
8-41	569-574	Zonne	
8-42	575-579	niet	
8-43	580-586	konnen	
8-44	587-598	doordringen	
8-45	599-601	en	
8-46	602-611	verblyven	
8-47	611-612	,	
8-48	613-615	en	
8-49	616-618	by	
8-50	619-626	gevolge	
8-51	627-636	verheeven	
8-52	637-643	worden	

#Text=.
9-1	643-644	.	

#Text=+
#Text=
#Text=
#Text=Wat de Tyden belangt, die zyn, als wy weeten, vier in verdeeling, als de vrolyke
#Text=+
#Text=lente, de gulde zomer, de vruchtbaare herfst, en de naare winter.
10-1	646-647	+	
10-2	650-653	Wat	
10-3	654-656	de	
10-4	657-662	Tyden	
10-5	663-670	belangt	
10-6	670-671	,	
10-7	672-675	die	
10-8	676-679	zyn	
10-9	679-680	,	
10-10	681-684	als	
10-11	685-687	wy	
10-12	688-694	weeten	
10-13	694-695	,	
10-14	696-700	vier	
10-15	701-703	in	
10-16	704-714	verdeeling	
10-17	714-715	,	
10-18	716-719	als	
10-19	720-722	de	
10-20	723-730	vrolyke	
10-21	731-732	+	
10-22	733-738	lente	
10-23	738-739	,	
10-24	740-742	de	
10-25	743-748	gulde	
10-26	749-754	zomer	
10-27	754-755	,	
10-28	756-758	de	
10-29	759-770	vruchtbaare	
10-30	771-777	herfst	
10-31	777-778	,	
10-32	779-781	en	
10-33	782-784	de	
10-34	785-790	naare	
10-35	791-797	winter	
10-36	797-798	.	

#Text=In de lente
#Text=en de Tyden des Jaars.
11-1	799-801	In	
11-2	802-804	de	
11-3	805-810	lente	
11-4	811-813	en	
11-5	814-816	de	
11-6	817-822	Tyden	
11-7	823-826	des	
11-8	827-832	Jaars	
11-9	832-833	.	

#Text=begint men de laakenen of zwaare winterkleederen af te leggen, en de ligte
#Text=stoffen aan te neemen.
12-1	835-841	begint	
12-2	842-845	men	
12-3	846-848	de	
12-4	849-857	laakenen	
12-5	858-860	of	
12-6	861-867	zwaare	
12-7	868-883	winterkleederen	
12-8	884-886	af	
12-9	887-889	te	
12-10	890-896	leggen	
12-11	896-897	,	
12-12	898-900	en	
12-13	901-903	de	
12-14	904-909	ligte	
12-15	910-917	stoffen	
12-16	918-921	aan	
12-17	922-924	te	
12-18	925-931	neemen	
12-19	931-932	.	

#Text=De zomer en herfst geeven ons de vryheid van, na maate
#Text=hunner hitte, zich in linnen of zyde te kleeden:
#Text=waarom een zeker Schryver zeer wel
#Text=zegt, dat men zo wel de kleederen als de woorden naar den tyd moet schikken.
13-1	933-935	De	
13-2	936-941	zomer	
13-3	942-944	en	
13-4	945-951	herfst	
13-5	952-958	geeven	
13-6	959-962	ons	
13-7	963-965	de	
13-8	966-973	vryheid	
13-9	974-977	van	
13-10	977-978	,	
13-11	979-981	na	
13-12	982-987	maate	
13-13	988-994	hunner	
13-14	995-1000	hitte	
13-15	1000-1001	,	
13-16	1002-1006	zich	
13-17	1007-1009	in	
13-18	1010-1016	linnen	
13-19	1017-1019	of	
13-20	1020-1024	zyde	
13-21	1025-1027	te	
13-22	1028-1035	kleeden	
13-23	1035-1036	:	
13-24	1037-1043	waarom	
13-25	1044-1047	een	
13-26	1048-1053	zeker	
13-27	1054-1062	Schryver	
13-28	1063-1067	zeer	
13-29	1068-1071	wel	
13-30	1072-1076	zegt	
13-31	1076-1077	,	
13-32	1078-1081	dat	
13-33	1082-1085	men	
13-34	1086-1088	zo	
13-35	1089-1092	wel	
13-36	1093-1095	de	
13-37	1096-1105	kleederen	
13-38	1106-1109	als	
13-39	1110-1112	de	
13-40	1113-1120	woorden	
13-41	1121-1125	naar	
13-42	1126-1129	den	
13-43	1130-1133	tyd	
13-44	1134-1138	moet	
13-45	1139-1147	schikken	
13-46	1147-1148	.	
