#FORMAT=WebAnno TSV 3.3


#Text=11.
1-1	2-4	11	
1-2	4-5	.	

#Text=Pimplaees, naer Pimplae/
#Text=een
#Text=seer klaer waterken in
#Text=Thracien.
#Text=
#Text=
#Text=\f
#Text=57
#Text=Maer beeldent uyt, met opentlijck bewijsen,
#Text=Verstandigh
#Text=Klaer soo mach
#Text='t verstaen zijn licht
2-1	7-16	Pimplaees	
2-2	16-17	,	
2-3	18-22	naer	
2-4	23-30	Pimplae	
2-5	30-31	/	
2-6	32-35	een	
2-7	36-40	seer	
2-8	41-46	klaer	
2-9	47-55	waterken	
2-10	56-58	in	
2-11	59-67	Thracien	
2-12	67-68	.	
2-13	73-75	57	
2-14	76-80	Maer	
2-15	81-89	beeldent	
2-16	90-93	uyt	
2-17	93-94	,	
2-18	95-98	met	
2-19	99-109	opentlijck	
2-20	110-118	bewijsen	
2-21	118-119	,	
2-22	120-131	Verstandigh	
2-23	132-137	Klaer	
2-24	138-141	soo	
2-25	142-146	mach	
2-26	147-148	'	
2-27	148-149	t	
2-28	150-158	verstaen	
2-29	159-163	zijn	
2-30	164-169	licht	

#Text=.
3-1	169-170	.	

#Text=+
#Text=
#Text=
#Text=32.
4-1	172-173	+	
4-2	176-178	32	
4-3	178-179	.	

#Text=Niet dat men soeck te maken
#Text=ydel vreught,
#Text=Door 't Soet gehoor, oft anders droefheyt suchtig,
#Text=Maer aldermeest te locken elck tot deught,
#Text=End' schricken doen van ondeugt seer beduchtig,
#Text=Door leersaem leer, hoe Deugden lof is vluchtig
#Text=Van elck, die niet te leven vroom en soeckt,
#Text=End' hoe in eer men siet vereert doorluchtigh,
#Text=Elck, die in Deugt t' opwassen hem verkloeckt.
#Text=
#Text=33.
5-1	180-184	Niet	
5-2	185-188	dat	
5-3	189-192	men	
5-4	193-198	soeck	
5-5	199-201	te	
5-6	202-207	maken	
5-7	208-212	ydel	
5-8	213-220	vreught	
5-9	220-221	,	
5-10	222-226	Door	
5-11	227-228	'	
5-12	228-229	t	
5-13	230-234	Soet	
5-14	235-241	gehoor	
5-15	241-242	,	
5-16	243-246	oft	
5-17	247-253	anders	
5-18	254-263	droefheyt	
5-19	264-271	suchtig	
5-20	271-272	,	
5-21	273-277	Maer	
5-22	278-288	aldermeest	
5-23	289-291	te	
5-24	292-298	locken	
5-25	299-303	elck	
5-26	304-307	tot	
5-27	308-314	deught	
5-28	314-315	,	
5-29	316-319	End	
5-30	319-320	'	
5-31	321-330	schricken	
5-32	331-335	doen	
5-33	336-339	van	
5-34	340-347	ondeugt	
5-35	348-352	seer	
5-36	353-362	beduchtig	
5-37	362-363	,	
5-38	364-368	Door	
5-39	369-377	leersaem	
5-40	378-382	leer	
5-41	382-383	,	
5-42	384-387	hoe	
5-43	388-395	Deugden	
5-44	396-399	lof	
5-45	400-402	is	
5-46	403-411	vluchtig	
5-47	412-415	Van	
5-48	416-420	elck	
5-49	420-421	,	
5-50	422-425	die	
5-51	426-430	niet	
5-52	431-433	te	
5-53	434-439	leven	
5-54	440-445	vroom	
5-55	446-448	en	
5-56	449-455	soeckt	
5-57	455-456	,	
5-58	457-460	End	
5-59	460-461	'	
5-60	462-465	hoe	
5-61	466-468	in	
5-62	469-472	eer	
5-63	473-476	men	
5-64	477-481	siet	
5-65	482-489	vereert	
5-66	490-502	doorluchtigh	
5-67	502-503	,	
5-68	504-508	Elck	
5-69	508-509	,	
5-70	510-513	die	
5-71	514-516	in	
5-72	517-522	Deugt	
5-73	523-524	t	
5-74	524-525	'	
5-75	526-534	opwassen	
5-76	535-538	hem	
5-77	539-549	verkloeckt	
5-78	549-550	.	
5-79	552-554	33	
5-80	554-555	.	

#Text=Maer Sin-rijc schoon moet zijn gemaect een werc
#Text=Soo 't sal met recht veel ander overtreffen,
#Text=Soet-vloeyigh, reyn, wel-sprekig, leersaem sterck,
#Text=Dat elck een kan vermaeck daer in beseffen,
#Text=Al sat' hy in een Schip wel-seyligh effen,
#Text='T welck geen' ontblijft, end' vele seylt voorby:
#Text=Alsoo sal oock seer veerdigh doen verheffen,
#Text=
#Text=In goet Gerucht, sulck werck zijn wercker vry.
#Text=
#Text=34.
6-1	556-560	Maer	
6-2	561-569	Sin-rijc	
6-3	570-576	schoon	
6-4	577-581	moet	
6-5	582-586	zijn	
6-6	587-594	gemaect	
6-7	595-598	een	
6-8	599-603	werc	
6-9	604-607	Soo	
6-10	608-609	'	
6-11	609-610	t	
6-12	611-614	sal	
6-13	615-618	met	
6-14	619-624	recht	
6-15	625-629	veel	
6-16	630-635	ander	
6-17	636-647	overtreffen	
6-18	647-648	,	
6-19	649-662	Soet-vloeyigh	
6-20	662-663	,	
6-21	664-668	reyn	
6-22	668-669	,	
6-23	670-681	wel-sprekig	
6-24	681-682	,	
6-25	683-691	leersaem	
6-26	692-698	sterck	
6-27	698-699	,	
6-28	700-703	Dat	
6-29	704-708	elck	
6-30	709-712	een	
6-31	713-716	kan	
6-32	717-725	vermaeck	
6-33	726-730	daer	
6-34	731-733	in	
6-35	734-742	beseffen	
6-36	742-743	,	
6-37	744-746	Al	
6-38	747-750	sat	
6-39	750-751	'	
6-40	752-754	hy	
6-41	755-757	in	
6-42	758-761	een	
6-43	762-767	Schip	
6-44	768-779	wel-seyligh	
6-45	780-785	effen	
6-46	785-786	,	
6-47	787-788	'	
6-48	788-789	T	
6-49	790-795	welck	
6-50	796-800	geen	
6-51	800-801	'	
6-52	802-811	ontblijft	
6-53	811-812	,	
6-54	813-816	end	
6-55	816-817	'	
6-56	818-822	vele	
6-57	823-828	seylt	
6-58	829-835	voorby	
6-59	835-836	:	
6-60	837-842	Alsoo	
6-61	843-846	sal	
6-62	847-851	oock	
6-63	852-856	seer	
6-64	857-865	veerdigh	
6-65	866-870	doen	
6-66	871-880	verheffen	
6-67	880-881	,	
6-68	883-885	In	
6-69	886-890	goet	
6-70	891-898	Gerucht	
6-71	898-899	,	
6-72	900-905	sulck	
6-73	906-911	werck	
6-74	912-916	zijn	
6-75	917-924	wercker	
6-76	925-928	vry	
6-77	928-929	.	
6-78	931-933	34	
6-79	933-934	.	

#Text=En sulc Gerucht sal niet verdwijnen swaer,
#Text=Maer voort en voort van eeuw' tot eeuw' gedeuren:
#Text=
#Text=
#Text=Want
#Text=beyde, Werck, end' Wercker, werden klaer
#Text=
#Text=Met Eer' omringht, ghelijck met vaste meuren:
#Text=End' als het lijf 't verdwijnen moet beseuren,
#Text=Den lof des Wercks sal dan vermeeren
7-1	935-937	En	
7-2	938-942	sulc	
7-3	943-950	Gerucht	
7-4	951-954	sal	
7-5	955-959	niet	
7-6	960-970	verdwijnen	
7-7	971-976	swaer	
7-8	976-977	,	
7-9	978-982	Maer	
7-10	983-988	voort	
7-11	989-991	en	
7-12	992-997	voort	
7-13	998-1001	van	
7-14	1002-1006	eeuw	
7-15	1006-1007	'	
7-16	1008-1011	tot	
7-17	1012-1016	eeuw	
7-18	1016-1017	'	
7-19	1018-1026	gedeuren	
7-20	1026-1027	:	
7-21	1030-1034	Want	
7-22	1035-1040	beyde	
7-23	1040-1041	,	
7-24	1042-1047	Werck	
7-25	1047-1048	,	
7-26	1049-1052	end	
7-27	1052-1053	'	
7-28	1054-1061	Wercker	
7-29	1061-1062	,	
7-30	1063-1069	werden	
7-31	1070-1075	klaer	
7-32	1077-1080	Met	
7-33	1081-1084	Eer	
7-34	1084-1085	'	
7-35	1086-1094	omringht	
7-36	1094-1095	,	
7-37	1096-1104	ghelijck	
7-38	1105-1108	met	
7-39	1109-1114	vaste	
7-40	1115-1121	meuren	
7-41	1121-1122	:	
7-42	1123-1126	End	
7-43	1126-1127	'	
7-44	1128-1131	als	
7-45	1132-1135	het	
7-46	1136-1140	lijf	
7-47	1141-1142	'	
7-48	1142-1143	t	
7-49	1144-1154	verdwijnen	
7-50	1155-1159	moet	
7-51	1160-1168	beseuren	
7-52	1168-1169	,	
7-53	1170-1173	Den	
7-54	1174-1177	lof	
7-55	1178-1181	des	
7-56	1182-1188	Wercks	
7-57	1189-1192	sal	
7-58	1193-1196	dan	
7-59	1197-1206	vermeeren	
