#FORMAT=WebAnno TSV 3.3


#Text=aut divitiarum jactantia quid contulit nobis ?
1-1	2-5	aut	
1-2	6-16	divitiarum	
1-3	17-26	jactantia	
1-4	27-31	quid	
1-5	32-40	contulit	
1-6	41-46	nobis	
1-7	47-48	?	

#Text=9 Transierunt omnia illa tamquam umbra, et tamquam nuntius percurrens, 10 et tamquam navis quæ pertransit fluctuantem aquam, cujus cum præterierit non est vestigium invenire, neque semitam carinæ illius in fluctibus ; 11 aut tamquam avis quæ transvolat in aëre, cujus nullum invenitur argumentum itineris, sed tantum sonitus alarum verberans levem ventum, et scindens per vim itineris aërem : commotis alis transvolavit, et post hoc nullum signum invenitur itineris illius ; 12 aut tamquam sagitta emissa in locum destinatum, divisus aër continuo in se reclusus est, ut ignoretur transitus illius : 13 sic et nos nati continuo desivimus esse ; et virtutis quidem nullum signum valuimus ostendere, in malignitate autem nostra consumpti sumus.
#Text=14 Talia dixerunt in inferno hi qui peccaverunt : 15 quoniam spes impii tamquam lanugo est quæ a vento tollitur, et tamquam spuma gracilis quæ a procella dispergitur, et tamquam fumus qui a vento diffusus est, et tamquam memoria hospitis unius diei prætereuntis.
#Text=16 Justi autem in perpetuum vivent, et apud Dominum est merces eorum, et cogitatio illorum apud Altissimum.
#Text=17 Ideo accipient regnum decoris, et diadema speciei de manu Domini : quoniam dextera sua teget eos, et brachio sancto suo defendet illos.
#Text=18 Accipiet armaturam zelus illius, et armabit creaturam ad ultionem inimicorum.
#Text=19 Induet pro thorace justitiam, et accipiet pro galea judicium certum ; 20 sumet scutum inexpugnabile æquitatem.
#Text=21 Acuet autem duram iram in lanceam, et pugnabit cum illo orbis terrarum contra insensatos.
#Text=22 Ibunt directe emissiones fulgurum, et tamquam a bene curvato arcu nubium exterminabuntur, et ad certum locum insilient.
#Text=23 Et a petrosa ira plenæ mittentur grandines ; excandescet in illos aqua maris, et flumina concurrent duriter.
#Text=24 Contra illos stabit spiritus virtutis, et tamquam turbo venti dividet illos ; et ad eremum perducet omnem terram iniquitas illorum, et malignitas evertet sedes potentium.
2-1	49-50	9	
2-2	51-62	Transierunt	
2-3	63-68	omnia	
2-4	69-73	illa	
2-5	74-81	tamquam	
2-6	82-87	umbra	
2-7	87-88	,	
2-8	89-91	et	
2-9	92-99	tamquam	
2-10	100-107	nuntius	
2-11	108-118	percurrens	
2-12	118-119	,	
2-13	120-122	10	
2-14	123-125	et	
2-15	126-133	tamquam	
2-16	134-139	navis	
2-17	140-143	quæ	
2-18	144-154	pertransit	
2-19	155-166	fluctuantem	
2-20	167-172	aquam	
2-21	172-173	,	
2-22	174-179	cujus	
2-23	180-183	cum	
2-24	184-195	præterierit	
2-25	196-199	non	
2-26	200-203	est	
2-27	204-213	vestigium	
2-28	214-222	invenire	
2-29	222-223	,	
2-30	224-229	neque	
2-31	230-237	semitam	
2-32	238-244	carinæ	
2-33	245-251	illius	
2-34	252-254	in	
2-35	255-264	fluctibus	
2-36	265-266	;	
2-37	267-269	11	
2-38	270-273	aut	
2-39	274-281	tamquam	
2-40	282-286	avis	
2-41	287-290	quæ	
2-42	291-301	transvolat	
2-43	302-304	in	
2-44	305-309	aëre	
2-45	309-310	,	
2-46	311-316	cujus	
2-47	317-323	nullum	
2-48	324-333	invenitur	
2-49	334-344	argumentum	
2-50	345-353	itineris	
2-51	353-354	,	
2-52	355-358	sed	
2-53	359-365	tantum	
2-54	366-373	sonitus	
2-55	374-380	alarum	
2-56	381-390	verberans	
2-57	391-396	levem	
2-58	397-403	ventum	
2-59	403-404	,	
2-60	405-407	et	
2-61	408-416	scindens	
2-62	417-420	per	
2-63	421-424	vim	
2-64	425-433	itineris	
2-65	434-439	aërem	
2-66	440-441	:	
2-67	442-450	commotis	
2-68	451-455	alis	
2-69	456-468	transvolavit	
2-70	468-469	,	
2-71	470-472	et	
2-72	473-477	post	
2-73	478-481	hoc	
2-74	482-488	nullum	
2-75	489-495	signum	
2-76	496-505	invenitur	
2-77	506-514	itineris	
2-78	515-521	illius	
2-79	522-523	;	
2-80	524-526	12	
2-81	527-530	aut	
2-82	531-538	tamquam	
2-83	539-546	sagitta	
2-84	547-553	emissa	
2-85	554-556	in	
2-86	557-562	locum	
2-87	563-573	destinatum	
2-88	573-574	,	
2-89	575-582	divisus	
2-90	583-586	aër	
2-91	587-595	continuo	
2-92	596-598	in	
2-93	599-601	se	
2-94	602-610	reclusus	
2-95	611-614	est	
2-96	614-615	,	
2-97	616-618	ut	
2-98	619-628	ignoretur	
2-99	629-638	transitus	
2-100	639-645	illius	
2-101	646-647	:	
2-102	648-650	13	
2-103	651-654	sic	
2-104	655-657	et	
2-105	658-661	nos	
2-106	662-666	nati	
2-107	667-675	continuo	
2-108	676-685	desivimus	
2-109	686-690	esse	
2-110	691-692	;	
2-111	693-695	et	
2-112	696-704	virtutis	
2-113	705-711	quidem	
2-114	712-718	nullum	
2-115	719-725	signum	
2-116	726-734	valuimus	
2-117	735-744	ostendere	
2-118	744-745	,	
2-119	746-748	in	
2-120	749-760	malignitate	
2-121	761-766	autem	
2-122	767-773	nostra	
2-123	774-783	consumpti	
2-124	784-789	sumus	
2-125	789-790	.	
2-126	791-793	14	
2-127	794-799	Talia	
2-128	800-808	dixerunt	
2-129	809-811	in	
2-130	812-819	inferno	
2-131	820-822	hi	
2-132	823-826	qui	
2-133	827-838	peccaverunt	
2-134	839-840	:	
2-135	841-843	15	
2-136	844-851	quoniam	
2-137	852-856	spes	
2-138	857-862	impii	
2-139	863-870	tamquam	
2-140	871-877	lanugo	
2-141	878-881	est	
2-142	882-885	quæ	
2-143	886-887	a	
2-144	888-893	vento	
2-145	894-902	tollitur	
2-146	902-903	,	
2-147	904-906	et	
2-148	907-914	tamquam	
2-149	915-920	spuma	
2-150	921-929	gracilis	
2-151	930-933	quæ	
2-152	934-935	a	
2-153	936-944	procella	
2-154	945-956	dispergitur	
2-155	956-957	,	
2-156	958-960	et	
2-157	961-968	tamquam	
2-158	969-974	fumus	
2-159	975-978	qui	
2-160	979-980	a	
2-161	981-986	vento	
2-162	987-995	diffusus	
2-163	996-999	est	
2-164	999-1000	,	
2-165	1001-1003	et	
2-166	1004-1011	tamquam	
2-167	1012-1019	memoria	
2-168	1020-1028	hospitis	
2-169	1029-1034	unius	
2-170	1035-1039	diei	
2-171	1040-1052	prætereuntis	
2-172	1052-1053	.	
2-173	1054-1056	16	
2-174	1057-1062	Justi	
2-175	1063-1068	autem	
2-176	1069-1071	in	
2-177	1072-1081	perpetuum	
2-178	1082-1088	vivent	
2-179	1088-1089	,	
2-180	1090-1092	et	
2-181	1093-1097	apud	
2-182	1098-1105	Dominum	
2-183	1106-1109	est	
2-184	1110-1116	merces	
2-185	1117-1122	eorum	
2-186	1122-1123	,	
2-187	1124-1126	et	
2-188	1127-1136	cogitatio	
2-189	1137-1144	illorum	
2-190	1145-1149	apud	
2-191	1150-1160	Altissimum	
2-192	1160-1161	.	
2-193	1162-1164	17	
2-194	1165-1169	Ideo	
2-195	1170-1179	accipient	
2-196	1180-1186	regnum	
2-197	1187-1194	decoris	
2-198	1194-1195	,	
2-199	1196-1198	et	
2-200	1199-1206	diadema	
2-201	1207-1214	speciei	
2-202	1215-1217	de	
2-203	1218-1222	manu	
2-204	1223-1229	Domini	
2-205	1230-1231	:	
2-206	1232-1239	quoniam	
2-207	1240-1247	dextera	
2-208	1248-1251	sua	
2-209	1252-1257	teget	
2-210	1258-1261	eos	
2-211	1261-1262	,	
2-212	1263-1265	et	
2-213	1266-1273	brachio	
2-214	1274-1280	sancto	
2-215	1281-1284	suo	
2-216	1285-1293	defendet	
2-217	1294-1299	illos	
2-218	1299-1300	.	
2-219	1301-1303	18	
2-220	1304-1312	Accipiet	
2-221	1313-1322	armaturam	
2-222	1323-1328	zelus	
2-223	1329-1335	illius	
2-224	1335-1336	,	
2-225	1337-1339	et	
2-226	1340-1347	armabit	
2-227	1348-1357	creaturam	
2-228	1358-1360	ad	
2-229	1361-1369	ultionem	
2-230	1370-1380	inimicorum	
2-231	1380-1381	.	
2-232	1382-1384	19	
2-233	1385-1391	Induet	
2-234	1392-1395	pro	
2-235	1396-1403	thorace	
2-236	1404-1413	justitiam	
2-237	1413-1414	,	
2-238	1415-1417	et	
2-239	1418-1426	accipiet	
2-240	1427-1430	pro	
2-241	1431-1436	galea	
2-242	1437-1445	judicium	
2-243	1446-1452	certum	
2-244	1453-1454	;	
2-245	1455-1457	20	
2-246	1458-1463	sumet	
2-247	1464-1470	scutum	
2-248	1471-1484	inexpugnabile	
2-249	1485-1494	æquitatem	
2-250	1494-1495	.	
2-251	1496-1498	21	
2-252	1499-1504	Acuet	
2-253	1505-1510	autem	
2-254	1511-1516	duram	
2-255	1517-1521	iram	
2-256	1522-1524	in	
2-257	1525-1532	lanceam	
2-258	1532-1533	,	
2-259	1534-1536	et	
2-260	1537-1545	pugnabit	
2-261	1546-1549	cum	
2-262	1550-1554	illo	
2-263	1555-1560	orbis	
2-264	1561-1569	terrarum	
2-265	1570-1576	contra	
2-266	1577-1587	insensatos	
2-267	1587-1588	.	
2-268	1589-1591	22	
2-269	1592-1597	Ibunt	
2-270	1598-1605	directe	
2-271	1606-1616	emissiones	
2-272	1617-1625	fulgurum	
2-273	1625-1626	,	
2-274	1627-1629	et	
2-275	1630-1637	tamquam	
2-276	1638-1639	a	
2-277	1640-1644	bene	
2-278	1645-1652	curvato	
2-279	1653-1657	arcu	
2-280	1658-1664	nubium	
2-281	1665-1680	exterminabuntur	
2-282	1680-1681	,	
2-283	1682-1684	et	
2-284	1685-1687	ad	
2-285	1688-1694	certum	
2-286	1695-1700	locum	
2-287	1701-1710	insilient	
2-288	1710-1711	.	
2-289	1712-1714	23	
2-290	1715-1717	Et	
2-291	1718-1719	a	
2-292	1720-1727	petrosa	
2-293	1728-1731	ira	
2-294	1732-1737	plenæ	
2-295	1738-1747	mittentur	
2-296	1748-1757	grandines	
2-297	1758-1759	;	
2-298	1760-1771	excandescet	
2-299	1772-1774	in	
2-300	1775-1780	illos	
2-301	1781-1785	aqua	
2-302	1786-1791	maris	
2-303	1791-1792	,	
2-304	1793-1795	et	
2-305	1796-1803	flumina	
2-306	1804-1814	concurrent	
2-307	1815-1822	duriter	
2-308	1822-1823	.	
2-309	1824-1826	24	
2-310	1827-1833	Contra	
2-311	1834-1839	illos	
2-312	1840-1846	stabit	
2-313	1847-1855	spiritus	
2-314	1856-1864	virtutis	
2-315	1864-1865	,	
2-316	1866-1868	et	
2-317	1869-1876	tamquam	
2-318	1877-1882	turbo	
2-319	1883-1888	venti	
2-320	1889-1896	dividet	
2-321	1897-1902	illos	
2-322	1903-1904	;	
2-323	1905-1907	et	
2-324	1908-1910	ad	
2-325	1911-1917	eremum	
2-326	1918-1926	perducet	
2-327	1927-1932	omnem	
2-328	1933-1939	terram	
2-329	1940-1949	iniquitas	
2-330	1950-1957	illorum	
2-331	1957-1958	,	
2-332	1959-1961	et	
2-333	1962-1972	malignitas	
2-334	1973-1980	evertet	
2-335	1981-1986	sedes	
2-336	1987-1996	potentium	
2-337	1996-1997	.	

#Text=Caput 6
#Text=
#Text=
#Text=1 Melior est sapientia quam vires, et vir prudens quam fortis.
#Text=2 Audite ergo, reges, et intelligite ; discite, judices finium terræ.
#Text=3 Præbete aures, vos qui continetis multitudines, et placetis vobis in turbis nationum.
#Text=4 Quoniam data est a Domino potestas vobis, et virtus ab Altissimo : qui interrogabit opera vestra, et cogitationes scrutabitur.
#Text=5 Quoniam cum essetis ministri regni illius, non recte judicastis, nec custodistis legem justitiæ, neque secundum voluntatem Dei ambulastis.
#Text=6 Horrende et cito apparebit vobis, quoniam judicium durissimum his qui præsunt fiet.
#Text=7 Exiguo enim conceditur misericordia ; potentes autem potenter tormenta patientur.
#Text=8 Non enim subtrahet personam cujusquam Deus, nec verebitur magnitudinem ejus cujusquam, quoniam pusillum et magnum ipse fecit, et æqualiter cura est illi de omnibus.
#Text=9 Fortioribus autem fortior instat cruciatio.
3-1	1998-2003	Caput	
3-2	2004-2005	6	
3-3	2008-2009	1	
3-4	2010-2016	Melior	
3-5	2017-2020	est	
3-6	2021-2030	sapientia	
3-7	2031-2035	quam	
3-8	2036-2041	vires	
3-9	2041-2042	,	
3-10	2043-2045	et	
3-11	2046-2049	vir	
3-12	2050-2057	prudens	
3-13	2058-2062	quam	
3-14	2063-2069	fortis	
3-15	2069-2070	.	
3-16	2071-2072	2	
3-17	2073-2079	Audite	
3-18	2080-2084	ergo	
3-19	2084-2085	,	
3-20	2086-2091	reges	
3-21	2091-2092	,	
3-22	2093-2095	et	
3-23	2096-2107	intelligite	
3-24	2108-2109	;	
3-25	2110-2117	discite	
3-26	2117-2118	,	
3-27	2119-2126	judices	
3-28	2127-2133	finium	
3-29	2134-2139	terræ	
3-30	2139-2140	.	
3-31	2141-2142	3	
3-32	2143-2150	Præbete	
3-33	2151-2156	aures	
3-34	2156-2157	,	
3-35	2158-2161	vos	
3-36	2162-2165	qui	
3-37	2166-2176	continetis	
3-38	2177-2189	multitudines	
3-39	2189-2190	,	
3-40	2191-2193	et	
3-41	2194-2202	placetis	
3-42	2203-2208	vobis	
3-43	2209-2211	in	
3-44	2212-2218	turbis	
3-45	2219-2227	nationum	
3-46	2227-2228	.	
3-47	2229-2230	4	
3-48	2231-2238	Quoniam	
3-49	2239-2243	data	
3-50	2244-2247	est	
3-51	2248-2249	a	
3-52	2250-2256	Domino	
3-53	2257-2265	potestas	
3-54	2266-2271	vobis	
3-55	2271-2272	,	
3-56	2273-2275	et	
3-57	2276-2282	virtus	
3-58	2283-2285	ab	
3-59	2286-2295	Altissimo	
3-60	2296-2297	:	
3-61	2298-2301	qui	
3-62	2302-2314	interrogabit	
3-63	2315-2320	opera	
3-64	2321-2327	vestra	
3-65	2327-2328	,	
3-66	2329-2331	et	
3-67	2332-2344	cogitationes	
3-68	2345-2356	scrutabitur	
3-69	2356-2357	.	
3-70	2358-2359	5	
3-71	2360-2367	Quoniam	
3-72	2368-2371	cum	
3-73	2372-2379	essetis	
3-74	2380-2388	ministri	
3-75	2389-2394	regni	
3-76	2395-2401	illius	
3-77	2401-2402	,	
3-78	2403-2406	non	
3-79	2407-2412	recte	
3-80	2413-2423	judicastis	
3-81	2423-2424	,	
3-82	2425-2428	nec	
3-83	2429-2440	custodistis	
3-84	2441-2446	legem	
3-85	2447-2455	justitiæ	
3-86	2455-2456	,	
3-87	2457-2462	neque	
3-88	2463-2471	secundum	
3-89	2472-2482	voluntatem	
3-90	2483-2486	Dei	
3-91	2487-2497	ambulastis	
3-92	2497-2498	.	
3-93	2499-2500	6	
3-94	2501-2509	Horrende	
3-95	2510-2512	et	
3-96	2513-2517	cito	
3-97	2518-2527	apparebit	
3-98	2528-2533	vobis	
3-99	2533-2534	,	
3-100	2535-2542	quoniam	
3-101	2543-2551	judicium	
3-102	2552-2562	durissimum	
3-103	2563-2566	his	
3-104	2567-2570	qui	
3-105	2571-2578	præsunt	
3-106	2579-2583	fiet	
3-107	2583-2584	.	
3-108	2585-2586	7	
3-109	2587-2593	Exiguo	
3-110	2594-2598	enim	
3-111	2599-2609	conceditur	
3-112	2610-2622	misericordia	
3-113	2623-2624	;	
3-114	2625-2633	potentes	
3-115	2634-2639	autem	
3-116	2640-2648	potenter	
3-117	2649-2657	tormenta	
3-118	2658-2667	patientur	
3-119	2667-2668	.	
3-120	2669-2670	8	
3-121	2671-2674	Non	
3-122	2675-2679	enim	
3-123	2680-2689	subtrahet	
3-124	2690-2698	personam	
3-125	2699-2708	cujusquam	
3-126	2709-2713	Deus	
3-127	2713-2714	,	
3-128	2715-2718	nec	
3-129	2719-2728	verebitur	
3-130	2729-2741	magnitudinem	
3-131	2742-2746	ejus	
3-132	2747-2756	cujusquam	
3-133	2756-2757	,	
3-134	2758-2765	quoniam	
3-135	2766-2774	pusillum	
3-136	2775-2777	et	
3-137	2778-2784	magnum	
3-138	2785-2789	ipse	
3-139	2790-2795	fecit	
3-140	2795-2796	,	
3-141	2797-2799	et	
3-142	2800-2809	æqualiter	
3-143	2810-2814	cura	
3-144	2815-2818	est	
3-145	2819-2823	illi	
3-146	2824-2826	de	
3-147	2827-2834	omnibus	
3-148	2834-2835	.	
3-149	2836-2837	9	
3-150	2838-2849	Fortioribus	
3-151	2850-2855	autem	
3-152	2856-2863	fortior	
3-153	2864-2870	instat	
3-154	2871-2880	cruciatio	
3-155	2880-2881	.	
