#FORMAT=WebAnno TSV 3.3
#T_SP=custom.Span|label
#T_RL=custom.Relation|label|BT_custom.Span


#Text=11I.
1-1	0-3	11I	_	_	_	
1-2	3-4	.	_	_	_	

#Text=GRVNER semiotice $.
#Text=718. h) Handbuch Theil 3. pag. 379.
2-1	5-11	GRVNER	_	_	_	
2-2	12-21	semiotice	_	_	_	
2-3	22-23	$	_	_	_	
2-4	23-24	.	_	_	_	
2-5	25-28	718	_	_	_	
2-6	28-29	.	_	_	_	
2-7	30-31	h	_	_	_	
2-8	31-32	)	_	_	_	
2-9	33-41	Handbuch	_	_	_	
2-10	42-47	Theil	_	_	_	
2-11	48-49	3	_	_	_	
2-12	49-50	.	_	_	_	
2-13	51-54	pag	_	_	_	
2-14	54-55	.	_	_	_	
2-15	56-59	379	_	_	_	
2-16	59-60	.	_	_	_	

#Text=C Febrer intermittentes.
3-1	61-62	C	_	_	_	
3-2	63-69	Febrer	_	_	_	
3-3	70-84	intermittentes	_	_	_	
3-4	84-85	.	_	_	_	

#Text=Paroxysmi tam perfe&arum, quain Vägarum et erraticarum febrium fudore graveolente i), acidum ipirante“ k) finiuntur.
4-1	86-95	Paroxysmi	_	_	_	
4-2	96-99	tam	_	_	_	
4-3	100-105	perfe	_	_	_	
4-4	105-106	&	_	_	_	
4-5	106-110	arum	_	_	_	
4-6	110-111	,	_	_	_	
4-7	112-117	quain	_	_	_	
4-8	118-125	Vägarum	_	_	_	
4-9	126-128	et	_	_	_	
4-10	129-140	erraticarum	_	_	_	
4-11	141-148	febrium	_	_	_	
4-12	149-155	fudore	Smell\_Source	_	_	
4-13	156-167	graveolente	Smell\_Word	*|*	4-12|4-17[1_0]	
4-14	168-169	i	_	_	_	
4-15	169-170	)	_	_	_	
4-16	170-171	,	_	_	_	
4-17	172-178	acidum	Quality[1]	_	_	
4-18	179-187	ipirante	Quality[1]	_	_	
4-19	187-188	“	_	_	_	
4-20	189-190	k	_	_	_	
4-21	190-191	)	_	_	_	
4-22	192-201	finiuntur	_	_	_	
4-23	201-202	.	_	_	_	

#Text=Nonnumquam tamen absque sudore disparet paroxyfinus 1).
5-1	203-213	Nonnumquam	_	_	_	
5-2	214-219	tamen	_	_	_	
5-3	220-226	absque	_	_	_	
5-4	227-233	sudore	_	_	_	
5-5	234-242	disparet	_	_	_	
5-6	243-254	paroxyfinus	_	_	_	
5-7	255-256	1	_	_	_	
5-8	256-257	)	_	_	_	
5-9	257-258	.	_	_	_	

#Text=Sunt medici, qui per fudorem illum materiem febrificam euacuari credunt m); alii contra sudorem olentein febris ef.
#Text=fectuin effe putant.
6-1	259-263	Sunt	_	_	_	
6-2	264-270	medici	_	_	_	
6-3	270-271	,	_	_	_	
6-4	272-275	qui	_	_	_	
6-5	276-279	per	_	_	_	
6-6	280-287	fudorem	_	_	_	
6-7	288-293	illum	_	_	_	
6-8	294-302	materiem	_	_	_	
6-9	303-313	febrificam	_	_	_	
6-10	314-322	euacuari	_	_	_	
6-11	323-330	credunt	_	_	_	
6-12	331-332	m	_	_	_	
6-13	332-333	)	_	_	_	
6-14	333-334	;	_	_	_	
6-15	335-339	alii	_	_	_	
6-16	340-346	contra	_	_	_	
6-17	347-354	sudorem	Smell\_Source	_	_	
6-18	355-363	olentein	Smell\_Word	*	6-17	
6-19	364-370	febris	_	_	_	
6-20	371-373	ef	_	_	_	
6-21	373-374	.	_	_	_	
6-22	375-382	fectuin	_	_	_	
6-23	383-387	effe	_	_	_	
6-24	388-394	putant	_	_	_	
6-25	394-395	.	_	_	_	

#Text=D.
7-1	396-397	D	_	_	_	
7-2	397-398	.	_	_	_	

#Text=Febres hefticae et phthificae.
8-1	399-405	Febres	_	_	_	
8-2	406-414	hefticae	_	_	_	
8-3	415-417	et	_	_	_	
8-4	418-428	phthificae	_	_	_	
8-5	428-429	.	_	_	_	

#Text=In vltimo horuin morborum stadio fudores oriuntur colliquatiui“ n), qui inprimis noctu vrgent et debilitatem magis magisque augent.
9-1	430-432	In	_	_	_	
9-2	433-439	vltimo	_	_	_	
9-3	440-446	horuin	_	_	_	
9-4	447-455	morborum	_	_	_	
9-5	456-462	stadio	_	_	_	
9-6	463-470	fudores	_	_	_	
9-7	471-479	oriuntur	_	_	_	
9-8	480-492	colliquatiui	_	_	_	
9-9	492-493	“	_	_	_	
9-10	494-495	n	_	_	_	
9-11	495-496	)	_	_	_	
9-12	496-497	,	_	_	_	
9-13	498-501	qui	_	_	_	
9-14	502-510	inprimis	_	_	_	
9-15	511-516	noctu	_	_	_	
9-16	517-523	vrgent	_	_	_	
9-17	524-526	et	_	_	_	
9-18	527-538	debilitatem	_	_	_	
9-19	539-544	magis	_	_	_	
9-20	545-553	magisque	_	_	_	
9-21	554-560	augent	_	_	_	
9-22	560-561	.	_	_	_	

#Text=Viscida et oleosa fudoris indoles oj eiusque odor rancidus, nidorosus, probare mihi videntur, adipem resorbtum illi admixtum esse.
10-1	562-569	Viscida	Smell\_Source[2]	_	_	
10-2	570-572	et	Smell\_Source[2]	_	_	
10-3	573-579	oleosa	Smell\_Source[2]	_	_	
10-4	580-587	fudoris	Smell\_Source[2]	_	_	
10-5	588-595	indoles	Smell\_Source[2]	_	_	
10-6	596-598	oj	_	_	_	
10-7	599-606	eiusque	Smell\_Source	Anaphoric	10-1[2_0]	
10-8	607-611	odor	Smell\_Word	*|*|*	10-7|10-9|10-11	
10-9	612-620	rancidus	Quality	_	_	
10-10	620-621	,	_	_	_	
10-11	622-631	nidorosus	Quality	_	_	
10-12	631-632	,	_	_	_	
10-13	633-640	probare	_	_	_	
10-14	641-645	mihi	_	_	_	
10-15	646-654	videntur	_	_	_	
10-16	654-655	,	_	_	_	
10-17	656-662	adipem	_	_	_	
10-18	663-672	resorbtum	_	_	_	
10-19	673-677	illi	_	_	_	
10-20	678-686	admixtum	_	_	_	
10-21	687-691	esse	_	_	_	
10-22	691-692	.	_	_	_	

#Text=Confirmant hanc opinionem fimma emaciatio p), fimul obferuanda, et analogia ab vrina pingui q) desumta.
11-1	693-703	Confirmant	_	_	_	
11-2	704-708	hanc	_	_	_	
11-3	709-718	opinionem	_	_	_	
11-4	719-724	fimma	_	_	_	
11-5	725-734	emaciatio	_	_	_	
11-6	735-736	p	_	_	_	
11-7	736-737	)	_	_	_	
11-8	737-738	,	_	_	_	
11-9	739-744	fimul	_	_	_	
11-10	745-755	obferuanda	_	_	_	
11-11	755-756	,	_	_	_	
11-12	757-759	et	_	_	_	
11-13	760-768	analogia	_	_	_	
11-14	769-771	ab	_	_	_	
11-15	772-777	vrina	_	_	_	
11-16	778-784	pingui	_	_	_	
11-17	785-786	q	_	_	_	
11-18	786-787	)	_	_	_	
11-19	788-795	desumta	_	_	_	
11-20	795-796	.	_	_	_	

#Text=In phthifi vlcerosa forsan a resorbto pure r) or tum trahunt fudores nocturni.
12-1	797-799	In	_	_	_	
12-2	800-807	phthifi	_	_	_	
12-3	808-816	vlcerosa	_	_	_	
12-4	817-823	forsan	_	_	_	
12-5	824-825	a	_	_	_	
12-6	826-834	resorbto	_	_	_	
12-7	835-839	pure	_	_	_	
12-8	840-841	r	_	_	_	
12-9	841-842	)	_	_	_	
12-10	843-845	or	_	_	_	
12-11	846-849	tum	_	_	_	
12-12	850-857	trahunt	_	_	_	
12-13	858-865	fudores	_	_	_	
12-14	866-874	nocturni	_	_	_	
12-15	874-875	.	_	_	_	

#Text=Praeter
#Text=
#Text=
#Text=
#Text=i) C.
13-1	876-883	Praeter	_	_	_	
13-2	887-888	i	_	_	_	
13-3	888-889	)	_	_	_	
13-4	890-891	C	_	_	_	
13-5	891-892	.	_	_	_	

#Text=L.
14-1	893-894	L	_	_	_	
14-2	894-895	.	_	_	_	

#Text=HOFFMANN vermischte medicinische Schriften v.
15-1	896-904	HOFFMANN	_	_	_	
15-2	905-915	vermischte	_	_	_	
15-3	916-928	medicinische	_	_	_	
15-4	929-938	Schriften	_	_	_	
15-5	939-940	v	_	_	_	
15-6	940-941	.	_	_	_	

#Text=CHAVET.
16-1	942-948	CHAVET	_	_	_	
16-2	948-949	.	_	_	_	

#Text=Theil 3. pag. 433. k) Vogel Theil 3. pag. 365.
#Text=1) VOGEL Theil 1.
#Text=5.
#Text=23. m) HOFFMANN loc.
#Text=cit.
17-1	950-955	Theil	_	_	_	
17-2	956-957	3	_	_	_	
17-3	957-958	.	_	_	_	
17-4	959-962	pag	_	_	_	
17-5	962-963	.	_	_	_	
17-6	964-967	433	_	_	_	
17-7	967-968	.	_	_	_	
17-8	969-970	k	_	_	_	
17-9	970-971	)	_	_	_	
17-10	972-977	Vogel	_	_	_	
17-11	978-983	Theil	_	_	_	
17-12	984-985	3	_	_	_	
17-13	985-986	.	_	_	_	
17-14	987-990	pag	_	_	_	
17-15	990-991	.	_	_	_	
17-16	992-995	365	_	_	_	
17-17	995-996	.	_	_	_	
17-18	997-998	1	_	_	_	
17-19	998-999	)	_	_	_	
17-20	1000-1005	VOGEL	_	_	_	
17-21	1006-1011	Theil	_	_	_	
17-22	1012-1013	1	_	_	_	
17-23	1013-1014	.	_	_	_	
17-24	1015-1016	5	_	_	_	
17-25	1016-1017	.	_	_	_	
17-26	1018-1020	23	_	_	_	
17-27	1020-1021	.	_	_	_	
17-28	1022-1023	m	_	_	_	
17-29	1023-1024	)	_	_	_	
17-30	1025-1033	HOFFMANN	_	_	_	
17-31	1034-1037	loc	_	_	_	
17-32	1037-1038	.	_	_	_	
17-33	1039-1042	cit	_	_	_	
17-34	1042-1043	.	_	_	_	

#Text=Materiem, quac paroxysinum febris inter
#Text=
#Text=mittentis excitat, liquorem corporis humani putredine correptum effe
#Text=
#Text=contendit.
18-1	1044-1052	Materiem	_	_	_	
18-2	1052-1053	,	_	_	_	
18-3	1054-1058	quac	_	_	_	
18-4	1059-1070	paroxysinum	_	_	_	
18-5	1071-1077	febris	_	_	_	
18-6	1078-1083	inter	_	_	_	
18-7	1085-1094	mittentis	_	_	_	
18-8	1095-1102	excitat	_	_	_	
18-9	1102-1103	,	_	_	_	
18-10	1104-1112	liquorem	_	_	_	
18-11	1113-1121	corporis	_	_	_	
18-12	1122-1128	humani	_	_	_	
18-13	1129-1138	putredine	_	_	_	
18-14	1139-1148	correptum	_	_	_	
18-15	1149-1153	effe	_	_	_	
18-16	1155-1164	contendit	_	_	_	
18-17	1164-1165	.	_	_	_	
