#FORMAT=WebAnno TSV 3.3


#Text=Alsoo wort Ierusalem vergeleken by
#Text=het hooft, staende tusschen
#Text=de schouderen, ende Benjamins lant, by’t lichaem.
#Text=tusschen sijne schouderen sal hy woonen.
#Text=
#Text=13
#Text=
#Text=Ende van Ioseph
#Text=seyde
#Text=hy;
#Text=Genes.
#Text=49.25.
1-1	2-7	Alsoo	
1-2	8-12	wort	
1-3	13-22	Ierusalem	
1-4	23-33	vergeleken	
1-5	34-36	by	
1-6	37-40	het	
1-7	41-46	hooft	
1-8	46-47	,	
1-9	48-55	staende	
1-10	56-64	tusschen	
1-11	65-67	de	
1-12	68-78	schouderen	
1-13	78-79	,	
1-14	80-84	ende	
1-15	85-94	Benjamins	
1-16	95-99	lant	
1-17	99-100	,	
1-18	101-103	by	
1-19	103-104	’	
1-20	104-105	t	
1-21	106-113	lichaem	
1-22	113-114	.	
1-23	115-123	tusschen	
1-24	124-129	sijne	
1-25	130-140	schouderen	
1-26	141-144	sal	
1-27	145-147	hy	
1-28	148-154	woonen	
1-29	154-155	.	
1-30	157-159	13	
1-31	161-165	Ende	
1-32	166-169	van	
1-33	170-176	Ioseph	
1-34	177-182	seyde	
1-35	183-185	hy	
1-36	185-186	;	
1-37	187-192	Genes	
1-38	192-193	.	
1-39	194-199	49.25	
1-40	199-200	.	

#Text=Sijn lant zy gezegent van den HEERE, van het Verstaet, de uytnemenste vruchten, die door den regen der lucht voort komen ende wassen.
2-1	201-205	Sijn	
2-2	206-210	lant	
2-3	211-213	zy	
2-4	214-222	gezegent	
2-5	223-226	van	
2-6	227-230	den	
2-7	231-236	HEERE	
2-8	236-237	,	
2-9	238-241	van	
2-10	242-245	het	
2-11	246-254	Verstaet	
2-12	254-255	,	
2-13	256-258	de	
2-14	259-270	uytnemenste	
2-15	271-279	vruchten	
2-16	279-280	,	
2-17	281-284	die	
2-18	285-289	door	
2-19	290-293	den	
2-20	294-299	regen	
2-21	300-303	der	
2-22	304-309	lucht	
2-23	310-315	voort	
2-24	316-321	komen	
2-25	322-326	ende	
2-26	327-333	wassen	
2-27	333-334	.	

#Text=Siet Genes.
#Text=49.25.
#Text=uytnemenste des hemels, van den dauw, ende van de D. de diepe wateren.
3-1	335-339	Siet	
3-2	340-345	Genes	
3-3	345-346	.	
3-4	347-352	49.25	
3-5	352-353	.	
3-6	354-365	uytnemenste	
3-7	366-369	des	
3-8	370-376	hemels	
3-9	376-377	,	
3-10	378-381	van	
3-11	382-385	den	
3-12	386-390	dauw	
3-13	390-391	,	
3-14	392-396	ende	
3-15	397-400	van	
3-16	401-403	de	
3-17	404-405	D	
3-18	405-406	.	
3-19	407-409	de	
3-20	410-415	diepe	
3-21	416-423	wateren	
3-22	423-424	.	

#Text=Siet Genes.
#Text=49.
#Text=op vers 25. diepte, die beneden is liggende:
#Text=
#Text=14
#Text=
#Text=
#Text=Ende
4-1	425-429	Siet	
4-2	430-435	Genes	
4-3	435-436	.	
4-4	437-439	49	
4-5	439-440	.	
4-6	441-443	op	
4-7	444-448	vers	
4-8	449-451	25	
4-9	451-452	.	
4-10	453-459	diepte	
4-11	459-460	,	
4-12	461-464	die	
4-13	465-472	beneden	
4-14	473-475	is	
4-15	476-484	liggende	
4-16	484-485	:	
4-17	487-489	14	
4-18	492-496	Ende	
