#FORMAT=WebAnno TSV 3.3


#Text=7 Nunc creata sunt et non ex tunc ; et ante diem, et non audisti ea, ne forte dicas : Ecce ego cognovi ea.
#Text=8 Neque audisti, neque cognovisti, neque ex tunc aperta est auris tua : scio enim quia prævaricans prævaricaberis, et transgressorem ex utero vocavi te.
#Text=9 Propter nomen meum longe faciam furorem meum, et laude mea infrenabo te, ne intereas.
#Text=10 Ecce excoxi te, sed non quasi argentum ; elegi te in camino paupertatis.
#Text=11 Propter me, propter me faciam, ut non blasphemer ; et gloriam meam alteri non dabo.
#Text=12 Audi me, Jacob, et Israël, quem ego voco : ego ipse, ego primus, et ego novissimus.
#Text=13 Manus quoque mea fundavit terram, et dextera mea mensa est cælos ; ego vocabo eos, et stabunt simul.
#Text=14 Congregamini, omnes vos, et audite : quis de eis annuntiavit hæc ?
1-1	2-3	7	
1-2	4-8	Nunc	
1-3	9-15	creata	
1-4	16-20	sunt	
1-5	21-23	et	
1-6	24-27	non	
1-7	28-30	ex	
1-8	31-35	tunc	
1-9	36-37	;	
1-10	38-40	et	
1-11	41-45	ante	
1-12	46-50	diem	
1-13	50-51	,	
1-14	52-54	et	
1-15	55-58	non	
1-16	59-66	audisti	
1-17	67-69	ea	
1-18	69-70	,	
1-19	71-73	ne	
1-20	74-79	forte	
1-21	80-85	dicas	
1-22	86-87	:	
1-23	88-92	Ecce	
1-24	93-96	ego	
1-25	97-104	cognovi	
1-26	105-107	ea	
1-27	107-108	.	
1-28	109-110	8	
1-29	111-116	Neque	
1-30	117-124	audisti	
1-31	124-125	,	
1-32	126-131	neque	
1-33	132-142	cognovisti	
1-34	142-143	,	
1-35	144-149	neque	
1-36	150-152	ex	
1-37	153-157	tunc	
1-38	158-164	aperta	
1-39	165-168	est	
1-40	169-174	auris	
1-41	175-178	tua	
1-42	179-180	:	
1-43	181-185	scio	
1-44	186-190	enim	
1-45	191-195	quia	
1-46	196-207	prævaricans	
1-47	208-222	prævaricaberis	
1-48	222-223	,	
1-49	224-226	et	
1-50	227-241	transgressorem	
1-51	242-244	ex	
1-52	245-250	utero	
1-53	251-257	vocavi	
1-54	258-260	te	
1-55	260-261	.	
1-56	262-263	9	
1-57	264-271	Propter	
1-58	272-277	nomen	
1-59	278-282	meum	
1-60	283-288	longe	
1-61	289-295	faciam	
1-62	296-303	furorem	
1-63	304-308	meum	
1-64	308-309	,	
1-65	310-312	et	
1-66	313-318	laude	
1-67	319-322	mea	
1-68	323-332	infrenabo	
1-69	333-335	te	
1-70	335-336	,	
1-71	337-339	ne	
1-72	340-348	intereas	
1-73	348-349	.	
1-74	350-352	10	
1-75	353-357	Ecce	
1-76	358-364	excoxi	
1-77	365-367	te	
1-78	367-368	,	
1-79	369-372	sed	
1-80	373-376	non	
1-81	377-382	quasi	
1-82	383-391	argentum	
1-83	392-393	;	
1-84	394-399	elegi	
1-85	400-402	te	
1-86	403-405	in	
1-87	406-412	camino	
1-88	413-424	paupertatis	
1-89	424-425	.	
1-90	426-428	11	
1-91	429-436	Propter	
1-92	437-439	me	
1-93	439-440	,	
1-94	441-448	propter	
1-95	449-451	me	
1-96	452-458	faciam	
1-97	458-459	,	
1-98	460-462	ut	
1-99	463-466	non	
1-100	467-477	blasphemer	
1-101	478-479	;	
1-102	480-482	et	
1-103	483-490	gloriam	
1-104	491-495	meam	
1-105	496-502	alteri	
1-106	503-506	non	
1-107	507-511	dabo	
1-108	511-512	.	
1-109	513-515	12	
1-110	516-520	Audi	
1-111	521-523	me	
1-112	523-524	,	
1-113	525-530	Jacob	
1-114	530-531	,	
1-115	532-534	et	
1-116	535-541	Israël	
1-117	541-542	,	
1-118	543-547	quem	
1-119	548-551	ego	
1-120	552-556	voco	
1-121	557-558	:	
1-122	559-562	ego	
1-123	563-567	ipse	
1-124	567-568	,	
1-125	569-572	ego	
1-126	573-579	primus	
1-127	579-580	,	
1-128	581-583	et	
1-129	584-587	ego	
1-130	588-598	novissimus	
1-131	598-599	.	
1-132	600-602	13	
1-133	603-608	Manus	
1-134	609-615	quoque	
1-135	616-619	mea	
1-136	620-628	fundavit	
1-137	629-635	terram	
1-138	635-636	,	
1-139	637-639	et	
1-140	640-647	dextera	
1-141	648-651	mea	
1-142	652-657	mensa	
1-143	658-661	est	
1-144	662-667	cælos	
1-145	668-669	;	
1-146	670-673	ego	
1-147	674-680	vocabo	
1-148	681-684	eos	
1-149	684-685	,	
1-150	686-688	et	
1-151	689-696	stabunt	
1-152	697-702	simul	
1-153	702-703	.	
1-154	704-706	14	
1-155	707-719	Congregamini	
1-156	719-720	,	
1-157	721-726	omnes	
1-158	727-730	vos	
1-159	730-731	,	
1-160	732-734	et	
1-161	735-741	audite	
1-162	742-743	:	
1-163	744-748	quis	
1-164	749-751	de	
1-165	752-755	eis	
1-166	756-767	annuntiavit	
1-167	768-771	hæc	
1-168	772-773	?	

#Text=Dominus dilexit eum, faciet voluntatem suam in Babylone, et brachium suum in Chaldæis.
#Text=15 Ego, ego locutus sum, et vocavi eum ; adduxi eum, et directa est via ejus.
#Text=16 Accedite ad me et audite hoc : non a principio in abscondito locutus sum : ex tempore antequam fieret, ibi eram : et nunc Dominus Deus misit me, et spiritus ejus.
#Text=17 Hæc dicit Dominus, redemptor tuus, Sanctus Israël : Ego Dominus Deus tuus, docens te utilia, gubernans te in via qua ambulas.
#Text=18 Utinam attendisses mandata mea : facta fuisset sicut flumen pax tua, et justitia tua sicut gurgites maris : 19 et fuisset quasi arena semen tuum, et stirps uteri tui ut lapilli ejus ; non interisset et non fuisset attritum nomen ejus a facie mea.
#Text=20 Egredimini de Babylone, fugite a Chaldæis, in voce exsultationis annuntiate : auditum facite hoc, et efferte illud usque ad extrema terræ.
2-1	774-781	Dominus	
2-2	782-789	dilexit	
2-3	790-793	eum	
2-4	793-794	,	
2-5	795-801	faciet	
2-6	802-812	voluntatem	
2-7	813-817	suam	
2-8	818-820	in	
2-9	821-829	Babylone	
2-10	829-830	,	
2-11	831-833	et	
2-12	834-842	brachium	
2-13	843-847	suum	
2-14	848-850	in	
2-15	851-859	Chaldæis	
2-16	859-860	.	
2-17	861-863	15	
2-18	864-867	Ego	
2-19	867-868	,	
2-20	869-872	ego	
2-21	873-880	locutus	
2-22	881-884	sum	
2-23	884-885	,	
2-24	886-888	et	
2-25	889-895	vocavi	
2-26	896-899	eum	
2-27	900-901	;	
2-28	902-908	adduxi	
2-29	909-912	eum	
2-30	912-913	,	
2-31	914-916	et	
2-32	917-924	directa	
2-33	925-928	est	
2-34	929-932	via	
2-35	933-937	ejus	
2-36	937-938	.	
2-37	939-941	16	
2-38	942-950	Accedite	
2-39	951-953	ad	
2-40	954-956	me	
2-41	957-959	et	
2-42	960-966	audite	
2-43	967-970	hoc	
2-44	971-972	:	
2-45	973-976	non	
2-46	977-978	a	
2-47	979-988	principio	
2-48	989-991	in	
2-49	992-1002	abscondito	
2-50	1003-1010	locutus	
2-51	1011-1014	sum	
2-52	1015-1016	:	
2-53	1017-1019	ex	
2-54	1020-1027	tempore	
2-55	1028-1036	antequam	
2-56	1037-1043	fieret	
2-57	1043-1044	,	
2-58	1045-1048	ibi	
2-59	1049-1053	eram	
2-60	1054-1055	:	
2-61	1056-1058	et	
2-62	1059-1063	nunc	
2-63	1064-1071	Dominus	
2-64	1072-1076	Deus	
2-65	1077-1082	misit	
2-66	1083-1085	me	
2-67	1085-1086	,	
2-68	1087-1089	et	
2-69	1090-1098	spiritus	
2-70	1099-1103	ejus	
2-71	1103-1104	.	
2-72	1105-1107	17	
2-73	1108-1111	Hæc	
2-74	1112-1117	dicit	
2-75	1118-1125	Dominus	
2-76	1125-1126	,	
2-77	1127-1136	redemptor	
2-78	1137-1141	tuus	
2-79	1141-1142	,	
2-80	1143-1150	Sanctus	
2-81	1151-1157	Israël	
2-82	1158-1159	:	
2-83	1160-1163	Ego	
2-84	1164-1171	Dominus	
2-85	1172-1176	Deus	
2-86	1177-1181	tuus	
2-87	1181-1182	,	
2-88	1183-1189	docens	
2-89	1190-1192	te	
2-90	1193-1199	utilia	
2-91	1199-1200	,	
2-92	1201-1210	gubernans	
2-93	1211-1213	te	
2-94	1214-1216	in	
2-95	1217-1220	via	
2-96	1221-1224	qua	
2-97	1225-1232	ambulas	
2-98	1232-1233	.	
2-99	1234-1236	18	
2-100	1237-1243	Utinam	
2-101	1244-1255	attendisses	
2-102	1256-1263	mandata	
2-103	1264-1267	mea	
2-104	1268-1269	:	
2-105	1270-1275	facta	
2-106	1276-1283	fuisset	
2-107	1284-1289	sicut	
2-108	1290-1296	flumen	
2-109	1297-1300	pax	
2-110	1301-1304	tua	
2-111	1304-1305	,	
2-112	1306-1308	et	
2-113	1309-1317	justitia	
2-114	1318-1321	tua	
2-115	1322-1327	sicut	
2-116	1328-1336	gurgites	
2-117	1337-1342	maris	
2-118	1343-1344	:	
2-119	1345-1347	19	
2-120	1348-1350	et	
2-121	1351-1358	fuisset	
2-122	1359-1364	quasi	
2-123	1365-1370	arena	
2-124	1371-1376	semen	
2-125	1377-1381	tuum	
2-126	1381-1382	,	
2-127	1383-1385	et	
2-128	1386-1392	stirps	
2-129	1393-1398	uteri	
2-130	1399-1402	tui	
2-131	1403-1405	ut	
2-132	1406-1413	lapilli	
2-133	1414-1418	ejus	
2-134	1419-1420	;	
2-135	1421-1424	non	
2-136	1425-1435	interisset	
2-137	1436-1438	et	
2-138	1439-1442	non	
2-139	1443-1450	fuisset	
2-140	1451-1459	attritum	
2-141	1460-1465	nomen	
2-142	1466-1470	ejus	
2-143	1471-1472	a	
2-144	1473-1478	facie	
2-145	1479-1482	mea	
2-146	1482-1483	.	
2-147	1484-1486	20	
2-148	1487-1497	Egredimini	
2-149	1498-1500	de	
2-150	1501-1509	Babylone	
2-151	1509-1510	,	
2-152	1511-1517	fugite	
2-153	1518-1519	a	
2-154	1520-1528	Chaldæis	
2-155	1528-1529	,	
2-156	1530-1532	in	
2-157	1533-1537	voce	
2-158	1538-1551	exsultationis	
2-159	1552-1562	annuntiate	
2-160	1563-1564	:	
2-161	1565-1572	auditum	
2-162	1573-1579	facite	
2-163	1580-1583	hoc	
2-164	1583-1584	,	
2-165	1585-1587	et	
2-166	1588-1595	efferte	
2-167	1596-1601	illud	
2-168	1602-1607	usque	
2-169	1608-1610	ad	
2-170	1611-1618	extrema	
2-171	1619-1624	terræ	
2-172	1624-1625	.	

#Text=Dicite : Redemit Dominus servum suum Jacob.
#Text=21 Non sitierunt in deserto, cum educeret eos : aquam de petra produxit eis, et scidit petram, et fluxerunt aquæ.
#Text=22 Non est pax impiis, dicit Dominus.
3-1	1626-1632	Dicite	
3-2	1633-1634	:	
3-3	1635-1642	Redemit	
3-4	1643-1650	Dominus	
3-5	1651-1657	servum	
3-6	1658-1662	suum	
3-7	1663-1668	Jacob	
3-8	1668-1669	.	
3-9	1670-1672	21	
3-10	1673-1676	Non	
3-11	1677-1686	sitierunt	
3-12	1687-1689	in	
3-13	1690-1697	deserto	
3-14	1697-1698	,	
3-15	1699-1702	cum	
3-16	1703-1711	educeret	
3-17	1712-1715	eos	
3-18	1716-1717	:	
3-19	1718-1723	aquam	
3-20	1724-1726	de	
3-21	1727-1732	petra	
3-22	1733-1741	produxit	
3-23	1742-1745	eis	
3-24	1745-1746	,	
3-25	1747-1749	et	
3-26	1750-1756	scidit	
3-27	1757-1763	petram	
3-28	1763-1764	,	
3-29	1765-1767	et	
3-30	1768-1777	fluxerunt	
3-31	1778-1782	aquæ	
3-32	1782-1783	.	
3-33	1784-1786	22	
3-34	1787-1790	Non	
3-35	1791-1794	est	
3-36	1795-1798	pax	
3-37	1799-1805	impiis	
3-38	1805-1806	,	
3-39	1807-1812	dicit	
3-40	1813-1820	Dominus	
3-41	1820-1821	.	

#Text=Caput 49
#Text=
#Text=
#Text=1 Audite, insulæ, et attendite, populi de longe : Dominus ab utero vocavit me ; de ventre matris meæ recordatus est nominis mei.
#Text=2 Et posuit os meum quasi gladium acutum, in umbra manus suæ protexit me, et posuit me sicut sagittam electam : in pharetra sua abscondit me.
#Text=3 Et dixit mihi : Servus meus es tu Israël, quia in te gloriabor.
4-1	1822-1827	Caput	
4-2	1828-1830	49	
4-3	1833-1834	1	
4-4	1835-1841	Audite	
4-5	1841-1842	,	
4-6	1843-1849	insulæ	
4-7	1849-1850	,	
4-8	1851-1853	et	
4-9	1854-1863	attendite	
4-10	1863-1864	,	
4-11	1865-1871	populi	
4-12	1872-1874	de	
4-13	1875-1880	longe	
4-14	1881-1882	:	
4-15	1883-1890	Dominus	
4-16	1891-1893	ab	
4-17	1894-1899	utero	
4-18	1900-1907	vocavit	
4-19	1908-1910	me	
4-20	1911-1912	;	
4-21	1913-1915	de	
4-22	1916-1922	ventre	
4-23	1923-1929	matris	
4-24	1930-1933	meæ	
4-25	1934-1944	recordatus	
4-26	1945-1948	est	
4-27	1949-1956	nominis	
4-28	1957-1960	mei	
4-29	1960-1961	.	
4-30	1962-1963	2	
4-31	1964-1966	Et	
4-32	1967-1973	posuit	
4-33	1974-1976	os	
4-34	1977-1981	meum	
4-35	1982-1987	quasi	
4-36	1988-1995	gladium	
4-37	1996-2002	acutum	
4-38	2002-2003	,	
4-39	2004-2006	in	
4-40	2007-2012	umbra	
4-41	2013-2018	manus	
4-42	2019-2022	suæ	
4-43	2023-2031	protexit	
4-44	2032-2034	me	
4-45	2034-2035	,	
4-46	2036-2038	et	
4-47	2039-2045	posuit	
4-48	2046-2048	me	
4-49	2049-2054	sicut	
4-50	2055-2063	sagittam	
4-51	2064-2071	electam	
4-52	2072-2073	:	
4-53	2074-2076	in	
4-54	2077-2085	pharetra	
4-55	2086-2089	sua	
4-56	2090-2099	abscondit	
4-57	2100-2102	me	
4-58	2102-2103	.	
4-59	2104-2105	3	
4-60	2106-2108	Et	
4-61	2109-2114	dixit	
4-62	2115-2119	mihi	
4-63	2120-2121	:	
4-64	2122-2128	Servus	
4-65	2129-2133	meus	
4-66	2134-2136	es	
4-67	2137-2139	tu	
4-68	2140-2146	Israël	
4-69	2146-2147	,	
4-70	2148-2152	quia	
4-71	2153-2155	in	
4-72	2156-2158	te	
4-73	2159-2168	gloriabor	
4-74	2168-2169	.	
