#FORMAT=WebAnno TSV 3.3
#T_SP=custom.Span|label
#T_RL=custom.Relation|label|BT_custom.Span


#Text=Bei Nacht war
#Text=
#Text=
#Text=1
#Text=Don Matthias Yturburi, ein geborener Biscayer
1-1	2-5	Bei	_	_	_	
1-2	6-11	Nacht	_	_	_	
1-3	12-15	war	_	_	_	
1-4	18-19	1	_	_	_	
1-5	20-23	Don	_	_	_	
1-6	24-32	Matthias	_	_	_	
1-7	33-41	Yturburi	_	_	_	
1-8	41-42	,	_	_	_	
1-9	43-46	ein	_	_	_	
1-10	47-56	geborener	_	_	_	
1-11	57-65	Biscayer	_	_	_	

#Text=.
2-1	65-66	.	_	_	_	

#Text=[249/0265
#Text=]
#Text=
#Text=es daher um 7° kühler als an der Küſte, was, da die
#Text=Hochebene des Cocollar nicht ſo hoch liegt als die Stadt
#Text=Caracas, wiederum auf eine ausnehmend raſche Wärmeabnahme
#Text=hinweiſt.
3-1	70-71	[	_	_	_	
3-2	71-74	249	_	_	_	
3-3	74-75	/	_	_	_	
3-4	75-79	0265	_	_	_	
3-5	80-81	]	_	_	_	
3-6	83-85	es	_	_	_	
3-7	86-91	daher	_	_	_	
3-8	92-94	um	_	_	_	
3-9	95-96	7	_	_	_	
3-10	96-97	°	_	_	_	
3-11	98-104	kühler	_	_	_	
3-12	105-108	als	_	_	_	
3-13	109-111	an	_	_	_	
3-14	112-115	der	_	_	_	
3-15	116-121	Küſte	_	_	_	
3-16	121-122	,	_	_	_	
3-17	123-126	was	_	_	_	
3-18	126-127	,	_	_	_	
3-19	128-130	da	_	_	_	
3-20	131-134	die	_	_	_	
3-21	135-144	Hochebene	_	_	_	
3-22	145-148	des	_	_	_	
3-23	149-157	Cocollar	_	_	_	
3-24	158-163	nicht	_	_	_	
3-25	164-166	ſo	_	_	_	
3-26	167-171	hoch	_	_	_	
3-27	172-177	liegt	_	_	_	
3-28	178-181	als	_	_	_	
3-29	182-185	die	_	_	_	
3-30	186-191	Stadt	_	_	_	
3-31	192-199	Caracas	_	_	_	
3-32	199-200	,	_	_	_	
3-33	201-209	wiederum	_	_	_	
3-34	210-213	auf	_	_	_	
3-35	214-218	eine	_	_	_	
3-36	219-229	ausnehmend	_	_	_	
3-37	230-236	raſche	_	_	_	
3-38	237-249	Wärmeabnahme	_	_	_	
3-39	250-258	hinweiſt	_	_	_	
3-40	258-259	.	_	_	_	

#Text=So weit das Auge reicht, ſieht man auf dem hohen Punkte
#Text=
#Text=nichts als kahle Savannen;
#Text=nur hin und wieder tauchen aus
#Text=den Schluchten kleine Baumgruppen auf, und trotz der ſchein-
#Text=baren Einförmigkeit der Vegetation findet man ausnehmend
#Text=viele ſehr intereſſante Pflanzen.
4-1	263-265	So	_	_	_	
4-2	266-270	weit	_	_	_	
4-3	271-274	das	_	_	_	
4-4	275-279	Auge	_	_	_	
4-5	280-286	reicht	_	_	_	
4-6	286-287	,	_	_	_	
4-7	288-293	ſieht	_	_	_	
4-8	294-297	man	_	_	_	
4-9	298-301	auf	_	_	_	
4-10	302-305	dem	_	_	_	
4-11	306-311	hohen	_	_	_	
4-12	312-318	Punkte	_	_	_	
4-13	320-326	nichts	_	_	_	
4-14	327-330	als	_	_	_	
4-15	331-336	kahle	_	_	_	
4-16	337-345	Savannen	_	_	_	
4-17	345-346	;	_	_	_	
4-18	347-350	nur	_	_	_	
4-19	351-354	hin	_	_	_	
4-20	355-358	und	_	_	_	
4-21	359-365	wieder	_	_	_	
4-22	366-373	tauchen	_	_	_	
4-23	374-377	aus	_	_	_	
4-24	378-381	den	_	_	_	
4-25	382-392	Schluchten	_	_	_	
4-26	393-399	kleine	_	_	_	
4-27	400-411	Baumgruppen	_	_	_	
4-28	412-415	auf	_	_	_	
4-29	415-416	,	_	_	_	
4-30	417-420	und	_	_	_	
4-31	421-426	trotz	_	_	_	
4-32	427-430	der	_	_	_	
4-33	431-437	ſchein	_	_	_	
4-34	437-438	-	_	_	_	
4-35	439-444	baren	_	_	_	
4-36	445-458	Einförmigkeit	_	_	_	
4-37	459-462	der	_	_	_	
4-38	463-473	Vegetation	_	_	_	
4-39	474-480	findet	_	_	_	
4-40	481-484	man	_	_	_	
4-41	485-495	ausnehmend	_	_	_	
4-42	496-501	viele	_	_	_	
4-43	502-506	ſehr	_	_	_	
4-44	507-519	intereſſante	_	_	_	
4-45	520-528	Pflanzen	_	_	_	
4-46	528-529	.	_	_	_	

#Text=Wir führen hier nur an eine
#Text=prachtvolle Lobelia mit purpurnen Blüten,
#Text=die Brownea
#Text=coccinea, die über 30 m hoch wird, und vor allen den Pejoa,
#Text=der im Lande berühmt iſt, weil ſeine Blätter, wenn man ſie
#Text=zwiſchen den Fingern zerreibt, einen köſtlichen, aromatiſchen
#Text=Geruch von ſich geben.
5-1	530-533	Wir	_	_	_	
5-2	534-540	führen	_	_	_	
5-3	541-545	hier	_	_	_	
5-4	546-549	nur	_	_	_	
5-5	550-552	an	_	_	_	
5-6	553-557	eine	_	_	_	
5-7	558-569	prachtvolle	_	_	_	
5-8	570-577	Lobelia	_	_	_	
5-9	578-581	mit	_	_	_	
5-10	582-591	purpurnen	_	_	_	
5-11	592-598	Blüten	_	_	_	
5-12	598-599	,	_	_	_	
5-13	600-603	die	_	_	_	
5-14	604-611	Brownea	_	_	_	
5-15	612-620	coccinea	_	_	_	
5-16	620-621	,	_	_	_	
5-17	622-625	die	_	_	_	
5-18	626-630	über	_	_	_	
5-19	631-633	30	_	_	_	
5-20	634-635	m	_	_	_	
5-21	636-640	hoch	_	_	_	
5-22	641-645	wird	_	_	_	
5-23	645-646	,	_	_	_	
5-24	647-650	und	_	_	_	
5-25	651-654	vor	_	_	_	
5-26	655-660	allen	_	_	_	
5-27	661-664	den	_	_	_	
5-28	665-670	Pejoa	_	_	_	
5-29	670-671	,	_	_	_	
5-30	672-675	der	_	_	_	
5-31	676-678	im	_	_	_	
5-32	679-684	Lande	_	_	_	
5-33	685-692	berühmt	_	_	_	
5-34	693-696	iſt	_	_	_	
5-35	696-697	,	_	_	_	
5-36	698-702	weil	_	_	_	
5-37	703-708	ſeine	_	_	_	
5-38	709-716	Blätter	Smell\_Source	_	_	
5-39	716-717	,	_	_	_	
5-40	718-722	wenn	Circumstances[1]	_	_	
5-41	723-726	man	Circumstances[1]	_	_	
5-42	727-730	ſie	Circumstances[1]	_	_	
5-43	731-739	zwiſchen	Circumstances[1]	_	_	
5-44	740-743	den	Circumstances[1]	_	_	
5-45	744-751	Fingern	Circumstances[1]	_	_	
5-46	752-760	zerreibt	Circumstances[1]	_	_	
5-47	760-761	,	_	_	_	
5-48	762-767	einen	_	_	_	
5-49	768-778	köſtlichen	Quality	_	_	
5-50	778-779	,	_	_	_	
5-51	780-792	aromatiſchen	Quality	_	_	
5-52	793-799	Geruch	Smell\_Word	*|*|*|*	5-51|5-49|5-38|5-40[1_0]	
5-53	800-803	von	_	_	_	
5-54	804-808	ſich	_	_	_	
5-55	809-814	geben	_	_	_	
5-56	814-815	.	_	_	_	

#Text=Was uns aber am meiſten am ein-
#Text=ſamen Orte entzückte, das war die Schönheit und Stille der
#Text=Nächte.
6-1	816-819	Was	_	_	_	
6-2	820-823	uns	_	_	_	
6-3	824-828	aber	_	_	_	
6-4	829-831	am	_	_	_	
6-5	832-839	meiſten	_	_	_	
6-6	840-842	am	_	_	_	
6-7	843-846	ein	_	_	_	
6-8	846-847	-	_	_	_	
6-9	848-853	ſamen	_	_	_	
6-10	854-858	Orte	_	_	_	
6-11	859-868	entzückte	_	_	_	
6-12	868-869	,	_	_	_	
6-13	870-873	das	_	_	_	
6-14	874-877	war	_	_	_	
6-15	878-881	die	_	_	_	
6-16	882-891	Schönheit	_	_	_	
6-17	892-895	und	_	_	_	
6-18	896-902	Stille	_	_	_	
6-19	903-906	der	_	_	_	
6-20	907-913	Nächte	_	_	_	
6-21	913-914	.	_	_	_	

#Text=Der Eigentümer des Hofes blieb mit uns wach.
7-1	915-918	Der	_	_	_	
7-2	919-929	Eigentümer	_	_	_	
7-3	930-933	des	_	_	_	
7-4	934-939	Hofes	_	_	_	
7-5	940-945	blieb	_	_	_	
7-6	946-949	mit	_	_	_	
7-7	950-953	uns	_	_	_	
7-8	954-958	wach	_	_	_	
7-9	958-959	.	_	_	_	

#Text=Er ſchien ſich daran zu weiden, wie Europäer, die eben erſt
#Text=unter die Tropen gekommen, ſich nicht genug wundern konnten
#Text=über die friſche Frühlingsluft, deren man nach Sonnenunter-
#Text=gang hier auf den Bergen genießt.
8-1	961-963	Er	_	_	_	
8-2	964-970	ſchien	_	_	_	
8-3	971-975	ſich	_	_	_	
8-4	976-981	daran	_	_	_	
8-5	982-984	zu	_	_	_	
8-6	985-991	weiden	_	_	_	
8-7	991-992	,	_	_	_	
8-8	993-996	wie	_	_	_	
8-9	997-1005	Europäer	_	_	_	
8-10	1005-1006	,	_	_	_	
8-11	1007-1010	die	_	_	_	
8-12	1011-1015	eben	_	_	_	
8-13	1016-1020	erſt	_	_	_	
8-14	1021-1026	unter	_	_	_	
8-15	1027-1030	die	_	_	_	
8-16	1031-1037	Tropen	_	_	_	
8-17	1038-1046	gekommen	_	_	_	
8-18	1046-1047	,	_	_	_	
8-19	1048-1052	ſich	_	_	_	
8-20	1053-1058	nicht	_	_	_	
8-21	1059-1064	genug	_	_	_	
8-22	1065-1072	wundern	_	_	_	
8-23	1073-1080	konnten	_	_	_	
8-24	1081-1085	über	_	_	_	
8-25	1086-1089	die	_	_	_	
8-26	1090-1097	friſche	_	_	_	
8-27	1098-1111	Frühlingsluft	_	_	_	
8-28	1111-1112	,	_	_	_	
8-29	1113-1118	deren	_	_	_	
8-30	1119-1122	man	_	_	_	
8-31	1123-1127	nach	_	_	_	
8-32	1128-1139	Sonnenunter	_	_	_	
8-33	1139-1140	-	_	_	_	
8-34	1141-1145	gang	_	_	_	
8-35	1146-1150	hier	_	_	_	
8-36	1151-1154	auf	_	_	_	
8-37	1155-1158	den	_	_	_	
8-38	1159-1165	Bergen	_	_	_	
8-39	1166-1173	genießt	_	_	_	
8-40	1173-1174	.	_	_	_	

#Text=In jenen fernen Ländern,
#Text=wo der Menſch die Gaben der Natur noch voll zu ſchätzen
#Text=
#Text=weiß, preiſt der Grundeigentümer das Waſſer ſeiner Quelle,
#Text=den geſunden Wind, der um den Hügel weht, und daß es
#Text=keine ſchädlichen Inſekten gibt, wie wir in Europa uns der
#Text=Vorzüge unſeres Wohnhauſes oder des maleriſchen Effektes
#Text=
#Text=unſerer Pflanzungen rühmen.
9-1	1175-1177	In	_	_	_	
9-2	1178-1183	jenen	_	_	_	
9-3	1184-1190	fernen	_	_	_	
9-4	1191-1198	Ländern	_	_	_	
9-5	1198-1199	,	_	_	_	
9-6	1200-1202	wo	_	_	_	
9-7	1203-1206	der	_	_	_	
9-8	1207-1213	Menſch	_	_	_	
9-9	1214-1217	die	_	_	_	
9-10	1218-1223	Gaben	_	_	_	
9-11	1224-1227	der	_	_	_	
9-12	1228-1233	Natur	_	_	_	
9-13	1234-1238	noch	_	_	_	
9-14	1239-1243	voll	_	_	_	
9-15	1244-1246	zu	_	_	_	
9-16	1247-1255	ſchätzen	_	_	_	
9-17	1257-1261	weiß	_	_	_	
9-18	1261-1262	,	_	_	_	
9-19	1263-1269	preiſt	_	_	_	
9-20	1270-1273	der	_	_	_	
9-21	1274-1289	Grundeigentümer	_	_	_	
9-22	1290-1293	das	_	_	_	
9-23	1294-1300	Waſſer	_	_	_	
9-24	1301-1307	ſeiner	_	_	_	
9-25	1308-1314	Quelle	_	_	_	
9-26	1314-1315	,	_	_	_	
9-27	1316-1319	den	_	_	_	
9-28	1320-1328	geſunden	_	_	_	
9-29	1329-1333	Wind	_	_	_	
9-30	1333-1334	,	_	_	_	
9-31	1335-1338	der	_	_	_	
9-32	1339-1341	um	_	_	_	
9-33	1342-1345	den	_	_	_	
9-34	1346-1351	Hügel	_	_	_	
9-35	1352-1356	weht	_	_	_	
9-36	1356-1357	,	_	_	_	
9-37	1358-1361	und	_	_	_	
9-38	1362-1365	daß	_	_	_	
9-39	1366-1368	es	_	_	_	
9-40	1369-1374	keine	_	_	_	
9-41	1375-1386	ſchädlichen	_	_	_	
9-42	1387-1395	Inſekten	_	_	_	
9-43	1396-1400	gibt	_	_	_	
9-44	1400-1401	,	_	_	_	
9-45	1402-1405	wie	_	_	_	
9-46	1406-1409	wir	_	_	_	
9-47	1410-1412	in	_	_	_	
9-48	1413-1419	Europa	_	_	_	
9-49	1420-1423	uns	_	_	_	
9-50	1424-1427	der	_	_	_	
9-51	1428-1435	Vorzüge	_	_	_	
9-52	1436-1443	unſeres	_	_	_	
9-53	1444-1454	Wohnhauſes	_	_	_	
9-54	1455-1459	oder	_	_	_	
9-55	1460-1463	des	_	_	_	
9-56	1464-1475	maleriſchen	_	_	_	
9-57	1476-1484	Effektes	_	_	_	
9-58	1486-1493	unſerer	_	_	_	
9-59	1494-1505	Pflanzungen	_	_	_	
9-60	1506-1512	rühmen	_	_	_	
9-61	1512-1513	.	_	_	_	

#Text=Unſer Wirt war mit einer Mannſchaft, die an der Küſte
#Text=des Meerbuſens von Paria Holzſchläge für die ſpaniſche Marine
#Text=
#Text=einrichten ſollte, in die Neue Welt gekommen.
10-1	1517-1522	Unſer	_	_	_	
10-2	1523-1527	Wirt	_	_	_	
10-3	1528-1531	war	_	_	_	
10-4	1532-1535	mit	_	_	_	
10-5	1536-1541	einer	_	_	_	
10-6	1542-1552	Mannſchaft	_	_	_	
10-7	1552-1553	,	_	_	_	
10-8	1554-1557	die	_	_	_	
10-9	1558-1560	an	_	_	_	
10-10	1561-1564	der	_	_	_	
10-11	1565-1570	Küſte	_	_	_	
10-12	1571-1574	des	_	_	_	
10-13	1575-1585	Meerbuſens	_	_	_	
10-14	1586-1589	von	_	_	_	
10-15	1590-1595	Paria	_	_	_	
10-16	1596-1607	Holzſchläge	_	_	_	
10-17	1608-1611	für	_	_	_	
10-18	1612-1615	die	_	_	_	
10-19	1616-1625	ſpaniſche	_	_	_	
10-20	1626-1632	Marine	_	_	_	
10-21	1634-1644	einrichten	_	_	_	
10-22	1645-1651	ſollte	_	_	_	
10-23	1651-1652	,	_	_	_	
10-24	1653-1655	in	_	_	_	
10-25	1656-1659	die	_	_	_	
10-26	1660-1664	Neue	_	_	_	
10-27	1665-1669	Welt	_	_	_	
10-28	1670-1678	gekommen	_	_	_	
10-29	1678-1679	.	_	_	_	
