#FORMAT=WebAnno TSV 3.3


#Text=De Zuring wordt nog tussen twe Schotels gereed gemaakt met Boter, Zout, Peper,
#Text=na dat ze haar water heeft gegeven.
1-1	3-5	De	
1-2	6-12	Zuring	
1-3	13-18	wordt	
1-4	19-22	nog	
1-5	23-29	tussen	
1-6	30-33	twe	
1-7	34-42	Schotels	
1-8	43-49	gereed	
1-9	50-57	gemaakt	
1-10	58-61	met	
1-11	62-67	Boter	
1-12	67-68	,	
1-13	69-73	Zout	
1-14	73-74	,	
1-15	75-80	Peper	
1-16	80-81	,	
1-17	82-84	na	
1-18	85-88	dat	
1-19	89-91	ze	
1-20	92-96	haar	
1-21	97-102	water	
1-22	103-108	heeft	
1-23	109-116	gegeven	
1-24	116-117	.	

#Text=zuur.
2-1	119-123	zuur	
2-2	123-124	.	

#Text=Zie wrang.
3-1	125-128	Zie	
3-2	129-134	wrang	
3-3	134-135	.	

#Text=Is een soort van zout, waar van elk klein deeltje langwerpig, puntig, of snydende
#Text=aan ’t einde is, en het gevoel van zurigheid op de tong verwekt.
4-1	137-139	Is	
4-2	140-143	een	
4-3	144-149	soort	
4-4	150-153	van	
4-5	154-158	zout	
4-6	158-159	,	
4-7	160-164	waar	
4-8	165-168	van	
4-9	169-172	elk	
4-10	173-178	klein	
4-11	179-186	deeltje	
4-12	187-197	langwerpig	
4-13	197-198	,	
4-14	199-205	puntig	
4-15	205-206	,	
4-16	207-209	of	
4-17	210-218	snydende	
4-18	219-222	aan	
4-19	223-224	’	
4-20	224-225	t	
4-21	226-231	einde	
4-22	232-234	is	
4-23	234-235	,	
4-24	236-238	en	
4-25	239-242	het	
4-26	243-249	gevoel	
4-27	250-253	van	
4-28	254-263	zurigheid	
4-29	264-266	op	
4-30	267-269	de	
4-31	270-274	tong	
4-32	275-282	verwekt	
4-33	282-283	.	

#Text=De zure gewassen
#Text=zyn de Citroenen, Oranje-appelen, Limoenen, Tamarinden, en enige andere.
5-1	284-286	De	
5-2	287-291	zure	
5-3	292-300	gewassen	
5-4	301-304	zyn	
5-5	305-307	de	
5-6	308-317	Citroenen	
5-7	317-318	,	
5-8	319-333	Oranje-appelen	
5-9	333-334	,	
5-10	335-343	Limoenen	
5-11	343-344	,	
5-12	345-355	Tamarinden	
5-13	355-356	,	
5-14	357-359	en	
5-15	360-365	enige	
5-16	366-372	andere	
5-17	372-373	.	

#Text=Onder
#Text=de Mineralen en Dieren vindt men byna geen zuur.
6-1	374-379	Onder	
6-2	380-382	de	
6-3	383-392	Mineralen	
6-4	393-395	en	
6-5	396-402	Dieren	
6-6	403-408	vindt	
6-7	409-412	men	
6-8	413-417	byna	
6-9	418-422	geen	
6-10	423-427	zuur	
6-11	427-428	.	

#Text=De voornaamste uitwerking van ’t zuur, is het doen schiften en dik worden van
#Text=de vochten, waar mede men ze vermengt.
7-1	431-433	De	
7-2	434-445	voornaamste	
7-3	446-456	uitwerking	
7-4	457-460	van	
7-5	461-462	’	
7-6	462-463	t	
7-7	464-468	zuur	
7-8	468-469	,	
7-9	470-472	is	
7-10	473-476	het	
7-11	477-481	doen	
7-12	482-490	schiften	
7-13	491-493	en	
7-14	494-497	dik	
7-15	498-504	worden	
7-16	505-508	van	
7-17	509-511	de	
7-18	512-519	vochten	
7-19	519-520	,	
7-20	521-525	waar	
7-21	526-530	mede	
7-22	531-534	men	
7-23	535-537	ze	
7-24	538-546	vermengt	
7-25	546-547	.	

#Text=Wanneer men op witte gesmolte Vitriool
#Text=enige druppels olie van Wynsteen, by smelting (per deliquium) uitgetrokken giet, zo
#Text=geschiedt’er aanstonds ene verdikking.
8-1	548-555	Wanneer	
8-2	556-559	men	
8-3	560-562	op	
8-4	563-568	witte	
8-5	569-577	gesmolte	
8-6	578-586	Vitriool	
8-7	587-592	enige	
8-8	593-601	druppels	
8-9	602-606	olie	
8-10	607-610	van	
8-11	611-619	Wynsteen	
8-12	619-620	,	
8-13	621-623	by	
8-14	624-632	smelting	
8-15	633-634	(	
8-16	634-637	per	
8-17	638-647	deliquium	
8-18	647-648	)	
8-19	649-661	uitgetrokken	
8-20	662-666	giet	
8-21	666-667	,	
8-22	668-670	zo	
8-23	671-680	geschiedt	
8-24	680-681	’	
8-25	681-683	er	
8-26	684-693	aanstonds	
8-27	694-697	ene	
8-28	698-708	verdikking	
8-29	708-709	.	

#Text=Is het zuur, dat men hier toe gebruikt, zeer
#Text=sterk, zo brengt deze vermenging een soort van een hard Lighaam voort; maar is ’t
#Text=een zacht zuur, zo baart de schifting ook maar een week Lighaam, gelyk de Melk
#Text=
#Text=M.
9-1	710-712	Is	
9-2	713-716	het	
9-3	717-721	zuur	
9-4	721-722	,	
9-5	723-726	dat	
9-6	727-730	men	
9-7	731-735	hier	
9-8	736-739	toe	
9-9	740-748	gebruikt	
9-10	748-749	,	
9-11	750-754	zeer	
9-12	755-760	sterk	
9-13	760-761	,	
9-14	762-764	zo	
9-15	765-771	brengt	
9-16	772-776	deze	
9-17	777-787	vermenging	
9-18	788-791	een	
9-19	792-797	soort	
9-20	798-801	van	
9-21	802-805	een	
9-22	806-810	hard	
9-23	811-818	Lighaam	
9-24	819-824	voort	
9-25	824-825	;	
9-26	826-830	maar	
9-27	831-833	is	
9-28	834-835	’	
9-29	835-836	t	
9-30	837-840	een	
9-31	841-846	zacht	
9-32	847-851	zuur	
9-33	851-852	,	
9-34	853-855	zo	
9-35	856-861	baart	
9-36	862-864	de	
9-37	865-874	schifting	
9-38	875-878	ook	
9-39	879-883	maar	
9-40	884-887	een	
9-41	888-892	week	
9-42	893-900	Lighaam	
9-43	900-901	,	
9-44	902-907	gelyk	
9-45	908-910	de	
9-46	911-915	Melk	
9-47	917-918	M	
9-48	918-919	.	

#Text=Noel Chomel, Huishoudelyk woordboek
#Text=
#Text=\fdoet, wanneer ze met Runsel dik wordt gemaakt.
10-1	920-924	Noel	
10-2	925-931	Chomel	
10-3	931-932	,	
10-4	933-945	Huishoudelyk	
10-5	946-955	woordboek	
10-6	958-962	doet	
10-7	962-963	,	
10-8	964-971	wanneer	
10-9	972-974	ze	
10-10	975-978	met	
10-11	979-985	Runsel	
10-12	986-989	dik	
10-13	990-995	wordt	
10-14	996-1003	gemaakt	
10-15	1003-1004	.	

#Text=Deze verdikkingen worden
#Text=voortgebracht, door dien het zuur de lucht-gaten van de vochten, daar ze op worden
#Text=gegoten, zodanig toestoppen, dat de dunste lucht daar niet meer deur kan.
11-1	1005-1009	Deze	
11-2	1010-1022	verdikkingen	
11-3	1023-1029	worden	
11-4	1030-1043	voortgebracht	
11-5	1043-1044	,	
11-6	1045-1049	door	
11-7	1050-1054	dien	
11-8	1055-1058	het	
11-9	1059-1063	zuur	
11-10	1064-1066	de	
11-11	1067-1078	lucht-gaten	
11-12	1079-1082	van	
11-13	1083-1085	de	
11-14	1086-1093	vochten	
11-15	1093-1094	,	
11-16	1095-1099	daar	
11-17	1100-1102	ze	
11-18	1103-1105	op	
11-19	1106-1112	worden	
11-20	1113-1120	gegoten	
11-21	1120-1121	,	
11-22	1122-1129	zodanig	
11-23	1130-1140	toestoppen	
11-24	1140-1141	,	
11-25	1142-1145	dat	
11-26	1146-1148	de	
11-27	1149-1155	dunste	
11-28	1156-1161	lucht	
11-29	1162-1166	daar	
11-30	1167-1171	niet	
11-31	1172-1176	meer	
11-32	1177-1181	deur	
11-33	1182-1185	kan	
11-34	1185-1186	.	

#Text=Dan worden
#Text=die vochten dik, en verliezen beweging.
12-1	1187-1190	Dan	
12-2	1191-1197	worden	
12-3	1198-1201	die	
12-4	1202-1209	vochten	
12-5	1210-1213	dik	
12-6	1213-1214	,	
12-7	1215-1217	en	
12-8	1218-1227	verliezen	
12-9	1228-1236	beweging	
12-10	1236-1237	.	

#Text=Het is aan te merken, dat zo de zure Sappen
#Text=in grote menigte waren, zo zouden ze, verre van ene verdikking te veroorzaken, ene
#Text=verdunning maken, dat is ene scheiding van de zwavelachtige deelen van ’t vocht,
#Text=waar mede men ze vermengt, gelyk men zal bevinden, als men sterk Water op het
#Text=Stremsel van Vitriool en Olie van Wynsteen giet; of, ’t welk lichter om te doen is,
#Text=wanneer men een goed deel sterken
#Text=Azyn in Melk giet.
13-1	1238-1241	Het	
13-2	1242-1244	is	
13-3	1245-1248	aan	
13-4	1249-1251	te	
13-5	1252-1258	merken	
13-6	1258-1259	,	
13-7	1260-1263	dat	
13-8	1264-1266	zo	
13-9	1267-1269	de	
13-10	1270-1274	zure	
13-11	1275-1281	Sappen	
13-12	1282-1284	in	
13-13	1285-1290	grote	
13-14	1291-1298	menigte	
13-15	1299-1304	waren	
13-16	1304-1305	,	
13-17	1306-1308	zo	
13-18	1309-1315	zouden	
13-19	1316-1318	ze	
13-20	1318-1319	,	
13-21	1320-1325	verre	
13-22	1326-1329	van	
13-23	1330-1333	ene	
13-24	1334-1344	verdikking	
13-25	1345-1347	te	
13-26	1348-1359	veroorzaken	
13-27	1359-1360	,	
13-28	1361-1364	ene	
13-29	1365-1375	verdunning	
13-30	1376-1381	maken	
13-31	1381-1382	,	
13-32	1383-1386	dat	
13-33	1387-1389	is	
13-34	1390-1393	ene	
13-35	1394-1403	scheiding	
13-36	1404-1407	van	
13-37	1408-1410	de	
13-38	1411-1424	zwavelachtige	
13-39	1425-1431	deelen	
13-40	1432-1435	van	
13-41	1436-1437	’	
13-42	1437-1438	t	
13-43	1439-1444	vocht	
13-44	1444-1445	,	
13-45	1446-1450	waar	
13-46	1451-1455	mede	
13-47	1456-1459	men	
13-48	1460-1462	ze	
13-49	1463-1471	vermengt	
13-50	1471-1472	,	
13-51	1473-1478	gelyk	
13-52	1479-1482	men	
13-53	1483-1486	zal	
13-54	1487-1495	bevinden	
13-55	1495-1496	,	
13-56	1497-1500	als	
13-57	1501-1504	men	
13-58	1505-1510	sterk	
13-59	1511-1516	Water	
13-60	1517-1519	op	
13-61	1520-1523	het	
13-62	1524-1532	Stremsel	
13-63	1533-1536	van	
13-64	1537-1545	Vitriool	
13-65	1546-1548	en	
13-66	1549-1553	Olie	
13-67	1554-1557	van	
13-68	1558-1566	Wynsteen	
13-69	1567-1571	giet	
13-70	1571-1572	;	
13-71	1573-1575	of	
13-72	1575-1576	,	
13-73	1577-1578	’	
13-74	1578-1579	t	
13-75	1580-1584	welk	
13-76	1585-1592	lichter	
13-77	1593-1595	om	
13-78	1596-1598	te	
13-79	1599-1603	doen	
13-80	1604-1606	is	
13-81	1606-1607	,	
13-82	1608-1615	wanneer	
13-83	1616-1619	men	
13-84	1620-1623	een	
13-85	1624-1628	goed	
13-86	1629-1633	deel	
13-87	1634-1641	sterken	
13-88	1642-1646	Azyn	
13-89	1647-1649	in	
13-90	1650-1654	Melk	
13-91	1655-1659	giet	
13-92	1659-1660	.	

#Text=De zuren moeten in de Koors niet gegeven worden gedurende de koude, noch
#Text=onder het zweten; maar men kan’er zich met voordeel van bedienen in de hette van
#Text=de Koors, gelyk genoegzaam blykt, door het gebruik van de Kruis-, of Doorn-beziën,
#Text=alzo die weinig gisten, en haar zuur, dat zich licht laat afscheiden, het al te vlugge,
#Text=of gistende Bloed bindt, en zyne overmatige beweging stuit.
14-1	1663-1665	De	
14-2	1666-1671	zuren	
14-3	1672-1678	moeten	
14-4	1679-1681	in	
14-5	1682-1684	de	
14-6	1685-1690	Koors	
14-7	1691-1695	niet	
14-8	1696-1703	gegeven	
14-9	1704-1710	worden	
14-10	1711-1720	gedurende	
14-11	1721-1723	de	
14-12	1724-1729	koude	
14-13	1729-1730	,	
14-14	1731-1735	noch	
14-15	1736-1741	onder	
14-16	1742-1745	het	
14-17	1746-1752	zweten	
14-18	1752-1753	;	
14-19	1754-1758	maar	
14-20	1759-1762	men	
14-21	1763-1766	kan	
14-22	1766-1767	’	
14-23	1767-1769	er	
14-24	1770-1774	zich	
14-25	1775-1778	met	
14-26	1779-1787	voordeel	
14-27	1788-1791	van	
14-28	1792-1800	bedienen	
14-29	1801-1803	in	
14-30	1804-1806	de	
14-31	1807-1812	hette	
14-32	1813-1816	van	
14-33	1817-1819	de	
14-34	1820-1825	Koors	
14-35	1825-1826	,	
14-36	1827-1832	gelyk	
14-37	1833-1843	genoegzaam	
14-38	1844-1849	blykt	
14-39	1849-1850	,	
14-40	1851-1855	door	
14-41	1856-1859	het	
14-42	1860-1867	gebruik	
14-43	1868-1871	van	
14-44	1872-1874	de	
14-45	1875-1880	Kruis	
14-46	1880-1881	-	
14-47	1881-1882	,	
14-48	1883-1885	of	
14-49	1886-1898	Doorn-beziën	
14-50	1898-1899	,	
14-51	1900-1904	alzo	
14-52	1905-1908	die	
14-53	1909-1915	weinig	
14-54	1916-1922	gisten	
14-55	1922-1923	,	
14-56	1924-1926	en	
14-57	1927-1931	haar	
14-58	1932-1936	zuur	
14-59	1936-1937	,	
14-60	1938-1941	dat	
14-61	1942-1946	zich	
14-62	1947-1952	licht	
14-63	1953-1957	laat	
14-64	1958-1968	afscheiden	
14-65	1968-1969	,	
14-66	1970-1973	het	
14-67	1974-1976	al	
14-68	1977-1979	te	
14-69	1980-1986	vlugge	
14-70	1986-1987	,	
14-71	1988-1990	of	
14-72	1991-1999	gistende	
14-73	2000-2005	Bloed	
14-74	2006-2011	bindt	
14-75	2011-2012	,	
14-76	2013-2015	en	
14-77	2016-2020	zyne	
14-78	2021-2031	overmatige	
14-79	2032-2040	beweging	
14-80	2041-2046	stuit	
14-81	2046-2047	.	

#Text=zuurbrekende middelen.
15-1	2049-2061	zuurbrekende	
15-2	2062-2070	middelen	
15-3	2070-2071	.	

#Text=Zie verbeterende middelen, en aldaar Opslurpend verbeter
#Text=middel.
16-1	2072-2075	Zie	
16-2	2076-2088	verbeterende	
16-3	2089-2097	middelen	
16-4	2097-2098	,	
16-5	2099-2101	en	
16-6	2102-2108	aldaar	
16-7	2109-2119	Opslurpend	
16-8	2120-2128	verbeter	
16-9	2129-2135	middel	
16-10	2135-2136	.	

#Text=zwaan.
17-1	2138-2143	zwaan	
17-2	2143-2144	.	

#Text=Zie Hubners Kunst-woordenboek.
18-1	2145-2148	Zie	
18-2	2149-2156	Hubners	
18-3	2157-2174	Kunst-woordenboek	
18-4	2174-2175	.	
