#FORMAT=WebAnno TSV 3.3


#Text=Cunctis diebus ejus non recesserunt a Domino Deo patrum suorum.
1-1	2-9	Cunctis	
1-2	10-16	diebus	
1-3	17-21	ejus	
1-4	22-25	non	
1-5	26-37	recesserunt	
1-6	38-39	a	
1-7	40-46	Domino	
1-8	47-50	Deo	
1-9	51-57	patrum	
1-10	58-64	suorum	
1-11	64-65	.	

#Text=Caput 35
#Text=
#Text=
#Text=1 Fecit autem Josias in Jerusalem Phase Domino, quod immolatum est quartadecima die mensis primi : 2 et constituit sacerdotes in officiis suis, hortatusque est eos ut ministrarent in domo Domini : 3 Levitis quoque, ad quorum eruditionem omnis Israël sanctificabatur Domino, locutus est : Ponite arcam in sanctuario templi, quod ædificavit Salomon filius David rex Israël, nequaquam enim eam ultra portabitis : nunc autem ministrate Domino Deo vestro, et populo ejus Israël.
#Text=4 Et præparate vos per domos et cognationes vestras in divisionibus singulorum, sicut præcepit David rex Israël, et descripsit Salomon filius ejus.
#Text=5 Et ministrate in sanctuario per familias turmasque Leviticas, 6 et sanctificati immolate Phase : fratres etiam vestros, ut possint juxta verba quæ locutus est Dominus in manu Moysi facere, præparate.
#Text=7 Dedit præterea Josias omni populo qui ibi fuerat inventus in solemnitate Phase, agnos et hædos de gregibus et reliqui pecoris triginta millia, boum quoque tria millia : hæc de regis universa substantia.
#Text=8 Duces quoque ejus sponte quod voverant, obtulerunt, tam populo quam sacerdotibus et Levitis.
2-1	66-71	Caput	
2-2	72-74	35	
2-3	77-78	1	
2-4	79-84	Fecit	
2-5	85-90	autem	
2-6	91-97	Josias	
2-7	98-100	in	
2-8	101-110	Jerusalem	
2-9	111-116	Phase	
2-10	117-123	Domino	
2-11	123-124	,	
2-12	125-129	quod	
2-13	130-139	immolatum	
2-14	140-143	est	
2-15	144-156	quartadecima	
2-16	157-160	die	
2-17	161-167	mensis	
2-18	168-173	primi	
2-19	174-175	:	
2-20	176-177	2	
2-21	178-180	et	
2-22	181-191	constituit	
2-23	192-202	sacerdotes	
2-24	203-205	in	
2-25	206-214	officiis	
2-26	215-219	suis	
2-27	219-220	,	
2-28	221-232	hortatusque	
2-29	233-236	est	
2-30	237-240	eos	
2-31	241-243	ut	
2-32	244-256	ministrarent	
2-33	257-259	in	
2-34	260-264	domo	
2-35	265-271	Domini	
2-36	272-273	:	
2-37	274-275	3	
2-38	276-283	Levitis	
2-39	284-290	quoque	
2-40	290-291	,	
2-41	292-294	ad	
2-42	295-301	quorum	
2-43	302-313	eruditionem	
2-44	314-319	omnis	
2-45	320-326	Israël	
2-46	327-342	sanctificabatur	
2-47	343-349	Domino	
2-48	349-350	,	
2-49	351-358	locutus	
2-50	359-362	est	
2-51	363-364	:	
2-52	365-371	Ponite	
2-53	372-377	arcam	
2-54	378-380	in	
2-55	381-391	sanctuario	
2-56	392-398	templi	
2-57	398-399	,	
2-58	400-404	quod	
2-59	405-415	ædificavit	
2-60	416-423	Salomon	
2-61	424-430	filius	
2-62	431-436	David	
2-63	437-440	rex	
2-64	441-447	Israël	
2-65	447-448	,	
2-66	449-458	nequaquam	
2-67	459-463	enim	
2-68	464-467	eam	
2-69	468-473	ultra	
2-70	474-484	portabitis	
2-71	485-486	:	
2-72	487-491	nunc	
2-73	492-497	autem	
2-74	498-508	ministrate	
2-75	509-515	Domino	
2-76	516-519	Deo	
2-77	520-526	vestro	
2-78	526-527	,	
2-79	528-530	et	
2-80	531-537	populo	
2-81	538-542	ejus	
2-82	543-549	Israël	
2-83	549-550	.	
2-84	551-552	4	
2-85	553-555	Et	
2-86	556-565	præparate	
2-87	566-569	vos	
2-88	570-573	per	
2-89	574-579	domos	
2-90	580-582	et	
2-91	583-594	cognationes	
2-92	595-602	vestras	
2-93	603-605	in	
2-94	606-618	divisionibus	
2-95	619-629	singulorum	
2-96	629-630	,	
2-97	631-636	sicut	
2-98	637-645	præcepit	
2-99	646-651	David	
2-100	652-655	rex	
2-101	656-662	Israël	
2-102	662-663	,	
2-103	664-666	et	
2-104	667-677	descripsit	
2-105	678-685	Salomon	
2-106	686-692	filius	
2-107	693-697	ejus	
2-108	697-698	.	
2-109	699-700	5	
2-110	701-703	Et	
2-111	704-714	ministrate	
2-112	715-717	in	
2-113	718-728	sanctuario	
2-114	729-732	per	
2-115	733-741	familias	
2-116	742-751	turmasque	
2-117	752-761	Leviticas	
2-118	761-762	,	
2-119	763-764	6	
2-120	765-767	et	
2-121	768-780	sanctificati	
2-122	781-789	immolate	
2-123	790-795	Phase	
2-124	796-797	:	
2-125	798-805	fratres	
2-126	806-811	etiam	
2-127	812-819	vestros	
2-128	819-820	,	
2-129	821-823	ut	
2-130	824-831	possint	
2-131	832-837	juxta	
2-132	838-843	verba	
2-133	844-847	quæ	
2-134	848-855	locutus	
2-135	856-859	est	
2-136	860-867	Dominus	
2-137	868-870	in	
2-138	871-875	manu	
2-139	876-881	Moysi	
2-140	882-888	facere	
2-141	888-889	,	
2-142	890-899	præparate	
2-143	899-900	.	
2-144	901-902	7	
2-145	903-908	Dedit	
2-146	909-917	præterea	
2-147	918-924	Josias	
2-148	925-929	omni	
2-149	930-936	populo	
2-150	937-940	qui	
2-151	941-944	ibi	
2-152	945-951	fuerat	
2-153	952-960	inventus	
2-154	961-963	in	
2-155	964-975	solemnitate	
2-156	976-981	Phase	
2-157	981-982	,	
2-158	983-988	agnos	
2-159	989-991	et	
2-160	992-997	hædos	
2-161	998-1000	de	
2-162	1001-1009	gregibus	
2-163	1010-1012	et	
2-164	1013-1020	reliqui	
2-165	1021-1028	pecoris	
2-166	1029-1037	triginta	
2-167	1038-1044	millia	
2-168	1044-1045	,	
2-169	1046-1050	boum	
2-170	1051-1057	quoque	
2-171	1058-1062	tria	
2-172	1063-1069	millia	
2-173	1070-1071	:	
2-174	1072-1075	hæc	
2-175	1076-1078	de	
2-176	1079-1084	regis	
2-177	1085-1093	universa	
2-178	1094-1104	substantia	
2-179	1104-1105	.	
2-180	1106-1107	8	
2-181	1108-1113	Duces	
2-182	1114-1120	quoque	
2-183	1121-1125	ejus	
2-184	1126-1132	sponte	
2-185	1133-1137	quod	
2-186	1138-1146	voverant	
2-187	1146-1147	,	
2-188	1148-1158	obtulerunt	
2-189	1158-1159	,	
2-190	1160-1163	tam	
2-191	1164-1170	populo	
2-192	1171-1175	quam	
2-193	1176-1188	sacerdotibus	
2-194	1189-1191	et	
2-195	1192-1199	Levitis	
2-196	1199-1200	.	

#Text=Porro Helcias, et Zacharias, et Jahiel principes domus Domini dederunt sacerdotibus ad faciendum Phase pecora commixtim duo millia sexcenta, et boves trecentos.
#Text=9 Chonenias autem, et Semeias, etiam Nathanaël fratres ejus, necnon Hasabias, et Jehiel, et Jozabad principes Levitarum, dederunt ceteris Levitis ad celebrandum Phase quinque millia pecorum, et boves quingentos.
#Text=10 Præparatumque est ministerium, et steterunt sacerdotes in officio suo : Levitæ quoque in turmis, juxta regis imperium.
#Text=11 Et immolatum est Phase : asperseruntque sacerdotes manu sua sanguinem, et Levitæ detraxerunt pelles holocaustorum : 12 et separaverunt ea ut darent per domos et familias singulorum, et offerrentur Domino, sicut scriptum est in libro Moysi : de bobus quoque fecerunt similiter.
#Text=13 Et assaverunt Phase super ignem, juxta quod in lege scriptum est : pacificas vero hostias coxerunt in lebetibus, et cacabis, et ollis, et festinato distribuerunt universæ plebi : 14 sibi autem et sacerdotibus postea paraverunt, nam in oblatione holocaustorum et adipum usque ad noctem sacerdotes fuerunt occupati, unde Levitæ sibi et sacerdotibus filiis Aaron paraverunt novissimis.
#Text=15 Porro cantores filii Asaph stabant in ordine suo, juxta præceptum David, et Asaph, et Heman, et Idithun prophetarum regis : janitores vero per portas singulas observabant, ita ut nec puncto quidem discederent a ministerio : quam ob rem et fratres eorum Levitæ paraverunt eis cibos.
#Text=16 Omnis igitur cultura Domini rite completa est in die illa, ut facerent Phase, et offerrent holocausta super altare Domini, juxta præceptum regis Josiæ.
#Text=17 Feceruntque filii Israël, qui reperti fuerant ibi, Phase in tempore illo, et solemnitatem azymorum septem diebus.
#Text=18 Non fuit Phase simile huic in Israël a diebus Samuelis prophetæ : sed nec quisquam de cunctis regibus Israël fecit Phase sicut Josias, sacerdotibus, et Levitis, et omni Judæ et Israël qui repertus fuerat, et habitantibus in Jerusalem.
#Text=19 Octavodecimo anno regni Josiæ hoc Phase celebratum est.
#Text=20 Postquam instauraverat Josias templum, ascendit Nechao rex Ægypti ad pugnandum in Charcamis juxta Euphraten : et processit in occursum ejus Josias.
#Text=21 At ille, missis ad eum nuntiis, ait : Quid mihi et tibi est, rex Juda ?
3-1	1201-1206	Porro	
3-2	1207-1214	Helcias	
3-3	1214-1215	,	
3-4	1216-1218	et	
3-5	1219-1228	Zacharias	
3-6	1228-1229	,	
3-7	1230-1232	et	
3-8	1233-1239	Jahiel	
3-9	1240-1249	principes	
3-10	1250-1255	domus	
3-11	1256-1262	Domini	
3-12	1263-1271	dederunt	
3-13	1272-1284	sacerdotibus	
3-14	1285-1287	ad	
3-15	1288-1297	faciendum	
3-16	1298-1303	Phase	
3-17	1304-1310	pecora	
3-18	1311-1320	commixtim	
3-19	1321-1324	duo	
3-20	1325-1331	millia	
3-21	1332-1340	sexcenta	
3-22	1340-1341	,	
3-23	1342-1344	et	
3-24	1345-1350	boves	
3-25	1351-1360	trecentos	
3-26	1360-1361	.	
3-27	1362-1363	9	
3-28	1364-1373	Chonenias	
3-29	1374-1379	autem	
3-30	1379-1380	,	
3-31	1381-1383	et	
3-32	1384-1391	Semeias	
3-33	1391-1392	,	
3-34	1393-1398	etiam	
3-35	1399-1408	Nathanaël	
3-36	1409-1416	fratres	
3-37	1417-1421	ejus	
3-38	1421-1422	,	
3-39	1423-1429	necnon	
3-40	1430-1438	Hasabias	
3-41	1438-1439	,	
3-42	1440-1442	et	
3-43	1443-1449	Jehiel	
3-44	1449-1450	,	
3-45	1451-1453	et	
3-46	1454-1461	Jozabad	
3-47	1462-1471	principes	
3-48	1472-1481	Levitarum	
3-49	1481-1482	,	
3-50	1483-1491	dederunt	
3-51	1492-1499	ceteris	
3-52	1500-1507	Levitis	
3-53	1508-1510	ad	
3-54	1511-1522	celebrandum	
3-55	1523-1528	Phase	
3-56	1529-1536	quinque	
3-57	1537-1543	millia	
3-58	1544-1551	pecorum	
3-59	1551-1552	,	
3-60	1553-1555	et	
3-61	1556-1561	boves	
3-62	1562-1572	quingentos	
3-63	1572-1573	.	
3-64	1574-1576	10	
3-65	1577-1590	Præparatumque	
3-66	1591-1594	est	
3-67	1595-1606	ministerium	
3-68	1606-1607	,	
3-69	1608-1610	et	
3-70	1611-1620	steterunt	
3-71	1621-1631	sacerdotes	
3-72	1632-1634	in	
3-73	1635-1642	officio	
3-74	1643-1646	suo	
3-75	1647-1648	:	
3-76	1649-1655	Levitæ	
3-77	1656-1662	quoque	
3-78	1663-1665	in	
3-79	1666-1672	turmis	
3-80	1672-1673	,	
3-81	1674-1679	juxta	
3-82	1680-1685	regis	
3-83	1686-1694	imperium	
3-84	1694-1695	.	
3-85	1696-1698	11	
3-86	1699-1701	Et	
3-87	1702-1711	immolatum	
3-88	1712-1715	est	
3-89	1716-1721	Phase	
3-90	1722-1723	:	
3-91	1724-1738	asperseruntque	
3-92	1739-1749	sacerdotes	
3-93	1750-1754	manu	
3-94	1755-1758	sua	
3-95	1759-1768	sanguinem	
3-96	1768-1769	,	
3-97	1770-1772	et	
3-98	1773-1779	Levitæ	
3-99	1780-1791	detraxerunt	
3-100	1792-1798	pelles	
3-101	1799-1812	holocaustorum	
3-102	1813-1814	:	
3-103	1815-1817	12	
3-104	1818-1820	et	
3-105	1821-1833	separaverunt	
3-106	1834-1836	ea	
3-107	1837-1839	ut	
3-108	1840-1846	darent	
3-109	1847-1850	per	
3-110	1851-1856	domos	
3-111	1857-1859	et	
3-112	1860-1868	familias	
3-113	1869-1879	singulorum	
3-114	1879-1880	,	
3-115	1881-1883	et	
3-116	1884-1895	offerrentur	
3-117	1896-1902	Domino	
3-118	1902-1903	,	
3-119	1904-1909	sicut	
3-120	1910-1918	scriptum	
3-121	1919-1922	est	
3-122	1923-1925	in	
3-123	1926-1931	libro	
3-124	1932-1937	Moysi	
3-125	1938-1939	:	
3-126	1940-1942	de	
3-127	1943-1948	bobus	
3-128	1949-1955	quoque	
3-129	1956-1964	fecerunt	
3-130	1965-1974	similiter	
3-131	1974-1975	.	
3-132	1976-1978	13	
3-133	1979-1981	Et	
3-134	1982-1992	assaverunt	
3-135	1993-1998	Phase	
3-136	1999-2004	super	
3-137	2005-2010	ignem	
3-138	2010-2011	,	
3-139	2012-2017	juxta	
3-140	2018-2022	quod	
3-141	2023-2025	in	
3-142	2026-2030	lege	
3-143	2031-2039	scriptum	
3-144	2040-2043	est	
3-145	2044-2045	:	
3-146	2046-2055	pacificas	
3-147	2056-2060	vero	
3-148	2061-2068	hostias	
3-149	2069-2077	coxerunt	
3-150	2078-2080	in	
3-151	2081-2090	lebetibus	
3-152	2090-2091	,	
3-153	2092-2094	et	
3-154	2095-2102	cacabis	
3-155	2102-2103	,	
3-156	2104-2106	et	
3-157	2107-2112	ollis	
3-158	2112-2113	,	
3-159	2114-2116	et	
3-160	2117-2126	festinato	
3-161	2127-2140	distribuerunt	
3-162	2141-2149	universæ	
3-163	2150-2155	plebi	
3-164	2156-2157	:	
3-165	2158-2160	14	
3-166	2161-2165	sibi	
3-167	2166-2171	autem	
3-168	2172-2174	et	
3-169	2175-2187	sacerdotibus	
3-170	2188-2194	postea	
3-171	2195-2205	paraverunt	
3-172	2205-2206	,	
3-173	2207-2210	nam	
3-174	2211-2213	in	
3-175	2214-2223	oblatione	
3-176	2224-2237	holocaustorum	
3-177	2238-2240	et	
3-178	2241-2247	adipum	
3-179	2248-2253	usque	
3-180	2254-2256	ad	
3-181	2257-2263	noctem	
3-182	2264-2274	sacerdotes	
3-183	2275-2282	fuerunt	
3-184	2283-2291	occupati	
3-185	2291-2292	,	
3-186	2293-2297	unde	
3-187	2298-2304	Levitæ	
3-188	2305-2309	sibi	
3-189	2310-2312	et	
3-190	2313-2325	sacerdotibus	
3-191	2326-2332	filiis	
3-192	2333-2338	Aaron	
3-193	2339-2349	paraverunt	
3-194	2350-2360	novissimis	
3-195	2360-2361	.	
3-196	2362-2364	15	
3-197	2365-2370	Porro	
3-198	2371-2379	cantores	
3-199	2380-2385	filii	
3-200	2386-2391	Asaph	
3-201	2392-2399	stabant	
3-202	2400-2402	in	
3-203	2403-2409	ordine	
3-204	2410-2413	suo	
3-205	2413-2414	,	
3-206	2415-2420	juxta	
3-207	2421-2430	præceptum	
3-208	2431-2436	David	
3-209	2436-2437	,	
3-210	2438-2440	et	
3-211	2441-2446	Asaph	
3-212	2446-2447	,	
3-213	2448-2450	et	
3-214	2451-2456	Heman	
3-215	2456-2457	,	
3-216	2458-2460	et	
3-217	2461-2468	Idithun	
3-218	2469-2480	prophetarum	
3-219	2481-2486	regis	
3-220	2487-2488	:	
3-221	2489-2498	janitores	
3-222	2499-2503	vero	
3-223	2504-2507	per	
3-224	2508-2514	portas	
3-225	2515-2523	singulas	
3-226	2524-2535	observabant	
3-227	2535-2536	,	
3-228	2537-2540	ita	
3-229	2541-2543	ut	
3-230	2544-2547	nec	
3-231	2548-2554	puncto	
3-232	2555-2561	quidem	
3-233	2562-2573	discederent	
3-234	2574-2575	a	
3-235	2576-2586	ministerio	
3-236	2587-2588	:	
3-237	2589-2593	quam	
3-238	2594-2596	ob	
3-239	2597-2600	rem	
3-240	2601-2603	et	
3-241	2604-2611	fratres	
3-242	2612-2617	eorum	
3-243	2618-2624	Levitæ	
3-244	2625-2635	paraverunt	
3-245	2636-2639	eis	
3-246	2640-2645	cibos	
3-247	2645-2646	.	
3-248	2647-2649	16	
3-249	2650-2655	Omnis	
3-250	2656-2662	igitur	
3-251	2663-2670	cultura	
3-252	2671-2677	Domini	
3-253	2678-2682	rite	
3-254	2683-2691	completa	
3-255	2692-2695	est	
3-256	2696-2698	in	
3-257	2699-2702	die	
3-258	2703-2707	illa	
3-259	2707-2708	,	
3-260	2709-2711	ut	
3-261	2712-2720	facerent	
3-262	2721-2726	Phase	
3-263	2726-2727	,	
3-264	2728-2730	et	
3-265	2731-2740	offerrent	
3-266	2741-2751	holocausta	
3-267	2752-2757	super	
3-268	2758-2764	altare	
3-269	2765-2771	Domini	
3-270	2771-2772	,	
3-271	2773-2778	juxta	
3-272	2779-2788	præceptum	
3-273	2789-2794	regis	
3-274	2795-2800	Josiæ	
3-275	2800-2801	.	
3-276	2802-2804	17	
3-277	2805-2816	Feceruntque	
3-278	2817-2822	filii	
3-279	2823-2829	Israël	
3-280	2829-2830	,	
3-281	2831-2834	qui	
3-282	2835-2842	reperti	
3-283	2843-2850	fuerant	
3-284	2851-2854	ibi	
3-285	2854-2855	,	
3-286	2856-2861	Phase	
3-287	2862-2864	in	
3-288	2865-2872	tempore	
3-289	2873-2877	illo	
3-290	2877-2878	,	
3-291	2879-2881	et	
3-292	2882-2894	solemnitatem	
3-293	2895-2903	azymorum	
3-294	2904-2910	septem	
3-295	2911-2917	diebus	
3-296	2917-2918	.	
3-297	2919-2921	18	
3-298	2922-2925	Non	
3-299	2926-2930	fuit	
3-300	2931-2936	Phase	
3-301	2937-2943	simile	
3-302	2944-2948	huic	
3-303	2949-2951	in	
3-304	2952-2958	Israël	
3-305	2959-2960	a	
3-306	2961-2967	diebus	
3-307	2968-2976	Samuelis	
3-308	2977-2985	prophetæ	
3-309	2986-2987	:	
3-310	2988-2991	sed	
3-311	2992-2995	nec	
3-312	2996-3004	quisquam	
3-313	3005-3007	de	
3-314	3008-3015	cunctis	
3-315	3016-3023	regibus	
3-316	3024-3030	Israël	
3-317	3031-3036	fecit	
3-318	3037-3042	Phase	
3-319	3043-3048	sicut	
3-320	3049-3055	Josias	
3-321	3055-3056	,	
3-322	3057-3069	sacerdotibus	
3-323	3069-3070	,	
3-324	3071-3073	et	
3-325	3074-3081	Levitis	
3-326	3081-3082	,	
3-327	3083-3085	et	
3-328	3086-3090	omni	
3-329	3091-3095	Judæ	
3-330	3096-3098	et	
3-331	3099-3105	Israël	
3-332	3106-3109	qui	
3-333	3110-3118	repertus	
3-334	3119-3125	fuerat	
3-335	3125-3126	,	
3-336	3127-3129	et	
3-337	3130-3142	habitantibus	
3-338	3143-3145	in	
3-339	3146-3155	Jerusalem	
3-340	3155-3156	.	
3-341	3157-3159	19	
3-342	3160-3172	Octavodecimo	
3-343	3173-3177	anno	
3-344	3178-3183	regni	
3-345	3184-3189	Josiæ	
3-346	3190-3193	hoc	
3-347	3194-3199	Phase	
3-348	3200-3210	celebratum	
3-349	3211-3214	est	
3-350	3214-3215	.	
3-351	3216-3218	20	
3-352	3219-3227	Postquam	
3-353	3228-3241	instauraverat	
3-354	3242-3248	Josias	
3-355	3249-3256	templum	
3-356	3256-3257	,	
3-357	3258-3266	ascendit	
3-358	3267-3273	Nechao	
3-359	3274-3277	rex	
3-360	3278-3284	Ægypti	
3-361	3285-3287	ad	
3-362	3288-3297	pugnandum	
3-363	3298-3300	in	
3-364	3301-3310	Charcamis	
3-365	3311-3316	juxta	
3-366	3317-3326	Euphraten	
3-367	3327-3328	:	
3-368	3329-3331	et	
3-369	3332-3341	processit	
3-370	3342-3344	in	
3-371	3345-3353	occursum	
3-372	3354-3358	ejus	
3-373	3359-3365	Josias	
3-374	3365-3366	.	
3-375	3367-3369	21	
3-376	3370-3372	At	
3-377	3373-3377	ille	
3-378	3377-3378	,	
3-379	3379-3385	missis	
3-380	3386-3388	ad	
3-381	3389-3392	eum	
3-382	3393-3400	nuntiis	
3-383	3400-3401	,	
3-384	3402-3405	ait	
3-385	3406-3407	:	
3-386	3408-3412	Quid	
3-387	3413-3417	mihi	
3-388	3418-3420	et	
3-389	3421-3425	tibi	
3-390	3426-3429	est	
3-391	3429-3430	,	
3-392	3431-3434	rex	
3-393	3435-3439	Juda	
3-394	3440-3441	?	

#Text=non adversum te hodie venio, sed contra aliam pugno domum, ad quam me Deus festinato ire præcepit : desine adversum Deum facere, qui mecum est, ne interficiat te.
#Text=22 Noluit Josias reverti, sed præparavit contra eum bellum, nec acquievit sermonibus Nechao ex ore Dei : verum perrexit ut dimicaret in campo Mageddo.
4-1	3442-3445	non	
4-2	3446-3454	adversum	
4-3	3455-3457	te	
4-4	3458-3463	hodie	
4-5	3464-3469	venio	
4-6	3469-3470	,	
4-7	3471-3474	sed	
4-8	3475-3481	contra	
4-9	3482-3487	aliam	
4-10	3488-3493	pugno	
4-11	3494-3499	domum	
4-12	3499-3500	,	
4-13	3501-3503	ad	
4-14	3504-3508	quam	
4-15	3509-3511	me	
4-16	3512-3516	Deus	
4-17	3517-3526	festinato	
4-18	3527-3530	ire	
4-19	3531-3539	præcepit	
4-20	3540-3541	:	
4-21	3542-3548	desine	
4-22	3549-3557	adversum	
4-23	3558-3562	Deum	
4-24	3563-3569	facere	
4-25	3569-3570	,	
4-26	3571-3574	qui	
4-27	3575-3580	mecum	
4-28	3581-3584	est	
4-29	3584-3585	,	
4-30	3586-3588	ne	
4-31	3589-3600	interficiat	
4-32	3601-3603	te	
4-33	3603-3604	.	
4-34	3605-3607	22	
4-35	3608-3614	Noluit	
4-36	3615-3621	Josias	
4-37	3622-3629	reverti	
4-38	3629-3630	,	
4-39	3631-3634	sed	
4-40	3635-3645	præparavit	
4-41	3646-3652	contra	
4-42	3653-3656	eum	
4-43	3657-3663	bellum	
4-44	3663-3664	,	
4-45	3665-3668	nec	
4-46	3669-3678	acquievit	
4-47	3679-3689	sermonibus	
4-48	3690-3696	Nechao	
4-49	3697-3699	ex	
4-50	3700-3703	ore	
4-51	3704-3707	Dei	
4-52	3708-3709	:	
4-53	3710-3715	verum	
4-54	3716-3724	perrexit	
4-55	3725-3727	ut	
4-56	3728-3737	dimicaret	
4-57	3738-3740	in	
4-58	3741-3746	campo	
4-59	3747-3754	Mageddo	
4-60	3754-3755	.	
