#FORMAT=WebAnno TSV 3.3
#T_SP=custom.Span|label
#T_RL=custom.Relation|label|BT_custom.Span


#Text=II 
#Text=
#Text=Dans l’état de maladie, les viandes de boucherie dégagent une odeur type, appelée odeur de fièvre, que tout le monde connaît et qui ressemble à l’haleine des fébricitants. (1).
1-1	2-4	II	_	_	_	
1-2	7-11	Dans	Circumstances[1]	_	_	
1-3	12-13	l	Circumstances[1]	_	_	
1-4	13-14	’	Circumstances[1]	_	_	
1-5	14-18	état	Circumstances[1]	_	_	
1-6	19-21	de	Circumstances[1]	_	_	
1-7	22-29	maladie	Circumstances[1]	_	_	
1-8	29-30	,	_	_	_	
1-9	31-34	les	_	_	_	
1-10	35-42	viandes	Odour\_Carrier	_	_	
1-11	43-45	de	_	_	_	
1-12	46-55	boucherie	Location	_	_	
1-13	56-64	dégagent	_	_	_	
1-14	65-68	une	_	_	_	
1-15	69-74	odeur	Smell\_Word	*|*|*	1-10|1-12|1-2[1_0]	
1-16	75-79	type	_	_	_	
1-17	79-80	,	_	_	_	
1-18	81-88	appelée	_	_	_	
1-19	89-94	odeur	Smell\_Word	*|*|*|*	1-21|1-24[2_0]|1-15|1-34[3_0]	
1-20	95-97	de	_	_	_	
1-21	98-104	fièvre	Smell\_Source	_	_	
1-22	104-105	,	_	_	_	
1-23	106-109	que	_	_	_	
1-24	110-114	tout	Perceiver[2]	_	_	
1-25	115-117	le	Perceiver[2]	_	_	
1-26	118-123	monde	Perceiver[2]	_	_	
1-27	124-131	connaît	_	_	_	
1-28	132-134	et	_	_	_	
1-29	135-138	qui	_	_	_	
1-30	139-148	ressemble	_	_	_	
1-31	149-150	à	_	_	_	
1-32	151-152	l	_	_	_	
1-33	152-153	’	_	_	_	
1-34	153-160	haleine	Evoked\_Odorant[3]	_	_	
1-35	161-164	des	Evoked\_Odorant[3]	_	_	
1-36	165-177	fébricitants	Evoked\_Odorant[3]	_	_	
1-37	177-178	.	_	_	_	
1-38	179-180	(	_	_	_	
1-39	180-181	1	_	_	_	
1-40	181-182	)	_	_	_	
1-41	182-183	.	_	_	_	

#Text=Hygiène et inspection de la volaille, du gibier et du poisson.
2-1	184-191	Hygiène	_	_	_	
2-2	192-194	et	_	_	_	
2-3	195-205	inspection	_	_	_	
2-4	206-208	de	_	_	_	
2-5	209-211	la	_	_	_	
2-6	212-220	volaille	_	_	_	
2-7	220-221	,	_	_	_	
2-8	222-224	du	_	_	_	
2-9	225-231	gibier	_	_	_	
2-10	232-234	et	_	_	_	
2-11	235-237	du	_	_	_	
2-12	238-245	poisson	_	_	_	
2-13	245-246	.	_	_	_	

#Text=C’est principalement sous l’épaule et dans les muscles de la région crurale interne que cette odeur est le mieux perçue.
3-1	249-250	C	_	_	_	
3-2	250-251	’	_	_	_	
3-3	251-254	est	_	_	_	
3-4	255-269	principalement	_	_	_	
3-5	270-274	sous	_	_	_	
3-6	275-276	l	_	_	_	
3-7	276-277	’	_	_	_	
3-8	277-283	épaule	_	_	_	
3-9	284-286	et	_	_	_	
3-10	287-291	dans	_	_	_	
3-11	292-295	les	_	_	_	
3-12	296-303	muscles	_	_	_	
3-13	304-306	de	_	_	_	
3-14	307-309	la	_	_	_	
3-15	310-316	région	_	_	_	
3-16	317-324	crurale	_	_	_	
3-17	325-332	interne	_	_	_	
3-18	333-336	que	_	_	_	
3-19	337-342	cette	_	_	_	
3-20	343-348	odeur	_	_	_	
3-21	349-352	est	_	_	_	
3-22	353-355	le	_	_	_	
3-23	356-361	mieux	_	_	_	
3-24	362-368	perçue	_	_	_	
3-25	368-369	.	_	_	_	

#Text=Il faut que l’incision soit fraîche, faite par celui-là môme qui doit sentir, autrement on s’expose à des erreurs et à des contradictions.
4-1	370-372	Il	_	_	_	
4-2	373-377	faut	_	_	_	
4-3	378-381	que	_	_	_	
4-4	382-383	l	_	_	_	
4-5	383-384	’	_	_	_	
4-6	384-392	incision	_	_	_	
4-7	393-397	soit	_	_	_	
4-8	398-405	fraîche	_	_	_	
4-9	405-406	,	_	_	_	
4-10	407-412	faite	_	_	_	
4-11	413-416	par	_	_	_	
4-12	417-425	celui-là	_	_	_	
4-13	426-430	môme	_	_	_	
4-14	431-434	qui	_	_	_	
4-15	435-439	doit	_	_	_	
4-16	440-446	sentir	_	_	_	
4-17	446-447	,	_	_	_	
4-18	448-457	autrement	_	_	_	
4-19	458-460	on	_	_	_	
4-20	461-462	s	_	_	_	
4-21	462-463	’	_	_	_	
4-22	463-469	expose	_	_	_	
4-23	470-471	à	_	_	_	
4-24	472-475	des	_	_	_	
4-25	476-483	erreurs	_	_	_	
4-26	484-486	et	_	_	_	
4-27	487-488	à	_	_	_	
4-28	489-492	des	_	_	_	
4-29	493-507	contradictions	_	_	_	
4-30	507-508	.	_	_	_	

#Text=Si on fait rôtir la viande fiévreuse, elle dégage encore une odeur désagréable, un je ne sais quoi qui fait faire la grimace, surtout si on vient à la manger.
5-1	509-511	Si	Circumstances[4]	_	_	
5-2	512-514	on	Circumstances[4]	_	_	
5-3	515-519	fait	Circumstances[4]	_	_	
5-4	520-525	rôtir	Circumstances[4]	_	_	
5-5	526-528	la	_	_	_	
5-6	529-535	viande	Smell\_Source[5]	Anaphoric	5-9[6_5]	
5-7	536-545	fiévreuse	Smell\_Source[5]	_	_	
5-8	545-546	,	_	_	_	
5-9	547-551	elle	Smell\_Source[6]|Odour\_Carrier[7]	_	_	
5-10	552-558	dégage	_	_	_	
5-11	559-565	encore	_	_	_	
5-12	566-569	une	_	_	_	
5-13	570-575	odeur	Smell\_Word	*|*|*	5-14|5-9[6_0]|5-1[4_0]	
5-14	576-587	désagréable	Quality	_	_	
5-15	587-588	,	_	_	_	
5-16	589-591	un	_	_	_	
5-17	592-594	je	_	_	_	
5-18	595-597	ne	_	_	_	
5-19	598-602	sais	_	_	_	
5-20	603-607	quoi	_	_	_	
5-21	608-611	qui	_	_	_	
5-22	612-616	fait	_	_	_	
5-23	617-622	faire	_	_	_	
5-24	623-625	la	_	_	_	
5-25	626-633	grimace	_	_	_	
5-26	633-634	,	_	_	_	
5-27	635-642	surtout	_	_	_	
5-28	643-645	si	_	_	_	
5-29	646-648	on	_	_	_	
5-30	649-654	vient	_	_	_	
5-31	655-656	à	_	_	_	
5-32	657-659	la	_	_	_	
5-33	660-666	manger	_	_	_	
5-34	666-667	.	_	_	_	

#Text=C’est principalement dans les accidents de parturition, la péritonite, la fièvre vitulaire, le charbon bactéridien, et en général dans toutes les maladies aiguës, que l’odeur de fièvre est très accentuée, au point souvent qu’il n’y a pas besoin de faire d’incision pour la déceler.
6-1	668-669	C	_	_	_	
6-2	669-670	’	_	_	_	
6-3	670-673	est	_	_	_	
6-4	674-688	principalement	_	_	_	
6-5	689-693	dans	Circumstances[8]	_	_	
6-6	694-697	les	Circumstances[8]	_	_	
6-7	698-707	accidents	Circumstances[8]	_	_	
6-8	708-710	de	Circumstances[8]	_	_	
6-9	711-722	parturition	Circumstances[8]	_	_	
6-10	722-723	,	Circumstances[8]	_	_	
6-11	724-726	la	Circumstances[8]	_	_	
6-12	727-737	péritonite	Circumstances[8]	_	_	
6-13	737-738	,	Circumstances[8]	_	_	
6-14	739-741	la	Circumstances[8]	_	_	
6-15	742-748	fièvre	Circumstances[8]	_	_	
6-16	749-758	vitulaire	Circumstances[8]	_	_	
6-17	758-759	,	Circumstances[8]	_	_	
6-18	760-762	le	Circumstances[8]	_	_	
6-19	763-770	charbon	Circumstances[8]	_	_	
6-20	771-782	bactéridien	Circumstances[8]	_	_	
6-21	782-783	,	Circumstances[8]	_	_	
6-22	784-786	et	Circumstances[8]	_	_	
6-23	787-789	en	Circumstances[8]	_	_	
6-24	790-797	général	Circumstances[8]	_	_	
6-25	798-802	dans	Circumstances[8]	_	_	
6-26	803-809	toutes	Circumstances[8]	_	_	
6-27	810-813	les	Circumstances[8]	_	_	
6-28	814-822	maladies	Circumstances[8]	_	_	
6-29	823-829	aiguës	Circumstances[8]	_	_	
6-30	829-830	,	_	_	_	
6-31	831-834	que	_	_	_	
6-32	835-836	l	_	_	_	
6-33	836-837	’	_	_	_	
6-34	837-842	odeur	Smell\_Word	*|*|*	6-36|6-38[9_0]|6-5[8_0]	
6-35	843-845	de	_	_	_	
6-36	846-852	fièvre	Smell\_Source	_	_	
6-37	853-856	est	_	_	_	
6-38	857-861	très	Quality[9]	_	_	
6-39	862-871	accentuée	Quality[9]	_	_	
6-40	871-872	,	_	_	_	
6-41	873-875	au	_	_	_	
6-42	876-881	point	_	_	_	
6-43	882-889	souvent	_	_	_	
6-44	890-892	qu	_	_	_	
6-45	892-893	’	_	_	_	
6-46	893-895	il	_	_	_	
6-47	896-897	n	_	_	_	
6-48	897-898	’	_	_	_	
6-49	898-899	y	_	_	_	
6-50	900-901	a	_	_	_	
6-51	902-905	pas	_	_	_	
6-52	906-912	besoin	_	_	_	
6-53	913-915	de	_	_	_	
6-54	916-921	faire	_	_	_	
6-55	922-923	d	_	_	_	
6-56	923-924	’	_	_	_	
6-57	924-932	incision	_	_	_	
6-58	933-937	pour	_	_	_	
6-59	938-940	la	_	_	_	
6-60	941-948	déceler	_	_	_	
6-61	948-949	.	_	_	_	

#Text=Les forts eux-mêmes, en apportant la viande suspecte à notre salle d’autopsie, déclarent aussitôt qu’elle sent la fièvre.
7-1	950-953	Les	_	_	_	
7-2	954-959	forts	_	_	_	
7-3	960-969	eux-mêmes	_	_	_	
7-4	969-970	,	_	_	_	
7-5	971-973	en	_	_	_	
7-6	974-983	apportant	_	_	_	
7-7	984-986	la	_	_	_	
7-8	987-993	viande	_	_	_	
7-9	994-1002	suspecte	_	_	_	
7-10	1003-1004	à	_	_	_	
7-11	1005-1010	notre	_	_	_	
7-12	1011-1016	salle	_	_	_	
7-13	1017-1018	d	_	_	_	
7-14	1018-1019	’	_	_	_	
7-15	1019-1027	autopsie	_	_	_	
7-16	1027-1028	,	_	_	_	
7-17	1029-1038	déclarent	_	_	_	
7-18	1039-1047	aussitôt	_	_	_	
7-19	1048-1050	qu	_	_	_	
7-20	1050-1051	’	_	_	_	
7-21	1051-1055	elle	_	_	_	
7-22	1056-1060	sent	_	_	_	
7-23	1061-1063	la	_	_	_	
7-24	1064-1070	fièvre	_	_	_	
7-25	1070-1071	.	_	_	_	

#Text=La viande fiévreuse est toujours retirée de la consommation à cause des leucomaïnes qu’elle peut renfermer.
8-1	1072-1074	La	_	_	_	
8-2	1075-1081	viande	_	_	_	
8-3	1082-1091	fiévreuse	_	_	_	
8-4	1092-1095	est	_	_	_	
8-5	1096-1104	toujours	_	_	_	
8-6	1105-1112	retirée	_	_	_	
8-7	1113-1115	de	_	_	_	
8-8	1116-1118	la	_	_	_	
8-9	1119-1131	consommation	_	_	_	
8-10	1132-1133	à	_	_	_	
8-11	1134-1139	cause	_	_	_	
8-12	1140-1143	des	_	_	_	
8-13	1144-1155	leucomaïnes	_	_	_	
8-14	1156-1158	qu	_	_	_	
8-15	1158-1159	’	_	_	_	
8-16	1159-1163	elle	_	_	_	
8-17	1164-1168	peut	_	_	_	
8-18	1169-1178	renfermer	_	_	_	
8-19	1178-1179	.	_	_	_	

#Text=Lu reste, il y a toujours des lésions pathologiques indiquant clairement que la bête, objet de l’examen, était primitivement malade et qu’elle a dû être saignée in extremis.
9-1	1180-1182	Lu	_	_	_	
9-2	1183-1188	reste	_	_	_	
9-3	1188-1189	,	_	_	_	
9-4	1190-1192	il	_	_	_	
9-5	1193-1194	y	_	_	_	
9-6	1195-1196	a	_	_	_	
9-7	1197-1205	toujours	_	_	_	
9-8	1206-1209	des	_	_	_	
9-9	1210-1217	lésions	_	_	_	
9-10	1218-1231	pathologiques	_	_	_	
9-11	1232-1241	indiquant	_	_	_	
9-12	1242-1252	clairement	_	_	_	
9-13	1253-1256	que	_	_	_	
9-14	1257-1259	la	_	_	_	
9-15	1260-1264	bête	_	_	_	
9-16	1264-1265	,	_	_	_	
9-17	1266-1271	objet	_	_	_	
9-18	1272-1274	de	_	_	_	
9-19	1275-1276	l	_	_	_	
9-20	1276-1277	’	_	_	_	
9-21	1277-1283	examen	_	_	_	
9-22	1283-1284	,	_	_	_	
9-23	1285-1290	était	_	_	_	
9-24	1291-1304	primitivement	_	_	_	
9-25	1305-1311	malade	_	_	_	
9-26	1312-1314	et	_	_	_	
9-27	1315-1317	qu	_	_	_	
9-28	1317-1318	’	_	_	_	
9-29	1318-1322	elle	_	_	_	
9-30	1323-1324	a	_	_	_	
9-31	1325-1327	dû	_	_	_	
9-32	1328-1332	être	_	_	_	
9-33	1333-1340	saignée	_	_	_	
9-34	1341-1343	in	_	_	_	
9-35	1344-1352	extremis	_	_	_	
9-36	1352-1353	.	_	_	_	

#Text=Je dois, en cette circonstance, mettre en garde contre l’odeur assez forte que répand la chair pantelante et que les bouchers traduisent en disant que la viande sent le chaud.
10-1	1354-1356	Je	_	_	_	
10-2	1357-1361	dois	_	_	_	
10-3	1361-1362	,	_	_	_	
10-4	1363-1365	en	_	_	_	
10-5	1366-1371	cette	_	_	_	
10-6	1372-1384	circonstance	_	_	_	
10-7	1384-1385	,	_	_	_	
10-8	1386-1392	mettre	_	_	_	
10-9	1393-1395	en	_	_	_	
10-10	1396-1401	garde	_	_	_	
10-11	1402-1408	contre	_	_	_	
10-12	1409-1410	l	_	_	_	
10-13	1410-1411	’	_	_	_	
10-14	1411-1416	odeur	Smell\_Word	*|*|Anaphoric	10-15[10_0]|10-20[11_0]|11-2	
10-15	1417-1422	assez	Quality[10]	_	_	
10-16	1423-1428	forte	Quality[10]	_	_	
10-17	1429-1432	que	_	_	_	
10-18	1433-1439	répand	_	_	_	
10-19	1440-1442	la	_	_	_	
10-20	1443-1448	chair	Smell\_Source[11]	_	_	
10-21	1449-1459	pantelante	Smell\_Source[11]	_	_	
10-22	1460-1462	et	_	_	_	
10-23	1463-1466	que	_	_	_	
10-24	1467-1470	les	_	_	_	
10-25	1471-1479	bouchers	_	_	_	
10-26	1480-1490	traduisent	_	_	_	
10-27	1491-1493	en	_	_	_	
10-28	1494-1500	disant	_	_	_	
10-29	1501-1504	que	_	_	_	
10-30	1505-1507	la	_	_	_	
10-31	1508-1514	viande	_	_	_	
10-32	1515-1519	sent	_	_	_	
10-33	1520-1522	le	_	_	_	
10-34	1523-1528	chaud	_	_	_	
10-35	1528-1529	.	_	_	_	

#Text=Cette odeur s’accentue davantage si on vient à expédier les quartiers de l’animal avant leur refroidissemment complet, mais elle n’est pas comparable à celle de la fièvre et se dissipe assez vite au contact de l’air.
11-1	1530-1535	Cette	_	_	_	
11-2	1536-1541	odeur	Smell\_Word	*	11-7[12_0]	
11-3	1542-1543	s	_	_	_	
11-4	1543-1544	’	_	_	_	
11-5	1544-1552	accentue	_	_	_	
11-6	1553-1562	davantage	_	_	_	
11-7	1563-1565	si	Circumstances[12]	_	_	
11-8	1566-1568	on	Circumstances[12]	_	_	
11-9	1569-1574	vient	Circumstances[12]	_	_	
11-10	1575-1576	à	Circumstances[12]	_	_	
11-11	1577-1585	expédier	Circumstances[12]	_	_	
11-12	1586-1589	les	Circumstances[12]	_	_	
11-13	1590-1599	quartiers	Circumstances[12]	_	_	
11-14	1600-1602	de	Circumstances[12]	_	_	
11-15	1603-1604	l	Circumstances[12]	_	_	
11-16	1604-1605	’	Circumstances[12]	_	_	
11-17	1605-1611	animal	Circumstances[12]	_	_	
11-18	1612-1617	avant	Circumstances[12]	_	_	
11-19	1618-1622	leur	Circumstances[12]	_	_	
11-20	1623-1639	refroidissemment	Circumstances[12]	_	_	
11-21	1640-1647	complet	Circumstances[12]	_	_	
11-22	1647-1648	,	_	_	_	
11-23	1649-1653	mais	_	_	_	
11-24	1654-1658	elle	_	_	_	
11-25	1659-1660	n	_	_	_	
11-26	1660-1661	’	_	_	_	
11-27	1661-1664	est	_	_	_	
11-28	1665-1668	pas	_	_	_	
11-29	1669-1679	comparable	_	_	_	
11-30	1680-1681	à	_	_	_	
11-31	1682-1687	celle	_	_	_	
11-32	1688-1690	de	_	_	_	
11-33	1691-1693	la	_	_	_	
11-34	1694-1700	fièvre	_	_	_	
11-35	1701-1703	et	_	_	_	
11-36	1704-1706	se	_	_	_	
11-37	1707-1714	dissipe	_	_	_	
11-38	1715-1720	assez	_	_	_	
11-39	1721-1725	vite	_	_	_	
11-40	1726-1728	au	_	_	_	
11-41	1729-1736	contact	_	_	_	
11-42	1737-1739	de	_	_	_	
11-43	1740-1741	l	_	_	_	
11-44	1741-1742	’	_	_	_	
11-45	1742-1745	air	_	_	_	
11-46	1745-1746	.	_	_	_	

#Text=Nous retirons souvent de la consommation des viandes qui dégagent une odeur de météorisation, odeur que j’appellerai excrémentitielle.
12-1	1747-1751	Nous	_	_	_	
12-2	1752-1760	retirons	_	_	_	
12-3	1761-1768	souvent	_	_	_	
12-4	1769-1771	de	_	_	_	
12-5	1772-1774	la	_	_	_	
12-6	1775-1787	consommation	_	_	_	
12-7	1788-1791	des	_	_	_	
12-8	1792-1799	viandes	Odour\_Carrier	_	_	
12-9	1800-1803	qui	_	_	_	
12-10	1804-1812	dégagent	_	_	_	
12-11	1813-1816	une	_	_	_	
12-12	1817-1822	odeur	Smell\_Word	*|*|Anaphoric	12-8|12-14|12-16	
12-13	1823-1825	de	_	_	_	
12-14	1826-1839	météorisation	Smell\_Source	_	_	
12-15	1839-1840	,	_	_	_	
12-16	1841-1846	odeur	Smell\_Word	*	12-21	
12-17	1847-1850	que	_	_	_	
12-18	1851-1852	j	_	_	_	
12-19	1852-1853	’	_	_	_	
12-20	1853-1863	appellerai	_	_	_	
12-21	1864-1880	excrémentitielle	Evoked\_Odorant	_	_	
12-22	1880-1881	.	_	_	_	

#Text=Les indigestions des ruminants sont trop connues en vétérinaire pour que je veuille m’étendre sur ce sujet.
13-1	1882-1885	Les	_	_	_	
13-2	1886-1898	indigestions	_	_	_	
13-3	1899-1902	des	_	_	_	
13-4	1903-1912	ruminants	_	_	_	
13-5	1913-1917	sont	_	_	_	
13-6	1918-1922	trop	_	_	_	
13-7	1923-1930	connues	_	_	_	
13-8	1931-1933	en	_	_	_	
13-9	1934-1945	vétérinaire	_	_	_	
13-10	1946-1950	pour	_	_	_	
13-11	1951-1954	que	_	_	_	
13-12	1955-1957	je	_	_	_	
13-13	1958-1965	veuille	_	_	_	
13-14	1966-1967	m	_	_	_	
13-15	1967-1968	’	_	_	_	
13-16	1968-1975	étendre	_	_	_	
13-17	1976-1979	sur	_	_	_	
13-18	1980-1982	ce	_	_	_	
13-19	1983-1988	sujet	_	_	_	
13-20	1988-1989	.	_	_	_	

#Text=Bien souvent, l’odeur est ammoniacale, urineuse.
14-1	1990-1994	Bien	_	_	_	
14-2	1995-2002	souvent	_	_	_	
14-3	2002-2003	,	_	_	_	
14-4	2004-2005	l	_	_	_	
14-5	2005-2006	’	_	_	_	
14-6	2006-2011	odeur	Smell\_Word	*|*	14-8|14-10	
14-7	2012-2015	est	_	_	_	
14-8	2016-2027	ammoniacale	Evoked\_Odorant	_	_	
14-9	2027-2028	,	_	_	_	
14-10	2029-2037	urineuse	Evoked\_Odorant	_	_	
14-11	2037-2038	.	_	_	_	
