#FORMAT=WebAnno TSV 3.3


#Text=Auß dem holtz dieſes Baums machet man
#Text=in Franckreich/
#Text=Hiſpanien und Jtalien
#Text=
#Text=nutzliche Zahnſteurer/ und ſchicket ſie von
#Text=dar auß in Teutſchland: waren ſchon zu
#Text=Martialis zeiten bekant/
#Text=dahero er lib.
#Text=14. epi-
#Text=gram.
#Text=18. alſo ſchreibet:
#Text=
#Text=
#Text=Lentiſco melius: ſed ſi tibi frondia cuſpis
#Text=Defuerit, dentes penna levare poteſt.
1-1	2-5	Auß	
1-2	6-9	dem	
1-3	10-15	holtz	
1-4	16-22	dieſes	
1-5	23-28	Baums	
1-6	29-35	machet	
1-7	36-39	man	
1-8	40-42	in	
1-9	43-54	Franckreich	
1-10	54-55	/	
1-11	56-65	Hiſpanien	
1-12	66-69	und	
1-13	70-77	Jtalien	
1-14	79-88	nutzliche	
1-15	89-100	Zahnſteurer	
1-16	100-101	/	
1-17	102-105	und	
1-18	106-114	ſchicket	
1-19	115-118	ſie	
1-20	119-122	von	
1-21	123-126	dar	
1-22	127-130	auß	
1-23	131-133	in	
1-24	134-145	Teutſchland	
1-25	145-146	:	
1-26	147-152	waren	
1-27	153-158	ſchon	
1-28	159-161	zu	
1-29	162-171	Martialis	
1-30	172-178	zeiten	
1-31	179-185	bekant	
1-32	185-186	/	
1-33	187-193	dahero	
1-34	194-196	er	
1-35	197-200	lib	
1-36	200-201	.	
1-37	202-204	14	
1-38	204-205	.	
1-39	206-209	epi	
1-40	209-210	-	
1-41	211-215	gram	
1-42	215-216	.	
1-43	217-219	18	
1-44	219-220	.	
1-45	221-225	alſo	
1-46	226-235	ſchreibet	
1-47	235-236	:	
1-48	239-247	Lentiſco	
1-49	248-254	melius	
1-50	254-255	:	
1-51	256-259	ſed	
1-52	260-262	ſi	
1-53	263-267	tibi	
1-54	268-275	frondia	
1-55	276-282	cuſpis	
1-56	283-291	Defuerit	
1-57	291-292	,	
1-58	293-299	dentes	
1-59	300-305	penna	
1-60	306-312	levare	
1-61	313-319	poteſt	
1-62	319-320	.	

#Text=Eigenſchafft.
2-1	322-334	Eigenſchafft	
2-2	334-335	.	

#Text=Der Maſtixbaum hat in allen ſeinen thei-
#Text=
#Text=len einen herben/ anziehenden/ balſamiſchen
#Text=Safft/ und demnach eine zuſam̃enzichende
#Text=und trockene natur.
3-1	338-341	Der	
3-2	342-352	Maſtixbaum	
3-3	353-356	hat	
3-4	357-359	in	
3-5	360-365	allen	
3-6	366-372	ſeinen	
3-7	373-377	thei	
3-8	377-378	-	
3-9	380-383	len	
3-10	384-389	einen	
3-11	390-396	herben	
3-12	396-397	/	
3-13	398-409	anziehenden	
3-14	409-410	/	
3-15	411-423	balſamiſchen	
3-16	424-429	Safft	
3-17	429-430	/	
3-18	431-434	und	
3-19	435-442	demnach	
3-20	443-447	eine	
3-21	448-464	zuſam̃enzichende	
3-22	465-468	und	
3-23	469-477	trockene	
3-24	478-483	natur	
3-25	483-484	.	

#Text=Der Maſtix aber iſt der
#Text=auß dem Baum außgefloſſene Balſam/ wel-
#Text=cher mit einem rechten aromatiſchen
#Text=fluͤch-
#Text=
#Text=tigen temperirten Saltzgeiſt vergeſellſchaff-
#Text=tet/ hiemit die eigenſchafft hat/ alle ſcharf-
#Text=fen/ ſauren/
#Text=etzenden feuchtigkeiten zu ver-
#Text=ſuͤſſen/ und alſo auch gefaͤhrlichen durch-
#Text=bruͤchen und blutfluͤſſen durch eine Balſa-
#Text=miſche gelind anhaltende krafft zu ſteuren.
4-1	485-488	Der	
4-2	489-495	Maſtix	
4-3	496-500	aber	
4-4	501-504	iſt	
4-5	505-508	der	
4-6	509-512	auß	
4-7	513-516	dem	
4-8	517-521	Baum	
4-9	522-535	außgefloſſene	
4-10	536-542	Balſam	
4-11	542-543	/	
4-12	544-547	wel	
4-13	547-548	-	
4-14	549-553	cher	
4-15	554-557	mit	
4-16	558-563	einem	
4-17	564-571	rechten	
4-18	572-584	aromatiſchen	
4-19	585-591	fluͤch	
4-20	591-592	-	
4-21	594-599	tigen	
4-22	600-611	temperirten	
4-23	612-622	Saltzgeiſt	
4-24	623-638	vergeſellſchaff	
4-25	638-639	-	
4-26	640-643	tet	
4-27	643-644	/	
4-28	645-651	hiemit	
4-29	652-655	die	
4-30	656-668	eigenſchafft	
4-31	669-672	hat	
4-32	672-673	/	
4-33	674-678	alle	
4-34	679-685	ſcharf	
4-35	685-686	-	
4-36	687-690	fen	
4-37	690-691	/	
4-38	692-698	ſauren	
4-39	698-699	/	
4-40	700-708	etzenden	
4-41	709-723	feuchtigkeiten	
4-42	724-726	zu	
4-43	727-730	ver	
4-44	730-731	-	
4-45	732-739	ſuͤſſen	
4-46	739-740	/	
4-47	741-744	und	
4-48	745-749	alſo	
4-49	750-754	auch	
4-50	755-768	gefaͤhrlichen	
4-51	769-774	durch	
4-52	774-775	-	
4-53	776-784	bruͤchen	
4-54	785-788	und	
4-55	789-801	blutfluͤſſen	
4-56	802-807	durch	
4-57	808-812	eine	
4-58	813-818	Balſa	
4-59	818-819	-	
4-60	820-826	miſche	
4-61	827-833	gelind	
4-62	834-844	anhaltende	
4-63	845-851	krafft	
4-64	852-854	zu	
4-65	855-862	ſteuren	
4-66	862-863	.	

#Text=Gebrauch.
5-1	866-874	Gebrauch	
5-2	874-875	.	

#Text=Maſtix iſt ein gutes mittel zu dem Ma-
#Text=gen/
#Text=denn die erfahrung bezeuget/
#Text=ſo man
#Text=alle Abend/ wenn man ſchlaffen gehet/
#Text=drey
6-1	877-883	Maſtix	
6-2	884-887	iſt	
6-3	888-891	ein	
6-4	892-897	gutes	
6-5	898-904	mittel	
6-6	905-907	zu	
6-7	908-911	dem	
6-8	912-914	Ma	
6-9	914-915	-	
6-10	916-919	gen	
6-11	919-920	/	
6-12	921-925	denn	
6-13	926-929	die	
6-14	930-939	erfahrung	
6-15	940-948	bezeuget	
6-16	948-949	/	
6-17	950-952	ſo	
6-18	953-956	man	
6-19	957-961	alle	
6-20	962-967	Abend	
6-21	967-968	/	
6-22	969-973	wenn	
6-23	974-977	man	
6-24	978-987	ſchlaffen	
6-25	988-993	gehet	
6-26	993-994	/	
6-27	995-999	drey	
