#FORMAT=WebAnno TSV 3.3


#Text=13.
1-1	2-4	13	
1-2	4-5	.	

#Text=Men gelieve niet te denken, dat dese wetten en wysheit alleen plaatse gehadt hebben,
#Text=in het groote gebouw des Werelds in syne ordere en forme te brengen;
#Text=de
#Text=onderhoudinge selfs en wyse om dit alles in den stant, waar in het door de scheppinge
#Text=gebragt is, te doen volduren, toont aan yder dagelyks soodanige wetten.
2-1	8-11	Men	
2-2	12-19	gelieve	
2-3	20-24	niet	
2-4	25-27	te	
2-5	28-34	denken	
2-6	34-35	,	
2-7	36-39	dat	
2-8	40-44	dese	
2-9	45-51	wetten	
2-10	52-54	en	
2-11	55-62	wysheit	
2-12	63-69	alleen	
2-13	70-77	plaatse	
2-14	78-84	gehadt	
2-15	85-91	hebben	
2-16	91-92	,	
2-17	93-95	in	
2-18	96-99	het	
2-19	100-106	groote	
2-20	107-113	gebouw	
2-21	114-117	des	
2-22	118-125	Werelds	
2-23	126-128	in	
2-24	129-133	syne	
2-25	134-140	ordere	
2-26	141-143	en	
2-27	144-149	forme	
2-28	150-152	te	
2-29	153-160	brengen	
2-30	160-161	;	
2-31	162-164	de	
2-32	165-178	onderhoudinge	
2-33	179-184	selfs	
2-34	185-187	en	
2-35	188-192	wyse	
2-36	193-195	om	
2-37	196-199	dit	
2-38	200-205	alles	
2-39	206-208	in	
2-40	209-212	den	
2-41	213-218	stant	
2-42	218-219	,	
2-43	220-224	waar	
2-44	225-227	in	
2-45	228-231	het	
2-46	232-236	door	
2-47	237-239	de	
2-48	240-250	scheppinge	
2-49	251-258	gebragt	
2-50	259-261	is	
2-51	261-262	,	
2-52	263-265	te	
2-53	266-270	doen	
2-54	271-279	volduren	
2-55	279-280	,	
2-56	281-286	toont	
2-57	287-290	aan	
2-58	291-295	yder	
2-59	296-304	dagelyks	
2-60	305-314	soodanige	
2-61	315-321	wetten	
2-62	321-322	.	

#Text=Welke een
#Text=Atheist, schoon anders de naam van een groot Philosooph sigh waardigh agtende,
#Text=niet ligt om syn tegensprekende gewisse te doen swygen, uit syne gronden
#Text=dat is uit
#Text=een los geval of andere onverstandige oorsaken sal kunnen afleiden.
3-1	323-328	Welke	
3-2	329-332	een	
3-3	333-340	Atheist	
3-4	340-341	,	
3-5	342-348	schoon	
3-6	349-355	anders	
3-7	356-358	de	
3-8	359-363	naam	
3-9	364-367	van	
3-10	368-371	een	
3-11	372-377	groot	
3-12	378-388	Philosooph	
3-13	389-393	sigh	
3-14	394-402	waardigh	
3-15	403-410	agtende	
3-16	410-411	,	
3-17	412-416	niet	
3-18	417-421	ligt	
3-19	422-424	om	
3-20	425-428	syn	
3-21	429-443	tegensprekende	
3-22	444-451	gewisse	
3-23	452-454	te	
3-24	455-459	doen	
3-25	460-466	swygen	
3-26	466-467	,	
3-27	468-471	uit	
3-28	472-476	syne	
3-29	477-484	gronden	
3-30	485-488	dat	
3-31	489-491	is	
3-32	492-495	uit	
3-33	496-499	een	
3-34	500-503	los	
3-35	504-509	geval	
3-36	510-512	of	
3-37	513-519	andere	
3-38	520-533	onverstandige	
3-39	534-542	oorsaken	
3-40	543-546	sal	
3-41	547-553	kunnen	
3-42	554-562	afleiden	
3-43	562-563	.	

#Text=Wil men een bewys daar van sien, hoe den grooten Bestierder uit een samen
#Text=vergaderingh van onnoemelyk veel verscheidenheden van deelen, die ons niet als
#Text=met de uiterste confusie onder een gemengt schynen, eenige bepaalde en tot syne
#Text=hooge oogmerken dienende, alleen tot malkander doet naderen; en met malkanderen
#Text=en andere saken, die tot haar onderhoud of wasdom sulks vereisschen, volgens de
#Text=daar in door syne voorsienigheit gelegde wetten doet vereenigen:
#Text=Men brege weder
#Text=in syne gedagten, het geen te voren van eenige saken reeds gesegt is.
4-1	565-568	Wil	
4-2	569-572	men	
4-3	573-576	een	
4-4	577-582	bewys	
4-5	583-587	daar	
4-6	588-591	van	
4-7	592-596	sien	
4-8	596-597	,	
4-9	598-601	hoe	
4-10	602-605	den	
4-11	606-613	grooten	
4-12	614-624	Bestierder	
4-13	625-628	uit	
4-14	629-632	een	
4-15	633-638	samen	
4-16	639-651	vergaderingh	
4-17	652-655	van	
4-18	656-666	onnoemelyk	
4-19	667-671	veel	
4-20	672-688	verscheidenheden	
4-21	689-692	van	
4-22	693-699	deelen	
4-23	699-700	,	
4-24	701-704	die	
4-25	705-708	ons	
4-26	709-713	niet	
4-27	714-717	als	
4-28	718-721	met	
4-29	722-724	de	
4-30	725-733	uiterste	
4-31	734-742	confusie	
4-32	743-748	onder	
4-33	749-752	een	
4-34	753-760	gemengt	
4-35	761-768	schynen	
4-36	768-769	,	
4-37	770-776	eenige	
4-38	777-785	bepaalde	
4-39	786-788	en	
4-40	789-792	tot	
4-41	793-797	syne	
4-42	798-803	hooge	
4-43	804-813	oogmerken	
4-44	814-822	dienende	
4-45	822-823	,	
4-46	824-830	alleen	
4-47	831-834	tot	
4-48	835-844	malkander	
4-49	845-849	doet	
4-50	850-857	naderen	
4-51	857-858	;	
4-52	859-861	en	
4-53	862-865	met	
4-54	866-877	malkanderen	
4-55	878-880	en	
4-56	881-887	andere	
4-57	888-893	saken	
4-58	893-894	,	
4-59	895-898	die	
4-60	899-902	tot	
4-61	903-907	haar	
4-62	908-917	onderhoud	
4-63	918-920	of	
4-64	921-927	wasdom	
4-65	928-933	sulks	
4-66	934-945	vereisschen	
4-67	945-946	,	
4-68	947-954	volgens	
4-69	955-957	de	
4-70	958-962	daar	
4-71	963-965	in	
4-72	966-970	door	
4-73	971-975	syne	
4-74	976-990	voorsienigheit	
4-75	991-998	gelegde	
4-76	999-1005	wetten	
4-77	1006-1010	doet	
4-78	1011-1021	vereenigen	
4-79	1021-1022	:	
4-80	1023-1026	Men	
4-81	1027-1032	brege	
4-82	1033-1038	weder	
4-83	1039-1041	in	
4-84	1042-1046	syne	
4-85	1047-1055	gedagten	
4-86	1055-1056	,	
4-87	1057-1060	het	
4-88	1061-1065	geen	
4-89	1066-1068	te	
4-90	1069-1074	voren	
4-91	1075-1078	van	
4-92	1079-1085	eenige	
4-93	1086-1091	saken	
4-94	1092-1097	reeds	
4-95	1098-1104	gesegt	
4-96	1105-1107	is	
4-97	1107-1108	.	

#Text=Is de lugt niet een mengsel, ja een Chaos van hondert duisenden verscheiden
#Text=millioenen deelen?
5-1	1110-1112	Is	
5-2	1113-1115	de	
5-3	1116-1120	lugt	
5-4	1121-1125	niet	
5-5	1126-1129	een	
5-6	1130-1137	mengsel	
5-7	1137-1138	,	
5-8	1139-1141	ja	
5-9	1142-1145	een	
5-10	1146-1151	Chaos	
5-11	1152-1155	van	
5-12	1156-1163	hondert	
5-13	1164-1173	duisenden	
5-14	1174-1185	verscheiden	
5-15	1186-1196	millioenen	
5-16	1197-1203	deelen	
5-17	1203-1204	?	

#Text=hoe veel dingen werden door vyer verbrand, en door verrottinge
#Text=ontbonden, die haren uitgaande rook met de lugt mengen?
6-1	1205-1208	hoe	
6-2	1209-1213	veel	
6-3	1214-1220	dingen	
6-4	1221-1227	werden	
6-5	1228-1232	door	
6-6	1233-1237	vyer	
6-7	1238-1246	verbrand	
6-8	1246-1247	,	
6-9	1248-1250	en	
6-10	1251-1255	door	
6-11	1256-1267	verrottinge	
6-12	1268-1277	ontbonden	
6-13	1277-1278	,	
6-14	1279-1282	die	
6-15	1283-1288	haren	
6-16	1289-1298	uitgaande	
6-17	1299-1303	rook	
6-18	1304-1307	met	
6-19	1308-1310	de	
6-20	1311-1315	lugt	
6-21	1316-1322	mengen	
6-22	1322-1323	?	

#Text=hoe veel menschen en
#Text=dieren wasemen daar in uit?
7-1	1324-1327	hoe	
7-2	1328-1332	veel	
7-3	1333-1341	menschen	
7-4	1342-1344	en	
7-5	1345-1351	dieren	
7-6	1352-1359	wasemen	
7-7	1360-1364	daar	
7-8	1365-1367	in	
7-9	1368-1371	uit	
7-10	1371-1372	?	

#Text=selfs volgens de experimenten van de Heer Boyle werden
#Text=meest alle saken, ook ys en sneeuw hoe kout sy ook syn, door uit wasemingh ligter;
#Text=en senden haar dampende deelen in de lugt.
8-1	1373-1378	selfs	
8-2	1379-1386	volgens	
8-3	1387-1389	de	
8-4	1390-1402	experimenten	
8-5	1403-1406	van	
8-6	1407-1409	de	
8-7	1410-1414	Heer	
8-8	1415-1420	Boyle	
8-9	1421-1427	werden	
8-10	1428-1433	meest	
8-11	1434-1438	alle	
8-12	1439-1444	saken	
8-13	1444-1445	,	
8-14	1446-1449	ook	
8-15	1450-1452	ys	
8-16	1453-1455	en	
8-17	1456-1462	sneeuw	
8-18	1463-1466	hoe	
8-19	1467-1471	kout	
8-20	1472-1474	sy	
8-21	1475-1478	ook	
8-22	1479-1482	syn	
8-23	1482-1483	,	
8-24	1484-1488	door	
8-25	1489-1492	uit	
8-26	1493-1502	wasemingh	
8-27	1503-1509	ligter	
8-28	1509-1510	;	
8-29	1511-1513	en	
8-30	1514-1520	senden	
8-31	1521-1525	haar	
8-32	1526-1534	dampende	
8-33	1535-1541	deelen	
8-34	1542-1544	in	
8-35	1545-1547	de	
8-36	1548-1552	lugt	
8-37	1552-1553	.	

#Text=Hoe veel welriekende bloemen, hoe veel
#Text=speceryen en andere saken vervullen deselve met hare reukdeelen?
9-1	1554-1557	Hoe	
9-2	1558-1562	veel	
9-3	1563-1574	welriekende	
9-4	1575-1582	bloemen	
9-5	1582-1583	,	
9-6	1584-1587	hoe	
9-7	1588-1592	veel	
9-8	1593-1602	speceryen	
9-9	1603-1605	en	
9-10	1606-1612	andere	
9-11	1613-1618	saken	
9-12	1619-1628	vervullen	
9-13	1629-1636	deselve	
9-14	1637-1640	met	
9-15	1641-1645	hare	
9-16	1646-1656	reukdeelen	
9-17	1656-1657	?	

#Text=soo dat men
#Text=eenige mylen verre van die eilanden, daar die wassen, de reuk van deselve in de lugt
#Text=volgens het verhaal van die het ondervonden hebben, somtyds gewaar werd.
10-1	1658-1661	soo	
10-2	1662-1665	dat	
10-3	1666-1669	men	
10-4	1670-1676	eenige	
10-5	1677-1682	mylen	
10-6	1683-1688	verre	
10-7	1689-1692	van	
10-8	1693-1696	die	
10-9	1697-1705	eilanden	
10-10	1705-1706	,	
10-11	1707-1711	daar	
10-12	1712-1715	die	
10-13	1716-1722	wassen	
10-14	1722-1723	,	
10-15	1724-1726	de	
10-16	1727-1731	reuk	
10-17	1732-1735	van	
10-18	1736-1743	deselve	
10-19	1744-1746	in	
10-20	1747-1749	de	
10-21	1750-1754	lugt	
10-22	1755-1762	volgens	
10-23	1763-1766	het	
10-24	1767-1774	verhaal	
10-25	1775-1778	van	
10-26	1779-1782	die	
10-27	1783-1786	het	
10-28	1787-1798	ondervonden	
10-29	1799-1805	hebben	
10-30	1805-1806	,	
10-31	1807-1814	somtyds	
10-32	1815-1821	gewaar	
10-33	1822-1826	werd	
10-34	1826-1827	.	

#Text=Daar
#Text=
#Text=werkende wynen in een kelder leggen, weet yder dat de lugt vol van hare dampen
#Text=en geesten is;
#Text='t geen ook in alles wat gist dus te syn bevonden werd.
11-1	1828-1832	Daar	
11-2	1834-1842	werkende	
11-3	1843-1848	wynen	
11-4	1849-1851	in	
11-5	1852-1855	een	
11-6	1856-1862	kelder	
11-7	1863-1869	leggen	
11-8	1869-1870	,	
11-9	1871-1875	weet	
11-10	1876-1880	yder	
11-11	1881-1884	dat	
11-12	1885-1887	de	
11-13	1888-1892	lugt	
11-14	1893-1896	vol	
11-15	1897-1900	van	
11-16	1901-1905	hare	
11-17	1906-1912	dampen	
11-18	1913-1915	en	
11-19	1916-1923	geesten	
11-20	1924-1926	is	
11-21	1926-1927	;	
11-22	1928-1929	'	
11-23	1929-1930	t	
11-24	1931-1935	geen	
11-25	1936-1939	ook	
11-26	1940-1942	in	
11-27	1943-1948	alles	
11-28	1949-1952	wat	
11-29	1953-1957	gist	
11-30	1958-1961	dus	
11-31	1962-1964	te	
11-32	1965-1968	syn	
11-33	1969-1977	bevonden	
11-34	1978-1982	werd	
11-35	1982-1983	.	

#Text=Hoe veel
#Text=water-dampen uit de zeën, rievieren, meiren, moerasschen;
#Text=hoe groote meenigte
#Text=swavelagtige en andere bytende en vergiftige uit de brandende bergen mengen sigh
#Text=met de lugt?
12-1	1984-1987	Hoe	
12-2	1988-1992	veel	
12-3	1993-2005	water-dampen	
12-4	2006-2009	uit	
12-5	2010-2012	de	
12-6	2013-2017	zeën	
12-7	2017-2018	,	
12-8	2019-2028	rievieren	
12-9	2028-2029	,	
12-10	2030-2036	meiren	
12-11	2036-2037	,	
12-12	2038-2049	moerasschen	
12-13	2049-2050	;	
12-14	2051-2054	hoe	
12-15	2055-2061	groote	
12-16	2062-2070	meenigte	
12-17	2071-2083	swavelagtige	
12-18	2084-2086	en	
12-19	2087-2093	andere	
12-20	2094-2101	bytende	
12-21	2102-2104	en	
12-22	2105-2115	vergiftige	
12-23	2116-2119	uit	
12-24	2120-2122	de	
12-25	2123-2132	brandende	
12-26	2133-2139	bergen	
12-27	2140-2146	mengen	
12-28	2147-2151	sigh	
12-29	2152-2155	met	
12-30	2156-2158	de	
12-31	2159-2163	lugt	
12-32	2163-2164	?	

#Text=het yser, dat meest over al ter wereld aan de lugt bloot gestelt synde in
#Text=roest verandert, geeft daar ontegensprekelyke blyken van.
13-1	2165-2168	het	
13-2	2169-2173	yser	
13-3	2173-2174	,	
13-4	2175-2178	dat	
13-5	2179-2184	meest	
13-6	2185-2189	over	
13-7	2190-2192	al	
13-8	2193-2196	ter	
13-9	2197-2203	wereld	
13-10	2204-2207	aan	
13-11	2208-2210	de	
13-12	2211-2215	lugt	
13-13	2216-2221	bloot	
13-14	2222-2229	gestelt	
13-15	2230-2235	synde	
13-16	2236-2238	in	
13-17	2239-2244	roest	
13-18	2245-2254	verandert	
13-19	2254-2255	,	
13-20	2256-2261	geeft	
13-21	2262-2266	daar	
13-22	2267-2284	ontegensprekelyke	
13-23	2285-2291	blyken	
13-24	2292-2295	van	
13-25	2295-2296	.	
