#FORMAT=WebAnno TSV 3.3
#T_SP=custom.Span|label
#T_RL=custom.Relation|label|BT_custom.Span


#Text=For, while he was but too ready to accept the position that was almost immediately offered to him on his coming of age, and found, indeed, a subtle pleasure in the thought that he might really become to the London of his own day what to imperial Neronian Rome the author of the Satyricon once had been, yet in his inmost heart he desired to be something more than a mere arbiter elegantiarum, to be consulted on the wearing of a jewel, or the knotting of a necktie, or the conduct of a cane.
1-1	0-3	For	_	_	_	
1-2	3-4	,	_	_	_	
1-3	5-10	while	_	_	_	
1-4	11-13	he	_	_	_	
1-5	14-17	was	_	_	_	
1-6	18-21	but	_	_	_	
1-7	22-25	too	_	_	_	
1-8	26-31	ready	_	_	_	
1-9	32-34	to	_	_	_	
1-10	35-41	accept	_	_	_	
1-11	42-45	the	_	_	_	
1-12	46-54	position	_	_	_	
1-13	55-59	that	_	_	_	
1-14	60-63	was	_	_	_	
1-15	64-70	almost	_	_	_	
1-16	71-82	immediately	_	_	_	
1-17	83-90	offered	_	_	_	
1-18	91-93	to	_	_	_	
1-19	94-97	him	_	_	_	
1-20	98-100	on	_	_	_	
1-21	101-104	his	_	_	_	
1-22	105-111	coming	_	_	_	
1-23	112-114	of	_	_	_	
1-24	115-118	age	_	_	_	
1-25	118-119	,	_	_	_	
1-26	120-123	and	_	_	_	
1-27	124-129	found	_	_	_	
1-28	129-130	,	_	_	_	
1-29	131-137	indeed	_	_	_	
1-30	137-138	,	_	_	_	
1-31	139-140	a	_	_	_	
1-32	141-147	subtle	_	_	_	
1-33	148-156	pleasure	_	_	_	
1-34	157-159	in	_	_	_	
1-35	160-163	the	_	_	_	
1-36	164-171	thought	_	_	_	
1-37	172-176	that	_	_	_	
1-38	177-179	he	_	_	_	
1-39	180-185	might	_	_	_	
1-40	186-192	really	_	_	_	
1-41	193-199	become	_	_	_	
1-42	200-202	to	_	_	_	
1-43	203-206	the	_	_	_	
1-44	207-213	London	_	_	_	
1-45	214-216	of	_	_	_	
1-46	217-220	his	_	_	_	
1-47	221-224	own	_	_	_	
1-48	225-228	day	_	_	_	
1-49	229-233	what	_	_	_	
1-50	234-236	to	_	_	_	
1-51	237-245	imperial	_	_	_	
1-52	246-254	Neronian	_	_	_	
1-53	255-259	Rome	_	_	_	
1-54	260-263	the	_	_	_	
1-55	264-270	author	_	_	_	
1-56	271-273	of	_	_	_	
1-57	274-277	the	_	_	_	
1-58	278-287	Satyricon	_	_	_	
1-59	288-292	once	_	_	_	
1-60	293-296	had	_	_	_	
1-61	297-301	been	_	_	_	
1-62	301-302	,	_	_	_	
1-63	303-306	yet	_	_	_	
1-64	307-309	in	_	_	_	
1-65	310-313	his	_	_	_	
1-66	314-320	inmost	_	_	_	
1-67	321-326	heart	_	_	_	
1-68	327-329	he	_	_	_	
1-69	330-337	desired	_	_	_	
1-70	338-340	to	_	_	_	
1-71	341-343	be	_	_	_	
1-72	344-353	something	_	_	_	
1-73	354-358	more	_	_	_	
1-74	359-363	than	_	_	_	
1-75	364-365	a	_	_	_	
1-76	366-370	mere	_	_	_	
1-77	371-378	arbiter	_	_	_	
1-78	379-391	elegantiarum	_	_	_	
1-79	391-392	,	_	_	_	
1-80	393-395	to	_	_	_	
1-81	396-398	be	_	_	_	
1-82	399-408	consulted	_	_	_	
1-83	409-411	on	_	_	_	
1-84	412-415	the	_	_	_	
1-85	416-423	wearing	_	_	_	
1-86	424-426	of	_	_	_	
1-87	427-428	a	_	_	_	
1-88	429-434	jewel	_	_	_	
1-89	434-435	,	_	_	_	
1-90	436-438	or	_	_	_	
1-91	439-442	the	_	_	_	
1-92	443-451	knotting	_	_	_	
1-93	452-454	of	_	_	_	
1-94	455-456	a	_	_	_	
1-95	457-464	necktie	_	_	_	
1-96	464-465	,	_	_	_	
1-97	466-468	or	_	_	_	
1-98	469-472	the	_	_	_	
1-99	473-480	conduct	_	_	_	
1-100	481-483	of	_	_	_	
1-101	484-485	a	_	_	_	
1-102	486-490	cane	_	_	_	
1-103	490-491	.	_	_	_	

#Text=He sought to elaborate some new scheme of life that would have its reasoned philosophy and its ordered principles, and find in the spiritualizing of the senses its highest realization.
2-1	492-494	He	_	_	_	
2-2	495-501	sought	_	_	_	
2-3	502-504	to	_	_	_	
2-4	505-514	elaborate	_	_	_	
2-5	515-519	some	_	_	_	
2-6	520-523	new	_	_	_	
2-7	524-530	scheme	_	_	_	
2-8	531-533	of	_	_	_	
2-9	534-538	life	_	_	_	
2-10	539-543	that	_	_	_	
2-11	544-549	would	_	_	_	
2-12	550-554	have	_	_	_	
2-13	555-558	its	_	_	_	
2-14	559-567	reasoned	_	_	_	
2-15	568-578	philosophy	_	_	_	
2-16	579-582	and	_	_	_	
2-17	583-586	its	_	_	_	
2-18	587-594	ordered	_	_	_	
2-19	595-605	principles	_	_	_	
2-20	605-606	,	_	_	_	
2-21	607-610	and	_	_	_	
2-22	611-615	find	_	_	_	
2-23	616-618	in	_	_	_	
2-24	619-622	the	_	_	_	
2-25	623-637	spiritualizing	_	_	_	
2-26	638-640	of	_	_	_	
2-27	641-644	the	_	_	_	
2-28	645-651	senses	_	_	_	
2-29	652-655	its	_	_	_	
2-30	656-663	highest	_	_	_	
2-31	664-675	realization	_	_	_	
2-32	675-676	.	_	_	_	

#Text=The worship of the senses has often, and with much justice, been decried, men feeling a natural instinct of terror about passions and sensations that seem stronger than themselves, and that they are conscious of sharing with the less highly organized forms of existence.
3-1	678-681	The	_	_	_	
3-2	682-689	worship	_	_	_	
3-3	690-692	of	_	_	_	
3-4	693-696	the	_	_	_	
3-5	697-703	senses	_	_	_	
3-6	704-707	has	_	_	_	
3-7	708-713	often	_	_	_	
3-8	713-714	,	_	_	_	
3-9	715-718	and	_	_	_	
3-10	719-723	with	_	_	_	
3-11	724-728	much	_	_	_	
3-12	729-736	justice	_	_	_	
3-13	736-737	,	_	_	_	
3-14	738-742	been	_	_	_	
3-15	743-750	decried	_	_	_	
3-16	750-751	,	_	_	_	
3-17	752-755	men	_	_	_	
3-18	756-763	feeling	_	_	_	
3-19	764-765	a	_	_	_	
3-20	766-773	natural	_	_	_	
3-21	774-782	instinct	_	_	_	
3-22	783-785	of	_	_	_	
3-23	786-792	terror	_	_	_	
3-24	793-798	about	_	_	_	
3-25	799-807	passions	_	_	_	
3-26	808-811	and	_	_	_	
3-27	812-822	sensations	_	_	_	
3-28	823-827	that	_	_	_	
3-29	828-832	seem	_	_	_	
3-30	833-841	stronger	_	_	_	
3-31	842-846	than	_	_	_	
3-32	847-857	themselves	_	_	_	
3-33	857-858	,	_	_	_	
3-34	859-862	and	_	_	_	
3-35	863-867	that	_	_	_	
3-36	868-872	they	_	_	_	
3-37	873-876	are	_	_	_	
3-38	877-886	conscious	_	_	_	
3-39	887-889	of	_	_	_	
3-40	890-897	sharing	_	_	_	
3-41	898-902	with	_	_	_	
3-42	903-906	the	_	_	_	
3-43	907-911	less	_	_	_	
3-44	912-918	highly	_	_	_	
3-45	919-928	organized	_	_	_	
3-46	929-934	forms	_	_	_	
3-47	935-937	of	_	_	_	
3-48	938-947	existence	_	_	_	
3-49	947-948	.	_	_	_	

#Text=But it appeared to Dorian Gray that the true nature of the senses had never been understood, and that they had remained savage and animal merely because the world had sought to starve them into submission or to kill them by pain, instead of aiming at making them elements of a new spirituality, of which a fine instinct for beauty was to be the dominant characteristic.
4-1	949-952	But	_	_	_	
4-2	953-955	it	_	_	_	
4-3	956-964	appeared	_	_	_	
4-4	965-967	to	_	_	_	
4-5	968-974	Dorian	_	_	_	
4-6	975-979	Gray	_	_	_	
4-7	980-984	that	_	_	_	
4-8	985-988	the	_	_	_	
4-9	989-993	true	_	_	_	
4-10	994-1000	nature	_	_	_	
4-11	1001-1003	of	_	_	_	
4-12	1004-1007	the	_	_	_	
4-13	1008-1014	senses	_	_	_	
4-14	1015-1018	had	_	_	_	
4-15	1019-1024	never	_	_	_	
4-16	1025-1029	been	_	_	_	
4-17	1030-1040	understood	_	_	_	
4-18	1040-1041	,	_	_	_	
4-19	1042-1045	and	_	_	_	
4-20	1046-1050	that	_	_	_	
4-21	1051-1055	they	_	_	_	
4-22	1056-1059	had	_	_	_	
4-23	1060-1068	remained	_	_	_	
4-24	1069-1075	savage	_	_	_	
4-25	1076-1079	and	_	_	_	
4-26	1080-1086	animal	_	_	_	
4-27	1087-1093	merely	_	_	_	
4-28	1094-1101	because	_	_	_	
4-29	1102-1105	the	_	_	_	
4-30	1106-1111	world	_	_	_	
4-31	1112-1115	had	_	_	_	
4-32	1116-1122	sought	_	_	_	
4-33	1123-1125	to	_	_	_	
4-34	1126-1132	starve	_	_	_	
4-35	1133-1137	them	_	_	_	
4-36	1138-1142	into	_	_	_	
4-37	1143-1153	submission	_	_	_	
4-38	1154-1156	or	_	_	_	
4-39	1157-1159	to	_	_	_	
4-40	1160-1164	kill	_	_	_	
4-41	1165-1169	them	_	_	_	
4-42	1170-1172	by	_	_	_	
4-43	1173-1177	pain	_	_	_	
4-44	1177-1178	,	_	_	_	
4-45	1179-1186	instead	_	_	_	
4-46	1187-1189	of	_	_	_	
4-47	1190-1196	aiming	_	_	_	
4-48	1197-1199	at	_	_	_	
4-49	1200-1206	making	_	_	_	
4-50	1207-1211	them	_	_	_	
4-51	1212-1220	elements	_	_	_	
4-52	1221-1223	of	_	_	_	
4-53	1224-1225	a	_	_	_	
4-54	1226-1229	new	_	_	_	
4-55	1230-1242	spirituality	_	_	_	
4-56	1242-1243	,	_	_	_	
4-57	1244-1246	of	_	_	_	
4-58	1247-1252	which	_	_	_	
4-59	1253-1254	a	_	_	_	
4-60	1255-1259	fine	_	_	_	
4-61	1260-1268	instinct	_	_	_	
4-62	1269-1272	for	_	_	_	
4-63	1273-1279	beauty	_	_	_	
4-64	1280-1283	was	_	_	_	
4-65	1284-1286	to	_	_	_	
4-66	1287-1289	be	_	_	_	
4-67	1290-1293	the	_	_	_	
4-68	1294-1302	dominant	_	_	_	
4-69	1303-1317	characteristic	_	_	_	
4-70	1317-1318	.	_	_	_	

#Text=As he looked back upon man moving through history, he was haunted by a feeling of loss.
5-1	1319-1321	As	_	_	_	
5-2	1322-1324	he	_	_	_	
5-3	1325-1331	looked	_	_	_	
5-4	1332-1336	back	_	_	_	
5-5	1337-1341	upon	_	_	_	
5-6	1342-1345	man	_	_	_	
5-7	1346-1352	moving	_	_	_	
5-8	1353-1360	through	_	_	_	
5-9	1361-1368	history	_	_	_	
5-10	1368-1369	,	_	_	_	
5-11	1370-1372	he	_	_	_	
5-12	1373-1376	was	_	_	_	
5-13	1377-1384	haunted	_	_	_	
5-14	1385-1387	by	_	_	_	
5-15	1388-1389	a	_	_	_	
5-16	1390-1397	feeling	_	_	_	
5-17	1398-1400	of	_	_	_	
5-18	1401-1405	loss	_	_	_	
5-19	1405-1406	.	_	_	_	

#Text=So much had been surrendered!
6-1	1407-1409	So	_	_	_	
6-2	1410-1414	much	_	_	_	
6-3	1415-1418	had	_	_	_	
6-4	1419-1423	been	_	_	_	
6-5	1424-1435	surrendered	_	_	_	
6-6	1435-1436	!	_	_	_	

#Text=and to such little purpose!
7-1	1437-1440	and	_	_	_	
7-2	1441-1443	to	_	_	_	
7-3	1444-1448	such	_	_	_	
7-4	1449-1455	little	_	_	_	
7-5	1456-1463	purpose	_	_	_	
7-6	1463-1464	!	_	_	_	

#Text=There had been mad wilful rejections, monstrous forms of self-torture and self-denial, whose origin was fear and whose result was a degradation infinitely more terrible than that fancied degradation from which, in their ignorance, they had sought to escape; Nature, in her wonderful irony, driving out the anchorite to feed with the wild animals of the desert and giving to the hermit the beasts of the field as his companions.
8-1	1465-1470	There	_	_	_	
8-2	1471-1474	had	_	_	_	
8-3	1475-1479	been	_	_	_	
8-4	1480-1483	mad	_	_	_	
8-5	1484-1490	wilful	_	_	_	
8-6	1491-1501	rejections	_	_	_	
8-7	1501-1502	,	_	_	_	
8-8	1503-1512	monstrous	_	_	_	
8-9	1513-1518	forms	_	_	_	
8-10	1519-1521	of	_	_	_	
8-11	1522-1534	self-torture	_	_	_	
8-12	1535-1538	and	_	_	_	
8-13	1539-1550	self-denial	_	_	_	
8-14	1550-1551	,	_	_	_	
8-15	1552-1557	whose	_	_	_	
8-16	1558-1564	origin	_	_	_	
8-17	1565-1568	was	_	_	_	
8-18	1569-1573	fear	_	_	_	
8-19	1574-1577	and	_	_	_	
8-20	1578-1583	whose	_	_	_	
8-21	1584-1590	result	_	_	_	
8-22	1591-1594	was	_	_	_	
8-23	1595-1596	a	_	_	_	
8-24	1597-1608	degradation	_	_	_	
8-25	1609-1619	infinitely	_	_	_	
8-26	1620-1624	more	_	_	_	
8-27	1625-1633	terrible	_	_	_	
8-28	1634-1638	than	_	_	_	
8-29	1639-1643	that	_	_	_	
8-30	1644-1651	fancied	_	_	_	
8-31	1652-1663	degradation	_	_	_	
8-32	1664-1668	from	_	_	_	
8-33	1669-1674	which	_	_	_	
8-34	1674-1675	,	_	_	_	
8-35	1676-1678	in	_	_	_	
8-36	1679-1684	their	_	_	_	
8-37	1685-1694	ignorance	_	_	_	
8-38	1694-1695	,	_	_	_	
8-39	1696-1700	they	_	_	_	
8-40	1701-1704	had	_	_	_	
8-41	1705-1711	sought	_	_	_	
8-42	1712-1714	to	_	_	_	
8-43	1715-1721	escape	_	_	_	
8-44	1721-1722	;	_	_	_	
8-45	1723-1729	Nature	_	_	_	
8-46	1729-1730	,	_	_	_	
8-47	1731-1733	in	_	_	_	
8-48	1734-1737	her	_	_	_	
8-49	1738-1747	wonderful	_	_	_	
8-50	1748-1753	irony	_	_	_	
8-51	1753-1754	,	_	_	_	
8-52	1755-1762	driving	_	_	_	
8-53	1763-1766	out	_	_	_	
8-54	1767-1770	the	_	_	_	
8-55	1771-1780	anchorite	_	_	_	
8-56	1781-1783	to	_	_	_	
8-57	1784-1788	feed	_	_	_	
8-58	1789-1793	with	_	_	_	
8-59	1794-1797	the	_	_	_	
8-60	1798-1802	wild	_	_	_	
8-61	1803-1810	animals	_	_	_	
8-62	1811-1813	of	_	_	_	
8-63	1814-1817	the	_	_	_	
8-64	1818-1824	desert	_	_	_	
8-65	1825-1828	and	_	_	_	
8-66	1829-1835	giving	_	_	_	
8-67	1836-1838	to	_	_	_	
8-68	1839-1842	the	_	_	_	
8-69	1843-1849	hermit	_	_	_	
8-70	1850-1853	the	_	_	_	
8-71	1854-1860	beasts	_	_	_	
8-72	1861-1863	of	_	_	_	
8-73	1864-1867	the	_	_	_	
8-74	1868-1873	field	_	_	_	
8-75	1874-1876	as	_	_	_	
8-76	1877-1880	his	_	_	_	
8-77	1881-1891	companions	_	_	_	
8-78	1891-1892	.	_	_	_	

#Text=Yes: there was to be, as Lord Henry had prophesied, a new Hedonism that was to recreate life and to save it from that harsh uncomely puritanism that is having, in our own day, its curious revival.
9-1	1894-1897	Yes	_	_	_	
9-2	1897-1898	:	_	_	_	
9-3	1899-1904	there	_	_	_	
9-4	1905-1908	was	_	_	_	
9-5	1909-1911	to	_	_	_	
9-6	1912-1914	be	_	_	_	
9-7	1914-1915	,	_	_	_	
9-8	1916-1918	as	_	_	_	
9-9	1919-1923	Lord	_	_	_	
9-10	1924-1929	Henry	_	_	_	
9-11	1930-1933	had	_	_	_	
9-12	1934-1944	prophesied	_	_	_	
9-13	1944-1945	,	_	_	_	
9-14	1946-1947	a	_	_	_	
9-15	1948-1951	new	_	_	_	
9-16	1952-1960	Hedonism	_	_	_	
9-17	1961-1965	that	_	_	_	
9-18	1966-1969	was	_	_	_	
9-19	1970-1972	to	_	_	_	
9-20	1973-1981	recreate	_	_	_	
9-21	1982-1986	life	_	_	_	
9-22	1987-1990	and	_	_	_	
9-23	1991-1993	to	_	_	_	
9-24	1994-1998	save	_	_	_	
9-25	1999-2001	it	_	_	_	
9-26	2002-2006	from	_	_	_	
9-27	2007-2011	that	_	_	_	
9-28	2012-2017	harsh	_	_	_	
9-29	2018-2026	uncomely	_	_	_	
9-30	2027-2037	puritanism	_	_	_	
9-31	2038-2042	that	_	_	_	
9-32	2043-2045	is	_	_	_	
9-33	2046-2052	having	_	_	_	
9-34	2052-2053	,	_	_	_	
9-35	2054-2056	in	_	_	_	
9-36	2057-2060	our	_	_	_	
9-37	2061-2064	own	_	_	_	
9-38	2065-2068	day	_	_	_	
9-39	2068-2069	,	_	_	_	
9-40	2070-2073	its	_	_	_	
9-41	2074-2081	curious	_	_	_	
9-42	2082-2089	revival	_	_	_	
9-43	2089-2090	.	_	_	_	

#Text=It was to have its service of the intellect, certainly, yet it was never to accept any theory or system that would involve the sacrifice of any mode of passionate experience.
10-1	2091-2093	It	_	_	_	
10-2	2094-2097	was	_	_	_	
10-3	2098-2100	to	_	_	_	
10-4	2101-2105	have	_	_	_	
10-5	2106-2109	its	_	_	_	
10-6	2110-2117	service	_	_	_	
10-7	2118-2120	of	_	_	_	
10-8	2121-2124	the	_	_	_	
10-9	2125-2134	intellect	_	_	_	
10-10	2134-2135	,	_	_	_	
10-11	2136-2145	certainly	_	_	_	
10-12	2145-2146	,	_	_	_	
10-13	2147-2150	yet	_	_	_	
10-14	2151-2153	it	_	_	_	
10-15	2154-2157	was	_	_	_	
10-16	2158-2163	never	_	_	_	
10-17	2164-2166	to	_	_	_	
10-18	2167-2173	accept	_	_	_	
10-19	2174-2177	any	_	_	_	
10-20	2178-2184	theory	_	_	_	
10-21	2185-2187	or	_	_	_	
10-22	2188-2194	system	_	_	_	
10-23	2195-2199	that	_	_	_	
10-24	2200-2205	would	_	_	_	
10-25	2206-2213	involve	_	_	_	
10-26	2214-2217	the	_	_	_	
10-27	2218-2227	sacrifice	_	_	_	
10-28	2228-2230	of	_	_	_	
10-29	2231-2234	any	_	_	_	
10-30	2235-2239	mode	_	_	_	
10-31	2240-2242	of	_	_	_	
10-32	2243-2253	passionate	_	_	_	
10-33	2254-2264	experience	_	_	_	
10-34	2264-2265	.	_	_	_	

#Text=Its aim, indeed, was to be experience itself, and not the fruits of experience, sweet or bitter as they might be.
11-1	2266-2269	Its	_	_	_	
11-2	2270-2273	aim	_	_	_	
11-3	2273-2274	,	_	_	_	
11-4	2275-2281	indeed	_	_	_	
11-5	2281-2282	,	_	_	_	
11-6	2283-2286	was	_	_	_	
11-7	2287-2289	to	_	_	_	
11-8	2290-2292	be	_	_	_	
11-9	2293-2303	experience	_	_	_	
11-10	2304-2310	itself	_	_	_	
11-11	2310-2311	,	_	_	_	
11-12	2312-2315	and	_	_	_	
11-13	2316-2319	not	_	_	_	
11-14	2320-2323	the	_	_	_	
11-15	2324-2330	fruits	_	_	_	
11-16	2331-2333	of	_	_	_	
11-17	2334-2344	experience	_	_	_	
11-18	2344-2345	,	_	_	_	
11-19	2346-2351	sweet	_	_	_	
11-20	2352-2354	or	_	_	_	
11-21	2355-2361	bitter	_	_	_	
11-22	2362-2364	as	_	_	_	
11-23	2365-2369	they	_	_	_	
11-24	2370-2375	might	_	_	_	
11-25	2376-2378	be	_	_	_	
11-26	2378-2379	.	_	_	_	

#Text=Of the asceticism that deadens the senses, as of the vulgar profligacy that dulls them, it was to know nothing.
12-1	2380-2382	Of	_	_	_	
12-2	2383-2386	the	_	_	_	
12-3	2387-2397	asceticism	_	_	_	
12-4	2398-2402	that	_	_	_	
12-5	2403-2410	deadens	_	_	_	
12-6	2411-2414	the	_	_	_	
12-7	2415-2421	senses	_	_	_	
12-8	2421-2422	,	_	_	_	
12-9	2423-2425	as	_	_	_	
12-10	2426-2428	of	_	_	_	
12-11	2429-2432	the	_	_	_	
12-12	2433-2439	vulgar	_	_	_	
12-13	2440-2450	profligacy	_	_	_	
12-14	2451-2455	that	_	_	_	
12-15	2456-2461	dulls	_	_	_	
12-16	2462-2466	them	_	_	_	
12-17	2466-2467	,	_	_	_	
12-18	2468-2470	it	_	_	_	
12-19	2471-2474	was	_	_	_	
12-20	2475-2477	to	_	_	_	
12-21	2478-2482	know	_	_	_	
12-22	2483-2490	nothing	_	_	_	
12-23	2490-2491	.	_	_	_	

#Text=But it was to teach man to concentrate himself upon the moments of a life that is itself but a moment.
13-1	2492-2495	But	_	_	_	
13-2	2496-2498	it	_	_	_	
13-3	2499-2502	was	_	_	_	
13-4	2503-2505	to	_	_	_	
13-5	2506-2511	teach	_	_	_	
13-6	2512-2515	man	_	_	_	
13-7	2516-2518	to	_	_	_	
13-8	2519-2530	concentrate	_	_	_	
13-9	2531-2538	himself	_	_	_	
13-10	2539-2543	upon	_	_	_	
13-11	2544-2547	the	_	_	_	
13-12	2548-2555	moments	_	_	_	
13-13	2556-2558	of	_	_	_	
13-14	2559-2560	a	_	_	_	
13-15	2561-2565	life	_	_	_	
13-16	2566-2570	that	_	_	_	
13-17	2571-2573	is	_	_	_	
13-18	2574-2580	itself	_	_	_	
13-19	2581-2584	but	_	_	_	
13-20	2585-2586	a	_	_	_	
13-21	2587-2593	moment	_	_	_	
13-22	2593-2594	.	_	_	_	

#Text=There are few of us who have not sometimes wakened before dawn, either after one of those dreamless nights that make us almost enamoured of death, or one of those nights of horror and misshapen joy, when through the chambers of the brain sweep phantoms more terrible than reality itself, and instinct with that vivid life that lurks in all grotesques, and that lends to Gothic art its enduring vitality, this art being, one might fancy, especially the art of those whose minds have been troubled with the malady of reverie.
14-1	2596-2601	There	_	_	_	
14-2	2602-2605	are	_	_	_	
14-3	2606-2609	few	_	_	_	
14-4	2610-2612	of	_	_	_	
14-5	2613-2615	us	_	_	_	
14-6	2616-2619	who	_	_	_	
14-7	2620-2624	have	_	_	_	
14-8	2625-2628	not	_	_	_	
14-9	2629-2638	sometimes	_	_	_	
14-10	2639-2646	wakened	_	_	_	
14-11	2647-2653	before	_	_	_	
14-12	2654-2658	dawn	_	_	_	
14-13	2658-2659	,	_	_	_	
14-14	2660-2666	either	_	_	_	
14-15	2667-2672	after	_	_	_	
14-16	2673-2676	one	_	_	_	
14-17	2677-2679	of	_	_	_	
14-18	2680-2685	those	_	_	_	
14-19	2686-2695	dreamless	_	_	_	
14-20	2696-2702	nights	_	_	_	
14-21	2703-2707	that	_	_	_	
14-22	2708-2712	make	_	_	_	
14-23	2713-2715	us	_	_	_	
14-24	2716-2722	almost	_	_	_	
14-25	2723-2732	enamoured	_	_	_	
14-26	2733-2735	of	_	_	_	
14-27	2736-2741	death	_	_	_	
14-28	2741-2742	,	_	_	_	
14-29	2743-2745	or	_	_	_	
14-30	2746-2749	one	_	_	_	
14-31	2750-2752	of	_	_	_	
14-32	2753-2758	those	_	_	_	
14-33	2759-2765	nights	_	_	_	
14-34	2766-2768	of	_	_	_	
14-35	2769-2775	horror	_	_	_	
14-36	2776-2779	and	_	_	_	
14-37	2780-2789	misshapen	_	_	_	
14-38	2790-2793	joy	_	_	_	
14-39	2793-2794	,	_	_	_	
14-40	2795-2799	when	_	_	_	
14-41	2800-2807	through	_	_	_	
14-42	2808-2811	the	_	_	_	
14-43	2812-2820	chambers	_	_	_	
14-44	2821-2823	of	_	_	_	
14-45	2824-2827	the	_	_	_	
14-46	2828-2833	brain	_	_	_	
14-47	2834-2839	sweep	_	_	_	
14-48	2840-2848	phantoms	_	_	_	
14-49	2849-2853	more	_	_	_	
14-50	2854-2862	terrible	_	_	_	
14-51	2863-2867	than	_	_	_	
14-52	2868-2875	reality	_	_	_	
14-53	2876-2882	itself	_	_	_	
14-54	2882-2883	,	_	_	_	
14-55	2884-2887	and	_	_	_	
14-56	2888-2896	instinct	_	_	_	
14-57	2897-2901	with	_	_	_	
14-58	2902-2906	that	_	_	_	
14-59	2907-2912	vivid	_	_	_	
14-60	2913-2917	life	_	_	_	
14-61	2918-2922	that	_	_	_	
14-62	2923-2928	lurks	_	_	_	
14-63	2929-2931	in	_	_	_	
14-64	2932-2935	all	_	_	_	
14-65	2936-2946	grotesques	_	_	_	
14-66	2946-2947	,	_	_	_	
14-67	2948-2951	and	_	_	_	
14-68	2952-2956	that	_	_	_	
14-69	2957-2962	lends	_	_	_	
14-70	2963-2965	to	_	_	_	
14-71	2966-2972	Gothic	_	_	_	
14-72	2973-2976	art	_	_	_	
14-73	2977-2980	its	_	_	_	
14-74	2981-2989	enduring	_	_	_	
14-75	2990-2998	vitality	_	_	_	
14-76	2998-2999	,	_	_	_	
14-77	3000-3004	this	_	_	_	
14-78	3005-3008	art	_	_	_	
14-79	3009-3014	being	_	_	_	
14-80	3014-3015	,	_	_	_	
14-81	3016-3019	one	_	_	_	
14-82	3020-3025	might	_	_	_	
14-83	3026-3031	fancy	_	_	_	
14-84	3031-3032	,	_	_	_	
14-85	3033-3043	especially	_	_	_	
14-86	3044-3047	the	_	_	_	
14-87	3048-3051	art	_	_	_	
14-88	3052-3054	of	_	_	_	
14-89	3055-3060	those	_	_	_	
14-90	3061-3066	whose	_	_	_	
14-91	3067-3072	minds	_	_	_	
14-92	3073-3077	have	_	_	_	
14-93	3078-3082	been	_	_	_	
14-94	3083-3091	troubled	_	_	_	
14-95	3092-3096	with	_	_	_	
14-96	3097-3100	the	_	_	_	
14-97	3101-3107	malady	_	_	_	
14-98	3108-3110	of	_	_	_	
14-99	3111-3118	reverie	_	_	_	
14-100	3118-3119	.	_	_	_	

#Text=Gradually white fingers creep through the curtains, and they appear to tremble.
15-1	3120-3129	Gradually	_	_	_	
15-2	3130-3135	white	_	_	_	
15-3	3136-3143	fingers	_	_	_	
15-4	3144-3149	creep	_	_	_	
15-5	3150-3157	through	_	_	_	
15-6	3158-3161	the	_	_	_	
15-7	3162-3170	curtains	_	_	_	
15-8	3170-3171	,	_	_	_	
15-9	3172-3175	and	_	_	_	
15-10	3176-3180	they	_	_	_	
15-11	3181-3187	appear	_	_	_	
15-12	3188-3190	to	_	_	_	
15-13	3191-3198	tremble	_	_	_	
15-14	3198-3199	.	_	_	_	

#Text=In black fantastic shapes, dumb shadows crawl into the corners of the room and crouch there.
16-1	3200-3202	In	_	_	_	
16-2	3203-3208	black	_	_	_	
16-3	3209-3218	fantastic	_	_	_	
16-4	3219-3225	shapes	_	_	_	
16-5	3225-3226	,	_	_	_	
16-6	3227-3231	dumb	_	_	_	
16-7	3232-3239	shadows	_	_	_	
16-8	3240-3245	crawl	_	_	_	
16-9	3246-3250	into	_	_	_	
16-10	3251-3254	the	_	_	_	
16-11	3255-3262	corners	_	_	_	
16-12	3263-3265	of	_	_	_	
16-13	3266-3269	the	_	_	_	
16-14	3270-3274	room	_	_	_	
16-15	3275-3278	and	_	_	_	
16-16	3279-3285	crouch	_	_	_	
16-17	3286-3291	there	_	_	_	
16-18	3291-3292	.	_	_	_	

#Text=Outside, there is the stirring of birds among the leaves, or the sound of men going forth to their work, or the sigh and sob of the wind coming down from the hills and wandering round the silent house, as though it feared to wake the sleepers and yet must needs call forth sleep from her purple cave.
17-1	3293-3300	Outside	_	_	_	
17-2	3300-3301	,	_	_	_	
17-3	3302-3307	there	_	_	_	
17-4	3308-3310	is	_	_	_	
17-5	3311-3314	the	_	_	_	
17-6	3315-3323	stirring	_	_	_	
17-7	3324-3326	of	_	_	_	
17-8	3327-3332	birds	_	_	_	
17-9	3333-3338	among	_	_	_	
17-10	3339-3342	the	_	_	_	
17-11	3343-3349	leaves	_	_	_	
17-12	3349-3350	,	_	_	_	
17-13	3351-3353	or	_	_	_	
17-14	3354-3357	the	_	_	_	
17-15	3358-3363	sound	_	_	_	
17-16	3364-3366	of	_	_	_	
17-17	3367-3370	men	_	_	_	
17-18	3371-3376	going	_	_	_	
17-19	3377-3382	forth	_	_	_	
17-20	3383-3385	to	_	_	_	
17-21	3386-3391	their	_	_	_	
17-22	3392-3396	work	_	_	_	
17-23	3396-3397	,	_	_	_	
17-24	3398-3400	or	_	_	_	
17-25	3401-3404	the	_	_	_	
17-26	3405-3409	sigh	_	_	_	
17-27	3410-3413	and	_	_	_	
17-28	3414-3417	sob	_	_	_	
17-29	3418-3420	of	_	_	_	
17-30	3421-3424	the	_	_	_	
17-31	3425-3429	wind	_	_	_	
17-32	3430-3436	coming	_	_	_	
17-33	3437-3441	down	_	_	_	
17-34	3442-3446	from	_	_	_	
17-35	3447-3450	the	_	_	_	
17-36	3451-3456	hills	_	_	_	
17-37	3457-3460	and	_	_	_	
17-38	3461-3470	wandering	_	_	_	
17-39	3471-3476	round	_	_	_	
17-40	3477-3480	the	_	_	_	
17-41	3481-3487	silent	_	_	_	
17-42	3488-3493	house	_	_	_	
17-43	3493-3494	,	_	_	_	
17-44	3495-3497	as	_	_	_	
17-45	3498-3504	though	_	_	_	
17-46	3505-3507	it	_	_	_	
17-47	3508-3514	feared	_	_	_	
17-48	3515-3517	to	_	_	_	
17-49	3518-3522	wake	_	_	_	
17-50	3523-3526	the	_	_	_	
17-51	3527-3535	sleepers	_	_	_	
17-52	3536-3539	and	_	_	_	
17-53	3540-3543	yet	_	_	_	
17-54	3544-3548	must	_	_	_	
17-55	3549-3554	needs	_	_	_	
17-56	3555-3559	call	_	_	_	
17-57	3560-3565	forth	_	_	_	
17-58	3566-3571	sleep	_	_	_	
17-59	3572-3576	from	_	_	_	
17-60	3577-3580	her	_	_	_	
17-61	3581-3587	purple	_	_	_	
17-62	3588-3592	cave	_	_	_	
17-63	3592-3593	.	_	_	_	

#Text=Veil after veil of thin dusky gauze is lifted, and by degrees the forms and colours of things are restored to them, and we watch the dawn remaking the world in its antique pattern.
18-1	3594-3598	Veil	_	_	_	
18-2	3599-3604	after	_	_	_	
18-3	3605-3609	veil	_	_	_	
18-4	3610-3612	of	_	_	_	
18-5	3613-3617	thin	_	_	_	
18-6	3618-3623	dusky	_	_	_	
18-7	3624-3629	gauze	_	_	_	
18-8	3630-3632	is	_	_	_	
18-9	3633-3639	lifted	_	_	_	
18-10	3639-3640	,	_	_	_	
18-11	3641-3644	and	_	_	_	
18-12	3645-3647	by	_	_	_	
18-13	3648-3655	degrees	_	_	_	
18-14	3656-3659	the	_	_	_	
18-15	3660-3665	forms	_	_	_	
18-16	3666-3669	and	_	_	_	
18-17	3670-3677	colours	_	_	_	
18-18	3678-3680	of	_	_	_	
18-19	3681-3687	things	_	_	_	
18-20	3688-3691	are	_	_	_	
18-21	3692-3700	restored	_	_	_	
18-22	3701-3703	to	_	_	_	
18-23	3704-3708	them	_	_	_	
18-24	3708-3709	,	_	_	_	
18-25	3710-3713	and	_	_	_	
18-26	3714-3716	we	_	_	_	
18-27	3717-3722	watch	_	_	_	
18-28	3723-3726	the	_	_	_	
18-29	3727-3731	dawn	_	_	_	
18-30	3732-3740	remaking	_	_	_	
18-31	3741-3744	the	_	_	_	
18-32	3745-3750	world	_	_	_	
18-33	3751-3753	in	_	_	_	
18-34	3754-3757	its	_	_	_	
18-35	3758-3765	antique	_	_	_	
18-36	3766-3773	pattern	_	_	_	
18-37	3773-3774	.	_	_	_	

#Text=The wan mirrors get back their mimic life.
19-1	3775-3778	The	_	_	_	
19-2	3779-3782	wan	_	_	_	
19-3	3783-3790	mirrors	_	_	_	
19-4	3791-3794	get	_	_	_	
19-5	3795-3799	back	_	_	_	
19-6	3800-3805	their	_	_	_	
19-7	3806-3811	mimic	_	_	_	
19-8	3812-3816	life	_	_	_	
19-9	3816-3817	.	_	_	_	

#Text=The flameless tapers stand where we had left them, and beside them lies the half-cut book that we had been studying, or the wired flower that we had worn at the ball, or the letter that we had been afraid to read, or that we had read too often.
20-1	3818-3821	The	_	_	_	
20-2	3822-3831	flameless	_	_	_	
20-3	3832-3838	tapers	_	_	_	
20-4	3839-3844	stand	_	_	_	
20-5	3845-3850	where	_	_	_	
20-6	3851-3853	we	_	_	_	
20-7	3854-3857	had	_	_	_	
20-8	3858-3862	left	_	_	_	
20-9	3863-3867	them	_	_	_	
20-10	3867-3868	,	_	_	_	
20-11	3869-3872	and	_	_	_	
20-12	3873-3879	beside	_	_	_	
20-13	3880-3884	them	_	_	_	
20-14	3885-3889	lies	_	_	_	
20-15	3890-3893	the	_	_	_	
20-16	3894-3902	half-cut	_	_	_	
20-17	3903-3907	book	_	_	_	
20-18	3908-3912	that	_	_	_	
20-19	3913-3915	we	_	_	_	
20-20	3916-3919	had	_	_	_	
20-21	3920-3924	been	_	_	_	
20-22	3925-3933	studying	_	_	_	
20-23	3933-3934	,	_	_	_	
20-24	3935-3937	or	_	_	_	
20-25	3938-3941	the	_	_	_	
20-26	3942-3947	wired	_	_	_	
20-27	3948-3954	flower	_	_	_	
20-28	3955-3959	that	_	_	_	
20-29	3960-3962	we	_	_	_	
20-30	3963-3966	had	_	_	_	
20-31	3967-3971	worn	_	_	_	
20-32	3972-3974	at	_	_	_	
20-33	3975-3978	the	_	_	_	
20-34	3979-3983	ball	_	_	_	
20-35	3983-3984	,	_	_	_	
20-36	3985-3987	or	_	_	_	
20-37	3988-3991	the	_	_	_	
20-38	3992-3998	letter	_	_	_	
20-39	3999-4003	that	_	_	_	
20-40	4004-4006	we	_	_	_	
20-41	4007-4010	had	_	_	_	
20-42	4011-4015	been	_	_	_	
20-43	4016-4022	afraid	_	_	_	
20-44	4023-4025	to	_	_	_	
20-45	4026-4030	read	_	_	_	
20-46	4030-4031	,	_	_	_	
20-47	4032-4034	or	_	_	_	
20-48	4035-4039	that	_	_	_	
20-49	4040-4042	we	_	_	_	
20-50	4043-4046	had	_	_	_	
20-51	4047-4051	read	_	_	_	
20-52	4052-4055	too	_	_	_	
20-53	4056-4061	often	_	_	_	
20-54	4061-4062	.	_	_	_	

#Text=Nothing seems to us changed.
21-1	4063-4070	Nothing	_	_	_	
21-2	4071-4076	seems	_	_	_	
21-3	4077-4079	to	_	_	_	
21-4	4080-4082	us	_	_	_	
21-5	4083-4090	changed	_	_	_	
21-6	4090-4091	.	_	_	_	

#Text=Out of the unreal shadows of the night comes back the real life that we had known.
22-1	4092-4095	Out	_	_	_	
22-2	4096-4098	of	_	_	_	
22-3	4099-4102	the	_	_	_	
22-4	4103-4109	unreal	_	_	_	
22-5	4110-4117	shadows	_	_	_	
22-6	4118-4120	of	_	_	_	
22-7	4121-4124	the	_	_	_	
22-8	4125-4130	night	_	_	_	
22-9	4131-4136	comes	_	_	_	
22-10	4137-4141	back	_	_	_	
22-11	4142-4145	the	_	_	_	
22-12	4146-4150	real	_	_	_	
22-13	4151-4155	life	_	_	_	
22-14	4156-4160	that	_	_	_	
22-15	4161-4163	we	_	_	_	
22-16	4164-4167	had	_	_	_	
22-17	4168-4173	known	_	_	_	
22-18	4173-4174	.	_	_	_	

#Text=We have to resume it where we had left off, and there steals over us a terrible sense of the necessity for the continuance of energy in the same wearisome round of stereotyped habits, or a wild longing, it may be, that our eyelids might open some morning upon a world that had been refashioned anew in the darkness for our pleasure, a world in which things would have fresh shapes and colours, and be changed, or have other secrets, a world in which the past would have little or no place, or survive, at any rate, in no conscious form of obligation or regret, the remembrance even of joy having its bitterness and the memories of pleasure their pain.
23-1	4175-4177	We	_	_	_	
23-2	4178-4182	have	_	_	_	
23-3	4183-4185	to	_	_	_	
23-4	4186-4192	resume	_	_	_	
23-5	4193-4195	it	_	_	_	
23-6	4196-4201	where	_	_	_	
23-7	4202-4204	we	_	_	_	
23-8	4205-4208	had	_	_	_	
23-9	4209-4213	left	_	_	_	
23-10	4214-4217	off	_	_	_	
23-11	4217-4218	,	_	_	_	
23-12	4219-4222	and	_	_	_	
23-13	4223-4228	there	_	_	_	
23-14	4229-4235	steals	_	_	_	
23-15	4236-4240	over	_	_	_	
23-16	4241-4243	us	_	_	_	
23-17	4244-4245	a	_	_	_	
23-18	4246-4254	terrible	_	_	_	
23-19	4255-4260	sense	_	_	_	
23-20	4261-4263	of	_	_	_	
23-21	4264-4267	the	_	_	_	
23-22	4268-4277	necessity	_	_	_	
23-23	4278-4281	for	_	_	_	
23-24	4282-4285	the	_	_	_	
23-25	4286-4297	continuance	_	_	_	
23-26	4298-4300	of	_	_	_	
23-27	4301-4307	energy	_	_	_	
23-28	4308-4310	in	_	_	_	
23-29	4311-4314	the	_	_	_	
23-30	4315-4319	same	_	_	_	
23-31	4320-4329	wearisome	_	_	_	
23-32	4330-4335	round	_	_	_	
23-33	4336-4338	of	_	_	_	
23-34	4339-4350	stereotyped	_	_	_	
23-35	4351-4357	habits	_	_	_	
23-36	4357-4358	,	_	_	_	
23-37	4359-4361	or	_	_	_	
23-38	4362-4363	a	_	_	_	
23-39	4364-4368	wild	_	_	_	
23-40	4369-4376	longing	_	_	_	
23-41	4376-4377	,	_	_	_	
23-42	4378-4380	it	_	_	_	
23-43	4381-4384	may	_	_	_	
23-44	4385-4387	be	_	_	_	
23-45	4387-4388	,	_	_	_	
23-46	4389-4393	that	_	_	_	
23-47	4394-4397	our	_	_	_	
23-48	4398-4405	eyelids	_	_	_	
23-49	4406-4411	might	_	_	_	
23-50	4412-4416	open	_	_	_	
23-51	4417-4421	some	_	_	_	
23-52	4422-4429	morning	_	_	_	
23-53	4430-4434	upon	_	_	_	
23-54	4435-4436	a	_	_	_	
23-55	4437-4442	world	_	_	_	
23-56	4443-4447	that	_	_	_	
23-57	4448-4451	had	_	_	_	
23-58	4452-4456	been	_	_	_	
23-59	4457-4468	refashioned	_	_	_	
23-60	4469-4473	anew	_	_	_	
23-61	4474-4476	in	_	_	_	
23-62	4477-4480	the	_	_	_	
23-63	4481-4489	darkness	_	_	_	
23-64	4490-4493	for	_	_	_	
23-65	4494-4497	our	_	_	_	
23-66	4498-4506	pleasure	_	_	_	
23-67	4506-4507	,	_	_	_	
23-68	4508-4509	a	_	_	_	
23-69	4510-4515	world	_	_	_	
23-70	4516-4518	in	_	_	_	
23-71	4519-4524	which	_	_	_	
23-72	4525-4531	things	_	_	_	
23-73	4532-4537	would	_	_	_	
23-74	4538-4542	have	_	_	_	
23-75	4543-4548	fresh	_	_	_	
23-76	4549-4555	shapes	_	_	_	
23-77	4556-4559	and	_	_	_	
23-78	4560-4567	colours	_	_	_	
23-79	4567-4568	,	_	_	_	
23-80	4569-4572	and	_	_	_	
23-81	4573-4575	be	_	_	_	
23-82	4576-4583	changed	_	_	_	
23-83	4583-4584	,	_	_	_	
23-84	4585-4587	or	_	_	_	
23-85	4588-4592	have	_	_	_	
23-86	4593-4598	other	_	_	_	
23-87	4599-4606	secrets	_	_	_	
23-88	4606-4607	,	_	_	_	
23-89	4608-4609	a	_	_	_	
23-90	4610-4615	world	_	_	_	
23-91	4616-4618	in	_	_	_	
23-92	4619-4624	which	_	_	_	
23-93	4625-4628	the	_	_	_	
23-94	4629-4633	past	_	_	_	
23-95	4634-4639	would	_	_	_	
23-96	4640-4644	have	_	_	_	
23-97	4645-4651	little	_	_	_	
23-98	4652-4654	or	_	_	_	
23-99	4655-4657	no	_	_	_	
23-100	4658-4663	place	_	_	_	
23-101	4663-4664	,	_	_	_	
23-102	4665-4667	or	_	_	_	
23-103	4668-4675	survive	_	_	_	
23-104	4675-4676	,	_	_	_	
23-105	4677-4679	at	_	_	_	
23-106	4680-4683	any	_	_	_	
23-107	4684-4688	rate	_	_	_	
23-108	4688-4689	,	_	_	_	
23-109	4690-4692	in	_	_	_	
23-110	4693-4695	no	_	_	_	
23-111	4696-4705	conscious	_	_	_	
23-112	4706-4710	form	_	_	_	
23-113	4711-4713	of	_	_	_	
23-114	4714-4724	obligation	_	_	_	
23-115	4725-4727	or	_	_	_	
23-116	4728-4734	regret	_	_	_	
23-117	4734-4735	,	_	_	_	
23-118	4736-4739	the	_	_	_	
23-119	4740-4751	remembrance	_	_	_	
23-120	4752-4756	even	_	_	_	
23-121	4757-4759	of	_	_	_	
23-122	4760-4763	joy	_	_	_	
23-123	4764-4770	having	_	_	_	
23-124	4771-4774	its	_	_	_	
23-125	4775-4785	bitterness	_	_	_	
23-126	4786-4789	and	_	_	_	
23-127	4790-4793	the	_	_	_	
23-128	4794-4802	memories	_	_	_	
23-129	4803-4805	of	_	_	_	
23-130	4806-4814	pleasure	_	_	_	
23-131	4815-4820	their	_	_	_	
23-132	4821-4825	pain	_	_	_	
23-133	4825-4826	.	_	_	_	

#Text=It was the creation of such worlds as these that seemed to Dorian Gray to be the true object, or amongst the true objects, of life; and in his search for sensations that would be at once new and delightful, and possess that element of strangeness that is so essential to romance, he would often adopt certain modes of thought that he knew to be really alien to his nature, abandon himself to their subtle influences, and then, having, as it were, caught their colour and satisfied his intellectual curiosity, leave them with that curious indifference that is not incompatible with a real ardour of temperament, and that, indeed, according to certain modern psychologists, is often a condition of it.
24-1	4828-4830	It	_	_	_	
24-2	4831-4834	was	_	_	_	
24-3	4835-4838	the	_	_	_	
24-4	4839-4847	creation	_	_	_	
24-5	4848-4850	of	_	_	_	
24-6	4851-4855	such	_	_	_	
24-7	4856-4862	worlds	_	_	_	
24-8	4863-4865	as	_	_	_	
24-9	4866-4871	these	_	_	_	
24-10	4872-4876	that	_	_	_	
24-11	4877-4883	seemed	_	_	_	
24-12	4884-4886	to	_	_	_	
24-13	4887-4893	Dorian	_	_	_	
24-14	4894-4898	Gray	_	_	_	
24-15	4899-4901	to	_	_	_	
24-16	4902-4904	be	_	_	_	
24-17	4905-4908	the	_	_	_	
24-18	4909-4913	true	_	_	_	
24-19	4914-4920	object	_	_	_	
24-20	4920-4921	,	_	_	_	
24-21	4922-4924	or	_	_	_	
24-22	4925-4932	amongst	_	_	_	
24-23	4933-4936	the	_	_	_	
24-24	4937-4941	true	_	_	_	
24-25	4942-4949	objects	_	_	_	
24-26	4949-4950	,	_	_	_	
24-27	4951-4953	of	_	_	_	
24-28	4954-4958	life	_	_	_	
24-29	4958-4959	;	_	_	_	
24-30	4960-4963	and	_	_	_	
24-31	4964-4966	in	_	_	_	
24-32	4967-4970	his	_	_	_	
24-33	4971-4977	search	_	_	_	
24-34	4978-4981	for	_	_	_	
24-35	4982-4992	sensations	_	_	_	
24-36	4993-4997	that	_	_	_	
24-37	4998-5003	would	_	_	_	
24-38	5004-5006	be	_	_	_	
24-39	5007-5009	at	_	_	_	
24-40	5010-5014	once	_	_	_	
24-41	5015-5018	new	_	_	_	
24-42	5019-5022	and	_	_	_	
24-43	5023-5033	delightful	_	_	_	
24-44	5033-5034	,	_	_	_	
24-45	5035-5038	and	_	_	_	
24-46	5039-5046	possess	_	_	_	
24-47	5047-5051	that	_	_	_	
24-48	5052-5059	element	_	_	_	
24-49	5060-5062	of	_	_	_	
24-50	5063-5074	strangeness	_	_	_	
24-51	5075-5079	that	_	_	_	
24-52	5080-5082	is	_	_	_	
24-53	5083-5085	so	_	_	_	
24-54	5086-5095	essential	_	_	_	
24-55	5096-5098	to	_	_	_	
24-56	5099-5106	romance	_	_	_	
24-57	5106-5107	,	_	_	_	
24-58	5108-5110	he	_	_	_	
24-59	5111-5116	would	_	_	_	
24-60	5117-5122	often	_	_	_	
24-61	5123-5128	adopt	_	_	_	
24-62	5129-5136	certain	_	_	_	
24-63	5137-5142	modes	_	_	_	
24-64	5143-5145	of	_	_	_	
24-65	5146-5153	thought	_	_	_	
24-66	5154-5158	that	_	_	_	
24-67	5159-5161	he	_	_	_	
24-68	5162-5166	knew	_	_	_	
24-69	5167-5169	to	_	_	_	
24-70	5170-5172	be	_	_	_	
24-71	5173-5179	really	_	_	_	
24-72	5180-5185	alien	_	_	_	
24-73	5186-5188	to	_	_	_	
24-74	5189-5192	his	_	_	_	
24-75	5193-5199	nature	_	_	_	
24-76	5199-5200	,	_	_	_	
24-77	5201-5208	abandon	_	_	_	
24-78	5209-5216	himself	_	_	_	
24-79	5217-5219	to	_	_	_	
24-80	5220-5225	their	_	_	_	
24-81	5226-5232	subtle	_	_	_	
24-82	5233-5243	influences	_	_	_	
24-83	5243-5244	,	_	_	_	
24-84	5245-5248	and	_	_	_	
24-85	5249-5253	then	_	_	_	
24-86	5253-5254	,	_	_	_	
24-87	5255-5261	having	_	_	_	
24-88	5261-5262	,	_	_	_	
24-89	5263-5265	as	_	_	_	
24-90	5266-5268	it	_	_	_	
24-91	5269-5273	were	_	_	_	
24-92	5273-5274	,	_	_	_	
24-93	5275-5281	caught	_	_	_	
24-94	5282-5287	their	_	_	_	
24-95	5288-5294	colour	_	_	_	
24-96	5295-5298	and	_	_	_	
24-97	5299-5308	satisfied	_	_	_	
24-98	5309-5312	his	_	_	_	
24-99	5313-5325	intellectual	_	_	_	
24-100	5326-5335	curiosity	_	_	_	
24-101	5335-5336	,	_	_	_	
24-102	5337-5342	leave	_	_	_	
24-103	5343-5347	them	_	_	_	
24-104	5348-5352	with	_	_	_	
24-105	5353-5357	that	_	_	_	
24-106	5358-5365	curious	_	_	_	
24-107	5366-5378	indifference	_	_	_	
24-108	5379-5383	that	_	_	_	
24-109	5384-5386	is	_	_	_	
24-110	5387-5390	not	_	_	_	
24-111	5391-5403	incompatible	_	_	_	
24-112	5404-5408	with	_	_	_	
24-113	5409-5410	a	_	_	_	
24-114	5411-5415	real	_	_	_	
24-115	5416-5422	ardour	_	_	_	
24-116	5423-5425	of	_	_	_	
24-117	5426-5437	temperament	_	_	_	
24-118	5437-5438	,	_	_	_	
24-119	5439-5442	and	_	_	_	
24-120	5443-5447	that	_	_	_	
24-121	5447-5448	,	_	_	_	
24-122	5449-5455	indeed	_	_	_	
24-123	5455-5456	,	_	_	_	
24-124	5457-5466	according	_	_	_	
24-125	5467-5469	to	_	_	_	
24-126	5470-5477	certain	_	_	_	
24-127	5478-5484	modern	_	_	_	
24-128	5485-5498	psychologists	_	_	_	
24-129	5498-5499	,	_	_	_	
24-130	5500-5502	is	_	_	_	
24-131	5503-5508	often	_	_	_	
24-132	5509-5510	a	_	_	_	
24-133	5511-5520	condition	_	_	_	
24-134	5521-5523	of	_	_	_	
24-135	5524-5526	it	_	_	_	
24-136	5526-5527	.	_	_	_	

#Text=It was rumoured of him once that he was about to join the Roman Catholic communion, and certainly the Roman ritual had always a great attraction for him.
25-1	5529-5531	It	_	_	_	
25-2	5532-5535	was	_	_	_	
25-3	5536-5544	rumoured	_	_	_	
25-4	5545-5547	of	_	_	_	
25-5	5548-5551	him	_	_	_	
25-6	5552-5556	once	_	_	_	
25-7	5557-5561	that	_	_	_	
25-8	5562-5564	he	_	_	_	
25-9	5565-5568	was	_	_	_	
25-10	5569-5574	about	_	_	_	
25-11	5575-5577	to	_	_	_	
25-12	5578-5582	join	_	_	_	
25-13	5583-5586	the	_	_	_	
25-14	5587-5592	Roman	_	_	_	
25-15	5593-5601	Catholic	_	_	_	
25-16	5602-5611	communion	_	_	_	
25-17	5611-5612	,	_	_	_	
25-18	5613-5616	and	_	_	_	
25-19	5617-5626	certainly	_	_	_	
25-20	5627-5630	the	_	_	_	
25-21	5631-5636	Roman	_	_	_	
25-22	5637-5643	ritual	_	_	_	
25-23	5644-5647	had	_	_	_	
25-24	5648-5654	always	_	_	_	
25-25	5655-5656	a	_	_	_	
25-26	5657-5662	great	_	_	_	
25-27	5663-5673	attraction	_	_	_	
25-28	5674-5677	for	_	_	_	
25-29	5678-5681	him	_	_	_	
25-30	5681-5682	.	_	_	_	

#Text=The daily sacrifice, more awful really than all the sacrifices of the antique world, stirred him as much by its superb rejection of the evidence of the senses as by the primitive simplicity of its elements and the eternal pathos of the human tragedy that it sought to symbolize.
26-1	5683-5686	The	_	_	_	
26-2	5687-5692	daily	_	_	_	
26-3	5693-5702	sacrifice	_	_	_	
26-4	5702-5703	,	_	_	_	
26-5	5704-5708	more	_	_	_	
26-6	5709-5714	awful	_	_	_	
26-7	5715-5721	really	_	_	_	
26-8	5722-5726	than	_	_	_	
26-9	5727-5730	all	_	_	_	
26-10	5731-5734	the	_	_	_	
26-11	5735-5745	sacrifices	_	_	_	
26-12	5746-5748	of	_	_	_	
26-13	5749-5752	the	_	_	_	
26-14	5753-5760	antique	_	_	_	
26-15	5761-5766	world	_	_	_	
26-16	5766-5767	,	_	_	_	
26-17	5768-5775	stirred	_	_	_	
26-18	5776-5779	him	_	_	_	
26-19	5780-5782	as	_	_	_	
26-20	5783-5787	much	_	_	_	
26-21	5788-5790	by	_	_	_	
26-22	5791-5794	its	_	_	_	
26-23	5795-5801	superb	_	_	_	
26-24	5802-5811	rejection	_	_	_	
26-25	5812-5814	of	_	_	_	
26-26	5815-5818	the	_	_	_	
26-27	5819-5827	evidence	_	_	_	
26-28	5828-5830	of	_	_	_	
26-29	5831-5834	the	_	_	_	
26-30	5835-5841	senses	_	_	_	
26-31	5842-5844	as	_	_	_	
26-32	5845-5847	by	_	_	_	
26-33	5848-5851	the	_	_	_	
26-34	5852-5861	primitive	_	_	_	
26-35	5862-5872	simplicity	_	_	_	
26-36	5873-5875	of	_	_	_	
26-37	5876-5879	its	_	_	_	
26-38	5880-5888	elements	_	_	_	
26-39	5889-5892	and	_	_	_	
26-40	5893-5896	the	_	_	_	
26-41	5897-5904	eternal	_	_	_	
26-42	5905-5911	pathos	_	_	_	
26-43	5912-5914	of	_	_	_	
26-44	5915-5918	the	_	_	_	
26-45	5919-5924	human	_	_	_	
26-46	5925-5932	tragedy	_	_	_	
26-47	5933-5937	that	_	_	_	
26-48	5938-5940	it	_	_	_	
26-49	5941-5947	sought	_	_	_	
26-50	5948-5950	to	_	_	_	
26-51	5951-5960	symbolize	_	_	_	
26-52	5960-5961	.	_	_	_	

#Text=He loved to kneel down on the cold marble pavement and watch the priest, in his stiff flowered dalmatic, slowly and with white hands moving aside the veil of the tabernacle, or raising aloft the jewelled, lantern-shaped monstrance with that pallid wafer that at times, one would fain think, is indeed the “panis cælestis,” the bread of angels, or, robed in the garments of the Passion of Christ, breaking the Host into the chalice and smiting his breast for his sins.
27-1	5962-5964	He	_	_	_	
27-2	5965-5970	loved	_	_	_	
27-3	5971-5973	to	_	_	_	
27-4	5974-5979	kneel	_	_	_	
27-5	5980-5984	down	_	_	_	
27-6	5985-5987	on	_	_	_	
27-7	5988-5991	the	_	_	_	
27-8	5992-5996	cold	_	_	_	
27-9	5997-6003	marble	_	_	_	
27-10	6004-6012	pavement	_	_	_	
27-11	6013-6016	and	_	_	_	
27-12	6017-6022	watch	_	_	_	
27-13	6023-6026	the	_	_	_	
27-14	6027-6033	priest	_	_	_	
27-15	6033-6034	,	_	_	_	
27-16	6035-6037	in	_	_	_	
27-17	6038-6041	his	_	_	_	
27-18	6042-6047	stiff	_	_	_	
27-19	6048-6056	flowered	_	_	_	
27-20	6057-6065	dalmatic	_	_	_	
27-21	6065-6066	,	_	_	_	
27-22	6067-6073	slowly	_	_	_	
27-23	6074-6077	and	_	_	_	
27-24	6078-6082	with	_	_	_	
27-25	6083-6088	white	_	_	_	
27-26	6089-6094	hands	_	_	_	
27-27	6095-6101	moving	_	_	_	
27-28	6102-6107	aside	_	_	_	
27-29	6108-6111	the	_	_	_	
27-30	6112-6116	veil	_	_	_	
27-31	6117-6119	of	_	_	_	
27-32	6120-6123	the	_	_	_	
27-33	6124-6134	tabernacle	_	_	_	
27-34	6134-6135	,	_	_	_	
27-35	6136-6138	or	_	_	_	
27-36	6139-6146	raising	_	_	_	
27-37	6147-6152	aloft	_	_	_	
27-38	6153-6156	the	_	_	_	
27-39	6157-6165	jewelled	_	_	_	
27-40	6165-6166	,	_	_	_	
27-41	6167-6181	lantern-shaped	_	_	_	
27-42	6182-6192	monstrance	_	_	_	
27-43	6193-6197	with	_	_	_	
27-44	6198-6202	that	_	_	_	
27-45	6203-6209	pallid	_	_	_	
27-46	6210-6215	wafer	_	_	_	
27-47	6216-6220	that	_	_	_	
27-48	6221-6223	at	_	_	_	
27-49	6224-6229	times	_	_	_	
27-50	6229-6230	,	_	_	_	
27-51	6231-6234	one	_	_	_	
27-52	6235-6240	would	_	_	_	
27-53	6241-6245	fain	_	_	_	
27-54	6246-6251	think	_	_	_	
27-55	6251-6252	,	_	_	_	
27-56	6253-6255	is	_	_	_	
27-57	6256-6262	indeed	_	_	_	
27-58	6263-6266	the	_	_	_	
27-59	6267-6268	“	_	_	_	
27-60	6268-6273	panis	_	_	_	
27-61	6274-6282	cælestis	_	_	_	
27-62	6282-6283	,	_	_	_	
27-63	6283-6284	”	_	_	_	
27-64	6285-6288	the	_	_	_	
27-65	6289-6294	bread	_	_	_	
27-66	6295-6297	of	_	_	_	
27-67	6298-6304	angels	_	_	_	
27-68	6304-6305	,	_	_	_	
27-69	6306-6308	or	_	_	_	
27-70	6308-6309	,	_	_	_	
27-71	6310-6315	robed	_	_	_	
27-72	6316-6318	in	_	_	_	
27-73	6319-6322	the	_	_	_	
27-74	6323-6331	garments	_	_	_	
27-75	6332-6334	of	_	_	_	
27-76	6335-6338	the	_	_	_	
27-77	6339-6346	Passion	_	_	_	
27-78	6347-6349	of	_	_	_	
27-79	6350-6356	Christ	_	_	_	
27-80	6356-6357	,	_	_	_	
27-81	6358-6366	breaking	_	_	_	
27-82	6367-6370	the	_	_	_	
27-83	6371-6375	Host	_	_	_	
27-84	6376-6380	into	_	_	_	
27-85	6381-6384	the	_	_	_	
27-86	6385-6392	chalice	_	_	_	
27-87	6393-6396	and	_	_	_	
27-88	6397-6404	smiting	_	_	_	
27-89	6405-6408	his	_	_	_	
27-90	6409-6415	breast	_	_	_	
27-91	6416-6419	for	_	_	_	
27-92	6420-6423	his	_	_	_	
27-93	6424-6428	sins	_	_	_	
27-94	6428-6429	.	_	_	_	

#Text=The fuming censers that the grave boys, in their lace and scarlet, tossed into the air like great gilt flowers had their subtle fascination for him.
28-1	6430-6433	The	_	_	_	
28-2	6434-6440	fuming	Smell\_Word	*	28-3	
28-3	6441-6448	censers	Odour\_Carrier	_	_	
28-4	6449-6453	that	_	_	_	
28-5	6454-6457	the	_	_	_	
28-6	6458-6463	grave	_	_	_	
28-7	6464-6468	boys	_	_	_	
28-8	6468-6469	,	_	_	_	
28-9	6470-6472	in	_	_	_	
28-10	6473-6478	their	_	_	_	
28-11	6479-6483	lace	_	_	_	
28-12	6484-6487	and	_	_	_	
28-13	6488-6495	scarlet	_	_	_	
28-14	6495-6496	,	_	_	_	
28-15	6497-6503	tossed	_	_	_	
28-16	6504-6508	into	_	_	_	
28-17	6509-6512	the	_	_	_	
28-18	6513-6516	air	_	_	_	
28-19	6517-6521	like	_	_	_	
28-20	6522-6527	great	_	_	_	
28-21	6528-6532	gilt	_	_	_	
28-22	6533-6540	flowers	_	_	_	
28-23	6541-6544	had	_	_	_	
28-24	6545-6550	their	_	_	_	
28-25	6551-6557	subtle	_	_	_	
28-26	6558-6569	fascination	_	_	_	
28-27	6570-6573	for	_	_	_	
28-28	6574-6577	him	_	_	_	
28-29	6577-6578	.	_	_	_	

#Text=As he passed out, he used to look with wonder at the black confessionals and long to sit in the dim shadow of one of them and listen to men and women whispering through the worn grating the true story of their lives.
29-1	6579-6581	As	_	_	_	
29-2	6582-6584	he	_	_	_	
29-3	6585-6591	passed	_	_	_	
29-4	6592-6595	out	_	_	_	
29-5	6595-6596	,	_	_	_	
29-6	6597-6599	he	_	_	_	
29-7	6600-6604	used	_	_	_	
29-8	6605-6607	to	_	_	_	
29-9	6608-6612	look	_	_	_	
29-10	6613-6617	with	_	_	_	
29-11	6618-6624	wonder	_	_	_	
29-12	6625-6627	at	_	_	_	
29-13	6628-6631	the	_	_	_	
29-14	6632-6637	black	_	_	_	
29-15	6638-6651	confessionals	_	_	_	
29-16	6652-6655	and	_	_	_	
29-17	6656-6660	long	_	_	_	
29-18	6661-6663	to	_	_	_	
29-19	6664-6667	sit	_	_	_	
29-20	6668-6670	in	_	_	_	
29-21	6671-6674	the	_	_	_	
29-22	6675-6678	dim	_	_	_	
29-23	6679-6685	shadow	_	_	_	
29-24	6686-6688	of	_	_	_	
29-25	6689-6692	one	_	_	_	
29-26	6693-6695	of	_	_	_	
29-27	6696-6700	them	_	_	_	
29-28	6701-6704	and	_	_	_	
29-29	6705-6711	listen	_	_	_	
29-30	6712-6714	to	_	_	_	
29-31	6715-6718	men	_	_	_	
29-32	6719-6722	and	_	_	_	
29-33	6723-6728	women	_	_	_	
29-34	6729-6739	whispering	_	_	_	
29-35	6740-6747	through	_	_	_	
29-36	6748-6751	the	_	_	_	
29-37	6752-6756	worn	_	_	_	
29-38	6757-6764	grating	_	_	_	
29-39	6765-6768	the	_	_	_	
29-40	6769-6773	true	_	_	_	
29-41	6774-6779	story	_	_	_	
29-42	6780-6782	of	_	_	_	
29-43	6783-6788	their	_	_	_	
29-44	6789-6794	lives	_	_	_	
29-45	6794-6795	.	_	_	_	

#Text=But he never fell into the error of arresting his intellectual development by any formal acceptance of creed or system, or of mistaking, for a house in which to live, an inn that is but suitable for the sojourn of a night, or for a few hours of a night in which there are no stars and the moon is in travail.
30-1	6797-6800	But	_	_	_	
30-2	6801-6803	he	_	_	_	
30-3	6804-6809	never	_	_	_	
30-4	6810-6814	fell	_	_	_	
30-5	6815-6819	into	_	_	_	
30-6	6820-6823	the	_	_	_	
30-7	6824-6829	error	_	_	_	
30-8	6830-6832	of	_	_	_	
30-9	6833-6842	arresting	_	_	_	
30-10	6843-6846	his	_	_	_	
30-11	6847-6859	intellectual	_	_	_	
30-12	6860-6871	development	_	_	_	
30-13	6872-6874	by	_	_	_	
30-14	6875-6878	any	_	_	_	
30-15	6879-6885	formal	_	_	_	
30-16	6886-6896	acceptance	_	_	_	
30-17	6897-6899	of	_	_	_	
30-18	6900-6905	creed	_	_	_	
30-19	6906-6908	or	_	_	_	
30-20	6909-6915	system	_	_	_	
30-21	6915-6916	,	_	_	_	
30-22	6917-6919	or	_	_	_	
30-23	6920-6922	of	_	_	_	
30-24	6923-6932	mistaking	_	_	_	
30-25	6932-6933	,	_	_	_	
30-26	6934-6937	for	_	_	_	
30-27	6938-6939	a	_	_	_	
30-28	6940-6945	house	_	_	_	
30-29	6946-6948	in	_	_	_	
30-30	6949-6954	which	_	_	_	
30-31	6955-6957	to	_	_	_	
30-32	6958-6962	live	_	_	_	
30-33	6962-6963	,	_	_	_	
30-34	6964-6966	an	_	_	_	
30-35	6967-6970	inn	_	_	_	
30-36	6971-6975	that	_	_	_	
30-37	6976-6978	is	_	_	_	
30-38	6979-6982	but	_	_	_	
30-39	6983-6991	suitable	_	_	_	
30-40	6992-6995	for	_	_	_	
30-41	6996-6999	the	_	_	_	
30-42	7000-7007	sojourn	_	_	_	
30-43	7008-7010	of	_	_	_	
30-44	7011-7012	a	_	_	_	
30-45	7013-7018	night	_	_	_	
30-46	7018-7019	,	_	_	_	
30-47	7020-7022	or	_	_	_	
30-48	7023-7026	for	_	_	_	
30-49	7027-7028	a	_	_	_	
30-50	7029-7032	few	_	_	_	
30-51	7033-7038	hours	_	_	_	
30-52	7039-7041	of	_	_	_	
30-53	7042-7043	a	_	_	_	
30-54	7044-7049	night	_	_	_	
30-55	7050-7052	in	_	_	_	
30-56	7053-7058	which	_	_	_	
30-57	7059-7064	there	_	_	_	
30-58	7065-7068	are	_	_	_	
30-59	7069-7071	no	_	_	_	
30-60	7072-7077	stars	_	_	_	
30-61	7078-7081	and	_	_	_	
30-62	7082-7085	the	_	_	_	
30-63	7086-7090	moon	_	_	_	
30-64	7091-7093	is	_	_	_	
30-65	7094-7096	in	_	_	_	
30-66	7097-7104	travail	_	_	_	
30-67	7104-7105	.	_	_	_	

#Text=Mysticism, with its marvellous power of making common things strange to us, and the subtle antinomianism that always seems to accompany it, moved him for a season; and for a season he inclined to the materialistic doctrines of the Darwinismus movement in Germany, and found a curious pleasure in tracing the thoughts and passions of men to some pearly cell in the brain, or some white nerve in the body, delighting in the conception of the absolute dependence of the spirit on certain physical conditions, morbid or healthy, normal or diseased.
31-1	7106-7115	Mysticism	_	_	_	
31-2	7115-7116	,	_	_	_	
31-3	7117-7121	with	_	_	_	
31-4	7122-7125	its	_	_	_	
31-5	7126-7136	marvellous	_	_	_	
31-6	7137-7142	power	_	_	_	
31-7	7143-7145	of	_	_	_	
31-8	7146-7152	making	_	_	_	
31-9	7153-7159	common	_	_	_	
31-10	7160-7166	things	_	_	_	
31-11	7167-7174	strange	_	_	_	
31-12	7175-7177	to	_	_	_	
31-13	7178-7180	us	_	_	_	
31-14	7180-7181	,	_	_	_	
31-15	7182-7185	and	_	_	_	
31-16	7186-7189	the	_	_	_	
31-17	7190-7196	subtle	_	_	_	
31-18	7197-7210	antinomianism	_	_	_	
31-19	7211-7215	that	_	_	_	
31-20	7216-7222	always	_	_	_	
31-21	7223-7228	seems	_	_	_	
31-22	7229-7231	to	_	_	_	
31-23	7232-7241	accompany	_	_	_	
31-24	7242-7244	it	_	_	_	
31-25	7244-7245	,	_	_	_	
31-26	7246-7251	moved	_	_	_	
31-27	7252-7255	him	_	_	_	
31-28	7256-7259	for	_	_	_	
31-29	7260-7261	a	_	_	_	
31-30	7262-7268	season	_	_	_	
31-31	7268-7269	;	_	_	_	
31-32	7270-7273	and	_	_	_	
31-33	7274-7277	for	_	_	_	
31-34	7278-7279	a	_	_	_	
31-35	7280-7286	season	_	_	_	
31-36	7287-7289	he	_	_	_	
31-37	7290-7298	inclined	_	_	_	
31-38	7299-7301	to	_	_	_	
31-39	7302-7305	the	_	_	_	
31-40	7306-7319	materialistic	_	_	_	
31-41	7320-7329	doctrines	_	_	_	
31-42	7330-7332	of	_	_	_	
31-43	7333-7336	the	_	_	_	
31-44	7337-7348	Darwinismus	_	_	_	
31-45	7349-7357	movement	_	_	_	
31-46	7358-7360	in	_	_	_	
31-47	7361-7368	Germany	_	_	_	
31-48	7368-7369	,	_	_	_	
31-49	7370-7373	and	_	_	_	
31-50	7374-7379	found	_	_	_	
31-51	7380-7381	a	_	_	_	
31-52	7382-7389	curious	_	_	_	
31-53	7390-7398	pleasure	_	_	_	
31-54	7399-7401	in	_	_	_	
31-55	7402-7409	tracing	_	_	_	
31-56	7410-7413	the	_	_	_	
31-57	7414-7422	thoughts	_	_	_	
31-58	7423-7426	and	_	_	_	
31-59	7427-7435	passions	_	_	_	
31-60	7436-7438	of	_	_	_	
31-61	7439-7442	men	_	_	_	
31-62	7443-7445	to	_	_	_	
31-63	7446-7450	some	_	_	_	
31-64	7451-7457	pearly	_	_	_	
31-65	7458-7462	cell	_	_	_	
31-66	7463-7465	in	_	_	_	
31-67	7466-7469	the	_	_	_	
31-68	7470-7475	brain	_	_	_	
31-69	7475-7476	,	_	_	_	
31-70	7477-7479	or	_	_	_	
31-71	7480-7484	some	_	_	_	
31-72	7485-7490	white	_	_	_	
31-73	7491-7496	nerve	_	_	_	
31-74	7497-7499	in	_	_	_	
31-75	7500-7503	the	_	_	_	
31-76	7504-7508	body	_	_	_	
31-77	7508-7509	,	_	_	_	
31-78	7510-7520	delighting	_	_	_	
31-79	7521-7523	in	_	_	_	
31-80	7524-7527	the	_	_	_	
31-81	7528-7538	conception	_	_	_	
31-82	7539-7541	of	_	_	_	
31-83	7542-7545	the	_	_	_	
31-84	7546-7554	absolute	_	_	_	
31-85	7555-7565	dependence	_	_	_	
31-86	7566-7568	of	_	_	_	
31-87	7569-7572	the	_	_	_	
31-88	7573-7579	spirit	_	_	_	
31-89	7580-7582	on	_	_	_	
31-90	7583-7590	certain	_	_	_	
31-91	7591-7599	physical	_	_	_	
31-92	7600-7610	conditions	_	_	_	
31-93	7610-7611	,	_	_	_	
31-94	7612-7618	morbid	_	_	_	
31-95	7619-7621	or	_	_	_	
31-96	7622-7629	healthy	_	_	_	
31-97	7629-7630	,	_	_	_	
31-98	7631-7637	normal	_	_	_	
31-99	7638-7640	or	_	_	_	
31-100	7641-7649	diseased	_	_	_	
31-101	7649-7650	.	_	_	_	

#Text=Yet, as has been said of him before, no theory of life seemed to him to be of any importance compared with life itself.
32-1	7651-7654	Yet	_	_	_	
32-2	7654-7655	,	_	_	_	
32-3	7656-7658	as	_	_	_	
32-4	7659-7662	has	_	_	_	
32-5	7663-7667	been	_	_	_	
32-6	7668-7672	said	_	_	_	
32-7	7673-7675	of	_	_	_	
32-8	7676-7679	him	_	_	_	
32-9	7680-7686	before	_	_	_	
32-10	7686-7687	,	_	_	_	
32-11	7688-7690	no	_	_	_	
32-12	7691-7697	theory	_	_	_	
32-13	7698-7700	of	_	_	_	
32-14	7701-7705	life	_	_	_	
32-15	7706-7712	seemed	_	_	_	
32-16	7713-7715	to	_	_	_	
32-17	7716-7719	him	_	_	_	
32-18	7720-7722	to	_	_	_	
32-19	7723-7725	be	_	_	_	
32-20	7726-7728	of	_	_	_	
32-21	7729-7732	any	_	_	_	
32-22	7733-7743	importance	_	_	_	
32-23	7744-7752	compared	_	_	_	
32-24	7753-7757	with	_	_	_	
32-25	7758-7762	life	_	_	_	
32-26	7763-7769	itself	_	_	_	
32-27	7769-7770	.	_	_	_	

#Text=He felt keenly conscious of how barren all intellectual speculation is when separated from action and experiment.
33-1	7771-7773	He	_	_	_	
33-2	7774-7778	felt	_	_	_	
33-3	7779-7785	keenly	_	_	_	
33-4	7786-7795	conscious	_	_	_	
33-5	7796-7798	of	_	_	_	
33-6	7799-7802	how	_	_	_	
33-7	7803-7809	barren	_	_	_	
33-8	7810-7813	all	_	_	_	
33-9	7814-7826	intellectual	_	_	_	
33-10	7827-7838	speculation	_	_	_	
33-11	7839-7841	is	_	_	_	
33-12	7842-7846	when	_	_	_	
33-13	7847-7856	separated	_	_	_	
33-14	7857-7861	from	_	_	_	
33-15	7862-7868	action	_	_	_	
33-16	7869-7872	and	_	_	_	
33-17	7873-7883	experiment	_	_	_	
33-18	7883-7884	.	_	_	_	

#Text=He knew that the senses, no less than the soul, have their spiritual mysteries to reveal.
34-1	7885-7887	He	_	_	_	
34-2	7888-7892	knew	_	_	_	
34-3	7893-7897	that	_	_	_	
34-4	7898-7901	the	_	_	_	
34-5	7902-7908	senses	_	_	_	
34-6	7908-7909	,	_	_	_	
34-7	7910-7912	no	_	_	_	
34-8	7913-7917	less	_	_	_	
34-9	7918-7922	than	_	_	_	
34-10	7923-7926	the	_	_	_	
34-11	7927-7931	soul	_	_	_	
34-12	7931-7932	,	_	_	_	
34-13	7933-7937	have	_	_	_	
34-14	7938-7943	their	_	_	_	
34-15	7944-7953	spiritual	_	_	_	
34-16	7954-7963	mysteries	_	_	_	
34-17	7964-7966	to	_	_	_	
34-18	7967-7973	reveal	_	_	_	
34-19	7973-7974	.	_	_	_	

#Text=And so he would now study perfumes and the secrets of their manufacture, distilling heavily scented oils and burning odorous gums from the East.
35-1	7976-7979	And	_	_	_	
35-2	7980-7982	so	_	_	_	
35-3	7983-7985	he	_	_	_	
35-4	7986-7991	would	_	_	_	
35-5	7992-7995	now	_	_	_	
35-6	7996-8001	study	_	_	_	
35-7	8002-8010	perfumes	Smell\_Word	_	_	
35-8	8011-8014	and	_	_	_	
35-9	8015-8018	the	_	_	_	
35-10	8019-8026	secrets	_	_	_	
35-11	8027-8029	of	_	_	_	
35-12	8030-8035	their	_	_	_	
35-13	8036-8047	manufacture	_	_	_	
35-14	8047-8048	,	_	_	_	
35-15	8049-8059	distilling	_	_	_	
35-16	8060-8067	heavily	Quality	_	_	
35-17	8068-8075	scented	Smell\_Word	*|*	35-16|35-18	
35-18	8076-8080	oils	Smell\_Source	_	_	
35-19	8081-8084	and	_	_	_	
35-20	8085-8092	burning	_	_	_	
35-21	8093-8100	odorous	Smell\_Word[1]|Quality[2]	*|*|*	35-22[0_1]|35-21[2_1]|35-23[3_1]	
35-22	8101-8105	gums	Smell\_Source	_	_	
35-23	8106-8110	from	Location[3]	_	_	
35-24	8111-8114	the	Location[3]	_	_	
35-25	8115-8119	East	Location[3]	_	_	
35-26	8119-8120	.	_	_	_	

#Text=He saw that there was no mood of the mind that had not its counterpart in the sensuous life, and set himself to discover their true relations, wondering what there was in frankincense that made one mystical, and in ambergris that stirred one’s passions, and in violets that woke the memory of dead romances, and in musk that troubled the brain, and in champak that stained the imagination; and seeking often to elaborate a real psychology of perfumes, and to estimate the several influences of sweet-smelling roots and scented, pollen-laden flowers; of aromatic balms and of dark and fragrant woods; of spikenard, that sickens; of hovenia, that makes men mad; and of aloes, that are said to be able to expel melancholy from the soul.
36-1	8121-8123	He	_	_	_	
36-2	8124-8127	saw	_	_	_	
36-3	8128-8132	that	_	_	_	
36-4	8133-8138	there	_	_	_	
36-5	8139-8142	was	_	_	_	
36-6	8143-8145	no	_	_	_	
36-7	8146-8150	mood	_	_	_	
36-8	8151-8153	of	_	_	_	
36-9	8154-8157	the	_	_	_	
36-10	8158-8162	mind	_	_	_	
36-11	8163-8167	that	_	_	_	
36-12	8168-8171	had	_	_	_	
36-13	8172-8175	not	_	_	_	
36-14	8176-8179	its	_	_	_	
36-15	8180-8191	counterpart	_	_	_	
36-16	8192-8194	in	_	_	_	
36-17	8195-8198	the	_	_	_	
36-18	8199-8207	sensuous	_	_	_	
36-19	8208-8212	life	_	_	_	
36-20	8212-8213	,	_	_	_	
36-21	8214-8217	and	_	_	_	
36-22	8218-8221	set	_	_	_	
36-23	8222-8229	himself	_	_	_	
36-24	8230-8232	to	_	_	_	
36-25	8233-8241	discover	_	_	_	
36-26	8242-8247	their	_	_	_	
36-27	8248-8252	true	_	_	_	
36-28	8253-8262	relations	_	_	_	
36-29	8262-8263	,	_	_	_	
36-30	8264-8273	wondering	_	_	_	
36-31	8274-8278	what	_	_	_	
36-32	8279-8284	there	_	_	_	
36-33	8285-8288	was	_	_	_	
36-34	8289-8291	in	_	_	_	
36-35	8292-8304	frankincense	Smell\_Word[4]|Smell\_Source[5]	*|*	36-35[5_4]|36-36[6_4]	
36-36	8305-8309	that	Effect[6]	_	_	
36-37	8310-8314	made	Effect[6]	_	_	
36-38	8315-8318	one	Effect[6]	_	_	
36-39	8319-8327	mystical	Effect[6]	_	_	
36-40	8327-8328	,	_	_	_	
36-41	8329-8332	and	_	_	_	
36-42	8333-8335	in	_	_	_	
36-43	8336-8345	ambergris	Smell\_Word[7]|Smell\_Source[8]	*|*	36-43[8_7]|36-44[9_7]	
36-44	8346-8350	that	Effect[9]	_	_	
36-45	8351-8358	stirred	Effect[9]	_	_	
36-46	8359-8362	one	Effect[9]	_	_	
36-47	8362-8363	’	Effect[9]	_	_	
36-48	8363-8364	s	Effect[9]	_	_	
36-49	8365-8373	passions	Effect[9]	_	_	
36-50	8373-8374	,	_	_	_	
36-51	8375-8378	and	_	_	_	
36-52	8379-8381	in	_	_	_	
36-53	8382-8389	violets	Smell\_Word[10]|Smell\_Source[11]	*|*	36-53[11_10]|36-54[12_10]	
36-54	8390-8394	that	Effect[12]	_	_	
36-55	8395-8399	woke	Effect[12]	_	_	
36-56	8400-8403	the	Effect[12]	_	_	
36-57	8404-8410	memory	Effect[12]	_	_	
36-58	8411-8413	of	Effect[12]	_	_	
36-59	8414-8418	dead	Effect[12]	_	_	
36-60	8419-8427	romances	Effect[12]	_	_	
36-61	8427-8428	,	_	_	_	
36-62	8429-8432	and	_	_	_	
36-63	8433-8435	in	_	_	_	
36-64	8436-8440	musk	Smell\_Word[13]|Smell\_Source[14]	*|*	36-64[14_13]|36-65[15_13]	
36-65	8441-8445	that	Effect[15]	_	_	
36-66	8446-8454	troubled	Effect[15]	_	_	
36-67	8455-8458	the	Effect[15]	_	_	
36-68	8459-8464	brain	Effect[15]	_	_	
36-69	8464-8465	,	_	_	_	
36-70	8466-8469	and	_	_	_	
36-71	8470-8472	in	_	_	_	
36-72	8473-8480	champak	Smell\_Word[16]|Smell\_Source[17]	*|*	36-72[17_16]|36-73[18_16]	
36-73	8481-8485	that	Effect[18]	_	_	
36-74	8486-8493	stained	Effect[18]	_	_	
36-75	8494-8497	the	Effect[18]	_	_	
36-76	8498-8509	imagination	Effect[18]	_	_	
36-77	8509-8510	;	_	_	_	
36-78	8511-8514	and	_	_	_	
36-79	8515-8522	seeking	_	_	_	
36-80	8523-8528	often	_	_	_	
36-81	8529-8531	to	_	_	_	
36-82	8532-8541	elaborate	_	_	_	
36-83	8542-8543	a	_	_	_	
36-84	8544-8548	real	_	_	_	
36-85	8549-8559	psychology	_	_	_	
36-86	8560-8562	of	_	_	_	
36-87	8563-8571	perfumes	Smell\_Word	_	_	
36-88	8571-8572	,	_	_	_	
36-89	8573-8576	and	_	_	_	
36-90	8577-8579	to	_	_	_	
36-91	8580-8588	estimate	_	_	_	
36-92	8589-8592	the	_	_	_	
36-93	8593-8600	several	_	_	_	
36-94	8601-8611	influences	_	_	_	
36-95	8612-8614	of	_	_	_	
36-96	8615-8629	sweet-smelling	Smell\_Word[19]|Quality[20]	*|*	36-96[20_19]|36-97[0_19]	
36-97	8630-8635	roots	Smell\_Source	_	_	
36-98	8636-8639	and	_	_	_	
36-99	8640-8647	scented	Smell\_Word	*	36-101[21_0]	
36-100	8647-8648	,	_	_	_	
36-101	8649-8661	pollen-laden	Smell\_Source[21]	_	_	
36-102	8662-8669	flowers	Smell\_Source[21]	_	_	
36-103	8669-8670	;	_	_	_	
36-104	8671-8673	of	_	_	_	
36-105	8674-8682	aromatic	Smell\_Word[22]|Quality[23]	*|*	36-105[23_22]|36-106[0_22]	
36-106	8683-8688	balms	Smell\_Source	_	_	
36-107	8689-8692	and	_	_	_	
36-108	8693-8695	of	_	_	_	
36-109	8696-8700	dark	_	_	_	
36-110	8701-8704	and	_	_	_	
36-111	8705-8713	fragrant	Smell\_Word[24]|Quality[25]	*|*	36-111[25_24]|36-112[0_24]	
36-112	8714-8719	woods	Smell\_Source	_	_	
36-113	8719-8720	;	_	_	_	
36-114	8721-8723	of	_	_	_	
36-115	8724-8733	spikenard	Smell\_Word[26]|Smell\_Source[27]	*|*	36-115[27_26]|36-117[28_26]	
36-116	8733-8734	,	_	_	_	
36-117	8735-8739	that	Effect[28]	_	_	
36-118	8740-8747	sickens	Effect[28]	_	_	
36-119	8747-8748	;	_	_	_	
36-120	8749-8751	of	_	_	_	
36-121	8752-8759	hovenia	Smell\_Word[29]|Smell\_Source[30]	*|*	36-121[30_29]|36-123[31_29]	
36-122	8759-8760	,	_	_	_	
36-123	8761-8765	that	Effect[31]	_	_	
36-124	8766-8771	makes	Effect[31]	_	_	
36-125	8772-8775	men	Effect[31]	_	_	
36-126	8776-8779	mad	Effect[31]	_	_	
36-127	8779-8780	;	_	_	_	
36-128	8781-8784	and	_	_	_	
36-129	8785-8787	of	_	_	_	
36-130	8788-8793	aloes	Smell\_Word[32]|Smell\_Source[33]	*|*	36-130[33_32]|36-132[34_32]	
36-131	8793-8794	,	_	_	_	
36-132	8795-8799	that	Effect[34]	_	_	
36-133	8800-8803	are	Effect[34]	_	_	
36-134	8804-8808	said	Effect[34]	_	_	
36-135	8809-8811	to	Effect[34]	_	_	
36-136	8812-8814	be	Effect[34]	_	_	
36-137	8815-8819	able	Effect[34]	_	_	
36-138	8820-8822	to	Effect[34]	_	_	
36-139	8823-8828	expel	Effect[34]	_	_	
36-140	8829-8839	melancholy	Effect[34]	_	_	
36-141	8840-8844	from	Effect[34]	_	_	
36-142	8845-8848	the	Effect[34]	_	_	
36-143	8849-8853	soul	Effect[34]	_	_	
36-144	8853-8854	.	_	_	_	

#Text=At another time he devoted himself entirely to music, and in a long latticed room, with a vermilion-and-gold ceiling and walls of olive-green lacquer, he used to give curious concerts in which mad gipsies tore wild music from little zithers, or grave, yellow-shawled Tunisians plucked at the strained strings of monstrous lutes, while grinning Negroes beat monotonously upon copper drums and, crouching upon scarlet mats, slim turbaned Indians blew through long pipes of reed or brass and charmed—or feigned to charm—great hooded snakes and horrible horned adders.
37-1	8856-8858	At	_	_	_	
37-2	8859-8866	another	_	_	_	
37-3	8867-8871	time	_	_	_	
37-4	8872-8874	he	_	_	_	
37-5	8875-8882	devoted	_	_	_	
37-6	8883-8890	himself	_	_	_	
37-7	8891-8899	entirely	_	_	_	
37-8	8900-8902	to	_	_	_	
37-9	8903-8908	music	_	_	_	
37-10	8908-8909	,	_	_	_	
37-11	8910-8913	and	_	_	_	
37-12	8914-8916	in	_	_	_	
37-13	8917-8918	a	_	_	_	
37-14	8919-8923	long	_	_	_	
37-15	8924-8932	latticed	_	_	_	
37-16	8933-8937	room	_	_	_	
37-17	8937-8938	,	_	_	_	
37-18	8939-8943	with	_	_	_	
37-19	8944-8945	a	_	_	_	
37-20	8946-8964	vermilion-and-gold	_	_	_	
37-21	8965-8972	ceiling	_	_	_	
37-22	8973-8976	and	_	_	_	
37-23	8977-8982	walls	_	_	_	
37-24	8983-8985	of	_	_	_	
37-25	8986-8997	olive-green	_	_	_	
37-26	8998-9005	lacquer	_	_	_	
37-27	9005-9006	,	_	_	_	
37-28	9007-9009	he	_	_	_	
37-29	9010-9014	used	_	_	_	
37-30	9015-9017	to	_	_	_	
37-31	9018-9022	give	_	_	_	
37-32	9023-9030	curious	_	_	_	
37-33	9031-9039	concerts	_	_	_	
37-34	9040-9042	in	_	_	_	
37-35	9043-9048	which	_	_	_	
37-36	9049-9052	mad	_	_	_	
37-37	9053-9060	gipsies	_	_	_	
37-38	9061-9065	tore	_	_	_	
37-39	9066-9070	wild	_	_	_	
37-40	9071-9076	music	_	_	_	
37-41	9077-9081	from	_	_	_	
37-42	9082-9088	little	_	_	_	
37-43	9089-9096	zithers	_	_	_	
37-44	9096-9097	,	_	_	_	
37-45	9098-9100	or	_	_	_	
37-46	9101-9106	grave	_	_	_	
37-47	9106-9107	,	_	_	_	
37-48	9108-9122	yellow-shawled	_	_	_	
37-49	9123-9132	Tunisians	_	_	_	
37-50	9133-9140	plucked	_	_	_	
37-51	9141-9143	at	_	_	_	
37-52	9144-9147	the	_	_	_	
37-53	9148-9156	strained	_	_	_	
37-54	9157-9164	strings	_	_	_	
37-55	9165-9167	of	_	_	_	
37-56	9168-9177	monstrous	_	_	_	
37-57	9178-9183	lutes	_	_	_	
37-58	9183-9184	,	_	_	_	
37-59	9185-9190	while	_	_	_	
37-60	9191-9199	grinning	_	_	_	
37-61	9200-9207	Negroes	_	_	_	
37-62	9208-9212	beat	_	_	_	
37-63	9213-9225	monotonously	_	_	_	
37-64	9226-9230	upon	_	_	_	
37-65	9231-9237	copper	_	_	_	
37-66	9238-9243	drums	_	_	_	
37-67	9244-9247	and	_	_	_	
37-68	9247-9248	,	_	_	_	
37-69	9249-9258	crouching	_	_	_	
37-70	9259-9263	upon	_	_	_	
37-71	9264-9271	scarlet	_	_	_	
37-72	9272-9276	mats	_	_	_	
37-73	9276-9277	,	_	_	_	
37-74	9278-9282	slim	_	_	_	
37-75	9283-9291	turbaned	_	_	_	
37-76	9292-9299	Indians	_	_	_	
37-77	9300-9304	blew	_	_	_	
37-78	9305-9312	through	_	_	_	
37-79	9313-9317	long	_	_	_	
37-80	9318-9323	pipes	_	_	_	
37-81	9324-9326	of	_	_	_	
37-82	9327-9331	reed	_	_	_	
37-83	9332-9334	or	_	_	_	
37-84	9335-9340	brass	_	_	_	
37-85	9341-9344	and	_	_	_	
37-86	9345-9355	charmed—or	_	_	_	
37-87	9356-9363	feigned	_	_	_	
37-88	9364-9366	to	_	_	_	
37-89	9367-9378	charm—great	_	_	_	
37-90	9379-9385	hooded	_	_	_	
37-91	9386-9392	snakes	_	_	_	
37-92	9393-9396	and	_	_	_	
37-93	9397-9405	horrible	_	_	_	
37-94	9406-9412	horned	_	_	_	
37-95	9413-9419	adders	_	_	_	
37-96	9419-9420	.	_	_	_	

#Text=The harsh intervals and shrill discords of barbaric music stirred him at times when Schubert’s grace, and Chopin’s beautiful sorrows, and the mighty harmonies of Beethoven himself, fell unheeded on his ear.
38-1	9421-9424	The	_	_	_	
38-2	9425-9430	harsh	_	_	_	
38-3	9431-9440	intervals	_	_	_	
38-4	9441-9444	and	_	_	_	
38-5	9445-9451	shrill	_	_	_	
38-6	9452-9460	discords	_	_	_	
38-7	9461-9463	of	_	_	_	
38-8	9464-9472	barbaric	_	_	_	
38-9	9473-9478	music	_	_	_	
38-10	9479-9486	stirred	_	_	_	
38-11	9487-9490	him	_	_	_	
38-12	9491-9493	at	_	_	_	
38-13	9494-9499	times	_	_	_	
38-14	9500-9504	when	_	_	_	
38-15	9505-9513	Schubert	_	_	_	
38-16	9513-9514	’	_	_	_	
38-17	9514-9515	s	_	_	_	
38-18	9516-9521	grace	_	_	_	
38-19	9521-9522	,	_	_	_	
38-20	9523-9526	and	_	_	_	
38-21	9527-9533	Chopin	_	_	_	
38-22	9533-9534	’	_	_	_	
38-23	9534-9535	s	_	_	_	
38-24	9536-9545	beautiful	_	_	_	
38-25	9546-9553	sorrows	_	_	_	
38-26	9553-9554	,	_	_	_	
38-27	9555-9558	and	_	_	_	
38-28	9559-9562	the	_	_	_	
38-29	9563-9569	mighty	_	_	_	
38-30	9570-9579	harmonies	_	_	_	
38-31	9580-9582	of	_	_	_	
38-32	9583-9592	Beethoven	_	_	_	
38-33	9593-9600	himself	_	_	_	
38-34	9600-9601	,	_	_	_	
38-35	9602-9606	fell	_	_	_	
38-36	9607-9615	unheeded	_	_	_	
38-37	9616-9618	on	_	_	_	
38-38	9619-9622	his	_	_	_	
38-39	9623-9626	ear	_	_	_	
38-40	9626-9627	.	_	_	_	

#Text=He collected together from all parts of the world the strangest instruments that could be found, either in the tombs of dead nations or among the few savage tribes that have survived contact with Western civilizations, and loved to touch and try them.
39-1	9628-9630	He	_	_	_	
39-2	9631-9640	collected	_	_	_	
39-3	9641-9649	together	_	_	_	
39-4	9650-9654	from	_	_	_	
39-5	9655-9658	all	_	_	_	
39-6	9659-9664	parts	_	_	_	
39-7	9665-9667	of	_	_	_	
39-8	9668-9671	the	_	_	_	
39-9	9672-9677	world	_	_	_	
39-10	9678-9681	the	_	_	_	
39-11	9682-9691	strangest	_	_	_	
39-12	9692-9703	instruments	_	_	_	
39-13	9704-9708	that	_	_	_	
39-14	9709-9714	could	_	_	_	
39-15	9715-9717	be	_	_	_	
39-16	9718-9723	found	_	_	_	
39-17	9723-9724	,	_	_	_	
39-18	9725-9731	either	_	_	_	
39-19	9732-9734	in	_	_	_	
39-20	9735-9738	the	_	_	_	
39-21	9739-9744	tombs	_	_	_	
39-22	9745-9747	of	_	_	_	
39-23	9748-9752	dead	_	_	_	
39-24	9753-9760	nations	_	_	_	
39-25	9761-9763	or	_	_	_	
39-26	9764-9769	among	_	_	_	
39-27	9770-9773	the	_	_	_	
39-28	9774-9777	few	_	_	_	
39-29	9778-9784	savage	_	_	_	
39-30	9785-9791	tribes	_	_	_	
39-31	9792-9796	that	_	_	_	
39-32	9797-9801	have	_	_	_	
39-33	9802-9810	survived	_	_	_	
39-34	9811-9818	contact	_	_	_	
39-35	9819-9823	with	_	_	_	
39-36	9824-9831	Western	_	_	_	
39-37	9832-9845	civilizations	_	_	_	
39-38	9845-9846	,	_	_	_	
39-39	9847-9850	and	_	_	_	
39-40	9851-9856	loved	_	_	_	
39-41	9857-9859	to	_	_	_	
39-42	9860-9865	touch	_	_	_	
39-43	9866-9869	and	_	_	_	
39-44	9870-9873	try	_	_	_	
39-45	9874-9878	them	_	_	_	
39-46	9878-9879	.	_	_	_	

#Text=He had the mysterious juruparis of the Rio Negro Indians, that women are not allowed to look at and that even youths may not see till they have been subjected to fasting and scourging, and the earthen jars of the Peruvians that have the shrill cries of birds, and flutes of human bones such as Alfonso de Ovalle heard in Chile, and the sonorous green jaspers that are found near Cuzco and give forth a note of singular sweetness.
40-1	9880-9882	He	_	_	_	
40-2	9883-9886	had	_	_	_	
40-3	9887-9890	the	_	_	_	
40-4	9891-9901	mysterious	_	_	_	
40-5	9902-9911	juruparis	_	_	_	
40-6	9912-9914	of	_	_	_	
40-7	9915-9918	the	_	_	_	
40-8	9919-9922	Rio	_	_	_	
40-9	9923-9928	Negro	_	_	_	
40-10	9929-9936	Indians	_	_	_	
40-11	9936-9937	,	_	_	_	
40-12	9938-9942	that	_	_	_	
40-13	9943-9948	women	_	_	_	
40-14	9949-9952	are	_	_	_	
40-15	9953-9956	not	_	_	_	
40-16	9957-9964	allowed	_	_	_	
40-17	9965-9967	to	_	_	_	
40-18	9968-9972	look	_	_	_	
40-19	9973-9975	at	_	_	_	
40-20	9976-9979	and	_	_	_	
40-21	9980-9984	that	_	_	_	
40-22	9985-9989	even	_	_	_	
40-23	9990-9996	youths	_	_	_	
40-24	9997-10000	may	_	_	_	
40-25	10001-10004	not	_	_	_	
40-26	10005-10008	see	_	_	_	
40-27	10009-10013	till	_	_	_	
40-28	10014-10018	they	_	_	_	
40-29	10019-10023	have	_	_	_	
40-30	10024-10028	been	_	_	_	
40-31	10029-10038	subjected	_	_	_	
40-32	10039-10041	to	_	_	_	
40-33	10042-10049	fasting	_	_	_	
40-34	10050-10053	and	_	_	_	
40-35	10054-10063	scourging	_	_	_	
40-36	10063-10064	,	_	_	_	
40-37	10065-10068	and	_	_	_	
40-38	10069-10072	the	_	_	_	
40-39	10073-10080	earthen	_	_	_	
40-40	10081-10085	jars	_	_	_	
40-41	10086-10088	of	_	_	_	
40-42	10089-10092	the	_	_	_	
40-43	10093-10102	Peruvians	_	_	_	
40-44	10103-10107	that	_	_	_	
40-45	10108-10112	have	_	_	_	
40-46	10113-10116	the	_	_	_	
40-47	10117-10123	shrill	_	_	_	
40-48	10124-10129	cries	_	_	_	
40-49	10130-10132	of	_	_	_	
40-50	10133-10138	birds	_	_	_	
40-51	10138-10139	,	_	_	_	
40-52	10140-10143	and	_	_	_	
40-53	10144-10150	flutes	_	_	_	
40-54	10151-10153	of	_	_	_	
40-55	10154-10159	human	_	_	_	
40-56	10160-10165	bones	_	_	_	
40-57	10166-10170	such	_	_	_	
40-58	10171-10173	as	_	_	_	
40-59	10174-10181	Alfonso	_	_	_	
40-60	10182-10184	de	_	_	_	
40-61	10185-10191	Ovalle	_	_	_	
40-62	10192-10197	heard	_	_	_	
40-63	10198-10200	in	_	_	_	
40-64	10201-10206	Chile	_	_	_	
40-65	10206-10207	,	_	_	_	
40-66	10208-10211	and	_	_	_	
40-67	10212-10215	the	_	_	_	
40-68	10216-10224	sonorous	_	_	_	
40-69	10225-10230	green	_	_	_	
40-70	10231-10238	jaspers	_	_	_	
40-71	10239-10243	that	_	_	_	
40-72	10244-10247	are	_	_	_	
40-73	10248-10253	found	_	_	_	
40-74	10254-10258	near	_	_	_	
40-75	10259-10264	Cuzco	_	_	_	
40-76	10265-10268	and	_	_	_	
40-77	10269-10273	give	_	_	_	
40-78	10274-10279	forth	_	_	_	
40-79	10280-10281	a	_	_	_	
40-80	10282-10286	note	_	_	_	
40-81	10287-10289	of	_	_	_	
40-82	10290-10298	singular	_	_	_	
40-83	10299-10308	sweetness	_	_	_	
40-84	10308-10309	.	_	_	_	

#Text=He had painted gourds filled with pebbles that rattled when they were shaken; the long clarin of the Mexicans, into which the performer does not blow, but through which he inhales the air; the harsh ture of the Amazon tribes, that is sounded by the sentinels who sit all day long in high trees, and can be heard, it is said, at a distance of three leagues; the teponaztli, that has two vibrating tongues of wood and is beaten with sticks that are smeared with an elastic gum obtained from the milky juice of plants; the yotl-bells of the Aztecs, that are hung in clusters like grapes; and a huge cylindrical drum, covered with the skins of great serpents, like the one that Bernal Diaz saw when he went with Cortes into the Mexican temple, and of whose doleful sound he has left us so vivid a description.
41-1	10310-10312	He	_	_	_	
41-2	10313-10316	had	_	_	_	
41-3	10317-10324	painted	_	_	_	
41-4	10325-10331	gourds	_	_	_	
41-5	10332-10338	filled	_	_	_	
41-6	10339-10343	with	_	_	_	
41-7	10344-10351	pebbles	_	_	_	
41-8	10352-10356	that	_	_	_	
41-9	10357-10364	rattled	_	_	_	
41-10	10365-10369	when	_	_	_	
41-11	10370-10374	they	_	_	_	
41-12	10375-10379	were	_	_	_	
41-13	10380-10386	shaken	_	_	_	
41-14	10386-10387	;	_	_	_	
41-15	10388-10391	the	_	_	_	
41-16	10392-10396	long	_	_	_	
41-17	10397-10403	clarin	_	_	_	
41-18	10404-10406	of	_	_	_	
41-19	10407-10410	the	_	_	_	
41-20	10411-10419	Mexicans	_	_	_	
41-21	10419-10420	,	_	_	_	
41-22	10421-10425	into	_	_	_	
41-23	10426-10431	which	_	_	_	
41-24	10432-10435	the	_	_	_	
41-25	10436-10445	performer	_	_	_	
41-26	10446-10450	does	_	_	_	
41-27	10451-10454	not	_	_	_	
41-28	10455-10459	blow	_	_	_	
41-29	10459-10460	,	_	_	_	
41-30	10461-10464	but	_	_	_	
41-31	10465-10472	through	_	_	_	
41-32	10473-10478	which	_	_	_	
41-33	10479-10481	he	_	_	_	
41-34	10482-10489	inhales	_	_	_	
41-35	10490-10493	the	_	_	_	
41-36	10494-10497	air	_	_	_	
41-37	10497-10498	;	_	_	_	
41-38	10499-10502	the	_	_	_	
41-39	10503-10508	harsh	_	_	_	
41-40	10509-10513	ture	_	_	_	
41-41	10514-10516	of	_	_	_	
41-42	10517-10520	the	_	_	_	
41-43	10521-10527	Amazon	_	_	_	
41-44	10528-10534	tribes	_	_	_	
41-45	10534-10535	,	_	_	_	
41-46	10536-10540	that	_	_	_	
41-47	10541-10543	is	_	_	_	
41-48	10544-10551	sounded	_	_	_	
41-49	10552-10554	by	_	_	_	
41-50	10555-10558	the	_	_	_	
41-51	10559-10568	sentinels	_	_	_	
41-52	10569-10572	who	_	_	_	
41-53	10573-10576	sit	_	_	_	
41-54	10577-10580	all	_	_	_	
41-55	10581-10584	day	_	_	_	
41-56	10585-10589	long	_	_	_	
41-57	10590-10592	in	_	_	_	
41-58	10593-10597	high	_	_	_	
41-59	10598-10603	trees	_	_	_	
41-60	10603-10604	,	_	_	_	
41-61	10605-10608	and	_	_	_	
41-62	10609-10612	can	_	_	_	
41-63	10613-10615	be	_	_	_	
41-64	10616-10621	heard	_	_	_	
41-65	10621-10622	,	_	_	_	
41-66	10623-10625	it	_	_	_	
41-67	10626-10628	is	_	_	_	
41-68	10629-10633	said	_	_	_	
41-69	10633-10634	,	_	_	_	
41-70	10635-10637	at	_	_	_	
41-71	10638-10639	a	_	_	_	
41-72	10640-10648	distance	_	_	_	
41-73	10649-10651	of	_	_	_	
41-74	10652-10657	three	_	_	_	
41-75	10658-10665	leagues	_	_	_	
41-76	10665-10666	;	_	_	_	
41-77	10667-10670	the	_	_	_	
41-78	10671-10681	teponaztli	_	_	_	
41-79	10681-10682	,	_	_	_	
41-80	10683-10687	that	_	_	_	
41-81	10688-10691	has	_	_	_	
41-82	10692-10695	two	_	_	_	
41-83	10696-10705	vibrating	_	_	_	
41-84	10706-10713	tongues	_	_	_	
41-85	10714-10716	of	_	_	_	
41-86	10717-10721	wood	_	_	_	
41-87	10722-10725	and	_	_	_	
41-88	10726-10728	is	_	_	_	
41-89	10729-10735	beaten	_	_	_	
41-90	10736-10740	with	_	_	_	
41-91	10741-10747	sticks	_	_	_	
41-92	10748-10752	that	_	_	_	
41-93	10753-10756	are	_	_	_	
41-94	10757-10764	smeared	_	_	_	
41-95	10765-10769	with	_	_	_	
41-96	10770-10772	an	_	_	_	
41-97	10773-10780	elastic	_	_	_	
41-98	10781-10784	gum	_	_	_	
41-99	10785-10793	obtained	_	_	_	
41-100	10794-10798	from	_	_	_	
41-101	10799-10802	the	_	_	_	
41-102	10803-10808	milky	_	_	_	
41-103	10809-10814	juice	_	_	_	
41-104	10815-10817	of	_	_	_	
41-105	10818-10824	plants	_	_	_	
41-106	10824-10825	;	_	_	_	
41-107	10826-10829	the	_	_	_	
41-108	10830-10840	yotl-bells	_	_	_	
41-109	10841-10843	of	_	_	_	
41-110	10844-10847	the	_	_	_	
41-111	10848-10854	Aztecs	_	_	_	
41-112	10854-10855	,	_	_	_	
41-113	10856-10860	that	_	_	_	
41-114	10861-10864	are	_	_	_	
41-115	10865-10869	hung	_	_	_	
41-116	10870-10872	in	_	_	_	
41-117	10873-10881	clusters	_	_	_	
41-118	10882-10886	like	_	_	_	
41-119	10887-10893	grapes	_	_	_	
41-120	10893-10894	;	_	_	_	
41-121	10895-10898	and	_	_	_	
41-122	10899-10900	a	_	_	_	
41-123	10901-10905	huge	_	_	_	
41-124	10906-10917	cylindrical	_	_	_	
41-125	10918-10922	drum	_	_	_	
41-126	10922-10923	,	_	_	_	
41-127	10924-10931	covered	_	_	_	
41-128	10932-10936	with	_	_	_	
41-129	10937-10940	the	_	_	_	
41-130	10941-10946	skins	_	_	_	
41-131	10947-10949	of	_	_	_	
41-132	10950-10955	great	_	_	_	
41-133	10956-10964	serpents	_	_	_	
41-134	10964-10965	,	_	_	_	
41-135	10966-10970	like	_	_	_	
41-136	10971-10974	the	_	_	_	
41-137	10975-10978	one	_	_	_	
41-138	10979-10983	that	_	_	_	
41-139	10984-10990	Bernal	_	_	_	
41-140	10991-10995	Diaz	_	_	_	
41-141	10996-10999	saw	_	_	_	
41-142	11000-11004	when	_	_	_	
41-143	11005-11007	he	_	_	_	
41-144	11008-11012	went	_	_	_	
41-145	11013-11017	with	_	_	_	
41-146	11018-11024	Cortes	_	_	_	
41-147	11025-11029	into	_	_	_	
41-148	11030-11033	the	_	_	_	
41-149	11034-11041	Mexican	_	_	_	
41-150	11042-11048	temple	_	_	_	
41-151	11048-11049	,	_	_	_	
41-152	11050-11053	and	_	_	_	
41-153	11054-11056	of	_	_	_	
41-154	11057-11062	whose	_	_	_	
41-155	11063-11070	doleful	_	_	_	
41-156	11071-11076	sound	_	_	_	
41-157	11077-11079	he	_	_	_	
41-158	11080-11083	has	_	_	_	
41-159	11084-11088	left	_	_	_	
41-160	11089-11091	us	_	_	_	
41-161	11092-11094	so	_	_	_	
41-162	11095-11100	vivid	_	_	_	
41-163	11101-11102	a	_	_	_	
41-164	11103-11114	description	_	_	_	
41-165	11114-11115	.	_	_	_	

#Text=The fantastic character of these instruments fascinated him, and he felt a curious delight in the thought that art, like Nature, has her monsters, things of bestial shape and with hideous voices.
42-1	11116-11119	The	_	_	_	
42-2	11120-11129	fantastic	_	_	_	
42-3	11130-11139	character	_	_	_	
42-4	11140-11142	of	_	_	_	
42-5	11143-11148	these	_	_	_	
42-6	11149-11160	instruments	_	_	_	
42-7	11161-11171	fascinated	_	_	_	
42-8	11172-11175	him	_	_	_	
42-9	11175-11176	,	_	_	_	
42-10	11177-11180	and	_	_	_	
42-11	11181-11183	he	_	_	_	
42-12	11184-11188	felt	_	_	_	
42-13	11189-11190	a	_	_	_	
42-14	11191-11198	curious	_	_	_	
42-15	11199-11206	delight	_	_	_	
42-16	11207-11209	in	_	_	_	
42-17	11210-11213	the	_	_	_	
42-18	11214-11221	thought	_	_	_	
42-19	11222-11226	that	_	_	_	
42-20	11227-11230	art	_	_	_	
42-21	11230-11231	,	_	_	_	
42-22	11232-11236	like	_	_	_	
42-23	11237-11243	Nature	_	_	_	
42-24	11243-11244	,	_	_	_	
42-25	11245-11248	has	_	_	_	
42-26	11249-11252	her	_	_	_	
42-27	11253-11261	monsters	_	_	_	
42-28	11261-11262	,	_	_	_	
42-29	11263-11269	things	_	_	_	
42-30	11270-11272	of	_	_	_	
42-31	11273-11280	bestial	_	_	_	
42-32	11281-11286	shape	_	_	_	
42-33	11287-11290	and	_	_	_	
42-34	11291-11295	with	_	_	_	
42-35	11296-11303	hideous	_	_	_	
42-36	11304-11310	voices	_	_	_	
42-37	11310-11311	.	_	_	_	

#Text=Yet, after some time, he wearied of them, and would sit in his box at the opera, either alone or with Lord Henry, listening in rapt pleasure to “Tannhauser” and seeing in the prelude to that great work of art a presentation of the tragedy of his own soul.
43-1	11312-11315	Yet	_	_	_	
43-2	11315-11316	,	_	_	_	
43-3	11317-11322	after	_	_	_	
43-4	11323-11327	some	_	_	_	
43-5	11328-11332	time	_	_	_	
43-6	11332-11333	,	_	_	_	
43-7	11334-11336	he	_	_	_	
43-8	11337-11344	wearied	_	_	_	
43-9	11345-11347	of	_	_	_	
43-10	11348-11352	them	_	_	_	
43-11	11352-11353	,	_	_	_	
43-12	11354-11357	and	_	_	_	
43-13	11358-11363	would	_	_	_	
43-14	11364-11367	sit	_	_	_	
43-15	11368-11370	in	_	_	_	
43-16	11371-11374	his	_	_	_	
43-17	11375-11378	box	_	_	_	
43-18	11379-11381	at	_	_	_	
43-19	11382-11385	the	_	_	_	
43-20	11386-11391	opera	_	_	_	
43-21	11391-11392	,	_	_	_	
43-22	11393-11399	either	_	_	_	
43-23	11400-11405	alone	_	_	_	
43-24	11406-11408	or	_	_	_	
43-25	11409-11413	with	_	_	_	
43-26	11414-11418	Lord	_	_	_	
43-27	11419-11424	Henry	_	_	_	
43-28	11424-11425	,	_	_	_	
43-29	11426-11435	listening	_	_	_	
43-30	11436-11438	in	_	_	_	
43-31	11439-11443	rapt	_	_	_	
43-32	11444-11452	pleasure	_	_	_	
43-33	11453-11455	to	_	_	_	
43-34	11456-11457	“	_	_	_	
43-35	11457-11467	Tannhauser	_	_	_	
43-36	11467-11468	”	_	_	_	
43-37	11469-11472	and	_	_	_	
43-38	11473-11479	seeing	_	_	_	
43-39	11480-11482	in	_	_	_	
43-40	11483-11486	the	_	_	_	
43-41	11487-11494	prelude	_	_	_	
43-42	11495-11497	to	_	_	_	
43-43	11498-11502	that	_	_	_	
43-44	11503-11508	great	_	_	_	
43-45	11509-11513	work	_	_	_	
43-46	11514-11516	of	_	_	_	
43-47	11517-11520	art	_	_	_	
43-48	11521-11522	a	_	_	_	
43-49	11523-11535	presentation	_	_	_	
43-50	11536-11538	of	_	_	_	
43-51	11539-11542	the	_	_	_	
43-52	11543-11550	tragedy	_	_	_	
43-53	11551-11553	of	_	_	_	
43-54	11554-11557	his	_	_	_	
43-55	11558-11561	own	_	_	_	
43-56	11562-11566	soul	_	_	_	
43-57	11566-11567	.	_	_	_	

#Text=On one occasion he took up the study of jewels, and appeared at a costume ball as Anne de Joyeuse, Admiral of France, in a dress covered with five hundred and sixty pearls.
44-1	11569-11571	On	_	_	_	
44-2	11572-11575	one	_	_	_	
44-3	11576-11584	occasion	_	_	_	
44-4	11585-11587	he	_	_	_	
44-5	11588-11592	took	_	_	_	
44-6	11593-11595	up	_	_	_	
44-7	11596-11599	the	_	_	_	
44-8	11600-11605	study	_	_	_	
44-9	11606-11608	of	_	_	_	
44-10	11609-11615	jewels	_	_	_	
44-11	11615-11616	,	_	_	_	
44-12	11617-11620	and	_	_	_	
44-13	11621-11629	appeared	_	_	_	
44-14	11630-11632	at	_	_	_	
44-15	11633-11634	a	_	_	_	
44-16	11635-11642	costume	_	_	_	
44-17	11643-11647	ball	_	_	_	
44-18	11648-11650	as	_	_	_	
44-19	11651-11655	Anne	_	_	_	
44-20	11656-11658	de	_	_	_	
44-21	11659-11666	Joyeuse	_	_	_	
44-22	11666-11667	,	_	_	_	
44-23	11668-11675	Admiral	_	_	_	
44-24	11676-11678	of	_	_	_	
44-25	11679-11685	France	_	_	_	
44-26	11685-11686	,	_	_	_	
44-27	11687-11689	in	_	_	_	
44-28	11690-11691	a	_	_	_	
44-29	11692-11697	dress	_	_	_	
44-30	11698-11705	covered	_	_	_	
44-31	11706-11710	with	_	_	_	
44-32	11711-11715	five	_	_	_	
44-33	11716-11723	hundred	_	_	_	
44-34	11724-11727	and	_	_	_	
44-35	11728-11733	sixty	_	_	_	
44-36	11734-11740	pearls	_	_	_	
44-37	11740-11741	.	_	_	_	

#Text=This taste enthralled him for years, and, indeed, may be said never to have left him.
45-1	11742-11746	This	_	_	_	
45-2	11747-11752	taste	_	_	_	
45-3	11753-11763	enthralled	_	_	_	
45-4	11764-11767	him	_	_	_	
45-5	11768-11771	for	_	_	_	
45-6	11772-11777	years	_	_	_	
45-7	11777-11778	,	_	_	_	
45-8	11779-11782	and	_	_	_	
45-9	11782-11783	,	_	_	_	
45-10	11784-11790	indeed	_	_	_	
45-11	11790-11791	,	_	_	_	
45-12	11792-11795	may	_	_	_	
45-13	11796-11798	be	_	_	_	
45-14	11799-11803	said	_	_	_	
45-15	11804-11809	never	_	_	_	
45-16	11810-11812	to	_	_	_	
45-17	11813-11817	have	_	_	_	
45-18	11818-11822	left	_	_	_	
45-19	11823-11826	him	_	_	_	
45-20	11826-11827	.	_	_	_	

#Text=He would often spend a whole day settling and resettling in their cases the various stones that he had collected, such as the olive-green chrysoberyl that turns red by lamplight, the cymophane with its wirelike line of silver, the pistachio-coloured peridot, rose-pink and wine-yellow topazes, carbuncles of fiery scarlet with tremulous, four-rayed stars, flame-red cinnamon-stones, orange and violet spinels, and amethysts with their alternate layers of ruby and sapphire.
46-1	11828-11830	He	_	_	_	
46-2	11831-11836	would	_	_	_	
46-3	11837-11842	often	_	_	_	
46-4	11843-11848	spend	_	_	_	
46-5	11849-11850	a	_	_	_	
46-6	11851-11856	whole	_	_	_	
46-7	11857-11860	day	_	_	_	
46-8	11861-11869	settling	_	_	_	
46-9	11870-11873	and	_	_	_	
46-10	11874-11884	resettling	_	_	_	
46-11	11885-11887	in	_	_	_	
46-12	11888-11893	their	_	_	_	
46-13	11894-11899	cases	_	_	_	
46-14	11900-11903	the	_	_	_	
46-15	11904-11911	various	_	_	_	
46-16	11912-11918	stones	_	_	_	
46-17	11919-11923	that	_	_	_	
46-18	11924-11926	he	_	_	_	
46-19	11927-11930	had	_	_	_	
46-20	11931-11940	collected	_	_	_	
46-21	11940-11941	,	_	_	_	
46-22	11942-11946	such	_	_	_	
46-23	11947-11949	as	_	_	_	
46-24	11950-11953	the	_	_	_	
46-25	11954-11965	olive-green	_	_	_	
46-26	11966-11977	chrysoberyl	_	_	_	
46-27	11978-11982	that	_	_	_	
46-28	11983-11988	turns	_	_	_	
46-29	11989-11992	red	_	_	_	
46-30	11993-11995	by	_	_	_	
46-31	11996-12005	lamplight	_	_	_	
46-32	12005-12006	,	_	_	_	
46-33	12007-12010	the	_	_	_	
46-34	12011-12020	cymophane	_	_	_	
46-35	12021-12025	with	_	_	_	
46-36	12026-12029	its	_	_	_	
46-37	12030-12038	wirelike	_	_	_	
46-38	12039-12043	line	_	_	_	
46-39	12044-12046	of	_	_	_	
46-40	12047-12053	silver	_	_	_	
46-41	12053-12054	,	_	_	_	
46-42	12055-12058	the	_	_	_	
46-43	12059-12077	pistachio-coloured	_	_	_	
46-44	12078-12085	peridot	_	_	_	
46-45	12085-12086	,	_	_	_	
46-46	12087-12096	rose-pink	_	_	_	
46-47	12097-12100	and	_	_	_	
46-48	12101-12112	wine-yellow	_	_	_	
46-49	12113-12120	topazes	_	_	_	
46-50	12120-12121	,	_	_	_	
46-51	12122-12132	carbuncles	_	_	_	
46-52	12133-12135	of	_	_	_	
46-53	12136-12141	fiery	_	_	_	
46-54	12142-12149	scarlet	_	_	_	
46-55	12150-12154	with	_	_	_	
46-56	12155-12164	tremulous	_	_	_	
46-57	12164-12165	,	_	_	_	
46-58	12166-12176	four-rayed	_	_	_	
46-59	12177-12182	stars	_	_	_	
46-60	12182-12183	,	_	_	_	
46-61	12184-12193	flame-red	_	_	_	
46-62	12194-12209	cinnamon-stones	_	_	_	
46-63	12209-12210	,	_	_	_	
46-64	12211-12217	orange	_	_	_	
46-65	12218-12221	and	_	_	_	
46-66	12222-12228	violet	_	_	_	
46-67	12229-12236	spinels	_	_	_	
46-68	12236-12237	,	_	_	_	
46-69	12238-12241	and	_	_	_	
46-70	12242-12251	amethysts	_	_	_	
46-71	12252-12256	with	_	_	_	
46-72	12257-12262	their	_	_	_	
46-73	12263-12272	alternate	_	_	_	
46-74	12273-12279	layers	_	_	_	
46-75	12280-12282	of	_	_	_	
46-76	12283-12287	ruby	_	_	_	
46-77	12288-12291	and	_	_	_	
46-78	12292-12300	sapphire	_	_	_	
46-79	12300-12301	.	_	_	_	

#Text=He loved the red gold of the sunstone, and the moonstone’s pearly whiteness, and the broken rainbow of the milky opal.
47-1	12302-12304	He	_	_	_	
47-2	12305-12310	loved	_	_	_	
47-3	12311-12314	the	_	_	_	
47-4	12315-12318	red	_	_	_	
47-5	12319-12323	gold	_	_	_	
47-6	12324-12326	of	_	_	_	
47-7	12327-12330	the	_	_	_	
47-8	12331-12339	sunstone	_	_	_	
47-9	12339-12340	,	_	_	_	
47-10	12341-12344	and	_	_	_	
47-11	12345-12348	the	_	_	_	
47-12	12349-12358	moonstone	_	_	_	
47-13	12358-12359	’	_	_	_	
47-14	12359-12360	s	_	_	_	
47-15	12361-12367	pearly	_	_	_	
47-16	12368-12377	whiteness	_	_	_	
47-17	12377-12378	,	_	_	_	
47-18	12379-12382	and	_	_	_	
47-19	12383-12386	the	_	_	_	
47-20	12387-12393	broken	_	_	_	
47-21	12394-12401	rainbow	_	_	_	
47-22	12402-12404	of	_	_	_	
47-23	12405-12408	the	_	_	_	
47-24	12409-12414	milky	_	_	_	
47-25	12415-12419	opal	_	_	_	
47-26	12419-12420	.	_	_	_	

#Text=He procured from Amsterdam three emeralds of extraordinary size and richness of colour, and had a turquoise de la vieille roche that was the envy of all the connoisseurs.
48-1	12421-12423	He	_	_	_	
48-2	12424-12432	procured	_	_	_	
48-3	12433-12437	from	_	_	_	
48-4	12438-12447	Amsterdam	_	_	_	
48-5	12448-12453	three	_	_	_	
48-6	12454-12462	emeralds	_	_	_	
48-7	12463-12465	of	_	_	_	
48-8	12466-12479	extraordinary	_	_	_	
48-9	12480-12484	size	_	_	_	
48-10	12485-12488	and	_	_	_	
48-11	12489-12497	richness	_	_	_	
48-12	12498-12500	of	_	_	_	
48-13	12501-12507	colour	_	_	_	
48-14	12507-12508	,	_	_	_	
48-15	12509-12512	and	_	_	_	
48-16	12513-12516	had	_	_	_	
48-17	12517-12518	a	_	_	_	
48-18	12519-12528	turquoise	_	_	_	
48-19	12529-12531	de	_	_	_	
48-20	12532-12534	la	_	_	_	
48-21	12535-12542	vieille	_	_	_	
48-22	12543-12548	roche	_	_	_	
48-23	12549-12553	that	_	_	_	
48-24	12554-12557	was	_	_	_	
48-25	12558-12561	the	_	_	_	
48-26	12562-12566	envy	_	_	_	
48-27	12567-12569	of	_	_	_	
48-28	12570-12573	all	_	_	_	
48-29	12574-12577	the	_	_	_	
48-30	12578-12590	connoisseurs	_	_	_	
48-31	12590-12591	.	_	_	_	
