#FORMAT=WebAnno TSV 3.3


#Text=For, while he was but too ready to accept the position that was almost immediately offered to him on his coming of age, and found, indeed, a subtle pleasure in the thought that he might really become to the London of his own day what to imperial Neronian Rome the author of the Satyricon once had been, yet in his inmost heart he desired to be something more than a mere arbiter elegantiarum, to be consulted on the wearing of a jewel, or the knotting of a necktie, or the conduct of a cane.
1-1	0-3	For	
1-2	3-4	,	
1-3	5-10	while	
1-4	11-13	he	
1-5	14-17	was	
1-6	18-21	but	
1-7	22-25	too	
1-8	26-31	ready	
1-9	32-34	to	
1-10	35-41	accept	
1-11	42-45	the	
1-12	46-54	position	
1-13	55-59	that	
1-14	60-63	was	
1-15	64-70	almost	
1-16	71-82	immediately	
1-17	83-90	offered	
1-18	91-93	to	
1-19	94-97	him	
1-20	98-100	on	
1-21	101-104	his	
1-22	105-111	coming	
1-23	112-114	of	
1-24	115-118	age	
1-25	118-119	,	
1-26	120-123	and	
1-27	124-129	found	
1-28	129-130	,	
1-29	131-137	indeed	
1-30	137-138	,	
1-31	139-140	a	
1-32	141-147	subtle	
1-33	148-156	pleasure	
1-34	157-159	in	
1-35	160-163	the	
1-36	164-171	thought	
1-37	172-176	that	
1-38	177-179	he	
1-39	180-185	might	
1-40	186-192	really	
1-41	193-199	become	
1-42	200-202	to	
1-43	203-206	the	
1-44	207-213	London	
1-45	214-216	of	
1-46	217-220	his	
1-47	221-224	own	
1-48	225-228	day	
1-49	229-233	what	
1-50	234-236	to	
1-51	237-245	imperial	
1-52	246-254	Neronian	
1-53	255-259	Rome	
1-54	260-263	the	
1-55	264-270	author	
1-56	271-273	of	
1-57	274-277	the	
1-58	278-287	Satyricon	
1-59	288-292	once	
1-60	293-296	had	
1-61	297-301	been	
1-62	301-302	,	
1-63	303-306	yet	
1-64	307-309	in	
1-65	310-313	his	
1-66	314-320	inmost	
1-67	321-326	heart	
1-68	327-329	he	
1-69	330-337	desired	
1-70	338-340	to	
1-71	341-343	be	
1-72	344-353	something	
1-73	354-358	more	
1-74	359-363	than	
1-75	364-365	a	
1-76	366-370	mere	
1-77	371-378	arbiter	
1-78	379-391	elegantiarum	
1-79	391-392	,	
1-80	393-395	to	
1-81	396-398	be	
1-82	399-408	consulted	
1-83	409-411	on	
1-84	412-415	the	
1-85	416-423	wearing	
1-86	424-426	of	
1-87	427-428	a	
1-88	429-434	jewel	
1-89	434-435	,	
1-90	436-438	or	
1-91	439-442	the	
1-92	443-451	knotting	
1-93	452-454	of	
1-94	455-456	a	
1-95	457-464	necktie	
1-96	464-465	,	
1-97	466-468	or	
1-98	469-472	the	
1-99	473-480	conduct	
1-100	481-483	of	
1-101	484-485	a	
1-102	486-490	cane	
1-103	490-491	.	

#Text=He sought to elaborate some new scheme of life that would have its reasoned philosophy and its ordered principles, and find in the spiritualizing of the senses its highest realization.
2-1	492-494	He	
2-2	495-501	sought	
2-3	502-504	to	
2-4	505-514	elaborate	
2-5	515-519	some	
2-6	520-523	new	
2-7	524-530	scheme	
2-8	531-533	of	
2-9	534-538	life	
2-10	539-543	that	
2-11	544-549	would	
2-12	550-554	have	
2-13	555-558	its	
2-14	559-567	reasoned	
2-15	568-578	philosophy	
2-16	579-582	and	
2-17	583-586	its	
2-18	587-594	ordered	
2-19	595-605	principles	
2-20	605-606	,	
2-21	607-610	and	
2-22	611-615	find	
2-23	616-618	in	
2-24	619-622	the	
2-25	623-637	spiritualizing	
2-26	638-640	of	
2-27	641-644	the	
2-28	645-651	senses	
2-29	652-655	its	
2-30	656-663	highest	
2-31	664-675	realization	
2-32	675-676	.	

#Text=The worship of the senses has often, and with much justice, been decried, men feeling a natural instinct of terror about passions and sensations that seem stronger than themselves, and that they are conscious of sharing with the less highly organized forms of existence.
3-1	678-681	The	
3-2	682-689	worship	
3-3	690-692	of	
3-4	693-696	the	
3-5	697-703	senses	
3-6	704-707	has	
3-7	708-713	often	
3-8	713-714	,	
3-9	715-718	and	
3-10	719-723	with	
3-11	724-728	much	
3-12	729-736	justice	
3-13	736-737	,	
3-14	738-742	been	
3-15	743-750	decried	
3-16	750-751	,	
3-17	752-755	men	
3-18	756-763	feeling	
3-19	764-765	a	
3-20	766-773	natural	
3-21	774-782	instinct	
3-22	783-785	of	
3-23	786-792	terror	
3-24	793-798	about	
3-25	799-807	passions	
3-26	808-811	and	
3-27	812-822	sensations	
3-28	823-827	that	
3-29	828-832	seem	
3-30	833-841	stronger	
3-31	842-846	than	
3-32	847-857	themselves	
3-33	857-858	,	
3-34	859-862	and	
3-35	863-867	that	
3-36	868-872	they	
3-37	873-876	are	
3-38	877-886	conscious	
3-39	887-889	of	
3-40	890-897	sharing	
3-41	898-902	with	
3-42	903-906	the	
3-43	907-911	less	
3-44	912-918	highly	
3-45	919-928	organized	
3-46	929-934	forms	
3-47	935-937	of	
3-48	938-947	existence	
3-49	947-948	.	

#Text=But it appeared to Dorian Gray that the true nature of the senses had never been understood, and that they had remained savage and animal merely because the world had sought to starve them into submission or to kill them by pain, instead of aiming at making them elements of a new spirituality, of which a fine instinct for beauty was to be the dominant characteristic.
4-1	949-952	But	
4-2	953-955	it	
4-3	956-964	appeared	
4-4	965-967	to	
4-5	968-974	Dorian	
4-6	975-979	Gray	
4-7	980-984	that	
4-8	985-988	the	
4-9	989-993	true	
4-10	994-1000	nature	
4-11	1001-1003	of	
4-12	1004-1007	the	
4-13	1008-1014	senses	
4-14	1015-1018	had	
4-15	1019-1024	never	
4-16	1025-1029	been	
4-17	1030-1040	understood	
4-18	1040-1041	,	
4-19	1042-1045	and	
4-20	1046-1050	that	
4-21	1051-1055	they	
4-22	1056-1059	had	
4-23	1060-1068	remained	
4-24	1069-1075	savage	
4-25	1076-1079	and	
4-26	1080-1086	animal	
4-27	1087-1093	merely	
4-28	1094-1101	because	
4-29	1102-1105	the	
4-30	1106-1111	world	
4-31	1112-1115	had	
4-32	1116-1122	sought	
4-33	1123-1125	to	
4-34	1126-1132	starve	
4-35	1133-1137	them	
4-36	1138-1142	into	
4-37	1143-1153	submission	
4-38	1154-1156	or	
4-39	1157-1159	to	
4-40	1160-1164	kill	
4-41	1165-1169	them	
4-42	1170-1172	by	
4-43	1173-1177	pain	
4-44	1177-1178	,	
4-45	1179-1186	instead	
4-46	1187-1189	of	
4-47	1190-1196	aiming	
4-48	1197-1199	at	
4-49	1200-1206	making	
4-50	1207-1211	them	
4-51	1212-1220	elements	
4-52	1221-1223	of	
4-53	1224-1225	a	
4-54	1226-1229	new	
4-55	1230-1242	spirituality	
4-56	1242-1243	,	
4-57	1244-1246	of	
4-58	1247-1252	which	
4-59	1253-1254	a	
4-60	1255-1259	fine	
4-61	1260-1268	instinct	
4-62	1269-1272	for	
4-63	1273-1279	beauty	
4-64	1280-1283	was	
4-65	1284-1286	to	
4-66	1287-1289	be	
4-67	1290-1293	the	
4-68	1294-1302	dominant	
4-69	1303-1317	characteristic	
4-70	1317-1318	.	

#Text=As he looked back upon man moving through history, he was haunted by a feeling of loss.
5-1	1319-1321	As	
5-2	1322-1324	he	
5-3	1325-1331	looked	
5-4	1332-1336	back	
5-5	1337-1341	upon	
5-6	1342-1345	man	
5-7	1346-1352	moving	
5-8	1353-1360	through	
5-9	1361-1368	history	
5-10	1368-1369	,	
5-11	1370-1372	he	
5-12	1373-1376	was	
5-13	1377-1384	haunted	
5-14	1385-1387	by	
5-15	1388-1389	a	
5-16	1390-1397	feeling	
5-17	1398-1400	of	
5-18	1401-1405	loss	
5-19	1405-1406	.	

#Text=So much had been surrendered!
6-1	1407-1409	So	
6-2	1410-1414	much	
6-3	1415-1418	had	
6-4	1419-1423	been	
6-5	1424-1435	surrendered	
6-6	1435-1436	!	

#Text=and to such little purpose!
7-1	1437-1440	and	
7-2	1441-1443	to	
7-3	1444-1448	such	
7-4	1449-1455	little	
7-5	1456-1463	purpose	
7-6	1463-1464	!	

#Text=There had been mad wilful rejections, monstrous forms of self-torture and self-denial, whose origin was fear and whose result was a degradation infinitely more terrible than that fancied degradation from which, in their ignorance, they had sought to escape; Nature, in her wonderful irony, driving out the anchorite to feed with the wild animals of the desert and giving to the hermit the beasts of the field as his companions.
8-1	1465-1470	There	
8-2	1471-1474	had	
8-3	1475-1479	been	
8-4	1480-1483	mad	
8-5	1484-1490	wilful	
8-6	1491-1501	rejections	
8-7	1501-1502	,	
8-8	1503-1512	monstrous	
8-9	1513-1518	forms	
8-10	1519-1521	of	
8-11	1522-1534	self-torture	
8-12	1535-1538	and	
8-13	1539-1550	self-denial	
8-14	1550-1551	,	
8-15	1552-1557	whose	
8-16	1558-1564	origin	
8-17	1565-1568	was	
8-18	1569-1573	fear	
8-19	1574-1577	and	
8-20	1578-1583	whose	
8-21	1584-1590	result	
8-22	1591-1594	was	
8-23	1595-1596	a	
8-24	1597-1608	degradation	
8-25	1609-1619	infinitely	
8-26	1620-1624	more	
8-27	1625-1633	terrible	
8-28	1634-1638	than	
8-29	1639-1643	that	
8-30	1644-1651	fancied	
8-31	1652-1663	degradation	
8-32	1664-1668	from	
8-33	1669-1674	which	
8-34	1674-1675	,	
8-35	1676-1678	in	
8-36	1679-1684	their	
8-37	1685-1694	ignorance	
8-38	1694-1695	,	
8-39	1696-1700	they	
8-40	1701-1704	had	
8-41	1705-1711	sought	
8-42	1712-1714	to	
8-43	1715-1721	escape	
8-44	1721-1722	;	
8-45	1723-1729	Nature	
8-46	1729-1730	,	
8-47	1731-1733	in	
8-48	1734-1737	her	
8-49	1738-1747	wonderful	
8-50	1748-1753	irony	
8-51	1753-1754	,	
8-52	1755-1762	driving	
8-53	1763-1766	out	
8-54	1767-1770	the	
8-55	1771-1780	anchorite	
8-56	1781-1783	to	
8-57	1784-1788	feed	
8-58	1789-1793	with	
8-59	1794-1797	the	
8-60	1798-1802	wild	
8-61	1803-1810	animals	
8-62	1811-1813	of	
8-63	1814-1817	the	
8-64	1818-1824	desert	
8-65	1825-1828	and	
8-66	1829-1835	giving	
8-67	1836-1838	to	
8-68	1839-1842	the	
8-69	1843-1849	hermit	
8-70	1850-1853	the	
8-71	1854-1860	beasts	
8-72	1861-1863	of	
8-73	1864-1867	the	
8-74	1868-1873	field	
8-75	1874-1876	as	
8-76	1877-1880	his	
8-77	1881-1891	companions	
8-78	1891-1892	.	

#Text=Yes: there was to be, as Lord Henry had prophesied, a new Hedonism that was to recreate life and to save it from that harsh uncomely puritanism that is having, in our own day, its curious revival.
9-1	1894-1897	Yes	
9-2	1897-1898	:	
9-3	1899-1904	there	
9-4	1905-1908	was	
9-5	1909-1911	to	
9-6	1912-1914	be	
9-7	1914-1915	,	
9-8	1916-1918	as	
9-9	1919-1923	Lord	
9-10	1924-1929	Henry	
9-11	1930-1933	had	
9-12	1934-1944	prophesied	
9-13	1944-1945	,	
9-14	1946-1947	a	
9-15	1948-1951	new	
9-16	1952-1960	Hedonism	
9-17	1961-1965	that	
9-18	1966-1969	was	
9-19	1970-1972	to	
9-20	1973-1981	recreate	
9-21	1982-1986	life	
9-22	1987-1990	and	
9-23	1991-1993	to	
9-24	1994-1998	save	
9-25	1999-2001	it	
9-26	2002-2006	from	
9-27	2007-2011	that	
9-28	2012-2017	harsh	
9-29	2018-2026	uncomely	
9-30	2027-2037	puritanism	
9-31	2038-2042	that	
9-32	2043-2045	is	
9-33	2046-2052	having	
9-34	2052-2053	,	
9-35	2054-2056	in	
9-36	2057-2060	our	
9-37	2061-2064	own	
9-38	2065-2068	day	
9-39	2068-2069	,	
9-40	2070-2073	its	
9-41	2074-2081	curious	
9-42	2082-2089	revival	
9-43	2089-2090	.	

#Text=It was to have its service of the intellect, certainly, yet it was never to accept any theory or system that would involve the sacrifice of any mode of passionate experience.
10-1	2091-2093	It	
10-2	2094-2097	was	
10-3	2098-2100	to	
10-4	2101-2105	have	
10-5	2106-2109	its	
10-6	2110-2117	service	
10-7	2118-2120	of	
10-8	2121-2124	the	
10-9	2125-2134	intellect	
10-10	2134-2135	,	
10-11	2136-2145	certainly	
10-12	2145-2146	,	
10-13	2147-2150	yet	
10-14	2151-2153	it	
10-15	2154-2157	was	
10-16	2158-2163	never	
10-17	2164-2166	to	
10-18	2167-2173	accept	
10-19	2174-2177	any	
10-20	2178-2184	theory	
10-21	2185-2187	or	
10-22	2188-2194	system	
10-23	2195-2199	that	
10-24	2200-2205	would	
10-25	2206-2213	involve	
10-26	2214-2217	the	
10-27	2218-2227	sacrifice	
10-28	2228-2230	of	
10-29	2231-2234	any	
10-30	2235-2239	mode	
10-31	2240-2242	of	
10-32	2243-2253	passionate	
10-33	2254-2264	experience	
10-34	2264-2265	.	

#Text=Its aim, indeed, was to be experience itself, and not the fruits of experience, sweet or bitter as they might be.
11-1	2266-2269	Its	
11-2	2270-2273	aim	
11-3	2273-2274	,	
11-4	2275-2281	indeed	
11-5	2281-2282	,	
11-6	2283-2286	was	
11-7	2287-2289	to	
11-8	2290-2292	be	
11-9	2293-2303	experience	
11-10	2304-2310	itself	
11-11	2310-2311	,	
11-12	2312-2315	and	
11-13	2316-2319	not	
11-14	2320-2323	the	
11-15	2324-2330	fruits	
11-16	2331-2333	of	
11-17	2334-2344	experience	
11-18	2344-2345	,	
11-19	2346-2351	sweet	
11-20	2352-2354	or	
11-21	2355-2361	bitter	
11-22	2362-2364	as	
11-23	2365-2369	they	
11-24	2370-2375	might	
11-25	2376-2378	be	
11-26	2378-2379	.	

#Text=Of the asceticism that deadens the senses, as of the vulgar profligacy that dulls them, it was to know nothing.
12-1	2380-2382	Of	
12-2	2383-2386	the	
12-3	2387-2397	asceticism	
12-4	2398-2402	that	
12-5	2403-2410	deadens	
12-6	2411-2414	the	
12-7	2415-2421	senses	
12-8	2421-2422	,	
12-9	2423-2425	as	
12-10	2426-2428	of	
12-11	2429-2432	the	
12-12	2433-2439	vulgar	
12-13	2440-2450	profligacy	
12-14	2451-2455	that	
12-15	2456-2461	dulls	
12-16	2462-2466	them	
12-17	2466-2467	,	
12-18	2468-2470	it	
12-19	2471-2474	was	
12-20	2475-2477	to	
12-21	2478-2482	know	
12-22	2483-2490	nothing	
12-23	2490-2491	.	

#Text=But it was to teach man to concentrate himself upon the moments of a life that is itself but a moment.
13-1	2492-2495	But	
13-2	2496-2498	it	
13-3	2499-2502	was	
13-4	2503-2505	to	
13-5	2506-2511	teach	
13-6	2512-2515	man	
13-7	2516-2518	to	
13-8	2519-2530	concentrate	
13-9	2531-2538	himself	
13-10	2539-2543	upon	
13-11	2544-2547	the	
13-12	2548-2555	moments	
13-13	2556-2558	of	
13-14	2559-2560	a	
13-15	2561-2565	life	
13-16	2566-2570	that	
13-17	2571-2573	is	
13-18	2574-2580	itself	
13-19	2581-2584	but	
13-20	2585-2586	a	
13-21	2587-2593	moment	
13-22	2593-2594	.	

#Text=There are few of us who have not sometimes wakened before dawn, either after one of those dreamless nights that make us almost enamoured of death, or one of those nights of horror and misshapen joy, when through the chambers of the brain sweep phantoms more terrible than reality itself, and instinct with that vivid life that lurks in all grotesques, and that lends to Gothic art its enduring vitality, this art being, one might fancy, especially the art of those whose minds have been troubled with the malady of reverie.
14-1	2596-2601	There	
14-2	2602-2605	are	
14-3	2606-2609	few	
14-4	2610-2612	of	
14-5	2613-2615	us	
14-6	2616-2619	who	
14-7	2620-2624	have	
14-8	2625-2628	not	
14-9	2629-2638	sometimes	
14-10	2639-2646	wakened	
14-11	2647-2653	before	
14-12	2654-2658	dawn	
14-13	2658-2659	,	
14-14	2660-2666	either	
14-15	2667-2672	after	
14-16	2673-2676	one	
14-17	2677-2679	of	
14-18	2680-2685	those	
14-19	2686-2695	dreamless	
14-20	2696-2702	nights	
14-21	2703-2707	that	
14-22	2708-2712	make	
14-23	2713-2715	us	
14-24	2716-2722	almost	
14-25	2723-2732	enamoured	
14-26	2733-2735	of	
14-27	2736-2741	death	
14-28	2741-2742	,	
14-29	2743-2745	or	
14-30	2746-2749	one	
14-31	2750-2752	of	
14-32	2753-2758	those	
14-33	2759-2765	nights	
14-34	2766-2768	of	
14-35	2769-2775	horror	
14-36	2776-2779	and	
14-37	2780-2789	misshapen	
14-38	2790-2793	joy	
14-39	2793-2794	,	
14-40	2795-2799	when	
14-41	2800-2807	through	
14-42	2808-2811	the	
14-43	2812-2820	chambers	
14-44	2821-2823	of	
14-45	2824-2827	the	
14-46	2828-2833	brain	
14-47	2834-2839	sweep	
14-48	2840-2848	phantoms	
14-49	2849-2853	more	
14-50	2854-2862	terrible	
14-51	2863-2867	than	
14-52	2868-2875	reality	
14-53	2876-2882	itself	
14-54	2882-2883	,	
14-55	2884-2887	and	
14-56	2888-2896	instinct	
14-57	2897-2901	with	
14-58	2902-2906	that	
14-59	2907-2912	vivid	
14-60	2913-2917	life	
14-61	2918-2922	that	
14-62	2923-2928	lurks	
14-63	2929-2931	in	
14-64	2932-2935	all	
14-65	2936-2946	grotesques	
14-66	2946-2947	,	
14-67	2948-2951	and	
14-68	2952-2956	that	
14-69	2957-2962	lends	
14-70	2963-2965	to	
14-71	2966-2972	Gothic	
14-72	2973-2976	art	
14-73	2977-2980	its	
14-74	2981-2989	enduring	
14-75	2990-2998	vitality	
14-76	2998-2999	,	
14-77	3000-3004	this	
14-78	3005-3008	art	
14-79	3009-3014	being	
14-80	3014-3015	,	
14-81	3016-3019	one	
14-82	3020-3025	might	
14-83	3026-3031	fancy	
14-84	3031-3032	,	
14-85	3033-3043	especially	
14-86	3044-3047	the	
14-87	3048-3051	art	
14-88	3052-3054	of	
14-89	3055-3060	those	
14-90	3061-3066	whose	
14-91	3067-3072	minds	
14-92	3073-3077	have	
14-93	3078-3082	been	
14-94	3083-3091	troubled	
14-95	3092-3096	with	
14-96	3097-3100	the	
14-97	3101-3107	malady	
14-98	3108-3110	of	
14-99	3111-3118	reverie	
14-100	3118-3119	.	

#Text=Gradually white fingers creep through the curtains, and they appear to tremble.
15-1	3120-3129	Gradually	
15-2	3130-3135	white	
15-3	3136-3143	fingers	
15-4	3144-3149	creep	
15-5	3150-3157	through	
15-6	3158-3161	the	
15-7	3162-3170	curtains	
15-8	3170-3171	,	
15-9	3172-3175	and	
15-10	3176-3180	they	
15-11	3181-3187	appear	
15-12	3188-3190	to	
15-13	3191-3198	tremble	
15-14	3198-3199	.	

#Text=In black fantastic shapes, dumb shadows crawl into the corners of the room and crouch there.
16-1	3200-3202	In	
16-2	3203-3208	black	
16-3	3209-3218	fantastic	
16-4	3219-3225	shapes	
16-5	3225-3226	,	
16-6	3227-3231	dumb	
16-7	3232-3239	shadows	
16-8	3240-3245	crawl	
16-9	3246-3250	into	
16-10	3251-3254	the	
16-11	3255-3262	corners	
16-12	3263-3265	of	
16-13	3266-3269	the	
16-14	3270-3274	room	
16-15	3275-3278	and	
16-16	3279-3285	crouch	
16-17	3286-3291	there	
16-18	3291-3292	.	

#Text=Outside, there is the stirring of birds among the leaves, or the sound of men going forth to their work, or the sigh and sob of the wind coming down from the hills and wandering round the silent house, as though it feared to wake the sleepers and yet must needs call forth sleep from her purple cave.
17-1	3293-3300	Outside	
17-2	3300-3301	,	
17-3	3302-3307	there	
17-4	3308-3310	is	
17-5	3311-3314	the	
17-6	3315-3323	stirring	
17-7	3324-3326	of	
17-8	3327-3332	birds	
17-9	3333-3338	among	
17-10	3339-3342	the	
17-11	3343-3349	leaves	
17-12	3349-3350	,	
17-13	3351-3353	or	
17-14	3354-3357	the	
17-15	3358-3363	sound	
17-16	3364-3366	of	
17-17	3367-3370	men	
17-18	3371-3376	going	
17-19	3377-3382	forth	
17-20	3383-3385	to	
17-21	3386-3391	their	
17-22	3392-3396	work	
17-23	3396-3397	,	
17-24	3398-3400	or	
17-25	3401-3404	the	
17-26	3405-3409	sigh	
17-27	3410-3413	and	
17-28	3414-3417	sob	
17-29	3418-3420	of	
17-30	3421-3424	the	
17-31	3425-3429	wind	
17-32	3430-3436	coming	
17-33	3437-3441	down	
17-34	3442-3446	from	
17-35	3447-3450	the	
17-36	3451-3456	hills	
17-37	3457-3460	and	
17-38	3461-3470	wandering	
17-39	3471-3476	round	
17-40	3477-3480	the	
17-41	3481-3487	silent	
17-42	3488-3493	house	
17-43	3493-3494	,	
17-44	3495-3497	as	
17-45	3498-3504	though	
17-46	3505-3507	it	
17-47	3508-3514	feared	
17-48	3515-3517	to	
17-49	3518-3522	wake	
17-50	3523-3526	the	
17-51	3527-3535	sleepers	
17-52	3536-3539	and	
17-53	3540-3543	yet	
17-54	3544-3548	must	
17-55	3549-3554	needs	
17-56	3555-3559	call	
17-57	3560-3565	forth	
17-58	3566-3571	sleep	
17-59	3572-3576	from	
17-60	3577-3580	her	
17-61	3581-3587	purple	
17-62	3588-3592	cave	
17-63	3592-3593	.	

#Text=Veil after veil of thin dusky gauze is lifted, and by degrees the forms and colours of things are restored to them, and we watch the dawn remaking the world in its antique pattern.
18-1	3594-3598	Veil	
18-2	3599-3604	after	
18-3	3605-3609	veil	
18-4	3610-3612	of	
18-5	3613-3617	thin	
18-6	3618-3623	dusky	
18-7	3624-3629	gauze	
18-8	3630-3632	is	
18-9	3633-3639	lifted	
18-10	3639-3640	,	
18-11	3641-3644	and	
18-12	3645-3647	by	
18-13	3648-3655	degrees	
18-14	3656-3659	the	
18-15	3660-3665	forms	
18-16	3666-3669	and	
18-17	3670-3677	colours	
18-18	3678-3680	of	
18-19	3681-3687	things	
18-20	3688-3691	are	
18-21	3692-3700	restored	
18-22	3701-3703	to	
18-23	3704-3708	them	
18-24	3708-3709	,	
18-25	3710-3713	and	
18-26	3714-3716	we	
18-27	3717-3722	watch	
18-28	3723-3726	the	
18-29	3727-3731	dawn	
18-30	3732-3740	remaking	
18-31	3741-3744	the	
18-32	3745-3750	world	
18-33	3751-3753	in	
18-34	3754-3757	its	
18-35	3758-3765	antique	
18-36	3766-3773	pattern	
18-37	3773-3774	.	

#Text=The wan mirrors get back their mimic life.
19-1	3775-3778	The	
19-2	3779-3782	wan	
19-3	3783-3790	mirrors	
19-4	3791-3794	get	
19-5	3795-3799	back	
19-6	3800-3805	their	
19-7	3806-3811	mimic	
19-8	3812-3816	life	
19-9	3816-3817	.	

#Text=The flameless tapers stand where we had left them, and beside them lies the half-cut book that we had been studying, or the wired flower that we had worn at the ball, or the letter that we had been afraid to read, or that we had read too often.
20-1	3818-3821	The	
20-2	3822-3831	flameless	
20-3	3832-3838	tapers	
20-4	3839-3844	stand	
20-5	3845-3850	where	
20-6	3851-3853	we	
20-7	3854-3857	had	
20-8	3858-3862	left	
20-9	3863-3867	them	
20-10	3867-3868	,	
20-11	3869-3872	and	
20-12	3873-3879	beside	
20-13	3880-3884	them	
20-14	3885-3889	lies	
20-15	3890-3893	the	
20-16	3894-3902	half-cut	
20-17	3903-3907	book	
20-18	3908-3912	that	
20-19	3913-3915	we	
20-20	3916-3919	had	
20-21	3920-3924	been	
20-22	3925-3933	studying	
20-23	3933-3934	,	
20-24	3935-3937	or	
20-25	3938-3941	the	
20-26	3942-3947	wired	
20-27	3948-3954	flower	
20-28	3955-3959	that	
20-29	3960-3962	we	
20-30	3963-3966	had	
20-31	3967-3971	worn	
20-32	3972-3974	at	
20-33	3975-3978	the	
20-34	3979-3983	ball	
20-35	3983-3984	,	
20-36	3985-3987	or	
20-37	3988-3991	the	
20-38	3992-3998	letter	
20-39	3999-4003	that	
20-40	4004-4006	we	
20-41	4007-4010	had	
20-42	4011-4015	been	
20-43	4016-4022	afraid	
20-44	4023-4025	to	
20-45	4026-4030	read	
20-46	4030-4031	,	
20-47	4032-4034	or	
20-48	4035-4039	that	
20-49	4040-4042	we	
20-50	4043-4046	had	
20-51	4047-4051	read	
20-52	4052-4055	too	
20-53	4056-4061	often	
20-54	4061-4062	.	

#Text=Nothing seems to us changed.
21-1	4063-4070	Nothing	
21-2	4071-4076	seems	
21-3	4077-4079	to	
21-4	4080-4082	us	
21-5	4083-4090	changed	
21-6	4090-4091	.	

#Text=Out of the unreal shadows of the night comes back the real life that we had known.
22-1	4092-4095	Out	
22-2	4096-4098	of	
22-3	4099-4102	the	
22-4	4103-4109	unreal	
22-5	4110-4117	shadows	
22-6	4118-4120	of	
22-7	4121-4124	the	
22-8	4125-4130	night	
22-9	4131-4136	comes	
22-10	4137-4141	back	
22-11	4142-4145	the	
22-12	4146-4150	real	
22-13	4151-4155	life	
22-14	4156-4160	that	
22-15	4161-4163	we	
22-16	4164-4167	had	
22-17	4168-4173	known	
22-18	4173-4174	.	

#Text=We have to resume it where we had left off, and there steals over us a terrible sense of the necessity for the continuance of energy in the same wearisome round of stereotyped habits, or a wild longing, it may be, that our eyelids might open some morning upon a world that had been refashioned anew in the darkness for our pleasure, a world in which things would have fresh shapes and colours, and be changed, or have other secrets, a world in which the past would have little or no place, or survive, at any rate, in no conscious form of obligation or regret, the remembrance even of joy having its bitterness and the memories of pleasure their pain.
23-1	4175-4177	We	
23-2	4178-4182	have	
23-3	4183-4185	to	
23-4	4186-4192	resume	
23-5	4193-4195	it	
23-6	4196-4201	where	
23-7	4202-4204	we	
23-8	4205-4208	had	
23-9	4209-4213	left	
23-10	4214-4217	off	
23-11	4217-4218	,	
23-12	4219-4222	and	
23-13	4223-4228	there	
23-14	4229-4235	steals	
23-15	4236-4240	over	
23-16	4241-4243	us	
23-17	4244-4245	a	
23-18	4246-4254	terrible	
23-19	4255-4260	sense	
23-20	4261-4263	of	
23-21	4264-4267	the	
23-22	4268-4277	necessity	
23-23	4278-4281	for	
23-24	4282-4285	the	
23-25	4286-4297	continuance	
23-26	4298-4300	of	
23-27	4301-4307	energy	
23-28	4308-4310	in	
23-29	4311-4314	the	
23-30	4315-4319	same	
23-31	4320-4329	wearisome	
23-32	4330-4335	round	
23-33	4336-4338	of	
23-34	4339-4350	stereotyped	
23-35	4351-4357	habits	
23-36	4357-4358	,	
23-37	4359-4361	or	
23-38	4362-4363	a	
23-39	4364-4368	wild	
23-40	4369-4376	longing	
23-41	4376-4377	,	
23-42	4378-4380	it	
23-43	4381-4384	may	
23-44	4385-4387	be	
23-45	4387-4388	,	
23-46	4389-4393	that	
23-47	4394-4397	our	
23-48	4398-4405	eyelids	
23-49	4406-4411	might	
23-50	4412-4416	open	
23-51	4417-4421	some	
23-52	4422-4429	morning	
23-53	4430-4434	upon	
23-54	4435-4436	a	
23-55	4437-4442	world	
23-56	4443-4447	that	
23-57	4448-4451	had	
23-58	4452-4456	been	
23-59	4457-4468	refashioned	
23-60	4469-4473	anew	
23-61	4474-4476	in	
23-62	4477-4480	the	
23-63	4481-4489	darkness	
23-64	4490-4493	for	
23-65	4494-4497	our	
23-66	4498-4506	pleasure	
23-67	4506-4507	,	
23-68	4508-4509	a	
23-69	4510-4515	world	
23-70	4516-4518	in	
23-71	4519-4524	which	
23-72	4525-4531	things	
23-73	4532-4537	would	
23-74	4538-4542	have	
23-75	4543-4548	fresh	
23-76	4549-4555	shapes	
23-77	4556-4559	and	
23-78	4560-4567	colours	
23-79	4567-4568	,	
23-80	4569-4572	and	
23-81	4573-4575	be	
23-82	4576-4583	changed	
23-83	4583-4584	,	
23-84	4585-4587	or	
23-85	4588-4592	have	
23-86	4593-4598	other	
23-87	4599-4606	secrets	
23-88	4606-4607	,	
23-89	4608-4609	a	
23-90	4610-4615	world	
23-91	4616-4618	in	
23-92	4619-4624	which	
23-93	4625-4628	the	
23-94	4629-4633	past	
23-95	4634-4639	would	
23-96	4640-4644	have	
23-97	4645-4651	little	
23-98	4652-4654	or	
23-99	4655-4657	no	
23-100	4658-4663	place	
23-101	4663-4664	,	
23-102	4665-4667	or	
23-103	4668-4675	survive	
23-104	4675-4676	,	
23-105	4677-4679	at	
23-106	4680-4683	any	
23-107	4684-4688	rate	
23-108	4688-4689	,	
23-109	4690-4692	in	
23-110	4693-4695	no	
23-111	4696-4705	conscious	
23-112	4706-4710	form	
23-113	4711-4713	of	
23-114	4714-4724	obligation	
23-115	4725-4727	or	
23-116	4728-4734	regret	
23-117	4734-4735	,	
23-118	4736-4739	the	
23-119	4740-4751	remembrance	
23-120	4752-4756	even	
23-121	4757-4759	of	
23-122	4760-4763	joy	
23-123	4764-4770	having	
23-124	4771-4774	its	
23-125	4775-4785	bitterness	
23-126	4786-4789	and	
23-127	4790-4793	the	
23-128	4794-4802	memories	
23-129	4803-4805	of	
23-130	4806-4814	pleasure	
23-131	4815-4820	their	
23-132	4821-4825	pain	
23-133	4825-4826	.	

#Text=It was the creation of such worlds as these that seemed to Dorian Gray to be the true object, or amongst the true objects, of life; and in his search for sensations that would be at once new and delightful, and possess that element of strangeness that is so essential to romance, he would often adopt certain modes of thought that he knew to be really alien to his nature, abandon himself to their subtle influences, and then, having, as it were, caught their colour and satisfied his intellectual curiosity, leave them with that curious indifference that is not incompatible with a real ardour of temperament, and that, indeed, according to certain modern psychologists, is often a condition of it.
24-1	4828-4830	It	
24-2	4831-4834	was	
24-3	4835-4838	the	
24-4	4839-4847	creation	
24-5	4848-4850	of	
24-6	4851-4855	such	
24-7	4856-4862	worlds	
24-8	4863-4865	as	
24-9	4866-4871	these	
24-10	4872-4876	that	
24-11	4877-4883	seemed	
24-12	4884-4886	to	
24-13	4887-4893	Dorian	
24-14	4894-4898	Gray	
24-15	4899-4901	to	
24-16	4902-4904	be	
24-17	4905-4908	the	
24-18	4909-4913	true	
24-19	4914-4920	object	
24-20	4920-4921	,	
24-21	4922-4924	or	
24-22	4925-4932	amongst	
24-23	4933-4936	the	
24-24	4937-4941	true	
24-25	4942-4949	objects	
24-26	4949-4950	,	
24-27	4951-4953	of	
24-28	4954-4958	life	
24-29	4958-4959	;	
24-30	4960-4963	and	
24-31	4964-4966	in	
24-32	4967-4970	his	
24-33	4971-4977	search	
24-34	4978-4981	for	
24-35	4982-4992	sensations	
24-36	4993-4997	that	
24-37	4998-5003	would	
24-38	5004-5006	be	
24-39	5007-5009	at	
24-40	5010-5014	once	
24-41	5015-5018	new	
24-42	5019-5022	and	
24-43	5023-5033	delightful	
24-44	5033-5034	,	
24-45	5035-5038	and	
24-46	5039-5046	possess	
24-47	5047-5051	that	
24-48	5052-5059	element	
24-49	5060-5062	of	
24-50	5063-5074	strangeness	
24-51	5075-5079	that	
24-52	5080-5082	is	
24-53	5083-5085	so	
24-54	5086-5095	essential	
24-55	5096-5098	to	
24-56	5099-5106	romance	
24-57	5106-5107	,	
24-58	5108-5110	he	
24-59	5111-5116	would	
24-60	5117-5122	often	
24-61	5123-5128	adopt	
24-62	5129-5136	certain	
24-63	5137-5142	modes	
24-64	5143-5145	of	
24-65	5146-5153	thought	
24-66	5154-5158	that	
24-67	5159-5161	he	
24-68	5162-5166	knew	
24-69	5167-5169	to	
24-70	5170-5172	be	
24-71	5173-5179	really	
24-72	5180-5185	alien	
24-73	5186-5188	to	
24-74	5189-5192	his	
24-75	5193-5199	nature	
24-76	5199-5200	,	
24-77	5201-5208	abandon	
24-78	5209-5216	himself	
24-79	5217-5219	to	
24-80	5220-5225	their	
24-81	5226-5232	subtle	
24-82	5233-5243	influences	
24-83	5243-5244	,	
24-84	5245-5248	and	
24-85	5249-5253	then	
24-86	5253-5254	,	
24-87	5255-5261	having	
24-88	5261-5262	,	
24-89	5263-5265	as	
24-90	5266-5268	it	
24-91	5269-5273	were	
24-92	5273-5274	,	
24-93	5275-5281	caught	
24-94	5282-5287	their	
24-95	5288-5294	colour	
24-96	5295-5298	and	
24-97	5299-5308	satisfied	
24-98	5309-5312	his	
24-99	5313-5325	intellectual	
24-100	5326-5335	curiosity	
24-101	5335-5336	,	
24-102	5337-5342	leave	
24-103	5343-5347	them	
24-104	5348-5352	with	
24-105	5353-5357	that	
24-106	5358-5365	curious	
24-107	5366-5378	indifference	
24-108	5379-5383	that	
24-109	5384-5386	is	
24-110	5387-5390	not	
24-111	5391-5403	incompatible	
24-112	5404-5408	with	
24-113	5409-5410	a	
24-114	5411-5415	real	
24-115	5416-5422	ardour	
24-116	5423-5425	of	
24-117	5426-5437	temperament	
24-118	5437-5438	,	
24-119	5439-5442	and	
24-120	5443-5447	that	
24-121	5447-5448	,	
24-122	5449-5455	indeed	
24-123	5455-5456	,	
24-124	5457-5466	according	
24-125	5467-5469	to	
24-126	5470-5477	certain	
24-127	5478-5484	modern	
24-128	5485-5498	psychologists	
24-129	5498-5499	,	
24-130	5500-5502	is	
24-131	5503-5508	often	
24-132	5509-5510	a	
24-133	5511-5520	condition	
24-134	5521-5523	of	
24-135	5524-5526	it	
24-136	5526-5527	.	

#Text=It was rumoured of him once that he was about to join the Roman Catholic communion, and certainly the Roman ritual had always a great attraction for him.
25-1	5529-5531	It	
25-2	5532-5535	was	
25-3	5536-5544	rumoured	
25-4	5545-5547	of	
25-5	5548-5551	him	
25-6	5552-5556	once	
25-7	5557-5561	that	
25-8	5562-5564	he	
25-9	5565-5568	was	
25-10	5569-5574	about	
25-11	5575-5577	to	
25-12	5578-5582	join	
25-13	5583-5586	the	
25-14	5587-5592	Roman	
25-15	5593-5601	Catholic	
25-16	5602-5611	communion	
25-17	5611-5612	,	
25-18	5613-5616	and	
25-19	5617-5626	certainly	
25-20	5627-5630	the	
25-21	5631-5636	Roman	
25-22	5637-5643	ritual	
25-23	5644-5647	had	
25-24	5648-5654	always	
25-25	5655-5656	a	
25-26	5657-5662	great	
25-27	5663-5673	attraction	
25-28	5674-5677	for	
25-29	5678-5681	him	
25-30	5681-5682	.	

#Text=The daily sacrifice, more awful really than all the sacrifices of the antique world, stirred him as much by its superb rejection of the evidence of the senses as by the primitive simplicity of its elements and the eternal pathos of the human tragedy that it sought to symbolize.
26-1	5683-5686	The	
26-2	5687-5692	daily	
26-3	5693-5702	sacrifice	
26-4	5702-5703	,	
26-5	5704-5708	more	
26-6	5709-5714	awful	
26-7	5715-5721	really	
26-8	5722-5726	than	
26-9	5727-5730	all	
26-10	5731-5734	the	
26-11	5735-5745	sacrifices	
26-12	5746-5748	of	
26-13	5749-5752	the	
26-14	5753-5760	antique	
26-15	5761-5766	world	
26-16	5766-5767	,	
26-17	5768-5775	stirred	
26-18	5776-5779	him	
26-19	5780-5782	as	
26-20	5783-5787	much	
26-21	5788-5790	by	
26-22	5791-5794	its	
26-23	5795-5801	superb	
26-24	5802-5811	rejection	
26-25	5812-5814	of	
26-26	5815-5818	the	
26-27	5819-5827	evidence	
26-28	5828-5830	of	
26-29	5831-5834	the	
26-30	5835-5841	senses	
26-31	5842-5844	as	
26-32	5845-5847	by	
26-33	5848-5851	the	
26-34	5852-5861	primitive	
26-35	5862-5872	simplicity	
26-36	5873-5875	of	
26-37	5876-5879	its	
26-38	5880-5888	elements	
26-39	5889-5892	and	
26-40	5893-5896	the	
26-41	5897-5904	eternal	
26-42	5905-5911	pathos	
26-43	5912-5914	of	
26-44	5915-5918	the	
26-45	5919-5924	human	
26-46	5925-5932	tragedy	
26-47	5933-5937	that	
26-48	5938-5940	it	
26-49	5941-5947	sought	
26-50	5948-5950	to	
26-51	5951-5960	symbolize	
26-52	5960-5961	.	

#Text=He loved to kneel down on the cold marble pavement and watch the priest, in his stiff flowered dalmatic, slowly and with white hands moving aside the veil of the tabernacle, or raising aloft the jewelled, lantern-shaped monstrance with that pallid wafer that at times, one would fain think, is indeed the “panis cælestis,” the bread of angels, or, robed in the garments of the Passion of Christ, breaking the Host into the chalice and smiting his breast for his sins.
27-1	5962-5964	He	
27-2	5965-5970	loved	
27-3	5971-5973	to	
27-4	5974-5979	kneel	
27-5	5980-5984	down	
27-6	5985-5987	on	
27-7	5988-5991	the	
27-8	5992-5996	cold	
27-9	5997-6003	marble	
27-10	6004-6012	pavement	
27-11	6013-6016	and	
27-12	6017-6022	watch	
27-13	6023-6026	the	
27-14	6027-6033	priest	
27-15	6033-6034	,	
27-16	6035-6037	in	
27-17	6038-6041	his	
27-18	6042-6047	stiff	
27-19	6048-6056	flowered	
27-20	6057-6065	dalmatic	
27-21	6065-6066	,	
27-22	6067-6073	slowly	
27-23	6074-6077	and	
27-24	6078-6082	with	
27-25	6083-6088	white	
27-26	6089-6094	hands	
27-27	6095-6101	moving	
27-28	6102-6107	aside	
27-29	6108-6111	the	
27-30	6112-6116	veil	
27-31	6117-6119	of	
27-32	6120-6123	the	
27-33	6124-6134	tabernacle	
27-34	6134-6135	,	
27-35	6136-6138	or	
27-36	6139-6146	raising	
27-37	6147-6152	aloft	
27-38	6153-6156	the	
27-39	6157-6165	jewelled	
27-40	6165-6166	,	
27-41	6167-6181	lantern-shaped	
27-42	6182-6192	monstrance	
27-43	6193-6197	with	
27-44	6198-6202	that	
27-45	6203-6209	pallid	
27-46	6210-6215	wafer	
27-47	6216-6220	that	
27-48	6221-6223	at	
27-49	6224-6229	times	
27-50	6229-6230	,	
27-51	6231-6234	one	
27-52	6235-6240	would	
27-53	6241-6245	fain	
27-54	6246-6251	think	
27-55	6251-6252	,	
27-56	6253-6255	is	
27-57	6256-6262	indeed	
27-58	6263-6266	the	
27-59	6267-6268	“	
27-60	6268-6273	panis	
27-61	6274-6282	cælestis	
27-62	6282-6283	,	
27-63	6283-6284	”	
27-64	6285-6288	the	
27-65	6289-6294	bread	
27-66	6295-6297	of	
27-67	6298-6304	angels	
27-68	6304-6305	,	
27-69	6306-6308	or	
27-70	6308-6309	,	
27-71	6310-6315	robed	
27-72	6316-6318	in	
27-73	6319-6322	the	
27-74	6323-6331	garments	
27-75	6332-6334	of	
27-76	6335-6338	the	
27-77	6339-6346	Passion	
27-78	6347-6349	of	
27-79	6350-6356	Christ	
27-80	6356-6357	,	
27-81	6358-6366	breaking	
27-82	6367-6370	the	
27-83	6371-6375	Host	
27-84	6376-6380	into	
27-85	6381-6384	the	
27-86	6385-6392	chalice	
27-87	6393-6396	and	
27-88	6397-6404	smiting	
27-89	6405-6408	his	
27-90	6409-6415	breast	
27-91	6416-6419	for	
27-92	6420-6423	his	
27-93	6424-6428	sins	
27-94	6428-6429	.	

#Text=The fuming censers that the grave boys, in their lace and scarlet, tossed into the air like great gilt flowers had their subtle fascination for him.
28-1	6430-6433	The	
28-2	6434-6440	fuming	
28-3	6441-6448	censers	
28-4	6449-6453	that	
28-5	6454-6457	the	
28-6	6458-6463	grave	
28-7	6464-6468	boys	
28-8	6468-6469	,	
28-9	6470-6472	in	
28-10	6473-6478	their	
28-11	6479-6483	lace	
28-12	6484-6487	and	
28-13	6488-6495	scarlet	
28-14	6495-6496	,	
28-15	6497-6503	tossed	
28-16	6504-6508	into	
28-17	6509-6512	the	
28-18	6513-6516	air	
28-19	6517-6521	like	
28-20	6522-6527	great	
28-21	6528-6532	gilt	
28-22	6533-6540	flowers	
28-23	6541-6544	had	
28-24	6545-6550	their	
28-25	6551-6557	subtle	
28-26	6558-6569	fascination	
28-27	6570-6573	for	
28-28	6574-6577	him	
28-29	6577-6578	.	

#Text=As he passed out, he used to look with wonder at the black confessionals and long to sit in the dim shadow of one of them and listen to men and women whispering through the worn grating the true story of their lives.
29-1	6579-6581	As	
29-2	6582-6584	he	
29-3	6585-6591	passed	
29-4	6592-6595	out	
29-5	6595-6596	,	
29-6	6597-6599	he	
29-7	6600-6604	used	
29-8	6605-6607	to	
29-9	6608-6612	look	
29-10	6613-6617	with	
29-11	6618-6624	wonder	
29-12	6625-6627	at	
29-13	6628-6631	the	
29-14	6632-6637	black	
29-15	6638-6651	confessionals	
29-16	6652-6655	and	
29-17	6656-6660	long	
29-18	6661-6663	to	
29-19	6664-6667	sit	
29-20	6668-6670	in	
29-21	6671-6674	the	
29-22	6675-6678	dim	
29-23	6679-6685	shadow	
29-24	6686-6688	of	
29-25	6689-6692	one	
29-26	6693-6695	of	
29-27	6696-6700	them	
29-28	6701-6704	and	
29-29	6705-6711	listen	
29-30	6712-6714	to	
29-31	6715-6718	men	
29-32	6719-6722	and	
29-33	6723-6728	women	
29-34	6729-6739	whispering	
29-35	6740-6747	through	
29-36	6748-6751	the	
29-37	6752-6756	worn	
29-38	6757-6764	grating	
29-39	6765-6768	the	
29-40	6769-6773	true	
29-41	6774-6779	story	
29-42	6780-6782	of	
29-43	6783-6788	their	
29-44	6789-6794	lives	
29-45	6794-6795	.	

#Text=But he never fell into the error of arresting his intellectual development by any formal acceptance of creed or system, or of mistaking, for a house in which to live, an inn that is but suitable for the sojourn of a night, or for a few hours of a night in which there are no stars and the moon is in travail.
30-1	6797-6800	But	
30-2	6801-6803	he	
30-3	6804-6809	never	
30-4	6810-6814	fell	
30-5	6815-6819	into	
30-6	6820-6823	the	
30-7	6824-6829	error	
30-8	6830-6832	of	
30-9	6833-6842	arresting	
30-10	6843-6846	his	
30-11	6847-6859	intellectual	
30-12	6860-6871	development	
30-13	6872-6874	by	
30-14	6875-6878	any	
30-15	6879-6885	formal	
30-16	6886-6896	acceptance	
30-17	6897-6899	of	
30-18	6900-6905	creed	
30-19	6906-6908	or	
30-20	6909-6915	system	
30-21	6915-6916	,	
30-22	6917-6919	or	
30-23	6920-6922	of	
30-24	6923-6932	mistaking	
30-25	6932-6933	,	
30-26	6934-6937	for	
30-27	6938-6939	a	
30-28	6940-6945	house	
30-29	6946-6948	in	
30-30	6949-6954	which	
30-31	6955-6957	to	
30-32	6958-6962	live	
30-33	6962-6963	,	
30-34	6964-6966	an	
30-35	6967-6970	inn	
30-36	6971-6975	that	
30-37	6976-6978	is	
30-38	6979-6982	but	
30-39	6983-6991	suitable	
30-40	6992-6995	for	
30-41	6996-6999	the	
30-42	7000-7007	sojourn	
30-43	7008-7010	of	
30-44	7011-7012	a	
30-45	7013-7018	night	
30-46	7018-7019	,	
30-47	7020-7022	or	
30-48	7023-7026	for	
30-49	7027-7028	a	
30-50	7029-7032	few	
30-51	7033-7038	hours	
30-52	7039-7041	of	
30-53	7042-7043	a	
30-54	7044-7049	night	
30-55	7050-7052	in	
30-56	7053-7058	which	
30-57	7059-7064	there	
30-58	7065-7068	are	
30-59	7069-7071	no	
30-60	7072-7077	stars	
30-61	7078-7081	and	
30-62	7082-7085	the	
30-63	7086-7090	moon	
30-64	7091-7093	is	
30-65	7094-7096	in	
30-66	7097-7104	travail	
30-67	7104-7105	.	

#Text=Mysticism, with its marvellous power of making common things strange to us, and the subtle antinomianism that always seems to accompany it, moved him for a season; and for a season he inclined to the materialistic doctrines of the Darwinismus movement in Germany, and found a curious pleasure in tracing the thoughts and passions of men to some pearly cell in the brain, or some white nerve in the body, delighting in the conception of the absolute dependence of the spirit on certain physical conditions, morbid or healthy, normal or diseased.
31-1	7106-7115	Mysticism	
31-2	7115-7116	,	
31-3	7117-7121	with	
31-4	7122-7125	its	
31-5	7126-7136	marvellous	
31-6	7137-7142	power	
31-7	7143-7145	of	
31-8	7146-7152	making	
31-9	7153-7159	common	
31-10	7160-7166	things	
31-11	7167-7174	strange	
31-12	7175-7177	to	
31-13	7178-7180	us	
31-14	7180-7181	,	
31-15	7182-7185	and	
31-16	7186-7189	the	
31-17	7190-7196	subtle	
31-18	7197-7210	antinomianism	
31-19	7211-7215	that	
31-20	7216-7222	always	
31-21	7223-7228	seems	
31-22	7229-7231	to	
31-23	7232-7241	accompany	
31-24	7242-7244	it	
31-25	7244-7245	,	
31-26	7246-7251	moved	
31-27	7252-7255	him	
31-28	7256-7259	for	
31-29	7260-7261	a	
31-30	7262-7268	season	
31-31	7268-7269	;	
31-32	7270-7273	and	
31-33	7274-7277	for	
31-34	7278-7279	a	
31-35	7280-7286	season	
31-36	7287-7289	he	
31-37	7290-7298	inclined	
31-38	7299-7301	to	
31-39	7302-7305	the	
31-40	7306-7319	materialistic	
31-41	7320-7329	doctrines	
31-42	7330-7332	of	
31-43	7333-7336	the	
31-44	7337-7348	Darwinismus	
31-45	7349-7357	movement	
31-46	7358-7360	in	
31-47	7361-7368	Germany	
31-48	7368-7369	,	
31-49	7370-7373	and	
31-50	7374-7379	found	
31-51	7380-7381	a	
31-52	7382-7389	curious	
31-53	7390-7398	pleasure	
31-54	7399-7401	in	
31-55	7402-7409	tracing	
31-56	7410-7413	the	
31-57	7414-7422	thoughts	
31-58	7423-7426	and	
31-59	7427-7435	passions	
31-60	7436-7438	of	
31-61	7439-7442	men	
31-62	7443-7445	to	
31-63	7446-7450	some	
31-64	7451-7457	pearly	
31-65	7458-7462	cell	
31-66	7463-7465	in	
31-67	7466-7469	the	
31-68	7470-7475	brain	
31-69	7475-7476	,	
31-70	7477-7479	or	
31-71	7480-7484	some	
31-72	7485-7490	white	
31-73	7491-7496	nerve	
31-74	7497-7499	in	
31-75	7500-7503	the	
31-76	7504-7508	body	
31-77	7508-7509	,	
31-78	7510-7520	delighting	
31-79	7521-7523	in	
31-80	7524-7527	the	
31-81	7528-7538	conception	
31-82	7539-7541	of	
31-83	7542-7545	the	
31-84	7546-7554	absolute	
31-85	7555-7565	dependence	
31-86	7566-7568	of	
31-87	7569-7572	the	
31-88	7573-7579	spirit	
31-89	7580-7582	on	
31-90	7583-7590	certain	
31-91	7591-7599	physical	
31-92	7600-7610	conditions	
31-93	7610-7611	,	
31-94	7612-7618	morbid	
31-95	7619-7621	or	
31-96	7622-7629	healthy	
31-97	7629-7630	,	
31-98	7631-7637	normal	
31-99	7638-7640	or	
31-100	7641-7649	diseased	
31-101	7649-7650	.	

#Text=Yet, as has been said of him before, no theory of life seemed to him to be of any importance compared with life itself.
32-1	7651-7654	Yet	
32-2	7654-7655	,	
32-3	7656-7658	as	
32-4	7659-7662	has	
32-5	7663-7667	been	
32-6	7668-7672	said	
32-7	7673-7675	of	
32-8	7676-7679	him	
32-9	7680-7686	before	
32-10	7686-7687	,	
32-11	7688-7690	no	
32-12	7691-7697	theory	
32-13	7698-7700	of	
32-14	7701-7705	life	
32-15	7706-7712	seemed	
32-16	7713-7715	to	
32-17	7716-7719	him	
32-18	7720-7722	to	
32-19	7723-7725	be	
32-20	7726-7728	of	
32-21	7729-7732	any	
32-22	7733-7743	importance	
32-23	7744-7752	compared	
32-24	7753-7757	with	
32-25	7758-7762	life	
32-26	7763-7769	itself	
32-27	7769-7770	.	

#Text=He felt keenly conscious of how barren all intellectual speculation is when separated from action and experiment.
33-1	7771-7773	He	
33-2	7774-7778	felt	
33-3	7779-7785	keenly	
33-4	7786-7795	conscious	
33-5	7796-7798	of	
33-6	7799-7802	how	
33-7	7803-7809	barren	
33-8	7810-7813	all	
33-9	7814-7826	intellectual	
33-10	7827-7838	speculation	
33-11	7839-7841	is	
33-12	7842-7846	when	
33-13	7847-7856	separated	
33-14	7857-7861	from	
33-15	7862-7868	action	
33-16	7869-7872	and	
33-17	7873-7883	experiment	
33-18	7883-7884	.	

#Text=He knew that the senses, no less than the soul, have their spiritual mysteries to reveal.
34-1	7885-7887	He	
34-2	7888-7892	knew	
34-3	7893-7897	that	
34-4	7898-7901	the	
34-5	7902-7908	senses	
34-6	7908-7909	,	
34-7	7910-7912	no	
34-8	7913-7917	less	
34-9	7918-7922	than	
34-10	7923-7926	the	
34-11	7927-7931	soul	
34-12	7931-7932	,	
34-13	7933-7937	have	
34-14	7938-7943	their	
34-15	7944-7953	spiritual	
34-16	7954-7963	mysteries	
34-17	7964-7966	to	
34-18	7967-7973	reveal	
34-19	7973-7974	.	

#Text=And so he would now study perfumes and the secrets of their manufacture, distilling heavily scented oils and burning odorous gums from the East.
35-1	7976-7979	And	
35-2	7980-7982	so	
35-3	7983-7985	he	
35-4	7986-7991	would	
35-5	7992-7995	now	
35-6	7996-8001	study	
35-7	8002-8010	perfumes	
35-8	8011-8014	and	
35-9	8015-8018	the	
35-10	8019-8026	secrets	
35-11	8027-8029	of	
35-12	8030-8035	their	
35-13	8036-8047	manufacture	
35-14	8047-8048	,	
35-15	8049-8059	distilling	
35-16	8060-8067	heavily	
35-17	8068-8075	scented	
35-18	8076-8080	oils	
35-19	8081-8084	and	
35-20	8085-8092	burning	
35-21	8093-8100	odorous	
35-22	8101-8105	gums	
35-23	8106-8110	from	
35-24	8111-8114	the	
35-25	8115-8119	East	
35-26	8119-8120	.	

#Text=He saw that there was no mood of the mind that had not its counterpart in the sensuous life, and set himself to discover their true relations, wondering what there was in frankincense that made one mystical, and in ambergris that stirred one’s passions, and in violets that woke the memory of dead romances, and in musk that troubled the brain, and in champak that stained the imagination; and seeking often to elaborate a real psychology of perfumes, and to estimate the several influences of sweet-smelling roots and scented, pollen-laden flowers; of aromatic balms and of dark and fragrant woods; of spikenard, that sickens; of hovenia, that makes men mad; and of aloes, that are said to be able to expel melancholy from the soul.
36-1	8121-8123	He	
36-2	8124-8127	saw	
36-3	8128-8132	that	
36-4	8133-8138	there	
36-5	8139-8142	was	
36-6	8143-8145	no	
36-7	8146-8150	mood	
36-8	8151-8153	of	
36-9	8154-8157	the	
36-10	8158-8162	mind	
36-11	8163-8167	that	
36-12	8168-8171	had	
36-13	8172-8175	not	
36-14	8176-8179	its	
36-15	8180-8191	counterpart	
36-16	8192-8194	in	
36-17	8195-8198	the	
36-18	8199-8207	sensuous	
36-19	8208-8212	life	
36-20	8212-8213	,	
36-21	8214-8217	and	
36-22	8218-8221	set	
36-23	8222-8229	himself	
36-24	8230-8232	to	
36-25	8233-8241	discover	
36-26	8242-8247	their	
36-27	8248-8252	true	
36-28	8253-8262	relations	
36-29	8262-8263	,	
36-30	8264-8273	wondering	
36-31	8274-8278	what	
36-32	8279-8284	there	
36-33	8285-8288	was	
36-34	8289-8291	in	
36-35	8292-8304	frankincense	
36-36	8305-8309	that	
36-37	8310-8314	made	
36-38	8315-8318	one	
36-39	8319-8327	mystical	
36-40	8327-8328	,	
36-41	8329-8332	and	
36-42	8333-8335	in	
36-43	8336-8345	ambergris	
36-44	8346-8350	that	
36-45	8351-8358	stirred	
36-46	8359-8362	one	
36-47	8362-8363	’	
36-48	8363-8364	s	
36-49	8365-8373	passions	
36-50	8373-8374	,	
36-51	8375-8378	and	
36-52	8379-8381	in	
36-53	8382-8389	violets	
36-54	8390-8394	that	
36-55	8395-8399	woke	
36-56	8400-8403	the	
36-57	8404-8410	memory	
36-58	8411-8413	of	
36-59	8414-8418	dead	
36-60	8419-8427	romances	
36-61	8427-8428	,	
36-62	8429-8432	and	
36-63	8433-8435	in	
36-64	8436-8440	musk	
36-65	8441-8445	that	
36-66	8446-8454	troubled	
36-67	8455-8458	the	
36-68	8459-8464	brain	
36-69	8464-8465	,	
36-70	8466-8469	and	
36-71	8470-8472	in	
36-72	8473-8480	champak	
36-73	8481-8485	that	
36-74	8486-8493	stained	
36-75	8494-8497	the	
36-76	8498-8509	imagination	
36-77	8509-8510	;	
36-78	8511-8514	and	
36-79	8515-8522	seeking	
36-80	8523-8528	often	
36-81	8529-8531	to	
36-82	8532-8541	elaborate	
36-83	8542-8543	a	
36-84	8544-8548	real	
36-85	8549-8559	psychology	
36-86	8560-8562	of	
36-87	8563-8571	perfumes	
36-88	8571-8572	,	
36-89	8573-8576	and	
36-90	8577-8579	to	
36-91	8580-8588	estimate	
36-92	8589-8592	the	
36-93	8593-8600	several	
36-94	8601-8611	influences	
36-95	8612-8614	of	
36-96	8615-8629	sweet-smelling	
36-97	8630-8635	roots	
36-98	8636-8639	and	
36-99	8640-8647	scented	
36-100	8647-8648	,	
36-101	8649-8661	pollen-laden	
36-102	8662-8669	flowers	
36-103	8669-8670	;	
36-104	8671-8673	of	
36-105	8674-8682	aromatic	
36-106	8683-8688	balms	
36-107	8689-8692	and	
36-108	8693-8695	of	
36-109	8696-8700	dark	
36-110	8701-8704	and	
36-111	8705-8713	fragrant	
36-112	8714-8719	woods	
36-113	8719-8720	;	
36-114	8721-8723	of	
36-115	8724-8733	spikenard	
36-116	8733-8734	,	
36-117	8735-8739	that	
36-118	8740-8747	sickens	
36-119	8747-8748	;	
36-120	8749-8751	of	
36-121	8752-8759	hovenia	
36-122	8759-8760	,	
36-123	8761-8765	that	
36-124	8766-8771	makes	
36-125	8772-8775	men	
36-126	8776-8779	mad	
36-127	8779-8780	;	
36-128	8781-8784	and	
36-129	8785-8787	of	
36-130	8788-8793	aloes	
36-131	8793-8794	,	
36-132	8795-8799	that	
36-133	8800-8803	are	
36-134	8804-8808	said	
36-135	8809-8811	to	
36-136	8812-8814	be	
36-137	8815-8819	able	
36-138	8820-8822	to	
36-139	8823-8828	expel	
36-140	8829-8839	melancholy	
36-141	8840-8844	from	
36-142	8845-8848	the	
36-143	8849-8853	soul	
36-144	8853-8854	.	

#Text=At another time he devoted himself entirely to music, and in a long latticed room, with a vermilion-and-gold ceiling and walls of olive-green lacquer, he used to give curious concerts in which mad gipsies tore wild music from little zithers, or grave, yellow-shawled Tunisians plucked at the strained strings of monstrous lutes, while grinning Negroes beat monotonously upon copper drums and, crouching upon scarlet mats, slim turbaned Indians blew through long pipes of reed or brass and charmed—or feigned to charm—great hooded snakes and horrible horned adders.
37-1	8856-8858	At	
37-2	8859-8866	another	
37-3	8867-8871	time	
37-4	8872-8874	he	
37-5	8875-8882	devoted	
37-6	8883-8890	himself	
37-7	8891-8899	entirely	
37-8	8900-8902	to	
37-9	8903-8908	music	
37-10	8908-8909	,	
37-11	8910-8913	and	
37-12	8914-8916	in	
37-13	8917-8918	a	
37-14	8919-8923	long	
37-15	8924-8932	latticed	
37-16	8933-8937	room	
37-17	8937-8938	,	
37-18	8939-8943	with	
37-19	8944-8945	a	
37-20	8946-8964	vermilion-and-gold	
37-21	8965-8972	ceiling	
37-22	8973-8976	and	
37-23	8977-8982	walls	
37-24	8983-8985	of	
37-25	8986-8997	olive-green	
37-26	8998-9005	lacquer	
37-27	9005-9006	,	
37-28	9007-9009	he	
37-29	9010-9014	used	
37-30	9015-9017	to	
37-31	9018-9022	give	
37-32	9023-9030	curious	
37-33	9031-9039	concerts	
37-34	9040-9042	in	
37-35	9043-9048	which	
37-36	9049-9052	mad	
37-37	9053-9060	gipsies	
37-38	9061-9065	tore	
37-39	9066-9070	wild	
37-40	9071-9076	music	
37-41	9077-9081	from	
37-42	9082-9088	little	
37-43	9089-9096	zithers	
37-44	9096-9097	,	
37-45	9098-9100	or	
37-46	9101-9106	grave	
37-47	9106-9107	,	
37-48	9108-9122	yellow-shawled	
37-49	9123-9132	Tunisians	
37-50	9133-9140	plucked	
37-51	9141-9143	at	
37-52	9144-9147	the	
37-53	9148-9156	strained	
37-54	9157-9164	strings	
37-55	9165-9167	of	
37-56	9168-9177	monstrous	
37-57	9178-9183	lutes	
37-58	9183-9184	,	
37-59	9185-9190	while	
37-60	9191-9199	grinning	
37-61	9200-9207	Negroes	
37-62	9208-9212	beat	
37-63	9213-9225	monotonously	
37-64	9226-9230	upon	
37-65	9231-9237	copper	
37-66	9238-9243	drums	
37-67	9244-9247	and	
37-68	9247-9248	,	
37-69	9249-9258	crouching	
37-70	9259-9263	upon	
37-71	9264-9271	scarlet	
37-72	9272-9276	mats	
37-73	9276-9277	,	
37-74	9278-9282	slim	
37-75	9283-9291	turbaned	
37-76	9292-9299	Indians	
37-77	9300-9304	blew	
37-78	9305-9312	through	
37-79	9313-9317	long	
37-80	9318-9323	pipes	
37-81	9324-9326	of	
37-82	9327-9331	reed	
37-83	9332-9334	or	
37-84	9335-9340	brass	
37-85	9341-9344	and	
37-86	9345-9355	charmed—or	
37-87	9356-9363	feigned	
37-88	9364-9366	to	
37-89	9367-9378	charm—great	
37-90	9379-9385	hooded	
37-91	9386-9392	snakes	
37-92	9393-9396	and	
37-93	9397-9405	horrible	
37-94	9406-9412	horned	
37-95	9413-9419	adders	
37-96	9419-9420	.	

#Text=The harsh intervals and shrill discords of barbaric music stirred him at times when Schubert’s grace, and Chopin’s beautiful sorrows, and the mighty harmonies of Beethoven himself, fell unheeded on his ear.
38-1	9421-9424	The	
38-2	9425-9430	harsh	
38-3	9431-9440	intervals	
38-4	9441-9444	and	
38-5	9445-9451	shrill	
38-6	9452-9460	discords	
38-7	9461-9463	of	
38-8	9464-9472	barbaric	
38-9	9473-9478	music	
38-10	9479-9486	stirred	
38-11	9487-9490	him	
38-12	9491-9493	at	
38-13	9494-9499	times	
38-14	9500-9504	when	
38-15	9505-9513	Schubert	
38-16	9513-9514	’	
38-17	9514-9515	s	
38-18	9516-9521	grace	
38-19	9521-9522	,	
38-20	9523-9526	and	
38-21	9527-9533	Chopin	
38-22	9533-9534	’	
38-23	9534-9535	s	
38-24	9536-9545	beautiful	
38-25	9546-9553	sorrows	
38-26	9553-9554	,	
38-27	9555-9558	and	
38-28	9559-9562	the	
38-29	9563-9569	mighty	
38-30	9570-9579	harmonies	
38-31	9580-9582	of	
38-32	9583-9592	Beethoven	
38-33	9593-9600	himself	
38-34	9600-9601	,	
38-35	9602-9606	fell	
38-36	9607-9615	unheeded	
38-37	9616-9618	on	
38-38	9619-9622	his	
38-39	9623-9626	ear	
38-40	9626-9627	.	

#Text=He collected together from all parts of the world the strangest instruments that could be found, either in the tombs of dead nations or among the few savage tribes that have survived contact with Western civilizations, and loved to touch and try them.
39-1	9628-9630	He	
39-2	9631-9640	collected	
39-3	9641-9649	together	
39-4	9650-9654	from	
39-5	9655-9658	all	
39-6	9659-9664	parts	
39-7	9665-9667	of	
39-8	9668-9671	the	
39-9	9672-9677	world	
39-10	9678-9681	the	
39-11	9682-9691	strangest	
39-12	9692-9703	instruments	
39-13	9704-9708	that	
39-14	9709-9714	could	
39-15	9715-9717	be	
39-16	9718-9723	found	
39-17	9723-9724	,	
39-18	9725-9731	either	
39-19	9732-9734	in	
39-20	9735-9738	the	
39-21	9739-9744	tombs	
39-22	9745-9747	of	
39-23	9748-9752	dead	
39-24	9753-9760	nations	
39-25	9761-9763	or	
39-26	9764-9769	among	
39-27	9770-9773	the	
39-28	9774-9777	few	
39-29	9778-9784	savage	
39-30	9785-9791	tribes	
39-31	9792-9796	that	
39-32	9797-9801	have	
39-33	9802-9810	survived	
39-34	9811-9818	contact	
39-35	9819-9823	with	
39-36	9824-9831	Western	
39-37	9832-9845	civilizations	
39-38	9845-9846	,	
39-39	9847-9850	and	
39-40	9851-9856	loved	
39-41	9857-9859	to	
39-42	9860-9865	touch	
39-43	9866-9869	and	
39-44	9870-9873	try	
39-45	9874-9878	them	
39-46	9878-9879	.	

#Text=He had the mysterious juruparis of the Rio Negro Indians, that women are not allowed to look at and that even youths may not see till they have been subjected to fasting and scourging, and the earthen jars of the Peruvians that have the shrill cries of birds, and flutes of human bones such as Alfonso de Ovalle heard in Chile, and the sonorous green jaspers that are found near Cuzco and give forth a note of singular sweetness.
40-1	9880-9882	He	
40-2	9883-9886	had	
40-3	9887-9890	the	
40-4	9891-9901	mysterious	
40-5	9902-9911	juruparis	
40-6	9912-9914	of	
40-7	9915-9918	the	
40-8	9919-9922	Rio	
40-9	9923-9928	Negro	
40-10	9929-9936	Indians	
40-11	9936-9937	,	
40-12	9938-9942	that	
40-13	9943-9948	women	
40-14	9949-9952	are	
40-15	9953-9956	not	
40-16	9957-9964	allowed	
40-17	9965-9967	to	
40-18	9968-9972	look	
40-19	9973-9975	at	
40-20	9976-9979	and	
40-21	9980-9984	that	
40-22	9985-9989	even	
40-23	9990-9996	youths	
40-24	9997-10000	may	
40-25	10001-10004	not	
40-26	10005-10008	see	
40-27	10009-10013	till	
40-28	10014-10018	they	
40-29	10019-10023	have	
40-30	10024-10028	been	
40-31	10029-10038	subjected	
40-32	10039-10041	to	
40-33	10042-10049	fasting	
40-34	10050-10053	and	
40-35	10054-10063	scourging	
40-36	10063-10064	,	
40-37	10065-10068	and	
40-38	10069-10072	the	
40-39	10073-10080	earthen	
40-40	10081-10085	jars	
40-41	10086-10088	of	
40-42	10089-10092	the	
40-43	10093-10102	Peruvians	
40-44	10103-10107	that	
40-45	10108-10112	have	
40-46	10113-10116	the	
40-47	10117-10123	shrill	
40-48	10124-10129	cries	
40-49	10130-10132	of	
40-50	10133-10138	birds	
40-51	10138-10139	,	
40-52	10140-10143	and	
40-53	10144-10150	flutes	
40-54	10151-10153	of	
40-55	10154-10159	human	
40-56	10160-10165	bones	
40-57	10166-10170	such	
40-58	10171-10173	as	
40-59	10174-10181	Alfonso	
40-60	10182-10184	de	
40-61	10185-10191	Ovalle	
40-62	10192-10197	heard	
40-63	10198-10200	in	
40-64	10201-10206	Chile	
40-65	10206-10207	,	
40-66	10208-10211	and	
40-67	10212-10215	the	
40-68	10216-10224	sonorous	
40-69	10225-10230	green	
40-70	10231-10238	jaspers	
40-71	10239-10243	that	
40-72	10244-10247	are	
40-73	10248-10253	found	
40-74	10254-10258	near	
40-75	10259-10264	Cuzco	
40-76	10265-10268	and	
40-77	10269-10273	give	
40-78	10274-10279	forth	
40-79	10280-10281	a	
40-80	10282-10286	note	
40-81	10287-10289	of	
40-82	10290-10298	singular	
40-83	10299-10308	sweetness	
40-84	10308-10309	.	

#Text=He had painted gourds filled with pebbles that rattled when they were shaken; the long clarin of the Mexicans, into which the performer does not blow, but through which he inhales the air; the harsh ture of the Amazon tribes, that is sounded by the sentinels who sit all day long in high trees, and can be heard, it is said, at a distance of three leagues; the teponaztli, that has two vibrating tongues of wood and is beaten with sticks that are smeared with an elastic gum obtained from the milky juice of plants; the yotl-bells of the Aztecs, that are hung in clusters like grapes; and a huge cylindrical drum, covered with the skins of great serpents, like the one that Bernal Diaz saw when he went with Cortes into the Mexican temple, and of whose doleful sound he has left us so vivid a description.
41-1	10310-10312	He	
41-2	10313-10316	had	
41-3	10317-10324	painted	
41-4	10325-10331	gourds	
41-5	10332-10338	filled	
41-6	10339-10343	with	
41-7	10344-10351	pebbles	
41-8	10352-10356	that	
41-9	10357-10364	rattled	
41-10	10365-10369	when	
41-11	10370-10374	they	
41-12	10375-10379	were	
41-13	10380-10386	shaken	
41-14	10386-10387	;	
41-15	10388-10391	the	
41-16	10392-10396	long	
41-17	10397-10403	clarin	
41-18	10404-10406	of	
41-19	10407-10410	the	
41-20	10411-10419	Mexicans	
41-21	10419-10420	,	
41-22	10421-10425	into	
41-23	10426-10431	which	
41-24	10432-10435	the	
41-25	10436-10445	performer	
41-26	10446-10450	does	
41-27	10451-10454	not	
41-28	10455-10459	blow	
41-29	10459-10460	,	
41-30	10461-10464	but	
41-31	10465-10472	through	
41-32	10473-10478	which	
41-33	10479-10481	he	
41-34	10482-10489	inhales	
41-35	10490-10493	the	
41-36	10494-10497	air	
41-37	10497-10498	;	
41-38	10499-10502	the	
41-39	10503-10508	harsh	
41-40	10509-10513	ture	
41-41	10514-10516	of	
41-42	10517-10520	the	
41-43	10521-10527	Amazon	
41-44	10528-10534	tribes	
41-45	10534-10535	,	
41-46	10536-10540	that	
41-47	10541-10543	is	
41-48	10544-10551	sounded	
41-49	10552-10554	by	
41-50	10555-10558	the	
41-51	10559-10568	sentinels	
41-52	10569-10572	who	
41-53	10573-10576	sit	
41-54	10577-10580	all	
41-55	10581-10584	day	
41-56	10585-10589	long	
41-57	10590-10592	in	
41-58	10593-10597	high	
41-59	10598-10603	trees	
41-60	10603-10604	,	
41-61	10605-10608	and	
41-62	10609-10612	can	
41-63	10613-10615	be	
41-64	10616-10621	heard	
41-65	10621-10622	,	
41-66	10623-10625	it	
41-67	10626-10628	is	
41-68	10629-10633	said	
41-69	10633-10634	,	
41-70	10635-10637	at	
41-71	10638-10639	a	
41-72	10640-10648	distance	
41-73	10649-10651	of	
41-74	10652-10657	three	
41-75	10658-10665	leagues	
41-76	10665-10666	;	
41-77	10667-10670	the	
41-78	10671-10681	teponaztli	
41-79	10681-10682	,	
41-80	10683-10687	that	
41-81	10688-10691	has	
41-82	10692-10695	two	
41-83	10696-10705	vibrating	
41-84	10706-10713	tongues	
41-85	10714-10716	of	
41-86	10717-10721	wood	
41-87	10722-10725	and	
41-88	10726-10728	is	
41-89	10729-10735	beaten	
41-90	10736-10740	with	
41-91	10741-10747	sticks	
41-92	10748-10752	that	
41-93	10753-10756	are	
41-94	10757-10764	smeared	
41-95	10765-10769	with	
41-96	10770-10772	an	
41-97	10773-10780	elastic	
41-98	10781-10784	gum	
41-99	10785-10793	obtained	
41-100	10794-10798	from	
41-101	10799-10802	the	
41-102	10803-10808	milky	
41-103	10809-10814	juice	
41-104	10815-10817	of	
41-105	10818-10824	plants	
41-106	10824-10825	;	
41-107	10826-10829	the	
41-108	10830-10840	yotl-bells	
41-109	10841-10843	of	
41-110	10844-10847	the	
41-111	10848-10854	Aztecs	
41-112	10854-10855	,	
41-113	10856-10860	that	
41-114	10861-10864	are	
41-115	10865-10869	hung	
41-116	10870-10872	in	
41-117	10873-10881	clusters	
41-118	10882-10886	like	
41-119	10887-10893	grapes	
41-120	10893-10894	;	
41-121	10895-10898	and	
41-122	10899-10900	a	
41-123	10901-10905	huge	
41-124	10906-10917	cylindrical	
41-125	10918-10922	drum	
41-126	10922-10923	,	
41-127	10924-10931	covered	
41-128	10932-10936	with	
41-129	10937-10940	the	
41-130	10941-10946	skins	
41-131	10947-10949	of	
41-132	10950-10955	great	
41-133	10956-10964	serpents	
41-134	10964-10965	,	
41-135	10966-10970	like	
41-136	10971-10974	the	
41-137	10975-10978	one	
41-138	10979-10983	that	
41-139	10984-10990	Bernal	
41-140	10991-10995	Diaz	
41-141	10996-10999	saw	
41-142	11000-11004	when	
41-143	11005-11007	he	
41-144	11008-11012	went	
41-145	11013-11017	with	
41-146	11018-11024	Cortes	
41-147	11025-11029	into	
41-148	11030-11033	the	
41-149	11034-11041	Mexican	
41-150	11042-11048	temple	
41-151	11048-11049	,	
41-152	11050-11053	and	
41-153	11054-11056	of	
41-154	11057-11062	whose	
41-155	11063-11070	doleful	
41-156	11071-11076	sound	
41-157	11077-11079	he	
41-158	11080-11083	has	
41-159	11084-11088	left	
41-160	11089-11091	us	
41-161	11092-11094	so	
41-162	11095-11100	vivid	
41-163	11101-11102	a	
41-164	11103-11114	description	
41-165	11114-11115	.	

#Text=The fantastic character of these instruments fascinated him, and he felt a curious delight in the thought that art, like Nature, has her monsters, things of bestial shape and with hideous voices.
42-1	11116-11119	The	
42-2	11120-11129	fantastic	
42-3	11130-11139	character	
42-4	11140-11142	of	
42-5	11143-11148	these	
42-6	11149-11160	instruments	
42-7	11161-11171	fascinated	
42-8	11172-11175	him	
42-9	11175-11176	,	
42-10	11177-11180	and	
42-11	11181-11183	he	
42-12	11184-11188	felt	
42-13	11189-11190	a	
42-14	11191-11198	curious	
42-15	11199-11206	delight	
42-16	11207-11209	in	
42-17	11210-11213	the	
42-18	11214-11221	thought	
42-19	11222-11226	that	
42-20	11227-11230	art	
42-21	11230-11231	,	
42-22	11232-11236	like	
42-23	11237-11243	Nature	
42-24	11243-11244	,	
42-25	11245-11248	has	
42-26	11249-11252	her	
42-27	11253-11261	monsters	
42-28	11261-11262	,	
42-29	11263-11269	things	
42-30	11270-11272	of	
42-31	11273-11280	bestial	
42-32	11281-11286	shape	
42-33	11287-11290	and	
42-34	11291-11295	with	
42-35	11296-11303	hideous	
42-36	11304-11310	voices	
42-37	11310-11311	.	

#Text=Yet, after some time, he wearied of them, and would sit in his box at the opera, either alone or with Lord Henry, listening in rapt pleasure to “Tannhauser” and seeing in the prelude to that great work of art a presentation of the tragedy of his own soul.
43-1	11312-11315	Yet	
43-2	11315-11316	,	
43-3	11317-11322	after	
43-4	11323-11327	some	
43-5	11328-11332	time	
43-6	11332-11333	,	
43-7	11334-11336	he	
43-8	11337-11344	wearied	
43-9	11345-11347	of	
43-10	11348-11352	them	
43-11	11352-11353	,	
43-12	11354-11357	and	
43-13	11358-11363	would	
43-14	11364-11367	sit	
43-15	11368-11370	in	
43-16	11371-11374	his	
43-17	11375-11378	box	
43-18	11379-11381	at	
43-19	11382-11385	the	
43-20	11386-11391	opera	
43-21	11391-11392	,	
43-22	11393-11399	either	
43-23	11400-11405	alone	
43-24	11406-11408	or	
43-25	11409-11413	with	
43-26	11414-11418	Lord	
43-27	11419-11424	Henry	
43-28	11424-11425	,	
43-29	11426-11435	listening	
43-30	11436-11438	in	
43-31	11439-11443	rapt	
43-32	11444-11452	pleasure	
43-33	11453-11455	to	
43-34	11456-11457	“	
43-35	11457-11467	Tannhauser	
43-36	11467-11468	”	
43-37	11469-11472	and	
43-38	11473-11479	seeing	
43-39	11480-11482	in	
43-40	11483-11486	the	
43-41	11487-11494	prelude	
43-42	11495-11497	to	
43-43	11498-11502	that	
43-44	11503-11508	great	
43-45	11509-11513	work	
43-46	11514-11516	of	
43-47	11517-11520	art	
43-48	11521-11522	a	
43-49	11523-11535	presentation	
43-50	11536-11538	of	
43-51	11539-11542	the	
43-52	11543-11550	tragedy	
43-53	11551-11553	of	
43-54	11554-11557	his	
43-55	11558-11561	own	
43-56	11562-11566	soul	
43-57	11566-11567	.	

#Text=On one occasion he took up the study of jewels, and appeared at a costume ball as Anne de Joyeuse, Admiral of France, in a dress covered with five hundred and sixty pearls.
44-1	11569-11571	On	
44-2	11572-11575	one	
44-3	11576-11584	occasion	
44-4	11585-11587	he	
44-5	11588-11592	took	
44-6	11593-11595	up	
44-7	11596-11599	the	
44-8	11600-11605	study	
44-9	11606-11608	of	
44-10	11609-11615	jewels	
44-11	11615-11616	,	
44-12	11617-11620	and	
44-13	11621-11629	appeared	
44-14	11630-11632	at	
44-15	11633-11634	a	
44-16	11635-11642	costume	
44-17	11643-11647	ball	
44-18	11648-11650	as	
44-19	11651-11655	Anne	
44-20	11656-11658	de	
44-21	11659-11666	Joyeuse	
44-22	11666-11667	,	
44-23	11668-11675	Admiral	
44-24	11676-11678	of	
44-25	11679-11685	France	
44-26	11685-11686	,	
44-27	11687-11689	in	
44-28	11690-11691	a	
44-29	11692-11697	dress	
44-30	11698-11705	covered	
44-31	11706-11710	with	
44-32	11711-11715	five	
44-33	11716-11723	hundred	
44-34	11724-11727	and	
44-35	11728-11733	sixty	
44-36	11734-11740	pearls	
44-37	11740-11741	.	

#Text=This taste enthralled him for years, and, indeed, may be said never to have left him.
45-1	11742-11746	This	
45-2	11747-11752	taste	
45-3	11753-11763	enthralled	
45-4	11764-11767	him	
45-5	11768-11771	for	
45-6	11772-11777	years	
45-7	11777-11778	,	
45-8	11779-11782	and	
45-9	11782-11783	,	
45-10	11784-11790	indeed	
45-11	11790-11791	,	
45-12	11792-11795	may	
45-13	11796-11798	be	
45-14	11799-11803	said	
45-15	11804-11809	never	
45-16	11810-11812	to	
45-17	11813-11817	have	
45-18	11818-11822	left	
45-19	11823-11826	him	
45-20	11826-11827	.	

#Text=He would often spend a whole day settling and resettling in their cases the various stones that he had collected, such as the olive-green chrysoberyl that turns red by lamplight, the cymophane with its wirelike line of silver, the pistachio-coloured peridot, rose-pink and wine-yellow topazes, carbuncles of fiery scarlet with tremulous, four-rayed stars, flame-red cinnamon-stones, orange and violet spinels, and amethysts with their alternate layers of ruby and sapphire.
46-1	11828-11830	He	
46-2	11831-11836	would	
46-3	11837-11842	often	
46-4	11843-11848	spend	
46-5	11849-11850	a	
46-6	11851-11856	whole	
46-7	11857-11860	day	
46-8	11861-11869	settling	
46-9	11870-11873	and	
46-10	11874-11884	resettling	
46-11	11885-11887	in	
46-12	11888-11893	their	
46-13	11894-11899	cases	
46-14	11900-11903	the	
46-15	11904-11911	various	
46-16	11912-11918	stones	
46-17	11919-11923	that	
46-18	11924-11926	he	
46-19	11927-11930	had	
46-20	11931-11940	collected	
46-21	11940-11941	,	
46-22	11942-11946	such	
46-23	11947-11949	as	
46-24	11950-11953	the	
46-25	11954-11965	olive-green	
46-26	11966-11977	chrysoberyl	
46-27	11978-11982	that	
46-28	11983-11988	turns	
46-29	11989-11992	red	
46-30	11993-11995	by	
46-31	11996-12005	lamplight	
46-32	12005-12006	,	
46-33	12007-12010	the	
46-34	12011-12020	cymophane	
46-35	12021-12025	with	
46-36	12026-12029	its	
46-37	12030-12038	wirelike	
46-38	12039-12043	line	
46-39	12044-12046	of	
46-40	12047-12053	silver	
46-41	12053-12054	,	
46-42	12055-12058	the	
46-43	12059-12077	pistachio-coloured	
46-44	12078-12085	peridot	
46-45	12085-12086	,	
46-46	12087-12096	rose-pink	
46-47	12097-12100	and	
46-48	12101-12112	wine-yellow	
46-49	12113-12120	topazes	
46-50	12120-12121	,	
46-51	12122-12132	carbuncles	
46-52	12133-12135	of	
46-53	12136-12141	fiery	
46-54	12142-12149	scarlet	
46-55	12150-12154	with	
46-56	12155-12164	tremulous	
46-57	12164-12165	,	
46-58	12166-12176	four-rayed	
46-59	12177-12182	stars	
46-60	12182-12183	,	
46-61	12184-12193	flame-red	
46-62	12194-12209	cinnamon-stones	
46-63	12209-12210	,	
46-64	12211-12217	orange	
46-65	12218-12221	and	
46-66	12222-12228	violet	
46-67	12229-12236	spinels	
46-68	12236-12237	,	
46-69	12238-12241	and	
46-70	12242-12251	amethysts	
46-71	12252-12256	with	
46-72	12257-12262	their	
46-73	12263-12272	alternate	
46-74	12273-12279	layers	
46-75	12280-12282	of	
46-76	12283-12287	ruby	
46-77	12288-12291	and	
46-78	12292-12300	sapphire	
46-79	12300-12301	.	

#Text=He loved the red gold of the sunstone, and the moonstone’s pearly whiteness, and the broken rainbow of the milky opal.
47-1	12302-12304	He	
47-2	12305-12310	loved	
47-3	12311-12314	the	
47-4	12315-12318	red	
47-5	12319-12323	gold	
47-6	12324-12326	of	
47-7	12327-12330	the	
47-8	12331-12339	sunstone	
47-9	12339-12340	,	
47-10	12341-12344	and	
47-11	12345-12348	the	
47-12	12349-12358	moonstone	
47-13	12358-12359	’	
47-14	12359-12360	s	
47-15	12361-12367	pearly	
47-16	12368-12377	whiteness	
47-17	12377-12378	,	
47-18	12379-12382	and	
47-19	12383-12386	the	
47-20	12387-12393	broken	
47-21	12394-12401	rainbow	
47-22	12402-12404	of	
47-23	12405-12408	the	
47-24	12409-12414	milky	
47-25	12415-12419	opal	
47-26	12419-12420	.	

#Text=He procured from Amsterdam three emeralds of extraordinary size and richness of colour, and had a turquoise de la vieille roche that was the envy of all the connoisseurs.
48-1	12421-12423	He	
48-2	12424-12432	procured	
48-3	12433-12437	from	
48-4	12438-12447	Amsterdam	
48-5	12448-12453	three	
48-6	12454-12462	emeralds	
48-7	12463-12465	of	
48-8	12466-12479	extraordinary	
48-9	12480-12484	size	
48-10	12485-12488	and	
48-11	12489-12497	richness	
48-12	12498-12500	of	
48-13	12501-12507	colour	
48-14	12507-12508	,	
48-15	12509-12512	and	
48-16	12513-12516	had	
48-17	12517-12518	a	
48-18	12519-12528	turquoise	
48-19	12529-12531	de	
48-20	12532-12534	la	
48-21	12535-12542	vieille	
48-22	12543-12548	roche	
48-23	12549-12553	that	
48-24	12554-12557	was	
48-25	12558-12561	the	
48-26	12562-12566	envy	
48-27	12567-12569	of	
48-28	12570-12573	all	
48-29	12574-12577	the	
48-30	12578-12590	connoisseurs	
48-31	12590-12591	.	
