#FORMAT=WebAnno TSV 3.3


#Text=Spanish Mackril are in shape and colour like our Mackril, but larger: They are three Foot or three and half long, and nine or ten Inches about, and they also are generally esteemed very excellent Fish.
1-1	0-7	Spanish	
1-2	8-15	Mackril	
1-3	16-19	are	
1-4	20-22	in	
1-5	23-28	shape	
1-6	29-32	and	
1-7	33-39	colour	
1-8	40-44	like	
1-9	45-48	our	
1-10	49-56	Mackril	
1-11	56-57	,	
1-12	58-61	but	
1-13	62-68	larger	
1-14	68-69	:	
1-15	70-74	They	
1-16	75-78	are	
1-17	79-84	three	
1-18	85-89	Foot	
1-19	90-92	or	
1-20	93-98	three	
1-21	99-102	and	
1-22	103-107	half	
1-23	108-112	long	
1-24	112-113	,	
1-25	114-117	and	
1-26	118-122	nine	
1-27	123-125	or	
1-28	126-129	ten	
1-29	130-136	Inches	
1-30	137-142	about	
1-31	142-143	,	
1-32	144-147	and	
1-33	148-152	they	
1-34	153-157	also	
1-35	158-161	are	
1-36	162-171	generally	
1-37	172-180	esteemed	
1-38	181-185	very	
1-39	186-195	excellent	
1-40	196-200	Fish	
1-41	200-201	.	

#Text=The Ray is a flat Fish, like Skate, and I have seen three sorts of them; viz. the Stingray, the Raspray and the Whipray.
2-1	203-206	The	
2-2	207-210	Ray	
2-3	211-213	is	
2-4	214-215	a	
2-5	216-220	flat	
2-6	221-225	Fish	
2-7	225-226	,	
2-8	227-231	like	
2-9	232-237	Skate	
2-10	237-238	,	
2-11	239-242	and	
2-12	243-244	I	
2-13	245-249	have	
2-14	250-254	seen	
2-15	255-260	three	
2-16	261-266	sorts	
2-17	267-269	of	
2-18	270-274	them	
2-19	274-275	;	
2-20	276-279	viz	
2-21	279-280	.	
2-22	281-284	the	
2-23	285-293	Stingray	
2-24	293-294	,	
2-25	295-298	the	
2-26	299-306	Raspray	
2-27	307-310	and	
2-28	311-314	the	
2-29	315-322	Whipray	
2-30	322-323	.	

#Text=The Stingray and Rasp|ray are much a like in shape; but the former has three or four strong sharp Prickles, near two Inches long, at the Root of its Tail, which are said to be very venomous, but the rest of his Skin is smooth.
3-1	324-327	The	
3-2	328-336	Stingray	
3-3	337-340	and	
3-4	341-345	Rasp	
3-5	345-346	|	
3-6	346-349	ray	
3-7	350-353	are	
3-8	354-358	much	
3-9	359-360	a	
3-10	361-365	like	
3-11	366-368	in	
3-12	369-374	shape	
3-13	374-375	;	
3-14	376-379	but	
3-15	380-383	the	
3-16	384-390	former	
3-17	391-394	has	
3-18	395-400	three	
3-19	401-403	or	
3-20	404-408	four	
3-21	409-415	strong	
3-22	416-421	sharp	
3-23	422-430	Prickles	
3-24	430-431	,	
3-25	432-436	near	
3-26	437-440	two	
3-27	441-447	Inches	
3-28	448-452	long	
3-29	452-453	,	
3-30	454-456	at	
3-31	457-460	the	
3-32	461-465	Root	
3-33	466-468	of	
3-34	469-472	its	
3-35	473-477	Tail	
3-36	477-478	,	
3-37	479-484	which	
3-38	485-488	are	
3-39	489-493	said	
3-40	494-496	to	
3-41	497-499	be	
3-42	500-504	very	
3-43	505-513	venomous	
3-44	513-514	,	
3-45	515-518	but	
3-46	519-522	the	
3-47	523-527	rest	
3-48	528-530	of	
3-49	531-534	his	
3-50	535-539	Skin	
3-51	540-542	is	
3-52	543-549	smooth	
3-53	549-550	.	

#Text=The Raspray has a rough knotty Skin wherewith Rasps are made: the Skins of the largest are so rough, that the Spaniards in some Places grate their Cassavy with them, which is a Root very common all over the West-Indies; and of which the Spaniards and English frequently make their Bread; but the fairest Skins are used to cover Surgeons Instrument Cases, and other such fine Things; but of late they are counterfeited.
4-1	551-554	The	
4-2	555-562	Raspray	
4-3	563-566	has	
4-4	567-568	a	
4-5	569-574	rough	
4-6	575-581	knotty	
4-7	582-586	Skin	
4-8	587-596	wherewith	
4-9	597-602	Rasps	
4-10	603-606	are	
4-11	607-611	made	
4-12	611-612	:	
4-13	613-616	the	
4-14	617-622	Skins	
4-15	623-625	of	
4-16	626-629	the	
4-17	630-637	largest	
4-18	638-641	are	
4-19	642-644	so	
4-20	645-650	rough	
4-21	650-651	,	
4-22	652-656	that	
4-23	657-660	the	
4-24	661-670	Spaniards	
4-25	671-673	in	
4-26	674-678	some	
4-27	679-685	Places	
4-28	686-691	grate	
4-29	692-697	their	
4-30	698-705	Cassavy	
4-31	706-710	with	
4-32	711-715	them	
4-33	715-716	,	
4-34	717-722	which	
4-35	723-725	is	
4-36	726-727	a	
4-37	728-732	Root	
4-38	733-737	very	
4-39	738-744	common	
4-40	745-748	all	
4-41	749-753	over	
4-42	754-757	the	
4-43	758-769	West-Indies	
4-44	769-770	;	
4-45	771-774	and	
4-46	775-777	of	
4-47	778-783	which	
4-48	784-787	the	
4-49	788-797	Spaniards	
4-50	798-801	and	
4-51	802-809	English	
4-52	810-820	frequently	
4-53	821-825	make	
4-54	826-831	their	
4-55	832-837	Bread	
4-56	837-838	;	
4-57	839-842	but	
4-58	843-846	the	
4-59	847-854	fairest	
4-60	855-860	Skins	
4-61	861-864	are	
4-62	865-869	used	
4-63	870-872	to	
4-64	873-878	cover	
4-65	879-887	Surgeons	
4-66	888-898	Instrument	
4-67	899-904	Cases	
4-68	904-905	,	
4-69	906-909	and	
4-70	910-915	other	
4-71	916-920	such	
4-72	921-925	fine	
4-73	926-932	Things	
4-74	932-933	;	
4-75	934-937	but	
4-76	938-940	of	
4-77	941-945	late	
4-78	946-950	they	
4-79	951-954	are	
4-80	955-968	counterfeited	
4-81	968-969	.	

#Text=I have been told that in Turkey Asses Skins are stamped with small hard Seeds, which gives them Impressions like Raspray.
5-1	970-971	I	
5-2	972-976	have	
5-3	977-981	been	
5-4	982-986	told	
5-5	987-991	that	
5-6	992-994	in	
5-7	995-1001	Turkey	
5-8	1002-1007	Asses	
5-9	1008-1013	Skins	
5-10	1014-1017	are	
5-11	1018-1025	stamped	
5-12	1026-1030	with	
5-13	1031-1036	small	
5-14	1037-1041	hard	
5-15	1042-1047	Seeds	
5-16	1047-1048	,	
5-17	1049-1054	which	
5-18	1055-1060	gives	
5-19	1061-1065	them	
5-20	1066-1077	Impressions	
5-21	1078-1082	like	
5-22	1083-1090	Raspray	
5-23	1090-1091	.	

#Text=The Whipray differs from the other two sorts, having a small, but longer Tail, and ending with a Knob, shaped like a Harpoon.
6-1	1093-1096	The	
6-2	1097-1104	Whipray	
6-3	1105-1112	differs	
6-4	1113-1117	from	
6-5	1118-1121	the	
6-6	1122-1127	other	
6-7	1128-1131	two	
6-8	1132-1137	sorts	
6-9	1137-1138	,	
6-10	1139-1145	having	
6-11	1146-1147	a	
6-12	1148-1153	small	
6-13	1153-1154	,	
6-14	1155-1158	but	
6-15	1159-1165	longer	
6-16	1166-1170	Tail	
6-17	1170-1171	,	
6-18	1172-1175	and	
6-19	1176-1182	ending	
6-20	1183-1187	with	
6-21	1188-1189	a	
6-22	1190-1194	Knob	
6-23	1194-1195	,	
6-24	1196-1202	shaped	
6-25	1203-1207	like	
6-26	1208-1209	a	
6-27	1210-1217	Harpoon	
6-28	1217-1218	.	

#Text=All these three sorts are much about a Foot and half broad.
7-1	1219-1222	All	
7-2	1223-1228	these	
7-3	1229-1234	three	
7-4	1235-1240	sorts	
7-5	1241-1244	are	
7-6	1245-1249	much	
7-7	1250-1255	about	
7-8	1256-1257	a	
7-9	1258-1262	Foot	
7-10	1263-1266	and	
7-11	1267-1271	half	
7-12	1272-1277	broad	
7-13	1277-1278	.	

#Text=There is yet another sort of these flat Fish of the Whipray kind, but of a prodigious bigness; viz. three or four Yards square, and their Tails as long: these we call Sea-Devils; they are very strong Fish, and are sometimes Gamesom; but they make an odd Figure when they leap out of the Water, tumbling over and over.
8-1	1279-1284	There	
8-2	1285-1287	is	
8-3	1288-1291	yet	
8-4	1292-1299	another	
8-5	1300-1304	sort	
8-6	1305-1307	of	
8-7	1308-1313	these	
8-8	1314-1318	flat	
8-9	1319-1323	Fish	
8-10	1324-1326	of	
8-11	1327-1330	the	
8-12	1331-1338	Whipray	
8-13	1339-1343	kind	
8-14	1343-1344	,	
8-15	1345-1348	but	
8-16	1349-1351	of	
8-17	1352-1353	a	
8-18	1354-1364	prodigious	
8-19	1365-1372	bigness	
8-20	1372-1373	;	
8-21	1374-1377	viz	
8-22	1377-1378	.	
8-23	1379-1384	three	
8-24	1385-1387	or	
8-25	1388-1392	four	
8-26	1393-1398	Yards	
8-27	1399-1405	square	
8-28	1405-1406	,	
8-29	1407-1410	and	
8-30	1411-1416	their	
8-31	1417-1422	Tails	
8-32	1423-1425	as	
8-33	1426-1430	long	
8-34	1430-1431	:	
8-35	1432-1437	these	
8-36	1438-1440	we	
8-37	1441-1445	call	
8-38	1446-1456	Sea-Devils	
8-39	1456-1457	;	
8-40	1458-1462	they	
8-41	1463-1466	are	
8-42	1467-1471	very	
8-43	1472-1478	strong	
8-44	1479-1483	Fish	
8-45	1483-1484	,	
8-46	1485-1488	and	
8-47	1489-1492	are	
8-48	1493-1502	sometimes	
8-49	1503-1510	Gamesom	
8-50	1510-1511	;	
8-51	1512-1515	but	
8-52	1516-1520	they	
8-53	1521-1525	make	
8-54	1526-1528	an	
8-55	1529-1532	odd	
8-56	1533-1539	Figure	
8-57	1540-1544	when	
8-58	1545-1549	they	
8-59	1550-1554	leap	
8-60	1555-1558	out	
8-61	1559-1561	of	
8-62	1562-1565	the	
8-63	1566-1571	Water	
8-64	1571-1572	,	
8-65	1573-1581	tumbling	
8-66	1582-1586	over	
8-67	1587-1590	and	
8-68	1591-1595	over	
8-69	1595-1596	.	

#Text=Neither are Turtle and Manatee wanting in this Lagune.
9-1	1598-1605	Neither	
9-2	1606-1609	are	
9-3	1610-1616	Turtle	
9-4	1617-1620	and	
9-5	1621-1628	Manatee	
9-6	1629-1636	wanting	
9-7	1637-1639	in	
9-8	1640-1644	this	
9-9	1645-1651	Lagune	
9-10	1651-1652	.	

#Text=Here are some Hawks-bill-Turtle, but the green Turtle is most plentiful.
10-1	1653-1657	Here	
10-2	1658-1661	are	
10-3	1662-1666	some	
10-4	1667-1684	Hawks-bill-Turtle	
10-5	1684-1685	,	
10-6	1686-1689	but	
10-7	1690-1693	the	
10-8	1694-1699	green	
10-9	1700-1706	Turtle	
10-10	1707-1709	is	
10-11	1710-1714	most	
10-12	1715-1724	plentiful	
10-13	1724-1725	.	

#Text=They are of a middle size; yet here was once a very large one taken, as I have mentioned in my Voyages round the World.
11-1	1726-1730	They	
11-2	1731-1734	are	
11-3	1735-1737	of	
11-4	1738-1739	a	
11-5	1740-1746	middle	
11-6	1747-1751	size	
11-7	1751-1752	;	
11-8	1753-1756	yet	
11-9	1757-1761	here	
11-10	1762-1765	was	
11-11	1766-1770	once	
11-12	1771-1772	a	
11-13	1773-1777	very	
11-14	1778-1783	large	
11-15	1784-1787	one	
11-16	1788-1793	taken	
11-17	1793-1794	,	
11-18	1795-1797	as	
11-19	1798-1799	I	
11-20	1800-1804	have	
11-21	1805-1814	mentioned	
11-22	1815-1817	in	
11-23	1818-1820	my	
11-24	1821-1828	Voyages	
11-25	1829-1834	round	
11-26	1835-1838	the	
11-27	1839-1844	World	
11-28	1844-1845	.	

#Text=Here are abundance of Manatee, which are both large and sweet.
12-1	1847-1851	Here	
12-2	1852-1855	are	
12-3	1856-1865	abundance	
12-4	1866-1868	of	
12-5	1869-1876	Manatee	
12-6	1876-1877	,	
12-7	1878-1883	which	
12-8	1884-1887	are	
12-9	1888-1892	both	
12-10	1893-1898	large	
12-11	1899-1902	and	
12-12	1903-1908	sweet	
12-13	1908-1909	.	

#Text=Alligators are also in great numbers in all the Creeks, Rivers and Lagunes in the Bay of Campeachy; and I think that no part of the Universe is better stock ' d with them.
13-1	1912-1922	Alligators	
13-2	1923-1926	are	
13-3	1927-1931	also	
13-4	1932-1934	in	
13-5	1935-1940	great	
13-6	1941-1948	numbers	
13-7	1949-1951	in	
13-8	1952-1955	all	
13-9	1956-1959	the	
13-10	1960-1966	Creeks	
13-11	1966-1967	,	
13-12	1968-1974	Rivers	
13-13	1975-1978	and	
13-14	1979-1986	Lagunes	
13-15	1987-1989	in	
13-16	1990-1993	the	
13-17	1994-1997	Bay	
13-18	1998-2000	of	
13-19	2001-2010	Campeachy	
13-20	2010-2011	;	
13-21	2012-2015	and	
13-22	2016-2017	I	
13-23	2018-2023	think	
13-24	2024-2028	that	
13-25	2029-2031	no	
13-26	2032-2036	part	
13-27	2037-2039	of	
13-28	2040-2043	the	
13-29	2044-2052	Universe	
13-30	2053-2055	is	
13-31	2056-2062	better	
13-32	2063-2068	stock	
13-33	2069-2070	'	
13-34	2071-2072	d	
13-35	2073-2077	with	
13-36	2078-2082	them	
13-37	2082-2083	.	

#Text=The Alligator is a Creature so well known every where, that I should not describe it, were it not to give an Account of the difference between it and the Crocodile; for they resemble each other so nearly in their shape and bulk, as also in their Natures, that they are generally mistaken for the same Species; only the one supposed to be the Male, the other the Female: Whether they are so or not, the World may judge by the following Observations.
14-1	2085-2088	The	
14-2	2089-2098	Alligator	
14-3	2099-2101	is	
14-4	2102-2103	a	
14-5	2104-2112	Creature	
14-6	2113-2115	so	
14-7	2116-2120	well	
14-8	2121-2126	known	
14-9	2127-2132	every	
14-10	2133-2138	where	
14-11	2138-2139	,	
14-12	2140-2144	that	
14-13	2145-2146	I	
14-14	2147-2153	should	
14-15	2154-2157	not	
14-16	2158-2166	describe	
14-17	2167-2169	it	
14-18	2169-2170	,	
14-19	2171-2175	were	
14-20	2176-2178	it	
14-21	2179-2182	not	
14-22	2183-2185	to	
14-23	2186-2190	give	
14-24	2191-2193	an	
14-25	2194-2201	Account	
14-26	2202-2204	of	
14-27	2205-2208	the	
14-28	2209-2219	difference	
14-29	2220-2227	between	
14-30	2228-2230	it	
14-31	2231-2234	and	
14-32	2235-2238	the	
14-33	2239-2248	Crocodile	
14-34	2248-2249	;	
14-35	2250-2253	for	
14-36	2254-2258	they	
14-37	2259-2267	resemble	
14-38	2268-2272	each	
14-39	2273-2278	other	
14-40	2279-2281	so	
14-41	2282-2288	nearly	
14-42	2289-2291	in	
14-43	2292-2297	their	
14-44	2298-2303	shape	
14-45	2304-2307	and	
14-46	2308-2312	bulk	
14-47	2312-2313	,	
14-48	2314-2316	as	
14-49	2317-2321	also	
14-50	2322-2324	in	
14-51	2325-2330	their	
14-52	2331-2338	Natures	
14-53	2338-2339	,	
14-54	2340-2344	that	
14-55	2345-2349	they	
14-56	2350-2353	are	
14-57	2354-2363	generally	
14-58	2364-2372	mistaken	
14-59	2373-2376	for	
14-60	2377-2380	the	
14-61	2381-2385	same	
14-62	2386-2393	Species	
14-63	2393-2394	;	
14-64	2395-2399	only	
14-65	2400-2403	the	
14-66	2404-2407	one	
14-67	2408-2416	supposed	
14-68	2417-2419	to	
14-69	2420-2422	be	
14-70	2423-2426	the	
14-71	2427-2431	Male	
14-72	2431-2432	,	
14-73	2433-2436	the	
14-74	2437-2442	other	
14-75	2443-2446	the	
14-76	2447-2453	Female	
14-77	2453-2454	:	
14-78	2455-2462	Whether	
14-79	2463-2467	they	
14-80	2468-2471	are	
14-81	2472-2474	so	
14-82	2475-2477	or	
14-83	2478-2481	not	
14-84	2481-2482	,	
14-85	2483-2486	the	
14-86	2487-2492	World	
14-87	2493-2496	may	
14-88	2497-2502	judge	
14-89	2503-2505	by	
14-90	2506-2509	the	
14-91	2510-2519	following	
14-92	2520-2532	Observations	
14-93	2532-2533	.	

#Text=As to their Bulk and length, I never saw any so large as some I have heard and read of; but accor|ding to my best Judgment, though I have seen Thousands, I never met with any above sixteen or seventeen Foot long, and as thick as a large Colt.
15-1	2534-2536	As	
15-2	2537-2539	to	
15-3	2540-2545	their	
15-4	2546-2550	Bulk	
15-5	2551-2554	and	
15-6	2555-2561	length	
15-7	2561-2562	,	
15-8	2563-2564	I	
15-9	2565-2570	never	
15-10	2571-2574	saw	
15-11	2575-2578	any	
15-12	2579-2581	so	
15-13	2582-2587	large	
15-14	2588-2590	as	
15-15	2591-2595	some	
15-16	2596-2597	I	
15-17	2598-2602	have	
15-18	2603-2608	heard	
15-19	2609-2612	and	
15-20	2613-2617	read	
15-21	2618-2620	of	
15-22	2620-2621	;	
15-23	2622-2625	but	
15-24	2626-2631	accor	
15-25	2631-2632	|	
15-26	2632-2636	ding	
15-27	2637-2639	to	
15-28	2640-2642	my	
15-29	2643-2647	best	
15-30	2648-2656	Judgment	
15-31	2656-2657	,	
15-32	2658-2664	though	
15-33	2665-2666	I	
15-34	2667-2671	have	
15-35	2672-2676	seen	
15-36	2677-2686	Thousands	
15-37	2686-2687	,	
15-38	2688-2689	I	
15-39	2690-2695	never	
15-40	2696-2699	met	
15-41	2700-2704	with	
15-42	2705-2708	any	
15-43	2709-2714	above	
15-44	2715-2722	sixteen	
15-45	2723-2725	or	
15-46	2726-2735	seventeen	
15-47	2736-2740	Foot	
15-48	2741-2745	long	
15-49	2745-2746	,	
15-50	2747-2750	and	
15-51	2751-2753	as	
15-52	2754-2759	thick	
15-53	2760-2762	as	
15-54	2763-2764	a	
15-55	2765-2770	large	
15-56	2771-2775	Colt	
15-57	2775-2776	.	

#Text=He his shaped like a Lizard, of a dark brown colour, with a large head and very long Jaws, with great strong Teeth, especially two of a Remarkable Length, that grow out of, and at the very end of the under Jaw in the smallest part, on each side one; there are two holes in the upper Jaw to receive these, otherways he could not shut his Mouth.
16-1	2777-2779	He	
16-2	2780-2783	his	
16-3	2784-2790	shaped	
16-4	2791-2795	like	
16-5	2796-2797	a	
16-6	2798-2804	Lizard	
16-7	2804-2805	,	
16-8	2806-2808	of	
16-9	2809-2810	a	
16-10	2811-2815	dark	
16-11	2816-2821	brown	
16-12	2822-2828	colour	
16-13	2828-2829	,	
16-14	2830-2834	with	
16-15	2835-2836	a	
16-16	2837-2842	large	
16-17	2843-2847	head	
16-18	2848-2851	and	
16-19	2852-2856	very	
16-20	2857-2861	long	
16-21	2862-2866	Jaws	
16-22	2866-2867	,	
16-23	2868-2872	with	
16-24	2873-2878	great	
16-25	2879-2885	strong	
16-26	2886-2891	Teeth	
16-27	2891-2892	,	
16-28	2893-2903	especially	
16-29	2904-2907	two	
16-30	2908-2910	of	
16-31	2911-2912	a	
16-32	2913-2923	Remarkable	
16-33	2924-2930	Length	
16-34	2930-2931	,	
16-35	2932-2936	that	
16-36	2937-2941	grow	
16-37	2942-2945	out	
16-38	2946-2948	of	
16-39	2948-2949	,	
16-40	2950-2953	and	
16-41	2954-2956	at	
16-42	2957-2960	the	
16-43	2961-2965	very	
16-44	2966-2969	end	
16-45	2970-2972	of	
16-46	2973-2976	the	
16-47	2977-2982	under	
16-48	2983-2986	Jaw	
16-49	2987-2989	in	
16-50	2990-2993	the	
16-51	2994-3002	smallest	
16-52	3003-3007	part	
16-53	3007-3008	,	
16-54	3009-3011	on	
16-55	3012-3016	each	
16-56	3017-3021	side	
16-57	3022-3025	one	
16-58	3025-3026	;	
16-59	3027-3032	there	
16-60	3033-3036	are	
16-61	3037-3040	two	
16-62	3041-3046	holes	
16-63	3047-3049	in	
16-64	3050-3053	the	
16-65	3054-3059	upper	
16-66	3060-3063	Jaw	
16-67	3064-3066	to	
16-68	3067-3074	receive	
16-69	3075-3080	these	
16-70	3080-3081	,	
16-71	3082-3091	otherways	
16-72	3092-3094	he	
16-73	3095-3100	could	
16-74	3101-3104	not	
16-75	3105-3109	shut	
16-76	3110-3113	his	
16-77	3114-3119	Mouth	
16-78	3119-3120	.	

#Text=It has 4 short Legs and Broad Claws, with a long Tail.
17-1	3121-3123	It	
17-2	3124-3127	has	
17-3	3128-3129	4	
17-4	3130-3135	short	
17-5	3136-3140	Legs	
17-6	3141-3144	and	
17-7	3145-3150	Broad	
17-8	3151-3156	Claws	
17-9	3156-3157	,	
17-10	3158-3162	with	
17-11	3163-3164	a	
17-12	3165-3169	long	
17-13	3170-3174	Tail	
17-14	3174-3175	.	

#Text=The Head, Back and Tail is fenced with pretty hard Scales, joyned together with a very thick tough Skin: Over its Eyes there are two hard scally Knobs, as big as a Mans Fist, and from the Head to the Tail, along the Ridge of his Back  ' tis full of such knotty hard Scales, not like Fish-Scales, which are loose, but so united to the Skin, that it is all one with it, and can ' t be taken asunder, but with a sharp Knife.
18-1	3176-3179	The	
18-2	3180-3184	Head	
18-3	3184-3185	,	
18-4	3186-3190	Back	
18-5	3191-3194	and	
18-6	3195-3199	Tail	
18-7	3200-3202	is	
18-8	3203-3209	fenced	
18-9	3210-3214	with	
18-10	3215-3221	pretty	
18-11	3222-3226	hard	
18-12	3227-3233	Scales	
18-13	3233-3234	,	
18-14	3235-3241	joyned	
18-15	3242-3250	together	
18-16	3251-3255	with	
18-17	3256-3257	a	
18-18	3258-3262	very	
18-19	3263-3268	thick	
18-20	3269-3274	tough	
18-21	3275-3279	Skin	
18-22	3279-3280	:	
18-23	3281-3285	Over	
18-24	3286-3289	its	
18-25	3290-3294	Eyes	
18-26	3295-3300	there	
18-27	3301-3304	are	
18-28	3305-3308	two	
18-29	3309-3313	hard	
18-30	3314-3320	scally	
18-31	3321-3326	Knobs	
18-32	3326-3327	,	
18-33	3328-3330	as	
18-34	3331-3334	big	
18-35	3335-3337	as	
18-36	3338-3339	a	
18-37	3340-3344	Mans	
18-38	3345-3349	Fist	
18-39	3349-3350	,	
18-40	3351-3354	and	
18-41	3355-3359	from	
18-42	3360-3363	the	
18-43	3364-3368	Head	
18-44	3369-3371	to	
18-45	3372-3375	the	
18-46	3376-3380	Tail	
18-47	3380-3381	,	
18-48	3382-3387	along	
18-49	3388-3391	the	
18-50	3392-3397	Ridge	
18-51	3398-3400	of	
18-52	3401-3404	his	
18-53	3405-3409	Back	
18-54	3411-3412	'	
18-55	3413-3416	tis	
18-56	3417-3421	full	
18-57	3422-3424	of	
18-58	3425-3429	such	
18-59	3430-3436	knotty	
18-60	3437-3441	hard	
18-61	3442-3448	Scales	
18-62	3448-3449	,	
18-63	3450-3453	not	
18-64	3454-3458	like	
18-65	3459-3470	Fish-Scales	
18-66	3470-3471	,	
18-67	3472-3477	which	
18-68	3478-3481	are	
18-69	3482-3487	loose	
18-70	3487-3488	,	
18-71	3489-3492	but	
18-72	3493-3495	so	
18-73	3496-3502	united	
18-74	3503-3505	to	
18-75	3506-3509	the	
18-76	3510-3514	Skin	
18-77	3514-3515	,	
18-78	3516-3520	that	
18-79	3521-3523	it	
18-80	3524-3526	is	
18-81	3527-3530	all	
18-82	3531-3534	one	
18-83	3535-3539	with	
18-84	3540-3542	it	
18-85	3542-3543	,	
18-86	3544-3547	and	
18-87	3548-3551	can	
18-88	3552-3553	'	
18-89	3554-3555	t	
18-90	3556-3558	be	
18-91	3559-3564	taken	
18-92	3565-3572	asunder	
18-93	3572-3573	,	
18-94	3574-3577	but	
18-95	3578-3582	with	
18-96	3583-3584	a	
18-97	3585-3590	sharp	
18-98	3591-3596	Knife	
18-99	3596-3597	.	

#Text=From the Ridge of the Back down on the Ribs towards the Belly, (which is of a dusky yellow colour like a Frog) there are many of these Scales, but not so substantial nor so thick placed as the other.
19-1	3598-3602	From	
19-2	3603-3606	the	
19-3	3607-3612	Ridge	
19-4	3613-3615	of	
19-5	3616-3619	the	
19-6	3620-3624	Back	
19-7	3625-3629	down	
19-8	3630-3632	on	
19-9	3633-3636	the	
19-10	3637-3641	Ribs	
19-11	3642-3649	towards	
19-12	3650-3653	the	
19-13	3654-3659	Belly	
19-14	3659-3660	,	
19-15	3661-3662	(	
19-16	3662-3667	which	
19-17	3668-3670	is	
19-18	3671-3673	of	
19-19	3674-3675	a	
19-20	3676-3681	dusky	
19-21	3682-3688	yellow	
19-22	3689-3695	colour	
19-23	3696-3700	like	
19-24	3701-3702	a	
19-25	3703-3707	Frog	
19-26	3707-3708	)	
19-27	3709-3714	there	
19-28	3715-3718	are	
19-29	3719-3723	many	
19-30	3724-3726	of	
19-31	3727-3732	these	
19-32	3733-3739	Scales	
19-33	3739-3740	,	
19-34	3741-3744	but	
19-35	3745-3748	not	
19-36	3749-3751	so	
19-37	3752-3763	substantial	
19-38	3764-3767	nor	
19-39	3768-3770	so	
19-40	3771-3776	thick	
19-41	3777-3783	placed	
19-42	3784-3786	as	
19-43	3787-3790	the	
19-44	3791-3796	other	
19-45	3796-3797	.	

#Text=These Scales are no hindrance to him in turning; for he will turn very quick, considering his length.
20-1	3799-3804	These	
20-2	3805-3811	Scales	
20-3	3812-3815	are	
20-4	3816-3818	no	
20-5	3819-3828	hindrance	
20-6	3829-3831	to	
20-7	3832-3835	him	
20-8	3836-3838	in	
20-9	3839-3846	turning	
20-10	3846-3847	;	
20-11	3848-3851	for	
20-12	3852-3854	he	
20-13	3855-3859	will	
20-14	3860-3864	turn	
20-15	3865-3869	very	
20-16	3870-3875	quick	
20-17	3875-3876	,	
20-18	3877-3888	considering	
20-19	3889-3892	his	
20-20	3893-3899	length	
20-21	3899-3900	.	

#Text=When he goes on Land his Tail drags on the Ground.
21-1	3901-3905	When	
21-2	3906-3908	he	
21-3	3909-3913	goes	
21-4	3914-3916	on	
21-5	3917-3921	Land	
21-6	3922-3925	his	
21-7	3926-3930	Tail	
21-8	3931-3936	drags	
21-9	3937-3939	on	
21-10	3940-3943	the	
21-11	3944-3950	Ground	
21-12	3950-3951	.	

#Text=The Flesh  smells very strong of Musk; especially four Kernels or Cods that are always found about them, two of which grow in the Groin, near each Thigh; the other two at the Breast, one under each Fore-leg, and about the bigness of a Pullets Egg; therefore when we kill an Alligator, we take out these, and having dried them wear them in our Hats for a perfume.
22-1	3953-3956	The	
22-2	3957-3962	Flesh	
22-3	3964-3970	smells	
22-4	3971-3975	very	
22-5	3976-3982	strong	
22-6	3983-3985	of	
22-7	3986-3990	Musk	
22-8	3990-3991	;	
22-9	3992-4002	especially	
22-10	4003-4007	four	
22-11	4008-4015	Kernels	
22-12	4016-4018	or	
22-13	4019-4023	Cods	
22-14	4024-4028	that	
22-15	4029-4032	are	
22-16	4033-4039	always	
22-17	4040-4045	found	
22-18	4046-4051	about	
22-19	4052-4056	them	
22-20	4056-4057	,	
22-21	4058-4061	two	
22-22	4062-4064	of	
22-23	4065-4070	which	
22-24	4071-4075	grow	
22-25	4076-4078	in	
22-26	4079-4082	the	
22-27	4083-4088	Groin	
22-28	4088-4089	,	
22-29	4090-4094	near	
22-30	4095-4099	each	
22-31	4100-4105	Thigh	
22-32	4105-4106	;	
22-33	4107-4110	the	
22-34	4111-4116	other	
22-35	4117-4120	two	
22-36	4121-4123	at	
22-37	4124-4127	the	
22-38	4128-4134	Breast	
22-39	4134-4135	,	
22-40	4136-4139	one	
22-41	4140-4145	under	
22-42	4146-4150	each	
22-43	4151-4159	Fore-leg	
22-44	4159-4160	,	
22-45	4161-4164	and	
22-46	4165-4170	about	
22-47	4171-4174	the	
22-48	4175-4182	bigness	
22-49	4183-4185	of	
22-50	4186-4187	a	
22-51	4188-4195	Pullets	
22-52	4196-4199	Egg	
22-53	4199-4200	;	
22-54	4201-4210	therefore	
22-55	4211-4215	when	
22-56	4216-4218	we	
22-57	4219-4223	kill	
22-58	4224-4226	an	
22-59	4227-4236	Alligator	
22-60	4236-4237	,	
22-61	4238-4240	we	
22-62	4241-4245	take	
22-63	4246-4249	out	
22-64	4250-4255	these	
22-65	4255-4256	,	
22-66	4257-4260	and	
22-67	4261-4267	having	
22-68	4268-4273	dried	
22-69	4274-4278	them	
22-70	4279-4283	wear	
22-71	4284-4288	them	
22-72	4289-4291	in	
22-73	4292-4295	our	
22-74	4296-4300	Hats	
22-75	4301-4304	for	
22-76	4305-4306	a	
22-77	4307-4314	perfume	
22-78	4314-4315	.	

#Text=The Flesh is seldom eaten but in case of Necessity, because of it strong scent.
23-1	4316-4319	The	
23-2	4320-4325	Flesh	
23-3	4326-4328	is	
23-4	4329-4335	seldom	
23-5	4336-4341	eaten	
23-6	4342-4345	but	
23-7	4346-4348	in	
23-8	4349-4353	case	
23-9	4354-4356	of	
23-10	4357-4366	Necessity	
23-11	4366-4367	,	
23-12	4368-4375	because	
23-13	4376-4378	of	
23-14	4379-4381	it	
23-15	4382-4388	strong	
23-16	4389-4394	scent	
23-17	4394-4395	.	

#Text=Now the Crocodile hath none of these Kernels, neither doth his Flesh taste at all Musky, therefore esteemed better Food.
24-1	4397-4400	Now	
24-2	4401-4404	the	
24-3	4405-4414	Crocodile	
24-4	4415-4419	hath	
24-5	4420-4424	none	
24-6	4425-4427	of	
24-7	4428-4433	these	
24-8	4434-4441	Kernels	
24-9	4441-4442	,	
24-10	4443-4450	neither	
24-11	4451-4455	doth	
24-12	4456-4459	his	
24-13	4460-4465	Flesh	
24-14	4466-4471	taste	
24-15	4472-4474	at	
24-16	4475-4478	all	
24-17	4479-4484	Musky	
24-18	4484-4485	,	
24-19	4486-4495	therefore	
24-20	4496-4504	esteemed	
24-21	4505-4511	better	
24-22	4512-4516	Food	
24-23	4516-4517	.	

#Text=He is of a yellow colour, neither hath he such long Teeth in his under Jaw.
25-1	4518-4520	He	
25-2	4521-4523	is	
25-3	4524-4526	of	
25-4	4527-4528	a	
25-5	4529-4535	yellow	
25-6	4536-4542	colour	
25-7	4542-4543	,	
25-8	4544-4551	neither	
25-9	4552-4556	hath	
25-10	4557-4559	he	
25-11	4560-4564	such	
25-12	4565-4569	long	
25-13	4570-4575	Teeth	
25-14	4576-4578	in	
25-15	4579-4582	his	
25-16	4583-4588	under	
25-17	4589-4592	Jaw	
25-18	4592-4593	.	

#Text=The Crocodile ' s Legs also are longer, and when it runs on Land, it bears its Tail above the Ground, and turns up the tip of it in a round bow, and the Knots on the back are much thicker, higher and firmer than those of the Alligator; and differ also as to the Places where they are found.
26-1	4594-4597	The	
26-2	4598-4607	Crocodile	
26-3	4608-4609	'	
26-4	4610-4611	s	
26-5	4612-4616	Legs	
26-6	4617-4621	also	
26-7	4622-4625	are	
26-8	4626-4632	longer	
26-9	4632-4633	,	
26-10	4634-4637	and	
26-11	4638-4642	when	
26-12	4643-4645	it	
26-13	4646-4650	runs	
26-14	4651-4653	on	
26-15	4654-4658	Land	
26-16	4658-4659	,	
26-17	4660-4662	it	
26-18	4663-4668	bears	
26-19	4669-4672	its	
26-20	4673-4677	Tail	
26-21	4678-4683	above	
26-22	4684-4687	the	
26-23	4688-4694	Ground	
26-24	4694-4695	,	
26-25	4696-4699	and	
26-26	4700-4705	turns	
26-27	4706-4708	up	
26-28	4709-4712	the	
26-29	4713-4716	tip	
26-30	4717-4719	of	
26-31	4720-4722	it	
26-32	4723-4725	in	
26-33	4726-4727	a	
26-34	4728-4733	round	
26-35	4734-4737	bow	
26-36	4737-4738	,	
26-37	4739-4742	and	
26-38	4743-4746	the	
26-39	4747-4752	Knots	
26-40	4753-4755	on	
26-41	4756-4759	the	
26-42	4760-4764	back	
26-43	4765-4768	are	
26-44	4769-4773	much	
26-45	4774-4781	thicker	
26-46	4781-4782	,	
26-47	4783-4789	higher	
26-48	4790-4793	and	
26-49	4794-4800	firmer	
26-50	4801-4805	than	
26-51	4806-4811	those	
26-52	4812-4814	of	
26-53	4815-4818	the	
26-54	4819-4828	Alligator	
26-55	4828-4829	;	
26-56	4830-4833	and	
26-57	4834-4840	differ	
26-58	4841-4845	also	
26-59	4846-4848	as	
26-60	4849-4851	to	
26-61	4852-4855	the	
26-62	4856-4862	Places	
26-63	4863-4868	where	
26-64	4869-4873	they	
26-65	4874-4877	are	
26-66	4878-4883	found	
26-67	4883-4884	.	

#Text=For in some Parts, as here in the Bay of Campeachy, are abundance of Alligators, where yet I never saw nor heard of any Crocodiles.
27-1	4885-4888	For	
27-2	4889-4891	in	
27-3	4892-4896	some	
27-4	4897-4902	Parts	
27-5	4902-4903	,	
27-6	4904-4906	as	
27-7	4907-4911	here	
27-8	4912-4914	in	
27-9	4915-4918	the	
27-10	4919-4922	Bay	
27-11	4923-4925	of	
27-12	4926-4935	Campeachy	
27-13	4935-4936	,	
27-14	4937-4940	are	
27-15	4941-4950	abundance	
27-16	4951-4953	of	
27-17	4954-4964	Alligators	
27-18	4964-4965	,	
27-19	4966-4971	where	
27-20	4972-4975	yet	
27-21	4976-4977	I	
27-22	4978-4983	never	
27-23	4984-4987	saw	
27-24	4988-4991	nor	
27-25	4992-4997	heard	
27-26	4998-5000	of	
27-27	5001-5004	any	
27-28	5005-5015	Crocodiles	
27-29	5015-5016	.	

#Text=At the Isle Grand Caymanes, there are Crocodiles, but no Alligators.
28-1	5017-5019	At	
28-2	5020-5023	the	
28-3	5024-5028	Isle	
28-4	5029-5034	Grand	
28-5	5035-5043	Caymanes	
28-6	5043-5044	,	
28-7	5045-5050	there	
28-8	5051-5054	are	
28-9	5055-5065	Crocodiles	
28-10	5065-5066	,	
28-11	5067-5070	but	
28-12	5071-5073	no	
28-13	5074-5084	Alligators	
28-14	5084-5085	.	

#Text=At Pines by Cuba, there are abundance of Crocodiles, but I cannot say there are no Alligators, tho '  I never saw any there.
29-1	5086-5088	At	
29-2	5089-5094	Pines	
29-3	5095-5097	by	
29-4	5098-5102	Cuba	
29-5	5102-5103	,	
29-6	5104-5109	there	
29-7	5110-5113	are	
29-8	5114-5123	abundance	
29-9	5124-5126	of	
29-10	5127-5137	Crocodiles	
29-11	5137-5138	,	
29-12	5139-5142	but	
29-13	5143-5144	I	
29-14	5145-5151	cannot	
29-15	5152-5155	say	
29-16	5156-5161	there	
29-17	5162-5165	are	
29-18	5166-5168	no	
29-19	5169-5179	Alligators	
29-20	5179-5180	,	
29-21	5181-5184	tho	
29-22	5185-5186	'	
29-23	5188-5189	I	
29-24	5190-5195	never	
29-25	5196-5199	saw	
29-26	5200-5203	any	
29-27	5204-5209	there	
29-28	5209-5210	.	

#Text=Both Kinds are called Caymanes, by the Spaniards; therefore probably they may reckon them for the same.
30-1	5211-5215	Both	
30-2	5216-5221	Kinds	
30-3	5222-5225	are	
30-4	5226-5232	called	
30-5	5233-5241	Caymanes	
30-6	5241-5242	,	
30-7	5243-5245	by	
30-8	5246-5249	the	
30-9	5250-5259	Spaniards	
30-10	5259-5260	;	
30-11	5261-5270	therefore	
30-12	5271-5279	probably	
30-13	5280-5284	they	
30-14	5285-5288	may	
30-15	5289-5295	reckon	
30-16	5296-5300	them	
30-17	5301-5304	for	
30-18	5305-5308	the	
30-19	5309-5313	same	
30-20	5313-5314	.	

#Text=And I know of no other difference, for they both lay Eggs alike, which are not distinguishable to the Eye: They are as big as a Goose-Egg, but much longer, and good Meat; yet the Alligators Eggs taste very musky: They prey both alike in either Element,
#Text=
#Text=for they love Flesh as well as Fish, and will live in either fresh or salt Water.
31-1	5315-5318	And	
31-2	5319-5320	I	
31-3	5321-5325	know	
31-4	5326-5328	of	
31-5	5329-5331	no	
31-6	5332-5337	other	
31-7	5338-5348	difference	
31-8	5348-5349	,	
31-9	5350-5353	for	
31-10	5354-5358	they	
31-11	5359-5363	both	
31-12	5364-5367	lay	
31-13	5368-5372	Eggs	
31-14	5373-5378	alike	
31-15	5378-5379	,	
31-16	5380-5385	which	
31-17	5386-5389	are	
31-18	5390-5393	not	
31-19	5394-5409	distinguishable	
31-20	5410-5412	to	
31-21	5413-5416	the	
31-22	5417-5420	Eye	
31-23	5420-5421	:	
31-24	5422-5426	They	
31-25	5427-5430	are	
31-26	5431-5433	as	
31-27	5434-5437	big	
31-28	5438-5440	as	
31-29	5441-5442	a	
31-30	5443-5452	Goose-Egg	
31-31	5452-5453	,	
31-32	5454-5457	but	
31-33	5458-5462	much	
31-34	5463-5469	longer	
31-35	5469-5470	,	
31-36	5471-5474	and	
31-37	5475-5479	good	
31-38	5480-5484	Meat	
31-39	5484-5485	;	
31-40	5486-5489	yet	
31-41	5490-5493	the	
31-42	5494-5504	Alligators	
31-43	5505-5509	Eggs	
31-44	5510-5515	taste	
31-45	5516-5520	very	
31-46	5521-5526	musky	
31-47	5526-5527	:	
31-48	5528-5532	They	
31-49	5533-5537	prey	
31-50	5538-5542	both	
31-51	5543-5548	alike	
31-52	5549-5551	in	
31-53	5552-5558	either	
31-54	5559-5566	Element	
31-55	5566-5567	,	
31-56	5569-5572	for	
31-57	5573-5577	they	
31-58	5578-5582	love	
31-59	5583-5588	Flesh	
31-60	5589-5591	as	
31-61	5592-5596	well	
31-62	5597-5599	as	
31-63	5600-5604	Fish	
31-64	5604-5605	,	
31-65	5606-5609	and	
31-66	5610-5614	will	
31-67	5615-5619	live	
31-68	5620-5622	in	
31-69	5623-5629	either	
31-70	5630-5635	fresh	
31-71	5636-5638	or	
31-72	5639-5643	salt	
31-73	5644-5649	Water	
31-74	5649-5650	.	

#Text=Beside these Creatures, I know none that can live any where, or upon any sort of Food, like them
32-1	5651-5657	Beside	
32-2	5658-5663	these	
32-3	5664-5673	Creatures	
32-4	5673-5674	,	
32-5	5675-5676	I	
32-6	5677-5681	know	
32-7	5682-5686	none	
32-8	5687-5691	that	
32-9	5692-5695	can	
32-10	5696-5700	live	
32-11	5701-5704	any	
32-12	5705-5710	where	
32-13	5710-5711	,	
32-14	5712-5714	or	
32-15	5715-5719	upon	
32-16	5720-5723	any	
32-17	5724-5728	sort	
32-18	5729-5731	of	
32-19	5732-5736	Food	
32-20	5736-5737	,	
32-21	5738-5742	like	
32-22	5743-5747	them	

#Text=.
33-1	5747-5748	.	

#Text=' Tis reported, that they love Dogs Flesh better than any other Flesh what|soever.
34-1	5750-5751	'	
34-2	5752-5755	Tis	
34-3	5756-5764	reported	
34-4	5764-5765	,	
34-5	5766-5770	that	
34-6	5771-5775	they	
34-7	5776-5780	love	
34-8	5781-5785	Dogs	
34-9	5786-5791	Flesh	
34-10	5792-5798	better	
34-11	5799-5803	than	
34-12	5804-5807	any	
34-13	5808-5813	other	
34-14	5814-5819	Flesh	
34-15	5820-5824	what	
34-16	5824-5825	|	
34-17	5825-5831	soever	
34-18	5831-5832	.	

#Text=This I have seen with my own Eyes, that our Dogs were so much afraid of them, that they would not very willingly drink at any great River or Creek where those Creatures might lurk and hide themselves, unless they were (through Necessity) constrained to it; and then they would stand five or six Foot from the brink of the Creek or River, and bark a considerable time before they would Adventure nearer; and then even at the sight of their own Shadows in the Water, they would again retire to the Place from whence they came, and bark vehemently a long time; so that in the dry Season, when there was no fresh Water but in Ponds and Creeks, we used to fetch it our selves and give it our Dogs; and many times in our Hunting, when we came to a large Creek that we were to pass through, our Dogs would not follow us; so that we often took them in our Arms, and carried them over.
35-1	5833-5837	This	
35-2	5838-5839	I	
35-3	5840-5844	have	
35-4	5845-5849	seen	
35-5	5850-5854	with	
35-6	5855-5857	my	
35-7	5858-5861	own	
35-8	5862-5866	Eyes	
35-9	5866-5867	,	
35-10	5868-5872	that	
35-11	5873-5876	our	
35-12	5877-5881	Dogs	
35-13	5882-5886	were	
35-14	5887-5889	so	
35-15	5890-5894	much	
35-16	5895-5901	afraid	
35-17	5902-5904	of	
35-18	5905-5909	them	
35-19	5909-5910	,	
35-20	5911-5915	that	
35-21	5916-5920	they	
35-22	5921-5926	would	
35-23	5927-5930	not	
35-24	5931-5935	very	
35-25	5936-5945	willingly	
35-26	5946-5951	drink	
35-27	5952-5954	at	
35-28	5955-5958	any	
35-29	5959-5964	great	
35-30	5965-5970	River	
35-31	5971-5973	or	
35-32	5974-5979	Creek	
35-33	5980-5985	where	
35-34	5986-5991	those	
35-35	5992-6001	Creatures	
35-36	6002-6007	might	
35-37	6008-6012	lurk	
35-38	6013-6016	and	
35-39	6017-6021	hide	
35-40	6022-6032	themselves	
35-41	6032-6033	,	
35-42	6034-6040	unless	
35-43	6041-6045	they	
35-44	6046-6050	were	
35-45	6051-6052	(	
35-46	6052-6059	through	
35-47	6060-6069	Necessity	
35-48	6069-6070	)	
35-49	6071-6082	constrained	
35-50	6083-6085	to	
35-51	6086-6088	it	
35-52	6088-6089	;	
35-53	6090-6093	and	
35-54	6094-6098	then	
35-55	6099-6103	they	
35-56	6104-6109	would	
35-57	6110-6115	stand	
35-58	6116-6120	five	
35-59	6121-6123	or	
35-60	6124-6127	six	
35-61	6128-6132	Foot	
35-62	6133-6137	from	
35-63	6138-6141	the	
35-64	6142-6147	brink	
35-65	6148-6150	of	
35-66	6151-6154	the	
35-67	6155-6160	Creek	
35-68	6161-6163	or	
35-69	6164-6169	River	
35-70	6169-6170	,	
35-71	6171-6174	and	
35-72	6175-6179	bark	
35-73	6180-6181	a	
35-74	6182-6194	considerable	
35-75	6195-6199	time	
35-76	6200-6206	before	
35-77	6207-6211	they	
35-78	6212-6217	would	
35-79	6218-6227	Adventure	
35-80	6228-6234	nearer	
35-81	6234-6235	;	
35-82	6236-6239	and	
35-83	6240-6244	then	
35-84	6245-6249	even	
35-85	6250-6252	at	
35-86	6253-6256	the	
35-87	6257-6262	sight	
35-88	6263-6265	of	
35-89	6266-6271	their	
35-90	6272-6275	own	
35-91	6276-6283	Shadows	
35-92	6284-6286	in	
35-93	6287-6290	the	
35-94	6291-6296	Water	
35-95	6296-6297	,	
35-96	6298-6302	they	
35-97	6303-6308	would	
35-98	6309-6314	again	
35-99	6315-6321	retire	
35-100	6322-6324	to	
35-101	6325-6328	the	
35-102	6329-6334	Place	
35-103	6335-6339	from	
35-104	6340-6346	whence	
35-105	6347-6351	they	
35-106	6352-6356	came	
35-107	6356-6357	,	
35-108	6358-6361	and	
35-109	6362-6366	bark	
35-110	6367-6377	vehemently	
35-111	6378-6379	a	
35-112	6380-6384	long	
35-113	6385-6389	time	
35-114	6389-6390	;	
35-115	6391-6393	so	
35-116	6394-6398	that	
35-117	6399-6401	in	
35-118	6402-6405	the	
35-119	6406-6409	dry	
35-120	6410-6416	Season	
35-121	6416-6417	,	
35-122	6418-6422	when	
35-123	6423-6428	there	
35-124	6429-6432	was	
35-125	6433-6435	no	
35-126	6436-6441	fresh	
35-127	6442-6447	Water	
35-128	6448-6451	but	
35-129	6452-6454	in	
35-130	6455-6460	Ponds	
35-131	6461-6464	and	
35-132	6465-6471	Creeks	
35-133	6471-6472	,	
35-134	6473-6475	we	
35-135	6476-6480	used	
35-136	6481-6483	to	
35-137	6484-6489	fetch	
35-138	6490-6492	it	
35-139	6493-6496	our	
35-140	6497-6503	selves	
35-141	6504-6507	and	
35-142	6508-6512	give	
35-143	6513-6515	it	
35-144	6516-6519	our	
35-145	6520-6524	Dogs	
35-146	6524-6525	;	
35-147	6526-6529	and	
35-148	6530-6534	many	
35-149	6535-6540	times	
35-150	6541-6543	in	
35-151	6544-6547	our	
35-152	6548-6555	Hunting	
35-153	6555-6556	,	
35-154	6557-6561	when	
35-155	6562-6564	we	
35-156	6565-6569	came	
35-157	6570-6572	to	
35-158	6573-6574	a	
35-159	6575-6580	large	
35-160	6581-6586	Creek	
35-161	6587-6591	that	
35-162	6592-6594	we	
35-163	6595-6599	were	
35-164	6600-6602	to	
35-165	6603-6607	pass	
35-166	6608-6615	through	
35-167	6615-6616	,	
35-168	6617-6620	our	
35-169	6621-6625	Dogs	
35-170	6626-6631	would	
35-171	6632-6635	not	
35-172	6636-6642	follow	
35-173	6643-6645	us	
35-174	6645-6646	;	
35-175	6647-6649	so	
35-176	6650-6654	that	
35-177	6655-6657	we	
35-178	6658-6663	often	
35-179	6664-6668	took	
35-180	6669-6673	them	
35-181	6674-6676	in	
35-182	6677-6680	our	
35-183	6681-6685	Arms	
35-184	6685-6686	,	
35-185	6687-6690	and	
35-186	6691-6698	carried	
35-187	6699-6703	them	
35-188	6704-6708	over	
35-189	6708-6709	.	

#Text=Besides the fore-mentioned difference between the Alligator and Crocodile; the latter is accounted more fierce and daring then the Alligator: There|fore when we go to the Isles of Pines or Grand Caymanes to hunt, we are often molested by them, especially in the Night.
36-1	6711-6718	Besides	
36-2	6719-6722	the	
36-3	6723-6737	fore-mentioned	
36-4	6738-6748	difference	
36-5	6749-6756	between	
36-6	6757-6760	the	
36-7	6761-6770	Alligator	
36-8	6771-6774	and	
36-9	6775-6784	Crocodile	
36-10	6784-6785	;	
36-11	6786-6789	the	
36-12	6790-6796	latter	
36-13	6797-6799	is	
36-14	6800-6809	accounted	
36-15	6810-6814	more	
36-16	6815-6821	fierce	
36-17	6822-6825	and	
36-18	6826-6832	daring	
36-19	6833-6837	then	
36-20	6838-6841	the	
36-21	6842-6851	Alligator	
36-22	6851-6852	:	
36-23	6853-6858	There	
36-24	6858-6859	|	
36-25	6859-6863	fore	
36-26	6864-6868	when	
36-27	6869-6871	we	
36-28	6872-6874	go	
36-29	6875-6877	to	
36-30	6878-6881	the	
36-31	6882-6887	Isles	
36-32	6888-6890	of	
36-33	6891-6896	Pines	
36-34	6897-6899	or	
36-35	6900-6905	Grand	
36-36	6906-6914	Caymanes	
36-37	6915-6917	to	
36-38	6918-6922	hunt	
36-39	6922-6923	,	
36-40	6924-6926	we	
36-41	6927-6930	are	
36-42	6931-6936	often	
36-43	6937-6945	molested	
36-44	6946-6948	by	
36-45	6949-6953	them	
36-46	6953-6954	,	
36-47	6955-6965	especially	
36-48	6966-6968	in	
36-49	6969-6972	the	
36-50	6973-6978	Night	
36-51	6978-6979	.	

#Text=But in the Bay of Cam|peachy, where there are only Alligators, I did never know any Mischief done by them, except by accident Men run themselves into their Jaws.
37-1	6980-6983	But	
37-2	6984-6986	in	
37-3	6987-6990	the	
37-4	6991-6994	Bay	
37-5	6995-6997	of	
37-6	6998-7001	Cam	
37-7	7001-7002	|	
37-8	7002-7008	peachy	
37-9	7008-7009	,	
37-10	7010-7015	where	
37-11	7016-7021	there	
37-12	7022-7025	are	
37-13	7026-7030	only	
37-14	7031-7041	Alligators	
37-15	7041-7042	,	
37-16	7043-7044	I	
37-17	7045-7048	did	
37-18	7049-7054	never	
37-19	7055-7059	know	
37-20	7060-7063	any	
37-21	7064-7072	Mischief	
37-22	7073-7077	done	
37-23	7078-7080	by	
37-24	7081-7085	them	
37-25	7085-7086	,	
37-26	7087-7093	except	
37-27	7094-7096	by	
37-28	7097-7105	accident	
37-29	7106-7109	Men	
37-30	7110-7113	run	
37-31	7114-7124	themselves	
37-32	7125-7129	into	
37-33	7130-7135	their	
37-34	7136-7140	Jaws	
37-35	7140-7141	.	

#Text=I remember one Instance of this Nature, which is as follows.
38-1	7142-7143	I	
38-2	7144-7152	remember	
38-3	7153-7156	one	
38-4	7157-7165	Instance	
38-5	7166-7168	of	
38-6	7169-7173	this	
38-7	7174-7180	Nature	
38-8	7180-7181	,	
38-9	7182-7187	which	
38-10	7188-7190	is	
38-11	7191-7193	as	
38-12	7194-7201	follows	
38-13	7201-7202	.	

#Text=In the very height of the dry time seven or eight Men (English and Irish) went to a place called Pies Pond, on Beef-Island, to hunt.
39-1	7205-7207	In	
39-2	7208-7211	the	
39-3	7212-7216	very	
39-4	7217-7223	height	
39-5	7224-7226	of	
39-6	7227-7230	the	
39-7	7231-7234	dry	
39-8	7235-7239	time	
39-9	7240-7245	seven	
39-10	7246-7248	or	
39-11	7249-7254	eight	
39-12	7255-7258	Men	
39-13	7259-7260	(	
39-14	7260-7267	English	
39-15	7268-7271	and	
39-16	7272-7277	Irish	
39-17	7277-7278	)	
39-18	7279-7283	went	
39-19	7284-7286	to	
39-20	7287-7288	a	
39-21	7289-7294	place	
39-22	7295-7301	called	
39-23	7302-7306	Pies	
39-24	7307-7311	Pond	
39-25	7311-7312	,	
39-26	7313-7315	on	
39-27	7316-7327	Beef-Island	
39-28	7327-7328	,	
39-29	7329-7331	to	
39-30	7332-7336	hunt	
39-31	7336-7337	.	

#Text=This Pond was never dry, so that the Cattle drew hither in swarms, but after two or three days hunting they were shy, and would not come to the Pond till Night, and then if an Army of Men had lain to oppose them, they would not have been debarr ' d of Water.
40-1	7338-7342	This	
40-2	7343-7347	Pond	
40-3	7348-7351	was	
40-4	7352-7357	never	
40-5	7358-7361	dry	
40-6	7361-7362	,	
40-7	7363-7365	so	
40-8	7366-7370	that	
40-9	7371-7374	the	
40-10	7375-7381	Cattle	
40-11	7382-7386	drew	
40-12	7387-7393	hither	
40-13	7394-7396	in	
40-14	7397-7403	swarms	
40-15	7403-7404	,	
40-16	7405-7408	but	
40-17	7409-7414	after	
40-18	7415-7418	two	
40-19	7419-7421	or	
40-20	7422-7427	three	
40-21	7428-7432	days	
40-22	7433-7440	hunting	
40-23	7441-7445	they	
40-24	7446-7450	were	
40-25	7451-7454	shy	
40-26	7454-7455	,	
40-27	7456-7459	and	
40-28	7460-7465	would	
40-29	7466-7469	not	
40-30	7470-7474	come	
40-31	7475-7477	to	
40-32	7478-7481	the	
40-33	7482-7486	Pond	
40-34	7487-7491	till	
40-35	7492-7497	Night	
40-36	7497-7498	,	
40-37	7499-7502	and	
40-38	7503-7507	then	
40-39	7508-7510	if	
40-40	7511-7513	an	
40-41	7514-7518	Army	
40-42	7519-7521	of	
40-43	7522-7525	Men	
40-44	7526-7529	had	
40-45	7530-7534	lain	
40-46	7535-7537	to	
40-47	7538-7544	oppose	
40-48	7545-7549	them	
40-49	7549-7550	,	
40-50	7551-7555	they	
40-51	7556-7561	would	
40-52	7562-7565	not	
40-53	7566-7570	have	
40-54	7571-7575	been	
40-55	7576-7582	debarr	
40-56	7583-7584	'	
40-57	7585-7586	d	
40-58	7587-7589	of	
40-59	7590-7595	Water	
40-60	7595-7596	.	

#Text=The Hunters knowing their Custom, lay still all Day, and in the Night visited this Pond, and killed as many Beefs as they could.
41-1	7597-7600	The	
41-2	7601-7608	Hunters	
41-3	7609-7616	knowing	
41-4	7617-7622	their	
41-5	7623-7629	Custom	
41-6	7629-7630	,	
41-7	7631-7634	lay	
41-8	7635-7640	still	
41-9	7641-7644	all	
41-10	7645-7648	Day	
41-11	7648-7649	,	
41-12	7650-7653	and	
41-13	7654-7656	in	
41-14	7657-7660	the	
41-15	7661-7666	Night	
41-16	7667-7674	visited	
41-17	7675-7679	this	
41-18	7680-7684	Pond	
41-19	7684-7685	,	
41-20	7686-7689	and	
41-21	7690-7696	killed	
41-22	7697-7699	as	
41-23	7700-7704	many	
41-24	7705-7710	Beefs	
41-25	7711-7713	as	
41-26	7714-7718	they	
41-27	7719-7724	could	
41-28	7724-7725	.	

#Text=This Trade they had driven a Week, and made great profit.
42-1	7726-7730	This	
42-2	7731-7736	Trade	
42-3	7737-7741	they	
42-4	7742-7745	had	
42-5	7746-7752	driven	
42-6	7753-7754	a	
42-7	7755-7759	Week	
42-8	7759-7760	,	
42-9	7761-7764	and	
42-10	7765-7769	made	
42-11	7770-7775	great	
42-12	7776-7782	profit	
42-13	7782-7783	.	

#Text=At length an Irish-man going to the Pond in the Night, stumbled over an Alligator that lay in the Path: The Alligator seized him by the Knee; at which the Man cries out, Help!
43-1	7784-7786	At	
43-2	7787-7793	length	
43-3	7794-7796	an	
43-4	7797-7806	Irish-man	
43-5	7807-7812	going	
43-6	7813-7815	to	
43-7	7816-7819	the	
43-8	7820-7824	Pond	
43-9	7825-7827	in	
43-10	7828-7831	the	
43-11	7832-7837	Night	
43-12	7837-7838	,	
43-13	7839-7847	stumbled	
43-14	7848-7852	over	
43-15	7853-7855	an	
43-16	7856-7865	Alligator	
43-17	7866-7870	that	
43-18	7871-7874	lay	
43-19	7875-7877	in	
43-20	7878-7881	the	
43-21	7882-7886	Path	
43-22	7886-7887	:	
43-23	7888-7891	The	
43-24	7892-7901	Alligator	
43-25	7902-7908	seized	
43-26	7909-7912	him	
43-27	7913-7915	by	
43-28	7916-7919	the	
43-29	7920-7924	Knee	
43-30	7924-7925	;	
43-31	7926-7928	at	
43-32	7929-7934	which	
43-33	7935-7938	the	
43-34	7939-7942	Man	
43-35	7943-7948	cries	
43-36	7949-7952	out	
43-37	7952-7953	,	
43-38	7954-7958	Help	
43-39	7958-7959	!	

#Text=help!
44-1	7960-7964	help	
44-2	7964-7965	!	

#Text=His Consorts not know|ing what the matter was, ran all away from their Huts, supposing that he was fallen into the Clutches of some Spaniards, of whom they were afraid every dry Season.
45-1	7966-7969	His	
45-2	7970-7978	Consorts	
45-3	7979-7982	not	
45-4	7983-7987	know	
45-5	7987-7988	|	
45-6	7988-7991	ing	
45-7	7992-7996	what	
45-8	7997-8000	the	
45-9	8001-8007	matter	
45-10	8008-8011	was	
45-11	8011-8012	,	
45-12	8013-8016	ran	
45-13	8017-8020	all	
45-14	8021-8025	away	
45-15	8026-8030	from	
45-16	8031-8036	their	
45-17	8037-8041	Huts	
45-18	8041-8042	,	
45-19	8043-8052	supposing	
45-20	8053-8057	that	
45-21	8058-8060	he	
45-22	8061-8064	was	
45-23	8065-8071	fallen	
45-24	8072-8076	into	
45-25	8077-8080	the	
45-26	8081-8089	Clutches	
45-27	8090-8092	of	
45-28	8093-8097	some	
45-29	8098-8107	Spaniards	
45-30	8107-8108	,	
45-31	8109-8111	of	
45-32	8112-8116	whom	
45-33	8117-8121	they	
45-34	8122-8126	were	
45-35	8127-8133	afraid	
45-36	8134-8139	every	
45-37	8140-8143	dry	
45-38	8144-8150	Season	
45-39	8150-8151	.	

#Text=But poor Daniel not finding any assistance, waited till the Beast opened his Jaw to take better hold; because it is usual for the Alligator to do so; and then snatch ' d away his Knee, and slipt the But-end of his Gun in the room of it, which the Alligator griped so hard, that he pull ' d it out of his Hand and so went away.
46-1	8152-8155	But	
46-2	8156-8160	poor	
46-3	8161-8167	Daniel	
46-4	8168-8171	not	
46-5	8172-8179	finding	
46-6	8180-8183	any	
46-7	8184-8194	assistance	
46-8	8194-8195	,	
46-9	8196-8202	waited	
46-10	8203-8207	till	
46-11	8208-8211	the	
46-12	8212-8217	Beast	
46-13	8218-8224	opened	
46-14	8225-8228	his	
46-15	8229-8232	Jaw	
46-16	8233-8235	to	
46-17	8236-8240	take	
46-18	8241-8247	better	
46-19	8248-8252	hold	
46-20	8252-8253	;	
46-21	8254-8261	because	
46-22	8262-8264	it	
46-23	8265-8267	is	
46-24	8268-8273	usual	
46-25	8274-8277	for	
46-26	8278-8281	the	
46-27	8282-8291	Alligator	
46-28	8292-8294	to	
46-29	8295-8297	do	
46-30	8298-8300	so	
46-31	8300-8301	;	
46-32	8302-8305	and	
46-33	8306-8310	then	
46-34	8311-8317	snatch	
46-35	8318-8319	'	
46-36	8320-8321	d	
46-37	8322-8326	away	
46-38	8327-8330	his	
46-39	8331-8335	Knee	
46-40	8335-8336	,	
46-41	8337-8340	and	
46-42	8341-8346	slipt	
46-43	8347-8350	the	
46-44	8351-8358	But-end	
46-45	8359-8361	of	
46-46	8362-8365	his	
46-47	8366-8369	Gun	
46-48	8370-8372	in	
46-49	8373-8376	the	
46-50	8377-8381	room	
46-51	8382-8384	of	
46-52	8385-8387	it	
46-53	8387-8388	,	
46-54	8389-8394	which	
46-55	8395-8398	the	
46-56	8399-8408	Alligator	
46-57	8409-8415	griped	
46-58	8416-8418	so	
46-59	8419-8423	hard	
46-60	8423-8424	,	
46-61	8425-8429	that	
46-62	8430-8432	he	
46-63	8433-8437	pull	
46-64	8438-8439	'	
46-65	8440-8441	d	
46-66	8442-8444	it	
46-67	8445-8448	out	
46-68	8449-8451	of	
46-69	8452-8455	his	
46-70	8456-8460	Hand	
46-71	8461-8464	and	
46-72	8465-8467	so	
46-73	8468-8472	went	
46-74	8473-8477	away	
46-75	8477-8478	.	

#Text=The Man being near a small Tree climb ' d up out of his reach; and then cried out to his Consorts to come and assist him; who being still within Call, and watching to hear the Issue of the Ala|rum, made haste to him with Fire-brands in their Hands, and brought him away in their Arms to his Hut; for he was in a deplora|ble condition, and not able to stand on his Feet, his Knee was so torn with the Alligators Teeth.
47-1	8479-8482	The	
47-2	8483-8486	Man	
47-3	8487-8492	being	
47-4	8493-8497	near	
47-5	8498-8499	a	
47-6	8500-8505	small	
47-7	8506-8510	Tree	
47-8	8511-8516	climb	
47-9	8517-8518	'	
47-10	8519-8520	d	
47-11	8521-8523	up	
47-12	8524-8527	out	
47-13	8528-8530	of	
47-14	8531-8534	his	
47-15	8535-8540	reach	
47-16	8540-8541	;	
47-17	8542-8545	and	
47-18	8546-8550	then	
47-19	8551-8556	cried	
47-20	8557-8560	out	
47-21	8561-8563	to	
47-22	8564-8567	his	
47-23	8568-8576	Consorts	
47-24	8577-8579	to	
47-25	8580-8584	come	
47-26	8585-8588	and	
47-27	8589-8595	assist	
47-28	8596-8599	him	
47-29	8599-8600	;	
47-30	8601-8604	who	
47-31	8605-8610	being	
47-32	8611-8616	still	
47-33	8617-8623	within	
47-34	8624-8628	Call	
47-35	8628-8629	,	
47-36	8630-8633	and	
47-37	8634-8642	watching	
47-38	8643-8645	to	
47-39	8646-8650	hear	
47-40	8651-8654	the	
47-41	8655-8660	Issue	
47-42	8661-8663	of	
47-43	8664-8667	the	
47-44	8668-8671	Ala	
47-45	8671-8672	|	
47-46	8672-8675	rum	
47-47	8675-8676	,	
47-48	8677-8681	made	
47-49	8682-8687	haste	
47-50	8688-8690	to	
47-51	8691-8694	him	
47-52	8695-8699	with	
47-53	8700-8711	Fire-brands	
47-54	8712-8714	in	
47-55	8715-8720	their	
47-56	8721-8726	Hands	
47-57	8726-8727	,	
47-58	8728-8731	and	
47-59	8732-8739	brought	
47-60	8740-8743	him	
47-61	8744-8748	away	
47-62	8749-8751	in	
47-63	8752-8757	their	
47-64	8758-8762	Arms	
47-65	8763-8765	to	
47-66	8766-8769	his	
47-67	8770-8773	Hut	
47-68	8773-8774	;	
47-69	8775-8778	for	
47-70	8779-8781	he	
47-71	8782-8785	was	
47-72	8786-8788	in	
47-73	8789-8790	a	
47-74	8791-8798	deplora	
47-75	8798-8799	|	
47-76	8799-8802	ble	
47-77	8803-8812	condition	
47-78	8812-8813	,	
47-79	8814-8817	and	
47-80	8818-8821	not	
47-81	8822-8826	able	
47-82	8827-8829	to	
47-83	8830-8835	stand	
47-84	8836-8838	on	
47-85	8839-8842	his	
47-86	8843-8847	Feet	
47-87	8847-8848	,	
47-88	8849-8852	his	
47-89	8853-8857	Knee	
47-90	8858-8861	was	
47-91	8862-8864	so	
47-92	8865-8869	torn	
47-93	8870-8874	with	
47-94	8875-8878	the	
47-95	8879-8889	Alligators	
47-96	8890-8895	Teeth	
47-97	8895-8896	.	
