#FORMAT=WebAnno TSV 3.3


#Text=Ofschoon zij hem zeer wel zagen, vereenigden zij zich op een zacht, eigenaardig 
#Text=fluiten bij hoopen en konden dus gemakkelijk geschoten worden.
1-1	4-12	Ofschoon	
1-2	13-16	zij	
1-3	17-20	hem	
1-4	21-25	zeer	
1-5	26-29	wel	
1-6	30-35	zagen	
1-7	35-36	,	
1-8	37-48	vereenigden	
1-9	49-52	zij	
1-10	53-57	zich	
1-11	58-60	op	
1-12	61-64	een	
1-13	65-70	zacht	
1-14	70-71	,	
1-15	72-83	eigenaardig	
1-16	85-92	fluiten	
1-17	93-96	bij	
1-18	97-103	hoopen	
1-19	104-106	en	
1-20	107-113	konden	
1-21	114-117	dus	
1-22	118-129	gemakkelijk	
1-23	130-139	geschoten	
1-24	140-146	worden	
1-25	146-147	.	

#Text=In een enkel schot 
#Text=vielen er ruim 40 stuks;
#Text=zij hadden de grootte eener duif en waren uiterst vet en zeer 
#Text=smakelijk.
2-1	148-150	In	
2-2	151-154	een	
2-3	155-160	enkel	
2-4	161-166	schot	
2-5	168-174	vielen	
2-6	175-177	er	
2-7	178-182	ruim	
2-8	183-185	40	
2-9	186-191	stuks	
2-10	191-192	;	
2-11	193-196	zij	
2-12	197-203	hadden	
2-13	204-206	de	
2-14	207-214	grootte	
2-15	215-220	eener	
2-16	221-225	duif	
2-17	226-228	en	
2-18	229-234	waren	
2-19	235-242	uiterst	
2-20	243-246	vet	
2-21	247-249	en	
2-22	250-254	zeer	
2-23	256-265	smakelijk	
2-24	265-266	.	

#Text=Deze soort wordt hier Pluvieren1) genoemd.
3-1	267-271	Deze	
3-2	272-277	soort	
3-3	278-283	wordt	
3-4	284-288	hier	
3-5	289-299	Pluvieren1	
3-6	299-300	)	
3-7	301-308	genoemd	
3-8	308-309	.	

#Text=Verder
#Text=landwaarts in stieten
#Text=wij op groote vlugten van
#Text=
#Text=
#Text=
#Text=
#Text=
#Text=
#Text=
#Text=
#Text=
#Text=
#Text=
#Text=
#Text=
#Text=
#Text=
#Text=
#Text=
#Text=
#Text=
#Text=
#Text=
#Text=
#Text=1)
#Text=\t
#Text=De menigte snippen of strandloopers op de modderbanken langs de zee en in de daaraan 
#Text=grenzende moerassen gaat alle denkbeeld te boven.
4-1	311-317	Verder	
4-2	318-328	landwaarts	
4-3	329-331	in	
4-4	332-339	stieten	
4-5	340-343	wij	
4-6	344-346	op	
4-7	347-353	groote	
4-8	354-361	vlugten	
4-9	362-365	van	
4-10	388-389	1	
4-11	389-390	)	
4-12	393-395	De	
4-13	396-403	menigte	
4-14	404-411	snippen	
4-15	412-414	of	
4-16	415-428	strandloopers	
4-17	429-431	op	
4-18	432-434	de	
4-19	435-447	modderbanken	
4-20	448-453	langs	
4-21	454-456	de	
4-22	457-460	zee	
4-23	461-463	en	
4-24	464-466	in	
4-25	467-469	de	
4-26	470-477	daaraan	
4-27	479-488	grenzende	
4-28	489-498	moerassen	
4-29	499-503	gaat	
4-30	504-508	alle	
4-31	509-518	denkbeeld	
4-32	519-521	te	
4-33	522-527	boven	
4-34	527-528	.	

#Text=Met het opkomen van den vloed ziet men 
#Text=wolken dezer vogels, waardoor inderdaad voor korten tijd de lucht verduisterd wordt.
5-1	529-532	Met	
5-2	533-536	het	
5-3	537-544	opkomen	
5-4	545-548	van	
5-5	549-552	den	
5-6	553-558	vloed	
5-7	559-563	ziet	
5-8	564-567	men	
5-9	569-575	wolken	
5-10	576-581	dezer	
5-11	582-588	vogels	
5-12	588-589	,	
5-13	590-598	waardoor	
5-14	599-608	inderdaad	
5-15	609-613	voor	
5-16	614-620	korten	
5-17	621-625	tijd	
5-18	626-628	de	
5-19	629-634	lucht	
5-20	635-646	verduisterd	
5-21	647-652	wordt	
5-22	652-653	.	

#Text=Door 
#Text=een enkel schot met fijnen hagel vallen er soms 200-300 stuks!
6-1	654-658	Door	
6-2	660-663	een	
6-3	664-669	enkel	
6-4	670-675	schot	
6-5	676-679	met	
6-6	680-686	fijnen	
6-7	687-692	hagel	
6-8	693-699	vallen	
6-9	700-702	er	
6-10	703-707	soms	
6-11	708-711	200	
6-12	711-712	-	
6-13	712-715	300	
6-14	716-721	stuks	
6-15	721-722	!	

#Text=Het talrijkst zijn
#Text=de kleine: 
#Text=deze zijn niet veel grooter dan eene zwaluw.
#Text=- Ik ging eens met het vallen van den avond 
#Text=van den post Oranje over eene slechts spaarzaam met lage struiken bezette modderbank om 
#Text=mijne boot, die in eene kleine kreek aan het strand lag, te bereiken.
7-1	723-726	Het	
7-2	727-736	talrijkst	
7-3	737-741	zijn	
7-4	742-744	de	
7-5	745-751	kleine	
7-6	751-752	:	
7-7	754-758	deze	
7-8	759-763	zijn	
7-9	764-768	niet	
7-10	769-773	veel	
7-11	774-781	grooter	
7-12	782-785	dan	
7-13	786-790	eene	
7-14	791-797	zwaluw	
7-15	797-798	.	
7-16	799-800	-	
7-17	801-803	Ik	
7-18	804-808	ging	
7-19	809-813	eens	
7-20	814-817	met	
7-21	818-821	het	
7-22	822-828	vallen	
7-23	829-832	van	
7-24	833-836	den	
7-25	837-842	avond	
7-26	844-847	van	
7-27	848-851	den	
7-28	852-856	post	
7-29	857-863	Oranje	
7-30	864-868	over	
7-31	869-873	eene	
7-32	874-881	slechts	
7-33	882-891	spaarzaam	
7-34	892-895	met	
7-35	896-900	lage	
7-36	901-909	struiken	
7-37	910-917	bezette	
7-38	918-928	modderbank	
7-39	929-931	om	
7-40	933-938	mijne	
7-41	939-943	boot	
7-42	943-944	,	
7-43	945-948	die	
7-44	949-951	in	
7-45	952-956	eene	
7-46	957-963	kleine	
7-47	964-969	kreek	
7-48	970-973	aan	
7-49	974-977	het	
7-50	978-984	strand	
7-51	985-988	lag	
7-52	988-989	,	
7-53	990-992	te	
7-54	993-1001	bereiken	
7-55	1001-1002	.	

#Text=Op deze bank had een 
#Text=zwerm van deze kleine snippen hare nachtrust genomen, en werd door mij daarin gestoord.
8-1	1003-1005	Op	
8-2	1006-1010	deze	
8-3	1011-1015	bank	
8-4	1016-1019	had	
8-5	1020-1023	een	
8-6	1025-1030	zwerm	
8-7	1031-1034	van	
8-8	1035-1039	deze	
8-9	1040-1046	kleine	
8-10	1047-1054	snippen	
8-11	1055-1059	hare	
8-12	1060-1069	nachtrust	
8-13	1070-1077	genomen	
8-14	1077-1078	,	
8-15	1079-1081	en	
8-16	1082-1086	werd	
8-17	1087-1091	door	
8-18	1092-1095	mij	
8-19	1096-1102	daarin	
8-20	1103-1111	gestoord	
8-21	1111-1112	.	

#Text=De geheele zwerm vloog in de grootste wanorde op en fladderde om mij heen.
9-1	1115-1117	De	
9-2	1118-1125	geheele	
9-3	1126-1131	zwerm	
9-4	1132-1137	vloog	
9-5	1138-1140	in	
9-6	1141-1143	de	
9-7	1144-1152	grootste	
9-8	1153-1160	wanorde	
9-9	1161-1163	op	
9-10	1164-1166	en	
9-11	1167-1176	fladderde	
9-12	1177-1179	om	
9-13	1180-1183	mij	
9-14	1184-1188	heen	
9-15	1188-1189	.	

#Text=Honderden 
#Text=heb ik er misschien vertrapt en het geklapwiek van zulk eene menigte vogels veroorzaakte 
#Text=eene hitte en beklemdheid, dat ik hartelijk blijde was, toen ik dit snippenleger achter mij had.
10-1	1190-1199	Honderden	
10-2	1201-1204	heb	
10-3	1205-1207	ik	
10-4	1208-1210	er	
10-5	1211-1220	misschien	
10-6	1221-1229	vertrapt	
10-7	1230-1232	en	
10-8	1233-1236	het	
10-9	1237-1247	geklapwiek	
10-10	1248-1251	van	
10-11	1252-1256	zulk	
10-12	1257-1261	eene	
10-13	1262-1269	menigte	
10-14	1270-1276	vogels	
10-15	1277-1289	veroorzaakte	
10-16	1291-1295	eene	
10-17	1296-1301	hitte	
10-18	1302-1304	en	
10-19	1305-1316	beklemdheid	
10-20	1316-1317	,	
10-21	1318-1321	dat	
10-22	1322-1324	ik	
10-23	1325-1334	hartelijk	
10-24	1335-1341	blijde	
10-25	1342-1345	was	
10-26	1345-1346	,	
10-27	1347-1351	toen	
10-28	1352-1354	ik	
10-29	1355-1358	dit	
10-30	1359-1371	snippenleger	
10-31	1372-1378	achter	
10-32	1379-1382	mij	
10-33	1383-1386	had	
10-34	1386-1387	.	
