<?xml version="1.0" encoding="UTF-8"?><Document>
    <de.tudarmstadt.ukp.dkpro.core.api.metadata.type.DocumentMetaData sofa="Sofa" begin="0" end="859" language="x-unspecified" documentTitle="082F%20Barthelemy_Voyage.txt" documentId="thibault" documentUri="file:/home/dhuser/alessio/inception/repository/project/27/docume..." collectionId="file:/home/dhuser/alessio/inception/repository/project/27/docume..." documentBaseUri="file:/home/dhuser/alessio/inception/repository/project/27/docume..." isLastSegment="false">
        <de.tudarmstadt.ukp.dkpro.core.api.segmentation.type.Sentence sofa="Sofa" begin="0" end="150" id="null">
            <de.tudarmstadt.ukp.dkpro.core.api.segmentation.type.Token sofa="Sofa" begin="0" end="9" parent="null" lemma="null" stem="null" pos="null" morph="null" id="null" form="null" syntacticFunction="null" order="0">
                <de.tudarmstadt.ukp.dkpro.core.api.metadata.type.TagsetDescription sofa="Sofa" begin="0" end="0" layer="webanno.custom.Emotions" name="Emotion Labels" tags="null" componentName="null" modelLocation="null" modelVariant="null" modelLanguage="null" modelVersion="null" input="false"/>
                <de.tudarmstadt.ukp.dkpro.core.api.metadata.type.TagsetDescription sofa="Sofa" begin="0" end="0" layer="custom.Relation" name="Relation labels" tags="null" componentName="null" modelLocation="null" modelVariant="null" modelLanguage="null" modelVersion="null" input="false"/>
                <de.tudarmstadt.ukp.dkpro.core.api.metadata.type.TagsetDescription sofa="Sofa" begin="0" end="0" layer="custom.Span" name="Smell labels" tags="null" componentName="null" modelLocation="null" modelVariant="null" modelLanguage="null" modelVersion="null" input="false"/>
                Plusieurs
            </de.tudarmstadt.ukp.dkpro.core.api.segmentation.type.Token>
             
            <de.tudarmstadt.ukp.dkpro.core.api.segmentation.type.Token sofa="Sofa" begin="10" end="17" parent="null" lemma="null" stem="null" pos="null" morph="null" id="null" form="null" syntacticFunction="null" order="0">chaînes</de.tudarmstadt.ukp.dkpro.core.api.segmentation.type.Token>
             
            <de.tudarmstadt.ukp.dkpro.core.api.segmentation.type.Token sofa="Sofa" begin="18" end="20" parent="null" lemma="null" stem="null" pos="null" morph="null" id="null" form="null" syntacticFunction="null" order="0">de</de.tudarmstadt.ukp.dkpro.core.api.segmentation.type.Token>
             
            <de.tudarmstadt.ukp.dkpro.core.api.segmentation.type.Token sofa="Sofa" begin="21" end="30" parent="null" lemma="null" stem="null" pos="null" morph="null" id="null" form="null" syntacticFunction="null" order="0">montagnes</de.tudarmstadt.ukp.dkpro.core.api.segmentation.type.Token>
             
            <de.tudarmstadt.ukp.dkpro.core.api.segmentation.type.Token sofa="Sofa" begin="31" end="39" parent="null" lemma="null" stem="null" pos="null" morph="null" id="null" form="null" syntacticFunction="null" order="0">couvrent</de.tudarmstadt.ukp.dkpro.core.api.segmentation.type.Token>
             
            <de.tudarmstadt.ukp.dkpro.core.api.segmentation.type.Token sofa="Sofa" begin="40" end="51" parent="null" lemma="null" stem="null" pos="null" morph="null" id="null" form="null" syntacticFunction="null" order="0">l'intérieur</de.tudarmstadt.ukp.dkpro.core.api.segmentation.type.Token>
             
            <de.tudarmstadt.ukp.dkpro.core.api.segmentation.type.Token sofa="Sofa" begin="52" end="54" parent="null" lemma="null" stem="null" pos="null" morph="null" id="null" form="null" syntacticFunction="null" order="0">du</de.tudarmstadt.ukp.dkpro.core.api.segmentation.type.Token>
             
            <de.tudarmstadt.ukp.dkpro.core.api.segmentation.type.Token sofa="Sofa" begin="55" end="59" parent="null" lemma="null" stem="null" pos="null" morph="null" id="null" form="null" syntacticFunction="null" order="0">pays</de.tudarmstadt.ukp.dkpro.core.api.segmentation.type.Token>
             
            <de.tudarmstadt.ukp.dkpro.core.api.segmentation.type.Token sofa="Sofa" begin="60" end="61" parent="null" lemma="null" stem="null" pos="null" morph="null" id="null" form="null" syntacticFunction="null" order="0">[</de.tudarmstadt.ukp.dkpro.core.api.segmentation.type.Token>
            <de.tudarmstadt.ukp.dkpro.core.api.segmentation.type.Token sofa="Sofa" begin="61" end="66" parent="null" lemma="null" stem="null" pos="null" morph="null" id="null" form="null" syntacticFunction="null" order="0">Grèce</de.tudarmstadt.ukp.dkpro.core.api.segmentation.type.Token>
            <de.tudarmstadt.ukp.dkpro.core.api.segmentation.type.Token sofa="Sofa" begin="66" end="67" parent="null" lemma="null" stem="null" pos="null" morph="null" id="null" form="null" syntacticFunction="null" order="0">]</de.tudarmstadt.ukp.dkpro.core.api.segmentation.type.Token>
            <de.tudarmstadt.ukp.dkpro.core.api.segmentation.type.Token sofa="Sofa" begin="67" end="68" parent="null" lemma="null" stem="null" pos="null" morph="null" id="null" form="null" syntacticFunction="null" order="0">;</de.tudarmstadt.ukp.dkpro.core.api.segmentation.type.Token>
             
            <de.tudarmstadt.ukp.dkpro.core.api.segmentation.type.Token sofa="Sofa" begin="69" end="73" parent="null" lemma="null" stem="null" pos="null" morph="null" id="null" form="null" syntacticFunction="null" order="0">vers</de.tudarmstadt.ukp.dkpro.core.api.segmentation.type.Token>
             
            <de.tudarmstadt.ukp.dkpro.core.api.segmentation.type.Token sofa="Sofa" begin="74" end="77" parent="null" lemma="null" stem="null" pos="null" morph="null" id="null" form="null" syntacticFunction="null" order="0">les</de.tudarmstadt.ukp.dkpro.core.api.segmentation.type.Token>
             
            <de.tudarmstadt.ukp.dkpro.core.api.segmentation.type.Token sofa="Sofa" begin="78" end="83" parent="null" lemma="null" stem="null" pos="null" morph="null" id="null" form="null" syntacticFunction="null" order="0">côtes</de.tudarmstadt.ukp.dkpro.core.api.segmentation.type.Token>
             
            <de.tudarmstadt.ukp.dkpro.core.api.segmentation.type.Token sofa="Sofa" begin="84" end="86" parent="null" lemma="null" stem="null" pos="null" morph="null" id="null" form="null" syntacticFunction="null" order="0">de</de.tudarmstadt.ukp.dkpro.core.api.segmentation.type.Token>
             
            <de.tudarmstadt.ukp.dkpro.core.api.segmentation.type.Token sofa="Sofa" begin="87" end="89" parent="null" lemma="null" stem="null" pos="null" morph="null" id="null" form="null" syntacticFunction="null" order="0">la</de.tudarmstadt.ukp.dkpro.core.api.segmentation.type.Token>
             
            <de.tudarmstadt.ukp.dkpro.core.api.segmentation.type.Token sofa="Sofa" begin="90" end="93" parent="null" lemma="null" stem="null" pos="null" morph="null" id="null" form="null" syntacticFunction="null" order="0">mer</de.tudarmstadt.ukp.dkpro.core.api.segmentation.type.Token>
             
            <de.tudarmstadt.ukp.dkpro.core.api.segmentation.type.Token sofa="Sofa" begin="94" end="96" parent="null" lemma="null" stem="null" pos="null" morph="null" id="null" form="null" syntacticFunction="null" order="0">on</de.tudarmstadt.ukp.dkpro.core.api.segmentation.type.Token>
             
            <de.tudarmstadt.ukp.dkpro.core.api.segmentation.type.Token sofa="Sofa" begin="97" end="103" parent="null" lemma="null" stem="null" pos="null" morph="null" id="null" form="null" syntacticFunction="null" order="0">trouve</de.tudarmstadt.ukp.dkpro.core.api.segmentation.type.Token>
             
            <de.tudarmstadt.ukp.dkpro.core.api.segmentation.type.Token sofa="Sofa" begin="104" end="107" parent="null" lemma="null" stem="null" pos="null" morph="null" id="null" form="null" syntacticFunction="null" order="0">des</de.tudarmstadt.ukp.dkpro.core.api.segmentation.type.Token>
             
            <de.tudarmstadt.ukp.dkpro.core.api.segmentation.type.Token sofa="Sofa" begin="108" end="115" parent="null" lemma="null" stem="null" pos="null" morph="null" id="null" form="null" syntacticFunction="null" order="0">aspects</de.tudarmstadt.ukp.dkpro.core.api.segmentation.type.Token>
             
            <de.tudarmstadt.ukp.dkpro.core.api.segmentation.type.Token sofa="Sofa" begin="116" end="125" parent="null" lemma="null" stem="null" pos="null" morph="null" id="null" form="null" syntacticFunction="null" order="0">agréables</de.tudarmstadt.ukp.dkpro.core.api.segmentation.type.Token>
            <de.tudarmstadt.ukp.dkpro.core.api.segmentation.type.Token sofa="Sofa" begin="125" end="126" parent="null" lemma="null" stem="null" pos="null" morph="null" id="null" form="null" syntacticFunction="null" order="0">,</de.tudarmstadt.ukp.dkpro.core.api.segmentation.type.Token>
             
            <de.tudarmstadt.ukp.dkpro.core.api.segmentation.type.Token sofa="Sofa" begin="127" end="129" parent="null" lemma="null" stem="null" pos="null" morph="null" id="null" form="null" syntacticFunction="null" order="0">et</de.tudarmstadt.ukp.dkpro.core.api.segmentation.type.Token>
             
            <de.tudarmstadt.ukp.dkpro.core.api.segmentation.type.Token sofa="Sofa" begin="130" end="132" parent="null" lemma="null" stem="null" pos="null" morph="null" id="null" form="null" syntacticFunction="null" order="0">de</de.tudarmstadt.ukp.dkpro.core.api.segmentation.type.Token>
             
            <de.tudarmstadt.ukp.dkpro.core.api.segmentation.type.Token sofa="Sofa" begin="133" end="139" parent="null" lemma="null" stem="null" pos="null" morph="null" id="null" form="null" syntacticFunction="null" order="0">riches</de.tudarmstadt.ukp.dkpro.core.api.segmentation.type.Token>
             
            <de.tudarmstadt.ukp.dkpro.core.api.segmentation.type.Token sofa="Sofa" begin="140" end="149" parent="null" lemma="null" stem="null" pos="null" morph="null" id="null" form="null" syntacticFunction="null" order="0">campagnes</de.tudarmstadt.ukp.dkpro.core.api.segmentation.type.Token>
            <de.tudarmstadt.ukp.dkpro.core.api.segmentation.type.Token sofa="Sofa" begin="149" end="150" parent="null" lemma="null" stem="null" pos="null" morph="null" id="null" form="null" syntacticFunction="null" order="0">.</de.tudarmstadt.ukp.dkpro.core.api.segmentation.type.Token>
        </de.tudarmstadt.ukp.dkpro.core.api.segmentation.type.Sentence>
         
        <de.tudarmstadt.ukp.dkpro.core.api.segmentation.type.Sentence sofa="Sofa" begin="151" end="517" id="null">
            <de.tudarmstadt.ukp.dkpro.core.api.segmentation.type.Token sofa="Sofa" begin="151" end="156" parent="null" lemma="null" stem="null" pos="null" morph="null" id="null" form="null" syntacticFunction="null" order="0">Parmi</de.tudarmstadt.ukp.dkpro.core.api.segmentation.type.Token>
             
            <de.tudarmstadt.ukp.dkpro.core.api.segmentation.type.Token sofa="Sofa" begin="157" end="160" parent="null" lemma="null" stem="null" pos="null" morph="null" id="null" form="null" syntacticFunction="null" order="0">les</de.tudarmstadt.ukp.dkpro.core.api.segmentation.type.Token>
             
            <de.tudarmstadt.ukp.dkpro.core.api.segmentation.type.Token sofa="Sofa" begin="161" end="168" parent="null" lemma="null" stem="null" pos="null" morph="null" id="null" form="null" syntacticFunction="null" order="0">fleuves</de.tudarmstadt.ukp.dkpro.core.api.segmentation.type.Token>
             
            <de.tudarmstadt.ukp.dkpro.core.api.segmentation.type.Token sofa="Sofa" begin="169" end="172" parent="null" lemma="null" stem="null" pos="null" morph="null" id="null" form="null" syntacticFunction="null" order="0">qui</de.tudarmstadt.ukp.dkpro.core.api.segmentation.type.Token>
             
            <de.tudarmstadt.ukp.dkpro.core.api.segmentation.type.Token sofa="Sofa" begin="173" end="183" parent="null" lemma="null" stem="null" pos="null" morph="null" id="null" form="null" syntacticFunction="null" order="0">l'arrosent</de.tudarmstadt.ukp.dkpro.core.api.segmentation.type.Token>
            <de.tudarmstadt.ukp.dkpro.core.api.segmentation.type.Token sofa="Sofa" begin="183" end="184" parent="null" lemma="null" stem="null" pos="null" morph="null" id="null" form="null" syntacticFunction="null" order="0">,</de.tudarmstadt.ukp.dkpro.core.api.segmentation.type.Token>
             
            <de.tudarmstadt.ukp.dkpro.core.api.segmentation.type.Token sofa="Sofa" begin="185" end="187" parent="null" lemma="null" stem="null" pos="null" morph="null" id="null" form="null" syntacticFunction="null" order="0">on</de.tudarmstadt.ukp.dkpro.core.api.segmentation.type.Token>
             
            <de.tudarmstadt.ukp.dkpro.core.api.segmentation.type.Token sofa="Sofa" begin="188" end="197" parent="null" lemma="null" stem="null" pos="null" morph="null" id="null" form="null" syntacticFunction="null" order="0">distingue</de.tudarmstadt.ukp.dkpro.core.api.segmentation.type.Token>
             
            <de.tudarmstadt.ukp.dkpro.core.api.segmentation.type.Token sofa="Sofa" begin="198" end="207" parent="null" lemma="null" stem="null" pos="null" morph="null" id="null" form="null" syntacticFunction="null" order="0">l'Achéron</de.tudarmstadt.ukp.dkpro.core.api.segmentation.type.Token>
             
            <de.tudarmstadt.ukp.dkpro.core.api.segmentation.type.Token sofa="Sofa" begin="208" end="211" parent="null" lemma="null" stem="null" pos="null" morph="null" id="null" form="null" syntacticFunction="null" order="0">qui</de.tudarmstadt.ukp.dkpro.core.api.segmentation.type.Token>
             
            <de.tudarmstadt.ukp.dkpro.core.api.segmentation.type.Token sofa="Sofa" begin="212" end="214" parent="null" lemma="null" stem="null" pos="null" morph="null" id="null" form="null" syntacticFunction="null" order="0">se</de.tudarmstadt.ukp.dkpro.core.api.segmentation.type.Token>
             
            <de.tudarmstadt.ukp.dkpro.core.api.segmentation.type.Token sofa="Sofa" begin="215" end="220" parent="null" lemma="null" stem="null" pos="null" morph="null" id="null" form="null" syntacticFunction="null" order="0">jette</de.tudarmstadt.ukp.dkpro.core.api.segmentation.type.Token>
             
            <de.tudarmstadt.ukp.dkpro.core.api.segmentation.type.Token sofa="Sofa" begin="221" end="225" parent="null" lemma="null" stem="null" pos="null" morph="null" id="null" form="null" syntacticFunction="null" order="0">dans</de.tudarmstadt.ukp.dkpro.core.api.segmentation.type.Token>
             
            <de.tudarmstadt.ukp.dkpro.core.api.segmentation.type.Token sofa="Sofa" begin="226" end="228" parent="null" lemma="null" stem="null" pos="null" morph="null" id="null" form="null" syntacticFunction="null" order="0">un</de.tudarmstadt.ukp.dkpro.core.api.segmentation.type.Token>
             
            <de.tudarmstadt.ukp.dkpro.core.api.segmentation.type.Token sofa="Sofa" begin="229" end="235" parent="null" lemma="null" stem="null" pos="null" morph="null" id="null" form="null" syntacticFunction="null" order="0">marais</de.tudarmstadt.ukp.dkpro.core.api.segmentation.type.Token>
             
            <de.tudarmstadt.ukp.dkpro.core.api.segmentation.type.Token sofa="Sofa" begin="236" end="238" parent="null" lemma="null" stem="null" pos="null" morph="null" id="null" form="null" syntacticFunction="null" order="0">de</de.tudarmstadt.ukp.dkpro.core.api.segmentation.type.Token>
             
            <de.tudarmstadt.ukp.dkpro.core.api.segmentation.type.Token sofa="Sofa" begin="239" end="243" parent="null" lemma="null" stem="null" pos="null" morph="null" id="null" form="null" syntacticFunction="null" order="0">même</de.tudarmstadt.ukp.dkpro.core.api.segmentation.type.Token>
             
            <de.tudarmstadt.ukp.dkpro.core.api.segmentation.type.Token sofa="Sofa" begin="244" end="247" parent="null" lemma="null" stem="null" pos="null" morph="null" id="null" form="null" syntacticFunction="null" order="0">nom</de.tudarmstadt.ukp.dkpro.core.api.segmentation.type.Token>
            <de.tudarmstadt.ukp.dkpro.core.api.segmentation.type.Token sofa="Sofa" begin="247" end="248" parent="null" lemma="null" stem="null" pos="null" morph="null" id="null" form="null" syntacticFunction="null" order="0">,</de.tudarmstadt.ukp.dkpro.core.api.segmentation.type.Token>
             
            <de.tudarmstadt.ukp.dkpro.core.api.segmentation.type.Token sofa="Sofa" begin="249" end="251" parent="null" lemma="null" stem="null" pos="null" morph="null" id="null" form="null" syntacticFunction="null" order="0">et</de.tudarmstadt.ukp.dkpro.core.api.segmentation.type.Token>
             
            <de.tudarmstadt.ukp.dkpro.core.api.segmentation.type.Token sofa="Sofa" begin="252" end="254" parent="null" lemma="null" stem="null" pos="null" morph="null" id="null" form="null" syntacticFunction="null" order="0">le</de.tudarmstadt.ukp.dkpro.core.api.segmentation.type.Token>
             
            <de.tudarmstadt.ukp.dkpro.core.api.segmentation.type.Token sofa="Sofa" begin="255" end="261" parent="null" lemma="null" stem="null" pos="null" morph="null" id="null" form="null" syntacticFunction="null" order="0">Cocyte</de.tudarmstadt.ukp.dkpro.core.api.segmentation.type.Token>
             
            <de.tudarmstadt.ukp.dkpro.core.api.segmentation.type.Token sofa="Sofa" begin="262" end="266" parent="null" lemma="null" stem="null" pos="null" morph="null" id="null" form="null" syntacticFunction="null" order="0">dont</de.tudarmstadt.ukp.dkpro.core.api.segmentation.type.Token>
             
            <de.tudarmstadt.ukp.dkpro.core.api.segmentation.type.Token sofa="Sofa" begin="267" end="270" parent="null" lemma="null" stem="null" pos="null" morph="null" id="null" form="null" syntacticFunction="null" order="0">les</de.tudarmstadt.ukp.dkpro.core.api.segmentation.type.Token>
             
            <de.tudarmstadt.ukp.dkpro.core.api.segmentation.type.Token sofa="Sofa" begin="271" end="275" parent="null" lemma="null" stem="null" pos="null" morph="null" id="null" form="null" syntacticFunction="null" order="0">eaux</de.tudarmstadt.ukp.dkpro.core.api.segmentation.type.Token>
             
            <de.tudarmstadt.ukp.dkpro.core.api.segmentation.type.Token sofa="Sofa" begin="276" end="280" parent="null" lemma="null" stem="null" pos="null" morph="null" id="null" form="null" syntacticFunction="null" order="0">sont</de.tudarmstadt.ukp.dkpro.core.api.segmentation.type.Token>
             
            <de.tudarmstadt.ukp.dkpro.core.api.segmentation.type.Token sofa="Sofa" begin="281" end="285" parent="null" lemma="null" stem="null" pos="null" morph="null" id="null" form="null" syntacticFunction="null" order="0">d'un</de.tudarmstadt.ukp.dkpro.core.api.segmentation.type.Token>
             
            <de.tudarmstadt.ukp.dkpro.core.api.segmentation.type.Token sofa="Sofa" begin="286" end="290" parent="null" lemma="null" stem="null" pos="null" morph="null" id="null" form="null" syntacticFunction="null" order="0">goût</de.tudarmstadt.ukp.dkpro.core.api.segmentation.type.Token>
             
            <de.tudarmstadt.ukp.dkpro.core.api.segmentation.type.Token sofa="Sofa" begin="291" end="302" parent="null" lemma="null" stem="null" pos="null" morph="null" id="null" form="null" syntacticFunction="null" order="0">désagréable</de.tudarmstadt.ukp.dkpro.core.api.segmentation.type.Token>
            <de.tudarmstadt.ukp.dkpro.core.api.segmentation.type.Token sofa="Sofa" begin="302" end="303" parent="null" lemma="null" stem="null" pos="null" morph="null" id="null" form="null" syntacticFunction="null" order="0">:</de.tudarmstadt.ukp.dkpro.core.api.segmentation.type.Token>
             
            <de.tudarmstadt.ukp.dkpro.core.api.segmentation.type.Token sofa="Sofa" begin="304" end="307" parent="null" lemma="null" stem="null" pos="null" morph="null" id="null" form="null" syntacticFunction="null" order="0">non</de.tudarmstadt.ukp.dkpro.core.api.segmentation.type.Token>
             
            <de.tudarmstadt.ukp.dkpro.core.api.segmentation.type.Token sofa="Sofa" begin="308" end="312" parent="null" lemma="null" stem="null" pos="null" morph="null" id="null" form="null" syntacticFunction="null" order="0">loin</de.tudarmstadt.ukp.dkpro.core.api.segmentation.type.Token>
             
            <de.tudarmstadt.ukp.dkpro.core.api.segmentation.type.Token sofa="Sofa" begin="313" end="315" parent="null" lemma="null" stem="null" pos="null" morph="null" id="null" form="null" syntacticFunction="null" order="0">de</de.tudarmstadt.ukp.dkpro.core.api.segmentation.type.Token>
             
            <de.tudarmstadt.ukp.dkpro.core.api.segmentation.type.Token sofa="Sofa" begin="316" end="318" parent="null" lemma="null" stem="null" pos="null" morph="null" id="null" form="null" syntacticFunction="null" order="0">là</de.tudarmstadt.ukp.dkpro.core.api.segmentation.type.Token>
             
            <de.tudarmstadt.ukp.dkpro.core.api.segmentation.type.Token sofa="Sofa" begin="319" end="322" parent="null" lemma="null" stem="null" pos="null" morph="null" id="null" form="null" syntacticFunction="null" order="0">est</de.tudarmstadt.ukp.dkpro.core.api.segmentation.type.Token>
             
            <de.tudarmstadt.ukp.dkpro.core.api.segmentation.type.Token sofa="Sofa" begin="323" end="325" parent="null" lemma="null" stem="null" pos="null" morph="null" id="null" form="null" syntacticFunction="null" order="0">un</de.tudarmstadt.ukp.dkpro.core.api.segmentation.type.Token>
             
            <de.tudarmstadt.ukp.dkpro.core.api.segmentation.type.Token sofa="Sofa" begin="326" end="333" parent="null" lemma="null" stem="null" pos="null" morph="null" id="null" form="null" syntacticFunction="null" order="0">endroit</de.tudarmstadt.ukp.dkpro.core.api.segmentation.type.Token>
             
            <de.tudarmstadt.ukp.dkpro.core.api.segmentation.type.Token sofa="Sofa" begin="334" end="339" parent="null" lemma="null" stem="null" pos="null" morph="null" id="null" form="null" syntacticFunction="null" order="0">nommé</de.tudarmstadt.ukp.dkpro.core.api.segmentation.type.Token>
             
            <de.tudarmstadt.ukp.dkpro.core.api.segmentation.type.Token sofa="Sofa" begin="340" end="345" parent="null" lemma="null" stem="null" pos="null" morph="null" id="null" form="null" syntacticFunction="null" order="0">Aorne</de.tudarmstadt.ukp.dkpro.core.api.segmentation.type.Token>
             
            <de.tudarmstadt.ukp.dkpro.core.api.segmentation.type.Token sofa="Sofa" begin="346" end="348" parent="null" lemma="null" stem="null" pos="null" morph="null" id="null" form="null" syntacticFunction="null" order="0">ou</de.tudarmstadt.ukp.dkpro.core.api.segmentation.type.Token>
             
            <de.tudarmstadt.ukp.dkpro.core.api.segmentation.type.Token sofa="Sofa" begin="349" end="355" parent="null" lemma="null" stem="null" pos="null" morph="null" id="null" form="null" syntacticFunction="null" order="0">Averne</de.tudarmstadt.ukp.dkpro.core.api.segmentation.type.Token>
            <de.tudarmstadt.ukp.dkpro.core.api.segmentation.type.Token sofa="Sofa" begin="355" end="356" parent="null" lemma="null" stem="null" pos="null" morph="null" id="null" form="null" syntacticFunction="null" order="0">,</de.tudarmstadt.ukp.dkpro.core.api.segmentation.type.Token>
             
            <de.tudarmstadt.ukp.dkpro.core.api.segmentation.type.Token sofa="Sofa" begin="357" end="361" parent="null" lemma="null" stem="null" pos="null" morph="null" id="null" form="null" syntacticFunction="null" order="0">d'où</de.tudarmstadt.ukp.dkpro.core.api.segmentation.type.Token>
             
            <de.tudarmstadt.ukp.dkpro.core.api.segmentation.type.Token sofa="Sofa" begin="362" end="372" parent="null" lemma="null" stem="null" pos="null" morph="null" id="null" form="null" syntacticFunction="null" order="0">s'exhalent</de.tudarmstadt.ukp.dkpro.core.api.segmentation.type.Token>
             
            <de.tudarmstadt.ukp.dkpro.core.api.segmentation.type.Token sofa="Sofa" begin="373" end="376" parent="null" lemma="null" stem="null" pos="null" morph="null" id="null" form="null" syntacticFunction="null" order="0">des</de.tudarmstadt.ukp.dkpro.core.api.segmentation.type.Token>
             
            <de.tudarmstadt.ukp.dkpro.core.api.segmentation.type.Token sofa="Sofa" begin="377" end="384" parent="null" lemma="null" stem="null" pos="null" morph="null" id="null" form="null" syntacticFunction="null" order="0">vapeurs</de.tudarmstadt.ukp.dkpro.core.api.segmentation.type.Token>
             
            <de.tudarmstadt.ukp.dkpro.core.api.segmentation.type.Token sofa="Sofa" begin="385" end="389" parent="null" lemma="null" stem="null" pos="null" morph="null" id="null" form="null" syntacticFunction="null" order="0">dont</de.tudarmstadt.ukp.dkpro.core.api.segmentation.type.Token>
             
            <de.tudarmstadt.ukp.dkpro.core.api.segmentation.type.Token sofa="Sofa" begin="390" end="393" parent="null" lemma="null" stem="null" pos="null" morph="null" id="null" form="null" syntacticFunction="null" order="0">les</de.tudarmstadt.ukp.dkpro.core.api.segmentation.type.Token>
             
            <de.tudarmstadt.ukp.dkpro.core.api.segmentation.type.Token sofa="Sofa" begin="394" end="398" parent="null" lemma="null" stem="null" pos="null" morph="null" id="null" form="null" syntacticFunction="null" order="0">airs</de.tudarmstadt.ukp.dkpro.core.api.segmentation.type.Token>
             
            <de.tudarmstadt.ukp.dkpro.core.api.segmentation.type.Token sofa="Sofa" begin="399" end="403" parent="null" lemma="null" stem="null" pos="null" morph="null" id="null" form="null" syntacticFunction="null" order="0">sont</de.tudarmstadt.ukp.dkpro.core.api.segmentation.type.Token>
             
            <de.tudarmstadt.ukp.dkpro.core.api.segmentation.type.Token sofa="Sofa" begin="404" end="412" parent="null" lemma="null" stem="null" pos="null" morph="null" id="null" form="null" syntacticFunction="null" order="0">infectés</de.tudarmstadt.ukp.dkpro.core.api.segmentation.type.Token>
            <de.tudarmstadt.ukp.dkpro.core.api.segmentation.type.Token sofa="Sofa" begin="412" end="413" parent="null" lemma="null" stem="null" pos="null" morph="null" id="null" form="null" syntacticFunction="null" order="0">.</de.tudarmstadt.ukp.dkpro.core.api.segmentation.type.Token>
             
            <de.tudarmstadt.ukp.dkpro.core.api.segmentation.type.Token sofa="Sofa" begin="414" end="415" parent="null" lemma="null" stem="null" pos="null" morph="null" id="null" form="null" syntacticFunction="null" order="0">à</de.tudarmstadt.ukp.dkpro.core.api.segmentation.type.Token>
             
            <de.tudarmstadt.ukp.dkpro.core.api.segmentation.type.Token sofa="Sofa" begin="416" end="419" parent="null" lemma="null" stem="null" pos="null" morph="null" id="null" form="null" syntacticFunction="null" order="0">ces</de.tudarmstadt.ukp.dkpro.core.api.segmentation.type.Token>
             
            <de.tudarmstadt.ukp.dkpro.core.api.segmentation.type.Token sofa="Sofa" begin="420" end="426" parent="null" lemma="null" stem="null" pos="null" morph="null" id="null" form="null" syntacticFunction="null" order="0">traits</de.tudarmstadt.ukp.dkpro.core.api.segmentation.type.Token>
            <de.tudarmstadt.ukp.dkpro.core.api.segmentation.type.Token sofa="Sofa" begin="426" end="427" parent="null" lemma="null" stem="null" pos="null" morph="null" id="null" form="null" syntacticFunction="null" order="0">,</de.tudarmstadt.ukp.dkpro.core.api.segmentation.type.Token>
             
            <de.tudarmstadt.ukp.dkpro.core.api.segmentation.type.Token sofa="Sofa" begin="428" end="430" parent="null" lemma="null" stem="null" pos="null" morph="null" id="null" form="null" syntacticFunction="null" order="0">on</de.tudarmstadt.ukp.dkpro.core.api.segmentation.type.Token>
             
            <de.tudarmstadt.ukp.dkpro.core.api.segmentation.type.Token sofa="Sofa" begin="431" end="440" parent="null" lemma="null" stem="null" pos="null" morph="null" id="null" form="null" syntacticFunction="null" order="0">reconnaît</de.tudarmstadt.ukp.dkpro.core.api.segmentation.type.Token>
             
            <de.tudarmstadt.ukp.dkpro.core.api.segmentation.type.Token sofa="Sofa" begin="441" end="449" parent="null" lemma="null" stem="null" pos="null" morph="null" id="null" form="null" syntacticFunction="null" order="0">aisément</de.tudarmstadt.ukp.dkpro.core.api.segmentation.type.Token>
             
            <de.tudarmstadt.ukp.dkpro.core.api.segmentation.type.Token sofa="Sofa" begin="450" end="452" parent="null" lemma="null" stem="null" pos="null" morph="null" id="null" form="null" syntacticFunction="null" order="0">le</de.tudarmstadt.ukp.dkpro.core.api.segmentation.type.Token>
             
            <de.tudarmstadt.ukp.dkpro.core.api.segmentation.type.Token sofa="Sofa" begin="453" end="457" parent="null" lemma="null" stem="null" pos="null" morph="null" id="null" form="null" syntacticFunction="null" order="0">pays</de.tudarmstadt.ukp.dkpro.core.api.segmentation.type.Token>
             
            <de.tudarmstadt.ukp.dkpro.core.api.segmentation.type.Token sofa="Sofa" begin="458" end="460" parent="null" lemma="null" stem="null" pos="null" morph="null" id="null" form="null" syntacticFunction="null" order="0">où</de.tudarmstadt.ukp.dkpro.core.api.segmentation.type.Token>
            <de.tudarmstadt.ukp.dkpro.core.api.segmentation.type.Token sofa="Sofa" begin="460" end="461" parent="null" lemma="null" stem="null" pos="null" morph="null" id="null" form="null" syntacticFunction="null" order="0">,</de.tudarmstadt.ukp.dkpro.core.api.segmentation.type.Token>
             
            <de.tudarmstadt.ukp.dkpro.core.api.segmentation.type.Token sofa="Sofa" begin="462" end="466" parent="null" lemma="null" stem="null" pos="null" morph="null" id="null" form="null" syntacticFunction="null" order="0">dans</de.tudarmstadt.ukp.dkpro.core.api.segmentation.type.Token>
             
            <de.tudarmstadt.ukp.dkpro.core.api.segmentation.type.Token sofa="Sofa" begin="467" end="470" parent="null" lemma="null" stem="null" pos="null" morph="null" id="null" form="null" syntacticFunction="null" order="0">les</de.tudarmstadt.ukp.dkpro.core.api.segmentation.type.Token>
             
            <de.tudarmstadt.ukp.dkpro.core.api.segmentation.type.Token sofa="Sofa" begin="471" end="476" parent="null" lemma="null" stem="null" pos="null" morph="null" id="null" form="null" syntacticFunction="null" order="0">temps</de.tudarmstadt.ukp.dkpro.core.api.segmentation.type.Token>
             
            <de.tudarmstadt.ukp.dkpro.core.api.segmentation.type.Token sofa="Sofa" begin="477" end="480" parent="null" lemma="null" stem="null" pos="null" morph="null" id="null" form="null" syntacticFunction="null" order="0">les</de.tudarmstadt.ukp.dkpro.core.api.segmentation.type.Token>
             
            <de.tudarmstadt.ukp.dkpro.core.api.segmentation.type.Token sofa="Sofa" begin="481" end="485" parent="null" lemma="null" stem="null" pos="null" morph="null" id="null" form="null" syntacticFunction="null" order="0">plus</de.tudarmstadt.ukp.dkpro.core.api.segmentation.type.Token>
             
            <de.tudarmstadt.ukp.dkpro.core.api.segmentation.type.Token sofa="Sofa" begin="486" end="493" parent="null" lemma="null" stem="null" pos="null" morph="null" id="null" form="null" syntacticFunction="null" order="0">anciens</de.tudarmstadt.ukp.dkpro.core.api.segmentation.type.Token>
            <de.tudarmstadt.ukp.dkpro.core.api.segmentation.type.Token sofa="Sofa" begin="493" end="494" parent="null" lemma="null" stem="null" pos="null" morph="null" id="null" form="null" syntacticFunction="null" order="0">,</de.tudarmstadt.ukp.dkpro.core.api.segmentation.type.Token>
             
            <de.tudarmstadt.ukp.dkpro.core.api.segmentation.type.Token sofa="Sofa" begin="495" end="497" parent="null" lemma="null" stem="null" pos="null" morph="null" id="null" form="null" syntacticFunction="null" order="0">on</de.tudarmstadt.ukp.dkpro.core.api.segmentation.type.Token>
             
            <de.tudarmstadt.ukp.dkpro.core.api.segmentation.type.Token sofa="Sofa" begin="498" end="499" parent="null" lemma="null" stem="null" pos="null" morph="null" id="null" form="null" syntacticFunction="null" order="0">a</de.tudarmstadt.ukp.dkpro.core.api.segmentation.type.Token>
             
            <de.tudarmstadt.ukp.dkpro.core.api.segmentation.type.Token sofa="Sofa" begin="500" end="505" parent="null" lemma="null" stem="null" pos="null" morph="null" id="null" form="null" syntacticFunction="null" order="0">placé</de.tudarmstadt.ukp.dkpro.core.api.segmentation.type.Token>
             
            <de.tudarmstadt.ukp.dkpro.core.api.segmentation.type.Token sofa="Sofa" begin="506" end="509" parent="null" lemma="null" stem="null" pos="null" morph="null" id="null" form="null" syntacticFunction="null" order="0">les</de.tudarmstadt.ukp.dkpro.core.api.segmentation.type.Token>
             
            <de.tudarmstadt.ukp.dkpro.core.api.segmentation.type.Token sofa="Sofa" begin="510" end="516" parent="null" lemma="null" stem="null" pos="null" morph="null" id="null" form="null" syntacticFunction="null" order="0">enfers</de.tudarmstadt.ukp.dkpro.core.api.segmentation.type.Token>
            <de.tudarmstadt.ukp.dkpro.core.api.segmentation.type.Token sofa="Sofa" begin="516" end="517" parent="null" lemma="null" stem="null" pos="null" morph="null" id="null" form="null" syntacticFunction="null" order="0">.</de.tudarmstadt.ukp.dkpro.core.api.segmentation.type.Token>
        </de.tudarmstadt.ukp.dkpro.core.api.segmentation.type.Sentence>
         
        <de.tudarmstadt.ukp.dkpro.core.api.segmentation.type.Sentence sofa="Sofa" begin="518" end="856" id="null">
            <de.tudarmstadt.ukp.dkpro.core.api.segmentation.type.Token sofa="Sofa" begin="518" end="523" parent="null" lemma="null" stem="null" pos="null" morph="null" id="null" form="null" syntacticFunction="null" order="0">Comme</de.tudarmstadt.ukp.dkpro.core.api.segmentation.type.Token>
             
            <de.tudarmstadt.ukp.dkpro.core.api.segmentation.type.Token sofa="Sofa" begin="524" end="531" parent="null" lemma="null" stem="null" pos="null" morph="null" id="null" form="null" syntacticFunction="null" order="0">l'épire</de.tudarmstadt.ukp.dkpro.core.api.segmentation.type.Token>
             
            <de.tudarmstadt.ukp.dkpro.core.api.segmentation.type.Token sofa="Sofa" begin="532" end="537" parent="null" lemma="null" stem="null" pos="null" morph="null" id="null" form="null" syntacticFunction="null" order="0">était</de.tudarmstadt.ukp.dkpro.core.api.segmentation.type.Token>
             
            <de.tudarmstadt.ukp.dkpro.core.api.segmentation.type.Token sofa="Sofa" begin="538" end="543" parent="null" lemma="null" stem="null" pos="null" morph="null" id="null" form="null" syntacticFunction="null" order="0">alors</de.tudarmstadt.ukp.dkpro.core.api.segmentation.type.Token>
             
            <de.tudarmstadt.ukp.dkpro.core.api.segmentation.type.Token sofa="Sofa" begin="544" end="546" parent="null" lemma="null" stem="null" pos="null" morph="null" id="null" form="null" syntacticFunction="null" order="0">la</de.tudarmstadt.ukp.dkpro.core.api.segmentation.type.Token>
             
            <de.tudarmstadt.ukp.dkpro.core.api.segmentation.type.Token sofa="Sofa" begin="547" end="555" parent="null" lemma="null" stem="null" pos="null" morph="null" id="null" form="null" syntacticFunction="null" order="0">dernière</de.tudarmstadt.ukp.dkpro.core.api.segmentation.type.Token>
             
            <de.tudarmstadt.ukp.dkpro.core.api.segmentation.type.Token sofa="Sofa" begin="556" end="559" parent="null" lemma="null" stem="null" pos="null" morph="null" id="null" form="null" syntacticFunction="null" order="0">des</de.tudarmstadt.ukp.dkpro.core.api.segmentation.type.Token>
             
            <de.tudarmstadt.ukp.dkpro.core.api.segmentation.type.Token sofa="Sofa" begin="560" end="568" parent="null" lemma="null" stem="null" pos="null" morph="null" id="null" form="null" syntacticFunction="null" order="0">contrées</de.tudarmstadt.ukp.dkpro.core.api.segmentation.type.Token>
             
            <de.tudarmstadt.ukp.dkpro.core.api.segmentation.type.Token sofa="Sofa" begin="569" end="576" parent="null" lemma="null" stem="null" pos="null" morph="null" id="null" form="null" syntacticFunction="null" order="0">connues</de.tudarmstadt.ukp.dkpro.core.api.segmentation.type.Token>
             
            <de.tudarmstadt.ukp.dkpro.core.api.segmentation.type.Token sofa="Sofa" begin="577" end="579" parent="null" lemma="null" stem="null" pos="null" morph="null" id="null" form="null" syntacticFunction="null" order="0">du</de.tudarmstadt.ukp.dkpro.core.api.segmentation.type.Token>
             
            <de.tudarmstadt.ukp.dkpro.core.api.segmentation.type.Token sofa="Sofa" begin="580" end="584" parent="null" lemma="null" stem="null" pos="null" morph="null" id="null" form="null" syntacticFunction="null" order="0">côté</de.tudarmstadt.ukp.dkpro.core.api.segmentation.type.Token>
             
            <de.tudarmstadt.ukp.dkpro.core.api.segmentation.type.Token sofa="Sofa" begin="585" end="587" parent="null" lemma="null" stem="null" pos="null" morph="null" id="null" form="null" syntacticFunction="null" order="0">de</de.tudarmstadt.ukp.dkpro.core.api.segmentation.type.Token>
             
            <de.tudarmstadt.ukp.dkpro.core.api.segmentation.type.Token sofa="Sofa" begin="588" end="598" parent="null" lemma="null" stem="null" pos="null" morph="null" id="null" form="null" syntacticFunction="null" order="0">l'occident</de.tudarmstadt.ukp.dkpro.core.api.segmentation.type.Token>
            <de.tudarmstadt.ukp.dkpro.core.api.segmentation.type.Token sofa="Sofa" begin="598" end="599" parent="null" lemma="null" stem="null" pos="null" morph="null" id="null" form="null" syntacticFunction="null" order="0">,</de.tudarmstadt.ukp.dkpro.core.api.segmentation.type.Token>
             
            <de.tudarmstadt.ukp.dkpro.core.api.segmentation.type.Token sofa="Sofa" begin="600" end="604" parent="null" lemma="null" stem="null" pos="null" morph="null" id="null" form="null" syntacticFunction="null" order="0">elle</de.tudarmstadt.ukp.dkpro.core.api.segmentation.type.Token>
             
            <de.tudarmstadt.ukp.dkpro.core.api.segmentation.type.Token sofa="Sofa" begin="605" end="610" parent="null" lemma="null" stem="null" pos="null" morph="null" id="null" form="null" syntacticFunction="null" order="0">passa</de.tudarmstadt.ukp.dkpro.core.api.segmentation.type.Token>
             
            <de.tudarmstadt.ukp.dkpro.core.api.segmentation.type.Token sofa="Sofa" begin="611" end="615" parent="null" lemma="null" stem="null" pos="null" morph="null" id="null" form="null" syntacticFunction="null" order="0">pour</de.tudarmstadt.ukp.dkpro.core.api.segmentation.type.Token>
             
            <de.tudarmstadt.ukp.dkpro.core.api.segmentation.type.Token sofa="Sofa" begin="616" end="618" parent="null" lemma="null" stem="null" pos="null" morph="null" id="null" form="null" syntacticFunction="null" order="0">la</de.tudarmstadt.ukp.dkpro.core.api.segmentation.type.Token>
             
            <de.tudarmstadt.ukp.dkpro.core.api.segmentation.type.Token sofa="Sofa" begin="619" end="625" parent="null" lemma="null" stem="null" pos="null" morph="null" id="null" form="null" syntacticFunction="null" order="0">région</de.tudarmstadt.ukp.dkpro.core.api.segmentation.type.Token>
             
            <de.tudarmstadt.ukp.dkpro.core.api.segmentation.type.Token sofa="Sofa" begin="626" end="629" parent="null" lemma="null" stem="null" pos="null" morph="null" id="null" form="null" syntacticFunction="null" order="0">des</de.tudarmstadt.ukp.dkpro.core.api.segmentation.type.Token>
             
            <de.tudarmstadt.ukp.dkpro.core.api.segmentation.type.Token sofa="Sofa" begin="630" end="638" parent="null" lemma="null" stem="null" pos="null" morph="null" id="null" form="null" syntacticFunction="null" order="0">ténèbres</de.tudarmstadt.ukp.dkpro.core.api.segmentation.type.Token>
            <de.tudarmstadt.ukp.dkpro.core.api.segmentation.type.Token sofa="Sofa" begin="638" end="639" parent="null" lemma="null" stem="null" pos="null" morph="null" id="null" form="null" syntacticFunction="null" order="0">;</de.tudarmstadt.ukp.dkpro.core.api.segmentation.type.Token>
             
            <de.tudarmstadt.ukp.dkpro.core.api.segmentation.type.Token sofa="Sofa" begin="640" end="644" parent="null" lemma="null" stem="null" pos="null" morph="null" id="null" form="null" syntacticFunction="null" order="0">mais</de.tudarmstadt.ukp.dkpro.core.api.segmentation.type.Token>
             
            <de.tudarmstadt.ukp.dkpro.core.api.segmentation.type.Token sofa="Sofa" begin="645" end="646" parent="null" lemma="null" stem="null" pos="null" morph="null" id="null" form="null" syntacticFunction="null" order="0">à</de.tudarmstadt.ukp.dkpro.core.api.segmentation.type.Token>
             
            <de.tudarmstadt.ukp.dkpro.core.api.segmentation.type.Token sofa="Sofa" begin="647" end="653" parent="null" lemma="null" stem="null" pos="null" morph="null" id="null" form="null" syntacticFunction="null" order="0">mesure</de.tudarmstadt.ukp.dkpro.core.api.segmentation.type.Token>
             
            <de.tudarmstadt.ukp.dkpro.core.api.segmentation.type.Token sofa="Sofa" begin="654" end="657" parent="null" lemma="null" stem="null" pos="null" morph="null" id="null" form="null" syntacticFunction="null" order="0">que</de.tudarmstadt.ukp.dkpro.core.api.segmentation.type.Token>
             
            <de.tudarmstadt.ukp.dkpro.core.api.segmentation.type.Token sofa="Sofa" begin="658" end="661" parent="null" lemma="null" stem="null" pos="null" morph="null" id="null" form="null" syntacticFunction="null" order="0">les</de.tudarmstadt.ukp.dkpro.core.api.segmentation.type.Token>
             
            <de.tudarmstadt.ukp.dkpro.core.api.segmentation.type.Token sofa="Sofa" begin="662" end="668" parent="null" lemma="null" stem="null" pos="null" morph="null" id="null" form="null" syntacticFunction="null" order="0">bornes</de.tudarmstadt.ukp.dkpro.core.api.segmentation.type.Token>
             
            <de.tudarmstadt.ukp.dkpro.core.api.segmentation.type.Token sofa="Sofa" begin="669" end="671" parent="null" lemma="null" stem="null" pos="null" morph="null" id="null" form="null" syntacticFunction="null" order="0">du</de.tudarmstadt.ukp.dkpro.core.api.segmentation.type.Token>
             
            <de.tudarmstadt.ukp.dkpro.core.api.segmentation.type.Token sofa="Sofa" begin="672" end="677" parent="null" lemma="null" stem="null" pos="null" morph="null" id="null" form="null" syntacticFunction="null" order="0">monde</de.tudarmstadt.ukp.dkpro.core.api.segmentation.type.Token>
             
            <de.tudarmstadt.ukp.dkpro.core.api.segmentation.type.Token sofa="Sofa" begin="678" end="680" parent="null" lemma="null" stem="null" pos="null" morph="null" id="null" form="null" syntacticFunction="null" order="0">se</de.tudarmstadt.ukp.dkpro.core.api.segmentation.type.Token>
             
            <de.tudarmstadt.ukp.dkpro.core.api.segmentation.type.Token sofa="Sofa" begin="681" end="691" parent="null" lemma="null" stem="null" pos="null" morph="null" id="null" form="null" syntacticFunction="null" order="0">reculèrent</de.tudarmstadt.ukp.dkpro.core.api.segmentation.type.Token>
             
            <de.tudarmstadt.ukp.dkpro.core.api.segmentation.type.Token sofa="Sofa" begin="692" end="694" parent="null" lemma="null" stem="null" pos="null" morph="null" id="null" form="null" syntacticFunction="null" order="0">du</de.tudarmstadt.ukp.dkpro.core.api.segmentation.type.Token>
             
            <de.tudarmstadt.ukp.dkpro.core.api.segmentation.type.Token sofa="Sofa" begin="695" end="699" parent="null" lemma="null" stem="null" pos="null" morph="null" id="null" form="null" syntacticFunction="null" order="0">même</de.tudarmstadt.ukp.dkpro.core.api.segmentation.type.Token>
             
            <de.tudarmstadt.ukp.dkpro.core.api.segmentation.type.Token sofa="Sofa" begin="700" end="704" parent="null" lemma="null" stem="null" pos="null" morph="null" id="null" form="null" syntacticFunction="null" order="0">côté</de.tudarmstadt.ukp.dkpro.core.api.segmentation.type.Token>
            <de.tudarmstadt.ukp.dkpro.core.api.segmentation.type.Token sofa="Sofa" begin="704" end="705" parent="null" lemma="null" stem="null" pos="null" morph="null" id="null" form="null" syntacticFunction="null" order="0">,</de.tudarmstadt.ukp.dkpro.core.api.segmentation.type.Token>
             
            <de.tudarmstadt.ukp.dkpro.core.api.segmentation.type.Token sofa="Sofa" begin="706" end="713" parent="null" lemma="null" stem="null" pos="null" morph="null" id="null" form="null" syntacticFunction="null" order="0">l'enfer</de.tudarmstadt.ukp.dkpro.core.api.segmentation.type.Token>
             
            <de.tudarmstadt.ukp.dkpro.core.api.segmentation.type.Token sofa="Sofa" begin="714" end="721" parent="null" lemma="null" stem="null" pos="null" morph="null" id="null" form="null" syntacticFunction="null" order="0">changea</de.tudarmstadt.ukp.dkpro.core.api.segmentation.type.Token>
             
            <de.tudarmstadt.ukp.dkpro.core.api.segmentation.type.Token sofa="Sofa" begin="722" end="724" parent="null" lemma="null" stem="null" pos="null" morph="null" id="null" form="null" syntacticFunction="null" order="0">de</de.tudarmstadt.ukp.dkpro.core.api.segmentation.type.Token>
             
            <de.tudarmstadt.ukp.dkpro.core.api.segmentation.type.Token sofa="Sofa" begin="725" end="733" parent="null" lemma="null" stem="null" pos="null" morph="null" id="null" form="null" syntacticFunction="null" order="0">position</de.tudarmstadt.ukp.dkpro.core.api.segmentation.type.Token>
            <de.tudarmstadt.ukp.dkpro.core.api.segmentation.type.Token sofa="Sofa" begin="733" end="734" parent="null" lemma="null" stem="null" pos="null" morph="null" id="null" form="null" syntacticFunction="null" order="0">,</de.tudarmstadt.ukp.dkpro.core.api.segmentation.type.Token>
             
            <de.tudarmstadt.ukp.dkpro.core.api.segmentation.type.Token sofa="Sofa" begin="735" end="737" parent="null" lemma="null" stem="null" pos="null" morph="null" id="null" form="null" syntacticFunction="null" order="0">et</de.tudarmstadt.ukp.dkpro.core.api.segmentation.type.Token>
             
            <de.tudarmstadt.ukp.dkpro.core.api.segmentation.type.Token sofa="Sofa" begin="738" end="741" parent="null" lemma="null" stem="null" pos="null" morph="null" id="null" form="null" syntacticFunction="null" order="0">fut</de.tudarmstadt.ukp.dkpro.core.api.segmentation.type.Token>
             
            <de.tudarmstadt.ukp.dkpro.core.api.segmentation.type.Token sofa="Sofa" begin="742" end="747" parent="null" lemma="null" stem="null" pos="null" morph="null" id="null" form="null" syntacticFunction="null" order="0">placé</de.tudarmstadt.ukp.dkpro.core.api.segmentation.type.Token>
             
            <de.tudarmstadt.ukp.dkpro.core.api.segmentation.type.Token sofa="Sofa" begin="748" end="762" parent="null" lemma="null" stem="null" pos="null" morph="null" id="null" form="null" syntacticFunction="null" order="0">successivement</de.tudarmstadt.ukp.dkpro.core.api.segmentation.type.Token>
             
            <de.tudarmstadt.ukp.dkpro.core.api.segmentation.type.Token sofa="Sofa" begin="763" end="765" parent="null" lemma="null" stem="null" pos="null" morph="null" id="null" form="null" syntacticFunction="null" order="0">en</de.tudarmstadt.ukp.dkpro.core.api.segmentation.type.Token>
             
            <de.tudarmstadt.ukp.dkpro.core.api.segmentation.type.Token sofa="Sofa" begin="766" end="772" parent="null" lemma="null" stem="null" pos="null" morph="null" id="null" form="null" syntacticFunction="null" order="0">Italie</de.tudarmstadt.ukp.dkpro.core.api.segmentation.type.Token>
             
            <de.tudarmstadt.ukp.dkpro.core.api.segmentation.type.Token sofa="Sofa" begin="773" end="775" parent="null" lemma="null" stem="null" pos="null" morph="null" id="null" form="null" syntacticFunction="null" order="0">et</de.tudarmstadt.ukp.dkpro.core.api.segmentation.type.Token>
             
            <de.tudarmstadt.ukp.dkpro.core.api.segmentation.type.Token sofa="Sofa" begin="776" end="778" parent="null" lemma="null" stem="null" pos="null" morph="null" id="null" form="null" syntacticFunction="null" order="0">en</de.tudarmstadt.ukp.dkpro.core.api.segmentation.type.Token>
             
            <de.tudarmstadt.ukp.dkpro.core.api.segmentation.type.Token sofa="Sofa" begin="779" end="785" parent="null" lemma="null" stem="null" pos="null" morph="null" id="null" form="null" syntacticFunction="null" order="0">Ibérie</de.tudarmstadt.ukp.dkpro.core.api.segmentation.type.Token>
            <de.tudarmstadt.ukp.dkpro.core.api.segmentation.type.Token sofa="Sofa" begin="785" end="786" parent="null" lemma="null" stem="null" pos="null" morph="null" id="null" form="null" syntacticFunction="null" order="0">,</de.tudarmstadt.ukp.dkpro.core.api.segmentation.type.Token>
             
            <de.tudarmstadt.ukp.dkpro.core.api.segmentation.type.Token sofa="Sofa" begin="787" end="795" parent="null" lemma="null" stem="null" pos="null" morph="null" id="null" form="null" syntacticFunction="null" order="0">toujours</de.tudarmstadt.ukp.dkpro.core.api.segmentation.type.Token>
             
            <de.tudarmstadt.ukp.dkpro.core.api.segmentation.type.Token sofa="Sofa" begin="796" end="800" parent="null" lemma="null" stem="null" pos="null" morph="null" id="null" form="null" syntacticFunction="null" order="0">dans</de.tudarmstadt.ukp.dkpro.core.api.segmentation.type.Token>
             
            <de.tudarmstadt.ukp.dkpro.core.api.segmentation.type.Token sofa="Sofa" begin="801" end="804" parent="null" lemma="null" stem="null" pos="null" morph="null" id="null" form="null" syntacticFunction="null" order="0">les</de.tudarmstadt.ukp.dkpro.core.api.segmentation.type.Token>
             
            <de.tudarmstadt.ukp.dkpro.core.api.segmentation.type.Token sofa="Sofa" begin="805" end="813" parent="null" lemma="null" stem="null" pos="null" morph="null" id="null" form="null" syntacticFunction="null" order="0">endroits</de.tudarmstadt.ukp.dkpro.core.api.segmentation.type.Token>
             
            <de.tudarmstadt.ukp.dkpro.core.api.segmentation.type.Token sofa="Sofa" begin="814" end="816" parent="null" lemma="null" stem="null" pos="null" morph="null" id="null" form="null" syntacticFunction="null" order="0">où</de.tudarmstadt.ukp.dkpro.core.api.segmentation.type.Token>
             
            <de.tudarmstadt.ukp.dkpro.core.api.segmentation.type.Token sofa="Sofa" begin="817" end="819" parent="null" lemma="null" stem="null" pos="null" morph="null" id="null" form="null" syntacticFunction="null" order="0">la</de.tudarmstadt.ukp.dkpro.core.api.segmentation.type.Token>
             
            <de.tudarmstadt.ukp.dkpro.core.api.segmentation.type.Token sofa="Sofa" begin="820" end="827" parent="null" lemma="null" stem="null" pos="null" morph="null" id="null" form="null" syntacticFunction="null" order="0">lumière</de.tudarmstadt.ukp.dkpro.core.api.segmentation.type.Token>
             
            <de.tudarmstadt.ukp.dkpro.core.api.segmentation.type.Token sofa="Sofa" begin="828" end="830" parent="null" lemma="null" stem="null" pos="null" morph="null" id="null" form="null" syntacticFunction="null" order="0">du</de.tudarmstadt.ukp.dkpro.core.api.segmentation.type.Token>
             
            <de.tudarmstadt.ukp.dkpro.core.api.segmentation.type.Token sofa="Sofa" begin="831" end="835" parent="null" lemma="null" stem="null" pos="null" morph="null" id="null" form="null" syntacticFunction="null" order="0">jour</de.tudarmstadt.ukp.dkpro.core.api.segmentation.type.Token>
             
            <de.tudarmstadt.ukp.dkpro.core.api.segmentation.type.Token sofa="Sofa" begin="836" end="844" parent="null" lemma="null" stem="null" pos="null" morph="null" id="null" form="null" syntacticFunction="null" order="0">semblait</de.tudarmstadt.ukp.dkpro.core.api.segmentation.type.Token>
             
            <de.tudarmstadt.ukp.dkpro.core.api.segmentation.type.Token sofa="Sofa" begin="845" end="855" parent="null" lemma="null" stem="null" pos="null" morph="null" id="null" form="null" syntacticFunction="null" order="0">s'éteindre</de.tudarmstadt.ukp.dkpro.core.api.segmentation.type.Token>
            <de.tudarmstadt.ukp.dkpro.core.api.segmentation.type.Token sofa="Sofa" begin="855" end="856" parent="null" lemma="null" stem="null" pos="null" morph="null" id="null" form="null" syntacticFunction="null" order="0">.</de.tudarmstadt.ukp.dkpro.core.api.segmentation.type.Token>
        </de.tudarmstadt.ukp.dkpro.core.api.segmentation.type.Sentence>
        	 

    </de.tudarmstadt.ukp.dkpro.core.api.metadata.type.DocumentMetaData>
</Document>
