#FORMAT=WebAnno TSV 3.3
#T_SP=custom.Span|label
#T_RL=custom.Relation|label|BT_custom.Span


#Text=genennet, dieweil ſie das Waſſer, wenn
#Text=man ein wenig drein ſchuͤttet, ſo weiß
#Text=als Milch machet.
1-1	3-11	genennet	_	_	_	
1-2	11-12	,	_	_	_	
1-3	13-20	dieweil	_	_	_	
1-4	21-24	ſie	_	_	_	
1-5	25-28	das	_	_	_	
1-6	29-35	Waſſer	_	_	_	
1-7	35-36	,	_	_	_	
1-8	37-41	wenn	_	_	_	
1-9	42-45	man	_	_	_	
1-10	46-49	ein	_	_	_	
1-11	50-55	wenig	_	_	_	
1-12	56-61	drein	_	_	_	
1-13	62-71	ſchuͤttet	_	_	_	
1-14	71-72	,	_	_	_	
1-15	73-75	ſo	_	_	_	
1-16	76-80	weiß	_	_	_	
1-17	81-84	als	_	_	_	
1-18	85-90	Milch	_	_	_	
1-19	91-97	machet	_	_	_	
1-20	97-98	.	_	_	_	

#Text=Die eine feinere
#Text=Jungfermilch bereiten wollen, dieſel-
#Text=ben nehmen den Balſam en coques, in
#Text=Schalen, und den tropfichten Storax,
#Text=dazu ſie wohl gar Moſch, Ambra und
#Text=
#Text=Zibet
#Text=
#Text=\f
#Text=[0303
#Text=]
#Text=
#Text=Hauptbeſchreibung erſten Theils achtes Buch.
2-1	99-102	Die	_	_	_	
2-2	103-107	eine	_	_	_	
2-3	108-115	feinere	_	_	_	
2-4	116-128	Jungfermilch	_	_	_	
2-5	129-137	bereiten	_	_	_	
2-6	138-144	wollen	_	_	_	
2-7	144-145	,	_	_	_	
2-8	146-152	dieſel	_	_	_	
2-9	152-153	-	_	_	_	
2-10	154-157	ben	_	_	_	
2-11	158-164	nehmen	_	_	_	
2-12	165-168	den	_	_	_	
2-13	169-175	Balſam	_	_	_	
2-14	176-178	en	_	_	_	
2-15	179-185	coques	_	_	_	
2-16	185-186	,	_	_	_	
2-17	187-189	in	_	_	_	
2-18	190-197	Schalen	_	_	_	
2-19	197-198	,	_	_	_	
2-20	199-202	und	_	_	_	
2-21	203-206	den	_	_	_	
2-22	207-218	tropfichten	_	_	_	
2-23	219-225	Storax	_	_	_	
2-24	225-226	,	_	_	_	
2-25	227-231	dazu	_	_	_	
2-26	232-235	ſie	_	_	_	
2-27	236-240	wohl	_	_	_	
2-28	241-244	gar	_	_	_	
2-29	245-250	Moſch	_	_	_	
2-30	250-251	,	_	_	_	
2-31	252-257	Ambra	_	_	_	
2-32	258-261	und	_	_	_	
2-33	263-268	Zibet	_	_	_	
2-34	272-273	[	_	_	_	
2-35	273-277	0303	_	_	_	
2-36	278-279	]	_	_	_	
2-37	281-298	Hauptbeſchreibung	_	_	_	
2-38	299-305	erſten	_	_	_	
2-39	306-312	Theils	_	_	_	
2-40	313-319	achtes	_	_	_	
2-41	320-324	Buch	_	_	_	
2-42	324-325	.	_	_	_	

#Text=Zibet zu thun pflegen.
3-1	329-334	Zibet	_	_	_	
3-2	335-337	zu	_	_	_	
3-3	338-342	thun	_	_	_	
3-4	343-350	pflegen	_	_	_	
3-5	350-351	.	_	_	_	

#Text=Etliche dage-
#Text=
#Text=gen,
#Text=die ſich nicht groß um den Geruch
#Text=bekuͤmmern, thun Myrrhe drunter,
#Text=weil dieſelbe, wie ſie ſagen, gut ſeyn ſoll,
#Text=
#Text=die Kupferflecken im Geſichte zu vertrei-
#Text=ben.
4-1	352-359	Etliche	_	_	_	
4-2	360-364	dage	_	_	_	
4-3	364-365	-	_	_	_	
4-4	367-370	gen	_	_	_	
4-5	370-371	,	_	_	_	
4-6	372-375	die	_	_	_	
4-7	376-380	ſich	_	_	_	
4-8	381-386	nicht	_	_	_	
4-9	387-391	groß	_	_	_	
4-10	392-394	um	_	_	_	
4-11	395-398	den	_	_	_	
4-12	399-405	Geruch	Smell\_Word	_	_	
4-13	406-416	bekuͤmmern	_	_	_	
4-14	416-417	,	_	_	_	
4-15	418-422	thun	_	_	_	
4-16	423-429	Myrrhe	_	_	_	
4-17	430-437	drunter	_	_	_	
4-18	437-438	,	_	_	_	
4-19	439-443	weil	_	_	_	
4-20	444-452	dieſelbe	_	_	_	
4-21	452-453	,	_	_	_	
4-22	454-457	wie	_	_	_	
4-23	458-461	ſie	_	_	_	
4-24	462-467	ſagen	_	_	_	
4-25	467-468	,	_	_	_	
4-26	469-472	gut	_	_	_	
4-27	473-477	ſeyn	_	_	_	
4-28	478-482	ſoll	_	_	_	
4-29	482-483	,	_	_	_	
4-30	485-488	die	_	_	_	
4-31	489-502	Kupferflecken	_	_	_	
4-32	503-505	im	_	_	_	
4-33	506-514	Geſichte	_	_	_	
4-34	515-517	zu	_	_	_	
4-35	518-525	vertrei	_	_	_	
4-36	525-526	-	_	_	_	
4-37	527-530	ben	_	_	_	
4-38	530-531	.	_	_	_	

#Text=Allein dieſe Milch muß recht ſchoͤn
#Text=
#Text=roth und klar ſeyn, und ſtarck, iedoch
#Text=nicht nach dem Weinſpiritus riechen.
5-1	535-541	Allein	_	_	_	
5-2	542-547	dieſe	_	_	_	
5-3	548-553	Milch	Smell\_Source	_	_	
5-4	554-557	muß	_	_	_	
5-5	558-563	recht	_	_	_	
5-6	564-570	ſchoͤn	_	_	_	
5-7	572-576	roth	_	_	_	
5-8	577-580	und	_	_	_	
5-9	581-585	klar	_	_	_	
5-10	586-590	ſeyn	_	_	_	
5-11	590-591	,	_	_	_	
5-12	592-595	und	_	_	_	
5-13	596-602	ſtarck	Quality	_	_	
5-14	602-603	,	_	_	_	
5-15	604-610	iedoch	_	_	_	
5-16	611-616	nicht	Quality	_	_	
5-17	617-621	nach	Evoked\_Odorant[1]	*	5-16[0_1]	
5-18	622-625	dem	Evoked\_Odorant[1]	_	_	
5-19	626-638	Weinſpiritus	Evoked\_Odorant[1]	_	_	
5-20	639-646	riechen	Smell\_Word	*	5-13	
5-21	646-647	.	_	_	_	

#Text=Das zwantzigſte Capitel.
6-1	652-655	Das	_	_	_	
6-2	656-667	zwantzigſte	_	_	_	
6-3	668-675	Capitel	_	_	_	
6-4	675-676	.	_	_	_	

#Text=Von der Myrrhe.
7-1	679-682	Von	_	_	_	
7-2	683-686	der	_	_	_	
7-3	687-693	Myrrhe	_	_	_	
7-4	693-694	.	_	_	_	

#Text=DJe Myrrhe iſt ein Hartz, rinnet
#Text=aus dem aufgeritzten Stamme ei-
#Text=nes ſtachlichten kleinen Baͤumgens, wie
#Text=helle durchſichtige Tropfen, welche weiß
#Text=ſind, und dunckelroth, wenn ſie aͤl-
#Text=ter werden.
8-1	698-701	DJe	_	_	_	
8-2	702-708	Myrrhe	_	_	_	
8-3	709-712	iſt	_	_	_	
8-4	713-716	ein	_	_	_	
8-5	717-722	Hartz	_	_	_	
8-6	722-723	,	_	_	_	
8-7	724-730	rinnet	_	_	_	
8-8	731-734	aus	_	_	_	
8-9	735-738	dem	_	_	_	
8-10	739-751	aufgeritzten	_	_	_	
8-11	752-758	Stamme	_	_	_	
8-12	759-761	ei	_	_	_	
8-13	761-762	-	_	_	_	
8-14	763-766	nes	_	_	_	
8-15	767-779	ſtachlichten	_	_	_	
8-16	780-787	kleinen	_	_	_	
8-17	788-797	Baͤumgens	_	_	_	
8-18	797-798	,	_	_	_	
8-19	799-802	wie	_	_	_	
8-20	803-808	helle	_	_	_	
8-21	809-822	durchſichtige	_	_	_	
8-22	823-830	Tropfen	_	_	_	
8-23	830-831	,	_	_	_	
8-24	832-838	welche	_	_	_	
8-25	839-843	weiß	_	_	_	
8-26	844-848	ſind	_	_	_	
8-27	848-849	,	_	_	_	
8-28	850-853	und	_	_	_	
8-29	854-865	dunckelroth	_	_	_	
8-30	865-866	,	_	_	_	
8-31	867-871	wenn	_	_	_	
8-32	872-875	ſie	_	_	_	
8-33	876-879	aͤl	_	_	_	
8-34	879-880	-	_	_	_	
8-35	881-884	ter	_	_	_	
8-36	885-891	werden	_	_	_	
8-37	891-892	.	_	_	_	

#Text=Dieſe
#Text=kleinen Baͤumlein, deren Blaͤt-
#Text=ter dem Ulmenlaube gleich ſehen, wach-
#Text=ſen in Menge in dem gluͤcklichen Ara-
#Text=bien, in Egypten und Africa, ſonder-
#Text=lich bey den Trogloditen/ daher auch
#Text=ihr Zuname entſtanden: wie ſie denn
#Text=um gleicher Urſache willen die Abyßi-
#Text=niſche Myrrhe genennet wird, weil ih-
#Text=rer gar viel in Abyßinien und des Prie-
#Text=ſter Johannis Lande geſammlet
#Text=wird.
9-1	896-901	Dieſe	_	_	_	
9-2	902-909	kleinen	_	_	_	
9-3	910-919	Baͤumlein	_	_	_	
9-4	919-920	,	_	_	_	
9-5	921-926	deren	_	_	_	
9-6	927-932	Blaͤt	_	_	_	
9-7	932-933	-	_	_	_	
9-8	934-937	ter	_	_	_	
9-9	938-941	dem	_	_	_	
9-10	942-952	Ulmenlaube	_	_	_	
9-11	953-959	gleich	_	_	_	
9-12	960-965	ſehen	_	_	_	
9-13	965-966	,	_	_	_	
9-14	967-971	wach	_	_	_	
9-15	971-972	-	_	_	_	
9-16	973-976	ſen	_	_	_	
9-17	977-979	in	_	_	_	
9-18	980-985	Menge	_	_	_	
9-19	986-988	in	_	_	_	
9-20	989-992	dem	_	_	_	
9-21	993-1005	gluͤcklichen	_	_	_	
9-22	1006-1009	Ara	_	_	_	
9-23	1009-1010	-	_	_	_	
9-24	1011-1015	bien	_	_	_	
9-25	1015-1016	,	_	_	_	
9-26	1017-1019	in	_	_	_	
9-27	1020-1027	Egypten	_	_	_	
9-28	1028-1031	und	_	_	_	
9-29	1032-1038	Africa	_	_	_	
9-30	1038-1039	,	_	_	_	
9-31	1040-1046	ſonder	_	_	_	
9-32	1046-1047	-	_	_	_	
9-33	1048-1052	lich	_	_	_	
9-34	1053-1056	bey	_	_	_	
9-35	1057-1060	den	_	_	_	
9-36	1061-1072	Trogloditen	_	_	_	
9-37	1072-1073	/	_	_	_	
9-38	1074-1079	daher	_	_	_	
9-39	1080-1084	auch	_	_	_	
9-40	1085-1088	ihr	_	_	_	
9-41	1089-1095	Zuname	_	_	_	
9-42	1096-1106	entſtanden	_	_	_	
9-43	1106-1107	:	_	_	_	
9-44	1108-1111	wie	_	_	_	
9-45	1112-1115	ſie	_	_	_	
9-46	1116-1120	denn	_	_	_	
9-47	1121-1123	um	_	_	_	
9-48	1124-1132	gleicher	_	_	_	
9-49	1133-1140	Urſache	_	_	_	
9-50	1141-1147	willen	_	_	_	
9-51	1148-1151	die	_	_	_	
9-52	1152-1157	Abyßi	_	_	_	
9-53	1157-1158	-	_	_	_	
9-54	1159-1165	niſche	_	_	_	
9-55	1166-1172	Myrrhe	_	_	_	
9-56	1173-1181	genennet	_	_	_	
9-57	1182-1186	wird	_	_	_	
9-58	1186-1187	,	_	_	_	
9-59	1188-1192	weil	_	_	_	
9-60	1193-1195	ih	_	_	_	
9-61	1195-1196	-	_	_	_	
9-62	1197-1200	rer	_	_	_	
9-63	1201-1204	gar	_	_	_	
9-64	1205-1209	viel	_	_	_	
9-65	1210-1212	in	_	_	_	
9-66	1213-1222	Abyßinien	_	_	_	
9-67	1223-1226	und	_	_	_	
9-68	1227-1230	des	_	_	_	
9-69	1231-1235	Prie	_	_	_	
9-70	1235-1236	-	_	_	_	
9-71	1237-1241	ſter	_	_	_	
9-72	1242-1250	Johannis	_	_	_	
9-73	1251-1256	Lande	_	_	_	
9-74	1257-1266	geſammlet	_	_	_	
9-75	1267-1271	wird	_	_	_	
9-76	1271-1272	.	_	_	_	
