#FORMAT=WebAnno TSV 3.3


#Text=Es wurde ernst.
1-1	2-4	Es	
1-2	5-10	wurde	
1-3	11-16	ernst	
1-4	16-17	.	

#Text=Zur Seite des Waldpfades dröhnten in einem Tannendickicht dumpfe Stöße, Zweige und Erde rauschten nieder.
2-1	18-21	Zur	
2-2	22-27	Seite	
2-3	28-31	des	
2-4	32-42	Waldpfades	
2-5	43-51	dröhnten	
2-6	52-54	in	
2-7	55-60	einem	
2-8	61-75	Tannendickicht	
2-9	76-82	dumpfe	
2-10	83-88	Stöße	
2-11	88-89	,	
2-12	90-96	Zweige	
2-13	97-100	und	
2-14	101-105	Erde	
2-15	106-115	rauschten	
2-16	116-122	nieder	
2-17	122-123	.	

#Text=Ein Ängstlicher warf sich unter erzwungenem Gelächter der Kameraden zu Boden.
3-1	124-127	Ein	
3-2	128-139	Ängstlicher	
3-3	140-144	warf	
3-4	145-149	sich	
3-5	150-155	unter	
3-6	156-167	erzwungenem	
3-7	168-177	Gelächter	
3-8	178-181	der	
3-9	182-191	Kameraden	
3-10	192-194	zu	
3-11	195-200	Boden	
3-12	200-201	.	

#Text=Dann glitt der Mahnruf des Todes durch die Reihen: „Sanitäter nach vorn!
4-1	202-206	Dann	
4-2	207-212	glitt	
4-3	213-216	der	
4-4	217-224	Mahnruf	
4-5	225-228	des	
4-6	229-234	Todes	
4-7	235-240	durch	
4-8	241-244	die	
4-9	245-251	Reihen	
4-10	251-252	:	
4-11	253-254	„	
4-12	254-263	Sanitäter	
4-13	264-268	nach	
4-14	269-273	vorn	
4-15	273-274	!	

#Text=“
#Text=
#Text=
#Text=
#Text=Auf der Grande Tranchée hasteten Truppen vor.
5-1	274-275	“	
5-2	279-282	Auf	
5-3	283-286	der	
5-4	287-293	Grande	
5-5	294-302	Tranchée	
5-6	303-311	hasteten	
5-7	312-319	Truppen	
5-8	320-323	vor	
5-9	323-324	.	

#Text=Um Wasser flehende Verwundete kauerten am Straßenrand, bahrentragende Gefangene keuchten zurück,
#Text=Protzen rasselten im Galopp durchs Feuer.
6-1	325-327	Um	
6-2	328-334	Wasser	
6-3	335-343	flehende	
6-4	344-354	Verwundete	
6-5	355-363	kauerten	
6-6	364-366	am	
6-7	367-378	Straßenrand	
6-8	378-379	,	
6-9	380-394	bahrentragende	
6-10	395-404	Gefangene	
6-11	405-413	keuchten	
6-12	414-420	zurück	
6-13	420-421	,	
6-14	422-429	Protzen	
6-15	430-439	rasselten	
6-16	440-442	im	
6-17	443-449	Galopp	
6-18	450-456	durchs	
6-19	457-462	Feuer	
6-20	462-463	.	

#Text=Rechts und links stampften Granaten
#Text=den weichen Boden, schweres Geäst brach nieder.
7-1	464-470	Rechts	
7-2	471-474	und	
7-3	475-480	links	
7-4	481-490	stampften	
7-5	491-499	Granaten	
7-6	500-503	den	
7-7	504-511	weichen	
7-8	512-517	Boden	
7-9	517-518	,	
7-10	519-527	schweres	
7-11	528-533	Geäst	
7-12	534-539	brach	
7-13	540-546	nieder	
7-14	546-547	.	

#Text=Mitten im Wege lag ein totes Pferd mit riesigen Wunden, daneben dampfende Eingeweide.
8-1	548-554	Mitten	
8-2	555-557	im	
8-3	558-562	Wege	
8-4	563-566	lag	
8-5	567-570	ein	
8-6	571-576	totes	
8-7	577-582	Pferd	
8-8	583-586	mit	
8-9	587-595	riesigen	
8-10	596-602	Wunden	
8-11	602-603	,	
8-12	604-611	daneben	
8-13	612-621	dampfende	
8-14	622-632	Eingeweide	
8-15	632-633	.	

#Text=An einem Baume lehnte ein bärtiger Landwehrmann: „Jungens, jetzt feste ran, der Franzmann ist im Laufen!
9-1	634-636	An	
9-2	637-642	einem	
9-3	643-648	Baume	
9-4	649-655	lehnte	
9-5	656-659	ein	
9-6	660-668	bärtiger	
9-7	669-681	Landwehrmann	
9-8	681-682	:	
9-9	683-684	„	
9-10	684-691	Jungens	
9-11	691-692	,	
9-12	693-698	jetzt	
9-13	699-704	feste	
9-14	705-708	ran	
9-15	708-709	,	
9-16	710-713	der	
9-17	714-723	Franzmann	
9-18	724-727	ist	
9-19	728-730	im	
9-20	731-737	Laufen	
9-21	737-738	!	

#Text=“
#Text=
#Text=
#Text=
#Text=Wir gelangten in das kampfzerwühlte Reich der Infanterie.
10-1	738-739	“	
10-2	743-746	Wir	
10-3	747-756	gelangten	
10-4	757-759	in	
10-5	760-763	das	
10-6	764-778	kampfzerwühlte	
10-7	779-784	Reich	
10-8	785-788	der	
10-9	789-799	Infanterie	
10-10	799-800	.	

#Text=Der Umkreis der Sturmausgangsstellung war von Geschossen kahl geholzt.
11-1	801-804	Der	
11-2	805-812	Umkreis	
11-3	813-816	der	
11-4	817-838	Sturmausgangsstellung	
11-5	839-842	war	
11-6	843-846	von	
11-7	847-857	Geschossen	
11-8	858-862	kahl	
11-9	863-870	geholzt	
11-10	870-871	.	

#Text=Im zerrissenen Zwischenfelde lagen die Opfer des Sturmes, den Kopf feindwärts;
#Text=die grauen Röcke hoben sich kaum vom Boden ab.
12-1	872-874	Im	
12-2	875-886	zerrissenen	
12-3	887-900	Zwischenfelde	
12-4	901-906	lagen	
12-5	907-910	die	
12-6	911-916	Opfer	
12-7	917-920	des	
12-8	921-928	Sturmes	
12-9	928-929	,	
12-10	930-933	den	
12-11	934-938	Kopf	
12-12	939-949	feindwärts	
12-13	949-950	;	
12-14	951-954	die	
12-15	955-961	grauen	
12-16	962-967	Röcke	
12-17	968-973	hoben	
12-18	974-978	sich	
12-19	979-983	kaum	
12-20	984-987	vom	
12-21	988-993	Boden	
12-22	994-996	ab	
12-23	996-997	.	

#Text=Eine Riesengestalt, mit rotem, blutbesudeltem Vollbart starrte zum Himmel, die Fäuste in die lockere Erde gekrallt.
13-1	998-1002	Eine	
13-2	1003-1016	Riesengestalt	
13-3	1016-1017	,	
13-4	1018-1021	mit	
13-5	1022-1027	rotem	
13-6	1027-1028	,	
13-7	1029-1043	blutbesudeltem	
13-8	1044-1052	Vollbart	
13-9	1053-1060	starrte	
13-10	1061-1064	zum	
13-11	1065-1071	Himmel	
13-12	1071-1072	,	
13-13	1073-1076	die	
13-14	1077-1083	Fäuste	
13-15	1084-1086	in	
13-16	1087-1090	die	
13-17	1091-1098	lockere	
13-18	1099-1103	Erde	
13-19	1104-1112	gekrallt	
13-20	1112-1113	.	

#Text=Ein junger Mensch wälzte sich in einem Trichter, die gelbliche Farbe des Todes auf den Zügen.
14-1	1114-1117	Ein	
14-2	1118-1124	junger	
14-3	1125-1131	Mensch	
14-4	1132-1138	wälzte	
14-5	1139-1143	sich	
14-6	1144-1146	in	
14-7	1147-1152	einem	
14-8	1153-1161	Trichter	
14-9	1161-1162	,	
14-10	1163-1166	die	
14-11	1167-1176	gelbliche	
14-12	1177-1182	Farbe	
14-13	1183-1186	des	
14-14	1187-1192	Todes	
14-15	1193-1196	auf	
14-16	1197-1200	den	
14-17	1201-1206	Zügen	
14-18	1206-1207	.	

#Text=Unsere Blicke schienen ihm unangenehm, mit einer gleichgültigen Bewegung zog er sich den Mantel über den Kopf und wurde still.
15-1	1208-1214	Unsere	
15-2	1215-1221	Blicke	
15-3	1222-1230	schienen	
15-4	1231-1234	ihm	
15-5	1235-1245	unangenehm	
15-6	1245-1246	,	
15-7	1247-1250	mit	
15-8	1251-1256	einer	
15-9	1257-1271	gleichgültigen	
15-10	1272-1280	Bewegung	
15-11	1281-1284	zog	
15-12	1285-1287	er	
15-13	1288-1292	sich	
15-14	1293-1296	den	
15-15	1297-1303	Mantel	
15-16	1304-1308	über	
15-17	1309-1312	den	
15-18	1313-1317	Kopf	
15-19	1318-1321	und	
15-20	1322-1327	wurde	
15-21	1328-1333	still	
15-22	1333-1334	.	
