#FORMAT=WebAnno TSV 3.3


#Text=36 Die quinto princeps filiorum Simeon, Salamiel filius Surisaddai, 37 obtulit acetabulum argenteum appendens centum triginta siclos, phialam argenteam habentem septuaginta siclos, ad pondus sanctuarii, utrumque plenum simila conspersa oleo in sacrificium : 38 mortariolum aureum appendens decem siclos, plenum incenso : 39 bovem de armento, et arietem, et agnum anniculum in holocaustum : 40 hircumque pro peccato : 41 et in hostias pacificorum boves duos, arietes quinque, hircos quinque, agnos anniculos quinque.
1-1	2-4	36	
1-2	5-8	Die	
1-3	9-15	quinto	
1-4	16-24	princeps	
1-5	25-33	filiorum	
1-6	34-40	Simeon	
1-7	40-41	,	
1-8	42-50	Salamiel	
1-9	51-57	filius	
1-10	58-68	Surisaddai	
1-11	68-69	,	
1-12	70-72	37	
1-13	73-80	obtulit	
1-14	81-91	acetabulum	
1-15	92-101	argenteum	
1-16	102-111	appendens	
1-17	112-118	centum	
1-18	119-127	triginta	
1-19	128-134	siclos	
1-20	134-135	,	
1-21	136-143	phialam	
1-22	144-153	argenteam	
1-23	154-162	habentem	
1-24	163-174	septuaginta	
1-25	175-181	siclos	
1-26	181-182	,	
1-27	183-185	ad	
1-28	186-192	pondus	
1-29	193-203	sanctuarii	
1-30	203-204	,	
1-31	205-213	utrumque	
1-32	214-220	plenum	
1-33	221-227	simila	
1-34	228-237	conspersa	
1-35	238-242	oleo	
1-36	243-245	in	
1-37	246-257	sacrificium	
1-38	258-259	:	
1-39	260-262	38	
1-40	263-274	mortariolum	
1-41	275-281	aureum	
1-42	282-291	appendens	
1-43	292-297	decem	
1-44	298-304	siclos	
1-45	304-305	,	
1-46	306-312	plenum	
1-47	313-320	incenso	
1-48	321-322	:	
1-49	323-325	39	
1-50	326-331	bovem	
1-51	332-334	de	
1-52	335-342	armento	
1-53	342-343	,	
1-54	344-346	et	
1-55	347-354	arietem	
1-56	354-355	,	
1-57	356-358	et	
1-58	359-364	agnum	
1-59	365-374	anniculum	
1-60	375-377	in	
1-61	378-389	holocaustum	
1-62	390-391	:	
1-63	392-394	40	
1-64	395-404	hircumque	
1-65	405-408	pro	
1-66	409-416	peccato	
1-67	417-418	:	
1-68	419-421	41	
1-69	422-424	et	
1-70	425-427	in	
1-71	428-435	hostias	
1-72	436-447	pacificorum	
1-73	448-453	boves	
1-74	454-458	duos	
1-75	458-459	,	
1-76	460-467	arietes	
1-77	468-475	quinque	
1-78	475-476	,	
1-79	477-483	hircos	
1-80	484-491	quinque	
1-81	491-492	,	
1-82	493-498	agnos	
1-83	499-508	anniculos	
1-84	509-516	quinque	
1-85	516-517	.	

#Text=Hæc fuit oblatio Salamiel filii Surisaddai.
#Text=42 Die sexto princeps filiorum Gad, Eliasaph filius Duel, 43 obtulit acetabulum argenteum appendens centum triginta siclos, phialam argenteam habentem septuaginta siclos, ad pondus sanctuarii, utrumque plenum simila conspersa oleo in sacrificium : 44 mortariolum aureum appendens decem siclos, plenum incenso : 45 bovem de armento, et arietem, et agnum anniculum in holocaustum : 46 hircumque pro peccato : 47 et in hostias pacificorum boves duos, arietes quinque, hircos quinque, agnos anniculos quinque.
2-1	518-521	Hæc	
2-2	522-526	fuit	
2-3	527-534	oblatio	
2-4	535-543	Salamiel	
2-5	544-549	filii	
2-6	550-560	Surisaddai	
2-7	560-561	.	
2-8	562-564	42	
2-9	565-568	Die	
2-10	569-574	sexto	
2-11	575-583	princeps	
2-12	584-592	filiorum	
2-13	593-596	Gad	
2-14	596-597	,	
2-15	598-606	Eliasaph	
2-16	607-613	filius	
2-17	614-618	Duel	
2-18	618-619	,	
2-19	620-622	43	
2-20	623-630	obtulit	
2-21	631-641	acetabulum	
2-22	642-651	argenteum	
2-23	652-661	appendens	
2-24	662-668	centum	
2-25	669-677	triginta	
2-26	678-684	siclos	
2-27	684-685	,	
2-28	686-693	phialam	
2-29	694-703	argenteam	
2-30	704-712	habentem	
2-31	713-724	septuaginta	
2-32	725-731	siclos	
2-33	731-732	,	
2-34	733-735	ad	
2-35	736-742	pondus	
2-36	743-753	sanctuarii	
2-37	753-754	,	
2-38	755-763	utrumque	
2-39	764-770	plenum	
2-40	771-777	simila	
2-41	778-787	conspersa	
2-42	788-792	oleo	
2-43	793-795	in	
2-44	796-807	sacrificium	
2-45	808-809	:	
2-46	810-812	44	
2-47	813-824	mortariolum	
2-48	825-831	aureum	
2-49	832-841	appendens	
2-50	842-847	decem	
2-51	848-854	siclos	
2-52	854-855	,	
2-53	856-862	plenum	
2-54	863-870	incenso	
2-55	871-872	:	
2-56	873-875	45	
2-57	876-881	bovem	
2-58	882-884	de	
2-59	885-892	armento	
2-60	892-893	,	
2-61	894-896	et	
2-62	897-904	arietem	
2-63	904-905	,	
2-64	906-908	et	
2-65	909-914	agnum	
2-66	915-924	anniculum	
2-67	925-927	in	
2-68	928-939	holocaustum	
2-69	940-941	:	
2-70	942-944	46	
2-71	945-954	hircumque	
2-72	955-958	pro	
2-73	959-966	peccato	
2-74	967-968	:	
2-75	969-971	47	
2-76	972-974	et	
2-77	975-977	in	
2-78	978-985	hostias	
2-79	986-997	pacificorum	
2-80	998-1003	boves	
2-81	1004-1008	duos	
2-82	1008-1009	,	
2-83	1010-1017	arietes	
2-84	1018-1025	quinque	
2-85	1025-1026	,	
2-86	1027-1033	hircos	
2-87	1034-1041	quinque	
2-88	1041-1042	,	
2-89	1043-1048	agnos	
2-90	1049-1058	anniculos	
2-91	1059-1066	quinque	
2-92	1066-1067	.	

#Text=Hæc fuit oblatio Eliasaph filii Duel.
#Text=48 Die septimo princeps filiorum Ephraim, Elisama filius Ammiud, 49 obtulit acetabulum argenteum appendens centum triginta siclos, phialam argenteam habentem septuaginta siclos, ad pondus sanctuarii, utrumque plenum simila conspersa oleo in sacrificium : 50 mortariolum aureum appendens decem siclos, plenum incenso : 51 bovem de armento, et arietem, et agnum anniculum in holocaustum : 52 hircumque pro peccato : 53 et in hostias pacificorum boves duos, arietes quinque, hircos quinque, agnos anniculos quinque.
3-1	1068-1071	Hæc	
3-2	1072-1076	fuit	
3-3	1077-1084	oblatio	
3-4	1085-1093	Eliasaph	
3-5	1094-1099	filii	
3-6	1100-1104	Duel	
3-7	1104-1105	.	
3-8	1106-1108	48	
3-9	1109-1112	Die	
3-10	1113-1120	septimo	
3-11	1121-1129	princeps	
3-12	1130-1138	filiorum	
3-13	1139-1146	Ephraim	
3-14	1146-1147	,	
3-15	1148-1155	Elisama	
3-16	1156-1162	filius	
3-17	1163-1169	Ammiud	
3-18	1169-1170	,	
3-19	1171-1173	49	
3-20	1174-1181	obtulit	
3-21	1182-1192	acetabulum	
3-22	1193-1202	argenteum	
3-23	1203-1212	appendens	
3-24	1213-1219	centum	
3-25	1220-1228	triginta	
3-26	1229-1235	siclos	
3-27	1235-1236	,	
3-28	1237-1244	phialam	
3-29	1245-1254	argenteam	
3-30	1255-1263	habentem	
3-31	1264-1275	septuaginta	
3-32	1276-1282	siclos	
3-33	1282-1283	,	
3-34	1284-1286	ad	
3-35	1287-1293	pondus	
3-36	1294-1304	sanctuarii	
3-37	1304-1305	,	
3-38	1306-1314	utrumque	
3-39	1315-1321	plenum	
3-40	1322-1328	simila	
3-41	1329-1338	conspersa	
3-42	1339-1343	oleo	
3-43	1344-1346	in	
3-44	1347-1358	sacrificium	
3-45	1359-1360	:	
3-46	1361-1363	50	
3-47	1364-1375	mortariolum	
3-48	1376-1382	aureum	
3-49	1383-1392	appendens	
3-50	1393-1398	decem	
3-51	1399-1405	siclos	
3-52	1405-1406	,	
3-53	1407-1413	plenum	
3-54	1414-1421	incenso	
3-55	1422-1423	:	
3-56	1424-1426	51	
3-57	1427-1432	bovem	
3-58	1433-1435	de	
3-59	1436-1443	armento	
3-60	1443-1444	,	
3-61	1445-1447	et	
3-62	1448-1455	arietem	
3-63	1455-1456	,	
3-64	1457-1459	et	
3-65	1460-1465	agnum	
3-66	1466-1475	anniculum	
3-67	1476-1478	in	
3-68	1479-1490	holocaustum	
3-69	1491-1492	:	
3-70	1493-1495	52	
3-71	1496-1505	hircumque	
3-72	1506-1509	pro	
3-73	1510-1517	peccato	
3-74	1518-1519	:	
3-75	1520-1522	53	
3-76	1523-1525	et	
3-77	1526-1528	in	
3-78	1529-1536	hostias	
3-79	1537-1548	pacificorum	
3-80	1549-1554	boves	
3-81	1555-1559	duos	
3-82	1559-1560	,	
3-83	1561-1568	arietes	
3-84	1569-1576	quinque	
3-85	1576-1577	,	
3-86	1578-1584	hircos	
3-87	1585-1592	quinque	
3-88	1592-1593	,	
3-89	1594-1599	agnos	
3-90	1600-1609	anniculos	
3-91	1610-1617	quinque	
3-92	1617-1618	.	

#Text=Hæc fuit oblatio Elisama filii Ammiud.
#Text=54 Die octavo, princeps filiorum Manasse, Gamaliel filius Phadassur, 55 obtulit acetabulum argenteum appendens centum triginta siclos, phialam argenteam habentem septuaginta siclos, ad pondus sanctuarii, utrumque plenum simila conspersa oleo in sacrificium : 56 mortariolum aureum appendens decem siclos, plenum incenso : 57 bovem de armento, et arietem, et agnum anniculum in holocaustum : 58 hircumque pro peccato : 59 et in hostias pacificorum boves duos, arietes quinque, hircos quinque, agnos anniculos quinque.
4-1	1619-1622	Hæc	
4-2	1623-1627	fuit	
4-3	1628-1635	oblatio	
4-4	1636-1643	Elisama	
4-5	1644-1649	filii	
4-6	1650-1656	Ammiud	
4-7	1656-1657	.	
4-8	1658-1660	54	
4-9	1661-1664	Die	
4-10	1665-1671	octavo	
4-11	1671-1672	,	
4-12	1673-1681	princeps	
4-13	1682-1690	filiorum	
4-14	1691-1698	Manasse	
4-15	1698-1699	,	
4-16	1700-1708	Gamaliel	
4-17	1709-1715	filius	
4-18	1716-1725	Phadassur	
4-19	1725-1726	,	
4-20	1727-1729	55	
4-21	1730-1737	obtulit	
4-22	1738-1748	acetabulum	
4-23	1749-1758	argenteum	
4-24	1759-1768	appendens	
4-25	1769-1775	centum	
4-26	1776-1784	triginta	
4-27	1785-1791	siclos	
4-28	1791-1792	,	
4-29	1793-1800	phialam	
4-30	1801-1810	argenteam	
4-31	1811-1819	habentem	
4-32	1820-1831	septuaginta	
4-33	1832-1838	siclos	
4-34	1838-1839	,	
4-35	1840-1842	ad	
4-36	1843-1849	pondus	
4-37	1850-1860	sanctuarii	
4-38	1860-1861	,	
4-39	1862-1870	utrumque	
4-40	1871-1877	plenum	
4-41	1878-1884	simila	
4-42	1885-1894	conspersa	
4-43	1895-1899	oleo	
4-44	1900-1902	in	
4-45	1903-1914	sacrificium	
4-46	1915-1916	:	
4-47	1917-1919	56	
4-48	1920-1931	mortariolum	
4-49	1932-1938	aureum	
4-50	1939-1948	appendens	
4-51	1949-1954	decem	
4-52	1955-1961	siclos	
4-53	1961-1962	,	
4-54	1963-1969	plenum	
4-55	1970-1977	incenso	
4-56	1978-1979	:	
4-57	1980-1982	57	
4-58	1983-1988	bovem	
4-59	1989-1991	de	
4-60	1992-1999	armento	
4-61	1999-2000	,	
4-62	2001-2003	et	
4-63	2004-2011	arietem	
4-64	2011-2012	,	
4-65	2013-2015	et	
4-66	2016-2021	agnum	
4-67	2022-2031	anniculum	
4-68	2032-2034	in	
4-69	2035-2046	holocaustum	
4-70	2047-2048	:	
4-71	2049-2051	58	
4-72	2052-2061	hircumque	
4-73	2062-2065	pro	
4-74	2066-2073	peccato	
4-75	2074-2075	:	
4-76	2076-2078	59	
4-77	2079-2081	et	
4-78	2082-2084	in	
4-79	2085-2092	hostias	
4-80	2093-2104	pacificorum	
4-81	2105-2110	boves	
4-82	2111-2115	duos	
4-83	2115-2116	,	
4-84	2117-2124	arietes	
4-85	2125-2132	quinque	
4-86	2132-2133	,	
4-87	2134-2140	hircos	
4-88	2141-2148	quinque	
4-89	2148-2149	,	
4-90	2150-2155	agnos	
4-91	2156-2165	anniculos	
4-92	2166-2173	quinque	
4-93	2173-2174	.	

#Text=Hæc fuit oblatio Gamaliel filii Phadassur.
#Text=60 Die nono princeps filiorum Benjamin, Abidan filius Gedeonis, 61 obtulit acetabulum argenteum appendens centum triginta siclos, phialam argenteam habentem septuaginta siclos, ad pondus sanctuarii, utrumque plenum simila conspersa oleo in sacrificium : 62 et mortariolum aureum appendens decem siclos, plenum incenso : 63 bovem de armento, et arietem, et agnum anniculum in holocaustum : 64 hircumque pro peccato : 65 et in hostias pacificorum boves duos, arietes quinque, hircos quinque, agnos anniculos quinque.
5-1	2175-2178	Hæc	
5-2	2179-2183	fuit	
5-3	2184-2191	oblatio	
5-4	2192-2200	Gamaliel	
5-5	2201-2206	filii	
5-6	2207-2216	Phadassur	
5-7	2216-2217	.	
5-8	2218-2220	60	
5-9	2221-2224	Die	
5-10	2225-2229	nono	
5-11	2230-2238	princeps	
5-12	2239-2247	filiorum	
5-13	2248-2256	Benjamin	
5-14	2256-2257	,	
5-15	2258-2264	Abidan	
5-16	2265-2271	filius	
5-17	2272-2280	Gedeonis	
5-18	2280-2281	,	
5-19	2282-2284	61	
5-20	2285-2292	obtulit	
5-21	2293-2303	acetabulum	
5-22	2304-2313	argenteum	
5-23	2314-2323	appendens	
5-24	2324-2330	centum	
5-25	2331-2339	triginta	
5-26	2340-2346	siclos	
5-27	2346-2347	,	
5-28	2348-2355	phialam	
5-29	2356-2365	argenteam	
5-30	2366-2374	habentem	
5-31	2375-2386	septuaginta	
5-32	2387-2393	siclos	
5-33	2393-2394	,	
5-34	2395-2397	ad	
5-35	2398-2404	pondus	
5-36	2405-2415	sanctuarii	
5-37	2415-2416	,	
5-38	2417-2425	utrumque	
5-39	2426-2432	plenum	
5-40	2433-2439	simila	
5-41	2440-2449	conspersa	
5-42	2450-2454	oleo	
5-43	2455-2457	in	
5-44	2458-2469	sacrificium	
5-45	2470-2471	:	
5-46	2472-2474	62	
5-47	2475-2477	et	
5-48	2478-2489	mortariolum	
5-49	2490-2496	aureum	
5-50	2497-2506	appendens	
5-51	2507-2512	decem	
5-52	2513-2519	siclos	
5-53	2519-2520	,	
5-54	2521-2527	plenum	
5-55	2528-2535	incenso	
5-56	2536-2537	:	
5-57	2538-2540	63	
5-58	2541-2546	bovem	
5-59	2547-2549	de	
5-60	2550-2557	armento	
5-61	2557-2558	,	
5-62	2559-2561	et	
5-63	2562-2569	arietem	
5-64	2569-2570	,	
5-65	2571-2573	et	
5-66	2574-2579	agnum	
5-67	2580-2589	anniculum	
5-68	2590-2592	in	
5-69	2593-2604	holocaustum	
5-70	2605-2606	:	
5-71	2607-2609	64	
5-72	2610-2619	hircumque	
5-73	2620-2623	pro	
5-74	2624-2631	peccato	
5-75	2632-2633	:	
5-76	2634-2636	65	
5-77	2637-2639	et	
5-78	2640-2642	in	
5-79	2643-2650	hostias	
5-80	2651-2662	pacificorum	
5-81	2663-2668	boves	
5-82	2669-2673	duos	
5-83	2673-2674	,	
5-84	2675-2682	arietes	
5-85	2683-2690	quinque	
5-86	2690-2691	,	
5-87	2692-2698	hircos	
5-88	2699-2706	quinque	
5-89	2706-2707	,	
5-90	2708-2713	agnos	
5-91	2714-2723	anniculos	
5-92	2724-2731	quinque	
5-93	2731-2732	.	

#Text=Hæc fuit oblatio Abidan filii Gedeonis.
#Text=66 Die decimo princeps filiorum Dan, Ahiezer filius Ammisaddai, 67 obtulit acetabulum argenteum appendens centum triginta siclos, phialam argenteam habentem septuaginta siclos, ad pondus sanctuarii, utrumque plenum simila conspersa oleo in sacrificium : 68 mortariolum aureum appendens decem siclos, plenum incenso : 69 bovem de armento, et arietem, et agnum anniculum in holocaustum : 70 hircumque pro peccato : 71 et in hostias pacificorum boves duos, arietes quinque, hircos quinque, agnos anniculos quinque.
6-1	2733-2736	Hæc	
6-2	2737-2741	fuit	
6-3	2742-2749	oblatio	
6-4	2750-2756	Abidan	
6-5	2757-2762	filii	
6-6	2763-2771	Gedeonis	
6-7	2771-2772	.	
6-8	2773-2775	66	
6-9	2776-2779	Die	
6-10	2780-2786	decimo	
6-11	2787-2795	princeps	
6-12	2796-2804	filiorum	
6-13	2805-2808	Dan	
6-14	2808-2809	,	
6-15	2810-2817	Ahiezer	
6-16	2818-2824	filius	
6-17	2825-2835	Ammisaddai	
6-18	2835-2836	,	
6-19	2837-2839	67	
6-20	2840-2847	obtulit	
6-21	2848-2858	acetabulum	
6-22	2859-2868	argenteum	
6-23	2869-2878	appendens	
6-24	2879-2885	centum	
6-25	2886-2894	triginta	
6-26	2895-2901	siclos	
6-27	2901-2902	,	
6-28	2903-2910	phialam	
6-29	2911-2920	argenteam	
6-30	2921-2929	habentem	
6-31	2930-2941	septuaginta	
6-32	2942-2948	siclos	
6-33	2948-2949	,	
6-34	2950-2952	ad	
6-35	2953-2959	pondus	
6-36	2960-2970	sanctuarii	
6-37	2970-2971	,	
6-38	2972-2980	utrumque	
6-39	2981-2987	plenum	
6-40	2988-2994	simila	
6-41	2995-3004	conspersa	
6-42	3005-3009	oleo	
6-43	3010-3012	in	
6-44	3013-3024	sacrificium	
6-45	3025-3026	:	
6-46	3027-3029	68	
6-47	3030-3041	mortariolum	
6-48	3042-3048	aureum	
6-49	3049-3058	appendens	
6-50	3059-3064	decem	
6-51	3065-3071	siclos	
6-52	3071-3072	,	
6-53	3073-3079	plenum	
6-54	3080-3087	incenso	
6-55	3088-3089	:	
6-56	3090-3092	69	
6-57	3093-3098	bovem	
6-58	3099-3101	de	
6-59	3102-3109	armento	
6-60	3109-3110	,	
6-61	3111-3113	et	
6-62	3114-3121	arietem	
6-63	3121-3122	,	
6-64	3123-3125	et	
6-65	3126-3131	agnum	
6-66	3132-3141	anniculum	
6-67	3142-3144	in	
6-68	3145-3156	holocaustum	
6-69	3157-3158	:	
6-70	3159-3161	70	
6-71	3162-3171	hircumque	
6-72	3172-3175	pro	
6-73	3176-3183	peccato	
6-74	3184-3185	:	
6-75	3186-3188	71	
6-76	3189-3191	et	
6-77	3192-3194	in	
6-78	3195-3202	hostias	
6-79	3203-3214	pacificorum	
6-80	3215-3220	boves	
6-81	3221-3225	duos	
6-82	3225-3226	,	
6-83	3227-3234	arietes	
6-84	3235-3242	quinque	
6-85	3242-3243	,	
6-86	3244-3250	hircos	
6-87	3251-3258	quinque	
6-88	3258-3259	,	
6-89	3260-3265	agnos	
6-90	3266-3275	anniculos	
6-91	3276-3283	quinque	
6-92	3283-3284	.	

#Text=Hæc fuit oblatio Ahiezer filii Ammisaddai.
#Text=72 Die undecimo princeps filiorum Aser, Phegiel filius Ochran, 73 obtulit acetabulum argenteum appendens centum triginta siclos, phialam argenteam habentem septuaginta siclos, ad pondus sanctuarii, utrumque plenum simila conspersa oleo in sacrificium : 74 mortariolum aureum appendens decem siclos, plenum incenso : 75 bovem de armento, et arietem, et agnum anniculum in holocaustum : 76 hircumque pro peccato : 77 et in hostias pacificorum boves duos, arietes quinque, hircos quinque, agnos anniculos quinque.
7-1	3285-3288	Hæc	
7-2	3289-3293	fuit	
7-3	3294-3301	oblatio	
7-4	3302-3309	Ahiezer	
7-5	3310-3315	filii	
7-6	3316-3326	Ammisaddai	
7-7	3326-3327	.	
7-8	3328-3330	72	
7-9	3331-3334	Die	
7-10	3335-3343	undecimo	
7-11	3344-3352	princeps	
7-12	3353-3361	filiorum	
7-13	3362-3366	Aser	
7-14	3366-3367	,	
7-15	3368-3375	Phegiel	
7-16	3376-3382	filius	
7-17	3383-3389	Ochran	
7-18	3389-3390	,	
7-19	3391-3393	73	
7-20	3394-3401	obtulit	
7-21	3402-3412	acetabulum	
7-22	3413-3422	argenteum	
7-23	3423-3432	appendens	
7-24	3433-3439	centum	
7-25	3440-3448	triginta	
7-26	3449-3455	siclos	
7-27	3455-3456	,	
7-28	3457-3464	phialam	
7-29	3465-3474	argenteam	
7-30	3475-3483	habentem	
7-31	3484-3495	septuaginta	
7-32	3496-3502	siclos	
7-33	3502-3503	,	
7-34	3504-3506	ad	
7-35	3507-3513	pondus	
7-36	3514-3524	sanctuarii	
7-37	3524-3525	,	
7-38	3526-3534	utrumque	
7-39	3535-3541	plenum	
7-40	3542-3548	simila	
7-41	3549-3558	conspersa	
7-42	3559-3563	oleo	
7-43	3564-3566	in	
7-44	3567-3578	sacrificium	
7-45	3579-3580	:	
7-46	3581-3583	74	
7-47	3584-3595	mortariolum	
7-48	3596-3602	aureum	
7-49	3603-3612	appendens	
7-50	3613-3618	decem	
7-51	3619-3625	siclos	
7-52	3625-3626	,	
7-53	3627-3633	plenum	
7-54	3634-3641	incenso	
7-55	3642-3643	:	
7-56	3644-3646	75	
7-57	3647-3652	bovem	
7-58	3653-3655	de	
7-59	3656-3663	armento	
7-60	3663-3664	,	
7-61	3665-3667	et	
7-62	3668-3675	arietem	
7-63	3675-3676	,	
7-64	3677-3679	et	
7-65	3680-3685	agnum	
7-66	3686-3695	anniculum	
7-67	3696-3698	in	
7-68	3699-3710	holocaustum	
7-69	3711-3712	:	
7-70	3713-3715	76	
7-71	3716-3725	hircumque	
7-72	3726-3729	pro	
7-73	3730-3737	peccato	
7-74	3738-3739	:	
7-75	3740-3742	77	
7-76	3743-3745	et	
7-77	3746-3748	in	
7-78	3749-3756	hostias	
7-79	3757-3768	pacificorum	
7-80	3769-3774	boves	
7-81	3775-3779	duos	
7-82	3779-3780	,	
7-83	3781-3788	arietes	
7-84	3789-3796	quinque	
7-85	3796-3797	,	
7-86	3798-3804	hircos	
7-87	3805-3812	quinque	
7-88	3812-3813	,	
7-89	3814-3819	agnos	
7-90	3820-3829	anniculos	
7-91	3830-3837	quinque	
7-92	3837-3838	.	

#Text=Hæc fuit oblatio Phegiel filii Ochran.
#Text=78 Die duodecimo princeps filiorum Nephthali, Ahira filius Enan, 79 obtulit acetabulum argenteum appendens centum triginta siclos, phialam argenteam habentem septuaginta siclos, ad pondus sanctuarii, utrumque plenum simila oleo conspersa in sacrificium : 80 mortariolum aureum appendens decem siclos, plenum incenso : 81 bovem de armento, et arietem, et agnum anniculum in holocaustum : 82 hircumque pro peccato : 83 et in hostias pacificorum boves duos, arietes quinque, hircos quinque, agnos anniculos quinque.
8-1	3839-3842	Hæc	
8-2	3843-3847	fuit	
8-3	3848-3855	oblatio	
8-4	3856-3863	Phegiel	
8-5	3864-3869	filii	
8-6	3870-3876	Ochran	
8-7	3876-3877	.	
8-8	3878-3880	78	
8-9	3881-3884	Die	
8-10	3885-3894	duodecimo	
8-11	3895-3903	princeps	
8-12	3904-3912	filiorum	
8-13	3913-3922	Nephthali	
8-14	3922-3923	,	
8-15	3924-3929	Ahira	
8-16	3930-3936	filius	
8-17	3937-3941	Enan	
8-18	3941-3942	,	
8-19	3943-3945	79	
8-20	3946-3953	obtulit	
8-21	3954-3964	acetabulum	
8-22	3965-3974	argenteum	
8-23	3975-3984	appendens	
8-24	3985-3991	centum	
8-25	3992-4000	triginta	
8-26	4001-4007	siclos	
8-27	4007-4008	,	
8-28	4009-4016	phialam	
8-29	4017-4026	argenteam	
8-30	4027-4035	habentem	
8-31	4036-4047	septuaginta	
8-32	4048-4054	siclos	
8-33	4054-4055	,	
8-34	4056-4058	ad	
8-35	4059-4065	pondus	
8-36	4066-4076	sanctuarii	
8-37	4076-4077	,	
8-38	4078-4086	utrumque	
8-39	4087-4093	plenum	
8-40	4094-4100	simila	
8-41	4101-4105	oleo	
8-42	4106-4115	conspersa	
8-43	4116-4118	in	
8-44	4119-4130	sacrificium	
8-45	4131-4132	:	
8-46	4133-4135	80	
8-47	4136-4147	mortariolum	
8-48	4148-4154	aureum	
8-49	4155-4164	appendens	
8-50	4165-4170	decem	
8-51	4171-4177	siclos	
8-52	4177-4178	,	
8-53	4179-4185	plenum	
8-54	4186-4193	incenso	
8-55	4194-4195	:	
8-56	4196-4198	81	
8-57	4199-4204	bovem	
8-58	4205-4207	de	
8-59	4208-4215	armento	
8-60	4215-4216	,	
8-61	4217-4219	et	
8-62	4220-4227	arietem	
8-63	4227-4228	,	
8-64	4229-4231	et	
8-65	4232-4237	agnum	
8-66	4238-4247	anniculum	
8-67	4248-4250	in	
8-68	4251-4262	holocaustum	
8-69	4263-4264	:	
8-70	4265-4267	82	
8-71	4268-4277	hircumque	
8-72	4278-4281	pro	
8-73	4282-4289	peccato	
8-74	4290-4291	:	
8-75	4292-4294	83	
8-76	4295-4297	et	
8-77	4298-4300	in	
8-78	4301-4308	hostias	
8-79	4309-4320	pacificorum	
8-80	4321-4326	boves	
8-81	4327-4331	duos	
8-82	4331-4332	,	
8-83	4333-4340	arietes	
8-84	4341-4348	quinque	
8-85	4348-4349	,	
8-86	4350-4356	hircos	
8-87	4357-4364	quinque	
8-88	4364-4365	,	
8-89	4366-4371	agnos	
8-90	4372-4381	anniculos	
8-91	4382-4389	quinque	
8-92	4389-4390	.	

#Text=Hæc fuit oblatio Ahira filii Enan.
#Text=84 Hæc in dedicatione altaris oblata sunt a principibus Israël, in die qua consecratum est : acetabula argentea duodecim : phialæ argenteæ duodecim : mortariola aurea duodecim : 85 ita ut centum triginta siclos argenti haberet unum acetabulum, et septuaginta siclos haberet una phiala : id est, in commune vasorum omnium ex argento sicli duo millia quadringenti, pondere sanctuarii : 86 mortariola aurea duodecim plena incenso, denos siclos appendentia pondere sanctuarii : id est, simul auri sicli centum viginti : 87 boves de armento in holocaustum duodecim, arietes duodecim, agni anniculi duodecim, et libamenta eorum : hirci duodecim pro peccato.
#Text=88 In hostias pacificorum, boves viginti quatuor, arietes sexaginta, hirci sexaginta, agni anniculi sexaginta.
9-1	4391-4394	Hæc	
9-2	4395-4399	fuit	
9-3	4400-4407	oblatio	
9-4	4408-4413	Ahira	
9-5	4414-4419	filii	
9-6	4420-4424	Enan	
9-7	4424-4425	.	
9-8	4426-4428	84	
9-9	4429-4432	Hæc	
9-10	4433-4435	in	
9-11	4436-4447	dedicatione	
9-12	4448-4455	altaris	
9-13	4456-4462	oblata	
9-14	4463-4467	sunt	
9-15	4468-4469	a	
9-16	4470-4481	principibus	
9-17	4482-4488	Israël	
9-18	4488-4489	,	
9-19	4490-4492	in	
9-20	4493-4496	die	
9-21	4497-4500	qua	
9-22	4501-4512	consecratum	
9-23	4513-4516	est	
9-24	4517-4518	:	
9-25	4519-4528	acetabula	
9-26	4529-4537	argentea	
9-27	4538-4546	duodecim	
9-28	4547-4548	:	
9-29	4549-4555	phialæ	
9-30	4556-4564	argenteæ	
9-31	4565-4573	duodecim	
9-32	4574-4575	:	
9-33	4576-4586	mortariola	
9-34	4587-4592	aurea	
9-35	4593-4601	duodecim	
9-36	4602-4603	:	
9-37	4604-4606	85	
9-38	4607-4610	ita	
9-39	4611-4613	ut	
9-40	4614-4620	centum	
9-41	4621-4629	triginta	
9-42	4630-4636	siclos	
9-43	4637-4644	argenti	
9-44	4645-4652	haberet	
9-45	4653-4657	unum	
9-46	4658-4668	acetabulum	
9-47	4668-4669	,	
9-48	4670-4672	et	
9-49	4673-4684	septuaginta	
9-50	4685-4691	siclos	
9-51	4692-4699	haberet	
9-52	4700-4703	una	
9-53	4704-4710	phiala	
9-54	4711-4712	:	
9-55	4713-4715	id	
9-56	4716-4719	est	
9-57	4719-4720	,	
9-58	4721-4723	in	
9-59	4724-4731	commune	
9-60	4732-4739	vasorum	
9-61	4740-4746	omnium	
9-62	4747-4749	ex	
9-63	4750-4757	argento	
9-64	4758-4763	sicli	
9-65	4764-4767	duo	
9-66	4768-4774	millia	
9-67	4775-4787	quadringenti	
9-68	4787-4788	,	
9-69	4789-4796	pondere	
9-70	4797-4807	sanctuarii	
9-71	4808-4809	:	
9-72	4810-4812	86	
9-73	4813-4823	mortariola	
9-74	4824-4829	aurea	
9-75	4830-4838	duodecim	
9-76	4839-4844	plena	
9-77	4845-4852	incenso	
9-78	4852-4853	,	
9-79	4854-4859	denos	
9-80	4860-4866	siclos	
9-81	4867-4878	appendentia	
9-82	4879-4886	pondere	
9-83	4887-4897	sanctuarii	
9-84	4898-4899	:	
9-85	4900-4902	id	
9-86	4903-4906	est	
9-87	4906-4907	,	
9-88	4908-4913	simul	
9-89	4914-4918	auri	
9-90	4919-4924	sicli	
9-91	4925-4931	centum	
9-92	4932-4939	viginti	
9-93	4940-4941	:	
9-94	4942-4944	87	
9-95	4945-4950	boves	
9-96	4951-4953	de	
9-97	4954-4961	armento	
9-98	4962-4964	in	
9-99	4965-4976	holocaustum	
9-100	4977-4985	duodecim	
9-101	4985-4986	,	
9-102	4987-4994	arietes	
9-103	4995-5003	duodecim	
9-104	5003-5004	,	
9-105	5005-5009	agni	
9-106	5010-5018	anniculi	
9-107	5019-5027	duodecim	
9-108	5027-5028	,	
9-109	5029-5031	et	
9-110	5032-5041	libamenta	
9-111	5042-5047	eorum	
9-112	5048-5049	:	
9-113	5050-5055	hirci	
9-114	5056-5064	duodecim	
9-115	5065-5068	pro	
9-116	5069-5076	peccato	
9-117	5076-5077	.	
9-118	5078-5080	88	
9-119	5081-5083	In	
9-120	5084-5091	hostias	
9-121	5092-5103	pacificorum	
9-122	5103-5104	,	
9-123	5105-5110	boves	
9-124	5111-5118	viginti	
9-125	5119-5126	quatuor	
9-126	5126-5127	,	
9-127	5128-5135	arietes	
9-128	5136-5145	sexaginta	
9-129	5145-5146	,	
9-130	5147-5152	hirci	
9-131	5153-5162	sexaginta	
9-132	5162-5163	,	
9-133	5164-5168	agni	
9-134	5169-5177	anniculi	
9-135	5178-5187	sexaginta	
9-136	5187-5188	.	

#Text=Hæc oblata sunt in dedicatione altaris, quando unctum est.
#Text=89 Cumque ingrederetur Moyses tabernaculum fœderis, ut consuleret oraculum, audiebat vocem loquentis ad se de propitiatorio quod erat super arcam testimonii inter duos cherubim, unde et loquebatur ei.
10-1	5189-5192	Hæc	
10-2	5193-5199	oblata	
10-3	5200-5204	sunt	
10-4	5205-5207	in	
10-5	5208-5219	dedicatione	
10-6	5220-5227	altaris	
10-7	5227-5228	,	
10-8	5229-5235	quando	
10-9	5236-5242	unctum	
10-10	5243-5246	est	
10-11	5246-5247	.	
10-12	5248-5250	89	
10-13	5251-5257	Cumque	
10-14	5258-5270	ingrederetur	
10-15	5271-5277	Moyses	
10-16	5278-5290	tabernaculum	
10-17	5291-5298	fœderis	
10-18	5298-5299	,	
10-19	5300-5302	ut	
10-20	5303-5313	consuleret	
10-21	5314-5322	oraculum	
10-22	5322-5323	,	
10-23	5324-5332	audiebat	
10-24	5333-5338	vocem	
10-25	5339-5348	loquentis	
10-26	5349-5351	ad	
10-27	5352-5354	se	
10-28	5355-5357	de	
10-29	5358-5371	propitiatorio	
10-30	5372-5376	quod	
10-31	5377-5381	erat	
10-32	5382-5387	super	
10-33	5388-5393	arcam	
10-34	5394-5404	testimonii	
10-35	5405-5410	inter	
10-36	5411-5415	duos	
10-37	5416-5424	cherubim	
10-38	5424-5425	,	
10-39	5426-5430	unde	
10-40	5431-5433	et	
10-41	5434-5444	loquebatur	
10-42	5445-5447	ei	
10-43	5447-5448	.	
