#FORMAT=WebAnno TSV 3.3


#Text=de bergen, en hooge hemel, galmen werom.
1-1	2-4	de	
1-2	5-11	bergen	
1-3	11-12	,	
1-4	13-15	en	
1-5	16-21	hooge	
1-6	22-27	hemel	
1-7	27-28	,	
1-8	29-35	galmen	
1-9	36-41	werom	
1-10	41-42	.	

#Text=Geen mindere moedt behieldt de onoverwinnelyke Admiraal, die, schoon hem de
#Text=lichaamelyke krachten begaven, met het verstandt niet te min vecht, en de wapens 
#Text=aanvaardt, stellende goede orde op alles.
2-1	45-49	Geen	
2-2	50-57	mindere	
2-3	58-63	moedt	
2-4	64-72	behieldt	
2-5	73-75	de	
2-6	76-91	onoverwinnelyke	
2-7	92-100	Admiraal	
2-8	100-101	,	
2-9	102-105	die	
2-10	105-106	,	
2-11	107-113	schoon	
2-12	114-117	hem	
2-13	118-120	de	
2-14	121-133	lichaamelyke	
2-15	134-142	krachten	
2-16	143-150	begaven	
2-17	150-151	,	
2-18	152-155	met	
2-19	156-159	het	
2-20	160-169	verstandt	
2-21	170-174	niet	
2-22	175-177	te	
2-23	178-181	min	
2-24	182-187	vecht	
2-25	187-188	,	
2-26	189-191	en	
2-27	192-194	de	
2-28	195-201	wapens	
2-29	203-212	aanvaardt	
2-30	212-213	,	
2-31	214-223	stellende	
2-32	224-229	goede	
2-33	230-234	orde	
2-34	235-237	op	
2-35	238-243	alles	
2-36	243-244	.	

#Text=Toen kiest hy een man uit den hoop, kloek 
#Text=en voorzichtig, wien hy het opperste beleidt, en den toom der zaaken beval.
3-1	245-249	Toen	
3-2	250-255	kiest	
3-3	256-258	hy	
3-4	259-262	een	
3-5	263-266	man	
3-6	267-270	uit	
3-7	271-274	den	
3-8	275-279	hoop	
3-9	279-280	,	
3-10	281-286	kloek	
3-11	288-290	en	
3-12	291-302	voorzichtig	
3-13	302-303	,	
3-14	304-308	wien	
3-15	309-311	hy	
3-16	312-315	het	
3-17	316-324	opperste	
3-18	325-332	beleidt	
3-19	332-333	,	
3-20	334-336	en	
3-21	337-340	den	
3-22	341-345	toom	
3-23	346-349	der	
3-24	350-356	zaaken	
3-25	357-362	beval	
3-26	362-363	.	

#Text=Heldt 
#Text=Kallenburg treedt in 't midden, neemt het zeevoogdschap aan, moedight zyne
#Text=makkers met woorden en werken, en ontveinst de gekregene wonde, zonder dat 
#Text=vrindt of vyandt des Admiraals afweezen merkte.
4-1	364-369	Heldt	
4-2	371-381	Kallenburg	
4-3	382-388	treedt	
4-4	389-391	in	
4-5	392-393	'	
4-6	393-394	t	
4-7	395-401	midden	
4-8	401-402	,	
4-9	403-408	neemt	
4-10	409-412	het	
4-11	413-426	zeevoogdschap	
4-12	427-430	aan	
4-13	430-431	,	
4-14	432-440	moedight	
4-15	441-445	zyne	
4-16	446-453	makkers	
4-17	454-457	met	
4-18	458-465	woorden	
4-19	466-468	en	
4-20	469-475	werken	
4-21	475-476	,	
4-22	477-479	en	
4-23	480-489	ontveinst	
4-24	490-492	de	
4-25	493-502	gekregene	
4-26	503-508	wonde	
4-27	508-509	,	
4-28	510-516	zonder	
4-29	517-520	dat	
4-30	522-528	vrindt	
4-31	529-531	of	
4-32	532-538	vyandt	
4-33	539-542	des	
4-34	543-552	Admiraals	
4-35	553-561	afweezen	
4-36	562-568	merkte	
4-37	568-569	.	

#Text=Nooit blonk overwinning schooner, 
#Text=en hadt men een moedt, een zin gehadt, de gantsche vloot der Franschen waare 
#Text=dien dagh verslaagen.
5-1	570-575	Nooit	
5-2	576-581	blonk	
5-3	582-593	overwinning	
5-4	594-602	schooner	
5-5	602-603	,	
5-6	605-607	en	
5-7	608-612	hadt	
5-8	613-616	men	
5-9	617-620	een	
5-10	621-626	moedt	
5-11	626-627	,	
5-12	628-631	een	
5-13	632-635	zin	
5-14	636-642	gehadt	
5-15	642-643	,	
5-16	644-646	de	
5-17	647-655	gantsche	
5-18	656-661	vloot	
5-19	662-665	der	
5-20	666-675	Franschen	
5-21	676-681	waare	
5-22	683-687	dien	
5-23	688-692	dagh	
5-24	693-703	verslaagen	
5-25	703-704	.	

#Text=Zy wyken echter, en neemen de vlucht, en wenden in der yl 
#Text=naar Messine.
6-1	705-707	Zy	
6-2	708-713	wyken	
6-3	714-720	echter	
6-4	720-721	,	
6-5	722-724	en	
6-6	725-731	neemen	
6-7	732-734	de	
6-8	735-741	vlucht	
6-9	741-742	,	
6-10	743-745	en	
6-11	746-752	wenden	
6-12	753-755	in	
6-13	756-759	der	
6-14	760-762	yl	
6-15	764-768	naar	
6-16	769-776	Messine	
6-17	776-777	.	

#Text=De Nederlanders vervolgen, verjaagen, en zitten hen kort op de 
#Text=hielen.
7-1	778-780	De	
7-2	781-793	Nederlanders	
7-3	794-803	vervolgen	
7-4	803-804	,	
7-5	805-814	verjaagen	
7-6	814-815	,	
7-7	816-818	en	
7-8	819-825	zitten	
7-9	826-829	hen	
7-10	830-834	kort	
7-11	835-837	op	
7-12	838-840	de	
7-13	842-848	hielen	
7-14	848-849	.	

#Text=Gelyk een felle havik zyne prooy midden in de lucht ziet, de geziene vervolght, 
#Text=en klappende, en gierende op zyne pennen, eene wolk van vreezachtige vogelen
#Text=
#Text=strantwaarts jaagt, en nu die, en nu deeze, met zyne kromme klaauwen verscheurt:
#Text=
#Text=de uitgerukte pluimen stuiven door de lucht.
8-1	850-855	Gelyk	
8-2	856-859	een	
8-3	860-865	felle	
8-4	866-871	havik	
8-5	872-876	zyne	
8-6	877-882	prooy	
8-7	883-889	midden	
8-8	890-892	in	
8-9	893-895	de	
8-10	896-901	lucht	
8-11	902-906	ziet	
8-12	906-907	,	
8-13	908-910	de	
8-14	911-918	geziene	
8-15	919-928	vervolght	
8-16	928-929	,	
8-17	931-933	en	
8-18	934-943	klappende	
8-19	943-944	,	
8-20	945-947	en	
8-21	948-956	gierende	
8-22	957-959	op	
8-23	960-964	zyne	
8-24	965-971	pennen	
8-25	971-972	,	
8-26	973-977	eene	
8-27	978-982	wolk	
8-28	983-986	van	
8-29	987-999	vreezachtige	
8-30	1000-1007	vogelen	
8-31	1009-1021	strantwaarts	
8-32	1022-1027	jaagt	
8-33	1027-1028	,	
8-34	1029-1031	en	
8-35	1032-1034	nu	
8-36	1035-1038	die	
8-37	1038-1039	,	
8-38	1040-1042	en	
8-39	1043-1045	nu	
8-40	1046-1051	deeze	
8-41	1051-1052	,	
8-42	1053-1056	met	
8-43	1057-1061	zyne	
8-44	1062-1068	kromme	
8-45	1069-1077	klaauwen	
8-46	1078-1088	verscheurt	
8-47	1088-1089	:	
8-48	1091-1093	de	
8-49	1094-1104	uitgerukte	
8-50	1105-1112	pluimen	
8-51	1113-1120	stuiven	
8-52	1121-1125	door	
8-53	1126-1128	de	
8-54	1129-1134	lucht	
8-55	1134-1135	.	

#Text=Zoo slaat, en verdryft de Hollander de 
#Text=vyandtlyke vloot op de Inische baaren.
9-1	1136-1139	Zoo	
9-2	1140-1145	slaat	
9-3	1145-1146	,	
9-4	1147-1149	en	
9-5	1150-1158	verdryft	
9-6	1159-1161	de	
9-7	1162-1171	Hollander	
9-8	1172-1174	de	
9-9	1176-1186	vyandtlyke	
9-10	1187-1192	vloot	
9-11	1193-1195	op	
9-12	1196-1198	de	
9-13	1199-1206	Inische	
9-14	1207-1213	baaren	
9-15	1213-1214	.	

#Text=De maan stak hier op het hoofdt vol 
#Text=blydtschap ten wolken uit;
#Text=om de vlucht der Fransche zeilen te zien, en wees hen 
#Text=met uitgesteekene hoornen na.
10-1	1215-1217	De	
10-2	1218-1222	maan	
10-3	1223-1227	stak	
10-4	1228-1232	hier	
10-5	1233-1235	op	
10-6	1236-1239	het	
10-7	1240-1246	hoofdt	
10-8	1247-1250	vol	
10-9	1252-1262	blydtschap	
10-10	1263-1266	ten	
10-11	1267-1273	wolken	
10-12	1274-1277	uit	
10-13	1277-1278	;	
10-14	1279-1281	om	
10-15	1282-1284	de	
10-16	1285-1291	vlucht	
10-17	1292-1295	der	
10-18	1296-1304	Fransche	
10-19	1305-1311	zeilen	
10-20	1312-1314	te	
10-21	1315-1319	zien	
10-22	1319-1320	,	
10-23	1321-1323	en	
10-24	1324-1328	wees	
10-25	1329-1332	hen	
10-26	1334-1337	met	
10-27	1338-1351	uitgesteekene	
10-28	1352-1359	hoornen	
10-29	1360-1362	na	
10-30	1362-1363	.	

#Text=Deeze nacht dobberden de scheepen op zee, en 
#Text=quaamen des anderen daags binnen de baay van Sirakuze.
11-1	1364-1369	Deeze	
11-2	1370-1375	nacht	
11-3	1376-1385	dobberden	
11-4	1386-1388	de	
11-5	1389-1397	scheepen	
11-6	1398-1400	op	
11-7	1401-1404	zee	
11-8	1404-1405	,	
11-9	1406-1408	en	
11-10	1410-1417	quaamen	
11-11	1418-1421	des	
11-12	1422-1429	anderen	
11-13	1430-1435	daags	
11-14	1436-1442	binnen	
11-15	1443-1445	de	
11-16	1446-1450	baay	
11-17	1451-1454	van	
11-18	1455-1463	Sirakuze	
11-19	1463-1464	.	

#Text=Al wat 'er van 
#Text=geneesmeesteren, al wat 'er van hulpmiddelen te vinden was, al wat de konst kon
#Text=
#Text=belooven, brengt men terstondt tot heeling, en verzachting der wonde, en pyne, by.
12-1	1465-1467	Al	
12-2	1468-1471	wat	
12-3	1472-1473	'	
12-4	1473-1475	er	
12-5	1476-1479	van	
12-6	1481-1496	geneesmeesteren	
12-7	1496-1497	,	
12-8	1498-1500	al	
12-9	1501-1504	wat	
12-10	1505-1506	'	
12-11	1506-1508	er	
12-12	1509-1512	van	
12-13	1513-1525	hulpmiddelen	
12-14	1526-1528	te	
12-15	1529-1535	vinden	
12-16	1536-1539	was	
12-17	1539-1540	,	
12-18	1541-1543	al	
12-19	1544-1547	wat	
12-20	1548-1550	de	
12-21	1551-1556	konst	
12-22	1557-1560	kon	
12-23	1562-1570	belooven	
12-24	1570-1571	,	
12-25	1572-1578	brengt	
12-26	1579-1582	men	
12-27	1583-1592	terstondt	
12-28	1593-1596	tot	
12-29	1597-1604	heeling	
12-30	1604-1605	,	
12-31	1606-1608	en	
12-32	1609-1620	verzachting	
12-33	1621-1624	der	
12-34	1625-1630	wonde	
12-35	1630-1631	,	
12-36	1632-1634	en	
12-37	1635-1639	pyne	
12-38	1639-1640	,	
12-39	1641-1643	by	
12-40	1643-1644	.	

#Text=Maar vergeefs.
13-1	1647-1651	Maar	
13-2	1652-1660	vergeefs	
13-3	1660-1661	.	

#Text=Geen geneesmiddelen baaten:
14-1	1662-1666	Geen	
14-2	1667-1681	geneesmiddelen	
14-3	1682-1688	baaten	
14-4	1688-1689	:	
