#FORMAT=WebAnno TSV 3.3


#Text=mir meiner Laͤmmer Krafft ausſaugen.
1-1	1-4	mir	
1-2	5-11	meiner	
1-3	12-19	Laͤmmer	
1-4	20-26	Krafft	
1-5	27-36	ausſaugen	
1-6	36-37	.	

#Text=Welches auch einhellig alle diejenigen/ ſo mit Pferden
#Text=
#Text=und Viehzucht umgehen/ gewißlich beſtaͤttigen/ und
#Text=wider dieſes ihre gewiſſe Curen und Antidota gebrau-
#Text=chen.
2-1	41-48	Welches	
2-2	49-53	auch	
2-3	54-63	einhellig	
2-4	64-68	alle	
2-5	69-79	diejenigen	
2-6	79-80	/	
2-7	81-83	ſo	
2-8	84-87	mit	
2-9	88-95	Pferden	
2-10	97-100	und	
2-11	101-110	Viehzucht	
2-12	111-118	umgehen	
2-13	118-119	/	
2-14	120-129	gewißlich	
2-15	130-142	beſtaͤttigen	
2-16	142-143	/	
2-17	144-147	und	
2-18	148-153	wider	
2-19	154-160	dieſes	
2-20	161-165	ihre	
2-21	166-173	gewiſſe	
2-22	174-179	Curen	
2-23	180-183	und	
2-24	184-192	Antidota	
2-25	193-199	gebrau	
2-26	199-200	-	
2-27	201-205	chen	
2-28	205-206	.	

#Text=Wahr iſt es wol/ daß bey dieſem (wie allenthal-
#Text=ben) viel groſſe Aberglauben und boͤſe Zauberſtuͤcke mit
#Text=unterlauffen/
#Text=daß offt die Artzney gleich ſo arg und unver-
#Text=antwortlich iſt/ als die Kranckheit ſelbſten;
#Text=ſo finden
#Text=ſich dennoch in der Natur viel geheime und verborgene
#Text=Wirckungen/ deren Urſachen durch unſern zimlich ver-
#Text=tunckelten Verſtand nicht vollkommen unterſucht und
#Text=erklaͤret werden koͤnnen.
3-1	209-213	Wahr	
3-2	214-217	iſt	
3-3	218-220	es	
3-4	221-224	wol	
3-5	224-225	/	
3-6	226-229	daß	
3-7	230-233	bey	
3-8	234-240	dieſem	
3-9	241-242	(	
3-10	242-245	wie	
3-11	246-255	allenthal	
3-12	255-256	-	
3-13	257-260	ben	
3-14	260-261	)	
3-15	262-266	viel	
3-16	267-273	groſſe	
3-17	274-285	Aberglauben	
3-18	286-289	und	
3-19	290-295	boͤſe	
3-20	296-309	Zauberſtuͤcke	
3-21	310-313	mit	
3-22	314-326	unterlauffen	
3-23	326-327	/	
3-24	328-331	daß	
3-25	332-336	offt	
3-26	337-340	die	
3-27	341-348	Artzney	
3-28	349-355	gleich	
3-29	356-358	ſo	
3-30	359-362	arg	
3-31	363-366	und	
3-32	367-372	unver	
3-33	372-373	-	
3-34	374-385	antwortlich	
3-35	386-389	iſt	
3-36	389-390	/	
3-37	391-394	als	
3-38	395-398	die	
3-39	399-409	Kranckheit	
3-40	410-418	ſelbſten	
3-41	418-419	;	
3-42	420-422	ſo	
3-43	423-429	finden	
3-44	430-434	ſich	
3-45	435-442	dennoch	
3-46	443-445	in	
3-47	446-449	der	
3-48	450-455	Natur	
3-49	456-460	viel	
3-50	461-468	geheime	
3-51	469-472	und	
3-52	473-483	verborgene	
3-53	484-494	Wirckungen	
3-54	494-495	/	
3-55	496-501	deren	
3-56	502-510	Urſachen	
3-57	511-516	durch	
3-58	517-523	unſern	
3-59	524-531	zimlich	
3-60	532-535	ver	
3-61	535-536	-	
3-62	537-547	tunckelten	
3-63	548-556	Verſtand	
3-64	557-562	nicht	
3-65	563-573	vollkommen	
3-66	574-584	unterſucht	
3-67	585-588	und	
3-68	589-598	erklaͤret	
3-69	599-605	werden	
3-70	606-613	koͤnnen	
3-71	613-614	.	

#Text=Daher vermeyne ich/ derglei-
#Text=chen Curen/ die nicht an Characteres, gewiſſe Wort/
#Text=Zahl und Taͤge gebunden ſind/ zu gedulden und zu brau-
#Text=chen ſeyen.
4-1	615-620	Daher	
4-2	621-629	vermeyne	
4-3	630-633	ich	
4-4	633-634	/	
4-5	635-642	derglei	
4-6	642-643	-	
4-7	644-648	chen	
4-8	649-654	Curen	
4-9	654-655	/	
4-10	656-659	die	
4-11	660-665	nicht	
4-12	666-668	an	
4-13	669-680	Characteres	
4-14	680-681	,	
4-15	682-689	gewiſſe	
4-16	690-694	Wort	
4-17	694-695	/	
4-18	696-700	Zahl	
4-19	701-704	und	
4-20	705-710	Taͤge	
4-21	711-719	gebunden	
4-22	720-724	ſind	
4-23	724-725	/	
4-24	726-728	zu	
4-25	729-737	gedulden	
4-26	738-741	und	
4-27	742-744	zu	
4-28	745-749	brau	
4-29	749-750	-	
4-30	751-755	chen	
4-31	756-761	ſeyen	
4-32	761-762	.	

#Text=Als wann man glaubt/ ein Pferd ſey beſchryen/ ſoll
#Text=man einen neuen Topf voll gluͤhender Kohlen von eichen
#Text=Holtz nehmen/ und den Harn von einem jungen noch
#Text=reinen Knaben darauf ſpruͤtzen oder gieſſen/ und dem
#Text=Pferd den Dampf in die Naſen/ und an den Bauch
#Text=
#Text=gehen laſſen/ dem Pferd aber mit einer Decke Kopf und
#Text=Leib verhuͤllen/ daß der Dampf wol eindringen/ und
#Text=nicht beyſeits verfliegen muͤſſe.
5-1	766-769	Als	
5-2	770-774	wann	
5-3	775-778	man	
5-4	779-785	glaubt	
5-5	785-786	/	
5-6	787-790	ein	
5-7	791-796	Pferd	
5-8	797-800	ſey	
5-9	801-810	beſchryen	
5-10	810-811	/	
5-11	812-816	ſoll	
5-12	817-820	man	
5-13	821-826	einen	
5-14	827-832	neuen	
5-15	833-837	Topf	
5-16	838-842	voll	
5-17	843-853	gluͤhender	
5-18	854-860	Kohlen	
5-19	861-864	von	
5-20	865-871	eichen	
5-21	872-877	Holtz	
5-22	878-884	nehmen	
5-23	884-885	/	
5-24	886-889	und	
5-25	890-893	den	
5-26	894-898	Harn	
5-27	899-902	von	
5-28	903-908	einem	
5-29	909-915	jungen	
5-30	916-920	noch	
5-31	921-927	reinen	
5-32	928-934	Knaben	
5-33	935-941	darauf	
5-34	942-951	ſpruͤtzen	
5-35	952-956	oder	
5-36	957-964	gieſſen	
5-37	964-965	/	
5-38	966-969	und	
5-39	970-973	dem	
5-40	974-979	Pferd	
5-41	980-983	den	
5-42	984-989	Dampf	
5-43	990-992	in	
5-44	993-996	die	
5-45	997-1002	Naſen	
5-46	1002-1003	/	
5-47	1004-1007	und	
5-48	1008-1010	an	
5-49	1011-1014	den	
5-50	1015-1020	Bauch	
5-51	1022-1027	gehen	
5-52	1028-1034	laſſen	
5-53	1034-1035	/	
5-54	1036-1039	dem	
5-55	1040-1045	Pferd	
5-56	1046-1050	aber	
5-57	1051-1054	mit	
5-58	1055-1060	einer	
5-59	1061-1066	Decke	
5-60	1067-1071	Kopf	
5-61	1072-1075	und	
5-62	1076-1080	Leib	
5-63	1081-1091	verhuͤllen	
5-64	1091-1092	/	
5-65	1093-1096	daß	
5-66	1097-1100	der	
5-67	1101-1106	Dampf	
5-68	1107-1110	wol	
5-69	1111-1121	eindringen	
5-70	1121-1122	/	
5-71	1123-1126	und	
5-72	1127-1132	nicht	
5-73	1133-1141	beyſeits	
5-74	1142-1152	verfliegen	
5-75	1153-1159	muͤſſe	
5-76	1159-1160	.	

#Text=Jſts aber eine Stutten/
#Text=
#Text=ſo ſoll der Harn von einem jungen Maͤgdlein ſeyn.
6-1	1161-1165	Jſts	
6-2	1166-1170	aber	
6-3	1171-1175	eine	
6-4	1176-1183	Stutten	
6-5	1183-1184	/	
6-6	1186-1188	ſo	
6-7	1189-1193	ſoll	
6-8	1194-1197	der	
6-9	1198-1202	Harn	
6-10	1203-1206	von	
6-11	1207-1212	einem	
6-12	1213-1219	jungen	
6-13	1220-1229	Maͤgdlein	
6-14	1230-1234	ſeyn	
6-15	1234-1235	.	

#Text=Andere nehmen eine Hand voll Abrotanum, oder
#Text=Abruten/ und ſo viel Weinrauten/ ſamt dem Saamen/
#Text=
#Text=thun ein wenig unzerriebenen Saffran uñ gar ein wenig
#Text=Schwefel darunter/ und ein wenig Holtz vom Antritt
#Text=aus 3 Thuͤren/ und raͤuchern das Thier damit.
7-1	1239-1245	Andere	
7-2	1246-1252	nehmen	
7-3	1253-1257	eine	
7-4	1258-1262	Hand	
7-5	1263-1267	voll	
7-6	1268-1277	Abrotanum	
7-7	1277-1278	,	
7-8	1279-1283	oder	
7-9	1284-1291	Abruten	
7-10	1291-1292	/	
7-11	1293-1296	und	
7-12	1297-1299	ſo	
7-13	1300-1304	viel	
7-14	1305-1315	Weinrauten	
7-15	1315-1316	/	
7-16	1317-1321	ſamt	
7-17	1322-1325	dem	
7-18	1326-1332	Saamen	
7-19	1332-1333	/	
7-20	1335-1339	thun	
7-21	1340-1343	ein	
7-22	1344-1349	wenig	
7-23	1350-1363	unzerriebenen	
7-24	1364-1371	Saffran	
7-25	1372-1375	uñ	
7-26	1376-1379	gar	
7-27	1380-1383	ein	
7-28	1384-1389	wenig	
7-29	1390-1398	Schwefel	
7-30	1399-1407	darunter	
7-31	1407-1408	/	
7-32	1409-1412	und	
7-33	1413-1416	ein	
7-34	1417-1422	wenig	
7-35	1423-1428	Holtz	
7-36	1429-1432	vom	
7-37	1433-1440	Antritt	
7-38	1441-1444	aus	
7-39	1445-1446	3	
7-40	1447-1454	Thuͤren	
7-41	1454-1455	/	
7-42	1456-1459	und	
7-43	1460-1469	raͤuchern	
7-44	1470-1473	das	
7-45	1474-1479	Thier	
7-46	1480-1485	damit	
7-47	1485-1486	.	

#Text=Jtem nimmt man ungebrauchtes Papier/ zerreiſſet
#Text=
#Text=es in kleine Stuͤcklein/
#Text=von dem Antritt von 3 Thuͤren
8-1	1490-1494	Jtem	
8-2	1495-1500	nimmt	
8-3	1501-1504	man	
8-4	1505-1518	ungebrauchtes	
8-5	1519-1525	Papier	
8-6	1525-1526	/	
8-7	1527-1537	zerreiſſet	
8-8	1539-1541	es	
8-9	1542-1544	in	
8-10	1545-1551	kleine	
8-11	1552-1562	Stuͤcklein	
8-12	1562-1563	/	
8-13	1564-1567	von	
8-14	1568-1571	dem	
8-15	1572-1579	Antritt	
8-16	1580-1583	von	
8-17	1584-1585	3	
8-18	1586-1593	Thuͤren	
