#FORMAT=WebAnno TSV 3.3


#Text=20 Et fuit cum eo : qui crevit, et moratus est in solitudine, factusque est juvenis sagittarius.
#Text=21 Habitavitque in deserto Pharan, et accepit illi mater sua uxorem de terra Ægypti.
#Text=22 Eodem tempore dixit Abimelech, et Phicol princeps exercitus ejus, ad Abraham : Deus tecum est in universis quæ agis.
#Text=23 Jura ergo per Deum, ne noceas mihi, et posteris meis, stirpique meæ : sed juxta misericordiam, quam feci tibi, facies mihi, et terræ in qua versatus es advena.
#Text=24 Dixitque Abraham : Ego jurabo.
#Text=25 Et increpavit Abimelech propter puteum aquæ quem vi abstulerunt servi ejus.
#Text=26 Responditque Abimelech : Nescivi quis fecerit hanc rem : sed et tu non indicasti mihi, et ego non audivi præter hodie.
#Text=27 Tulit itaque Abraham oves et boves, et dedit Abimelech : percusseruntque ambo fœdus.
#Text=28 Et statuit Abraham septem agnas gregis seorsum.
#Text=29 Cui dixit Abimelech : Quid sibi volunt septem agnæ istæ, quas stare fecisti seorsum ?
1-1	2-4	20	
1-2	5-7	Et	
1-3	8-12	fuit	
1-4	13-16	cum	
1-5	17-19	eo	
1-6	20-21	:	
1-7	22-25	qui	
1-8	26-32	crevit	
1-9	32-33	,	
1-10	34-36	et	
1-11	37-44	moratus	
1-12	45-48	est	
1-13	49-51	in	
1-14	52-62	solitudine	
1-15	62-63	,	
1-16	64-73	factusque	
1-17	74-77	est	
1-18	78-85	juvenis	
1-19	86-97	sagittarius	
1-20	97-98	.	
1-21	99-101	21	
1-22	102-114	Habitavitque	
1-23	115-117	in	
1-24	118-125	deserto	
1-25	126-132	Pharan	
1-26	132-133	,	
1-27	134-136	et	
1-28	137-144	accepit	
1-29	145-149	illi	
1-30	150-155	mater	
1-31	156-159	sua	
1-32	160-166	uxorem	
1-33	167-169	de	
1-34	170-175	terra	
1-35	176-182	Ægypti	
1-36	182-183	.	
1-37	184-186	22	
1-38	187-192	Eodem	
1-39	193-200	tempore	
1-40	201-206	dixit	
1-41	207-216	Abimelech	
1-42	216-217	,	
1-43	218-220	et	
1-44	221-227	Phicol	
1-45	228-236	princeps	
1-46	237-246	exercitus	
1-47	247-251	ejus	
1-48	251-252	,	
1-49	253-255	ad	
1-50	256-263	Abraham	
1-51	264-265	:	
1-52	266-270	Deus	
1-53	271-276	tecum	
1-54	277-280	est	
1-55	281-283	in	
1-56	284-293	universis	
1-57	294-297	quæ	
1-58	298-302	agis	
1-59	302-303	.	
1-60	304-306	23	
1-61	307-311	Jura	
1-62	312-316	ergo	
1-63	317-320	per	
1-64	321-325	Deum	
1-65	325-326	,	
1-66	327-329	ne	
1-67	330-336	noceas	
1-68	337-341	mihi	
1-69	341-342	,	
1-70	343-345	et	
1-71	346-354	posteris	
1-72	355-359	meis	
1-73	359-360	,	
1-74	361-370	stirpique	
1-75	371-374	meæ	
1-76	375-376	:	
1-77	377-380	sed	
1-78	381-386	juxta	
1-79	387-400	misericordiam	
1-80	400-401	,	
1-81	402-406	quam	
1-82	407-411	feci	
1-83	412-416	tibi	
1-84	416-417	,	
1-85	418-424	facies	
1-86	425-429	mihi	
1-87	429-430	,	
1-88	431-433	et	
1-89	434-439	terræ	
1-90	440-442	in	
1-91	443-446	qua	
1-92	447-455	versatus	
1-93	456-458	es	
1-94	459-465	advena	
1-95	465-466	.	
1-96	467-469	24	
1-97	470-478	Dixitque	
1-98	479-486	Abraham	
1-99	487-488	:	
1-100	489-492	Ego	
1-101	493-499	jurabo	
1-102	499-500	.	
1-103	501-503	25	
1-104	504-506	Et	
1-105	507-517	increpavit	
1-106	518-527	Abimelech	
1-107	528-535	propter	
1-108	536-542	puteum	
1-109	543-547	aquæ	
1-110	548-552	quem	
1-111	553-555	vi	
1-112	556-567	abstulerunt	
1-113	568-573	servi	
1-114	574-578	ejus	
1-115	578-579	.	
1-116	580-582	26	
1-117	583-595	Responditque	
1-118	596-605	Abimelech	
1-119	606-607	:	
1-120	608-615	Nescivi	
1-121	616-620	quis	
1-122	621-628	fecerit	
1-123	629-633	hanc	
1-124	634-637	rem	
1-125	638-639	:	
1-126	640-643	sed	
1-127	644-646	et	
1-128	647-649	tu	
1-129	650-653	non	
1-130	654-663	indicasti	
1-131	664-668	mihi	
1-132	668-669	,	
1-133	670-672	et	
1-134	673-676	ego	
1-135	677-680	non	
1-136	681-687	audivi	
1-137	688-694	præter	
1-138	695-700	hodie	
1-139	700-701	.	
1-140	702-704	27	
1-141	705-710	Tulit	
1-142	711-717	itaque	
1-143	718-725	Abraham	
1-144	726-730	oves	
1-145	731-733	et	
1-146	734-739	boves	
1-147	739-740	,	
1-148	741-743	et	
1-149	744-749	dedit	
1-150	750-759	Abimelech	
1-151	760-761	:	
1-152	762-777	percusseruntque	
1-153	778-782	ambo	
1-154	783-788	fœdus	
1-155	788-789	.	
1-156	790-792	28	
1-157	793-795	Et	
1-158	796-803	statuit	
1-159	804-811	Abraham	
1-160	812-818	septem	
1-161	819-824	agnas	
1-162	825-831	gregis	
1-163	832-839	seorsum	
1-164	839-840	.	
1-165	841-843	29	
1-166	844-847	Cui	
1-167	848-853	dixit	
1-168	854-863	Abimelech	
1-169	864-865	:	
1-170	866-870	Quid	
1-171	871-875	sibi	
1-172	876-882	volunt	
1-173	883-889	septem	
1-174	890-894	agnæ	
1-175	895-899	istæ	
1-176	899-900	,	
1-177	901-905	quas	
1-178	906-911	stare	
1-179	912-919	fecisti	
1-180	920-927	seorsum	
1-181	928-929	?	

#Text=30 At ille : Septem, inquit, agnas accipies de manu mea : ut sint mihi in testimonium, quoniam ego fodi puteum istum.
#Text=31 Idcirco vocatus est locus ille Bersabee : quia ibi uterque juravit.
#Text=32 Et inierunt fœdus pro puteo juramenti.
#Text=33 Surrexit autem Abimelech, et Phicol princeps exercitus ejus, reversique sunt in terram Palæstinorum.
2-1	930-932	30	
2-2	933-935	At	
2-3	936-940	ille	
2-4	941-942	:	
2-5	943-949	Septem	
2-6	949-950	,	
2-7	951-957	inquit	
2-8	957-958	,	
2-9	959-964	agnas	
2-10	965-973	accipies	
2-11	974-976	de	
2-12	977-981	manu	
2-13	982-985	mea	
2-14	986-987	:	
2-15	988-990	ut	
2-16	991-995	sint	
2-17	996-1000	mihi	
2-18	1001-1003	in	
2-19	1004-1015	testimonium	
2-20	1015-1016	,	
2-21	1017-1024	quoniam	
2-22	1025-1028	ego	
2-23	1029-1033	fodi	
2-24	1034-1040	puteum	
2-25	1041-1046	istum	
2-26	1046-1047	.	
2-27	1048-1050	31	
2-28	1051-1058	Idcirco	
2-29	1059-1066	vocatus	
2-30	1067-1070	est	
2-31	1071-1076	locus	
2-32	1077-1081	ille	
2-33	1082-1090	Bersabee	
2-34	1091-1092	:	
2-35	1093-1097	quia	
2-36	1098-1101	ibi	
2-37	1102-1109	uterque	
2-38	1110-1117	juravit	
2-39	1117-1118	.	
2-40	1119-1121	32	
2-41	1122-1124	Et	
2-42	1125-1133	inierunt	
2-43	1134-1139	fœdus	
2-44	1140-1143	pro	
2-45	1144-1149	puteo	
2-46	1150-1159	juramenti	
2-47	1159-1160	.	
2-48	1161-1163	33	
2-49	1164-1172	Surrexit	
2-50	1173-1178	autem	
2-51	1179-1188	Abimelech	
2-52	1188-1189	,	
2-53	1190-1192	et	
2-54	1193-1199	Phicol	
2-55	1200-1208	princeps	
2-56	1209-1218	exercitus	
2-57	1219-1223	ejus	
2-58	1223-1224	,	
2-59	1225-1235	reversique	
2-60	1236-1240	sunt	
2-61	1241-1243	in	
2-62	1244-1250	terram	
2-63	1251-1263	Palæstinorum	
2-64	1263-1264	.	

#Text=Abraham vero plantavit nemus in Bersabee, et invocavit ibi nomen Domini Dei æterni.
#Text=34 Et fuit colonus terræ Palæstinorum diebus multis.
3-1	1265-1272	Abraham	
3-2	1273-1277	vero	
3-3	1278-1287	plantavit	
3-4	1288-1293	nemus	
3-5	1294-1296	in	
3-6	1297-1305	Bersabee	
3-7	1305-1306	,	
3-8	1307-1309	et	
3-9	1310-1319	invocavit	
3-10	1320-1323	ibi	
3-11	1324-1329	nomen	
3-12	1330-1336	Domini	
3-13	1337-1340	Dei	
3-14	1341-1347	æterni	
3-15	1347-1348	.	
3-16	1349-1351	34	
3-17	1352-1354	Et	
3-18	1355-1359	fuit	
3-19	1360-1367	colonus	
3-20	1368-1373	terræ	
3-21	1374-1386	Palæstinorum	
3-22	1387-1393	diebus	
3-23	1394-1400	multis	
3-24	1400-1401	.	

#Text=Caput 22
#Text=
#Text=
#Text=1 Quæ postquam gesta sunt, tentavit Deus Abraham, et dixit ad eum : Abraham, Abraham.
4-1	1402-1407	Caput	
4-2	1408-1410	22	
4-3	1413-1414	1	
4-4	1415-1418	Quæ	
4-5	1419-1427	postquam	
4-6	1428-1433	gesta	
4-7	1434-1438	sunt	
4-8	1438-1439	,	
4-9	1440-1448	tentavit	
4-10	1449-1453	Deus	
4-11	1454-1461	Abraham	
4-12	1461-1462	,	
4-13	1463-1465	et	
4-14	1466-1471	dixit	
4-15	1472-1474	ad	
4-16	1475-1478	eum	
4-17	1479-1480	:	
4-18	1481-1488	Abraham	
4-19	1488-1489	,	
4-20	1490-1497	Abraham	
4-21	1497-1498	.	

#Text=At ille respondit : Adsum.
#Text=2 Ait illi : Tolle filium tuum unigenitum, quem diligis, Isaac, et vade in terram visionis, atque ibi offeres eum in holocaustum super unum montium quem monstravero tibi.
#Text=3 Igitur Abraham de nocte consurgens, stravit asinum suum, ducens secum duos juvenes, et Isaac filium suum : cumque concidisset ligna in holocaustum, abiit ad locum quem præceperat ei Deus.
5-1	1499-1501	At	
5-2	1502-1506	ille	
5-3	1507-1516	respondit	
5-4	1517-1518	:	
5-5	1519-1524	Adsum	
5-6	1524-1525	.	
5-7	1526-1527	2	
5-8	1528-1531	Ait	
5-9	1532-1536	illi	
5-10	1537-1538	:	
5-11	1539-1544	Tolle	
5-12	1545-1551	filium	
5-13	1552-1556	tuum	
5-14	1557-1567	unigenitum	
5-15	1567-1568	,	
5-16	1569-1573	quem	
5-17	1574-1581	diligis	
5-18	1581-1582	,	
5-19	1583-1588	Isaac	
5-20	1588-1589	,	
5-21	1590-1592	et	
5-22	1593-1597	vade	
5-23	1598-1600	in	
5-24	1601-1607	terram	
5-25	1608-1616	visionis	
5-26	1616-1617	,	
5-27	1618-1623	atque	
5-28	1624-1627	ibi	
5-29	1628-1635	offeres	
5-30	1636-1639	eum	
5-31	1640-1642	in	
5-32	1643-1654	holocaustum	
5-33	1655-1660	super	
5-34	1661-1665	unum	
5-35	1666-1673	montium	
5-36	1674-1678	quem	
5-37	1679-1690	monstravero	
5-38	1691-1695	tibi	
5-39	1695-1696	.	
5-40	1697-1698	3	
5-41	1699-1705	Igitur	
5-42	1706-1713	Abraham	
5-43	1714-1716	de	
5-44	1717-1722	nocte	
5-45	1723-1733	consurgens	
5-46	1733-1734	,	
5-47	1735-1742	stravit	
5-48	1743-1749	asinum	
5-49	1750-1754	suum	
5-50	1754-1755	,	
5-51	1756-1762	ducens	
5-52	1763-1768	secum	
5-53	1769-1773	duos	
5-54	1774-1781	juvenes	
5-55	1781-1782	,	
5-56	1783-1785	et	
5-57	1786-1791	Isaac	
5-58	1792-1798	filium	
5-59	1799-1803	suum	
5-60	1804-1805	:	
5-61	1806-1812	cumque	
5-62	1813-1824	concidisset	
5-63	1825-1830	ligna	
5-64	1831-1833	in	
5-65	1834-1845	holocaustum	
5-66	1845-1846	,	
5-67	1847-1852	abiit	
5-68	1853-1855	ad	
5-69	1856-1861	locum	
5-70	1862-1866	quem	
5-71	1867-1877	præceperat	
5-72	1878-1880	ei	
5-73	1881-1885	Deus	
5-74	1885-1886	.	
