{"_context" : {
    "_types" : {
      "DocumentMetaData" : {
        "_feature_types" : {"sofa" : "_ref" } }, 
      "Relation" : {
        "_feature_types" : {"sofa" : "_ref",  "Dependent" : "_ref",  "Governor" : "_ref" } }, 
      "Sentence" : {
        "_feature_types" : {"sofa" : "_ref" } }, 
      "Sofa" : {
        "_feature_types" : {"sofaArray" : "_ref" } }, 
      "Span" : {
        "_feature_types" : {"sofa" : "_ref" } }, 
      "TagsetDescription" : {
        "_feature_types" : {"sofa" : "_ref",  "tags" : "_ref" } }, 
      "Token" : {
        "_feature_types" : {"sofa" : "_ref",  "parent" : "_ref",  "lemma" : "_ref",  "stem" : "_ref",  "pos" : "_ref",  "morph" : "_ref",  "form" : "_ref" } }, 
      "DocumentAnnotation" : {
        "_feature_types" : {"sofa" : "_ref" }, 
        "_subtypes" : ["DocumentMetaData" ] }, 
      "Annotation" : {
        "_feature_types" : {"sofa" : "_ref" }, 
        "_subtypes" : ["DocumentAnnotation",  "Relation",  "Sentence",  "Span",  "TagsetDescription",  "Token" ] }, 
      "AnnotationBase" : {
        "_feature_types" : {"sofa" : "_ref" }, 
        "_subtypes" : ["Annotation" ] }, 
      "TOP" : {
        "_subtypes" : ["AnnotationBase",  "Sofa" ] } } }, 
  "_views" : {
    "_InitialView" : {
      "Relation" : [
        {"sofa" : 1,  "begin" : 313,  "end" : 318,  "Dependent" : 15391,  "Governor" : 15386 }, 
        {"sofa" : 1,  "begin" : 313,  "end" : 318,  "Dependent" : 15391,  "Governor" : 15567 }, 
        {"sofa" : 1,  "begin" : 554,  "end" : 556,  "Dependent" : 15430,  "Governor" : 15420,  "label" : "Anaphoric" }, 
        {"sofa" : 1,  "begin" : 579,  "end" : 584,  "Dependent" : 15449,  "Governor" : 15425 }, 
        {"sofa" : 1,  "begin" : 579,  "end" : 584,  "Dependent" : 15449,  "Governor" : 15430 }, 
        {"sofa" : 1,  "begin" : 579,  "end" : 584,  "Dependent" : 15449,  "Governor" : 15415 }, 
        {"sofa" : 1,  "begin" : 834,  "end" : 839,  "Dependent" : 15476,  "Governor" : 15461 }, 
        {"sofa" : 1,  "begin" : 834,  "end" : 839,  "Dependent" : 15476,  "Governor" : 15466 }, 
        {"sofa" : 1,  "begin" : 834,  "end" : 839,  "Dependent" : 15476,  "Governor" : 15471 }, 
        {"sofa" : 1,  "begin" : 834,  "end" : 839,  "Dependent" : 15476,  "Governor" : 15579 }, 
        {"sofa" : 1,  "begin" : 940,  "end" : 942,  "Dependent" : 15519,  "Governor" : 15579,  "label" : "Anaphoric" }, 
        {"sofa" : 1,  "begin" : 952,  "end" : 957,  "Dependent" : 15531,  "Governor" : 15514 }, 
        {"sofa" : 1,  "begin" : 952,  "end" : 957,  "Dependent" : 15531,  "Governor" : 15519 }, 
        {"sofa" : 1,  "begin" : 952,  "end" : 957,  "Dependent" : 15531,  "Governor" : 15550 }, 
        {"sofa" : 1,  "begin" : 1379,  "end" : 1381,  "Dependent" : 15605,  "Governor" : 16074,  "label" : "Anaphoric" }, 
        {"sofa" : 1,  "begin" : 1431,  "end" : 1436,  "Dependent" : 15622,  "Governor" : 15617 }, 
        {"sofa" : 1,  "begin" : 1431,  "end" : 1436,  "Dependent" : 15622,  "Governor" : 15605 }, 
        {"sofa" : 1,  "begin" : 1714,  "end" : 1716,  "Dependent" : 15646,  "Governor" : 15641,  "label" : "Anaphoric" }, 
        {"sofa" : 1,  "begin" : 1763,  "end" : 1768,  "Dependent" : 15663,  "Governor" : 15658 }, 
        {"sofa" : 1,  "begin" : 1763,  "end" : 1768,  "Dependent" : 15663,  "Governor" : 15646 }, 
        {"sofa" : 1,  "begin" : 1973,  "end" : 1979,  "Dependent" : 15682,  "Governor" : 15687 }, 
        {"sofa" : 1,  "begin" : 1973,  "end" : 1979,  "Dependent" : 15682,  "Governor" : 15699 }, 
        {"sofa" : 1,  "begin" : 1973,  "end" : 1979,  "Dependent" : 15682,  "Governor" : 15711 }, 
        {"sofa" : 1,  "begin" : 2313,  "end" : 2318,  "Dependent" : 15738,  "Governor" : 15733 }, 
        {"sofa" : 1,  "begin" : 2313,  "end" : 2318,  "Dependent" : 15738,  "Governor" : 15728 }, 
        {"sofa" : 1,  "begin" : 2313,  "end" : 2318,  "Dependent" : 15738,  "Governor" : 16055 }, 
        {"sofa" : 1,  "begin" : 2477,  "end" : 2482,  "Dependent" : 15769,  "Governor" : 15764 }, 
        {"sofa" : 1,  "begin" : 2477,  "end" : 2482,  "Dependent" : 15769,  "Governor" : 15800 }, 
        {"sofa" : 1,  "begin" : 2561,  "end" : 2564,  "Dependent" : 15841,  "Governor" : 16055,  "label" : "Anaphoric" }, 
        {"sofa" : 1,  "begin" : 2565,  "end" : 2570,  "Dependent" : 15829,  "Governor" : 15812 }, 
        {"sofa" : 1,  "begin" : 2565,  "end" : 2570,  "Dependent" : 15829,  "Governor" : 15841 }, 
        {"sofa" : 1,  "begin" : 2886,  "end" : 2894,  "Dependent" : 15870,  "Governor" : 15865 }, 
        {"sofa" : 1,  "begin" : 2886,  "end" : 2894,  "Dependent" : 15870,  "Governor" : 15860 }, 
        {"sofa" : 1,  "begin" : 2968,  "end" : 2970,  "Dependent" : 15894,  "Governor" : 15889,  "label" : "Anaphoric" }, 
        {"sofa" : 1,  "begin" : 3028,  "end" : 3033,  "Dependent" : 15916,  "Governor" : 15906 }, 
        {"sofa" : 1,  "begin" : 3028,  "end" : 3033,  "Dependent" : 15916,  "Governor" : 15911 }, 
        {"sofa" : 1,  "begin" : 3028,  "end" : 3033,  "Dependent" : 15916,  "Governor" : 15894 }, 
        {"sofa" : 1,  "begin" : 3028,  "end" : 3033,  "Dependent" : 15916,  "Governor" : 15942 }, 
        {"sofa" : 1,  "begin" : 3028,  "end" : 3033,  "Dependent" : 15916,  "Governor" : 15954 }, 
        {"sofa" : 1,  "begin" : 3105,  "end" : 3107,  "Dependent" : 15971,  "Governor" : 15889,  "label" : "Anaphoric" }, 
        {"sofa" : 1,  "begin" : 3124,  "end" : 3130,  "Dependent" : 15966,  "Governor" : 15971 }, 
        {"sofa" : 1,  "begin" : 3124,  "end" : 3130,  "Dependent" : 15966,  "Governor" : 15990 }, 
        {"sofa" : 1,  "begin" : 3124,  "end" : 3130,  "Dependent" : 15966,  "Governor" : 16002 }, 
        {"sofa" : 1,  "begin" : 3390,  "end" : 3395,  "Dependent" : 16014,  "Governor" : 16019 }, 
        {"sofa" : 1,  "begin" : 3390,  "end" : 3395,  "Dependent" : 16014,  "Governor" : 16043 }, 
        {"sofa" : 1,  "begin" : 3481,  "end" : 3486,  "Dependent" : 16096,  "Governor" : 16091 }, 
        {"sofa" : 1,  "begin" : 3481,  "end" : 3486,  "Dependent" : 16096,  "Governor" : 16086 }, 
        {"sofa" : 1,  "begin" : 3670,  "end" : 3672,  "Dependent" : 16115,  "Governor" : 16043,  "label" : "Anaphoric" }, 
        {"sofa" : 1,  "begin" : 3769,  "end" : 3774,  "Dependent" : 16147,  "Governor" : 16127 }, 
        {"sofa" : 1,  "begin" : 3769,  "end" : 3774,  "Dependent" : 16147,  "Governor" : 16137 }, 
        {"sofa" : 1,  "begin" : 3769,  "end" : 3774,  "Dependent" : 16147,  "Governor" : 16142 }, 
        {"sofa" : 1,  "begin" : 3769,  "end" : 3774,  "Dependent" : 16147,  "Governor" : 16115 }, 
        {"sofa" : 1,  "begin" : 4159,  "end" : 4164,  "Dependent" : 16195,  "Governor" : 16190 }, 
        {"sofa" : 1,  "begin" : 4159,  "end" : 4164,  "Dependent" : 16195,  "Governor" : 16185 }, 
        {"sofa" : 1,  "begin" : 4159,  "end" : 4164,  "Dependent" : 16195,  "Governor" : 16180 }, 
        {"sofa" : 1,  "begin" : 4286,  "end" : 4288,  "Dependent" : 16250,  "Governor" : 16180,  "label" : "Anaphoric" }, 
        {"sofa" : 1,  "begin" : 4325,  "end" : 4331,  "Dependent" : 16221,  "Governor" : 16226 }, 
        {"sofa" : 1,  "begin" : 4325,  "end" : 4331,  "Dependent" : 16221,  "Governor" : 16238 }, 
        {"sofa" : 1,  "begin" : 4459,  "end" : 4461,  "Dependent" : 16262,  "Governor" : 16180,  "label" : "Anaphoric" }, 
        {"sofa" : 1,  "begin" : 4526,  "end" : 4534,  "Dependent" : 16284,  "Governor" : 16294 }, 
        {"sofa" : 1,  "begin" : 4526,  "end" : 4534,  "Dependent" : 16284,  "Governor" : 16279 }, 
        {"sofa" : 1,  "begin" : 4526,  "end" : 4534,  "Dependent" : 16284,  "Governor" : 16289 }, 
        {"sofa" : 1,  "begin" : 4526,  "end" : 4534,  "Dependent" : 16284,  "Governor" : 16274 }, 
        {"sofa" : 1,  "begin" : 4526,  "end" : 4534,  "Dependent" : 16284,  "Governor" : 16262 }, 
        {"sofa" : 1,  "begin" : 4854,  "end" : 4859,  "Dependent" : 16369,  "Governor" : 16359 }, 
        {"sofa" : 1,  "begin" : 4854,  "end" : 4859,  "Dependent" : 16369,  "Governor" : 16364 }, 
        {"sofa" : 1,  "begin" : 4854,  "end" : 4859,  "Dependent" : 16369,  "Governor" : 16354 }, 
        {"sofa" : 1,  "begin" : 4854,  "end" : 4859,  "Dependent" : 16369,  "Governor" : 16349 }, 
        {"sofa" : 1,  "begin" : 4854,  "end" : 4859,  "Dependent" : 16369,  "Governor" : 16334 }, 
        {"sofa" : 1,  "begin" : 4854,  "end" : 4859,  "Dependent" : 16369,  "Governor" : 16344 }, 
        {"sofa" : 1,  "begin" : 4854,  "end" : 4859,  "Dependent" : 16369,  "Governor" : 16416 }, 
        {"sofa" : 1,  "begin" : 4854,  "end" : 4859,  "Dependent" : 16369,  "Governor" : 16428 }, 
        {"sofa" : 1,  "begin" : 5145,  "end" : 5147,  "Dependent" : 16474,  "Governor" : 16440,  "label" : "Anaphoric" }, 
        {"sofa" : 1,  "begin" : 5206,  "end" : 5211,  "Dependent" : 16455,  "Governor" : 16445 }, 
        {"sofa" : 1,  "begin" : 5206,  "end" : 5211,  "Dependent" : 16455,  "Governor" : 16450 }, 
        {"sofa" : 1,  "begin" : 5206,  "end" : 5211,  "Dependent" : 16455,  "Governor" : 16474 }, 
        {"sofa" : 1,  "begin" : 5206,  "end" : 5211,  "Dependent" : 16455,  "Governor" : 16493 }, 
        {"sofa" : 1,  "begin" : 5331,  "end" : 5333,  "Dependent" : 16522,  "Governor" : 16440,  "label" : "Anaphoric" }, 
        {"sofa" : 1,  "begin" : 5376,  "end" : 5381,  "Dependent" : 16510,  "Governor" : 16505 }, 
        {"sofa" : 1,  "begin" : 5376,  "end" : 5381,  "Dependent" : 16510,  "Governor" : 16522 }, 
        {"sofa" : 1,  "begin" : 5376,  "end" : 5381,  "Dependent" : 16510,  "Governor" : 16541 }, 
        {"sofa" : 1,  "begin" : 5571,  "end" : 5574,  "Dependent" : 16553,  "Governor" : 16440,  "label" : "Anaphoric" }, 
        {"sofa" : 1,  "begin" : 5575,  "end" : 5580,  "Dependent" : 16558,  "Governor" : 16553 }, 
        {"sofa" : 1,  "begin" : 5575,  "end" : 5580,  "Dependent" : 16558,  "Governor" : 16577 }, 
        {"sofa" : 1,  "begin" : 5755,  "end" : 5758,  "Dependent" : 16589,  "Governor" : 16440,  "label" : "Anaphoric" }, 
        {"sofa" : 1,  "begin" : 5768,  "end" : 5773,  "Dependent" : 16599,  "Governor" : 16594 }, 
        {"sofa" : 1,  "begin" : 5768,  "end" : 5773,  "Dependent" : 16599,  "Governor" : 16589 }, 
        {"sofa" : 1,  "begin" : 5768,  "end" : 5773,  "Dependent" : 16599,  "Governor" : 16625 } ], 
      "Span" : [15567,  15386,  15391,  15579,  15420,  15425,  15430,  15415,  15449,  15461,  15466,  15471,  15476,  15514,  15519,  15531,  15550,  16074,  15605,  15617,  15622,  15641,  15646,  15658,  15663,  15699,  15711,  15682,  15687,  16055,  15728,  15733,  15738,  15800,  15764,  15769,  15812,  15841,  15829,  15889,  15860,  15865,  15870,  15894,  15906,  15911,  15916,  15942,  15954,  15971,  15966,  15990,  16002,  16043,  16014,  16019,  16086,  16091,  16096,  16115,  16127,  16137,  16142,  16147,  16180,  16185,  16190,  16195,  16250,  16221,  16226,  16238,  16262,  16274,  16279,  16284,  16294,  16289,  16416,  16344,  16349,  16334,  16354,  16359,  16364,  16369,  16428,  16440,  16474,  16445,  16450,  16455,  16493,  16522,  16541,  16505,  16510,  16577,  16553,  16558,  16625,  16589,  16594,  16599 ], 
      "DocumentMetaData" : [
        {"sofa" : 1,  "end" : 5963,  "language" : "x-unspecified",  "documentTitle" : "058E%20John%20Charles%20Sawer%201894%20Odorographia__1331_distribution_PER.txt",  "documentId" : "teresa",  "documentUri" : "file:/home/dhuser/alessio/inception/repository/project/29/document/8706/source/teresa",  "collectionId" : "file:/home/dhuser/alessio/inception/repository/project/29/document/8706/source/",  "documentBaseUri" : "file:/home/dhuser/alessio/inception/repository/project/29/document/8706/source/",  "isLastSegment" : false } ], 
      "TagsetDescription" : [
        {"sofa" : 1,  "layer" : "webanno.custom.Emotions",  "name" : "Emotion Labels",  "input" : false }, 
        {"sofa" : 1,  "layer" : "custom.Relation",  "name" : "Relation labels",  "input" : false }, 
        {"sofa" : 1,  "layer" : "custom.Span",  "name" : "Smell labels",  "input" : false } ], 
      "Sentence" : [
        {"sofa" : 1,  "begin" : 1,  "end" : 31 }, 
        {"sofa" : 1,  "begin" : 32,  "end" : 240 }, 
        {"sofa" : 1,  "begin" : 241,  "end" : 354 }, 
        {"sofa" : 1,  "begin" : 355,  "end" : 447 }, 
        {"sofa" : 1,  "begin" : 449,  "end" : 482 }, 
        {"sofa" : 1,  "begin" : 483,  "end" : 771 }, 
        {"sofa" : 1,  "begin" : 772,  "end" : 880 }, 
        {"sofa" : 1,  "begin" : 881,  "end" : 967 }, 
        {"sofa" : 1,  "begin" : 968,  "end" : 1015 }, 
        {"sofa" : 1,  "begin" : 1017,  "end" : 1088 }, 
        {"sofa" : 1,  "begin" : 1089,  "end" : 1198 }, 
        {"sofa" : 1,  "begin" : 1199,  "end" : 1378 }, 
        {"sofa" : 1,  "begin" : 1379,  "end" : 1481 }, 
        {"sofa" : 1,  "begin" : 1482,  "end" : 1541 }, 
        {"sofa" : 1,  "begin" : 1543,  "end" : 1586 }, 
        {"sofa" : 1,  "begin" : 1587,  "end" : 1713 }, 
        {"sofa" : 1,  "begin" : 1714,  "end" : 1807 }, 
        {"sofa" : 1,  "begin" : 1808,  "end" : 1828 }, 
        {"sofa" : 1,  "begin" : 1829,  "end" : 1894 }, 
        {"sofa" : 1,  "begin" : 1895,  "end" : 2029 }, 
        {"sofa" : 1,  "begin" : 2030,  "end" : 2070 }, 
        {"sofa" : 1,  "begin" : 2073,  "end" : 2241 }, 
        {"sofa" : 1,  "begin" : 2242,  "end" : 2264 }, 
        {"sofa" : 1,  "begin" : 2265,  "end" : 2345 }, 
        {"sofa" : 1,  "begin" : 2346,  "end" : 2483 }, 
        {"sofa" : 1,  "begin" : 2484,  "end" : 2571 }, 
        {"sofa" : 1,  "begin" : 2572,  "end" : 2666 }, 
        {"sofa" : 1,  "begin" : 2668,  "end" : 2699 }, 
        {"sofa" : 1,  "begin" : 2700,  "end" : 2870 }, 
        {"sofa" : 1,  "begin" : 2871,  "end" : 2896 }, 
        {"sofa" : 1,  "begin" : 2897,  "end" : 2967 }, 
        {"sofa" : 1,  "begin" : 2968,  "end" : 3104 }, 
        {"sofa" : 1,  "begin" : 3105,  "end" : 3225 }, 
        {"sofa" : 1,  "begin" : 3227,  "end" : 3274 }, 
        {"sofa" : 1,  "begin" : 3275,  "end" : 3416 }, 
        {"sofa" : 1,  "begin" : 3417,  "end" : 3445 }, 
        {"sofa" : 1,  "begin" : 3446,  "end" : 3669 }, 
        {"sofa" : 1,  "begin" : 3670,  "end" : 3825 }, 
        {"sofa" : 1,  "begin" : 3826,  "end" : 3919 }, 
        {"sofa" : 1,  "begin" : 3920,  "end" : 3983 }, 
        {"sofa" : 1,  "begin" : 3985,  "end" : 4040 }, 
        {"sofa" : 1,  "begin" : 4041,  "end" : 4083 }, 
        {"sofa" : 1,  "begin" : 4084,  "end" : 4285 }, 
        {"sofa" : 1,  "begin" : 4286,  "end" : 4393 }, 
        {"sofa" : 1,  "begin" : 4394,  "end" : 4458 }, 
        {"sofa" : 1,  "begin" : 4459,  "end" : 4606 }, 
        {"sofa" : 1,  "begin" : 4607,  "end" : 4668 }, 
        {"sofa" : 1,  "begin" : 4670,  "end" : 4860 }, 
        {"sofa" : 1,  "begin" : 4861,  "end" : 4909 }, 
        {"sofa" : 1,  "begin" : 4911,  "end" : 4958 }, 
        {"sofa" : 1,  "begin" : 4959,  "end" : 5144 }, 
        {"sofa" : 1,  "begin" : 5145,  "end" : 5286 }, 
        {"sofa" : 1,  "begin" : 5287,  "end" : 5330 }, 
        {"sofa" : 1,  "begin" : 5331,  "end" : 5382 }, 
        {"sofa" : 1,  "begin" : 5383,  "end" : 5461 }, 
        {"sofa" : 1,  "begin" : 5462,  "end" : 5581 }, 
        {"sofa" : 1,  "begin" : 5582,  "end" : 5636 }, 
        {"sofa" : 1,  "begin" : 5637,  "end" : 5774 }, 
        {"sofa" : 1,  "begin" : 5775,  "end" : 5852 }, 
        {"sofa" : 1,  "begin" : 5853,  "end" : 5960 } ], 
      "Token" : [
        {"sofa" : 1,  "begin" : 1,  "end" : 8 }, 
        {"sofa" : 1,  "begin" : 9,  "end" : 12 }, 
        {"sofa" : 1,  "begin" : 13,  "end" : 15 }, 
        {"sofa" : 1,  "begin" : 16,  "end" : 21 }, 
        {"sofa" : 1,  "begin" : 22,  "end" : 30 }, 
        {"sofa" : 1,  "begin" : 30,  "end" : 31 }, 
        {"sofa" : 1,  "begin" : 32,  "end" : 35 }, 
        {"sofa" : 1,  "begin" : 36,  "end" : 41 }, 
        {"sofa" : 1,  "begin" : 42,  "end" : 46 }, 
        {"sofa" : 1,  "begin" : 47,  "end" : 49 }, 
        {"sofa" : 1,  "begin" : 50,  "end" : 57 }, 
        {"sofa" : 1,  "begin" : 58,  "end" : 60 }, 
        {"sofa" : 1,  "begin" : 61,  "end" : 66 }, 
        {"sofa" : 1,  "begin" : 66,  "end" : 67 }, 
        {"sofa" : 1,  "begin" : 68,  "end" : 71 }, 
        {"sofa" : 1,  "begin" : 72,  "end" : 82 }, 
        {"sofa" : 1,  "begin" : 83,  "end" : 85 }, 
        {"sofa" : 1,  "begin" : 86,  "end" : 95 }, 
        {"sofa" : 1,  "begin" : 96,  "end" : 99 }, 
        {"sofa" : 1,  "begin" : 100,  "end" : 110 }, 
        {"sofa" : 1,  "begin" : 111,  "end" : 120 }, 
        {"sofa" : 1,  "begin" : 121,  "end" : 126 }, 
        {"sofa" : 1,  "begin" : 127,  "end" : 135 }, 
        {"sofa" : 1,  "begin" : 136,  "end" : 138 }, 
        {"sofa" : 1,  "begin" : 139,  "end" : 145 }, 
        {"sofa" : 1,  "begin" : 146,  "end" : 150 }, 
        {"sofa" : 1,  "begin" : 150,  "end" : 151 }, 
        {"sofa" : 1,  "begin" : 152,  "end" : 156 }, 
        {"sofa" : 1,  "begin" : 157,  "end" : 164 }, 
        {"sofa" : 1,  "begin" : 165,  "end" : 167 }, 
        {"sofa" : 1,  "begin" : 168,  "end" : 172 }, 
        {"sofa" : 1,  "begin" : 173,  "end" : 178 }, 
        {"sofa" : 1,  "begin" : 179,  "end" : 182 }, 
        {"sofa" : 1,  "begin" : 183,  "end" : 186 }, 
        {"sofa" : 1,  "begin" : 187,  "end" : 192 }, 
        {"sofa" : 1,  "begin" : 193,  "end" : 202 }, 
        {"sofa" : 1,  "begin" : 203,  "end" : 212 }, 
        {"sofa" : 1,  "begin" : 213,  "end" : 216 }, 
        {"sofa" : 1,  "begin" : 217,  "end" : 221 }, 
        {"sofa" : 1,  "begin" : 222,  "end" : 225 }, 
        {"sofa" : 1,  "begin" : 226,  "end" : 235 }, 
        {"sofa" : 1,  "begin" : 236,  "end" : 239 }, 
        {"sofa" : 1,  "begin" : 239,  "end" : 240 }, 
        {"sofa" : 1,  "begin" : 241,  "end" : 244 }, 
        {"sofa" : 1,  "begin" : 245,  "end" : 248 }, 
        {"sofa" : 1,  "begin" : 249,  "end" : 251 }, 
        {"sofa" : 1,  "begin" : 252,  "end" : 267 }, 
        {"sofa" : 1,  "begin" : 267,  "end" : 268 }, 
        {"sofa" : 1,  "begin" : 269,  "end" : 275 }, 
        {"sofa" : 1,  "begin" : 275,  "end" : 276 }, 
        {"sofa" : 1,  "begin" : 277,  "end" : 284 }, 
        {"sofa" : 1,  "begin" : 285,  "end" : 289 }, 
        {"sofa" : 1,  "begin" : 290,  "end" : 295 }, 
        {"sofa" : 1,  "begin" : 295,  "end" : 296 }, 
        {"sofa" : 1,  "begin" : 297,  "end" : 301 }, 
        {"sofa" : 1,  "begin" : 302,  "end" : 303 }, 
        {"sofa" : 1,  "begin" : 304,  "end" : 312 }, 
        {"sofa" : 1,  "begin" : 313,  "end" : 318 }, 
        {"sofa" : 1,  "begin" : 319,  "end" : 322 }, 
        {"sofa" : 1,  "begin" : 323,  "end" : 328 }, 
        {"sofa" : 1,  "begin" : 328,  "end" : 329 }, 
        {"sofa" : 1,  "begin" : 330,  "end" : 338 }, 
        {"sofa" : 1,  "begin" : 338,  "end" : 339 }, 
        {"sofa" : 1,  "begin" : 340,  "end" : 347 }, 
        {"sofa" : 1,  "begin" : 348,  "end" : 353 }, 
        {"sofa" : 1,  "begin" : 353,  "end" : 354 }, 
        {"sofa" : 1,  "begin" : 355,  "end" : 357 }, 
        {"sofa" : 1,  "begin" : 358,  "end" : 365 }, 
        {"sofa" : 1,  "begin" : 366,  "end" : 372 }, 
        {"sofa" : 1,  "begin" : 373,  "end" : 378 }, 
        {"sofa" : 1,  "begin" : 379,  "end" : 382 }, 
        {"sofa" : 1,  "begin" : 383,  "end" : 388 }, 
        {"sofa" : 1,  "begin" : 389,  "end" : 393 }, 
        {"sofa" : 1,  "begin" : 394,  "end" : 395 }, 
        {"sofa" : 1,  "begin" : 396,  "end" : 401 }, 
        {"sofa" : 1,  "begin" : 401,  "end" : 402 }, 
        {"sofa" : 1,  "begin" : 403,  "end" : 413 }, 
        {"sofa" : 1,  "begin" : 414,  "end" : 418 }, 
        {"sofa" : 1,  "begin" : 419,  "end" : 426 }, 
        {"sofa" : 1,  "begin" : 427,  "end" : 434 }, 
        {"sofa" : 1,  "begin" : 435,  "end" : 438 }, 
        {"sofa" : 1,  "begin" : 439,  "end" : 446 }, 
        {"sofa" : 1,  "begin" : 446,  "end" : 447 }, 
        {"sofa" : 1,  "begin" : 449,  "end" : 456 }, 
        {"sofa" : 1,  "begin" : 457,  "end" : 460 }, 
        {"sofa" : 1,  "begin" : 461,  "end" : 463 }, 
        {"sofa" : 1,  "begin" : 464,  "end" : 473 }, 
        {"sofa" : 1,  "begin" : 474,  "end" : 481 }, 
        {"sofa" : 1,  "begin" : 481,  "end" : 482 }, 
        {"sofa" : 1,  "begin" : 483,  "end" : 486 }, 
        {"sofa" : 1,  "begin" : 487,  "end" : 497 }, 
        {"sofa" : 1,  "begin" : 498,  "end" : 502 }, 
        {"sofa" : 1,  "begin" : 503,  "end" : 505 }, 
        {"sofa" : 1,  "begin" : 506,  "end" : 512 }, 
        {"sofa" : 1,  "begin" : 513,  "end" : 515 }, 
        {"sofa" : 1,  "begin" : 516,  "end" : 521 }, 
        {"sofa" : 1,  "begin" : 522,  "end" : 525 }, 
        {"sofa" : 1,  "begin" : 526,  "end" : 533 }, 
        {"sofa" : 1,  "begin" : 534,  "end" : 536 }, 
        {"sofa" : 1,  "begin" : 537,  "end" : 540 }, 
        {"sofa" : 1,  "begin" : 541,  "end" : 544 }, 
        {"sofa" : 1,  "begin" : 544,  "end" : 545 }, 
        {"sofa" : 1,  "begin" : 546,  "end" : 553 }, 
        {"sofa" : 1,  "begin" : 554,  "end" : 556 }, 
        {"sofa" : 1,  "begin" : 557,  "end" : 565 }, 
        {"sofa" : 1,  "begin" : 566,  "end" : 568 }, 
        {"sofa" : 1,  "begin" : 569,  "end" : 578 }, 
        {"sofa" : 1,  "begin" : 579,  "end" : 584 }, 
        {"sofa" : 1,  "begin" : 585,  "end" : 586 }, 
        {"sofa" : 1,  "begin" : 587,  "end" : 590 }, 
        {"sofa" : 1,  "begin" : 591,  "end" : 597 }, 
        {"sofa" : 1,  "begin" : 598,  "end" : 600 }, 
        {"sofa" : 1,  "begin" : 601,  "end" : 605 }, 
        {"sofa" : 1,  "begin" : 606,  "end" : 615 }, 
        {"sofa" : 1,  "begin" : 615,  "end" : 616 }, 
        {"sofa" : 1,  "begin" : 617,  "end" : 620 }, 
        {"sofa" : 1,  "begin" : 621,  "end" : 631 }, 
        {"sofa" : 1,  "begin" : 632,  "end" : 641 }, 
        {"sofa" : 1,  "begin" : 642,  "end" : 646 }, 
        {"sofa" : 1,  "begin" : 647,  "end" : 653 }, 
        {"sofa" : 1,  "begin" : 654,  "end" : 658 }, 
        {"sofa" : 1,  "begin" : 659,  "end" : 660 }, 
        {"sofa" : 1,  "begin" : 661,  "end" : 664 }, 
        {"sofa" : 1,  "begin" : 665,  "end" : 671 }, 
        {"sofa" : 1,  "begin" : 672,  "end" : 679 }, 
        {"sofa" : 1,  "begin" : 680,  "end" : 689 }, 
        {"sofa" : 1,  "begin" : 690,  "end" : 693 }, 
        {"sofa" : 1,  "begin" : 694,  "end" : 703 }, 
        {"sofa" : 1,  "begin" : 704,  "end" : 706 }, 
        {"sofa" : 1,  "begin" : 707,  "end" : 708 }, 
        {"sofa" : 1,  "begin" : 709,  "end" : 715 }, 
        {"sofa" : 1,  "begin" : 716,  "end" : 719 }, 
        {"sofa" : 1,  "begin" : 720,  "end" : 729 }, 
        {"sofa" : 1,  "begin" : 730,  "end" : 732 }, 
        {"sofa" : 1,  "begin" : 733,  "end" : 738 }, 
        {"sofa" : 1,  "begin" : 739,  "end" : 742 }, 
        {"sofa" : 1,  "begin" : 743,  "end" : 746 }, 
        {"sofa" : 1,  "begin" : 747,  "end" : 752 }, 
        {"sofa" : 1,  "begin" : 753,  "end" : 759 }, 
        {"sofa" : 1,  "begin" : 760,  "end" : 770 }, 
        {"sofa" : 1,  "begin" : 770,  "end" : 771 }, 
        {"sofa" : 1,  "begin" : 772,  "end" : 775 }, 
        {"sofa" : 1,  "begin" : 776,  "end" : 779 }, 
        {"sofa" : 1,  "begin" : 780,  "end" : 782 }, 
        {"sofa" : 1,  "begin" : 783,  "end" : 790 }, 
        {"sofa" : 1,  "begin" : 791,  "end" : 795 }, 
        {"sofa" : 1,  "begin" : 796,  "end" : 801 }, 
        {"sofa" : 1,  "begin" : 801,  "end" : 802 }, 
        {"sofa" : 1,  "begin" : 803,  "end" : 806 }, 
        {"sofa" : 1,  "begin" : 807,  "end" : 808 }, 
        {"sofa" : 1,  "begin" : 809,  "end" : 817 }, 
        {"sofa" : 1,  "begin" : 818,  "end" : 823 }, 
        {"sofa" : 1,  "begin" : 823,  "end" : 824 }, 
        {"sofa" : 1,  "begin" : 825,  "end" : 833 }, 
        {"sofa" : 1,  "begin" : 834,  "end" : 839 }, 
        {"sofa" : 1,  "begin" : 839,  "end" : 840 }, 
        {"sofa" : 1,  "begin" : 841,  "end" : 844 }, 
        {"sofa" : 1,  "begin" : 845,  "end" : 847 }, 
        {"sofa" : 1,  "begin" : 848,  "end" : 856 }, 
        {"sofa" : 1,  "begin" : 856,  "end" : 857 }, 
        {"sofa" : 1,  "begin" : 858,  "end" : 866 }, 
        {"sofa" : 1,  "begin" : 867,  "end" : 873 }, 
        {"sofa" : 1,  "begin" : 874,  "end" : 879 }, 
        {"sofa" : 1,  "begin" : 879,  "end" : 880 }, 
        {"sofa" : 1,  "begin" : 881,  "end" : 883 }, 
        {"sofa" : 1,  "begin" : 884,  "end" : 889 }, 
        {"sofa" : 1,  "begin" : 890,  "end" : 897 }, 
        {"sofa" : 1,  "begin" : 898,  "end" : 905 }, 
        {"sofa" : 1,  "begin" : 906,  "end" : 909 }, 
        {"sofa" : 1,  "begin" : 910,  "end" : 917 }, 
        {"sofa" : 1,  "begin" : 917,  "end" : 918 }, 
        {"sofa" : 1,  "begin" : 919,  "end" : 920 }, 
        {"sofa" : 1,  "begin" : 920,  "end" : 924 }, 
        {"sofa" : 1,  "begin" : 925,  "end" : 933 }, 
        {"sofa" : 1,  "begin" : 934,  "end" : 939 }, 
        {"sofa" : 1,  "begin" : 940,  "end" : 942 }, 
        {"sofa" : 1,  "begin" : 943,  "end" : 948 }, 
        {"sofa" : 1,  "begin" : 949,  "end" : 951 }, 
        {"sofa" : 1,  "begin" : 952,  "end" : 957 }, 
        {"sofa" : 1,  "begin" : 958,  "end" : 960 }, 
        {"sofa" : 1,  "begin" : 961,  "end" : 966 }, 
        {"sofa" : 1,  "begin" : 966,  "end" : 967 }, 
        {"sofa" : 1,  "begin" : 968,  "end" : 970 }, 
        {"sofa" : 1,  "begin" : 971,  "end" : 980 }, 
        {"sofa" : 1,  "begin" : 981,  "end" : 983 }, 
        {"sofa" : 1,  "begin" : 984,  "end" : 991 }, 
        {"sofa" : 1,  "begin" : 992,  "end" : 1000 }, 
        {"sofa" : 1,  "begin" : 1001,  "end" : 1004 }, 
        {"sofa" : 1,  "begin" : 1005,  "end" : 1007 }, 
        {"sofa" : 1,  "begin" : 1008,  "end" : 1013 }, 
        {"sofa" : 1,  "begin" : 1013,  "end" : 1014 }, 
        {"sofa" : 1,  "begin" : 1014,  "end" : 1015 }, 
        {"sofa" : 1,  "begin" : 1017,  "end" : 1024 }, 
        {"sofa" : 1,  "begin" : 1025,  "end" : 1028 }, 
        {"sofa" : 1,  "begin" : 1029,  "end" : 1031 }, 
        {"sofa" : 1,  "begin" : 1032,  "end" : 1040 }, 
        {"sofa" : 1,  "begin" : 1041,  "end" : 1052 }, 
        {"sofa" : 1,  "begin" : 1053,  "end" : 1054 }, 
        {"sofa" : 1,  "begin" : 1054,  "end" : 1055 }, 
        {"sofa" : 1,  "begin" : 1056,  "end" : 1063 }, 
        {"sofa" : 1,  "begin" : 1064,  "end" : 1065 }, 
        {"sofa" : 1,  "begin" : 1066,  "end" : 1068 }, 
        {"sofa" : 1,  "begin" : 1069,  "end" : 1075 }, 
        {"sofa" : 1,  "begin" : 1076,  "end" : 1077 }, 
        {"sofa" : 1,  "begin" : 1078,  "end" : 1084 }, 
        {"sofa" : 1,  "begin" : 1085,  "end" : 1086 }, 
        {"sofa" : 1,  "begin" : 1086,  "end" : 1087 }, 
        {"sofa" : 1,  "begin" : 1087,  "end" : 1088 }, 
        {"sofa" : 1,  "begin" : 1089,  "end" : 1092 }, 
        {"sofa" : 1,  "begin" : 1093,  "end" : 1098 }, 
        {"sofa" : 1,  "begin" : 1099,  "end" : 1108 }, 
        {"sofa" : 1,  "begin" : 1109,  "end" : 1114 }, 
        {"sofa" : 1,  "begin" : 1115,  "end" : 1117 }, 
        {"sofa" : 1,  "begin" : 1118,  "end" : 1127 }, 
        {"sofa" : 1,  "begin" : 1128,  "end" : 1130 }, 
        {"sofa" : 1,  "begin" : 1131,  "end" : 1136 }, 
        {"sofa" : 1,  "begin" : 1137,  "end" : 1140 }, 
        {"sofa" : 1,  "begin" : 1141,  "end" : 1145 }, 
        {"sofa" : 1,  "begin" : 1146,  "end" : 1148 }, 
        {"sofa" : 1,  "begin" : 1149,  "end" : 1156 }, 
        {"sofa" : 1,  "begin" : 1157,  "end" : 1158 }, 
        {"sofa" : 1,  "begin" : 1159,  "end" : 1162 }, 
        {"sofa" : 1,  "begin" : 1163,  "end" : 1168 }, 
        {"sofa" : 1,  "begin" : 1169,  "end" : 1171 }, 
        {"sofa" : 1,  "begin" : 1172,  "end" : 1181 }, 
        {"sofa" : 1,  "begin" : 1182,  "end" : 1186 }, 
        {"sofa" : 1,  "begin" : 1187,  "end" : 1197 }, 
        {"sofa" : 1,  "begin" : 1197,  "end" : 1198 }, 
        {"sofa" : 1,  "begin" : 1199,  "end" : 1202 }, 
        {"sofa" : 1,  "begin" : 1203,  "end" : 1207 }, 
        {"sofa" : 1,  "begin" : 1208,  "end" : 1211 }, 
        {"sofa" : 1,  "begin" : 1212,  "end" : 1217 }, 
        {"sofa" : 1,  "begin" : 1218,  "end" : 1224 }, 
        {"sofa" : 1,  "begin" : 1225,  "end" : 1227 }, 
        {"sofa" : 1,  "begin" : 1228,  "end" : 1231 }, 
        {"sofa" : 1,  "begin" : 1232,  "end" : 1242 }, 
        {"sofa" : 1,  "begin" : 1243,  "end" : 1245 }, 
        {"sofa" : 1,  "begin" : 1246,  "end" : 1253 }, 
        {"sofa" : 1,  "begin" : 1254,  "end" : 1255 }, 
        {"sofa" : 1,  "begin" : 1256,  "end" : 1259 }, 
        {"sofa" : 1,  "begin" : 1260,  "end" : 1268 }, 
        {"sofa" : 1,  "begin" : 1269,  "end" : 1274 }, 
        {"sofa" : 1,  "begin" : 1274,  "end" : 1275 }, 
        {"sofa" : 1,  "begin" : 1276,  "end" : 1281 }, 
        {"sofa" : 1,  "begin" : 1282,  "end" : 1290 }, 
        {"sofa" : 1,  "begin" : 1291,  "end" : 1293 }, 
        {"sofa" : 1,  "begin" : 1294,  "end" : 1300 }, 
        {"sofa" : 1,  "begin" : 1301,  "end" : 1305 }, 
        {"sofa" : 1,  "begin" : 1305,  "end" : 1306 }, 
        {"sofa" : 1,  "begin" : 1307,  "end" : 1309 }, 
        {"sofa" : 1,  "begin" : 1310,  "end" : 1318 }, 
        {"sofa" : 1,  "begin" : 1319,  "end" : 1323 }, 
        {"sofa" : 1,  "begin" : 1324,  "end" : 1329 }, 
        {"sofa" : 1,  "begin" : 1330,  "end" : 1333 }, 
        {"sofa" : 1,  "begin" : 1334,  "end" : 1337 }, 
        {"sofa" : 1,  "begin" : 1338,  "end" : 1343 }, 
        {"sofa" : 1,  "begin" : 1344,  "end" : 1349 }, 
        {"sofa" : 1,  "begin" : 1350,  "end" : 1359 }, 
        {"sofa" : 1,  "begin" : 1360,  "end" : 1362 }, 
        {"sofa" : 1,  "begin" : 1363,  "end" : 1373 }, 
        {"sofa" : 1,  "begin" : 1374,  "end" : 1377 }, 
        {"sofa" : 1,  "begin" : 1377,  "end" : 1378 }, 
        {"sofa" : 1,  "begin" : 1379,  "end" : 1381 }, 
        {"sofa" : 1,  "begin" : 1382,  "end" : 1384 }, 
        {"sofa" : 1,  "begin" : 1385,  "end" : 1386 }, 
        {"sofa" : 1,  "begin" : 1387,  "end" : 1399 }, 
        {"sofa" : 1,  "begin" : 1400,  "end" : 1403 }, 
        {"sofa" : 1,  "begin" : 1404,  "end" : 1410 }, 
        {"sofa" : 1,  "begin" : 1411,  "end" : 1412 }, 
        {"sofa" : 1,  "begin" : 1413,  "end" : 1421 }, 
        {"sofa" : 1,  "begin" : 1422,  "end" : 1430 }, 
        {"sofa" : 1,  "begin" : 1431,  "end" : 1436 }, 
        {"sofa" : 1,  "begin" : 1437,  "end" : 1440 }, 
        {"sofa" : 1,  "begin" : 1441,  "end" : 1443 }, 
        {"sofa" : 1,  "begin" : 1444,  "end" : 1452 }, 
        {"sofa" : 1,  "begin" : 1452,  "end" : 1453 }, 
        {"sofa" : 1,  "begin" : 1454,  "end" : 1460 }, 
        {"sofa" : 1,  "begin" : 1460,  "end" : 1461 }, 
        {"sofa" : 1,  "begin" : 1462,  "end" : 1468 }, 
        {"sofa" : 1,  "begin" : 1469,  "end" : 1474 }, 
        {"sofa" : 1,  "begin" : 1475,  "end" : 1480 }, 
        {"sofa" : 1,  "begin" : 1480,  "end" : 1481 }, 
        {"sofa" : 1,  "begin" : 1482,  "end" : 1484 }, 
        {"sofa" : 1,  "begin" : 1485,  "end" : 1494 }, 
        {"sofa" : 1,  "begin" : 1495,  "end" : 1497 }, 
        {"sofa" : 1,  "begin" : 1498,  "end" : 1505 }, 
        {"sofa" : 1,  "begin" : 1505,  "end" : 1506 }, 
        {"sofa" : 1,  "begin" : 1507,  "end" : 1512 }, 
        {"sofa" : 1,  "begin" : 1513,  "end" : 1516 }, 
        {"sofa" : 1,  "begin" : 1517,  "end" : 1521 }, 
        {"sofa" : 1,  "begin" : 1522,  "end" : 1527 }, 
        {"sofa" : 1,  "begin" : 1528,  "end" : 1531 }, 
        {"sofa" : 1,  "begin" : 1532,  "end" : 1540 }, 
        {"sofa" : 1,  "begin" : 1540,  "end" : 1541 }, 
        {"sofa" : 1,  "begin" : 1543,  "end" : 1550 }, 
        {"sofa" : 1,  "begin" : 1551,  "end" : 1554 }, 
        {"sofa" : 1,  "begin" : 1555,  "end" : 1557 }, 
        {"sofa" : 1,  "begin" : 1558,  "end" : 1565 }, 
        {"sofa" : 1,  "begin" : 1566,  "end" : 1573 }, 
        {"sofa" : 1,  "begin" : 1574,  "end" : 1576 }, 
        {"sofa" : 1,  "begin" : 1577,  "end" : 1585 }, 
        {"sofa" : 1,  "begin" : 1585,  "end" : 1586 }, 
        {"sofa" : 1,  "begin" : 1587,  "end" : 1590 }, 
        {"sofa" : 1,  "begin" : 1591,  "end" : 1599 }, 
        {"sofa" : 1,  "begin" : 1600,  "end" : 1606 }, 
        {"sofa" : 1,  "begin" : 1607,  "end" : 1610 }, 
        {"sofa" : 1,  "begin" : 1611,  "end" : 1620 }, 
        {"sofa" : 1,  "begin" : 1620,  "end" : 1621 }, 
        {"sofa" : 1,  "begin" : 1622,  "end" : 1631 }, 
        {"sofa" : 1,  "begin" : 1631,  "end" : 1632 }, 
        {"sofa" : 1,  "begin" : 1633,  "end" : 1636 }, 
        {"sofa" : 1,  "begin" : 1637,  "end" : 1646 }, 
        {"sofa" : 1,  "begin" : 1647,  "end" : 1649 }, 
        {"sofa" : 1,  "begin" : 1650,  "end" : 1655 }, 
        {"sofa" : 1,  "begin" : 1655,  "end" : 1656 }, 
        {"sofa" : 1,  "begin" : 1657,  "end" : 1660 }, 
        {"sofa" : 1,  "begin" : 1661,  "end" : 1664 }, 
        {"sofa" : 1,  "begin" : 1665,  "end" : 1675 }, 
        {"sofa" : 1,  "begin" : 1676,  "end" : 1685 }, 
        {"sofa" : 1,  "begin" : 1686,  "end" : 1690 }, 
        {"sofa" : 1,  "begin" : 1691,  "end" : 1696 }, 
        {"sofa" : 1,  "begin" : 1697,  "end" : 1699 }, 
        {"sofa" : 1,  "begin" : 1700,  "end" : 1703 }, 
        {"sofa" : 1,  "begin" : 1704,  "end" : 1708 }, 
        {"sofa" : 1,  "begin" : 1709,  "end" : 1712 }, 
        {"sofa" : 1,  "begin" : 1712,  "end" : 1713 }, 
        {"sofa" : 1,  "begin" : 1714,  "end" : 1716 }, 
        {"sofa" : 1,  "begin" : 1717,  "end" : 1719 }, 
        {"sofa" : 1,  "begin" : 1720,  "end" : 1721 }, 
        {"sofa" : 1,  "begin" : 1722,  "end" : 1728 }, 
        {"sofa" : 1,  "begin" : 1728,  "end" : 1729 }, 
        {"sofa" : 1,  "begin" : 1730,  "end" : 1741 }, 
        {"sofa" : 1,  "begin" : 1742,  "end" : 1745 }, 
        {"sofa" : 1,  "begin" : 1746,  "end" : 1750 }, 
        {"sofa" : 1,  "begin" : 1751,  "end" : 1753 }, 
        {"sofa" : 1,  "begin" : 1754,  "end" : 1762 }, 
        {"sofa" : 1,  "begin" : 1763,  "end" : 1768 }, 
        {"sofa" : 1,  "begin" : 1769,  "end" : 1772 }, 
        {"sofa" : 1,  "begin" : 1773,  "end" : 1775 }, 
        {"sofa" : 1,  "begin" : 1776,  "end" : 1784 }, 
        {"sofa" : 1,  "begin" : 1784,  "end" : 1785 }, 
        {"sofa" : 1,  "begin" : 1786,  "end" : 1791 }, 
        {"sofa" : 1,  "begin" : 1791,  "end" : 1792 }, 
        {"sofa" : 1,  "begin" : 1793,  "end" : 1800 }, 
        {"sofa" : 1,  "begin" : 1801,  "end" : 1806 }, 
        {"sofa" : 1,  "begin" : 1806,  "end" : 1807 }, 
        {"sofa" : 1,  "begin" : 1808,  "end" : 1810 }, 
        {"sofa" : 1,  "begin" : 1811,  "end" : 1813 }, 
        {"sofa" : 1,  "begin" : 1814,  "end" : 1818 }, 
        {"sofa" : 1,  "begin" : 1819,  "end" : 1827 }, 
        {"sofa" : 1,  "begin" : 1827,  "end" : 1828 }, 
        {"sofa" : 1,  "begin" : 1829,  "end" : 1833 }, 
        {"sofa" : 1,  "begin" : 1834,  "end" : 1840 }, 
        {"sofa" : 1,  "begin" : 1841,  "end" : 1847 }, 
        {"sofa" : 1,  "begin" : 1848,  "end" : 1852 }, 
        {"sofa" : 1,  "begin" : 1853,  "end" : 1855 }, 
        {"sofa" : 1,  "begin" : 1856,  "end" : 1861 }, 
        {"sofa" : 1,  "begin" : 1862,  "end" : 1867 }, 
        {"sofa" : 1,  "begin" : 1867,  "end" : 1868 }, 
        {"sofa" : 1,  "begin" : 1869,  "end" : 1873 }, 
        {"sofa" : 1,  "begin" : 1874,  "end" : 1878 }, 
        {"sofa" : 1,  "begin" : 1879,  "end" : 1881 }, 
        {"sofa" : 1,  "begin" : 1882,  "end" : 1893 }, 
        {"sofa" : 1,  "begin" : 1893,  "end" : 1894 }, 
        {"sofa" : 1,  "begin" : 1895,  "end" : 1898 }, 
        {"sofa" : 1,  "begin" : 1899,  "end" : 1907 }, 
        {"sofa" : 1,  "begin" : 1908,  "end" : 1913 }, 
        {"sofa" : 1,  "begin" : 1914,  "end" : 1921 }, 
        {"sofa" : 1,  "begin" : 1922,  "end" : 1937 }, 
        {"sofa" : 1,  "begin" : 1937,  "end" : 1938 }, 
        {"sofa" : 1,  "begin" : 1939,  "end" : 1943 }, 
        {"sofa" : 1,  "begin" : 1944,  "end" : 1949 }, 
        {"sofa" : 1,  "begin" : 1950,  "end" : 1959 }, 
        {"sofa" : 1,  "begin" : 1959,  "end" : 1960 }, 
        {"sofa" : 1,  "begin" : 1961,  "end" : 1965 }, 
        {"sofa" : 1,  "begin" : 1966,  "end" : 1971 }, 
        {"sofa" : 1,  "begin" : 1971,  "end" : 1972 }, 
        {"sofa" : 1,  "begin" : 1973,  "end" : 1979 }, 
        {"sofa" : 1,  "begin" : 1980,  "end" : 1984 }, 
        {"sofa" : 1,  "begin" : 1985,  "end" : 1995 }, 
        {"sofa" : 1,  "begin" : 1996,  "end" : 2000 }, 
        {"sofa" : 1,  "begin" : 2001,  "end" : 2004 }, 
        {"sofa" : 1,  "begin" : 2005,  "end" : 2008 }, 
        {"sofa" : 1,  "begin" : 2009,  "end" : 2010 }, 
        {"sofa" : 1,  "begin" : 2011,  "end" : 2015 }, 
        {"sofa" : 1,  "begin" : 2016,  "end" : 2022 }, 
        {"sofa" : 1,  "begin" : 2023,  "end" : 2028 }, 
        {"sofa" : 1,  "begin" : 2028,  "end" : 2029 }, 
        {"sofa" : 1,  "begin" : 2030,  "end" : 2032 }, 
        {"sofa" : 1,  "begin" : 2033,  "end" : 2042 }, 
        {"sofa" : 1,  "begin" : 2043,  "end" : 2045 }, 
        {"sofa" : 1,  "begin" : 2046,  "end" : 2053 }, 
        {"sofa" : 1,  "begin" : 2053,  "end" : 2054 }, 
        {"sofa" : 1,  "begin" : 2055,  "end" : 2060 }, 
        {"sofa" : 1,  "begin" : 2061,  "end" : 2064 }, 
        {"sofa" : 1,  "begin" : 2065,  "end" : 2069 }, 
        {"sofa" : 1,  "begin" : 2069,  "end" : 2070 }, 
        {"sofa" : 1,  "begin" : 2073,  "end" : 2080 }, 
        {"sofa" : 1,  "begin" : 2081,  "end" : 2084 }, 
        {"sofa" : 1,  "begin" : 2085,  "end" : 2087 }, 
        {"sofa" : 1,  "begin" : 2088,  "end" : 2095 }, 
        {"sofa" : 1,  "begin" : 2096,  "end" : 2101 }, 
        {"sofa" : 1,  "begin" : 2102,  "end" : 2103 }, 
        {"sofa" : 1,  "begin" : 2103,  "end" : 2106 }, 
        {"sofa" : 1,  "begin" : 2107,  "end" : 2108 }, 
        {"sofa" : 1,  "begin" : 2109,  "end" : 2113 }, 
        {"sofa" : 1,  "begin" : 2114,  "end" : 2117 }, 
        {"sofa" : 1,  "begin" : 2118,  "end" : 2119 }, 
        {"sofa" : 1,  "begin" : 2119,  "end" : 2120 }, 
        {"sofa" : 1,  "begin" : 2120,  "end" : 2121 }, 
        {"sofa" : 1,  "begin" : 2122,  "end" : 2130 }, 
        {"sofa" : 1,  "begin" : 2131,  "end" : 2135 }, 
        {"sofa" : 1,  "begin" : 2136,  "end" : 2139 }, 
        {"sofa" : 1,  "begin" : 2140,  "end" : 2145 }, 
        {"sofa" : 1,  "begin" : 2146,  "end" : 2156 }, 
        {"sofa" : 1,  "begin" : 2157,  "end" : 2159 }, 
        {"sofa" : 1,  "begin" : 2160,  "end" : 2172 }, 
        {"sofa" : 1,  "begin" : 2172,  "end" : 2173 }, 
        {"sofa" : 1,  "begin" : 2174,  "end" : 2186 }, 
        {"sofa" : 1,  "begin" : 2187,  "end" : 2190 }, 
        {"sofa" : 1,  "begin" : 2191,  "end" : 2196 }, 
        {"sofa" : 1,  "begin" : 2196,  "end" : 2197 }, 
        {"sofa" : 1,  "begin" : 2198,  "end" : 2202 }, 
        {"sofa" : 1,  "begin" : 2203,  "end" : 2205 }, 
        {"sofa" : 1,  "begin" : 2206,  "end" : 2209 }, 
        {"sofa" : 1,  "begin" : 2210,  "end" : 2220 }, 
        {"sofa" : 1,  "begin" : 2221,  "end" : 2225 }, 
        {"sofa" : 1,  "begin" : 2226,  "end" : 2231 }, 
        {"sofa" : 1,  "begin" : 2232,  "end" : 2234 }, 
        {"sofa" : 1,  "begin" : 2235,  "end" : 2240 }, 
        {"sofa" : 1,  "begin" : 2240,  "end" : 2241 }, 
        {"sofa" : 1,  "begin" : 2242,  "end" : 2245 }, 
        {"sofa" : 1,  "begin" : 2246,  "end" : 2249 }, 
        {"sofa" : 1,  "begin" : 2250,  "end" : 2252 }, 
        {"sofa" : 1,  "begin" : 2253,  "end" : 2257 }, 
        {"sofa" : 1,  "begin" : 2258,  "end" : 2263 }, 
        {"sofa" : 1,  "begin" : 2263,  "end" : 2264 }, 
        {"sofa" : 1,  "begin" : 2265,  "end" : 2267 }, 
        {"sofa" : 1,  "begin" : 2267,  "end" : 2268 }, 
        {"sofa" : 1,  "begin" : 2269,  "end" : 2271 }, 
        {"sofa" : 1,  "begin" : 2271,  "end" : 2272 }, 
        {"sofa" : 1,  "begin" : 2273,  "end" : 2274 }, 
        {"sofa" : 1,  "begin" : 2274,  "end" : 2275 }, 
        {"sofa" : 1,  "begin" : 2275,  "end" : 2278 }, 
        {"sofa" : 1,  "begin" : 2279,  "end" : 2280 }, 
        {"sofa" : 1,  "begin" : 2281,  "end" : 2284 }, 
        {"sofa" : 1,  "begin" : 2285,  "end" : 2287 }, 
        {"sofa" : 1,  "begin" : 2288,  "end" : 2297 }, 
        {"sofa" : 1,  "begin" : 2298,  "end" : 2301 }, 
        {"sofa" : 1,  "begin" : 2302,  "end" : 2312 }, 
        {"sofa" : 1,  "begin" : 2313,  "end" : 2318 }, 
        {"sofa" : 1,  "begin" : 2318,  "end" : 2319 }, 
        {"sofa" : 1,  "begin" : 2320,  "end" : 2323 }, 
        {"sofa" : 1,  "begin" : 2324,  "end" : 2329 }, 
        {"sofa" : 1,  "begin" : 2329,  "end" : 2330 }, 
        {"sofa" : 1,  "begin" : 2331,  "end" : 2338 }, 
        {"sofa" : 1,  "begin" : 2339,  "end" : 2344 }, 
        {"sofa" : 1,  "begin" : 2344,  "end" : 2345 }, 
        {"sofa" : 1,  "begin" : 2346,  "end" : 2348 }, 
        {"sofa" : 1,  "begin" : 2349,  "end" : 2356 }, 
        {"sofa" : 1,  "begin" : 2357,  "end" : 2363 }, 
        {"sofa" : 1,  "begin" : 2364,  "end" : 2367 }, 
        {"sofa" : 1,  "begin" : 2368,  "end" : 2370 }, 
        {"sofa" : 1,  "begin" : 2371,  "end" : 2377 }, 
        {"sofa" : 1,  "begin" : 2378,  "end" : 2390 }, 
        {"sofa" : 1,  "begin" : 2390,  "end" : 2391 }, 
        {"sofa" : 1,  "begin" : 2392,  "end" : 2398 }, 
        {"sofa" : 1,  "begin" : 2399,  "end" : 2404 }, 
        {"sofa" : 1,  "begin" : 2405,  "end" : 2406 }, 
        {"sofa" : 1,  "begin" : 2407,  "end" : 2413 }, 
        {"sofa" : 1,  "begin" : 2413,  "end" : 2414 }, 
        {"sofa" : 1,  "begin" : 2415,  "end" : 2419 }, 
        {"sofa" : 1,  "begin" : 2420,  "end" : 2427 }, 
        {"sofa" : 1,  "begin" : 2427,  "end" : 2428 }, 
        {"sofa" : 1,  "begin" : 2429,  "end" : 2432 }, 
        {"sofa" : 1,  "begin" : 2433,  "end" : 2434 }, 
        {"sofa" : 1,  "begin" : 2434,  "end" : 2444 }, 
        {"sofa" : 1,  "begin" : 2445,  "end" : 2450 }, 
        {"sofa" : 1,  "begin" : 2451,  "end" : 2456 }, 
        {"sofa" : 1,  "begin" : 2457,  "end" : 2462 }, 
        {"sofa" : 1,  "begin" : 2463,  "end" : 2464 }, 
        {"sofa" : 1,  "begin" : 2465,  "end" : 2476 }, 
        {"sofa" : 1,  "begin" : 2477,  "end" : 2482 }, 
        {"sofa" : 1,  "begin" : 2482,  "end" : 2483 }, 
        {"sofa" : 1,  "begin" : 2484,  "end" : 2488 }, 
        {"sofa" : 1,  "begin" : 2489,  "end" : 2495 }, 
        {"sofa" : 1,  "begin" : 2496,  "end" : 2502 }, 
        {"sofa" : 1,  "begin" : 2503,  "end" : 2507 }, 
        {"sofa" : 1,  "begin" : 2508,  "end" : 2510 }, 
        {"sofa" : 1,  "begin" : 2511,  "end" : 2517 }, 
        {"sofa" : 1,  "begin" : 2518,  "end" : 2520 }, 
        {"sofa" : 1,  "begin" : 2521,  "end" : 2524 }, 
        {"sofa" : 1,  "begin" : 2525,  "end" : 2532 }, 
        {"sofa" : 1,  "begin" : 2533,  "end" : 2537 }, 
        {"sofa" : 1,  "begin" : 2538,  "end" : 2541 }, 
        {"sofa" : 1,  "begin" : 2541,  "end" : 2542 }, 
        {"sofa" : 1,  "begin" : 2543,  "end" : 2546 }, 
        {"sofa" : 1,  "begin" : 2547,  "end" : 2551 }, 
        {"sofa" : 1,  "begin" : 2552,  "end" : 2555 }, 
        {"sofa" : 1,  "begin" : 2556,  "end" : 2560 }, 
        {"sofa" : 1,  "begin" : 2561,  "end" : 2564 }, 
        {"sofa" : 1,  "begin" : 2565,  "end" : 2570 }, 
        {"sofa" : 1,  "begin" : 2570,  "end" : 2571 }, 
        {"sofa" : 1,  "begin" : 2572,  "end" : 2574 }, 
        {"sofa" : 1,  "begin" : 2575,  "end" : 2584 }, 
        {"sofa" : 1,  "begin" : 2585,  "end" : 2594 }, 
        {"sofa" : 1,  "begin" : 2595,  "end" : 2597 }, 
        {"sofa" : 1,  "begin" : 2598,  "end" : 2603 }, 
        {"sofa" : 1,  "begin" : 2604,  "end" : 2605 }, 
        {"sofa" : 1,  "begin" : 2606,  "end" : 2613 }, 
        {"sofa" : 1,  "begin" : 2614,  "end" : 2616 }, 
        {"sofa" : 1,  "begin" : 2617,  "end" : 2624 }, 
        {"sofa" : 1,  "begin" : 2624,  "end" : 2625 }, 
        {"sofa" : 1,  "begin" : 2626,  "end" : 2631 }, 
        {"sofa" : 1,  "begin" : 2631,  "end" : 2632 }, 
        {"sofa" : 1,  "begin" : 2633,  "end" : 2636 }, 
        {"sofa" : 1,  "begin" : 2637,  "end" : 2641 }, 
        {"sofa" : 1,  "begin" : 2642,  "end" : 2646 }, 
        {"sofa" : 1,  "begin" : 2647,  "end" : 2652 }, 
        {"sofa" : 1,  "begin" : 2653,  "end" : 2656 }, 
        {"sofa" : 1,  "begin" : 2657,  "end" : 2665 }, 
        {"sofa" : 1,  "begin" : 2665,  "end" : 2666 }, 
        {"sofa" : 1,  "begin" : 2668,  "end" : 2675 }, 
        {"sofa" : 1,  "begin" : 2676,  "end" : 2679 }, 
        {"sofa" : 1,  "begin" : 2680,  "end" : 2682 }, 
        {"sofa" : 1,  "begin" : 2683,  "end" : 2688 }, 
        {"sofa" : 1,  "begin" : 2689,  "end" : 2698 }, 
        {"sofa" : 1,  "begin" : 2698,  "end" : 2699 }, 
        {"sofa" : 1,  "begin" : 2700,  "end" : 2701 }, 
        {"sofa" : 1,  "begin" : 2701,  "end" : 2705 }, 
        {"sofa" : 1,  "begin" : 2706,  "end" : 2712 }, 
        {"sofa" : 1,  "begin" : 2713,  "end" : 2715 }, 
        {"sofa" : 1,  "begin" : 2716,  "end" : 2722 }, 
        {"sofa" : 1,  "begin" : 2723,  "end" : 2725 }, 
        {"sofa" : 1,  "begin" : 2726,  "end" : 2729 }, 
        {"sofa" : 1,  "begin" : 2730,  "end" : 2735 }, 
        {"sofa" : 1,  "begin" : 2736,  "end" : 2738 }, 
        {"sofa" : 1,  "begin" : 2739,  "end" : 2746 }, 
        {"sofa" : 1,  "begin" : 2747,  "end" : 2750 }, 
        {"sofa" : 1,  "begin" : 2751,  "end" : 2758 }, 
        {"sofa" : 1,  "begin" : 2759,  "end" : 2760 }, 
        {"sofa" : 1,  "begin" : 2761,  "end" : 2763 }, 
        {"sofa" : 1,  "begin" : 2764,  "end" : 2766 }, 
        {"sofa" : 1,  "begin" : 2767,  "end" : 2777 }, 
        {"sofa" : 1,  "begin" : 2778,  "end" : 2781 }, 
        {"sofa" : 1,  "begin" : 2782,  "end" : 2785 }, 
        {"sofa" : 1,  "begin" : 2786,  "end" : 2791 }, 
        {"sofa" : 1,  "begin" : 2792,  "end" : 2798 }, 
        {"sofa" : 1,  "begin" : 2799,  "end" : 2805 }, 
        {"sofa" : 1,  "begin" : 2805,  "end" : 2806 }, 
        {"sofa" : 1,  "begin" : 2807,  "end" : 2811 }, 
        {"sofa" : 1,  "begin" : 2812,  "end" : 2816 }, 
        {"sofa" : 1,  "begin" : 2817,  "end" : 2822 }, 
        {"sofa" : 1,  "begin" : 2823,  "end" : 2825 }, 
        {"sofa" : 1,  "begin" : 2826,  "end" : 2827 }, 
        {"sofa" : 1,  "begin" : 2828,  "end" : 2836 }, 
        {"sofa" : 1,  "begin" : 2837,  "end" : 2843 }, 
        {"sofa" : 1,  "begin" : 2844,  "end" : 2848 }, 
        {"sofa" : 1,  "begin" : 2849,  "end" : 2851 }, 
        {"sofa" : 1,  "begin" : 2852,  "end" : 2855 }, 
        {"sofa" : 1,  "begin" : 2856,  "end" : 2861 }, 
        {"sofa" : 1,  "begin" : 2862,  "end" : 2869 }, 
        {"sofa" : 1,  "begin" : 2869,  "end" : 2870 }, 
        {"sofa" : 1,  "begin" : 2871,  "end" : 2874 }, 
        {"sofa" : 1,  "begin" : 2875,  "end" : 2882 }, 
        {"sofa" : 1,  "begin" : 2883,  "end" : 2885 }, 
        {"sofa" : 1,  "begin" : 2886,  "end" : 2894 }, 
        {"sofa" : 1,  "begin" : 2894,  "end" : 2895 }, 
        {"sofa" : 1,  "begin" : 2895,  "end" : 2896 }, 
        {"sofa" : 1,  "begin" : 2897,  "end" : 2900 }, 
        {"sofa" : 1,  "begin" : 2901,  "end" : 2904 }, 
        {"sofa" : 1,  "begin" : 2905,  "end" : 2907 }, 
        {"sofa" : 1,  "begin" : 2908,  "end" : 2916 }, 
        {"sofa" : 1,  "begin" : 2917,  "end" : 2921 }, 
        {"sofa" : 1,  "begin" : 2922,  "end" : 2925 }, 
        {"sofa" : 1,  "begin" : 2926,  "end" : 2931 }, 
        {"sofa" : 1,  "begin" : 2932,  "end" : 2938 }, 
        {"sofa" : 1,  "begin" : 2939,  "end" : 2941 }, 
        {"sofa" : 1,  "begin" : 2942,  "end" : 2945 }, 
        {"sofa" : 1,  "begin" : 2946,  "end" : 2950 }, 
        {"sofa" : 1,  "begin" : 2951,  "end" : 2957 }, 
        {"sofa" : 1,  "begin" : 2958,  "end" : 2960 }, 
        {"sofa" : 1,  "begin" : 2961,  "end" : 2966 }, 
        {"sofa" : 1,  "begin" : 2966,  "end" : 2967 }, 
        {"sofa" : 1,  "begin" : 2968,  "end" : 2970 }, 
        {"sofa" : 1,  "begin" : 2971,  "end" : 2973 }, 
        {"sofa" : 1,  "begin" : 2974,  "end" : 2980 }, 
        {"sofa" : 1,  "begin" : 2980,  "end" : 2981 }, 
        {"sofa" : 1,  "begin" : 2982,  "end" : 2989 }, 
        {"sofa" : 1,  "begin" : 2990,  "end" : 2994 }, 
        {"sofa" : 1,  "begin" : 2995,  "end" : 3000 }, 
        {"sofa" : 1,  "begin" : 3000,  "end" : 3001 }, 
        {"sofa" : 1,  "begin" : 3002,  "end" : 3005 }, 
        {"sofa" : 1,  "begin" : 3006,  "end" : 3008 }, 
        {"sofa" : 1,  "begin" : 3009,  "end" : 3018 }, 
        {"sofa" : 1,  "begin" : 3019,  "end" : 3027 }, 
        {"sofa" : 1,  "begin" : 3028,  "end" : 3033 }, 
        {"sofa" : 1,  "begin" : 3034,  "end" : 3038 }, 
        {"sofa" : 1,  "begin" : 3039,  "end" : 3043 }, 
        {"sofa" : 1,  "begin" : 3044,  "end" : 3046 }, 
        {"sofa" : 1,  "begin" : 3047,  "end" : 3056 }, 
        {"sofa" : 1,  "begin" : 3057,  "end" : 3060 }, 
        {"sofa" : 1,  "begin" : 3060,  "end" : 3061 }, 
        {"sofa" : 1,  "begin" : 3062,  "end" : 3064 }, 
        {"sofa" : 1,  "begin" : 3065,  "end" : 3068 }, 
        {"sofa" : 1,  "begin" : 3069,  "end" : 3073 }, 
        {"sofa" : 1,  "begin" : 3074,  "end" : 3078 }, 
        {"sofa" : 1,  "begin" : 3078,  "end" : 3079 }, 
        {"sofa" : 1,  "begin" : 3080,  "end" : 3084 }, 
        {"sofa" : 1,  "begin" : 3085,  "end" : 3089 }, 
        {"sofa" : 1,  "begin" : 3090,  "end" : 3092 }, 
        {"sofa" : 1,  "begin" : 3093,  "end" : 3096 }, 
        {"sofa" : 1,  "begin" : 3097,  "end" : 3103 }, 
        {"sofa" : 1,  "begin" : 3103,  "end" : 3104 }, 
        {"sofa" : 1,  "begin" : 3105,  "end" : 3107 }, 
        {"sofa" : 1,  "begin" : 3108,  "end" : 3115 }, 
        {"sofa" : 1,  "begin" : 3116,  "end" : 3122 }, 
        {"sofa" : 1,  "begin" : 3122,  "end" : 3123 }, 
        {"sofa" : 1,  "begin" : 3124,  "end" : 3130 }, 
        {"sofa" : 1,  "begin" : 3131,  "end" : 3139 }, 
        {"sofa" : 1,  "begin" : 3140,  "end" : 3144 }, 
        {"sofa" : 1,  "begin" : 3145,  "end" : 3151 }, 
        {"sofa" : 1,  "begin" : 3151,  "end" : 3152 }, 
        {"sofa" : 1,  "begin" : 3153,  "end" : 3156 }, 
        {"sofa" : 1,  "begin" : 3157,  "end" : 3162 }, 
        {"sofa" : 1,  "begin" : 3163,  "end" : 3167 }, 
        {"sofa" : 1,  "begin" : 3168,  "end" : 3169 }, 
        {"sofa" : 1,  "begin" : 3170,  "end" : 3174 }, 
        {"sofa" : 1,  "begin" : 3175,  "end" : 3180 }, 
        {"sofa" : 1,  "begin" : 3181,  "end" : 3186 }, 
        {"sofa" : 1,  "begin" : 3186,  "end" : 3187 }, 
        {"sofa" : 1,  "begin" : 3188,  "end" : 3195 }, 
        {"sofa" : 1,  "begin" : 3196,  "end" : 3197 }, 
        {"sofa" : 1,  "begin" : 3198,  "end" : 3203 }, 
        {"sofa" : 1,  "begin" : 3204,  "end" : 3212 }, 
        {"sofa" : 1,  "begin" : 3213,  "end" : 3215 }, 
        {"sofa" : 1,  "begin" : 3216,  "end" : 3224 }, 
        {"sofa" : 1,  "begin" : 3224,  "end" : 3225 }, 
        {"sofa" : 1,  "begin" : 3227,  "end" : 3234 }, 
        {"sofa" : 1,  "begin" : 3235,  "end" : 3238 }, 
        {"sofa" : 1,  "begin" : 3239,  "end" : 3241 }, 
        {"sofa" : 1,  "begin" : 3242,  "end" : 3251 }, 
        {"sofa" : 1,  "begin" : 3252,  "end" : 3259 }, 
        {"sofa" : 1,  "begin" : 3260,  "end" : 3261 }, 
        {"sofa" : 1,  "begin" : 3261,  "end" : 3262 }, 
        {"sofa" : 1,  "begin" : 3262,  "end" : 3271 }, 
        {"sofa" : 1,  "begin" : 3271,  "end" : 3272 }, 
        {"sofa" : 1,  "begin" : 3272,  "end" : 3273 }, 
        {"sofa" : 1,  "begin" : 3273,  "end" : 3274 }, 
        {"sofa" : 1,  "begin" : 3275,  "end" : 3278 }, 
        {"sofa" : 1,  "begin" : 3279,  "end" : 3284 }, 
        {"sofa" : 1,  "begin" : 3285,  "end" : 3292 }, 
        {"sofa" : 1,  "begin" : 3293,  "end" : 3297 }, 
        {"sofa" : 1,  "begin" : 3298,  "end" : 3300 }, 
        {"sofa" : 1,  "begin" : 3301,  "end" : 3310 }, 
        {"sofa" : 1,  "begin" : 3311,  "end" : 3313 }, 
        {"sofa" : 1,  "begin" : 3314,  "end" : 3319 }, 
        {"sofa" : 1,  "begin" : 3320,  "end" : 3323 }, 
        {"sofa" : 1,  "begin" : 3324,  "end" : 3326 }, 
        {"sofa" : 1,  "begin" : 3327,  "end" : 3329 }, 
        {"sofa" : 1,  "begin" : 3330,  "end" : 3332 }, 
        {"sofa" : 1,  "begin" : 3333,  "end" : 3337 }, 
        {"sofa" : 1,  "begin" : 3337,  "end" : 3338 }, 
        {"sofa" : 1,  "begin" : 3339,  "end" : 3345 }, 
        {"sofa" : 1,  "begin" : 3346,  "end" : 3351 }, 
        {"sofa" : 1,  "begin" : 3352,  "end" : 3354 }, 
        {"sofa" : 1,  "begin" : 3355,  "end" : 3360 }, 
        {"sofa" : 1,  "begin" : 3361,  "end" : 3366 }, 
        {"sofa" : 1,  "begin" : 3367,  "end" : 3372 }, 
        {"sofa" : 1,  "begin" : 3373,  "end" : 3376 }, 
        {"sofa" : 1,  "begin" : 3377,  "end" : 3385 }, 
        {"sofa" : 1,  "begin" : 3386,  "end" : 3389 }, 
        {"sofa" : 1,  "begin" : 3390,  "end" : 3395 }, 
        {"sofa" : 1,  "begin" : 3396,  "end" : 3398 }, 
        {"sofa" : 1,  "begin" : 3399,  "end" : 3406 }, 
        {"sofa" : 1,  "begin" : 3407,  "end" : 3415 }, 
        {"sofa" : 1,  "begin" : 3415,  "end" : 3416 }, 
        {"sofa" : 1,  "begin" : 3417,  "end" : 3420 }, 
        {"sofa" : 1,  "begin" : 3421,  "end" : 3426 }, 
        {"sofa" : 1,  "begin" : 3427,  "end" : 3429 }, 
        {"sofa" : 1,  "begin" : 3430,  "end" : 3434 }, 
        {"sofa" : 1,  "begin" : 3435,  "end" : 3444 }, 
        {"sofa" : 1,  "begin" : 3444,  "end" : 3445 }, 
        {"sofa" : 1,  "begin" : 3446,  "end" : 3449 }, 
        {"sofa" : 1,  "begin" : 3450,  "end" : 3460 }, 
        {"sofa" : 1,  "begin" : 3460,  "end" : 3461 }, 
        {"sofa" : 1,  "begin" : 3462,  "end" : 3467 }, 
        {"sofa" : 1,  "begin" : 3468,  "end" : 3471 }, 
        {"sofa" : 1,  "begin" : 3472,  "end" : 3473 }, 
        {"sofa" : 1,  "begin" : 3474,  "end" : 3480 }, 
        {"sofa" : 1,  "begin" : 3481,  "end" : 3486 }, 
        {"sofa" : 1,  "begin" : 3486,  "end" : 3487 }, 
        {"sofa" : 1,  "begin" : 3488,  "end" : 3490 }, 
        {"sofa" : 1,  "begin" : 3491,  "end" : 3500 }, 
        {"sofa" : 1,  "begin" : 3501,  "end" : 3505 }, 
        {"sofa" : 1,  "begin" : 3506,  "end" : 3512 }, 
        {"sofa" : 1,  "begin" : 3513,  "end" : 3517 }, 
        {"sofa" : 1,  "begin" : 3518,  "end" : 3521 }, 
        {"sofa" : 1,  "begin" : 3522,  "end" : 3534 }, 
        {"sofa" : 1,  "begin" : 3534,  "end" : 3535 }, 
        {"sofa" : 1,  "begin" : 3536,  "end" : 3540 }, 
        {"sofa" : 1,  "begin" : 3541,  "end" : 3547 }, 
        {"sofa" : 1,  "begin" : 3548,  "end" : 3558 }, 
        {"sofa" : 1,  "begin" : 3559,  "end" : 3561 }, 
        {"sofa" : 1,  "begin" : 3562,  "end" : 3568 }, 
        {"sofa" : 1,  "begin" : 3569,  "end" : 3571 }, 
        {"sofa" : 1,  "begin" : 3572,  "end" : 3576 }, 
        {"sofa" : 1,  "begin" : 3577,  "end" : 3578 }, 
        {"sofa" : 1,  "begin" : 3579,  "end" : 3584 }, 
        {"sofa" : 1,  "begin" : 3585,  "end" : 3593 }, 
        {"sofa" : 1,  "begin" : 3594,  "end" : 3596 }, 
        {"sofa" : 1,  "begin" : 3597,  "end" : 3602 }, 
        {"sofa" : 1,  "begin" : 3603,  "end" : 3606 }, 
        {"sofa" : 1,  "begin" : 3607,  "end" : 3610 }, 
        {"sofa" : 1,  "begin" : 3611,  "end" : 3616 }, 
        {"sofa" : 1,  "begin" : 3617,  "end" : 3622 }, 
        {"sofa" : 1,  "begin" : 3623,  "end" : 3626 }, 
        {"sofa" : 1,  "begin" : 3627,  "end" : 3630 }, 
        {"sofa" : 1,  "begin" : 3631,  "end" : 3641 }, 
        {"sofa" : 1,  "begin" : 3641,  "end" : 3642 }, 
        {"sofa" : 1,  "begin" : 3643,  "end" : 3646 }, 
        {"sofa" : 1,  "begin" : 3647,  "end" : 3650 }, 
        {"sofa" : 1,  "begin" : 3651,  "end" : 3660 }, 
        {"sofa" : 1,  "begin" : 3661,  "end" : 3668 }, 
        {"sofa" : 1,  "begin" : 3668,  "end" : 3669 }, 
        {"sofa" : 1,  "begin" : 3670,  "end" : 3672 }, 
        {"sofa" : 1,  "begin" : 3673,  "end" : 3675 }, 
        {"sofa" : 1,  "begin" : 3676,  "end" : 3685 }, 
        {"sofa" : 1,  "begin" : 3685,  "end" : 3686 }, 
        {"sofa" : 1,  "begin" : 3687,  "end" : 3694 }, 
        {"sofa" : 1,  "begin" : 3695,  "end" : 3699 }, 
        {"sofa" : 1,  "begin" : 3700,  "end" : 3705 }, 
        {"sofa" : 1,  "begin" : 3705,  "end" : 3706 }, 
        {"sofa" : 1,  "begin" : 3707,  "end" : 3711 }, 
        {"sofa" : 1,  "begin" : 3712,  "end" : 3720 }, 
        {"sofa" : 1,  "begin" : 3720,  "end" : 3721 }, 
        {"sofa" : 1,  "begin" : 3722,  "end" : 3725 }, 
        {"sofa" : 1,  "begin" : 3726,  "end" : 3727 }, 
        {"sofa" : 1,  "begin" : 3728,  "end" : 3736 }, 
        {"sofa" : 1,  "begin" : 3736,  "end" : 3737 }, 
        {"sofa" : 1,  "begin" : 3738,  "end" : 3746 }, 
        {"sofa" : 1,  "begin" : 3747,  "end" : 3755 }, 
        {"sofa" : 1,  "begin" : 3755,  "end" : 3756 }, 
        {"sofa" : 1,  "begin" : 3757,  "end" : 3768 }, 
        {"sofa" : 1,  "begin" : 3769,  "end" : 3774 }, 
        {"sofa" : 1,  "begin" : 3775,  "end" : 3778 }, 
        {"sofa" : 1,  "begin" : 3779,  "end" : 3781 }, 
        {"sofa" : 1,  "begin" : 3782,  "end" : 3790 }, 
        {"sofa" : 1,  "begin" : 3791,  "end" : 3796 }, 
        {"sofa" : 1,  "begin" : 3797,  "end" : 3804 }, 
        {"sofa" : 1,  "begin" : 3805,  "end" : 3812 }, 
        {"sofa" : 1,  "begin" : 3813,  "end" : 3816 }, 
        {"sofa" : 1,  "begin" : 3817,  "end" : 3824 }, 
        {"sofa" : 1,  "begin" : 3824,  "end" : 3825 }, 
        {"sofa" : 1,  "begin" : 3826,  "end" : 3828 }, 
        {"sofa" : 1,  "begin" : 3829,  "end" : 3835 }, 
        {"sofa" : 1,  "begin" : 3836,  "end" : 3841 }, 
        {"sofa" : 1,  "begin" : 3842,  "end" : 3846 }, 
        {"sofa" : 1,  "begin" : 3847,  "end" : 3850 }, 
        {"sofa" : 1,  "begin" : 3851,  "end" : 3856 }, 
        {"sofa" : 1,  "begin" : 3857,  "end" : 3859 }, 
        {"sofa" : 1,  "begin" : 3860,  "end" : 3865 }, 
        {"sofa" : 1,  "begin" : 3866,  "end" : 3870 }, 
        {"sofa" : 1,  "begin" : 3871,  "end" : 3872 }, 
        {"sofa" : 1,  "begin" : 3873,  "end" : 3880 }, 
        {"sofa" : 1,  "begin" : 3881,  "end" : 3891 }, 
        {"sofa" : 1,  "begin" : 3892,  "end" : 3896 }, 
        {"sofa" : 1,  "begin" : 3897,  "end" : 3898 }, 
        {"sofa" : 1,  "begin" : 3899,  "end" : 3906 }, 
        {"sofa" : 1,  "begin" : 3907,  "end" : 3912 }, 
        {"sofa" : 1,  "begin" : 3913,  "end" : 3918 }, 
        {"sofa" : 1,  "begin" : 3918,  "end" : 3919 }, 
        {"sofa" : 1,  "begin" : 3920,  "end" : 3922 }, 
        {"sofa" : 1,  "begin" : 3924,  "end" : 3933 }, 
        {"sofa" : 1,  "begin" : 3934,  "end" : 3943 }, 
        {"sofa" : 1,  "begin" : 3944,  "end" : 3946 }, 
        {"sofa" : 1,  "begin" : 3947,  "end" : 3952 }, 
        {"sofa" : 1,  "begin" : 3953,  "end" : 3954 }, 
        {"sofa" : 1,  "begin" : 3955,  "end" : 3962 }, 
        {"sofa" : 1,  "begin" : 3963,  "end" : 3965 }, 
        {"sofa" : 1,  "begin" : 3966,  "end" : 3973 }, 
        {"sofa" : 1,  "begin" : 3974,  "end" : 3976 }, 
        {"sofa" : 1,  "begin" : 3977,  "end" : 3982 }, 
        {"sofa" : 1,  "begin" : 3982,  "end" : 3983 }, 
        {"sofa" : 1,  "begin" : 3985,  "end" : 3992 }, 
        {"sofa" : 1,  "begin" : 3993,  "end" : 3996 }, 
        {"sofa" : 1,  "begin" : 3997,  "end" : 3999 }, 
        {"sofa" : 1,  "begin" : 4000,  "end" : 4009 }, 
        {"sofa" : 1,  "begin" : 4010,  "end" : 4017 }, 
        {"sofa" : 1,  "begin" : 4018,  "end" : 4019 }, 
        {"sofa" : 1,  "begin" : 4019,  "end" : 4020 }, 
        {"sofa" : 1,  "begin" : 4021,  "end" : 4028 }, 
        {"sofa" : 1,  "begin" : 4029,  "end" : 4031 }, 
        {"sofa" : 1,  "begin" : 4032,  "end" : 4038 }, 
        {"sofa" : 1,  "begin" : 4038,  "end" : 4039 }, 
        {"sofa" : 1,  "begin" : 4039,  "end" : 4040 }, 
        {"sofa" : 1,  "begin" : 4041,  "end" : 4045 }, 
        {"sofa" : 1,  "begin" : 4046,  "end" : 4049 }, 
        {"sofa" : 1,  "begin" : 4050,  "end" : 4052 }, 
        {"sofa" : 1,  "begin" : 4053,  "end" : 4061 }, 
        {"sofa" : 1,  "begin" : 4062,  "end" : 4066 }, 
        {"sofa" : 1,  "begin" : 4067,  "end" : 4070 }, 
        {"sofa" : 1,  "begin" : 4071,  "end" : 4076 }, 
        {"sofa" : 1,  "begin" : 4077,  "end" : 4082 }, 
        {"sofa" : 1,  "begin" : 4082,  "end" : 4083 }, 
        {"sofa" : 1,  "begin" : 4084,  "end" : 4089 }, 
        {"sofa" : 1,  "begin" : 4090,  "end" : 4093 }, 
        {"sofa" : 1,  "begin" : 4094,  "end" : 4099 }, 
        {"sofa" : 1,  "begin" : 4100,  "end" : 4103 }, 
        {"sofa" : 1,  "begin" : 4104,  "end" : 4108 }, 
        {"sofa" : 1,  "begin" : 4109,  "end" : 4113 }, 
        {"sofa" : 1,  "begin" : 4114,  "end" : 4120 }, 
        {"sofa" : 1,  "begin" : 4121,  "end" : 4125 }, 
        {"sofa" : 1,  "begin" : 4126,  "end" : 4131 }, 
        {"sofa" : 1,  "begin" : 4132,  "end" : 4135 }, 
        {"sofa" : 1,  "begin" : 4136,  "end" : 4138 }, 
        {"sofa" : 1,  "begin" : 4139,  "end" : 4145 }, 
        {"sofa" : 1,  "begin" : 4146,  "end" : 4149 }, 
        {"sofa" : 1,  "begin" : 4150,  "end" : 4151 }, 
        {"sofa" : 1,  "begin" : 4152,  "end" : 4158 }, 
        {"sofa" : 1,  "begin" : 4159,  "end" : 4164 }, 
        {"sofa" : 1,  "begin" : 4164,  "end" : 4165 }, 
        {"sofa" : 1,  "begin" : 4166,  "end" : 4168 }, 
        {"sofa" : 1,  "begin" : 4169,  "end" : 4181 }, 
        {"sofa" : 1,  "begin" : 4181,  "end" : 4182 }, 
        {"sofa" : 1,  "begin" : 4183,  "end" : 4195 }, 
        {"sofa" : 1,  "begin" : 4195,  "end" : 4196 }, 
        {"sofa" : 1,  "begin" : 4197,  "end" : 4207 }, 
        {"sofa" : 1,  "begin" : 4208,  "end" : 4211 }, 
        {"sofa" : 1,  "begin" : 4212,  "end" : 4222 }, 
        {"sofa" : 1,  "begin" : 4223,  "end" : 4227 }, 
        {"sofa" : 1,  "begin" : 4228,  "end" : 4234 }, 
        {"sofa" : 1,  "begin" : 4235,  "end" : 4239 }, 
        {"sofa" : 1,  "begin" : 4240,  "end" : 4243 }, 
        {"sofa" : 1,  "begin" : 4244,  "end" : 4255 }, 
        {"sofa" : 1,  "begin" : 4256,  "end" : 4258 }, 
        {"sofa" : 1,  "begin" : 4259,  "end" : 4264 }, 
        {"sofa" : 1,  "begin" : 4265,  "end" : 4267 }, 
        {"sofa" : 1,  "begin" : 4268,  "end" : 4274 }, 
        {"sofa" : 1,  "begin" : 4275,  "end" : 4284 }, 
        {"sofa" : 1,  "begin" : 4284,  "end" : 4285 }, 
        {"sofa" : 1,  "begin" : 4286,  "end" : 4288 }, 
        {"sofa" : 1,  "begin" : 4289,  "end" : 4291 }, 
        {"sofa" : 1,  "begin" : 4292,  "end" : 4296 }, 
        {"sofa" : 1,  "begin" : 4297,  "end" : 4303 }, 
        {"sofa" : 1,  "begin" : 4303,  "end" : 4304 }, 
        {"sofa" : 1,  "begin" : 4305,  "end" : 4312 }, 
        {"sofa" : 1,  "begin" : 4313,  "end" : 4317 }, 
        {"sofa" : 1,  "begin" : 4318,  "end" : 4323 }, 
        {"sofa" : 1,  "begin" : 4323,  "end" : 4324 }, 
        {"sofa" : 1,  "begin" : 4325,  "end" : 4331 }, 
        {"sofa" : 1,  "begin" : 4332,  "end" : 4340 }, 
        {"sofa" : 1,  "begin" : 4341,  "end" : 4349 }, 
        {"sofa" : 1,  "begin" : 4349,  "end" : 4350 }, 
        {"sofa" : 1,  "begin" : 4351,  "end" : 4355 }, 
        {"sofa" : 1,  "begin" : 4356,  "end" : 4359 }, 
        {"sofa" : 1,  "begin" : 4360,  "end" : 4367 }, 
        {"sofa" : 1,  "begin" : 4368,  "end" : 4371 }, 
        {"sofa" : 1,  "begin" : 4372,  "end" : 4374 }, 
        {"sofa" : 1,  "begin" : 4375,  "end" : 4384 }, 
        {"sofa" : 1,  "begin" : 4385,  "end" : 4392 }, 
        {"sofa" : 1,  "begin" : 4392,  "end" : 4393 }, 
        {"sofa" : 1,  "begin" : 4394,  "end" : 4397 }, 
        {"sofa" : 1,  "begin" : 4398,  "end" : 4403 }, 
        {"sofa" : 1,  "begin" : 4404,  "end" : 4406 }, 
        {"sofa" : 1,  "begin" : 4407,  "end" : 4409 }, 
        {"sofa" : 1,  "begin" : 4410,  "end" : 4415 }, 
        {"sofa" : 1,  "begin" : 4416,  "end" : 4423 }, 
        {"sofa" : 1,  "begin" : 4424,  "end" : 4427 }, 
        {"sofa" : 1,  "begin" : 4428,  "end" : 4436 }, 
        {"sofa" : 1,  "begin" : 4436,  "end" : 4437 }, 
        {"sofa" : 1,  "begin" : 4438,  "end" : 4448 }, 
        {"sofa" : 1,  "begin" : 4449,  "end" : 4457 }, 
        {"sofa" : 1,  "begin" : 4457,  "end" : 4458 }, 
        {"sofa" : 1,  "begin" : 4459,  "end" : 4461 }, 
        {"sofa" : 1,  "begin" : 4462,  "end" : 4467 }, 
        {"sofa" : 1,  "begin" : 4468,  "end" : 4472 }, 
        {"sofa" : 1,  "begin" : 4473,  "end" : 4474 }, 
        {"sofa" : 1,  "begin" : 4475,  "end" : 4479 }, 
        {"sofa" : 1,  "begin" : 4479,  "end" : 4480 }, 
        {"sofa" : 1,  "begin" : 4481,  "end" : 4489 }, 
        {"sofa" : 1,  "begin" : 4490,  "end" : 4500 }, 
        {"sofa" : 1,  "begin" : 4501,  "end" : 4506 }, 
        {"sofa" : 1,  "begin" : 4506,  "end" : 4507 }, 
        {"sofa" : 1,  "begin" : 4508,  "end" : 4514 }, 
        {"sofa" : 1,  "begin" : 4515,  "end" : 4518 }, 
        {"sofa" : 1,  "begin" : 4519,  "end" : 4525 }, 
        {"sofa" : 1,  "begin" : 4526,  "end" : 4534 }, 
        {"sofa" : 1,  "begin" : 4535,  "end" : 4542 }, 
        {"sofa" : 1,  "begin" : 4543,  "end" : 4548 }, 
        {"sofa" : 1,  "begin" : 4549,  "end" : 4555 }, 
        {"sofa" : 1,  "begin" : 4556,  "end" : 4564 }, 
        {"sofa" : 1,  "begin" : 4564,  "end" : 4565 }, 
        {"sofa" : 1,  "begin" : 4566,  "end" : 4569 }, 
        {"sofa" : 1,  "begin" : 4570,  "end" : 4576 }, 
        {"sofa" : 1,  "begin" : 4577,  "end" : 4578 }, 
        {"sofa" : 1,  "begin" : 4579,  "end" : 4584 }, 
        {"sofa" : 1,  "begin" : 4585,  "end" : 4593 }, 
        {"sofa" : 1,  "begin" : 4594,  "end" : 4596 }, 
        {"sofa" : 1,  "begin" : 4597,  "end" : 4605 }, 
        {"sofa" : 1,  "begin" : 4605,  "end" : 4606 }, 
        {"sofa" : 1,  "begin" : 4607,  "end" : 4609 }, 
        {"sofa" : 1,  "begin" : 4610,  "end" : 4619 }, 
        {"sofa" : 1,  "begin" : 4620,  "end" : 4629 }, 
        {"sofa" : 1,  "begin" : 4630,  "end" : 4632 }, 
        {"sofa" : 1,  "begin" : 4633,  "end" : 4638 }, 
        {"sofa" : 1,  "begin" : 4638,  "end" : 4639 }, 
        {"sofa" : 1,  "begin" : 4640,  "end" : 4646 }, 
        {"sofa" : 1,  "begin" : 4647,  "end" : 4649 }, 
        {"sofa" : 1,  "begin" : 4650,  "end" : 4657 }, 
        {"sofa" : 1,  "begin" : 4658,  "end" : 4661 }, 
        {"sofa" : 1,  "begin" : 4662,  "end" : 4667 }, 
        {"sofa" : 1,  "begin" : 4667,  "end" : 4668 }, 
        {"sofa" : 1,  "begin" : 4670,  "end" : 4677 }, 
        {"sofa" : 1,  "begin" : 4678,  "end" : 4681 }, 
        {"sofa" : 1,  "begin" : 4682,  "end" : 4684 }, 
        {"sofa" : 1,  "begin" : 4685,  "end" : 4691 }, 
        {"sofa" : 1,  "begin" : 4692,  "end" : 4697 }, 
        {"sofa" : 1,  "begin" : 4698,  "end" : 4699 }, 
        {"sofa" : 1,  "begin" : 4699,  "end" : 4700 }, 
        {"sofa" : 1,  "begin" : 4700,  "end" : 4703 }, 
        {"sofa" : 1,  "begin" : 4704,  "end" : 4709 }, 
        {"sofa" : 1,  "begin" : 4710,  "end" : 4716 }, 
        {"sofa" : 1,  "begin" : 4716,  "end" : 4717 }, 
        {"sofa" : 1,  "begin" : 4717,  "end" : 4718 }, 
        {"sofa" : 1,  "begin" : 4718,  "end" : 4719 }, 
        {"sofa" : 1,  "begin" : 4720,  "end" : 4728 }, 
        {"sofa" : 1,  "begin" : 4729,  "end" : 4731 }, 
        {"sofa" : 1,  "begin" : 4732,  "end" : 4737 }, 
        {"sofa" : 1,  "begin" : 4737,  "end" : 4738 }, 
        {"sofa" : 1,  "begin" : 4739,  "end" : 4742 }, 
        {"sofa" : 1,  "begin" : 4743,  "end" : 4747 }, 
        {"sofa" : 1,  "begin" : 4748,  "end" : 4751 }, 
        {"sofa" : 1,  "begin" : 4752,  "end" : 4757 }, 
        {"sofa" : 1,  "begin" : 4757,  "end" : 4758 }, 
        {"sofa" : 1,  "begin" : 4759,  "end" : 4768 }, 
        {"sofa" : 1,  "begin" : 4769,  "end" : 4774 }, 
        {"sofa" : 1,  "begin" : 4774,  "end" : 4775 }, 
        {"sofa" : 1,  "begin" : 4776,  "end" : 4781 }, 
        {"sofa" : 1,  "begin" : 4782,  "end" : 4788 }, 
        {"sofa" : 1,  "begin" : 4789,  "end" : 4801 }, 
        {"sofa" : 1,  "begin" : 4802,  "end" : 4807 }, 
        {"sofa" : 1,  "begin" : 4808,  "end" : 4813 }, 
        {"sofa" : 1,  "begin" : 4814,  "end" : 4815 }, 
        {"sofa" : 1,  "begin" : 4816,  "end" : 4822 }, 
        {"sofa" : 1,  "begin" : 4822,  "end" : 4823 }, 
        {"sofa" : 1,  "begin" : 4824,  "end" : 4828 }, 
        {"sofa" : 1,  "begin" : 4829,  "end" : 4830 }, 
        {"sofa" : 1,  "begin" : 4831,  "end" : 4836 }, 
        {"sofa" : 1,  "begin" : 4837,  "end" : 4840 }, 
        {"sofa" : 1,  "begin" : 4841,  "end" : 4853 }, 
        {"sofa" : 1,  "begin" : 4854,  "end" : 4859 }, 
        {"sofa" : 1,  "begin" : 4859,  "end" : 4860 }, 
        {"sofa" : 1,  "begin" : 4861,  "end" : 4863 }, 
        {"sofa" : 1,  "begin" : 4864,  "end" : 4873 }, 
        {"sofa" : 1,  "begin" : 4874,  "end" : 4878 }, 
        {"sofa" : 1,  "begin" : 4879,  "end" : 4886 }, 
        {"sofa" : 1,  "begin" : 4887,  "end" : 4890 }, 
        {"sofa" : 1,  "begin" : 4891,  "end" : 4893 }, 
        {"sofa" : 1,  "begin" : 4894,  "end" : 4900 }, 
        {"sofa" : 1,  "begin" : 4901,  "end" : 4908 }, 
        {"sofa" : 1,  "begin" : 4908,  "end" : 4909 }, 
        {"sofa" : 1,  "begin" : 4911,  "end" : 4918 }, 
        {"sofa" : 1,  "begin" : 4919,  "end" : 4922 }, 
        {"sofa" : 1,  "begin" : 4923,  "end" : 4925 }, 
        {"sofa" : 1,  "begin" : 4926,  "end" : 4931 }, 
        {"sofa" : 1,  "begin" : 4932,  "end" : 4940 }, 
        {"sofa" : 1,  "begin" : 4941,  "end" : 4942 }, 
        {"sofa" : 1,  "begin" : 4942,  "end" : 4945 }, 
        {"sofa" : 1,  "begin" : 4946,  "end" : 4951 }, 
        {"sofa" : 1,  "begin" : 4952,  "end" : 4956 }, 
        {"sofa" : 1,  "begin" : 4956,  "end" : 4957 }, 
        {"sofa" : 1,  "begin" : 4957,  "end" : 4958 }, 
        {"sofa" : 1,  "begin" : 4959,  "end" : 4968 }, 
        {"sofa" : 1,  "begin" : 4969,  "end" : 4973 }, 
        {"sofa" : 1,  "begin" : 4974,  "end" : 4980 }, 
        {"sofa" : 1,  "begin" : 4981,  "end" : 4984 }, 
        {"sofa" : 1,  "begin" : 4985,  "end" : 4994 }, 
        {"sofa" : 1,  "begin" : 4994,  "end" : 4995 }, 
        {"sofa" : 1,  "begin" : 4996,  "end" : 4999 }, 
        {"sofa" : 1,  "begin" : 5000,  "end" : 5010 }, 
        {"sofa" : 1,  "begin" : 5011,  "end" : 5020 }, 
        {"sofa" : 1,  "begin" : 5021,  "end" : 5022 }, 
        {"sofa" : 1,  "begin" : 5023,  "end" : 5026 }, 
        {"sofa" : 1,  "begin" : 5027,  "end" : 5033 }, 
        {"sofa" : 1,  "begin" : 5034,  "end" : 5036 }, 
        {"sofa" : 1,  "begin" : 5037,  "end" : 5040 }, 
        {"sofa" : 1,  "begin" : 5041,  "end" : 5047 }, 
        {"sofa" : 1,  "begin" : 5048,  "end" : 5060 }, 
        {"sofa" : 1,  "begin" : 5061,  "end" : 5071 }, 
        {"sofa" : 1,  "begin" : 5072,  "end" : 5076 }, 
        {"sofa" : 1,  "begin" : 5077,  "end" : 5082 }, 
        {"sofa" : 1,  "begin" : 5082,  "end" : 5083 }, 
        {"sofa" : 1,  "begin" : 5084,  "end" : 5087 }, 
        {"sofa" : 1,  "begin" : 5088,  "end" : 5093 }, 
        {"sofa" : 1,  "begin" : 5094,  "end" : 5105 }, 
        {"sofa" : 1,  "begin" : 5106,  "end" : 5108 }, 
        {"sofa" : 1,  "begin" : 5109,  "end" : 5112 }, 
        {"sofa" : 1,  "begin" : 5113,  "end" : 5118 }, 
        {"sofa" : 1,  "begin" : 5119,  "end" : 5122 }, 
        {"sofa" : 1,  "begin" : 5123,  "end" : 5126 }, 
        {"sofa" : 1,  "begin" : 5127,  "end" : 5134 }, 
        {"sofa" : 1,  "begin" : 5135,  "end" : 5137 }, 
        {"sofa" : 1,  "begin" : 5138,  "end" : 5143 }, 
        {"sofa" : 1,  "begin" : 5143,  "end" : 5144 }, 
        {"sofa" : 1,  "begin" : 5145,  "end" : 5147 }, 
        {"sofa" : 1,  "begin" : 5148,  "end" : 5150 }, 
        {"sofa" : 1,  "begin" : 5151,  "end" : 5155 }, 
        {"sofa" : 1,  "begin" : 5156,  "end" : 5162 }, 
        {"sofa" : 1,  "begin" : 5162,  "end" : 5163 }, 
        {"sofa" : 1,  "begin" : 5164,  "end" : 5171 }, 
        {"sofa" : 1,  "begin" : 5172,  "end" : 5176 }, 
        {"sofa" : 1,  "begin" : 5177,  "end" : 5182 }, 
        {"sofa" : 1,  "begin" : 5182,  "end" : 5183 }, 
        {"sofa" : 1,  "begin" : 5184,  "end" : 5187 }, 
        {"sofa" : 1,  "begin" : 5188,  "end" : 5189 }, 
        {"sofa" : 1,  "begin" : 5190,  "end" : 5198 }, 
        {"sofa" : 1,  "begin" : 5199,  "end" : 5205 }, 
        {"sofa" : 1,  "begin" : 5206,  "end" : 5211 }, 
        {"sofa" : 1,  "begin" : 5212,  "end" : 5216 }, 
        {"sofa" : 1,  "begin" : 5217,  "end" : 5229 }, 
        {"sofa" : 1,  "begin" : 5230,  "end" : 5233 }, 
        {"sofa" : 1,  "begin" : 5234,  "end" : 5244 }, 
        {"sofa" : 1,  "begin" : 5244,  "end" : 5245 }, 
        {"sofa" : 1,  "begin" : 5246,  "end" : 5249 }, 
        {"sofa" : 1,  "begin" : 5250,  "end" : 5251 }, 
        {"sofa" : 1,  "begin" : 5252,  "end" : 5259 }, 
        {"sofa" : 1,  "begin" : 5259,  "end" : 5260 }, 
        {"sofa" : 1,  "begin" : 5261,  "end" : 5269 }, 
        {"sofa" : 1,  "begin" : 5269,  "end" : 5270 }, 
        {"sofa" : 1,  "begin" : 5271,  "end" : 5279 }, 
        {"sofa" : 1,  "begin" : 5280,  "end" : 5285 }, 
        {"sofa" : 1,  "begin" : 5285,  "end" : 5286 }, 
        {"sofa" : 1,  "begin" : 5287,  "end" : 5289 }, 
        {"sofa" : 1,  "begin" : 5290,  "end" : 5297 }, 
        {"sofa" : 1,  "begin" : 5298,  "end" : 5304 }, 
        {"sofa" : 1,  "begin" : 5305,  "end" : 5313 }, 
        {"sofa" : 1,  "begin" : 5314,  "end" : 5317 }, 
        {"sofa" : 1,  "begin" : 5318,  "end" : 5329 }, 
        {"sofa" : 1,  "begin" : 5329,  "end" : 5330 }, 
        {"sofa" : 1,  "begin" : 5331,  "end" : 5333 }, 
        {"sofa" : 1,  "begin" : 5334,  "end" : 5344 }, 
        {"sofa" : 1,  "begin" : 5345,  "end" : 5347 }, 
        {"sofa" : 1,  "begin" : 5348,  "end" : 5351 }, 
        {"sofa" : 1,  "begin" : 5352,  "end" : 5355 }, 
        {"sofa" : 1,  "begin" : 5355,  "end" : 5356 }, 
        {"sofa" : 1,  "begin" : 5357,  "end" : 5366 }, 
        {"sofa" : 1,  "begin" : 5367,  "end" : 5368 }, 
        {"sofa" : 1,  "begin" : 5369,  "end" : 5375 }, 
        {"sofa" : 1,  "begin" : 5376,  "end" : 5381 }, 
        {"sofa" : 1,  "begin" : 5381,  "end" : 5382 }, 
        {"sofa" : 1,  "begin" : 5383,  "end" : 5389 }, 
        {"sofa" : 1,  "begin" : 5390,  "end" : 5394 }, 
        {"sofa" : 1,  "begin" : 5395,  "end" : 5401 }, 
        {"sofa" : 1,  "begin" : 5402,  "end" : 5408 }, 
        {"sofa" : 1,  "begin" : 5409,  "end" : 5413 }, 
        {"sofa" : 1,  "begin" : 5414,  "end" : 5416 }, 
        {"sofa" : 1,  "begin" : 5417,  "end" : 5427 }, 
        {"sofa" : 1,  "begin" : 5428,  "end" : 5431 }, 
        {"sofa" : 1,  "begin" : 5432,  "end" : 5439 }, 
        {"sofa" : 1,  "begin" : 5440,  "end" : 5441 }, 
        {"sofa" : 1,  "begin" : 5442,  "end" : 5453 }, 
        {"sofa" : 1,  "begin" : 5454,  "end" : 5460 }, 
        {"sofa" : 1,  "begin" : 5460,  "end" : 5461 }, 
        {"sofa" : 1,  "begin" : 5462,  "end" : 5466 }, 
        {"sofa" : 1,  "begin" : 5467,  "end" : 5476 }, 
        {"sofa" : 1,  "begin" : 5477,  "end" : 5481 }, 
        {"sofa" : 1,  "begin" : 5482,  "end" : 5484 }, 
        {"sofa" : 1,  "begin" : 5485,  "end" : 5490 }, 
        {"sofa" : 1,  "begin" : 5491,  "end" : 5496 }, 
        {"sofa" : 1,  "begin" : 5497,  "end" : 5498 }, 
        {"sofa" : 1,  "begin" : 5499,  "end" : 5504 }, 
        {"sofa" : 1,  "begin" : 5504,  "end" : 5505 }, 
        {"sofa" : 1,  "begin" : 5506,  "end" : 5510 }, 
        {"sofa" : 1,  "begin" : 5511,  "end" : 5512 }, 
        {"sofa" : 1,  "begin" : 5513,  "end" : 5518 }, 
        {"sofa" : 1,  "begin" : 5519,  "end" : 5522 }, 
        {"sofa" : 1,  "begin" : 5522,  "end" : 5523 }, 
        {"sofa" : 1,  "begin" : 5524,  "end" : 5527 }, 
        {"sofa" : 1,  "begin" : 5528,  "end" : 5538 }, 
        {"sofa" : 1,  "begin" : 5539,  "end" : 5540 }, 
        {"sofa" : 1,  "begin" : 5541,  "end" : 5546 }, 
        {"sofa" : 1,  "begin" : 5547,  "end" : 5554 }, 
        {"sofa" : 1,  "begin" : 5554,  "end" : 5555 }, 
        {"sofa" : 1,  "begin" : 5556,  "end" : 5563 }, 
        {"sofa" : 1,  "begin" : 5564,  "end" : 5570 }, 
        {"sofa" : 1,  "begin" : 5571,  "end" : 5574 }, 
        {"sofa" : 1,  "begin" : 5575,  "end" : 5580 }, 
        {"sofa" : 1,  "begin" : 5580,  "end" : 5581 }, 
        {"sofa" : 1,  "begin" : 5582,  "end" : 5584 }, 
        {"sofa" : 1,  "begin" : 5585,  "end" : 5587 }, 
        {"sofa" : 1,  "begin" : 5588,  "end" : 5591 }, 
        {"sofa" : 1,  "begin" : 5592,  "end" : 5602 }, 
        {"sofa" : 1,  "begin" : 5603,  "end" : 5605 }, 
        {"sofa" : 1,  "begin" : 5606,  "end" : 5615 }, 
        {"sofa" : 1,  "begin" : 5616,  "end" : 5620 }, 
        {"sofa" : 1,  "begin" : 5621,  "end" : 5629 }, 
        {"sofa" : 1,  "begin" : 5630,  "end" : 5635 }, 
        {"sofa" : 1,  "begin" : 5635,  "end" : 5636 }, 
        {"sofa" : 1,  "begin" : 5637,  "end" : 5641 }, 
        {"sofa" : 1,  "begin" : 5642,  "end" : 5649 }, 
        {"sofa" : 1,  "begin" : 5650,  "end" : 5656 }, 
        {"sofa" : 1,  "begin" : 5657,  "end" : 5659 }, 
        {"sofa" : 1,  "begin" : 5660,  "end" : 5665 }, 
        {"sofa" : 1,  "begin" : 5666,  "end" : 5667 }, 
        {"sofa" : 1,  "begin" : 5668,  "end" : 5673 }, 
        {"sofa" : 1,  "begin" : 5674,  "end" : 5681 }, 
        {"sofa" : 1,  "begin" : 5682,  "end" : 5686 }, 
        {"sofa" : 1,  "begin" : 5687,  "end" : 5693 }, 
        {"sofa" : 1,  "begin" : 5694,  "end" : 5697 }, 
        {"sofa" : 1,  "begin" : 5698,  "end" : 5701 }, 
        {"sofa" : 1,  "begin" : 5702,  "end" : 5712 }, 
        {"sofa" : 1,  "begin" : 5713,  "end" : 5722 }, 
        {"sofa" : 1,  "begin" : 5723,  "end" : 5727 }, 
        {"sofa" : 1,  "begin" : 5728,  "end" : 5737 }, 
        {"sofa" : 1,  "begin" : 5738,  "end" : 5744 }, 
        {"sofa" : 1,  "begin" : 5744,  "end" : 5745 }, 
        {"sofa" : 1,  "begin" : 5746,  "end" : 5749 }, 
        {"sofa" : 1,  "begin" : 5750,  "end" : 5754 }, 
        {"sofa" : 1,  "begin" : 5755,  "end" : 5758 }, 
        {"sofa" : 1,  "begin" : 5759,  "end" : 5767 }, 
        {"sofa" : 1,  "begin" : 5768,  "end" : 5773 }, 
        {"sofa" : 1,  "begin" : 5773,  "end" : 5774 }, 
        {"sofa" : 1,  "begin" : 5775,  "end" : 5777 }, 
        {"sofa" : 1,  "begin" : 5778,  "end" : 5787 }, 
        {"sofa" : 1,  "begin" : 5788,  "end" : 5797 }, 
        {"sofa" : 1,  "begin" : 5798,  "end" : 5800 }, 
        {"sofa" : 1,  "begin" : 5801,  "end" : 5806 }, 
        {"sofa" : 1,  "begin" : 5806,  "end" : 5807 }, 
        {"sofa" : 1,  "begin" : 5808,  "end" : 5818 }, 
        {"sofa" : 1,  "begin" : 5819,  "end" : 5821 }, 
        {"sofa" : 1,  "begin" : 5822,  "end" : 5829 }, 
        {"sofa" : 1,  "begin" : 5829,  "end" : 5830 }, 
        {"sofa" : 1,  "begin" : 5831,  "end" : 5836 }, 
        {"sofa" : 1,  "begin" : 5837,  "end" : 5840 }, 
        {"sofa" : 1,  "begin" : 5841,  "end" : 5846 }, 
        {"sofa" : 1,  "begin" : 5847,  "end" : 5851 }, 
        {"sofa" : 1,  "begin" : 5851,  "end" : 5852 }, 
        {"sofa" : 1,  "begin" : 5853,  "end" : 5857 }, 
        {"sofa" : 1,  "begin" : 5858,  "end" : 5861 }, 
        {"sofa" : 1,  "begin" : 5862,  "end" : 5864 }, 
        {"sofa" : 1,  "begin" : 5865,  "end" : 5875 }, 
        {"sofa" : 1,  "begin" : 5876,  "end" : 5879 }, 
        {"sofa" : 1,  "begin" : 5880,  "end" : 5883 }, 
        {"sofa" : 1,  "begin" : 5884,  "end" : 5886 }, 
        {"sofa" : 1,  "begin" : 5887,  "end" : 5892 }, 
        {"sofa" : 1,  "begin" : 5893,  "end" : 5895 }, 
        {"sofa" : 1,  "begin" : 5896,  "end" : 5901 }, 
        {"sofa" : 1,  "begin" : 5902,  "end" : 5904 }, 
        {"sofa" : 1,  "begin" : 5905,  "end" : 5910 }, 
        {"sofa" : 1,  "begin" : 5911,  "end" : 5912 }, 
        {"sofa" : 1,  "begin" : 5913,  "end" : 5918 }, 
        {"sofa" : 1,  "begin" : 5919,  "end" : 5927 }, 
        {"sofa" : 1,  "begin" : 5927,  "end" : 5928 }, 
        {"sofa" : 1,  "begin" : 5929,  "end" : 5934 }, 
        {"sofa" : 1,  "begin" : 5935,  "end" : 5945 }, 
        {"sofa" : 1,  "begin" : 5946,  "end" : 5953 }, 
        {"sofa" : 1,  "begin" : 5954,  "end" : 5959 }, 
        {"sofa" : 1,  "begin" : 5959,  "end" : 5960 } ] } }, 
  "_referenced_fss" : {
    "1" : {"_type" : "Sofa",  "sofaNum" : 1,  "sofaID" : "_InitialView",  "mimeType" : "text",  "sofaString" : "\nFerment oil of Erica vulgaris. The fresh herb is treated as\nabove, the distillate is cohobated and repeatedly distilled after\naddition of common salt, then sliaken up with ether and the ether\ncarefully distilled off from the dissolved oil. The oil is greenish-yellow, mobile, lighter than water, with a peculiar odour and sweet,\naromatic, huining taste. It reddens litmus paper and burns with\na clear, blue-edged dame without leaving any residue.\n\nFerment oil of Marrubium vulgare. The comminuted herb\nis soaked in water and exposed to the sun, whereby it acquires an\noffensive odour ; the liquid is then distilled, the distillate saturated\nwith common salt ; the flocks thereby separated are collected on a\nfilter and dissolved in ether and the ether slowly evaporated. The\noil is lighter than water, has a peculiar sweet, ethereaT odour, and\nan aromatic, slightly biting taste. It burns without leaving any\nresidue, “With chlorine water it emits an odour of roses. It\ndissolves in aqueous alkalies and in water.\"\n\nFerment oil of Achillea millefolium (“ Milfoil ” or common\n“ Yarrow ”). The fresh flowering plant is macerated in water and\nleft to ferment ; the whole is distilled with cohobation. The blue\noil which floats on the distillate is removed ; the residual water,\nafter addition of common salt, is agitated with ether and the ether\nwhich separates is evaporated off. It is a yellow-brown oil having\na slightly aromatic odour and an aromatic, bitter, rather sharp\ntaste. It dissolves in alcohol, ether and oils fixed and volatile.\n\nFerment oil of various species of Plantago. The plantain leaves\nare macerated, fermented, and distilled as above, and the distillate\nexhausted with ether in the same way. It is a yellow, transparent\noil with an ethereal odour and an aromatic, sweet, burning taste.\nIt is very volatile. With fuming nitric acid it turns brown, with\nrise in temperature. The solution first becomes greenish-yellow,\nwith milky turbidity, then clear, smells like artificial musk and\nhas a very bitter taste. It dissolves in alcohol, ether and oils.\n\n\nFerment oil of Quercus Robur (the “ Cork Oak ”)• Obtained\nfrom the fresh oak-leaves by fermentation, distillation and treat-\nment of the distillate with ether as above. The oil is pale green.\nSp. gr. 0-695 ; has an agreeable and enlivening odour, and sweet,\nburning taste. It reddens litmus and is easily intlamniable, giving\nfirst a bluish, then whitish, non -fuliginous flame which emits a\npenetrating odour. With fuming nitric acid it froths up and\nbecomes very hot, but does not lose its odour. It dissolves\nsparingly in water ; rapidly in alcohol, ether, and oils both fixed\nand volatile.\n\nFerment oil of Salix pontandra. (This willow is common in\nthe North of England and Ireland ; it is remarkable for its large\nglossy leaves, more like those of a Portugal Laurel than of the\nother willows. Its foliage is fragrant.) The oil is obtained from\nthe fresh leaves in the same manner as above. It is yellow,\nlighter than water, has an agreeable aromatic odour like that of\ncastoreum and, at the same time, like that of the leaves. It\nreddens litmus; smells strongly when heated, and burns with a\nvery smoky flame, leaving a small quantity of charcoal.\n\nFerment oil of Tussilago farfara (“Coltsfoot”). The fresh\nbruised herb is macerated in water for 10 or 12 days, during\nwhich it turns light green and acquires the odour of pickled\ngherkins. The whole is then distilled. The distillate, which has\na vinous odour, is saturated with common salt and re-distilled; this\nsecond distillate is shaken up with a large quantity of ether and\nthe ether taken off and evaporated, the oil remaining beliind. It\nis yellowish, lighter than water, very volatile, has a peculiar,\nstrongly aromatic, penetrating odour and an aromatic taste neither burning nor cooling. It easily takes fire and burns at\nfirst vith a whitish afterwards with a reddish smoky flame. It  dissolves sparingly in water ; rapidly in alcohol or ether.\n\nFerment oil of Trifolium fibrini (a species of clover). This\noil is obtained from the dried plant. After the plant has been well\nboiled with water and no longer has a bitter smell, by fermentation, distillation, saturating the distillate with common salt and\nabstraction by ether as before described. It is pale yellow, lighter\nthan water, smells strongly aromatic, like the ferment oil of\nTussilago farfara. Its taste is at first burning and sweetish, afterwards aromatic. It burns with a blue, slightly fuliginous flame,\ngiving off strong smelling vapours which excite coughing, and\nleaves a small quantity of charcoal. It dissolves sparingly in\nwater, easily in alcohol and ether.\n\nFerment oil of Urtica urens (“The Small Xettle”), obtained as\nabove, but from the fresh, flowering plant, which during fermentation emits first a vinous, then a sharp and intoxicating odour. It\nresembles tlie ferment oil of Echium vulgare.\n\nFerment oil of Vitis vinifera (the Grape Vine). Fermented\nvine leaves are distilled, the distillate cohobated ; the result of the\nsecond distillation abstracted with ether, and after evaporation of\nthe ether the oil remains as usual. It is pale yellow, lighter than\nwater, has a peculiar vinous odour like wine-flowers and mignonette,\nand a burning, sweetish, aromatic taste. It reddens litmus slightly\nbut permanently. It evaporates in the air, diffusing a strong\nodour. Heated with fuming nitric acid it resinifies and assumes\na grass-green colour. With sulphuric acid it forms first a white,\nthen a light red, and ultimately a brown mixture, without losing\nits odour. It is not deodorised by agitation with chlorine water.\nWith aqueous potash it forms a clear mixture from whicli the oil\nafterwards separates with red-brown colour, but with its original\nodour. It dissolves sparingly in water, abundantly in alcohol,\nether and fixed oils. With oil of turpentine and oil of lemon it\nforms at first a milky solution, which afterwards becomes clear. \n\n" }, 
    "15391" : {"_type" : "Span",  "sofa" : 1,  "begin" : 313,  "end" : 318,  "label" : "Smell_Word" }, 
    "15386" : {"_type" : "Span",  "sofa" : 1,  "begin" : 304,  "end" : 312,  "label" : "Quality" }, 
    "15567" : {"_type" : "Span",  "sofa" : 1,  "begin" : 1,  "end" : 30,  "label" : "Smell_Source" }, 
    "15430" : {"_type" : "Span",  "sofa" : 1,  "begin" : 554,  "end" : 556,  "label" : "Smell_Source" }, 
    "15420" : {"_type" : "Span",  "sofa" : 1,  "begin" : 483,  "end" : 502,  "label" : "Smell_Source" }, 
    "15449" : {"_type" : "Span",  "sofa" : 1,  "begin" : 579,  "end" : 584,  "label" : "Smell_Word" }, 
    "15425" : {"_type" : "Span",  "sofa" : 1,  "begin" : 506,  "end" : 544,  "label" : "Circumstances" }, 
    "15415" : {"_type" : "Span",  "sofa" : 1,  "begin" : 569,  "end" : 578,  "label" : "Quality" }, 
    "15476" : {"_type" : "Span",  "sofa" : 1,  "begin" : 834,  "end" : 839,  "label" : "Smell_Word" }, 
    "15461" : {"_type" : "Span",  "sofa" : 1,  "begin" : 809,  "end" : 817,  "label" : "Quality" }, 
    "15466" : {"_type" : "Span",  "sofa" : 1,  "begin" : 818,  "end" : 823,  "label" : "Quality" }, 
    "15471" : {"_type" : "Span",  "sofa" : 1,  "begin" : 825,  "end" : 833,  "label" : "Quality" }, 
    "15579" : {"_type" : "Span",  "sofa" : 1,  "begin" : 449,  "end" : 481,  "label" : "Smell_Source" }, 
    "15519" : {"_type" : "Span",  "sofa" : 1,  "begin" : 940,  "end" : 942,  "label" : "Smell_Source" }, 
    "15531" : {"_type" : "Span",  "sofa" : 1,  "begin" : 952,  "end" : 957,  "label" : "Smell_Word" }, 
    "15514" : {"_type" : "Span",  "sofa" : 1,  "begin" : 920,  "end" : 939,  "label" : "Circumstances" }, 
    "15550" : {"_type" : "Span",  "sofa" : 1,  "begin" : 958,  "end" : 966,  "label" : "Evoked_Odorant" }, 
    "15605" : {"_type" : "Span",  "sofa" : 1,  "begin" : 1379,  "end" : 1381,  "label" : "Smell_Source" }, 
    "16074" : {"_type" : "Span",  "sofa" : 1,  "begin" : 1017,  "end" : 1087,  "label" : "Smell_Source" }, 
    "15622" : {"_type" : "Span",  "sofa" : 1,  "begin" : 1431,  "end" : 1436,  "label" : "Smell_Word" }, 
    "15617" : {"_type" : "Span",  "sofa" : 1,  "begin" : 1422,  "end" : 1430,  "label" : "Quality" }, 
    "15646" : {"_type" : "Span",  "sofa" : 1,  "begin" : 1714,  "end" : 1716,  "label" : "Smell_Source" }, 
    "15641" : {"_type" : "Span",  "sofa" : 1,  "begin" : 1543,  "end" : 1585,  "label" : "Smell_Source" }, 
    "15663" : {"_type" : "Span",  "sofa" : 1,  "begin" : 1763,  "end" : 1768,  "label" : "Smell_Word" }, 
    "15658" : {"_type" : "Span",  "sofa" : 1,  "begin" : 1754,  "end" : 1762,  "label" : "Quality" }, 
    "15682" : {"_type" : "Span",  "sofa" : 1,  "begin" : 1973,  "end" : 1979,  "label" : "Smell_Word" }, 
    "15687" : {"_type" : "Span",  "sofa" : 1,  "begin" : 1980,  "end" : 2000,  "label" : "Evoked_Odorant" }, 
    "15699" : {"_type" : "Span",  "sofa" : 1,  "begin" : 1895,  "end" : 1907,  "label" : "Odour_Carrier" }, 
    "15711" : {"_type" : "Span",  "sofa" : 1,  "begin" : 1961,  "end" : 1971,  "label" : "Circumstances" }, 
    "15738" : {"_type" : "Span",  "sofa" : 1,  "begin" : 2313,  "end" : 2318,  "label" : "Smell_Word" }, 
    "15733" : {"_type" : "Span",  "sofa" : 1,  "begin" : 2302,  "end" : 2312,  "label" : "Quality" }, 
    "15728" : {"_type" : "Span",  "sofa" : 1,  "begin" : 2288,  "end" : 2297,  "label" : "Quality" }, 
    "16055" : {"_type" : "Span",  "sofa" : 1,  "begin" : 2073,  "end" : 2120,  "label" : "Smell_Source" }, 
    "15769" : {"_type" : "Span",  "sofa" : 1,  "begin" : 2477,  "end" : 2482,  "label" : "Smell_Word" }, 
    "15764" : {"_type" : "Span",  "sofa" : 1,  "begin" : 2465,  "end" : 2476,  "label" : "Quality" }, 
    "15800" : {"_type" : "Span",  "sofa" : 1,  "begin" : 2429,  "end" : 2450,  "label" : "Smell_Source" }, 
    "15841" : {"_type" : "Span",  "sofa" : 1,  "begin" : 2561,  "end" : 2564,  "label" : "Smell_Source" }, 
    "15829" : {"_type" : "Span",  "sofa" : 1,  "begin" : 2565,  "end" : 2570,  "label" : "Smell_Word" }, 
    "15812" : {"_type" : "Span",  "sofa" : 1,  "begin" : 2484,  "end" : 2507,  "label" : "Circumstances" }, 
    "15870" : {"_type" : "Span",  "sofa" : 1,  "begin" : 2886,  "end" : 2894,  "label" : "Smell_Word" }, 
    "15865" : {"_type" : "Span",  "sofa" : 1,  "begin" : 2886,  "end" : 2894,  "label" : "Quality" }, 
    "15860" : {"_type" : "Span",  "sofa" : 1,  "begin" : 2871,  "end" : 2882,  "label" : "Smell_Source" }, 
    "15894" : {"_type" : "Span",  "sofa" : 1,  "begin" : 2968,  "end" : 2970,  "label" : "Smell_Source" }, 
    "15889" : {"_type" : "Span",  "sofa" : 1,  "begin" : 2668,  "end" : 2698,  "label" : "Smell_Source" }, 
    "15916" : {"_type" : "Span",  "sofa" : 1,  "begin" : 3028,  "end" : 3033,  "label" : "Smell_Word" }, 
    "15906" : {"_type" : "Span",  "sofa" : 1,  "begin" : 3009,  "end" : 3018,  "label" : "Quality" }, 
    "15911" : {"_type" : "Span",  "sofa" : 1,  "begin" : 3019,  "end" : 3027,  "label" : "Quality" }, 
    "15942" : {"_type" : "Span",  "sofa" : 1,  "begin" : 3034,  "end" : 3056,  "label" : "Evoked_Odorant" }, 
    "15954" : {"_type" : "Span",  "sofa" : 1,  "begin" : 3080,  "end" : 3103,  "label" : "Evoked_Odorant" }, 
    "15971" : {"_type" : "Span",  "sofa" : 1,  "begin" : 3105,  "end" : 3107,  "label" : "Smell_Source" }, 
    "15966" : {"_type" : "Span",  "sofa" : 1,  "begin" : 3124,  "end" : 3130,  "label" : "Smell_Word" }, 
    "15990" : {"_type" : "Span",  "sofa" : 1,  "begin" : 3131,  "end" : 3139,  "label" : "Quality" }, 
    "16002" : {"_type" : "Span",  "sofa" : 1,  "begin" : 3140,  "end" : 3151,  "label" : "Circumstances" }, 
    "16014" : {"_type" : "Span",  "sofa" : 1,  "begin" : 3390,  "end" : 3395,  "label" : "Smell_Word" }, 
    "16019" : {"_type" : "Span",  "sofa" : 1,  "begin" : 3396,  "end" : 3415,  "label" : "Evoked_Odorant" }, 
    "16043" : {"_type" : "Span",  "sofa" : 1,  "begin" : 3227,  "end" : 3273,  "label" : "Smell_Source" }, 
    "16096" : {"_type" : "Span",  "sofa" : 1,  "begin" : 3481,  "end" : 3486,  "label" : "Smell_Word" }, 
    "16091" : {"_type" : "Span",  "sofa" : 1,  "begin" : 3474,  "end" : 3480,  "label" : "Quality" }, 
    "16086" : {"_type" : "Span",  "sofa" : 1,  "begin" : 3446,  "end" : 3460,  "label" : "Odour_Carrier" }, 
    "16115" : {"_type" : "Span",  "sofa" : 1,  "begin" : 3670,  "end" : 3672,  "label" : "Smell_Source" }, 
    "16147" : {"_type" : "Span",  "sofa" : 1,  "begin" : 3769,  "end" : 3774,  "label" : "Smell_Word" }, 
    "16127" : {"_type" : "Span",  "sofa" : 1,  "begin" : 3728,  "end" : 3736,  "label" : "Quality" }, 
    "16137" : {"_type" : "Span",  "sofa" : 1,  "begin" : 3738,  "end" : 3755,  "label" : "Quality" }, 
    "16142" : {"_type" : "Span",  "sofa" : 1,  "begin" : 3757,  "end" : 3768,  "label" : "Quality" }, 
    "16195" : {"_type" : "Span",  "sofa" : 1,  "begin" : 4159,  "end" : 4164,  "label" : "Smell_Word" }, 
    "16190" : {"_type" : "Span",  "sofa" : 1,  "begin" : 4152,  "end" : 4158,  "label" : "Quality" }, 
    "16185" : {"_type" : "Span",  "sofa" : 1,  "begin" : 4084,  "end" : 4145,  "label" : "Circumstances" }, 
    "16180" : {"_type" : "Span",  "sofa" : 1,  "begin" : 3985,  "end" : 4017,  "label" : "Smell_Source" }, 
    "16250" : {"_type" : "Span",  "sofa" : 1,  "begin" : 4286,  "end" : 4288,  "label" : "Smell_Source" }, 
    "16221" : {"_type" : "Span",  "sofa" : 1,  "begin" : 4325,  "end" : 4331,  "label" : "Smell_Word" }, 
    "16226" : {"_type" : "Span",  "sofa" : 1,  "begin" : 4332,  "end" : 4349,  "label" : "Quality" }, 
    "16238" : {"_type" : "Span",  "sofa" : 1,  "begin" : 4351,  "end" : 4392,  "label" : "Evoked_Odorant" }, 
    "16262" : {"_type" : "Span",  "sofa" : 1,  "begin" : 4459,  "end" : 4461,  "label" : "Smell_Source" }, 
    "16284" : {"_type" : "Span",  "sofa" : 1,  "begin" : 4526,  "end" : 4534,  "label" : "Smell_Word" }, 
    "16294" : {"_type" : "Span",  "sofa" : 1,  "begin" : 4526,  "end" : 4534,  "label" : "Quality" }, 
    "16279" : {"_type" : "Span",  "sofa" : 1,  "begin" : 4519,  "end" : 4525,  "label" : "Quality" }, 
    "16289" : {"_type" : "Span",  "sofa" : 1,  "begin" : 4535,  "end" : 4542,  "label" : "Odour_Carrier" }, 
    "16274" : {"_type" : "Span",  "sofa" : 1,  "begin" : 4462,  "end" : 4506,  "label" : "Circumstances" }, 
    "16369" : {"_type" : "Span",  "sofa" : 1,  "begin" : 4854,  "end" : 4859,  "label" : "Smell_Word" }, 
    "16359" : {"_type" : "Span",  "sofa" : 1,  "begin" : 4831,  "end" : 4836,  "label" : "Quality" }, 
    "16364" : {"_type" : "Span",  "sofa" : 1,  "begin" : 4841,  "end" : 4853,  "label" : "Quality" }, 
    "16354" : {"_type" : "Span",  "sofa" : 1,  "begin" : 4824,  "end" : 4828,  "label" : "Time" }, 
    "16349" : {"_type" : "Span",  "sofa" : 1,  "begin" : 4808,  "end" : 4813,  "label" : "Time" }, 
    "16334" : {"_type" : "Span",  "sofa" : 1,  "begin" : 4816,  "end" : 4822,  "label" : "Quality" }, 
    "16344" : {"_type" : "Span",  "sofa" : 1,  "begin" : 4782,  "end" : 4801,  "label" : "Circumstances" }, 
    "16416" : {"_type" : "Span",  "sofa" : 1,  "begin" : 4670,  "end" : 4718,  "label" : "Smell_Source" }, 
    "16428" : {"_type" : "Span",  "sofa" : 1,  "begin" : 4864,  "end" : 4908,  "label" : "Evoked_Odorant" }, 
    "16474" : {"_type" : "Span",  "sofa" : 1,  "begin" : 5145,  "end" : 5147,  "label" : "Smell_Source" }, 
    "16440" : {"_type" : "Span",  "sofa" : 1,  "begin" : 4911,  "end" : 4957,  "label" : "Smell_Source" }, 
    "16455" : {"_type" : "Span",  "sofa" : 1,  "begin" : 5206,  "end" : 5211,  "label" : "Smell_Word" }, 
    "16445" : {"_type" : "Span",  "sofa" : 1,  "begin" : 5190,  "end" : 5198,  "label" : "Quality" }, 
    "16450" : {"_type" : "Span",  "sofa" : 1,  "begin" : 5199,  "end" : 5205,  "label" : "Quality" }, 
    "16493" : {"_type" : "Span",  "sofa" : 1,  "begin" : 5212,  "end" : 5244,  "label" : "Evoked_Odorant" }, 
    "16522" : {"_type" : "Span",  "sofa" : 1,  "begin" : 5331,  "end" : 5333,  "label" : "Smell_Source" }, 
    "16510" : {"_type" : "Span",  "sofa" : 1,  "begin" : 5376,  "end" : 5381,  "label" : "Smell_Word" }, 
    "16505" : {"_type" : "Span",  "sofa" : 1,  "begin" : 5369,  "end" : 5375,  "label" : "Quality" }, 
    "16541" : {"_type" : "Span",  "sofa" : 1,  "begin" : 5345,  "end" : 5355,  "label" : "Odour_Carrier" }, 
    "16553" : {"_type" : "Span",  "sofa" : 1,  "begin" : 5571,  "end" : 5574,  "label" : "Smell_Source" }, 
    "16558" : {"_type" : "Span",  "sofa" : 1,  "begin" : 5575,  "end" : 5580,  "label" : "Smell_Word" }, 
    "16577" : {"_type" : "Span",  "sofa" : 1,  "begin" : 5462,  "end" : 5481,  "label" : "Circumstances" }, 
    "16589" : {"_type" : "Span",  "sofa" : 1,  "begin" : 5755,  "end" : 5758,  "label" : "Smell_Source" }, 
    "16599" : {"_type" : "Span",  "sofa" : 1,  "begin" : 5768,  "end" : 5773,  "label" : "Smell_Word" }, 
    "16594" : {"_type" : "Span",  "sofa" : 1,  "begin" : 5759,  "end" : 5767,  "label" : "Quality" }, 
    "16625" : {"_type" : "Span",  "sofa" : 1,  "begin" : 5637,  "end" : 5656,  "label" : "Circumstances" } } }