#FORMAT=WebAnno TSV 3.3
#T_SP=custom.Span|label
#T_RL=custom.Relation|label|BT_custom.Span


#Text=Cyprès.
1-1	0-6	Cyprès	_	_	_	
1-2	6-7	.	_	_	_	

#Text=Arbre de la famille des Conifères.
2-1	8-13	Arbre	_	_	_	
2-2	14-16	de	_	_	_	
2-3	17-19	la	_	_	_	
2-4	20-27	famille	_	_	_	
2-5	28-31	des	_	_	_	
2-6	32-41	Conifères	_	_	_	
2-7	41-42	.	_	_	_	

#Text=Le Cyprès s'élève , sur une tige droite, jusqu'à trente pieds de hauteur .
3-1	43-45	Le	_	_	_	
3-2	46-52	Cyprès	Smell\_Source	_	_	
3-3	53-60	s'élève	_	_	_	
3-4	61-62	,	_	_	_	
3-5	63-66	sur	_	_	_	
3-6	67-70	une	_	_	_	
3-7	71-75	tige	_	_	_	
3-8	76-82	droite	_	_	_	
3-9	82-83	,	_	_	_	
3-10	84-91	jusqu'à	_	_	_	
3-11	92-98	trente	_	_	_	
3-12	99-104	pieds	_	_	_	
3-13	105-107	de	_	_	_	
3-14	108-115	hauteur	_	_	_	
3-15	116-117	.	_	_	_	

#Text=Schï tronc en acquiert souvent jusqu'à cinq ou six de circonférence ; et , garni presque d'un bout à l'autre de rameaux nombreux et de feuilles toujours vertes , il offre, durant le cercle entier de l'année, l'intéressante livrée du printems.
4-1	118-122	Schï	_	_	_	
4-2	123-128	tronc	_	_	_	
4-3	129-131	en	_	_	_	
4-4	132-140	acquiert	_	_	_	
4-5	141-148	souvent	_	_	_	
4-6	149-156	jusqu'à	_	_	_	
4-7	157-161	cinq	_	_	_	
4-8	162-164	ou	_	_	_	
4-9	165-168	six	_	_	_	
4-10	169-171	de	_	_	_	
4-11	172-185	circonférence	_	_	_	
4-12	186-187	;	_	_	_	
4-13	188-190	et	_	_	_	
4-14	191-192	,	_	_	_	
4-15	193-198	garni	_	_	_	
4-16	199-206	presque	_	_	_	
4-17	207-211	d'un	_	_	_	
4-18	212-216	bout	_	_	_	
4-19	217-218	à	_	_	_	
4-20	219-226	l'autre	_	_	_	
4-21	227-229	de	_	_	_	
4-22	230-237	rameaux	_	_	_	
4-23	238-246	nombreux	_	_	_	
4-24	247-249	et	_	_	_	
4-25	250-252	de	_	_	_	
4-26	253-261	feuilles	_	_	_	
4-27	262-270	toujours	_	_	_	
4-28	271-277	vertes	_	_	_	
4-29	278-279	,	_	_	_	
4-30	280-282	il	_	_	_	
4-31	283-288	offre	_	_	_	
4-32	288-289	,	_	_	_	
4-33	290-296	durant	_	_	_	
4-34	297-299	le	_	_	_	
4-35	300-306	cercle	_	_	_	
4-36	307-313	entier	_	_	_	
4-37	314-316	de	_	_	_	
4-38	317-324	l'année	_	_	_	
4-39	324-325	,	_	_	_	
4-40	326-340	l'intéressante	_	_	_	
4-41	341-347	livrée	_	_	_	
4-42	348-350	du	_	_	_	
4-43	351-359	printems	_	_	_	
4-44	359-360	.	_	_	_	

#Text=C'est dans cette saison , que ses fleurs répand- dent leur poussière et que son abondance est telle qu'on cruiroit voir des nuages de fumée s'élancer du sommet de l'arbre. j
#Text=
#Text=Lt Cyprès parfume l'atmosphère qui l'environne , par les exhalaisons aromatiques qui lui sont propres.
5-1	361-366	C'est	_	_	_	
5-2	367-371	dans	_	_	_	
5-3	372-377	cette	_	_	_	
5-4	378-384	saison	_	_	_	
5-5	385-386	,	_	_	_	
5-6	387-390	que	_	_	_	
5-7	391-394	ses	_	_	_	
5-8	395-401	fleurs	Smell\_Word	*	3-2	
5-9	402-408	répand	_	_	_	
5-10	408-409	-	_	_	_	
5-11	410-414	dent	_	_	_	
5-12	415-419	leur	_	_	_	
5-13	420-429	poussière	_	_	_	
5-14	430-432	et	_	_	_	
5-15	433-436	que	_	_	_	
5-16	437-440	son	_	_	_	
5-17	441-450	abondance	_	_	_	
5-18	451-454	est	_	_	_	
5-19	455-460	telle	_	_	_	
5-20	461-466	qu'on	_	_	_	
5-21	467-475	cruiroit	_	_	_	
5-22	476-480	voir	_	_	_	
5-23	481-484	des	_	_	_	
5-24	485-491	nuages	_	_	_	
5-25	492-494	de	_	_	_	
5-26	495-500	fumée	_	_	_	
5-27	501-510	s'élancer	_	_	_	
5-28	511-513	du	_	_	_	
5-29	514-520	sommet	_	_	_	
5-30	521-523	de	_	_	_	
5-31	524-531	l'arbre	_	_	_	
5-32	531-532	.	_	_	_	
5-33	533-534	j	_	_	_	
5-34	536-538	Lt	_	_	_	
5-35	539-545	Cyprès	Smell\_Source	_	_	
5-36	546-553	parfume	_	_	_	
5-37	554-566	l'atmosphère	Location	_	_	
5-38	567-570	qui	_	_	_	
5-39	571-582	l'environne	_	_	_	
5-40	583-584	,	_	_	_	
5-41	585-588	par	_	_	_	
5-42	589-592	les	_	_	_	
5-43	593-604	exhalaisons	Smell\_Word[1]	*|*	5-35[0_1]|5-37[0_1]	
5-44	605-616	aromatiques	Smell\_Word[1]	_	_	
5-45	617-620	qui	_	_	_	
5-46	621-624	lui	_	_	_	
5-47	625-629	sont	_	_	_	
5-48	630-637	propres	_	_	_	
5-49	637-638	.	_	_	_	

#Text=Peu d'arbres produisent un plus bel effet * soit qu'on l'emploie pour ' border des terrasses, pour former des allées, pour terme- 1 ner un point de vue.
6-1	639-642	Peu	_	_	_	
6-2	643-651	d'arbres	_	_	_	
6-3	652-662	produisent	_	_	_	
6-4	663-665	un	_	_	_	
6-5	666-670	plus	_	_	_	
6-6	671-674	bel	_	_	_	
6-7	675-680	effet	_	_	_	
6-8	681-682	*	_	_	_	
6-9	683-687	soit	_	_	_	
6-10	688-693	qu'on	_	_	_	
6-11	694-703	l'emploie	_	_	_	
6-12	704-708	pour	_	_	_	
6-13	709-710	'	_	_	_	
6-14	711-717	border	_	_	_	
6-15	718-721	des	_	_	_	
6-16	722-731	terrasses	_	_	_	
6-17	731-732	,	_	_	_	
6-18	733-737	pour	_	_	_	
6-19	738-744	former	_	_	_	
6-20	745-748	des	_	_	_	
6-21	749-755	allées	_	_	_	
6-22	755-756	,	_	_	_	
6-23	757-761	pour	_	_	_	
6-24	762-767	terme	_	_	_	
6-25	767-768	-	_	_	_	
6-26	769-770	1	_	_	_	
6-27	771-774	ner	_	_	_	
6-28	775-777	un	_	_	_	
6-29	778-783	point	_	_	_	
6-30	784-786	de	_	_	_	
6-31	787-790	vue	_	_	_	
6-32	790-791	.	_	_	_	

#Text=Etabli dans le voisinage d'un Edifice orné , il en fait avantageusement ressortir l'architecture: aussi, en Italie, le regarde-t*on comme l'accessoire indispensable des Maisons de Campagne ; et tel est le vrai motif de la préférence que lui donnoient les anciens pour décorer les tombeaux , les grands mausolées , sans qu'il» Tenvisageassent comme le symbole de la tristesse , puisque sa stature est toujours gracieuse , son aspect toujours riant'.
7-1	792-798	Etabli	_	_	_	
7-2	799-803	dans	_	_	_	
7-3	804-806	le	_	_	_	
7-4	807-816	voisinage	_	_	_	
7-5	817-821	d'un	_	_	_	
7-6	822-829	Edifice	_	_	_	
7-7	830-834	orné	_	_	_	
7-8	835-836	,	_	_	_	
7-9	837-839	il	_	_	_	
7-10	840-842	en	_	_	_	
7-11	843-847	fait	_	_	_	
7-12	848-863	avantageusement	_	_	_	
7-13	864-873	ressortir	_	_	_	
7-14	874-888	l'architecture	_	_	_	
7-15	888-889	:	_	_	_	
7-16	890-895	aussi	_	_	_	
7-17	895-896	,	_	_	_	
7-18	897-899	en	_	_	_	
7-19	900-906	Italie	_	_	_	
7-20	906-907	,	_	_	_	
7-21	908-910	le	_	_	_	
7-22	911-920	regarde-t	_	_	_	
7-23	920-921	*	_	_	_	
7-24	921-923	on	_	_	_	
7-25	924-929	comme	_	_	_	
7-26	930-942	l'accessoire	_	_	_	
7-27	943-956	indispensable	_	_	_	
7-28	957-960	des	_	_	_	
7-29	961-968	Maisons	_	_	_	
7-30	969-971	de	_	_	_	
7-31	972-980	Campagne	_	_	_	
7-32	981-982	;	_	_	_	
7-33	983-985	et	_	_	_	
7-34	986-989	tel	_	_	_	
7-35	990-993	est	_	_	_	
7-36	994-996	le	_	_	_	
7-37	997-1001	vrai	_	_	_	
7-38	1002-1007	motif	_	_	_	
7-39	1008-1010	de	_	_	_	
7-40	1011-1013	la	_	_	_	
7-41	1014-1024	préférence	_	_	_	
7-42	1025-1028	que	_	_	_	
7-43	1029-1032	lui	_	_	_	
7-44	1033-1042	donnoient	_	_	_	
7-45	1043-1046	les	_	_	_	
7-46	1047-1054	anciens	_	_	_	
7-47	1055-1059	pour	_	_	_	
7-48	1060-1067	décorer	_	_	_	
7-49	1068-1071	les	_	_	_	
7-50	1072-1080	tombeaux	_	_	_	
7-51	1081-1082	,	_	_	_	
7-52	1083-1086	les	_	_	_	
7-53	1087-1093	grands	_	_	_	
7-54	1094-1103	mausolées	_	_	_	
7-55	1104-1105	,	_	_	_	
7-56	1106-1110	sans	_	_	_	
7-57	1111-1116	qu'il	_	_	_	
7-58	1116-1117	»	_	_	_	
7-59	1118-1133	Tenvisageassent	_	_	_	
7-60	1134-1139	comme	_	_	_	
7-61	1140-1142	le	_	_	_	
7-62	1143-1150	symbole	_	_	_	
7-63	1151-1153	de	_	_	_	
7-64	1154-1156	la	_	_	_	
7-65	1157-1166	tristesse	_	_	_	
7-66	1167-1168	,	_	_	_	
7-67	1169-1176	puisque	_	_	_	
7-68	1177-1179	sa	_	_	_	
7-69	1180-1187	stature	_	_	_	
7-70	1188-1191	est	_	_	_	
7-71	1192-1200	toujours	_	_	_	
7-72	1201-1210	gracieuse	_	_	_	
7-73	1211-1212	,	_	_	_	
7-74	1213-1216	son	_	_	_	
7-75	1217-1223	aspect	_	_	_	
7-76	1224-1232	toujours	_	_	_	
7-77	1233-1238	riant	_	_	_	
7-78	1238-1239	'	_	_	_	
7-79	1239-1240	.	_	_	_	

#Text=L'écorse du Cyprès est brune; son bois rougeâtre , compact , odorant et presqu'incorruptible.
8-1	1242-1250	L'écorse	_	_	_	
8-2	1251-1253	du	_	_	_	
8-3	1254-1260	Cyprès	Smell\_Source	_	_	
8-4	1261-1264	est	_	_	_	
8-5	1265-1270	brune	_	_	_	
8-6	1270-1271	;	_	_	_	
8-7	1272-1275	son	_	_	_	
8-8	1276-1280	bois	_	_	_	
8-9	1281-1290	rougeâtre	_	_	_	
8-10	1291-1292	,	_	_	_	
8-11	1293-1300	compact	_	_	_	
8-12	1301-1302	,	_	_	_	
8-13	1303-1310	odorant	Smell\_Word	*	8-3	
8-14	1311-1313	et	_	_	_	
8-15	1314-1334	presqu'incorruptible	_	_	_	
8-16	1334-1335	.	_	_	_	

#Text=Il réussit singulièrement dans nos Départemens méridionaux , et l'on doit être surpris qu'on n'en couvre pas les gerçures des rochers, les. champs incultes.
9-1	1337-1339	Il	_	_	_	
9-2	1340-1347	réussit	_	_	_	
9-3	1348-1362	singulièrement	_	_	_	
9-4	1363-1367	dans	_	_	_	
9-5	1368-1371	nos	_	_	_	
9-6	1372-1383	Départemens	_	_	_	
9-7	1384-1395	méridionaux	_	_	_	
9-8	1396-1397	,	_	_	_	
9-9	1398-1400	et	_	_	_	
9-10	1401-1405	l'on	_	_	_	
9-11	1406-1410	doit	_	_	_	
9-12	1411-1415	être	_	_	_	
9-13	1416-1423	surpris	_	_	_	
9-14	1424-1429	qu'on	_	_	_	
9-15	1430-1434	n'en	_	_	_	
9-16	1435-1441	couvre	_	_	_	
9-17	1442-1445	pas	_	_	_	
9-18	1446-1449	les	_	_	_	
9-19	1450-1458	gerçures	_	_	_	
9-20	1459-1462	des	_	_	_	
9-21	1463-1470	rochers	_	_	_	
9-22	1470-1471	,	_	_	_	
9-23	1472-1475	les	_	_	_	
9-24	1475-1476	.	_	_	_	
9-25	1477-1483	champs	_	_	_	
9-26	1484-1492	incultes	_	_	_	
9-27	1492-1493	.	_	_	_	

#Text=Celui qui le multiplieroit dans ces cantons , en deviendroit le bienfaiteur.
10-1	1494-1499	Celui	_	_	_	
10-2	1500-1503	qui	_	_	_	
10-3	1504-1506	le	_	_	_	
10-4	1507-1520	multiplieroit	_	_	_	
10-5	1521-1525	dans	_	_	_	
10-6	1526-1529	ces	_	_	_	
10-7	1530-1537	cantons	_	_	_	
10-8	1538-1539	,	_	_	_	
10-9	1540-1542	en	_	_	_	
10-10	1543-1554	deviendroit	_	_	_	
10-11	1555-1557	le	_	_	_	
10-12	1558-1569	bienfaiteur	_	_	_	
10-13	1569-1570	.	_	_	_	

#Text=On élève le Cyprès de ses graines , qu'on sème au printems dans un mélange de terre de bruyère et de terreau fin.
11-1	1572-1574	On	_	_	_	
11-2	1575-1580	élève	_	_	_	
11-3	1581-1583	le	_	_	_	
11-4	1584-1590	Cyprès	_	_	_	
11-5	1591-1593	de	_	_	_	
11-6	1594-1597	ses	_	_	_	
11-7	1598-1605	graines	_	_	_	
11-8	1606-1607	,	_	_	_	
11-9	1608-1613	qu'on	_	_	_	
11-10	1614-1618	sème	_	_	_	
11-11	1619-1621	au	_	_	_	
11-12	1622-1630	printems	_	_	_	
11-13	1631-1635	dans	_	_	_	
11-14	1636-1638	un	_	_	_	
11-15	1639-1646	mélange	_	_	_	
11-16	1647-1649	de	_	_	_	
11-17	1650-1655	terre	_	_	_	
11-18	1656-1658	de	_	_	_	
11-19	1659-1666	bruyère	_	_	_	
11-20	1667-1669	et	_	_	_	
11-21	1670-1672	de	_	_	_	
11-22	1673-1680	terreau	_	_	_	
11-23	1681-1684	fin	_	_	_	
11-24	1684-1685	.	_	_	_	

#Text=Au bout de quatre ou cinq ans d'éducation , il est assez fort pour qu'on le plante à demeure en plein terrain.
12-1	1687-1689	Au	_	_	_	
12-2	1690-1694	bout	_	_	_	
12-3	1695-1697	de	_	_	_	
12-4	1698-1704	quatre	_	_	_	
12-5	1705-1707	ou	_	_	_	
12-6	1708-1712	cinq	_	_	_	
12-7	1713-1716	ans	_	_	_	
12-8	1717-1728	d'éducation	_	_	_	
12-9	1729-1730	,	_	_	_	
12-10	1731-1733	il	_	_	_	
12-11	1734-1737	est	_	_	_	
12-12	1738-1743	assez	_	_	_	
12-13	1744-1748	fort	_	_	_	
12-14	1749-1753	pour	_	_	_	
12-15	1754-1759	qu'on	_	_	_	
12-16	1760-1762	le	_	_	_	
12-17	1763-1769	plante	_	_	_	
12-18	1770-1771	à	_	_	_	
12-19	1772-1779	demeure	_	_	_	
12-20	1780-1782	en	_	_	_	
12-21	1783-1788	plein	_	_	_	
12-22	1789-1796	terrain	_	_	_	
12-23	1796-1797	.	_	_	_	
