#FORMAT=WebAnno TSV 3.3


#Text=particulae tum nascuntur.
1-1	3-13	particulae	
1-2	14-17	tum	
1-3	18-27	nascuntur	
1-4	27-28	.	

#Text=Porro & Cerae
#Text=natura accuratius investiganda foret, ut innotescat, an forte ex
#Text=corpore Apiculae pingue aliquod, flammam concipere aptum, ei admisceatur: quod
#Text=quidem e corporis partiumque adjacentium structura constare posset.
2-1	30-35	Porro	
2-2	36-37	&	
2-3	38-43	Cerae	
2-4	44-50	natura	
2-5	51-61	accuratius	
2-6	62-74	investiganda	
2-7	75-80	foret	
2-8	80-81	,	
2-9	82-84	ut	
2-10	85-95	innotescat	
2-11	95-96	,	
2-12	97-99	an	
2-13	100-105	forte	
2-14	106-108	ex	
2-15	109-116	corpore	
2-16	117-125	Apiculae	
2-17	126-132	pingue	
2-18	133-140	aliquod	
2-19	140-141	,	
2-20	142-149	flammam	
2-21	150-159	concipere	
2-22	160-165	aptum	
2-23	165-166	,	
2-24	167-169	ei	
2-25	170-181	admisceatur	
2-26	181-182	:	
2-27	183-187	quod	
2-28	188-194	quidem	
2-29	195-196	e	
2-30	197-205	corporis	
2-31	206-216	partiumque	
2-32	217-228	adjacentium	
2-33	229-238	structura	
2-34	239-247	constare	
2-35	248-254	posset	
2-36	254-255	.	

#Text=Mirabilia enim
#Text=sunt, quae in corporibus secernuntur; heic pingue, illic oleum;
#Text=istic fel, ibi humores
#Text=
#Text=dulces
#Text=; alibi aquosa, alibi
#Text=lentescens & glutinosa
#Text=materies;
#Text=virosa alibi, alibi
#Text=
#Text=suaveolentia, aromatica & oleosa
#Text=salia volatilia, cujusmodi est Zibethum, quo oblita
#Text=
#Text=
#Text=charta etiam scriptionem fert:
#Text=atque hocce indicio quam certissime dignoscimus, an
#Text=
#Text=Zibethum
#Text=genuinum sit.
3-1	256-265	Mirabilia	
3-2	266-270	enim	
3-3	271-275	sunt	
3-4	275-276	,	
3-5	277-281	quae	
3-6	282-284	in	
3-7	285-295	corporibus	
3-8	296-307	secernuntur	
3-9	307-308	;	
3-10	309-313	heic	
3-11	314-320	pingue	
3-12	320-321	,	
3-13	322-327	illic	
3-14	328-333	oleum	
3-15	333-334	;	
3-16	335-340	istic	
3-17	341-344	fel	
3-18	344-345	,	
3-19	346-349	ibi	
3-20	350-357	humores	
3-21	359-365	dulces	
3-22	366-367	;	
3-23	368-373	alibi	
3-24	374-380	aquosa	
3-25	380-381	,	
3-26	382-387	alibi	
3-27	388-398	lentescens	
3-28	399-400	&	
3-29	401-410	glutinosa	
3-30	411-419	materies	
3-31	419-420	;	
3-32	421-427	virosa	
3-33	428-433	alibi	
3-34	433-434	,	
3-35	435-440	alibi	
3-36	442-454	suaveolentia	
3-37	454-455	,	
3-38	456-465	aromatica	
3-39	466-467	&	
3-40	468-474	oleosa	
3-41	475-480	salia	
3-42	481-490	volatilia	
3-43	490-491	,	
3-44	492-501	cujusmodi	
3-45	502-505	est	
3-46	506-514	Zibethum	
3-47	514-515	,	
3-48	516-519	quo	
3-49	520-526	oblita	
3-50	529-535	charta	
3-51	536-541	etiam	
3-52	542-553	scriptionem	
3-53	554-558	fert	
3-54	558-559	:	
3-55	560-565	atque	
3-56	566-571	hocce	
3-57	572-579	indicio	
3-58	580-584	quam	
3-59	585-595	certissime	
3-60	596-607	dignoscimus	
3-61	607-608	,	
3-62	609-611	an	
3-63	613-621	Zibethum	
3-64	622-630	genuinum	
3-65	631-634	sit	
3-66	634-635	.	

#Text=Verum
#Text=immensi temporis maximique laboris isthaec sorent
#Text=
#Text=scrutinia : namque & liber
4-1	636-641	Verum	
4-2	642-649	immensi	
4-3	650-658	temporis	
4-4	659-668	maximique	
4-5	669-676	laboris	
4-6	677-684	isthaec	
4-7	685-691	sorent	
4-8	693-702	scrutinia	
4-9	703-704	:	
4-10	705-711	namque	
4-11	712-713	&	
4-12	714-719	liber	
