#FORMAT=WebAnno TSV 3.3


#Text=aen d'anderen, die wy alre genoemt hebben,
#Text=niet onghelijck te zijn
#Text=: want men siet 
#Text=
#Text=de voetstappen van hun tred oock in de harde steenen staen.
1-1	3-6	aen	
1-2	7-16	d'anderen	
1-3	16-17	,	
1-4	18-21	die	
1-5	22-24	wy	
1-6	25-29	alre	
1-7	30-37	genoemt	
1-8	38-44	hebben	
1-9	44-45	,	
1-10	46-50	niet	
1-11	51-61	onghelijck	
1-12	62-64	te	
1-13	65-69	zijn	
1-14	70-71	:	
1-15	72-76	want	
1-16	77-80	men	
1-17	81-85	siet	
1-18	88-90	de	
1-19	91-102	voetstappen	
1-20	103-106	van	
1-21	107-110	hun	
1-22	111-115	tred	
1-23	116-120	oock	
1-24	121-123	in	
1-25	124-126	de	
1-26	127-132	harde	
1-27	133-140	steenen	
1-28	141-146	staen	
1-29	146-147	.	

#Text=Cap.
2-1	151-154	Cap	
2-2	154-155	.	

#Text=VI.
3-1	156-158	VI	
3-2	158-159	.	

#Text=Van de Parrelen, en van hun voort-teelingh.
4-1	160-163	Van	
4-2	164-166	de	
4-3	167-175	Parrelen	
4-4	175-176	,	
4-5	177-179	en	
4-6	180-183	van	
4-7	184-187	hun	
4-8	188-202	voort-teelingh	
4-9	202-203	.	

#Text=MAer op dat de teedere stoffe der Parrelen, nae de beschryvingh der visschen
#Text=achter-ghelaten, niet onaengheroert voorby ghegaen sou worden, soo moet men voor 
#Text=eerst belijden, dat 'er in de Noordsche Landen eenighe vloeden zijn, die ghesteenten 
#Text=voortbrenghen.
5-1	206-210	MAer	
5-2	211-213	op	
5-3	214-217	dat	
5-4	218-220	de	
5-5	221-228	teedere	
5-6	229-235	stoffe	
5-7	236-239	der	
5-8	240-248	Parrelen	
5-9	248-249	,	
5-10	250-253	nae	
5-11	254-256	de	
5-12	257-269	beschryvingh	
5-13	270-273	der	
5-14	274-282	visschen	
5-15	283-298	achter-ghelaten	
5-16	298-299	,	
5-17	300-304	niet	
5-18	305-318	onaengheroert	
5-19	319-325	voorby	
5-20	326-333	ghegaen	
5-21	334-337	sou	
5-22	338-344	worden	
5-23	344-345	,	
5-24	346-349	soo	
5-25	350-354	moet	
5-26	355-358	men	
5-27	359-363	voor	
5-28	365-370	eerst	
5-29	371-379	belijden	
5-30	379-380	,	
5-31	381-384	dat	
5-32	385-386	'	
5-33	386-388	er	
5-34	389-391	in	
5-35	392-394	de	
5-36	395-404	Noordsche	
5-37	405-411	Landen	
5-38	412-419	eenighe	
5-39	420-427	vloeden	
5-40	428-432	zijn	
5-41	432-433	,	
5-42	434-437	die	
5-43	438-449	ghesteenten	
5-44	451-464	voortbrenghen	
5-45	464-465	.	

#Text=Want sy brenghen Schelpvisschen voort, uyt welckers harde schelpen
#Text=
#Text=witte Parrelen ghetrocken worden, schoon sy, uyt oorsaeck van de koude lucht,
#Text=bleeck 
#Text=zijn.
6-1	466-470	Want	
6-2	471-473	sy	
6-3	474-482	brenghen	
6-4	483-497	Schelpvisschen	
6-5	498-503	voort	
6-6	503-504	,	
6-7	505-508	uyt	
6-8	509-517	welckers	
6-9	518-523	harde	
6-10	524-532	schelpen	
6-11	534-539	witte	
6-12	540-548	Parrelen	
6-13	549-559	ghetrocken	
6-14	560-566	worden	
6-15	566-567	,	
6-16	568-574	schoon	
6-17	575-577	sy	
6-18	577-578	,	
6-19	579-582	uyt	
6-20	583-591	oorsaeck	
6-21	592-595	van	
6-22	596-598	de	
6-23	599-604	koude	
6-24	605-610	lucht	
6-25	610-611	,	
6-26	612-618	bleeck	
6-27	620-624	zijn	
6-28	624-625	.	

#Text=Want dese lucht, met dau vermenght, daelt in 't midden van de maent van
#Text=Augustus in de schelp, en veroorsaeckt dat de Parrelen te haestiger rijp worden.
7-1	626-630	Want	
7-2	631-635	dese	
7-3	636-641	lucht	
7-4	641-642	,	
7-5	643-646	met	
7-6	647-650	dau	
7-7	651-660	vermenght	
7-8	660-661	,	
7-9	662-667	daelt	
7-10	668-670	in	
7-11	671-672	'	
7-12	672-673	t	
7-13	674-680	midden	
7-14	681-684	van	
7-15	685-687	de	
7-16	688-693	maent	
7-17	694-697	van	
7-18	698-706	Augustus	
7-19	707-709	in	
7-20	710-712	de	
7-21	713-719	schelp	
7-22	719-720	,	
7-23	721-723	en	
7-24	724-736	veroorsaeckt	
7-25	737-740	dat	
7-26	741-743	de	
7-27	744-752	Parrelen	
7-28	753-755	te	
7-29	756-765	haestiger	
7-30	766-770	rijp	
7-31	771-777	worden	
7-32	777-778	.	

#Text=Dese 
#Text=Parrelen, dus uytghetrocken, worden by de Noordsche volcken tot verieringh, en 
#Text=in hooghe achtingh gehouden; en als sy in een behoorlijcke ordeningh gheplaetst
#Text=worden, soo gheven sy een flickerende schoonheydt, die door de konst der ghener, 
#Text=die verstandt daer af hebben, noch ver-
#Text=
#Text=
#Text=
#Text=
#Text=meerdert wordt.
8-1	779-783	Dese	
8-2	785-793	Parrelen	
8-3	793-794	,	
8-4	795-798	dus	
8-5	799-812	uytghetrocken	
8-6	812-813	,	
8-7	814-820	worden	
8-8	821-823	by	
8-9	824-826	de	
8-10	827-836	Noordsche	
8-11	837-844	volcken	
8-12	845-848	tot	
8-13	849-859	verieringh	
8-14	859-860	,	
8-15	861-863	en	
8-16	865-867	in	
8-17	868-874	hooghe	
8-18	875-883	achtingh	
8-19	884-892	gehouden	
8-20	892-893	;	
8-21	894-896	en	
8-22	897-900	als	
8-23	901-903	sy	
8-24	904-906	in	
8-25	907-910	een	
8-26	911-923	behoorlijcke	
8-27	924-933	ordeningh	
8-28	934-944	gheplaetst	
8-29	945-951	worden	
8-30	951-952	,	
8-31	953-956	soo	
8-32	957-963	gheven	
8-33	964-966	sy	
8-34	967-970	een	
8-35	971-982	flickerende	
8-36	983-994	schoonheydt	
8-37	994-995	,	
8-38	996-999	die	
8-39	1000-1004	door	
8-40	1005-1007	de	
8-41	1008-1013	konst	
8-42	1014-1017	der	
8-43	1018-1024	ghener	
8-44	1024-1025	,	
8-45	1027-1030	die	
8-46	1031-1040	verstandt	
8-47	1041-1045	daer	
8-48	1046-1048	af	
8-49	1049-1055	hebben	
8-50	1055-1056	,	
8-51	1057-1061	noch	
8-52	1062-1065	ver	
8-53	1065-1066	-	
8-54	1071-1079	meerdert	
8-55	1080-1085	wordt	
8-56	1085-1086	.	

#Text=Dese Juweliers brenghen noch schoonder Parrelen en Ghesteenten 
#Text=uyt d'Oostersche Landen in een seer groot ghetal, naer de Noordsche Landen, 
#Text=voornamelijck tot gebruyck, of eer misbruyck der deurluchtighe vrouwen, jae oock 
#Text=van de gemeene vrouwen, die in dusdanighe verieringhen, die selden ghevonden 
#Text=worden, vermaeck scheppen, en die sy in kroonen, armbanden, halsbanden, en
#Text=eyndelijck in de decksels der hoofden ghebruycken.
9-1	1087-1091	Dese	
9-2	1092-1101	Juweliers	
9-3	1102-1110	brenghen	
9-4	1111-1115	noch	
9-5	1116-1125	schoonder	
9-6	1126-1134	Parrelen	
9-7	1135-1137	en	
9-8	1138-1149	Ghesteenten	
9-9	1151-1154	uyt	
9-10	1155-1167	d'Oostersche	
9-11	1168-1174	Landen	
9-12	1175-1177	in	
9-13	1178-1181	een	
9-14	1182-1186	seer	
9-15	1187-1192	groot	
9-16	1193-1199	ghetal	
9-17	1199-1200	,	
9-18	1201-1205	naer	
9-19	1206-1208	de	
9-20	1209-1218	Noordsche	
9-21	1219-1225	Landen	
9-22	1225-1226	,	
9-23	1228-1241	voornamelijck	
9-24	1242-1245	tot	
9-25	1246-1254	gebruyck	
9-26	1254-1255	,	
9-27	1256-1258	of	
9-28	1259-1262	eer	
9-29	1263-1272	misbruyck	
9-30	1273-1276	der	
9-31	1277-1290	deurluchtighe	
9-32	1291-1298	vrouwen	
9-33	1298-1299	,	
9-34	1300-1303	jae	
9-35	1304-1308	oock	
9-36	1310-1313	van	
9-37	1314-1316	de	
9-38	1317-1324	gemeene	
9-39	1325-1332	vrouwen	
9-40	1332-1333	,	
9-41	1334-1337	die	
9-42	1338-1340	in	
9-43	1341-1351	dusdanighe	
9-44	1352-1364	verieringhen	
9-45	1364-1365	,	
9-46	1366-1369	die	
9-47	1370-1376	selden	
9-48	1377-1386	ghevonden	
9-49	1388-1394	worden	
9-50	1394-1395	,	
9-51	1396-1404	vermaeck	
9-52	1405-1413	scheppen	
9-53	1413-1414	,	
9-54	1415-1417	en	
9-55	1418-1421	die	
9-56	1422-1424	sy	
9-57	1425-1427	in	
9-58	1428-1435	kroonen	
9-59	1435-1436	,	
9-60	1437-1446	armbanden	
9-61	1446-1447	,	
9-62	1448-1458	halsbanden	
9-63	1458-1459	,	
9-64	1460-1462	en	
9-65	1463-1473	eyndelijck	
9-66	1474-1476	in	
9-67	1477-1479	de	
9-68	1480-1488	decksels	
9-69	1489-1492	der	
9-70	1493-1500	hoofden	
9-71	1501-1512	ghebruycken	
9-72	1512-1513	.	

#Text=Men vindt daer echter gheen 
#Text=vrouw, hoe deurluchtigh oock van gheslacht, die ooyt Parrelen, of edele Ghesteenten 
#Text=aen d'ooren heeft gehangen, om sware laster te schuwen, als of de natuur, een 
#Text=konstighe werckvrouw, niet aen yeder besonder lidt sijn verieringh en schoonheydt 
#Text=ghegheven had, sonder dat men elders glans pracht van de snoode wormen behoeft 
#Text=t'ontleenen.
10-1	1514-1517	Men	
10-2	1518-1523	vindt	
10-3	1524-1528	daer	
10-4	1529-1535	echter	
10-5	1536-1541	gheen	
10-6	1543-1548	vrouw	
10-7	1548-1549	,	
10-8	1550-1553	hoe	
10-9	1554-1566	deurluchtigh	
10-10	1567-1571	oock	
10-11	1572-1575	van	
10-12	1576-1585	gheslacht	
10-13	1585-1586	,	
10-14	1587-1590	die	
10-15	1591-1595	ooyt	
10-16	1596-1604	Parrelen	
10-17	1604-1605	,	
10-18	1606-1608	of	
10-19	1609-1614	edele	
10-20	1615-1626	Ghesteenten	
10-21	1628-1631	aen	
10-22	1632-1639	d'ooren	
10-23	1640-1645	heeft	
10-24	1646-1654	gehangen	
10-25	1654-1655	,	
10-26	1656-1658	om	
10-27	1659-1664	sware	
10-28	1665-1671	laster	
10-29	1672-1674	te	
10-30	1675-1682	schuwen	
10-31	1682-1683	,	
10-32	1684-1687	als	
10-33	1688-1690	of	
10-34	1691-1693	de	
10-35	1694-1700	natuur	
10-36	1700-1701	,	
10-37	1702-1705	een	
10-38	1707-1716	konstighe	
10-39	1717-1727	werckvrouw	
10-40	1727-1728	,	
10-41	1729-1733	niet	
10-42	1734-1737	aen	
10-43	1738-1743	yeder	
10-44	1744-1752	besonder	
10-45	1753-1757	lidt	
10-46	1758-1762	sijn	
10-47	1763-1773	verieringh	
10-48	1774-1776	en	
10-49	1777-1788	schoonheydt	
10-50	1790-1799	ghegheven	
10-51	1800-1803	had	
10-52	1803-1804	,	
10-53	1805-1811	sonder	
10-54	1812-1815	dat	
10-55	1816-1819	men	
10-56	1820-1826	elders	
10-57	1827-1832	glans	
10-58	1833-1839	pracht	
10-59	1840-1843	van	
10-60	1844-1846	de	
10-61	1847-1853	snoode	
10-62	1854-1860	wormen	
10-63	1861-1868	behoeft	
10-64	1870-1881	t'ontleenen	
10-65	1881-1882	.	

#Text=Eynde van 't Twee-en-twintighste en leste Boeck.
11-1	1885-1890	Eynde	
11-2	1891-1894	van	
11-3	1895-1896	'	
11-4	1896-1897	t	
11-5	1898-1917	Twee-en-twintighste	
11-6	1918-1920	en	
11-7	1921-1926	leste	
11-8	1927-1932	Boeck	
11-9	1932-1933	.	

#Text=Bladtwyser Der Boecken en Capittelen van de beschryvingh der 
#Text=Noordsche Landen.
12-1	1939-1949	Bladtwyser	
12-2	1950-1953	Der	
12-3	1954-1961	Boecken	
12-4	1962-1964	en	
12-5	1965-1975	Capittelen	
12-6	1976-1979	van	
12-7	1980-1982	de	
12-8	1983-1995	beschryvingh	
12-9	1996-1999	der	
12-10	2001-2010	Noordsche	
12-11	2011-2017	Landen	
12-12	2017-2018	.	

#Text=Het Eerste Boeck, van de eyghenschap, zeden en manieren van oorlogen 
#Text=der Noordsche volcken.
13-1	2022-2025	Het	
13-2	2026-2032	Eerste	
13-3	2033-2038	Boeck	
13-4	2038-2039	,	
13-5	2040-2043	van	
13-6	2044-2046	de	
13-7	2047-2058	eyghenschap	
13-8	2058-2059	,	
13-9	2060-2065	zeden	
13-10	2066-2068	en	
13-11	2069-2077	manieren	
13-12	2078-2081	van	
13-13	2082-2090	oorlogen	
13-14	2092-2095	der	
13-15	2096-2105	Noordsche	
13-16	2106-2113	volcken	
13-17	2113-2114	.	

#Text=CAP. 1.
14-1	2119-2122	CAP	
14-2	2122-2123	.	
14-3	2124-2125	1	
14-4	2125-2126	.	
