#FORMAT=WebAnno TSV 3.3


#Text=schoon 'er al eenigen, dat insgelyks niet onnatuurlyk is, tot een Bitumineuze
#Text=eigenschap verhard mogten zyn, dan, die Soort is my althans nooit voorgekomen;
#Text=
#Text=en D E G N E R , zoo ik wel meen uit zyne Verhandeling te kunnen opmaaken, heeft
#Text=die Boomen ook niet gekend: S C H O O C K alleen schynt ze te vooronder-
#Text=
#Text=J. le Francq van Berkhey, Natuurlyke historie van Holland.
1-1	3-9	schoon	
1-2	10-11	'	
1-3	11-13	er	
1-4	14-16	al	
1-5	17-24	eenigen	
1-6	24-25	,	
1-7	26-29	dat	
1-8	30-39	insgelyks	
1-9	40-44	niet	
1-10	45-56	onnatuurlyk	
1-11	57-59	is	
1-12	59-60	,	
1-13	61-64	tot	
1-14	65-68	een	
1-15	69-80	Bitumineuze	
1-16	81-91	eigenschap	
1-17	92-99	verhard	
1-18	100-106	mogten	
1-19	107-110	zyn	
1-20	110-111	,	
1-21	112-115	dan	
1-22	115-116	,	
1-23	117-120	die	
1-24	121-126	Soort	
1-25	127-129	is	
1-26	130-132	my	
1-27	133-140	althans	
1-28	141-146	nooit	
1-29	147-158	voorgekomen	
1-30	158-159	;	
1-31	161-163	en	
1-32	164-165	D	
1-33	166-167	E	
1-34	168-169	G	
1-35	170-171	N	
1-36	172-173	E	
1-37	174-175	R	
1-38	176-177	,	
1-39	178-181	zoo	
1-40	182-184	ik	
1-41	185-188	wel	
1-42	189-193	meen	
1-43	194-197	uit	
1-44	198-202	zyne	
1-45	203-215	Verhandeling	
1-46	216-218	te	
1-47	219-225	kunnen	
1-48	226-234	opmaaken	
1-49	234-235	,	
1-50	236-241	heeft	
1-51	242-245	die	
1-52	246-252	Boomen	
1-53	253-256	ook	
1-54	257-261	niet	
1-55	262-268	gekend	
1-56	268-269	:	
1-57	270-271	S	
1-58	272-273	C	
1-59	274-275	H	
1-60	276-277	O	
1-61	278-279	O	
1-62	280-281	C	
1-63	282-283	K	
1-64	284-290	alleen	
1-65	291-297	schynt	
1-66	298-300	ze	
1-67	301-303	te	
1-68	304-313	vooronder	
1-69	313-314	-	
1-70	316-317	J	
1-71	317-318	.	
1-72	319-321	le	
1-73	322-328	Francq	
1-74	329-332	van	
1-75	333-340	Berkhey	
1-76	340-341	,	
1-77	342-352	Natuurlyke	
1-78	353-361	historie	
1-79	362-365	van	
1-80	366-373	Holland	
1-81	373-374	.	

#Text=Deel 2
#Text=
#Text=\f460
#Text=stellen.
#Text=+
#Text=Wat nu wyders nog veelerleie andere denkbeelden omtrent die Boomen
#Text=betreft,
#Text=wy laatenze onaangeroerd, dewyl ze zig zelven genoegzaam tegenspreeken.
2-1	375-379	Deel	
2-2	380-381	2	
2-3	384-387	460	
2-4	388-395	stellen	
2-5	395-396	.	
2-6	397-398	+	
2-7	399-402	Wat	
2-8	403-405	nu	
2-9	406-412	wyders	
2-10	413-416	nog	
2-11	417-427	veelerleie	
2-12	428-434	andere	
2-13	435-446	denkbeelden	
2-14	447-454	omtrent	
2-15	455-458	die	
2-16	459-465	Boomen	
2-17	466-473	betreft	
2-18	473-474	,	
2-19	475-477	wy	
2-20	478-486	laatenze	
2-21	487-499	onaangeroerd	
2-22	499-500	,	
2-23	501-506	dewyl	
2-24	507-509	ze	
2-25	510-513	zig	
2-26	514-520	zelven	
2-27	521-531	genoegzaam	
2-28	532-545	tegenspreeken	
2-29	545-546	.	

#Text=+DELFSTOFFEN.
3-1	547-548	+	
3-2	548-559	DELFSTOFFEN	
3-3	559-560	.	

#Text=Neemt by voorbeeld, dat die Boomen, door het afbranden van Bosschen, in
#Text=Bitumineuze koolen verwandeld zyn;
#Text=dat 'er, door den Oceaan of de Noordzee,
#Text=Boomen van elders zyn komen aandryven, en onder het Zand of Slib der Zee als
#Text=Veen bedolven geraakt; dat 'er onder deeze Boomen veelen zouden zyn, die een
#Text=Terbentynagtigen reuk aan het brandbaare Veen gegeeven hebben;
#Text=dat men, zoo
#Text=S C H O O C K beuzelt, den naam van Veneetschen Terbentyn in ons Land ontleend
#Text=heeft, van den gelykaartigen reuk onzer Veenen; en eigenlyk dus Veenischen
#Text=Terbentyn.
4-1	562-567	Neemt	
4-2	568-570	by	
4-3	571-580	voorbeeld	
4-4	580-581	,	
4-5	582-585	dat	
4-6	586-589	die	
4-7	590-596	Boomen	
4-8	596-597	,	
4-9	598-602	door	
4-10	603-606	het	
4-11	607-616	afbranden	
4-12	617-620	van	
4-13	621-629	Bosschen	
4-14	629-630	,	
4-15	631-633	in	
4-16	634-645	Bitumineuze	
4-17	646-652	koolen	
4-18	653-663	verwandeld	
4-19	664-667	zyn	
4-20	667-668	;	
4-21	669-672	dat	
4-22	673-674	'	
4-23	674-676	er	
4-24	676-677	,	
4-25	678-682	door	
4-26	683-686	den	
4-27	687-693	Oceaan	
4-28	694-696	of	
4-29	697-699	de	
4-30	700-708	Noordzee	
4-31	708-709	,	
4-32	710-716	Boomen	
4-33	717-720	van	
4-34	721-727	elders	
4-35	728-731	zyn	
4-36	732-737	komen	
4-37	738-747	aandryven	
4-38	747-748	,	
4-39	749-751	en	
4-40	752-757	onder	
4-41	758-761	het	
4-42	762-766	Zand	
4-43	767-769	of	
4-44	770-774	Slib	
4-45	775-778	der	
4-46	779-782	Zee	
4-47	783-786	als	
4-48	787-791	Veen	
4-49	792-800	bedolven	
4-50	801-808	geraakt	
4-51	808-809	;	
4-52	810-813	dat	
4-53	814-815	'	
4-54	815-817	er	
4-55	818-823	onder	
4-56	824-829	deeze	
4-57	830-836	Boomen	
4-58	837-843	veelen	
4-59	844-850	zouden	
4-60	851-854	zyn	
4-61	854-855	,	
4-62	856-859	die	
4-63	860-863	een	
4-64	864-880	Terbentynagtigen	
4-65	881-885	reuk	
4-66	886-889	aan	
4-67	890-893	het	
4-68	894-904	brandbaare	
4-69	905-909	Veen	
4-70	910-918	gegeeven	
4-71	919-925	hebben	
4-72	925-926	;	
4-73	927-930	dat	
4-74	931-934	men	
4-75	934-935	,	
4-76	936-939	zoo	
4-77	940-941	S	
4-78	942-943	C	
4-79	944-945	H	
4-80	946-947	O	
4-81	948-949	O	
4-82	950-951	C	
4-83	952-953	K	
4-84	954-961	beuzelt	
4-85	961-962	,	
4-86	963-966	den	
4-87	967-971	naam	
4-88	972-975	van	
4-89	976-987	Veneetschen	
4-90	988-997	Terbentyn	
4-91	998-1000	in	
4-92	1001-1004	ons	
4-93	1005-1009	Land	
4-94	1010-1018	ontleend	
4-95	1019-1024	heeft	
4-96	1024-1025	,	
4-97	1026-1029	van	
4-98	1030-1033	den	
4-99	1034-1047	gelykaartigen	
4-100	1048-1052	reuk	
4-101	1053-1058	onzer	
4-102	1059-1065	Veenen	
4-103	1065-1066	;	
4-104	1067-1069	en	
4-105	1070-1078	eigenlyk	
4-106	1079-1082	dus	
4-107	1083-1093	Veenischen	
4-108	1094-1103	Terbentyn	
4-109	1103-1104	.	

#Text=Zy die weeten dat deeze reuk zig geenzins in onze gebrande Veenstoffen
#Text=ontdekt, en dat 'er een soort van Terbentyn weezenlyk uit Venetien komt, beseffen
#Text=ligt de verkeerdheid deezer afleidinge.
5-1	1105-1107	Zy	
5-2	1108-1111	die	
5-3	1112-1118	weeten	
5-4	1119-1122	dat	
5-5	1123-1128	deeze	
5-6	1129-1133	reuk	
5-7	1134-1137	zig	
5-8	1138-1146	geenzins	
5-9	1147-1149	in	
5-10	1150-1154	onze	
5-11	1155-1163	gebrande	
5-12	1164-1175	Veenstoffen	
5-13	1176-1183	ontdekt	
5-14	1183-1184	,	
5-15	1185-1187	en	
5-16	1188-1191	dat	
5-17	1192-1193	'	
5-18	1193-1195	er	
5-19	1196-1199	een	
5-20	1200-1205	soort	
5-21	1206-1209	van	
5-22	1210-1219	Terbentyn	
5-23	1220-1229	weezenlyk	
5-24	1230-1233	uit	
5-25	1234-1242	Venetien	
5-26	1243-1247	komt	
5-27	1247-1248	,	
5-28	1249-1257	beseffen	
5-29	1258-1262	ligt	
5-30	1263-1265	de	
5-31	1266-1278	verkeerdheid	
5-32	1279-1285	deezer	
5-33	1286-1296	afleidinge	
5-34	1296-1297	.	

#Text=Ook zullen wy ons niet breedvoerig ophouden
#Text=met een oudheidkundig onderzoek, of de Cimbersche vloed en veele andere
#Text=overstroomingen, stormen en dergelyken, ten eenigen tyde over het geheele Land,
#Text=zoodanig zouden gewoed hebben, dat alle Bosschen, Dalen en Moerassen onder een
#Text=vermengd wierden; en +of deeze omstandigheden de gemelde om ver gerukte
#Text=Bosschen, als 't ware, tot Veen hebben doen rotten.
6-1	1298-1301	Ook	
6-2	1302-1308	zullen	
6-3	1309-1311	wy	
6-4	1312-1315	ons	
6-5	1316-1320	niet	
6-6	1321-1332	breedvoerig	
6-7	1333-1341	ophouden	
6-8	1342-1345	met	
6-9	1346-1349	een	
6-10	1350-1363	oudheidkundig	
6-11	1364-1373	onderzoek	
6-12	1373-1374	,	
6-13	1375-1377	of	
6-14	1378-1380	de	
6-15	1381-1391	Cimbersche	
6-16	1392-1397	vloed	
6-17	1398-1400	en	
6-18	1401-1406	veele	
6-19	1407-1413	andere	
6-20	1414-1429	overstroomingen	
6-21	1429-1430	,	
6-22	1431-1438	stormen	
6-23	1439-1441	en	
6-24	1442-1452	dergelyken	
6-25	1452-1453	,	
6-26	1454-1457	ten	
6-27	1458-1465	eenigen	
6-28	1466-1470	tyde	
6-29	1471-1475	over	
6-30	1476-1479	het	
6-31	1480-1487	geheele	
6-32	1488-1492	Land	
6-33	1492-1493	,	
6-34	1494-1502	zoodanig	
6-35	1503-1509	zouden	
6-36	1510-1516	gewoed	
6-37	1517-1523	hebben	
6-38	1523-1524	,	
6-39	1525-1528	dat	
6-40	1529-1533	alle	
6-41	1534-1542	Bosschen	
6-42	1542-1543	,	
6-43	1544-1549	Dalen	
6-44	1550-1552	en	
6-45	1553-1562	Moerassen	
6-46	1563-1568	onder	
6-47	1569-1572	een	
6-48	1573-1581	vermengd	
6-49	1582-1589	wierden	
6-50	1589-1590	;	
6-51	1591-1593	en	
6-52	1594-1595	+	
6-53	1595-1597	of	
6-54	1598-1603	deeze	
6-55	1604-1618	omstandigheden	
6-56	1619-1621	de	
6-57	1622-1629	gemelde	
6-58	1630-1632	om	
6-59	1633-1636	ver	
6-60	1637-1644	gerukte	
6-61	1645-1653	Bosschen	
6-62	1653-1654	,	
6-63	1655-1658	als	
6-64	1659-1660	'	
6-65	1660-1661	t	
6-66	1662-1666	ware	
6-67	1666-1667	,	
6-68	1668-1671	tot	
6-69	1672-1676	Veen	
6-70	1677-1683	hebben	
6-71	1684-1688	doen	
6-72	1689-1695	rotten	
6-73	1695-1696	.	

#Text='t Zy genoeg deswegens slegts +
#Text=Zie Eerste Deel.
7-1	1697-1698	'	
7-2	1698-1699	t	
7-3	1700-1702	Zy	
7-4	1703-1709	genoeg	
7-5	1710-1719	deswegens	
7-6	1720-1726	slegts	
7-7	1727-1728	+	
7-8	1729-1732	Zie	
7-9	1733-1739	Eerste	
7-10	1740-1744	Deel	
7-11	1744-1745	.	

#Text=Over den
#Text=Rhyn.
8-1	1746-1750	Over	
8-2	1751-1754	den	
8-3	1755-1759	Rhyn	
8-4	1759-1760	.	

#Text=aan te merken, dat het
#Text=
#Text=J. le Francq van Berkhey, Natuurlyke historie van Holland.
9-1	1762-1765	aan	
9-2	1766-1768	te	
9-3	1769-1775	merken	
9-4	1775-1776	,	
9-5	1777-1780	dat	
9-6	1781-1784	het	
9-7	1786-1787	J	
9-8	1787-1788	.	
9-9	1789-1791	le	
9-10	1792-1798	Francq	
9-11	1799-1802	van	
9-12	1803-1810	Berkhey	
9-13	1810-1811	,	
9-14	1812-1822	Natuurlyke	
9-15	1823-1831	historie	
9-16	1832-1835	van	
9-17	1836-1843	Holland	
9-18	1843-1844	.	

#Text=Deel 2
#Text=
#Text=\f461
#Text=+
#Text=
#Text=niet geheel buiten reden is, te stellen, dat 'er eenige dergelyke oorzaaken plaats gehad
#Text=
#Text=+
#Text=kunnen hebben, gelyk wy hier boven,
#Text=van 's Lands Beddingen in 't algemeen
#Text=DELFSTOFFEN
#Text=.
10-1	1845-1849	Deel	
10-2	1850-1851	2	
10-3	1854-1857	461	
10-4	1858-1859	+	
10-5	1861-1865	niet	
10-6	1866-1872	geheel	
10-7	1873-1879	buiten	
10-8	1880-1885	reden	
10-9	1886-1888	is	
10-10	1888-1889	,	
10-11	1890-1892	te	
10-12	1893-1900	stellen	
10-13	1900-1901	,	
10-14	1902-1905	dat	
10-15	1906-1907	'	
10-16	1907-1909	er	
10-17	1910-1916	eenige	
10-18	1917-1926	dergelyke	
10-19	1927-1936	oorzaaken	
10-20	1937-1943	plaats	
10-21	1944-1949	gehad	
10-22	1951-1952	+	
10-23	1953-1959	kunnen	
10-24	1960-1966	hebben	
10-25	1966-1967	,	
10-26	1968-1973	gelyk	
10-27	1974-1976	wy	
10-28	1977-1981	hier	
10-29	1982-1987	boven	
10-30	1987-1988	,	
10-31	1989-1992	van	
10-32	1993-1994	'	
10-33	1994-1995	s	
10-34	1996-2001	Lands	
10-35	2002-2011	Beddingen	
10-36	2012-2014	in	
10-37	2015-2016	'	
10-38	2016-2017	t	
10-39	2018-2026	algemeen	
10-40	2027-2038	DELFSTOFFEN	
10-41	2039-2040	.	
