#FORMAT=WebAnno TSV 3.3


#Text=Ho dunque abbandonato l ' assedio, e ripiegata la tenda; non più marcie forzate, nè speranze, nè timori, nè tutte le emozioni della lotta.
1-1	2-4	Ho	
1-2	5-11	dunque	
1-3	12-23	abbandonato	
1-4	24-25	l	
1-5	26-27	'	
1-6	28-35	assedio	
1-7	35-36	,	
1-8	37-38	e	
1-9	39-48	ripiegata	
1-10	49-51	la	
1-11	52-57	tenda	
1-12	57-58	;	
1-13	59-62	non	
1-14	63-66	più	
1-15	67-73	marcie	
1-16	74-81	forzate	
1-17	81-82	,	
1-18	83-85	nè	
1-19	86-94	speranze	
1-20	94-95	,	
1-21	96-98	nè	
1-22	99-105	timori	
1-23	105-106	,	
1-24	107-109	nè	
1-25	110-115	tutte	
1-26	116-118	le	
1-27	119-127	emozioni	
1-28	128-133	della	
1-29	134-139	lotta	
1-30	139-140	.	

#Text=Ho battuto la ritirata, per riprendere la vita monotona del soldato di guarnigione.
2-1	141-143	Ho	
2-2	144-151	battuto	
2-3	152-154	la	
2-4	155-163	ritirata	
2-5	163-164	,	
2-6	165-168	per	
2-7	169-179	riprendere	
2-8	180-182	la	
2-9	183-187	vita	
2-10	188-196	monotona	
2-11	197-200	del	
2-12	201-208	soldato	
2-13	209-211	di	
2-14	212-223	guarnigione	
2-15	223-224	.	

#Text=A vent ' anni avevo già spasimato d ' un amore ideale, e raccoglievo un amaro disinganno; avevo tentato l ' amore positivo, materiale, il frutto vietato; e ne riportavo qualche ferita e un rimorso.
3-1	225-226	A	
3-2	227-231	vent	
3-3	232-233	'	
3-4	234-238	anni	
3-5	239-244	avevo	
3-6	245-248	già	
3-7	249-258	spasimato	
3-8	259-260	d	
3-9	261-262	'	
3-10	263-265	un	
3-11	266-271	amore	
3-12	272-278	ideale	
3-13	278-279	,	
3-14	280-281	e	
3-15	282-293	raccoglievo	
3-16	294-296	un	
3-17	297-302	amaro	
3-18	303-313	disinganno	
3-19	313-314	;	
3-20	315-320	avevo	
3-21	321-328	tentato	
3-22	329-330	l	
3-23	331-332	'	
3-24	333-338	amore	
3-25	339-347	positivo	
3-26	347-348	,	
3-27	349-358	materiale	
3-28	358-359	,	
3-29	360-362	il	
3-30	363-369	frutto	
3-31	370-377	vietato	
3-32	377-378	;	
3-33	379-380	e	
3-34	381-383	ne	
3-35	384-393	riportavo	
3-36	394-401	qualche	
3-37	402-408	ferita	
3-38	409-410	e	
3-39	411-413	un	
3-40	414-421	rimorso	
3-41	421-422	.	

#Text=In complesso erano due fiaschi solenni coi quali inauguravo la mia esistenza, due fiaschi che mi mettevano in uggia le ragazze e le donne.
4-1	423-425	In	
4-2	426-435	complesso	
4-3	436-441	erano	
4-4	442-445	due	
4-5	446-453	fiaschi	
4-6	454-461	solenni	
4-7	462-465	coi	
4-8	466-471	quali	
4-9	472-482	inauguravo	
4-10	483-485	la	
4-11	486-489	mia	
4-12	490-499	esistenza	
4-13	499-500	,	
4-14	501-504	due	
4-15	505-512	fiaschi	
4-16	513-516	che	
4-17	517-519	mi	
4-18	520-529	mettevano	
4-19	530-532	in	
4-20	533-538	uggia	
4-21	539-541	le	
4-22	542-549	ragazze	
4-23	550-551	e	
4-24	552-554	le	
4-25	555-560	donne	
4-26	560-561	.	

#Text=Ora, a vent ' anni, senza un amore che riscaldi il cuore, come si fa a vivere in un gelido villaggio della Valtellina?...
5-1	562-565	Ora	
5-2	565-566	,	
5-3	567-568	a	
5-4	569-573	vent	
5-5	574-575	'	
5-6	576-580	anni	
5-7	580-581	,	
5-8	582-587	senza	
5-9	588-590	un	
5-10	591-596	amore	
5-11	597-600	che	
5-12	601-609	riscaldi	
5-13	610-612	il	
5-14	613-618	cuore	
5-15	618-619	,	
5-16	620-624	come	
5-17	625-627	si	
5-18	628-630	fa	
5-19	631-632	a	
5-20	633-639	vivere	
5-21	640-642	in	
5-22	643-645	un	
5-23	646-652	gelido	
5-24	653-662	villaggio	
5-25	663-668	della	
5-26	669-679	Valtellina	
5-27	679-680	?	
5-28	680-681	.	
5-29	681-682	.	
5-30	682-683	.	

#Text=La scuola?...
6-1	684-686	La	
6-2	687-693	scuola	
6-3	693-694	?	
6-4	694-695	.	
6-5	695-696	.	
6-6	696-697	.	

#Text=me ne appello a tutti i maestri spregiudicati: la scuola, tanto per chi insegna quanto per chi ascolta, non è che una fabbrica di noia perfezionata.
7-1	698-700	me	
7-2	701-703	ne	
7-3	704-711	appello	
7-4	712-713	a	
7-5	714-719	tutti	
7-6	720-721	i	
7-7	722-729	maestri	
7-8	730-743	spregiudicati	
7-9	743-744	:	
7-10	745-747	la	
7-11	748-754	scuola	
7-12	754-755	,	
7-13	756-761	tanto	
7-14	762-765	per	
7-15	766-769	chi	
7-16	770-777	insegna	
7-17	778-784	quanto	
7-18	785-788	per	
7-19	789-792	chi	
7-20	793-800	ascolta	
7-21	800-801	,	
7-22	802-805	non	
7-23	806-807	è	
7-24	808-811	che	
7-25	812-815	una	
7-26	816-824	fabbrica	
7-27	825-827	di	
7-28	828-832	noia	
7-29	833-845	perfezionata	
7-30	845-846	.	

#Text=La tragedia?...
8-1	847-849	La	
8-2	850-858	tragedia	
8-3	858-859	?	
8-4	859-860	.	
8-5	860-861	.	
8-6	861-862	.	

#Text=essa giaceva abbandonata sul tavolo, ogni ispirazione era svanita, il fuoco sacro s ' era spento alla scomparsa della Vestale; non avvi poesia senza musa, nè arte senza donna!...
9-1	863-867	essa	
9-2	868-875	giaceva	
9-3	876-887	abbandonata	
9-4	888-891	sul	
9-5	892-898	tavolo	
9-6	898-899	,	
9-7	900-904	ogni	
9-8	905-916	ispirazione	
9-9	917-920	era	
9-10	921-928	svanita	
9-11	928-929	,	
9-12	930-932	il	
9-13	933-938	fuoco	
9-14	939-944	sacro	
9-15	945-946	s	
9-16	947-948	'	
9-17	949-952	era	
9-18	953-959	spento	
9-19	960-964	alla	
9-20	965-974	scomparsa	
9-21	975-980	della	
9-22	981-988	Vestale	
9-23	988-989	;	
9-24	990-993	non	
9-25	994-998	avvi	
9-26	999-1005	poesia	
9-27	1006-1011	senza	
9-28	1012-1016	musa	
9-29	1016-1017	,	
9-30	1018-1020	nè	
9-31	1021-1025	arte	
9-32	1026-1031	senza	
9-33	1032-1037	donna	
9-34	1037-1038	!	
9-35	1038-1039	.	
9-36	1039-1040	.	
9-37	1040-1041	.	

#Text=L ' orto?...
10-1	1042-1043	L	
10-2	1044-1045	'	
10-3	1046-1050	orto	
10-4	1050-1051	?	
10-5	1051-1052	.	
10-6	1052-1053	.	
10-7	1053-1054	.	

#Text=era incolto, vi crescevano i cardi selvatici e le ortiche.
11-1	1055-1058	era	
11-2	1059-1066	incolto	
11-3	1066-1067	,	
11-4	1068-1070	vi	
11-5	1071-1081	crescevano	
11-6	1082-1083	i	
11-7	1084-1089	cardi	
11-8	1090-1099	selvatici	
11-9	1100-1101	e	
11-10	1102-1104	le	
11-11	1105-1112	ortiche	
11-12	1112-1113	.	

#Text=Senza famiglia non si hanno nè fiori.... nè legumi.
12-1	1114-1119	Senza	
12-2	1120-1128	famiglia	
12-3	1129-1132	non	
12-4	1133-1135	si	
12-5	1136-1141	hanno	
12-6	1142-1144	nè	
12-7	1145-1150	fiori	
12-8	1150-1151	.	
12-9	1151-1152	.	
12-10	1152-1153	.	
12-11	1153-1154	.	
12-12	1155-1157	nè	
12-13	1158-1164	legumi	
12-14	1164-1165	.	

#Text=L ' uomo, solo, vive di qua e di là, senza centro e senza circonferenza.
13-1	1166-1167	L	
13-2	1168-1169	'	
13-3	1170-1174	uomo	
13-4	1174-1175	,	
13-5	1176-1180	solo	
13-6	1180-1181	,	
13-7	1182-1186	vive	
13-8	1187-1189	di	
13-9	1190-1193	qua	
13-10	1194-1195	e	
13-11	1196-1198	di	
13-12	1199-1201	là	
13-13	1201-1202	,	
13-14	1203-1208	senza	
13-15	1209-1215	centro	
13-16	1216-1217	e	
13-17	1218-1223	senza	
13-18	1224-1237	circonferenza	
13-19	1237-1238	.	

#Text=Avrei potuto cercare qualche divagamento nella coltura delle piante, ma ignoravo ancora quest ' arte, trovandomi sempre alle prime pagine dell ' Ortolano dirozzato.
14-1	1239-1244	Avrei	
14-2	1245-1251	potuto	
14-3	1252-1259	cercare	
14-4	1260-1267	qualche	
14-5	1268-1279	divagamento	
14-6	1280-1285	nella	
14-7	1286-1293	coltura	
14-8	1294-1299	delle	
14-9	1300-1306	piante	
14-10	1306-1307	,	
14-11	1308-1310	ma	
14-12	1311-1319	ignoravo	
14-13	1320-1326	ancora	
14-14	1327-1332	quest	
14-15	1333-1334	'	
14-16	1335-1339	arte	
14-17	1339-1340	,	
14-18	1341-1351	trovandomi	
14-19	1352-1358	sempre	
14-20	1359-1363	alle	
14-21	1364-1369	prime	
14-22	1370-1376	pagine	
14-23	1377-1381	dell	
14-24	1382-1383	'	
14-25	1384-1392	Ortolano	
14-26	1393-1402	dirozzato	
14-27	1402-1403	.	

#Text=Non sapevo più a che santi votarmi.
15-1	1404-1407	Non	
15-2	1408-1414	sapevo	
15-3	1415-1418	più	
15-4	1419-1420	a	
15-5	1421-1424	che	
15-6	1425-1430	santi	
15-7	1431-1438	votarmi	
15-8	1438-1439	.	

#Text=Psiche, Venere e Melpomene mi erano sfuggite di mano; del divino Olimpo non mi restava altro che Bacco.
16-1	1440-1446	Psiche	
16-2	1446-1447	,	
16-3	1448-1454	Venere	
16-4	1455-1456	e	
16-5	1457-1466	Melpomene	
16-6	1467-1469	mi	
16-7	1470-1475	erano	
16-8	1476-1484	sfuggite	
16-9	1485-1487	di	
16-10	1488-1492	mano	
16-11	1492-1493	;	
16-12	1494-1497	del	
16-13	1498-1504	divino	
16-14	1505-1511	Olimpo	
16-15	1512-1515	non	
16-16	1516-1518	mi	
16-17	1519-1526	restava	
16-18	1527-1532	altro	
16-19	1533-1536	che	
16-20	1537-1542	Bacco	
16-21	1542-1543	.	

#Text=Mi sono dato alla divozione del suo culto, e mi parve che mi si mostrasse propizio.
17-1	1544-1546	Mi	
17-2	1547-1551	sono	
17-3	1552-1556	dato	
17-4	1557-1561	alla	
17-5	1562-1571	divozione	
17-6	1572-1575	del	
17-7	1576-1579	suo	
17-8	1580-1585	culto	
17-9	1585-1586	,	
17-10	1587-1588	e	
17-11	1589-1591	mi	
17-12	1592-1597	parve	
17-13	1598-1601	che	
17-14	1602-1604	mi	
17-15	1605-1607	si	
17-16	1608-1617	mostrasse	
17-17	1618-1626	propizio	
17-18	1626-1627	.	

#Text=Questo nume benefico agli infelici, esiliato dagli altari dell ' umana ingratitudine, andò vagabondo e ramingo sulla terra, arrestandosi di preferenza sui clivi ridenti di vigneti, ove continua in modo clandestino l ' esercizio dei sacri suoi riti.
18-1	1628-1634	Questo	
18-2	1635-1639	nume	
18-3	1640-1648	benefico	
18-4	1649-1653	agli	
18-5	1654-1662	infelici	
18-6	1662-1663	,	
18-7	1664-1672	esiliato	
18-8	1673-1678	dagli	
18-9	1679-1685	altari	
18-10	1686-1690	dell	
18-11	1691-1692	'	
18-12	1693-1698	umana	
18-13	1699-1712	ingratitudine	
18-14	1712-1713	,	
18-15	1714-1718	andò	
18-16	1719-1728	vagabondo	
18-17	1729-1730	e	
18-18	1731-1738	ramingo	
18-19	1739-1744	sulla	
18-20	1745-1750	terra	
18-21	1750-1751	,	
18-22	1752-1764	arrestandosi	
18-23	1765-1767	di	
18-24	1768-1778	preferenza	
18-25	1779-1782	sui	
18-26	1783-1788	clivi	
18-27	1789-1796	ridenti	
18-28	1797-1799	di	
18-29	1800-1807	vigneti	
18-30	1807-1808	,	
18-31	1809-1812	ove	
18-32	1813-1821	continua	
18-33	1822-1824	in	
18-34	1825-1829	modo	
18-35	1830-1841	clandestino	
18-36	1842-1843	l	
18-37	1844-1845	'	
18-38	1846-1855	esercizio	
18-39	1856-1859	dei	
18-40	1860-1865	sacri	
18-41	1866-1870	suoi	
18-42	1871-1875	riti	
18-43	1875-1876	.	

#Text=Tutto il bene e il male del mondo, l ' amore o l ' odio, le gioie e le lagrime, la poesia e i dolori della vita umana, l ' incenso profumato, e il fumo graveolente dei roghi, tutto svapora, tutto sale all ' empireo, tutto si confonde nell ' etere.
19-1	1877-1882	Tutto	
19-2	1883-1885	il	
19-3	1886-1890	bene	
19-4	1891-1892	e	
19-5	1893-1895	il	
19-6	1896-1900	male	
19-7	1901-1904	del	
19-8	1905-1910	mondo	
19-9	1910-1911	,	
19-10	1912-1913	l	
19-11	1914-1915	'	
19-12	1916-1921	amore	
19-13	1922-1923	o	
19-14	1924-1925	l	
19-15	1926-1927	'	
19-16	1928-1932	odio	
19-17	1932-1933	,	
19-18	1934-1936	le	
19-19	1937-1942	gioie	
19-20	1943-1944	e	
19-21	1945-1947	le	
19-22	1948-1955	lagrime	
19-23	1955-1956	,	
19-24	1957-1959	la	
19-25	1960-1966	poesia	
19-26	1967-1968	e	
19-27	1969-1970	i	
19-28	1971-1977	dolori	
19-29	1978-1983	della	
19-30	1984-1988	vita	
19-31	1989-1994	umana	
19-32	1994-1995	,	
19-33	1996-1997	l	
19-34	1998-1999	'	
19-35	2000-2007	incenso	
19-36	2008-2017	profumato	
19-37	2017-2018	,	
19-38	2019-2020	e	
19-39	2021-2023	il	
19-40	2024-2028	fumo	
19-41	2029-2040	graveolente	
19-42	2041-2044	dei	
19-43	2045-2050	roghi	
19-44	2050-2051	,	
19-45	2052-2057	tutto	
19-46	2058-2065	svapora	
19-47	2065-2066	,	
19-48	2067-2072	tutto	
19-49	2073-2077	sale	
19-50	2078-2081	all	
19-51	2082-2083	'	
19-52	2084-2091	empireo	
19-53	2091-2092	,	
19-54	2093-2098	tutto	
19-55	2099-2101	si	
19-56	2102-2110	confonde	
19-57	2111-2115	nell	
19-58	2116-2117	'	
19-59	2118-2123	etere	
19-60	2123-2124	.	

#Text=Le meteore raccolgono tutte le emanazioni della terra, materiali e morali, visibili ed invisibili; il vento le agita, il tuono le scuote, il fulmine le riscalda, l ' umidità le discioglie, e quando piove tutto ricade sulla terra.
20-1	2125-2127	Le	
20-2	2128-2135	meteore	
20-3	2136-2146	raccolgono	
20-4	2147-2152	tutte	
20-5	2153-2155	le	
20-6	2156-2166	emanazioni	
20-7	2167-2172	della	
20-8	2173-2178	terra	
20-9	2178-2179	,	
20-10	2180-2189	materiali	
20-11	2190-2191	e	
20-12	2192-2198	morali	
20-13	2198-2199	,	
20-14	2200-2208	visibili	
20-15	2209-2211	ed	
20-16	2212-2222	invisibili	
20-17	2222-2223	;	
20-18	2224-2226	il	
20-19	2227-2232	vento	
20-20	2233-2235	le	
20-21	2236-2241	agita	
20-22	2241-2242	,	
20-23	2243-2245	il	
20-24	2246-2251	tuono	
20-25	2252-2254	le	
20-26	2255-2261	scuote	
20-27	2261-2262	,	
20-28	2263-2265	il	
20-29	2266-2273	fulmine	
20-30	2274-2276	le	
20-31	2277-2285	riscalda	
20-32	2285-2286	,	
20-33	2287-2288	l	
20-34	2289-2290	'	
20-35	2291-2298	umidità	
20-36	2299-2301	le	
20-37	2302-2312	discioglie	
20-38	2312-2313	,	
20-39	2314-2315	e	
20-40	2316-2322	quando	
20-41	2323-2328	piove	
20-42	2329-2334	tutto	
20-43	2335-2341	ricade	
20-44	2342-2347	sulla	
20-45	2348-2353	terra	
20-46	2353-2354	.	

#Text=Questo è il circolo eterno dello spirito e della materia; nulla si perde nell ' universo, tutto si rinnova.
21-1	2355-2361	Questo	
21-2	2362-2363	è	
21-3	2364-2366	il	
21-4	2367-2374	circolo	
21-5	2375-2381	eterno	
21-6	2382-2387	dello	
21-7	2388-2395	spirito	
21-8	2396-2397	e	
21-9	2398-2403	della	
21-10	2404-2411	materia	
21-11	2411-2412	;	
21-12	2413-2418	nulla	
21-13	2419-2421	si	
21-14	2422-2427	perde	
21-15	2428-2432	nell	
21-16	2433-2434	'	
21-17	2435-2443	universo	
21-18	2443-2444	,	
21-19	2445-2450	tutto	
21-20	2451-2453	si	
21-21	2454-2461	rinnova	
21-22	2461-2462	.	

#Text=Colla pioggia benefica ritornano al nostro globo gli elementi vitali del corpo e dell ' anima umana.
22-1	2463-2468	Colla	
22-2	2469-2476	pioggia	
22-3	2477-2485	benefica	
22-4	2486-2495	ritornano	
22-5	2496-2498	al	
22-6	2499-2505	nostro	
22-7	2506-2511	globo	
22-8	2512-2515	gli	
22-9	2516-2524	elementi	
22-10	2525-2531	vitali	
22-11	2532-2535	del	
22-12	2536-2541	corpo	
22-13	2542-2543	e	
22-14	2544-2548	dell	
22-15	2549-2550	'	
22-16	2551-2556	anima	
22-17	2557-2562	umana	
22-18	2562-2563	.	

#Text=Le piante assorbono quegli umori, li elaborano, ed essi ritornano all ' uomo cogli alimenti.
23-1	2564-2566	Le	
23-2	2567-2573	piante	
23-3	2574-2583	assorbono	
23-4	2584-2590	quegli	
23-5	2591-2596	umori	
23-6	2596-2597	,	
23-7	2598-2600	li	
23-8	2601-2610	elaborano	
23-9	2610-2611	,	
23-10	2612-2614	ed	
23-11	2615-2619	essi	
23-12	2620-2629	ritornano	
23-13	2630-2633	all	
23-14	2634-2635	'	
23-15	2636-2640	uomo	
23-16	2641-2646	cogli	
23-17	2647-2655	alimenti	
23-18	2655-2656	.	

#Text=Le pioggie benefiche apportano la gioia; le grandini sono maledizioni retrocesse, le rugiade baci ed amplessi che brillano nuovamente sulla superficie terrestre, e ingemmano l ' erbe ed i fiori colla loro comparsa.
24-1	2657-2659	Le	
24-2	2660-2667	pioggie	
24-3	2668-2677	benefiche	
24-4	2678-2687	apportano	
24-5	2688-2690	la	
24-6	2691-2696	gioia	
24-7	2696-2697	;	
24-8	2698-2700	le	
24-9	2701-2709	grandini	
24-10	2710-2714	sono	
24-11	2715-2726	maledizioni	
24-12	2727-2737	retrocesse	
24-13	2737-2738	,	
24-14	2739-2741	le	
24-15	2742-2749	rugiade	
24-16	2750-2754	baci	
24-17	2755-2757	ed	
24-18	2758-2766	amplessi	
24-19	2767-2770	che	
24-20	2771-2779	brillano	
24-21	2780-2790	nuovamente	
24-22	2791-2796	sulla	
24-23	2797-2807	superficie	
24-24	2808-2817	terrestre	
24-25	2817-2818	,	
24-26	2819-2820	e	
24-27	2821-2830	ingemmano	
24-28	2831-2832	l	
24-29	2833-2834	'	
24-30	2835-2839	erbe	
24-31	2840-2842	ed	
24-32	2843-2844	i	
24-33	2845-2850	fiori	
24-34	2851-2856	colla	
24-35	2857-2861	loro	
24-36	2862-2870	comparsa	
24-37	2870-2871	.	

#Text=Per questo sulla terra germogliano sempre le stesse piante e le stesse passioni, nascono gli stessi animali, e si ripetono le medesime vicende.
25-1	2872-2875	Per	
25-2	2876-2882	questo	
25-3	2883-2888	sulla	
25-4	2889-2894	terra	
25-5	2895-2906	germogliano	
25-6	2907-2913	sempre	
25-7	2914-2916	le	
25-8	2917-2923	stesse	
25-9	2924-2930	piante	
25-10	2931-2932	e	
25-11	2933-2935	le	
25-12	2936-2942	stesse	
25-13	2943-2951	passioni	
25-14	2951-2952	,	
25-15	2953-2960	nascono	
25-16	2961-2964	gli	
25-17	2965-2971	stessi	
25-18	2972-2979	animali	
25-19	2979-2980	,	
25-20	2981-2982	e	
25-21	2983-2985	si	
25-22	2986-2994	ripetono	
25-23	2995-2997	le	
25-24	2998-3006	medesime	
25-25	3007-3014	vicende	
25-26	3014-3015	.	

#Text=Ogni pianta ha le sue facoltà assorbenti, non solamente per i principii materiali che somministra la terra, ma altre pei principii spirituali che oscillano nell ' aria, riscaldati dal sole.
26-1	3016-3020	Ogni	
26-2	3021-3027	pianta	
26-3	3028-3030	ha	
26-4	3031-3033	le	
26-5	3034-3037	sue	
26-6	3038-3045	facoltà	
26-7	3046-3056	assorbenti	
26-8	3056-3057	,	
26-9	3058-3061	non	
26-10	3062-3071	solamente	
26-11	3072-3075	per	
26-12	3076-3077	i	
26-13	3078-3087	principii	
26-14	3088-3097	materiali	
26-15	3098-3101	che	
26-16	3102-3113	somministra	
26-17	3114-3116	la	
26-18	3117-3122	terra	
26-19	3122-3123	,	
26-20	3124-3126	ma	
26-21	3127-3132	altre	
26-22	3133-3136	pei	
26-23	3137-3146	principii	
26-24	3147-3157	spirituali	
26-25	3158-3161	che	
26-26	3162-3171	oscillano	
26-27	3172-3176	nell	
26-28	3177-3178	'	
26-29	3179-3183	aria	
26-30	3183-3184	,	
26-31	3185-3195	riscaldati	
26-32	3196-3199	dal	
26-33	3200-3204	sole	
26-34	3204-3205	.	

#Text=Il frumento non assorbe soltanto i fosfati, ma raccoglie dall ' aria gli elementi confusi del bene e del male; e l ' uomo, nutrendosi di pane, inghiotte non solo un alimento sostanzioso, ma altresì gli elementi delle gioie e dei dolori che si manifesteranno nella sua vita.
27-1	3206-3208	Il	
27-2	3209-3217	frumento	
27-3	3218-3221	non	
27-4	3222-3229	assorbe	
27-5	3230-3238	soltanto	
27-6	3239-3240	i	
27-7	3241-3248	fosfati	
27-8	3248-3249	,	
27-9	3250-3252	ma	
27-10	3253-3262	raccoglie	
27-11	3263-3267	dall	
27-12	3268-3269	'	
27-13	3270-3274	aria	
27-14	3275-3278	gli	
27-15	3279-3287	elementi	
27-16	3288-3295	confusi	
27-17	3296-3299	del	
27-18	3300-3304	bene	
27-19	3305-3306	e	
27-20	3307-3310	del	
27-21	3311-3315	male	
27-22	3315-3316	;	
27-23	3317-3318	e	
27-24	3319-3320	l	
27-25	3321-3322	'	
27-26	3323-3327	uomo	
27-27	3327-3328	,	
27-28	3329-3339	nutrendosi	
27-29	3340-3342	di	
27-30	3343-3347	pane	
27-31	3347-3348	,	
27-32	3349-3358	inghiotte	
27-33	3359-3362	non	
27-34	3363-3367	solo	
27-35	3368-3370	un	
27-36	3371-3379	alimento	
27-37	3380-3391	sostanzioso	
27-38	3391-3392	,	
27-39	3393-3395	ma	
27-40	3396-3403	altresì	
27-41	3404-3407	gli	
27-42	3408-3416	elementi	
27-43	3417-3422	delle	
27-44	3423-3428	gioie	
27-45	3429-3430	e	
27-46	3431-3434	dei	
27-47	3435-3441	dolori	
27-48	3442-3445	che	
27-49	3446-3448	si	
27-50	3449-3463	manifesteranno	
27-51	3464-3469	nella	
27-52	3470-3473	sua	
27-53	3474-3478	vita	
27-54	3478-3479	.	

#Text=Alcune piante godono lo speciale privilegio di non assorbire che un solo principio.
28-1	3480-3486	Alcune	
28-2	3487-3493	piante	
28-3	3494-3500	godono	
28-4	3501-3503	lo	
28-5	3504-3512	speciale	
28-6	3513-3523	privilegio	
28-7	3524-3526	di	
28-8	3527-3530	non	
28-9	3531-3540	assorbire	
28-10	3541-3544	che	
28-11	3545-3547	un	
28-12	3548-3552	solo	
28-13	3553-3562	principio	
28-14	3562-3563	.	

#Text=Se è il principio del male sono piante velenose, come la cicuta, la belladonna, il giusquiamo; se è il principio del bene sono piante benefiche, come la china del Perù, l ' arancio, la vite.
29-1	3564-3566	Se	
29-2	3567-3568	è	
29-3	3569-3571	il	
29-4	3572-3581	principio	
29-5	3582-3585	del	
29-6	3586-3590	male	
29-7	3591-3595	sono	
29-8	3596-3602	piante	
29-9	3603-3611	velenose	
29-10	3611-3612	,	
29-11	3613-3617	come	
29-12	3618-3620	la	
29-13	3621-3627	cicuta	
29-14	3627-3628	,	
29-15	3629-3631	la	
29-16	3632-3642	belladonna	
29-17	3642-3643	,	
29-18	3644-3646	il	
29-19	3647-3657	giusquiamo	
29-20	3657-3658	;	
29-21	3659-3661	se	
29-22	3662-3663	è	
29-23	3664-3666	il	
29-24	3667-3676	principio	
29-25	3677-3680	del	
29-26	3681-3685	bene	
29-27	3686-3690	sono	
29-28	3691-3697	piante	
29-29	3698-3707	benefiche	
29-30	3707-3708	,	
29-31	3709-3713	come	
29-32	3714-3716	la	
29-33	3717-3722	china	
29-34	3723-3726	del	
29-35	3727-3731	Perù	
29-36	3731-3732	,	
29-37	3733-3734	l	
29-38	3735-3736	'	
29-39	3737-3744	arancio	
29-40	3744-3745	,	
29-41	3746-3748	la	
29-42	3749-3753	vite	
29-43	3753-3754	.	

#Text=Le prime uccidono, le seconde risanano l ' uomo.
30-1	3755-3757	Le	
30-2	3758-3763	prime	
30-3	3764-3772	uccidono	
30-4	3772-3773	,	
30-5	3774-3776	le	
30-6	3777-3784	seconde	
30-7	3785-3793	risanano	
30-8	3794-3795	l	
30-9	3796-3797	'	
30-10	3798-3802	uomo	
30-11	3802-3803	.	

#Text=È certo che le dosi modificano la loro azione, potendo tornar giovevole una piccola dose di veleno, e micidiale una forte dose di vino.
31-1	3804-3805	È	
31-2	3806-3811	certo	
31-3	3812-3815	che	
31-4	3816-3818	le	
31-5	3819-3823	dosi	
31-6	3824-3834	modificano	
31-7	3835-3837	la	
31-8	3838-3842	loro	
31-9	3843-3849	azione	
31-10	3849-3850	,	
31-11	3851-3858	potendo	
31-12	3859-3865	tornar	
31-13	3866-3875	giovevole	
31-14	3876-3879	una	
31-15	3880-3887	piccola	
31-16	3888-3892	dose	
31-17	3893-3895	di	
31-18	3896-3902	veleno	
31-19	3902-3903	,	
31-20	3904-3905	e	
31-21	3906-3915	micidiale	
31-22	3916-3919	una	
31-23	3920-3925	forte	
31-24	3926-3930	dose	
31-25	3931-3933	di	
31-26	3934-3938	vino	
31-27	3938-3939	.	

#Text=Ma nel mondo morale succede lo stesso: un eccesso di gioia uccide, un dolore corregge un vizio.
32-1	3940-3942	Ma	
32-2	3943-3946	nel	
32-3	3947-3952	mondo	
32-4	3953-3959	morale	
32-5	3960-3967	succede	
32-6	3968-3970	lo	
32-7	3971-3977	stesso	
32-8	3977-3978	:	
32-9	3979-3981	un	
32-10	3982-3989	eccesso	
32-11	3990-3992	di	
32-12	3993-3998	gioia	
32-13	3999-4005	uccide	
32-14	4005-4006	,	
32-15	4007-4009	un	
32-16	4010-4016	dolore	
32-17	4017-4025	corregge	
32-18	4026-4028	un	
32-19	4029-4034	vizio	
32-20	4034-4035	.	

#Text=La vite ha la specialità di non raccogliere colle sue radici, e di non assorbire colle sue foglie altro che gli umori soavi ed esilaranti: lo spirito, l ' ilarità e l ' entusiasmo.
33-1	4036-4038	La	
33-2	4039-4043	vite	
33-3	4044-4046	ha	
33-4	4047-4049	la	
33-5	4050-4060	specialità	
33-6	4061-4063	di	
33-7	4064-4067	non	
33-8	4068-4079	raccogliere	
33-9	4080-4085	colle	
33-10	4086-4089	sue	
33-11	4090-4096	radici	
33-12	4096-4097	,	
33-13	4098-4099	e	
33-14	4100-4102	di	
33-15	4103-4106	non	
33-16	4107-4116	assorbire	
33-17	4117-4122	colle	
33-18	4123-4126	sue	
33-19	4127-4133	foglie	
33-20	4134-4139	altro	
33-21	4140-4143	che	
33-22	4144-4147	gli	
33-23	4148-4153	umori	
33-24	4154-4159	soavi	
33-25	4160-4162	ed	
33-26	4163-4173	esilaranti	
33-27	4173-4174	:	
33-28	4175-4177	lo	
33-29	4178-4185	spirito	
33-30	4185-4186	,	
33-31	4187-4188	l	
33-32	4189-4190	'	
33-33	4191-4198	ilarità	
33-34	4199-4200	e	
33-35	4201-4202	l	
33-36	4203-4204	'	
33-37	4205-4215	entusiasmo	
33-38	4215-4216	.	

#Text=Ecco il motivo pel quale mi sono votato a Bacco: mi pareva nelle mie critiche circostanze d ' aver sommo bisogno della particolare assistenza di questo dio.
34-1	4217-4221	Ecco	
34-2	4222-4224	il	
34-3	4225-4231	motivo	
34-4	4232-4235	pel	
34-5	4236-4241	quale	
34-6	4242-4244	mi	
34-7	4245-4249	sono	
34-8	4250-4256	votato	
34-9	4257-4258	a	
34-10	4259-4264	Bacco	
34-11	4264-4265	:	
34-12	4266-4268	mi	
34-13	4269-4275	pareva	
34-14	4276-4281	nelle	
34-15	4282-4285	mie	
34-16	4286-4294	critiche	
34-17	4295-4306	circostanze	
34-18	4307-4308	d	
34-19	4309-4310	'	
34-20	4311-4315	aver	
34-21	4316-4321	sommo	
34-22	4322-4329	bisogno	
34-23	4330-4335	della	
34-24	4336-4347	particolare	
34-25	4348-4358	assistenza	
34-26	4359-4361	di	
34-27	4362-4368	questo	
34-28	4369-4372	dio	
34-29	4372-4373	.	

#Text=Infatti esso distilla nel succo dei grappoli la quintessenza dell ' umana felicità.
35-1	4374-4381	Infatti	
35-2	4382-4386	esso	
35-3	4387-4395	distilla	
35-4	4396-4399	nel	
35-5	4400-4405	succo	
35-6	4406-4409	dei	
35-7	4410-4418	grappoli	
35-8	4419-4421	la	
35-9	4422-4434	quintessenza	
35-10	4435-4439	dell	
35-11	4440-4441	'	
35-12	4442-4447	umana	
35-13	4448-4456	felicità	
35-14	4456-4457	.	

#Text=Questa si assimila al vino, entra nelle botti e nelle bottiglie, brilla nei bicchieri come i rubini e i topazi d ' oro, esala nell ' aria gli effluvi de ' suoi aromi sottili.
36-1	4458-4464	Questa	
36-2	4465-4467	si	
36-3	4468-4476	assimila	
36-4	4477-4479	al	
36-5	4480-4484	vino	
36-6	4484-4485	,	
36-7	4486-4491	entra	
36-8	4492-4497	nelle	
36-9	4498-4503	botti	
36-10	4504-4505	e	
36-11	4506-4511	nelle	
36-12	4512-4521	bottiglie	
36-13	4521-4522	,	
36-14	4523-4529	brilla	
36-15	4530-4533	nei	
36-16	4534-4543	bicchieri	
36-17	4544-4548	come	
36-18	4549-4550	i	
36-19	4551-4557	rubini	
36-20	4558-4559	e	
36-21	4560-4561	i	
36-22	4562-4568	topazi	
36-23	4569-4570	d	
36-24	4571-4572	'	
36-25	4573-4576	oro	
36-26	4576-4577	,	
36-27	4578-4583	esala	
36-28	4584-4588	nell	
36-29	4589-4590	'	
36-30	4591-4595	aria	
36-31	4596-4599	gli	
36-32	4600-4607	effluvi	
36-33	4608-4610	de	
36-34	4611-4612	'	
36-35	4613-4617	suoi	
36-36	4618-4623	aromi	
36-37	4624-4631	sottili	
36-38	4631-4632	.	

#Text=Buon vino e buon umore sono sinonimi, e chi ne ha ne usi moderatamente per goderne a lungo, e chiuda le bottiglie con tappi solidi di sovero di Spagna, e metta capsule metalliche sul turacciolo per conservare scrupolosamente il profumo e lo spirito dell ' umana felicità distillata.
37-1	4633-4637	Buon	
37-2	4638-4642	vino	
37-3	4643-4644	e	
37-4	4645-4649	buon	
37-5	4650-4655	umore	
37-6	4656-4660	sono	
37-7	4661-4669	sinonimi	
37-8	4669-4670	,	
37-9	4671-4672	e	
37-10	4673-4676	chi	
37-11	4677-4679	ne	
37-12	4680-4682	ha	
37-13	4683-4685	ne	
37-14	4686-4689	usi	
37-15	4690-4703	moderatamente	
37-16	4704-4707	per	
37-17	4708-4715	goderne	
37-18	4716-4717	a	
37-19	4718-4723	lungo	
37-20	4723-4724	,	
37-21	4725-4726	e	
37-22	4727-4733	chiuda	
37-23	4734-4736	le	
37-24	4737-4746	bottiglie	
37-25	4747-4750	con	
37-26	4751-4756	tappi	
37-27	4757-4763	solidi	
37-28	4764-4766	di	
37-29	4767-4773	sovero	
37-30	4774-4776	di	
37-31	4777-4783	Spagna	
37-32	4783-4784	,	
37-33	4785-4786	e	
37-34	4787-4792	metta	
37-35	4793-4800	capsule	
37-36	4801-4811	metalliche	
37-37	4812-4815	sul	
37-38	4816-4826	turacciolo	
37-39	4827-4830	per	
37-40	4831-4841	conservare	
37-41	4842-4857	scrupolosamente	
37-42	4858-4860	il	
37-43	4861-4868	profumo	
37-44	4869-4870	e	
37-45	4871-4873	lo	
37-46	4874-4881	spirito	
37-47	4882-4886	dell	
37-48	4887-4888	'	
37-49	4889-4894	umana	
37-50	4895-4903	felicità	
37-51	4904-4914	distillata	
37-52	4914-4915	.	

#Text=Nel fondo d ' ogni buona bottiglia si trovano arcane consolazioni, affatto ignote a chi non beve che acqua.
38-1	4916-4919	Nel	
38-2	4920-4925	fondo	
38-3	4926-4927	d	
38-4	4928-4929	'	
38-5	4930-4934	ogni	
38-6	4935-4940	buona	
38-7	4941-4950	bottiglia	
38-8	4951-4953	si	
38-9	4954-4961	trovano	
38-10	4962-4968	arcane	
38-11	4969-4981	consolazioni	
38-12	4981-4982	,	
38-13	4983-4990	affatto	
38-14	4991-4997	ignote	
38-15	4998-4999	a	
38-16	5000-5003	chi	
38-17	5004-5007	non	
38-18	5008-5012	beve	
38-19	5013-5016	che	
38-20	5017-5022	acqua	
38-21	5022-5023	.	

#Text=Ma le passioni intemperanti spingono l ' uomo ad abusare di tutto, ond ' egli avvelena l ' aria destinata al suo respiro, intorbida le pure sorgenti e guasta i migliori succhi della vite.
39-1	5024-5026	Ma	
39-2	5027-5029	le	
39-3	5030-5038	passioni	
39-4	5039-5051	intemperanti	
39-5	5052-5060	spingono	
39-6	5061-5062	l	
39-7	5063-5064	'	
39-8	5065-5069	uomo	
39-9	5070-5072	ad	
39-10	5073-5080	abusare	
39-11	5081-5083	di	
39-12	5084-5089	tutto	
39-13	5089-5090	,	
39-14	5091-5094	ond	
39-15	5095-5096	'	
39-16	5097-5101	egli	
39-17	5102-5110	avvelena	
39-18	5111-5112	l	
39-19	5113-5114	'	
39-20	5115-5119	aria	
39-21	5120-5129	destinata	
39-22	5130-5132	al	
39-23	5133-5136	suo	
39-24	5137-5144	respiro	
39-25	5144-5145	,	
39-26	5146-5155	intorbida	
39-27	5156-5158	le	
39-28	5159-5163	pure	
39-29	5164-5172	sorgenti	
39-30	5173-5174	e	
39-31	5175-5181	guasta	
39-32	5182-5183	i	
39-33	5184-5192	migliori	
39-34	5193-5199	succhi	
39-35	5200-5205	della	
39-36	5206-5210	vite	
39-37	5210-5211	.	

#Text=Con alcuni buoni pensieri si possono fare pessimi vini; la colpa è tutta dell ' uomo, di questo guastamestieri della natura.
40-1	5212-5215	Con	
40-2	5216-5222	alcuni	
40-3	5223-5228	buoni	
40-4	5229-5237	pensieri	
40-5	5238-5240	si	
40-6	5241-5248	possono	
40-7	5249-5253	fare	
40-8	5254-5261	pessimi	
40-9	5262-5266	vini	
40-10	5266-5267	;	
40-11	5268-5270	la	
40-12	5271-5276	colpa	
40-13	5277-5278	è	
40-14	5279-5284	tutta	
40-15	5285-5289	dell	
40-16	5290-5291	'	
40-17	5292-5296	uomo	
40-18	5296-5297	,	
40-19	5298-5300	di	
40-20	5301-5307	questo	
40-21	5308-5322	guastamestieri	
40-22	5323-5328	della	
40-23	5329-5335	natura	
40-24	5335-5336	.	

#Text=Ma non basta fare il vino eccellente, bisogna anche saperne usare con moderazione.
41-1	5337-5339	Ma	
41-2	5340-5343	non	
41-3	5344-5349	basta	
41-4	5350-5354	fare	
41-5	5355-5357	il	
41-6	5358-5362	vino	
41-7	5363-5373	eccellente	
41-8	5373-5374	,	
41-9	5375-5382	bisogna	
41-10	5383-5388	anche	
41-11	5389-5396	saperne	
41-12	5397-5402	usare	
41-13	5403-5406	con	
41-14	5407-5418	moderazione	
41-15	5418-5419	.	

#Text=Che cosa è più soave negli ardori della canicola d ' una immersione in un bagno fresco?
42-1	5420-5423	Che	
42-2	5424-5428	cosa	
42-3	5429-5430	è	
42-4	5431-5434	più	
42-5	5435-5440	soave	
42-6	5441-5446	negli	
42-7	5447-5453	ardori	
42-8	5454-5459	della	
42-9	5460-5468	canicola	
42-10	5469-5470	d	
42-11	5471-5472	'	
42-12	5473-5476	una	
42-13	5477-5487	immersione	
42-14	5488-5490	in	
42-15	5491-5493	un	
42-16	5494-5499	bagno	
42-17	5500-5506	fresco	
42-18	5506-5507	?	

#Text=ma l ' uomo non si contenta di tuffarsi nell ' acqua fino al collo, egli corre ove il fiume è più rapido, ove il mare è più profondo; non si limita a nuotare alla superficie, ma vuole entrare sott ' acqua colla testa, e trova talvolta un pescecane che lo divora.... o un filo d ' erba che gli lega una gamba.... e l ' uomo s ' annega.
43-1	5508-5510	ma	
43-2	5511-5512	l	
43-3	5513-5514	'	
43-4	5515-5519	uomo	
43-5	5520-5523	non	
43-6	5524-5526	si	
43-7	5527-5535	contenta	
43-8	5536-5538	di	
43-9	5539-5547	tuffarsi	
43-10	5548-5552	nell	
43-11	5553-5554	'	
43-12	5555-5560	acqua	
43-13	5561-5565	fino	
43-14	5566-5568	al	
43-15	5569-5574	collo	
43-16	5574-5575	,	
43-17	5576-5580	egli	
43-18	5581-5586	corre	
43-19	5587-5590	ove	
43-20	5591-5593	il	
43-21	5594-5599	fiume	
43-22	5600-5601	è	
43-23	5602-5605	più	
43-24	5606-5612	rapido	
43-25	5612-5613	,	
43-26	5614-5617	ove	
43-27	5618-5620	il	
43-28	5621-5625	mare	
43-29	5626-5627	è	
43-30	5628-5631	più	
43-31	5632-5640	profondo	
43-32	5640-5641	;	
43-33	5642-5645	non	
43-34	5646-5648	si	
43-35	5649-5655	limita	
43-36	5656-5657	a	
43-37	5658-5665	nuotare	
43-38	5666-5670	alla	
43-39	5671-5681	superficie	
43-40	5681-5682	,	
43-41	5683-5685	ma	
43-42	5686-5691	vuole	
43-43	5692-5699	entrare	
43-44	5700-5704	sott	
43-45	5705-5706	'	
43-46	5707-5712	acqua	
43-47	5713-5718	colla	
43-48	5719-5724	testa	
43-49	5724-5725	,	
43-50	5726-5727	e	
43-51	5728-5733	trova	
43-52	5734-5742	talvolta	
43-53	5743-5745	un	
43-54	5746-5755	pescecane	
43-55	5756-5759	che	
43-56	5760-5762	lo	
43-57	5763-5769	divora	
43-58	5769-5770	.	
43-59	5770-5771	.	
43-60	5771-5772	.	
43-61	5772-5773	.	
43-62	5774-5775	o	
43-63	5776-5778	un	
43-64	5779-5783	filo	
43-65	5784-5785	d	
43-66	5786-5787	'	
43-67	5788-5792	erba	
43-68	5793-5796	che	
43-69	5797-5800	gli	
43-70	5801-5805	lega	
43-71	5806-5809	una	
43-72	5810-5815	gamba	
43-73	5815-5816	.	
43-74	5816-5817	.	
43-75	5817-5818	.	
43-76	5818-5819	.	
43-77	5820-5821	e	
43-78	5822-5823	l	
43-79	5824-5825	'	
43-80	5826-5830	uomo	
43-81	5831-5832	s	
43-82	5833-5834	'	
43-83	5835-5841	annega	
43-84	5841-5842	.	

#Text=L ' umana intemperanza riduce la vita ad un incubo insopportabile, quando si potrebbe goderne come d ' un sogno delizioso!
44-1	5843-5844	L	
44-2	5845-5846	'	
44-3	5847-5852	umana	
44-4	5853-5865	intemperanza	
44-5	5866-5872	riduce	
44-6	5873-5875	la	
44-7	5876-5880	vita	
44-8	5881-5883	ad	
44-9	5884-5886	un	
44-10	5887-5893	incubo	
44-11	5894-5908	insopportabile	
44-12	5908-5909	,	
44-13	5910-5916	quando	
44-14	5917-5919	si	
44-15	5920-5928	potrebbe	
44-16	5929-5936	goderne	
44-17	5937-5941	come	
44-18	5942-5943	d	
44-19	5944-5945	'	
44-20	5946-5948	un	
44-21	5949-5954	sogno	
44-22	5955-5964	delizioso	
44-23	5964-5965	!	

#Text=Così pure il vino subì la sorte di tante cose eccellenti e salubri ridotte nauseanti e pericolose.
45-1	5966-5970	Così	
45-2	5971-5975	pure	
45-3	5976-5978	il	
45-4	5979-5983	vino	
45-5	5984-5988	subì	
45-6	5989-5991	la	
45-7	5992-5997	sorte	
45-8	5998-6000	di	
45-9	6001-6006	tante	
45-10	6007-6011	cose	
45-11	6012-6022	eccellenti	
45-12	6023-6024	e	
45-13	6025-6032	salubri	
45-14	6033-6040	ridotte	
45-15	6041-6050	nauseanti	
45-16	6051-6052	e	
45-17	6053-6063	pericolose	
45-18	6063-6064	.	

#Text=Bacco ci offre un frutto che contiene le dosi d ' un elisire di lunga vita, e noi troviamo il modo di snaturare l ' essenza di questa divina materia per produrre un tossico ingrato e micidiale!
46-1	6065-6070	Bacco	
46-2	6071-6073	ci	
46-3	6074-6079	offre	
46-4	6080-6082	un	
46-5	6083-6089	frutto	
46-6	6090-6093	che	
46-7	6094-6102	contiene	
46-8	6103-6105	le	
46-9	6106-6110	dosi	
46-10	6111-6112	d	
46-11	6113-6114	'	
46-12	6115-6117	un	
46-13	6118-6125	elisire	
46-14	6126-6128	di	
46-15	6129-6134	lunga	
46-16	6135-6139	vita	
46-17	6139-6140	,	
46-18	6141-6142	e	
46-19	6143-6146	noi	
46-20	6147-6155	troviamo	
46-21	6156-6158	il	
46-22	6159-6163	modo	
46-23	6164-6166	di	
46-24	6167-6176	snaturare	
46-25	6177-6178	l	
46-26	6179-6180	'	
46-27	6181-6188	essenza	
46-28	6189-6191	di	
46-29	6192-6198	questa	
46-30	6199-6205	divina	
46-31	6206-6213	materia	
46-32	6214-6217	per	
46-33	6218-6226	produrre	
46-34	6227-6229	un	
46-35	6230-6237	tossico	
46-36	6238-6245	ingrato	
46-37	6246-6247	e	
46-38	6248-6257	micidiale	
46-39	6257-6258	!	

#Text=E i legislatori che condannano ai lavori forzati il falsario delle monete, non trovarono la benchè minima pena per punire i falsificatori del vino, che sono causa di gravi mali sociali, che avvelenano i loro simili, che guastano gli stomachi e i cervelli, che producono coliche e delitti!
47-1	6259-6260	E	
47-2	6261-6262	i	
47-3	6263-6274	legislatori	
47-4	6275-6278	che	
47-5	6279-6289	condannano	
47-6	6290-6292	ai	
47-7	6293-6299	lavori	
47-8	6300-6307	forzati	
47-9	6308-6310	il	
47-10	6311-6319	falsario	
47-11	6320-6325	delle	
47-12	6326-6332	monete	
47-13	6332-6333	,	
47-14	6334-6337	non	
47-15	6338-6347	trovarono	
47-16	6348-6350	la	
47-17	6351-6357	benchè	
47-18	6358-6364	minima	
47-19	6365-6369	pena	
47-20	6370-6373	per	
47-21	6374-6380	punire	
47-22	6381-6382	i	
47-23	6383-6396	falsificatori	
47-24	6397-6400	del	
47-25	6401-6405	vino	
47-26	6405-6406	,	
47-27	6407-6410	che	
47-28	6411-6415	sono	
47-29	6416-6421	causa	
47-30	6422-6424	di	
47-31	6425-6430	gravi	
47-32	6431-6435	mali	
47-33	6436-6443	sociali	
47-34	6443-6444	,	
47-35	6445-6448	che	
47-36	6449-6459	avvelenano	
47-37	6460-6461	i	
47-38	6462-6466	loro	
47-39	6467-6473	simili	
47-40	6473-6474	,	
47-41	6475-6478	che	
47-42	6479-6487	guastano	
47-43	6488-6491	gli	
47-44	6492-6500	stomachi	
47-45	6501-6502	e	
47-46	6503-6504	i	
47-47	6505-6513	cervelli	
47-48	6513-6514	,	
47-49	6515-6518	che	
47-50	6519-6528	producono	
47-51	6529-6536	coliche	
47-52	6537-6538	e	
47-53	6539-6546	delitti	
47-54	6546-6547	!	

#Text=L ' oste del mio villaggio, come tutti gli osti che godono questa impunità, aveva del vino buono e del cattivo.
48-1	6548-6549	L	
48-2	6550-6551	'	
48-3	6552-6556	oste	
48-4	6557-6560	del	
48-5	6561-6564	mio	
48-6	6565-6574	villaggio	
48-7	6574-6575	,	
48-8	6576-6580	come	
48-9	6581-6586	tutti	
48-10	6587-6590	gli	
48-11	6591-6595	osti	
48-12	6596-6599	che	
48-13	6600-6606	godono	
48-14	6607-6613	questa	
48-15	6614-6622	impunità	
48-16	6622-6623	,	
48-17	6624-6629	aveva	
48-18	6630-6633	del	
48-19	6634-6638	vino	
48-20	6639-6644	buono	
48-21	6645-6646	e	
48-22	6647-6650	del	
48-23	6651-6658	cattivo	
48-24	6658-6659	.	

#Text=Dapprincipio preferii la qualità alla quantità, e ne sentii gli effetti benefici al corpo ed all ' anima.
49-1	6660-6672	Dapprincipio	
49-2	6673-6681	preferii	
49-3	6682-6684	la	
49-4	6685-6692	qualità	
49-5	6693-6697	alla	
49-6	6698-6706	quantità	
49-7	6706-6707	,	
49-8	6708-6709	e	
49-9	6710-6712	ne	
49-10	6713-6719	sentii	
49-11	6720-6723	gli	
49-12	6724-6731	effetti	
49-13	6732-6740	benefici	
49-14	6741-6743	al	
49-15	6744-6749	corpo	
49-16	6750-6752	ed	
49-17	6753-6756	all	
49-18	6757-6758	'	
49-19	6759-6764	anima	
49-20	6764-6765	.	

#Text=Il buon vino mi facilitava la digestione e mi disponeva ad una benevolenza universale: io sentivo un bisogno di perdonare le offese, di tollerare le imposte più gravose, dimenticavo i mali sofferti, speravo nell ' avvenire.
50-1	6766-6768	Il	
50-2	6769-6773	buon	
50-3	6774-6778	vino	
50-4	6779-6781	mi	
50-5	6782-6792	facilitava	
50-6	6793-6795	la	
50-7	6796-6806	digestione	
50-8	6807-6808	e	
50-9	6809-6811	mi	
50-10	6812-6821	disponeva	
50-11	6822-6824	ad	
50-12	6825-6828	una	
50-13	6829-6840	benevolenza	
50-14	6841-6851	universale	
50-15	6851-6852	:	
50-16	6853-6855	io	
50-17	6856-6863	sentivo	
50-18	6864-6866	un	
50-19	6867-6874	bisogno	
50-20	6875-6877	di	
50-21	6878-6887	perdonare	
50-22	6888-6890	le	
50-23	6891-6897	offese	
50-24	6897-6898	,	
50-25	6899-6901	di	
50-26	6902-6911	tollerare	
50-27	6912-6914	le	
50-28	6915-6922	imposte	
50-29	6923-6926	più	
50-30	6927-6934	gravose	
50-31	6934-6935	,	
50-32	6936-6947	dimenticavo	
50-33	6948-6949	i	
50-34	6950-6954	mali	
50-35	6955-6963	sofferti	
50-36	6963-6964	,	
50-37	6965-6972	speravo	
50-38	6973-6977	nell	
50-39	6978-6979	'	
50-40	6980-6988	avvenire	
50-41	6988-6989	.	

#Text=I più dolci pensieri danzavano nella mia fantasia come sopra un tappeto di fiori, uno spirito di conciliazione animava il mio cuore, e mi addormentavo contento e beato, e sognavo che la contessa Savina mi dava un bacio, che la mugnaia me ne dava due, e poi si baciavano fra loro, e ci abbracciavamo tutti e tre.
51-1	6990-6991	I	
51-2	6992-6995	più	
51-3	6996-7001	dolci	
51-4	7002-7010	pensieri	
51-5	7011-7020	danzavano	
51-6	7021-7026	nella	
51-7	7027-7030	mia	
51-8	7031-7039	fantasia	
51-9	7040-7044	come	
51-10	7045-7050	sopra	
51-11	7051-7053	un	
51-12	7054-7061	tappeto	
51-13	7062-7064	di	
51-14	7065-7070	fiori	
51-15	7070-7071	,	
51-16	7072-7075	uno	
51-17	7076-7083	spirito	
51-18	7084-7086	di	
51-19	7087-7100	conciliazione	
51-20	7101-7108	animava	
51-21	7109-7111	il	
51-22	7112-7115	mio	
51-23	7116-7121	cuore	
51-24	7121-7122	,	
51-25	7123-7124	e	
51-26	7125-7127	mi	
51-27	7128-7140	addormentavo	
51-28	7141-7149	contento	
51-29	7150-7151	e	
51-30	7152-7157	beato	
51-31	7157-7158	,	
51-32	7159-7160	e	
51-33	7161-7168	sognavo	
51-34	7169-7172	che	
51-35	7173-7175	la	
51-36	7176-7184	contessa	
51-37	7185-7191	Savina	
51-38	7192-7194	mi	
51-39	7195-7199	dava	
51-40	7200-7202	un	
51-41	7203-7208	bacio	
51-42	7208-7209	,	
51-43	7210-7213	che	
51-44	7214-7216	la	
51-45	7217-7224	mugnaia	
51-46	7225-7227	me	
51-47	7228-7230	ne	
51-48	7231-7235	dava	
51-49	7236-7239	due	
51-50	7239-7240	,	
51-51	7241-7242	e	
51-52	7243-7246	poi	
51-53	7247-7249	si	
51-54	7250-7259	baciavano	
51-55	7260-7263	fra	
51-56	7264-7268	loro	
51-57	7268-7269	,	
51-58	7270-7271	e	
51-59	7272-7274	ci	
51-60	7275-7288	abbracciavamo	
51-61	7289-7294	tutti	
51-62	7295-7296	e	
51-63	7297-7300	tre	
51-64	7300-7301	.	

#Text=Erano visioni di paradiso!...
52-1	7302-7307	Erano	
52-2	7308-7315	visioni	
52-3	7316-7318	di	
52-4	7319-7327	paradiso	
52-5	7327-7328	!	
52-6	7328-7329	.	
52-7	7329-7330	.	
52-8	7330-7331	.	

#Text=Ma io non ho saputo contenermi nei limiti prescritti dalla ragione, dal buon senso e dall ' onestà!
53-1	7332-7334	Ma	
53-2	7335-7337	io	
53-3	7338-7341	non	
53-4	7342-7344	ho	
53-5	7345-7351	saputo	
53-6	7352-7362	contenermi	
53-7	7363-7366	nei	
53-8	7367-7373	limiti	
53-9	7374-7384	prescritti	
53-10	7385-7390	dalla	
53-11	7391-7398	ragione	
53-12	7398-7399	,	
53-13	7400-7403	dal	
53-14	7404-7408	buon	
53-15	7409-7414	senso	
53-16	7415-7416	e	
53-17	7417-7421	dall	
53-18	7422-7423	'	
53-19	7424-7430	onestà	
53-20	7430-7431	!	

#Text=Tuttavia, prima di raccontare i particolari di questo nuovo errore della mia gioventù, sento il bisogno di reclamare nuovamente le circostanze attenuanti, anche a benefizio di Bacco, accusato ingiustamente di connivenza ai miei falli.
54-1	7432-7440	Tuttavia	
54-2	7440-7441	,	
54-3	7442-7447	prima	
54-4	7448-7450	di	
54-5	7451-7461	raccontare	
54-6	7462-7463	i	
54-7	7464-7475	particolari	
54-8	7476-7478	di	
54-9	7479-7485	questo	
54-10	7486-7491	nuovo	
54-11	7492-7498	errore	
54-12	7499-7504	della	
54-13	7505-7508	mia	
54-14	7509-7517	gioventù	
54-15	7517-7518	,	
54-16	7519-7524	sento	
54-17	7525-7527	il	
54-18	7528-7535	bisogno	
54-19	7536-7538	di	
54-20	7539-7548	reclamare	
54-21	7549-7559	nuovamente	
54-22	7560-7562	le	
54-23	7563-7574	circostanze	
54-24	7575-7585	attenuanti	
54-25	7585-7586	,	
54-26	7587-7592	anche	
54-27	7593-7594	a	
54-28	7595-7604	benefizio	
54-29	7605-7607	di	
54-30	7608-7613	Bacco	
54-31	7613-7614	,	
54-32	7615-7623	accusato	
54-33	7624-7637	ingiustamente	
54-34	7638-7640	di	
54-35	7641-7651	connivenza	
54-36	7652-7654	ai	
54-37	7655-7659	miei	
54-38	7660-7665	falli	
54-39	7665-7666	.	

#Text=No, il vino non è la causa della mia intemperanza, come l ' acqua non è responsabile dei suicidii che si commettono nel suo seno.
55-1	7667-7669	No	
55-2	7669-7670	,	
55-3	7671-7673	il	
55-4	7674-7678	vino	
55-5	7679-7682	non	
55-6	7683-7684	è	
55-7	7685-7687	la	
55-8	7688-7693	causa	
55-9	7694-7699	della	
55-10	7700-7703	mia	
55-11	7704-7716	intemperanza	
55-12	7716-7717	,	
55-13	7718-7722	come	
55-14	7723-7724	l	
55-15	7725-7726	'	
55-16	7727-7732	acqua	
55-17	7733-7736	non	
55-18	7737-7738	è	
55-19	7739-7751	responsabile	
55-20	7752-7755	dei	
55-21	7756-7764	suicidii	
55-22	7765-7768	che	
55-23	7769-7771	si	
55-24	7772-7782	commettono	
55-25	7783-7786	nel	
55-26	7787-7790	suo	
55-27	7791-7795	seno	
55-28	7795-7796	.	

#Text=Non è l ' uso del vino, è l ' abuso che mi trascinò... sotto al tavolo.
56-1	7797-7800	Non	
56-2	7801-7802	è	
56-3	7803-7804	l	
56-4	7805-7806	'	
56-5	7807-7810	uso	
56-6	7811-7814	del	
56-7	7815-7819	vino	
56-8	7819-7820	,	
56-9	7821-7822	è	
56-10	7823-7824	l	
56-11	7825-7826	'	
56-12	7827-7832	abuso	
56-13	7833-7836	che	
56-14	7837-7839	mi	
56-15	7840-7848	trascinò	
56-16	7848-7849	.	
56-17	7849-7850	.	
56-18	7850-7851	.	
56-19	7852-7857	sotto	
56-20	7858-7860	al	
56-21	7861-7867	tavolo	
56-22	7867-7868	.	
