#FORMAT=WebAnno TSV 3.3
#T_SP=custom.Span|label
#T_RL=custom.Relation|label|BT_custom.Span


#Text=welches nicht zu fett/ auch
#Text=nicht zu mager/ ſondern mittelmaͤſſig ſey: dahero wenn der grund zu geil/
#Text=ſo ſetzet
#Text=
#Text=man etwas ſand hinzu/ und temperiret ihn alſo damit.
1-1	2-9	welches	_	_	_	
1-2	10-15	nicht	_	_	_	
1-3	16-18	zu	_	_	_	
1-4	19-23	fett	_	_	_	
1-5	23-24	/	_	_	_	
1-6	25-29	auch	_	_	_	
1-7	30-35	nicht	_	_	_	
1-8	36-38	zu	_	_	_	
1-9	39-44	mager	_	_	_	
1-10	44-45	/	_	_	_	
1-11	46-53	ſondern	_	_	_	
1-12	54-67	mittelmaͤſſig	_	_	_	
1-13	68-71	ſey	_	_	_	
1-14	71-72	:	_	_	_	
1-15	73-79	dahero	_	_	_	
1-16	80-84	wenn	_	_	_	
1-17	85-88	der	_	_	_	
1-18	89-94	grund	_	_	_	
1-19	95-97	zu	_	_	_	
1-20	98-102	geil	_	_	_	
1-21	102-103	/	_	_	_	
1-22	104-106	ſo	_	_	_	
1-23	107-113	ſetzet	_	_	_	
1-24	115-118	man	_	_	_	
1-25	119-124	etwas	_	_	_	
1-26	125-129	ſand	_	_	_	
1-27	130-135	hinzu	_	_	_	
1-28	135-136	/	_	_	_	
1-29	137-140	und	_	_	_	
1-30	141-151	temperiret	_	_	_	
1-31	152-155	ihn	_	_	_	
1-32	156-160	alſo	_	_	_	
1-33	161-166	damit	_	_	_	
1-34	166-167	.	_	_	_	

#Text=Der geile grund treibet an-
#Text=fangs zu ſtarck/ und bringet alſo zwar ſtarcke ſtengel und viel blaͤtter/ hergegen bleiben
#Text=die Blumen klein: der magere/ weil er nicht kan nahrung gnug geben/ verkleinert
#Text=alles.
2-1	168-171	Der	_	_	_	
2-2	172-177	geile	_	_	_	
2-3	178-183	grund	_	_	_	
2-4	184-191	treibet	_	_	_	
2-5	192-194	an	_	_	_	
2-6	194-195	-	_	_	_	
2-7	196-201	fangs	_	_	_	
2-8	202-204	zu	_	_	_	
2-9	205-211	ſtarck	_	_	_	
2-10	211-212	/	_	_	_	
2-11	213-216	und	_	_	_	
2-12	217-224	bringet	_	_	_	
2-13	225-229	alſo	_	_	_	
2-14	230-234	zwar	_	_	_	
2-15	235-242	ſtarcke	_	_	_	
2-16	243-250	ſtengel	_	_	_	
2-17	251-254	und	_	_	_	
2-18	255-259	viel	_	_	_	
2-19	260-268	blaͤtter	_	_	_	
2-20	268-269	/	_	_	_	
2-21	270-278	hergegen	_	_	_	
2-22	279-286	bleiben	_	_	_	
2-23	287-290	die	_	_	_	
2-24	291-297	Blumen	_	_	_	
2-25	298-303	klein	_	_	_	
2-26	303-304	:	_	_	_	
2-27	305-308	der	_	_	_	
2-28	309-315	magere	_	_	_	
2-29	315-316	/	_	_	_	
2-30	317-321	weil	_	_	_	
2-31	322-324	er	_	_	_	
2-32	325-330	nicht	_	_	_	
2-33	331-334	kan	_	_	_	
2-34	335-342	nahrung	_	_	_	
2-35	343-347	gnug	_	_	_	
2-36	348-353	geben	_	_	_	
2-37	353-354	/	_	_	_	
2-38	355-366	verkleinert	_	_	_	
2-39	367-372	alles	_	_	_	
2-40	372-373	.	_	_	_	

#Text=Sonſt hat eine tuͤchtige Blumen-erde folgende zeichen.
3-1	374-379	Sonſt	_	_	_	
3-2	380-383	hat	_	_	_	
3-3	384-388	eine	_	_	_	
3-4	389-398	tuͤchtige	_	_	_	
3-5	399-410	Blumen-erde	_	_	_	
3-6	411-419	folgende	_	_	_	
3-7	420-427	zeichen	_	_	_	
3-8	427-428	.	_	_	_	

#Text=Jm anſehen muß ſie
#Text=
#Text=ſeyn ſchwartzlecht: im fuͤhlen lucker und leicht/ wenn ſie trucken/ etwas klebrich aber/
#Text=
#Text=wenn ſie mit waſſer durchmenget wird: am geſchmack ſuͤß/ wenn man nemlich ei-
#Text=ne handvoll in ſuͤſſem waſſer zertreibet/ und wieder davon ſeiget: am geruch lieb-
#Text=lich/
#Text=welches ein kennzeichen einer guten temperatur/ iſt aber ein ſtanck dabey/ ſo iſt
#Text=ſie mit ſchweffelhafften/ mineraliſchen/ oder metalliſchen weſen vermenget.
4-1	429-431	Jm	_	_	_	
4-2	432-439	anſehen	_	_	_	
4-3	440-443	muß	_	_	_	
4-4	444-447	ſie	_	_	_	
4-5	449-453	ſeyn	_	_	_	
4-6	454-467	ſchwartzlecht	_	_	_	
4-7	467-468	:	_	_	_	
4-8	469-471	im	_	_	_	
4-9	472-479	fuͤhlen	_	_	_	
4-10	480-486	lucker	_	_	_	
4-11	487-490	und	_	_	_	
4-12	491-497	leicht	_	_	_	
4-13	497-498	/	_	_	_	
4-14	499-503	wenn	_	_	_	
4-15	504-507	ſie	_	_	_	
4-16	508-515	trucken	_	_	_	
4-17	515-516	/	_	_	_	
4-18	517-522	etwas	_	_	_	
4-19	523-531	klebrich	_	_	_	
4-20	532-536	aber	_	_	_	
4-21	536-537	/	_	_	_	
4-22	539-543	wenn	_	_	_	
4-23	544-547	ſie	_	_	_	
4-24	548-551	mit	_	_	_	
4-25	552-558	waſſer	_	_	_	
4-26	559-570	durchmenget	_	_	_	
4-27	571-575	wird	_	_	_	
4-28	575-576	:	_	_	_	
4-29	577-579	am	_	_	_	
4-30	580-589	geſchmack	_	_	_	
4-31	590-594	ſuͤß	_	_	_	
4-32	594-595	/	_	_	_	
4-33	596-600	wenn	_	_	_	
4-34	601-604	man	_	_	_	
4-35	605-612	nemlich	_	_	_	
4-36	613-615	ei	_	_	_	
4-37	615-616	-	_	_	_	
4-38	617-619	ne	_	_	_	
4-39	620-628	handvoll	_	_	_	
4-40	629-631	in	_	_	_	
4-41	632-639	ſuͤſſem	_	_	_	
4-42	640-646	waſſer	_	_	_	
4-43	647-657	zertreibet	_	_	_	
4-44	657-658	/	_	_	_	
4-45	659-662	und	_	_	_	
4-46	663-669	wieder	_	_	_	
4-47	670-675	davon	_	_	_	
4-48	676-682	ſeiget	_	_	_	
4-49	682-683	:	_	_	_	
4-50	684-686	am	_	_	_	
4-51	687-693	geruch	Smell\_Word	_	_	
4-52	694-698	lieb	Quality[1]	_	_	
4-53	698-699	-	Quality[1]	_	_	
4-54	700-704	lich	Quality[1]	_	_	
4-55	704-705	/	_	_	_	
4-56	706-713	welches	_	_	_	
4-57	714-717	ein	_	_	_	
4-58	718-729	kennzeichen	_	_	_	
4-59	730-735	einer	_	_	_	
4-60	736-741	guten	_	_	_	
4-61	742-752	temperatur	_	_	_	
4-62	752-753	/	_	_	_	
4-63	754-757	iſt	_	_	_	
4-64	758-762	aber	_	_	_	
4-65	763-766	ein	_	_	_	
4-66	767-773	ſtanck	Smell\_Word	_	_	
4-67	774-779	dabey	_	_	_	
4-68	779-780	/	_	_	_	
4-69	781-783	ſo	_	_	_	
4-70	784-787	iſt	_	_	_	
4-71	788-791	ſie	_	_	_	
4-72	792-795	mit	_	_	_	
4-73	796-812	ſchweffelhafften	_	_	_	
4-74	812-813	/	_	_	_	
4-75	814-827	mineraliſchen	_	_	_	
4-76	827-828	/	_	_	_	
4-77	829-833	oder	_	_	_	
4-78	834-846	metalliſchen	_	_	_	
4-79	847-852	weſen	_	_	_	
4-80	853-862	vermenget	_	_	_	
4-81	862-863	.	_	_	_	

#Text=Das
#Text=fertigſte mittel auserwehlte Blumen-erde zu erlangen/ iſt dieſes/ daß man aus einem
#Text=kuͤchen-garten die jenige uͤbertragen laͤſſet/
#Text=welche daſelbſt vorige jahr ſchon dienſt ge-
#Text=than: ſintemahl in derſelben der miſt allbereit zu erde/ und ſein ſtarcker geruch durch
#Text=Sonn und Regen verzehret worden.
#Text=
#Text=
#Text=3.
5-1	864-867	Das	_	_	_	
5-2	868-877	fertigſte	_	_	_	
5-3	878-884	mittel	_	_	_	
5-4	885-896	auserwehlte	_	_	_	
5-5	897-908	Blumen-erde	_	_	_	
5-6	909-911	zu	_	_	_	
5-7	912-920	erlangen	_	_	_	
5-8	920-921	/	_	_	_	
5-9	922-925	iſt	_	_	_	
5-10	926-932	dieſes	_	_	_	
5-11	932-933	/	_	_	_	
5-12	934-937	daß	_	_	_	
5-13	938-941	man	_	_	_	
5-14	942-945	aus	_	_	_	
5-15	946-951	einem	_	_	_	
5-16	952-966	kuͤchen-garten	_	_	_	
5-17	967-970	die	_	_	_	
5-18	971-977	jenige	_	_	_	
5-19	978-989	uͤbertragen	_	_	_	
5-20	990-997	laͤſſet	_	_	_	
5-21	997-998	/	_	_	_	
5-22	999-1005	welche	_	_	_	
5-23	1006-1014	daſelbſt	_	_	_	
5-24	1015-1021	vorige	_	_	_	
5-25	1022-1026	jahr	_	_	_	
5-26	1027-1032	ſchon	_	_	_	
5-27	1033-1039	dienſt	_	_	_	
5-28	1040-1042	ge	_	_	_	
5-29	1042-1043	-	_	_	_	
5-30	1044-1048	than	_	_	_	
5-31	1048-1049	:	_	_	_	
5-32	1050-1059	ſintemahl	_	_	_	
5-33	1060-1062	in	_	_	_	
5-34	1063-1072	derſelben	_	_	_	
5-35	1073-1076	der	_	_	_	
5-36	1077-1081	miſt	Smell\_Source	*	5-42	
5-37	1082-1091	allbereit	_	_	_	
5-38	1092-1094	zu	_	_	_	
5-39	1095-1099	erde	_	_	_	
5-40	1099-1100	/	_	_	_	
5-41	1101-1104	und	_	_	_	
5-42	1105-1109	ſein	Smell\_Source	_	_	
5-43	1110-1118	ſtarcker	Quality	_	_	
5-44	1119-1125	geruch	Smell\_Word	_	_	
5-45	1126-1131	durch	_	_	_	
5-46	1132-1136	Sonn	_	_	_	
5-47	1137-1140	und	_	_	_	
5-48	1141-1146	Regen	_	_	_	
5-49	1147-1156	verzehret	_	_	_	
5-50	1157-1163	worden	_	_	_	
5-51	1163-1164	.	_	_	_	
5-52	1167-1168	3	_	_	_	
5-53	1168-1169	.	_	_	_	

#Text=Von Gelendern
#Text=.
6-1	1170-1173	Von	_	_	_	
6-2	1174-1183	Gelendern	_	_	_	
6-3	1184-1185	.	_	_	_	

#Text=Wenn die bezeunung des gantzen Gartens durch eine Mawr geſchehen/
#Text=ſo
#Text=giebet es einen uͤbelſtand/
#Text=ſie alſo bloß an zuſchawen: und iſt ſo dann von noͤthen/
#Text=
#Text=daß ihre inwendige ſeite/ fuͤrnemlich aber an dem theil des Blumengartens/ mit ei-
#Text=nem Eſpalier oder Gelender von Obſtbaͤumen bedecket und tapezieret werde.
7-1	1187-1191	Wenn	_	_	_	
7-2	1192-1195	die	_	_	_	
7-3	1196-1205	bezeunung	_	_	_	
7-4	1206-1209	des	_	_	_	
7-5	1210-1217	gantzen	_	_	_	
7-6	1218-1225	Gartens	_	_	_	
7-7	1226-1231	durch	_	_	_	
7-8	1232-1236	eine	_	_	_	
7-9	1237-1241	Mawr	_	_	_	
7-10	1242-1251	geſchehen	_	_	_	
7-11	1251-1252	/	_	_	_	
7-12	1253-1255	ſo	_	_	_	
7-13	1256-1262	giebet	_	_	_	
7-14	1263-1265	es	_	_	_	
7-15	1266-1271	einen	_	_	_	
7-16	1272-1282	uͤbelſtand	_	_	_	
7-17	1282-1283	/	_	_	_	
7-18	1284-1287	ſie	_	_	_	
7-19	1288-1292	alſo	_	_	_	
7-20	1293-1297	bloß	_	_	_	
7-21	1298-1300	an	_	_	_	
7-22	1301-1310	zuſchawen	_	_	_	
7-23	1310-1311	:	_	_	_	
7-24	1312-1315	und	_	_	_	
7-25	1316-1319	iſt	_	_	_	
7-26	1320-1322	ſo	_	_	_	
7-27	1323-1327	dann	_	_	_	
7-28	1328-1331	von	_	_	_	
7-29	1332-1339	noͤthen	_	_	_	
7-30	1339-1340	/	_	_	_	
7-31	1342-1345	daß	_	_	_	
7-32	1346-1350	ihre	_	_	_	
7-33	1351-1360	inwendige	_	_	_	
7-34	1361-1366	ſeite	_	_	_	
7-35	1366-1367	/	_	_	_	
7-36	1368-1379	fuͤrnemlich	_	_	_	
7-37	1380-1384	aber	_	_	_	
7-38	1385-1387	an	_	_	_	
7-39	1388-1391	dem	_	_	_	
7-40	1392-1397	theil	_	_	_	
7-41	1398-1401	des	_	_	_	
7-42	1402-1415	Blumengartens	_	_	_	
7-43	1415-1416	/	_	_	_	
7-44	1417-1420	mit	_	_	_	
7-45	1421-1423	ei	_	_	_	
7-46	1423-1424	-	_	_	_	
7-47	1425-1428	nem	_	_	_	
7-48	1429-1437	Eſpalier	_	_	_	
7-49	1438-1442	oder	_	_	_	
7-50	1443-1451	Gelender	_	_	_	
7-51	1452-1455	von	_	_	_	
7-52	1456-1467	Obſtbaͤumen	_	_	_	
7-53	1468-1476	bedecket	_	_	_	
7-54	1477-1480	und	_	_	_	
7-55	1481-1491	tapezieret	_	_	_	
7-56	1492-1497	werde	_	_	_	
7-57	1497-1498	.	_	_	_	

#Text=Zu ſol-
#Text=chem ende machet ein Geruͤſte von ſtangen und latten quer uͤber einander/ in form ei-
#Text=nes gitters etwa zehen fuß hoch/ geſchlagen: beveſtiget auch ſolch geruͤſte an etlichen
#Text=orten mit Windeiſen/
#Text=jedoch daß es nicht gar zu dicht anſchlieſſe/ ſondern ein wenig
#Text=raum bleibe/
8-1	1499-1501	Zu	_	_	_	
8-2	1502-1505	ſol	_	_	_	
8-3	1505-1506	-	_	_	_	
8-4	1507-1511	chem	_	_	_	
8-5	1512-1516	ende	_	_	_	
8-6	1517-1523	machet	_	_	_	
8-7	1524-1527	ein	_	_	_	
8-8	1528-1536	Geruͤſte	_	_	_	
8-9	1537-1540	von	_	_	_	
8-10	1541-1548	ſtangen	_	_	_	
8-11	1549-1552	und	_	_	_	
8-12	1553-1559	latten	_	_	_	
8-13	1560-1564	quer	_	_	_	
8-14	1565-1570	uͤber	_	_	_	
8-15	1571-1579	einander	_	_	_	
8-16	1579-1580	/	_	_	_	
8-17	1581-1583	in	_	_	_	
8-18	1584-1588	form	_	_	_	
8-19	1589-1591	ei	_	_	_	
8-20	1591-1592	-	_	_	_	
8-21	1593-1596	nes	_	_	_	
8-22	1597-1604	gitters	_	_	_	
8-23	1605-1609	etwa	_	_	_	
8-24	1610-1615	zehen	_	_	_	
8-25	1616-1619	fuß	_	_	_	
8-26	1620-1624	hoch	_	_	_	
8-27	1624-1625	/	_	_	_	
8-28	1626-1636	geſchlagen	_	_	_	
8-29	1636-1637	:	_	_	_	
8-30	1638-1648	beveſtiget	_	_	_	
8-31	1649-1653	auch	_	_	_	
8-32	1654-1659	ſolch	_	_	_	
8-33	1660-1668	geruͤſte	_	_	_	
8-34	1669-1671	an	_	_	_	
8-35	1672-1680	etlichen	_	_	_	
8-36	1681-1686	orten	_	_	_	
8-37	1687-1690	mit	_	_	_	
8-38	1691-1700	Windeiſen	_	_	_	
8-39	1700-1701	/	_	_	_	
8-40	1702-1708	jedoch	_	_	_	
8-41	1709-1712	daß	_	_	_	
8-42	1713-1715	es	_	_	_	
8-43	1716-1721	nicht	_	_	_	
8-44	1722-1725	gar	_	_	_	
8-45	1726-1728	zu	_	_	_	
8-46	1729-1734	dicht	_	_	_	
8-47	1735-1746	anſchlieſſe	_	_	_	
8-48	1746-1747	/	_	_	_	
8-49	1748-1755	ſondern	_	_	_	
8-50	1756-1759	ein	_	_	_	
8-51	1760-1765	wenig	_	_	_	
8-52	1766-1770	raum	_	_	_	
8-53	1771-1777	bleibe	_	_	_	
8-54	1777-1778	/	_	_	_	
