#FORMAT=WebAnno TSV 3.3


#Text=Del modo di distillare le acque da tutte le piante, e come vi si possino conservare i loro veri odori, e sapori.
1-1	0-3	Del	
1-2	4-8	modo	
1-3	9-11	di	
1-4	12-22	distillare	
1-5	23-25	le	
1-6	26-31	acque	
1-7	32-34	da	
1-8	35-40	tutte	
1-9	41-43	le	
1-10	44-50	piante	
1-11	50-51	,	
1-12	52-53	e	
1-13	54-58	come	
1-14	59-61	vi	
1-15	62-64	si	
1-16	65-72	possino	
1-17	73-83	conservare	
1-18	84-85	i	
1-19	86-90	loro	
1-20	91-95	veri	
1-21	96-101	odori	
1-22	101-102	,	
1-23	103-104	e	
1-24	105-111	sapori	
1-25	111-112	.	

#Text=On ritrovo che Medico veruno delli antichi habbi mai scritto del modo di lambiccare le acque dalle piante, ò da altre cose vegetabili.
2-1	113-115	On	
2-2	116-123	ritrovo	
2-3	124-127	che	
2-4	128-134	Medico	
2-5	135-141	veruno	
2-6	142-147	delli	
2-7	148-155	antichi	
2-8	156-161	habbi	
2-9	162-165	mai	
2-10	166-173	scritto	
2-11	174-177	del	
2-12	178-182	modo	
2-13	183-185	di	
2-14	186-196	lambiccare	
2-15	197-199	le	
2-16	200-205	acque	
2-17	206-211	dalle	
2-18	212-218	piante	
2-19	218-219	,	
2-20	220-221	ò	
2-21	222-224	da	
2-22	225-230	altre	
2-23	231-235	cose	
2-24	236-246	vegetabili	
2-25	246-247	.	

#Text=Imperoche usavano in vece delle acque distillate per curare i foro infermi, ò infusioni, o dicottioni, come quelli, che dalle acque distillate non havevano notitia alcuna.
3-1	248-257	Imperoche	
3-2	258-265	usavano	
3-3	266-268	in	
3-4	269-273	vece	
3-5	274-279	delle	
3-6	280-285	acque	
3-7	286-296	distillate	
3-8	297-300	per	
3-9	301-307	curare	
3-10	308-309	i	
3-11	310-314	foro	
3-12	315-322	infermi	
3-13	322-323	,	
3-14	324-325	ò	
3-15	326-335	infusioni	
3-16	335-336	,	
3-17	337-338	o	
3-18	339-349	dicottioni	
3-19	349-350	,	
3-20	351-355	come	
3-21	356-362	quelli	
3-22	362-363	,	
3-23	364-367	che	
3-24	368-373	dalle	
3-25	374-379	acque	
3-26	380-390	distillate	
3-27	391-394	non	
3-28	395-403	havevano	
3-29	404-411	notitia	
3-30	412-418	alcuna	
3-31	418-419	.	

#Text=Però adunque bisogna dire, che la inventione del destillare le acque, è cosa di non lungo tempo.
4-1	420-424	Però	
4-2	425-432	adunque	
4-3	433-440	bisogna	
4-4	441-445	dire	
4-5	445-446	,	
4-6	447-450	che	
4-7	451-453	la	
4-8	454-464	inventione	
4-9	465-468	del	
4-10	469-479	destillare	
4-11	480-482	le	
4-12	483-488	acque	
4-13	488-489	,	
4-14	490-491	è	
4-15	492-496	cosa	
4-16	497-499	di	
4-17	500-503	non	
4-18	504-509	lungo	
4-19	510-515	tempo	
4-20	515-516	.	

#Text=Et vogliono la più parte, che il modo sia stato ritrovato dalli Alchimisti, se ben sono alcuni, che dicono esser stato ritrovato accidentalmente da un Medico, il quale essendo diligentissimo investigatore delle cose naturali, et havendo un giorno cotto delle biegole per mangiarsele, le pose calde, anzi boglienti dalla pignatta in un piatto di stagno, et acciò si mantenessero ben calde coperse con un’altro piatto simile, et venendo poscia il tempo di mangiarsele, et ritrovando il piatto di sopra tutto di dentro così abbombato d’acqua, che gocciolava per tutto all’intorno, et che le gocciole havevano l’istesso sapore delle bietole, havendo così imparato l’arte dalla natura, s’imaginò di fabricare uno instrumento di piombo simile à una campana con il suo lambicco ritorto per coperchio d’una Padella di rame, piena di herba fresca, et collocata sopra un Fornello dove si potesse accendere il fuoco, per mezzo del quale si havesse à convertire il lor vapore in limpidissima acqua.
5-1	517-519	Et	
5-2	520-528	vogliono	
5-3	529-531	la	
5-4	532-535	più	
5-5	536-541	parte	
5-6	541-542	,	
5-7	543-546	che	
5-8	547-549	il	
5-9	550-554	modo	
5-10	555-558	sia	
5-11	559-564	stato	
5-12	565-574	ritrovato	
5-13	575-580	dalli	
5-14	581-591	Alchimisti	
5-15	591-592	,	
5-16	593-595	se	
5-17	596-599	ben	
5-18	600-604	sono	
5-19	605-611	alcuni	
5-20	611-612	,	
5-21	613-616	che	
5-22	617-623	dicono	
5-23	624-629	esser	
5-24	630-635	stato	
5-25	636-645	ritrovato	
5-26	646-661	accidentalmente	
5-27	662-664	da	
5-28	665-667	un	
5-29	668-674	Medico	
5-30	674-675	,	
5-31	676-678	il	
5-32	679-684	quale	
5-33	685-692	essendo	
5-34	693-707	diligentissimo	
5-35	708-721	investigatore	
5-36	722-727	delle	
5-37	728-732	cose	
5-38	733-741	naturali	
5-39	741-742	,	
5-40	743-745	et	
5-41	746-753	havendo	
5-42	754-756	un	
5-43	757-763	giorno	
5-44	764-769	cotto	
5-45	770-775	delle	
5-46	776-783	biegole	
5-47	784-787	per	
5-48	788-799	mangiarsele	
5-49	799-800	,	
5-50	801-803	le	
5-51	804-808	pose	
5-52	809-814	calde	
5-53	814-815	,	
5-54	816-820	anzi	
5-55	821-830	boglienti	
5-56	831-836	dalla	
5-57	837-845	pignatta	
5-58	846-848	in	
5-59	849-851	un	
5-60	852-858	piatto	
5-61	859-861	di	
5-62	862-868	stagno	
5-63	868-869	,	
5-64	870-872	et	
5-65	873-878	acciò	
5-66	879-881	si	
5-67	882-894	mantenessero	
5-68	895-898	ben	
5-69	899-904	calde	
5-70	905-912	coperse	
5-71	913-916	con	
5-72	917-919	un	
5-73	919-920	’	
5-74	920-925	altro	
5-75	926-932	piatto	
5-76	933-939	simile	
5-77	939-940	,	
5-78	941-943	et	
5-79	944-951	venendo	
5-80	952-958	poscia	
5-81	959-961	il	
5-82	962-967	tempo	
5-83	968-970	di	
5-84	971-982	mangiarsele	
5-85	982-983	,	
5-86	984-986	et	
5-87	987-997	ritrovando	
5-88	998-1000	il	
5-89	1001-1007	piatto	
5-90	1008-1010	di	
5-91	1011-1016	sopra	
5-92	1017-1022	tutto	
5-93	1023-1025	di	
5-94	1026-1032	dentro	
5-95	1033-1037	così	
5-96	1038-1047	abbombato	
5-97	1048-1049	d	
5-98	1049-1050	’	
5-99	1050-1055	acqua	
5-100	1055-1056	,	
5-101	1057-1060	che	
5-102	1061-1071	gocciolava	
5-103	1072-1075	per	
5-104	1076-1081	tutto	
5-105	1082-1085	all	
5-106	1085-1086	’	
5-107	1086-1093	intorno	
5-108	1093-1094	,	
5-109	1095-1097	et	
5-110	1098-1101	che	
5-111	1102-1104	le	
5-112	1105-1113	gocciole	
5-113	1114-1122	havevano	
5-114	1123-1124	l	
5-115	1124-1125	’	
5-116	1125-1132	istesso	
5-117	1133-1139	sapore	
5-118	1140-1145	delle	
5-119	1146-1153	bietole	
5-120	1153-1154	,	
5-121	1155-1162	havendo	
5-122	1163-1167	così	
5-123	1168-1176	imparato	
5-124	1177-1178	l	
5-125	1178-1179	’	
5-126	1179-1183	arte	
5-127	1184-1189	dalla	
5-128	1190-1196	natura	
5-129	1196-1197	,	
5-130	1198-1199	s	
5-131	1199-1200	’	
5-132	1200-1207	imaginò	
5-133	1208-1210	di	
5-134	1211-1220	fabricare	
5-135	1221-1224	uno	
5-136	1225-1236	instrumento	
5-137	1237-1239	di	
5-138	1240-1246	piombo	
5-139	1247-1253	simile	
5-140	1254-1255	à	
5-141	1256-1259	una	
5-142	1260-1267	campana	
5-143	1268-1271	con	
5-144	1272-1274	il	
5-145	1275-1278	suo	
5-146	1279-1287	lambicco	
5-147	1288-1295	ritorto	
5-148	1296-1299	per	
5-149	1300-1309	coperchio	
5-150	1310-1311	d	
5-151	1311-1312	’	
5-152	1312-1315	una	
5-153	1316-1323	Padella	
5-154	1324-1326	di	
5-155	1327-1331	rame	
5-156	1331-1332	,	
5-157	1333-1338	piena	
5-158	1339-1341	di	
5-159	1342-1347	herba	
5-160	1348-1354	fresca	
5-161	1354-1355	,	
5-162	1356-1358	et	
5-163	1359-1368	collocata	
5-164	1369-1374	sopra	
5-165	1375-1377	un	
5-166	1378-1386	Fornello	
5-167	1387-1391	dove	
5-168	1392-1394	si	
5-169	1395-1402	potesse	
5-170	1403-1412	accendere	
5-171	1413-1415	il	
5-172	1416-1421	fuoco	
5-173	1421-1422	,	
5-174	1423-1426	per	
5-175	1427-1432	mezzo	
5-176	1433-1436	del	
5-177	1437-1442	quale	
5-178	1443-1445	si	
5-179	1446-1453	havesse	
5-180	1454-1455	à	
5-181	1456-1466	convertire	
5-182	1467-1469	il	
5-183	1470-1473	lor	
5-184	1474-1480	vapore	
5-185	1481-1483	in	
5-186	1484-1496	limpidissima	
5-187	1497-1502	acqua	
5-188	1502-1503	.	

#Text=Nel che non si ingannò punto, riuscendoli molto bene il disegno.
6-1	1504-1507	Nel	
6-2	1508-1511	che	
6-3	1512-1515	non	
6-4	1516-1518	si	
6-5	1519-1526	ingannò	
6-6	1527-1532	punto	
6-7	1532-1533	,	
6-8	1534-1545	riuscendoli	
6-9	1546-1551	molto	
6-10	1552-1556	bene	
6-11	1557-1559	il	
6-12	1560-1567	disegno	
6-13	1567-1568	.	

#Text=Imperoche elesse con fondamento ragionevole di far le Campane di Piombo imaginandosi, che questo metallo per la sua frigidità fusse più atto di tutti gl’altri à fare ingrossare il vapore delle piante scaldate dal fuoco, et farlo convertire in acqua.
7-1	1569-1578	Imperoche	
7-2	1579-1585	elesse	
7-3	1586-1589	con	
7-4	1590-1600	fondamento	
7-5	1601-1612	ragionevole	
7-6	1613-1615	di	
7-7	1616-1619	far	
7-8	1620-1622	le	
7-9	1623-1630	Campane	
7-10	1631-1633	di	
7-11	1634-1640	Piombo	
7-12	1641-1653	imaginandosi	
7-13	1653-1654	,	
7-14	1655-1658	che	
7-15	1659-1665	questo	
7-16	1666-1673	metallo	
7-17	1674-1677	per	
7-18	1678-1680	la	
7-19	1681-1684	sua	
7-20	1685-1694	frigidità	
7-21	1695-1700	fusse	
7-22	1701-1704	più	
7-23	1705-1709	atto	
7-24	1710-1712	di	
7-25	1713-1718	tutti	
7-26	1719-1721	gl	
7-27	1721-1722	’	
7-28	1722-1727	altri	
7-29	1728-1729	à	
7-30	1730-1734	fare	
7-31	1735-1745	ingrossare	
7-32	1746-1748	il	
7-33	1749-1755	vapore	
7-34	1756-1761	delle	
7-35	1762-1768	piante	
7-36	1769-1777	scaldate	
7-37	1778-1781	dal	
7-38	1782-1787	fuoco	
7-39	1787-1788	,	
7-40	1789-1791	et	
7-41	1792-1797	farlo	
7-42	1798-1808	convertire	
7-43	1809-1811	in	
7-44	1812-1817	acqua	
7-45	1817-1818	.	

#Text=Onde non senza gran giuditio, et ragione fece egli questo instrumento, avvenga che non si ritrovi Lambicco veruno, di qualsivoglia metallo, ò materia, che renda più acqua di quelli, che si fanno di Piombo.
8-1	1819-1823	Onde	
8-2	1824-1827	non	
8-3	1828-1833	senza	
8-4	1834-1838	gran	
8-5	1839-1847	giuditio	
8-6	1847-1848	,	
8-7	1849-1851	et	
8-8	1852-1859	ragione	
8-9	1860-1864	fece	
8-10	1865-1869	egli	
8-11	1870-1876	questo	
8-12	1877-1888	instrumento	
8-13	1888-1889	,	
8-14	1890-1897	avvenga	
8-15	1898-1901	che	
8-16	1902-1905	non	
8-17	1906-1908	si	
8-18	1909-1916	ritrovi	
8-19	1917-1925	Lambicco	
8-20	1926-1932	veruno	
8-21	1932-1933	,	
8-22	1934-1936	di	
8-23	1937-1949	qualsivoglia	
8-24	1950-1957	metallo	
8-25	1957-1958	,	
8-26	1959-1960	ò	
8-27	1961-1968	materia	
8-28	1968-1969	,	
8-29	1970-1973	che	
8-30	1974-1979	renda	
8-31	1980-1983	più	
8-32	1984-1989	acqua	
8-33	1990-1992	di	
8-34	1993-1999	quelli	
8-35	1999-2000	,	
8-36	2001-2004	che	
8-37	2005-2007	si	
8-38	2008-2013	fanno	
8-39	2014-2016	di	
8-40	2017-2023	Piombo	
8-41	2023-2024	.	

#Text=Il che essendo poi contemplato da altri che successero all’inventore della cosa (come che facil cosa sia d’aggiongere alle cose già ritrovate) s’imaginarno di fare una Fornace, che contenesse più, et più di queste Campane, acciòche con un fuoco solo, et con molto minore spesa, et travaglio si potesse fare gran quantità d’acqua ogni giorno.
9-1	2025-2027	Il	
9-2	2028-2031	che	
9-3	2032-2039	essendo	
9-4	2040-2043	poi	
9-5	2044-2055	contemplato	
9-6	2056-2058	da	
9-7	2059-2064	altri	
9-8	2065-2068	che	
9-9	2069-2079	successero	
9-10	2080-2083	all	
9-11	2083-2084	’	
9-12	2084-2093	inventore	
9-13	2094-2099	della	
9-14	2100-2104	cosa	
9-15	2105-2106	(	
9-16	2106-2110	come	
9-17	2111-2114	che	
9-18	2115-2120	facil	
9-19	2121-2125	cosa	
9-20	2126-2129	sia	
9-21	2130-2131	d	
9-22	2131-2132	’	
9-23	2132-2142	aggiongere	
9-24	2143-2147	alle	
9-25	2148-2152	cose	
9-26	2153-2156	già	
9-27	2157-2166	ritrovate	
9-28	2166-2167	)	
9-29	2168-2169	s	
9-30	2169-2170	’	
9-31	2170-2180	imaginarno	
9-32	2181-2183	di	
9-33	2184-2188	fare	
9-34	2189-2192	una	
9-35	2193-2200	Fornace	
9-36	2200-2201	,	
9-37	2202-2205	che	
9-38	2206-2216	contenesse	
9-39	2217-2220	più	
9-40	2220-2221	,	
9-41	2222-2224	et	
9-42	2225-2228	più	
9-43	2229-2231	di	
9-44	2232-2238	queste	
9-45	2239-2246	Campane	
9-46	2246-2247	,	
9-47	2248-2256	acciòche	
9-48	2257-2260	con	
9-49	2261-2263	un	
9-50	2264-2269	fuoco	
9-51	2270-2274	solo	
9-52	2274-2275	,	
9-53	2276-2278	et	
9-54	2279-2282	con	
9-55	2283-2288	molto	
9-56	2289-2295	minore	
9-57	2296-2301	spesa	
9-58	2301-2302	,	
9-59	2303-2305	et	
9-60	2306-2315	travaglio	
9-61	2316-2318	si	
9-62	2319-2326	potesse	
9-63	2327-2331	fare	
9-64	2332-2336	gran	
9-65	2337-2345	quantità	
9-66	2346-2347	d	
9-67	2347-2348	’	
9-68	2348-2353	acqua	
9-69	2354-2358	ogni	
9-70	2359-2365	giorno	
9-71	2365-2366	.	

#Text=Per la qual cosa si fabricorno una fornace fatta nel modo che si vede nella prima figura qui posta da noi.
10-1	2367-2370	Per	
10-2	2371-2373	la	
10-3	2374-2378	qual	
10-4	2379-2383	cosa	
10-5	2384-2386	si	
10-6	2387-2397	fabricorno	
10-7	2398-2401	una	
10-8	2402-2409	fornace	
10-9	2410-2415	fatta	
10-10	2416-2419	nel	
10-11	2420-2424	modo	
10-12	2425-2428	che	
10-13	2429-2431	si	
10-14	2432-2436	vede	
10-15	2437-2442	nella	
10-16	2443-2448	prima	
10-17	2449-2455	figura	
10-18	2456-2459	qui	
10-19	2460-2465	posta	
10-20	2466-2468	da	
10-21	2469-2472	noi	
10-22	2472-2473	.	

#Text=Mà avvenga che non manchino del continuo nuovi ingegni, che cercano con l’acutezza dell’intelletto loro di migliorare le cose per avanti ritrovate da altri, et massimamente da coloro, che si chiamano Maestri dell’Arte della Chimica; dico che vedendo costoro, che le acque distillate per Campane di Piombo non riportano seco ne odore, ne sapore per uno dell’herbe, ò delle piante da cui si distillano mà che più presto hanno odore di fumo, et di brusciatticcio, et che quelle, che si distillano da herbe amare, o veramente acute non hanno al gusto ne amaritudine, ne acutezza alcuna, mà che più presto hanno del dolce, si proposero di usare per distillare le loro acque un’altra sorte di Lambiccare; et così si fabricorno quello instrumento, che in Germania chiamano Vescia, il quale è l’istesso, che s’usa per per fare l’acqua vite, che si fà dal vino, o dalla sua feccia, come si vede dissegnato, in questo trattato nella seconda figura: mettendo in questo à bollire nell’acqua com munecommune le herbe, et distillandone quel tanto, che se ne conduce fuora il cappello, che ricuopre il vaso, come ben si può chiarire ciascuno per la imagine datta da noi.
11-1	2474-2476	Mà	
11-2	2477-2484	avvenga	
11-3	2485-2488	che	
11-4	2489-2492	non	
11-5	2493-2501	manchino	
11-6	2502-2505	del	
11-7	2506-2514	continuo	
11-8	2515-2520	nuovi	
11-9	2521-2528	ingegni	
11-10	2528-2529	,	
11-11	2530-2533	che	
11-12	2534-2541	cercano	
11-13	2542-2545	con	
11-14	2546-2547	l	
11-15	2547-2548	’	
11-16	2548-2556	acutezza	
11-17	2557-2561	dell	
11-18	2561-2562	’	
11-19	2562-2572	intelletto	
11-20	2573-2577	loro	
11-21	2578-2580	di	
11-22	2581-2591	migliorare	
11-23	2592-2594	le	
11-24	2595-2599	cose	
11-25	2600-2603	per	
11-26	2604-2610	avanti	
11-27	2611-2620	ritrovate	
11-28	2621-2623	da	
11-29	2624-2629	altri	
11-30	2629-2630	,	
11-31	2631-2633	et	
11-32	2634-2646	massimamente	
11-33	2647-2649	da	
11-34	2650-2656	coloro	
11-35	2656-2657	,	
11-36	2658-2661	che	
11-37	2662-2664	si	
11-38	2665-2673	chiamano	
11-39	2674-2681	Maestri	
11-40	2682-2686	dell	
11-41	2686-2687	’	
11-42	2687-2691	Arte	
11-43	2692-2697	della	
11-44	2698-2705	Chimica	
11-45	2705-2706	;	
11-46	2707-2711	dico	
11-47	2712-2715	che	
11-48	2716-2723	vedendo	
11-49	2724-2731	costoro	
11-50	2731-2732	,	
11-51	2733-2736	che	
11-52	2737-2739	le	
11-53	2740-2745	acque	
11-54	2746-2756	distillate	
11-55	2757-2760	per	
11-56	2761-2768	Campane	
11-57	2769-2771	di	
11-58	2772-2778	Piombo	
11-59	2779-2782	non	
11-60	2783-2792	riportano	
11-61	2793-2797	seco	
11-62	2798-2800	ne	
11-63	2801-2806	odore	
11-64	2806-2807	,	
11-65	2808-2810	ne	
11-66	2811-2817	sapore	
11-67	2818-2821	per	
11-68	2822-2825	uno	
11-69	2826-2830	dell	
11-70	2830-2831	’	
11-71	2831-2836	herbe	
11-72	2836-2837	,	
11-73	2838-2839	ò	
11-74	2840-2845	delle	
11-75	2846-2852	piante	
11-76	2853-2855	da	
11-77	2856-2859	cui	
11-78	2860-2862	si	
11-79	2863-2873	distillano	
11-80	2874-2876	mà	
11-81	2877-2880	che	
11-82	2881-2884	più	
11-83	2885-2891	presto	
11-84	2892-2897	hanno	
11-85	2898-2903	odore	
11-86	2904-2906	di	
11-87	2907-2911	fumo	
11-88	2911-2912	,	
11-89	2913-2915	et	
11-90	2916-2918	di	
11-91	2919-2933	brusciatticcio	
11-92	2933-2934	,	
11-93	2935-2937	et	
11-94	2938-2941	che	
11-95	2942-2948	quelle	
11-96	2948-2949	,	
11-97	2950-2953	che	
11-98	2954-2956	si	
11-99	2957-2967	distillano	
11-100	2968-2970	da	
11-101	2971-2976	herbe	
11-102	2977-2982	amare	
11-103	2982-2983	,	
11-104	2984-2985	o	
11-105	2986-2995	veramente	
11-106	2996-3001	acute	
11-107	3002-3005	non	
11-108	3006-3011	hanno	
11-109	3012-3014	al	
11-110	3015-3020	gusto	
11-111	3021-3023	ne	
11-112	3024-3035	amaritudine	
11-113	3035-3036	,	
11-114	3037-3039	ne	
11-115	3040-3048	acutezza	
11-116	3049-3055	alcuna	
11-117	3055-3056	,	
11-118	3057-3059	mà	
11-119	3060-3063	che	
11-120	3064-3067	più	
11-121	3068-3074	presto	
11-122	3075-3080	hanno	
11-123	3081-3084	del	
11-124	3085-3090	dolce	
11-125	3090-3091	,	
11-126	3092-3094	si	
11-127	3095-3104	proposero	
11-128	3105-3107	di	
11-129	3108-3113	usare	
11-130	3114-3117	per	
11-131	3118-3128	distillare	
11-132	3129-3131	le	
11-133	3132-3136	loro	
11-134	3137-3142	acque	
11-135	3143-3145	un	
11-136	3145-3146	’	
11-137	3146-3151	altra	
11-138	3152-3157	sorte	
11-139	3158-3160	di	
11-140	3161-3171	Lambiccare	
11-141	3171-3172	;	
11-142	3173-3175	et	
11-143	3176-3180	così	
11-144	3181-3183	si	
11-145	3184-3194	fabricorno	
11-146	3195-3201	quello	
11-147	3202-3213	instrumento	
11-148	3213-3214	,	
11-149	3215-3218	che	
11-150	3219-3221	in	
11-151	3222-3230	Germania	
11-152	3231-3239	chiamano	
11-153	3240-3246	Vescia	
11-154	3246-3247	,	
11-155	3248-3250	il	
11-156	3251-3256	quale	
11-157	3257-3258	è	
11-158	3259-3260	l	
11-159	3260-3261	’	
11-160	3261-3268	istesso	
11-161	3268-3269	,	
11-162	3270-3273	che	
11-163	3274-3275	s	
11-164	3275-3276	’	
11-165	3276-3279	usa	
11-166	3280-3283	per	
11-167	3284-3287	per	
11-168	3288-3292	fare	
11-169	3293-3294	l	
11-170	3294-3295	’	
11-171	3295-3300	acqua	
11-172	3301-3305	vite	
11-173	3305-3306	,	
11-174	3307-3310	che	
11-175	3311-3313	si	
11-176	3314-3316	fà	
11-177	3317-3320	dal	
11-178	3321-3325	vino	
11-179	3325-3326	,	
11-180	3327-3328	o	
11-181	3329-3334	dalla	
11-182	3335-3338	sua	
11-183	3339-3345	feccia	
11-184	3345-3346	,	
11-185	3347-3351	come	
11-186	3352-3354	si	
11-187	3355-3359	vede	
11-188	3360-3370	dissegnato	
11-189	3370-3371	,	
11-190	3372-3374	in	
11-191	3375-3381	questo	
11-192	3382-3390	trattato	
11-193	3391-3396	nella	
11-194	3397-3404	seconda	
11-195	3405-3411	figura	
11-196	3411-3412	:	
11-197	3413-3421	mettendo	
11-198	3422-3424	in	
11-199	3425-3431	questo	
11-200	3432-3433	à	
11-201	3434-3441	bollire	
11-202	3442-3446	nell	
11-203	3446-3447	’	
11-204	3447-3452	acqua	
11-205	3453-3456	com	
11-206	3457-3468	munecommune	
11-207	3469-3471	le	
11-208	3472-3477	herbe	
11-209	3477-3478	,	
11-210	3479-3481	et	
11-211	3482-3495	distillandone	
11-212	3496-3500	quel	
11-213	3501-3506	tanto	
11-214	3506-3507	,	
11-215	3508-3511	che	
11-216	3512-3514	se	
11-217	3515-3517	ne	
11-218	3518-3525	conduce	
11-219	3526-3531	fuora	
11-220	3532-3534	il	
11-221	3535-3543	cappello	
11-222	3543-3544	,	
11-223	3545-3548	che	
11-224	3549-3557	ricuopre	
11-225	3558-3560	il	
11-226	3561-3565	vaso	
11-227	3565-3566	,	
11-228	3567-3571	come	
11-229	3572-3575	ben	
11-230	3576-3578	si	
11-231	3579-3582	può	
11-232	3583-3591	chiarire	
11-233	3592-3600	ciascuno	
11-234	3601-3604	per	
11-235	3605-3607	la	
11-236	3608-3615	imagine	
11-237	3616-3621	datta	
11-238	3622-3624	da	
11-239	3625-3628	noi	
11-240	3628-3629	.	

#Text=Mà perche sempre coloro, che sono delli ultimi, hanno maggior campo di venire alla perfettione delle cose, havendosi finalmente considerato, che le acque, che si lambiccano per la vesica non sono acque pure delle piante, che vi si mettono, ma mescolate con gran parte dell’acqua con cui vi si pongono à bollire: s’è finalmente ritrovato; che il distillare delle piante à bagno d’acqua calda, qual chiamano di Maria, overo al calore del suo vapore, superano in bontà, et in chiarezza tutte le altre predette; et ciò si conosce; Imperoche queste riportano seco gl’odori, et i sapori nativi, et naturali dell’herbe, da cui si distillano; Et questo interviene, perciò che il bagno dell’acqua calda con la sua humidità, conserva, et ritiene unite, tutte le parti più sottili, che si contengono nelle piante.
12-1	3630-3632	Mà	
12-2	3633-3639	perche	
12-3	3640-3646	sempre	
12-4	3647-3653	coloro	
12-5	3653-3654	,	
12-6	3655-3658	che	
12-7	3659-3663	sono	
12-8	3664-3669	delli	
12-9	3670-3676	ultimi	
12-10	3676-3677	,	
12-11	3678-3683	hanno	
12-12	3684-3691	maggior	
12-13	3692-3697	campo	
12-14	3698-3700	di	
12-15	3701-3707	venire	
12-16	3708-3712	alla	
12-17	3713-3724	perfettione	
12-18	3725-3730	delle	
12-19	3731-3735	cose	
12-20	3735-3736	,	
12-21	3737-3746	havendosi	
12-22	3747-3757	finalmente	
12-23	3758-3769	considerato	
12-24	3769-3770	,	
12-25	3771-3774	che	
12-26	3775-3777	le	
12-27	3778-3783	acque	
12-28	3783-3784	,	
12-29	3785-3788	che	
12-30	3789-3791	si	
12-31	3792-3802	lambiccano	
12-32	3803-3806	per	
12-33	3807-3809	la	
12-34	3810-3816	vesica	
12-35	3817-3820	non	
12-36	3821-3825	sono	
12-37	3826-3831	acque	
12-38	3832-3836	pure	
12-39	3837-3842	delle	
12-40	3843-3849	piante	
12-41	3849-3850	,	
12-42	3851-3854	che	
12-43	3855-3857	vi	
12-44	3858-3860	si	
12-45	3861-3868	mettono	
12-46	3868-3869	,	
12-47	3870-3872	ma	
12-48	3873-3882	mescolate	
12-49	3883-3886	con	
12-50	3887-3891	gran	
12-51	3892-3897	parte	
12-52	3898-3902	dell	
12-53	3902-3903	’	
12-54	3903-3908	acqua	
12-55	3909-3912	con	
12-56	3913-3916	cui	
12-57	3917-3919	vi	
12-58	3920-3922	si	
12-59	3923-3930	pongono	
12-60	3931-3932	à	
12-61	3933-3940	bollire	
12-62	3940-3941	:	
12-63	3942-3943	s	
12-64	3943-3944	’	
12-65	3944-3945	è	
12-66	3946-3956	finalmente	
12-67	3957-3966	ritrovato	
12-68	3966-3967	;	
12-69	3968-3971	che	
12-70	3972-3974	il	
12-71	3975-3985	distillare	
12-72	3986-3991	delle	
12-73	3992-3998	piante	
12-74	3999-4000	à	
12-75	4001-4006	bagno	
12-76	4007-4008	d	
12-77	4008-4009	’	
12-78	4009-4014	acqua	
12-79	4015-4020	calda	
12-80	4020-4021	,	
12-81	4022-4026	qual	
12-82	4027-4035	chiamano	
12-83	4036-4038	di	
12-84	4039-4044	Maria	
12-85	4044-4045	,	
12-86	4046-4051	overo	
12-87	4052-4054	al	
12-88	4055-4061	calore	
12-89	4062-4065	del	
12-90	4066-4069	suo	
12-91	4070-4076	vapore	
12-92	4076-4077	,	
12-93	4078-4086	superano	
12-94	4087-4089	in	
12-95	4090-4095	bontà	
12-96	4095-4096	,	
12-97	4097-4099	et	
12-98	4100-4102	in	
12-99	4103-4112	chiarezza	
12-100	4113-4118	tutte	
12-101	4119-4121	le	
12-102	4122-4127	altre	
12-103	4128-4136	predette	
12-104	4136-4137	;	
12-105	4138-4140	et	
12-106	4141-4144	ciò	
12-107	4145-4147	si	
12-108	4148-4155	conosce	
12-109	4155-4156	;	
12-110	4157-4166	Imperoche	
12-111	4167-4173	queste	
12-112	4174-4183	riportano	
12-113	4184-4188	seco	
12-114	4189-4191	gl	
12-115	4191-4192	’	
12-116	4192-4197	odori	
12-117	4197-4198	,	
12-118	4199-4201	et	
12-119	4202-4203	i	
12-120	4204-4210	sapori	
12-121	4211-4217	nativi	
12-122	4217-4218	,	
12-123	4219-4221	et	
12-124	4222-4230	naturali	
12-125	4231-4235	dell	
12-126	4235-4236	’	
12-127	4236-4241	herbe	
12-128	4241-4242	,	
12-129	4243-4245	da	
12-130	4246-4249	cui	
12-131	4250-4252	si	
12-132	4253-4263	distillano	
12-133	4263-4264	;	
12-134	4265-4267	Et	
12-135	4268-4274	questo	
12-136	4275-4285	interviene	
12-137	4285-4286	,	
12-138	4287-4293	perciò	
12-139	4294-4297	che	
12-140	4298-4300	il	
12-141	4301-4306	bagno	
12-142	4307-4311	dell	
12-143	4311-4312	’	
12-144	4312-4317	acqua	
12-145	4318-4323	calda	
12-146	4324-4327	con	
12-147	4328-4330	la	
12-148	4331-4334	sua	
12-149	4335-4343	humidità	
12-150	4343-4344	,	
12-151	4345-4353	conserva	
12-152	4353-4354	,	
12-153	4355-4357	et	
12-154	4358-4365	ritiene	
12-155	4366-4371	unite	
12-156	4371-4372	,	
12-157	4373-4378	tutte	
12-158	4379-4381	le	
12-159	4382-4387	parti	
12-160	4388-4391	più	
12-161	4392-4399	sottili	
12-162	4399-4400	,	
12-163	4401-4404	che	
12-164	4405-4407	si	
12-165	4408-4418	contengono	
12-166	4419-4424	nelle	
12-167	4425-4431	piante	
12-168	4431-4432	.	

#Text=Il che, fà che queste non sì risolvino nelle piante che si lambiccano, così come si risolvono agevolmente in quelle, che si fanno con Campane di Piombo, et s’abbrusciano nei vasi di rame, ove si mettono per la violenza del fuoco ò di legna, ò di carbone, che si fà loro continuamente sotto; Et però tanta differenza è tra le acque, che si distillano per Campane di Piombo, et quelle, che si fanno à bagno con capelli di vetro quanto è veramente frà l’acqua, et in vino, ò fra l’oro, et il Piombo.
13-1	4433-4435	Il	
13-2	4436-4439	che	
13-3	4439-4440	,	
13-4	4441-4443	fà	
13-5	4444-4447	che	
13-6	4448-4454	queste	
13-7	4455-4458	non	
13-8	4459-4461	sì	
13-9	4462-4471	risolvino	
13-10	4472-4477	nelle	
13-11	4478-4484	piante	
13-12	4485-4488	che	
13-13	4489-4491	si	
13-14	4492-4502	lambiccano	
13-15	4502-4503	,	
13-16	4504-4508	così	
13-17	4509-4513	come	
13-18	4514-4516	si	
13-19	4517-4526	risolvono	
13-20	4527-4538	agevolmente	
13-21	4539-4541	in	
13-22	4542-4548	quelle	
13-23	4548-4549	,	
13-24	4550-4553	che	
13-25	4554-4556	si	
13-26	4557-4562	fanno	
13-27	4563-4566	con	
13-28	4567-4574	Campane	
13-29	4575-4577	di	
13-30	4578-4584	Piombo	
13-31	4584-4585	,	
13-32	4586-4588	et	
13-33	4589-4590	s	
13-34	4590-4591	’	
13-35	4591-4602	abbrusciano	
13-36	4603-4606	nei	
13-37	4607-4611	vasi	
13-38	4612-4614	di	
13-39	4615-4619	rame	
13-40	4619-4620	,	
13-41	4621-4624	ove	
13-42	4625-4627	si	
13-43	4628-4635	mettono	
13-44	4636-4639	per	
13-45	4640-4642	la	
13-46	4643-4651	violenza	
13-47	4652-4655	del	
13-48	4656-4661	fuoco	
13-49	4662-4663	ò	
13-50	4664-4666	di	
13-51	4667-4672	legna	
13-52	4672-4673	,	
13-53	4674-4675	ò	
13-54	4676-4678	di	
13-55	4679-4686	carbone	
13-56	4686-4687	,	
13-57	4688-4691	che	
13-58	4692-4694	si	
13-59	4695-4697	fà	
13-60	4698-4702	loro	
13-61	4703-4716	continuamente	
13-62	4717-4722	sotto	
13-63	4722-4723	;	
13-64	4724-4726	Et	
13-65	4727-4731	però	
13-66	4732-4737	tanta	
13-67	4738-4748	differenza	
13-68	4749-4750	è	
13-69	4751-4754	tra	
13-70	4755-4757	le	
13-71	4758-4763	acque	
13-72	4763-4764	,	
13-73	4765-4768	che	
13-74	4769-4771	si	
13-75	4772-4782	distillano	
13-76	4783-4786	per	
13-77	4787-4794	Campane	
13-78	4795-4797	di	
13-79	4798-4804	Piombo	
13-80	4804-4805	,	
13-81	4806-4808	et	
13-82	4809-4815	quelle	
13-83	4815-4816	,	
13-84	4817-4820	che	
13-85	4821-4823	si	
13-86	4824-4829	fanno	
13-87	4830-4831	à	
13-88	4832-4837	bagno	
13-89	4838-4841	con	
13-90	4842-4849	capelli	
13-91	4850-4852	di	
13-92	4853-4858	vetro	
13-93	4859-4865	quanto	
13-94	4866-4867	è	
13-95	4868-4877	veramente	
13-96	4878-4881	frà	
13-97	4882-4883	l	
13-98	4883-4884	’	
13-99	4884-4889	acqua	
13-100	4889-4890	,	
13-101	4891-4893	et	
13-102	4894-4896	in	
13-103	4897-4901	vino	
13-104	4901-4902	,	
13-105	4903-4904	ò	
13-106	4905-4908	fra	
13-107	4909-4910	l	
13-108	4910-4911	’	
13-109	4911-4914	oro	
13-110	4914-4915	,	
13-111	4916-4918	et	
13-112	4919-4921	il	
13-113	4922-4928	Piombo	
13-114	4928-4929	.	

#Text=Imperoche quelle, che si fanno nel bagno dell’acqua che boglia, overo al caldo del suo vapore con lambicchi di vetro (come dimostreremo dipoi) non sono veramente punto differenti nel odore, et nel sapore dalle isteffe piante, da cui si distillano.
14-1	4930-4939	Imperoche	
14-2	4940-4946	quelle	
14-3	4946-4947	,	
14-4	4948-4951	che	
14-5	4952-4954	si	
14-6	4955-4960	fanno	
14-7	4961-4964	nel	
14-8	4965-4970	bagno	
14-9	4971-4975	dell	
14-10	4975-4976	’	
14-11	4976-4981	acqua	
14-12	4982-4985	che	
14-13	4986-4992	boglia	
14-14	4992-4993	,	
14-15	4994-4999	overo	
14-16	5000-5002	al	
14-17	5003-5008	caldo	
14-18	5009-5012	del	
14-19	5013-5016	suo	
14-20	5017-5023	vapore	
14-21	5024-5027	con	
14-22	5028-5037	lambicchi	
14-23	5038-5040	di	
14-24	5041-5046	vetro	
14-25	5047-5048	(	
14-26	5048-5052	come	
14-27	5053-5065	dimostreremo	
14-28	5066-5071	dipoi	
14-29	5071-5072	)	
14-30	5073-5076	non	
14-31	5077-5081	sono	
14-32	5082-5091	veramente	
14-33	5092-5097	punto	
14-34	5098-5108	differenti	
14-35	5109-5112	nel	
14-36	5113-5118	odore	
14-37	5118-5119	,	
14-38	5120-5122	et	
14-39	5123-5126	nel	
14-40	5127-5133	sapore	
14-41	5134-5139	dalle	
14-42	5140-5147	isteffe	
14-43	5148-5154	piante	
14-44	5154-5155	,	
14-45	5156-5158	da	
14-46	5159-5162	cui	
14-47	5163-5165	si	
14-48	5166-5176	distillano	
14-49	5176-5177	.	

#Text=Imò che non solamente riportano seco le proprie qualità dalle piante, mà sono limpide, et sincere, che non vi si sente punto di odore di fumo, ne d’altra qualsivoglia cosa, che non sia naturale di quell’herbe, dalle quali si cavano; Et per il contrario mai, ò rarissime volte si gustano l’acque fatte per lambicchi di Piombo, che non lascino la bocca piena ò di fumo, ò di abbrusciato.
15-1	5178-5181	Imò	
15-2	5182-5185	che	
15-3	5186-5189	non	
15-4	5190-5199	solamente	
15-5	5200-5209	riportano	
15-6	5210-5214	seco	
15-7	5215-5217	le	
15-8	5218-5225	proprie	
15-9	5226-5233	qualità	
15-10	5234-5239	dalle	
15-11	5240-5246	piante	
15-12	5246-5247	,	
15-13	5248-5250	mà	
15-14	5251-5255	sono	
15-15	5256-5263	limpide	
15-16	5263-5264	,	
15-17	5265-5267	et	
15-18	5268-5275	sincere	
15-19	5275-5276	,	
15-20	5277-5280	che	
15-21	5281-5284	non	
15-22	5285-5287	vi	
15-23	5288-5290	si	
15-24	5291-5296	sente	
15-25	5297-5302	punto	
15-26	5303-5305	di	
15-27	5306-5311	odore	
15-28	5312-5314	di	
15-29	5315-5319	fumo	
15-30	5319-5320	,	
15-31	5321-5323	ne	
15-32	5324-5325	d	
15-33	5325-5326	’	
15-34	5326-5331	altra	
15-35	5332-5344	qualsivoglia	
15-36	5345-5349	cosa	
15-37	5349-5350	,	
15-38	5351-5354	che	
15-39	5355-5358	non	
15-40	5359-5362	sia	
15-41	5363-5371	naturale	
15-42	5372-5374	di	
15-43	5375-5380	quell	
15-44	5380-5381	’	
15-45	5381-5386	herbe	
15-46	5386-5387	,	
15-47	5388-5393	dalle	
15-48	5394-5399	quali	
15-49	5400-5402	si	
15-50	5403-5409	cavano	
15-51	5409-5410	;	
15-52	5411-5413	Et	
15-53	5414-5417	per	
15-54	5418-5420	il	
15-55	5421-5430	contrario	
15-56	5431-5434	mai	
15-57	5434-5435	,	
15-58	5436-5437	ò	
15-59	5438-5447	rarissime	
15-60	5448-5453	volte	
15-61	5454-5456	si	
15-62	5457-5464	gustano	
15-63	5465-5466	l	
15-64	5466-5467	’	
15-65	5467-5472	acque	
15-66	5473-5478	fatte	
15-67	5479-5482	per	
15-68	5483-5492	lambicchi	
15-69	5493-5495	di	
15-70	5496-5502	Piombo	
15-71	5502-5503	,	
15-72	5504-5507	che	
15-73	5508-5511	non	
15-74	5512-5519	lascino	
15-75	5520-5522	la	
15-76	5523-5528	bocca	
15-77	5529-5534	piena	
15-78	5535-5536	ò	
15-79	5537-5539	di	
15-80	5540-5544	fumo	
15-81	5544-5545	,	
15-82	5546-5547	ò	
15-83	5548-5550	di	
15-84	5551-5562	abbrusciato	
15-85	5562-5563	.	

#Text=La qual cosa non solamente commove la nausea, et lo stomacho à chi le gusta, e specialmente alli amalati, i quali sono sempre più difficili da contentare, che i sani, mà nuocono molto al petto allo stomacho, al fegato, et alle viscere di tutto il corpo, per riportare elle seco la mala qualità del Piombo con cui si distillano.
16-1	5564-5566	La	
16-2	5567-5571	qual	
16-3	5572-5576	cosa	
16-4	5577-5580	non	
16-5	5581-5590	solamente	
16-6	5591-5598	commove	
16-7	5599-5601	la	
16-8	5602-5608	nausea	
16-9	5608-5609	,	
16-10	5610-5612	et	
16-11	5613-5615	lo	
16-12	5616-5624	stomacho	
16-13	5625-5626	à	
16-14	5627-5630	chi	
16-15	5631-5633	le	
16-16	5634-5639	gusta	
16-17	5639-5640	,	
16-18	5641-5642	e	
16-19	5643-5655	specialmente	
16-20	5656-5660	alli	
16-21	5661-5668	amalati	
16-22	5668-5669	,	
16-23	5670-5671	i	
16-24	5672-5677	quali	
16-25	5678-5682	sono	
16-26	5683-5689	sempre	
16-27	5690-5693	più	
16-28	5694-5703	difficili	
16-29	5704-5706	da	
16-30	5707-5717	contentare	
16-31	5717-5718	,	
16-32	5719-5722	che	
16-33	5723-5724	i	
16-34	5725-5729	sani	
16-35	5729-5730	,	
16-36	5731-5733	mà	
16-37	5734-5741	nuocono	
16-38	5742-5747	molto	
16-39	5748-5750	al	
16-40	5751-5756	petto	
16-41	5757-5761	allo	
16-42	5762-5770	stomacho	
16-43	5770-5771	,	
16-44	5772-5774	al	
16-45	5775-5781	fegato	
16-46	5781-5782	,	
16-47	5783-5785	et	
16-48	5786-5790	alle	
16-49	5791-5798	viscere	
16-50	5799-5801	di	
16-51	5802-5807	tutto	
16-52	5808-5810	il	
16-53	5811-5816	corpo	
16-54	5816-5817	,	
16-55	5818-5821	per	
16-56	5822-5831	riportare	
16-57	5832-5836	elle	
16-58	5837-5841	seco	
16-59	5842-5844	la	
16-60	5845-5849	mala	
16-61	5850-5857	qualità	
16-62	5858-5861	del	
16-63	5862-5868	Piombo	
16-64	5869-5872	con	
16-65	5873-5876	cui	
16-66	5877-5879	si	
16-67	5880-5890	distillano	
16-68	5890-5891	.	

#Text=Et però ben diceva Galeno nel settimo libro delle compositioni de i medicamenti secondo i luoghi al secondo capo nella sua confettione fatta di capi di Papaveri, che si deve fuggire l’acqua che si conduce per canali di Piombo, imperoche la genera la disenteria, et scortica le budella.
17-1	5892-5894	Et	
17-2	5895-5899	però	
17-3	5900-5903	ben	
17-4	5904-5910	diceva	
17-5	5911-5917	Galeno	
17-6	5918-5921	nel	
17-7	5922-5929	settimo	
17-8	5930-5935	libro	
17-9	5936-5941	delle	
17-10	5942-5954	compositioni	
17-11	5955-5957	de	
17-12	5958-5959	i	
17-13	5960-5971	medicamenti	
17-14	5972-5979	secondo	
17-15	5980-5981	i	
17-16	5982-5988	luoghi	
17-17	5989-5991	al	
17-18	5992-5999	secondo	
17-19	6000-6004	capo	
17-20	6005-6010	nella	
17-21	6011-6014	sua	
17-22	6015-6026	confettione	
17-23	6027-6032	fatta	
17-24	6033-6035	di	
17-25	6036-6040	capi	
17-26	6041-6043	di	
17-27	6044-6052	Papaveri	
17-28	6052-6053	,	
17-29	6054-6057	che	
17-30	6058-6060	si	
17-31	6061-6065	deve	
17-32	6066-6073	fuggire	
17-33	6074-6075	l	
17-34	6075-6076	’	
17-35	6076-6081	acqua	
17-36	6082-6085	che	
17-37	6086-6088	si	
17-38	6089-6096	conduce	
17-39	6097-6100	per	
17-40	6101-6107	canali	
17-41	6108-6110	di	
17-42	6111-6117	Piombo	
17-43	6117-6118	,	
17-44	6119-6128	imperoche	
17-45	6129-6131	la	
17-46	6132-6138	genera	
17-47	6139-6141	la	
17-48	6142-6152	disenteria	
17-49	6152-6153	,	
17-50	6154-6156	et	
17-51	6157-6165	scortica	
17-52	6166-6168	le	
17-53	6169-6176	budella	
17-54	6176-6177	.	

#Text=Et che così sia se ne vede manifestamente l’essempio nell’acqua dell’Assenzo fatta con lambicco di Piombo per esser ella dolce, et non amara.
18-1	6178-6180	Et	
18-2	6181-6184	che	
18-3	6185-6189	così	
18-4	6190-6193	sia	
18-5	6194-6196	se	
18-6	6197-6199	ne	
18-7	6200-6204	vede	
18-8	6205-6219	manifestamente	
18-9	6220-6221	l	
18-10	6221-6222	’	
18-11	6222-6230	essempio	
18-12	6231-6235	nell	
18-13	6235-6236	’	
18-14	6236-6241	acqua	
18-15	6242-6246	dell	
18-16	6246-6247	’	
18-17	6247-6254	Assenzo	
18-18	6255-6260	fatta	
18-19	6261-6264	con	
18-20	6265-6273	lambicco	
18-21	6274-6276	di	
18-22	6277-6283	Piombo	
18-23	6284-6287	per	
18-24	6288-6293	esser	
18-25	6294-6298	ella	
18-26	6299-6304	dolce	
18-27	6304-6305	,	
18-28	6306-6308	et	
18-29	6309-6312	non	
18-30	6313-6318	amara	
18-31	6318-6319	.	

#Text=Il che non d’altronde le avviene (come ne dimostra la quotidiana sperienza) che da i lambicchi di Piombo con i quali si distilla.
19-1	6320-6322	Il	
19-2	6323-6326	che	
19-3	6327-6330	non	
19-4	6331-6332	d	
19-5	6332-6333	’	
19-6	6333-6341	altronde	
19-7	6342-6344	le	
19-8	6345-6352	avviene	
19-9	6353-6354	(	
19-10	6354-6358	come	
19-11	6359-6361	ne	
19-12	6362-6370	dimostra	
19-13	6371-6373	la	
19-14	6374-6384	quotidiana	
19-15	6385-6394	sperienza	
19-16	6394-6395	)	
19-17	6396-6399	che	
19-18	6400-6402	da	
19-19	6403-6404	i	
19-20	6405-6414	lambicchi	
19-21	6415-6417	di	
19-22	6418-6424	Piombo	
19-23	6425-6428	con	
19-24	6429-6430	i	
19-25	6431-6436	quali	
19-26	6437-6439	si	
19-27	6440-6448	distilla	
19-28	6448-6449	.	

#Text=Et ciò non solamente si gusta nell’acqua dell’Assenzo, ma in tutte le altre che si fanno di herbe di natura calde, et acute, come sono quelle del Pulegio della Menta, della Calamitha, del Thimo, della Satureia, et altre simili; Imperòche infettandosi la interna parte del lambicco di Piombo per la molta acutezza del caldo vapore di cotali piante che continuamente percuote, si viene pian piano à calcinare, et convertirsi in sottilissima biacca, la quale mescolandosi con l’acqua, che distilla, la fà diventar dolce, perche tale è il suo sapore.
20-1	6450-6452	Et	
20-2	6453-6456	ciò	
20-3	6457-6460	non	
20-4	6461-6470	solamente	
20-5	6471-6473	si	
20-6	6474-6479	gusta	
20-7	6480-6484	nell	
20-8	6484-6485	’	
20-9	6485-6490	acqua	
20-10	6491-6495	dell	
20-11	6495-6496	’	
20-12	6496-6503	Assenzo	
20-13	6503-6504	,	
20-14	6505-6507	ma	
20-15	6508-6510	in	
20-16	6511-6516	tutte	
20-17	6517-6519	le	
20-18	6520-6525	altre	
20-19	6526-6529	che	
20-20	6530-6532	si	
20-21	6533-6538	fanno	
20-22	6539-6541	di	
20-23	6542-6547	herbe	
20-24	6548-6550	di	
20-25	6551-6557	natura	
20-26	6558-6563	calde	
20-27	6563-6564	,	
20-28	6565-6567	et	
20-29	6568-6573	acute	
20-30	6573-6574	,	
20-31	6575-6579	come	
20-32	6580-6584	sono	
20-33	6585-6591	quelle	
20-34	6592-6595	del	
20-35	6596-6603	Pulegio	
20-36	6604-6609	della	
20-37	6610-6615	Menta	
20-38	6615-6616	,	
20-39	6617-6622	della	
20-40	6623-6632	Calamitha	
20-41	6632-6633	,	
20-42	6634-6637	del	
20-43	6638-6643	Thimo	
20-44	6643-6644	,	
20-45	6645-6650	della	
20-46	6651-6659	Satureia	
20-47	6659-6660	,	
20-48	6661-6663	et	
20-49	6664-6669	altre	
20-50	6670-6676	simili	
20-51	6676-6677	;	
20-52	6678-6687	Imperòche	
20-53	6688-6700	infettandosi	
20-54	6701-6703	la	
20-55	6704-6711	interna	
20-56	6712-6717	parte	
20-57	6718-6721	del	
20-58	6722-6730	lambicco	
20-59	6731-6733	di	
20-60	6734-6740	Piombo	
20-61	6741-6744	per	
20-62	6745-6747	la	
20-63	6748-6753	molta	
20-64	6754-6762	acutezza	
20-65	6763-6766	del	
20-66	6767-6772	caldo	
20-67	6773-6779	vapore	
20-68	6780-6782	di	
20-69	6783-6789	cotali	
20-70	6790-6796	piante	
20-71	6797-6800	che	
20-72	6801-6814	continuamente	
20-73	6815-6823	percuote	
20-74	6823-6824	,	
20-75	6825-6827	si	
20-76	6828-6833	viene	
20-77	6834-6838	pian	
20-78	6839-6844	piano	
20-79	6845-6846	à	
20-80	6847-6856	calcinare	
20-81	6856-6857	,	
20-82	6858-6860	et	
20-83	6861-6872	convertirsi	
20-84	6873-6875	in	
20-85	6876-6888	sottilissima	
20-86	6889-6895	biacca	
20-87	6895-6896	,	
20-88	6897-6899	la	
20-89	6900-6905	quale	
20-90	6906-6918	mescolandosi	
20-91	6919-6922	con	
20-92	6923-6924	l	
20-93	6924-6925	’	
20-94	6925-6930	acqua	
20-95	6930-6931	,	
20-96	6932-6935	che	
20-97	6936-6944	distilla	
20-98	6944-6945	,	
20-99	6946-6948	la	
20-100	6949-6951	fà	
20-101	6952-6960	diventar	
20-102	6961-6966	dolce	
20-103	6966-6967	,	
20-104	6968-6974	perche	
20-105	6975-6979	tale	
20-106	6980-6981	è	
20-107	6982-6984	il	
20-108	6985-6988	suo	
20-109	6989-6995	sapore	
20-110	6995-6996	.	

#Text=Il che spesse volte si vede manifestamente nel Sedime, overo feccia bianca, che fanno cotali acque nel fondo de vasi ove si riposano, qualche giorno; et massimamente in quelle, che si destillano con le Campane nuove.
21-1	6997-6999	Il	
21-2	7000-7003	che	
21-3	7004-7010	spesse	
21-4	7011-7016	volte	
21-5	7017-7019	si	
21-6	7020-7024	vede	
21-7	7025-7039	manifestamente	
21-8	7040-7043	nel	
21-9	7044-7050	Sedime	
21-10	7050-7051	,	
21-11	7052-7057	overo	
21-12	7058-7064	feccia	
21-13	7065-7071	bianca	
21-14	7071-7072	,	
21-15	7073-7076	che	
21-16	7077-7082	fanno	
21-17	7083-7089	cotali	
21-18	7090-7095	acque	
21-19	7096-7099	nel	
21-20	7100-7105	fondo	
21-21	7106-7108	de	
21-22	7109-7113	vasi	
21-23	7114-7117	ove	
21-24	7118-7120	si	
21-25	7121-7129	riposano	
21-26	7129-7130	,	
21-27	7131-7138	qualche	
21-28	7139-7145	giorno	
21-29	7145-7146	;	
21-30	7147-7149	et	
21-31	7150-7162	massimamente	
21-32	7163-7165	in	
21-33	7166-7172	quelle	
21-34	7172-7173	,	
21-35	7174-7177	che	
21-36	7178-7180	si	
21-37	7181-7191	destillano	
21-38	7192-7195	con	
21-39	7196-7198	le	
21-40	7199-7206	Campane	
21-41	7207-7212	nuove	
21-42	7212-7213	.	

#Text=Imperoche quelle, che sono state usate per lambiccare qualche tempo hanno già fatto di dentro per tutto una crosta, come di Gelle, la quale ostaron poco, che il vapore dell’herbe non possino più corrompere il Piombo, ne farlo diventar Biacca.
22-1	7214-7223	Imperoche	
22-2	7224-7230	quelle	
22-3	7230-7231	,	
22-4	7232-7235	che	
22-5	7236-7240	sono	
22-6	7241-7246	state	
22-7	7247-7252	usate	
22-8	7253-7256	per	
22-9	7257-7267	lambiccare	
22-10	7268-7275	qualche	
22-11	7276-7281	tempo	
22-12	7282-7287	hanno	
22-13	7288-7291	già	
22-14	7292-7297	fatto	
22-15	7298-7300	di	
22-16	7301-7307	dentro	
22-17	7308-7311	per	
22-18	7312-7317	tutto	
22-19	7318-7321	una	
22-20	7322-7328	crosta	
22-21	7328-7329	,	
22-22	7330-7334	come	
22-23	7335-7337	di	
22-24	7338-7343	Gelle	
22-25	7343-7344	,	
22-26	7345-7347	la	
22-27	7348-7353	quale	
22-28	7354-7361	ostaron	
22-29	7362-7366	poco	
22-30	7366-7367	,	
22-31	7368-7371	che	
22-32	7372-7374	il	
22-33	7375-7381	vapore	
22-34	7382-7386	dell	
22-35	7386-7387	’	
22-36	7387-7392	herbe	
22-37	7393-7396	non	
22-38	7397-7404	possino	
22-39	7405-7408	più	
22-40	7409-7419	corrompere	
22-41	7420-7422	il	
22-42	7423-7429	Piombo	
22-43	7429-7430	,	
22-44	7431-7433	ne	
22-45	7434-7439	farlo	
22-46	7440-7448	diventar	
22-47	7449-7455	Biacca	
22-48	7455-7456	.	

#Text=Ne si maravigli alcuno, se dalli acuti vapori delle piante si corrompa la superficie del Piombo, et diventi Biacca scrivendo Dioscoride, che la Biacca si fà di lamine di Piombo poste sopra una graticola di Canne sopra un vaso di Aceto à pigliarne il vapore.
23-1	7457-7459	Ne	
23-2	7460-7462	si	
23-3	7463-7472	maravigli	
23-4	7473-7479	alcuno	
23-5	7479-7480	,	
23-6	7481-7483	se	
23-7	7484-7489	dalli	
23-8	7490-7495	acuti	
23-9	7496-7502	vapori	
23-10	7503-7508	delle	
23-11	7509-7515	piante	
23-12	7516-7518	si	
23-13	7519-7527	corrompa	
23-14	7528-7530	la	
23-15	7531-7541	superficie	
23-16	7542-7545	del	
23-17	7546-7552	Piombo	
23-18	7552-7553	,	
23-19	7554-7556	et	
23-20	7557-7564	diventi	
23-21	7565-7571	Biacca	
23-22	7572-7581	scrivendo	
23-23	7582-7592	Dioscoride	
23-24	7592-7593	,	
23-25	7594-7597	che	
23-26	7598-7600	la	
23-27	7601-7607	Biacca	
23-28	7608-7610	si	
23-29	7611-7613	fà	
23-30	7614-7616	di	
23-31	7617-7623	lamine	
23-32	7624-7626	di	
23-33	7627-7633	Piombo	
23-34	7634-7639	poste	
23-35	7640-7645	sopra	
23-36	7646-7649	una	
23-37	7650-7659	graticola	
23-38	7660-7662	di	
23-39	7663-7668	Canne	
23-40	7669-7674	sopra	
23-41	7675-7677	un	
23-42	7678-7682	vaso	
23-43	7683-7685	di	
23-44	7686-7691	Aceto	
23-45	7692-7693	à	
23-46	7694-7703	pigliarne	
23-47	7704-7706	il	
23-48	7707-7713	vapore	
23-49	7713-7714	.	

#Text=Il che non si vede, nè si gusta in quelle acque, che si lambiccano nel bagno dell’acqua calda con i vasi di vetro.
24-1	7715-7717	Il	
24-2	7718-7721	che	
24-3	7722-7725	non	
24-4	7726-7728	si	
24-5	7729-7733	vede	
24-6	7733-7734	,	
24-7	7735-7737	nè	
24-8	7738-7740	si	
24-9	7741-7746	gusta	
24-10	7747-7749	in	
24-11	7750-7756	quelle	
24-12	7757-7762	acque	
24-13	7762-7763	,	
24-14	7764-7767	che	
24-15	7768-7770	si	
24-16	7771-7781	lambiccano	
24-17	7782-7785	nel	
24-18	7786-7791	bagno	
24-19	7792-7796	dell	
24-20	7796-7797	’	
24-21	7797-7802	acqua	
24-22	7803-7808	calda	
24-23	7809-7812	con	
24-24	7813-7814	i	
24-25	7815-7819	vasi	
24-26	7820-7822	di	
24-27	7823-7828	vetro	
24-28	7828-7829	.	

#Text=Imperoche gustandoli si sentono amare, et acute, secondo che sono le herbe da cui si distillano.
25-1	7830-7839	Imperoche	
25-2	7840-7850	gustandoli	
25-3	7851-7853	si	
25-4	7854-7861	sentono	
25-5	7862-7867	amare	
25-6	7867-7868	,	
25-7	7869-7871	et	
25-8	7872-7877	acute	
25-9	7877-7878	,	
25-10	7879-7886	secondo	
25-11	7887-7890	che	
25-12	7891-7895	sono	
25-13	7896-7898	le	
25-14	7899-7904	herbe	
25-15	7905-7907	da	
25-16	7908-7911	cui	
25-17	7912-7914	si	
25-18	7915-7925	distillano	
25-19	7925-7926	.	

#Text=Oltre à ciò non vi si sente dolcezza veruna, percioche da i lambicchi di vetro non pigliano ne odore, ne sapore accidentale veruno.
26-1	7927-7932	Oltre	
26-2	7933-7934	à	
26-3	7935-7938	ciò	
26-4	7939-7942	non	
26-5	7943-7945	vi	
26-6	7946-7948	si	
26-7	7949-7954	sente	
26-8	7955-7963	dolcezza	
26-9	7964-7970	veruna	
26-10	7970-7971	,	
26-11	7972-7981	percioche	
26-12	7982-7984	da	
26-13	7985-7986	i	
26-14	7987-7996	lambicchi	
26-15	7997-7999	di	
26-16	8000-8005	vetro	
26-17	8006-8009	non	
26-18	8010-8018	pigliano	
26-19	8019-8021	ne	
26-20	8022-8027	odore	
26-21	8027-8028	,	
26-22	8029-8031	ne	
26-23	8032-8038	sapore	
26-24	8039-8050	accidentale	
26-25	8051-8057	veruno	
26-26	8057-8058	.	

#Text=Quelle poi che si lambiccano per la vesica (che così chiamano quello instrumento di rame stagnato con il quale fanno l’acqua vite) sono ancora molto migliori, che quelle che si fanno con i lambicchi di Piombo, perche il fuoco del Fornello bollendo l’herbe nell’acqua non le può abbrucciare, ne dar loro odore di fumo.
27-1	8059-8065	Quelle	
27-2	8066-8069	poi	
27-3	8070-8073	che	
27-4	8074-8076	si	
27-5	8077-8087	lambiccano	
27-6	8088-8091	per	
27-7	8092-8094	la	
27-8	8095-8101	vesica	
27-9	8102-8103	(	
27-10	8103-8106	che	
27-11	8107-8111	così	
27-12	8112-8120	chiamano	
27-13	8121-8127	quello	
27-14	8128-8139	instrumento	
27-15	8140-8142	di	
27-16	8143-8147	rame	
27-17	8148-8156	stagnato	
27-18	8157-8160	con	
27-19	8161-8163	il	
27-20	8164-8169	quale	
27-21	8170-8175	fanno	
27-22	8176-8177	l	
27-23	8177-8178	’	
27-24	8178-8183	acqua	
27-25	8184-8188	vite	
27-26	8188-8189	)	
27-27	8190-8194	sono	
27-28	8195-8201	ancora	
27-29	8202-8207	molto	
27-30	8208-8216	migliori	
27-31	8216-8217	,	
27-32	8218-8221	che	
27-33	8222-8228	quelle	
27-34	8229-8232	che	
27-35	8233-8235	si	
27-36	8236-8241	fanno	
27-37	8242-8245	con	
27-38	8246-8247	i	
27-39	8248-8257	lambicchi	
27-40	8258-8260	di	
27-41	8261-8267	Piombo	
27-42	8267-8268	,	
27-43	8269-8275	perche	
27-44	8276-8278	il	
27-45	8279-8284	fuoco	
27-46	8285-8288	del	
27-47	8289-8297	Fornello	
27-48	8298-8306	bollendo	
27-49	8307-8308	l	
27-50	8308-8309	’	
27-51	8309-8314	herbe	
27-52	8315-8319	nell	
27-53	8319-8320	’	
27-54	8320-8325	acqua	
27-55	8326-8329	non	
27-56	8330-8332	le	
27-57	8333-8336	può	
27-58	8337-8348	abbrucciare	
27-59	8348-8349	,	
27-60	8350-8352	ne	
27-61	8353-8356	dar	
27-62	8357-8361	loro	
27-63	8362-8367	odore	
27-64	8368-8370	di	
27-65	8371-8375	fumo	
27-66	8375-8376	.	

#Text=Ma con tutto ciò non hanno in se la pura qualità delle piante loro, per la mistura che hanno dell’acqua commune, con la quale li pongono nella vesica, la quale suffoca, et indebolisce le facultà loro: et però quelle, che si fanno con il calore dell’acqua del bagno, et con quello del suo vapore portano la palma, et vincono di bontà, di chiarezza, d’odore, et di vapore tutte le altre in qualsivoglia altro modo distillate, et massimamente quelle più dell’altre lo dimostrano, che si fanno d’herbe calide di propria natura.
28-1	8377-8379	Ma	
28-2	8380-8383	con	
28-3	8384-8389	tutto	
28-4	8390-8393	ciò	
28-5	8394-8397	non	
28-6	8398-8403	hanno	
28-7	8404-8406	in	
28-8	8407-8409	se	
28-9	8410-8412	la	
28-10	8413-8417	pura	
28-11	8418-8425	qualità	
28-12	8426-8431	delle	
28-13	8432-8438	piante	
28-14	8439-8443	loro	
28-15	8443-8444	,	
28-16	8445-8448	per	
28-17	8449-8451	la	
28-18	8452-8459	mistura	
28-19	8460-8463	che	
28-20	8464-8469	hanno	
28-21	8470-8474	dell	
28-22	8474-8475	’	
28-23	8475-8480	acqua	
28-24	8481-8488	commune	
28-25	8488-8489	,	
28-26	8490-8493	con	
28-27	8494-8496	la	
28-28	8497-8502	quale	
28-29	8503-8505	li	
28-30	8506-8513	pongono	
28-31	8514-8519	nella	
28-32	8520-8526	vesica	
28-33	8526-8527	,	
28-34	8528-8530	la	
28-35	8531-8536	quale	
28-36	8537-8544	suffoca	
28-37	8544-8545	,	
28-38	8546-8548	et	
28-39	8549-8560	indebolisce	
28-40	8561-8563	le	
28-41	8564-8571	facultà	
28-42	8572-8576	loro	
28-43	8576-8577	:	
28-44	8578-8580	et	
28-45	8581-8585	però	
28-46	8586-8592	quelle	
28-47	8592-8593	,	
28-48	8594-8597	che	
28-49	8598-8600	si	
28-50	8601-8606	fanno	
28-51	8607-8610	con	
28-52	8611-8613	il	
28-53	8614-8620	calore	
28-54	8621-8625	dell	
28-55	8625-8626	’	
28-56	8626-8631	acqua	
28-57	8632-8635	del	
28-58	8636-8641	bagno	
28-59	8641-8642	,	
28-60	8643-8645	et	
28-61	8646-8649	con	
28-62	8650-8656	quello	
28-63	8657-8660	del	
28-64	8661-8664	suo	
28-65	8665-8671	vapore	
28-66	8672-8679	portano	
28-67	8680-8682	la	
28-68	8683-8688	palma	
28-69	8688-8689	,	
28-70	8690-8692	et	
28-71	8693-8700	vincono	
28-72	8701-8703	di	
28-73	8704-8709	bontà	
28-74	8709-8710	,	
28-75	8711-8713	di	
28-76	8714-8723	chiarezza	
28-77	8723-8724	,	
28-78	8725-8726	d	
28-79	8726-8727	’	
28-80	8727-8732	odore	
28-81	8732-8733	,	
28-82	8734-8736	et	
28-83	8737-8739	di	
28-84	8740-8746	vapore	
28-85	8747-8752	tutte	
28-86	8753-8755	le	
28-87	8756-8761	altre	
28-88	8762-8764	in	
28-89	8765-8777	qualsivoglia	
28-90	8778-8783	altro	
28-91	8784-8788	modo	
28-92	8789-8799	distillate	
28-93	8799-8800	,	
28-94	8801-8803	et	
28-95	8804-8816	massimamente	
28-96	8817-8823	quelle	
28-97	8824-8827	più	
28-98	8828-8832	dell	
28-99	8832-8833	’	
28-100	8833-8838	altre	
28-101	8839-8841	lo	
28-102	8842-8852	dimostrano	
28-103	8852-8853	,	
28-104	8854-8857	che	
28-105	8858-8860	si	
28-106	8861-8866	fanno	
28-107	8867-8868	d	
28-108	8868-8869	’	
28-109	8869-8874	herbe	
28-110	8875-8881	calide	
28-111	8882-8884	di	
28-112	8885-8892	propria	
28-113	8893-8899	natura	
28-114	8899-8900	.	

#Text=Et questo potrà bastare per uno universale avviso, quantunque breve, et succinto, del modo di distillare le acque dalle herbe, et da i lor fiori.
29-1	8901-8903	Et	
29-2	8904-8910	questo	
29-3	8911-8916	potrà	
29-4	8917-8924	bastare	
29-5	8925-8928	per	
29-6	8929-8932	uno	
29-7	8933-8943	universale	
29-8	8944-8950	avviso	
29-9	8950-8951	,	
29-10	8952-8962	quantunque	
29-11	8963-8968	breve	
29-12	8968-8969	,	
29-13	8970-8972	et	
29-14	8973-8981	succinto	
29-15	8981-8982	,	
29-16	8983-8986	del	
29-17	8987-8991	modo	
29-18	8992-8994	di	
29-19	8995-9005	distillare	
29-20	9006-9008	le	
29-21	9009-9014	acque	
29-22	9015-9020	dalle	
29-23	9021-9026	herbe	
29-24	9026-9027	,	
29-25	9028-9030	et	
29-26	9031-9033	da	
29-27	9034-9035	i	
29-28	9036-9039	lor	
29-29	9040-9045	fiori	
29-30	9045-9046	.	

#Text=Imperoche più particolarmente dichiararemo il tutto di sotto dove metteremo le figure de i lambicchi, et de Fornelli loro.
30-1	9047-9056	Imperoche	
30-2	9057-9060	più	
30-3	9061-9076	particolarmente	
30-4	9077-9089	dichiararemo	
30-5	9090-9092	il	
30-6	9093-9098	tutto	
30-7	9099-9101	di	
30-8	9102-9107	sotto	
30-9	9108-9112	dove	
30-10	9113-9122	metteremo	
30-11	9123-9125	le	
30-12	9126-9132	figure	
30-13	9133-9135	de	
30-14	9136-9137	i	
30-15	9138-9147	lambicchi	
30-16	9147-9148	,	
30-17	9149-9151	et	
30-18	9152-9154	de	
30-19	9155-9163	Fornelli	
30-20	9164-9168	loro	
30-21	9168-9169	.	

#Text=Però dico, che le acque lambiccate con le Campane di Piombo si debbono del tutto tralasciare, et mettere in uso quelle, che si fanno nel bagno.
31-1	9170-9174	Però	
31-2	9175-9179	dico	
31-3	9179-9180	,	
31-4	9181-9184	che	
31-5	9185-9187	le	
31-6	9188-9193	acque	
31-7	9194-9204	lambiccate	
31-8	9205-9208	con	
31-9	9209-9211	le	
31-10	9212-9219	Campane	
31-11	9220-9222	di	
31-12	9223-9229	Piombo	
31-13	9230-9232	si	
31-14	9233-9240	debbono	
31-15	9241-9244	del	
31-16	9245-9250	tutto	
31-17	9251-9262	tralasciare	
31-18	9262-9263	,	
31-19	9264-9266	et	
31-20	9267-9274	mettere	
31-21	9275-9277	in	
31-22	9278-9281	uso	
31-23	9282-9288	quelle	
31-24	9288-9289	,	
31-25	9290-9293	che	
31-26	9294-9296	si	
31-27	9297-9302	fanno	
31-28	9303-9306	nel	
31-29	9307-9312	bagno	
31-30	9312-9313	.	

#Text=Imperoche se secondo che scrive Galeno, le acque fredde delle fontane che scorgono per canali di Piombo sono così nocive, che fanno la disenteria à chi continua di bere, tanto maggiormente possono nuocere quelle, che si lambiccano con lambicchi di Piombo, che con la caldezza, et accutezza loro ne radono la sustanza, et ne la riportano seco convertita in biacca, la quale si connumera trà li veleni.
32-1	9314-9323	Imperoche	
32-2	9324-9326	se	
32-3	9327-9334	secondo	
32-4	9335-9338	che	
32-5	9339-9345	scrive	
32-6	9346-9352	Galeno	
32-7	9352-9353	,	
32-8	9354-9356	le	
32-9	9357-9362	acque	
32-10	9363-9369	fredde	
32-11	9370-9375	delle	
32-12	9376-9383	fontane	
32-13	9384-9387	che	
32-14	9388-9396	scorgono	
32-15	9397-9400	per	
32-16	9401-9407	canali	
32-17	9408-9410	di	
32-18	9411-9417	Piombo	
32-19	9418-9422	sono	
32-20	9423-9427	così	
32-21	9428-9434	nocive	
32-22	9434-9435	,	
32-23	9436-9439	che	
32-24	9440-9445	fanno	
32-25	9446-9448	la	
32-26	9449-9459	disenteria	
32-27	9460-9461	à	
32-28	9462-9465	chi	
32-29	9466-9474	continua	
32-30	9475-9477	di	
32-31	9478-9482	bere	
32-32	9482-9483	,	
32-33	9484-9489	tanto	
32-34	9490-9502	maggiormente	
32-35	9503-9510	possono	
32-36	9511-9518	nuocere	
32-37	9519-9525	quelle	
32-38	9525-9526	,	
32-39	9527-9530	che	
32-40	9531-9533	si	
32-41	9534-9544	lambiccano	
32-42	9545-9548	con	
32-43	9549-9558	lambicchi	
32-44	9559-9561	di	
32-45	9562-9568	Piombo	
32-46	9568-9569	,	
32-47	9570-9573	che	
32-48	9574-9577	con	
32-49	9578-9580	la	
32-50	9581-9589	caldezza	
32-51	9589-9590	,	
32-52	9591-9593	et	
32-53	9594-9603	accutezza	
32-54	9604-9608	loro	
32-55	9609-9611	ne	
32-56	9612-9618	radono	
32-57	9619-9621	la	
32-58	9622-9630	sustanza	
32-59	9630-9631	,	
32-60	9632-9634	et	
32-61	9635-9637	ne	
32-62	9638-9640	la	
32-63	9641-9650	riportano	
32-64	9651-9655	seco	
32-65	9656-9666	convertita	
32-66	9667-9669	in	
32-67	9670-9676	biacca	
32-68	9676-9677	,	
32-69	9678-9680	la	
32-70	9681-9686	quale	
32-71	9687-9689	si	
32-72	9690-9699	connumera	
32-73	9700-9703	trà	
32-74	9704-9706	li	
32-75	9707-9713	veleni	
32-76	9713-9714	.	

#Text=Mà dovendo dire ancora di quanto spetta di sapere intorno alle facultà dell’acque lambiccate, è da sapere, che hanno le virtù medesime, che le piante da cui si distillano, mà non però sono così virtuose, come le piante stesse.
33-1	9715-9717	Mà	
33-2	9718-9725	dovendo	
33-3	9726-9730	dire	
33-4	9731-9737	ancora	
33-5	9738-9740	di	
33-6	9741-9747	quanto	
33-7	9748-9754	spetta	
33-8	9755-9757	di	
33-9	9758-9764	sapere	
33-10	9765-9772	intorno	
33-11	9773-9777	alle	
33-12	9778-9785	facultà	
33-13	9786-9790	dell	
33-14	9790-9791	’	
33-15	9791-9796	acque	
33-16	9797-9807	lambiccate	
33-17	9807-9808	,	
33-18	9809-9810	è	
33-19	9811-9813	da	
33-20	9814-9820	sapere	
33-21	9820-9821	,	
33-22	9822-9825	che	
33-23	9826-9831	hanno	
33-24	9832-9834	le	
33-25	9835-9840	virtù	
33-26	9841-9849	medesime	
33-27	9849-9850	,	
33-28	9851-9854	che	
33-29	9855-9857	le	
33-30	9858-9864	piante	
33-31	9865-9867	da	
33-32	9868-9871	cui	
33-33	9872-9874	si	
33-34	9875-9885	distillano	
33-35	9885-9886	,	
33-36	9887-9889	mà	
33-37	9890-9893	non	
33-38	9894-9898	però	
33-39	9899-9903	sono	
33-40	9904-9908	così	
33-41	9909-9917	virtuose	
33-42	9917-9918	,	
33-43	9919-9923	come	
33-44	9924-9926	le	
33-45	9927-9933	piante	
33-46	9934-9940	stesse	
33-47	9940-9941	.	

#Text=Perciò che nel distillarli si svanisce non poco delle più sottili parti loro, le quali si perdono, et se ne vanno in fumo.
34-1	9942-9948	Perciò	
34-2	9949-9952	che	
34-3	9953-9956	nel	
34-4	9957-9968	distillarli	
34-5	9969-9971	si	
34-6	9972-9980	svanisce	
34-7	9981-9984	non	
34-8	9985-9989	poco	
34-9	9990-9995	delle	
34-10	9996-9999	più	
34-11	10000-10007	sottili	
34-12	10008-10013	parti	
34-13	10014-10018	loro	
34-14	10018-10019	,	
34-15	10020-10022	le	
34-16	10023-10028	quali	
34-17	10029-10031	si	
34-18	10032-10039	perdono	
34-19	10039-10040	,	
34-20	10041-10043	et	
34-21	10044-10046	se	
34-22	10047-10049	ne	
34-23	10050-10055	vanno	
34-24	10056-10058	in	
34-25	10059-10063	fumo	
34-26	10063-10064	.	

#Text=Et però i Medici, che fanno molto ben questo, usano più volontieri nel curare le dicottioni, che le acque distillate vedendosi manifestamente, che nelle dicottioni si gusta, et si sente più il sapore, et l’odore delle Piante, delle Radici, de Semi, et de Fiori che nell’acque distillate.
35-1	10065-10067	Et	
35-2	10068-10072	però	
35-3	10073-10074	i	
35-4	10075-10081	Medici	
35-5	10081-10082	,	
35-6	10083-10086	che	
35-7	10087-10092	fanno	
35-8	10093-10098	molto	
35-9	10099-10102	ben	
35-10	10103-10109	questo	
35-11	10109-10110	,	
35-12	10111-10116	usano	
35-13	10117-10120	più	
35-14	10121-10131	volontieri	
35-15	10132-10135	nel	
35-16	10136-10142	curare	
35-17	10143-10145	le	
35-18	10146-10156	dicottioni	
35-19	10156-10157	,	
35-20	10158-10161	che	
35-21	10162-10164	le	
35-22	10165-10170	acque	
35-23	10171-10181	distillate	
35-24	10182-10191	vedendosi	
35-25	10192-10206	manifestamente	
35-26	10206-10207	,	
35-27	10208-10211	che	
35-28	10212-10217	nelle	
35-29	10218-10228	dicottioni	
35-30	10229-10231	si	
35-31	10232-10237	gusta	
35-32	10237-10238	,	
35-33	10239-10241	et	
35-34	10242-10244	si	
35-35	10245-10250	sente	
35-36	10251-10254	più	
35-37	10255-10257	il	
35-38	10258-10264	sapore	
35-39	10264-10265	,	
35-40	10266-10268	et	
35-41	10269-10270	l	
35-42	10270-10271	’	
35-43	10271-10276	odore	
35-44	10277-10282	delle	
35-45	10283-10289	Piante	
35-46	10289-10290	,	
35-47	10291-10296	delle	
35-48	10297-10303	Radici	
35-49	10303-10304	,	
35-50	10305-10307	de	
35-51	10308-10312	Semi	
35-52	10312-10313	,	
35-53	10314-10316	et	
35-54	10317-10319	de	
35-55	10320-10325	Fiori	
35-56	10326-10329	che	
35-57	10330-10334	nell	
35-58	10334-10335	’	
35-59	10335-10340	acque	
35-60	10341-10351	distillate	
35-61	10351-10352	.	

#Text=Mà perche le dicottioni non piacciano ugualmente à tutti li amalati, come fanno le acque distillate si devono però più presto usare le acque, che le dicottioni, dove desideriamo con bevande più grate fare li amalati più pronti à obbedire al pigliare delle Medicine.
36-1	10353-10355	Mà	
36-2	10356-10362	perche	
36-3	10363-10365	le	
36-4	10366-10376	dicottioni	
36-5	10377-10380	non	
36-6	10381-10390	piacciano	
36-7	10391-10401	ugualmente	
36-8	10402-10403	à	
36-9	10404-10409	tutti	
36-10	10410-10412	li	
36-11	10413-10420	amalati	
36-12	10420-10421	,	
36-13	10422-10426	come	
36-14	10427-10432	fanno	
36-15	10433-10435	le	
36-16	10436-10441	acque	
36-17	10442-10452	distillate	
36-18	10453-10455	si	
36-19	10456-10462	devono	
36-20	10463-10467	però	
36-21	10468-10471	più	
36-22	10472-10478	presto	
36-23	10479-10484	usare	
36-24	10485-10487	le	
36-25	10488-10493	acque	
36-26	10493-10494	,	
36-27	10495-10498	che	
36-28	10499-10501	le	
36-29	10502-10512	dicottioni	
36-30	10512-10513	,	
36-31	10514-10518	dove	
36-32	10519-10530	desideriamo	
36-33	10531-10534	con	
36-34	10535-10542	bevande	
36-35	10543-10546	più	
36-36	10547-10552	grate	
36-37	10553-10557	fare	
36-38	10558-10560	li	
36-39	10561-10568	amalati	
36-40	10569-10572	più	
36-41	10573-10579	pronti	
36-42	10580-10581	à	
36-43	10582-10590	obbedire	
36-44	10591-10593	al	
36-45	10594-10602	pigliare	
36-46	10603-10608	delle	
36-47	10609-10617	Medicine	
36-48	10617-10618	.	

#Text=Nel che fare si vi ricerca però ancorala diligenza, et fedeltà delli Spetiali se vogliono acquistar buon nome, et buona fama, et esser in maggior gratia de i Medici, et delli Amalati, non mancando di distillare à bagno con ogni loro industria, et diligenza.
37-1	10619-10622	Nel	
37-2	10623-10626	che	
37-3	10627-10631	fare	
37-4	10632-10634	si	
37-5	10635-10637	vi	
37-6	10638-10645	ricerca	
37-7	10646-10650	però	
37-8	10651-10659	ancorala	
37-9	10660-10669	diligenza	
37-10	10669-10670	,	
37-11	10671-10673	et	
37-12	10674-10681	fedeltà	
37-13	10682-10687	delli	
37-14	10688-10696	Spetiali	
37-15	10697-10699	se	
37-16	10700-10708	vogliono	
37-17	10709-10718	acquistar	
37-18	10719-10723	buon	
37-19	10724-10728	nome	
37-20	10728-10729	,	
37-21	10730-10732	et	
37-22	10733-10738	buona	
37-23	10739-10743	fama	
37-24	10743-10744	,	
37-25	10745-10747	et	
37-26	10748-10753	esser	
37-27	10754-10756	in	
37-28	10757-10764	maggior	
37-29	10765-10771	gratia	
37-30	10772-10774	de	
37-31	10775-10776	i	
37-32	10777-10783	Medici	
37-33	10783-10784	,	
37-34	10785-10787	et	
37-35	10788-10793	delli	
37-36	10794-10801	Amalati	
37-37	10801-10802	,	
37-38	10803-10806	non	
37-39	10807-10815	mancando	
37-40	10816-10818	di	
37-41	10819-10829	distillare	
37-42	10830-10831	à	
37-43	10832-10837	bagno	
37-44	10838-10841	con	
37-45	10842-10846	ogni	
37-46	10847-10851	loro	
37-47	10852-10861	industria	
37-48	10861-10862	,	
37-49	10863-10865	et	
37-50	10866-10875	diligenza	
37-51	10875-10876	.	

#Text=Perciòche le acque, che si distillano diligentemente, et come si conviene sono veramente molto utili nella Medicìna, di modo, che nelle composition di molti Medicamenti si possono ragionevolmente anteporre alle decottioni.
38-1	10877-10886	Perciòche	
38-2	10887-10889	le	
38-3	10890-10895	acque	
38-4	10895-10896	,	
38-5	10897-10900	che	
38-6	10901-10903	si	
38-7	10904-10914	distillano	
38-8	10915-10929	diligentemente	
38-9	10929-10930	,	
38-10	10931-10933	et	
38-11	10934-10938	come	
38-12	10939-10941	si	
38-13	10942-10950	conviene	
38-14	10951-10955	sono	
38-15	10956-10965	veramente	
38-16	10966-10971	molto	
38-17	10972-10977	utili	
38-18	10978-10983	nella	
38-19	10984-10992	Medicìna	
38-20	10992-10993	,	
38-21	10994-10996	di	
38-22	10997-11001	modo	
38-23	11001-11002	,	
38-24	11003-11006	che	
38-25	11007-11012	nelle	
38-26	11013-11024	composition	
38-27	11025-11027	di	
38-28	11028-11033	molti	
38-29	11034-11045	Medicamenti	
38-30	11046-11048	si	
38-31	11049-11056	possono	
38-32	11057-11072	ragionevolmente	
38-33	11073-11082	anteporre	
38-34	11083-11087	alle	
38-35	11088-11098	decottioni	
38-36	11098-11099	.	

#Text=Perche dove nelle ardentissime febri ò ne i grandissimi caldi dall’Estate s’habbi da fare qualche sorte di bevanda, che possa bene spegnere la sete, et dilettare il gusto delli Amalati, ciò per il vero meglio, et più felicemente si farà con le acque distillate accompagnate ò con Vino di Melagrani, ò con Giulepo Violato, ò di succho di Cedri, ò di Limoni, che con ogni dicottione fatta quanto si vogli diligentemente.
39-1	11100-11106	Perche	
39-2	11107-11111	dove	
39-3	11112-11117	nelle	
39-4	11118-11130	ardentissime	
39-5	11131-11136	febri	
39-6	11137-11138	ò	
39-7	11139-11141	ne	
39-8	11142-11143	i	
39-9	11144-11155	grandissimi	
39-10	11156-11161	caldi	
39-11	11162-11166	dall	
39-12	11166-11167	’	
39-13	11167-11173	Estate	
39-14	11174-11175	s	
39-15	11175-11176	’	
39-16	11176-11181	habbi	
39-17	11182-11184	da	
39-18	11185-11189	fare	
39-19	11190-11197	qualche	
39-20	11198-11203	sorte	
39-21	11204-11206	di	
39-22	11207-11214	bevanda	
39-23	11214-11215	,	
39-24	11216-11219	che	
39-25	11220-11225	possa	
39-26	11226-11230	bene	
39-27	11231-11239	spegnere	
39-28	11240-11242	la	
39-29	11243-11247	sete	
39-30	11247-11248	,	
39-31	11249-11251	et	
39-32	11252-11261	dilettare	
39-33	11262-11264	il	
39-34	11265-11270	gusto	
39-35	11271-11276	delli	
39-36	11277-11284	Amalati	
39-37	11284-11285	,	
39-38	11286-11289	ciò	
39-39	11290-11293	per	
39-40	11294-11296	il	
39-41	11297-11301	vero	
39-42	11302-11308	meglio	
39-43	11308-11309	,	
39-44	11310-11312	et	
39-45	11313-11316	più	
39-46	11317-11328	felicemente	
39-47	11329-11331	si	
39-48	11332-11336	farà	
39-49	11337-11340	con	
39-50	11341-11343	le	
39-51	11344-11349	acque	
39-52	11350-11360	distillate	
39-53	11361-11373	accompagnate	
39-54	11374-11375	ò	
39-55	11376-11379	con	
39-56	11380-11384	Vino	
39-57	11385-11387	di	
39-58	11388-11397	Melagrani	
39-59	11397-11398	,	
39-60	11399-11400	ò	
39-61	11401-11404	con	
39-62	11405-11412	Giulepo	
39-63	11413-11420	Violato	
39-64	11420-11421	,	
39-65	11422-11423	ò	
39-66	11424-11426	di	
39-67	11427-11433	succho	
39-68	11434-11436	di	
39-69	11437-11442	Cedri	
39-70	11442-11443	,	
39-71	11444-11445	ò	
39-72	11446-11448	di	
39-73	11449-11455	Limoni	
39-74	11455-11456	,	
39-75	11457-11460	che	
39-76	11461-11464	con	
39-77	11465-11469	ogni	
39-78	11470-11480	dicottione	
39-79	11481-11486	fatta	
39-80	11487-11493	quanto	
39-81	11494-11496	si	
39-82	11497-11502	vogli	
39-83	11503-11517	diligentemente	
39-84	11517-11518	.	

#Text=Il medesimo accaderà ancora, dove s’habbi da fare ò collini per gli occhi, ò epithime per il fegato, et per il cuore, ò osirhodini per la fronte, et per il capo.
40-1	11519-11521	Il	
40-2	11522-11530	medesimo	
40-3	11531-11539	accaderà	
40-4	11540-11546	ancora	
40-5	11546-11547	,	
40-6	11548-11552	dove	
40-7	11553-11554	s	
40-8	11554-11555	’	
40-9	11555-11560	habbi	
40-10	11561-11563	da	
40-11	11564-11568	fare	
40-12	11569-11570	ò	
40-13	11571-11578	collini	
40-14	11579-11582	per	
40-15	11583-11586	gli	
40-16	11587-11592	occhi	
40-17	11592-11593	,	
40-18	11594-11595	ò	
40-19	11596-11604	epithime	
40-20	11605-11608	per	
40-21	11609-11611	il	
40-22	11612-11618	fegato	
40-23	11618-11619	,	
40-24	11620-11622	et	
40-25	11623-11626	per	
40-26	11627-11629	il	
40-27	11630-11635	cuore	
40-28	11635-11636	,	
40-29	11637-11638	ò	
40-30	11639-11649	osirhodini	
40-31	11650-11653	per	
40-32	11654-11656	la	
40-33	11657-11663	fronte	
40-34	11663-11664	,	
40-35	11665-11667	et	
40-36	11668-11671	per	
40-37	11672-11674	il	
40-38	11675-11679	capo	
40-39	11679-11680	.	

#Text=Lasciarò star di dire quanto sia commodo l’artificio di distillare l’acque per far soavissimi odori, così per l’uso de’ Medici, come per le delitie de i corpi de i sani, come sono quelle, che si fanno delle Rose, de i Fiori d’Aranci, di Mirti, et d’altri assai, che spirano di soavissimo odore.
41-1	11681-11689	Lasciarò	
41-2	11690-11694	star	
41-3	11695-11697	di	
41-4	11698-11702	dire	
41-5	11703-11709	quanto	
41-6	11710-11713	sia	
41-7	11714-11721	commodo	
41-8	11722-11723	l	
41-9	11723-11724	’	
41-10	11724-11733	artificio	
41-11	11734-11736	di	
41-12	11737-11747	distillare	
41-13	11748-11749	l	
41-14	11749-11750	’	
41-15	11750-11755	acque	
41-16	11756-11759	per	
41-17	11760-11763	far	
41-18	11764-11774	soavissimi	
41-19	11775-11780	odori	
41-20	11780-11781	,	
41-21	11782-11786	così	
41-22	11787-11790	per	
41-23	11791-11792	l	
41-24	11792-11793	’	
41-25	11793-11796	uso	
41-26	11797-11799	de	
41-27	11799-11800	’	
41-28	11801-11807	Medici	
41-29	11807-11808	,	
41-30	11809-11813	come	
41-31	11814-11817	per	
41-32	11818-11820	le	
41-33	11821-11828	delitie	
41-34	11829-11831	de	
41-35	11832-11833	i	
41-36	11834-11839	corpi	
41-37	11840-11842	de	
41-38	11843-11844	i	
41-39	11845-11849	sani	
41-40	11849-11850	,	
41-41	11851-11855	come	
41-42	11856-11860	sono	
41-43	11861-11867	quelle	
41-44	11867-11868	,	
41-45	11869-11872	che	
41-46	11873-11875	si	
41-47	11876-11881	fanno	
41-48	11882-11887	delle	
41-49	11888-11892	Rose	
41-50	11892-11893	,	
41-51	11894-11896	de	
41-52	11897-11898	i	
41-53	11899-11904	Fiori	
41-54	11905-11906	d	
41-55	11906-11907	’	
41-56	11907-11913	Aranci	
41-57	11913-11914	,	
41-58	11915-11917	di	
41-59	11918-11923	Mirti	
41-60	11923-11924	,	
41-61	11925-11927	et	
41-62	11928-11929	d	
41-63	11929-11930	’	
41-64	11930-11935	altri	
41-65	11936-11941	assai	
41-66	11941-11942	,	
41-67	11943-11946	che	
41-68	11947-11954	spirano	
41-69	11955-11957	di	
41-70	11958-11968	soavissimo	
41-71	11969-11974	odore	
41-72	11974-11975	.	

#Text=Ne dirò quanto sian stimate dalle gentilissime Madame havendole che in uso non solamente per gl’odori, mà ancora per abbellirsi, et adornarsi.
42-1	11976-11978	Ne	
42-2	11979-11983	dirò	
42-3	11984-11990	quanto	
42-4	11991-11995	sian	
42-5	11996-12003	stimate	
42-6	12004-12009	dalle	
42-7	12010-12022	gentilissime	
42-8	12023-12029	Madame	
42-9	12030-12039	havendole	
42-10	12040-12043	che	
42-11	12044-12046	in	
42-12	12047-12050	uso	
42-13	12051-12054	non	
42-14	12055-12064	solamente	
42-15	12065-12068	per	
42-16	12069-12071	gl	
42-17	12071-12072	’	
42-18	12072-12077	odori	
42-19	12077-12078	,	
42-20	12079-12081	mà	
42-21	12082-12088	ancora	
42-22	12089-12092	per	
42-23	12093-12103	abbellirsi	
42-24	12103-12104	,	
42-25	12105-12107	et	
42-26	12108-12117	adornarsi	
42-27	12117-12118	.	

#Text=Per il che fare sono efficacissime quelle delle Radici della Frassinella, della Brionia, qual noi chiamiamo Zucca Salvatica, del Cocumero Salvatico, dell’anno de’
43-1	12119-12122	Per	
43-2	12123-12125	il	
43-3	12126-12129	che	
43-4	12130-12134	fare	
43-5	12135-12139	sono	
43-6	12140-12153	efficacissime	
43-7	12154-12160	quelle	
43-8	12161-12166	delle	
43-9	12167-12173	Radici	
43-10	12174-12179	della	
43-11	12180-12191	Frassinella	
43-12	12191-12192	,	
43-13	12193-12198	della	
43-14	12199-12206	Brionia	
43-15	12206-12207	,	
43-16	12208-12212	qual	
43-17	12213-12216	noi	
43-18	12217-12226	chiamiamo	
43-19	12227-12232	Zucca	
43-20	12233-12242	Salvatica	
43-21	12242-12243	,	
43-22	12244-12247	del	
43-23	12248-12256	Cocumero	
43-24	12257-12266	Salvatico	
43-25	12266-12267	,	
43-26	12268-12272	dell	
43-27	12272-12273	’	
43-28	12273-12277	anno	
43-29	12278-12280	de	
43-30	12280-12281	’	
