<?xml version="1.0" encoding="UTF-8"?><Document>
    <de.tudarmstadt.ukp.dkpro.core.api.metadata.type.DocumentMetaData sofa="Sofa" begin="0" end="1127" language="x-unspecified" documentTitle="073F%20Barthelemy_Voyage.txt" documentId="pasquale" documentUri="file:/home/dhuser/alessio/inception/repository/project/27/docume..." collectionId="file:/home/dhuser/alessio/inception/repository/project/27/docume..." documentBaseUri="file:/home/dhuser/alessio/inception/repository/project/27/docume..." isLastSegment="false">
        <de.tudarmstadt.ukp.dkpro.core.api.metadata.type.TagsetDescription sofa="Sofa" begin="0" end="0" layer="webanno.custom.Emotions" name="Emotion Labels" tags="null" componentName="null" modelLocation="null" modelVariant="null" modelLanguage="null" modelVersion="null" input="false"/>
        <de.tudarmstadt.ukp.dkpro.core.api.metadata.type.TagsetDescription sofa="Sofa" begin="0" end="0" layer="custom.Relation" name="Relation labels" tags="null" componentName="null" modelLocation="null" modelVariant="null" modelLanguage="null" modelVersion="null" input="false"/>
        <de.tudarmstadt.ukp.dkpro.core.api.metadata.type.TagsetDescription sofa="Sofa" begin="0" end="0" layer="custom.Span" name="Smell labels" tags="null" componentName="null" modelLocation="null" modelVariant="null" modelLanguage="null" modelVersion="null" input="false"/>
        	
        <de.tudarmstadt.ukp.dkpro.core.api.segmentation.type.Sentence sofa="Sofa" begin="1" end="79" id="null">
            <de.tudarmstadt.ukp.dkpro.core.api.segmentation.type.Token sofa="Sofa" begin="1" end="3" parent="null" lemma="null" stem="null" pos="null" morph="null" id="null" form="null" syntacticFunction="null" order="0">Je</de.tudarmstadt.ukp.dkpro.core.api.segmentation.type.Token>
             
            <de.tudarmstadt.ukp.dkpro.core.api.segmentation.type.Token sofa="Sofa" begin="4" end="6" parent="null" lemma="null" stem="null" pos="null" morph="null" id="null" form="null" syntacticFunction="null" order="0">ne</de.tudarmstadt.ukp.dkpro.core.api.segmentation.type.Token>
             
            <de.tudarmstadt.ukp.dkpro.core.api.segmentation.type.Token sofa="Sofa" begin="7" end="11" parent="null" lemma="null" stem="null" pos="null" morph="null" id="null" form="null" syntacticFunction="null" order="0">veux</de.tudarmstadt.ukp.dkpro.core.api.segmentation.type.Token>
             
            <de.tudarmstadt.ukp.dkpro.core.api.segmentation.type.Token sofa="Sofa" begin="12" end="15" parent="null" lemma="null" stem="null" pos="null" morph="null" id="null" form="null" syntacticFunction="null" order="0">pas</de.tudarmstadt.ukp.dkpro.core.api.segmentation.type.Token>
             
            <de.tudarmstadt.ukp.dkpro.core.api.segmentation.type.Token sofa="Sofa" begin="16" end="20" parent="null" lemma="null" stem="null" pos="null" morph="null" id="null" form="null" syntacticFunction="null" order="0">vous</de.tudarmstadt.ukp.dkpro.core.api.segmentation.type.Token>
             
            <de.tudarmstadt.ukp.dkpro.core.api.segmentation.type.Token sofa="Sofa" begin="21" end="25" parent="null" lemma="null" stem="null" pos="null" morph="null" id="null" form="null" syntacticFunction="null" order="0">ôter</de.tudarmstadt.ukp.dkpro.core.api.segmentation.type.Token>
             
            <de.tudarmstadt.ukp.dkpro.core.api.segmentation.type.Token sofa="Sofa" begin="26" end="28" parent="null" lemma="null" stem="null" pos="null" morph="null" id="null" form="null" syntacticFunction="null" order="0">le</de.tudarmstadt.ukp.dkpro.core.api.segmentation.type.Token>
             
            <de.tudarmstadt.ukp.dkpro.core.api.segmentation.type.Token sofa="Sofa" begin="29" end="36" parent="null" lemma="null" stem="null" pos="null" morph="null" id="null" form="null" syntacticFunction="null" order="0">plaisir</de.tudarmstadt.ukp.dkpro.core.api.segmentation.type.Token>
             
            <de.tudarmstadt.ukp.dkpro.core.api.segmentation.type.Token sofa="Sofa" begin="37" end="39" parent="null" lemma="null" stem="null" pos="null" morph="null" id="null" form="null" syntacticFunction="null" order="0">de</de.tudarmstadt.ukp.dkpro.core.api.segmentation.type.Token>
             
            <de.tudarmstadt.ukp.dkpro.core.api.segmentation.type.Token sofa="Sofa" begin="40" end="42" parent="null" lemma="null" stem="null" pos="null" morph="null" id="null" form="null" syntacticFunction="null" order="0">la</de.tudarmstadt.ukp.dkpro.core.api.segmentation.type.Token>
             
            <de.tudarmstadt.ukp.dkpro.core.api.segmentation.type.Token sofa="Sofa" begin="43" end="51" parent="null" lemma="null" stem="null" pos="null" morph="null" id="null" form="null" syntacticFunction="null" order="0">surprise</de.tudarmstadt.ukp.dkpro.core.api.segmentation.type.Token>
            <de.tudarmstadt.ukp.dkpro.core.api.segmentation.type.Token sofa="Sofa" begin="51" end="52" parent="null" lemma="null" stem="null" pos="null" morph="null" id="null" form="null" syntacticFunction="null" order="0">;</de.tudarmstadt.ukp.dkpro.core.api.segmentation.type.Token>
             
            <de.tudarmstadt.ukp.dkpro.core.api.segmentation.type.Token sofa="Sofa" begin="53" end="57" parent="null" lemma="null" stem="null" pos="null" morph="null" id="null" form="null" syntacticFunction="null" order="0">vous</de.tudarmstadt.ukp.dkpro.core.api.segmentation.type.Token>
             
            <de.tudarmstadt.ukp.dkpro.core.api.segmentation.type.Token sofa="Sofa" begin="58" end="60" parent="null" lemma="null" stem="null" pos="null" morph="null" id="null" form="null" syntacticFunction="null" order="0">en</de.tudarmstadt.ukp.dkpro.core.api.segmentation.type.Token>
             
            <de.tudarmstadt.ukp.dkpro.core.api.segmentation.type.Token sofa="Sofa" begin="61" end="68" parent="null" lemma="null" stem="null" pos="null" morph="null" id="null" form="null" syntacticFunction="null" order="0">jugerez</de.tudarmstadt.ukp.dkpro.core.api.segmentation.type.Token>
             
            <de.tudarmstadt.ukp.dkpro.core.api.segmentation.type.Token sofa="Sofa" begin="69" end="78" parent="null" lemma="null" stem="null" pos="null" morph="null" id="null" form="null" syntacticFunction="null" order="0">vous-même</de.tudarmstadt.ukp.dkpro.core.api.segmentation.type.Token>
            <de.tudarmstadt.ukp.dkpro.core.api.segmentation.type.Token sofa="Sofa" begin="78" end="79" parent="null" lemma="null" stem="null" pos="null" morph="null" id="null" form="null" syntacticFunction="null" order="0">.</de.tudarmstadt.ukp.dkpro.core.api.segmentation.type.Token>
        </de.tudarmstadt.ukp.dkpro.core.api.segmentation.type.Sentence>
         
        <de.tudarmstadt.ukp.dkpro.core.api.segmentation.type.Sentence sofa="Sofa" begin="80" end="202" id="null">
            <de.tudarmstadt.ukp.dkpro.core.api.segmentation.type.Token sofa="Sofa" begin="80" end="82" parent="null" lemma="null" stem="null" pos="null" morph="null" id="null" form="null" syntacticFunction="null" order="0">Je</de.tudarmstadt.ukp.dkpro.core.api.segmentation.type.Token>
             
            <de.tudarmstadt.ukp.dkpro.core.api.segmentation.type.Token sofa="Sofa" begin="83" end="87" parent="null" lemma="null" stem="null" pos="null" morph="null" id="null" form="null" syntacticFunction="null" order="0">vous</de.tudarmstadt.ukp.dkpro.core.api.segmentation.type.Token>
             
            <de.tudarmstadt.ukp.dkpro.core.api.segmentation.type.Token sofa="Sofa" begin="88" end="90" parent="null" lemma="null" stem="null" pos="null" morph="null" id="null" form="null" syntacticFunction="null" order="0">ai</de.tudarmstadt.ukp.dkpro.core.api.segmentation.type.Token>
             
            <de.tudarmstadt.ukp.dkpro.core.api.segmentation.type.Token sofa="Sofa" begin="91" end="95" parent="null" lemma="null" stem="null" pos="null" morph="null" id="null" form="null" syntacticFunction="null" order="0">fait</de.tudarmstadt.ukp.dkpro.core.api.segmentation.type.Token>
             
            <de.tudarmstadt.ukp.dkpro.core.api.segmentation.type.Token sofa="Sofa" begin="96" end="102" parent="null" lemma="null" stem="null" pos="null" morph="null" id="null" form="null" syntacticFunction="null" order="0">courir</de.tudarmstadt.ukp.dkpro.core.api.segmentation.type.Token>
             
            <de.tudarmstadt.ukp.dkpro.core.api.segmentation.type.Token sofa="Sofa" begin="103" end="104" parent="null" lemma="null" stem="null" pos="null" morph="null" id="null" form="null" syntacticFunction="null" order="0">à</de.tudarmstadt.ukp.dkpro.core.api.segmentation.type.Token>
             
            <de.tudarmstadt.ukp.dkpro.core.api.segmentation.type.Token sofa="Sofa" begin="105" end="110" parent="null" lemma="null" stem="null" pos="null" morph="null" id="null" form="null" syntacticFunction="null" order="0">perte</de.tudarmstadt.ukp.dkpro.core.api.segmentation.type.Token>
             
            <de.tudarmstadt.ukp.dkpro.core.api.segmentation.type.Token sofa="Sofa" begin="111" end="120" parent="null" lemma="null" stem="null" pos="null" morph="null" id="null" form="null" syntacticFunction="null" order="0">d'haleine</de.tudarmstadt.ukp.dkpro.core.api.segmentation.type.Token>
             
            <de.tudarmstadt.ukp.dkpro.core.api.segmentation.type.Token sofa="Sofa" begin="121" end="125" parent="null" lemma="null" stem="null" pos="null" morph="null" id="null" form="null" syntacticFunction="null" order="0">dans</de.tudarmstadt.ukp.dkpro.core.api.segmentation.type.Token>
             
            <de.tudarmstadt.ukp.dkpro.core.api.segmentation.type.Token sofa="Sofa" begin="126" end="137" parent="null" lemma="null" stem="null" pos="null" morph="null" id="null" form="null" syntacticFunction="null" order="0">l'intérieur</de.tudarmstadt.ukp.dkpro.core.api.segmentation.type.Token>
             
            <de.tudarmstadt.ukp.dkpro.core.api.segmentation.type.Token sofa="Sofa" begin="138" end="140" parent="null" lemma="null" stem="null" pos="null" morph="null" id="null" form="null" syntacticFunction="null" order="0">de</de.tudarmstadt.ukp.dkpro.core.api.segmentation.type.Token>
             
            <de.tudarmstadt.ukp.dkpro.core.api.segmentation.type.Token sofa="Sofa" begin="141" end="143" parent="null" lemma="null" stem="null" pos="null" morph="null" id="null" form="null" syntacticFunction="null" order="0">la</de.tudarmstadt.ukp.dkpro.core.api.segmentation.type.Token>
             
            <de.tudarmstadt.ukp.dkpro.core.api.segmentation.type.Token sofa="Sofa" begin="144" end="149" parent="null" lemma="null" stem="null" pos="null" morph="null" id="null" form="null" syntacticFunction="null" order="0">ville</de.tudarmstadt.ukp.dkpro.core.api.segmentation.type.Token>
            <de.tudarmstadt.ukp.dkpro.core.api.segmentation.type.Token sofa="Sofa" begin="149" end="150" parent="null" lemma="null" stem="null" pos="null" morph="null" id="null" form="null" syntacticFunction="null" order="0">;</de.tudarmstadt.ukp.dkpro.core.api.segmentation.type.Token>
             
            <de.tudarmstadt.ukp.dkpro.core.api.segmentation.type.Token sofa="Sofa" begin="151" end="155" parent="null" lemma="null" stem="null" pos="null" morph="null" id="null" form="null" syntacticFunction="null" order="0">vous</de.tudarmstadt.ukp.dkpro.core.api.segmentation.type.Token>
             
            <de.tudarmstadt.ukp.dkpro.core.api.segmentation.type.Token sofa="Sofa" begin="156" end="161" parent="null" lemma="null" stem="null" pos="null" morph="null" id="null" form="null" syntacticFunction="null" order="0">allez</de.tudarmstadt.ukp.dkpro.core.api.segmentation.type.Token>
             
            <de.tudarmstadt.ukp.dkpro.core.api.segmentation.type.Token sofa="Sofa" begin="162" end="166" parent="null" lemma="null" stem="null" pos="null" morph="null" id="null" form="null" syntacticFunction="null" order="0">d'un</de.tudarmstadt.ukp.dkpro.core.api.segmentation.type.Token>
             
            <de.tudarmstadt.ukp.dkpro.core.api.segmentation.type.Token sofa="Sofa" begin="167" end="177" parent="null" lemma="null" stem="null" pos="null" morph="null" id="null" form="null" syntacticFunction="null" order="0">coup-d'œil</de.tudarmstadt.ukp.dkpro.core.api.segmentation.type.Token>
             
            <de.tudarmstadt.ukp.dkpro.core.api.segmentation.type.Token sofa="Sofa" begin="178" end="180" parent="null" lemma="null" stem="null" pos="null" morph="null" id="null" form="null" syntacticFunction="null" order="0">en</de.tudarmstadt.ukp.dkpro.core.api.segmentation.type.Token>
             
            <de.tudarmstadt.ukp.dkpro.core.api.segmentation.type.Token sofa="Sofa" begin="181" end="190" parent="null" lemma="null" stem="null" pos="null" morph="null" id="null" form="null" syntacticFunction="null" order="0">embrasser</de.tudarmstadt.ukp.dkpro.core.api.segmentation.type.Token>
             
            <de.tudarmstadt.ukp.dkpro.core.api.segmentation.type.Token sofa="Sofa" begin="191" end="194" parent="null" lemma="null" stem="null" pos="null" morph="null" id="null" form="null" syntacticFunction="null" order="0">les</de.tudarmstadt.ukp.dkpro.core.api.segmentation.type.Token>
             
            <de.tudarmstadt.ukp.dkpro.core.api.segmentation.type.Token sofa="Sofa" begin="195" end="201" parent="null" lemma="null" stem="null" pos="null" morph="null" id="null" form="null" syntacticFunction="null" order="0">dehors</de.tudarmstadt.ukp.dkpro.core.api.segmentation.type.Token>
            <de.tudarmstadt.ukp.dkpro.core.api.segmentation.type.Token sofa="Sofa" begin="201" end="202" parent="null" lemma="null" stem="null" pos="null" morph="null" id="null" form="null" syntacticFunction="null" order="0">.</de.tudarmstadt.ukp.dkpro.core.api.segmentation.type.Token>
        </de.tudarmstadt.ukp.dkpro.core.api.segmentation.type.Sentence>
        	
        <de.tudarmstadt.ukp.dkpro.core.api.segmentation.type.Sentence sofa="Sofa" begin="204" end="314" id="null">
            <de.tudarmstadt.ukp.dkpro.core.api.segmentation.type.Token sofa="Sofa" begin="204" end="206" parent="null" lemma="null" stem="null" pos="null" morph="null" id="null" form="null" syntacticFunction="null" order="0">Au</de.tudarmstadt.ukp.dkpro.core.api.segmentation.type.Token>
             
            <de.tudarmstadt.ukp.dkpro.core.api.segmentation.type.Token sofa="Sofa" begin="207" end="213" parent="null" lemma="null" stem="null" pos="null" morph="null" id="null" form="null" syntacticFunction="null" order="0">levant</de.tudarmstadt.ukp.dkpro.core.api.segmentation.type.Token>
             
            <de.tudarmstadt.ukp.dkpro.core.api.segmentation.type.Token sofa="Sofa" begin="214" end="217" parent="null" lemma="null" stem="null" pos="null" morph="null" id="null" form="null" syntacticFunction="null" order="0">est</de.tudarmstadt.ukp.dkpro.core.api.segmentation.type.Token>
             
            <de.tudarmstadt.ukp.dkpro.core.api.segmentation.type.Token sofa="Sofa" begin="218" end="220" parent="null" lemma="null" stem="null" pos="null" morph="null" id="null" form="null" syntacticFunction="null" order="0">le</de.tudarmstadt.ukp.dkpro.core.api.segmentation.type.Token>
             
            <custom.Span sofa="Sofa" begin="221" end="233" label="Location">
                <de.tudarmstadt.ukp.dkpro.core.api.segmentation.type.Token sofa="Sofa" begin="221" end="225" parent="null" lemma="null" stem="null" pos="null" morph="null" id="null" form="null" syntacticFunction="null" order="0">mont</de.tudarmstadt.ukp.dkpro.core.api.segmentation.type.Token>
                 
                <de.tudarmstadt.ukp.dkpro.core.api.segmentation.type.Token sofa="Sofa" begin="226" end="233" parent="null" lemma="null" stem="null" pos="null" morph="null" id="null" form="null" syntacticFunction="null" order="0">Hymette</de.tudarmstadt.ukp.dkpro.core.api.segmentation.type.Token>
            </custom.Span>
            <de.tudarmstadt.ukp.dkpro.core.api.segmentation.type.Token sofa="Sofa" begin="233" end="234" parent="null" lemma="null" stem="null" pos="null" morph="null" id="null" form="null" syntacticFunction="null" order="0">,</de.tudarmstadt.ukp.dkpro.core.api.segmentation.type.Token>
             
            <de.tudarmstadt.ukp.dkpro.core.api.segmentation.type.Token sofa="Sofa" begin="235" end="238" parent="null" lemma="null" stem="null" pos="null" morph="null" id="null" form="null" syntacticFunction="null" order="0">que</de.tudarmstadt.ukp.dkpro.core.api.segmentation.type.Token>
             
            <de.tudarmstadt.ukp.dkpro.core.api.segmentation.type.Token sofa="Sofa" begin="239" end="242" parent="null" lemma="null" stem="null" pos="null" morph="null" id="null" form="null" syntacticFunction="null" order="0">les</de.tudarmstadt.ukp.dkpro.core.api.segmentation.type.Token>
             
            <de.tudarmstadt.ukp.dkpro.core.api.segmentation.type.Token sofa="Sofa" begin="243" end="251" parent="null" lemma="null" stem="null" pos="null" morph="null" id="null" form="null" syntacticFunction="null" order="0">abeilles</de.tudarmstadt.ukp.dkpro.core.api.segmentation.type.Token>
             
            <de.tudarmstadt.ukp.dkpro.core.api.segmentation.type.Token sofa="Sofa" begin="252" end="264" parent="null" lemma="null" stem="null" pos="null" morph="null" id="null" form="null" syntacticFunction="null" order="0">enrichissent</de.tudarmstadt.ukp.dkpro.core.api.segmentation.type.Token>
             
            <de.tudarmstadt.ukp.dkpro.core.api.segmentation.type.Token sofa="Sofa" begin="265" end="267" parent="null" lemma="null" stem="null" pos="null" morph="null" id="null" form="null" syntacticFunction="null" order="0">de</de.tudarmstadt.ukp.dkpro.core.api.segmentation.type.Token>
             
            <de.tudarmstadt.ukp.dkpro.core.api.segmentation.type.Token sofa="Sofa" begin="268" end="272" parent="null" lemma="null" stem="null" pos="null" morph="null" id="null" form="null" syntacticFunction="null" order="0">leur</de.tudarmstadt.ukp.dkpro.core.api.segmentation.type.Token>
             
            <de.tudarmstadt.ukp.dkpro.core.api.segmentation.type.Token sofa="Sofa" begin="273" end="277" parent="null" lemma="null" stem="null" pos="null" morph="null" id="null" form="null" syntacticFunction="null" order="0">miel</de.tudarmstadt.ukp.dkpro.core.api.segmentation.type.Token>
            <de.tudarmstadt.ukp.dkpro.core.api.segmentation.type.Token sofa="Sofa" begin="277" end="278" parent="null" lemma="null" stem="null" pos="null" morph="null" id="null" form="null" syntacticFunction="null" order="0">,</de.tudarmstadt.ukp.dkpro.core.api.segmentation.type.Token>
             
            <de.tudarmstadt.ukp.dkpro.core.api.segmentation.type.Token sofa="Sofa" begin="279" end="282" parent="null" lemma="null" stem="null" pos="null" morph="null" id="null" form="null" syntacticFunction="null" order="0">que</de.tudarmstadt.ukp.dkpro.core.api.segmentation.type.Token>
             
            <de.tudarmstadt.ukp.dkpro.core.api.segmentation.type.Token sofa="Sofa" begin="283" end="285" parent="null" lemma="null" stem="null" pos="null" morph="null" id="null" form="null" syntacticFunction="null" order="0">le</de.tudarmstadt.ukp.dkpro.core.api.segmentation.type.Token>
             
            <custom.Span sofa="Sofa" begin="286" end="290" label="Smell_Source">
                <de.tudarmstadt.ukp.dkpro.core.api.segmentation.type.Token sofa="Sofa" begin="286" end="290" parent="null" lemma="null" stem="null" pos="null" morph="null" id="null" form="null" syntacticFunction="null" order="0">thym</de.tudarmstadt.ukp.dkpro.core.api.segmentation.type.Token>
            </custom.Span>
             
            <de.tudarmstadt.ukp.dkpro.core.api.segmentation.type.Token sofa="Sofa" begin="291" end="298" parent="null" lemma="null" stem="null" pos="null" morph="null" id="null" form="null" syntacticFunction="null" order="0">remplit</de.tudarmstadt.ukp.dkpro.core.api.segmentation.type.Token>
             
            <de.tudarmstadt.ukp.dkpro.core.api.segmentation.type.Token sofa="Sofa" begin="299" end="301" parent="null" lemma="null" stem="null" pos="null" morph="null" id="null" form="null" syntacticFunction="null" order="0">de</de.tudarmstadt.ukp.dkpro.core.api.segmentation.type.Token>
             
            <de.tudarmstadt.ukp.dkpro.core.api.segmentation.type.Token sofa="Sofa" begin="302" end="305" parent="null" lemma="null" stem="null" pos="null" morph="null" id="null" form="null" syntacticFunction="null" order="0">ses</de.tudarmstadt.ukp.dkpro.core.api.segmentation.type.Token>
             
            <custom.Span sofa="Sofa" begin="306" end="313" label="Smell_Word">
                <de.tudarmstadt.ukp.dkpro.core.api.segmentation.type.Token sofa="Sofa" begin="306" end="313" parent="null" lemma="null" stem="null" pos="null" morph="null" id="null" form="null" syntacticFunction="null" order="0">
                    <custom.Relation sofa="Sofa" begin="306" end="313" Dependent="Span [parfums]" Governor="Span [thym]" label="null">
                        <custom.Relation sofa="Sofa" begin="306" end="313" Dependent="Span [parfums]" Governor="Span [mont Hymette]" label="null">parfums</custom.Relation>
                    </custom.Relation>
                </de.tudarmstadt.ukp.dkpro.core.api.segmentation.type.Token>
            </custom.Span>
            <de.tudarmstadt.ukp.dkpro.core.api.segmentation.type.Token sofa="Sofa" begin="313" end="314" parent="null" lemma="null" stem="null" pos="null" morph="null" id="null" form="null" syntacticFunction="null" order="0">.</de.tudarmstadt.ukp.dkpro.core.api.segmentation.type.Token>
        </de.tudarmstadt.ukp.dkpro.core.api.segmentation.type.Sentence>
         
        <de.tudarmstadt.ukp.dkpro.core.api.segmentation.type.Sentence sofa="Sofa" begin="315" end="382" id="null">
            <de.tudarmstadt.ukp.dkpro.core.api.segmentation.type.Token sofa="Sofa" begin="315" end="324" parent="null" lemma="null" stem="null" pos="null" morph="null" id="null" form="null" syntacticFunction="null" order="0">L'Ilissus</de.tudarmstadt.ukp.dkpro.core.api.segmentation.type.Token>
            <de.tudarmstadt.ukp.dkpro.core.api.segmentation.type.Token sofa="Sofa" begin="324" end="325" parent="null" lemma="null" stem="null" pos="null" morph="null" id="null" form="null" syntacticFunction="null" order="0">,</de.tudarmstadt.ukp.dkpro.core.api.segmentation.type.Token>
             
            <de.tudarmstadt.ukp.dkpro.core.api.segmentation.type.Token sofa="Sofa" begin="326" end="329" parent="null" lemma="null" stem="null" pos="null" morph="null" id="null" form="null" syntacticFunction="null" order="0">qui</de.tudarmstadt.ukp.dkpro.core.api.segmentation.type.Token>
             
            <de.tudarmstadt.ukp.dkpro.core.api.segmentation.type.Token sofa="Sofa" begin="330" end="335" parent="null" lemma="null" stem="null" pos="null" morph="null" id="null" form="null" syntacticFunction="null" order="0">coule</de.tudarmstadt.ukp.dkpro.core.api.segmentation.type.Token>
             
            <de.tudarmstadt.ukp.dkpro.core.api.segmentation.type.Token sofa="Sofa" begin="336" end="337" parent="null" lemma="null" stem="null" pos="null" morph="null" id="null" form="null" syntacticFunction="null" order="0">à</de.tudarmstadt.ukp.dkpro.core.api.segmentation.type.Token>
             
            <de.tudarmstadt.ukp.dkpro.core.api.segmentation.type.Token sofa="Sofa" begin="338" end="341" parent="null" lemma="null" stem="null" pos="null" morph="null" id="null" form="null" syntacticFunction="null" order="0">ses</de.tudarmstadt.ukp.dkpro.core.api.segmentation.type.Token>
             
            <de.tudarmstadt.ukp.dkpro.core.api.segmentation.type.Token sofa="Sofa" begin="342" end="347" parent="null" lemma="null" stem="null" pos="null" morph="null" id="null" form="null" syntacticFunction="null" order="0">pieds</de.tudarmstadt.ukp.dkpro.core.api.segmentation.type.Token>
            <de.tudarmstadt.ukp.dkpro.core.api.segmentation.type.Token sofa="Sofa" begin="347" end="348" parent="null" lemma="null" stem="null" pos="null" morph="null" id="null" form="null" syntacticFunction="null" order="0">,</de.tudarmstadt.ukp.dkpro.core.api.segmentation.type.Token>
             
            <de.tudarmstadt.ukp.dkpro.core.api.segmentation.type.Token sofa="Sofa" begin="349" end="357" parent="null" lemma="null" stem="null" pos="null" morph="null" id="null" form="null" syntacticFunction="null" order="0">serpente</de.tudarmstadt.ukp.dkpro.core.api.segmentation.type.Token>
             
            <de.tudarmstadt.ukp.dkpro.core.api.segmentation.type.Token sofa="Sofa" begin="358" end="364" parent="null" lemma="null" stem="null" pos="null" morph="null" id="null" form="null" syntacticFunction="null" order="0">autour</de.tudarmstadt.ukp.dkpro.core.api.segmentation.type.Token>
             
            <de.tudarmstadt.ukp.dkpro.core.api.segmentation.type.Token sofa="Sofa" begin="365" end="367" parent="null" lemma="null" stem="null" pos="null" morph="null" id="null" form="null" syntacticFunction="null" order="0">de</de.tudarmstadt.ukp.dkpro.core.api.segmentation.type.Token>
             
            <de.tudarmstadt.ukp.dkpro.core.api.segmentation.type.Token sofa="Sofa" begin="368" end="371" parent="null" lemma="null" stem="null" pos="null" morph="null" id="null" form="null" syntacticFunction="null" order="0">nos</de.tudarmstadt.ukp.dkpro.core.api.segmentation.type.Token>
             
            <de.tudarmstadt.ukp.dkpro.core.api.segmentation.type.Token sofa="Sofa" begin="372" end="381" parent="null" lemma="null" stem="null" pos="null" morph="null" id="null" form="null" syntacticFunction="null" order="0">murailles</de.tudarmstadt.ukp.dkpro.core.api.segmentation.type.Token>
            <de.tudarmstadt.ukp.dkpro.core.api.segmentation.type.Token sofa="Sofa" begin="381" end="382" parent="null" lemma="null" stem="null" pos="null" morph="null" id="null" form="null" syntacticFunction="null" order="0">.</de.tudarmstadt.ukp.dkpro.core.api.segmentation.type.Token>
        </de.tudarmstadt.ukp.dkpro.core.api.segmentation.type.Sentence>
         
        <de.tudarmstadt.ukp.dkpro.core.api.segmentation.type.Sentence sofa="Sofa" begin="383" end="442" id="null">
            <de.tudarmstadt.ukp.dkpro.core.api.segmentation.type.Token sofa="Sofa" begin="383" end="385" parent="null" lemma="null" stem="null" pos="null" morph="null" id="null" form="null" syntacticFunction="null" order="0">Au</de.tudarmstadt.ukp.dkpro.core.api.segmentation.type.Token>
             
            <de.tudarmstadt.ukp.dkpro.core.api.segmentation.type.Token sofa="Sofa" begin="386" end="392" parent="null" lemma="null" stem="null" pos="null" morph="null" id="null" form="null" syntacticFunction="null" order="0">dessus</de.tudarmstadt.ukp.dkpro.core.api.segmentation.type.Token>
             
            <de.tudarmstadt.ukp.dkpro.core.api.segmentation.type.Token sofa="Sofa" begin="393" end="397" parent="null" lemma="null" stem="null" pos="null" morph="null" id="null" form="null" syntacticFunction="null" order="0">vous</de.tudarmstadt.ukp.dkpro.core.api.segmentation.type.Token>
             
            <de.tudarmstadt.ukp.dkpro.core.api.segmentation.type.Token sofa="Sofa" begin="398" end="403" parent="null" lemma="null" stem="null" pos="null" morph="null" id="null" form="null" syntacticFunction="null" order="0">voyez</de.tudarmstadt.ukp.dkpro.core.api.segmentation.type.Token>
             
            <de.tudarmstadt.ukp.dkpro.core.api.segmentation.type.Token sofa="Sofa" begin="404" end="407" parent="null" lemma="null" stem="null" pos="null" morph="null" id="null" form="null" syntacticFunction="null" order="0">les</de.tudarmstadt.ukp.dkpro.core.api.segmentation.type.Token>
             
            <de.tudarmstadt.ukp.dkpro.core.api.segmentation.type.Token sofa="Sofa" begin="408" end="416" parent="null" lemma="null" stem="null" pos="null" morph="null" id="null" form="null" syntacticFunction="null" order="0">gymnases</de.tudarmstadt.ukp.dkpro.core.api.segmentation.type.Token>
             
            <de.tudarmstadt.ukp.dkpro.core.api.segmentation.type.Token sofa="Sofa" begin="417" end="419" parent="null" lemma="null" stem="null" pos="null" morph="null" id="null" form="null" syntacticFunction="null" order="0">du</de.tudarmstadt.ukp.dkpro.core.api.segmentation.type.Token>
             
            <de.tudarmstadt.ukp.dkpro.core.api.segmentation.type.Token sofa="Sofa" begin="420" end="429" parent="null" lemma="null" stem="null" pos="null" morph="null" id="null" form="null" syntacticFunction="null" order="0">Cynosarge</de.tudarmstadt.ukp.dkpro.core.api.segmentation.type.Token>
             
            <de.tudarmstadt.ukp.dkpro.core.api.segmentation.type.Token sofa="Sofa" begin="430" end="432" parent="null" lemma="null" stem="null" pos="null" morph="null" id="null" form="null" syntacticFunction="null" order="0">et</de.tudarmstadt.ukp.dkpro.core.api.segmentation.type.Token>
             
            <de.tudarmstadt.ukp.dkpro.core.api.segmentation.type.Token sofa="Sofa" begin="433" end="435" parent="null" lemma="null" stem="null" pos="null" morph="null" id="null" form="null" syntacticFunction="null" order="0">du</de.tudarmstadt.ukp.dkpro.core.api.segmentation.type.Token>
             
            <de.tudarmstadt.ukp.dkpro.core.api.segmentation.type.Token sofa="Sofa" begin="436" end="441" parent="null" lemma="null" stem="null" pos="null" morph="null" id="null" form="null" syntacticFunction="null" order="0">lycée</de.tudarmstadt.ukp.dkpro.core.api.segmentation.type.Token>
            <de.tudarmstadt.ukp.dkpro.core.api.segmentation.type.Token sofa="Sofa" begin="441" end="442" parent="null" lemma="null" stem="null" pos="null" morph="null" id="null" form="null" syntacticFunction="null" order="0">.</de.tudarmstadt.ukp.dkpro.core.api.segmentation.type.Token>
        </de.tudarmstadt.ukp.dkpro.core.api.segmentation.type.Sentence>
         
        <de.tudarmstadt.ukp.dkpro.core.api.segmentation.type.Sentence sofa="Sofa" begin="443" end="596" id="null">
            <de.tudarmstadt.ukp.dkpro.core.api.segmentation.type.Token sofa="Sofa" begin="443" end="445" parent="null" lemma="null" stem="null" pos="null" morph="null" id="null" form="null" syntacticFunction="null" order="0">Au</de.tudarmstadt.ukp.dkpro.core.api.segmentation.type.Token>
             
            <de.tudarmstadt.ukp.dkpro.core.api.segmentation.type.Token sofa="Sofa" begin="446" end="456" parent="null" lemma="null" stem="null" pos="null" morph="null" id="null" form="null" syntacticFunction="null" order="0">nord-ouest</de.tudarmstadt.ukp.dkpro.core.api.segmentation.type.Token>
             
            <de.tudarmstadt.ukp.dkpro.core.api.segmentation.type.Token sofa="Sofa" begin="457" end="461" parent="null" lemma="null" stem="null" pos="null" morph="null" id="null" form="null" syntacticFunction="null" order="0">vous</de.tudarmstadt.ukp.dkpro.core.api.segmentation.type.Token>
             
            <de.tudarmstadt.ukp.dkpro.core.api.segmentation.type.Token sofa="Sofa" begin="462" end="471" parent="null" lemma="null" stem="null" pos="null" morph="null" id="null" form="null" syntacticFunction="null" order="0">découvrez</de.tudarmstadt.ukp.dkpro.core.api.segmentation.type.Token>
             
            <de.tudarmstadt.ukp.dkpro.core.api.segmentation.type.Token sofa="Sofa" begin="472" end="482" parent="null" lemma="null" stem="null" pos="null" morph="null" id="null" form="null" syntacticFunction="null" order="0">l'académie</de.tudarmstadt.ukp.dkpro.core.api.segmentation.type.Token>
            <de.tudarmstadt.ukp.dkpro.core.api.segmentation.type.Token sofa="Sofa" begin="482" end="483" parent="null" lemma="null" stem="null" pos="null" morph="null" id="null" form="null" syntacticFunction="null" order="0">;</de.tudarmstadt.ukp.dkpro.core.api.segmentation.type.Token>
             
            <de.tudarmstadt.ukp.dkpro.core.api.segmentation.type.Token sofa="Sofa" begin="484" end="486" parent="null" lemma="null" stem="null" pos="null" morph="null" id="null" form="null" syntacticFunction="null" order="0">et</de.tudarmstadt.ukp.dkpro.core.api.segmentation.type.Token>
             
            <de.tudarmstadt.ukp.dkpro.core.api.segmentation.type.Token sofa="Sofa" begin="487" end="489" parent="null" lemma="null" stem="null" pos="null" morph="null" id="null" form="null" syntacticFunction="null" order="0">un</de.tudarmstadt.ukp.dkpro.core.api.segmentation.type.Token>
             
            <de.tudarmstadt.ukp.dkpro.core.api.segmentation.type.Token sofa="Sofa" begin="490" end="493" parent="null" lemma="null" stem="null" pos="null" morph="null" id="null" form="null" syntacticFunction="null" order="0">peu</de.tudarmstadt.ukp.dkpro.core.api.segmentation.type.Token>
             
            <de.tudarmstadt.ukp.dkpro.core.api.segmentation.type.Token sofa="Sofa" begin="494" end="498" parent="null" lemma="null" stem="null" pos="null" morph="null" id="null" form="null" syntacticFunction="null" order="0">plus</de.tudarmstadt.ukp.dkpro.core.api.segmentation.type.Token>
             
            <de.tudarmstadt.ukp.dkpro.core.api.segmentation.type.Token sofa="Sofa" begin="499" end="503" parent="null" lemma="null" stem="null" pos="null" morph="null" id="null" form="null" syntacticFunction="null" order="0">loin</de.tudarmstadt.ukp.dkpro.core.api.segmentation.type.Token>
            <de.tudarmstadt.ukp.dkpro.core.api.segmentation.type.Token sofa="Sofa" begin="503" end="504" parent="null" lemma="null" stem="null" pos="null" morph="null" id="null" form="null" syntacticFunction="null" order="0">,</de.tudarmstadt.ukp.dkpro.core.api.segmentation.type.Token>
             
            <de.tudarmstadt.ukp.dkpro.core.api.segmentation.type.Token sofa="Sofa" begin="505" end="508" parent="null" lemma="null" stem="null" pos="null" morph="null" id="null" form="null" syntacticFunction="null" order="0">une</de.tudarmstadt.ukp.dkpro.core.api.segmentation.type.Token>
             
            <de.tudarmstadt.ukp.dkpro.core.api.segmentation.type.Token sofa="Sofa" begin="509" end="516" parent="null" lemma="null" stem="null" pos="null" morph="null" id="null" form="null" syntacticFunction="null" order="0">colline</de.tudarmstadt.ukp.dkpro.core.api.segmentation.type.Token>
             
            <de.tudarmstadt.ukp.dkpro.core.api.segmentation.type.Token sofa="Sofa" begin="517" end="523" parent="null" lemma="null" stem="null" pos="null" morph="null" id="null" form="null" syntacticFunction="null" order="0">nommée</de.tudarmstadt.ukp.dkpro.core.api.segmentation.type.Token>
             
            <de.tudarmstadt.ukp.dkpro.core.api.segmentation.type.Token sofa="Sofa" begin="524" end="530" parent="null" lemma="null" stem="null" pos="null" morph="null" id="null" form="null" syntacticFunction="null" order="0">Colone</de.tudarmstadt.ukp.dkpro.core.api.segmentation.type.Token>
            <de.tudarmstadt.ukp.dkpro.core.api.segmentation.type.Token sofa="Sofa" begin="530" end="531" parent="null" lemma="null" stem="null" pos="null" morph="null" id="null" form="null" syntacticFunction="null" order="0">,</de.tudarmstadt.ukp.dkpro.core.api.segmentation.type.Token>
             
            <de.tudarmstadt.ukp.dkpro.core.api.segmentation.type.Token sofa="Sofa" begin="532" end="534" parent="null" lemma="null" stem="null" pos="null" morph="null" id="null" form="null" syntacticFunction="null" order="0">où</de.tudarmstadt.ukp.dkpro.core.api.segmentation.type.Token>
             
            <de.tudarmstadt.ukp.dkpro.core.api.segmentation.type.Token sofa="Sofa" begin="535" end="543" parent="null" lemma="null" stem="null" pos="null" morph="null" id="null" form="null" syntacticFunction="null" order="0">Sophocle</de.tudarmstadt.ukp.dkpro.core.api.segmentation.type.Token>
             
            <de.tudarmstadt.ukp.dkpro.core.api.segmentation.type.Token sofa="Sofa" begin="544" end="545" parent="null" lemma="null" stem="null" pos="null" morph="null" id="null" form="null" syntacticFunction="null" order="0">a</de.tudarmstadt.ukp.dkpro.core.api.segmentation.type.Token>
             
            <de.tudarmstadt.ukp.dkpro.core.api.segmentation.type.Token sofa="Sofa" begin="546" end="552" parent="null" lemma="null" stem="null" pos="null" morph="null" id="null" form="null" syntacticFunction="null" order="0">établi</de.tudarmstadt.ukp.dkpro.core.api.segmentation.type.Token>
             
            <de.tudarmstadt.ukp.dkpro.core.api.segmentation.type.Token sofa="Sofa" begin="553" end="555" parent="null" lemma="null" stem="null" pos="null" morph="null" id="null" form="null" syntacticFunction="null" order="0">la</de.tudarmstadt.ukp.dkpro.core.api.segmentation.type.Token>
             
            <de.tudarmstadt.ukp.dkpro.core.api.segmentation.type.Token sofa="Sofa" begin="556" end="561" parent="null" lemma="null" stem="null" pos="null" morph="null" id="null" form="null" syntacticFunction="null" order="0">scène</de.tudarmstadt.ukp.dkpro.core.api.segmentation.type.Token>
             
            <de.tudarmstadt.ukp.dkpro.core.api.segmentation.type.Token sofa="Sofa" begin="562" end="564" parent="null" lemma="null" stem="null" pos="null" morph="null" id="null" form="null" syntacticFunction="null" order="0">de</de.tudarmstadt.ukp.dkpro.core.api.segmentation.type.Token>
             
            <de.tudarmstadt.ukp.dkpro.core.api.segmentation.type.Token sofa="Sofa" begin="565" end="573" parent="null" lemma="null" stem="null" pos="null" morph="null" id="null" form="null" syntacticFunction="null" order="0">l'Oedipe</de.tudarmstadt.ukp.dkpro.core.api.segmentation.type.Token>
             
            <de.tudarmstadt.ukp.dkpro.core.api.segmentation.type.Token sofa="Sofa" begin="574" end="577" parent="null" lemma="null" stem="null" pos="null" morph="null" id="null" form="null" syntacticFunction="null" order="0">qui</de.tudarmstadt.ukp.dkpro.core.api.segmentation.type.Token>
             
            <de.tudarmstadt.ukp.dkpro.core.api.segmentation.type.Token sofa="Sofa" begin="578" end="583" parent="null" lemma="null" stem="null" pos="null" morph="null" id="null" form="null" syntacticFunction="null" order="0">porte</de.tudarmstadt.ukp.dkpro.core.api.segmentation.type.Token>
             
            <de.tudarmstadt.ukp.dkpro.core.api.segmentation.type.Token sofa="Sofa" begin="584" end="586" parent="null" lemma="null" stem="null" pos="null" morph="null" id="null" form="null" syntacticFunction="null" order="0">le</de.tudarmstadt.ukp.dkpro.core.api.segmentation.type.Token>
             
            <de.tudarmstadt.ukp.dkpro.core.api.segmentation.type.Token sofa="Sofa" begin="587" end="591" parent="null" lemma="null" stem="null" pos="null" morph="null" id="null" form="null" syntacticFunction="null" order="0">même</de.tudarmstadt.ukp.dkpro.core.api.segmentation.type.Token>
             
            <de.tudarmstadt.ukp.dkpro.core.api.segmentation.type.Token sofa="Sofa" begin="592" end="595" parent="null" lemma="null" stem="null" pos="null" morph="null" id="null" form="null" syntacticFunction="null" order="0">nom</de.tudarmstadt.ukp.dkpro.core.api.segmentation.type.Token>
            <de.tudarmstadt.ukp.dkpro.core.api.segmentation.type.Token sofa="Sofa" begin="595" end="596" parent="null" lemma="null" stem="null" pos="null" morph="null" id="null" form="null" syntacticFunction="null" order="0">.</de.tudarmstadt.ukp.dkpro.core.api.segmentation.type.Token>
        </de.tudarmstadt.ukp.dkpro.core.api.segmentation.type.Sentence>
         
        <de.tudarmstadt.ukp.dkpro.core.api.segmentation.type.Sentence sofa="Sofa" begin="597" end="707" id="null">
            <de.tudarmstadt.ukp.dkpro.core.api.segmentation.type.Token sofa="Sofa" begin="597" end="599" parent="null" lemma="null" stem="null" pos="null" morph="null" id="null" form="null" syntacticFunction="null" order="0">Le</de.tudarmstadt.ukp.dkpro.core.api.segmentation.type.Token>
             
            <de.tudarmstadt.ukp.dkpro.core.api.segmentation.type.Token sofa="Sofa" begin="600" end="607" parent="null" lemma="null" stem="null" pos="null" morph="null" id="null" form="null" syntacticFunction="null" order="0">Céphise</de.tudarmstadt.ukp.dkpro.core.api.segmentation.type.Token>
            <de.tudarmstadt.ukp.dkpro.core.api.segmentation.type.Token sofa="Sofa" begin="607" end="608" parent="null" lemma="null" stem="null" pos="null" morph="null" id="null" form="null" syntacticFunction="null" order="0">,</de.tudarmstadt.ukp.dkpro.core.api.segmentation.type.Token>
             
            <de.tudarmstadt.ukp.dkpro.core.api.segmentation.type.Token sofa="Sofa" begin="609" end="614" parent="null" lemma="null" stem="null" pos="null" morph="null" id="null" form="null" syntacticFunction="null" order="0">après</de.tudarmstadt.ukp.dkpro.core.api.segmentation.type.Token>
             
            <de.tudarmstadt.ukp.dkpro.core.api.segmentation.type.Token sofa="Sofa" begin="615" end="620" parent="null" lemma="null" stem="null" pos="null" morph="null" id="null" form="null" syntacticFunction="null" order="0">avoir</de.tudarmstadt.ukp.dkpro.core.api.segmentation.type.Token>
             
            <de.tudarmstadt.ukp.dkpro.core.api.segmentation.type.Token sofa="Sofa" begin="621" end="628" parent="null" lemma="null" stem="null" pos="null" morph="null" id="null" form="null" syntacticFunction="null" order="0">enrichi</de.tudarmstadt.ukp.dkpro.core.api.segmentation.type.Token>
             
            <de.tudarmstadt.ukp.dkpro.core.api.segmentation.type.Token sofa="Sofa" begin="629" end="634" parent="null" lemma="null" stem="null" pos="null" morph="null" id="null" form="null" syntacticFunction="null" order="0">cette</de.tudarmstadt.ukp.dkpro.core.api.segmentation.type.Token>
             
            <de.tudarmstadt.ukp.dkpro.core.api.segmentation.type.Token sofa="Sofa" begin="635" end="642" parent="null" lemma="null" stem="null" pos="null" morph="null" id="null" form="null" syntacticFunction="null" order="0">contrée</de.tudarmstadt.ukp.dkpro.core.api.segmentation.type.Token>
             
            <de.tudarmstadt.ukp.dkpro.core.api.segmentation.type.Token sofa="Sofa" begin="643" end="645" parent="null" lemma="null" stem="null" pos="null" morph="null" id="null" form="null" syntacticFunction="null" order="0">du</de.tudarmstadt.ukp.dkpro.core.api.segmentation.type.Token>
             
            <de.tudarmstadt.ukp.dkpro.core.api.segmentation.type.Token sofa="Sofa" begin="646" end="652" parent="null" lemma="null" stem="null" pos="null" morph="null" id="null" form="null" syntacticFunction="null" order="0">tribut</de.tudarmstadt.ukp.dkpro.core.api.segmentation.type.Token>
             
            <de.tudarmstadt.ukp.dkpro.core.api.segmentation.type.Token sofa="Sofa" begin="653" end="655" parent="null" lemma="null" stem="null" pos="null" morph="null" id="null" form="null" syntacticFunction="null" order="0">de</de.tudarmstadt.ukp.dkpro.core.api.segmentation.type.Token>
             
            <de.tudarmstadt.ukp.dkpro.core.api.segmentation.type.Token sofa="Sofa" begin="656" end="659" parent="null" lemma="null" stem="null" pos="null" morph="null" id="null" form="null" syntacticFunction="null" order="0">ses</de.tudarmstadt.ukp.dkpro.core.api.segmentation.type.Token>
             
            <de.tudarmstadt.ukp.dkpro.core.api.segmentation.type.Token sofa="Sofa" begin="660" end="664" parent="null" lemma="null" stem="null" pos="null" morph="null" id="null" form="null" syntacticFunction="null" order="0">eaux</de.tudarmstadt.ukp.dkpro.core.api.segmentation.type.Token>
            <de.tudarmstadt.ukp.dkpro.core.api.segmentation.type.Token sofa="Sofa" begin="664" end="665" parent="null" lemma="null" stem="null" pos="null" morph="null" id="null" form="null" syntacticFunction="null" order="0">,</de.tudarmstadt.ukp.dkpro.core.api.segmentation.type.Token>
             
            <de.tudarmstadt.ukp.dkpro.core.api.segmentation.type.Token sofa="Sofa" begin="666" end="671" parent="null" lemma="null" stem="null" pos="null" morph="null" id="null" form="null" syntacticFunction="null" order="0">vient</de.tudarmstadt.ukp.dkpro.core.api.segmentation.type.Token>
             
            <de.tudarmstadt.ukp.dkpro.core.api.segmentation.type.Token sofa="Sofa" begin="672" end="675" parent="null" lemma="null" stem="null" pos="null" morph="null" id="null" form="null" syntacticFunction="null" order="0">les</de.tudarmstadt.ukp.dkpro.core.api.segmentation.type.Token>
             
            <de.tudarmstadt.ukp.dkpro.core.api.segmentation.type.Token sofa="Sofa" begin="676" end="681" parent="null" lemma="null" stem="null" pos="null" morph="null" id="null" form="null" syntacticFunction="null" order="0">mêler</de.tudarmstadt.ukp.dkpro.core.api.segmentation.type.Token>
             
            <de.tudarmstadt.ukp.dkpro.core.api.segmentation.type.Token sofa="Sofa" begin="682" end="686" parent="null" lemma="null" stem="null" pos="null" morph="null" id="null" form="null" syntacticFunction="null" order="0">avec</de.tudarmstadt.ukp.dkpro.core.api.segmentation.type.Token>
             
            <de.tudarmstadt.ukp.dkpro.core.api.segmentation.type.Token sofa="Sofa" begin="687" end="693" parent="null" lemma="null" stem="null" pos="null" morph="null" id="null" form="null" syntacticFunction="null" order="0">celles</de.tudarmstadt.ukp.dkpro.core.api.segmentation.type.Token>
             
            <de.tudarmstadt.ukp.dkpro.core.api.segmentation.type.Token sofa="Sofa" begin="694" end="696" parent="null" lemma="null" stem="null" pos="null" morph="null" id="null" form="null" syntacticFunction="null" order="0">de</de.tudarmstadt.ukp.dkpro.core.api.segmentation.type.Token>
             
            <de.tudarmstadt.ukp.dkpro.core.api.segmentation.type.Token sofa="Sofa" begin="697" end="706" parent="null" lemma="null" stem="null" pos="null" morph="null" id="null" form="null" syntacticFunction="null" order="0">l'Ilissus</de.tudarmstadt.ukp.dkpro.core.api.segmentation.type.Token>
            <de.tudarmstadt.ukp.dkpro.core.api.segmentation.type.Token sofa="Sofa" begin="706" end="707" parent="null" lemma="null" stem="null" pos="null" morph="null" id="null" form="null" syntacticFunction="null" order="0">.</de.tudarmstadt.ukp.dkpro.core.api.segmentation.type.Token>
        </de.tudarmstadt.ukp.dkpro.core.api.segmentation.type.Sentence>
         
        <de.tudarmstadt.ukp.dkpro.core.api.segmentation.type.Sentence sofa="Sofa" begin="708" end="779" id="null">
            <de.tudarmstadt.ukp.dkpro.core.api.segmentation.type.Token sofa="Sofa" begin="708" end="711" parent="null" lemma="null" stem="null" pos="null" morph="null" id="null" form="null" syntacticFunction="null" order="0">Les</de.tudarmstadt.ukp.dkpro.core.api.segmentation.type.Token>
             
            <de.tudarmstadt.ukp.dkpro.core.api.segmentation.type.Token sofa="Sofa" begin="712" end="716" parent="null" lemma="null" stem="null" pos="null" morph="null" id="null" form="null" syntacticFunction="null" order="0">unes</de.tudarmstadt.ukp.dkpro.core.api.segmentation.type.Token>
             
            <de.tudarmstadt.ukp.dkpro.core.api.segmentation.type.Token sofa="Sofa" begin="717" end="719" parent="null" lemma="null" stem="null" pos="null" morph="null" id="null" form="null" syntacticFunction="null" order="0">et</de.tudarmstadt.ukp.dkpro.core.api.segmentation.type.Token>
             
            <de.tudarmstadt.ukp.dkpro.core.api.segmentation.type.Token sofa="Sofa" begin="720" end="723" parent="null" lemma="null" stem="null" pos="null" morph="null" id="null" form="null" syntacticFunction="null" order="0">les</de.tudarmstadt.ukp.dkpro.core.api.segmentation.type.Token>
             
            <de.tudarmstadt.ukp.dkpro.core.api.segmentation.type.Token sofa="Sofa" begin="724" end="730" parent="null" lemma="null" stem="null" pos="null" morph="null" id="null" form="null" syntacticFunction="null" order="0">autres</de.tudarmstadt.ukp.dkpro.core.api.segmentation.type.Token>
             
            <de.tudarmstadt.ukp.dkpro.core.api.segmentation.type.Token sofa="Sofa" begin="731" end="740" parent="null" lemma="null" stem="null" pos="null" morph="null" id="null" form="null" syntacticFunction="null" order="0">tarissent</de.tudarmstadt.ukp.dkpro.core.api.segmentation.type.Token>
             
            <de.tudarmstadt.ukp.dkpro.core.api.segmentation.type.Token sofa="Sofa" begin="741" end="752" parent="null" lemma="null" stem="null" pos="null" morph="null" id="null" form="null" syntacticFunction="null" order="0">quelquefois</de.tudarmstadt.ukp.dkpro.core.api.segmentation.type.Token>
             
            <de.tudarmstadt.ukp.dkpro.core.api.segmentation.type.Token sofa="Sofa" begin="753" end="757" parent="null" lemma="null" stem="null" pos="null" morph="null" id="null" form="null" syntacticFunction="null" order="0">dans</de.tudarmstadt.ukp.dkpro.core.api.segmentation.type.Token>
             
            <de.tudarmstadt.ukp.dkpro.core.api.segmentation.type.Token sofa="Sofa" begin="758" end="761" parent="null" lemma="null" stem="null" pos="null" morph="null" id="null" form="null" syntacticFunction="null" order="0">les</de.tudarmstadt.ukp.dkpro.core.api.segmentation.type.Token>
             
            <de.tudarmstadt.ukp.dkpro.core.api.segmentation.type.Token sofa="Sofa" begin="762" end="769" parent="null" lemma="null" stem="null" pos="null" morph="null" id="null" form="null" syntacticFunction="null" order="0">grandes</de.tudarmstadt.ukp.dkpro.core.api.segmentation.type.Token>
             
            <de.tudarmstadt.ukp.dkpro.core.api.segmentation.type.Token sofa="Sofa" begin="770" end="778" parent="null" lemma="null" stem="null" pos="null" morph="null" id="null" form="null" syntacticFunction="null" order="0">chaleurs</de.tudarmstadt.ukp.dkpro.core.api.segmentation.type.Token>
            <de.tudarmstadt.ukp.dkpro.core.api.segmentation.type.Token sofa="Sofa" begin="778" end="779" parent="null" lemma="null" stem="null" pos="null" morph="null" id="null" form="null" syntacticFunction="null" order="0">.</de.tudarmstadt.ukp.dkpro.core.api.segmentation.type.Token>
        </de.tudarmstadt.ukp.dkpro.core.api.segmentation.type.Sentence>
         
        <de.tudarmstadt.ukp.dkpro.core.api.segmentation.type.Sentence sofa="Sofa" begin="780" end="869" id="null">
            <de.tudarmstadt.ukp.dkpro.core.api.segmentation.type.Token sofa="Sofa" begin="780" end="782" parent="null" lemma="null" stem="null" pos="null" morph="null" id="null" form="null" syntacticFunction="null" order="0">La</de.tudarmstadt.ukp.dkpro.core.api.segmentation.type.Token>
             
            <de.tudarmstadt.ukp.dkpro.core.api.segmentation.type.Token sofa="Sofa" begin="783" end="786" parent="null" lemma="null" stem="null" pos="null" morph="null" id="null" form="null" syntacticFunction="null" order="0">vue</de.tudarmstadt.ukp.dkpro.core.api.segmentation.type.Token>
             
            <de.tudarmstadt.ukp.dkpro.core.api.segmentation.type.Token sofa="Sofa" begin="787" end="790" parent="null" lemma="null" stem="null" pos="null" morph="null" id="null" form="null" syntacticFunction="null" order="0">est</de.tudarmstadt.ukp.dkpro.core.api.segmentation.type.Token>
             
            <de.tudarmstadt.ukp.dkpro.core.api.segmentation.type.Token sofa="Sofa" begin="791" end="799" parent="null" lemma="null" stem="null" pos="null" morph="null" id="null" form="null" syntacticFunction="null" order="0">embellie</de.tudarmstadt.ukp.dkpro.core.api.segmentation.type.Token>
             
            <de.tudarmstadt.ukp.dkpro.core.api.segmentation.type.Token sofa="Sofa" begin="800" end="803" parent="null" lemma="null" stem="null" pos="null" morph="null" id="null" form="null" syntacticFunction="null" order="0">par</de.tudarmstadt.ukp.dkpro.core.api.segmentation.type.Token>
             
            <de.tudarmstadt.ukp.dkpro.core.api.segmentation.type.Token sofa="Sofa" begin="804" end="807" parent="null" lemma="null" stem="null" pos="null" morph="null" id="null" form="null" syntacticFunction="null" order="0">les</de.tudarmstadt.ukp.dkpro.core.api.segmentation.type.Token>
             
            <de.tudarmstadt.ukp.dkpro.core.api.segmentation.type.Token sofa="Sofa" begin="808" end="821" parent="null" lemma="null" stem="null" pos="null" morph="null" id="null" form="null" syntacticFunction="null" order="0">joliesmaisons</de.tudarmstadt.ukp.dkpro.core.api.segmentation.type.Token>
             
            <de.tudarmstadt.ukp.dkpro.core.api.segmentation.type.Token sofa="Sofa" begin="822" end="824" parent="null" lemma="null" stem="null" pos="null" morph="null" id="null" form="null" syntacticFunction="null" order="0">de</de.tudarmstadt.ukp.dkpro.core.api.segmentation.type.Token>
             
            <de.tudarmstadt.ukp.dkpro.core.api.segmentation.type.Token sofa="Sofa" begin="825" end="833" parent="null" lemma="null" stem="null" pos="null" morph="null" id="null" form="null" syntacticFunction="null" order="0">campagne</de.tudarmstadt.ukp.dkpro.core.api.segmentation.type.Token>
             
            <de.tudarmstadt.ukp.dkpro.core.api.segmentation.type.Token sofa="Sofa" begin="834" end="837" parent="null" lemma="null" stem="null" pos="null" morph="null" id="null" form="null" syntacticFunction="null" order="0">qui</de.tudarmstadt.ukp.dkpro.core.api.segmentation.type.Token>
             
            <de.tudarmstadt.ukp.dkpro.core.api.segmentation.type.Token sofa="Sofa" begin="838" end="847" parent="null" lemma="null" stem="null" pos="null" morph="null" id="null" form="null" syntacticFunction="null" order="0">s'offrent</de.tudarmstadt.ukp.dkpro.core.api.segmentation.type.Token>
             
            <de.tudarmstadt.ukp.dkpro.core.api.segmentation.type.Token sofa="Sofa" begin="848" end="849" parent="null" lemma="null" stem="null" pos="null" morph="null" id="null" form="null" syntacticFunction="null" order="0">à</de.tudarmstadt.ukp.dkpro.core.api.segmentation.type.Token>
             
            <de.tudarmstadt.ukp.dkpro.core.api.segmentation.type.Token sofa="Sofa" begin="850" end="854" parent="null" lemma="null" stem="null" pos="null" morph="null" id="null" form="null" syntacticFunction="null" order="0">nous</de.tudarmstadt.ukp.dkpro.core.api.segmentation.type.Token>
             
            <de.tudarmstadt.ukp.dkpro.core.api.segmentation.type.Token sofa="Sofa" begin="855" end="857" parent="null" lemma="null" stem="null" pos="null" morph="null" id="null" form="null" syntacticFunction="null" order="0">de</de.tudarmstadt.ukp.dkpro.core.api.segmentation.type.Token>
             
            <de.tudarmstadt.ukp.dkpro.core.api.segmentation.type.Token sofa="Sofa" begin="858" end="862" parent="null" lemma="null" stem="null" pos="null" morph="null" id="null" form="null" syntacticFunction="null" order="0">tous</de.tudarmstadt.ukp.dkpro.core.api.segmentation.type.Token>
             
            <de.tudarmstadt.ukp.dkpro.core.api.segmentation.type.Token sofa="Sofa" begin="863" end="868" parent="null" lemma="null" stem="null" pos="null" morph="null" id="null" form="null" syntacticFunction="null" order="0">côtés</de.tudarmstadt.ukp.dkpro.core.api.segmentation.type.Token>
            <de.tudarmstadt.ukp.dkpro.core.api.segmentation.type.Token sofa="Sofa" begin="868" end="869" parent="null" lemma="null" stem="null" pos="null" morph="null" id="null" form="null" syntacticFunction="null" order="0">.</de.tudarmstadt.ukp.dkpro.core.api.segmentation.type.Token>
        </de.tudarmstadt.ukp.dkpro.core.api.segmentation.type.Sentence>
         
        <de.tudarmstadt.ukp.dkpro.core.api.segmentation.type.Sentence sofa="Sofa" begin="870" end="1126" id="null">
            <de.tudarmstadt.ukp.dkpro.core.api.segmentation.type.Token sofa="Sofa" begin="870" end="872" parent="null" lemma="null" stem="null" pos="null" morph="null" id="null" form="null" syntacticFunction="null" order="0">Je</de.tudarmstadt.ukp.dkpro.core.api.segmentation.type.Token>
             
            <de.tudarmstadt.ukp.dkpro.core.api.segmentation.type.Token sofa="Sofa" begin="873" end="878" parent="null" lemma="null" stem="null" pos="null" morph="null" id="null" form="null" syntacticFunction="null" order="0">finis</de.tudarmstadt.ukp.dkpro.core.api.segmentation.type.Token>
             
            <de.tudarmstadt.ukp.dkpro.core.api.segmentation.type.Token sofa="Sofa" begin="879" end="881" parent="null" lemma="null" stem="null" pos="null" morph="null" id="null" form="null" syntacticFunction="null" order="0">en</de.tudarmstadt.ukp.dkpro.core.api.segmentation.type.Token>
             
            <de.tudarmstadt.ukp.dkpro.core.api.segmentation.type.Token sofa="Sofa" begin="882" end="886" parent="null" lemma="null" stem="null" pos="null" morph="null" id="null" form="null" syntacticFunction="null" order="0">vous</de.tudarmstadt.ukp.dkpro.core.api.segmentation.type.Token>
             
            <de.tudarmstadt.ukp.dkpro.core.api.segmentation.type.Token sofa="Sofa" begin="887" end="896" parent="null" lemma="null" stem="null" pos="null" morph="null" id="null" form="null" syntacticFunction="null" order="0">rappelant</de.tudarmstadt.ukp.dkpro.core.api.segmentation.type.Token>
             
            <de.tudarmstadt.ukp.dkpro.core.api.segmentation.type.Token sofa="Sofa" begin="897" end="899" parent="null" lemma="null" stem="null" pos="null" morph="null" id="null" form="null" syntacticFunction="null" order="0">ce</de.tudarmstadt.ukp.dkpro.core.api.segmentation.type.Token>
             
            <de.tudarmstadt.ukp.dkpro.core.api.segmentation.type.Token sofa="Sofa" begin="900" end="903" parent="null" lemma="null" stem="null" pos="null" morph="null" id="null" form="null" syntacticFunction="null" order="0">que</de.tudarmstadt.ukp.dkpro.core.api.segmentation.type.Token>
             
            <de.tudarmstadt.ukp.dkpro.core.api.segmentation.type.Token sofa="Sofa" begin="904" end="907" parent="null" lemma="null" stem="null" pos="null" morph="null" id="null" form="null" syntacticFunction="null" order="0">dit</de.tudarmstadt.ukp.dkpro.core.api.segmentation.type.Token>
             
            <de.tudarmstadt.ukp.dkpro.core.api.segmentation.type.Token sofa="Sofa" begin="908" end="915" parent="null" lemma="null" stem="null" pos="null" morph="null" id="null" form="null" syntacticFunction="null" order="0">Lysippe</de.tudarmstadt.ukp.dkpro.core.api.segmentation.type.Token>
             
            <de.tudarmstadt.ukp.dkpro.core.api.segmentation.type.Token sofa="Sofa" begin="916" end="920" parent="null" lemma="null" stem="null" pos="null" morph="null" id="null" form="null" syntacticFunction="null" order="0">dans</de.tudarmstadt.ukp.dkpro.core.api.segmentation.type.Token>
             
            <de.tudarmstadt.ukp.dkpro.core.api.segmentation.type.Token sofa="Sofa" begin="921" end="924" parent="null" lemma="null" stem="null" pos="null" morph="null" id="null" form="null" syntacticFunction="null" order="0">une</de.tudarmstadt.ukp.dkpro.core.api.segmentation.type.Token>
             
            <de.tudarmstadt.ukp.dkpro.core.api.segmentation.type.Token sofa="Sofa" begin="925" end="927" parent="null" lemma="null" stem="null" pos="null" morph="null" id="null" form="null" syntacticFunction="null" order="0">de</de.tudarmstadt.ukp.dkpro.core.api.segmentation.type.Token>
             
            <de.tudarmstadt.ukp.dkpro.core.api.segmentation.type.Token sofa="Sofa" begin="928" end="931" parent="null" lemma="null" stem="null" pos="null" morph="null" id="null" form="null" syntacticFunction="null" order="0">ses</de.tudarmstadt.ukp.dkpro.core.api.segmentation.type.Token>
             
            <de.tudarmstadt.ukp.dkpro.core.api.segmentation.type.Token sofa="Sofa" begin="932" end="940" parent="null" lemma="null" stem="null" pos="null" morph="null" id="null" form="null" syntacticFunction="null" order="0">comédies</de.tudarmstadt.ukp.dkpro.core.api.segmentation.type.Token>
            <de.tudarmstadt.ukp.dkpro.core.api.segmentation.type.Token sofa="Sofa" begin="940" end="941" parent="null" lemma="null" stem="null" pos="null" morph="null" id="null" form="null" syntacticFunction="null" order="0">:</de.tudarmstadt.ukp.dkpro.core.api.segmentation.type.Token>
             
            <de.tudarmstadt.ukp.dkpro.core.api.segmentation.type.Token sofa="Sofa" begin="942" end="943" parent="null" lemma="null" stem="null" pos="null" morph="null" id="null" form="null" syntacticFunction="null" order="0">"</de.tudarmstadt.ukp.dkpro.core.api.segmentation.type.Token>
             
            <de.tudarmstadt.ukp.dkpro.core.api.segmentation.type.Token sofa="Sofa" begin="944" end="947" parent="null" lemma="null" stem="null" pos="null" morph="null" id="null" form="null" syntacticFunction="null" order="0">qui</de.tudarmstadt.ukp.dkpro.core.api.segmentation.type.Token>
             
            <de.tudarmstadt.ukp.dkpro.core.api.segmentation.type.Token sofa="Sofa" begin="948" end="950" parent="null" lemma="null" stem="null" pos="null" morph="null" id="null" form="null" syntacticFunction="null" order="0">ne</de.tudarmstadt.ukp.dkpro.core.api.segmentation.type.Token>
             
            <de.tudarmstadt.ukp.dkpro.core.api.segmentation.type.Token sofa="Sofa" begin="951" end="956" parent="null" lemma="null" stem="null" pos="null" morph="null" id="null" form="null" syntacticFunction="null" order="0">désir</de.tudarmstadt.ukp.dkpro.core.api.segmentation.type.Token>
             
            <de.tudarmstadt.ukp.dkpro.core.api.segmentation.type.Token sofa="Sofa" begin="957" end="960" parent="null" lemma="null" stem="null" pos="null" morph="null" id="null" form="null" syntacticFunction="null" order="0">pas</de.tudarmstadt.ukp.dkpro.core.api.segmentation.type.Token>
             
            <de.tudarmstadt.ukp.dkpro.core.api.segmentation.type.Token sofa="Sofa" begin="961" end="963" parent="null" lemma="null" stem="null" pos="null" morph="null" id="null" form="null" syntacticFunction="null" order="0">de</de.tudarmstadt.ukp.dkpro.core.api.segmentation.type.Token>
             
            <de.tudarmstadt.ukp.dkpro.core.api.segmentation.type.Token sofa="Sofa" begin="964" end="968" parent="null" lemma="null" stem="null" pos="null" morph="null" id="null" form="null" syntacticFunction="null" order="0">voir</de.tudarmstadt.ukp.dkpro.core.api.segmentation.type.Token>
             
            <de.tudarmstadt.ukp.dkpro.core.api.segmentation.type.Token sofa="Sofa" begin="969" end="976" parent="null" lemma="null" stem="null" pos="null" morph="null" id="null" form="null" syntacticFunction="null" order="0">Athènes</de.tudarmstadt.ukp.dkpro.core.api.segmentation.type.Token>
            <de.tudarmstadt.ukp.dkpro.core.api.segmentation.type.Token sofa="Sofa" begin="976" end="977" parent="null" lemma="null" stem="null" pos="null" morph="null" id="null" form="null" syntacticFunction="null" order="0">,</de.tudarmstadt.ukp.dkpro.core.api.segmentation.type.Token>
             
            <de.tudarmstadt.ukp.dkpro.core.api.segmentation.type.Token sofa="Sofa" begin="978" end="981" parent="null" lemma="null" stem="null" pos="null" morph="null" id="null" form="null" syntacticFunction="null" order="0">est</de.tudarmstadt.ukp.dkpro.core.api.segmentation.type.Token>
             
            <de.tudarmstadt.ukp.dkpro.core.api.segmentation.type.Token sofa="Sofa" begin="982" end="989" parent="null" lemma="null" stem="null" pos="null" morph="null" id="null" form="null" syntacticFunction="null" order="0">stupide</de.tudarmstadt.ukp.dkpro.core.api.segmentation.type.Token>
            <de.tudarmstadt.ukp.dkpro.core.api.segmentation.type.Token sofa="Sofa" begin="989" end="990" parent="null" lemma="null" stem="null" pos="null" morph="null" id="null" form="null" syntacticFunction="null" order="0">;</de.tudarmstadt.ukp.dkpro.core.api.segmentation.type.Token>
             
            <de.tudarmstadt.ukp.dkpro.core.api.segmentation.type.Token sofa="Sofa" begin="991" end="994" parent="null" lemma="null" stem="null" pos="null" morph="null" id="null" form="null" syntacticFunction="null" order="0">qui</de.tudarmstadt.ukp.dkpro.core.api.segmentation.type.Token>
             
            <de.tudarmstadt.ukp.dkpro.core.api.segmentation.type.Token sofa="Sofa" begin="995" end="997" parent="null" lemma="null" stem="null" pos="null" morph="null" id="null" form="null" syntacticFunction="null" order="0">la</de.tudarmstadt.ukp.dkpro.core.api.segmentation.type.Token>
             
            <de.tudarmstadt.ukp.dkpro.core.api.segmentation.type.Token sofa="Sofa" begin="998" end="1002" parent="null" lemma="null" stem="null" pos="null" morph="null" id="null" form="null" syntacticFunction="null" order="0">voit</de.tudarmstadt.ukp.dkpro.core.api.segmentation.type.Token>
             
            <de.tudarmstadt.ukp.dkpro.core.api.segmentation.type.Token sofa="Sofa" begin="1003" end="1007" parent="null" lemma="null" stem="null" pos="null" morph="null" id="null" form="null" syntacticFunction="null" order="0">sans</de.tudarmstadt.ukp.dkpro.core.api.segmentation.type.Token>
             
            <de.tudarmstadt.ukp.dkpro.core.api.segmentation.type.Token sofa="Sofa" begin="1008" end="1011" parent="null" lemma="null" stem="null" pos="null" morph="null" id="null" form="null" syntacticFunction="null" order="0">s'y</de.tudarmstadt.ukp.dkpro.core.api.segmentation.type.Token>
             
            <de.tudarmstadt.ukp.dkpro.core.api.segmentation.type.Token sofa="Sofa" begin="1012" end="1018" parent="null" lemma="null" stem="null" pos="null" morph="null" id="null" form="null" syntacticFunction="null" order="0">plaire</de.tudarmstadt.ukp.dkpro.core.api.segmentation.type.Token>
            <de.tudarmstadt.ukp.dkpro.core.api.segmentation.type.Token sofa="Sofa" begin="1018" end="1019" parent="null" lemma="null" stem="null" pos="null" morph="null" id="null" form="null" syntacticFunction="null" order="0">,</de.tudarmstadt.ukp.dkpro.core.api.segmentation.type.Token>
             
            <de.tudarmstadt.ukp.dkpro.core.api.segmentation.type.Token sofa="Sofa" begin="1020" end="1023" parent="null" lemma="null" stem="null" pos="null" morph="null" id="null" form="null" syntacticFunction="null" order="0">est</de.tudarmstadt.ukp.dkpro.core.api.segmentation.type.Token>
             
            <de.tudarmstadt.ukp.dkpro.core.api.segmentation.type.Token sofa="Sofa" begin="1024" end="1028" parent="null" lemma="null" stem="null" pos="null" morph="null" id="null" form="null" syntacticFunction="null" order="0">plus</de.tudarmstadt.ukp.dkpro.core.api.segmentation.type.Token>
             
            <de.tudarmstadt.ukp.dkpro.core.api.segmentation.type.Token sofa="Sofa" begin="1029" end="1036" parent="null" lemma="null" stem="null" pos="null" morph="null" id="null" form="null" syntacticFunction="null" order="0">stupide</de.tudarmstadt.ukp.dkpro.core.api.segmentation.type.Token>
             
            <de.tudarmstadt.ukp.dkpro.core.api.segmentation.type.Token sofa="Sofa" begin="1037" end="1043" parent="null" lemma="null" stem="null" pos="null" morph="null" id="null" form="null" syntacticFunction="null" order="0">encore</de.tudarmstadt.ukp.dkpro.core.api.segmentation.type.Token>
            <de.tudarmstadt.ukp.dkpro.core.api.segmentation.type.Token sofa="Sofa" begin="1043" end="1044" parent="null" lemma="null" stem="null" pos="null" morph="null" id="null" form="null" syntacticFunction="null" order="0">;</de.tudarmstadt.ukp.dkpro.core.api.segmentation.type.Token>
             
            <de.tudarmstadt.ukp.dkpro.core.api.segmentation.type.Token sofa="Sofa" begin="1045" end="1049" parent="null" lemma="null" stem="null" pos="null" morph="null" id="null" form="null" syntacticFunction="null" order="0">mais</de.tudarmstadt.ukp.dkpro.core.api.segmentation.type.Token>
             
            <de.tudarmstadt.ukp.dkpro.core.api.segmentation.type.Token sofa="Sofa" begin="1050" end="1052" parent="null" lemma="null" stem="null" pos="null" morph="null" id="null" form="null" syntacticFunction="null" order="0">le</de.tudarmstadt.ukp.dkpro.core.api.segmentation.type.Token>
             
            <de.tudarmstadt.ukp.dkpro.core.api.segmentation.type.Token sofa="Sofa" begin="1053" end="1059" parent="null" lemma="null" stem="null" pos="null" morph="null" id="null" form="null" syntacticFunction="null" order="0">comble</de.tudarmstadt.ukp.dkpro.core.api.segmentation.type.Token>
             
            <de.tudarmstadt.ukp.dkpro.core.api.segmentation.type.Token sofa="Sofa" begin="1060" end="1062" parent="null" lemma="null" stem="null" pos="null" morph="null" id="null" form="null" syntacticFunction="null" order="0">de</de.tudarmstadt.ukp.dkpro.core.api.segmentation.type.Token>
             
            <de.tudarmstadt.ukp.dkpro.core.api.segmentation.type.Token sofa="Sofa" begin="1063" end="1065" parent="null" lemma="null" stem="null" pos="null" morph="null" id="null" form="null" syntacticFunction="null" order="0">la</de.tudarmstadt.ukp.dkpro.core.api.segmentation.type.Token>
             
            <de.tudarmstadt.ukp.dkpro.core.api.segmentation.type.Token sofa="Sofa" begin="1066" end="1075" parent="null" lemma="null" stem="null" pos="null" morph="null" id="null" form="null" syntacticFunction="null" order="0">stupidité</de.tudarmstadt.ukp.dkpro.core.api.segmentation.type.Token>
            <de.tudarmstadt.ukp.dkpro.core.api.segmentation.type.Token sofa="Sofa" begin="1075" end="1076" parent="null" lemma="null" stem="null" pos="null" morph="null" id="null" form="null" syntacticFunction="null" order="0">,</de.tudarmstadt.ukp.dkpro.core.api.segmentation.type.Token>
             
            <de.tudarmstadt.ukp.dkpro.core.api.segmentation.type.Token sofa="Sofa" begin="1077" end="1080" parent="null" lemma="null" stem="null" pos="null" morph="null" id="null" form="null" syntacticFunction="null" order="0">est</de.tudarmstadt.ukp.dkpro.core.api.segmentation.type.Token>
             
            <de.tudarmstadt.ukp.dkpro.core.api.segmentation.type.Token sofa="Sofa" begin="1081" end="1083" parent="null" lemma="null" stem="null" pos="null" morph="null" id="null" form="null" syntacticFunction="null" order="0">de</de.tudarmstadt.ukp.dkpro.core.api.segmentation.type.Token>
             
            <de.tudarmstadt.ukp.dkpro.core.api.segmentation.type.Token sofa="Sofa" begin="1084" end="1086" parent="null" lemma="null" stem="null" pos="null" morph="null" id="null" form="null" syntacticFunction="null" order="0">la</de.tudarmstadt.ukp.dkpro.core.api.segmentation.type.Token>
             
            <de.tudarmstadt.ukp.dkpro.core.api.segmentation.type.Token sofa="Sofa" begin="1087" end="1091" parent="null" lemma="null" stem="null" pos="null" morph="null" id="null" form="null" syntacticFunction="null" order="0">voir</de.tudarmstadt.ukp.dkpro.core.api.segmentation.type.Token>
            <de.tudarmstadt.ukp.dkpro.core.api.segmentation.type.Token sofa="Sofa" begin="1091" end="1092" parent="null" lemma="null" stem="null" pos="null" morph="null" id="null" form="null" syntacticFunction="null" order="0">,</de.tudarmstadt.ukp.dkpro.core.api.segmentation.type.Token>
             
            <de.tudarmstadt.ukp.dkpro.core.api.segmentation.type.Token sofa="Sofa" begin="1093" end="1095" parent="null" lemma="null" stem="null" pos="null" morph="null" id="null" form="null" syntacticFunction="null" order="0">de</de.tudarmstadt.ukp.dkpro.core.api.segmentation.type.Token>
             
            <de.tudarmstadt.ukp.dkpro.core.api.segmentation.type.Token sofa="Sofa" begin="1096" end="1099" parent="null" lemma="null" stem="null" pos="null" morph="null" id="null" form="null" syntacticFunction="null" order="0">s'y</de.tudarmstadt.ukp.dkpro.core.api.segmentation.type.Token>
             
            <de.tudarmstadt.ukp.dkpro.core.api.segmentation.type.Token sofa="Sofa" begin="1100" end="1106" parent="null" lemma="null" stem="null" pos="null" morph="null" id="null" form="null" syntacticFunction="null" order="0">plaire</de.tudarmstadt.ukp.dkpro.core.api.segmentation.type.Token>
             
            <de.tudarmstadt.ukp.dkpro.core.api.segmentation.type.Token sofa="Sofa" begin="1107" end="1109" parent="null" lemma="null" stem="null" pos="null" morph="null" id="null" form="null" syntacticFunction="null" order="0">et</de.tudarmstadt.ukp.dkpro.core.api.segmentation.type.Token>
             
            <de.tudarmstadt.ukp.dkpro.core.api.segmentation.type.Token sofa="Sofa" begin="1110" end="1112" parent="null" lemma="null" stem="null" pos="null" morph="null" id="null" form="null" syntacticFunction="null" order="0">de</de.tudarmstadt.ukp.dkpro.core.api.segmentation.type.Token>
             
            <de.tudarmstadt.ukp.dkpro.core.api.segmentation.type.Token sofa="Sofa" begin="1113" end="1115" parent="null" lemma="null" stem="null" pos="null" morph="null" id="null" form="null" syntacticFunction="null" order="0">la</de.tudarmstadt.ukp.dkpro.core.api.segmentation.type.Token>
             
            <de.tudarmstadt.ukp.dkpro.core.api.segmentation.type.Token sofa="Sofa" begin="1116" end="1123" parent="null" lemma="null" stem="null" pos="null" morph="null" id="null" form="null" syntacticFunction="null" order="0">quitter</de.tudarmstadt.ukp.dkpro.core.api.segmentation.type.Token>
            <de.tudarmstadt.ukp.dkpro.core.api.segmentation.type.Token sofa="Sofa" begin="1123" end="1124" parent="null" lemma="null" stem="null" pos="null" morph="null" id="null" form="null" syntacticFunction="null" order="0">.</de.tudarmstadt.ukp.dkpro.core.api.segmentation.type.Token>
             
            <de.tudarmstadt.ukp.dkpro.core.api.segmentation.type.Token sofa="Sofa" begin="1125" end="1126" parent="null" lemma="null" stem="null" pos="null" morph="null" id="null" form="null" syntacticFunction="null" order="0">"</de.tudarmstadt.ukp.dkpro.core.api.segmentation.type.Token>
        </de.tudarmstadt.ukp.dkpro.core.api.segmentation.type.Sentence>
        
    </de.tudarmstadt.ukp.dkpro.core.api.metadata.type.DocumentMetaData>
</Document>
