#FORMAT=WebAnno TSV 3.3


#Text=[
#Text=p. 38]
#Text=
#Text=
#Text=Gelijk
#Text=wij echter reeds zeiden er is een aanmerkelijk gedeelte der waterdampdeeltjes, dat hooger zich verheft en langer in den dampkring vertoeft.
1-1	2-3	[	
1-2	4-5	p	
1-3	5-6	.	
1-4	7-9	38	
1-5	9-10	]	
1-6	13-19	Gelijk	
1-7	20-23	wij	
1-8	24-30	echter	
1-9	31-36	reeds	
1-10	37-43	zeiden	
1-11	44-46	er	
1-12	47-49	is	
1-13	50-53	een	
1-14	54-66	aanmerkelijk	
1-15	67-75	gedeelte	
1-16	76-79	der	
1-17	80-97	waterdampdeeltjes	
1-18	97-98	,	
1-19	99-102	dat	
1-20	103-109	hooger	
1-21	110-114	zich	
1-22	115-122	verheft	
1-23	123-125	en	
1-24	126-132	langer	
1-25	133-135	in	
1-26	136-139	den	
1-27	140-149	dampkring	
1-28	150-158	vertoeft	
1-29	158-159	.	

#Text=Wij zouden de beteekenis van het water in de huishouding der natuur nog zeer onvolledig kennen, als wij ons niet met de toestanden dier waterdeeltjes tusschen hunne opheffing en hun nederslaan nader bekend maakten, en niet ook de overige vormen, welke zij kunnen aannemen, de vereenigingen, die zij aangaan evenzeer aan ons onderzoek onderwierpen.
2-1	162-165	Wij	
2-2	166-172	zouden	
2-3	173-175	de	
2-4	176-186	beteekenis	
2-5	187-190	van	
2-6	191-194	het	
2-7	195-200	water	
2-8	201-203	in	
2-9	204-206	de	
2-10	207-218	huishouding	
2-11	219-222	der	
2-12	223-229	natuur	
2-13	230-233	nog	
2-14	234-238	zeer	
2-15	239-249	onvolledig	
2-16	250-256	kennen	
2-17	256-257	,	
2-18	258-261	als	
2-19	262-265	wij	
2-20	266-269	ons	
2-21	270-274	niet	
2-22	275-278	met	
2-23	279-281	de	
2-24	282-292	toestanden	
2-25	293-297	dier	
2-26	298-311	waterdeeltjes	
2-27	312-320	tusschen	
2-28	321-326	hunne	
2-29	327-336	opheffing	
2-30	337-339	en	
2-31	340-343	hun	
2-32	344-354	nederslaan	
2-33	355-360	nader	
2-34	361-367	bekend	
2-35	368-375	maakten	
2-36	375-376	,	
2-37	377-379	en	
2-38	380-384	niet	
2-39	385-388	ook	
2-40	389-391	de	
2-41	392-399	overige	
2-42	400-406	vormen	
2-43	406-407	,	
2-44	408-413	welke	
2-45	414-417	zij	
2-46	418-424	kunnen	
2-47	425-433	aannemen	
2-48	433-434	,	
2-49	435-437	de	
2-50	438-451	vereenigingen	
2-51	451-452	,	
2-52	453-456	die	
2-53	457-460	zij	
2-54	461-468	aangaan	
2-55	469-477	evenzeer	
2-56	478-481	aan	
2-57	482-485	ons	
2-58	486-495	onderzoek	
2-59	496-508	onderwierpen	
2-60	508-509	.	

#Text=De eerste van die toestanden is die van onzigtbaren waterdamp.
3-1	510-512	De	
3-2	513-519	eerste	
3-3	520-523	van	
3-4	524-527	die	
3-5	528-538	toestanden	
3-6	539-541	is	
3-7	542-545	die	
3-8	546-549	van	
3-9	550-561	onzigtbaren	
3-10	562-571	waterdamp	
3-11	571-572	.	

#Text=Eenigen tijd blijven zij als deeltjes op zich zelve zonder met andere in eenige nadere verbinding te treden.
4-1	574-581	Eenigen	
4-2	582-586	tijd	
4-3	587-594	blijven	
4-4	595-598	zij	
4-5	599-602	als	
4-6	603-611	deeltjes	
4-7	612-614	op	
4-8	615-619	zich	
4-9	620-625	zelve	
4-10	626-632	zonder	
4-11	633-636	met	
4-12	637-643	andere	
4-13	644-646	in	
4-14	647-653	eenige	
4-15	654-660	nadere	
4-16	661-671	verbinding	
4-17	672-674	te	
4-18	675-681	treden	
4-19	681-682	.	

#Text=Dat zou dan de eigenlijke damptoestand zijn, waarin wij van spanning kunnen gewagen, die dan door den psychrometer wordt gemeten, eene spanning afhankelijk van de temperatuur, op eene wijze, die in de tafels der natuurkundigen wordt aangegeven, en van de drukking, die hooger geplaatste dampdeeltjes er op uitoefenen.
5-1	683-686	Dat	
5-2	687-690	zou	
5-3	691-694	dan	
5-4	695-697	de	
5-5	698-708	eigenlijke	
5-6	709-721	damptoestand	
5-7	722-726	zijn	
5-8	726-727	,	
5-9	728-734	waarin	
5-10	735-738	wij	
5-11	739-742	van	
5-12	743-751	spanning	
5-13	752-758	kunnen	
5-14	759-766	gewagen	
5-15	766-767	,	
5-16	768-771	die	
5-17	772-775	dan	
5-18	776-780	door	
5-19	781-784	den	
5-20	785-797	psychrometer	
5-21	798-803	wordt	
5-22	804-811	gemeten	
5-23	811-812	,	
5-24	813-817	eene	
5-25	818-826	spanning	
5-26	827-838	afhankelijk	
5-27	839-842	van	
5-28	843-845	de	
5-29	846-857	temperatuur	
5-30	857-858	,	
5-31	859-861	op	
5-32	862-866	eene	
5-33	867-872	wijze	
5-34	872-873	,	
5-35	874-877	die	
5-36	878-880	in	
5-37	881-883	de	
5-38	884-890	tafels	
5-39	891-894	der	
5-40	895-909	natuurkundigen	
5-41	910-915	wordt	
5-42	916-926	aangegeven	
5-43	926-927	,	
5-44	928-930	en	
5-45	931-934	van	
5-46	935-937	de	
5-47	938-946	drukking	
5-48	946-947	,	
5-49	948-951	die	
5-50	952-958	hooger	
5-51	959-969	geplaatste	
5-52	970-982	dampdeeltjes	
5-53	983-985	er	
5-54	986-988	op	
5-55	989-999	uitoefenen	
5-56	999-1000	.	

#Text=Zonder eene merkbare verbinding met onze lucht aan te gaan, vormen zij dan een ware atmospheer daarin, het hoogst en het digtst boven de zee in de warme deelen der aarde, verder ijler en lager in het binnenste der werelddeelen.
#Text=- Ook kan men ten naastenbij de hoeveelheid beoordeelen.
6-1	1001-1007	Zonder	
6-2	1008-1012	eene	
6-3	1013-1021	merkbare	
6-4	1022-1032	verbinding	
6-5	1033-1036	met	
6-6	1037-1041	onze	
6-7	1042-1047	lucht	
6-8	1048-1051	aan	
6-9	1052-1054	te	
6-10	1055-1059	gaan	
6-11	1059-1060	,	
6-12	1061-1067	vormen	
6-13	1068-1071	zij	
6-14	1072-1075	dan	
6-15	1076-1079	een	
6-16	1080-1084	ware	
6-17	1085-1095	atmospheer	
6-18	1096-1102	daarin	
6-19	1102-1103	,	
6-20	1104-1107	het	
6-21	1108-1114	hoogst	
6-22	1115-1117	en	
6-23	1118-1121	het	
6-24	1122-1128	digtst	
6-25	1129-1134	boven	
6-26	1135-1137	de	
6-27	1138-1141	zee	
6-28	1142-1144	in	
6-29	1145-1147	de	
6-30	1148-1153	warme	
6-31	1154-1160	deelen	
6-32	1161-1164	der	
6-33	1165-1170	aarde	
6-34	1170-1171	,	
6-35	1172-1178	verder	
6-36	1179-1184	ijler	
6-37	1185-1187	en	
6-38	1188-1193	lager	
6-39	1194-1196	in	
6-40	1197-1200	het	
6-41	1201-1210	binnenste	
6-42	1211-1214	der	
6-43	1215-1227	werelddeelen	
6-44	1227-1228	.	
6-45	1229-1230	-	
6-46	1231-1234	Ook	
6-47	1235-1238	kan	
6-48	1239-1242	men	
6-49	1243-1246	ten	
6-50	1247-1257	naastenbij	
6-51	1258-1260	de	
6-52	1261-1272	hoeveelheid	
6-53	1273-1284	beoordeelen	
6-54	1284-1285	.	

#Text=Sommigen zijn hierin wel eens te ver gegaan;
#Text=zij beweerden, dat men door dien psychrometer dus de hoeveelheid waterdamp eener vertikale kolom even goed konde bepalen, als de hoeveelheid lucht door middel van den barometer.
7-1	1286-1294	Sommigen	
7-2	1295-1299	zijn	
7-3	1300-1306	hierin	
7-4	1307-1310	wel	
7-5	1311-1315	eens	
7-6	1316-1318	te	
7-7	1319-1322	ver	
7-8	1323-1329	gegaan	
7-9	1329-1330	;	
7-10	1331-1334	zij	
7-11	1335-1344	beweerden	
7-12	1344-1345	,	
7-13	1346-1349	dat	
7-14	1350-1353	men	
7-15	1354-1358	door	
7-16	1359-1363	dien	
7-17	1364-1376	psychrometer	
7-18	1377-1380	dus	
7-19	1381-1383	de	
7-20	1384-1395	hoeveelheid	
7-21	1396-1405	waterdamp	
7-22	1406-1411	eener	
7-23	1412-1421	vertikale	
7-24	1422-1427	kolom	
7-25	1428-1432	even	
7-26	1433-1437	goed	
7-27	1438-1443	konde	
7-28	1444-1451	bepalen	
7-29	1451-1452	,	
7-30	1453-1456	als	
7-31	1457-1459	de	
7-32	1460-1471	hoeveelheid	
7-33	1472-1477	lucht	
7-34	1478-1482	door	
7-35	1483-1489	middel	
7-36	1490-1493	van	
7-37	1494-1497	den	
7-38	1498-1507	barometer	
7-39	1507-1508	.	

#Text=Zij eischten, dat aan de noodzakelijk ware wet van Dalton oogenblikkelijk werd voldaan.
8-1	1509-1512	Zij	
8-2	1513-1521	eischten	
8-3	1521-1522	,	
8-4	1523-1526	dat	
8-5	1527-1530	aan	
8-6	1531-1533	de	
8-7	1534-1546	noodzakelijk	
8-8	1547-1551	ware	
8-9	1552-1555	wet	
8-10	1556-1559	van	
8-11	1560-1566	Dalton	
8-12	1567-1582	oogenblikkelijk	
8-13	1583-1587	werd	
8-14	1588-1595	voldaan	
8-15	1595-1596	.	

#Text=Zij meenden, dat men, na van de barometerhoogte te hebben afgetrokken de aan deze spanning beantwoordende kwikkolom, over zou houden de drukking der drooge lucht.
9-1	1597-1600	Zij	
9-2	1601-1608	meenden	
9-3	1608-1609	,	
9-4	1610-1613	dat	
9-5	1614-1617	men	
9-6	1617-1618	,	
9-7	1619-1621	na	
9-8	1622-1625	van	
9-9	1626-1628	de	
9-10	1629-1644	barometerhoogte	
9-11	1645-1647	te	
9-12	1648-1654	hebben	
9-13	1655-1666	afgetrokken	
9-14	1667-1669	de	
9-15	1670-1673	aan	
9-16	1674-1678	deze	
9-17	1679-1687	spanning	
9-18	1688-1702	beantwoordende	
9-19	1703-1712	kwikkolom	
9-20	1712-1713	,	
9-21	1714-1718	over	
9-22	1719-1722	zou	
9-23	1723-1729	houden	
9-24	1730-1732	de	
9-25	1733-1741	drukking	
9-26	1742-1745	der	
9-27	1746-1752	drooge	
9-28	1753-1758	lucht	
9-29	1758-1759	.	

#Text=Het zou alleen dan het geval zijn, als die wet zich oogenblikkelijk deed gehoorzamen (hetgeen zij niet doet, want dan zou ook boven Asië en boven den Oceaan geen verschil van 10 millimeters zijn) en als er geen andere vormen dan alleen die van waren damp bestonden.
10-1	1760-1763	Het	
10-2	1764-1767	zou	
10-3	1768-1774	alleen	
10-4	1775-1778	dan	
10-5	1779-1782	het	
10-6	1783-1788	geval	
10-7	1789-1793	zijn	
10-8	1793-1794	,	
10-9	1795-1798	als	
10-10	1799-1802	die	
10-11	1803-1806	wet	
10-12	1807-1811	zich	
10-13	1812-1827	oogenblikkelijk	
10-14	1828-1832	deed	
10-15	1833-1844	gehoorzamen	
10-16	1845-1846	(	
10-17	1846-1853	hetgeen	
10-18	1854-1857	zij	
10-19	1858-1862	niet	
10-20	1863-1867	doet	
10-21	1867-1868	,	
10-22	1869-1873	want	
10-23	1874-1877	dan	
10-24	1878-1881	zou	
10-25	1882-1885	ook	
10-26	1886-1891	boven	
10-27	1892-1896	Asië	
10-28	1897-1899	en	
10-29	1900-1905	boven	
10-30	1906-1909	den	
10-31	1910-1916	Oceaan	
10-32	1917-1921	geen	
10-33	1922-1930	verschil	
10-34	1931-1934	van	
10-35	1935-1937	10	
10-36	1938-1949	millimeters	
10-37	1950-1954	zijn	
10-38	1954-1955	)	
10-39	1956-1958	en	
10-40	1959-1962	als	
10-41	1963-1965	er	
10-42	1966-1970	geen	
10-43	1971-1977	andere	
10-44	1978-1984	vormen	
10-45	1985-1988	dan	
10-46	1989-1995	alleen	
10-47	1996-1999	die	
10-48	2000-2003	van	
10-49	2004-2009	waren	
10-50	2010-2014	damp	
10-51	2015-2024	bestonden	
10-52	2024-2025	.	

#Text=Lamont heeft dan ook teregt er op gewezen, dat de waterdamp, als hij zich als zoodanig in de lucht uitbreidt, (ik zou zeggen eer hij den evenwigtstoestand bereikt heeft) nog door de lucht ook weêrhouden d.i. gedrukt wordt, zoodat er om die reden minder waterdamp is dan waartoe men op gezag van den psychrometer besluit; terwijl er aan den anderen kant oneindig veel meer is dan door het
#Text=[
#Text=p. 39]
#Text=
#Text=instrument wordt verraden, omdat het water ook in anderen toestand kan aanwezig zijn:
11-1	2026-2032	Lamont	
11-2	2033-2038	heeft	
11-3	2039-2042	dan	
11-4	2043-2046	ook	
11-5	2047-2053	teregt	
11-6	2054-2056	er	
11-7	2057-2059	op	
11-8	2060-2067	gewezen	
11-9	2067-2068	,	
11-10	2069-2072	dat	
11-11	2073-2075	de	
11-12	2076-2085	waterdamp	
11-13	2085-2086	,	
11-14	2087-2090	als	
11-15	2091-2094	hij	
11-16	2095-2099	zich	
11-17	2100-2103	als	
11-18	2104-2112	zoodanig	
11-19	2113-2115	in	
11-20	2116-2118	de	
11-21	2119-2124	lucht	
11-22	2125-2134	uitbreidt	
11-23	2134-2135	,	
11-24	2136-2137	(	
11-25	2137-2139	ik	
11-26	2140-2143	zou	
11-27	2144-2150	zeggen	
11-28	2151-2154	eer	
11-29	2155-2158	hij	
11-30	2159-2162	den	
11-31	2163-2180	evenwigtstoestand	
11-32	2181-2188	bereikt	
11-33	2189-2194	heeft	
11-34	2194-2195	)	
11-35	2196-2199	nog	
11-36	2200-2204	door	
11-37	2205-2207	de	
11-38	2208-2213	lucht	
11-39	2214-2217	ook	
11-40	2218-2228	weêrhouden	
11-41	2229-2232	d.i	
11-42	2232-2233	.	
11-43	2234-2241	gedrukt	
11-44	2242-2247	wordt	
11-45	2247-2248	,	
11-46	2249-2255	zoodat	
11-47	2256-2258	er	
11-48	2259-2261	om	
11-49	2262-2265	die	
11-50	2266-2271	reden	
11-51	2272-2278	minder	
11-52	2279-2288	waterdamp	
11-53	2289-2291	is	
11-54	2292-2295	dan	
11-55	2296-2303	waartoe	
11-56	2304-2307	men	
11-57	2308-2310	op	
11-58	2311-2316	gezag	
11-59	2317-2320	van	
11-60	2321-2324	den	
11-61	2325-2337	psychrometer	
11-62	2338-2345	besluit	
11-63	2345-2346	;	
11-64	2347-2354	terwijl	
11-65	2355-2357	er	
11-66	2358-2361	aan	
11-67	2362-2365	den	
11-68	2366-2373	anderen	
11-69	2374-2378	kant	
11-70	2379-2387	oneindig	
11-71	2388-2392	veel	
11-72	2393-2397	meer	
11-73	2398-2400	is	
11-74	2401-2404	dan	
11-75	2405-2409	door	
11-76	2410-2413	het	
11-77	2414-2415	[	
11-78	2416-2417	p	
11-79	2417-2418	.	
11-80	2419-2421	39	
11-81	2421-2422	]	
11-82	2424-2434	instrument	
11-83	2435-2440	wordt	
11-84	2441-2449	verraden	
11-85	2449-2450	,	
11-86	2451-2456	omdat	
11-87	2457-2460	het	
11-88	2461-2466	water	
11-89	2467-2470	ook	
11-90	2471-2473	in	
11-91	2474-2481	anderen	
11-92	2482-2490	toestand	
11-93	2491-2494	kan	
11-94	2495-2503	aanwezig	
11-95	2504-2508	zijn	
11-96	2508-2509	:	
