#FORMAT=WebAnno TSV 3.3


#Text=Quæ cum comedisset, reversus est spiritus ejus, et refocillatus est : non enim comederat panem, neque biberat aquam, tribus diebus et tribus noctibus.
#Text=13 Dixit itaque ei David : Cujus es tu ?
1-1	2-5	Quæ	
1-2	6-9	cum	
1-3	10-20	comedisset	
1-4	20-21	,	
1-5	22-30	reversus	
1-6	31-34	est	
1-7	35-43	spiritus	
1-8	44-48	ejus	
1-9	48-49	,	
1-10	50-52	et	
1-11	53-65	refocillatus	
1-12	66-69	est	
1-13	70-71	:	
1-14	72-75	non	
1-15	76-80	enim	
1-16	81-90	comederat	
1-17	91-96	panem	
1-18	96-97	,	
1-19	98-103	neque	
1-20	104-111	biberat	
1-21	112-117	aquam	
1-22	117-118	,	
1-23	119-125	tribus	
1-24	126-132	diebus	
1-25	133-135	et	
1-26	136-142	tribus	
1-27	143-151	noctibus	
1-28	151-152	.	
1-29	153-155	13	
1-30	156-161	Dixit	
1-31	162-168	itaque	
1-32	169-171	ei	
1-33	172-177	David	
1-34	178-179	:	
1-35	180-185	Cujus	
1-36	186-188	es	
1-37	189-191	tu	
1-38	192-193	?	

#Text=vel unde ?
2-1	194-197	vel	
2-2	198-202	unde	
2-3	203-204	?	

#Text=et quo pergis ?
3-1	205-207	et	
3-2	208-211	quo	
3-3	212-218	pergis	
3-4	219-220	?	

#Text=Qui ait : Puer ægyptius ego sum, servus viri Amalecitæ : dereliquit autem me dominus meus, quia ægrotare cœpi nudiustertius.
#Text=14 Siquidem nos erupimus ad australem plagam Cerethi, et contra Judam, et ad meridiem Caleb, et Siceleg succendimus igni.
#Text=15 Dixitque ei David : Potes me ducere ad cuneum istum ?
4-1	221-224	Qui	
4-2	225-228	ait	
4-3	229-230	:	
4-4	231-235	Puer	
4-5	236-244	ægyptius	
4-6	245-248	ego	
4-7	249-252	sum	
4-8	252-253	,	
4-9	254-260	servus	
4-10	261-265	viri	
4-11	266-275	Amalecitæ	
4-12	276-277	:	
4-13	278-288	dereliquit	
4-14	289-294	autem	
4-15	295-297	me	
4-16	298-305	dominus	
4-17	306-310	meus	
4-18	310-311	,	
4-19	312-316	quia	
4-20	317-325	ægrotare	
4-21	326-330	cœpi	
4-22	331-344	nudiustertius	
4-23	344-345	.	
4-24	346-348	14	
4-25	349-357	Siquidem	
4-26	358-361	nos	
4-27	362-370	erupimus	
4-28	371-373	ad	
4-29	374-383	australem	
4-30	384-390	plagam	
4-31	391-398	Cerethi	
4-32	398-399	,	
4-33	400-402	et	
4-34	403-409	contra	
4-35	410-415	Judam	
4-36	415-416	,	
4-37	417-419	et	
4-38	420-422	ad	
4-39	423-431	meridiem	
4-40	432-437	Caleb	
4-41	437-438	,	
4-42	439-441	et	
4-43	442-449	Siceleg	
4-44	450-461	succendimus	
4-45	462-466	igni	
4-46	466-467	.	
4-47	468-470	15	
4-48	471-479	Dixitque	
4-49	480-482	ei	
4-50	483-488	David	
4-51	489-490	:	
4-52	491-496	Potes	
4-53	497-499	me	
4-54	500-506	ducere	
4-55	507-509	ad	
4-56	510-516	cuneum	
4-57	517-522	istum	
4-58	523-524	?	

#Text=Qui ait : Jura mihi per Deum quod non occidas me, et non tradas me in manus domini mei, et ego ducam te ad cuneum istum.
5-1	525-528	Qui	
5-2	529-532	ait	
5-3	533-534	:	
5-4	535-539	Jura	
5-5	540-544	mihi	
5-6	545-548	per	
5-7	549-553	Deum	
5-8	554-558	quod	
5-9	559-562	non	
5-10	563-570	occidas	
5-11	571-573	me	
5-12	573-574	,	
5-13	575-577	et	
5-14	578-581	non	
5-15	582-588	tradas	
5-16	589-591	me	
5-17	592-594	in	
5-18	595-600	manus	
5-19	601-607	domini	
5-20	608-611	mei	
5-21	611-612	,	
5-22	613-615	et	
5-23	616-619	ego	
5-24	620-625	ducam	
5-25	626-628	te	
5-26	629-631	ad	
5-27	632-638	cuneum	
5-28	639-644	istum	
5-29	644-645	.	

#Text=Et juravit ei David.
#Text=16 Qui cum duxisset eum, ecce illi discumbebant super faciem universæ terræ comedentes et bibentes, et quasi festum celebrantes diem, pro cuncta præda et spoliis quæ ceperant de terra Philisthiim et de terra Juda.
#Text=17 Et percussit eos David a vespere usque ad vesperam alterius diei, et non evasit ex eis quisquam, nisi quadringenti viri adolescentes, qui ascenderant camelos et fugerant.
#Text=18 Eruit ergo David omnia quæ tulerant Amalecitæ, et duas uxores suas eruit.
#Text=19 Nec defuit quidquam a parvo usque ad magnum, tam de filiis quam de filiabus, et de spoliis, et quæcumque rapuerant : omnia reduxit David.
#Text=20 Et tulit universos greges et armenta, et minavit ante faciem suam : dixeruntque : Hæc est præda David.
#Text=21 Venit autem David ad ducentos viros qui lassi substiterant, nec sequi potuerant David, et residere eos jusserat in torrente Besor : qui egressi sunt obviam David et populo qui erat cum eo.
6-1	646-648	Et	
6-2	649-656	juravit	
6-3	657-659	ei	
6-4	660-665	David	
6-5	665-666	.	
6-6	667-669	16	
6-7	670-673	Qui	
6-8	674-677	cum	
6-9	678-686	duxisset	
6-10	687-690	eum	
6-11	690-691	,	
6-12	692-696	ecce	
6-13	697-701	illi	
6-14	702-714	discumbebant	
6-15	715-720	super	
6-16	721-727	faciem	
6-17	728-736	universæ	
6-18	737-742	terræ	
6-19	743-753	comedentes	
6-20	754-756	et	
6-21	757-765	bibentes	
6-22	765-766	,	
6-23	767-769	et	
6-24	770-775	quasi	
6-25	776-782	festum	
6-26	783-794	celebrantes	
6-27	795-799	diem	
6-28	799-800	,	
6-29	801-804	pro	
6-30	805-811	cuncta	
6-31	812-817	præda	
6-32	818-820	et	
6-33	821-828	spoliis	
6-34	829-832	quæ	
6-35	833-841	ceperant	
6-36	842-844	de	
6-37	845-850	terra	
6-38	851-862	Philisthiim	
6-39	863-865	et	
6-40	866-868	de	
6-41	869-874	terra	
6-42	875-879	Juda	
6-43	879-880	.	
6-44	881-883	17	
6-45	884-886	Et	
6-46	887-896	percussit	
6-47	897-900	eos	
6-48	901-906	David	
6-49	907-908	a	
6-50	909-916	vespere	
6-51	917-922	usque	
6-52	923-925	ad	
6-53	926-934	vesperam	
6-54	935-943	alterius	
6-55	944-948	diei	
6-56	948-949	,	
6-57	950-952	et	
6-58	953-956	non	
6-59	957-963	evasit	
6-60	964-966	ex	
6-61	967-970	eis	
6-62	971-979	quisquam	
6-63	979-980	,	
6-64	981-985	nisi	
6-65	986-998	quadringenti	
6-66	999-1003	viri	
6-67	1004-1016	adolescentes	
6-68	1016-1017	,	
6-69	1018-1021	qui	
6-70	1022-1033	ascenderant	
6-71	1034-1041	camelos	
6-72	1042-1044	et	
6-73	1045-1053	fugerant	
6-74	1053-1054	.	
6-75	1055-1057	18	
6-76	1058-1063	Eruit	
6-77	1064-1068	ergo	
6-78	1069-1074	David	
6-79	1075-1080	omnia	
6-80	1081-1084	quæ	
6-81	1085-1093	tulerant	
6-82	1094-1103	Amalecitæ	
6-83	1103-1104	,	
6-84	1105-1107	et	
6-85	1108-1112	duas	
6-86	1113-1119	uxores	
6-87	1120-1124	suas	
6-88	1125-1130	eruit	
6-89	1130-1131	.	
6-90	1132-1134	19	
6-91	1135-1138	Nec	
6-92	1139-1145	defuit	
6-93	1146-1154	quidquam	
6-94	1155-1156	a	
6-95	1157-1162	parvo	
6-96	1163-1168	usque	
6-97	1169-1171	ad	
6-98	1172-1178	magnum	
6-99	1178-1179	,	
6-100	1180-1183	tam	
6-101	1184-1186	de	
6-102	1187-1193	filiis	
6-103	1194-1198	quam	
6-104	1199-1201	de	
6-105	1202-1210	filiabus	
6-106	1210-1211	,	
6-107	1212-1214	et	
6-108	1215-1217	de	
6-109	1218-1225	spoliis	
6-110	1225-1226	,	
6-111	1227-1229	et	
6-112	1230-1239	quæcumque	
6-113	1240-1249	rapuerant	
6-114	1250-1251	:	
6-115	1252-1257	omnia	
6-116	1258-1265	reduxit	
6-117	1266-1271	David	
6-118	1271-1272	.	
6-119	1273-1275	20	
6-120	1276-1278	Et	
6-121	1279-1284	tulit	
6-122	1285-1294	universos	
6-123	1295-1301	greges	
6-124	1302-1304	et	
6-125	1305-1312	armenta	
6-126	1312-1313	,	
6-127	1314-1316	et	
6-128	1317-1324	minavit	
6-129	1325-1329	ante	
6-130	1330-1336	faciem	
6-131	1337-1341	suam	
6-132	1342-1343	:	
6-133	1344-1355	dixeruntque	
6-134	1356-1357	:	
6-135	1358-1361	Hæc	
6-136	1362-1365	est	
6-137	1366-1371	præda	
6-138	1372-1377	David	
6-139	1377-1378	.	
6-140	1379-1381	21	
6-141	1382-1387	Venit	
6-142	1388-1393	autem	
6-143	1394-1399	David	
6-144	1400-1402	ad	
6-145	1403-1411	ducentos	
6-146	1412-1417	viros	
6-147	1418-1421	qui	
6-148	1422-1427	lassi	
6-149	1428-1440	substiterant	
6-150	1440-1441	,	
6-151	1442-1445	nec	
6-152	1446-1451	sequi	
6-153	1452-1461	potuerant	
6-154	1462-1467	David	
6-155	1467-1468	,	
6-156	1469-1471	et	
6-157	1472-1480	residere	
6-158	1481-1484	eos	
6-159	1485-1493	jusserat	
6-160	1494-1496	in	
6-161	1497-1505	torrente	
6-162	1506-1511	Besor	
6-163	1512-1513	:	
6-164	1514-1517	qui	
6-165	1518-1525	egressi	
6-166	1526-1530	sunt	
6-167	1531-1537	obviam	
6-168	1538-1543	David	
6-169	1544-1546	et	
6-170	1547-1553	populo	
6-171	1554-1557	qui	
6-172	1558-1562	erat	
6-173	1563-1566	cum	
6-174	1567-1569	eo	
6-175	1569-1570	.	

#Text=Accedens autem David ad populum, salutavit eos pacifice.
#Text=22 Respondensque omnis vir pessimus et iniquus de viris qui ierant cum David, dixit : Quia non venerunt nobiscum, non dabimus eis quidquam de præda quam eruimus : sed sufficiat unicuique uxor sua et filii : quos cum acceperint, recedant.
#Text=23 Dixit autem David : Non sic facietis, fratres mei, de his quæ tradidit nobis Dominus, et custodivit nos, et dedit latrunculos qui eruperant adversum nos, in manus nostras : 24 nec audiet vos quisquam super sermone hoc : æqua enim pars erit descendentis ad prælium, et remanentis ad sarcinas, et similiter divident.
#Text=25 Et factum est hoc ex die illa et deinceps, constitutum et præfinitum, et quasi lex in Israël usque in diem hanc.
#Text=26 Venit ergo David in Siceleg, et misit dona de præda senioribus Juda proximis suis, dicens : Accipite benedictionem de præda hostium Domini : 27 his qui erant in Bethel, et qui in Ramoth ad meridiem, et qui in Jether, 28 et qui in Aroër, et qui in Sephamoth, et qui in Esthamo, 29 et qui in Rachal, et qui in urbibus Jerameel, et qui in urbibus Ceni, 30 et qui in Arama, et qui in lacu Asan, et qui in Athach, 31 et qui in Hebron, et reliquis qui erant in his locis in quibus commoratus fuerat David, ipse et viri ejus.
7-1	1571-1579	Accedens	
7-2	1580-1585	autem	
7-3	1586-1591	David	
7-4	1592-1594	ad	
7-5	1595-1602	populum	
7-6	1602-1603	,	
7-7	1604-1613	salutavit	
7-8	1614-1617	eos	
7-9	1618-1626	pacifice	
7-10	1626-1627	.	
7-11	1628-1630	22	
7-12	1631-1644	Respondensque	
7-13	1645-1650	omnis	
7-14	1651-1654	vir	
7-15	1655-1663	pessimus	
7-16	1664-1666	et	
7-17	1667-1674	iniquus	
7-18	1675-1677	de	
7-19	1678-1683	viris	
7-20	1684-1687	qui	
7-21	1688-1694	ierant	
7-22	1695-1698	cum	
7-23	1699-1704	David	
7-24	1704-1705	,	
7-25	1706-1711	dixit	
7-26	1712-1713	:	
7-27	1714-1718	Quia	
7-28	1719-1722	non	
7-29	1723-1731	venerunt	
7-30	1732-1740	nobiscum	
7-31	1740-1741	,	
7-32	1742-1745	non	
7-33	1746-1753	dabimus	
7-34	1754-1757	eis	
7-35	1758-1766	quidquam	
7-36	1767-1769	de	
7-37	1770-1775	præda	
7-38	1776-1780	quam	
7-39	1781-1788	eruimus	
7-40	1789-1790	:	
7-41	1791-1794	sed	
7-42	1795-1804	sufficiat	
7-43	1805-1814	unicuique	
7-44	1815-1819	uxor	
7-45	1820-1823	sua	
7-46	1824-1826	et	
7-47	1827-1832	filii	
7-48	1833-1834	:	
7-49	1835-1839	quos	
7-50	1840-1843	cum	
7-51	1844-1854	acceperint	
7-52	1854-1855	,	
7-53	1856-1864	recedant	
7-54	1864-1865	.	
7-55	1866-1868	23	
7-56	1869-1874	Dixit	
7-57	1875-1880	autem	
7-58	1881-1886	David	
7-59	1887-1888	:	
7-60	1889-1892	Non	
7-61	1893-1896	sic	
7-62	1897-1905	facietis	
7-63	1905-1906	,	
7-64	1907-1914	fratres	
7-65	1915-1918	mei	
7-66	1918-1919	,	
7-67	1920-1922	de	
7-68	1923-1926	his	
7-69	1927-1930	quæ	
7-70	1931-1939	tradidit	
7-71	1940-1945	nobis	
7-72	1946-1953	Dominus	
7-73	1953-1954	,	
7-74	1955-1957	et	
7-75	1958-1968	custodivit	
7-76	1969-1972	nos	
7-77	1972-1973	,	
7-78	1974-1976	et	
7-79	1977-1982	dedit	
7-80	1983-1994	latrunculos	
7-81	1995-1998	qui	
7-82	1999-2008	eruperant	
7-83	2009-2017	adversum	
7-84	2018-2021	nos	
7-85	2021-2022	,	
7-86	2023-2025	in	
7-87	2026-2031	manus	
7-88	2032-2039	nostras	
7-89	2040-2041	:	
7-90	2042-2044	24	
7-91	2045-2048	nec	
7-92	2049-2055	audiet	
7-93	2056-2059	vos	
7-94	2060-2068	quisquam	
7-95	2069-2074	super	
7-96	2075-2082	sermone	
7-97	2083-2086	hoc	
7-98	2087-2088	:	
7-99	2089-2093	æqua	
7-100	2094-2098	enim	
7-101	2099-2103	pars	
7-102	2104-2108	erit	
7-103	2109-2121	descendentis	
7-104	2122-2124	ad	
7-105	2125-2132	prælium	
7-106	2132-2133	,	
7-107	2134-2136	et	
7-108	2137-2147	remanentis	
7-109	2148-2150	ad	
7-110	2151-2159	sarcinas	
7-111	2159-2160	,	
7-112	2161-2163	et	
7-113	2164-2173	similiter	
7-114	2174-2182	divident	
7-115	2182-2183	.	
7-116	2184-2186	25	
7-117	2187-2189	Et	
7-118	2190-2196	factum	
7-119	2197-2200	est	
7-120	2201-2204	hoc	
7-121	2205-2207	ex	
7-122	2208-2211	die	
7-123	2212-2216	illa	
7-124	2217-2219	et	
7-125	2220-2228	deinceps	
7-126	2228-2229	,	
7-127	2230-2241	constitutum	
7-128	2242-2244	et	
7-129	2245-2255	præfinitum	
7-130	2255-2256	,	
7-131	2257-2259	et	
7-132	2260-2265	quasi	
7-133	2266-2269	lex	
7-134	2270-2272	in	
7-135	2273-2279	Israël	
7-136	2280-2285	usque	
7-137	2286-2288	in	
7-138	2289-2293	diem	
7-139	2294-2298	hanc	
7-140	2298-2299	.	
7-141	2300-2302	26	
7-142	2303-2308	Venit	
7-143	2309-2313	ergo	
7-144	2314-2319	David	
7-145	2320-2322	in	
7-146	2323-2330	Siceleg	
7-147	2330-2331	,	
7-148	2332-2334	et	
7-149	2335-2340	misit	
7-150	2341-2345	dona	
7-151	2346-2348	de	
7-152	2349-2354	præda	
7-153	2355-2365	senioribus	
7-154	2366-2370	Juda	
7-155	2371-2379	proximis	
7-156	2380-2384	suis	
7-157	2384-2385	,	
7-158	2386-2392	dicens	
7-159	2393-2394	:	
7-160	2395-2403	Accipite	
7-161	2404-2417	benedictionem	
7-162	2418-2420	de	
7-163	2421-2426	præda	
7-164	2427-2434	hostium	
7-165	2435-2441	Domini	
7-166	2442-2443	:	
7-167	2444-2446	27	
7-168	2447-2450	his	
7-169	2451-2454	qui	
7-170	2455-2460	erant	
7-171	2461-2463	in	
7-172	2464-2470	Bethel	
7-173	2470-2471	,	
7-174	2472-2474	et	
7-175	2475-2478	qui	
7-176	2479-2481	in	
7-177	2482-2488	Ramoth	
7-178	2489-2491	ad	
7-179	2492-2500	meridiem	
7-180	2500-2501	,	
7-181	2502-2504	et	
7-182	2505-2508	qui	
7-183	2509-2511	in	
7-184	2512-2518	Jether	
7-185	2518-2519	,	
7-186	2520-2522	28	
7-187	2523-2525	et	
7-188	2526-2529	qui	
7-189	2530-2532	in	
7-190	2533-2538	Aroër	
7-191	2538-2539	,	
7-192	2540-2542	et	
7-193	2543-2546	qui	
7-194	2547-2549	in	
7-195	2550-2559	Sephamoth	
7-196	2559-2560	,	
7-197	2561-2563	et	
7-198	2564-2567	qui	
7-199	2568-2570	in	
7-200	2571-2578	Esthamo	
7-201	2578-2579	,	
7-202	2580-2582	29	
7-203	2583-2585	et	
7-204	2586-2589	qui	
7-205	2590-2592	in	
7-206	2593-2599	Rachal	
7-207	2599-2600	,	
7-208	2601-2603	et	
7-209	2604-2607	qui	
7-210	2608-2610	in	
7-211	2611-2618	urbibus	
7-212	2619-2627	Jerameel	
7-213	2627-2628	,	
7-214	2629-2631	et	
7-215	2632-2635	qui	
7-216	2636-2638	in	
7-217	2639-2646	urbibus	
7-218	2647-2651	Ceni	
7-219	2651-2652	,	
7-220	2653-2655	30	
7-221	2656-2658	et	
7-222	2659-2662	qui	
7-223	2663-2665	in	
7-224	2666-2671	Arama	
7-225	2671-2672	,	
7-226	2673-2675	et	
7-227	2676-2679	qui	
7-228	2680-2682	in	
7-229	2683-2687	lacu	
7-230	2688-2692	Asan	
7-231	2692-2693	,	
7-232	2694-2696	et	
7-233	2697-2700	qui	
7-234	2701-2703	in	
7-235	2704-2710	Athach	
7-236	2710-2711	,	
7-237	2712-2714	31	
7-238	2715-2717	et	
7-239	2718-2721	qui	
7-240	2722-2724	in	
7-241	2725-2731	Hebron	
7-242	2731-2732	,	
7-243	2733-2735	et	
7-244	2736-2744	reliquis	
7-245	2745-2748	qui	
7-246	2749-2754	erant	
7-247	2755-2757	in	
7-248	2758-2761	his	
7-249	2762-2767	locis	
7-250	2768-2770	in	
7-251	2771-2777	quibus	
7-252	2778-2788	commoratus	
7-253	2789-2795	fuerat	
7-254	2796-2801	David	
7-255	2801-2802	,	
7-256	2803-2807	ipse	
7-257	2808-2810	et	
7-258	2811-2815	viri	
7-259	2816-2820	ejus	
7-260	2820-2821	.	
