#FORMAT=WebAnno TSV 3.3


#Text=Misisti legatos tuos procul, et humiliata es usque ad inferos.
#Text=10 In multitudine viæ tuæ laborasti ; non dixisti : Quiescam.
1-1	2-9	Misisti	
1-2	10-17	legatos	
1-3	18-22	tuos	
1-4	23-29	procul	
1-5	29-30	,	
1-6	31-33	et	
1-7	34-43	humiliata	
1-8	44-46	es	
1-9	47-52	usque	
1-10	53-55	ad	
1-11	56-63	inferos	
1-12	63-64	.	
1-13	65-67	10	
1-14	68-70	In	
1-15	71-82	multitudine	
1-16	83-86	viæ	
1-17	87-90	tuæ	
1-18	91-100	laborasti	
1-19	101-102	;	
1-20	103-106	non	
1-21	107-114	dixisti	
1-22	115-116	:	
1-23	117-125	Quiescam	
1-24	125-126	.	

#Text=Vitam manus tuæ invenisti ; propterea non rogasti.
#Text=11 Pro quo sollicita timuisti, quia mentita es, et mei non es recordata, neque cogitasti in corde tuo ?
2-1	127-132	Vitam	
2-2	133-138	manus	
2-3	139-142	tuæ	
2-4	143-152	invenisti	
2-5	153-154	;	
2-6	155-164	propterea	
2-7	165-168	non	
2-8	169-176	rogasti	
2-9	176-177	.	
2-10	178-180	11	
2-11	181-184	Pro	
2-12	185-188	quo	
2-13	189-198	sollicita	
2-14	199-207	timuisti	
2-15	207-208	,	
2-16	209-213	quia	
2-17	214-221	mentita	
2-18	222-224	es	
2-19	224-225	,	
2-20	226-228	et	
2-21	229-232	mei	
2-22	233-236	non	
2-23	237-239	es	
2-24	240-249	recordata	
2-25	249-250	,	
2-26	251-256	neque	
2-27	257-266	cogitasti	
2-28	267-269	in	
2-29	270-275	corde	
2-30	276-279	tuo	
2-31	280-281	?	

#Text=Quia ego tacens et quasi non videns, et mei oblita es.
#Text=12 Ego annuntiabo justitiam tuam, et opera tua non proderunt tibi.
#Text=13 Cum clamaveris, liberent te congregati tui, et omnes eos auferet ventus, tollet aura.
3-1	282-286	Quia	
3-2	287-290	ego	
3-3	291-297	tacens	
3-4	298-300	et	
3-5	301-306	quasi	
3-6	307-310	non	
3-7	311-317	videns	
3-8	317-318	,	
3-9	319-321	et	
3-10	322-325	mei	
3-11	326-332	oblita	
3-12	333-335	es	
3-13	335-336	.	
3-14	337-339	12	
3-15	340-343	Ego	
3-16	344-354	annuntiabo	
3-17	355-364	justitiam	
3-18	365-369	tuam	
3-19	369-370	,	
3-20	371-373	et	
3-21	374-379	opera	
3-22	380-383	tua	
3-23	384-387	non	
3-24	388-397	proderunt	
3-25	398-402	tibi	
3-26	402-403	.	
3-27	404-406	13	
3-28	407-410	Cum	
3-29	411-421	clamaveris	
3-30	421-422	,	
3-31	423-431	liberent	
3-32	432-434	te	
3-33	435-445	congregati	
3-34	446-449	tui	
3-35	449-450	,	
3-36	451-453	et	
3-37	454-459	omnes	
3-38	460-463	eos	
3-39	464-471	auferet	
3-40	472-478	ventus	
3-41	478-479	,	
3-42	480-486	tollet	
3-43	487-491	aura	
3-44	491-492	.	

#Text=Qui autem fiduciam habet mei, hæreditabit terram, et possidebit montem sanctum meum.
#Text=14 Et dicam : Viam facite, præbete iter ; declinate de semita, auferte offendicula de via populi mei.
#Text=15 Quia hæc dicit Excelsus, et Sublimis, habitans æternitatem, et sanctum nomen ejus : in excelso et in sancto habitans, et cum contrito et humili spiritu : ut vivificet spiritum humilium, et vivificet cor contritorum.
#Text=16 Non enim in sempiternum litigabo, neque usque ad finem irascar, quia spiritus a facie mea egredietur, et flatus ego faciam.
#Text=17 Propter iniquitatem avaritiæ ejus iratus sum, et percussi eum.
4-1	493-496	Qui	
4-2	497-502	autem	
4-3	503-511	fiduciam	
4-4	512-517	habet	
4-5	518-521	mei	
4-6	521-522	,	
4-7	523-534	hæreditabit	
4-8	535-541	terram	
4-9	541-542	,	
4-10	543-545	et	
4-11	546-556	possidebit	
4-12	557-563	montem	
4-13	564-571	sanctum	
4-14	572-576	meum	
4-15	576-577	.	
4-16	578-580	14	
4-17	581-583	Et	
4-18	584-589	dicam	
4-19	590-591	:	
4-20	592-596	Viam	
4-21	597-603	facite	
4-22	603-604	,	
4-23	605-612	præbete	
4-24	613-617	iter	
4-25	618-619	;	
4-26	620-629	declinate	
4-27	630-632	de	
4-28	633-639	semita	
4-29	639-640	,	
4-30	641-648	auferte	
4-31	649-660	offendicula	
4-32	661-663	de	
4-33	664-667	via	
4-34	668-674	populi	
4-35	675-678	mei	
4-36	678-679	.	
4-37	680-682	15	
4-38	683-687	Quia	
4-39	688-691	hæc	
4-40	692-697	dicit	
4-41	698-706	Excelsus	
4-42	706-707	,	
4-43	708-710	et	
4-44	711-719	Sublimis	
4-45	719-720	,	
4-46	721-729	habitans	
4-47	730-741	æternitatem	
4-48	741-742	,	
4-49	743-745	et	
4-50	746-753	sanctum	
4-51	754-759	nomen	
4-52	760-764	ejus	
4-53	765-766	:	
4-54	767-769	in	
4-55	770-777	excelso	
4-56	778-780	et	
4-57	781-783	in	
4-58	784-790	sancto	
4-59	791-799	habitans	
4-60	799-800	,	
4-61	801-803	et	
4-62	804-807	cum	
4-63	808-816	contrito	
4-64	817-819	et	
4-65	820-826	humili	
4-66	827-834	spiritu	
4-67	835-836	:	
4-68	837-839	ut	
4-69	840-849	vivificet	
4-70	850-858	spiritum	
4-71	859-867	humilium	
4-72	867-868	,	
4-73	869-871	et	
4-74	872-881	vivificet	
4-75	882-885	cor	
4-76	886-897	contritorum	
4-77	897-898	.	
4-78	899-901	16	
4-79	902-905	Non	
4-80	906-910	enim	
4-81	911-913	in	
4-82	914-925	sempiternum	
4-83	926-934	litigabo	
4-84	934-935	,	
4-85	936-941	neque	
4-86	942-947	usque	
4-87	948-950	ad	
4-88	951-956	finem	
4-89	957-964	irascar	
4-90	964-965	,	
4-91	966-970	quia	
4-92	971-979	spiritus	
4-93	980-981	a	
4-94	982-987	facie	
4-95	988-991	mea	
4-96	992-1002	egredietur	
4-97	1002-1003	,	
4-98	1004-1006	et	
4-99	1007-1013	flatus	
4-100	1014-1017	ego	
4-101	1018-1024	faciam	
4-102	1024-1025	.	
4-103	1026-1028	17	
4-104	1029-1036	Propter	
4-105	1037-1048	iniquitatem	
4-106	1049-1057	avaritiæ	
4-107	1058-1062	ejus	
4-108	1063-1069	iratus	
4-109	1070-1073	sum	
4-110	1073-1074	,	
4-111	1075-1077	et	
4-112	1078-1086	percussi	
4-113	1087-1090	eum	
4-114	1090-1091	.	

#Text=Abscondi a te faciem meam, et indignatus sum ; et abiit vagus in via cordis sui.
#Text=18 Vias ejus vidi, et sanavi eum ; et reduxi eum, et reddidi consolationes ipsi, et lugentibus ejus.
#Text=19 Creavi fructum labiorum pacem ; pacem ei qui longe est et qui prope, dixit Dominus, et sanavi eum.
#Text=20 Impii autem quasi mare fervens, quod quiescere non potest, et redundant fluctus ejus in conculcationem et lutum.
#Text=21 Non est pax impiis, dicit Dominus Deus.
5-1	1092-1100	Abscondi	
5-2	1101-1102	a	
5-3	1103-1105	te	
5-4	1106-1112	faciem	
5-5	1113-1117	meam	
5-6	1117-1118	,	
5-7	1119-1121	et	
5-8	1122-1132	indignatus	
5-9	1133-1136	sum	
5-10	1137-1138	;	
5-11	1139-1141	et	
5-12	1142-1147	abiit	
5-13	1148-1153	vagus	
5-14	1154-1156	in	
5-15	1157-1160	via	
5-16	1161-1167	cordis	
5-17	1168-1171	sui	
5-18	1171-1172	.	
5-19	1173-1175	18	
5-20	1176-1180	Vias	
5-21	1181-1185	ejus	
5-22	1186-1190	vidi	
5-23	1190-1191	,	
5-24	1192-1194	et	
5-25	1195-1201	sanavi	
5-26	1202-1205	eum	
5-27	1206-1207	;	
5-28	1208-1210	et	
5-29	1211-1217	reduxi	
5-30	1218-1221	eum	
5-31	1221-1222	,	
5-32	1223-1225	et	
5-33	1226-1233	reddidi	
5-34	1234-1247	consolationes	
5-35	1248-1252	ipsi	
5-36	1252-1253	,	
5-37	1254-1256	et	
5-38	1257-1267	lugentibus	
5-39	1268-1272	ejus	
5-40	1272-1273	.	
5-41	1274-1276	19	
5-42	1277-1283	Creavi	
5-43	1284-1291	fructum	
5-44	1292-1300	labiorum	
5-45	1301-1306	pacem	
5-46	1307-1308	;	
5-47	1309-1314	pacem	
5-48	1315-1317	ei	
5-49	1318-1321	qui	
5-50	1322-1327	longe	
5-51	1328-1331	est	
5-52	1332-1334	et	
5-53	1335-1338	qui	
5-54	1339-1344	prope	
5-55	1344-1345	,	
5-56	1346-1351	dixit	
5-57	1352-1359	Dominus	
5-58	1359-1360	,	
5-59	1361-1363	et	
5-60	1364-1370	sanavi	
5-61	1371-1374	eum	
5-62	1374-1375	.	
5-63	1376-1378	20	
5-64	1379-1384	Impii	
5-65	1385-1390	autem	
5-66	1391-1396	quasi	
5-67	1397-1401	mare	
5-68	1402-1409	fervens	
5-69	1409-1410	,	
5-70	1411-1415	quod	
5-71	1416-1425	quiescere	
5-72	1426-1429	non	
5-73	1430-1436	potest	
5-74	1436-1437	,	
5-75	1438-1440	et	
5-76	1441-1450	redundant	
5-77	1451-1458	fluctus	
5-78	1459-1463	ejus	
5-79	1464-1466	in	
5-80	1467-1481	conculcationem	
5-81	1482-1484	et	
5-82	1485-1490	lutum	
5-83	1490-1491	.	
5-84	1492-1494	21	
5-85	1495-1498	Non	
5-86	1499-1502	est	
5-87	1503-1506	pax	
5-88	1507-1513	impiis	
5-89	1513-1514	,	
5-90	1515-1520	dicit	
5-91	1521-1528	Dominus	
5-92	1529-1533	Deus	
5-93	1533-1534	.	

#Text=Caput 58
#Text=
#Text=
#Text=1 Clama, ne cesses, quasi tuba exalta vocem tuam, et annuntia populo meo scelera eorum, et domui Jacob peccata eorum.
#Text=2 Me etenim de die in diem quærunt, et scire vias meas volunt, quasi gens quæ justitiam fecerit, et judicium Dei sui non dereliquerit.
6-1	1535-1540	Caput	
6-2	1541-1543	58	
6-3	1546-1547	1	
6-4	1548-1553	Clama	
6-5	1553-1554	,	
6-6	1555-1557	ne	
6-7	1558-1564	cesses	
6-8	1564-1565	,	
6-9	1566-1571	quasi	
6-10	1572-1576	tuba	
6-11	1577-1583	exalta	
6-12	1584-1589	vocem	
6-13	1590-1594	tuam	
6-14	1594-1595	,	
6-15	1596-1598	et	
6-16	1599-1607	annuntia	
6-17	1608-1614	populo	
6-18	1615-1618	meo	
6-19	1619-1626	scelera	
6-20	1627-1632	eorum	
6-21	1632-1633	,	
6-22	1634-1636	et	
6-23	1637-1642	domui	
6-24	1643-1648	Jacob	
6-25	1649-1656	peccata	
6-26	1657-1662	eorum	
6-27	1662-1663	.	
6-28	1664-1665	2	
6-29	1666-1668	Me	
6-30	1669-1675	etenim	
6-31	1676-1678	de	
6-32	1679-1682	die	
6-33	1683-1685	in	
6-34	1686-1690	diem	
6-35	1691-1698	quærunt	
6-36	1698-1699	,	
6-37	1700-1702	et	
6-38	1703-1708	scire	
6-39	1709-1713	vias	
6-40	1714-1718	meas	
6-41	1719-1725	volunt	
6-42	1725-1726	,	
6-43	1727-1732	quasi	
6-44	1733-1737	gens	
6-45	1738-1741	quæ	
6-46	1742-1751	justitiam	
6-47	1752-1759	fecerit	
6-48	1759-1760	,	
6-49	1761-1763	et	
6-50	1764-1772	judicium	
6-51	1773-1776	Dei	
6-52	1777-1780	sui	
6-53	1781-1784	non	
6-54	1785-1797	dereliquerit	
6-55	1797-1798	.	

#Text=Rogant me judicia justitiæ ; appropinquare Deo volunt.
7-1	1799-1805	Rogant	
7-2	1806-1808	me	
7-3	1809-1816	judicia	
7-4	1817-1825	justitiæ	
7-5	1826-1827	;	
7-6	1828-1841	appropinquare	
7-7	1842-1845	Deo	
7-8	1846-1852	volunt	
7-9	1852-1853	.	
