#FORMAT=WebAnno TSV 3.3
#T_SP=custom.Span|label
#T_RL=custom.Relation|label|BT_custom.Span


#Text=DJe
#Text=Eiche traͤgt ohne das Engelſuͤß,
#Text=Eicheln, welche ihre Fruͤchte ſind:
#Text=
#Text=von denen koͤnnen einige, wie ſie ſich
#Text=ruͤhmen, Oel machen, und verkauffen
#Text=es auch.
1-1	3-6	DJe	_	_	_	
1-2	7-12	Eiche	_	_	_	
1-3	13-19	traͤgt	_	_	_	
1-4	20-24	ohne	_	_	_	
1-5	25-28	das	_	_	_	
1-6	29-38	Engelſuͤß	_	_	_	
1-7	38-39	,	_	_	_	
1-8	40-47	Eicheln	_	_	_	
1-9	47-48	,	_	_	_	
1-10	49-55	welche	_	_	_	
1-11	56-60	ihre	_	_	_	
1-12	61-69	Fruͤchte	_	_	_	
1-13	70-74	ſind	_	_	_	
1-14	74-75	:	_	_	_	
1-15	77-80	von	_	_	_	
1-16	81-86	denen	_	_	_	
1-17	87-94	koͤnnen	_	_	_	
1-18	95-101	einige	_	_	_	
1-19	101-102	,	_	_	_	
1-20	103-106	wie	_	_	_	
1-21	107-110	ſie	_	_	_	
1-22	111-115	ſich	_	_	_	
1-23	116-123	ruͤhmen	_	_	_	
1-24	123-124	,	_	_	_	
1-25	125-128	Oel	_	_	_	
1-26	129-135	machen	_	_	_	
1-27	135-136	,	_	_	_	
1-28	137-140	und	_	_	_	
1-29	141-151	verkauffen	_	_	_	
1-30	152-154	es	_	_	_	
1-31	155-159	auch	_	_	_	
1-32	159-160	.	_	_	_	

#Text=Weil mir aber ſolches bis an-
#Text=hero nicht gelingen wollen, als will ich
#Text=lieber davon ſchweigen, und nur dieſes
#Text=vermelden, daß alles Eicheloͤl/ welches
#Text=die Leute aus Provence zu uns brin-
#Text=gen, nichts anders ſey, denn Been- oder
#Text=Nußoͤl, mit dem ſie die Eicheln abgezo-
#Text=gen: koͤnne derowegen durchaus nicht
#Text=Eicheloͤl heiſſen.
2-1	161-165	Weil	_	_	_	
2-2	166-169	mir	_	_	_	
2-3	170-174	aber	_	_	_	
2-4	175-182	ſolches	_	_	_	
2-5	183-186	bis	_	_	_	
2-6	187-189	an	_	_	_	
2-7	189-190	-	_	_	_	
2-8	191-195	hero	_	_	_	
2-9	196-201	nicht	_	_	_	
2-10	202-210	gelingen	_	_	_	
2-11	211-217	wollen	_	_	_	
2-12	217-218	,	_	_	_	
2-13	219-222	als	_	_	_	
2-14	223-227	will	_	_	_	
2-15	228-231	ich	_	_	_	
2-16	232-238	lieber	_	_	_	
2-17	239-244	davon	_	_	_	
2-18	245-254	ſchweigen	_	_	_	
2-19	254-255	,	_	_	_	
2-20	256-259	und	_	_	_	
2-21	260-263	nur	_	_	_	
2-22	264-270	dieſes	_	_	_	
2-23	271-280	vermelden	_	_	_	
2-24	280-281	,	_	_	_	
2-25	282-285	daß	_	_	_	
2-26	286-291	alles	_	_	_	
2-27	292-301	Eicheloͤl	_	_	_	
2-28	301-302	/	_	_	_	
2-29	303-310	welches	_	_	_	
2-30	311-314	die	_	_	_	
2-31	315-320	Leute	_	_	_	
2-32	321-324	aus	_	_	_	
2-33	325-333	Provence	_	_	_	
2-34	334-336	zu	_	_	_	
2-35	337-340	uns	_	_	_	
2-36	341-345	brin	_	_	_	
2-37	345-346	-	_	_	_	
2-38	347-350	gen	_	_	_	
2-39	350-351	,	_	_	_	
2-40	352-358	nichts	_	_	_	
2-41	359-365	anders	_	_	_	
2-42	366-369	ſey	_	_	_	
2-43	369-370	,	_	_	_	
2-44	371-375	denn	_	_	_	
2-45	376-380	Been	_	_	_	
2-46	380-381	-	_	_	_	
2-47	382-386	oder	_	_	_	
2-48	387-393	Nußoͤl	_	_	_	
2-49	393-394	,	_	_	_	
2-50	395-398	mit	_	_	_	
2-51	399-402	dem	_	_	_	
2-52	403-406	ſie	_	_	_	
2-53	407-410	die	_	_	_	
2-54	411-418	Eicheln	_	_	_	
2-55	419-425	abgezo	_	_	_	
2-56	425-426	-	_	_	_	
2-57	427-430	gen	_	_	_	
2-58	430-431	:	_	_	_	
2-59	432-438	koͤnne	_	_	_	
2-60	439-448	derowegen	_	_	_	
2-61	449-457	durchaus	_	_	_	
2-62	458-463	nicht	_	_	_	
2-63	464-473	Eicheloͤl	_	_	_	
2-64	474-481	heiſſen	_	_	_	
2-65	481-482	.	_	_	_	

#Text=Lemery hat in ſeiner
#Text=Chymie weitlaͤufftig genug davon ge-
#Text=ſchrieben, dahin dann der Leſer ſeine Zu-
#Text=flucht nehmen mag.
3-1	483-489	Lemery	_	_	_	
3-2	490-493	hat	_	_	_	
3-3	494-496	in	_	_	_	
3-4	497-503	ſeiner	_	_	_	
3-5	504-510	Chymie	_	_	_	
3-6	511-524	weitlaͤufftig	_	_	_	
3-7	525-530	genug	_	_	_	
3-8	531-536	davon	_	_	_	
3-9	537-539	ge	_	_	_	
3-10	539-540	-	_	_	_	
3-11	541-550	ſchrieben	_	_	_	
3-12	550-551	,	_	_	_	
3-13	552-557	dahin	_	_	_	
3-14	558-562	dann	_	_	_	
3-15	563-566	der	_	_	_	
3-16	567-572	Leſer	_	_	_	
3-17	573-578	ſeine	_	_	_	
3-18	579-581	Zu	_	_	_	
3-19	581-582	-	_	_	_	
3-20	583-589	flucht	_	_	_	
3-21	590-596	nehmen	_	_	_	
3-22	597-600	mag	_	_	_	
3-23	600-601	.	_	_	_	

#Text=Die groſſe Seltſamkeit des wahrhaf-
#Text=ten Eicheloͤls iſt Urſach, daß ihm eben,
#Text=als wie dem wahren Talckoͤle, ſo gar
#Text=groſſe
#Text=Eigenſchafften beygeleget wer-
#Text=den.
4-1	605-608	Die	_	_	_	
4-2	609-615	groſſe	_	_	_	
4-3	616-627	Seltſamkeit	_	_	_	
4-4	628-631	des	_	_	_	
4-5	632-639	wahrhaf	_	_	_	
4-6	639-640	-	_	_	_	
4-7	641-644	ten	_	_	_	
4-8	645-655	Eicheloͤls	_	_	_	
4-9	656-659	iſt	_	_	_	
4-10	660-666	Urſach	_	_	_	
4-11	666-667	,	_	_	_	
4-12	668-671	daß	_	_	_	
4-13	672-675	ihm	_	_	_	
4-14	676-680	eben	_	_	_	
4-15	680-681	,	_	_	_	
4-16	682-685	als	_	_	_	
4-17	686-689	wie	_	_	_	
4-18	690-693	dem	_	_	_	
4-19	694-700	wahren	_	_	_	
4-20	701-710	Talckoͤle	_	_	_	
4-21	710-711	,	_	_	_	
4-22	712-714	ſo	_	_	_	
4-23	715-718	gar	_	_	_	
4-24	719-725	groſſe	_	_	_	
4-25	726-740	Eigenſchafften	_	_	_	
4-26	741-751	beygeleget	_	_	_	
4-27	752-755	wer	_	_	_	
4-28	755-756	-	_	_	_	
4-29	757-760	den	_	_	_	
4-30	760-761	.	_	_	_	

#Text=Man kan zwar wohl vermittelſt
#Text=
#Text=einer Retorte ein rechtes Oel aus den
#Text=Eicheln ziehen, allein daſſelbe iſt ſchwartz
#Text=und riecht haͤßlich.
5-1	762-765	Man	_	_	_	
5-2	766-769	kan	_	_	_	
5-3	770-774	zwar	_	_	_	
5-4	775-779	wohl	_	_	_	
5-5	780-791	vermittelſt	_	_	_	
5-6	793-798	einer	_	_	_	
5-7	799-806	Retorte	_	_	_	
5-8	807-810	ein	_	_	_	
5-9	811-818	rechtes	_	_	_	
5-10	819-822	Oel	Smell\_Source[1]	_	_	
5-11	823-826	aus	Smell\_Source[1]	_	_	
5-12	827-830	den	Smell\_Source[1]	_	_	
5-13	831-838	Eicheln	Smell\_Source[1]	_	_	
5-14	839-845	ziehen	_	_	_	
5-15	845-846	,	_	_	_	
5-16	847-853	allein	_	_	_	
5-17	854-862	daſſelbe	_	_	_	
5-18	863-866	iſt	_	_	_	
5-19	867-875	ſchwartz	_	_	_	
5-20	876-879	und	_	_	_	
5-21	880-886	riecht	Smell\_Word	*|*	5-22|5-10[1_0]	
5-22	887-895	haͤßlich	Quality	_	_	
5-23	895-896	.	_	_	_	

#Text=Ohne das Oel, das man aus den
#Text=Eicheln ziehet, bringet die Eiche auch ei-
#Text=ne Art Moos, Uſnea, Eichenmoos ge-
#Text=nannt, daraus allerley Haarpuder, z.
6-1	901-905	Ohne	_	_	_	
6-2	906-909	das	_	_	_	
6-3	910-913	Oel	_	_	_	
6-4	913-914	,	_	_	_	
6-5	915-918	das	_	_	_	
6-6	919-922	man	_	_	_	
6-7	923-926	aus	_	_	_	
6-8	927-930	den	_	_	_	
6-9	931-938	Eicheln	_	_	_	
6-10	939-945	ziehet	_	_	_	
6-11	945-946	,	_	_	_	
6-12	947-954	bringet	_	_	_	
6-13	955-958	die	_	_	_	
6-14	959-964	Eiche	_	_	_	
6-15	965-969	auch	_	_	_	
6-16	970-972	ei	_	_	_	
6-17	972-973	-	_	_	_	
6-18	974-976	ne	_	_	_	
6-19	977-980	Art	_	_	_	
6-20	981-985	Moos	_	_	_	
6-21	985-986	,	_	_	_	
6-22	987-992	Uſnea	_	_	_	
6-23	992-993	,	_	_	_	
6-24	994-1004	Eichenmoos	_	_	_	
6-25	1005-1007	ge	_	_	_	
6-26	1007-1008	-	_	_	_	
6-27	1009-1014	nannt	_	_	_	
6-28	1014-1015	,	_	_	_	
6-29	1016-1022	daraus	_	_	_	
6-30	1023-1031	allerley	_	_	_	
6-31	1032-1041	Haarpuder	_	_	_	
6-32	1041-1042	,	_	_	_	
6-33	1043-1044	z	_	_	_	
6-34	1044-1045	.	_	_	_	

#Text=E. de Chypre, Franchipane, la Mareſchalle,
#Text=und andere mehr bereitet werden, und
#Text=wir von Montpellier bringen laſſen
#Text=.
7-1	1046-1047	E	_	_	_	
7-2	1047-1048	.	_	_	_	
7-3	1049-1051	de	_	_	_	
7-4	1052-1058	Chypre	_	_	_	
7-5	1058-1059	,	_	_	_	
7-6	1060-1071	Franchipane	_	_	_	
7-7	1071-1072	,	_	_	_	
7-8	1073-1075	la	_	_	_	
7-9	1076-1087	Mareſchalle	_	_	_	
7-10	1087-1088	,	_	_	_	
7-11	1089-1092	und	_	_	_	
7-12	1093-1099	andere	_	_	_	
7-13	1100-1104	mehr	_	_	_	
7-14	1105-1113	bereitet	_	_	_	
7-15	1114-1120	werden	_	_	_	
7-16	1120-1121	,	_	_	_	
7-17	1122-1125	und	_	_	_	
7-18	1126-1129	wir	_	_	_	
7-19	1130-1133	von	_	_	_	
7-20	1134-1145	Montpellier	_	_	_	
7-21	1146-1153	bringen	_	_	_	
7-22	1154-1160	laſſen	_	_	_	
7-23	1161-1162	.	_	_	_	

#Text=Die wahrhafte Beſchreibung, auf was
#Text=Weiſe dieſe Haarpuder zu machen, iſt
#Text=mir unbekannt, daher ich den Leſer zu
#Text=denenjenigen weiſen muß, die ſich genau
#Text=darauf verſtehen, oder aber, er mag ſich
#Text=an des Herren Barbe
#Text=Beſchreibung
#Text=
#Text=halten, welche in einem kleinen Buͤch-
#Text=lein, zu Lyon gedruckt, zu finden ſind,
#Text=dawider ich nichts ſagen kan, weil ich
#Text=nicht weiß, ob ſie juſt ſind.
8-1	1165-1168	Die	_	_	_	
8-2	1169-1178	wahrhafte	_	_	_	
8-3	1179-1191	Beſchreibung	_	_	_	
8-4	1191-1192	,	_	_	_	
8-5	1193-1196	auf	_	_	_	
8-6	1197-1200	was	_	_	_	
8-7	1201-1206	Weiſe	_	_	_	
8-8	1207-1212	dieſe	_	_	_	
8-9	1213-1222	Haarpuder	_	_	_	
8-10	1223-1225	zu	_	_	_	
8-11	1226-1232	machen	_	_	_	
8-12	1232-1233	,	_	_	_	
8-13	1234-1237	iſt	_	_	_	
8-14	1238-1241	mir	_	_	_	
8-15	1242-1251	unbekannt	_	_	_	
8-16	1251-1252	,	_	_	_	
8-17	1253-1258	daher	_	_	_	
8-18	1259-1262	ich	_	_	_	
8-19	1263-1266	den	_	_	_	
8-20	1267-1272	Leſer	_	_	_	
8-21	1273-1275	zu	_	_	_	
8-22	1276-1288	denenjenigen	_	_	_	
8-23	1289-1295	weiſen	_	_	_	
8-24	1296-1299	muß	_	_	_	
8-25	1299-1300	,	_	_	_	
8-26	1301-1304	die	_	_	_	
8-27	1305-1309	ſich	_	_	_	
8-28	1310-1315	genau	_	_	_	
8-29	1316-1322	darauf	_	_	_	
8-30	1323-1332	verſtehen	_	_	_	
8-31	1332-1333	,	_	_	_	
8-32	1334-1338	oder	_	_	_	
8-33	1339-1343	aber	_	_	_	
8-34	1343-1344	,	_	_	_	
8-35	1345-1347	er	_	_	_	
8-36	1348-1351	mag	_	_	_	
8-37	1352-1356	ſich	_	_	_	
8-38	1357-1359	an	_	_	_	
8-39	1360-1363	des	_	_	_	
8-40	1364-1370	Herren	_	_	_	
8-41	1371-1376	Barbe	_	_	_	
8-42	1377-1389	Beſchreibung	_	_	_	
8-43	1391-1397	halten	_	_	_	
8-44	1397-1398	,	_	_	_	
8-45	1399-1405	welche	_	_	_	
8-46	1406-1408	in	_	_	_	
8-47	1409-1414	einem	_	_	_	
8-48	1415-1422	kleinen	_	_	_	
8-49	1423-1428	Buͤch	_	_	_	
8-50	1428-1429	-	_	_	_	
8-51	1430-1434	lein	_	_	_	
8-52	1434-1435	,	_	_	_	
8-53	1436-1438	zu	_	_	_	
8-54	1439-1443	Lyon	_	_	_	
8-55	1444-1452	gedruckt	_	_	_	
8-56	1452-1453	,	_	_	_	
8-57	1454-1456	zu	_	_	_	
8-58	1457-1463	finden	_	_	_	
8-59	1464-1468	ſind	_	_	_	
8-60	1468-1469	,	_	_	_	
8-61	1470-1477	dawider	_	_	_	
8-62	1478-1481	ich	_	_	_	
8-63	1482-1488	nichts	_	_	_	
8-64	1489-1494	ſagen	_	_	_	
8-65	1495-1498	kan	_	_	_	
8-66	1498-1499	,	_	_	_	
8-67	1500-1504	weil	_	_	_	
8-68	1505-1508	ich	_	_	_	
8-69	1509-1514	nicht	_	_	_	
8-70	1515-1519	weiß	_	_	_	
8-71	1519-1520	,	_	_	_	
8-72	1521-1523	ob	_	_	_	
8-73	1524-1527	ſie	_	_	_	
8-74	1528-1532	juſt	_	_	_	
8-75	1533-1537	ſind	_	_	_	
8-76	1537-1538	.	_	_	_	

#Text=Eichenmoos.
9-1	1542-1552	Eichenmoos	_	_	_	
9-2	1552-1553	.	_	_	_	
