#FORMAT=WebAnno TSV 3.3


#Text=Dan doet hy hen, op tyd en plaats als 't hem belieft, vergaderen;
#Text=ende elk rekenschap
#Text=geven, van 't quaad dat hy door sijn behulp en kragt bedreven heeft.
#Text=5.
1-1	4-7	Dan	
1-2	8-12	doet	
1-3	13-15	hy	
1-4	16-19	hen	
1-5	19-20	,	
1-6	21-23	op	
1-7	24-27	tyd	
1-8	28-30	en	
1-9	31-37	plaats	
1-10	38-41	als	
1-11	42-43	'	
1-12	43-44	t	
1-13	45-48	hem	
1-14	49-56	belieft	
1-15	56-57	,	
1-16	58-68	vergaderen	
1-17	68-69	;	
1-18	70-74	ende	
1-19	75-78	elk	
1-20	79-89	rekenschap	
1-21	90-95	geven	
1-22	95-96	,	
1-23	97-100	van	
1-24	101-102	'	
1-25	102-103	t	
1-26	104-109	quaad	
1-27	110-113	dat	
1-28	114-116	hy	
1-29	117-121	door	
1-30	122-126	sijn	
1-31	127-133	behulp	
1-32	134-136	en	
1-33	137-142	kragt	
1-34	143-151	bedreven	
1-35	152-157	heeft	
1-36	157-158	.	
1-37	159-160	5	
1-38	160-161	.	

#Text=Somtyds roept
#Text=hy hen self by een, in menschelike gedaant, den sijnen alleen kennelik
#Text=
#Text=Balthasar Bekker, De betoverde wereld
#Text=
#Text=
#Text=\f116
#Text=
#Text=verschijnende: somtijds door iemant van sijn volk, met betekening van tijd en plaats;
#Text=
#Text=niet alle, maar die hy dan hebben wil.
#Text=6.
2-1	162-169	Somtyds	
2-2	170-175	roept	
2-3	176-178	hy	
2-4	179-182	hen	
2-5	183-187	self	
2-6	188-190	by	
2-7	191-194	een	
2-8	194-195	,	
2-9	196-198	in	
2-10	199-210	menschelike	
2-11	211-218	gedaant	
2-12	218-219	,	
2-13	220-223	den	
2-14	224-230	sijnen	
2-15	231-237	alleen	
2-16	238-246	kennelik	
2-17	248-257	Balthasar	
2-18	258-264	Bekker	
2-19	264-265	,	
2-20	266-268	De	
2-21	269-278	betoverde	
2-22	279-285	wereld	
2-23	289-292	116	
2-24	294-307	verschijnende	
2-25	307-308	:	
2-26	309-317	somtijds	
2-27	318-322	door	
2-28	323-329	iemant	
2-29	330-333	van	
2-30	334-338	sijn	
2-31	339-343	volk	
2-32	343-344	,	
2-33	345-348	met	
2-34	349-359	betekening	
2-35	360-363	van	
2-36	364-368	tijd	
2-37	369-371	en	
2-38	372-378	plaats	
2-39	378-379	;	
2-40	381-385	niet	
2-41	386-390	alle	
2-42	390-391	,	
2-43	392-396	maar	
2-44	397-400	die	
2-45	401-403	hy	
2-46	404-407	dan	
2-47	408-414	hebben	
2-48	415-418	wil	
2-49	418-419	.	
2-50	420-421	6	
2-51	421-422	.	

#Text=Die door lichaams swakheid niet wel konnen
#Text=gaan, die geeft hy stok of peerd, of salve om sich mede te besmeeren;
#Text=maakt hen
#Text=ontsigtbaar en voertse door de lucht.
#Text=7.
3-1	423-426	Die	
3-2	427-431	door	
3-3	432-440	lichaams	
3-4	441-449	swakheid	
3-5	450-454	niet	
3-6	455-458	wel	
3-7	459-465	konnen	
3-8	466-470	gaan	
3-9	470-471	,	
3-10	472-475	die	
3-11	476-481	geeft	
3-12	482-484	hy	
3-13	485-489	stok	
3-14	490-492	of	
3-15	493-498	peerd	
3-16	498-499	,	
3-17	500-502	of	
3-18	503-508	salve	
3-19	509-511	om	
3-20	512-516	sich	
3-21	517-521	mede	
3-22	522-524	te	
3-23	525-534	besmeeren	
3-24	534-535	;	
3-25	536-541	maakt	
3-26	542-545	hen	
3-27	546-557	ontsigtbaar	
3-28	558-560	en	
3-29	561-568	voertse	
3-30	569-573	door	
3-31	574-576	de	
3-32	577-582	lucht	
3-33	582-583	.	
3-34	584-585	7	
3-35	585-586	.	

#Text=In die vergaderingen verschijnt hy self, als
#Text=
#Text='t hoofd; in de gedaante van enen mensche of leliken bok, of anders, na 't hem lust.
#Text=
#Text=8.
4-1	587-589	In	
4-2	590-593	die	
4-3	594-607	vergaderingen	
4-4	608-618	verschijnt	
4-5	619-621	hy	
4-6	622-626	self	
4-7	626-627	,	
4-8	628-631	als	
4-9	633-634	'	
4-10	634-635	t	
4-11	636-641	hoofd	
4-12	641-642	;	
4-13	643-645	in	
4-14	646-648	de	
4-15	649-657	gedaante	
4-16	658-661	van	
4-17	662-666	enen	
4-18	667-674	mensche	
4-19	675-677	of	
4-20	678-685	leliken	
4-21	686-689	bok	
4-22	689-690	,	
4-23	691-693	of	
4-24	694-700	anders	
4-25	700-701	,	
4-26	702-704	na	
4-27	705-706	'	
4-28	706-707	t	
4-29	708-711	hem	
4-30	712-716	lust	
4-31	716-717	.	
4-32	719-720	8	
4-33	720-721	.	

#Text=Den eed in 't begin gedaan, eischt hy daar noch eens: en singen sy en danssen ter
#Text=eeren van hunne nieuwen
#Text=God.
#Text=9.
5-1	722-725	Den	
5-2	726-729	eed	
5-3	730-732	in	
5-4	733-734	'	
5-5	734-735	t	
5-6	736-741	begin	
5-7	742-748	gedaan	
5-8	748-749	,	
5-9	750-756	eischt	
5-10	757-759	hy	
5-11	760-764	daar	
5-12	765-769	noch	
5-13	770-774	eens	
5-14	774-775	:	
5-15	776-778	en	
5-16	779-785	singen	
5-17	786-788	sy	
5-18	789-791	en	
5-19	792-799	danssen	
5-20	800-803	ter	
5-21	804-809	eeren	
5-22	810-813	van	
5-23	814-819	hunne	
5-24	820-827	nieuwen	
5-25	828-831	God	
5-26	831-832	.	
5-27	833-834	9	
5-28	834-835	.	

#Text=Daar op geeft hy aan ieder van hen de middelen
#Text=die hy begeert, om den menschen die hen in den weg zijn leed te doen;
#Text=of leert hen
6-1	836-840	Daar	
6-2	841-843	op	
6-3	844-849	geeft	
6-4	850-852	hy	
6-5	853-856	aan	
6-6	857-862	ieder	
6-7	863-866	van	
6-8	867-870	hen	
6-9	871-873	de	
6-10	874-882	middelen	
6-11	883-886	die	
6-12	887-889	hy	
6-13	890-897	begeert	
6-14	897-898	,	
6-15	899-901	om	
6-16	902-905	den	
6-17	906-914	menschen	
6-18	915-918	die	
6-19	919-922	hen	
6-20	923-925	in	
6-21	926-929	den	
6-22	930-933	weg	
6-23	934-938	zijn	
6-24	939-943	leed	
6-25	944-946	te	
6-26	947-951	doen	
6-27	951-952	;	
6-28	953-955	of	
6-29	956-961	leert	
6-30	962-965	hen	
