#FORMAT=WebAnno TSV 3.3
#T_SP=custom.Span|label
#T_RL=custom.Relation|label|BT_custom.Span


#Text=DJeſes ſind kleine Kraͤutlein, die uns
#Text=von unterſchiedenen Orten gantz
#Text=uͤberbracht werden, unter denen die vor-
#Text=nehmſten, und die am meiſten geachte-
#Text=ten, diejenigen ſind, die aus Canada
#Text=gebracht, und deshalben von den Bota-
#Text=nicis Adiantum album Canadenſe,
#Text=weiſſe
#Text=Steinraute aus Canada betitelt
#Text=werden.
1-1	2-8	DJeſes	_	_	_	
1-2	9-13	ſind	_	_	_	
1-3	14-20	kleine	_	_	_	
1-4	21-31	Kraͤutlein	_	_	_	
1-5	31-32	,	_	_	_	
1-6	33-36	die	_	_	_	
1-7	37-40	uns	_	_	_	
1-8	41-44	von	_	_	_	
1-9	45-60	unterſchiedenen	_	_	_	
1-10	61-66	Orten	_	_	_	
1-11	67-72	gantz	_	_	_	
1-12	73-84	uͤberbracht	_	_	_	
1-13	85-91	werden	_	_	_	
1-14	91-92	,	_	_	_	
1-15	93-98	unter	_	_	_	
1-16	99-104	denen	_	_	_	
1-17	105-108	die	_	_	_	
1-18	109-112	vor	_	_	_	
1-19	112-113	-	_	_	_	
1-20	114-122	nehmſten	_	_	_	
1-21	122-123	,	_	_	_	
1-22	124-127	und	_	_	_	
1-23	128-131	die	_	_	_	
1-24	132-134	am	_	_	_	
1-25	135-142	meiſten	_	_	_	
1-26	143-150	geachte	_	_	_	
1-27	150-151	-	_	_	_	
1-28	152-155	ten	_	_	_	
1-29	155-156	,	_	_	_	
1-30	157-167	diejenigen	_	_	_	
1-31	168-172	ſind	_	_	_	
1-32	172-173	,	_	_	_	
1-33	174-177	die	_	_	_	
1-34	178-181	aus	_	_	_	
1-35	182-188	Canada	_	_	_	
1-36	189-197	gebracht	_	_	_	
1-37	197-198	,	_	_	_	
1-38	199-202	und	_	_	_	
1-39	203-212	deshalben	_	_	_	
1-40	213-216	von	_	_	_	
1-41	217-220	den	_	_	_	
1-42	221-225	Bota	_	_	_	
1-43	225-226	-	_	_	_	
1-44	227-232	nicis	_	_	_	
1-45	233-241	Adiantum	_	_	_	
1-46	242-247	album	_	_	_	
1-47	248-257	Canadenſe	_	_	_	
1-48	257-258	,	_	_	_	
1-49	259-265	weiſſe	_	_	_	
1-50	266-276	Steinraute	_	_	_	
1-51	277-280	aus	_	_	_	
1-52	281-287	Canada	_	_	_	
1-53	288-296	betitelt	_	_	_	
1-54	297-303	werden	_	_	_	
1-55	303-304	.	_	_	_	

#Text=Das Kraut waͤchſt ohngefehr
#Text=eines Fuſſes hoch, der Stengel iſt ſehr
#Text=duͤnne, hart und ſchwaͤrtzlicht, daraus
#Text=entſprieſſen kleine Zweiglein, mit gruͤ-
#Text=nen zackichten Blaͤttlein beladen.
2-1	305-308	Das	_	_	_	
2-2	309-314	Kraut	_	_	_	
2-3	315-322	waͤchſt	_	_	_	
2-4	323-332	ohngefehr	_	_	_	
2-5	333-338	eines	_	_	_	
2-6	339-345	Fuſſes	_	_	_	
2-7	346-350	hoch	_	_	_	
2-8	350-351	,	_	_	_	
2-9	352-355	der	_	_	_	
2-10	356-363	Stengel	_	_	_	
2-11	364-367	iſt	_	_	_	
2-12	368-372	ſehr	_	_	_	
2-13	373-379	duͤnne	_	_	_	
2-14	379-380	,	_	_	_	
2-15	381-385	hart	_	_	_	
2-16	386-389	und	_	_	_	
2-17	390-404	ſchwaͤrtzlicht	_	_	_	
2-18	404-405	,	_	_	_	
2-19	406-412	daraus	_	_	_	
2-20	413-425	entſprieſſen	_	_	_	
2-21	426-432	kleine	_	_	_	
2-22	433-442	Zweiglein	_	_	_	
2-23	442-443	,	_	_	_	
2-24	444-447	mit	_	_	_	
2-25	448-452	gruͤ	_	_	_	
2-26	452-453	-	_	_	_	
2-27	454-457	nen	_	_	_	
2-28	458-468	zackichten	_	_	_	
2-29	469-479	Blaͤttlein	_	_	_	
2-30	480-487	beladen	_	_	_	
2-31	487-488	.	_	_	_	

#Text=Es
#Text=
#Text=waͤchſt auch in Braſilien,
#Text=und wird
#Text=Adiantum Braſilianum geheiſſen.
3-1	489-491	Es	_	_	_	
3-2	493-500	waͤchſt	_	_	_	
3-3	501-505	auch	_	_	_	
3-4	506-508	in	_	_	_	
3-5	509-518	Braſilien	_	_	_	
3-6	518-519	,	_	_	_	
3-7	520-523	und	_	_	_	
3-8	524-528	wird	_	_	_	
3-9	529-537	Adiantum	_	_	_	
3-10	538-549	Braſilianum	_	_	_	
3-11	550-559	geheiſſen	_	_	_	
3-12	559-560	.	_	_	_	

#Text=Jn dem
#Text=
#Text=koͤniglichen Garten zu Paris wird die-
#Text=ſes Gewaͤchs mit groſſer Sorgfalt, nebſt
#Text=einem Hauffen anderer fremden Ge-
#Text=waͤchſe erzogen, welche aus vielen Orten
#Text=der Welt durch die Herren Fagon und
#Text=Tournefort, die beruͤhmteſten Botanicos
#Text=unſerer Zeit, darein gebracht ſind wordẽ.
4-1	561-563	Jn	_	_	_	
4-2	564-567	dem	_	_	_	
4-3	569-581	koͤniglichen	_	_	_	
4-4	582-588	Garten	_	_	_	
4-5	589-591	zu	_	_	_	
4-6	592-597	Paris	_	_	_	
4-7	598-602	wird	_	_	_	
4-8	603-606	die	_	_	_	
4-9	606-607	-	_	_	_	
4-10	608-611	ſes	_	_	_	
4-11	612-620	Gewaͤchs	_	_	_	
4-12	621-624	mit	_	_	_	
4-13	625-632	groſſer	_	_	_	
4-14	633-641	Sorgfalt	_	_	_	
4-15	641-642	,	_	_	_	
4-16	643-648	nebſt	_	_	_	
4-17	649-654	einem	_	_	_	
4-18	655-662	Hauffen	_	_	_	
4-19	663-670	anderer	_	_	_	
4-20	671-678	fremden	_	_	_	
4-21	679-681	Ge	_	_	_	
4-22	681-682	-	_	_	_	
4-23	683-690	waͤchſe	_	_	_	
4-24	691-698	erzogen	_	_	_	
4-25	698-699	,	_	_	_	
4-26	700-706	welche	_	_	_	
4-27	707-710	aus	_	_	_	
4-28	711-717	vielen	_	_	_	
4-29	718-723	Orten	_	_	_	
4-30	724-727	der	_	_	_	
4-31	728-732	Welt	_	_	_	
4-32	733-738	durch	_	_	_	
4-33	739-742	die	_	_	_	
4-34	743-749	Herren	_	_	_	
4-35	750-755	Fagon	_	_	_	
4-36	756-759	und	_	_	_	
4-37	760-770	Tournefort	_	_	_	
4-38	770-771	,	_	_	_	
4-39	772-775	die	_	_	_	
4-40	776-789	beruͤhmteſten	_	_	_	
4-41	790-799	Botanicos	_	_	_	
4-42	800-807	unſerer	_	_	_	
4-43	808-812	Zeit	_	_	_	
4-44	812-813	,	_	_	_	
4-45	814-820	darein	_	_	_	
4-46	821-829	gebracht	_	_	_	
4-47	830-834	ſind	_	_	_	
4-48	835-841	wordẽ	_	_	_	
4-49	841-842	.	_	_	_	

#Text=Siehe Fig.
#Text=128.
5-1	845-850	Siehe	_	_	_	
5-2	851-854	Fig	_	_	_	
5-3	854-855	.	_	_	_	
5-4	856-859	128	_	_	_	
5-5	859-860	.	_	_	_	

#Text=Ohne dieſe Kraͤuter, die uns Cana-
#Text=da zuſendet, laſſen wir auch den Sy-
#Text=rup davon kommen, welcher wenn er
#Text=recht beſchaffen, eine Ambrafarbe und
#Text=guten Geſchmack haben ſoll, anbey muß
#Text=er wohl und gnugſam gekocht ſeyn, nicht
#Text=ſauer oder modricht riechen, ſoviel als
#Text=moͤglich klar und helle, und gewiß aus
#Text=Canada gebracht ſeyn.
6-1	862-866	Ohne	_	_	_	
6-2	867-872	dieſe	_	_	_	
6-3	873-881	Kraͤuter	_	_	_	
6-4	881-882	,	_	_	_	
6-5	883-886	die	_	_	_	
6-6	887-890	uns	_	_	_	
6-7	891-895	Cana	_	_	_	
6-8	895-896	-	_	_	_	
6-9	897-899	da	_	_	_	
6-10	900-908	zuſendet	_	_	_	
6-11	908-909	,	_	_	_	
6-12	910-916	laſſen	_	_	_	
6-13	917-920	wir	_	_	_	
6-14	921-925	auch	_	_	_	
6-15	926-929	den	_	_	_	
6-16	930-932	Sy	Smell\_Source[1]	_	_	
6-17	932-933	-	Smell\_Source[1]	_	_	
6-18	934-937	rup	Smell\_Source[1]	_	_	
6-19	938-943	davon	_	_	_	
6-20	944-950	kommen	_	_	_	
6-21	950-951	,	_	_	_	
6-22	952-959	welcher	_	_	_	
6-23	960-964	wenn	_	_	_	
6-24	965-967	er	_	_	_	
6-25	968-973	recht	_	_	_	
6-26	974-984	beſchaffen	_	_	_	
6-27	984-985	,	_	_	_	
6-28	986-990	eine	_	_	_	
6-29	991-1001	Ambrafarbe	_	_	_	
6-30	1002-1005	und	_	_	_	
6-31	1006-1011	guten	_	_	_	
6-32	1012-1021	Geſchmack	_	_	_	
6-33	1022-1027	haben	_	_	_	
6-34	1028-1032	ſoll	_	_	_	
6-35	1032-1033	,	_	_	_	
6-36	1034-1039	anbey	_	_	_	
6-37	1040-1043	muß	_	_	_	
6-38	1044-1046	er	_	_	_	
6-39	1047-1051	wohl	_	_	_	
6-40	1052-1055	und	_	_	_	
6-41	1056-1063	gnugſam	_	_	_	
6-42	1064-1071	gekocht	_	_	_	
6-43	1072-1076	ſeyn	_	_	_	
6-44	1076-1077	,	_	_	_	
6-45	1078-1083	nicht	Quality[2]	_	_	
6-46	1084-1089	ſauer	Quality[2]	_	_	
6-47	1090-1094	oder	Quality[2]	_	_	
6-48	1095-1103	modricht	Quality[2]	_	_	
6-49	1104-1111	riechen	Smell\_Word	*|*|*	6-45[2_0]|6-60[3_0]|6-16[1_0]	
6-50	1111-1112	,	_	_	_	
6-51	1113-1119	ſoviel	_	_	_	
6-52	1120-1123	als	_	_	_	
6-53	1124-1132	moͤglich	_	_	_	
6-54	1133-1137	klar	_	_	_	
6-55	1138-1141	und	_	_	_	
6-56	1142-1147	helle	_	_	_	
6-57	1147-1148	,	_	_	_	
6-58	1149-1152	und	_	_	_	
6-59	1153-1158	gewiß	_	_	_	
6-60	1159-1162	aus	Location[3]	_	_	
6-61	1163-1169	Canada	Location[3]	_	_	
6-62	1170-1178	gebracht	_	_	_	
6-63	1179-1183	ſeyn	_	_	_	
6-64	1183-1184	.	_	_	_	

#Text=Dieſem Syrup werden gewaltige
#Text=Eigenſchaften beygeleget: abſonderlich
#Text=ſoll er die Fluͤſſe und andere Bruſtbe-
#Text=ſchwerungen vertreiben, auch den klei-
#Text=nen Kindern, mit etwas Mandeloͤl
#Text=ge-
#Text=geben, gar dienlich ſeyn.
7-1	1188-1194	Dieſem	_	_	_	
7-2	1195-1200	Syrup	_	_	_	
7-3	1201-1207	werden	_	_	_	
7-4	1208-1217	gewaltige	_	_	_	
7-5	1218-1231	Eigenſchaften	_	_	_	
7-6	1232-1242	beygeleget	_	_	_	
7-7	1242-1243	:	_	_	_	
7-8	1244-1256	abſonderlich	_	_	_	
7-9	1257-1261	ſoll	_	_	_	
7-10	1262-1264	er	_	_	_	
7-11	1265-1268	die	_	_	_	
7-12	1269-1276	Fluͤſſe	_	_	_	
7-13	1277-1280	und	_	_	_	
7-14	1281-1287	andere	_	_	_	
7-15	1288-1295	Bruſtbe	_	_	_	
7-16	1295-1296	-	_	_	_	
7-17	1297-1308	ſchwerungen	_	_	_	
7-18	1309-1319	vertreiben	_	_	_	
7-19	1319-1320	,	_	_	_	
7-20	1321-1325	auch	_	_	_	
7-21	1326-1329	den	_	_	_	
7-22	1330-1334	klei	_	_	_	
7-23	1334-1335	-	_	_	_	
7-24	1336-1339	nen	_	_	_	
7-25	1340-1347	Kindern	_	_	_	
7-26	1347-1348	,	_	_	_	
7-27	1349-1352	mit	_	_	_	
7-28	1353-1358	etwas	_	_	_	
7-29	1359-1368	Mandeloͤl	_	_	_	
7-30	1369-1371	ge	_	_	_	
7-31	1371-1372	-	_	_	_	
7-32	1373-1378	geben	_	_	_	
7-33	1378-1379	,	_	_	_	
7-34	1380-1383	gar	_	_	_	
7-35	1384-1392	dienlich	_	_	_	
7-36	1393-1397	ſeyn	_	_	_	
7-37	1397-1398	.	_	_	_	

#Text=Gleichfalls laſſen wir, auſſer dieſe
#Text=Kraͤuter und Syrup, einen dergleichen
#Text=Syrup von Montpellier kommen, der
#Text=von einem Kraute, bey den Botanicis
#Text=
#Text=Adiantum album Monſpelienſe genannt,
#Text=bereitet wird.
8-1	1402-1413	Gleichfalls	_	_	_	
8-2	1414-1420	laſſen	_	_	_	
8-3	1421-1424	wir	_	_	_	
8-4	1424-1425	,	_	_	_	
8-5	1426-1432	auſſer	_	_	_	
8-6	1433-1438	dieſe	_	_	_	
8-7	1439-1447	Kraͤuter	_	_	_	
8-8	1448-1451	und	_	_	_	
8-9	1452-1457	Syrup	_	_	_	
8-10	1457-1458	,	_	_	_	
8-11	1459-1464	einen	_	_	_	
8-12	1465-1476	dergleichen	_	_	_	
8-13	1477-1482	Syrup	_	_	_	
8-14	1483-1486	von	_	_	_	
8-15	1487-1498	Montpellier	_	_	_	
8-16	1499-1505	kommen	_	_	_	
8-17	1505-1506	,	_	_	_	
8-18	1507-1510	der	_	_	_	
8-19	1511-1514	von	_	_	_	
8-20	1515-1520	einem	_	_	_	
8-21	1521-1527	Kraute	_	_	_	
8-22	1527-1528	,	_	_	_	
8-23	1529-1532	bey	_	_	_	
8-24	1533-1536	den	_	_	_	
8-25	1537-1546	Botanicis	_	_	_	
8-26	1548-1556	Adiantum	_	_	_	
8-27	1557-1562	album	_	_	_	
8-28	1563-1575	Monſpelienſe	_	_	_	
8-29	1576-1583	genannt	_	_	_	
8-30	1583-1584	,	_	_	_	
8-31	1585-1593	bereitet	_	_	_	
8-32	1594-1598	wird	_	_	_	
8-33	1598-1599	.	_	_	_	

#Text=Dieſer iſt von jenem gar
#Text=wenig unterſchieden, ſonderlich, wenn
#Text=er recht zugerichtet iſt, das heißt, wenn
#Text=er nicht von ſolchem Kraute, das ſchon
#Text=einmahl dazu gebrauchet, und wiede-
#Text=rum getrocknet worden, gemachet iſt/
#Text=
#Text=welches bey ein und andern Apothecker
#Text=
#Text=zu Montpellier nicht ſelten geſchicht,
#Text=aber gar leichte kan gemercket werden,
#Text=weil er uͤberaus weiß iſt, und ſchier nicht
#Text=anders als zerlaſſener Zucker ſchmeckt,
#Text=da hingegen der, welcher recht und ge-
#Text=treulich zugerichtet iſt, wie Amber ſie-
#Text=het, und ſehr angenehme ſchmecket.
9-1	1600-1606	Dieſer	_	_	_	
9-2	1607-1610	iſt	_	_	_	
9-3	1611-1614	von	_	_	_	
9-4	1615-1620	jenem	_	_	_	
9-5	1621-1624	gar	_	_	_	
9-6	1625-1630	wenig	_	_	_	
9-7	1631-1644	unterſchieden	_	_	_	
9-8	1644-1645	,	_	_	_	
9-9	1646-1656	ſonderlich	_	_	_	
9-10	1656-1657	,	_	_	_	
9-11	1658-1662	wenn	_	_	_	
9-12	1663-1665	er	_	_	_	
9-13	1666-1671	recht	_	_	_	
9-14	1672-1683	zugerichtet	_	_	_	
9-15	1684-1687	iſt	_	_	_	
9-16	1687-1688	,	_	_	_	
9-17	1689-1692	das	_	_	_	
9-18	1693-1698	heißt	_	_	_	
9-19	1698-1699	,	_	_	_	
9-20	1700-1704	wenn	_	_	_	
9-21	1705-1707	er	_	_	_	
9-22	1708-1713	nicht	_	_	_	
9-23	1714-1717	von	_	_	_	
9-24	1718-1725	ſolchem	_	_	_	
9-25	1726-1732	Kraute	_	_	_	
9-26	1732-1733	,	_	_	_	
9-27	1734-1737	das	_	_	_	
9-28	1738-1743	ſchon	_	_	_	
9-29	1744-1751	einmahl	_	_	_	
9-30	1752-1756	dazu	_	_	_	
9-31	1757-1767	gebrauchet	_	_	_	
9-32	1767-1768	,	_	_	_	
9-33	1769-1772	und	_	_	_	
9-34	1773-1778	wiede	_	_	_	
9-35	1778-1779	-	_	_	_	
9-36	1780-1783	rum	_	_	_	
9-37	1784-1794	getrocknet	_	_	_	
9-38	1795-1801	worden	_	_	_	
9-39	1801-1802	,	_	_	_	
9-40	1803-1811	gemachet	_	_	_	
9-41	1812-1815	iſt	_	_	_	
9-42	1815-1816	/	_	_	_	
9-43	1818-1825	welches	_	_	_	
9-44	1826-1829	bey	_	_	_	
9-45	1830-1833	ein	_	_	_	
9-46	1834-1837	und	_	_	_	
9-47	1838-1844	andern	_	_	_	
9-48	1845-1855	Apothecker	_	_	_	
9-49	1857-1859	zu	_	_	_	
9-50	1860-1871	Montpellier	_	_	_	
9-51	1872-1877	nicht	_	_	_	
9-52	1878-1884	ſelten	_	_	_	
9-53	1885-1894	geſchicht	_	_	_	
9-54	1894-1895	,	_	_	_	
9-55	1896-1900	aber	_	_	_	
9-56	1901-1904	gar	_	_	_	
9-57	1905-1912	leichte	_	_	_	
9-58	1913-1916	kan	_	_	_	
9-59	1917-1926	gemercket	_	_	_	
9-60	1927-1933	werden	_	_	_	
9-61	1933-1934	,	_	_	_	
9-62	1935-1939	weil	_	_	_	
9-63	1940-1942	er	_	_	_	
9-64	1943-1951	uͤberaus	_	_	_	
9-65	1952-1956	weiß	_	_	_	
9-66	1957-1960	iſt	_	_	_	
9-67	1960-1961	,	_	_	_	
9-68	1962-1965	und	_	_	_	
9-69	1966-1972	ſchier	_	_	_	
9-70	1973-1978	nicht	_	_	_	
9-71	1979-1985	anders	_	_	_	
9-72	1986-1989	als	_	_	_	
9-73	1990-2001	zerlaſſener	_	_	_	
9-74	2002-2008	Zucker	_	_	_	
9-75	2009-2017	ſchmeckt	_	_	_	
9-76	2017-2018	,	_	_	_	
9-77	2019-2021	da	_	_	_	
9-78	2022-2030	hingegen	_	_	_	
9-79	2031-2034	der	_	_	_	
9-80	2034-2035	,	_	_	_	
9-81	2036-2043	welcher	_	_	_	
9-82	2044-2049	recht	_	_	_	
9-83	2050-2053	und	_	_	_	
9-84	2054-2056	ge	_	_	_	
9-85	2056-2057	-	_	_	_	
9-86	2058-2066	treulich	_	_	_	
9-87	2067-2078	zugerichtet	_	_	_	
9-88	2079-2082	iſt	_	_	_	
9-89	2082-2083	,	_	_	_	
9-90	2084-2087	wie	_	_	_	
9-91	2088-2093	Amber	_	_	_	
9-92	2094-2097	ſie	_	_	_	
9-93	2097-2098	-	_	_	_	
9-94	2099-2102	het	_	_	_	
9-95	2102-2103	,	_	_	_	
9-96	2104-2107	und	_	_	_	
9-97	2108-2112	ſehr	_	_	_	
9-98	2113-2122	angenehme	_	_	_	
9-99	2123-2132	ſchmecket	_	_	_	
9-100	2132-2133	.	_	_	_	
