#FORMAT=WebAnno TSV 3.3


#Text=In de Vogelkooi moet men ze Sesamumzaad.
#Text=en Raapzaad geven, maar geen
#Text=Kennipzaad deurgaans, schoon zy ze liever eten.
1-1	4-6	In	
1-2	7-9	de	
1-3	10-19	Vogelkooi	
1-4	20-24	moet	
1-5	25-28	men	
1-6	29-31	ze	
1-7	32-43	Sesamumzaad	
1-8	43-44	.	
1-9	45-47	en	
1-10	48-56	Raapzaad	
1-11	57-62	geven	
1-12	62-63	,	
1-13	64-68	maar	
1-14	69-73	geen	
1-15	74-84	Kennipzaad	
1-16	85-94	deurgaans	
1-17	94-95	,	
1-18	96-102	schoon	
1-19	103-105	zy	
1-20	106-108	ze	
1-21	109-115	liever	
1-22	116-120	eten	
1-23	120-121	.	

#Text=Zy zyn’er niet lange jaren mede te
#Text=houden, maar wel, als men ze wat gehakte Hoendereijeren, of’er klein gesneden
#Text=Appelen onder geeft; doch met Kennipzaad houdt men ze niet lang, maar zy komen
#Text=dra om.
#Text=
#Text=’t Nest dezer vogelen word op hoge Bomen gelegd, maar meest in de onderste
#Text=telgen, en van alle kanten, tussen de dunne aan tween geschoten takjes zo vast in,
#Text=dat ze door genen stormwind ligt zyn te bewegen.
2-1	122-124	Zy	
2-2	125-128	zyn	
2-3	128-129	’	
2-4	129-131	er	
2-5	132-136	niet	
2-6	137-142	lange	
2-7	143-148	jaren	
2-8	149-153	mede	
2-9	154-156	te	
2-10	157-163	houden	
2-11	163-164	,	
2-12	165-169	maar	
2-13	170-173	wel	
2-14	173-174	,	
2-15	175-178	als	
2-16	179-182	men	
2-17	183-185	ze	
2-18	186-189	wat	
2-19	190-197	gehakte	
2-20	198-212	Hoendereijeren	
2-21	212-213	,	
2-22	214-216	of	
2-23	216-217	’	
2-24	217-219	er	
2-25	220-225	klein	
2-26	226-234	gesneden	
2-27	235-242	Appelen	
2-28	243-248	onder	
2-29	249-254	geeft	
2-30	254-255	;	
2-31	256-260	doch	
2-32	261-264	met	
2-33	265-275	Kennipzaad	
2-34	276-281	houdt	
2-35	282-285	men	
2-36	286-288	ze	
2-37	289-293	niet	
2-38	294-298	lang	
2-39	298-299	,	
2-40	300-304	maar	
2-41	305-307	zy	
2-42	308-313	komen	
2-43	314-317	dra	
2-44	318-320	om	
2-45	320-321	.	
2-46	323-324	’	
2-47	324-325	t	
2-48	326-330	Nest	
2-49	331-336	dezer	
2-50	337-344	vogelen	
2-51	345-349	word	
2-52	350-352	op	
2-53	353-357	hoge	
2-54	358-363	Bomen	
2-55	364-370	gelegd	
2-56	370-371	,	
2-57	372-376	maar	
2-58	377-382	meest	
2-59	383-385	in	
2-60	386-388	de	
2-61	389-397	onderste	
2-62	398-404	telgen	
2-63	404-405	,	
2-64	406-408	en	
2-65	409-412	van	
2-66	413-417	alle	
2-67	418-424	kanten	
2-68	424-425	,	
2-69	426-432	tussen	
2-70	433-435	de	
2-71	436-441	dunne	
2-72	442-445	aan	
2-73	446-451	tween	
2-74	452-461	geschoten	
2-75	462-468	takjes	
2-76	469-471	zo	
2-77	472-476	vast	
2-78	477-479	in	
2-79	479-480	,	
2-80	481-484	dat	
2-81	485-487	ze	
2-82	488-492	door	
2-83	493-498	genen	
2-84	499-508	stormwind	
2-85	509-513	ligt	
2-86	514-517	zyn	
2-87	518-520	te	
2-88	521-528	bewegen	
2-89	528-529	.	

#Text=Van buiten wordt het van graauwe
#Text=Boom-most gemaakt, van binnen gevoerd met Wol, Veders, en allerlei Haair; en
#Text=brengt daar in vier, of vyf jongen voort.
3-1	530-533	Van	
3-2	534-540	buiten	
3-3	541-546	wordt	
3-4	547-550	het	
3-5	551-554	van	
3-6	555-562	graauwe	
3-7	563-572	Boom-most	
3-8	573-580	gemaakt	
3-9	580-581	,	
3-10	582-585	van	
3-11	586-592	binnen	
3-12	593-600	gevoerd	
3-13	601-604	met	
3-14	605-608	Wol	
3-15	608-609	,	
3-16	610-616	Veders	
3-17	616-617	,	
3-18	618-620	en	
3-19	621-629	allerlei	
3-20	630-635	Haair	
3-21	635-636	;	
3-22	637-639	en	
3-23	640-646	brengt	
3-24	647-651	daar	
3-25	652-654	in	
3-26	655-659	vier	
3-27	659-660	,	
3-28	661-663	of	
3-29	664-667	vyf	
3-30	668-674	jongen	
3-31	675-680	voort	
3-32	680-681	.	

#Text=Zy houden haar verblyf midden in de diepste
#Text=en langste Bossen, die vele mylen lang zyn; maar zy broejen ook wel in de Hoven,
#Text=die vele mylen van de Bossen af leggen.
4-1	682-684	Zy	
4-2	685-691	houden	
4-3	692-696	haar	
4-4	697-704	verblyf	
4-5	705-711	midden	
4-6	712-714	in	
4-7	715-717	de	
4-8	718-725	diepste	
4-9	726-728	en	
4-10	729-736	langste	
4-11	737-743	Bossen	
4-12	743-744	,	
4-13	745-748	die	
4-14	749-753	vele	
4-15	754-759	mylen	
4-16	760-764	lang	
4-17	765-768	zyn	
4-18	768-769	;	
4-19	770-774	maar	
4-20	775-777	zy	
4-21	778-785	broejen	
4-22	786-789	ook	
4-23	790-793	wel	
4-24	794-796	in	
4-25	797-799	de	
4-26	800-805	Hoven	
4-27	805-806	,	
4-28	807-810	die	
4-29	811-815	vele	
4-30	816-821	mylen	
4-31	822-825	van	
4-32	826-828	de	
4-33	829-835	Bossen	
4-34	836-838	af	
4-35	839-845	leggen	
4-36	845-846	.	

#Text=Buiten den Broeityd houden ze zich meest
#Text=in de Bossen op.
5-1	847-853	Buiten	
5-2	854-857	den	
5-3	858-866	Broeityd	
5-4	867-873	houden	
5-5	874-876	ze	
5-6	877-881	zich	
5-7	882-887	meest	
5-8	888-890	in	
5-9	891-893	de	
5-10	894-900	Bossen	
5-11	901-903	op	
5-12	903-904	.	

#Text=Zy vliegen jaarlyks in de Herfst zo wel in kleine Vluchten van
#Text=twintig, dertig, veertigen, als dikmalen in groter, by duizenden: maar meest ontrent
#Text=St.
6-1	905-907	Zy	
6-2	908-915	vliegen	
6-3	916-924	jaarlyks	
6-4	925-927	in	
6-5	928-930	de	
6-6	931-937	Herfst	
6-7	938-940	zo	
6-8	941-944	wel	
6-9	945-947	in	
6-10	948-954	kleine	
6-11	955-963	Vluchten	
6-12	964-967	van	
6-13	968-975	twintig	
6-14	975-976	,	
6-15	977-983	dertig	
6-16	983-984	,	
6-17	985-994	veertigen	
6-18	994-995	,	
6-19	996-999	als	
6-20	1000-1008	dikmalen	
6-21	1009-1011	in	
6-22	1012-1018	groter	
6-23	1018-1019	,	
6-24	1020-1022	by	
6-25	1023-1032	duizenden	
6-26	1032-1033	:	
6-27	1034-1038	maar	
6-28	1039-1044	meest	
6-29	1045-1052	ontrent	
6-30	1053-1055	St	
6-31	1055-1056	.	

#Text=Michiel.
7-1	1057-1064	Michiel	
7-2	1064-1065	.	

#Text=Doch wy moeten daar by aantekenen, dat een zo grote hoop, als zy ene
#Text=Vogelkooi, of ene andere plaats aantreft, daar hy is gezind op te vallen, niet in eens
#Text=met malkander daar op nederstrykt, gelyk andere Vogels doen, die aan hoopen vliegen:
#Text=
#Text=maar als een Vlugt Vinken over een Vogelkooi vliegt, en de zelve de Lokvinken in
#Text=de lucht hoort, stryken ze, maar weinige t’effens, by tienen, twintigen, vyftigen op
#Text=zyn hoogste op de Boomen neer, vliegende de overige voort, als of ze de Lokvogel
#Text=niet hoorden, en laten zig van haren togt niet ophouden
8-1	1066-1070	Doch	
8-2	1071-1073	wy	
8-3	1074-1080	moeten	
8-4	1081-1085	daar	
8-5	1086-1088	by	
8-6	1089-1099	aantekenen	
8-7	1099-1100	,	
8-8	1101-1104	dat	
8-9	1105-1108	een	
8-10	1109-1111	zo	
8-11	1112-1117	grote	
8-12	1118-1122	hoop	
8-13	1122-1123	,	
8-14	1124-1127	als	
8-15	1128-1130	zy	
8-16	1131-1134	ene	
8-17	1135-1144	Vogelkooi	
8-18	1144-1145	,	
8-19	1146-1148	of	
8-20	1149-1152	ene	
8-21	1153-1159	andere	
8-22	1160-1166	plaats	
8-23	1167-1175	aantreft	
8-24	1175-1176	,	
8-25	1177-1181	daar	
8-26	1182-1184	hy	
8-27	1185-1187	is	
8-28	1188-1194	gezind	
8-29	1195-1197	op	
8-30	1198-1200	te	
8-31	1201-1207	vallen	
8-32	1207-1208	,	
8-33	1209-1213	niet	
8-34	1214-1216	in	
8-35	1217-1221	eens	
8-36	1222-1225	met	
8-37	1226-1235	malkander	
8-38	1236-1240	daar	
8-39	1241-1243	op	
8-40	1244-1255	nederstrykt	
8-41	1255-1256	,	
8-42	1257-1262	gelyk	
8-43	1263-1269	andere	
8-44	1270-1276	Vogels	
8-45	1277-1281	doen	
8-46	1281-1282	,	
8-47	1283-1286	die	
8-48	1287-1290	aan	
8-49	1291-1297	hoopen	
8-50	1298-1305	vliegen	
8-51	1305-1306	:	
8-52	1308-1312	maar	
8-53	1313-1316	als	
8-54	1317-1320	een	
8-55	1321-1326	Vlugt	
8-56	1327-1333	Vinken	
8-57	1334-1338	over	
8-58	1339-1342	een	
8-59	1343-1352	Vogelkooi	
8-60	1353-1359	vliegt	
8-61	1359-1360	,	
8-62	1361-1363	en	
8-63	1364-1366	de	
8-64	1367-1372	zelve	
8-65	1373-1375	de	
8-66	1376-1385	Lokvinken	
8-67	1386-1388	in	
8-68	1389-1391	de	
8-69	1392-1397	lucht	
8-70	1398-1403	hoort	
8-71	1403-1404	,	
8-72	1405-1412	stryken	
8-73	1413-1415	ze	
8-74	1415-1416	,	
8-75	1417-1421	maar	
8-76	1422-1429	weinige	
8-77	1430-1431	t	
8-78	1431-1432	’	
8-79	1432-1438	effens	
8-80	1438-1439	,	
8-81	1440-1442	by	
8-82	1443-1449	tienen	
8-83	1449-1450	,	
8-84	1451-1460	twintigen	
8-85	1460-1461	,	
8-86	1462-1470	vyftigen	
8-87	1471-1473	op	
8-88	1474-1477	zyn	
8-89	1478-1485	hoogste	
8-90	1486-1488	op	
8-91	1489-1491	de	
8-92	1492-1498	Boomen	
8-93	1499-1503	neer	
8-94	1503-1504	,	
8-95	1505-1514	vliegende	
8-96	1515-1517	de	
8-97	1518-1525	overige	
8-98	1526-1531	voort	
8-99	1531-1532	,	
8-100	1533-1536	als	
8-101	1537-1539	of	
8-102	1540-1542	ze	
8-103	1543-1545	de	
8-104	1546-1554	Lokvogel	
8-105	1555-1559	niet	
8-106	1560-1567	hoorden	
8-107	1567-1568	,	
8-108	1569-1571	en	
8-109	1572-1577	laten	
8-110	1578-1581	zig	
8-111	1582-1585	van	
8-112	1586-1591	haren	
8-113	1592-1596	togt	
8-114	1597-1601	niet	
8-115	1602-1610	ophouden	

#Text=.
9-1	1610-1611	.	

#Text=[
#Text=illustratie]
#Text=
#Text=
#Text=[
#Text=Plaat 51.
#Text=pag. 955.
10-1	1614-1615	[	
10-2	1616-1627	illustratie	
10-3	1627-1628	]	
10-4	1631-1632	[	
10-5	1633-1638	Plaat	
10-6	1639-1641	51	
10-7	1641-1642	.	
10-8	1643-1646	pag	
10-9	1646-1647	.	
10-10	1648-1651	955	
10-11	1651-1652	.	

#Text=SCHILDVINK.
#Text=pag. 1000 Col.
11-1	1653-1663	SCHILDVINK	
11-2	1663-1664	.	
11-3	1665-1668	pag	
11-4	1668-1669	.	
11-5	1670-1674	1000	
11-6	1675-1678	Col	
11-7	1678-1679	.	
