#FORMAT=WebAnno TSV 3.3
#T_SP=custom.Span|label
#T_RL=custom.Relation|label|BT_custom.Span


#Text=]
#Text=
#Text=als faſt chemiſch reine Celluloſe zu betrachten iſt.
1-1	0-1	]	_	_	_	
1-2	3-6	als	_	_	_	
1-3	7-11	faſt	_	_	_	
1-4	12-20	chemiſch	_	_	_	
1-5	21-26	reine	_	_	_	
1-6	27-36	Celluloſe	_	_	_	
1-7	37-39	zu	_	_	_	
1-8	40-50	betrachten	_	_	_	
1-9	51-54	iſt	_	_	_	
1-10	54-55	.	_	_	_	

#Text=Die Celluloſe
#Text=ſelbſt beſteht nach übereinſtimmenden Reſultaten aus
#Text=
#Text=Kohlenſtoff ....
#Text=43,30 Prozent,
#Text=
#Text=Waſſerſtoff ....
#Text=6,40 „
#Text=
#Text=Sauerſtoff ....
#Text=50,30 „
#Text=
#Text=und entſpricht nach Mitſcherlich und Gerhardt der Formel C12 H20
#Text=O10.
2-1	56-59	Die	_	_	_	
2-2	60-69	Celluloſe	_	_	_	
2-3	70-76	ſelbſt	_	_	_	
2-4	77-84	beſteht	_	_	_	
2-5	85-89	nach	_	_	_	
2-6	90-107	übereinſtimmenden	_	_	_	
2-7	108-118	Reſultaten	_	_	_	
2-8	119-122	aus	_	_	_	
2-9	124-135	Kohlenſtoff	_	_	_	
2-10	136-137	.	_	_	_	
2-11	137-138	.	_	_	_	
2-12	138-139	.	_	_	_	
2-13	139-140	.	_	_	_	
2-14	141-146	43,30	_	_	_	
2-15	147-154	Prozent	_	_	_	
2-16	154-155	,	_	_	_	
2-17	157-168	Waſſerſtoff	_	_	_	
2-18	169-170	.	_	_	_	
2-19	170-171	.	_	_	_	
2-20	171-172	.	_	_	_	
2-21	172-173	.	_	_	_	
2-22	174-178	6,40	_	_	_	
2-23	179-180	„	_	_	_	
2-24	182-192	Sauerſtoff	_	_	_	
2-25	193-194	.	_	_	_	
2-26	194-195	.	_	_	_	
2-27	195-196	.	_	_	_	
2-28	196-197	.	_	_	_	
2-29	198-203	50,30	_	_	_	
2-30	204-205	„	_	_	_	
2-31	207-210	und	_	_	_	
2-32	211-221	entſpricht	_	_	_	
2-33	222-226	nach	_	_	_	
2-34	227-239	Mitſcherlich	_	_	_	
2-35	240-243	und	_	_	_	
2-36	244-252	Gerhardt	_	_	_	
2-37	253-256	der	_	_	_	
2-38	257-263	Formel	_	_	_	
2-39	264-267	C12	_	_	_	
2-40	268-271	H20	_	_	_	
2-41	272-275	O10	_	_	_	
2-42	275-276	.	_	_	_	

#Text=Sie beſitzt alſo genau dieſelbe prozentiſche Zuſammenſetzung, wie Stärke,
#Text=Dextrin und Gummi.
3-1	279-282	Sie	_	_	_	
3-2	283-290	beſitzt	_	_	_	
3-3	291-295	alſo	_	_	_	
3-4	296-301	genau	_	_	_	
3-5	302-310	dieſelbe	_	_	_	
3-6	311-323	prozentiſche	_	_	_	
3-7	324-339	Zuſammenſetzung	_	_	_	
3-8	339-340	,	_	_	_	
3-9	341-344	wie	_	_	_	
3-10	345-351	Stärke	_	_	_	
3-11	351-352	,	_	_	_	
3-12	353-360	Dextrin	_	_	_	
3-13	361-364	und	_	_	_	
3-14	365-370	Gummi	_	_	_	
3-15	370-371	.	_	_	_	

#Text=Die Bildung der Celluloſe in der Pflanze ſelbſt ge-
#Text=ſchieht (nach Durin) wahrſcheinlich aus Rohrzucker.
4-1	372-375	Die	_	_	_	
4-2	376-383	Bildung	_	_	_	
4-3	384-387	der	_	_	_	
4-4	388-397	Celluloſe	_	_	_	
4-5	398-400	in	_	_	_	
4-6	401-404	der	_	_	_	
4-7	405-412	Pflanze	_	_	_	
4-8	413-419	ſelbſt	_	_	_	
4-9	420-422	ge	_	_	_	
4-10	422-423	-	_	_	_	
4-11	424-431	ſchieht	_	_	_	
4-12	432-433	(	_	_	_	
4-13	433-437	nach	_	_	_	
4-14	438-443	Durin	_	_	_	
4-15	443-444	)	_	_	_	
4-16	445-459	wahrſcheinlich	_	_	_	
4-17	460-463	aus	_	_	_	
4-18	464-474	Rohrzucker	_	_	_	
4-19	474-475	.	_	_	_	

#Text=Die reine Cellu-
#Text=loſe iſt weiß, ſeidenglänzend, geſchmack- und geruchlos, luftbeſtändig, und
#Text=völlig unlöslich in Waſſer, Alkohol und Säuren;
#Text=ſie löſt ſich dagegen leicht
#Text=ſowohl in konzentrierter Schwefelſäure, als auch in Kupferoxydammoniak;
#Text=
#Text=angezündet verbrennt ſie ohne Geruch (Unterſchied von tieriſchen Geſpinnſt-
#Text=faſern) zu Kohlenſäure und Waſſer.
5-1	476-479	Die	Smell\_Source[1]	Anaphoric	5-45[0_1]	
5-2	480-485	reine	Smell\_Source[1]	_	_	
5-3	486-491	Cellu	Smell\_Source[1]	_	_	
5-4	491-492	-	Smell\_Source[1]	_	_	
5-5	493-497	loſe	Smell\_Source[1]	_	_	
5-6	498-501	iſt	_	_	_	
5-7	502-506	weiß	_	_	_	
5-8	506-507	,	_	_	_	
5-9	508-522	ſeidenglänzend	_	_	_	
5-10	522-523	,	_	_	_	
5-11	524-533	geſchmack	_	_	_	
5-12	533-534	-	_	_	_	
5-13	535-538	und	_	_	_	
5-14	539-548	geruchlos	Smell\_Word[2]|Quality[3]	*|*	5-14[3_2]|5-1[1_2]	
5-15	548-549	,	_	_	_	
5-16	550-563	luftbeſtändig	_	_	_	
5-17	563-564	,	_	_	_	
5-18	565-568	und	_	_	_	
5-19	569-575	völlig	_	_	_	
5-20	576-585	unlöslich	_	_	_	
5-21	586-588	in	_	_	_	
5-22	589-595	Waſſer	_	_	_	
5-23	595-596	,	_	_	_	
5-24	597-604	Alkohol	_	_	_	
5-25	605-608	und	_	_	_	
5-26	609-615	Säuren	_	_	_	
5-27	615-616	;	_	_	_	
5-28	617-620	ſie	_	_	_	
5-29	621-625	löſt	_	_	_	
5-30	626-630	ſich	_	_	_	
5-31	631-638	dagegen	_	_	_	
5-32	639-645	leicht	_	_	_	
5-33	646-652	ſowohl	_	_	_	
5-34	653-655	in	_	_	_	
5-35	656-670	konzentrierter	_	_	_	
5-36	671-684	Schwefelſäure	_	_	_	
5-37	684-685	,	_	_	_	
5-38	686-689	als	_	_	_	
5-39	690-694	auch	_	_	_	
5-40	695-697	in	_	_	_	
5-41	698-716	Kupferoxydammoniak	_	_	_	
5-42	716-717	;	_	_	_	
5-43	719-729	angezündet	Circumstances	_	_	
5-44	730-739	verbrennt	_	_	_	
5-45	740-743	ſie	Smell\_Source	_	_	
5-46	744-748	ohne	Quality	_	_	
5-47	749-755	Geruch	Smell\_Word	*|*|*|*	5-46|5-45|5-43|5-56[4_0]	
5-48	756-757	(	_	_	_	
5-49	757-768	Unterſchied	_	_	_	
5-50	769-772	von	_	_	_	
5-51	773-783	tieriſchen	_	_	_	
5-52	784-793	Geſpinnſt	_	_	_	
5-53	793-794	-	_	_	_	
5-54	795-801	faſern	_	_	_	
5-55	801-802	)	_	_	_	
5-56	803-805	zu	Effect[4]	_	_	
5-57	806-817	Kohlenſäure	Effect[4]	_	_	
5-58	818-821	und	Effect[4]	_	_	
5-59	822-828	Waſſer	Effect[4]	_	_	
5-60	828-829	.	_	_	_	

#Text=Durch Behandeln mit Schwefelſäure
#Text=
#Text=geht ſie unter Löſung zunächſt in Amyloid, dann in Dextrin, zuletzt in Trauben-
#Text=zucker über.
6-1	830-835	Durch	_	_	_	
6-2	836-845	Behandeln	_	_	_	
6-3	846-849	mit	_	_	_	
6-4	850-863	Schwefelſäure	_	_	_	
6-5	865-869	geht	_	_	_	
6-6	870-873	ſie	_	_	_	
6-7	874-879	unter	_	_	_	
6-8	880-886	Löſung	_	_	_	
6-9	887-895	zunächſt	_	_	_	
6-10	896-898	in	_	_	_	
6-11	899-906	Amyloid	_	_	_	
6-12	906-907	,	_	_	_	
6-13	908-912	dann	_	_	_	
6-14	913-915	in	_	_	_	
6-15	916-923	Dextrin	_	_	_	
6-16	923-924	,	_	_	_	
6-17	925-932	zuletzt	_	_	_	
6-18	933-935	in	_	_	_	
6-19	936-943	Trauben	_	_	_	
6-20	943-944	-	_	_	_	
6-21	945-951	zucker	_	_	_	
6-22	952-956	über	_	_	_	
6-23	956-957	.	_	_	_	

#Text=Auf dieſe Thatſache hat Moliſch eine charakteriſtiſche Reaktion zum
#Text=Nachweis von Pflanzenfaſern und zur Unterſcheidung von animaliſchen
#Text=Faſern begründet.
7-1	958-961	Auf	_	_	_	
7-2	962-967	dieſe	_	_	_	
7-3	968-977	Thatſache	_	_	_	
7-4	978-981	hat	_	_	_	
7-5	982-989	Moliſch	_	_	_	
7-6	990-994	eine	_	_	_	
7-7	995-1012	charakteriſtiſche	_	_	_	
7-8	1013-1021	Reaktion	_	_	_	
7-9	1022-1025	zum	_	_	_	
7-10	1026-1034	Nachweis	_	_	_	
7-11	1035-1038	von	_	_	_	
7-12	1039-1053	Pflanzenfaſern	_	_	_	
7-13	1054-1057	und	_	_	_	
7-14	1058-1061	zur	_	_	_	
7-15	1062-1076	Unterſcheidung	_	_	_	
7-16	1077-1080	von	_	_	_	
7-17	1081-1093	animaliſchen	_	_	_	
7-18	1094-1100	Faſern	_	_	_	
7-19	1101-1110	begründet	_	_	_	
7-20	1110-1111	.	_	_	_	

#Text=Weiteres hierüber ſ.
#Text=unter § 21, Gewebeprüfung.
8-1	1112-1120	Weiteres	_	_	_	
8-2	1121-1129	hierüber	_	_	_	
8-3	1130-1131	ſ	_	_	_	
8-4	1131-1132	.	_	_	_	
8-5	1133-1138	unter	_	_	_	
8-6	1139-1140	§	_	_	_	
8-7	1141-1143	21	_	_	_	
8-8	1143-1144	,	_	_	_	
8-9	1145-1158	Gewebeprüfung	_	_	_	
8-10	1158-1159	.	_	_	_	

#Text=Maßgebendes zur Wertbeſtimmung der Baumwolle.
9-1	1162-1173	Maßgebendes	_	_	_	
9-2	1174-1177	zur	_	_	_	
9-3	1178-1192	Wertbeſtimmung	_	_	_	
9-4	1193-1196	der	_	_	_	
9-5	1197-1206	Baumwolle	_	_	_	
9-6	1206-1207	.	_	_	_	

#Text=Für
#Text=die Wertbeſtimmung der Baumwolle iſt zunächſt maßgebend die Länge der Fa-
#Text=ſer;
10-1	1208-1211	Für	_	_	_	
10-2	1212-1215	die	_	_	_	
10-3	1216-1230	Wertbeſtimmung	_	_	_	
10-4	1231-1234	der	_	_	_	
10-5	1235-1244	Baumwolle	_	_	_	
10-6	1245-1248	iſt	_	_	_	
10-7	1249-1257	zunächſt	_	_	_	
10-8	1258-1267	maßgebend	_	_	_	
10-9	1268-1271	die	_	_	_	
10-10	1272-1277	Länge	_	_	_	
10-11	1278-1281	der	_	_	_	
10-12	1282-1284	Fa	_	_	_	
10-13	1284-1285	-	_	_	_	
10-14	1286-1289	ſer	_	_	_	
10-15	1289-1290	;	_	_	_	
