#FORMAT=WebAnno TSV 3.3
#T_SP=custom.Span|label
#T_RL=custom.Relation|label|BT_custom.Span


#Text=DJe Caßia, auch Flos Siliquæ genañt,
#Text=iſt eine Gattung Fruͤchte, von un-
#Text=terſchiedener Dicke und Laͤnge, welche
#Text=an den Aeſten unterſchiedlicher Baͤume
#Text=hangen.
1-1	5-8	DJe	_	_	_	
1-2	9-14	Caßia	_	_	_	
1-3	14-15	,	_	_	_	
1-4	16-20	auch	_	_	_	
1-5	21-25	Flos	_	_	_	
1-6	26-33	Siliquæ	_	_	_	
1-7	34-41	genañt	_	_	_	
1-8	41-42	,	_	_	_	
1-9	43-46	iſt	_	_	_	
1-10	47-51	eine	_	_	_	
1-11	52-59	Gattung	_	_	_	
1-12	60-68	Fruͤchte	_	_	_	
1-13	68-69	,	_	_	_	
1-14	70-73	von	_	_	_	
1-15	74-76	un	_	_	_	
1-16	76-77	-	_	_	_	
1-17	78-91	terſchiedener	_	_	_	
1-18	92-97	Dicke	_	_	_	
1-19	98-101	und	_	_	_	
1-20	102-108	Laͤnge	_	_	_	
1-21	108-109	,	_	_	_	
1-22	110-116	welche	_	_	_	
1-23	117-119	an	_	_	_	
1-24	120-123	den	_	_	_	
1-25	124-130	Aeſten	_	_	_	
1-26	131-148	unterſchiedlicher	_	_	_	
1-27	149-155	Baͤume	_	_	_	
1-28	156-162	hangen	_	_	_	
1-29	162-163	.	_	_	_	

#Text=Die Caßia aus Levante iſt
#Text=die vornehmſte, und wird am meiſten
#Text=geachtet.
2-1	164-167	Die	_	_	_	
2-2	168-173	Caßia	_	_	_	
2-3	174-177	aus	_	_	_	
2-4	178-185	Levante	_	_	_	
2-5	186-189	iſt	_	_	_	
2-6	190-193	die	_	_	_	
2-7	194-204	vornehmſte	_	_	_	
2-8	204-205	,	_	_	_	
2-9	206-209	und	_	_	_	
2-10	210-214	wird	_	_	_	
2-11	215-217	am	_	_	_	
2-12	218-225	meiſten	_	_	_	
2-13	226-234	geachtet	_	_	_	
2-14	234-235	.	_	_	_	

#Text=Sie waͤchſt an gar vielen Or-
#Text=ten in Levante, von daher wird ſie uͤber
#Text=
#Text=Marſeille gebracht.
3-1	236-239	Sie	_	_	_	
3-2	240-247	waͤchſt	_	_	_	
3-3	248-250	an	_	_	_	
3-4	251-254	gar	_	_	_	
3-5	255-261	vielen	_	_	_	
3-6	262-264	Or	_	_	_	
3-7	264-265	-	_	_	_	
3-8	266-269	ten	_	_	_	
3-9	270-272	in	_	_	_	
3-10	273-280	Levante	_	_	_	
3-11	280-281	,	_	_	_	
3-12	282-285	von	_	_	_	
3-13	286-291	daher	_	_	_	
3-14	292-296	wird	_	_	_	
3-15	297-300	ſie	_	_	_	
3-16	301-306	uͤber	_	_	_	
3-17	308-317	Marſeille	_	_	_	
3-18	318-326	gebracht	_	_	_	
3-19	326-327	.	_	_	_	

#Text=Die Figur des
#Text=Baumes iſt Fig. 219. vorgeſtellet.
4-1	328-331	Die	_	_	_	
4-2	332-337	Figur	_	_	_	
4-3	338-341	des	_	_	_	
4-4	342-348	Baumes	_	_	_	
4-5	349-352	iſt	_	_	_	
4-6	353-356	Fig	_	_	_	
4-7	356-357	.	_	_	_	
4-8	358-361	219	_	_	_	
4-9	361-362	.	_	_	_	
4-10	363-375	vorgeſtellet	_	_	_	
4-11	375-376	.	_	_	_	

#Text=Die
#Text=Blaͤtter ſind gruͤn, die Blume gelb.
5-1	377-380	Die	_	_	_	
5-2	381-389	Blaͤtter	_	_	_	
5-3	390-394	ſind	_	_	_	
5-4	395-400	gruͤn	_	_	_	
5-5	400-401	,	_	_	_	
5-6	402-405	die	_	_	_	
5-7	406-411	Blume	_	_	_	
5-8	412-416	gelb	_	_	_	
5-9	416-417	.	_	_	_	

#Text=Man ſoll die Levantiſche Caßia er-
#Text=wehlen, welche friſch iſt, und feine lange
#Text=Roͤhren hat, die fein ſchwer, und nicht
#Text=hol ſind, auch tannetfarben ſehen;
#Text=de-
#Text=ren Rinde, wenn ſie zerbrochen worden,
#Text=zart und inwendig weiß iſt, mit einem
#Text=ſchwartzen, wie Sammt gleiſſendem
#Text=Marck, und kleinen, harten, weiſſen, wie
#Text=ein Hertz formirten Kernen erfuͤllet.
6-1	421-424	Man	_	_	_	
6-2	425-429	ſoll	_	_	_	
6-3	430-433	die	_	_	_	
6-4	434-445	Levantiſche	_	_	_	
6-5	446-451	Caßia	_	_	_	
6-6	452-454	er	_	_	_	
6-7	454-455	-	_	_	_	
6-8	456-462	wehlen	_	_	_	
6-9	462-463	,	_	_	_	
6-10	464-470	welche	_	_	_	
6-11	471-477	friſch	_	_	_	
6-12	478-481	iſt	_	_	_	
6-13	481-482	,	_	_	_	
6-14	483-486	und	_	_	_	
6-15	487-492	feine	_	_	_	
6-16	493-498	lange	_	_	_	
6-17	499-506	Roͤhren	_	_	_	
6-18	507-510	hat	_	_	_	
6-19	510-511	,	_	_	_	
6-20	512-515	die	_	_	_	
6-21	516-520	fein	_	_	_	
6-22	521-527	ſchwer	_	_	_	
6-23	527-528	,	_	_	_	
6-24	529-532	und	_	_	_	
6-25	533-538	nicht	_	_	_	
6-26	539-542	hol	_	_	_	
6-27	543-547	ſind	_	_	_	
6-28	547-548	,	_	_	_	
6-29	549-553	auch	_	_	_	
6-30	554-566	tannetfarben	_	_	_	
6-31	567-572	ſehen	_	_	_	
6-32	572-573	;	_	_	_	
6-33	574-576	de	_	_	_	
6-34	576-577	-	_	_	_	
6-35	578-581	ren	_	_	_	
6-36	582-587	Rinde	_	_	_	
6-37	587-588	,	_	_	_	
6-38	589-593	wenn	_	_	_	
6-39	594-597	ſie	_	_	_	
6-40	598-608	zerbrochen	_	_	_	
6-41	609-615	worden	_	_	_	
6-42	615-616	,	_	_	_	
6-43	617-621	zart	_	_	_	
6-44	622-625	und	_	_	_	
6-45	626-634	inwendig	_	_	_	
6-46	635-639	weiß	_	_	_	
6-47	640-643	iſt	_	_	_	
6-48	643-644	,	_	_	_	
6-49	645-648	mit	_	_	_	
6-50	649-654	einem	_	_	_	
6-51	655-665	ſchwartzen	_	_	_	
6-52	665-666	,	_	_	_	
6-53	667-670	wie	_	_	_	
6-54	671-676	Sammt	_	_	_	
6-55	677-688	gleiſſendem	_	_	_	
6-56	689-694	Marck	_	_	_	
6-57	694-695	,	_	_	_	
6-58	696-699	und	_	_	_	
6-59	700-707	kleinen	_	_	_	
6-60	707-708	,	_	_	_	
6-61	709-715	harten	_	_	_	
6-62	715-716	,	_	_	_	
6-63	717-724	weiſſen	_	_	_	
6-64	724-725	,	_	_	_	
6-65	726-729	wie	_	_	_	
6-66	730-733	ein	_	_	_	
6-67	734-739	Hertz	_	_	_	
6-68	740-749	formirten	_	_	_	
6-69	750-756	Kernen	_	_	_	
6-70	757-766	erfuͤllet	_	_	_	
6-71	766-767	.	_	_	_	

#Text=Dieſes Marck oder Pulpa, muß ſuͤſſe, als
#Text=wie Zucker ſchmecken, nicht ſauer oder
#Text=
#Text=modricht riechen, ſich auch gerne von
#Text=der Rinde abſondern und ausziehen laſ-
#Text=ſen.
7-1	769-775	Dieſes	_	_	_	
7-2	776-781	Marck	Smell\_Source	*	7-4	
7-3	782-786	oder	_	_	_	
7-4	787-792	Pulpa	Smell\_Source	_	_	
7-5	792-793	,	_	_	_	
7-6	794-797	muß	_	_	_	
7-7	798-804	ſuͤſſe	_	_	_	
7-8	804-805	,	_	_	_	
7-9	806-809	als	_	_	_	
7-10	810-813	wie	_	_	_	
7-11	814-820	Zucker	_	_	_	
7-12	821-830	ſchmecken	_	_	_	
7-13	830-831	,	_	_	_	
7-14	832-837	nicht	Quality	_	_	
7-15	838-843	ſauer	Quality	*	7-14	
7-16	844-848	oder	_	_	_	
7-17	850-858	modricht	Quality	*	7-14	
7-18	859-866	riechen	Smell\_Word	*|*|*	7-17|7-15|7-2	
7-19	866-867	,	_	_	_	
7-20	868-872	ſich	_	_	_	
7-21	873-877	auch	_	_	_	
7-22	878-883	gerne	_	_	_	
7-23	884-887	von	_	_	_	
7-24	888-891	der	_	_	_	
7-25	892-897	Rinde	_	_	_	
7-26	898-907	abſondern	_	_	_	
7-27	908-911	und	_	_	_	
7-28	912-921	ausziehen	_	_	_	
7-29	922-925	laſ	_	_	_	
7-30	925-926	-	_	_	_	
7-31	927-930	ſen	_	_	_	
7-32	930-931	.	_	_	_	

#Text=Ferner muß man Acht haben, daß
#Text=dieſe Caßia nicht eckigt, das iſt, nicht
#Text=knortzicht oder krumm ſey, ſondern
#Text=durchgehends gleich, nicht klingend, und
#Text=ſo zuckerſuͤſſe, als nur immer moͤglich:
#Text=
#Text=desgleichen ſollen auch die kleinſten Stuͤ-
#Text=cken eines Fuſſes lang ſeyn.
8-1	932-938	Ferner	_	_	_	
8-2	939-942	muß	_	_	_	
8-3	943-946	man	_	_	_	
8-4	947-951	Acht	_	_	_	
8-5	952-957	haben	_	_	_	
8-6	957-958	,	_	_	_	
8-7	959-962	daß	_	_	_	
8-8	963-968	dieſe	_	_	_	
8-9	969-974	Caßia	_	_	_	
8-10	975-980	nicht	_	_	_	
8-11	981-987	eckigt	_	_	_	
8-12	987-988	,	_	_	_	
8-13	989-992	das	_	_	_	
8-14	993-996	iſt	_	_	_	
8-15	996-997	,	_	_	_	
8-16	998-1003	nicht	_	_	_	
8-17	1004-1014	knortzicht	_	_	_	
8-18	1015-1019	oder	_	_	_	
8-19	1020-1025	krumm	_	_	_	
8-20	1026-1029	ſey	_	_	_	
8-21	1029-1030	,	_	_	_	
8-22	1031-1038	ſondern	_	_	_	
8-23	1039-1051	durchgehends	_	_	_	
8-24	1052-1058	gleich	_	_	_	
8-25	1058-1059	,	_	_	_	
8-26	1060-1065	nicht	_	_	_	
8-27	1066-1074	klingend	_	_	_	
8-28	1074-1075	,	_	_	_	
8-29	1076-1079	und	_	_	_	
8-30	1080-1082	ſo	_	_	_	
8-31	1083-1095	zuckerſuͤſſe	_	_	_	
8-32	1095-1096	,	_	_	_	
8-33	1097-1100	als	_	_	_	
8-34	1101-1104	nur	_	_	_	
8-35	1105-1110	immer	_	_	_	
8-36	1111-1119	moͤglich	_	_	_	
8-37	1119-1120	:	_	_	_	
8-38	1122-1133	desgleichen	_	_	_	
8-39	1134-1140	ſollen	_	_	_	
8-40	1141-1145	auch	_	_	_	
8-41	1146-1149	die	_	_	_	
8-42	1150-1159	kleinſten	_	_	_	
8-43	1160-1164	Stuͤ	_	_	_	
8-44	1164-1165	-	_	_	_	
8-45	1166-1170	cken	_	_	_	
8-46	1171-1176	eines	_	_	_	
8-47	1177-1183	Fuſſes	_	_	_	
8-48	1184-1188	lang	_	_	_	
8-49	1189-1193	ſeyn	_	_	_	
8-50	1193-1194	.	_	_	_	

#Text=Es geben einige vor, das eigentliche
#Text=Merck- und Kennzeichen der Levanti-
#Text=niſchen Caßia beſtehe in der Erhoͤ-
#Text=hung, welche die Laͤnge hin an den Roͤh-
#Text=ren zu ſehen;
#Text=welches aber keine allge-
#Text=meine Regel, denn ſich dergleichen eben-
#Text=falls zuweilen an den Caßiaroͤhren/
#Text=
#Text=die aus den Jnſeln kommen, befinden.
9-1	1198-1200	Es	_	_	_	
9-2	1201-1206	geben	_	_	_	
9-3	1207-1213	einige	_	_	_	
9-4	1214-1217	vor	_	_	_	
9-5	1217-1218	,	_	_	_	
9-6	1219-1222	das	_	_	_	
9-7	1223-1234	eigentliche	_	_	_	
9-8	1235-1240	Merck	_	_	_	
9-9	1240-1241	-	_	_	_	
9-10	1242-1245	und	_	_	_	
9-11	1246-1257	Kennzeichen	_	_	_	
9-12	1258-1261	der	_	_	_	
9-13	1262-1269	Levanti	_	_	_	
9-14	1269-1270	-	_	_	_	
9-15	1271-1278	niſchen	_	_	_	
9-16	1279-1284	Caßia	_	_	_	
9-17	1285-1292	beſtehe	_	_	_	
9-18	1293-1295	in	_	_	_	
9-19	1296-1299	der	_	_	_	
9-20	1300-1305	Erhoͤ	_	_	_	
9-21	1305-1306	-	_	_	_	
9-22	1307-1311	hung	_	_	_	
9-23	1311-1312	,	_	_	_	
9-24	1313-1319	welche	_	_	_	
9-25	1320-1323	die	_	_	_	
9-26	1324-1330	Laͤnge	_	_	_	
9-27	1331-1334	hin	_	_	_	
9-28	1335-1337	an	_	_	_	
9-29	1338-1341	den	_	_	_	
9-30	1342-1346	Roͤh	_	_	_	
9-31	1346-1347	-	_	_	_	
9-32	1348-1351	ren	_	_	_	
9-33	1352-1354	zu	_	_	_	
9-34	1355-1360	ſehen	_	_	_	
9-35	1360-1361	;	_	_	_	
9-36	1362-1369	welches	_	_	_	
9-37	1370-1374	aber	_	_	_	
9-38	1375-1380	keine	_	_	_	
9-39	1381-1386	allge	_	_	_	
9-40	1386-1387	-	_	_	_	
9-41	1388-1393	meine	_	_	_	
9-42	1394-1399	Regel	_	_	_	
9-43	1399-1400	,	_	_	_	
9-44	1401-1405	denn	_	_	_	
9-45	1406-1410	ſich	_	_	_	
9-46	1411-1422	dergleichen	_	_	_	
9-47	1423-1427	eben	_	_	_	
9-48	1427-1428	-	_	_	_	
9-49	1429-1434	falls	_	_	_	
9-50	1435-1443	zuweilen	_	_	_	
9-51	1444-1446	an	_	_	_	
9-52	1447-1450	den	_	_	_	
9-53	1451-1463	Caßiaroͤhren	_	_	_	
9-54	1463-1464	/	_	_	_	
9-55	1466-1469	die	_	_	_	
9-56	1470-1473	aus	_	_	_	
9-57	1474-1477	den	_	_	_	
9-58	1478-1484	Jnſeln	_	_	_	
9-59	1485-1491	kommen	_	_	_	
9-60	1491-1492	,	_	_	_	
9-61	1493-1501	befinden	_	_	_	
9-62	1501-1502	.	_	_	_	

#Text=Das beſte Zeichen, das ich dran finde, iſt
#Text=dieſes, man laſſe ſie von Marſeille brin-
#Text=gen;
#Text=denn durch dieſen Weg kommt ſie
#Text=nirgend anders her, als aus Levante
10-1	1505-1508	Das	_	_	_	
10-2	1509-1514	beſte	_	_	_	
10-3	1515-1522	Zeichen	_	_	_	
10-4	1522-1523	,	_	_	_	
10-5	1524-1527	das	_	_	_	
10-6	1528-1531	ich	_	_	_	
10-7	1532-1536	dran	_	_	_	
10-8	1537-1542	finde	_	_	_	
10-9	1542-1543	,	_	_	_	
10-10	1544-1547	iſt	_	_	_	
10-11	1548-1554	dieſes	_	_	_	
10-12	1554-1555	,	_	_	_	
10-13	1556-1559	man	_	_	_	
10-14	1560-1565	laſſe	_	_	_	
10-15	1566-1569	ſie	_	_	_	
10-16	1570-1573	von	_	_	_	
10-17	1574-1583	Marſeille	_	_	_	
10-18	1584-1588	brin	_	_	_	
10-19	1588-1589	-	_	_	_	
10-20	1590-1593	gen	_	_	_	
10-21	1593-1594	;	_	_	_	
10-22	1595-1599	denn	_	_	_	
10-23	1600-1605	durch	_	_	_	
10-24	1606-1612	dieſen	_	_	_	
10-25	1613-1616	Weg	_	_	_	
10-26	1617-1622	kommt	_	_	_	
10-27	1623-1626	ſie	_	_	_	
10-28	1627-1634	nirgend	_	_	_	
10-29	1635-1641	anders	_	_	_	
10-30	1642-1645	her	_	_	_	
10-31	1645-1646	,	_	_	_	
10-32	1647-1650	als	_	_	_	
10-33	1651-1654	aus	_	_	_	
10-34	1655-1662	Levante	_	_	_	
