#FORMAT=WebAnno TSV 3.3
#T_SP=custom.Span|label
#T_RL=custom.Relation|label|BT_custom.Span


#Text=SECOND
#Text=
#Text=RECEPTAIRES
#Text=
#Text=de ce present Liv eauquel est
#Text=
#Text=traité de di verses sortes d'odoras,
#Text=
#Text=& la confection d'icelles.
1-1	0-6	SECOND	_	_	_	
1-2	8-19	RECEPTAIRES	_	_	_	
1-3	21-23	de	_	_	_	
1-4	24-26	ce	_	_	_	
1-5	27-34	present	_	_	_	
1-6	35-38	Liv	_	_	_	
1-7	39-46	eauquel	_	_	_	
1-8	47-50	est	_	_	_	
1-9	52-58	traité	_	_	_	
1-10	59-61	de	_	_	_	
1-11	62-64	di	_	_	_	
1-12	65-71	verses	_	_	_	
1-13	72-78	sortes	_	_	_	
1-14	79-87	d'odoras	_	_	_	
1-15	87-88	,	_	_	_	
1-16	90-91	&	_	_	_	
1-17	92-94	la	_	_	_	
1-18	95-105	confection	_	_	_	
1-19	106-115	d'icelles	_	_	_	
1-20	115-116	.	_	_	_	

#Text=Pour accouster les roses en sorte quà
#Text=
#Text=mise en un coffre plein delinge ou
#Text=
#Text=vestement, rendront une odeur trés
#Text=
#Text=souvraine & fort delectable.
2-1	118-122	Pour	_	_	_	
2-2	123-132	accouster	_	_	_	
2-3	133-136	les	_	_	_	
2-4	137-142	roses	Smell\_Source	_	_	
2-5	143-145	en	Circumstances[1]	_	_	
2-6	146-151	sorte	Circumstances[1]	_	_	
2-7	152-155	quà	Circumstances[1]	_	_	
2-8	157-161	mise	Circumstances[1]	_	_	
2-9	162-164	en	Circumstances[1]	_	_	
2-10	165-167	un	Circumstances[1]	_	_	
2-11	168-174	coffre	Circumstances[1]	_	_	
2-12	175-180	plein	Circumstances[1]	_	_	
2-13	181-188	delinge	Circumstances[1]	_	_	
2-14	189-191	ou	Circumstances[1]	_	_	
2-15	193-202	vestement	Circumstances[1]	_	_	
2-16	202-203	,	_	_	_	
2-17	204-212	rendront	_	_	_	
2-18	213-216	une	_	_	_	
2-19	217-222	odeur	Smell\_Word	*|*|*|*	2-5[1_0]|2-20[2_0]|2-23[3_0]|2-4	
2-20	223-227	trés	Quality[2]	_	_	
2-21	229-238	souvraine	Quality[2]	_	_	
2-22	239-240	&	_	_	_	
2-23	241-245	fort	Quality[3]	_	_	
2-24	246-256	delectable	Quality[3]	_	_	
2-25	256-257	.	_	_	_	

#Text=IL faut prendre quantité de roses autant que tu voudras, & les regalles sur une table, & quelques linge desous & dessus, laisse les ainsi jusqu'à ce qu'elles soient seiches, c'est à sçavoir bien essuyez, fait que le lieu où tu les mettras ayent vent & bon air
#Text=
#Text=non pas au soleil: Et quand tu verras qu'elles seront bien seiches, prend rose fine musquée en ta bouche, & éupyé la sur lesdites roses tant qu'e es deviennent un peu moites: puis recouvre les, & les laisse encore secher de rechef les épuisant de l'eau susdite jusqu'à trois fois, ainsi que dit est.
3-1	259-261	IL	_	_	_	
3-2	262-266	faut	_	_	_	
3-3	267-274	prendre	_	_	_	
3-4	275-283	quantité	_	_	_	
3-5	284-286	de	_	_	_	
3-6	287-292	roses	_	_	_	
3-7	293-299	autant	_	_	_	
3-8	300-303	que	_	_	_	
3-9	304-306	tu	_	_	_	
3-10	307-314	voudras	_	_	_	
3-11	314-315	,	_	_	_	
3-12	316-317	&	_	_	_	
3-13	318-321	les	_	_	_	
3-14	322-330	regalles	_	_	_	
3-15	331-334	sur	_	_	_	
3-16	335-338	une	_	_	_	
3-17	339-344	table	_	_	_	
3-18	344-345	,	_	_	_	
3-19	346-347	&	_	_	_	
3-20	348-356	quelques	_	_	_	
3-21	357-362	linge	_	_	_	
3-22	363-369	desous	_	_	_	
3-23	370-371	&	_	_	_	
3-24	372-378	dessus	_	_	_	
3-25	378-379	,	_	_	_	
3-26	380-386	laisse	_	_	_	
3-27	387-390	les	_	_	_	
3-28	391-396	ainsi	_	_	_	
3-29	397-404	jusqu'à	_	_	_	
3-30	405-407	ce	_	_	_	
3-31	408-416	qu'elles	_	_	_	
3-32	417-423	soient	_	_	_	
3-33	424-431	seiches	_	_	_	
3-34	431-432	,	_	_	_	
3-35	433-438	c'est	_	_	_	
3-36	439-440	à	_	_	_	
3-37	441-448	sçavoir	_	_	_	
3-38	449-453	bien	_	_	_	
3-39	454-461	essuyez	_	_	_	
3-40	461-462	,	_	_	_	
3-41	463-467	fait	_	_	_	
3-42	468-471	que	_	_	_	
3-43	472-474	le	_	_	_	
3-44	475-479	lieu	_	_	_	
3-45	480-482	où	_	_	_	
3-46	483-485	tu	_	_	_	
3-47	486-489	les	_	_	_	
3-48	490-497	mettras	_	_	_	
3-49	498-503	ayent	_	_	_	
3-50	504-508	vent	_	_	_	
3-51	509-510	&	_	_	_	
3-52	511-514	bon	_	_	_	
3-53	515-518	air	_	_	_	
3-54	520-523	non	_	_	_	
3-55	524-527	pas	_	_	_	
3-56	528-530	au	_	_	_	
3-57	531-537	soleil	_	_	_	
3-58	537-538	:	_	_	_	
3-59	539-541	Et	_	_	_	
3-60	542-547	quand	_	_	_	
3-61	548-550	tu	_	_	_	
3-62	551-557	verras	_	_	_	
3-63	558-566	qu'elles	_	_	_	
3-64	567-573	seront	_	_	_	
3-65	574-578	bien	_	_	_	
3-66	579-586	seiches	_	_	_	
3-67	586-587	,	_	_	_	
3-68	588-593	prend	_	_	_	
3-69	594-598	rose	_	_	_	
3-70	599-603	fine	_	_	_	
3-71	604-611	musquée	_	_	_	
3-72	612-614	en	_	_	_	
3-73	615-617	ta	_	_	_	
3-74	618-624	bouche	_	_	_	
3-75	624-625	,	_	_	_	
3-76	626-627	&	_	_	_	
3-77	628-633	éupyé	_	_	_	
3-78	634-636	la	_	_	_	
3-79	637-640	sur	_	_	_	
3-80	641-649	lesdites	_	_	_	
3-81	650-655	roses	_	_	_	
3-82	656-660	tant	_	_	_	
3-83	661-665	qu'e	_	_	_	
3-84	666-668	es	_	_	_	
3-85	669-679	deviennent	_	_	_	
3-86	680-682	un	_	_	_	
3-87	683-686	peu	_	_	_	
3-88	687-693	moites	_	_	_	
3-89	693-694	:	_	_	_	
3-90	695-699	puis	_	_	_	
3-91	700-708	recouvre	_	_	_	
3-92	709-712	les	_	_	_	
3-93	712-713	,	_	_	_	
3-94	714-715	&	_	_	_	
3-95	716-719	les	_	_	_	
3-96	720-726	laisse	_	_	_	
3-97	727-733	encore	_	_	_	
3-98	734-740	secher	_	_	_	
3-99	741-743	de	_	_	_	
3-100	744-750	rechef	_	_	_	
3-101	751-754	les	_	_	_	
3-102	755-763	épuisant	_	_	_	
3-103	764-766	de	_	_	_	
3-104	767-772	l'eau	_	_	_	
3-105	773-780	susdite	_	_	_	
3-106	781-788	jusqu'à	_	_	_	
3-107	789-794	trois	_	_	_	
3-108	795-799	fois	_	_	_	
3-109	799-800	,	_	_	_	
3-110	801-806	ainsi	_	_	_	
3-111	807-810	que	_	_	_	
3-112	811-814	dit	_	_	_	
3-113	815-818	est	_	_	_	
3-114	818-819	.	_	_	_	

#Text=Apres ce prendra: benjoin, storax & calamita, de chacun un peu, avec deux ou trois grains de musc & demy grain de civette, le tout poudroyé & meslé avec eau rose dans une petite écuelles, répondant sur les roses que tu auras mis dans un plat creux, & ainsi les mesleras tres-bien plusieurs jours.
4-1	820-825	Apres	_	_	_	
4-2	826-828	ce	_	_	_	
4-3	829-836	prendra	_	_	_	
4-4	836-837	:	_	_	_	
4-5	838-845	benjoin	_	_	_	
4-6	845-846	,	_	_	_	
4-7	847-853	storax	_	_	_	
4-8	854-855	&	_	_	_	
4-9	856-864	calamita	_	_	_	
4-10	864-865	,	_	_	_	
4-11	866-868	de	_	_	_	
4-12	869-875	chacun	_	_	_	
4-13	876-878	un	_	_	_	
4-14	879-882	peu	_	_	_	
4-15	882-883	,	_	_	_	
4-16	884-888	avec	_	_	_	
4-17	889-893	deux	_	_	_	
4-18	894-896	ou	_	_	_	
4-19	897-902	trois	_	_	_	
4-20	903-909	grains	_	_	_	
4-21	910-912	de	_	_	_	
4-22	913-917	musc	_	_	_	
4-23	918-919	&	_	_	_	
4-24	920-924	demy	_	_	_	
4-25	925-930	grain	_	_	_	
4-26	931-933	de	_	_	_	
4-27	934-941	civette	_	_	_	
4-28	941-942	,	_	_	_	
4-29	943-945	le	_	_	_	
4-30	946-950	tout	_	_	_	
4-31	951-959	poudroyé	_	_	_	
4-32	960-961	&	_	_	_	
4-33	962-967	meslé	_	_	_	
4-34	968-972	avec	_	_	_	
4-35	973-976	eau	_	_	_	
4-36	977-981	rose	_	_	_	
4-37	982-986	dans	_	_	_	
4-38	987-990	une	_	_	_	
4-39	991-997	petite	_	_	_	
4-40	998-1006	écuelles	_	_	_	
4-41	1006-1007	,	_	_	_	
4-42	1008-1017	répondant	_	_	_	
4-43	1018-1021	sur	_	_	_	
4-44	1022-1025	les	_	_	_	
4-45	1026-1031	roses	_	_	_	
4-46	1032-1035	que	_	_	_	
4-47	1036-1038	tu	_	_	_	
4-48	1039-1044	auras	_	_	_	
4-49	1045-1048	mis	_	_	_	
4-50	1049-1053	dans	_	_	_	
4-51	1054-1056	un	_	_	_	
4-52	1057-1061	plat	_	_	_	
4-53	1062-1067	creux	_	_	_	
4-54	1067-1068	,	_	_	_	
4-55	1069-1070	&	_	_	_	
4-56	1071-1076	ainsi	_	_	_	
4-57	1077-1080	les	_	_	_	
4-58	1081-1089	mesleras	_	_	_	
4-59	1090-1099	tres-bien	_	_	_	
4-60	1100-1109	plusieurs	_	_	_	
4-61	1110-1115	jours	_	_	_	
4-62	1115-1116	.	_	_	_	

#Text=Incontinent apres mets dedans sa chers; de linge vne le faits en men eces de cofinets & coads lesdites roses, les jette dans tes coffràs: tu verras qu'en moins de quatre jours ce qui sera dans lesdirs; coffies aura pris une telle odeur parfaite.
5-1	1117-1128	Incontinent	_	_	_	
5-2	1129-1134	apres	_	_	_	
5-3	1135-1139	mets	_	_	_	
5-4	1140-1146	dedans	_	_	_	
5-5	1147-1149	sa	_	_	_	
5-6	1150-1155	chers	_	_	_	
5-7	1155-1156	;	_	_	_	
5-8	1157-1159	de	_	_	_	
5-9	1160-1165	linge	_	_	_	
5-10	1166-1169	vne	_	_	_	
5-11	1170-1172	le	_	_	_	
5-12	1173-1178	faits	_	_	_	
5-13	1179-1181	en	_	_	_	
5-14	1182-1185	men	_	_	_	
5-15	1186-1190	eces	_	_	_	
5-16	1191-1193	de	_	_	_	
5-17	1194-1202	cofinets	_	_	_	
5-18	1203-1204	&	_	_	_	
5-19	1205-1210	coads	_	_	_	
5-20	1211-1219	lesdites	_	_	_	
5-21	1220-1225	roses	Smell\_Source	_	_	
5-22	1225-1226	,	_	_	_	
5-23	1227-1230	les	_	_	_	
5-24	1231-1236	jette	_	_	_	
5-25	1237-1241	dans	_	_	_	
5-26	1242-1245	tes	_	_	_	
5-27	1246-1253	coffràs	_	_	_	
5-28	1253-1254	:	_	_	_	
5-29	1255-1257	tu	_	_	_	
5-30	1258-1264	verras	_	_	_	
5-31	1265-1270	qu'en	Time[4]	_	_	
5-32	1271-1276	moins	Time[4]	_	_	
5-33	1277-1279	de	Time[4]	_	_	
5-34	1280-1286	quatre	Time[4]	_	_	
5-35	1287-1292	jours	Time[4]	_	_	
5-36	1293-1295	ce	_	_	_	
5-37	1296-1299	qui	_	_	_	
5-38	1300-1304	sera	_	_	_	
5-39	1305-1309	dans	_	_	_	
5-40	1310-1317	lesdirs	_	_	_	
5-41	1317-1318	;	_	_	_	
5-42	1319-1326	coffies	Odour\_Carrier	_	_	
5-43	1327-1331	aura	_	_	_	
5-44	1332-1336	pris	_	_	_	
5-45	1337-1340	une	_	_	_	
5-46	1341-1346	telle	_	_	_	
5-47	1347-1352	odeur	Smell\_Word	*|*|*|*	5-48|5-42|5-31[4_0]|5-21	
5-48	1353-1361	parfaite	Quality	_	_	
5-49	1361-1362	.	_	_	_	

#Text=Si tu n'y veux faire tant de de pense: seche lesdites rose; comme dessus, & aye un petit pot, dans lequel mers de l'eau ro eassez, & sur icelle eau rose jette poudre de flambes blanches, & girofle & musguette avec un pea de muse, laisse le tout bouillir à petit feu;
#Text=
#Text=puis le jette bien menu sur les roses tant qu'elles en soient humides & moites; mets-les dans leur sachets comme defsus.
6-1	1363-1365	Si	_	_	_	
6-2	1366-1368	tu	_	_	_	
6-3	1369-1372	n'y	_	_	_	
6-4	1373-1377	veux	_	_	_	
6-5	1378-1383	faire	_	_	_	
6-6	1384-1388	tant	_	_	_	
6-7	1389-1391	de	_	_	_	
6-8	1392-1394	de	_	_	_	
6-9	1395-1400	pense	_	_	_	
6-10	1400-1401	:	_	_	_	
6-11	1402-1407	seche	_	_	_	
6-12	1408-1416	lesdites	_	_	_	
6-13	1417-1421	rose	_	_	_	
6-14	1421-1422	;	_	_	_	
6-15	1423-1428	comme	_	_	_	
6-16	1429-1435	dessus	_	_	_	
6-17	1435-1436	,	_	_	_	
6-18	1437-1438	&	_	_	_	
6-19	1439-1442	aye	_	_	_	
6-20	1443-1445	un	_	_	_	
6-21	1446-1451	petit	_	_	_	
6-22	1452-1455	pot	_	_	_	
6-23	1455-1456	,	_	_	_	
6-24	1457-1461	dans	_	_	_	
6-25	1462-1468	lequel	_	_	_	
6-26	1469-1473	mers	_	_	_	
6-27	1474-1476	de	_	_	_	
6-28	1477-1482	l'eau	_	_	_	
6-29	1483-1485	ro	_	_	_	
6-30	1486-1492	eassez	_	_	_	
6-31	1492-1493	,	_	_	_	
6-32	1494-1495	&	_	_	_	
6-33	1496-1499	sur	_	_	_	
6-34	1500-1506	icelle	_	_	_	
6-35	1507-1510	eau	_	_	_	
6-36	1511-1515	rose	_	_	_	
6-37	1516-1521	jette	_	_	_	
6-38	1522-1528	poudre	_	_	_	
6-39	1529-1531	de	_	_	_	
6-40	1532-1539	flambes	_	_	_	
6-41	1540-1548	blanches	_	_	_	
6-42	1548-1549	,	_	_	_	
6-43	1550-1551	&	_	_	_	
6-44	1552-1559	girofle	_	_	_	
6-45	1560-1561	&	_	_	_	
6-46	1562-1571	musguette	_	_	_	
6-47	1572-1576	avec	_	_	_	
6-48	1577-1579	un	_	_	_	
6-49	1580-1583	pea	_	_	_	
6-50	1584-1586	de	_	_	_	
6-51	1587-1591	muse	_	_	_	
6-52	1591-1592	,	_	_	_	
6-53	1593-1599	laisse	_	_	_	
6-54	1600-1602	le	_	_	_	
6-55	1603-1607	tout	_	_	_	
6-56	1608-1616	bouillir	_	_	_	
6-57	1617-1618	à	_	_	_	
6-58	1619-1624	petit	_	_	_	
6-59	1625-1628	feu	_	_	_	
6-60	1628-1629	;	_	_	_	
6-61	1631-1635	puis	_	_	_	
6-62	1636-1638	le	_	_	_	
6-63	1639-1644	jette	_	_	_	
6-64	1645-1649	bien	_	_	_	
6-65	1650-1654	menu	_	_	_	
6-66	1655-1658	sur	_	_	_	
6-67	1659-1662	les	_	_	_	
6-68	1663-1668	roses	_	_	_	
6-69	1669-1673	tant	_	_	_	
6-70	1674-1682	qu'elles	_	_	_	
6-71	1683-1685	en	_	_	_	
6-72	1686-1692	soient	_	_	_	
6-73	1693-1700	humides	_	_	_	
6-74	1701-1702	&	_	_	_	
6-75	1703-1709	moites	_	_	_	
6-76	1709-1710	;	_	_	_	
6-77	1711-1719	mets-les	_	_	_	
6-78	1720-1724	dans	_	_	_	
6-79	1725-1729	leur	_	_	_	
6-80	1730-1737	sachets	_	_	_	
6-81	1738-1743	comme	_	_	_	
6-82	1744-1750	defsus	_	_	_	
6-83	1750-1751	.	_	_	_	

#Text=Pour parfumer les Grands.
7-1	1753-1757	Pour	_	_	_	
7-2	1758-1766	parfumer	Smell\_Word	_	_	
7-3	1767-1770	les	_	_	_	
7-4	1771-1777	Grands	_	_	_	
7-5	1777-1778	.	_	_	_	

#Text=Prend huile d'amandres-douce, mets la dans une fiole avec les pommes quì s'ensuivent; à sçavoir, un peu de musc, storax, calamita, racine de flambes: le tout bien pulverisé mettras dans la fiole, laquelle faut que tu laisse reposer, & confir nu soleil l'espace de huit jours ayant tous les jours le soin de mêler lesdites poudres parmy l'huile avec une baguette, puis aye de l'eau rose musquée & prend les grands, & les broüille trés-bien d'icelle eau fur un tailloit laisse les seicher, & fait en cette maniere par trois où quatre fois, & la dernier fois que les Grands seront essuyez, loingt les de l'huile susdites, & tu verras qu'ils prendront.
8-1	1780-1785	Prend	_	_	_	
8-2	1786-1791	huile	_	_	_	
8-3	1792-1808	d'amandres-douce	_	_	_	
8-4	1808-1809	,	_	_	_	
8-5	1810-1814	mets	_	_	_	
8-6	1815-1817	la	_	_	_	
8-7	1818-1822	dans	_	_	_	
8-8	1823-1826	une	_	_	_	
8-9	1827-1832	fiole	_	_	_	
8-10	1833-1837	avec	_	_	_	
8-11	1838-1841	les	_	_	_	
8-12	1842-1848	pommes	_	_	_	
8-13	1849-1852	quì	_	_	_	
8-14	1853-1864	s'ensuivent	_	_	_	
8-15	1864-1865	;	_	_	_	
8-16	1866-1867	à	_	_	_	
8-17	1868-1875	sçavoir	_	_	_	
8-18	1875-1876	,	_	_	_	
8-19	1877-1879	un	_	_	_	
8-20	1880-1883	peu	_	_	_	
8-21	1884-1886	de	_	_	_	
8-22	1887-1891	musc	_	_	_	
8-23	1891-1892	,	_	_	_	
8-24	1893-1899	storax	_	_	_	
8-25	1899-1900	,	_	_	_	
8-26	1901-1909	calamita	_	_	_	
8-27	1909-1910	,	_	_	_	
8-28	1911-1917	racine	_	_	_	
8-29	1918-1920	de	_	_	_	
8-30	1921-1928	flambes	_	_	_	
8-31	1928-1929	:	_	_	_	
8-32	1930-1932	le	_	_	_	
8-33	1933-1937	tout	_	_	_	
8-34	1938-1942	bien	_	_	_	
8-35	1943-1952	pulverisé	_	_	_	
8-36	1953-1960	mettras	_	_	_	
8-37	1961-1965	dans	_	_	_	
8-38	1966-1968	la	_	_	_	
8-39	1969-1974	fiole	_	_	_	
8-40	1974-1975	,	_	_	_	
8-41	1976-1984	laquelle	_	_	_	
8-42	1985-1989	faut	_	_	_	
8-43	1990-1993	que	_	_	_	
8-44	1994-1996	tu	_	_	_	
8-45	1997-2003	laisse	_	_	_	
8-46	2004-2011	reposer	_	_	_	
8-47	2011-2012	,	_	_	_	
8-48	2013-2014	&	_	_	_	
8-49	2015-2021	confir	_	_	_	
8-50	2022-2024	nu	_	_	_	
8-51	2025-2031	soleil	_	_	_	
8-52	2032-2040	l'espace	_	_	_	
8-53	2041-2043	de	_	_	_	
8-54	2044-2048	huit	_	_	_	
8-55	2049-2054	jours	_	_	_	
8-56	2055-2060	ayant	_	_	_	
8-57	2061-2065	tous	_	_	_	
8-58	2066-2069	les	_	_	_	
8-59	2070-2075	jours	_	_	_	
8-60	2076-2078	le	_	_	_	
8-61	2079-2083	soin	_	_	_	
8-62	2084-2086	de	_	_	_	
8-63	2087-2092	mêler	_	_	_	
8-64	2093-2101	lesdites	_	_	_	
8-65	2102-2109	poudres	_	_	_	
8-66	2110-2115	parmy	_	_	_	
8-67	2116-2123	l'huile	_	_	_	
8-68	2124-2128	avec	_	_	_	
8-69	2129-2132	une	_	_	_	
8-70	2133-2141	baguette	_	_	_	
8-71	2141-2142	,	_	_	_	
8-72	2143-2147	puis	_	_	_	
8-73	2148-2151	aye	_	_	_	
8-74	2152-2154	de	_	_	_	
8-75	2155-2160	l'eau	_	_	_	
8-76	2161-2165	rose	_	_	_	
8-77	2166-2173	musquée	_	_	_	
8-78	2174-2175	&	_	_	_	
8-79	2176-2181	prend	_	_	_	
8-80	2182-2185	les	_	_	_	
8-81	2186-2192	grands	_	_	_	
8-82	2192-2193	,	_	_	_	
8-83	2194-2195	&	_	_	_	
8-84	2196-2199	les	_	_	_	
8-85	2200-2208	broüille	_	_	_	
8-86	2209-2218	trés-bien	_	_	_	
8-87	2219-2227	d'icelle	_	_	_	
8-88	2228-2231	eau	_	_	_	
8-89	2232-2235	fur	_	_	_	
8-90	2236-2238	un	_	_	_	
8-91	2239-2247	tailloit	_	_	_	
8-92	2248-2254	laisse	_	_	_	
8-93	2255-2258	les	_	_	_	
8-94	2259-2266	seicher	_	_	_	
8-95	2266-2267	,	_	_	_	
8-96	2268-2269	&	_	_	_	
8-97	2270-2274	fait	_	_	_	
8-98	2275-2277	en	_	_	_	
8-99	2278-2283	cette	_	_	_	
8-100	2284-2291	maniere	_	_	_	
8-101	2292-2295	par	_	_	_	
8-102	2296-2301	trois	_	_	_	
8-103	2302-2304	où	_	_	_	
8-104	2305-2311	quatre	_	_	_	
8-105	2312-2316	fois	_	_	_	
8-106	2316-2317	,	_	_	_	
8-107	2318-2319	&	_	_	_	
8-108	2320-2322	la	_	_	_	
8-109	2323-2330	dernier	_	_	_	
8-110	2331-2335	fois	_	_	_	
8-111	2336-2339	que	_	_	_	
8-112	2340-2343	les	_	_	_	
8-113	2344-2350	Grands	_	_	_	
8-114	2351-2357	seront	_	_	_	
8-115	2358-2365	essuyez	_	_	_	
8-116	2365-2366	,	_	_	_	
8-117	2367-2373	loingt	_	_	_	
8-118	2374-2377	les	_	_	_	
8-119	2378-2380	de	_	_	_	
8-120	2381-2388	l'huile	_	_	_	
8-121	2389-2397	susdites	_	_	_	
8-122	2397-2398	,	_	_	_	
8-123	2399-2400	&	_	_	_	
8-124	2401-2403	tu	_	_	_	
8-125	2404-2410	verras	_	_	_	
8-126	2411-2417	qu'ils	_	_	_	
8-127	2418-2427	prendront	_	_	_	
8-128	2427-2428	.	_	_	_	

#Text=Encore de làdite huille tu peu oindrelles mains quelque fois, & elle te les rendra bien mollettes, reluisante, & de bonne odeur pour mieux encore entretenir le parfum de tes gans par dedans quand tu les mettras.
9-1	2430-2436	Encore	_	_	_	
9-2	2437-2439	de	_	_	_	
9-3	2440-2446	làdite	_	_	_	
9-4	2447-2453	huille	Smell\_Source	_	_	
9-5	2454-2456	tu	_	_	_	
9-6	2457-2460	peu	_	_	_	
9-7	2461-2471	oindrelles	Circumstances[5]	_	_	
9-8	2472-2477	mains	Circumstances[5]	_	_	
9-9	2478-2485	quelque	Circumstances[5]	_	_	
9-10	2486-2490	fois	Circumstances[5]	_	_	
9-11	2490-2491	,	_	_	_	
9-12	2492-2493	&	_	_	_	
9-13	2494-2498	elle	_	_	_	
9-14	2499-2501	te	_	_	_	
9-15	2502-2505	les	_	_	_	
9-16	2506-2512	rendra	_	_	_	
9-17	2513-2517	bien	_	_	_	
9-18	2518-2527	mollettes	_	_	_	
9-19	2527-2528	,	_	_	_	
9-20	2529-2539	reluisante	_	_	_	
9-21	2539-2540	,	_	_	_	
9-22	2541-2542	&	_	_	_	
9-23	2543-2545	de	_	_	_	
9-24	2546-2551	bonne	Quality	_	_	
9-25	2552-2557	odeur	Smell\_Word	*|*|*|*	9-24|9-4|9-7[5_0]|9-29[6_0]	
9-26	2558-2562	pour	_	_	_	
9-27	2563-2568	mieux	_	_	_	
9-28	2569-2575	encore	_	_	_	
9-29	2576-2586	entretenir	Effect[6]	_	_	
9-30	2587-2589	le	Effect[6]	_	_	
9-31	2590-2596	parfum	Effect[6]|Smell\_Word[7]	*	9-34[8_7]	
9-32	2597-2599	de	Effect[6]	_	_	
9-33	2600-2603	tes	Effect[6]	_	_	
9-34	2604-2608	gans	Effect[6]|Odour\_Carrier[8]	_	_	
9-35	2609-2612	par	_	_	_	
9-36	2613-2619	dedans	_	_	_	
9-37	2620-2625	quand	_	_	_	
9-38	2626-2628	tu	_	_	_	
9-39	2629-2632	les	_	_	_	
9-40	2633-2640	mettras	_	_	_	
9-41	2640-2641	.	_	_	_	

#Text=Parfums sins.
10-1	2643-2650	Parfums	_	_	_	
10-2	2651-2655	sins	_	_	_	
10-3	2655-2656	.	_	_	_	

#Text=Prend trois once s de benjoin, trois onces de storax calamita, poudroyé-le tout ensemble bien délié, une once de charbon de saux, mette, & s'éteint en eau rose, pulverisé-le avec la quatriéme partie de bois d'aloës, & demie once de sablon détrempé fort delié.
11-1	2658-2663	Prend	_	_	_	
11-2	2664-2669	trois	_	_	_	
11-3	2670-2674	once	_	_	_	
11-4	2675-2676	s	_	_	_	
11-5	2677-2679	de	_	_	_	
11-6	2680-2687	benjoin	Smell\_Source	_	_	
11-7	2687-2688	,	_	_	_	
11-8	2689-2694	trois	_	_	_	
11-9	2695-2700	onces	_	_	_	
11-10	2701-2703	de	_	_	_	
11-11	2704-2710	storax	Smell\_Source[9]	_	_	
11-12	2711-2719	calamita	Smell\_Source[9]	_	_	
11-13	2719-2720	,	_	_	_	
11-14	2721-2732	poudroyé-le	_	_	_	
11-15	2733-2737	tout	_	_	_	
11-16	2738-2746	ensemble	_	_	_	
11-17	2747-2751	bien	_	_	_	
11-18	2752-2757	délié	_	_	_	
11-19	2757-2758	,	_	_	_	
11-20	2759-2762	une	_	_	_	
11-21	2763-2767	once	_	_	_	
11-22	2768-2770	de	_	_	_	
11-23	2771-2778	charbon	Smell\_Source[10]	_	_	
11-24	2779-2781	de	Smell\_Source[10]	_	_	
11-25	2782-2786	saux	Smell\_Source[10]	_	_	
11-26	2786-2787	,	_	_	_	
11-27	2788-2793	mette	_	_	_	
11-28	2793-2794	,	_	_	_	
11-29	2795-2796	&	_	_	_	
11-30	2797-2805	s'éteint	_	_	_	
11-31	2806-2808	en	_	_	_	
11-32	2809-2812	eau	Smell\_Source[11]	_	_	
11-33	2813-2817	rose	Smell\_Source[11]	_	_	
11-34	2817-2818	,	_	_	_	
11-35	2819-2831	pulverisé-le	_	_	_	
11-36	2832-2836	avec	_	_	_	
11-37	2837-2839	la	_	_	_	
11-38	2840-2849	quatriéme	_	_	_	
11-39	2850-2856	partie	_	_	_	
11-40	2857-2859	de	_	_	_	
11-41	2860-2864	bois	Smell\_Source[12]	_	_	
11-42	2865-2872	d'aloës	Smell\_Source[12]	_	_	
11-43	2872-2873	,	_	_	_	
11-44	2874-2875	&	_	_	_	
11-45	2876-2881	demie	_	_	_	
11-46	2882-2886	once	_	_	_	
11-47	2887-2889	de	_	_	_	
11-48	2890-2896	sablon	Smell\_Source[13]	_	_	
11-49	2897-2905	détrempé	Smell\_Source[13]	_	_	
11-50	2906-2910	fort	_	_	_	
11-51	2911-2916	delié	_	_	_	
11-52	2916-2917	.	_	_	_	

#Text=Les choses susdites faut que tules mêle ensemble, & incorpore avec gomme de dragant détrempe en eau rose, de cette pâte useras pour parfum.
12-1	2918-2921	Les	_	_	_	
12-2	2922-2928	choses	_	_	_	
12-3	2929-2937	susdites	_	_	_	
12-4	2938-2942	faut	_	_	_	
12-5	2943-2946	que	_	_	_	
12-6	2947-2952	tules	_	_	_	
12-7	2953-2957	mêle	_	_	_	
12-8	2958-2966	ensemble	_	_	_	
12-9	2966-2967	,	_	_	_	
12-10	2968-2969	&	_	_	_	
12-11	2970-2979	incorpore	_	_	_	
12-12	2980-2984	avec	_	_	_	
12-13	2985-2990	gomme	Smell\_Source[14]	_	_	
12-14	2991-2993	de	Smell\_Source[14]	_	_	
12-15	2994-3001	dragant	Smell\_Source[14]	_	_	
12-16	3002-3010	détrempe	_	_	_	
12-17	3011-3013	en	_	_	_	
12-18	3014-3017	eau	_	_	_	
12-19	3018-3022	rose	_	_	_	
12-20	3022-3023	,	_	_	_	
12-21	3024-3026	de	_	_	_	
12-22	3027-3032	cette	_	_	_	
12-23	3033-3037	pâte	_	_	_	
12-24	3038-3044	useras	_	_	_	
12-25	3045-3049	pour	_	_	_	
12-26	3050-3056	parfum	Smell\_Word	*|*|*|*|*|*|*	12-13[14_0]|11-48[13_0]|11-23[10_0]|11-41[12_0]|11-6|11-11[9_0]|11-32[11_0]	
12-27	3056-3057	.	_	_	_	

#Text=Pour faire savon rosat pour mettre en boettes.
13-1	3059-3063	Pour	_	_	_	
13-2	3064-3069	faire	_	_	_	
13-3	3070-3075	savon	_	_	_	
13-4	3076-3081	rosat	_	_	_	
13-5	3082-3086	pour	_	_	_	
13-6	3087-3093	mettre	_	_	_	
13-7	3094-3096	en	_	_	_	
13-8	3097-3104	boettes	_	_	_	
13-9	3104-3105	.	_	_	_	

#Text=Prend savon détrempé par plusieurs fois en eau rose, puis aye boutons de roses de provins taillez bien menu, & chacun jour met desdites roses coupées avec le savon, quand sera au soleil, & tu feras cela par quatre jours, puis quand tu le voudras mettre en boëtes où petits vaisseaux, aye une once & demie de poudre de clou, & la quatriéme partie d'yris de Florence bien pulverisé, cicotriné avec un peu de benjoin, faut que tu mesle le tout parmy le savon sçachez que pour chacune livre de savon, faut une livre & demie de roses, & quand
#Text=
#Text=cu les mets avec ledit savon, veulent étre coupees de frais, & par fois y mettre de l'eau rose en mêlant, & pillant continuellement.
14-1	3107-3112	Prend	_	_	_	
14-2	3113-3118	savon	_	_	_	
14-3	3119-3127	détrempé	_	_	_	
14-4	3128-3131	par	_	_	_	
14-5	3132-3141	plusieurs	_	_	_	
14-6	3142-3146	fois	_	_	_	
14-7	3147-3149	en	_	_	_	
14-8	3150-3153	eau	_	_	_	
14-9	3154-3158	rose	_	_	_	
14-10	3158-3159	,	_	_	_	
14-11	3160-3164	puis	_	_	_	
14-12	3165-3168	aye	_	_	_	
14-13	3169-3176	boutons	_	_	_	
14-14	3177-3179	de	_	_	_	
14-15	3180-3185	roses	_	_	_	
14-16	3186-3188	de	_	_	_	
14-17	3189-3196	provins	_	_	_	
14-18	3197-3204	taillez	_	_	_	
14-19	3205-3209	bien	_	_	_	
14-20	3210-3214	menu	_	_	_	
14-21	3214-3215	,	_	_	_	
14-22	3216-3217	&	_	_	_	
14-23	3218-3224	chacun	_	_	_	
14-24	3225-3229	jour	_	_	_	
14-25	3230-3233	met	_	_	_	
14-26	3234-3242	desdites	_	_	_	
14-27	3243-3248	roses	_	_	_	
14-28	3249-3256	coupées	_	_	_	
14-29	3257-3261	avec	_	_	_	
14-30	3262-3264	le	_	_	_	
14-31	3265-3270	savon	_	_	_	
14-32	3270-3271	,	_	_	_	
14-33	3272-3277	quand	_	_	_	
14-34	3278-3282	sera	_	_	_	
14-35	3283-3285	au	_	_	_	
14-36	3286-3292	soleil	_	_	_	
14-37	3292-3293	,	_	_	_	
14-38	3294-3295	&	_	_	_	
14-39	3296-3298	tu	_	_	_	
14-40	3299-3304	feras	_	_	_	
14-41	3305-3309	cela	_	_	_	
14-42	3310-3313	par	_	_	_	
14-43	3314-3320	quatre	_	_	_	
14-44	3321-3326	jours	_	_	_	
14-45	3326-3327	,	_	_	_	
14-46	3328-3332	puis	_	_	_	
14-47	3333-3338	quand	_	_	_	
14-48	3339-3341	tu	_	_	_	
14-49	3342-3344	le	_	_	_	
14-50	3345-3352	voudras	_	_	_	
14-51	3353-3359	mettre	_	_	_	
14-52	3360-3362	en	_	_	_	
14-53	3363-3369	boëtes	_	_	_	
14-54	3370-3372	où	_	_	_	
14-55	3373-3379	petits	_	_	_	
14-56	3380-3389	vaisseaux	_	_	_	
14-57	3389-3390	,	_	_	_	
14-58	3391-3394	aye	_	_	_	
14-59	3395-3398	une	_	_	_	
14-60	3399-3403	once	_	_	_	
14-61	3404-3405	&	_	_	_	
14-62	3406-3411	demie	_	_	_	
14-63	3412-3414	de	_	_	_	
14-64	3415-3421	poudre	_	_	_	
14-65	3422-3424	de	_	_	_	
14-66	3425-3429	clou	_	_	_	
14-67	3429-3430	,	_	_	_	
14-68	3431-3432	&	_	_	_	
14-69	3433-3435	la	_	_	_	
14-70	3436-3445	quatriéme	_	_	_	
14-71	3446-3452	partie	_	_	_	
14-72	3453-3459	d'yris	_	_	_	
14-73	3460-3462	de	_	_	_	
14-74	3463-3471	Florence	_	_	_	
14-75	3472-3476	bien	_	_	_	
14-76	3477-3486	pulverisé	_	_	_	
14-77	3486-3487	,	_	_	_	
14-78	3488-3497	cicotriné	_	_	_	
14-79	3498-3502	avec	_	_	_	
14-80	3503-3505	un	_	_	_	
14-81	3506-3509	peu	_	_	_	
14-82	3510-3512	de	_	_	_	
14-83	3513-3520	benjoin	_	_	_	
14-84	3520-3521	,	_	_	_	
14-85	3522-3526	faut	_	_	_	
14-86	3527-3530	que	_	_	_	
14-87	3531-3533	tu	_	_	_	
14-88	3534-3539	mesle	_	_	_	
14-89	3540-3542	le	_	_	_	
14-90	3543-3547	tout	_	_	_	
14-91	3548-3553	parmy	_	_	_	
14-92	3554-3556	le	_	_	_	
14-93	3557-3562	savon	_	_	_	
14-94	3563-3570	sçachez	_	_	_	
14-95	3571-3574	que	_	_	_	
14-96	3575-3579	pour	_	_	_	
14-97	3580-3587	chacune	_	_	_	
14-98	3588-3593	livre	_	_	_	
14-99	3594-3596	de	_	_	_	
14-100	3597-3602	savon	_	_	_	
14-101	3602-3603	,	_	_	_	
14-102	3604-3608	faut	_	_	_	
14-103	3609-3612	une	_	_	_	
14-104	3613-3618	livre	_	_	_	
14-105	3619-3620	&	_	_	_	
14-106	3621-3626	demie	_	_	_	
14-107	3627-3629	de	_	_	_	
14-108	3630-3635	roses	_	_	_	
14-109	3635-3636	,	_	_	_	
14-110	3637-3638	&	_	_	_	
14-111	3639-3644	quand	_	_	_	
14-112	3646-3648	cu	_	_	_	
14-113	3649-3652	les	_	_	_	
14-114	3653-3657	mets	_	_	_	
14-115	3658-3662	avec	_	_	_	
14-116	3663-3668	ledit	_	_	_	
14-117	3669-3674	savon	_	_	_	
14-118	3674-3675	,	_	_	_	
14-119	3676-3683	veulent	_	_	_	
14-120	3684-3688	étre	_	_	_	
14-121	3689-3696	coupees	_	_	_	
14-122	3697-3699	de	_	_	_	
14-123	3700-3705	frais	_	_	_	
14-124	3705-3706	,	_	_	_	
14-125	3707-3708	&	_	_	_	
14-126	3709-3712	par	_	_	_	
14-127	3713-3717	fois	_	_	_	
14-128	3718-3719	y	_	_	_	
14-129	3720-3726	mettre	_	_	_	
14-130	3727-3729	de	_	_	_	
14-131	3730-3735	l'eau	_	_	_	
14-132	3736-3740	rose	_	_	_	
14-133	3741-3743	en	_	_	_	
14-134	3744-3750	mêlant	_	_	_	
14-135	3750-3751	,	_	_	_	
14-136	3752-3753	&	_	_	_	
14-137	3754-3761	pillant	_	_	_	
14-138	3762-3777	continuellement	_	_	_	
14-139	3777-3778	.	_	_	_	

#Text=Pour faire savon giroflate.
15-1	3780-3784	Pour	_	_	_	
15-2	3785-3790	faire	_	_	_	
15-3	3791-3796	savon	_	_	_	
15-4	3797-3806	giroflate	_	_	_	
15-5	3806-3807	.	_	_	_	

#Text=Prend une livre de savon, met lattemper en eau rose au soleil par trois joure & aussi quand il te plaita faire ton savon aye une once & demie de clou de girofle bien battu, la moitié dudit clou mettras dans ton savon en mêlant bien diligemment l'autre moitié fait ce que s'ensuit.
16-1	3809-3814	Prend	_	_	_	
16-2	3815-3818	une	_	_	_	
16-3	3819-3824	livre	_	_	_	
16-4	3825-3827	de	_	_	_	
16-5	3828-3833	savon	_	_	_	
16-6	3833-3834	,	_	_	_	
16-7	3835-3838	met	_	_	_	
16-8	3839-3848	lattemper	_	_	_	
16-9	3849-3851	en	_	_	_	
16-10	3852-3855	eau	_	_	_	
16-11	3856-3860	rose	Smell\_Source	_	_	
16-12	3861-3863	au	_	_	_	
16-13	3864-3870	soleil	_	_	_	
16-14	3871-3874	par	_	_	_	
16-15	3875-3880	trois	_	_	_	
16-16	3881-3886	joure	_	_	_	
16-17	3887-3888	&	_	_	_	
16-18	3889-3894	aussi	_	_	_	
16-19	3895-3900	quand	_	_	_	
16-20	3901-3903	il	_	_	_	
16-21	3904-3906	te	_	_	_	
16-22	3907-3913	plaita	_	_	_	
16-23	3914-3919	faire	_	_	_	
16-24	3920-3923	ton	_	_	_	
16-25	3924-3929	savon	_	_	_	
16-26	3930-3933	aye	_	_	_	
16-27	3934-3937	une	_	_	_	
16-28	3938-3942	once	_	_	_	
16-29	3943-3944	&	_	_	_	
16-30	3945-3950	demie	_	_	_	
16-31	3951-3953	de	_	_	_	
16-32	3954-3958	clou	Smell\_Source[15]	_	_	
16-33	3959-3961	de	Smell\_Source[15]	_	_	
16-34	3962-3969	girofle	Smell\_Source[15]	_	_	
16-35	3970-3974	bien	_	_	_	
16-36	3975-3980	battu	_	_	_	
16-37	3980-3981	,	_	_	_	
16-38	3982-3984	la	_	_	_	
16-39	3985-3991	moitié	_	_	_	
16-40	3992-3997	dudit	_	_	_	
16-41	3998-4002	clou	_	_	_	
16-42	4003-4010	mettras	_	_	_	
16-43	4011-4015	dans	_	_	_	
16-44	4016-4019	ton	_	_	_	
16-45	4020-4025	savon	_	_	_	
16-46	4026-4028	en	_	_	_	
16-47	4029-4035	mêlant	_	_	_	
16-48	4036-4040	bien	_	_	_	
16-49	4041-4052	diligemment	_	_	_	
16-50	4053-4060	l'autre	_	_	_	
16-51	4061-4067	moitié	_	_	_	
16-52	4068-4072	fait	_	_	_	
16-53	4073-4075	ce	_	_	_	
16-54	4076-4079	que	_	_	_	
16-55	4080-4088	s'ensuit	_	_	_	
16-56	4088-4089	.	_	_	_	

#Text=Aye un petit pot avec cau rose & le fait boüillir au feu, & quand commencera à boüillir, met le reste de poudre de girofle dedans, & ôte le pot du feu & le couvre trés bien jusqu'à ce que le boüillon soit cessé, & que l'eau soit attiedie, puis remuë avec une buchette, & ainsi remuant mêle ton savon.
17-1	4090-4093	Aye	_	_	_	
17-2	4094-4096	un	_	_	_	
17-3	4097-4102	petit	_	_	_	
17-4	4103-4106	pot	_	_	_	
17-5	4107-4111	avec	_	_	_	
17-6	4112-4115	cau	_	_	_	
17-7	4116-4120	rose	_	_	_	
17-8	4121-4122	&	_	_	_	
17-9	4123-4125	le	_	_	_	
17-10	4126-4130	fait	_	_	_	
17-11	4131-4139	boüillir	_	_	_	
17-12	4140-4142	au	_	_	_	
17-13	4143-4146	feu	_	_	_	
17-14	4146-4147	,	_	_	_	
17-15	4148-4149	&	_	_	_	
17-16	4150-4155	quand	_	_	_	
17-17	4156-4166	commencera	_	_	_	
17-18	4167-4168	à	_	_	_	
17-19	4169-4177	boüillir	_	_	_	
17-20	4177-4178	,	_	_	_	
17-21	4179-4182	met	_	_	_	
17-22	4183-4185	le	_	_	_	
17-23	4186-4191	reste	_	_	_	
17-24	4192-4194	de	_	_	_	
17-25	4195-4201	poudre	Smell\_Source[16]	_	_	
17-26	4202-4204	de	Smell\_Source[16]	_	_	
17-27	4205-4212	girofle	Smell\_Source[16]	_	_	
17-28	4213-4219	dedans	_	_	_	
17-29	4219-4220	,	_	_	_	
17-30	4221-4222	&	_	_	_	
17-31	4223-4226	ôte	_	_	_	
17-32	4227-4229	le	_	_	_	
17-33	4230-4233	pot	_	_	_	
17-34	4234-4236	du	_	_	_	
17-35	4237-4240	feu	_	_	_	
17-36	4241-4242	&	_	_	_	
17-37	4243-4245	le	_	_	_	
17-38	4246-4252	couvre	_	_	_	
17-39	4253-4257	trés	_	_	_	
17-40	4258-4262	bien	_	_	_	
17-41	4263-4270	jusqu'à	_	_	_	
17-42	4271-4273	ce	_	_	_	
17-43	4274-4277	que	_	_	_	
17-44	4278-4280	le	_	_	_	
17-45	4281-4289	boüillon	_	_	_	
17-46	4290-4294	soit	_	_	_	
17-47	4295-4300	cessé	_	_	_	
17-48	4300-4301	,	_	_	_	
17-49	4302-4303	&	_	_	_	
17-50	4304-4307	que	_	_	_	
17-51	4308-4313	l'eau	_	_	_	
17-52	4314-4318	soit	_	_	_	
17-53	4319-4327	attiedie	_	_	_	
17-54	4327-4328	,	_	_	_	
17-55	4329-4333	puis	_	_	_	
17-56	4334-4339	remuë	_	_	_	
17-57	4340-4344	avec	_	_	_	
17-58	4345-4348	une	_	_	_	
17-59	4349-4357	buchette	_	_	_	
17-60	4357-4358	,	_	_	_	
17-61	4359-4360	&	_	_	_	
17-62	4361-4366	ainsi	_	_	_	
17-63	4367-4374	remuant	_	_	_	
17-64	4375-4379	mêle	_	_	_	
17-65	4380-4383	ton	_	_	_	
17-66	4384-4389	savon	_	_	_	
17-67	4389-4390	.	_	_	_	

#Text=Et si tu y veux ajoûter un peu de benjoin, tu le peux faire ainsi, tu mettras ton savon dedans la boëte, & il prendra forme & odeur.
18-1	4391-4393	Et	_	_	_	
18-2	4394-4396	si	_	_	_	
18-3	4397-4399	tu	_	_	_	
18-4	4400-4401	y	_	_	_	
18-5	4402-4406	veux	_	_	_	
18-6	4407-4414	ajoûter	_	_	_	
18-7	4415-4417	un	_	_	_	
18-8	4418-4421	peu	_	_	_	
18-9	4422-4424	de	_	_	_	
18-10	4425-4432	benjoin	_	_	_	
18-11	4432-4433	,	_	_	_	
18-12	4434-4436	tu	_	_	_	
18-13	4437-4439	le	_	_	_	
18-14	4440-4444	peux	_	_	_	
18-15	4445-4450	faire	_	_	_	
18-16	4451-4456	ainsi	_	_	_	
18-17	4456-4457	,	_	_	_	
18-18	4458-4460	tu	_	_	_	
18-19	4461-4468	mettras	_	_	_	
18-20	4469-4472	ton	_	_	_	
18-21	4473-4478	savon	Smell\_Source	_	_	
18-22	4479-4485	dedans	_	_	_	
18-23	4486-4488	la	_	_	_	
18-24	4489-4494	boëte	_	_	_	
18-25	4494-4495	,	_	_	_	
18-26	4496-4497	&	_	_	_	
18-27	4498-4500	il	_	_	_	
18-28	4501-4508	prendra	_	_	_	
18-29	4509-4514	forme	_	_	_	
18-30	4515-4516	&	_	_	_	
18-31	4517-4522	odeur	Smell\_Word	*|*|*|*	18-21|16-32[15_0]|16-11|17-25[16_0]	
18-32	4522-4523	.	_	_	_	

#Text=Paste d'ambre fine.
19-1	4525-4530	Paste	_	_	_	
19-2	4531-4538	d'ambre	_	_	_	
19-3	4539-4543	fine	_	_	_	
19-4	4543-4544	.	_	_	_	

#Text=Recipe storax calamita deux once; ladanum quatre onces, jus de florence demie once, benjoin deux onces de
#Text=
#Text=muguette avec un peu de musc fin, toutes les choses susdites soient bien pulverisées & incorporées avec gomme de dragant deffaite en eau rose, & avec ledit dragant si tu y peu mettre encore un peu de gomme arabic, & laisse la tout ainsi tremper toute une nuit, jusque à ce que le tout soit bien incorporé & qu'il semble de cire, voilà comme on sçait la paste d'ambre.
20-1	4546-4552	Recipe	_	_	_	
20-2	4553-4559	storax	_	_	_	
20-3	4560-4568	calamita	_	_	_	
20-4	4569-4573	deux	_	_	_	
20-5	4574-4578	once	_	_	_	
20-6	4578-4579	;	_	_	_	
20-7	4580-4587	ladanum	_	_	_	
20-8	4588-4594	quatre	_	_	_	
20-9	4595-4600	onces	_	_	_	
20-10	4600-4601	,	_	_	_	
20-11	4602-4605	jus	_	_	_	
20-12	4606-4608	de	_	_	_	
20-13	4609-4617	florence	_	_	_	
20-14	4618-4623	demie	_	_	_	
20-15	4624-4628	once	_	_	_	
20-16	4628-4629	,	_	_	_	
20-17	4630-4637	benjoin	_	_	_	
20-18	4638-4642	deux	_	_	_	
20-19	4643-4648	onces	_	_	_	
20-20	4649-4651	de	_	_	_	
20-21	4653-4661	muguette	_	_	_	
20-22	4662-4666	avec	_	_	_	
20-23	4667-4669	un	_	_	_	
20-24	4670-4673	peu	_	_	_	
20-25	4674-4676	de	_	_	_	
20-26	4677-4681	musc	_	_	_	
20-27	4682-4685	fin	_	_	_	
20-28	4685-4686	,	_	_	_	
20-29	4687-4693	toutes	_	_	_	
20-30	4694-4697	les	_	_	_	
20-31	4698-4704	choses	_	_	_	
20-32	4705-4713	susdites	_	_	_	
20-33	4714-4720	soient	_	_	_	
20-34	4721-4725	bien	_	_	_	
20-35	4726-4737	pulverisées	_	_	_	
20-36	4738-4739	&	_	_	_	
20-37	4740-4751	incorporées	_	_	_	
20-38	4752-4756	avec	_	_	_	
20-39	4757-4762	gomme	_	_	_	
20-40	4763-4765	de	_	_	_	
20-41	4766-4773	dragant	_	_	_	
20-42	4774-4782	deffaite	_	_	_	
20-43	4783-4785	en	_	_	_	
20-44	4786-4789	eau	_	_	_	
20-45	4790-4794	rose	_	_	_	
20-46	4794-4795	,	_	_	_	
20-47	4796-4797	&	_	_	_	
20-48	4798-4802	avec	_	_	_	
20-49	4803-4808	ledit	_	_	_	
20-50	4809-4816	dragant	_	_	_	
20-51	4817-4819	si	_	_	_	
20-52	4820-4822	tu	_	_	_	
20-53	4823-4824	y	_	_	_	
20-54	4825-4828	peu	_	_	_	
20-55	4829-4835	mettre	_	_	_	
20-56	4836-4842	encore	_	_	_	
20-57	4843-4845	un	_	_	_	
20-58	4846-4849	peu	_	_	_	
20-59	4850-4852	de	_	_	_	
20-60	4853-4858	gomme	_	_	_	
20-61	4859-4865	arabic	_	_	_	
20-62	4865-4866	,	_	_	_	
20-63	4867-4868	&	_	_	_	
20-64	4869-4875	laisse	_	_	_	
20-65	4876-4878	la	_	_	_	
20-66	4879-4883	tout	_	_	_	
20-67	4884-4889	ainsi	_	_	_	
20-68	4890-4897	tremper	_	_	_	
20-69	4898-4903	toute	_	_	_	
20-70	4904-4907	une	_	_	_	
20-71	4908-4912	nuit	_	_	_	
20-72	4912-4913	,	_	_	_	
20-73	4914-4920	jusque	_	_	_	
20-74	4921-4922	à	_	_	_	
20-75	4923-4925	ce	_	_	_	
20-76	4926-4929	que	_	_	_	
20-77	4930-4932	le	_	_	_	
20-78	4933-4937	tout	_	_	_	
20-79	4938-4942	soit	_	_	_	
20-80	4943-4947	bien	_	_	_	
20-81	4948-4957	incorporé	_	_	_	
20-82	4958-4959	&	_	_	_	
20-83	4960-4965	qu'il	_	_	_	
20-84	4966-4972	semble	_	_	_	
20-85	4973-4975	de	_	_	_	
20-86	4976-4980	cire	_	_	_	
20-87	4980-4981	,	_	_	_	
20-88	4982-4987	voilà	_	_	_	
20-89	4988-4993	comme	_	_	_	
20-90	4994-4996	on	_	_	_	
20-91	4997-5002	sçait	_	_	_	
20-92	5003-5005	la	_	_	_	
20-93	5006-5011	paste	_	_	_	
20-94	5012-5019	d'ambre	_	_	_	
20-95	5019-5020	.	_	_	_	

#Text=Oyselets da Cypri.
21-1	5022-5030	Oyselets	_	_	_	
21-2	5031-5033	da	_	_	_	
21-3	5034-5039	Cypri	_	_	_	
21-4	5039-5040	.	_	_	_	

#Text=Prend trois onces de benjoin, & autant de storax calamita, une once de chardon doux, une once de myrrhe, demie once de fin aloës le tout bien pilé & cicotriné, puis aye la quarte part de gomme dragan détrempé en eau rose fine l'espace d'une nuit, incorporée les susdites choses avec le dragan, & le tout bien manié & mêlé, faits en oyselets en forme de chausses trappes, & ils seront bien odorans.
22-1	5042-5047	Prend	_	_	_	
22-2	5048-5053	trois	_	_	_	
22-3	5054-5059	onces	_	_	_	
22-4	5060-5062	de	_	_	_	
22-5	5063-5070	benjoin	Smell\_Source	_	_	
22-6	5070-5071	,	_	_	_	
22-7	5072-5073	&	_	_	_	
22-8	5074-5080	autant	_	_	_	
22-9	5081-5083	de	_	_	_	
22-10	5084-5090	storax	Smell\_Source[17]	_	_	
22-11	5091-5099	calamita	Smell\_Source[17]	_	_	
22-12	5099-5100	,	_	_	_	
22-13	5101-5104	une	_	_	_	
22-14	5105-5109	once	_	_	_	
22-15	5110-5112	de	_	_	_	
22-16	5113-5120	chardon	Smell\_Source[18]	_	_	
22-17	5121-5125	doux	Smell\_Source[18]	_	_	
22-18	5125-5126	,	_	_	_	
22-19	5127-5130	une	_	_	_	
22-20	5131-5135	once	_	_	_	
22-21	5136-5138	de	_	_	_	
22-22	5139-5145	myrrhe	Smell\_Source	_	_	
22-23	5145-5146	,	_	_	_	
22-24	5147-5152	demie	_	_	_	
22-25	5153-5157	once	_	_	_	
22-26	5158-5160	de	_	_	_	
22-27	5161-5164	fin	Smell\_Source[19]	_	_	
22-28	5165-5170	aloës	Smell\_Source[19]	_	_	
22-29	5171-5173	le	_	_	_	
22-30	5174-5178	tout	_	_	_	
22-31	5179-5183	bien	_	_	_	
22-32	5184-5188	pilé	_	_	_	
22-33	5189-5190	&	_	_	_	
22-34	5191-5200	cicotriné	_	_	_	
22-35	5200-5201	,	_	_	_	
22-36	5202-5206	puis	_	_	_	
22-37	5207-5210	aye	_	_	_	
22-38	5211-5213	la	_	_	_	
22-39	5214-5220	quarte	_	_	_	
22-40	5221-5225	part	_	_	_	
22-41	5226-5228	de	_	_	_	
22-42	5229-5234	gomme	Smell\_Source[20]	_	_	
22-43	5235-5241	dragan	Smell\_Source[20]	_	_	
22-44	5242-5250	détrempé	_	_	_	
22-45	5251-5253	en	_	_	_	
22-46	5254-5257	eau	Smell\_Source[21]	_	_	
22-47	5258-5262	rose	Smell\_Source[21]	_	_	
22-48	5263-5267	fine	_	_	_	
22-49	5268-5276	l'espace	_	_	_	
22-50	5277-5282	d'une	_	_	_	
22-51	5283-5287	nuit	_	_	_	
22-52	5287-5288	,	_	_	_	
22-53	5289-5299	incorporée	_	_	_	
22-54	5300-5303	les	_	_	_	
22-55	5304-5312	susdites	_	_	_	
22-56	5313-5319	choses	_	_	_	
22-57	5320-5324	avec	_	_	_	
22-58	5325-5327	le	_	_	_	
22-59	5328-5334	dragan	Smell\_Source	_	_	
22-60	5334-5335	,	_	_	_	
22-61	5336-5337	&	_	_	_	
22-62	5338-5340	le	_	_	_	
22-63	5341-5345	tout	_	_	_	
22-64	5346-5350	bien	_	_	_	
22-65	5351-5356	manié	_	_	_	
22-66	5357-5358	&	_	_	_	
22-67	5359-5363	mêlé	_	_	_	
22-68	5363-5364	,	_	_	_	
22-69	5365-5370	faits	_	_	_	
22-70	5371-5373	en	_	_	_	
22-71	5374-5382	oyselets	_	_	_	
22-72	5383-5385	en	_	_	_	
22-73	5386-5391	forme	_	_	_	
22-74	5392-5394	de	_	_	_	
22-75	5395-5403	chausses	_	_	_	
22-76	5404-5411	trappes	_	_	_	
22-77	5411-5412	,	_	_	_	
22-78	5413-5414	&	_	_	_	
22-79	5415-5418	ils	_	_	_	
22-80	5419-5425	seront	_	_	_	
22-81	5426-5430	bien	_	_	_	
22-82	5431-5438	odorans	Smell\_Word	*|*|*|*|*|*|*|*	22-59|22-42[20_0]|22-46[21_0]|22-5|22-10[17_0]|22-16[18_0]|22-22|22-27[19_0]	
22-83	5438-5439	.	_	_	_	

#Text=Pomade fine.
23-1	5441-5447	Pomade	_	_	_	
23-2	5448-5452	fine	_	_	_	
23-3	5452-5453	.	_	_	_	

#Text=Prend sain doux de porc frais ou de cerf pour le mieux, puis aye pommes de nouveau & racine de flambe où iris Florance, deffaits ledit sain de cerf, mets y dedans les pommes bien pillée, &
#Text=
#Text=aprés que tout sera bien pétry ajoûtésy un peu de poudre de clou & de cannelle, avec ton iris bien cicotriné, mêlé & deffaits bien le tout ensemble, puis mets ladite composition en linge deslié, & laisse reposer dedans eau claire, aprés delaye en eau rose bien odorante, & la lave en ladite eau neuf fois, voilà ta pommade bonne.
24-1	5455-5460	Prend	_	_	_	
24-2	5461-5465	sain	_	_	_	
24-3	5466-5470	doux	_	_	_	
24-4	5471-5473	de	_	_	_	
24-5	5474-5478	porc	_	_	_	
24-6	5479-5484	frais	_	_	_	
24-7	5485-5487	ou	_	_	_	
24-8	5488-5490	de	_	_	_	
24-9	5491-5495	cerf	_	_	_	
24-10	5496-5500	pour	_	_	_	
24-11	5501-5503	le	_	_	_	
24-12	5504-5509	mieux	_	_	_	
24-13	5509-5510	,	_	_	_	
24-14	5511-5515	puis	_	_	_	
24-15	5516-5519	aye	_	_	_	
24-16	5520-5526	pommes	_	_	_	
24-17	5527-5529	de	_	_	_	
24-18	5530-5537	nouveau	_	_	_	
24-19	5538-5539	&	_	_	_	
24-20	5540-5546	racine	_	_	_	
24-21	5547-5549	de	_	_	_	
24-22	5550-5556	flambe	_	_	_	
24-23	5557-5559	où	_	_	_	
24-24	5560-5564	iris	_	_	_	
24-25	5565-5573	Florance	_	_	_	
24-26	5573-5574	,	_	_	_	
24-27	5575-5583	deffaits	_	_	_	
24-28	5584-5589	ledit	_	_	_	
24-29	5590-5594	sain	_	_	_	
24-30	5595-5597	de	_	_	_	
24-31	5598-5602	cerf	_	_	_	
24-32	5602-5603	,	_	_	_	
24-33	5604-5608	mets	_	_	_	
24-34	5609-5610	y	_	_	_	
24-35	5611-5617	dedans	_	_	_	
24-36	5618-5621	les	_	_	_	
24-37	5622-5628	pommes	_	_	_	
24-38	5629-5633	bien	_	_	_	
24-39	5634-5640	pillée	_	_	_	
24-40	5640-5641	,	_	_	_	
24-41	5642-5643	&	_	_	_	
24-42	5645-5650	aprés	_	_	_	
24-43	5651-5654	que	_	_	_	
24-44	5655-5659	tout	_	_	_	
24-45	5660-5664	sera	_	_	_	
24-46	5665-5669	bien	_	_	_	
24-47	5670-5675	pétry	_	_	_	
24-48	5676-5684	ajoûtésy	_	_	_	
24-49	5685-5687	un	_	_	_	
24-50	5688-5691	peu	_	_	_	
24-51	5692-5694	de	_	_	_	
24-52	5695-5701	poudre	_	_	_	
24-53	5702-5704	de	_	_	_	
24-54	5705-5709	clou	_	_	_	
24-55	5710-5711	&	_	_	_	
24-56	5712-5714	de	_	_	_	
24-57	5715-5723	cannelle	_	_	_	
24-58	5723-5724	,	_	_	_	
24-59	5725-5729	avec	_	_	_	
24-60	5730-5733	ton	_	_	_	
24-61	5734-5738	iris	_	_	_	
24-62	5739-5743	bien	_	_	_	
24-63	5744-5753	cicotriné	_	_	_	
24-64	5753-5754	,	_	_	_	
24-65	5755-5759	mêlé	_	_	_	
24-66	5760-5761	&	_	_	_	
24-67	5762-5770	deffaits	_	_	_	
24-68	5771-5775	bien	_	_	_	
24-69	5776-5778	le	_	_	_	
24-70	5779-5783	tout	_	_	_	
24-71	5784-5792	ensemble	_	_	_	
24-72	5792-5793	,	_	_	_	
24-73	5794-5798	puis	_	_	_	
24-74	5799-5803	mets	_	_	_	
24-75	5804-5810	ladite	_	_	_	
24-76	5811-5822	composition	_	_	_	
24-77	5823-5825	en	_	_	_	
24-78	5826-5831	linge	_	_	_	
24-79	5832-5838	deslié	_	_	_	
24-80	5838-5839	,	_	_	_	
24-81	5840-5841	&	_	_	_	
24-82	5842-5848	laisse	_	_	_	
24-83	5849-5856	reposer	_	_	_	
24-84	5857-5863	dedans	_	_	_	
24-85	5864-5867	eau	_	_	_	
24-86	5868-5874	claire	_	_	_	
24-87	5874-5875	,	_	_	_	
24-88	5876-5881	aprés	_	_	_	
24-89	5882-5888	delaye	_	_	_	
24-90	5889-5891	en	_	_	_	
24-91	5892-5895	eau	Smell\_Source[22]	_	_	
24-92	5896-5900	rose	Smell\_Source[22]	_	_	
24-93	5901-5905	bien	Quality[23]	_	_	
24-94	5906-5914	odorante	Quality[23]|Smell\_Word[24]	*|*	24-93[23_24]|24-91[22_24]	
24-95	5914-5915	,	_	_	_	
24-96	5916-5917	&	_	_	_	
24-97	5918-5920	la	_	_	_	
24-98	5921-5925	lave	_	_	_	
24-99	5926-5928	en	_	_	_	
24-100	5929-5935	ladite	_	_	_	
24-101	5936-5939	eau	_	_	_	
24-102	5940-5944	neuf	_	_	_	
24-103	5945-5949	fois	_	_	_	
24-104	5949-5950	,	_	_	_	
24-105	5951-5956	voilà	_	_	_	
24-106	5957-5959	ta	_	_	_	
24-107	5960-5967	pommade	_	_	_	
24-108	5968-5973	bonne	_	_	_	
24-109	5973-5974	.	_	_	_	

#Text=Huile edorante qui fait les mains sor-ples et delicate,
#Text=
#Text=& restraint la prau.
25-1	5976-5981	Huile	_	_	_	
25-2	5982-5990	edorante	_	_	_	
25-3	5991-5994	qui	_	_	_	
25-4	5995-5999	fait	_	_	_	
25-5	6000-6003	les	_	_	_	
25-6	6004-6009	mains	_	_	_	
25-7	6010-6018	sor-ples	_	_	_	
25-8	6019-6021	et	_	_	_	
25-9	6022-6030	delicate	_	_	_	
25-10	6030-6031	,	_	_	_	
25-11	6033-6034	&	_	_	_	
25-12	6035-6044	restraint	_	_	_	
25-13	6045-6047	la	_	_	_	
25-14	6048-6052	prau	_	_	_	
25-15	6052-6053	.	_	_	_	

#Text=Prend huile d'amandes deuces, mets dedans girofles entiers, & les laissere poser par l'espace de huit jours au soleil, puis de telle huile oingt toy les mains, & tu verras l'effet susdits.
26-1	6055-6060	Prend	_	_	_	
26-2	6061-6066	huile	_	_	_	
26-3	6067-6076	d'amandes	_	_	_	
26-4	6077-6083	deuces	_	_	_	
26-5	6083-6084	,	_	_	_	
26-6	6085-6089	mets	_	_	_	
26-7	6090-6096	dedans	_	_	_	
26-8	6097-6105	girofles	_	_	_	
26-9	6106-6113	entiers	_	_	_	
26-10	6113-6114	,	_	_	_	
26-11	6115-6116	&	_	_	_	
26-12	6117-6120	les	_	_	_	
26-13	6121-6129	laissere	_	_	_	
26-14	6130-6135	poser	_	_	_	
26-15	6136-6139	par	_	_	_	
26-16	6140-6148	l'espace	_	_	_	
26-17	6149-6151	de	_	_	_	
26-18	6152-6156	huit	_	_	_	
26-19	6157-6162	jours	_	_	_	
26-20	6163-6165	au	_	_	_	
26-21	6166-6172	soleil	_	_	_	
26-22	6172-6173	,	_	_	_	
26-23	6174-6178	puis	_	_	_	
26-24	6179-6181	de	_	_	_	
26-25	6182-6187	telle	_	_	_	
26-26	6188-6193	huile	_	_	_	
26-27	6194-6199	oingt	_	_	_	
26-28	6200-6203	toy	_	_	_	
26-29	6204-6207	les	_	_	_	
26-30	6208-6213	mains	_	_	_	
26-31	6213-6214	,	_	_	_	
26-32	6215-6216	&	_	_	_	
26-33	6217-6219	tu	_	_	_	
26-34	6220-6226	verras	_	_	_	
26-35	6227-6234	l'effet	_	_	_	
26-36	6235-6242	susdits	_	_	_	
26-37	6242-6243	.	_	_	_	

#Text=Saven pour les Barbiers à peu de srais.
27-1	6245-6250	Saven	_	_	_	
27-2	6251-6255	pour	_	_	_	
27-3	6256-6259	les	_	_	_	
27-4	6260-6268	Barbiers	_	_	_	
27-5	6269-6270	à	_	_	_	
27-6	6271-6274	peu	_	_	_	
27-7	6275-6277	de	_	_	_	
27-8	6278-6283	srais	_	_	_	
27-9	6283-6284	.	_	_	_	

#Text=Prend une livre d'eau rose fine, une d'eau de damas, & fleurs de citrons: mesle ces eaux ensemble, & mets trois treseaux de poudre de cypte, demy treizeaux de musc, & autant de civete une once de benjoin, le tout coutroyé, & mêle ensemble, puis mis en l'eau susditt dans une fiole de vetre, laquelle metteras reposer au soleil par deux jours & la tient toûjours étoupée.
28-1	6286-6291	Prend	_	_	_	
28-2	6292-6295	une	_	_	_	
28-3	6296-6301	livre	_	_	_	
28-4	6302-6307	d'eau	_	_	_	
28-5	6308-6312	rose	_	_	_	
28-6	6313-6317	fine	_	_	_	
28-7	6317-6318	,	_	_	_	
28-8	6319-6322	une	_	_	_	
28-9	6323-6328	d'eau	_	_	_	
28-10	6329-6331	de	_	_	_	
28-11	6332-6337	damas	_	_	_	
28-12	6337-6338	,	_	_	_	
28-13	6339-6340	&	_	_	_	
28-14	6341-6347	fleurs	_	_	_	
28-15	6348-6350	de	_	_	_	
28-16	6351-6358	citrons	_	_	_	
28-17	6358-6359	:	_	_	_	
28-18	6360-6365	mesle	_	_	_	
28-19	6366-6369	ces	_	_	_	
28-20	6370-6374	eaux	_	_	_	
28-21	6375-6383	ensemble	_	_	_	
28-22	6383-6384	,	_	_	_	
28-23	6385-6386	&	_	_	_	
28-24	6387-6391	mets	_	_	_	
28-25	6392-6397	trois	_	_	_	
28-26	6398-6406	treseaux	_	_	_	
28-27	6407-6409	de	_	_	_	
28-28	6410-6416	poudre	_	_	_	
28-29	6417-6419	de	_	_	_	
28-30	6420-6425	cypte	_	_	_	
28-31	6425-6426	,	_	_	_	
28-32	6427-6431	demy	_	_	_	
28-33	6432-6441	treizeaux	_	_	_	
28-34	6442-6444	de	_	_	_	
28-35	6445-6449	musc	_	_	_	
28-36	6449-6450	,	_	_	_	
28-37	6451-6452	&	_	_	_	
28-38	6453-6459	autant	_	_	_	
28-39	6460-6462	de	_	_	_	
28-40	6463-6469	civete	_	_	_	
28-41	6470-6473	une	_	_	_	
28-42	6474-6478	once	_	_	_	
28-43	6479-6481	de	_	_	_	
28-44	6482-6489	benjoin	_	_	_	
28-45	6489-6490	,	_	_	_	
28-46	6491-6493	le	_	_	_	
28-47	6494-6498	tout	_	_	_	
28-48	6499-6507	coutroyé	_	_	_	
28-49	6507-6508	,	_	_	_	
28-50	6509-6510	&	_	_	_	
28-51	6511-6515	mêle	_	_	_	
28-52	6516-6524	ensemble	_	_	_	
28-53	6524-6525	,	_	_	_	
28-54	6526-6530	puis	_	_	_	
28-55	6531-6534	mis	_	_	_	
28-56	6535-6537	en	_	_	_	
28-57	6538-6543	l'eau	_	_	_	
28-58	6544-6551	susditt	_	_	_	
28-59	6552-6556	dans	_	_	_	
28-60	6557-6560	une	_	_	_	
28-61	6561-6566	fiole	_	_	_	
28-62	6567-6569	de	_	_	_	
28-63	6570-6575	vetre	_	_	_	
28-64	6575-6576	,	_	_	_	
28-65	6577-6585	laquelle	_	_	_	
28-66	6586-6594	metteras	_	_	_	
28-67	6595-6602	reposer	_	_	_	
28-68	6603-6605	au	_	_	_	
28-69	6606-6612	soleil	_	_	_	
28-70	6613-6616	par	_	_	_	
28-71	6617-6621	deux	_	_	_	
28-72	6622-6627	jours	_	_	_	
28-73	6628-6629	&	_	_	_	
28-74	6630-6632	la	_	_	_	
28-75	6633-6638	tient	_	_	_	
28-76	6639-6647	toûjours	_	_	_	
28-77	6648-6655	étoupée	_	_	_	
28-78	6655-6656	.	_	_	_	

#Text=Parfums bon & odoriferans.
29-1	6658-6665	Parfums	Smell\_Word	*|*	29-2|29-4	
29-2	6666-6669	bon	Quality	_	_	
29-3	6670-6671	&	_	_	_	
29-4	6672-6683	odoriferans	Quality	_	_	
29-5	6683-6684	.	_	_	_	

#Text=Prend fleur de savon, ou savon de masquin tant qu'il en saut, tranche la en menuës pieces, & les mets tremper en eau rose, puis aye iris de florence pulverisé & clou de girofle bien battu, & le tout incorporé bien ensemble, & en faite pellotes de telle grosseur que tu voudras, voilà de bon savon à laver la teste & la barbe.
30-1	6686-6691	Prend	_	_	_	
30-2	6692-6697	fleur	_	_	_	
30-3	6698-6700	de	_	_	_	
30-4	6701-6706	savon	_	_	_	
30-5	6706-6707	,	_	_	_	
30-6	6708-6710	ou	_	_	_	
30-7	6711-6716	savon	_	_	_	
30-8	6717-6719	de	_	_	_	
30-9	6720-6727	masquin	_	_	_	
30-10	6728-6732	tant	_	_	_	
30-11	6733-6738	qu'il	_	_	_	
30-12	6739-6741	en	_	_	_	
30-13	6742-6746	saut	_	_	_	
30-14	6746-6747	,	_	_	_	
30-15	6748-6755	tranche	_	_	_	
30-16	6756-6758	la	_	_	_	
30-17	6759-6761	en	_	_	_	
30-18	6762-6768	menuës	_	_	_	
30-19	6769-6775	pieces	_	_	_	
30-20	6775-6776	,	_	_	_	
30-21	6777-6778	&	_	_	_	
30-22	6779-6782	les	_	_	_	
30-23	6783-6787	mets	_	_	_	
30-24	6788-6795	tremper	_	_	_	
30-25	6796-6798	en	_	_	_	
30-26	6799-6802	eau	_	_	_	
30-27	6803-6807	rose	_	_	_	
30-28	6807-6808	,	_	_	_	
30-29	6809-6813	puis	_	_	_	
30-30	6814-6817	aye	_	_	_	
30-31	6818-6822	iris	_	_	_	
30-32	6823-6825	de	_	_	_	
30-33	6826-6834	florence	_	_	_	
30-34	6835-6844	pulverisé	_	_	_	
30-35	6845-6846	&	_	_	_	
30-36	6847-6851	clou	_	_	_	
30-37	6852-6854	de	_	_	_	
30-38	6855-6862	girofle	_	_	_	
30-39	6863-6867	bien	_	_	_	
30-40	6868-6873	battu	_	_	_	
30-41	6873-6874	,	_	_	_	
30-42	6875-6876	&	_	_	_	
30-43	6877-6879	le	_	_	_	
30-44	6880-6884	tout	_	_	_	
30-45	6885-6894	incorporé	_	_	_	
30-46	6895-6899	bien	_	_	_	
30-47	6900-6908	ensemble	_	_	_	
30-48	6908-6909	,	_	_	_	
30-49	6910-6911	&	_	_	_	
30-50	6912-6914	en	_	_	_	
30-51	6915-6920	faite	_	_	_	
30-52	6921-6929	pellotes	_	_	_	
30-53	6930-6932	de	_	_	_	
30-54	6933-6938	telle	_	_	_	
30-55	6939-6947	grosseur	_	_	_	
30-56	6948-6951	que	_	_	_	
30-57	6952-6954	tu	_	_	_	
30-58	6955-6962	voudras	_	_	_	
30-59	6962-6963	,	_	_	_	
30-60	6964-6969	voilà	_	_	_	
30-61	6970-6972	de	_	_	_	
30-62	6973-6976	bon	_	_	_	
30-63	6977-6982	savon	_	_	_	
30-64	6983-6984	à	_	_	_	
30-65	6985-6990	laver	_	_	_	
30-66	6991-6993	la	_	_	_	
30-67	6994-6999	teste	_	_	_	
30-68	7000-7001	&	_	_	_	
30-69	7002-7004	la	_	_	_	
30-70	7005-7010	barbe	_	_	_	
30-71	7010-7011	.	_	_	_	

#Text=Prend gomme de dragan, & la met en eau rose tant qu'elle soit détrempé, & liquide, puis poudroyez les choses cy-dessus.
31-1	7013-7018	Prend	_	_	_	
31-2	7019-7024	gomme	_	_	_	
31-3	7025-7027	de	_	_	_	
31-4	7028-7034	dragan	_	_	_	
31-5	7034-7035	,	_	_	_	
31-6	7036-7037	&	_	_	_	
31-7	7038-7040	la	_	_	_	
31-8	7041-7044	met	_	_	_	
31-9	7045-7047	en	_	_	_	
31-10	7048-7051	eau	_	_	_	
31-11	7052-7056	rose	_	_	_	
31-12	7057-7061	tant	_	_	_	
31-13	7062-7069	qu'elle	_	_	_	
31-14	7070-7074	soit	_	_	_	
31-15	7075-7083	détrempé	_	_	_	
31-16	7083-7084	,	_	_	_	
31-17	7085-7086	&	_	_	_	
31-18	7087-7094	liquide	_	_	_	
31-19	7094-7095	,	_	_	_	
31-20	7096-7100	puis	_	_	_	
31-21	7101-7110	poudroyez	_	_	_	
31-22	7111-7114	les	_	_	_	
31-23	7115-7121	choses	_	_	_	
31-24	7122-7131	cy-dessus	_	_	_	
31-25	7131-7132	.	_	_	_	

#Text=Pour faire patenotre de Senteur.
32-1	7134-7138	Pour	_	_	_	
32-2	7139-7144	faire	_	_	_	
32-3	7145-7154	patenotre	_	_	_	
32-4	7155-7157	de	_	_	_	
32-5	7158-7165	Senteur	_	_	_	
32-6	7165-7166	.	_	_	_	

#Text=Prend recipe ladanum une once, storax calamita une once, benjoin une once, lignalve quatre once de charbon de faux où de vigne deux onces & demie, pille le tout ensemble & petris avec la gomme susdite, de ce fait autant de petites pelotes où tronçons tant qu'il te plaira laisse les seicher à l'ombre.
33-1	7168-7173	Prend	_	_	_	
33-2	7174-7180	recipe	_	_	_	
33-3	7181-7188	ladanum	_	_	_	
33-4	7189-7192	une	_	_	_	
33-5	7193-7197	once	_	_	_	
33-6	7197-7198	,	_	_	_	
33-7	7199-7205	storax	_	_	_	
33-8	7206-7214	calamita	_	_	_	
33-9	7215-7218	une	_	_	_	
33-10	7219-7223	once	_	_	_	
33-11	7223-7224	,	_	_	_	
33-12	7225-7232	benjoin	_	_	_	
33-13	7233-7236	une	_	_	_	
33-14	7237-7241	once	_	_	_	
33-15	7241-7242	,	_	_	_	
33-16	7243-7251	lignalve	_	_	_	
33-17	7252-7258	quatre	_	_	_	
33-18	7259-7263	once	_	_	_	
33-19	7264-7266	de	_	_	_	
33-20	7267-7274	charbon	_	_	_	
33-21	7275-7277	de	_	_	_	
33-22	7278-7282	faux	_	_	_	
33-23	7283-7285	où	_	_	_	
33-24	7286-7288	de	_	_	_	
33-25	7289-7294	vigne	_	_	_	
33-26	7295-7299	deux	_	_	_	
33-27	7300-7305	onces	_	_	_	
33-28	7306-7307	&	_	_	_	
33-29	7308-7313	demie	_	_	_	
33-30	7313-7314	,	_	_	_	
33-31	7315-7320	pille	_	_	_	
33-32	7321-7323	le	_	_	_	
33-33	7324-7328	tout	_	_	_	
33-34	7329-7337	ensemble	_	_	_	
33-35	7338-7339	&	_	_	_	
33-36	7340-7346	petris	_	_	_	
33-37	7347-7351	avec	_	_	_	
33-38	7352-7354	la	_	_	_	
33-39	7355-7360	gomme	_	_	_	
33-40	7361-7368	susdite	_	_	_	
33-41	7368-7369	,	_	_	_	
33-42	7370-7372	de	_	_	_	
33-43	7373-7375	ce	_	_	_	
33-44	7376-7380	fait	_	_	_	
33-45	7381-7387	autant	_	_	_	
33-46	7388-7390	de	_	_	_	
33-47	7391-7398	petites	_	_	_	
33-48	7399-7406	pelotes	_	_	_	
33-49	7407-7409	où	_	_	_	
33-50	7410-7418	tronçons	_	_	_	
33-51	7419-7423	tant	_	_	_	
33-52	7424-7429	qu'il	_	_	_	
33-53	7430-7432	te	_	_	_	
33-54	7433-7439	plaira	_	_	_	
33-55	7440-7446	laisse	_	_	_	
33-56	7447-7450	les	_	_	_	
33-57	7451-7458	seicher	_	_	_	
33-58	7459-7460	à	_	_	_	
33-59	7461-7468	l'ombre	_	_	_	
33-60	7468-7469	.	_	_	_	

#Text=Prend une livre & demie de terre noire bien fort pulverisée, & passée par le tamis quatre onces de dragant delayé, & deffait en eau rose comme dessus tant
#Text=
#Text=que ladite terre mise en un mortier; puisse étre couverte de ladite gomme, pillés bien le tout l'espace de demie heure avec trois onces d'odeurs cy-dessous écrites.
34-1	7471-7476	Prend	_	_	_	
34-2	7477-7480	une	_	_	_	
34-3	7481-7486	livre	_	_	_	
34-4	7487-7488	&	_	_	_	
34-5	7489-7494	demie	_	_	_	
34-6	7495-7497	de	_	_	_	
34-7	7498-7503	terre	_	_	_	
34-8	7504-7509	noire	_	_	_	
34-9	7510-7514	bien	_	_	_	
34-10	7515-7519	fort	_	_	_	
34-11	7520-7530	pulverisée	_	_	_	
34-12	7530-7531	,	_	_	_	
34-13	7532-7533	&	_	_	_	
34-14	7534-7540	passée	_	_	_	
34-15	7541-7544	par	_	_	_	
34-16	7545-7547	le	_	_	_	
34-17	7548-7553	tamis	_	_	_	
34-18	7554-7560	quatre	_	_	_	
34-19	7561-7566	onces	_	_	_	
34-20	7567-7569	de	_	_	_	
34-21	7570-7577	dragant	_	_	_	
34-22	7578-7584	delayé	_	_	_	
34-23	7584-7585	,	_	_	_	
34-24	7586-7587	&	_	_	_	
34-25	7588-7595	deffait	_	_	_	
34-26	7596-7598	en	_	_	_	
34-27	7599-7602	eau	_	_	_	
34-28	7603-7607	rose	_	_	_	
34-29	7608-7613	comme	_	_	_	
34-30	7614-7620	dessus	_	_	_	
34-31	7621-7625	tant	_	_	_	
34-32	7627-7630	que	_	_	_	
34-33	7631-7637	ladite	_	_	_	
34-34	7638-7643	terre	_	_	_	
34-35	7644-7648	mise	_	_	_	
34-36	7649-7651	en	_	_	_	
34-37	7652-7654	un	_	_	_	
34-38	7655-7662	mortier	_	_	_	
34-39	7662-7663	;	_	_	_	
34-40	7664-7670	puisse	_	_	_	
34-41	7671-7675	étre	_	_	_	
34-42	7676-7684	couverte	_	_	_	
34-43	7685-7687	de	_	_	_	
34-44	7688-7694	ladite	_	_	_	
34-45	7695-7700	gomme	_	_	_	
34-46	7700-7701	,	_	_	_	
34-47	7702-7708	pillés	_	_	_	
34-48	7709-7713	bien	_	_	_	
34-49	7714-7716	le	_	_	_	
34-50	7717-7721	tout	_	_	_	
34-51	7722-7730	l'espace	_	_	_	
34-52	7731-7733	de	_	_	_	
34-53	7734-7739	demie	_	_	_	
34-54	7740-7745	heure	_	_	_	
34-55	7746-7750	avec	_	_	_	
34-56	7751-7756	trois	_	_	_	
34-57	7757-7762	onces	_	_	_	
34-58	7763-7771	d'odeurs	Smell\_Word	_	_	
34-59	7772-7782	cy-dessous	_	_	_	
34-60	7783-7790	écrites	_	_	_	
34-61	7790-7791	.	_	_	_	

#Text=Recipé une once de storax calamita, demie once de poudre de clou, autant de ladanum cynamome, & scandal ci. trin, & poudroyez tout bien delié, & mêlé avec là pasle susdite, tire la hors du mortier, & manie avec la main part l'espace de demie heure, puis fermes tes pâtenôtres.
35-1	7793-7799	Recipé	_	_	_	
35-2	7800-7803	une	_	_	_	
35-3	7804-7808	once	_	_	_	
35-4	7809-7811	de	_	_	_	
35-5	7812-7818	storax	_	_	_	
35-6	7819-7827	calamita	_	_	_	
35-7	7827-7828	,	_	_	_	
35-8	7829-7834	demie	_	_	_	
35-9	7835-7839	once	_	_	_	
35-10	7840-7842	de	_	_	_	
35-11	7843-7849	poudre	_	_	_	
35-12	7850-7852	de	_	_	_	
35-13	7853-7857	clou	_	_	_	
35-14	7857-7858	,	_	_	_	
35-15	7859-7865	autant	_	_	_	
35-16	7866-7868	de	_	_	_	
35-17	7869-7876	ladanum	_	_	_	
35-18	7877-7885	cynamome	_	_	_	
35-19	7885-7886	,	_	_	_	
35-20	7887-7888	&	_	_	_	
35-21	7889-7896	scandal	_	_	_	
35-22	7897-7899	ci	_	_	_	
35-23	7899-7900	.	_	_	_	
35-24	7901-7905	trin	_	_	_	
35-25	7905-7906	,	_	_	_	
35-26	7907-7908	&	_	_	_	
35-27	7909-7918	poudroyez	_	_	_	
35-28	7919-7923	tout	_	_	_	
35-29	7924-7928	bien	_	_	_	
35-30	7929-7934	delié	_	_	_	
35-31	7934-7935	,	_	_	_	
35-32	7936-7937	&	_	_	_	
35-33	7938-7942	mêlé	_	_	_	
35-34	7943-7947	avec	_	_	_	
35-35	7948-7950	là	_	_	_	
35-36	7951-7956	pasle	_	_	_	
35-37	7957-7964	susdite	_	_	_	
35-38	7964-7965	,	_	_	_	
35-39	7966-7970	tire	_	_	_	
35-40	7971-7973	la	_	_	_	
35-41	7974-7978	hors	_	_	_	
35-42	7979-7981	du	_	_	_	
35-43	7982-7989	mortier	_	_	_	
35-44	7989-7990	,	_	_	_	
35-45	7991-7992	&	_	_	_	
35-46	7993-7998	manie	_	_	_	
35-47	7999-8003	avec	_	_	_	
35-48	8004-8006	la	_	_	_	
35-49	8007-8011	main	_	_	_	
35-50	8012-8016	part	_	_	_	
35-51	8017-8025	l'espace	_	_	_	
35-52	8026-8028	de	_	_	_	
35-53	8029-8034	demie	_	_	_	
35-54	8035-8040	heure	_	_	_	
35-55	8040-8041	,	_	_	_	
35-56	8042-8046	puis	_	_	_	
35-57	8047-8053	fermes	_	_	_	
35-58	8054-8057	tes	_	_	_	
35-59	8058-8068	pâtenôtres	_	_	_	
35-60	8068-8069	.	_	_	_	

#Text=Pour parfums en poudre.
36-1	8071-8075	Pour	_	_	_	
36-2	8076-8083	parfums	Smell\_Word	Anaphoric	37-38	
36-3	8084-8086	en	_	_	_	
36-4	8087-8093	poudre	_	_	_	
36-5	8093-8094	.	_	_	_	

#Text=Prend benjoin storax, calamita, lignacens, ladanum, grains de génévre, autant de chacun qu'il te plaira, pille les ensemble, puis tu metteras le tout ensemble autant d'un que d'autre jette ledit parfum sur le feu, & tu verras si cela sentira bon.
37-1	8096-8101	Prend	_	_	_	
37-2	8102-8109	benjoin	Smell\_Source	_	_	
37-3	8110-8116	storax	Smell\_Source	_	_	
37-4	8116-8117	,	_	_	_	
37-5	8118-8126	calamita	Smell\_Source	_	_	
37-6	8126-8127	,	_	_	_	
37-7	8128-8137	lignacens	Smell\_Source	_	_	
37-8	8137-8138	,	_	_	_	
37-9	8139-8146	ladanum	Smell\_Source	_	_	
37-10	8146-8147	,	_	_	_	
37-11	8148-8154	grains	Smell\_Source[25]	_	_	
37-12	8155-8157	de	Smell\_Source[25]	_	_	
37-13	8158-8165	génévre	Smell\_Source[25]	_	_	
37-14	8165-8166	,	_	_	_	
37-15	8167-8173	autant	_	_	_	
37-16	8174-8176	de	_	_	_	
37-17	8177-8183	chacun	_	_	_	
37-18	8184-8189	qu'il	_	_	_	
37-19	8190-8192	te	_	_	_	
37-20	8193-8199	plaira	_	_	_	
37-21	8199-8200	,	_	_	_	
37-22	8201-8206	pille	_	_	_	
37-23	8207-8210	les	_	_	_	
37-24	8211-8219	ensemble	_	_	_	
37-25	8219-8220	,	_	_	_	
37-26	8221-8225	puis	_	_	_	
37-27	8226-8228	tu	_	_	_	
37-28	8229-8237	metteras	_	_	_	
37-29	8238-8240	le	_	_	_	
37-30	8241-8245	tout	_	_	_	
37-31	8246-8254	ensemble	_	_	_	
37-32	8255-8261	autant	_	_	_	
37-33	8262-8266	d'un	_	_	_	
37-34	8267-8270	que	_	_	_	
37-35	8271-8278	d'autre	_	_	_	
37-36	8279-8284	jette	_	_	_	
37-37	8285-8290	ledit	_	_	_	
37-38	8291-8297	parfum	Smell\_Word	*|*|*|*|*|*|*|*	37-49|37-44|37-11[25_0]|37-9|37-7|37-5|37-3|37-2	
37-39	8298-8301	sur	_	_	_	
37-40	8302-8304	le	_	_	_	
37-41	8305-8308	feu	_	_	_	
37-42	8308-8309	,	_	_	_	
37-43	8310-8311	&	_	_	_	
37-44	8312-8314	tu	Perceiver	_	_	
37-45	8315-8321	verras	_	_	_	
37-46	8322-8324	si	_	_	_	
37-47	8325-8329	cela	_	_	_	
37-48	8330-8337	sentira	_	_	_	
37-49	8338-8341	bon	Quality	_	_	
37-50	8341-8342	.	_	_	_	
