#FORMAT=WebAnno TSV 3.3


#Text=Men kan uit het dus ver bygebragte genoegzaam zeker opmaaken, dat men de
#Text=gemelde Boomen voor natuurlyke Boomen heeft te houden, die op eene natuurlyke
#Text=wyze onder den grond geraakt zyn, en daar in nog heden hunnen aart vertoonen;
#Text=
#Text=schoon 'er al eenigen, dat insgelyks niet onnatuurlyk is, tot een Bitumineuze
#Text=eigenschap verhard mogten zyn, dan, die Soort is my althans nooit voorgekomen;
#Text=
#Text=en D E G N E R , zoo ik wel meen uit zyne Verhandeling te kunnen opmaaken, heeft
#Text=die Boomen ook niet gekend: S C H O O C K alleen schynt ze te vooronder-
#Text=
#Text=J. le Francq van Berkhey, Natuurlyke historie van Holland.
1-1	2-5	Men	
1-2	6-9	kan	
1-3	10-13	uit	
1-4	14-17	het	
1-5	18-21	dus	
1-6	22-25	ver	
1-7	26-36	bygebragte	
1-8	37-47	genoegzaam	
1-9	48-53	zeker	
1-10	54-62	opmaaken	
1-11	62-63	,	
1-12	64-67	dat	
1-13	68-71	men	
1-14	72-74	de	
1-15	75-82	gemelde	
1-16	83-89	Boomen	
1-17	90-94	voor	
1-18	95-105	natuurlyke	
1-19	106-112	Boomen	
1-20	113-118	heeft	
1-21	119-121	te	
1-22	122-128	houden	
1-23	128-129	,	
1-24	130-133	die	
1-25	134-136	op	
1-26	137-141	eene	
1-27	142-152	natuurlyke	
1-28	153-157	wyze	
1-29	158-163	onder	
1-30	164-167	den	
1-31	168-173	grond	
1-32	174-181	geraakt	
1-33	182-185	zyn	
1-34	185-186	,	
1-35	187-189	en	
1-36	190-194	daar	
1-37	195-197	in	
1-38	198-201	nog	
1-39	202-207	heden	
1-40	208-214	hunnen	
1-41	215-219	aart	
1-42	220-229	vertoonen	
1-43	229-230	;	
1-44	232-238	schoon	
1-45	239-240	'	
1-46	240-242	er	
1-47	243-245	al	
1-48	246-253	eenigen	
1-49	253-254	,	
1-50	255-258	dat	
1-51	259-268	insgelyks	
1-52	269-273	niet	
1-53	274-285	onnatuurlyk	
1-54	286-288	is	
1-55	288-289	,	
1-56	290-293	tot	
1-57	294-297	een	
1-58	298-309	Bitumineuze	
1-59	310-320	eigenschap	
1-60	321-328	verhard	
1-61	329-335	mogten	
1-62	336-339	zyn	
1-63	339-340	,	
1-64	341-344	dan	
1-65	344-345	,	
1-66	346-349	die	
1-67	350-355	Soort	
1-68	356-358	is	
1-69	359-361	my	
1-70	362-369	althans	
1-71	370-375	nooit	
1-72	376-387	voorgekomen	
1-73	387-388	;	
1-74	390-392	en	
1-75	393-394	D	
1-76	395-396	E	
1-77	397-398	G	
1-78	399-400	N	
1-79	401-402	E	
1-80	403-404	R	
1-81	405-406	,	
1-82	407-410	zoo	
1-83	411-413	ik	
1-84	414-417	wel	
1-85	418-422	meen	
1-86	423-426	uit	
1-87	427-431	zyne	
1-88	432-444	Verhandeling	
1-89	445-447	te	
1-90	448-454	kunnen	
1-91	455-463	opmaaken	
1-92	463-464	,	
1-93	465-470	heeft	
1-94	471-474	die	
1-95	475-481	Boomen	
1-96	482-485	ook	
1-97	486-490	niet	
1-98	491-497	gekend	
1-99	497-498	:	
1-100	499-500	S	
1-101	501-502	C	
1-102	503-504	H	
1-103	505-506	O	
1-104	507-508	O	
1-105	509-510	C	
1-106	511-512	K	
1-107	513-519	alleen	
1-108	520-526	schynt	
1-109	527-529	ze	
1-110	530-532	te	
1-111	533-542	vooronder	
1-112	542-543	-	
1-113	545-546	J	
1-114	546-547	.	
1-115	548-550	le	
1-116	551-557	Francq	
1-117	558-561	van	
1-118	562-569	Berkhey	
1-119	569-570	,	
1-120	571-581	Natuurlyke	
1-121	582-590	historie	
1-122	591-594	van	
1-123	595-602	Holland	
1-124	602-603	.	

#Text=Deel 2
#Text=
#Text=\f460
#Text=stellen.
#Text=+
#Text=Wat nu wyders nog veelerleie andere denkbeelden omtrent die Boomen
#Text=betreft,
#Text=wy laatenze onaangeroerd, dewyl ze zig zelven genoegzaam tegenspreeken.
2-1	604-608	Deel	
2-2	609-610	2	
2-3	613-616	460	
2-4	617-624	stellen	
2-5	624-625	.	
2-6	626-627	+	
2-7	628-631	Wat	
2-8	632-634	nu	
2-9	635-641	wyders	
2-10	642-645	nog	
2-11	646-656	veelerleie	
2-12	657-663	andere	
2-13	664-675	denkbeelden	
2-14	676-683	omtrent	
2-15	684-687	die	
2-16	688-694	Boomen	
2-17	695-702	betreft	
2-18	702-703	,	
2-19	704-706	wy	
2-20	707-715	laatenze	
2-21	716-728	onaangeroerd	
2-22	728-729	,	
2-23	730-735	dewyl	
2-24	736-738	ze	
2-25	739-742	zig	
2-26	743-749	zelven	
2-27	750-760	genoegzaam	
2-28	761-774	tegenspreeken	
2-29	774-775	.	

#Text=+DELFSTOFFEN.
3-1	776-777	+	
3-2	777-788	DELFSTOFFEN	
3-3	788-789	.	

#Text=Neemt by voorbeeld, dat die Boomen, door het afbranden van Bosschen, in
#Text=Bitumineuze koolen verwandeld zyn;
#Text=dat 'er, door den Oceaan of de Noordzee,
#Text=Boomen van elders zyn komen aandryven, en onder het Zand of Slib der Zee als
#Text=Veen bedolven geraakt; dat 'er onder deeze Boomen veelen zouden zyn, die een
#Text=Terbentynagtigen reuk aan het brandbaare Veen gegeeven hebben;
#Text=dat men, zoo
#Text=S C H O O C K beuzelt, den naam van Veneetschen Terbentyn in ons Land ontleend
#Text=heeft, van den gelykaartigen reuk onzer Veenen; en eigenlyk dus Veenischen
#Text=Terbentyn.
4-1	791-796	Neemt	
4-2	797-799	by	
4-3	800-809	voorbeeld	
4-4	809-810	,	
4-5	811-814	dat	
4-6	815-818	die	
4-7	819-825	Boomen	
4-8	825-826	,	
4-9	827-831	door	
4-10	832-835	het	
4-11	836-845	afbranden	
4-12	846-849	van	
4-13	850-858	Bosschen	
4-14	858-859	,	
4-15	860-862	in	
4-16	863-874	Bitumineuze	
4-17	875-881	koolen	
4-18	882-892	verwandeld	
4-19	893-896	zyn	
4-20	896-897	;	
4-21	898-901	dat	
4-22	902-903	'	
4-23	903-905	er	
4-24	905-906	,	
4-25	907-911	door	
4-26	912-915	den	
4-27	916-922	Oceaan	
4-28	923-925	of	
4-29	926-928	de	
4-30	929-937	Noordzee	
4-31	937-938	,	
4-32	939-945	Boomen	
4-33	946-949	van	
4-34	950-956	elders	
4-35	957-960	zyn	
4-36	961-966	komen	
4-37	967-976	aandryven	
4-38	976-977	,	
4-39	978-980	en	
4-40	981-986	onder	
4-41	987-990	het	
4-42	991-995	Zand	
4-43	996-998	of	
4-44	999-1003	Slib	
4-45	1004-1007	der	
4-46	1008-1011	Zee	
4-47	1012-1015	als	
4-48	1016-1020	Veen	
4-49	1021-1029	bedolven	
4-50	1030-1037	geraakt	
4-51	1037-1038	;	
4-52	1039-1042	dat	
4-53	1043-1044	'	
4-54	1044-1046	er	
4-55	1047-1052	onder	
4-56	1053-1058	deeze	
4-57	1059-1065	Boomen	
4-58	1066-1072	veelen	
4-59	1073-1079	zouden	
4-60	1080-1083	zyn	
4-61	1083-1084	,	
4-62	1085-1088	die	
4-63	1089-1092	een	
4-64	1093-1109	Terbentynagtigen	
4-65	1110-1114	reuk	
4-66	1115-1118	aan	
4-67	1119-1122	het	
4-68	1123-1133	brandbaare	
4-69	1134-1138	Veen	
4-70	1139-1147	gegeeven	
4-71	1148-1154	hebben	
4-72	1154-1155	;	
4-73	1156-1159	dat	
4-74	1160-1163	men	
4-75	1163-1164	,	
4-76	1165-1168	zoo	
4-77	1169-1170	S	
4-78	1171-1172	C	
4-79	1173-1174	H	
4-80	1175-1176	O	
4-81	1177-1178	O	
4-82	1179-1180	C	
4-83	1181-1182	K	
4-84	1183-1190	beuzelt	
4-85	1190-1191	,	
4-86	1192-1195	den	
4-87	1196-1200	naam	
4-88	1201-1204	van	
4-89	1205-1216	Veneetschen	
4-90	1217-1226	Terbentyn	
4-91	1227-1229	in	
4-92	1230-1233	ons	
4-93	1234-1238	Land	
4-94	1239-1247	ontleend	
4-95	1248-1253	heeft	
4-96	1253-1254	,	
4-97	1255-1258	van	
4-98	1259-1262	den	
4-99	1263-1276	gelykaartigen	
4-100	1277-1281	reuk	
4-101	1282-1287	onzer	
4-102	1288-1294	Veenen	
4-103	1294-1295	;	
4-104	1296-1298	en	
4-105	1299-1307	eigenlyk	
4-106	1308-1311	dus	
4-107	1312-1322	Veenischen	
4-108	1323-1332	Terbentyn	
4-109	1332-1333	.	

#Text=Zy die weeten dat deeze reuk zig geenzins in onze gebrande Veenstoffen
#Text=ontdekt, en dat 'er een soort van Terbentyn weezenlyk uit Venetien komt, beseffen
#Text=ligt de verkeerdheid deezer afleidinge.
5-1	1334-1336	Zy	
5-2	1337-1340	die	
5-3	1341-1347	weeten	
5-4	1348-1351	dat	
5-5	1352-1357	deeze	
5-6	1358-1362	reuk	
5-7	1363-1366	zig	
5-8	1367-1375	geenzins	
5-9	1376-1378	in	
5-10	1379-1383	onze	
5-11	1384-1392	gebrande	
5-12	1393-1404	Veenstoffen	
5-13	1405-1412	ontdekt	
5-14	1412-1413	,	
5-15	1414-1416	en	
5-16	1417-1420	dat	
5-17	1421-1422	'	
5-18	1422-1424	er	
5-19	1425-1428	een	
5-20	1429-1434	soort	
5-21	1435-1438	van	
5-22	1439-1448	Terbentyn	
5-23	1449-1458	weezenlyk	
5-24	1459-1462	uit	
5-25	1463-1471	Venetien	
5-26	1472-1476	komt	
5-27	1476-1477	,	
5-28	1478-1486	beseffen	
5-29	1487-1491	ligt	
5-30	1492-1494	de	
5-31	1495-1507	verkeerdheid	
5-32	1508-1514	deezer	
5-33	1515-1525	afleidinge	
5-34	1525-1526	.	

#Text=Ook zullen wy ons niet breedvoerig ophouden
#Text=met een oudheidkundig onderzoek, of de Cimbersche vloed en veele andere
#Text=overstroomingen, stormen en dergelyken, ten eenigen tyde over het geheele Land,
#Text=zoodanig zouden gewoed hebben, dat alle Bosschen, Dalen en Moerassen onder een
#Text=vermengd wierden; en +of deeze omstandigheden de gemelde om ver gerukte
#Text=Bosschen, als 't ware, tot Veen hebben doen rotten.
6-1	1527-1530	Ook	
6-2	1531-1537	zullen	
6-3	1538-1540	wy	
6-4	1541-1544	ons	
6-5	1545-1549	niet	
6-6	1550-1561	breedvoerig	
6-7	1562-1570	ophouden	
6-8	1571-1574	met	
6-9	1575-1578	een	
6-10	1579-1592	oudheidkundig	
6-11	1593-1602	onderzoek	
6-12	1602-1603	,	
6-13	1604-1606	of	
6-14	1607-1609	de	
6-15	1610-1620	Cimbersche	
6-16	1621-1626	vloed	
6-17	1627-1629	en	
6-18	1630-1635	veele	
6-19	1636-1642	andere	
6-20	1643-1658	overstroomingen	
6-21	1658-1659	,	
6-22	1660-1667	stormen	
6-23	1668-1670	en	
6-24	1671-1681	dergelyken	
6-25	1681-1682	,	
6-26	1683-1686	ten	
6-27	1687-1694	eenigen	
6-28	1695-1699	tyde	
6-29	1700-1704	over	
6-30	1705-1708	het	
6-31	1709-1716	geheele	
6-32	1717-1721	Land	
6-33	1721-1722	,	
6-34	1723-1731	zoodanig	
6-35	1732-1738	zouden	
6-36	1739-1745	gewoed	
6-37	1746-1752	hebben	
6-38	1752-1753	,	
6-39	1754-1757	dat	
6-40	1758-1762	alle	
6-41	1763-1771	Bosschen	
6-42	1771-1772	,	
6-43	1773-1778	Dalen	
6-44	1779-1781	en	
6-45	1782-1791	Moerassen	
6-46	1792-1797	onder	
6-47	1798-1801	een	
6-48	1802-1810	vermengd	
6-49	1811-1818	wierden	
6-50	1818-1819	;	
6-51	1820-1822	en	
6-52	1823-1824	+	
6-53	1824-1826	of	
6-54	1827-1832	deeze	
6-55	1833-1847	omstandigheden	
6-56	1848-1850	de	
6-57	1851-1858	gemelde	
6-58	1859-1861	om	
6-59	1862-1865	ver	
6-60	1866-1873	gerukte	
6-61	1874-1882	Bosschen	
6-62	1882-1883	,	
6-63	1884-1887	als	
6-64	1888-1889	'	
6-65	1889-1890	t	
6-66	1891-1895	ware	
6-67	1895-1896	,	
6-68	1897-1900	tot	
6-69	1901-1905	Veen	
6-70	1906-1912	hebben	
6-71	1913-1917	doen	
6-72	1918-1924	rotten	
6-73	1924-1925	.	

#Text='t Zy genoeg deswegens slegts +
#Text=Zie Eerste Deel.
7-1	1926-1927	'	
7-2	1927-1928	t	
7-3	1929-1931	Zy	
7-4	1932-1938	genoeg	
7-5	1939-1948	deswegens	
7-6	1949-1955	slegts	
7-7	1956-1957	+	
7-8	1958-1961	Zie	
7-9	1962-1968	Eerste	
7-10	1969-1973	Deel	
7-11	1973-1974	.	

#Text=Over den
#Text=Rhyn.
8-1	1975-1979	Over	
8-2	1980-1983	den	
8-3	1984-1988	Rhyn	
8-4	1988-1989	.	

#Text=aan te merken, dat het
#Text=
#Text=J. le Francq van Berkhey, Natuurlyke historie van Holland.
9-1	1991-1994	aan	
9-2	1995-1997	te	
9-3	1998-2004	merken	
9-4	2004-2005	,	
9-5	2006-2009	dat	
9-6	2010-2013	het	
9-7	2015-2016	J	
9-8	2016-2017	.	
9-9	2018-2020	le	
9-10	2021-2027	Francq	
9-11	2028-2031	van	
9-12	2032-2039	Berkhey	
9-13	2039-2040	,	
9-14	2041-2051	Natuurlyke	
9-15	2052-2060	historie	
9-16	2061-2064	van	
9-17	2065-2072	Holland	
9-18	2072-2073	.	

#Text=Deel 2
#Text=
#Text=\f461
#Text=+
#Text=
#Text=niet geheel buiten reden is, te stellen, dat 'er eenige dergelyke oorzaaken plaats gehad
#Text=
#Text=+
#Text=kunnen hebben, gelyk wy hier boven,
#Text=van 's Lands Beddingen in 't algemeen
#Text=DELFSTOFFEN
10-1	2074-2078	Deel	
10-2	2079-2080	2	
10-3	2083-2086	461	
10-4	2087-2088	+	
10-5	2090-2094	niet	
10-6	2095-2101	geheel	
10-7	2102-2108	buiten	
10-8	2109-2114	reden	
10-9	2115-2117	is	
10-10	2117-2118	,	
10-11	2119-2121	te	
10-12	2122-2129	stellen	
10-13	2129-2130	,	
10-14	2131-2134	dat	
10-15	2135-2136	'	
10-16	2136-2138	er	
10-17	2139-2145	eenige	
10-18	2146-2155	dergelyke	
10-19	2156-2165	oorzaaken	
10-20	2166-2172	plaats	
10-21	2173-2178	gehad	
10-22	2180-2181	+	
10-23	2182-2188	kunnen	
10-24	2189-2195	hebben	
10-25	2195-2196	,	
10-26	2197-2202	gelyk	
10-27	2203-2205	wy	
10-28	2206-2210	hier	
10-29	2211-2216	boven	
10-30	2216-2217	,	
10-31	2218-2221	van	
10-32	2222-2223	'	
10-33	2223-2224	s	
10-34	2225-2230	Lands	
10-35	2231-2240	Beddingen	
10-36	2241-2243	in	
10-37	2244-2245	'	
10-38	2245-2246	t	
10-39	2247-2255	algemeen	
10-40	2256-2267	DELFSTOFFEN	
