#FORMAT=WebAnno TSV 3.3


#Text=Eerst.
1-1	4-9	Eerst	
1-2	9-10	.	

#Text=Toen zagen wij in die twee predikaties, waarin het bestaat.
2-1	11-15	Toen	
2-2	16-21	zagen	
2-3	22-25	wij	
2-4	26-28	in	
2-5	29-32	die	
2-6	33-37	twee	
2-7	38-49	predikaties	
2-8	49-50	,	
2-9	51-57	waarin	
2-10	58-61	het	
2-11	62-69	bestaat	
2-12	69-70	.	

#Text=Ten tweede, dat het geen ijver moest zijn zonder verstand.
3-1	71-74	Ten	
3-2	75-81	tweede	
3-3	81-82	,	
3-4	83-86	dat	
3-5	87-90	het	
3-6	91-95	geen	
3-7	96-101	ijver	
3-8	102-107	moest	
3-9	108-112	zijn	
3-10	113-119	zonder	
3-11	120-128	verstand	
3-12	128-129	.	

#Text=Dan zagen wij, ten derde, welke de bekwaamste tijden waren.
4-1	130-133	Dan	
4-2	134-139	zagen	
4-3	140-143	wij	
4-4	143-144	,	
4-5	145-148	ten	
4-6	149-154	derde	
4-7	154-155	,	
4-8	156-161	welke	
4-9	162-164	de	
4-10	165-175	bekwaamste	
4-11	176-182	tijden	
4-12	183-188	waren	
4-13	188-189	.	

#Text=Toen in de derde predikatie zeiden wij: Eerst.
5-1	192-196	Toen	
5-2	197-199	in	
5-3	200-202	de	
5-4	203-208	derde	
5-5	209-219	predikatie	
5-6	220-226	zeiden	
5-7	227-230	wij	
5-8	230-231	:	
5-9	232-237	Eerst	
5-10	237-238	.	

#Text=Dat de magistraten en Staten daartoe verplicht waren.
6-1	239-242	Dat	
6-2	243-245	de	
6-3	246-257	magistraten	
6-4	258-260	en	
6-5	261-267	Staten	
6-6	268-275	daartoe	
6-7	276-285	verplicht	
6-8	286-291	waren	
6-9	291-292	.	

#Text=Ten tweede.
7-1	293-296	Ten	
7-2	297-303	tweede	
7-3	303-304	.	

#Text=Elke ingezetene was er insgelijks toe verplicht, al zegt hij:
#Text=Wat kan ik, vergeten burger, doen?
8-1	305-309	Elke	
8-2	310-320	ingezetene	
8-3	321-324	was	
8-4	325-327	er	
8-5	328-338	insgelijks	
8-6	339-342	toe	
8-7	343-352	verplicht	
8-8	352-353	,	
8-9	354-356	al	
8-10	357-361	zegt	
8-11	362-365	hij	
8-12	365-366	:	
8-13	367-370	Wat	
8-14	371-374	kan	
8-15	375-377	ik	
8-16	377-378	,	
8-17	379-387	vergeten	
8-18	388-394	burger	
8-19	394-395	,	
8-20	396-400	doen	
8-21	400-401	?	

#Text=Ten derde.
9-1	402-405	Ten	
9-2	406-411	derde	
9-3	411-412	.	

#Text=Al de leeuwen en uitvluchten en zwarigheden deden wij weg, en stelden de zaak zonder hinder voor.
10-1	413-415	Al	
10-2	416-418	de	
10-3	419-426	leeuwen	
10-4	427-429	en	
10-5	430-441	uitvluchten	
10-6	442-444	en	
10-7	445-456	zwarigheden	
10-8	457-462	deden	
10-9	463-466	wij	
10-10	467-470	weg	
10-11	470-471	,	
10-12	472-474	en	
10-13	475-482	stelden	
10-14	483-485	de	
10-15	486-490	zaak	
10-16	491-497	zonder	
10-17	498-504	hinder	
10-18	505-509	voor	
10-19	509-510	.	

#Text=Wij zeiden toen, er blijft nog een aangename stof over, omdat zij zo Goddelijk is, die schrikkelijk is aan de ene zijde, en beminnelijk aan de andere zijde.
11-1	514-517	Wij	
11-2	518-524	zeiden	
11-3	525-529	toen	
11-4	529-530	,	
11-5	531-533	er	
11-6	534-540	blijft	
11-7	541-544	nog	
11-8	545-548	een	
11-9	549-558	aangename	
11-10	559-563	stof	
11-11	564-568	over	
11-12	568-569	,	
11-13	570-575	omdat	
11-14	576-579	zij	
11-15	580-582	zo	
11-16	583-592	Goddelijk	
11-17	593-595	is	
11-18	595-596	,	
11-19	597-600	die	
11-20	601-613	schrikkelijk	
11-21	614-616	is	
11-22	617-620	aan	
11-23	621-623	de	
11-24	624-627	ene	
11-25	628-633	zijde	
11-26	633-634	,	
11-27	635-637	en	
11-28	638-649	beminnelijk	
11-29	650-653	aan	
11-30	654-656	de	
11-31	657-663	andere	
11-32	664-669	zijde	
11-33	669-670	.	

#Text=Eerst.
12-1	671-676	Eerst	
12-2	676-677	.	

#Text=Wij zeiden dat in Nederlands kerk, de magistraten misschien niet lang in staat zullen kunnen zijn, om gemeenschap der heiligen te oefenen met de verdrukten.
13-1	678-681	Wij	
13-2	682-688	zeiden	
13-3	689-692	dat	
13-4	693-695	in	
13-5	696-706	Nederlands	
13-6	707-711	kerk	
13-7	711-712	,	
13-8	713-715	de	
13-9	716-727	magistraten	
13-10	728-737	misschien	
13-11	738-742	niet	
13-12	743-747	lang	
13-13	748-750	in	
13-14	751-756	staat	
13-15	757-763	zullen	
13-16	764-770	kunnen	
13-17	771-775	zijn	
13-18	775-776	,	
13-19	777-779	om	
13-20	780-791	gemeenschap	
13-21	792-795	der	
13-22	796-804	heiligen	
13-23	805-807	te	
13-24	808-815	oefenen	
13-25	816-819	met	
13-26	820-822	de	
13-27	823-833	verdrukten	
13-28	833-834	.	

#Text=Wij zullen hen misschien haast gelijk wezen.
14-1	835-838	Wij	
14-2	839-845	zullen	
14-3	846-849	hen	
14-4	850-859	misschien	
14-5	860-865	haast	
14-6	866-872	gelijk	
14-7	873-878	wezen	
14-8	878-879	.	

#Text=Er hangt een wolk, die donker is, boven ons hoofd aan deze zijde.
15-1	880-882	Er	
15-2	883-888	hangt	
15-3	889-892	een	
15-4	893-897	wolk	
15-5	897-898	,	
15-6	899-902	die	
15-7	903-909	donker	
15-8	910-912	is	
15-9	912-913	,	
15-10	914-919	boven	
15-11	920-923	ons	
15-12	924-929	hoofd	
15-13	930-933	aan	
15-14	934-938	deze	
15-15	939-944	zijde	
15-16	944-945	.	

#Text=Ten tweede.
16-1	946-949	Ten	
16-2	950-956	tweede	
16-3	956-957	.	

#Text=Gij zult zeggen, daar staat het niet naar;
#Text=wie zou het doen?
17-1	958-961	Gij	
17-2	962-966	zult	
17-3	967-973	zeggen	
17-4	973-974	,	
17-5	975-979	daar	
17-6	980-985	staat	
17-7	986-989	het	
17-8	990-994	niet	
17-9	995-999	naar	
17-10	999-1000	;	
17-11	1001-1004	wie	
17-12	1005-1008	zou	
17-13	1009-1012	het	
17-14	1013-1017	doen	
17-15	1017-1018	?	
