#FORMAT=WebAnno TSV 3.3
#T_SP=custom.Span|label
#T_RL=custom.Relation|label|BT_custom.Span


#Text=Teatro dei profumi. — Le danze degli odori.
1-1	0-6	Teatro	Location	_	_	
1-2	7-10	dei	_	_	_	
1-3	11-18	profumi	Smell\_Word	*	1-1	
1-4	18-19	.	_	_	_	
1-5	20-21	—	_	_	_	
1-6	22-24	Le	_	_	_	
1-7	25-30	danze	_	_	_	
1-8	31-36	degli	_	_	_	
1-9	37-42	odori	Smell\_Word	_	_	
1-10	42-43	.	_	_	_	

#Text=Si daranno sinfonie svariate dei profumi più delicati dei fiori con accompagnamento di musica e cori invisibili di voci femminili.
2-1	44-46	Si	_	_	_	
2-2	47-54	daranno	_	_	_	
2-3	55-63	sinfonie	_	_	_	
2-4	64-72	svariate	_	_	_	
2-5	73-76	dei	_	_	_	
2-6	77-84	profumi	Smell\_Word	*|*|*	2-7[1_0]|2-9[2_0]|2-11[3_0]	
2-7	85-88	più	Quality[1]	_	_	
2-8	89-97	delicati	Quality[1]	_	_	
2-9	98-101	dei	Smell\_Source[2]	_	_	
2-10	102-107	fiori	Smell\_Source[2]	_	_	
2-11	108-111	con	Circumstances[3]	_	_	
2-12	112-127	accompagnamento	Circumstances[3]	_	_	
2-13	128-130	di	Circumstances[3]	_	_	
2-14	131-137	musica	Circumstances[3]	_	_	
2-15	138-139	e	Circumstances[3]	_	_	
2-16	140-144	cori	Circumstances[3]	_	_	
2-17	145-155	invisibili	Circumstances[3]	_	_	
2-18	156-158	di	Circumstances[3]	_	_	
2-19	159-163	voci	Circumstances[3]	_	_	
2-20	164-173	femminili	Circumstances[3]	_	_	
2-21	173-174	.	_	_	_	

#Text=Teatro dell’agilità. — L’acrobatica antica.
3-1	175-181	Teatro	_	_	_	
3-2	182-186	dell	_	_	_	
3-3	186-187	’	_	_	_	
3-4	187-194	agilità	_	_	_	
3-5	194-195	.	_	_	_	
3-6	196-197	—	_	_	_	
3-7	198-199	L	_	_	_	
3-8	199-200	’	_	_	_	
3-9	200-210	acrobatica	_	_	_	
3-10	211-217	antica	_	_	_	
3-11	217-218	.	_	_	_	

#Text=Spettacolo svariato, che riprodurrà gli esercizii più curiosi del trapezio, della corda tesa, e delle sbarre usati nell’antichità.
4-1	219-229	Spettacolo	_	_	_	
4-2	230-238	svariato	_	_	_	
4-3	238-239	,	_	_	_	
4-4	240-243	che	_	_	_	
4-5	244-254	riprodurrà	_	_	_	
4-6	255-258	gli	_	_	_	
4-7	259-268	esercizii	_	_	_	
4-8	269-272	più	_	_	_	
4-9	273-280	curiosi	_	_	_	
4-10	281-284	del	_	_	_	
4-11	285-293	trapezio	_	_	_	
4-12	293-294	,	_	_	_	
4-13	295-300	della	_	_	_	
4-14	301-306	corda	_	_	_	
4-15	307-311	tesa	_	_	_	
4-16	311-312	,	_	_	_	
4-17	313-314	e	_	_	_	
4-18	315-320	delle	_	_	_	
4-19	321-327	sbarre	_	_	_	
4-20	328-333	usati	_	_	_	
4-21	334-338	nell	_	_	_	
4-22	338-339	’	_	_	_	
4-23	339-348	antichità	_	_	_	
4-24	348-349	.	_	_	_	

#Text=Teatro atletico. — Le meraviglie del famoso atleta Ercole X.
5-1	350-356	Teatro	_	_	_	
5-2	357-365	atletico	_	_	_	
5-3	365-366	.	_	_	_	
5-4	367-368	—	_	_	_	
5-5	369-371	Le	_	_	_	
5-6	372-382	meraviglie	_	_	_	
5-7	383-386	del	_	_	_	
5-8	387-393	famoso	_	_	_	
5-9	394-400	atleta	_	_	_	
5-10	401-407	Ercole	_	_	_	
5-11	408-409	X	_	_	_	
5-12	409-410	.	_	_	_	

#Text=Sfida di Ercole X a tutti i lottatori del mondo.
6-1	411-416	Sfida	_	_	_	
6-2	417-419	di	_	_	_	
6-3	420-426	Ercole	_	_	_	
6-4	427-428	X	_	_	_	
6-5	429-430	a	_	_	_	
6-6	431-436	tutti	_	_	_	
6-7	437-438	i	_	_	_	
6-8	439-448	lottatori	_	_	_	
6-9	449-452	del	_	_	_	
6-10	453-458	mondo	_	_	_	
6-11	458-459	.	_	_	_	

#Text=Egli darà un premio di L. 10&nbsp;000 a chi riuscirà ad abbatterlo.
7-1	460-464	Egli	_	_	_	
7-2	465-469	darà	_	_	_	
7-3	470-472	un	_	_	_	
7-4	473-479	premio	_	_	_	
7-5	480-482	di	_	_	_	
7-6	483-484	L	_	_	_	
7-7	484-485	.	_	_	_	
7-8	486-489	10&	_	_	_	
7-9	489-493	nbsp	_	_	_	
7-10	493-494	;	_	_	_	
7-11	494-497	000	_	_	_	
7-12	498-499	a	_	_	_	
7-13	500-503	chi	_	_	_	
7-14	504-512	riuscirà	_	_	_	
7-15	513-515	ad	_	_	_	
7-16	516-526	abbatterlo	_	_	_	
7-17	526-527	.	_	_	_	

#Text=Teatro sotterraneo. — Il centro della terra.
8-1	528-534	Teatro	_	_	_	
8-2	535-546	sotterraneo	_	_	_	
8-3	546-547	.	_	_	_	
8-4	548-549	—	_	_	_	
8-5	550-552	Il	_	_	_	
8-6	553-559	centro	_	_	_	
8-7	560-565	della	_	_	_	
8-8	566-571	terra	_	_	_	
8-9	571-572	.	_	_	_	

#Text=Scene di gnomi e di giganti che si contrastano il dominio sotterraneo.
9-1	573-578	Scene	_	_	_	
9-2	579-581	di	_	_	_	
9-3	582-587	gnomi	_	_	_	
9-4	588-589	e	_	_	_	
9-5	590-592	di	_	_	_	
9-6	593-600	giganti	_	_	_	
9-7	601-604	che	_	_	_	
9-8	605-607	si	_	_	_	
9-9	608-619	contrastano	_	_	_	
9-10	620-622	il	_	_	_	
9-11	623-630	dominio	_	_	_	
9-12	631-642	sotterraneo	_	_	_	
9-13	642-643	.	_	_	_	

#Text=Scene geologiche e paleontologiche svariate.
10-1	644-649	Scene	_	_	_	
10-2	650-660	geologiche	_	_	_	
10-3	661-662	e	_	_	_	
10-4	663-678	paleontologiche	_	_	_	
10-5	679-687	svariate	_	_	_	
10-6	687-688	.	_	_	_	

#Text=Teatro della satira. — Le avventure di un antico commendatore.
11-1	689-695	Teatro	_	_	_	
11-2	696-701	della	_	_	_	
11-3	702-708	satira	_	_	_	
11-4	708-709	.	_	_	_	
11-5	710-711	—	_	_	_	
11-6	712-714	Le	_	_	_	
11-7	715-724	avventure	_	_	_	
11-8	725-727	di	_	_	_	
11-9	728-730	un	_	_	_	
11-10	731-737	antico	_	_	_	
11-11	738-750	commendatore	_	_	_	
11-12	750-751	.	_	_	_	

#Text=Commedia tutta da ridere.
12-1	752-760	Commedia	_	_	_	
12-2	761-766	tutta	_	_	_	
12-3	767-769	da	_	_	_	
12-4	770-776	ridere	_	_	_	
12-5	776-777	.	_	_	_	

#Text=Si raccomanda caldamente l’uso del freno moderatore.
13-1	778-780	Si	_	_	_	
13-2	781-791	raccomanda	_	_	_	
13-3	792-802	caldamente	_	_	_	
13-4	803-804	l	_	_	_	
13-5	804-805	’	_	_	_	
13-6	805-808	uso	_	_	_	
13-7	809-812	del	_	_	_	
13-8	813-818	freno	_	_	_	
13-9	819-829	moderatore	_	_	_	
13-10	829-830	.	_	_	_	

#Text=Teatro di declamazione. — Le vette del mondo ideale.
14-1	831-837	Teatro	_	_	_	
14-2	838-840	di	_	_	_	
14-3	841-853	declamazione	_	_	_	
14-4	853-854	.	_	_	_	
14-5	855-856	—	_	_	_	
14-6	857-859	Le	_	_	_	
14-7	860-865	vette	_	_	_	
14-8	866-869	del	_	_	_	
14-9	870-875	mondo	_	_	_	
14-10	876-882	ideale	_	_	_	
14-11	882-883	.	_	_	_	

#Text=Tre celebri declamatori e tre celebri declamatrici, declamano tradotte in lingua cosmica le poesie più sublimi di George Gordon ByronByron, di Percy Bysshe ShelleyShelley e di Victor HugoVictor Hugo e porteranno gli spettatori a godere le note più alte del mondo ideale.
15-1	884-887	Tre	_	_	_	
15-2	888-895	celebri	_	_	_	
15-3	896-907	declamatori	_	_	_	
15-4	908-909	e	_	_	_	
15-5	910-913	tre	_	_	_	
15-6	914-921	celebri	_	_	_	
15-7	922-934	declamatrici	_	_	_	
15-8	934-935	,	_	_	_	
15-9	936-945	declamano	_	_	_	
15-10	946-954	tradotte	_	_	_	
15-11	955-957	in	_	_	_	
15-12	958-964	lingua	_	_	_	
15-13	965-972	cosmica	_	_	_	
15-14	973-975	le	_	_	_	
15-15	976-982	poesie	_	_	_	
15-16	983-986	più	_	_	_	
15-17	987-994	sublimi	_	_	_	
15-18	995-997	di	_	_	_	
15-19	998-1004	George	_	_	_	
15-20	1005-1011	Gordon	_	_	_	
15-21	1012-1022	ByronByron	_	_	_	
15-22	1022-1023	,	_	_	_	
15-23	1024-1026	di	_	_	_	
15-24	1027-1032	Percy	_	_	_	
15-25	1033-1039	Bysshe	_	_	_	
15-26	1040-1054	ShelleyShelley	_	_	_	
15-27	1055-1056	e	_	_	_	
15-28	1057-1059	di	_	_	_	
15-29	1060-1066	Victor	_	_	_	
15-30	1067-1077	HugoVictor	_	_	_	
15-31	1078-1082	Hugo	_	_	_	
15-32	1083-1084	e	_	_	_	
15-33	1085-1095	porteranno	_	_	_	
15-34	1096-1099	gli	_	_	_	
15-35	1100-1110	spettatori	_	_	_	
15-36	1111-1112	a	_	_	_	
15-37	1113-1119	godere	_	_	_	
15-38	1120-1122	le	_	_	_	
15-39	1123-1127	note	_	_	_	
15-40	1128-1131	più	_	_	_	
15-41	1132-1136	alte	_	_	_	
15-42	1137-1140	del	_	_	_	
15-43	1141-1146	mondo	_	_	_	
15-44	1147-1153	ideale	_	_	_	
15-45	1153-1154	.	_	_	_	

#Text=Teatro della voluttà. — La sinfonia del piacere.
16-1	1155-1161	Teatro	_	_	_	
16-2	1162-1167	della	_	_	_	
16-3	1168-1175	voluttà	_	_	_	
16-4	1175-1176	.	_	_	_	
16-5	1177-1178	—	_	_	_	
16-6	1179-1181	La	_	_	_	
16-7	1182-1190	sinfonia	_	_	_	
16-8	1191-1194	del	_	_	_	
16-9	1195-1202	piacere	_	_	_	
16-10	1202-1203	.	_	_	_	

#Text=Gli spettatori godranno le armonie della musica, del profumo, del sapore artificiale e delle vibrazioni edoniche, mentre gli occhi si inebbrieranno di continuo collo svariato caleidoscopio di immagini, che passeranno con corrente interrotta sulla scena.
17-1	1204-1207	Gli	Perceiver[4]	_	_	
17-2	1208-1218	spettatori	Perceiver[4]	_	_	
17-3	1219-1227	godranno	_	_	_	
17-4	1228-1230	le	Quality[5]	_	_	
17-5	1231-1238	armonie	Quality[5]	_	_	
17-6	1239-1244	della	_	_	_	
17-7	1245-1251	musica	_	_	_	
17-8	1251-1252	,	_	_	_	
17-9	1253-1256	del	_	_	_	
17-10	1257-1264	profumo	Smell\_Word	*|*	17-1[4_0]|17-4[5_0]	
17-11	1264-1265	,	_	_	_	
17-12	1266-1269	del	_	_	_	
17-13	1270-1276	sapore	_	_	_	
17-14	1277-1288	artificiale	_	_	_	
17-15	1289-1290	e	_	_	_	
17-16	1291-1296	delle	_	_	_	
17-17	1297-1307	vibrazioni	_	_	_	
17-18	1308-1316	edoniche	_	_	_	
17-19	1316-1317	,	_	_	_	
17-20	1318-1324	mentre	_	_	_	
17-21	1325-1328	gli	_	_	_	
17-22	1329-1334	occhi	_	_	_	
17-23	1335-1337	si	_	_	_	
17-24	1338-1351	inebbrieranno	_	_	_	
17-25	1352-1354	di	_	_	_	
17-26	1355-1363	continuo	_	_	_	
17-27	1364-1369	collo	_	_	_	
17-28	1370-1378	svariato	_	_	_	
17-29	1379-1392	caleidoscopio	_	_	_	
17-30	1393-1395	di	_	_	_	
17-31	1396-1404	immagini	_	_	_	
17-32	1404-1405	,	_	_	_	
17-33	1406-1409	che	_	_	_	
17-34	1410-1420	passeranno	_	_	_	
17-35	1421-1424	con	_	_	_	
17-36	1425-1433	corrente	_	_	_	
17-37	1434-1444	interrotta	_	_	_	
17-38	1445-1450	sulla	_	_	_	
17-39	1451-1456	scena	_	_	_	
17-40	1456-1457	.	_	_	_	

#Text=Paolo e Maria avevano già assistito a parecchie rappresentazioni nei teatri di Andropoli, ma la sera del 26 aprile vollero godere la serata di gala, a cui interverrebbe il Pancrate collo Stato maggiore dei suoi ministri, e di tutte le persone più ragguardevoli della città.
18-1	1458-1463	Paolo	_	_	_	
18-2	1464-1465	e	_	_	_	
18-3	1466-1471	Maria	_	_	_	
18-4	1472-1479	avevano	_	_	_	
18-5	1480-1483	già	_	_	_	
18-6	1484-1493	assistito	_	_	_	
18-7	1494-1495	a	_	_	_	
18-8	1496-1505	parecchie	_	_	_	
18-9	1506-1522	rappresentazioni	_	_	_	
18-10	1523-1526	nei	_	_	_	
18-11	1527-1533	teatri	_	_	_	
18-12	1534-1536	di	_	_	_	
18-13	1537-1546	Andropoli	_	_	_	
18-14	1546-1547	,	_	_	_	
18-15	1548-1550	ma	_	_	_	
18-16	1551-1553	la	_	_	_	
18-17	1554-1558	sera	_	_	_	
18-18	1559-1562	del	_	_	_	
18-19	1563-1565	26	_	_	_	
18-20	1566-1572	aprile	_	_	_	
18-21	1573-1580	vollero	_	_	_	
18-22	1581-1587	godere	_	_	_	
18-23	1588-1590	la	_	_	_	
18-24	1591-1597	serata	_	_	_	
18-25	1598-1600	di	_	_	_	
18-26	1601-1605	gala	_	_	_	
18-27	1605-1606	,	_	_	_	
18-28	1607-1608	a	_	_	_	
18-29	1609-1612	cui	_	_	_	
18-30	1613-1626	interverrebbe	_	_	_	
18-31	1627-1629	il	_	_	_	
18-32	1630-1638	Pancrate	_	_	_	
18-33	1639-1644	collo	_	_	_	
18-34	1645-1650	Stato	_	_	_	
18-35	1651-1659	maggiore	_	_	_	
18-36	1660-1663	dei	_	_	_	
18-37	1664-1668	suoi	_	_	_	
18-38	1669-1677	ministri	_	_	_	
18-39	1677-1678	,	_	_	_	
18-40	1679-1680	e	_	_	_	
18-41	1681-1683	di	_	_	_	
18-42	1684-1689	tutte	_	_	_	
18-43	1690-1692	le	_	_	_	
18-44	1693-1700	persone	_	_	_	
18-45	1701-1704	più	_	_	_	
18-46	1705-1718	ragguardevoli	_	_	_	
18-47	1719-1724	della	_	_	_	
18-48	1725-1730	città	_	_	_	
18-49	1730-1731	.	_	_	_	

#Text=Era anche una bella maniera per conoscere il Presidente dell’Accademia delle scienze, il Presidente dell’Accademia di belle arti e molti grandi uomini, celebri in tutto il mondo.
19-1	1732-1735	Era	_	_	_	
19-2	1736-1741	anche	_	_	_	
19-3	1742-1745	una	_	_	_	
19-4	1746-1751	bella	_	_	_	
19-5	1752-1759	maniera	_	_	_	
19-6	1760-1763	per	_	_	_	
19-7	1764-1773	conoscere	_	_	_	
19-8	1774-1776	il	_	_	_	
19-9	1777-1787	Presidente	_	_	_	
19-10	1788-1792	dell	_	_	_	
19-11	1792-1793	’	_	_	_	
19-12	1793-1802	Accademia	_	_	_	
19-13	1803-1808	delle	_	_	_	
19-14	1809-1816	scienze	_	_	_	
19-15	1816-1817	,	_	_	_	
19-16	1818-1820	il	_	_	_	
19-17	1821-1831	Presidente	_	_	_	
19-18	1832-1836	dell	_	_	_	
19-19	1836-1837	’	_	_	_	
19-20	1837-1846	Accademia	_	_	_	
19-21	1847-1849	di	_	_	_	
19-22	1850-1855	belle	_	_	_	
19-23	1856-1860	arti	_	_	_	
19-24	1861-1862	e	_	_	_	
19-25	1863-1868	molti	_	_	_	
19-26	1869-1875	grandi	_	_	_	
19-27	1876-1882	uomini	_	_	_	
19-28	1882-1883	,	_	_	_	
19-29	1884-1891	celebri	_	_	_	
19-30	1892-1894	in	_	_	_	
19-31	1895-1900	tutto	_	_	_	
19-32	1901-1903	il	_	_	_	
19-33	1904-1909	mondo	_	_	_	
19-34	1909-1910	.	_	_	_	

#Text=Il cartellone del teatro annunzia:
#Text=Il ciclo del piacere cosmico da Omero fino all’anno 3000.
20-1	1911-1913	Il	_	_	_	
20-2	1914-1924	cartellone	_	_	_	
20-3	1925-1928	del	_	_	_	
20-4	1929-1935	teatro	_	_	_	
20-5	1936-1944	annunzia	_	_	_	
20-6	1944-1945	:	_	_	_	
20-7	1946-1948	Il	_	_	_	
20-8	1949-1954	ciclo	_	_	_	
20-9	1955-1958	del	_	_	_	
20-10	1959-1966	piacere	_	_	_	
20-11	1967-1974	cosmico	_	_	_	
20-12	1975-1977	da	_	_	_	
20-13	1978-1983	Omero	_	_	_	
20-14	1984-1988	fino	_	_	_	
20-15	1989-1992	all	_	_	_	
20-16	1992-1993	’	_	_	_	
20-17	1993-1997	anno	_	_	_	
20-18	1998-2002	3000	_	_	_	
20-19	2002-2003	.	_	_	_	

#Text=L’argomento promette molte e liete emozioni.
21-1	2004-2005	L	_	_	_	
21-2	2005-2006	’	_	_	_	
21-3	2006-2015	argomento	_	_	_	
21-4	2016-2024	promette	_	_	_	
21-5	2025-2030	molte	_	_	_	
21-6	2031-2032	e	_	_	_	
21-7	2033-2038	liete	_	_	_	
21-8	2039-2047	emozioni	_	_	_	
21-9	2047-2048	.	_	_	_	

#Text=Il teatro è isolato in una gran piazza e vi si sale per una larga gradinata di marmo.
22-1	2049-2051	Il	_	_	_	
22-2	2052-2058	teatro	_	_	_	
22-3	2059-2060	è	_	_	_	
22-4	2061-2068	isolato	_	_	_	
22-5	2069-2071	in	_	_	_	
22-6	2072-2075	una	_	_	_	
22-7	2076-2080	gran	_	_	_	
22-8	2081-2087	piazza	_	_	_	
22-9	2088-2089	e	_	_	_	
22-10	2090-2092	vi	_	_	_	
22-11	2093-2095	si	_	_	_	
22-12	2096-2100	sale	_	_	_	
22-13	2101-2104	per	_	_	_	
22-14	2105-2108	una	_	_	_	
22-15	2109-2114	larga	_	_	_	
22-16	2115-2124	gradinata	_	_	_	
22-17	2125-2127	di	_	_	_	
22-18	2128-2133	marmo	_	_	_	
22-19	2133-2134	.	_	_	_	

#Text=L’architettura è greca e di stile severo.
23-1	2135-2136	L	_	_	_	
23-2	2136-2137	’	_	_	_	
23-3	2137-2149	architettura	_	_	_	
23-4	2150-2151	è	_	_	_	
23-5	2152-2157	greca	_	_	_	
23-6	2158-2159	e	_	_	_	
23-7	2160-2162	di	_	_	_	
23-8	2163-2168	stile	_	_	_	
23-9	2169-2175	severo	_	_	_	
23-10	2175-2176	.	_	_	_	

#Text=Nel vestibolo, che fa capo alla scala, si aprono varii caffè, nei quali gli spettatori fra un atto e l’altro possono rinfrescarsi. — Un’immensa folla si accalca sullo scalone e nel vestibolo. — Entrati nel tea-
#Text=Mantegazza.
24-1	2177-2180	Nel	_	_	_	
24-2	2181-2190	vestibolo	_	_	_	
24-3	2190-2191	,	_	_	_	
24-4	2192-2195	che	_	_	_	
24-5	2196-2198	fa	_	_	_	
24-6	2199-2203	capo	_	_	_	
24-7	2204-2208	alla	_	_	_	
24-8	2209-2214	scala	_	_	_	
24-9	2214-2215	,	_	_	_	
24-10	2216-2218	si	_	_	_	
24-11	2219-2225	aprono	_	_	_	
24-12	2226-2231	varii	_	_	_	
24-13	2232-2237	caffè	_	_	_	
24-14	2237-2238	,	_	_	_	
24-15	2239-2242	nei	_	_	_	
24-16	2243-2248	quali	_	_	_	
24-17	2249-2252	gli	_	_	_	
24-18	2253-2263	spettatori	_	_	_	
24-19	2264-2267	fra	_	_	_	
24-20	2268-2270	un	_	_	_	
24-21	2271-2275	atto	_	_	_	
24-22	2276-2277	e	_	_	_	
24-23	2278-2279	l	_	_	_	
24-24	2279-2280	’	_	_	_	
24-25	2280-2285	altro	_	_	_	
24-26	2286-2293	possono	_	_	_	
24-27	2294-2306	rinfrescarsi	_	_	_	
24-28	2306-2307	.	_	_	_	
24-29	2308-2309	—	_	_	_	
24-30	2310-2312	Un	_	_	_	
24-31	2312-2313	’	_	_	_	
24-32	2313-2320	immensa	_	_	_	
24-33	2321-2326	folla	_	_	_	
24-34	2327-2329	si	_	_	_	
24-35	2330-2337	accalca	_	_	_	
24-36	2338-2343	sullo	_	_	_	
24-37	2344-2351	scalone	_	_	_	
24-38	2352-2353	e	_	_	_	
24-39	2354-2357	nel	_	_	_	
24-40	2358-2367	vestibolo	_	_	_	
24-41	2367-2368	.	_	_	_	
24-42	2369-2370	—	_	_	_	
24-43	2371-2378	Entrati	_	_	_	
24-44	2379-2382	nel	_	_	_	
24-45	2383-2386	tea	_	_	_	
24-46	2386-2387	-	_	_	_	
24-47	2388-2398	Mantegazza	_	_	_	
24-48	2398-2399	.	_	_	_	

#Text=I nostri due viaggiatori rimasero per un momento estatici.
25-1	2401-2402	I	_	_	_	
25-2	2403-2409	nostri	_	_	_	
25-3	2410-2413	due	_	_	_	
25-4	2414-2425	viaggiatori	_	_	_	
25-5	2426-2434	rimasero	_	_	_	
25-6	2435-2438	per	_	_	_	
25-7	2439-2441	un	_	_	_	
25-8	2442-2449	momento	_	_	_	
25-9	2450-2458	estatici	_	_	_	
25-10	2458-2459	.	_	_	_	

#Text=La sala è un anfiteatro a gradinate, senza palchi, e ogni posto è distinto dall’altro.
26-1	2460-2462	La	_	_	_	
26-2	2463-2467	sala	_	_	_	
26-3	2468-2469	è	_	_	_	
26-4	2470-2472	un	_	_	_	
26-5	2473-2483	anfiteatro	_	_	_	
26-6	2484-2485	a	_	_	_	
26-7	2486-2495	gradinate	_	_	_	
26-8	2495-2496	,	_	_	_	
26-9	2497-2502	senza	_	_	_	
26-10	2503-2509	palchi	_	_	_	
26-11	2509-2510	,	_	_	_	
26-12	2511-2512	e	_	_	_	
26-13	2513-2517	ogni	_	_	_	
26-14	2518-2523	posto	_	_	_	
26-15	2524-2525	è	_	_	_	
26-16	2526-2534	distinto	_	_	_	
26-17	2535-2539	dall	_	_	_	
26-18	2539-2540	’	_	_	_	
26-19	2540-2545	altro	_	_	_	
26-20	2545-2546	.	_	_	_	

#Text=Solo nell’alto vedi una grande piccionaia in forma di galleria e dove si addensa già da un paio d’ore la folla degli spettatori poveri.
27-1	2548-2552	Solo	_	_	_	
27-2	2553-2557	nell	_	_	_	
27-3	2557-2558	’	_	_	_	
27-4	2558-2562	alto	_	_	_	
27-5	2563-2567	vedi	_	_	_	
27-6	2568-2571	una	_	_	_	
27-7	2572-2578	grande	_	_	_	
27-8	2579-2589	piccionaia	_	_	_	
27-9	2590-2592	in	_	_	_	
27-10	2593-2598	forma	_	_	_	
27-11	2599-2601	di	_	_	_	
27-12	2602-2610	galleria	_	_	_	
27-13	2611-2612	e	_	_	_	
27-14	2613-2617	dove	_	_	_	
27-15	2618-2620	si	_	_	_	
27-16	2621-2628	addensa	_	_	_	
27-17	2629-2632	già	_	_	_	
27-18	2633-2635	da	_	_	_	
27-19	2636-2638	un	_	_	_	
27-20	2639-2643	paio	_	_	_	
27-21	2644-2645	d	_	_	_	
27-22	2645-2646	’	_	_	_	
27-23	2646-2649	ore	_	_	_	
27-24	2650-2652	la	_	_	_	
27-25	2653-2658	folla	_	_	_	
27-26	2659-2664	degli	_	_	_	
27-27	2665-2675	spettatori	_	_	_	
27-28	2676-2682	poveri	_	_	_	
27-29	2682-2683	.	_	_	_	

#Text=Paolo e Maria avevano preso due posti in prima fila onde esser più vicini al palco scenico.
28-1	2684-2689	Paolo	_	_	_	
28-2	2690-2691	e	_	_	_	
28-3	2692-2697	Maria	_	_	_	
28-4	2698-2705	avevano	_	_	_	
28-5	2706-2711	preso	_	_	_	
28-6	2712-2715	due	_	_	_	
28-7	2716-2721	posti	_	_	_	
28-8	2722-2724	in	_	_	_	
28-9	2725-2730	prima	_	_	_	
28-10	2731-2735	fila	_	_	_	
28-11	2736-2740	onde	_	_	_	
28-12	2741-2746	esser	_	_	_	
28-13	2747-2750	più	_	_	_	
28-14	2751-2757	vicini	_	_	_	
28-15	2758-2760	al	_	_	_	
28-16	2761-2766	palco	_	_	_	
28-17	2767-2774	scenico	_	_	_	
28-18	2774-2775	.	_	_	_	

#Text=Appena si furon seduti, Maria rimarcò che davanti ad essi era posto sopra una tavoletta una specie di berretto di una stoffa molto grossa di seta a cui facevan capo sei fili.
29-1	2776-2782	Appena	_	_	_	
29-2	2783-2785	si	_	_	_	
29-3	2786-2791	furon	_	_	_	
29-4	2792-2798	seduti	_	_	_	
29-5	2798-2799	,	_	_	_	
29-6	2800-2805	Maria	_	_	_	
29-7	2806-2813	rimarcò	_	_	_	
29-8	2814-2817	che	_	_	_	
29-9	2818-2825	davanti	_	_	_	
29-10	2826-2828	ad	_	_	_	
29-11	2829-2833	essi	_	_	_	
29-12	2834-2837	era	_	_	_	
29-13	2838-2843	posto	_	_	_	
29-14	2844-2849	sopra	_	_	_	
29-15	2850-2853	una	_	_	_	
29-16	2854-2863	tavoletta	_	_	_	
29-17	2864-2867	una	_	_	_	
29-18	2868-2874	specie	_	_	_	
29-19	2875-2877	di	_	_	_	
29-20	2878-2886	berretto	_	_	_	
29-21	2887-2889	di	_	_	_	
29-22	2890-2893	una	_	_	_	
29-23	2894-2900	stoffa	_	_	_	
29-24	2901-2906	molto	_	_	_	
29-25	2907-2913	grossa	_	_	_	
29-26	2914-2916	di	_	_	_	
29-27	2917-2921	seta	_	_	_	
29-28	2922-2923	a	_	_	_	
29-29	2924-2927	cui	_	_	_	
29-30	2928-2935	facevan	_	_	_	
29-31	2936-2940	capo	_	_	_	
29-32	2941-2944	sei	_	_	_	
29-33	2945-2949	fili	_	_	_	
29-34	2949-2950	.	_	_	_	

#Text=Era per lei una cosa nuova e curiosa, non avendola veduta in nessun altro teatro, per cui domandò subito al compagno:
#Text=— E che affare è questo?
30-1	2951-2954	Era	_	_	_	
30-2	2955-2958	per	_	_	_	
30-3	2959-2962	lei	_	_	_	
30-4	2963-2966	una	_	_	_	
30-5	2967-2971	cosa	_	_	_	
30-6	2972-2977	nuova	_	_	_	
30-7	2978-2979	e	_	_	_	
30-8	2980-2987	curiosa	_	_	_	
30-9	2987-2988	,	_	_	_	
30-10	2989-2992	non	_	_	_	
30-11	2993-3001	avendola	_	_	_	
30-12	3002-3008	veduta	_	_	_	
30-13	3009-3011	in	_	_	_	
30-14	3012-3018	nessun	_	_	_	
30-15	3019-3024	altro	_	_	_	
30-16	3025-3031	teatro	_	_	_	
30-17	3031-3032	,	_	_	_	
30-18	3033-3036	per	_	_	_	
30-19	3037-3040	cui	_	_	_	
30-20	3041-3048	domandò	_	_	_	
30-21	3049-3055	subito	_	_	_	
30-22	3056-3058	al	_	_	_	
30-23	3059-3067	compagno	_	_	_	
30-24	3067-3068	:	_	_	_	
30-25	3069-3070	—	_	_	_	
30-26	3071-3072	E	_	_	_	
30-27	3073-3076	che	_	_	_	
30-28	3077-3083	affare	_	_	_	
30-29	3084-3085	è	_	_	_	
30-30	3086-3092	questo	_	_	_	
30-31	3092-3093	?	_	_	_	

#Text=Paolo si mise a ridere e poi:
#Text=— Te lo spiego subito.
31-1	3094-3099	Paolo	_	_	_	
31-2	3100-3102	si	_	_	_	
31-3	3103-3107	mise	_	_	_	
31-4	3108-3109	a	_	_	_	
31-5	3110-3116	ridere	_	_	_	
31-6	3117-3118	e	_	_	_	
31-7	3119-3122	poi	_	_	_	
31-8	3122-3123	:	_	_	_	
31-9	3124-3125	—	_	_	_	
31-10	3126-3128	Te	_	_	_	
31-11	3129-3131	lo	_	_	_	
31-12	3132-3138	spiego	_	_	_	
31-13	3139-3145	subito	_	_	_	
31-14	3145-3146	.	_	_	_	

#Text=Guarda gli altri spettatori.
32-1	3147-3153	Guarda	_	_	_	
32-2	3154-3157	gli	_	_	_	
32-3	3158-3163	altri	_	_	_	
32-4	3164-3174	spettatori	_	_	_	
32-5	3174-3175	.	_	_	_	

#Text=Appena hanno preso il loro posto, si levano il cappello e si mettono in testa il berretto, che si chiama l’estesiometro.
33-1	3176-3182	Appena	_	_	_	
33-2	3183-3188	hanno	_	_	_	
33-3	3189-3194	preso	_	_	_	
33-4	3195-3197	il	_	_	_	
33-5	3198-3202	loro	_	_	_	
33-6	3203-3208	posto	_	_	_	
33-7	3208-3209	,	_	_	_	
33-8	3210-3212	si	_	_	_	
33-9	3213-3219	levano	_	_	_	
33-10	3220-3222	il	_	_	_	
33-11	3223-3231	cappello	_	_	_	
33-12	3232-3233	e	_	_	_	
33-13	3234-3236	si	_	_	_	
33-14	3237-3244	mettono	_	_	_	
33-15	3245-3247	in	_	_	_	
33-16	3248-3253	testa	_	_	_	
33-17	3254-3256	il	_	_	_	
33-18	3257-3265	berretto	_	_	_	
33-19	3265-3266	,	_	_	_	
33-20	3267-3270	che	_	_	_	
33-21	3271-3273	si	_	_	_	
33-22	3274-3280	chiama	_	_	_	
33-23	3281-3282	l	_	_	_	
33-24	3282-3283	’	_	_	_	
33-25	3283-3295	estesiometro	_	_	_	
33-26	3295-3296	.	_	_	_	

#Text=Poi fissano il filo più grosso alla tavoletta, che sta loro dinanzi, tenendo gli altri fili nella mano.
34-1	3298-3301	Poi	_	_	_	
34-2	3302-3309	fissano	_	_	_	
34-3	3310-3312	il	_	_	_	
34-4	3313-3317	filo	_	_	_	
34-5	3318-3321	più	_	_	_	
34-6	3322-3328	grosso	_	_	_	
34-7	3329-3333	alla	_	_	_	
34-8	3334-3343	tavoletta	_	_	_	
34-9	3343-3344	,	_	_	_	
34-10	3345-3348	che	_	_	_	
34-11	3349-3352	sta	_	_	_	
34-12	3353-3357	loro	_	_	_	
34-13	3358-3365	dinanzi	_	_	_	
34-14	3365-3366	,	_	_	_	
34-15	3367-3374	tenendo	_	_	_	
34-16	3375-3378	gli	_	_	_	
34-17	3379-3384	altri	_	_	_	
34-18	3385-3389	fili	_	_	_	
34-19	3390-3395	nella	_	_	_	
34-20	3396-3400	mano	_	_	_	
34-21	3400-3401	.	_	_	_	

#Text=È un apparecchio inventato da poco tempo da un celebre fisico inglese e che fino ad ora non fu applicato che in questo e in qualche altro grande teatro d’Europa.
35-1	3402-3403	È	_	_	_	
35-2	3404-3406	un	_	_	_	
35-3	3407-3418	apparecchio	_	_	_	
35-4	3419-3428	inventato	_	_	_	
35-5	3429-3431	da	_	_	_	
35-6	3432-3436	poco	_	_	_	
35-7	3437-3442	tempo	_	_	_	
35-8	3443-3445	da	_	_	_	
35-9	3446-3448	un	_	_	_	
35-10	3449-3456	celebre	_	_	_	
35-11	3457-3463	fisico	_	_	_	
35-12	3464-3471	inglese	_	_	_	
35-13	3472-3473	e	_	_	_	
35-14	3474-3477	che	_	_	_	
35-15	3478-3482	fino	_	_	_	
35-16	3483-3485	ad	_	_	_	
35-17	3486-3489	ora	_	_	_	
35-18	3490-3493	non	_	_	_	
35-19	3494-3496	fu	_	_	_	
35-20	3497-3506	applicato	_	_	_	
35-21	3507-3510	che	_	_	_	
35-22	3511-3513	in	_	_	_	
35-23	3514-3520	questo	_	_	_	
35-24	3521-3522	e	_	_	_	
35-25	3523-3525	in	_	_	_	
35-26	3526-3533	qualche	_	_	_	
35-27	3534-3539	altro	_	_	_	
35-28	3540-3546	grande	_	_	_	
35-29	3547-3553	teatro	_	_	_	
35-30	3554-3555	d	_	_	_	
35-31	3555-3556	’	_	_	_	
35-32	3556-3562	Europa	_	_	_	
35-33	3562-3563	.	_	_	_	

#Text=Il filo, che fa capo alla tavoletta, comunica con un grande condensatore di forza elletronervea, che è una sola per tutti quanti gli spettatori; mentre gli altri cinque fili minori si applicano in varii punti del nostro corpo, a seconda del senso, di cui vogliamo accrescere o diminuire la sensibilità. —
#Text=Mentre Paolo parlava, aveva in mano i fili e andava spiegando alla compagna il meccanismo dell’apparecchio.
#Text=— Tu vedi, questo è il filo della sensibilità generale, e si può applicare in qualunque punto del nostro corpo.
36-1	3564-3566	Il	_	_	_	
36-2	3567-3571	filo	_	_	_	
36-3	3571-3572	,	_	_	_	
36-4	3573-3576	che	_	_	_	
36-5	3577-3579	fa	_	_	_	
36-6	3580-3584	capo	_	_	_	
36-7	3585-3589	alla	_	_	_	
36-8	3590-3599	tavoletta	_	_	_	
36-9	3599-3600	,	_	_	_	
36-10	3601-3609	comunica	_	_	_	
36-11	3610-3613	con	_	_	_	
36-12	3614-3616	un	_	_	_	
36-13	3617-3623	grande	_	_	_	
36-14	3624-3636	condensatore	_	_	_	
36-15	3637-3639	di	_	_	_	
36-16	3640-3645	forza	_	_	_	
36-17	3646-3659	elletronervea	_	_	_	
36-18	3659-3660	,	_	_	_	
36-19	3661-3664	che	_	_	_	
36-20	3665-3666	è	_	_	_	
36-21	3667-3670	una	_	_	_	
36-22	3671-3675	sola	_	_	_	
36-23	3676-3679	per	_	_	_	
36-24	3680-3685	tutti	_	_	_	
36-25	3686-3692	quanti	_	_	_	
36-26	3693-3696	gli	_	_	_	
36-27	3697-3707	spettatori	_	_	_	
36-28	3707-3708	;	_	_	_	
36-29	3709-3715	mentre	_	_	_	
36-30	3716-3719	gli	_	_	_	
36-31	3720-3725	altri	_	_	_	
36-32	3726-3732	cinque	_	_	_	
36-33	3733-3737	fili	_	_	_	
36-34	3738-3744	minori	_	_	_	
36-35	3745-3747	si	_	_	_	
36-36	3748-3757	applicano	_	_	_	
36-37	3758-3760	in	_	_	_	
36-38	3761-3766	varii	_	_	_	
36-39	3767-3772	punti	_	_	_	
36-40	3773-3776	del	_	_	_	
36-41	3777-3783	nostro	_	_	_	
36-42	3784-3789	corpo	_	_	_	
36-43	3789-3790	,	_	_	_	
36-44	3791-3792	a	_	_	_	
36-45	3793-3800	seconda	_	_	_	
36-46	3801-3804	del	_	_	_	
36-47	3805-3810	senso	_	_	_	
36-48	3810-3811	,	_	_	_	
36-49	3812-3814	di	_	_	_	
36-50	3815-3818	cui	_	_	_	
36-51	3819-3827	vogliamo	_	_	_	
36-52	3828-3838	accrescere	_	_	_	
36-53	3839-3840	o	_	_	_	
36-54	3841-3850	diminuire	_	_	_	
36-55	3851-3853	la	_	_	_	
36-56	3854-3865	sensibilità	_	_	_	
36-57	3865-3866	.	_	_	_	
36-58	3867-3868	—	_	_	_	
36-59	3869-3875	Mentre	_	_	_	
36-60	3876-3881	Paolo	_	_	_	
36-61	3882-3889	parlava	_	_	_	
36-62	3889-3890	,	_	_	_	
36-63	3891-3896	aveva	_	_	_	
36-64	3897-3899	in	_	_	_	
36-65	3900-3904	mano	_	_	_	
36-66	3905-3906	i	_	_	_	
36-67	3907-3911	fili	_	_	_	
36-68	3912-3913	e	_	_	_	
36-69	3914-3920	andava	_	_	_	
36-70	3921-3930	spiegando	_	_	_	
36-71	3931-3935	alla	_	_	_	
36-72	3936-3944	compagna	_	_	_	
36-73	3945-3947	il	_	_	_	
36-74	3948-3958	meccanismo	_	_	_	
36-75	3959-3963	dell	_	_	_	
36-76	3963-3964	’	_	_	_	
36-77	3964-3975	apparecchio	_	_	_	
36-78	3975-3976	.	_	_	_	
36-79	3977-3978	—	_	_	_	
36-80	3979-3981	Tu	_	_	_	
36-81	3982-3986	vedi	_	_	_	
36-82	3986-3987	,	_	_	_	
36-83	3988-3994	questo	_	_	_	
36-84	3995-3996	è	_	_	_	
36-85	3997-3999	il	_	_	_	
36-86	4000-4004	filo	_	_	_	
36-87	4005-4010	della	_	_	_	
36-88	4011-4022	sensibilità	_	_	_	
36-89	4023-4031	generale	_	_	_	
36-90	4031-4032	,	_	_	_	
36-91	4033-4034	e	_	_	_	
36-92	4035-4037	si	_	_	_	
36-93	4038-4041	può	_	_	_	
36-94	4042-4051	applicare	_	_	_	
36-95	4052-4054	in	_	_	_	
36-96	4055-4064	qualunque	_	_	_	
36-97	4065-4070	punto	_	_	_	
36-98	4071-4074	del	_	_	_	
36-99	4075-4081	nostro	_	_	_	
36-100	4082-4087	corpo	_	_	_	
36-101	4087-4088	.	_	_	_	

#Text=Di solito si tiene in mano e ciò basta perchè noi possiamo acuire o moderare tutte quante le nostre sensazioni.
37-1	4089-4091	Di	_	_	_	
37-2	4092-4098	solito	_	_	_	
37-3	4099-4101	si	_	_	_	
37-4	4102-4107	tiene	_	_	_	
37-5	4108-4110	in	_	_	_	
37-6	4111-4115	mano	_	_	_	
37-7	4116-4117	e	_	_	_	
37-8	4118-4121	ciò	_	_	_	
37-9	4122-4127	basta	_	_	_	
37-10	4128-4134	perchè	_	_	_	
37-11	4135-4138	noi	_	_	_	
37-12	4139-4147	possiamo	_	_	_	
37-13	4148-4154	acuire	_	_	_	
37-14	4155-4156	o	_	_	_	
37-15	4157-4165	moderare	_	_	_	
37-16	4166-4171	tutte	_	_	_	
37-17	4172-4178	quante	_	_	_	
37-18	4179-4181	le	_	_	_	
37-19	4182-4188	nostre	_	_	_	
37-20	4189-4199	sensazioni	_	_	_	
37-21	4199-4200	.	_	_	_	

#Text=Il più e il meno di sensibilità si ottiene, premendo col piede l’uno o l’altro di questi pedali, che tu vedi qui sotto dinanzi al nostro sedile.
38-1	4201-4203	Il	_	_	_	
38-2	4204-4207	più	_	_	_	
38-3	4208-4209	e	_	_	_	
38-4	4210-4212	il	_	_	_	
38-5	4213-4217	meno	_	_	_	
38-6	4218-4220	di	_	_	_	
38-7	4221-4232	sensibilità	_	_	_	
38-8	4233-4235	si	_	_	_	
38-9	4236-4243	ottiene	_	_	_	
38-10	4243-4244	,	_	_	_	
38-11	4245-4253	premendo	_	_	_	
38-12	4254-4257	col	_	_	_	
38-13	4258-4263	piede	_	_	_	
38-14	4264-4265	l	_	_	_	
38-15	4265-4266	’	_	_	_	
38-16	4266-4269	uno	_	_	_	
38-17	4270-4271	o	_	_	_	
38-18	4272-4273	l	_	_	_	
38-19	4273-4274	’	_	_	_	
38-20	4274-4279	altro	_	_	_	
38-21	4280-4282	di	_	_	_	
38-22	4283-4289	questi	_	_	_	
38-23	4290-4296	pedali	_	_	_	
38-24	4296-4297	,	_	_	_	
38-25	4298-4301	che	_	_	_	
38-26	4302-4304	tu	_	_	_	
38-27	4305-4309	vedi	_	_	_	
38-28	4310-4313	qui	_	_	_	
38-29	4314-4319	sotto	_	_	_	
38-30	4320-4327	dinanzi	_	_	_	
38-31	4328-4330	al	_	_	_	
38-32	4331-4337	nostro	_	_	_	
38-33	4338-4344	sedile	_	_	_	
38-34	4344-4345	.	_	_	_	

#Text=Quando uno spettatore vuole crescere l’intensità del piacere, che prova in qualunque delle scene del teatro, preme sul più, e la sua sensibilità cresce secondo la pressione.
39-1	4346-4352	Quando	_	_	_	
39-2	4353-4356	uno	_	_	_	
39-3	4357-4367	spettatore	_	_	_	
39-4	4368-4373	vuole	_	_	_	
39-5	4374-4382	crescere	_	_	_	
39-6	4383-4384	l	_	_	_	
39-7	4384-4385	’	_	_	_	
39-8	4385-4394	intensità	_	_	_	
39-9	4395-4398	del	_	_	_	
39-10	4399-4406	piacere	_	_	_	
39-11	4406-4407	,	_	_	_	
39-12	4408-4411	che	_	_	_	
39-13	4412-4417	prova	_	_	_	
39-14	4418-4420	in	_	_	_	
39-15	4421-4430	qualunque	_	_	_	
39-16	4431-4436	delle	_	_	_	
39-17	4437-4442	scene	_	_	_	
39-18	4443-4446	del	_	_	_	
39-19	4447-4453	teatro	_	_	_	
39-20	4453-4454	,	_	_	_	
39-21	4455-4460	preme	_	_	_	
39-22	4461-4464	sul	_	_	_	
39-23	4465-4468	più	_	_	_	
39-24	4468-4469	,	_	_	_	
39-25	4470-4471	e	_	_	_	
39-26	4472-4474	la	_	_	_	
39-27	4475-4478	sua	_	_	_	
39-28	4479-4490	sensibilità	_	_	_	
39-29	4491-4497	cresce	_	_	_	
39-30	4498-4505	secondo	_	_	_	
39-31	4506-4508	la	_	_	_	
39-32	4509-4518	pressione	_	_	_	
39-33	4518-4519	.	_	_	_	

#Text=Se invece sente troppo, preme sul meno e modera così l’intensità del piacere, il quale si trova a diversi gradi di tensione, secondo le nostre condizioni del momento e secondo il modo di sentire di ciascheduno.
40-1	4520-4522	Se	_	_	_	
40-2	4523-4529	invece	_	_	_	
40-3	4530-4535	sente	_	_	_	
40-4	4536-4542	troppo	_	_	_	
40-5	4542-4543	,	_	_	_	
40-6	4544-4549	preme	_	_	_	
40-7	4550-4553	sul	_	_	_	
40-8	4554-4558	meno	_	_	_	
40-9	4559-4560	e	_	_	_	
40-10	4561-4567	modera	_	_	_	
40-11	4568-4572	così	_	_	_	
40-12	4573-4574	l	_	_	_	
40-13	4574-4575	’	_	_	_	
40-14	4575-4584	intensità	_	_	_	
40-15	4585-4588	del	_	_	_	
40-16	4589-4596	piacere	_	_	_	
40-17	4596-4597	,	_	_	_	
40-18	4598-4600	il	_	_	_	
40-19	4601-4606	quale	_	_	_	
40-20	4607-4609	si	_	_	_	
40-21	4610-4615	trova	_	_	_	
40-22	4616-4617	a	_	_	_	
40-23	4618-4625	diversi	_	_	_	
40-24	4626-4631	gradi	_	_	_	
40-25	4632-4634	di	_	_	_	
40-26	4635-4643	tensione	_	_	_	
40-27	4643-4644	,	_	_	_	
40-28	4645-4652	secondo	_	_	_	
40-29	4653-4655	le	_	_	_	
40-30	4656-4662	nostre	_	_	_	
40-31	4663-4673	condizioni	_	_	_	
40-32	4674-4677	del	_	_	_	
40-33	4678-4685	momento	_	_	_	
40-34	4686-4687	e	_	_	_	
40-35	4688-4695	secondo	_	_	_	
40-36	4696-4698	il	_	_	_	
40-37	4699-4703	modo	_	_	_	
40-38	4704-4706	di	_	_	_	
40-39	4707-4714	sentire	_	_	_	
40-40	4715-4717	di	_	_	_	
40-41	4718-4729	ciascheduno	_	_	_	
40-42	4729-4730	.	_	_	_	

#Text=Vedrai che alcuni degli spettatori non fanno uso di questo nuovo strumento, che è un vero regolatore della sensibilità, sia perchè lo trovano ancora troppo complicato, sia anche perchè si accontentano dello stato normale del loro sentire.
41-1	4731-4737	Vedrai	_	_	_	
41-2	4738-4741	che	_	_	_	
41-3	4742-4748	alcuni	_	_	_	
41-4	4749-4754	degli	_	_	_	
41-5	4755-4765	spettatori	_	_	_	
41-6	4766-4769	non	_	_	_	
41-7	4770-4775	fanno	_	_	_	
41-8	4776-4779	uso	_	_	_	
41-9	4780-4782	di	_	_	_	
41-10	4783-4789	questo	_	_	_	
41-11	4790-4795	nuovo	_	_	_	
41-12	4796-4805	strumento	_	_	_	
41-13	4805-4806	,	_	_	_	
41-14	4807-4810	che	_	_	_	
41-15	4811-4812	è	_	_	_	
41-16	4813-4815	un	_	_	_	
41-17	4816-4820	vero	_	_	_	
41-18	4821-4831	regolatore	_	_	_	
41-19	4832-4837	della	_	_	_	
41-20	4838-4849	sensibilità	_	_	_	
41-21	4849-4850	,	_	_	_	
41-22	4851-4854	sia	_	_	_	
41-23	4855-4861	perchè	_	_	_	
41-24	4862-4864	lo	_	_	_	
41-25	4865-4872	trovano	_	_	_	
41-26	4873-4879	ancora	_	_	_	
41-27	4880-4886	troppo	_	_	_	
41-28	4887-4897	complicato	_	_	_	
41-29	4897-4898	,	_	_	_	
41-30	4899-4902	sia	_	_	_	
41-31	4903-4908	anche	_	_	_	
41-32	4909-4915	perchè	_	_	_	
41-33	4916-4918	si	_	_	_	
41-34	4919-4931	accontentano	_	_	_	
41-35	4932-4937	dello	_	_	_	
41-36	4938-4943	stato	_	_	_	
41-37	4944-4951	normale	_	_	_	
41-38	4952-4955	del	_	_	_	
41-39	4956-4960	loro	_	_	_	
41-40	4961-4968	sentire	_	_	_	
41-41	4968-4969	.	_	_	_	

#Text=Quando tu applichi il filo più sottile sulla fronte o sull’orecchio o sul naso, agisce più direttamente sul senso della vista, dell’udito, o dell’olfatto; rendendo più delicate e più squisite le sensazioni che vi corrispondono.
42-1	4970-4976	Quando	_	_	_	
42-2	4977-4979	tu	_	_	_	
42-3	4980-4988	applichi	_	_	_	
42-4	4989-4991	il	_	_	_	
42-5	4992-4996	filo	_	_	_	
42-6	4997-5000	più	_	_	_	
42-7	5001-5008	sottile	_	_	_	
42-8	5009-5014	sulla	_	_	_	
42-9	5015-5021	fronte	_	_	_	
42-10	5022-5023	o	_	_	_	
42-11	5024-5028	sull	_	_	_	
42-12	5028-5029	’	_	_	_	
42-13	5029-5037	orecchio	_	_	_	
42-14	5038-5039	o	_	_	_	
42-15	5040-5043	sul	Perceiver[6]	_	_	
42-16	5044-5048	naso	Perceiver[6]	_	_	
42-17	5048-5049	,	_	_	_	
42-18	5050-5056	agisce	_	_	_	
42-19	5057-5060	più	_	_	_	
42-20	5061-5073	direttamente	_	_	_	
42-21	5074-5077	sul	_	_	_	
42-22	5078-5083	senso	_	_	_	
42-23	5084-5089	della	_	_	_	
42-24	5090-5095	vista	_	_	_	
42-25	5095-5096	,	_	_	_	
42-26	5097-5101	dell	_	_	_	
42-27	5101-5102	’	_	_	_	
42-28	5102-5107	udito	_	_	_	
42-29	5107-5108	,	_	_	_	
42-30	5109-5110	o	_	_	_	
42-31	5111-5115	dell	_	_	_	
42-32	5115-5116	’	_	_	_	
42-33	5116-5123	olfatto	Smell\_Word	*	42-15[6_0]	
42-34	5123-5124	;	_	_	_	
42-35	5125-5133	rendendo	_	_	_	
42-36	5134-5137	più	_	_	_	
42-37	5138-5146	delicate	_	_	_	
42-38	5147-5148	e	_	_	_	
42-39	5149-5152	più	_	_	_	
42-40	5153-5161	squisite	_	_	_	
42-41	5162-5164	le	_	_	_	
42-42	5165-5175	sensazioni	_	_	_	
42-43	5176-5179	che	_	_	_	
42-44	5180-5182	vi	_	_	_	
42-45	5183-5196	corrispondono	_	_	_	
42-46	5196-5197	.	_	_	_	

#Text=Negli antichi teatri il piacere non era data che dai due sensi della vista e dell’udito, ma oggi nei nostri spettacoli è entrata anche la nota del profumo e perciò anche i piaceri dell’olfatto possono essere moderati o resi più intensi coll’uso di questo estesiometro.
43-1	5198-5203	Negli	_	_	_	
43-2	5204-5211	antichi	_	_	_	
43-3	5212-5218	teatri	_	_	_	
43-4	5219-5221	il	_	_	_	
43-5	5222-5229	piacere	_	_	_	
43-6	5230-5233	non	_	_	_	
43-7	5234-5237	era	_	_	_	
43-8	5238-5242	data	_	_	_	
43-9	5243-5246	che	_	_	_	
43-10	5247-5250	dai	_	_	_	
43-11	5251-5254	due	_	_	_	
43-12	5255-5260	sensi	_	_	_	
43-13	5261-5266	della	_	_	_	
43-14	5267-5272	vista	_	_	_	
43-15	5273-5274	e	_	_	_	
43-16	5275-5279	dell	_	_	_	
43-17	5279-5280	’	_	_	_	
43-18	5280-5285	udito	_	_	_	
43-19	5285-5286	,	_	_	_	
43-20	5287-5289	ma	_	_	_	
43-21	5290-5294	oggi	Time	_	_	
43-22	5295-5298	nei	Circumstances[7]	_	_	
43-23	5299-5305	nostri	Circumstances[7]	_	_	
43-24	5306-5316	spettacoli	Circumstances[7]	_	_	
43-25	5317-5318	è	_	_	_	
43-26	5319-5326	entrata	_	_	_	
43-27	5327-5332	anche	_	_	_	
43-28	5333-5335	la	_	_	_	
43-29	5336-5340	nota	_	_	_	
43-30	5341-5344	del	_	_	_	
43-31	5345-5352	profumo	Smell\_Word	*|*	43-21|43-22[7_0]	
43-32	5353-5354	e	_	_	_	
43-33	5355-5361	perciò	_	_	_	
43-34	5362-5367	anche	_	_	_	
43-35	5368-5369	i	Effect[8]	_	_	
43-36	5370-5377	piaceri	Effect[8]	_	_	
43-37	5378-5382	dell	_	_	_	
43-38	5382-5383	’	_	_	_	
43-39	5383-5390	olfatto	Smell\_Word	*|*|*	43-35[8_0]|43-42|43-45[9_0]	
43-40	5391-5398	possono	_	_	_	
43-41	5399-5405	essere	_	_	_	
43-42	5406-5414	moderati	Quality	_	_	
43-43	5415-5416	o	_	_	_	
43-44	5417-5421	resi	_	_	_	
43-45	5422-5425	più	Quality[9]	_	_	
43-46	5426-5433	intensi	Quality[9]	_	_	
43-47	5434-5438	coll	_	_	_	
43-48	5438-5439	’	_	_	_	
43-49	5439-5442	uso	_	_	_	
43-50	5443-5445	di	_	_	_	
43-51	5446-5452	questo	_	_	_	
43-52	5453-5465	estesiometro	_	_	_	
43-53	5465-5466	.	_	_	_	

#Text=Maria crollava il capo, tra la meraviglia e l’ironia e poi:
#Text=— Tutto questo mi sembra troppo complicato, troppo artificioso.
44-1	5467-5472	Maria	_	_	_	
44-2	5473-5481	crollava	_	_	_	
44-3	5482-5484	il	_	_	_	
44-4	5485-5489	capo	_	_	_	
44-5	5489-5490	,	_	_	_	
44-6	5491-5494	tra	_	_	_	
44-7	5495-5497	la	_	_	_	
44-8	5498-5508	meraviglia	_	_	_	
44-9	5509-5510	e	_	_	_	
44-10	5511-5512	l	_	_	_	
44-11	5512-5513	’	_	_	_	
44-12	5513-5519	ironia	_	_	_	
44-13	5520-5521	e	_	_	_	
44-14	5522-5525	poi	_	_	_	
44-15	5525-5526	:	_	_	_	
44-16	5527-5528	—	_	_	_	
44-17	5529-5534	Tutto	_	_	_	
44-18	5535-5541	questo	_	_	_	
44-19	5542-5544	mi	_	_	_	
44-20	5545-5551	sembra	_	_	_	
44-21	5552-5558	troppo	_	_	_	
44-22	5559-5569	complicato	_	_	_	
44-23	5569-5570	,	_	_	_	
44-24	5571-5577	troppo	_	_	_	
44-25	5578-5589	artificioso	_	_	_	
44-26	5589-5590	.	_	_	_	

#Text=Mettiti tu il beretto magico: quanto a me voglio per questa sera accontentarmi dei miei sensi naturali, così come me li ha fatti Domeneddio. —
#Text=Intanto la sala, illuminata da una luce, di cui non si vedeva la sorgente, e che rischiarava uomini e cose come il sole, si andava riempiendo e una musica soavissima, di cui non si vedevano gli esecutori, spandeva all’intorno le sue divine armonie.
45-1	5591-5598	Mettiti	_	_	_	
45-2	5599-5601	tu	_	_	_	
45-3	5602-5604	il	_	_	_	
45-4	5605-5612	beretto	_	_	_	
45-5	5613-5619	magico	_	_	_	
45-6	5619-5620	:	_	_	_	
45-7	5621-5627	quanto	_	_	_	
45-8	5628-5629	a	_	_	_	
45-9	5630-5632	me	_	_	_	
45-10	5633-5639	voglio	_	_	_	
45-11	5640-5643	per	_	_	_	
45-12	5644-5650	questa	_	_	_	
45-13	5651-5655	sera	_	_	_	
45-14	5656-5669	accontentarmi	_	_	_	
45-15	5670-5673	dei	_	_	_	
45-16	5674-5678	miei	_	_	_	
45-17	5679-5684	sensi	_	_	_	
45-18	5685-5693	naturali	_	_	_	
45-19	5693-5694	,	_	_	_	
45-20	5695-5699	così	_	_	_	
45-21	5700-5704	come	_	_	_	
45-22	5705-5707	me	_	_	_	
45-23	5708-5710	li	_	_	_	
45-24	5711-5713	ha	_	_	_	
45-25	5714-5719	fatti	_	_	_	
45-26	5720-5730	Domeneddio	_	_	_	
45-27	5730-5731	.	_	_	_	
45-28	5732-5733	—	_	_	_	
45-29	5734-5741	Intanto	_	_	_	
45-30	5742-5744	la	_	_	_	
45-31	5745-5749	sala	_	_	_	
45-32	5749-5750	,	_	_	_	
45-33	5751-5761	illuminata	_	_	_	
45-34	5762-5764	da	_	_	_	
45-35	5765-5768	una	_	_	_	
45-36	5769-5773	luce	_	_	_	
45-37	5773-5774	,	_	_	_	
45-38	5775-5777	di	_	_	_	
45-39	5778-5781	cui	_	_	_	
45-40	5782-5785	non	_	_	_	
45-41	5786-5788	si	_	_	_	
45-42	5789-5795	vedeva	_	_	_	
45-43	5796-5798	la	_	_	_	
45-44	5799-5807	sorgente	_	_	_	
45-45	5807-5808	,	_	_	_	
45-46	5809-5810	e	_	_	_	
45-47	5811-5814	che	_	_	_	
45-48	5815-5826	rischiarava	_	_	_	
45-49	5827-5833	uomini	_	_	_	
45-50	5834-5835	e	_	_	_	
45-51	5836-5840	cose	_	_	_	
45-52	5841-5845	come	_	_	_	
45-53	5846-5848	il	_	_	_	
45-54	5849-5853	sole	_	_	_	
45-55	5853-5854	,	_	_	_	
45-56	5855-5857	si	_	_	_	
45-57	5858-5864	andava	_	_	_	
45-58	5865-5875	riempiendo	_	_	_	
45-59	5876-5877	e	_	_	_	
45-60	5878-5881	una	_	_	_	
45-61	5882-5888	musica	_	_	_	
45-62	5889-5899	soavissima	_	_	_	
45-63	5899-5900	,	_	_	_	
45-64	5901-5903	di	_	_	_	
45-65	5904-5907	cui	_	_	_	
45-66	5908-5911	non	_	_	_	
45-67	5912-5914	si	_	_	_	
45-68	5915-5923	vedevano	_	_	_	
45-69	5924-5927	gli	_	_	_	
45-70	5928-5937	esecutori	_	_	_	
45-71	5937-5938	,	_	_	_	
45-72	5939-5947	spandeva	_	_	_	
45-73	5948-5951	all	_	_	_	
45-74	5951-5952	’	_	_	_	
45-75	5952-5959	intorno	_	_	_	
45-76	5960-5962	le	_	_	_	
45-77	5963-5966	sue	_	_	_	
45-78	5967-5973	divine	_	_	_	
45-79	5974-5981	armonie	_	_	_	
45-80	5981-5982	.	_	_	_	

#Text=A un tratto la musica cessò, si apersero le cortine che separavano gli spettatori dal palco scenico e apparve all’occhio di tutti la prima scena:
#Text=È una famiglia preistorica, che fa il suo pasto in una grotta trogloditica.
46-1	5983-5984	A	_	_	_	
46-2	5985-5987	un	_	_	_	
46-3	5988-5994	tratto	_	_	_	
46-4	5995-5997	la	_	_	_	
46-5	5998-6004	musica	_	_	_	
46-6	6005-6010	cessò	_	_	_	
46-7	6010-6011	,	_	_	_	
46-8	6012-6014	si	_	_	_	
46-9	6015-6023	apersero	_	_	_	
46-10	6024-6026	le	_	_	_	
46-11	6027-6034	cortine	_	_	_	
46-12	6035-6038	che	_	_	_	
46-13	6039-6049	separavano	_	_	_	
46-14	6050-6053	gli	_	_	_	
46-15	6054-6064	spettatori	_	_	_	
46-16	6065-6068	dal	_	_	_	
46-17	6069-6074	palco	_	_	_	
46-18	6075-6082	scenico	_	_	_	
46-19	6083-6084	e	_	_	_	
46-20	6085-6092	apparve	_	_	_	
46-21	6093-6096	all	_	_	_	
46-22	6096-6097	’	_	_	_	
46-23	6097-6103	occhio	_	_	_	
46-24	6104-6106	di	_	_	_	
46-25	6107-6112	tutti	_	_	_	
46-26	6113-6115	la	_	_	_	
46-27	6116-6121	prima	_	_	_	
46-28	6122-6127	scena	_	_	_	
46-29	6127-6128	:	_	_	_	
46-30	6129-6130	È	_	_	_	
46-31	6131-6134	una	_	_	_	
46-32	6135-6143	famiglia	_	_	_	
46-33	6144-6155	preistorica	_	_	_	
46-34	6155-6156	,	_	_	_	
46-35	6157-6160	che	_	_	_	
46-36	6161-6163	fa	_	_	_	
46-37	6164-6166	il	_	_	_	
46-38	6167-6170	suo	_	_	_	
46-39	6171-6176	pasto	_	_	_	
46-40	6177-6179	in	_	_	_	
46-41	6180-6183	una	_	_	_	
46-42	6184-6190	grotta	_	_	_	
46-43	6191-6203	trogloditica	_	_	_	
46-44	6203-6204	.	_	_	_	

#Text=Uomini e donne nudi, irsuti. — Ascie di pietre immanicate e appese alle pareti della grotta.
47-1	6205-6211	Uomini	_	_	_	
47-2	6212-6213	e	_	_	_	
47-3	6214-6219	donne	_	_	_	
47-4	6220-6224	nudi	_	_	_	
47-5	6224-6225	,	_	_	_	
47-6	6226-6232	irsuti	_	_	_	
47-7	6232-6233	.	_	_	_	
47-8	6234-6235	—	_	_	_	
47-9	6236-6241	Ascie	_	_	_	
47-10	6242-6244	di	_	_	_	
47-11	6245-6251	pietre	_	_	_	
47-12	6252-6262	immanicate	_	_	_	
47-13	6263-6264	e	_	_	_	
47-14	6265-6271	appese	_	_	_	
47-15	6272-6276	alle	_	_	_	
47-16	6277-6283	pareti	_	_	_	
47-17	6284-6289	della	_	_	_	
47-18	6290-6296	grotta	_	_	_	
47-19	6296-6297	.	_	_	_	

#Text=Nel mezzo un focolare acceso, su cui cuoce la metà di una renna enorme e che è già pronta per esser mangiata.
48-1	6298-6301	Nel	_	_	_	
48-2	6302-6307	mezzo	_	_	_	
48-3	6308-6310	un	_	_	_	
48-4	6311-6319	focolare	_	_	_	
48-5	6320-6326	acceso	_	_	_	
48-6	6326-6327	,	_	_	_	
48-7	6328-6330	su	_	_	_	
48-8	6331-6334	cui	_	_	_	
48-9	6335-6340	cuoce	_	_	_	
48-10	6341-6343	la	_	_	_	
48-11	6344-6348	metà	_	_	_	
48-12	6349-6351	di	_	_	_	
48-13	6352-6355	una	_	_	_	
48-14	6356-6361	renna	_	_	_	
48-15	6362-6368	enorme	_	_	_	
48-16	6369-6370	e	_	_	_	
48-17	6371-6374	che	_	_	_	
48-18	6375-6376	è	_	_	_	
48-19	6377-6380	già	_	_	_	
48-20	6381-6387	pronta	_	_	_	
48-21	6388-6391	per	_	_	_	
48-22	6392-6397	esser	_	_	_	
48-23	6398-6406	mangiata	_	_	_	
48-24	6406-6407	.	_	_	_	

#Text=Il padre di famiglia distribuisce alle tre mogli e ai fanciulli, che gli fanno corona, i coltelli di pietra di varia grandezza, secondo l’età di chi deve maneggiarli.
49-1	6408-6410	Il	_	_	_	
49-2	6411-6416	padre	_	_	_	
49-3	6417-6419	di	_	_	_	
49-4	6420-6428	famiglia	_	_	_	
49-5	6429-6441	distribuisce	_	_	_	
49-6	6442-6446	alle	_	_	_	
49-7	6447-6450	tre	_	_	_	
49-8	6451-6456	mogli	_	_	_	
49-9	6457-6458	e	_	_	_	
49-10	6459-6461	ai	_	_	_	
49-11	6462-6471	fanciulli	_	_	_	
49-12	6471-6472	,	_	_	_	
49-13	6473-6476	che	_	_	_	
49-14	6477-6480	gli	_	_	_	
49-15	6481-6486	fanno	_	_	_	
49-16	6487-6493	corona	_	_	_	
49-17	6493-6494	,	_	_	_	
49-18	6495-6496	i	_	_	_	
49-19	6497-6505	coltelli	_	_	_	
49-20	6506-6508	di	_	_	_	
49-21	6509-6515	pietra	_	_	_	
49-22	6516-6518	di	_	_	_	
49-23	6519-6524	varia	_	_	_	
49-24	6525-6534	grandezza	_	_	_	
49-25	6534-6535	,	_	_	_	
49-26	6536-6543	secondo	_	_	_	
49-27	6544-6545	l	_	_	_	
49-28	6545-6546	’	_	_	_	
49-29	6546-6549	età	_	_	_	
49-30	6550-6552	di	_	_	_	
49-31	6553-6556	chi	_	_	_	
49-32	6557-6561	deve	_	_	_	
49-33	6562-6573	maneggiarli	_	_	_	
49-34	6573-6574	.	_	_	_	

#Text=E tutti guardano con occhi avidi l’arrosto saporito e fumante, aspettando che il padre spenga il fuoco e dia l’ordine dell’assalto.
50-1	6575-6576	E	_	_	_	
50-2	6577-6582	tutti	_	_	_	
50-3	6583-6591	guardano	_	_	_	
50-4	6592-6595	con	_	_	_	
50-5	6596-6601	occhi	_	_	_	
50-6	6602-6607	avidi	_	_	_	
50-7	6608-6609	l	_	_	_	
50-8	6609-6610	’	_	_	_	
50-9	6610-6617	arrosto	_	_	_	
50-10	6618-6626	saporito	_	_	_	
50-11	6627-6628	e	_	_	_	
50-12	6629-6636	fumante	_	_	_	
50-13	6636-6637	,	_	_	_	
50-14	6638-6648	aspettando	_	_	_	
50-15	6649-6652	che	_	_	_	
50-16	6653-6655	il	_	_	_	
50-17	6656-6661	padre	_	_	_	
50-18	6662-6668	spenga	_	_	_	
50-19	6669-6671	il	_	_	_	
50-20	6672-6677	fuoco	_	_	_	
50-21	6678-6679	e	_	_	_	
50-22	6680-6683	dia	_	_	_	
50-23	6684-6685	l	_	_	_	
50-24	6685-6686	’	_	_	_	
50-25	6686-6692	ordine	_	_	_	
50-26	6693-6697	dell	_	_	_	
50-27	6697-6698	’	_	_	_	
50-28	6698-6705	assalto	_	_	_	
50-29	6705-6706	.	_	_	_	

#Text=La scena preistorica non poteva essere più fedelmente rappresentata e l’evidenza storica era ancora più eloquente, perchè alla sensazione della vista si associavano quelle dell’udito e dell’olfatto.
51-1	6707-6709	La	_	_	_	
51-2	6710-6715	scena	_	_	_	
51-3	6716-6727	preistorica	_	_	_	
51-4	6728-6731	non	_	_	_	
51-5	6732-6738	poteva	_	_	_	
51-6	6739-6745	essere	_	_	_	
51-7	6746-6749	più	_	_	_	
51-8	6750-6760	fedelmente	_	_	_	
51-9	6761-6774	rappresentata	_	_	_	
51-10	6775-6776	e	_	_	_	
51-11	6777-6778	l	_	_	_	
51-12	6778-6779	’	_	_	_	
51-13	6779-6787	evidenza	_	_	_	
51-14	6788-6795	storica	_	_	_	
51-15	6796-6799	era	_	_	_	
51-16	6800-6806	ancora	_	_	_	
51-17	6807-6810	più	_	_	_	
51-18	6811-6820	eloquente	_	_	_	
51-19	6820-6821	,	_	_	_	
51-20	6822-6828	perchè	_	_	_	
51-21	6829-6833	alla	_	_	_	
51-22	6834-6844	sensazione	_	_	_	
51-23	6845-6850	della	_	_	_	
51-24	6851-6856	vista	_	_	_	
51-25	6857-6859	si	_	_	_	
51-26	6860-6871	associavano	_	_	_	
51-27	6872-6878	quelle	_	_	_	
51-28	6879-6883	dell	_	_	_	
51-29	6883-6884	’	_	_	_	
51-30	6884-6889	udito	_	_	_	
51-31	6890-6891	e	_	_	_	
51-32	6892-6896	dell	_	_	_	
51-33	6896-6897	’	_	_	_	
51-34	6897-6904	olfatto	Smell\_Word	_	_	
51-35	6904-6905	.	_	_	_	

#Text=Mentre quei trogloditi facevano a pezzi l’arrosto preistorico, spezzando le ossa lunghe con martelli di pietra e succhiandone avidamente il midollo, si udiva una musica invisibile, rozza, barbarica, tumultuosa e in tutta la vasta sala del teatro si sentiva un odore selvaggio di carni arrostite.
52-1	6906-6912	Mentre	Circumstances[10]	_	_	
52-2	6913-6917	quei	Circumstances[10]	_	_	
52-3	6918-6928	trogloditi	Circumstances[10]	_	_	
52-4	6929-6937	facevano	Circumstances[10]	_	_	
52-5	6938-6939	a	Circumstances[10]	_	_	
52-6	6940-6945	pezzi	Circumstances[10]	_	_	
52-7	6946-6947	l	Circumstances[10]	_	_	
52-8	6947-6948	’	Circumstances[10]	_	_	
52-9	6948-6955	arrosto	Circumstances[10]	_	_	
52-10	6956-6967	preistorico	Circumstances[10]	_	_	
52-11	6967-6968	,	_	_	_	
52-12	6969-6978	spezzando	_	_	_	
52-13	6979-6981	le	_	_	_	
52-14	6982-6986	ossa	_	_	_	
52-15	6987-6993	lunghe	_	_	_	
52-16	6994-6997	con	_	_	_	
52-17	6998-7006	martelli	_	_	_	
52-18	7007-7009	di	_	_	_	
52-19	7010-7016	pietra	_	_	_	
52-20	7017-7018	e	_	_	_	
52-21	7019-7031	succhiandone	_	_	_	
52-22	7032-7042	avidamente	_	_	_	
52-23	7043-7045	il	_	_	_	
52-24	7046-7053	midollo	_	_	_	
52-25	7053-7054	,	_	_	_	
52-26	7055-7057	si	_	_	_	
52-27	7058-7063	udiva	_	_	_	
52-28	7064-7067	una	_	_	_	
52-29	7068-7074	musica	_	_	_	
52-30	7075-7085	invisibile	_	_	_	
52-31	7085-7086	,	_	_	_	
52-32	7087-7092	rozza	_	_	_	
52-33	7092-7093	,	_	_	_	
52-34	7094-7103	barbarica	_	_	_	
52-35	7103-7104	,	_	_	_	
52-36	7105-7115	tumultuosa	_	_	_	
52-37	7116-7117	e	_	_	_	
52-38	7118-7120	in	_	_	_	
52-39	7121-7126	tutta	_	_	_	
52-40	7127-7129	la	_	_	_	
52-41	7130-7135	vasta	_	_	_	
52-42	7136-7140	sala	_	_	_	
52-43	7141-7144	del	_	_	_	
52-44	7145-7151	teatro	_	_	_	
52-45	7152-7154	si	_	_	_	
52-46	7155-7162	sentiva	_	_	_	
52-47	7163-7165	un	_	_	_	
52-48	7166-7171	odore	Smell\_Word	*|*|*	52-49|52-50[11_0]|52-1[10_0]	
52-49	7172-7181	selvaggio	Quality	_	_	
52-50	7182-7184	di	Smell\_Source[11]	_	_	
52-51	7185-7190	carni	Smell\_Source[11]	_	_	
52-52	7191-7200	arrostite	Smell\_Source[11]	_	_	
52-53	7200-7201	.	_	_	_	

#Text=Fuori della grotta pareva di sentire da lungi muggiti di fiere, mentre il cielo oscuro lampeggiava come per una procella vicina.
#Text=— Tutto era unissono e concorde per trasportare gli spettatori nel mondo di centinaia di secoli or sono e a tutti sembrava di rivivere in quella gioia animalesca di una famiglia neolitica, che saziava la sua fame omerica con un pasto selvaggio, ma saporito.
#Text=— Vedi, Maria, — disse Paolo, — io mi servo subito del mio estesiometro, perchè questa scena mi piace assai; ma non così egualmente trovo troppo gradevole questo profumo di carne arrostita.
53-1	7202-7207	Fuori	_	_	_	
53-2	7208-7213	della	_	_	_	
53-3	7214-7220	grotta	_	_	_	
53-4	7221-7227	pareva	_	_	_	
53-5	7228-7230	di	_	_	_	
53-6	7231-7238	sentire	_	_	_	
53-7	7239-7241	da	_	_	_	
53-8	7242-7247	lungi	_	_	_	
53-9	7248-7255	muggiti	_	_	_	
53-10	7256-7258	di	_	_	_	
53-11	7259-7264	fiere	_	_	_	
53-12	7264-7265	,	_	_	_	
53-13	7266-7272	mentre	_	_	_	
53-14	7273-7275	il	_	_	_	
53-15	7276-7281	cielo	_	_	_	
53-16	7282-7288	oscuro	_	_	_	
53-17	7289-7300	lampeggiava	_	_	_	
53-18	7301-7305	come	_	_	_	
53-19	7306-7309	per	_	_	_	
53-20	7310-7313	una	_	_	_	
53-21	7314-7322	procella	_	_	_	
53-22	7323-7329	vicina	_	_	_	
53-23	7329-7330	.	_	_	_	
53-24	7331-7332	—	_	_	_	
53-25	7333-7338	Tutto	_	_	_	
53-26	7339-7342	era	_	_	_	
53-27	7343-7351	unissono	_	_	_	
53-28	7352-7353	e	_	_	_	
53-29	7354-7362	concorde	_	_	_	
53-30	7363-7366	per	_	_	_	
53-31	7367-7378	trasportare	_	_	_	
53-32	7379-7382	gli	_	_	_	
53-33	7383-7393	spettatori	_	_	_	
53-34	7394-7397	nel	_	_	_	
53-35	7398-7403	mondo	_	_	_	
53-36	7404-7406	di	_	_	_	
53-37	7407-7416	centinaia	_	_	_	
53-38	7417-7419	di	_	_	_	
53-39	7420-7426	secoli	_	_	_	
53-40	7427-7429	or	_	_	_	
53-41	7430-7434	sono	_	_	_	
53-42	7435-7436	e	_	_	_	
53-43	7437-7438	a	_	_	_	
53-44	7439-7444	tutti	_	_	_	
53-45	7445-7453	sembrava	_	_	_	
53-46	7454-7456	di	_	_	_	
53-47	7457-7465	rivivere	_	_	_	
53-48	7466-7468	in	_	_	_	
53-49	7469-7475	quella	_	_	_	
53-50	7476-7481	gioia	_	_	_	
53-51	7482-7492	animalesca	_	_	_	
53-52	7493-7495	di	_	_	_	
53-53	7496-7499	una	_	_	_	
53-54	7500-7508	famiglia	_	_	_	
53-55	7509-7518	neolitica	_	_	_	
53-56	7518-7519	,	_	_	_	
53-57	7520-7523	che	_	_	_	
53-58	7524-7531	saziava	_	_	_	
53-59	7532-7534	la	_	_	_	
53-60	7535-7538	sua	_	_	_	
53-61	7539-7543	fame	_	_	_	
53-62	7544-7551	omerica	_	_	_	
53-63	7552-7555	con	_	_	_	
53-64	7556-7558	un	_	_	_	
53-65	7559-7564	pasto	_	_	_	
53-66	7565-7574	selvaggio	_	_	_	
53-67	7574-7575	,	_	_	_	
53-68	7576-7578	ma	_	_	_	
53-69	7579-7587	saporito	_	_	_	
53-70	7587-7588	.	_	_	_	
53-71	7589-7590	—	_	_	_	
53-72	7591-7595	Vedi	_	_	_	
53-73	7595-7596	,	_	_	_	
53-74	7597-7602	Maria	_	_	_	
53-75	7602-7603	,	_	_	_	
53-76	7604-7605	—	_	_	_	
53-77	7606-7611	disse	_	_	_	
53-78	7612-7617	Paolo	_	_	_	
53-79	7617-7618	,	_	_	_	
53-80	7619-7620	—	_	_	_	
53-81	7621-7623	io	Perceiver	_	_	
53-82	7624-7626	mi	_	_	_	
53-83	7627-7632	servo	_	_	_	
53-84	7633-7639	subito	_	_	_	
53-85	7640-7643	del	_	_	_	
53-86	7644-7647	mio	_	_	_	
53-87	7648-7660	estesiometro	_	_	_	
53-88	7660-7661	,	_	_	_	
53-89	7662-7668	perchè	_	_	_	
53-90	7669-7675	questa	_	_	_	
53-91	7676-7681	scena	_	_	_	
53-92	7682-7684	mi	_	_	_	
53-93	7685-7690	piace	_	_	_	
53-94	7691-7696	assai	_	_	_	
53-95	7696-7697	;	_	_	_	
53-96	7698-7700	ma	_	_	_	
53-97	7701-7704	non	_	_	_	
53-98	7705-7709	così	_	_	_	
53-99	7710-7720	egualmente	_	_	_	
53-100	7721-7726	trovo	_	_	_	
53-101	7727-7733	troppo	Quality[12]	_	_	
53-102	7734-7743	gradevole	Quality[12]	_	_	
53-103	7744-7750	questo	_	_	_	
53-104	7751-7758	profumo	Smell\_Word	*|*|*	53-101[12_0]|53-105[13_0]|53-81	
53-105	7759-7761	di	Smell\_Source[13]	_	_	
53-106	7762-7767	carne	Smell\_Source[13]	_	_	
53-107	7768-7777	arrostita	Smell\_Source[13]	_	_	
53-108	7777-7778	.	_	_	_	

#Text=Io metto il filo dell’estesiometro sul naso, premo il piede sul pedale moderatore ed io non sento quasi più l’odore di bruciaticcio.
54-1	7780-7782	Io	_	_	_	
54-2	7783-7788	metto	_	_	_	
54-3	7789-7791	il	_	_	_	
54-4	7792-7796	filo	_	_	_	
54-5	7797-7801	dell	_	_	_	
54-6	7801-7802	’	_	_	_	
54-7	7802-7814	estesiometro	_	_	_	
54-8	7815-7818	sul	Perceiver[14]	_	_	
54-9	7819-7823	naso	Perceiver[14]	_	_	
54-10	7823-7824	,	_	_	_	
54-11	7825-7830	premo	_	_	_	
54-12	7831-7833	il	_	_	_	
54-13	7834-7839	piede	_	_	_	
54-14	7840-7843	sul	_	_	_	
54-15	7844-7850	pedale	_	_	_	
54-16	7851-7861	moderatore	_	_	_	
54-17	7862-7864	ed	_	_	_	
54-18	7865-7867	io	Perceiver	_	_	
54-19	7868-7871	non	_	_	_	
54-20	7872-7877	sento	_	_	_	
54-21	7878-7883	quasi	_	_	_	
54-22	7884-7887	più	_	_	_	
54-23	7888-7889	l	_	_	_	
54-24	7889-7890	’	_	_	_	
54-25	7890-7895	odore	Smell\_Word	*|*|*	54-18|54-26[15_0]|54-8[14_0]	
54-26	7896-7898	di	Smell\_Source[15]	_	_	
54-27	7899-7911	bruciaticcio	Smell\_Source[15]	_	_	
54-28	7911-7912	.	_	_	_	

#Text=Anzi l’odore è diventato quasi un profumo di bistecca, che mi solletica piacevolmente il palato e mi risveglia l’appetito. —
#Text=Maria allora, incuriosita della cosa, volle mettersi anch’essa il magico berretto e se ne trovò soddisfattissima.
55-1	7914-7918	Anzi	_	_	_	
55-2	7919-7920	l	_	_	_	
55-3	7920-7921	’	_	_	_	
55-4	7921-7926	odore	Smell\_Word	*|*|*	55-8[16_0]|55-14[17_0]|55-20[18_0]	
55-5	7927-7928	è	_	_	_	
55-6	7929-7938	diventato	_	_	_	
55-7	7939-7944	quasi	_	_	_	
55-8	7945-7947	un	Evoked\_Odorant[16]	_	_	
55-9	7948-7955	profumo	Evoked\_Odorant[16]	_	_	
55-10	7956-7958	di	Evoked\_Odorant[16]	_	_	
55-11	7959-7967	bistecca	Evoked\_Odorant[16]	_	_	
55-12	7967-7968	,	_	_	_	
55-13	7969-7972	che	_	_	_	
55-14	7973-7975	mi	Effect[17]	_	_	
55-15	7976-7985	solletica	Effect[17]	_	_	
55-16	7986-7999	piacevolmente	Effect[17]	_	_	
55-17	8000-8002	il	Effect[17]	_	_	
55-18	8003-8009	palato	Effect[17]	_	_	
55-19	8010-8011	e	_	_	_	
55-20	8012-8014	mi	Effect[18]	_	_	
55-21	8015-8024	risveglia	Effect[18]	_	_	
55-22	8025-8026	l	Effect[18]	_	_	
55-23	8026-8027	’	Effect[18]	_	_	
55-24	8027-8035	appetito	Effect[18]	_	_	
55-25	8035-8036	.	_	_	_	
55-26	8037-8038	—	_	_	_	
55-27	8039-8044	Maria	_	_	_	
55-28	8045-8051	allora	_	_	_	
55-29	8051-8052	,	_	_	_	
55-30	8053-8064	incuriosita	_	_	_	
55-31	8065-8070	della	_	_	_	
55-32	8071-8075	cosa	_	_	_	
55-33	8075-8076	,	_	_	_	
55-34	8077-8082	volle	_	_	_	
55-35	8083-8091	mettersi	_	_	_	
55-36	8092-8096	anch	_	_	_	
55-37	8096-8097	’	_	_	_	
55-38	8097-8101	essa	_	_	_	
55-39	8102-8104	il	_	_	_	
55-40	8105-8111	magico	_	_	_	
55-41	8112-8120	berretto	_	_	_	
55-42	8121-8122	e	_	_	_	
55-43	8123-8125	se	_	_	_	
55-44	8126-8128	ne	_	_	_	
55-45	8129-8134	trovò	_	_	_	
55-46	8135-8151	soddisfattissima	_	_	_	
55-47	8151-8152	.	_	_	_	

#Text=Finita la prima scena si richiusero le cortine e si riaprirono poco dopo, per mostrarne una seconda.
56-1	8153-8159	Finita	_	_	_	
56-2	8160-8162	la	_	_	_	
56-3	8163-8168	prima	_	_	_	
56-4	8169-8174	scena	_	_	_	
56-5	8175-8177	si	_	_	_	
56-6	8178-8188	richiusero	_	_	_	
56-7	8189-8191	le	_	_	_	
56-8	8192-8199	cortine	_	_	_	
56-9	8200-8201	e	_	_	_	
56-10	8202-8204	si	_	_	_	
56-11	8205-8215	riaprirono	_	_	_	
56-12	8216-8220	poco	_	_	_	
56-13	8221-8225	dopo	_	_	_	
56-14	8225-8226	,	_	_	_	
56-15	8227-8230	per	_	_	_	
56-16	8231-8240	mostrarne	_	_	_	
56-17	8241-8244	una	_	_	_	
56-18	8245-8252	seconda	_	_	_	
56-19	8252-8253	.	_	_	_	

#Text=Era una scena di guerra omerica nei tempi dell’antica Grecia, e chi ha letto l’IliadeIliade o l’OdisseaOdissea può figurarsela facilmente.
57-1	8254-8257	Era	_	_	_	
57-2	8258-8261	una	_	_	_	
57-3	8262-8267	scena	_	_	_	
57-4	8268-8270	di	_	_	_	
57-5	8271-8277	guerra	_	_	_	
57-6	8278-8285	omerica	_	_	_	
57-7	8286-8289	nei	_	_	_	
57-8	8290-8295	tempi	_	_	_	
57-9	8296-8300	dell	_	_	_	
57-10	8300-8301	’	_	_	_	
57-11	8301-8307	antica	_	_	_	
57-12	8308-8314	Grecia	_	_	_	
57-13	8314-8315	,	_	_	_	
57-14	8316-8317	e	_	_	_	
57-15	8318-8321	chi	_	_	_	
57-16	8322-8324	ha	_	_	_	
57-17	8325-8330	letto	_	_	_	
57-18	8331-8332	l	_	_	_	
57-19	8332-8333	’	_	_	_	
57-20	8333-8345	IliadeIliade	_	_	_	
57-21	8346-8347	o	_	_	_	
57-22	8348-8349	l	_	_	_	
57-23	8349-8350	’	_	_	_	
57-24	8350-8364	OdisseaOdissea	_	_	_	
57-25	8365-8368	può	_	_	_	
57-26	8369-8380	figurarsela	_	_	_	
57-27	8381-8391	facilmente	_	_	_	
57-28	8391-8392	.	_	_	_	

#Text=Mentre la prima scena rappresentava la gioia animalesca del mangiare, questa mostrava al vivo le terribili voluttà della lotta, e i cavalli che portavano i guerrieri alla battaglia nitrivano e gli eroi dagli elmi piumati alzavano al cielo grida formidabili, e lancie e giavellotti cozzavano orrendamente tra di loro; e l’urlo selvaggio della vittoria riempiva l’aria di orrore; mentre i carri passavano sui caduti e i loro gemiti si udivano nel fragore e nel tumulto della pugna.
58-1	8393-8399	Mentre	_	_	_	
58-2	8400-8402	la	_	_	_	
58-3	8403-8408	prima	_	_	_	
58-4	8409-8414	scena	_	_	_	
58-5	8415-8428	rappresentava	_	_	_	
58-6	8429-8431	la	_	_	_	
58-7	8432-8437	gioia	_	_	_	
58-8	8438-8448	animalesca	_	_	_	
58-9	8449-8452	del	_	_	_	
58-10	8453-8461	mangiare	_	_	_	
58-11	8461-8462	,	_	_	_	
58-12	8463-8469	questa	_	_	_	
58-13	8470-8478	mostrava	_	_	_	
58-14	8479-8481	al	_	_	_	
58-15	8482-8486	vivo	_	_	_	
58-16	8487-8489	le	_	_	_	
58-17	8490-8499	terribili	_	_	_	
58-18	8500-8507	voluttà	_	_	_	
58-19	8508-8513	della	_	_	_	
58-20	8514-8519	lotta	_	_	_	
58-21	8519-8520	,	_	_	_	
58-22	8521-8522	e	_	_	_	
58-23	8523-8524	i	_	_	_	
58-24	8525-8532	cavalli	_	_	_	
58-25	8533-8536	che	_	_	_	
58-26	8537-8546	portavano	_	_	_	
58-27	8547-8548	i	_	_	_	
58-28	8549-8558	guerrieri	_	_	_	
58-29	8559-8563	alla	_	_	_	
58-30	8564-8573	battaglia	_	_	_	
58-31	8574-8583	nitrivano	_	_	_	
58-32	8584-8585	e	_	_	_	
58-33	8586-8589	gli	_	_	_	
58-34	8590-8594	eroi	_	_	_	
58-35	8595-8600	dagli	_	_	_	
58-36	8601-8605	elmi	_	_	_	
58-37	8606-8613	piumati	_	_	_	
58-38	8614-8622	alzavano	_	_	_	
58-39	8623-8625	al	_	_	_	
58-40	8626-8631	cielo	_	_	_	
58-41	8632-8637	grida	_	_	_	
58-42	8638-8649	formidabili	_	_	_	
58-43	8649-8650	,	_	_	_	
58-44	8651-8652	e	_	_	_	
58-45	8653-8659	lancie	_	_	_	
58-46	8660-8661	e	_	_	_	
58-47	8662-8673	giavellotti	_	_	_	
58-48	8674-8683	cozzavano	_	_	_	
58-49	8684-8696	orrendamente	_	_	_	
58-50	8697-8700	tra	_	_	_	
58-51	8701-8703	di	_	_	_	
58-52	8704-8708	loro	_	_	_	
58-53	8708-8709	;	_	_	_	
58-54	8710-8711	e	_	_	_	
58-55	8712-8713	l	_	_	_	
58-56	8713-8714	’	_	_	_	
58-57	8714-8718	urlo	_	_	_	
58-58	8719-8728	selvaggio	_	_	_	
58-59	8729-8734	della	_	_	_	
58-60	8735-8743	vittoria	_	_	_	
58-61	8744-8752	riempiva	_	_	_	
58-62	8753-8754	l	_	_	_	
58-63	8754-8755	’	_	_	_	
58-64	8755-8759	aria	_	_	_	
58-65	8760-8762	di	_	_	_	
58-66	8763-8769	orrore	_	_	_	
58-67	8769-8770	;	_	_	_	
58-68	8771-8777	mentre	_	_	_	
58-69	8778-8779	i	_	_	_	
58-70	8780-8785	carri	_	_	_	
58-71	8786-8795	passavano	_	_	_	
58-72	8796-8799	sui	_	_	_	
58-73	8800-8806	caduti	_	_	_	
58-74	8807-8808	e	_	_	_	
58-75	8809-8810	i	_	_	_	
58-76	8811-8815	loro	_	_	_	
58-77	8816-8822	gemiti	_	_	_	
58-78	8823-8825	si	_	_	_	
58-79	8826-8833	udivano	_	_	_	
58-80	8834-8837	nel	_	_	_	
58-81	8838-8845	fragore	_	_	_	
58-82	8846-8847	e	_	_	_	
58-83	8848-8851	nel	_	_	_	
58-84	8852-8859	tumulto	_	_	_	
58-85	8860-8865	della	_	_	_	
58-86	8866-8871	pugna	_	_	_	
58-87	8871-8872	.	_	_	_	

#Text=Finita la battaglia, appariva lassù nell’alto cielo Venere bella, spargendo fiori sui vincitori.
59-1	8873-8879	Finita	_	_	_	
59-2	8880-8882	la	_	_	_	
59-3	8883-8892	battaglia	_	_	_	
59-4	8892-8893	,	_	_	_	
59-5	8894-8902	appariva	_	_	_	
59-6	8903-8908	lassù	_	_	_	
59-7	8909-8913	nell	_	_	_	
59-8	8913-8914	’	_	_	_	
59-9	8914-8918	alto	_	_	_	
59-10	8919-8924	cielo	_	_	_	
59-11	8925-8931	Venere	_	_	_	
59-12	8932-8937	bella	_	_	_	
59-13	8937-8938	,	_	_	_	
59-14	8939-8948	spargendo	_	_	_	
59-15	8949-8954	fiori	_	_	_	
59-16	8955-8958	sui	_	_	_	
59-17	8959-8968	vincitori	_	_	_	
59-18	8968-8969	.	_	_	_	

#Text=Anche in questa seconda scena la musica armonizzava coll’orrore della battaglia e coi dolori della morte, e un odore di sangue e di ferri cozzanti circolava per l’aria ad acuire le tinte della omerica scena.
60-1	8970-8975	Anche	_	_	_	
60-2	8976-8978	in	_	_	_	
60-3	8979-8985	questa	_	_	_	
60-4	8986-8993	seconda	_	_	_	
60-5	8994-8999	scena	_	_	_	
60-6	9000-9002	la	_	_	_	
60-7	9003-9009	musica	_	_	_	
60-8	9010-9021	armonizzava	_	_	_	
60-9	9022-9026	coll	_	_	_	
60-10	9026-9027	’	_	_	_	
60-11	9027-9033	orrore	_	_	_	
60-12	9034-9039	della	_	_	_	
60-13	9040-9049	battaglia	_	_	_	
60-14	9050-9051	e	_	_	_	
60-15	9052-9055	coi	_	_	_	
60-16	9056-9062	dolori	_	_	_	
60-17	9063-9068	della	_	_	_	
60-18	9069-9074	morte	_	_	_	
60-19	9074-9075	,	_	_	_	
60-20	9076-9077	e	_	_	_	
60-21	9078-9080	un	_	_	_	
60-22	9081-9086	odore	Smell\_Word	*|*|*|*	60-23[19_0]|60-26[20_0]|60-30[21_0]|60-34[22_0]	
60-23	9087-9089	di	Smell\_Source[19]	_	_	
60-24	9090-9096	sangue	Smell\_Source[19]	_	_	
60-25	9097-9098	e	_	_	_	
60-26	9099-9101	di	Smell\_Source[20]	_	_	
60-27	9102-9107	ferri	Smell\_Source[20]	_	_	
60-28	9108-9116	cozzanti	Smell\_Source[20]	_	_	
60-29	9117-9126	circolava	_	_	_	
60-30	9127-9130	per	Odour\_Carrier[21]	_	_	
60-31	9131-9132	l	Odour\_Carrier[21]	_	_	
60-32	9132-9133	’	Odour\_Carrier[21]	_	_	
60-33	9133-9137	aria	Odour\_Carrier[21]	_	_	
60-34	9138-9140	ad	Effect[22]	_	_	
60-35	9141-9147	acuire	Effect[22]	_	_	
60-36	9148-9150	le	Effect[22]	_	_	
60-37	9151-9156	tinte	Effect[22]	_	_	
60-38	9157-9162	della	Effect[22]	_	_	
60-39	9163-9170	omerica	Effect[22]	_	_	
60-40	9171-9176	scena	Effect[22]	_	_	
60-41	9176-9177	.	_	_	_	

#Text=Non starò a dire tutte le scene, che si successero l’una dietro l’altra in quella sera, rappresentando a grandi salti le gioie dell’umanità attraverso le evoluzioni progressive della civiltà.
61-1	9178-9181	Non	_	_	_	
61-2	9182-9187	starò	_	_	_	
61-3	9188-9189	a	_	_	_	
61-4	9190-9194	dire	_	_	_	
61-5	9195-9200	tutte	_	_	_	
61-6	9201-9203	le	_	_	_	
61-7	9204-9209	scene	_	_	_	
61-8	9209-9210	,	_	_	_	
61-9	9211-9214	che	_	_	_	
61-10	9215-9217	si	_	_	_	
61-11	9218-9228	successero	_	_	_	
61-12	9229-9230	l	_	_	_	
61-13	9230-9231	’	_	_	_	
61-14	9231-9234	una	_	_	_	
61-15	9235-9241	dietro	_	_	_	
61-16	9242-9243	l	_	_	_	
61-17	9243-9244	’	_	_	_	
61-18	9244-9249	altra	_	_	_	
61-19	9250-9252	in	_	_	_	
61-20	9253-9259	quella	_	_	_	
61-21	9260-9264	sera	_	_	_	
61-22	9264-9265	,	_	_	_	
61-23	9266-9280	rappresentando	_	_	_	
61-24	9281-9282	a	_	_	_	
61-25	9283-9289	grandi	_	_	_	
61-26	9290-9295	salti	_	_	_	
61-27	9296-9298	le	_	_	_	
61-28	9299-9304	gioie	_	_	_	
61-29	9305-9309	dell	_	_	_	
61-30	9309-9310	’	_	_	_	
61-31	9310-9317	umanità	_	_	_	
61-32	9318-9328	attraverso	_	_	_	
61-33	9329-9331	le	_	_	_	
61-34	9332-9342	evoluzioni	_	_	_	
61-35	9343-9354	progressive	_	_	_	
61-36	9355-9360	della	_	_	_	
61-37	9361-9368	civiltà	_	_	_	
61-38	9368-9369	.	_	_	_	

#Text=Si ebbe una scena di lotta di gladiatori e di fiere nel Colosseo di Roma e anche là la musica era romanamente terribile e grande e l’odore sparso per la sala del teatro era di pelli sudanti e di belve ircine.
62-1	9370-9372	Si	_	_	_	
62-2	9373-9377	ebbe	_	_	_	
62-3	9378-9381	una	_	_	_	
62-4	9382-9387	scena	_	_	_	
62-5	9388-9390	di	_	_	_	
62-6	9391-9396	lotta	_	_	_	
62-7	9397-9399	di	_	_	_	
62-8	9400-9410	gladiatori	_	_	_	
62-9	9411-9412	e	_	_	_	
62-10	9413-9415	di	_	_	_	
62-11	9416-9421	fiere	_	_	_	
62-12	9422-9425	nel	_	_	_	
62-13	9426-9434	Colosseo	_	_	_	
62-14	9435-9437	di	_	_	_	
62-15	9438-9442	Roma	_	_	_	
62-16	9443-9444	e	_	_	_	
62-17	9445-9450	anche	_	_	_	
62-18	9451-9453	là	_	_	_	
62-19	9454-9456	la	_	_	_	
62-20	9457-9463	musica	_	_	_	
62-21	9464-9467	era	_	_	_	
62-22	9468-9479	romanamente	_	_	_	
62-23	9480-9489	terribile	_	_	_	
62-24	9490-9491	e	_	_	_	
62-25	9492-9498	grande	_	_	_	
62-26	9499-9500	e	_	_	_	
62-27	9501-9502	l	_	_	_	
62-28	9502-9503	’	_	_	_	
62-29	9503-9508	odore	Smell\_Word	*|*|*	62-30[23_0]|62-37[24_0]|62-41[25_0]	
62-30	9509-9515	sparso	Location[23]	_	_	
62-31	9516-9519	per	Location[23]	_	_	
62-32	9520-9522	la	Location[23]	_	_	
62-33	9523-9527	sala	Location[23]	_	_	
62-34	9528-9531	del	Location[23]	_	_	
62-35	9532-9538	teatro	Location[23]	_	_	
62-36	9539-9542	era	_	_	_	
62-37	9543-9545	di	Smell\_Source[24]	_	_	
62-38	9546-9551	pelli	Smell\_Source[24]	_	_	
62-39	9552-9559	sudanti	Smell\_Source[24]	_	_	
62-40	9560-9561	e	_	_	_	
62-41	9562-9564	di	Smell\_Source[25]	_	_	
62-42	9565-9570	belve	Smell\_Source[25]	_	_	
62-43	9571-9577	ircine	Smell\_Source[25]	_	_	
62-44	9577-9578	.	_	_	_	

#Text=Si ebbe una scena di una Corte d’amore in un Castello di Provenza, con dame bellissime  e pennuti cavalieri.
63-1	9579-9581	Si	_	_	_	
63-2	9582-9586	ebbe	_	_	_	
63-3	9587-9590	una	_	_	_	
63-4	9591-9596	scena	_	_	_	
63-5	9597-9599	di	_	_	_	
63-6	9600-9603	una	_	_	_	
63-7	9604-9609	Corte	_	_	_	
63-8	9610-9611	d	_	_	_	
63-9	9611-9612	’	_	_	_	
63-10	9612-9617	amore	_	_	_	
63-11	9618-9620	in	_	_	_	
63-12	9621-9623	un	_	_	_	
63-13	9624-9632	Castello	_	_	_	
63-14	9633-9635	di	_	_	_	
63-15	9636-9644	Provenza	_	_	_	
63-16	9644-9645	,	_	_	_	
63-17	9646-9649	con	_	_	_	
63-18	9650-9654	dame	_	_	_	
63-19	9655-9665	bellissime	_	_	_	
63-20	9667-9668	e	_	_	_	
63-21	9669-9676	pennuti	_	_	_	
63-22	9677-9686	cavalieri	_	_	_	
63-23	9686-9687	.	_	_	_	

#Text=Si ebbe una festa carnevalesca del popolo  nel tempo dei Medici.
64-1	9688-9690	Si	_	_	_	
64-2	9691-9695	ebbe	_	_	_	
64-3	9696-9699	una	_	_	_	
64-4	9700-9705	festa	_	_	_	
64-5	9706-9718	carnevalesca	_	_	_	
64-6	9719-9722	del	_	_	_	
64-7	9723-9729	popolo	_	_	_	
64-8	9731-9734	nel	_	_	_	
64-9	9735-9740	tempo	_	_	_	
64-10	9741-9744	dei	_	_	_	
64-11	9745-9751	Medici	_	_	_	
64-12	9751-9752	.	_	_	_	

#Text=Si vide un ballo delle Tuileries al tempo di Napoleone III di FranciaNapoleone III di Francia.
65-1	9753-9755	Si	_	_	_	
65-2	9756-9760	vide	_	_	_	
65-3	9761-9763	un	_	_	_	
65-4	9764-9769	ballo	_	_	_	
65-5	9770-9775	delle	_	_	_	
65-6	9776-9785	Tuileries	_	_	_	
65-7	9786-9788	al	_	_	_	
65-8	9789-9794	tempo	_	_	_	
65-9	9795-9797	di	_	_	_	
65-10	9798-9807	Napoleone	_	_	_	
65-11	9808-9811	III	_	_	_	
65-12	9812-9814	di	_	_	_	
65-13	9815-9831	FranciaNapoleone	_	_	_	
65-14	9832-9835	III	_	_	_	
65-15	9836-9838	di	_	_	_	
65-16	9839-9846	Francia	_	_	_	
65-17	9846-9847	.	_	_	_	

#Text=Ed altre ed altre scene tutte gaie e festose dei tempi successivi.
66-1	9848-9850	Ed	_	_	_	
66-2	9851-9856	altre	_	_	_	
66-3	9857-9859	ed	_	_	_	
66-4	9860-9865	altre	_	_	_	
66-5	9866-9871	scene	_	_	_	
66-6	9872-9877	tutte	_	_	_	
66-7	9878-9882	gaie	_	_	_	
66-8	9883-9884	e	_	_	_	
66-9	9885-9892	festose	_	_	_	
66-10	9893-9896	dei	_	_	_	
66-11	9897-9902	tempi	_	_	_	
66-12	9903-9913	successivi	_	_	_	
66-13	9913-9914	.	_	_	_	

#Text=Non mancarono durante lo spettacolo gli applausi e una sola volta una scena fu zittita, quella cioè in cui si rappresentava una cena pantagruelica in un convento di francescani.
67-1	9915-9918	Non	_	_	_	
67-2	9919-9928	mancarono	_	_	_	
67-3	9929-9936	durante	_	_	_	
67-4	9937-9939	lo	_	_	_	
67-5	9940-9950	spettacolo	_	_	_	
67-6	9951-9954	gli	_	_	_	
67-7	9955-9963	applausi	_	_	_	
67-8	9964-9965	e	_	_	_	
67-9	9966-9969	una	_	_	_	
67-10	9970-9974	sola	_	_	_	
67-11	9975-9980	volta	_	_	_	
67-12	9981-9984	una	_	_	_	
67-13	9985-9990	scena	_	_	_	
67-14	9991-9993	fu	_	_	_	
67-15	9994-10001	zittita	_	_	_	
67-16	10001-10002	,	_	_	_	
67-17	10003-10009	quella	_	_	_	
67-18	10010-10014	cioè	_	_	_	
67-19	10015-10017	in	_	_	_	
67-20	10018-10021	cui	_	_	_	
67-21	10022-10024	si	_	_	_	
67-22	10025-10038	rappresentava	_	_	_	
67-23	10039-10042	una	_	_	_	
67-24	10043-10047	cena	_	_	_	
67-25	10048-10061	pantagruelica	_	_	_	
67-26	10062-10064	in	_	_	_	
67-27	10065-10067	un	_	_	_	
67-28	10068-10076	convento	_	_	_	
67-29	10077-10079	di	_	_	_	
67-30	10080-10091	francescani	_	_	_	
67-31	10091-10092	.	_	_	_	

#Text=Il ricordo dei tempi frateschi era per sè stesso poco simpatico e la scena era con troppa fedeltà rappresentata al vivo nella brutale disarmonia estetica delle sue note.
68-1	10093-10095	Il	_	_	_	
68-2	10096-10103	ricordo	_	_	_	
68-3	10104-10107	dei	_	_	_	
68-4	10108-10113	tempi	_	_	_	
68-5	10114-10123	frateschi	_	_	_	
68-6	10124-10127	era	_	_	_	
68-7	10128-10131	per	_	_	_	
68-8	10132-10134	sè	_	_	_	
68-9	10135-10141	stesso	_	_	_	
68-10	10142-10146	poco	_	_	_	
68-11	10147-10156	simpatico	_	_	_	
68-12	10157-10158	e	_	_	_	
68-13	10159-10161	la	_	_	_	
68-14	10162-10167	scena	_	_	_	
68-15	10168-10171	era	_	_	_	
68-16	10172-10175	con	_	_	_	
68-17	10176-10182	troppa	_	_	_	
68-18	10183-10190	fedeltà	_	_	_	
68-19	10191-10204	rappresentata	_	_	_	
68-20	10205-10207	al	_	_	_	
68-21	10208-10212	vivo	_	_	_	
68-22	10213-10218	nella	_	_	_	
68-23	10219-10226	brutale	_	_	_	
68-24	10227-10237	disarmonia	_	_	_	
68-25	10238-10246	estetica	_	_	_	
68-26	10247-10252	delle	_	_	_	
68-27	10253-10256	sue	_	_	_	
68-28	10257-10261	note	_	_	_	
68-29	10261-10262	.	_	_	_	

#Text=Mentre alcuni frati eruttavano rumorosamente dai ventri troppo obesi, un altro frate leggeva ad alta voce un libro di preghiere, sogghignando sotto i baffi e maciullando di nascosto un’ala di cappone, che gli aveva passato un collega.
69-1	10263-10269	Mentre	_	_	_	
69-2	10270-10276	alcuni	_	_	_	
69-3	10277-10282	frati	_	_	_	
69-4	10283-10293	eruttavano	_	_	_	
69-5	10294-10307	rumorosamente	_	_	_	
69-6	10308-10311	dai	_	_	_	
69-7	10312-10318	ventri	_	_	_	
69-8	10319-10325	troppo	_	_	_	
69-9	10326-10331	obesi	_	_	_	
69-10	10331-10332	,	_	_	_	
69-11	10333-10335	un	_	_	_	
69-12	10336-10341	altro	_	_	_	
69-13	10342-10347	frate	_	_	_	
69-14	10348-10355	leggeva	_	_	_	
69-15	10356-10358	ad	_	_	_	
69-16	10359-10363	alta	_	_	_	
69-17	10364-10368	voce	_	_	_	
69-18	10369-10371	un	_	_	_	
69-19	10372-10377	libro	_	_	_	
69-20	10378-10380	di	_	_	_	
69-21	10381-10390	preghiere	_	_	_	
69-22	10390-10391	,	_	_	_	
69-23	10392-10404	sogghignando	_	_	_	
69-24	10405-10410	sotto	_	_	_	
69-25	10411-10412	i	_	_	_	
69-26	10413-10418	baffi	_	_	_	
69-27	10419-10420	e	_	_	_	
69-28	10421-10432	maciullando	_	_	_	
69-29	10433-10435	di	_	_	_	
69-30	10436-10444	nascosto	_	_	_	
69-31	10445-10447	un	_	_	_	
69-32	10447-10448	’	_	_	_	
69-33	10448-10451	ala	_	_	_	
69-34	10452-10454	di	_	_	_	
69-35	10455-10462	cappone	_	_	_	
69-36	10462-10463	,	_	_	_	
69-37	10464-10467	che	_	_	_	
69-38	10468-10471	gli	_	_	_	
69-39	10472-10477	aveva	_	_	_	
69-40	10478-10485	passato	_	_	_	
69-41	10486-10488	un	_	_	_	
69-42	10489-10496	collega	_	_	_	
69-43	10496-10497	.	_	_	_	

#Text=Questa scena, benchè fosse rappresentazione di gioie storiche, parve sguaiata e perciò fu zittita.
70-1	10498-10504	Questa	_	_	_	
70-2	10505-10510	scena	_	_	_	
70-3	10510-10511	,	_	_	_	
70-4	10512-10518	benchè	_	_	_	
70-5	10519-10524	fosse	_	_	_	
70-6	10525-10541	rappresentazione	_	_	_	
70-7	10542-10544	di	_	_	_	
70-8	10545-10550	gioie	_	_	_	
70-9	10551-10559	storiche	_	_	_	
70-10	10559-10560	,	_	_	_	
70-11	10561-10566	parve	_	_	_	
70-12	10567-10575	sguaiata	_	_	_	
70-13	10576-10577	e	_	_	_	
70-14	10578-10584	perciò	_	_	_	
70-15	10585-10587	fu	_	_	_	
70-16	10588-10595	zittita	_	_	_	
70-17	10595-10596	.	_	_	_	

#Text=Fra un atto e l’altro dello spettacolo Maria e Paolo poterono passeggiare nei corridoi e nelle ampie sale di conversazione, di cui era fornito il teatro e che erano altrettanti giardini ornati di vaghe piante in fiore.
71-1	10597-10600	Fra	_	_	_	
71-2	10601-10603	un	_	_	_	
71-3	10604-10608	atto	_	_	_	
71-4	10609-10610	e	_	_	_	
71-5	10611-10612	l	_	_	_	
71-6	10612-10613	’	_	_	_	
71-7	10613-10618	altro	_	_	_	
71-8	10619-10624	dello	_	_	_	
71-9	10625-10635	spettacolo	_	_	_	
71-10	10636-10641	Maria	_	_	_	
71-11	10642-10643	e	_	_	_	
71-12	10644-10649	Paolo	_	_	_	
71-13	10650-10658	poterono	_	_	_	
71-14	10659-10670	passeggiare	_	_	_	
71-15	10671-10674	nei	_	_	_	
71-16	10675-10683	corridoi	_	_	_	
71-17	10684-10685	e	_	_	_	
71-18	10686-10691	nelle	_	_	_	
71-19	10692-10697	ampie	_	_	_	
71-20	10698-10702	sale	_	_	_	
71-21	10703-10705	di	_	_	_	
71-22	10706-10719	conversazione	_	_	_	
71-23	10719-10720	,	_	_	_	
71-24	10721-10723	di	_	_	_	
71-25	10724-10727	cui	_	_	_	
71-26	10728-10731	era	_	_	_	
71-27	10732-10739	fornito	_	_	_	
71-28	10740-10742	il	_	_	_	
71-29	10743-10749	teatro	_	_	_	
71-30	10750-10751	e	_	_	_	
71-31	10752-10755	che	_	_	_	
71-32	10756-10761	erano	_	_	_	
71-33	10762-10773	altrettanti	_	_	_	
71-34	10774-10782	giardini	_	_	_	
71-35	10783-10789	ornati	_	_	_	
71-36	10790-10792	di	_	_	_	
71-37	10793-10798	vaghe	_	_	_	
71-38	10799-10805	piante	_	_	_	
71-39	10806-10808	in	_	_	_	
71-40	10809-10814	fiore	_	_	_	
71-41	10814-10815	.	_	_	_	

#Text=Anche negli intervalli la musica non cessava mai di spandere all’intorno le sue armonie deliziose.
72-1	10816-10821	Anche	_	_	_	
72-2	10822-10827	negli	_	_	_	
72-3	10828-10838	intervalli	_	_	_	
72-4	10839-10841	la	_	_	_	
72-5	10842-10848	musica	_	_	_	
72-6	10849-10852	non	_	_	_	
72-7	10853-10860	cessava	_	_	_	
72-8	10861-10864	mai	_	_	_	
72-9	10865-10867	di	_	_	_	
72-10	10868-10876	spandere	_	_	_	
72-11	10877-10880	all	_	_	_	
72-12	10880-10881	’	_	_	_	
72-13	10881-10888	intorno	_	_	_	
72-14	10889-10891	le	_	_	_	
72-15	10892-10895	sue	_	_	_	
72-16	10896-10903	armonie	_	_	_	
72-17	10904-10913	deliziose	_	_	_	
72-18	10913-10914	.	_	_	_	

#Text=Nello stesso tempo correnti invisibili di profumi svariati e delicatissimi accompagnavano la musica dell’orecchio con un’altra musica di odori, che si alternavano e si confondevano; facendo dei veri concerti armonici e melodici, che deliziavano gli spettatori di una voluttà olfattoria affatto sconosciuta agli uomini dell’evo antico.
73-1	10915-10920	Nello	Time[26]	_	_	
73-2	10921-10927	stesso	Time[26]	_	_	
73-3	10928-10933	tempo	Time[26]	_	_	
73-4	10934-10942	correnti	Odour\_Carrier[27]	_	_	
73-5	10943-10953	invisibili	Odour\_Carrier[27]	_	_	
73-6	10954-10956	di	_	_	_	
73-7	10957-10964	profumi	Smell\_Word	*|*|*|*	73-8|73-10|73-4[27_0]|73-1[26_0]	
73-8	10965-10973	svariati	Quality	_	_	
73-9	10974-10975	e	_	_	_	
73-10	10976-10989	delicatissimi	Quality	_	_	
73-11	10990-11004	accompagnavano	_	_	_	
73-12	11005-11007	la	_	_	_	
73-13	11008-11014	musica	_	_	_	
73-14	11015-11019	dell	_	_	_	
73-15	11019-11020	’	_	_	_	
73-16	11020-11028	orecchio	_	_	_	
73-17	11029-11032	con	_	_	_	
73-18	11033-11035	un	_	_	_	
73-19	11035-11036	’	_	_	_	
73-20	11036-11041	altra	_	_	_	
73-21	11042-11048	musica	Quality	_	_	
73-22	11049-11051	di	_	_	_	
73-23	11052-11057	odori	Smell\_Word	*	73-21	
73-24	11057-11058	,	_	_	_	
73-25	11059-11062	che	_	_	_	
73-26	11063-11065	si	_	_	_	
73-27	11066-11077	alternavano	_	_	_	
73-28	11078-11079	e	_	_	_	
73-29	11080-11082	si	_	_	_	
73-30	11083-11095	confondevano	_	_	_	
73-31	11095-11096	;	_	_	_	
73-32	11097-11104	facendo	_	_	_	
73-33	11105-11108	dei	_	_	_	
73-34	11109-11113	veri	_	_	_	
73-35	11114-11122	concerti	_	_	_	
73-36	11123-11131	armonici	_	_	_	
73-37	11132-11133	e	_	_	_	
73-38	11134-11142	melodici	_	_	_	
73-39	11142-11143	,	_	_	_	
73-40	11144-11147	che	_	_	_	
73-41	11148-11159	deliziavano	_	_	_	
73-42	11160-11163	gli	_	_	_	
73-43	11164-11174	spettatori	_	_	_	
73-44	11175-11177	di	_	_	_	
73-45	11178-11181	una	_	_	_	
73-46	11182-11189	voluttà	Quality	_	_	
73-47	11190-11200	olfattoria	Smell\_Word	*	73-46	
73-48	11201-11208	affatto	_	_	_	
73-49	11209-11220	sconosciuta	_	_	_	
73-50	11221-11225	agli	_	_	_	
73-51	11226-11232	uomini	_	_	_	
73-52	11233-11237	dell	_	_	_	
73-53	11237-11238	’	_	_	_	
73-54	11238-11241	evo	_	_	_	
73-55	11242-11248	antico	_	_	_	
73-56	11248-11249	.	_	_	_	
