#FORMAT=WebAnno TSV 3.3


#Text=Caput 1
#Text=
#Text=
#Text=1 Verbum Domini quod factum est ad Sophoniam, filium Chusi, filii Godoliæ, filii Amariæ, filii Ezeciæ, in diebus Josiæ, filii Amon, regis Judæ.
#Text=2 Congregans congregabo omnia a facie terræ, dicit Dominus : 3 congregans hominem et pecus, congregans volatilia cæli et pisces maris : et ruinæ impiorum erunt, et disperdam homines a facie terræ, dicit Dominus.
#Text=4 Et extendam manum meam super Judam et super omnes habitantes Jerusalem : et disperdam de loco hoc reliquias Baal, et nomina ædituorum cum sacerdotibus ; 5 et eos qui adorant super tecta militiam cæli, et adorant et jurant in Domino, et jurant in Melchom ; 6 et qui avertuntur de post tergum Domini, et qui non quæsierunt Dominum, nec investigaverunt eum.
#Text=7 Silete a facie Domini Dei, quia juxta est dies Domini : quia præparavit Dominus hostiam ; sanctificavit vocatos suos.
#Text=8 Et erit : in die hostiæ Domini, visitabo super principes, et super filios regis, et super omnes qui induti sunt veste peregrina ; 9 et visitabo super omnem qui arroganter ingreditur super limen in die illa, qui complent domum Domini Dei sui iniquitate et dolo.
#Text=10 Et erit in die illa, dicit Dominus, vox clamoris a porta piscium, et ululatus a Secunda, et contritio magna a collibus.
#Text=11 Ululate, habitatores Pilæ : conticuit omnis populus Chanaan, disperierunt omnes involuti argento.
#Text=12 Et erit in tempore illo : scrutabor Jerusalem in lucernis, et visitabo super viros defixos in fæcibus suis, qui dicunt in cordibus suis : Non faciet bene Dominus, et non faciet male.
#Text=13 Et erit fortitudo eorum in direptionem, et domus eorum in desertum : et ædificabunt domos, et non habitabunt ; et plantabunt vineas, et non bibent vinum earum.
#Text=14 Juxta est dies Domini magnus : juxta est, et velox nimis.
1-1	2-7	Caput	
1-2	8-9	1	
1-3	12-13	1	
1-4	14-20	Verbum	
1-5	21-27	Domini	
1-6	28-32	quod	
1-7	33-39	factum	
1-8	40-43	est	
1-9	44-46	ad	
1-10	47-56	Sophoniam	
1-11	56-57	,	
1-12	58-64	filium	
1-13	65-70	Chusi	
1-14	70-71	,	
1-15	72-77	filii	
1-16	78-85	Godoliæ	
1-17	85-86	,	
1-18	87-92	filii	
1-19	93-99	Amariæ	
1-20	99-100	,	
1-21	101-106	filii	
1-22	107-113	Ezeciæ	
1-23	113-114	,	
1-24	115-117	in	
1-25	118-124	diebus	
1-26	125-130	Josiæ	
1-27	130-131	,	
1-28	132-137	filii	
1-29	138-142	Amon	
1-30	142-143	,	
1-31	144-149	regis	
1-32	150-154	Judæ	
1-33	154-155	.	
1-34	156-157	2	
1-35	158-168	Congregans	
1-36	169-179	congregabo	
1-37	180-185	omnia	
1-38	186-187	a	
1-39	188-193	facie	
1-40	194-199	terræ	
1-41	199-200	,	
1-42	201-206	dicit	
1-43	207-214	Dominus	
1-44	215-216	:	
1-45	217-218	3	
1-46	219-229	congregans	
1-47	230-237	hominem	
1-48	238-240	et	
1-49	241-246	pecus	
1-50	246-247	,	
1-51	248-258	congregans	
1-52	259-268	volatilia	
1-53	269-273	cæli	
1-54	274-276	et	
1-55	277-283	pisces	
1-56	284-289	maris	
1-57	290-291	:	
1-58	292-294	et	
1-59	295-300	ruinæ	
1-60	301-309	impiorum	
1-61	310-315	erunt	
1-62	315-316	,	
1-63	317-319	et	
1-64	320-329	disperdam	
1-65	330-337	homines	
1-66	338-339	a	
1-67	340-345	facie	
1-68	346-351	terræ	
1-69	351-352	,	
1-70	353-358	dicit	
1-71	359-366	Dominus	
1-72	366-367	.	
1-73	368-369	4	
1-74	370-372	Et	
1-75	373-381	extendam	
1-76	382-387	manum	
1-77	388-392	meam	
1-78	393-398	super	
1-79	399-404	Judam	
1-80	405-407	et	
1-81	408-413	super	
1-82	414-419	omnes	
1-83	420-430	habitantes	
1-84	431-440	Jerusalem	
1-85	441-442	:	
1-86	443-445	et	
1-87	446-455	disperdam	
1-88	456-458	de	
1-89	459-463	loco	
1-90	464-467	hoc	
1-91	468-477	reliquias	
1-92	478-482	Baal	
1-93	482-483	,	
1-94	484-486	et	
1-95	487-493	nomina	
1-96	494-503	ædituorum	
1-97	504-507	cum	
1-98	508-520	sacerdotibus	
1-99	521-522	;	
1-100	523-524	5	
1-101	525-527	et	
1-102	528-531	eos	
1-103	532-535	qui	
1-104	536-543	adorant	
1-105	544-549	super	
1-106	550-555	tecta	
1-107	556-564	militiam	
1-108	565-569	cæli	
1-109	569-570	,	
1-110	571-573	et	
1-111	574-581	adorant	
1-112	582-584	et	
1-113	585-591	jurant	
1-114	592-594	in	
1-115	595-601	Domino	
1-116	601-602	,	
1-117	603-605	et	
1-118	606-612	jurant	
1-119	613-615	in	
1-120	616-623	Melchom	
1-121	624-625	;	
1-122	626-627	6	
1-123	628-630	et	
1-124	631-634	qui	
1-125	635-645	avertuntur	
1-126	646-648	de	
1-127	649-653	post	
1-128	654-660	tergum	
1-129	661-667	Domini	
1-130	667-668	,	
1-131	669-671	et	
1-132	672-675	qui	
1-133	676-679	non	
1-134	680-690	quæsierunt	
1-135	691-698	Dominum	
1-136	698-699	,	
1-137	700-703	nec	
1-138	704-719	investigaverunt	
1-139	720-723	eum	
1-140	723-724	.	
1-141	725-726	7	
1-142	727-733	Silete	
1-143	734-735	a	
1-144	736-741	facie	
1-145	742-748	Domini	
1-146	749-752	Dei	
1-147	752-753	,	
1-148	754-758	quia	
1-149	759-764	juxta	
1-150	765-768	est	
1-151	769-773	dies	
1-152	774-780	Domini	
1-153	781-782	:	
1-154	783-787	quia	
1-155	788-798	præparavit	
1-156	799-806	Dominus	
1-157	807-814	hostiam	
1-158	815-816	;	
1-159	817-830	sanctificavit	
1-160	831-838	vocatos	
1-161	839-843	suos	
1-162	843-844	.	
1-163	845-846	8	
1-164	847-849	Et	
1-165	850-854	erit	
1-166	855-856	:	
1-167	857-859	in	
1-168	860-863	die	
1-169	864-870	hostiæ	
1-170	871-877	Domini	
1-171	877-878	,	
1-172	879-887	visitabo	
1-173	888-893	super	
1-174	894-903	principes	
1-175	903-904	,	
1-176	905-907	et	
1-177	908-913	super	
1-178	914-920	filios	
1-179	921-926	regis	
1-180	926-927	,	
1-181	928-930	et	
1-182	931-936	super	
1-183	937-942	omnes	
1-184	943-946	qui	
1-185	947-953	induti	
1-186	954-958	sunt	
1-187	959-964	veste	
1-188	965-974	peregrina	
1-189	975-976	;	
1-190	977-978	9	
1-191	979-981	et	
1-192	982-990	visitabo	
1-193	991-996	super	
1-194	997-1002	omnem	
1-195	1003-1006	qui	
1-196	1007-1017	arroganter	
1-197	1018-1028	ingreditur	
1-198	1029-1034	super	
1-199	1035-1040	limen	
1-200	1041-1043	in	
1-201	1044-1047	die	
1-202	1048-1052	illa	
1-203	1052-1053	,	
1-204	1054-1057	qui	
1-205	1058-1066	complent	
1-206	1067-1072	domum	
1-207	1073-1079	Domini	
1-208	1080-1083	Dei	
1-209	1084-1087	sui	
1-210	1088-1098	iniquitate	
1-211	1099-1101	et	
1-212	1102-1106	dolo	
1-213	1106-1107	.	
1-214	1108-1110	10	
1-215	1111-1113	Et	
1-216	1114-1118	erit	
1-217	1119-1121	in	
1-218	1122-1125	die	
1-219	1126-1130	illa	
1-220	1130-1131	,	
1-221	1132-1137	dicit	
1-222	1138-1145	Dominus	
1-223	1145-1146	,	
1-224	1147-1150	vox	
1-225	1151-1159	clamoris	
1-226	1160-1161	a	
1-227	1162-1167	porta	
1-228	1168-1175	piscium	
1-229	1175-1176	,	
1-230	1177-1179	et	
1-231	1180-1188	ululatus	
1-232	1189-1190	a	
1-233	1191-1198	Secunda	
1-234	1198-1199	,	
1-235	1200-1202	et	
1-236	1203-1212	contritio	
1-237	1213-1218	magna	
1-238	1219-1220	a	
1-239	1221-1229	collibus	
1-240	1229-1230	.	
1-241	1231-1233	11	
1-242	1234-1241	Ululate	
1-243	1241-1242	,	
1-244	1243-1254	habitatores	
1-245	1255-1259	Pilæ	
1-246	1260-1261	:	
1-247	1262-1271	conticuit	
1-248	1272-1277	omnis	
1-249	1278-1285	populus	
1-250	1286-1293	Chanaan	
1-251	1293-1294	,	
1-252	1295-1307	disperierunt	
1-253	1308-1313	omnes	
1-254	1314-1322	involuti	
1-255	1323-1330	argento	
1-256	1330-1331	.	
1-257	1332-1334	12	
1-258	1335-1337	Et	
1-259	1338-1342	erit	
1-260	1343-1345	in	
1-261	1346-1353	tempore	
1-262	1354-1358	illo	
1-263	1359-1360	:	
1-264	1361-1370	scrutabor	
1-265	1371-1380	Jerusalem	
1-266	1381-1383	in	
1-267	1384-1392	lucernis	
1-268	1392-1393	,	
1-269	1394-1396	et	
1-270	1397-1405	visitabo	
1-271	1406-1411	super	
1-272	1412-1417	viros	
1-273	1418-1425	defixos	
1-274	1426-1428	in	
1-275	1429-1436	fæcibus	
1-276	1437-1441	suis	
1-277	1441-1442	,	
1-278	1443-1446	qui	
1-279	1447-1453	dicunt	
1-280	1454-1456	in	
1-281	1457-1465	cordibus	
1-282	1466-1470	suis	
1-283	1471-1472	:	
1-284	1473-1476	Non	
1-285	1477-1483	faciet	
1-286	1484-1488	bene	
1-287	1489-1496	Dominus	
1-288	1496-1497	,	
1-289	1498-1500	et	
1-290	1501-1504	non	
1-291	1505-1511	faciet	
1-292	1512-1516	male	
1-293	1516-1517	.	
1-294	1518-1520	13	
1-295	1521-1523	Et	
1-296	1524-1528	erit	
1-297	1529-1538	fortitudo	
1-298	1539-1544	eorum	
1-299	1545-1547	in	
1-300	1548-1559	direptionem	
1-301	1559-1560	,	
1-302	1561-1563	et	
1-303	1564-1569	domus	
1-304	1570-1575	eorum	
1-305	1576-1578	in	
1-306	1579-1587	desertum	
1-307	1588-1589	:	
1-308	1590-1592	et	
1-309	1593-1604	ædificabunt	
1-310	1605-1610	domos	
1-311	1610-1611	,	
1-312	1612-1614	et	
1-313	1615-1618	non	
1-314	1619-1629	habitabunt	
1-315	1630-1631	;	
1-316	1632-1634	et	
1-317	1635-1645	plantabunt	
1-318	1646-1652	vineas	
1-319	1652-1653	,	
1-320	1654-1656	et	
1-321	1657-1660	non	
1-322	1661-1667	bibent	
1-323	1668-1673	vinum	
1-324	1674-1679	earum	
1-325	1679-1680	.	
1-326	1681-1683	14	
1-327	1684-1689	Juxta	
1-328	1690-1693	est	
1-329	1694-1698	dies	
1-330	1699-1705	Domini	
1-331	1706-1712	magnus	
1-332	1713-1714	:	
1-333	1715-1720	juxta	
1-334	1721-1724	est	
1-335	1724-1725	,	
1-336	1726-1728	et	
1-337	1729-1734	velox	
1-338	1735-1740	nimis	
1-339	1740-1741	.	

#Text=Vox diei Domini amara : tribulabitur ibi fortis.
#Text=15 Dies iræ dies illa, dies tribulationis et angustiæ, dies calamitatis et miseriæ, dies tenebrarum et caliginis, dies nebulæ et turbinis, 16 dies tubæ et clangoris super civitates munitas, et super angulos excelsos.
#Text=17 Et tribulabo homines, et ambulabunt ut cæci, quia Domino peccaverunt ; et effundetur sanguis eorum sicut humus, et corpora eorum sicut stercora.
#Text=18 Sed et argentum eorum et aurum eorum non poterit liberare eos in die iræ Domini : in igne zeli ejus devorabitur omnis terra, quia consummationem cum festinatione faciet cunctis habitantibus terram.
2-1	1742-1745	Vox	
2-2	1746-1750	diei	
2-3	1751-1757	Domini	
2-4	1758-1763	amara	
2-5	1764-1765	:	
2-6	1766-1778	tribulabitur	
2-7	1779-1782	ibi	
2-8	1783-1789	fortis	
2-9	1789-1790	.	
2-10	1791-1793	15	
2-11	1794-1798	Dies	
2-12	1799-1802	iræ	
2-13	1803-1807	dies	
2-14	1808-1812	illa	
2-15	1812-1813	,	
2-16	1814-1818	dies	
2-17	1819-1832	tribulationis	
2-18	1833-1835	et	
2-19	1836-1844	angustiæ	
2-20	1844-1845	,	
2-21	1846-1850	dies	
2-22	1851-1862	calamitatis	
2-23	1863-1865	et	
2-24	1866-1873	miseriæ	
2-25	1873-1874	,	
2-26	1875-1879	dies	
2-27	1880-1890	tenebrarum	
2-28	1891-1893	et	
2-29	1894-1903	caliginis	
2-30	1903-1904	,	
2-31	1905-1909	dies	
2-32	1910-1916	nebulæ	
2-33	1917-1919	et	
2-34	1920-1928	turbinis	
2-35	1928-1929	,	
2-36	1930-1932	16	
2-37	1933-1937	dies	
2-38	1938-1942	tubæ	
2-39	1943-1945	et	
2-40	1946-1955	clangoris	
2-41	1956-1961	super	
2-42	1962-1971	civitates	
2-43	1972-1979	munitas	
2-44	1979-1980	,	
2-45	1981-1983	et	
2-46	1984-1989	super	
2-47	1990-1997	angulos	
2-48	1998-2006	excelsos	
2-49	2006-2007	.	
2-50	2008-2010	17	
2-51	2011-2013	Et	
2-52	2014-2023	tribulabo	
2-53	2024-2031	homines	
2-54	2031-2032	,	
2-55	2033-2035	et	
2-56	2036-2046	ambulabunt	
2-57	2047-2049	ut	
2-58	2050-2054	cæci	
2-59	2054-2055	,	
2-60	2056-2060	quia	
2-61	2061-2067	Domino	
2-62	2068-2079	peccaverunt	
2-63	2080-2081	;	
2-64	2082-2084	et	
2-65	2085-2095	effundetur	
2-66	2096-2103	sanguis	
2-67	2104-2109	eorum	
2-68	2110-2115	sicut	
2-69	2116-2121	humus	
2-70	2121-2122	,	
2-71	2123-2125	et	
2-72	2126-2133	corpora	
2-73	2134-2139	eorum	
2-74	2140-2145	sicut	
2-75	2146-2154	stercora	
2-76	2154-2155	.	
2-77	2156-2158	18	
2-78	2159-2162	Sed	
2-79	2163-2165	et	
2-80	2166-2174	argentum	
2-81	2175-2180	eorum	
2-82	2181-2183	et	
2-83	2184-2189	aurum	
2-84	2190-2195	eorum	
2-85	2196-2199	non	
2-86	2200-2207	poterit	
2-87	2208-2216	liberare	
2-88	2217-2220	eos	
2-89	2221-2223	in	
2-90	2224-2227	die	
2-91	2228-2231	iræ	
2-92	2232-2238	Domini	
2-93	2239-2240	:	
2-94	2241-2243	in	
2-95	2244-2248	igne	
2-96	2249-2253	zeli	
2-97	2254-2258	ejus	
2-98	2259-2270	devorabitur	
2-99	2271-2276	omnis	
2-100	2277-2282	terra	
2-101	2282-2283	,	
2-102	2284-2288	quia	
2-103	2289-2303	consummationem	
2-104	2304-2307	cum	
2-105	2308-2320	festinatione	
2-106	2321-2327	faciet	
2-107	2328-2335	cunctis	
2-108	2336-2348	habitantibus	
2-109	2349-2355	terram	
2-110	2355-2356	.	

#Text=Caput 2
#Text=
#Text=
#Text=1 Convenite, congregamini, gens non amabilis, 2 priusquam pariat jussio quasi pulverem transeuntem diem, antequam veniat super vos ira furoris Domini, antequam veniat super vos dies indignationis Domini.
#Text=3 Quærite Dominum, omnes mansueti terræ, qui judicium ejus estis operati ; quærite justum, quærite mansuetum, si quomodo abscondamini in die furoris Domini.
#Text=4 Quia Gaza destructa erit, et Ascalon in desertum : Azotum in meridie ejicient, et Accaron eradicabitur.
#Text=5 Væ qui habitatis funiculum maris, gens perditorum !
3-1	2357-2362	Caput	
3-2	2363-2364	2	
3-3	2367-2368	1	
3-4	2369-2378	Convenite	
3-5	2378-2379	,	
3-6	2380-2392	congregamini	
3-7	2392-2393	,	
3-8	2394-2398	gens	
3-9	2399-2402	non	
3-10	2403-2411	amabilis	
3-11	2411-2412	,	
3-12	2413-2414	2	
3-13	2415-2424	priusquam	
3-14	2425-2431	pariat	
3-15	2432-2438	jussio	
3-16	2439-2444	quasi	
3-17	2445-2453	pulverem	
3-18	2454-2465	transeuntem	
3-19	2466-2470	diem	
3-20	2470-2471	,	
3-21	2472-2480	antequam	
3-22	2481-2487	veniat	
3-23	2488-2493	super	
3-24	2494-2497	vos	
3-25	2498-2501	ira	
3-26	2502-2509	furoris	
3-27	2510-2516	Domini	
3-28	2516-2517	,	
3-29	2518-2526	antequam	
3-30	2527-2533	veniat	
3-31	2534-2539	super	
3-32	2540-2543	vos	
3-33	2544-2548	dies	
3-34	2549-2562	indignationis	
3-35	2563-2569	Domini	
3-36	2569-2570	.	
3-37	2571-2572	3	
3-38	2573-2580	Quærite	
3-39	2581-2588	Dominum	
3-40	2588-2589	,	
3-41	2590-2595	omnes	
3-42	2596-2604	mansueti	
3-43	2605-2610	terræ	
3-44	2610-2611	,	
3-45	2612-2615	qui	
3-46	2616-2624	judicium	
3-47	2625-2629	ejus	
3-48	2630-2635	estis	
3-49	2636-2643	operati	
3-50	2644-2645	;	
3-51	2646-2653	quærite	
3-52	2654-2660	justum	
3-53	2660-2661	,	
3-54	2662-2669	quærite	
3-55	2670-2679	mansuetum	
3-56	2679-2680	,	
3-57	2681-2683	si	
3-58	2684-2691	quomodo	
3-59	2692-2704	abscondamini	
3-60	2705-2707	in	
3-61	2708-2711	die	
3-62	2712-2719	furoris	
3-63	2720-2726	Domini	
3-64	2726-2727	.	
3-65	2728-2729	4	
3-66	2730-2734	Quia	
3-67	2735-2739	Gaza	
3-68	2740-2749	destructa	
3-69	2750-2754	erit	
3-70	2754-2755	,	
3-71	2756-2758	et	
3-72	2759-2766	Ascalon	
3-73	2767-2769	in	
3-74	2770-2778	desertum	
3-75	2779-2780	:	
3-76	2781-2787	Azotum	
3-77	2788-2790	in	
3-78	2791-2798	meridie	
3-79	2799-2807	ejicient	
3-80	2807-2808	,	
3-81	2809-2811	et	
3-82	2812-2819	Accaron	
3-83	2820-2832	eradicabitur	
3-84	2832-2833	.	
3-85	2834-2835	5	
3-86	2836-2838	Væ	
3-87	2839-2842	qui	
3-88	2843-2852	habitatis	
3-89	2853-2862	funiculum	
3-90	2863-2868	maris	
3-91	2868-2869	,	
3-92	2870-2874	gens	
3-93	2875-2885	perditorum	
3-94	2886-2887	!	

#Text=verbum Domini super vos, Chanaan, terra Philisthinorum ; et disperdam te, ita ut non sit inhabitator.
#Text=6 Et erit funiculus maris requies pastorum, et caulæ pecorum ; 7 et erit funiculus ejus qui remanserit de domo Juda : ibi pascentur, in domibus Ascalonis ad vesperam requiescent, quia visitabit eos Dominus Deus eorum, et avertet captivitatem eorum.
4-1	2888-2894	verbum	
4-2	2895-2901	Domini	
4-3	2902-2907	super	
4-4	2908-2911	vos	
4-5	2911-2912	,	
4-6	2913-2920	Chanaan	
4-7	2920-2921	,	
4-8	2922-2927	terra	
4-9	2928-2942	Philisthinorum	
4-10	2943-2944	;	
4-11	2945-2947	et	
4-12	2948-2957	disperdam	
4-13	2958-2960	te	
4-14	2960-2961	,	
4-15	2962-2965	ita	
4-16	2966-2968	ut	
4-17	2969-2972	non	
4-18	2973-2976	sit	
4-19	2977-2988	inhabitator	
4-20	2988-2989	.	
4-21	2990-2991	6	
4-22	2992-2994	Et	
4-23	2995-2999	erit	
4-24	3000-3009	funiculus	
4-25	3010-3015	maris	
4-26	3016-3023	requies	
4-27	3024-3032	pastorum	
4-28	3032-3033	,	
4-29	3034-3036	et	
4-30	3037-3042	caulæ	
4-31	3043-3050	pecorum	
4-32	3051-3052	;	
4-33	3053-3054	7	
4-34	3055-3057	et	
4-35	3058-3062	erit	
4-36	3063-3072	funiculus	
4-37	3073-3077	ejus	
4-38	3078-3081	qui	
4-39	3082-3092	remanserit	
4-40	3093-3095	de	
4-41	3096-3100	domo	
4-42	3101-3105	Juda	
4-43	3106-3107	:	
4-44	3108-3111	ibi	
4-45	3112-3121	pascentur	
4-46	3121-3122	,	
4-47	3123-3125	in	
4-48	3126-3133	domibus	
4-49	3134-3143	Ascalonis	
4-50	3144-3146	ad	
4-51	3147-3155	vesperam	
4-52	3156-3167	requiescent	
4-53	3167-3168	,	
4-54	3169-3173	quia	
4-55	3174-3183	visitabit	
4-56	3184-3187	eos	
4-57	3188-3195	Dominus	
4-58	3196-3200	Deus	
4-59	3201-3206	eorum	
4-60	3206-3207	,	
4-61	3208-3210	et	
4-62	3211-3218	avertet	
4-63	3219-3231	captivitatem	
4-64	3232-3237	eorum	
4-65	3237-3238	.	
