#FORMAT=WebAnno TSV 3.3


#Text=12 Tradetque eam sacerdoti : qui plenum ex ea pugillum hauriens, cremabit super altare in monimentum ejus qui obtulerit, 13 rogans pro illo et expians : reliquam vero partem ipse habebit in munere.
#Text=14 Locutusque est Dominus ad Moysen, dicens : 15 Anima si prævaricans cæremonias, per errorem, in his quæ Domino sunt sanctificata, peccaverit, offeret pro delicto suo arietem immaculatum de gregibus, qui emi potest duobus siclis, juxta pondus sanctuarii : 16 ipsumque quod intulit damni restituet, et quintam partem ponet supra, tradens sacerdoti, qui rogabit pro eo offerens arietem, et dimittetur ei.
#Text=17 Anima si peccaverit per ignorantiam, feceritque unum ex his quæ Domini lege prohibentur, et peccati rea intellexerit iniquitatem suam, 18 offeret arietem immaculatum de gregibus sacerdoti, juxta mensuram æstimationemque peccati : qui orabit pro eo, quia nesciens fecerit : et dimittetur ei, 19 quia per errorem deliquit in Dominum.
1-1	2-4	12	
1-2	5-14	Tradetque	
1-3	15-18	eam	
1-4	19-28	sacerdoti	
1-5	29-30	:	
1-6	31-34	qui	
1-7	35-41	plenum	
1-8	42-44	ex	
1-9	45-47	ea	
1-10	48-56	pugillum	
1-11	57-65	hauriens	
1-12	65-66	,	
1-13	67-75	cremabit	
1-14	76-81	super	
1-15	82-88	altare	
1-16	89-91	in	
1-17	92-102	monimentum	
1-18	103-107	ejus	
1-19	108-111	qui	
1-20	112-121	obtulerit	
1-21	121-122	,	
1-22	123-125	13	
1-23	126-132	rogans	
1-24	133-136	pro	
1-25	137-141	illo	
1-26	142-144	et	
1-27	145-152	expians	
1-28	153-154	:	
1-29	155-163	reliquam	
1-30	164-168	vero	
1-31	169-175	partem	
1-32	176-180	ipse	
1-33	181-188	habebit	
1-34	189-191	in	
1-35	192-198	munere	
1-36	198-199	.	
1-37	200-202	14	
1-38	203-213	Locutusque	
1-39	214-217	est	
1-40	218-225	Dominus	
1-41	226-228	ad	
1-42	229-235	Moysen	
1-43	235-236	,	
1-44	237-243	dicens	
1-45	244-245	:	
1-46	246-248	15	
1-47	249-254	Anima	
1-48	255-257	si	
1-49	258-269	prævaricans	
1-50	270-280	cæremonias	
1-51	280-281	,	
1-52	282-285	per	
1-53	286-293	errorem	
1-54	293-294	,	
1-55	295-297	in	
1-56	298-301	his	
1-57	302-305	quæ	
1-58	306-312	Domino	
1-59	313-317	sunt	
1-60	318-330	sanctificata	
1-61	330-331	,	
1-62	332-342	peccaverit	
1-63	342-343	,	
1-64	344-351	offeret	
1-65	352-355	pro	
1-66	356-363	delicto	
1-67	364-367	suo	
1-68	368-375	arietem	
1-69	376-387	immaculatum	
1-70	388-390	de	
1-71	391-399	gregibus	
1-72	399-400	,	
1-73	401-404	qui	
1-74	405-408	emi	
1-75	409-415	potest	
1-76	416-422	duobus	
1-77	423-429	siclis	
1-78	429-430	,	
1-79	431-436	juxta	
1-80	437-443	pondus	
1-81	444-454	sanctuarii	
1-82	455-456	:	
1-83	457-459	16	
1-84	460-468	ipsumque	
1-85	469-473	quod	
1-86	474-481	intulit	
1-87	482-487	damni	
1-88	488-497	restituet	
1-89	497-498	,	
1-90	499-501	et	
1-91	502-509	quintam	
1-92	510-516	partem	
1-93	517-522	ponet	
1-94	523-528	supra	
1-95	528-529	,	
1-96	530-537	tradens	
1-97	538-547	sacerdoti	
1-98	547-548	,	
1-99	549-552	qui	
1-100	553-560	rogabit	
1-101	561-564	pro	
1-102	565-567	eo	
1-103	568-576	offerens	
1-104	577-584	arietem	
1-105	584-585	,	
1-106	586-588	et	
1-107	589-599	dimittetur	
1-108	600-602	ei	
1-109	602-603	.	
1-110	604-606	17	
1-111	607-612	Anima	
1-112	613-615	si	
1-113	616-626	peccaverit	
1-114	627-630	per	
1-115	631-642	ignorantiam	
1-116	642-643	,	
1-117	644-654	feceritque	
1-118	655-659	unum	
1-119	660-662	ex	
1-120	663-666	his	
1-121	667-670	quæ	
1-122	671-677	Domini	
1-123	678-682	lege	
1-124	683-694	prohibentur	
1-125	694-695	,	
1-126	696-698	et	
1-127	699-706	peccati	
1-128	707-710	rea	
1-129	711-723	intellexerit	
1-130	724-735	iniquitatem	
1-131	736-740	suam	
1-132	740-741	,	
1-133	742-744	18	
1-134	745-752	offeret	
1-135	753-760	arietem	
1-136	761-772	immaculatum	
1-137	773-775	de	
1-138	776-784	gregibus	
1-139	785-794	sacerdoti	
1-140	794-795	,	
1-141	796-801	juxta	
1-142	802-810	mensuram	
1-143	811-826	æstimationemque	
1-144	827-834	peccati	
1-145	835-836	:	
1-146	837-840	qui	
1-147	841-847	orabit	
1-148	848-851	pro	
1-149	852-854	eo	
1-150	854-855	,	
1-151	856-860	quia	
1-152	861-869	nesciens	
1-153	870-877	fecerit	
1-154	878-879	:	
1-155	880-882	et	
1-156	883-893	dimittetur	
1-157	894-896	ei	
1-158	896-897	,	
1-159	898-900	19	
1-160	901-905	quia	
1-161	906-909	per	
1-162	910-917	errorem	
1-163	918-926	deliquit	
1-164	927-929	in	
1-165	930-937	Dominum	
1-166	937-938	.	

#Text=Caput 6
#Text=
#Text=
#Text=1 Locutus est Dominus ad Moysen, dicens : 2 Anima quæ peccaverit, et contempto Domino, negaverit proximo suo depositum quod fidei ejus creditum fuerat, vel vi aliquid extorserit, aut calumniam fecerit, 3 sive rem perditam invenerit, et inficians insuper pejeraverit, et quodlibet aliud ex pluribus fecerit, in quibus solent peccare homines, 4 convicta delicti, 5 reddet omnia, quæ per fraudem voluit obtinere, integra, et quintam insuper partem domino cui damnum intulerat.
#Text=6 Pro peccato autem suo offeret arietem immaculatum de grege, et dabit eum sacerdoti, juxta æstimationem mensuramque delicti : 7 qui rogabit pro eo coram Domino, et dimittetur illi pro singulis quæ faciendo peccavit.
#Text=8 Locutusque est Dominus ad Moysen, dicens : 9 Præcipe Aaron et filiis ejus : Hæc est lex holocausti : cremabitur in altari tota nocte usque mane : ignis ex eodem altari erit.
#Text=10 Vestietur tunica sacerdos et feminalibus lineis : tolletque cineres, quos vorans ignis exussit, et ponens juxta altare, 11 spoliabitur prioribus vestimentis, indutusque aliis, efferret eos extra castra, et in loco mundissimo usque ad favillam consumi faciet.
#Text=12 Ignis autem in altari semper ardebit, quem nutriet sacerdos subjiciens ligna mane per singulos dies, et imposito holocausto, desuper adolebit adipes pacificorum.
#Text=13 Ignis est iste perpetuus, qui numquam deficiet in altari.
#Text=14 Hæc est lex sacrificii et libamentorum, quæ offerent filii Aaron coram Domino, et coram altari.
#Text=15 Tollet sacerdos pugillum similæ, quæ conspersa est oleo, et totum thus, quod super similam positum est : adolebitque illud in altari in monimentum odoris suavissimi Domino : 16 reliquam autem partem similæ comedet Aaron cum filiis suis, absque fermento : et comedet in loco sancto atrii tabernaculi.
#Text=17 Ideo autem non fermentabitur, quia pars ejus in Domini offertur incensum.
2-1	939-944	Caput	
2-2	945-946	6	
2-3	949-950	1	
2-4	951-958	Locutus	
2-5	959-962	est	
2-6	963-970	Dominus	
2-7	971-973	ad	
2-8	974-980	Moysen	
2-9	980-981	,	
2-10	982-988	dicens	
2-11	989-990	:	
2-12	991-992	2	
2-13	993-998	Anima	
2-14	999-1002	quæ	
2-15	1003-1013	peccaverit	
2-16	1013-1014	,	
2-17	1015-1017	et	
2-18	1018-1027	contempto	
2-19	1028-1034	Domino	
2-20	1034-1035	,	
2-21	1036-1045	negaverit	
2-22	1046-1053	proximo	
2-23	1054-1057	suo	
2-24	1058-1067	depositum	
2-25	1068-1072	quod	
2-26	1073-1078	fidei	
2-27	1079-1083	ejus	
2-28	1084-1092	creditum	
2-29	1093-1099	fuerat	
2-30	1099-1100	,	
2-31	1101-1104	vel	
2-32	1105-1107	vi	
2-33	1108-1115	aliquid	
2-34	1116-1126	extorserit	
2-35	1126-1127	,	
2-36	1128-1131	aut	
2-37	1132-1141	calumniam	
2-38	1142-1149	fecerit	
2-39	1149-1150	,	
2-40	1151-1152	3	
2-41	1153-1157	sive	
2-42	1158-1161	rem	
2-43	1162-1170	perditam	
2-44	1171-1180	invenerit	
2-45	1180-1181	,	
2-46	1182-1184	et	
2-47	1185-1194	inficians	
2-48	1195-1202	insuper	
2-49	1203-1214	pejeraverit	
2-50	1214-1215	,	
2-51	1216-1218	et	
2-52	1219-1228	quodlibet	
2-53	1229-1234	aliud	
2-54	1235-1237	ex	
2-55	1238-1246	pluribus	
2-56	1247-1254	fecerit	
2-57	1254-1255	,	
2-58	1256-1258	in	
2-59	1259-1265	quibus	
2-60	1266-1272	solent	
2-61	1273-1280	peccare	
2-62	1281-1288	homines	
2-63	1288-1289	,	
2-64	1290-1291	4	
2-65	1292-1300	convicta	
2-66	1301-1308	delicti	
2-67	1308-1309	,	
2-68	1310-1311	5	
2-69	1312-1318	reddet	
2-70	1319-1324	omnia	
2-71	1324-1325	,	
2-72	1326-1329	quæ	
2-73	1330-1333	per	
2-74	1334-1341	fraudem	
2-75	1342-1348	voluit	
2-76	1349-1357	obtinere	
2-77	1357-1358	,	
2-78	1359-1366	integra	
2-79	1366-1367	,	
2-80	1368-1370	et	
2-81	1371-1378	quintam	
2-82	1379-1386	insuper	
2-83	1387-1393	partem	
2-84	1394-1400	domino	
2-85	1401-1404	cui	
2-86	1405-1411	damnum	
2-87	1412-1421	intulerat	
2-88	1421-1422	.	
2-89	1423-1424	6	
2-90	1425-1428	Pro	
2-91	1429-1436	peccato	
2-92	1437-1442	autem	
2-93	1443-1446	suo	
2-94	1447-1454	offeret	
2-95	1455-1462	arietem	
2-96	1463-1474	immaculatum	
2-97	1475-1477	de	
2-98	1478-1483	grege	
2-99	1483-1484	,	
2-100	1485-1487	et	
2-101	1488-1493	dabit	
2-102	1494-1497	eum	
2-103	1498-1507	sacerdoti	
2-104	1507-1508	,	
2-105	1509-1514	juxta	
2-106	1515-1527	æstimationem	
2-107	1528-1539	mensuramque	
2-108	1540-1547	delicti	
2-109	1548-1549	:	
2-110	1550-1551	7	
2-111	1552-1555	qui	
2-112	1556-1563	rogabit	
2-113	1564-1567	pro	
2-114	1568-1570	eo	
2-115	1571-1576	coram	
2-116	1577-1583	Domino	
2-117	1583-1584	,	
2-118	1585-1587	et	
2-119	1588-1598	dimittetur	
2-120	1599-1603	illi	
2-121	1604-1607	pro	
2-122	1608-1616	singulis	
2-123	1617-1620	quæ	
2-124	1621-1629	faciendo	
2-125	1630-1638	peccavit	
2-126	1638-1639	.	
2-127	1640-1641	8	
2-128	1642-1652	Locutusque	
2-129	1653-1656	est	
2-130	1657-1664	Dominus	
2-131	1665-1667	ad	
2-132	1668-1674	Moysen	
2-133	1674-1675	,	
2-134	1676-1682	dicens	
2-135	1683-1684	:	
2-136	1685-1686	9	
2-137	1687-1694	Præcipe	
2-138	1695-1700	Aaron	
2-139	1701-1703	et	
2-140	1704-1710	filiis	
2-141	1711-1715	ejus	
2-142	1716-1717	:	
2-143	1718-1721	Hæc	
2-144	1722-1725	est	
2-145	1726-1729	lex	
2-146	1730-1740	holocausti	
2-147	1741-1742	:	
2-148	1743-1753	cremabitur	
2-149	1754-1756	in	
2-150	1757-1763	altari	
2-151	1764-1768	tota	
2-152	1769-1774	nocte	
2-153	1775-1780	usque	
2-154	1781-1785	mane	
2-155	1786-1787	:	
2-156	1788-1793	ignis	
2-157	1794-1796	ex	
2-158	1797-1802	eodem	
2-159	1803-1809	altari	
2-160	1810-1814	erit	
2-161	1814-1815	.	
2-162	1816-1818	10	
2-163	1819-1828	Vestietur	
2-164	1829-1835	tunica	
2-165	1836-1844	sacerdos	
2-166	1845-1847	et	
2-167	1848-1859	feminalibus	
2-168	1860-1866	lineis	
2-169	1867-1868	:	
2-170	1869-1878	tolletque	
2-171	1879-1886	cineres	
2-172	1886-1887	,	
2-173	1888-1892	quos	
2-174	1893-1899	vorans	
2-175	1900-1905	ignis	
2-176	1906-1913	exussit	
2-177	1913-1914	,	
2-178	1915-1917	et	
2-179	1918-1924	ponens	
2-180	1925-1930	juxta	
2-181	1931-1937	altare	
2-182	1937-1938	,	
2-183	1939-1941	11	
2-184	1942-1953	spoliabitur	
2-185	1954-1963	prioribus	
2-186	1964-1975	vestimentis	
2-187	1975-1976	,	
2-188	1977-1987	indutusque	
2-189	1988-1993	aliis	
2-190	1993-1994	,	
2-191	1995-2003	efferret	
2-192	2004-2007	eos	
2-193	2008-2013	extra	
2-194	2014-2020	castra	
2-195	2020-2021	,	
2-196	2022-2024	et	
2-197	2025-2027	in	
2-198	2028-2032	loco	
2-199	2033-2043	mundissimo	
2-200	2044-2049	usque	
2-201	2050-2052	ad	
2-202	2053-2061	favillam	
2-203	2062-2069	consumi	
2-204	2070-2076	faciet	
2-205	2076-2077	.	
2-206	2078-2080	12	
2-207	2081-2086	Ignis	
2-208	2087-2092	autem	
2-209	2093-2095	in	
2-210	2096-2102	altari	
2-211	2103-2109	semper	
2-212	2110-2117	ardebit	
2-213	2117-2118	,	
2-214	2119-2123	quem	
2-215	2124-2131	nutriet	
2-216	2132-2140	sacerdos	
2-217	2141-2151	subjiciens	
2-218	2152-2157	ligna	
2-219	2158-2162	mane	
2-220	2163-2166	per	
2-221	2167-2175	singulos	
2-222	2176-2180	dies	
2-223	2180-2181	,	
2-224	2182-2184	et	
2-225	2185-2193	imposito	
2-226	2194-2204	holocausto	
2-227	2204-2205	,	
2-228	2206-2213	desuper	
2-229	2214-2222	adolebit	
2-230	2223-2229	adipes	
2-231	2230-2241	pacificorum	
2-232	2241-2242	.	
2-233	2243-2245	13	
2-234	2246-2251	Ignis	
2-235	2252-2255	est	
2-236	2256-2260	iste	
2-237	2261-2270	perpetuus	
2-238	2270-2271	,	
2-239	2272-2275	qui	
2-240	2276-2283	numquam	
2-241	2284-2292	deficiet	
2-242	2293-2295	in	
2-243	2296-2302	altari	
2-244	2302-2303	.	
2-245	2304-2306	14	
2-246	2307-2310	Hæc	
2-247	2311-2314	est	
2-248	2315-2318	lex	
2-249	2319-2329	sacrificii	
2-250	2330-2332	et	
2-251	2333-2345	libamentorum	
2-252	2345-2346	,	
2-253	2347-2350	quæ	
2-254	2351-2359	offerent	
2-255	2360-2365	filii	
2-256	2366-2371	Aaron	
2-257	2372-2377	coram	
2-258	2378-2384	Domino	
2-259	2384-2385	,	
2-260	2386-2388	et	
2-261	2389-2394	coram	
2-262	2395-2401	altari	
2-263	2401-2402	.	
2-264	2403-2405	15	
2-265	2406-2412	Tollet	
2-266	2413-2421	sacerdos	
2-267	2422-2430	pugillum	
2-268	2431-2437	similæ	
2-269	2437-2438	,	
2-270	2439-2442	quæ	
2-271	2443-2452	conspersa	
2-272	2453-2456	est	
2-273	2457-2461	oleo	
2-274	2461-2462	,	
2-275	2463-2465	et	
2-276	2466-2471	totum	
2-277	2472-2476	thus	
2-278	2476-2477	,	
2-279	2478-2482	quod	
2-280	2483-2488	super	
2-281	2489-2496	similam	
2-282	2497-2504	positum	
2-283	2505-2508	est	
2-284	2509-2510	:	
2-285	2511-2522	adolebitque	
2-286	2523-2528	illud	
2-287	2529-2531	in	
2-288	2532-2538	altari	
2-289	2539-2541	in	
2-290	2542-2552	monimentum	
2-291	2553-2559	odoris	
2-292	2560-2570	suavissimi	
2-293	2571-2577	Domino	
2-294	2578-2579	:	
2-295	2580-2582	16	
2-296	2583-2591	reliquam	
2-297	2592-2597	autem	
2-298	2598-2604	partem	
2-299	2605-2611	similæ	
2-300	2612-2619	comedet	
2-301	2620-2625	Aaron	
2-302	2626-2629	cum	
2-303	2630-2636	filiis	
2-304	2637-2641	suis	
2-305	2641-2642	,	
2-306	2643-2649	absque	
2-307	2650-2658	fermento	
2-308	2659-2660	:	
2-309	2661-2663	et	
2-310	2664-2671	comedet	
2-311	2672-2674	in	
2-312	2675-2679	loco	
2-313	2680-2686	sancto	
2-314	2687-2692	atrii	
2-315	2693-2704	tabernaculi	
2-316	2704-2705	.	
2-317	2706-2708	17	
2-318	2709-2713	Ideo	
2-319	2714-2719	autem	
2-320	2720-2723	non	
2-321	2724-2737	fermentabitur	
2-322	2737-2738	,	
2-323	2739-2743	quia	
2-324	2744-2748	pars	
2-325	2749-2753	ejus	
2-326	2754-2756	in	
2-327	2757-2763	Domini	
2-328	2764-2772	offertur	
2-329	2773-2781	incensum	
2-330	2781-2782	.	

#Text=Sanctum sanctorum erit, sicut pro peccato atque delicto.
#Text=18 Mares tantum stirpis Aaron comedent illud.
3-1	2783-2790	Sanctum	
3-2	2791-2800	sanctorum	
3-3	2801-2805	erit	
3-4	2805-2806	,	
3-5	2807-2812	sicut	
3-6	2813-2816	pro	
3-7	2817-2824	peccato	
3-8	2825-2830	atque	
3-9	2831-2838	delicto	
3-10	2838-2839	.	
3-11	2840-2842	18	
3-12	2843-2848	Mares	
3-13	2849-2855	tantum	
3-14	2856-2863	stirpis	
3-15	2864-2869	Aaron	
3-16	2870-2878	comedent	
3-17	2879-2884	illud	
3-18	2884-2885	.	

#Text=Legitimum ac sempiternum erit in generationibus vestris de sacrificiis Domini : omnis qui tetigerit illa, sanctificabitur.
#Text=19 Locutusque est Dominus ad Moysen, dicens : 20 Hæc est oblatio Aaron, et filiorum ejus, quam offerre debent Domino in die unctionis suæ.
4-1	2886-2895	Legitimum	
4-2	2896-2898	ac	
4-3	2899-2910	sempiternum	
4-4	2911-2915	erit	
4-5	2916-2918	in	
4-6	2919-2933	generationibus	
4-7	2934-2941	vestris	
4-8	2942-2944	de	
4-9	2945-2956	sacrificiis	
4-10	2957-2963	Domini	
4-11	2964-2965	:	
4-12	2966-2971	omnis	
4-13	2972-2975	qui	
4-14	2976-2985	tetigerit	
4-15	2986-2990	illa	
4-16	2990-2991	,	
4-17	2992-3007	sanctificabitur	
4-18	3007-3008	.	
4-19	3009-3011	19	
4-20	3012-3022	Locutusque	
4-21	3023-3026	est	
4-22	3027-3034	Dominus	
4-23	3035-3037	ad	
4-24	3038-3044	Moysen	
4-25	3044-3045	,	
4-26	3046-3052	dicens	
4-27	3053-3054	:	
4-28	3055-3057	20	
4-29	3058-3061	Hæc	
4-30	3062-3065	est	
4-31	3066-3073	oblatio	
4-32	3074-3079	Aaron	
4-33	3079-3080	,	
4-34	3081-3083	et	
4-35	3084-3092	filiorum	
4-36	3093-3097	ejus	
4-37	3097-3098	,	
4-38	3099-3103	quam	
4-39	3104-3111	offerre	
4-40	3112-3118	debent	
4-41	3119-3125	Domino	
4-42	3126-3128	in	
4-43	3129-3132	die	
4-44	3133-3142	unctionis	
4-45	3143-3146	suæ	
4-46	3146-3147	.	

#Text=Decimam partem ephi offerent similæ in sacrificio sempiterno, medium ejus mane, et medium ejus vespere : 21 quæ in sartagine oleo conspersa frigetur.
5-1	3148-3155	Decimam	
5-2	3156-3162	partem	
5-3	3163-3167	ephi	
5-4	3168-3176	offerent	
5-5	3177-3183	similæ	
5-6	3184-3186	in	
5-7	3187-3197	sacrificio	
5-8	3198-3208	sempiterno	
5-9	3208-3209	,	
5-10	3210-3216	medium	
5-11	3217-3221	ejus	
5-12	3222-3226	mane	
5-13	3226-3227	,	
5-14	3228-3230	et	
5-15	3231-3237	medium	
5-16	3238-3242	ejus	
5-17	3243-3250	vespere	
5-18	3251-3252	:	
5-19	3253-3255	21	
5-20	3256-3259	quæ	
5-21	3260-3262	in	
5-22	3263-3272	sartagine	
5-23	3273-3277	oleo	
5-24	3278-3287	conspersa	
5-25	3288-3296	frigetur	
5-26	3296-3297	.	

#Text=Offeret autem eam calidam in odorem suavissimum Domino 22 sacerdos, qui jure patri successerit, et tota cremabitur in altari.
#Text=23 Omne enim sacrificium sacerdotum igne consumetur, nec quisquam comedet ex eo.
#Text=24 Locutus est autem Dominus ad Moysen, dicens : 25 Loquere Aaron et filiis ejus : Ista est lex hostiæ pro peccato : in loco ubi offertur holocaustum, immolabitur coram Domino.
6-1	3298-3305	Offeret	
6-2	3306-3311	autem	
6-3	3312-3315	eam	
6-4	3316-3323	calidam	
6-5	3324-3326	in	
6-6	3327-3333	odorem	
6-7	3334-3345	suavissimum	
6-8	3346-3352	Domino	
6-9	3353-3355	22	
6-10	3356-3364	sacerdos	
6-11	3364-3365	,	
6-12	3366-3369	qui	
6-13	3370-3374	jure	
6-14	3375-3380	patri	
6-15	3381-3392	successerit	
6-16	3392-3393	,	
6-17	3394-3396	et	
6-18	3397-3401	tota	
6-19	3402-3412	cremabitur	
6-20	3413-3415	in	
6-21	3416-3422	altari	
6-22	3422-3423	.	
6-23	3424-3426	23	
6-24	3427-3431	Omne	
6-25	3432-3436	enim	
6-26	3437-3448	sacrificium	
6-27	3449-3459	sacerdotum	
6-28	3460-3464	igne	
6-29	3465-3475	consumetur	
6-30	3475-3476	,	
6-31	3477-3480	nec	
6-32	3481-3489	quisquam	
6-33	3490-3497	comedet	
6-34	3498-3500	ex	
6-35	3501-3503	eo	
6-36	3503-3504	.	
6-37	3505-3507	24	
6-38	3508-3515	Locutus	
6-39	3516-3519	est	
6-40	3520-3525	autem	
6-41	3526-3533	Dominus	
6-42	3534-3536	ad	
6-43	3537-3543	Moysen	
6-44	3543-3544	,	
6-45	3545-3551	dicens	
6-46	3552-3553	:	
6-47	3554-3556	25	
6-48	3557-3564	Loquere	
6-49	3565-3570	Aaron	
6-50	3571-3573	et	
6-51	3574-3580	filiis	
6-52	3581-3585	ejus	
6-53	3586-3587	:	
6-54	3588-3592	Ista	
6-55	3593-3596	est	
6-56	3597-3600	lex	
6-57	3601-3607	hostiæ	
6-58	3608-3611	pro	
6-59	3612-3619	peccato	
6-60	3620-3621	:	
6-61	3622-3624	in	
6-62	3625-3629	loco	
6-63	3630-3633	ubi	
6-64	3634-3642	offertur	
6-65	3643-3654	holocaustum	
6-66	3654-3655	,	
6-67	3656-3667	immolabitur	
6-68	3668-3673	coram	
6-69	3674-3680	Domino	
6-70	3680-3681	.	
