#FORMAT=WebAnno TSV 3.3
#T_SP=custom.Span|label
#T_RL=custom.Relation|label|BT_custom.Span


#Text=Der Spezereyen und Materialien
#Text=
#Text=
#Text=ſen zum ſchwimmen.
1-1	2-5	Der	_	_	_	
1-2	6-16	Spezereyen	_	_	_	
1-3	17-20	und	_	_	_	
1-4	21-32	Materialien	_	_	_	
1-5	35-38	ſen	_	_	_	
1-6	39-42	zum	_	_	_	
1-7	43-52	ſchwimmen	_	_	_	
1-8	52-53	.	_	_	_	

#Text=Auch dient er
#Text=ihm fuͤr einen Staͤmfpel oder Blaͤuel
#Text=
#Text=den Zeug veſte zu ſchlagen, den er zu ſei-
#Text=nem Bau, der mehrmahls zwey und
#Text=drey Stockwerck hoch iſt, von noͤthen
#Text=hat.
2-1	54-58	Auch	_	_	_	
2-2	59-64	dient	_	_	_	
2-3	65-67	er	_	_	_	
2-4	68-71	ihm	_	_	_	
2-5	72-76	fuͤr	_	_	_	
2-6	77-82	einen	_	_	_	
2-7	83-92	Staͤmfpel	_	_	_	
2-8	93-97	oder	_	_	_	
2-9	98-105	Blaͤuel	_	_	_	
2-10	107-110	den	_	_	_	
2-11	111-115	Zeug	_	_	_	
2-12	116-121	veſte	_	_	_	
2-13	122-124	zu	_	_	_	
2-14	125-133	ſchlagen	_	_	_	
2-15	133-134	,	_	_	_	
2-16	135-138	den	_	_	_	
2-17	139-141	er	_	_	_	
2-18	142-144	zu	_	_	_	
2-19	145-148	ſei	_	_	_	
2-20	148-149	-	_	_	_	
2-21	150-153	nem	_	_	_	
2-22	154-157	Bau	_	_	_	
2-23	157-158	,	_	_	_	
2-24	159-162	der	_	_	_	
2-25	163-172	mehrmahls	_	_	_	
2-26	173-177	zwey	_	_	_	
2-27	178-181	und	_	_	_	
2-28	182-186	drey	_	_	_	
2-29	187-197	Stockwerck	_	_	_	
2-30	198-202	hoch	_	_	_	
2-31	203-206	iſt	_	_	_	
2-32	206-207	,	_	_	_	
2-33	208-211	von	_	_	_	
2-34	212-219	noͤthen	_	_	_	
2-35	220-223	hat	_	_	_	
2-36	223-224	.	_	_	_	

#Text=Die Geilen hiengen nicht an dem
#Text=Ruͤckgrade, wie Matthiolus/ Ama-
#Text=tus Luſitanus, und Rondelet ver-
#Text=melden, ſondern waren an den Seiten-
#Text=theilen des Huͤfftgebeines, um die Ge-
#Text=gend der Huͤffte, verborgen;
#Text=kunten
#Text=ſo wenig, als die Ruthe, von auſſen ge-
#Text=ſehen, noch ausgeſchnitten werden, be-
#Text=vor das Thier getoͤdtet worden.
3-1	228-231	Die	_	_	_	
3-2	232-238	Geilen	_	_	_	
3-3	239-246	hiengen	_	_	_	
3-4	247-252	nicht	_	_	_	
3-5	253-255	an	_	_	_	
3-6	256-259	dem	_	_	_	
3-7	260-270	Ruͤckgrade	_	_	_	
3-8	270-271	,	_	_	_	
3-9	272-275	wie	_	_	_	
3-10	276-286	Matthiolus	_	_	_	
3-11	286-287	/	_	_	_	
3-12	288-291	Ama	_	_	_	
3-13	291-292	-	_	_	_	
3-14	293-296	tus	_	_	_	
3-15	297-306	Luſitanus	_	_	_	
3-16	306-307	,	_	_	_	
3-17	308-311	und	_	_	_	
3-18	312-320	Rondelet	_	_	_	
3-19	321-324	ver	_	_	_	
3-20	324-325	-	_	_	_	
3-21	326-332	melden	_	_	_	
3-22	332-333	,	_	_	_	
3-23	334-341	ſondern	_	_	_	
3-24	342-347	waren	_	_	_	
3-25	348-350	an	_	_	_	
3-26	351-354	den	_	_	_	
3-27	355-361	Seiten	_	_	_	
3-28	361-362	-	_	_	_	
3-29	363-370	theilen	_	_	_	
3-30	371-374	des	_	_	_	
3-31	375-389	Huͤfftgebeines	_	_	_	
3-32	389-390	,	_	_	_	
3-33	391-393	um	_	_	_	
3-34	394-397	die	_	_	_	
3-35	398-400	Ge	_	_	_	
3-36	400-401	-	_	_	_	
3-37	402-406	gend	_	_	_	
3-38	407-410	der	_	_	_	
3-39	411-418	Huͤffte	_	_	_	
3-40	418-419	,	_	_	_	
3-41	420-429	verborgen	_	_	_	
3-42	429-430	;	_	_	_	
3-43	431-437	kunten	_	_	_	
3-44	438-440	ſo	_	_	_	
3-45	441-446	wenig	_	_	_	
3-46	446-447	,	_	_	_	
3-47	448-451	als	_	_	_	
3-48	452-455	die	_	_	_	
3-49	456-461	Ruthe	_	_	_	
3-50	461-462	,	_	_	_	
3-51	463-466	von	_	_	_	
3-52	467-473	auſſen	_	_	_	
3-53	474-476	ge	_	_	_	
3-54	476-477	-	_	_	_	
3-55	478-483	ſehen	_	_	_	
3-56	483-484	,	_	_	_	
3-57	485-489	noch	_	_	_	
3-58	490-504	ausgeſchnitten	_	_	_	
3-59	505-511	werden	_	_	_	
3-60	511-512	,	_	_	_	
3-61	513-515	be	_	_	_	
3-62	515-516	-	_	_	_	
3-63	517-520	vor	_	_	_	
3-64	521-524	das	_	_	_	
3-65	525-530	Thier	_	_	_	
3-66	531-540	getoͤdtet	_	_	_	
3-67	541-547	worden	_	_	_	
3-68	547-548	.	_	_	_	

#Text=Er
#Text=
#Text=hatte vier groſſe Beutel, unten an dem
#Text=Schamgebein gelegen, von denen die
#Text=zwey oberen als eine Birne, oder wie
#Text=ein weit ausgeſperrtes V ſahen, und in
#Text=einander giengen: ihre innere Haut
#Text=war fleiſchicht und aſchgrau, mit vielen
#Text=weiſſen Linien durchſtriemet, und ge-
#Text=faltet, als wie die Schoͤpsmaͤgen, und
#Text=zwey Zoll breit.
4-1	549-551	Er	_	_	_	
4-2	553-558	hatte	_	_	_	
4-3	559-563	vier	Location[1]	_	_	
4-4	564-570	groſſe	Location[1]	_	_	
4-5	571-577	Beutel	Location[1]	_	_	
4-6	577-578	,	Location[1]	_	_	
4-7	579-584	unten	Location[1]	_	_	
4-8	585-587	an	Location[1]	_	_	
4-9	588-591	dem	Location[1]	_	_	
4-10	592-603	Schamgebein	Location[1]	_	_	
4-11	604-611	gelegen	Location[1]	_	_	
4-12	611-612	,	_	_	_	
4-13	613-616	von	_	_	_	
4-14	617-622	denen	_	_	_	
4-15	623-626	die	_	_	_	
4-16	627-631	zwey	_	_	_	
4-17	632-638	oberen	_	_	_	
4-18	639-642	als	_	_	_	
4-19	643-647	eine	_	_	_	
4-20	648-653	Birne	_	_	_	
4-21	653-654	,	_	_	_	
4-22	655-659	oder	_	_	_	
4-23	660-663	wie	_	_	_	
4-24	664-667	ein	_	_	_	
4-25	668-672	weit	_	_	_	
4-26	673-686	ausgeſperrtes	_	_	_	
4-27	687-688	V	_	_	_	
4-28	689-694	ſahen	_	_	_	
4-29	694-695	,	_	_	_	
4-30	696-699	und	_	_	_	
4-31	700-702	in	_	_	_	
4-32	703-711	einander	_	_	_	
4-33	712-719	giengen	_	_	_	
4-34	719-720	:	_	_	_	
4-35	721-725	ihre	_	_	_	
4-36	726-732	innere	_	_	_	
4-37	733-737	Haut	_	_	_	
4-38	738-741	war	_	_	_	
4-39	742-753	fleiſchicht	_	_	_	
4-40	754-757	und	_	_	_	
4-41	758-766	aſchgrau	_	_	_	
4-42	766-767	,	_	_	_	
4-43	768-771	mit	_	_	_	
4-44	772-778	vielen	_	_	_	
4-45	779-786	weiſſen	_	_	_	
4-46	787-793	Linien	_	_	_	
4-47	794-807	durchſtriemet	_	_	_	
4-48	807-808	,	_	_	_	
4-49	809-812	und	_	_	_	
4-50	813-815	ge	_	_	_	
4-51	815-816	-	_	_	_	
4-52	817-823	faltet	_	_	_	
4-53	823-824	,	_	_	_	
4-54	825-828	als	_	_	_	
4-55	829-832	wie	_	_	_	
4-56	833-836	die	_	_	_	
4-57	837-850	Schoͤpsmaͤgen	_	_	_	
4-58	850-851	,	_	_	_	
4-59	852-855	und	_	_	_	
4-60	856-860	zwey	_	_	_	
4-61	861-865	Zoll	_	_	_	
4-62	866-871	breit	_	_	_	
4-63	871-872	.	_	_	_	

#Text=Jn denenſelbigen be-
#Text=fand ſich noch etwas von einer grau-
#Text=licht, und ſtinckenden Materie, welche
#Text=das Bibergeil iſt, davon man ſo viel re-
#Text=dens macht.
5-1	873-875	Jn	_	_	_	
5-2	876-889	denenſelbigen	_	_	_	
5-3	890-892	be	_	_	_	
5-4	892-893	-	_	_	_	
5-5	894-898	fand	_	_	_	
5-6	899-903	ſich	_	_	_	
5-7	904-908	noch	_	_	_	
5-8	909-914	etwas	_	_	_	
5-9	915-918	von	_	_	_	
5-10	919-924	einer	_	_	_	
5-11	925-929	grau	_	_	_	
5-12	929-930	-	_	_	_	
5-13	931-936	licht	_	_	_	
5-14	936-937	,	_	_	_	
5-15	938-941	und	_	_	_	
5-16	942-953	ſtinckenden	Quality[2]|Smell\_Word[3]	*|*|*	5-16[2_3]|5-17[0_3]|4-3[1_3]	
5-17	954-961	Materie	Smell\_Source	_	_	
5-18	961-962	,	_	_	_	
5-19	963-969	welche	_	_	_	
5-20	970-973	das	_	_	_	
5-21	974-983	Bibergeil	_	_	_	
5-22	984-987	iſt	_	_	_	
5-23	987-988	,	_	_	_	
5-24	989-994	davon	_	_	_	
5-25	995-998	man	_	_	_	
5-26	999-1001	ſo	_	_	_	
5-27	1002-1006	viel	_	_	_	
5-28	1007-1009	re	_	_	_	
5-29	1009-1010	-	_	_	_	
5-30	1011-1015	dens	_	_	_	
5-31	1016-1021	macht	_	_	_	
5-32	1021-1022	.	_	_	_	

#Text=Das Bibergeil ſoll man erwehlen,
#Text=welches gewiß von Dantzig kommen,
#Text=denn es viel dicker iſt, und weit ſtaͤrcker
#Text=riecht, als das aus Canada;
#Text=welches
#Text=insgemein trucken, haͤßlich, und bey
#Text=
#Text=nahe ſonder Geruch iſt;
#Text=und wenn die
#Text=Nieren dicke, ſchwer und fleiſchicht ſind.
6-1	1026-1029	Das	_	_	_	
6-2	1030-1039	Bibergeil	Smell\_Source	_	_	
6-3	1040-1044	ſoll	_	_	_	
6-4	1045-1048	man	_	_	_	
6-5	1049-1057	erwehlen	Effect	_	_	
6-6	1057-1058	,	_	_	_	
6-7	1059-1066	welches	_	_	_	
6-8	1067-1072	gewiß	_	_	_	
6-9	1073-1076	von	Location[4]	_	_	
6-10	1077-1084	Dantzig	Location[4]	_	_	
6-11	1085-1091	kommen	_	_	_	
6-12	1091-1092	,	_	_	_	
6-13	1093-1097	denn	_	_	_	
6-14	1098-1100	es	_	_	_	
6-15	1101-1105	viel	_	_	_	
6-16	1106-1112	dicker	_	_	_	
6-17	1113-1116	iſt	_	_	_	
6-18	1116-1117	,	_	_	_	
6-19	1118-1121	und	_	_	_	
6-20	1122-1126	weit	_	_	_	
6-21	1127-1136	ſtaͤrcker	Quality	_	_	
6-22	1137-1143	riecht	Smell\_Word	*|*|*|*	6-2|6-9[4_0]|6-5|6-21	
6-23	1143-1144	,	_	_	_	
6-24	1145-1148	als	_	_	_	
6-25	1149-1152	das	_	_	_	
6-26	1153-1156	aus	Location[5]	_	_	
6-27	1157-1163	Canada	Location[5]	_	_	
6-28	1163-1164	;	_	_	_	
6-29	1165-1172	welches	_	_	_	
6-30	1173-1182	insgemein	_	_	_	
6-31	1183-1190	trucken	_	_	_	
6-32	1190-1191	,	_	_	_	
6-33	1192-1200	haͤßlich	_	_	_	
6-34	1200-1201	,	_	_	_	
6-35	1202-1205	und	_	_	_	
6-36	1206-1209	bey	Quality[6]	_	_	
6-37	1211-1215	nahe	Quality[6]	_	_	
6-38	1216-1222	ſonder	Quality[6]	_	_	
6-39	1223-1229	Geruch	Smell\_Word	*|*|*	6-36[6_0]|6-26[5_0]|6-2	
6-40	1230-1233	iſt	_	_	_	
6-41	1233-1234	;	_	_	_	
6-42	1235-1238	und	_	_	_	
6-43	1239-1243	wenn	_	_	_	
6-44	1244-1247	die	_	_	_	
6-45	1248-1254	Nieren	_	_	_	
6-46	1255-1260	dicke	_	_	_	
6-47	1260-1261	,	_	_	_	
6-48	1262-1268	ſchwer	_	_	_	
6-49	1269-1272	und	_	_	_	
6-50	1273-1284	fleiſchicht	_	_	_	
6-51	1285-1289	ſind	_	_	_	
6-52	1289-1290	.	_	_	_	

#Text=Dagegen mag man wohl Acht geben,
#Text=daß ſie nicht mit Honig oder andern un-
#Text=nuͤtzen Weſen, wie obgemeldet, erfuͤl-
#Text=let ſind, welches doch bald zu mercken,
#Text=weil die alſo ausgeſtopften Nieren auf-
#Text=geblaſen ſind, gantz dichte und gleiſſend:
#Text=
#Text=ſo tringt auch der fluͤßige ſtinckende Ho-
#Text=nig hervor, wenn man ſie nur ein we-
#Text=nig druͤcket.
7-1	1292-1299	Dagegen	_	_	_	
7-2	1300-1303	mag	_	_	_	
7-3	1304-1307	man	_	_	_	
7-4	1308-1312	wohl	_	_	_	
7-5	1313-1317	Acht	_	_	_	
7-6	1318-1323	geben	_	_	_	
7-7	1323-1324	,	_	_	_	
7-8	1325-1328	daß	_	_	_	
7-9	1329-1332	ſie	_	_	_	
7-10	1333-1338	nicht	_	_	_	
7-11	1339-1342	mit	_	_	_	
7-12	1343-1348	Honig	_	_	_	
7-13	1349-1353	oder	_	_	_	
7-14	1354-1360	andern	_	_	_	
7-15	1361-1363	un	_	_	_	
7-16	1363-1364	-	_	_	_	
7-17	1365-1372	nuͤtzen	_	_	_	
7-18	1373-1378	Weſen	_	_	_	
7-19	1378-1379	,	_	_	_	
7-20	1380-1383	wie	_	_	_	
7-21	1384-1394	obgemeldet	_	_	_	
7-22	1394-1395	,	_	_	_	
7-23	1396-1402	erfuͤl	_	_	_	
7-24	1402-1403	-	_	_	_	
7-25	1404-1407	let	_	_	_	
7-26	1408-1412	ſind	_	_	_	
7-27	1412-1413	,	_	_	_	
7-28	1414-1421	welches	_	_	_	
7-29	1422-1426	doch	_	_	_	
7-30	1427-1431	bald	_	_	_	
7-31	1432-1434	zu	_	_	_	
7-32	1435-1442	mercken	_	_	_	
7-33	1442-1443	,	_	_	_	
7-34	1444-1448	weil	_	_	_	
7-35	1449-1452	die	_	_	_	
7-36	1453-1457	alſo	_	_	_	
7-37	1458-1471	ausgeſtopften	_	_	_	
7-38	1472-1478	Nieren	_	_	_	
7-39	1479-1482	auf	_	_	_	
7-40	1482-1483	-	_	_	_	
7-41	1484-1492	geblaſen	_	_	_	
7-42	1493-1497	ſind	_	_	_	
7-43	1497-1498	,	_	_	_	
7-44	1499-1504	gantz	_	_	_	
7-45	1505-1511	dichte	_	_	_	
7-46	1512-1515	und	_	_	_	
7-47	1516-1525	gleiſſend	_	_	_	
7-48	1525-1526	:	_	_	_	
7-49	1528-1530	ſo	_	_	_	
7-50	1531-1537	tringt	_	_	_	
7-51	1538-1542	auch	_	_	_	
7-52	1543-1546	der	_	_	_	
7-53	1547-1555	fluͤßige	_	_	_	
7-54	1556-1566	ſtinckende	Quality[7]|Smell\_Word[8]	*|*|*	7-54[7_8]|7-55[9_8]|7-60[10_8]	
7-55	1567-1569	Ho	Smell\_Source[9]	_	_	
7-56	1569-1570	-	Smell\_Source[9]	_	_	
7-57	1571-1574	nig	Smell\_Source[9]	_	_	
7-58	1575-1581	hervor	_	_	_	
7-59	1581-1582	,	_	_	_	
7-60	1583-1587	wenn	Circumstances[10]	_	_	
7-61	1588-1591	man	Circumstances[10]	_	_	
7-62	1592-1595	ſie	Circumstances[10]	_	_	
7-63	1596-1599	nur	Circumstances[10]	_	_	
7-64	1600-1603	ein	Circumstances[10]	_	_	
7-65	1604-1606	we	Circumstances[10]	_	_	
7-66	1606-1607	-	Circumstances[10]	_	_	
7-67	1608-1611	nig	Circumstances[10]	_	_	
7-68	1612-1620	druͤcket	Circumstances[10]	_	_	
7-69	1620-1621	.	_	_	_	

#Text=Hingegen ſind die andern
#Text=ſchwer und harte, und man befindet ſie,
#Text=wenn ſie aufgeſchnitten worden, voller
#Text=kleiner Faͤden, ingleichen, daß ſie einen
#Text=ſtarcken durchtringenden Geruch ha-
#Text=ben.
8-1	1622-1630	Hingegen	_	_	_	
8-2	1631-1635	ſind	_	_	_	
8-3	1636-1639	die	_	_	_	
8-4	1640-1646	andern	_	_	_	
8-5	1647-1653	ſchwer	_	_	_	
8-6	1654-1657	und	_	_	_	
8-7	1658-1663	harte	_	_	_	
8-8	1663-1664	,	_	_	_	
8-9	1665-1668	und	_	_	_	
8-10	1669-1672	man	_	_	_	
8-11	1673-1681	befindet	_	_	_	
8-12	1682-1685	ſie	_	_	_	
8-13	1685-1686	,	_	_	_	
8-14	1687-1691	wenn	_	_	_	
8-15	1692-1695	ſie	_	_	_	
8-16	1696-1710	aufgeſchnitten	_	_	_	
8-17	1711-1717	worden	_	_	_	
8-18	1717-1718	,	_	_	_	
8-19	1719-1725	voller	_	_	_	
8-20	1726-1733	kleiner	_	_	_	
8-21	1734-1740	Faͤden	Smell\_Source	_	_	
8-22	1740-1741	,	_	_	_	
8-23	1742-1752	ingleichen	_	_	_	
8-24	1752-1753	,	_	_	_	
8-25	1754-1757	daß	_	_	_	
8-26	1758-1761	ſie	_	_	_	
8-27	1762-1767	einen	_	_	_	
8-28	1768-1776	ſtarcken	Quality[11]	_	_	
8-29	1777-1792	durchtringenden	Quality[11]	_	_	
8-30	1793-1799	Geruch	Smell\_Word	*|*	8-28[11_0]|8-21	
8-31	1800-1802	ha	_	_	_	
8-32	1802-1803	-	_	_	_	
8-33	1804-1807	ben	_	_	_	
8-34	1807-1808	.	_	_	_	

#Text=Was die Biberhaare betrifft, da-
#Text=raus die Huͤte gemachet werden, dieſel-
#Text=ben ſind eine der ſchoͤnſten und beſten
#Text=Waaren in Franckreich:
#Text=muͤſſen ei-
#Text=nen ſchweren Zoll bezahlen.
9-1	1812-1815	Was	_	_	_	
9-2	1816-1819	die	_	_	_	
9-3	1820-1830	Biberhaare	_	_	_	
9-4	1831-1839	betrifft	_	_	_	
9-5	1839-1840	,	_	_	_	
9-6	1841-1843	da	_	_	_	
9-7	1843-1844	-	_	_	_	
9-8	1845-1849	raus	_	_	_	
9-9	1850-1853	die	_	_	_	
9-10	1854-1859	Huͤte	_	_	_	
9-11	1860-1868	gemachet	_	_	_	
9-12	1869-1875	werden	_	_	_	
9-13	1875-1876	,	_	_	_	
9-14	1877-1883	dieſel	_	_	_	
9-15	1883-1884	-	_	_	_	
9-16	1885-1888	ben	_	_	_	
9-17	1889-1893	ſind	_	_	_	
9-18	1894-1898	eine	_	_	_	
9-19	1899-1902	der	_	_	_	
9-20	1903-1913	ſchoͤnſten	_	_	_	
9-21	1914-1917	und	_	_	_	
9-22	1918-1924	beſten	_	_	_	
9-23	1925-1931	Waaren	_	_	_	
9-24	1932-1934	in	_	_	_	
9-25	1935-1946	Franckreich	_	_	_	
9-26	1946-1947	:	_	_	_	
9-27	1948-1955	muͤſſen	_	_	_	
9-28	1956-1958	ei	_	_	_	
9-29	1958-1959	-	_	_	_	
9-30	1960-1963	nen	_	_	_	
9-31	1964-1972	ſchweren	_	_	_	
9-32	1973-1977	Zoll	_	_	_	
9-33	1978-1986	bezahlen	_	_	_	
9-34	1986-1987	.	_	_	_	

#Text=Weil nun
#Text=die Felle, daran die Haare noch ſitzen,
#Text=ein Stuͤck unſerer Handlung ſind, de-
#Text=rowegen muß man ſie folgender Geſtalt
#Text=auſſuchen: naͤmlich, an denen magern
10-1	1988-1992	Weil	_	_	_	
10-2	1993-1996	nun	_	_	_	
10-3	1997-2000	die	_	_	_	
10-4	2001-2006	Felle	_	_	_	
10-5	2006-2007	,	_	_	_	
10-6	2008-2013	daran	_	_	_	
10-7	2014-2017	die	_	_	_	
10-8	2018-2023	Haare	_	_	_	
10-9	2024-2028	noch	_	_	_	
10-10	2029-2035	ſitzen	_	_	_	
10-11	2035-2036	,	_	_	_	
10-12	2037-2040	ein	_	_	_	
10-13	2041-2047	Stuͤck	_	_	_	
10-14	2048-2055	unſerer	_	_	_	
10-15	2056-2064	Handlung	_	_	_	
10-16	2065-2069	ſind	_	_	_	
10-17	2069-2070	,	_	_	_	
10-18	2071-2073	de	_	_	_	
10-19	2073-2074	-	_	_	_	
10-20	2075-2082	rowegen	_	_	_	
10-21	2083-2086	muß	_	_	_	
10-22	2087-2090	man	_	_	_	
10-23	2091-2094	ſie	_	_	_	
10-24	2095-2104	folgender	_	_	_	
10-25	2105-2112	Geſtalt	_	_	_	
10-26	2113-2122	auſſuchen	_	_	_	
10-27	2122-2123	:	_	_	_	
10-28	2124-2132	naͤmlich	_	_	_	
10-29	2132-2133	,	_	_	_	
10-30	2134-2136	an	_	_	_	
10-31	2137-2142	denen	_	_	_	
10-32	2143-2149	magern	_	_	_	
