#FORMAT=WebAnno TSV 3.3
#T_SP=custom.Span|label
#T_RL=custom.Relation|label|BT_custom.Span


#Text=Propriétés de l'Eau des Princes.
1-1	0-10	Propriétés	_	_	_	
1-2	11-13	de	_	_	_	
1-3	14-19	l'Eau	Smell\_Source[1]	Anaphoric	2-1[2_1]	
1-4	20-23	des	Smell\_Source[1]	_	_	
1-5	24-31	Princes	Smell\_Source[1]	_	_	
1-6	31-32	.	_	_	_	

#Text=Cette Eau est un extrait concentré des parfums dont se servaient les anciens, et qui sont encore employés dans tout l'Orient; son odeur est douce et suave, et l'on s'en sert pour neutraliser les mauvaises odeurs et pour parfumer les cassolettes, les sachets, les mouchoirs et les vêtements ; elle remplace avec avantage les eaux de Cologne, les vinaigres aromatiques, les teintures, et les pommades dont on se sert pour entretenir l'éclat et la blancheur de la peau.
2-1	36-41	Cette	Smell\_Source[2]	Anaphoric	2-24[0_2]	
2-2	42-45	Eau	Smell\_Source[2]	_	_	
2-3	46-49	est	_	_	_	
2-4	50-52	un	_	_	_	
2-5	53-60	extrait	_	_	_	
2-6	61-70	concentré	_	_	_	
2-7	71-74	des	_	_	_	
2-8	75-82	parfums	Smell\_Word	*|Anaphoric|*	2-12[3_0]|2-16|2-1[2_0]	
2-9	83-87	dont	_	_	_	
2-10	88-90	se	_	_	_	
2-11	91-100	servaient	_	_	_	
2-12	101-104	les	Perceiver[3]	_	_	
2-13	105-112	anciens	Perceiver[3]	_	_	
2-14	112-113	,	_	_	_	
2-15	114-116	et	_	_	_	
2-16	117-120	qui	Smell\_Word	*|*	2-20[4_0]|2-18	
2-17	121-125	sont	_	_	_	
2-18	126-132	encore	Time	_	_	
2-19	133-141	employés	_	_	_	
2-20	142-146	dans	Location[4]	_	_	
2-21	147-151	tout	Location[4]	_	_	
2-22	152-160	l'Orient	Location[4]	_	_	
2-23	160-161	;	_	_	_	
2-24	162-165	son	Smell\_Source	_	_	
2-25	166-171	odeur	Smell\_Word	*|*|*|*	2-24|2-27|2-29|2-36[5_0]	
2-26	172-175	est	_	_	_	
2-27	176-181	douce	Quality	_	_	
2-28	182-184	et	_	_	_	
2-29	185-190	suave	Quality	_	_	
2-30	190-191	,	_	_	_	
2-31	192-194	et	_	_	_	
2-32	195-199	l'on	_	_	_	
2-33	200-204	s'en	_	_	_	
2-34	205-209	sert	_	_	_	
2-35	210-214	pour	_	_	_	
2-36	215-226	neutraliser	Effect[5]	_	_	
2-37	227-230	les	Effect[5]	_	_	
2-38	231-240	mauvaises	Effect[5]|Quality[6]	_	_	
2-39	241-247	odeurs	Effect[5]|Smell\_Word[7]	*	2-38[6_7]	
2-40	248-250	et	_	_	_	
2-41	251-255	pour	_	_	_	
2-42	256-264	parfumer	Smell\_Word[8]|Effect[9]	*|*|*|*|*	2-44[0_8]|2-47[0_8]|2-50[0_8]|2-53[0_8]|2-25[0_9]	
2-43	265-268	les	_	_	_	
2-44	269-280	cassolettes	Odour\_Carrier	_	_	
2-45	280-281	,	_	_	_	
2-46	282-285	les	_	_	_	
2-47	286-293	sachets	Odour\_Carrier	_	_	
2-48	293-294	,	_	_	_	
2-49	295-298	les	_	_	_	
2-50	299-308	mouchoirs	Odour\_Carrier	_	_	
2-51	309-311	et	_	_	_	
2-52	312-315	les	_	_	_	
2-53	316-325	vêtements	Odour\_Carrier	_	_	
2-54	326-327	;	_	_	_	
2-55	328-332	elle	_	_	_	
2-56	333-341	remplace	_	_	_	
2-57	342-346	avec	_	_	_	
2-58	347-355	avantage	_	_	_	
2-59	356-359	les	_	_	_	
2-60	360-364	eaux	_	_	_	
2-61	365-367	de	_	_	_	
2-62	368-375	Cologne	_	_	_	
2-63	375-376	,	_	_	_	
2-64	377-380	les	_	_	_	
2-65	381-390	vinaigres	_	_	_	
2-66	391-402	aromatiques	_	_	_	
2-67	402-403	,	_	_	_	
2-68	404-407	les	_	_	_	
2-69	408-417	teintures	_	_	_	
2-70	417-418	,	_	_	_	
2-71	419-421	et	_	_	_	
2-72	422-425	les	_	_	_	
2-73	426-434	pommades	_	_	_	
2-74	435-439	dont	_	_	_	
2-75	440-442	on	_	_	_	
2-76	443-445	se	_	_	_	
2-77	446-450	sert	_	_	_	
2-78	451-455	pour	_	_	_	
2-79	456-466	entretenir	_	_	_	
2-80	467-474	l'éclat	_	_	_	
2-81	475-477	et	_	_	_	
2-82	478-480	la	_	_	_	
2-83	481-490	blancheur	_	_	_	
2-84	491-493	de	_	_	_	
2-85	494-496	la	_	_	_	
2-86	497-501	peau	_	_	_	
2-87	501-502	.	_	_	_	

#Text=Cette Eau balsamique enlève les démangeaisons et les efflorescences de la peau.
3-1	506-511	Cette	_	_	_	
3-2	512-515	Eau	_	_	_	
3-3	516-526	balsamique	_	_	_	
3-4	527-533	enlève	_	_	_	
3-5	534-537	les	_	_	_	
3-6	538-551	démangeaisons	_	_	_	
3-7	552-554	et	_	_	_	
3-8	555-558	les	_	_	_	
3-9	559-573	efflorescences	_	_	_	
3-10	574-576	de	_	_	_	
3-11	577-579	la	_	_	_	
3-12	580-584	peau	_	_	_	
3-13	584-585	.	_	_	_	

#Text=Les hommes s'en servent aussi habituellement pour neutratiser les effets alcalins du savon et ceux du rasoir sur les bulbes de la barbe.
4-1	586-589	Les	_	_	_	
4-2	590-596	hommes	_	_	_	
4-3	597-601	s'en	_	_	_	
4-4	602-609	servent	_	_	_	
4-5	610-615	aussi	_	_	_	
4-6	616-630	habituellement	_	_	_	
4-7	631-635	pour	_	_	_	
4-8	636-647	neutratiser	_	_	_	
4-9	648-651	les	_	_	_	
4-10	652-658	effets	_	_	_	
4-11	659-667	alcalins	_	_	_	
4-12	668-670	du	_	_	_	
4-13	671-676	savon	_	_	_	
4-14	677-679	et	_	_	_	
4-15	680-684	ceux	_	_	_	
4-16	685-687	du	_	_	_	
4-17	688-694	rasoir	_	_	_	
4-18	695-698	sur	_	_	_	
4-19	699-702	les	_	_	_	
4-20	703-709	bulbes	_	_	_	
4-21	710-712	de	_	_	_	
4-22	713-715	la	_	_	_	
4-23	716-721	barbe	_	_	_	
4-24	721-722	.	_	_	_	

#Text=Par ses propriétés alcooliques, elle peut remplacer l'eau vulnéraire, et doit être préférée pour la toilette à toutes les eaux-de-vie de lavande dont on sert au grand détriment de la peau.
5-1	723-726	Par	_	_	_	
5-2	727-730	ses	_	_	_	
5-3	731-741	propriétés	_	_	_	
5-4	742-753	alcooliques	_	_	_	
5-5	753-754	,	_	_	_	
5-6	755-759	elle	_	_	_	
5-7	760-764	peut	_	_	_	
5-8	765-774	remplacer	_	_	_	
5-9	775-780	l'eau	_	_	_	
5-10	781-791	vulnéraire	_	_	_	
5-11	791-792	,	_	_	_	
5-12	793-795	et	_	_	_	
5-13	796-800	doit	_	_	_	
5-14	801-805	être	_	_	_	
5-15	806-814	préférée	_	_	_	
5-16	815-819	pour	_	_	_	
5-17	820-822	la	_	_	_	
5-18	823-831	toilette	_	_	_	
5-19	832-833	à	_	_	_	
5-20	834-840	toutes	_	_	_	
5-21	841-844	les	_	_	_	
5-22	845-856	eaux-de-vie	_	_	_	
5-23	857-859	de	_	_	_	
5-24	860-867	lavande	_	_	_	
5-25	868-872	dont	_	_	_	
5-26	873-875	on	_	_	_	
5-27	876-880	sert	_	_	_	
5-28	881-883	au	_	_	_	
5-29	884-889	grand	_	_	_	
5-30	890-899	détriment	_	_	_	
5-31	900-902	de	_	_	_	
5-32	903-905	la	_	_	_	
5-33	906-910	peau	_	_	_	
5-34	910-911	.	_	_	_	

#Text=Comme parfum, l'Eau des Princes sert à récréer l'odorat, à ranimer les forces languissantes, à plonger dans une douce ivresse et à rappeler le calme dans les affections nerveuses.
6-1	915-920	Comme	_	_	_	
6-2	921-927	parfum	Smell\_Word	*|*|*|*|*	6-4[10_0]|6-9[11_0]|6-19[14_0]|6-26[15_0]|6-13[13_0]	
6-3	927-928	,	_	_	_	
6-4	929-934	l'Eau	Smell\_Source[10]	_	_	
6-5	935-938	des	Smell\_Source[10]	_	_	
6-6	939-946	Princes	Smell\_Source[10]	_	_	
6-7	947-951	sert	_	_	_	
6-8	952-953	à	_	_	_	
6-9	954-961	récréer	Effect[11]	_	_	
6-10	962-970	l'odorat	Effect[11]|Smell\_Word[12]	_	_	
6-11	970-971	,	_	_	_	
6-12	972-973	à	_	_	_	
6-13	974-981	ranimer	Effect[13]	_	_	
6-14	982-985	les	Effect[13]	_	_	
6-15	986-992	forces	Effect[13]	_	_	
6-16	993-1006	languissantes	Effect[13]	_	_	
6-17	1006-1007	,	_	_	_	
6-18	1008-1009	à	_	_	_	
6-19	1010-1017	plonger	Effect[14]	_	_	
6-20	1018-1022	dans	Effect[14]	_	_	
6-21	1023-1026	une	Effect[14]	_	_	
6-22	1027-1032	douce	Effect[14]	_	_	
6-23	1033-1040	ivresse	Effect[14]	_	_	
6-24	1041-1043	et	_	_	_	
6-25	1044-1045	à	_	_	_	
6-26	1046-1054	rappeler	Effect[15]	_	_	
6-27	1055-1057	le	Effect[15]	_	_	
6-28	1058-1063	calme	Effect[15]	_	_	
6-29	1064-1068	dans	_	_	_	
6-30	1069-1072	les	_	_	_	
6-31	1073-1083	affections	_	_	_	
6-32	1084-1093	nerveuses	_	_	_	
6-33	1093-1094	.	_	_	_	
