#FORMAT=WebAnno TSV 3.3
#T_SP=custom.Span|label
#T_RL=custom.Relation|label|BT_custom.Span


#Text=welche die Jugend und arme Leut einkauf-
#Text=fen.
1-1	3-9	welche	_	_	_	
1-2	10-13	die	_	_	_	
1-3	14-20	Jugend	_	_	_	
1-4	21-24	und	_	_	_	
1-5	25-29	arme	_	_	_	
1-6	30-34	Leut	_	_	_	
1-7	35-42	einkauf	_	_	_	
1-8	42-43	-	_	_	_	
1-9	44-47	fen	_	_	_	
1-10	47-48	.	_	_	_	

#Text=Bey uns waͤchßt
#Text=er auff dem Mutten-
#Text=tzer und Reichenſteiner Berg.
2-1	49-52	Bey	_	_	_	
2-2	53-56	uns	_	_	_	
2-3	57-64	waͤchßt	_	_	_	
2-4	65-67	er	_	_	_	
2-5	68-72	auff	_	_	_	
2-6	73-76	dem	_	_	_	
2-7	77-83	Mutten	_	_	_	
2-8	83-84	-	_	_	_	
2-9	85-89	tzer	_	_	_	
2-10	90-93	und	_	_	_	
2-11	94-108	Reichenſteiner	_	_	_	
2-12	109-113	Berg	_	_	_	
2-13	113-114	.	_	_	_	

#Text=Das vierdte Geſchlecht/ Aria Theophraſti,
#Text=wachßet auß einem geraden und ſtarcken
#Text=Stam̃en auff/ mit einer roͤhtlichten Rinde/
#Text=
#Text=ſonderlich an den auſſerſten Aeſten.
3-1	118-121	Das	_	_	_	
3-2	122-129	vierdte	_	_	_	
3-3	130-140	Geſchlecht	_	_	_	
3-4	140-141	/	_	_	_	
3-5	142-146	Aria	_	_	_	
3-6	147-158	Theophraſti	_	_	_	
3-7	158-159	,	_	_	_	
3-8	160-167	wachßet	_	_	_	
3-9	168-171	auß	_	_	_	
3-10	172-177	einem	_	_	_	
3-11	178-185	geraden	_	_	_	
3-12	186-189	und	_	_	_	
3-13	190-198	ſtarcken	_	_	_	
3-14	199-206	Stam̃en	_	_	_	
3-15	207-211	auff	_	_	_	
3-16	211-212	/	_	_	_	
3-17	213-216	mit	_	_	_	
3-18	217-222	einer	_	_	_	
3-19	223-235	roͤhtlichten	_	_	_	
3-20	236-241	Rinde	_	_	_	
3-21	241-242	/	_	_	_	
3-22	244-254	ſonderlich	_	_	_	
3-23	255-257	an	_	_	_	
3-24	258-261	den	_	_	_	
3-25	262-272	auſſerſten	_	_	_	
3-26	273-279	Aeſten	_	_	_	
3-27	279-280	.	_	_	_	

#Text=Seine
#Text=Blaͤtter ſind ablang rund/ runtzlicht/ an dem
#Text=nidrigen theil weißgraw/ oben aber gruͤn/
#Text=
#Text=an dem umbkreiß zerkerbt/ eines zuſammen
#Text=ziehenden Geſchmacks/ hangen an kurtzen
#Text=haarichten Stiehlein.
4-1	281-286	Seine	_	_	_	
4-2	287-295	Blaͤtter	_	_	_	
4-3	296-300	ſind	_	_	_	
4-4	301-307	ablang	_	_	_	
4-5	308-312	rund	_	_	_	
4-6	312-313	/	_	_	_	
4-7	314-324	runtzlicht	_	_	_	
4-8	324-325	/	_	_	_	
4-9	326-328	an	_	_	_	
4-10	329-332	dem	_	_	_	
4-11	333-341	nidrigen	_	_	_	
4-12	342-347	theil	_	_	_	
4-13	348-356	weißgraw	_	_	_	
4-14	356-357	/	_	_	_	
4-15	358-362	oben	_	_	_	
4-16	363-367	aber	_	_	_	
4-17	368-373	gruͤn	_	_	_	
4-18	373-374	/	_	_	_	
4-19	376-378	an	_	_	_	
4-20	379-382	dem	_	_	_	
4-21	383-391	umbkreiß	_	_	_	
4-22	392-400	zerkerbt	_	_	_	
4-23	400-401	/	_	_	_	
4-24	402-407	eines	_	_	_	
4-25	408-416	zuſammen	_	_	_	
4-26	417-426	ziehenden	_	_	_	
4-27	427-437	Geſchmacks	_	_	_	
4-28	437-438	/	_	_	_	
4-29	439-445	hangen	_	_	_	
4-30	446-448	an	_	_	_	
4-31	449-456	kurtzen	_	_	_	
4-32	457-467	haarichten	_	_	_	
4-33	468-477	Stiehlein	_	_	_	
4-34	477-478	.	_	_	_	

#Text=Sein Bluſt komt buͤ-
#Text=
#Text=ſchelein weiß/ wie an dem Sperwerbaum/
#Text=
#Text=hervor/ iſt weiß und nicht uͤbel riechend/ hat
#Text=vier Blaͤttlein.
5-1	479-483	Sein	_	_	_	
5-2	484-489	Bluſt	Smell\_Source	_	_	
5-3	490-494	komt	_	_	_	
5-4	495-498	buͤ	_	_	_	
5-5	498-499	-	_	_	_	
5-6	501-509	ſchelein	_	_	_	
5-7	510-514	weiß	_	_	_	
5-8	514-515	/	_	_	_	
5-9	516-519	wie	_	_	_	
5-10	520-522	an	_	_	_	
5-11	523-526	dem	_	_	_	
5-12	527-538	Sperwerbaum	_	_	_	
5-13	538-539	/	_	_	_	
5-14	541-547	hervor	_	_	_	
5-15	547-548	/	_	_	_	
5-16	549-552	iſt	_	_	_	
5-17	553-557	weiß	_	_	_	
5-18	558-561	und	_	_	_	
5-19	562-567	nicht	Quality	_	_	
5-20	568-573	uͤbel	Quality	*	5-19	
5-21	574-582	riechend	*[1]|Smell\_Word[2]	_	_	
5-22	582-583	/	_	_	_	
5-23	584-587	hat	_	_	_	
5-24	588-592	vier	_	_	_	
5-25	593-603	Blaͤttlein	_	_	_	
5-26	603-604	.	_	_	_	

#Text=Nach dem Bluſt folgen klei-
#Text=ne Apffelein/
#Text=kleiner als Haſelnuͤſſe/ roht/
#Text=
#Text=mit ein wenig wollen uͤberzogen;
#Text=haben ein
#Text=gelblichtes Fleiſch/ ſo da anfaͤnglich eines
#Text=rauchen Geſchmacks/ nachgehnds aber/ weñ
#Text=ſie auffgehalten worden/ und jhr innerlicher
#Text=Safft gejaͤſen/ und alſo taͤig worden/
#Text=ſind ſie
#Text=
#Text=ſehr anmuhtig zu eſſen/ ziehen nicht ſo viel
#Text=zuſammen/ als die Fruͤchten der uͤbrigen
#Text=geſchlechteren dieſes Baums/ und geben den
#Text=Burgundiſchen und Lothringiſchen Bau-
#Text=ren in dem Winter ein delicate Speiß ab:
#Text=
#Text=wie ſie denn ſonſten auch gleich den Bruſt-
#Text=beerlein/ den Huſten linderen/ und den auß-
#Text=wurff befoͤrderen.
6-1	605-609	Nach	_	_	_	
6-2	610-613	dem	_	_	_	
6-3	614-619	Bluſt	_	_	_	
6-4	620-626	folgen	_	_	_	
6-5	627-631	klei	_	_	_	
6-6	631-632	-	_	_	_	
6-7	633-635	ne	_	_	_	
6-8	636-645	Apffelein	_	_	_	
6-9	645-646	/	_	_	_	
6-10	647-654	kleiner	_	_	_	
6-11	655-658	als	_	_	_	
6-12	659-670	Haſelnuͤſſe	_	_	_	
6-13	670-671	/	_	_	_	
6-14	672-676	roht	_	_	_	
6-15	676-677	/	_	_	_	
6-16	679-682	mit	_	_	_	
6-17	683-686	ein	_	_	_	
6-18	687-692	wenig	_	_	_	
6-19	693-699	wollen	_	_	_	
6-20	700-710	uͤberzogen	_	_	_	
6-21	710-711	;	_	_	_	
6-22	712-717	haben	_	_	_	
6-23	718-721	ein	_	_	_	
6-24	722-733	gelblichtes	_	_	_	
6-25	734-741	Fleiſch	_	_	_	
6-26	741-742	/	_	_	_	
6-27	743-745	ſo	_	_	_	
6-28	746-748	da	_	_	_	
6-29	749-760	anfaͤnglich	_	_	_	
6-30	761-766	eines	_	_	_	
6-31	767-774	rauchen	_	_	_	
6-32	775-785	Geſchmacks	_	_	_	
6-33	785-786	/	_	_	_	
6-34	787-797	nachgehnds	_	_	_	
6-35	798-802	aber	_	_	_	
6-36	802-803	/	_	_	_	
6-37	804-807	weñ	_	_	_	
6-38	808-811	ſie	_	_	_	
6-39	812-824	auffgehalten	_	_	_	
6-40	825-831	worden	_	_	_	
6-41	831-832	/	_	_	_	
6-42	833-836	und	_	_	_	
6-43	837-840	jhr	_	_	_	
6-44	841-852	innerlicher	_	_	_	
6-45	853-858	Safft	_	_	_	
6-46	859-867	gejaͤſen	_	_	_	
6-47	867-868	/	_	_	_	
6-48	869-872	und	_	_	_	
6-49	873-877	alſo	_	_	_	
6-50	878-883	taͤig	_	_	_	
6-51	884-890	worden	_	_	_	
6-52	890-891	/	_	_	_	
6-53	892-896	ſind	_	_	_	
6-54	897-900	ſie	_	_	_	
6-55	902-906	ſehr	_	_	_	
6-56	907-915	anmuhtig	_	_	_	
6-57	916-918	zu	_	_	_	
6-58	919-924	eſſen	_	_	_	
6-59	924-925	/	_	_	_	
6-60	926-932	ziehen	_	_	_	
6-61	933-938	nicht	_	_	_	
6-62	939-941	ſo	_	_	_	
6-63	942-946	viel	_	_	_	
6-64	947-955	zuſammen	_	_	_	
6-65	955-956	/	_	_	_	
6-66	957-960	als	_	_	_	
6-67	961-964	die	_	_	_	
6-68	965-974	Fruͤchten	_	_	_	
6-69	975-978	der	_	_	_	
6-70	979-987	uͤbrigen	_	_	_	
6-71	988-1002	geſchlechteren	_	_	_	
6-72	1003-1009	dieſes	_	_	_	
6-73	1010-1015	Baums	_	_	_	
6-74	1015-1016	/	_	_	_	
6-75	1017-1020	und	_	_	_	
6-76	1021-1026	geben	_	_	_	
6-77	1027-1030	den	_	_	_	
6-78	1031-1044	Burgundiſchen	_	_	_	
6-79	1045-1048	und	_	_	_	
6-80	1049-1063	Lothringiſchen	_	_	_	
6-81	1064-1067	Bau	_	_	_	
6-82	1067-1068	-	_	_	_	
6-83	1069-1072	ren	_	_	_	
6-84	1073-1075	in	_	_	_	
6-85	1076-1079	dem	_	_	_	
6-86	1080-1086	Winter	_	_	_	
6-87	1087-1090	ein	_	_	_	
6-88	1091-1099	delicate	_	_	_	
6-89	1100-1105	Speiß	_	_	_	
6-90	1106-1108	ab	_	_	_	
6-91	1108-1109	:	_	_	_	
6-92	1111-1114	wie	_	_	_	
6-93	1115-1118	ſie	_	_	_	
6-94	1119-1123	denn	_	_	_	
6-95	1124-1131	ſonſten	_	_	_	
6-96	1132-1136	auch	_	_	_	
6-97	1137-1143	gleich	_	_	_	
6-98	1144-1147	den	_	_	_	
6-99	1148-1153	Bruſt	_	_	_	
6-100	1153-1154	-	_	_	_	
6-101	1155-1163	beerlein	_	_	_	
6-102	1163-1164	/	_	_	_	
6-103	1165-1168	den	_	_	_	
6-104	1169-1175	Huſten	_	_	_	
6-105	1176-1184	linderen	_	_	_	
6-106	1184-1185	/	_	_	_	
6-107	1186-1189	und	_	_	_	
6-108	1190-1193	den	_	_	_	
6-109	1194-1197	auß	_	_	_	
6-110	1197-1198	-	_	_	_	
6-111	1199-1204	wurff	_	_	_	
6-112	1205-1216	befoͤrderen	_	_	_	
6-113	1216-1217	.	_	_	_	

#Text=Der wilde Engliſche Sperwerbaum/
7-1	1221-1224	Der	_	_	_	
7-2	1225-1230	wilde	_	_	_	
7-3	1231-1240	Engliſche	_	_	_	
7-4	1241-1252	Sperwerbaum	_	_	_	
7-5	1252-1253	/	_	_	_	
