#FORMAT=WebAnno TSV 3.3
#T_SP=custom.Span|label
#T_RL=custom.Relation|label|BT_custom.Span


#Text=Epicureos hortos mihi videre videor.
#Text=eu.
1-1	0-9	Epicureos	_	_	_	
1-2	10-16	hortos	_	_	_	
1-3	17-21	mihi	_	_	_	
1-4	22-28	videre	_	_	_	
1-5	29-35	videor	_	_	_	
1-6	35-36	.	_	_	_	
1-7	37-39	eu	_	_	_	
1-8	39-40	.	_	_	_	

#Text=Totus hic locus voluptati dicatus est, sed honestae, pascendis oculis, recreandis naribus, reficiendis animis.
2-1	41-46	Totus	Smell\_Source[1]	_	_	
2-2	47-50	hic	Smell\_Source[1]	_	_	
2-3	51-56	locus	Smell\_Source[1]	_	_	
2-4	57-66	voluptati	_	_	_	
2-5	67-74	dicatus	_	_	_	
2-6	75-78	est	_	_	_	
2-7	78-79	,	_	_	_	
2-8	80-83	sed	_	_	_	
2-9	84-92	honestae	_	_	_	
2-10	92-93	,	_	_	_	
2-11	94-103	pascendis	_	_	_	
2-12	104-110	oculis	_	_	_	
2-13	110-111	,	_	_	_	
2-14	112-122	recreandis	Smell\_Word	*|*	2-15|2-1[1_0]	
2-15	123-130	naribus	Perceiver	_	_	
2-16	130-131	,	_	_	_	
2-17	132-143	reficiendis	_	_	_	
2-18	144-150	animis	_	_	_	
2-19	150-151	.	_	_	_	

#Text=Nihil hic nascitur praeter odoratas herbas, nec eas quaslibet, sed eximias duntaxat.
3-1	152-157	Nihil	_	_	_	
3-2	158-161	hic	Location	_	_	
3-3	162-170	nascitur	_	_	_	
3-4	171-178	praeter	_	_	_	
3-5	179-187	odoratas	Smell\_Word	*|*	3-2|3-6	
3-6	188-194	herbas	Smell\_Source	_	_	
3-7	194-195	,	_	_	_	
3-8	196-199	nec	_	_	_	
3-9	200-203	eas	_	_	_	
3-10	204-213	quaslibet	_	_	_	
3-11	213-214	,	_	_	_	
3-12	215-218	sed	_	_	_	
3-13	219-226	eximias	_	_	_	
3-14	227-235	duntaxat	_	_	_	
3-15	235-236	.	_	_	_	

#Text=Unumquodque genus suas habet areas.
#Text=ti.
4-1	237-248	Unumquodque	_	_	_	
4-2	249-254	genus	_	_	_	
4-3	255-259	suas	_	_	_	
4-4	260-265	habet	_	_	_	
4-5	266-271	areas	_	_	_	
4-6	271-272	.	_	_	_	
4-7	273-275	ti	_	_	_	
4-8	275-276	.	_	_	_	

#Text=Nec herbae mutae sunt apud te, quantum video.
#Text=eu.
5-1	277-280	Nec	_	_	_	
5-2	281-287	herbae	_	_	_	
5-3	288-293	mutae	_	_	_	
5-4	294-298	sunt	_	_	_	
5-5	299-303	apud	_	_	_	
5-6	304-306	te	_	_	_	
5-7	306-307	,	_	_	_	
5-8	308-315	quantum	_	_	_	
5-9	316-321	video	_	_	_	
5-10	321-322	.	_	_	_	
5-11	323-325	eu	_	_	_	
5-12	325-326	.	_	_	_	

#Text=Probe dicis: alii domus habent opulentas, ego loquacissimam habeo, ne quando solus videri possim: id magis etiam dices, ubi totam videris.
6-1	327-332	Probe	_	_	_	
6-2	333-338	dicis	_	_	_	
6-3	338-339	:	_	_	_	
6-4	340-344	alii	_	_	_	
6-5	345-350	domus	_	_	_	
6-6	351-357	habent	_	_	_	
6-7	358-367	opulentas	_	_	_	
6-8	367-368	,	_	_	_	
6-9	369-372	ego	_	_	_	
6-10	373-386	loquacissimam	_	_	_	
6-11	387-392	habeo	_	_	_	
6-12	392-393	,	_	_	_	
6-13	394-396	ne	_	_	_	
6-14	397-403	quando	_	_	_	
6-15	404-409	solus	_	_	_	
6-16	410-416	videri	_	_	_	
6-17	417-423	possim	_	_	_	
6-18	423-424	:	_	_	_	
6-19	425-427	id	_	_	_	
6-20	428-433	magis	_	_	_	
6-21	434-439	etiam	_	_	_	
6-22	440-445	dices	_	_	_	
6-23	445-446	,	_	_	_	
6-24	447-450	ubi	_	_	_	
6-25	451-456	totam	_	_	_	
6-26	457-464	videris	_	_	_	
6-27	464-465	.	_	_	_	

#Text=Ut herbae sunt velut in turmas digestae, ita singulae turmae singula habent uexilla cum inscriptione.
7-1	466-468	Ut	_	_	_	
7-2	469-475	herbae	_	_	_	
7-3	476-480	sunt	_	_	_	
7-4	481-486	velut	_	_	_	
7-5	487-489	in	_	_	_	
7-6	490-496	turmas	_	_	_	
7-7	497-505	digestae	_	_	_	
7-8	505-506	,	_	_	_	
7-9	507-510	ita	_	_	_	
7-10	511-519	singulae	_	_	_	
7-11	520-526	turmae	_	_	_	
7-12	527-534	singula	_	_	_	
7-13	535-541	habent	_	_	_	
7-14	542-549	uexilla	_	_	_	
7-15	550-553	cum	_	_	_	
7-16	554-566	inscriptione	_	_	_	
7-17	566-567	.	_	_	_	

#Text=Velut amaracus hic: Abstine, inquit, sus; non tibi spiro.
8-1	568-573	Velut	_	_	_	
8-2	574-582	amaracus	Smell\_Source	_	_	
8-3	583-586	hic	_	_	_	
8-4	586-587	:	_	_	_	
8-5	588-595	Abstine	_	_	_	
8-6	595-596	,	_	_	_	
8-7	597-603	inquit	_	_	_	
8-8	603-604	,	_	_	_	
8-9	605-608	sus	Perceiver	Anaphoric	8-12	
8-10	608-609	;	_	_	_	
8-11	610-613	non	_	_	_	
8-12	614-618	tibi	Perceiver	_	_	
8-13	619-624	spiro	Smell\_Word	*|*	8-12|8-2	
8-14	624-625	.	_	_	_	

#Text=Quum enim sit suauissimae fragrantiae, sues tamen hoc odore uehementer offenduntur.
9-1	626-630	Quum	_	_	_	
9-2	631-635	enim	_	_	_	
9-3	636-639	sit	_	_	_	
9-4	640-651	suauissimae	Quality	_	_	
9-5	652-663	fragrantiae	Smell\_Word	*|*	9-4|8-2	
9-6	663-664	,	_	_	_	
9-7	665-669	sues	Perceiver[2]|Effect[3]	Same\_span	9-11[4_3]	
9-8	670-675	tamen	_	_	_	
9-9	676-679	hoc	Smell\_Source	Anaphoric	8-2	
9-10	680-685	odore	Smell\_Word	*|*|*	9-7[2_0]|9-9|9-7[3_0]	
9-11	686-696	uehementer	Effect[4]	_	_	
9-12	697-708	offenduntur	Effect[4]	_	_	
9-13	708-709	.	_	_	_	

#Text=Itidem singula genera habent suos titulos, aliquid indicantes, quod ad peculiarem eius herbae vim pertinet.
#Text=ti.
10-1	710-716	Itidem	_	_	_	
10-2	717-724	singula	_	_	_	
10-3	725-731	genera	_	_	_	
10-4	732-738	habent	_	_	_	
10-5	739-743	suos	_	_	_	
10-6	744-751	titulos	_	_	_	
10-7	751-752	,	_	_	_	
10-8	753-760	aliquid	_	_	_	
10-9	761-771	indicantes	_	_	_	
10-10	771-772	,	_	_	_	
10-11	773-777	quod	_	_	_	
10-12	778-780	ad	_	_	_	
10-13	781-791	peculiarem	_	_	_	
10-14	792-796	eius	_	_	_	
10-15	797-803	herbae	_	_	_	
10-16	804-807	vim	_	_	_	
10-17	808-816	pertinet	_	_	_	
10-18	816-817	.	_	_	_	
10-19	818-820	ti	_	_	_	
10-20	820-821	.	_	_	_	

#Text=Nihil adhuc vidi hoc fonticulo festiuius, qui medius velut arridet herbis omnibus ac refrigerium illis pollicetur aduersus aestum.
11-1	822-827	Nihil	_	_	_	
11-2	828-833	adhuc	_	_	_	
11-3	834-838	vidi	_	_	_	
11-4	839-842	hoc	_	_	_	
11-5	843-852	fonticulo	_	_	_	
11-6	853-862	festiuius	_	_	_	
11-7	862-863	,	_	_	_	
11-8	864-867	qui	_	_	_	
11-9	868-874	medius	_	_	_	
11-10	875-880	velut	_	_	_	
11-11	881-888	arridet	_	_	_	
11-12	889-895	herbis	_	_	_	
11-13	896-903	omnibus	_	_	_	
11-14	904-906	ac	_	_	_	
11-15	907-918	refrigerium	_	_	_	
11-16	919-924	illis	_	_	_	
11-17	925-935	pollicetur	_	_	_	
11-18	936-944	aduersus	_	_	_	
11-19	945-951	aestum	_	_	_	
11-20	951-952	.	_	_	_	

#Text=Sed alueolus hic, qui tanta gratia totam aquam ostendit oculis hominum, hinc atque hinc aequis spatiis hortum dirimens, in quo sese utrinque herbae velut in speculo contemplari gestiunt, num marmoreus est?
12-1	953-956	Sed	_	_	_	
12-2	957-965	alueolus	_	_	_	
12-3	966-969	hic	_	_	_	
12-4	969-970	,	_	_	_	
12-5	971-974	qui	_	_	_	
12-6	975-980	tanta	_	_	_	
12-7	981-987	gratia	_	_	_	
12-8	988-993	totam	_	_	_	
12-9	994-999	aquam	_	_	_	
12-10	1000-1008	ostendit	_	_	_	
12-11	1009-1015	oculis	_	_	_	
12-12	1016-1023	hominum	_	_	_	
12-13	1023-1024	,	_	_	_	
12-14	1025-1029	hinc	_	_	_	
12-15	1030-1035	atque	_	_	_	
12-16	1036-1040	hinc	_	_	_	
12-17	1041-1047	aequis	_	_	_	
12-18	1048-1055	spatiis	_	_	_	
12-19	1056-1062	hortum	_	_	_	
12-20	1063-1071	dirimens	_	_	_	
12-21	1071-1072	,	_	_	_	
12-22	1073-1075	in	_	_	_	
12-23	1076-1079	quo	_	_	_	
12-24	1080-1084	sese	_	_	_	
12-25	1085-1093	utrinque	_	_	_	
12-26	1094-1100	herbae	_	_	_	
12-27	1101-1106	velut	_	_	_	
12-28	1107-1109	in	_	_	_	
12-29	1110-1117	speculo	_	_	_	
12-30	1118-1129	contemplari	_	_	_	
12-31	1130-1138	gestiunt	_	_	_	
12-32	1138-1139	,	_	_	_	
12-33	1140-1143	num	_	_	_	
12-34	1144-1153	marmoreus	_	_	_	
12-35	1154-1157	est	_	_	_	
12-36	1157-1158	?	_	_	_	

#Text=eu.
13-1	1159-1161	eu	_	_	_	
13-2	1161-1162	.	_	_	_	

#Text=Bona verba; unde huc marmor?
14-1	1163-1167	Bona	_	_	_	
14-2	1168-1173	verba	_	_	_	
14-3	1173-1174	;	_	_	_	
14-4	1175-1179	unde	_	_	_	
14-5	1180-1183	huc	_	_	_	
14-6	1184-1190	marmor	_	_	_	
14-7	1190-1191	?	_	_	_	

#Text=E contusis cementis factitium marmor est: coloris candor additus est incrustamento.
#Text=ti.
15-1	1192-1193	E	_	_	_	
15-2	1194-1202	contusis	_	_	_	
15-3	1203-1211	cementis	_	_	_	
15-4	1212-1221	factitium	_	_	_	
15-5	1222-1228	marmor	_	_	_	
15-6	1229-1232	est	_	_	_	
15-7	1232-1233	:	_	_	_	
15-8	1234-1241	coloris	_	_	_	
15-9	1242-1248	candor	_	_	_	
15-10	1249-1256	additus	_	_	_	
15-11	1257-1260	est	_	_	_	
15-12	1261-1274	incrustamento	_	_	_	
15-13	1274-1275	.	_	_	_	
15-14	1276-1278	ti	_	_	_	
15-15	1278-1279	.	_	_	_	
