#FORMAT=WebAnno TSV 3.3


#Text=Epicureos hortos mihi videre videor.
#Text=eu.
1-1	0-9	Epicureos	
1-2	10-16	hortos	
1-3	17-21	mihi	
1-4	22-28	videre	
1-5	29-35	videor	
1-6	35-36	.	
1-7	37-39	eu	
1-8	39-40	.	

#Text=Totus hic locus voluptati dicatus est, sed honestae, pascendis oculis, recreandis naribus, reficiendis animis.
2-1	41-46	Totus	
2-2	47-50	hic	
2-3	51-56	locus	
2-4	57-66	voluptati	
2-5	67-74	dicatus	
2-6	75-78	est	
2-7	78-79	,	
2-8	80-83	sed	
2-9	84-92	honestae	
2-10	92-93	,	
2-11	94-103	pascendis	
2-12	104-110	oculis	
2-13	110-111	,	
2-14	112-122	recreandis	
2-15	123-130	naribus	
2-16	130-131	,	
2-17	132-143	reficiendis	
2-18	144-150	animis	
2-19	150-151	.	

#Text=Nihil hic nascitur praeter odoratas herbas, nec eas quaslibet, sed eximias duntaxat.
3-1	152-157	Nihil	
3-2	158-161	hic	
3-3	162-170	nascitur	
3-4	171-178	praeter	
3-5	179-187	odoratas	
3-6	188-194	herbas	
3-7	194-195	,	
3-8	196-199	nec	
3-9	200-203	eas	
3-10	204-213	quaslibet	
3-11	213-214	,	
3-12	215-218	sed	
3-13	219-226	eximias	
3-14	227-235	duntaxat	
3-15	235-236	.	

#Text=Unumquodque genus suas habet areas.
#Text=ti.
4-1	237-248	Unumquodque	
4-2	249-254	genus	
4-3	255-259	suas	
4-4	260-265	habet	
4-5	266-271	areas	
4-6	271-272	.	
4-7	273-275	ti	
4-8	275-276	.	

#Text=Nec herbae mutae sunt apud te, quantum video.
#Text=eu.
5-1	277-280	Nec	
5-2	281-287	herbae	
5-3	288-293	mutae	
5-4	294-298	sunt	
5-5	299-303	apud	
5-6	304-306	te	
5-7	306-307	,	
5-8	308-315	quantum	
5-9	316-321	video	
5-10	321-322	.	
5-11	323-325	eu	
5-12	325-326	.	

#Text=Probe dicis: alii domus habent opulentas, ego loquacissimam habeo, ne quando solus videri possim: id magis etiam dices, ubi totam videris.
6-1	327-332	Probe	
6-2	333-338	dicis	
6-3	338-339	:	
6-4	340-344	alii	
6-5	345-350	domus	
6-6	351-357	habent	
6-7	358-367	opulentas	
6-8	367-368	,	
6-9	369-372	ego	
6-10	373-386	loquacissimam	
6-11	387-392	habeo	
6-12	392-393	,	
6-13	394-396	ne	
6-14	397-403	quando	
6-15	404-409	solus	
6-16	410-416	videri	
6-17	417-423	possim	
6-18	423-424	:	
6-19	425-427	id	
6-20	428-433	magis	
6-21	434-439	etiam	
6-22	440-445	dices	
6-23	445-446	,	
6-24	447-450	ubi	
6-25	451-456	totam	
6-26	457-464	videris	
6-27	464-465	.	

#Text=Ut herbae sunt velut in turmas digestae, ita singulae turmae singula habent uexilla cum inscriptione.
7-1	466-468	Ut	
7-2	469-475	herbae	
7-3	476-480	sunt	
7-4	481-486	velut	
7-5	487-489	in	
7-6	490-496	turmas	
7-7	497-505	digestae	
7-8	505-506	,	
7-9	507-510	ita	
7-10	511-519	singulae	
7-11	520-526	turmae	
7-12	527-534	singula	
7-13	535-541	habent	
7-14	542-549	uexilla	
7-15	550-553	cum	
7-16	554-566	inscriptione	
7-17	566-567	.	

#Text=Velut amaracus hic: Abstine, inquit, sus; non tibi spiro.
8-1	568-573	Velut	
8-2	574-582	amaracus	
8-3	583-586	hic	
8-4	586-587	:	
8-5	588-595	Abstine	
8-6	595-596	,	
8-7	597-603	inquit	
8-8	603-604	,	
8-9	605-608	sus	
8-10	608-609	;	
8-11	610-613	non	
8-12	614-618	tibi	
8-13	619-624	spiro	
8-14	624-625	.	

#Text=Quum enim sit suauissimae fragrantiae, sues tamen hoc odore uehementer offenduntur.
9-1	626-630	Quum	
9-2	631-635	enim	
9-3	636-639	sit	
9-4	640-651	suauissimae	
9-5	652-663	fragrantiae	
9-6	663-664	,	
9-7	665-669	sues	
9-8	670-675	tamen	
9-9	676-679	hoc	
9-10	680-685	odore	
9-11	686-696	uehementer	
9-12	697-708	offenduntur	
9-13	708-709	.	

#Text=Itidem singula genera habent suos titulos, aliquid indicantes, quod ad peculiarem eius herbae vim pertinet.
#Text=ti.
10-1	710-716	Itidem	
10-2	717-724	singula	
10-3	725-731	genera	
10-4	732-738	habent	
10-5	739-743	suos	
10-6	744-751	titulos	
10-7	751-752	,	
10-8	753-760	aliquid	
10-9	761-771	indicantes	
10-10	771-772	,	
10-11	773-777	quod	
10-12	778-780	ad	
10-13	781-791	peculiarem	
10-14	792-796	eius	
10-15	797-803	herbae	
10-16	804-807	vim	
10-17	808-816	pertinet	
10-18	816-817	.	
10-19	818-820	ti	
10-20	820-821	.	

#Text=Nihil adhuc vidi hoc fonticulo festiuius, qui medius velut arridet herbis omnibus ac refrigerium illis pollicetur aduersus aestum.
11-1	822-827	Nihil	
11-2	828-833	adhuc	
11-3	834-838	vidi	
11-4	839-842	hoc	
11-5	843-852	fonticulo	
11-6	853-862	festiuius	
11-7	862-863	,	
11-8	864-867	qui	
11-9	868-874	medius	
11-10	875-880	velut	
11-11	881-888	arridet	
11-12	889-895	herbis	
11-13	896-903	omnibus	
11-14	904-906	ac	
11-15	907-918	refrigerium	
11-16	919-924	illis	
11-17	925-935	pollicetur	
11-18	936-944	aduersus	
11-19	945-951	aestum	
11-20	951-952	.	

#Text=Sed alueolus hic, qui tanta gratia totam aquam ostendit oculis hominum, hinc atque hinc aequis spatiis hortum dirimens, in quo sese utrinque herbae velut in speculo contemplari gestiunt, num marmoreus est?
12-1	953-956	Sed	
12-2	957-965	alueolus	
12-3	966-969	hic	
12-4	969-970	,	
12-5	971-974	qui	
12-6	975-980	tanta	
12-7	981-987	gratia	
12-8	988-993	totam	
12-9	994-999	aquam	
12-10	1000-1008	ostendit	
12-11	1009-1015	oculis	
12-12	1016-1023	hominum	
12-13	1023-1024	,	
12-14	1025-1029	hinc	
12-15	1030-1035	atque	
12-16	1036-1040	hinc	
12-17	1041-1047	aequis	
12-18	1048-1055	spatiis	
12-19	1056-1062	hortum	
12-20	1063-1071	dirimens	
12-21	1071-1072	,	
12-22	1073-1075	in	
12-23	1076-1079	quo	
12-24	1080-1084	sese	
12-25	1085-1093	utrinque	
12-26	1094-1100	herbae	
12-27	1101-1106	velut	
12-28	1107-1109	in	
12-29	1110-1117	speculo	
12-30	1118-1129	contemplari	
12-31	1130-1138	gestiunt	
12-32	1138-1139	,	
12-33	1140-1143	num	
12-34	1144-1153	marmoreus	
12-35	1154-1157	est	
12-36	1157-1158	?	

#Text=eu.
13-1	1159-1161	eu	
13-2	1161-1162	.	

#Text=Bona verba; unde huc marmor?
14-1	1163-1167	Bona	
14-2	1168-1173	verba	
14-3	1173-1174	;	
14-4	1175-1179	unde	
14-5	1180-1183	huc	
14-6	1184-1190	marmor	
14-7	1190-1191	?	

#Text=E contusis cementis factitium marmor est: coloris candor additus est incrustamento.
#Text=ti.
15-1	1192-1193	E	
15-2	1194-1202	contusis	
15-3	1203-1211	cementis	
15-4	1212-1221	factitium	
15-5	1222-1228	marmor	
15-6	1229-1232	est	
15-7	1232-1233	:	
15-8	1234-1241	coloris	
15-9	1242-1248	candor	
15-10	1249-1256	additus	
15-11	1257-1260	est	
15-12	1261-1274	incrustamento	
15-13	1274-1275	.	
15-14	1276-1278	ti	
15-15	1278-1279	.	
