#FORMAT=WebAnno TSV 3.3


#Text=Comme on retira de terre les corps des deux Maries & furent portez à l'Eglise en grand honneur.
1-1	0-5	Comme	
1-2	6-8	on	
1-3	9-15	retira	
1-4	16-18	de	
1-5	19-24	terre	
1-6	25-28	les	
1-7	29-34	corps	
1-8	35-38	des	
1-9	39-43	deux	
1-10	44-50	Maries	
1-11	51-52	&	
1-12	53-59	furent	
1-13	60-66	portez	
1-14	67-68	à	
1-15	69-77	l'Eglise	
1-16	78-80	en	
1-17	81-86	grand	
1-18	87-94	honneur	
1-19	94-95	.	

#Text=TOus les assistans furent rejoüis quand ils connurent les corps saints, l'Evêque & les autres leverent les corps de terre & les emporterent en la cité, tout le clergé alloit après chantant mélodieusement le psalme Laudate nomen Domini Les gens de la Ville allerent au-devant à cause de la grande odeur qu'ils sentoient, on sonna les cloches par toutes la ville, & chacun courroit pour voir les corps saints.
2-1	97-101	TOus	
2-2	102-105	les	
2-3	106-115	assistans	
2-4	116-122	furent	
2-5	123-130	rejoüis	
2-6	131-136	quand	
2-7	137-140	ils	
2-8	141-150	connurent	
2-9	151-154	les	
2-10	155-160	corps	
2-11	161-167	saints	
2-12	167-168	,	
2-13	169-177	l'Evêque	
2-14	178-179	&	
2-15	180-183	les	
2-16	184-190	autres	
2-17	191-199	leverent	
2-18	200-203	les	
2-19	204-209	corps	
2-20	210-212	de	
2-21	213-218	terre	
2-22	219-220	&	
2-23	221-224	les	
2-24	225-236	emporterent	
2-25	237-239	en	
2-26	240-242	la	
2-27	243-247	cité	
2-28	247-248	,	
2-29	249-253	tout	
2-30	254-256	le	
2-31	257-263	clergé	
2-32	264-270	alloit	
2-33	271-276	après	
2-34	277-285	chantant	
2-35	286-300	mélodieusement	
2-36	301-303	le	
2-37	304-310	psalme	
2-38	311-318	Laudate	
2-39	319-324	nomen	
2-40	325-331	Domini	
2-41	332-335	Les	
2-42	336-340	gens	
2-43	341-343	de	
2-44	344-346	la	
2-45	347-352	Ville	
2-46	353-361	allerent	
2-47	362-371	au-devant	
2-48	372-373	à	
2-49	374-379	cause	
2-50	380-382	de	
2-51	383-385	la	
2-52	386-392	grande	
2-53	393-398	odeur	
2-54	399-405	qu'ils	
2-55	406-415	sentoient	
2-56	415-416	,	
2-57	417-419	on	
2-58	420-425	sonna	
2-59	426-429	les	
2-60	430-437	cloches	
2-61	438-441	par	
2-62	442-448	toutes	
2-63	449-451	la	
2-64	452-457	ville	
2-65	457-458	,	
2-66	459-460	&	
2-67	461-467	chacun	
2-68	468-476	courroit	
2-69	477-481	pour	
2-70	482-486	voir	
2-71	487-490	les	
2-72	491-496	corps	
2-73	497-503	saints	
2-74	503-504	.	

#Text=Quand ils furent dans l'Eglise on mit la biére fur l'Autel jusqu'à ce que la Messe fut chantée, puis on couvrit la biere de fort riches draps; quand la Messe fut chantée l'Evêque ouvrit le coffre tant que chacun les vit & sentirent très grande odeur, puis il lut les écriteaux qui étoient dans le coffre, parquoi on connut les Dames, & chacun y ajouta foi.
3-1	505-510	Quand	
3-2	511-514	ils	
3-3	515-521	furent	
3-4	522-526	dans	
3-5	527-535	l'Eglise	
3-6	536-538	on	
3-7	539-542	mit	
3-8	543-545	la	
3-9	546-551	biére	
3-10	552-555	fur	
3-11	556-563	l'Autel	
3-12	564-571	jusqu'à	
3-13	572-574	ce	
3-14	575-578	que	
3-15	579-581	la	
3-16	582-587	Messe	
3-17	588-591	fut	
3-18	592-599	chantée	
3-19	599-600	,	
3-20	601-605	puis	
3-21	606-608	on	
3-22	609-616	couvrit	
3-23	617-619	la	
3-24	620-625	biere	
3-25	626-628	de	
3-26	629-633	fort	
3-27	634-640	riches	
3-28	641-646	draps	
3-29	646-647	;	
3-30	648-653	quand	
3-31	654-656	la	
3-32	657-662	Messe	
3-33	663-666	fut	
3-34	667-674	chantée	
3-35	675-683	l'Evêque	
3-36	684-690	ouvrit	
3-37	691-693	le	
3-38	694-700	coffre	
3-39	701-705	tant	
3-40	706-709	que	
3-41	710-716	chacun	
3-42	717-720	les	
3-43	721-724	vit	
3-44	725-726	&	
3-45	727-736	sentirent	
3-46	737-741	très	
3-47	742-748	grande	
3-48	749-754	odeur	
3-49	754-755	,	
3-50	756-760	puis	
3-51	761-763	il	
3-52	764-767	lut	
3-53	768-771	les	
3-54	772-781	écriteaux	
3-55	782-785	qui	
3-56	786-793	étoient	
3-57	794-798	dans	
3-58	799-801	le	
3-59	802-808	coffre	
3-60	808-809	,	
3-61	810-817	parquoi	
3-62	818-820	on	
3-63	821-827	connut	
3-64	828-831	les	
3-65	832-837	Dames	
3-66	837-838	,	
3-67	839-840	&	
3-68	841-847	chacun	
3-69	848-849	y	
3-70	850-856	ajouta	
3-71	857-860	foi	
3-72	860-861	.	

#Text=Comme plusieurs miracles furent faits à l'Eglise.
4-1	863-868	Comme	
4-2	869-878	plusieurs	
4-3	879-887	miracles	
4-4	888-894	furent	
4-5	895-900	faits	
4-6	901-902	à	
4-7	903-911	l'Eglise	
4-8	911-912	.	

#Text=GRande odeur fut sentie en l'Eglise, dont le peuple loüa Jesus Christ, Dieu voulut montrer de grands miracles, car il entra dans l'Eglise malades, sourds, aveugles, manchots, démoniacles, contrefaits & bossus, mais nul n'y entra qu'il n'en sortit sain & gueri, les nouvelles
#Text=en furent par tout, tellement que les malades y vinrent de toutes parts, la solemnité dura quinze jours en la ville, on fit un vaisseau pour mettre les corps, puis firent nouveaux ecrit, faisant mention de l'invention & des miracles, ils mirent les corps dedans & fermerent le coffre, puis le mirent près de l'Autel en un fort beau lieu, & fut couvert d'un riche drap rouge, l'Evêque prêcha & leur annonça le fête des deux sœurs, & ordonna que tous les ans chacun feroit la fête, puis il donna à chacun la benediction, dont chacun loüa Dieu le créateur Je vous ai promis de parler du lieu où sont à présent les corps des deux Maries, ce que j'espere faire en re chapitre, sçavoir si aucuns veulent sçavoir où sont à present les corps des Dames, ils sont en Provence à 3. lieuës de S.
5-1	914-920	GRande	
5-2	921-926	odeur	
5-3	927-930	fut	
5-4	931-937	sentie	
5-5	938-940	en	
5-6	941-949	l'Eglise	
5-7	949-950	,	
5-8	951-955	dont	
5-9	956-958	le	
5-10	959-965	peuple	
5-11	966-970	loüa	
5-12	971-976	Jesus	
5-13	977-983	Christ	
5-14	983-984	,	
5-15	985-989	Dieu	
5-16	990-996	voulut	
5-17	997-1004	montrer	
5-18	1005-1007	de	
5-19	1008-1014	grands	
5-20	1015-1023	miracles	
5-21	1023-1024	,	
5-22	1025-1028	car	
5-23	1029-1031	il	
5-24	1032-1037	entra	
5-25	1038-1042	dans	
5-26	1043-1051	l'Eglise	
5-27	1052-1059	malades	
5-28	1059-1060	,	
5-29	1061-1067	sourds	
5-30	1067-1068	,	
5-31	1069-1077	aveugles	
5-32	1077-1078	,	
5-33	1079-1087	manchots	
5-34	1087-1088	,	
5-35	1089-1100	démoniacles	
5-36	1100-1101	,	
5-37	1102-1113	contrefaits	
5-38	1114-1115	&	
5-39	1116-1122	bossus	
5-40	1122-1123	,	
5-41	1124-1128	mais	
5-42	1129-1132	nul	
5-43	1133-1136	n'y	
5-44	1137-1142	entra	
5-45	1143-1148	qu'il	
5-46	1149-1153	n'en	
5-47	1154-1160	sortit	
5-48	1161-1165	sain	
5-49	1166-1167	&	
5-50	1168-1173	gueri	
5-51	1173-1174	,	
5-52	1175-1178	les	
5-53	1179-1188	nouvelles	
5-54	1189-1191	en	
5-55	1192-1198	furent	
5-56	1199-1202	par	
5-57	1203-1207	tout	
5-58	1207-1208	,	
5-59	1209-1218	tellement	
5-60	1219-1222	que	
5-61	1223-1226	les	
5-62	1227-1234	malades	
5-63	1235-1236	y	
5-64	1237-1244	vinrent	
5-65	1245-1247	de	
5-66	1248-1254	toutes	
5-67	1255-1260	parts	
5-68	1260-1261	,	
5-69	1262-1264	la	
5-70	1265-1274	solemnité	
5-71	1275-1279	dura	
5-72	1280-1286	quinze	
5-73	1287-1292	jours	
5-74	1293-1295	en	
5-75	1296-1298	la	
5-76	1299-1304	ville	
5-77	1304-1305	,	
5-78	1306-1308	on	
5-79	1309-1312	fit	
5-80	1313-1315	un	
5-81	1316-1324	vaisseau	
5-82	1325-1329	pour	
5-83	1330-1336	mettre	
5-84	1337-1340	les	
5-85	1341-1346	corps	
5-86	1346-1347	,	
5-87	1348-1352	puis	
5-88	1353-1359	firent	
5-89	1360-1368	nouveaux	
5-90	1369-1374	ecrit	
5-91	1374-1375	,	
5-92	1376-1383	faisant	
5-93	1384-1391	mention	
5-94	1392-1394	de	
5-95	1395-1406	l'invention	
5-96	1407-1408	&	
5-97	1409-1412	des	
5-98	1413-1421	miracles	
5-99	1421-1422	,	
5-100	1423-1426	ils	
5-101	1427-1433	mirent	
5-102	1434-1437	les	
5-103	1438-1443	corps	
5-104	1444-1450	dedans	
5-105	1451-1452	&	
5-106	1453-1462	fermerent	
5-107	1463-1465	le	
5-108	1466-1472	coffre	
5-109	1472-1473	,	
5-110	1474-1478	puis	
5-111	1479-1481	le	
5-112	1482-1488	mirent	
5-113	1489-1493	près	
5-114	1494-1496	de	
5-115	1497-1504	l'Autel	
5-116	1505-1507	en	
5-117	1508-1510	un	
5-118	1511-1515	fort	
5-119	1516-1520	beau	
5-120	1521-1525	lieu	
5-121	1525-1526	,	
5-122	1527-1528	&	
5-123	1529-1532	fut	
5-124	1533-1540	couvert	
5-125	1541-1545	d'un	
5-126	1546-1551	riche	
5-127	1552-1556	drap	
5-128	1557-1562	rouge	
5-129	1562-1563	,	
5-130	1564-1572	l'Evêque	
5-131	1573-1579	prêcha	
5-132	1580-1581	&	
5-133	1582-1586	leur	
5-134	1587-1594	annonça	
5-135	1595-1597	le	
5-136	1598-1602	fête	
5-137	1603-1606	des	
5-138	1607-1611	deux	
5-139	1612-1617	sœurs	
5-140	1617-1618	,	
5-141	1619-1620	&	
5-142	1621-1628	ordonna	
5-143	1629-1632	que	
5-144	1633-1637	tous	
5-145	1638-1641	les	
5-146	1642-1645	ans	
5-147	1646-1652	chacun	
5-148	1653-1659	feroit	
5-149	1660-1662	la	
5-150	1663-1667	fête	
5-151	1667-1668	,	
5-152	1669-1673	puis	
5-153	1674-1676	il	
5-154	1677-1682	donna	
5-155	1683-1684	à	
5-156	1685-1691	chacun	
5-157	1692-1694	la	
5-158	1695-1706	benediction	
5-159	1706-1707	,	
5-160	1708-1712	dont	
5-161	1713-1719	chacun	
5-162	1720-1724	loüa	
5-163	1725-1729	Dieu	
5-164	1730-1732	le	
5-165	1733-1741	créateur	
5-166	1742-1744	Je	
5-167	1745-1749	vous	
5-168	1750-1752	ai	
5-169	1753-1759	promis	
5-170	1760-1762	de	
5-171	1763-1769	parler	
5-172	1770-1772	du	
5-173	1773-1777	lieu	
5-174	1778-1780	où	
5-175	1781-1785	sont	
5-176	1786-1787	à	
5-177	1788-1795	présent	
5-178	1796-1799	les	
5-179	1800-1805	corps	
5-180	1806-1809	des	
5-181	1810-1814	deux	
5-182	1815-1821	Maries	
5-183	1821-1822	,	
5-184	1823-1825	ce	
5-185	1826-1829	que	
5-186	1830-1838	j'espere	
5-187	1839-1844	faire	
5-188	1845-1847	en	
5-189	1848-1850	re	
5-190	1851-1859	chapitre	
5-191	1859-1860	,	
5-192	1861-1868	sçavoir	
5-193	1869-1871	si	
5-194	1872-1878	aucuns	
5-195	1879-1886	veulent	
5-196	1887-1894	sçavoir	
5-197	1895-1897	où	
5-198	1898-1902	sont	
5-199	1903-1904	à	
5-200	1905-1912	present	
5-201	1913-1916	les	
5-202	1917-1922	corps	
5-203	1923-1926	des	
5-204	1927-1932	Dames	
5-205	1932-1933	,	
5-206	1934-1937	ils	
5-207	1938-1942	sont	
5-208	1943-1945	en	
5-209	1946-1954	Provence	
5-210	1955-1956	à	
5-211	1957-1958	3	
5-212	1958-1959	.	
5-213	1960-1966	lieuës	
5-214	1967-1969	de	
5-215	1970-1971	S	
5-216	1971-1972	.	

#Text=Gilles en une belle Chapelle, dans un Couvent de Religieux & Chanoines qui est dans la mer sur une roche, & ladite Eglise est appellée Nôtre-Dame de la mer.
6-1	1973-1979	Gilles	
6-2	1980-1982	en	
6-3	1983-1986	une	
6-4	1987-1992	belle	
6-5	1993-2001	Chapelle	
6-6	2001-2002	,	
6-7	2003-2007	dans	
6-8	2008-2010	un	
6-9	2011-2018	Couvent	
6-10	2019-2021	de	
6-11	2022-2031	Religieux	
6-12	2032-2033	&	
6-13	2034-2043	Chanoines	
6-14	2044-2047	qui	
6-15	2048-2051	est	
6-16	2052-2056	dans	
6-17	2057-2059	la	
6-18	2060-2063	mer	
6-19	2064-2067	sur	
6-20	2068-2071	une	
6-21	2072-2077	roche	
6-22	2077-2078	,	
6-23	2079-2080	&	
6-24	2081-2087	ladite	
6-25	2088-2094	Eglise	
6-26	2095-2098	est	
6-27	2099-2107	appellée	
6-28	2108-2118	Nôtre-Dame	
6-29	2119-2121	de	
6-30	2122-2124	la	
6-31	2125-2128	mer	
6-32	2128-2129	.	
