#FORMAT=WebAnno TSV 3.3


#Text=Inde heerlicke woinsteden,
#Text=Sijner weirde heyligheden
1-1	0-4	Inde	
1-2	5-14	heerlicke	
1-3	15-25	woinsteden	
1-4	25-26	,	
1-5	27-33	Sijner	
1-6	34-40	weirde	
1-7	41-52	heyligheden	

#Text=.
2-1	52-53	.	

#Text=[2]
#Text=
#Text=Philips van Marnix van Sint Aldegonde, Het boeck der Psalmen
#Text=.
3-1	56-57	[	
3-2	57-58	2	
3-3	58-59	]	
3-4	61-68	Philips	
3-5	69-72	van	
3-6	73-79	Marnix	
3-7	80-83	van	
3-8	84-88	Sint	
3-9	89-98	Aldegonde	
3-10	98-99	,	
3-11	100-103	Het	
3-12	104-109	boeck	
3-13	110-113	der	
3-14	114-121	Psalmen	
3-15	122-123	.	

#Text=Wt de Hebreische sprake in Nederduitschen dichte3
#Text=
#Text=
#Text=+
#Text=
#Text=Sheeren
#Text=stem druyscht hel end claer,
#Text=Over waetren met gebaer:
#Text=
#Text=Over wolcken inde lucht,
#Text=Dondert Gods macht met gerucht
4-1	124-126	Wt	
4-2	127-129	de	
4-3	130-140	Hebreische	
4-4	141-147	sprake	
4-5	148-150	in	
4-6	151-165	Nederduitschen	
4-7	166-173	dichte3	
4-8	176-177	+	
4-9	179-186	Sheeren	
4-10	187-191	stem	
4-11	192-200	druyscht	
4-12	201-204	hel	
4-13	205-208	end	
4-14	209-214	claer	
4-15	214-215	,	
4-16	216-220	Over	
4-17	221-228	waetren	
4-18	229-232	met	
4-19	233-239	gebaer	
4-20	239-240	:	
4-21	242-246	Over	
4-22	247-254	wolcken	
4-23	255-259	inde	
4-24	260-265	lucht	
4-25	265-266	,	
4-26	267-274	Dondert	
4-27	275-279	Gods	
4-28	280-285	macht	
4-29	286-289	met	
4-30	290-297	gerucht	

#Text=.
5-1	297-298	.	

#Text=+
#Text=
#Text=
#Text=De
#Text=stemme
#Text=des
#Text=HEEREN
#Text=[is] op de
#Text=wateren:
#Text=de God der
#Text=heerlickheyt doet het
#Text=donderen, de HEERE is
#Text=ouer groote wateren.
6-1	300-301	+	
6-2	304-306	De	
6-3	307-313	stemme	
6-4	314-317	des	
6-5	318-324	HEEREN	
6-6	325-326	[	
6-7	326-328	is	
6-8	328-329	]	
6-9	330-332	op	
6-10	333-335	de	
6-11	336-343	wateren	
6-12	343-344	:	
6-13	345-347	de	
6-14	348-351	God	
6-15	352-355	der	
6-16	356-368	heerlickheyt	
6-17	369-373	doet	
6-18	374-377	het	
6-19	378-386	donderen	
6-20	386-387	,	
6-21	388-390	de	
6-22	391-396	HEERE	
6-23	397-399	is	
6-24	400-404	ouer	
6-25	405-411	groote	
6-26	412-419	wateren	
6-27	419-420	.	

#Text=Philips van Marnix van Sint Aldegonde, Het boeck der Psalmen.
7-1	422-429	Philips	
7-2	430-433	van	
7-3	434-440	Marnix	
7-4	441-444	van	
7-5	445-449	Sint	
7-6	450-459	Aldegonde	
7-7	459-460	,	
7-8	461-464	Het	
7-9	465-470	boeck	
7-10	471-474	der	
7-11	475-482	Psalmen	
7-12	482-483	.	

#Text=Wt de Hebreische sprake in Nederduitschen dichte4
8-1	484-486	Wt	
8-2	487-489	de	
8-3	490-500	Hebreische	
8-4	501-507	sprake	
8-5	508-510	in	
8-6	511-525	Nederduitschen	
8-7	526-533	dichte4	
