#FORMAT=WebAnno TSV 3.3
#T_SP=custom.Span|label
#T_RL=custom.Relation|label|BT_custom.Span


#Text=r» 
#Text=
#Text=
#Text=*/5000
#Text=
#Text=
#Text=
#Text=10.
1-1	5-6	r	_	_	_	
1-2	6-7	»	_	_	_	
1-3	11-12	*	_	_	_	
1-4	12-13	/	_	_	_	
1-5	13-17	5000	_	_	_	
1-6	21-23	10	_	_	_	
1-7	23-24	.	_	_	_	

#Text=n
#Text=
#Text=
#Text=
#Text=
#Text=
#Text=n 
#Text=
#Text=
#Text=Vj60 
#Text=
#Text=
#Text=
#Text=5. r
#Text=
#Text=
#Text=
#Text=
#Text=— 
#Text=
#Text=
#Text=
#Text=
#Text=n 
#Text=
#Text=
#Text=V«&oo 
#Text=
#Text=
#Text=11.
2-1	29-30	n	_	_	_	
2-2	36-37	n	_	_	_	
2-3	41-45	Vj60	_	_	_	
2-4	50-51	5	_	_	_	
2-5	51-52	.	_	_	_	
2-6	53-54	r	_	_	_	
2-7	59-60	—	_	_	_	
2-8	66-67	n	_	_	_	
2-9	71-72	V	_	_	_	
2-10	72-73	«	_	_	_	
2-11	73-74	&	_	_	_	
2-12	74-76	oo	_	_	_	
2-13	80-82	11	_	_	_	
2-14	82-83	.	_	_	_	

#Text=n 
#Text=
#Text=
#Text=■ — 
#Text=
#Text=
#Text=V 
#Text=
#Text=
#Text=Vtoo 
#Text=
#Text=
#Text=6. r 
#Text=
#Text=
#Text=
#Text=
#Text=
#Text=
#Text=» 
#Text=
#Text=
#Text=*
#Text=/«000 
#Text=
#Text=
#Text=12.
3-1	87-88	n	_	_	_	
3-2	92-93	■	_	_	_	
3-3	94-95	—	_	_	_	
3-4	99-100	V	_	_	_	
3-5	104-108	Vtoo	_	_	_	
3-6	112-113	6	_	_	_	
3-7	113-114	.	_	_	_	
3-8	115-116	r	_	_	_	
3-9	124-125	»	_	_	_	
3-10	129-130	*	_	_	_	
3-11	131-132	/	_	_	_	
3-12	132-133	«	_	_	_	
3-13	133-136	000	_	_	_	
3-14	140-142	12	_	_	_	
3-15	142-143	.	_	_	_	

#Text=p 
#Text=
#Text=
#Text=
#Text== 
#Text=
#Text=
#Text=r 
#Text=
#Text=
#Text=
#Text=Vioo 
#Text=
#Text=
#Text=
#Text=
#Text=Wir wählten die Nelkenessenz als eine der bekanntesten, 
#Text=am stärksten riechenden und am leichtesten lösbaren Substanzen.
4-1	147-148	p	_	_	_	
4-2	153-154	=	_	_	_	
4-3	158-159	r	_	_	_	
4-4	164-168	Vioo	_	_	_	
4-5	174-177	Wir	_	_	_	
4-6	178-185	wählten	_	_	_	
4-7	186-189	die	_	_	_	
4-8	190-202	Nelkenessenz	Smell\_Source	*	4-21	
4-9	203-206	als	_	_	_	
4-10	207-211	eine	_	_	_	
4-11	212-215	der	_	_	_	
4-12	216-228	bekanntesten	_	_	_	
4-13	228-229	,	_	_	_	
4-14	231-233	am	Quality[1]	_	_	
4-15	234-243	stärksten	Quality[1]	_	_	
4-16	244-254	riechenden	Smell\_Word	_	_	
4-17	255-258	und	_	_	_	
4-18	259-261	am	_	_	_	
4-19	262-273	leichtesten	_	_	_	
4-20	274-282	lösbaren	_	_	_	
4-21	283-293	Substanzen	Smell\_Source	_	_	
4-22	293-294	.	_	_	_	

#Text=Die Beobachtungen wurden in verschiedenen Abteilungen 
#Text=ein einziges Mal täglich unter so gut wie identischen Vor- 
#Text=bedingungen der Ventilation u. s. w. angestellt.
5-1	298-301	Die	_	_	_	
5-2	302-315	Beobachtungen	_	_	_	
5-3	316-322	wurden	_	_	_	
5-4	323-325	in	_	_	_	
5-5	326-339	verschiedenen	_	_	_	
5-6	340-351	Abteilungen	_	_	_	
5-7	353-356	ein	_	_	_	
5-8	357-365	einziges	_	_	_	
5-9	366-369	Mal	_	_	_	
5-10	370-377	täglich	_	_	_	
5-11	378-383	unter	_	_	_	
5-12	384-386	so	_	_	_	
5-13	387-390	gut	_	_	_	
5-14	391-394	wie	_	_	_	
5-15	395-406	identischen	_	_	_	
5-16	407-410	Vor	_	_	_	
5-17	410-411	-	_	_	_	
5-18	413-424	bedingungen	_	_	_	
5-19	425-428	der	_	_	_	
5-20	429-440	Ventilation	_	_	_	
5-21	441-442	u	_	_	_	
5-22	442-443	.	_	_	_	
5-23	444-445	s	_	_	_	
5-24	445-446	.	_	_	_	
5-25	447-448	w	_	_	_	
5-26	448-449	.	_	_	_	
5-27	450-460	angestellt	_	_	_	
5-28	460-461	.	_	_	_	

#Text=Auch wurden 
#Text=die Lösungen jedesmal erneuert, um Irrtümer zu vermeiden, die 
#Text=aus der leichten Verdunstung hätten entstehen können.
6-1	462-466	Auch	_	_	_	
6-2	467-473	wurden	_	_	_	
6-3	475-478	die	_	_	_	
6-4	479-487	Lösungen	_	_	_	
6-5	488-496	jedesmal	_	_	_	
6-6	497-505	erneuert	_	_	_	
6-7	505-506	,	_	_	_	
6-8	507-509	um	_	_	_	
6-9	510-518	Irrtümer	_	_	_	
6-10	519-521	zu	_	_	_	
6-11	522-531	vermeiden	_	_	_	
6-12	531-532	,	_	_	_	
6-13	533-536	die	_	_	_	
6-14	538-541	aus	_	_	_	
6-15	542-545	der	_	_	_	
6-16	546-554	leichten	_	_	_	
6-17	555-566	Verdunstung	_	_	_	
6-18	567-573	hätten	_	_	_	
6-19	574-583	entstehen	_	_	_	
6-20	584-590	können	_	_	_	
6-21	590-591	.	_	_	_	

#Text=Wir bedienten uns nun dieses Osmometers in zwiefacher 
#Text=Weise.
7-1	595-598	Wir	_	_	_	
7-2	599-608	bedienten	_	_	_	
7-3	609-612	uns	_	_	_	
7-4	613-616	nun	_	_	_	
7-5	617-623	dieses	_	_	_	
7-6	624-634	Osmometers	_	_	_	
7-7	635-637	in	_	_	_	
7-8	638-648	zwiefacher	_	_	_	
7-9	650-655	Weise	_	_	_	
7-10	655-656	.	_	_	_	

#Text=Erstlich handelte es sich darum, den Konzentrationsgrad 
#Text=der Lösung zu bestimmen, bei dem die einfache Geruchsem- 
#Text=pfindung begann.
8-1	657-665	Erstlich	_	_	_	
8-2	666-674	handelte	_	_	_	
8-3	675-677	es	_	_	_	
8-4	678-682	sich	_	_	_	
8-5	683-688	darum	_	_	_	
8-6	688-689	,	_	_	_	
8-7	690-693	den	_	_	_	
8-8	694-712	Konzentrationsgrad	_	_	_	
8-9	714-717	der	_	_	_	
8-10	718-724	Lösung	_	_	_	
8-11	725-727	zu	_	_	_	
8-12	728-737	bestimmen	_	_	_	
8-13	737-738	,	_	_	_	
8-14	739-742	bei	_	_	_	
8-15	743-746	dem	_	_	_	
8-16	747-750	die	_	_	_	
8-17	751-759	einfache	_	_	_	
8-18	760-769	Geruchsem	Smell\_Word[2]	_	_	
8-19	769-770	-	Smell\_Word[2]	_	_	
8-20	772-780	pfindung	Smell\_Word[2]	_	_	
8-21	781-787	begann	_	_	_	
8-22	787-788	.	_	_	_	

#Text=Jedoch legten wir darauf nicht viel Wert, 
#Text=
#Text=
#Text=
#Text=
#Text=Die Sinne der Verbrecher.
#Text=343 
#Text=
#Text=da dieselbe durch die gespannte Aufmerksamkeit zu stark hätte 
#Text=beeinfluTst sein können.
9-1	789-795	Jedoch	_	_	_	
9-2	796-802	legten	_	_	_	
9-3	803-806	wir	_	_	_	
9-4	807-813	darauf	_	_	_	
9-5	814-819	nicht	_	_	_	
9-6	820-824	viel	_	_	_	
9-7	825-829	Wert	_	_	_	
9-8	829-830	,	_	_	_	
9-9	836-839	Die	_	_	_	
9-10	840-845	Sinne	_	_	_	
9-11	846-849	der	_	_	_	
9-12	850-860	Verbrecher	_	_	_	
9-13	860-861	.	_	_	_	
9-14	862-865	343	_	_	_	
9-15	868-870	da	_	_	_	
9-16	871-879	dieselbe	_	_	_	
9-17	880-885	durch	_	_	_	
9-18	886-889	die	_	_	_	
9-19	890-899	gespannte	_	_	_	
9-20	900-914	Aufmerksamkeit	_	_	_	
9-21	915-917	zu	_	_	_	
9-22	918-923	stark	_	_	_	
9-23	924-929	hätte	_	_	_	
9-24	931-942	beeinfluTst	_	_	_	
9-25	943-947	sein	_	_	_	
9-26	948-954	können	_	_	_	
9-27	954-955	.	_	_	_	
