{"_context" : {
    "_types" : {
      "DocumentMetaData" : {
        "_feature_types" : {"sofa" : "_ref" } }, 
      "Relation" : {
        "_feature_types" : {"sofa" : "_ref",  "Dependent" : "_ref",  "Governor" : "_ref" } }, 
      "Sentence" : {
        "_feature_types" : {"sofa" : "_ref" } }, 
      "Sofa" : {
        "_feature_types" : {"sofaArray" : "_ref" } }, 
      "Span" : {
        "_feature_types" : {"sofa" : "_ref" } }, 
      "TagsetDescription" : {
        "_feature_types" : {"sofa" : "_ref",  "tags" : "_ref" } }, 
      "Token" : {
        "_feature_types" : {"sofa" : "_ref",  "parent" : "_ref",  "lemma" : "_ref",  "stem" : "_ref",  "pos" : "_ref",  "morph" : "_ref",  "form" : "_ref" } }, 
      "DocumentAnnotation" : {
        "_feature_types" : {"sofa" : "_ref" }, 
        "_subtypes" : ["DocumentMetaData" ] }, 
      "Annotation" : {
        "_feature_types" : {"sofa" : "_ref" }, 
        "_subtypes" : ["DocumentAnnotation",  "Relation",  "Sentence",  "Span",  "TagsetDescription",  "Token" ] }, 
      "AnnotationBase" : {
        "_feature_types" : {"sofa" : "_ref" }, 
        "_subtypes" : ["Annotation" ] }, 
      "TOP" : {
        "_subtypes" : ["AnnotationBase",  "Sofa" ] } } }, 
  "_views" : {
    "_InitialView" : {
      "Relation" : [
        {"sofa" : 1,  "begin" : 192,  "end" : 197,  "Dependent" : 8035,  "Governor" : 8030 }, 
        {"sofa" : 1,  "begin" : 192,  "end" : 197,  "Dependent" : 8035,  "Governor" : 8047 }, 
        {"sofa" : 1,  "begin" : 192,  "end" : 197,  "Dependent" : 8035,  "Governor" : 8059 }, 
        {"sofa" : 1,  "begin" : 192,  "end" : 197,  "Dependent" : 8035,  "Governor" : 8064 }, 
        {"sofa" : 1,  "begin" : 312,  "end" : 317,  "Dependent" : 8110,  "Governor" : 8083 }, 
        {"sofa" : 1,  "begin" : 312,  "end" : 317,  "Dependent" : 8110,  "Governor" : 8088 }, 
        {"sofa" : 1,  "begin" : 312,  "end" : 317,  "Dependent" : 8110,  "Governor" : 8129 }, 
        {"sofa" : 1,  "begin" : 360,  "end" : 369,  "Dependent" : 8141,  "Governor" : 8146 }, 
        {"sofa" : 1,  "begin" : 787,  "end" : 792,  "Dependent" : 8168,  "Governor" : 8173 }, 
        {"sofa" : 1,  "begin" : 787,  "end" : 792,  "Dependent" : 8168,  "Governor" : 8163 }, 
        {"sofa" : 1,  "begin" : 787,  "end" : 792,  "Dependent" : 8168,  "Governor" : 8158 }, 
        {"sofa" : 1,  "begin" : 787,  "end" : 792,  "Dependent" : 8168,  "Governor" : 8204 }, 
        {"sofa" : 1,  "begin" : 834,  "end" : 843,  "Dependent" : 8216,  "Governor" : 8221 }, 
        {"sofa" : 1,  "begin" : 834,  "end" : 843,  "Dependent" : 8216,  "Governor" : 8233 }, 
        {"sofa" : 1,  "begin" : 834,  "end" : 843,  "Dependent" : 8216,  "Governor" : 8250 }, 
        {"sofa" : 1,  "begin" : 834,  "end" : 843,  "Dependent" : 8216,  "Governor" : 8245 }, 
        {"sofa" : 1,  "begin" : 1082,  "end" : 1087,  "Dependent" : 8267,  "Governor" : 8272 }, 
        {"sofa" : 1,  "begin" : 1082,  "end" : 1087,  "Dependent" : 8267,  "Governor" : 8262 }, 
        {"sofa" : 1,  "begin" : 1318,  "end" : 1326,  "Dependent" : 8291,  "Governor" : 8296 }, 
        {"sofa" : 1,  "begin" : 1318,  "end" : 1326,  "Dependent" : 8291,  "Governor" : 8320 }, 
        {"sofa" : 1,  "begin" : 1538,  "end" : 1544,  "Dependent" : 8337,  "Governor" : 8342 }, 
        {"sofa" : 1,  "begin" : 1538,  "end" : 1544,  "Dependent" : 8337,  "Governor" : 8354 }, 
        {"sofa" : 1,  "begin" : 1538,  "end" : 1544,  "Dependent" : 8337,  "Governor" : 8332 }, 
        {"sofa" : 1,  "begin" : 1586,  "end" : 1592,  "Dependent" : 8378,  "Governor" : 8373 }, 
        {"sofa" : 1,  "begin" : 1586,  "end" : 1592,  "Dependent" : 8378,  "Governor" : 8383 }, 
        {"sofa" : 1,  "begin" : 1681,  "end" : 1690,  "Dependent" : 8414,  "Governor" : 8419 }, 
        {"sofa" : 1,  "begin" : 1681,  "end" : 1690,  "Dependent" : 8414,  "Governor" : 8494 }, 
        {"sofa" : 1,  "begin" : 1761,  "end" : 1763,  "Dependent" : 8506,  "Governor" : 8494,  "label" : "Anaphoric" }, 
        {"sofa" : 1,  "begin" : 1794,  "end" : 1799,  "Dependent" : 8436,  "Governor" : 8431 }, 
        {"sofa" : 1,  "begin" : 1794,  "end" : 1799,  "Dependent" : 8436,  "Governor" : 8482 }, 
        {"sofa" : 1,  "begin" : 1825,  "end" : 1831,  "Dependent" : 8463,  "Governor" : 8448 }, 
        {"sofa" : 1,  "begin" : 1825,  "end" : 1831,  "Dependent" : 8463,  "Governor" : 8458 }, 
        {"sofa" : 1,  "begin" : 1899,  "end" : 1905,  "Dependent" : 8528,  "Governor" : 8523 }, 
        {"sofa" : 1,  "begin" : 1899,  "end" : 1905,  "Dependent" : 8528,  "Governor" : 8533 }, 
        {"sofa" : 1,  "begin" : 1899,  "end" : 1905,  "Dependent" : 8528,  "Governor" : 8518 }, 
        {"sofa" : 1,  "begin" : 1899,  "end" : 1905,  "Dependent" : 8528,  "Governor" : 8658 }, 
        {"sofa" : 1,  "begin" : 2247,  "end" : 2253,  "Dependent" : 8564,  "Governor" : 8559 }, 
        {"sofa" : 1,  "begin" : 2247,  "end" : 2253,  "Dependent" : 8564,  "Governor" : 8576 }, 
        {"sofa" : 1,  "begin" : 2247,  "end" : 2253,  "Dependent" : 8564,  "Governor" : 8588 }, 
        {"sofa" : 1,  "begin" : 2494,  "end" : 2500,  "Dependent" : 8610,  "Governor" : 8600 }, 
        {"sofa" : 1,  "begin" : 2494,  "end" : 2500,  "Dependent" : 8610,  "Governor" : 8605 }, 
        {"sofa" : 1,  "begin" : 2896,  "end" : 2905,  "Dependent" : 8634,  "Governor" : 8629 }, 
        {"sofa" : 1,  "begin" : 2896,  "end" : 2905,  "Dependent" : 8634,  "Governor" : 8646 } ], 
      "Span" : [8047,  8059,  8064,  8030,  8035,  8083,  8088,  8129,  8110,  8146,  8141,  8173,  8204,  8158,  8163,  8168,  8221,  8216,  8245,  8233,  8250,  8262,  8267,  8272,  8296,  8291,  8320,  8332,  8337,  8342,  8354,  8373,  8378,  8383,  8494,  8419,  8414,  8482,  8506,  8431,  8436,  8448,  8463,  8458,  8518,  8523,  8528,  8533,  8658,  8559,  8564,  8576,  8588,  8600,  8610,  8605,  8646,  8629,  8634 ], 
      "DocumentMetaData" : [
        {"sofa" : 1,  "end" : 3037,  "language" : "x-unspecified",  "documentTitle" : "053E%20Joseph%20Priestley%201775%20Observations%20on%20different%20kinds%20of%20air__185_distribution_SCIE.txt",  "documentId" : "teresa",  "documentUri" : "file:/home/dhuser/alessio/inception/repository/project/29/document/8699/source/teresa",  "collectionId" : "file:/home/dhuser/alessio/inception/repository/project/29/document/8699/source/",  "documentBaseUri" : "file:/home/dhuser/alessio/inception/repository/project/29/document/8699/source/",  "isLastSegment" : false } ], 
      "TagsetDescription" : [
        {"sofa" : 1,  "layer" : "webanno.custom.Emotions",  "name" : "Emotion Labels",  "input" : false }, 
        {"sofa" : 1,  "layer" : "custom.Relation",  "name" : "Relation labels",  "input" : false }, 
        {"sofa" : 1,  "layer" : "custom.Span",  "name" : "Smell labels",  "input" : false } ], 
      "Sentence" : [
        {"sofa" : 1,  "end" : 341 }, 
        {"sofa" : 1,  "begin" : 344,  "end" : 440 }, 
        {"sofa" : 1,  "begin" : 441,  "end" : 713 }, 
        {"sofa" : 1,  "begin" : 714,  "end" : 1135 }, 
        {"sofa" : 1,  "begin" : 1136,  "end" : 1457 }, 
        {"sofa" : 1,  "begin" : 1460,  "end" : 1873 }, 
        {"sofa" : 1,  "begin" : 1874,  "end" : 1957 }, 
        {"sofa" : 1,  "begin" : 1960,  "end" : 2220 }, 
        {"sofa" : 1,  "begin" : 2223,  "end" : 2423 }, 
        {"sofa" : 1,  "begin" : 2424,  "end" : 2691 }, 
        {"sofa" : 1,  "begin" : 2692,  "end" : 3036 } ], 
      "Token" : [
        {"sofa" : 1,  "end" : 2 }, 
        {"sofa" : 1,  "begin" : 3,  "end" : 5 }, 
        {"sofa" : 1,  "begin" : 6,  "end" : 16 }, 
        {"sofa" : 1,  "begin" : 16,  "end" : 17 }, 
        {"sofa" : 1,  "begin" : 18,  "end" : 25 }, 
        {"sofa" : 1,  "begin" : 25,  "end" : 26 }, 
        {"sofa" : 1,  "begin" : 27,  "end" : 31 }, 
        {"sofa" : 1,  "begin" : 32,  "end" : 38 }, 
        {"sofa" : 1,  "begin" : 39,  "end" : 40 }, 
        {"sofa" : 1,  "begin" : 41,  "end" : 46 }, 
        {"sofa" : 1,  "begin" : 47,  "end" : 49 }, 
        {"sofa" : 1,  "begin" : 50,  "end" : 54 }, 
        {"sofa" : 1,  "begin" : 55,  "end" : 57 }, 
        {"sofa" : 1,  "begin" : 58,  "end" : 64 }, 
        {"sofa" : 1,  "begin" : 64,  "end" : 65 }, 
        {"sofa" : 1,  "begin" : 66,  "end" : 73 }, 
        {"sofa" : 1,  "begin" : 74,  "end" : 76 }, 
        {"sofa" : 1,  "begin" : 77,  "end" : 88 }, 
        {"sofa" : 1,  "begin" : 88,  "end" : 89 }, 
        {"sofa" : 1,  "begin" : 90,  "end" : 93 }, 
        {"sofa" : 1,  "begin" : 94,  "end" : 98 }, 
        {"sofa" : 1,  "begin" : 99,  "end" : 101 }, 
        {"sofa" : 1,  "begin" : 102,  "end" : 106 }, 
        {"sofa" : 1,  "begin" : 107,  "end" : 113 }, 
        {"sofa" : 1,  "begin" : 114,  "end" : 116 }, 
        {"sofa" : 1,  "begin" : 117,  "end" : 121 }, 
        {"sofa" : 1,  "begin" : 121,  "end" : 122 }, 
        {"sofa" : 1,  "begin" : 123,  "end" : 128 }, 
        {"sofa" : 1,  "begin" : 129,  "end" : 132 }, 
        {"sofa" : 1,  "begin" : 132,  "end" : 133 }, 
        {"sofa" : 1,  "begin" : 134,  "end" : 137 }, 
        {"sofa" : 1,  "begin" : 138,  "end" : 142 }, 
        {"sofa" : 1,  "begin" : 143,  "end" : 145 }, 
        {"sofa" : 1,  "begin" : 146,  "end" : 151 }, 
        {"sofa" : 1,  "begin" : 152,  "end" : 154 }, 
        {"sofa" : 1,  "begin" : 155,  "end" : 166 }, 
        {"sofa" : 1,  "begin" : 166,  "end" : 167 }, 
        {"sofa" : 1,  "begin" : 168,  "end" : 171 }, 
        {"sofa" : 1,  "begin" : 172,  "end" : 181 }, 
        {"sofa" : 1,  "begin" : 182,  "end" : 184 }, 
        {"sofa" : 1,  "begin" : 185,  "end" : 191 }, 
        {"sofa" : 1,  "begin" : 192,  "end" : 197 }, 
        {"sofa" : 1,  "begin" : 198,  "end" : 199 }, 
        {"sofa" : 1,  "begin" : 199,  "end" : 201 }, 
        {"sofa" : 1,  "begin" : 202,  "end" : 207 }, 
        {"sofa" : 1,  "begin" : 207,  "end" : 208 }, 
        {"sofa" : 1,  "begin" : 209,  "end" : 211 }, 
        {"sofa" : 1,  "begin" : 212,  "end" : 213 }, 
        {"sofa" : 1,  "begin" : 214,  "end" : 217 }, 
        {"sofa" : 1,  "begin" : 218,  "end" : 220 }, 
        {"sofa" : 1,  "begin" : 221,  "end" : 224 }, 
        {"sofa" : 1,  "begin" : 224,  "end" : 225 }, 
        {"sofa" : 1,  "begin" : 226,  "end" : 227 }, 
        {"sofa" : 1,  "begin" : 228,  "end" : 233 }, 
        {"sofa" : 1,  "begin" : 234,  "end" : 241 }, 
        {"sofa" : 1,  "begin" : 242,  "end" : 244 }, 
        {"sofa" : 1,  "begin" : 245,  "end" : 248 }, 
        {"sofa" : 1,  "begin" : 249,  "end" : 253 }, 
        {"sofa" : 1,  "begin" : 254,  "end" : 260 }, 
        {"sofa" : 1,  "begin" : 260,  "end" : 261 }, 
        {"sofa" : 1,  "begin" : 262,  "end" : 268 }, 
        {"sofa" : 1,  "begin" : 269,  "end" : 272 }, 
        {"sofa" : 1,  "begin" : 273,  "end" : 279 }, 
        {"sofa" : 1,  "begin" : 280,  "end" : 286 }, 
        {"sofa" : 1,  "begin" : 287,  "end" : 296 }, 
        {"sofa" : 1,  "begin" : 296,  "end" : 297 }, 
        {"sofa" : 1,  "begin" : 298,  "end" : 300 }, 
        {"sofa" : 1,  "begin" : 301,  "end" : 307 }, 
        {"sofa" : 1,  "begin" : 308,  "end" : 311 }, 
        {"sofa" : 1,  "begin" : 312,  "end" : 317 }, 
        {"sofa" : 1,  "begin" : 318,  "end" : 330 }, 
        {"sofa" : 1,  "begin" : 331,  "end" : 340 }, 
        {"sofa" : 1,  "begin" : 340,  "end" : 341 }, 
        {"sofa" : 1,  "begin" : 344,  "end" : 348 }, 
        {"sofa" : 1,  "begin" : 349,  "end" : 352 }, 
        {"sofa" : 1,  "begin" : 353,  "end" : 359 }, 
        {"sofa" : 1,  "begin" : 360,  "end" : 369 }, 
        {"sofa" : 1,  "begin" : 370,  "end" : 374 }, 
        {"sofa" : 1,  "begin" : 375,  "end" : 378 }, 
        {"sofa" : 1,  "begin" : 379,  "end" : 383 }, 
        {"sofa" : 1,  "begin" : 384,  "end" : 389 }, 
        {"sofa" : 1,  "begin" : 390,  "end" : 395 }, 
        {"sofa" : 1,  "begin" : 396,  "end" : 398 }, 
        {"sofa" : 1,  "begin" : 399,  "end" : 401 }, 
        {"sofa" : 1,  "begin" : 402,  "end" : 409 }, 
        {"sofa" : 1,  "begin" : 410,  "end" : 414 }, 
        {"sofa" : 1,  "begin" : 415,  "end" : 418 }, 
        {"sofa" : 1,  "begin" : 419,  "end" : 428 }, 
        {"sofa" : 1,  "begin" : 429,  "end" : 439 }, 
        {"sofa" : 1,  "begin" : 439,  "end" : 440 }, 
        {"sofa" : 1,  "begin" : 441,  "end" : 443 }, 
        {"sofa" : 1,  "begin" : 444,  "end" : 445 }, 
        {"sofa" : 1,  "begin" : 446,  "end" : 451 }, 
        {"sofa" : 1,  "begin" : 452,  "end" : 454 }, 
        {"sofa" : 1,  "begin" : 455,  "end" : 458 }, 
        {"sofa" : 1,  "begin" : 459,  "end" : 463 }, 
        {"sofa" : 1,  "begin" : 464,  "end" : 465 }, 
        {"sofa" : 1,  "begin" : 466,  "end" : 469 }, 
        {"sofa" : 1,  "begin" : 470,  "end" : 474 }, 
        {"sofa" : 1,  "begin" : 475,  "end" : 477 }, 
        {"sofa" : 1,  "begin" : 478,  "end" : 483 }, 
        {"sofa" : 1,  "begin" : 483,  "end" : 484 }, 
        {"sofa" : 1,  "begin" : 485,  "end" : 493 }, 
        {"sofa" : 1,  "begin" : 494,  "end" : 498 }, 
        {"sofa" : 1,  "begin" : 499,  "end" : 502 }, 
        {"sofa" : 1,  "begin" : 503,  "end" : 508 }, 
        {"sofa" : 1,  "begin" : 509,  "end" : 517 }, 
        {"sofa" : 1,  "begin" : 518,  "end" : 520 }, 
        {"sofa" : 1,  "begin" : 521,  "end" : 528 }, 
        {"sofa" : 1,  "begin" : 529,  "end" : 535 }, 
        {"sofa" : 1,  "begin" : 536,  "end" : 538 }, 
        {"sofa" : 1,  "begin" : 539,  "end" : 544 }, 
        {"sofa" : 1,  "begin" : 544,  "end" : 545 }, 
        {"sofa" : 1,  "begin" : 546,  "end" : 547 }, 
        {"sofa" : 1,  "begin" : 548,  "end" : 560 }, 
        {"sofa" : 1,  "begin" : 561,  "end" : 569 }, 
        {"sofa" : 1,  "begin" : 570,  "end" : 572 }, 
        {"sofa" : 1,  "begin" : 573,  "end" : 580 }, 
        {"sofa" : 1,  "begin" : 581,  "end" : 587 }, 
        {"sofa" : 1,  "begin" : 588,  "end" : 589 }, 
        {"sofa" : 1,  "begin" : 589,  "end" : 592 }, 
        {"sofa" : 1,  "begin" : 593,  "end" : 598 }, 
        {"sofa" : 1,  "begin" : 599,  "end" : 602 }, 
        {"sofa" : 1,  "begin" : 602,  "end" : 603 }, 
        {"sofa" : 1,  "begin" : 604,  "end" : 613 }, 
        {"sofa" : 1,  "begin" : 613,  "end" : 614 }, 
        {"sofa" : 1,  "begin" : 615,  "end" : 617 }, 
        {"sofa" : 1,  "begin" : 618,  "end" : 624 }, 
        {"sofa" : 1,  "begin" : 625,  "end" : 628 }, 
        {"sofa" : 1,  "begin" : 628,  "end" : 629 }, 
        {"sofa" : 1,  "begin" : 630,  "end" : 634 }, 
        {"sofa" : 1,  "begin" : 635,  "end" : 639 }, 
        {"sofa" : 1,  "begin" : 640,  "end" : 642 }, 
        {"sofa" : 1,  "begin" : 643,  "end" : 652 }, 
        {"sofa" : 1,  "begin" : 652,  "end" : 653 }, 
        {"sofa" : 1,  "begin" : 654,  "end" : 660 }, 
        {"sofa" : 1,  "begin" : 661,  "end" : 664 }, 
        {"sofa" : 1,  "begin" : 665,  "end" : 672 }, 
        {"sofa" : 1,  "begin" : 673,  "end" : 675 }, 
        {"sofa" : 1,  "begin" : 676,  "end" : 678 }, 
        {"sofa" : 1,  "begin" : 679,  "end" : 683 }, 
        {"sofa" : 1,  "begin" : 684,  "end" : 686 }, 
        {"sofa" : 1,  "begin" : 687,  "end" : 689 }, 
        {"sofa" : 1,  "begin" : 690,  "end" : 695 }, 
        {"sofa" : 1,  "begin" : 696,  "end" : 699 }, 
        {"sofa" : 1,  "begin" : 700,  "end" : 712 }, 
        {"sofa" : 1,  "begin" : 712,  "end" : 713 }, 
        {"sofa" : 1,  "begin" : 714,  "end" : 719 }, 
        {"sofa" : 1,  "begin" : 720,  "end" : 721 }, 
        {"sofa" : 1,  "begin" : 722,  "end" : 727 }, 
        {"sofa" : 1,  "begin" : 728,  "end" : 732 }, 
        {"sofa" : 1,  "begin" : 732,  "end" : 733 }, 
        {"sofa" : 1,  "begin" : 734,  "end" : 737 }, 
        {"sofa" : 1,  "begin" : 738,  "end" : 743 }, 
        {"sofa" : 1,  "begin" : 744,  "end" : 753 }, 
        {"sofa" : 1,  "begin" : 754,  "end" : 756 }, 
        {"sofa" : 1,  "begin" : 757,  "end" : 766 }, 
        {"sofa" : 1,  "begin" : 767,  "end" : 772 }, 
        {"sofa" : 1,  "begin" : 773,  "end" : 776 }, 
        {"sofa" : 1,  "begin" : 777,  "end" : 786 }, 
        {"sofa" : 1,  "begin" : 787,  "end" : 792 }, 
        {"sofa" : 1,  "begin" : 792,  "end" : 793 }, 
        {"sofa" : 1,  "begin" : 794,  "end" : 799 }, 
        {"sofa" : 1,  "begin" : 800,  "end" : 805 }, 
        {"sofa" : 1,  "begin" : 806,  "end" : 808 }, 
        {"sofa" : 1,  "begin" : 809,  "end" : 817 }, 
        {"sofa" : 1,  "begin" : 818,  "end" : 822 }, 
        {"sofa" : 1,  "begin" : 823,  "end" : 826 }, 
        {"sofa" : 1,  "begin" : 827,  "end" : 833 }, 
        {"sofa" : 1,  "begin" : 834,  "end" : 843 }, 
        {"sofa" : 1,  "begin" : 844,  "end" : 852 }, 
        {"sofa" : 1,  "begin" : 853,  "end" : 856 }, 
        {"sofa" : 1,  "begin" : 857,  "end" : 862 }, 
        {"sofa" : 1,  "begin" : 862,  "end" : 863 }, 
        {"sofa" : 1,  "begin" : 864,  "end" : 867 }, 
        {"sofa" : 1,  "begin" : 868,  "end" : 875 }, 
        {"sofa" : 1,  "begin" : 876,  "end" : 879 }, 
        {"sofa" : 1,  "begin" : 880,  "end" : 892 }, 
        {"sofa" : 1,  "begin" : 893,  "end" : 896 }, 
        {"sofa" : 1,  "begin" : 896,  "end" : 897 }, 
        {"sofa" : 1,  "begin" : 898,  "end" : 901 }, 
        {"sofa" : 1,  "begin" : 902,  "end" : 907 }, 
        {"sofa" : 1,  "begin" : 907,  "end" : 908 }, 
        {"sofa" : 1,  "begin" : 909,  "end" : 914 }, 
        {"sofa" : 1,  "begin" : 915,  "end" : 919 }, 
        {"sofa" : 1,  "begin" : 919,  "end" : 920 }, 
        {"sofa" : 1,  "begin" : 921,  "end" : 926 }, 
        {"sofa" : 1,  "begin" : 927,  "end" : 929 }, 
        {"sofa" : 1,  "begin" : 930,  "end" : 935 }, 
        {"sofa" : 1,  "begin" : 936,  "end" : 938 }, 
        {"sofa" : 1,  "begin" : 939,  "end" : 947 }, 
        {"sofa" : 1,  "begin" : 948,  "end" : 950 }, 
        {"sofa" : 1,  "begin" : 951,  "end" : 954 }, 
        {"sofa" : 1,  "begin" : 955,  "end" : 958 }, 
        {"sofa" : 1,  "begin" : 958,  "end" : 959 }, 
        {"sofa" : 1,  "begin" : 960,  "end" : 964 }, 
        {"sofa" : 1,  "begin" : 965,  "end" : 970 }, 
        {"sofa" : 1,  "begin" : 971,  "end" : 973 }, 
        {"sofa" : 1,  "begin" : 974,  "end" : 976 }, 
        {"sofa" : 1,  "begin" : 977,  "end" : 980 }, 
        {"sofa" : 1,  "begin" : 981,  "end" : 985 }, 
        {"sofa" : 1,  "begin" : 986,  "end" : 995 }, 
        {"sofa" : 1,  "begin" : 996,  "end" : 1001 }, 
        {"sofa" : 1,  "begin" : 1002,  "end" : 1004 }, 
        {"sofa" : 1,  "begin" : 1005,  "end" : 1012 }, 
        {"sofa" : 1,  "begin" : 1013,  "end" : 1016 }, 
        {"sofa" : 1,  "begin" : 1017,  "end" : 1024 }, 
        {"sofa" : 1,  "begin" : 1025,  "end" : 1028 }, 
        {"sofa" : 1,  "begin" : 1029,  "end" : 1034 }, 
        {"sofa" : 1,  "begin" : 1034,  "end" : 1035 }, 
        {"sofa" : 1,  "begin" : 1036,  "end" : 1038 }, 
        {"sofa" : 1,  "begin" : 1039,  "end" : 1043 }, 
        {"sofa" : 1,  "begin" : 1044,  "end" : 1046 }, 
        {"sofa" : 1,  "begin" : 1047,  "end" : 1049 }, 
        {"sofa" : 1,  "begin" : 1050,  "end" : 1052 }, 
        {"sofa" : 1,  "begin" : 1053,  "end" : 1062 }, 
        {"sofa" : 1,  "begin" : 1062,  "end" : 1063 }, 
        {"sofa" : 1,  "begin" : 1064,  "end" : 1067 }, 
        {"sofa" : 1,  "begin" : 1068,  "end" : 1071 }, 
        {"sofa" : 1,  "begin" : 1072,  "end" : 1081 }, 
        {"sofa" : 1,  "begin" : 1082,  "end" : 1087 }, 
        {"sofa" : 1,  "begin" : 1088,  "end" : 1090 }, 
        {"sofa" : 1,  "begin" : 1091,  "end" : 1092 }, 
        {"sofa" : 1,  "begin" : 1093,  "end" : 1103 }, 
        {"sofa" : 1,  "begin" : 1104,  "end" : 1109 }, 
        {"sofa" : 1,  "begin" : 1110,  "end" : 1114 }, 
        {"sofa" : 1,  "begin" : 1115,  "end" : 1117 }, 
        {"sofa" : 1,  "begin" : 1118,  "end" : 1120 }, 
        {"sofa" : 1,  "begin" : 1121,  "end" : 1124 }, 
        {"sofa" : 1,  "begin" : 1125,  "end" : 1130 }, 
        {"sofa" : 1,  "begin" : 1131,  "end" : 1134 }, 
        {"sofa" : 1,  "begin" : 1134,  "end" : 1135 }, 
        {"sofa" : 1,  "begin" : 1136,  "end" : 1139 }, 
        {"sofa" : 1,  "begin" : 1140,  "end" : 1144 }, 
        {"sofa" : 1,  "begin" : 1145,  "end" : 1148 }, 
        {"sofa" : 1,  "begin" : 1149,  "end" : 1150 }, 
        {"sofa" : 1,  "begin" : 1151,  "end" : 1155 }, 
        {"sofa" : 1,  "begin" : 1156,  "end" : 1165 }, 
        {"sofa" : 1,  "begin" : 1166,  "end" : 1173 }, 
        {"sofa" : 1,  "begin" : 1173,  "end" : 1174 }, 
        {"sofa" : 1,  "begin" : 1175,  "end" : 1182 }, 
        {"sofa" : 1,  "begin" : 1183,  "end" : 1185 }, 
        {"sofa" : 1,  "begin" : 1186,  "end" : 1188 }, 
        {"sofa" : 1,  "begin" : 1189,  "end" : 1197 }, 
        {"sofa" : 1,  "begin" : 1198,  "end" : 1200 }, 
        {"sofa" : 1,  "begin" : 1201,  "end" : 1213 }, 
        {"sofa" : 1,  "begin" : 1213,  "end" : 1214 }, 
        {"sofa" : 1,  "begin" : 1215,  "end" : 1217 }, 
        {"sofa" : 1,  "begin" : 1218,  "end" : 1227 }, 
        {"sofa" : 1,  "begin" : 1228,  "end" : 1232 }, 
        {"sofa" : 1,  "begin" : 1233,  "end" : 1238 }, 
        {"sofa" : 1,  "begin" : 1239,  "end" : 1241 }, 
        {"sofa" : 1,  "begin" : 1242,  "end" : 1245 }, 
        {"sofa" : 1,  "begin" : 1246,  "end" : 1248 }, 
        {"sofa" : 1,  "begin" : 1249,  "end" : 1256 }, 
        {"sofa" : 1,  "begin" : 1256,  "end" : 1257 }, 
        {"sofa" : 1,  "begin" : 1258,  "end" : 1267 }, 
        {"sofa" : 1,  "begin" : 1268,  "end" : 1271 }, 
        {"sofa" : 1,  "begin" : 1272,  "end" : 1276 }, 
        {"sofa" : 1,  "begin" : 1277,  "end" : 1280 }, 
        {"sofa" : 1,  "begin" : 1281,  "end" : 1286 }, 
        {"sofa" : 1,  "begin" : 1286,  "end" : 1287 }, 
        {"sofa" : 1,  "begin" : 1288,  "end" : 1291 }, 
        {"sofa" : 1,  "begin" : 1292,  "end" : 1296 }, 
        {"sofa" : 1,  "begin" : 1297,  "end" : 1300 }, 
        {"sofa" : 1,  "begin" : 1301,  "end" : 1309 }, 
        {"sofa" : 1,  "begin" : 1309,  "end" : 1310 }, 
        {"sofa" : 1,  "begin" : 1311,  "end" : 1315 }, 
        {"sofa" : 1,  "begin" : 1316,  "end" : 1317 }, 
        {"sofa" : 1,  "begin" : 1318,  "end" : 1326 }, 
        {"sofa" : 1,  "begin" : 1327,  "end" : 1332 }, 
        {"sofa" : 1,  "begin" : 1333,  "end" : 1335 }, 
        {"sofa" : 1,  "begin" : 1336,  "end" : 1346 }, 
        {"sofa" : 1,  "begin" : 1347,  "end" : 1355 }, 
        {"sofa" : 1,  "begin" : 1356,  "end" : 1358 }, 
        {"sofa" : 1,  "begin" : 1359,  "end" : 1360 }, 
        {"sofa" : 1,  "begin" : 1361,  "end" : 1368 }, 
        {"sofa" : 1,  "begin" : 1369,  "end" : 1375 }, 
        {"sofa" : 1,  "begin" : 1375,  "end" : 1376 }, 
        {"sofa" : 1,  "begin" : 1377,  "end" : 1379 }, 
        {"sofa" : 1,  "begin" : 1380,  "end" : 1383 }, 
        {"sofa" : 1,  "begin" : 1384,  "end" : 1390 }, 
        {"sofa" : 1,  "begin" : 1391,  "end" : 1394 }, 
        {"sofa" : 1,  "begin" : 1395,  "end" : 1401 }, 
        {"sofa" : 1,  "begin" : 1402,  "end" : 1409 }, 
        {"sofa" : 1,  "begin" : 1410,  "end" : 1417 }, 
        {"sofa" : 1,  "begin" : 1417,  "end" : 1418 }, 
        {"sofa" : 1,  "begin" : 1419,  "end" : 1422 }, 
        {"sofa" : 1,  "begin" : 1423,  "end" : 1427 }, 
        {"sofa" : 1,  "begin" : 1428,  "end" : 1433 }, 
        {"sofa" : 1,  "begin" : 1434,  "end" : 1436 }, 
        {"sofa" : 1,  "begin" : 1437,  "end" : 1441 }, 
        {"sofa" : 1,  "begin" : 1442,  "end" : 1445 }, 
        {"sofa" : 1,  "begin" : 1446,  "end" : 1456 }, 
        {"sofa" : 1,  "begin" : 1456,  "end" : 1457 }, 
        {"sofa" : 1,  "begin" : 1460,  "end" : 1462 }, 
        {"sofa" : 1,  "begin" : 1463,  "end" : 1466 }, 
        {"sofa" : 1,  "begin" : 1467,  "end" : 1472 }, 
        {"sofa" : 1,  "begin" : 1473,  "end" : 1475 }, 
        {"sofa" : 1,  "begin" : 1476,  "end" : 1481 }, 
        {"sofa" : 1,  "begin" : 1482,  "end" : 1485 }, 
        {"sofa" : 1,  "begin" : 1486,  "end" : 1491 }, 
        {"sofa" : 1,  "begin" : 1492,  "end" : 1495 }, 
        {"sofa" : 1,  "begin" : 1496,  "end" : 1504 }, 
        {"sofa" : 1,  "begin" : 1504,  "end" : 1505 }, 
        {"sofa" : 1,  "begin" : 1506,  "end" : 1509 }, 
        {"sofa" : 1,  "begin" : 1510,  "end" : 1515 }, 
        {"sofa" : 1,  "begin" : 1516,  "end" : 1518 }, 
        {"sofa" : 1,  "begin" : 1519,  "end" : 1528 }, 
        {"sofa" : 1,  "begin" : 1529,  "end" : 1533 }, 
        {"sofa" : 1,  "begin" : 1534,  "end" : 1537 }, 
        {"sofa" : 1,  "begin" : 1538,  "end" : 1544 }, 
        {"sofa" : 1,  "begin" : 1545,  "end" : 1548 }, 
        {"sofa" : 1,  "begin" : 1548,  "end" : 1549 }, 
        {"sofa" : 1,  "begin" : 1550,  "end" : 1552 }, 
        {"sofa" : 1,  "begin" : 1553,  "end" : 1560 }, 
        {"sofa" : 1,  "begin" : 1560,  "end" : 1561 }, 
        {"sofa" : 1,  "begin" : 1562,  "end" : 1565 }, 
        {"sofa" : 1,  "begin" : 1566,  "end" : 1573 }, 
        {"sofa" : 1,  "begin" : 1574,  "end" : 1578 }, 
        {"sofa" : 1,  "begin" : 1579,  "end" : 1581 }, 
        {"sofa" : 1,  "begin" : 1582,  "end" : 1585 }, 
        {"sofa" : 1,  "begin" : 1586,  "end" : 1592 }, 
        {"sofa" : 1,  "begin" : 1593,  "end" : 1596 }, 
        {"sofa" : 1,  "begin" : 1596,  "end" : 1597 }, 
        {"sofa" : 1,  "begin" : 1598,  "end" : 1602 }, 
        {"sofa" : 1,  "begin" : 1602,  "end" : 1603 }, 
        {"sofa" : 1,  "begin" : 1604,  "end" : 1606 }, 
        {"sofa" : 1,  "begin" : 1607,  "end" : 1608 }, 
        {"sofa" : 1,  "begin" : 1609,  "end" : 1612 }, 
        {"sofa" : 1,  "begin" : 1613,  "end" : 1615 }, 
        {"sofa" : 1,  "begin" : 1616,  "end" : 1619 }, 
        {"sofa" : 1,  "begin" : 1619,  "end" : 1620 }, 
        {"sofa" : 1,  "begin" : 1621,  "end" : 1623 }, 
        {"sofa" : 1,  "begin" : 1624,  "end" : 1632 }, 
        {"sofa" : 1,  "begin" : 1632,  "end" : 1633 }, 
        {"sofa" : 1,  "begin" : 1634,  "end" : 1640 }, 
        {"sofa" : 1,  "begin" : 1641,  "end" : 1644 }, 
        {"sofa" : 1,  "begin" : 1645,  "end" : 1650 }, 
        {"sofa" : 1,  "begin" : 1651,  "end" : 1660 }, 
        {"sofa" : 1,  "begin" : 1661,  "end" : 1663 }, 
        {"sofa" : 1,  "begin" : 1664,  "end" : 1669 }, 
        {"sofa" : 1,  "begin" : 1670,  "end" : 1673 }, 
        {"sofa" : 1,  "begin" : 1674,  "end" : 1680 }, 
        {"sofa" : 1,  "begin" : 1681,  "end" : 1690 }, 
        {"sofa" : 1,  "begin" : 1691,  "end" : 1693 }, 
        {"sofa" : 1,  "begin" : 1694,  "end" : 1700 }, 
        {"sofa" : 1,  "begin" : 1700,  "end" : 1701 }, 
        {"sofa" : 1,  "begin" : 1702,  "end" : 1705 }, 
        {"sofa" : 1,  "begin" : 1706,  "end" : 1708 }, 
        {"sofa" : 1,  "begin" : 1709,  "end" : 1713 }, 
        {"sofa" : 1,  "begin" : 1714,  "end" : 1716 }, 
        {"sofa" : 1,  "begin" : 1717,  "end" : 1721 }, 
        {"sofa" : 1,  "begin" : 1722,  "end" : 1727 }, 
        {"sofa" : 1,  "begin" : 1728,  "end" : 1733 }, 
        {"sofa" : 1,  "begin" : 1734,  "end" : 1741 }, 
        {"sofa" : 1,  "begin" : 1742,  "end" : 1751 }, 
        {"sofa" : 1,  "begin" : 1752,  "end" : 1756 }, 
        {"sofa" : 1,  "begin" : 1757,  "end" : 1759 }, 
        {"sofa" : 1,  "begin" : 1759,  "end" : 1760 }, 
        {"sofa" : 1,  "begin" : 1761,  "end" : 1763 }, 
        {"sofa" : 1,  "begin" : 1764,  "end" : 1770 }, 
        {"sofa" : 1,  "begin" : 1771,  "end" : 1773 }, 
        {"sofa" : 1,  "begin" : 1774,  "end" : 1776 }, 
        {"sofa" : 1,  "begin" : 1777,  "end" : 1786 }, 
        {"sofa" : 1,  "begin" : 1787,  "end" : 1789 }, 
        {"sofa" : 1,  "begin" : 1790,  "end" : 1793 }, 
        {"sofa" : 1,  "begin" : 1794,  "end" : 1799 }, 
        {"sofa" : 1,  "begin" : 1799,  "end" : 1800 }, 
        {"sofa" : 1,  "begin" : 1801,  "end" : 1804 }, 
        {"sofa" : 1,  "begin" : 1805,  "end" : 1808 }, 
        {"sofa" : 1,  "begin" : 1809,  "end" : 1817 }, 
        {"sofa" : 1,  "begin" : 1818,  "end" : 1820 }, 
        {"sofa" : 1,  "begin" : 1821,  "end" : 1824 }, 
        {"sofa" : 1,  "begin" : 1825,  "end" : 1831 }, 
        {"sofa" : 1,  "begin" : 1832,  "end" : 1835 }, 
        {"sofa" : 1,  "begin" : 1836,  "end" : 1840 }, 
        {"sofa" : 1,  "begin" : 1841,  "end" : 1844 }, 
        {"sofa" : 1,  "begin" : 1845,  "end" : 1852 }, 
        {"sofa" : 1,  "begin" : 1853,  "end" : 1862 }, 
        {"sofa" : 1,  "begin" : 1863,  "end" : 1865 }, 
        {"sofa" : 1,  "begin" : 1866,  "end" : 1872 }, 
        {"sofa" : 1,  "begin" : 1872,  "end" : 1873 }, 
        {"sofa" : 1,  "begin" : 1874,  "end" : 1875 }, 
        {"sofa" : 1,  "begin" : 1876,  "end" : 1880 }, 
        {"sofa" : 1,  "begin" : 1881,  "end" : 1882 }, 
        {"sofa" : 1,  "begin" : 1883,  "end" : 1888 }, 
        {"sofa" : 1,  "begin" : 1889,  "end" : 1898 }, 
        {"sofa" : 1,  "begin" : 1899,  "end" : 1905 }, 
        {"sofa" : 1,  "begin" : 1906,  "end" : 1909 }, 
        {"sofa" : 1,  "begin" : 1910,  "end" : 1912 }, 
        {"sofa" : 1,  "begin" : 1913,  "end" : 1917 }, 
        {"sofa" : 1,  "begin" : 1918,  "end" : 1924 }, 
        {"sofa" : 1,  "begin" : 1925,  "end" : 1928 }, 
        {"sofa" : 1,  "begin" : 1929,  "end" : 1932 }, 
        {"sofa" : 1,  "begin" : 1933,  "end" : 1938 }, 
        {"sofa" : 1,  "begin" : 1939,  "end" : 1941 }, 
        {"sofa" : 1,  "begin" : 1942,  "end" : 1949 }, 
        {"sofa" : 1,  "begin" : 1950,  "end" : 1956 }, 
        {"sofa" : 1,  "begin" : 1956,  "end" : 1957 }, 
        {"sofa" : 1,  "begin" : 1960,  "end" : 1963 }, 
        {"sofa" : 1,  "begin" : 1964,  "end" : 1969 }, 
        {"sofa" : 1,  "begin" : 1970,  "end" : 1978 }, 
        {"sofa" : 1,  "begin" : 1979,  "end" : 1981 }, 
        {"sofa" : 1,  "begin" : 1982,  "end" : 1985 }, 
        {"sofa" : 1,  "begin" : 1986,  "end" : 1989 }, 
        {"sofa" : 1,  "begin" : 1990,  "end" : 1997 }, 
        {"sofa" : 1,  "begin" : 1998,  "end" : 2006 }, 
        {"sofa" : 1,  "begin" : 2007,  "end" : 2009 }, 
        {"sofa" : 1,  "begin" : 2010,  "end" : 2015 }, 
        {"sofa" : 1,  "begin" : 2015,  "end" : 2016 }, 
        {"sofa" : 1,  "begin" : 2017,  "end" : 2025 }, 
        {"sofa" : 1,  "begin" : 2026,  "end" : 2028 }, 
        {"sofa" : 1,  "begin" : 2029,  "end" : 2033 }, 
        {"sofa" : 1,  "begin" : 2034,  "end" : 2038 }, 
        {"sofa" : 1,  "begin" : 2039,  "end" : 2048 }, 
        {"sofa" : 1,  "begin" : 2049,  "end" : 2053 }, 
        {"sofa" : 1,  "begin" : 2054,  "end" : 2057 }, 
        {"sofa" : 1,  "begin" : 2058,  "end" : 2063 }, 
        {"sofa" : 1,  "begin" : 2063,  "end" : 2064 }, 
        {"sofa" : 1,  "begin" : 2065,  "end" : 2070 }, 
        {"sofa" : 1,  "begin" : 2071,  "end" : 2074 }, 
        {"sofa" : 1,  "begin" : 2075,  "end" : 2079 }, 
        {"sofa" : 1,  "begin" : 2080,  "end" : 2090 }, 
        {"sofa" : 1,  "begin" : 2091,  "end" : 2097 }, 
        {"sofa" : 1,  "begin" : 2098,  "end" : 2102 }, 
        {"sofa" : 1,  "begin" : 2103,  "end" : 2105 }, 
        {"sofa" : 1,  "begin" : 2106,  "end" : 2114 }, 
        {"sofa" : 1,  "begin" : 2115,  "end" : 2118 }, 
        {"sofa" : 1,  "begin" : 2118,  "end" : 2119 }, 
        {"sofa" : 1,  "begin" : 2120,  "end" : 2126 }, 
        {"sofa" : 1,  "begin" : 2127,  "end" : 2129 }, 
        {"sofa" : 1,  "begin" : 2130,  "end" : 2133 }, 
        {"sofa" : 1,  "begin" : 2134,  "end" : 2137 }, 
        {"sofa" : 1,  "begin" : 2138,  "end" : 2142 }, 
        {"sofa" : 1,  "begin" : 2143,  "end" : 2144 }, 
        {"sofa" : 1,  "begin" : 2145,  "end" : 2148 }, 
        {"sofa" : 1,  "begin" : 2149,  "end" : 2154 }, 
        {"sofa" : 1,  "begin" : 2155,  "end" : 2158 }, 
        {"sofa" : 1,  "begin" : 2159,  "end" : 2164 }, 
        {"sofa" : 1,  "begin" : 2165,  "end" : 2171 }, 
        {"sofa" : 1,  "begin" : 2172,  "end" : 2176 }, 
        {"sofa" : 1,  "begin" : 2177,  "end" : 2182 }, 
        {"sofa" : 1,  "begin" : 2182,  "end" : 2183 }, 
        {"sofa" : 1,  "begin" : 2184,  "end" : 2187 }, 
        {"sofa" : 1,  "begin" : 2188,  "end" : 2191 }, 
        {"sofa" : 1,  "begin" : 2192,  "end" : 2199 }, 
        {"sofa" : 1,  "begin" : 2200,  "end" : 2202 }, 
        {"sofa" : 1,  "begin" : 2203,  "end" : 2207 }, 
        {"sofa" : 1,  "begin" : 2208,  "end" : 2219 }, 
        {"sofa" : 1,  "begin" : 2219,  "end" : 2220 }, 
        {"sofa" : 1,  "begin" : 2223,  "end" : 2226 }, 
        {"sofa" : 1,  "begin" : 2227,  "end" : 2231 }, 
        {"sofa" : 1,  "begin" : 2232,  "end" : 2241 }, 
        {"sofa" : 1,  "begin" : 2242,  "end" : 2246 }, 
        {"sofa" : 1,  "begin" : 2247,  "end" : 2253 }, 
        {"sofa" : 1,  "begin" : 2254,  "end" : 2258 }, 
        {"sofa" : 1,  "begin" : 2259,  "end" : 2267 }, 
        {"sofa" : 1,  "begin" : 2268,  "end" : 2270 }, 
        {"sofa" : 1,  "begin" : 2271,  "end" : 2276 }, 
        {"sofa" : 1,  "begin" : 2276,  "end" : 2277 }, 
        {"sofa" : 1,  "begin" : 2278,  "end" : 2285 }, 
        {"sofa" : 1,  "begin" : 2286,  "end" : 2289 }, 
        {"sofa" : 1,  "begin" : 2290,  "end" : 2297 }, 
        {"sofa" : 1,  "begin" : 2298,  "end" : 2300 }, 
        {"sofa" : 1,  "begin" : 2301,  "end" : 2307 }, 
        {"sofa" : 1,  "begin" : 2308,  "end" : 2311 }, 
        {"sofa" : 1,  "begin" : 2311,  "end" : 2312 }, 
        {"sofa" : 1,  "begin" : 2313,  "end" : 2325 }, 
        {"sofa" : 1,  "begin" : 2326,  "end" : 2331 }, 
        {"sofa" : 1,  "begin" : 2331,  "end" : 2332 }, 
        {"sofa" : 1,  "begin" : 2333,  "end" : 2336 }, 
        {"sofa" : 1,  "begin" : 2337,  "end" : 2339 }, 
        {"sofa" : 1,  "begin" : 2340,  "end" : 2347 }, 
        {"sofa" : 1,  "begin" : 2348,  "end" : 2350 }, 
        {"sofa" : 1,  "begin" : 2351,  "end" : 2358 }, 
        {"sofa" : 1,  "begin" : 2358,  "end" : 2359 }, 
        {"sofa" : 1,  "begin" : 2360,  "end" : 2363 }, 
        {"sofa" : 1,  "begin" : 2364,  "end" : 2367 }, 
        {"sofa" : 1,  "begin" : 2368,  "end" : 2372 }, 
        {"sofa" : 1,  "begin" : 2373,  "end" : 2375 }, 
        {"sofa" : 1,  "begin" : 2376,  "end" : 2380 }, 
        {"sofa" : 1,  "begin" : 2381,  "end" : 2387 }, 
        {"sofa" : 1,  "begin" : 2388,  "end" : 2391 }, 
        {"sofa" : 1,  "begin" : 2392,  "end" : 2396 }, 
        {"sofa" : 1,  "begin" : 2397,  "end" : 2404 }, 
        {"sofa" : 1,  "begin" : 2405,  "end" : 2409 }, 
        {"sofa" : 1,  "begin" : 2410,  "end" : 2422 }, 
        {"sofa" : 1,  "begin" : 2422,  "end" : 2423 }, 
        {"sofa" : 1,  "begin" : 2424,  "end" : 2426 }, 
        {"sofa" : 1,  "begin" : 2427,  "end" : 2429 }, 
        {"sofa" : 1,  "begin" : 2430,  "end" : 2441 }, 
        {"sofa" : 1,  "begin" : 2442,  "end" : 2451 }, 
        {"sofa" : 1,  "begin" : 2452,  "end" : 2455 }, 
        {"sofa" : 1,  "begin" : 2456,  "end" : 2463 }, 
        {"sofa" : 1,  "begin" : 2464,  "end" : 2466 }, 
        {"sofa" : 1,  "begin" : 2467,  "end" : 2474 }, 
        {"sofa" : 1,  "begin" : 2475,  "end" : 2476 }, 
        {"sofa" : 1,  "begin" : 2477,  "end" : 2485 }, 
        {"sofa" : 1,  "begin" : 2486,  "end" : 2488 }, 
        {"sofa" : 1,  "begin" : 2489,  "end" : 2493 }, 
        {"sofa" : 1,  "begin" : 2494,  "end" : 2500 }, 
        {"sofa" : 1,  "begin" : 2501,  "end" : 2504 }, 
        {"sofa" : 1,  "begin" : 2504,  "end" : 2505 }, 
        {"sofa" : 1,  "begin" : 2506,  "end" : 2509 }, 
        {"sofa" : 1,  "begin" : 2510,  "end" : 2518 }, 
        {"sofa" : 1,  "begin" : 2519,  "end" : 2521 }, 
        {"sofa" : 1,  "begin" : 2522,  "end" : 2527 }, 
        {"sofa" : 1,  "begin" : 2527,  "end" : 2528 }, 
        {"sofa" : 1,  "begin" : 2529,  "end" : 2531 }, 
        {"sofa" : 1,  "begin" : 2532,  "end" : 2536 }, 
        {"sofa" : 1,  "begin" : 2537,  "end" : 2542 }, 
        {"sofa" : 1,  "begin" : 2543,  "end" : 2544 }, 
        {"sofa" : 1,  "begin" : 2545,  "end" : 2555 }, 
        {"sofa" : 1,  "begin" : 2556,  "end" : 2558 }, 
        {"sofa" : 1,  "begin" : 2559,  "end" : 2563 }, 
        {"sofa" : 1,  "begin" : 2564,  "end" : 2566 }, 
        {"sofa" : 1,  "begin" : 2567,  "end" : 2576 }, 
        {"sofa" : 1,  "begin" : 2577,  "end" : 2582 }, 
        {"sofa" : 1,  "begin" : 2583,  "end" : 2591 }, 
        {"sofa" : 1,  "begin" : 2592,  "end" : 2594 }, 
        {"sofa" : 1,  "begin" : 2595,  "end" : 2598 }, 
        {"sofa" : 1,  "begin" : 2599,  "end" : 2604 }, 
        {"sofa" : 1,  "begin" : 2605,  "end" : 2607 }, 
        {"sofa" : 1,  "begin" : 2608,  "end" : 2613 }, 
        {"sofa" : 1,  "begin" : 2614,  "end" : 2616 }, 
        {"sofa" : 1,  "begin" : 2617,  "end" : 2619 }, 
        {"sofa" : 1,  "begin" : 2620,  "end" : 2624 }, 
        {"sofa" : 1,  "begin" : 2624,  "end" : 2625 }, 
        {"sofa" : 1,  "begin" : 2626,  "end" : 2629 }, 
        {"sofa" : 1,  "begin" : 2630,  "end" : 2634 }, 
        {"sofa" : 1,  "begin" : 2635,  "end" : 2639 }, 
        {"sofa" : 1,  "begin" : 2640,  "end" : 2650 }, 
        {"sofa" : 1,  "begin" : 2651,  "end" : 2653 }, 
        {"sofa" : 1,  "begin" : 2653,  "end" : 2654 }, 
        {"sofa" : 1,  "begin" : 2655,  "end" : 2656 }, 
        {"sofa" : 1,  "begin" : 2657,  "end" : 2661 }, 
        {"sofa" : 1,  "begin" : 2662,  "end" : 2665 }, 
        {"sofa" : 1,  "begin" : 2666,  "end" : 2677 }, 
        {"sofa" : 1,  "begin" : 2678,  "end" : 2680 }, 
        {"sofa" : 1,  "begin" : 2681,  "end" : 2690 }, 
        {"sofa" : 1,  "begin" : 2690,  "end" : 2691 }, 
        {"sofa" : 1,  "begin" : 2692,  "end" : 2694 }, 
        {"sofa" : 1,  "begin" : 2695,  "end" : 2697 }, 
        {"sofa" : 1,  "begin" : 2698,  "end" : 2706 }, 
        {"sofa" : 1,  "begin" : 2707,  "end" : 2710 }, 
        {"sofa" : 1,  "begin" : 2711,  "end" : 2715 }, 
        {"sofa" : 1,  "begin" : 2716,  "end" : 2726 }, 
        {"sofa" : 1,  "begin" : 2727,  "end" : 2731 }, 
        {"sofa" : 1,  "begin" : 2732,  "end" : 2736 }, 
        {"sofa" : 1,  "begin" : 2737,  "end" : 2741 }, 
        {"sofa" : 1,  "begin" : 2742,  "end" : 2744 }, 
        {"sofa" : 1,  "begin" : 2745,  "end" : 2750 }, 
        {"sofa" : 1,  "begin" : 2751,  "end" : 2754 }, 
        {"sofa" : 1,  "begin" : 2754,  "end" : 2755 }, 
        {"sofa" : 1,  "begin" : 2756,  "end" : 2761 }, 
        {"sofa" : 1,  "begin" : 2762,  "end" : 2764 }, 
        {"sofa" : 1,  "begin" : 2765,  "end" : 2768 }, 
        {"sofa" : 1,  "begin" : 2769,  "end" : 2776 }, 
        {"sofa" : 1,  "begin" : 2777,  "end" : 2785 }, 
        {"sofa" : 1,  "begin" : 2786,  "end" : 2788 }, 
        {"sofa" : 1,  "begin" : 2789,  "end" : 2794 }, 
        {"sofa" : 1,  "begin" : 2794,  "end" : 2795 }, 
        {"sofa" : 1,  "begin" : 2796,  "end" : 2801 }, 
        {"sofa" : 1,  "begin" : 2802,  "end" : 2804 }, 
        {"sofa" : 1,  "begin" : 2805,  "end" : 2808 }, 
        {"sofa" : 1,  "begin" : 2809,  "end" : 2813 }, 
        {"sofa" : 1,  "begin" : 2813,  "end" : 2814 }, 
        {"sofa" : 1,  "begin" : 2815,  "end" : 2818 }, 
        {"sofa" : 1,  "begin" : 2819,  "end" : 2828 }, 
        {"sofa" : 1,  "begin" : 2829,  "end" : 2833 }, 
        {"sofa" : 1,  "begin" : 2834,  "end" : 2837 }, 
        {"sofa" : 1,  "begin" : 2837,  "end" : 2838 }, 
        {"sofa" : 1,  "begin" : 2839,  "end" : 2844 }, 
        {"sofa" : 1,  "begin" : 2845,  "end" : 2846 }, 
        {"sofa" : 1,  "begin" : 2847,  "end" : 2849 }, 
        {"sofa" : 1,  "begin" : 2850,  "end" : 2855 }, 
        {"sofa" : 1,  "begin" : 2856,  "end" : 2869 }, 
        {"sofa" : 1,  "begin" : 2870,  "end" : 2872 }, 
        {"sofa" : 1,  "begin" : 2873,  "end" : 2876 }, 
        {"sofa" : 1,  "begin" : 2877,  "end" : 2881 }, 
        {"sofa" : 1,  "begin" : 2882,  "end" : 2884 }, 
        {"sofa" : 1,  "begin" : 2885,  "end" : 2888 }, 
        {"sofa" : 1,  "begin" : 2889,  "end" : 2895 }, 
        {"sofa" : 1,  "begin" : 2896,  "end" : 2905 }, 
        {"sofa" : 1,  "begin" : 2905,  "end" : 2906 }, 
        {"sofa" : 1,  "begin" : 2907,  "end" : 2909 }, 
        {"sofa" : 1,  "begin" : 2910,  "end" : 2918 }, 
        {"sofa" : 1,  "begin" : 2919,  "end" : 2922 }, 
        {"sofa" : 1,  "begin" : 2923,  "end" : 2927 }, 
        {"sofa" : 1,  "begin" : 2928,  "end" : 2932 }, 
        {"sofa" : 1,  "begin" : 2933,  "end" : 2938 }, 
        {"sofa" : 1,  "begin" : 2939,  "end" : 2942 }, 
        {"sofa" : 1,  "begin" : 2942,  "end" : 2943 }, 
        {"sofa" : 1,  "begin" : 2944,  "end" : 2949 }, 
        {"sofa" : 1,  "begin" : 2950,  "end" : 2954 }, 
        {"sofa" : 1,  "begin" : 2955,  "end" : 2958 }, 
        {"sofa" : 1,  "begin" : 2959,  "end" : 2969 }, 
        {"sofa" : 1,  "begin" : 2970,  "end" : 2976 }, 
        {"sofa" : 1,  "begin" : 2976,  "end" : 2977 }, 
        {"sofa" : 1,  "begin" : 2978,  "end" : 2983 }, 
        {"sofa" : 1,  "begin" : 2983,  "end" : 2984 }, 
        {"sofa" : 1,  "begin" : 2985,  "end" : 2987 }, 
        {"sofa" : 1,  "begin" : 2988,  "end" : 2992 }, 
        {"sofa" : 1,  "begin" : 2993,  "end" : 2996 }, 
        {"sofa" : 1,  "begin" : 2997,  "end" : 3002 }, 
        {"sofa" : 1,  "begin" : 3003,  "end" : 3012 }, 
        {"sofa" : 1,  "begin" : 3012,  "end" : 3013 }, 
        {"sofa" : 1,  "begin" : 3014,  "end" : 3024 }, 
        {"sofa" : 1,  "begin" : 3025,  "end" : 3031 }, 
        {"sofa" : 1,  "begin" : 3032,  "end" : 3035 }, 
        {"sofa" : 1,  "begin" : 3035,  "end" : 3036 } ] } }, 
  "_referenced_fss" : {
    "1" : {"_type" : "Sofa",  "sofaNum" : 1,  "sofaID" : "_InitialView",  "mimeType" : "text",  "sofaString" : "It is remarkable, however, that though a piece of beef or mutton, plunged in quicksilver, and kept in this degree of heat, yield air, the bulk of which is inflammable, and contracts no putrid smell (at least, in a day or two) a mouse treated in the same manner, yields the proper putrid effluvium, as indeed the smell sufficiently indicates.\n\n\nThat the putrid effluvium will mix with water seems to be evident from the following experiment.\nIf a mouse be put into a jar full of water, standing with its mouth inverted in another vessel of water, a considerable quantity of elastic matter (and which may, therefore, be called air) will soon be generated, unless the weather be so cold as to check all putrefaction.\nAfter a short time, the water contracts an extremely fetid and offensive smell, which seems to indicate that the putrid effluvium pervades the water, and affects the neighbouring air; and since, after this, there is often no increase of the air, that seems to be the very substance which is carried off through the water, as fast as it is generated; and the offensive smell is a sufficient proof that it is not fixed air.\nFor this has a very agreeable flavour, whether it be produced by fermentation, or extracted from chalk by oil of vitriol; affecting not only the mouth, but even the nostrils; with a pungency which is peculiarly pleasing to a certain degree, as any person may easily satisfy himself, who will chuse to make the experiment.\n\n\nIf the water in which the mouse was immersed, and which is saturated with the putrid air, be changed, the greater part of the putrid air, will, in a day or two, be absorbed, though the mouse continues to yield the putrid effluvium as before; for as soon as this fresh water becomes saturated with it, it begins to be offensive to the smell, and the quantity of the putrid air upon its surface increases as before.\nI kept a mouse producing putrid air in this manner for the space of several months.\n\n\nSix ounce measures of air not readily absorbed by water, appeared to have been generated from one mouse, which had been putrefying eleven days in confined air, before it was put into a jar which was quite filled with water, for the purpose of this observation.\n\n\nAir thus generated from putrid mice standing in water, without any mixture of common air, extinguishes flame, and is noxious to animals, but not more so than common air only tainted with putrefaction.\nIt is exceedingly difficult and tedious to collect a quantity of this putrid air, not miscible in water, so very great a proportion of what is collected being absorbed by the water in which it is kept; but what that proportion is, I have not endeavoured to ascertain.\nIt is probably the same proportion that that part of fixed air, which is not readily absorbed by water, bears to the rest; and therefore this air, which I at first distinguished by the name of the putrid effluvium, is probably the same with fixed air, mixed with the phlogistic matter, which, in this and other processes, diminishes common air.\n" }, 
    "8035" : {"_type" : "Span",  "sofa" : 1,  "begin" : 192,  "end" : 197,  "label" : "Smell_Word" }, 
    "8030" : {"_type" : "Span",  "sofa" : 1,  "begin" : 185,  "end" : 191,  "label" : "Quality" }, 
    "8047" : {"_type" : "Span",  "sofa" : 1,  "begin" : 41,  "end" : 64,  "label" : "Smell_Source" }, 
    "8059" : {"_type" : "Span",  "sofa" : 1,  "begin" : 66,  "end" : 88,  "label" : "Circumstances" }, 
    "8064" : {"_type" : "Span",  "sofa" : 1,  "begin" : 94,  "end" : 121,  "label" : "Circumstances" }, 
    "8110" : {"_type" : "Span",  "sofa" : 1,  "begin" : 312,  "end" : 317,  "label" : "Smell_Word" }, 
    "8083" : {"_type" : "Span",  "sofa" : 1,  "begin" : 226,  "end" : 233,  "label" : "Smell_Source" }, 
    "8088" : {"_type" : "Span",  "sofa" : 1,  "begin" : 234,  "end" : 260,  "label" : "Circumstances" }, 
    "8129" : {"_type" : "Span",  "sofa" : 1,  "begin" : 280,  "end" : 296,  "label" : "Odour_Carrier" }, 
    "8141" : {"_type" : "Span",  "sofa" : 1,  "begin" : 360,  "end" : 369,  "label" : "Smell_Word" }, 
    "8146" : {"_type" : "Span",  "sofa" : 1,  "begin" : 353,  "end" : 359,  "label" : "Quality" }, 
    "8168" : {"_type" : "Span",  "sofa" : 1,  "begin" : 787,  "end" : 792,  "label" : "Smell_Word" }, 
    "8173" : {"_type" : "Span",  "sofa" : 1,  "begin" : 714,  "end" : 732,  "label" : "Time" }, 
    "8163" : {"_type" : "Span",  "sofa" : 1,  "begin" : 777,  "end" : 786,  "label" : "Quality" }, 
    "8158" : {"_type" : "Span",  "sofa" : 1,  "begin" : 767,  "end" : 772,  "label" : "Quality" }, 
    "8204" : {"_type" : "Span",  "sofa" : 1,  "begin" : 734,  "end" : 743,  "label" : "Odour_Carrier" }, 
    "8216" : {"_type" : "Span",  "sofa" : 1,  "begin" : 834,  "end" : 843,  "label" : "Smell_Word" }, 
    "8221" : {"_type" : "Span",  "sofa" : 1,  "begin" : 827,  "end" : 833,  "label" : "Quality" }, 
    "8233" : {"_type" : "Span",  "sofa" : 1,  "begin" : 853,  "end" : 862,  "label" : "Odour_Carrier" }, 
    "8250" : {"_type" : "Span",  "sofa" : 1,  "begin" : 868,  "end" : 896,  "label" : "Effect" }, 
    "8245" : {"_type" : "Span",  "sofa" : 1,  "begin" : 844,  "end" : 862,  "label" : "Effect" }, 
    "8267" : {"_type" : "Span",  "sofa" : 1,  "begin" : 1082,  "end" : 1087,  "label" : "Smell_Word" }, 
    "8272" : {"_type" : "Span",  "sofa" : 1,  "begin" : 1131,  "end" : 1134,  "label" : "Odour_Carrier" }, 
    "8262" : {"_type" : "Span",  "sofa" : 1,  "begin" : 1072,  "end" : 1081,  "label" : "Quality" }, 
    "8291" : {"_type" : "Span",  "sofa" : 1,  "begin" : 1318,  "end" : 1326,  "label" : "Smell_Word" }, 
    "8296" : {"_type" : "Span",  "sofa" : 1,  "begin" : 1297,  "end" : 1309,  "label" : "Perceiver" }, 
    "8320" : {"_type" : "Span",  "sofa" : 1,  "begin" : 1336,  "end" : 1355,  "label" : "Quality" }, 
    "8337" : {"_type" : "Span",  "sofa" : 1,  "begin" : 1538,  "end" : 1544,  "label" : "Smell_Word" }, 
    "8342" : {"_type" : "Span",  "sofa" : 1,  "begin" : 1538,  "end" : 1544,  "label" : "Quality" }, 
    "8354" : {"_type" : "Span",  "sofa" : 1,  "begin" : 1545,  "end" : 1548,  "label" : "Smell_Source" }, 
    "8332" : {"_type" : "Span",  "sofa" : 1,  "begin" : 1463,  "end" : 1472,  "label" : "Odour_Carrier" }, 
    "8378" : {"_type" : "Span",  "sofa" : 1,  "begin" : 1586,  "end" : 1592,  "label" : "Smell_Word" }, 
    "8373" : {"_type" : "Span",  "sofa" : 1,  "begin" : 1586,  "end" : 1592,  "label" : "Quality" }, 
    "8383" : {"_type" : "Span",  "sofa" : 1,  "begin" : 1593,  "end" : 1596,  "label" : "Odour_Carrier" }, 
    "8414" : {"_type" : "Span",  "sofa" : 1,  "begin" : 1681,  "end" : 1690,  "label" : "Smell_Word" }, 
    "8419" : {"_type" : "Span",  "sofa" : 1,  "begin" : 1674,  "end" : 1680,  "label" : "Quality" }, 
    "8494" : {"_type" : "Span",  "sofa" : 1,  "begin" : 1641,  "end" : 1650,  "label" : "Smell_Source" }, 
    "8506" : {"_type" : "Span",  "sofa" : 1,  "begin" : 1761,  "end" : 1763,  "label" : "Smell_Source" }, 
    "8436" : {"_type" : "Span",  "sofa" : 1,  "begin" : 1794,  "end" : 1799,  "label" : "Smell_Word" }, 
    "8431" : {"_type" : "Span",  "sofa" : 1,  "begin" : 1777,  "end" : 1786,  "label" : "Quality" }, 
    "8482" : {"_type" : "Span",  "sofa" : 1,  "begin" : 1702,  "end" : 1759,  "label" : "Circumstances" }, 
    "8463" : {"_type" : "Span",  "sofa" : 1,  "begin" : 1825,  "end" : 1831,  "label" : "Smell_Word" }, 
    "8448" : {"_type" : "Span",  "sofa" : 1,  "begin" : 1825,  "end" : 1831,  "label" : "Quality" }, 
    "8458" : {"_type" : "Span",  "sofa" : 1,  "begin" : 1832,  "end" : 1835,  "label" : "Odour_Carrier" }, 
    "8528" : {"_type" : "Span",  "sofa" : 1,  "begin" : 1899,  "end" : 1905,  "label" : "Smell_Word" }, 
    "8523" : {"_type" : "Span",  "sofa" : 1,  "begin" : 1899,  "end" : 1905,  "label" : "Quality" }, 
    "8533" : {"_type" : "Span",  "sofa" : 1,  "begin" : 1906,  "end" : 1909,  "label" : "Odour_Carrier" }, 
    "8518" : {"_type" : "Span",  "sofa" : 1,  "begin" : 1881,  "end" : 1888,  "label" : "Smell_Source" }, 
    "8658" : {"_type" : "Span",  "sofa" : 1,  "begin" : 1925,  "end" : 1956,  "label" : "Time" }, 
    "8564" : {"_type" : "Span",  "sofa" : 1,  "begin" : 2247,  "end" : 2253,  "label" : "Smell_Word" }, 
    "8559" : {"_type" : "Span",  "sofa" : 1,  "begin" : 2247,  "end" : 2253,  "label" : "Quality" }, 
    "8576" : {"_type" : "Span",  "sofa" : 1,  "begin" : 2254,  "end" : 2258,  "label" : "Smell_Source" }, 
    "8588" : {"_type" : "Span",  "sofa" : 1,  "begin" : 2259,  "end" : 2276,  "label" : "Circumstances" }, 
    "8610" : {"_type" : "Span",  "sofa" : 1,  "begin" : 2494,  "end" : 2500,  "label" : "Smell_Word" }, 
    "8600" : {"_type" : "Span",  "sofa" : 1,  "begin" : 2494,  "end" : 2500,  "label" : "Quality" }, 
    "8605" : {"_type" : "Span",  "sofa" : 1,  "begin" : 2501,  "end" : 2504,  "label" : "Odour_Carrier" }, 
    "8634" : {"_type" : "Span",  "sofa" : 1,  "begin" : 2896,  "end" : 2905,  "label" : "Smell_Word" }, 
    "8629" : {"_type" : "Span",  "sofa" : 1,  "begin" : 2889,  "end" : 2895,  "label" : "Quality" }, 
    "8646" : {"_type" : "Span",  "sofa" : 1,  "begin" : 2845,  "end" : 2846,  "label" : "Perceiver" } } }