#FORMAT=WebAnno TSV 3.3


#Text=10 Ego dixi in dimidio dierum meorum : Vadam ad portas inferi ; quæsivi residuum annorum meorum.
#Text=11 Dixi : Non videbo Dominum Deum in terra viventium ; non aspiciam hominem ultra, et habitatorem quietis.
#Text=12 Generatio mea ablata est, et convoluta est a me, quasi tabernaculum pastorum.
1-1	2-4	10	
1-2	5-8	Ego	
1-3	9-13	dixi	
1-4	14-16	in	
1-5	17-24	dimidio	
1-6	25-31	dierum	
1-7	32-38	meorum	
1-8	39-40	:	
1-9	41-46	Vadam	
1-10	47-49	ad	
1-11	50-56	portas	
1-12	57-63	inferi	
1-13	64-65	;	
1-14	66-73	quæsivi	
1-15	74-82	residuum	
1-16	83-90	annorum	
1-17	91-97	meorum	
1-18	97-98	.	
1-19	99-101	11	
1-20	102-106	Dixi	
1-21	107-108	:	
1-22	109-112	Non	
1-23	113-119	videbo	
1-24	120-127	Dominum	
1-25	128-132	Deum	
1-26	133-135	in	
1-27	136-141	terra	
1-28	142-151	viventium	
1-29	152-153	;	
1-30	154-157	non	
1-31	158-166	aspiciam	
1-32	167-174	hominem	
1-33	175-180	ultra	
1-34	180-181	,	
1-35	182-184	et	
1-36	185-196	habitatorem	
1-37	197-204	quietis	
1-38	204-205	.	
1-39	206-208	12	
1-40	209-218	Generatio	
1-41	219-222	mea	
1-42	223-229	ablata	
1-43	230-233	est	
1-44	233-234	,	
1-45	235-237	et	
1-46	238-247	convoluta	
1-47	248-251	est	
1-48	252-253	a	
1-49	254-256	me	
1-50	256-257	,	
1-51	258-263	quasi	
1-52	264-276	tabernaculum	
1-53	277-285	pastorum	
1-54	285-286	.	

#Text=Præcisa est velut a texente vita mea ; dum adhuc ordirer, succidit me : de mane usque ad vesperam finies me.
#Text=13 Sperabam usque ad mane ; quasi leo, sic contrivit omnia ossa mea : de mane usque ad vesperam finies me.
#Text=14 Sicut pullus hirundinis, sic clamabo ; meditabor ut columba.
2-1	287-294	Præcisa	
2-2	295-298	est	
2-3	299-304	velut	
2-4	305-306	a	
2-5	307-314	texente	
2-6	315-319	vita	
2-7	320-323	mea	
2-8	324-325	;	
2-9	326-329	dum	
2-10	330-335	adhuc	
2-11	336-343	ordirer	
2-12	343-344	,	
2-13	345-353	succidit	
2-14	354-356	me	
2-15	357-358	:	
2-16	359-361	de	
2-17	362-366	mane	
2-18	367-372	usque	
2-19	373-375	ad	
2-20	376-384	vesperam	
2-21	385-391	finies	
2-22	392-394	me	
2-23	394-395	.	
2-24	396-398	13	
2-25	399-407	Sperabam	
2-26	408-413	usque	
2-27	414-416	ad	
2-28	417-421	mane	
2-29	422-423	;	
2-30	424-429	quasi	
2-31	430-433	leo	
2-32	433-434	,	
2-33	435-438	sic	
2-34	439-448	contrivit	
2-35	449-454	omnia	
2-36	455-459	ossa	
2-37	460-463	mea	
2-38	464-465	:	
2-39	466-468	de	
2-40	469-473	mane	
2-41	474-479	usque	
2-42	480-482	ad	
2-43	483-491	vesperam	
2-44	492-498	finies	
2-45	499-501	me	
2-46	501-502	.	
2-47	503-505	14	
2-48	506-511	Sicut	
2-49	512-518	pullus	
2-50	519-529	hirundinis	
2-51	529-530	,	
2-52	531-534	sic	
2-53	535-542	clamabo	
2-54	543-544	;	
2-55	545-554	meditabor	
2-56	555-557	ut	
2-57	558-565	columba	
2-58	565-566	.	

#Text=Attenuati sunt oculi mei, suspicientes in excelsum.
3-1	567-576	Attenuati	
3-2	577-581	sunt	
3-3	582-587	oculi	
3-4	588-591	mei	
3-5	591-592	,	
3-6	593-605	suspicientes	
3-7	606-608	in	
3-8	609-617	excelsum	
3-9	617-618	.	

#Text=Domine, vim patior : responde pro me.
#Text=15 Quid dicam, aut quid respondebit mihi, cum ipse fecerit ?
4-1	619-625	Domine	
4-2	625-626	,	
4-3	627-630	vim	
4-4	631-637	patior	
4-5	638-639	:	
4-6	640-648	responde	
4-7	649-652	pro	
4-8	653-655	me	
4-9	655-656	.	
4-10	657-659	15	
4-11	660-664	Quid	
4-12	665-670	dicam	
4-13	670-671	,	
4-14	672-675	aut	
4-15	676-680	quid	
4-16	681-692	respondebit	
4-17	693-697	mihi	
4-18	697-698	,	
4-19	699-702	cum	
4-20	703-707	ipse	
4-21	708-715	fecerit	
4-22	716-717	?	

#Text=Recogitabo tibi omnes annos meos in amaritudine animæ meæ.
#Text=16 Domine, si sic vivitur, et in talibus vita spiritus mei, corripies me, et vivificabis me.
#Text=17 Ecce in pace amaritudo mea amarissima.
5-1	718-728	Recogitabo	
5-2	729-733	tibi	
5-3	734-739	omnes	
5-4	740-745	annos	
5-5	746-750	meos	
5-6	751-753	in	
5-7	754-765	amaritudine	
5-8	766-771	animæ	
5-9	772-775	meæ	
5-10	775-776	.	
5-11	777-779	16	
5-12	780-786	Domine	
5-13	786-787	,	
5-14	788-790	si	
5-15	791-794	sic	
5-16	795-802	vivitur	
5-17	802-803	,	
5-18	804-806	et	
5-19	807-809	in	
5-20	810-817	talibus	
5-21	818-822	vita	
5-22	823-831	spiritus	
5-23	832-835	mei	
5-24	835-836	,	
5-25	837-846	corripies	
5-26	847-849	me	
5-27	849-850	,	
5-28	851-853	et	
5-29	854-865	vivificabis	
5-30	866-868	me	
5-31	868-869	.	
5-32	870-872	17	
5-33	873-877	Ecce	
5-34	878-880	in	
5-35	881-885	pace	
5-36	886-895	amaritudo	
5-37	896-899	mea	
5-38	900-910	amarissima	
5-39	910-911	.	

#Text=Tu autem eruisti animam meam ut non periret ; projecisti post tergum tuum omnia peccata mea.
#Text=18 Quia non infernus confitebitur tibi, neque mors laudabit te : non exspectabunt qui descendunt in lacum veritatem tuam.
#Text=19 Vivens, vivens ipse confitebitur tibi, sicut et ego hodie ; pater filiis notam faciet veritatem tuam.
#Text=20 Domine, salvum me fac !
6-1	912-914	Tu	
6-2	915-920	autem	
6-3	921-928	eruisti	
6-4	929-935	animam	
6-5	936-940	meam	
6-6	941-943	ut	
6-7	944-947	non	
6-8	948-955	periret	
6-9	956-957	;	
6-10	958-968	projecisti	
6-11	969-973	post	
6-12	974-980	tergum	
6-13	981-985	tuum	
6-14	986-991	omnia	
6-15	992-999	peccata	
6-16	1000-1003	mea	
6-17	1003-1004	.	
6-18	1005-1007	18	
6-19	1008-1012	Quia	
6-20	1013-1016	non	
6-21	1017-1025	infernus	
6-22	1026-1038	confitebitur	
6-23	1039-1043	tibi	
6-24	1043-1044	,	
6-25	1045-1050	neque	
6-26	1051-1055	mors	
6-27	1056-1064	laudabit	
6-28	1065-1067	te	
6-29	1068-1069	:	
6-30	1070-1073	non	
6-31	1074-1086	exspectabunt	
6-32	1087-1090	qui	
6-33	1091-1101	descendunt	
6-34	1102-1104	in	
6-35	1105-1110	lacum	
6-36	1111-1120	veritatem	
6-37	1121-1125	tuam	
6-38	1125-1126	.	
6-39	1127-1129	19	
6-40	1130-1136	Vivens	
6-41	1136-1137	,	
6-42	1138-1144	vivens	
6-43	1145-1149	ipse	
6-44	1150-1162	confitebitur	
6-45	1163-1167	tibi	
6-46	1167-1168	,	
6-47	1169-1174	sicut	
6-48	1175-1177	et	
6-49	1178-1181	ego	
6-50	1182-1187	hodie	
6-51	1188-1189	;	
6-52	1190-1195	pater	
6-53	1196-1202	filiis	
6-54	1203-1208	notam	
6-55	1209-1215	faciet	
6-56	1216-1225	veritatem	
6-57	1226-1230	tuam	
6-58	1230-1231	.	
6-59	1232-1234	20	
6-60	1235-1241	Domine	
6-61	1241-1242	,	
6-62	1243-1249	salvum	
6-63	1250-1252	me	
6-64	1253-1256	fac	
6-65	1257-1258	!	

#Text=et psalmos nostros cantabimus cunctis diebus vitæ nostræ in domo Domini.
#Text=21 Et jussit Isaias ut tollerent massam de ficis, et cataplasmarent super vulnus, et sanaretur.
#Text=22 Et dixit Ezechias : Quod erit signum quia ascendam in domum Domini ?
7-1	1259-1261	et	
7-2	1262-1269	psalmos	
7-3	1270-1277	nostros	
7-4	1278-1288	cantabimus	
7-5	1289-1296	cunctis	
7-6	1297-1303	diebus	
7-7	1304-1308	vitæ	
7-8	1309-1315	nostræ	
7-9	1316-1318	in	
7-10	1319-1323	domo	
7-11	1324-1330	Domini	
7-12	1330-1331	.	
7-13	1332-1334	21	
7-14	1335-1337	Et	
7-15	1338-1344	jussit	
7-16	1345-1351	Isaias	
7-17	1352-1354	ut	
7-18	1355-1364	tollerent	
7-19	1365-1371	massam	
7-20	1372-1374	de	
7-21	1375-1380	ficis	
7-22	1380-1381	,	
7-23	1382-1384	et	
7-24	1385-1399	cataplasmarent	
7-25	1400-1405	super	
7-26	1406-1412	vulnus	
7-27	1412-1413	,	
7-28	1414-1416	et	
7-29	1417-1426	sanaretur	
7-30	1426-1427	.	
7-31	1428-1430	22	
7-32	1431-1433	Et	
7-33	1434-1439	dixit	
7-34	1440-1448	Ezechias	
7-35	1449-1450	:	
7-36	1451-1455	Quod	
7-37	1456-1460	erit	
7-38	1461-1467	signum	
7-39	1468-1472	quia	
7-40	1473-1481	ascendam	
7-41	1482-1484	in	
7-42	1485-1490	domum	
7-43	1491-1497	Domini	
7-44	1498-1499	?	

#Text=Caput 39
#Text=
#Text=
#Text=1 In tempore illo misit Merodach Baladan, filius Baladan, rex Babylonis, libros et munera ad Ezechiam : audierat enim quod ægrotasset et convaluisset.
8-1	1500-1505	Caput	
8-2	1506-1508	39	
8-3	1511-1512	1	
8-4	1513-1515	In	
8-5	1516-1523	tempore	
8-6	1524-1528	illo	
8-7	1529-1534	misit	
8-8	1535-1543	Merodach	
8-9	1544-1551	Baladan	
8-10	1551-1552	,	
8-11	1553-1559	filius	
8-12	1560-1567	Baladan	
8-13	1567-1568	,	
8-14	1569-1572	rex	
8-15	1573-1582	Babylonis	
8-16	1582-1583	,	
8-17	1584-1590	libros	
8-18	1591-1593	et	
8-19	1594-1600	munera	
8-20	1601-1603	ad	
8-21	1604-1612	Ezechiam	
8-22	1613-1614	:	
8-23	1615-1623	audierat	
8-24	1624-1628	enim	
8-25	1629-1633	quod	
8-26	1634-1644	ægrotasset	
8-27	1645-1647	et	
8-28	1648-1660	convaluisset	
8-29	1660-1661	.	
