#FORMAT=WebAnno TSV 3.3
#T_SP=custom.Span|label
#T_RL=custom.Relation|label|BT_custom.Span


#Text=Natuͤrliches
#Text=Piſſaſphal-
#Text=tum oder
#Text=Erdpech.
1-1	2-14	Natuͤrliches	_	_	_	
1-2	15-25	Piſſaſphal	_	_	_	
1-3	25-26	-	_	_	_	
1-4	27-30	tum	_	_	_	
1-5	31-35	oder	_	_	_	
1-6	36-43	Erdpech	_	_	_	
1-7	43-44	.	_	_	_	

#Text=Das Hartz aus Auvergne iſt eine
#Text=Gattung Pech, eines ziemlich haͤßlichen
#Text=Geruchs, und wird zwiſchen
#Text=Clar-
#Text=mont/
#Text=Montferrant und Rion/ an
#Text=einem Orte, Puis de Pege, und zwar
#Text=in ſo groſſer
#Text=Menge gefunden, daß es aus
#Text=der Erden herausquillt, welches denen
#Text=vorbeygehenden groſſe Ungelegen-
#Text=heit verurſachet, denn es ſich der-
#Text=maſſen veſte ihnen an die Fuͤſſe henget,
#Text=daß ſie mit Muͤhe und Noth von dem
#Text=Platze wegkommen koͤnnen, ofters muͤſ-
#Text=ſen die Reiſenden die Schuhe im Stiche
#Text=
#Text=laſſen.
2-1	48-51	Das	_	_	_	
2-2	52-57	Hartz	Smell\_Source	*	2-3[1_0]	
2-3	58-61	aus	Location[1]	_	_	
2-4	62-70	Auvergne	Location[1]	_	_	
2-5	71-74	iſt	_	_	_	
2-6	75-79	eine	_	_	_	
2-7	80-87	Gattung	_	_	_	
2-8	88-92	Pech	_	_	_	
2-9	92-93	,	_	_	_	
2-10	94-99	eines	_	_	_	
2-11	100-108	ziemlich	Quality	_	_	
2-12	109-119	haͤßlichen	Quality	*	2-11	
2-13	120-127	Geruchs	Smell\_Word	*	2-12	
2-14	127-128	,	_	_	_	
2-15	129-132	und	_	_	_	
2-16	133-137	wird	_	_	_	
2-17	138-146	zwiſchen	_	_	_	
2-18	147-151	Clar	_	_	_	
2-19	151-152	-	_	_	_	
2-20	153-157	mont	_	_	_	
2-21	157-158	/	_	_	_	
2-22	159-170	Montferrant	_	_	_	
2-23	171-174	und	_	_	_	
2-24	175-179	Rion	_	_	_	
2-25	179-180	/	_	_	_	
2-26	181-183	an	_	_	_	
2-27	184-189	einem	_	_	_	
2-28	190-194	Orte	_	_	_	
2-29	194-195	,	_	_	_	
2-30	196-200	Puis	_	_	_	
2-31	201-203	de	_	_	_	
2-32	204-208	Pege	_	_	_	
2-33	208-209	,	_	_	_	
2-34	210-213	und	_	_	_	
2-35	214-218	zwar	_	_	_	
2-36	219-221	in	_	_	_	
2-37	222-224	ſo	_	_	_	
2-38	225-232	groſſer	_	_	_	
2-39	233-238	Menge	_	_	_	
2-40	239-247	gefunden	_	_	_	
2-41	247-248	,	_	_	_	
2-42	249-252	daß	_	_	_	
2-43	253-255	es	_	_	_	
2-44	256-259	aus	_	_	_	
2-45	260-263	der	_	_	_	
2-46	264-269	Erden	_	_	_	
2-47	270-282	herausquillt	_	_	_	
2-48	282-283	,	_	_	_	
2-49	284-291	welches	_	_	_	
2-50	292-297	denen	_	_	_	
2-51	298-312	vorbeygehenden	_	_	_	
2-52	313-319	groſſe	_	_	_	
2-53	320-329	Ungelegen	_	_	_	
2-54	329-330	-	_	_	_	
2-55	331-335	heit	_	_	_	
2-56	336-347	verurſachet	_	_	_	
2-57	347-348	,	_	_	_	
2-58	349-353	denn	_	_	_	
2-59	354-356	es	_	_	_	
2-60	357-361	ſich	_	_	_	
2-61	362-365	der	_	_	_	
2-62	365-366	-	_	_	_	
2-63	367-373	maſſen	_	_	_	
2-64	374-379	veſte	_	_	_	
2-65	380-385	ihnen	_	_	_	
2-66	386-388	an	_	_	_	
2-67	389-392	die	_	_	_	
2-68	393-399	Fuͤſſe	_	_	_	
2-69	400-406	henget	_	_	_	
2-70	406-407	,	_	_	_	
2-71	408-411	daß	_	_	_	
2-72	412-415	ſie	_	_	_	
2-73	416-419	mit	_	_	_	
2-74	420-425	Muͤhe	_	_	_	
2-75	426-429	und	_	_	_	
2-76	430-434	Noth	_	_	_	
2-77	435-438	von	_	_	_	
2-78	439-442	dem	_	_	_	
2-79	443-449	Platze	_	_	_	
2-80	450-459	wegkommen	_	_	_	
2-81	460-467	koͤnnen	_	_	_	
2-82	467-468	,	_	_	_	
2-83	469-475	ofters	_	_	_	
2-84	476-480	muͤſ	_	_	_	
2-85	480-481	-	_	_	_	
2-86	482-485	ſen	_	_	_	
2-87	486-489	die	_	_	_	
2-88	490-499	Reiſenden	_	_	_	
2-89	500-503	die	_	_	_	
2-90	504-510	Schuhe	_	_	_	
2-91	511-513	im	_	_	_	
2-92	514-520	Stiche	_	_	_	
2-93	522-528	laſſen	_	_	_	
2-94	528-529	.	_	_	_	

#Text=Dieſe herrliche Waare nun
#Text=
#Text=laſſen einige Tabuletkraͤmer trucken
#Text=werden, und verkauffen ſie hernach
#Text=den Spezereykraͤmern, Apotheckern
#Text=und andern, die ſich nicht ſonderlich auf
#Text=die Materialien verſtehen, fuͤr wahr-
#Text=haften Judenleim, ob es ſchon gantz
#Text=leichtlich an dem haͤßlichen
#Text=Geſchmacke
#Text=
#Text=mag erkennet werden, da im Gegen-
#Text=theil das rechte Judenpech faſt gar nicht
#Text=riecht: deswegen und um dieſes ſtin-
#Text=ckenden Geruchs willen haben es etliche
#Text=
#Text=Aſa fœtida und Teufelsdreck genennet.
3-1	530-535	Dieſe	_	_	_	
3-2	536-545	herrliche	_	_	_	
3-3	546-551	Waare	_	_	_	
3-4	552-555	nun	_	_	_	
3-5	557-563	laſſen	_	_	_	
3-6	564-570	einige	_	_	_	
3-7	571-585	Tabuletkraͤmer	_	_	_	
3-8	586-593	trucken	_	_	_	
3-9	594-600	werden	_	_	_	
3-10	600-601	,	_	_	_	
3-11	602-605	und	_	_	_	
3-12	606-616	verkauffen	_	_	_	
3-13	617-620	ſie	_	_	_	
3-14	621-628	hernach	_	_	_	
3-15	629-632	den	_	_	_	
3-16	633-649	Spezereykraͤmern	_	_	_	
3-17	649-650	,	_	_	_	
3-18	651-662	Apotheckern	_	_	_	
3-19	663-666	und	_	_	_	
3-20	667-673	andern	_	_	_	
3-21	673-674	,	_	_	_	
3-22	675-678	die	_	_	_	
3-23	679-683	ſich	_	_	_	
3-24	684-689	nicht	_	_	_	
3-25	690-700	ſonderlich	_	_	_	
3-26	701-704	auf	_	_	_	
3-27	705-708	die	_	_	_	
3-28	709-720	Materialien	_	_	_	
3-29	721-730	verſtehen	_	_	_	
3-30	730-731	,	_	_	_	
3-31	732-736	fuͤr	_	_	_	
3-32	737-741	wahr	_	_	_	
3-33	741-742	-	_	_	_	
3-34	743-749	haften	_	_	_	
3-35	750-759	Judenleim	_	_	_	
3-36	759-760	,	_	_	_	
3-37	761-763	ob	_	_	_	
3-38	764-766	es	_	_	_	
3-39	767-772	ſchon	_	_	_	
3-40	773-778	gantz	_	_	_	
3-41	779-789	leichtlich	_	_	_	
3-42	790-792	an	_	_	_	
3-43	793-796	dem	_	_	_	
3-44	797-807	haͤßlichen	_	_	_	
3-45	808-818	Geſchmacke	_	_	_	
3-46	820-823	mag	_	_	_	
3-47	824-832	erkennet	_	_	_	
3-48	833-839	werden	_	_	_	
3-49	839-840	,	_	_	_	
3-50	841-843	da	_	_	_	
3-51	844-846	im	_	_	_	
3-52	847-852	Gegen	_	_	_	
3-53	852-853	-	_	_	_	
3-54	854-859	theil	_	_	_	
3-55	860-863	das	_	_	_	
3-56	864-870	rechte	_	_	_	
3-57	871-880	Judenpech	Smell\_Source	_	_	
3-58	881-885	faſt	Quality[2]	_	_	
3-59	886-889	gar	Quality[2]	_	_	
3-60	890-895	nicht	Quality[2]	_	_	
3-61	896-902	riecht	Smell\_Word	_	_	
3-62	902-903	:	_	_	_	
3-63	904-912	deswegen	_	_	_	
3-64	913-916	und	_	_	_	
3-65	917-919	um	_	_	_	
3-66	920-926	dieſes	_	_	_	
3-67	927-931	ſtin	Quality[3]	_	_	
3-68	931-932	-	Quality[3]	_	_	
3-69	933-940	ckenden	Quality[3]	_	_	
3-70	941-948	Geruchs	Smell\_Word	_	_	
3-71	949-955	willen	_	_	_	
3-72	956-961	haben	_	_	_	
3-73	962-964	es	_	_	_	
3-74	965-972	etliche	_	_	_	
3-75	974-977	Aſa	_	_	_	
3-76	978-984	fœtida	_	_	_	
3-77	985-988	und	_	_	_	
3-78	989-1001	Teufelsdreck	_	_	_	
3-79	1002-1010	genennet	_	_	_	
3-80	1010-1011	.	_	_	_	

#Text=Es giebt zwar noch eine gar groſſe
#Text=
#Text=Menge anderer Arten Hartz, die aus der
#Text=Erde kommen, allein, weil wir damit
#Text=nicht handeln, indem wir ſie nicht ha-
#Text=ben, deshalben will ich auch davon gar
#Text=nichts gedencken.
4-1	1015-1017	Es	_	_	_	
4-2	1018-1023	giebt	_	_	_	
4-3	1024-1028	zwar	_	_	_	
4-4	1029-1033	noch	_	_	_	
4-5	1034-1038	eine	_	_	_	
4-6	1039-1042	gar	_	_	_	
4-7	1043-1049	groſſe	_	_	_	
4-8	1051-1056	Menge	_	_	_	
4-9	1057-1064	anderer	_	_	_	
4-10	1065-1070	Arten	_	_	_	
4-11	1071-1076	Hartz	_	_	_	
4-12	1076-1077	,	_	_	_	
4-13	1078-1081	die	_	_	_	
4-14	1082-1085	aus	_	_	_	
4-15	1086-1089	der	_	_	_	
4-16	1090-1094	Erde	_	_	_	
4-17	1095-1101	kommen	_	_	_	
4-18	1101-1102	,	_	_	_	
4-19	1103-1109	allein	_	_	_	
4-20	1109-1110	,	_	_	_	
4-21	1111-1115	weil	_	_	_	
4-22	1116-1119	wir	_	_	_	
4-23	1120-1125	damit	_	_	_	
4-24	1126-1131	nicht	_	_	_	
4-25	1132-1139	handeln	_	_	_	
4-26	1139-1140	,	_	_	_	
4-27	1141-1146	indem	_	_	_	
4-28	1147-1150	wir	_	_	_	
4-29	1151-1154	ſie	_	_	_	
4-30	1155-1160	nicht	_	_	_	
4-31	1161-1163	ha	_	_	_	
4-32	1163-1164	-	_	_	_	
4-33	1165-1168	ben	_	_	_	
4-34	1168-1169	,	_	_	_	
4-35	1170-1179	deshalben	_	_	_	
4-36	1180-1184	will	_	_	_	
4-37	1185-1188	ich	_	_	_	
4-38	1189-1193	auch	_	_	_	
4-39	1194-1199	davon	_	_	_	
4-40	1200-1203	gar	_	_	_	
4-41	1204-1210	nichts	_	_	_	
4-42	1211-1220	gedencken	_	_	_	
4-43	1220-1221	.	_	_	_	

#Text=Das ſechzehende Capitel.
5-1	1226-1229	Das	_	_	_	
5-2	1230-1241	ſechzehende	_	_	_	
5-3	1242-1249	Capitel	_	_	_	
5-4	1249-1250	.	_	_	_	

#Text=Von der Jtalieniſchen Raphtha.
6-1	1253-1256	Von	_	_	_	
6-2	1257-1260	der	_	_	_	
6-3	1261-1274	Jtalieniſchen	_	_	_	
6-4	1275-1282	Raphtha	_	_	_	
6-5	1282-1283	.	_	_	_	
