#FORMAT=WebAnno TSV 3.3


#Text=Contenta Thoracis
#Text=varia sunt:
#Text=Fibrae nimirium motrices Crurum, Alarum; tum
#Text=
#Text=nonnullae
#Text=, quae Abdomini, aliae, quae Collo movendo destinantur.
1-1	0-8	Contenta	
1-2	9-17	Thoracis	
1-3	18-23	varia	
1-4	24-28	sunt	
1-5	28-29	:	
1-6	30-36	Fibrae	
1-7	37-45	nimirium	
1-8	46-54	motrices	
1-9	55-61	Crurum	
1-10	61-62	,	
1-11	63-69	Alarum	
1-12	69-70	;	
1-13	71-74	tum	
1-14	76-85	nonnullae	
1-15	86-87	,	
1-16	88-92	quae	
1-17	93-101	Abdomini	
1-18	101-102	,	
1-19	103-108	aliae	
1-20	108-109	,	
1-21	110-114	quae	
1-22	115-120	Collo	
1-23	121-128	movendo	
1-24	129-140	destinantur	
1-25	140-141	.	

#Text=Hae Fibrae
#Text=musculosae totum propemodum Thoracem replent.
2-1	142-145	Hae	
2-2	146-152	Fibrae	
2-3	153-163	musculosae	
2-4	164-169	totum	
2-5	170-180	propemodum	
2-6	181-189	Thoracem	
2-7	190-197	replent	
2-8	197-198	.	

#Text=Partes reliquae heic reperiundae
#Text=
#Text=sunt Fistulae Pulmonales, Pinguedo, Gula, & Medulla
#Text=Spinalis: quae quidem omnia
#Text=sicco nunc pede praeteri-
#Text=
#Text=
#Text=Eer ik nu tot de ontleeding der inwendige deelen gaa, soo sal ik nog eens herhaalen,
#Text=hoe dat de Byen haar geluyt alleen met de Vleugelen maaken, die vliesig dun ende
#Text=beweegelyk synde, met hulp der Schouderbladen, ende de uytgedreeve lucht uyt
#Text=de onderstaande Longpypen, dat ligt te weege brengen:
#Text=want geen Luchtopeningen,
#Text=daar wel op te letten is, gaan den mond uyt, behalven dat de engte van den Snuyt,
#Text=ook te nauw om de lucht in te moduleeren sou syn, in geval dat 'er iets uyt de Maag
#Text=kwam, daar ik wel lucht in gevonden heb.
3-1	199-205	Partes	
3-2	206-214	reliquae	
3-3	215-219	heic	
3-4	220-231	reperiundae	
3-5	233-237	sunt	
3-6	238-246	Fistulae	
3-7	247-257	Pulmonales	
3-8	257-258	,	
3-9	259-267	Pinguedo	
3-10	267-268	,	
3-11	269-273	Gula	
3-12	273-274	,	
3-13	275-276	&	
3-14	277-284	Medulla	
3-15	285-293	Spinalis	
3-16	293-294	:	
3-17	295-299	quae	
3-18	300-306	quidem	
3-19	307-312	omnia	
3-20	313-318	sicco	
3-21	319-323	nunc	
3-22	324-328	pede	
3-23	329-337	praeteri	
3-24	337-338	-	
3-25	341-344	Eer	
3-26	345-347	ik	
3-27	348-350	nu	
3-28	351-354	tot	
3-29	355-357	de	
3-30	358-368	ontleeding	
3-31	369-372	der	
3-32	373-382	inwendige	
3-33	383-389	deelen	
3-34	390-393	gaa	
3-35	393-394	,	
3-36	395-398	soo	
3-37	399-402	sal	
3-38	403-405	ik	
3-39	406-409	nog	
3-40	410-414	eens	
3-41	415-424	herhaalen	
3-42	424-425	,	
3-43	426-429	hoe	
3-44	430-433	dat	
3-45	434-436	de	
3-46	437-441	Byen	
3-47	442-446	haar	
3-48	447-453	geluyt	
3-49	454-460	alleen	
3-50	461-464	met	
3-51	465-467	de	
3-52	468-477	Vleugelen	
3-53	478-484	maaken	
3-54	484-485	,	
3-55	486-489	die	
3-56	490-497	vliesig	
3-57	498-501	dun	
3-58	502-506	ende	
3-59	507-517	beweegelyk	
3-60	518-523	synde	
3-61	523-524	,	
3-62	525-528	met	
3-63	529-533	hulp	
3-64	534-537	der	
3-65	538-552	Schouderbladen	
3-66	552-553	,	
3-67	554-558	ende	
3-68	559-561	de	
3-69	562-573	uytgedreeve	
3-70	574-579	lucht	
3-71	580-583	uyt	
3-72	584-586	de	
3-73	587-599	onderstaande	
3-74	600-609	Longpypen	
3-75	609-610	,	
3-76	611-614	dat	
3-77	615-619	ligt	
3-78	620-622	te	
3-79	623-628	weege	
3-80	629-636	brengen	
3-81	636-637	:	
3-82	638-642	want	
3-83	643-647	geen	
3-84	648-662	Luchtopeningen	
3-85	662-663	,	
3-86	664-668	daar	
3-87	669-672	wel	
3-88	673-675	op	
3-89	676-678	te	
3-90	679-685	letten	
3-91	686-688	is	
3-92	688-689	,	
3-93	690-694	gaan	
3-94	695-698	den	
3-95	699-703	mond	
3-96	704-707	uyt	
3-97	707-708	,	
3-98	709-717	behalven	
3-99	718-721	dat	
3-100	722-724	de	
3-101	725-730	engte	
3-102	731-734	van	
3-103	735-738	den	
3-104	739-744	Snuyt	
3-105	744-745	,	
3-106	746-749	ook	
3-107	750-752	te	
3-108	753-757	nauw	
3-109	758-760	om	
3-110	761-763	de	
3-111	764-769	lucht	
3-112	770-772	in	
3-113	773-775	te	
3-114	776-786	moduleeren	
3-115	787-790	sou	
3-116	791-794	syn	
3-117	794-795	,	
3-118	796-798	in	
3-119	799-804	geval	
3-120	805-808	dat	
3-121	809-810	'	
3-122	810-812	er	
3-123	813-817	iets	
3-124	818-821	uyt	
3-125	822-824	de	
3-126	825-829	Maag	
3-127	830-834	kwam	
3-128	834-835	,	
3-129	836-840	daar	
3-130	841-843	ik	
3-131	844-847	wel	
3-132	848-853	lucht	
3-133	854-856	in	
3-134	857-865	gevonden	
3-135	866-869	heb	
3-136	869-870	.	

#Text=Wonderlyk syn de Vleugelen der Vliegen
#Text=gemaakt, ter plaatse daar se haar geluyt formeeren:
#Text=hoewel egter dat het maaksel
#Text=van de eene Vlieg van dat der andere seer veel daar omtrent verschilt.
4-1	871-880	Wonderlyk	
4-2	881-884	syn	
4-3	885-887	de	
4-4	888-897	Vleugelen	
4-5	898-901	der	
4-6	902-909	Vliegen	
4-7	910-917	gemaakt	
4-8	917-918	,	
4-9	919-922	ter	
4-10	923-930	plaatse	
4-11	931-935	daar	
4-12	936-938	se	
4-13	939-943	haar	
4-14	944-950	geluyt	
4-15	951-960	formeeren	
4-16	960-961	:	
4-17	962-968	hoewel	
4-18	969-974	egter	
4-19	975-978	dat	
4-20	979-982	het	
4-21	983-990	maaksel	
4-22	991-994	van	
4-23	995-997	de	
4-24	998-1002	eene	
4-25	1003-1008	Vlieg	
4-26	1009-1012	van	
4-27	1013-1016	dat	
4-28	1017-1020	der	
4-29	1021-1027	andere	
4-30	1028-1032	seer	
4-31	1033-1037	veel	
4-32	1038-1042	daar	
4-33	1043-1050	omtrent	
4-34	1051-1060	verschilt	
4-35	1060-1061	.	

#Text=De
#Text=Sprinkhaanen, daar van maaken eenige haar geluyt, met de eene der Vleugelen
#Text=op de andere te zwaayen, alwaar dan een particulier deelken agter in de Vleugel
#Text=by de Borst van de Natuur geformeert is, dat als het klatergout beweegt synde, een
#Text=distinct geluyt geeft.
5-1	1062-1064	De	
5-2	1065-1077	Sprinkhaanen	
5-3	1077-1078	,	
5-4	1079-1083	daar	
5-5	1084-1087	van	
5-6	1088-1094	maaken	
5-7	1095-1101	eenige	
5-8	1102-1106	haar	
5-9	1107-1113	geluyt	
5-10	1113-1114	,	
5-11	1115-1118	met	
5-12	1119-1121	de	
5-13	1122-1126	eene	
5-14	1127-1130	der	
5-15	1131-1140	Vleugelen	
5-16	1141-1143	op	
5-17	1144-1146	de	
5-18	1147-1153	andere	
5-19	1154-1156	te	
5-20	1157-1164	zwaayen	
5-21	1164-1165	,	
5-22	1166-1172	alwaar	
5-23	1173-1176	dan	
5-24	1177-1180	een	
5-25	1181-1192	particulier	
5-26	1193-1200	deelken	
5-27	1201-1206	agter	
5-28	1207-1209	in	
5-29	1210-1212	de	
5-30	1213-1220	Vleugel	
5-31	1221-1223	by	
5-32	1224-1226	de	
5-33	1227-1232	Borst	
5-34	1233-1236	van	
5-35	1237-1239	de	
5-36	1240-1246	Natuur	
5-37	1247-1257	geformeert	
5-38	1258-1260	is	
5-39	1260-1261	,	
5-40	1262-1265	dat	
5-41	1266-1269	als	
5-42	1270-1273	het	
5-43	1274-1284	klatergout	
5-44	1285-1292	beweegt	
5-45	1293-1298	synde	
5-46	1298-1299	,	
5-47	1300-1303	een	
5-48	1304-1312	distinct	
5-49	1313-1319	geluyt	
5-50	1320-1325	geeft	
5-51	1325-1326	.	

#Text=Andere soorten van Sprinkhaanen stryken de Vleugelen tegens
#Text=de Beenen, en maaken soo haar geluyt.
6-1	1327-1333	Andere	
6-2	1334-1341	soorten	
6-3	1342-1345	van	
6-4	1346-1358	Sprinkhaanen	
6-5	1359-1366	stryken	
6-6	1367-1369	de	
6-7	1370-1379	Vleugelen	
6-8	1380-1386	tegens	
6-9	1387-1389	de	
6-10	1390-1396	Beenen	
6-11	1396-1397	,	
6-12	1398-1400	en	
6-13	1401-1407	maaken	
6-14	1408-1411	soo	
6-15	1412-1416	haar	
6-16	1417-1423	geluyt	
6-17	1423-1424	.	

#Text=De Krekel en Krekelmollen, die moduleeren
#Text=van gelyken de lucht, door middel van hare Vleugelen, dat een kriekent geluyt geeft.
7-1	1425-1427	De	
7-2	1428-1434	Krekel	
7-3	1435-1437	en	
7-4	1438-1450	Krekelmollen	
7-5	1450-1451	,	
7-6	1452-1455	die	
7-7	1456-1466	moduleeren	
7-8	1467-1470	van	
7-9	1471-1478	gelyken	
7-10	1479-1481	de	
7-11	1482-1487	lucht	
7-12	1487-1488	,	
7-13	1489-1493	door	
7-14	1494-1500	middel	
7-15	1501-1504	van	
7-16	1505-1509	hare	
7-17	1510-1519	Vleugelen	
7-18	1519-1520	,	
7-19	1521-1524	dat	
7-20	1525-1528	een	
7-21	1529-1537	kriekent	
7-22	1538-1544	geluyt	
7-23	1545-1550	geeft	
7-24	1550-1551	.	

#Text=De Krekel heeft twee bysondere trommelkens, eeven als onsen trommel in het Oor,
#Text=daar sy haar geluyt meede geeft, door middel van twee half ronde hoornbeenkens,
#Text=waar meede de lucht op dese trommelkens gezwaayt word.
8-1	1553-1555	De	
8-2	1556-1562	Krekel	
8-3	1563-1568	heeft	
8-4	1569-1573	twee	
8-5	1574-1583	bysondere	
8-6	1584-1595	trommelkens	
8-7	1595-1596	,	
8-8	1597-1602	eeven	
8-9	1603-1606	als	
8-10	1607-1612	onsen	
8-11	1613-1620	trommel	
8-12	1621-1623	in	
8-13	1624-1627	het	
8-14	1628-1631	Oor	
8-15	1631-1632	,	
8-16	1633-1637	daar	
8-17	1638-1640	sy	
8-18	1641-1645	haar	
8-19	1646-1652	geluyt	
8-20	1653-1658	meede	
8-21	1659-1664	geeft	
8-22	1664-1665	,	
8-23	1666-1670	door	
8-24	1671-1677	middel	
8-25	1678-1681	van	
8-26	1682-1686	twee	
8-27	1687-1691	half	
8-28	1692-1697	ronde	
8-29	1698-1711	hoornbeenkens	
8-30	1711-1712	,	
8-31	1713-1717	waar	
8-32	1718-1723	meede	
8-33	1724-1726	de	
8-34	1727-1732	lucht	
8-35	1733-1735	op	
8-36	1736-1740	dese	
8-37	1741-1752	trommelkens	
8-38	1753-1761	gezwaayt	
8-39	1762-1766	word	
8-40	1766-1767	.	

#Text=De Schalbyters maken
#Text=haar geluyt, met de hoornagtige deelen van haar Hooft tegens de articulatien der
#Text=
#Text=Jan Swammerdam, Bybel der natuure of historie der insecten.
9-1	1768-1770	De	
9-2	1771-1782	Schalbyters	
9-3	1783-1788	maken	
9-4	1789-1793	haar	
9-5	1794-1800	geluyt	
9-6	1800-1801	,	
9-7	1802-1805	met	
9-8	1806-1808	de	
9-9	1809-1820	hoornagtige	
9-10	1821-1827	deelen	
9-11	1828-1831	van	
9-12	1832-1836	haar	
9-13	1837-1842	Hooft	
9-14	1843-1849	tegens	
9-15	1850-1852	de	
9-16	1853-1865	articulatien	
9-17	1866-1869	der	
9-18	1871-1874	Jan	
9-19	1875-1885	Swammerdam	
9-20	1885-1886	,	
9-21	1887-1892	Bybel	
9-22	1893-1896	der	
9-23	1897-1904	natuure	
9-24	1905-1907	of	
9-25	1908-1916	historie	
9-26	1917-1920	der	
9-27	1921-1929	insecten	
9-28	1929-1930	.	

#Text=Deel 1
#Text=
#Text=\fBorst, en die der staart tegens de schaalen haarer Vleugelen sterk aan te vryven.
10-1	1931-1935	Deel	
10-2	1936-1937	1	
10-3	1940-1945	Borst	
10-4	1945-1946	,	
10-5	1947-1949	en	
10-6	1950-1953	die	
10-7	1954-1957	der	
10-8	1958-1964	staart	
10-9	1965-1971	tegens	
10-10	1972-1974	de	
10-11	1975-1983	schaalen	
10-12	1984-1990	haarer	
10-13	1991-2000	Vleugelen	
10-14	2001-2006	sterk	
10-15	2007-2010	aan	
10-16	2011-2013	te	
10-17	2014-2020	vryven	
10-18	2020-2021	.	
