#FORMAT=WebAnno TSV 3.3
#T_SP=custom.Span|label
#T_RL=custom.Relation|label|BT_custom.Span


#Text=Der Egyptiſche Schotendorn iſt in der
#Text=groͤſſe des Maulbeerbaums/ ein dornichter/
#Text=
#Text=ſtaudichter und krummer Baum/ hat ein
#Text=dunckel-aͤſchfarbe Rinde/ und bleichgelbes
#Text=Holtz: die Blaͤtter vergleichen ſich den Lin-
#Text=ſenblaͤttern/ ſtehen gegen einander uͤber/ und
#Text=ſind ſehr haͤuffig an den aͤſtlein.
1-1	3-6	Der	_	_	_	
1-2	7-17	Egyptiſche	Smell\_Source[1]	_	_	
1-3	18-29	Schotendorn	Smell\_Source[1]	_	_	
1-4	30-33	iſt	_	_	_	
1-5	34-36	in	_	_	_	
1-6	37-40	der	_	_	_	
1-7	41-48	groͤſſe	_	_	_	
1-8	49-52	des	_	_	_	
1-9	53-66	Maulbeerbaums	_	_	_	
1-10	66-67	/	_	_	_	
1-11	68-71	ein	_	_	_	
1-12	72-82	dornichter	_	_	_	
1-13	82-83	/	_	_	_	
1-14	85-96	ſtaudichter	_	_	_	
1-15	97-100	und	_	_	_	
1-16	101-108	krummer	_	_	_	
1-17	109-113	Baum	_	_	_	
1-18	113-114	/	_	_	_	
1-19	115-118	hat	_	_	_	
1-20	119-122	ein	_	_	_	
1-21	123-141	dunckel-aͤſchfarbe	_	_	_	
1-22	142-147	Rinde	_	_	_	
1-23	147-148	/	_	_	_	
1-24	149-152	und	_	_	_	
1-25	153-165	bleichgelbes	_	_	_	
1-26	166-171	Holtz	_	_	_	
1-27	171-172	:	_	_	_	
1-28	173-176	die	_	_	_	
1-29	177-185	Blaͤtter	_	_	_	
1-30	186-197	vergleichen	_	_	_	
1-31	198-202	ſich	_	_	_	
1-32	203-206	den	_	_	_	
1-33	207-210	Lin	_	_	_	
1-34	210-211	-	_	_	_	
1-35	212-224	ſenblaͤttern	_	_	_	
1-36	224-225	/	_	_	_	
1-37	226-232	ſtehen	_	_	_	
1-38	233-238	gegen	_	_	_	
1-39	239-247	einander	_	_	_	
1-40	248-253	uͤber	_	_	_	
1-41	253-254	/	_	_	_	
1-42	255-258	und	_	_	_	
1-43	259-263	ſind	_	_	_	
1-44	264-268	ſehr	_	_	_	
1-45	269-277	haͤuffig	_	_	_	
1-46	278-280	an	_	_	_	
1-47	281-284	den	_	_	_	
1-48	285-293	aͤſtlein	_	_	_	
1-49	293-294	.	_	_	_	

#Text=Die Bluͤ-
#Text=the iſt gelb/ ſehr ſchoͤn/ wolriechend/ rund
#Text=wie ein kuͤgelein zuſammen gedrungen/ und
#Text=ſo groß/ als kleine Kirſchen/ mit unzahlba-
#Text=ren faͤſerlein/ ſo ſtaub von ſich werffen/
#Text=ge-
#Text=zieret;
#Text=Auß dieſer Bluͤthe wachſen Schoten
#Text=
#Text=auß/ den ſchoten der Feigbonen nicht unaͤn-
#Text=
#Text=lich/ ſchwartzbraun an der farb/ lang/ und
#Text=ins gemein mit 8. biß 10. braunroten/ in ſon-
#Text=derbahren hoͤlen verſchloſſenen ſamen ange-
#Text=fuͤllet.
2-1	295-298	Die	_	_	_	
2-2	299-303	Bluͤ	Smell\_Source[2]	*	1-2[1_2]	
2-3	303-304	-	Smell\_Source[2]	_	_	
2-4	305-308	the	Smell\_Source[2]	_	_	
2-5	309-312	iſt	_	_	_	
2-6	313-317	gelb	_	_	_	
2-7	317-318	/	_	_	_	
2-8	319-323	ſehr	_	_	_	
2-9	324-330	ſchoͤn	_	_	_	
2-10	330-331	/	_	_	_	
2-11	332-343	wolriechend	Quality[3]|Smell\_Word[4]	*	2-2[2_4]	
2-12	343-344	/	_	_	_	
2-13	345-349	rund	_	_	_	
2-14	350-353	wie	_	_	_	
2-15	354-357	ein	_	_	_	
2-16	358-367	kuͤgelein	_	_	_	
2-17	368-376	zuſammen	_	_	_	
2-18	377-386	gedrungen	_	_	_	
2-19	386-387	/	_	_	_	
2-20	388-391	und	_	_	_	
2-21	392-394	ſo	_	_	_	
2-22	395-399	groß	_	_	_	
2-23	399-400	/	_	_	_	
2-24	401-404	als	_	_	_	
2-25	405-411	kleine	_	_	_	
2-26	412-420	Kirſchen	_	_	_	
2-27	420-421	/	_	_	_	
2-28	422-425	mit	_	_	_	
2-29	426-434	unzahlba	_	_	_	
2-30	434-435	-	_	_	_	
2-31	436-439	ren	_	_	_	
2-32	440-450	faͤſerlein	_	_	_	
2-33	450-451	/	_	_	_	
2-34	452-454	ſo	_	_	_	
2-35	455-460	ſtaub	_	_	_	
2-36	461-464	von	_	_	_	
2-37	465-469	ſich	_	_	_	
2-38	470-477	werffen	_	_	_	
2-39	477-478	/	_	_	_	
2-40	479-481	ge	_	_	_	
2-41	481-482	-	_	_	_	
2-42	483-489	zieret	_	_	_	
2-43	489-490	;	_	_	_	
2-44	491-494	Auß	_	_	_	
2-45	495-501	dieſer	_	_	_	
2-46	502-509	Bluͤthe	_	_	_	
2-47	510-517	wachſen	_	_	_	
2-48	518-525	Schoten	_	_	_	
2-49	527-530	auß	_	_	_	
2-50	530-531	/	_	_	_	
2-51	532-535	den	_	_	_	
2-52	536-543	ſchoten	_	_	_	
2-53	544-547	der	_	_	_	
2-54	548-557	Feigbonen	_	_	_	
2-55	558-563	nicht	_	_	_	
2-56	564-569	unaͤn	_	_	_	
2-57	569-570	-	_	_	_	
2-58	572-576	lich	_	_	_	
2-59	576-577	/	_	_	_	
2-60	578-591	ſchwartzbraun	_	_	_	
2-61	592-594	an	_	_	_	
2-62	595-598	der	_	_	_	
2-63	599-603	farb	_	_	_	
2-64	603-604	/	_	_	_	
2-65	605-609	lang	_	_	_	
2-66	609-610	/	_	_	_	
2-67	611-614	und	_	_	_	
2-68	615-618	ins	_	_	_	
2-69	619-625	gemein	_	_	_	
2-70	626-629	mit	_	_	_	
2-71	630-631	8	_	_	_	
2-72	631-632	.	_	_	_	
2-73	633-636	biß	_	_	_	
2-74	637-639	10	_	_	_	
2-75	639-640	.	_	_	_	
2-76	641-651	braunroten	_	_	_	
2-77	651-652	/	_	_	_	
2-78	653-655	in	_	_	_	
2-79	656-659	ſon	_	_	_	
2-80	659-660	-	_	_	_	
2-81	661-670	derbahren	_	_	_	
2-82	671-677	hoͤlen	_	_	_	
2-83	678-692	verſchloſſenen	_	_	_	
2-84	693-698	ſamen	_	_	_	
2-85	699-703	ange	_	_	_	
2-86	703-704	-	_	_	_	
2-87	705-712	fuͤllet	_	_	_	
2-88	712-713	.	_	_	_	

#Text=Auß den unreiffen ſchoten und ſamen
#Text=wird ein ſafft gemacht/ und an der Sonnen
#Text=
#Text=getrucknet/ den nennet man auch Acaciæ
#Text=ſuccum, wiewohl man jhn ſelten warhafftig
#Text=zu uns bringet/
#Text=denn die Acacia, ſo jetzt die
#Text=Apothecker brauchen/ iſt ein ſafft von den
#Text=Schlehen: dieweil aber dieſer ſehr zuſammen-
#Text=ziehet/ wird er nicht vnbillich an ſtatt des
#Text=wahren Acaciæ genommen.
3-1	714-717	Auß	_	_	_	
3-2	718-721	den	_	_	_	
3-3	722-731	unreiffen	_	_	_	
3-4	732-739	ſchoten	_	_	_	
3-5	740-743	und	_	_	_	
3-6	744-749	ſamen	_	_	_	
3-7	750-754	wird	_	_	_	
3-8	755-758	ein	_	_	_	
3-9	759-764	ſafft	_	_	_	
3-10	765-772	gemacht	_	_	_	
3-11	772-773	/	_	_	_	
3-12	774-777	und	_	_	_	
3-13	778-780	an	_	_	_	
3-14	781-784	der	_	_	_	
3-15	785-791	Sonnen	_	_	_	
3-16	793-803	getrucknet	_	_	_	
3-17	803-804	/	_	_	_	
3-18	805-808	den	_	_	_	
3-19	809-815	nennet	_	_	_	
3-20	816-819	man	_	_	_	
3-21	820-824	auch	_	_	_	
3-22	825-831	Acaciæ	_	_	_	
3-23	832-838	ſuccum	_	_	_	
3-24	838-839	,	_	_	_	
3-25	840-847	wiewohl	_	_	_	
3-26	848-851	man	_	_	_	
3-27	852-855	jhn	_	_	_	
3-28	856-862	ſelten	_	_	_	
3-29	863-873	warhafftig	_	_	_	
3-30	874-876	zu	_	_	_	
3-31	877-880	uns	_	_	_	
3-32	881-888	bringet	_	_	_	
3-33	888-889	/	_	_	_	
3-34	890-894	denn	_	_	_	
3-35	895-898	die	_	_	_	
3-36	899-905	Acacia	_	_	_	
3-37	905-906	,	_	_	_	
3-38	907-909	ſo	_	_	_	
3-39	910-915	jetzt	_	_	_	
3-40	916-919	die	_	_	_	
3-41	920-930	Apothecker	_	_	_	
3-42	931-939	brauchen	_	_	_	
3-43	939-940	/	_	_	_	
3-44	941-944	iſt	_	_	_	
3-45	945-948	ein	_	_	_	
3-46	949-954	ſafft	_	_	_	
3-47	955-958	von	_	_	_	
3-48	959-962	den	_	_	_	
3-49	963-971	Schlehen	_	_	_	
3-50	971-972	:	_	_	_	
3-51	973-980	dieweil	_	_	_	
3-52	981-985	aber	_	_	_	
3-53	986-992	dieſer	_	_	_	
3-54	993-997	ſehr	_	_	_	
3-55	998-1006	zuſammen	_	_	_	
3-56	1006-1007	-	_	_	_	
3-57	1008-1014	ziehet	_	_	_	
3-58	1014-1015	/	_	_	_	
3-59	1016-1020	wird	_	_	_	
3-60	1021-1023	er	_	_	_	
3-61	1024-1029	nicht	_	_	_	
3-62	1030-1039	vnbillich	_	_	_	
3-63	1040-1042	an	_	_	_	
3-64	1043-1048	ſtatt	_	_	_	
3-65	1049-1052	des	_	_	_	
3-66	1053-1059	wahren	_	_	_	
3-67	1060-1066	Acaciæ	_	_	_	
3-68	1067-1075	genommen	_	_	_	
3-69	1075-1076	.	_	_	_	

#Text=Der ſafft ſoll er-
#Text=wehlet werden/ welcher ſchwartzlicht und
#Text=bleichroth iſt/ auch einen guten geruch hat.
4-1	1077-1080	Der	_	_	_	
4-2	1081-1086	ſafft	Smell\_Source	_	_	
4-3	1087-1091	ſoll	_	_	_	
4-4	1092-1094	er	_	_	_	
4-5	1094-1095	-	_	_	_	
4-6	1096-1102	wehlet	_	_	_	
4-7	1103-1109	werden	_	_	_	
4-8	1109-1110	/	_	_	_	
4-9	1111-1118	welcher	_	_	_	
4-10	1119-1132	ſchwartzlicht	_	_	_	
4-11	1133-1136	und	_	_	_	
4-12	1137-1147	bleichroth	_	_	_	
4-13	1148-1151	iſt	_	_	_	
4-14	1151-1152	/	_	_	_	
4-15	1153-1157	auch	_	_	_	
4-16	1158-1163	einen	_	_	_	
4-17	1164-1169	guten	Quality	_	_	
4-18	1170-1176	geruch	Smell\_Word	*|*	4-2|4-17	
4-19	1177-1180	hat	_	_	_	
4-20	1180-1181	.	_	_	_	

#Text=Eigenſchafft.
5-1	1185-1197	Eigenſchafft	_	_	_	
5-2	1197-1198	.	_	_	_	

#Text=Dieſer Baum/ und ſonderlich der davon
#Text=gebrauchte ſafft hat viel waſſerichte/ mit
#Text=herbem rauchem ſaltz vermiſchte/ auch ir-
#Text=diſche theil in ſich/ und dadurch die krafft zu
#Text=kuͤhlen und zuſam̃enzuziehen.
6-1	1200-1206	Dieſer	_	_	_	
6-2	1207-1211	Baum	_	_	_	
6-3	1211-1212	/	_	_	_	
6-4	1213-1216	und	_	_	_	
6-5	1217-1227	ſonderlich	_	_	_	
6-6	1228-1231	der	_	_	_	
6-7	1232-1237	davon	_	_	_	
6-8	1238-1248	gebrauchte	_	_	_	
6-9	1249-1254	ſafft	_	_	_	
6-10	1255-1258	hat	_	_	_	
6-11	1259-1263	viel	_	_	_	
6-12	1264-1275	waſſerichte	_	_	_	
6-13	1275-1276	/	_	_	_	
6-14	1277-1280	mit	_	_	_	
6-15	1281-1287	herbem	_	_	_	
6-16	1288-1295	rauchem	_	_	_	
6-17	1296-1301	ſaltz	_	_	_	
6-18	1302-1312	vermiſchte	_	_	_	
6-19	1312-1313	/	_	_	_	
6-20	1314-1318	auch	_	_	_	
6-21	1319-1321	ir	_	_	_	
6-22	1321-1322	-	_	_	_	
6-23	1323-1329	diſche	_	_	_	
6-24	1330-1335	theil	_	_	_	
6-25	1336-1338	in	_	_	_	
6-26	1339-1343	ſich	_	_	_	
6-27	1343-1344	/	_	_	_	
6-28	1345-1348	und	_	_	_	
6-29	1349-1356	dadurch	_	_	_	
6-30	1357-1360	die	_	_	_	
6-31	1361-1367	krafft	_	_	_	
6-32	1368-1370	zu	_	_	_	
6-33	1371-1378	kuͤhlen	_	_	_	
6-34	1379-1382	und	_	_	_	
6-35	1383-1399	zuſam̃enzuziehen	_	_	_	
6-36	1399-1400	.	_	_	_	

#Text=Wird von den
#Text=alten fuͤr kuͤhlend und trucknend gehalten.
7-1	1401-1405	Wird	_	_	_	
7-2	1406-1409	von	_	_	_	
7-3	1410-1413	den	_	_	_	
7-4	1414-1419	alten	_	_	_	
7-5	1420-1424	fuͤr	_	_	_	
7-6	1425-1433	kuͤhlend	_	_	_	
7-7	1434-1437	und	_	_	_	
7-8	1438-1447	trucknend	_	_	_	
7-9	1448-1456	gehalten	_	_	_	
7-10	1456-1457	.	_	_	_	

#Text=Gebrauch.
8-1	1461-1469	Gebrauch	_	_	_	
8-2	1469-1470	.	_	_	_	

#Text=Dieſer ſafft hilfft wider die Geſchwaͤr/
#Text=ſo
#Text=weiter umb ſich freſſen/ und dienet auch zu
#Text=den Geſchwaͤren der Naͤgeln.
9-1	1472-1478	Dieſer	_	_	_	
9-2	1479-1484	ſafft	_	_	_	
9-3	1485-1491	hilfft	_	_	_	
9-4	1492-1497	wider	_	_	_	
9-5	1498-1501	die	_	_	_	
9-6	1502-1511	Geſchwaͤr	_	_	_	
9-7	1511-1512	/	_	_	_	
9-8	1513-1515	ſo	_	_	_	
9-9	1516-1522	weiter	_	_	_	
9-10	1523-1526	umb	_	_	_	
9-11	1527-1531	ſich	_	_	_	
9-12	1532-1539	freſſen	_	_	_	
9-13	1539-1540	/	_	_	_	
9-14	1541-1544	und	_	_	_	
9-15	1545-1551	dienet	_	_	_	
9-16	1552-1556	auch	_	_	_	
9-17	1557-1559	zu	_	_	_	
9-18	1560-1563	den	_	_	_	
9-19	1564-1575	Geſchwaͤren	_	_	_	
9-20	1576-1579	der	_	_	_	
9-21	1580-1587	Naͤgeln	_	_	_	
9-22	1587-1588	.	_	_	_	

#Text=Arabiſch Gummi/
10-1	1592-1600	Arabiſch	_	_	_	
10-2	1601-1606	Gummi	_	_	_	
10-3	1606-1607	/	_	_	_	
