#FORMAT=WebAnno TSV 3.3
#T_SP=custom.Span|label
#T_RL=custom.Relation|label|BT_custom.Span


#Text=langſam, aber vollkommen;
#Text=die Löſung ſchmeckt ſcharf ſalzig und
#Text=reagiert alkaliſch.
1-1	2-9	langſam	_	_	_	
1-2	9-10	,	_	_	_	
1-3	11-15	aber	_	_	_	
1-4	16-26	vollkommen	_	_	_	
1-5	26-27	;	_	_	_	
1-6	28-31	die	_	_	_	
1-7	32-38	Löſung	_	_	_	
1-8	39-47	ſchmeckt	_	_	_	
1-9	48-54	ſcharf	_	_	_	
1-10	55-61	ſalzig	_	_	_	
1-11	62-65	und	_	_	_	
1-12	66-74	reagiert	_	_	_	
1-13	75-84	alkaliſch	_	_	_	
1-14	84-85	.	_	_	_	

#Text=Es wird fabrikmäßig durch Sublimation von ſchwefel-
#Text=ſaurem Ammoniak und Kreide gewonnen.
2-1	86-88	Es	_	_	_	
2-2	89-93	wird	_	_	_	
2-3	94-105	fabrikmäßig	_	_	_	
2-4	106-111	durch	_	_	_	
2-5	112-123	Sublimation	_	_	_	
2-6	124-127	von	_	_	_	
2-7	128-136	ſchwefel	_	_	_	
2-8	136-137	-	_	_	_	
2-9	138-144	ſaurem	_	_	_	
2-10	145-153	Ammoniak	_	_	_	
2-11	154-157	und	_	_	_	
2-12	158-164	Kreide	_	_	_	
2-13	165-173	gewonnen	_	_	_	
2-14	173-174	.	_	_	_	

#Text=Da es an der Luft Ammoniak-
#Text=gas abgibt, muß es in verſchloſſenen Gefäßen aufbewahrt werden.
#Text=— An-
#Text=wendung:
#Text=In gleicher Weiſe wie der Salmiakgeiſt zum Neutraliſieren.
3-1	175-177	Da	_	_	_	
3-2	178-180	es	_	_	_	
3-3	181-183	an	_	_	_	
3-4	184-187	der	_	_	_	
3-5	188-192	Luft	_	_	_	
3-6	193-201	Ammoniak	_	_	_	
3-7	201-202	-	_	_	_	
3-8	203-206	gas	_	_	_	
3-9	207-213	abgibt	_	_	_	
3-10	213-214	,	_	_	_	
3-11	215-218	muß	_	_	_	
3-12	219-221	es	_	_	_	
3-13	222-224	in	_	_	_	
3-14	225-239	verſchloſſenen	_	_	_	
3-15	240-247	Gefäßen	_	_	_	
3-16	248-258	aufbewahrt	_	_	_	
3-17	259-265	werden	_	_	_	
3-18	265-266	.	_	_	_	
3-19	267-268	—	_	_	_	
3-20	269-271	An	_	_	_	
3-21	271-272	-	_	_	_	
3-22	273-280	wendung	_	_	_	
3-23	280-281	:	_	_	_	
3-24	282-284	In	_	_	_	
3-25	285-293	gleicher	_	_	_	
3-26	294-299	Weiſe	_	_	_	
3-27	300-303	wie	_	_	_	
3-28	304-307	der	_	_	_	
3-29	308-320	Salmiakgeiſt	_	_	_	
3-30	321-324	zum	_	_	_	
3-31	325-339	Neutraliſieren	_	_	_	
3-32	339-340	.	_	_	_	

#Text=Neuerdings iſt es von Liechti zum Fixieren von Thonerde auf
#Text=Baum-
#Text=
#Text=wolle empfohlen worden.
#Text=
#Text=
#Text=2.
4-1	342-352	Neuerdings	_	_	_	
4-2	353-356	iſt	_	_	_	
4-3	357-359	es	_	_	_	
4-4	360-363	von	_	_	_	
4-5	364-371	Liechti	_	_	_	
4-6	372-375	zum	_	_	_	
4-7	376-384	Fixieren	_	_	_	
4-8	385-388	von	_	_	_	
4-9	389-397	Thonerde	_	_	_	
4-10	398-401	auf	_	_	_	
4-11	402-406	Baum	_	_	_	
4-12	406-407	-	_	_	_	
4-13	409-414	wolle	_	_	_	
4-14	415-424	empfohlen	_	_	_	
4-15	425-431	worden	_	_	_	
4-16	431-432	.	_	_	_	
4-17	435-436	2	_	_	_	
4-18	436-437	.	_	_	_	

#Text=Chlorammonium, Salmiak, NH4 Cl, kommt entweder in großen,
#Text=weißen, längsfaſerigen Kuchen oder in kleinen Kryſtallen vor;
#Text=er beſitzt
#Text=einen ſtechend ſalzigen Geſchmack, iſt luftbeſtändig, geruchlos, beim Erhitzen
#Text=
#Text=ohne Rückſtand flüchtig, in 3 Teilen kaltem, 1 Teil ſiedendem Waſſer lös-
#Text=lich;
#Text=die Löſung darf weder blaues noch rotes Lackmuspapier verändern.
5-1	438-451	Chlorammonium	Smell\_Source	_	_	
5-2	451-452	,	_	_	_	
5-3	453-460	Salmiak	Smell\_Source	_	_	
5-4	460-461	,	_	_	_	
5-5	462-465	NH4	Smell\_Source[1]	_	_	
5-6	466-468	Cl	Smell\_Source[1]	_	_	
5-7	468-469	,	_	_	_	
5-8	470-475	kommt	_	_	_	
5-9	476-484	entweder	_	_	_	
5-10	485-487	in	_	_	_	
5-11	488-494	großen	_	_	_	
5-12	494-495	,	_	_	_	
5-13	496-502	weißen	_	_	_	
5-14	502-503	,	_	_	_	
5-15	504-518	längsfaſerigen	_	_	_	
5-16	519-525	Kuchen	_	_	_	
5-17	526-530	oder	_	_	_	
5-18	531-533	in	_	_	_	
5-19	534-541	kleinen	_	_	_	
5-20	542-552	Kryſtallen	_	_	_	
5-21	553-556	vor	_	_	_	
5-22	556-557	;	_	_	_	
5-23	558-560	er	_	_	_	
5-24	561-568	beſitzt	_	_	_	
5-25	569-574	einen	_	_	_	
5-26	575-583	ſtechend	_	_	_	
5-27	584-592	ſalzigen	_	_	_	
5-28	593-602	Geſchmack	_	_	_	
5-29	602-603	,	_	_	_	
5-30	604-607	iſt	_	_	_	
5-31	608-621	luftbeſtändig	_	_	_	
5-32	621-622	,	_	_	_	
5-33	623-632	geruchlos	Quality[2]|Smell\_Word[3]	*|*|*	5-1[0_3]|5-3[0_3]|5-5[1_3]	
5-34	632-633	,	_	_	_	
5-35	634-638	beim	_	_	_	
5-36	639-647	Erhitzen	_	_	_	
5-37	649-653	ohne	_	_	_	
5-38	654-663	Rückſtand	_	_	_	
5-39	664-672	flüchtig	_	_	_	
5-40	672-673	,	_	_	_	
5-41	674-676	in	_	_	_	
5-42	677-678	3	_	_	_	
5-43	679-685	Teilen	_	_	_	
5-44	686-692	kaltem	_	_	_	
5-45	692-693	,	_	_	_	
5-46	694-695	1	_	_	_	
5-47	696-700	Teil	_	_	_	
5-48	701-710	ſiedendem	_	_	_	
5-49	711-717	Waſſer	_	_	_	
5-50	718-721	lös	_	_	_	
5-51	721-722	-	_	_	_	
5-52	723-727	lich	_	_	_	
5-53	727-728	;	_	_	_	
5-54	729-732	die	_	_	_	
5-55	733-739	Löſung	_	_	_	
5-56	740-744	darf	_	_	_	
5-57	745-750	weder	_	_	_	
5-58	751-757	blaues	_	_	_	
5-59	758-762	noch	_	_	_	
5-60	763-768	rotes	_	_	_	
5-61	769-782	Lackmuspapier	_	_	_	
5-62	783-792	verändern	_	_	_	
5-63	792-793	.	_	_	_	

#Text=Der Salmiak in Kruſten wird durch Sublimation von ſchwefelſaurem Am-
#Text=moniak mit Kochſalz, der kryſtalliſierte Salmiak durch Einleiten von Am-
#Text=moniakgas in Salzſäure, und Eindampfen der erhaltenen Löſung bis zur
#Text=Kryſtalliſation gewonnen.
6-1	796-799	Der	_	_	_	
6-2	800-807	Salmiak	_	_	_	
6-3	808-810	in	_	_	_	
6-4	811-818	Kruſten	_	_	_	
6-5	819-823	wird	_	_	_	
6-6	824-829	durch	_	_	_	
6-7	830-841	Sublimation	_	_	_	
6-8	842-845	von	_	_	_	
6-9	846-860	ſchwefelſaurem	_	_	_	
6-10	861-863	Am	_	_	_	
6-11	863-864	-	_	_	_	
6-12	865-871	moniak	_	_	_	
6-13	872-875	mit	_	_	_	
6-14	876-884	Kochſalz	_	_	_	
6-15	884-885	,	_	_	_	
6-16	886-889	der	_	_	_	
6-17	890-905	kryſtalliſierte	_	_	_	
6-18	906-913	Salmiak	_	_	_	
6-19	914-919	durch	_	_	_	
6-20	920-929	Einleiten	_	_	_	
6-21	930-933	von	_	_	_	
6-22	934-936	Am	_	_	_	
6-23	936-937	-	_	_	_	
6-24	938-947	moniakgas	_	_	_	
6-25	948-950	in	_	_	_	
6-26	951-960	Salzſäure	_	_	_	
6-27	960-961	,	_	_	_	
6-28	962-965	und	_	_	_	
6-29	966-976	Eindampfen	_	_	_	
6-30	977-980	der	_	_	_	
6-31	981-991	erhaltenen	_	_	_	
6-32	992-998	Löſung	_	_	_	
6-33	999-1002	bis	_	_	_	
6-34	1003-1006	zur	_	_	_	
6-35	1007-1022	Kryſtalliſation	_	_	_	
6-36	1023-1031	gewonnen	_	_	_	
6-37	1031-1032	.	_	_	_	

#Text=Der kryſtalliſierte Salmiak zieht Waſſer aus der
#Text=Luft an.
7-1	1033-1036	Der	_	_	_	
7-2	1037-1052	kryſtalliſierte	_	_	_	
7-3	1053-1060	Salmiak	_	_	_	
7-4	1061-1066	zieht	_	_	_	
7-5	1067-1073	Waſſer	_	_	_	
7-6	1074-1077	aus	_	_	_	
7-7	1078-1081	der	_	_	_	
7-8	1082-1086	Luft	_	_	_	
7-9	1087-1089	an	_	_	_	
7-10	1089-1090	.	_	_	_	

#Text=Der Salmiak des Handels enthält 94 Proz.
8-1	1091-1094	Der	_	_	_	
8-2	1095-1102	Salmiak	_	_	_	
8-3	1103-1106	des	_	_	_	
8-4	1107-1114	Handels	_	_	_	
8-5	1115-1122	enthält	_	_	_	
8-6	1123-1125	94	_	_	_	
8-7	1126-1130	Proz	_	_	_	
8-8	1130-1131	.	_	_	_	

#Text=Chlorammonium.
9-1	1132-1145	Chlorammonium	_	_	_	
9-2	1145-1146	.	_	_	_	

#Text=Er iſt
#Text=nicht ſelten mit ſchwefelſaurem Ammoniak (von der Fabrikation her) verun-
#Text=reinigt.
10-1	1147-1149	Er	_	_	_	
10-2	1150-1153	iſt	_	_	_	
10-3	1154-1159	nicht	_	_	_	
10-4	1160-1166	ſelten	_	_	_	
10-5	1167-1170	mit	_	_	_	
10-6	1171-1185	ſchwefelſaurem	_	_	_	
10-7	1186-1194	Ammoniak	_	_	_	
10-8	1195-1196	(	_	_	_	
10-9	1196-1199	von	_	_	_	
10-10	1200-1203	der	_	_	_	
10-11	1204-1215	Fabrikation	_	_	_	
10-12	1216-1219	her	_	_	_	
10-13	1219-1220	)	_	_	_	
10-14	1221-1226	verun	_	_	_	
10-15	1226-1227	-	_	_	_	
10-16	1228-1235	reinigt	_	_	_	
10-17	1235-1236	.	_	_	_	

#Text=Ein ſolcher Gehalt ergibt ſich beim Verſetzen der verdünnten Salmiak-
#Text=löſung mit einer Löſung von ſalpeterſaurem Baryt durch eine weiße Trü-
#Text=bung.
11-1	1237-1240	Ein	_	_	_	
11-2	1241-1248	ſolcher	_	_	_	
11-3	1249-1255	Gehalt	_	_	_	
11-4	1256-1262	ergibt	_	_	_	
11-5	1263-1267	ſich	_	_	_	
11-6	1268-1272	beim	_	_	_	
11-7	1273-1282	Verſetzen	_	_	_	
11-8	1283-1286	der	_	_	_	
11-9	1287-1297	verdünnten	_	_	_	
11-10	1298-1305	Salmiak	_	_	_	
11-11	1305-1306	-	_	_	_	
11-12	1307-1313	löſung	_	_	_	
11-13	1314-1317	mit	_	_	_	
11-14	1318-1323	einer	_	_	_	
11-15	1324-1330	Löſung	_	_	_	
11-16	1331-1334	von	_	_	_	
11-17	1335-1349	ſalpeterſaurem	_	_	_	
11-18	1350-1355	Baryt	_	_	_	
11-19	1356-1361	durch	_	_	_	
11-20	1362-1366	eine	_	_	_	
11-21	1367-1372	weiße	_	_	_	
11-22	1373-1376	Trü	_	_	_	
11-23	1376-1377	-	_	_	_	
11-24	1378-1382	bung	_	_	_	
11-25	1382-1383	.	_	_	_	
