#FORMAT=WebAnno TSV 3.3


#Text=.
1-1	2-3	.	

#Text=Wt de Hebreische sprake in Nederduitschen dichte3
#Text=
#Text=
#Text=+
#Text=
#Text=Maer sy sijn
#Text=al geweken int gemeen,
#Text=End leyden tsaem een onnut stinckend leven:
#Text=
#Text=Daer is niet een, die sick meer wilt begeven
#Text=
#Text=Tot eenig goet, beyd' onder groot end kleen,
#Text=Ia oock niet een
2-1	4-6	Wt	
2-2	7-9	de	
2-3	10-20	Hebreische	
2-4	21-27	sprake	
2-5	28-30	in	
2-6	31-45	Nederduitschen	
2-7	46-53	dichte3	
2-8	56-57	+	
2-9	59-63	Maer	
2-10	64-66	sy	
2-11	67-71	sijn	
2-12	72-74	al	
2-13	75-82	geweken	
2-14	83-86	int	
2-15	87-93	gemeen	
2-16	93-94	,	
2-17	95-98	End	
2-18	99-105	leyden	
2-19	106-111	tsaem	
2-20	112-115	een	
2-21	116-121	onnut	
2-22	122-131	stinckend	
2-23	132-137	leven	
2-24	137-138	:	
2-25	140-144	Daer	
2-26	145-147	is	
2-27	148-152	niet	
2-28	153-156	een	
2-29	156-157	,	
2-30	158-161	die	
2-31	162-166	sick	
2-32	167-171	meer	
2-33	172-176	wilt	
2-34	177-184	begeven	
2-35	186-189	Tot	
2-36	190-195	eenig	
2-37	196-200	goet	
2-38	200-201	,	
2-39	202-206	beyd	
2-40	206-207	'	
2-41	208-213	onder	
2-42	214-219	groot	
2-43	220-223	end	
2-44	224-229	kleen	
2-45	229-230	,	
2-46	231-233	Ia	
2-47	234-238	oock	
2-48	239-243	niet	
2-49	244-247	een	

#Text=.
3-1	247-248	.	

#Text=+
#Text=
#Text=
#Text=Sy sijn alle afgeweken,
#Text=sy sijn tsamen stinckende
#Text=geworden, niemant en
#Text=doet goet, ia oock niet
#Text=een.
4-1	250-251	+	
4-2	254-256	Sy	
4-3	257-261	sijn	
4-4	262-266	alle	
4-5	267-276	afgeweken	
4-6	276-277	,	
4-7	278-280	sy	
4-8	281-285	sijn	
4-9	286-292	tsamen	
4-10	293-303	stinckende	
4-11	304-312	geworden	
4-12	312-313	,	
4-13	314-321	niemant	
4-14	322-324	en	
4-15	325-329	doet	
4-16	330-334	goet	
4-17	334-335	,	
4-18	336-338	ia	
4-19	339-343	oock	
4-20	344-348	niet	
4-21	349-352	een	
4-22	352-353	.	

#Text=Philips van Marnix van Sint Aldegonde, Het boeck der Psalmen.
5-1	355-362	Philips	
5-2	363-366	van	
5-3	367-373	Marnix	
5-4	374-377	van	
5-5	378-382	Sint	
5-6	383-392	Aldegonde	
5-7	392-393	,	
5-8	394-397	Het	
5-9	398-403	boeck	
5-10	404-407	der	
5-11	408-415	Psalmen	
5-12	415-416	.	

#Text=Wt de Hebreische sprake in Nederduitschen dichte*
#Text=[
#Text=4]
#Text=
#Text=Philips van Marnix van Sint Aldegonde, Het boeck der Psalmen
#Text=.
6-1	417-419	Wt	
6-2	420-422	de	
6-3	423-433	Hebreische	
6-4	434-440	sprake	
6-5	441-443	in	
6-6	444-458	Nederduitschen	
6-7	459-465	dichte	
6-8	465-466	*	
6-9	467-468	[	
6-10	469-470	4	
6-11	470-471	]	
6-12	473-480	Philips	
6-13	481-484	van	
6-14	485-491	Marnix	
6-15	492-495	van	
6-16	496-500	Sint	
6-17	501-510	Aldegonde	
6-18	510-511	,	
6-19	512-515	Het	
6-20	516-521	boeck	
6-21	522-525	der	
6-22	526-533	Psalmen	
6-23	534-535	.	

#Text=Wt de Hebreische sprake in Nederduitschen dichte4
#Text=
#Text=
#Text=+
#Text=
#Text=Ist mogelijck, dat dese niets verstaen
7-1	536-538	Wt	
7-2	539-541	de	
7-3	542-552	Hebreische	
7-4	553-559	sprake	
7-5	560-562	in	
7-6	563-577	Nederduitschen	
7-7	578-585	dichte4	
7-8	588-589	+	
7-9	591-594	Ist	
7-10	595-604	mogelijck	
7-11	604-605	,	
7-12	606-609	dat	
7-13	610-614	dese	
7-14	615-620	niets	
7-15	621-629	verstaen	
