#FORMAT=WebAnno TSV 3.3


#Text=Non poffum tamen consentire Ill.
1-1	2-5	Non	
1-2	6-12	poffum	
1-3	13-18	tamen	
1-4	19-29	consentire	
1-5	30-33	Ill	
1-6	33-34	.	

#Text=FRANK.
#Text=qui (Abhandlung iiber eine gesunde Kindererziehung pag.
#Text=71.)
#Text=infantum et adolefcentulorum per.
2-1	35-40	FRANK	
2-2	40-41	.	
2-3	42-45	qui	
2-4	46-47	(	
2-5	47-57	Abhandlung	
2-6	58-63	iiber	
2-7	64-68	eine	
2-8	69-76	gesunde	
2-9	77-92	Kindererziehung	
2-10	93-96	pag	
2-11	96-97	.	
2-12	98-100	71	
2-13	100-101	.	
2-14	101-102	)	
2-15	103-111	infantum	
2-16	112-114	et	
2-17	115-131	adolefcentulorum	
2-18	132-135	per	
2-19	135-136	.	

#Text="spirationenı senibus falutarem esse contendit.
3-1	137-138	"	
3-2	138-150	spirationenı	
3-3	151-158	senibus	
3-4	159-168	falutarem	
3-5	169-173	esse	
3-6	174-183	contendit	
3-7	183-184	.	

#Text=Sed persuasum mihi eft,
#Text=
#Text=calorem illorum frigidis fenum corporibus prodeffe pofle,
#Text=
#Text=
#Text=
#Text=
#Text=
#Text=Quod atttinet fexum, viri caeteris paribus acrius olere dicuntur, quam feminae t).
4-1	185-188	Sed	
4-2	189-198	persuasum	
4-3	199-203	mihi	
4-4	204-207	eft	
4-5	207-208	,	
4-6	210-217	calorem	
4-7	218-225	illorum	
4-8	226-234	frigidis	
4-9	235-240	fenum	
4-10	241-251	corporibus	
4-11	252-260	prodeffe	
4-12	261-266	pofle	
4-13	266-267	,	
4-14	273-277	Quod	
4-15	278-286	atttinet	
4-16	287-292	fexum	
4-17	292-293	,	
4-18	294-298	viri	
4-19	299-307	caeteris	
4-20	308-315	paribus	
4-21	316-322	acrius	
4-22	323-328	olere	
4-23	329-337	dicuntur	
4-24	337-338	,	
4-25	339-343	quam	
4-26	344-351	feminae	
4-27	352-353	t	
4-28	353-354	)	
4-29	354-355	.	

#Text=In fexu potiori fummus inprimis obseruatur con.
#Text=fenfus inter odorem ferlpirationis et semigis fecretionein.
5-1	356-358	In	
5-2	359-363	fexu	
5-3	364-371	potiori	
5-4	372-378	fummus	
5-5	379-387	inprimis	
5-6	388-398	obseruatur	
5-7	399-402	con	
5-8	402-403	.	
5-9	404-410	fenfus	
5-10	411-416	inter	
5-11	417-423	odorem	
5-12	424-438	ferlpirationis	
5-13	439-441	et	
5-14	442-449	semigis	
5-15	450-462	fecretionein	
5-16	462-463	.	

#Text=Praeter alias enim, quae tempore pubertatis in iuuene fano fiunt mutationes, perspirationi etiam additur oder perquam volatilis »), qui secundum HALLERVM ortum trahit a resorbtione partis fubtilioris fcminis, de qua autein recentiorum nonnulli dubitant.
6-1	464-471	Praeter	
6-2	472-477	alias	
6-3	478-482	enim	
6-4	482-483	,	
6-5	484-488	quae	
6-6	489-496	tempore	
6-7	497-507	pubertatis	
6-8	508-510	in	
6-9	511-517	iuuene	
6-10	518-522	fano	
6-11	523-528	fiunt	
6-12	529-539	mutationes	
6-13	539-540	,	
6-14	541-554	perspirationi	
6-15	555-560	etiam	
6-16	561-568	additur	
6-17	569-573	oder	
6-18	574-581	perquam	
6-19	582-591	volatilis	
6-20	592-593	»	
6-21	593-594	)	
6-22	594-595	,	
6-23	596-599	qui	
6-24	600-608	secundum	
6-25	609-617	HALLERVM	
6-26	618-623	ortum	
6-27	624-630	trahit	
6-28	631-632	a	
6-29	633-644	resorbtione	
6-30	645-651	partis	
6-31	652-663	fubtilioris	
6-32	664-671	fcminis	
6-33	671-672	,	
6-34	673-675	de	
6-35	676-679	qua	
6-36	680-686	autein	
6-37	687-698	recentiorum	
6-38	699-707	nonnulli	
6-39	708-716	dubitant	
6-40	716-717	.	

#Text=Idem odor in brutis animalibus et praecipue in falacibus, qualis est hircus, tempore, quo in venerem ruunt, obseruatur , deest contra in hominibus et aniinalibus ante pubertatem caftratis x).
7-1	718-722	Idem	
7-2	723-727	odor	
7-3	728-730	in	
7-4	731-737	brutis	
7-5	738-748	animalibus	
7-6	749-751	et	
7-7	752-761	praecipue	
7-8	762-764	in	
7-9	765-774	falacibus	
7-10	774-775	,	
7-11	776-782	qualis	
7-12	783-786	est	
7-13	787-793	hircus	
7-14	793-794	,	
7-15	795-802	tempore	
7-16	802-803	,	
7-17	804-807	quo	
7-18	808-810	in	
7-19	811-818	venerem	
7-20	819-824	ruunt	
7-21	824-825	,	
7-22	826-836	obseruatur	
7-23	837-838	,	
7-24	839-844	deest	
7-25	845-851	contra	
7-26	852-854	in	
7-27	855-864	hominibus	
7-28	865-867	et	
7-29	868-879	aniinalibus	
7-30	880-884	ante	
7-31	885-895	pubertatem	
7-32	896-905	caftratis	
7-33	906-907	x	
7-34	907-908	)	
7-35	908-909	.	

#Text=Similis in sexu Sequiori fympathia perspirationis odori cum purgatione inenftrua intercedere videtur, Animam mulierum tempore menfium faepe grauiter foetere, inprimis per Ill.
8-1	910-917	Similis	
8-2	918-920	in	
8-3	921-925	sexu	
8-4	926-934	Sequiori	
8-5	935-944	fympathia	
8-6	945-959	perspirationis	
8-7	960-965	odori	
8-8	966-969	cum	
8-9	970-980	purgatione	
8-10	981-990	inenftrua	
8-11	991-1002	intercedere	
8-12	1003-1010	videtur	
8-13	1010-1011	,	
8-14	1012-1018	Animam	
8-15	1019-1027	mulierum	
8-16	1028-1035	tempore	
8-17	1036-1043	menfium	
8-18	1044-1049	faepe	
8-19	1050-1058	grauiter	
8-20	1059-1066	foetere	
8-21	1066-1067	,	
8-22	1068-1076	inprimis	
8-23	1077-1080	per	
8-24	1081-1084	Ill	
8-25	1084-1085	.	

#Text=HorrMANNVM y) innotuit, illas autem tunc per cutem etiam pecu.
#Text=liare quid fpirare, itidem extra , dubitationes aleam pofitum eft.
9-1	1086-1096	HorrMANNVM	
9-2	1097-1098	y	
9-3	1098-1099	)	
9-4	1100-1108	innotuit	
9-5	1108-1109	,	
9-6	1110-1115	illas	
9-7	1116-1121	autem	
9-8	1122-1126	tunc	
9-9	1127-1130	per	
9-10	1131-1136	cutem	
9-11	1137-1142	etiam	
9-12	1143-1147	pecu	
9-13	1147-1148	.	
9-14	1149-1154	liare	
9-15	1155-1159	quid	
9-16	1160-1167	fpirare	
9-17	1167-1168	,	
9-18	1169-1175	itidem	
9-19	1176-1181	extra	
9-20	1182-1183	,	
9-21	1184-1196	dubitationes	
9-22	1197-1202	aleam	
9-23	1203-1210	pofitum	
9-24	1211-1214	eft	
9-25	1214-1215	.	

#Text=Reperiuntur canes, qui, dum feininas menses patientes perpetuo insequuntur, odorein illis elle fingularem, fatis declarant.
10-1	1216-1227	Reperiuntur	
10-2	1228-1233	canes	
10-3	1233-1234	,	
10-4	1235-1238	qui	
10-5	1238-1239	,	
10-6	1240-1243	dum	
10-7	1244-1252	feininas	
10-8	1253-1259	menses	
10-9	1260-1269	patientes	
10-10	1270-1278	perpetuo	
10-11	1279-1290	insequuntur	
10-12	1290-1291	,	
10-13	1292-1299	odorein	
10-14	1300-1305	illis	
10-15	1306-1310	elle	
10-16	1311-1321	fingularem	
10-17	1321-1322	,	
10-18	1323-1328	fatis	
10-19	1329-1338	declarant	
10-20	1338-1339	.	

#Text=Et ipse noui virum iuuenem, ingenii dotibus aeque ac sensuum acie praestantem, qui olfactu se persentiscere contendit, vtrum mulier
#Text=
#Text=
#Text=
#Text=
#Text=
#Text=quae-
#Text=
#Text=damn
#Text=
#Text=
#Text=
#Text=s) Ill.
11-1	1340-1342	Et	
11-2	1343-1347	ipse	
11-3	1348-1352	noui	
11-4	1353-1358	virum	
11-5	1359-1366	iuuenem	
11-6	1366-1367	,	
11-7	1368-1375	ingenii	
11-8	1376-1383	dotibus	
11-9	1384-1389	aeque	
11-10	1390-1392	ac	
11-11	1393-1400	sensuum	
11-12	1401-1405	acie	
11-13	1406-1417	praestantem	
11-14	1417-1418	,	
11-15	1419-1422	qui	
11-16	1423-1430	olfactu	
11-17	1431-1433	se	
11-18	1434-1447	persentiscere	
11-19	1448-1457	contendit	
11-20	1457-1458	,	
11-21	1459-1464	vtrum	
11-22	1465-1471	mulier	
11-23	1477-1481	quae	
11-24	1481-1482	-	
11-25	1484-1488	damn	
11-26	1492-1493	s	
11-27	1493-1494	)	
11-28	1495-1498	Ill	
11-29	1498-1499	.	

#Text=ZIMMERNANN von der Erfahrung p. 607.
#Text=+) MARHERR praelea, in Herin, BOERHAVE Instit.
#Text=inedic, Tom, II.
12-1	1500-1510	ZIMMERNANN	
12-2	1511-1514	von	
12-3	1515-1518	der	
12-4	1519-1528	Erfahrung	
12-5	1529-1530	p	
12-6	1530-1531	.	
12-7	1532-1535	607	
12-8	1535-1536	.	
12-9	1537-1538	+	
12-10	1538-1539	)	
12-11	1540-1547	MARHERR	
12-12	1548-1555	praelea	
12-13	1555-1556	,	
12-14	1557-1559	in	
12-15	1560-1565	Herin	
12-16	1565-1566	,	
12-17	1567-1575	BOERHAVE	
12-18	1576-1582	Instit	
12-19	1582-1583	.	
12-20	1584-1590	inedic	
12-21	1590-1591	,	
12-22	1592-1595	Tom	
12-23	1595-1596	,	
12-24	1597-1599	II	
12-25	1599-1600	.	

#Text=P. 699.
13-1	1601-1602	P	
13-2	1602-1603	.	
13-3	1604-1607	699	
13-4	1607-1608	.	
