#FORMAT=WebAnno TSV 3.3
#T_SP=custom.Span|label
#T_RL=custom.Relation|label|BT_custom.Span


#Text=Wir verab- 
#Text=reichten die Lösungen persönlich, mit den schwächsten beginnend, 
#Text=damit nicht etwa jemand, der unvermittelt an einer der stärkeren 
#Text=gerochen hätte, nachher aufser stände wäre, die schwächeren 
#Text=Grade wahrzunehmen.
1-1	2-5	Wir	_	_	_	
1-2	6-11	verab	_	_	_	
1-3	11-12	-	_	_	_	
1-4	14-22	reichten	_	_	_	
1-5	23-26	die	_	_	_	
1-6	27-35	Lösungen	_	_	_	
1-7	36-46	persönlich	_	_	_	
1-8	46-47	,	_	_	_	
1-9	48-51	mit	_	_	_	
1-10	52-55	den	_	_	_	
1-11	56-67	schwächsten	_	_	_	
1-12	68-77	beginnend	_	_	_	
1-13	77-78	,	_	_	_	
1-14	80-85	damit	_	_	_	
1-15	86-91	nicht	_	_	_	
1-16	92-96	etwa	_	_	_	
1-17	97-103	jemand	_	_	_	
1-18	103-104	,	_	_	_	
1-19	105-108	der	_	_	_	
1-20	109-121	unvermittelt	_	_	_	
1-21	122-124	an	_	_	_	
1-22	125-130	einer	_	_	_	
1-23	131-134	der	_	_	_	
1-24	135-144	stärkeren	_	_	_	
1-25	146-154	gerochen	Smell\_Word	_	_	
1-26	155-160	hätte	_	_	_	
1-27	160-161	,	_	_	_	
1-28	162-169	nachher	_	_	_	
1-29	170-176	aufser	_	_	_	
1-30	177-183	stände	_	_	_	
1-31	184-188	wäre	_	_	_	
1-32	188-189	,	_	_	_	
1-33	190-193	die	_	_	_	
1-34	194-205	schwächeren	_	_	_	
1-35	207-212	Grade	_	_	_	
1-36	213-225	wahrzunehmen	_	_	_	
1-37	225-226	.	_	_	_	

#Text=Wir untersuchten 90 geborene Verbrecher.
2-1	230-233	Wir	_	_	_	
2-2	234-246	untersuchten	_	_	_	
2-3	247-249	90	_	_	_	
2-4	250-258	geborene	_	_	_	
2-5	259-269	Verbrecher	_	_	_	
2-6	269-270	.	_	_	_	

#Text=Sie alle rauchten 
#Text=nicht, noch wiesen sie Alterationen der Nasenwege auf.
3-1	271-274	Sie	_	_	_	
3-2	275-279	alle	_	_	_	
3-3	280-288	rauchten	_	_	_	
3-4	290-295	nicht	_	_	_	
3-5	295-296	,	_	_	_	
3-6	297-301	noch	_	_	_	
3-7	302-308	wiesen	_	_	_	
3-8	309-312	sie	_	_	_	
3-9	313-325	Alterationen	_	_	_	
3-10	326-329	der	_	_	_	
3-11	330-339	Nasenwege	_	_	_	
3-12	340-343	auf	_	_	_	
3-13	343-344	.	_	_	_	

#Text=Die einzelnen, nach den beiden Methi>den angestellten 
#Text=Beobachtungen haben wir in der folgenden tabellarischen Über- 
#Text=sicht zusammengefafst.
4-1	348-351	Die	_	_	_	
4-2	352-361	einzelnen	_	_	_	
4-3	361-362	,	_	_	_	
4-4	363-367	nach	_	_	_	
4-5	368-371	den	_	_	_	
4-6	372-378	beiden	_	_	_	
4-7	379-384	Methi	_	_	_	
4-8	384-385	>	_	_	_	
4-9	385-388	den	_	_	_	
4-10	389-401	angestellten	_	_	_	
4-11	403-416	Beobachtungen	_	_	_	
4-12	417-422	haben	_	_	_	
4-13	423-426	wir	_	_	_	
4-14	427-429	in	_	_	_	
4-15	430-433	der	_	_	_	
4-16	434-443	folgenden	_	_	_	
4-17	444-458	tabellarischen	_	_	_	
4-18	459-463	Über	_	_	_	
4-19	463-464	-	_	_	_	
4-20	466-471	sicht	_	_	_	
4-21	472-487	zusammengefafst	_	_	_	
4-22	487-488	.	_	_	_	

#Text=Der mittlere Grad, bei welchem normale Individuen die 
#Text=Lösung von Nelkenessenz wahrzunehmen vermochten, war der 
#Text=4. (= Vsooo), dagegen entsprach das mittlere Geruchsvermögen
#Text=
#Text=bei Verbrechern dem 8.
5-1	492-495	Der	_	_	_	
5-2	496-504	mittlere	_	_	_	
5-3	505-509	Grad	_	_	_	
5-4	509-510	,	_	_	_	
5-5	511-514	bei	_	_	_	
5-6	515-522	welchem	_	_	_	
5-7	523-530	normale	Perceiver[1]	_	_	
5-8	531-541	Individuen	Perceiver[1]	_	_	
5-9	542-545	die	_	_	_	
5-10	547-553	Lösung	Smell\_Source	_	_	
5-11	554-557	von	_	_	_	
5-12	558-570	Nelkenessenz	Smell\_Source	*	5-10	
5-13	571-583	wahrzunehmen	_	_	_	
5-14	584-594	vermochten	_	_	_	
5-15	594-595	,	_	_	_	
5-16	596-599	war	_	_	_	
5-17	600-603	der	_	_	_	
5-18	605-606	4	_	_	_	
5-19	606-607	.	_	_	_	
5-20	608-609	(	_	_	_	
5-21	609-610	=	_	_	_	
5-22	611-616	Vsooo	_	_	_	
5-23	616-617	)	_	_	_	
5-24	617-618	,	_	_	_	
5-25	619-626	dagegen	_	_	_	
5-26	627-636	entsprach	_	_	_	
5-27	637-640	das	_	_	_	
5-28	641-649	mittlere	Quality	_	_	
5-29	650-665	Geruchsvermögen	Smell\_Word	*|*|*|*	5-28|5-10|5-7[1_0]|5-30[2_0]	
5-30	667-670	bei	Perceiver[2]	_	_	
5-31	671-682	Verbrechern	Perceiver[2]	_	_	
5-32	683-686	dem	_	_	_	
5-33	687-688	8	_	_	_	
5-34	688-689	.	_	_	_	

#Text=Grade des Osmometers (= Lösung Vsoo).
6-1	690-695	Grade	_	_	_	
6-2	696-699	des	_	_	_	
6-3	700-710	Osmometers	_	_	_	
6-4	711-712	(	_	_	_	
6-5	712-713	=	_	_	_	
6-6	714-720	Lösung	_	_	_	
6-7	721-725	Vsoo	_	_	_	
6-8	725-726	)	_	_	_	
6-9	726-727	.	_	_	_	

#Text=Betrachten wir sodann die Fälle, welche den geringsten 
#Text=Grad von Geruchsempfindlichkeit aufwiesen (d. h. das Indivi- 
#Text=duum nahm den Nelkengeruch erst bei der meist konzentrierten 
#Text=Lösung des 12.
7-1	731-741	Betrachten	_	_	_	
7-2	742-745	wir	_	_	_	
7-3	746-752	sodann	_	_	_	
7-4	753-756	die	_	_	_	
7-5	757-762	Fälle	_	_	_	
7-6	762-763	,	_	_	_	
7-7	764-770	welche	_	_	_	
7-8	771-774	den	_	_	_	
7-9	775-785	geringsten	_	_	_	
7-10	787-791	Grad	_	_	_	
7-11	792-795	von	_	_	_	
7-12	796-818	Geruchsempfindlichkeit	Smell\_Word	_	_	
7-13	819-828	aufwiesen	_	_	_	
7-14	829-830	(	_	_	_	
7-15	830-831	d	_	_	_	
7-16	831-832	.	_	_	_	
7-17	833-834	h	_	_	_	
7-18	834-835	.	_	_	_	
7-19	836-839	das	_	_	_	
7-20	840-846	Indivi	_	_	_	
7-21	846-847	-	_	_	_	
7-22	849-853	duum	_	_	_	
7-23	854-858	nahm	_	_	_	
7-24	859-862	den	_	_	_	
7-25	863-875	Nelkengeruch	Smell\_Word	_	_	
7-26	876-880	erst	_	_	_	
7-27	881-884	bei	_	_	_	
7-28	885-888	der	_	_	_	
7-29	889-894	meist	_	_	_	
7-30	895-909	konzentrierten	_	_	_	
7-31	911-917	Lösung	_	_	_	
7-32	918-921	des	_	_	_	
7-33	922-924	12	_	_	_	
7-34	924-925	.	_	_	_	

#Text=Grades (= Vioo) wahr und machte bei der An- 
#Text=ordnung der Fläschchen mehr als vier schwere Fehler), so 
#Text=ergiebt sich für die Normalen ein Verhältnis von 3,3 %, für die 
#Text=Verbrecher 13%;
#Text=sechs der letzteren besafsen nicht das ge- 
#Text=ringste Geruchsvermögen (Geruchsblindheit).
#Text=
#Text=
#Text=8.
8-1	926-932	Grades	_	_	_	
8-2	933-934	(	_	_	_	
8-3	934-935	=	_	_	_	
8-4	936-940	Vioo	_	_	_	
8-5	940-941	)	_	_	_	
8-6	942-946	wahr	_	_	_	
8-7	947-950	und	_	_	_	
8-8	951-957	machte	_	_	_	
8-9	958-961	bei	_	_	_	
8-10	962-965	der	_	_	_	
8-11	966-968	An	_	_	_	
8-12	968-969	-	_	_	_	
8-13	971-978	ordnung	_	_	_	
8-14	979-982	der	_	_	_	
8-15	983-993	Fläschchen	_	_	_	
8-16	994-998	mehr	_	_	_	
8-17	999-1002	als	_	_	_	
8-18	1003-1007	vier	_	_	_	
8-19	1008-1015	schwere	_	_	_	
8-20	1016-1022	Fehler	_	_	_	
8-21	1022-1023	)	_	_	_	
8-22	1023-1024	,	_	_	_	
8-23	1025-1027	so	_	_	_	
8-24	1029-1036	ergiebt	_	_	_	
8-25	1037-1041	sich	_	_	_	
8-26	1042-1045	für	_	_	_	
8-27	1046-1049	die	_	_	_	
8-28	1050-1058	Normalen	_	_	_	
8-29	1059-1062	ein	_	_	_	
8-30	1063-1073	Verhältnis	_	_	_	
8-31	1074-1077	von	_	_	_	
8-32	1078-1081	3,3	_	_	_	
8-33	1082-1083	%	_	_	_	
8-34	1083-1084	,	_	_	_	
8-35	1085-1088	für	_	_	_	
8-36	1089-1092	die	_	_	_	
8-37	1094-1104	Verbrecher	_	_	_	
8-38	1105-1108	13%	_	_	_	
8-39	1108-1109	;	_	_	_	
8-40	1110-1115	sechs	Perceiver[3]	_	_	
8-41	1116-1119	der	Perceiver[3]	_	_	
8-42	1120-1129	letzteren	Perceiver[3]	_	_	
8-43	1130-1138	besafsen	_	_	_	
8-44	1139-1144	nicht	Quality[4]	_	_	
8-45	1145-1148	das	Quality[4]	_	_	
8-46	1149-1151	ge	Quality[4]	_	_	
8-47	1151-1152	-	Quality[4]	_	_	
8-48	1154-1161	ringste	Quality[4]	_	_	
8-49	1162-1177	Geruchsvermögen	Smell\_Word	*|*	8-44[4_0]|8-40[3_0]	
8-50	1178-1179	(	_	_	_	
8-51	1179-1195	Geruchsblindheit	Smell\_Word	_	_	
8-52	1195-1196	)	_	_	_	
8-53	1196-1197	.	_	_	_	
8-54	1200-1201	8	_	_	_	
8-55	1201-1202	.	_	_	_	

#Text=Das Geruchsvermögen bei geschlechtlichen 
#Text=
#Text=Verbrechern.
9-1	1203-1206	Das	_	_	_	
9-2	1207-1222	Geruchsvermögen	Smell\_Word	_	_	
9-3	1223-1226	bei	_	_	_	
9-4	1227-1243	geschlechtlichen	_	_	_	
9-5	1246-1257	Verbrechern	_	_	_	
9-6	1257-1258	.	_	_	_	

#Text=Zwischen den sexuellen Instinkten und dem Geruchssinne
#Text=
#Text=besteht ein so inniger Zusammenhang, dafs man geneigt ist zu 
#Text=glauben, ihre kortikalen Centren seien einander benachbart.
10-1	1262-1270	Zwischen	_	_	_	
10-2	1271-1274	den	_	_	_	
10-3	1275-1284	sexuellen	_	_	_	
10-4	1285-1295	Instinkten	_	_	_	
10-5	1296-1299	und	_	_	_	
10-6	1300-1303	dem	_	_	_	
10-7	1304-1316	Geruchssinne	Smell\_Word	_	_	
10-8	1318-1325	besteht	_	_	_	
10-9	1326-1329	ein	_	_	_	
10-10	1330-1332	so	_	_	_	
10-11	1333-1340	inniger	_	_	_	
10-12	1341-1353	Zusammenhang	_	_	_	
10-13	1353-1354	,	_	_	_	
10-14	1355-1359	dafs	_	_	_	
10-15	1360-1363	man	_	_	_	
10-16	1364-1371	geneigt	_	_	_	
10-17	1372-1375	ist	_	_	_	
10-18	1376-1378	zu	_	_	_	
10-19	1380-1387	glauben	_	_	_	
10-20	1387-1388	,	_	_	_	
10-21	1389-1393	ihre	_	_	_	
10-22	1394-1404	kortikalen	_	_	_	
10-23	1405-1412	Centren	_	_	_	
10-24	1413-1418	seien	_	_	_	
10-25	1419-1427	einander	_	_	_	
10-26	1428-1438	benachbart	_	_	_	
10-27	1438-1439	.	_	_	_	

#Text=In der That führt Hesch einen Fall von Atrophie der Genitalien 
#Text=an, wo zugleich die Geruchsdrüsen fehlten.
11-1	1442-1444	In	_	_	_	
11-2	1445-1448	der	_	_	_	
11-3	1449-1453	That	_	_	_	
11-4	1454-1459	führt	_	_	_	
11-5	1460-1465	Hesch	_	_	_	
11-6	1466-1471	einen	_	_	_	
11-7	1472-1476	Fall	_	_	_	
11-8	1477-1480	von	_	_	_	
11-9	1481-1489	Atrophie	_	_	_	
11-10	1490-1493	der	_	_	_	
11-11	1494-1504	Genitalien	_	_	_	
11-12	1506-1508	an	_	_	_	
11-13	1508-1509	,	_	_	_	
11-14	1510-1512	wo	_	_	_	
11-15	1513-1521	zugleich	_	_	_	
11-16	1522-1525	die	_	_	_	
11-17	1526-1539	Geruchsdrüsen	Smell\_Word	_	_	
11-18	1540-1547	fehlten	_	_	_	
11-19	1547-1548	.	_	_	_	

#Text=Schon Cloquet 
#Text=bemerkte, dafs der Duft der Blumen zur geschlechtlichen 
#Text=
#Text=
#Text=
#Text=344 Cesare Lomhroso und S.
12-1	1549-1554	Schon	_	_	_	
12-2	1555-1562	Cloquet	_	_	_	
12-3	1564-1572	bemerkte	_	_	_	
12-4	1572-1573	,	_	_	_	
12-5	1574-1578	dafs	_	_	_	
12-6	1579-1582	der	_	_	_	
12-7	1583-1587	Duft	Smell\_Word	*	12-9	
12-8	1588-1591	der	_	_	_	
12-9	1592-1598	Blumen	Smell\_Source	_	_	
12-10	1599-1602	zur	_	_	_	
12-11	1603-1619	geschlechtlichen	_	_	_	
12-12	1624-1627	344	_	_	_	
12-13	1628-1634	Cesare	_	_	_	
12-14	1635-1643	Lomhroso	_	_	_	
12-15	1644-1647	und	_	_	_	
12-16	1648-1649	S	_	_	_	
12-17	1649-1650	.	_	_	_	

#Text=Oitolenghd, 
#Text=
#Text=Begierde reizt.
13-1	1651-1661	Oitolenghd	_	_	_	
13-2	1661-1662	,	_	_	_	
13-3	1665-1673	Begierde	_	_	_	
13-4	1674-1679	reizt	_	_	_	
13-5	1679-1680	.	_	_	_	
