#FORMAT=WebAnno TSV 3.3
#T_SP=custom.Span|label
#T_RL=custom.Relation|label|BT_custom.Span


#Text=Irishmen who do me the honour of tasting this light omelette of scientific literature will have noticed, I am sure, that I have not included the sister isle in my olfactory paradise.
1-1	0-8	Irishmen	_	_	_	
1-2	9-12	who	_	_	_	
1-3	13-15	do	_	_	_	
1-4	16-18	me	_	_	_	
1-5	19-22	the	_	_	_	
1-6	23-29	honour	_	_	_	
1-7	30-32	of	_	_	_	
1-8	33-40	tasting	_	_	_	
1-9	41-45	this	_	_	_	
1-10	46-51	light	_	_	_	
1-11	52-60	omelette	_	_	_	
1-12	61-63	of	_	_	_	
1-13	64-74	scientific	_	_	_	
1-14	75-85	literature	_	_	_	
1-15	86-90	will	_	_	_	
1-16	91-95	have	_	_	_	
1-17	96-103	noticed	_	_	_	
1-18	103-104	,	_	_	_	
1-19	105-106	I	_	_	_	
1-20	107-109	am	_	_	_	
1-21	110-114	sure	_	_	_	
1-22	114-115	,	_	_	_	
1-23	116-120	that	_	_	_	
1-24	121-122	I	_	_	_	
1-25	123-127	have	_	_	_	
1-26	128-131	not	_	_	_	
1-27	132-140	included	_	_	_	
1-28	141-144	the	_	_	_	
1-29	145-151	sister	_	_	_	
1-30	152-156	isle	_	_	_	
1-31	157-159	in	_	_	_	
1-32	160-162	my	Perceiver	_	_	
1-33	163-172	olfactory	Smell\_Word[1]|Quality[2]	*|*|*	1-32[0_1]|1-34[0_1]|1-33[2_1]	
1-34	173-181	paradise	Smell\_Source	_	_	
1-35	181-182	.	_	_	_	

#Text=And indeed, I hesitated long before passing it over, because I am a man of peace—at any price where the Land of Ire is concerned.
2-1	183-186	And	_	_	_	
2-2	187-193	indeed	_	_	_	
2-3	193-194	,	_	_	_	
2-4	195-196	I	_	_	_	
2-5	197-206	hesitated	_	_	_	
2-6	207-211	long	_	_	_	
2-7	212-218	before	_	_	_	
2-8	219-226	passing	_	_	_	
2-9	227-229	it	_	_	_	
2-10	230-234	over	_	_	_	
2-11	234-235	,	_	_	_	
2-12	236-243	because	_	_	_	
2-13	244-245	I	_	_	_	
2-14	246-248	am	_	_	_	
2-15	249-250	a	_	_	_	
2-16	251-254	man	_	_	_	
2-17	255-257	of	_	_	_	
2-18	258-266	peace—at	_	_	_	
2-19	267-270	any	_	_	_	
2-20	271-276	price	_	_	_	
2-21	277-282	where	_	_	_	
2-22	283-286	the	_	_	_	
2-23	287-291	Land	_	_	_	
2-24	292-294	of	_	_	_	
2-25	295-298	Ire	_	_	_	
2-26	299-301	is	_	_	_	
2-27	302-311	concerned	_	_	_	
2-28	311-312	.	_	_	_	

#Text=But alas!
3-1	313-316	But	_	_	_	
3-2	317-321	alas	_	_	_	
3-3	321-322	!	_	_	_	

#Text=I am by nature truthful and only by art mendacious.
4-1	323-324	I	_	_	_	
4-2	325-327	am	_	_	_	
4-3	328-330	by	_	_	_	
4-4	331-337	nature	_	_	_	
4-5	338-346	truthful	_	_	_	
4-6	347-350	and	_	_	_	
4-7	351-355	only	_	_	_	
4-8	356-358	by	_	_	_	
4-9	359-362	art	_	_	_	
4-10	363-373	mendacious	_	_	_	
4-11	373-374	.	_	_	_	

#Text=And there sticks horrible to my memory the fumous and steamy stench of parboiled cabbage that filled the restaurant-car of the train for Belfast—yes!
5-1	375-378	And	_	_	_	
5-2	379-384	there	_	_	_	
5-3	385-391	sticks	_	_	_	
5-4	392-400	horrible	_	_	_	
5-5	401-403	to	_	_	_	
5-6	404-406	my	Perceiver	_	_	
5-7	407-413	memory	_	_	_	
5-8	414-417	the	_	_	_	
5-9	418-424	fumous	Quality	_	_	
5-10	425-428	and	_	_	_	
5-11	429-435	steamy	Quality	_	_	
5-12	436-442	stench	Smell\_Word	*|*|*|*|*	5-11|5-9|5-13[3_0]|5-6|5-18[4_0]	
5-13	443-445	of	Smell\_Source[3]	_	_	
5-14	446-455	parboiled	Smell\_Source[3]	_	_	
5-15	456-463	cabbage	Smell\_Source[3]	_	_	
5-16	464-468	that	_	_	_	
5-17	469-475	filled	_	_	_	
5-18	476-479	the	Location[4]	_	_	
5-19	480-494	restaurant-car	Location[4]	_	_	
5-20	495-497	of	Location[4]	_	_	
5-21	498-501	the	Location[4]	_	_	
5-22	502-507	train	Location[4]	_	_	
5-23	508-511	for	Location[4]	_	_	
5-24	512-523	Belfast—yes	Location[4]	_	_	
5-25	523-524	!	_	_	_	

#Text=Belfast, not Dublin—one evening as I landed at Kingstown.
6-1	525-532	Belfast	_	_	_	
6-2	532-533	,	_	_	_	
6-3	534-537	not	_	_	_	
6-4	538-548	Dublin—one	_	_	_	
6-5	549-556	evening	_	_	_	
6-6	557-559	as	_	_	_	
6-7	560-561	I	_	_	_	
6-8	562-568	landed	_	_	_	
6-9	569-571	at	_	_	_	
6-10	572-581	Kingstown	_	_	_	
6-11	581-582	.	_	_	_	

#Text=The sea had been—well!
7-1	583-586	The	_	_	_	
7-2	587-590	sea	_	_	_	
7-3	591-594	had	_	_	_	
7-4	595-604	been—well	_	_	_	
7-5	604-605	!	_	_	_	

#Text=it was the Irish Sea, and I stepped on to the train straight from the mail-boat, so that ... in a word, I remember that luscious but washy odour too vividly to bestow upon Ireland the white flower of a stenchless life.
8-1	606-608	it	_	_	_	
8-2	609-612	was	_	_	_	
8-3	613-616	the	_	_	_	
8-4	617-622	Irish	_	_	_	
8-5	623-626	Sea	_	_	_	
8-6	626-627	,	_	_	_	
8-7	628-631	and	_	_	_	
8-8	632-633	I	_	_	_	
8-9	634-641	stepped	_	_	_	
8-10	642-644	on	_	_	_	
8-11	645-647	to	_	_	_	
8-12	648-651	the	_	_	_	
8-13	652-657	train	_	_	_	
8-14	658-666	straight	_	_	_	
8-15	667-671	from	_	_	_	
8-16	672-675	the	_	_	_	
8-17	676-685	mail-boat	_	_	_	
8-18	685-686	,	_	_	_	
8-19	687-689	so	_	_	_	
8-20	690-694	that	_	_	_	
8-21	695-696	.	_	_	_	
8-22	696-697	.	_	_	_	
8-23	697-698	.	_	_	_	
8-24	699-701	in	_	_	_	
8-25	702-703	a	_	_	_	
8-26	704-708	word	_	_	_	
8-27	708-709	,	_	_	_	
8-28	710-711	I	Perceiver	_	_	
8-29	712-720	remember	_	_	_	
8-30	721-725	that	_	_	_	
8-31	726-734	luscious	Quality	_	_	
8-32	735-738	but	_	_	_	
8-33	739-744	washy	Quality	_	_	
8-34	745-750	odour	Smell\_Word	*|*|*	8-31|8-33|8-28	
8-35	751-754	too	_	_	_	
8-36	755-762	vividly	_	_	_	
8-37	763-765	to	_	_	_	
8-38	766-772	bestow	_	_	_	
8-39	773-777	upon	_	_	_	
8-40	778-785	Ireland	_	_	_	
8-41	786-789	the	_	_	_	
8-42	790-795	white	_	_	_	
8-43	796-802	flower	_	_	_	
8-44	803-805	of	_	_	_	
8-45	806-807	a	_	_	_	
8-46	808-818	stenchless	Smell\_Word[5]|Quality[6]	*|*	8-47[0_5]|8-46[6_5]	
8-47	819-823	life	Smell\_Source	_	_	
8-48	823-824	.	_	_	_	

#Text=In these remarks I have been careful to observe that the train was not the Dublin train, but if any one feels moved to defend the capital city, let him first of all take a stroll down by the Liffey as it flows fermenting and bubbling under its bridges, and then ... if he can....
9-1	826-828	In	_	_	_	
9-2	829-834	these	_	_	_	
9-3	835-842	remarks	_	_	_	
9-4	843-844	I	_	_	_	
9-5	845-849	have	_	_	_	
9-6	850-854	been	_	_	_	
9-7	855-862	careful	_	_	_	
9-8	863-865	to	_	_	_	
9-9	866-873	observe	_	_	_	
9-10	874-878	that	_	_	_	
9-11	879-882	the	_	_	_	
9-12	883-888	train	_	_	_	
9-13	889-892	was	_	_	_	
9-14	893-896	not	_	_	_	
9-15	897-900	the	_	_	_	
9-16	901-907	Dublin	_	_	_	
9-17	908-913	train	_	_	_	
9-18	913-914	,	_	_	_	
9-19	915-918	but	_	_	_	
9-20	919-921	if	_	_	_	
9-21	922-925	any	_	_	_	
9-22	926-929	one	_	_	_	
9-23	930-935	feels	_	_	_	
9-24	936-941	moved	_	_	_	
9-25	942-944	to	_	_	_	
9-26	945-951	defend	_	_	_	
9-27	952-955	the	_	_	_	
9-28	956-963	capital	_	_	_	
9-29	964-968	city	_	_	_	
9-30	968-969	,	_	_	_	
9-31	970-973	let	_	_	_	
9-32	974-977	him	_	_	_	
9-33	978-983	first	_	_	_	
9-34	984-986	of	_	_	_	
9-35	987-990	all	_	_	_	
9-36	991-995	take	_	_	_	
9-37	996-997	a	_	_	_	
9-38	998-1004	stroll	_	_	_	
9-39	1005-1009	down	_	_	_	
9-40	1010-1012	by	_	_	_	
9-41	1013-1016	the	_	_	_	
9-42	1017-1023	Liffey	_	_	_	
9-43	1024-1026	as	_	_	_	
9-44	1027-1029	it	_	_	_	
9-45	1030-1035	flows	_	_	_	
9-46	1036-1046	fermenting	_	_	_	
9-47	1047-1050	and	_	_	_	
9-48	1051-1059	bubbling	_	_	_	
9-49	1060-1065	under	_	_	_	
9-50	1066-1069	its	_	_	_	
9-51	1070-1077	bridges	_	_	_	
9-52	1077-1078	,	_	_	_	
9-53	1079-1082	and	_	_	_	
9-54	1083-1087	then	_	_	_	
9-55	1088-1089	.	_	_	_	
9-56	1089-1090	.	_	_	_	
9-57	1090-1091	.	_	_	_	
9-58	1092-1094	if	_	_	_	
9-59	1095-1097	he	_	_	_	
9-60	1098-1101	can	_	_	_	
9-61	1101-1102	.	_	_	_	
9-62	1102-1103	.	_	_	_	
9-63	1103-1104	.	_	_	_	
9-64	1104-1105	.	_	_	_	

#Text=Let me, however, in justice to that grief-stricken country, spray a little perfume over my too pungent observations.
10-1	1107-1110	Let	_	_	_	
10-2	1111-1113	me	_	_	_	
10-3	1113-1114	,	_	_	_	
10-4	1115-1122	however	_	_	_	
10-5	1122-1123	,	_	_	_	
10-6	1124-1126	in	_	_	_	
10-7	1127-1134	justice	_	_	_	
10-8	1135-1137	to	_	_	_	
10-9	1138-1142	that	_	_	_	
10-10	1143-1157	grief-stricken	_	_	_	
10-11	1158-1165	country	_	_	_	
10-12	1165-1166	,	_	_	_	
10-13	1167-1172	spray	_	_	_	
10-14	1173-1174	a	_	_	_	
10-15	1175-1181	little	Quality	_	_	
10-16	1182-1189	perfume	Smell\_Word	*|*	10-15|10-18	
10-17	1190-1194	over	_	_	_	
10-18	1195-1197	my	Perceiver	_	_	
10-19	1198-1201	too	_	_	_	
10-20	1202-1209	pungent	_	_	_	
10-21	1210-1222	observations	_	_	_	
10-22	1222-1223	.	_	_	_	

#Text=I can also recall after many years a warm and balmy evening in the town of Killarney, the peaceful close to a day of torrential rain.
11-1	1224-1225	I	_	_	_	
11-2	1226-1229	can	_	_	_	
11-3	1230-1234	also	_	_	_	
11-4	1235-1241	recall	_	_	_	
11-5	1242-1247	after	_	_	_	
11-6	1248-1252	many	_	_	_	
11-7	1253-1258	years	_	_	_	
11-8	1259-1260	a	_	_	_	
11-9	1261-1265	warm	_	_	_	
11-10	1266-1269	and	_	_	_	
11-11	1270-1275	balmy	_	_	_	
11-12	1276-1283	evening	_	_	_	
11-13	1284-1286	in	_	_	_	
11-14	1287-1290	the	_	_	_	
11-15	1291-1295	town	_	_	_	
11-16	1296-1298	of	_	_	_	
11-17	1299-1308	Killarney	_	_	_	
11-18	1308-1309	,	_	_	_	
11-19	1310-1313	the	_	_	_	
11-20	1314-1322	peaceful	_	_	_	
11-21	1323-1328	close	_	_	_	
11-22	1329-1331	to	_	_	_	
11-23	1332-1333	a	_	_	_	
11-24	1334-1337	day	_	_	_	
11-25	1338-1340	of	_	_	_	
11-26	1341-1351	torrential	_	_	_	
11-27	1352-1356	rain	_	_	_	
11-28	1356-1357	.	_	_	_	

#Text=The setting sun, glowing love through its tears, was reddening the sky and the dark green hills around, those hills of Ireland where surely, if anywhere on this earth, heaven is foreshadowed.
12-1	1358-1361	The	_	_	_	
12-2	1362-1369	setting	_	_	_	
12-3	1370-1373	sun	_	_	_	
12-4	1373-1374	,	_	_	_	
12-5	1375-1382	glowing	_	_	_	
12-6	1383-1387	love	_	_	_	
12-7	1388-1395	through	_	_	_	
12-8	1396-1399	its	_	_	_	
12-9	1400-1405	tears	_	_	_	
12-10	1405-1406	,	_	_	_	
12-11	1407-1410	was	_	_	_	
12-12	1411-1420	reddening	_	_	_	
12-13	1421-1424	the	_	_	_	
12-14	1425-1428	sky	_	_	_	
12-15	1429-1432	and	_	_	_	
12-16	1433-1436	the	_	_	_	
12-17	1437-1441	dark	_	_	_	
12-18	1442-1447	green	_	_	_	
12-19	1448-1453	hills	_	_	_	
12-20	1454-1460	around	_	_	_	
12-21	1460-1461	,	_	_	_	
12-22	1462-1467	those	_	_	_	
12-23	1468-1473	hills	_	_	_	
12-24	1474-1476	of	_	_	_	
12-25	1477-1484	Ireland	_	_	_	
12-26	1485-1490	where	_	_	_	
12-27	1491-1497	surely	_	_	_	
12-28	1497-1498	,	_	_	_	
12-29	1499-1501	if	_	_	_	
12-30	1502-1510	anywhere	_	_	_	
12-31	1511-1513	on	_	_	_	
12-32	1514-1518	this	_	_	_	
12-33	1519-1524	earth	_	_	_	
12-34	1524-1525	,	_	_	_	
12-35	1526-1532	heaven	_	_	_	
12-36	1533-1535	is	_	_	_	
12-37	1536-1548	foreshadowed	_	_	_	
12-38	1548-1549	.	_	_	_	

#Text=And linked in memory with that evening’s glory there comes, like the gentle strain of a long-forgotten song, the rich, pungent smell of turf-smoke eddying blue from low chimneys into the soft air of the twilight.
13-1	1550-1553	And	_	_	_	
13-2	1554-1560	linked	_	_	_	
13-3	1561-1563	in	_	_	_	
13-4	1564-1570	memory	_	_	_	
13-5	1571-1575	with	_	_	_	
13-6	1576-1580	that	_	_	_	
13-7	1581-1588	evening	_	_	_	
13-8	1588-1589	’	_	_	_	
13-9	1589-1590	s	_	_	_	
13-10	1591-1596	glory	_	_	_	
13-11	1597-1602	there	_	_	_	
13-12	1603-1608	comes	_	_	_	
13-13	1608-1609	,	_	_	_	
13-14	1610-1614	like	_	_	_	
13-15	1615-1618	the	_	_	_	
13-16	1619-1625	gentle	_	_	_	
13-17	1626-1632	strain	_	_	_	
13-18	1633-1635	of	_	_	_	
13-19	1636-1637	a	_	_	_	
13-20	1638-1652	long-forgotten	_	_	_	
13-21	1653-1657	song	_	_	_	
13-22	1657-1658	,	_	_	_	
13-23	1659-1662	the	_	_	_	
13-24	1663-1667	rich	Quality	_	_	
13-25	1667-1668	,	_	_	_	
13-26	1669-1676	pungent	Quality	_	_	
13-27	1677-1682	smell	Smell\_Word	*|*|*|*|*	13-26|13-24|13-28[7_0]|13-32[8_0]|13-35[9_0]	
13-28	1683-1685	of	Smell\_Source[7]	_	_	
13-29	1686-1696	turf-smoke	Smell\_Source[7]	_	_	
13-30	1697-1704	eddying	_	_	_	
13-31	1705-1709	blue	_	_	_	
13-32	1710-1714	from	Location[8]	_	_	
13-33	1715-1718	low	Location[8]	_	_	
13-34	1719-1727	chimneys	Location[8]	_	_	
13-35	1728-1732	into	Odour\_Carrier[9]	_	_	
13-36	1733-1736	the	Odour\_Carrier[9]	_	_	
13-37	1737-1741	soft	Odour\_Carrier[9]	_	_	
13-38	1742-1745	air	Odour\_Carrier[9]	_	_	
13-39	1746-1748	of	Odour\_Carrier[9]	_	_	
13-40	1749-1752	the	Odour\_Carrier[9]	_	_	
13-41	1753-1761	twilight	Odour\_Carrier[9]	_	_	
13-42	1761-1762	.	_	_	_	

#Text=Ireland!
14-1	1763-1770	Ireland	_	_	_	
14-2	1770-1771	!	_	_	_	

#Text=Ireland!
15-1	1772-1779	Ireland	_	_	_	
15-2	1779-1780	!	_	_	_	

#Text=What an atmosphere of love and grief that name calls up!
16-1	1781-1785	What	_	_	_	
16-2	1786-1788	an	_	_	_	
16-3	1789-1799	atmosphere	_	_	_	
16-4	1800-1802	of	_	_	_	
16-5	1803-1807	love	_	_	_	
16-6	1808-1811	and	_	_	_	
16-7	1812-1817	grief	_	_	_	
16-8	1818-1822	that	_	_	_	
16-9	1823-1827	name	_	_	_	
16-10	1828-1833	calls	_	_	_	
16-11	1834-1836	up	_	_	_	
16-12	1836-1837	!	_	_	_	

#Text=Surely the surf that beats upon the strands of Innisfail far away is more salt, more bitter, and perhaps for that very reason more sweet, than the waters of any of the other beaches that ocean bathes!
17-1	1838-1844	Surely	_	_	_	
17-2	1845-1848	the	_	_	_	
17-3	1849-1853	surf	_	_	_	
17-4	1854-1858	that	_	_	_	
17-5	1859-1864	beats	_	_	_	
17-6	1865-1869	upon	_	_	_	
17-7	1870-1873	the	_	_	_	
17-8	1874-1881	strands	_	_	_	
17-9	1882-1884	of	_	_	_	
17-10	1885-1894	Innisfail	_	_	_	
17-11	1895-1898	far	_	_	_	
17-12	1899-1903	away	_	_	_	
17-13	1904-1906	is	_	_	_	
17-14	1907-1911	more	_	_	_	
17-15	1912-1916	salt	_	_	_	
17-16	1916-1917	,	_	_	_	
17-17	1918-1922	more	_	_	_	
17-18	1923-1929	bitter	_	_	_	
17-19	1929-1930	,	_	_	_	
17-20	1931-1934	and	_	_	_	
17-21	1935-1942	perhaps	_	_	_	
17-22	1943-1946	for	_	_	_	
17-23	1947-1951	that	_	_	_	
17-24	1952-1956	very	_	_	_	
17-25	1957-1963	reason	_	_	_	
17-26	1964-1968	more	_	_	_	
17-27	1969-1974	sweet	_	_	_	
17-28	1974-1975	,	_	_	_	
17-29	1976-1980	than	_	_	_	
17-30	1981-1984	the	_	_	_	
17-31	1985-1991	waters	_	_	_	
17-32	1992-1994	of	_	_	_	
17-33	1995-1998	any	_	_	_	
17-34	1999-2001	of	_	_	_	
17-35	2002-2005	the	_	_	_	
17-36	2006-2011	other	_	_	_	
17-37	2012-2019	beaches	_	_	_	
17-38	2020-2024	that	_	_	_	
17-39	2025-2030	ocean	_	_	_	
17-40	2031-2037	bathes	_	_	_	
17-41	2037-2038	!	_	_	_	

#Text=Thence also comes a memory of heliotrope.
18-1	2039-2045	Thence	_	_	_	
18-2	2046-2050	also	_	_	_	
18-3	2051-2056	comes	_	_	_	
18-4	2057-2058	a	_	_	_	
18-5	2059-2065	memory	_	_	_	
18-6	2066-2068	of	_	_	_	
18-7	2069-2079	heliotrope	Evoked\_Odorant	_	_	
18-8	2079-2080	.	_	_	_	

#Text=It grew by a cottage just beyond a grey granite fishing-harbour in Dublin Bay, and brings also, with its faint, ineffable fragrance, the same inseparable blending of emotions that clings, itself a never-dying odour, to the memory of holidays 5in Ireland.
19-1	2081-2083	It	_	_	_	
19-2	2084-2088	grew	_	_	_	
19-3	2089-2091	by	_	_	_	
19-4	2092-2093	a	_	_	_	
19-5	2094-2101	cottage	_	_	_	
19-6	2102-2106	just	_	_	_	
19-7	2107-2113	beyond	_	_	_	
19-8	2114-2115	a	_	_	_	
19-9	2116-2120	grey	_	_	_	
19-10	2121-2128	granite	_	_	_	
19-11	2129-2144	fishing-harbour	_	_	_	
19-12	2145-2147	in	_	_	_	
19-13	2148-2154	Dublin	_	_	_	
19-14	2155-2158	Bay	_	_	_	
19-15	2158-2159	,	_	_	_	
19-16	2160-2163	and	Effect[10]	_	_	
19-17	2164-2170	brings	Effect[10]	_	_	
19-18	2171-2175	also	Effect[10]	_	_	
19-19	2175-2176	,	_	_	_	
19-20	2177-2181	with	_	_	_	
19-21	2182-2185	its	_	_	_	
19-22	2186-2191	faint	Quality	_	_	
19-23	2191-2192	,	_	_	_	
19-24	2193-2202	ineffable	Quality	_	_	
19-25	2203-2212	fragrance	Smell\_Word	*|*|*|*|*	19-22|19-24|18-7|19-16[10_0]|19-27[11_0]	
19-26	2212-2213	,	_	_	_	
19-27	2214-2217	the	Effect[11]	_	_	
19-28	2218-2222	same	Effect[11]	_	_	
19-29	2223-2234	inseparable	Effect[11]	_	_	
19-30	2235-2243	blending	Effect[11]	_	_	
19-31	2244-2246	of	Effect[11]	_	_	
19-32	2247-2255	emotions	Effect[11]	_	_	
19-33	2256-2260	that	Effect[11]	_	_	
19-34	2261-2267	clings	Effect[11]	_	_	
19-35	2267-2268	,	_	_	_	
19-36	2269-2275	itself	_	_	_	
19-37	2276-2277	a	_	_	_	
19-38	2278-2289	never-dying	Quality	_	_	
19-39	2290-2295	odour	Smell\_Word	*	19-38	
19-40	2295-2296	,	_	_	_	
19-41	2297-2299	to	_	_	_	
19-42	2300-2303	the	_	_	_	
19-43	2304-2310	memory	_	_	_	
19-44	2311-2313	of	_	_	_	
19-45	2314-2322	holidays	_	_	_	
19-46	2323-2326	5in	_	_	_	
19-47	2327-2334	Ireland	_	_	_	
19-48	2334-2335	.	_	_	_	

#Text=There is a phrase in a song, simple, sentimental, even silly if you like, that prays for “the peace of mind dearer than all.”
20-1	2336-2341	There	_	_	_	
20-2	2342-2344	is	_	_	_	
20-3	2345-2346	a	_	_	_	
20-4	2347-2353	phrase	_	_	_	
20-5	2354-2356	in	_	_	_	
20-6	2357-2358	a	_	_	_	
20-7	2359-2363	song	_	_	_	
20-8	2363-2364	,	_	_	_	
20-9	2365-2371	simple	_	_	_	
20-10	2371-2372	,	_	_	_	
20-11	2373-2384	sentimental	_	_	_	
20-12	2384-2385	,	_	_	_	
20-13	2386-2390	even	_	_	_	
20-14	2391-2396	silly	_	_	_	
20-15	2397-2399	if	_	_	_	
20-16	2400-2403	you	_	_	_	
20-17	2404-2408	like	_	_	_	
20-18	2408-2409	,	_	_	_	
20-19	2410-2414	that	_	_	_	
20-20	2415-2420	prays	_	_	_	
20-21	2421-2424	for	_	_	_	
20-22	2425-2426	“	_	_	_	
20-23	2426-2429	the	_	_	_	
20-24	2430-2435	peace	_	_	_	
20-25	2436-2438	of	_	_	_	
20-26	2439-2443	mind	_	_	_	
20-27	2444-2450	dearer	_	_	_	
20-28	2451-2455	than	_	_	_	
20-29	2456-2459	all	_	_	_	
20-30	2459-2460	.	_	_	_	
20-31	2460-2461	”	_	_	_	

#Text=“But what,” I remember asking the mother of our party—“what is meant by ‘peace of mind’?”
21-1	2463-2464	“	_	_	_	
21-2	2464-2467	But	_	_	_	
21-3	2468-2472	what	_	_	_	
21-4	2472-2473	,	_	_	_	
21-5	2473-2474	”	_	_	_	
21-6	2475-2476	I	_	_	_	
21-7	2477-2485	remember	_	_	_	
21-8	2486-2492	asking	_	_	_	
21-9	2493-2496	the	_	_	_	
21-10	2497-2503	mother	_	_	_	
21-11	2504-2506	of	_	_	_	
21-12	2507-2510	our	_	_	_	
21-13	2511-2516	party	_	_	_	
21-14	2516-2517	—	_	_	_	
21-15	2517-2518	“	_	_	_	
21-16	2518-2522	what	_	_	_	
21-17	2523-2525	is	_	_	_	
21-18	2526-2531	meant	_	_	_	
21-19	2532-2534	by	_	_	_	
21-20	2535-2536	‘	_	_	_	
21-21	2536-2541	peace	_	_	_	
21-22	2542-2544	of	_	_	_	
21-23	2545-2549	mind	_	_	_	
21-24	2549-2550	’	_	_	_	
21-25	2550-2551	?	_	_	_	
21-26	2551-2552	”	_	_	_	

#Text=Her wistful smile seemed to me to be a very inadequate reply to my question—which, by the way, I am still asking.
22-1	2553-2556	Her	_	_	_	
22-2	2557-2564	wistful	_	_	_	
22-3	2565-2570	smile	_	_	_	
22-4	2571-2577	seemed	_	_	_	
22-5	2578-2580	to	_	_	_	
22-6	2581-2583	me	_	_	_	
22-7	2584-2586	to	_	_	_	
22-8	2587-2589	be	_	_	_	
22-9	2590-2591	a	_	_	_	
22-10	2592-2596	very	_	_	_	
22-11	2597-2607	inadequate	_	_	_	
22-12	2608-2613	reply	_	_	_	
22-13	2614-2616	to	_	_	_	
22-14	2617-2619	my	_	_	_	
22-15	2620-2634	question—which	_	_	_	
22-16	2634-2635	,	_	_	_	
22-17	2636-2638	by	_	_	_	
22-18	2639-2642	the	_	_	_	
22-19	2643-2646	way	_	_	_	
22-20	2646-2647	,	_	_	_	
22-21	2648-2649	I	_	_	_	
22-22	2650-2652	am	_	_	_	
22-23	2653-2658	still	_	_	_	
22-24	2659-2665	asking	_	_	_	
22-25	2665-2666	.	_	_	_	

#Text=It is an historical fact that the movement which rendered England the pioneer country in the matter of Public Health received its first impulse from, and even now owes its continued existence to, the simple accident that the English public has grown intolerant of over-obtrusive odours.
23-1	2668-2670	It	_	_	_	
23-2	2671-2673	is	_	_	_	
23-3	2674-2676	an	_	_	_	
23-4	2677-2687	historical	_	_	_	
23-5	2688-2692	fact	_	_	_	
23-6	2693-2697	that	_	_	_	
23-7	2698-2701	the	_	_	_	
23-8	2702-2710	movement	_	_	_	
23-9	2711-2716	which	_	_	_	
23-10	2717-2725	rendered	_	_	_	
23-11	2726-2733	England	_	_	_	
23-12	2734-2737	the	_	_	_	
23-13	2738-2745	pioneer	_	_	_	
23-14	2746-2753	country	_	_	_	
23-15	2754-2756	in	_	_	_	
23-16	2757-2760	the	_	_	_	
23-17	2761-2767	matter	_	_	_	
23-18	2768-2770	of	_	_	_	
23-19	2771-2777	Public	_	_	_	
23-20	2778-2784	Health	_	_	_	
23-21	2785-2793	received	_	_	_	
23-22	2794-2797	its	_	_	_	
23-23	2798-2803	first	_	_	_	
23-24	2804-2811	impulse	_	_	_	
23-25	2812-2816	from	_	_	_	
23-26	2816-2817	,	_	_	_	
23-27	2818-2821	and	_	_	_	
23-28	2822-2826	even	_	_	_	
23-29	2827-2830	now	_	_	_	
23-30	2831-2835	owes	_	_	_	
23-31	2836-2839	its	_	_	_	
23-32	2840-2849	continued	_	_	_	
23-33	2850-2859	existence	_	_	_	
23-34	2860-2862	to	_	_	_	
23-35	2862-2863	,	_	_	_	
23-36	2864-2867	the	_	_	_	
23-37	2868-2874	simple	_	_	_	
23-38	2875-2883	accident	_	_	_	
23-39	2884-2888	that	_	_	_	
23-40	2889-2892	the	Perceiver[12]	_	_	
23-41	2893-2900	English	Perceiver[12]	_	_	
23-42	2901-2907	public	Perceiver[12]	_	_	
23-43	2908-2911	has	_	_	_	
23-44	2912-2917	grown	_	_	_	
23-45	2918-2928	intolerant	_	_	_	
23-46	2929-2931	of	_	_	_	
23-47	2932-2946	over-obtrusive	Quality	_	_	
23-48	2947-2953	odours	Smell\_Word	*|*	23-47|23-40[12_0]	
23-49	2953-2954	.	_	_	_	

#Text=Stenches have attained to the dignity of a legal topic of interest, and are now by Act of Parliament become “nuisances” in law as well as in nature, with the result that they have been, for the most part, banished from the face of the land and the noses of its inhabitants.
24-1	2955-2963	Stenches	Smell\_Word	*	24-16	
24-2	2964-2968	have	_	_	_	
24-3	2969-2977	attained	_	_	_	
24-4	2978-2980	to	_	_	_	
24-5	2981-2984	the	_	_	_	
24-6	2985-2992	dignity	_	_	_	
24-7	2993-2995	of	_	_	_	
24-8	2996-2997	a	_	_	_	
24-9	2998-3003	legal	_	_	_	
24-10	3004-3009	topic	_	_	_	
24-11	3010-3012	of	_	_	_	
24-12	3013-3021	interest	_	_	_	
24-13	3021-3022	,	_	_	_	
24-14	3023-3026	and	_	_	_	
24-15	3027-3030	are	_	_	_	
24-16	3031-3034	now	Time	_	_	
24-17	3035-3037	by	_	_	_	
24-18	3038-3041	Act	_	_	_	
24-19	3042-3044	of	_	_	_	
24-20	3045-3055	Parliament	_	_	_	
24-21	3056-3062	become	_	_	_	
24-22	3063-3064	“	_	_	_	
24-23	3064-3073	nuisances	_	_	_	
24-24	3073-3074	”	_	_	_	
24-25	3075-3077	in	_	_	_	
24-26	3078-3081	law	_	_	_	
24-27	3082-3084	as	_	_	_	
24-28	3085-3089	well	_	_	_	
24-29	3090-3092	as	_	_	_	
24-30	3093-3095	in	_	_	_	
24-31	3096-3102	nature	_	_	_	
24-32	3102-3103	,	_	_	_	
24-33	3104-3108	with	_	_	_	
24-34	3109-3112	the	_	_	_	
24-35	3113-3119	result	_	_	_	
24-36	3120-3124	that	_	_	_	
24-37	3125-3129	they	_	_	_	
24-38	3130-3134	have	_	_	_	
24-39	3135-3139	been	_	_	_	
24-40	3139-3140	,	_	_	_	
24-41	3141-3144	for	_	_	_	
24-42	3145-3148	the	_	_	_	
24-43	3149-3153	most	_	_	_	
24-44	3154-3158	part	_	_	_	
24-45	3158-3159	,	_	_	_	
24-46	3160-3168	banished	_	_	_	
24-47	3169-3173	from	_	_	_	
24-48	3174-3177	the	_	_	_	
24-49	3178-3182	face	_	_	_	
24-50	3183-3185	of	_	_	_	
24-51	3186-3189	the	_	_	_	
24-52	3190-3194	land	_	_	_	
24-53	3195-3198	and	_	_	_	
24-54	3199-3202	the	_	_	_	
24-55	3203-3208	noses	_	_	_	
24-56	3209-3211	of	_	_	_	
24-57	3212-3215	its	_	_	_	
24-58	3216-3227	inhabitants	_	_	_	
24-59	3227-3228	.	_	_	_	

#Text=The reason assigned by the man in the street for this reform was, and indeed still is, that stenches breed epidemic diseases.
25-1	3230-3233	The	_	_	_	
25-2	3234-3240	reason	_	_	_	
25-3	3241-3249	assigned	_	_	_	
25-4	3250-3252	by	_	_	_	
25-5	3253-3256	the	_	_	_	
25-6	3257-3260	man	_	_	_	
25-7	3261-3263	in	_	_	_	
25-8	3264-3267	the	_	_	_	
25-9	3268-3274	street	_	_	_	
25-10	3275-3278	for	_	_	_	
25-11	3279-3283	this	_	_	_	
25-12	3284-3290	reform	_	_	_	
25-13	3291-3294	was	_	_	_	
25-14	3294-3295	,	_	_	_	
25-15	3296-3299	and	_	_	_	
25-16	3300-3306	indeed	_	_	_	
25-17	3307-3312	still	_	_	_	
25-18	3313-3315	is	_	_	_	
25-19	3315-3316	,	_	_	_	
25-20	3317-3321	that	_	_	_	
25-21	3322-3330	stenches	Smell\_Word	*	25-22[13_0]	
25-22	3331-3336	breed	Effect[13]	_	_	
25-23	3337-3345	epidemic	Effect[13]	_	_	
25-24	3346-3354	diseases	Effect[13]	_	_	
25-25	3354-3355	.	_	_	_	

#Text=In a noisome smell people imagine a deadly pestilence, probably because patients affected with such epidemic diseases as smallpox, typhus, and diphtheria, give off nauseating odours.
26-1	3356-3358	In	_	_	_	
26-2	3359-3360	a	_	_	_	
26-3	3361-3368	noisome	Quality	_	_	
26-4	3369-3374	smell	Smell\_Word	*|*|*	26-3|26-5|26-6[14_0]	
26-5	3375-3381	people	Perceiver	_	_	
26-6	3382-3389	imagine	Effect[14]	_	_	
26-7	3390-3391	a	Effect[14]	_	_	
26-8	3392-3398	deadly	Effect[14]	_	_	
26-9	3399-3409	pestilence	Effect[14]	_	_	
26-10	3409-3410	,	_	_	_	
26-11	3411-3419	probably	_	_	_	
26-12	3420-3427	because	_	_	_	
26-13	3428-3436	patients	Smell\_Source[15]	_	_	
26-14	3437-3445	affected	Smell\_Source[15]	_	_	
26-15	3446-3450	with	Smell\_Source[15]	_	_	
26-16	3451-3455	such	Smell\_Source[15]	_	_	
26-17	3456-3464	epidemic	Smell\_Source[15]	_	_	
26-18	3465-3473	diseases	Smell\_Source[15]	_	_	
26-19	3474-3476	as	_	_	_	
26-20	3477-3485	smallpox	_	_	_	
26-21	3485-3486	,	_	_	_	
26-22	3487-3493	typhus	_	_	_	
26-23	3493-3494	,	_	_	_	
26-24	3495-3498	and	_	_	_	
26-25	3499-3509	diphtheria	_	_	_	
26-26	3509-3510	,	_	_	_	
26-27	3511-3515	give	_	_	_	
26-28	3516-3519	off	_	_	_	
26-29	3520-3530	nauseating	Quality	_	_	
26-30	3531-3537	odours	Smell\_Word	*|*	26-29|26-13[15_0]	
26-31	3537-3538	.	_	_	_	

#Text=Now, bad smells from drains and cesspools do not of themselves induce 6epidemic disease.
27-1	3539-3542	Now	Time	_	_	
27-2	3542-3543	,	_	_	_	
27-3	3544-3547	bad	Quality	_	_	
27-4	3548-3554	smells	Smell\_Word	*|*|*|*	27-3|27-5[16_0]|27-9[17_0]|27-1	
27-5	3555-3559	from	Smell\_Source[16]	_	_	
27-6	3560-3566	drains	Smell\_Source[16]	_	_	
27-7	3567-3570	and	Smell\_Source[16]	_	_	
27-8	3571-3580	cesspools	Smell\_Source[16]	_	_	
27-9	3581-3583	do	Effect[17]	_	_	
27-10	3584-3587	not	Effect[17]	_	_	
27-11	3588-3590	of	Effect[17]	_	_	
27-12	3591-3601	themselves	Effect[17]	_	_	
27-13	3602-3608	induce	Effect[17]	_	_	
27-14	3609-3618	6epidemic	Effect[17]	_	_	
27-15	3619-3626	disease	Effect[17]	_	_	
27-16	3626-3627	.	_	_	_	

#Text=Nevertheless, there is this much of truth in the superstition, that where you have bad smells you have also surface accumulations of filth, and these, soaking through soil and subsoil, contaminate surface wells, until it only requires the advent of a typhoid or other “carrier” to set a widespread epidemic a-going.
28-1	3628-3640	Nevertheless	_	_	_	
28-2	3640-3641	,	_	_	_	
28-3	3642-3647	there	_	_	_	
28-4	3648-3650	is	_	_	_	
28-5	3651-3655	this	_	_	_	
28-6	3656-3660	much	_	_	_	
28-7	3661-3663	of	_	_	_	
28-8	3664-3669	truth	_	_	_	
28-9	3670-3672	in	_	_	_	
28-10	3673-3676	the	_	_	_	
28-11	3677-3689	superstition	_	_	_	
28-12	3689-3690	,	_	_	_	
28-13	3691-3695	that	_	_	_	
28-14	3696-3701	where	_	_	_	
28-15	3702-3705	you	_	_	_	
28-16	3706-3710	have	_	_	_	
28-17	3711-3714	bad	Quality	_	_	
28-18	3715-3721	smells	Smell\_Word	*|*	28-17|28-19[18_0]	
28-19	3722-3725	you	Effect[18]	_	_	
28-20	3726-3730	have	Effect[18]	_	_	
28-21	3731-3735	also	Effect[18]	_	_	
28-22	3736-3743	surface	Effect[18]	_	_	
28-23	3744-3757	accumulations	Effect[18]	_	_	
28-24	3758-3760	of	Effect[18]	_	_	
28-25	3761-3766	filth	Effect[18]	_	_	
28-26	3766-3767	,	Effect[18]	_	_	
28-27	3768-3771	and	Effect[18]	_	_	
28-28	3772-3777	these	Effect[18]	_	_	
28-29	3777-3778	,	Effect[18]	_	_	
28-30	3779-3786	soaking	Effect[18]	_	_	
28-31	3787-3794	through	Effect[18]	_	_	
28-32	3795-3799	soil	Effect[18]	_	_	
28-33	3800-3803	and	Effect[18]	_	_	
28-34	3804-3811	subsoil	Effect[18]	_	_	
28-35	3811-3812	,	Effect[18]	_	_	
28-36	3813-3824	contaminate	Effect[18]	_	_	
28-37	3825-3832	surface	Effect[18]	_	_	
28-38	3833-3838	wells	Effect[18]	_	_	
28-39	3838-3839	,	_	_	_	
28-40	3840-3845	until	_	_	_	
28-41	3846-3848	it	_	_	_	
28-42	3849-3853	only	_	_	_	
28-43	3854-3862	requires	_	_	_	
28-44	3863-3866	the	_	_	_	
28-45	3867-3873	advent	_	_	_	
28-46	3874-3876	of	_	_	_	
28-47	3877-3878	a	_	_	_	
28-48	3879-3886	typhoid	_	_	_	
28-49	3887-3889	or	_	_	_	
28-50	3890-3895	other	_	_	_	
28-51	3896-3897	“	_	_	_	
28-52	3897-3904	carrier	_	_	_	
28-53	3904-3905	”	_	_	_	
28-54	3906-3908	to	_	_	_	
28-55	3909-3912	set	_	_	_	
28-56	3913-3914	a	_	_	_	
28-57	3915-3925	widespread	_	_	_	
28-58	3926-3934	epidemic	_	_	_	
28-59	3935-3942	a-going	_	_	_	
28-60	3942-3943	.	_	_	_	

#Text=Further, as recent investigators have shown us, the loathsome and deadly typhus fever, known for years to be a “filth-disease,” is carried by lice, which pests breed and flourish where bodily cleanliness is neglected and personal odours are strong.
29-1	3944-3951	Further	_	_	_	
29-2	3951-3952	,	_	_	_	
29-3	3953-3955	as	_	_	_	
29-4	3956-3962	recent	_	_	_	
29-5	3963-3976	investigators	_	_	_	
29-6	3977-3981	have	_	_	_	
29-7	3982-3987	shown	_	_	_	
29-8	3988-3990	us	_	_	_	
29-9	3990-3991	,	_	_	_	
29-10	3992-3995	the	_	_	_	
29-11	3996-4005	loathsome	_	_	_	
29-12	4006-4009	and	_	_	_	
29-13	4010-4016	deadly	_	_	_	
29-14	4017-4023	typhus	_	_	_	
29-15	4024-4029	fever	_	_	_	
29-16	4029-4030	,	_	_	_	
29-17	4031-4036	known	_	_	_	
29-18	4037-4040	for	_	_	_	
29-19	4041-4046	years	_	_	_	
29-20	4047-4049	to	_	_	_	
29-21	4050-4052	be	_	_	_	
29-22	4053-4054	a	_	_	_	
29-23	4055-4056	“	_	_	_	
29-24	4056-4069	filth-disease	_	_	_	
29-25	4069-4070	,	_	_	_	
29-26	4070-4071	”	_	_	_	
29-27	4072-4074	is	_	_	_	
29-28	4075-4082	carried	_	_	_	
29-29	4083-4085	by	_	_	_	
29-30	4086-4090	lice	_	_	_	
29-31	4090-4091	,	_	_	_	
29-32	4092-4097	which	_	_	_	
29-33	4098-4103	pests	_	_	_	
29-34	4104-4109	breed	_	_	_	
29-35	4110-4113	and	_	_	_	
29-36	4114-4122	flourish	_	_	_	
29-37	4123-4128	where	_	_	_	
29-38	4129-4135	bodily	_	_	_	
29-39	4136-4147	cleanliness	_	_	_	
29-40	4148-4150	is	_	_	_	
29-41	4151-4160	neglected	_	_	_	
29-42	4161-4164	and	_	_	_	
29-43	4165-4173	personal	Quality	_	_	
29-44	4174-4180	odours	Smell\_Word	*|*	29-43|29-46	
29-45	4181-4184	are	_	_	_	
29-46	4185-4191	strong	Quality	_	_	
29-47	4191-4192	.	_	_	_	

#Text=So that in this, as in most superstitions, there is a substratum of truth.
30-1	4194-4196	So	_	_	_	
30-2	4197-4201	that	_	_	_	
30-3	4202-4204	in	_	_	_	
30-4	4205-4209	this	_	_	_	
30-5	4209-4210	,	_	_	_	
30-6	4211-4213	as	_	_	_	
30-7	4214-4216	in	_	_	_	
30-8	4217-4221	most	_	_	_	
30-9	4222-4235	superstitions	_	_	_	
30-10	4235-4236	,	_	_	_	
30-11	4237-4242	there	_	_	_	
30-12	4243-4245	is	_	_	_	
30-13	4246-4247	a	_	_	_	
30-14	4248-4258	substratum	_	_	_	
30-15	4259-4261	of	_	_	_	
30-16	4262-4267	truth	_	_	_	
30-17	4267-4268	.	_	_	_	

#Text=But the point is, that the objection to bad smells preceded all those scientific discoveries and had, in the beginning, but a slender support from rationalism.
31-1	4270-4273	But	_	_	_	
31-2	4274-4277	the	_	_	_	
31-3	4278-4283	point	_	_	_	
31-4	4284-4286	is	_	_	_	
31-5	4286-4287	,	_	_	_	
31-6	4288-4292	that	_	_	_	
31-7	4293-4296	the	_	_	_	
31-8	4297-4306	objection	_	_	_	
31-9	4307-4309	to	_	_	_	
31-10	4310-4313	bad	Quality	_	_	
31-11	4314-4320	smells	Smell\_Word	*	31-10	
31-12	4321-4329	preceded	_	_	_	
31-13	4330-4333	all	_	_	_	
31-14	4334-4339	those	_	_	_	
31-15	4340-4350	scientific	_	_	_	
31-16	4351-4362	discoveries	_	_	_	
31-17	4363-4366	and	_	_	_	
31-18	4367-4370	had	_	_	_	
31-19	4370-4371	,	_	_	_	
31-20	4372-4374	in	_	_	_	
31-21	4375-4378	the	_	_	_	
31-22	4379-4388	beginning	_	_	_	
31-23	4388-4389	,	_	_	_	
31-24	4390-4393	but	_	_	_	
31-25	4394-4395	a	_	_	_	
31-26	4396-4403	slender	_	_	_	
31-27	4404-4411	support	_	_	_	
31-28	4412-4416	from	_	_	_	
31-29	4417-4428	rationalism	_	_	_	
31-30	4428-4429	.	_	_	_	

#Text=Our forebears builded better than they knew.
32-1	4430-4433	Our	_	_	_	
32-2	4434-4443	forebears	_	_	_	
32-3	4444-4451	builded	_	_	_	
32-4	4452-4458	better	_	_	_	
32-5	4459-4463	than	_	_	_	
32-6	4464-4468	they	_	_	_	
32-7	4469-4473	knew	_	_	_	
32-8	4473-4474	.	_	_	_	

#Text=Their objection was in reality intuitive.
33-1	4475-4480	Their	_	_	_	
33-2	4481-4490	objection	_	_	_	
33-3	4491-4494	was	_	_	_	
33-4	4495-4497	in	_	_	_	
33-5	4498-4505	reality	_	_	_	
33-6	4506-4515	intuitive	_	_	_	
33-7	4515-4516	.	_	_	_	

#Text=It may be true that all nations occupying a corresponding level of civilisation will manifest the same instinctive abhorrences, but it has been left to the practical genius of the English race to give effect to the natural repugnance and to translate its urgings into practice.
34-1	4517-4519	It	_	_	_	
34-2	4520-4523	may	_	_	_	
34-3	4524-4526	be	_	_	_	
34-4	4527-4531	true	_	_	_	
34-5	4532-4536	that	_	_	_	
34-6	4537-4540	all	_	_	_	
34-7	4541-4548	nations	_	_	_	
34-8	4549-4558	occupying	_	_	_	
34-9	4559-4560	a	_	_	_	
34-10	4561-4574	corresponding	_	_	_	
34-11	4575-4580	level	_	_	_	
34-12	4581-4583	of	_	_	_	
34-13	4584-4596	civilisation	_	_	_	
34-14	4597-4601	will	_	_	_	
34-15	4602-4610	manifest	_	_	_	
34-16	4611-4614	the	_	_	_	
34-17	4615-4619	same	_	_	_	
34-18	4620-4631	instinctive	_	_	_	
34-19	4632-4643	abhorrences	_	_	_	
34-20	4643-4644	,	_	_	_	
34-21	4645-4648	but	_	_	_	
34-22	4649-4651	it	_	_	_	
34-23	4652-4655	has	_	_	_	
34-24	4656-4660	been	_	_	_	
34-25	4661-4665	left	_	_	_	
34-26	4666-4668	to	_	_	_	
34-27	4669-4672	the	_	_	_	
34-28	4673-4682	practical	_	_	_	
34-29	4683-4689	genius	_	_	_	
34-30	4690-4692	of	_	_	_	
34-31	4693-4696	the	_	_	_	
34-32	4697-4704	English	_	_	_	
34-33	4705-4709	race	_	_	_	
34-34	4710-4712	to	_	_	_	
34-35	4713-4717	give	_	_	_	
34-36	4718-4724	effect	_	_	_	
34-37	4725-4727	to	_	_	_	
34-38	4728-4731	the	_	_	_	
34-39	4732-4739	natural	_	_	_	
34-40	4740-4750	repugnance	_	_	_	
34-41	4751-4754	and	_	_	_	
34-42	4755-4757	to	_	_	_	
34-43	4758-4767	translate	_	_	_	
34-44	4768-4771	its	_	_	_	
34-45	4772-4779	urgings	_	_	_	
34-46	4780-4784	into	_	_	_	
34-47	4785-4793	practice	_	_	_	
34-48	4793-4794	.	_	_	_	

#Text=The interesting question now arises: How and when did this intuition or instinct, this blind feeling, arise, and what transformed it from a mere individual objection, voiced here and there, to a mass-movement leading to a general popular reformation?
35-1	4796-4799	The	_	_	_	
35-2	4800-4811	interesting	_	_	_	
35-3	4812-4820	question	_	_	_	
35-4	4821-4824	now	_	_	_	
35-5	4825-4831	arises	_	_	_	
35-6	4831-4832	:	_	_	_	
35-7	4833-4836	How	_	_	_	
35-8	4837-4840	and	_	_	_	
35-9	4841-4845	when	_	_	_	
35-10	4846-4849	did	_	_	_	
35-11	4850-4854	this	_	_	_	
35-12	4855-4864	intuition	_	_	_	
35-13	4865-4867	or	_	_	_	
35-14	4868-4876	instinct	_	_	_	
35-15	4876-4877	,	_	_	_	
35-16	4878-4882	this	_	_	_	
35-17	4883-4888	blind	_	_	_	
35-18	4889-4896	feeling	_	_	_	
35-19	4896-4897	,	_	_	_	
35-20	4898-4903	arise	_	_	_	
35-21	4903-4904	,	_	_	_	
35-22	4905-4908	and	_	_	_	
35-23	4909-4913	what	_	_	_	
35-24	4914-4925	transformed	_	_	_	
35-25	4926-4928	it	_	_	_	
35-26	4929-4933	from	_	_	_	
35-27	4934-4935	a	_	_	_	
35-28	4936-4940	mere	_	_	_	
35-29	4941-4951	individual	_	_	_	
35-30	4952-4961	objection	_	_	_	
35-31	4961-4962	,	_	_	_	
35-32	4963-4969	voiced	_	_	_	
35-33	4970-4974	here	_	_	_	
35-34	4975-4978	and	_	_	_	
35-35	4979-4984	there	_	_	_	
35-36	4984-4985	,	_	_	_	
35-37	4986-4988	to	_	_	_	
35-38	4989-4990	a	_	_	_	
35-39	4991-5004	mass-movement	_	_	_	
35-40	5005-5012	leading	_	_	_	
35-41	5013-5015	to	_	_	_	
35-42	5016-5017	a	_	_	_	
35-43	5018-5025	general	_	_	_	
35-44	5026-5033	popular	_	_	_	
35-45	5034-5045	reformation	_	_	_	
35-46	5045-5046	?	_	_	_	

#Text=The first explanation that is likely to occur to us is, that it was due to the refinement of feeling that accompanies high civilisation operating in a community quick to respond and to react when a public benefit is anticipated.
36-1	5048-5051	The	_	_	_	
36-2	5052-5057	first	_	_	_	
36-3	5058-5069	explanation	_	_	_	
36-4	5070-5074	that	_	_	_	
36-5	5075-5077	is	_	_	_	
36-6	5078-5084	likely	_	_	_	
36-7	5085-5087	to	_	_	_	
36-8	5088-5093	occur	_	_	_	
36-9	5094-5096	to	_	_	_	
36-10	5097-5099	us	_	_	_	
36-11	5100-5102	is	_	_	_	
36-12	5102-5103	,	_	_	_	
36-13	5104-5108	that	_	_	_	
36-14	5109-5111	it	_	_	_	
36-15	5112-5115	was	_	_	_	
36-16	5116-5119	due	_	_	_	
36-17	5120-5122	to	_	_	_	
36-18	5123-5126	the	_	_	_	
36-19	5127-5137	refinement	_	_	_	
36-20	5138-5140	of	_	_	_	
36-21	5141-5148	feeling	_	_	_	
36-22	5149-5153	that	_	_	_	
36-23	5154-5165	accompanies	_	_	_	
36-24	5166-5170	high	_	_	_	
36-25	5171-5183	civilisation	_	_	_	
36-26	5184-5193	operating	_	_	_	
36-27	5194-5196	in	_	_	_	
36-28	5197-5198	a	_	_	_	
36-29	5199-5208	community	_	_	_	
36-30	5209-5214	quick	_	_	_	
36-31	5215-5217	to	_	_	_	
36-32	5218-5225	respond	_	_	_	
36-33	5226-5229	and	_	_	_	
36-34	5230-5232	to	_	_	_	
36-35	5233-5238	react	_	_	_	
36-36	5239-5243	when	_	_	_	
36-37	5244-5245	a	_	_	_	
36-38	5246-5252	public	_	_	_	
36-39	5253-5260	benefit	_	_	_	
36-40	5261-5263	is	_	_	_	
36-41	5264-5275	anticipated	_	_	_	
36-42	5275-5276	.	_	_	_	

#Text=One of the results of culture is an increase in the delicacy of the senses.
37-1	5277-5280	One	_	_	_	
37-2	5281-5283	of	_	_	_	
37-3	5284-5287	the	_	_	_	
37-4	5288-5295	results	_	_	_	
37-5	5296-5298	of	_	_	_	
37-6	5299-5306	culture	_	_	_	
37-7	5307-5309	is	_	_	_	
37-8	5310-5312	an	_	_	_	
37-9	5313-5321	increase	_	_	_	
37-10	5322-5324	in	_	_	_	
37-11	5325-5328	the	_	_	_	
37-12	5329-5337	delicacy	_	_	_	
37-13	5338-5340	of	_	_	_	
37-14	5341-5344	the	_	_	_	
37-15	5345-5351	senses	_	_	_	
37-16	5351-5352	.	_	_	_	

#Text=When men and women strive after refinement, they achieve it, becoming refined, in spite of what pessimists and so-called realists preach, not only in their outward behaviour, but also in their innermost thoughts and feelings, and this internal refinement implies among other things a quickening of the sense of disgust.
38-1	5353-5357	When	_	_	_	
38-2	5358-5361	men	_	_	_	
38-3	5362-5365	and	_	_	_	
38-4	5366-5371	women	_	_	_	
38-5	5372-5378	strive	_	_	_	
38-6	5379-5384	after	_	_	_	
38-7	5385-5395	refinement	_	_	_	
38-8	5395-5396	,	_	_	_	
38-9	5397-5401	they	_	_	_	
38-10	5402-5409	achieve	_	_	_	
38-11	5410-5412	it	_	_	_	
38-12	5412-5413	,	_	_	_	
38-13	5414-5422	becoming	_	_	_	
38-14	5423-5430	refined	_	_	_	
38-15	5430-5431	,	_	_	_	
38-16	5432-5434	in	_	_	_	
38-17	5435-5440	spite	_	_	_	
38-18	5441-5443	of	_	_	_	
38-19	5444-5448	what	_	_	_	
38-20	5449-5459	pessimists	_	_	_	
38-21	5460-5463	and	_	_	_	
38-22	5464-5473	so-called	_	_	_	
38-23	5474-5482	realists	_	_	_	
38-24	5483-5489	preach	_	_	_	
38-25	5489-5490	,	_	_	_	
38-26	5491-5494	not	_	_	_	
38-27	5495-5499	only	_	_	_	
38-28	5500-5502	in	_	_	_	
38-29	5503-5508	their	_	_	_	
38-30	5509-5516	outward	_	_	_	
38-31	5517-5526	behaviour	_	_	_	
38-32	5526-5527	,	_	_	_	
38-33	5528-5531	but	_	_	_	
38-34	5532-5536	also	_	_	_	
38-35	5537-5539	in	_	_	_	
38-36	5540-5545	their	_	_	_	
38-37	5546-5555	innermost	_	_	_	
38-38	5556-5564	thoughts	_	_	_	
38-39	5565-5568	and	_	_	_	
38-40	5569-5577	feelings	_	_	_	
38-41	5577-5578	,	_	_	_	
38-42	5579-5582	and	_	_	_	
38-43	5583-5587	this	_	_	_	
38-44	5588-5596	internal	_	_	_	
38-45	5597-5607	refinement	_	_	_	
38-46	5608-5615	implies	_	_	_	
38-47	5616-5621	among	_	_	_	
38-48	5622-5627	other	_	_	_	
38-49	5628-5634	things	_	_	_	
38-50	5635-5636	a	_	_	_	
38-51	5637-5647	quickening	_	_	_	
38-52	5648-5650	of	_	_	_	
38-53	5651-5654	the	_	_	_	
38-54	5655-5660	sense	_	_	_	
38-55	5661-5663	of	_	_	_	
38-56	5664-5671	disgust	_	_	_	
38-57	5671-5672	.	_	_	_	

#Text=There is naturally a close and intimate connection between the sense of smell and the nerve-centres which, when stimulated, evoke the feeling of nausea in the mind—and the bodily acts that follow it.
39-1	5673-5678	There	_	_	_	
39-2	5679-5681	is	_	_	_	
39-3	5682-5691	naturally	_	_	_	
39-4	5692-5693	a	_	_	_	
39-5	5694-5699	close	_	_	_	
39-6	5700-5703	and	_	_	_	
39-7	5704-5712	intimate	_	_	_	
39-8	5713-5723	connection	_	_	_	
39-9	5724-5731	between	_	_	_	
39-10	5732-5735	the	_	_	_	
39-11	5736-5741	sense	_	_	_	
39-12	5742-5744	of	_	_	_	
39-13	5745-5750	smell	Smell\_Word	*|*	39-22[20_0]|39-19[19_0]	
39-14	5751-5754	and	_	_	_	
39-15	5755-5758	the	_	_	_	
39-16	5759-5772	nerve-centres	_	_	_	
39-17	5773-5778	which	_	_	_	
39-18	5778-5779	,	_	_	_	
39-19	5780-5784	when	Circumstances[19]	_	_	
39-20	5785-5795	stimulated	Circumstances[19]	_	_	
39-21	5795-5796	,	_	_	_	
39-22	5797-5802	evoke	Effect[20]	_	_	
39-23	5803-5806	the	Effect[20]	_	_	
39-24	5807-5814	feeling	Effect[20]	_	_	
39-25	5815-5817	of	Effect[20]	_	_	
39-26	5818-5824	nausea	Effect[20]	_	_	
39-27	5825-5827	in	Effect[20]	_	_	
39-28	5828-5831	the	Effect[20]	_	_	
39-29	5832-5840	mind—and	Effect[20]	_	_	
39-30	5841-5844	the	_	_	_	
39-31	5845-5851	bodily	_	_	_	
39-32	5852-5856	acts	_	_	_	
39-33	5857-5861	that	_	_	_	
39-34	5862-5868	follow	_	_	_	
39-35	5869-5871	it	_	_	_	
39-36	5871-5872	.	_	_	_	

#Text=We are here dealing, in fact, with a primitive protective impulse to ensure that evil-smelling things shall not be swallowed, and the means adopted by Nature to prevent that ingestion, or, if it has accidentally occurred, to reverse it, are prompt.
40-1	5873-5875	We	_	_	_	
40-2	5876-5879	are	_	_	_	
40-3	5880-5884	here	_	_	_	
40-4	5885-5892	dealing	_	_	_	
40-5	5892-5893	,	_	_	_	
40-6	5894-5896	in	_	_	_	
40-7	5897-5901	fact	_	_	_	
40-8	5901-5902	,	_	_	_	
40-9	5903-5907	with	_	_	_	
40-10	5908-5909	a	_	_	_	
40-11	5910-5919	primitive	_	_	_	
40-12	5920-5930	protective	_	_	_	
40-13	5931-5938	impulse	_	_	_	
40-14	5939-5941	to	_	_	_	
40-15	5942-5948	ensure	_	_	_	
40-16	5949-5953	that	_	_	_	
40-17	5954-5967	evil-smelling	Smell\_Word[21]|Quality[22]	*|*	40-18[0_21]|40-17[22_21]	
40-18	5968-5974	things	Smell\_Source	_	_	
40-19	5975-5980	shall	_	_	_	
40-20	5981-5984	not	_	_	_	
40-21	5985-5987	be	_	_	_	
40-22	5988-5997	swallowed	_	_	_	
40-23	5997-5998	,	_	_	_	
40-24	5999-6002	and	_	_	_	
40-25	6003-6006	the	_	_	_	
40-26	6007-6012	means	_	_	_	
40-27	6013-6020	adopted	_	_	_	
40-28	6021-6023	by	_	_	_	
40-29	6024-6030	Nature	_	_	_	
40-30	6031-6033	to	_	_	_	
40-31	6034-6041	prevent	_	_	_	
40-32	6042-6046	that	_	_	_	
40-33	6047-6056	ingestion	_	_	_	
40-34	6056-6057	,	_	_	_	
40-35	6058-6060	or	_	_	_	
40-36	6060-6061	,	_	_	_	
40-37	6062-6064	if	_	_	_	
40-38	6065-6067	it	_	_	_	
40-39	6068-6071	has	_	_	_	
40-40	6072-6084	accidentally	_	_	_	
40-41	6085-6093	occurred	_	_	_	
40-42	6093-6094	,	_	_	_	
40-43	6095-6097	to	_	_	_	
40-44	6098-6105	reverse	_	_	_	
40-45	6106-6108	it	_	_	_	
40-46	6108-6109	,	_	_	_	
40-47	6110-6113	are	_	_	_	
40-48	6114-6120	prompt	_	_	_	
40-49	6120-6121	.	_	_	_	

#Text=And successful.
41-1	6122-6125	And	_	_	_	
41-2	6126-6136	successful	_	_	_	
41-3	6136-6137	.	_	_	_	

#Text=There is no compromise with the evil thing.
42-1	6138-6143	There	_	_	_	
42-2	6144-6146	is	_	_	_	
42-3	6147-6149	no	_	_	_	
42-4	6150-6160	compromise	_	_	_	
42-5	6161-6165	with	_	_	_	
42-6	6166-6169	the	_	_	_	
42-7	6170-6174	evil	_	_	_	
42-8	6175-6180	thing	_	_	_	
42-9	6180-6181	.	_	_	_	

#Text=Like all other nerve-reactions, this particular reflex can be educated: either up or down.
43-1	6183-6187	Like	_	_	_	
43-2	6188-6191	all	_	_	_	
43-3	6192-6197	other	_	_	_	
43-4	6198-6213	nerve-reactions	_	_	_	
43-5	6213-6214	,	_	_	_	
43-6	6215-6219	this	_	_	_	
43-7	6220-6230	particular	_	_	_	
43-8	6231-6237	reflex	_	_	_	
43-9	6238-6241	can	_	_	_	
43-10	6242-6244	be	_	_	_	
43-11	6245-6253	educated	_	_	_	
43-12	6253-6254	:	_	_	_	
43-13	6255-6261	either	_	_	_	
43-14	6262-6264	up	_	_	_	
43-15	6265-6267	or	_	_	_	
43-16	6268-6272	down	_	_	_	
43-17	6272-6273	.	_	_	_	

#Text=It can be blunted and degraded, or it can be rendered 8more acute, more prompt to react.
44-1	6274-6276	It	_	_	_	
44-2	6277-6280	can	_	_	_	
44-3	6281-6283	be	_	_	_	
44-4	6284-6291	blunted	_	_	_	
44-5	6292-6295	and	_	_	_	
44-6	6296-6304	degraded	_	_	_	
44-7	6304-6305	,	_	_	_	
44-8	6306-6308	or	_	_	_	
44-9	6309-6311	it	_	_	_	
44-10	6312-6315	can	_	_	_	
44-11	6316-6318	be	_	_	_	
44-12	6319-6327	rendered	_	_	_	
44-13	6328-6333	8more	_	_	_	
44-14	6334-6339	acute	_	_	_	
44-15	6339-6340	,	_	_	_	
44-16	6341-6345	more	_	_	_	
44-17	6346-6352	prompt	_	_	_	
44-18	6353-6355	to	_	_	_	
44-19	6356-6361	react	_	_	_	
44-20	6361-6362	.	_	_	_	

#Text=Now, one of the effects of civilised life, of town life, is to abbreviate the period of all reflex action.
45-1	6363-6366	Now	_	_	_	
45-2	6366-6367	,	_	_	_	
45-3	6368-6371	one	_	_	_	
45-4	6372-6374	of	_	_	_	
45-5	6375-6378	the	_	_	_	
45-6	6379-6386	effects	_	_	_	
45-7	6387-6389	of	_	_	_	
45-8	6390-6399	civilised	_	_	_	
45-9	6400-6404	life	_	_	_	
45-10	6404-6405	,	_	_	_	
45-11	6406-6408	of	_	_	_	
45-12	6409-6413	town	_	_	_	
45-13	6414-6418	life	_	_	_	
45-14	6418-6419	,	_	_	_	
45-15	6420-6422	is	_	_	_	
45-16	6423-6425	to	_	_	_	
45-17	6426-6436	abbreviate	_	_	_	
45-18	6437-6440	the	_	_	_	
45-19	6441-6447	period	_	_	_	
45-20	6448-6450	of	_	_	_	
45-21	6451-6454	all	_	_	_	
45-22	6455-6461	reflex	_	_	_	
45-23	6462-6468	action	_	_	_	
45-24	6468-6469	.	_	_	_	

#Text=And if this applies to knee-jerks and to seeing jokes, it is even more noticeable in the particular reflex we are here considering.
46-1	6470-6473	And	_	_	_	
46-2	6474-6476	if	_	_	_	
46-3	6477-6481	this	_	_	_	
46-4	6482-6489	applies	_	_	_	
46-5	6490-6492	to	_	_	_	
46-6	6493-6503	knee-jerks	_	_	_	
46-7	6504-6507	and	_	_	_	
46-8	6508-6510	to	_	_	_	
46-9	6511-6517	seeing	_	_	_	
46-10	6518-6523	jokes	_	_	_	
46-11	6523-6524	,	_	_	_	
46-12	6525-6527	it	_	_	_	
46-13	6528-6530	is	_	_	_	
46-14	6531-6535	even	_	_	_	
46-15	6536-6540	more	_	_	_	
46-16	6541-6551	noticeable	_	_	_	
46-17	6552-6554	in	_	_	_	
46-18	6555-6558	the	_	_	_	
46-19	6559-6569	particular	_	_	_	
46-20	6570-6576	reflex	_	_	_	
46-21	6577-6579	we	_	_	_	
46-22	6580-6583	are	_	_	_	
46-23	6584-6588	here	_	_	_	
46-24	6589-6600	considering	_	_	_	
46-25	6600-6601	.	_	_	_	

#Text=A citizen of Cologne in Coleridge’s days, for example, must have been anosmic to most of the seven-and-twenty stenches that offended the Englishman, and in my own time I have counted as many as ten objectionable public perfumes, yea!
47-1	6603-6604	A	Perceiver[23]	_	_	
47-2	6605-6612	citizen	Perceiver[23]	_	_	
47-3	6613-6615	of	Perceiver[23]	_	_	
47-4	6616-6623	Cologne	Perceiver[23]	_	_	
47-5	6624-6626	in	Time[24]	_	_	
47-6	6627-6636	Coleridge	Time[24]	_	_	
47-7	6636-6637	’	Time[24]	_	_	
47-8	6637-6638	s	Time[24]	_	_	
47-9	6639-6643	days	Time[24]	_	_	
47-10	6643-6644	,	_	_	_	
47-11	6645-6648	for	_	_	_	
47-12	6649-6656	example	_	_	_	
47-13	6656-6657	,	_	_	_	
47-14	6658-6662	must	_	_	_	
47-15	6663-6667	have	_	_	_	
47-16	6668-6672	been	_	_	_	
47-17	6673-6680	anosmic	Smell\_Word[25]|Quality[26]	*|*|*	47-17[26_25]|47-1[23_25]|47-5[24_25]	
47-18	6681-6683	to	_	_	_	
47-19	6684-6688	most	Quality[27]	_	_	
47-20	6689-6691	of	Quality[27]	_	_	
47-21	6692-6695	the	Quality[27]	_	_	
47-22	6696-6712	seven-and-twenty	Quality[27]	_	_	
47-23	6713-6721	stenches	Smell\_Word	*|*|*	47-24[28_0]|47-26[29_0]|47-19[27_0]	
47-24	6722-6726	that	Effect[28]	_	_	
47-25	6727-6735	offended	Effect[28]	_	_	
47-26	6736-6739	the	Effect[28]|Perceiver[29]	_	_	
47-27	6740-6750	Englishman	Effect[28]|Perceiver[29]	_	_	
47-28	6750-6751	,	_	_	_	
47-29	6752-6755	and	_	_	_	
47-30	6756-6758	in	Time[30]	_	_	
47-31	6759-6761	my	Time[30]	_	_	
47-32	6762-6765	own	Time[30]	_	_	
47-33	6766-6770	time	Time[30]	_	_	
47-34	6771-6772	I	Perceiver	_	_	
47-35	6773-6777	have	_	_	_	
47-36	6778-6785	counted	_	_	_	
47-37	6786-6788	as	Quality[31]	_	_	
47-38	6789-6793	many	Quality[31]	_	_	
47-39	6794-6796	as	Quality[31]	_	_	
47-40	6797-6800	ten	Quality[31]	_	_	
47-41	6801-6814	objectionable	Quality	_	_	
47-42	6815-6821	public	Quality	_	_	
47-43	6822-6830	perfumes	Smell\_Word	*|*|*|*|*|*	47-41|47-42|47-30[30_0]|47-34|47-37[31_0]|48-1[32_0]	
47-44	6830-6831	,	_	_	_	
47-45	6832-6835	yea	_	_	_	
47-46	6835-6836	!	_	_	_	

#Text=even in Lucerne, the “Lovely Lucerne” of the railway posters.
48-1	6837-6841	even	Location[32]	_	_	
48-2	6842-6844	in	Location[32]	_	_	
48-3	6845-6852	Lucerne	Location[32]	_	_	
48-4	6852-6853	,	Location[32]	_	_	
48-5	6854-6857	the	Location[32]	_	_	
48-6	6858-6859	“	Location[32]	_	_	
48-7	6859-6865	Lovely	Location[32]	_	_	
48-8	6866-6873	Lucerne	Location[32]	_	_	
48-9	6873-6874	”	Location[32]	_	_	
48-10	6875-6877	of	Location[32]	_	_	
48-11	6878-6881	the	Location[32]	_	_	
48-12	6882-6889	railway	Location[32]	_	_	
48-13	6890-6897	posters	Location[32]	_	_	
48-14	6897-6898	.	_	_	_	

#Text=Several of these, perhaps, did not amount to more than a mere whiff, just the suspicion of a something unpleasant, no more (but no less) disturbing than, say, one note a semitone flat in a major chord; two or three of them, however, to the sensitive, thin-winged organ of an English school-ma’am, would have attained to the rank of a “smell,” a word on her lips as emphatic as an oath on yours or mine; four of them, at the least, were plain stenches, and so beyond her vocabulary altogether; and one was—well!
49-1	6899-6906	Several	Smell\_Source[33]	_	_	
49-2	6907-6909	of	Smell\_Source[33]	_	_	
49-3	6910-6915	these	Smell\_Source[33]	_	_	
49-4	6915-6916	,	_	_	_	
49-5	6917-6924	perhaps	_	_	_	
49-6	6924-6925	,	_	_	_	
49-7	6926-6929	did	_	_	_	
49-8	6930-6933	not	_	_	_	
49-9	6934-6940	amount	_	_	_	
49-10	6941-6943	to	_	_	_	
49-11	6944-6948	more	_	_	_	
49-12	6949-6953	than	_	_	_	
49-13	6954-6955	a	_	_	_	
49-14	6956-6960	mere	Quality	_	_	
49-15	6961-6966	whiff	Smell\_Word	*|*	49-1[33_0]|49-14	
49-16	6966-6967	,	_	_	_	
49-17	6968-6972	just	_	_	_	
49-18	6973-6976	the	_	_	_	
49-19	6977-6986	suspicion	_	_	_	
49-20	6987-6989	of	_	_	_	
49-21	6990-6991	a	_	_	_	
49-22	6992-7001	something	_	_	_	
49-23	7002-7012	unpleasant	_	_	_	
49-24	7012-7013	,	_	_	_	
49-25	7014-7016	no	_	_	_	
49-26	7017-7021	more	_	_	_	
49-27	7022-7023	(	_	_	_	
49-28	7023-7026	but	_	_	_	
49-29	7027-7029	no	_	_	_	
49-30	7030-7034	less	_	_	_	
49-31	7034-7035	)	_	_	_	
49-32	7036-7046	disturbing	_	_	_	
49-33	7047-7051	than	_	_	_	
49-34	7051-7052	,	_	_	_	
49-35	7053-7056	say	_	_	_	
49-36	7056-7057	,	_	_	_	
49-37	7058-7061	one	_	_	_	
49-38	7062-7066	note	_	_	_	
49-39	7067-7068	a	_	_	_	
49-40	7069-7077	semitone	_	_	_	
49-41	7078-7082	flat	_	_	_	
49-42	7083-7085	in	_	_	_	
49-43	7086-7087	a	_	_	_	
49-44	7088-7093	major	_	_	_	
49-45	7094-7099	chord	_	_	_	
49-46	7099-7100	;	_	_	_	
49-47	7101-7104	two	Smell\_Source[34]	_	_	
49-48	7105-7107	or	Smell\_Source[34]	_	_	
49-49	7108-7113	three	Smell\_Source[34]	_	_	
49-50	7114-7116	of	Smell\_Source[34]	_	_	
49-51	7117-7121	them	Smell\_Source[34]	_	_	
49-52	7121-7122	,	_	_	_	
49-53	7123-7130	however	_	_	_	
49-54	7130-7131	,	_	_	_	
49-55	7132-7134	to	Perceiver[35]	_	_	
49-56	7135-7138	the	Perceiver[35]	_	_	
49-57	7139-7148	sensitive	Perceiver[35]	_	_	
49-58	7148-7149	,	Perceiver[35]	_	_	
49-59	7150-7161	thin-winged	Perceiver[35]	_	_	
49-60	7162-7167	organ	Perceiver[35]	_	_	
49-61	7168-7170	of	Perceiver[35]	_	_	
49-62	7171-7173	an	Perceiver[35]	_	_	
49-63	7174-7181	English	Perceiver[35]	_	_	
49-64	7182-7191	school-ma	Perceiver[35]	_	_	
49-65	7191-7192	’	Perceiver[35]	_	_	
49-66	7192-7194	am	Perceiver[35]	_	_	
49-67	7194-7195	,	_	_	_	
49-68	7196-7201	would	_	_	_	
49-69	7202-7206	have	_	_	_	
49-70	7207-7215	attained	_	_	_	
49-71	7216-7218	to	_	_	_	
49-72	7219-7222	the	_	_	_	
49-73	7223-7227	rank	_	_	_	
49-74	7228-7230	of	_	_	_	
49-75	7231-7232	a	_	_	_	
49-76	7233-7234	“	_	_	_	
49-77	7234-7239	smell	Smell\_Word	*|*	49-47[34_0]|49-55[35_0]	
49-78	7239-7240	,	_	_	_	
49-79	7240-7241	”	_	_	_	
49-80	7242-7243	a	_	_	_	
49-81	7244-7248	word	_	_	_	
49-82	7249-7251	on	_	_	_	
49-83	7252-7255	her	_	_	_	
49-84	7256-7260	lips	_	_	_	
49-85	7261-7263	as	_	_	_	
49-86	7264-7272	emphatic	_	_	_	
49-87	7273-7275	as	_	_	_	
49-88	7276-7278	an	_	_	_	
49-89	7279-7283	oath	_	_	_	
49-90	7284-7286	on	_	_	_	
49-91	7287-7292	yours	_	_	_	
49-92	7293-7295	or	_	_	_	
49-93	7296-7300	mine	_	_	_	
49-94	7300-7301	;	_	_	_	
49-95	7302-7306	four	Smell\_Source[36]	_	_	
49-96	7307-7309	of	Smell\_Source[36]	_	_	
49-97	7310-7314	them	Smell\_Source[36]	_	_	
49-98	7314-7315	,	_	_	_	
49-99	7316-7318	at	_	_	_	
49-100	7319-7322	the	_	_	_	
49-101	7323-7328	least	_	_	_	
49-102	7328-7329	,	_	_	_	
49-103	7330-7334	were	_	_	_	
49-104	7335-7340	plain	Quality	_	_	
49-105	7341-7349	stenches	Smell\_Word	*|*|*	49-104|49-95[36_0]|49-110	
49-106	7349-7350	,	_	_	_	
49-107	7351-7354	and	_	_	_	
49-108	7355-7357	so	_	_	_	
49-109	7358-7364	beyond	_	_	_	
49-110	7365-7368	her	Perceiver	_	_	
49-111	7369-7379	vocabulary	_	_	_	
49-112	7380-7390	altogether	_	_	_	
49-113	7390-7391	;	_	_	_	
49-114	7392-7395	and	_	_	_	
49-115	7396-7399	one	_	_	_	
49-116	7400-7408	was—well	_	_	_	
49-117	7408-7409	!	_	_	_	

#Text=beyond even mine, but only too eloquent itself of something ugly and bloated, some mess becoming aerial just round the corner.
50-1	7410-7416	beyond	_	_	_	
50-2	7417-7421	even	_	_	_	
50-3	7422-7426	mine	_	_	_	
50-4	7426-7427	,	_	_	_	
50-5	7428-7431	but	_	_	_	
50-6	7432-7436	only	_	_	_	
50-7	7437-7440	too	_	_	_	
50-8	7441-7449	eloquent	_	_	_	
50-9	7450-7456	itself	_	_	_	
50-10	7457-7459	of	_	_	_	
50-11	7460-7469	something	_	_	_	
50-12	7470-7474	ugly	_	_	_	
50-13	7475-7478	and	_	_	_	
50-14	7479-7486	bloated	_	_	_	
50-15	7486-7487	,	_	_	_	
50-16	7488-7492	some	_	_	_	
50-17	7493-7497	mess	_	_	_	
50-18	7498-7506	becoming	_	_	_	
50-19	7507-7513	aerial	_	_	_	
50-20	7514-7518	just	_	_	_	
50-21	7519-7524	round	_	_	_	
50-22	7525-7528	the	_	_	_	
50-23	7529-7535	corner	_	_	_	
50-24	7535-7536	.	_	_	_	

#Text=I did not turn that corner.
51-1	7537-7538	I	_	_	_	
51-2	7539-7542	did	_	_	_	
51-3	7543-7546	not	_	_	_	
51-4	7547-7551	turn	_	_	_	
51-5	7552-7556	that	_	_	_	
51-6	7557-7563	corner	_	_	_	
51-7	7563-7564	.	_	_	_	

#Text=Now, the people of Lucerne could never have smelled them, or at all events they could never 9have appreciated those perfumes as I did, or the town would have been evacuated.
52-1	7565-7568	Now	Time	_	_	
52-2	7568-7569	,	_	_	_	
52-3	7570-7573	the	Perceiver[37]	_	_	
52-4	7574-7580	people	Perceiver[37]	_	_	
52-5	7581-7583	of	Perceiver[37]	_	_	
52-6	7584-7591	Lucerne	Perceiver[37]	_	_	
52-7	7592-7597	could	_	_	_	
52-8	7598-7603	never	_	_	_	
52-9	7604-7608	have	_	_	_	
52-10	7609-7616	smelled	Smell\_Word	*|*|*	52-11|52-3[37_0]|52-1	
52-11	7617-7621	them	Smell\_Source	_	_	
52-12	7621-7622	,	_	_	_	
52-13	7623-7625	or	_	_	_	
52-14	7626-7628	at	_	_	_	
52-15	7629-7632	all	_	_	_	
52-16	7633-7639	events	_	_	_	
52-17	7640-7644	they	Perceiver	Anaphoric	52-3[37_0]	
52-18	7645-7650	could	_	_	_	
52-19	7651-7656	never	_	_	_	
52-20	7657-7662	9have	_	_	_	
52-21	7663-7674	appreciated	_	_	_	
52-22	7675-7680	those	_	_	_	
52-23	7681-7689	perfumes	Smell\_Word	*|*	52-17|52-25	
52-24	7690-7692	as	_	_	_	
52-25	7693-7694	I	Perceiver	_	_	
52-26	7695-7698	did	_	_	_	
52-27	7698-7699	,	_	_	_	
52-28	7700-7702	or	_	_	_	
52-29	7703-7706	the	_	_	_	
52-30	7707-7711	town	_	_	_	
52-31	7712-7717	would	_	_	_	
52-32	7718-7722	have	_	_	_	
52-33	7723-7727	been	_	_	_	
52-34	7728-7737	evacuated	_	_	_	
52-35	7737-7738	.	_	_	_	

#Text=Their olfactory sense compared with mine must have been a stupid thing, dense to begin with, and cudgelled by use and wont into blank insensibility.
53-1	7739-7744	Their	Perceiver	Anaphoric	52-3[37_0]	
53-2	7745-7754	olfactory	Smell\_Word[38]|Quality[39]	*|*|*	53-2[39_38]|53-3[0_38]|53-1[0_38]	
53-3	7755-7760	sense	Smell\_Source	_	_	
53-4	7761-7769	compared	_	_	_	
53-5	7770-7774	with	_	_	_	
53-6	7775-7779	mine	_	_	_	
53-7	7780-7784	must	_	_	_	
53-8	7785-7789	have	_	_	_	
53-9	7790-7794	been	_	_	_	
53-10	7795-7796	a	_	_	_	
53-11	7797-7803	stupid	_	_	_	
53-12	7804-7809	thing	_	_	_	
53-13	7809-7810	,	_	_	_	
53-14	7811-7816	dense	_	_	_	
53-15	7817-7819	to	_	_	_	
53-16	7820-7825	begin	_	_	_	
53-17	7826-7830	with	_	_	_	
53-18	7830-7831	,	_	_	_	
53-19	7832-7835	and	_	_	_	
53-20	7836-7845	cudgelled	_	_	_	
53-21	7846-7848	by	_	_	_	
53-22	7849-7852	use	_	_	_	
53-23	7853-7856	and	_	_	_	
53-24	7857-7861	wont	_	_	_	
53-25	7862-7866	into	_	_	_	
53-26	7867-7872	blank	_	_	_	
53-27	7873-7886	insensibility	_	_	_	
53-28	7886-7887	.	_	_	_	

#Text=Because, it is obvious, delicacy in this, as in all the senses, can only be acquired by avoiding habitual overstimulation.
54-1	7888-7895	Because	_	_	_	
54-2	7895-7896	,	_	_	_	
54-3	7897-7899	it	_	_	_	
54-4	7900-7902	is	_	_	_	
54-5	7903-7910	obvious	_	_	_	
54-6	7910-7911	,	_	_	_	
54-7	7912-7920	delicacy	_	_	_	
54-8	7921-7923	in	_	_	_	
54-9	7924-7928	this	_	_	_	
54-10	7928-7929	,	_	_	_	
54-11	7930-7932	as	_	_	_	
54-12	7933-7935	in	_	_	_	
54-13	7936-7939	all	_	_	_	
54-14	7940-7943	the	_	_	_	
54-15	7944-7950	senses	_	_	_	
54-16	7950-7951	,	_	_	_	
54-17	7952-7955	can	_	_	_	
54-18	7956-7960	only	_	_	_	
54-19	7961-7963	be	_	_	_	
54-20	7964-7972	acquired	_	_	_	
54-21	7973-7975	by	_	_	_	
54-22	7976-7984	avoiding	_	_	_	
54-23	7985-7993	habitual	_	_	_	
54-24	7994-8009	overstimulation	_	_	_	
54-25	8009-8010	.	_	_	_	

#Text=And that avoidance is only possible in a country where odours are fine, etherealised, rare.
55-1	8011-8014	And	_	_	_	
55-2	8015-8019	that	_	_	_	
55-3	8020-8029	avoidance	_	_	_	
55-4	8030-8032	is	_	_	_	
55-5	8033-8037	only	_	_	_	
55-6	8038-8046	possible	_	_	_	
55-7	8047-8049	in	Location[40]	_	_	
55-8	8050-8051	a	Location[40]	_	_	
55-9	8052-8059	country	Location[40]	_	_	
55-10	8060-8065	where	Location[40]	_	_	
55-11	8066-8072	odours	Location[40]|Smell\_Word[41]	*|*|*|*	55-13[42_41]|55-7[40_41]|55-15[0_41]|55-17[0_41]	
55-12	8073-8076	are	Location[40]	_	_	
55-13	8077-8081	fine	Location[40]|Quality[42]	_	_	
55-14	8081-8082	,	_	_	_	
55-15	8083-8095	etherealised	Quality	_	_	
55-16	8095-8096	,	_	_	_	
55-17	8097-8101	rare	Quality	_	_	
55-18	8101-8102	.	_	_	_	

#Text=Even in France, France the enlightened, the sensitive, the refined, primitive odours pervade the country, as our Army knows very well.
56-1	8104-8108	Even	_	_	_	
56-2	8109-8111	in	Location[43]	_	_	
56-3	8112-8118	France	Location[43]	_	_	
56-4	8118-8119	,	_	_	_	
56-5	8120-8126	France	_	_	_	
56-6	8127-8130	the	_	_	_	
56-7	8131-8142	enlightened	_	_	_	
56-8	8142-8143	,	_	_	_	
56-9	8144-8147	the	_	_	_	
56-10	8148-8157	sensitive	_	_	_	
56-11	8157-8158	,	_	_	_	
56-12	8159-8162	the	_	_	_	
56-13	8163-8170	refined	_	_	_	
56-14	8170-8171	,	_	_	_	
56-15	8172-8181	primitive	Quality	_	_	
56-16	8182-8188	odours	Smell\_Word	*|*|*	56-2[43_0]|56-15|56-22[44_0]	
56-17	8189-8196	pervade	_	_	_	
56-18	8197-8200	the	_	_	_	
56-19	8201-8208	country	_	_	_	
56-20	8208-8209	,	_	_	_	
56-21	8210-8212	as	_	_	_	
56-22	8213-8216	our	Perceiver[44]	_	_	
56-23	8217-8221	Army	Perceiver[44]	_	_	
56-24	8222-8227	knows	_	_	_	
56-25	8228-8232	very	_	_	_	
56-26	8233-8237	well	_	_	_	
56-27	8237-8238	.	_	_	_	

#Text=Not only is the farm dunghill given place of honour in the farm courtyard, close to doors and windows, but even in the mansions of the wealthy the cesspool still remains—not outside, but inside, the house, the water-carriage system, even the pail-system (if that can be called a system), being unknown.
57-1	8239-8242	Not	_	_	_	
57-2	8243-8247	only	_	_	_	
57-3	8248-8250	is	_	_	_	
57-4	8251-8254	the	_	_	_	
57-5	8255-8259	farm	_	_	_	
57-6	8260-8268	dunghill	_	_	_	
57-7	8269-8274	given	_	_	_	
57-8	8275-8280	place	_	_	_	
57-9	8281-8283	of	_	_	_	
57-10	8284-8290	honour	_	_	_	
57-11	8291-8293	in	_	_	_	
57-12	8294-8297	the	_	_	_	
57-13	8298-8302	farm	_	_	_	
57-14	8303-8312	courtyard	_	_	_	
57-15	8312-8313	,	_	_	_	
57-16	8314-8319	close	_	_	_	
57-17	8320-8322	to	_	_	_	
57-18	8323-8328	doors	_	_	_	
57-19	8329-8332	and	_	_	_	
57-20	8333-8340	windows	_	_	_	
57-21	8340-8341	,	_	_	_	
57-22	8342-8345	but	_	_	_	
57-23	8346-8350	even	_	_	_	
57-24	8351-8353	in	_	_	_	
57-25	8354-8357	the	_	_	_	
57-26	8358-8366	mansions	_	_	_	
57-27	8367-8369	of	_	_	_	
57-28	8370-8373	the	_	_	_	
57-29	8374-8381	wealthy	_	_	_	
57-30	8382-8385	the	_	_	_	
57-31	8386-8394	cesspool	_	_	_	
57-32	8395-8400	still	_	_	_	
57-33	8401-8412	remains—not	_	_	_	
57-34	8413-8420	outside	_	_	_	
57-35	8420-8421	,	_	_	_	
57-36	8422-8425	but	_	_	_	
57-37	8426-8432	inside	_	_	_	
57-38	8432-8433	,	_	_	_	
57-39	8434-8437	the	_	_	_	
57-40	8438-8443	house	_	_	_	
57-41	8443-8444	,	_	_	_	
57-42	8445-8448	the	_	_	_	
57-43	8449-8463	water-carriage	_	_	_	
57-44	8464-8470	system	_	_	_	
57-45	8470-8471	,	_	_	_	
57-46	8472-8476	even	_	_	_	
57-47	8477-8480	the	_	_	_	
57-48	8481-8492	pail-system	_	_	_	
57-49	8493-8494	(	_	_	_	
57-50	8494-8496	if	_	_	_	
57-51	8497-8501	that	_	_	_	
57-52	8502-8505	can	_	_	_	
57-53	8506-8508	be	_	_	_	
57-54	8509-8515	called	_	_	_	
57-55	8516-8517	a	_	_	_	
57-56	8518-8524	system	_	_	_	
57-57	8524-8525	)	_	_	_	
57-58	8525-8526	,	_	_	_	
57-59	8527-8532	being	_	_	_	
57-60	8533-8540	unknown	_	_	_	
57-61	8540-8541	.	_	_	_	

#Text=So that our Army authorities had to send round a peculiar petrol-engine, known to the Tommies as “Stinking Willie,” to empty those pools of corruption.
58-1	8542-8544	So	_	_	_	
58-2	8545-8549	that	_	_	_	
58-3	8550-8553	our	_	_	_	
58-4	8554-8558	Army	_	_	_	
58-5	8559-8570	authorities	_	_	_	
58-6	8571-8574	had	_	_	_	
58-7	8575-8577	to	_	_	_	
58-8	8578-8582	send	_	_	_	
58-9	8583-8588	round	_	_	_	
58-10	8589-8590	a	Smell\_Source[45]	_	_	
58-11	8591-8599	peculiar	Smell\_Source[45]	_	_	
58-12	8600-8613	petrol-engine	Smell\_Source[45]	_	_	
58-13	8613-8614	,	_	_	_	
58-14	8615-8620	known	_	_	_	
58-15	8621-8623	to	Perceiver[46]	_	_	
58-16	8624-8627	the	Perceiver[46]	_	_	
58-17	8628-8635	Tommies	Perceiver[46]	_	_	
58-18	8636-8638	as	_	_	_	
58-19	8639-8640	“	_	_	_	
58-20	8640-8648	Stinking	Smell\_Word	*|*|*|*	58-21|58-10[45_0]|58-15[46_0]|58-24[47_0]	
58-21	8649-8655	Willie	Smell\_Source	_	_	
58-22	8655-8656	,	_	_	_	
58-23	8656-8657	”	_	_	_	
58-24	8658-8660	to	Effect[47]	_	_	
58-25	8661-8666	empty	Effect[47]	_	_	
58-26	8667-8672	those	Effect[47]	_	_	
58-27	8673-8678	pools	Effect[47]	_	_	
58-28	8679-8681	of	Effect[47]	_	_	
58-29	8682-8692	corruption	Effect[47]	_	_	
58-30	8692-8693	.	_	_	_	

#Text=Some of the monasteries used by us as hospitals were, at the beginning of the war, even worse.
59-1	8694-8698	Some	_	_	_	
59-2	8699-8701	of	_	_	_	
59-3	8702-8705	the	_	_	_	
59-4	8706-8717	monasteries	_	_	_	
59-5	8718-8722	used	_	_	_	
59-6	8723-8725	by	_	_	_	
59-7	8726-8728	us	_	_	_	
59-8	8729-8731	as	_	_	_	
59-9	8732-8741	hospitals	_	_	_	
59-10	8742-8746	were	_	_	_	
59-11	8746-8747	,	_	_	_	
59-12	8748-8750	at	_	_	_	
59-13	8751-8754	the	_	_	_	
59-14	8755-8764	beginning	_	_	_	
59-15	8765-8767	of	_	_	_	
59-16	8768-8771	the	_	_	_	
59-17	8772-8775	war	_	_	_	
59-18	8775-8776	,	_	_	_	
59-19	8777-8781	even	_	_	_	
59-20	8782-8787	worse	_	_	_	
59-21	8787-8788	.	_	_	_	

#Text=From this we may surmise that the olfactory sense of our neighbours is not yet so sensitive as is ours.
60-1	8790-8794	From	_	_	_	
60-2	8795-8799	this	_	_	_	
60-3	8800-8802	we	_	_	_	
60-4	8803-8806	may	_	_	_	
60-5	8807-8814	surmise	_	_	_	
60-6	8815-8819	that	_	_	_	
60-7	8820-8823	the	_	_	_	
60-8	8824-8833	olfactory	Quality[48]|Smell\_Word[49]	*|*|*|*	60-8[48_49]|60-9[0_49]|60-10[50_49]|60-16[51_49]	
60-9	8834-8839	sense	Smell\_Source	_	_	
60-10	8840-8842	of	Perceiver[50]	_	_	
60-11	8843-8846	our	Perceiver[50]	_	_	
60-12	8847-8857	neighbours	Perceiver[50]	_	_	
60-13	8858-8860	is	_	_	_	
60-14	8861-8864	not	_	_	_	
60-15	8865-8868	yet	_	_	_	
60-16	8869-8871	so	Quality[51]	_	_	
60-17	8872-8881	sensitive	Quality[51]	_	_	
60-18	8882-8884	as	_	_	_	
60-19	8885-8887	is	_	_	_	
60-20	8888-8892	ours	_	_	_	
60-21	8892-8893	.	_	_	_	

#Text=But in this matter Western Europe, at its worst—say, in one of the corridor-trains to Marseilles—is a mountain-top to a pigstye compared with the old and gorgeous East.
61-1	8895-8898	But	_	_	_	
61-2	8899-8901	in	_	_	_	
61-3	8902-8906	this	_	_	_	
61-4	8907-8913	matter	_	_	_	
61-5	8914-8921	Western	_	_	_	
61-6	8922-8928	Europe	_	_	_	
61-7	8928-8929	,	_	_	_	
61-8	8930-8932	at	_	_	_	
61-9	8933-8936	its	_	_	_	
61-10	8937-8946	worst—say	_	_	_	
61-11	8946-8947	,	_	_	_	
61-12	8948-8950	in	_	_	_	
61-13	8951-8954	one	_	_	_	
61-14	8955-8957	of	_	_	_	
61-15	8958-8961	the	_	_	_	
61-16	8962-8977	corridor-trains	_	_	_	
61-17	8978-8980	to	_	_	_	
61-18	8981-8994	Marseilles—is	_	_	_	
61-19	8995-8996	a	_	_	_	
61-20	8997-9009	mountain-top	_	_	_	
61-21	9010-9012	to	_	_	_	
61-22	9013-9014	a	_	_	_	
61-23	9015-9022	pigstye	_	_	_	
61-24	9023-9031	compared	_	_	_	
61-25	9032-9036	with	_	_	_	
61-26	9037-9040	the	_	_	_	
61-27	9041-9044	old	_	_	_	
61-28	9045-9048	and	_	_	_	
61-29	9049-9057	gorgeous	_	_	_	
61-30	9058-9062	East	_	_	_	
61-31	9062-9063	.	_	_	_	

#Text=“The East,” ejaculated an old Scotsman once—“the East is just a smell!
62-1	9064-9065	“	_	_	_	
62-2	9065-9068	The	_	_	_	
62-3	9069-9073	East	_	_	_	
62-4	9073-9074	,	_	_	_	
62-5	9074-9075	”	_	_	_	
62-6	9076-9086	ejaculated	_	_	_	
62-7	9087-9089	an	_	_	_	
62-8	9090-9093	old	_	_	_	
62-9	9094-9102	Scotsman	_	_	_	
62-10	9103-9107	once	_	_	_	
62-11	9107-9108	—	_	_	_	
62-12	9108-9109	“	_	_	_	
62-13	9109-9112	the	Smell\_Source[52]	_	_	
62-14	9113-9117	East	Smell\_Source[52]	_	_	
62-15	9118-9120	is	_	_	_	
62-16	9121-9125	just	_	_	_	
62-17	9126-9127	a	_	_	_	
62-18	9128-9133	smell	Smell\_Word	*	62-13[52_0]	
62-19	9133-9134	!	_	_	_	

#Text=It begins at Port Said and disna stop till ye come to San Francisco, ... if there!”
63-1	9135-9137	It	_	_	_	
63-2	9138-9144	begins	_	_	_	
63-3	9145-9147	at	_	_	_	
63-4	9148-9152	Port	_	_	_	
63-5	9153-9157	Said	_	_	_	
63-6	9158-9161	and	_	_	_	
63-7	9162-9167	disna	_	_	_	
63-8	9168-9172	stop	_	_	_	
63-9	9173-9177	till	_	_	_	
63-10	9178-9180	ye	_	_	_	
63-11	9181-9185	come	_	_	_	
63-12	9186-9188	to	_	_	_	
63-13	9189-9192	San	_	_	_	
63-14	9193-9202	Francisco	_	_	_	
63-15	9202-9203	,	_	_	_	
63-16	9204-9205	.	_	_	_	
63-17	9205-9206	.	_	_	_	
63-18	9206-9207	.	_	_	_	
63-19	9208-9210	if	_	_	_	
63-20	9211-9216	there	_	_	_	
63-21	9216-9217	!	_	_	_	
63-22	9217-9218	”	_	_	_	

#Text=he added after a pause.
64-1	9219-9221	he	_	_	_	
64-2	9222-9227	added	_	_	_	
64-3	9228-9233	after	_	_	_	
64-4	9234-9235	a	_	_	_	
64-5	9236-9241	pause	_	_	_	
64-6	9241-9242	.	_	_	_	

#Text=From his sweeping condemnation we must, however, exempt Japan.
65-1	9243-9247	From	_	_	_	
65-2	9248-9251	his	_	_	_	
65-3	9252-9260	sweeping	_	_	_	
65-4	9261-9273	condemnation	_	_	_	
65-5	9274-9276	we	_	_	_	
65-6	9277-9281	must	_	_	_	
65-7	9281-9282	,	_	_	_	
65-8	9283-9290	however	_	_	_	
65-9	9290-9291	,	_	_	_	
65-10	9292-9298	exempt	_	_	_	
65-11	9299-9304	Japan	_	_	_	
65-12	9304-9305	.	_	_	_	

#Text=Who can ever forget the bazaar smells of India, the mingled must and fust with its background of garlic and strange vices, or the still more mysterious atmospheres of China with their deep suggestion of musk?
66-1	9307-9310	Who	_	_	_	
66-2	9311-9314	can	_	_	_	
66-3	9315-9319	ever	_	_	_	
66-4	9320-9326	forget	_	_	_	
66-5	9327-9330	the	Location[53]	_	_	
66-6	9331-9337	bazaar	Location[53]	_	_	
66-7	9338-9344	smells	Smell\_Word	*|*|*|*	66-5[53_0]|66-8[54_0]|66-19[55_0]|66-22[56_0]	
66-8	9345-9347	of	Location[54]	_	_	
66-9	9348-9353	India	Location[54]	_	_	
66-10	9353-9354	,	_	_	_	
66-11	9355-9358	the	_	_	_	
66-12	9359-9366	mingled	_	_	_	
66-13	9367-9371	must	_	_	_	
66-14	9372-9375	and	_	_	_	
66-15	9376-9380	fust	_	_	_	
66-16	9381-9385	with	_	_	_	
66-17	9386-9389	its	_	_	_	
66-18	9390-9400	background	_	_	_	
66-19	9401-9403	of	Smell\_Source[55]	_	_	
66-20	9404-9410	garlic	Smell\_Source[55]	_	_	
66-21	9411-9414	and	_	_	_	
66-22	9415-9422	strange	Smell\_Source[56]	_	_	
66-23	9423-9428	vices	Smell\_Source[56]	_	_	
66-24	9428-9429	,	_	_	_	
66-25	9430-9432	or	_	_	_	
66-26	9433-9436	the	_	_	_	
66-27	9437-9442	still	_	_	_	
66-28	9443-9447	more	_	_	_	
66-29	9448-9458	mysterious	Quality	_	_	
66-30	9459-9470	atmospheres	Smell\_Word	*|*|Relation	66-29|66-31[57_0]|66-33[58_0]	
66-31	9471-9473	of	Location[57]	_	_	
66-32	9474-9479	China	Location[57]	_	_	
66-33	9480-9484	with	Smell\_Source[58]	_	_	
66-34	9485-9490	their	Smell\_Source[58]	_	_	
66-35	9491-9495	deep	Smell\_Source[58]	_	_	
66-36	9496-9506	suggestion	Smell\_Source[58]	_	_	
66-37	9507-9509	of	Smell\_Source[58]	_	_	
66-38	9510-9514	musk	Smell\_Source[58]	_	_	
66-39	9514-9515	?	_	_	_	

#Text=Naturally the air of a cold country is clearer of obnoxious vapours than that of tropical and subtropical climes, but in spite of that, the first whiff of a Tibetan monastery, like that of an Eskimo hut, grips the throat, they say, like the air over a brewing vat.
67-1	9517-9526	Naturally	_	_	_	
67-2	9527-9530	the	Smell\_Source[59]	_	_	
67-3	9531-9534	air	Smell\_Source[59]	_	_	
67-4	9535-9537	of	Smell\_Source[59]	_	_	
67-5	9538-9539	a	Smell\_Source[59]	_	_	
67-6	9540-9544	cold	Smell\_Source[59]	_	_	
67-7	9545-9552	country	Smell\_Source[59]	_	_	
67-8	9553-9555	is	_	_	_	
67-9	9556-9563	clearer	_	_	_	
67-10	9564-9566	of	_	_	_	
67-11	9567-9576	obnoxious	Smell\_Word[60]|Quality[61]	*|*|*	67-12[0_60]|67-2[59_60]|67-11[61_60]	
67-12	9577-9584	vapours	Odour\_Carrier	_	_	
67-13	9585-9589	than	_	_	_	
67-14	9590-9594	that	_	_	_	
67-15	9595-9597	of	_	_	_	
67-16	9598-9606	tropical	_	_	_	
67-17	9607-9610	and	_	_	_	
67-18	9611-9622	subtropical	_	_	_	
67-19	9623-9629	climes	_	_	_	
67-20	9629-9630	,	_	_	_	
67-21	9631-9634	but	_	_	_	
67-22	9635-9637	in	_	_	_	
67-23	9638-9643	spite	_	_	_	
67-24	9644-9646	of	_	_	_	
67-25	9647-9651	that	_	_	_	
67-26	9651-9652	,	_	_	_	
67-27	9653-9656	the	_	_	_	
67-28	9657-9662	first	Quality	_	_	
67-29	9663-9668	whiff	Smell\_Word	*|*|*|*	67-28|67-30[62_0]|67-42[64_0]|67-35[63_0]	
67-30	9669-9671	of	Smell\_Source[62]	_	_	
67-31	9672-9673	a	Smell\_Source[62]	_	_	
67-32	9674-9681	Tibetan	Smell\_Source[62]	_	_	
67-33	9682-9691	monastery	Smell\_Source[62]	_	_	
67-34	9691-9692	,	_	_	_	
67-35	9693-9697	like	Evoked\_Odorant[63]	_	_	
67-36	9698-9702	that	Evoked\_Odorant[63]	_	_	
67-37	9703-9705	of	Evoked\_Odorant[63]	_	_	
67-38	9706-9708	an	Evoked\_Odorant[63]	_	_	
67-39	9709-9715	Eskimo	Evoked\_Odorant[63]	_	_	
67-40	9716-9719	hut	Evoked\_Odorant[63]	_	_	
67-41	9719-9720	,	_	_	_	
67-42	9721-9726	grips	Effect[64]	_	_	
67-43	9727-9730	the	Effect[64]	_	_	
67-44	9731-9737	throat	Effect[64]	_	_	
67-45	9737-9738	,	Effect[64]	_	_	
67-46	9739-9743	they	Effect[64]	_	_	
67-47	9744-9747	say	Effect[64]	_	_	
67-48	9747-9748	,	Effect[64]	_	_	
67-49	9749-9753	like	Effect[64]	_	_	
67-50	9754-9757	the	Effect[64]	_	_	
67-51	9758-9761	air	Effect[64]	_	_	
67-52	9762-9766	over	Effect[64]	_	_	
67-53	9767-9768	a	Effect[64]	_	_	
67-54	9769-9776	brewing	Effect[64]	_	_	
67-55	9777-9780	vat	Effect[64]	_	_	
67-56	9780-9781	.	_	_	_	

#Text=So that, after making every allowance for the favour of Nature, we are still entitled to claim that the relative purity of England, and of English cities, towns and even villages, is an artificial achievement.
68-1	9783-9785	So	_	_	_	
68-2	9786-9790	that	_	_	_	
68-3	9790-9791	,	_	_	_	
68-4	9792-9797	after	_	_	_	
68-5	9798-9804	making	_	_	_	
68-6	9805-9810	every	_	_	_	
68-7	9811-9820	allowance	_	_	_	
68-8	9821-9824	for	_	_	_	
68-9	9825-9828	the	_	_	_	
68-10	9829-9835	favour	_	_	_	
68-11	9836-9838	of	_	_	_	
68-12	9839-9845	Nature	_	_	_	
68-13	9845-9846	,	_	_	_	
68-14	9847-9849	we	_	_	_	
68-15	9850-9853	are	_	_	_	
68-16	9854-9859	still	_	_	_	
68-17	9860-9868	entitled	_	_	_	
68-18	9869-9871	to	_	_	_	
68-19	9872-9877	claim	_	_	_	
68-20	9878-9882	that	_	_	_	
68-21	9883-9886	the	_	_	_	
68-22	9887-9895	relative	_	_	_	
68-23	9896-9902	purity	_	_	_	
68-24	9903-9905	of	_	_	_	
68-25	9906-9913	England	_	_	_	
68-26	9913-9914	,	_	_	_	
68-27	9915-9918	and	_	_	_	
68-28	9919-9921	of	_	_	_	
68-29	9922-9929	English	_	_	_	
68-30	9930-9936	cities	_	_	_	
68-31	9936-9937	,	_	_	_	
68-32	9938-9943	towns	_	_	_	
68-33	9944-9947	and	_	_	_	
68-34	9948-9952	even	_	_	_	
68-35	9953-9961	villages	_	_	_	
68-36	9961-9962	,	_	_	_	
68-37	9963-9965	is	_	_	_	
68-38	9966-9968	an	_	_	_	
68-39	9969-9979	artificial	_	_	_	
68-40	9980-9991	achievement	_	_	_	
68-41	9991-9992	.	_	_	_	

#Text=I may therefore, with justice, raise a song of praise to our fathers who have had our country thus swept and garnished, swept of noxious vapours and emanations, and garnished with the perfume of pure and fresh air, to the delight and invigoration of our souls.
69-1	9994-9995	I	_	_	_	
69-2	9996-9999	may	_	_	_	
69-3	10000-10009	therefore	_	_	_	
69-4	10009-10010	,	_	_	_	
69-5	10011-10015	with	_	_	_	
69-6	10016-10023	justice	_	_	_	
69-7	10023-10024	,	_	_	_	
69-8	10025-10030	raise	_	_	_	
69-9	10031-10032	a	_	_	_	
69-10	10033-10037	song	_	_	_	
69-11	10038-10040	of	_	_	_	
69-12	10041-10047	praise	_	_	_	
69-13	10048-10050	to	_	_	_	
69-14	10051-10054	our	_	_	_	
69-15	10055-10062	fathers	_	_	_	
69-16	10063-10066	who	_	_	_	
69-17	10067-10071	have	_	_	_	
69-18	10072-10075	had	_	_	_	
69-19	10076-10079	our	_	_	_	
69-20	10080-10087	country	_	_	_	
69-21	10088-10092	thus	_	_	_	
69-22	10093-10098	swept	_	_	_	
69-23	10099-10102	and	_	_	_	
69-24	10103-10112	garnished	_	_	_	
69-25	10112-10113	,	_	_	_	
69-26	10114-10119	swept	_	_	_	
69-27	10120-10122	of	_	_	_	
69-28	10123-10130	noxious	Smell\_Word	*	69-29	
69-29	10131-10138	vapours	Odour\_Carrier	_	_	
69-30	10139-10142	and	_	_	_	
69-31	10143-10153	emanations	Smell\_Word	_	_	
69-32	10153-10154	,	_	_	_	
69-33	10155-10158	and	_	_	_	
69-34	10159-10168	garnished	_	_	_	
69-35	10169-10173	with	_	_	_	
69-36	10174-10177	the	_	_	_	
69-37	10178-10185	perfume	Smell\_Word	*|*	69-38[65_0]|69-44[66_0]	
69-38	10186-10188	of	Smell\_Source[65]	_	_	
69-39	10189-10193	pure	Smell\_Source[65]	_	_	
69-40	10194-10197	and	Smell\_Source[65]	_	_	
69-41	10198-10203	fresh	Smell\_Source[65]	_	_	
69-42	10204-10207	air	Smell\_Source[65]	_	_	
69-43	10207-10208	,	_	_	_	
69-44	10209-10211	to	Effect[66]	_	_	
69-45	10212-10215	the	Effect[66]	_	_	
69-46	10216-10223	delight	Effect[66]	_	_	
69-47	10224-10227	and	Effect[66]	_	_	
69-48	10228-10240	invigoration	Effect[66]	_	_	
69-49	10241-10243	of	Effect[66]	_	_	
69-50	10244-10247	our	Effect[66]	_	_	
69-51	10248-10253	souls	Effect[66]	_	_	
69-52	10253-10254	.	_	_	_	

#Text=And yet the change has only recently been brought about.
70-1	10256-10259	And	_	_	_	
70-2	10260-10263	yet	_	_	_	
70-3	10264-10267	the	_	_	_	
70-4	10268-10274	change	_	_	_	
70-5	10275-10278	has	_	_	_	
70-6	10279-10283	only	_	_	_	
70-7	10284-10292	recently	_	_	_	
70-8	10293-10297	been	_	_	_	
70-9	10298-10305	brought	_	_	_	
70-10	10306-10311	about	_	_	_	
70-11	10311-10312	.	_	_	_	

#Text=Up to the beginning of the nineteenth century the city of London
#Text=
#Text=“was certainly as foul as could be.
71-1	10313-10315	Up	Time[67]	_	_	
71-2	10316-10318	to	Time[67]	_	_	
71-3	10319-10322	the	Time[67]	_	_	
71-4	10323-10332	beginning	Time[67]	_	_	
71-5	10333-10335	of	Time[67]	_	_	
71-6	10336-10339	the	Time[67]	_	_	
71-7	10340-10350	nineteenth	Time[67]	_	_	
71-8	10351-10358	century	Time[67]	_	_	
71-9	10359-10362	the	Location[68]	_	_	
71-10	10363-10367	city	Location[68]	_	_	
71-11	10368-10370	of	Location[68]	_	_	
71-12	10371-10377	London	Location[68]	_	_	
71-13	10379-10380	“	_	_	_	
71-14	10380-10383	was	_	_	_	
71-15	10384-10393	certainly	_	_	_	
71-16	10394-10396	as	_	_	_	
71-17	10397-10401	foul	Smell\_Word[69]|Quality[70]	*|*|*	71-17[70_69]|71-9[68_69]|71-1[67_69]	
71-18	10402-10404	as	_	_	_	
71-19	10405-10410	could	_	_	_	
71-20	10411-10413	be	_	_	_	
71-21	10413-10414	.	_	_	_	

#Text=The streets were unpaved or paved only with rough cobble stones.
72-1	10415-10418	The	_	_	_	
72-2	10419-10426	streets	_	_	_	
72-3	10427-10431	were	_	_	_	
72-4	10432-10439	unpaved	_	_	_	
72-5	10440-10442	or	_	_	_	
72-6	10443-10448	paved	_	_	_	
72-7	10449-10453	only	_	_	_	
72-8	10454-10458	with	_	_	_	
72-9	10459-10464	rough	_	_	_	
72-10	10465-10471	cobble	_	_	_	
72-11	10472-10478	stones	_	_	_	
72-12	10478-10479	.	_	_	_	

#Text=There were no side walks.
73-1	10480-10485	There	_	_	_	
73-2	10486-10490	were	_	_	_	
73-3	10491-10493	no	_	_	_	
73-4	10494-10498	side	_	_	_	
73-5	10499-10504	walks	_	_	_	
73-6	10504-10505	.	_	_	_	

#Text=The houses projected over the roadway, and were unprovided with rain-water gutters, and during a shower rain fell from the roofs into the middle of the street.
74-1	10506-10509	The	_	_	_	
74-2	10510-10516	houses	_	_	_	
74-3	10517-10526	projected	_	_	_	
74-4	10527-10531	over	_	_	_	
74-5	10532-10535	the	_	_	_	
74-6	10536-10543	roadway	_	_	_	
74-7	10543-10544	,	_	_	_	
74-8	10545-10548	and	_	_	_	
74-9	10549-10553	were	_	_	_	
74-10	10554-10564	unprovided	_	_	_	
74-11	10565-10569	with	_	_	_	
74-12	10570-10580	rain-water	_	_	_	
74-13	10581-10588	gutters	_	_	_	
74-14	10588-10589	,	_	_	_	
74-15	10590-10593	and	_	_	_	
74-16	10594-10600	during	_	_	_	
74-17	10601-10602	a	_	_	_	
74-18	10603-10609	shower	_	_	_	
74-19	10610-10614	rain	_	_	_	
74-20	10615-10619	fell	_	_	_	
74-21	10620-10624	from	_	_	_	
74-22	10625-10628	the	_	_	_	
74-23	10629-10634	roofs	_	_	_	
74-24	10635-10639	into	_	_	_	
74-25	10640-10643	the	_	_	_	
74-26	10644-10650	middle	_	_	_	
74-27	10651-10653	of	_	_	_	
74-28	10654-10657	the	_	_	_	
74-29	10658-10664	street	_	_	_	
74-30	10664-10665	.	_	_	_	

#Text=These streets were filthy from constant contributions of slops and ordure from animals and human beings.
75-1	10666-10671	These	_	_	_	
75-2	10672-10679	streets	_	_	_	
75-3	10680-10684	were	_	_	_	
75-4	10685-10691	filthy	_	_	_	
75-5	10692-10696	from	_	_	_	
75-6	10697-10705	constant	_	_	_	
75-7	10706-10719	contributions	_	_	_	
75-8	10720-10722	of	_	_	_	
75-9	10723-10728	slops	_	_	_	
75-10	10729-10732	and	_	_	_	
75-11	10733-10739	ordure	_	_	_	
75-12	10740-10744	from	_	_	_	
75-13	10745-10752	animals	_	_	_	
75-14	10753-10756	and	_	_	_	
75-15	10757-10762	human	_	_	_	
75-16	10763-10769	beings	_	_	_	
75-17	10769-10770	.	_	_	_	

#Text=There were no underground drains, and the soil of the town was soaked with the filth of centuries.
76-1	10771-10776	There	_	_	_	
76-2	10777-10781	were	_	_	_	
76-3	10782-10784	no	_	_	_	
76-4	10785-10796	underground	_	_	_	
76-5	10797-10803	drains	_	_	_	
76-6	10803-10804	,	_	_	_	
76-7	10805-10808	and	_	_	_	
76-8	10809-10812	the	_	_	_	
76-9	10813-10817	soil	_	_	_	
76-10	10818-10820	of	_	_	_	
76-11	10821-10824	the	_	_	_	
76-12	10825-10829	town	_	_	_	
76-13	10830-10833	was	_	_	_	
76-14	10834-10840	soaked	_	_	_	
76-15	10841-10845	with	_	_	_	
76-16	10846-10849	the	_	_	_	
76-17	10850-10855	filth	_	_	_	
76-18	10856-10858	of	_	_	_	
76-19	10859-10868	centuries	_	_	_	
76-20	10868-10869	.	_	_	_	

#Text=This sodden condition of the soil must have affected the wells to a greater or less extent.”
77-1	10870-10874	This	_	_	_	
77-2	10875-10881	sodden	_	_	_	
77-3	10882-10891	condition	_	_	_	
77-4	10892-10894	of	_	_	_	
77-5	10895-10898	the	_	_	_	
77-6	10899-10903	soil	_	_	_	
77-7	10904-10908	must	_	_	_	
77-8	10909-10913	have	_	_	_	
77-9	10914-10922	affected	_	_	_	
77-10	10923-10926	the	_	_	_	
77-11	10927-10932	wells	_	_	_	
77-12	10933-10935	to	_	_	_	
77-13	10936-10937	a	_	_	_	
77-14	10938-10945	greater	_	_	_	
77-15	10946-10948	or	_	_	_	
77-16	10949-10953	less	_	_	_	
77-17	10954-10960	extent	_	_	_	
77-18	10960-10961	.	_	_	_	
77-19	10961-10962	”	_	_	_	

#Text=(“London, Sanitary and Medical,” by G.
78-1	10963-10964	(	_	_	_	
78-2	10964-10965	“	_	_	_	
78-3	10965-10971	London	_	_	_	
78-4	10971-10972	,	_	_	_	
78-5	10973-10981	Sanitary	_	_	_	
78-6	10982-10985	and	_	_	_	
78-7	10986-10993	Medical	_	_	_	
78-8	10993-10994	,	_	_	_	
78-9	10994-10995	”	_	_	_	
78-10	10996-10998	by	_	_	_	
78-11	10999-11000	G	_	_	_	
78-12	11000-11001	.	_	_	_	

#Text=V.
79-1	11002-11003	V	_	_	_	
79-2	11003-11004	.	_	_	_	

#Text=Poore. 1889.)
80-1	11005-11010	Poore	_	_	_	
80-2	11010-11011	.	_	_	_	
80-3	11012-11016	1889	_	_	_	
80-4	11016-11017	.	_	_	_	
80-5	11017-11018	)	_	_	_	
