#FORMAT=WebAnno TSV 3.3
#T_SP=custom.Span|label
#T_RL=custom.Relation|label|BT_custom.Span


#Text=]
#Text=
#Text=
#Text=Der Spezereyen und Materialien
#Text=
#Text=
#Text=duͤnne Rinden iſt, einen beiſſenden, lieb-
#Text=lichen und aromatiſchen Geſchmack hat,
#Text=und von Farbe ſo hoch, als immer moͤg-
#Text=
#Text=lich, iſt: dagegen ſoll man den dicken, der
#Text=wie Holtz ſchmeckt, auswerffen.
1-1	2-3	]	_	_	_	
1-2	6-9	Der	_	_	_	
1-3	10-20	Spezereyen	_	_	_	
1-4	21-24	und	_	_	_	
1-5	25-36	Materialien	_	_	_	
1-6	39-45	duͤnne	_	_	_	
1-7	46-52	Rinden	_	_	_	
1-8	53-56	iſt	_	_	_	
1-9	56-57	,	_	_	_	
1-10	58-63	einen	_	_	_	
1-11	64-74	beiſſenden	_	_	_	
1-12	74-75	,	_	_	_	
1-13	76-80	lieb	_	_	_	
1-14	80-81	-	_	_	_	
1-15	82-88	lichen	_	_	_	
1-16	89-92	und	_	_	_	
1-17	93-105	aromatiſchen	_	_	_	
1-18	106-115	Geſchmack	_	_	_	
1-19	116-119	hat	_	_	_	
1-20	119-120	,	_	_	_	
1-21	121-124	und	_	_	_	
1-22	125-128	von	_	_	_	
1-23	129-134	Farbe	_	_	_	
1-24	135-137	ſo	_	_	_	
1-25	138-142	hoch	_	_	_	
1-26	142-143	,	_	_	_	
1-27	144-147	als	_	_	_	
1-28	148-153	immer	_	_	_	
1-29	154-158	moͤg	_	_	_	
1-30	158-159	-	_	_	_	
1-31	161-165	lich	_	_	_	
1-32	165-166	,	_	_	_	
1-33	167-170	iſt	_	_	_	
1-34	170-171	:	_	_	_	
1-35	172-179	dagegen	_	_	_	
1-36	180-184	ſoll	_	_	_	
1-37	185-188	man	_	_	_	
1-38	189-192	den	_	_	_	
1-39	193-199	dicken	_	_	_	
1-40	199-200	,	_	_	_	
1-41	201-204	der	_	_	_	
1-42	205-208	wie	_	_	_	
1-43	209-214	Holtz	_	_	_	
1-44	215-223	ſchmeckt	_	_	_	
1-45	223-224	,	_	_	_	
1-46	225-235	auswerffen	_	_	_	
1-47	235-236	.	_	_	_	

#Text=Diejenigen, welche gantze Parteyen
#Text=Zimmt einkauffen, moͤgen Achtung ge-
#Text=ben, daß kein ſolcher Zimmt darunter
#Text=gemenget ſey, aus dem die Eſſentz oder
#Text=das Oel gezogen iſt, welches doch ſehr
#Text=ſchwerlich zu mercken, man muͤſte denn
#Text=Stuͤck vor Stuͤck koſten.
2-1	239-249	Diejenigen	_	_	_	
2-2	249-250	,	_	_	_	
2-3	251-257	welche	_	_	_	
2-4	258-264	gantze	_	_	_	
2-5	265-273	Parteyen	_	_	_	
2-6	274-279	Zimmt	_	_	_	
2-7	280-290	einkauffen	_	_	_	
2-8	290-291	,	_	_	_	
2-9	292-298	moͤgen	_	_	_	
2-10	299-306	Achtung	_	_	_	
2-11	307-309	ge	_	_	_	
2-12	309-310	-	_	_	_	
2-13	311-314	ben	_	_	_	
2-14	314-315	,	_	_	_	
2-15	316-319	daß	_	_	_	
2-16	320-324	kein	_	_	_	
2-17	325-332	ſolcher	_	_	_	
2-18	333-338	Zimmt	_	_	_	
2-19	339-347	darunter	_	_	_	
2-20	348-356	gemenget	_	_	_	
2-21	357-360	ſey	_	_	_	
2-22	360-361	,	_	_	_	
2-23	362-365	aus	_	_	_	
2-24	366-369	dem	_	_	_	
2-25	370-373	die	_	_	_	
2-26	374-381	Eſſentz	_	_	_	
2-27	382-386	oder	_	_	_	
2-28	387-390	das	_	_	_	
2-29	391-394	Oel	_	_	_	
2-30	395-402	gezogen	_	_	_	
2-31	403-406	iſt	_	_	_	
2-32	406-407	,	_	_	_	
2-33	408-415	welches	_	_	_	
2-34	416-420	doch	_	_	_	
2-35	421-425	ſehr	_	_	_	
2-36	426-436	ſchwerlich	_	_	_	
2-37	437-439	zu	_	_	_	
2-38	440-447	mercken	_	_	_	
2-39	447-448	,	_	_	_	
2-40	449-452	man	_	_	_	
2-41	453-459	muͤſte	_	_	_	
2-42	460-464	denn	_	_	_	
2-43	465-471	Stuͤck	_	_	_	
2-44	472-475	vor	_	_	_	
2-45	476-482	Stuͤck	_	_	_	
2-46	483-489	koſten	_	_	_	
2-47	489-490	.	_	_	_	

#Text=Dannenhero
#Text=kan ich auch keine beſſere Anweiſung ge-
#Text=ben, als, daß man den Zimmt bey ſol-
#Text=chen Leuten kauffe, die einen nicht be-
#Text=truͤgen moͤgen.
3-1	491-501	Dannenhero	_	_	_	
3-2	502-505	kan	_	_	_	
3-3	506-509	ich	_	_	_	
3-4	510-514	auch	_	_	_	
3-5	515-520	keine	_	_	_	
3-6	521-528	beſſere	_	_	_	
3-7	529-538	Anweiſung	_	_	_	
3-8	539-541	ge	_	_	_	
3-9	541-542	-	_	_	_	
3-10	543-546	ben	_	_	_	
3-11	546-547	,	_	_	_	
3-12	548-551	als	_	_	_	
3-13	551-552	,	_	_	_	
3-14	553-556	daß	_	_	_	
3-15	557-560	man	_	_	_	
3-16	561-564	den	_	_	_	
3-17	565-570	Zimmt	_	_	_	
3-18	571-574	bey	_	_	_	
3-19	575-578	ſol	_	_	_	
3-20	578-579	-	_	_	_	
3-21	580-584	chen	_	_	_	
3-22	585-591	Leuten	_	_	_	
3-23	592-598	kauffe	_	_	_	
3-24	598-599	,	_	_	_	
3-25	600-603	die	_	_	_	
3-26	604-609	einen	_	_	_	
3-27	610-615	nicht	_	_	_	
3-28	616-618	be	_	_	_	
3-29	618-619	-	_	_	_	
3-30	620-627	truͤgen	_	_	_	
3-31	628-634	moͤgen	_	_	_	
3-32	634-635	.	_	_	_	

#Text=Der Caneel/ iſt ſowohl wegen ſeiner
#Text=herrlichen Eigenſchaften, als auch ſei-
#Text=nes angenehmen Geruchs halber, ſo
#Text=ſtarck im Brauch, daß wir wenig feine
#Text=Spezereyen haben, welche dermaſſen
#Text=haͤuffig vertrieben wuͤrden.
4-1	639-642	Der	_	_	_	
4-2	643-649	Caneel	Smell\_Source	_	_	
4-3	649-650	/	_	_	_	
4-4	651-654	iſt	_	_	_	
4-5	655-661	ſowohl	_	_	_	
4-6	662-667	wegen	_	_	_	
4-7	668-674	ſeiner	_	_	_	
4-8	675-685	herrlichen	_	_	_	
4-9	686-699	Eigenſchaften	_	_	_	
4-10	699-700	,	_	_	_	
4-11	701-704	als	_	_	_	
4-12	705-709	auch	_	_	_	
4-13	710-713	ſei	Quality[1]	_	_	
4-14	713-714	-	Quality[1]	_	_	
4-15	715-718	nes	Quality[1]	_	_	
4-16	719-729	angenehmen	Quality	_	_	
4-17	730-737	Geruchs	Smell\_Word	_	_	
4-18	738-744	halber	_	_	_	
4-19	744-745	,	_	_	_	
4-20	746-748	ſo	_	_	_	
4-21	749-755	ſtarck	_	_	_	
4-22	756-758	im	_	_	_	
4-23	759-765	Brauch	_	_	_	
4-24	765-766	,	_	_	_	
4-25	767-770	daß	_	_	_	
4-26	771-774	wir	_	_	_	
4-27	775-780	wenig	_	_	_	
4-28	781-786	feine	_	_	_	
4-29	787-797	Spezereyen	_	_	_	
4-30	798-803	haben	_	_	_	
4-31	803-804	,	_	_	_	
4-32	805-811	welche	_	_	_	
4-33	812-821	dermaſſen	_	_	_	
4-34	822-830	haͤuffig	_	_	_	
4-35	831-841	vertrieben	_	_	_	
4-36	842-849	wuͤrden	_	_	_	
4-37	849-850	.	_	_	_	

#Text=Die Hol-
#Text=laͤnder ſenden uns auch eine andere
#Text=Gattung Caneel zu, das ſind breite di-
#Text=cke Rinden, die ſie, den Arabern hier-
#Text=inne nachahmend, Darcheni, wir aber
#Text=Canelle matte nennen.
5-1	851-854	Die	_	_	_	
5-2	855-858	Hol	_	_	_	
5-3	858-859	-	_	_	_	
5-4	860-867	laͤnder	_	_	_	
5-5	868-874	ſenden	_	_	_	
5-6	875-878	uns	_	_	_	
5-7	879-883	auch	_	_	_	
5-8	884-888	eine	_	_	_	
5-9	889-895	andere	_	_	_	
5-10	896-903	Gattung	_	_	_	
5-11	904-910	Caneel	_	_	_	
5-12	911-913	zu	_	_	_	
5-13	913-914	,	_	_	_	
5-14	915-918	das	_	_	_	
5-15	919-923	ſind	_	_	_	
5-16	924-930	breite	_	_	_	
5-17	931-933	di	_	_	_	
5-18	933-934	-	_	_	_	
5-19	935-938	cke	_	_	_	
5-20	939-945	Rinden	_	_	_	
5-21	945-946	,	_	_	_	
5-22	947-950	die	_	_	_	
5-23	951-954	ſie	_	_	_	
5-24	954-955	,	_	_	_	
5-25	956-959	den	_	_	_	
5-26	960-967	Arabern	_	_	_	
5-27	968-972	hier	_	_	_	
5-28	972-973	-	_	_	_	
5-29	974-978	inne	_	_	_	
5-30	979-989	nachahmend	_	_	_	
5-31	989-990	,	_	_	_	
5-32	991-999	Darcheni	_	_	_	
5-33	999-1000	,	_	_	_	
5-34	1001-1004	wir	_	_	_	
5-35	1005-1009	aber	_	_	_	
5-36	1010-1017	Canelle	_	_	_	
5-37	1018-1023	matte	_	_	_	
5-38	1024-1030	nennen	_	_	_	
5-39	1030-1031	.	_	_	_	

#Text=Dieſer Caneel
#Text=iſt die Rinde von dem Stamme und di-
#Text=cken Aeſten des Zimmtbaums;
#Text=allein,
#Text=weil es eine Wahre, die nicht viel taug,
#Text=eines Theils, weil ſie nicht mag vertrie-
#Text=ben werden, und denn, weil ſie weder
#Text=Geruch noch Geſchmack hat, es muͤſte
#Text=denn ein und ander Stuͤcke das zarte
#Text=
#Text=Haͤutlein annoch haben, in welchem ein
#Text=alſo beiſſender aromatiſcher Geſchmack
#Text=
#Text=ſtickt, daß man es ſchier unmoͤglich im
#Text=Munde leiden kan: weil auch uͤberdiß
#Text=gar wenig dergleichen darunter gefun-
#Text=den wird, ſo lohnt es nicht die Muͤhe,
#Text=daß man davon rede: zudem verkaufft
#Text=niemand dieſen Caneel, denn nur die Ta-
#Text=buletkraͤmer.
6-1	1032-1038	Dieſer	_	_	_	
6-2	1039-1045	Caneel	Smell\_Source	*	6-45	
6-3	1046-1049	iſt	_	_	_	
6-4	1050-1053	die	_	_	_	
6-5	1054-1059	Rinde	_	_	_	
6-6	1060-1063	von	_	_	_	
6-7	1064-1067	dem	_	_	_	
6-8	1068-1074	Stamme	_	_	_	
6-9	1075-1078	und	_	_	_	
6-10	1079-1081	di	_	_	_	
6-11	1081-1082	-	_	_	_	
6-12	1083-1087	cken	_	_	_	
6-13	1088-1094	Aeſten	_	_	_	
6-14	1095-1098	des	_	_	_	
6-15	1099-1109	Zimmtbaums	_	_	_	
6-16	1109-1110	;	_	_	_	
6-17	1111-1117	allein	_	_	_	
6-18	1117-1118	,	_	_	_	
6-19	1119-1123	weil	_	_	_	
6-20	1124-1126	es	_	_	_	
6-21	1127-1131	eine	_	_	_	
6-22	1132-1137	Wahre	_	_	_	
6-23	1137-1138	,	_	_	_	
6-24	1139-1142	die	_	_	_	
6-25	1143-1148	nicht	_	_	_	
6-26	1149-1153	viel	_	_	_	
6-27	1154-1158	taug	_	_	_	
6-28	1158-1159	,	_	_	_	
6-29	1160-1165	eines	_	_	_	
6-30	1166-1172	Theils	_	_	_	
6-31	1172-1173	,	_	_	_	
6-32	1174-1178	weil	_	_	_	
6-33	1179-1182	ſie	_	_	_	
6-34	1183-1188	nicht	_	_	_	
6-35	1189-1192	mag	_	_	_	
6-36	1193-1200	vertrie	_	_	_	
6-37	1200-1201	-	_	_	_	
6-38	1202-1205	ben	_	_	_	
6-39	1206-1212	werden	_	_	_	
6-40	1212-1213	,	_	_	_	
6-41	1214-1217	und	_	_	_	
6-42	1218-1222	denn	_	_	_	
6-43	1222-1223	,	_	_	_	
6-44	1224-1228	weil	_	_	_	
6-45	1229-1232	ſie	Smell\_Source	_	_	
6-46	1233-1238	weder	_	_	_	
6-47	1239-1245	Geruch	Smell\_Word	_	_	
6-48	1246-1250	noch	_	_	_	
6-49	1251-1260	Geſchmack	_	_	_	
6-50	1261-1264	hat	_	_	_	
6-51	1264-1265	,	_	_	_	
6-52	1266-1268	es	_	_	_	
6-53	1269-1275	muͤſte	_	_	_	
6-54	1276-1280	denn	_	_	_	
6-55	1281-1284	ein	_	_	_	
6-56	1285-1288	und	_	_	_	
6-57	1289-1294	ander	_	_	_	
6-58	1295-1302	Stuͤcke	_	_	_	
6-59	1303-1306	das	_	_	_	
6-60	1307-1312	zarte	_	_	_	
6-61	1314-1323	Haͤutlein	_	_	_	
6-62	1324-1330	annoch	_	_	_	
6-63	1331-1336	haben	_	_	_	
6-64	1336-1337	,	_	_	_	
6-65	1338-1340	in	_	_	_	
6-66	1341-1348	welchem	_	_	_	
6-67	1349-1352	ein	_	_	_	
6-68	1353-1357	alſo	_	_	_	
6-69	1358-1368	beiſſender	_	_	_	
6-70	1369-1381	aromatiſcher	_	_	_	
6-71	1382-1391	Geſchmack	_	_	_	
6-72	1393-1399	ſtickt	_	_	_	
6-73	1399-1400	,	_	_	_	
6-74	1401-1404	daß	_	_	_	
6-75	1405-1408	man	_	_	_	
6-76	1409-1411	es	_	_	_	
6-77	1412-1418	ſchier	_	_	_	
6-78	1419-1429	unmoͤglich	_	_	_	
6-79	1430-1432	im	_	_	_	
6-80	1433-1438	Munde	_	_	_	
6-81	1439-1445	leiden	_	_	_	
6-82	1446-1449	kan	_	_	_	
6-83	1449-1450	:	_	_	_	
6-84	1451-1455	weil	_	_	_	
6-85	1456-1460	auch	_	_	_	
6-86	1461-1469	uͤberdiß	_	_	_	
6-87	1470-1473	gar	_	_	_	
6-88	1474-1479	wenig	_	_	_	
6-89	1480-1491	dergleichen	_	_	_	
6-90	1492-1500	darunter	_	_	_	
6-91	1501-1506	gefun	_	_	_	
6-92	1506-1507	-	_	_	_	
6-93	1508-1511	den	_	_	_	
6-94	1512-1516	wird	_	_	_	
6-95	1516-1517	,	_	_	_	
6-96	1518-1520	ſo	_	_	_	
6-97	1521-1526	lohnt	_	_	_	
6-98	1527-1529	es	_	_	_	
6-99	1530-1535	nicht	_	_	_	
6-100	1536-1539	die	_	_	_	
6-101	1540-1545	Muͤhe	_	_	_	
6-102	1545-1546	,	_	_	_	
6-103	1547-1550	daß	_	_	_	
6-104	1551-1554	man	_	_	_	
6-105	1555-1560	davon	_	_	_	
6-106	1561-1565	rede	_	_	_	
6-107	1565-1566	:	_	_	_	
6-108	1567-1572	zudem	_	_	_	
6-109	1573-1582	verkaufft	_	_	_	
6-110	1583-1590	niemand	_	_	_	
6-111	1591-1597	dieſen	_	_	_	
6-112	1598-1604	Caneel	_	_	_	
6-113	1604-1605	,	_	_	_	
6-114	1606-1610	denn	_	_	_	
6-115	1611-1614	nur	_	_	_	
6-116	1615-1618	die	_	_	_	
6-117	1619-1621	Ta	_	_	_	
6-118	1621-1622	-	_	_	_	
6-119	1623-1635	buletkraͤmer	_	_	_	
6-120	1635-1636	.	_	_	_	

#Text=Canella matto.
7-1	1639-1646	Canella	_	_	_	
7-2	1647-1652	matto	_	_	_	
7-3	1652-1653	.	_	_	_	

#Text=Siehe Fig.
#Text=113.
8-1	1655-1660	Siehe	_	_	_	
8-2	1661-1664	Fig	_	_	_	
8-3	1664-1665	.	_	_	_	
8-4	1666-1669	113	_	_	_	
8-5	1669-1670	.	_	_	_	

#Text=Von dem Eſcaviſſon,
#Text=welchen etliche
#Text=fuͤr den geringſten unter dem feinen
#Text=Zimmt, andere fuͤr Canela matto, an-
#Text=dere aber fuͤr Mutterzimmt halten, will
#Text=ich nichts melden, weil doch nachgehends
#Text=von einem iedweden der Ordnung nach
#Text=ſoll gehandelt werden.
9-1	1673-1676	Von	_	_	_	
9-2	1677-1680	dem	_	_	_	
9-3	1681-1691	Eſcaviſſon	_	_	_	
9-4	1691-1692	,	_	_	_	
9-5	1693-1700	welchen	_	_	_	
9-6	1701-1708	etliche	_	_	_	
9-7	1709-1713	fuͤr	_	_	_	
9-8	1714-1717	den	_	_	_	
9-9	1718-1728	geringſten	_	_	_	
9-10	1729-1734	unter	_	_	_	
9-11	1735-1738	dem	_	_	_	
9-12	1739-1745	feinen	_	_	_	
9-13	1746-1751	Zimmt	_	_	_	
9-14	1751-1752	,	_	_	_	
9-15	1753-1759	andere	_	_	_	
9-16	1760-1764	fuͤr	_	_	_	
9-17	1765-1771	Canela	_	_	_	
9-18	1772-1777	matto	_	_	_	
9-19	1777-1778	,	_	_	_	
9-20	1779-1781	an	_	_	_	
9-21	1781-1782	-	_	_	_	
9-22	1783-1787	dere	_	_	_	
9-23	1788-1792	aber	_	_	_	
9-24	1793-1797	fuͤr	_	_	_	
9-25	1798-1809	Mutterzimmt	_	_	_	
9-26	1810-1816	halten	_	_	_	
9-27	1816-1817	,	_	_	_	
9-28	1818-1822	will	_	_	_	
9-29	1823-1826	ich	_	_	_	
9-30	1827-1833	nichts	_	_	_	
9-31	1834-1840	melden	_	_	_	
9-32	1840-1841	,	_	_	_	
9-33	1842-1846	weil	_	_	_	
9-34	1847-1851	doch	_	_	_	
9-35	1852-1863	nachgehends	_	_	_	
9-36	1864-1867	von	_	_	_	
9-37	1868-1873	einem	_	_	_	
9-38	1874-1882	iedweden	_	_	_	
9-39	1883-1886	der	_	_	_	
9-40	1887-1894	Ordnung	_	_	_	
9-41	1895-1899	nach	_	_	_	
9-42	1900-1904	ſoll	_	_	_	
9-43	1905-1914	gehandelt	_	_	_	
9-44	1915-1921	werden	_	_	_	
9-45	1921-1922	.	_	_	_	

#Text=Den feinen Ca-
#Text=neel uͤberziehen die Zuckerbecker, wenn
#Text=ſie ihn vorher in warmen Waſſer gequel-
#Text=let, und in gantz kleine Stuͤcklein zer-
#Text=ſchnitten, mit Perlenzucker, welches wir
#Text=hernachmahls Canelle de Milan nennen,
#Text=und unter dieſem Namen verkauffen.
10-1	1923-1926	Den	_	_	_	
10-2	1927-1933	feinen	_	_	_	
10-3	1934-1936	Ca	_	_	_	
10-4	1936-1937	-	_	_	_	
10-5	1938-1942	neel	_	_	_	
10-6	1943-1954	uͤberziehen	_	_	_	
10-7	1955-1958	die	_	_	_	
10-8	1959-1971	Zuckerbecker	_	_	_	
10-9	1971-1972	,	_	_	_	
10-10	1973-1977	wenn	_	_	_	
10-11	1978-1981	ſie	_	_	_	
10-12	1982-1985	ihn	_	_	_	
10-13	1986-1992	vorher	_	_	_	
10-14	1993-1995	in	_	_	_	
10-15	1996-2002	warmen	_	_	_	
10-16	2003-2009	Waſſer	_	_	_	
10-17	2010-2016	gequel	_	_	_	
10-18	2016-2017	-	_	_	_	
10-19	2018-2021	let	_	_	_	
10-20	2021-2022	,	_	_	_	
10-21	2023-2026	und	_	_	_	
10-22	2027-2029	in	_	_	_	
10-23	2030-2035	gantz	_	_	_	
10-24	2036-2042	kleine	_	_	_	
10-25	2043-2053	Stuͤcklein	_	_	_	
10-26	2054-2057	zer	_	_	_	
10-27	2057-2058	-	_	_	_	
10-28	2059-2068	ſchnitten	_	_	_	
10-29	2068-2069	,	_	_	_	
10-30	2070-2073	mit	_	_	_	
10-31	2074-2086	Perlenzucker	_	_	_	
10-32	2086-2087	,	_	_	_	
10-33	2088-2095	welches	_	_	_	
10-34	2096-2099	wir	_	_	_	
10-35	2100-2112	hernachmahls	_	_	_	
10-36	2113-2120	Canelle	_	_	_	
10-37	2121-2123	de	_	_	_	
10-38	2124-2129	Milan	_	_	_	
10-39	2130-2136	nennen	_	_	_	
10-40	2136-2137	,	_	_	_	
10-41	2138-2141	und	_	_	_	
10-42	2142-2147	unter	_	_	_	
10-43	2148-2154	dieſem	_	_	_	
10-44	2155-2160	Namen	_	_	_	
10-45	2161-2171	verkauffen	_	_	_	
10-46	2171-2172	.	_	_	_	
