#FORMAT=WebAnno TSV 3.3
#T_SP=custom.Span|label
#T_RL=custom.Relation|label|BT_custom.Span


#Text=L'odorat ne doit donc pas être fort actif dans le premier âge, où l'imagination, que peu de passions ont encore animée, n'est guère susceptible d'émotion, & où l'on n'a pas encore assez d'expérience pour prévoir avec un sens ce que nous en
#Text=[page 251]
#Text=promet un autre.
1-1	0-8	L'odorat	Smell\_Word	_	_	
1-2	9-11	ne	_	_	_	
1-3	12-16	doit	_	_	_	
1-4	17-21	donc	_	_	_	
1-5	22-25	pas	_	_	_	
1-6	26-30	être	_	_	_	
1-7	31-35	fort	_	_	_	
1-8	36-41	actif	_	_	_	
1-9	42-46	dans	_	_	_	
1-10	47-49	le	_	_	_	
1-11	50-57	premier	_	_	_	
1-12	58-61	âge	_	_	_	
1-13	61-62	,	_	_	_	
1-14	63-65	où	_	_	_	
1-15	66-79	l'imagination	_	_	_	
1-16	79-80	,	_	_	_	
1-17	81-84	que	_	_	_	
1-18	85-88	peu	_	_	_	
1-19	89-91	de	_	_	_	
1-20	92-100	passions	_	_	_	
1-21	101-104	ont	_	_	_	
1-22	105-111	encore	_	_	_	
1-23	112-118	animée	_	_	_	
1-24	118-119	,	_	_	_	
1-25	120-125	n'est	_	_	_	
1-26	126-131	guère	_	_	_	
1-27	132-143	susceptible	_	_	_	
1-28	144-153	d'émotion	_	_	_	
1-29	153-154	,	_	_	_	
1-30	155-156	&	_	_	_	
1-31	157-159	où	_	_	_	
1-32	160-164	l'on	_	_	_	
1-33	165-168	n'a	_	_	_	
1-34	169-172	pas	_	_	_	
1-35	173-179	encore	_	_	_	
1-36	180-185	assez	_	_	_	
1-37	186-198	d'expérience	_	_	_	
1-38	199-203	pour	_	_	_	
1-39	204-211	prévoir	_	_	_	
1-40	212-216	avec	_	_	_	
1-41	217-219	un	_	_	_	
1-42	220-224	sens	_	_	_	
1-43	225-227	ce	_	_	_	
1-44	228-231	que	_	_	_	
1-45	232-236	nous	_	_	_	
1-46	237-239	en	_	_	_	
1-47	240-241	[	_	_	_	
1-48	241-245	page	_	_	_	
1-49	246-249	251	_	_	_	
1-50	249-250	]	_	_	_	
1-51	251-257	promet	_	_	_	
1-52	258-260	un	_	_	_	
1-53	261-266	autre	_	_	_	
1-54	266-267	.	_	_	_	

#Text=Aussi cette conséquence est-elle parfaitement confirmée par l'observation; & il est certain que ce sens est encore obtus & presque hébété chez la plupart des enfants.
2-1	268-273	Aussi	_	_	_	
2-2	274-279	cette	_	_	_	
2-3	280-291	conséquence	_	_	_	
2-4	292-300	est-elle	_	_	_	
2-5	301-313	parfaitement	_	_	_	
2-6	314-323	confirmée	_	_	_	
2-7	324-327	par	_	_	_	
2-8	328-341	l'observation	_	_	_	
2-9	341-342	;	_	_	_	
2-10	343-344	&	_	_	_	
2-11	345-347	il	_	_	_	
2-12	348-351	est	_	_	_	
2-13	352-359	certain	_	_	_	
2-14	360-363	que	_	_	_	
2-15	364-366	ce	_	_	_	
2-16	367-371	sens	_	_	_	
2-17	372-375	est	_	_	_	
2-18	376-382	encore	_	_	_	
2-19	383-388	obtus	_	_	_	
2-20	389-390	&	_	_	_	
2-21	391-398	presque	_	_	_	
2-22	399-405	hébété	_	_	_	
2-23	406-410	chez	_	_	_	
2-24	411-413	la	_	_	_	
2-25	414-421	plupart	_	_	_	
2-26	422-425	des	_	_	_	
2-27	426-433	enfants	_	_	_	
2-28	433-434	.	_	_	_	

#Text=Non que la sensation ne soit en eux aussi fine & peut-être plus que dans les hommes, mais parce que, n'y joignant aucune autre idée, ils ne s'en affectent pas aisément d'un sentiment de plaisir ou de peine, & qu'ils n'en sont ni flattés ni blessés comme nous. je crois que, sans sortir du même système, et sans recourir à l'anatomie comparée des deux sexes, on trouveroit aisément la raison pourquoi les femmes en général s'affectent plus vivement des odeurs que les hommes.
3-1	435-438	Non	_	_	_	
3-2	439-442	que	_	_	_	
3-3	443-445	la	_	_	_	
3-4	446-455	sensation	_	_	_	
3-5	456-458	ne	_	_	_	
3-6	459-463	soit	_	_	_	
3-7	464-466	en	_	_	_	
3-8	467-470	eux	_	_	_	
3-9	471-476	aussi	_	_	_	
3-10	477-481	fine	_	_	_	
3-11	482-483	&	_	_	_	
3-12	484-493	peut-être	_	_	_	
3-13	494-498	plus	_	_	_	
3-14	499-502	que	_	_	_	
3-15	503-507	dans	_	_	_	
3-16	508-511	les	_	_	_	
3-17	512-518	hommes	_	_	_	
3-18	518-519	,	_	_	_	
3-19	520-524	mais	_	_	_	
3-20	525-530	parce	_	_	_	
3-21	531-534	que	_	_	_	
3-22	534-535	,	_	_	_	
3-23	536-539	n'y	_	_	_	
3-24	540-548	joignant	_	_	_	
3-25	549-555	aucune	_	_	_	
3-26	556-561	autre	_	_	_	
3-27	562-566	idée	_	_	_	
3-28	566-567	,	_	_	_	
3-29	568-571	ils	_	_	_	
3-30	572-574	ne	_	_	_	
3-31	575-579	s'en	_	_	_	
3-32	580-589	affectent	_	_	_	
3-33	590-593	pas	_	_	_	
3-34	594-602	aisément	_	_	_	
3-35	603-607	d'un	_	_	_	
3-36	608-617	sentiment	_	_	_	
3-37	618-620	de	_	_	_	
3-38	621-628	plaisir	_	_	_	
3-39	629-631	ou	_	_	_	
3-40	632-634	de	_	_	_	
3-41	635-640	peine	_	_	_	
3-42	640-641	,	_	_	_	
3-43	642-643	&	_	_	_	
3-44	644-650	qu'ils	_	_	_	
3-45	651-655	n'en	_	_	_	
3-46	656-660	sont	_	_	_	
3-47	661-663	ni	_	_	_	
3-48	664-671	flattés	_	_	_	
3-49	672-674	ni	_	_	_	
3-50	675-682	blessés	_	_	_	
3-51	683-688	comme	_	_	_	
3-52	689-693	nous	_	_	_	
3-53	693-694	.	_	_	_	
3-54	695-697	je	_	_	_	
3-55	698-703	crois	_	_	_	
3-56	704-707	que	_	_	_	
3-57	707-708	,	_	_	_	
3-58	709-713	sans	_	_	_	
3-59	714-720	sortir	_	_	_	
3-60	721-723	du	_	_	_	
3-61	724-728	même	_	_	_	
3-62	729-736	système	_	_	_	
3-63	736-737	,	_	_	_	
3-64	738-740	et	_	_	_	
3-65	741-745	sans	_	_	_	
3-66	746-754	recourir	_	_	_	
3-67	755-756	à	_	_	_	
3-68	757-767	l'anatomie	_	_	_	
3-69	768-776	comparée	_	_	_	
3-70	777-780	des	_	_	_	
3-71	781-785	deux	_	_	_	
3-72	786-791	sexes	_	_	_	
3-73	791-792	,	_	_	_	
3-74	793-795	on	_	_	_	
3-75	796-806	trouveroit	_	_	_	
3-76	807-815	aisément	_	_	_	
3-77	816-818	la	_	_	_	
3-78	819-825	raison	_	_	_	
3-79	826-834	pourquoi	_	_	_	
3-80	835-838	les	_	_	_	
3-81	839-845	femmes	Perceiver	_	_	
3-82	846-848	en	_	_	_	
3-83	849-856	général	_	_	_	
3-84	857-868	s'affectent	_	_	_	
3-85	869-873	plus	Quality[1]	_	_	
3-86	874-882	vivement	Quality[1]	_	_	
3-87	883-886	des	_	_	_	
3-88	887-893	odeurs	Smell\_Word	*|*	3-85[1_0]|3-81	
3-89	894-897	que	_	_	_	
3-90	898-901	les	_	_	_	
3-91	902-908	hommes	_	_	_	
3-92	908-909	.	_	_	_	

#Text=L'odorat ne doit donc pas être fort actif dans le premier âge, où l'imagination, que peu de passions ont encore animée, n'est guère susceptible d'émotion, & où l'on n'a pas encore assez d'expérience pour prévoir avec un sens ce que nous en promet un autre.
4-1	911-919	L'odorat	Smell\_Word	*|*	4-7[2_0]|4-9[3_0]	
4-2	920-922	ne	_	_	_	
4-3	923-927	doit	_	_	_	
4-4	928-932	donc	_	_	_	
4-5	933-936	pas	_	_	_	
4-6	937-941	être	_	_	_	
4-7	942-946	fort	Quality[2]	_	_	
4-8	947-952	actif	Quality[2]	_	_	
4-9	953-957	dans	Circumstances[3]	_	_	
4-10	958-960	le	Circumstances[3]	_	_	
4-11	961-968	premier	Circumstances[3]	_	_	
4-12	969-972	âge	Circumstances[3]	_	_	
4-13	972-973	,	_	_	_	
4-14	974-976	où	_	_	_	
4-15	977-990	l'imagination	_	_	_	
4-16	990-991	,	_	_	_	
4-17	992-995	que	_	_	_	
4-18	996-999	peu	_	_	_	
4-19	1000-1002	de	_	_	_	
4-20	1003-1011	passions	_	_	_	
4-21	1012-1015	ont	_	_	_	
4-22	1016-1022	encore	_	_	_	
4-23	1023-1029	animée	_	_	_	
4-24	1029-1030	,	_	_	_	
4-25	1031-1036	n'est	_	_	_	
4-26	1037-1042	guère	_	_	_	
4-27	1043-1054	susceptible	_	_	_	
4-28	1055-1064	d'émotion	_	_	_	
4-29	1064-1065	,	_	_	_	
4-30	1066-1067	&	_	_	_	
4-31	1068-1070	où	_	_	_	
4-32	1071-1075	l'on	_	_	_	
4-33	1076-1079	n'a	_	_	_	
4-34	1080-1083	pas	_	_	_	
4-35	1084-1090	encore	_	_	_	
4-36	1091-1096	assez	_	_	_	
4-37	1097-1109	d'expérience	_	_	_	
4-38	1110-1114	pour	_	_	_	
4-39	1115-1122	prévoir	_	_	_	
4-40	1123-1127	avec	_	_	_	
4-41	1128-1130	un	_	_	_	
4-42	1131-1135	sens	_	_	_	
4-43	1136-1138	ce	_	_	_	
4-44	1139-1142	que	_	_	_	
4-45	1143-1147	nous	_	_	_	
4-46	1148-1150	en	_	_	_	
4-47	1151-1157	promet	_	_	_	
4-48	1158-1160	un	_	_	_	
4-49	1161-1166	autre	_	_	_	
4-50	1166-1167	.	_	_	_	

#Text=Aussi cette conséquence est-elle parfaitement confirmée par l'observation; & il est certain que ce sens est encore obtus & presque hébété chez la plupart des enfants.
5-1	1168-1173	Aussi	_	_	_	
5-2	1174-1179	cette	_	_	_	
5-3	1180-1191	conséquence	_	_	_	
5-4	1192-1200	est-elle	_	_	_	
5-5	1201-1213	parfaitement	_	_	_	
5-6	1214-1223	confirmée	_	_	_	
5-7	1224-1227	par	_	_	_	
5-8	1228-1241	l'observation	_	_	_	
5-9	1241-1242	;	_	_	_	
5-10	1243-1244	&	_	_	_	
5-11	1245-1247	il	_	_	_	
5-12	1248-1251	est	_	_	_	
5-13	1252-1259	certain	_	_	_	
5-14	1260-1263	que	_	_	_	
5-15	1264-1266	ce	_	_	_	
5-16	1267-1271	sens	_	_	_	
5-17	1272-1275	est	_	_	_	
5-18	1276-1282	encore	_	_	_	
5-19	1283-1288	obtus	_	_	_	
5-20	1289-1290	&	_	_	_	
5-21	1291-1298	presque	_	_	_	
5-22	1299-1305	hébété	_	_	_	
5-23	1306-1310	chez	_	_	_	
5-24	1311-1313	la	_	_	_	
5-25	1314-1321	plupart	_	_	_	
5-26	1322-1325	des	_	_	_	
5-27	1326-1333	enfants	_	_	_	
5-28	1333-1334	.	_	_	_	

#Text=Non que la sensation ne soit en eux aussi fine & peut-être plus que dans les hommes, mais parce que, n'y joignant aucune autre idée, ils ne s'en affectent pas aisément d'un sentiment de plaisir ou de peine, & qu'ils n'en sont ni flattés ni blessés comme nous. je crois que, sans sortir du même système, et sans recourir à l'anatomie comparée des deux sexes, on trouveroit aisément la raison pourquoi les femmes en général s'affectent plus vivement des odeurs que les hommes.
6-1	1335-1338	Non	_	_	_	
6-2	1339-1342	que	_	_	_	
6-3	1343-1345	la	_	_	_	
6-4	1346-1355	sensation	_	_	_	
6-5	1356-1358	ne	_	_	_	
6-6	1359-1363	soit	_	_	_	
6-7	1364-1366	en	_	_	_	
6-8	1367-1370	eux	_	_	_	
6-9	1371-1376	aussi	_	_	_	
6-10	1377-1381	fine	_	_	_	
6-11	1382-1383	&	_	_	_	
6-12	1384-1393	peut-être	_	_	_	
6-13	1394-1398	plus	_	_	_	
6-14	1399-1402	que	_	_	_	
6-15	1403-1407	dans	_	_	_	
6-16	1408-1411	les	_	_	_	
6-17	1412-1418	hommes	_	_	_	
6-18	1418-1419	,	_	_	_	
6-19	1420-1424	mais	_	_	_	
6-20	1425-1430	parce	_	_	_	
6-21	1431-1434	que	_	_	_	
6-22	1434-1435	,	_	_	_	
6-23	1436-1439	n'y	_	_	_	
6-24	1440-1448	joignant	_	_	_	
6-25	1449-1455	aucune	_	_	_	
6-26	1456-1461	autre	_	_	_	
6-27	1462-1466	idée	_	_	_	
6-28	1466-1467	,	_	_	_	
6-29	1468-1471	ils	_	_	_	
6-30	1472-1474	ne	_	_	_	
6-31	1475-1479	s'en	_	_	_	
6-32	1480-1489	affectent	_	_	_	
6-33	1490-1493	pas	_	_	_	
6-34	1494-1502	aisément	_	_	_	
6-35	1503-1507	d'un	_	_	_	
6-36	1508-1517	sentiment	_	_	_	
6-37	1518-1520	de	_	_	_	
6-38	1521-1528	plaisir	_	_	_	
6-39	1529-1531	ou	_	_	_	
6-40	1532-1534	de	_	_	_	
6-41	1535-1540	peine	_	_	_	
6-42	1540-1541	,	_	_	_	
6-43	1542-1543	&	_	_	_	
6-44	1544-1550	qu'ils	_	_	_	
6-45	1551-1555	n'en	_	_	_	
6-46	1556-1560	sont	_	_	_	
6-47	1561-1563	ni	_	_	_	
6-48	1564-1571	flattés	_	_	_	
6-49	1572-1574	ni	_	_	_	
6-50	1575-1582	blessés	_	_	_	
6-51	1583-1588	comme	_	_	_	
6-52	1589-1593	nous	_	_	_	
6-53	1593-1594	.	_	_	_	
6-54	1595-1597	je	_	_	_	
6-55	1598-1603	crois	_	_	_	
6-56	1604-1607	que	_	_	_	
6-57	1607-1608	,	_	_	_	
6-58	1609-1613	sans	_	_	_	
6-59	1614-1620	sortir	_	_	_	
6-60	1621-1623	du	_	_	_	
6-61	1624-1628	même	_	_	_	
6-62	1629-1636	système	_	_	_	
6-63	1636-1637	,	_	_	_	
6-64	1638-1640	et	_	_	_	
6-65	1641-1645	sans	_	_	_	
6-66	1646-1654	recourir	_	_	_	
6-67	1655-1656	à	_	_	_	
6-68	1657-1667	l'anatomie	_	_	_	
6-69	1668-1676	comparée	_	_	_	
6-70	1677-1680	des	_	_	_	
6-71	1681-1685	deux	_	_	_	
6-72	1686-1691	sexes	_	_	_	
6-73	1691-1692	,	_	_	_	
6-74	1693-1695	on	_	_	_	
6-75	1696-1706	trouveroit	_	_	_	
6-76	1707-1715	aisément	_	_	_	
6-77	1716-1718	la	_	_	_	
6-78	1719-1725	raison	_	_	_	
6-79	1726-1734	pourquoi	_	_	_	
6-80	1735-1738	les	_	_	_	
6-81	1739-1745	femmes	Perceiver	_	_	
6-82	1746-1748	en	_	_	_	
6-83	1749-1756	général	_	_	_	
6-84	1757-1768	s'affectent	_	_	_	
6-85	1769-1773	plus	Quality[4]	_	_	
6-86	1774-1782	vivement	Quality[4]	_	_	
6-87	1783-1786	des	_	_	_	
6-88	1787-1793	odeurs	Smell\_Word	*|*	6-81|6-85[4_0]	
6-89	1794-1797	que	_	_	_	
6-90	1798-1801	les	_	_	_	
6-91	1802-1808	hommes	_	_	_	
6-92	1808-1809	.	_	_	_	

#Text=On dit que les sauvages du Canada se rendent dès leur jeunesse l'odorat si subtil, que, quoiqu'ils aient des chiens, ils ne daignent pas s'en servir à la chasse, & se servent de chiens a eux-mêmes.
7-1	1811-1813	On	_	_	_	
7-2	1814-1817	dit	_	_	_	
7-3	1818-1821	que	_	_	_	
7-4	1822-1825	les	Perceiver[5]	_	_	
7-5	1826-1834	sauvages	Perceiver[5]	_	_	
7-6	1835-1837	du	_	_	_	
7-7	1838-1844	Canada	Location	_	_	
7-8	1845-1847	se	_	_	_	
7-9	1848-1855	rendent	_	_	_	
7-10	1856-1859	dès	Time[6]	_	_	
7-11	1860-1864	leur	Time[6]	_	_	
7-12	1865-1873	jeunesse	Time[6]	_	_	
7-13	1874-1882	l'odorat	Smell\_Word	*|*|*|*	7-15|7-4[5_0]|7-7|7-10[6_0]	
7-14	1883-1885	si	_	_	_	
7-15	1886-1892	subtil	Quality	_	_	
7-16	1892-1893	,	_	_	_	
7-17	1894-1897	que	_	_	_	
7-18	1897-1898	,	_	_	_	
7-19	1899-1909	quoiqu'ils	_	_	_	
7-20	1910-1915	aient	_	_	_	
7-21	1916-1919	des	_	_	_	
7-22	1920-1926	chiens	_	_	_	
7-23	1926-1927	,	_	_	_	
7-24	1928-1931	ils	_	_	_	
7-25	1932-1934	ne	_	_	_	
7-26	1935-1943	daignent	_	_	_	
7-27	1944-1947	pas	_	_	_	
7-28	1948-1952	s'en	_	_	_	
7-29	1953-1959	servir	_	_	_	
7-30	1960-1961	à	_	_	_	
7-31	1962-1964	la	_	_	_	
7-32	1965-1971	chasse	_	_	_	
7-33	1971-1972	,	_	_	_	
7-34	1973-1974	&	_	_	_	
7-35	1975-1977	se	_	_	_	
7-36	1978-1985	servent	_	_	_	
7-37	1986-1988	de	_	_	_	
7-38	1989-1995	chiens	_	_	_	
7-39	1996-1997	a	_	_	_	
7-40	1998-2007	eux-mêmes	_	_	_	
7-41	2007-2008	.	_	_	_	

#Text=Je conçois, en effet, que si l'on élevoit les enfants à éventer leur dîner, comme le chien évente le gibier, on parviendroit peut-être à leur perfectionner l'odorat au même point; mais je ne vois pas au fond qu'on puisse en eux tirer de ce sens un usage fort utile, si ce n'est pour leur faire connaître ses rapports avec celui du goût.
8-1	2009-2011	Je	_	_	_	
8-2	2012-2019	conçois	_	_	_	
8-3	2019-2020	,	_	_	_	
8-4	2021-2023	en	_	_	_	
8-5	2024-2029	effet	_	_	_	
8-6	2029-2030	,	_	_	_	
8-7	2031-2034	que	_	_	_	
8-8	2035-2037	si	_	_	_	
8-9	2038-2042	l'on	_	_	_	
8-10	2043-2050	élevoit	_	_	_	
8-11	2051-2054	les	_	_	_	
8-12	2055-2062	enfants	Perceiver	Anaphoric|Anaphoric	8-15|8-29	
8-13	2063-2064	à	_	_	_	
8-14	2065-2072	éventer	Smell\_Word	*|*	8-12|8-16	
8-15	2073-2077	leur	Perceiver	_	_	
8-16	2078-2083	dîner	Smell\_Source	_	_	
8-17	2083-2084	,	_	_	_	
8-18	2085-2090	comme	_	_	_	
8-19	2091-2093	le	_	_	_	
8-20	2094-2099	chien	Perceiver	_	_	
8-21	2100-2106	évente	Smell\_Word	*|*	8-20|8-23	
8-22	2107-2109	le	_	_	_	
8-23	2110-2116	gibier	Smell\_Source	_	_	
8-24	2116-2117	,	_	_	_	
8-25	2118-2120	on	_	_	_	
8-26	2121-2133	parviendroit	_	_	_	
8-27	2134-2143	peut-être	_	_	_	
8-28	2144-2145	à	_	_	_	
8-29	2146-2150	leur	Perceiver	_	_	
8-30	2151-2164	perfectionner	_	_	_	
8-31	2165-2173	l'odorat	Smell\_Word	*	8-29	
8-32	2174-2176	au	_	_	_	
8-33	2177-2181	même	_	_	_	
8-34	2182-2187	point	_	_	_	
8-35	2187-2188	;	_	_	_	
8-36	2189-2193	mais	_	_	_	
8-37	2194-2196	je	_	_	_	
8-38	2197-2199	ne	_	_	_	
8-39	2200-2204	vois	_	_	_	
8-40	2205-2208	pas	_	_	_	
8-41	2209-2211	au	_	_	_	
8-42	2212-2216	fond	_	_	_	
8-43	2217-2222	qu'on	_	_	_	
8-44	2223-2229	puisse	_	_	_	
8-45	2230-2232	en	_	_	_	
8-46	2233-2236	eux	_	_	_	
8-47	2237-2242	tirer	_	_	_	
8-48	2243-2245	de	_	_	_	
8-49	2246-2248	ce	_	_	_	
8-50	2249-2253	sens	_	_	_	
8-51	2254-2256	un	_	_	_	
8-52	2257-2262	usage	_	_	_	
8-53	2263-2267	fort	_	_	_	
8-54	2268-2273	utile	_	_	_	
8-55	2273-2274	,	_	_	_	
8-56	2275-2277	si	_	_	_	
8-57	2278-2280	ce	_	_	_	
8-58	2281-2286	n'est	_	_	_	
8-59	2287-2291	pour	_	_	_	
8-60	2292-2296	leur	_	_	_	
8-61	2297-2302	faire	_	_	_	
8-62	2303-2312	connaître	_	_	_	
8-63	2313-2316	ses	_	_	_	
8-64	2317-2325	rapports	_	_	_	
8-65	2326-2330	avec	_	_	_	
8-66	2331-2336	celui	_	_	_	
8-67	2337-2339	du	_	_	_	
8-68	2340-2344	goût	_	_	_	
8-69	2344-2345	.	_	_	_	

#Text=La nature a pris soin de nous forcer à nous mettre au fait de ces rapports.
9-1	2346-2348	La	_	_	_	
9-2	2349-2355	nature	_	_	_	
9-3	2356-2357	a	_	_	_	
9-4	2358-2362	pris	_	_	_	
9-5	2363-2367	soin	_	_	_	
9-6	2368-2370	de	_	_	_	
9-7	2371-2375	nous	_	_	_	
9-8	2376-2382	forcer	_	_	_	
9-9	2383-2384	à	_	_	_	
9-10	2385-2389	nous	_	_	_	
9-11	2390-2396	mettre	_	_	_	
9-12	2397-2399	au	_	_	_	
9-13	2400-2404	fait	_	_	_	
9-14	2405-2407	de	_	_	_	
9-15	2408-2411	ces	_	_	_	
9-16	2412-2420	rapports	_	_	_	
9-17	2420-2421	.	_	_	_	

#Text=Elle a rendu l'action de ce dernier sens presque inséparable de celle de l'autre, en rendant leurs organes voisins, & plaçant dans la bouche une communication immédiate entre les deux, en sorte que nous ne goûtons rien sans le flairer.
10-1	2422-2426	Elle	_	_	_	
10-2	2427-2428	a	_	_	_	
10-3	2429-2434	rendu	_	_	_	
10-4	2435-2443	l'action	_	_	_	
10-5	2444-2446	de	_	_	_	
10-6	2447-2449	ce	_	_	_	
10-7	2450-2457	dernier	_	_	_	
10-8	2458-2462	sens	_	_	_	
10-9	2463-2470	presque	_	_	_	
10-10	2471-2482	inséparable	_	_	_	
10-11	2483-2485	de	_	_	_	
10-12	2486-2491	celle	_	_	_	
10-13	2492-2494	de	_	_	_	
10-14	2495-2502	l'autre	_	_	_	
10-15	2502-2503	,	_	_	_	
10-16	2504-2506	en	_	_	_	
10-17	2507-2514	rendant	_	_	_	
10-18	2515-2520	leurs	_	_	_	
10-19	2521-2528	organes	_	_	_	
10-20	2529-2536	voisins	_	_	_	
10-21	2536-2537	,	_	_	_	
10-22	2538-2539	&	_	_	_	
10-23	2540-2547	plaçant	_	_	_	
10-24	2548-2552	dans	_	_	_	
10-25	2553-2555	la	_	_	_	
10-26	2556-2562	bouche	_	_	_	
10-27	2563-2566	une	_	_	_	
10-28	2567-2580	communication	_	_	_	
10-29	2581-2590	immédiate	_	_	_	
10-30	2591-2596	entre	_	_	_	
10-31	2597-2600	les	_	_	_	
10-32	2601-2605	deux	_	_	_	
10-33	2605-2606	,	_	_	_	
10-34	2607-2609	en	_	_	_	
10-35	2610-2615	sorte	_	_	_	
10-36	2616-2619	que	_	_	_	
10-37	2620-2624	nous	_	_	_	
10-38	2625-2627	ne	_	_	_	
10-39	2628-2635	goûtons	_	_	_	
10-40	2636-2640	rien	_	_	_	
10-41	2641-2645	sans	_	_	_	
10-42	2646-2648	le	_	_	_	
10-43	2649-2656	flairer	_	_	_	
10-44	2656-2657	.	_	_	_	

#Text=Je voudrois seulement qu'on n'altérât pas ces rapports naturels pour tromper un enfant, en couvrant, par exemple, d'un aromate agréable le déboire d'une médecine; car la discorde des deux sens est trop grande alors pour pouvoir l'abuser; le sens le plus actif absorbant l'effet de l'autre, il n'en prend pas la médecine avec moins de dégoût; ce dégoût s'étend à toutes les sensations qui le frappent en même temps; à la présence de la plus faible, son imagination lui rappelle aussi l'autre; un parfum très suave n'est plus pour lui qu'une odeur dégoûtante; & c'est ainsi que nos indiscrètes précautions augmentent la somme des sensations déplaisantes aux dépens des agréables.
11-1	2658-2660	Je	_	_	_	
11-2	2661-2669	voudrois	_	_	_	
11-3	2670-2679	seulement	_	_	_	
11-4	2680-2685	qu'on	_	_	_	
11-5	2686-2695	n'altérât	_	_	_	
11-6	2696-2699	pas	_	_	_	
11-7	2700-2703	ces	_	_	_	
11-8	2704-2712	rapports	_	_	_	
11-9	2713-2721	naturels	_	_	_	
11-10	2722-2726	pour	_	_	_	
11-11	2727-2734	tromper	_	_	_	
11-12	2735-2737	un	_	_	_	
11-13	2738-2744	enfant	Perceiver	Anaphoric	11-100	
11-14	2744-2745	,	_	_	_	
11-15	2746-2748	en	_	_	_	
11-16	2749-2757	couvrant	Effect	_	_	
11-17	2757-2758	,	_	_	_	
11-18	2759-2762	par	_	_	_	
11-19	2763-2770	exemple	_	_	_	
11-20	2770-2771	,	_	_	_	
11-21	2772-2776	d'un	_	_	_	
11-22	2777-2784	aromate	Smell\_Word	*|*|*|*	11-13|11-23|11-27|11-16	
11-23	2785-2793	agréable	Quality	_	_	
11-24	2794-2796	le	_	_	_	
11-25	2797-2804	déboire	_	_	_	
11-26	2805-2810	d'une	_	_	_	
11-27	2811-2819	médecine	Smell\_Source	_	_	
11-28	2819-2820	;	_	_	_	
11-29	2821-2824	car	_	_	_	
11-30	2825-2827	la	_	_	_	
11-31	2828-2836	discorde	_	_	_	
11-32	2837-2840	des	_	_	_	
11-33	2841-2845	deux	_	_	_	
11-34	2846-2850	sens	_	_	_	
11-35	2851-2854	est	_	_	_	
11-36	2855-2859	trop	_	_	_	
11-37	2860-2866	grande	_	_	_	
11-38	2867-2872	alors	_	_	_	
11-39	2873-2877	pour	_	_	_	
11-40	2878-2885	pouvoir	_	_	_	
11-41	2886-2894	l'abuser	_	_	_	
11-42	2894-2895	;	_	_	_	
11-43	2896-2898	le	_	_	_	
11-44	2899-2903	sens	_	_	_	
11-45	2904-2906	le	_	_	_	
11-46	2907-2911	plus	_	_	_	
11-47	2912-2917	actif	_	_	_	
11-48	2918-2927	absorbant	_	_	_	
11-49	2928-2935	l'effet	_	_	_	
11-50	2936-2938	de	_	_	_	
11-51	2939-2946	l'autre	_	_	_	
11-52	2946-2947	,	_	_	_	
11-53	2948-2950	il	_	_	_	
11-54	2951-2955	n'en	_	_	_	
11-55	2956-2961	prend	_	_	_	
11-56	2962-2965	pas	_	_	_	
11-57	2966-2968	la	_	_	_	
11-58	2969-2977	médecine	_	_	_	
11-59	2978-2982	avec	_	_	_	
11-60	2983-2988	moins	_	_	_	
11-61	2989-2991	de	_	_	_	
11-62	2992-2998	dégoût	_	_	_	
11-63	2998-2999	;	_	_	_	
11-64	3000-3002	ce	_	_	_	
11-65	3003-3009	dégoût	_	_	_	
11-66	3010-3017	s'étend	_	_	_	
11-67	3018-3019	à	_	_	_	
11-68	3020-3026	toutes	_	_	_	
11-69	3027-3030	les	_	_	_	
11-70	3031-3041	sensations	_	_	_	
11-71	3042-3045	qui	_	_	_	
11-72	3046-3048	le	_	_	_	
11-73	3049-3057	frappent	_	_	_	
11-74	3058-3060	en	_	_	_	
11-75	3061-3065	même	_	_	_	
11-76	3066-3071	temps	_	_	_	
11-77	3071-3072	;	_	_	_	
11-78	3073-3074	à	_	_	_	
11-79	3075-3077	la	_	_	_	
11-80	3078-3086	présence	_	_	_	
11-81	3087-3089	de	_	_	_	
11-82	3090-3092	la	_	_	_	
11-83	3093-3097	plus	_	_	_	
11-84	3098-3104	faible	_	_	_	
11-85	3104-3105	,	_	_	_	
11-86	3106-3109	son	_	_	_	
11-87	3110-3121	imagination	_	_	_	
11-88	3122-3125	lui	_	_	_	
11-89	3126-3134	rappelle	_	_	_	
11-90	3135-3140	aussi	_	_	_	
11-91	3141-3148	l'autre	_	_	_	
11-92	3148-3149	;	_	_	_	
11-93	3150-3152	un	_	_	_	
11-94	3153-3159	parfum	Smell\_Word	*|*	11-100|11-96	
11-95	3160-3164	très	_	_	_	
11-96	3165-3170	suave	Quality	_	_	
11-97	3171-3176	n'est	_	_	_	
11-98	3177-3181	plus	_	_	_	
11-99	3182-3186	pour	_	_	_	
11-100	3187-3190	lui	Perceiver	_	_	
11-101	3191-3197	qu'une	_	_	_	
11-102	3198-3203	odeur	Smell\_Word	*|*	11-103|11-100	
11-103	3204-3214	dégoûtante	Quality	_	_	
11-104	3214-3215	;	_	_	_	
11-105	3216-3217	&	_	_	_	
11-106	3218-3223	c'est	_	_	_	
11-107	3224-3229	ainsi	_	_	_	
11-108	3230-3233	que	_	_	_	
11-109	3234-3237	nos	_	_	_	
11-110	3238-3249	indiscrètes	_	_	_	
11-111	3250-3261	précautions	_	_	_	
11-112	3262-3272	augmentent	_	_	_	
11-113	3273-3275	la	_	_	_	
11-114	3276-3281	somme	_	_	_	
11-115	3282-3285	des	_	_	_	
11-116	3286-3296	sensations	_	_	_	
11-117	3297-3309	déplaisantes	_	_	_	
11-118	3310-3313	aux	_	_	_	
11-119	3314-3320	dépens	_	_	_	
11-120	3321-3324	des	_	_	_	
11-121	3325-3334	agréables	_	_	_	
11-122	3334-3335	.	_	_	_	
