#FORMAT=WebAnno TSV 3.3


#Text=Het
#Text=saizoen, om het meerder gedeelte der zaaden te zaajen, die doorgaans in eenerlei
#Text=jaargetyde gezaait worden;
#Text=de tyd, om enten of griffelen te maken, te snoeijen, en te
#Text=planten, het zy wynstokken, het zy boomen, het welk insgelyks niet dan in zekere
#Text=maanden geschied;
#Text=dit alles leert ons, en is gelyk als een onderwyzing der Natuur,
#Text=om wel acht te geven, wat de aarde vereischt, en op welken tyd zy het vereischt.
1-1	2-5	Het	
1-2	6-13	saizoen	
1-3	13-14	,	
1-4	15-17	om	
1-5	18-21	het	
1-6	22-29	meerder	
1-7	30-38	gedeelte	
1-8	39-42	der	
1-9	43-49	zaaden	
1-10	50-52	te	
1-11	53-59	zaajen	
1-12	59-60	,	
1-13	61-64	die	
1-14	65-74	doorgaans	
1-15	75-77	in	
1-16	78-86	eenerlei	
1-17	87-97	jaargetyde	
1-18	98-105	gezaait	
1-19	106-112	worden	
1-20	112-113	;	
1-21	114-116	de	
1-22	117-120	tyd	
1-23	120-121	,	
1-24	122-124	om	
1-25	125-130	enten	
1-26	131-133	of	
1-27	134-143	griffelen	
1-28	144-146	te	
1-29	147-152	maken	
1-30	152-153	,	
1-31	154-156	te	
1-32	157-165	snoeijen	
1-33	165-166	,	
1-34	167-169	en	
1-35	170-172	te	
1-36	173-180	planten	
1-37	180-181	,	
1-38	182-185	het	
1-39	186-188	zy	
1-40	189-199	wynstokken	
1-41	199-200	,	
1-42	201-204	het	
1-43	205-207	zy	
1-44	208-214	boomen	
1-45	214-215	,	
1-46	216-219	het	
1-47	220-224	welk	
1-48	225-234	insgelyks	
1-49	235-239	niet	
1-50	240-243	dan	
1-51	244-246	in	
1-52	247-253	zekere	
1-53	254-261	maanden	
1-54	262-270	geschied	
1-55	270-271	;	
1-56	272-275	dit	
1-57	276-281	alles	
1-58	282-287	leert	
1-59	288-291	ons	
1-60	291-292	,	
1-61	293-295	en	
1-62	296-298	is	
1-63	299-304	gelyk	
1-64	305-308	als	
1-65	309-312	een	
1-66	313-324	onderwyzing	
1-67	325-328	der	
1-68	329-335	Natuur	
1-69	335-336	,	
1-70	337-339	om	
1-71	340-343	wel	
1-72	344-348	acht	
1-73	349-351	te	
1-74	352-357	geven	
1-75	357-358	,	
1-76	359-362	wat	
1-77	363-365	de	
1-78	366-371	aarde	
1-79	372-381	vereischt	
1-80	381-382	,	
1-81	383-385	en	
1-82	386-388	op	
1-83	389-395	welken	
1-84	396-399	tyd	
1-85	400-402	zy	
1-86	403-406	het	
1-87	407-416	vereischt	
1-88	416-417	.	

#Text=Hier
#Text=uit heb ik door een langduurige en nauwkeurige opmerking geleert, dat men omtrent
#Text=de boomen veel moet bezig zyn, het zy dezelve een ligte en drooge, het zy ze een
#Text=zware en vogtige grond hebben;
#Text=dog omtrent de eerste in regenachtig, omtrent de
#Text=laatste in warm weêr.
2-1	418-422	Hier	
2-2	423-426	uit	
2-3	427-430	heb	
2-4	431-433	ik	
2-5	434-438	door	
2-6	439-442	een	
2-7	443-454	langduurige	
2-8	455-457	en	
2-9	458-469	nauwkeurige	
2-10	470-479	opmerking	
2-11	480-487	geleert	
2-12	487-488	,	
2-13	489-492	dat	
2-14	493-496	men	
2-15	497-504	omtrent	
2-16	505-507	de	
2-17	508-514	boomen	
2-18	515-519	veel	
2-19	520-524	moet	
2-20	525-530	bezig	
2-21	531-534	zyn	
2-22	534-535	,	
2-23	536-539	het	
2-24	540-542	zy	
2-25	543-550	dezelve	
2-26	551-554	een	
2-27	555-560	ligte	
2-28	561-563	en	
2-29	564-570	drooge	
2-30	570-571	,	
2-31	572-575	het	
2-32	576-578	zy	
2-33	579-581	ze	
2-34	582-585	een	
2-35	586-591	zware	
2-36	592-594	en	
2-37	595-602	vogtige	
2-38	603-608	grond	
2-39	609-615	hebben	
2-40	615-616	;	
2-41	617-620	dog	
2-42	621-628	omtrent	
2-43	629-631	de	
2-44	632-638	eerste	
2-45	639-641	in	
2-46	642-653	regenachtig	
2-47	653-654	,	
2-48	655-662	omtrent	
2-49	663-665	de	
2-50	666-673	laatste	
2-51	674-676	in	
2-52	677-681	warm	
2-53	682-686	weêr	
2-54	686-687	.	

#Text=Deze menigvuldige bewerking der Aarde, van my tot hier toe aangewezen, baart
#Text=een zonderlinge nuttigheit; want behalven dat ze belet, dat een gedeelte der Aarde
#Text=door het geduurig voortbrengen van plantgewassen en andere vruchten, niet uitgeput
#Text=wordt, zoo veroorzaakt ze ook, dat allerlei
#Text=
#Text=M.
3-1	690-694	Deze	
3-2	695-707	menigvuldige	
3-3	708-717	bewerking	
3-4	718-721	der	
3-5	722-727	Aarde	
3-6	727-728	,	
3-7	729-732	van	
3-8	733-735	my	
3-9	736-739	tot	
3-10	740-744	hier	
3-11	745-748	toe	
3-12	749-759	aangewezen	
3-13	759-760	,	
3-14	761-766	baart	
3-15	767-770	een	
3-16	771-782	zonderlinge	
3-17	783-793	nuttigheit	
3-18	793-794	;	
3-19	795-799	want	
3-20	800-808	behalven	
3-21	809-812	dat	
3-22	813-815	ze	
3-23	816-821	belet	
3-24	821-822	,	
3-25	823-826	dat	
3-26	827-830	een	
3-27	831-839	gedeelte	
3-28	840-843	der	
3-29	844-849	Aarde	
3-30	850-854	door	
3-31	855-858	het	
3-32	859-867	geduurig	
3-33	868-880	voortbrengen	
3-34	881-884	van	
3-35	885-898	plantgewassen	
3-36	899-901	en	
3-37	902-908	andere	
3-38	909-917	vruchten	
3-39	917-918	,	
3-40	919-923	niet	
3-41	924-932	uitgeput	
3-42	933-938	wordt	
3-43	938-939	,	
3-44	940-943	zoo	
3-45	944-955	veroorzaakt	
3-46	956-958	ze	
3-47	959-962	ook	
3-48	962-963	,	
3-49	964-967	dat	
3-50	968-976	allerlei	
3-51	978-979	M	
3-52	979-980	.	

#Text=Noel Chomel, Huishoudelyk woordboek
#Text=
#Text=\f10
#Text=onkruid uitgeroeit en onder de Aarde bedolven zynde, den grond dieste vetter en
#Text=vruchtbaarder maakt.
4-1	981-985	Noel	
4-2	986-992	Chomel	
4-3	992-993	,	
4-4	994-1006	Huishoudelyk	
4-5	1007-1016	woordboek	
4-6	1019-1021	10	
4-7	1022-1029	onkruid	
4-8	1030-1040	uitgeroeit	
4-9	1041-1043	en	
4-10	1044-1049	onder	
4-11	1050-1052	de	
4-12	1053-1058	Aarde	
4-13	1059-1067	bedolven	
4-14	1068-1073	zynde	
4-15	1073-1074	,	
4-16	1075-1078	den	
4-17	1079-1084	grond	
4-18	1085-1091	dieste	
4-19	1092-1098	vetter	
4-20	1099-1101	en	
4-21	1102-1115	vruchtbaarder	
4-22	1116-1121	maakt	
4-23	1121-1122	.	

#Text=Edog dit alles is niet genoeg, ten zy tusschen beiden het onkruid,
#Text=het welk in het byzonder in den Zomer en Herfst het aardryk bedekt, uitgerukt en
#Text=gewiedt wordt, voor al eer het in ’t zaad schiet, ende het goede gewas verstikke.
5-1	1123-1127	Edog	
5-2	1128-1131	dit	
5-3	1132-1137	alles	
5-4	1138-1140	is	
5-5	1141-1145	niet	
5-6	1146-1152	genoeg	
5-7	1152-1153	,	
5-8	1154-1157	ten	
5-9	1158-1160	zy	
5-10	1161-1169	tusschen	
5-11	1170-1176	beiden	
5-12	1177-1180	het	
5-13	1181-1188	onkruid	
5-14	1188-1189	,	
5-15	1190-1193	het	
5-16	1194-1198	welk	
5-17	1199-1201	in	
5-18	1202-1205	het	
5-19	1206-1214	byzonder	
5-20	1215-1217	in	
5-21	1218-1221	den	
5-22	1222-1227	Zomer	
5-23	1228-1230	en	
5-24	1231-1237	Herfst	
5-25	1238-1241	het	
5-26	1242-1249	aardryk	
5-27	1250-1256	bedekt	
5-28	1256-1257	,	
5-29	1258-1267	uitgerukt	
5-30	1268-1270	en	
5-31	1271-1278	gewiedt	
5-32	1279-1284	wordt	
5-33	1284-1285	,	
5-34	1286-1290	voor	
5-35	1291-1293	al	
5-36	1294-1297	eer	
5-37	1298-1301	het	
5-38	1302-1304	in	
5-39	1305-1306	’	
5-40	1306-1307	t	
5-41	1308-1312	zaad	
5-42	1313-1319	schiet	
5-43	1319-1320	,	
5-44	1321-1325	ende	
5-45	1326-1329	het	
5-46	1330-1335	goede	
5-47	1336-1341	gewas	
5-48	1342-1351	verstikke	
5-49	1351-1352	.	

#Text=Ik moet hier als in ’t voorby gaan zeggen, dat wanneer de boomen bloeijen, en de
#Text=wyngaart begint uit te botten, de Aarde niet moet aangeraakt worden.
6-1	1355-1357	Ik	
6-2	1358-1362	moet	
6-3	1363-1367	hier	
6-4	1368-1371	als	
6-5	1372-1374	in	
6-6	1375-1376	’	
6-7	1376-1377	t	
6-8	1378-1384	voorby	
6-9	1385-1389	gaan	
6-10	1390-1396	zeggen	
6-11	1396-1397	,	
6-12	1398-1401	dat	
6-13	1402-1409	wanneer	
6-14	1410-1412	de	
6-15	1413-1419	boomen	
6-16	1420-1428	bloeijen	
6-17	1428-1429	,	
6-18	1430-1432	en	
6-19	1433-1435	de	
6-20	1436-1444	wyngaart	
6-21	1445-1451	begint	
6-22	1452-1455	uit	
6-23	1456-1458	te	
6-24	1459-1465	botten	
6-25	1465-1466	,	
6-26	1467-1469	de	
6-27	1470-1475	Aarde	
6-28	1476-1480	niet	
6-29	1481-1485	moet	
6-30	1486-1496	aangeraakt	
6-31	1497-1503	worden	
6-32	1503-1504	.	

#Text=De grond, in
#Text=de Lente versch omgespit, waassemt vele dampen uit, die op de minste vorst wit
#Text=worden, het welk in dat saizoen zeer gemeen is.
7-1	1505-1507	De	
7-2	1508-1513	grond	
7-3	1513-1514	,	
7-4	1515-1517	in	
7-5	1518-1520	de	
7-6	1521-1526	Lente	
7-7	1527-1533	versch	
7-8	1534-1542	omgespit	
7-9	1542-1543	,	
7-10	1544-1552	waassemt	
7-11	1553-1557	vele	
7-12	1558-1564	dampen	
7-13	1565-1568	uit	
7-14	1568-1569	,	
7-15	1570-1573	die	
7-16	1574-1576	op	
7-17	1577-1579	de	
7-18	1580-1586	minste	
7-19	1587-1592	vorst	
7-20	1593-1596	wit	
7-21	1597-1603	worden	
7-22	1603-1604	,	
7-23	1605-1608	het	
7-24	1609-1613	welk	
7-25	1614-1616	in	
7-26	1617-1620	dat	
7-27	1621-1628	saizoen	
7-28	1629-1633	zeer	
7-29	1634-1640	gemeen	
7-30	1641-1643	is	
7-31	1643-1644	.	

#Text=Deze dampen nu op de oppervlakte
#Text=der Aarde blyvende, bevogtigen ook de bloessem, die bygevolg door den opkomenden
#Text=vorst ook verslenst.
8-1	1645-1649	Deze	
8-2	1650-1656	dampen	
8-3	1657-1659	nu	
8-4	1660-1662	op	
8-5	1663-1665	de	
8-6	1666-1677	oppervlakte	
8-7	1678-1681	der	
8-8	1682-1687	Aarde	
8-9	1688-1696	blyvende	
8-10	1696-1697	,	
8-11	1698-1708	bevogtigen	
8-12	1709-1712	ook	
8-13	1713-1715	de	
8-14	1716-1724	bloessem	
8-15	1724-1725	,	
8-16	1726-1729	die	
8-17	1730-1738	bygevolg	
8-18	1739-1743	door	
8-19	1744-1747	den	
8-20	1748-1758	opkomenden	
8-21	1759-1764	vorst	
8-22	1765-1768	ook	
8-23	1769-1778	verslenst	
8-24	1778-1779	.	

#Text=Maar Aarde, in dat saizoen niet bewerkt, maar hebbende een
#Text=hardere oppervlakte, zal ook gene dampen uitwaassemen, en uit dien hoofde voor
#Text=de vorst niet bloot gelegt zyn.
9-1	1780-1784	Maar	
9-2	1785-1790	Aarde	
9-3	1790-1791	,	
9-4	1792-1794	in	
9-5	1795-1798	dat	
9-6	1799-1806	saizoen	
9-7	1807-1811	niet	
9-8	1812-1819	bewerkt	
9-9	1819-1820	,	
9-10	1821-1825	maar	
9-11	1826-1834	hebbende	
9-12	1835-1838	een	
9-13	1839-1846	hardere	
9-14	1847-1858	oppervlakte	
9-15	1858-1859	,	
9-16	1860-1863	zal	
9-17	1864-1867	ook	
9-18	1868-1872	gene	
9-19	1873-1879	dampen	
9-20	1880-1892	uitwaassemen	
9-21	1892-1893	,	
9-22	1894-1896	en	
9-23	1897-1900	uit	
9-24	1901-1905	dien	
9-25	1906-1912	hoofde	
9-26	1913-1917	voor	
9-27	1918-1920	de	
9-28	1921-1926	vorst	
9-29	1927-1931	niet	
9-30	1932-1937	bloot	
9-31	1938-1944	gelegt	
9-32	1945-1948	zyn	
9-33	1948-1949	.	

#Text=Uit het gene ik boven gezegt heb tot voortzetting van de vruchtbaarheit der boomen,
#Text=volgt, dat ik afkeure de gewoonte der genen, die of zaajen, of planten, het zy
#Text=moeskruiden, het zy aardbeziën, het zy eindelyk bloemen
#Text=, naby de wortel der boomen;
#Text=
#Text=waar aan deze plantgewassen zeer nadelig zyn.
10-1	1952-1955	Uit	
10-2	1956-1959	het	
10-3	1960-1964	gene	
10-4	1965-1967	ik	
10-5	1968-1973	boven	
10-6	1974-1980	gezegt	
10-7	1981-1984	heb	
10-8	1985-1988	tot	
10-9	1989-2001	voortzetting	
10-10	2002-2005	van	
10-11	2006-2008	de	
10-12	2009-2023	vruchtbaarheit	
10-13	2024-2027	der	
10-14	2028-2034	boomen	
10-15	2034-2035	,	
10-16	2036-2041	volgt	
10-17	2041-2042	,	
10-18	2043-2046	dat	
10-19	2047-2049	ik	
10-20	2050-2057	afkeure	
10-21	2058-2060	de	
10-22	2061-2069	gewoonte	
10-23	2070-2073	der	
10-24	2074-2079	genen	
10-25	2079-2080	,	
10-26	2081-2084	die	
10-27	2085-2087	of	
10-28	2088-2094	zaajen	
10-29	2094-2095	,	
10-30	2096-2098	of	
10-31	2099-2106	planten	
10-32	2106-2107	,	
10-33	2108-2111	het	
10-34	2112-2114	zy	
10-35	2115-2126	moeskruiden	
10-36	2126-2127	,	
10-37	2128-2131	het	
10-38	2132-2134	zy	
10-39	2135-2145	aardbeziën	
10-40	2145-2146	,	
10-41	2147-2150	het	
10-42	2151-2153	zy	
10-43	2154-2162	eindelyk	
10-44	2163-2170	bloemen	
10-45	2171-2172	,	
10-46	2173-2177	naby	
10-47	2178-2180	de	
10-48	2181-2187	wortel	
10-49	2188-2191	der	
10-50	2192-2198	boomen	
10-51	2198-2199	;	
10-52	2201-2205	waar	
10-53	2206-2209	aan	
10-54	2210-2214	deze	
10-55	2215-2228	plantgewassen	
10-56	2229-2233	zeer	
10-57	2234-2241	nadelig	
10-58	2242-2245	zyn	
10-59	2245-2246	.	

#Text=De regelmaat, welke ik houde in het
#Text=hovenieren omtrent de boomen, zoo wel ’s Winters, als in de Lente, bestaat daar in,
#Text=dat ik omtrent drooge en ligte Aarde het bearbeiden late vermenigvuldigen
#Text=zoo met
#Text=
#Text=het begin, als het einde van den Winter; ten einde de regen in de Lente gemakkelyk
#Text=in de Aarde trekke, welke veel vogt van noden heeft; maar omtrent zware en vogtige
#Text=Aarde late ik in de maand van October maar weinig arbeiden, enkel om de onkruiden
#Text=wech te nemen; en stel de verdere bewerking uit tot in April of het begin van Mey,
#Text=wanneer de vruchten zig beginnen te zetten, en de meeste vogtigheit voorby is;
11-1	2247-2249	De	
11-2	2250-2259	regelmaat	
11-3	2259-2260	,	
11-4	2261-2266	welke	
11-5	2267-2269	ik	
11-6	2270-2275	houde	
11-7	2276-2278	in	
11-8	2279-2282	het	
11-9	2283-2293	hovenieren	
11-10	2294-2301	omtrent	
11-11	2302-2304	de	
11-12	2305-2311	boomen	
11-13	2311-2312	,	
11-14	2313-2316	zoo	
11-15	2317-2320	wel	
11-16	2321-2322	’	
11-17	2322-2323	s	
11-18	2324-2331	Winters	
11-19	2331-2332	,	
11-20	2333-2336	als	
11-21	2337-2339	in	
11-22	2340-2342	de	
11-23	2343-2348	Lente	
11-24	2348-2349	,	
11-25	2350-2357	bestaat	
11-26	2358-2362	daar	
11-27	2363-2365	in	
11-28	2365-2366	,	
11-29	2367-2370	dat	
11-30	2371-2373	ik	
11-31	2374-2381	omtrent	
11-32	2382-2388	drooge	
11-33	2389-2391	en	
11-34	2392-2397	ligte	
11-35	2398-2403	Aarde	
11-36	2404-2407	het	
11-37	2408-2418	bearbeiden	
11-38	2419-2423	late	
11-39	2424-2440	vermenigvuldigen	
11-40	2441-2444	zoo	
11-41	2445-2448	met	
11-42	2450-2453	het	
11-43	2454-2459	begin	
11-44	2459-2460	,	
11-45	2461-2464	als	
11-46	2465-2468	het	
11-47	2469-2474	einde	
11-48	2475-2478	van	
11-49	2479-2482	den	
11-50	2483-2489	Winter	
11-51	2489-2490	;	
11-52	2491-2494	ten	
11-53	2495-2500	einde	
11-54	2501-2503	de	
11-55	2504-2509	regen	
11-56	2510-2512	in	
11-57	2513-2515	de	
11-58	2516-2521	Lente	
11-59	2522-2532	gemakkelyk	
11-60	2533-2535	in	
11-61	2536-2538	de	
11-62	2539-2544	Aarde	
11-63	2545-2551	trekke	
11-64	2551-2552	,	
11-65	2553-2558	welke	
11-66	2559-2563	veel	
11-67	2564-2568	vogt	
11-68	2569-2572	van	
11-69	2573-2578	noden	
11-70	2579-2584	heeft	
11-71	2584-2585	;	
11-72	2586-2590	maar	
11-73	2591-2598	omtrent	
11-74	2599-2604	zware	
11-75	2605-2607	en	
11-76	2608-2615	vogtige	
11-77	2616-2621	Aarde	
11-78	2622-2626	late	
11-79	2627-2629	ik	
11-80	2630-2632	in	
11-81	2633-2635	de	
11-82	2636-2641	maand	
11-83	2642-2645	van	
11-84	2646-2653	October	
11-85	2654-2658	maar	
11-86	2659-2665	weinig	
11-87	2666-2674	arbeiden	
11-88	2674-2675	,	
11-89	2676-2681	enkel	
11-90	2682-2684	om	
11-91	2685-2687	de	
11-92	2688-2697	onkruiden	
11-93	2698-2702	wech	
11-94	2703-2705	te	
11-95	2706-2711	nemen	
11-96	2711-2712	;	
11-97	2713-2715	en	
11-98	2716-2720	stel	
11-99	2721-2723	de	
11-100	2724-2731	verdere	
11-101	2732-2741	bewerking	
11-102	2742-2745	uit	
11-103	2746-2749	tot	
11-104	2750-2752	in	
11-105	2753-2758	April	
11-106	2759-2761	of	
11-107	2762-2765	het	
11-108	2766-2771	begin	
11-109	2772-2775	van	
11-110	2776-2779	Mey	
11-111	2779-2780	,	
11-112	2781-2788	wanneer	
11-113	2789-2791	de	
11-114	2792-2800	vruchten	
11-115	2801-2804	zig	
11-116	2805-2813	beginnen	
11-117	2814-2816	te	
11-118	2817-2823	zetten	
11-119	2823-2824	,	
11-120	2825-2827	en	
11-121	2828-2830	de	
11-122	2831-2837	meeste	
11-123	2838-2848	vogtigheit	
11-124	2849-2855	voorby	
11-125	2856-2858	is	
11-126	2858-2859	;	
