#FORMAT=WebAnno TSV 3.3
#T_SP=custom.Span|label
#T_RL=custom.Relation|label|BT_custom.Span


#Text=COMPLÉMENT DE LA PIÈCE DE VERS INTITULÉE :
#Text=
#Text=Les Souffrances d'un Prévenu bonapartiste.
1-1	0-10	COMPLÉMENT	_	_	_	
1-2	11-13	DE	_	_	_	
1-3	14-16	LA	_	_	_	
1-4	17-22	PIÈCE	_	_	_	
1-5	23-25	DE	_	_	_	
1-6	26-30	VERS	_	_	_	
1-7	31-40	INTITULÉE	_	_	_	
1-8	41-42	:	_	_	_	
1-9	44-47	Les	_	_	_	
1-10	48-59	Souffrances	_	_	_	
1-11	60-64	d'un	_	_	_	
1-12	65-72	Prévenu	_	_	_	
1-13	73-85	bonapartiste	_	_	_	
1-14	85-86	.	_	_	_	

#Text=Pour ne pas entasser d'ordure,
#Text=Il faut avaler son crachat,
#Text=Ou se servir, par aventure,
#Text=De certain coffre à chocolat.
2-1	88-92	Pour	_	_	_	
2-2	93-95	ne	_	_	_	
2-3	96-99	pas	_	_	_	
2-4	100-108	entasser	_	_	_	
2-5	109-117	d'ordure	_	_	_	
2-6	117-118	,	_	_	_	
2-7	119-121	Il	_	_	_	
2-8	122-126	faut	_	_	_	
2-9	127-133	avaler	_	_	_	
2-10	134-137	son	_	_	_	
2-11	138-145	crachat	_	_	_	
2-12	145-146	,	_	_	_	
2-13	147-149	Ou	_	_	_	
2-14	150-152	se	_	_	_	
2-15	153-159	servir	_	_	_	
2-16	159-160	,	_	_	_	
2-17	161-164	par	_	_	_	
2-18	165-173	aventure	_	_	_	
2-19	173-174	,	_	_	_	
2-20	175-177	De	_	_	_	
2-21	178-185	certain	_	_	_	
2-22	186-192	coffre	_	_	_	
2-23	193-194	à	_	_	_	
2-24	195-203	chocolat	_	_	_	
2-25	203-204	.	_	_	_	

#Text=Alors, du fond de la caverne,
#Text=Monte un parfum acre et puant,
#Text=intolérable, suffocant,
3-1	206-211	Alors	_	_	_	
3-2	211-212	,	_	_	_	
3-3	213-215	du	Location[1]	_	_	
3-4	216-220	fond	Location[1]	_	_	
3-5	221-223	de	Location[1]	_	_	
3-6	224-226	la	Location[1]	_	_	
3-7	227-234	caverne	Location[1]	_	_	
3-8	234-235	,	_	_	_	
3-9	236-241	Monte	_	_	_	
3-10	242-244	un	_	_	_	
3-11	245-251	parfum	Smell\_Word	*|*|*|*|*	3-12|3-14|3-16|3-18|3-3[1_0]	
3-12	252-256	acre	Quality	_	_	
3-13	257-259	et	_	_	_	
3-14	260-265	puant	Quality	_	_	
3-15	265-266	,	_	_	_	
3-16	267-278	intolérable	Quality	_	_	
3-17	278-279	,	_	_	_	
3-18	280-289	suffocant	Quality	_	_	
3-19	289-290	,	_	_	_	
