#FORMAT=WebAnno TSV 3.3


#Text=COMPLÉMENT DE LA PIÈCE DE VERS INTITULÉE :
#Text=
#Text=Les Souffrances d'un Prévenu bonapartiste.
1-1	0-10	COMPLÉMENT	
1-2	11-13	DE	
1-3	14-16	LA	
1-4	17-22	PIÈCE	
1-5	23-25	DE	
1-6	26-30	VERS	
1-7	31-40	INTITULÉE	
1-8	41-42	:	
1-9	44-47	Les	
1-10	48-59	Souffrances	
1-11	60-64	d'un	
1-12	65-72	Prévenu	
1-13	73-85	bonapartiste	
1-14	85-86	.	

#Text=Pour ne pas entasser d'ordure,
#Text=Il faut avaler son crachat,
#Text=Ou se servir, par aventure,
#Text=De certain coffre à chocolat.
2-1	88-92	Pour	
2-2	93-95	ne	
2-3	96-99	pas	
2-4	100-108	entasser	
2-5	109-117	d'ordure	
2-6	117-118	,	
2-7	119-121	Il	
2-8	122-126	faut	
2-9	127-133	avaler	
2-10	134-137	son	
2-11	138-145	crachat	
2-12	145-146	,	
2-13	147-149	Ou	
2-14	150-152	se	
2-15	153-159	servir	
2-16	159-160	,	
2-17	161-164	par	
2-18	165-173	aventure	
2-19	173-174	,	
2-20	175-177	De	
2-21	178-185	certain	
2-22	186-192	coffre	
2-23	193-194	à	
2-24	195-203	chocolat	
2-25	203-204	.	

#Text=Alors, du fond de la caverne,
#Text=Monte un parfum acre et puant,
#Text=intolérable, suffocant,
3-1	206-211	Alors	
3-2	211-212	,	
3-3	213-215	du	
3-4	216-220	fond	
3-5	221-223	de	
3-6	224-226	la	
3-7	227-234	caverne	
3-8	234-235	,	
3-9	236-241	Monte	
3-10	242-244	un	
3-11	245-251	parfum	
3-12	252-256	acre	
3-13	257-259	et	
3-14	260-265	puant	
3-15	265-266	,	
3-16	267-278	intolérable	
3-17	278-279	,	
3-18	280-289	suffocant	
3-19	289-290	,	
