#FORMAT=WebAnno TSV 3.3


#Text=Ende dat is de passie Christi altijdts danckelijck ghedachtigh wesenende sy selfs daer mede verstercken.
1-1	2-6	Ende	
1-2	7-10	dat	
1-3	11-13	is	
1-4	14-16	de	
1-5	17-23	passie	
1-6	24-31	Christi	
1-7	32-40	altijdts	
1-8	41-52	danckelijck	
1-9	53-64	ghedachtigh	
1-10	65-74	wesenende	
1-11	75-77	sy	
1-12	78-83	selfs	
1-13	84-88	daer	
1-14	89-93	mede	
1-15	94-105	verstercken	
1-16	105-106	.	

#Text=Hoemen sy seluen in allen noodt van tribulatie en teghen-spoedt
#Text=
#Text=Jan David, Christeliicken waerseggher
#Text=
#Text=\f203
#Text=met de passie Christi behelpen magh ende moet, als met een ghereedt crachtigh
#Text=remedie, dat leert ons
#Text=Sinte Peeter, aldus:
#Text=Christo igitur passo in carne, & vos eadem
#Text=cogitatione armamini: Aenghesien+ dat Christus selue in sijn lichaem soo gheleden
#Text=heeft, weest ghylieden oock, deur sulcks te ghedencken, als wel ghewapent, teghen +1.Petr.4.
2-1	108-114	Hoemen	
2-2	115-117	sy	
2-3	118-124	seluen	
2-4	125-127	in	
2-5	128-133	allen	
2-6	134-139	noodt	
2-7	140-143	van	
2-8	144-154	tribulatie	
2-9	155-157	en	
2-10	158-171	teghen-spoedt	
2-11	173-176	Jan	
2-12	177-182	David	
2-13	182-183	,	
2-14	184-198	Christeliicken	
2-15	199-210	waerseggher	
2-16	213-216	203	
2-17	217-220	met	
2-18	221-223	de	
2-19	224-230	passie	
2-20	231-238	Christi	
2-21	239-247	behelpen	
2-22	248-252	magh	
2-23	253-257	ende	
2-24	258-262	moet	
2-25	262-263	,	
2-26	264-267	als	
2-27	268-271	met	
2-28	272-275	een	
2-29	276-284	ghereedt	
2-30	285-294	crachtigh	
2-31	295-302	remedie	
2-32	302-303	,	
2-33	304-307	dat	
2-34	308-313	leert	
2-35	314-317	ons	
2-36	318-323	Sinte	
2-37	324-330	Peeter	
2-38	330-331	,	
2-39	332-337	aldus	
2-40	337-338	:	
2-41	339-346	Christo	
2-42	347-353	igitur	
2-43	354-359	passo	
2-44	360-362	in	
2-45	363-368	carne	
2-46	368-369	,	
2-47	370-371	&	
2-48	372-375	vos	
2-49	376-381	eadem	
2-50	382-393	cogitatione	
2-51	394-402	armamini	
2-52	402-403	:	
2-53	404-414	Aenghesien	
2-54	414-415	+	
2-55	416-419	dat	
2-56	420-428	Christus	
2-57	429-434	selue	
2-58	435-437	in	
2-59	438-442	sijn	
2-60	443-450	lichaem	
2-61	451-454	soo	
2-62	455-463	gheleden	
2-63	464-469	heeft	
2-64	469-470	,	
2-65	471-476	weest	
2-66	477-486	ghylieden	
2-67	487-491	oock	
2-68	491-492	,	
2-69	493-497	deur	
2-70	498-504	sulcks	
2-71	505-507	te	
2-72	508-518	ghedencken	
2-73	518-519	,	
2-74	520-523	als	
2-75	524-527	wel	
2-76	528-537	ghewapent	
2-77	537-538	,	
2-78	539-545	teghen	
2-79	546-547	+	
2-80	547-548	1	
2-81	548-549	.	
2-82	549-553	Petr	
2-83	553-555	.4	
2-84	555-556	.	

#Text=alle lijden in patientie.
3-1	558-562	alle	
3-2	563-569	lijden	
3-3	570-572	in	
3-4	573-582	patientie	
3-5	582-583	.	

#Text=Hebt het cruys en lijden Christi, in uwe ghedachten:
#Text=
#Text=Soo sult ghy v wel van onverduldigheydt wachten.
4-1	585-589	Hebt	
4-2	590-593	het	
4-3	594-599	cruys	
4-4	600-602	en	
4-5	603-609	lijden	
4-6	610-617	Christi	
4-7	617-618	,	
4-8	619-621	in	
4-9	622-625	uwe	
4-10	626-636	ghedachten	
4-11	636-637	:	
4-12	639-642	Soo	
4-13	643-647	sult	
4-14	648-651	ghy	
4-15	652-653	v	
4-16	654-657	wel	
4-17	658-661	van	
4-18	662-678	onverduldigheydt	
4-19	679-686	wachten	
4-20	686-687	.	

#Text=[E]
#Text=De coninck Dauid, als een sonderlinghe figure Christi, ouer de+ beke Cedron
#Text=
#Text=+
#Text=
#Text=ghevlucht zijnde, en gaende al schreyende, bloots-voets, ende met ghedeckten
#Text=2.Reg.15.
#Text=& 16.
5-1	690-691	[	
5-2	691-692	E	
5-3	692-693	]	
5-4	694-696	De	
5-5	697-704	coninck	
5-6	705-710	Dauid	
5-7	710-711	,	
5-8	712-715	als	
5-9	716-719	een	
5-10	720-732	sonderlinghe	
5-11	733-739	figure	
5-12	740-747	Christi	
5-13	747-748	,	
5-14	749-753	ouer	
5-15	754-756	de	
5-16	756-757	+	
5-17	758-762	beke	
5-18	763-769	Cedron	
5-19	771-772	+	
5-20	774-783	ghevlucht	
5-21	784-790	zijnde	
5-22	790-791	,	
5-23	792-794	en	
5-24	795-801	gaende	
5-25	802-804	al	
5-26	805-815	schreyende	
5-27	815-816	,	
5-28	817-829	bloots-voets	
5-29	829-830	,	
5-30	831-835	ende	
5-31	836-839	met	
5-32	840-850	ghedeckten	
5-33	851-852	2	
5-34	852-853	.	
5-35	853-856	Reg	
5-36	856-859	.15	
5-37	859-860	.	
5-38	861-862	&	
5-39	863-865	16	
5-40	865-866	.	

#Text=hoofde, heeft sijn lijden verduldelijck ghedragen, ende nam entlijck het verwijt, ende
#Text=groot laster dat Semei hem naer-riep, segghende:
#Text=Egredere, egredere, vir sanguinum,
#Text=& vir
#Text=Belial:
#Text=Gaet uyt, gaet uyt bloedt-ghierighen man, ende duyuelsche mensch.
6-1	868-874	hoofde	
6-2	874-875	,	
6-3	876-881	heeft	
6-4	882-886	sijn	
6-5	887-893	lijden	
6-6	894-907	verduldelijck	
6-7	908-917	ghedragen	
6-8	917-918	,	
6-9	919-923	ende	
6-10	924-927	nam	
6-11	928-936	entlijck	
6-12	937-940	het	
6-13	941-948	verwijt	
6-14	948-949	,	
6-15	950-954	ende	
6-16	955-960	groot	
6-17	961-967	laster	
6-18	968-971	dat	
6-19	972-977	Semei	
6-20	978-981	hem	
6-21	982-991	naer-riep	
6-22	991-992	,	
6-23	993-1002	segghende	
6-24	1002-1003	:	
6-25	1004-1012	Egredere	
6-26	1012-1013	,	
6-27	1014-1022	egredere	
6-28	1022-1023	,	
6-29	1024-1027	vir	
6-30	1028-1037	sanguinum	
6-31	1037-1038	,	
6-32	1039-1040	&	
6-33	1041-1044	vir	
6-34	1045-1051	Belial	
6-35	1051-1052	:	
6-36	1053-1057	Gaet	
6-37	1058-1061	uyt	
6-38	1061-1062	,	
6-39	1063-1067	gaet	
6-40	1068-1071	uyt	
6-41	1072-1089	bloedt-ghierighen	
6-42	1090-1093	man	
6-43	1093-1094	,	
6-44	1095-1099	ende	
6-45	1100-1110	duyuelsche	
6-46	1111-1117	mensch	
6-47	1117-1118	.	

#Text=Als Abisai een vroom Capiteyn van Dauid, om desen schimp en laster, Semei t'hoofdt
#Text=af slaen wilde, soo heeft hem de coninck wederhouden, segghende:
#Text=Dimitte eum,
#Text=&c.
7-1	1121-1124	Als	
7-2	1125-1131	Abisai	
7-3	1132-1135	een	
7-4	1136-1141	vroom	
7-5	1142-1150	Capiteyn	
7-6	1151-1154	van	
7-7	1155-1160	Dauid	
7-8	1160-1161	,	
7-9	1162-1164	om	
7-10	1165-1170	desen	
7-11	1171-1177	schimp	
7-12	1178-1180	en	
7-13	1181-1187	laster	
7-14	1187-1188	,	
7-15	1189-1194	Semei	
7-16	1195-1203	t'hoofdt	
7-17	1204-1206	af	
7-18	1207-1212	slaen	
7-19	1213-1218	wilde	
7-20	1218-1219	,	
7-21	1220-1223	soo	
7-22	1224-1229	heeft	
7-23	1230-1233	hem	
7-24	1234-1236	de	
7-25	1237-1244	coninck	
7-26	1245-1256	wederhouden	
7-27	1256-1257	,	
7-28	1258-1267	segghende	
7-29	1267-1268	:	
7-30	1269-1276	Dimitte	
7-31	1277-1280	eum	
7-32	1280-1281	,	
7-33	1282-1283	&	
7-34	1283-1284	c	
7-35	1284-1285	.	

#Text=Laet hem vrij gaen, ende laet hem gheworden:
8-1	1286-1290	Laet	
8-2	1291-1294	hem	
8-3	1295-1299	vrij	
8-4	1300-1304	gaen	
8-5	1304-1305	,	
8-6	1306-1310	ende	
8-7	1311-1315	laet	
8-8	1316-1319	hem	
8-9	1320-1329	gheworden	
8-10	1329-1330	:	
