#FORMAT=WebAnno TSV 3.3


#Text=Neem kleine brokjes wel gekaart Kottoen, laat ze weken in de Olie van Ben.
1-1	2-6	Neem	
1-2	7-13	kleine	
1-3	14-21	brokjes	
1-4	22-25	wel	
1-5	26-33	gekaart	
1-6	34-41	Kottoen	
1-7	41-42	,	
1-8	43-47	laat	
1-9	48-50	ze	
1-10	51-56	weken	
1-11	57-59	in	
1-12	60-62	de	
1-13	63-67	Olie	
1-14	68-71	van	
1-15	72-75	Ben	
1-16	75-76	.	

#Text=Hebbende
#Text=die in een Pan, of Afgiet-schotel in orde gelegt, zult gy ze met een laag van verse
#Text=Jasmyn-bloemen een duim dik dekken.
2-1	77-85	Hebbende	
2-2	86-89	die	
2-3	90-92	in	
2-4	93-96	een	
2-5	97-100	Pan	
2-6	100-101	,	
2-7	102-104	of	
2-8	105-119	Afgiet-schotel	
2-9	120-122	in	
2-10	123-127	orde	
2-11	128-134	gelegt	
2-12	134-135	,	
2-13	136-140	zult	
2-14	141-143	gy	
2-15	144-146	ze	
2-16	147-150	met	
2-17	151-154	een	
2-18	155-159	laag	
2-19	160-163	van	
2-20	164-169	verse	
2-21	170-184	Jasmyn-bloemen	
2-22	185-188	een	
2-23	189-193	duim	
2-24	194-197	dik	
2-25	198-204	dekken	
2-26	204-205	.	

#Text=Hebbende daar een Schotel averegts over
#Text=heen gelegd, zult gy ’t alles met een Lywaat bedekken,
#Text=latende de Bloemen een uur
#Text=of drie, of vier trekken.
3-1	206-214	Hebbende	
3-2	215-219	daar	
3-3	220-223	een	
3-4	224-231	Schotel	
3-5	232-240	averegts	
3-6	241-245	over	
3-7	246-250	heen	
3-8	251-257	gelegd	
3-9	257-258	,	
3-10	259-263	zult	
3-11	264-266	gy	
3-12	267-268	’	
3-13	268-269	t	
3-14	270-275	alles	
3-15	276-279	met	
3-16	280-283	een	
3-17	284-290	Lywaat	
3-18	291-299	bedekken	
3-19	299-300	,	
3-20	301-308	latende	
3-21	309-311	de	
3-22	312-319	Bloemen	
3-23	320-323	een	
3-24	324-327	uur	
3-25	328-330	of	
3-26	331-335	drie	
3-27	335-336	,	
3-28	337-339	of	
3-29	340-344	vier	
3-30	345-352	trekken	
3-31	352-353	.	

#Text=Daar na zult gy’er zachtjes en allengskens de eerste Bloemen
#Text=afnemen, en leggen’er een laag nieuwe op, welke gy daar op zult laten trekken, en
#Text=welke gy daar na’er weder op de zelfde wys, als te voren, zult afnemen.
4-1	354-358	Daar	
4-2	359-361	na	
4-3	362-366	zult	
4-4	367-369	gy	
4-5	369-370	’	
4-6	370-372	er	
4-7	373-381	zachtjes	
4-8	382-384	en	
4-9	385-396	allengskens	
4-10	397-399	de	
4-11	400-406	eerste	
4-12	407-414	Bloemen	
4-13	415-422	afnemen	
4-14	422-423	,	
4-15	424-426	en	
4-16	427-433	leggen	
4-17	433-434	’	
4-18	434-436	er	
4-19	437-440	een	
4-20	441-445	laag	
4-21	446-452	nieuwe	
4-22	453-455	op	
4-23	455-456	,	
4-24	457-462	welke	
4-25	463-465	gy	
4-26	466-470	daar	
4-27	471-473	op	
4-28	474-478	zult	
4-29	479-484	laten	
4-30	485-492	trekken	
4-31	492-493	,	
4-32	494-496	en	
4-33	497-502	welke	
4-34	503-505	gy	
4-35	506-510	daar	
4-36	511-513	na	
4-37	513-514	’	
4-38	514-516	er	
4-39	517-522	weder	
4-40	523-525	op	
4-41	526-528	de	
4-42	529-535	zelfde	
4-43	536-539	wys	
4-44	539-540	,	
4-45	541-544	als	
4-46	545-547	te	
4-47	548-553	voren	
4-48	553-554	,	
4-49	555-559	zult	
4-50	560-567	afnemen	
4-51	567-568	.	

#Text=Men moet
#Text=het zelfde tien, of twaalf malen herhalen, en als gy ziet, dat uw Kottoen wel
#Text=doordrongen is, zult gy ’t in de Pers doen, en gy zult een zeer sterk ruikende Olie
#Text=hebben, welke gy in een welgesloten Fles zult bewaren.
5-1	569-572	Men	
5-2	573-577	moet	
5-3	578-581	het	
5-4	582-588	zelfde	
5-5	589-593	tien	
5-6	593-594	,	
5-7	595-597	of	
5-8	598-604	twaalf	
5-9	605-610	malen	
5-10	611-619	herhalen	
5-11	619-620	,	
5-12	621-623	en	
5-13	624-627	als	
5-14	628-630	gy	
5-15	631-635	ziet	
5-16	635-636	,	
5-17	637-640	dat	
5-18	641-643	uw	
5-19	644-651	Kottoen	
5-20	652-655	wel	
5-21	656-667	doordrongen	
5-22	668-670	is	
5-23	670-671	,	
5-24	672-676	zult	
5-25	677-679	gy	
5-26	680-681	’	
5-27	681-682	t	
5-28	683-685	in	
5-29	686-688	de	
5-30	689-693	Pers	
5-31	694-698	doen	
5-32	698-699	,	
5-33	700-702	en	
5-34	703-705	gy	
5-35	706-710	zult	
5-36	711-714	een	
5-37	715-719	zeer	
5-38	720-725	sterk	
5-39	726-734	ruikende	
5-40	735-739	Olie	
5-41	740-746	hebben	
5-42	746-747	,	
5-43	748-753	welke	
5-44	754-756	gy	
5-45	757-759	in	
5-46	760-763	een	
5-47	764-775	welgesloten	
5-48	776-780	Fles	
5-49	781-785	zult	
5-50	786-793	bewaren	
5-51	793-794	.	

#Text=Men gebruikt deze meer tot Reukwerk, als Medicyn.
6-1	797-800	Men	
6-2	801-809	gebruikt	
6-3	810-814	deze	
6-4	815-819	meer	
6-5	820-823	tot	
6-6	824-832	Reukwerk	
6-7	832-833	,	
6-8	834-837	als	
6-9	838-845	Medicyn	
6-10	845-846	.	

#Text=Zy is by na tot alle reukwerk
#Text=goed en om geur te maken; en de hersenen te versterken.
7-1	847-849	Zy	
7-2	850-852	is	
7-3	853-855	by	
7-4	856-858	na	
7-5	859-862	tot	
7-6	863-867	alle	
7-7	868-876	reukwerk	
7-8	877-881	goed	
7-9	882-884	en	
7-10	885-887	om	
7-11	888-892	geur	
7-12	893-895	te	
7-13	896-901	maken	
7-14	901-902	;	
7-15	903-905	en	
7-16	906-908	de	
7-17	909-917	hersenen	
7-18	918-920	te	
7-19	921-931	versterken	
7-20	931-932	.	

#Text=Gy kunt dezelfde manier van doen volgen, om de Olien, met alle ruikende Bloemen
#Text=te bereiden.
8-1	935-937	Gy	
8-2	938-942	kunt	
8-3	943-951	dezelfde	
8-4	952-958	manier	
8-5	959-962	van	
8-6	963-967	doen	
8-7	968-974	volgen	
8-8	974-975	,	
8-9	976-978	om	
8-10	979-981	de	
8-11	982-987	Olien	
8-12	987-988	,	
8-13	989-992	met	
8-14	993-997	alle	
8-15	998-1006	ruikende	
8-16	1007-1014	Bloemen	
8-17	1015-1017	te	
8-18	1018-1026	bereiden	
8-19	1026-1027	.	

#Text=OLIE VAN IRIS.
9-1	1030-1034	OLIE	
9-2	1035-1038	VAN	
9-3	1039-1043	IRIS	
9-4	1043-1044	.	

#Text=Laat op een Marie-bad, of op heete
#Text=As de Bloemen van Iris drie oncen, de Wortel
#Text=van de zelfde Plant een half pond, en van de Olie van Olyven twe en een half pond
#Text=trekken;
#Text=doe het zachtjes koken, giet de vogt deur en perst het uit.
10-1	1046-1050	Laat	
10-2	1051-1053	op	
10-3	1054-1057	een	
10-4	1058-1067	Marie-bad	
10-5	1067-1068	,	
10-6	1069-1071	of	
10-7	1072-1074	op	
10-8	1075-1080	heete	
10-9	1081-1083	As	
10-10	1084-1086	de	
10-11	1087-1094	Bloemen	
10-12	1095-1098	van	
10-13	1099-1103	Iris	
10-14	1104-1108	drie	
10-15	1109-1114	oncen	
10-16	1114-1115	,	
10-17	1116-1118	de	
10-18	1119-1125	Wortel	
10-19	1126-1129	van	
10-20	1130-1132	de	
10-21	1133-1139	zelfde	
10-22	1140-1145	Plant	
10-23	1146-1149	een	
10-24	1150-1154	half	
10-25	1155-1159	pond	
10-26	1159-1160	,	
10-27	1161-1163	en	
10-28	1164-1167	van	
10-29	1168-1170	de	
10-30	1171-1175	Olie	
10-31	1176-1179	van	
10-32	1180-1186	Olyven	
10-33	1187-1190	twe	
10-34	1191-1193	en	
10-35	1194-1197	een	
10-36	1198-1202	half	
10-37	1203-1207	pond	
10-38	1208-1215	trekken	
10-39	1215-1216	;	
10-40	1217-1220	doe	
10-41	1221-1224	het	
10-42	1225-1233	zachtjes	
10-43	1234-1239	koken	
10-44	1239-1240	,	
10-45	1241-1245	giet	
10-46	1246-1248	de	
10-47	1249-1253	vogt	
10-48	1254-1258	deur	
10-49	1259-1261	en	
10-50	1262-1267	perst	
10-51	1268-1271	het	
10-52	1272-1275	uit	
10-53	1275-1276	.	

#Text=Daar na zult gy’er
#Text=nieuwe poeijer van Jris-wortels in doen, en nieuwe Bloemen van de zelfde Plant,
#Text=welke gy zult laten trekken en koken, en zult het op de zelfde wys uitpersen.
11-1	1277-1281	Daar	
11-2	1282-1284	na	
11-3	1285-1289	zult	
11-4	1290-1292	gy	
11-5	1292-1293	’	
11-6	1293-1295	er	
11-7	1296-1302	nieuwe	
11-8	1303-1310	poeijer	
11-9	1311-1314	van	
11-10	1315-1327	Jris-wortels	
11-11	1328-1330	in	
11-12	1331-1335	doen	
11-13	1335-1336	,	
11-14	1337-1339	en	
11-15	1340-1346	nieuwe	
11-16	1347-1354	Bloemen	
11-17	1355-1358	van	
11-18	1359-1361	de	
11-19	1362-1368	zelfde	
11-20	1369-1374	Plant	
11-21	1374-1375	,	
11-22	1376-1381	welke	
11-23	1382-1384	gy	
11-24	1385-1389	zult	
11-25	1390-1395	laten	
11-26	1396-1403	trekken	
11-27	1404-1406	en	
11-28	1407-1412	koken	
11-29	1412-1413	,	
11-30	1414-1416	en	
11-31	1417-1421	zult	
11-32	1422-1425	het	
11-33	1426-1428	op	
11-34	1429-1431	de	
11-35	1432-1438	zelfde	
11-36	1439-1442	wys	
11-37	1443-1452	uitpersen	
11-38	1452-1453	.	

#Text=Gy zult
#Text=het zelfde voor de derde reis doen, en die Olie in een Afgiet-pot bewaren, of in een
#Text=andere Verglaasde schone Pot, om ze des noods te gebruiken.
12-1	1454-1456	Gy	
12-2	1457-1461	zult	
12-3	1462-1465	het	
12-4	1466-1472	zelfde	
12-5	1473-1477	voor	
12-6	1478-1480	de	
12-7	1481-1486	derde	
12-8	1487-1491	reis	
12-9	1492-1496	doen	
12-10	1496-1497	,	
12-11	1498-1500	en	
12-12	1501-1504	die	
12-13	1505-1509	Olie	
12-14	1510-1512	in	
12-15	1513-1516	een	
12-16	1517-1527	Afgiet-pot	
12-17	1528-1535	bewaren	
12-18	1535-1536	,	
12-19	1537-1539	of	
12-20	1540-1542	in	
12-21	1543-1546	een	
12-22	1547-1553	andere	
12-23	1554-1564	Verglaasde	
12-24	1565-1571	schone	
12-25	1572-1575	Pot	
12-26	1575-1576	,	
12-27	1577-1579	om	
12-28	1580-1582	ze	
12-29	1583-1586	des	
12-30	1587-1592	noods	
12-31	1593-1595	te	
12-32	1596-1605	gebruiken	
12-33	1605-1606	.	

#Text=Deze Olie is zeer goed om te verdunnen, verzachten, ryp te maken, de vochten te
#Text=ontbinden, die door een koude vocht veroorzaakt worden.
13-1	1608-1612	Deze	
13-2	1613-1617	Olie	
13-3	1618-1620	is	
13-4	1621-1625	zeer	
13-5	1626-1630	goed	
13-6	1631-1633	om	
13-7	1634-1636	te	
13-8	1637-1646	verdunnen	
13-9	1646-1647	,	
13-10	1648-1658	verzachten	
13-11	1658-1659	,	
13-12	1660-1663	ryp	
13-13	1664-1666	te	
13-14	1667-1672	maken	
13-15	1672-1673	,	
13-16	1674-1676	de	
13-17	1677-1684	vochten	
13-18	1685-1687	te	
13-19	1688-1697	ontbinden	
13-20	1697-1698	,	
13-21	1699-1702	die	
13-22	1703-1707	door	
13-23	1708-1711	een	
13-24	1712-1717	koude	
13-25	1718-1723	vocht	
13-26	1724-1735	veroorzaakt	
13-27	1736-1742	worden	
13-28	1742-1743	.	

#Text=Zy geneest de koude
#Text=Klieren, het ruissen en de pyn in de Ooren.
14-1	1744-1746	Zy	
14-2	1747-1754	geneest	
14-3	1755-1757	de	
14-4	1758-1763	koude	
14-5	1764-1771	Klieren	
14-6	1771-1772	,	
14-7	1773-1776	het	
14-8	1777-1784	ruissen	
14-9	1785-1787	en	
14-10	1788-1790	de	
14-11	1791-1794	pyn	
14-12	1795-1797	in	
14-13	1798-1800	de	
14-14	1801-1806	Ooren	
14-15	1806-1807	.	

#Text=Men legt ze op de Borst, voor de
#Text=Verkoudheid, de Hoest en de moeilyke Ademhaling.
15-1	1808-1811	Men	
15-2	1812-1816	legt	
15-3	1817-1819	ze	
15-4	1820-1822	op	
15-5	1823-1825	de	
15-6	1826-1831	Borst	
15-7	1831-1832	,	
15-8	1833-1837	voor	
15-9	1838-1840	de	
15-10	1841-1852	Verkoudheid	
15-11	1852-1853	,	
15-12	1854-1856	de	
15-13	1857-1862	Hoest	
15-14	1863-1865	en	
15-15	1866-1868	de	
15-16	1869-1877	moeilyke	
15-17	1878-1888	Ademhaling	
15-18	1888-1889	.	
