#FORMAT=WebAnno TSV 3.3
#T_SP=custom.Span|label


#Text=]
#Text=
#Text=welche bis zur Sättigung notwendig war, gibt direkt den Prozentge-
#Text=halt der Pottaſche an Kaliumcarbonat an.
1-1	2-3	]	_	
1-2	5-11	welche	_	
1-3	12-15	bis	_	
1-4	16-19	zur	_	
1-5	20-29	Sättigung	_	
1-6	30-39	notwendig	_	
1-7	40-43	war	_	
1-8	43-44	,	_	
1-9	45-49	gibt	_	
1-10	50-56	direkt	_	
1-11	57-60	den	_	
1-12	61-70	Prozentge	_	
1-13	70-71	-	_	
1-14	72-76	halt	_	
1-15	77-80	der	_	
1-16	81-90	Pottaſche	_	
1-17	91-93	an	_	
1-18	94-108	Kaliumcarbonat	_	
1-19	109-111	an	_	
1-20	111-112	.	_	

#Text=Werden z.
2-1	113-119	Werden	_	
2-2	120-121	z	_	
2-3	121-122	.	_	

#Text=B. 85 ccm
#Text=
#Text=Normalſalzſäure verbraucht, ſo enthält die unterſuchte Pottaſche 85 Prozent
#Text=
#Text=kohlenſaures Kali.
3-1	123-124	B	_	
3-2	124-125	.	_	
3-3	126-128	85	_	
3-4	129-132	ccm	_	
3-5	134-149	Normalſalzſäure	_	
3-6	150-160	verbraucht	_	
3-7	160-161	,	_	
3-8	162-164	ſo	_	
3-9	165-172	enthält	_	
3-10	173-176	die	_	
3-11	177-188	unterſuchte	_	
3-12	189-198	Pottaſche	_	
3-13	199-201	85	_	
3-14	202-209	Prozent	_	
3-15	211-223	kohlenſaures	_	
3-16	224-228	Kali	_	
3-17	228-229	.	_	

#Text=Bei einiger Uebung iſt eine derartige Beſtimmung be-
#Text=quem in 10 bis 15 Minuten auszuführen.
#Text=— Anwendung: die Pottaſche
#Text=dient beim Blaudruck zum Anſatze der Pottaſchenküpe, ferner zum Bleichen,
#Text=ſowie zur Darſtellung anderer Kaliumſalze.
#Text=
#Text=
#Text=2.
4-1	230-233	Bei	_	
4-2	234-241	einiger	_	
4-3	242-248	Uebung	_	
4-4	249-252	iſt	_	
4-5	253-257	eine	_	
4-6	258-267	derartige	_	
4-7	268-278	Beſtimmung	_	
4-8	279-281	be	_	
4-9	281-282	-	_	
4-10	283-287	quem	_	
4-11	288-290	in	_	
4-12	291-293	10	_	
4-13	294-297	bis	_	
4-14	298-300	15	_	
4-15	301-308	Minuten	_	
4-16	309-320	auszuführen	_	
4-17	320-321	.	_	
4-18	322-323	—	_	
4-19	324-333	Anwendung	_	
4-20	333-334	:	_	
4-21	335-338	die	_	
4-22	339-348	Pottaſche	_	
4-23	349-354	dient	_	
4-24	355-359	beim	_	
4-25	360-369	Blaudruck	_	
4-26	370-373	zum	_	
4-27	374-381	Anſatze	_	
4-28	382-385	der	_	
4-29	386-400	Pottaſchenküpe	_	
4-30	400-401	,	_	
4-31	402-408	ferner	_	
4-32	409-412	zum	_	
4-33	413-421	Bleichen	_	
4-34	421-422	,	_	
4-35	423-428	ſowie	_	
4-36	429-432	zur	_	
4-37	433-444	Darſtellung	_	
4-38	445-452	anderer	_	
4-39	453-464	Kaliumſalze	_	
4-40	464-465	.	_	
4-41	468-469	2	_	
4-42	469-470	.	_	

#Text=Chlorſaures Kali, Kaliumchlorat, ClO3 K, wird in chemiſchen
#Text=Fabriken dargeſtellt, indem man Chlorgas in erwärmte dünne Kalkmilch leitet;
#Text=
#Text=dabei bildet ſich zunächſt chlorſaurer Kalk und Chlorcalcium;
#Text=die gewonnene
#Text=Löſung wird mit Chlorkalium verſetzt und bis zu einer gewiſſen Konzentra-
#Text=tion eingedampft, wobei das chlorſaure Kali beim Erkalten auskryſtalliſiert.
5-1	471-482	Chlorſaures	_	
5-2	483-487	Kali	_	
5-3	487-488	,	_	
5-4	489-502	Kaliumchlorat	_	
5-5	502-503	,	_	
5-6	504-508	ClO3	_	
5-7	509-510	K	_	
5-8	510-511	,	_	
5-9	512-516	wird	_	
5-10	517-519	in	_	
5-11	520-530	chemiſchen	_	
5-12	531-539	Fabriken	_	
5-13	540-551	dargeſtellt	_	
5-14	551-552	,	_	
5-15	553-558	indem	_	
5-16	559-562	man	_	
5-17	563-571	Chlorgas	_	
5-18	572-574	in	_	
5-19	575-583	erwärmte	_	
5-20	584-589	dünne	_	
5-21	590-599	Kalkmilch	_	
5-22	600-606	leitet	_	
5-23	606-607	;	_	
5-24	609-614	dabei	_	
5-25	615-621	bildet	_	
5-26	622-626	ſich	_	
5-27	627-635	zunächſt	_	
5-28	636-647	chlorſaurer	_	
5-29	648-652	Kalk	_	
5-30	653-656	und	_	
5-31	657-669	Chlorcalcium	_	
5-32	669-670	;	_	
5-33	671-674	die	_	
5-34	675-684	gewonnene	_	
5-35	685-691	Löſung	_	
5-36	692-696	wird	_	
5-37	697-700	mit	_	
5-38	701-712	Chlorkalium	_	
5-39	713-721	verſetzt	_	
5-40	722-725	und	_	
5-41	726-729	bis	_	
5-42	730-732	zu	_	
5-43	733-738	einer	_	
5-44	739-747	gewiſſen	_	
5-45	748-757	Konzentra	_	
5-46	757-758	-	_	
5-47	759-763	tion	_	
5-48	764-775	eingedampft	_	
5-49	775-776	,	_	
5-50	777-782	wobei	_	
5-51	783-786	das	_	
5-52	787-797	chlorſaure	_	
5-53	798-802	Kali	_	
5-54	803-807	beim	_	
5-55	808-816	Erkalten	_	
5-56	817-834	auskryſtalliſiert	_	
5-57	834-835	.	_	

#Text=Es bildet harte, farbloſe, glänzende, geruchloſe, luftbeſtändige, kühlend ſalzig
#Text=ſchmeckende Tafeln oder Blättchen, oder ein krümliges weißes Pulver;
#Text=bei
#Text=normaler Temperatur löſt es ſich in 17 Teilen Waſſer;
#Text=in heißem Waſſer
#Text=
#Text=iſt es viel leichter löslich.
6-1	837-839	Es	_	
6-2	840-846	bildet	_	
6-3	847-852	harte	_	
6-4	852-853	,	_	
6-5	854-862	farbloſe	_	
6-6	862-863	,	_	
6-7	864-873	glänzende	_	
6-8	873-874	,	_	
6-9	875-885	geruchloſe	Smell\_Word[1]|Quality[2]	
6-10	885-886	,	_	
6-11	887-901	luftbeſtändige	_	
6-12	901-902	,	_	
6-13	903-910	kühlend	_	
6-14	911-917	ſalzig	_	
6-15	918-929	ſchmeckende	_	
6-16	930-936	Tafeln	*	
6-17	937-941	oder	_	
6-18	942-951	Blättchen	Smell\_Source	
6-19	951-952	,	_	
6-20	953-957	oder	_	
6-21	958-961	ein	_	
6-22	962-971	krümliges	_	
6-23	972-978	weißes	_	
6-24	979-985	Pulver	Smell\_Source	
6-25	985-986	;	_	
6-26	987-990	bei	_	
6-27	991-999	normaler	_	
6-28	1000-1010	Temperatur	_	
6-29	1011-1015	löſt	_	
6-30	1016-1018	es	_	
6-31	1019-1023	ſich	_	
6-32	1024-1026	in	_	
6-33	1027-1029	17	_	
6-34	1030-1036	Teilen	_	
6-35	1037-1043	Waſſer	_	
6-36	1043-1044	;	_	
6-37	1045-1047	in	_	
6-38	1048-1054	heißem	_	
6-39	1055-1061	Waſſer	_	
6-40	1063-1066	iſt	_	
6-41	1067-1069	es	_	
6-42	1070-1074	viel	_	
6-43	1075-1083	leichter	_	
6-44	1084-1091	löslich	_	
6-45	1091-1092	.	_	

#Text=Es wirkt infolge ſeines Chlorgehalts kräftig oxy-
#Text=dierend;
#Text=die oxydierende Wirkung iſt bisweilen von ſolcher Heftigkeit, daß
#Text=Exploſion eintritt.
7-1	1093-1095	Es	_	
7-2	1096-1101	wirkt	_	
7-3	1102-1109	infolge	_	
7-4	1110-1116	ſeines	_	
7-5	1117-1129	Chlorgehalts	_	
7-6	1130-1137	kräftig	_	
7-7	1138-1141	oxy	_	
7-8	1141-1142	-	_	
7-9	1143-1150	dierend	_	
7-10	1150-1151	;	_	
7-11	1152-1155	die	_	
7-12	1156-1167	oxydierende	_	
7-13	1168-1175	Wirkung	_	
7-14	1176-1179	iſt	_	
7-15	1180-1189	bisweilen	_	
7-16	1190-1193	von	_	
7-17	1194-1201	ſolcher	_	
7-18	1202-1212	Heftigkeit	_	
7-19	1212-1213	,	_	
7-20	1214-1217	daß	_	
7-21	1218-1227	Exploſion	_	
7-22	1228-1236	eintritt	_	
7-23	1236-1237	.	_	

#Text=Es muß daher beim Zuſammenbringen mit andern Kör-
#Text=pern, nicht minder für ſich allein, mit großer Vorſicht behandelt werden, da
#Text=es ſchon durch Reiben, durch Stoß oder Druck von ſelbſt zu explodieren
#Text=vermag.
#Text=— Anwendung:
#Text=Als Oxydationsmittel in der Anilinſchwarzfärberei.
#Text=
#Text=
#Text=3.
8-1	1238-1240	Es	_	
8-2	1241-1244	muß	_	
8-3	1245-1250	daher	_	
8-4	1251-1255	beim	_	
8-5	1256-1271	Zuſammenbringen	_	
8-6	1272-1275	mit	_	
8-7	1276-1282	andern	_	
8-8	1283-1286	Kör	_	
8-9	1286-1287	-	_	
8-10	1288-1292	pern	_	
8-11	1292-1293	,	_	
8-12	1294-1299	nicht	_	
8-13	1300-1306	minder	_	
8-14	1307-1310	für	_	
8-15	1311-1315	ſich	_	
8-16	1316-1322	allein	_	
8-17	1322-1323	,	_	
8-18	1324-1327	mit	_	
8-19	1328-1334	großer	_	
8-20	1335-1343	Vorſicht	_	
8-21	1344-1353	behandelt	_	
8-22	1354-1360	werden	_	
8-23	1360-1361	,	_	
8-24	1362-1364	da	_	
8-25	1365-1367	es	_	
8-26	1368-1373	ſchon	_	
8-27	1374-1379	durch	_	
8-28	1380-1386	Reiben	_	
8-29	1386-1387	,	_	
8-30	1388-1393	durch	_	
8-31	1394-1398	Stoß	_	
8-32	1399-1403	oder	_	
8-33	1404-1409	Druck	_	
8-34	1410-1413	von	_	
8-35	1414-1420	ſelbſt	_	
8-36	1421-1423	zu	_	
8-37	1424-1435	explodieren	_	
8-38	1436-1442	vermag	_	
8-39	1442-1443	.	_	
8-40	1444-1445	—	_	
8-41	1446-1455	Anwendung	_	
8-42	1455-1456	:	_	
8-43	1457-1460	Als	_	
8-44	1461-1477	Oxydationsmittel	_	
8-45	1478-1480	in	_	
8-46	1481-1484	der	_	
8-47	1485-1506	Anilinſchwarzfärberei	_	
8-48	1506-1507	.	_	
8-49	1510-1511	3	_	
8-50	1511-1512	.	_	

#Text=Doppelt arſenſaures Kali, Macquers Doppelſalz, ar-
#Text=ſenikaliſches Mittelſalz, KH2 AsO4, wird durch Zuſammenſchmelzen
9-1	1513-1520	Doppelt	_	
9-2	1521-1532	arſenſaures	_	
9-3	1533-1537	Kali	_	
9-4	1537-1538	,	_	
9-5	1539-1547	Macquers	_	
9-6	1548-1558	Doppelſalz	_	
9-7	1558-1559	,	_	
9-8	1560-1562	ar	_	
9-9	1562-1563	-	_	
9-10	1564-1577	ſenikaliſches	_	
9-11	1578-1588	Mittelſalz	_	
9-12	1588-1589	,	_	
9-13	1590-1593	KH2	_	
9-14	1594-1598	AsO4	_	
9-15	1598-1599	,	_	
9-16	1600-1604	wird	_	
9-17	1605-1610	durch	_	
9-18	1611-1628	Zuſammenſchmelzen	_	
