#FORMAT=WebAnno TSV 3.3


#Text=, In variis morbi grauissimi fpeciebus praeter alia foeda fymptomata etiam odor per cutem (pirans hircinus atque
#Text=
#Text=foe.
#Text=for intolerabilis animae cum fudoribus pinguibus, graueolentibus obferuatus est ii).
1-1	2-3	,	
1-2	4-6	In	
1-3	7-13	variis	
1-4	14-19	morbi	
1-5	20-30	grauissimi	
1-6	31-40	fpeciebus	
1-7	41-48	praeter	
1-8	49-53	alia	
1-9	54-59	foeda	
1-10	60-70	fymptomata	
1-11	71-76	etiam	
1-12	77-81	odor	
1-13	82-85	per	
1-14	86-91	cutem	
1-15	92-93	(	
1-16	93-99	pirans	
1-17	100-108	hircinus	
1-18	109-114	atque	
1-19	116-119	foe	
1-20	119-120	.	
1-21	121-124	for	
1-22	125-138	intolerabilis	
1-23	139-145	animae	
1-24	146-149	cum	
1-25	150-159	fudoribus	
1-26	160-169	pinguibus	
1-27	169-170	,	
1-28	171-185	graueolentibus	
1-29	186-196	obferuatus	
1-30	197-200	est	
1-31	201-203	ii	
1-32	203-204	)	
1-33	204-205	.	

#Text=B.
2-1	206-207	B	
2-2	207-208	.	

#Text=XIX.
3-1	209-212	XIX	
3-2	212-213	.	

#Text=Pertinent porro ad morbos, qui fingulari perspirationis odore lese manifestant,
#Text=
#Text=Lues venera vniuerfalis.
4-1	214-223	Pertinent	
4-2	224-229	porro	
4-3	230-232	ad	
4-4	233-239	morbos	
4-5	239-240	,	
4-6	241-244	qui	
4-7	245-254	fingulari	
4-8	255-269	perspirationis	
4-9	270-275	odore	
4-10	276-280	lese	
4-11	281-292	manifestant	
4-12	292-293	,	
4-13	295-299	Lues	
4-14	300-306	venera	
4-15	307-318	vniuerfalis	
4-16	318-319	.	

#Text=Integumenta communia prae caeteris partibus maxime afficiuntur a contagio venereo.
5-1	320-331	Integumenta	
5-2	332-340	communia	
5-3	341-345	prae	
5-4	346-354	caeteris	
5-5	355-363	partibus	
5-6	364-370	maxime	
5-7	371-382	afficiuntur	
5-8	383-384	a	
5-9	385-393	contagio	
5-10	394-401	venereo	
5-11	401-402	.	

#Text=Docent id frequentiffima morbi gallici fymptomata, vlcera, exanthemata varii generis, rhagades, pustulae, morbi pilorum, et vnguium.
6-1	403-409	Docent	
6-2	410-412	id	
6-3	413-427	frequentiffima	
6-4	428-433	morbi	
6-5	434-441	gallici	
6-6	442-452	fymptomata	
6-7	452-453	,	
6-8	454-460	vlcera	
6-9	460-461	,	
6-10	462-473	exanthemata	
6-11	474-479	varii	
6-12	480-487	generis	
6-13	487-488	,	
6-14	489-497	rhagades	
6-15	497-498	,	
6-16	499-507	pustulae	
6-17	507-508	,	
6-18	509-514	morbi	
6-19	515-522	pilorum	
6-20	522-523	,	
6-21	524-526	et	
6-22	527-534	vnguium	
6-23	534-535	.	

#Text=Quid mirum ergo, quod in tanto humoruin per cutem distributorum vitio sudor etiam mutationes fubeat et specifico inficiatur odore k)?
7-1	536-540	Quid	
7-2	541-546	mirum	
7-3	547-551	ergo	
7-4	551-552	,	
7-5	553-557	quod	
7-6	558-560	in	
7-7	561-566	tanto	
7-8	567-575	humoruin	
7-9	576-579	per	
7-10	580-585	cutem	
7-11	586-599	distributorum	
7-12	600-605	vitio	
7-13	606-611	sudor	
7-14	612-617	etiam	
7-15	618-628	mutationes	
7-16	629-635	fubeat	
7-17	636-638	et	
7-18	639-648	specifico	
7-19	649-659	inficiatur	
7-20	660-665	odore	
7-21	666-667	k	
7-22	667-668	)	
7-23	668-669	?	

#Text=Concluderes forsan exinde , ' syphiliticorum perfpitationem : contagiosain effe; experientia vero contrarium probare videtur 1).
#Text=$..
8-1	670-681	Concluderes	
8-2	682-688	forsan	
8-3	689-695	exinde	
8-4	696-697	,	
8-5	698-699	'	
8-6	700-714	syphiliticorum	
8-7	715-729	perfpitationem	
8-8	730-731	:	
8-9	732-744	contagiosain	
8-10	745-749	effe	
8-11	749-750	;	
8-12	751-762	experientia	
8-13	763-767	vero	
8-14	768-778	contrarium	
8-15	779-786	probare	
8-16	787-794	videtur	
8-17	795-796	1	
8-18	796-797	)	
8-19	797-798	.	
8-20	799-800	$	
8-21	800-801	.	
8-22	801-802	.	

#Text=XX.
9-1	803-805	XX	
9-2	805-806	.	

#Text=In morbis, quos hactenus enumeraui, odor perspirationis prae.
#Text=ternaturalis maximam partem vitio huniorum debetur, supra (9.
10-1	807-809	In	
10-2	810-816	morbis	
10-3	816-817	,	
10-4	818-822	quos	
10-5	823-831	hactenus	
10-6	832-841	enumeraui	
10-7	841-842	,	
10-8	843-847	odor	
10-9	848-862	perspirationis	
10-10	863-867	prae	
10-11	867-868	.	
10-12	869-881	ternaturalis	
10-13	882-889	maximam	
10-14	890-896	partem	
10-15	897-902	vitio	
10-16	903-911	huniorum	
10-17	912-919	debetur	
10-18	919-920	,	
10-19	921-926	supra	
10-20	927-928	(	
10-21	928-929	9	
10-22	929-930	.	

#Text=XIV.)
#Text=autem
#Text=
#Text=
#Text=
#Text=i) Conf.
11-1	931-934	XIV	
11-2	934-935	.	
11-3	935-936	)	
11-4	937-942	autem	
11-5	946-947	i	
11-6	947-948	)	
11-7	949-953	Conf	
11-8	953-954	.	

#Text=Clar, HVFELAND neue Annalen der französ.
12-1	955-959	Clar	
12-2	959-960	,	
12-3	961-969	HVFELAND	
12-4	970-974	neue	
12-5	975-982	Annalen	
12-6	983-986	der	
12-7	987-994	französ	
12-8	994-995	.	

#Text=Arzneyw.
#Text=und
#Text=
#Text=Wundarzneyk.
13-1	996-1003	Arzneyw	
13-2	1003-1004	.	
13-3	1005-1008	und	
13-4	1010-1021	Wundarzneyk	
13-5	1021-1022	.	

#Text=Band.
#Text=2. pag. 287. ii) Conf.
#Text=claslicum opus IlI.
14-1	1023-1027	Band	
14-2	1027-1028	.	
14-3	1029-1030	2	
14-4	1030-1031	.	
14-5	1032-1035	pag	
14-6	1035-1036	.	
14-7	1037-1040	287	
14-8	1040-1041	.	
14-9	1042-1044	ii	
14-10	1044-1045	)	
14-11	1046-1050	Conf	
14-12	1050-1051	.	
14-13	1052-1061	claslicum	
14-14	1062-1066	opus	
14-15	1067-1070	IlI	
14-16	1070-1071	.	
