#FORMAT=WebAnno TSV 3.3


#Text=wijst terug naar:
#Text=koel, en zachtzinnich; gram-moedich naar heet-bloedich
#Text=lijdzaam
#Text=tot toorn geneigd
#Text=wat brengt heetheid van bloed tot stand
#Text=nl. het geërfde misverstand, die als een zonde heerst
#Text=indien zij ophoudt te bestaan
#Text=
#Text=niets
#Text=aanzet
#Text=
#Text=reiniging van zonden, vernieuwing van de zondige mens
#Text=standvastig blijft
#Text=nl. de woorden die nu volgen
#Text=
#Text=men vindt deze woorden in Mark.
#Text=13:33, en elders in het N.T.
#Text=wijst terug naar vs. 398-399a
#Text=nl. de waarheid die in Jezus Christus is, zie de aant., en Ef.
#Text=4:21, 2 Kor, 11:10 en vele andere
#Text=plaatsen in de Brieven der Apostelen, die teruggaan op Jezus' uitspraak in Joh.
#Text=14:6
#Text=Ik ben
#Text=de Weg, en de Waarheid, en het Leven.
1-1	3-8	wijst	
1-2	9-14	terug	
1-3	15-19	naar	
1-4	19-20	:	
1-5	21-25	koel	
1-6	25-26	,	
1-7	27-29	en	
1-8	30-42	zachtzinnich	
1-9	42-43	;	
1-10	44-56	gram-moedich	
1-11	57-61	naar	
1-12	62-75	heet-bloedich	
1-13	76-84	lijdzaam	
1-14	85-88	tot	
1-15	89-94	toorn	
1-16	95-102	geneigd	
1-17	103-106	wat	
1-18	107-113	brengt	
1-19	114-122	heetheid	
1-20	123-126	van	
1-21	127-132	bloed	
1-22	133-136	tot	
1-23	137-142	stand	
1-24	143-145	nl	
1-25	145-146	.	
1-26	147-150	het	
1-27	151-158	geërfde	
1-28	159-170	misverstand	
1-29	170-171	,	
1-30	172-175	die	
1-31	176-179	als	
1-32	180-183	een	
1-33	184-189	zonde	
1-34	190-196	heerst	
1-35	197-203	indien	
1-36	204-207	zij	
1-37	208-215	ophoudt	
1-38	216-218	te	
1-39	219-226	bestaan	
1-40	228-233	niets	
1-41	234-240	aanzet	
1-42	242-251	reiniging	
1-43	252-255	van	
1-44	256-262	zonden	
1-45	262-263	,	
1-46	264-275	vernieuwing	
1-47	276-279	van	
1-48	280-282	de	
1-49	283-290	zondige	
1-50	291-295	mens	
1-51	296-307	standvastig	
1-52	308-314	blijft	
1-53	315-317	nl	
1-54	317-318	.	
1-55	319-321	de	
1-56	322-329	woorden	
1-57	330-333	die	
1-58	334-336	nu	
1-59	337-343	volgen	
1-60	345-348	men	
1-61	349-354	vindt	
1-62	355-359	deze	
1-63	360-367	woorden	
1-64	368-370	in	
1-65	371-375	Mark	
1-66	375-376	.	
1-67	377-379	13	
1-68	379-380	:	
1-69	380-382	33	
1-70	382-383	,	
1-71	384-386	en	
1-72	387-393	elders	
1-73	394-396	in	
1-74	397-400	het	
1-75	401-404	N.T	
1-76	404-405	.	
1-77	406-411	wijst	
1-78	412-417	terug	
1-79	418-422	naar	
1-80	423-425	vs	
1-81	425-426	.	
1-82	427-430	398	
1-83	430-431	-	
1-84	431-435	399a	
1-85	436-438	nl	
1-86	438-439	.	
1-87	440-442	de	
1-88	443-451	waarheid	
1-89	452-455	die	
1-90	456-458	in	
1-91	459-464	Jezus	
1-92	465-473	Christus	
1-93	474-476	is	
1-94	476-477	,	
1-95	478-481	zie	
1-96	482-484	de	
1-97	485-489	aant	
1-98	489-490	.	
1-99	490-491	,	
1-100	492-494	en	
1-101	495-497	Ef	
1-102	497-498	.	
1-103	499-500	4	
1-104	500-501	:	
1-105	501-503	21	
1-106	503-504	,	
1-107	505-506	2	
1-108	507-510	Kor	
1-109	510-511	,	
1-110	512-514	11	
1-111	514-515	:	
1-112	515-517	10	
1-113	518-520	en	
1-114	521-525	vele	
1-115	526-532	andere	
1-116	533-541	plaatsen	
1-117	542-544	in	
1-118	545-547	de	
1-119	548-555	Brieven	
1-120	556-559	der	
1-121	560-569	Apostelen	
1-122	569-570	,	
1-123	571-574	die	
1-124	575-584	teruggaan	
1-125	585-587	op	
1-126	588-593	Jezus	
1-127	593-594	'	
1-128	595-604	uitspraak	
1-129	605-607	in	
1-130	608-611	Joh	
1-131	611-612	.	
1-132	613-615	14	
1-133	615-616	:	
1-134	616-617	6	
1-135	618-620	Ik	
1-136	621-624	ben	
1-137	625-627	de	
1-138	628-631	Weg	
1-139	631-632	,	
1-140	633-635	en	
1-141	636-638	de	
1-142	639-647	Waarheid	
1-143	647-648	,	
1-144	649-651	en	
1-145	652-655	het	
1-146	656-661	Leven	
1-147	661-662	.	

#Text=van het handelen van anderen, Matth.
#Text=7:1
#Text=schade berokkenen
#Text=een ongezonde lucht vgl.
2-1	664-667	van	
2-2	668-671	het	
2-3	672-680	handelen	
2-4	681-684	van	
2-5	685-692	anderen	
2-6	692-693	,	
2-7	694-699	Matth	
2-8	699-700	.	
2-9	701-702	7	
2-10	702-703	:	
2-11	703-704	1	
2-12	705-711	schade	
2-13	712-722	berokkenen	
2-14	723-726	een	
2-15	727-736	ongezonde	
2-16	737-742	lucht	
2-17	743-746	vgl	
2-18	746-747	.	

#Text=I, 232
#Text=vallend gesteente
#Text=geen van deze allen;
#Text=de meerv. pers.
3-1	748-749	I	
3-2	749-750	,	
3-3	751-754	232	
3-4	755-762	vallend	
3-5	763-772	gesteente	
3-6	773-777	geen	
3-7	778-781	van	
3-8	782-786	deze	
3-9	787-792	allen	
3-10	792-793	;	
3-11	794-796	de	
3-12	797-802	meerv	
3-13	802-803	.	
3-14	804-808	pers	
3-15	808-809	.	

#Text=-vorm is ad sensum geconstrueerd
#Text=terugwijzend partikel: op die zaak
#Text=
#Text=zie aant.
4-1	809-810	-	
4-2	810-814	vorm	
4-3	815-817	is	
4-4	818-820	ad	
4-5	821-827	sensum	
4-6	828-841	geconstrueerd	
4-7	842-854	terugwijzend	
4-8	855-863	partikel	
4-9	863-864	:	
4-10	865-867	op	
4-11	868-871	die	
4-12	872-876	zaak	
4-13	878-881	zie	
4-14	882-886	aant	
4-15	886-887	.	

#Text=betekent
#Text=plegen, doen
#Text=bevrediging van deze geneigdheid
#Text=doet vrede en vreugde de zijne noemen
#Text=
#Text=H.L.
5-1	889-897	betekent	
5-2	898-904	plegen	
5-3	904-905	,	
5-4	906-910	doen	
5-5	911-922	bevrediging	
5-6	923-926	van	
5-7	927-931	deze	
5-8	932-943	geneigdheid	
5-9	944-948	doet	
5-10	949-954	vrede	
5-11	955-957	en	
5-12	958-965	vreugde	
5-13	966-968	de	
5-14	969-974	zijne	
5-15	975-981	noemen	
5-16	983-986	H.L	
5-17	986-987	.	

#Text=Spiegel, Hert-spiegel
#Text=
#Text=\f
#Text=114
#Text=
#Text=a
#Text=
#Text=410
#Text=
#Text=415
#Text=
#Text=420
#Text=
#Text=425
#Text=
#Text=
#Text=Christ
#Text=leert u lieven
#Text=Godt, dats wijsheijd, goetheijt, macht,
#Text=en wie hem liefdt, verkrijght door wijsheijt goetheijts kracht.
6-1	988-995	Spiegel	
6-2	995-996	,	
6-3	997-1009	Hert-spiegel	
6-4	1013-1016	114	
6-5	1018-1019	a	
6-6	1021-1024	410	
6-7	1026-1029	415	
6-8	1031-1034	420	
6-9	1036-1039	425	
6-10	1042-1048	Christ	
6-11	1049-1054	leert	
6-12	1055-1056	u	
6-13	1057-1063	lieven	
6-14	1064-1068	Godt	
6-15	1068-1069	,	
6-16	1070-1074	dats	
6-17	1075-1084	wijsheijd	
6-18	1084-1085	,	
6-19	1086-1095	goetheijt	
6-20	1095-1096	,	
6-21	1097-1102	macht	
6-22	1102-1103	,	
6-23	1104-1106	en	
6-24	1107-1110	wie	
6-25	1111-1114	hem	
6-26	1115-1121	liefdt	
6-27	1121-1122	,	
6-28	1123-1133	verkrijght	
6-29	1134-1138	door	
6-30	1139-1148	wijsheijt	
6-31	1149-1159	goetheijts	
6-32	1160-1166	kracht	
6-33	1166-1167	.	

#Text=b
7-1	1169-1170	b	
