#FORMAT=WebAnno TSV 3.3


#Text=27 Consideravit semitas domus suæ, et panem otiosa non comedit.
#Text=28 Surrexerunt filii ejus, et beatissimam prædicaverunt ; vir ejus, et laudavit eam.
#Text=29 Multæ filiæ congregaverunt divitias ; tu supergressa es universas.
#Text=30 Fallax gratia, et vana est pulchritudo : mulier timens Dominum, ipsa laudabitur.
#Text=31 Date ei de fructu manuum suarum, et laudent eam in portis opera ejus.
1-1	2-4	27	
1-2	5-17	Consideravit	
1-3	18-25	semitas	
1-4	26-31	domus	
1-5	32-35	suæ	
1-6	35-36	,	
1-7	37-39	et	
1-8	40-45	panem	
1-9	46-52	otiosa	
1-10	53-56	non	
1-11	57-64	comedit	
1-12	64-65	.	
1-13	66-68	28	
1-14	69-80	Surrexerunt	
1-15	81-86	filii	
1-16	87-91	ejus	
1-17	91-92	,	
1-18	93-95	et	
1-19	96-107	beatissimam	
1-20	108-121	prædicaverunt	
1-21	122-123	;	
1-22	124-127	vir	
1-23	128-132	ejus	
1-24	132-133	,	
1-25	134-136	et	
1-26	137-145	laudavit	
1-27	146-149	eam	
1-28	149-150	.	
1-29	151-153	29	
1-30	154-159	Multæ	
1-31	160-165	filiæ	
1-32	166-180	congregaverunt	
1-33	181-189	divitias	
1-34	190-191	;	
1-35	192-194	tu	
1-36	195-206	supergressa	
1-37	207-209	es	
1-38	210-219	universas	
1-39	219-220	.	
1-40	221-223	30	
1-41	224-230	Fallax	
1-42	231-237	gratia	
1-43	237-238	,	
1-44	239-241	et	
1-45	242-246	vana	
1-46	247-250	est	
1-47	251-262	pulchritudo	
1-48	263-264	:	
1-49	265-271	mulier	
1-50	272-278	timens	
1-51	279-286	Dominum	
1-52	286-287	,	
1-53	288-292	ipsa	
1-54	293-303	laudabitur	
1-55	303-304	.	
1-56	305-307	31	
1-57	308-312	Date	
1-58	313-315	ei	
1-59	316-318	de	
1-60	319-325	fructu	
1-61	326-332	manuum	
1-62	333-339	suarum	
1-63	339-340	,	
1-64	341-343	et	
1-65	344-351	laudent	
1-66	352-355	eam	
1-67	356-358	in	
1-68	359-365	portis	
1-69	366-371	opera	
1-70	372-376	ejus	
1-71	376-377	.	

#Text=Caput 1
#Text=
#Text=
#Text=1 Verba Ecclesiastæ, filii David, regis Jerusalem.
#Text=2 Vanitas vanitatum, dixit Ecclesiastes ; vanitas vanitatum, et omnia vanitas.
#Text=3 Quid habet amplius homo de universo labore suo quo laborat sub sole ?
2-1	378-383	Caput	
2-2	384-385	1	
2-3	388-389	1	
2-4	390-395	Verba	
2-5	396-407	Ecclesiastæ	
2-6	407-408	,	
2-7	409-414	filii	
2-8	415-420	David	
2-9	420-421	,	
2-10	422-427	regis	
2-11	428-437	Jerusalem	
2-12	437-438	.	
2-13	439-440	2	
2-14	441-448	Vanitas	
2-15	449-458	vanitatum	
2-16	458-459	,	
2-17	460-465	dixit	
2-18	466-478	Ecclesiastes	
2-19	479-480	;	
2-20	481-488	vanitas	
2-21	489-498	vanitatum	
2-22	498-499	,	
2-23	500-502	et	
2-24	503-508	omnia	
2-25	509-516	vanitas	
2-26	516-517	.	
2-27	518-519	3	
2-28	520-524	Quid	
2-29	525-530	habet	
2-30	531-538	amplius	
2-31	539-543	homo	
2-32	544-546	de	
2-33	547-555	universo	
2-34	556-562	labore	
2-35	563-566	suo	
2-36	567-570	quo	
2-37	571-578	laborat	
2-38	579-582	sub	
2-39	583-587	sole	
2-40	588-589	?	

#Text=4 Generatio præterit, et generatio advenit ; terra autem in æternum stat.
#Text=5 Oritur sol et occidit, et ad locum suum revertitur ; ibique renascens, 6 gyrat per meridiem, et flectitur ad aquilonem.
3-1	590-591	4	
3-2	592-601	Generatio	
3-3	602-610	præterit	
3-4	610-611	,	
3-5	612-614	et	
3-6	615-624	generatio	
3-7	625-632	advenit	
3-8	633-634	;	
3-9	635-640	terra	
3-10	641-646	autem	
3-11	647-649	in	
3-12	650-657	æternum	
3-13	658-662	stat	
3-14	662-663	.	
3-15	664-665	5	
3-16	666-672	Oritur	
3-17	673-676	sol	
3-18	677-679	et	
3-19	680-687	occidit	
3-20	687-688	,	
3-21	689-691	et	
3-22	692-694	ad	
3-23	695-700	locum	
3-24	701-705	suum	
3-25	706-716	revertitur	
3-26	717-718	;	
3-27	719-725	ibique	
3-28	726-735	renascens	
3-29	735-736	,	
3-30	737-738	6	
3-31	739-744	gyrat	
3-32	745-748	per	
3-33	749-757	meridiem	
3-34	757-758	,	
3-35	759-761	et	
3-36	762-771	flectitur	
3-37	772-774	ad	
3-38	775-784	aquilonem	
3-39	784-785	.	

#Text=Lustrans universa in circuitu pergit spiritus, et in circulos suos revertitur.
#Text=7 Omnia flumina intrant in mare, et mare non redundat ; ad locum unde exeunt flumina revertuntur ut iterum fluant.
#Text=8 Cunctæ res difficiles ; non potest eas homo explicare sermone.
4-1	786-794	Lustrans	
4-2	795-803	universa	
4-3	804-806	in	
4-4	807-815	circuitu	
4-5	816-822	pergit	
4-6	823-831	spiritus	
4-7	831-832	,	
4-8	833-835	et	
4-9	836-838	in	
4-10	839-847	circulos	
4-11	848-852	suos	
4-12	853-863	revertitur	
4-13	863-864	.	
4-14	865-866	7	
4-15	867-872	Omnia	
4-16	873-880	flumina	
4-17	881-888	intrant	
4-18	889-891	in	
4-19	892-896	mare	
4-20	896-897	,	
4-21	898-900	et	
4-22	901-905	mare	
4-23	906-909	non	
4-24	910-918	redundat	
4-25	919-920	;	
4-26	921-923	ad	
4-27	924-929	locum	
4-28	930-934	unde	
4-29	935-941	exeunt	
4-30	942-949	flumina	
4-31	950-961	revertuntur	
4-32	962-964	ut	
4-33	965-971	iterum	
4-34	972-978	fluant	
4-35	978-979	.	
4-36	980-981	8	
4-37	982-988	Cunctæ	
4-38	989-992	res	
4-39	993-1003	difficiles	
4-40	1004-1005	;	
4-41	1006-1009	non	
4-42	1010-1016	potest	
4-43	1017-1020	eas	
4-44	1021-1025	homo	
4-45	1026-1035	explicare	
4-46	1036-1043	sermone	
4-47	1043-1044	.	

#Text=Non saturatur oculus visu, nec auris auditu impletur.
#Text=9 Quid est quod fuit ?
5-1	1045-1048	Non	
5-2	1049-1058	saturatur	
5-3	1059-1065	oculus	
5-4	1066-1070	visu	
5-5	1070-1071	,	
5-6	1072-1075	nec	
5-7	1076-1081	auris	
5-8	1082-1088	auditu	
5-9	1089-1097	impletur	
5-10	1097-1098	.	
5-11	1099-1100	9	
5-12	1101-1105	Quid	
5-13	1106-1109	est	
5-14	1110-1114	quod	
5-15	1115-1119	fuit	
5-16	1120-1121	?	

#Text=Ipsum quod futurum est.
6-1	1122-1127	Ipsum	
6-2	1128-1132	quod	
6-3	1133-1140	futurum	
6-4	1141-1144	est	
6-5	1144-1145	.	

#Text=Quid est quod factum est ?
7-1	1146-1150	Quid	
7-2	1151-1154	est	
7-3	1155-1159	quod	
7-4	1160-1166	factum	
7-5	1167-1170	est	
7-6	1171-1172	?	

#Text=Ipsum quod faciendum est.
#Text=10 Nihil sub sole novum, nec valet quisquam dicere : Ecce hoc recens est : jam enim præcessit in sæculis quæ fuerunt ante nos.
#Text=11 Non est priorum memoria ; sed nec eorum quidem quæ postea futura sunt erit recordatio apud eos qui futuri sunt in novissimo.
8-1	1173-1178	Ipsum	
8-2	1179-1183	quod	
8-3	1184-1193	faciendum	
8-4	1194-1197	est	
8-5	1197-1198	.	
8-6	1199-1201	10	
8-7	1202-1207	Nihil	
8-8	1208-1211	sub	
8-9	1212-1216	sole	
8-10	1217-1222	novum	
8-11	1222-1223	,	
8-12	1224-1227	nec	
8-13	1228-1233	valet	
8-14	1234-1242	quisquam	
8-15	1243-1249	dicere	
8-16	1250-1251	:	
8-17	1252-1256	Ecce	
8-18	1257-1260	hoc	
8-19	1261-1267	recens	
8-20	1268-1271	est	
8-21	1272-1273	:	
8-22	1274-1277	jam	
8-23	1278-1282	enim	
8-24	1283-1292	præcessit	
8-25	1293-1295	in	
8-26	1296-1303	sæculis	
8-27	1304-1307	quæ	
8-28	1308-1315	fuerunt	
8-29	1316-1320	ante	
8-30	1321-1324	nos	
8-31	1324-1325	.	
8-32	1326-1328	11	
8-33	1329-1332	Non	
8-34	1333-1336	est	
8-35	1337-1344	priorum	
8-36	1345-1352	memoria	
8-37	1353-1354	;	
8-38	1355-1358	sed	
8-39	1359-1362	nec	
8-40	1363-1368	eorum	
8-41	1369-1375	quidem	
8-42	1376-1379	quæ	
8-43	1380-1386	postea	
8-44	1387-1393	futura	
8-45	1394-1398	sunt	
8-46	1399-1403	erit	
8-47	1404-1414	recordatio	
8-48	1415-1419	apud	
8-49	1420-1423	eos	
8-50	1424-1427	qui	
8-51	1428-1434	futuri	
8-52	1435-1439	sunt	
8-53	1440-1442	in	
8-54	1443-1452	novissimo	
8-55	1452-1453	.	
