#FORMAT=WebAnno TSV 3.3


#Text=22 Reversusque est Moyses ad Dominum, et ait : Domine, cur afflixisti populum istum ?
1-1	2-4	22	
1-2	5-16	Reversusque	
1-3	17-20	est	
1-4	21-27	Moyses	
1-5	28-30	ad	
1-6	31-38	Dominum	
1-7	38-39	,	
1-8	40-42	et	
1-9	43-46	ait	
1-10	47-48	:	
1-11	49-55	Domine	
1-12	55-56	,	
1-13	57-60	cur	
1-14	61-71	afflixisti	
1-15	72-79	populum	
1-16	80-85	istum	
1-17	86-87	?	

#Text=quare misisti me ?
2-1	88-93	quare	
2-2	94-101	misisti	
2-3	102-104	me	
2-4	105-106	?	

#Text=23 ex eo enim quo ingressus sum ad Pharaonem ut loquerer in nomine tuo, afflixit populum tuum : et non liberasti eos.
3-1	107-109	23	
3-2	110-112	ex	
3-3	113-115	eo	
3-4	116-120	enim	
3-5	121-124	quo	
3-6	125-134	ingressus	
3-7	135-138	sum	
3-8	139-141	ad	
3-9	142-151	Pharaonem	
3-10	152-154	ut	
3-11	155-163	loquerer	
3-12	164-166	in	
3-13	167-173	nomine	
3-14	174-177	tuo	
3-15	177-178	,	
3-16	179-187	afflixit	
3-17	188-195	populum	
3-18	196-200	tuum	
3-19	201-202	:	
3-20	203-205	et	
3-21	206-209	non	
3-22	210-219	liberasti	
3-23	220-223	eos	
3-24	223-224	.	

#Text=Caput 6
#Text=
#Text=
#Text=1 Dixitque Dominus ad Moysen : Nunc videbis quæ facturus sim Pharaoni : per manum enim fortem dimittet eos, et in manu robusta ejiciet illos de terra sua.
#Text=2 Locutusque est Dominus ad Moysen dicens : Ego Dominus 3 qui apparui Abraham, Isaac et Jacob in Deo omnipotente : et nomen meum Adonai non indicavi eis.
#Text=4 Pepigique fœdus cum eis, ut darem eis terram Chanaan, terram peregrinationis eorum, in qua fuerunt advenæ.
#Text=5 Ego audivi gemitum filiorum Israël, quo Ægyptii oppresserunt eos : et recordatus sum pacti mei.
#Text=6 Ideo dic filiis Israël : Ego Dominus qui educam vos de ergastulo Ægyptiorum, et eruam de servitute, ac redimam in brachio excelso et judiciis magnis.
#Text=7 Et assumam vos mihi in populum, et ero vester Deus : et scietis quod ego sum Dominus Deus vester qui eduxerim vos de ergastulo Ægyptiorum, 8 et induxerim in terram, super quam levavi manum meam ut darem eam Abraham, Isaac et Jacob : daboque illam vobis possidendam.
4-1	225-230	Caput	
4-2	231-232	6	
4-3	235-236	1	
4-4	237-245	Dixitque	
4-5	246-253	Dominus	
4-6	254-256	ad	
4-7	257-263	Moysen	
4-8	264-265	:	
4-9	266-270	Nunc	
4-10	271-278	videbis	
4-11	279-282	quæ	
4-12	283-291	facturus	
4-13	292-295	sim	
4-14	296-304	Pharaoni	
4-15	305-306	:	
4-16	307-310	per	
4-17	311-316	manum	
4-18	317-321	enim	
4-19	322-328	fortem	
4-20	329-337	dimittet	
4-21	338-341	eos	
4-22	341-342	,	
4-23	343-345	et	
4-24	346-348	in	
4-25	349-353	manu	
4-26	354-361	robusta	
4-27	362-369	ejiciet	
4-28	370-375	illos	
4-29	376-378	de	
4-30	379-384	terra	
4-31	385-388	sua	
4-32	388-389	.	
4-33	390-391	2	
4-34	392-402	Locutusque	
4-35	403-406	est	
4-36	407-414	Dominus	
4-37	415-417	ad	
4-38	418-424	Moysen	
4-39	425-431	dicens	
4-40	432-433	:	
4-41	434-437	Ego	
4-42	438-445	Dominus	
4-43	446-447	3	
4-44	448-451	qui	
4-45	452-459	apparui	
4-46	460-467	Abraham	
4-47	467-468	,	
4-48	469-474	Isaac	
4-49	475-477	et	
4-50	478-483	Jacob	
4-51	484-486	in	
4-52	487-490	Deo	
4-53	491-502	omnipotente	
4-54	503-504	:	
4-55	505-507	et	
4-56	508-513	nomen	
4-57	514-518	meum	
4-58	519-525	Adonai	
4-59	526-529	non	
4-60	530-538	indicavi	
4-61	539-542	eis	
4-62	542-543	.	
4-63	544-545	4	
4-64	546-555	Pepigique	
4-65	556-561	fœdus	
4-66	562-565	cum	
4-67	566-569	eis	
4-68	569-570	,	
4-69	571-573	ut	
4-70	574-579	darem	
4-71	580-583	eis	
4-72	584-590	terram	
4-73	591-598	Chanaan	
4-74	598-599	,	
4-75	600-606	terram	
4-76	607-622	peregrinationis	
4-77	623-628	eorum	
4-78	628-629	,	
4-79	630-632	in	
4-80	633-636	qua	
4-81	637-644	fuerunt	
4-82	645-651	advenæ	
4-83	651-652	.	
4-84	653-654	5	
4-85	655-658	Ego	
4-86	659-665	audivi	
4-87	666-673	gemitum	
4-88	674-682	filiorum	
4-89	683-689	Israël	
4-90	689-690	,	
4-91	691-694	quo	
4-92	695-702	Ægyptii	
4-93	703-715	oppresserunt	
4-94	716-719	eos	
4-95	720-721	:	
4-96	722-724	et	
4-97	725-735	recordatus	
4-98	736-739	sum	
4-99	740-745	pacti	
4-100	746-749	mei	
4-101	749-750	.	
4-102	751-752	6	
4-103	753-757	Ideo	
4-104	758-761	dic	
4-105	762-768	filiis	
4-106	769-775	Israël	
4-107	776-777	:	
4-108	778-781	Ego	
4-109	782-789	Dominus	
4-110	790-793	qui	
4-111	794-800	educam	
4-112	801-804	vos	
4-113	805-807	de	
4-114	808-817	ergastulo	
4-115	818-828	Ægyptiorum	
4-116	828-829	,	
4-117	830-832	et	
4-118	833-838	eruam	
4-119	839-841	de	
4-120	842-851	servitute	
4-121	851-852	,	
4-122	853-855	ac	
4-123	856-863	redimam	
4-124	864-866	in	
4-125	867-874	brachio	
4-126	875-882	excelso	
4-127	883-885	et	
4-128	886-894	judiciis	
4-129	895-901	magnis	
4-130	901-902	.	
4-131	903-904	7	
4-132	905-907	Et	
4-133	908-915	assumam	
4-134	916-919	vos	
4-135	920-924	mihi	
4-136	925-927	in	
4-137	928-935	populum	
4-138	935-936	,	
4-139	937-939	et	
4-140	940-943	ero	
4-141	944-950	vester	
4-142	951-955	Deus	
4-143	956-957	:	
4-144	958-960	et	
4-145	961-968	scietis	
4-146	969-973	quod	
4-147	974-977	ego	
4-148	978-981	sum	
4-149	982-989	Dominus	
4-150	990-994	Deus	
4-151	995-1001	vester	
4-152	1002-1005	qui	
4-153	1006-1014	eduxerim	
4-154	1015-1018	vos	
4-155	1019-1021	de	
4-156	1022-1031	ergastulo	
4-157	1032-1042	Ægyptiorum	
4-158	1042-1043	,	
4-159	1044-1045	8	
4-160	1046-1048	et	
4-161	1049-1058	induxerim	
4-162	1059-1061	in	
4-163	1062-1068	terram	
4-164	1068-1069	,	
4-165	1070-1075	super	
4-166	1076-1080	quam	
4-167	1081-1087	levavi	
4-168	1088-1093	manum	
4-169	1094-1098	meam	
4-170	1099-1101	ut	
4-171	1102-1107	darem	
4-172	1108-1111	eam	
4-173	1112-1119	Abraham	
4-174	1119-1120	,	
4-175	1121-1126	Isaac	
4-176	1127-1129	et	
4-177	1130-1135	Jacob	
4-178	1136-1137	:	
4-179	1138-1145	daboque	
4-180	1146-1151	illam	
4-181	1152-1157	vobis	
4-182	1158-1169	possidendam	
4-183	1169-1170	.	

#Text=Ego Dominus.
#Text=9 Narravit ergo Moyses omnia filiis Israël : qui non acquieverunt ei propter angustiam spiritus, et opus durissimum.
#Text=10 Locutusque est Dominus ad Moysen, dicens : 11 Ingredere, et loquere ad Pharaonem regem Ægypti, ut dimittat filios Israël de terra sua.
#Text=12 Respondit Moyses coram Domino : Ecce filii Israël non audiunt me : et quomodo audiet Pharao, præsertim cum incircumcisus sim labiis ?
5-1	1171-1174	Ego	
5-2	1175-1182	Dominus	
5-3	1182-1183	.	
5-4	1184-1185	9	
5-5	1186-1194	Narravit	
5-6	1195-1199	ergo	
5-7	1200-1206	Moyses	
5-8	1207-1212	omnia	
5-9	1213-1219	filiis	
5-10	1220-1226	Israël	
5-11	1227-1228	:	
5-12	1229-1232	qui	
5-13	1233-1236	non	
5-14	1237-1249	acquieverunt	
5-15	1250-1252	ei	
5-16	1253-1260	propter	
5-17	1261-1270	angustiam	
5-18	1271-1279	spiritus	
5-19	1279-1280	,	
5-20	1281-1283	et	
5-21	1284-1288	opus	
5-22	1289-1299	durissimum	
5-23	1299-1300	.	
5-24	1301-1303	10	
5-25	1304-1314	Locutusque	
5-26	1315-1318	est	
5-27	1319-1326	Dominus	
5-28	1327-1329	ad	
5-29	1330-1336	Moysen	
5-30	1336-1337	,	
5-31	1338-1344	dicens	
5-32	1345-1346	:	
5-33	1347-1349	11	
5-34	1350-1359	Ingredere	
5-35	1359-1360	,	
5-36	1361-1363	et	
5-37	1364-1371	loquere	
5-38	1372-1374	ad	
5-39	1375-1384	Pharaonem	
5-40	1385-1390	regem	
5-41	1391-1397	Ægypti	
5-42	1397-1398	,	
5-43	1399-1401	ut	
5-44	1402-1410	dimittat	
5-45	1411-1417	filios	
5-46	1418-1424	Israël	
5-47	1425-1427	de	
5-48	1428-1433	terra	
5-49	1434-1437	sua	
5-50	1437-1438	.	
5-51	1439-1441	12	
5-52	1442-1451	Respondit	
5-53	1452-1458	Moyses	
5-54	1459-1464	coram	
5-55	1465-1471	Domino	
5-56	1472-1473	:	
5-57	1474-1478	Ecce	
5-58	1479-1484	filii	
5-59	1485-1491	Israël	
5-60	1492-1495	non	
5-61	1496-1503	audiunt	
5-62	1504-1506	me	
5-63	1507-1508	:	
5-64	1509-1511	et	
5-65	1512-1519	quomodo	
5-66	1520-1526	audiet	
5-67	1527-1533	Pharao	
5-68	1533-1534	,	
5-69	1535-1544	præsertim	
5-70	1545-1548	cum	
5-71	1549-1562	incircumcisus	
5-72	1563-1566	sim	
5-73	1567-1573	labiis	
5-74	1574-1575	?	

#Text=13 Locutusque est Dominus ad Moysen et Aaron, et dedit mandatum ad filios Israël, et ad Pharaonem regem Ægypti ut educerent filios Israël de terra Ægypti.
#Text=14 Isti sunt principes domorum per familias suas.
6-1	1576-1578	13	
6-2	1579-1589	Locutusque	
6-3	1590-1593	est	
6-4	1594-1601	Dominus	
6-5	1602-1604	ad	
6-6	1605-1611	Moysen	
6-7	1612-1614	et	
6-8	1615-1620	Aaron	
6-9	1620-1621	,	
6-10	1622-1624	et	
6-11	1625-1630	dedit	
6-12	1631-1639	mandatum	
6-13	1640-1642	ad	
6-14	1643-1649	filios	
6-15	1650-1656	Israël	
6-16	1656-1657	,	
6-17	1658-1660	et	
6-18	1661-1663	ad	
6-19	1664-1673	Pharaonem	
6-20	1674-1679	regem	
6-21	1680-1686	Ægypti	
6-22	1687-1689	ut	
6-23	1690-1699	educerent	
6-24	1700-1706	filios	
6-25	1707-1713	Israël	
6-26	1714-1716	de	
6-27	1717-1722	terra	
6-28	1723-1729	Ægypti	
6-29	1729-1730	.	
6-30	1731-1733	14	
6-31	1734-1738	Isti	
6-32	1739-1743	sunt	
6-33	1744-1753	principes	
6-34	1754-1761	domorum	
6-35	1762-1765	per	
6-36	1766-1774	familias	
6-37	1775-1779	suas	
6-38	1779-1780	.	

#Text=Filii Ruben primogeniti Israëlis : Henoch et Phallu, Hesron et Charmi : 15 hæ cognationes Ruben.
7-1	1781-1786	Filii	
7-2	1787-1792	Ruben	
7-3	1793-1804	primogeniti	
7-4	1805-1813	Israëlis	
7-5	1814-1815	:	
7-6	1816-1822	Henoch	
7-7	1823-1825	et	
7-8	1826-1832	Phallu	
7-9	1832-1833	,	
7-10	1834-1840	Hesron	
7-11	1841-1843	et	
7-12	1844-1850	Charmi	
7-13	1851-1852	:	
7-14	1853-1855	15	
7-15	1856-1858	hæ	
7-16	1859-1870	cognationes	
7-17	1871-1876	Ruben	
7-18	1876-1877	.	

#Text=Filii Simeon : Jamuel, et Jamin, et Ahod, et Jachin, et Soar, et Saul filius Chananitidis : hæ progenies Simeon.
#Text=16 Et hæc nomina filiorum Levi per cognationes suas : Gerson, et Caath, et Merari.
8-1	1878-1883	Filii	
8-2	1884-1890	Simeon	
8-3	1891-1892	:	
8-4	1893-1899	Jamuel	
8-5	1899-1900	,	
8-6	1901-1903	et	
8-7	1904-1909	Jamin	
8-8	1909-1910	,	
8-9	1911-1913	et	
8-10	1914-1918	Ahod	
8-11	1918-1919	,	
8-12	1920-1922	et	
8-13	1923-1929	Jachin	
8-14	1929-1930	,	
8-15	1931-1933	et	
8-16	1934-1938	Soar	
8-17	1938-1939	,	
8-18	1940-1942	et	
8-19	1943-1947	Saul	
8-20	1948-1954	filius	
8-21	1955-1967	Chananitidis	
8-22	1968-1969	:	
8-23	1970-1972	hæ	
8-24	1973-1982	progenies	
8-25	1983-1989	Simeon	
8-26	1989-1990	.	
8-27	1991-1993	16	
8-28	1994-1996	Et	
8-29	1997-2000	hæc	
8-30	2001-2007	nomina	
8-31	2008-2016	filiorum	
8-32	2017-2021	Levi	
8-33	2022-2025	per	
8-34	2026-2037	cognationes	
8-35	2038-2042	suas	
8-36	2043-2044	:	
8-37	2045-2051	Gerson	
8-38	2051-2052	,	
8-39	2053-2055	et	
8-40	2056-2061	Caath	
8-41	2061-2062	,	
8-42	2063-2065	et	
8-43	2066-2072	Merari	
8-44	2072-2073	.	

#Text=Anni autem vitæ Levi fuerunt centum triginta septem.
#Text=17 Filii Gerson : Lobni et Semei, per cognationes suas.
9-1	2074-2078	Anni	
9-2	2079-2084	autem	
9-3	2085-2089	vitæ	
9-4	2090-2094	Levi	
9-5	2095-2102	fuerunt	
9-6	2103-2109	centum	
9-7	2110-2118	triginta	
9-8	2119-2125	septem	
9-9	2125-2126	.	
9-10	2127-2129	17	
9-11	2130-2135	Filii	
9-12	2136-2142	Gerson	
9-13	2143-2144	:	
9-14	2145-2150	Lobni	
9-15	2151-2153	et	
9-16	2154-2159	Semei	
9-17	2159-2160	,	
9-18	2161-2164	per	
9-19	2165-2176	cognationes	
9-20	2177-2181	suas	
9-21	2181-2182	.	
