#FORMAT=WebAnno TSV 3.3
#T_SP=custom.Span|label
#T_RL=custom.Relation|label|BT_custom.Span


#Text=Een tweede vereischte is, dat zy in zig zelve genoegzaame kragt bezitte, om zig
#Text=te herstellen;
#Text=dat is, om haare voortbrengsels te voeden in droogte, en bestendig te
#Text=zyn in natheid: als mede dat zy vervolgens, na dat zy door de Gewassen, en na veel
#Text=oogsten als uitgeput schynt, zig, na eenige rust, spoedig weder herstelt:
#Text=het zy dit,
#Text=door
#Text=
#Text=J. le Francq van Berkhey, Natuurlyke historie van Holland.
1-1	2-5	Een	_	_	_	
1-2	6-12	tweede	_	_	_	
1-3	13-23	vereischte	_	_	_	
1-4	24-26	is	_	_	_	
1-5	26-27	,	_	_	_	
1-6	28-31	dat	_	_	_	
1-7	32-34	zy	_	_	_	
1-8	35-37	in	_	_	_	
1-9	38-41	zig	_	_	_	
1-10	42-47	zelve	_	_	_	
1-11	48-59	genoegzaame	_	_	_	
1-12	60-65	kragt	_	_	_	
1-13	66-73	bezitte	_	_	_	
1-14	73-74	,	_	_	_	
1-15	75-77	om	_	_	_	
1-16	78-81	zig	_	_	_	
1-17	82-84	te	_	_	_	
1-18	85-95	herstellen	_	_	_	
1-19	95-96	;	_	_	_	
1-20	97-100	dat	_	_	_	
1-21	101-103	is	_	_	_	
1-22	103-104	,	_	_	_	
1-23	105-107	om	_	_	_	
1-24	108-113	haare	_	_	_	
1-25	114-128	voortbrengsels	_	_	_	
1-26	129-131	te	_	_	_	
1-27	132-138	voeden	_	_	_	
1-28	139-141	in	_	_	_	
1-29	142-149	droogte	_	_	_	
1-30	149-150	,	_	_	_	
1-31	151-153	en	_	_	_	
1-32	154-163	bestendig	_	_	_	
1-33	164-166	te	_	_	_	
1-34	167-170	zyn	_	_	_	
1-35	171-173	in	_	_	_	
1-36	174-181	natheid	_	_	_	
1-37	181-182	:	_	_	_	
1-38	183-186	als	_	_	_	
1-39	187-191	mede	_	_	_	
1-40	192-195	dat	_	_	_	
1-41	196-198	zy	_	_	_	
1-42	199-209	vervolgens	_	_	_	
1-43	209-210	,	_	_	_	
1-44	211-213	na	_	_	_	
1-45	214-217	dat	_	_	_	
1-46	218-220	zy	_	_	_	
1-47	221-225	door	_	_	_	
1-48	226-228	de	_	_	_	
1-49	229-237	Gewassen	_	_	_	
1-50	237-238	,	_	_	_	
1-51	239-241	en	_	_	_	
1-52	242-244	na	_	_	_	
1-53	245-249	veel	_	_	_	
1-54	250-257	oogsten	_	_	_	
1-55	258-261	als	_	_	_	
1-56	262-270	uitgeput	_	_	_	
1-57	271-277	schynt	_	_	_	
1-58	277-278	,	_	_	_	
1-59	279-282	zig	_	_	_	
1-60	282-283	,	_	_	_	
1-61	284-286	na	_	_	_	
1-62	287-293	eenige	_	_	_	
1-63	294-298	rust	_	_	_	
1-64	298-299	,	_	_	_	
1-65	300-307	spoedig	_	_	_	
1-66	308-313	weder	_	_	_	
1-67	314-322	herstelt	_	_	_	
1-68	322-323	:	_	_	_	
1-69	324-327	het	_	_	_	
1-70	328-330	zy	_	_	_	
1-71	331-334	dit	_	_	_	
1-72	334-335	,	_	_	_	
1-73	336-340	door	_	_	_	
1-74	342-343	J	_	_	_	
1-75	343-344	.	_	_	_	
1-76	345-347	le	_	_	_	
1-77	348-354	Francq	_	_	_	
1-78	355-358	van	_	_	_	
1-79	359-366	Berkhey	_	_	_	
1-80	366-367	,	_	_	_	
1-81	368-378	Natuurlyke	_	_	_	
1-82	379-387	historie	_	_	_	
1-83	388-391	van	_	_	_	
1-84	392-399	Holland	_	_	_	
1-85	399-400	.	_	_	_	

#Text=Deel 2
#Text=
#Text=\f648
#Text=
#Text=+
#Text=
#Text=
#Text=het veranderen der Gewassen, of uit haar zelve geschiede
2-1	401-405	Deel	_	_	_	
2-2	406-407	2	_	_	_	
2-3	410-413	648	_	_	_	
2-4	415-416	+	_	_	_	
2-5	419-422	het	_	_	_	
2-6	423-433	veranderen	_	_	_	
2-7	434-437	der	_	_	_	
2-8	438-446	Gewassen	_	_	_	
2-9	446-447	,	_	_	_	
2-10	448-450	of	_	_	_	
2-11	451-454	uit	_	_	_	
2-12	455-459	haar	_	_	_	
2-13	460-465	zelve	_	_	_	
2-14	466-475	geschiede	_	_	_	

#Text=.
3-1	475-476	.	_	_	_	

#Text=+
#Text=
#Text=
#Text=Ten derden moet deeze Aarde geen kwaaden smaak hebben;
#Text=dat is, zy moet
#Text=DELFSTOFFEN.
4-1	478-479	+	_	_	_	
4-2	482-485	Ten	_	_	_	
4-3	486-492	derden	_	_	_	
4-4	493-497	moet	_	_	_	
4-5	498-503	deeze	Odour\_Carrier[1]	_	_	
4-6	504-509	Aarde	Odour\_Carrier[1]	_	_	
4-7	510-514	geen	_	_	_	
4-8	515-522	kwaaden	_	_	_	
4-9	523-528	smaak	_	_	_	
4-10	529-535	hebben	_	_	_	
4-11	535-536	;	_	_	_	
4-12	537-540	dat	_	_	_	
4-13	541-543	is	_	_	_	
4-14	543-544	,	_	_	_	
4-15	545-547	zy	_	_	_	
4-16	548-552	moet	_	_	_	
4-17	553-564	DELFSTOFFEN	_	_	_	
4-18	564-565	.	_	_	_	

#Text=bykans geen smaak hebben; en geen stinkend moeras, zwavelig Veen, of andere
#Text=bedervende Stoffen bezitten;
#Text=maar, even als het water, een zuiveren, haar alleen
#Text=eigen, of, om zoo te spreeken, noch kwaaden, noch goeden smaak van zig geeven.
5-1	567-573	bykans	_	_	_	
5-2	574-578	geen	_	_	_	
5-3	579-584	smaak	_	_	_	
5-4	585-591	hebben	_	_	_	
5-5	591-592	;	_	_	_	
5-6	593-595	en	_	_	_	
5-7	596-600	geen	_	_	_	
5-8	601-609	stinkend	Quality[2]|Smell\_Word[3]	*|*|*|*|*	5-15[5_3]|5-11[4_3]|5-9[0_3]|5-8[2_3]|4-5[1_3]	
5-9	610-616	moeras	Smell\_Source	_	_	
5-10	616-617	,	_	_	_	
5-11	618-626	zwavelig	Smell\_Source[4]	_	_	
5-12	627-631	Veen	Smell\_Source[4]	_	_	
5-13	631-632	,	_	_	_	
5-14	633-635	of	_	_	_	
5-15	636-642	andere	Smell\_Source[5]	_	_	
5-16	643-653	bedervende	Smell\_Source[5]	_	_	
5-17	654-661	Stoffen	Smell\_Source[5]	_	_	
5-18	662-670	bezitten	_	_	_	
5-19	670-671	;	_	_	_	
5-20	672-676	maar	_	_	_	
5-21	676-677	,	_	_	_	
5-22	678-682	even	_	_	_	
5-23	683-686	als	_	_	_	
5-24	687-690	het	_	_	_	
5-25	691-696	water	_	_	_	
5-26	696-697	,	_	_	_	
5-27	698-701	een	_	_	_	
5-28	702-710	zuiveren	_	_	_	
5-29	710-711	,	_	_	_	
5-30	712-716	haar	_	_	_	
5-31	717-723	alleen	_	_	_	
5-32	724-729	eigen	_	_	_	
5-33	729-730	,	_	_	_	
5-34	731-733	of	_	_	_	
5-35	733-734	,	_	_	_	
5-36	735-737	om	_	_	_	
5-37	738-741	zoo	_	_	_	
5-38	742-744	te	_	_	_	
5-39	745-753	spreeken	_	_	_	
5-40	753-754	,	_	_	_	
5-41	755-759	noch	_	_	_	
5-42	760-767	kwaaden	_	_	_	
5-43	767-768	,	_	_	_	
5-44	769-773	noch	_	_	_	
5-45	774-780	goeden	_	_	_	
5-46	781-786	smaak	_	_	_	
5-47	787-790	van	_	_	_	
5-48	791-794	zig	_	_	_	
5-49	795-801	geeven	_	_	_	
5-50	801-802	.	_	_	_	

#Text=Voeg hier ten vierden nog by, dat zy tot eene genoegzaame diepte en uitgestrektheid
#Text=behoort te liggen;
#Text=dar zy gemaklyk te bearbeiden is;
#Text=en ten laatsten, 't geen wegens
#Text=Holland byzonder in aanmerking komt, dat zy niet te laag gelegen is, ten einde zy
#Text=door het water of de Veenplanten niet verstikt moge worden.
6-1	804-808	Voeg	_	_	_	
6-2	809-813	hier	_	_	_	
6-3	814-817	ten	_	_	_	
6-4	818-825	vierden	_	_	_	
6-5	826-829	nog	_	_	_	
6-6	830-832	by	_	_	_	
6-7	832-833	,	_	_	_	
6-8	834-837	dat	_	_	_	
6-9	838-840	zy	_	_	_	
6-10	841-844	tot	_	_	_	
6-11	845-849	eene	_	_	_	
6-12	850-861	genoegzaame	_	_	_	
6-13	862-868	diepte	_	_	_	
6-14	869-871	en	_	_	_	
6-15	872-887	uitgestrektheid	_	_	_	
6-16	888-895	behoort	_	_	_	
6-17	896-898	te	_	_	_	
6-18	899-905	liggen	_	_	_	
6-19	905-906	;	_	_	_	
6-20	907-910	dar	_	_	_	
6-21	911-913	zy	_	_	_	
6-22	914-922	gemaklyk	_	_	_	
6-23	923-925	te	_	_	_	
6-24	926-936	bearbeiden	_	_	_	
6-25	937-939	is	_	_	_	
6-26	939-940	;	_	_	_	
6-27	941-943	en	_	_	_	
6-28	944-947	ten	_	_	_	
6-29	948-956	laatsten	_	_	_	
6-30	956-957	,	_	_	_	
6-31	958-959	'	_	_	_	
6-32	959-960	t	_	_	_	
6-33	961-965	geen	_	_	_	
6-34	966-972	wegens	_	_	_	
6-35	973-980	Holland	_	_	_	
6-36	981-989	byzonder	_	_	_	
6-37	990-992	in	_	_	_	
6-38	993-1003	aanmerking	_	_	_	
6-39	1004-1008	komt	_	_	_	
6-40	1008-1009	,	_	_	_	
6-41	1010-1013	dat	_	_	_	
6-42	1014-1016	zy	_	_	_	
6-43	1017-1021	niet	_	_	_	
6-44	1022-1024	te	_	_	_	
6-45	1025-1029	laag	_	_	_	
6-46	1030-1037	gelegen	_	_	_	
6-47	1038-1040	is	_	_	_	
6-48	1040-1041	,	_	_	_	
6-49	1042-1045	ten	_	_	_	
6-50	1046-1051	einde	_	_	_	
6-51	1052-1054	zy	_	_	_	
6-52	1055-1059	door	_	_	_	
6-53	1060-1063	het	_	_	_	
6-54	1064-1069	water	_	_	_	
6-55	1070-1072	of	_	_	_	
6-56	1073-1075	de	_	_	_	
6-57	1076-1087	Veenplanten	_	_	_	
6-58	1088-1092	niet	_	_	_	
6-59	1093-1101	verstikt	_	_	_	
6-60	1102-1106	moge	_	_	_	
6-61	1107-1113	worden	_	_	_	
6-62	1113-1114	.	_	_	_	

#Text=De hoogte van de
#Text=gelegenheid der goede Aarde schaad in Holland nooit, ten zy men dezelve tusschen
#Text=de hooge Zandgronden en Duinen stelle;
#Text=want die slurpen gestadig de nuttige vogten
#Text=weg.
7-1	1115-1117	De	_	_	_	
7-2	1118-1124	hoogte	_	_	_	
7-3	1125-1128	van	_	_	_	
7-4	1129-1131	de	_	_	_	
7-5	1132-1143	gelegenheid	_	_	_	
7-6	1144-1147	der	_	_	_	
7-7	1148-1153	goede	_	_	_	
7-8	1154-1159	Aarde	_	_	_	
7-9	1160-1166	schaad	_	_	_	
7-10	1167-1169	in	_	_	_	
7-11	1170-1177	Holland	_	_	_	
7-12	1178-1183	nooit	_	_	_	
7-13	1183-1184	,	_	_	_	
7-14	1185-1188	ten	_	_	_	
7-15	1189-1191	zy	_	_	_	
7-16	1192-1195	men	_	_	_	
7-17	1196-1203	dezelve	_	_	_	
7-18	1204-1212	tusschen	_	_	_	
7-19	1213-1215	de	_	_	_	
7-20	1216-1221	hooge	_	_	_	
7-21	1222-1233	Zandgronden	_	_	_	
7-22	1234-1236	en	_	_	_	
7-23	1237-1243	Duinen	_	_	_	
7-24	1244-1250	stelle	_	_	_	
7-25	1250-1251	;	_	_	_	
7-26	1252-1256	want	_	_	_	
7-27	1257-1260	die	_	_	_	
7-28	1261-1268	slurpen	_	_	_	
7-29	1269-1277	gestadig	_	_	_	
7-30	1278-1280	de	_	_	_	
7-31	1281-1288	nuttige	_	_	_	
7-32	1289-1295	vogten	_	_	_	
7-33	1296-1299	weg	_	_	_	
7-34	1299-1300	.	_	_	_	

#Text=Voorts geeft de zwart graauwe koleur, eene lugtige meuluwagtigheid, en, om zoo
#Text=te spreeken, eene vaalagtige, zwarte, vetagtige, fluweele gloed, een zigtbaar kenteken
#Text=van goede Aarde, die zig door den Ploeg en Spade gemaklyk en vettig laat bewerken;
#Text=
#Text='t welk de Landdichter V I R G I L I U S , die zoo uitmuntend de Aarden beschreeven
#Text=heeft, ook aanduid, wanneer hy spreekt van eene zwartagtige Aarde, die vet valt in
#Text=
#Text=het ploegen.
8-1	1302-1308	Voorts	_	_	_	
8-2	1309-1314	geeft	_	_	_	
8-3	1315-1317	de	_	_	_	
8-4	1318-1323	zwart	_	_	_	
8-5	1324-1331	graauwe	_	_	_	
8-6	1332-1338	koleur	_	_	_	
8-7	1338-1339	,	_	_	_	
8-8	1340-1344	eene	_	_	_	
8-9	1345-1352	lugtige	_	_	_	
8-10	1353-1368	meuluwagtigheid	_	_	_	
8-11	1368-1369	,	_	_	_	
8-12	1370-1372	en	_	_	_	
8-13	1372-1373	,	_	_	_	
8-14	1374-1376	om	_	_	_	
8-15	1377-1380	zoo	_	_	_	
8-16	1381-1383	te	_	_	_	
8-17	1384-1392	spreeken	_	_	_	
8-18	1392-1393	,	_	_	_	
8-19	1394-1398	eene	_	_	_	
8-20	1399-1409	vaalagtige	_	_	_	
8-21	1409-1410	,	_	_	_	
8-22	1411-1417	zwarte	_	_	_	
8-23	1417-1418	,	_	_	_	
8-24	1419-1428	vetagtige	_	_	_	
8-25	1428-1429	,	_	_	_	
8-26	1430-1438	fluweele	_	_	_	
8-27	1439-1444	gloed	_	_	_	
8-28	1444-1445	,	_	_	_	
8-29	1446-1449	een	_	_	_	
8-30	1450-1458	zigtbaar	_	_	_	
8-31	1459-1467	kenteken	_	_	_	
8-32	1468-1471	van	_	_	_	
8-33	1472-1477	goede	_	_	_	
8-34	1478-1483	Aarde	_	_	_	
8-35	1483-1484	,	_	_	_	
8-36	1485-1488	die	_	_	_	
8-37	1489-1492	zig	_	_	_	
8-38	1493-1497	door	_	_	_	
8-39	1498-1501	den	_	_	_	
8-40	1502-1507	Ploeg	_	_	_	
8-41	1508-1510	en	_	_	_	
8-42	1511-1516	Spade	_	_	_	
8-43	1517-1525	gemaklyk	_	_	_	
8-44	1526-1528	en	_	_	_	
8-45	1529-1535	vettig	_	_	_	
8-46	1536-1540	laat	_	_	_	
8-47	1541-1549	bewerken	_	_	_	
8-48	1549-1550	;	_	_	_	
8-49	1552-1553	'	_	_	_	
8-50	1553-1554	t	_	_	_	
8-51	1555-1559	welk	_	_	_	
8-52	1560-1562	de	_	_	_	
8-53	1563-1574	Landdichter	_	_	_	
8-54	1575-1576	V	_	_	_	
8-55	1577-1578	I	_	_	_	
8-56	1579-1580	R	_	_	_	
8-57	1581-1582	G	_	_	_	
8-58	1583-1584	I	_	_	_	
8-59	1585-1586	L	_	_	_	
8-60	1587-1588	I	_	_	_	
8-61	1589-1590	U	_	_	_	
8-62	1591-1592	S	_	_	_	
8-63	1593-1594	,	_	_	_	
8-64	1595-1598	die	_	_	_	
8-65	1599-1602	zoo	_	_	_	
8-66	1603-1613	uitmuntend	_	_	_	
8-67	1614-1616	de	_	_	_	
8-68	1617-1623	Aarden	_	_	_	
8-69	1624-1635	beschreeven	_	_	_	
8-70	1636-1641	heeft	_	_	_	
8-71	1641-1642	,	_	_	_	
8-72	1643-1646	ook	_	_	_	
8-73	1647-1654	aanduid	_	_	_	
8-74	1654-1655	,	_	_	_	
8-75	1656-1663	wanneer	_	_	_	
8-76	1664-1666	hy	_	_	_	
8-77	1667-1674	spreekt	_	_	_	
8-78	1675-1678	van	_	_	_	
8-79	1679-1683	eene	_	_	_	
8-80	1684-1695	zwartagtige	_	_	_	
8-81	1696-1701	Aarde	_	_	_	
8-82	1701-1702	,	_	_	_	
8-83	1703-1706	die	_	_	_	
8-84	1707-1710	vet	_	_	_	
8-85	1711-1715	valt	_	_	_	
8-86	1716-1718	in	_	_	_	
8-87	1720-1723	het	_	_	_	
8-88	1724-1731	ploegen	_	_	_	
8-89	1731-1732	.	_	_	_	
