#FORMAT=WebAnno TSV 3.3


#Text=gemaakt heeft
#Text=, dat hy op een Toneel een 
#Text=H h vyer 
#Text=
#Text=
#Text=
#Text=i4* 
#Text=
#Text=
#Text=
#Text=M O 
#Text=
#Text=
#Text=
#Text=U K 
#Text=
#Text=
#Text=
#Text=
#Text=1611. vyer deed ?
1-1	2-9	gemaakt	
1-2	10-15	heeft	
1-3	16-17	,	
1-4	18-21	dat	
1-5	22-24	hy	
1-6	25-27	op	
1-7	28-31	een	
1-8	32-38	Toneel	
1-9	39-42	een	
1-10	44-45	H	
1-11	46-47	h	
1-12	48-52	vyer	
1-13	57-59	i4	
1-14	59-60	*	
1-15	65-66	M	
1-16	67-68	O	
1-17	73-74	U	
1-18	75-76	K	
1-19	82-86	1611	
1-20	86-87	.	
1-21	88-92	vyer	
1-22	93-97	deed	
1-23	98-99	?	

#Text=naken, alwaar hy in 't aanzien 
#Text=van de gemetste, zkh levendig in wie>p, 
#Text=liever willende zyn
#Text=ouderdom
#Text=in 7 gezigt 
#Text=van de zynen met eer e t 'po f 'er en , als >/.st 
#Text=fmxad en fchande ge'hrenger dood voor zyn
#Text=
#Text=getrouwigheit verwagten.
2-1	100-105	naken	
2-2	105-106	,	
2-3	107-113	alwaar	
2-4	114-116	hy	
2-5	117-119	in	
2-6	120-121	'	
2-7	121-122	t	
2-8	123-130	aanzien	
2-9	132-135	van	
2-10	136-138	de	
2-11	139-147	gemetste	
2-12	147-148	,	
2-13	149-152	zkh	
2-14	153-161	levendig	
2-15	162-164	in	
2-16	165-168	wie	
2-17	168-169	>	
2-18	169-170	p	
2-19	170-171	,	
2-20	173-179	liever	
2-21	180-188	willende	
2-22	189-192	zyn	
2-23	193-201	ouderdom	
2-24	202-204	in	
2-25	205-206	7	
2-26	207-213	gezigt	
2-27	215-218	van	
2-28	219-221	de	
2-29	222-227	zynen	
2-30	228-231	met	
2-31	232-235	eer	
2-32	236-237	e	
2-33	238-239	t	
2-34	240-241	'	
2-35	241-243	po	
2-36	244-245	f	
2-37	246-247	'	
2-38	247-249	er	
2-39	250-252	en	
2-40	253-254	,	
2-41	255-258	als	
2-42	259-260	>	
2-43	260-261	/	
2-44	261-262	.	
2-45	262-264	st	
2-46	266-271	fmxad	
2-47	272-274	en	
2-48	275-282	fchande	
2-49	283-293	ge'hrenger	
2-50	294-298	dood	
2-51	299-303	voor	
2-52	304-307	zyn	
2-53	309-322	getrouwigheit	
2-54	323-332	verwagten	
2-55	332-333	.	

#Text=Het ander is,, dat Abdalla, Koning 
#Text=van Campar, zyn vrouwen, maagfehap, 
#Text=onderdanen, en V ryk tot dienft van Al- 
#Text=buquerque, ende de Voxiugeezcn verlaten 
#Text=hebbende , voor alle zyn dien fl en geen ander 
#Text=loon kreeg, als dat hy tot Malacca, in 7 
#Text=oog van alle man, zyn ongelukkig hoofd op 
#Text=een Schavot onder Beu/s handen heeft moe- 
#Text=ten laten.
3-1	337-340	Het	
3-2	341-346	ander	
3-3	347-349	is	
3-4	349-350	,	
3-5	350-351	,	
3-6	352-355	dat	
3-7	356-363	Abdalla	
3-8	363-364	,	
3-9	365-371	Koning	
3-10	373-376	van	
3-11	377-383	Campar	
3-12	383-384	,	
3-13	385-388	zyn	
3-14	389-396	vrouwen	
3-15	396-397	,	
3-16	398-407	maagfehap	
3-17	407-408	,	
3-18	410-420	onderdanen	
3-19	420-421	,	
3-20	422-424	en	
3-21	425-426	V	
3-22	427-430	ryk	
3-23	431-434	tot	
3-24	435-441	dienft	
3-25	442-445	van	
3-26	446-448	Al	
3-27	448-449	-	
3-28	451-460	buquerque	
3-29	460-461	,	
3-30	462-466	ende	
3-31	467-469	de	
3-32	470-481	Voxiugeezcn	
3-33	482-490	verlaten	
3-34	492-500	hebbende	
3-35	501-502	,	
3-36	503-507	voor	
3-37	508-512	alle	
3-38	513-516	zyn	
3-39	517-521	dien	
3-40	522-524	fl	
3-41	525-527	en	
3-42	528-532	geen	
3-43	533-538	ander	
3-44	540-544	loon	
3-45	545-550	kreeg	
3-46	550-551	,	
3-47	552-555	als	
3-48	556-559	dat	
3-49	560-562	hy	
3-50	563-566	tot	
3-51	567-574	Malacca	
3-52	574-575	,	
3-53	576-578	in	
3-54	579-580	7	
3-55	582-585	oog	
3-56	586-589	van	
3-57	590-594	alle	
3-58	595-598	man	
3-59	598-599	,	
3-60	600-603	zyn	
3-61	604-614	ongelukkig	
3-62	615-620	hoofd	
3-63	621-623	op	
3-64	625-628	een	
3-65	629-636	Schavot	
3-66	637-642	onder	
3-67	643-646	Beu	
3-68	646-647	/	
3-69	647-648	s	
3-70	649-655	handen	
3-71	656-661	heeft	
3-72	662-665	moe	
3-73	665-666	-	
3-74	668-671	ten	
3-75	672-677	laten	
3-76	677-678	.	

#Text=fVat zy voor dezen aan een voorzaat 
#Text=van den Koning van Teraate bedreven 
#Text=hebben , is alhier onnoodig te verhalen , door 
#Text=dien het vleefch van den zelven nog in aller 
#Text=Ternataanen neuzen flinkt , hoewel zy het 
#Text=meenen wel gezouten te hebben.
4-1	681-685	fVat	
4-2	686-688	zy	
4-3	689-693	voor	
4-4	694-699	dezen	
4-5	700-703	aan	
4-6	704-707	een	
4-7	708-716	voorzaat	
4-8	718-721	van	
4-9	722-725	den	
4-10	726-732	Koning	
4-11	733-736	van	
4-12	737-744	Teraate	
4-13	745-753	bedreven	
4-14	755-761	hebben	
4-15	762-763	,	
4-16	764-766	is	
4-17	767-773	alhier	
4-18	774-782	onnoodig	
4-19	783-785	te	
4-20	786-794	verhalen	
4-21	795-796	,	
4-22	797-801	door	
4-23	803-807	dien	
4-24	808-811	het	
4-25	812-819	vleefch	
4-26	820-823	van	
4-27	824-827	den	
4-28	828-834	zelven	
4-29	835-838	nog	
4-30	839-841	in	
4-31	842-847	aller	
4-32	849-860	Ternataanen	
4-33	861-867	neuzen	
4-34	868-874	flinkt	
4-35	875-876	,	
4-36	877-883	hoewel	
4-37	884-886	zy	
4-38	887-890	het	
4-39	892-898	meenen	
4-40	899-902	wel	
4-41	903-911	gezouten	
4-42	912-914	te	
4-43	915-921	hebben	
4-44	921-922	.	

#Text=Om kort 
#Text=te gaan, zy zyn die genen, die van Prin- 
#Text=cen en Koningen te vermoorden profeffie 
#Text=doen, het welk de vader van onzen rege- 
#Text=rende Prince met zyn leven heeft 'moeten 
#Text=bekoopen, gelyk daar na twee Koningen in 
#Text=Vrankryk vervolgens door hun toedoen om 
#Text='/ leven gekomen zyn.
5-1	923-925	Om	
5-2	926-930	kort	
5-3	932-934	te	
5-4	935-939	gaan	
5-5	939-940	,	
5-6	941-943	zy	
5-7	944-947	zyn	
5-8	948-951	die	
5-9	952-957	genen	
5-10	957-958	,	
5-11	959-962	die	
5-12	963-966	van	
5-13	967-971	Prin	
5-14	971-972	-	
5-15	974-977	cen	
5-16	978-980	en	
5-17	981-989	Koningen	
5-18	990-992	te	
5-19	993-1003	vermoorden	
5-20	1004-1013	profeffie	
5-21	1015-1019	doen	
5-22	1019-1020	,	
5-23	1021-1024	het	
5-24	1025-1029	welk	
5-25	1030-1032	de	
5-26	1033-1038	vader	
5-27	1039-1042	van	
5-28	1043-1048	onzen	
5-29	1049-1053	rege	
5-30	1053-1054	-	
5-31	1056-1061	rende	
5-32	1062-1068	Prince	
5-33	1069-1072	met	
5-34	1073-1076	zyn	
5-35	1077-1082	leven	
5-36	1083-1088	heeft	
5-37	1089-1090	'	
5-38	1090-1096	moeten	
5-39	1098-1106	bekoopen	
5-40	1106-1107	,	
5-41	1108-1113	gelyk	
5-42	1114-1118	daar	
5-43	1119-1121	na	
5-44	1122-1126	twee	
5-45	1127-1135	Koningen	
5-46	1136-1138	in	
5-47	1140-1148	Vrankryk	
5-48	1149-1159	vervolgens	
5-49	1160-1164	door	
5-50	1165-1168	hun	
5-51	1169-1176	toedoen	
5-52	1177-1179	om	
5-53	1181-1182	'	
5-54	1182-1183	/	
5-55	1184-1189	leven	
5-56	1190-1197	gekomen	
5-57	1198-1201	zyn	
5-58	1201-1202	.	

#Text='Tegen onzen Prince, de Koninginne, 
#Text=en daar na den Koning van Engeland, en 
#Text=andere Potentaten , hebben zy dikwils 
#Text=moorders gezonden :
#Text=volgende de gruwclyke 
#Text=afsodifche Leere van hunne Priefters, en 
#Text=vervloekte Jeluiten.
6-1	1205-1206	'	
6-2	1206-1211	Tegen	
6-3	1212-1217	onzen	
6-4	1218-1224	Prince	
6-5	1224-1225	,	
6-6	1226-1228	de	
6-7	1229-1239	Koninginne	
6-8	1239-1240	,	
6-9	1242-1244	en	
6-10	1245-1249	daar	
6-11	1250-1252	na	
6-12	1253-1256	den	
6-13	1257-1263	Koning	
6-14	1264-1267	van	
6-15	1268-1276	Engeland	
6-16	1276-1277	,	
6-17	1278-1280	en	
6-18	1282-1288	andere	
6-19	1289-1299	Potentaten	
6-20	1300-1301	,	
6-21	1302-1308	hebben	
6-22	1309-1311	zy	
6-23	1312-1319	dikwils	
6-24	1321-1329	moorders	
6-25	1330-1338	gezonden	
6-26	1339-1340	:	
6-27	1341-1349	volgende	
6-28	1350-1352	de	
6-29	1353-1362	gruwclyke	
6-30	1364-1374	afsodifche	
6-31	1375-1380	Leere	
6-32	1381-1384	van	
6-33	1385-1390	hunne	
6-34	1391-1400	Priefters	
6-35	1400-1401	,	
6-36	1402-1404	en	
6-37	1406-1416	vervloekte	
6-38	1417-1425	Jeluiten	
6-39	1425-1426	.	

#Text=Hier
#Text=mede^ vermogende Koning, wen- 
#Text=fche
#Text=ik uwe Majefteit van de flavernye, en 
#Text=tyrannye der Spanjaarden eenmaal te mo- 
#Text=gen ontjlagen worden , waar toe ik uwe 
#Text=Majeiteit
#Text=de magt , en de wapenen van 
#Text=onze
#Text=Hoog Mogende Heeren Staten
7-1	1430-1434	Hier	
7-2	1435-1439	mede	
7-3	1439-1440	^	
7-4	1441-1451	vermogende	
7-5	1452-1458	Koning	
7-6	1458-1459	,	
7-7	1460-1463	wen	
7-8	1463-1464	-	
7-9	1466-1470	fche	
7-10	1471-1473	ik	
7-11	1474-1477	uwe	
7-12	1478-1487	Majefteit	
7-13	1488-1491	van	
7-14	1492-1494	de	
7-15	1495-1504	flavernye	
7-16	1504-1505	,	
7-17	1506-1508	en	
7-18	1510-1518	tyrannye	
7-19	1519-1522	der	
7-20	1523-1534	Spanjaarden	
7-21	1535-1542	eenmaal	
7-22	1543-1545	te	
7-23	1546-1548	mo	
7-24	1548-1549	-	
7-25	1551-1554	gen	
7-26	1555-1564	ontjlagen	
7-27	1565-1571	worden	
7-28	1572-1573	,	
7-29	1574-1578	waar	
7-30	1579-1582	toe	
7-31	1583-1585	ik	
7-32	1586-1589	uwe	
7-33	1591-1600	Majeiteit	
7-34	1601-1603	de	
7-35	1604-1608	magt	
7-36	1609-1610	,	
7-37	1611-1613	en	
7-38	1614-1616	de	
7-39	1617-1624	wapenen	
7-40	1625-1628	van	
7-41	1630-1634	onze	
7-42	1635-1639	Hoog	
7-43	1640-1647	Mogende	
7-44	1648-1654	Heeren	
7-45	1655-1661	Staten	
