#FORMAT=WebAnno TSV 3.3
#T_SP=custom.Span|label
#T_RL=custom.Relation|label|BT_custom.Span


#Text=§ II. - SYSTÈME DU TOUT A L'ÉGOCT.
1-1	0-1	§	_	_	_	
1-2	2-4	II	_	_	_	
1-3	4-5	.	_	_	_	
1-4	6-7	-	_	_	_	
1-5	8-15	SYSTÈME	_	_	_	
1-6	16-18	DU	_	_	_	
1-7	19-23	TOUT	_	_	_	
1-8	24-25	A	_	_	_	
1-9	26-33	L'ÉGOCT	_	_	_	
1-10	33-34	.	_	_	_	

#Text=On a formulé contre ce système divers griefs dont nous allons nous occuper.\r
#Text=\r
#Text=1" Objection. - Odeur infecte exhalée par les bouches ouvertes sur la voie publique.
2-1	38-40	On	_	_	_	
2-2	41-42	a	_	_	_	
2-3	43-50	formulé	_	_	_	
2-4	51-57	contre	_	_	_	
2-5	58-60	ce	_	_	_	
2-6	61-68	système	_	_	_	
2-7	69-75	divers	_	_	_	
2-8	76-82	griefs	_	_	_	
2-9	83-87	dont	_	_	_	
2-10	88-92	nous	_	_	_	
2-11	93-99	allons	_	_	_	
2-12	100-104	nous	_	_	_	
2-13	105-112	occuper	_	_	_	
2-14	112-113	.	_	_	_	
2-15	117-118	1	_	_	_	
2-16	118-119	"	_	_	_	
2-17	120-129	Objection	_	_	_	
2-18	129-130	.	_	_	_	
2-19	131-132	-	_	_	_	
2-20	133-138	Odeur	Smell\_Word	*|*	2-21|2-24[1_0]	
2-21	139-146	infecte	Quality	_	_	
2-22	147-154	exhalée	_	_	_	
2-23	155-158	par	_	_	_	
2-24	159-162	les	Smell\_Source[1]	_	_	
2-25	163-170	bouches	Smell\_Source[1]	_	_	
2-26	171-179	ouvertes	Smell\_Source[1]	_	_	
2-27	180-183	sur	Smell\_Source[1]	_	_	
2-28	184-186	la	Smell\_Source[1]	_	_	
2-29	187-191	voie	Smell\_Source[1]	_	_	
2-30	192-200	publique	Smell\_Source[1]	_	_	
2-31	200-201	.	Smell\_Source[1]	_	_	

#Text=Il y a la question des odeurs de Marseille, comme il y a eu la question des odeurs de Paris et de Londres.
3-1	205-207	Il	_	_	_	
3-2	208-209	y	_	_	_	
3-3	210-211	a	_	_	_	
3-4	212-214	la	_	_	_	
3-5	215-223	question	_	_	_	
3-6	224-227	des	_	_	_	
3-7	228-234	odeurs	Smell\_Word	*	3-9	
3-8	235-237	de	_	_	_	
3-9	238-247	Marseille	Location	_	_	
3-10	247-248	,	_	_	_	
3-11	249-254	comme	_	_	_	
3-12	255-257	il	_	_	_	
3-13	258-259	y	_	_	_	
3-14	260-261	a	_	_	_	
3-15	262-264	eu	_	_	_	
3-16	265-267	la	_	_	_	
3-17	268-276	question	_	_	_	
3-18	277-280	des	_	_	_	
3-19	281-287	odeurs	Smell\_Word	*|*	3-21|3-24	
3-20	288-290	de	_	_	_	
3-21	291-296	Paris	Location	_	_	
3-22	297-299	et	_	_	_	
3-23	300-302	de	_	_	_	
3-24	303-310	Londres	Location	_	_	
3-25	310-311	.	_	_	_	

#Text=C'est, en effet, l'inconvénient le plus facile à constater. 11 suffit de passer à côté d'une bouche d'égout..
4-1	312-317	C'est	_	_	_	
4-2	317-318	,	_	_	_	
4-3	319-321	en	_	_	_	
4-4	322-327	effet	_	_	_	
4-5	327-328	,	_	_	_	
4-6	329-343	l'inconvénient	_	_	_	
4-7	344-346	le	_	_	_	
4-8	347-351	plus	_	_	_	
4-9	352-358	facile	_	_	_	
4-10	359-360	à	_	_	_	
4-11	361-370	constater	_	_	_	
4-12	370-371	.	_	_	_	
4-13	372-374	11	_	_	_	
4-14	375-381	suffit	_	_	_	
4-15	382-384	de	_	_	_	
4-16	385-391	passer	_	_	_	
4-17	392-393	à	_	_	_	
4-18	394-398	côté	_	_	_	
4-19	399-404	d'une	_	_	_	
4-20	405-411	bouche	_	_	_	
4-21	412-419	d'égout	_	_	_	
4-22	419-420	.	_	_	_	
4-23	420-421	.	_	_	_	

#Text=Nous reconnaissons qu'en ce qui concerne notre ville, toutes les réclamations des feuilles publiques sont à cet égard d'une scrupuleuse exactitude.
5-1	422-426	Nous	_	_	_	
5-2	427-440	reconnaissons	_	_	_	
5-3	441-446	qu'en	_	_	_	
5-4	447-449	ce	_	_	_	
5-5	450-453	qui	_	_	_	
5-6	454-462	concerne	_	_	_	
5-7	463-468	notre	_	_	_	
5-8	469-474	ville	_	_	_	
5-9	474-475	,	_	_	_	
5-10	476-482	toutes	_	_	_	
5-11	483-486	les	_	_	_	
5-12	487-499	réclamations	_	_	_	
5-13	500-503	des	_	_	_	
5-14	504-512	feuilles	_	_	_	
5-15	513-522	publiques	_	_	_	
5-16	523-527	sont	_	_	_	
5-17	528-529	à	_	_	_	
5-18	530-533	cet	_	_	_	
5-19	534-539	égard	_	_	_	
5-20	540-545	d'une	_	_	_	
5-21	546-557	scrupuleuse	_	_	_	
5-22	558-568	exactitude	_	_	_	
5-23	568-569	.	_	_	_	

#Text=Mais cela dépend-il du système ou de circonstances particulières qui peuvent être modifiées ?
6-1	570-574	Mais	_	_	_	
6-2	575-579	cela	_	_	_	
6-3	580-589	dépend-il	_	_	_	
6-4	590-592	du	_	_	_	
6-5	593-600	système	_	_	_	
6-6	601-603	ou	_	_	_	
6-7	604-606	de	_	_	_	
6-8	607-620	circonstances	_	_	_	
6-9	621-634	particulières	_	_	_	
6-10	635-638	qui	_	_	_	
6-11	639-646	peuvent	_	_	_	
6-12	647-651	être	_	_	_	
6-13	652-661	modifiées	_	_	_	
6-14	662-663	?	_	_	_	

#Text=Tous les hygiénistes qui, à Paris comme à Marseille, ayant à s'occuper de la question, sont descendus dans les égouts et les ont parcouru sur un assez long trajet, affirment que les odeurs infectes n'existent que sur certains points, et doivent être attribuées à la disposition vicieuse des branchements, où les matières sont en stagnation, fermentent, se décomposent et donnent lieu à des gaz putrides; mais là où l'entraînement de la matière est régulier, constant et rapide, l'atmosphère n'est pas plus odorante que sur la voie publique (1).
7-1	664-668	Tous	_	_	_	
7-2	669-672	les	_	_	_	
7-3	673-684	hygiénistes	_	_	_	
7-4	685-688	qui	_	_	_	
7-5	688-689	,	_	_	_	
7-6	690-691	à	_	_	_	
7-7	692-697	Paris	Location	_	_	
7-8	698-703	comme	_	_	_	
7-9	704-705	à	_	_	_	
7-10	706-715	Marseille	Location	_	_	
7-11	715-716	,	_	_	_	
7-12	717-722	ayant	_	_	_	
7-13	723-724	à	_	_	_	
7-14	725-734	s'occuper	_	_	_	
7-15	735-737	de	_	_	_	
7-16	738-740	la	_	_	_	
7-17	741-749	question	_	_	_	
7-18	749-750	,	_	_	_	
7-19	751-755	sont	_	_	_	
7-20	756-765	descendus	_	_	_	
7-21	766-770	dans	_	_	_	
7-22	771-774	les	_	_	_	
7-23	775-781	égouts	_	_	_	
7-24	782-784	et	_	_	_	
7-25	785-788	les	_	_	_	
7-26	789-792	ont	_	_	_	
7-27	793-801	parcouru	_	_	_	
7-28	802-805	sur	_	_	_	
7-29	806-808	un	_	_	_	
7-30	809-814	assez	_	_	_	
7-31	815-819	long	_	_	_	
7-32	820-826	trajet	_	_	_	
7-33	826-827	,	_	_	_	
7-34	828-837	affirment	_	_	_	
7-35	838-841	que	_	_	_	
7-36	842-845	les	_	_	_	
7-37	846-852	odeurs	Smell\_Word	*|*|*|*	7-38|7-7|7-10|7-72[2_0]	
7-38	853-861	infectes	Quality	_	_	
7-39	862-872	n'existent	_	_	_	
7-40	873-876	que	_	_	_	
7-41	877-880	sur	_	_	_	
7-42	881-889	certains	_	_	_	
7-43	890-896	points	_	_	_	
7-44	896-897	,	_	_	_	
7-45	898-900	et	_	_	_	
7-46	901-908	doivent	_	_	_	
7-47	909-913	être	_	_	_	
7-48	914-924	attribuées	_	_	_	
7-49	925-926	à	_	_	_	
7-50	927-929	la	_	_	_	
7-51	930-941	disposition	_	_	_	
7-52	942-950	vicieuse	_	_	_	
7-53	951-954	des	_	_	_	
7-54	955-967	branchements	_	_	_	
7-55	967-968	,	_	_	_	
7-56	969-971	où	_	_	_	
7-57	972-975	les	_	_	_	
7-58	976-984	matières	_	_	_	
7-59	985-989	sont	_	_	_	
7-60	990-992	en	_	_	_	
7-61	993-1003	stagnation	_	_	_	
7-62	1003-1004	,	_	_	_	
7-63	1005-1015	fermentent	_	_	_	
7-64	1015-1016	,	_	_	_	
7-65	1017-1019	se	_	_	_	
7-66	1020-1031	décomposent	_	_	_	
7-67	1032-1034	et	_	_	_	
7-68	1035-1042	donnent	_	_	_	
7-69	1043-1047	lieu	_	_	_	
7-70	1048-1049	à	_	_	_	
7-71	1050-1053	des	_	_	_	
7-72	1054-1057	gaz	Evoked\_Odorant[2]	_	_	
7-73	1058-1066	putrides	Evoked\_Odorant[2]	_	_	
7-74	1066-1067	;	_	_	_	
7-75	1068-1072	mais	_	_	_	
7-76	1073-1075	là	_	_	_	
7-77	1076-1078	où	_	_	_	
7-78	1079-1093	l'entraînement	_	_	_	
7-79	1094-1096	de	_	_	_	
7-80	1097-1099	la	_	_	_	
7-81	1100-1107	matière	_	_	_	
7-82	1108-1111	est	_	_	_	
7-83	1112-1120	régulier	_	_	_	
7-84	1120-1121	,	_	_	_	
7-85	1122-1130	constant	_	_	_	
7-86	1131-1133	et	_	_	_	
7-87	1134-1140	rapide	_	_	_	
7-88	1140-1141	,	_	_	_	
7-89	1142-1154	l'atmosphère	Odour\_Carrier	_	_	
7-90	1155-1160	n'est	_	_	_	
7-91	1161-1164	pas	_	_	_	
7-92	1165-1169	plus	_	_	_	
7-93	1170-1178	odorante	Smell\_Word	*	7-89	
7-94	1179-1182	que	_	_	_	
7-95	1183-1186	sur	_	_	_	
7-96	1187-1189	la	_	_	_	
7-97	1190-1194	voie	_	_	_	
7-98	1195-1203	publique	_	_	_	
7-99	1204-1205	(	_	_	_	
7-100	1205-1206	1	_	_	_	
7-101	1206-1207	)	_	_	_	
7-102	1207-1208	.	_	_	_	

#Text=Cette remarque doit faire tenir en suspicion, entre les nombreux systèmes évacuateurs proposés, tous ceux qui adoptent des conduites dans lesquelles les ouvriers ne peuvent pas pénétrer pour exercer la surveillance ou procéder au nettoyage.
8-1	1212-1217	Cette	_	_	_	
8-2	1218-1226	remarque	_	_	_	
8-3	1227-1231	doit	_	_	_	
8-4	1232-1237	faire	_	_	_	
8-5	1238-1243	tenir	_	_	_	
8-6	1244-1246	en	_	_	_	
8-7	1247-1256	suspicion	_	_	_	
8-8	1256-1257	,	_	_	_	
8-9	1258-1263	entre	_	_	_	
8-10	1264-1267	les	_	_	_	
8-11	1268-1276	nombreux	_	_	_	
8-12	1277-1285	systèmes	_	_	_	
8-13	1286-1297	évacuateurs	_	_	_	
8-14	1298-1306	proposés	_	_	_	
8-15	1306-1307	,	_	_	_	
8-16	1308-1312	tous	_	_	_	
8-17	1313-1317	ceux	_	_	_	
8-18	1318-1321	qui	_	_	_	
8-19	1322-1330	adoptent	_	_	_	
8-20	1331-1334	des	_	_	_	
8-21	1335-1344	conduites	_	_	_	
8-22	1345-1349	dans	_	_	_	
8-23	1350-1360	lesquelles	_	_	_	
8-24	1361-1364	les	_	_	_	
8-25	1365-1373	ouvriers	_	_	_	
8-26	1374-1376	ne	_	_	_	
8-27	1377-1384	peuvent	_	_	_	
8-28	1385-1388	pas	_	_	_	
8-29	1389-1397	pénétrer	_	_	_	
8-30	1398-1402	pour	_	_	_	
8-31	1403-1410	exercer	_	_	_	
8-32	1411-1413	la	_	_	_	
8-33	1414-1426	surveillance	_	_	_	
8-34	1427-1429	ou	_	_	_	
8-35	1430-1438	procéder	_	_	_	
8-36	1439-1441	au	_	_	_	
8-37	1442-1451	nettoyage	_	_	_	
8-38	1451-1452	.	_	_	_	
