#FORMAT=WebAnno TSV 3.3
#T_SP=custom.Span|label
#T_RL=custom.Relation|label|BT_custom.Span


#Text=Après avoir traversé un gazon entouré de troisportiques, nous arrivâmes à une assez grande pièce, où se tenait Lysistrate à qui Dinias me présenta.
1-1	0-5	Après	Time[1]	_	_	
1-2	6-11	avoir	Time[1]	_	_	
1-3	12-20	traversé	Time[1]	_	_	
1-4	21-23	un	Time[1]	_	_	
1-5	24-29	gazon	Time[1]	_	_	
1-6	30-37	entouré	Time[1]	_	_	
1-7	38-40	de	Time[1]	_	_	
1-8	41-55	troisportiques	Time[1]	_	_	
1-9	55-56	,	_	_	_	
1-10	57-61	nous	Perceiver	_	_	
1-11	62-71	arrivâmes	_	_	_	
1-12	72-73	à	_	_	_	
1-13	74-77	une	_	_	_	
1-14	78-83	assez	_	_	_	
1-15	84-90	grande	Location[2]	_	_	
1-16	91-96	pièce	Location[2]	_	_	
1-17	96-97	,	_	_	_	
1-18	98-100	où	_	_	_	
1-19	101-103	se	_	_	_	
1-20	104-110	tenait	_	_	_	
1-21	111-121	Lysistrate	_	_	_	
1-22	122-123	à	_	_	_	
1-23	124-127	qui	_	_	_	
1-24	128-134	Dinias	_	_	_	
1-25	135-137	me	_	_	_	
1-26	138-146	présenta	_	_	_	
1-27	146-147	.	_	_	_	

#Text=Nous la trouvâmes occupée à broder une robe, plus occupée de deux colombes de Sicile, et d'un petit chien de Malte, qui se jouaient autour d'elle.
2-1	148-152	Nous	_	_	_	
2-2	153-155	la	_	_	_	
2-3	156-165	trouvâmes	_	_	_	
2-4	166-173	occupée	_	_	_	
2-5	174-175	à	_	_	_	
2-6	176-182	broder	_	_	_	
2-7	183-186	une	_	_	_	
2-8	187-191	robe	_	_	_	
2-9	191-192	,	_	_	_	
2-10	193-197	plus	_	_	_	
2-11	198-205	occupée	_	_	_	
2-12	206-208	de	_	_	_	
2-13	209-213	deux	_	_	_	
2-14	214-222	colombes	_	_	_	
2-15	223-225	de	_	_	_	
2-16	226-232	Sicile	_	_	_	
2-17	232-233	,	_	_	_	
2-18	234-236	et	_	_	_	
2-19	237-241	d'un	_	_	_	
2-20	242-247	petit	_	_	_	
2-21	248-253	chien	_	_	_	
2-22	254-256	de	_	_	_	
2-23	257-262	Malte	_	_	_	
2-24	262-263	,	_	_	_	
2-25	264-267	qui	_	_	_	
2-26	268-270	se	_	_	_	
2-27	271-279	jouaient	_	_	_	
2-28	280-286	autour	_	_	_	
2-29	287-293	d'elle	_	_	_	
2-30	293-294	.	_	_	_	

#Text=Lysistrate passait pour une des plus jolies femmes d'Athènes, et cherchait à soutenir cette réputation par l'élégance de sa parure.
3-1	295-305	Lysistrate	_	_	_	
3-2	306-313	passait	_	_	_	
3-3	314-318	pour	_	_	_	
3-4	319-322	une	_	_	_	
3-5	323-326	des	_	_	_	
3-6	327-331	plus	_	_	_	
3-7	332-338	jolies	_	_	_	
3-8	339-345	femmes	_	_	_	
3-9	346-355	d'Athènes	_	_	_	
3-10	355-356	,	_	_	_	
3-11	357-359	et	_	_	_	
3-12	360-369	cherchait	_	_	_	
3-13	370-371	à	_	_	_	
3-14	372-380	soutenir	_	_	_	
3-15	381-386	cette	_	_	_	
3-16	387-397	réputation	_	_	_	
3-17	398-401	par	_	_	_	
3-18	402-412	l'élégance	_	_	_	
3-19	413-415	de	_	_	_	
3-20	416-418	sa	_	_	_	
3-21	419-425	parure	_	_	_	
3-22	425-426	.	_	_	_	

#Text=Ses cheveux noirs parfumés d'essences, tombaient à grosses boucles sur ses épaules; des bijoux d'or se faisaient remarquer à ses oreilles, des perles à son cou et à ses bras, des pierres précieuses à ses doigts.
4-1	427-430	Ses	_	_	_	
4-2	431-438	cheveux	Odour\_Carrier	_	_	
4-3	439-444	noirs	_	_	_	
4-4	445-453	parfumés	Smell\_Word	*|*|*|Relation|*	4-5|4-2|1-15[2_0]|1-10|1-1[1_0]	
4-5	454-464	d'essences	Smell\_Source	_	_	
4-6	464-465	,	_	_	_	
4-7	466-475	tombaient	_	_	_	
4-8	476-477	à	_	_	_	
4-9	478-485	grosses	_	_	_	
4-10	486-493	boucles	_	_	_	
4-11	494-497	sur	_	_	_	
4-12	498-501	ses	_	_	_	
4-13	502-509	épaules	_	_	_	
4-14	509-510	;	_	_	_	
4-15	511-514	des	_	_	_	
4-16	515-521	bijoux	_	_	_	
4-17	522-526	d'or	_	_	_	
4-18	527-529	se	_	_	_	
4-19	530-539	faisaient	_	_	_	
4-20	540-549	remarquer	_	_	_	
4-21	550-551	à	_	_	_	
4-22	552-555	ses	_	_	_	
4-23	556-564	oreilles	_	_	_	
4-24	564-565	,	_	_	_	
4-25	566-569	des	_	_	_	
4-26	570-576	perles	_	_	_	
4-27	577-578	à	_	_	_	
4-28	579-582	son	_	_	_	
4-29	583-586	cou	_	_	_	
4-30	587-589	et	_	_	_	
4-31	590-591	à	_	_	_	
4-32	592-595	ses	_	_	_	
4-33	596-600	bras	_	_	_	
4-34	600-601	,	_	_	_	
4-35	602-605	des	_	_	_	
4-36	606-613	pierres	_	_	_	
4-37	614-624	précieuses	_	_	_	
4-38	625-626	à	_	_	_	
4-39	627-630	ses	_	_	_	
4-40	631-637	doigts	_	_	_	
4-41	637-638	.	_	_	_	

#Text=Peu contente des couleurs de la nature, elle en avait emprunté d'artificielles, pour paraître avec l'éclat des roses et des lys.
5-1	639-642	Peu	_	_	_	
5-2	643-651	contente	_	_	_	
5-3	652-655	des	_	_	_	
5-4	656-664	couleurs	_	_	_	
5-5	665-667	de	_	_	_	
5-6	668-670	la	_	_	_	
5-7	671-677	nature	_	_	_	
5-8	677-678	,	_	_	_	
5-9	679-683	elle	_	_	_	
5-10	684-686	en	_	_	_	
5-11	687-692	avait	_	_	_	
5-12	693-701	emprunté	_	_	_	
5-13	702-717	d'artificielles	_	_	_	
5-14	717-718	,	_	_	_	
5-15	719-723	pour	_	_	_	
5-16	724-732	paraître	_	_	_	
5-17	733-737	avec	_	_	_	
5-18	738-745	l'éclat	_	_	_	
5-19	746-749	des	_	_	_	
5-20	750-755	roses	_	_	_	
5-21	756-758	et	_	_	_	
5-22	759-762	des	_	_	_	
5-23	763-766	lys	_	_	_	
5-24	766-767	.	_	_	_	

#Text=Elle avait une robe blanche, telle que la portent communément les femmes de distinction.
6-1	768-772	Elle	_	_	_	
6-2	773-778	avait	_	_	_	
6-3	779-782	une	_	_	_	
6-4	783-787	robe	_	_	_	
6-5	788-795	blanche	_	_	_	
6-6	795-796	,	_	_	_	
6-7	797-802	telle	_	_	_	
6-8	803-806	que	_	_	_	
6-9	807-809	la	_	_	_	
6-10	810-817	portent	_	_	_	
6-11	818-829	communément	_	_	_	
6-12	830-833	les	_	_	_	
6-13	834-840	femmes	_	_	_	
6-14	841-843	de	_	_	_	
6-15	844-855	distinction	_	_	_	
6-16	855-856	.	_	_	_	

#Text=Dans ce moment nous entendîmes une voix qui demandait si Lysistrate était chez elle.
7-1	857-861	Dans	_	_	_	
7-2	862-864	ce	_	_	_	
7-3	865-871	moment	_	_	_	
7-4	872-876	nous	_	_	_	
7-5	877-887	entendîmes	_	_	_	
7-6	888-891	une	_	_	_	
7-7	892-896	voix	_	_	_	
7-8	897-900	qui	_	_	_	
7-9	901-910	demandait	_	_	_	
7-10	911-913	si	_	_	_	
7-11	914-924	Lysistrate	_	_	_	
7-12	925-930	était	_	_	_	
7-13	931-935	chez	_	_	_	
7-14	936-940	elle	_	_	_	
7-15	940-941	.	_	_	_	

#Text=Oui, répondit une esclave qui vint tout de suite annoncer Eucharis.
8-1	942-945	Oui	_	_	_	
8-2	945-946	,	_	_	_	
8-3	947-955	répondit	_	_	_	
8-4	956-959	une	_	_	_	
8-5	960-967	esclave	_	_	_	
8-6	968-971	qui	_	_	_	
8-7	972-976	vint	_	_	_	
8-8	977-981	tout	_	_	_	
8-9	982-984	de	_	_	_	
8-10	985-990	suite	_	_	_	
8-11	991-999	annoncer	_	_	_	
8-12	1000-1008	Eucharis	_	_	_	
8-13	1008-1009	.	_	_	_	
