#FORMAT=WebAnno TSV 3.3
#T_SP=custom.Span|label
#T_RL=custom.Relation|label|BT_custom.Span


#Text=Naͤge-
#Text=lein und Muſcaten/ einige thun auch wohl Zwiebeln
#Text=
#Text=hinzu/ und laſt es damit durchkochen/ thut ferner/ um
#Text=die Suppe etwas dicker zu machen/ gerieben weiß
#Text=Brod dazu/ und vergeſt ingleichen der Butter dabey
#Text=nicht.
1-1	2-7	Naͤge	_	_	_	
1-2	7-8	-	_	_	_	
1-3	9-13	lein	_	_	_	
1-4	14-17	und	_	_	_	
1-5	18-26	Muſcaten	_	_	_	
1-6	26-27	/	_	_	_	
1-7	28-34	einige	_	_	_	
1-8	35-39	thun	_	_	_	
1-9	40-44	auch	_	_	_	
1-10	45-49	wohl	_	_	_	
1-11	50-58	Zwiebeln	_	_	_	
1-12	60-65	hinzu	_	_	_	
1-13	65-66	/	_	_	_	
1-14	67-70	und	_	_	_	
1-15	71-75	laſt	_	_	_	
1-16	76-78	es	_	_	_	
1-17	79-84	damit	_	_	_	
1-18	85-96	durchkochen	_	_	_	
1-19	96-97	/	_	_	_	
1-20	98-102	thut	_	_	_	
1-21	103-109	ferner	_	_	_	
1-22	109-110	/	_	_	_	
1-23	111-113	um	_	_	_	
1-24	114-117	die	_	_	_	
1-25	118-123	Suppe	_	_	_	
1-26	124-129	etwas	_	_	_	
1-27	130-136	dicker	_	_	_	
1-28	137-139	zu	_	_	_	
1-29	140-146	machen	_	_	_	
1-30	146-147	/	_	_	_	
1-31	148-156	gerieben	_	_	_	
1-32	157-161	weiß	_	_	_	
1-33	162-166	Brod	_	_	_	
1-34	167-171	dazu	_	_	_	
1-35	171-172	/	_	_	_	
1-36	173-176	und	_	_	_	
1-37	177-184	vergeſt	_	_	_	
1-38	185-195	ingleichen	_	_	_	
1-39	196-199	der	_	_	_	
1-40	200-206	Butter	_	_	_	
1-41	207-212	dabey	_	_	_	
1-42	213-218	nicht	_	_	_	
1-43	218-219	.	_	_	_	

#Text=Eine andere Manier.
2-1	223-227	Eine	_	_	_	
2-2	228-234	andere	_	_	_	
2-3	235-241	Manier	_	_	_	
2-4	241-242	.	_	_	_	

#Text=Kocht im Waſſer und Saltz ein gantzes Canin-
#Text=gen/
#Text=ſchaͤumet es wohl/ ſchneidets alsdann in Stuͤ-
#Text=cken/ und bratet es mit Butter in der Pfann/ biß es
#Text=braun worden/ macht dann eine Bruͤhe von Butter/
#Text=
#Text=ein wenig Wein-Eßig und Zucker/
#Text=ruͤhrt diß zuſam-
#Text=men in der Pfanne durch/ daß es etwas dick wird/ und
#Text=gieſt es daruͤber/ iſt ein gut Eſſen.
3-1	244-249	Kocht	_	_	_	
3-2	250-252	im	_	_	_	
3-3	253-259	Waſſer	_	_	_	
3-4	260-263	und	_	_	_	
3-5	264-269	Saltz	_	_	_	
3-6	270-273	ein	_	_	_	
3-7	274-281	gantzes	_	_	_	
3-8	282-287	Canin	_	_	_	
3-9	287-288	-	_	_	_	
3-10	289-292	gen	_	_	_	
3-11	292-293	/	_	_	_	
3-12	294-303	ſchaͤumet	_	_	_	
3-13	304-306	es	_	_	_	
3-14	307-311	wohl	_	_	_	
3-15	311-312	/	_	_	_	
3-16	313-323	ſchneidets	_	_	_	
3-17	324-331	alsdann	_	_	_	
3-18	332-334	in	_	_	_	
3-19	335-339	Stuͤ	_	_	_	
3-20	339-340	-	_	_	_	
3-21	341-345	cken	_	_	_	
3-22	345-346	/	_	_	_	
3-23	347-350	und	_	_	_	
3-24	351-357	bratet	_	_	_	
3-25	358-360	es	_	_	_	
3-26	361-364	mit	_	_	_	
3-27	365-371	Butter	_	_	_	
3-28	372-374	in	_	_	_	
3-29	375-378	der	_	_	_	
3-30	379-384	Pfann	_	_	_	
3-31	384-385	/	_	_	_	
3-32	386-389	biß	_	_	_	
3-33	390-392	es	_	_	_	
3-34	393-398	braun	_	_	_	
3-35	399-405	worden	_	_	_	
3-36	405-406	/	_	_	_	
3-37	407-412	macht	_	_	_	
3-38	413-417	dann	_	_	_	
3-39	418-422	eine	_	_	_	
3-40	423-429	Bruͤhe	_	_	_	
3-41	430-433	von	_	_	_	
3-42	434-440	Butter	_	_	_	
3-43	440-441	/	_	_	_	
3-44	443-446	ein	_	_	_	
3-45	447-452	wenig	_	_	_	
3-46	453-462	Wein-Eßig	_	_	_	
3-47	463-466	und	_	_	_	
3-48	467-473	Zucker	_	_	_	
3-49	473-474	/	_	_	_	
3-50	475-481	ruͤhrt	_	_	_	
3-51	482-485	diß	_	_	_	
3-52	486-491	zuſam	_	_	_	
3-53	491-492	-	_	_	_	
3-54	493-496	men	_	_	_	
3-55	497-499	in	_	_	_	
3-56	500-503	der	_	_	_	
3-57	504-510	Pfanne	_	_	_	
3-58	511-516	durch	_	_	_	
3-59	516-517	/	_	_	_	
3-60	518-521	daß	_	_	_	
3-61	522-524	es	_	_	_	
3-62	525-530	etwas	_	_	_	
3-63	531-535	dick	_	_	_	
3-64	536-540	wird	_	_	_	
3-65	540-541	/	_	_	_	
3-66	542-545	und	_	_	_	
3-67	546-551	gieſt	_	_	_	
3-68	552-554	es	_	_	_	
3-69	555-563	daruͤber	_	_	_	
3-70	563-564	/	_	_	_	
3-71	565-568	iſt	_	_	_	
3-72	569-572	ein	_	_	_	
3-73	573-576	gut	_	_	_	
3-74	577-582	Eſſen	_	_	_	
3-75	582-583	.	_	_	_	

#Text=Noch eine andere Manier.
4-1	587-591	Noch	_	_	_	
4-2	592-596	eine	_	_	_	
4-3	597-603	andere	_	_	_	
4-4	604-610	Manier	_	_	_	
4-5	610-611	.	_	_	_	

#Text=Nehmt ein altes Caningen/ ſchneidet ſelbigen die
#Text=Hinter-Fuͤſſe ab/ macht in dem Bauche ein gefuͤlltes
#Text=von Gekroͤſe oder Kalbs-Nieren/ wohlriechenden
#Text=Kraͤutern/ Brod/ Fett/ Corinthen/
#Text=Gewuͤrtz/
#Text=Eyer
#Text=und Zucker/ kocht es alsdann in einer guten und
#Text=wohlſchmeckenden Bruͤhe von Schoͤpſen- oder Kalb-
#Text=Fleiſch/ mit gehackter Peterſilien/ Saltz und gan-
#Text=tzen Gewuͤrtz;
#Text=wann es alsdann meiſt gar iſt/
#Text=ſo thut
#Text=ohngefehr zwey Hand voll Stichbeer drein/ macht
#Text=denn die Bruͤhe mit Apffel-Muß dick/ und thut et-
#Text=was friſche Butter dazu/ und gebt es alſo in einer
#Text=feinen gezierten Schuͤſſel auff den Tiſch.
5-1	613-618	Nehmt	_	_	_	
5-2	619-622	ein	_	_	_	
5-3	623-628	altes	_	_	_	
5-4	629-637	Caningen	_	_	_	
5-5	637-638	/	_	_	_	
5-6	639-648	ſchneidet	_	_	_	
5-7	649-657	ſelbigen	_	_	_	
5-8	658-661	die	_	_	_	
5-9	662-675	Hinter-Fuͤſſe	_	_	_	
5-10	676-678	ab	_	_	_	
5-11	678-679	/	_	_	_	
5-12	680-685	macht	_	_	_	
5-13	686-688	in	_	_	_	
5-14	689-692	dem	_	_	_	
5-15	693-699	Bauche	_	_	_	
5-16	700-703	ein	_	_	_	
5-17	704-714	gefuͤlltes	_	_	_	
5-18	715-718	von	_	_	_	
5-19	719-727	Gekroͤſe	_	_	_	
5-20	728-732	oder	_	_	_	
5-21	733-745	Kalbs-Nieren	_	_	_	
5-22	745-746	/	_	_	_	
5-23	747-761	wohlriechenden	Quality	_	_	
5-24	762-771	Kraͤutern	Smell\_Source	*	5-23	
5-25	771-772	/	_	_	_	
5-26	773-777	Brod	_	_	_	
5-27	777-778	/	_	_	_	
5-28	779-783	Fett	_	_	_	
5-29	783-784	/	_	_	_	
5-30	785-794	Corinthen	_	_	_	
5-31	794-795	/	_	_	_	
5-32	796-804	Gewuͤrtz	_	_	_	
5-33	804-805	/	_	_	_	
5-34	806-810	Eyer	_	_	_	
5-35	811-814	und	_	_	_	
5-36	815-821	Zucker	_	_	_	
5-37	821-822	/	_	_	_	
5-38	823-828	kocht	_	_	_	
5-39	829-831	es	_	_	_	
5-40	832-839	alsdann	_	_	_	
5-41	840-842	in	_	_	_	
5-42	843-848	einer	_	_	_	
5-43	849-854	guten	_	_	_	
5-44	855-858	und	_	_	_	
5-45	859-875	wohlſchmeckenden	_	_	_	
5-46	876-882	Bruͤhe	_	_	_	
5-47	883-886	von	_	_	_	
5-48	887-896	Schoͤpſen	_	_	_	
5-49	896-897	-	_	_	_	
5-50	898-902	oder	_	_	_	
5-51	903-907	Kalb	_	_	_	
5-52	907-908	-	_	_	_	
5-53	909-916	Fleiſch	_	_	_	
5-54	916-917	/	_	_	_	
5-55	918-921	mit	_	_	_	
5-56	922-931	gehackter	_	_	_	
5-57	932-943	Peterſilien	_	_	_	
5-58	943-944	/	_	_	_	
5-59	945-950	Saltz	_	_	_	
5-60	951-954	und	_	_	_	
5-61	955-958	gan	_	_	_	
5-62	958-959	-	_	_	_	
5-63	960-964	tzen	_	_	_	
5-64	965-973	Gewuͤrtz	_	_	_	
5-65	973-974	;	_	_	_	
5-66	975-979	wann	_	_	_	
5-67	980-982	es	_	_	_	
5-68	983-990	alsdann	_	_	_	
5-69	991-996	meiſt	_	_	_	
5-70	997-1000	gar	_	_	_	
5-71	1001-1004	iſt	_	_	_	
5-72	1004-1005	/	_	_	_	
5-73	1006-1008	ſo	_	_	_	
5-74	1009-1013	thut	_	_	_	
5-75	1014-1023	ohngefehr	_	_	_	
5-76	1024-1028	zwey	_	_	_	
5-77	1029-1033	Hand	_	_	_	
5-78	1034-1038	voll	_	_	_	
5-79	1039-1048	Stichbeer	_	_	_	
5-80	1049-1054	drein	_	_	_	
5-81	1054-1055	/	_	_	_	
5-82	1056-1061	macht	_	_	_	
5-83	1062-1066	denn	_	_	_	
5-84	1067-1070	die	_	_	_	
5-85	1071-1077	Bruͤhe	_	_	_	
5-86	1078-1081	mit	_	_	_	
5-87	1082-1092	Apffel-Muß	_	_	_	
5-88	1093-1097	dick	_	_	_	
5-89	1097-1098	/	_	_	_	
5-90	1099-1102	und	_	_	_	
5-91	1103-1107	thut	_	_	_	
5-92	1108-1110	et	_	_	_	
5-93	1110-1111	-	_	_	_	
5-94	1112-1115	was	_	_	_	
5-95	1116-1123	friſche	_	_	_	
5-96	1124-1130	Butter	_	_	_	
5-97	1131-1135	dazu	_	_	_	
5-98	1135-1136	/	_	_	_	
5-99	1137-1140	und	_	_	_	
5-100	1141-1145	gebt	_	_	_	
5-101	1146-1148	es	_	_	_	
5-102	1149-1153	alſo	_	_	_	
5-103	1154-1156	in	_	_	_	
5-104	1157-1162	einer	_	_	_	
5-105	1163-1169	feinen	_	_	_	
5-106	1170-1179	gezierten	_	_	_	
5-107	1180-1189	Schuͤſſel	_	_	_	
5-108	1190-1194	auff	_	_	_	
5-109	1195-1198	den	_	_	_	
5-110	1199-1204	Tiſch	_	_	_	
5-111	1204-1205	.	_	_	_	

#Text=Ei-
#Text=
#Text=c\f
#Text=[34/0412
#Text=]
#Text=
#Text=Koch-Buch.
6-1	1209-1211	Ei	_	_	_	
6-2	1211-1212	-	_	_	_	
6-3	1214-1215	c	_	_	_	
6-4	1217-1218	[	_	_	_	
6-5	1218-1220	34	_	_	_	
6-6	1220-1221	/	_	_	_	
6-7	1221-1225	0412	_	_	_	
6-8	1226-1227	]	_	_	_	
6-9	1229-1238	Koch-Buch	_	_	_	
6-10	1238-1239	.	_	_	_	
