#FORMAT=WebAnno TSV 3.3


#Text=De analogie met het contagium maakt de zaak nog geloofwaardiger.
1-1	2-4	De	
1-2	5-13	analogie	
1-3	14-17	met	
1-4	18-21	het	
1-5	22-31	contagium	
1-6	32-37	maakt	
1-7	38-40	de	
1-8	41-45	zaak	
1-9	46-49	nog	
1-10	50-65	geloofwaardiger	
1-11	65-66	.	

#Text=In deze acht stellingen, welke te zamen genomen eerst hare volle kracht verkrijgen,
#Text=heeft de Heer v.g.
#Text=ons dan langs den weg der ondervinding van het bestaan van een miasma palud. trachten te verzekeren.
2-1	69-71	In	
2-2	72-76	deze	
2-3	77-81	acht	
2-4	82-92	stellingen	
2-5	92-93	,	
2-6	94-99	welke	
2-7	100-102	te	
2-8	103-108	zamen	
2-9	109-116	genomen	
2-10	117-122	eerst	
2-11	123-127	hare	
2-12	128-133	volle	
2-13	134-140	kracht	
2-14	141-151	verkrijgen	
2-15	151-152	,	
2-16	153-158	heeft	
2-17	159-161	de	
2-18	162-166	Heer	
2-19	167-170	v.g	
2-20	170-171	.	
2-21	172-175	ons	
2-22	176-179	dan	
2-23	180-185	langs	
2-24	186-189	den	
2-25	190-193	weg	
2-26	194-197	der	
2-27	198-210	ondervinding	
2-28	211-214	van	
2-29	215-218	het	
2-30	219-226	bestaan	
2-31	227-230	van	
2-32	231-234	een	
2-33	235-241	miasma	
2-34	242-247	palud	
2-35	247-248	.	
2-36	249-257	trachten	
2-37	258-260	te	
2-38	261-271	verzekeren	
2-39	271-272	.	

#Text=Daar men het niet met den vinger kan aantoonen,
#Text=[
#Text=p. 590]
#Text=
#Text=
#Text=daar het aan onze zintuigen ontsnapt, moet men uit de verschijnselen tot de oorzaak opklimmen, en komt zoo doende hier, door een negatief bewijs, door aan te toonen, waaraan die verschijnselen niet kunnen worden toegeschreven, tot eene vrij groote mate van zekerheid.
3-1	273-277	Daar	
3-2	278-281	men	
3-3	282-285	het	
3-4	286-290	niet	
3-5	291-294	met	
3-6	295-298	den	
3-7	299-305	vinger	
3-8	306-309	kan	
3-9	310-319	aantoonen	
3-10	319-320	,	
3-11	321-322	[	
3-12	323-324	p	
3-13	324-325	.	
3-14	326-329	590	
3-15	329-330	]	
3-16	333-337	daar	
3-17	338-341	het	
3-18	342-345	aan	
3-19	346-350	onze	
3-20	351-360	zintuigen	
3-21	361-369	ontsnapt	
3-22	369-370	,	
3-23	371-375	moet	
3-24	376-379	men	
3-25	380-383	uit	
3-26	384-386	de	
3-27	387-401	verschijnselen	
3-28	402-405	tot	
3-29	406-408	de	
3-30	409-416	oorzaak	
3-31	417-426	opklimmen	
3-32	426-427	,	
3-33	428-430	en	
3-34	431-435	komt	
3-35	436-439	zoo	
3-36	440-446	doende	
3-37	447-451	hier	
3-38	451-452	,	
3-39	453-457	door	
3-40	458-461	een	
3-41	462-470	negatief	
3-42	471-477	bewijs	
3-43	477-478	,	
3-44	479-483	door	
3-45	484-487	aan	
3-46	488-490	te	
3-47	491-497	toonen	
3-48	497-498	,	
3-49	499-506	waaraan	
3-50	507-510	die	
3-51	511-525	verschijnselen	
3-52	526-530	niet	
3-53	531-537	kunnen	
3-54	538-544	worden	
3-55	545-558	toegeschreven	
3-56	558-559	,	
3-57	560-563	tot	
3-58	564-568	eene	
3-59	569-573	vrij	
3-60	574-580	groote	
3-61	581-585	mate	
3-62	586-589	van	
3-63	590-599	zekerheid	
3-64	599-600	.	

#Text=Aan het einde dier hoogst belangrijke quaestie haalt de geleerde Schrijver nog meer dan 50 der uitstekendste hedendaagsche natuuren geneeskundigen aan, die het gevoelen van een miasma palud. toegedaan schijnen.
4-1	603-606	Aan	
4-2	607-610	het	
4-3	611-616	einde	
4-4	617-621	dier	
4-5	622-628	hoogst	
4-6	629-640	belangrijke	
4-7	641-649	quaestie	
4-8	650-655	haalt	
4-9	656-658	de	
4-10	659-667	geleerde	
4-11	668-677	Schrijver	
4-12	678-681	nog	
4-13	682-686	meer	
4-14	687-690	dan	
4-15	691-693	50	
4-16	694-697	der	
4-17	698-711	uitstekendste	
4-18	712-725	hedendaagsche	
4-19	726-734	natuuren	
4-20	735-749	geneeskundigen	
4-21	750-753	aan	
4-22	753-754	,	
4-23	755-758	die	
4-24	759-762	het	
4-25	763-771	gevoelen	
4-26	772-775	van	
4-27	776-779	een	
4-28	780-786	miasma	
4-29	787-792	palud	
4-30	792-793	.	
4-31	794-803	toegedaan	
4-32	804-812	schijnen	
4-33	812-813	.	

#Text=Daarop gaat hij over tot de beschouwing 1o.
#Text=der Epidemieën in moerassige landen met betrekking tot de droogmaking van het H.M. 2o.
#Text=der kwaadaardige moeraskoortsen.
5-1	814-820	Daarop	
5-2	821-825	gaat	
5-3	826-829	hij	
5-4	830-834	over	
5-5	835-838	tot	
5-6	839-841	de	
5-7	842-853	beschouwing	
5-8	854-856	1o	
5-9	856-857	.	
5-10	858-861	der	
5-11	862-872	Epidemieën	
5-12	873-875	in	
5-13	876-886	moerassige	
5-14	887-893	landen	
5-15	894-897	met	
5-16	898-908	betrekking	
5-17	909-912	tot	
5-18	913-915	de	
5-19	916-927	droogmaking	
5-20	928-931	van	
5-21	932-935	het	
5-22	936-939	H.M	
5-23	939-940	.	
5-24	941-943	2o	
5-25	943-944	.	
5-26	945-948	der	
5-27	949-961	kwaadaardige	
5-28	962-976	moeraskoortsen	
5-29	976-977	.	

#Text=Dit laatste had wederom voor de geleidelijke orde en eenvoudigheid van het betoog, beter bij Stell.
#Text=3, over het wezen, enz. gepast.
6-1	978-981	Dit	
6-2	982-989	laatste	
6-3	990-993	had	
6-4	994-1001	wederom	
6-5	1002-1006	voor	
6-6	1007-1009	de	
6-7	1010-1022	geleidelijke	
6-8	1023-1027	orde	
6-9	1028-1030	en	
6-10	1031-1044	eenvoudigheid	
6-11	1045-1048	van	
6-12	1049-1052	het	
6-13	1053-1059	betoog	
6-14	1059-1060	,	
6-15	1061-1066	beter	
6-16	1067-1070	bij	
6-17	1071-1076	Stell	
6-18	1076-1077	.	
6-19	1078-1079	3	
6-20	1079-1080	,	
6-21	1081-1085	over	
6-22	1086-1089	het	
6-23	1090-1095	wezen	
6-24	1095-1096	,	
6-25	1097-1100	enz	
6-26	1100-1101	.	
6-27	1102-1108	gepast	
6-28	1108-1109	.	

#Text=In het eerste punt worden de andere omstandigheden, die óf tot het ontstaan der moeraskoortsen bijdragen, óf daartoe noodzakelijk zijn, en vooral de invloed van het staande ziektekarakter op de Epidemieën nader ontwikkeld; terwijl in het tweede punt twee vragen ter oplossing gesteld worden, namelijk: kunnen bij ons de moeraskoortsen als continuae malignae voorkomen?
7-1	1110-1112	In	
7-2	1113-1116	het	
7-3	1117-1123	eerste	
7-4	1124-1128	punt	
7-5	1129-1135	worden	
7-6	1136-1138	de	
7-7	1139-1145	andere	
7-8	1146-1160	omstandigheden	
7-9	1160-1161	,	
7-10	1162-1165	die	
7-11	1166-1168	óf	
7-12	1169-1172	tot	
7-13	1173-1176	het	
7-14	1177-1185	ontstaan	
7-15	1186-1189	der	
7-16	1190-1204	moeraskoortsen	
7-17	1205-1214	bijdragen	
7-18	1214-1215	,	
7-19	1216-1218	óf	
7-20	1219-1226	daartoe	
7-21	1227-1239	noodzakelijk	
7-22	1240-1244	zijn	
7-23	1244-1245	,	
7-24	1246-1248	en	
7-25	1249-1255	vooral	
7-26	1256-1258	de	
7-27	1259-1266	invloed	
7-28	1267-1270	van	
7-29	1271-1274	het	
7-30	1275-1282	staande	
7-31	1283-1297	ziektekarakter	
7-32	1298-1300	op	
7-33	1301-1303	de	
7-34	1304-1314	Epidemieën	
7-35	1315-1320	nader	
7-36	1321-1331	ontwikkeld	
7-37	1331-1332	;	
7-38	1333-1340	terwijl	
7-39	1341-1343	in	
7-40	1344-1347	het	
7-41	1348-1354	tweede	
7-42	1355-1359	punt	
7-43	1360-1364	twee	
7-44	1365-1371	vragen	
7-45	1372-1375	ter	
7-46	1376-1385	oplossing	
7-47	1386-1393	gesteld	
7-48	1394-1400	worden	
7-49	1400-1401	,	
7-50	1402-1410	namelijk	
7-51	1410-1411	:	
7-52	1412-1418	kunnen	
7-53	1419-1422	bij	
7-54	1423-1426	ons	
7-55	1427-1429	de	
7-56	1430-1444	moeraskoortsen	
7-57	1445-1448	als	
7-58	1449-1458	continuae	
7-59	1459-1467	malignae	
7-60	1468-1477	voorkomen	
7-61	1477-1478	?	

#Text=en kunnen de moeraskoortsen, wanneer zij ontaard zijn, bij ons besmettelijk worden?
8-1	1479-1481	en	
8-2	1482-1488	kunnen	
8-3	1489-1491	de	
8-4	1492-1506	moeraskoortsen	
8-5	1506-1507	,	
8-6	1508-1515	wanneer	
8-7	1516-1519	zij	
8-8	1520-1527	ontaard	
8-9	1528-1532	zijn	
8-10	1532-1533	,	
8-11	1534-1537	bij	
8-12	1538-1541	ons	
8-13	1542-1554	besmettelijk	
8-14	1555-1561	worden	
8-15	1561-1562	?	

#Text=Beide vragen worden op grond van ondervinding der geloofwaardigste Geleerden bevestigend beantwoord.
9-1	1563-1568	Beide	
9-2	1569-1575	vragen	
9-3	1576-1582	worden	
9-4	1583-1585	op	
9-5	1586-1591	grond	
9-6	1592-1595	van	
9-7	1596-1608	ondervinding	
9-8	1609-1612	der	
9-9	1613-1629	geloofwaardigste	
9-10	1630-1639	Geleerden	
9-11	1640-1651	bevestigend	
9-12	1652-1662	beantwoord	
9-13	1662-1663	.	

#Text=Vijfde gedeelte.
10-1	1665-1671	Vijfde	
10-2	1672-1680	gedeelte	
10-3	1680-1681	.	
