#FORMAT=WebAnno TSV 3.3


#Text=7 Et de filiis tuis, qui exibunt de te, quos genueris, tollent, et erunt eunuchi in palatio regis Babylonis.
#Text=8 Et dixit Ezechias ad Isaiam : Bonum verbum Domini, quod locutus est.
1-1	2-3	7	
1-2	4-6	Et	
1-3	7-9	de	
1-4	10-16	filiis	
1-5	17-21	tuis	
1-6	21-22	,	
1-7	23-26	qui	
1-8	27-34	exibunt	
1-9	35-37	de	
1-10	38-40	te	
1-11	40-41	,	
1-12	42-46	quos	
1-13	47-55	genueris	
1-14	55-56	,	
1-15	57-64	tollent	
1-16	64-65	,	
1-17	66-68	et	
1-18	69-74	erunt	
1-19	75-82	eunuchi	
1-20	83-85	in	
1-21	86-93	palatio	
1-22	94-99	regis	
1-23	100-109	Babylonis	
1-24	109-110	.	
1-25	111-112	8	
1-26	113-115	Et	
1-27	116-121	dixit	
1-28	122-130	Ezechias	
1-29	131-133	ad	
1-30	134-140	Isaiam	
1-31	141-142	:	
1-32	143-148	Bonum	
1-33	149-155	verbum	
1-34	156-162	Domini	
1-35	162-163	,	
1-36	164-168	quod	
1-37	169-176	locutus	
1-38	177-180	est	
1-39	180-181	.	

#Text=Et dixit : Fiat tantum pax et veritas in diebus meis !
2-1	182-184	Et	
2-2	185-190	dixit	
2-3	191-192	:	
2-4	193-197	Fiat	
2-5	198-204	tantum	
2-6	205-208	pax	
2-7	209-211	et	
2-8	212-219	veritas	
2-9	220-222	in	
2-10	223-229	diebus	
2-11	230-234	meis	
2-12	235-236	!	

#Text=Caput 40
#Text=
#Text=
#Text=1 Consolamini, consolamini, popule meus, dicit Deus vester.
#Text=2 Loquimini ad cor Jerusalem, et advocate eam, quoniam completa est malitia ejus, dimissa est iniquitas illius : suscepit de manu Domini duplicia pro omnibus peccatis suis.
#Text=3 Vox clamantis in deserto : Parate viam Domini, rectas facite in solitudine semitas Dei nostri.
#Text=4 Omnis vallis exaltabitur, et omnis mons et collis humiliabitur, et erunt prava in directa, et aspera in vias planas : 5 et revelabitur gloria Domini, et videbit omnis caro pariter quod os Domini locutum est.
#Text=6 Vox dicentis : Clama.
3-1	237-242	Caput	
3-2	243-245	40	
3-3	248-249	1	
3-4	250-261	Consolamini	
3-5	261-262	,	
3-6	263-274	consolamini	
3-7	274-275	,	
3-8	276-282	popule	
3-9	283-287	meus	
3-10	287-288	,	
3-11	289-294	dicit	
3-12	295-299	Deus	
3-13	300-306	vester	
3-14	306-307	.	
3-15	308-309	2	
3-16	310-319	Loquimini	
3-17	320-322	ad	
3-18	323-326	cor	
3-19	327-336	Jerusalem	
3-20	336-337	,	
3-21	338-340	et	
3-22	341-349	advocate	
3-23	350-353	eam	
3-24	353-354	,	
3-25	355-362	quoniam	
3-26	363-371	completa	
3-27	372-375	est	
3-28	376-383	malitia	
3-29	384-388	ejus	
3-30	388-389	,	
3-31	390-397	dimissa	
3-32	398-401	est	
3-33	402-411	iniquitas	
3-34	412-418	illius	
3-35	419-420	:	
3-36	421-429	suscepit	
3-37	430-432	de	
3-38	433-437	manu	
3-39	438-444	Domini	
3-40	445-453	duplicia	
3-41	454-457	pro	
3-42	458-465	omnibus	
3-43	466-474	peccatis	
3-44	475-479	suis	
3-45	479-480	.	
3-46	481-482	3	
3-47	483-486	Vox	
3-48	487-496	clamantis	
3-49	497-499	in	
3-50	500-507	deserto	
3-51	508-509	:	
3-52	510-516	Parate	
3-53	517-521	viam	
3-54	522-528	Domini	
3-55	528-529	,	
3-56	530-536	rectas	
3-57	537-543	facite	
3-58	544-546	in	
3-59	547-557	solitudine	
3-60	558-565	semitas	
3-61	566-569	Dei	
3-62	570-576	nostri	
3-63	576-577	.	
3-64	578-579	4	
3-65	580-585	Omnis	
3-66	586-592	vallis	
3-67	593-604	exaltabitur	
3-68	604-605	,	
3-69	606-608	et	
3-70	609-614	omnis	
3-71	615-619	mons	
3-72	620-622	et	
3-73	623-629	collis	
3-74	630-642	humiliabitur	
3-75	642-643	,	
3-76	644-646	et	
3-77	647-652	erunt	
3-78	653-658	prava	
3-79	659-661	in	
3-80	662-669	directa	
3-81	669-670	,	
3-82	671-673	et	
3-83	674-680	aspera	
3-84	681-683	in	
3-85	684-688	vias	
3-86	689-695	planas	
3-87	696-697	:	
3-88	698-699	5	
3-89	700-702	et	
3-90	703-714	revelabitur	
3-91	715-721	gloria	
3-92	722-728	Domini	
3-93	728-729	,	
3-94	730-732	et	
3-95	733-740	videbit	
3-96	741-746	omnis	
3-97	747-751	caro	
3-98	752-759	pariter	
3-99	760-764	quod	
3-100	765-767	os	
3-101	768-774	Domini	
3-102	775-782	locutum	
3-103	783-786	est	
3-104	786-787	.	
3-105	788-789	6	
3-106	790-793	Vox	
3-107	794-802	dicentis	
3-108	803-804	:	
3-109	805-810	Clama	
3-110	810-811	.	

#Text=Et dixi : Quid clamabo ?
4-1	812-814	Et	
4-2	815-819	dixi	
4-3	820-821	:	
4-4	822-826	Quid	
4-5	827-834	clamabo	
4-6	835-836	?	

#Text=Omnis caro fœnum, et omnis gloria ejus quasi flos agri.
#Text=7 Exsiccatum est fœnum, et cecidit flos, quia spiritus Domini sufflavit in eo.
5-1	837-842	Omnis	
5-2	843-847	caro	
5-3	848-853	fœnum	
5-4	853-854	,	
5-5	855-857	et	
5-6	858-863	omnis	
5-7	864-870	gloria	
5-8	871-875	ejus	
5-9	876-881	quasi	
5-10	882-886	flos	
5-11	887-891	agri	
5-12	891-892	.	
5-13	893-894	7	
5-14	895-905	Exsiccatum	
5-15	906-909	est	
5-16	910-915	fœnum	
5-17	915-916	,	
5-18	917-919	et	
5-19	920-927	cecidit	
5-20	928-932	flos	
5-21	932-933	,	
5-22	934-938	quia	
5-23	939-947	spiritus	
5-24	948-954	Domini	
5-25	955-964	sufflavit	
5-26	965-967	in	
5-27	968-970	eo	
5-28	970-971	.	

#Text=Vere fœnum est populus : 8 exsiccatum est fœnum, et cecidit flos ; verbum autem Domini nostri manet in æternum.
#Text=9 Super montem excelsum ascende, tu qui evangelizas Sion ; exalta in fortitudine vocem tuam, qui evangelizas Jerusalem : exalta, noli timere.
6-1	972-976	Vere	
6-2	977-982	fœnum	
6-3	983-986	est	
6-4	987-994	populus	
6-5	995-996	:	
6-6	997-998	8	
6-7	999-1009	exsiccatum	
6-8	1010-1013	est	
6-9	1014-1019	fœnum	
6-10	1019-1020	,	
6-11	1021-1023	et	
6-12	1024-1031	cecidit	
6-13	1032-1036	flos	
6-14	1037-1038	;	
6-15	1039-1045	verbum	
6-16	1046-1051	autem	
6-17	1052-1058	Domini	
6-18	1059-1065	nostri	
6-19	1066-1071	manet	
6-20	1072-1074	in	
6-21	1075-1082	æternum	
6-22	1082-1083	.	
6-23	1084-1085	9	
6-24	1086-1091	Super	
6-25	1092-1098	montem	
6-26	1099-1107	excelsum	
6-27	1108-1115	ascende	
6-28	1115-1116	,	
6-29	1117-1119	tu	
6-30	1120-1123	qui	
6-31	1124-1135	evangelizas	
6-32	1136-1140	Sion	
6-33	1141-1142	;	
6-34	1143-1149	exalta	
6-35	1150-1152	in	
6-36	1153-1164	fortitudine	
6-37	1165-1170	vocem	
6-38	1171-1175	tuam	
6-39	1175-1176	,	
6-40	1177-1180	qui	
6-41	1181-1192	evangelizas	
6-42	1193-1202	Jerusalem	
6-43	1203-1204	:	
6-44	1205-1211	exalta	
6-45	1211-1212	,	
6-46	1213-1217	noli	
6-47	1218-1224	timere	
6-48	1224-1225	.	

#Text=Dic civitatibus Juda : Ecce Deus vester : 10 ecce Dominus Deus in fortitudine veniet, et brachium ejus dominabitur : ecce merces ejus cum eo, et opus illius coram illo.
#Text=11 Sicut pastor gregem suum pascet, in brachio suo congregabit agnos, et in sinu suo levabit ; fœtas ipse portabit.
#Text=12 Quis mensus est pugillo aquas, et cælos palmo ponderavit ?
7-1	1226-1229	Dic	
7-2	1230-1241	civitatibus	
7-3	1242-1246	Juda	
7-4	1247-1248	:	
7-5	1249-1253	Ecce	
7-6	1254-1258	Deus	
7-7	1259-1265	vester	
7-8	1266-1267	:	
7-9	1268-1270	10	
7-10	1271-1275	ecce	
7-11	1276-1283	Dominus	
7-12	1284-1288	Deus	
7-13	1289-1291	in	
7-14	1292-1303	fortitudine	
7-15	1304-1310	veniet	
7-16	1310-1311	,	
7-17	1312-1314	et	
7-18	1315-1323	brachium	
7-19	1324-1328	ejus	
7-20	1329-1340	dominabitur	
7-21	1341-1342	:	
7-22	1343-1347	ecce	
7-23	1348-1354	merces	
7-24	1355-1359	ejus	
7-25	1360-1363	cum	
7-26	1364-1366	eo	
7-27	1366-1367	,	
7-28	1368-1370	et	
7-29	1371-1375	opus	
7-30	1376-1382	illius	
7-31	1383-1388	coram	
7-32	1389-1393	illo	
7-33	1393-1394	.	
7-34	1395-1397	11	
7-35	1398-1403	Sicut	
7-36	1404-1410	pastor	
7-37	1411-1417	gregem	
7-38	1418-1422	suum	
7-39	1423-1429	pascet	
7-40	1429-1430	,	
7-41	1431-1433	in	
7-42	1434-1441	brachio	
7-43	1442-1445	suo	
7-44	1446-1457	congregabit	
7-45	1458-1463	agnos	
7-46	1463-1464	,	
7-47	1465-1467	et	
7-48	1468-1470	in	
7-49	1471-1475	sinu	
7-50	1476-1479	suo	
7-51	1480-1487	levabit	
7-52	1488-1489	;	
7-53	1490-1495	fœtas	
7-54	1496-1500	ipse	
7-55	1501-1509	portabit	
7-56	1509-1510	.	
7-57	1511-1513	12	
7-58	1514-1518	Quis	
7-59	1519-1525	mensus	
7-60	1526-1529	est	
7-61	1530-1537	pugillo	
7-62	1538-1543	aquas	
7-63	1543-1544	,	
7-64	1545-1547	et	
7-65	1548-1553	cælos	
7-66	1554-1559	palmo	
7-67	1560-1570	ponderavit	
7-68	1571-1572	?	

#Text=quis appendit tribus digitis molem terræ, et libravit in pondere montes, et colles in statera ?
8-1	1573-1577	quis	
8-2	1578-1586	appendit	
8-3	1587-1593	tribus	
8-4	1594-1601	digitis	
8-5	1602-1607	molem	
8-6	1608-1613	terræ	
8-7	1613-1614	,	
8-8	1615-1617	et	
8-9	1618-1626	libravit	
8-10	1627-1629	in	
8-11	1630-1637	pondere	
8-12	1638-1644	montes	
8-13	1644-1645	,	
8-14	1646-1648	et	
8-15	1649-1655	colles	
8-16	1656-1658	in	
8-17	1659-1666	statera	
8-18	1667-1668	?	

#Text=13 Quis adjuvit spiritum Domini ?
9-1	1669-1671	13	
9-2	1672-1676	Quis	
9-3	1677-1684	adjuvit	
9-4	1685-1693	spiritum	
9-5	1694-1700	Domini	
9-6	1701-1702	?	

#Text=aut quis consiliarius ejus fuit, et ostendit illi ?
10-1	1703-1706	aut	
10-2	1707-1711	quis	
10-3	1712-1724	consiliarius	
10-4	1725-1729	ejus	
10-5	1730-1734	fuit	
10-6	1734-1735	,	
10-7	1736-1738	et	
10-8	1739-1747	ostendit	
10-9	1748-1752	illi	
10-10	1753-1754	?	

#Text=14 cum quo iniit consilium, et instruxit eum, et docuit eum semitam justitiæ, et erudivit eum scientiam, et viam prudentiæ ostendit illi ?
11-1	1755-1757	14	
11-2	1758-1761	cum	
11-3	1762-1765	quo	
11-4	1766-1771	iniit	
11-5	1772-1781	consilium	
11-6	1781-1782	,	
11-7	1783-1785	et	
11-8	1786-1795	instruxit	
11-9	1796-1799	eum	
11-10	1799-1800	,	
11-11	1801-1803	et	
11-12	1804-1810	docuit	
11-13	1811-1814	eum	
11-14	1815-1822	semitam	
11-15	1823-1831	justitiæ	
11-16	1831-1832	,	
11-17	1833-1835	et	
11-18	1836-1844	erudivit	
11-19	1845-1848	eum	
11-20	1849-1858	scientiam	
11-21	1858-1859	,	
11-22	1860-1862	et	
11-23	1863-1867	viam	
11-24	1868-1877	prudentiæ	
11-25	1878-1886	ostendit	
11-26	1887-1891	illi	
11-27	1892-1893	?	
