#FORMAT=WebAnno TSV 3.3


#Text=13 Nuntius vero qui ierat ut vocaret Michæam, locutus est ad eum, dicens : Ecce sermones prophetarum ore uno regi bona prædicant : sit ergo sermo tuus similis eorum, et loquere bona.
#Text=14 Cui Michæas ait : Vivit Dominus, quia quodcumque dixerit mihi Dominus, hoc loquar.
#Text=15 Venit itaque ad regem, et ait illi rex : Michæa, ire debemus in Ramoth Galaad ad præliandum, an cessare ?
1-1	2-4	13	
1-2	5-12	Nuntius	
1-3	13-17	vero	
1-4	18-21	qui	
1-5	22-27	ierat	
1-6	28-30	ut	
1-7	31-38	vocaret	
1-8	39-46	Michæam	
1-9	46-47	,	
1-10	48-55	locutus	
1-11	56-59	est	
1-12	60-62	ad	
1-13	63-66	eum	
1-14	66-67	,	
1-15	68-74	dicens	
1-16	75-76	:	
1-17	77-81	Ecce	
1-18	82-90	sermones	
1-19	91-102	prophetarum	
1-20	103-106	ore	
1-21	107-110	uno	
1-22	111-115	regi	
1-23	116-120	bona	
1-24	121-130	prædicant	
1-25	131-132	:	
1-26	133-136	sit	
1-27	137-141	ergo	
1-28	142-147	sermo	
1-29	148-152	tuus	
1-30	153-160	similis	
1-31	161-166	eorum	
1-32	166-167	,	
1-33	168-170	et	
1-34	171-178	loquere	
1-35	179-183	bona	
1-36	183-184	.	
1-37	185-187	14	
1-38	188-191	Cui	
1-39	192-199	Michæas	
1-40	200-203	ait	
1-41	204-205	:	
1-42	206-211	Vivit	
1-43	212-219	Dominus	
1-44	219-220	,	
1-45	221-225	quia	
1-46	226-236	quodcumque	
1-47	237-244	dixerit	
1-48	245-249	mihi	
1-49	250-257	Dominus	
1-50	257-258	,	
1-51	259-262	hoc	
1-52	263-269	loquar	
1-53	269-270	.	
1-54	271-273	15	
1-55	274-279	Venit	
1-56	280-286	itaque	
1-57	287-289	ad	
1-58	290-295	regem	
1-59	295-296	,	
1-60	297-299	et	
1-61	300-303	ait	
1-62	304-308	illi	
1-63	309-312	rex	
1-64	313-314	:	
1-65	315-321	Michæa	
1-66	321-322	,	
1-67	323-326	ire	
1-68	327-334	debemus	
1-69	335-337	in	
1-70	338-344	Ramoth	
1-71	345-351	Galaad	
1-72	352-354	ad	
1-73	355-365	præliandum	
1-74	365-366	,	
1-75	367-369	an	
1-76	370-377	cessare	
1-77	378-379	?	

#Text=Cui ille respondit : Ascende, et vade prospere, et tradet eam Dominus in manus regis.
#Text=16 Dixit autem rex ad eum : Iterum atque iterum adjuro te, ut non loquaris mihi nisi quod verum est, in nomine Domini.
#Text=17 Et ille ait : Vidi cunctum Israël dispersum in montibus, quasi oves non habentes pastorem.
2-1	380-383	Cui	
2-2	384-388	ille	
2-3	389-398	respondit	
2-4	399-400	:	
2-5	401-408	Ascende	
2-6	408-409	,	
2-7	410-412	et	
2-8	413-417	vade	
2-9	418-426	prospere	
2-10	426-427	,	
2-11	428-430	et	
2-12	431-437	tradet	
2-13	438-441	eam	
2-14	442-449	Dominus	
2-15	450-452	in	
2-16	453-458	manus	
2-17	459-464	regis	
2-18	464-465	.	
2-19	466-468	16	
2-20	469-474	Dixit	
2-21	475-480	autem	
2-22	481-484	rex	
2-23	485-487	ad	
2-24	488-491	eum	
2-25	492-493	:	
2-26	494-500	Iterum	
2-27	501-506	atque	
2-28	507-513	iterum	
2-29	514-520	adjuro	
2-30	521-523	te	
2-31	523-524	,	
2-32	525-527	ut	
2-33	528-531	non	
2-34	532-540	loquaris	
2-35	541-545	mihi	
2-36	546-550	nisi	
2-37	551-555	quod	
2-38	556-561	verum	
2-39	562-565	est	
2-40	565-566	,	
2-41	567-569	in	
2-42	570-576	nomine	
2-43	577-583	Domini	
2-44	583-584	.	
2-45	585-587	17	
2-46	588-590	Et	
2-47	591-595	ille	
2-48	596-599	ait	
2-49	600-601	:	
2-50	602-606	Vidi	
2-51	607-614	cunctum	
2-52	615-621	Israël	
2-53	622-631	dispersum	
2-54	632-634	in	
2-55	635-643	montibus	
2-56	643-644	,	
2-57	645-650	quasi	
2-58	651-655	oves	
2-59	656-659	non	
2-60	660-668	habentes	
2-61	669-677	pastorem	
2-62	677-678	.	

#Text=Et ait Dominus : Non habent isti dominum : revertatur unusquisque in domum suam in pace.
#Text=18 (Dixit ergo rex Israël ad Josaphat : Numquid non dixi tibi, quia non prophetat mihi bonum, sed semper malum ?)
3-1	679-681	Et	
3-2	682-685	ait	
3-3	686-693	Dominus	
3-4	694-695	:	
3-5	696-699	Non	
3-6	700-706	habent	
3-7	707-711	isti	
3-8	712-719	dominum	
3-9	720-721	:	
3-10	722-732	revertatur	
3-11	733-744	unusquisque	
3-12	745-747	in	
3-13	748-753	domum	
3-14	754-758	suam	
3-15	759-761	in	
3-16	762-766	pace	
3-17	766-767	.	
3-18	768-770	18	
3-19	771-772	(	
3-20	772-777	Dixit	
3-21	778-782	ergo	
3-22	783-786	rex	
3-23	787-793	Israël	
3-24	794-796	ad	
3-25	797-805	Josaphat	
3-26	806-807	:	
3-27	808-815	Numquid	
3-28	816-819	non	
3-29	820-824	dixi	
3-30	825-829	tibi	
3-31	829-830	,	
3-32	831-835	quia	
3-33	836-839	non	
3-34	840-849	prophetat	
3-35	850-854	mihi	
3-36	855-860	bonum	
3-37	860-861	,	
3-38	862-865	sed	
3-39	866-872	semper	
3-40	873-878	malum	
3-41	879-880	?	
3-42	880-881	)	

#Text=19 Ille vero addens, ait : Propterea audi sermonem Domini : vidi Dominum sedentem super solium suum, et omnem exercitum cæli assistentem ei a dextris et a sinistris : 20 et ait Dominus : Quis decipiet Achab regem Israël, ut ascendat, et cadat in Ramoth Galaad ?
4-1	882-884	19	
4-2	885-889	Ille	
4-3	890-894	vero	
4-4	895-901	addens	
4-5	901-902	,	
4-6	903-906	ait	
4-7	907-908	:	
4-8	909-918	Propterea	
4-9	919-923	audi	
4-10	924-932	sermonem	
4-11	933-939	Domini	
4-12	940-941	:	
4-13	942-946	vidi	
4-14	947-954	Dominum	
4-15	955-963	sedentem	
4-16	964-969	super	
4-17	970-976	solium	
4-18	977-981	suum	
4-19	981-982	,	
4-20	983-985	et	
4-21	986-991	omnem	
4-22	992-1001	exercitum	
4-23	1002-1006	cæli	
4-24	1007-1018	assistentem	
4-25	1019-1021	ei	
4-26	1022-1023	a	
4-27	1024-1031	dextris	
4-28	1032-1034	et	
4-29	1035-1036	a	
4-30	1037-1046	sinistris	
4-31	1047-1048	:	
4-32	1049-1051	20	
4-33	1052-1054	et	
4-34	1055-1058	ait	
4-35	1059-1066	Dominus	
4-36	1067-1068	:	
4-37	1069-1073	Quis	
4-38	1074-1082	decipiet	
4-39	1083-1088	Achab	
4-40	1089-1094	regem	
4-41	1095-1101	Israël	
4-42	1101-1102	,	
4-43	1103-1105	ut	
4-44	1106-1114	ascendat	
4-45	1114-1115	,	
4-46	1116-1118	et	
4-47	1119-1124	cadat	
4-48	1125-1127	in	
4-49	1128-1134	Ramoth	
4-50	1135-1141	Galaad	
4-51	1142-1143	?	

#Text=Et dixit unus verba hujuscemodi, et alius aliter.
#Text=21 Egressus est autem spiritus, et stetit coram Domino, et ait : Ego decipiam illum.
5-1	1144-1146	Et	
5-2	1147-1152	dixit	
5-3	1153-1157	unus	
5-4	1158-1163	verba	
5-5	1164-1175	hujuscemodi	
5-6	1175-1176	,	
5-7	1177-1179	et	
5-8	1180-1185	alius	
5-9	1186-1192	aliter	
5-10	1192-1193	.	
5-11	1194-1196	21	
5-12	1197-1205	Egressus	
5-13	1206-1209	est	
5-14	1210-1215	autem	
5-15	1216-1224	spiritus	
5-16	1224-1225	,	
5-17	1226-1228	et	
5-18	1229-1235	stetit	
5-19	1236-1241	coram	
5-20	1242-1248	Domino	
5-21	1248-1249	,	
5-22	1250-1252	et	
5-23	1253-1256	ait	
5-24	1257-1258	:	
5-25	1259-1262	Ego	
5-26	1263-1271	decipiam	
5-27	1272-1277	illum	
5-28	1277-1278	.	

#Text=Cui locutus est Dominus : In quo ?
6-1	1279-1282	Cui	
6-2	1283-1290	locutus	
6-3	1291-1294	est	
6-4	1295-1302	Dominus	
6-5	1303-1304	:	
6-6	1305-1307	In	
6-7	1308-1311	quo	
6-8	1312-1313	?	

#Text=22 Et ille ait : Egrediar, et ero spiritus mendax in ore omnium prophetarum ejus.
7-1	1314-1316	22	
7-2	1317-1319	Et	
7-3	1320-1324	ille	
7-4	1325-1328	ait	
7-5	1329-1330	:	
7-6	1331-1339	Egrediar	
7-7	1339-1340	,	
7-8	1341-1343	et	
7-9	1344-1347	ero	
7-10	1348-1356	spiritus	
7-11	1357-1363	mendax	
7-12	1364-1366	in	
7-13	1367-1370	ore	
7-14	1371-1377	omnium	
7-15	1378-1389	prophetarum	
7-16	1390-1394	ejus	
7-17	1394-1395	.	

#Text=Et dixit Dominus : Decipies, et prævalebis : egredere, et fac ita.
#Text=23 Nunc igitur ecce dedit Dominus spiritum mendacii in ore omnium prophetarum tuorum, qui hic sunt, et Dominus locutus est contra te malum.
#Text=24 Accessit autem Sedecias filius Chanaana, et percussit Michæam in maxillam, et dixit : Mene ergo dimisit spiritus Domini, et locutus est tibi ?
8-1	1396-1398	Et	
8-2	1399-1404	dixit	
8-3	1405-1412	Dominus	
8-4	1413-1414	:	
8-5	1415-1423	Decipies	
8-6	1423-1424	,	
8-7	1425-1427	et	
8-8	1428-1438	prævalebis	
8-9	1439-1440	:	
8-10	1441-1449	egredere	
8-11	1449-1450	,	
8-12	1451-1453	et	
8-13	1454-1457	fac	
8-14	1458-1461	ita	
8-15	1461-1462	.	
8-16	1463-1465	23	
8-17	1466-1470	Nunc	
8-18	1471-1477	igitur	
8-19	1478-1482	ecce	
8-20	1483-1488	dedit	
8-21	1489-1496	Dominus	
8-22	1497-1505	spiritum	
8-23	1506-1514	mendacii	
8-24	1515-1517	in	
8-25	1518-1521	ore	
8-26	1522-1528	omnium	
8-27	1529-1540	prophetarum	
8-28	1541-1547	tuorum	
8-29	1547-1548	,	
8-30	1549-1552	qui	
8-31	1553-1556	hic	
8-32	1557-1561	sunt	
8-33	1561-1562	,	
8-34	1563-1565	et	
8-35	1566-1573	Dominus	
8-36	1574-1581	locutus	
8-37	1582-1585	est	
8-38	1586-1592	contra	
8-39	1593-1595	te	
8-40	1596-1601	malum	
8-41	1601-1602	.	
8-42	1603-1605	24	
8-43	1606-1614	Accessit	
8-44	1615-1620	autem	
8-45	1621-1629	Sedecias	
8-46	1630-1636	filius	
8-47	1637-1645	Chanaana	
8-48	1645-1646	,	
8-49	1647-1649	et	
8-50	1650-1659	percussit	
8-51	1660-1667	Michæam	
8-52	1668-1670	in	
8-53	1671-1679	maxillam	
8-54	1679-1680	,	
8-55	1681-1683	et	
8-56	1684-1689	dixit	
8-57	1690-1691	:	
8-58	1692-1696	Mene	
8-59	1697-1701	ergo	
8-60	1702-1709	dimisit	
8-61	1710-1718	spiritus	
8-62	1719-1725	Domini	
8-63	1725-1726	,	
8-64	1727-1729	et	
8-65	1730-1737	locutus	
8-66	1738-1741	est	
8-67	1742-1746	tibi	
8-68	1747-1748	?	

#Text=25 Et ait Michæas : Visurus es in die illa quando ingredieris cubiculum intra cubiculum ut abscondaris.
#Text=26 Et ait rex Israël : Tollite Michæam, et maneat apud Amon principem civitatis, et apud Joas filium Amelech, 27 et dicite eis : Hæc dicit rex : Mittite virum istum in carcerem, et sustentate eum pane tribulationis, et aqua angustiæ, donec revertar in pace.
#Text=28 Dixitque Michæas : Si reversus fueris in pace, non est locutus in me Dominus.
9-1	1749-1751	25	
9-2	1752-1754	Et	
9-3	1755-1758	ait	
9-4	1759-1766	Michæas	
9-5	1767-1768	:	
9-6	1769-1776	Visurus	
9-7	1777-1779	es	
9-8	1780-1782	in	
9-9	1783-1786	die	
9-10	1787-1791	illa	
9-11	1792-1798	quando	
9-12	1799-1810	ingredieris	
9-13	1811-1820	cubiculum	
9-14	1821-1826	intra	
9-15	1827-1836	cubiculum	
9-16	1837-1839	ut	
9-17	1840-1851	abscondaris	
9-18	1851-1852	.	
9-19	1853-1855	26	
9-20	1856-1858	Et	
9-21	1859-1862	ait	
9-22	1863-1866	rex	
9-23	1867-1873	Israël	
9-24	1874-1875	:	
9-25	1876-1883	Tollite	
9-26	1884-1891	Michæam	
9-27	1891-1892	,	
9-28	1893-1895	et	
9-29	1896-1902	maneat	
9-30	1903-1907	apud	
9-31	1908-1912	Amon	
9-32	1913-1922	principem	
9-33	1923-1932	civitatis	
9-34	1932-1933	,	
9-35	1934-1936	et	
9-36	1937-1941	apud	
9-37	1942-1946	Joas	
9-38	1947-1953	filium	
9-39	1954-1961	Amelech	
9-40	1961-1962	,	
9-41	1963-1965	27	
9-42	1966-1968	et	
9-43	1969-1975	dicite	
9-44	1976-1979	eis	
9-45	1980-1981	:	
9-46	1982-1985	Hæc	
9-47	1986-1991	dicit	
9-48	1992-1995	rex	
9-49	1996-1997	:	
9-50	1998-2005	Mittite	
9-51	2006-2011	virum	
9-52	2012-2017	istum	
9-53	2018-2020	in	
9-54	2021-2029	carcerem	
9-55	2029-2030	,	
9-56	2031-2033	et	
9-57	2034-2044	sustentate	
9-58	2045-2048	eum	
9-59	2049-2053	pane	
9-60	2054-2067	tribulationis	
9-61	2067-2068	,	
9-62	2069-2071	et	
9-63	2072-2076	aqua	
9-64	2077-2085	angustiæ	
9-65	2085-2086	,	
9-66	2087-2092	donec	
9-67	2093-2101	revertar	
9-68	2102-2104	in	
9-69	2105-2109	pace	
9-70	2109-2110	.	
9-71	2111-2113	28	
9-72	2114-2122	Dixitque	
9-73	2123-2130	Michæas	
9-74	2131-2132	:	
9-75	2133-2135	Si	
9-76	2136-2144	reversus	
9-77	2145-2151	fueris	
9-78	2152-2154	in	
9-79	2155-2159	pace	
9-80	2159-2160	,	
9-81	2161-2164	non	
9-82	2165-2168	est	
9-83	2169-2176	locutus	
9-84	2177-2179	in	
9-85	2180-2182	me	
9-86	2183-2190	Dominus	
9-87	2190-2191	.	

#Text=Et ait : Audite, populi omnes.
10-1	2192-2194	Et	
10-2	2195-2198	ait	
10-3	2199-2200	:	
10-4	2201-2207	Audite	
10-5	2207-2208	,	
10-6	2209-2215	populi	
10-7	2216-2221	omnes	
10-8	2221-2222	.	
