#FORMAT=WebAnno TSV 3.3
#T_SP=custom.Span|label
#T_RL=custom.Relation|label|BT_custom.Span


#Text=waͤchſt ſonderlich in ſandichtem Erdreich bey
#Text=Cranganoor und Catoer, gruͤnet immerdar/
#Text=
#Text=bluͤhet in dem Brach- und Hew-monat.
1-1	3-10	waͤchſt	_	_	_	
1-2	11-21	ſonderlich	_	_	_	
1-3	22-24	in	_	_	_	
1-4	25-35	ſandichtem	_	_	_	
1-5	36-44	Erdreich	_	_	_	
1-6	45-48	bey	_	_	_	
1-7	49-59	Cranganoor	_	_	_	
1-8	60-63	und	_	_	_	
1-9	64-70	Catoer	_	_	_	
1-10	70-71	,	_	_	_	
1-11	72-79	gruͤnet	_	_	_	
1-12	80-88	immerdar	_	_	_	
1-13	88-89	/	_	_	_	
1-14	91-98	bluͤhet	_	_	_	
1-15	99-101	in	_	_	_	
1-16	102-105	dem	_	_	_	
1-17	106-111	Brach	_	_	_	
1-18	111-112	-	_	_	_	
1-19	113-116	und	_	_	_	
1-20	117-126	Hew-monat	_	_	_	
1-21	126-127	.	_	_	_	

#Text=Jaſminum Indicum flore polypetalo, candido,
#Text=oris rufeſcentibus.
2-1	129-137	Jaſminum	_	_	_	
2-2	138-145	Indicum	_	_	_	
2-3	146-151	flore	_	_	_	
2-4	152-162	polypetalo	_	_	_	
2-5	162-163	,	_	_	_	
2-6	164-171	candido	_	_	_	
2-7	171-172	,	_	_	_	
2-8	173-177	oris	_	_	_	
2-9	178-191	rufeſcentibus	_	_	_	
2-10	191-192	.	_	_	_	

#Text=Catu Pitsjegam-Mulla,
#Text=Hort.
3-1	193-197	Catu	_	_	_	
3-2	198-213	Pitsjegam-Mulla	_	_	_	
3-3	213-214	,	_	_	_	
3-4	215-219	Hort	_	_	_	
3-5	219-220	.	_	_	_	

#Text=Malab.
4-1	221-226	Malab	_	_	_	
4-2	226-227	.	_	_	_	

#Text=X.
5-1	230-231	X	_	_	_	
5-2	231-232	.	_	_	_	

#Text=Jſt ein Jndianiſcher Jaſmin mit groſ-
#Text=ſer Frucht/
#Text=Jaſminum Indicum flore polype-
#Text=talo candidiſſimo, fructu majore.
6-1	233-236	Jſt	_	_	_	
6-2	237-240	ein	_	_	_	
6-3	241-253	Jndianiſcher	_	_	_	
6-4	254-260	Jaſmin	_	_	_	
6-5	261-264	mit	_	_	_	
6-6	265-269	groſ	_	_	_	
6-7	269-270	-	_	_	_	
6-8	271-274	ſer	_	_	_	
6-9	275-281	Frucht	_	_	_	
6-10	281-282	/	_	_	_	
6-11	283-291	Jaſminum	_	_	_	
6-12	292-299	Indicum	_	_	_	
6-13	300-305	flore	_	_	_	
6-14	306-312	polype	_	_	_	
6-15	312-313	-	_	_	_	
6-16	314-318	talo	_	_	_	
6-17	319-331	candidiſſimo	_	_	_	
6-18	331-332	,	_	_	_	
6-19	333-339	fructu	_	_	_	
6-20	340-346	majore	_	_	_	
6-21	346-347	.	_	_	_	

#Text=Katu-Tsje-
#Text=regam - Mulla, Hort.
7-1	348-357	Katu-Tsje	_	_	_	
7-2	357-358	-	_	_	_	
7-3	359-364	regam	_	_	_	
7-4	365-366	-	_	_	_	
7-5	367-372	Mulla	_	_	_	
7-6	372-373	,	_	_	_	
7-7	374-378	Hort	_	_	_	
7-8	378-379	.	_	_	_	

#Text=Mal.
8-1	380-383	Mal	_	_	_	
8-2	383-384	.	_	_	_	

#Text=Ein Baͤumlein
#Text=mit einem gruͤnen holtzichten ſtengel/ hat
#Text=weiſſe/ mit ſiben biß acht außgeſpitzten Blaͤtt-
#Text=lein begabte Bluͤmlein/ aber ohne geruch.
9-1	385-388	Ein	_	_	_	
9-2	389-398	Baͤumlein	_	_	_	
9-3	399-402	mit	_	_	_	
9-4	403-408	einem	_	_	_	
9-5	409-416	gruͤnen	_	_	_	
9-6	417-428	holtzichten	_	_	_	
9-7	429-436	ſtengel	_	_	_	
9-8	436-437	/	_	_	_	
9-9	438-441	hat	_	_	_	
9-10	442-448	weiſſe	_	_	_	
9-11	448-449	/	_	_	_	
9-12	450-453	mit	_	_	_	
9-13	454-459	ſiben	_	_	_	
9-14	460-463	biß	_	_	_	
9-15	464-468	acht	_	_	_	
9-16	469-482	außgeſpitzten	_	_	_	
9-17	483-489	Blaͤtt	_	_	_	
9-18	489-490	-	_	_	_	
9-19	491-495	lein	_	_	_	
9-20	496-503	begabte	_	_	_	
9-21	504-513	Bluͤmlein	Smell\_Source	_	_	
9-22	513-514	/	_	_	_	
9-23	515-519	aber	_	_	_	
9-24	520-524	ohne	Quality	_	_	
9-25	525-531	geruch	Smell\_Word	*|*	9-24|9-21	
9-26	531-532	.	_	_	_	

#Text=Sein Frucht iſt der Frucht deß obbeſchriebe-
#Text=nen Geſchlechts gleich/ aber etwas groͤſſer.
10-1	535-539	Sein	_	_	_	
10-2	540-546	Frucht	_	_	_	
10-3	547-550	iſt	_	_	_	
10-4	551-554	der	_	_	_	
10-5	555-561	Frucht	_	_	_	
10-6	562-565	deß	_	_	_	
10-7	566-578	obbeſchriebe	_	_	_	
10-8	578-579	-	_	_	_	
10-9	580-583	nen	_	_	_	
10-10	584-595	Geſchlechts	_	_	_	
10-11	596-602	gleich	_	_	_	
10-12	602-603	/	_	_	_	
10-13	604-608	aber	_	_	_	
10-14	609-614	etwas	_	_	_	
10-15	615-623	groͤſſer	_	_	_	
10-16	623-624	.	_	_	_	

#Text=Waͤchſt gern in rauchem/ felſichten Erd-
#Text=reich in Cranganoor und Coilan, bluͤhet im-
#Text=mer.
11-1	626-633	Waͤchſt	_	_	_	
11-2	634-638	gern	_	_	_	
11-3	639-641	in	_	_	_	
11-4	642-649	rauchem	_	_	_	
11-5	649-650	/	_	_	_	
11-6	651-661	felſichten	_	_	_	
11-7	662-665	Erd	_	_	_	
11-8	665-666	-	_	_	_	
11-9	667-672	reich	_	_	_	
11-10	673-675	in	_	_	_	
11-11	676-686	Cranganoor	_	_	_	
11-12	687-690	und	_	_	_	
11-13	691-697	Coilan	_	_	_	
11-14	697-698	,	_	_	_	
11-15	699-706	bluͤhet	_	_	_	
11-16	707-709	im	_	_	_	
11-17	709-710	-	_	_	_	
11-18	711-714	mer	_	_	_	
11-19	714-715	.	_	_	_	

#Text=XI.
12-1	718-720	XI	_	_	_	
12-2	720-721	.	_	_	_	

#Text=Jſt ein Jndianiſcher Jaſmin mit
#Text=ſchnee-weiſſer Bluͤhte/
#Text=Jaſminum Indicum
#Text=flore pentapetalo candidiſſimo, fructu Tsjere-
#Text=gam-Mulla.
13-1	722-725	Jſt	_	_	_	
13-2	726-729	ein	_	_	_	
13-3	730-742	Jndianiſcher	_	_	_	
13-4	743-749	Jaſmin	_	_	_	
13-5	750-753	mit	_	_	_	
13-6	754-768	ſchnee-weiſſer	_	_	_	
13-7	769-776	Bluͤhte	_	_	_	
13-8	776-777	/	_	_	_	
13-9	778-786	Jaſminum	_	_	_	
13-10	787-794	Indicum	_	_	_	
13-11	795-800	flore	_	_	_	
13-12	801-812	pentapetalo	_	_	_	
13-13	813-825	candidiſſimo	_	_	_	
13-14	825-826	,	_	_	_	
13-15	827-833	fructu	_	_	_	
13-16	834-840	Tsjere	_	_	_	
13-17	840-841	-	_	_	_	
13-18	842-851	gam-Mulla	_	_	_	
13-19	851-852	.	_	_	_	

#Text=Katu-Mulla, Hort.
14-1	853-863	Katu-Mulla	_	_	_	
14-2	863-864	,	_	_	_	
14-3	865-869	Hort	_	_	_	
14-4	869-870	.	_	_	_	

#Text=Mal.
15-1	871-874	Mal	_	_	_	
15-2	874-875	.	_	_	_	

#Text=Ein
#Text=Staud/ ſo Manns-hoͤhe waͤchſt/ mit einer
#Text=haarigen rothen Wurtzel/ harten Aeſten/
16-1	876-879	Ein	_	_	_	
16-2	880-885	Staud	_	_	_	
16-3	885-886	/	_	_	_	
16-4	887-889	ſo	_	_	_	
16-5	890-901	Manns-hoͤhe	_	_	_	
16-6	902-909	waͤchſt	_	_	_	
16-7	909-910	/	_	_	_	
16-8	911-914	mit	_	_	_	
16-9	915-920	einer	_	_	_	
16-10	921-929	haarigen	_	_	_	
16-11	930-936	rothen	_	_	_	
16-12	937-944	Wurtzel	_	_	_	
16-13	944-945	/	_	_	_	
16-14	946-952	harten	_	_	_	
16-15	953-959	Aeſten	_	_	_	
16-16	959-960	/	_	_	_	
