#FORMAT=WebAnno TSV 3.3


#Text=odoratissimam , aut certè Múzeafoss odoratiorem balsamo, ne.
#Text=vnde dicta
#Text=
#Text=cesse putant, Sed pupeaf wan' püqor potius , quàm muggae nomen videtur impofuifle.
1-1	2-15	odoratissimam	
1-2	16-17	,	
1-3	18-21	aut	
1-4	22-27	certè	
1-5	28-37	Múzeafoss	
1-6	38-49	odoratiorem	
1-7	50-57	balsamo	
1-8	57-58	,	
1-9	59-61	ne	
1-10	61-62	.	
1-11	63-67	vnde	
1-12	68-73	dicta	
1-13	75-80	cesse	
1-14	81-87	putant	
1-15	87-88	,	
1-16	89-92	Sed	
1-17	93-99	pupeaf	
1-18	100-103	wan	
1-19	103-104	'	
1-20	105-110	püqor	
1-21	111-117	potius	
1-22	118-119	,	
1-23	120-124	quàm	
1-24	125-131	muggae	
1-25	132-137	nomen	
1-26	138-145	videtur	
1-27	146-156	impofuifle	
1-28	156-157	.	

#Text=Múpov autem ita dictum,tradit Chryfippus apud Athenaeum, Quia gera wordã nó fey tej córe patrus gluetoy, mub, to, labore & inani Audio paretur.
2-1	158-163	Múpov	
2-2	164-169	autem	
2-3	170-173	ita	
2-4	174-180	dictum	
2-5	180-181	,	
2-6	181-187	tradit	
2-7	188-198	Chryfippus	
2-8	199-203	apud	
2-9	204-213	Athenaeum	
2-10	213-214	,	
2-11	215-219	Quia	
2-12	220-224	gera	
2-13	225-230	wordã	
2-14	231-233	nó	
2-15	234-237	fey	
2-16	238-241	tej	
2-17	242-246	córe	
2-18	247-253	patrus	
2-19	254-261	gluetoy	
2-20	261-262	,	
2-21	263-266	mub	
2-22	266-267	,	
2-23	268-270	to	
2-24	270-271	,	
2-25	272-278	labore	
2-26	279-280	&	
2-27	281-286	inani	
2-28	287-292	Audio	
2-29	293-300	paretur	
2-30	300-301	.	

#Text=Quòd fi Chryfippum ve bo Chryfippus num Stoicum ,ita malum reprehea.
3-1	302-306	Quòd	
3-2	307-309	fi	
3-3	310-320	Chryfippum	
3-4	321-323	ve	
3-5	324-326	bo	
3-6	327-337	Chryfippus	
3-7	338-341	num	
3-8	342-349	Stoicum	
3-9	350-351	,	
3-10	351-354	ita	
3-11	355-360	malum	
3-12	361-369	reprehea	
3-13	369-370	.	

#Text=Grammaticum cum Casau
#Text=
#Text=bono esse velis, ac púpoy etiá a múeea deriuari contendas, peruicaciùs non recuso.nes go tamen ; myrrham próprereà iucundiùs olere quo uis ballamo.
4-1	371-382	Grammaticum	
4-2	383-386	cum	
4-3	387-392	Casau	
4-4	394-398	bono	
4-5	399-403	esse	
4-6	404-409	velis	
4-7	409-410	,	
4-8	411-413	ac	
4-9	414-419	púpoy	
4-10	420-424	etiá	
4-11	425-426	a	
4-12	427-432	múeea	
4-13	433-441	deriuari	
4-14	442-451	contendas	
4-15	451-452	,	
4-16	453-464	peruicaciùs	
4-17	465-468	non	
4-18	469-479	recuso.nes	
4-19	480-482	go	
4-20	483-488	tamen	
4-21	489-490	;	
4-22	491-498	myrrham	
4-23	499-508	próprereà	
4-24	509-518	iucundiùs	
4-25	519-524	olere	
4-26	525-528	quo	
4-27	529-532	uis	
4-28	533-540	ballamo	
4-29	540-541	.	

#Text=Neque enim
#Text=
#Text=
#Text=
#Text=My
#Text=
#Text=
#Text=
#Text=
#Text=
#Text=cur à
#Text=
#Text=
#Text=
#Text=Mugenfisca' ideo a myrrha de- mugenfeest ducitur , quod prae ceteris
#Text=
#Text=σμύρνής και haec fuauiter oleat , fed Quia mutta runguenta conficiuntur ex myrrha, vt eft apud Athen naeum lib. xv.
5-1	542-547	Neque	
5-2	548-552	enim	
5-3	556-558	My	
5-4	564-567	cur	
5-5	568-569	à	
5-6	573-583	Mugenfisca	
5-7	583-584	'	
5-8	585-589	ideo	
5-9	590-591	a	
5-10	592-598	myrrha	
5-11	599-601	de	
5-12	601-602	-	
5-13	603-613	mugenfeest	
5-14	614-621	ducitur	
5-15	622-623	,	
5-16	624-628	quod	
5-17	629-633	prae	
5-18	634-641	ceteris	
5-19	643-650	σμύρνής	
5-20	651-654	και	
5-21	655-659	haec	
5-22	660-668	fuauiter	
5-23	669-674	oleat	
5-24	675-676	,	
5-25	677-680	fed	
5-26	681-685	Quia	
5-27	686-691	mutta	
5-28	692-701	runguenta	
5-29	702-714	conficiuntur	
5-30	715-717	ex	
5-31	718-724	myrrha	
5-32	724-725	,	
5-33	726-728	vt	
5-34	729-732	eft	
5-35	733-737	apud	
5-36	738-743	Athen	
5-37	744-749	naeum	
5-38	750-753	lib	
5-39	753-754	.	
5-40	755-757	xv	
5-41	757-758	.	

#Text=Quod fanè magis copiam aptamques materiā, quàmodoris
#Text=
#Text=praea tantiani attetatur.
6-1	759-763	Quod	
6-2	764-768	fanè	
6-3	769-774	magis	
6-4	775-781	copiam	
6-5	782-791	aptamques	
6-6	792-799	materiā	
6-7	799-800	,	
6-8	801-811	quàmodoris	
6-9	813-818	praea	
6-10	819-827	tantiani	
6-11	828-837	attetatur	
6-12	837-838	.	

#Text=Sic Báu Clans vn
#Text=
#Text=guentaria davos pugent exist Glans unguentaria dicta est , non quia odoris fuauitate praestet ( nihil enim oletignaviùs ) sed quia materia est nata, apta , factá ad pleraque vnguenta condienda.
7-1	839-842	Sic	
7-2	843-846	Báu	
7-3	847-852	Clans	
7-4	853-855	vn	
7-5	857-866	guentaria	
7-6	867-872	davos	
7-7	873-879	pugent	
7-8	880-885	exist	
7-9	886-891	Glans	
7-10	892-903	unguentaria	
7-11	904-909	dicta	
7-12	910-913	est	
7-13	914-915	,	
7-14	916-919	non	
7-15	920-924	quia	
7-16	925-931	odoris	
7-17	932-941	fuauitate	
7-18	942-950	praestet	
7-19	951-952	(	
7-20	953-958	nihil	
7-21	959-963	enim	
7-22	964-976	oletignaviùs	
7-23	977-978	)	
7-24	979-982	sed	
7-25	983-987	quia	
7-26	988-995	materia	
7-27	996-999	est	
7-28	1000-1004	nata	
7-29	1004-1005	,	
7-30	1006-1010	apta	
7-31	1011-1012	,	
7-32	1013-1018	factá	
7-33	1019-1021	ad	
7-34	1022-1030	pleraque	
7-35	1031-1039	vnguenta	
7-36	1040-1049	condienda	
7-37	1049-1050	.	

#Text=Quarè myrrha ficuti no propter odoris praem ftantiam nomen pofuit vnguentariae; ica non propter
#Text=
#Text=
#Text=
#Text=
#Text=
#Text=DA
#Text=
#Text=
#Text=
#Text=
#Text=
#Text=myrrha .
#Text=uius.
8-1	1051-1056	Quarè	
8-2	1057-1063	myrrha	
8-3	1064-1070	ficuti	
8-4	1071-1073	no	
8-5	1074-1081	propter	
8-6	1082-1088	odoris	
8-7	1089-1094	praem	
8-8	1095-1103	ftantiam	
8-9	1104-1109	nomen	
8-10	1110-1116	pofuit	
8-11	1117-1129	vnguentariae	
8-12	1129-1130	;	
8-13	1131-1134	ica	
8-14	1135-1138	non	
8-15	1139-1146	propter	
8-16	1152-1154	DA	
8-17	1160-1166	myrrha	
8-18	1167-1168	.	
8-19	1169-1173	uius	
8-20	1173-1174	.	

#Text=Balsamum nomen positum balfamo
#Text=
#Text=suauiùs olere cenfenda eft: Reuerà autem Balsamuni odoris fuauitate myrrham antecellere,ex eo palám eft, quod ipsam Stacten , quae puriffimus , ac pinguiffiinus est myrrhae flos, longè praestet, vt mox proba
#Text=
#Text=
#Text=
#Text=bo
#Text=
#Text=
#Text=
#Text=De Stacte.
9-1	1175-1183	Balsamum	
9-2	1184-1189	nomen	
9-3	1190-1197	positum	
9-4	1198-1205	balfamo	
9-5	1207-1214	suauiùs	
9-6	1215-1220	olere	
9-7	1221-1229	cenfenda	
9-8	1230-1233	eft	
9-9	1233-1234	:	
9-10	1235-1241	Reuerà	
9-11	1242-1247	autem	
9-12	1248-1257	Balsamuni	
9-13	1258-1264	odoris	
9-14	1265-1274	fuauitate	
9-15	1275-1282	myrrham	
9-16	1283-1294	antecellere	
9-17	1294-1295	,	
9-18	1295-1297	ex	
9-19	1298-1300	eo	
9-20	1301-1306	palám	
9-21	1307-1310	eft	
9-22	1310-1311	,	
9-23	1312-1316	quod	
9-24	1317-1322	ipsam	
9-25	1323-1330	Stacten	
9-26	1331-1332	,	
9-27	1333-1337	quae	
9-28	1338-1348	puriffimus	
9-29	1349-1350	,	
9-30	1351-1353	ac	
9-31	1354-1367	pinguiffiinus	
9-32	1368-1371	est	
9-33	1372-1379	myrrhae	
9-34	1380-1384	flos	
9-35	1384-1385	,	
9-36	1386-1391	longè	
9-37	1392-1400	praestet	
9-38	1400-1401	,	
9-39	1402-1404	vt	
9-40	1405-1408	mox	
9-41	1409-1414	proba	
9-42	1418-1420	bo	
9-43	1424-1426	De	
9-44	1427-1433	Stacte	
9-45	1433-1434	.	

#Text=De ftacte igitur differen
#Text=
#Text=dum: differendum autem paullò accuratiùs, tum quia pauci, ijque exiliter de cas scripserunt; tum quia apud eos ; a quibus fcriptum eft, fummis , difficillimisques nodis impedita -videtur.
10-1	1435-1437	De	
10-2	1438-1444	ftacte	
10-3	1445-1451	igitur	
10-4	1452-1460	differen	
10-5	1462-1465	dum	
10-6	1465-1466	:	
10-7	1467-1478	differendum	
10-8	1479-1484	autem	
10-9	1485-1491	paullò	
10-10	1492-1502	accuratiùs	
10-11	1502-1503	,	
10-12	1504-1507	tum	
10-13	1508-1512	quia	
10-14	1513-1518	pauci	
10-15	1518-1519	,	
10-16	1520-1525	ijque	
10-17	1526-1534	exiliter	
10-18	1535-1537	de	
10-19	1538-1541	cas	
10-20	1542-1553	scripserunt	
10-21	1553-1554	;	
10-22	1555-1558	tum	
10-23	1559-1563	quia	
10-24	1564-1568	apud	
10-25	1569-1572	eos	
10-26	1573-1574	;	
10-27	1575-1576	a	
10-28	1577-1583	quibus	
10-29	1584-1592	fcriptum	
10-30	1593-1596	eft	
10-31	1596-1597	,	
10-32	1598-1604	fummis	
10-33	1605-1606	,	
10-34	1607-1624	difficillimisques	
10-35	1625-1630	nodis	
10-36	1631-1639	impedita	
10-37	1640-1641	-	
10-38	1641-1648	videtur	
10-39	1648-1649	.	

#Text=Haec igitur de Stacte exa
#Text=
#Text=
#Text=
#Text=
#Text=
#Text=.
#Text=minare confiliüni eft: pri
#Text=
#Text=mum, An ex myrrha lacrymas
#Text=
#Text=fias,an potius ex arbore sporite fluan
#Text=
#Text=alterum; Nam etiam ex cinnt.
#Text=momo Stillare poffit: tertiumy
#Text=
#Text=An bene olčal: poftremum An
#Text=
#Text=meliùs balsamo : "Ordine, bre.
#Text=uique fingula percurramius.
11-1	1650-1654	Haec	
11-2	1655-1661	igitur	
11-3	1662-1664	de	
11-4	1665-1671	Stacte	
11-5	1672-1675	exa	
11-6	1681-1682	.	
11-7	1683-1689	minare	
11-8	1690-1700	confiliüni	
11-9	1701-1704	eft	
11-10	1704-1705	:	
11-11	1706-1709	pri	
11-12	1711-1714	mum	
11-13	1714-1715	,	
11-14	1716-1718	An	
11-15	1719-1721	ex	
11-16	1722-1728	myrrha	
11-17	1729-1737	lacrymas	
11-18	1739-1743	fias	
11-19	1743-1744	,	
11-20	1744-1746	an	
11-21	1747-1753	potius	
11-22	1754-1756	ex	
11-23	1757-1763	arbore	
11-24	1764-1771	sporite	
11-25	1772-1777	fluan	
11-26	1779-1786	alterum	
11-27	1786-1787	;	
11-28	1788-1791	Nam	
11-29	1792-1797	etiam	
11-30	1798-1800	ex	
11-31	1801-1806	cinnt	
11-32	1806-1807	.	
11-33	1808-1812	momo	
11-34	1813-1821	Stillare	
11-35	1822-1828	poffit	
11-36	1828-1829	:	
11-37	1830-1838	tertiumy	
11-38	1840-1842	An	
11-39	1843-1847	bene	
11-40	1848-1853	olčal	
11-41	1853-1854	:	
11-42	1855-1864	poftremum	
11-43	1865-1867	An	
11-44	1869-1875	meliùs	
11-45	1876-1883	balsamo	
11-46	1884-1885	:	
11-47	1886-1887	"	
11-48	1887-1893	Ordine	
11-49	1893-1894	,	
11-50	1895-1898	bre	
11-51	1898-1899	.	
11-52	1900-1905	uique	
11-53	1906-1913	fingula	
11-54	1914-1926	percurramius	
11-55	1926-1927	.	

#Text=Plinius lib. xii.
#Text=cap.
#Text=xv.
12-1	1928-1935	Plinius	
12-2	1936-1939	lib	
12-3	1939-1940	.	
12-4	1941-1944	xii	
12-5	1944-1945	.	
12-6	1946-1949	cap	
12-7	1949-1950	.	
12-8	1951-1953	xv	
12-9	1953-1954	.	

#Text=Stacte vnde
#Text=
#Text=stacten 'ex arbore spontè na
#Text=
#Text=sci,apertè scriptum reliquit:
#Text=
#Text=Sudant autem sponte (arbores ]
#Text=
#Text=prius, quàm incidantur, faltend.
13-1	1955-1961	Stacte	
13-2	1962-1966	vnde	
13-3	1968-1975	stacten	
13-4	1976-1977	'	
13-5	1977-1979	ex	
13-6	1980-1986	arbore	
13-7	1987-1993	spontè	
13-8	1994-1996	na	
13-9	1998-2001	sci	
13-10	2001-2002	,	
13-11	2002-2008	apertè	
13-12	2009-2017	scriptum	
13-13	2018-2026	reliquit	
13-14	2026-2027	:	
13-15	2029-2035	Sudant	
13-16	2036-2041	autem	
13-17	2042-2048	sponte	
13-18	2049-2050	(	
13-19	2050-2057	arbores	
13-20	2058-2059	]	
13-21	2061-2066	prius	
13-22	2066-2067	,	
13-23	2068-2072	quàm	
13-24	2073-2083	incidantur	
13-25	2083-2084	,	
13-26	2085-2092	faltend	
13-27	2092-2093	.	
