#FORMAT=WebAnno TSV 3.3


#Text=35 Nam de Joppe et Gazara quæ expostulas, ipsi faciebant in populo plagam magnam, et in regione nostra : horum damus talenta centum.
1-1	2-4	35	
1-2	5-8	Nam	
1-3	9-11	de	
1-4	12-17	Joppe	
1-5	18-20	et	
1-6	21-27	Gazara	
1-7	28-31	quæ	
1-8	32-42	expostulas	
1-9	42-43	,	
1-10	44-48	ipsi	
1-11	49-58	faciebant	
1-12	59-61	in	
1-13	62-68	populo	
1-14	69-75	plagam	
1-15	76-82	magnam	
1-16	82-83	,	
1-17	84-86	et	
1-18	87-89	in	
1-19	90-97	regione	
1-20	98-104	nostra	
1-21	105-106	:	
1-22	107-112	horum	
1-23	113-118	damus	
1-24	119-126	talenta	
1-25	127-133	centum	
1-26	133-134	.	

#Text=Et non respondit ei Athenobius verbum.
#Text=36 Reversus autem cum ira ad regem, renuntiavit ei verba ista, et gloriam Simonis, et universa quæ vidit, et iratus est rex ira magna.
#Text=37 Tryphon autem fugit navi in Orthosiada.
#Text=38 Et constituit rex Cendebæum ducem maritimum, et exercitum peditum et equitum dedit illi.
#Text=39 Et mandavit illi movere castra contra faciem Judææ : et mandavit ei ædificare Gedorem, et obstruere portas civitatis, et debellare populum.
2-1	135-137	Et	
2-2	138-141	non	
2-3	142-151	respondit	
2-4	152-154	ei	
2-5	155-165	Athenobius	
2-6	166-172	verbum	
2-7	172-173	.	
2-8	174-176	36	
2-9	177-185	Reversus	
2-10	186-191	autem	
2-11	192-195	cum	
2-12	196-199	ira	
2-13	200-202	ad	
2-14	203-208	regem	
2-15	208-209	,	
2-16	210-221	renuntiavit	
2-17	222-224	ei	
2-18	225-230	verba	
2-19	231-235	ista	
2-20	235-236	,	
2-21	237-239	et	
2-22	240-247	gloriam	
2-23	248-255	Simonis	
2-24	255-256	,	
2-25	257-259	et	
2-26	260-268	universa	
2-27	269-272	quæ	
2-28	273-278	vidit	
2-29	278-279	,	
2-30	280-282	et	
2-31	283-289	iratus	
2-32	290-293	est	
2-33	294-297	rex	
2-34	298-301	ira	
2-35	302-307	magna	
2-36	307-308	.	
2-37	309-311	37	
2-38	312-319	Tryphon	
2-39	320-325	autem	
2-40	326-331	fugit	
2-41	332-336	navi	
2-42	337-339	in	
2-43	340-350	Orthosiada	
2-44	350-351	.	
2-45	352-354	38	
2-46	355-357	Et	
2-47	358-368	constituit	
2-48	369-372	rex	
2-49	373-382	Cendebæum	
2-50	383-388	ducem	
2-51	389-398	maritimum	
2-52	398-399	,	
2-53	400-402	et	
2-54	403-412	exercitum	
2-55	413-420	peditum	
2-56	421-423	et	
2-57	424-431	equitum	
2-58	432-437	dedit	
2-59	438-442	illi	
2-60	442-443	.	
2-61	444-446	39	
2-62	447-449	Et	
2-63	450-458	mandavit	
2-64	459-463	illi	
2-65	464-470	movere	
2-66	471-477	castra	
2-67	478-484	contra	
2-68	485-491	faciem	
2-69	492-497	Judææ	
2-70	498-499	:	
2-71	500-502	et	
2-72	503-511	mandavit	
2-73	512-514	ei	
2-74	515-524	ædificare	
2-75	525-532	Gedorem	
2-76	532-533	,	
2-77	534-536	et	
2-78	537-546	obstruere	
2-79	547-553	portas	
2-80	554-563	civitatis	
2-81	563-564	,	
2-82	565-567	et	
2-83	568-577	debellare	
2-84	578-585	populum	
2-85	585-586	.	

#Text=Rex autem persequebatur Typhonem.
#Text=40 Et pervenit Cendebæus Jamniam, et cœpit irritare plebem, et conculcare Judæam, et captivare populum, et interficere, et ædificare Gedorem.
#Text=41 Et collocavit illic equites et exercitum, ut egressi perambularent viam Judææ, sicut constituit ei rex.
3-1	587-590	Rex	
3-2	591-596	autem	
3-3	597-610	persequebatur	
3-4	611-619	Typhonem	
3-5	619-620	.	
3-6	621-623	40	
3-7	624-626	Et	
3-8	627-635	pervenit	
3-9	636-645	Cendebæus	
3-10	646-653	Jamniam	
3-11	653-654	,	
3-12	655-657	et	
3-13	658-663	cœpit	
3-14	664-672	irritare	
3-15	673-679	plebem	
3-16	679-680	,	
3-17	681-683	et	
3-18	684-694	conculcare	
3-19	695-701	Judæam	
3-20	701-702	,	
3-21	703-705	et	
3-22	706-715	captivare	
3-23	716-723	populum	
3-24	723-724	,	
3-25	725-727	et	
3-26	728-739	interficere	
3-27	739-740	,	
3-28	741-743	et	
3-29	744-753	ædificare	
3-30	754-761	Gedorem	
3-31	761-762	.	
3-32	763-765	41	
3-33	766-768	Et	
3-34	769-779	collocavit	
3-35	780-785	illic	
3-36	786-793	equites	
3-37	794-796	et	
3-38	797-806	exercitum	
3-39	806-807	,	
3-40	808-810	ut	
3-41	811-818	egressi	
3-42	819-832	perambularent	
3-43	833-837	viam	
3-44	838-843	Judææ	
3-45	843-844	,	
3-46	845-850	sicut	
3-47	851-861	constituit	
3-48	862-864	ei	
3-49	865-868	rex	
3-50	868-869	.	

#Text=Caput 16
#Text=
#Text=
#Text=1 Et ascendit Joannes de Gazaris, et nuntiavit Simoni patri suo quæ fecit Cendebæus in populo ipsorum.
#Text=2 Et vocavit Simon duos filios seniores, Judam et Joannem, et ait illis : Ego, et fratres mei, et domus patris mei expugnavimus hostes Israël ab adolescentia usque in hunc diem : et prosperatum est in manibus nostris liberare Israël aliquoties.
#Text=3 Nunc autem senui : sed estote loco meo, et fratres mei, et egressi pugnate pro gente nostra : auxilium vero de cælo vobiscum sit.
#Text=4 Et elegit de regione viginti millia virorum belligeratorum, et equites : et profecti sunt ad Cendebæum, et dormierunt in Modin.
#Text=5 Et surrexerunt mane, et abierunt in campum : et ecce exercitus copiosus in obviam illis peditum et equitum : et fluvius torrens erat inter medium ipsorum.
#Text=6 Et admovit castra contra faciem eorum ipse et populus ejus, et vidit populum trepidantem ad transfretandum torrentem : et transfretavit primus, et viderunt eum viri, et transierunt post eum.
#Text=7 Et divisit populum et equites in medio peditum : erat autem equitatus adversariorum copiosus nimis.
#Text=8 Et exclamaverunt sacris tubis, et in fugam conversus est Cendebæus et castra ejus : et ceciderunt ex eis multi vulnerati : residui autem in munitionem fugerunt.
#Text=9 Tunc vulneratus est Judas frater Joannis : Joannes autem insecutus est eos, donec venit Cedronem, quam ædificavit : 10 et fugerunt usque ad turres, quæ erant in agris Azoti, et succendit eas igni.
4-1	870-875	Caput	
4-2	876-878	16	
4-3	881-882	1	
4-4	883-885	Et	
4-5	886-894	ascendit	
4-6	895-902	Joannes	
4-7	903-905	de	
4-8	906-913	Gazaris	
4-9	913-914	,	
4-10	915-917	et	
4-11	918-927	nuntiavit	
4-12	928-934	Simoni	
4-13	935-940	patri	
4-14	941-944	suo	
4-15	945-948	quæ	
4-16	949-954	fecit	
4-17	955-964	Cendebæus	
4-18	965-967	in	
4-19	968-974	populo	
4-20	975-982	ipsorum	
4-21	982-983	.	
4-22	984-985	2	
4-23	986-988	Et	
4-24	989-996	vocavit	
4-25	997-1002	Simon	
4-26	1003-1007	duos	
4-27	1008-1014	filios	
4-28	1015-1023	seniores	
4-29	1023-1024	,	
4-30	1025-1030	Judam	
4-31	1031-1033	et	
4-32	1034-1041	Joannem	
4-33	1041-1042	,	
4-34	1043-1045	et	
4-35	1046-1049	ait	
4-36	1050-1055	illis	
4-37	1056-1057	:	
4-38	1058-1061	Ego	
4-39	1061-1062	,	
4-40	1063-1065	et	
4-41	1066-1073	fratres	
4-42	1074-1077	mei	
4-43	1077-1078	,	
4-44	1079-1081	et	
4-45	1082-1087	domus	
4-46	1088-1094	patris	
4-47	1095-1098	mei	
4-48	1099-1111	expugnavimus	
4-49	1112-1118	hostes	
4-50	1119-1125	Israël	
4-51	1126-1128	ab	
4-52	1129-1141	adolescentia	
4-53	1142-1147	usque	
4-54	1148-1150	in	
4-55	1151-1155	hunc	
4-56	1156-1160	diem	
4-57	1161-1162	:	
4-58	1163-1165	et	
4-59	1166-1177	prosperatum	
4-60	1178-1181	est	
4-61	1182-1184	in	
4-62	1185-1192	manibus	
4-63	1193-1200	nostris	
4-64	1201-1209	liberare	
4-65	1210-1216	Israël	
4-66	1217-1227	aliquoties	
4-67	1227-1228	.	
4-68	1229-1230	3	
4-69	1231-1235	Nunc	
4-70	1236-1241	autem	
4-71	1242-1247	senui	
4-72	1248-1249	:	
4-73	1250-1253	sed	
4-74	1254-1260	estote	
4-75	1261-1265	loco	
4-76	1266-1269	meo	
4-77	1269-1270	,	
4-78	1271-1273	et	
4-79	1274-1281	fratres	
4-80	1282-1285	mei	
4-81	1285-1286	,	
4-82	1287-1289	et	
4-83	1290-1297	egressi	
4-84	1298-1305	pugnate	
4-85	1306-1309	pro	
4-86	1310-1315	gente	
4-87	1316-1322	nostra	
4-88	1323-1324	:	
4-89	1325-1333	auxilium	
4-90	1334-1338	vero	
4-91	1339-1341	de	
4-92	1342-1346	cælo	
4-93	1347-1355	vobiscum	
4-94	1356-1359	sit	
4-95	1359-1360	.	
4-96	1361-1362	4	
4-97	1363-1365	Et	
4-98	1366-1372	elegit	
4-99	1373-1375	de	
4-100	1376-1383	regione	
4-101	1384-1391	viginti	
4-102	1392-1398	millia	
4-103	1399-1406	virorum	
4-104	1407-1421	belligeratorum	
4-105	1421-1422	,	
4-106	1423-1425	et	
4-107	1426-1433	equites	
4-108	1434-1435	:	
4-109	1436-1438	et	
4-110	1439-1447	profecti	
4-111	1448-1452	sunt	
4-112	1453-1455	ad	
4-113	1456-1465	Cendebæum	
4-114	1465-1466	,	
4-115	1467-1469	et	
4-116	1470-1480	dormierunt	
4-117	1481-1483	in	
4-118	1484-1489	Modin	
4-119	1489-1490	.	
4-120	1491-1492	5	
4-121	1493-1495	Et	
4-122	1496-1507	surrexerunt	
4-123	1508-1512	mane	
4-124	1512-1513	,	
4-125	1514-1516	et	
4-126	1517-1525	abierunt	
4-127	1526-1528	in	
4-128	1529-1535	campum	
4-129	1536-1537	:	
4-130	1538-1540	et	
4-131	1541-1545	ecce	
4-132	1546-1555	exercitus	
4-133	1556-1564	copiosus	
4-134	1565-1567	in	
4-135	1568-1574	obviam	
4-136	1575-1580	illis	
4-137	1581-1588	peditum	
4-138	1589-1591	et	
4-139	1592-1599	equitum	
4-140	1600-1601	:	
4-141	1602-1604	et	
4-142	1605-1612	fluvius	
4-143	1613-1620	torrens	
4-144	1621-1625	erat	
4-145	1626-1631	inter	
4-146	1632-1638	medium	
4-147	1639-1646	ipsorum	
4-148	1646-1647	.	
4-149	1648-1649	6	
4-150	1650-1652	Et	
4-151	1653-1660	admovit	
4-152	1661-1667	castra	
4-153	1668-1674	contra	
4-154	1675-1681	faciem	
4-155	1682-1687	eorum	
4-156	1688-1692	ipse	
4-157	1693-1695	et	
4-158	1696-1703	populus	
4-159	1704-1708	ejus	
4-160	1708-1709	,	
4-161	1710-1712	et	
4-162	1713-1718	vidit	
4-163	1719-1726	populum	
4-164	1727-1738	trepidantem	
4-165	1739-1741	ad	
4-166	1742-1756	transfretandum	
4-167	1757-1766	torrentem	
4-168	1767-1768	:	
4-169	1769-1771	et	
4-170	1772-1785	transfretavit	
4-171	1786-1792	primus	
4-172	1792-1793	,	
4-173	1794-1796	et	
4-174	1797-1805	viderunt	
4-175	1806-1809	eum	
4-176	1810-1814	viri	
4-177	1814-1815	,	
4-178	1816-1818	et	
4-179	1819-1830	transierunt	
4-180	1831-1835	post	
4-181	1836-1839	eum	
4-182	1839-1840	.	
4-183	1841-1842	7	
4-184	1843-1845	Et	
4-185	1846-1853	divisit	
4-186	1854-1861	populum	
4-187	1862-1864	et	
4-188	1865-1872	equites	
4-189	1873-1875	in	
4-190	1876-1881	medio	
4-191	1882-1889	peditum	
4-192	1890-1891	:	
4-193	1892-1896	erat	
4-194	1897-1902	autem	
4-195	1903-1912	equitatus	
4-196	1913-1926	adversariorum	
4-197	1927-1935	copiosus	
4-198	1936-1941	nimis	
4-199	1941-1942	.	
4-200	1943-1944	8	
4-201	1945-1947	Et	
4-202	1948-1961	exclamaverunt	
4-203	1962-1968	sacris	
4-204	1969-1974	tubis	
4-205	1974-1975	,	
4-206	1976-1978	et	
4-207	1979-1981	in	
4-208	1982-1987	fugam	
4-209	1988-1997	conversus	
4-210	1998-2001	est	
4-211	2002-2011	Cendebæus	
4-212	2012-2014	et	
4-213	2015-2021	castra	
4-214	2022-2026	ejus	
4-215	2027-2028	:	
4-216	2029-2031	et	
4-217	2032-2042	ceciderunt	
4-218	2043-2045	ex	
4-219	2046-2049	eis	
4-220	2050-2055	multi	
4-221	2056-2065	vulnerati	
4-222	2066-2067	:	
4-223	2068-2075	residui	
4-224	2076-2081	autem	
4-225	2082-2084	in	
4-226	2085-2095	munitionem	
4-227	2096-2104	fugerunt	
4-228	2104-2105	.	
4-229	2106-2107	9	
4-230	2108-2112	Tunc	
4-231	2113-2123	vulneratus	
4-232	2124-2127	est	
4-233	2128-2133	Judas	
4-234	2134-2140	frater	
4-235	2141-2148	Joannis	
4-236	2149-2150	:	
4-237	2151-2158	Joannes	
4-238	2159-2164	autem	
4-239	2165-2174	insecutus	
4-240	2175-2178	est	
4-241	2179-2182	eos	
4-242	2182-2183	,	
4-243	2184-2189	donec	
4-244	2190-2195	venit	
4-245	2196-2204	Cedronem	
4-246	2204-2205	,	
4-247	2206-2210	quam	
4-248	2211-2221	ædificavit	
4-249	2222-2223	:	
4-250	2224-2226	10	
4-251	2227-2229	et	
4-252	2230-2238	fugerunt	
4-253	2239-2244	usque	
4-254	2245-2247	ad	
4-255	2248-2254	turres	
4-256	2254-2255	,	
4-257	2256-2259	quæ	
4-258	2260-2265	erant	
4-259	2266-2268	in	
4-260	2269-2274	agris	
4-261	2275-2280	Azoti	
4-262	2280-2281	,	
4-263	2282-2284	et	
4-264	2285-2294	succendit	
4-265	2295-2298	eas	
4-266	2299-2303	igni	
4-267	2303-2304	.	

#Text=Et ceciderunt ex illis duo millia virorum, et reversus est in Judæam in pace.
#Text=11 Et Ptolemæus filius Abobi constitutus erat dux in campo Jericho, et habebat argentum et aurum multum : 12 erat enim gener summi sacerdotis.
5-1	2305-2307	Et	
5-2	2308-2318	ceciderunt	
5-3	2319-2321	ex	
5-4	2322-2327	illis	
5-5	2328-2331	duo	
5-6	2332-2338	millia	
5-7	2339-2346	virorum	
5-8	2346-2347	,	
5-9	2348-2350	et	
5-10	2351-2359	reversus	
5-11	2360-2363	est	
5-12	2364-2366	in	
5-13	2367-2373	Judæam	
5-14	2374-2376	in	
5-15	2377-2381	pace	
5-16	2381-2382	.	
5-17	2383-2385	11	
5-18	2386-2388	Et	
5-19	2389-2398	Ptolemæus	
5-20	2399-2405	filius	
5-21	2406-2411	Abobi	
5-22	2412-2423	constitutus	
5-23	2424-2428	erat	
5-24	2429-2432	dux	
5-25	2433-2435	in	
5-26	2436-2441	campo	
5-27	2442-2449	Jericho	
5-28	2449-2450	,	
5-29	2451-2453	et	
5-30	2454-2461	habebat	
5-31	2462-2470	argentum	
5-32	2471-2473	et	
5-33	2474-2479	aurum	
5-34	2480-2486	multum	
5-35	2487-2488	:	
5-36	2489-2491	12	
5-37	2492-2496	erat	
5-38	2497-2501	enim	
5-39	2502-2507	gener	
5-40	2508-2513	summi	
5-41	2514-2524	sacerdotis	
5-42	2524-2525	.	
