#FORMAT=WebAnno TSV 3.3
#T_SP=custom.Span|label


#Text=Die Katzen-Biſſe heilet
#Text=man/ wann ein Werck in Wein geweicht uͤbergeleget
#Text=
#Text=wird.
1-1	2-5	Die	_	
1-2	6-18	Katzen-Biſſe	_	
1-3	19-25	heilet	_	
1-4	26-29	man	_	
1-5	29-30	/	_	
1-6	31-35	wann	_	
1-7	36-39	ein	_	
1-8	40-45	Werck	_	
1-9	46-48	in	_	
1-10	49-53	Wein	_	
1-11	54-62	geweicht	_	
1-12	63-75	uͤbergeleget	_	
1-13	77-81	wird	_	
1-14	81-82	.	_	

#Text=Die gantz ſchwartzen/ grauen/ ſchwartzfleckichten/
#Text=
#Text=und denen Wildkatzen aͤhnlichen/ werden fuͤr die beſten
#Text=und nuͤtzlichſten gehalten/ doch wegen ihrer naͤſchigen und
#Text=fuͤrwitzigen
#Text=Natur bedoͤrffen ſie groſſe Aufſicht;
#Text=ſind
#Text=ſonſt ſchmeichelhafftig und gerne bey den Leuten/ laſ-
#Text=ſen ihnen auch gerne liebkoſen;
#Text=wo ſie nicht geſchnitten
#Text=ſind/ bleiben ſie nicht gerne zu Hauſe/ ſonderlich wann
#Text=ſie im Fruͤling zu rammlen anfangen/ haben eine ſeltza-
#Text=me Art/ daß/ wann man ihnen die Haar uͤber dem Ru-
#Text=cken im Dunckeln zuruck ſtreichet/
#Text=ſie gleichſam
#Text=Feuer-
#Text=funcken von ſich ſo ferne geben/ daß einem auch bedun-
#Text=cket/
#Text=man rieche den Brand;
#Text=hingegen ſind auch ihre
#Text=
#Text=Haar
#Text=
#Text=
#Text=R r iij\f
#Text=[318/0336
#Text=]
#Text=
#Text=Des Adelichen Land- und Feld-Lebens
#Text=
#Text=
#Text=[
#Text=Abbildung
#Text=]
#Text=
#Text=
#Text=Haar ungeſund/ die leicht die Hectica und Schwindſucht
#Text=verurſachen.
2-1	86-89	Die	_	
2-2	90-95	gantz	_	
2-3	96-106	ſchwartzen	_	
2-4	106-107	/	_	
2-5	108-114	grauen	_	
2-6	114-115	/	_	
2-7	116-135	ſchwartzfleckichten	_	
2-8	135-136	/	_	
2-9	138-141	und	_	
2-10	142-147	denen	_	
2-11	148-158	Wildkatzen	_	
2-12	159-169	aͤhnlichen	_	
2-13	169-170	/	_	
2-14	171-177	werden	_	
2-15	178-182	fuͤr	_	
2-16	183-186	die	_	
2-17	187-193	beſten	_	
2-18	194-197	und	_	
2-19	198-211	nuͤtzlichſten	_	
2-20	212-220	gehalten	_	
2-21	220-221	/	_	
2-22	222-226	doch	_	
2-23	227-232	wegen	_	
2-24	233-238	ihrer	_	
2-25	239-249	naͤſchigen	_	
2-26	250-253	und	_	
2-27	254-266	fuͤrwitzigen	_	
2-28	267-272	Natur	_	
2-29	273-283	bedoͤrffen	_	
2-30	284-287	ſie	_	
2-31	288-294	groſſe	_	
2-32	295-303	Aufſicht	_	
2-33	303-304	;	_	
2-34	305-309	ſind	_	
2-35	310-315	ſonſt	_	
2-36	316-333	ſchmeichelhafftig	_	
2-37	334-337	und	_	
2-38	338-343	gerne	_	
2-39	344-347	bey	_	
2-40	348-351	den	_	
2-41	352-358	Leuten	_	
2-42	358-359	/	_	
2-43	360-363	laſ	_	
2-44	363-364	-	_	
2-45	365-368	ſen	_	
2-46	369-374	ihnen	_	
2-47	375-379	auch	_	
2-48	380-385	gerne	_	
2-49	386-395	liebkoſen	_	
2-50	395-396	;	_	
2-51	397-399	wo	_	
2-52	400-403	ſie	_	
2-53	404-409	nicht	_	
2-54	410-421	geſchnitten	_	
2-55	422-426	ſind	_	
2-56	426-427	/	_	
2-57	428-435	bleiben	_	
2-58	436-439	ſie	_	
2-59	440-445	nicht	_	
2-60	446-451	gerne	_	
2-61	452-454	zu	_	
2-62	455-460	Hauſe	_	
2-63	460-461	/	_	
2-64	462-472	ſonderlich	_	
2-65	473-477	wann	_	
2-66	478-481	ſie	_	
2-67	482-484	im	_	
2-68	485-493	Fruͤling	_	
2-69	494-496	zu	_	
2-70	497-504	rammlen	_	
2-71	505-513	anfangen	_	
2-72	513-514	/	_	
2-73	515-520	haben	_	
2-74	521-525	eine	_	
2-75	526-532	ſeltza	_	
2-76	532-533	-	_	
2-77	534-536	me	_	
2-78	537-540	Art	_	
2-79	540-541	/	_	
2-80	542-545	daß	_	
2-81	545-546	/	_	
2-82	547-551	wann	_	
2-83	552-555	man	_	
2-84	556-561	ihnen	_	
2-85	562-565	die	_	
2-86	566-570	Haar	_	
2-87	571-576	uͤber	_	
2-88	577-580	dem	_	
2-89	581-583	Ru	_	
2-90	583-584	-	_	
2-91	585-589	cken	_	
2-92	590-592	im	_	
2-93	593-601	Dunckeln	_	
2-94	602-608	zuruck	_	
2-95	609-618	ſtreichet	_	
2-96	618-619	/	_	
2-97	620-623	ſie	_	
2-98	624-633	gleichſam	_	
2-99	634-639	Feuer	_	
2-100	639-640	-	_	
2-101	641-648	funcken	_	
2-102	649-652	von	_	
2-103	653-657	ſich	_	
2-104	658-660	ſo	_	
2-105	661-666	ferne	_	
2-106	667-672	geben	_	
2-107	672-673	/	_	
2-108	674-677	daß	_	
2-109	678-683	einem	_	
2-110	684-688	auch	_	
2-111	689-694	bedun	_	
2-112	694-695	-	_	
2-113	696-700	cket	_	
2-114	700-701	/	_	
2-115	702-705	man	Perceiver	
2-116	706-712	rieche	Smell\_Word	
2-117	713-716	den	Smell\_Source[1]	
2-118	717-722	Brand	Smell\_Source[1]	
2-119	722-723	;	_	
2-120	724-732	hingegen	_	
2-121	733-737	ſind	_	
2-122	738-742	auch	_	
2-123	743-747	ihre	_	
2-124	749-753	Haar	_	
2-125	756-757	R	_	
2-126	758-759	r	_	
2-127	760-763	iij	_	
2-128	765-766	[	_	
2-129	766-769	318	_	
2-130	769-770	/	_	
2-131	770-774	0336	_	
2-132	775-776	]	_	
2-133	778-781	Des	_	
2-134	782-791	Adelichen	_	
2-135	792-796	Land	_	
2-136	796-797	-	_	
2-137	798-801	und	_	
2-138	802-813	Feld-Lebens	_	
2-139	816-817	[	_	
2-140	818-827	Abbildung	_	
2-141	828-829	]	_	
2-142	832-836	Haar	_	
2-143	837-845	ungeſund	_	
2-144	845-846	/	_	
2-145	847-850	die	_	
2-146	851-857	leicht	_	
2-147	858-861	die	_	
2-148	862-869	Hectica	_	
2-149	870-873	und	_	
2-150	874-886	Schwindſucht	_	
2-151	887-898	verurſachen	_	
2-152	898-899	.	_	

#Text=So iſt auch (wie Avenzoar, der beruͤhmte Araber
#Text=meldet) ihr Athem
#Text=ſo ſchaͤdlich/ daß er die natuͤrliche
#Text=Feuchtigkeit ſowol der Lungen/ als auch des gantzen Lei-
#Text=bes verzehret;
#Text=dahero ſie bey den jungen Kindern/ die
#Text=wegen ihrer feuchten Waͤrme faͤhiger ſind/ boͤſe Ei-
#Text=genſchafften durch das Einhauchen zu uͤbernehmen/
3-1	903-905	So	_	
3-2	906-909	iſt	_	
3-3	910-914	auch	_	
3-4	915-916	(	_	
3-5	916-919	wie	_	
3-6	920-928	Avenzoar	_	
3-7	928-929	,	_	
3-8	930-933	der	_	
3-9	934-943	beruͤhmte	_	
3-10	944-950	Araber	_	
3-11	951-957	meldet	_	
3-12	957-958	)	_	
3-13	959-962	ihr	_	
3-14	963-968	Athem	_	
3-15	969-971	ſo	_	
3-16	972-982	ſchaͤdlich	_	
3-17	982-983	/	_	
3-18	984-987	daß	_	
3-19	988-990	er	_	
3-20	991-994	die	_	
3-21	995-1006	natuͤrliche	_	
3-22	1007-1019	Feuchtigkeit	_	
3-23	1020-1025	ſowol	_	
3-24	1026-1029	der	_	
3-25	1030-1036	Lungen	_	
3-26	1036-1037	/	_	
3-27	1038-1041	als	_	
3-28	1042-1046	auch	_	
3-29	1047-1050	des	_	
3-30	1051-1058	gantzen	_	
3-31	1059-1062	Lei	_	
3-32	1062-1063	-	_	
3-33	1064-1067	bes	_	
3-34	1068-1077	verzehret	_	
3-35	1077-1078	;	_	
3-36	1079-1085	dahero	_	
3-37	1086-1089	ſie	_	
3-38	1090-1093	bey	_	
3-39	1094-1097	den	_	
3-40	1098-1104	jungen	_	
3-41	1105-1112	Kindern	_	
3-42	1112-1113	/	_	
3-43	1114-1117	die	_	
3-44	1118-1123	wegen	_	
3-45	1124-1129	ihrer	_	
3-46	1130-1138	feuchten	_	
3-47	1139-1145	Waͤrme	_	
3-48	1146-1154	faͤhiger	_	
3-49	1155-1159	ſind	_	
3-50	1159-1160	/	_	
3-51	1161-1166	boͤſe	_	
3-52	1167-1169	Ei	_	
3-53	1169-1170	-	_	
3-54	1171-1183	genſchafften	_	
3-55	1184-1189	durch	_	
3-56	1190-1193	das	_	
3-57	1194-1204	Einhauchen	_	
3-58	1205-1207	zu	_	
3-59	1208-1219	uͤbernehmen	_	
3-60	1219-1220	/	_	
