#FORMAT=WebAnno TSV 3.3
#T_SP=custom.Span|label
#T_RL=custom.Relation|label|BT_custom.Span


#Text=deſſen holtz von den Drechß-
#Text=
#Text=lern und Holtzſchneidern ſehr geſuchet wird.
1-1	2-8	deſſen	_	_	_	
1-2	9-14	holtz	_	_	_	
1-3	15-18	von	_	_	_	
1-4	19-22	den	_	_	_	
1-5	23-29	Drechß	_	_	_	
1-6	29-30	-	_	_	_	
1-7	32-36	lern	_	_	_	
1-8	37-40	und	_	_	_	
1-9	41-56	Holtzſchneidern	_	_	_	
1-10	57-61	ſehr	_	_	_	
1-11	62-70	geſuchet	_	_	_	
1-12	71-75	wird	_	_	_	
1-13	75-76	.	_	_	_	

#Text=Die blaͤtter ſind rund/ aber doch etwas
#Text=
#Text=laͤng-
#Text=
#Text=
#Text=F f 3
#Text=\f
#Text=[230/0266
#Text=]
#Text=
#Text=Des IV.
2-1	77-80	Die	_	_	_	
2-2	81-89	blaͤtter	_	_	_	
2-3	90-94	ſind	_	_	_	
2-4	95-99	rund	_	_	_	
2-5	99-100	/	_	_	_	
2-6	101-105	aber	_	_	_	
2-7	106-110	doch	_	_	_	
2-8	111-116	etwas	_	_	_	
2-9	118-123	laͤng	_	_	_	
2-10	123-124	-	_	_	_	
2-11	127-128	F	_	_	_	
2-12	129-130	f	_	_	_	
2-13	131-132	3	_	_	_	
2-14	135-136	[	_	_	_	
2-15	136-139	230	_	_	_	
2-16	139-140	/	_	_	_	
2-17	140-144	0266	_	_	_	
2-18	145-146	]	_	_	_	
2-19	148-151	Des	_	_	_	
2-20	152-154	IV	_	_	_	
2-21	154-155	.	_	_	_	

#Text=Buchs VIII.
3-1	156-161	Buchs	_	_	_	
3-2	162-166	VIII	_	_	_	
3-3	166-167	.	_	_	_	

#Text=Cap.
4-1	168-171	Cap	_	_	_	
4-2	171-172	.	_	_	_	

#Text=laͤnglicht dabey: die bluͤht fuͤnffblaͤttrig wie am Apffelbaum/ und erſcheinet im
#Text=April oder May.
5-1	176-186	laͤnglicht	_	_	_	
5-2	187-192	dabey	_	_	_	
5-3	192-193	:	_	_	_	
5-4	194-197	die	_	_	_	
5-5	198-204	bluͤht	_	_	_	
5-6	205-220	fuͤnffblaͤttrig	_	_	_	
5-7	221-224	wie	_	_	_	
5-8	225-227	am	_	_	_	
5-9	228-238	Apffelbaum	_	_	_	
5-10	238-239	/	_	_	_	
5-11	240-243	und	_	_	_	
5-12	244-254	erſcheinet	_	_	_	
5-13	255-257	im	_	_	_	
5-14	258-263	April	_	_	_	
5-15	264-268	oder	_	_	_	
5-16	269-272	May	_	_	_	
5-17	272-273	.	_	_	_	

#Text=Die frucht reiffet fruͤh im Sommer/ oder ſpat im Herbſt/ und
#Text=ſind die Birnen an der form faſt alle gleichſam pyramidal/ nemlich uͤmb den nabel
#Text=dick/ und gegen den ſtiel zu geſpitzet.
6-1	274-277	Die	_	_	_	
6-2	278-284	frucht	_	_	_	
6-3	285-292	reiffet	_	_	_	
6-4	293-298	fruͤh	_	_	_	
6-5	299-301	im	_	_	_	
6-6	302-308	Sommer	_	_	_	
6-7	308-309	/	_	_	_	
6-8	310-314	oder	_	_	_	
6-9	315-319	ſpat	_	_	_	
6-10	320-322	im	_	_	_	
6-11	323-329	Herbſt	_	_	_	
6-12	329-330	/	_	_	_	
6-13	331-334	und	_	_	_	
6-14	335-339	ſind	_	_	_	
6-15	340-343	die	_	_	_	
6-16	344-350	Birnen	_	_	_	
6-17	351-353	an	_	_	_	
6-18	354-357	der	_	_	_	
6-19	358-362	form	_	_	_	
6-20	363-367	faſt	_	_	_	
6-21	368-372	alle	_	_	_	
6-22	373-382	gleichſam	_	_	_	
6-23	383-392	pyramidal	_	_	_	
6-24	392-393	/	_	_	_	
6-25	394-401	nemlich	_	_	_	
6-26	402-406	uͤmb	_	_	_	
6-27	407-410	den	_	_	_	
6-28	411-416	nabel	_	_	_	
6-29	417-421	dick	_	_	_	
6-30	421-422	/	_	_	_	
6-31	423-426	und	_	_	_	
6-32	427-432	gegen	_	_	_	
6-33	433-436	den	_	_	_	
6-34	437-442	ſtiel	_	_	_	
6-35	443-445	zu	_	_	_	
6-36	446-455	geſpitzet	_	_	_	
6-37	455-456	.	_	_	_	

#Text=Das fleiſch iſt an ihnen derber als an den apf-
#Text=feln/ zwar ſafftig gnug/ aber gemeinlich uͤmb die kernhuͤlſe ſteinigt.
7-1	457-460	Das	_	_	_	
7-2	461-468	fleiſch	_	_	_	
7-3	469-472	iſt	_	_	_	
7-4	473-475	an	_	_	_	
7-5	476-481	ihnen	_	_	_	
7-6	482-488	derber	_	_	_	
7-7	489-492	als	_	_	_	
7-8	493-495	an	_	_	_	
7-9	496-499	den	_	_	_	
7-10	500-503	apf	_	_	_	
7-11	503-504	-	_	_	_	
7-12	505-509	feln	_	_	_	
7-13	509-510	/	_	_	_	
7-14	511-515	zwar	_	_	_	
7-15	516-523	ſafftig	_	_	_	
7-16	524-528	gnug	_	_	_	
7-17	528-529	/	_	_	_	
7-18	530-534	aber	_	_	_	
7-19	535-545	gemeinlich	_	_	_	
7-20	546-550	uͤmb	_	_	_	
7-21	551-554	die	_	_	_	
7-22	555-565	kernhuͤlſe	_	_	_	
7-23	566-574	ſteinigt	_	_	_	
7-24	574-575	.	_	_	_	

#Text=Der geſchmack/
#Text=der geruch/ die groͤſſe/ und die form ſind ſo ſehr unterſchieden/ daß alle ihre arten
#Text=ſchwer zu beſchreiben ſind.
8-1	576-579	Der	_	_	_	
8-2	580-589	geſchmack	_	_	_	
8-3	589-590	/	_	_	_	
8-4	591-594	der	_	_	_	
8-5	595-601	geruch	Smell\_Word	*	8-16	
8-6	601-602	/	_	_	_	
8-7	603-606	die	_	_	_	
8-8	607-614	groͤſſe	_	_	_	
8-9	614-615	/	_	_	_	
8-10	616-619	und	_	_	_	
8-11	620-623	die	_	_	_	
8-12	624-628	form	_	_	_	
8-13	629-633	ſind	_	_	_	
8-14	634-636	ſo	_	_	_	
8-15	637-641	ſehr	_	_	_	
8-16	642-655	unterſchieden	Quality	_	_	
8-17	655-656	/	_	_	_	
8-18	657-660	daß	_	_	_	
8-19	661-665	alle	_	_	_	
8-20	666-670	ihre	_	_	_	
8-21	671-676	arten	_	_	_	
8-22	677-683	ſchwer	_	_	_	
8-23	684-686	zu	_	_	_	
8-24	687-698	beſchreiben	_	_	_	
8-25	699-703	ſind	_	_	_	
8-26	703-704	.	_	_	_	

#Text=Der Birnbaum ob er wol allerley lufft und erdreich wol vertragen kan/
#Text=ſo thut
#Text=ihm doch fett und wolgetuͤncht erdreich ſehr wol: hergegen in magerm ſandigem/ oder
#Text=auch ſaltzigem und bitterm grunde bleiben die fruͤchte klein.
9-1	708-711	Der	_	_	_	
9-2	712-720	Birnbaum	_	_	_	
9-3	721-723	ob	_	_	_	
9-4	724-726	er	_	_	_	
9-5	727-730	wol	_	_	_	
9-6	731-739	allerley	_	_	_	
9-7	740-745	lufft	_	_	_	
9-8	746-749	und	_	_	_	
9-9	750-758	erdreich	_	_	_	
9-10	759-762	wol	_	_	_	
9-11	763-772	vertragen	_	_	_	
9-12	773-776	kan	_	_	_	
9-13	776-777	/	_	_	_	
9-14	778-780	ſo	_	_	_	
9-15	781-785	thut	_	_	_	
9-16	786-789	ihm	_	_	_	
9-17	790-794	doch	_	_	_	
9-18	795-799	fett	_	_	_	
9-19	800-803	und	_	_	_	
9-20	804-816	wolgetuͤncht	_	_	_	
9-21	817-825	erdreich	_	_	_	
9-22	826-830	ſehr	_	_	_	
9-23	831-834	wol	_	_	_	
9-24	834-835	:	_	_	_	
9-25	836-844	hergegen	_	_	_	
9-26	845-847	in	_	_	_	
9-27	848-854	magerm	_	_	_	
9-28	855-863	ſandigem	_	_	_	
9-29	863-864	/	_	_	_	
9-30	865-869	oder	_	_	_	
9-31	870-874	auch	_	_	_	
9-32	875-884	ſaltzigem	_	_	_	
9-33	885-888	und	_	_	_	
9-34	889-896	bitterm	_	_	_	
9-35	897-903	grunde	_	_	_	
9-36	904-911	bleiben	_	_	_	
9-37	912-915	die	_	_	_	
9-38	916-924	fruͤchte	_	_	_	
9-39	925-930	klein	_	_	_	
9-40	930-931	.	_	_	_	

#Text=Jhre fortpflantzung ge-
#Text=ſchiehet durch die kernen/ oder wil de ſtaͤmme/ welche man aus den waͤldern anſchaffet/
#Text=
#Text=in die Baumſchule verſetzet/ und ſie nachmahls mit guter art Encken in den Spalt
#Text=
#Text=bepfropffet.
10-1	932-936	Jhre	_	_	_	
10-2	937-951	fortpflantzung	_	_	_	
10-3	952-954	ge	_	_	_	
10-4	954-955	-	_	_	_	
10-5	956-964	ſchiehet	_	_	_	
10-6	965-970	durch	_	_	_	
10-7	971-974	die	_	_	_	
10-8	975-981	kernen	_	_	_	
10-9	981-982	/	_	_	_	
10-10	983-987	oder	_	_	_	
10-11	988-991	wil	_	_	_	
10-12	992-994	de	_	_	_	
10-13	995-1002	ſtaͤmme	_	_	_	
10-14	1002-1003	/	_	_	_	
10-15	1004-1010	welche	_	_	_	
10-16	1011-1014	man	_	_	_	
10-17	1015-1018	aus	_	_	_	
10-18	1019-1022	den	_	_	_	
10-19	1023-1031	waͤldern	_	_	_	
10-20	1032-1042	anſchaffet	_	_	_	
10-21	1042-1043	/	_	_	_	
10-22	1045-1047	in	_	_	_	
10-23	1048-1051	die	_	_	_	
10-24	1052-1062	Baumſchule	_	_	_	
10-25	1063-1072	verſetzet	_	_	_	
10-26	1072-1073	/	_	_	_	
10-27	1074-1077	und	_	_	_	
10-28	1078-1081	ſie	_	_	_	
10-29	1082-1091	nachmahls	_	_	_	
10-30	1092-1095	mit	_	_	_	
10-31	1096-1101	guter	_	_	_	
10-32	1102-1105	art	_	_	_	
10-33	1106-1112	Encken	_	_	_	
10-34	1113-1115	in	_	_	_	
10-35	1116-1119	den	_	_	_	
10-36	1120-1125	Spalt	_	_	_	
10-37	1127-1138	bepfropffet	_	_	_	
10-38	1138-1139	.	_	_	_	

#Text=Kan man auch ſtarcke junge ſtaͤmme/ gepfropfft oder ungepfropffet ſum-
#Text=men-weiſe zu kauff haben/
#Text=ſo hat man weniger muͤhe/ und hat auch davon deſto eher
#Text=fruͤchte zu gewarten.
11-1	1140-1143	Kan	_	_	_	
11-2	1144-1147	man	_	_	_	
11-3	1148-1152	auch	_	_	_	
11-4	1153-1160	ſtarcke	_	_	_	
11-5	1161-1166	junge	_	_	_	
11-6	1167-1174	ſtaͤmme	_	_	_	
11-7	1174-1175	/	_	_	_	
11-8	1176-1186	gepfropfft	_	_	_	
11-9	1187-1191	oder	_	_	_	
11-10	1192-1205	ungepfropffet	_	_	_	
11-11	1206-1209	ſum	_	_	_	
11-12	1209-1210	-	_	_	_	
11-13	1211-1220	men-weiſe	_	_	_	
11-14	1221-1223	zu	_	_	_	
11-15	1224-1229	kauff	_	_	_	
11-16	1230-1235	haben	_	_	_	
11-17	1235-1236	/	_	_	_	
11-18	1237-1239	ſo	_	_	_	
11-19	1240-1243	hat	_	_	_	
11-20	1244-1247	man	_	_	_	
11-21	1248-1255	weniger	_	_	_	
11-22	1256-1261	muͤhe	_	_	_	
11-23	1261-1262	/	_	_	_	
11-24	1263-1266	und	_	_	_	
11-25	1267-1270	hat	_	_	_	
11-26	1271-1275	auch	_	_	_	
11-27	1276-1281	davon	_	_	_	
11-28	1282-1287	deſto	_	_	_	
11-29	1288-1292	eher	_	_	_	
11-30	1293-1301	fruͤchte	_	_	_	
11-31	1302-1304	zu	_	_	_	
11-32	1305-1313	gewarten	_	_	_	
11-33	1313-1314	.	_	_	_	
