#FORMAT=WebAnno TSV 3.3


#Text=Om deze Memorie te eindigen moeten we aantekenen, dat, hoe zeer daar uit mag
#Text=schynen, dat de Tabaksteelt veel moeite aan zich heeft, zy echter, die’er de
#Text=ondervinding van hebben, wel zullen weten, dat’er minder moeite aan vast is, als ’t
#Text=schynt;
#Text=ja dat ze gemaklyk is.
1-1	4-6	Om	
1-2	7-11	deze	
1-3	12-19	Memorie	
1-4	20-22	te	
1-5	23-31	eindigen	
1-6	32-38	moeten	
1-7	39-41	we	
1-8	42-52	aantekenen	
1-9	52-53	,	
1-10	54-57	dat	
1-11	57-58	,	
1-12	59-62	hoe	
1-13	63-67	zeer	
1-14	68-72	daar	
1-15	73-76	uit	
1-16	77-80	mag	
1-17	81-88	schynen	
1-18	88-89	,	
1-19	90-93	dat	
1-20	94-96	de	
1-21	97-108	Tabaksteelt	
1-22	109-113	veel	
1-23	114-120	moeite	
1-24	121-124	aan	
1-25	125-129	zich	
1-26	130-135	heeft	
1-27	135-136	,	
1-28	137-139	zy	
1-29	140-146	echter	
1-30	146-147	,	
1-31	148-151	die	
1-32	151-152	’	
1-33	152-154	er	
1-34	155-157	de	
1-35	158-170	ondervinding	
1-36	171-174	van	
1-37	175-181	hebben	
1-38	181-182	,	
1-39	183-186	wel	
1-40	187-193	zullen	
1-41	194-199	weten	
1-42	199-200	,	
1-43	201-204	dat	
1-44	204-205	’	
1-45	205-207	er	
1-46	208-214	minder	
1-47	215-221	moeite	
1-48	222-225	aan	
1-49	226-230	vast	
1-50	231-233	is	
1-51	233-234	,	
1-52	235-238	als	
1-53	239-240	’	
1-54	240-241	t	
1-55	242-248	schynt	
1-56	248-249	;	
1-57	250-252	ja	
1-58	253-256	dat	
1-59	257-259	ze	
1-60	260-268	gemaklyk	
1-61	269-271	is	
1-62	271-272	.	

#Text=Men ziet gemeenlyk in Virginie en Mariland, dat in
#Text=gronden, die reedlyk goed zyn, een ervaren Neger Jaarlyks, buiten zyne kost,
#Text=tweduizend ponden
#Text=Tabak wint.
2-1	273-276	Men	
2-2	277-281	ziet	
2-3	282-291	gemeenlyk	
2-4	292-294	in	
2-5	295-303	Virginie	
2-6	304-306	en	
2-7	307-315	Mariland	
2-8	315-316	,	
2-9	317-320	dat	
2-10	321-323	in	
2-11	324-331	gronden	
2-12	331-332	,	
2-13	333-336	die	
2-14	337-344	reedlyk	
2-15	345-349	goed	
2-16	350-353	zyn	
2-17	353-354	,	
2-18	355-358	een	
2-19	359-366	ervaren	
2-20	367-372	Neger	
2-21	373-381	Jaarlyks	
2-22	381-382	,	
2-23	383-389	buiten	
2-24	390-394	zyne	
2-25	395-399	kost	
2-26	399-400	,	
2-27	401-411	tweduizend	
2-28	412-418	ponden	
2-29	419-424	Tabak	
2-30	425-429	wint	
2-31	429-430	.	

#Text=Tabak van Vrankryk.
#Text=
#Text=’t
#Text=Geen we in dit Woordenboek van de Teelt en Bereiding der Tabak gezegd hebben,
#Text=en de kurieuse Memorie, die we hier boven hebben ingelast, raken niets;
#Text=dan ’t geen
#Text=in de Amerikaanse Eilanden, of Virginie geschiedt, en in ’t byzonder in het Mariland;
#Text=en ’t onderscheid van den grond,
#Text=
#Text=M.
3-1	433-438	Tabak	
3-2	439-442	van	
3-3	443-451	Vrankryk	
3-4	451-452	.	
3-5	454-455	’	
3-6	455-456	t	
3-7	457-461	Geen	
3-8	462-464	we	
3-9	465-467	in	
3-10	468-471	dit	
3-11	472-483	Woordenboek	
3-12	484-487	van	
3-13	488-490	de	
3-14	491-496	Teelt	
3-15	497-499	en	
3-16	500-509	Bereiding	
3-17	510-513	der	
3-18	514-519	Tabak	
3-19	520-526	gezegd	
3-20	527-533	hebben	
3-21	533-534	,	
3-22	535-537	en	
3-23	538-540	de	
3-24	541-549	kurieuse	
3-25	550-557	Memorie	
3-26	557-558	,	
3-27	559-562	die	
3-28	563-565	we	
3-29	566-570	hier	
3-30	571-576	boven	
3-31	577-583	hebben	
3-32	584-592	ingelast	
3-33	592-593	,	
3-34	594-599	raken	
3-35	600-605	niets	
3-36	605-606	;	
3-37	607-610	dan	
3-38	611-612	’	
3-39	612-613	t	
3-40	614-618	geen	
3-41	619-621	in	
3-42	622-624	de	
3-43	625-636	Amerikaanse	
3-44	637-645	Eilanden	
3-45	645-646	,	
3-46	647-649	of	
3-47	650-658	Virginie	
3-48	659-668	geschiedt	
3-49	668-669	,	
3-50	670-672	en	
3-51	673-675	in	
3-52	676-677	’	
3-53	677-678	t	
3-54	679-687	byzonder	
3-55	688-690	in	
3-56	691-694	het	
3-57	695-703	Mariland	
3-58	703-704	;	
3-59	705-707	en	
3-60	708-709	’	
3-61	709-710	t	
3-62	711-722	onderscheid	
3-63	723-726	van	
3-64	727-730	den	
3-65	731-736	grond	
3-66	736-737	,	
3-67	739-740	M	
3-68	740-741	.	

#Text=Noel Chomel, Huishoudelyk woordboek
#Text=
#Text=\f
#Text=1090
#Text=zo wel
#Text=, als de gematigheid der lucht, veel verschil makende in de wyze van ze in
#Text=Europa te telen, en in ’t byzonder in Vrankryk, hebbenwe geloofd dat de Lezer hier
#Text=met vermaak een naaukeurige Memorie zal lezen, die my is gegeven over de
#Text=Tabaksteelt, en deszelfs toebereiding in enige plaatsen van Gujenne.
4-1	742-746	Noel	
4-2	747-753	Chomel	
4-3	753-754	,	
4-4	755-767	Huishoudelyk	
4-5	768-777	woordboek	
4-6	781-785	1090	
4-7	786-788	zo	
4-8	789-792	wel	
4-9	793-794	,	
4-10	795-798	als	
4-11	799-801	de	
4-12	802-813	gematigheid	
4-13	814-817	der	
4-14	818-823	lucht	
4-15	823-824	,	
4-16	825-829	veel	
4-17	830-838	verschil	
4-18	839-846	makende	
4-19	847-849	in	
4-20	850-852	de	
4-21	853-857	wyze	
4-22	858-861	van	
4-23	862-864	ze	
4-24	865-867	in	
4-25	868-874	Europa	
4-26	875-877	te	
4-27	878-883	telen	
4-28	883-884	,	
4-29	885-887	en	
4-30	888-890	in	
4-31	891-892	’	
4-32	892-893	t	
4-33	894-902	byzonder	
4-34	903-905	in	
4-35	906-914	Vrankryk	
4-36	914-915	,	
4-37	916-924	hebbenwe	
4-38	925-932	geloofd	
4-39	933-936	dat	
4-40	937-939	de	
4-41	940-945	Lezer	
4-42	946-950	hier	
4-43	951-954	met	
4-44	955-962	vermaak	
4-45	963-966	een	
4-46	967-978	naaukeurige	
4-47	979-986	Memorie	
4-48	987-990	zal	
4-49	991-996	lezen	
4-50	996-997	,	
4-51	998-1001	die	
4-52	1002-1004	my	
4-53	1005-1007	is	
4-54	1008-1015	gegeven	
4-55	1016-1020	over	
4-56	1021-1023	de	
4-57	1024-1035	Tabaksteelt	
4-58	1035-1036	,	
4-59	1037-1039	en	
4-60	1040-1048	deszelfs	
4-61	1049-1061	toebereiding	
4-62	1062-1064	in	
4-63	1065-1070	enige	
4-64	1071-1079	plaatsen	
4-65	1080-1083	van	
4-66	1084-1091	Gujenne	
4-67	1091-1092	.	

#Text=Memorie over de Teelt en toemaking van de Tabak in de Rechtsban, door
#Text=de Kamer geregeerd te Tonneins, aangesteld voor de Generaliteit van
#Text=Bourdeaux.
5-1	1095-1102	Memorie	
5-2	1103-1107	over	
5-3	1108-1110	de	
5-4	1111-1116	Teelt	
5-5	1117-1119	en	
5-6	1120-1129	toemaking	
5-7	1130-1133	van	
5-8	1134-1136	de	
5-9	1137-1142	Tabak	
5-10	1143-1145	in	
5-11	1146-1148	de	
5-12	1149-1158	Rechtsban	
5-13	1158-1159	,	
5-14	1160-1164	door	
5-15	1165-1167	de	
5-16	1168-1173	Kamer	
5-17	1174-1183	geregeerd	
5-18	1184-1186	te	
5-19	1187-1195	Tonneins	
5-20	1195-1196	,	
5-21	1197-1207	aangesteld	
5-22	1208-1212	voor	
5-23	1213-1215	de	
5-24	1216-1228	Generaliteit	
5-25	1229-1232	van	
5-26	1233-1242	Bourdeaux	
5-27	1242-1243	.	

#Text=Men zaait’er de Tabak in de maanden Maart en April op Mestbedden, die ontrent
#Text=anderhalve voet boven den grond staan.
6-1	1246-1249	Men	
6-2	1250-1255	zaait	
6-3	1255-1256	’	
6-4	1256-1258	er	
6-5	1259-1261	de	
6-6	1262-1267	Tabak	
6-7	1268-1270	in	
6-8	1271-1273	de	
6-9	1274-1281	maanden	
6-10	1282-1287	Maart	
6-11	1288-1290	en	
6-12	1291-1296	April	
6-13	1297-1299	op	
6-14	1300-1310	Mestbedden	
6-15	1310-1311	,	
6-16	1312-1315	die	
6-17	1316-1323	ontrent	
6-18	1324-1334	anderhalve	
6-19	1335-1339	voet	
6-20	1340-1345	boven	
6-21	1346-1349	den	
6-22	1350-1355	grond	
6-23	1356-1361	staan	
6-24	1361-1362	.	

#Text=Men moetze dikmaal besproeijen, om ze te
#Text=doen opkomen, en om het kwaad, dat de vorst doet, voor te komen, en zelf by dag,
#Text=als de koude groot is, dekt men de Bedden met stroje Matten, of alleen met Stroo;
#Text=en als de Zon ter deeg deurschynt, ontdekt men ze.
7-1	1363-1366	Men	
7-2	1367-1373	moetze	
7-3	1374-1381	dikmaal	
7-4	1382-1393	besproeijen	
7-5	1393-1394	,	
7-6	1395-1397	om	
7-7	1398-1400	ze	
7-8	1401-1403	te	
7-9	1404-1408	doen	
7-10	1409-1416	opkomen	
7-11	1416-1417	,	
7-12	1418-1420	en	
7-13	1421-1423	om	
7-14	1424-1427	het	
7-15	1428-1433	kwaad	
7-16	1433-1434	,	
7-17	1435-1438	dat	
7-18	1439-1441	de	
7-19	1442-1447	vorst	
7-20	1448-1452	doet	
7-21	1452-1453	,	
7-22	1454-1458	voor	
7-23	1459-1461	te	
7-24	1462-1467	komen	
7-25	1467-1468	,	
7-26	1469-1471	en	
7-27	1472-1476	zelf	
7-28	1477-1479	by	
7-29	1480-1483	dag	
7-30	1483-1484	,	
7-31	1485-1488	als	
7-32	1489-1491	de	
7-33	1492-1497	koude	
7-34	1498-1503	groot	
7-35	1504-1506	is	
7-36	1506-1507	,	
7-37	1508-1512	dekt	
7-38	1513-1516	men	
7-39	1517-1519	de	
7-40	1520-1526	Bedden	
7-41	1527-1530	met	
7-42	1531-1537	stroje	
7-43	1538-1544	Matten	
7-44	1544-1545	,	
7-45	1546-1548	of	
7-46	1549-1555	alleen	
7-47	1556-1559	met	
7-48	1560-1565	Stroo	
7-49	1565-1566	;	
7-50	1567-1569	en	
7-51	1570-1573	als	
7-52	1574-1576	de	
7-53	1577-1580	Zon	
7-54	1581-1584	ter	
7-55	1585-1589	deeg	
7-56	1590-1600	deurschynt	
7-57	1600-1601	,	
7-58	1602-1609	ontdekt	
7-59	1610-1613	men	
7-60	1614-1616	ze	
7-61	1616-1617	.	

#Text=Men gebruikt de zelfde voorzorg tegen mist, als tegen de vorst.
8-1	1620-1623	Men	
8-2	1624-1632	gebruikt	
8-3	1633-1635	de	
8-4	1636-1642	zelfde	
8-5	1643-1651	voorzorg	
8-6	1652-1657	tegen	
8-7	1658-1662	mist	
8-8	1662-1663	,	
8-9	1664-1667	als	
8-10	1668-1673	tegen	
8-11	1674-1676	de	
8-12	1677-1682	vorst	
8-13	1682-1683	.	

#Text=Als de Tabak wel is opgekomen, en krachts genoeg heeft, verplant men ze van
#Text=half Mei tot het begin van Juli.
9-1	1686-1689	Als	
9-2	1690-1692	de	
9-3	1693-1698	Tabak	
9-4	1699-1702	wel	
9-5	1703-1705	is	
9-6	1706-1715	opgekomen	
9-7	1715-1716	,	
9-8	1717-1719	en	
9-9	1720-1727	krachts	
9-10	1728-1734	genoeg	
9-11	1735-1740	heeft	
9-12	1740-1741	,	
9-13	1742-1750	verplant	
9-14	1751-1754	men	
9-15	1755-1757	ze	
9-16	1758-1761	van	
9-17	1762-1766	half	
9-18	1767-1770	Mei	
9-19	1771-1774	tot	
9-20	1775-1778	het	
9-21	1779-1784	begin	
9-22	1785-1788	van	
9-23	1789-1793	Juli	
9-24	1793-1794	.	

#Text=Men kiest gemeenlyk den besten grond en de sterkste,
#Text=die men te voren door twe- drie-maal te bewerken, en ze wel te bemesten in ’t eerste
#Text=moet bereiden;
10-1	1795-1798	Men	
10-2	1799-1804	kiest	
10-3	1805-1814	gemeenlyk	
10-4	1815-1818	den	
10-5	1819-1825	besten	
10-6	1826-1831	grond	
10-7	1832-1834	en	
10-8	1835-1837	de	
10-9	1838-1846	sterkste	
10-10	1846-1847	,	
10-11	1848-1851	die	
10-12	1852-1855	men	
10-13	1856-1858	te	
10-14	1859-1864	voren	
10-15	1865-1869	door	
10-16	1870-1873	twe	
10-17	1873-1874	-	
10-18	1875-1884	drie-maal	
10-19	1885-1887	te	
10-20	1888-1896	bewerken	
10-21	1896-1897	,	
10-22	1898-1900	en	
10-23	1901-1903	ze	
10-24	1904-1907	wel	
10-25	1908-1910	te	
10-26	1911-1919	bemesten	
10-27	1920-1922	in	
10-28	1923-1924	’	
10-29	1924-1925	t	
10-30	1926-1932	eerste	
10-31	1933-1937	moet	
10-32	1938-1946	bereiden	
10-33	1946-1947	;	
