#FORMAT=WebAnno TSV 3.3


#Text=17 Et ille ait : Vidi cunctum Israël dispersum in montibus, quasi oves non habentes pastorem.
1-1	2-4	17	
1-2	5-7	Et	
1-3	8-12	ille	
1-4	13-16	ait	
1-5	17-18	:	
1-6	19-23	Vidi	
1-7	24-31	cunctum	
1-8	32-38	Israël	
1-9	39-48	dispersum	
1-10	49-51	in	
1-11	52-60	montibus	
1-12	60-61	,	
1-13	62-67	quasi	
1-14	68-72	oves	
1-15	73-76	non	
1-16	77-85	habentes	
1-17	86-94	pastorem	
1-18	94-95	.	

#Text=Et ait Dominus : Non habent isti dominum : revertatur unusquisque in domum suam in pace.
#Text=18 (Dixit ergo rex Israël ad Josaphat : Numquid non dixi tibi, quia non prophetat mihi bonum, sed semper malum ?)
2-1	96-98	Et	
2-2	99-102	ait	
2-3	103-110	Dominus	
2-4	111-112	:	
2-5	113-116	Non	
2-6	117-123	habent	
2-7	124-128	isti	
2-8	129-136	dominum	
2-9	137-138	:	
2-10	139-149	revertatur	
2-11	150-161	unusquisque	
2-12	162-164	in	
2-13	165-170	domum	
2-14	171-175	suam	
2-15	176-178	in	
2-16	179-183	pace	
2-17	183-184	.	
2-18	185-187	18	
2-19	188-189	(	
2-20	189-194	Dixit	
2-21	195-199	ergo	
2-22	200-203	rex	
2-23	204-210	Israël	
2-24	211-213	ad	
2-25	214-222	Josaphat	
2-26	223-224	:	
2-27	225-232	Numquid	
2-28	233-236	non	
2-29	237-241	dixi	
2-30	242-246	tibi	
2-31	246-247	,	
2-32	248-252	quia	
2-33	253-256	non	
2-34	257-266	prophetat	
2-35	267-271	mihi	
2-36	272-277	bonum	
2-37	277-278	,	
2-38	279-282	sed	
2-39	283-289	semper	
2-40	290-295	malum	
2-41	296-297	?	
2-42	297-298	)	

#Text=19 Ille vero addens, ait : Propterea audi sermonem Domini : vidi Dominum sedentem super solium suum, et omnem exercitum cæli assistentem ei a dextris et a sinistris : 20 et ait Dominus : Quis decipiet Achab regem Israël, ut ascendat, et cadat in Ramoth Galaad ?
3-1	299-301	19	
3-2	302-306	Ille	
3-3	307-311	vero	
3-4	312-318	addens	
3-5	318-319	,	
3-6	320-323	ait	
3-7	324-325	:	
3-8	326-335	Propterea	
3-9	336-340	audi	
3-10	341-349	sermonem	
3-11	350-356	Domini	
3-12	357-358	:	
3-13	359-363	vidi	
3-14	364-371	Dominum	
3-15	372-380	sedentem	
3-16	381-386	super	
3-17	387-393	solium	
3-18	394-398	suum	
3-19	398-399	,	
3-20	400-402	et	
3-21	403-408	omnem	
3-22	409-418	exercitum	
3-23	419-423	cæli	
3-24	424-435	assistentem	
3-25	436-438	ei	
3-26	439-440	a	
3-27	441-448	dextris	
3-28	449-451	et	
3-29	452-453	a	
3-30	454-463	sinistris	
3-31	464-465	:	
3-32	466-468	20	
3-33	469-471	et	
3-34	472-475	ait	
3-35	476-483	Dominus	
3-36	484-485	:	
3-37	486-490	Quis	
3-38	491-499	decipiet	
3-39	500-505	Achab	
3-40	506-511	regem	
3-41	512-518	Israël	
3-42	518-519	,	
3-43	520-522	ut	
3-44	523-531	ascendat	
3-45	531-532	,	
3-46	533-535	et	
3-47	536-541	cadat	
3-48	542-544	in	
3-49	545-551	Ramoth	
3-50	552-558	Galaad	
3-51	559-560	?	

#Text=Et dixit unus verba hujuscemodi, et alius aliter.
#Text=21 Egressus est autem spiritus, et stetit coram Domino, et ait : Ego decipiam illum.
4-1	561-563	Et	
4-2	564-569	dixit	
4-3	570-574	unus	
4-4	575-580	verba	
4-5	581-592	hujuscemodi	
4-6	592-593	,	
4-7	594-596	et	
4-8	597-602	alius	
4-9	603-609	aliter	
4-10	609-610	.	
4-11	611-613	21	
4-12	614-622	Egressus	
4-13	623-626	est	
4-14	627-632	autem	
4-15	633-641	spiritus	
4-16	641-642	,	
4-17	643-645	et	
4-18	646-652	stetit	
4-19	653-658	coram	
4-20	659-665	Domino	
4-21	665-666	,	
4-22	667-669	et	
4-23	670-673	ait	
4-24	674-675	:	
4-25	676-679	Ego	
4-26	680-688	decipiam	
4-27	689-694	illum	
4-28	694-695	.	

#Text=Cui locutus est Dominus : In quo ?
5-1	696-699	Cui	
5-2	700-707	locutus	
5-3	708-711	est	
5-4	712-719	Dominus	
5-5	720-721	:	
5-6	722-724	In	
5-7	725-728	quo	
5-8	729-730	?	

#Text=22 Et ille ait : Egrediar, et ero spiritus mendax in ore omnium prophetarum ejus.
6-1	731-733	22	
6-2	734-736	Et	
6-3	737-741	ille	
6-4	742-745	ait	
6-5	746-747	:	
6-6	748-756	Egrediar	
6-7	756-757	,	
6-8	758-760	et	
6-9	761-764	ero	
6-10	765-773	spiritus	
6-11	774-780	mendax	
6-12	781-783	in	
6-13	784-787	ore	
6-14	788-794	omnium	
6-15	795-806	prophetarum	
6-16	807-811	ejus	
6-17	811-812	.	

#Text=Et dixit Dominus : Decipies, et prævalebis : egredere, et fac ita.
#Text=23 Nunc igitur ecce dedit Dominus spiritum mendacii in ore omnium prophetarum tuorum, qui hic sunt, et Dominus locutus est contra te malum.
#Text=24 Accessit autem Sedecias filius Chanaana, et percussit Michæam in maxillam, et dixit : Mene ergo dimisit spiritus Domini, et locutus est tibi ?
7-1	813-815	Et	
7-2	816-821	dixit	
7-3	822-829	Dominus	
7-4	830-831	:	
7-5	832-840	Decipies	
7-6	840-841	,	
7-7	842-844	et	
7-8	845-855	prævalebis	
7-9	856-857	:	
7-10	858-866	egredere	
7-11	866-867	,	
7-12	868-870	et	
7-13	871-874	fac	
7-14	875-878	ita	
7-15	878-879	.	
7-16	880-882	23	
7-17	883-887	Nunc	
7-18	888-894	igitur	
7-19	895-899	ecce	
7-20	900-905	dedit	
7-21	906-913	Dominus	
7-22	914-922	spiritum	
7-23	923-931	mendacii	
7-24	932-934	in	
7-25	935-938	ore	
7-26	939-945	omnium	
7-27	946-957	prophetarum	
7-28	958-964	tuorum	
7-29	964-965	,	
7-30	966-969	qui	
7-31	970-973	hic	
7-32	974-978	sunt	
7-33	978-979	,	
7-34	980-982	et	
7-35	983-990	Dominus	
7-36	991-998	locutus	
7-37	999-1002	est	
7-38	1003-1009	contra	
7-39	1010-1012	te	
7-40	1013-1018	malum	
7-41	1018-1019	.	
7-42	1020-1022	24	
7-43	1023-1031	Accessit	
7-44	1032-1037	autem	
7-45	1038-1046	Sedecias	
7-46	1047-1053	filius	
7-47	1054-1062	Chanaana	
7-48	1062-1063	,	
7-49	1064-1066	et	
7-50	1067-1076	percussit	
7-51	1077-1084	Michæam	
7-52	1085-1087	in	
7-53	1088-1096	maxillam	
7-54	1096-1097	,	
7-55	1098-1100	et	
7-56	1101-1106	dixit	
7-57	1107-1108	:	
7-58	1109-1113	Mene	
7-59	1114-1118	ergo	
7-60	1119-1126	dimisit	
7-61	1127-1135	spiritus	
7-62	1136-1142	Domini	
7-63	1142-1143	,	
7-64	1144-1146	et	
7-65	1147-1154	locutus	
7-66	1155-1158	est	
7-67	1159-1163	tibi	
7-68	1164-1165	?	

#Text=25 Et ait Michæas : Visurus es in die illa quando ingredieris cubiculum intra cubiculum ut abscondaris.
#Text=26 Et ait rex Israël : Tollite Michæam, et maneat apud Amon principem civitatis, et apud Joas filium Amelech, 27 et dicite eis : Hæc dicit rex : Mittite virum istum in carcerem, et sustentate eum pane tribulationis, et aqua angustiæ, donec revertar in pace.
#Text=28 Dixitque Michæas : Si reversus fueris in pace, non est locutus in me Dominus.
8-1	1166-1168	25	
8-2	1169-1171	Et	
8-3	1172-1175	ait	
8-4	1176-1183	Michæas	
8-5	1184-1185	:	
8-6	1186-1193	Visurus	
8-7	1194-1196	es	
8-8	1197-1199	in	
8-9	1200-1203	die	
8-10	1204-1208	illa	
8-11	1209-1215	quando	
8-12	1216-1227	ingredieris	
8-13	1228-1237	cubiculum	
8-14	1238-1243	intra	
8-15	1244-1253	cubiculum	
8-16	1254-1256	ut	
8-17	1257-1268	abscondaris	
8-18	1268-1269	.	
8-19	1270-1272	26	
8-20	1273-1275	Et	
8-21	1276-1279	ait	
8-22	1280-1283	rex	
8-23	1284-1290	Israël	
8-24	1291-1292	:	
8-25	1293-1300	Tollite	
8-26	1301-1308	Michæam	
8-27	1308-1309	,	
8-28	1310-1312	et	
8-29	1313-1319	maneat	
8-30	1320-1324	apud	
8-31	1325-1329	Amon	
8-32	1330-1339	principem	
8-33	1340-1349	civitatis	
8-34	1349-1350	,	
8-35	1351-1353	et	
8-36	1354-1358	apud	
8-37	1359-1363	Joas	
8-38	1364-1370	filium	
8-39	1371-1378	Amelech	
8-40	1378-1379	,	
8-41	1380-1382	27	
8-42	1383-1385	et	
8-43	1386-1392	dicite	
8-44	1393-1396	eis	
8-45	1397-1398	:	
8-46	1399-1402	Hæc	
8-47	1403-1408	dicit	
8-48	1409-1412	rex	
8-49	1413-1414	:	
8-50	1415-1422	Mittite	
8-51	1423-1428	virum	
8-52	1429-1434	istum	
8-53	1435-1437	in	
8-54	1438-1446	carcerem	
8-55	1446-1447	,	
8-56	1448-1450	et	
8-57	1451-1461	sustentate	
8-58	1462-1465	eum	
8-59	1466-1470	pane	
8-60	1471-1484	tribulationis	
8-61	1484-1485	,	
8-62	1486-1488	et	
8-63	1489-1493	aqua	
8-64	1494-1502	angustiæ	
8-65	1502-1503	,	
8-66	1504-1509	donec	
8-67	1510-1518	revertar	
8-68	1519-1521	in	
8-69	1522-1526	pace	
8-70	1526-1527	.	
8-71	1528-1530	28	
8-72	1531-1539	Dixitque	
8-73	1540-1547	Michæas	
8-74	1548-1549	:	
8-75	1550-1552	Si	
8-76	1553-1561	reversus	
8-77	1562-1568	fueris	
8-78	1569-1571	in	
8-79	1572-1576	pace	
8-80	1576-1577	,	
8-81	1578-1581	non	
8-82	1582-1585	est	
8-83	1586-1593	locutus	
8-84	1594-1596	in	
8-85	1597-1599	me	
8-86	1600-1607	Dominus	
8-87	1607-1608	.	

#Text=Et ait : Audite, populi omnes.
#Text=29 Ascendit itaque rex Israël, et Josaphat rex Juda, in Ramoth Galaad.
#Text=30 Dixit itaque rex Israël ad Josaphat : Sume arma, et ingredere prælium, et induere vestibus tuis.
9-1	1609-1611	Et	
9-2	1612-1615	ait	
9-3	1616-1617	:	
9-4	1618-1624	Audite	
9-5	1624-1625	,	
9-6	1626-1632	populi	
9-7	1633-1638	omnes	
9-8	1638-1639	.	
9-9	1640-1642	29	
9-10	1643-1651	Ascendit	
9-11	1652-1658	itaque	
9-12	1659-1662	rex	
9-13	1663-1669	Israël	
9-14	1669-1670	,	
9-15	1671-1673	et	
9-16	1674-1682	Josaphat	
9-17	1683-1686	rex	
9-18	1687-1691	Juda	
9-19	1691-1692	,	
9-20	1693-1695	in	
9-21	1696-1702	Ramoth	
9-22	1703-1709	Galaad	
9-23	1709-1710	.	
9-24	1711-1713	30	
9-25	1714-1719	Dixit	
9-26	1720-1726	itaque	
9-27	1727-1730	rex	
9-28	1731-1737	Israël	
9-29	1738-1740	ad	
9-30	1741-1749	Josaphat	
9-31	1750-1751	:	
9-32	1752-1756	Sume	
9-33	1757-1761	arma	
9-34	1761-1762	,	
9-35	1763-1765	et	
9-36	1766-1775	ingredere	
9-37	1776-1783	prælium	
9-38	1783-1784	,	
9-39	1785-1787	et	
9-40	1788-1795	induere	
9-41	1796-1804	vestibus	
9-42	1805-1809	tuis	
9-43	1809-1810	.	

#Text=Porro rex Israël mutavit habitum suum, et ingressus est bellum.
#Text=31 Rex autem Syriæ præceperat principibus curruum triginta duobus, dicens : Non pugnabitis contra minorem et majorem quempiam, nisi contra regem Israël solum.
#Text=32 Cum ergo vidissent principes curruum Josaphat, suspicati sunt quod ipse esset rex Israël, et impetu facto pugnabant contra eum : et exclamavit Josaphat.
10-1	1811-1816	Porro	
10-2	1817-1820	rex	
10-3	1821-1827	Israël	
10-4	1828-1835	mutavit	
10-5	1836-1843	habitum	
10-6	1844-1848	suum	
10-7	1848-1849	,	
10-8	1850-1852	et	
10-9	1853-1862	ingressus	
10-10	1863-1866	est	
10-11	1867-1873	bellum	
10-12	1873-1874	.	
10-13	1875-1877	31	
10-14	1878-1881	Rex	
10-15	1882-1887	autem	
10-16	1888-1893	Syriæ	
10-17	1894-1904	præceperat	
10-18	1905-1916	principibus	
10-19	1917-1924	curruum	
10-20	1925-1933	triginta	
10-21	1934-1940	duobus	
10-22	1940-1941	,	
10-23	1942-1948	dicens	
10-24	1949-1950	:	
10-25	1951-1954	Non	
10-26	1955-1965	pugnabitis	
10-27	1966-1972	contra	
10-28	1973-1980	minorem	
10-29	1981-1983	et	
10-30	1984-1991	majorem	
10-31	1992-2000	quempiam	
10-32	2000-2001	,	
10-33	2002-2006	nisi	
10-34	2007-2013	contra	
10-35	2014-2019	regem	
10-36	2020-2026	Israël	
10-37	2027-2032	solum	
10-38	2032-2033	.	
10-39	2034-2036	32	
10-40	2037-2040	Cum	
10-41	2041-2045	ergo	
10-42	2046-2055	vidissent	
10-43	2056-2065	principes	
10-44	2066-2073	curruum	
10-45	2074-2082	Josaphat	
10-46	2082-2083	,	
10-47	2084-2093	suspicati	
10-48	2094-2098	sunt	
10-49	2099-2103	quod	
10-50	2104-2108	ipse	
10-51	2109-2114	esset	
10-52	2115-2118	rex	
10-53	2119-2125	Israël	
10-54	2125-2126	,	
10-55	2127-2129	et	
10-56	2130-2136	impetu	
10-57	2137-2142	facto	
10-58	2143-2152	pugnabant	
10-59	2153-2159	contra	
10-60	2160-2163	eum	
10-61	2164-2165	:	
10-62	2166-2168	et	
10-63	2169-2179	exclamavit	
10-64	2180-2188	Josaphat	
10-65	2188-2189	.	
