#FORMAT=WebAnno TSV 3.3
#T_SP=custom.Span|label
#T_RL=custom.Relation|label|BT_custom.Span


#Text=Von
#Text=\f
#Text=[0361
#Text=]
#Text=
#Text=Hauptbeſchreibung zweyter Theil.
1-1	6-9	Von	_	_	_	
1-2	12-13	[	_	_	_	
1-3	13-17	0361	_	_	_	
1-4	18-19	]	_	_	_	
1-5	21-38	Hauptbeſchreibung	_	_	_	
1-6	39-46	zweyter	_	_	_	
1-7	47-52	Theil	_	_	_	
1-8	52-53	.	_	_	_	

#Text=Von andern Dingen,
#Text=Welche aus dem menſchlichen Leibe gezogen und bereitet
#Text=werden
#Text=.
2-1	58-61	Von	_	_	_	
2-2	62-68	andern	_	_	_	
2-3	69-75	Dingen	_	_	_	
2-4	75-76	,	_	_	_	
2-5	77-83	Welche	_	_	_	
2-6	84-87	aus	_	_	_	
2-7	88-91	dem	_	_	_	
2-8	92-104	menſchlichen	_	_	_	
2-9	105-110	Leibe	_	_	_	
2-10	111-118	gezogen	_	_	_	
2-11	119-122	und	_	_	_	
2-12	123-131	bereitet	_	_	_	
2-13	132-138	werden	_	_	_	
2-14	139-140	.	_	_	_	

#Text=AUſſerhalb der Mumie, die ſich in un-
#Text=ſern Laͤden befindet, verkauffen wir
#Text=auch Menſchenfett, das wir von un-
#Text=terſchiedenen Orten bringen laſſen.
3-1	144-154	AUſſerhalb	_	_	_	
3-2	155-158	der	_	_	_	
3-3	159-164	Mumie	_	_	_	
3-4	164-165	,	_	_	_	
3-5	166-169	die	_	_	_	
3-6	170-174	ſich	_	_	_	
3-7	175-177	in	_	_	_	
3-8	178-180	un	_	_	_	
3-9	180-181	-	_	_	_	
3-10	182-186	ſern	_	_	_	
3-11	187-193	Laͤden	_	_	_	
3-12	194-202	befindet	_	_	_	
3-13	202-203	,	_	_	_	
3-14	204-214	verkauffen	_	_	_	
3-15	215-218	wir	_	_	_	
3-16	219-223	auch	_	_	_	
3-17	224-236	Menſchenfett	_	_	_	
3-18	236-237	,	_	_	_	
3-19	238-241	das	_	_	_	
3-20	242-245	wir	_	_	_	
3-21	246-249	von	_	_	_	
3-22	250-252	un	_	_	_	
3-23	252-253	-	_	_	_	
3-24	254-267	terſchiedenen	_	_	_	
3-25	268-273	Orten	_	_	_	
3-26	274-281	bringen	_	_	_	
3-27	282-288	laſſen	_	_	_	
3-28	288-289	.	_	_	_	

#Text=Weil aber bekannt, daß zu Paris der
#Text=Scharffrichter es einem ieden, der es be-
#Text=noͤthiget iſt, verkauffet, dannenhero
#Text=verkauffen die Spezereyhaͤndler und
#Text=Apothecker gar wenig.
4-1	291-295	Weil	_	_	_	
4-2	296-300	aber	_	_	_	
4-3	301-308	bekannt	_	_	_	
4-4	308-309	,	_	_	_	
4-5	310-313	daß	_	_	_	
4-6	314-316	zu	_	_	_	
4-7	317-322	Paris	_	_	_	
4-8	323-326	der	_	_	_	
4-9	327-341	Scharffrichter	_	_	_	
4-10	342-344	es	_	_	_	
4-11	345-350	einem	_	_	_	
4-12	351-356	ieden	_	_	_	
4-13	356-357	,	_	_	_	
4-14	358-361	der	_	_	_	
4-15	362-364	es	_	_	_	
4-16	365-367	be	_	_	_	
4-17	367-368	-	_	_	_	
4-18	369-378	noͤthiget	_	_	_	
4-19	379-382	iſt	_	_	_	
4-20	382-383	,	_	_	_	
4-21	384-394	verkauffet	_	_	_	
4-22	394-395	,	_	_	_	
4-23	396-406	dannenhero	_	_	_	
4-24	407-417	verkauffen	_	_	_	
4-25	418-421	die	_	_	_	
4-26	422-438	Spezereyhaͤndler	_	_	_	
4-27	439-442	und	_	_	_	
4-28	443-453	Apothecker	_	_	_	
4-29	454-457	gar	_	_	_	
4-30	458-463	wenig	_	_	_	
4-31	463-464	.	_	_	_	

#Text=Jedennoch
#Text=ſolte dasjenige, das wir verkauffen, und
#Text=mit aromatiſchen Kraͤutern zugerich-
#Text=tet wird, ohnſtreitig beſſer ſeyn, als
#Text=welches aus den Haͤnden des Nachrich-
#Text=ters kommt.
5-1	465-474	Jedennoch	_	_	_	
5-2	475-480	ſolte	_	_	_	
5-3	481-490	dasjenige	_	_	_	
5-4	490-491	,	_	_	_	
5-5	492-495	das	_	_	_	
5-6	496-499	wir	_	_	_	
5-7	500-510	verkauffen	_	_	_	
5-8	510-511	,	_	_	_	
5-9	512-515	und	_	_	_	
5-10	516-519	mit	_	_	_	
5-11	520-532	aromatiſchen	Smell\_Word[1]|Quality[2]	*|*	5-11[2_1]|5-12[0_1]	
5-12	533-542	Kraͤutern	Smell\_Source	_	_	
5-13	543-551	zugerich	_	_	_	
5-14	551-552	-	_	_	_	
5-15	553-556	tet	_	_	_	
5-16	557-561	wird	_	_	_	
5-17	561-562	,	_	_	_	
5-18	563-574	ohnſtreitig	_	_	_	
5-19	575-581	beſſer	_	_	_	
5-20	582-586	ſeyn	_	_	_	
5-21	586-587	,	_	_	_	
5-22	588-591	als	_	_	_	
5-23	592-599	welches	_	_	_	
5-24	600-603	aus	_	_	_	
5-25	604-607	den	_	_	_	
5-26	608-615	Haͤnden	_	_	_	
5-27	616-619	des	_	_	_	
5-28	620-628	Nachrich	_	_	_	
5-29	628-629	-	_	_	_	
5-30	630-634	ters	_	_	_	
5-31	635-640	kommt	_	_	_	
5-32	640-641	.	_	_	_	

#Text=Man haͤlt dafuͤr, das Menſchenfett
#Text=ſey trefflich gut wider die Stoͤckfluͤſſe,
#Text=und andere von Erkaͤltung herruͤhren-
#Text=de Kranckheiten.
6-1	645-648	Man	_	_	_	
6-2	649-654	haͤlt	_	_	_	
6-3	655-661	dafuͤr	_	_	_	
6-4	661-662	,	_	_	_	
6-5	663-666	das	_	_	_	
6-6	667-679	Menſchenfett	_	_	_	
6-7	680-683	ſey	_	_	_	
6-8	684-693	trefflich	_	_	_	
6-9	694-697	gut	_	_	_	
6-10	698-703	wider	_	_	_	
6-11	704-707	die	_	_	_	
6-12	708-721	Stoͤckfluͤſſe	_	_	_	
6-13	721-722	,	_	_	_	
6-14	723-726	und	_	_	_	
6-15	727-733	andere	_	_	_	
6-16	734-737	von	_	_	_	
6-17	738-748	Erkaͤltung	_	_	_	
6-18	749-759	herruͤhren	_	_	_	
6-19	759-760	-	_	_	_	
6-20	761-763	de	_	_	_	
6-21	764-776	Kranckheiten	_	_	_	
6-22	776-777	.	_	_	_	

#Text=Auch verkauffen wir, ohne das
#Text=Menſchenfett, annoch das fluͤchtige und
#Text=fixe Saltz vom Menſchenblute und dem
#Text=Hirnſchedel, dem Haar und Urin, ſamt
#Text=vielen andern auf Chymiſche Weiſe be-
#Text=reiteten Artzneyen mehr, welche in des
#Text=Herrn Charras ſeiner koͤniglichen
#Text=Galeniſch-Chymiſchen Apotheckerkunſt
#Text=am 771.
7-1	781-785	Auch	_	_	_	
7-2	786-796	verkauffen	_	_	_	
7-3	797-800	wir	_	_	_	
7-4	800-801	,	_	_	_	
7-5	802-806	ohne	_	_	_	
7-6	807-810	das	_	_	_	
7-7	811-823	Menſchenfett	_	_	_	
7-8	823-824	,	_	_	_	
7-9	825-831	annoch	_	_	_	
7-10	832-835	das	_	_	_	
7-11	836-846	fluͤchtige	_	_	_	
7-12	847-850	und	_	_	_	
7-13	851-855	fixe	_	_	_	
7-14	856-861	Saltz	_	_	_	
7-15	862-865	vom	_	_	_	
7-16	866-879	Menſchenblute	_	_	_	
7-17	880-883	und	_	_	_	
7-18	884-887	dem	_	_	_	
7-19	888-899	Hirnſchedel	_	_	_	
7-20	899-900	,	_	_	_	
7-21	901-904	dem	_	_	_	
7-22	905-909	Haar	_	_	_	
7-23	910-913	und	_	_	_	
7-24	914-918	Urin	_	_	_	
7-25	918-919	,	_	_	_	
7-26	920-924	ſamt	_	_	_	
7-27	925-931	vielen	_	_	_	
7-28	932-938	andern	_	_	_	
7-29	939-942	auf	_	_	_	
7-30	943-952	Chymiſche	_	_	_	
7-31	953-958	Weiſe	_	_	_	
7-32	959-961	be	_	_	_	
7-33	961-962	-	_	_	_	
7-34	963-971	reiteten	_	_	_	
7-35	972-981	Artzneyen	_	_	_	
7-36	982-986	mehr	_	_	_	
7-37	986-987	,	_	_	_	
7-38	988-994	welche	_	_	_	
7-39	995-997	in	_	_	_	
7-40	998-1001	des	_	_	_	
7-41	1002-1007	Herrn	_	_	_	
7-42	1008-1015	Charras	_	_	_	
7-43	1016-1022	ſeiner	_	_	_	
7-44	1023-1035	koͤniglichen	_	_	_	
7-45	1036-1056	Galeniſch-Chymiſchen	_	_	_	
7-46	1057-1072	Apotheckerkunſt	_	_	_	
7-47	1073-1075	am	_	_	_	
7-48	1076-1079	771	_	_	_	
7-49	1079-1080	.	_	_	_	

#Text=Blat zu finden ſind: und da-
#Text=hin koͤnnen diejenigen, welche dieſe præ-
#Text=parationes zu wiſſen ein Verlangen tra-
#Text=gen, ſich verfuͤgen, ingleichen zu andern
#Text=
#Text=Scribenten mehr, die ihrer Meldung
#Text=thun.
8-1	1081-1085	Blat	_	_	_	
8-2	1086-1088	zu	_	_	_	
8-3	1089-1095	finden	_	_	_	
8-4	1096-1100	ſind	_	_	_	
8-5	1100-1101	:	_	_	_	
8-6	1102-1105	und	_	_	_	
8-7	1106-1108	da	_	_	_	
8-8	1108-1109	-	_	_	_	
8-9	1110-1113	hin	_	_	_	
8-10	1114-1121	koͤnnen	_	_	_	
8-11	1122-1132	diejenigen	_	_	_	
8-12	1132-1133	,	_	_	_	
8-13	1134-1140	welche	_	_	_	
8-14	1141-1146	dieſe	_	_	_	
8-15	1147-1150	præ	_	_	_	
8-16	1150-1151	-	_	_	_	
8-17	1152-1162	parationes	_	_	_	
8-18	1163-1165	zu	_	_	_	
8-19	1166-1172	wiſſen	_	_	_	
8-20	1173-1176	ein	_	_	_	
8-21	1177-1186	Verlangen	_	_	_	
8-22	1187-1190	tra	_	_	_	
8-23	1190-1191	-	_	_	_	
8-24	1192-1195	gen	_	_	_	
8-25	1195-1196	,	_	_	_	
8-26	1197-1201	ſich	_	_	_	
8-27	1202-1211	verfuͤgen	_	_	_	
8-28	1211-1212	,	_	_	_	
8-29	1213-1223	ingleichen	_	_	_	
8-30	1224-1226	zu	_	_	_	
8-31	1227-1233	andern	_	_	_	
8-32	1235-1245	Scribenten	_	_	_	
8-33	1246-1250	mehr	_	_	_	
8-34	1250-1251	,	_	_	_	
8-35	1252-1255	die	_	_	_	
8-36	1256-1261	ihrer	_	_	_	
8-37	1262-1269	Meldung	_	_	_	
8-38	1270-1274	thun	_	_	_	
8-39	1274-1275	.	_	_	_	

#Text=Die Wahl dieſer Dinge kan man ei-
#Text=nem ſehr ſchwerlich erklaͤren.
9-1	1279-1282	Die	_	_	_	
9-2	1283-1287	Wahl	_	_	_	
9-3	1288-1294	dieſer	_	_	_	
9-4	1295-1300	Dinge	_	_	_	
9-5	1301-1304	kan	_	_	_	
9-6	1305-1308	man	_	_	_	
9-7	1309-1311	ei	_	_	_	
9-8	1311-1312	-	_	_	_	
9-9	1313-1316	nem	_	_	_	
9-10	1317-1321	ſehr	_	_	_	
9-11	1322-1332	ſchwerlich	_	_	_	
9-12	1333-1342	erklaͤren	_	_	_	
9-13	1342-1343	.	_	_	_	

#Text=Die beſt-
#Text=und ſicherſte Art ſie zu erkennen iſt, daß
#Text=man ſie bey rechtſchaffenen ehrlichen
#Text=Leuten kauffe, und nicht auf den wohl-
#Text=feilen Preis ſehe, denn auch dem Ver-
#Text=ſtaͤndigſten kan
#Text=eines fuͤr das andere ge-
#Text=geben werden, indem niemand dafuͤr
#Text=ſtehen mag, als diejenigen, die ſie berei-
#Text=tet haben, vornehmlich die Oele, die
#Text=uͤber den Helm getrieben werden.
10-1	1344-1347	Die	_	_	_	
10-2	1348-1352	beſt	_	_	_	
10-3	1352-1353	-	_	_	_	
10-4	1354-1357	und	_	_	_	
10-5	1358-1367	ſicherſte	_	_	_	
10-6	1368-1371	Art	_	_	_	
10-7	1372-1375	ſie	_	_	_	
10-8	1376-1378	zu	_	_	_	
10-9	1379-1387	erkennen	_	_	_	
10-10	1388-1391	iſt	_	_	_	
10-11	1391-1392	,	_	_	_	
10-12	1393-1396	daß	_	_	_	
10-13	1397-1400	man	_	_	_	
10-14	1401-1404	ſie	_	_	_	
10-15	1405-1408	bey	_	_	_	
10-16	1409-1424	rechtſchaffenen	_	_	_	
10-17	1425-1434	ehrlichen	_	_	_	
10-18	1435-1441	Leuten	_	_	_	
10-19	1442-1448	kauffe	_	_	_	
10-20	1448-1449	,	_	_	_	
10-21	1450-1453	und	_	_	_	
10-22	1454-1459	nicht	_	_	_	
10-23	1460-1463	auf	_	_	_	
10-24	1464-1467	den	_	_	_	
10-25	1468-1472	wohl	_	_	_	
10-26	1472-1473	-	_	_	_	
10-27	1474-1480	feilen	_	_	_	
10-28	1481-1486	Preis	_	_	_	
10-29	1487-1491	ſehe	_	_	_	
10-30	1491-1492	,	_	_	_	
10-31	1493-1497	denn	_	_	_	
10-32	1498-1502	auch	_	_	_	
10-33	1503-1506	dem	_	_	_	
10-34	1507-1510	Ver	_	_	_	
10-35	1510-1511	-	_	_	_	
10-36	1512-1524	ſtaͤndigſten	_	_	_	
10-37	1525-1528	kan	_	_	_	
10-38	1529-1534	eines	_	_	_	
10-39	1535-1539	fuͤr	_	_	_	
10-40	1540-1543	das	_	_	_	
10-41	1544-1550	andere	_	_	_	
10-42	1551-1553	ge	_	_	_	
10-43	1553-1554	-	_	_	_	
10-44	1555-1560	geben	_	_	_	
10-45	1561-1567	werden	_	_	_	
10-46	1567-1568	,	_	_	_	
10-47	1569-1574	indem	_	_	_	
10-48	1575-1582	niemand	_	_	_	
10-49	1583-1589	dafuͤr	_	_	_	
10-50	1590-1596	ſtehen	_	_	_	
10-51	1597-1600	mag	_	_	_	
10-52	1600-1601	,	_	_	_	
10-53	1602-1605	als	_	_	_	
10-54	1606-1616	diejenigen	_	_	_	
10-55	1616-1617	,	_	_	_	
10-56	1618-1621	die	_	_	_	
10-57	1622-1625	ſie	_	_	_	
10-58	1626-1631	berei	_	_	_	
10-59	1631-1632	-	_	_	_	
10-60	1633-1636	tet	_	_	_	
10-61	1637-1642	haben	_	_	_	
10-62	1642-1643	,	_	_	_	
10-63	1644-1655	vornehmlich	_	_	_	
10-64	1656-1659	die	_	_	_	
10-65	1660-1664	Oele	_	_	_	
10-66	1664-1665	,	_	_	_	
10-67	1666-1669	die	_	_	_	
10-68	1670-1675	uͤber	_	_	_	
10-69	1676-1679	den	_	_	_	
10-70	1680-1684	Helm	_	_	_	
10-71	1685-1694	getrieben	_	_	_	
10-72	1695-1701	werden	_	_	_	
10-73	1701-1702	.	_	_	_	
