#FORMAT=WebAnno TSV 3.3


#Text=Dus komt ons dan voor,
#Text=
#Text=
#Text=De eerste orde van deeze classe.
1-1	2-5	Dus	
1-2	6-10	komt	
1-3	11-14	ons	
1-4	15-18	dan	
1-5	19-23	voor	
1-6	23-24	,	
1-7	27-29	De	
1-8	30-36	eerste	
1-9	37-41	orde	
1-10	42-45	van	
1-11	46-51	deeze	
1-12	52-58	classe	
1-13	58-59	.	

#Text=Koude Mineraale wateren.
2-1	61-66	Koude	
2-2	67-76	Mineraale	
2-3	77-84	wateren	
2-4	84-85	.	

#Text=Deeze wateren zyn zelfs in den Zomer zeer koel, en in tegendeel warmer des
#Text=Winters.
3-1	87-92	Deeze	
3-2	93-100	wateren	
3-3	101-104	zyn	
3-4	105-110	zelfs	
3-5	111-113	in	
3-6	114-117	den	
3-7	118-123	Zomer	
3-8	124-128	zeer	
3-9	129-133	koel	
3-10	133-134	,	
3-11	135-137	en	
3-12	138-140	in	
3-13	141-150	tegendeel	
3-14	151-157	warmer	
3-15	158-161	des	
3-16	162-169	Winters	
3-17	169-170	.	

#Text=Zy bezitten allen een mengzel van eenige stoffen tot het ryk der Mineraalen
#Text=behoorende, die men door de scheikunde ontdekken kan.
4-1	171-173	Zy	
4-2	174-182	bezitten	
4-3	183-188	allen	
4-4	189-192	een	
4-5	193-200	mengzel	
4-6	201-204	van	
4-7	205-211	eenige	
4-8	212-219	stoffen	
4-9	220-223	tot	
4-10	224-227	het	
4-11	228-231	ryk	
4-12	232-235	der	
4-13	236-246	Mineraalen	
4-14	247-257	behoorende	
4-15	257-258	,	
4-16	259-262	die	
4-17	263-266	men	
4-18	267-271	door	
4-19	272-274	de	
4-20	275-285	scheikunde	
4-21	286-295	ontdekken	
4-22	296-299	kan	
4-23	299-300	.	

#Text=De eerste rang van deeze orde.
5-1	304-306	De	
5-2	307-313	eerste	
5-3	314-318	rang	
5-4	319-322	van	
5-5	323-328	deeze	
5-6	329-333	orde	
5-7	333-334	.	

#Text=Vlugge
#Text=geestryke Hemel-wateren, met Mineraale geesten bezwangerd.
6-1	337-343	Vlugge	
6-2	344-353	geestryke	
6-3	354-367	Hemel-wateren	
6-4	367-368	,	
6-5	369-372	met	
6-6	373-382	Mineraale	
6-7	383-390	geesten	
6-8	391-401	bezwangerd	
6-9	401-402	.	

#Text=Hier door verstaat men, een vluggen Geest, met eenige Mineraalstof aangedaan,
#Text=die, met water of andere stoffen vermengd zynde, op de minste warmte vervliegt.
7-1	404-408	Hier	
7-2	409-413	door	
7-3	414-422	verstaat	
7-4	423-426	men	
7-5	426-427	,	
7-6	428-431	een	
7-7	432-439	vluggen	
7-8	440-445	Geest	
7-9	445-446	,	
7-10	447-450	met	
7-11	451-457	eenige	
7-12	458-470	Mineraalstof	
7-13	471-480	aangedaan	
7-14	480-481	,	
7-15	482-485	die	
7-16	485-486	,	
7-17	487-490	met	
7-18	491-496	water	
7-19	497-499	of	
7-20	500-506	andere	
7-21	507-514	stoffen	
7-22	515-523	vermengd	
7-23	524-529	zynde	
7-24	529-530	,	
7-25	531-533	op	
7-26	534-536	de	
7-27	537-543	minste	
7-28	544-550	warmte	
7-29	551-560	vervliegt	
7-30	560-561	.	

#Text=Het is een allerligtst water, zoo ligt als Regenwater, ja somtyds ligter, en zeer
#Text=doordringende:
#Text=het bezit niet zelden eene geneezende kragt.
8-1	564-567	Het	
8-2	568-570	is	
8-3	571-574	een	
8-4	575-586	allerligtst	
8-5	587-592	water	
8-6	592-593	,	
8-7	594-597	zoo	
8-8	598-602	ligt	
8-9	603-606	als	
8-10	607-617	Regenwater	
8-11	617-618	,	
8-12	619-621	ja	
8-13	622-629	somtyds	
8-14	630-636	ligter	
8-15	636-637	,	
8-16	638-640	en	
8-17	641-645	zeer	
8-18	646-659	doordringende	
8-19	659-660	:	
8-20	661-664	het	
8-21	665-670	bezit	
8-22	671-675	niet	
8-23	676-682	zelden	
8-24	683-687	eene	
8-25	688-698	geneezende	
8-26	699-704	kragt	
8-27	704-705	.	

#Text=Men telt hier onder
#Text=deeze
#Text=Geslagten.
9-1	706-709	Men	
9-2	710-714	telt	
9-3	715-719	hier	
9-4	720-725	onder	
9-5	726-731	deeze	
9-6	732-741	Geslagten	
9-7	741-742	.	

#Text=ste
#Text=
#Text=1
#Text=Geslagt.
10-1	745-748	ste	
10-2	750-751	1	
10-3	752-759	Geslagt	
10-4	759-760	.	

#Text=Vlug geestryk hemel-water.
11-1	762-766	Vlug	
11-2	767-775	geestryk	
11-3	776-787	hemel-water	
11-4	787-788	.	

#Text=Water, door het Uitspansel verspreid, (Aqua AEtherea.)
12-1	790-795	Water	
12-2	795-796	,	
12-3	797-801	door	
12-4	802-805	het	
12-5	806-816	Uitspansel	
12-6	817-826	verspreid	
12-7	826-827	,	
12-8	828-829	(	
12-9	829-833	Aqua	
12-10	834-842	AEtherea	
12-11	842-843	.	
12-12	843-844	)	
