#FORMAT=WebAnno TSV 3.3
#T_SP=custom.Span|label
#T_RL=custom.Relation|label|BT_custom.Span


#Text=Er tragt viel kleinere Beere als der erſte/ und
#Text=die ſtehen allein am Obertheil der Aeſte.
1-1	4-6	Er	_	_	_	
1-2	7-12	tragt	_	_	_	
1-3	13-17	viel	_	_	_	
1-4	18-26	kleinere	_	_	_	
1-5	27-32	Beere	_	_	_	
1-6	33-36	als	_	_	_	
1-7	37-40	der	_	_	_	
1-8	41-46	erſte	_	_	_	
1-9	46-47	/	_	_	_	
1-10	48-51	und	_	_	_	
1-11	52-55	die	_	_	_	
1-12	56-62	ſtehen	_	_	_	
1-13	63-69	allein	_	_	_	
1-14	70-72	am	_	_	_	
1-15	73-82	Obertheil	_	_	_	
1-16	83-86	der	_	_	_	
1-17	87-92	Aeſte	_	_	_	
1-18	92-93	.	_	_	_	

#Text=Dieſe
#Text=Beer ſind erſtlich gruͤn/
#Text=bald werden
#Text=ſie gelb/ endlich ſo ſie recht zeitigen/
#Text=gewin-
#Text=nen ſie ein rothe Farb/ am Geſchmack bit-
#Text=ter/ am Geruch lieblich.
2-1	97-102	Dieſe	_	_	_	
2-2	103-107	Beer	Smell\_Source	_	_	
2-3	108-112	ſind	_	_	_	
2-4	113-121	erſtlich	_	_	_	
2-5	122-127	gruͤn	_	_	_	
2-6	127-128	/	_	_	_	
2-7	129-133	bald	_	_	_	
2-8	134-140	werden	_	_	_	
2-9	141-144	ſie	_	_	_	
2-10	145-149	gelb	_	_	_	
2-11	149-150	/	_	_	_	
2-12	151-158	endlich	_	_	_	
2-13	159-161	ſo	_	_	_	
2-14	162-165	ſie	_	_	_	
2-15	166-171	recht	_	_	_	
2-16	172-180	zeitigen	_	_	_	
2-17	180-181	/	_	_	_	
2-18	182-187	gewin	_	_	_	
2-19	187-188	-	_	_	_	
2-20	189-192	nen	_	_	_	
2-21	193-196	ſie	_	_	_	
2-22	197-200	ein	_	_	_	
2-23	201-206	rothe	_	_	_	
2-24	207-211	Farb	_	_	_	
2-25	211-212	/	_	_	_	
2-26	213-215	am	_	_	_	
2-27	216-225	Geſchmack	_	_	_	
2-28	226-229	bit	_	_	_	
2-29	229-230	-	_	_	_	
2-30	231-234	ter	_	_	_	
2-31	234-235	/	_	_	_	
2-32	236-238	am	_	_	_	
2-33	239-245	Geruch	Smell\_Word	_	_	
2-34	246-254	lieblich	Quality	_	_	
2-35	254-255	.	_	_	_	

#Text=Deßgleichen auch
#Text=die Blaͤtter/
#Text=ſo
#Text=man ſie zwiſchen den Haͤn-
#Text=
#Text=den zerꝛeibt/ riechen gar wohl Er wachſt
#Text=auch bey Maßilien und Avignon in Franck-
#Text=reich.
3-1	256-267	Deßgleichen	_	_	_	
3-2	268-272	auch	_	_	_	
3-3	273-276	die	_	_	_	
3-4	277-285	Blaͤtter	Smell\_Source	_	_	
3-5	285-286	/	_	_	_	
3-6	287-289	ſo	Circumstances[1]	_	_	
3-7	290-293	man	Circumstances[1]	_	_	
3-8	294-297	ſie	Circumstances[1]	_	_	
3-9	298-306	zwiſchen	Circumstances[1]	_	_	
3-10	307-310	den	Circumstances[1]	_	_	
3-11	311-315	Haͤn	Circumstances[1]	_	_	
3-12	315-316	-	Circumstances[1]	_	_	
3-13	318-321	den	Circumstances[1]	_	_	
3-14	322-330	zerꝛeibt	Circumstances[1]	_	_	
3-15	330-331	/	_	_	_	
3-16	332-339	riechen	Smell\_Word	_	_	
3-17	340-343	gar	Quality	_	_	
3-18	344-348	wohl	Quality	*	3-17	
3-19	349-351	Er	_	_	_	
3-20	352-358	wachſt	_	_	_	
3-21	359-363	auch	_	_	_	
3-22	364-367	bey	_	_	_	
3-23	368-376	Maßilien	_	_	_	
3-24	377-380	und	_	_	_	
3-25	381-388	Avignon	_	_	_	
3-26	389-391	in	_	_	_	
3-27	392-398	Franck	_	_	_	
3-28	398-399	-	_	_	_	
3-29	400-405	reich	_	_	_	
3-30	405-406	.	_	_	_	

#Text=Johannes Bauhinus hat ihne auff dem
#Text=Berg Cetho bey Montpelier angetroffen.
4-1	407-415	Johannes	_	_	_	
4-2	416-424	Bauhinus	_	_	_	
4-3	425-428	hat	_	_	_	
4-4	429-433	ihne	_	_	_	
4-5	434-438	auff	_	_	_	
4-6	439-442	dem	_	_	_	
4-7	443-447	Berg	_	_	_	
4-8	448-453	Cetho	_	_	_	
4-9	454-457	bey	_	_	_	
4-10	458-468	Montpelier	_	_	_	
4-11	469-480	angetroffen	_	_	_	
4-12	480-481	.	_	_	_	

#Text=Carolus Cluſius ſchreibt/ man finde ihn bey
#Text=
#Text=dem Tyrꝛheniſchen Meer/ zwiſchen
#Text=Calpe
#Text=und Malaca.
5-1	483-490	Carolus	_	_	_	
5-2	491-498	Cluſius	_	_	_	
5-3	499-507	ſchreibt	_	_	_	
5-4	507-508	/	_	_	_	
5-5	509-512	man	_	_	_	
5-6	513-518	finde	_	_	_	
5-7	519-522	ihn	_	_	_	
5-8	523-526	bey	_	_	_	
5-9	528-531	dem	_	_	_	
5-10	532-545	Tyrꝛheniſchen	_	_	_	
5-11	546-550	Meer	_	_	_	
5-12	550-551	/	_	_	_	
5-13	552-560	zwiſchen	_	_	_	
5-14	561-566	Calpe	_	_	_	
5-15	567-570	und	_	_	_	
5-16	571-577	Malaca	_	_	_	
5-17	577-578	.	_	_	_	

#Text=Es melden die Hiſtorien/ daß die Cederen
#Text=auch in andern Laͤndern der Welt gefunden
#Text=
#Text=werden/ als in der groſſen Jnſul Japan hin-
#Text=der China am aͤuſſerſten Morgen/ welche der
#Text=Cedernbaͤum hin und wider voll iſt/ die ſol-
#Text=che Hoͤhe und Dicke bekommen/ daß man
#Text=groſſe Saͤulen und Maſtbaͤume darauß zu-
#Text=machen pflegt.
6-1	582-584	Es	_	_	_	
6-2	585-591	melden	_	_	_	
6-3	592-595	die	_	_	_	
6-4	596-605	Hiſtorien	_	_	_	
6-5	605-606	/	_	_	_	
6-6	607-610	daß	_	_	_	
6-7	611-614	die	_	_	_	
6-8	615-622	Cederen	_	_	_	
6-9	623-627	auch	_	_	_	
6-10	628-630	in	_	_	_	
6-11	631-637	andern	_	_	_	
6-12	638-646	Laͤndern	_	_	_	
6-13	647-650	der	_	_	_	
6-14	651-655	Welt	_	_	_	
6-15	656-664	gefunden	_	_	_	
6-16	666-672	werden	_	_	_	
6-17	672-673	/	_	_	_	
6-18	674-677	als	_	_	_	
6-19	678-680	in	_	_	_	
6-20	681-684	der	_	_	_	
6-21	685-692	groſſen	_	_	_	
6-22	693-698	Jnſul	_	_	_	
6-23	699-704	Japan	_	_	_	
6-24	705-708	hin	_	_	_	
6-25	708-709	-	_	_	_	
6-26	710-713	der	_	_	_	
6-27	714-719	China	_	_	_	
6-28	720-722	am	_	_	_	
6-29	723-734	aͤuſſerſten	_	_	_	
6-30	735-741	Morgen	_	_	_	
6-31	741-742	/	_	_	_	
6-32	743-749	welche	_	_	_	
6-33	750-753	der	_	_	_	
6-34	754-765	Cedernbaͤum	_	_	_	
6-35	766-769	hin	_	_	_	
6-36	770-773	und	_	_	_	
6-37	774-779	wider	_	_	_	
6-38	780-784	voll	_	_	_	
6-39	785-788	iſt	_	_	_	
6-40	788-789	/	_	_	_	
6-41	790-793	die	_	_	_	
6-42	794-797	ſol	_	_	_	
6-43	797-798	-	_	_	_	
6-44	799-802	che	_	_	_	
6-45	803-808	Hoͤhe	_	_	_	
6-46	809-812	und	_	_	_	
6-47	813-818	Dicke	_	_	_	
6-48	819-827	bekommen	_	_	_	
6-49	827-828	/	_	_	_	
6-50	829-832	daß	_	_	_	
6-51	833-836	man	_	_	_	
6-52	837-843	groſſe	_	_	_	
6-53	844-851	Saͤulen	_	_	_	
6-54	852-855	und	_	_	_	
6-55	856-866	Maſtbaͤume	_	_	_	
6-56	867-873	darauß	_	_	_	
6-57	874-876	zu	_	_	_	
6-58	876-877	-	_	_	_	
6-59	878-884	machen	_	_	_	
6-60	885-891	pflegt	_	_	_	
6-61	891-892	.	_	_	_	

#Text=Deßgleichen in Weſt-Jn-
#Text=
#Text=dien ſind die Cedern/ die vorzeiten ſo hoch
#Text=gehalten/ ſo gemein/ daß man ſie nicht allein
#Text=zum bauen/ ſondern auch zu Schiffen
7-1	893-904	Deßgleichen	_	_	_	
7-2	905-907	in	_	_	_	
7-3	908-915	Weſt-Jn	_	_	_	
7-4	915-916	-	_	_	_	
7-5	918-922	dien	_	_	_	
7-6	923-927	ſind	_	_	_	
7-7	928-931	die	_	_	_	
7-8	932-938	Cedern	_	_	_	
7-9	938-939	/	_	_	_	
7-10	940-943	die	_	_	_	
7-11	944-953	vorzeiten	_	_	_	
7-12	954-956	ſo	_	_	_	
7-13	957-961	hoch	_	_	_	
7-14	962-970	gehalten	_	_	_	
7-15	970-971	/	_	_	_	
7-16	972-974	ſo	_	_	_	
7-17	975-981	gemein	_	_	_	
7-18	981-982	/	_	_	_	
7-19	983-986	daß	_	_	_	
7-20	987-990	man	_	_	_	
7-21	991-994	ſie	_	_	_	
7-22	995-1000	nicht	_	_	_	
7-23	1001-1007	allein	_	_	_	
7-24	1008-1011	zum	_	_	_	
7-25	1012-1017	bauen	_	_	_	
7-26	1017-1018	/	_	_	_	
7-27	1019-1026	ſondern	_	_	_	
7-28	1027-1031	auch	_	_	_	
7-29	1032-1034	zu	_	_	_	
7-30	1035-1043	Schiffen	_	_	_	
