#FORMAT=WebAnno TSV 3.3
#T_SP=custom.Span|label
#T_RL=custom.Relation|label|BT_custom.Span


#Text=ſind, als wie der Pfeffer aus Jamaica,
#Text=welches entweder von dem Boden, oder
#Text=von der Natur des Baumes herruͤhret.
1-1	3-7	ſind	_	_	_	
1-2	7-8	,	_	_	_	
1-3	9-12	als	_	_	_	
1-4	13-16	wie	_	_	_	
1-5	17-20	der	_	_	_	
1-6	21-28	Pfeffer	_	_	_	
1-7	29-32	aus	_	_	_	
1-8	33-40	Jamaica	_	_	_	
1-9	40-41	,	_	_	_	
1-10	42-49	welches	_	_	_	
1-11	50-58	entweder	_	_	_	
1-12	59-62	von	_	_	_	
1-13	63-66	dem	_	_	_	
1-14	67-72	Boden	_	_	_	
1-15	72-73	,	_	_	_	
1-16	74-78	oder	_	_	_	
1-17	79-82	von	_	_	_	
1-18	83-86	der	_	_	_	
1-19	87-92	Natur	_	_	_	
1-20	93-96	des	_	_	_	
1-21	97-103	Baumes	_	_	_	
1-22	104-114	herruͤhret	_	_	_	
1-23	114-115	.	_	_	_	

#Text=Dieweil ſie mir aber niemahls zu Ge-
#Text=ſichte gekommen, habe ich fuͤr gut erach-
#Text=tet, allhier beyzubringen, was mir ein
#Text=guter Freund davon berichtet.
2-1	117-124	Dieweil	_	_	_	
2-2	125-128	ſie	_	_	_	
2-3	129-132	mir	_	_	_	
2-4	133-137	aber	_	_	_	
2-5	138-146	niemahls	_	_	_	
2-6	147-149	zu	_	_	_	
2-7	150-152	Ge	_	_	_	
2-8	152-153	-	_	_	_	
2-9	154-160	ſichte	_	_	_	
2-10	161-169	gekommen	_	_	_	
2-11	169-170	,	_	_	_	
2-12	171-175	habe	_	_	_	
2-13	176-179	ich	_	_	_	
2-14	180-184	fuͤr	_	_	_	
2-15	185-188	gut	_	_	_	
2-16	189-194	erach	_	_	_	
2-17	194-195	-	_	_	_	
2-18	196-199	tet	_	_	_	
2-19	199-200	,	_	_	_	
2-20	201-208	allhier	_	_	_	
2-21	209-221	beyzubringen	_	_	_	
2-22	221-222	,	_	_	_	
2-23	223-226	was	_	_	_	
2-24	227-230	mir	_	_	_	
2-25	231-234	ein	_	_	_	
2-26	235-240	guter	_	_	_	
2-27	241-247	Freund	_	_	_	
2-28	248-253	davon	_	_	_	
2-29	254-263	berichtet	_	_	_	
2-30	263-264	.	_	_	_	

#Text=Caryophylli Plinii, des Plinius Naͤg-
#Text=lein, ſind die runden, ſchwartzbraunen
#Text=
#Text=Beeren
#Text=
#Text=
#Text=Q 3
#Text=\f
#Text=[
#Text=0220
#Text=]
#Text=
#Text=
#Text=Der Spezereyen und Materialien
#Text=
#Text=
#Text=Beeren des Americaniſchen Baumes
#Text=Canunga/ der beym Hernandez be-
#Text=ſchrieben ſtehet.
3-1	268-279	Caryophylli	_	_	_	
3-2	280-286	Plinii	_	_	_	
3-3	286-287	,	_	_	_	
3-4	288-291	des	_	_	_	
3-5	292-299	Plinius	_	_	_	
3-6	300-304	Naͤg	_	_	_	
3-7	304-305	-	_	_	_	
3-8	306-310	lein	_	_	_	
3-9	310-311	,	_	_	_	
3-10	312-316	ſind	_	_	_	
3-11	317-320	die	_	_	_	
3-12	321-327	runden	_	_	_	
3-13	327-328	,	_	_	_	
3-14	329-344	ſchwartzbraunen	_	_	_	
3-15	346-352	Beeren	_	_	_	
3-16	355-356	Q	_	_	_	
3-17	357-358	3	_	_	_	
3-18	361-362	[	_	_	_	
3-19	363-367	0220	_	_	_	
3-20	368-369	]	_	_	_	
3-21	372-375	Der	_	_	_	
3-22	376-386	Spezereyen	_	_	_	
3-23	387-390	und	_	_	_	
3-24	391-402	Materialien	_	_	_	
3-25	405-411	Beeren	_	_	_	
3-26	412-415	des	_	_	_	
3-27	416-430	Americaniſchen	_	_	_	
3-28	431-437	Baumes	_	_	_	
3-29	438-445	Canunga	_	_	_	
3-30	445-446	/	_	_	_	
3-31	447-450	der	_	_	_	
3-32	451-455	beym	_	_	_	
3-33	456-465	Hernandez	_	_	_	
3-34	466-468	be	_	_	_	
3-35	468-469	-	_	_	_	
3-36	470-479	ſchrieben	_	_	_	
3-37	480-486	ſtehet	_	_	_	
3-38	486-487	.	_	_	_	

#Text=Sie ſind ſo groß, als
#Text=wie der Pfeffer, und oben wie ein Na-
#Text=bel geſtaltet, und beſchlieſſen in einem
#Text=duͤnnen Haͤutlein und ſchwammichten
#Text=Weſen oder Fleiſche, zwey kleine ſchwar-
#Text=tze
#Text=Kerne, die mit einem zarten Haͤut-
#Text=lein umgeben ſind, und wie Naͤglein
#Text=ſchmecken und riechen, wiewohl nicht ſo
#Text=gar ſtarck: ſonſt werden ſie Amomum
#Text=genennet.
4-1	488-491	Sie	_	_	_	
4-2	492-496	ſind	_	_	_	
4-3	497-499	ſo	_	_	_	
4-4	500-504	groß	_	_	_	
4-5	504-505	,	_	_	_	
4-6	506-509	als	_	_	_	
4-7	510-513	wie	_	_	_	
4-8	514-517	der	_	_	_	
4-9	518-525	Pfeffer	_	_	_	
4-10	525-526	,	_	_	_	
4-11	527-530	und	_	_	_	
4-12	531-535	oben	_	_	_	
4-13	536-539	wie	_	_	_	
4-14	540-543	ein	_	_	_	
4-15	544-546	Na	_	_	_	
4-16	546-547	-	_	_	_	
4-17	548-551	bel	_	_	_	
4-18	552-561	geſtaltet	_	_	_	
4-19	561-562	,	_	_	_	
4-20	563-566	und	_	_	_	
4-21	567-579	beſchlieſſen	_	_	_	
4-22	580-582	in	_	_	_	
4-23	583-588	einem	_	_	_	
4-24	589-596	duͤnnen	_	_	_	
4-25	597-606	Haͤutlein	_	_	_	
4-26	607-610	und	_	_	_	
4-27	611-624	ſchwammichten	_	_	_	
4-28	625-630	Weſen	_	_	_	
4-29	631-635	oder	_	_	_	
4-30	636-644	Fleiſche	_	_	_	
4-31	644-645	,	_	_	_	
4-32	646-650	zwey	_	_	_	
4-33	651-657	kleine	_	_	_	
4-34	658-664	ſchwar	_	_	_	
4-35	664-665	-	_	_	_	
4-36	666-669	tze	_	_	_	
4-37	670-675	Kerne	Smell\_Source	_	_	
4-38	675-676	,	_	_	_	
4-39	677-680	die	_	_	_	
4-40	681-684	mit	_	_	_	
4-41	685-690	einem	_	_	_	
4-42	691-697	zarten	_	_	_	
4-43	698-703	Haͤut	_	_	_	
4-44	703-704	-	_	_	_	
4-45	705-709	lein	_	_	_	
4-46	710-717	umgeben	_	_	_	
4-47	718-722	ſind	_	_	_	
4-48	722-723	,	_	_	_	
4-49	724-727	und	_	_	_	
4-50	728-731	wie	Effect[1]	_	_	
4-51	732-740	Naͤglein	Effect[1]	_	_	
4-52	741-750	ſchmecken	_	_	_	
4-53	751-754	und	_	_	_	
4-54	755-762	riechen	Smell\_Word	*|*|*	4-50[1_0]|4-57[2_0]|4-37	
4-55	762-763	,	_	_	_	
4-56	764-771	wiewohl	_	_	_	
4-57	772-777	nicht	Quality[2]	_	_	
4-58	778-780	ſo	Quality[2]	_	_	
4-59	781-784	gar	Quality[2]	_	_	
4-60	785-791	ſtarck	Quality[2]	_	_	
4-61	791-792	:	_	_	_	
4-62	793-798	ſonſt	_	_	_	
4-63	799-805	werden	_	_	_	
4-64	806-809	ſie	_	_	_	
4-65	810-816	Amomum	_	_	_	
4-66	817-825	genennet	_	_	_	
4-67	825-826	.	_	_	_	

#Text=Die Rinde dieſes Baumes wird in
#Text=unſern Apothecken Caſſia caryophyllata
#Text=
#Text=genennet, und giebt es dreyerley Gat-
#Text=tung dieſer Baͤume, welche aber nur
#Text=durch die Groͤſſe ihrer Fruͤchte von ein-
#Text=ander unterſchieden werden.
5-1	830-833	Die	_	_	_	
5-2	834-839	Rinde	_	_	_	
5-3	840-846	dieſes	_	_	_	
5-4	847-853	Baumes	_	_	_	
5-5	854-858	wird	_	_	_	
5-6	859-861	in	_	_	_	
5-7	862-868	unſern	_	_	_	
5-8	869-879	Apothecken	_	_	_	
5-9	880-886	Caſſia	_	_	_	
5-10	887-900	caryophyllata	_	_	_	
5-11	902-910	genennet	_	_	_	
5-12	910-911	,	_	_	_	
5-13	912-915	und	_	_	_	
5-14	916-921	giebt	_	_	_	
5-15	922-924	es	_	_	_	
5-16	925-934	dreyerley	_	_	_	
5-17	935-938	Gat	_	_	_	
5-18	938-939	-	_	_	_	
5-19	940-944	tung	_	_	_	
5-20	945-951	dieſer	_	_	_	
5-21	952-958	Baͤume	_	_	_	
5-22	958-959	,	_	_	_	
5-23	960-966	welche	_	_	_	
5-24	967-971	aber	_	_	_	
5-25	972-975	nur	_	_	_	
5-26	976-981	durch	_	_	_	
5-27	982-985	die	_	_	_	
5-28	986-993	Groͤſſe	_	_	_	
5-29	994-999	ihrer	_	_	_	
5-30	1000-1008	Fruͤchte	_	_	_	
5-31	1009-1012	von	_	_	_	
5-32	1013-1016	ein	_	_	_	
5-33	1016-1017	-	_	_	_	
5-34	1018-1023	ander	_	_	_	
5-35	1024-1037	unterſchieden	_	_	_	
5-36	1038-1044	werden	_	_	_	
5-37	1044-1045	.	_	_	_	

#Text=Sie ha-
#Text=ben
#Text=einerley Kraft mit den Naͤglein,
#Text=auch einen ſolchen Geruch und Ge-
#Text=ſchmack.
6-1	1046-1049	Sie	Smell\_Source	_	_	
6-2	1050-1052	ha	_	_	_	
6-3	1052-1053	-	_	_	_	
6-4	1054-1057	ben	_	_	_	
6-5	1058-1066	einerley	_	_	_	
6-6	1067-1072	Kraft	_	_	_	
6-7	1073-1076	mit	_	_	_	
6-8	1077-1080	den	_	_	_	
6-9	1081-1089	Naͤglein	_	_	_	
6-10	1089-1090	,	_	_	_	
6-11	1091-1095	auch	_	_	_	
6-12	1096-1101	einen	_	_	_	
6-13	1102-1109	ſolchen	_	_	_	
6-14	1110-1116	Geruch	Smell\_Word	*	6-1	
6-15	1117-1120	und	_	_	_	
6-16	1121-1123	Ge	_	_	_	
6-17	1123-1124	-	_	_	_	
6-18	1125-1132	ſchmack	_	_	_	
6-19	1132-1133	.	_	_	_	

#Text=Das Naͤgleinoͤl faͤllt zu Bo-
#Text=den, das aber aus dieſen bereitet wird,
#Text=ſchwimmet oben auf.
7-1	1134-1137	Das	_	_	_	
7-2	1138-1149	Naͤgleinoͤl	_	_	_	
7-3	1150-1156	faͤllt	_	_	_	
7-4	1157-1159	zu	_	_	_	
7-5	1160-1162	Bo	_	_	_	
7-6	1162-1163	-	_	_	_	
7-7	1164-1167	den	_	_	_	
7-8	1167-1168	,	_	_	_	
7-9	1169-1172	das	_	_	_	
7-10	1173-1177	aber	_	_	_	
7-11	1178-1181	aus	_	_	_	
7-12	1182-1188	dieſen	_	_	_	
7-13	1189-1197	bereitet	_	_	_	
7-14	1198-1202	wird	_	_	_	
7-15	1202-1203	,	_	_	_	
7-16	1204-1213	ſchwimmet	_	_	_	
7-17	1214-1218	oben	_	_	_	
7-18	1219-1222	auf	_	_	_	
7-19	1222-1223	.	_	_	_	

#Text=Herrmann haͤlt
#Text=dafuͤr, dieſe Fruͤchte ſeyen das rechte
#Text=Amomum der Alten, wie ſie denn auch
#Text=in unſern Apothecken Amomum genennt
#Text=werden.
8-1	1224-1232	Herrmann	_	_	_	
8-2	1233-1238	haͤlt	_	_	_	
8-3	1239-1245	dafuͤr	_	_	_	
8-4	1245-1246	,	_	_	_	
8-5	1247-1252	dieſe	_	_	_	
8-6	1253-1261	Fruͤchte	_	_	_	
8-7	1262-1267	ſeyen	_	_	_	
8-8	1268-1271	das	_	_	_	
8-9	1272-1278	rechte	_	_	_	
8-10	1279-1285	Amomum	_	_	_	
8-11	1286-1289	der	_	_	_	
8-12	1290-1295	Alten	_	_	_	
8-13	1295-1296	,	_	_	_	
8-14	1297-1300	wie	_	_	_	
8-15	1301-1304	ſie	_	_	_	
8-16	1305-1309	denn	_	_	_	
8-17	1310-1314	auch	_	_	_	
8-18	1315-1317	in	_	_	_	
8-19	1318-1324	unſern	_	_	_	
8-20	1325-1335	Apothecken	_	_	_	
8-21	1336-1342	Amomum	_	_	_	
8-22	1343-1350	genennt	_	_	_	
8-23	1351-1357	werden	_	_	_	
8-24	1357-1358	.	_	_	_	

#Text=Das ſechſte Capitel.
9-1	1363-1366	Das	_	_	_	
9-2	1367-1374	ſechſte	_	_	_	
9-3	1375-1382	Capitel	_	_	_	
9-4	1382-1383	.	_	_	_	

#Text=Vom langen Pfeffer.
10-1	1385-1388	Vom	_	_	_	
10-2	1389-1395	langen	_	_	_	
10-3	1396-1403	Pfeffer	_	_	_	
10-4	1403-1404	.	_	_	_	
