#FORMAT=WebAnno TSV 3.3


#Text=My attention was first directed to the subject of odours, as connected with colour, during- my attendance at the anatomical rooms in the winter session 1830-1831.
1-1	0-2	My	
1-2	3-12	attention	
1-3	13-16	was	
1-4	17-22	first	
1-5	23-31	directed	
1-6	32-34	to	
1-7	35-38	the	
1-8	39-46	subject	
1-9	47-49	of	
1-10	50-56	odours	
1-11	56-57	,	
1-12	58-60	as	
1-13	61-70	connected	
1-14	71-75	with	
1-15	76-82	colour	
1-16	82-83	,	
1-17	84-90	during	
1-18	90-91	-	
1-19	92-94	my	
1-20	95-105	attendance	
1-21	106-108	at	
1-22	109-112	the	
1-23	113-123	anatomical	
1-24	124-129	rooms	
1-25	130-132	in	
1-26	133-136	the	
1-27	137-143	winter	
1-28	144-151	session	
1-29	152-156	1830	
1-30	156-157	-	
1-31	157-161	1831	
1-32	161-162	.	

#Text=During the earlier part of that winter I generally wore a light olive-coloured dress; but happening one day to attend the rooms in black clothes, I was not a little struck by the almost intolerable smell they had acquired.
2-1	163-169	During	
2-2	170-173	the	
2-3	174-181	earlier	
2-4	182-186	part	
2-5	187-189	of	
2-6	190-194	that	
2-7	195-201	winter	
2-8	202-203	I	
2-9	204-213	generally	
2-10	214-218	wore	
2-11	219-220	a	
2-12	221-226	light	
2-13	227-241	olive-coloured	
2-14	242-247	dress	
2-15	247-248	;	
2-16	249-252	but	
2-17	253-262	happening	
2-18	263-266	one	
2-19	267-270	day	
2-20	271-273	to	
2-21	274-280	attend	
2-22	281-284	the	
2-23	285-290	rooms	
2-24	291-293	in	
2-25	294-299	black	
2-26	300-307	clothes	
2-27	307-308	,	
2-28	309-310	I	
2-29	311-314	was	
2-30	315-318	not	
2-31	319-320	a	
2-32	321-327	little	
2-33	328-334	struck	
2-34	335-337	by	
2-35	338-341	the	
2-36	342-348	almost	
2-37	349-360	intolerable	
2-38	361-366	smell	
2-39	367-371	they	
2-40	372-375	had	
2-41	376-384	acquired	
2-42	384-385	.	

#Text=The smell was so very strong as to be remarked even by the family at home, and it was recognised on the same piece of dress for several days.
3-1	386-389	The	
3-2	390-395	smell	
3-3	396-399	was	
3-4	400-402	so	
3-5	403-407	very	
3-6	408-414	strong	
3-7	415-417	as	
3-8	418-420	to	
3-9	421-423	be	
3-10	424-432	remarked	
3-11	433-437	even	
3-12	438-440	by	
3-13	441-444	the	
3-14	445-451	family	
3-15	452-454	at	
3-16	455-459	home	
3-17	459-460	,	
3-18	461-464	and	
3-19	465-467	it	
3-20	468-471	was	
3-21	472-482	recognised	
3-22	483-485	on	
3-23	486-489	the	
3-24	490-494	same	
3-25	495-500	piece	
3-26	501-503	of	
3-27	504-509	dress	
3-28	510-513	for	
3-29	514-521	several	
3-30	522-526	days	
3-31	526-527	.	

#Text=No odour to the same extent had been remarked in the lighter-coloured clothes.
4-1	528-530	No	
4-2	531-536	odour	
4-3	537-539	to	
4-4	540-543	the	
4-5	544-548	same	
4-6	549-555	extent	
4-7	556-559	had	
4-8	560-564	been	
4-9	565-573	remarked	
4-10	574-576	in	
4-11	577-580	the	
4-12	581-597	lighter-coloured	
4-13	598-605	clothes	
4-14	605-606	.	

#Text=The fetid smell which they more or less acquired in the atmosphere of the rooms was comparatively trifling, and slight exposure to the air alone was necessary to deprive them of the odour which they had thus contracted.
5-1	607-610	The	
5-2	611-616	fetid	
5-3	617-622	smell	
5-4	623-628	which	
5-5	629-633	they	
5-6	634-638	more	
5-7	639-641	or	
5-8	642-646	less	
5-9	647-655	acquired	
5-10	656-658	in	
5-11	659-662	the	
5-12	663-673	atmosphere	
5-13	674-676	of	
5-14	677-680	the	
5-15	681-686	rooms	
5-16	687-690	was	
5-17	691-704	comparatively	
5-18	705-713	trifling	
5-19	713-714	,	
5-20	715-718	and	
5-21	719-725	slight	
5-22	726-734	exposure	
5-23	735-737	to	
5-24	738-741	the	
5-25	742-745	air	
5-26	746-751	alone	
5-27	752-755	was	
5-28	756-765	necessary	
5-29	766-768	to	
5-30	769-776	deprive	
5-31	777-781	them	
5-32	782-784	of	
5-33	785-788	the	
5-34	789-794	odour	
5-35	795-800	which	
5-36	801-805	they	
5-37	806-809	had	
5-38	810-814	thus	
5-39	815-825	contracted	
5-40	825-826	.	

#Text=This circumstance led me to begin a series of experiments, to ascertain, if possible, why different cloths of nearly the same texture, but not of the same colour, should attract odours in proportions so very different.
6-1	827-831	This	
6-2	832-844	circumstance	
6-3	845-848	led	
6-4	849-851	me	
6-5	852-854	to	
6-6	855-860	begin	
6-7	861-862	a	
6-8	863-869	series	
6-9	870-872	of	
6-10	873-884	experiments	
6-11	884-885	,	
6-12	886-888	to	
6-13	889-898	ascertain	
6-14	898-899	,	
6-15	900-902	if	
6-16	903-911	possible	
6-17	911-912	,	
6-18	913-916	why	
6-19	917-926	different	
6-20	927-933	cloths	
6-21	934-936	of	
6-22	937-943	nearly	
6-23	944-947	the	
6-24	948-952	same	
6-25	953-960	texture	
6-26	960-961	,	
6-27	962-965	but	
6-28	966-969	not	
6-29	970-972	of	
6-30	973-976	the	
6-31	977-981	same	
6-32	982-988	colour	
6-33	988-989	,	
6-34	990-996	should	
6-35	997-1004	attract	
6-36	1005-1011	odours	
6-37	1012-1014	in	
6-38	1015-1026	proportions	
6-39	1027-1029	so	
6-40	1030-1034	very	
6-41	1035-1044	different	
6-42	1044-1045	.	

#Text=The result was, as I had ventured to conjecture, that the colour of bodies, independent of the nature of the substance, modifies in a striking manner the capability of surfaces for imbibing and giving out odours.\r
#Text=1.
7-1	1046-1049	The	
7-2	1050-1056	result	
7-3	1057-1060	was	
7-4	1060-1061	,	
7-5	1062-1064	as	
7-6	1065-1066	I	
7-7	1067-1070	had	
7-8	1071-1079	ventured	
7-9	1080-1082	to	
7-10	1083-1093	conjecture	
7-11	1093-1094	,	
7-12	1095-1099	that	
7-13	1100-1103	the	
7-14	1104-1110	colour	
7-15	1111-1113	of	
7-16	1114-1120	bodies	
7-17	1120-1121	,	
7-18	1122-1133	independent	
7-19	1134-1136	of	
7-20	1137-1140	the	
7-21	1141-1147	nature	
7-22	1148-1150	of	
7-23	1151-1154	the	
7-24	1155-1164	substance	
7-25	1164-1165	,	
7-26	1166-1174	modifies	
7-27	1175-1177	in	
7-28	1178-1179	a	
7-29	1180-1188	striking	
7-30	1189-1195	manner	
7-31	1196-1199	the	
7-32	1200-1210	capability	
7-33	1211-1213	of	
7-34	1214-1222	surfaces	
7-35	1223-1226	for	
7-36	1227-1235	imbibing	
7-37	1236-1239	and	
7-38	1240-1246	giving	
7-39	1247-1250	out	
7-40	1251-1257	odours	
7-41	1257-1258	.	
7-42	1260-1261	1	
7-43	1261-1262	.	

#Text=I inclosed black and white wool, ten grains of each, in a vessel with a small piece of camphor, and kept it carefully secluded from the light.
8-1	1263-1264	I	
8-2	1265-1273	inclosed	
8-3	1274-1279	black	
8-4	1280-1283	and	
8-5	1284-1289	white	
8-6	1290-1294	wool	
8-7	1294-1295	,	
8-8	1296-1299	ten	
8-9	1300-1306	grains	
8-10	1307-1309	of	
8-11	1310-1314	each	
8-12	1314-1315	,	
8-13	1316-1318	in	
8-14	1319-1320	a	
8-15	1321-1327	vessel	
8-16	1328-1332	with	
8-17	1333-1334	a	
8-18	1335-1340	small	
8-19	1341-1346	piece	
8-20	1347-1349	of	
8-21	1350-1357	camphor	
8-22	1357-1358	,	
8-23	1359-1362	and	
8-24	1363-1367	kept	
8-25	1368-1370	it	
8-26	1371-1380	carefully	
8-27	1381-1389	secluded	
8-28	1390-1394	from	
8-29	1395-1398	the	
8-30	1399-1404	light	
8-31	1404-1405	.	

#Text=When examined six hours afterwards, it was at once evident to the sense of smell that the black wool had attracted more of the odorous particles than the white wool, though neither had gained any appreciable weight.\r
#Text=2.
9-1	1406-1410	When	
9-2	1411-1419	examined	
9-3	1420-1423	six	
9-4	1424-1429	hours	
9-5	1430-1440	afterwards	
9-6	1440-1441	,	
9-7	1442-1444	it	
9-8	1445-1448	was	
9-9	1449-1451	at	
9-10	1452-1456	once	
9-11	1457-1464	evident	
9-12	1465-1467	to	
9-13	1468-1471	the	
9-14	1472-1477	sense	
9-15	1478-1480	of	
9-16	1481-1486	smell	
9-17	1487-1491	that	
9-18	1492-1495	the	
9-19	1496-1501	black	
9-20	1502-1506	wool	
9-21	1507-1510	had	
9-22	1511-1520	attracted	
9-23	1521-1525	more	
9-24	1526-1528	of	
9-25	1529-1532	the	
9-26	1533-1540	odorous	
9-27	1541-1550	particles	
9-28	1551-1555	than	
9-29	1556-1559	the	
9-30	1560-1565	white	
9-31	1566-1570	wool	
9-32	1570-1571	,	
9-33	1572-1578	though	
9-34	1579-1586	neither	
9-35	1587-1590	had	
9-36	1591-1597	gained	
9-37	1598-1601	any	
9-38	1602-1613	appreciable	
9-39	1614-1620	weight	
9-40	1620-1621	.	
9-41	1623-1624	2	
9-42	1624-1625	.	

#Text=I took equal weights of black and white wool, and put them in a small drawer along with a piece of assafcetida; in twenty-four hours the black wool had contracted a strong odour of the gum, while in the white wool, the smell was scarcely perceptible.\r
#Text=3.
10-1	1626-1627	I	
10-2	1628-1632	took	
10-3	1633-1638	equal	
10-4	1639-1646	weights	
10-5	1647-1649	of	
10-6	1650-1655	black	
10-7	1656-1659	and	
10-8	1660-1665	white	
10-9	1666-1670	wool	
10-10	1670-1671	,	
10-11	1672-1675	and	
10-12	1676-1679	put	
10-13	1680-1684	them	
10-14	1685-1687	in	
10-15	1688-1689	a	
10-16	1690-1695	small	
10-17	1696-1702	drawer	
10-18	1703-1708	along	
10-19	1709-1713	with	
10-20	1714-1715	a	
10-21	1716-1721	piece	
10-22	1722-1724	of	
10-23	1725-1736	assafcetida	
10-24	1736-1737	;	
10-25	1738-1740	in	
10-26	1741-1752	twenty-four	
10-27	1753-1758	hours	
10-28	1759-1762	the	
10-29	1763-1768	black	
10-30	1769-1773	wool	
10-31	1774-1777	had	
10-32	1778-1788	contracted	
10-33	1789-1790	a	
10-34	1791-1797	strong	
10-35	1798-1803	odour	
10-36	1804-1806	of	
10-37	1807-1810	the	
10-38	1811-1814	gum	
10-39	1814-1815	,	
10-40	1816-1821	while	
10-41	1822-1824	in	
10-42	1825-1828	the	
10-43	1829-1834	white	
10-44	1835-1839	wool	
10-45	1839-1840	,	
10-46	1841-1844	the	
10-47	1845-1850	smell	
10-48	1851-1854	was	
10-49	1855-1863	scarcely	
10-50	1864-1875	perceptible	
10-51	1875-1876	.	
10-52	1878-1879	3	
10-53	1879-1880	.	

#Text=To try the effect of odours upon a vegetable substance, I took equal quantities of black and white cotton wool, and inclosed them with assafoetida.
11-1	1881-1883	To	
11-2	1884-1887	try	
11-3	1888-1891	the	
11-4	1892-1898	effect	
11-5	1899-1901	of	
11-6	1902-1908	odours	
11-7	1909-1913	upon	
11-8	1914-1915	a	
11-9	1916-1925	vegetable	
11-10	1926-1935	substance	
11-11	1935-1936	,	
11-12	1937-1938	I	
11-13	1939-1943	took	
11-14	1944-1949	equal	
11-15	1950-1960	quantities	
11-16	1961-1963	of	
11-17	1964-1969	black	
11-18	1970-1973	and	
11-19	1974-1979	white	
11-20	1980-1986	cotton	
11-21	1987-1991	wool	
11-22	1991-1992	,	
11-23	1993-1996	and	
11-24	1997-2005	inclosed	
11-25	2006-2010	them	
11-26	2011-2015	with	
11-27	2016-2027	assafoetida	
11-28	2027-2028	.	

#Text=Two similar quantities were at the same time exposed to the emanations of camphor in another drawer.
12-1	2029-2032	Two	
12-2	2033-2040	similar	
12-3	2041-2051	quantities	
12-4	2052-2056	were	
12-5	2057-2059	at	
12-6	2060-2063	the	
12-7	2064-2068	same	
12-8	2069-2073	time	
12-9	2074-2081	exposed	
12-10	2082-2084	to	
12-11	2085-2088	the	
12-12	2089-2099	emanations	
12-13	2100-2102	of	
12-14	2103-2110	camphor	
12-15	2111-2113	in	
12-16	2114-2121	another	
12-17	2122-2128	drawer	
12-18	2128-2129	.	

#Text=In both the black-coloured cotton had attracted the\r
#Text=greatest quantity of odorous particles, as palpably evidenced by the smell.
13-1	2130-2132	In	
13-2	2133-2137	both	
13-3	2138-2141	the	
13-4	2142-2156	black-coloured	
13-5	2157-2163	cotton	
13-6	2164-2167	had	
13-7	2168-2177	attracted	
13-8	2178-2181	the	
13-9	2183-2191	greatest	
13-10	2192-2200	quantity	
13-11	2201-2203	of	
13-12	2204-2211	odorous	
13-13	2212-2221	particles	
13-14	2221-2222	,	
13-15	2223-2225	as	
13-16	2226-2234	palpably	
13-17	2235-2244	evidenced	
13-18	2245-2247	by	
13-19	2248-2251	the	
13-20	2252-2257	smell	
13-21	2257-2258	.	

#Text=These experiments were made in the month of April 1831 ; but it was not till August following that I had an opportunity of extending the investigation to other colours.\r
#Text=4.
14-1	2259-2264	These	
14-2	2265-2276	experiments	
14-3	2277-2281	were	
14-4	2282-2286	made	
14-5	2287-2289	in	
14-6	2290-2293	the	
14-7	2294-2299	month	
14-8	2300-2302	of	
14-9	2303-2308	April	
14-10	2309-2313	1831	
14-11	2314-2315	;	
14-12	2316-2319	but	
14-13	2320-2322	it	
14-14	2323-2326	was	
14-15	2327-2330	not	
14-16	2331-2335	till	
14-17	2336-2342	August	
14-18	2343-2352	following	
14-19	2353-2357	that	
14-20	2358-2359	I	
14-21	2360-2363	had	
14-22	2364-2366	an	
14-23	2367-2378	opportunity	
14-24	2379-2381	of	
14-25	2382-2391	extending	
14-26	2392-2395	the	
14-27	2396-2409	investigation	
14-28	2410-2412	to	
14-29	2413-2418	other	
14-30	2419-2426	colours	
14-31	2426-2427	.	
14-32	2429-2430	4	
14-33	2430-2431	.	

#Text=I inclosed equal weights of black, red, and white wool, in a drawer with assafcetida; and similar quantities of these coloured wools in another drawer with camphor.
15-1	2432-2433	I	
15-2	2434-2442	inclosed	
15-3	2443-2448	equal	
15-4	2449-2456	weights	
15-5	2457-2459	of	
15-6	2460-2465	black	
15-7	2465-2466	,	
15-8	2467-2470	red	
15-9	2470-2471	,	
15-10	2472-2475	and	
15-11	2476-2481	white	
15-12	2482-2486	wool	
15-13	2486-2487	,	
15-14	2488-2490	in	
15-15	2491-2492	a	
15-16	2493-2499	drawer	
15-17	2500-2504	with	
15-18	2505-2516	assafcetida	
15-19	2516-2517	;	
15-20	2518-2521	and	
15-21	2522-2529	similar	
15-22	2530-2540	quantities	
15-23	2541-2543	of	
15-24	2544-2549	these	
15-25	2550-2558	coloured	
15-26	2559-2564	wools	
15-27	2565-2567	in	
15-28	2568-2575	another	
15-29	2576-2582	drawer	
15-30	2583-2587	with	
15-31	2588-2595	camphor	
15-32	2595-2596	.	

#Text=The result was as before.
16-1	2597-2600	The	
16-2	2601-2607	result	
16-3	2608-2611	was	
16-4	2612-2614	as	
16-5	2615-2621	before	
16-6	2621-2622	.	

#Text=The black in both experiments had attracted by far the greatest quantity of odorous particles, as evidenced to smell; the red next followed in point of intensity of smell; and the white, so far as could be judged, had attracted least of the odour.\r
#Text=5.
17-1	2623-2626	The	
17-2	2627-2632	black	
17-3	2633-2635	in	
17-4	2636-2640	both	
17-5	2641-2652	experiments	
17-6	2653-2656	had	
17-7	2657-2666	attracted	
17-8	2667-2669	by	
17-9	2670-2673	far	
17-10	2674-2677	the	
17-11	2678-2686	greatest	
17-12	2687-2695	quantity	
17-13	2696-2698	of	
17-14	2699-2706	odorous	
17-15	2707-2716	particles	
17-16	2716-2717	,	
17-17	2718-2720	as	
17-18	2721-2730	evidenced	
17-19	2731-2733	to	
17-20	2734-2739	smell	
17-21	2739-2740	;	
17-22	2741-2744	the	
17-23	2745-2748	red	
17-24	2749-2753	next	
17-25	2754-2762	followed	
17-26	2763-2765	in	
17-27	2766-2771	point	
17-28	2772-2774	of	
17-29	2775-2784	intensity	
17-30	2785-2787	of	
17-31	2788-2793	smell	
17-32	2793-2794	;	
17-33	2795-2798	and	
17-34	2799-2802	the	
17-35	2803-2808	white	
17-36	2808-2809	,	
17-37	2810-2812	so	
17-38	2813-2816	far	
17-39	2817-2819	as	
17-40	2820-2825	could	
17-41	2826-2828	be	
17-42	2829-2835	judged	
17-43	2835-2836	,	
17-44	2837-2840	had	
17-45	2841-2850	attracted	
17-46	2851-2856	least	
17-47	2857-2859	of	
17-48	2860-2863	the	
17-49	2864-2869	odour	
17-50	2869-2870	.	
17-51	2872-2873	5	
17-52	2873-2874	.	

#Text=The same experiments were tried on cotton of similar colours, and with the same results.
18-1	2875-2878	The	
18-2	2879-2883	same	
18-3	2884-2895	experiments	
18-4	2896-2900	were	
18-5	2901-2906	tried	
18-6	2907-2909	on	
18-7	2910-2916	cotton	
18-8	2917-2919	of	
18-9	2920-2927	similar	
18-10	2928-2935	colours	
18-11	2935-2936	,	
18-12	2937-2940	and	
18-13	2941-2945	with	
18-14	2946-2949	the	
18-15	2950-2954	same	
18-16	2955-2962	results	
18-17	2962-2963	.	

#Text=Circumstances prevented me from resuming these investigations till the summer of 1832, when I repeated the experiments with a greater variety of coloured substances, in wool, cotton, and silk, and satisfied not only myself but many of my friends, that odour was attracted nearly in the same ratio as caloric, by coloured substances.
19-1	2964-2977	Circumstances	
19-2	2978-2987	prevented	
19-3	2988-2990	me	
19-4	2991-2995	from	
19-5	2996-3004	resuming	
19-6	3005-3010	these	
19-7	3011-3025	investigations	
19-8	3026-3030	till	
19-9	3031-3034	the	
19-10	3035-3041	summer	
19-11	3042-3044	of	
19-12	3045-3049	1832	
19-13	3049-3050	,	
19-14	3051-3055	when	
19-15	3056-3057	I	
19-16	3058-3066	repeated	
19-17	3067-3070	the	
19-18	3071-3082	experiments	
19-19	3083-3087	with	
19-20	3088-3089	a	
19-21	3090-3097	greater	
19-22	3098-3105	variety	
19-23	3106-3108	of	
19-24	3109-3117	coloured	
19-25	3118-3128	substances	
19-26	3128-3129	,	
19-27	3130-3132	in	
19-28	3133-3137	wool	
19-29	3137-3138	,	
19-30	3139-3145	cotton	
19-31	3145-3146	,	
19-32	3147-3150	and	
19-33	3151-3155	silk	
19-34	3155-3156	,	
19-35	3157-3160	and	
19-36	3161-3170	satisfied	
19-37	3171-3174	not	
19-38	3175-3179	only	
19-39	3180-3186	myself	
19-40	3187-3190	but	
19-41	3191-3195	many	
19-42	3196-3198	of	
19-43	3199-3201	my	
19-44	3202-3209	friends	
19-45	3209-3210	,	
19-46	3211-3215	that	
19-47	3216-3221	odour	
19-48	3222-3225	was	
19-49	3226-3235	attracted	
19-50	3236-3242	nearly	
19-51	3243-3245	in	
19-52	3246-3249	the	
19-53	3250-3254	same	
19-54	3255-3260	ratio	
19-55	3261-3263	as	
19-56	3264-3271	caloric	
19-57	3271-3272	,	
19-58	3273-3275	by	
19-59	3276-3284	coloured	
19-60	3285-3295	substances	
19-61	3295-3296	.	

#Text=The experiments were conducted in the same manner as the preceding.\r
#Text=6.
20-1	3297-3300	The	
20-2	3301-3312	experiments	
20-3	3313-3317	were	
20-4	3318-3327	conducted	
20-5	3328-3330	in	
20-6	3331-3334	the	
20-7	3335-3339	same	
20-8	3340-3346	manner	
20-9	3347-3349	as	
20-10	3350-3353	the	
20-11	3354-3363	preceding	
20-12	3363-3364	.	
20-13	3366-3367	6	
20-14	3367-3368	.	

#Text=I inclosed six different-coloured wools, an equal weight of each, viz. black, blue, green, red, yellow, and white, with assafoetida.
21-1	3369-3370	I	
21-2	3371-3379	inclosed	
21-3	3380-3383	six	
21-4	3384-3402	different-coloured	
21-5	3403-3408	wools	
21-6	3408-3409	,	
21-7	3410-3412	an	
21-8	3413-3418	equal	
21-9	3419-3425	weight	
21-10	3426-3428	of	
21-11	3429-3433	each	
21-12	3433-3434	,	
21-13	3435-3438	viz	
21-14	3438-3439	.	
21-15	3440-3445	black	
21-16	3445-3446	,	
21-17	3447-3451	blue	
21-18	3451-3452	,	
21-19	3453-3458	green	
21-20	3458-3459	,	
21-21	3460-3463	red	
21-22	3463-3464	,	
21-23	3465-3471	yellow	
21-24	3471-3472	,	
21-25	3473-3476	and	
21-26	3477-3482	white	
21-27	3482-3483	,	
21-28	3484-3488	with	
21-29	3489-3500	assafoetida	
21-30	3500-3501	.	

#Text=They were ranged circularly round the odorous body, without touching it or one another, and were then covered over and excluded from the light.
22-1	3502-3506	They	
22-2	3507-3511	were	
22-3	3512-3518	ranged	
22-4	3519-3529	circularly	
22-5	3530-3535	round	
22-6	3536-3539	the	
22-7	3540-3547	odorous	
22-8	3548-3552	body	
22-9	3552-3553	,	
22-10	3554-3561	without	
22-11	3562-3570	touching	
22-12	3571-3573	it	
22-13	3574-3576	or	
22-14	3577-3580	one	
22-15	3581-3588	another	
22-16	3588-3589	,	
22-17	3590-3593	and	
22-18	3594-3598	were	
22-19	3599-3603	then	
22-20	3604-3611	covered	
22-21	3612-3616	over	
22-22	3617-3620	and	
22-23	3621-3629	excluded	
22-24	3630-3634	from	
22-25	3635-3638	the	
22-26	3639-3644	light	
22-27	3644-3645	.	

#Text=At the end of twenty- four hours they were examined.
23-1	3646-3648	At	
23-2	3649-3652	the	
23-3	3653-3656	end	
23-4	3657-3659	of	
23-5	3660-3666	twenty	
23-6	3666-3667	-	
23-7	3668-3672	four	
23-8	3673-3678	hours	
23-9	3679-3683	they	
23-10	3684-3688	were	
23-11	3689-3697	examined	
23-12	3697-3698	.	

#Text=The black was found to have much the strongest smell of assafoetida; the blue the next; after that the red, and then the green; the yellow had but little smell, and the wrhite scarcely any.\r
#Text=7.
24-1	3699-3702	The	
24-2	3703-3708	black	
24-3	3709-3712	was	
24-4	3713-3718	found	
24-5	3719-3721	to	
24-6	3722-3726	have	
24-7	3727-3731	much	
24-8	3732-3735	the	
24-9	3736-3745	strongest	
24-10	3746-3751	smell	
24-11	3752-3754	of	
24-12	3755-3766	assafoetida	
24-13	3766-3767	;	
24-14	3768-3771	the	
24-15	3772-3776	blue	
24-16	3777-3780	the	
24-17	3781-3785	next	
24-18	3785-3786	;	
24-19	3787-3792	after	
24-20	3793-3797	that	
24-21	3798-3801	the	
24-22	3802-3805	red	
24-23	3805-3806	,	
24-24	3807-3810	and	
24-25	3811-3815	then	
24-26	3816-3819	the	
24-27	3820-3825	green	
24-28	3825-3826	;	
24-29	3827-3830	the	
24-30	3831-3837	yellow	
24-31	3838-3841	had	
24-32	3842-3845	but	
24-33	3846-3852	little	
24-34	3853-3858	smell	
24-35	3858-3859	,	
24-36	3860-3863	and	
24-37	3864-3867	the	
24-38	3868-3874	wrhite	
24-39	3875-3883	scarcely	
24-40	3884-3887	any	
24-41	3887-3888	.	
24-42	3890-3891	7	
24-43	3891-3892	.	

#Text=A similar experiment, using camphor instead of assafoetida, afforded precisely the same results.\r
#Text=8.
25-1	3893-3894	A	
25-2	3895-3902	similar	
25-3	3903-3913	experiment	
25-4	3913-3914	,	
25-5	3915-3920	using	
25-6	3921-3928	camphor	
25-7	3929-3936	instead	
25-8	3937-3939	of	
25-9	3940-3951	assafoetida	
25-10	3951-3952	,	
25-11	3953-3961	afforded	
25-12	3962-3971	precisely	
25-13	3972-3975	the	
25-14	3976-3980	same	
25-15	3981-3988	results	
25-16	3988-3989	.	
25-17	3991-3992	8	
25-18	3992-3993	.	

#Text=Various coloured cottons were treated in the same manner.
26-1	3994-4001	Various	
26-2	4002-4010	coloured	
26-3	4011-4018	cottons	
26-4	4019-4023	were	
26-5	4024-4031	treated	
26-6	4032-4034	in	
26-7	4035-4038	the	
26-8	4039-4043	same	
26-9	4044-4050	manner	
26-10	4050-4051	.	

#Text=In all these the smell was invariably found to be of corresponding intensity, according to the colour, as in the wools.\r
#Text=9.
27-1	4052-4054	In	
27-2	4055-4058	all	
27-3	4059-4064	these	
27-4	4065-4068	the	
27-5	4069-4074	smell	
27-6	4075-4078	was	
27-7	4079-4089	invariably	
27-8	4090-4095	found	
27-9	4096-4098	to	
27-10	4099-4101	be	
27-11	4102-4104	of	
27-12	4105-4118	corresponding	
27-13	4119-4128	intensity	
27-14	4128-4129	,	
27-15	4130-4139	according	
27-16	4140-4142	to	
27-17	4143-4146	the	
27-18	4147-4153	colour	
27-19	4153-4154	,	
27-20	4155-4157	as	
27-21	4158-4160	in	
27-22	4161-4164	the	
27-23	4165-4170	wools	
27-24	4170-4171	.	
27-25	4173-4174	9	
27-26	4174-4175	.	

#Text=Silks of different colours gave the same results.\r
#Text=10.
28-1	4176-4181	Silks	
28-2	4182-4184	of	
28-3	4185-4194	different	
28-4	4195-4202	colours	
28-5	4203-4207	gave	
28-6	4208-4211	the	
28-7	4212-4216	same	
28-8	4217-4224	results	
28-9	4224-4225	.	
28-10	4227-4229	10	
28-11	4229-4230	.	

#Text=I next endeavoured to ascertain the comparative power of vegetable and animal substances, so far as regards their influence over odours.
29-1	4231-4232	I	
29-2	4233-4237	next	
29-3	4238-4249	endeavoured	
29-4	4250-4252	to	
29-5	4253-4262	ascertain	
29-6	4263-4266	the	
29-7	4267-4278	comparative	
29-8	4279-4284	power	
29-9	4285-4287	of	
29-10	4288-4297	vegetable	
29-11	4298-4301	and	
29-12	4302-4308	animal	
29-13	4309-4319	substances	
29-14	4319-4320	,	
29-15	4321-4323	so	
29-16	4324-4327	far	
29-17	4328-4330	as	
29-18	4331-4338	regards	
29-19	4339-4344	their	
29-20	4345-4354	influence	
29-21	4355-4359	over	
29-22	4360-4366	odours	
29-23	4366-4367	.	

#Text=This was a much more delicate point to ascertain with sufficient accuracy, and free from fallacy, as it was difficult to obtain wool of the same degree of fineness as cotton, the substances I generally preferred for these experiments.
30-1	4368-4372	This	
30-2	4373-4376	was	
30-3	4377-4378	a	
30-4	4379-4383	much	
30-5	4384-4388	more	
30-6	4389-4397	delicate	
30-7	4398-4403	point	
30-8	4404-4406	to	
30-9	4407-4416	ascertain	
30-10	4417-4421	with	
30-11	4422-4432	sufficient	
30-12	4433-4441	accuracy	
30-13	4441-4442	,	
30-14	4443-4446	and	
30-15	4447-4451	free	
30-16	4452-4456	from	
30-17	4457-4464	fallacy	
30-18	4464-4465	,	
30-19	4466-4468	as	
30-20	4469-4471	it	
30-21	4472-4475	was	
30-22	4476-4485	difficult	
30-23	4486-4488	to	
30-24	4489-4495	obtain	
30-25	4496-4500	wool	
30-26	4501-4503	of	
30-27	4504-4507	the	
30-28	4508-4512	same	
30-29	4513-4519	degree	
30-30	4520-4522	of	
30-31	4523-4531	fineness	
30-32	4532-4534	as	
30-33	4535-4541	cotton	
30-34	4541-4542	,	
30-35	4543-4546	the	
30-36	4547-4557	substances	
30-37	4558-4559	I	
30-38	4560-4569	generally	
30-39	4570-4579	preferred	
30-40	4580-4583	for	
30-41	4584-4589	these	
30-42	4590-4601	experiments	
30-43	4601-4602	.	

#Text=I first inclosed equal weights of black and white wool, and black and white cotton, with camphor.
31-1	4603-4604	I	
31-2	4605-4610	first	
31-3	4611-4619	inclosed	
31-4	4620-4625	equal	
31-5	4626-4633	weights	
31-6	4634-4636	of	
31-7	4637-4642	black	
31-8	4643-4646	and	
31-9	4647-4652	white	
31-10	4653-4657	wool	
31-11	4657-4658	,	
31-12	4659-4662	and	
31-13	4663-4668	black	
31-14	4669-4672	and	
31-15	4673-4678	white	
31-16	4679-4685	cotton	
31-17	4685-4686	,	
31-18	4687-4691	with	
31-19	4692-4699	camphor	
31-20	4699-4700	.	

#Text=After twenty-four hours, the black wool had acquired a stronger smell than the cotton of similar colour; the white wool had also taken up more of the odorous particles than the white cotton, though the odour in both was very feeble.\r
#Text=11.
32-1	4701-4706	After	
32-2	4707-4718	twenty-four	
32-3	4719-4724	hours	
32-4	4724-4725	,	
32-5	4726-4729	the	
32-6	4730-4735	black	
32-7	4736-4740	wool	
32-8	4741-4744	had	
32-9	4745-4753	acquired	
32-10	4754-4755	a	
32-11	4756-4764	stronger	
32-12	4765-4770	smell	
32-13	4771-4775	than	
32-14	4776-4779	the	
32-15	4780-4786	cotton	
32-16	4787-4789	of	
32-17	4790-4797	similar	
32-18	4798-4804	colour	
32-19	4804-4805	;	
32-20	4806-4809	the	
32-21	4810-4815	white	
32-22	4816-4820	wool	
32-23	4821-4824	had	
32-24	4825-4829	also	
32-25	4830-4835	taken	
32-26	4836-4838	up	
32-27	4839-4843	more	
32-28	4844-4846	of	
32-29	4847-4850	the	
32-30	4851-4858	odorous	
32-31	4859-4868	particles	
32-32	4869-4873	than	
32-33	4874-4877	the	
32-34	4878-4883	white	
32-35	4884-4890	cotton	
32-36	4890-4891	,	
32-37	4892-4898	though	
32-38	4899-4902	the	
32-39	4903-4908	odour	
32-40	4909-4911	in	
32-41	4912-4916	both	
32-42	4917-4920	was	
32-43	4921-4925	very	
32-44	4926-4932	feeble	
32-45	4932-4933	.	
32-46	4935-4937	11	
32-47	4937-4938	.	

#Text=When assafoetida was used in a similar experiment, the odour was much more distinguishable, and it could at once be distinguished by smell, that the wool had taken up much more of the odour than the cotton.
33-1	4939-4943	When	
33-2	4944-4955	assafoetida	
33-3	4956-4959	was	
33-4	4960-4964	used	
33-5	4965-4967	in	
33-6	4968-4969	a	
33-7	4970-4977	similar	
33-8	4978-4988	experiment	
33-9	4988-4989	,	
33-10	4990-4993	the	
33-11	4994-4999	odour	
33-12	5000-5003	was	
33-13	5004-5008	much	
33-14	5009-5013	more	
33-15	5014-5029	distinguishable	
33-16	5029-5030	,	
33-17	5031-5034	and	
33-18	5035-5037	it	
33-19	5038-5043	could	
33-20	5044-5046	at	
33-21	5047-5051	once	
33-22	5052-5054	be	
33-23	5055-5068	distinguished	
33-24	5069-5071	by	
33-25	5072-5077	smell	
33-26	5077-5078	,	
33-27	5079-5083	that	
33-28	5084-5087	the	
33-29	5088-5092	wool	
33-30	5093-5096	had	
33-31	5097-5102	taken	
33-32	5103-5105	up	
33-33	5106-5110	much	
33-34	5111-5115	more	
33-35	5116-5118	of	
33-36	5119-5122	the	
33-37	5123-5128	odour	
33-38	5129-5133	than	
33-39	5134-5137	the	
33-40	5138-5144	cotton	
33-41	5144-5145	.	

#Text=Indeed, from many experiments I have made to ascertain this fact, wool appears to have a peculiar attraction for fetid odours.
34-1	5146-5152	Indeed	
34-2	5152-5153	,	
34-3	5154-5158	from	
34-4	5159-5163	many	
34-5	5164-5175	experiments	
34-6	5176-5177	I	
34-7	5178-5182	have	
34-8	5183-5187	made	
34-9	5188-5190	to	
34-10	5191-5200	ascertain	
34-11	5201-5205	this	
34-12	5206-5210	fact	
34-13	5210-5211	,	
34-14	5212-5216	wool	
34-15	5217-5224	appears	
34-16	5225-5227	to	
34-17	5228-5232	have	
34-18	5233-5234	a	
34-19	5235-5243	peculiar	
34-20	5244-5254	attraction	
34-21	5255-5258	for	
34-22	5259-5264	fetid	
34-23	5265-5271	odours	
34-24	5271-5272	.	

#Text=For instance, if, after having allowed wool to lie in contact with camphor for some time, it be afterwards placed, even for a very few hours, near a minute portion of sulphuret of barium (which, it is well known, exhales copiously the fetid odour of sulphuretted hydrogen,) it quickly loses the camphorous smell, and acquires and even retains in considerable intensity the fetid smell of the sulphuret.
35-1	5273-5276	For	
35-2	5277-5285	instance	
35-3	5285-5286	,	
35-4	5287-5289	if	
35-5	5289-5290	,	
35-6	5291-5296	after	
35-7	5297-5303	having	
35-8	5304-5311	allowed	
35-9	5312-5316	wool	
35-10	5317-5319	to	
35-11	5320-5323	lie	
35-12	5324-5326	in	
35-13	5327-5334	contact	
35-14	5335-5339	with	
35-15	5340-5347	camphor	
35-16	5348-5351	for	
35-17	5352-5356	some	
35-18	5357-5361	time	
35-19	5361-5362	,	
35-20	5363-5365	it	
35-21	5366-5368	be	
35-22	5369-5379	afterwards	
35-23	5380-5386	placed	
35-24	5386-5387	,	
35-25	5388-5392	even	
35-26	5393-5396	for	
35-27	5397-5398	a	
35-28	5399-5403	very	
35-29	5404-5407	few	
35-30	5408-5413	hours	
35-31	5413-5414	,	
35-32	5415-5419	near	
35-33	5420-5421	a	
35-34	5422-5428	minute	
35-35	5429-5436	portion	
35-36	5437-5439	of	
35-37	5440-5449	sulphuret	
35-38	5450-5452	of	
35-39	5453-5459	barium	
35-40	5460-5461	(	
35-41	5461-5466	which	
35-42	5466-5467	,	
35-43	5468-5470	it	
35-44	5471-5473	is	
35-45	5474-5478	well	
35-46	5479-5484	known	
35-47	5484-5485	,	
35-48	5486-5493	exhales	
35-49	5494-5503	copiously	
35-50	5504-5507	the	
35-51	5508-5513	fetid	
35-52	5514-5519	odour	
35-53	5520-5522	of	
35-54	5523-5535	sulphuretted	
35-55	5536-5544	hydrogen	
35-56	5544-5545	,	
35-57	5545-5546	)	
35-58	5547-5549	it	
35-59	5550-5557	quickly	
35-60	5558-5563	loses	
35-61	5564-5567	the	
35-62	5568-5578	camphorous	
35-63	5579-5584	smell	
35-64	5584-5585	,	
35-65	5586-5589	and	
35-66	5590-5598	acquires	
35-67	5599-5602	and	
35-68	5603-5607	even	
35-69	5608-5615	retains	
35-70	5616-5618	in	
35-71	5619-5631	considerable	
35-72	5632-5641	intensity	
35-73	5642-5645	the	
35-74	5646-5651	fetid	
35-75	5652-5657	smell	
35-76	5658-5660	of	
35-77	5661-5664	the	
35-78	5665-5674	sulphuret	
35-79	5674-5675	.	

#Text=It is proper to mention, that in most of these experiments I did not trust to my own olfactory organs alone.
36-1	5677-5679	It	
36-2	5680-5682	is	
36-3	5683-5689	proper	
36-4	5690-5692	to	
36-5	5693-5700	mention	
36-6	5700-5701	,	
36-7	5702-5706	that	
36-8	5707-5709	in	
36-9	5710-5714	most	
36-10	5715-5717	of	
36-11	5718-5723	these	
36-12	5724-5735	experiments	
36-13	5736-5737	I	
36-14	5738-5741	did	
36-15	5742-5745	not	
36-16	5746-5751	trust	
36-17	5752-5754	to	
36-18	5755-5757	my	
36-19	5758-5761	own	
36-20	5762-5771	olfactory	
36-21	5772-5778	organs	
36-22	5779-5784	alone	
36-23	5784-5785	.	

#Text=All the members of the family, and several of my friends, have lent their aid to distinguish between the different intensities of the odour which each substance had attracted; and though only a few experiments are here detailed, similar ones have been many times performed, with various other odorous substances.
37-1	5786-5789	All	
37-2	5790-5793	the	
37-3	5794-5801	members	
37-4	5802-5804	of	
37-5	5805-5808	the	
37-6	5809-5815	family	
37-7	5815-5816	,	
37-8	5817-5820	and	
37-9	5821-5828	several	
37-10	5829-5831	of	
37-11	5832-5834	my	
37-12	5835-5842	friends	
37-13	5842-5843	,	
37-14	5844-5848	have	
37-15	5849-5853	lent	
37-16	5854-5859	their	
37-17	5860-5863	aid	
37-18	5864-5866	to	
37-19	5867-5878	distinguish	
37-20	5879-5886	between	
37-21	5887-5890	the	
37-22	5891-5900	different	
37-23	5901-5912	intensities	
37-24	5913-5915	of	
37-25	5916-5919	the	
37-26	5920-5925	odour	
37-27	5926-5931	which	
37-28	5932-5936	each	
37-29	5937-5946	substance	
37-30	5947-5950	had	
37-31	5951-5960	attracted	
37-32	5960-5961	;	
37-33	5962-5965	and	
37-34	5966-5972	though	
37-35	5973-5977	only	
37-36	5978-5979	a	
37-37	5980-5983	few	
37-38	5984-5995	experiments	
37-39	5996-5999	are	
37-40	6000-6004	here	
37-41	6005-6013	detailed	
37-42	6013-6014	,	
37-43	6015-6022	similar	
37-44	6023-6027	ones	
37-45	6028-6032	have	
37-46	6033-6037	been	
37-47	6038-6042	many	
37-48	6043-6048	times	
37-49	6049-6058	performed	
37-50	6058-6059	,	
37-51	6060-6064	with	
37-52	6065-6072	various	
37-53	6073-6078	other	
37-54	6079-6086	odorous	
37-55	6087-6097	substances	
37-56	6097-6098	.	

#Text=The whole of these in their general results seemed to establish the fact, that the colour of substances exerted a peculiar influence over the absorption of odours.
38-1	6099-6102	The	
38-2	6103-6108	whole	
38-3	6109-6111	of	
38-4	6112-6117	these	
38-5	6118-6120	in	
38-6	6121-6126	their	
38-7	6127-6134	general	
38-8	6135-6142	results	
38-9	6143-6149	seemed	
38-10	6150-6152	to	
38-11	6153-6162	establish	
38-12	6163-6166	the	
38-13	6167-6171	fact	
38-14	6171-6172	,	
38-15	6173-6177	that	
38-16	6178-6181	the	
38-17	6182-6188	colour	
38-18	6189-6191	of	
38-19	6192-6202	substances	
38-20	6203-6210	exerted	
38-21	6211-6212	a	
38-22	6213-6221	peculiar	
38-23	6222-6231	influence	
38-24	6232-6236	over	
38-25	6237-6240	the	
38-26	6241-6251	absorption	
38-27	6252-6254	of	
38-28	6255-6261	odours	
38-29	6261-6262	.	

#Text=In all these experiments, however, reliance had to be placed upon one sense alone, viz. that of smell, as none of the substances employed had gained any appreciable weight.
39-1	6264-6266	In	
39-2	6267-6270	all	
39-3	6271-6276	these	
39-4	6277-6288	experiments	
39-5	6288-6289	,	
39-6	6290-6297	however	
39-7	6297-6298	,	
39-8	6299-6307	reliance	
39-9	6308-6311	had	
39-10	6312-6314	to	
39-11	6315-6317	be	
39-12	6318-6324	placed	
39-13	6325-6329	upon	
39-14	6330-6333	one	
39-15	6334-6339	sense	
39-16	6340-6345	alone	
39-17	6345-6346	,	
39-18	6347-6350	viz	
39-19	6350-6351	.	
39-20	6352-6356	that	
39-21	6357-6359	of	
39-22	6360-6365	smell	
39-23	6365-6366	,	
39-24	6367-6369	as	
39-25	6370-6374	none	
39-26	6375-6377	of	
39-27	6378-6381	the	
39-28	6382-6392	substances	
39-29	6393-6401	employed	
39-30	6402-6405	had	
39-31	6406-6412	gained	
39-32	6413-6416	any	
39-33	6417-6428	appreciable	
39-34	6429-6435	weight	
39-35	6435-6436	.	

#Text=I was therefore desirous, that, if possible, at least one experiment should be devised, which would show, by the evidence of actual increase of weight, that one colour invariably attracted more of any odorous substance than another; and upon considering the various odorous substances which could be easily volatilized without change, and whose odour was inseparable from the substance, I fixed upon camphor as the one best suited to my purpose.
40-1	6437-6438	I	
40-2	6439-6442	was	
40-3	6443-6452	therefore	
40-4	6453-6461	desirous	
40-5	6461-6462	,	
40-6	6463-6467	that	
40-7	6467-6468	,	
40-8	6469-6471	if	
40-9	6472-6480	possible	
40-10	6480-6481	,	
40-11	6482-6484	at	
40-12	6485-6490	least	
40-13	6491-6494	one	
40-14	6495-6505	experiment	
40-15	6506-6512	should	
40-16	6513-6515	be	
40-17	6516-6523	devised	
40-18	6523-6524	,	
40-19	6525-6530	which	
40-20	6531-6536	would	
40-21	6537-6541	show	
40-22	6541-6542	,	
40-23	6543-6545	by	
40-24	6546-6549	the	
40-25	6550-6558	evidence	
40-26	6559-6561	of	
40-27	6562-6568	actual	
40-28	6569-6577	increase	
40-29	6578-6580	of	
40-30	6581-6587	weight	
40-31	6587-6588	,	
40-32	6589-6593	that	
40-33	6594-6597	one	
40-34	6598-6604	colour	
40-35	6605-6615	invariably	
40-36	6616-6625	attracted	
40-37	6626-6630	more	
40-38	6631-6633	of	
40-39	6634-6637	any	
40-40	6638-6645	odorous	
40-41	6646-6655	substance	
40-42	6656-6660	than	
40-43	6661-6668	another	
40-44	6668-6669	;	
40-45	6670-6673	and	
40-46	6674-6678	upon	
40-47	6679-6690	considering	
40-48	6691-6694	the	
40-49	6695-6702	various	
40-50	6703-6710	odorous	
40-51	6711-6721	substances	
40-52	6722-6727	which	
40-53	6728-6733	could	
40-54	6734-6736	be	
40-55	6737-6743	easily	
40-56	6744-6755	volatilized	
40-57	6756-6763	without	
40-58	6764-6770	change	
40-59	6770-6771	,	
40-60	6772-6775	and	
40-61	6776-6781	whose	
40-62	6782-6787	odour	
40-63	6788-6791	was	
40-64	6792-6803	inseparable	
40-65	6804-6808	from	
40-66	6809-6812	the	
40-67	6813-6822	substance	
40-68	6822-6823	,	
40-69	6824-6825	I	
40-70	6826-6831	fixed	
40-71	6832-6836	upon	
40-72	6837-6844	camphor	
40-73	6845-6847	as	
40-74	6848-6851	the	
40-75	6852-6855	one	
40-76	6856-6860	best	
40-77	6861-6867	suited	
40-78	6868-6870	to	
40-79	6871-6873	my	
40-80	6874-6881	purpose	
40-81	6881-6882	.	

#Text=In an experiment of this nature, it was necessary that the camphor should be volatilized or converted into vapour, and that the coloured substances should be so placed as to come in contact with the camphor while in that state.
41-1	6883-6885	In	
41-2	6886-6888	an	
41-3	6889-6899	experiment	
41-4	6900-6902	of	
41-5	6903-6907	this	
41-6	6908-6914	nature	
41-7	6914-6915	,	
41-8	6916-6918	it	
41-9	6919-6922	was	
41-10	6923-6932	necessary	
41-11	6933-6937	that	
41-12	6938-6941	the	
41-13	6942-6949	camphor	
41-14	6950-6956	should	
41-15	6957-6959	be	
41-16	6960-6971	volatilized	
41-17	6972-6974	or	
41-18	6975-6984	converted	
41-19	6985-6989	into	
41-20	6990-6996	vapour	
41-21	6996-6997	,	
41-22	6998-7001	and	
41-23	7002-7006	that	
41-24	7007-7010	the	
41-25	7011-7019	coloured	
41-26	7020-7030	substances	
41-27	7031-7037	should	
41-28	7038-7040	be	
41-29	7041-7043	so	
41-30	7044-7050	placed	
41-31	7051-7053	as	
41-32	7054-7056	to	
41-33	7057-7061	come	
41-34	7062-7064	in	
41-35	7065-7072	contact	
41-36	7073-7077	with	
41-37	7078-7081	the	
41-38	7082-7089	camphor	
41-39	7090-7095	while	
41-40	7096-7098	in	
41-41	7099-7103	that	
41-42	7104-7109	state	
41-43	7109-7110	.	
