#FORMAT=WebAnno TSV 3.3


#Text=18 Et ab his tribus plagis occisa est tertia pars hominum de igne, et de fumo, et sulphure, quæ procedebant de ore ipsorum.
#Text=19 Potestas enim equorum in ore eorum est, et in caudis eorum, nam caudæ eorum similes serpentibus, habentes capita : et in his nocent.
#Text=20 Et ceteri homines, qui non sunt occisi in his plagis, neque pœnitentiam egerunt de operibus manuum suarum, ut non adorarent dæmonia, et simulacra aurea, et argentea, et ærea, et lapidea, et lignea, quæ neque videre possunt, neque audire, neque ambulare, 21 et non egerunt pœnitentiam ab homicidiis suis, neque a veneficiis suis, neque a fornicatione sua, neque a furtis suis.
1-1	2-4	18	
1-2	5-7	Et	
1-3	8-10	ab	
1-4	11-14	his	
1-5	15-21	tribus	
1-6	22-28	plagis	
1-7	29-35	occisa	
1-8	36-39	est	
1-9	40-46	tertia	
1-10	47-51	pars	
1-11	52-59	hominum	
1-12	60-62	de	
1-13	63-67	igne	
1-14	67-68	,	
1-15	69-71	et	
1-16	72-74	de	
1-17	75-79	fumo	
1-18	79-80	,	
1-19	81-83	et	
1-20	84-92	sulphure	
1-21	92-93	,	
1-22	94-97	quæ	
1-23	98-109	procedebant	
1-24	110-112	de	
1-25	113-116	ore	
1-26	117-124	ipsorum	
1-27	124-125	.	
1-28	126-128	19	
1-29	129-137	Potestas	
1-30	138-142	enim	
1-31	143-150	equorum	
1-32	151-153	in	
1-33	154-157	ore	
1-34	158-163	eorum	
1-35	164-167	est	
1-36	167-168	,	
1-37	169-171	et	
1-38	172-174	in	
1-39	175-181	caudis	
1-40	182-187	eorum	
1-41	187-188	,	
1-42	189-192	nam	
1-43	193-198	caudæ	
1-44	199-204	eorum	
1-45	205-212	similes	
1-46	213-224	serpentibus	
1-47	224-225	,	
1-48	226-234	habentes	
1-49	235-241	capita	
1-50	242-243	:	
1-51	244-246	et	
1-52	247-249	in	
1-53	250-253	his	
1-54	254-260	nocent	
1-55	260-261	.	
1-56	262-264	20	
1-57	265-267	Et	
1-58	268-274	ceteri	
1-59	275-282	homines	
1-60	282-283	,	
1-61	284-287	qui	
1-62	288-291	non	
1-63	292-296	sunt	
1-64	297-303	occisi	
1-65	304-306	in	
1-66	307-310	his	
1-67	311-317	plagis	
1-68	317-318	,	
1-69	319-324	neque	
1-70	325-336	pœnitentiam	
1-71	337-344	egerunt	
1-72	345-347	de	
1-73	348-356	operibus	
1-74	357-363	manuum	
1-75	364-370	suarum	
1-76	370-371	,	
1-77	372-374	ut	
1-78	375-378	non	
1-79	379-388	adorarent	
1-80	389-396	dæmonia	
1-81	396-397	,	
1-82	398-400	et	
1-83	401-410	simulacra	
1-84	411-416	aurea	
1-85	416-417	,	
1-86	418-420	et	
1-87	421-429	argentea	
1-88	429-430	,	
1-89	431-433	et	
1-90	434-438	ærea	
1-91	438-439	,	
1-92	440-442	et	
1-93	443-450	lapidea	
1-94	450-451	,	
1-95	452-454	et	
1-96	455-461	lignea	
1-97	461-462	,	
1-98	463-466	quæ	
1-99	467-472	neque	
1-100	473-479	videre	
1-101	480-487	possunt	
1-102	487-488	,	
1-103	489-494	neque	
1-104	495-501	audire	
1-105	501-502	,	
1-106	503-508	neque	
1-107	509-517	ambulare	
1-108	517-518	,	
1-109	519-521	21	
1-110	522-524	et	
1-111	525-528	non	
1-112	529-536	egerunt	
1-113	537-548	pœnitentiam	
1-114	549-551	ab	
1-115	552-562	homicidiis	
1-116	563-567	suis	
1-117	567-568	,	
1-118	569-574	neque	
1-119	575-576	a	
1-120	577-587	veneficiis	
1-121	588-592	suis	
1-122	592-593	,	
1-123	594-599	neque	
1-124	600-601	a	
1-125	602-614	fornicatione	
1-126	615-618	sua	
1-127	618-619	,	
1-128	620-625	neque	
1-129	626-627	a	
1-130	628-634	furtis	
1-131	635-639	suis	
1-132	639-640	.	

#Text=Caput 10
#Text=
#Text=
#Text=1 Et vidi alium angelum fortem descendentem de cælo amictum nube, et iris in capite ejus, et facies ejus erat ut sol, et pedes ejus tamquam columnæ ignis : 2 et habebat in manu sua libellum apertum : et posuit pedem suum dextrum super mare, sinistrum autem super terram : 3 et clamavit voce magna, quemadmodum cum leo rugit.
2-1	641-646	Caput	
2-2	647-649	10	
2-3	652-653	1	
2-4	654-656	Et	
2-5	657-661	vidi	
2-6	662-667	alium	
2-7	668-675	angelum	
2-8	676-682	fortem	
2-9	683-695	descendentem	
2-10	696-698	de	
2-11	699-703	cælo	
2-12	704-711	amictum	
2-13	712-716	nube	
2-14	716-717	,	
2-15	718-720	et	
2-16	721-725	iris	
2-17	726-728	in	
2-18	729-735	capite	
2-19	736-740	ejus	
2-20	740-741	,	
2-21	742-744	et	
2-22	745-751	facies	
2-23	752-756	ejus	
2-24	757-761	erat	
2-25	762-764	ut	
2-26	765-768	sol	
2-27	768-769	,	
2-28	770-772	et	
2-29	773-778	pedes	
2-30	779-783	ejus	
2-31	784-791	tamquam	
2-32	792-799	columnæ	
2-33	800-805	ignis	
2-34	806-807	:	
2-35	808-809	2	
2-36	810-812	et	
2-37	813-820	habebat	
2-38	821-823	in	
2-39	824-828	manu	
2-40	829-832	sua	
2-41	833-841	libellum	
2-42	842-849	apertum	
2-43	850-851	:	
2-44	852-854	et	
2-45	855-861	posuit	
2-46	862-867	pedem	
2-47	868-872	suum	
2-48	873-880	dextrum	
2-49	881-886	super	
2-50	887-891	mare	
2-51	891-892	,	
2-52	893-902	sinistrum	
2-53	903-908	autem	
2-54	909-914	super	
2-55	915-921	terram	
2-56	922-923	:	
2-57	924-925	3	
2-58	926-928	et	
2-59	929-937	clamavit	
2-60	938-942	voce	
2-61	943-948	magna	
2-62	948-949	,	
2-63	950-961	quemadmodum	
2-64	962-965	cum	
2-65	966-969	leo	
2-66	970-975	rugit	
2-67	975-976	.	

#Text=Et cum clamasset, locuta sunt septem tonitrua voces suas.
#Text=4 Et cum locuta fuissent septem tonitrua voces suas, ego scripturus eram : et audivi vocem de cælo dicentem mihi : Signa quæ locuta sunt septem tonitrua : et noli ea scribere.
#Text=5 Et angelus, quem vidi stantem super mare et super terram, levavit manum suam ad cælum : 6 et juravit per viventem in sæcula sæculorum, qui creavit cælum, et ea quæ in eo sunt : et terram, et ea quæ in ea sunt : et mare, et ea quæ in eo sunt : Quia tempus non erit amplius : 7 sed in diebus vocis septimi angeli, cum cœperit tuba canere, consummabitur mysterium Dei sicut evangelizavit per servos suos prophetas.
#Text=8 Et audivi vocem de cælo iterum loquentem mecum, et dicentem : Vade, et accipe librum apertum de manu angeli stantis super mare, et super terram.
#Text=9 Et abii ad angelum, dicens ei, ut daret mihi librum.
3-1	977-979	Et	
3-2	980-983	cum	
3-3	984-993	clamasset	
3-4	993-994	,	
3-5	995-1001	locuta	
3-6	1002-1006	sunt	
3-7	1007-1013	septem	
3-8	1014-1022	tonitrua	
3-9	1023-1028	voces	
3-10	1029-1033	suas	
3-11	1033-1034	.	
3-12	1035-1036	4	
3-13	1037-1039	Et	
3-14	1040-1043	cum	
3-15	1044-1050	locuta	
3-16	1051-1059	fuissent	
3-17	1060-1066	septem	
3-18	1067-1075	tonitrua	
3-19	1076-1081	voces	
3-20	1082-1086	suas	
3-21	1086-1087	,	
3-22	1088-1091	ego	
3-23	1092-1102	scripturus	
3-24	1103-1107	eram	
3-25	1108-1109	:	
3-26	1110-1112	et	
3-27	1113-1119	audivi	
3-28	1120-1125	vocem	
3-29	1126-1128	de	
3-30	1129-1133	cælo	
3-31	1134-1142	dicentem	
3-32	1143-1147	mihi	
3-33	1148-1149	:	
3-34	1150-1155	Signa	
3-35	1156-1159	quæ	
3-36	1160-1166	locuta	
3-37	1167-1171	sunt	
3-38	1172-1178	septem	
3-39	1179-1187	tonitrua	
3-40	1188-1189	:	
3-41	1190-1192	et	
3-42	1193-1197	noli	
3-43	1198-1200	ea	
3-44	1201-1209	scribere	
3-45	1209-1210	.	
3-46	1211-1212	5	
3-47	1213-1215	Et	
3-48	1216-1223	angelus	
3-49	1223-1224	,	
3-50	1225-1229	quem	
3-51	1230-1234	vidi	
3-52	1235-1242	stantem	
3-53	1243-1248	super	
3-54	1249-1253	mare	
3-55	1254-1256	et	
3-56	1257-1262	super	
3-57	1263-1269	terram	
3-58	1269-1270	,	
3-59	1271-1278	levavit	
3-60	1279-1284	manum	
3-61	1285-1289	suam	
3-62	1290-1292	ad	
3-63	1293-1298	cælum	
3-64	1299-1300	:	
3-65	1301-1302	6	
3-66	1303-1305	et	
3-67	1306-1313	juravit	
3-68	1314-1317	per	
3-69	1318-1326	viventem	
3-70	1327-1329	in	
3-71	1330-1336	sæcula	
3-72	1337-1346	sæculorum	
3-73	1346-1347	,	
3-74	1348-1351	qui	
3-75	1352-1359	creavit	
3-76	1360-1365	cælum	
3-77	1365-1366	,	
3-78	1367-1369	et	
3-79	1370-1372	ea	
3-80	1373-1376	quæ	
3-81	1377-1379	in	
3-82	1380-1382	eo	
3-83	1383-1387	sunt	
3-84	1388-1389	:	
3-85	1390-1392	et	
3-86	1393-1399	terram	
3-87	1399-1400	,	
3-88	1401-1403	et	
3-89	1404-1406	ea	
3-90	1407-1410	quæ	
3-91	1411-1413	in	
3-92	1414-1416	ea	
3-93	1417-1421	sunt	
3-94	1422-1423	:	
3-95	1424-1426	et	
3-96	1427-1431	mare	
3-97	1431-1432	,	
3-98	1433-1435	et	
3-99	1436-1438	ea	
3-100	1439-1442	quæ	
3-101	1443-1445	in	
3-102	1446-1448	eo	
3-103	1449-1453	sunt	
3-104	1454-1455	:	
3-105	1456-1460	Quia	
3-106	1461-1467	tempus	
3-107	1468-1471	non	
3-108	1472-1476	erit	
3-109	1477-1484	amplius	
3-110	1485-1486	:	
3-111	1487-1488	7	
3-112	1489-1492	sed	
3-113	1493-1495	in	
3-114	1496-1502	diebus	
3-115	1503-1508	vocis	
3-116	1509-1516	septimi	
3-117	1517-1523	angeli	
3-118	1523-1524	,	
3-119	1525-1528	cum	
3-120	1529-1536	cœperit	
3-121	1537-1541	tuba	
3-122	1542-1548	canere	
3-123	1548-1549	,	
3-124	1550-1563	consummabitur	
3-125	1564-1573	mysterium	
3-126	1574-1577	Dei	
3-127	1578-1583	sicut	
3-128	1584-1597	evangelizavit	
3-129	1598-1601	per	
3-130	1602-1608	servos	
3-131	1609-1613	suos	
3-132	1614-1623	prophetas	
3-133	1623-1624	.	
3-134	1625-1626	8	
3-135	1627-1629	Et	
3-136	1630-1636	audivi	
3-137	1637-1642	vocem	
3-138	1643-1645	de	
3-139	1646-1650	cælo	
3-140	1651-1657	iterum	
3-141	1658-1667	loquentem	
3-142	1668-1673	mecum	
3-143	1673-1674	,	
3-144	1675-1677	et	
3-145	1678-1686	dicentem	
3-146	1687-1688	:	
3-147	1689-1693	Vade	
3-148	1693-1694	,	
3-149	1695-1697	et	
3-150	1698-1704	accipe	
3-151	1705-1711	librum	
3-152	1712-1719	apertum	
3-153	1720-1722	de	
3-154	1723-1727	manu	
3-155	1728-1734	angeli	
3-156	1735-1742	stantis	
3-157	1743-1748	super	
3-158	1749-1753	mare	
3-159	1753-1754	,	
3-160	1755-1757	et	
3-161	1758-1763	super	
3-162	1764-1770	terram	
3-163	1770-1771	.	
3-164	1772-1773	9	
3-165	1774-1776	Et	
3-166	1777-1781	abii	
3-167	1782-1784	ad	
3-168	1785-1792	angelum	
3-169	1792-1793	,	
3-170	1794-1800	dicens	
3-171	1801-1803	ei	
3-172	1803-1804	,	
3-173	1805-1807	ut	
3-174	1808-1813	daret	
3-175	1814-1818	mihi	
3-176	1819-1825	librum	
3-177	1825-1826	.	

#Text=Et dixit mihi : Accipe librum, et devora illum : et faciet amaricari ventrem tuum, sed in ore tuo erit dulce tamquam mel.
#Text=10 Et accepi librum de manu angeli, et devoravi illum : et erat in ore meo tamquam mel dulce, et cum devorassem eum, amaricatus est venter meus : 11 et dixit mihi : Oportet te iterum prophetare gentibus, et populis, et linguis, et regibus multis.
4-1	1827-1829	Et	
4-2	1830-1835	dixit	
4-3	1836-1840	mihi	
4-4	1841-1842	:	
4-5	1843-1849	Accipe	
4-6	1850-1856	librum	
4-7	1856-1857	,	
4-8	1858-1860	et	
4-9	1861-1867	devora	
4-10	1868-1873	illum	
4-11	1874-1875	:	
4-12	1876-1878	et	
4-13	1879-1885	faciet	
4-14	1886-1895	amaricari	
4-15	1896-1903	ventrem	
4-16	1904-1908	tuum	
4-17	1908-1909	,	
4-18	1910-1913	sed	
4-19	1914-1916	in	
4-20	1917-1920	ore	
4-21	1921-1924	tuo	
4-22	1925-1929	erit	
4-23	1930-1935	dulce	
4-24	1936-1943	tamquam	
4-25	1944-1947	mel	
4-26	1947-1948	.	
4-27	1949-1951	10	
4-28	1952-1954	Et	
4-29	1955-1961	accepi	
4-30	1962-1968	librum	
4-31	1969-1971	de	
4-32	1972-1976	manu	
4-33	1977-1983	angeli	
4-34	1983-1984	,	
4-35	1985-1987	et	
4-36	1988-1996	devoravi	
4-37	1997-2002	illum	
4-38	2003-2004	:	
4-39	2005-2007	et	
4-40	2008-2012	erat	
4-41	2013-2015	in	
4-42	2016-2019	ore	
4-43	2020-2023	meo	
4-44	2024-2031	tamquam	
4-45	2032-2035	mel	
4-46	2036-2041	dulce	
4-47	2041-2042	,	
4-48	2043-2045	et	
4-49	2046-2049	cum	
4-50	2050-2060	devorassem	
4-51	2061-2064	eum	
4-52	2064-2065	,	
4-53	2066-2076	amaricatus	
4-54	2077-2080	est	
4-55	2081-2087	venter	
4-56	2088-2092	meus	
4-57	2093-2094	:	
4-58	2095-2097	11	
4-59	2098-2100	et	
4-60	2101-2106	dixit	
4-61	2107-2111	mihi	
4-62	2112-2113	:	
4-63	2114-2121	Oportet	
4-64	2122-2124	te	
4-65	2125-2131	iterum	
4-66	2132-2142	prophetare	
4-67	2143-2151	gentibus	
4-68	2151-2152	,	
4-69	2153-2155	et	
4-70	2156-2163	populis	
4-71	2163-2164	,	
4-72	2165-2167	et	
4-73	2168-2175	linguis	
4-74	2175-2176	,	
4-75	2177-2179	et	
4-76	2180-2187	regibus	
4-77	2188-2194	multis	
4-78	2194-2195	.	

#Text=Caput 11
#Text=
#Text=
#Text=1 Et datus est mihi calamus similis virgæ, et dictum est mihi : Surge, et metire templum Dei, et altare, et adorantes in eo : 2 atrium autem, quod est foris templum, ejice foras, et ne metiaris illud : quoniam datum est gentibus, et civitatem sanctam calcabunt mensibus quadraginta duobus : 3 et dabo duobus testibus meis, et prophetabunt diebus mille ducentis sexaginta, amicti saccis.
#Text=4 Hi sunt duæ olivæ et duo candelabra in conspectu Domini terræ stantes.
#Text=5 Et si quis voluerit eos nocere, ignis exiet de ore eorum, et devorabit inimicos eorum : et si quis voluerit eos lædere, sic oportet eum occidi.
#Text=6 Hi habent potestatem claudendi cælum, ne pluat diebus prophetiæ ipsorum : et potestatem habent super aquas convertendi eas in sanguinem, et percutere terram omni plaga quotiescumque voluerint.
#Text=7 Et cum finierint testimonium suum, bestia, quæ ascendit de abysso, faciet adversum eos bellum, et vincet illos, et occidet eos.
#Text=8 Et corpora eorum jacebunt in plateis civitatis magnæ, quæ vocatur spiritualiter Sodoma, et Ægyptus, ubi et Dominus eorum crucifixus est.
#Text=9 Et videbunt de tribubus, et populis, et linguis, et gentibus corpora eorum per tres dies et dimidium : et corpora eorum non sinent poni in monumentis : 10 et inhabitantes terram gaudebunt super illos, et jucundabuntur : et munera mittent invicem, quoniam hi duo prophetæ cruciaverunt eos, qui habitabant super terram.
#Text=11 Et post dies tres et dimidium, spiritus vitæ a Deo intravit in eos.
5-1	2196-2201	Caput	
5-2	2202-2204	11	
5-3	2207-2208	1	
5-4	2209-2211	Et	
5-5	2212-2217	datus	
5-6	2218-2221	est	
5-7	2222-2226	mihi	
5-8	2227-2234	calamus	
5-9	2235-2242	similis	
5-10	2243-2248	virgæ	
5-11	2248-2249	,	
5-12	2250-2252	et	
5-13	2253-2259	dictum	
5-14	2260-2263	est	
5-15	2264-2268	mihi	
5-16	2269-2270	:	
5-17	2271-2276	Surge	
5-18	2276-2277	,	
5-19	2278-2280	et	
5-20	2281-2287	metire	
5-21	2288-2295	templum	
5-22	2296-2299	Dei	
5-23	2299-2300	,	
5-24	2301-2303	et	
5-25	2304-2310	altare	
5-26	2310-2311	,	
5-27	2312-2314	et	
5-28	2315-2324	adorantes	
5-29	2325-2327	in	
5-30	2328-2330	eo	
5-31	2331-2332	:	
5-32	2333-2334	2	
5-33	2335-2341	atrium	
5-34	2342-2347	autem	
5-35	2347-2348	,	
5-36	2349-2353	quod	
5-37	2354-2357	est	
5-38	2358-2363	foris	
5-39	2364-2371	templum	
5-40	2371-2372	,	
5-41	2373-2378	ejice	
5-42	2379-2384	foras	
5-43	2384-2385	,	
5-44	2386-2388	et	
5-45	2389-2391	ne	
5-46	2392-2400	metiaris	
5-47	2401-2406	illud	
5-48	2407-2408	:	
5-49	2409-2416	quoniam	
5-50	2417-2422	datum	
5-51	2423-2426	est	
5-52	2427-2435	gentibus	
5-53	2435-2436	,	
5-54	2437-2439	et	
5-55	2440-2449	civitatem	
5-56	2450-2457	sanctam	
5-57	2458-2467	calcabunt	
5-58	2468-2476	mensibus	
5-59	2477-2488	quadraginta	
5-60	2489-2495	duobus	
5-61	2496-2497	:	
5-62	2498-2499	3	
5-63	2500-2502	et	
5-64	2503-2507	dabo	
5-65	2508-2514	duobus	
5-66	2515-2523	testibus	
5-67	2524-2528	meis	
5-68	2528-2529	,	
5-69	2530-2532	et	
5-70	2533-2545	prophetabunt	
5-71	2546-2552	diebus	
5-72	2553-2558	mille	
5-73	2559-2567	ducentis	
5-74	2568-2577	sexaginta	
5-75	2577-2578	,	
5-76	2579-2585	amicti	
5-77	2586-2592	saccis	
5-78	2592-2593	.	
5-79	2594-2595	4	
5-80	2596-2598	Hi	
5-81	2599-2603	sunt	
5-82	2604-2607	duæ	
5-83	2608-2613	olivæ	
5-84	2614-2616	et	
5-85	2617-2620	duo	
5-86	2621-2631	candelabra	
5-87	2632-2634	in	
5-88	2635-2644	conspectu	
5-89	2645-2651	Domini	
5-90	2652-2657	terræ	
5-91	2658-2665	stantes	
5-92	2665-2666	.	
5-93	2667-2668	5	
5-94	2669-2671	Et	
5-95	2672-2674	si	
5-96	2675-2679	quis	
5-97	2680-2688	voluerit	
5-98	2689-2692	eos	
5-99	2693-2699	nocere	
5-100	2699-2700	,	
5-101	2701-2706	ignis	
5-102	2707-2712	exiet	
5-103	2713-2715	de	
5-104	2716-2719	ore	
5-105	2720-2725	eorum	
5-106	2725-2726	,	
5-107	2727-2729	et	
5-108	2730-2739	devorabit	
5-109	2740-2748	inimicos	
5-110	2749-2754	eorum	
5-111	2755-2756	:	
5-112	2757-2759	et	
5-113	2760-2762	si	
5-114	2763-2767	quis	
5-115	2768-2776	voluerit	
5-116	2777-2780	eos	
5-117	2781-2787	lædere	
5-118	2787-2788	,	
5-119	2789-2792	sic	
5-120	2793-2800	oportet	
5-121	2801-2804	eum	
5-122	2805-2811	occidi	
5-123	2811-2812	.	
5-124	2813-2814	6	
5-125	2815-2817	Hi	
5-126	2818-2824	habent	
5-127	2825-2835	potestatem	
5-128	2836-2845	claudendi	
5-129	2846-2851	cælum	
5-130	2851-2852	,	
5-131	2853-2855	ne	
5-132	2856-2861	pluat	
5-133	2862-2868	diebus	
5-134	2869-2878	prophetiæ	
5-135	2879-2886	ipsorum	
5-136	2887-2888	:	
5-137	2889-2891	et	
5-138	2892-2902	potestatem	
5-139	2903-2909	habent	
5-140	2910-2915	super	
5-141	2916-2921	aquas	
5-142	2922-2933	convertendi	
5-143	2934-2937	eas	
5-144	2938-2940	in	
5-145	2941-2950	sanguinem	
5-146	2950-2951	,	
5-147	2952-2954	et	
5-148	2955-2964	percutere	
5-149	2965-2971	terram	
5-150	2972-2976	omni	
5-151	2977-2982	plaga	
5-152	2983-2996	quotiescumque	
5-153	2997-3006	voluerint	
5-154	3006-3007	.	
5-155	3008-3009	7	
5-156	3010-3012	Et	
5-157	3013-3016	cum	
5-158	3017-3026	finierint	
5-159	3027-3038	testimonium	
5-160	3039-3043	suum	
5-161	3043-3044	,	
5-162	3045-3051	bestia	
5-163	3051-3052	,	
5-164	3053-3056	quæ	
5-165	3057-3065	ascendit	
5-166	3066-3068	de	
5-167	3069-3075	abysso	
5-168	3075-3076	,	
5-169	3077-3083	faciet	
5-170	3084-3092	adversum	
5-171	3093-3096	eos	
5-172	3097-3103	bellum	
5-173	3103-3104	,	
5-174	3105-3107	et	
5-175	3108-3114	vincet	
5-176	3115-3120	illos	
5-177	3120-3121	,	
5-178	3122-3124	et	
5-179	3125-3132	occidet	
5-180	3133-3136	eos	
5-181	3136-3137	.	
5-182	3138-3139	8	
5-183	3140-3142	Et	
5-184	3143-3150	corpora	
5-185	3151-3156	eorum	
5-186	3157-3165	jacebunt	
5-187	3166-3168	in	
5-188	3169-3176	plateis	
5-189	3177-3186	civitatis	
5-190	3187-3192	magnæ	
5-191	3192-3193	,	
5-192	3194-3197	quæ	
5-193	3198-3205	vocatur	
5-194	3206-3219	spiritualiter	
5-195	3220-3226	Sodoma	
5-196	3226-3227	,	
5-197	3228-3230	et	
5-198	3231-3238	Ægyptus	
5-199	3238-3239	,	
5-200	3240-3243	ubi	
5-201	3244-3246	et	
5-202	3247-3254	Dominus	
5-203	3255-3260	eorum	
5-204	3261-3271	crucifixus	
5-205	3272-3275	est	
5-206	3275-3276	.	
5-207	3277-3278	9	
5-208	3279-3281	Et	
5-209	3282-3290	videbunt	
5-210	3291-3293	de	
5-211	3294-3302	tribubus	
5-212	3302-3303	,	
5-213	3304-3306	et	
5-214	3307-3314	populis	
5-215	3314-3315	,	
5-216	3316-3318	et	
5-217	3319-3326	linguis	
5-218	3326-3327	,	
5-219	3328-3330	et	
5-220	3331-3339	gentibus	
5-221	3340-3347	corpora	
5-222	3348-3353	eorum	
5-223	3354-3357	per	
5-224	3358-3362	tres	
5-225	3363-3367	dies	
5-226	3368-3370	et	
5-227	3371-3379	dimidium	
5-228	3380-3381	:	
5-229	3382-3384	et	
5-230	3385-3392	corpora	
5-231	3393-3398	eorum	
5-232	3399-3402	non	
5-233	3403-3409	sinent	
5-234	3410-3414	poni	
5-235	3415-3417	in	
5-236	3418-3428	monumentis	
5-237	3429-3430	:	
5-238	3431-3433	10	
5-239	3434-3436	et	
5-240	3437-3449	inhabitantes	
5-241	3450-3456	terram	
5-242	3457-3466	gaudebunt	
5-243	3467-3472	super	
5-244	3473-3478	illos	
5-245	3478-3479	,	
5-246	3480-3482	et	
5-247	3483-3496	jucundabuntur	
5-248	3497-3498	:	
5-249	3499-3501	et	
5-250	3502-3508	munera	
5-251	3509-3516	mittent	
5-252	3517-3524	invicem	
5-253	3524-3525	,	
5-254	3526-3533	quoniam	
5-255	3534-3536	hi	
5-256	3537-3540	duo	
5-257	3541-3549	prophetæ	
5-258	3550-3562	cruciaverunt	
5-259	3563-3566	eos	
5-260	3566-3567	,	
5-261	3568-3571	qui	
5-262	3572-3582	habitabant	
5-263	3583-3588	super	
5-264	3589-3595	terram	
5-265	3595-3596	.	
5-266	3597-3599	11	
5-267	3600-3602	Et	
5-268	3603-3607	post	
5-269	3608-3612	dies	
5-270	3613-3617	tres	
5-271	3618-3620	et	
5-272	3621-3629	dimidium	
5-273	3629-3630	,	
5-274	3631-3639	spiritus	
5-275	3640-3644	vitæ	
5-276	3645-3646	a	
5-277	3647-3650	Deo	
5-278	3651-3659	intravit	
5-279	3660-3662	in	
5-280	3663-3666	eos	
5-281	3666-3667	.	

#Text=Et steterunt super pedes suos, et timor magnus cecidit super eos qui viderunt eos.
6-1	3668-3670	Et	
6-2	3671-3680	steterunt	
6-3	3681-3686	super	
6-4	3687-3692	pedes	
6-5	3693-3697	suos	
6-6	3697-3698	,	
6-7	3699-3701	et	
6-8	3702-3707	timor	
6-9	3708-3714	magnus	
6-10	3715-3722	cecidit	
6-11	3723-3728	super	
6-12	3729-3732	eos	
6-13	3733-3736	qui	
6-14	3737-3745	viderunt	
6-15	3746-3749	eos	
6-16	3749-3750	.	
