#FORMAT=WebAnno TSV 3.3
#T_SP=custom.Span|label
#T_RL=custom.Relation|label|BT_custom.Span


#Text=Moraliſche Beziehungen.
1-1	3-13	Moraliſche	_	_	_	
1-2	14-25	Beziehungen	_	_	_	
1-3	25-26	.	_	_	_	

#Text=Ich hatte einſt einen Lehrer und der Lehrer hatte einen
#Text=Zopf.
2-1	28-31	Ich	_	_	_	
2-2	32-37	hatte	_	_	_	
2-3	38-43	einſt	_	_	_	
2-4	44-49	einen	_	_	_	
2-5	50-56	Lehrer	_	_	_	
2-6	57-60	und	_	_	_	
2-7	61-64	der	_	_	_	
2-8	65-71	Lehrer	_	_	_	
2-9	72-77	hatte	_	_	_	
2-10	78-83	einen	_	_	_	
2-11	84-88	Zopf	_	_	_	
2-12	88-89	.	_	_	_	

#Text=Dieſer, der Lehrer, ſagte oͤfter mit wichtiger Miene und
#Text=hohen Augenbraunen: „Der Menſch ißt um zu leben, lebt aber
#Text=nicht um zu eſſen.“
#Text=Das ganze Anſehen des Mannes dabei
#Text=verrieth unverkennbar, daß er dachte, damit wirklich etwas ge-
#Text=ſagt zu haben, ja man haͤtte ihn wohl fuͤr den erſten Erfinder
#Text=
#Text=dieſes Sinnſpruchs halten koͤnnen, mit ſo viel Antheil pflegte er
#Text=
#Text=ihn vorzubringen.
3-1	90-96	Dieſer	_	_	_	
3-2	96-97	,	_	_	_	
3-3	98-101	der	_	_	_	
3-4	102-108	Lehrer	_	_	_	
3-5	108-109	,	_	_	_	
3-6	110-115	ſagte	_	_	_	
3-7	116-122	oͤfter	_	_	_	
3-8	123-126	mit	_	_	_	
3-9	127-136	wichtiger	_	_	_	
3-10	137-142	Miene	_	_	_	
3-11	143-146	und	_	_	_	
3-12	147-152	hohen	_	_	_	
3-13	153-165	Augenbraunen	_	_	_	
3-14	165-166	:	_	_	_	
3-15	167-168	„	_	_	_	
3-16	168-171	Der	_	_	_	
3-17	172-178	Menſch	_	_	_	
3-18	179-182	ißt	_	_	_	
3-19	183-185	um	_	_	_	
3-20	186-188	zu	_	_	_	
3-21	189-194	leben	_	_	_	
3-22	194-195	,	_	_	_	
3-23	196-200	lebt	_	_	_	
3-24	201-205	aber	_	_	_	
3-25	206-211	nicht	_	_	_	
3-26	212-214	um	_	_	_	
3-27	215-217	zu	_	_	_	
3-28	218-223	eſſen	_	_	_	
3-29	223-224	.	_	_	_	
3-30	224-225	“	_	_	_	
3-31	226-229	Das	_	_	_	
3-32	230-235	ganze	_	_	_	
3-33	236-243	Anſehen	_	_	_	
3-34	244-247	des	_	_	_	
3-35	248-254	Mannes	_	_	_	
3-36	255-260	dabei	_	_	_	
3-37	261-269	verrieth	_	_	_	
3-38	270-282	unverkennbar	_	_	_	
3-39	282-283	,	_	_	_	
3-40	284-287	daß	_	_	_	
3-41	288-290	er	_	_	_	
3-42	291-297	dachte	_	_	_	
3-43	297-298	,	_	_	_	
3-44	299-304	damit	_	_	_	
3-45	305-313	wirklich	_	_	_	
3-46	314-319	etwas	_	_	_	
3-47	320-322	ge	_	_	_	
3-48	322-323	-	_	_	_	
3-49	324-328	ſagt	_	_	_	
3-50	329-331	zu	_	_	_	
3-51	332-337	haben	_	_	_	
3-52	337-338	,	_	_	_	
3-53	339-341	ja	_	_	_	
3-54	342-345	man	_	_	_	
3-55	346-352	haͤtte	_	_	_	
3-56	353-356	ihn	_	_	_	
3-57	357-361	wohl	_	_	_	
3-58	362-366	fuͤr	_	_	_	
3-59	367-370	den	_	_	_	
3-60	371-377	erſten	_	_	_	
3-61	378-386	Erfinder	_	_	_	
3-62	388-394	dieſes	_	_	_	
3-63	395-406	Sinnſpruchs	_	_	_	
3-64	407-413	halten	_	_	_	
3-65	414-421	koͤnnen	_	_	_	
3-66	421-422	,	_	_	_	
3-67	423-426	mit	_	_	_	
3-68	427-429	ſo	_	_	_	
3-69	430-434	viel	_	_	_	
3-70	435-442	Antheil	_	_	_	
3-71	443-450	pflegte	_	_	_	
3-72	451-453	er	_	_	_	
3-73	455-458	ihn	_	_	_	
3-74	459-471	vorzubringen	_	_	_	
3-75	471-472	.	_	_	_	

#Text=Es war dieß in der Trivialſchule, und da
#Text=gehoͤrte es hin.
4-1	473-475	Es	_	_	_	
4-2	476-479	war	_	_	_	
4-3	480-484	dieß	_	_	_	
4-4	485-487	in	_	_	_	
4-5	488-491	der	_	_	_	
4-6	492-505	Trivialſchule	_	_	_	
4-7	505-506	,	_	_	_	
4-8	507-510	und	_	_	_	
4-9	511-513	da	_	_	_	
4-10	514-522	gehoͤrte	_	_	_	
4-11	523-525	es	_	_	_	
4-12	526-529	hin	_	_	_	
4-13	529-530	.	_	_	_	

#Text=Ich habe nun im Verlaufe des Lebens dieſe
#Text=Worte oͤfter gehoͤrt und geleſen und, wie nun Vorſtellungs-Aſſo-
#Text=ciationen eben ſind, jedesmal dachte ich dabei an meinen Schul-
#Text=meiſter und ſeinen Zopf.
5-1	531-534	Ich	_	_	_	
5-2	535-539	habe	_	_	_	
5-3	540-543	nun	_	_	_	
5-4	544-546	im	_	_	_	
5-5	547-555	Verlaufe	_	_	_	
5-6	556-559	des	_	_	_	
5-7	560-566	Lebens	_	_	_	
5-8	567-572	dieſe	_	_	_	
5-9	573-578	Worte	_	_	_	
5-10	579-585	oͤfter	_	_	_	
5-11	586-593	gehoͤrt	_	_	_	
5-12	594-597	und	_	_	_	
5-13	598-605	geleſen	_	_	_	
5-14	606-609	und	_	_	_	
5-15	609-610	,	_	_	_	
5-16	611-614	wie	_	_	_	
5-17	615-618	nun	_	_	_	
5-18	619-636	Vorſtellungs-Aſſo	_	_	_	
5-19	636-637	-	_	_	_	
5-20	638-647	ciationen	_	_	_	
5-21	648-652	eben	_	_	_	
5-22	653-657	ſind	_	_	_	
5-23	657-658	,	_	_	_	
5-24	659-667	jedesmal	_	_	_	
5-25	668-674	dachte	_	_	_	
5-26	675-678	ich	_	_	_	
5-27	679-684	dabei	_	_	_	
5-28	685-687	an	_	_	_	
5-29	688-694	meinen	_	_	_	
5-30	695-700	Schul	_	_	_	
5-31	700-701	-	_	_	_	
5-32	702-709	meiſter	_	_	_	
5-33	710-713	und	_	_	_	
5-34	714-720	ſeinen	_	_	_	
5-35	721-725	Zopf	_	_	_	
5-36	725-726	.	_	_	_	

#Text=Dieſes ſtete Handeln irgend eines Nutzens und aͤußerlichen
#Text=Zweckes wegen, dieſes aͤngſtliche Ruͤck- und Vorwaͤrtslauern
#Text=bei jedem Tritt und Schritt, dieſe gemeine Abſichtlichkeit macht
#Text=unſere Zeit uͤber die Maaßen ſchaal und trivial.
6-1	730-736	Dieſes	_	_	_	
6-2	737-742	ſtete	_	_	_	
6-3	743-750	Handeln	_	_	_	
6-4	751-757	irgend	_	_	_	
6-5	758-763	eines	_	_	_	
6-6	764-771	Nutzens	_	_	_	
6-7	772-775	und	_	_	_	
6-8	776-788	aͤußerlichen	_	_	_	
6-9	789-796	Zweckes	_	_	_	
6-10	797-802	wegen	_	_	_	
6-11	802-803	,	_	_	_	
6-12	804-810	dieſes	_	_	_	
6-13	811-822	aͤngſtliche	_	_	_	
6-14	823-828	Ruͤck	_	_	_	
6-15	828-829	-	_	_	_	
6-16	830-833	und	_	_	_	
6-17	834-849	Vorwaͤrtslauern	_	_	_	
6-18	850-853	bei	_	_	_	
6-19	854-859	jedem	_	_	_	
6-20	860-865	Tritt	_	_	_	
6-21	866-869	und	_	_	_	
6-22	870-877	Schritt	_	_	_	
6-23	877-878	,	_	_	_	
6-24	879-884	dieſe	_	_	_	
6-25	885-892	gemeine	_	_	_	
6-26	893-908	Abſichtlichkeit	_	_	_	
6-27	909-914	macht	_	_	_	
6-28	915-921	unſere	_	_	_	
6-29	922-926	Zeit	_	_	_	
6-30	927-932	uͤber	_	_	_	
6-31	933-936	die	_	_	_	
6-32	937-943	Maaßen	_	_	_	
6-33	944-950	ſchaal	_	_	_	
6-34	951-954	und	_	_	_	
6-35	955-962	trivial	_	_	_	
6-36	962-963	.	_	_	_	

#Text=Man riecht
#Text=an eine Roſe um zu nießen, wenn man keine Priſe Schnupf-
#Text=tabak bei der Hand hat.
7-1	964-967	Man	Perceiver	_	_	
7-2	968-974	riecht	Smell\_Word	*|*|*|*	7-1|7-4[1_0]|7-6[2_0]|7-10[3_0]	
7-3	975-977	an	_	_	_	
7-4	978-982	eine	Smell\_Source[1]	_	_	
7-5	983-987	Roſe	Smell\_Source[1]	_	_	
7-6	988-990	um	Effect[2]	_	_	
7-7	991-993	zu	Effect[2]	_	_	
7-8	994-1000	nießen	Effect[2]	_	_	
7-9	1000-1001	,	_	_	_	
7-10	1002-1006	wenn	Circumstances[3]	_	_	
7-11	1007-1010	man	Circumstances[3]	_	_	
7-12	1011-1016	keine	Circumstances[3]	_	_	
7-13	1017-1022	Priſe	Circumstances[3]	_	_	
7-14	1023-1030	Schnupf	Circumstances[3]	_	_	
7-15	1030-1031	-	Circumstances[3]	_	_	
7-16	1032-1037	tabak	Circumstances[3]	_	_	
7-17	1038-1041	bei	Circumstances[3]	_	_	
7-18	1042-1045	der	Circumstances[3]	_	_	
7-19	1046-1050	Hand	Circumstances[3]	_	_	
7-20	1051-1054	hat	Circumstances[3]	_	_	
7-21	1054-1055	.	_	_	_	

#Text=Der Motion wegen wird, aͤrztlicher
#Text=Vorſchrift gemaͤß, ein Spaziergang durch Flur und Wald un-
#Text=ternommen, und der Blick wendet ſich kaum von dem uͤppigen
#Text=Wuchs der Wieſen, weil Gruͤn den Augen ſo geſund iſt.
8-1	1056-1059	Der	_	_	_	
8-2	1060-1066	Motion	_	_	_	
8-3	1067-1072	wegen	_	_	_	
8-4	1073-1077	wird	_	_	_	
8-5	1077-1078	,	_	_	_	
8-6	1079-1090	aͤrztlicher	_	_	_	
8-7	1091-1101	Vorſchrift	_	_	_	
8-8	1102-1108	gemaͤß	_	_	_	
8-9	1108-1109	,	_	_	_	
8-10	1110-1113	ein	_	_	_	
8-11	1114-1125	Spaziergang	_	_	_	
8-12	1126-1131	durch	_	_	_	
8-13	1132-1136	Flur	_	_	_	
8-14	1137-1140	und	_	_	_	
8-15	1141-1145	Wald	_	_	_	
8-16	1146-1148	un	_	_	_	
8-17	1148-1149	-	_	_	_	
8-18	1150-1159	ternommen	_	_	_	
8-19	1159-1160	,	_	_	_	
8-20	1161-1164	und	_	_	_	
8-21	1165-1168	der	_	_	_	
8-22	1169-1174	Blick	_	_	_	
8-23	1175-1181	wendet	_	_	_	
8-24	1182-1186	ſich	_	_	_	
8-25	1187-1191	kaum	_	_	_	
8-26	1192-1195	von	_	_	_	
8-27	1196-1199	dem	_	_	_	
8-28	1200-1208	uͤppigen	_	_	_	
8-29	1209-1214	Wuchs	_	_	_	
8-30	1215-1218	der	_	_	_	
8-31	1219-1225	Wieſen	_	_	_	
8-32	1225-1226	,	_	_	_	
8-33	1227-1231	weil	_	_	_	
8-34	1232-1237	Gruͤn	_	_	_	
8-35	1238-1241	den	_	_	_	
8-36	1242-1247	Augen	_	_	_	
8-37	1248-1250	ſo	_	_	_	
8-38	1251-1257	geſund	_	_	_	
8-39	1258-1261	iſt	_	_	_	
8-40	1261-1262	.	_	_	_	

#Text=Man
#Text=ſieht und hoͤrt ein Kunſtwerk, eine Gemaͤldeausſtellung, eine
#Text=neue Oper, um doch Antwort geben zu koͤnnen, wenn Seine
#Text=Excellenz etwa daruͤber fragen ſollte.
9-1	1263-1266	Man	_	_	_	
9-2	1267-1272	ſieht	_	_	_	
9-3	1273-1276	und	_	_	_	
9-4	1277-1282	hoͤrt	_	_	_	
9-5	1283-1286	ein	_	_	_	
9-6	1287-1296	Kunſtwerk	_	_	_	
9-7	1296-1297	,	_	_	_	
9-8	1298-1302	eine	_	_	_	
9-9	1303-1322	Gemaͤldeausſtellung	_	_	_	
9-10	1322-1323	,	_	_	_	
9-11	1324-1328	eine	_	_	_	
9-12	1329-1333	neue	_	_	_	
9-13	1334-1338	Oper	_	_	_	
9-14	1338-1339	,	_	_	_	
9-15	1340-1342	um	_	_	_	
9-16	1343-1347	doch	_	_	_	
9-17	1348-1355	Antwort	_	_	_	
9-18	1356-1361	geben	_	_	_	
9-19	1362-1364	zu	_	_	_	
9-20	1365-1372	koͤnnen	_	_	_	
9-21	1372-1373	,	_	_	_	
9-22	1374-1378	wenn	_	_	_	
9-23	1379-1384	Seine	_	_	_	
9-24	1385-1394	Excellenz	_	_	_	
9-25	1395-1399	etwa	_	_	_	
9-26	1400-1408	daruͤber	_	_	_	
9-27	1409-1415	fragen	_	_	_	
9-28	1416-1422	ſollte	_	_	_	
9-29	1422-1423	.	_	_	_	

#Text=Man geht zu einem
#Text=Gaſtmahl, nicht um zu eſſen, — nein um zu leben
10-1	1424-1427	Man	_	_	_	
10-2	1428-1432	geht	_	_	_	
10-3	1433-1435	zu	_	_	_	
10-4	1436-1441	einem	_	_	_	
10-5	1442-1450	Gaſtmahl	_	_	_	
10-6	1450-1451	,	_	_	_	
10-7	1452-1457	nicht	_	_	_	
10-8	1458-1460	um	_	_	_	
10-9	1461-1463	zu	_	_	_	
10-10	1464-1469	eſſen	_	_	_	
10-11	1469-1470	,	_	_	_	
10-12	1471-1472	—	_	_	_	
10-13	1473-1477	nein	_	_	_	
10-14	1478-1480	um	_	_	_	
10-15	1481-1483	zu	_	_	_	
10-16	1484-1489	leben	_	_	_	

#Text=.
11-1	1489-1490	.	_	_	_	

#Text=[97/0111
#Text=]
#Text=
#Text=
#Text=Mit Ausnahme einiger Weniger, die wirklich etwas dumm
#Text=ſind, iſt’s aber bei der Mehrzahl lauter Gleißnerei, Heuchelei
#Text=und Luͤge, — der Fluch unſerer ganzen Zeit.
12-1	1495-1496	[	_	_	_	
12-2	1496-1498	97	_	_	_	
12-3	1498-1499	/	_	_	_	
12-4	1499-1503	0111	_	_	_	
12-5	1504-1505	]	_	_	_	
12-6	1508-1511	Mit	_	_	_	
12-7	1512-1520	Ausnahme	_	_	_	
12-8	1521-1528	einiger	_	_	_	
12-9	1529-1536	Weniger	_	_	_	
12-10	1536-1537	,	_	_	_	
12-11	1538-1541	die	_	_	_	
12-12	1542-1550	wirklich	_	_	_	
12-13	1551-1556	etwas	_	_	_	
12-14	1557-1561	dumm	_	_	_	
12-15	1562-1566	ſind	_	_	_	
12-16	1566-1567	,	_	_	_	
12-17	1568-1571	iſt	_	_	_	
12-18	1571-1572	’	_	_	_	
12-19	1572-1573	s	_	_	_	
12-20	1574-1578	aber	_	_	_	
12-21	1579-1582	bei	_	_	_	
12-22	1583-1586	der	_	_	_	
12-23	1587-1595	Mehrzahl	_	_	_	
12-24	1596-1602	lauter	_	_	_	
12-25	1603-1613	Gleißnerei	_	_	_	
12-26	1613-1614	,	_	_	_	
12-27	1615-1624	Heuchelei	_	_	_	
12-28	1625-1628	und	_	_	_	
12-29	1629-1634	Luͤge	_	_	_	
12-30	1634-1635	,	_	_	_	
12-31	1636-1637	—	_	_	_	
12-32	1638-1641	der	_	_	_	
12-33	1642-1647	Fluch	_	_	_	
12-34	1648-1655	unſerer	_	_	_	
12-35	1656-1662	ganzen	_	_	_	
12-36	1663-1667	Zeit	_	_	_	
12-37	1667-1668	.	_	_	_	

#Text=Da forciren ſich die Leute Geſinnungen an, wie ſie eben
#Text=verlangt und bezahlt werden, und zappeln mit Arm und Bein,
#Text=um ſie gehoͤrigen Orts an Mann zu bringen.
13-1	1672-1674	Da	_	_	_	
13-2	1675-1683	forciren	_	_	_	
13-3	1684-1688	ſich	_	_	_	
13-4	1689-1692	die	_	_	_	
13-5	1693-1698	Leute	_	_	_	
13-6	1699-1710	Geſinnungen	_	_	_	
13-7	1711-1713	an	_	_	_	
13-8	1713-1714	,	_	_	_	
13-9	1715-1718	wie	_	_	_	
13-10	1719-1722	ſie	_	_	_	
13-11	1723-1727	eben	_	_	_	
13-12	1728-1736	verlangt	_	_	_	
13-13	1737-1740	und	_	_	_	
13-14	1741-1748	bezahlt	_	_	_	
13-15	1749-1755	werden	_	_	_	
13-16	1755-1756	,	_	_	_	
13-17	1757-1760	und	_	_	_	
13-18	1761-1768	zappeln	_	_	_	
13-19	1769-1772	mit	_	_	_	
13-20	1773-1776	Arm	_	_	_	
13-21	1777-1780	und	_	_	_	
13-22	1781-1785	Bein	_	_	_	
13-23	1785-1786	,	_	_	_	
13-24	1787-1789	um	_	_	_	
13-25	1790-1793	ſie	_	_	_	
13-26	1794-1804	gehoͤrigen	_	_	_	
13-27	1805-1809	Orts	_	_	_	
13-28	1810-1812	an	_	_	_	
13-29	1813-1817	Mann	_	_	_	
13-30	1818-1820	zu	_	_	_	
13-31	1821-1828	bringen	_	_	_	
13-32	1828-1829	.	_	_	_	
