#FORMAT=WebAnno TSV 3.3


#Text=Hy voegt’er by, dat men om eenen visscher te beletten dat hy niets vange, Zout rond
#Text=om zyn Net moet smyten.
1-1	2-4	Hy	
1-2	5-10	voegt	
1-3	10-11	’	
1-4	11-13	er	
1-5	14-16	by	
1-6	16-17	,	
1-7	18-21	dat	
1-8	22-25	men	
1-9	26-28	om	
1-10	29-34	eenen	
1-11	35-43	visscher	
1-12	44-46	te	
1-13	47-55	beletten	
1-14	56-59	dat	
1-15	60-62	hy	
1-16	63-68	niets	
1-17	69-74	vange	
1-18	74-75	,	
1-19	76-80	Zout	
1-20	81-85	rond	
1-21	86-88	om	
1-22	89-92	zyn	
1-23	93-96	Net	
1-24	97-101	moet	
1-25	102-108	smyten	
1-26	108-109	.	

#Text=Ander geheim van DIDYMUS om Rivier-Visch te vangen.
2-1	111-116	Ander	
2-2	117-123	geheim	
2-3	124-127	van	
2-4	128-135	DIDYMUS	
2-5	136-138	om	
2-6	139-151	Rivier-Visch	
2-7	152-154	te	
2-8	155-161	vangen	
2-9	161-162	.	

#Text=Neemt Schaapen-vet, Turksch
#Text=Koren, Look, geurigen
#Text=Wyn, Orego, Thym, droge
#Text=Rosmaryn, van elks middelmatig
#Text=, stoot alles zamen en maakt’er kleine broodjes van,
#Text=om in de Rivier te stroojen.
3-1	165-170	Neemt	
3-2	171-183	Schaapen-vet	
3-3	183-184	,	
3-4	185-192	Turksch	
3-5	193-198	Koren	
3-6	198-199	,	
3-7	200-204	Look	
3-8	204-205	,	
3-9	206-214	geurigen	
3-10	215-218	Wyn	
3-11	218-219	,	
3-12	220-225	Orego	
3-13	225-226	,	
3-14	227-231	Thym	
3-15	231-232	,	
3-16	233-238	droge	
3-17	239-247	Rosmaryn	
3-18	247-248	,	
3-19	249-252	van	
3-20	253-257	elks	
3-21	258-269	middelmatig	
3-22	270-271	,	
3-23	272-277	stoot	
3-24	278-283	alles	
3-25	284-289	zamen	
3-26	290-292	en	
3-27	293-298	maakt	
3-28	298-299	’	
3-29	299-301	er	
3-30	302-308	kleine	
3-31	309-317	broodjes	
3-32	318-321	van	
3-33	321-322	,	
3-34	323-325	om	
3-35	326-328	in	
3-36	329-331	de	
3-37	332-338	Rivier	
3-38	339-341	te	
3-39	342-350	stroojen	
3-40	350-351	.	

#Text=Slaap-middel om Visch te vangen, geheim van TARENTINUS.
4-1	353-365	Slaap-middel	
4-2	366-368	om	
4-3	369-374	Visch	
4-4	375-377	te	
4-5	378-384	vangen	
4-6	384-385	,	
4-7	386-392	geheim	
4-8	393-396	van	
4-9	397-407	TARENTINUS	
4-10	407-408	.	

#Text=Neemt eene once
#Text=Steur van de stinkendste die’er te krygen is, eene once geele
#Text=Kapelletjes, die in de tuinen vliegen, Anys, Geite kaas, van ieder een loot, Zap van
#Text=’t Kruid Panax een half loot, Verkens-bloed een loot, zoo veel Galbanum;
#Text=Stoot alles
#Text=klein, en wanneer het onder een gemengt is, giet’er wat zuiveren Wyn door, die wat
#Text=wrang is, maakt’er spitze balletjes van, zoo als men de reuk-kaarsjes maakt, en zet
#Text=ze in de schaduwe te drogen.
5-1	410-415	Neemt	
5-2	416-420	eene	
5-3	421-425	once	
5-4	426-431	Steur	
5-5	432-435	van	
5-6	436-438	de	
5-7	439-450	stinkendste	
5-8	451-454	die	
5-9	454-455	’	
5-10	455-457	er	
5-11	458-460	te	
5-12	461-467	krygen	
5-13	468-470	is	
5-14	470-471	,	
5-15	472-476	eene	
5-16	477-481	once	
5-17	482-487	geele	
5-18	488-499	Kapelletjes	
5-19	499-500	,	
5-20	501-504	die	
5-21	505-507	in	
5-22	508-510	de	
5-23	511-517	tuinen	
5-24	518-525	vliegen	
5-25	525-526	,	
5-26	527-531	Anys	
5-27	531-532	,	
5-28	533-538	Geite	
5-29	539-543	kaas	
5-30	543-544	,	
5-31	545-548	van	
5-32	549-554	ieder	
5-33	555-558	een	
5-34	559-563	loot	
5-35	563-564	,	
5-36	565-568	Zap	
5-37	569-572	van	
5-38	573-574	’	
5-39	574-575	t	
5-40	576-581	Kruid	
5-41	582-587	Panax	
5-42	588-591	een	
5-43	592-596	half	
5-44	597-601	loot	
5-45	601-602	,	
5-46	603-616	Verkens-bloed	
5-47	617-620	een	
5-48	621-625	loot	
5-49	625-626	,	
5-50	627-630	zoo	
5-51	631-635	veel	
5-52	636-644	Galbanum	
5-53	644-645	;	
5-54	646-651	Stoot	
5-55	652-657	alles	
5-56	658-663	klein	
5-57	663-664	,	
5-58	665-667	en	
5-59	668-675	wanneer	
5-60	676-679	het	
5-61	680-685	onder	
5-62	686-689	een	
5-63	690-697	gemengt	
5-64	698-700	is	
5-65	700-701	,	
5-66	702-706	giet	
5-67	706-707	’	
5-68	707-709	er	
5-69	710-713	wat	
5-70	714-722	zuiveren	
5-71	723-726	Wyn	
5-72	727-731	door	
5-73	731-732	,	
5-74	733-736	die	
5-75	737-740	wat	
5-76	741-746	wrang	
5-77	747-749	is	
5-78	749-750	,	
5-79	751-756	maakt	
5-80	756-757	’	
5-81	757-759	er	
5-82	760-766	spitze	
5-83	767-776	balletjes	
5-84	777-780	van	
5-85	780-781	,	
5-86	782-785	zoo	
5-87	786-789	als	
5-88	790-793	men	
5-89	794-796	de	
5-90	797-810	reuk-kaarsjes	
5-91	811-816	maakt	
5-92	816-817	,	
5-93	818-820	en	
5-94	821-824	zet	
5-95	825-827	ze	
5-96	828-830	in	
5-97	831-833	de	
5-98	834-842	schaduwe	
5-99	843-845	te	
5-100	846-852	drogen	
5-101	852-853	.	

#Text=Ander Slaap-middel van denzelven, om kleine Rivier-Visch te vangen.
6-1	855-860	Ander	
6-2	861-873	Slaap-middel	
6-3	874-877	van	
6-4	878-887	denzelven	
6-5	887-888	,	
6-6	889-891	om	
6-7	892-898	kleine	
6-8	899-911	Rivier-Visch	
6-9	912-914	te	
6-10	915-921	vangen	
6-11	921-922	.	

#Text=Neemt
#Text=Kalfs bloed en Kalfs vleesch, dat gy tot kleine stukken moet maken;
#Text=zet het
#Text=in een aarden pot, laat het daar tien dagen lang in staan, en gebruik het daarna.
7-1	924-929	Neemt	
7-2	930-935	Kalfs	
7-3	936-941	bloed	
7-4	942-944	en	
7-5	945-950	Kalfs	
7-6	951-958	vleesch	
7-7	958-959	,	
7-8	960-963	dat	
7-9	964-966	gy	
7-10	967-970	tot	
7-11	971-977	kleine	
7-12	978-985	stukken	
7-13	986-990	moet	
7-14	991-996	maken	
7-15	996-997	;	
7-16	998-1001	zet	
7-17	1002-1005	het	
7-18	1006-1008	in	
7-19	1009-1012	een	
7-20	1013-1019	aarden	
7-21	1020-1023	pot	
7-22	1023-1024	,	
7-23	1025-1029	laat	
7-24	1030-1033	het	
7-25	1034-1038	daar	
7-26	1039-1043	tien	
7-27	1044-1049	dagen	
7-28	1050-1054	lang	
7-29	1055-1057	in	
7-30	1058-1063	staan	
7-31	1063-1064	,	
7-32	1065-1067	en	
7-33	1068-1075	gebruik	
7-34	1076-1079	het	
7-35	1080-1086	daarna	
7-36	1086-1087	.	

#Text=Ander
#Text=Aas om in Netten te doen, van denzelven
#Text=Schryver.
8-1	1089-1094	Ander	
8-2	1095-1098	Aas	
8-3	1099-1101	om	
8-4	1102-1104	in	
8-5	1105-1111	Netten	
8-6	1112-1114	te	
8-7	1115-1119	doen	
8-8	1119-1120	,	
8-9	1121-1124	van	
8-10	1125-1134	denzelven	
8-11	1135-1143	Schryver	
8-12	1143-1144	.	

#Text=Neemt modder, en het uitgedrukte Zap van mirabolaan, Menschen-drek, en kruim
#Text=van Brod; stoot elk byzonder, mengt het en doet het in de netten, gy zult uwen tyd
#Text=niet verspillen.
9-1	1146-1151	Neemt	
9-2	1152-1158	modder	
9-3	1158-1159	,	
9-4	1160-1162	en	
9-5	1163-1166	het	
9-6	1167-1178	uitgedrukte	
9-7	1179-1182	Zap	
9-8	1183-1186	van	
9-9	1187-1197	mirabolaan	
9-10	1197-1198	,	
9-11	1199-1212	Menschen-drek	
9-12	1212-1213	,	
9-13	1214-1216	en	
9-14	1217-1222	kruim	
9-15	1223-1226	van	
9-16	1227-1231	Brod	
9-17	1231-1232	;	
9-18	1233-1238	stoot	
9-19	1239-1242	elk	
9-20	1243-1251	byzonder	
9-21	1251-1252	,	
9-22	1253-1258	mengt	
9-23	1259-1262	het	
9-24	1263-1265	en	
9-25	1266-1270	doet	
9-26	1271-1274	het	
9-27	1275-1277	in	
9-28	1278-1280	de	
9-29	1281-1287	netten	
9-30	1287-1288	,	
9-31	1289-1291	gy	
9-32	1292-1296	zult	
9-33	1297-1301	uwen	
9-34	1302-1305	tyd	
9-35	1306-1310	niet	
9-36	1311-1321	verspillen	
9-37	1321-1322	.	

#Text=Geheimen die in ’t Boek genaamt MAISON RUSTIQUE staan.
10-1	1324-1332	Geheimen	
10-2	1333-1336	die	
10-3	1337-1339	in	
10-4	1340-1341	’	
10-5	1341-1342	t	
10-6	1343-1347	Boek	
10-7	1348-1355	genaamt	
10-8	1356-1362	MAISON	
10-9	1363-1371	RUSTIQUE	
10-10	1372-1377	staan	
10-11	1377-1378	.	
