#FORMAT=WebAnno TSV 3.3


#Text=die Helden, an den Wunden verblutend, zer-
#Text=ſchmettert, ſeelig aufſchreiend im Tod', ja, und ich
#Text=ſelbſt hab' es mit erlebt, — denn ich fühlte mich auch
#Text=verwundet, und fühlte wie der Geiſt Abſchied nahm,
#Text=gern noch verweilt hätte unter den Palmen der Sieges-
#Text=göttin, und doch, da ſie ihn enthob, auch gern ſich mit
#Text=ihr aufſchwang.
1-1	0-3	die	
1-2	4-10	Helden	
1-3	10-11	,	
1-4	12-14	an	
1-5	15-18	den	
1-6	19-25	Wunden	
1-7	26-36	verblutend	
1-8	36-37	,	
1-9	38-41	zer	
1-10	41-42	-	
1-11	43-53	ſchmettert	
1-12	53-54	,	
1-13	55-61	ſeelig	
1-14	62-74	aufſchreiend	
1-15	75-77	im	
1-16	78-81	Tod	
1-17	81-82	'	
1-18	82-83	,	
1-19	84-86	ja	
1-20	86-87	,	
1-21	88-91	und	
1-22	92-95	ich	
1-23	96-102	ſelbſt	
1-24	103-106	hab	
1-25	106-107	'	
1-26	108-110	es	
1-27	111-114	mit	
1-28	115-121	erlebt	
1-29	121-122	,	
1-30	123-124	—	
1-31	125-129	denn	
1-32	130-133	ich	
1-33	134-140	fühlte	
1-34	141-145	mich	
1-35	146-150	auch	
1-36	151-160	verwundet	
1-37	160-161	,	
1-38	162-165	und	
1-39	166-172	fühlte	
1-40	173-176	wie	
1-41	177-180	der	
1-42	181-186	Geiſt	
1-43	187-195	Abſchied	
1-44	196-200	nahm	
1-45	200-201	,	
1-46	202-206	gern	
1-47	207-211	noch	
1-48	212-220	verweilt	
1-49	221-226	hätte	
1-50	227-232	unter	
1-51	233-236	den	
1-52	237-243	Palmen	
1-53	244-247	der	
1-54	248-254	Sieges	
1-55	254-255	-	
1-56	256-262	göttin	
1-57	262-263	,	
1-58	264-267	und	
1-59	268-272	doch	
1-60	272-273	,	
1-61	274-276	da	
1-62	277-280	ſie	
1-63	281-284	ihn	
1-64	285-291	enthob	
1-65	291-292	,	
1-66	293-297	auch	
1-67	298-302	gern	
1-68	303-307	ſich	
1-69	308-311	mit	
1-70	312-315	ihr	
1-71	316-326	aufſchwang	
1-72	326-327	.	

#Text=Ja, ſo hab' ich's erlebt und anderes
#Text=noch: wo ich mich einſam fühlte, in tiefe, wilde Schluch-
#Text=ten ſah, nicht tief — untief;
#Text=unendliche Berge über
#Text=mir, ahndend die Gegenwart der Geiſter.
2-1	328-330	Ja	
2-2	330-331	,	
2-3	332-334	ſo	
2-4	335-338	hab	
2-5	338-339	'	
2-6	340-345	ich's	
2-7	346-352	erlebt	
2-8	353-356	und	
2-9	357-364	anderes	
2-10	365-369	noch	
2-11	369-370	:	
2-12	371-373	wo	
2-13	374-377	ich	
2-14	378-382	mich	
2-15	383-389	einſam	
2-16	390-396	fühlte	
2-17	396-397	,	
2-18	398-400	in	
2-19	401-406	tiefe	
2-20	406-407	,	
2-21	408-413	wilde	
2-22	414-421	Schluch	
2-23	421-422	-	
2-24	423-426	ten	
2-25	427-430	ſah	
2-26	430-431	,	
2-27	432-437	nicht	
2-28	438-442	tief	
2-29	443-444	—	
2-30	445-451	untief	
2-31	451-452	;	
2-32	453-463	unendliche	
2-33	464-469	Berge	
2-34	470-474	über	
2-35	475-478	mir	
2-36	478-479	,	
2-37	480-487	ahndend	
2-38	488-491	die	
2-39	492-501	Gegenwart	
2-40	502-505	der	
2-41	506-513	Geiſter	
2-42	513-514	.	

#Text=Ja, ich nahm
#Text=mich zuſammen und ſagte: kommt nur, ihr Geiſter,
#Text=kommt nur heran;
#Text=weil ihr göttlich ſeid und höher als
#Text=ich, ſo will ich mich nicht wehren.
3-1	515-517	Ja	
3-2	517-518	,	
3-3	519-522	ich	
3-4	523-527	nahm	
3-5	528-532	mich	
3-6	533-541	zuſammen	
3-7	542-545	und	
3-8	546-551	ſagte	
3-9	551-552	:	
3-10	553-558	kommt	
3-11	559-562	nur	
3-12	562-563	,	
3-13	564-567	ihr	
3-14	568-575	Geiſter	
3-15	575-576	,	
3-16	577-582	kommt	
3-17	583-586	nur	
3-18	587-592	heran	
3-19	592-593	;	
3-20	594-598	weil	
3-21	599-602	ihr	
3-22	603-611	göttlich	
3-23	612-616	ſeid	
3-24	617-620	und	
3-25	621-626	höher	
3-26	627-630	als	
3-27	631-634	ich	
3-28	634-635	,	
3-29	636-638	ſo	
3-30	639-643	will	
3-31	644-647	ich	
3-32	648-652	mich	
3-33	653-658	nicht	
3-34	659-665	wehren	
3-35	665-666	.	

#Text=Da hörte ich aus
#Text=dem unſäglichen Gebrauſ' der Stimmen die Geiſter ſich
#Text=losreißen;
#Text=— ſie wichen von einander — ich ſah ſie
#Text=
#Text=aus der Ferne in glänzendem Fluge mir nahen;
#Text=durch
#Text=
#Text=\f
#Text=[286/0318
#Text=]
#Text=
#Text=die himmliſche blaue Luft verdufteten ſie ihre ſilberne
#Text=Weisheit, und ſie neigten ſich in den Felſenſaal herab
#Text=und ſtrömten Licht über die ſchwarzen Abgründe, daß
#Text=alles ſichtbar war.
4-1	667-669	Da	
4-2	670-675	hörte	
4-3	676-679	ich	
4-4	680-683	aus	
4-5	684-687	dem	
4-6	688-699	unſäglichen	
4-7	700-707	Gebrauſ	
4-8	707-708	'	
4-9	709-712	der	
4-10	713-720	Stimmen	
4-11	721-724	die	
4-12	725-732	Geiſter	
4-13	733-737	ſich	
4-14	738-747	losreißen	
4-15	747-748	;	
4-16	749-750	—	
4-17	751-754	ſie	
4-18	755-761	wichen	
4-19	762-765	von	
4-20	766-774	einander	
4-21	775-776	—	
4-22	777-780	ich	
4-23	781-784	ſah	
4-24	785-788	ſie	
4-25	790-793	aus	
4-26	794-797	der	
4-27	798-803	Ferne	
4-28	804-806	in	
4-29	807-817	glänzendem	
4-30	818-823	Fluge	
4-31	824-827	mir	
4-32	828-833	nahen	
4-33	833-834	;	
4-34	835-840	durch	
4-35	844-845	[	
4-36	845-848	286	
4-37	848-849	/	
4-38	849-853	0318	
4-39	854-855	]	
4-40	857-860	die	
4-41	861-871	himmliſche	
4-42	872-877	blaue	
4-43	878-882	Luft	
4-44	883-894	verdufteten	
4-45	895-898	ſie	
4-46	899-903	ihre	
4-47	904-912	ſilberne	
4-48	913-921	Weisheit	
4-49	921-922	,	
4-50	923-926	und	
4-51	927-930	ſie	
4-52	931-938	neigten	
4-53	939-943	ſich	
4-54	944-946	in	
4-55	947-950	den	
4-56	951-961	Felſenſaal	
4-57	962-967	herab	
4-58	968-971	und	
4-59	972-980	ſtrömten	
4-60	981-986	Licht	
4-61	987-991	über	
4-62	992-995	die	
4-63	996-1005	ſchwarzen	
4-64	1006-1014	Abgründe	
4-65	1014-1015	,	
4-66	1016-1019	daß	
4-67	1020-1025	alles	
4-68	1026-1034	ſichtbar	
4-69	1035-1038	war	
4-70	1038-1039	.	

#Text=Da ſprangen die Wellen in Blu-
#Text=men in die Höhe und umtanzten ſie, und ihr Nahen,
#Text=ihr ganzes Sprechen war ein Eindringen ihrer Schön-
#Text=heit auf mich, daß meine Augen ſie kaum faßten mit
#Text=allem Beiſtand des Geiſtes — und das war ihre ganze
#Text=Wirkung auf mich.
5-1	1040-1042	Da	
5-2	1043-1051	ſprangen	
5-3	1052-1055	die	
5-4	1056-1062	Wellen	
5-5	1063-1065	in	
5-6	1066-1069	Blu	
5-7	1069-1070	-	
5-8	1071-1074	men	
5-9	1075-1077	in	
5-10	1078-1081	die	
5-11	1082-1086	Höhe	
5-12	1087-1090	und	
5-13	1091-1100	umtanzten	
5-14	1101-1104	ſie	
5-15	1104-1105	,	
5-16	1106-1109	und	
5-17	1110-1113	ihr	
5-18	1114-1119	Nahen	
5-19	1119-1120	,	
5-20	1121-1124	ihr	
5-21	1125-1131	ganzes	
5-22	1132-1140	Sprechen	
5-23	1141-1144	war	
5-24	1145-1148	ein	
5-25	1149-1159	Eindringen	
5-26	1160-1165	ihrer	
5-27	1166-1171	Schön	
5-28	1171-1172	-	
5-29	1173-1177	heit	
5-30	1178-1181	auf	
5-31	1182-1186	mich	
5-32	1186-1187	,	
5-33	1188-1191	daß	
5-34	1192-1197	meine	
5-35	1198-1203	Augen	
5-36	1204-1207	ſie	
5-37	1208-1212	kaum	
5-38	1213-1219	faßten	
5-39	1220-1223	mit	
5-40	1224-1229	allem	
5-41	1230-1238	Beiſtand	
5-42	1239-1242	des	
5-43	1243-1250	Geiſtes	
5-44	1251-1252	—	
5-45	1253-1256	und	
5-46	1257-1260	das	
5-47	1261-1264	war	
5-48	1265-1269	ihre	
5-49	1270-1275	ganze	
5-50	1276-1283	Wirkung	
5-51	1284-1287	auf	
5-52	1288-1292	mich	
5-53	1292-1293	.	

#Text=O Goethe!
6-1	1296-1297	O	
6-2	1298-1304	Goethe	
6-3	1304-1305	!	

#Text=ich könnte Dir noch
#Text=viele Geſichte mit-
#Text=theilen;
#Text=ja, ich glaub's,
#Text=daß Orpheus ſich umringt ſah
#Text=von den wilden Thieren, die in ſüßer Wehmuth auf-
#Text=ſtöhnten mit den Seufzern ſeines Geſangs;
#Text=ich glaub's,
#Text=daß die Bäume und Felſen ſich nahten, und neue Grup-
#Text=pen und Wälder bildeten, denn auch ich hab's erlebt;
#Text=
#Text=ich ſah Säulen emporſteigen und wunderbares Gebälk
#Text=tragen, auf dem ſich ſchöne Jünglinge wiegten;
#Text=ich ſah
#Text=Hallen, in denen erhabene Götterbilder aufgeſtellt wa-
#Text=ren;
7-1	1306-1309	ich	
7-2	1310-1316	könnte	
7-3	1317-1320	Dir	
7-4	1321-1325	noch	
7-5	1326-1331	viele	
7-6	1332-1340	Geſichte	
7-7	1341-1344	mit	
7-8	1344-1345	-	
7-9	1346-1353	theilen	
7-10	1353-1354	;	
7-11	1355-1357	ja	
7-12	1357-1358	,	
7-13	1359-1362	ich	
7-14	1363-1370	glaub's	
7-15	1370-1371	,	
7-16	1372-1375	daß	
7-17	1376-1383	Orpheus	
7-18	1384-1388	ſich	
7-19	1389-1396	umringt	
7-20	1397-1400	ſah	
7-21	1401-1404	von	
7-22	1405-1408	den	
7-23	1409-1415	wilden	
7-24	1416-1423	Thieren	
7-25	1423-1424	,	
7-26	1425-1428	die	
7-27	1429-1431	in	
7-28	1432-1437	ſüßer	
7-29	1438-1445	Wehmuth	
7-30	1446-1449	auf	
7-31	1449-1450	-	
7-32	1451-1459	ſtöhnten	
7-33	1460-1463	mit	
7-34	1464-1467	den	
7-35	1468-1476	Seufzern	
7-36	1477-1483	ſeines	
7-37	1484-1491	Geſangs	
7-38	1491-1492	;	
7-39	1493-1496	ich	
7-40	1497-1504	glaub's	
7-41	1504-1505	,	
7-42	1506-1509	daß	
7-43	1510-1513	die	
7-44	1514-1519	Bäume	
7-45	1520-1523	und	
7-46	1524-1530	Felſen	
7-47	1531-1535	ſich	
7-48	1536-1542	nahten	
7-49	1542-1543	,	
7-50	1544-1547	und	
7-51	1548-1552	neue	
7-52	1553-1557	Grup	
7-53	1557-1558	-	
7-54	1559-1562	pen	
7-55	1563-1566	und	
7-56	1567-1573	Wälder	
7-57	1574-1582	bildeten	
7-58	1582-1583	,	
7-59	1584-1588	denn	
7-60	1589-1593	auch	
7-61	1594-1597	ich	
7-62	1598-1603	hab's	
7-63	1604-1610	erlebt	
7-64	1610-1611	;	
7-65	1613-1616	ich	
7-66	1617-1620	ſah	
7-67	1621-1627	Säulen	
7-68	1628-1640	emporſteigen	
7-69	1641-1644	und	
7-70	1645-1656	wunderbares	
7-71	1657-1663	Gebälk	
7-72	1664-1670	tragen	
7-73	1670-1671	,	
7-74	1672-1675	auf	
7-75	1676-1679	dem	
7-76	1680-1684	ſich	
7-77	1685-1691	ſchöne	
7-78	1692-1701	Jünglinge	
7-79	1702-1709	wiegten	
7-80	1709-1710	;	
7-81	1711-1714	ich	
7-82	1715-1718	ſah	
7-83	1719-1725	Hallen	
7-84	1725-1726	,	
7-85	1727-1729	in	
7-86	1730-1735	denen	
7-87	1736-1744	erhabene	
7-88	1745-1757	Götterbilder	
7-89	1758-1769	aufgeſtellt	
7-90	1770-1772	wa	
7-91	1772-1773	-	
7-92	1774-1777	ren	
7-93	1777-1778	;	
