#FORMAT=WebAnno TSV 3.3


#Text=Zy is ook goed voor de Wurmen.
1-1	2-4	Zy	
1-2	5-7	is	
1-3	8-11	ook	
1-4	12-16	goed	
1-5	17-21	voor	
1-6	22-24	de	
1-7	25-31	Wurmen	
1-8	31-32	.	

#Text=Zy zet Gal af, en stopt.
2-1	33-35	Zy	
2-2	36-39	zet	
2-3	40-43	Gal	
2-4	44-46	af	
2-5	46-47	,	
2-6	48-50	en	
2-7	51-56	stopt	
2-8	56-57	.	

#Text=Zy maakt eetlust,
#Text=en bevorderdt de vertering, herstellende de kragt der spiertjes van de Maag.
3-1	58-60	Zy	
3-2	61-66	maakt	
3-3	67-74	eetlust	
3-4	74-75	,	
3-5	76-78	en	
3-6	79-89	bevorderdt	
3-7	90-92	de	
3-8	93-102	vertering	
3-9	102-103	,	
3-10	104-116	herstellende	
3-11	117-119	de	
3-12	120-125	kragt	
3-13	126-129	der	
3-14	130-139	spiertjes	
3-15	140-143	van	
3-16	144-146	de	
3-17	147-151	Maag	
3-18	151-152	.	

#Text=Men
#Text=geeft ze in poeijer in een lepel Vleesnat; van vyftien of twintig grein tot een half
#Text=
#Text=M.
4-1	153-156	Men	
4-2	157-162	geeft	
4-3	163-165	ze	
4-4	166-168	in	
4-5	169-176	poeijer	
4-6	177-179	in	
4-7	180-183	een	
4-8	184-189	lepel	
4-9	190-198	Vleesnat	
4-10	198-199	;	
4-11	200-203	van	
4-12	204-211	vyftien	
4-13	212-214	of	
4-14	215-222	twintig	
4-15	223-228	grein	
4-16	229-232	tot	
4-17	233-236	een	
4-18	237-241	half	
4-19	243-244	M	
4-20	244-245	.	

#Text=Noel Chomel, Huishoudelyk woordboek
#Text=
#Text=\fdragma; maar al trekkende in gemeen water tot een dragma.
5-1	246-250	Noel	
5-2	251-257	Chomel	
5-3	257-258	,	
5-4	259-271	Huishoudelyk	
5-5	272-281	woordboek	
5-6	284-290	dragma	
5-7	290-291	;	
5-8	292-296	maar	
5-9	297-299	al	
5-10	300-309	trekkende	
5-11	310-312	in	
5-12	313-319	gemeen	
5-13	320-325	water	
5-14	326-329	tot	
5-15	330-333	een	
5-16	334-340	dragma	
5-17	340-341	.	

#Text=Men kan ze ook tot een
#Text=Kaaumiddel gebruiken, om dat hare bitterheid draaglyk is.
6-1	342-345	Men	
6-2	346-349	kan	
6-3	350-352	ze	
6-4	353-356	ook	
6-5	357-360	tot	
6-6	361-364	een	
6-7	365-375	Kaaumiddel	
6-8	376-385	gebruiken	
6-9	385-386	,	
6-10	387-389	om	
6-11	390-393	dat	
6-12	394-398	hare	
6-13	399-409	bitterheid	
6-14	410-418	draaglyk	
6-15	419-421	is	
6-16	421-422	.	

#Text=Men geeft, gedurende
#Text=vyftien dagen tot een gemene drank
#Text=
#Text=M.
7-1	423-426	Men	
7-2	427-432	geeft	
7-3	432-433	,	
7-4	434-443	gedurende	
7-5	444-451	vyftien	
7-6	452-457	dagen	
7-7	458-461	tot	
7-8	462-465	een	
7-9	466-472	gemene	
7-10	473-478	drank	
7-11	480-481	M	
7-12	481-482	.	

#Text=Noel Chomel, Huishoudelyk woordboek
#Text=
#Text=\f896
#Text=aan de Kinderen, die Wurmen hebben, een licht aftreksel van een dragma Rabarber
#Text=in een pint water, met een weinig Zoethout.
8-1	483-487	Noel	
8-2	488-494	Chomel	
8-3	494-495	,	
8-4	496-508	Huishoudelyk	
8-5	509-518	woordboek	
8-6	521-524	896	
8-7	525-528	aan	
8-8	529-531	de	
8-9	532-540	Kinderen	
8-10	540-541	,	
8-11	542-545	die	
8-12	546-552	Wurmen	
8-13	553-559	hebben	
8-14	559-560	,	
8-15	561-564	een	
8-16	565-570	licht	
8-17	571-580	aftreksel	
8-18	581-584	van	
8-19	585-588	een	
8-20	589-595	dragma	
8-21	596-604	Rabarber	
8-22	605-607	in	
8-23	608-611	een	
8-24	612-616	pint	
8-25	617-622	water	
8-26	622-623	,	
8-27	624-627	met	
8-28	628-631	een	
8-29	632-638	weinig	
8-30	639-647	Zoethout	
8-31	647-648	.	

#Text=Men doet geen Verbetermiddel by de
#Text=Rhabarber; om dat het een Middel is zo zacht, dat het onbekwaam zy, om’er enige
#Text=kwade uitwerking van te hebben.
9-1	649-652	Men	
9-2	653-657	doet	
9-3	658-662	geen	
9-4	663-677	Verbetermiddel	
9-5	678-680	by	
9-6	681-683	de	
9-7	684-693	Rhabarber	
9-8	693-694	;	
9-9	695-697	om	
9-10	698-701	dat	
9-11	702-705	het	
9-12	706-709	een	
9-13	710-716	Middel	
9-14	717-719	is	
9-15	720-722	zo	
9-16	723-728	zacht	
9-17	728-729	,	
9-18	730-733	dat	
9-19	734-737	het	
9-20	738-747	onbekwaam	
9-21	748-750	zy	
9-22	750-751	,	
9-23	752-754	om	
9-24	754-755	’	
9-25	755-757	er	
9-26	758-763	enige	
9-27	764-769	kwade	
9-28	770-780	uitwerking	
9-29	781-784	van	
9-30	785-787	te	
9-31	788-794	hebben	
9-32	794-795	.	

#Text=Extract van Rhabarber.
10-1	798-805	Extract	
10-2	806-809	van	
10-3	810-819	Rhabarber	
10-4	819-820	.	

#Text=Neem een goed deel gekneusde Rhabarber, doe ze warm in Cichoreiwater trekken,
#Text=zo dat’er het water drie, of vier vingeren breed opstaat.
11-1	823-827	Neem	
11-2	828-831	een	
11-3	832-836	goed	
11-4	837-841	deel	
11-5	842-851	gekneusde	
11-6	852-861	Rhabarber	
11-7	861-862	,	
11-8	863-866	doe	
11-9	867-869	ze	
11-10	870-874	warm	
11-11	875-877	in	
11-12	878-891	Cichoreiwater	
11-13	892-899	trekken	
11-14	899-900	,	
11-15	901-903	zo	
11-16	904-907	dat	
11-17	907-908	’	
11-18	908-910	er	
11-19	911-914	het	
11-20	915-920	water	
11-21	921-925	drie	
11-22	925-926	,	
11-23	927-929	of	
11-24	930-934	vier	
11-25	935-943	vingeren	
11-26	944-949	breed	
11-27	950-957	opstaat	
11-28	957-958	.	

#Text=Na dat het twaalf uren heeft
#Text=getrokken, zult gy ze met vocht een walm laten opkoken, en ze hebbende door een
#Text=Stamyu laten zygen, zult gy ze in een Posteleine pot bewaren.
12-1	959-961	Na	
12-2	962-965	dat	
12-3	966-969	het	
12-4	970-976	twaalf	
12-5	977-981	uren	
12-6	982-987	heeft	
12-7	988-997	getrokken	
12-8	997-998	,	
12-9	999-1003	zult	
12-10	1004-1006	gy	
12-11	1007-1009	ze	
12-12	1010-1013	met	
12-13	1014-1019	vocht	
12-14	1020-1023	een	
12-15	1024-1028	walm	
12-16	1029-1034	laten	
12-17	1035-1042	opkoken	
12-18	1042-1043	,	
12-19	1044-1046	en	
12-20	1047-1049	ze	
12-21	1050-1058	hebbende	
12-22	1059-1063	door	
12-23	1064-1067	een	
12-24	1068-1074	Stamyu	
12-25	1075-1080	laten	
12-26	1081-1086	zygen	
12-27	1086-1087	,	
12-28	1088-1092	zult	
12-29	1093-1095	gy	
12-30	1096-1098	ze	
12-31	1099-1101	in	
12-32	1102-1105	een	
12-33	1106-1116	Posteleine	
12-34	1117-1120	pot	
12-35	1121-1128	bewaren	
12-36	1128-1129	.	

#Text=Daar na zult gy ’t
#Text=overschot in een ander Cichoreiwater laten trekken, gelyk te voren, en daar na ’t
#Text=Treksel afgieten, en ’t overschot sterk uitpersen.
13-1	1130-1134	Daar	
13-2	1135-1137	na	
13-3	1138-1142	zult	
13-4	1143-1145	gy	
13-5	1146-1147	’	
13-6	1147-1148	t	
13-7	1149-1158	overschot	
13-8	1159-1161	in	
13-9	1162-1165	een	
13-10	1166-1171	ander	
13-11	1172-1185	Cichoreiwater	
13-12	1186-1191	laten	
13-13	1192-1199	trekken	
13-14	1199-1200	,	
13-15	1201-1206	gelyk	
13-16	1207-1209	te	
13-17	1210-1215	voren	
13-18	1215-1216	,	
13-19	1217-1219	en	
13-20	1220-1224	daar	
13-21	1225-1227	na	
13-22	1228-1229	’	
13-23	1229-1230	t	
13-24	1231-1238	Treksel	
13-25	1239-1247	afgieten	
13-26	1247-1248	,	
13-27	1249-1251	en	
13-28	1252-1253	’	
13-29	1253-1254	t	
13-30	1255-1264	overschot	
13-31	1265-1270	sterk	
13-32	1271-1280	uitpersen	
13-33	1280-1281	.	

#Text=Eindelyk zult gy uwe twe Aftrekzels
#Text=
#Text=
#Text=onder een mengen, en ze hebbende laten bezinken, zult gyze laten deurzygen; en de
#Text=vocht laten uitdampen in een glaze vaatwerk; op laau zand, tot dat het overschot een
#Text=Honig dikte heeft gekregen.
14-1	1282-1290	Eindelyk	
14-2	1291-1295	zult	
14-3	1296-1298	gy	
14-4	1299-1302	uwe	
14-5	1303-1306	twe	
14-6	1307-1317	Aftrekzels	
14-7	1320-1325	onder	
14-8	1326-1329	een	
14-9	1330-1336	mengen	
14-10	1336-1337	,	
14-11	1338-1340	en	
14-12	1341-1343	ze	
14-13	1344-1352	hebbende	
14-14	1353-1358	laten	
14-15	1359-1367	bezinken	
14-16	1367-1368	,	
14-17	1369-1373	zult	
14-18	1374-1378	gyze	
14-19	1379-1384	laten	
14-20	1385-1394	deurzygen	
14-21	1394-1395	;	
14-22	1396-1398	en	
14-23	1399-1401	de	
14-24	1402-1407	vocht	
14-25	1408-1413	laten	
14-26	1414-1423	uitdampen	
14-27	1424-1426	in	
14-28	1427-1430	een	
14-29	1431-1436	glaze	
14-30	1437-1445	vaatwerk	
14-31	1445-1446	;	
14-32	1447-1449	op	
14-33	1450-1454	laau	
14-34	1455-1459	zand	
14-35	1459-1460	,	
14-36	1461-1464	tot	
14-37	1465-1468	dat	
14-38	1469-1472	het	
14-39	1473-1482	overschot	
14-40	1483-1486	een	
14-41	1487-1492	Honig	
14-42	1493-1498	dikte	
14-43	1499-1504	heeft	
14-44	1505-1513	gekregen	
14-45	1513-1514	.	

#Text=Buiten de bovengemelde eigenschappen, is ’t Extract van Rhabarber uitnemend
#Text=voor de Lever en Mllt.
15-1	1516-1522	Buiten	
15-2	1523-1525	de	
15-3	1526-1538	bovengemelde	
15-4	1539-1552	eigenschappen	
15-5	1552-1553	,	
15-6	1554-1556	is	
15-7	1557-1558	’	
15-8	1558-1559	t	
15-9	1560-1567	Extract	
15-10	1568-1571	van	
15-11	1572-1581	Rhabarber	
15-12	1582-1591	uitnemend	
15-13	1592-1596	voor	
15-14	1597-1599	de	
15-15	1600-1605	Lever	
15-16	1606-1608	en	
15-17	1609-1613	Mllt	
15-18	1613-1614	.	

#Text=Men geeft ze van twaalf, of vyftien grein tot twe scrupels.
16-1	1615-1618	Men	
16-2	1619-1624	geeft	
16-3	1625-1627	ze	
16-4	1628-1631	van	
16-5	1632-1638	twaalf	
16-6	1638-1639	,	
16-7	1640-1642	of	
16-8	1643-1650	vyftien	
16-9	1651-1656	grein	
16-10	1657-1660	tot	
16-11	1661-1664	twe	
16-12	1665-1673	scrupels	
16-13	1673-1674	.	

#Text=rhamnus catharticus.
17-1	1676-1683	rhamnus	
17-2	1684-1695	catharticus	
17-3	1695-1696	.	

#Text=In ’t Frans Nerprun; zie Rhynbezie-boom.
18-1	1697-1699	In	
18-2	1700-1701	’	
18-3	1701-1702	t	
18-4	1703-1708	Frans	
18-5	1709-1716	Nerprun	
18-6	1716-1717	;	
18-7	1718-1721	zie	
18-8	1722-1736	Rhynbezie-boom	
18-9	1736-1737	.	

#Text=rhaponticum, ook Munniken Rhabarber geheten.
19-1	1739-1750	rhaponticum	
19-2	1750-1751	,	
19-3	1752-1755	ook	
19-4	1756-1764	Munniken	
19-5	1765-1774	Rhabarber	
19-6	1775-1782	geheten	
19-7	1782-1783	.	
