#FORMAT=WebAnno TSV 3.3


#Text=laat daar na uwe
#Text=Kalk op een los papier drogen in de zon, en draag zorge, dat’er geen vuur by kome:
#Text=
#Text=want het zoude opvliegen, en een slag geve als een Kanon; en als het droog zal wezen,
#Text=doe het op Marmer, zo’er een once
#Text=Kalk is, moet men’er een once Zout van Wynsteen
#Text=bydoen, een dragma bereidde Kamfer, twe dragma bereidde Menie, alles onder een
#Text=gestooten, en sluit het weg tot dat gy ’t van nooden hebt.
1-1	2-6	laat	
1-2	7-11	daar	
1-3	12-14	na	
1-4	15-18	uwe	
1-5	19-23	Kalk	
1-6	24-26	op	
1-7	27-30	een	
1-8	31-34	los	
1-9	35-41	papier	
1-10	42-48	drogen	
1-11	49-51	in	
1-12	52-54	de	
1-13	55-58	zon	
1-14	58-59	,	
1-15	60-62	en	
1-16	63-68	draag	
1-17	69-74	zorge	
1-18	74-75	,	
1-19	76-79	dat	
1-20	79-80	’	
1-21	80-82	er	
1-22	83-87	geen	
1-23	88-92	vuur	
1-24	93-95	by	
1-25	96-100	kome	
1-26	100-101	:	
1-27	103-107	want	
1-28	108-111	het	
1-29	112-117	zoude	
1-30	118-127	opvliegen	
1-31	127-128	,	
1-32	129-131	en	
1-33	132-135	een	
1-34	136-140	slag	
1-35	141-145	geve	
1-36	146-149	als	
1-37	150-153	een	
1-38	154-159	Kanon	
1-39	159-160	;	
1-40	161-163	en	
1-41	164-167	als	
1-42	168-171	het	
1-43	172-177	droog	
1-44	178-181	zal	
1-45	182-187	wezen	
1-46	187-188	,	
1-47	189-192	doe	
1-48	193-196	het	
1-49	197-199	op	
1-50	200-206	Marmer	
1-51	206-207	,	
1-52	208-210	zo	
1-53	210-211	’	
1-54	211-213	er	
1-55	214-217	een	
1-56	218-222	once	
1-57	223-227	Kalk	
1-58	228-230	is	
1-59	230-231	,	
1-60	232-236	moet	
1-61	237-240	men	
1-62	240-241	’	
1-63	241-243	er	
1-64	244-247	een	
1-65	248-252	once	
1-66	253-257	Zout	
1-67	258-261	van	
1-68	262-270	Wynsteen	
1-69	271-277	bydoen	
1-70	277-278	,	
1-71	279-282	een	
1-72	283-289	dragma	
1-73	290-298	bereidde	
1-74	299-305	Kamfer	
1-75	305-306	,	
1-76	307-310	twe	
1-77	311-317	dragma	
1-78	318-326	bereidde	
1-79	327-332	Menie	
1-80	332-333	,	
1-81	334-339	alles	
1-82	340-345	onder	
1-83	346-349	een	
1-84	350-359	gestooten	
1-85	359-360	,	
1-86	361-363	en	
1-87	364-369	sluit	
1-88	370-373	het	
1-89	374-377	weg	
1-90	378-381	tot	
1-91	382-385	dat	
1-92	386-388	gy	
1-93	389-390	’	
1-94	390-391	t	
1-95	392-395	van	
1-96	396-402	nooden	
1-97	403-407	hebt	
1-98	407-408	.	

#Text=Andere manier om Steenen deur kunst te maken.
2-1	411-417	Andere	
2-2	418-424	manier	
2-3	425-427	om	
2-4	428-435	Steenen	
2-5	436-440	deur	
2-6	441-446	kunst	
2-7	447-449	te	
2-8	450-455	maken	
2-9	455-456	.	

#Text=Doe Alkalynzout in gemeen water smelten, lek dan dat water deur een Vilt, en doe
#Text=ze uitdampen, om’er Zout van te halen.
3-1	459-462	Doe	
3-2	463-474	Alkalynzout	
3-3	475-477	in	
3-4	478-484	gemeen	
3-5	485-490	water	
3-6	491-498	smelten	
3-7	498-499	,	
3-8	500-503	lek	
3-9	504-507	dan	
3-10	508-511	dat	
3-11	512-517	water	
3-12	518-522	deur	
3-13	523-526	een	
3-14	527-531	Vilt	
3-15	531-532	,	
3-16	533-535	en	
3-17	536-539	doe	
3-18	540-542	ze	
3-19	543-552	uitdampen	
3-20	552-553	,	
3-21	554-556	om	
3-22	556-557	’	
3-23	557-559	er	
3-24	560-564	Zout	
3-25	565-568	van	
3-26	569-571	te	
3-27	572-577	halen	
3-28	577-578	.	

#Text=Gy zult ’t zelfde driemalen herhalen; waar
#Text=na gy uw Zout zult stampen.
4-1	579-581	Gy	
4-2	582-586	zult	
4-3	587-588	’	
4-4	588-589	t	
4-5	590-596	zelfde	
4-6	597-606	driemalen	
4-7	607-615	herhalen	
4-8	615-616	;	
4-9	617-621	waar	
4-10	622-624	na	
4-11	625-627	gy	
4-12	628-630	uw	
4-13	631-635	Zout	
4-14	636-640	zult	
4-15	641-648	stampen	
4-16	648-649	.	

#Text=Gy zult ook het schoonste Kristal, ’t geen gy vinden
#Text=kunt, tot een fyn Poejer stampen.
5-1	650-652	Gy	
5-2	653-657	zult	
5-3	658-661	ook	
5-4	662-665	het	
5-5	666-675	schoonste	
5-6	676-683	Kristal	
5-7	683-684	,	
5-8	685-686	’	
5-9	686-687	t	
5-10	688-692	geen	
5-11	693-695	gy	
5-12	696-702	vinden	
5-13	703-707	kunt	
5-14	707-708	,	
5-15	709-712	tot	
5-16	713-716	een	
5-17	717-720	fyn	
5-18	721-727	Poejer	
5-19	728-735	stampen	
5-20	735-736	.	

#Text=Hebbende het daarna deur een Apotekers Zeef
#Text=gezift, zult gy’er twe oncen en een halve van nemen, twe oncen bereid
#Text=Alkaliezout,
#Text=en een once Spaans groen, dat in Wynazyn te voren is geweekt, en daarna
#Text=
#Text=M.
6-1	737-745	Hebbende	
6-2	746-749	het	
6-3	750-756	daarna	
6-4	757-761	deur	
6-5	762-765	een	
6-6	766-775	Apotekers	
6-7	776-780	Zeef	
6-8	781-787	gezift	
6-9	787-788	,	
6-10	789-793	zult	
6-11	794-796	gy	
6-12	796-797	’	
6-13	797-799	er	
6-14	800-803	twe	
6-15	804-809	oncen	
6-16	810-812	en	
6-17	813-816	een	
6-18	817-822	halve	
6-19	823-826	van	
6-20	827-832	nemen	
6-21	832-833	,	
6-22	834-837	twe	
6-23	838-843	oncen	
6-24	844-850	bereid	
6-25	851-862	Alkaliezout	
6-26	862-863	,	
6-27	864-866	en	
6-28	867-870	een	
6-29	871-875	once	
6-30	876-882	Spaans	
6-31	883-888	groen	
6-32	888-889	,	
6-33	890-893	dat	
6-34	894-896	in	
6-35	897-904	Wynazyn	
6-36	905-907	te	
6-37	908-913	voren	
6-38	914-916	is	
6-39	917-924	geweekt	
6-40	924-925	,	
6-41	926-928	en	
6-42	929-935	daarna	
6-43	937-938	M	
6-44	938-939	.	

#Text=Noel Chomel, Huishoudelyk woordboek
#Text=
#Text=\fdeurgezegen.
7-1	940-944	Noel	
7-2	945-951	Chomel	
7-3	951-952	,	
7-4	953-965	Huishoudelyk	
7-5	966-975	woordboek	
7-6	978-989	deurgezegen	
7-7	989-990	.	

#Text=Gy zult alles met malkander mengen, en in een kleine aarden Pot doen,
#Text=welke gy met zyn dekzel zult dekken, waar van gy de samenvoegzelen wel zult
#Text=toesmeren, om te beletten dat’er de lucht niet by kan komen.
8-1	991-993	Gy	
8-2	994-998	zult	
8-3	999-1004	alles	
8-4	1005-1008	met	
8-5	1009-1018	malkander	
8-6	1019-1025	mengen	
8-7	1025-1026	,	
8-8	1027-1029	en	
8-9	1030-1032	in	
8-10	1033-1036	een	
8-11	1037-1043	kleine	
8-12	1044-1050	aarden	
8-13	1051-1054	Pot	
8-14	1055-1059	doen	
8-15	1059-1060	,	
8-16	1061-1066	welke	
8-17	1067-1069	gy	
8-18	1070-1073	met	
8-19	1074-1077	zyn	
8-20	1078-1084	dekzel	
8-21	1085-1089	zult	
8-22	1090-1096	dekken	
8-23	1096-1097	,	
8-24	1098-1102	waar	
8-25	1103-1106	van	
8-26	1107-1109	gy	
8-27	1110-1112	de	
8-28	1113-1127	samenvoegzelen	
8-29	1128-1131	wel	
8-30	1132-1136	zult	
8-31	1137-1146	toesmeren	
8-32	1146-1147	,	
8-33	1148-1150	om	
8-34	1151-1153	te	
8-35	1154-1162	beletten	
8-36	1163-1166	dat	
8-37	1166-1167	’	
8-38	1167-1169	er	
8-39	1170-1172	de	
8-40	1173-1178	lucht	
8-41	1179-1183	niet	
8-42	1184-1186	by	
8-43	1187-1190	kan	
8-44	1191-1196	komen	
8-45	1196-1197	.	

#Text=Gy zult het Smeerzel
#Text=enige dagen laten drogen, en als ’t wel droog is, zult gy de Pot in een Pottebakkers
#Text=
#Text=
#Text=Oven zenden, en ze daar vyf en twintig uren inlaten.
9-1	1198-1200	Gy	
9-2	1201-1205	zult	
9-3	1206-1209	het	
9-4	1210-1218	Smeerzel	
9-5	1219-1224	enige	
9-6	1225-1230	dagen	
9-7	1231-1236	laten	
9-8	1237-1243	drogen	
9-9	1243-1244	,	
9-10	1245-1247	en	
9-11	1248-1251	als	
9-12	1252-1253	’	
9-13	1253-1254	t	
9-14	1255-1258	wel	
9-15	1259-1264	droog	
9-16	1265-1267	is	
9-17	1267-1268	,	
9-18	1269-1273	zult	
9-19	1274-1276	gy	
9-20	1277-1279	de	
9-21	1280-1283	Pot	
9-22	1284-1286	in	
9-23	1287-1290	een	
9-24	1291-1303	Pottebakkers	
9-25	1306-1310	Oven	
9-26	1311-1317	zenden	
9-27	1317-1318	,	
9-28	1319-1321	en	
9-29	1322-1324	ze	
9-30	1325-1329	daar	
9-31	1330-1333	vyf	
9-32	1334-1336	en	
9-33	1337-1344	twintig	
9-34	1345-1349	uren	
9-35	1350-1357	inlaten	
9-36	1357-1358	.	

#Text=Daarna zult gy de stof weghalen,
#Text=die uw een grote menigte schoone Smaragden zal geven.
10-1	1359-1365	Daarna	
10-2	1366-1370	zult	
10-3	1371-1373	gy	
10-4	1374-1376	de	
10-5	1377-1381	stof	
10-6	1382-1390	weghalen	
10-7	1390-1391	,	
10-8	1392-1395	die	
10-9	1396-1398	uw	
10-10	1399-1402	een	
10-11	1403-1408	grote	
10-12	1409-1416	menigte	
10-13	1417-1424	schoone	
10-14	1425-1434	Smaragden	
10-15	1435-1438	zal	
10-16	1439-1444	geven	
10-17	1444-1445	.	

#Text=Zo gy andere Steenen wilt,
#Text=in de plaats van Spaans groen, zult gy’er de kleur in doen, die daar toe goed is, by
#Text=voorbeeld, voor de Saffiren,
#Text=zult gy Lapis Lazuli nemen, voor de Robyn Cinnaber,
#Text=en Koraal voor Hyacinthen.
11-1	1446-1448	Zo	
11-2	1449-1451	gy	
11-3	1452-1458	andere	
11-4	1459-1466	Steenen	
11-5	1467-1471	wilt	
11-6	1471-1472	,	
11-7	1473-1475	in	
11-8	1476-1478	de	
11-9	1479-1485	plaats	
11-10	1486-1489	van	
11-11	1490-1496	Spaans	
11-12	1497-1502	groen	
11-13	1502-1503	,	
11-14	1504-1508	zult	
11-15	1509-1511	gy	
11-16	1511-1512	’	
11-17	1512-1514	er	
11-18	1515-1517	de	
11-19	1518-1523	kleur	
11-20	1524-1526	in	
11-21	1527-1531	doen	
11-22	1531-1532	,	
11-23	1533-1536	die	
11-24	1537-1541	daar	
11-25	1542-1545	toe	
11-26	1546-1550	goed	
11-27	1551-1553	is	
11-28	1553-1554	,	
11-29	1555-1557	by	
11-30	1558-1567	voorbeeld	
11-31	1567-1568	,	
11-32	1569-1573	voor	
11-33	1574-1576	de	
11-34	1577-1585	Saffiren	
11-35	1585-1586	,	
11-36	1587-1591	zult	
11-37	1592-1594	gy	
11-38	1595-1600	Lapis	
11-39	1601-1607	Lazuli	
11-40	1608-1613	nemen	
11-41	1613-1614	,	
11-42	1615-1619	voor	
11-43	1620-1622	de	
11-44	1623-1628	Robyn	
11-45	1629-1637	Cinnaber	
11-46	1637-1638	,	
11-47	1639-1641	en	
11-48	1642-1648	Koraal	
11-49	1649-1653	voor	
11-50	1654-1664	Hyacinthen	
11-51	1664-1665	.	

#Text=Hoe men op ene andere wys Saffieren maakt.
12-1	1669-1672	Hoe	
12-2	1673-1676	men	
12-3	1677-1679	op	
12-4	1680-1683	ene	
12-5	1684-1690	andere	
12-6	1691-1694	wys	
12-7	1695-1704	Saffieren	
12-8	1705-1710	maakt	
12-9	1710-1711	.	
