#FORMAT=WebAnno TSV 3.3


#Text=wonderlick geholpen, tot dat hy Of, gesterckt, Te weten, in sijn Rijcke.
#Text=sterck wiert.
#Text=
#Text=16
#Text=
#Text=Maer als hy sterck geworden was, verhief hem sijn herte tot verdervens toe:
#Text=[kolom] ende hy overtradt tegen den HEERE sijnen
#Text=Godt: want hy gingh
#Text=Verstaet in het Heylige, alwaer de reuck-altaer stont, ende daer niemant mochte inkomen, veel min reuckwerck offeren, dan de Priesteren alleene.
1-1	2-12	wonderlick	
1-2	13-21	geholpen	
1-3	21-22	,	
1-4	23-26	tot	
1-5	27-30	dat	
1-6	31-33	hy	
1-7	34-36	Of	
1-8	36-37	,	
1-9	38-47	gesterckt	
1-10	47-48	,	
1-11	49-51	Te	
1-12	52-57	weten	
1-13	57-58	,	
1-14	59-61	in	
1-15	62-66	sijn	
1-16	67-73	Rijcke	
1-17	73-74	.	
1-18	75-81	sterck	
1-19	82-87	wiert	
1-20	87-88	.	
1-21	90-92	16	
1-22	94-98	Maer	
1-23	99-102	als	
1-24	103-105	hy	
1-25	106-112	sterck	
1-26	113-121	geworden	
1-27	122-125	was	
1-28	125-126	,	
1-29	127-134	verhief	
1-30	135-138	hem	
1-31	139-143	sijn	
1-32	144-149	herte	
1-33	150-153	tot	
1-34	154-164	verdervens	
1-35	165-168	toe	
1-36	168-169	:	
1-37	170-171	[	
1-38	171-176	kolom	
1-39	176-177	]	
1-40	178-182	ende	
1-41	183-185	hy	
1-42	186-195	overtradt	
1-43	196-201	tegen	
1-44	202-205	den	
1-45	206-211	HEERE	
1-46	212-218	sijnen	
1-47	219-223	Godt	
1-48	223-224	:	
1-49	225-229	want	
1-50	230-232	hy	
1-51	233-238	gingh	
1-52	239-247	Verstaet	
1-53	248-250	in	
1-54	251-254	het	
1-55	255-262	Heylige	
1-56	262-263	,	
1-57	264-270	alwaer	
1-58	271-273	de	
1-59	274-286	reuck-altaer	
1-60	287-292	stont	
1-61	292-293	,	
1-62	294-298	ende	
1-63	299-303	daer	
1-64	304-311	niemant	
1-65	312-318	mochte	
1-66	319-326	inkomen	
1-67	326-327	,	
1-68	328-332	veel	
1-69	333-336	min	
1-70	337-347	reuckwerck	
1-71	348-355	offeren	
1-72	355-356	,	
1-73	357-360	dan	
1-74	361-363	de	
1-75	364-374	Priesteren	
1-76	375-382	alleene	
1-77	382-383	.	

#Text=Dese plaetse is ond.
#Text=vers 18.
#Text=genoemt het Heylighdom.
#Text=in den tempel des HEEREN, om te roocken op den reuck-altaer.
#Text=
#Text=17
#Text=
#Text=Doch Azaria de Verst.
2-1	384-388	Dese	
2-2	389-396	plaetse	
2-3	397-399	is	
2-4	400-403	ond	
2-5	403-404	.	
2-6	405-409	vers	
2-7	410-412	18	
2-8	412-413	.	
2-9	414-421	genoemt	
2-10	422-425	het	
2-11	426-436	Heylighdom	
2-12	436-437	.	
2-13	438-440	in	
2-14	441-444	den	
2-15	445-451	tempel	
2-16	452-455	des	
2-17	456-462	HEEREN	
2-18	462-463	,	
2-19	464-466	om	
2-20	467-469	te	
2-21	470-477	roocken	
2-22	478-480	op	
2-23	481-484	den	
2-24	485-497	reuck-altaer	
2-25	497-498	.	
2-26	500-502	17	
2-27	504-508	Doch	
2-28	509-515	Azaria	
2-29	516-518	de	
2-30	519-524	Verst	
2-31	524-525	.	

#Text=Hoogepriester.
#Text=siet 1.Chr.
#Text=6.
#Text=vers 10.
#Text=ende onder vers 20.
3-1	526-539	Hoogepriester	
3-2	539-540	.	
3-3	541-545	siet	
3-4	546-547	1	
3-5	547-548	.	
3-6	548-551	Chr	
3-7	551-552	.	
3-8	553-554	6	
3-9	554-555	.	
3-10	556-560	vers	
3-11	561-563	10	
3-12	563-564	.	
3-13	565-569	ende	
3-14	570-575	onder	
3-15	576-580	vers	
3-16	581-583	20	
3-17	583-584	.	

#Text=Priester gingh hem na:
#Text=ende met hem des HEEREN Priesters
4-1	585-593	Priester	
4-2	594-599	gingh	
4-3	600-603	hem	
4-4	604-606	na	
4-5	606-607	:	
4-6	608-612	ende	
4-7	613-616	met	
4-8	617-620	hem	
4-9	621-624	des	
4-10	625-631	HEEREN	
4-11	632-641	Priesters	
