#FORMAT=WebAnno TSV 3.3


#Text=zelden blixemt het
#Text=in andere, dan in de gemelde maanden.
1-1	2-8	zelden	
1-2	9-16	blixemt	
1-3	17-20	het	
1-4	21-23	in	
1-5	24-30	andere	
1-6	30-31	,	
1-7	32-35	dan	
1-8	36-38	in	
1-9	39-41	de	
1-10	42-49	gemelde	
1-11	50-57	maanden	
1-12	57-58	.	

#Text=Men zal uit diergelyke waarneemingen +LUGTVERSCHYNSELS.
2-1	59-62	Men	
2-2	63-66	zal	
2-3	67-70	uit	
2-4	71-81	diergelyke	
2-5	82-95	waarneemingen	
2-6	96-97	+	
2-7	97-113	LUGTVERSCHYNSELS	
2-8	113-114	.	

#Text=kunnen zien, over veele jaaren, of de uitwaassemingen hier te Lande dezelve
#Text=blyven, dan of zy veranderen
3-1	116-122	kunnen	
3-2	123-127	zien	
3-3	127-128	,	
3-4	129-133	over	
3-5	134-139	veele	
3-6	140-146	jaaren	
3-7	146-147	,	
3-8	148-150	of	
3-9	151-153	de	
3-10	154-169	uitwaassemingen	
3-11	170-174	hier	
3-12	175-177	te	
3-13	178-183	Lande	
3-14	184-191	dezelve	
3-15	192-198	blyven	
3-16	198-199	,	
3-17	200-203	dan	
3-18	204-206	of	
3-19	207-209	zy	
3-20	210-220	veranderen	

#Text=.
4-1	220-221	.	

#Text=‘
#Text=Het blixemt met alle winden, ook byna met alle soorten van voorafgegaane winden;
#Text=
#Text=maar wel meest met een Zuiden-wind, minder met een Zuidoosten-wind, nog minder
#Text=met eenen Oosten- of Westen-wind, schoon even dikwils met deeze beiden:
#Text=maar
#Text=het blixemt allerminst, wanneer de wind Noordoost, Noord, of Noordwest is
5-1	223-224	‘	
5-2	225-228	Het	
5-3	229-236	blixemt	
5-4	237-240	met	
5-5	241-245	alle	
5-6	246-252	winden	
5-7	252-253	,	
5-8	254-257	ook	
5-9	258-262	byna	
5-10	263-266	met	
5-11	267-271	alle	
5-12	272-279	soorten	
5-13	280-283	van	
5-14	284-297	voorafgegaane	
5-15	298-304	winden	
5-16	304-305	;	
5-17	307-311	maar	
5-18	312-315	wel	
5-19	316-321	meest	
5-20	322-325	met	
5-21	326-329	een	
5-22	330-341	Zuiden-wind	
5-23	341-342	,	
5-24	343-349	minder	
5-25	350-353	met	
5-26	354-357	een	
5-27	358-373	Zuidoosten-wind	
5-28	373-374	,	
5-29	375-378	nog	
5-30	379-385	minder	
5-31	386-389	met	
5-32	390-395	eenen	
5-33	396-402	Oosten	
5-34	402-403	-	
5-35	404-406	of	
5-36	407-418	Westen-wind	
5-37	418-419	,	
5-38	420-426	schoon	
5-39	427-431	even	
5-40	432-439	dikwils	
5-41	440-443	met	
5-42	444-449	deeze	
5-43	450-456	beiden	
5-44	456-457	:	
5-45	458-462	maar	
5-46	463-466	het	
5-47	467-474	blixemt	
5-48	475-485	allerminst	
5-49	485-486	,	
5-50	487-494	wanneer	
5-51	495-497	de	
5-52	498-502	wind	
5-53	503-512	Noordoost	
5-54	512-513	,	
5-55	514-519	Noord	
5-56	519-520	,	
5-57	521-523	of	
5-58	524-533	Noordwest	
5-59	534-536	is	

#Text=.
6-1	536-537	.	

#Text=‘
#Text=Dewyl de plaatsen van den Blixem geslagen eenen reuk van brandenden
#Text=Zwavel
#Text=van zich verspreiden, kan men naauwlyks twyfelen, of de voornaamste stof welke
#Text=den Blixem maakt, zal Zwavel zyn:
#Text=niettemin de kleur der vlamme, en de slag 'er
#Text=op volgende, geeven te kennen, dat de Blixem niet enkel uit Zwavel, maar uit andere
#Text=vermengde uitwaassemingen bestaat, welke, in de ope lucht aangestooken, eenen
#Text=slag geeven:
#Text=Ook weeten wy, dat, het Bliksemgoud en het Slagpoeder, 't welk uit
#Text=Zwavel, Salpeter en Alcalisch Zout bestaat, in de open lugt een harden slag geeven,
#Text=enz.'
7-1	539-540	‘	
7-2	541-546	Dewyl	
7-3	547-549	de	
7-4	550-558	plaatsen	
7-5	559-562	van	
7-6	563-566	den	
7-7	567-573	Blixem	
7-8	574-582	geslagen	
7-9	583-588	eenen	
7-10	589-593	reuk	
7-11	594-597	van	
7-12	598-608	brandenden	
7-13	609-615	Zwavel	
7-14	616-619	van	
7-15	620-624	zich	
7-16	625-636	verspreiden	
7-17	636-637	,	
7-18	638-641	kan	
7-19	642-645	men	
7-20	646-655	naauwlyks	
7-21	656-664	twyfelen	
7-22	664-665	,	
7-23	666-668	of	
7-24	669-671	de	
7-25	672-683	voornaamste	
7-26	684-688	stof	
7-27	689-694	welke	
7-28	695-698	den	
7-29	699-705	Blixem	
7-30	706-711	maakt	
7-31	711-712	,	
7-32	713-716	zal	
7-33	717-723	Zwavel	
7-34	724-727	zyn	
7-35	727-728	:	
7-36	729-738	niettemin	
7-37	739-741	de	
7-38	742-747	kleur	
7-39	748-751	der	
7-40	752-758	vlamme	
7-41	758-759	,	
7-42	760-762	en	
7-43	763-765	de	
7-44	766-770	slag	
7-45	771-772	'	
7-46	772-774	er	
7-47	775-777	op	
7-48	778-786	volgende	
7-49	786-787	,	
7-50	788-794	geeven	
7-51	795-797	te	
7-52	798-804	kennen	
7-53	804-805	,	
7-54	806-809	dat	
7-55	810-812	de	
7-56	813-819	Blixem	
7-57	820-824	niet	
7-58	825-830	enkel	
7-59	831-834	uit	
7-60	835-841	Zwavel	
7-61	841-842	,	
7-62	843-847	maar	
7-63	848-851	uit	
7-64	852-858	andere	
7-65	859-868	vermengde	
7-66	869-884	uitwaassemingen	
7-67	885-892	bestaat	
7-68	892-893	,	
7-69	894-899	welke	
7-70	899-900	,	
7-71	901-903	in	
7-72	904-906	de	
7-73	907-910	ope	
7-74	911-916	lucht	
7-75	917-929	aangestooken	
7-76	929-930	,	
7-77	931-936	eenen	
7-78	937-941	slag	
7-79	942-948	geeven	
7-80	948-949	:	
7-81	950-953	Ook	
7-82	954-960	weeten	
7-83	961-963	wy	
7-84	963-964	,	
7-85	965-968	dat	
7-86	968-969	,	
7-87	970-973	het	
7-88	974-985	Bliksemgoud	
7-89	986-988	en	
7-90	989-992	het	
7-91	993-1003	Slagpoeder	
7-92	1003-1004	,	
7-93	1005-1006	'	
7-94	1006-1007	t	
7-95	1008-1012	welk	
7-96	1013-1016	uit	
7-97	1017-1023	Zwavel	
7-98	1023-1024	,	
7-99	1025-1033	Salpeter	
7-100	1034-1036	en	
7-101	1037-1046	Alcalisch	
7-102	1047-1051	Zout	
7-103	1052-1059	bestaat	
7-104	1059-1060	,	
7-105	1061-1063	in	
7-106	1064-1066	de	
7-107	1067-1071	open	
7-108	1072-1076	lugt	
7-109	1077-1080	een	
7-110	1081-1087	harden	
7-111	1088-1092	slag	
7-112	1093-1099	geeven	
7-113	1099-1100	,	
7-114	1101-1104	enz	
7-115	1104-1105	.	
7-116	1105-1106	'	

#Text=Voorts
#Text=vinden we by deezen
#Text=Hoogleeraar, na dat hy, op die voorschreeven
#Text=bedenkingen, een zeer beredeneerd en wys-
#Text=
#Text=J. le Francq van Berkhey, Natuurlyke historie van Holland.
8-1	1107-1113	Voorts	
8-2	1114-1120	vinden	
8-3	1121-1123	we	
8-4	1124-1126	by	
8-5	1127-1133	deezen	
8-6	1134-1145	Hoogleeraar	
8-7	1145-1146	,	
8-8	1147-1149	na	
8-9	1150-1153	dat	
8-10	1154-1156	hy	
8-11	1156-1157	,	
8-12	1158-1160	op	
8-13	1161-1164	die	
8-14	1165-1178	voorschreeven	
8-15	1179-1190	bedenkingen	
8-16	1190-1191	,	
8-17	1192-1195	een	
8-18	1196-1200	zeer	
8-19	1201-1212	beredeneerd	
8-20	1213-1215	en	
8-21	1216-1219	wys	
8-22	1219-1220	-	
8-23	1222-1223	J	
8-24	1223-1224	.	
8-25	1225-1227	le	
8-26	1228-1234	Francq	
8-27	1235-1238	van	
8-28	1239-1246	Berkhey	
8-29	1246-1247	,	
8-30	1248-1258	Natuurlyke	
8-31	1259-1267	historie	
8-32	1268-1271	van	
8-33	1272-1279	Holland	
8-34	1279-1280	.	

#Text=Eerste deel
#Text=
#Text=\f361
#Text=+
#Text=
#Text=geerig vertoog over de stoffe des Bliksems heeft laaten volgen, en deszelfs
#Text=+
#Text=oorsprong, uit opstygende brandstoffen uit onze Aarde, heeft afgeleid, wegens
#Text=LUGTVERSCHYNSELS.
9-1	1281-1287	Eerste	
9-2	1288-1292	deel	
9-3	1295-1298	361	
9-4	1299-1300	+	
9-5	1302-1308	geerig	
9-6	1309-1316	vertoog	
9-7	1317-1321	over	
9-8	1322-1324	de	
9-9	1325-1331	stoffe	
9-10	1332-1335	des	
9-11	1336-1344	Bliksems	
9-12	1345-1350	heeft	
9-13	1351-1357	laaten	
9-14	1358-1364	volgen	
9-15	1364-1365	,	
9-16	1366-1368	en	
9-17	1369-1377	deszelfs	
9-18	1378-1379	+	
9-19	1380-1389	oorsprong	
9-20	1389-1390	,	
9-21	1391-1394	uit	
9-22	1395-1405	opstygende	
9-23	1406-1418	brandstoffen	
9-24	1419-1422	uit	
9-25	1423-1427	onze	
9-26	1428-1433	Aarde	
9-27	1433-1434	,	
9-28	1435-1440	heeft	
9-29	1441-1449	afgeleid	
9-30	1449-1450	,	
9-31	1451-1457	wegens	
9-32	1458-1474	LUGTVERSCHYNSELS	
9-33	1474-1475	.	

#Text=den Bliksem, met opzigt tot ons Land, nog de volgende mededeelenswaardige
#Text=aanmerking
10-1	1477-1480	den	
10-2	1481-1488	Bliksem	
10-3	1488-1489	,	
10-4	1490-1493	met	
10-5	1494-1500	opzigt	
10-6	1501-1504	tot	
10-7	1505-1508	ons	
10-8	1509-1513	Land	
10-9	1513-1514	,	
10-10	1515-1518	nog	
10-11	1519-1521	de	
10-12	1522-1530	volgende	
10-13	1531-1550	mededeelenswaardige	
10-14	1551-1561	aanmerking	

#Text=.
11-1	1561-1562	.	

#Text=+
#Text=
#Text=
#Text=‘
#Text=Dewyl in ons
12-1	1564-1565	+	
12-2	1568-1569	‘	
12-3	1570-1575	Dewyl	
12-4	1576-1578	in	
12-5	1579-1582	ons	
