#FORMAT=WebAnno TSV 3.3
#T_SP=custom.Span|label
#T_RL=custom.Relation|label|BT_custom.Span


#Text=rantz/
#Text=O nuͤtzliche/ O ſichere Jgnorantz/
#Text=ſelig
#Text=iſt der dich beſitzet/ vnnd wolbrauchet:
#Text=Selig
#Text=iſt das Landt/ deſſen Regenten vnnd Officier
#Text=Jgnoranten ſeind/ oder welches gar keinen
#Text=magiſtrat hat/
#Text=vnd ohne Geſetz iſt/ jnmaſſen
#Text=in der newen Welt beſchehen/ alida
#Text=die Jn-
#Text=wohner vil ordentlicher vnnd fridlicher leben/
#Text=
#Text=denn wo vil Officier/ Doctores vnd
#Text=Aduoca-
#Text=ten ſeind.
1-1	0-5	rantz	_	_	_	
1-2	5-6	/	_	_	_	
1-3	7-8	O	_	_	_	
1-4	9-19	nuͤtzliche	_	_	_	
1-5	19-20	/	_	_	_	
1-6	21-22	O	_	_	_	
1-7	23-30	ſichere	_	_	_	
1-8	31-40	Jgnorantz	_	_	_	
1-9	40-41	/	_	_	_	
1-10	42-47	ſelig	_	_	_	
1-11	48-51	iſt	_	_	_	
1-12	52-55	der	_	_	_	
1-13	56-60	dich	_	_	_	
1-14	61-69	beſitzet	_	_	_	
1-15	69-70	/	_	_	_	
1-16	71-75	vnnd	_	_	_	
1-17	76-87	wolbrauchet	_	_	_	
1-18	87-88	:	_	_	_	
1-19	89-94	Selig	_	_	_	
1-20	95-98	iſt	_	_	_	
1-21	99-102	das	_	_	_	
1-22	103-108	Landt	_	_	_	
1-23	108-109	/	_	_	_	
1-24	110-116	deſſen	_	_	_	
1-25	117-125	Regenten	_	_	_	
1-26	126-130	vnnd	_	_	_	
1-27	131-139	Officier	_	_	_	
1-28	140-150	Jgnoranten	_	_	_	
1-29	151-156	ſeind	_	_	_	
1-30	156-157	/	_	_	_	
1-31	158-162	oder	_	_	_	
1-32	163-170	welches	_	_	_	
1-33	171-174	gar	_	_	_	
1-34	175-181	keinen	_	_	_	
1-35	182-191	magiſtrat	_	_	_	
1-36	192-195	hat	_	_	_	
1-37	195-196	/	_	_	_	
1-38	197-200	vnd	_	_	_	
1-39	201-205	ohne	_	_	_	
1-40	206-212	Geſetz	_	_	_	
1-41	213-216	iſt	_	_	_	
1-42	216-217	/	_	_	_	
1-43	218-226	jnmaſſen	_	_	_	
1-44	227-229	in	_	_	_	
1-45	230-233	der	_	_	_	
1-46	234-239	newen	_	_	_	
1-47	240-244	Welt	_	_	_	
1-48	245-254	beſchehen	_	_	_	
1-49	254-255	/	_	_	_	
1-50	256-261	alida	_	_	_	
1-51	262-265	die	_	_	_	
1-52	266-268	Jn	_	_	_	
1-53	268-269	-	_	_	_	
1-54	270-276	wohner	_	_	_	
1-55	277-280	vil	_	_	_	
1-56	281-293	ordentlicher	_	_	_	
1-57	294-298	vnnd	_	_	_	
1-58	299-309	fridlicher	_	_	_	
1-59	310-315	leben	_	_	_	
1-60	315-316	/	_	_	_	
1-61	318-322	denn	_	_	_	
1-62	323-325	wo	_	_	_	
1-63	326-329	vil	_	_	_	
1-64	330-338	Officier	_	_	_	
1-65	338-339	/	_	_	_	
1-66	340-348	Doctores	_	_	_	
1-67	349-352	vnd	_	_	_	
1-68	353-359	Aduoca	_	_	_	
1-69	359-360	-	_	_	_	
1-70	361-364	ten	_	_	_	
1-71	365-370	ſeind	_	_	_	
1-72	370-371	.	_	_	_	

#Text=Diſes hat wol verſtanden ein fuͤr-
#Text=
#Text=nemmer Roͤmiſcher
#Text=Rathsherꝛ zu Rom/ wel-
#Text=cher ſagte/ daß vor alten zeiten die Roͤmiſche
#Text=Rathsherꝛn einen ſehr vbel ſtinckenden A-
#Text=them hatten/ aber daß jhre Maͤgen nach By-
#Text=ſem vñ Amber deß guten Gewiſſens ſchmeck-
#Text=ten: Hergegen daß die jetzige Rathsherꝛn ei-
#Text=nen parfumterten lieblichen Athem/ aber ein
#Text=ſehr boͤſes Gewiſſen haben:
#Text=Hierdurch gab er
#Text=meines erachtens zu veꝛſtehen/ daß vnſere jetzi-
#Text=ge Rathsherꝛen biß weilen den vberfluß der ge-
#Text=lehrtheit/ aber groſſen mangel an der diſcre-
#Text=tion, fuͤrſichtigkeit vnd weißheit leiden.
2-1	372-377	Diſes	_	_	_	
2-2	378-381	hat	_	_	_	
2-3	382-385	wol	_	_	_	
2-4	386-396	verſtanden	_	_	_	
2-5	397-400	ein	_	_	_	
2-6	401-405	fuͤr	_	_	_	
2-7	405-406	-	_	_	_	
2-8	408-414	nemmer	_	_	_	
2-9	415-425	Roͤmiſcher	_	_	_	
2-10	426-435	Rathsherꝛ	_	_	_	
2-11	436-438	zu	_	_	_	
2-12	439-442	Rom	_	_	_	
2-13	442-443	/	_	_	_	
2-14	444-447	wel	_	_	_	
2-15	447-448	-	_	_	_	
2-16	449-453	cher	_	_	_	
2-17	454-459	ſagte	_	_	_	
2-18	459-460	/	_	_	_	
2-19	461-464	daß	_	_	_	
2-20	465-468	vor	_	_	_	
2-21	469-474	alten	_	_	_	
2-22	475-481	zeiten	_	_	_	
2-23	482-485	die	_	_	_	
2-24	486-495	Roͤmiſche	Smell\_Source[1]	_	_	
2-25	496-506	Rathsherꝛn	Smell\_Source[1]	_	_	
2-26	507-512	einen	_	_	_	
2-27	513-517	ſehr	Quality[2]	_	_	
2-28	518-522	vbel	Quality[2]	_	_	
2-29	523-534	ſtinckenden	Smell\_Word[3]|Quality[4]	*|*	2-27[2_3]|2-30[5_3]	
2-30	535-536	A	Smell\_Source[5]	*	2-24[1_5]	
2-31	536-537	-	Smell\_Source[5]	_	_	
2-32	538-542	them	Smell\_Source[5]	_	_	
2-33	543-549	hatten	_	_	_	
2-34	549-550	/	_	_	_	
2-35	551-555	aber	_	_	_	
2-36	556-559	daß	_	_	_	
2-37	560-564	jhre	_	_	_	
2-38	565-571	Maͤgen	_	_	_	
2-39	572-576	nach	_	_	_	
2-40	577-579	By	_	_	_	
2-41	579-580	-	_	_	_	
2-42	581-584	ſem	_	_	_	
2-43	585-588	vñ	_	_	_	
2-44	589-594	Amber	_	_	_	
2-45	595-598	deß	_	_	_	
2-46	599-604	guten	_	_	_	
2-47	605-614	Gewiſſens	_	_	_	
2-48	615-622	ſchmeck	_	_	_	
2-49	622-623	-	_	_	_	
2-50	624-627	ten	_	_	_	
2-51	627-628	:	_	_	_	
2-52	629-637	Hergegen	_	_	_	
2-53	638-641	daß	_	_	_	
2-54	642-645	die	_	_	_	
2-55	646-653	jetzige	Smell\_Source[6]	_	_	
2-56	654-664	Rathsherꝛn	Smell\_Source[6]	_	_	
2-57	665-667	ei	_	_	_	
2-58	667-668	-	_	_	_	
2-59	669-672	nen	_	_	_	
2-60	673-685	parfumterten	*[7]|Quality[8]|Smell\_Word[9]	*|*	2-61[0_9]|2-62[0_9]	
2-61	686-696	lieblichen	Quality	_	_	
2-62	697-702	Athem	Smell\_Source	*	2-55[6_0]	
2-63	702-703	/	_	_	_	
2-64	704-708	aber	_	_	_	
2-65	709-712	ein	_	_	_	
2-66	713-717	ſehr	_	_	_	
2-67	718-724	boͤſes	_	_	_	
2-68	725-733	Gewiſſen	_	_	_	
2-69	734-739	haben	_	_	_	
2-70	739-740	:	_	_	_	
2-71	741-750	Hierdurch	_	_	_	
2-72	751-754	gab	_	_	_	
2-73	755-757	er	_	_	_	
2-74	758-764	meines	_	_	_	
2-75	765-774	erachtens	_	_	_	
2-76	775-777	zu	_	_	_	
2-77	778-787	veꝛſtehen	_	_	_	
2-78	787-788	/	_	_	_	
2-79	789-792	daß	_	_	_	
2-80	793-799	vnſere	_	_	_	
2-81	800-805	jetzi	_	_	_	
2-82	805-806	-	_	_	_	
2-83	807-809	ge	_	_	_	
2-84	810-821	Rathsherꝛen	_	_	_	
2-85	822-825	biß	_	_	_	
2-86	826-832	weilen	_	_	_	
2-87	833-836	den	_	_	_	
2-88	837-845	vberfluß	_	_	_	
2-89	846-849	der	_	_	_	
2-90	850-852	ge	_	_	_	
2-91	852-853	-	_	_	_	
2-92	854-863	lehrtheit	_	_	_	
2-93	863-864	/	_	_	_	
2-94	865-869	aber	_	_	_	
2-95	870-877	groſſen	_	_	_	
2-96	878-884	mangel	_	_	_	
2-97	885-887	an	_	_	_	
2-98	888-891	der	_	_	_	
2-99	892-898	diſcre	_	_	_	
2-100	898-899	-	_	_	_	
2-101	900-904	tion	_	_	_	
2-102	904-905	,	_	_	_	
2-103	906-921	fuͤrſichtigkeit	_	_	_	
2-104	922-925	vnd	_	_	_	
2-105	926-934	weißheit	_	_	_	
2-106	935-941	leiden	_	_	_	
2-107	941-942	.	_	_	_	

#Text=Die
#Text=vnhoͤfligkeit/ die vnwiſſenheit/ die einfalt vnd
#Text=die vngelehrtheit wirdt gar gern begleidt mit
#Text=der innocentia vnnd vnſchuidt/ aber die cu-
#Text=
#Text=rio-
#Text=
#Text=
#Text=M\f
#Text=[178/0200
#Text=]
#Text=
#Text=
#Text=Der Landtſtoͤrtzer.
3-1	943-946	Die	_	_	_	
3-2	947-960	vnhoͤfligkeit	_	_	_	
3-3	960-961	/	_	_	_	
3-4	962-965	die	_	_	_	
3-5	966-978	vnwiſſenheit	_	_	_	
3-6	978-979	/	_	_	_	
3-7	980-983	die	_	_	_	
3-8	984-991	einfalt	_	_	_	
3-9	992-995	vnd	_	_	_	
3-10	996-999	die	_	_	_	
3-11	1000-1013	vngelehrtheit	_	_	_	
3-12	1014-1019	wirdt	_	_	_	
3-13	1020-1023	gar	_	_	_	
3-14	1024-1028	gern	_	_	_	
3-15	1029-1037	begleidt	_	_	_	
3-16	1038-1041	mit	_	_	_	
3-17	1042-1045	der	_	_	_	
3-18	1046-1056	innocentia	_	_	_	
3-19	1057-1061	vnnd	_	_	_	
3-20	1062-1071	vnſchuidt	_	_	_	
3-21	1071-1072	/	_	_	_	
3-22	1073-1077	aber	_	_	_	
3-23	1078-1081	die	_	_	_	
3-24	1082-1084	cu	_	_	_	
3-25	1084-1085	-	_	_	_	
3-26	1087-1090	rio	_	_	_	
3-27	1090-1091	-	_	_	_	
3-28	1094-1095	M	_	_	_	
3-29	1097-1098	[	_	_	_	
3-30	1098-1101	178	_	_	_	
3-31	1101-1102	/	_	_	_	
3-32	1102-1106	0200	_	_	_	
3-33	1107-1108	]	_	_	_	
3-34	1111-1114	Der	_	_	_	
3-35	1115-1129	Landtſtoͤrtzer	_	_	_	
3-36	1129-1130	.	_	_	_	

#Text=rioſitet vnd ſubtilitet wird beglait mit der
#Text=Boßheit:
#Text=Die demut/ foꝛcht/ gehoꝛſam vnnd
#Text=guͤtigkeit begehren ein laͤhre/ gelehrnige vnnd
#Text=demuͤtige Seel/ welche nit vil von jhr ſelbſt
#Text=preſumiret.
4-1	1134-1142	rioſitet	_	_	_	
4-2	1143-1146	vnd	_	_	_	
4-3	1147-1157	ſubtilitet	_	_	_	
4-4	1158-1162	wird	_	_	_	
4-5	1163-1170	beglait	_	_	_	
4-6	1171-1174	mit	_	_	_	
4-7	1175-1178	der	_	_	_	
4-8	1179-1186	Boßheit	_	_	_	
4-9	1186-1187	:	_	_	_	
4-10	1188-1191	Die	_	_	_	
4-11	1192-1197	demut	_	_	_	
4-12	1197-1198	/	_	_	_	
4-13	1199-1205	foꝛcht	_	_	_	
4-14	1205-1206	/	_	_	_	
4-15	1207-1215	gehoꝛſam	_	_	_	
4-16	1216-1220	vnnd	_	_	_	
4-17	1221-1231	guͤtigkeit	_	_	_	
4-18	1232-1240	begehren	_	_	_	
4-19	1241-1244	ein	_	_	_	
4-20	1245-1251	laͤhre	_	_	_	
4-21	1251-1252	/	_	_	_	
4-22	1253-1263	gelehrnige	_	_	_	
4-23	1264-1268	vnnd	_	_	_	
4-24	1269-1278	demuͤtige	_	_	_	
4-25	1279-1283	Seel	_	_	_	
4-26	1283-1284	/	_	_	_	
4-27	1285-1291	welche	_	_	_	
4-28	1292-1295	nit	_	_	_	
4-29	1296-1299	vil	_	_	_	
4-30	1300-1303	von	_	_	_	
4-31	1304-1307	jhr	_	_	_	
4-32	1308-1314	ſelbſt	_	_	_	
4-33	1315-1325	preſumiret	_	_	_	
4-34	1325-1326	.	_	_	_	

#Text=Kein ſchaͤdlicher ding iſt auff
#Text=
#Text=Erden als eben der Fuͤrwitz:
5-1	1327-1331	Kein	_	_	_	
5-2	1332-1344	ſchaͤdlicher	_	_	_	
5-3	1345-1349	ding	_	_	_	
5-4	1350-1353	iſt	_	_	_	
5-5	1354-1358	auff	_	_	_	
5-6	1360-1365	Erden	_	_	_	
5-7	1366-1369	als	_	_	_	
5-8	1370-1374	eben	_	_	_	
5-9	1375-1378	der	_	_	_	
5-10	1379-1387	Fuͤrwitz	_	_	_	
5-11	1387-1388	:	_	_	_	
