{"_context" : {
    "_types" : {
      "DocumentMetaData" : {
        "_feature_types" : {"sofa" : "_ref" } }, 
      "Relation" : {
        "_feature_types" : {"sofa" : "_ref",  "Dependent" : "_ref",  "Governor" : "_ref" } }, 
      "Sentence" : {
        "_feature_types" : {"sofa" : "_ref" } }, 
      "Sofa" : {
        "_feature_types" : {"sofaArray" : "_ref" } }, 
      "Span" : {
        "_feature_types" : {"sofa" : "_ref" } }, 
      "TagsetDescription" : {
        "_feature_types" : {"sofa" : "_ref",  "tags" : "_ref" } }, 
      "Token" : {
        "_feature_types" : {"sofa" : "_ref",  "parent" : "_ref",  "lemma" : "_ref",  "stem" : "_ref",  "pos" : "_ref",  "morph" : "_ref",  "form" : "_ref" } }, 
      "DocumentAnnotation" : {
        "_feature_types" : {"sofa" : "_ref" }, 
        "_subtypes" : ["DocumentMetaData" ] }, 
      "Annotation" : {
        "_feature_types" : {"sofa" : "_ref" }, 
        "_subtypes" : ["DocumentAnnotation",  "Relation",  "Sentence",  "Span",  "TagsetDescription",  "Token" ] }, 
      "AnnotationBase" : {
        "_feature_types" : {"sofa" : "_ref" }, 
        "_subtypes" : ["Annotation" ] }, 
      "TOP" : {
        "_subtypes" : ["AnnotationBase",  "Sofa" ] } } }, 
  "_views" : {
    "_InitialView" : {
      "Relation" : [
        {"sofa" : 1,  "begin" : 449,  "end" : 454,  "Dependent" : 3261,  "Governor" : 3266 }, 
        {"sofa" : 1,  "begin" : 449,  "end" : 454,  "Dependent" : 3261,  "Governor" : 3256 }, 
        {"sofa" : 1,  "begin" : 449,  "end" : 454,  "Dependent" : 3261,  "Governor" : 3251 }, 
        {"sofa" : 1,  "begin" : 783,  "end" : 789,  "Dependent" : 3292,  "Governor" : 3297 } ], 
      "Span" : [3251,  3256,  3261,  3266,  3297,  3292 ], 
      "DocumentMetaData" : [
        {"sofa" : 1,  "end" : 1121,  "language" : "x-unspecified",  "documentTitle" : "084E%20Frederick%20John%20Smith%201915%20Domestic%20Hygeine%20__75_distribution_HOUS.txt",  "documentId" : "teresa",  "documentUri" : "file:/home/dhuser/alessio/inception/repository/project/29/document/10790/source/teresa",  "collectionId" : "file:/home/dhuser/alessio/inception/repository/project/29/document/10790/source/",  "documentBaseUri" : "file:/home/dhuser/alessio/inception/repository/project/29/document/10790/source/",  "isLastSegment" : false } ], 
      "TagsetDescription" : [
        {"sofa" : 1,  "layer" : "webanno.custom.Emotions",  "name" : "Emotion Labels",  "input" : false }, 
        {"sofa" : 1,  "layer" : "custom.Relation",  "name" : "Relation labels",  "input" : false }, 
        {"sofa" : 1,  "layer" : "custom.Span",  "name" : "Smell labels",  "input" : false } ], 
      "Sentence" : [
        {"sofa" : 1,  "end" : 9 }, 
        {"sofa" : 1,  "begin" : 12,  "end" : 302 }, 
        {"sofa" : 1,  "begin" : 303,  "end" : 715 }, 
        {"sofa" : 1,  "begin" : 716,  "end" : 815 }, 
        {"sofa" : 1,  "begin" : 817,  "end" : 987 }, 
        {"sofa" : 1,  "begin" : 987,  "end" : 988 }, 
        {"sofa" : 1,  "begin" : 990,  "end" : 1038 }, 
        {"sofa" : 1,  "begin" : 1038,  "end" : 1039 }, 
        {"sofa" : 1,  "begin" : 1041,  "end" : 1070 }, 
        {"sofa" : 1,  "begin" : 1070,  "end" : 1071 }, 
        {"sofa" : 1,  "begin" : 1073,  "end" : 1118 } ], 
      "Token" : [
        {"sofa" : 1,  "end" : 8 }, 
        {"sofa" : 1,  "begin" : 8,  "end" : 9 }, 
        {"sofa" : 1,  "begin" : 12,  "end" : 13 }, 
        {"sofa" : 1,  "begin" : 14,  "end" : 19 }, 
        {"sofa" : 1,  "begin" : 20,  "end" : 22 }, 
        {"sofa" : 1,  "begin" : 23,  "end" : 26 }, 
        {"sofa" : 1,  "begin" : 26,  "end" : 27 }, 
        {"sofa" : 1,  "begin" : 28,  "end" : 30 }, 
        {"sofa" : 1,  "begin" : 31,  "end" : 34 }, 
        {"sofa" : 1,  "begin" : 35,  "end" : 44 }, 
        {"sofa" : 1,  "begin" : 44,  "end" : 45 }, 
        {"sofa" : 1,  "begin" : 46,  "end" : 55 }, 
        {"sofa" : 1,  "begin" : 56,  "end" : 58 }, 
        {"sofa" : 1,  "begin" : 59,  "end" : 61 }, 
        {"sofa" : 1,  "begin" : 62,  "end" : 65 }, 
        {"sofa" : 1,  "begin" : 66,  "end" : 68 }, 
        {"sofa" : 1,  "begin" : 69,  "end" : 74 }, 
        {"sofa" : 1,  "begin" : 75,  "end" : 76 }, 
        {"sofa" : 1,  "begin" : 77,  "end" : 88 }, 
        {"sofa" : 1,  "begin" : 88,  "end" : 89 }, 
        {"sofa" : 1,  "begin" : 90,  "end" : 93 }, 
        {"sofa" : 1,  "begin" : 94,  "end" : 95 }, 
        {"sofa" : 1,  "begin" : 96,  "end" : 99 }, 
        {"sofa" : 1,  "begin" : 100,  "end" : 102 }, 
        {"sofa" : 1,  "begin" : 103,  "end" : 109 }, 
        {"sofa" : 1,  "begin" : 110,  "end" : 119 }, 
        {"sofa" : 1,  "begin" : 120,  "end" : 123 }, 
        {"sofa" : 1,  "begin" : 124,  "end" : 127 }, 
        {"sofa" : 1,  "begin" : 128,  "end" : 134 }, 
        {"sofa" : 1,  "begin" : 135,  "end" : 137 }, 
        {"sofa" : 1,  "begin" : 138,  "end" : 146 }, 
        {"sofa" : 1,  "begin" : 147,  "end" : 151 }, 
        {"sofa" : 1,  "begin" : 152,  "end" : 159 }, 
        {"sofa" : 1,  "begin" : 160,  "end" : 162 }, 
        {"sofa" : 1,  "begin" : 163,  "end" : 166 }, 
        {"sofa" : 1,  "begin" : 167,  "end" : 169 }, 
        {"sofa" : 1,  "begin" : 170,  "end" : 173 }, 
        {"sofa" : 1,  "begin" : 174,  "end" : 181 }, 
        {"sofa" : 1,  "begin" : 182,  "end" : 184 }, 
        {"sofa" : 1,  "begin" : 185,  "end" : 191 }, 
        {"sofa" : 1,  "begin" : 191,  "end" : 192 }, 
        {"sofa" : 1,  "begin" : 193,  "end" : 196 }, 
        {"sofa" : 1,  "begin" : 197,  "end" : 200 }, 
        {"sofa" : 1,  "begin" : 201,  "end" : 207 }, 
        {"sofa" : 1,  "begin" : 207,  "end" : 208 }, 
        {"sofa" : 1,  "begin" : 209,  "end" : 217 }, 
        {"sofa" : 1,  "begin" : 217,  "end" : 218 }, 
        {"sofa" : 1,  "begin" : 219,  "end" : 222 }, 
        {"sofa" : 1,  "begin" : 223,  "end" : 228 }, 
        {"sofa" : 1,  "begin" : 229,  "end" : 231 }, 
        {"sofa" : 1,  "begin" : 232,  "end" : 238 }, 
        {"sofa" : 1,  "begin" : 238,  "end" : 239 }, 
        {"sofa" : 1,  "begin" : 240,  "end" : 245 }, 
        {"sofa" : 1,  "begin" : 246,  "end" : 249 }, 
        {"sofa" : 1,  "begin" : 250,  "end" : 253 }, 
        {"sofa" : 1,  "begin" : 254,  "end" : 262 }, 
        {"sofa" : 1,  "begin" : 263,  "end" : 265 }, 
        {"sofa" : 1,  "begin" : 266,  "end" : 269 }, 
        {"sofa" : 1,  "begin" : 270,  "end" : 279 }, 
        {"sofa" : 1,  "begin" : 280,  "end" : 283 }, 
        {"sofa" : 1,  "begin" : 284,  "end" : 292 }, 
        {"sofa" : 1,  "begin" : 293,  "end" : 301 }, 
        {"sofa" : 1,  "begin" : 301,  "end" : 302 }, 
        {"sofa" : 1,  "begin" : 303,  "end" : 305 }, 
        {"sofa" : 1,  "begin" : 306,  "end" : 309 }, 
        {"sofa" : 1,  "begin" : 309,  "end" : 310 }, 
        {"sofa" : 1,  "begin" : 311,  "end" : 318 }, 
        {"sofa" : 1,  "begin" : 318,  "end" : 319 }, 
        {"sofa" : 1,  "begin" : 320,  "end" : 325 }, 
        {"sofa" : 1,  "begin" : 325,  "end" : 326 }, 
        {"sofa" : 1,  "begin" : 327,  "end" : 336 }, 
        {"sofa" : 1,  "begin" : 337,  "end" : 339 }, 
        {"sofa" : 1,  "begin" : 340,  "end" : 344 }, 
        {"sofa" : 1,  "begin" : 345,  "end" : 353 }, 
        {"sofa" : 1,  "begin" : 353,  "end" : 354 }, 
        {"sofa" : 1,  "begin" : 355,  "end" : 359 }, 
        {"sofa" : 1,  "begin" : 360,  "end" : 364 }, 
        {"sofa" : 1,  "begin" : 365,  "end" : 368 }, 
        {"sofa" : 1,  "begin" : 369,  "end" : 373 }, 
        {"sofa" : 1,  "begin" : 374,  "end" : 386 }, 
        {"sofa" : 1,  "begin" : 386,  "end" : 387 }, 
        {"sofa" : 1,  "begin" : 388,  "end" : 390 }, 
        {"sofa" : 1,  "begin" : 391,  "end" : 395 }, 
        {"sofa" : 1,  "begin" : 396,  "end" : 404 }, 
        {"sofa" : 1,  "begin" : 404,  "end" : 405 }, 
        {"sofa" : 1,  "begin" : 406,  "end" : 414 }, 
        {"sofa" : 1,  "begin" : 415,  "end" : 417 }, 
        {"sofa" : 1,  "begin" : 418,  "end" : 421 }, 
        {"sofa" : 1,  "begin" : 422,  "end" : 426 }, 
        {"sofa" : 1,  "begin" : 427,  "end" : 432 }, 
        {"sofa" : 1,  "begin" : 433,  "end" : 435 }, 
        {"sofa" : 1,  "begin" : 436,  "end" : 438 }, 
        {"sofa" : 1,  "begin" : 439,  "end" : 448 }, 
        {"sofa" : 1,  "begin" : 449,  "end" : 454 }, 
        {"sofa" : 1,  "begin" : 455,  "end" : 457 }, 
        {"sofa" : 1,  "begin" : 458,  "end" : 459 }, 
        {"sofa" : 1,  "begin" : 460,  "end" : 467 }, 
        {"sofa" : 1,  "begin" : 468,  "end" : 472 }, 
        {"sofa" : 1,  "begin" : 473,  "end" : 475 }, 
        {"sofa" : 1,  "begin" : 476,  "end" : 479 }, 
        {"sofa" : 1,  "begin" : 480,  "end" : 485 }, 
        {"sofa" : 1,  "begin" : 486,  "end" : 488 }, 
        {"sofa" : 1,  "begin" : 489,  "end" : 494 }, 
        {"sofa" : 1,  "begin" : 495,  "end" : 498 }, 
        {"sofa" : 1,  "begin" : 499,  "end" : 501 }, 
        {"sofa" : 1,  "begin" : 502,  "end" : 509 }, 
        {"sofa" : 1,  "begin" : 509,  "end" : 510 }, 
        {"sofa" : 1,  "begin" : 511,  "end" : 514 }, 
        {"sofa" : 1,  "begin" : 515,  "end" : 520 }, 
        {"sofa" : 1,  "begin" : 521,  "end" : 526 }, 
        {"sofa" : 1,  "begin" : 527,  "end" : 529 }, 
        {"sofa" : 1,  "begin" : 530,  "end" : 531 }, 
        {"sofa" : 1,  "begin" : 532,  "end" : 539 }, 
        {"sofa" : 1,  "begin" : 540,  "end" : 543 }, 
        {"sofa" : 1,  "begin" : 544,  "end" : 550 }, 
        {"sofa" : 1,  "begin" : 551,  "end" : 554 }, 
        {"sofa" : 1,  "begin" : 554,  "end" : 555 }, 
        {"sofa" : 1,  "begin" : 556,  "end" : 558 }, 
        {"sofa" : 1,  "begin" : 559,  "end" : 566 }, 
        {"sofa" : 1,  "begin" : 567,  "end" : 570 }, 
        {"sofa" : 1,  "begin" : 571,  "end" : 573 }, 
        {"sofa" : 1,  "begin" : 574,  "end" : 584 }, 
        {"sofa" : 1,  "begin" : 584,  "end" : 585 }, 
        {"sofa" : 1,  "begin" : 586,  "end" : 588 }, 
        {"sofa" : 1,  "begin" : 589,  "end" : 591 }, 
        {"sofa" : 1,  "begin" : 592,  "end" : 595 }, 
        {"sofa" : 1,  "begin" : 596,  "end" : 605 }, 
        {"sofa" : 1,  "begin" : 606,  "end" : 614 }, 
        {"sofa" : 1,  "begin" : 614,  "end" : 615 }, 
        {"sofa" : 1,  "begin" : 616,  "end" : 618 }, 
        {"sofa" : 1,  "begin" : 619,  "end" : 626 }, 
        {"sofa" : 1,  "begin" : 627,  "end" : 632 }, 
        {"sofa" : 1,  "begin" : 632,  "end" : 633 }, 
        {"sofa" : 1,  "begin" : 634,  "end" : 637 }, 
        {"sofa" : 1,  "begin" : 638,  "end" : 645 }, 
        {"sofa" : 1,  "begin" : 646,  "end" : 649 }, 
        {"sofa" : 1,  "begin" : 650,  "end" : 660 }, 
        {"sofa" : 1,  "begin" : 661,  "end" : 663 }, 
        {"sofa" : 1,  "begin" : 664,  "end" : 667 }, 
        {"sofa" : 1,  "begin" : 668,  "end" : 674 }, 
        {"sofa" : 1,  "begin" : 675,  "end" : 677 }, 
        {"sofa" : 1,  "begin" : 678,  "end" : 680 }, 
        {"sofa" : 1,  "begin" : 681,  "end" : 684 }, 
        {"sofa" : 1,  "begin" : 685,  "end" : 696 }, 
        {"sofa" : 1,  "begin" : 697,  "end" : 701 }, 
        {"sofa" : 1,  "begin" : 702,  "end" : 704 }, 
        {"sofa" : 1,  "begin" : 705,  "end" : 708 }, 
        {"sofa" : 1,  "begin" : 709,  "end" : 714 }, 
        {"sofa" : 1,  "begin" : 714,  "end" : 715 }, 
        {"sofa" : 1,  "begin" : 716,  "end" : 719 }, 
        {"sofa" : 1,  "begin" : 720,  "end" : 724 }, 
        {"sofa" : 1,  "begin" : 724,  "end" : 725 }, 
        {"sofa" : 1,  "begin" : 726,  "end" : 728 }, 
        {"sofa" : 1,  "begin" : 729,  "end" : 731 }, 
        {"sofa" : 1,  "begin" : 732,  "end" : 739 }, 
        {"sofa" : 1,  "begin" : 739,  "end" : 740 }, 
        {"sofa" : 1,  "begin" : 741,  "end" : 744 }, 
        {"sofa" : 1,  "begin" : 745,  "end" : 749 }, 
        {"sofa" : 1,  "begin" : 750,  "end" : 753 }, 
        {"sofa" : 1,  "begin" : 754,  "end" : 768 }, 
        {"sofa" : 1,  "begin" : 769,  "end" : 772 }, 
        {"sofa" : 1,  "begin" : 773,  "end" : 775 }, 
        {"sofa" : 1,  "begin" : 776,  "end" : 779 }, 
        {"sofa" : 1,  "begin" : 780,  "end" : 782 }, 
        {"sofa" : 1,  "begin" : 783,  "end" : 789 }, 
        {"sofa" : 1,  "begin" : 790,  "end" : 793 }, 
        {"sofa" : 1,  "begin" : 794,  "end" : 800 }, 
        {"sofa" : 1,  "begin" : 801,  "end" : 804 }, 
        {"sofa" : 1,  "begin" : 805,  "end" : 814 }, 
        {"sofa" : 1,  "begin" : 814,  "end" : 815 }, 
        {"sofa" : 1,  "begin" : 817,  "end" : 820 }, 
        {"sofa" : 1,  "begin" : 821,  "end" : 827 }, 
        {"sofa" : 1,  "begin" : 828,  "end" : 832 }, 
        {"sofa" : 1,  "begin" : 833,  "end" : 839 }, 
        {"sofa" : 1,  "begin" : 840,  "end" : 842 }, 
        {"sofa" : 1,  "begin" : 843,  "end" : 847 }, 
        {"sofa" : 1,  "begin" : 848,  "end" : 849 }, 
        {"sofa" : 1,  "begin" : 850,  "end" : 853 }, 
        {"sofa" : 1,  "begin" : 854,  "end" : 858 }, 
        {"sofa" : 1,  "begin" : 859,  "end" : 862 }, 
        {"sofa" : 1,  "begin" : 863,  "end" : 871 }, 
        {"sofa" : 1,  "begin" : 872,  "end" : 874 }, 
        {"sofa" : 1,  "begin" : 875,  "end" : 878 }, 
        {"sofa" : 1,  "begin" : 879,  "end" : 883 }, 
        {"sofa" : 1,  "begin" : 884,  "end" : 888 }, 
        {"sofa" : 1,  "begin" : 889,  "end" : 896 }, 
        {"sofa" : 1,  "begin" : 897,  "end" : 900 }, 
        {"sofa" : 1,  "begin" : 901,  "end" : 909 }, 
        {"sofa" : 1,  "begin" : 910,  "end" : 912 }, 
        {"sofa" : 1,  "begin" : 912,  "end" : 913 }, 
        {"sofa" : 1,  "begin" : 915,  "end" : 916 }, 
        {"sofa" : 1,  "begin" : 916,  "end" : 917 }, 
        {"sofa" : 1,  "begin" : 917,  "end" : 918 }, 
        {"sofa" : 1,  "begin" : 919,  "end" : 926 }, 
        {"sofa" : 1,  "begin" : 926,  "end" : 927 }, 
        {"sofa" : 1,  "begin" : 928,  "end" : 933 }, 
        {"sofa" : 1,  "begin" : 933,  "end" : 934 }, 
        {"sofa" : 1,  "begin" : 935,  "end" : 938 }, 
        {"sofa" : 1,  "begin" : 939,  "end" : 946 }, 
        {"sofa" : 1,  "begin" : 947,  "end" : 953 }, 
        {"sofa" : 1,  "begin" : 954,  "end" : 958 }, 
        {"sofa" : 1,  "begin" : 959,  "end" : 962 }, 
        {"sofa" : 1,  "begin" : 963,  "end" : 967 }, 
        {"sofa" : 1,  "begin" : 967,  "end" : 968 }, 
        {"sofa" : 1,  "begin" : 969,  "end" : 973 }, 
        {"sofa" : 1,  "begin" : 974,  "end" : 977 }, 
        {"sofa" : 1,  "begin" : 978,  "end" : 982 }, 
        {"sofa" : 1,  "begin" : 983,  "end" : 987 }, 
        {"sofa" : 1,  "begin" : 987,  "end" : 988 }, 
        {"sofa" : 1,  "begin" : 990,  "end" : 991 }, 
        {"sofa" : 1,  "begin" : 991,  "end" : 992 }, 
        {"sofa" : 1,  "begin" : 992,  "end" : 993 }, 
        {"sofa" : 1,  "begin" : 994,  "end" : 1000 }, 
        {"sofa" : 1,  "begin" : 1000,  "end" : 1001 }, 
        {"sofa" : 1,  "begin" : 1002,  "end" : 1006 }, 
        {"sofa" : 1,  "begin" : 1007,  "end" : 1010 }, 
        {"sofa" : 1,  "begin" : 1011,  "end" : 1015 }, 
        {"sofa" : 1,  "begin" : 1016,  "end" : 1018 }, 
        {"sofa" : 1,  "begin" : 1019,  "end" : 1023 }, 
        {"sofa" : 1,  "begin" : 1023,  "end" : 1024 }, 
        {"sofa" : 1,  "begin" : 1025,  "end" : 1029 }, 
        {"sofa" : 1,  "begin" : 1030,  "end" : 1033 }, 
        {"sofa" : 1,  "begin" : 1034,  "end" : 1038 }, 
        {"sofa" : 1,  "begin" : 1038,  "end" : 1039 }, 
        {"sofa" : 1,  "begin" : 1041,  "end" : 1042 }, 
        {"sofa" : 1,  "begin" : 1042,  "end" : 1043 }, 
        {"sofa" : 1,  "begin" : 1043,  "end" : 1044 }, 
        {"sofa" : 1,  "begin" : 1045,  "end" : 1053 }, 
        {"sofa" : 1,  "begin" : 1054,  "end" : 1058 }, 
        {"sofa" : 1,  "begin" : 1059,  "end" : 1061 }, 
        {"sofa" : 1,  "begin" : 1062,  "end" : 1065 }, 
        {"sofa" : 1,  "begin" : 1066,  "end" : 1070 }, 
        {"sofa" : 1,  "begin" : 1070,  "end" : 1071 }, 
        {"sofa" : 1,  "begin" : 1073,  "end" : 1074 }, 
        {"sofa" : 1,  "begin" : 1074,  "end" : 1075 }, 
        {"sofa" : 1,  "begin" : 1075,  "end" : 1076 }, 
        {"sofa" : 1,  "begin" : 1077,  "end" : 1081 }, 
        {"sofa" : 1,  "begin" : 1082,  "end" : 1091 }, 
        {"sofa" : 1,  "begin" : 1092,  "end" : 1094 }, 
        {"sofa" : 1,  "begin" : 1095,  "end" : 1103 }, 
        {"sofa" : 1,  "begin" : 1104,  "end" : 1107 }, 
        {"sofa" : 1,  "begin" : 1108,  "end" : 1112 }, 
        {"sofa" : 1,  "begin" : 1113,  "end" : 1117 }, 
        {"sofa" : 1,  "begin" : 1117,  "end" : 1118 } ] } }, 
  "_referenced_fss" : {
    "1" : {"_type" : "Sofa",  "sofaNum" : 1,  "sofaID" : "_InitialView",  "mimeType" : "text",  "sofaString" : "DRAINAGE.\n\n\nA nurse is not, in her avocation, consulted as to\nhow to build a house-drain, and I see no reason\ntherefore why she should be burdened with details\nof dry or wet removal of sewage, nor the course,\nmaterial, and shape of drains; these are the province\nof the architect and sanitary engineer. We may,\nhowever, state, enpassant on such subjects, that when\nher nose persistently, or even casually, suggests to\nher that there is an offensive smell in a certain room\nin the house in which she is nursing, she might think\nof a gas-jet not turned off, of leaking gas or soil-pipes, or an old forgotten cesspool, or leaking drain,\nand mention her suspicions to the doctor or to the\nresponsible head of the house. But here, in my\nopinion, her duty and responsibility end so far as\nsmells and drains are concerned.\n\nHer duties with regard to what I may term the\ndrainage of the sick room include the disposal of:\n\n(1) Motions, urine, and clothes soiled with the\nsame, from the sick room.\n\n(2) Refuse, bits and ends of food, from the same.\n\n(3) Utensils used in the same.\n\n(4) Dust collected in sweeping the sick room.\n\n\n" }, 
    "3261" : {"_type" : "Span",  "sofa" : 1,  "begin" : 449,  "end" : 454,  "label" : "Smell_Word" }, 
    "3266" : {"_type" : "Span",  "sofa" : 1,  "begin" : 455,  "end" : 485,  "label" : "Location" }, 
    "3256" : {"_type" : "Span",  "sofa" : 1,  "begin" : 439,  "end" : 448,  "label" : "Quality" }, 
    "3251" : {"_type" : "Span",  "sofa" : 1,  "begin" : 418,  "end" : 421,  "label" : "Perceiver" }, 
    "3292" : {"_type" : "Span",  "sofa" : 1,  "begin" : 783,  "end" : 789,  "label" : "Smell_Word" }, 
    "3297" : {"_type" : "Span",  "sofa" : 1,  "begin" : 741,  "end" : 744,  "label" : "Perceiver" } } }