#FORMAT=WebAnno TSV 3.3


#Text=Neemt, by voorbeeld, dat'er een
#Text=ongedekte gaandery ware van omtrent 600 voeten lang, en met een gelyke vloer;
#Text=
#Text=zo zult gy bevinden, dat de eerste voet de lichtste zal zyn, en zo vervolgens naar
#Text=achteren toe minder en minder.
1-1	2-7	Neemt	
1-2	7-8	,	
1-3	9-11	by	
1-4	12-21	voorbeeld	
1-5	21-22	,	
1-6	23-29	dat'er	
1-7	30-33	een	
1-8	34-43	ongedekte	
1-9	44-52	gaandery	
1-10	53-57	ware	
1-11	58-61	van	
1-12	62-69	omtrent	
1-13	70-73	600	
1-14	74-80	voeten	
1-15	81-85	lang	
1-16	85-86	,	
1-17	87-89	en	
1-18	90-93	met	
1-19	94-97	een	
1-20	98-104	gelyke	
1-21	105-110	vloer	
1-22	110-111	;	
1-23	113-115	zo	
1-24	116-120	zult	
1-25	121-123	gy	
1-26	124-132	bevinden	
1-27	132-133	,	
1-28	134-137	dat	
1-29	138-140	de	
1-30	141-147	eerste	
1-31	148-152	voet	
1-32	153-155	de	
1-33	156-164	lichtste	
1-34	165-168	zal	
1-35	169-172	zyn	
1-36	172-173	,	
1-37	174-176	en	
1-38	177-179	zo	
1-39	180-190	vervolgens	
1-40	191-195	naar	
1-41	196-204	achteren	
1-42	205-208	toe	
1-43	209-215	minder	
1-44	216-218	en	
1-45	219-225	minder	
1-46	225-226	.	

#Text=Het zelve kan men bespeuren aan beelden in 't wit
#Text=gekleed, hoe veel dat de eerste van de laatste zullen verscheelen.
2-1	227-230	Het	
2-2	231-236	zelve	
2-3	237-240	kan	
2-4	241-244	men	
2-5	245-254	bespeuren	
2-6	255-258	aan	
2-7	259-266	beelden	
2-8	267-269	in	
2-9	270-271	'	
2-10	271-272	t	
2-11	273-276	wit	
2-12	277-284	gekleed	
2-13	284-285	,	
2-14	286-289	hoe	
2-15	290-294	veel	
2-16	295-298	dat	
2-17	299-301	de	
2-18	302-308	eerste	
2-19	309-312	van	
2-20	313-315	de	
2-21	316-323	laatste	
2-22	324-330	zullen	
2-23	331-342	verscheelen	
2-24	342-343	.	

#Text=Ik spreek alleenlyk
#Text=van het geen verlicht is:
#Text=want dat donker is en in de schaduwe, daar is het heel
#Text=anders mede gelegen;
#Text=gelyk men kan zien wanneer die beelden met zwart bekleed
#Text=zyn, dat zy alsdan lichter en lichter worden door het verdikken van de dampen
3-1	344-346	Ik	
3-2	347-353	spreek	
3-3	354-363	alleenlyk	
3-4	364-367	van	
3-5	368-371	het	
3-6	372-376	geen	
3-7	377-385	verlicht	
3-8	386-388	is	
3-9	388-389	:	
3-10	390-394	want	
3-11	395-398	dat	
3-12	399-405	donker	
3-13	406-408	is	
3-14	409-411	en	
3-15	412-414	in	
3-16	415-417	de	
3-17	418-426	schaduwe	
3-18	426-427	,	
3-19	428-432	daar	
3-20	433-435	is	
3-21	436-439	het	
3-22	440-444	heel	
3-23	445-451	anders	
3-24	452-456	mede	
3-25	457-464	gelegen	
3-26	464-465	;	
3-27	466-471	gelyk	
3-28	472-475	men	
3-29	476-479	kan	
3-30	480-484	zien	
3-31	485-492	wanneer	
3-32	493-496	die	
3-33	497-504	beelden	
3-34	505-508	met	
3-35	509-514	zwart	
3-36	515-522	bekleed	
3-37	523-526	zyn	
3-38	526-527	,	
3-39	528-531	dat	
3-40	532-534	zy	
3-41	535-541	alsdan	
3-42	542-549	lichter	
3-43	550-552	en	
3-44	553-560	lichter	
3-45	561-567	worden	
3-46	568-572	door	
3-47	573-576	het	
3-48	577-586	verdikken	
3-49	587-590	van	
3-50	591-593	de	
3-51	594-600	dampen	

#Text=.
4-1	600-601	.	

#Text=+
#Text=
#Text=
#Text=De voorwerpen, die zich in een vlak veld vertoonen, wanneer de lucht zonder
#Text=+
#Text=wolken en de zon ergens achter een hoogen berg of boom verborgen is, zullen
#Text=Van de voorwerpen die
#Text=men in een opene lugt
#Text=van alle kanten verlicht worden, en echter hunne verhevenheid behouden, uit
#Text=oorzaak van hunne krachtige diepsels.
5-1	603-604	+	
5-2	607-609	De	
5-3	610-620	voorwerpen	
5-4	620-621	,	
5-5	622-625	die	
5-6	626-630	zich	
5-7	631-633	in	
5-8	634-637	een	
5-9	638-642	vlak	
5-10	643-647	veld	
5-11	648-657	vertoonen	
5-12	657-658	,	
5-13	659-666	wanneer	
5-14	667-669	de	
5-15	670-675	lucht	
5-16	676-682	zonder	
5-17	683-684	+	
5-18	685-691	wolken	
5-19	692-694	en	
5-20	695-697	de	
5-21	698-701	zon	
5-22	702-708	ergens	
5-23	709-715	achter	
5-24	716-719	een	
5-25	720-726	hoogen	
5-26	727-731	berg	
5-27	732-734	of	
5-28	735-739	boom	
5-29	740-749	verborgen	
5-30	750-752	is	
5-31	752-753	,	
5-32	754-760	zullen	
5-33	761-764	Van	
5-34	765-767	de	
5-35	768-778	voorwerpen	
5-36	779-782	die	
5-37	783-786	men	
5-38	787-789	in	
5-39	790-793	een	
5-40	794-799	opene	
5-41	800-804	lugt	
5-42	805-808	van	
5-43	809-813	alle	
5-44	814-820	kanten	
5-45	821-829	verlicht	
5-46	830-836	worden	
5-47	836-837	,	
5-48	838-840	en	
5-49	841-847	echter	
5-50	848-853	hunne	
5-51	854-866	verhevenheid	
5-52	867-875	behouden	
5-53	875-876	,	
5-54	877-880	uit	
5-55	881-888	oorzaak	
5-56	889-892	van	
5-57	893-898	hunne	
5-58	899-908	krachtige	
5-59	909-917	diepsels	
5-60	917-918	.	

#Text=Hunne koleuren zyn niet gebroken, maar verbeeld, hunne natuur en
#Text=behouden de natuurlyke schoonheid: en hoewel de zon, gelyk wy gezegt hebben, koleur van daaging.
6-1	919-924	Hunne	
6-2	925-933	koleuren	
6-3	934-937	zyn	
6-4	938-942	niet	
6-5	943-951	gebroken	
6-6	951-952	,	
6-7	953-957	maar	
6-8	958-966	verbeeld	
6-9	966-967	,	
6-10	968-973	hunne	
6-11	974-980	natuur	
6-12	981-983	en	
6-13	984-992	behouden	
6-14	993-995	de	
6-15	996-1006	natuurlyke	
6-16	1007-1017	schoonheid	
6-17	1017-1018	:	
6-18	1019-1021	en	
6-19	1022-1028	hoewel	
6-20	1029-1031	de	
6-21	1032-1035	zon	
6-22	1035-1036	,	
6-23	1037-1042	gelyk	
6-24	1043-1045	wy	
6-25	1046-1052	gezegt	
6-26	1053-1059	hebben	
6-27	1059-1060	,	
6-28	1061-1067	koleur	
6-29	1068-1071	van	
6-30	1072-1079	daaging	
6-31	1079-1080	.	

#Text=ergens achter verborgen is, en by gevolg voor dien tyd op de voorwerpen niet kan
#Text=schynen, zo zullen echter dezelve min of meer door de lucht, van die kant daar de
#Text=zon zich verbergt, verlicht worden, zonder de koleuren te vervalschen.
7-1	1082-1088	ergens	
7-2	1089-1095	achter	
7-3	1096-1105	verborgen	
7-4	1106-1108	is	
7-5	1108-1109	,	
7-6	1110-1112	en	
7-7	1113-1115	by	
7-8	1116-1122	gevolg	
7-9	1123-1127	voor	
7-10	1128-1132	dien	
7-11	1133-1136	tyd	
7-12	1137-1139	op	
7-13	1140-1142	de	
7-14	1143-1153	voorwerpen	
7-15	1154-1158	niet	
7-16	1159-1162	kan	
7-17	1163-1170	schynen	
7-18	1170-1171	,	
7-19	1172-1174	zo	
7-20	1175-1181	zullen	
7-21	1182-1188	echter	
7-22	1189-1196	dezelve	
7-23	1197-1200	min	
7-24	1201-1203	of	
7-25	1204-1208	meer	
7-26	1209-1213	door	
7-27	1214-1216	de	
7-28	1217-1222	lucht	
7-29	1222-1223	,	
7-30	1224-1227	van	
7-31	1228-1231	die	
7-32	1232-1236	kant	
7-33	1237-1241	daar	
7-34	1242-1244	de	
7-35	1245-1248	zon	
7-36	1249-1253	zich	
7-37	1254-1262	verbergt	
7-38	1262-1263	,	
7-39	1264-1272	verlicht	
7-40	1273-1279	worden	
7-41	1279-1280	,	
7-42	1281-1287	zonder	
7-43	1288-1290	de	
7-44	1291-1299	koleuren	
7-45	1300-1302	te	
7-46	1303-1314	vervalschen	
7-47	1314-1315	.	

#Text=Dat het azuur-blaauw der lucht geen koleur is, kan men klaarlyk bemerken aan
#Text=de voorwerpen op het vlakke veld, wanneer ze van de wolken noch de zon niet
#Text=bescheenen zyn, dat ze niet in 't minste daar van gekoloreerd konnen werden; uit
#Text=oorzaak dat de blaauwheid der lucht niet anders is als een ver afgelegene distantie
#Text=of hoogte, waar uit dezelve voortkomt:
#Text=zynde by gevolg niet machtig om deze koleur
#Text=aan de voorwerpen mede te deelen, als daar toe geen ligchaam hebbende, gelyk
#Text=het eene voorwerp tegen het ander doet.
8-1	1318-1321	Dat	
8-2	1322-1325	het	
8-3	1326-1338	azuur-blaauw	
8-4	1339-1342	der	
8-5	1343-1348	lucht	
8-6	1349-1353	geen	
8-7	1354-1360	koleur	
8-8	1361-1363	is	
8-9	1363-1364	,	
8-10	1365-1368	kan	
8-11	1369-1372	men	
8-12	1373-1381	klaarlyk	
8-13	1382-1390	bemerken	
8-14	1391-1394	aan	
8-15	1395-1397	de	
8-16	1398-1408	voorwerpen	
8-17	1409-1411	op	
8-18	1412-1415	het	
8-19	1416-1422	vlakke	
8-20	1423-1427	veld	
8-21	1427-1428	,	
8-22	1429-1436	wanneer	
8-23	1437-1439	ze	
8-24	1440-1443	van	
8-25	1444-1446	de	
8-26	1447-1453	wolken	
8-27	1454-1458	noch	
8-28	1459-1461	de	
8-29	1462-1465	zon	
8-30	1466-1470	niet	
8-31	1471-1481	bescheenen	
8-32	1482-1485	zyn	
8-33	1485-1486	,	
8-34	1487-1490	dat	
8-35	1491-1493	ze	
8-36	1494-1498	niet	
8-37	1499-1501	in	
8-38	1502-1503	'	
8-39	1503-1504	t	
8-40	1505-1511	minste	
8-41	1512-1516	daar	
8-42	1517-1520	van	
8-43	1521-1532	gekoloreerd	
8-44	1533-1539	konnen	
8-45	1540-1546	werden	
8-46	1546-1547	;	
8-47	1548-1551	uit	
8-48	1552-1559	oorzaak	
8-49	1560-1563	dat	
8-50	1564-1566	de	
8-51	1567-1577	blaauwheid	
8-52	1578-1581	der	
8-53	1582-1587	lucht	
8-54	1588-1592	niet	
8-55	1593-1599	anders	
8-56	1600-1602	is	
8-57	1603-1606	als	
8-58	1607-1610	een	
8-59	1611-1614	ver	
8-60	1615-1625	afgelegene	
8-61	1626-1635	distantie	
8-62	1636-1638	of	
8-63	1639-1645	hoogte	
8-64	1645-1646	,	
8-65	1647-1651	waar	
8-66	1652-1655	uit	
8-67	1656-1663	dezelve	
8-68	1664-1673	voortkomt	
8-69	1673-1674	:	
8-70	1675-1680	zynde	
8-71	1681-1683	by	
8-72	1684-1690	gevolg	
8-73	1691-1695	niet	
8-74	1696-1703	machtig	
8-75	1704-1706	om	
8-76	1707-1711	deze	
8-77	1712-1718	koleur	
8-78	1719-1722	aan	
8-79	1723-1725	de	
8-80	1726-1736	voorwerpen	
8-81	1737-1741	mede	
8-82	1742-1744	te	
8-83	1745-1751	deelen	
8-84	1751-1752	,	
8-85	1753-1756	als	
8-86	1757-1761	daar	
8-87	1762-1765	toe	
8-88	1766-1770	geen	
8-89	1771-1779	ligchaam	
8-90	1780-1788	hebbende	
8-91	1788-1789	,	
8-92	1790-1795	gelyk	
8-93	1796-1799	het	
8-94	1800-1804	eene	
8-95	1805-1813	voorwerp	
8-96	1814-1819	tegen	
8-97	1820-1823	het	
8-98	1824-1829	ander	
8-99	1830-1834	doet	
8-100	1834-1835	.	

#Text=Terwyl wy bezig zyn met het verhandelen van de kracht der lucht,
#Text=
#Text=Gérard de Lairesse, Groot schilderboek
#Text=
#Text=\ft.o. 253
#Text=
#Text=
#Text=Gérard
#Text=de Lairesse, Groot schilderboek
#Text=
#Text=
#Text=\f253
#Text=
#Text=zal het niet kwalyk passen, dat wy insgelyks een weinig spreeken van de reflexie
#Text=derzelve; zynde een zaak die wel een naauwkeurige opmerkinge vereischt, alzo
#Text=hier in veeltydts groote misslagen worden begaan, wanneer men het niet na
#Text=behooren, en met een ryp oordeel, overweegt eer men het in 't werk stelt.
9-1	1837-1843	Terwyl	
9-2	1844-1846	wy	
9-3	1847-1852	bezig	
9-4	1853-1856	zyn	
9-5	1857-1860	met	
9-6	1861-1864	het	
9-7	1865-1876	verhandelen	
9-8	1877-1880	van	
9-9	1881-1883	de	
9-10	1884-1890	kracht	
9-11	1891-1894	der	
9-12	1895-1900	lucht	
9-13	1900-1901	,	
9-14	1903-1909	Gérard	
9-15	1910-1912	de	
9-16	1913-1921	Lairesse	
9-17	1921-1922	,	
9-18	1923-1928	Groot	
9-19	1929-1941	schilderboek	
9-20	1944-1947	t.o	
9-21	1947-1948	.	
9-22	1949-1952	253	
9-23	1955-1961	Gérard	
9-24	1962-1964	de	
9-25	1965-1973	Lairesse	
9-26	1973-1974	,	
9-27	1975-1980	Groot	
9-28	1981-1993	schilderboek	
9-29	1997-2000	253	
9-30	2002-2005	zal	
9-31	2006-2009	het	
9-32	2010-2014	niet	
9-33	2015-2021	kwalyk	
9-34	2022-2028	passen	
9-35	2028-2029	,	
9-36	2030-2033	dat	
9-37	2034-2036	wy	
9-38	2037-2046	insgelyks	
9-39	2047-2050	een	
9-40	2051-2057	weinig	
9-41	2058-2066	spreeken	
9-42	2067-2070	van	
9-43	2071-2073	de	
9-44	2074-2082	reflexie	
9-45	2083-2091	derzelve	
9-46	2091-2092	;	
9-47	2093-2098	zynde	
9-48	2099-2102	een	
9-49	2103-2107	zaak	
9-50	2108-2111	die	
9-51	2112-2115	wel	
9-52	2116-2119	een	
9-53	2120-2132	naauwkeurige	
9-54	2133-2143	opmerkinge	
9-55	2144-2153	vereischt	
9-56	2153-2154	,	
9-57	2155-2159	alzo	
9-58	2160-2164	hier	
9-59	2165-2167	in	
9-60	2168-2177	veeltydts	
9-61	2178-2184	groote	
9-62	2185-2194	misslagen	
9-63	2195-2201	worden	
9-64	2202-2208	begaan	
9-65	2208-2209	,	
9-66	2210-2217	wanneer	
9-67	2218-2221	men	
9-68	2222-2225	het	
9-69	2226-2230	niet	
9-70	2231-2233	na	
9-71	2234-2242	behooren	
9-72	2242-2243	,	
9-73	2244-2246	en	
9-74	2247-2250	met	
9-75	2251-2254	een	
9-76	2255-2258	ryp	
9-77	2259-2266	oordeel	
9-78	2266-2267	,	
9-79	2268-2277	overweegt	
9-80	2278-2281	eer	
9-81	2282-2285	men	
9-82	2286-2289	het	
9-83	2290-2292	in	
9-84	2293-2294	'	
9-85	2294-2295	t	
9-86	2296-2300	werk	
9-87	2301-2306	stelt	
9-88	2306-2307	.	
