#FORMAT=WebAnno TSV 3.3


#Text=anethi, cedrulae, Odore, non fra
#Text=
#Text=grantia.
1-1	2-8	anethi	
1-2	8-9	,	
1-3	10-18	cedrulae	
1-4	18-19	,	
1-5	20-25	Odore	
1-6	25-26	,	
1-7	27-30	non	
1-8	31-34	fra	
1-9	36-43	grantia	
1-10	43-44	.	

#Text=Haec ideo meum Vulgus ho lectorem monui, yt ne yul.
#Text=prehendi go hominum affentiatur,
#Text=
#Text=qui existimant, apud veteres fuauia & fragrantia vel ea habita fuisse, quae nobis acutè folum vehementiusque oleant , Sapientissimi enim antiquorum Aristoteles, Theophrastus, Diofcorides , emunctissimaeque naris homines probè norunt, Quid distent aera lupin nis: quaeque Obokant allium ,
#Text=
#Text=bas
#Text=
#Text=
#Text=
#Text=
#Text=
#Text=tum Roma num.
#Text=baram , fuem , capram commixă.
2-1	45-49	Haec	
2-2	50-54	ideo	
2-3	55-59	meum	
2-4	60-66	Vulgus	
2-5	67-69	ho	
2-6	70-78	lectorem	
2-7	79-84	monui	
2-8	84-85	,	
2-9	86-88	yt	
2-10	89-91	ne	
2-11	92-95	yul	
2-12	95-96	.	
2-13	97-105	prehendi	
2-14	106-108	go	
2-15	109-116	hominum	
2-16	117-128	affentiatur	
2-17	128-129	,	
2-18	131-134	qui	
2-19	135-145	existimant	
2-20	145-146	,	
2-21	147-151	apud	
2-22	152-159	veteres	
2-23	160-166	fuauia	
2-24	167-168	&	
2-25	169-179	fragrantia	
2-26	180-183	vel	
2-27	184-186	ea	
2-28	187-193	habita	
2-29	194-200	fuisse	
2-30	200-201	,	
2-31	202-206	quae	
2-32	207-212	nobis	
2-33	213-218	acutè	
2-34	219-224	folum	
2-35	225-239	vehementiusque	
2-36	240-246	oleant	
2-37	247-248	,	
2-38	249-262	Sapientissimi	
2-39	263-267	enim	
2-40	268-278	antiquorum	
2-41	279-290	Aristoteles	
2-42	290-291	,	
2-43	292-304	Theophrastus	
2-44	304-305	,	
2-45	306-317	Diofcorides	
2-46	318-319	,	
2-47	320-336	emunctissimaeque	
2-48	337-342	naris	
2-49	343-350	homines	
2-50	351-356	probè	
2-51	357-363	norunt	
2-52	363-364	,	
2-53	365-369	Quid	
2-54	370-377	distent	
2-55	378-382	aera	
2-56	383-388	lupin	
2-57	389-392	nis	
2-58	392-393	:	
2-59	394-401	quaeque	
2-60	402-409	Obokant	
2-61	410-416	allium	
2-62	417-418	,	
2-63	420-423	bas	
2-64	429-432	tum	
2-65	433-437	Roma	
2-66	438-441	num	
2-67	441-442	.	
2-68	443-448	baram	
2-69	449-450	,	
2-70	451-455	fuem	
2-71	456-457	,	
2-72	458-464	capram	
2-73	465-472	commixă	
2-74	472-473	.	

#Text=Demum notare oportet,
#Text=
#Text=0.
3-1	474-479	Demum	
3-2	480-486	notare	
3-3	487-494	oportet	
3-4	494-495	,	
3-5	497-498	0	
3-6	498-499	.	

#Text=Sextò ania
#Text=
#Text=niaduerten doramentorum eam efle dum .
#Text=conditionem, vt a simplicium dosi, atque etiam ab alio interdum minùs odorato vim accipiant ac fuauitatem.
4-1	500-505	Sextò	
4-2	506-510	ania	
4-3	512-522	niaduerten	
4-4	523-535	doramentorum	
4-5	536-539	eam	
4-6	540-544	efle	
4-7	545-548	dum	
4-8	549-550	.	
4-9	551-562	conditionem	
4-10	562-563	,	
4-11	564-566	vt	
4-12	567-568	a	
4-13	569-579	simplicium	
4-14	580-584	dosi	
4-15	584-585	,	
4-16	586-591	atque	
4-17	592-597	etiam	
4-18	598-600	ab	
4-19	601-605	alio	
4-20	606-614	interdum	
4-21	615-620	minùs	
4-22	621-628	odorato	
4-23	629-632	vim	
4-24	633-642	accipiant	
4-25	643-645	ac	
4-26	646-656	fuauitatem	
4-27	656-657	.	

#Text=Sic odoramentum, Odoranien Romanum vulgo appellatum , a quadam herbula, ex fe minimè olente, in arcanis tamen a peritiffimo vnguentario habita , fuauitatem mutuatur non mediocrem.
5-1	658-661	Sic	
5-2	662-673	odoramentum	
5-3	673-674	,	
5-4	675-684	Odoranien	
5-5	685-692	Romanum	
5-6	693-698	vulgo	
5-7	699-709	appellatum	
5-8	710-711	,	
5-9	712-713	a	
5-10	714-720	quadam	
5-11	721-728	herbula	
5-12	728-729	,	
5-13	730-732	ex	
5-14	733-735	fe	
5-15	736-742	minimè	
5-16	743-749	olente	
5-17	749-750	,	
5-18	751-753	in	
5-19	754-761	arcanis	
5-20	762-767	tamen	
5-21	768-769	a	
5-22	770-781	peritiffimo	
5-23	782-793	vnguentario	
5-24	794-800	habita	
5-25	801-802	,	
5-26	803-813	fuauitatem	
5-27	814-822	mutuatur	
5-28	823-826	non	
5-29	827-836	mediocrem	
5-30	836-837	.	

#Text=Haec, Lector, si diligenter animaduertas, tibi , vt aliquibus , mirum non videbitur,fi aliqua antiquorum vnguenta luauif
#Text=
#Text=
#Text=
#Text=
#Text=
#Text=rum vnguen
#Text=
#Text=
#Text=
#Text=fimum non fpirauerint o: dorem : fi alia nonnulla galbanum, terebinthum , melilotum, foenum graecumu, & alia huiusmodi non respuant, quae aur nihil aut
#Text=
#Text=non bene oleant.
6-1	838-842	Haec	
6-2	842-843	,	
6-3	844-850	Lector	
6-4	850-851	,	
6-5	852-854	si	
6-6	855-865	diligenter	
6-7	866-878	animaduertas	
6-8	878-879	,	
6-9	880-884	tibi	
6-10	885-886	,	
6-11	887-889	vt	
6-12	890-899	aliquibus	
6-13	900-901	,	
6-14	902-907	mirum	
6-15	908-911	non	
6-16	912-921	videbitur	
6-17	921-922	,	
6-18	922-924	fi	
6-19	925-931	aliqua	
6-20	932-942	antiquorum	
6-21	943-951	vnguenta	
6-22	952-958	luauif	
6-23	964-967	rum	
6-24	968-974	vnguen	
6-25	978-983	fimum	
6-26	984-987	non	
6-27	988-999	fpirauerint	
6-28	1000-1001	o	
6-29	1001-1002	:	
6-30	1003-1008	dorem	
6-31	1009-1010	:	
6-32	1011-1013	fi	
6-33	1014-1018	alia	
6-34	1019-1027	nonnulla	
6-35	1028-1036	galbanum	
6-36	1036-1037	,	
6-37	1038-1049	terebinthum	
6-38	1050-1051	,	
6-39	1052-1061	melilotum	
6-40	1061-1062	,	
6-41	1063-1069	foenum	
6-42	1070-1078	graecumu	
6-43	1078-1079	,	
6-44	1080-1081	&	
6-45	1082-1086	alia	
6-46	1087-1096	huiusmodi	
6-47	1097-1100	non	
6-48	1101-1109	respuant	
6-49	1109-1110	,	
6-50	1111-1115	quae	
6-51	1116-1119	aur	
6-52	1120-1125	nihil	
6-53	1126-1129	aut	
6-54	1131-1134	non	
6-55	1135-1139	bene	
6-56	1140-1146	oleant	
6-57	1146-1147	.	

#Text=Antiquo.
7-1	1148-1155	Antiquo	
7-2	1155-1156	.	

#Text=Iam ea odoramenta, torum fua.
#Text=quae ex suauissimis condi.
#Text=probatur.
8-1	1157-1160	Iam	
8-2	1161-1163	ea	
8-3	1164-1174	odoramenta	
8-4	1174-1175	,	
8-5	1176-1181	torum	
8-6	1182-1185	fua	
8-7	1185-1186	.	
8-8	1187-1191	quae	
8-9	1192-1194	ex	
8-10	1195-1206	suauissimis	
8-11	1207-1212	condi	
8-12	1212-1213	.	
8-13	1214-1222	probatur	
8-14	1222-1223	.	

#Text="ta fuerunt, suauiffima fuif .
#Text=se, non folùm intelligere possumus ex partibus componentibus, odorum fuauitate praeditis; fed etiam ex eo, quòd vnguentaria a prifcis vlque temporibus ad collaplam Ruinanam po-tentiam perenne fummoque ftudio exculta & aucta,
#Text=
#Text=ad
#Text=
#Text=
#Text=
#Text=
#Text=
#Text=ad summum atque omni genere perfectum peruenerit.
9-1	1224-1225	"	
9-2	1225-1227	ta	
9-3	1228-1235	fuerunt	
9-4	1235-1236	,	
9-5	1237-1247	suauiffima	
9-6	1248-1252	fuif	
9-7	1253-1254	.	
9-8	1255-1257	se	
9-9	1257-1258	,	
9-10	1259-1262	non	
9-11	1263-1268	folùm	
9-12	1269-1280	intelligere	
9-13	1281-1289	possumus	
9-14	1290-1292	ex	
9-15	1293-1301	partibus	
9-16	1302-1315	componentibus	
9-17	1315-1316	,	
9-18	1317-1323	odorum	
9-19	1324-1333	fuauitate	
9-20	1334-1343	praeditis	
9-21	1343-1344	;	
9-22	1345-1348	fed	
9-23	1349-1354	etiam	
9-24	1355-1357	ex	
9-25	1358-1360	eo	
9-26	1360-1361	,	
9-27	1362-1366	quòd	
9-28	1367-1378	vnguentaria	
9-29	1379-1380	a	
9-30	1381-1388	prifcis	
9-31	1389-1394	vlque	
9-32	1395-1405	temporibus	
9-33	1406-1408	ad	
9-34	1409-1418	collaplam	
9-35	1419-1427	Ruinanam	
9-36	1428-1438	po-tentiam	
9-37	1439-1446	perenne	
9-38	1447-1455	fummoque	
9-39	1456-1462	ftudio	
9-40	1463-1470	exculta	
9-41	1471-1472	&	
9-42	1473-1478	aucta	
9-43	1478-1479	,	
9-44	1481-1483	ad	
9-45	1489-1491	ad	
9-46	1492-1498	summum	
9-47	1499-1504	atque	
9-48	1505-1509	omni	
9-49	1510-1516	genere	
9-50	1517-1526	perfectum	
9-51	1527-1537	peruenerit	
9-52	1537-1538	.	

#Text=Nam licet Plinius Ilia.
10-1	1539-1542	Nam	
10-2	1543-1548	licet	
10-3	1549-1556	Plinius	
10-4	1557-1561	Ilia	
10-5	1561-1562	.	

#Text=Plinius ite
#Text=
#Text=prehensus, cis temporibus eam non fuisse , circa Darij Regis aetatem innotuiffe fcribat; tamen longè antiquiorem efse, multa sunt , quae conuincunt.
11-1	1563-1570	Plinius	
11-2	1571-1574	ite	
11-3	1576-1585	prehensus	
11-4	1585-1586	,	
11-5	1587-1590	cis	
11-6	1591-1601	temporibus	
11-7	1602-1605	eam	
11-8	1606-1609	non	
11-9	1610-1616	fuisse	
11-10	1617-1618	,	
11-11	1619-1624	circa	
11-12	1625-1630	Darij	
11-13	1631-1636	Regis	
11-14	1637-1644	aetatem	
11-15	1645-1655	innotuiffe	
11-16	1656-1663	fcribat	
11-17	1663-1664	;	
11-18	1665-1670	tamen	
11-19	1671-1676	longè	
11-20	1677-1688	antiquiorem	
11-21	1689-1693	efse	
11-22	1693-1694	,	
11-23	1695-1700	multa	
11-24	1701-1705	sunt	
11-25	1706-1707	,	
11-26	1708-1712	quae	
11-27	1713-1723	conuincunt	
11-28	1723-1724	.	

#Text=Et primò quidem mitto Hippocratem , qui Dario aetate maior (natus enim Hippocrates fuit O- Hippocra
#Text=
#Text=tes quando lymp.
12-1	1725-1727	Et	
12-2	1728-1733	primò	
12-3	1734-1740	quidem	
12-4	1741-1746	mitto	
12-5	1747-1758	Hippocratem	
12-6	1759-1760	,	
12-7	1761-1764	qui	
12-8	1765-1770	Dario	
12-9	1771-1777	aetate	
12-10	1778-1783	maior	
12-11	1784-1785	(	
12-12	1785-1790	natus	
12-13	1791-1795	enim	
12-14	1796-1807	Hippocrates	
12-15	1808-1812	fuit	
12-16	1813-1814	O	
12-17	1814-1815	-	
12-18	1816-1824	Hippocra	
12-19	1826-1829	tes	
12-20	1830-1836	quando	
12-21	1837-1841	lymp	
12-22	1841-1842	.	

#Text=Lxxx.
13-1	1843-1847	Lxxx	
13-2	1847-1848	.	

#Text=V.C. an.ccxc i li naţus.
14-1	1849-1852	V.C	
14-2	1852-1853	.	
14-3	1854-1861	an.ccxc	
14-4	1862-1863	i	
14-5	1864-1866	li	
14-6	1867-1872	naţus	
14-7	1872-1873	.	
