#FORMAT=WebAnno TSV 3.3


#Text=Het is gemakkelijk te begrijpen, dat zij zeer verlangden, dat de hevige wind mogte ophouden, en opgevolgd worden door een meer kalm weder, opdat zij weder nieuwen voorraad van brandhout konden opdoen, te meer daar ook het vet voor de lamp sterk begon te minderen.
1-1	6-9	Het	
1-2	10-12	is	
1-3	13-24	gemakkelijk	
1-4	25-27	te	
1-5	28-37	begrijpen	
1-6	37-38	,	
1-7	39-42	dat	
1-8	43-46	zij	
1-9	47-51	zeer	
1-10	52-62	verlangden	
1-11	62-63	,	
1-12	64-67	dat	
1-13	68-70	de	
1-14	71-77	hevige	
1-15	78-82	wind	
1-16	83-88	mogte	
1-17	89-97	ophouden	
1-18	97-98	,	
1-19	99-101	en	
1-20	102-111	opgevolgd	
1-21	112-118	worden	
1-22	119-123	door	
1-23	124-127	een	
1-24	128-132	meer	
1-25	133-137	kalm	
1-26	138-143	weder	
1-27	143-144	,	
1-28	145-150	opdat	
1-29	151-154	zij	
1-30	155-160	weder	
1-31	161-168	nieuwen	
1-32	169-177	voorraad	
1-33	178-181	van	
1-34	182-191	brandhout	
1-35	192-198	konden	
1-36	199-205	opdoen	
1-37	205-206	,	
1-38	207-209	te	
1-39	210-214	meer	
1-40	215-219	daar	
1-41	220-223	ook	
1-42	224-227	het	
1-43	228-231	vet	
1-44	232-236	voor	
1-45	237-239	de	
1-46	240-244	lamp	
1-47	245-250	sterk	
1-48	251-256	begon	
1-49	257-259	te	
1-50	260-268	minderen	
1-51	268-269	.	

#Text=In de hoop van spoedig een meer aangenaam weder te krijgen, namen zij vervolgens dezen tijd te baat, om zich voor den aanstaanden togt uit te rusten.
2-1	274-276	In	
2-2	277-279	de	
2-3	280-284	hoop	
2-4	285-288	van	
2-5	289-296	spoedig	
2-6	297-300	een	
2-7	301-305	meer	
2-8	306-315	aangenaam	
2-9	316-321	weder	
2-10	322-324	te	
2-11	325-332	krijgen	
2-12	332-333	,	
2-13	334-339	namen	
2-14	340-343	zij	
2-15	344-354	vervolgens	
2-16	355-360	dezen	
2-17	361-365	tijd	
2-18	366-368	te	
2-19	369-373	baat	
2-20	373-374	,	
2-21	375-377	om	
2-22	378-382	zich	
2-23	383-387	voor	
2-24	388-391	den	
2-25	392-403	aanstaanden	
2-26	404-408	togt	
2-27	409-412	uit	
2-28	413-415	te	
2-29	416-422	rusten	
2-30	422-423	.	

#Text=Drie beerenvellen werden aan stukken gesneden, om zich daarvan voor elk hunner een wambuis te maken, dat hun tot op de knin nederhing; met de pezen der beeren werden deze kleederen genaaid.
3-1	428-432	Drie	
3-2	433-445	beerenvellen	
3-3	446-452	werden	
3-4	453-456	aan	
3-5	457-464	stukken	
3-6	465-473	gesneden	
3-7	473-474	,	
3-8	475-477	om	
3-9	478-482	zich	
3-10	483-490	daarvan	
3-11	491-495	voor	
3-12	496-499	elk	
3-13	500-506	hunner	
3-14	507-510	een	
3-15	511-518	wambuis	
3-16	519-521	te	
3-17	522-527	maken	
3-18	527-528	,	
3-19	529-532	dat	
3-20	533-536	hun	
3-21	537-540	tot	
3-22	541-543	op	
3-23	544-546	de	
3-24	547-551	knin	
3-25	552-561	nederhing	
3-26	561-562	;	
3-27	563-566	met	
3-28	567-569	de	
3-29	570-575	pezen	
3-30	576-579	der	
3-31	580-586	beeren	
3-32	587-593	werden	
3-33	594-598	deze	
3-34	599-608	kleederen	
3-35	609-616	genaaid	
3-36	616-617	.	

#Text=Zij gebruikten de vellen der vossen, om de armen en beenen te bedekken, welke zij met gedroogde darmen vast bonden; en opdat zij niet te diep in de sneeuw zouden zakken, bonden zij plankjes onder de voeten, op de wijze der Samojeden.
4-1	618-621	Zij	
4-2	622-632	gebruikten	
4-3	633-635	de	
4-4	636-642	vellen	
4-5	643-646	der	
4-6	647-653	vossen	
4-7	653-654	,	
4-8	655-657	om	
4-9	658-660	de	
4-10	661-666	armen	
4-11	667-669	en	
4-12	670-676	beenen	
4-13	677-679	te	
4-14	680-688	bedekken	
4-15	688-689	,	
4-16	690-695	welke	
4-17	696-699	zij	
4-18	700-703	met	
4-19	704-713	gedroogde	
4-20	714-720	darmen	
4-21	721-725	vast	
4-22	726-732	bonden	
4-23	732-733	;	
4-24	734-736	en	
4-25	737-742	opdat	
4-26	743-746	zij	
4-27	747-751	niet	
4-28	752-754	te	
4-29	755-759	diep	
4-30	760-762	in	
4-31	763-765	de	
4-32	766-772	sneeuw	
4-33	773-779	zouden	
4-34	780-786	zakken	
4-35	786-787	,	
4-36	788-794	bonden	
4-37	795-798	zij	
4-38	799-807	plankjes	
4-39	808-813	onder	
4-40	814-816	de	
4-41	817-823	voeten	
4-42	823-824	,	
4-43	825-827	op	
4-44	828-830	de	
4-45	831-836	wijze	
4-46	837-840	der	
4-47	841-850	Samojeden	
4-48	850-851	.	

#Text=Al deze toebereidselen verschaften hun twee weken arbeids.
5-1	852-854	Al	
5-2	855-859	deze	
5-3	860-874	toebereidselen	
5-4	875-886	verschaften	
5-5	887-890	hun	
5-6	891-895	twee	
5-7	896-901	weken	
5-8	902-909	arbeids	
5-9	909-910	.	

#Text=Vervolgens maakten zij hunne slede behoorlijk in orde, en verbeidden alzoo met geduld een meer aangenaam weder.
6-1	911-921	Vervolgens	
6-2	922-929	maakten	
6-3	930-933	zij	
6-4	934-939	hunne	
6-5	940-945	slede	
6-6	946-956	behoorlijk	
6-7	957-959	in	
6-8	960-964	orde	
6-9	964-965	,	
6-10	966-968	en	
6-11	969-979	verbeidden	
6-12	980-985	alzoo	
6-13	986-989	met	
6-14	990-996	geduld	
6-15	997-1000	een	
6-16	1001-1005	meer	
6-17	1006-1015	aangenaam	
6-18	1016-1021	weder	
6-19	1021-1022	.	

#Text=Toen eindelijk de storm bedaard en de lucht helder was geworden, voorzagen zij zich voor drie dagen van levensmiddelen, en na zich in een hartelijk gebed in de
#Text=
#Text=
#Text=
#Text=bescherming van den hemelschen Vader aanbevolen te hebben, begaven zij zich op weg, met geweren en pieken gewapend, bij eenen helderen sterrenhemel, stillen wind en eene onbegrijpelijk koude lucht.
7-1	1027-1031	Toen	
7-2	1032-1041	eindelijk	
7-3	1042-1044	de	
7-4	1045-1050	storm	
7-5	1051-1058	bedaard	
7-6	1059-1061	en	
7-7	1062-1064	de	
7-8	1065-1070	lucht	
7-9	1071-1077	helder	
7-10	1078-1081	was	
7-11	1082-1090	geworden	
7-12	1090-1091	,	
7-13	1092-1101	voorzagen	
7-14	1102-1105	zij	
7-15	1106-1110	zich	
7-16	1111-1115	voor	
7-17	1116-1120	drie	
7-18	1121-1126	dagen	
7-19	1127-1130	van	
7-20	1131-1145	levensmiddelen	
7-21	1145-1146	,	
7-22	1147-1149	en	
7-23	1150-1152	na	
7-24	1153-1157	zich	
7-25	1158-1160	in	
7-26	1161-1164	een	
7-27	1165-1174	hartelijk	
7-28	1175-1180	gebed	
7-29	1181-1183	in	
7-30	1184-1186	de	
7-31	1190-1201	bescherming	
7-32	1202-1205	van	
7-33	1206-1209	den	
7-34	1210-1220	hemelschen	
7-35	1221-1226	Vader	
7-36	1227-1237	aanbevolen	
7-37	1238-1240	te	
7-38	1241-1247	hebben	
7-39	1247-1248	,	
7-40	1249-1256	begaven	
7-41	1257-1260	zij	
7-42	1261-1265	zich	
7-43	1266-1268	op	
7-44	1269-1272	weg	
7-45	1272-1273	,	
7-46	1274-1277	met	
7-47	1278-1285	geweren	
7-48	1286-1288	en	
7-49	1289-1295	pieken	
7-50	1296-1304	gewapend	
7-51	1304-1305	,	
7-52	1306-1309	bij	
7-53	1310-1315	eenen	
7-54	1316-1324	helderen	
7-55	1325-1337	sterrenhemel	
7-56	1337-1338	,	
7-57	1339-1346	stillen	
7-58	1347-1351	wind	
7-59	1352-1354	en	
7-60	1355-1359	eene	
7-61	1360-1374	onbegrijpelijk	
7-62	1375-1380	koude	
7-63	1381-1386	lucht	
7-64	1386-1387	.	

#Text=Zij hadden thans een wonderlijk voorkomen, en geleken wel op Robinson Cruso, zoo als die, bij zijn vertrek van het eiland, wordt afgebeeld.
8-1	1388-1391	Zij	
8-2	1392-1398	hadden	
8-3	1399-1404	thans	
8-4	1405-1408	een	
8-5	1409-1419	wonderlijk	
8-6	1420-1429	voorkomen	
8-7	1429-1430	,	
8-8	1431-1433	en	
8-9	1434-1441	geleken	
8-10	1442-1445	wel	
8-11	1446-1448	op	
8-12	1449-1457	Robinson	
8-13	1458-1463	Cruso	
8-14	1463-1464	,	
8-15	1465-1468	zoo	
8-16	1469-1472	als	
8-17	1473-1476	die	
8-18	1476-1477	,	
8-19	1478-1481	bij	
8-20	1482-1486	zijn	
8-21	1487-1494	vertrek	
8-22	1495-1498	van	
8-23	1499-1502	het	
8-24	1503-1509	eiland	
8-25	1509-1510	,	
8-26	1511-1516	wordt	
8-27	1517-1526	afgebeeld	
8-28	1526-1527	.	

#Text=N 48.
9-1	1530-1531	N	
9-2	1532-1534	48	
9-3	1534-1535	.	

#Text=De zeekoe.
10-1	1538-1540	De	
10-2	1541-1547	zeekoe	
10-3	1547-1548	.	

#Text=De zeekoe is een groot, log dier.
11-1	1552-1554	De	
11-2	1555-1561	zeekoe	
11-3	1562-1564	is	
11-4	1565-1568	een	
11-5	1569-1574	groot	
11-6	1574-1575	,	
11-7	1576-1579	log	
11-8	1580-1584	dier	
11-9	1584-1585	.	

#Text=Zij leeft veelal in het water, aan de kusten der ijszee, en geneert zich met visch.
12-1	1586-1589	Zij	
12-2	1590-1595	leeft	
12-3	1596-1602	veelal	
12-4	1603-1605	in	
12-5	1606-1609	het	
12-6	1610-1615	water	
12-7	1615-1616	,	
12-8	1617-1620	aan	
12-9	1621-1623	de	
12-10	1624-1630	kusten	
12-11	1631-1634	der	
12-12	1635-1641	ijszee	
12-13	1641-1642	,	
12-14	1643-1645	en	
12-15	1646-1653	geneert	
12-16	1654-1658	zich	
12-17	1659-1662	met	
12-18	1663-1668	visch	
12-19	1668-1669	.	

#Text=Haar vleesch, dat zeer traanachtig is, wordt door den Groenlander gegeten.
13-1	1670-1674	Haar	
13-2	1675-1682	vleesch	
13-3	1682-1683	,	
13-4	1684-1687	dat	
13-5	1688-1692	zeer	
13-6	1693-1704	traanachtig	
13-7	1705-1707	is	
13-8	1707-1708	,	
13-9	1709-1714	wordt	
13-10	1715-1719	door	
13-11	1720-1723	den	
13-12	1724-1735	Groenlander	
13-13	1736-1743	gegeten	
13-14	1743-1744	.	

#Text=Zij wordt
#Text=vooral door de zeelieden gedood om derzelver twee lange slagtanden, die hooger geschat worden dan het ivoor.
14-1	1745-1748	Zij	
14-2	1749-1754	wordt	
14-3	1755-1761	vooral	
14-4	1762-1766	door	
14-5	1767-1769	de	
14-6	1770-1779	zeelieden	
14-7	1780-1786	gedood	
14-8	1787-1789	om	
14-9	1790-1799	derzelver	
14-10	1800-1804	twee	
14-11	1805-1810	lange	
14-12	1811-1821	slagtanden	
14-13	1821-1822	,	
14-14	1823-1826	die	
14-15	1827-1833	hooger	
14-16	1834-1841	geschat	
14-17	1842-1848	worden	
14-18	1849-1852	dan	
14-19	1853-1856	het	
14-20	1857-1862	ivoor	
14-21	1862-1863	.	
