#FORMAT=WebAnno TSV 3.3


#Text=29 Et coëgerunt illum, dicentes : Mane nobiscum, quoniam advesperascit, et inclinata est jam dies.
1-1	2-4	29	
1-2	5-7	Et	
1-3	8-17	coëgerunt	
1-4	18-23	illum	
1-5	23-24	,	
1-6	25-33	dicentes	
1-7	34-35	:	
1-8	36-40	Mane	
1-9	41-49	nobiscum	
1-10	49-50	,	
1-11	51-58	quoniam	
1-12	59-72	advesperascit	
1-13	72-73	,	
1-14	74-76	et	
1-15	77-86	inclinata	
1-16	87-90	est	
1-17	91-94	jam	
1-18	95-99	dies	
1-19	99-100	.	

#Text=Et intravit cum illis.
#Text=30 Et factum est, dum recumberet cum eis, accepit panem, et benedixit, ac fregit, et porrigebat illis.
#Text=31 Et aperti sunt oculi eorum, et cognoverunt eum : et ipse evanuit ex oculis eorum.
#Text=32 Et dixerunt ad invicem : Nonne cor nostrum ardens erat in nobis dum loqueretur in via, et aperiret nobis Scripturas ?
2-1	101-103	Et	
2-2	104-112	intravit	
2-3	113-116	cum	
2-4	117-122	illis	
2-5	122-123	.	
2-6	124-126	30	
2-7	127-129	Et	
2-8	130-136	factum	
2-9	137-140	est	
2-10	140-141	,	
2-11	142-145	dum	
2-12	146-156	recumberet	
2-13	157-160	cum	
2-14	161-164	eis	
2-15	164-165	,	
2-16	166-173	accepit	
2-17	174-179	panem	
2-18	179-180	,	
2-19	181-183	et	
2-20	184-193	benedixit	
2-21	193-194	,	
2-22	195-197	ac	
2-23	198-204	fregit	
2-24	204-205	,	
2-25	206-208	et	
2-26	209-219	porrigebat	
2-27	220-225	illis	
2-28	225-226	.	
2-29	227-229	31	
2-30	230-232	Et	
2-31	233-239	aperti	
2-32	240-244	sunt	
2-33	245-250	oculi	
2-34	251-256	eorum	
2-35	256-257	,	
2-36	258-260	et	
2-37	261-272	cognoverunt	
2-38	273-276	eum	
2-39	277-278	:	
2-40	279-281	et	
2-41	282-286	ipse	
2-42	287-294	evanuit	
2-43	295-297	ex	
2-44	298-304	oculis	
2-45	305-310	eorum	
2-46	310-311	.	
2-47	312-314	32	
2-48	315-317	Et	
2-49	318-326	dixerunt	
2-50	327-329	ad	
2-51	330-337	invicem	
2-52	338-339	:	
2-53	340-345	Nonne	
2-54	346-349	cor	
2-55	350-357	nostrum	
2-56	358-364	ardens	
2-57	365-369	erat	
2-58	370-372	in	
2-59	373-378	nobis	
2-60	379-382	dum	
2-61	383-393	loqueretur	
2-62	394-396	in	
2-63	397-400	via	
2-64	400-401	,	
2-65	402-404	et	
2-66	405-413	aperiret	
2-67	414-419	nobis	
2-68	420-430	Scripturas	
2-69	431-432	?	

#Text=33 Et surgentes eadem hora regressi sunt in Jerusalem : et invenerunt congregatos undecim, et eos qui cum illis erant, 34 dicentes : Quod surrexit Dominus vere, et apparuit Simoni.
#Text=35 Et ipsi narrabant quæ gesta erant in via, et quomodo cognoverunt eum in fractione panis.
#Text=36 Dum autem hæc loquuntur, stetit Jesus in medio eorum, et dicit eis : Pax vobis : ego sum, nolite timere.
#Text=37 Conturbati vero et conterriti, existimabant se spiritum videre.
#Text=38 Et dixit eis : Quid turbati estis, et cogitationes ascendunt in corda vestra ?
3-1	433-435	33	
3-2	436-438	Et	
3-3	439-448	surgentes	
3-4	449-454	eadem	
3-5	455-459	hora	
3-6	460-468	regressi	
3-7	469-473	sunt	
3-8	474-476	in	
3-9	477-486	Jerusalem	
3-10	487-488	:	
3-11	489-491	et	
3-12	492-502	invenerunt	
3-13	503-514	congregatos	
3-14	515-522	undecim	
3-15	522-523	,	
3-16	524-526	et	
3-17	527-530	eos	
3-18	531-534	qui	
3-19	535-538	cum	
3-20	539-544	illis	
3-21	545-550	erant	
3-22	550-551	,	
3-23	552-554	34	
3-24	555-563	dicentes	
3-25	564-565	:	
3-26	566-570	Quod	
3-27	571-579	surrexit	
3-28	580-587	Dominus	
3-29	588-592	vere	
3-30	592-593	,	
3-31	594-596	et	
3-32	597-605	apparuit	
3-33	606-612	Simoni	
3-34	612-613	.	
3-35	614-616	35	
3-36	617-619	Et	
3-37	620-624	ipsi	
3-38	625-634	narrabant	
3-39	635-638	quæ	
3-40	639-644	gesta	
3-41	645-650	erant	
3-42	651-653	in	
3-43	654-657	via	
3-44	657-658	,	
3-45	659-661	et	
3-46	662-669	quomodo	
3-47	670-681	cognoverunt	
3-48	682-685	eum	
3-49	686-688	in	
3-50	689-698	fractione	
3-51	699-704	panis	
3-52	704-705	.	
3-53	706-708	36	
3-54	709-712	Dum	
3-55	713-718	autem	
3-56	719-722	hæc	
3-57	723-732	loquuntur	
3-58	732-733	,	
3-59	734-740	stetit	
3-60	741-746	Jesus	
3-61	747-749	in	
3-62	750-755	medio	
3-63	756-761	eorum	
3-64	761-762	,	
3-65	763-765	et	
3-66	766-771	dicit	
3-67	772-775	eis	
3-68	776-777	:	
3-69	778-781	Pax	
3-70	782-787	vobis	
3-71	788-789	:	
3-72	790-793	ego	
3-73	794-797	sum	
3-74	797-798	,	
3-75	799-805	nolite	
3-76	806-812	timere	
3-77	812-813	.	
3-78	814-816	37	
3-79	817-827	Conturbati	
3-80	828-832	vero	
3-81	833-835	et	
3-82	836-846	conterriti	
3-83	846-847	,	
3-84	848-860	existimabant	
3-85	861-863	se	
3-86	864-872	spiritum	
3-87	873-879	videre	
3-88	879-880	.	
3-89	881-883	38	
3-90	884-886	Et	
3-91	887-892	dixit	
3-92	893-896	eis	
3-93	897-898	:	
3-94	899-903	Quid	
3-95	904-911	turbati	
3-96	912-917	estis	
3-97	917-918	,	
3-98	919-921	et	
3-99	922-934	cogitationes	
3-100	935-944	ascendunt	
3-101	945-947	in	
3-102	948-953	corda	
3-103	954-960	vestra	
3-104	961-962	?	

#Text=39 videte manus meas, et pedes, quia ego ipse sum ; palpate et videte, quia spiritus carnem et ossa non habet, sicut me videtis habere.
#Text=40 Et cum hoc dixisset, ostendit eis manus et pedes.
#Text=41 Adhuc autem illis non credentibus, et mirantibus præ gaudio, dixit : Habetis hic aliquid quod manducetur ?
4-1	963-965	39	
4-2	966-972	videte	
4-3	973-978	manus	
4-4	979-983	meas	
4-5	983-984	,	
4-6	985-987	et	
4-7	988-993	pedes	
4-8	993-994	,	
4-9	995-999	quia	
4-10	1000-1003	ego	
4-11	1004-1008	ipse	
4-12	1009-1012	sum	
4-13	1013-1014	;	
4-14	1015-1022	palpate	
4-15	1023-1025	et	
4-16	1026-1032	videte	
4-17	1032-1033	,	
4-18	1034-1038	quia	
4-19	1039-1047	spiritus	
4-20	1048-1054	carnem	
4-21	1055-1057	et	
4-22	1058-1062	ossa	
4-23	1063-1066	non	
4-24	1067-1072	habet	
4-25	1072-1073	,	
4-26	1074-1079	sicut	
4-27	1080-1082	me	
4-28	1083-1090	videtis	
4-29	1091-1097	habere	
4-30	1097-1098	.	
4-31	1099-1101	40	
4-32	1102-1104	Et	
4-33	1105-1108	cum	
4-34	1109-1112	hoc	
4-35	1113-1121	dixisset	
4-36	1121-1122	,	
4-37	1123-1131	ostendit	
4-38	1132-1135	eis	
4-39	1136-1141	manus	
4-40	1142-1144	et	
4-41	1145-1150	pedes	
4-42	1150-1151	.	
4-43	1152-1154	41	
4-44	1155-1160	Adhuc	
4-45	1161-1166	autem	
4-46	1167-1172	illis	
4-47	1173-1176	non	
4-48	1177-1188	credentibus	
4-49	1188-1189	,	
4-50	1190-1192	et	
4-51	1193-1203	mirantibus	
4-52	1204-1207	præ	
4-53	1208-1214	gaudio	
4-54	1214-1215	,	
4-55	1216-1221	dixit	
4-56	1222-1223	:	
4-57	1224-1231	Habetis	
4-58	1232-1235	hic	
4-59	1236-1243	aliquid	
4-60	1244-1248	quod	
4-61	1249-1259	manducetur	
4-62	1260-1261	?	

#Text=42 At illi obtulerunt ei partem piscis assi et favum mellis.
#Text=43 Et cum manducasset coram eis, sumens reliquias dedit eis.
#Text=44 Et dixit ad eos : Hæc sunt verba quæ locutus sum ad vos cum adhuc essem vobiscum, quoniam necesse est impleri omnia quæ scripta sunt in lege Moysi, et prophetis, et Psalmis de me.
#Text=45 Tunc aperuit illis sensum ut intelligerent Scripturas, 46 et dixit eis : Quoniam sic scriptum est, et sic oportebat Christum pati, et resurgere a mortuis tertia die : 47 et prædicari in nomine ejus pœnitentiam, et remissionem peccatorum in omnes gentes, incipientibus ab Jerosolyma.
#Text=48 Vos autem testes estis horum.
#Text=49 Et ego mitto promissum Patris mei in vos ; vos autem sedete in civitate, quoadusque induamini virtute ex alto.
#Text=50 Eduxit autem eos foras in Bethaniam, et elevatis manibus suis benedixit eis.
5-1	1262-1264	42	
5-2	1265-1267	At	
5-3	1268-1272	illi	
5-4	1273-1283	obtulerunt	
5-5	1284-1286	ei	
5-6	1287-1293	partem	
5-7	1294-1300	piscis	
5-8	1301-1305	assi	
5-9	1306-1308	et	
5-10	1309-1314	favum	
5-11	1315-1321	mellis	
5-12	1321-1322	.	
5-13	1323-1325	43	
5-14	1326-1328	Et	
5-15	1329-1332	cum	
5-16	1333-1344	manducasset	
5-17	1345-1350	coram	
5-18	1351-1354	eis	
5-19	1354-1355	,	
5-20	1356-1362	sumens	
5-21	1363-1372	reliquias	
5-22	1373-1378	dedit	
5-23	1379-1382	eis	
5-24	1382-1383	.	
5-25	1384-1386	44	
5-26	1387-1389	Et	
5-27	1390-1395	dixit	
5-28	1396-1398	ad	
5-29	1399-1402	eos	
5-30	1403-1404	:	
5-31	1405-1408	Hæc	
5-32	1409-1413	sunt	
5-33	1414-1419	verba	
5-34	1420-1423	quæ	
5-35	1424-1431	locutus	
5-36	1432-1435	sum	
5-37	1436-1438	ad	
5-38	1439-1442	vos	
5-39	1443-1446	cum	
5-40	1447-1452	adhuc	
5-41	1453-1458	essem	
5-42	1459-1467	vobiscum	
5-43	1467-1468	,	
5-44	1469-1476	quoniam	
5-45	1477-1484	necesse	
5-46	1485-1488	est	
5-47	1489-1496	impleri	
5-48	1497-1502	omnia	
5-49	1503-1506	quæ	
5-50	1507-1514	scripta	
5-51	1515-1519	sunt	
5-52	1520-1522	in	
5-53	1523-1527	lege	
5-54	1528-1533	Moysi	
5-55	1533-1534	,	
5-56	1535-1537	et	
5-57	1538-1547	prophetis	
5-58	1547-1548	,	
5-59	1549-1551	et	
5-60	1552-1559	Psalmis	
5-61	1560-1562	de	
5-62	1563-1565	me	
5-63	1565-1566	.	
5-64	1567-1569	45	
5-65	1570-1574	Tunc	
5-66	1575-1582	aperuit	
5-67	1583-1588	illis	
5-68	1589-1595	sensum	
5-69	1596-1598	ut	
5-70	1599-1612	intelligerent	
5-71	1613-1623	Scripturas	
5-72	1623-1624	,	
5-73	1625-1627	46	
5-74	1628-1630	et	
5-75	1631-1636	dixit	
5-76	1637-1640	eis	
5-77	1641-1642	:	
5-78	1643-1650	Quoniam	
5-79	1651-1654	sic	
5-80	1655-1663	scriptum	
5-81	1664-1667	est	
5-82	1667-1668	,	
5-83	1669-1671	et	
5-84	1672-1675	sic	
5-85	1676-1685	oportebat	
5-86	1686-1694	Christum	
5-87	1695-1699	pati	
5-88	1699-1700	,	
5-89	1701-1703	et	
5-90	1704-1713	resurgere	
5-91	1714-1715	a	
5-92	1716-1723	mortuis	
5-93	1724-1730	tertia	
5-94	1731-1734	die	
5-95	1735-1736	:	
5-96	1737-1739	47	
5-97	1740-1742	et	
5-98	1743-1752	prædicari	
5-99	1753-1755	in	
5-100	1756-1762	nomine	
5-101	1763-1767	ejus	
5-102	1768-1779	pœnitentiam	
5-103	1779-1780	,	
5-104	1781-1783	et	
5-105	1784-1795	remissionem	
5-106	1796-1806	peccatorum	
5-107	1807-1809	in	
5-108	1810-1815	omnes	
5-109	1816-1822	gentes	
5-110	1822-1823	,	
5-111	1824-1837	incipientibus	
5-112	1838-1840	ab	
5-113	1841-1851	Jerosolyma	
5-114	1851-1852	.	
5-115	1853-1855	48	
5-116	1856-1859	Vos	
5-117	1860-1865	autem	
5-118	1866-1872	testes	
5-119	1873-1878	estis	
5-120	1879-1884	horum	
5-121	1884-1885	.	
5-122	1886-1888	49	
5-123	1889-1891	Et	
5-124	1892-1895	ego	
5-125	1896-1901	mitto	
5-126	1902-1911	promissum	
5-127	1912-1918	Patris	
5-128	1919-1922	mei	
5-129	1923-1925	in	
5-130	1926-1929	vos	
5-131	1930-1931	;	
5-132	1932-1935	vos	
5-133	1936-1941	autem	
5-134	1942-1948	sedete	
5-135	1949-1951	in	
5-136	1952-1960	civitate	
5-137	1960-1961	,	
5-138	1962-1972	quoadusque	
5-139	1973-1982	induamini	
5-140	1983-1990	virtute	
5-141	1991-1993	ex	
5-142	1994-1998	alto	
5-143	1998-1999	.	
5-144	2000-2002	50	
5-145	2003-2009	Eduxit	
5-146	2010-2015	autem	
5-147	2016-2019	eos	
5-148	2020-2025	foras	
5-149	2026-2028	in	
5-150	2029-2038	Bethaniam	
5-151	2038-2039	,	
5-152	2040-2042	et	
5-153	2043-2051	elevatis	
5-154	2052-2059	manibus	
5-155	2060-2064	suis	
5-156	2065-2074	benedixit	
5-157	2075-2078	eis	
5-158	2078-2079	.	
