#FORMAT=WebAnno TSV 3.3


#Text=se-
#Text=
#Text=genomen men mogt hier op antwoorden, dat de Mannekens met het Wyfken de
#Text=vermenging souden aangaan, wanneer sy om het huysken, daar het Wyfken uyt
#Text=voortkomt, hangen, soo is dat ook onmogelyk van wegen de onbekwame constructie
#Text=haarer Teelleeden, om dat werk te verrigten,
#Text=alsoo sy daar ganschelyk niet toegestelt
#Text=syn.
1-1	2-4	se	
1-2	4-5	-	
1-3	7-14	genomen	
1-4	15-18	men	
1-5	19-23	mogt	
1-6	24-28	hier	
1-7	29-31	op	
1-8	32-42	antwoorden	
1-9	42-43	,	
1-10	44-47	dat	
1-11	48-50	de	
1-12	51-60	Mannekens	
1-13	61-64	met	
1-14	65-68	het	
1-15	69-75	Wyfken	
1-16	76-78	de	
1-17	79-89	vermenging	
1-18	90-96	souden	
1-19	97-104	aangaan	
1-20	104-105	,	
1-21	106-113	wanneer	
1-22	114-116	sy	
1-23	117-119	om	
1-24	120-123	het	
1-25	124-131	huysken	
1-26	131-132	,	
1-27	133-137	daar	
1-28	138-141	het	
1-29	142-148	Wyfken	
1-30	149-152	uyt	
1-31	153-162	voortkomt	
1-32	162-163	,	
1-33	164-170	hangen	
1-34	170-171	,	
1-35	172-175	soo	
1-36	176-178	is	
1-37	179-182	dat	
1-38	183-186	ook	
1-39	187-196	onmogelyk	
1-40	197-200	van	
1-41	201-206	wegen	
1-42	207-209	de	
1-43	210-219	onbekwame	
1-44	220-231	constructie	
1-45	232-238	haarer	
1-46	239-249	Teelleeden	
1-47	249-250	,	
1-48	251-253	om	
1-49	254-257	dat	
1-50	258-262	werk	
1-51	263-265	te	
1-52	266-275	verrigten	
1-53	275-276	,	
1-54	277-282	alsoo	
1-55	283-285	sy	
1-56	286-290	daar	
1-57	291-301	ganschelyk	
1-58	302-306	niet	
1-59	307-317	toegestelt	
1-60	318-321	syn	
1-61	321-322	.	

#Text=Maar soo nu de opening, daar het saat door passeert, natuurelyk in de
#Text=Teelleeden is, soo kan ik geern het gevoelen van eener myner vrienden toestaan,
#Text=dat de Mannekens, als se door de andere Byen heen loopen, wel eenig saat aan
#Text=het lichaam van het Wyfken kunnen vryven, om dat vrugtbaar te maaken; maar dat
#Text=gevoelen heeft weer geen plaats, soo die opening, daar het saat door uytgaat, niet
#Text=naturel is.
2-1	323-327	Maar	
2-2	328-331	soo	
2-3	332-334	nu	
2-4	335-337	de	
2-5	338-345	opening	
2-6	345-346	,	
2-7	347-351	daar	
2-8	352-355	het	
2-9	356-360	saat	
2-10	361-365	door	
2-11	366-374	passeert	
2-12	374-375	,	
2-13	376-386	natuurelyk	
2-14	387-389	in	
2-15	390-392	de	
2-16	393-403	Teelleeden	
2-17	404-406	is	
2-18	406-407	,	
2-19	408-411	soo	
2-20	412-415	kan	
2-21	416-418	ik	
2-22	419-424	geern	
2-23	425-428	het	
2-24	429-437	gevoelen	
2-25	438-441	van	
2-26	442-447	eener	
2-27	448-453	myner	
2-28	454-462	vrienden	
2-29	463-471	toestaan	
2-30	471-472	,	
2-31	473-476	dat	
2-32	477-479	de	
2-33	480-489	Mannekens	
2-34	489-490	,	
2-35	491-494	als	
2-36	495-497	se	
2-37	498-502	door	
2-38	503-505	de	
2-39	506-512	andere	
2-40	513-517	Byen	
2-41	518-522	heen	
2-42	523-529	loopen	
2-43	529-530	,	
2-44	531-534	wel	
2-45	535-540	eenig	
2-46	541-545	saat	
2-47	546-549	aan	
2-48	550-553	het	
2-49	554-561	lichaam	
2-50	562-565	van	
2-51	566-569	het	
2-52	570-576	Wyfken	
2-53	577-583	kunnen	
2-54	584-590	vryven	
2-55	590-591	,	
2-56	592-594	om	
2-57	595-598	dat	
2-58	599-608	vrugtbaar	
2-59	609-611	te	
2-60	612-618	maaken	
2-61	618-619	;	
2-62	620-624	maar	
2-63	625-628	dat	
2-64	629-637	gevoelen	
2-65	638-643	heeft	
2-66	644-648	weer	
2-67	649-653	geen	
2-68	654-660	plaats	
2-69	660-661	,	
2-70	662-665	soo	
2-71	666-669	die	
2-72	670-677	opening	
2-73	677-678	,	
2-74	679-683	daar	
2-75	684-687	het	
2-76	688-692	saat	
2-77	693-697	door	
2-78	698-705	uytgaat	
2-79	705-706	,	
2-80	707-711	niet	
2-81	712-719	naturel	
2-82	720-722	is	
2-83	722-723	.	

#Text=Waarom ik dan veel liever en ook waarschynelyker wil besluyten, dat het
#Text=Wyfken alleen vrugtbaar wort, door de sterke en subtiele lucht van het mannelyke
#Text=saat.
3-1	724-730	Waarom	
3-2	731-733	ik	
3-3	734-737	dan	
3-4	738-742	veel	
3-5	743-749	liever	
3-6	750-752	en	
3-7	753-756	ook	
3-8	757-772	waarschynelyker	
3-9	773-776	wil	
3-10	777-786	besluyten	
3-11	786-787	,	
3-12	788-791	dat	
3-13	792-795	het	
3-14	796-802	Wyfken	
3-15	803-809	alleen	
3-16	810-819	vrugtbaar	
3-17	820-824	wort	
3-18	824-825	,	
3-19	826-830	door	
3-20	831-833	de	
3-21	834-840	sterke	
3-22	841-843	en	
3-23	844-852	subtiele	
3-24	853-858	lucht	
3-25	859-862	van	
3-26	863-866	het	
3-27	867-876	mannelyke	
3-28	877-881	saat	
3-29	881-882	.	

#Text=Want kunnen agt Mannekens alleen soo een kragtige lucht van haar geeven,
#Text=wat sal dan niet het getal van vier hondert kunnen, die 'er waarschynelyk in een
#Text=Korf syn, en mogelyk nog meerder;
#Text=dat men seker sou kunnen weeten, indien men
#Text=de Mannekens, of haare huyskens, daar sy in uytgebroeit syn, telden.
4-1	883-887	Want	
4-2	888-894	kunnen	
4-3	895-898	agt	
4-4	899-908	Mannekens	
4-5	909-915	alleen	
4-6	916-919	soo	
4-7	920-923	een	
4-8	924-932	kragtige	
4-9	933-938	lucht	
4-10	939-942	van	
4-11	943-947	haar	
4-12	948-954	geeven	
4-13	954-955	,	
4-14	956-959	wat	
4-15	960-963	sal	
4-16	964-967	dan	
4-17	968-972	niet	
4-18	973-976	het	
4-19	977-982	getal	
4-20	983-986	van	
4-21	987-991	vier	
4-22	992-999	hondert	
4-23	1000-1006	kunnen	
4-24	1006-1007	,	
4-25	1008-1011	die	
4-26	1012-1013	'	
4-27	1013-1015	er	
4-28	1016-1029	waarschynelyk	
4-29	1030-1032	in	
4-30	1033-1036	een	
4-31	1037-1041	Korf	
4-32	1042-1045	syn	
4-33	1045-1046	,	
4-34	1047-1049	en	
4-35	1050-1057	mogelyk	
4-36	1058-1061	nog	
4-37	1062-1069	meerder	
4-38	1069-1070	;	
4-39	1071-1074	dat	
4-40	1075-1078	men	
4-41	1079-1084	seker	
4-42	1085-1088	sou	
4-43	1089-1095	kunnen	
4-44	1096-1102	weeten	
4-45	1102-1103	,	
4-46	1104-1110	indien	
4-47	1111-1114	men	
4-48	1115-1117	de	
4-49	1118-1127	Mannekens	
4-50	1127-1128	,	
4-51	1129-1131	of	
4-52	1132-1137	haare	
4-53	1138-1146	huyskens	
4-54	1146-1147	,	
4-55	1148-1152	daar	
4-56	1153-1155	sy	
4-57	1156-1158	in	
4-58	1159-1170	uytgebroeit	
4-59	1171-1174	syn	
4-60	1174-1175	,	
4-61	1176-1182	telden	
4-62	1182-1183	.	

#Text=Doet hier nog
#Text=by, dat ook andere Dieren, alleen door een simpele aanraaking, of besproeying van
#Text=saat, haars gelyke vrugtbaar maaken, als in de Visschen en Vogelen plaats grypt.
5-1	1184-1188	Doet	
5-2	1189-1193	hier	
5-3	1194-1197	nog	
5-4	1198-1200	by	
5-5	1200-1201	,	
5-6	1202-1205	dat	
5-7	1206-1209	ook	
5-8	1210-1216	andere	
5-9	1217-1223	Dieren	
5-10	1223-1224	,	
5-11	1225-1231	alleen	
5-12	1232-1236	door	
5-13	1237-1240	een	
5-14	1241-1248	simpele	
5-15	1249-1259	aanraaking	
5-16	1259-1260	,	
5-17	1261-1263	of	
5-18	1264-1275	besproeying	
5-19	1276-1279	van	
5-20	1280-1284	saat	
5-21	1284-1285	,	
5-22	1286-1291	haars	
5-23	1292-1298	gelyke	
5-24	1299-1308	vrugtbaar	
5-25	1309-1315	maaken	
5-26	1315-1316	,	
5-27	1317-1320	als	
5-28	1321-1323	in	
5-29	1324-1326	de	
5-30	1327-1335	Visschen	
5-31	1336-1338	en	
5-32	1339-1346	Vogelen	
5-33	1347-1353	plaats	
5-34	1354-1359	grypt	
5-35	1359-1360	.	

#Text=Al waar men in de Visschen siet, dat op de Kuyt of Eyeren, die van het Wyfken in
#Text=
#Text=Jan Swammerdam, Bybel der natuure of historie der insecten.
6-1	1363-1365	Al	
6-2	1366-1370	waar	
6-3	1371-1374	men	
6-4	1375-1377	in	
6-5	1378-1380	de	
6-6	1381-1389	Visschen	
6-7	1390-1394	siet	
6-8	1394-1395	,	
6-9	1396-1399	dat	
6-10	1400-1402	op	
6-11	1403-1405	de	
6-12	1406-1410	Kuyt	
6-13	1411-1413	of	
6-14	1414-1420	Eyeren	
6-15	1420-1421	,	
6-16	1422-1425	die	
6-17	1426-1429	van	
6-18	1430-1433	het	
6-19	1434-1440	Wyfken	
6-20	1441-1443	in	
6-21	1445-1448	Jan	
6-22	1449-1459	Swammerdam	
6-23	1459-1460	,	
6-24	1461-1466	Bybel	
6-25	1467-1470	der	
6-26	1471-1478	natuure	
6-27	1479-1481	of	
6-28	1482-1490	historie	
6-29	1491-1494	der	
6-30	1495-1503	insecten	
6-31	1503-1504	.	

#Text=Deel 1
#Text=
#Text=\f't water geschooten syn, simpelyk de hom van het Manneken gesproeyt wort: waar
#Text=door dan deselve vrugtbaar worden.
7-1	1505-1509	Deel	
7-2	1510-1511	1	
7-3	1514-1515	'	
7-4	1515-1516	t	
7-5	1517-1522	water	
7-6	1523-1533	geschooten	
7-7	1534-1537	syn	
7-8	1537-1538	,	
7-9	1539-1547	simpelyk	
7-10	1548-1550	de	
7-11	1551-1554	hom	
7-12	1555-1558	van	
7-13	1559-1562	het	
7-14	1563-1571	Manneken	
7-15	1572-1581	gesproeyt	
7-16	1582-1586	wort	
7-17	1586-1587	:	
7-18	1588-1592	waar	
7-19	1593-1597	door	
7-20	1598-1601	dan	
7-21	1602-1609	deselve	
7-22	1610-1619	vrugtbaar	
7-23	1620-1626	worden	
7-24	1626-1627	.	

#Text=In het Haft gaat dit meede soo toe, alwaar het
#Text=Wyfken in de lucht vliegende haare Eyeren in 't water schiet, dewelke van het
#Text=Manneken opgesogt synde, door syn saat of Hom besproeyt, en vrugtbaar gemaakt
#Text=worden.
8-1	1628-1630	In	
8-2	1631-1634	het	
8-3	1635-1639	Haft	
8-4	1640-1644	gaat	
8-5	1645-1648	dit	
8-6	1649-1654	meede	
8-7	1655-1658	soo	
8-8	1659-1662	toe	
8-9	1662-1663	,	
8-10	1664-1670	alwaar	
8-11	1671-1674	het	
8-12	1675-1681	Wyfken	
8-13	1682-1684	in	
8-14	1685-1687	de	
8-15	1688-1693	lucht	
8-16	1694-1703	vliegende	
8-17	1704-1709	haare	
8-18	1710-1716	Eyeren	
8-19	1717-1719	in	
8-20	1720-1721	'	
8-21	1721-1722	t	
8-22	1723-1728	water	
8-23	1729-1735	schiet	
8-24	1735-1736	,	
8-25	1737-1744	dewelke	
8-26	1745-1748	van	
8-27	1749-1752	het	
8-28	1753-1761	Manneken	
8-29	1762-1770	opgesogt	
8-30	1771-1776	synde	
8-31	1776-1777	,	
8-32	1778-1782	door	
8-33	1783-1786	syn	
8-34	1787-1791	saat	
8-35	1792-1794	of	
8-36	1795-1798	Hom	
8-37	1799-1808	besproeyt	
8-38	1808-1809	,	
8-39	1810-1812	en	
8-40	1813-1822	vrugtbaar	
8-41	1823-1830	gemaakt	
8-42	1831-1837	worden	
8-43	1837-1838	.	

#Text=En gelyk in de Visschen het water het middel is, waar door de kragt van
#Text=het saat tot de vrugtbaarheid der Eyeren deselve meede gedeelt wort;
#Text=waarom sou
#Text=men het dan soo wonderlyk vinden, dat hier in de Byen de lucht het middel was,
#Text=waar door de subtiele deelen van het saat, in de lucht van de Bye korf verspreit
#Text=weesende, tot de vrugtbaarheid van den Eierstok in het Wyfken overgevoert wiert?
9-1	1839-1841	En	
9-2	1842-1847	gelyk	
9-3	1848-1850	in	
9-4	1851-1853	de	
9-5	1854-1862	Visschen	
9-6	1863-1866	het	
9-7	1867-1872	water	
9-8	1873-1876	het	
9-9	1877-1883	middel	
9-10	1884-1886	is	
9-11	1886-1887	,	
9-12	1888-1892	waar	
9-13	1893-1897	door	
9-14	1898-1900	de	
9-15	1901-1906	kragt	
9-16	1907-1910	van	
9-17	1911-1914	het	
9-18	1915-1919	saat	
9-19	1920-1923	tot	
9-20	1924-1926	de	
9-21	1927-1940	vrugtbaarheid	
9-22	1941-1944	der	
9-23	1945-1951	Eyeren	
9-24	1952-1959	deselve	
9-25	1960-1965	meede	
9-26	1966-1973	gedeelt	
9-27	1974-1978	wort	
9-28	1978-1979	;	
9-29	1980-1986	waarom	
9-30	1987-1990	sou	
9-31	1991-1994	men	
9-32	1995-1998	het	
9-33	1999-2002	dan	
9-34	2003-2006	soo	
9-35	2007-2016	wonderlyk	
9-36	2017-2023	vinden	
9-37	2023-2024	,	
9-38	2025-2028	dat	
9-39	2029-2033	hier	
9-40	2034-2036	in	
9-41	2037-2039	de	
9-42	2040-2044	Byen	
9-43	2045-2047	de	
9-44	2048-2053	lucht	
9-45	2054-2057	het	
9-46	2058-2064	middel	
9-47	2065-2068	was	
9-48	2068-2069	,	
9-49	2070-2074	waar	
9-50	2075-2079	door	
9-51	2080-2082	de	
9-52	2083-2091	subtiele	
9-53	2092-2098	deelen	
9-54	2099-2102	van	
9-55	2103-2106	het	
9-56	2107-2111	saat	
9-57	2111-2112	,	
9-58	2113-2115	in	
9-59	2116-2118	de	
9-60	2119-2124	lucht	
9-61	2125-2128	van	
9-62	2129-2131	de	
9-63	2132-2135	Bye	
9-64	2136-2140	korf	
9-65	2141-2150	verspreit	
9-66	2151-2159	weesende	
9-67	2159-2160	,	
9-68	2161-2164	tot	
9-69	2165-2167	de	
9-70	2168-2181	vrugtbaarheid	
9-71	2182-2185	van	
9-72	2186-2189	den	
9-73	2190-2198	Eierstok	
9-74	2199-2201	in	
9-75	2202-2205	het	
9-76	2206-2212	Wyfken	
9-77	2213-2224	overgevoert	
9-78	2225-2230	wiert	
9-79	2230-2231	?	

#Text=Te meer, nademaal de gansche constitutie van de Teeldeelen in het Manneken dit
#Text=bewaarheid, als ook de kragtige saat dampen die men van eenige weynige
#Text=Mannekens in de neus ontfangt, wanneer sy in de swerm tyt maar eenige uuren in
#Text=een doosken syn opgeslooten geweest?
10-1	2233-2235	Te	
10-2	2236-2240	meer	
10-3	2240-2241	,	
10-4	2242-2250	nademaal	
10-5	2251-2253	de	
10-6	2254-2261	gansche	
10-7	2262-2273	constitutie	
10-8	2274-2277	van	
10-9	2278-2280	de	
10-10	2281-2291	Teeldeelen	
10-11	2292-2294	in	
10-12	2295-2298	het	
10-13	2299-2307	Manneken	
10-14	2308-2311	dit	
10-15	2312-2322	bewaarheid	
10-16	2322-2323	,	
10-17	2324-2327	als	
10-18	2328-2331	ook	
10-19	2332-2334	de	
10-20	2335-2343	kragtige	
10-21	2344-2348	saat	
10-22	2349-2355	dampen	
10-23	2356-2359	die	
10-24	2360-2363	men	
10-25	2364-2367	van	
10-26	2368-2374	eenige	
10-27	2375-2382	weynige	
10-28	2383-2392	Mannekens	
10-29	2393-2395	in	
10-30	2396-2398	de	
10-31	2399-2403	neus	
10-32	2404-2412	ontfangt	
10-33	2412-2413	,	
10-34	2414-2421	wanneer	
10-35	2422-2424	sy	
10-36	2425-2427	in	
10-37	2428-2430	de	
10-38	2431-2436	swerm	
10-39	2437-2440	tyt	
10-40	2441-2445	maar	
10-41	2446-2452	eenige	
10-42	2453-2458	uuren	
10-43	2459-2461	in	
10-44	2462-2465	een	
10-45	2466-2473	doosken	
10-46	2474-2477	syn	
10-47	2478-2489	opgeslooten	
10-48	2490-2497	geweest	
10-49	2497-2498	?	

#Text=By de voorgestelde reedenen kan men
#Text=nog voegen die gulde observatien van Harveus: de
#Text=
#Text=Jan Swammerdam, Bybel der natuure of historie der insecten.
11-1	2499-2501	By	
11-2	2502-2504	de	
11-3	2505-2517	voorgestelde	
11-4	2518-2526	reedenen	
11-5	2527-2530	kan	
11-6	2531-2534	men	
11-7	2535-2538	nog	
11-8	2539-2545	voegen	
11-9	2546-2549	die	
11-10	2550-2555	gulde	
11-11	2556-2567	observatien	
11-12	2568-2571	van	
11-13	2572-2579	Harveus	
11-14	2579-2580	:	
11-15	2581-2583	de	
11-16	2585-2588	Jan	
11-17	2589-2599	Swammerdam	
11-18	2599-2600	,	
11-19	2601-2606	Bybel	
11-20	2607-2610	der	
11-21	2611-2618	natuure	
11-22	2619-2621	of	
11-23	2622-2630	historie	
11-24	2631-2634	der	
11-25	2635-2643	insecten	
11-26	2643-2644	.	

#Text=Deel 1
#Text=
#Text=\f516
#Text=men nequaquam in Uterum perveniat;
#Text=sed quod subtiliores tantum, & sensibus vix
#Text=percipiendae, seminis particulae sint, quae coitus tempore corpus universum alterant,
#Text=atque, secundum mea in Homine observata, Ovum aut
#Text=Ova muliebria, jamjam in
#Text=Ovario
#Text=viventia, perfectiore vita
#Text=motuque impertiunt.
12-1	2645-2649	Deel	
12-2	2650-2651	1	
12-3	2654-2657	516	
12-4	2658-2661	men	
12-5	2662-2671	nequaquam	
12-6	2672-2674	in	
12-7	2675-2681	Uterum	
12-8	2682-2691	perveniat	
12-9	2691-2692	;	
12-10	2693-2696	sed	
12-11	2697-2701	quod	
12-12	2702-2713	subtiliores	
12-13	2714-2720	tantum	
12-14	2720-2721	,	
12-15	2722-2723	&	
12-16	2724-2732	sensibus	
12-17	2733-2736	vix	
12-18	2737-2749	percipiendae	
12-19	2749-2750	,	
12-20	2751-2758	seminis	
12-21	2759-2769	particulae	
12-22	2770-2774	sint	
12-23	2774-2775	,	
12-24	2776-2780	quae	
12-25	2781-2787	coitus	
12-26	2788-2795	tempore	
12-27	2796-2802	corpus	
12-28	2803-2812	universum	
12-29	2813-2821	alterant	
12-30	2821-2822	,	
12-31	2823-2828	atque	
12-32	2828-2829	,	
12-33	2830-2838	secundum	
12-34	2839-2842	mea	
12-35	2843-2845	in	
12-36	2846-2852	Homine	
12-37	2853-2862	observata	
12-38	2862-2863	,	
12-39	2864-2868	Ovum	
12-40	2869-2872	aut	
12-41	2873-2876	Ova	
12-42	2877-2886	muliebria	
12-43	2886-2887	,	
12-44	2888-2894	jamjam	
12-45	2895-2897	in	
12-46	2898-2904	Ovario	
12-47	2905-2913	viventia	
12-48	2913-2914	,	
12-49	2915-2926	perfectiore	
12-50	2927-2931	vita	
12-51	2932-2939	motuque	
12-52	2940-2950	impertiunt	
12-53	2950-2951	.	
