{"_context" : {
    "_types" : {
      "DocumentMetaData" : {
        "_feature_types" : {"sofa" : "_ref" } }, 
      "Relation" : {
        "_feature_types" : {"sofa" : "_ref",  "Dependent" : "_ref",  "Governor" : "_ref" } }, 
      "Sentence" : {
        "_feature_types" : {"sofa" : "_ref" } }, 
      "Sofa" : {
        "_feature_types" : {"sofaArray" : "_ref" } }, 
      "Span" : {
        "_feature_types" : {"sofa" : "_ref" } }, 
      "TagsetDescription" : {
        "_feature_types" : {"sofa" : "_ref",  "tags" : "_ref" } }, 
      "Token" : {
        "_feature_types" : {"sofa" : "_ref",  "parent" : "_ref",  "lemma" : "_ref",  "stem" : "_ref",  "pos" : "_ref",  "morph" : "_ref",  "form" : "_ref" } }, 
      "DocumentAnnotation" : {
        "_feature_types" : {"sofa" : "_ref" }, 
        "_subtypes" : ["DocumentMetaData" ] }, 
      "Annotation" : {
        "_feature_types" : {"sofa" : "_ref" }, 
        "_subtypes" : ["DocumentAnnotation",  "Relation",  "Sentence",  "Span",  "TagsetDescription",  "Token" ] }, 
      "AnnotationBase" : {
        "_feature_types" : {"sofa" : "_ref" }, 
        "_subtypes" : ["Annotation" ] }, 
      "TOP" : {
        "_subtypes" : ["AnnotationBase",  "Sofa" ] } } }, 
  "_views" : {
    "_InitialView" : {
      "Relation" : [
        {"sofa" : 1,  "begin" : 1945,  "end" : 1954,  "Dependent" : 7331,  "Governor" : 7336 }, 
        {"sofa" : 1,  "begin" : 1945,  "end" : 1954,  "Dependent" : 7331,  "Governor" : 7341 }, 
        {"sofa" : 1,  "begin" : 2062,  "end" : 2067,  "Dependent" : 7360,  "Governor" : 7370 }, 
        {"sofa" : 1,  "begin" : 2081,  "end" : 2089,  "Dependent" : 7365,  "Governor" : 7382 }, 
        {"sofa" : 1,  "begin" : 2081,  "end" : 2089,  "Dependent" : 7365,  "Governor" : 7387 }, 
        {"sofa" : 1,  "begin" : 2122,  "end" : 2127,  "Dependent" : 7406,  "Governor" : 7431 }, 
        {"sofa" : 1,  "begin" : 2122,  "end" : 2127,  "Dependent" : 7406,  "Governor" : 7443 }, 
        {"sofa" : 1,  "begin" : 2155,  "end" : 2161,  "Dependent" : 7411,  "Governor" : 7455 }, 
        {"sofa" : 1,  "begin" : 2318,  "end" : 2324,  "Dependent" : 7421,  "Governor" : 7467 }, 
        {"sofa" : 1,  "begin" : 2318,  "end" : 2324,  "Dependent" : 7421,  "Governor" : 7472 }, 
        {"sofa" : 1,  "begin" : 2318,  "end" : 2324,  "Dependent" : 7421,  "Governor" : 7515 }, 
        {"sofa" : 1,  "begin" : 2419,  "end" : 2425,  "Dependent" : 7426,  "Governor" : 7503 }, 
        {"sofa" : 1,  "begin" : 2475,  "end" : 2483,  "Dependent" : 7416,  "Governor" : 7491 } ], 
      "Span" : [7331,  7336,  7341,  7370,  7360,  7382,  7365,  7387,  7431,  7406,  7443,  7411,  7455,  7472,  7467,  7421,  7515,  7426,  7503,  7491,  7416 ], 
      "DocumentMetaData" : [
        {"sofa" : 1,  "end" : 3086,  "language" : "x-unspecified",  "documentTitle" : "027E%201622%20The%20Five%20Senses.txt",  "documentId" : "satonelli",  "documentUri" : "file:/home/dhuser/alessio/inception/repository/project/29/document/413/source/satonelli",  "collectionId" : "file:/home/dhuser/alessio/inception/repository/project/29/document/413/source/",  "documentBaseUri" : "file:/home/dhuser/alessio/inception/repository/project/29/document/413/source/",  "isLastSegment" : false } ], 
      "TagsetDescription" : [
        {"sofa" : 1,  "layer" : "webanno.custom.Emotions",  "name" : "Emotion Labels",  "input" : false }, 
        {"sofa" : 1,  "layer" : "custom.Relation",  "name" : "Relation labels",  "input" : false }, 
        {"sofa" : 1,  "layer" : "custom.Span",  "name" : "Smell labels",  "input" : false } ], 
      "Sentence" : [
        {"sofa" : 1,  "begin" : 2,  "end" : 527 }, 
        {"sofa" : 1,  "begin" : 528,  "end" : 1011 }, 
        {"sofa" : 1,  "begin" : 1015,  "end" : 1465 }, 
        {"sofa" : 1,  "begin" : 1469,  "end" : 1941 }, 
        {"sofa" : 1,  "begin" : 1945,  "end" : 2484 }, 
        {"sofa" : 1,  "begin" : 2488,  "end" : 2945 }, 
        {"sofa" : 1,  "begin" : 2947,  "end" : 3038 }, 
        {"sofa" : 1,  "begin" : 3042,  "end" : 3049 }, 
        {"sofa" : 1,  "begin" : 3050,  "end" : 3082 } ], 
      "Token" : [
        {"sofa" : 1,  "begin" : 2,  "end" : 3 }, 
        {"sofa" : 1,  "begin" : 3,  "end" : 6 }, 
        {"sofa" : 1,  "begin" : 7,  "end" : 11 }, 
        {"sofa" : 1,  "begin" : 12,  "end" : 18 }, 
        {"sofa" : 1,  "begin" : 18,  "end" : 19 }, 
        {"sofa" : 1,  "begin" : 23,  "end" : 30 }, 
        {"sofa" : 1,  "begin" : 32,  "end" : 36 }, 
        {"sofa" : 1,  "begin" : 37,  "end" : 41 }, 
        {"sofa" : 1,  "begin" : 42,  "end" : 43 }, 
        {"sofa" : 1,  "begin" : 44,  "end" : 48 }, 
        {"sofa" : 1,  "begin" : 49,  "end" : 54 }, 
        {"sofa" : 1,  "begin" : 55,  "end" : 65 }, 
        {"sofa" : 1,  "begin" : 67,  "end" : 70 }, 
        {"sofa" : 1,  "begin" : 71,  "end" : 80 }, 
        {"sofa" : 1,  "begin" : 81,  "end" : 83 }, 
        {"sofa" : 1,  "begin" : 84,  "end" : 95 }, 
        {"sofa" : 1,  "begin" : 96,  "end" : 101 }, 
        {"sofa" : 1,  "begin" : 103,  "end" : 106 }, 
        {"sofa" : 1,  "begin" : 107,  "end" : 111 }, 
        {"sofa" : 1,  "begin" : 112,  "end" : 115 }, 
        {"sofa" : 1,  "begin" : 116,  "end" : 122 }, 
        {"sofa" : 1,  "begin" : 123,  "end" : 127 }, 
        {"sofa" : 1,  "begin" : 128,  "end" : 131 }, 
        {"sofa" : 1,  "begin" : 132,  "end" : 138 }, 
        {"sofa" : 1,  "begin" : 140,  "end" : 147 }, 
        {"sofa" : 1,  "begin" : 148,  "end" : 150 }, 
        {"sofa" : 1,  "begin" : 151,  "end" : 154 }, 
        {"sofa" : 1,  "begin" : 155,  "end" : 161 }, 
        {"sofa" : 1,  "begin" : 162,  "end" : 169 }, 
        {"sofa" : 1,  "begin" : 171,  "end" : 176 }, 
        {"sofa" : 1,  "begin" : 177,  "end" : 186 }, 
        {"sofa" : 1,  "begin" : 187,  "end" : 190 }, 
        {"sofa" : 1,  "begin" : 191,  "end" : 201 }, 
        {"sofa" : 1,  "begin" : 202,  "end" : 206 }, 
        {"sofa" : 1,  "begin" : 208,  "end" : 211 }, 
        {"sofa" : 1,  "begin" : 212,  "end" : 217 }, 
        {"sofa" : 1,  "begin" : 218,  "end" : 221 }, 
        {"sofa" : 1,  "begin" : 222,  "end" : 227 }, 
        {"sofa" : 1,  "begin" : 228,  "end" : 230 }, 
        {"sofa" : 1,  "begin" : 231,  "end" : 232 }, 
        {"sofa" : 1,  "begin" : 233,  "end" : 237 }, 
        {"sofa" : 1,  "begin" : 239,  "end" : 246 }, 
        {"sofa" : 1,  "begin" : 247,  "end" : 252 }, 
        {"sofa" : 1,  "begin" : 253,  "end" : 257 }, 
        {"sofa" : 1,  "begin" : 258,  "end" : 263 }, 
        {"sofa" : 1,  "begin" : 264,  "end" : 268 }, 
        {"sofa" : 1,  "begin" : 269,  "end" : 272 }, 
        {"sofa" : 1,  "begin" : 273,  "end" : 277 }, 
        {"sofa" : 1,  "begin" : 279,  "end" : 288 }, 
        {"sofa" : 1,  "begin" : 289,  "end" : 296 }, 
        {"sofa" : 1,  "begin" : 297,  "end" : 306 }, 
        {"sofa" : 1,  "begin" : 308,  "end" : 314 }, 
        {"sofa" : 1,  "begin" : 315,  "end" : 319 }, 
        {"sofa" : 1,  "begin" : 320,  "end" : 323 }, 
        {"sofa" : 1,  "begin" : 324,  "end" : 328 }, 
        {"sofa" : 1,  "begin" : 329,  "end" : 333 }, 
        {"sofa" : 1,  "begin" : 334,  "end" : 340 }, 
        {"sofa" : 1,  "begin" : 341,  "end" : 344 }, 
        {"sofa" : 1,  "begin" : 346,  "end" : 349 }, 
        {"sofa" : 1,  "begin" : 350,  "end" : 355 }, 
        {"sofa" : 1,  "begin" : 356,  "end" : 364 }, 
        {"sofa" : 1,  "begin" : 365,  "end" : 374 }, 
        {"sofa" : 1,  "begin" : 376,  "end" : 379 }, 
        {"sofa" : 1,  "begin" : 380,  "end" : 384 }, 
        {"sofa" : 1,  "begin" : 385,  "end" : 391 }, 
        {"sofa" : 1,  "begin" : 392,  "end" : 398 }, 
        {"sofa" : 1,  "begin" : 399,  "end" : 405 }, 
        {"sofa" : 1,  "begin" : 406,  "end" : 409 }, 
        {"sofa" : 1,  "begin" : 410,  "end" : 413 }, 
        {"sofa" : 1,  "begin" : 415,  "end" : 419 }, 
        {"sofa" : 1,  "begin" : 420,  "end" : 424 }, 
        {"sofa" : 1,  "begin" : 425,  "end" : 426 }, 
        {"sofa" : 1,  "begin" : 427,  "end" : 431 }, 
        {"sofa" : 1,  "begin" : 432,  "end" : 436 }, 
        {"sofa" : 1,  "begin" : 437,  "end" : 441 }, 
        {"sofa" : 1,  "begin" : 442,  "end" : 447 }, 
        {"sofa" : 1,  "begin" : 448,  "end" : 451 }, 
        {"sofa" : 1,  "begin" : 453,  "end" : 463 }, 
        {"sofa" : 1,  "begin" : 464,  "end" : 468 }, 
        {"sofa" : 1,  "begin" : 469,  "end" : 473 }, 
        {"sofa" : 1,  "begin" : 474,  "end" : 475 }, 
        {"sofa" : 1,  "begin" : 476,  "end" : 482 }, 
        {"sofa" : 1,  "begin" : 484,  "end" : 490 }, 
        {"sofa" : 1,  "begin" : 491,  "end" : 493 }, 
        {"sofa" : 1,  "begin" : 494,  "end" : 504 }, 
        {"sofa" : 1,  "begin" : 504,  "end" : 505 }, 
        {"sofa" : 1,  "begin" : 506,  "end" : 509 }, 
        {"sofa" : 1,  "begin" : 510,  "end" : 513 }, 
        {"sofa" : 1,  "begin" : 514,  "end" : 520 }, 
        {"sofa" : 1,  "begin" : 520,  "end" : 521 }, 
        {"sofa" : 1,  "begin" : 525,  "end" : 526 }, 
        {"sofa" : 1,  "begin" : 526,  "end" : 527 }, 
        {"sofa" : 1,  "begin" : 528,  "end" : 537 }, 
        {"sofa" : 1,  "begin" : 539,  "end" : 543 }, 
        {"sofa" : 1,  "begin" : 544,  "end" : 550 }, 
        {"sofa" : 1,  "begin" : 551,  "end" : 559 }, 
        {"sofa" : 1,  "begin" : 559,  "end" : 560 }, 
        {"sofa" : 1,  "begin" : 561,  "end" : 565 }, 
        {"sofa" : 1,  "begin" : 566,  "end" : 576 }, 
        {"sofa" : 1,  "begin" : 577,  "end" : 584 }, 
        {"sofa" : 1,  "begin" : 586,  "end" : 590 }, 
        {"sofa" : 1,  "begin" : 591,  "end" : 596 }, 
        {"sofa" : 1,  "begin" : 597,  "end" : 602 }, 
        {"sofa" : 1,  "begin" : 603,  "end" : 607 }, 
        {"sofa" : 1,  "begin" : 608,  "end" : 615 }, 
        {"sofa" : 1,  "begin" : 616,  "end" : 622 }, 
        {"sofa" : 1,  "begin" : 624,  "end" : 628 }, 
        {"sofa" : 1,  "begin" : 629,  "end" : 634 }, 
        {"sofa" : 1,  "begin" : 635,  "end" : 641 }, 
        {"sofa" : 1,  "begin" : 642,  "end" : 647 }, 
        {"sofa" : 1,  "begin" : 648,  "end" : 652 }, 
        {"sofa" : 1,  "begin" : 653,  "end" : 658 }, 
        {"sofa" : 1,  "begin" : 660,  "end" : 661 }, 
        {"sofa" : 1,  "begin" : 662,  "end" : 672 }, 
        {"sofa" : 1,  "begin" : 673,  "end" : 675 }, 
        {"sofa" : 1,  "begin" : 676,  "end" : 685 }, 
        {"sofa" : 1,  "begin" : 686,  "end" : 690 }, 
        {"sofa" : 1,  "begin" : 692,  "end" : 696 }, 
        {"sofa" : 1,  "begin" : 697,  "end" : 704 }, 
        {"sofa" : 1,  "begin" : 705,  "end" : 713 }, 
        {"sofa" : 1,  "begin" : 714,  "end" : 718 }, 
        {"sofa" : 1,  "begin" : 719,  "end" : 722 }, 
        {"sofa" : 1,  "begin" : 723,  "end" : 728 }, 
        {"sofa" : 1,  "begin" : 730,  "end" : 733 }, 
        {"sofa" : 1,  "begin" : 734,  "end" : 743 }, 
        {"sofa" : 1,  "begin" : 744,  "end" : 749 }, 
        {"sofa" : 1,  "begin" : 750,  "end" : 753 }, 
        {"sofa" : 1,  "begin" : 754,  "end" : 761 }, 
        {"sofa" : 1,  "begin" : 762,  "end" : 767 }, 
        {"sofa" : 1,  "begin" : 769,  "end" : 773 }, 
        {"sofa" : 1,  "begin" : 774,  "end" : 778 }, 
        {"sofa" : 1,  "begin" : 779,  "end" : 784 }, 
        {"sofa" : 1,  "begin" : 785,  "end" : 791 }, 
        {"sofa" : 1,  "begin" : 792,  "end" : 796 }, 
        {"sofa" : 1,  "begin" : 797,  "end" : 802 }, 
        {"sofa" : 1,  "begin" : 803,  "end" : 809 }, 
        {"sofa" : 1,  "begin" : 811,  "end" : 813 }, 
        {"sofa" : 1,  "begin" : 814,  "end" : 824 }, 
        {"sofa" : 1,  "begin" : 825,  "end" : 829 }, 
        {"sofa" : 1,  "begin" : 830,  "end" : 837 }, 
        {"sofa" : 1,  "begin" : 838,  "end" : 846 }, 
        {"sofa" : 1,  "begin" : 848,  "end" : 852 }, 
        {"sofa" : 1,  "begin" : 853,  "end" : 862 }, 
        {"sofa" : 1,  "begin" : 863,  "end" : 867 }, 
        {"sofa" : 1,  "begin" : 868,  "end" : 870 }, 
        {"sofa" : 1,  "begin" : 871,  "end" : 876 }, 
        {"sofa" : 1,  "begin" : 877,  "end" : 883 }, 
        {"sofa" : 1,  "begin" : 885,  "end" : 890 }, 
        {"sofa" : 1,  "begin" : 891,  "end" : 902 }, 
        {"sofa" : 1,  "begin" : 903,  "end" : 908 }, 
        {"sofa" : 1,  "begin" : 909,  "end" : 911 }, 
        {"sofa" : 1,  "begin" : 912,  "end" : 923 }, 
        {"sofa" : 1,  "begin" : 924,  "end" : 928 }, 
        {"sofa" : 1,  "begin" : 930,  "end" : 933 }, 
        {"sofa" : 1,  "begin" : 934,  "end" : 941 }, 
        {"sofa" : 1,  "begin" : 942,  "end" : 946 }, 
        {"sofa" : 1,  "begin" : 947,  "end" : 951 }, 
        {"sofa" : 1,  "begin" : 952,  "end" : 955 }, 
        {"sofa" : 1,  "begin" : 956,  "end" : 962 }, 
        {"sofa" : 1,  "begin" : 963,  "end" : 970 }, 
        {"sofa" : 1,  "begin" : 972,  "end" : 978 }, 
        {"sofa" : 1,  "begin" : 979,  "end" : 981 }, 
        {"sofa" : 1,  "begin" : 982,  "end" : 992 }, 
        {"sofa" : 1,  "begin" : 992,  "end" : 993 }, 
        {"sofa" : 1,  "begin" : 994,  "end" : 997 }, 
        {"sofa" : 1,  "begin" : 998,  "end" : 1001 }, 
        {"sofa" : 1,  "begin" : 1002,  "end" : 1010 }, 
        {"sofa" : 1,  "begin" : 1010,  "end" : 1011 }, 
        {"sofa" : 1,  "begin" : 1015,  "end" : 1023 }, 
        {"sofa" : 1,  "begin" : 1025,  "end" : 1029 }, 
        {"sofa" : 1,  "begin" : 1030,  "end" : 1033 }, 
        {"sofa" : 1,  "begin" : 1034,  "end" : 1040 }, 
        {"sofa" : 1,  "begin" : 1041,  "end" : 1045 }, 
        {"sofa" : 1,  "begin" : 1046,  "end" : 1048 }, 
        {"sofa" : 1,  "begin" : 1049,  "end" : 1058 }, 
        {"sofa" : 1,  "begin" : 1060,  "end" : 1064 }, 
        {"sofa" : 1,  "begin" : 1065,  "end" : 1068 }, 
        {"sofa" : 1,  "begin" : 1069,  "end" : 1074 }, 
        {"sofa" : 1,  "begin" : 1075,  "end" : 1078 }, 
        {"sofa" : 1,  "begin" : 1079,  "end" : 1082 }, 
        {"sofa" : 1,  "begin" : 1083,  "end" : 1086 }, 
        {"sofa" : 1,  "begin" : 1087,  "end" : 1094 }, 
        {"sofa" : 1,  "begin" : 1096,  "end" : 1100 }, 
        {"sofa" : 1,  "begin" : 1101,  "end" : 1106 }, 
        {"sofa" : 1,  "begin" : 1107,  "end" : 1109 }, 
        {"sofa" : 1,  "begin" : 1110,  "end" : 1118 }, 
        {"sofa" : 1,  "begin" : 1119,  "end" : 1124 }, 
        {"sofa" : 1,  "begin" : 1124,  "end" : 1125 }, 
        {"sofa" : 1,  "begin" : 1126,  "end" : 1129 }, 
        {"sofa" : 1,  "begin" : 1130,  "end" : 1135 }, 
        {"sofa" : 1,  "begin" : 1137,  "end" : 1141 }, 
        {"sofa" : 1,  "begin" : 1142,  "end" : 1145 }, 
        {"sofa" : 1,  "begin" : 1146,  "end" : 1154 }, 
        {"sofa" : 1,  "begin" : 1155,  "end" : 1160 }, 
        {"sofa" : 1,  "begin" : 1160,  "end" : 1161 }, 
        {"sofa" : 1,  "begin" : 1162,  "end" : 1165 }, 
        {"sofa" : 1,  "begin" : 1166,  "end" : 1170 }, 
        {"sofa" : 1,  "begin" : 1172,  "end" : 1176 }, 
        {"sofa" : 1,  "begin" : 1177,  "end" : 1180 }, 
        {"sofa" : 1,  "begin" : 1181,  "end" : 1187 }, 
        {"sofa" : 1,  "begin" : 1188,  "end" : 1194 }, 
        {"sofa" : 1,  "begin" : 1194,  "end" : 1195 }, 
        {"sofa" : 1,  "begin" : 1195,  "end" : 1196 }, 
        {"sofa" : 1,  "begin" : 1197,  "end" : 1203 }, 
        {"sofa" : 1,  "begin" : 1205,  "end" : 1207 }, 
        {"sofa" : 1,  "begin" : 1208,  "end" : 1216 }, 
        {"sofa" : 1,  "begin" : 1217,  "end" : 1220 }, 
        {"sofa" : 1,  "begin" : 1221,  "end" : 1226 }, 
        {"sofa" : 1,  "begin" : 1227,  "end" : 1235 }, 
        {"sofa" : 1,  "begin" : 1237,  "end" : 1244 }, 
        {"sofa" : 1,  "begin" : 1245,  "end" : 1253 }, 
        {"sofa" : 1,  "begin" : 1253,  "end" : 1254 }, 
        {"sofa" : 1,  "begin" : 1255,  "end" : 1261 }, 
        {"sofa" : 1,  "begin" : 1262,  "end" : 1268 }, 
        {"sofa" : 1,  "begin" : 1270,  "end" : 1273 }, 
        {"sofa" : 1,  "begin" : 1274,  "end" : 1279 }, 
        {"sofa" : 1,  "begin" : 1280,  "end" : 1282 }, 
        {"sofa" : 1,  "begin" : 1283,  "end" : 1290 }, 
        {"sofa" : 1,  "begin" : 1291,  "end" : 1296 }, 
        {"sofa" : 1,  "begin" : 1297,  "end" : 1302 }, 
        {"sofa" : 1,  "begin" : 1303,  "end" : 1308 }, 
        {"sofa" : 1,  "begin" : 1310,  "end" : 1314 }, 
        {"sofa" : 1,  "begin" : 1315,  "end" : 1319 }, 
        {"sofa" : 1,  "begin" : 1320,  "end" : 1324 }, 
        {"sofa" : 1,  "begin" : 1325,  "end" : 1328 }, 
        {"sofa" : 1,  "begin" : 1329,  "end" : 1337 }, 
        {"sofa" : 1,  "begin" : 1338,  "end" : 1341 }, 
        {"sofa" : 1,  "begin" : 1342,  "end" : 1348 }, 
        {"sofa" : 1,  "begin" : 1350,  "end" : 1353 }, 
        {"sofa" : 1,  "begin" : 1354,  "end" : 1358 }, 
        {"sofa" : 1,  "begin" : 1359,  "end" : 1362 }, 
        {"sofa" : 1,  "begin" : 1363,  "end" : 1373 }, 
        {"sofa" : 1,  "begin" : 1374,  "end" : 1378 }, 
        {"sofa" : 1,  "begin" : 1379,  "end" : 1381 }, 
        {"sofa" : 1,  "begin" : 1382,  "end" : 1388 }, 
        {"sofa" : 1,  "begin" : 1390,  "end" : 1393 }, 
        {"sofa" : 1,  "begin" : 1394,  "end" : 1397 }, 
        {"sofa" : 1,  "begin" : 1398,  "end" : 1407 }, 
        {"sofa" : 1,  "begin" : 1407,  "end" : 1408 }, 
        {"sofa" : 1,  "begin" : 1409,  "end" : 1412 }, 
        {"sofa" : 1,  "begin" : 1413,  "end" : 1416 }, 
        {"sofa" : 1,  "begin" : 1417,  "end" : 1425 }, 
        {"sofa" : 1,  "begin" : 1427,  "end" : 1433 }, 
        {"sofa" : 1,  "begin" : 1434,  "end" : 1436 }, 
        {"sofa" : 1,  "begin" : 1437,  "end" : 1447 }, 
        {"sofa" : 1,  "begin" : 1447,  "end" : 1448 }, 
        {"sofa" : 1,  "begin" : 1449,  "end" : 1452 }, 
        {"sofa" : 1,  "begin" : 1453,  "end" : 1456 }, 
        {"sofa" : 1,  "begin" : 1457,  "end" : 1464 }, 
        {"sofa" : 1,  "begin" : 1464,  "end" : 1465 }, 
        {"sofa" : 1,  "begin" : 1469,  "end" : 1477 }, 
        {"sofa" : 1,  "begin" : 1479,  "end" : 1483 }, 
        {"sofa" : 1,  "begin" : 1484,  "end" : 1489 }, 
        {"sofa" : 1,  "begin" : 1490,  "end" : 1492 }, 
        {"sofa" : 1,  "begin" : 1493,  "end" : 1503 }, 
        {"sofa" : 1,  "begin" : 1504,  "end" : 1508 }, 
        {"sofa" : 1,  "begin" : 1509,  "end" : 1510 }, 
        {"sofa" : 1,  "begin" : 1511,  "end" : 1516 }, 
        {"sofa" : 1,  "begin" : 1518,  "end" : 1520 }, 
        {"sofa" : 1,  "begin" : 1521,  "end" : 1528 }, 
        {"sofa" : 1,  "begin" : 1529,  "end" : 1532 }, 
        {"sofa" : 1,  "begin" : 1533,  "end" : 1538 }, 
        {"sofa" : 1,  "begin" : 1538,  "end" : 1539 }, 
        {"sofa" : 1,  "begin" : 1540,  "end" : 1547 }, 
        {"sofa" : 1,  "begin" : 1548,  "end" : 1554 }, 
        {"sofa" : 1,  "begin" : 1555,  "end" : 1557 }, 
        {"sofa" : 1,  "begin" : 1558,  "end" : 1562 }, 
        {"sofa" : 1,  "begin" : 1564,  "end" : 1568 }, 
        {"sofa" : 1,  "begin" : 1569,  "end" : 1573 }, 
        {"sofa" : 1,  "begin" : 1574,  "end" : 1575 }, 
        {"sofa" : 1,  "begin" : 1576,  "end" : 1581 }, 
        {"sofa" : 1,  "begin" : 1582,  "end" : 1584 }, 
        {"sofa" : 1,  "begin" : 1585,  "end" : 1588 }, 
        {"sofa" : 1,  "begin" : 1589,  "end" : 1593 }, 
        {"sofa" : 1,  "begin" : 1594,  "end" : 1599 }, 
        {"sofa" : 1,  "begin" : 1601,  "end" : 1604 }, 
        {"sofa" : 1,  "begin" : 1605,  "end" : 1613 }, 
        {"sofa" : 1,  "begin" : 1614,  "end" : 1618 }, 
        {"sofa" : 1,  "begin" : 1619,  "end" : 1626 }, 
        {"sofa" : 1,  "begin" : 1626,  "end" : 1627 }, 
        {"sofa" : 1,  "begin" : 1628,  "end" : 1631 }, 
        {"sofa" : 1,  "begin" : 1632,  "end" : 1636 }, 
        {"sofa" : 1,  "begin" : 1638,  "end" : 1642 }, 
        {"sofa" : 1,  "begin" : 1643,  "end" : 1647 }, 
        {"sofa" : 1,  "begin" : 1648,  "end" : 1649 }, 
        {"sofa" : 1,  "begin" : 1650,  "end" : 1656 }, 
        {"sofa" : 1,  "begin" : 1656,  "end" : 1657 }, 
        {"sofa" : 1,  "begin" : 1658,  "end" : 1661 }, 
        {"sofa" : 1,  "begin" : 1662,  "end" : 1672 }, 
        {"sofa" : 1,  "begin" : 1673,  "end" : 1678 }, 
        {"sofa" : 1,  "begin" : 1680,  "end" : 1682 }, 
        {"sofa" : 1,  "begin" : 1683,  "end" : 1686 }, 
        {"sofa" : 1,  "begin" : 1687,  "end" : 1694 }, 
        {"sofa" : 1,  "begin" : 1694,  "end" : 1695 }, 
        {"sofa" : 1,  "begin" : 1696,  "end" : 1698 }, 
        {"sofa" : 1,  "begin" : 1699,  "end" : 1704 }, 
        {"sofa" : 1,  "begin" : 1705,  "end" : 1707 }, 
        {"sofa" : 1,  "begin" : 1708,  "end" : 1712 }, 
        {"sofa" : 1,  "begin" : 1714,  "end" : 1718 }, 
        {"sofa" : 1,  "begin" : 1719,  "end" : 1723 }, 
        {"sofa" : 1,  "begin" : 1724,  "end" : 1725 }, 
        {"sofa" : 1,  "begin" : 1726,  "end" : 1730 }, 
        {"sofa" : 1,  "begin" : 1731,  "end" : 1736 }, 
        {"sofa" : 1,  "begin" : 1737,  "end" : 1742 }, 
        {"sofa" : 1,  "begin" : 1743,  "end" : 1748 }, 
        {"sofa" : 1,  "begin" : 1749,  "end" : 1752 }, 
        {"sofa" : 1,  "begin" : 1754,  "end" : 1756 }, 
        {"sofa" : 1,  "begin" : 1757,  "end" : 1767 }, 
        {"sofa" : 1,  "begin" : 1768,  "end" : 1772 }, 
        {"sofa" : 1,  "begin" : 1773,  "end" : 1776 }, 
        {"sofa" : 1,  "begin" : 1777,  "end" : 1779 }, 
        {"sofa" : 1,  "begin" : 1780,  "end" : 1783 }, 
        {"sofa" : 1,  "begin" : 1784,  "end" : 1787 }, 
        {"sofa" : 1,  "begin" : 1789,  "end" : 1793 }, 
        {"sofa" : 1,  "begin" : 1794,  "end" : 1800 }, 
        {"sofa" : 1,  "begin" : 1801,  "end" : 1809 }, 
        {"sofa" : 1,  "begin" : 1809,  "end" : 1810 }, 
        {"sofa" : 1,  "begin" : 1811,  "end" : 1814 }, 
        {"sofa" : 1,  "begin" : 1815,  "end" : 1823 }, 
        {"sofa" : 1,  "begin" : 1825,  "end" : 1829 }, 
        {"sofa" : 1,  "begin" : 1830,  "end" : 1833 }, 
        {"sofa" : 1,  "begin" : 1834,  "end" : 1839 }, 
        {"sofa" : 1,  "begin" : 1840,  "end" : 1847 }, 
        {"sofa" : 1,  "begin" : 1847,  "end" : 1848 }, 
        {"sofa" : 1,  "begin" : 1849,  "end" : 1852 }, 
        {"sofa" : 1,  "begin" : 1853,  "end" : 1861 }, 
        {"sofa" : 1,  "begin" : 1863,  "end" : 1867 }, 
        {"sofa" : 1,  "begin" : 1868,  "end" : 1872 }, 
        {"sofa" : 1,  "begin" : 1873,  "end" : 1876 }, 
        {"sofa" : 1,  "begin" : 1877,  "end" : 1881 }, 
        {"sofa" : 1,  "begin" : 1882,  "end" : 1885 }, 
        {"sofa" : 1,  "begin" : 1886,  "end" : 1891 }, 
        {"sofa" : 1,  "begin" : 1892,  "end" : 1893 }, 
        {"sofa" : 1,  "begin" : 1894,  "end" : 1901 }, 
        {"sofa" : 1,  "begin" : 1903,  "end" : 1909 }, 
        {"sofa" : 1,  "begin" : 1910,  "end" : 1912 }, 
        {"sofa" : 1,  "begin" : 1913,  "end" : 1923 }, 
        {"sofa" : 1,  "begin" : 1923,  "end" : 1924 }, 
        {"sofa" : 1,  "begin" : 1925,  "end" : 1928 }, 
        {"sofa" : 1,  "begin" : 1929,  "end" : 1932 }, 
        {"sofa" : 1,  "begin" : 1933,  "end" : 1940 }, 
        {"sofa" : 1,  "begin" : 1940,  "end" : 1941 }, 
        {"sofa" : 1,  "begin" : 1945,  "end" : 1954 }, 
        {"sofa" : 1,  "begin" : 1956,  "end" : 1961 }, 
        {"sofa" : 1,  "begin" : 1962,  "end" : 1968 }, 
        {"sofa" : 1,  "begin" : 1968,  "end" : 1969 }, 
        {"sofa" : 1,  "begin" : 1970,  "end" : 1973 }, 
        {"sofa" : 1,  "begin" : 1974,  "end" : 1986 }, 
        {"sofa" : 1,  "begin" : 1987,  "end" : 1989 }, 
        {"sofa" : 1,  "begin" : 1990,  "end" : 1997 }, 
        {"sofa" : 1,  "begin" : 1999,  "end" : 2002 }, 
        {"sofa" : 1,  "begin" : 2003,  "end" : 2009 }, 
        {"sofa" : 1,  "begin" : 2010,  "end" : 2015 }, 
        {"sofa" : 1,  "begin" : 2016,  "end" : 2018 }, 
        {"sofa" : 1,  "begin" : 2019,  "end" : 2023 }, 
        {"sofa" : 1,  "begin" : 2024,  "end" : 2032 }, 
        {"sofa" : 1,  "begin" : 2034,  "end" : 2036 }, 
        {"sofa" : 1,  "begin" : 2037,  "end" : 2041 }, 
        {"sofa" : 1,  "begin" : 2042,  "end" : 2044 }, 
        {"sofa" : 1,  "begin" : 2045,  "end" : 2055 }, 
        {"sofa" : 1,  "begin" : 2056,  "end" : 2061 }, 
        {"sofa" : 1,  "begin" : 2062,  "end" : 2067 }, 
        {"sofa" : 1,  "begin" : 2069,  "end" : 2073 }, 
        {"sofa" : 1,  "begin" : 2074,  "end" : 2078 }, 
        {"sofa" : 1,  "begin" : 2078,  "end" : 2079 }, 
        {"sofa" : 1,  "begin" : 2079,  "end" : 2080 }, 
        {"sofa" : 1,  "begin" : 2081,  "end" : 2089 }, 
        {"sofa" : 1,  "begin" : 2090,  "end" : 2093 }, 
        {"sofa" : 1,  "begin" : 2094,  "end" : 2098 }, 
        {"sofa" : 1,  "begin" : 2099,  "end" : 2102 }, 
        {"sofa" : 1,  "begin" : 2103,  "end" : 2107 }, 
        {"sofa" : 1,  "begin" : 2109,  "end" : 2112 }, 
        {"sofa" : 1,  "begin" : 2113,  "end" : 2116 }, 
        {"sofa" : 1,  "begin" : 2117,  "end" : 2121 }, 
        {"sofa" : 1,  "begin" : 2122,  "end" : 2127 }, 
        {"sofa" : 1,  "begin" : 2128,  "end" : 2131 }, 
        {"sofa" : 1,  "begin" : 2132,  "end" : 2141 }, 
        {"sofa" : 1,  "begin" : 2142,  "end" : 2148 }, 
        {"sofa" : 1,  "begin" : 2150,  "end" : 2154 }, 
        {"sofa" : 1,  "begin" : 2155,  "end" : 2161 }, 
        {"sofa" : 1,  "begin" : 2162,  "end" : 2166 }, 
        {"sofa" : 1,  "begin" : 2167,  "end" : 2173 }, 
        {"sofa" : 1,  "begin" : 2174,  "end" : 2177 }, 
        {"sofa" : 1,  "begin" : 2178,  "end" : 2181 }, 
        {"sofa" : 1,  "begin" : 2182,  "end" : 2188 }, 
        {"sofa" : 1,  "begin" : 2190,  "end" : 2197 }, 
        {"sofa" : 1,  "begin" : 2198,  "end" : 2203 }, 
        {"sofa" : 1,  "begin" : 2204,  "end" : 2212 }, 
        {"sofa" : 1,  "begin" : 2213,  "end" : 2216 }, 
        {"sofa" : 1,  "begin" : 2216,  "end" : 2217 }, 
        {"sofa" : 1,  "begin" : 2218,  "end" : 2222 }, 
        {"sofa" : 1,  "begin" : 2223,  "end" : 2224 }, 
        {"sofa" : 1,  "begin" : 2225,  "end" : 2230 }, 
        {"sofa" : 1,  "begin" : 2232,  "end" : 2236 }, 
        {"sofa" : 1,  "begin" : 2237,  "end" : 2241 }, 
        {"sofa" : 1,  "begin" : 2242,  "end" : 2244 }, 
        {"sofa" : 1,  "begin" : 2245,  "end" : 2250 }, 
        {"sofa" : 1,  "begin" : 2250,  "end" : 2251 }, 
        {"sofa" : 1,  "begin" : 2251,  "end" : 2252 }, 
        {"sofa" : 1,  "begin" : 2253,  "end" : 2258 }, 
        {"sofa" : 1,  "begin" : 2259,  "end" : 2262 }, 
        {"sofa" : 1,  "begin" : 2263,  "end" : 2265 }, 
        {"sofa" : 1,  "begin" : 2266,  "end" : 2270 }, 
        {"sofa" : 1,  "begin" : 2272,  "end" : 2274 }, 
        {"sofa" : 1,  "begin" : 2275,  "end" : 2285 }, 
        {"sofa" : 1,  "begin" : 2286,  "end" : 2290 }, 
        {"sofa" : 1,  "begin" : 2291,  "end" : 2292 }, 
        {"sofa" : 1,  "begin" : 2293,  "end" : 2301 }, 
        {"sofa" : 1,  "begin" : 2303,  "end" : 2308 }, 
        {"sofa" : 1,  "begin" : 2309,  "end" : 2317 }, 
        {"sofa" : 1,  "begin" : 2318,  "end" : 2324 }, 
        {"sofa" : 1,  "begin" : 2325,  "end" : 2329 }, 
        {"sofa" : 1,  "begin" : 2330,  "end" : 2335 }, 
        {"sofa" : 1,  "begin" : 2336,  "end" : 2338 }, 
        {"sofa" : 1,  "begin" : 2339,  "end" : 2343 }, 
        {"sofa" : 1,  "begin" : 2345,  "end" : 2348 }, 
        {"sofa" : 1,  "begin" : 2349,  "end" : 2359 }, 
        {"sofa" : 1,  "begin" : 2360,  "end" : 2365 }, 
        {"sofa" : 1,  "begin" : 2366,  "end" : 2369 }, 
        {"sofa" : 1,  "begin" : 2370,  "end" : 2372 }, 
        {"sofa" : 1,  "begin" : 2373,  "end" : 2377 }, 
        {"sofa" : 1,  "begin" : 2379,  "end" : 2380 }, 
        {"sofa" : 1,  "begin" : 2381,  "end" : 2385 }, 
        {"sofa" : 1,  "begin" : 2386,  "end" : 2390 }, 
        {"sofa" : 1,  "begin" : 2391,  "end" : 2396 }, 
        {"sofa" : 1,  "begin" : 2397,  "end" : 2399 }, 
        {"sofa" : 1,  "begin" : 2400,  "end" : 2405 }, 
        {"sofa" : 1,  "begin" : 2406,  "end" : 2410 }, 
        {"sofa" : 1,  "begin" : 2412,  "end" : 2416 }, 
        {"sofa" : 1,  "begin" : 2417,  "end" : 2418 }, 
        {"sofa" : 1,  "begin" : 2419,  "end" : 2425 }, 
        {"sofa" : 1,  "begin" : 2426,  "end" : 2429 }, 
        {"sofa" : 1,  "begin" : 2430,  "end" : 2434 }, 
        {"sofa" : 1,  "begin" : 2435,  "end" : 2444 }, 
        {"sofa" : 1,  "begin" : 2446,  "end" : 2452 }, 
        {"sofa" : 1,  "begin" : 2453,  "end" : 2455 }, 
        {"sofa" : 1,  "begin" : 2456,  "end" : 2466 }, 
        {"sofa" : 1,  "begin" : 2467,  "end" : 2470 }, 
        {"sofa" : 1,  "begin" : 2471,  "end" : 2474 }, 
        {"sofa" : 1,  "begin" : 2475,  "end" : 2483 }, 
        {"sofa" : 1,  "begin" : 2483,  "end" : 2484 }, 
        {"sofa" : 1,  "begin" : 2488,  "end" : 2490 }, 
        {"sofa" : 1,  "begin" : 2491,  "end" : 2494 }, 
        {"sofa" : 1,  "begin" : 2495,  "end" : 2498 }, 
        {"sofa" : 1,  "begin" : 2499,  "end" : 2505 }, 
        {"sofa" : 1,  "begin" : 2507,  "end" : 2510 }, 
        {"sofa" : 1,  "begin" : 2511,  "end" : 2515 }, 
        {"sofa" : 1,  "begin" : 2516,  "end" : 2519 }, 
        {"sofa" : 1,  "begin" : 2520,  "end" : 2521 }, 
        {"sofa" : 1,  "begin" : 2522,  "end" : 2529 }, 
        {"sofa" : 1,  "begin" : 2530,  "end" : 2534 }, 
        {"sofa" : 1,  "begin" : 2536,  "end" : 2540 }, 
        {"sofa" : 1,  "begin" : 2541,  "end" : 2545 }, 
        {"sofa" : 1,  "begin" : 2546,  "end" : 2550 }, 
        {"sofa" : 1,  "begin" : 2551,  "end" : 2555 }, 
        {"sofa" : 1,  "begin" : 2556,  "end" : 2559 }, 
        {"sofa" : 1,  "begin" : 2560,  "end" : 2565 }, 
        {"sofa" : 1,  "begin" : 2566,  "end" : 2570 }, 
        {"sofa" : 1,  "begin" : 2572,  "end" : 2576 }, 
        {"sofa" : 1,  "begin" : 2577,  "end" : 2583 }, 
        {"sofa" : 1,  "begin" : 2584,  "end" : 2586 }, 
        {"sofa" : 1,  "begin" : 2587,  "end" : 2598 }, 
        {"sofa" : 1,  "begin" : 2599,  "end" : 2603 }, 
        {"sofa" : 1,  "begin" : 2604,  "end" : 2608 }, 
        {"sofa" : 1,  "begin" : 2609,  "end" : 2617 }, 
        {"sofa" : 1,  "begin" : 2619,  "end" : 2622 }, 
        {"sofa" : 1,  "begin" : 2623,  "end" : 2629 }, 
        {"sofa" : 1,  "begin" : 2630,  "end" : 2634 }, 
        {"sofa" : 1,  "begin" : 2635,  "end" : 2640 }, 
        {"sofa" : 1,  "begin" : 2641,  "end" : 2644 }, 
        {"sofa" : 1,  "begin" : 2645,  "end" : 2653 }, 
        {"sofa" : 1,  "begin" : 2655,  "end" : 2659 }, 
        {"sofa" : 1,  "begin" : 2660,  "end" : 2664 }, 
        {"sofa" : 1,  "begin" : 2665,  "end" : 2668 }, 
        {"sofa" : 1,  "begin" : 2669,  "end" : 2674 }, 
        {"sofa" : 1,  "begin" : 2675,  "end" : 2679 }, 
        {"sofa" : 1,  "begin" : 2680,  "end" : 2683 }, 
        {"sofa" : 1,  "begin" : 2684,  "end" : 2687 }, 
        {"sofa" : 1,  "begin" : 2688,  "end" : 2694 }, 
        {"sofa" : 1,  "begin" : 2696,  "end" : 2702 }, 
        {"sofa" : 1,  "begin" : 2703,  "end" : 2705 }, 
        {"sofa" : 1,  "begin" : 2706,  "end" : 2709 }, 
        {"sofa" : 1,  "begin" : 2709,  "end" : 2710 }, 
        {"sofa" : 1,  "begin" : 2711,  "end" : 2713 }, 
        {"sofa" : 1,  "begin" : 2714,  "end" : 2716 }, 
        {"sofa" : 1,  "begin" : 2717,  "end" : 2720 }, 
        {"sofa" : 1,  "begin" : 2721,  "end" : 2727 }, 
        {"sofa" : 1,  "begin" : 2729,  "end" : 2733 }, 
        {"sofa" : 1,  "begin" : 2734,  "end" : 2737 }, 
        {"sofa" : 1,  "begin" : 2738,  "end" : 2739 }, 
        {"sofa" : 1,  "begin" : 2740,  "end" : 2745 }, 
        {"sofa" : 1,  "begin" : 2746,  "end" : 2749 }, 
        {"sofa" : 1,  "begin" : 2750,  "end" : 2756 }, 
        {"sofa" : 1,  "begin" : 2757,  "end" : 2760 }, 
        {"sofa" : 1,  "begin" : 2762,  "end" : 2764 }, 
        {"sofa" : 1,  "begin" : 2765,  "end" : 2769 }, 
        {"sofa" : 1,  "begin" : 2770,  "end" : 2773 }, 
        {"sofa" : 1,  "begin" : 2774,  "end" : 2782 }, 
        {"sofa" : 1,  "begin" : 2783,  "end" : 2791 }, 
        {"sofa" : 1,  "begin" : 2793,  "end" : 2797 }, 
        {"sofa" : 1,  "begin" : 2798,  "end" : 2801 }, 
        {"sofa" : 1,  "begin" : 2802,  "end" : 2803 }, 
        {"sofa" : 1,  "begin" : 2804,  "end" : 2812 }, 
        {"sofa" : 1,  "begin" : 2813,  "end" : 2815 }, 
        {"sofa" : 1,  "begin" : 2816,  "end" : 2821 }, 
        {"sofa" : 1,  "begin" : 2822,  "end" : 2826 }, 
        {"sofa" : 1,  "begin" : 2828,  "end" : 2831 }, 
        {"sofa" : 1,  "begin" : 2832,  "end" : 2835 }, 
        {"sofa" : 1,  "begin" : 2836,  "end" : 2841 }, 
        {"sofa" : 1,  "begin" : 2842,  "end" : 2845 }, 
        {"sofa" : 1,  "begin" : 2846,  "end" : 2852 }, 
        {"sofa" : 1,  "begin" : 2853,  "end" : 2857 }, 
        {"sofa" : 1,  "begin" : 2859,  "end" : 2863 }, 
        {"sofa" : 1,  "begin" : 2864,  "end" : 2872 }, 
        {"sofa" : 1,  "begin" : 2873,  "end" : 2878 }, 
        {"sofa" : 1,  "begin" : 2879,  "end" : 2884 }, 
        {"sofa" : 1,  "begin" : 2885,  "end" : 2893 }, 
        {"sofa" : 1,  "begin" : 2894,  "end" : 2899 }, 
        {"sofa" : 1,  "begin" : 2901,  "end" : 2906 }, 
        {"sofa" : 1,  "begin" : 2907,  "end" : 2913 }, 
        {"sofa" : 1,  "begin" : 2914,  "end" : 2919 }, 
        {"sofa" : 1,  "begin" : 2920,  "end" : 2924 }, 
        {"sofa" : 1,  "begin" : 2925,  "end" : 2932 }, 
        {"sofa" : 1,  "begin" : 2932,  "end" : 2933 }, 
        {"sofa" : 1,  "begin" : 2933,  "end" : 2934 }, 
        {"sofa" : 1,  "begin" : 2935,  "end" : 2938 }, 
        {"sofa" : 1,  "begin" : 2939,  "end" : 2944 }, 
        {"sofa" : 1,  "begin" : 2944,  "end" : 2945 }, 
        {"sofa" : 1,  "begin" : 2947,  "end" : 2952 }, 
        {"sofa" : 1,  "begin" : 2953,  "end" : 2958 }, 
        {"sofa" : 1,  "begin" : 2958,  "end" : 2959 }, 
        {"sofa" : 1,  "begin" : 2960,  "end" : 2963 }, 
        {"sofa" : 1,  "begin" : 2964,  "end" : 2970 }, 
        {"sofa" : 1,  "begin" : 2970,  "end" : 2971 }, 
        {"sofa" : 1,  "begin" : 2971,  "end" : 2972 }, 
        {"sofa" : 1,  "begin" : 2973,  "end" : 2976 }, 
        {"sofa" : 1,  "begin" : 2977,  "end" : 2982 }, 
        {"sofa" : 1,  "begin" : 2983,  "end" : 2991 }, 
        {"sofa" : 1,  "begin" : 2993,  "end" : 3000 }, 
        {"sofa" : 1,  "begin" : 3001,  "end" : 3007 }, 
        {"sofa" : 1,  "begin" : 3008,  "end" : 3010 }, 
        {"sofa" : 1,  "begin" : 3011,  "end" : 3021 }, 
        {"sofa" : 1,  "begin" : 3021,  "end" : 3022 }, 
        {"sofa" : 1,  "begin" : 3023,  "end" : 3026 }, 
        {"sofa" : 1,  "begin" : 3027,  "end" : 3030 }, 
        {"sofa" : 1,  "begin" : 3031,  "end" : 3037 }, 
        {"sofa" : 1,  "begin" : 3037,  "end" : 3038 }, 
        {"sofa" : 1,  "begin" : 3042,  "end" : 3048 }, 
        {"sofa" : 1,  "begin" : 3048,  "end" : 3049 }, 
        {"sofa" : 1,  "begin" : 3050,  "end" : 3058 }, 
        {"sofa" : 1,  "begin" : 3059,  "end" : 3061 }, 
        {"sofa" : 1,  "begin" : 3062,  "end" : 3068 }, 
        {"sofa" : 1,  "begin" : 3069,  "end" : 3071 }, 
        {"sofa" : 1,  "begin" : 3071,  "end" : 3072 }, 
        {"sofa" : 1,  "begin" : 3073,  "end" : 3075 }, 
        {"sofa" : 1,  "begin" : 3075,  "end" : 3076 }, 
        {"sofa" : 1,  "begin" : 3077,  "end" : 3079 }, 
        {"sofa" : 1,  "begin" : 3079,  "end" : 3080 }, 
        {"sofa" : 1,  "begin" : 3080,  "end" : 3082 } ] } }, 
  "_referenced_fss" : {
    "1" : {"_type" : "Sofa",  "sofaNum" : 1,  "sofaID" : "_InitialView",  "mimeType" : "text",  "sofaString" : "\r\n“The Five Senses”\r\n\r\nSeeinge\r\nFrom such a face whose Excellence\r\nMay Captivate my Soveraignes sence\r\nAnd make him Phœbus like his throne\r\nResigne to him younge Phaëton\r\nWhose skillesse and unsteaddie hand\r\nMay prove the ruine of a land\r\nUnlesse great Jove downe from the skye\r\nBeholding Earthes Calamitie\r\nStrike with his hand that cannot err\r\nThe proud Usurping Charioter\r\nAnd cure though Phœbus greive our woe\r\nFrom such a face that cann worke soe\r\nWheresoere thou hast a beeing\r\nBlesse my Soveraigne, and his seeing.\r\n\r\n2. Heareinge\r\nFrom Jeasts prophane, from flattering tongues\r\nFrom bawdy tales from beastly soungs\r\nFrom after supper suits that feare\r\nA Parliament or Councells eare\r\nFrom Spanish treaties that may wound\r\nOur Countries peace the gospell sound\r\nFrom Jobs false frends that would entice\r\nMy Soveraigne from Heavens paradise\r\nFrom Prophetts such as Ahabs weere6\r\nWhose flatterings sooth my soveraignes eare\r\nHis frownes more then his makers fearing\r\nBlesse my soveraigne, and his heareing.\r\n\r\nTastinge\r\nFrom all fruite that is forbidden\r\nSuch for which old Eve was chidden\r\nFrom bread of Laborers sweat, and toyle\r\nFrom the widdowes meale, and oyle\r\nFrom the Canded poyson’d baites\r\nOf Jesuites and their deceipts\r\nItalian Salletts, Romish druggs\r\nThe milke of Babells proud whore duggs\r\nFrom wyne that can destroye the braine\r\nAnd from the daingerous figg of Spaine\r\nAtt all banquetts, and all feasting\r\nBlesse my Soveraigne, and his tasting.\r\n\r\nFeelinge\r\nFrom prick of Conscience such a sting\r\nAs staines the Soule, heavens blesse my King\r\nFrom such a tribe as may with drawe\r\nHis thoughts from equitie, and lawe\r\nFrom such a smooth, and beardlesse Chinn\r\nAs may provoke, or tempt to sinn\r\nFrom such a hand whose moyst palme may\r\nMy soveraigne lead out of the way\r\nFrom things polluted, and uncleane\r\nFrom all thats beastly, and obsceane\r\nFrom what may sett his Soule a reeling\r\nBlesse my Soveraigne, and his feeling.\r\n\r\nSmellinge\r\nWhere Mirrhe, and frankinsence is throwne\r\nThe altars built to Gods unknowne\r\nOh lett my Soveraigne never smell\r\nSuch damn’d perfumes are fitt for hell\r\nLet noe such scent his nostrills staine\r\nFrom smells that poyson may the braine\r\nHeavens still preserve him, Next I crave\r\nThou wilt be pleas’d great God to save\r\nMy Soveraigne from a Ganimede\r\nWhose whoreish breath hath power to lead\r\nHis excellence which way it list\r\nO lett such lipps be never kist\r\nFrom a breath soe farr excelling\r\nBlesse my Soveraigne and his smelling.\r\n\r\nOn all the Sences\r\nAnd just God I humblie pray\r\nThat thou wilt take the Filme away\r\nThat keepes my Soveraignes eyes from vieweing\r\nThe things that wilbe our undoeing\r\nThen lett him Heare good God the sounds\r\nAswell of Men, as of his hounds\r\nGive him a Taste and tymely too\r\nOf what his Subjects undergoe\r\nGive him a Feelinge of there woes\r\nAnd noe doubt his royall nose\r\nWill quickely Smell those rascalls forth\r\nWhose blacke deeds have ecclips’t his worth.\r\nThese found, and scourg’d for their offences\r\nHeavens blesse my Soveraigne, and his sences.\r\n\r\nSource. Bodleian MS Malone 23, pp. 28-31\r\n\r\n" }, 
    "7331" : {"_type" : "Span",  "sofa" : 1,  "begin" : 1945,  "end" : 1954,  "label" : "Smell_Word" }, 
    "7336" : {"_type" : "Span",  "sofa" : 1,  "begin" : 1962,  "end" : 1968,  "label" : "Smell_Source" }, 
    "7341" : {"_type" : "Span",  "sofa" : 1,  "begin" : 1974,  "end" : 1986,  "label" : "Smell_Source" }, 
    "7360" : {"_type" : "Span",  "sofa" : 1,  "begin" : 2062,  "end" : 2067,  "label" : "Smell_Word" }, 
    "7370" : {"_type" : "Span",  "sofa" : 1,  "begin" : 2042,  "end" : 2055,  "label" : "Perceiver" }, 
    "7365" : {"_type" : "Span",  "sofa" : 1,  "begin" : 2081,  "end" : 2089,  "label" : "Smell_Word" }, 
    "7382" : {"_type" : "Span",  "sofa" : 1,  "begin" : 2074,  "end" : 2080,  "label" : "Quality" }, 
    "7387" : {"_type" : "Span",  "sofa" : 1,  "begin" : 2094,  "end" : 2107,  "label" : "Quality" }, 
    "7406" : {"_type" : "Span",  "sofa" : 1,  "begin" : 2122,  "end" : 2127,  "label" : "Smell_Word" }, 
    "7431" : {"_type" : "Span",  "sofa" : 1,  "begin" : 2117,  "end" : 2121,  "label" : "Quality" }, 
    "7443" : {"_type" : "Span",  "sofa" : 1,  "begin" : 2128,  "end" : 2141,  "label" : "Perceiver" }, 
    "7411" : {"_type" : "Span",  "sofa" : 1,  "begin" : 2155,  "end" : 2161,  "label" : "Smell_Word" }, 
    "7455" : {"_type" : "Span",  "sofa" : 1,  "begin" : 2162,  "end" : 2188,  "label" : "Effect" }, 
    "7421" : {"_type" : "Span",  "sofa" : 1,  "begin" : 2318,  "end" : 2324,  "label" : "Smell_Word" }, 
    "7467" : {"_type" : "Span",  "sofa" : 1,  "begin" : 2309,  "end" : 2317,  "label" : "Quality" }, 
    "7472" : {"_type" : "Span",  "sofa" : 1,  "begin" : 2286,  "end" : 2301,  "label" : "Smell_Source" }, 
    "7515" : {"_type" : "Span",  "sofa" : 1,  "begin" : 2325,  "end" : 2377,  "label" : "Effect" }, 
    "7426" : {"_type" : "Span",  "sofa" : 1,  "begin" : 2419,  "end" : 2425,  "label" : "Smell_Word" }, 
    "7503" : {"_type" : "Span",  "sofa" : 1,  "begin" : 2426,  "end" : 2444,  "label" : "Quality" }, 
    "7416" : {"_type" : "Span",  "sofa" : 1,  "begin" : 2475,  "end" : 2483,  "label" : "Smell_Word" }, 
    "7491" : {"_type" : "Span",  "sofa" : 1,  "begin" : 2453,  "end" : 2466,  "label" : "Perceiver" } } }