#FORMAT=WebAnno TSV 3.3


#Text=3, 4, 5).
1-1	0-1	3	
1-2	1-2	,	
1-3	3-4	4	
1-4	4-5	,	
1-5	6-7	5	
1-6	7-8	)	
1-7	8-9	.	

#Text=Na in zijn tweede boek de vroege geschiedenis van Belgis tot aan de oorlog met
#Text=de Romeinen behandeld te hebben, vertelt Van Vaernewyck in het derde boek over
#Text=de verwoesting van Belgis door de Romeinen, en zet hij in het vierde de geschiedenis
#Text=voort vanaf de dood van Julius Caesar tot in de tiende eeuw.
2-1	12-14	Na	
2-2	15-17	in	
2-3	18-22	zijn	
2-4	23-29	tweede	
2-5	30-34	boek	
2-6	35-37	de	
2-7	38-44	vroege	
2-8	45-57	geschiedenis	
2-9	58-61	van	
2-10	62-68	Belgis	
2-11	69-72	tot	
2-12	73-76	aan	
2-13	77-79	de	
2-14	80-86	oorlog	
2-15	87-90	met	
2-16	91-93	de	
2-17	94-102	Romeinen	
2-18	103-112	behandeld	
2-19	113-115	te	
2-20	116-122	hebben	
2-21	122-123	,	
2-22	124-131	vertelt	
2-23	132-135	Van	
2-24	136-146	Vaernewyck	
2-25	147-149	in	
2-26	150-153	het	
2-27	154-159	derde	
2-28	160-164	boek	
2-29	165-169	over	
2-30	170-172	de	
2-31	173-184	verwoesting	
2-32	185-188	van	
2-33	189-195	Belgis	
2-34	196-200	door	
2-35	201-203	de	
2-36	204-212	Romeinen	
2-37	212-213	,	
2-38	214-216	en	
2-39	217-220	zet	
2-40	221-224	hij	
2-41	225-227	in	
2-42	228-231	het	
2-43	232-238	vierde	
2-44	239-241	de	
2-45	242-254	geschiedenis	
2-46	255-260	voort	
2-47	261-266	vanaf	
2-48	267-269	de	
2-49	270-274	dood	
2-50	275-278	van	
2-51	279-285	Julius	
2-52	286-292	Caesar	
2-53	293-296	tot	
2-54	297-299	in	
2-55	300-302	de	
2-56	303-309	tiende	
2-57	310-314	eeuw	
2-58	314-315	.	

#Text=Wat nu Ancelbertus betreft, in 693 n.
3-1	318-321	Wat	
3-2	322-324	nu	
3-3	325-336	Ancelbertus	
3-4	337-344	betreft	
3-5	344-345	,	
3-6	346-348	in	
3-7	349-352	693	
3-8	353-354	n	
3-9	354-355	.	

#Text=Chr. werd de ‘Prince van Vlaendren’ door
#Text=de Hunnen verslagen.
4-1	356-359	Chr	
4-2	359-360	.	
4-3	361-365	werd	
4-4	366-368	de	
4-5	369-370	‘	
4-6	370-376	Prince	
4-7	377-380	van	
4-8	381-390	Vlaendren	
4-9	390-391	’	
4-10	392-396	door	
4-11	397-399	de	
4-12	400-406	Hunnen	
4-13	407-416	verslagen	
4-14	416-417	.	

#Text=Tijdens de daarop volgende rampzalige eeuw bezat het land
#Text=goede regenten, maar werd het keer op keer door de koning van Frankrijk verwoest.
5-1	418-425	Tijdens	
5-2	426-428	de	
5-3	429-435	daarop	
5-4	436-444	volgende	
5-5	445-455	rampzalige	
5-6	456-460	eeuw	
5-7	461-466	bezat	
5-8	467-470	het	
5-9	471-475	land	
5-10	476-481	goede	
5-11	482-490	regenten	
5-12	490-491	,	
5-13	492-496	maar	
5-14	497-501	werd	
5-15	502-505	het	
5-16	506-510	keer	
5-17	511-513	op	
5-18	514-518	keer	
5-19	519-523	door	
5-20	524-526	de	
5-21	527-533	koning	
5-22	534-537	van	
5-23	538-547	Frankrijk	
5-24	548-556	verwoest	
5-25	556-557	.	

#Text=In de eerste helft der achtste eeuw hernam keizer Justinianus van Constantinopel
#Text=
#Text=zijn landsheerlijke rechten, nadat de koning van Bourgondië een tijdlang als leenman
#Text=had geheerst.
6-1	560-562	In	
6-2	563-565	de	
6-3	566-572	eerste	
6-4	573-578	helft	
6-5	579-582	der	
6-6	583-590	achtste	
6-7	591-595	eeuw	
6-8	596-602	hernam	
6-9	603-609	keizer	
6-10	610-621	Justinianus	
6-11	622-625	van	
6-12	626-640	Constantinopel	
6-13	642-646	zijn	
6-14	647-661	landsheerlijke	
6-15	662-669	rechten	
6-16	669-670	,	
6-17	671-676	nadat	
6-18	677-679	de	
6-19	680-686	koning	
6-20	687-690	van	
6-21	691-701	Bourgondië	
6-22	702-705	een	
6-23	706-714	tijdlang	
6-24	715-718	als	
6-25	719-726	leenman	
6-26	727-730	had	
6-27	731-739	geheerst	
6-28	739-740	.	

#Text=De keizer gaf het bewind in handen van ‘eenen
#Text=Senateur die daer
#Text=ieghenwoordich was, ghenoemt Anselbert, omme die (nl. die landen) voor hem,
#Text=ende zynen naercommeren te houden in leene van den Rijcke, in een erflick
#Text=Marcgraeffschap, by al welcken, Anselbertus wederomme was die eerste Marcgraue
#Text=des heylichs Rijcx op de Schelde, waer af onse doorluchtighe Princen, totten daghe
#Text=
#Text=van heden den Tytel draghen.
#Text=’ (cap. 17).
7-1	741-743	De	
7-2	744-750	keizer	
7-3	751-754	gaf	
7-4	755-758	het	
7-5	759-765	bewind	
7-6	766-768	in	
7-7	769-775	handen	
7-8	776-779	van	
7-9	780-781	‘	
7-10	781-786	eenen	
7-11	787-795	Senateur	
7-12	796-799	die	
7-13	800-804	daer	
7-14	805-819	ieghenwoordich	
7-15	820-823	was	
7-16	823-824	,	
7-17	825-833	ghenoemt	
7-18	834-843	Anselbert	
7-19	843-844	,	
7-20	845-849	omme	
7-21	850-853	die	
7-22	854-855	(	
7-23	855-857	nl	
7-24	857-858	.	
7-25	859-862	die	
7-26	863-869	landen	
7-27	869-870	)	
7-28	871-875	voor	
7-29	876-879	hem	
7-30	879-880	,	
7-31	881-885	ende	
7-32	886-891	zynen	
7-33	892-904	naercommeren	
7-34	905-907	te	
7-35	908-914	houden	
7-36	915-917	in	
7-37	918-923	leene	
7-38	924-927	van	
7-39	928-931	den	
7-40	932-938	Rijcke	
7-41	938-939	,	
7-42	940-942	in	
7-43	943-946	een	
7-44	947-954	erflick	
7-45	955-970	Marcgraeffschap	
7-46	970-971	,	
7-47	972-974	by	
7-48	975-977	al	
7-49	978-985	welcken	
7-50	985-986	,	
7-51	987-998	Anselbertus	
7-52	999-1008	wederomme	
7-53	1009-1012	was	
7-54	1013-1016	die	
7-55	1017-1023	eerste	
7-56	1024-1033	Marcgraue	
7-57	1034-1037	des	
7-58	1038-1046	heylichs	
7-59	1047-1052	Rijcx	
7-60	1053-1055	op	
7-61	1056-1058	de	
7-62	1059-1066	Schelde	
7-63	1066-1067	,	
7-64	1068-1072	waer	
7-65	1073-1075	af	
7-66	1076-1080	onse	
7-67	1081-1094	doorluchtighe	
7-68	1095-1102	Princen	
7-69	1102-1103	,	
7-70	1104-1110	totten	
7-71	1111-1116	daghe	
7-72	1118-1121	van	
7-73	1122-1127	heden	
7-74	1128-1131	den	
7-75	1132-1137	Tytel	
7-76	1138-1145	draghen	
7-77	1145-1146	.	
7-78	1147-1148	’	
7-79	1149-1150	(	
7-80	1150-1153	cap	
7-81	1153-1154	.	
7-82	1155-1157	17	
7-83	1157-1158	)	
7-84	1158-1159	.	

#Text=Van Luciaen dela Noce noch van
#Text=Magdalene van Rinchorst is er bij Van Vaernewyck sprake, terwijl we tevens
#Text=opmerken, dat zijn datering en die van de Jonker ongeveer anderhalve eeuw
#Text=verschillen.
8-1	1160-1163	Van	
8-2	1164-1171	Luciaen	
8-3	1172-1176	dela	
8-4	1177-1181	Noce	
8-5	1182-1186	noch	
8-6	1187-1190	van	
8-7	1191-1200	Magdalene	
8-8	1201-1204	van	
8-9	1205-1214	Rinchorst	
8-10	1215-1217	is	
8-11	1218-1220	er	
8-12	1221-1224	bij	
8-13	1225-1228	Van	
8-14	1229-1239	Vaernewyck	
8-15	1240-1246	sprake	
8-16	1246-1247	,	
8-17	1248-1255	terwijl	
8-18	1256-1258	we	
8-19	1259-1265	tevens	
8-20	1266-1274	opmerken	
8-21	1274-1275	,	
8-22	1276-1279	dat	
8-23	1280-1284	zijn	
8-24	1285-1293	datering	
8-25	1294-1296	en	
8-26	1297-1300	die	
8-27	1301-1304	van	
8-28	1305-1307	de	
8-29	1308-1314	Jonker	
8-30	1315-1323	ongeveer	
8-31	1324-1334	anderhalve	
8-32	1335-1339	eeuw	
8-33	1340-1351	verschillen	
8-34	1351-1352	.	

#Text=Daar
#Text=Van Vaernewycks boek eerst in 1568 verscheen, kan Van der Noot, wanneer
#Text=inderdaad zijn Vrijagie-lied naar aanleiding van zijn huwelijk in 1563 is ontstaan, dit
#Text=niet hebben gekend.
9-1	1355-1359	Daar	
9-2	1360-1363	Van	
9-3	1364-1375	Vaernewycks	
9-4	1376-1380	boek	
9-5	1381-1386	eerst	
9-6	1387-1389	in	
9-7	1390-1394	1568	
9-8	1395-1404	verscheen	
9-9	1404-1405	,	
9-10	1406-1409	kan	
9-11	1410-1413	Van	
9-12	1414-1417	der	
9-13	1418-1422	Noot	
9-14	1422-1423	,	
9-15	1424-1431	wanneer	
9-16	1432-1441	inderdaad	
9-17	1442-1446	zijn	
9-18	1447-1460	Vrijagie-lied	
9-19	1461-1465	naar	
9-20	1466-1476	aanleiding	
9-21	1477-1480	van	
9-22	1481-1485	zijn	
9-23	1486-1494	huwelijk	
9-24	1495-1497	in	
9-25	1498-1502	1563	
9-26	1503-1505	is	
9-27	1506-1514	ontstaan	
9-28	1514-1515	,	
9-29	1516-1519	dit	
9-30	1520-1524	niet	
9-31	1525-1531	hebben	
9-32	1532-1538	gekend	
9-33	1538-1539	.	

#Text=Wel een eerder werk van Van Vaernewyck, het Nieu Tractaet
#Text=ende curte bescrijuinghe van dat Edel Graefscap van Vlaenderen ende ander
#Text=omligghende landen (Gent 1562), dat deze ‘dichtte’, terwijl hij het materiaal voor
#Text=zijn Historie van Belgis verzamelde en ordende; de Markgraaf Ancelbertus komt
#Text=daarin echter niet voor.
10-1	1540-1543	Wel	
10-2	1544-1547	een	
10-3	1548-1554	eerder	
10-4	1555-1559	werk	
10-5	1560-1563	van	
10-6	1564-1567	Van	
10-7	1568-1578	Vaernewyck	
10-8	1578-1579	,	
10-9	1580-1583	het	
10-10	1584-1588	Nieu	
10-11	1589-1597	Tractaet	
10-12	1598-1602	ende	
10-13	1603-1608	curte	
10-14	1609-1622	bescrijuinghe	
10-15	1623-1626	van	
10-16	1627-1630	dat	
10-17	1631-1635	Edel	
10-18	1636-1645	Graefscap	
10-19	1646-1649	van	
10-20	1650-1660	Vlaenderen	
10-21	1661-1665	ende	
10-22	1666-1671	ander	
10-23	1672-1683	omligghende	
10-24	1684-1690	landen	
10-25	1691-1692	(	
10-26	1692-1696	Gent	
10-27	1697-1701	1562	
10-28	1701-1702	)	
10-29	1702-1703	,	
10-30	1704-1707	dat	
10-31	1708-1712	deze	
10-32	1713-1714	‘	
10-33	1714-1721	dichtte	
10-34	1721-1722	’	
10-35	1722-1723	,	
10-36	1724-1731	terwijl	
10-37	1732-1735	hij	
10-38	1736-1739	het	
10-39	1740-1749	materiaal	
10-40	1750-1754	voor	
10-41	1755-1759	zijn	
10-42	1760-1768	Historie	
10-43	1769-1772	van	
10-44	1773-1779	Belgis	
10-45	1780-1790	verzamelde	
10-46	1791-1793	en	
10-47	1794-1801	ordende	
10-48	1801-1802	;	
10-49	1803-1805	de	
10-50	1806-1815	Markgraaf	
10-51	1816-1827	Ancelbertus	
10-52	1828-1832	komt	
10-53	1833-1839	daarin	
10-54	1840-1846	echter	
10-55	1847-1851	niet	
10-56	1852-1856	voor	
10-57	1856-1857	.	

#Text=De bewuste mythe was evenwel vrij algemeen bekend, zoals b.v. blijkt uit de Res
#Text=gestae episcoporum
11-1	1860-1862	De	
11-2	1863-1870	bewuste	
11-3	1871-1876	mythe	
11-4	1877-1880	was	
11-5	1881-1888	evenwel	
11-6	1889-1893	vrij	
11-7	1894-1902	algemeen	
11-8	1903-1909	bekend	
11-9	1909-1910	,	
11-10	1911-1916	zoals	
11-11	1917-1920	b.v	
11-12	1920-1921	.	
11-13	1922-1928	blijkt	
11-14	1929-1932	uit	
11-15	1933-1935	de	
11-16	1936-1939	Res	
11-17	1940-1946	gestae	
11-18	1947-1958	episcoporum	
