#FORMAT=WebAnno TSV 3.3
#T_SP=custom.Span|label


#Text=Aber sie zählen nicht.
1-1	0-4	Aber	_	
1-2	5-8	sie	_	
1-3	9-15	zählen	_	
1-4	16-21	nicht	_	
1-5	21-22	.	_	

#Text=Ihm zählen nur die Geschlechtswesen.
2-1	23-26	Ihm	_	
2-2	27-33	zählen	_	
2-3	34-37	nur	_	
2-4	38-41	die	_	
2-5	42-58	Geschlechtswesen	_	
2-6	58-59	.	_	

#Text=Er meidet daher 
#Text=die Gesellschaft und macht ungern Besuche.
3-1	60-62	Er	_	
3-2	63-69	meidet	_	
3-3	70-75	daher	_	
3-4	77-80	die	_	
3-5	81-93	Gesellschaft	_	
3-6	94-97	und	_	
3-7	98-103	macht	_	
3-8	104-110	ungern	_	
3-9	111-118	Besuche	_	
3-10	118-119	.	_	

#Text=Wenn er schon spricht, so spinnt
#Text=
#Text=er
#Text=immer soziale Probleme, Er spricht über den Unsinn der modernen Unter- 
#Text=haltung.
4-1	120-124	Wenn	_	
4-2	125-127	er	_	
4-3	128-133	schon	_	
4-4	134-141	spricht	_	
4-5	141-142	,	_	
4-6	143-145	so	_	
4-7	146-152	spinnt	_	
4-8	154-156	er	_	
4-9	157-162	immer	_	
4-10	163-170	soziale	_	
4-11	171-179	Probleme	_	
4-12	179-180	,	_	
4-13	181-183	Er	_	
4-14	184-191	spricht	_	
4-15	192-196	über	_	
4-16	197-200	den	_	
4-17	201-207	Unsinn	_	
4-18	208-211	der	_	
4-19	212-220	modernen	_	
4-20	221-226	Unter	_	
4-21	226-227	-	_	
4-22	229-236	haltung	_	
4-23	236-237	.	_	

#Text=Jedermann denkt an was anderes und spricht was anderes.
5-1	238-247	Jedermann	_	
5-2	248-253	denkt	_	
5-3	254-256	an	_	
5-4	257-260	was	_	
5-5	261-268	anderes	_	
5-6	269-272	und	_	
5-7	273-280	spricht	_	
5-8	281-284	was	_	
5-9	285-292	anderes	_	
5-10	292-293	.	_	

#Text=Darüber 
#Text=spricht er gerne.
6-1	294-301	Darüber	_	
6-2	303-310	spricht	_	
6-3	311-313	er	_	
6-4	314-319	gerne	_	
6-5	319-320	.	_	

#Text=Auch über die Lüge der sexuellen Moral.
7-1	321-325	Auch	_	
7-2	326-330	über	_	
7-3	331-334	die	_	
7-4	335-339	Lüge	_	
7-5	340-343	der	_	
7-6	344-353	sexuellen	_	
7-7	354-359	Moral	_	
7-8	359-360	.	_	

#Text=Er ist für sexuelle 
#Text=
#Text=
#Text=geruch.
8-1	361-363	Er	Perceiver	
8-2	364-367	ist	_	
8-3	368-371	für	_	
8-4	372-380	sexuelle	Quality	
8-5	384-390	geruch	Smell\_Word	
8-6	390-391	.	_	

#Text=Auf diese Weise habe ich seit etwa dem 14.
9-1	392-395	Auf	_	
9-2	396-401	diese	_	
9-3	402-407	Weise	_	
9-4	408-412	habe	_	
9-5	413-416	ich	_	
9-6	417-421	seit	_	
9-7	422-426	etwa	_	
9-8	427-430	dem	_	
9-9	431-433	14	_	
9-10	433-434	.	_	

#Text=Jahr freie Ejakulationen 
#Text=mehr oder weniger verhindert (das Spritzen).
10-1	435-439	Jahr	_	
10-2	440-445	freie	_	
10-3	446-459	Ejakulationen	_	
10-4	461-465	mehr	_	
10-5	466-470	oder	_	
10-6	471-478	weniger	_	
10-7	479-489	verhindert	_	
10-8	490-491	(	_	
10-9	491-494	das	_	
10-10	495-503	Spritzen	_	
10-11	503-504	)	_	
10-12	504-505	.	_	

#Text=Mein Glied ist sehr stark entwickelt, ebenso beide Testes.
11-1	509-513	Mein	_	
11-2	514-519	Glied	_	
11-3	520-523	ist	_	
11-4	524-528	sehr	_	
11-5	529-534	stark	_	
11-6	535-545	entwickelt	_	
11-7	545-546	,	_	
11-8	547-553	ebenso	_	
11-9	554-559	beide	_	
11-10	560-566	Testes	_	
11-11	566-567	.	_	

#Text=Es bestand 
#Text=bei mir geringe Phimosis, die ich aber durch onanistische Manipulationen so 
#Text=dehnte, daß das Frenuluin der Vorhaut durchriß und ich heute auch im 
#Text=erigierten Zustand die Vorhaut über den Penis zurückziehen kann, allerdings 
#Text=unter gewisser Spannung.
12-1	568-570	Es	_	
12-2	571-578	bestand	_	
12-3	580-583	bei	_	
12-4	584-587	mir	_	
12-5	588-595	geringe	_	
12-6	596-604	Phimosis	_	
12-7	604-605	,	_	
12-8	606-609	die	_	
12-9	610-613	ich	_	
12-10	614-618	aber	_	
12-11	619-624	durch	_	
12-12	625-637	onanistische	_	
12-13	638-652	Manipulationen	_	
12-14	653-655	so	_	
12-15	657-663	dehnte	_	
12-16	663-664	,	_	
12-17	665-668	daß	_	
12-18	669-672	das	_	
12-19	673-682	Frenuluin	_	
12-20	683-686	der	_	
12-21	687-694	Vorhaut	_	
12-22	695-703	durchriß	_	
12-23	704-707	und	_	
12-24	708-711	ich	_	
12-25	712-717	heute	_	
12-26	718-722	auch	_	
12-27	723-725	im	_	
12-28	727-737	erigierten	_	
12-29	738-745	Zustand	_	
12-30	746-749	die	_	
12-31	750-757	Vorhaut	_	
12-32	758-762	über	_	
12-33	763-766	den	_	
12-34	767-772	Penis	_	
12-35	773-785	zurückziehen	_	
12-36	786-790	kann	_	
12-37	790-791	,	_	
12-38	792-802	allerdings	_	
12-39	804-809	unter	_	
12-40	810-818	gewisser	_	
12-41	819-827	Spannung	_	
12-42	827-828	.	_	

#Text=Boi nicht erigiertem
#Text=Glied hält sich die Vorhaut 
#Text=nicht hinter der Eichelfurche, sondern ist in infantiler Lage.
13-1	829-832	Boi	_	
13-2	833-838	nicht	_	
13-3	839-849	erigiertem	_	
13-4	850-855	Glied	_	
13-5	856-860	hält	_	
13-6	861-865	sich	_	
13-7	866-869	die	_	
13-8	870-877	Vorhaut	_	
13-9	879-884	nicht	_	
13-10	885-891	hinter	_	
13-11	892-895	der	_	
13-12	896-908	Eichelfurche	_	
13-13	908-909	,	_	
13-14	910-917	sondern	_	
13-15	918-921	ist	_	
13-16	922-924	in	_	
13-17	925-935	infantiler	_	
13-18	936-940	Lage	_	
13-19	940-941	.	_	

#Text=Morgens erwache ich fast immer mit Erektion.
14-1	944-951	Morgens	_	
14-2	952-959	erwache	_	
14-3	960-963	ich	_	
14-4	964-968	fast	_	
14-5	969-974	immer	_	
14-6	975-978	mit	_	
14-7	979-987	Erektion	_	
14-8	987-988	.	_	

#Text=Je nach meiner Not- 
#Text=wendigkeit, sexuelle Komplexe zu fixieren, bleibt mir die Erektion gleich- 
#Text=gültig oder führt zum Genuß der Vorlust.
15-1	989-991	Je	_	
15-2	992-996	nach	_	
15-3	997-1003	meiner	_	
15-4	1004-1007	Not	_	
15-5	1007-1008	-	_	
15-6	1010-1020	wendigkeit	_	
15-7	1020-1021	,	_	
15-8	1022-1030	sexuelle	_	
15-9	1031-1039	Komplexe	_	
15-10	1040-1042	zu	_	
15-11	1043-1051	fixieren	_	
15-12	1051-1052	,	_	
15-13	1053-1059	bleibt	_	
15-14	1060-1063	mir	_	
15-15	1064-1067	die	_	
15-16	1068-1076	Erektion	_	
15-17	1077-1083	gleich	_	
15-18	1083-1084	-	_	
15-19	1086-1092	gültig	_	
15-20	1093-1097	oder	_	
15-21	1098-1103	führt	_	
15-22	1104-1107	zum	_	
15-23	1108-1113	Genuß	_	
15-24	1114-1117	der	_	
15-25	1118-1125	Vorlust	_	
15-26	1125-1126	.	_	

#Text=Zur vollen Onanie ist bei mir 
#Text=im allgemeinen ein größerer Apparat notwendig:
16-1	1127-1130	Zur	_	
16-2	1131-1137	vollen	_	
16-3	1138-1144	Onanie	_	
16-4	1145-1148	ist	_	
16-5	1149-1152	bei	_	
16-6	1153-1156	mir	_	
16-7	1158-1160	im	_	
16-8	1161-1172	allgemeinen	_	
16-9	1173-1176	ein	_	
16-10	1177-1185	größerer	_	
16-11	1186-1193	Apparat	_	
16-12	1194-1203	notwendig	_	
16-13	1203-1204	:	_	
