#FORMAT=WebAnno TSV 3.3
#T_SP=custom.Span|label
#T_RL=custom.Relation|label|BT_custom.Span


#Text=Dann, wie ſie an Geſtalt, Urſprung,
#Text=Natur und Weſen von einander unter-
#Text=ſchieden, alſo haben ſie auch nicht alle
#Text=einerley Tugenden und Kraft.
1-1	3-7	Dann	_	_	_	
1-2	7-8	,	_	_	_	
1-3	9-12	wie	_	_	_	
1-4	13-16	ſie	_	_	_	
1-5	17-19	an	_	_	_	
1-6	20-27	Geſtalt	_	_	_	
1-7	27-28	,	_	_	_	
1-8	29-37	Urſprung	_	_	_	
1-9	37-38	,	_	_	_	
1-10	39-44	Natur	_	_	_	
1-11	45-48	und	_	_	_	
1-12	49-54	Weſen	_	_	_	
1-13	55-58	von	_	_	_	
1-14	59-67	einander	_	_	_	
1-15	68-73	unter	_	_	_	
1-16	73-74	-	_	_	_	
1-17	75-83	ſchieden	_	_	_	
1-18	83-84	,	_	_	_	
1-19	85-89	alſo	_	_	_	
1-20	90-95	haben	_	_	_	
1-21	96-99	ſie	_	_	_	
1-22	100-104	auch	_	_	_	
1-23	105-110	nicht	_	_	_	
1-24	111-115	alle	_	_	_	
1-25	116-124	einerley	_	_	_	
1-26	125-133	Tugenden	_	_	_	
1-27	134-137	und	_	_	_	
1-28	138-143	Kraft	_	_	_	
1-29	143-144	.	_	_	_	

#Text=Die ſteinhart ſind, ohne Geruch und
#Text=Marck, haben bey nahe keine andere,
#Text=als eine austrocknende Kraft.
2-1	148-151	Die	Smell\_Source	_	_	
2-2	152-161	ſteinhart	_	_	_	
2-3	162-166	ſind	_	_	_	
2-4	166-167	,	_	_	_	
2-5	168-172	ohne	Quality	_	_	
2-6	173-179	Geruch	Smell\_Word	*|*	2-5|2-1	
2-7	180-183	und	_	_	_	
2-8	184-189	Marck	_	_	_	
2-9	189-190	,	_	_	_	
2-10	191-196	haben	_	_	_	
2-11	197-200	bey	_	_	_	
2-12	201-205	nahe	_	_	_	
2-13	206-211	keine	_	_	_	
2-14	212-218	andere	_	_	_	
2-15	218-219	,	_	_	_	
2-16	220-223	als	_	_	_	
2-17	224-228	eine	_	_	_	
2-18	229-242	austrocknende	_	_	_	
2-19	243-248	Kraft	_	_	_	
2-20	248-249	.	_	_	_	

#Text=Wie ich
#Text=dann ein dergleichen Stuͤck beſitze, wel-
#Text=ches ſo hart iſt wie ein Stein, dicht und
#Text=ſchwer, und ſiehet als wie Eſchenholtz:
#Text=
#Text=dann es beſtehet aus Adern, Streiffen
#Text=
#Text=und eitel Blaͤttern, iſt auch voller Kno-
#Text=ten und Loͤcher, wo Knoten geſeſſen, ſo
#Text=daß die aͤuſſerliche Geſtalt dem Eſchen-
#Text=baume gleichet; deshalben ich es auch
#Text=lieber unter die gemeinen Hoͤltzer, ſo zu
#Text=Steine worden, als unter die gegrabe-
#Text=nen Hoͤrner rechnen wolte.
3-1	250-253	Wie	_	_	_	
3-2	254-257	ich	_	_	_	
3-3	258-262	dann	_	_	_	
3-4	263-266	ein	_	_	_	
3-5	267-278	dergleichen	_	_	_	
3-6	279-285	Stuͤck	_	_	_	
3-7	286-293	beſitze	_	_	_	
3-8	293-294	,	_	_	_	
3-9	295-298	wel	_	_	_	
3-10	298-299	-	_	_	_	
3-11	300-304	ches	_	_	_	
3-12	305-307	ſo	_	_	_	
3-13	308-312	hart	_	_	_	
3-14	313-316	iſt	_	_	_	
3-15	317-320	wie	_	_	_	
3-16	321-324	ein	_	_	_	
3-17	325-330	Stein	_	_	_	
3-18	330-331	,	_	_	_	
3-19	332-337	dicht	_	_	_	
3-20	338-341	und	_	_	_	
3-21	342-348	ſchwer	_	_	_	
3-22	348-349	,	_	_	_	
3-23	350-353	und	_	_	_	
3-24	354-360	ſiehet	_	_	_	
3-25	361-364	als	_	_	_	
3-26	365-368	wie	_	_	_	
3-27	369-380	Eſchenholtz	_	_	_	
3-28	380-381	:	_	_	_	
3-29	383-387	dann	_	_	_	
3-30	388-390	es	_	_	_	
3-31	391-399	beſtehet	_	_	_	
3-32	400-403	aus	_	_	_	
3-33	404-409	Adern	_	_	_	
3-34	409-410	,	_	_	_	
3-35	411-420	Streiffen	_	_	_	
3-36	422-425	und	_	_	_	
3-37	426-431	eitel	_	_	_	
3-38	432-441	Blaͤttern	_	_	_	
3-39	441-442	,	_	_	_	
3-40	443-446	iſt	_	_	_	
3-41	447-451	auch	_	_	_	
3-42	452-458	voller	_	_	_	
3-43	459-462	Kno	_	_	_	
3-44	462-463	-	_	_	_	
3-45	464-467	ten	_	_	_	
3-46	468-471	und	_	_	_	
3-47	472-479	Loͤcher	_	_	_	
3-48	479-480	,	_	_	_	
3-49	481-483	wo	_	_	_	
3-50	484-490	Knoten	_	_	_	
3-51	491-499	geſeſſen	_	_	_	
3-52	499-500	,	_	_	_	
3-53	501-503	ſo	_	_	_	
3-54	504-507	daß	_	_	_	
3-55	508-511	die	_	_	_	
3-56	512-524	aͤuſſerliche	_	_	_	
3-57	525-532	Geſtalt	_	_	_	
3-58	533-536	dem	_	_	_	
3-59	537-543	Eſchen	_	_	_	
3-60	543-544	-	_	_	_	
3-61	545-550	baume	_	_	_	
3-62	551-559	gleichet	_	_	_	
3-63	559-560	;	_	_	_	
3-64	561-570	deshalben	_	_	_	
3-65	571-574	ich	_	_	_	
3-66	575-577	es	_	_	_	
3-67	578-582	auch	_	_	_	
3-68	583-589	lieber	_	_	_	
3-69	590-595	unter	_	_	_	
3-70	596-599	die	_	_	_	
3-71	600-608	gemeinen	_	_	_	
3-72	609-617	Hoͤltzer	_	_	_	
3-73	617-618	,	_	_	_	
3-74	619-621	ſo	_	_	_	
3-75	622-624	zu	_	_	_	
3-76	625-631	Steine	_	_	_	
3-77	632-638	worden	_	_	_	
3-78	638-639	,	_	_	_	
3-79	640-643	als	_	_	_	
3-80	644-649	unter	_	_	_	
3-81	650-653	die	_	_	_	
3-82	654-661	gegrabe	_	_	_	
3-83	661-662	-	_	_	_	
3-84	663-666	nen	_	_	_	
3-85	667-674	Hoͤrner	_	_	_	
3-86	675-682	rechnen	_	_	_	
3-87	683-688	wolte	_	_	_	
3-88	688-689	.	_	_	_	

#Text=Anziehend
#Text=
#Text=iſt es nicht, hat auch gantz keinen Ge-
#Text=ruch.
4-1	690-699	Anziehend	_	_	_	
4-2	701-704	iſt	_	_	_	
4-3	705-707	es	Smell\_Source	_	_	
4-4	708-713	nicht	_	_	_	
4-5	713-714	,	_	_	_	
4-6	715-718	hat	_	_	_	
4-7	719-723	auch	_	_	_	
4-8	724-729	gantz	Quality[1]	_	_	
4-9	730-736	keinen	Quality[1]	_	_	
4-10	737-739	Ge	Smell\_Word[2]	*|*	4-8[1_2]|4-3[0_2]	
4-11	739-740	-	Smell\_Word[2]	_	_	
4-12	741-745	ruch	Smell\_Word[2]	_	_	
4-13	745-746	.	_	_	_	

#Text=Welche ſich bald puͤlvern laſſen, an
#Text=die Zunge fallen und weich ſind, dieſel-
#Text=ben haben oberwaͤhnte Kraft und Tu-
#Text=genden;
#Text=inſonderheit, welche angeneh-
#Text=me riechen: die werden zu dergleichen
#Text=Beſchwerungen, dabey das Hertze lei-
#Text=den muß, gar ſonderlich geruͤhmt:
#Text=dann
#Text=
#Text=man
#Text=
#Text=\f
#Text=[0593
#Text=]
#Text=
#Text=uͤber ein und andere Gewaͤchſe, Thiere ꝛc.
5-1	750-756	Welche	_	_	_	
5-2	757-761	ſich	_	_	_	
5-3	762-766	bald	_	_	_	
5-4	767-775	puͤlvern	_	_	_	
5-5	776-782	laſſen	_	_	_	
5-6	782-783	,	_	_	_	
5-7	784-786	an	_	_	_	
5-8	787-790	die	_	_	_	
5-9	791-796	Zunge	_	_	_	
5-10	797-803	fallen	_	_	_	
5-11	804-807	und	_	_	_	
5-12	808-813	weich	_	_	_	
5-13	814-818	ſind	_	_	_	
5-14	818-819	,	_	_	_	
5-15	820-826	dieſel	_	_	_	
5-16	826-827	-	_	_	_	
5-17	828-831	ben	_	_	_	
5-18	832-837	haben	_	_	_	
5-19	838-849	oberwaͤhnte	_	_	_	
5-20	850-855	Kraft	_	_	_	
5-21	856-859	und	_	_	_	
5-22	860-862	Tu	_	_	_	
5-23	862-863	-	_	_	_	
5-24	864-870	genden	_	_	_	
5-25	870-871	;	_	_	_	
5-26	872-884	inſonderheit	_	_	_	
5-27	884-885	,	_	_	_	
5-28	886-892	welche	Smell\_Source	_	_	
5-29	893-900	angeneh	Quality[3]	_	_	
5-30	900-901	-	Quality[3]	_	_	
5-31	902-904	me	Quality[3]	_	_	
5-32	905-912	riechen	Smell\_Word	*|*	5-29[3_0]|5-28	
5-33	912-913	:	_	_	_	
5-34	914-917	die	_	_	_	
5-35	918-924	werden	_	_	_	
5-36	925-927	zu	_	_	_	
5-37	928-939	dergleichen	_	_	_	
5-38	940-953	Beſchwerungen	_	_	_	
5-39	953-954	,	_	_	_	
5-40	955-960	dabey	_	_	_	
5-41	961-964	das	_	_	_	
5-42	965-971	Hertze	_	_	_	
5-43	972-975	lei	_	_	_	
5-44	975-976	-	_	_	_	
5-45	977-980	den	_	_	_	
5-46	981-984	muß	_	_	_	
5-47	984-985	,	_	_	_	
5-48	986-989	gar	_	_	_	
5-49	990-1000	ſonderlich	_	_	_	
5-50	1001-1009	geruͤhmt	_	_	_	
5-51	1009-1010	:	_	_	_	
5-52	1011-1015	dann	_	_	_	
5-53	1017-1020	man	_	_	_	
5-54	1024-1025	[	_	_	_	
5-55	1025-1029	0593	_	_	_	
5-56	1030-1031	]	_	_	_	
5-57	1033-1038	uͤber	_	_	_	
5-58	1039-1042	ein	_	_	_	
5-59	1043-1046	und	_	_	_	
5-60	1047-1053	andere	_	_	_	
5-61	1054-1063	Gewaͤchſe	_	_	_	
5-62	1063-1064	,	_	_	_	
5-63	1065-1071	Thiere	_	_	_	
5-64	1072-1074	ꝛc	_	_	_	
5-65	1074-1075	.	_	_	_	

#Text=man beobachtet, wie ſie daſſelbe ſtaͤr-
#Text=cken und verwahren.
6-1	1079-1082	man	_	_	_	
6-2	1083-1093	beobachtet	_	_	_	
6-3	1093-1094	,	_	_	_	
6-4	1095-1098	wie	_	_	_	
6-5	1099-1102	ſie	_	_	_	
6-6	1103-1111	daſſelbe	_	_	_	
6-7	1112-1117	ſtaͤr	_	_	_	
6-8	1117-1118	-	_	_	_	
6-9	1119-1123	cken	_	_	_	
6-10	1124-1127	und	_	_	_	
6-11	1128-1137	verwahren	_	_	_	
6-12	1137-1138	.	_	_	_	

#Text=Sind ſie, bevor
#Text=ſie veraͤndert worden, von einem Hir-
#Text=ſche, Elephanten, Eſchenbaume, Nuß-
#Text=baume, oder andern dergleichen etwas,
#Text=das dem Gifte widerſtehet, geweſen,
#Text=dann haben ſie eine ungemeine Kraft
#Text=den Gift zu bezwingen und auszutrei-
#Text=ben, um ſoviel ſtaͤrcker aber, wann an-
#Text=noch der Geruch des Baumes, oder
#Text=was es ſonſt zuvor geweſen, dran zu ver-
#Text=ſpuͤren.
7-1	1139-1143	Sind	_	_	_	
7-2	1144-1147	ſie	_	_	_	
7-3	1147-1148	,	_	_	_	
7-4	1149-1154	bevor	_	_	_	
7-5	1155-1158	ſie	_	_	_	
7-6	1159-1169	veraͤndert	_	_	_	
7-7	1170-1176	worden	_	_	_	
7-8	1176-1177	,	_	_	_	
7-9	1178-1181	von	_	_	_	
7-10	1182-1187	einem	_	_	_	
7-11	1188-1191	Hir	_	_	_	
7-12	1191-1192	-	_	_	_	
7-13	1193-1197	ſche	_	_	_	
7-14	1197-1198	,	_	_	_	
7-15	1199-1209	Elephanten	_	_	_	
7-16	1209-1210	,	_	_	_	
7-17	1211-1222	Eſchenbaume	_	_	_	
7-18	1222-1223	,	_	_	_	
7-19	1224-1227	Nuß	_	_	_	
7-20	1227-1228	-	_	_	_	
7-21	1229-1234	baume	_	_	_	
7-22	1234-1235	,	_	_	_	
7-23	1236-1240	oder	_	_	_	
7-24	1241-1247	andern	_	_	_	
7-25	1248-1259	dergleichen	_	_	_	
7-26	1260-1265	etwas	_	_	_	
7-27	1265-1266	,	_	_	_	
7-28	1267-1270	das	_	_	_	
7-29	1271-1274	dem	_	_	_	
7-30	1275-1280	Gifte	_	_	_	
7-31	1281-1292	widerſtehet	_	_	_	
7-32	1292-1293	,	_	_	_	
7-33	1294-1301	geweſen	_	_	_	
7-34	1301-1302	,	_	_	_	
7-35	1303-1307	dann	_	_	_	
7-36	1308-1313	haben	_	_	_	
7-37	1314-1317	ſie	_	_	_	
7-38	1318-1322	eine	_	_	_	
7-39	1323-1332	ungemeine	_	_	_	
7-40	1333-1338	Kraft	_	_	_	
7-41	1339-1342	den	_	_	_	
7-42	1343-1347	Gift	_	_	_	
7-43	1348-1350	zu	_	_	_	
7-44	1351-1360	bezwingen	_	_	_	
7-45	1361-1364	und	_	_	_	
7-46	1365-1374	auszutrei	_	_	_	
7-47	1374-1375	-	_	_	_	
7-48	1376-1379	ben	_	_	_	
7-49	1379-1380	,	_	_	_	
7-50	1381-1383	um	_	_	_	
7-51	1384-1390	ſoviel	_	_	_	
7-52	1391-1400	ſtaͤrcker	_	_	_	
7-53	1401-1405	aber	_	_	_	
7-54	1405-1406	,	_	_	_	
7-55	1407-1411	wann	_	_	_	
7-56	1412-1414	an	_	_	_	
7-57	1414-1415	-	_	_	_	
7-58	1416-1420	noch	_	_	_	
7-59	1421-1424	der	_	_	_	
7-60	1425-1431	Geruch	Smell\_Word	*	7-62	
7-61	1432-1435	des	_	_	_	
7-62	1436-1442	Baumes	Smell\_Source	_	_	
7-63	1442-1443	,	_	_	_	
7-64	1444-1448	oder	_	_	_	
7-65	1449-1452	was	_	_	_	
7-66	1453-1455	es	_	_	_	
7-67	1456-1461	ſonſt	_	_	_	
7-68	1462-1467	zuvor	_	_	_	
7-69	1468-1475	geweſen	_	_	_	
7-70	1475-1476	,	_	_	_	
7-71	1477-1481	dran	_	_	_	
7-72	1482-1484	zu	_	_	_	
7-73	1485-1488	ver	_	_	_	
7-74	1488-1489	-	_	_	_	
7-75	1490-1497	ſpuͤren	_	_	_	
7-76	1497-1498	.	_	_	_	

#Text=Und iſt alsdann gantz glaub-
#Text=lich, es werden dieſes verwandelten
#Text=
#Text=Coͤrpers Qualitaͤten zuruͤcke blieben,
#Text=und ſeine Kraͤfte, welche in der gantz
#Text=ſubtilen Materie vorhanden, nicht ver-
#Text=ſchwunden, ſondern durch den Zugang
#Text=
#Text=dieſer neuen unterirdiſchen Materie
#Text=um ein groſſes vermehret worden ſeyn.
8-1	1499-1502	Und	_	_	_	
8-2	1503-1506	iſt	_	_	_	
8-3	1507-1514	alsdann	_	_	_	
8-4	1515-1520	gantz	_	_	_	
8-5	1521-1526	glaub	_	_	_	
8-6	1526-1527	-	_	_	_	
8-7	1528-1532	lich	_	_	_	
8-8	1532-1533	,	_	_	_	
8-9	1534-1536	es	_	_	_	
8-10	1537-1543	werden	_	_	_	
8-11	1544-1550	dieſes	_	_	_	
8-12	1551-1563	verwandelten	_	_	_	
8-13	1565-1573	Coͤrpers	_	_	_	
8-14	1574-1585	Qualitaͤten	_	_	_	
8-15	1586-1594	zuruͤcke	_	_	_	
8-16	1595-1602	blieben	_	_	_	
8-17	1602-1603	,	_	_	_	
8-18	1604-1607	und	_	_	_	
8-19	1608-1613	ſeine	_	_	_	
8-20	1614-1621	Kraͤfte	_	_	_	
8-21	1621-1622	,	_	_	_	
8-22	1623-1629	welche	_	_	_	
8-23	1630-1632	in	_	_	_	
8-24	1633-1636	der	_	_	_	
8-25	1637-1642	gantz	_	_	_	
8-26	1643-1651	ſubtilen	_	_	_	
8-27	1652-1659	Materie	_	_	_	
8-28	1660-1669	vorhanden	_	_	_	
8-29	1669-1670	,	_	_	_	
8-30	1671-1676	nicht	_	_	_	
8-31	1677-1680	ver	_	_	_	
8-32	1680-1681	-	_	_	_	
8-33	1682-1691	ſchwunden	_	_	_	
8-34	1691-1692	,	_	_	_	
8-35	1693-1700	ſondern	_	_	_	
8-36	1701-1706	durch	_	_	_	
8-37	1707-1710	den	_	_	_	
8-38	1711-1717	Zugang	_	_	_	
8-39	1719-1725	dieſer	_	_	_	
8-40	1726-1731	neuen	_	_	_	
8-41	1732-1746	unterirdiſchen	_	_	_	
8-42	1747-1754	Materie	_	_	_	
8-43	1755-1757	um	_	_	_	
8-44	1758-1761	ein	_	_	_	
8-45	1762-1769	groſſes	_	_	_	
8-46	1770-1779	vermehret	_	_	_	
8-47	1780-1786	worden	_	_	_	
8-48	1787-1791	ſeyn	_	_	_	
8-49	1791-1792	.	_	_	_	
