#FORMAT=WebAnno TSV 3.3


#Text=De eene korrel de andere ontmoetende vereenigt zich met haar naar de wetten der regelatie.
1-1	2-4	De	
1-2	5-9	eene	
1-3	10-16	korrel	
1-4	17-19	de	
1-5	20-26	andere	
1-6	27-38	ontmoetende	
1-7	39-48	vereenigt	
1-8	49-53	zich	
1-9	54-57	met	
1-10	58-62	haar	
1-11	63-67	naar	
1-12	68-70	de	
1-13	71-77	wetten	
1-14	78-81	der	
1-15	82-91	regelatie	
1-16	91-92	.	

#Text=Het is echter een genootschap met geheime statu-
#Text=
#Text=[
#Text=p. 45]
#Text=
#Text=ten door de waterdeeltjes gevormd.
2-1	93-96	Het	
2-2	97-99	is	
2-3	100-106	echter	
2-4	107-110	een	
2-5	111-122	genootschap	
2-6	123-126	met	
2-7	127-134	geheime	
2-8	135-140	statu	
2-9	140-141	-	
2-10	143-144	[	
2-11	145-146	p	
2-12	146-147	.	
2-13	148-150	45	
2-14	150-151	]	
2-15	153-156	ten	
2-16	157-161	door	
2-17	162-164	de	
2-18	165-178	waterdeeltjes	
2-19	179-186	gevormd	
2-20	186-187	.	

#Text=De natuurkundigen hebben ze nog niet ontdekt, vooral niet hoe zij zich zoo kunnen uitbreiden, hoe de korrels zoo groot kunnen worden.
3-1	188-190	De	
3-2	191-205	natuurkundigen	
3-3	206-212	hebben	
3-4	213-215	ze	
3-5	216-219	nog	
3-6	220-224	niet	
3-7	225-232	ontdekt	
3-8	232-233	,	
3-9	234-240	vooral	
3-10	241-245	niet	
3-11	246-249	hoe	
3-12	250-253	zij	
3-13	254-258	zich	
3-14	259-262	zoo	
3-15	263-269	kunnen	
3-16	270-280	uitbreiden	
3-17	280-281	,	
3-18	282-285	hoe	
3-19	286-288	de	
3-20	289-296	korrels	
3-21	297-300	zoo	
3-22	301-306	groot	
3-23	307-313	kunnen	
3-24	314-320	worden	
3-25	320-321	.	

#Text=Het is hier niet genoeg te zeggen:
#Text=eenige ijsnaalden voegen zich aaneen en daarom heen bevriest nu een hagelvormige laag water als helder ijs, want van waar ontleent men de latente warmte, die voor zulk een betrekkelijk dikke laag dikwijls zoo aanmerkelijk is.
4-1	322-325	Het	
4-2	326-328	is	
4-3	329-333	hier	
4-4	334-338	niet	
4-5	339-345	genoeg	
4-6	346-348	te	
4-7	349-355	zeggen	
4-8	355-356	:	
4-9	357-363	eenige	
4-10	364-374	ijsnaalden	
4-11	375-381	voegen	
4-12	382-386	zich	
4-13	387-393	aaneen	
4-14	394-396	en	
4-15	397-403	daarom	
4-16	404-408	heen	
4-17	409-417	bevriest	
4-18	418-420	nu	
4-19	421-424	een	
4-20	425-437	hagelvormige	
4-21	438-442	laag	
4-22	443-448	water	
4-23	449-452	als	
4-24	453-459	helder	
4-25	460-463	ijs	
4-26	463-464	,	
4-27	465-469	want	
4-28	470-473	van	
4-29	474-478	waar	
4-30	479-487	ontleent	
4-31	488-491	men	
4-32	492-494	de	
4-33	495-502	latente	
4-34	503-509	warmte	
4-35	509-510	,	
4-36	511-514	die	
4-37	515-519	voor	
4-38	520-524	zulk	
4-39	525-528	een	
4-40	529-541	betrekkelijk	
4-41	542-547	dikke	
4-42	548-552	laag	
4-43	553-561	dikwijls	
4-44	562-565	zoo	
4-45	566-578	aanmerkelijk	
4-46	579-581	is	
4-47	581-582	.	

#Text=Men moet dus een reden opsporen, waardoor zij lang genoeg in de lueht kunnen vertoeven.
5-1	583-586	Men	
5-2	587-591	moet	
5-3	592-595	dus	
5-4	596-599	een	
5-5	600-605	reden	
5-6	606-614	opsporen	
5-7	614-615	,	
5-8	616-624	waardoor	
5-9	625-628	zij	
5-10	629-633	lang	
5-11	634-640	genoeg	
5-12	641-643	in	
5-13	644-646	de	
5-14	647-652	lueht	
5-15	653-659	kunnen	
5-16	660-669	vertoeven	
5-17	669-670	.	

#Text=Tot verklaring hiervan, of althans om het denkbaar te maken, schijnt de hypothese van Oersted de beste, namelijk: dat bij den strijd der tegengestelde luchtstroomen wervelwinden, wentelende eilinders ontstaan en daardoor de gevormde korrels met meer lucht in aanraking komen, en daarin worden rondgevoerd.
6-1	671-674	Tot	
6-2	675-685	verklaring	
6-3	686-693	hiervan	
6-4	693-694	,	
6-5	695-697	of	
6-6	698-705	althans	
6-7	706-708	om	
6-8	709-712	het	
6-9	713-721	denkbaar	
6-10	722-724	te	
6-11	725-730	maken	
6-12	730-731	,	
6-13	732-739	schijnt	
6-14	740-742	de	
6-15	743-752	hypothese	
6-16	753-756	van	
6-17	757-764	Oersted	
6-18	765-767	de	
6-19	768-773	beste	
6-20	773-774	,	
6-21	775-783	namelijk	
6-22	783-784	:	
6-23	785-788	dat	
6-24	789-792	bij	
6-25	793-796	den	
6-26	797-803	strijd	
6-27	804-807	der	
6-28	808-821	tegengestelde	
6-29	822-835	luchtstroomen	
6-30	836-848	wervelwinden	
6-31	848-849	,	
6-32	850-860	wentelende	
6-33	861-870	eilinders	
6-34	871-879	ontstaan	
6-35	880-882	en	
6-36	883-891	daardoor	
6-37	892-894	de	
6-38	895-903	gevormde	
6-39	904-911	korrels	
6-40	912-915	met	
6-41	916-920	meer	
6-42	921-926	lucht	
6-43	927-929	in	
6-44	930-939	aanraking	
6-45	940-945	komen	
6-46	945-946	,	
6-47	947-949	en	
6-48	950-956	daarin	
6-49	957-963	worden	
6-50	964-975	rondgevoerd	
6-51	975-976	.	

#Text=Maar hoe is de grens dier tegengestelde luchtstroomen?
7-1	977-981	Maar	
7-2	982-985	hoe	
7-3	986-988	is	
7-4	989-991	de	
7-5	992-997	grens	
7-6	998-1002	dier	
7-7	1003-1016	tegengestelde	
7-8	1017-1030	luchtstroomen	
7-9	1030-1031	?	

#Text=Verticale cilinders geven welligt beter rekenschap van de omstandigheid, dat de hagel in lang uitgestrekte banen van betrekkelijk geringe breedte neêrvalt;
#Text=maar cilinders om horizontale assen, waaraan ik zoo gaarne de voorkeur zou geven, omdat men meer luchtstroomen van verschillende rigtingen boven dan naast elkander waarneemt, laten daarenboven beter de mogelijkheid toe, dat een vallend hagelkorreltje nog eens weder naar boven worde gevoerd, of althans in het opstijgende gedeelte lang zwevende kan worden gehouden, waardoor het gelegenheid heeft grooter te worden.
8-1	1032-1041	Verticale	
8-2	1042-1051	cilinders	
8-3	1052-1057	geven	
8-4	1058-1065	welligt	
8-5	1066-1071	beter	
8-6	1072-1082	rekenschap	
8-7	1083-1086	van	
8-8	1087-1089	de	
8-9	1090-1103	omstandigheid	
8-10	1103-1104	,	
8-11	1105-1108	dat	
8-12	1109-1111	de	
8-13	1112-1117	hagel	
8-14	1118-1120	in	
8-15	1121-1125	lang	
8-16	1126-1138	uitgestrekte	
8-17	1139-1144	banen	
8-18	1145-1148	van	
8-19	1149-1161	betrekkelijk	
8-20	1162-1169	geringe	
8-21	1170-1177	breedte	
8-22	1178-1186	neêrvalt	
8-23	1186-1187	;	
8-24	1188-1192	maar	
8-25	1193-1202	cilinders	
8-26	1203-1205	om	
8-27	1206-1217	horizontale	
8-28	1218-1223	assen	
8-29	1223-1224	,	
8-30	1225-1232	waaraan	
8-31	1233-1235	ik	
8-32	1236-1239	zoo	
8-33	1240-1246	gaarne	
8-34	1247-1249	de	
8-35	1250-1258	voorkeur	
8-36	1259-1262	zou	
8-37	1263-1268	geven	
8-38	1268-1269	,	
8-39	1270-1275	omdat	
8-40	1276-1279	men	
8-41	1280-1284	meer	
8-42	1285-1298	luchtstroomen	
8-43	1299-1302	van	
8-44	1303-1316	verschillende	
8-45	1317-1326	rigtingen	
8-46	1327-1332	boven	
8-47	1333-1336	dan	
8-48	1337-1342	naast	
8-49	1343-1351	elkander	
8-50	1352-1361	waarneemt	
8-51	1361-1362	,	
8-52	1363-1368	laten	
8-53	1369-1380	daarenboven	
8-54	1381-1386	beter	
8-55	1387-1389	de	
8-56	1390-1402	mogelijkheid	
8-57	1403-1406	toe	
8-58	1406-1407	,	
8-59	1408-1411	dat	
8-60	1412-1415	een	
8-61	1416-1423	vallend	
8-62	1424-1438	hagelkorreltje	
8-63	1439-1442	nog	
8-64	1443-1447	eens	
8-65	1448-1453	weder	
8-66	1454-1458	naar	
8-67	1459-1464	boven	
8-68	1465-1470	worde	
8-69	1471-1478	gevoerd	
8-70	1478-1479	,	
8-71	1480-1482	of	
8-72	1483-1490	althans	
8-73	1491-1493	in	
8-74	1494-1497	het	
8-75	1498-1509	opstijgende	
8-76	1510-1518	gedeelte	
8-77	1519-1523	lang	
8-78	1524-1532	zwevende	
8-79	1533-1536	kan	
8-80	1537-1543	worden	
8-81	1544-1552	gehouden	
8-82	1552-1553	,	
8-83	1554-1562	waardoor	
8-84	1563-1566	het	
8-85	1567-1578	gelegenheid	
8-86	1579-1584	heeft	
8-87	1585-1592	grooter	
8-88	1593-1595	te	
8-89	1596-1602	worden	
8-90	1602-1603	.	

#Text=De cilinders zullen toch ook in geen geval zoo bijzonder lang behoeven te zijn, de lengte hunner assen zouden voor mij gelijk moeten wezen aan de breedte der hagelbanen.
9-1	1604-1606	De	
9-2	1607-1616	cilinders	
9-3	1617-1623	zullen	
9-4	1624-1628	toch	
9-5	1629-1632	ook	
9-6	1633-1635	in	
9-7	1636-1640	geen	
9-8	1641-1646	geval	
9-9	1647-1650	zoo	
9-10	1651-1660	bijzonder	
9-11	1661-1665	lang	
9-12	1666-1674	behoeven	
9-13	1675-1677	te	
9-14	1678-1682	zijn	
9-15	1682-1683	,	
9-16	1684-1686	de	
9-17	1687-1693	lengte	
9-18	1694-1700	hunner	
9-19	1701-1706	assen	
9-20	1707-1713	zouden	
9-21	1714-1718	voor	
9-22	1719-1722	mij	
9-23	1723-1729	gelijk	
9-24	1730-1736	moeten	
9-25	1737-1742	wezen	
9-26	1743-1746	aan	
9-27	1747-1749	de	
9-28	1750-1757	breedte	
9-29	1758-1761	der	
9-30	1762-1772	hagelbanen	
9-31	1772-1773	.	

#Text=De waarnemingen omtrent hagelwolken, van den top van bergen af gedaan, melden wel, dat uit de wolk de hagelkorrels als uitgeworpen werden, hetgeen even als het gedruisch, dat men vóór de hagelbuijen verzekert gehoord te hebben, zeer goed met een wervelbeweging is over een te brengen;
#Text=maar zij kunnen niet voor of tegen de meer horizontale assen beslissen, omdat zij niet uitvoerig genoeg zijn medegedeeld.
10-1	1774-1776	De	
10-2	1777-1789	waarnemingen	
10-3	1790-1797	omtrent	
10-4	1798-1809	hagelwolken	
10-5	1809-1810	,	
10-6	1811-1814	van	
10-7	1815-1818	den	
10-8	1819-1822	top	
10-9	1823-1826	van	
10-10	1827-1833	bergen	
10-11	1834-1836	af	
10-12	1837-1843	gedaan	
10-13	1843-1844	,	
10-14	1845-1851	melden	
10-15	1852-1855	wel	
10-16	1855-1856	,	
10-17	1857-1860	dat	
10-18	1861-1864	uit	
10-19	1865-1867	de	
10-20	1868-1872	wolk	
10-21	1873-1875	de	
10-22	1876-1888	hagelkorrels	
10-23	1889-1892	als	
10-24	1893-1904	uitgeworpen	
10-25	1905-1911	werden	
10-26	1911-1912	,	
10-27	1913-1920	hetgeen	
10-28	1921-1925	even	
10-29	1926-1929	als	
10-30	1930-1933	het	
10-31	1934-1943	gedruisch	
10-32	1943-1944	,	
10-33	1945-1948	dat	
10-34	1949-1952	men	
10-35	1953-1957	vóór	
10-36	1958-1960	de	
10-37	1961-1972	hagelbuijen	
10-38	1973-1982	verzekert	
10-39	1983-1990	gehoord	
10-40	1991-1993	te	
10-41	1994-2000	hebben	
10-42	2000-2001	,	
10-43	2002-2006	zeer	
10-44	2007-2011	goed	
10-45	2012-2015	met	
10-46	2016-2019	een	
10-47	2020-2034	wervelbeweging	
10-48	2035-2037	is	
10-49	2038-2042	over	
10-50	2043-2046	een	
10-51	2047-2049	te	
10-52	2050-2057	brengen	
10-53	2057-2058	;	
10-54	2059-2063	maar	
10-55	2064-2067	zij	
10-56	2068-2074	kunnen	
10-57	2075-2079	niet	
10-58	2080-2084	voor	
10-59	2085-2087	of	
10-60	2088-2093	tegen	
10-61	2094-2096	de	
10-62	2097-2101	meer	
10-63	2102-2113	horizontale	
10-64	2114-2119	assen	
10-65	2120-2129	beslissen	
10-66	2129-2130	,	
10-67	2131-2136	omdat	
10-68	2137-2140	zij	
10-69	2141-2145	niet	
10-70	2146-2155	uitvoerig	
10-71	2156-2162	genoeg	
10-72	2163-2167	zijn	
10-73	2168-2179	medegedeeld	
10-74	2179-2180	.	

#Text=Zij vermelden namelijk niet in welke rigtingen de hagelkorrels werden uitgeworpen.
11-1	2181-2184	Zij	
11-2	2185-2194	vermelden	
11-3	2195-2203	namelijk	
11-4	2204-2208	niet	
11-5	2209-2211	in	
11-6	2212-2217	welke	
11-7	2218-2227	rigtingen	
11-8	2228-2230	de	
11-9	2231-2243	hagelkorrels	
11-10	2244-2250	werden	
11-11	2251-2262	uitgeworpen	
11-12	2262-2263	.	

#Text=Ik moet echter erkennen, dat als wij op de herhaalde verandering der windrigting bij hagelbuijen waargenomen letten en op sommige waarnemingen, die van verdiepingen spreken in de wolk gevonden, de waarschijnlijkheid voor verticale assen weder grooter wordt, en hagelbuijen alzoo meer geheel en al overeenkomen met waterhoozen, die
#Text=[p. 46]
#Text=
#Text=dan toch om een verticale as draaijen en ook bij geringe breedte zoover voortrukken.
12-1	2264-2266	Ik	
12-2	2267-2271	moet	
12-3	2272-2278	echter	
12-4	2279-2287	erkennen	
12-5	2287-2288	,	
12-6	2289-2292	dat	
12-7	2293-2296	als	
12-8	2297-2300	wij	
12-9	2301-2303	op	
12-10	2304-2306	de	
12-11	2307-2316	herhaalde	
12-12	2317-2328	verandering	
12-13	2329-2332	der	
12-14	2333-2344	windrigting	
12-15	2345-2348	bij	
12-16	2349-2360	hagelbuijen	
12-17	2361-2372	waargenomen	
12-18	2373-2379	letten	
12-19	2380-2382	en	
12-20	2383-2385	op	
12-21	2386-2393	sommige	
12-22	2394-2406	waarnemingen	
12-23	2406-2407	,	
12-24	2408-2411	die	
12-25	2412-2415	van	
12-26	2416-2428	verdiepingen	
12-27	2429-2436	spreken	
12-28	2437-2439	in	
12-29	2440-2442	de	
12-30	2443-2447	wolk	
12-31	2448-2456	gevonden	
12-32	2456-2457	,	
12-33	2458-2460	de	
12-34	2461-2479	waarschijnlijkheid	
12-35	2480-2484	voor	
12-36	2485-2494	verticale	
12-37	2495-2500	assen	
12-38	2501-2506	weder	
12-39	2507-2514	grooter	
12-40	2515-2520	wordt	
12-41	2520-2521	,	
12-42	2522-2524	en	
12-43	2525-2536	hagelbuijen	
12-44	2537-2542	alzoo	
12-45	2543-2547	meer	
12-46	2548-2554	geheel	
12-47	2555-2557	en	
12-48	2558-2560	al	
12-49	2561-2573	overeenkomen	
12-50	2574-2577	met	
12-51	2578-2589	waterhoozen	
12-52	2589-2590	,	
12-53	2591-2594	die	
12-54	2595-2596	[	
12-55	2596-2597	p	
12-56	2597-2598	.	
12-57	2599-2601	46	
12-58	2601-2602	]	
12-59	2604-2607	dan	
12-60	2608-2612	toch	
12-61	2613-2615	om	
12-62	2616-2619	een	
12-63	2620-2629	verticale	
12-64	2630-2632	as	
12-65	2633-2641	draaijen	
12-66	2642-2644	en	
12-67	2645-2648	ook	
12-68	2649-2652	bij	
12-69	2653-2660	geringe	
12-70	2661-2668	breedte	
12-71	2669-2675	zoover	
12-72	2676-2687	voortrukken	
12-73	2687-2688	.	

#Text=De natuurkundigen moeten bij deze onzekerheid, hoezeer steeds trachtende om achter het geheim te komen, zich voorloopig bepalen tot statistische rangschikking der feiten.
13-1	2689-2691	De	
13-2	2692-2706	natuurkundigen	
13-3	2707-2713	moeten	
13-4	2714-2717	bij	
13-5	2718-2722	deze	
13-6	2723-2734	onzekerheid	
13-7	2734-2735	,	
13-8	2736-2743	hoezeer	
13-9	2744-2750	steeds	
13-10	2751-2761	trachtende	
13-11	2762-2764	om	
13-12	2765-2771	achter	
13-13	2772-2775	het	
13-14	2776-2782	geheim	
13-15	2783-2785	te	
13-16	2786-2791	komen	
13-17	2791-2792	,	
13-18	2793-2797	zich	
13-19	2798-2808	voorloopig	
13-20	2809-2816	bepalen	
13-21	2817-2820	tot	
13-22	2821-2833	statistische	
13-23	2834-2847	rangschikking	
13-24	2848-2851	der	
13-25	2852-2858	feiten	
13-26	2858-2859	.	
