#FORMAT=WebAnno TSV 3.3


#Text=10.38.
#Text=vreughden-olie boven uwe D. alle geloovigen, die des Heeren Christi lidtmaten, ende uyt genade door hem tot Priesters ende Koningen gemaeckt zijn, 1.Petr.
#Text=2.9.
1-1	2-7	10.38	
1-2	7-8	.	
1-3	9-23	vreughden-olie	
1-4	24-29	boven	
1-5	30-33	uwe	
1-6	34-35	D	
1-7	35-36	.	
1-8	37-41	alle	
1-9	42-52	geloovigen	
1-10	52-53	,	
1-11	54-57	die	
1-12	58-61	des	
1-13	62-68	Heeren	
1-14	69-76	Christi	
1-15	77-86	lidtmaten	
1-16	86-87	,	
1-17	88-92	ende	
1-18	93-96	uyt	
1-19	97-103	genade	
1-20	104-108	door	
1-21	109-112	hem	
1-22	113-116	tot	
1-23	117-126	Priesters	
1-24	127-131	ende	
1-25	132-140	Koningen	
1-26	141-149	gemaeckt	
1-27	150-154	zijn	
1-28	154-155	,	
1-29	156-157	1	
1-30	157-158	.	
1-31	158-162	Petr	
1-32	162-163	.	
1-33	164-167	2.9	
1-34	167-168	.	

#Text=Apoc.
#Text=1.6.
2-1	169-173	Apoc	
2-2	173-174	.	
2-3	175-178	1.6	
2-4	178-179	.	

#Text=Siet oock Ioan.
#Text=3.34.
#Text=medegenooten.
#Text=
#Text=9
#Text=
#Text=
#Text=Alle uwe kleederen D. riecken soo seer van dese specerijen, als ofse enckel myrrhe, etc. waren.
3-1	180-184	Siet	
3-2	185-189	oock	
3-3	190-194	Ioan	
3-4	194-195	.	
3-5	196-200	3.34	
3-6	200-201	.	
3-7	202-214	medegenooten	
3-8	214-215	.	
3-9	217-218	9	
3-10	221-225	Alle	
3-11	226-229	uwe	
3-12	230-239	kleederen	
3-13	240-241	D	
3-14	241-242	.	
3-15	243-250	riecken	
3-16	251-254	soo	
3-17	255-259	seer	
3-18	260-263	van	
3-19	264-268	dese	
3-20	269-279	specerijen	
3-21	279-280	,	
3-22	281-284	als	
3-23	285-289	ofse	
3-24	290-296	enckel	
3-25	297-303	myrrhe	
3-26	303-304	,	
3-27	305-308	etc	
3-28	308-309	.	
3-29	310-315	waren	
3-30	315-316	.	

#Text=Vergelijckt Prov. 7.17.
#Text=zijn myrrhe, ende aloë, [ende] cassie; uyt de Siet 1.Reg.
#Text=10.18.
#Text=elpenbeenen
#Text=Ofte, tempelen.
4-1	317-328	Vergelijckt	
4-2	329-333	Prov	
4-3	333-334	.	
4-4	335-339	7.17	
4-5	339-340	.	
4-6	341-345	zijn	
4-7	346-352	myrrhe	
4-8	352-353	,	
4-9	354-358	ende	
4-10	359-363	aloë	
4-11	363-364	,	
4-12	365-366	[	
4-13	366-370	ende	
4-14	370-371	]	
4-15	372-378	cassie	
4-16	378-379	;	
4-17	380-383	uyt	
4-18	384-386	de	
4-19	387-391	Siet	
4-20	392-393	1	
4-21	393-394	.	
4-22	394-397	Reg	
4-23	397-398	.	
4-24	399-404	10.18	
4-25	404-405	.	
4-26	406-417	elpenbeenen	
4-27	418-422	Ofte	
4-28	422-423	,	
4-29	424-432	tempelen	
4-30	432-433	.	

#Text=Verstaet hier op, wanneer ghy daer uyt te voorschijn komt, als een bruydegom, ofte uwe kleederen, ende de specerijen, die uyt elpenbeenen palleysen, genomen zijn, ende daer mede sy u verheught hebben, dat is, cier aengedaen.
5-1	434-442	Verstaet	
5-2	443-447	hier	
5-3	448-450	op	
5-4	450-451	,	
5-5	452-459	wanneer	
5-6	460-463	ghy	
5-7	464-468	daer	
5-8	469-472	uyt	
5-9	473-475	te	
5-10	476-486	voorschijn	
5-11	487-491	komt	
5-12	491-492	,	
5-13	493-496	als	
5-14	497-500	een	
5-15	501-510	bruydegom	
5-16	510-511	,	
5-17	512-516	ofte	
5-18	517-520	uwe	
5-19	521-530	kleederen	
5-20	530-531	,	
5-21	532-536	ende	
5-22	537-539	de	
5-23	540-550	specerijen	
5-24	550-551	,	
5-25	552-555	die	
5-26	556-559	uyt	
5-27	560-571	elpenbeenen	
5-28	572-581	palleysen	
5-29	581-582	,	
5-30	583-590	genomen	
5-31	591-595	zijn	
5-32	595-596	,	
5-33	597-601	ende	
5-34	602-606	daer	
5-35	607-611	mede	
5-36	612-614	sy	
5-37	615-616	u	
5-38	617-626	verheught	
5-39	627-633	hebben	
5-40	633-634	,	
5-41	635-638	dat	
5-42	639-641	is	
5-43	641-642	,	
5-44	643-647	cier	
5-45	648-657	aengedaen	
5-46	657-658	.	

#Text=Salomons Konincklicke heerlickheyt ende wooningen worden in de Schrifture vermelt:
#Text=den Heere Christum aengaende, die is uyt het hemelsch palleys gekomen in den vleesche, ende heeft van daer gebracht sijne leere, ende van daer ontfangen sijne salvinge.
6-1	659-667	Salomons	
6-2	668-680	Konincklicke	
6-3	681-693	heerlickheyt	
6-4	694-698	ende	
6-5	699-708	wooningen	
6-6	709-715	worden	
6-7	716-718	in	
6-8	719-721	de	
6-9	722-732	Schrifture	
6-10	733-740	vermelt	
6-11	740-741	:	
6-12	742-745	den	
6-13	746-751	Heere	
6-14	752-760	Christum	
6-15	761-770	aengaende	
6-16	770-771	,	
6-17	772-775	die	
6-18	776-778	is	
6-19	779-782	uyt	
6-20	783-786	het	
6-21	787-795	hemelsch	
6-22	796-803	palleys	
6-23	804-811	gekomen	
6-24	812-814	in	
6-25	815-818	den	
6-26	819-827	vleesche	
6-27	827-828	,	
6-28	829-833	ende	
6-29	834-839	heeft	
6-30	840-843	van	
6-31	844-848	daer	
6-32	849-857	gebracht	
6-33	858-863	sijne	
6-34	864-869	leere	
6-35	869-870	,	
6-36	871-875	ende	
6-37	876-879	van	
6-38	880-884	daer	
6-39	885-894	ontfangen	
6-40	895-900	sijne	
6-41	901-909	salvinge	
6-42	909-910	.	

#Text=Siet
7-1	911-915	Siet	
