#FORMAT=WebAnno TSV 3.3


#Text=Maar eer dat kon geschieden waaren de Hollanders
#Text='t esquadre der blaauwe vlagge 
#Text=
#Text=dicht op 't lyf, en zeilden al vechtende midden in en door d'Engelsche vloot: daar 
#Text=toen dapper werdt gevochten
#Text=, en beide de vlooten laagen eenigen tydt in een wolk 
#Text=van rook.
1-1	2-6	Maar	
1-2	7-10	eer	
1-3	11-14	dat	
1-4	15-18	kon	
1-5	19-29	geschieden	
1-6	30-36	waaren	
1-7	37-39	de	
1-8	40-50	Hollanders	
1-9	51-52	'	
1-10	52-53	t	
1-11	54-62	esquadre	
1-12	63-66	der	
1-13	67-74	blaauwe	
1-14	75-81	vlagge	
1-15	84-89	dicht	
1-16	90-92	op	
1-17	93-94	'	
1-18	94-95	t	
1-19	96-99	lyf	
1-20	99-100	,	
1-21	101-103	en	
1-22	104-111	zeilden	
1-23	112-114	al	
1-24	115-124	vechtende	
1-25	125-131	midden	
1-26	132-134	in	
1-27	135-137	en	
1-28	138-142	door	
1-29	143-154	d'Engelsche	
1-30	155-160	vloot	
1-31	160-161	:	
1-32	162-166	daar	
1-33	168-172	toen	
1-34	173-179	dapper	
1-35	180-185	werdt	
1-36	186-195	gevochten	
1-37	196-197	,	
1-38	198-200	en	
1-39	201-206	beide	
1-40	207-209	de	
1-41	210-217	vlooten	
1-42	218-224	laagen	
1-43	225-232	eenigen	
1-44	233-237	tydt	
1-45	238-240	in	
1-46	241-244	een	
1-47	245-249	wolk	
1-48	251-254	van	
1-49	255-259	rook	
1-50	259-260	.	

#Text=Eindelyk dreef men d'Engelschen op de vlucht: maar door groote onordre, 
#Text=in een gedeelte van 's Landts vloot, wonnen zy eerlang den windt: waar door den 
#Text=strydt te heviger aanging, en veele scheepen wederzydts merkelyk werden 
#Text=beschaadight.
2-1	261-269	Eindelyk	
2-2	270-275	dreef	
2-3	276-279	men	
2-4	280-292	d'Engelschen	
2-5	293-295	op	
2-6	296-298	de	
2-7	299-305	vlucht	
2-8	305-306	:	
2-9	307-311	maar	
2-10	312-316	door	
2-11	317-323	groote	
2-12	324-331	onordre	
2-13	331-332	,	
2-14	334-336	in	
2-15	337-340	een	
2-16	341-349	gedeelte	
2-17	350-353	van	
2-18	354-355	'	
2-19	355-356	s	
2-20	357-363	Landts	
2-21	364-369	vloot	
2-22	369-370	,	
2-23	371-377	wonnen	
2-24	378-380	zy	
2-25	381-388	eerlang	
2-26	389-392	den	
2-27	393-398	windt	
2-28	398-399	:	
2-29	400-404	waar	
2-30	405-409	door	
2-31	410-413	den	
2-32	415-421	strydt	
2-33	422-424	te	
2-34	425-432	heviger	
2-35	433-440	aanging	
2-36	440-441	,	
2-37	442-444	en	
2-38	445-450	veele	
2-39	451-459	scheepen	
2-40	460-470	wederzydts	
2-41	471-479	merkelyk	
2-42	480-486	werden	
2-43	488-500	beschaadight	
2-44	500-501	.	

#Text='S avondts ontrent te negen uuren verbrande noch een Engels schip.
3-1	502-503	'	
3-2	503-504	S	
3-3	505-512	avondts	
3-4	513-520	ontrent	
3-5	521-523	te	
3-6	524-529	negen	
3-7	530-535	uuren	
3-8	536-545	verbrande	
3-9	546-550	noch	
3-10	551-554	een	
3-11	555-561	Engels	
3-12	562-567	schip	
3-13	567-568	.	

#Text=Dus lang duurde 't gevecht: en toen zyn de strydende vlooten wat van elkandere 
#Text=gescheiden.
4-1	571-574	Dus	
4-2	575-579	lang	
4-3	580-586	duurde	
4-4	587-588	'	
4-5	588-589	t	
4-6	590-597	gevecht	
4-7	597-598	:	
4-8	599-601	en	
4-9	602-606	toen	
4-10	607-610	zyn	
4-11	611-613	de	
4-12	614-623	strydende	
4-13	624-631	vlooten	
4-14	632-635	wat	
4-15	636-639	van	
4-16	640-649	elkandere	
4-17	651-661	gescheiden	
4-18	661-662	.	

#Text=D'Engelschen hebben 't om de Noordt gewendt, en de Nederlanders 
#Text=laagen om de Zuidt.
5-1	663-675	D'Engelschen	
5-2	676-682	hebben	
5-3	683-684	'	
5-4	684-685	t	
5-5	686-688	om	
5-6	689-691	de	
5-7	692-698	Noordt	
5-8	699-706	gewendt	
5-9	706-707	,	
5-10	708-710	en	
5-11	711-713	de	
5-12	714-726	Nederlanders	
5-13	728-734	laagen	
5-14	735-737	om	
5-15	738-740	de	
5-16	741-746	Zuidt	
5-17	746-747	.	

#Text=Doch een uur naa zon, toen d'Engelschen meest buiten schoots 
#Text=waaren, werdt uit het schip van den Kapitein Kornelis van Velzen een schoot 
#Text=geschooten, en met dien schoot sprong het schip, door zyn eigen kruidt, in de lucht:
#Text=
#Text=daar slechts vyf man van werdt geberght.
6-1	748-752	Doch	
6-2	753-756	een	
6-3	757-760	uur	
6-4	761-764	naa	
6-5	765-768	zon	
6-6	768-769	,	
6-7	770-774	toen	
6-8	775-787	d'Engelschen	
6-9	788-793	meest	
6-10	794-800	buiten	
6-11	801-808	schoots	
6-12	810-816	waaren	
6-13	816-817	,	
6-14	818-823	werdt	
6-15	824-827	uit	
6-16	828-831	het	
6-17	832-837	schip	
6-18	838-841	van	
6-19	842-845	den	
6-20	846-854	Kapitein	
6-21	855-863	Kornelis	
6-22	864-867	van	
6-23	868-874	Velzen	
6-24	875-878	een	
6-25	879-885	schoot	
6-26	887-897	geschooten	
6-27	897-898	,	
6-28	899-901	en	
6-29	902-905	met	
6-30	906-910	dien	
6-31	911-917	schoot	
6-32	918-924	sprong	
6-33	925-928	het	
6-34	929-934	schip	
6-35	934-935	,	
6-36	936-940	door	
6-37	941-944	zyn	
6-38	945-950	eigen	
6-39	951-957	kruidt	
6-40	957-958	,	
6-41	959-961	in	
6-42	962-964	de	
6-43	965-970	lucht	
6-44	970-971	:	
6-45	973-977	daar	
6-46	978-985	slechts	
6-47	986-989	vyf	
6-48	990-993	man	
6-49	994-997	van	
6-50	998-1003	werdt	
6-51	1004-1012	geberght	
6-52	1012-1013	.	

#Text=In den volgenden nacht zocht een yder, 
#Text=zoo veel doenlyk was, 't geen aanstukken was geschooten te hermaaken en te 
#Text=herstellen.
7-1	1014-1016	In	
7-2	1017-1020	den	
7-3	1021-1030	volgenden	
7-4	1031-1036	nacht	
7-5	1037-1042	zocht	
7-6	1043-1046	een	
7-7	1047-1051	yder	
7-8	1051-1052	,	
7-9	1054-1057	zoo	
7-10	1058-1062	veel	
7-11	1063-1070	doenlyk	
7-12	1071-1074	was	
7-13	1074-1075	,	
7-14	1076-1077	'	
7-15	1077-1078	t	
7-16	1079-1083	geen	
7-17	1084-1094	aanstukken	
7-18	1095-1098	was	
7-19	1099-1109	geschooten	
7-20	1110-1112	te	
7-21	1113-1122	hermaaken	
7-22	1123-1125	en	
7-23	1126-1128	te	
7-24	1130-1140	herstellen	
7-25	1140-1141	.	

#Text=Met het aanbreeken van den volgenden dagh laagen de twee vlooten
#Text=
#Text=ontrent een myl van elkandere.
8-1	1142-1145	Met	
8-2	1146-1149	het	
8-3	1150-1160	aanbreeken	
8-4	1161-1164	van	
8-5	1165-1168	den	
8-6	1169-1178	volgenden	
8-7	1179-1183	dagh	
8-8	1184-1190	laagen	
8-9	1191-1193	de	
8-10	1194-1198	twee	
8-11	1199-1206	vlooten	
8-12	1208-1215	ontrent	
8-13	1216-1219	een	
8-14	1220-1223	myl	
8-15	1224-1227	van	
8-16	1228-1237	elkandere	
8-17	1237-1238	.	

#Text=De windt quam uit den Westzuidtwesten, en de 
#Text=Hollanders, die Zuidtoost aan zeilden, werden van d'Engelschen, die Westnoordtwest 
#Text=boven windt van hun laagen, met kleen zeil gevolght.
9-1	1239-1241	De	
9-2	1242-1247	windt	
9-3	1248-1252	quam	
9-4	1253-1256	uit	
9-5	1257-1260	den	
9-6	1261-1276	Westzuidtwesten	
9-7	1276-1277	,	
9-8	1278-1280	en	
9-9	1281-1283	de	
9-10	1285-1295	Hollanders	
9-11	1295-1296	,	
9-12	1297-1300	die	
9-13	1301-1310	Zuidtoost	
9-14	1311-1314	aan	
9-15	1315-1322	zeilden	
9-16	1322-1323	,	
9-17	1324-1330	werden	
9-18	1331-1334	van	
9-19	1335-1347	d'Engelschen	
9-20	1347-1348	,	
9-21	1349-1352	die	
9-22	1353-1367	Westnoordtwest	
9-23	1369-1374	boven	
9-24	1375-1380	windt	
9-25	1381-1384	van	
9-26	1385-1388	hun	
9-27	1389-1395	laagen	
9-28	1395-1396	,	
9-29	1397-1400	met	
9-30	1401-1406	kleen	
9-31	1407-1411	zeil	
9-32	1412-1420	gevolght	
9-33	1420-1421	.	

#Text=De L.
10-1	1422-1424	De	
10-2	1425-1426	L	
10-3	1426-1427	.	

#Text=Admiraal Tromp liet te 
#Text=dier tydt door 't gewoonlyk sein al d'Opperhoofden en Kapiteinen aan zyn boordt 
#Text=koomen, en verstondt, dat het meestendeel der vloot zoo onvoorzien was van 
#Text=oorlogsbehoefte en kruidt, dat hy geen kans zagh om dien dagh tegens den vyandt 
#Text=te konnen uithouden.
11-1	1428-1436	Admiraal	
11-2	1437-1442	Tromp	
11-3	1443-1447	liet	
11-4	1448-1450	te	
11-5	1452-1456	dier	
11-6	1457-1461	tydt	
11-7	1462-1466	door	
11-8	1467-1468	'	
11-9	1468-1469	t	
11-10	1470-1479	gewoonlyk	
11-11	1480-1484	sein	
11-12	1485-1487	al	
11-13	1488-1502	d'Opperhoofden	
11-14	1503-1505	en	
11-15	1506-1516	Kapiteinen	
11-16	1517-1520	aan	
11-17	1521-1524	zyn	
11-18	1525-1531	boordt	
11-19	1533-1539	koomen	
11-20	1539-1540	,	
11-21	1541-1543	en	
11-22	1544-1553	verstondt	
11-23	1553-1554	,	
11-24	1555-1558	dat	
11-25	1559-1562	het	
11-26	1563-1574	meestendeel	
11-27	1575-1578	der	
11-28	1579-1584	vloot	
11-29	1585-1588	zoo	
11-30	1589-1599	onvoorzien	
11-31	1600-1603	was	
11-32	1604-1607	van	
11-33	1609-1624	oorlogsbehoefte	
11-34	1625-1627	en	
11-35	1628-1634	kruidt	
11-36	1634-1635	,	
11-37	1636-1639	dat	
11-38	1640-1642	hy	
11-39	1643-1647	geen	
11-40	1648-1652	kans	
11-41	1653-1657	zagh	
11-42	1658-1660	om	
11-43	1661-1665	dien	
11-44	1666-1670	dagh	
11-45	1671-1677	tegens	
11-46	1678-1681	den	
11-47	1682-1688	vyandt	
11-48	1690-1692	te	
11-49	1693-1699	konnen	
11-50	1700-1709	uithouden	
11-51	1709-1710	.	

#Text=De Viceadmiraal de Wit hadt zoo weinig kruidt en scherp, dat 
#Text=hy 't in drie uuren zoude konnen verschieten, en de Kommandeur de Ruiter noch 
#Text=minder.
12-1	1711-1713	De	
12-2	1714-1726	Viceadmiraal	
12-3	1727-1729	de	
12-4	1730-1733	Wit	
12-5	1734-1738	hadt	
12-6	1739-1742	zoo	
12-7	1743-1749	weinig	
12-8	1750-1756	kruidt	
12-9	1757-1759	en	
12-10	1760-1766	scherp	
12-11	1766-1767	,	
12-12	1768-1771	dat	
12-13	1773-1775	hy	
12-14	1776-1777	'	
12-15	1777-1778	t	
12-16	1779-1781	in	
12-17	1782-1786	drie	
12-18	1787-1792	uuren	
12-19	1793-1798	zoude	
12-20	1799-1805	konnen	
12-21	1806-1817	verschieten	
12-22	1817-1818	,	
12-23	1819-1821	en	
12-24	1822-1824	de	
12-25	1825-1835	Kommandeur	
12-26	1836-1838	de	
12-27	1839-1845	Ruiter	
12-28	1846-1850	noch	
12-29	1852-1858	minder	
12-30	1858-1859	.	

#Text=Verscheide scheepen waaren ook slecht bemant, en hadden veel zieken.
13-1	1860-1870	Verscheide	
13-2	1871-1879	scheepen	
13-3	1880-1886	waaren	
13-4	1887-1890	ook	
13-5	1891-1897	slecht	
13-6	1898-1904	bemant	
13-7	1904-1905	,	
13-8	1906-1908	en	
13-9	1909-1915	hadden	
13-10	1916-1920	veel	
13-11	1921-1927	zieken	
13-12	1927-1928	.	
