#FORMAT=WebAnno TSV 3.3
#T_SP=custom.Span|label
#T_RL=custom.Relation|label|BT_custom.Span


#Text=.
1-1	2-3	.	_	_	_	

#Text=Jn einen Blumengarten
#Text=gehoͤret ſolch erdreich/
#Text=welches nicht zu fett/ auch
#Text=nicht zu mager/ ſondern mittelmaͤſſig ſey: dahero wenn der grund zu geil/
#Text=ſo ſetzet
#Text=
#Text=man etwas ſand hinzu/ und temperiret ihn alſo damit.
2-1	5-7	Jn	_	_	_	
2-2	8-13	einen	_	_	_	
2-3	14-26	Blumengarten	_	_	_	
2-4	27-35	gehoͤret	_	_	_	
2-5	36-41	ſolch	_	_	_	
2-6	42-50	erdreich	_	_	_	
2-7	50-51	/	_	_	_	
2-8	52-59	welches	_	_	_	
2-9	60-65	nicht	_	_	_	
2-10	66-68	zu	_	_	_	
2-11	69-73	fett	_	_	_	
2-12	73-74	/	_	_	_	
2-13	75-79	auch	_	_	_	
2-14	80-85	nicht	_	_	_	
2-15	86-88	zu	_	_	_	
2-16	89-94	mager	_	_	_	
2-17	94-95	/	_	_	_	
2-18	96-103	ſondern	_	_	_	
2-19	104-117	mittelmaͤſſig	_	_	_	
2-20	118-121	ſey	_	_	_	
2-21	121-122	:	_	_	_	
2-22	123-129	dahero	_	_	_	
2-23	130-134	wenn	_	_	_	
2-24	135-138	der	_	_	_	
2-25	139-144	grund	_	_	_	
2-26	145-147	zu	_	_	_	
2-27	148-152	geil	_	_	_	
2-28	152-153	/	_	_	_	
2-29	154-156	ſo	_	_	_	
2-30	157-163	ſetzet	_	_	_	
2-31	165-168	man	_	_	_	
2-32	169-174	etwas	_	_	_	
2-33	175-179	ſand	_	_	_	
2-34	180-185	hinzu	_	_	_	
2-35	185-186	/	_	_	_	
2-36	187-190	und	_	_	_	
2-37	191-201	temperiret	_	_	_	
2-38	202-205	ihn	_	_	_	
2-39	206-210	alſo	_	_	_	
2-40	211-216	damit	_	_	_	
2-41	216-217	.	_	_	_	

#Text=Der geile grund treibet an-
#Text=fangs zu ſtarck/ und bringet alſo zwar ſtarcke ſtengel und viel blaͤtter/ hergegen bleiben
#Text=die Blumen klein: der magere/ weil er nicht kan nahrung gnug geben/ verkleinert
#Text=alles.
3-1	218-221	Der	_	_	_	
3-2	222-227	geile	_	_	_	
3-3	228-233	grund	_	_	_	
3-4	234-241	treibet	_	_	_	
3-5	242-244	an	_	_	_	
3-6	244-245	-	_	_	_	
3-7	246-251	fangs	_	_	_	
3-8	252-254	zu	_	_	_	
3-9	255-261	ſtarck	_	_	_	
3-10	261-262	/	_	_	_	
3-11	263-266	und	_	_	_	
3-12	267-274	bringet	_	_	_	
3-13	275-279	alſo	_	_	_	
3-14	280-284	zwar	_	_	_	
3-15	285-292	ſtarcke	_	_	_	
3-16	293-300	ſtengel	_	_	_	
3-17	301-304	und	_	_	_	
3-18	305-309	viel	_	_	_	
3-19	310-318	blaͤtter	_	_	_	
3-20	318-319	/	_	_	_	
3-21	320-328	hergegen	_	_	_	
3-22	329-336	bleiben	_	_	_	
3-23	337-340	die	_	_	_	
3-24	341-347	Blumen	_	_	_	
3-25	348-353	klein	_	_	_	
3-26	353-354	:	_	_	_	
3-27	355-358	der	_	_	_	
3-28	359-365	magere	_	_	_	
3-29	365-366	/	_	_	_	
3-30	367-371	weil	_	_	_	
3-31	372-374	er	_	_	_	
3-32	375-380	nicht	_	_	_	
3-33	381-384	kan	_	_	_	
3-34	385-392	nahrung	_	_	_	
3-35	393-397	gnug	_	_	_	
3-36	398-403	geben	_	_	_	
3-37	403-404	/	_	_	_	
3-38	405-416	verkleinert	_	_	_	
3-39	417-422	alles	_	_	_	
3-40	422-423	.	_	_	_	

#Text=Sonſt hat eine tuͤchtige Blumen-erde folgende zeichen.
4-1	424-429	Sonſt	_	_	_	
4-2	430-433	hat	_	_	_	
4-3	434-438	eine	_	_	_	
4-4	439-448	tuͤchtige	_	_	_	
4-5	449-460	Blumen-erde	_	_	_	
4-6	461-469	folgende	_	_	_	
4-7	470-477	zeichen	_	_	_	
4-8	477-478	.	_	_	_	

#Text=Jm anſehen muß ſie
#Text=
#Text=ſeyn ſchwartzlecht: im fuͤhlen lucker und leicht/ wenn ſie trucken/ etwas klebrich aber/
#Text=
#Text=wenn ſie mit waſſer durchmenget wird: am geſchmack ſuͤß/ wenn man nemlich ei-
#Text=ne handvoll in ſuͤſſem waſſer zertreibet/ und wieder davon ſeiget: am geruch lieb-
#Text=lich/
#Text=welches ein kennzeichen einer guten temperatur/ iſt aber ein ſtanck dabey/ ſo iſt
#Text=ſie mit ſchweffelhafften/ mineraliſchen/ oder metalliſchen weſen vermenget.
5-1	479-481	Jm	_	_	_	
5-2	482-489	anſehen	_	_	_	
5-3	490-493	muß	_	_	_	
5-4	494-497	ſie	_	_	_	
5-5	499-503	ſeyn	_	_	_	
5-6	504-517	ſchwartzlecht	_	_	_	
5-7	517-518	:	_	_	_	
5-8	519-521	im	_	_	_	
5-9	522-529	fuͤhlen	_	_	_	
5-10	530-536	lucker	_	_	_	
5-11	537-540	und	_	_	_	
5-12	541-547	leicht	_	_	_	
5-13	547-548	/	_	_	_	
5-14	549-553	wenn	_	_	_	
5-15	554-557	ſie	_	_	_	
5-16	558-565	trucken	_	_	_	
5-17	565-566	/	_	_	_	
5-18	567-572	etwas	_	_	_	
5-19	573-581	klebrich	_	_	_	
5-20	582-586	aber	_	_	_	
5-21	586-587	/	_	_	_	
5-22	589-593	wenn	_	_	_	
5-23	594-597	ſie	Smell\_Source	_	_	
5-24	598-601	mit	_	_	_	
5-25	602-608	waſſer	_	_	_	
5-26	609-620	durchmenget	_	_	_	
5-27	621-625	wird	_	_	_	
5-28	625-626	:	_	_	_	
5-29	627-629	am	_	_	_	
5-30	630-639	geſchmack	_	_	_	
5-31	640-644	ſuͤß	_	_	_	
5-32	644-645	/	_	_	_	
5-33	646-650	wenn	_	_	_	
5-34	651-654	man	_	_	_	
5-35	655-662	nemlich	_	_	_	
5-36	663-665	ei	_	_	_	
5-37	665-666	-	_	_	_	
5-38	667-669	ne	_	_	_	
5-39	670-678	handvoll	_	_	_	
5-40	679-681	in	_	_	_	
5-41	682-689	ſuͤſſem	_	_	_	
5-42	690-696	waſſer	_	_	_	
5-43	697-707	zertreibet	_	_	_	
5-44	707-708	/	_	_	_	
5-45	709-712	und	_	_	_	
5-46	713-719	wieder	_	_	_	
5-47	720-725	davon	_	_	_	
5-48	726-732	ſeiget	_	_	_	
5-49	732-733	:	_	_	_	
5-50	734-736	am	_	_	_	
5-51	737-743	geruch	Smell\_Word	*|*	5-52[1_0]|5-23	
5-52	744-748	lieb	Quality[1]	_	_	
5-53	748-749	-	Quality[1]	_	_	
5-54	750-754	lich	Quality[1]	_	_	
5-55	754-755	/	_	_	_	
5-56	756-763	welches	_	_	_	
5-57	764-767	ein	_	_	_	
5-58	768-779	kennzeichen	_	_	_	
5-59	780-785	einer	_	_	_	
5-60	786-791	guten	_	_	_	
5-61	792-802	temperatur	_	_	_	
5-62	802-803	/	_	_	_	
5-63	804-807	iſt	_	_	_	
5-64	808-812	aber	_	_	_	
5-65	813-816	ein	_	_	_	
5-66	817-823	ſtanck	Smell\_Word[2]|Quality[3]	*|*|*	5-66[3_2]|5-67[0_2]|5-72[4_2]	
5-67	824-829	dabey	Smell\_Source	_	_	
5-68	829-830	/	_	_	_	
5-69	831-833	ſo	_	_	_	
5-70	834-837	iſt	_	_	_	
5-71	838-841	ſie	_	_	_	
5-72	842-845	mit	Circumstances[4]	_	_	
5-73	846-862	ſchweffelhafften	Circumstances[4]	_	_	
5-74	862-863	/	Circumstances[4]	_	_	
5-75	864-877	mineraliſchen	Circumstances[4]	_	_	
5-76	877-878	/	Circumstances[4]	_	_	
5-77	879-883	oder	Circumstances[4]	_	_	
5-78	884-896	metalliſchen	Circumstances[4]	_	_	
5-79	897-902	weſen	Circumstances[4]	_	_	
5-80	903-912	vermenget	Circumstances[4]	_	_	
5-81	912-913	.	_	_	_	

#Text=Das
#Text=fertigſte mittel auserwehlte Blumen-erde zu erlangen/ iſt dieſes/ daß man aus einem
#Text=kuͤchen-garten die jenige uͤbertragen laͤſſet/
#Text=welche daſelbſt vorige jahr ſchon dienſt ge-
#Text=than: ſintemahl in derſelben der miſt allbereit zu erde/ und ſein ſtarcker geruch durch
#Text=Sonn und Regen verzehret worden.
#Text=
#Text=
#Text=3.
6-1	914-917	Das	_	_	_	
6-2	918-927	fertigſte	_	_	_	
6-3	928-934	mittel	_	_	_	
6-4	935-946	auserwehlte	_	_	_	
6-5	947-958	Blumen-erde	Smell\_Source	_	_	
6-6	959-961	zu	_	_	_	
6-7	962-970	erlangen	_	_	_	
6-8	970-971	/	_	_	_	
6-9	972-975	iſt	_	_	_	
6-10	976-982	dieſes	_	_	_	
6-11	982-983	/	_	_	_	
6-12	984-987	daß	_	_	_	
6-13	988-991	man	_	_	_	
6-14	992-995	aus	_	_	_	
6-15	996-1001	einem	_	_	_	
6-16	1002-1016	kuͤchen-garten	_	_	_	
6-17	1017-1020	die	_	_	_	
6-18	1021-1027	jenige	_	_	_	
6-19	1028-1039	uͤbertragen	_	_	_	
6-20	1040-1047	laͤſſet	_	_	_	
6-21	1047-1048	/	_	_	_	
6-22	1049-1055	welche	_	_	_	
6-23	1056-1064	daſelbſt	_	_	_	
6-24	1065-1071	vorige	_	_	_	
6-25	1072-1076	jahr	_	_	_	
6-26	1077-1082	ſchon	_	_	_	
6-27	1083-1089	dienſt	_	_	_	
6-28	1090-1092	ge	_	_	_	
6-29	1092-1093	-	_	_	_	
6-30	1094-1098	than	_	_	_	
6-31	1098-1099	:	_	_	_	
6-32	1100-1109	ſintemahl	_	_	_	
6-33	1110-1112	in	_	_	_	
6-34	1113-1122	derſelben	_	_	_	
6-35	1123-1126	der	_	_	_	
6-36	1127-1131	miſt	_	_	_	
6-37	1132-1141	allbereit	_	_	_	
6-38	1142-1144	zu	_	_	_	
6-39	1145-1149	erde	_	_	_	
6-40	1149-1150	/	_	_	_	
6-41	1151-1154	und	_	_	_	
6-42	1155-1159	ſein	Smell\_Source	Anaphoric	6-5	
6-43	1160-1168	ſtarcker	Quality	_	_	
6-44	1169-1175	geruch	Smell\_Word	*|*	6-42|6-43	
6-45	1176-1181	durch	_	_	_	
6-46	1182-1186	Sonn	_	_	_	
6-47	1187-1190	und	_	_	_	
6-48	1191-1196	Regen	_	_	_	
6-49	1197-1206	verzehret	_	_	_	
6-50	1207-1213	worden	_	_	_	
6-51	1213-1214	.	_	_	_	
6-52	1217-1218	3	_	_	_	
6-53	1218-1219	.	_	_	_	

#Text=Von Gelendern
#Text=.
7-1	1220-1223	Von	_	_	_	
7-2	1224-1233	Gelendern	_	_	_	
7-3	1234-1235	.	_	_	_	

#Text=Wenn die bezeunung des gantzen Gartens durch eine Mawr geſchehen/
#Text=ſo
#Text=giebet es einen uͤbelſtand/
#Text=ſie alſo bloß an zuſchawen: und iſt ſo dann von noͤthen/
8-1	1237-1241	Wenn	_	_	_	
8-2	1242-1245	die	_	_	_	
8-3	1246-1255	bezeunung	_	_	_	
8-4	1256-1259	des	_	_	_	
8-5	1260-1267	gantzen	_	_	_	
8-6	1268-1275	Gartens	_	_	_	
8-7	1276-1281	durch	_	_	_	
8-8	1282-1286	eine	_	_	_	
8-9	1287-1291	Mawr	_	_	_	
8-10	1292-1301	geſchehen	_	_	_	
8-11	1301-1302	/	_	_	_	
8-12	1303-1305	ſo	_	_	_	
8-13	1306-1312	giebet	_	_	_	
8-14	1313-1315	es	_	_	_	
8-15	1316-1321	einen	_	_	_	
8-16	1322-1332	uͤbelſtand	_	_	_	
8-17	1332-1333	/	_	_	_	
8-18	1334-1337	ſie	_	_	_	
8-19	1338-1342	alſo	_	_	_	
8-20	1343-1347	bloß	_	_	_	
8-21	1348-1350	an	_	_	_	
8-22	1351-1360	zuſchawen	_	_	_	
8-23	1360-1361	:	_	_	_	
8-24	1362-1365	und	_	_	_	
8-25	1366-1369	iſt	_	_	_	
8-26	1370-1372	ſo	_	_	_	
8-27	1373-1377	dann	_	_	_	
8-28	1378-1381	von	_	_	_	
8-29	1382-1389	noͤthen	_	_	_	
8-30	1389-1390	/	_	_	_	
