#FORMAT=WebAnno TSV 3.3
#T_SP=custom.Span|label


#Text=vornehmlich in Gegenwart von Waſſerdampf.
1-1	2-13	vornehmlich	_	
1-2	14-16	in	_	
1-3	17-26	Gegenwart	_	
1-4	27-30	von	_	
1-5	31-42	Waſſerdampf	_	
1-6	42-43	.	_	

#Text=Weißes, von Aetzbaryt
#Text=ſcheinbar nicht zu unterſcheidendes Pulver.
#Text=— Anwendung:
#Text=Zur Bereitung
#Text=
#Text=von Waſſerſtoffſuperoxyd und zum Bleichen von Seide
2-1	44-50	Weißes	_	
2-2	50-51	,	_	
2-3	52-55	von	_	
2-4	56-65	Aetzbaryt	_	
2-5	66-75	ſcheinbar	_	
2-6	76-81	nicht	_	
2-7	82-84	zu	_	
2-8	85-101	unterſcheidendes	_	
2-9	102-108	Pulver	_	
2-10	108-109	.	_	
2-11	110-111	—	_	
2-12	112-121	Anwendung	_	
2-13	121-122	:	_	
2-14	123-126	Zur	_	
2-15	127-136	Bereitung	_	
2-16	138-141	von	_	
2-17	142-162	Waſſerſtoffſuperoxyd	_	
2-18	163-166	und	_	
2-19	167-170	zum	_	
2-20	171-179	Bleichen	_	
2-21	180-183	von	_	
2-22	184-189	Seide	_	

#Text=.
3-1	189-190	.	_	

#Text=[
#Text=245/0271]
#Text=Salze
4-1	195-196	[	_	
4-2	197-200	245	_	
4-3	200-201	/	_	
4-4	201-205	0271	_	
4-5	205-206	]	_	
4-6	207-212	Salze	_	

#Text=.
5-1	212-213	.	_	

#Text=§ 89.
6-1	215-216	§	_	
6-2	217-219	89	_	
6-3	219-220	.	_	

#Text=Ammoniakſalze.
#Text=
#Text=1.
7-1	221-234	Ammoniakſalze	_	
7-2	234-235	.	_	
7-3	237-238	1	_	
7-4	238-239	.	_	

#Text=Kohlenſaures Ammoniak, Ammoncarbonat, Hirſchhorn-
#Text=ſalz, flüchtiges Laugenſalz, 2 NH4 ·
#Text=HCO3 + (NH4)2 CO3.
8-1	240-252	Kohlenſaures	_	
8-2	253-261	Ammoniak	_	
8-3	261-262	,	_	
8-4	263-276	Ammoncarbonat	_	
8-5	276-277	,	_	
8-6	278-288	Hirſchhorn	_	
8-7	288-289	-	_	
8-8	290-294	ſalz	_	
8-9	294-295	,	_	
8-10	296-306	flüchtiges	_	
8-11	307-317	Laugenſalz	_	
8-12	317-318	,	_	
8-13	319-320	2	_	
8-14	321-324	NH4	_	
8-15	325-326	·	_	
8-16	327-331	HCO3	_	
8-17	332-333	+	_	
8-18	334-335	(	_	
8-19	335-338	NH4	_	
8-20	338-339	)	_	
8-21	339-340	2	_	
8-22	341-344	CO3	_	
8-23	344-345	.	_	

#Text=Weiße,
#Text=harte, klingende, durchſcheinende, faſerig kryſtalliniſche, an der Oberfläche wie
#Text=mit einem körnigen weißen Pulver beſtäubte Maſſen von ſtarkem Ammoniak-
#Text=geruch.
9-1	346-351	Weiße	_	
9-2	351-352	,	_	
9-3	353-358	harte	_	
9-4	358-359	,	_	
9-5	360-369	klingende	_	
9-6	369-370	,	_	
9-7	371-386	durchſcheinende	_	
9-8	386-387	,	_	
9-9	388-395	faſerig	_	
9-10	396-411	kryſtalliniſche	_	
9-11	411-412	,	_	
9-12	413-415	an	_	
9-13	416-419	der	_	
9-14	420-430	Oberfläche	_	
9-15	431-434	wie	_	
9-16	435-438	mit	_	
9-17	439-444	einem	_	
9-18	445-453	körnigen	_	
9-19	454-460	weißen	_	
9-20	461-467	Pulver	_	
9-21	468-477	beſtäubte	_	
9-22	478-484	Maſſen	Smell\_Source	
9-23	485-488	von	_	
9-24	489-496	ſtarkem	Quality	
9-25	497-505	Ammoniak	Smell\_Word[1]	
9-26	505-506	-	Smell\_Word[1]	
9-27	507-513	geruch	Smell\_Word[1]	
9-28	513-514	.	_	

#Text=Beim Erwärmen iſt das Salz völlig flüchtig;
#Text=es löſt ſich in 4
#Text=Tei-
#Text=len Waſſer
#Text=langſam, aber vollkommen;
#Text=die Löſung ſchmeckt ſcharf ſalzig und
#Text=reagiert alkaliſch.
10-1	515-519	Beim	_	
10-2	520-528	Erwärmen	_	
10-3	529-532	iſt	_	
10-4	533-536	das	_	
10-5	537-541	Salz	_	
10-6	542-548	völlig	_	
10-7	549-557	flüchtig	_	
10-8	557-558	;	_	
10-9	559-561	es	_	
10-10	562-566	löſt	_	
10-11	567-571	ſich	_	
10-12	572-574	in	_	
10-13	575-576	4	_	
10-14	577-580	Tei	_	
10-15	580-581	-	_	
10-16	582-585	len	_	
10-17	586-592	Waſſer	_	
10-18	593-600	langſam	_	
10-19	600-601	,	_	
10-20	602-606	aber	_	
10-21	607-617	vollkommen	_	
10-22	617-618	;	_	
10-23	619-622	die	_	
10-24	623-629	Löſung	_	
10-25	630-638	ſchmeckt	_	
10-26	639-645	ſcharf	_	
10-27	646-652	ſalzig	_	
10-28	653-656	und	_	
10-29	657-665	reagiert	_	
10-30	666-675	alkaliſch	_	
10-31	675-676	.	_	

#Text=Es wird fabrikmäßig durch Sublimation von ſchwefel-
#Text=ſaurem Ammoniak und Kreide gewonnen.
11-1	677-679	Es	_	
11-2	680-684	wird	_	
11-3	685-696	fabrikmäßig	_	
11-4	697-702	durch	_	
11-5	703-714	Sublimation	_	
11-6	715-718	von	_	
11-7	719-727	ſchwefel	_	
11-8	727-728	-	_	
11-9	729-735	ſaurem	_	
11-10	736-744	Ammoniak	_	
11-11	745-748	und	_	
11-12	749-755	Kreide	_	
11-13	756-764	gewonnen	_	
11-14	764-765	.	_	

#Text=Da es an der Luft Ammoniak-
#Text=gas abgibt, muß es in verſchloſſenen Gefäßen aufbewahrt werden.
#Text=— An-
#Text=wendung:
#Text=In gleicher Weiſe wie der Salmiakgeiſt zum Neutraliſieren.
12-1	766-768	Da	_	
12-2	769-771	es	_	
12-3	772-774	an	_	
12-4	775-778	der	_	
12-5	779-783	Luft	_	
12-6	784-792	Ammoniak	_	
12-7	792-793	-	_	
12-8	794-797	gas	_	
12-9	798-804	abgibt	_	
12-10	804-805	,	_	
12-11	806-809	muß	_	
12-12	810-812	es	_	
12-13	813-815	in	_	
12-14	816-830	verſchloſſenen	_	
12-15	831-838	Gefäßen	_	
12-16	839-849	aufbewahrt	_	
12-17	850-856	werden	_	
12-18	856-857	.	_	
12-19	858-859	—	_	
12-20	860-862	An	_	
12-21	862-863	-	_	
12-22	864-871	wendung	_	
12-23	871-872	:	_	
12-24	873-875	In	_	
12-25	876-884	gleicher	_	
12-26	885-890	Weiſe	_	
12-27	891-894	wie	_	
12-28	895-898	der	_	
12-29	899-911	Salmiakgeiſt	_	
12-30	912-915	zum	_	
12-31	916-930	Neutraliſieren	_	
12-32	930-931	.	_	
