#FORMAT=WebAnno TSV 3.3


#Text=L'odorat est le sens de l'imagination; donnant aux nerfs un ton plus fort, il doit beaucoup agiter le cerveau; c'est pour cela qu'il ranime un moment le tempérament, &'épuise à la longue.
1-1	0-8	L'odorat	
1-2	9-12	est	
1-3	13-15	le	
1-4	16-20	sens	
1-5	21-23	de	
1-6	24-37	l'imagination	
1-7	37-38	;	
1-8	39-46	donnant	
1-9	47-50	aux	
1-10	51-56	nerfs	
1-11	57-59	un	
1-12	60-63	ton	
1-13	64-68	plus	
1-14	69-73	fort	
1-15	73-74	,	
1-16	75-77	il	
1-17	78-82	doit	
1-18	83-91	beaucoup	
1-19	92-98	agiter	
1-20	99-101	le	
1-21	102-109	cerveau	
1-22	109-110	;	
1-23	111-116	c'est	
1-24	117-121	pour	
1-25	122-126	cela	
1-26	127-132	qu'il	
1-27	133-139	ranime	
1-28	140-142	un	
1-29	143-149	moment	
1-30	150-152	le	
1-31	153-164	tempérament	
1-32	164-165	,	
1-33	166-167	&	
1-34	167-168	'	
1-35	168-174	épuise	
1-36	175-176	à	
1-37	177-179	la	
1-38	180-186	longue	
1-39	186-187	.	

#Text=Il a dans l'amour des effets assez connus; le doux parfum d'un cabinet de toilette n'est pas un piège aussi faible qu'on pense; et je ne sais s'il faut féliciter ou plaindre l'homme sage & peu sensible que l'odeur des fleurs que sa maîtresse a sur le sein ne fit jamais palpiter.
2-1	188-190	Il	
2-2	191-192	a	
2-3	193-197	dans	
2-4	198-205	l'amour	
2-5	206-209	des	
2-6	210-216	effets	
2-7	217-222	assez	
2-8	223-229	connus	
2-9	229-230	;	
2-10	231-233	le	
2-11	234-238	doux	
2-12	239-245	parfum	
2-13	246-250	d'un	
2-14	251-258	cabinet	
2-15	259-261	de	
2-16	262-270	toilette	
2-17	271-276	n'est	
2-18	277-280	pas	
2-19	281-283	un	
2-20	284-289	piège	
2-21	290-295	aussi	
2-22	296-302	faible	
2-23	303-308	qu'on	
2-24	309-314	pense	
2-25	314-315	;	
2-26	316-318	et	
2-27	319-321	je	
2-28	322-324	ne	
2-29	325-329	sais	
2-30	330-334	s'il	
2-31	335-339	faut	
2-32	340-349	féliciter	
2-33	350-352	ou	
2-34	353-361	plaindre	
2-35	362-369	l'homme	
2-36	370-374	sage	
2-37	375-376	&	
2-38	377-380	peu	
2-39	381-389	sensible	
2-40	390-393	que	
2-41	394-401	l'odeur	
2-42	402-405	des	
2-43	406-412	fleurs	
2-44	413-416	que	
2-45	417-419	sa	
2-46	420-429	maîtresse	
2-47	430-431	a	
2-48	432-435	sur	
2-49	436-438	le	
2-50	439-443	sein	
2-51	444-446	ne	
2-52	447-450	fit	
2-53	451-457	jamais	
2-54	458-466	palpiter	
2-55	466-467	.	

#Text=L'odorat ne doit donc pas être fort actif dans le premier âge, où l'imagination, que peu de passions ont encore animée, n'est guère susceptible d'émotion, & où l'on n'a pas encore assez d'expérience pour prévoir avec un sens ce que nous en promet un autre.
3-1	469-477	L'odorat	
3-2	478-480	ne	
3-3	481-485	doit	
3-4	486-490	donc	
3-5	491-494	pas	
3-6	495-499	être	
3-7	500-504	fort	
3-8	505-510	actif	
3-9	511-515	dans	
3-10	516-518	le	
3-11	519-526	premier	
3-12	527-530	âge	
3-13	530-531	,	
3-14	532-534	où	
3-15	535-548	l'imagination	
3-16	548-549	,	
3-17	550-553	que	
3-18	554-557	peu	
3-19	558-560	de	
3-20	561-569	passions	
3-21	570-573	ont	
3-22	574-580	encore	
3-23	581-587	animée	
3-24	587-588	,	
3-25	589-594	n'est	
3-26	595-600	guère	
3-27	601-612	susceptible	
3-28	613-622	d'émotion	
3-29	622-623	,	
3-30	624-625	&	
3-31	626-628	où	
3-32	629-633	l'on	
3-33	634-637	n'a	
3-34	638-641	pas	
3-35	642-648	encore	
3-36	649-654	assez	
3-37	655-667	d'expérience	
3-38	668-672	pour	
3-39	673-680	prévoir	
3-40	681-685	avec	
3-41	686-688	un	
3-42	689-693	sens	
3-43	694-696	ce	
3-44	697-700	que	
3-45	701-705	nous	
3-46	706-708	en	
3-47	709-715	promet	
3-48	716-718	un	
3-49	719-724	autre	
3-50	724-725	.	
