#FORMAT=WebAnno TSV 3.3


#Text=Quemadmodum è contrario hæreditarium, ue ita dicam, fætorem suum deponere videntur corpora, quando tali gaudent textura , ut intestino motu agitata, craffiora , & admodum irregulari figura prædita eorundem corpuscula paulatim fubigi, & in fubtiliores atomos
#Text=
#Text=2.)
1-1	2-13	Quemadmodum	
1-2	14-15	è	
1-3	16-25	contrario	
1-4	26-38	hæreditarium	
1-5	38-39	,	
1-6	40-42	ue	
1-7	43-46	ita	
1-8	47-52	dicam	
1-9	52-53	,	
1-10	54-61	fætorem	
1-11	62-66	suum	
1-12	67-75	deponere	
1-13	76-84	videntur	
1-14	85-92	corpora	
1-15	92-93	,	
1-16	94-100	quando	
1-17	101-105	tali	
1-18	106-113	gaudent	
1-19	114-121	textura	
1-20	122-123	,	
1-21	124-126	ut	
1-22	127-136	intestino	
1-23	137-141	motu	
1-24	142-149	agitata	
1-25	149-150	,	
1-26	151-160	craffiora	
1-27	161-162	,	
1-28	163-164	&	
1-29	165-172	admodum	
1-30	173-183	irregulari	
1-31	184-190	figura	
1-32	191-198	prædita	
1-33	199-207	eorundem	
1-34	208-218	corpuscula	
1-35	219-227	paulatim	
1-36	228-234	fubigi	
1-37	234-235	,	
1-38	236-237	&	
1-39	238-240	in	
1-40	241-252	fubtiliores	
1-41	253-259	atomos	
1-42	261-262	2	
1-43	262-263	.	
1-44	263-264	)	

#Text=Vot_trans
#Text=
#Text=
#Text=
#Text=
#Text=
#Text=transformari queant.
2-1	265-274	Vot_trans	
2-2	280-292	transformari	
2-3	293-299	queant	
2-4	299-300	.	

#Text=Dę Phæn.
3-1	301-303	Dę	
3-2	304-308	Phæn	
3-3	308-309	.	

#Text=XV.
#Text=hoc mihi per(valum habeo: quod, ut ftomacho, ita quos na.
#Text=ribos nimia sacietas faftidium pariat, hinc ex modico intervallo, numero pauciores impetu leviores, & confequenter gratiores percipiuntur odor res; & forte fpatio inter obje&tum, & nares intermedio, fubtiliora odorum corpuscula, crassiuscuJis viam præripiunt, adeo ut hæc, ad motum tardiora, palmam reliquis concedere cogantur.
4-1	310-312	XV	
4-2	312-313	.	
4-3	314-317	hoc	
4-4	318-322	mihi	
4-5	323-326	per	
4-6	326-327	(	
4-7	327-332	valum	
4-8	333-338	habeo	
4-9	338-339	:	
4-10	340-344	quod	
4-11	344-345	,	
4-12	346-348	ut	
4-13	349-357	ftomacho	
4-14	357-358	,	
4-15	359-362	ita	
4-16	363-367	quos	
4-17	368-370	na	
4-18	370-371	.	
4-19	372-377	ribos	
4-20	378-383	nimia	
4-21	384-392	sacietas	
4-22	393-402	faftidium	
4-23	403-409	pariat	
4-24	409-410	,	
4-25	411-415	hinc	
4-26	416-418	ex	
4-27	419-425	modico	
4-28	426-436	intervallo	
4-29	436-437	,	
4-30	438-444	numero	
4-31	445-454	pauciores	
4-32	455-461	impetu	
4-33	462-470	leviores	
4-34	470-471	,	
4-35	472-473	&	
4-36	474-486	confequenter	
4-37	487-496	gratiores	
4-38	497-509	percipiuntur	
4-39	510-514	odor	
4-40	515-518	res	
4-41	518-519	;	
4-42	520-521	&	
4-43	522-527	forte	
4-44	528-534	fpatio	
4-45	535-540	inter	
4-46	541-545	obje	
4-47	545-546	&	
4-48	546-549	tum	
4-49	549-550	,	
4-50	551-552	&	
4-51	553-558	nares	
4-52	559-569	intermedio	
4-53	569-570	,	
4-54	571-581	fubtiliora	
4-55	582-588	odorum	
4-56	589-599	corpuscula	
4-57	599-600	,	
4-58	601-614	crassiuscuJis	
4-59	615-619	viam	
4-60	620-630	præripiunt	
4-61	630-631	,	
4-62	632-636	adeo	
4-63	637-639	ut	
4-64	640-643	hæc	
4-65	643-644	,	
4-66	645-647	ad	
4-67	648-653	motum	
4-68	654-662	tardiora	
4-69	662-663	,	
4-70	664-670	palmam	
4-71	671-679	reliquis	
4-72	680-689	concedere	
4-73	690-698	cogantur	
4-74	698-699	.	

#Text=CAPUT III.
5-1	700-705	CAPUT	
5-2	706-709	III	
5-3	709-710	.	

#Text=De Media odores and organa odoratûs transvebante.
6-1	711-713	De	
6-2	714-719	Media	
6-3	720-726	odores	
6-4	727-730	and	
6-5	731-737	organa	
6-6	738-746	odoratûs	
6-7	747-759	transvebante	
6-8	759-760	.	

#Text=Subtilia odoriferorum effuvia ab Aëre excipi
#Text=
#Text=, co que mediante ad pares transvehi, quoridiana do cet experientia.
7-1	761-769	Subtilia	
7-2	770-782	odoriferorum	
7-3	783-790	effuvia	
7-4	791-793	ab	
7-5	794-798	Aëre	
7-6	799-805	excipi	
7-7	807-808	,	
7-8	809-811	co	
7-9	812-815	que	
7-10	816-824	mediante	
7-11	825-827	ad	
7-12	828-833	pares	
7-13	834-843	transvehi	
7-14	843-844	,	
7-15	845-855	quoridiana	
7-16	856-858	do	
7-17	859-862	cet	
7-18	863-874	experientia	
7-19	874-875	.	

#Text=Non tamen existimandum, Tem ordinario tantum motu suo agitatum, rerum odoratarum particulis, odorarûs organo fufficienter imprimendis, parem effe.
8-1	876-879	Non	
8-2	880-885	tamen	
8-3	886-898	existimandum	
8-4	898-899	,	
8-5	900-903	Tem	
8-6	904-913	ordinario	
8-7	914-920	tantum	
8-8	921-925	motu	
8-9	926-929	suo	
8-10	930-938	agitatum	
8-11	938-939	,	
8-12	940-945	rerum	
8-13	946-956	odoratarum	
8-14	957-967	particulis	
8-15	967-968	,	
8-16	969-977	odorarûs	
8-17	978-984	organo	
8-18	985-997	fufficienter	
8-19	998-1009	imprimendis	
8-20	1009-1010	,	
8-21	1011-1016	parem	
8-22	1017-1021	effe	
8-23	1021-1022	.	

#Text=Ut enim odoris fenfus in nobis exciretur , femper requiritur, vt aër odorum effluviis perfalus, vi aro imperu in nares irrumpat.
9-1	1023-1025	Ut	
9-2	1026-1030	enim	
9-3	1031-1037	odoris	
9-4	1038-1044	fenfus	
9-5	1045-1047	in	
9-6	1048-1053	nobis	
9-7	1054-1063	exciretur	
9-8	1064-1065	,	
9-9	1066-1072	femper	
9-10	1073-1083	requiritur	
9-11	1083-1084	,	
9-12	1085-1087	vt	
9-13	1088-1091	aër	
9-14	1092-1098	odorum	
9-15	1099-1108	effluviis	
9-16	1109-1117	perfalus	
9-17	1117-1118	,	
9-18	1119-1121	vi	
9-19	1122-1125	aro	
9-20	1126-1132	imperu	
9-21	1133-1135	in	
9-22	1136-1141	nares	
9-23	1142-1150	irrumpat	
9-24	1150-1151	.	

#Text=Hoc ftudiofe annotavit Galenus , qui: Si vem, inquit, à propriis wétionis nocidentibus investiga the volumus, Willum odoris fonfum, nifi Piritu naribus at: tratto, moveri videbimus , quamquam ipfe nares quandos
#Text=
#Text=(o) Cal. 1. de infrum; odor: 6.
#Text=3.
10-1	1152-1155	Hoc	
10-2	1156-1164	ftudiofe	
10-3	1165-1174	annotavit	
10-4	1175-1182	Galenus	
10-5	1183-1184	,	
10-6	1185-1188	qui	
10-7	1188-1189	:	
10-8	1190-1192	Si	
10-9	1193-1196	vem	
10-10	1196-1197	,	
10-11	1198-1204	inquit	
10-12	1204-1205	,	
10-13	1206-1207	à	
10-14	1208-1216	propriis	
10-15	1217-1225	wétionis	
10-16	1226-1238	nocidentibus	
10-17	1239-1248	investiga	
10-18	1249-1252	the	
10-19	1253-1260	volumus	
10-20	1260-1261	,	
10-21	1262-1268	Willum	
10-22	1269-1275	odoris	
10-23	1276-1282	fonfum	
10-24	1282-1283	,	
10-25	1284-1288	nifi	
10-26	1289-1295	Piritu	
10-27	1296-1303	naribus	
10-28	1304-1306	at	
10-29	1306-1307	:	
10-30	1308-1314	tratto	
10-31	1314-1315	,	
10-32	1316-1322	moveri	
10-33	1323-1332	videbimus	
10-34	1333-1334	,	
10-35	1335-1343	quamquam	
10-36	1344-1348	ipfe	
10-37	1349-1354	nares	
10-38	1355-1362	quandos	
10-39	1364-1365	(	
10-40	1365-1366	o	
10-41	1366-1367	)	
10-42	1368-1371	Cal	
10-43	1371-1372	.	
10-44	1373-1374	1	
10-45	1374-1375	.	
10-46	1376-1378	de	
10-47	1379-1385	infrum	
10-48	1385-1386	;	
10-49	1387-1391	odor	
10-50	1391-1392	:	
10-51	1393-1394	6	
10-52	1394-1395	.	
10-53	1396-1397	3	
10-54	1397-1398	.	

#Text=vapore
#Text=
#Text=
#Text=
#Text=
#Text=
#Text=ofe (17)
#Text=
#Text=(to vapore etiam vebementer olenté repleta fint, Si quis igie tur in cabiculo admodum angufto bitumen, cafiambe, aut myrrbam, tbusve aut fyracem in suffitum colliquet, ut uther dique circumfufum aërem odore vebementi repleat, mox eundem fic' naribus excipiat; ut attrabere per intervalla longa conetur , bic rei veritatem intelliger.
11-1	1404-1410	vapore	
11-2	1416-1419	ofe	
11-3	1420-1421	(	
11-4	1421-1423	17	
11-5	1423-1424	)	
11-6	1426-1427	(	
11-7	1427-1429	to	
11-8	1430-1436	vapore	
11-9	1437-1442	etiam	
11-10	1443-1453	vebementer	
11-11	1454-1460	olenté	
11-12	1461-1468	repleta	
11-13	1469-1473	fint	
11-14	1473-1474	,	
11-15	1475-1477	Si	
11-16	1478-1482	quis	
11-17	1483-1487	igie	
11-18	1488-1491	tur	
11-19	1492-1494	in	
11-20	1495-1503	cabiculo	
11-21	1504-1511	admodum	
11-22	1512-1519	angufto	
11-23	1520-1527	bitumen	
11-24	1527-1528	,	
11-25	1529-1537	cafiambe	
11-26	1537-1538	,	
11-27	1539-1542	aut	
11-28	1543-1550	myrrbam	
11-29	1550-1551	,	
11-30	1552-1558	tbusve	
11-31	1559-1562	aut	
11-32	1563-1570	fyracem	
11-33	1571-1573	in	
11-34	1574-1582	suffitum	
11-35	1583-1592	colliquet	
11-36	1592-1593	,	
11-37	1594-1596	ut	
11-38	1597-1602	uther	
11-39	1603-1608	dique	
11-40	1609-1620	circumfufum	
11-41	1621-1626	aërem	
11-42	1627-1632	odore	
11-43	1633-1642	vebementi	
11-44	1643-1650	repleat	
11-45	1650-1651	,	
11-46	1652-1655	mox	
11-47	1656-1662	eundem	
11-48	1663-1666	fic	
11-49	1666-1667	'	
11-50	1668-1675	naribus	
11-51	1676-1684	excipiat	
11-52	1684-1685	;	
11-53	1686-1688	ut	
11-54	1689-1698	attrabere	
11-55	1699-1702	per	
11-56	1703-1713	intervalla	
11-57	1714-1719	longa	
11-58	1720-1727	conetur	
11-59	1728-1729	,	
11-60	1730-1733	bic	
11-61	1734-1737	rei	
11-62	1738-1747	veritatem	
11-63	1748-1758	intelliger	
11-64	1758-1759	.	

#Text=Siquidem tame tummodo, duin fpiritum adducet , odorem fentiet: interjeEtis autem temporibus, cum piritum continebit , odorem nullum percipiet , quamquam nares olenti vapore repleia funt: boc idem eveniet, fi in ipfus aliquid vebementis odoris infilles, nam ita quog folo attracti piritâs tempore odorem percipies.
12-1	1760-1768	Siquidem	
12-2	1769-1773	tame	
12-3	1774-1781	tummodo	
12-4	1781-1782	,	
12-5	1783-1787	duin	
12-6	1788-1796	fpiritum	
12-7	1797-1804	adducet	
12-8	1805-1806	,	
12-9	1807-1813	odorem	
12-10	1814-1821	fentiet	
12-11	1821-1822	:	
12-12	1823-1834	interjeEtis	
12-13	1835-1840	autem	
12-14	1841-1851	temporibus	
12-15	1851-1852	,	
12-16	1853-1856	cum	
12-17	1857-1864	piritum	
12-18	1865-1875	continebit	
12-19	1876-1877	,	
12-20	1878-1884	odorem	
12-21	1885-1891	nullum	
12-22	1892-1901	percipiet	
12-23	1902-1903	,	
12-24	1904-1912	quamquam	
12-25	1913-1918	nares	
12-26	1919-1925	olenti	
12-27	1926-1932	vapore	
12-28	1933-1940	repleia	
12-29	1941-1945	funt	
12-30	1945-1946	:	
12-31	1947-1950	boc	
12-32	1951-1955	idem	
12-33	1956-1963	eveniet	
12-34	1963-1964	,	
12-35	1965-1967	fi	
12-36	1968-1970	in	
12-37	1971-1976	ipfus	
12-38	1977-1984	aliquid	
12-39	1985-1995	vebementis	
12-40	1996-2002	odoris	
12-41	2003-2011	infilles	
12-42	2011-2012	,	
12-43	2013-2016	nam	
12-44	2017-2020	ita	
12-45	2021-2025	quog	
12-46	2026-2030	folo	
12-47	2031-2039	attracti	
12-48	2040-2047	piritâs	
12-49	2048-2055	tempore	
12-50	2056-2062	odorem	
12-51	2063-2072	percipies	
12-52	2072-2073	.	

#Text=Huc etiam facit Celeb: Loweri experimentum.
13-1	2074-2077	Huc	
13-2	2078-2083	etiam	
13-3	2084-2089	facit	
13-4	2090-2095	Celeb	
13-5	2095-2096	:	
13-6	2097-2103	Loweri	
13-7	2104-2116	experimentum	
13-8	2116-2117	.	

#Text=Dexterrimus hic anatomicus, referente Cel: Gualtero Needham, (P) cani arteriam afperam in jugulo præscidit, camque, vulnere cere.
#Text=rà fanato, extrorsum vertit , ut non per os & na res, fed prorfus per guitur fpiraret animal, His rite peractis, observavit canem non vocem folam, fed etiam olfactum penitus amififfe: nam ne teterrimis quidem odoribus excitari potuit.
14-1	2118-2129	Dexterrimus	
14-2	2130-2133	hic	
14-3	2134-2144	anatomicus	
14-4	2144-2145	,	
14-5	2146-2155	referente	
14-6	2156-2159	Cel	
14-7	2159-2160	:	
14-8	2161-2169	Gualtero	
14-9	2170-2177	Needham	
14-10	2177-2178	,	
14-11	2179-2180	(	
14-12	2180-2181	P	
14-13	2181-2182	)	
14-14	2183-2187	cani	
14-15	2188-2196	arteriam	
14-16	2197-2204	afperam	
14-17	2205-2207	in	
14-18	2208-2214	jugulo	
14-19	2215-2224	præscidit	
14-20	2224-2225	,	
14-21	2226-2232	camque	
14-22	2232-2233	,	
14-23	2234-2241	vulnere	
14-24	2242-2246	cere	
14-25	2246-2247	.	
14-26	2248-2250	rà	
14-27	2251-2257	fanato	
14-28	2257-2258	,	
14-29	2259-2268	extrorsum	
14-30	2269-2275	vertit	
14-31	2276-2277	,	
14-32	2278-2280	ut	
14-33	2281-2284	non	
14-34	2285-2288	per	
14-35	2289-2291	os	
14-36	2292-2293	&	
14-37	2294-2296	na	
14-38	2297-2300	res	
14-39	2300-2301	,	
14-40	2302-2305	fed	
14-41	2306-2313	prorfus	
14-42	2314-2317	per	
14-43	2318-2324	guitur	
14-44	2325-2333	fpiraret	
14-45	2334-2340	animal	
14-46	2340-2341	,	
14-47	2342-2345	His	
14-48	2346-2350	rite	
14-49	2351-2359	peractis	
14-50	2359-2360	,	
14-51	2361-2371	observavit	
14-52	2372-2377	canem	
14-53	2378-2381	non	
14-54	2382-2387	vocem	
14-55	2388-2393	folam	
14-56	2393-2394	,	
14-57	2395-2398	fed	
14-58	2399-2404	etiam	
14-59	2405-2413	olfactum	
14-60	2414-2421	penitus	
14-61	2422-2430	amififfe	
14-62	2430-2431	:	
14-63	2432-2435	nam	
14-64	2436-2438	ne	
14-65	2439-2449	teterrimis	
14-66	2450-2456	quidem	
14-67	2457-2465	odoribus	
14-68	2466-2474	excitari	
14-69	2475-2481	potuit	
14-70	2481-2482	.	

#Text=Ex quibus omnibus haut obscure cernimus, quanta aeris, ad olfa&us fenfum in nobis producendum, sit neceffitas: quæ etiam ex eo elucescit, quod accuratius olfa&uri, os clavderc foleamus; ore quippe claufo, majori cum impetu, quám eodem aperto, С
#Text=
#Text=aér (P) Disquific anajomic, de formato fatw 6.-6. baut pros
#Text=
#Text=Cicul à fine.
#Text=eo doo
#Text=
#Text=
#Text=
#Text=
#Text=
#Text=aër nares ingreditur, & confequenter fortius etiam in narium membranas impingunt odorifera, quæ aër secum vehit, corpuscula.
#Text=$.
15-1	2483-2485	Ex	
15-2	2486-2492	quibus	
15-3	2493-2500	omnibus	
15-4	2501-2505	haut	
15-5	2506-2513	obscure	
15-6	2514-2522	cernimus	
15-7	2522-2523	,	
15-8	2524-2530	quanta	
15-9	2531-2536	aeris	
15-10	2536-2537	,	
15-11	2538-2540	ad	
15-12	2541-2545	olfa	
15-13	2545-2546	&	
15-14	2546-2548	us	
15-15	2549-2555	fenfum	
15-16	2556-2558	in	
15-17	2559-2564	nobis	
15-18	2565-2576	producendum	
15-19	2576-2577	,	
15-20	2578-2581	sit	
15-21	2582-2592	neceffitas	
15-22	2592-2593	:	
15-23	2594-2597	quæ	
15-24	2598-2603	etiam	
15-25	2604-2606	ex	
15-26	2607-2609	eo	
15-27	2610-2619	elucescit	
15-28	2619-2620	,	
15-29	2621-2625	quod	
15-30	2626-2636	accuratius	
15-31	2637-2641	olfa	
15-32	2641-2642	&	
15-33	2642-2645	uri	
15-34	2645-2646	,	
15-35	2647-2649	os	
15-36	2650-2658	clavderc	
15-37	2659-2667	foleamus	
15-38	2667-2668	;	
15-39	2669-2672	ore	
15-40	2673-2679	quippe	
15-41	2680-2686	claufo	
15-42	2686-2687	,	
15-43	2688-2694	majori	
15-44	2695-2698	cum	
15-45	2699-2705	impetu	
15-46	2705-2706	,	
15-47	2707-2711	quám	
15-48	2712-2717	eodem	
15-49	2718-2724	aperto	
15-50	2724-2725	,	
15-51	2726-2727	С	
15-52	2729-2732	aér	
15-53	2733-2734	(	
15-54	2734-2735	P	
15-55	2735-2736	)	
15-56	2737-2746	Disquific	
15-57	2747-2755	anajomic	
15-58	2755-2756	,	
15-59	2757-2759	de	
15-60	2760-2767	formato	
15-61	2768-2772	fatw	
15-62	2773-2774	6	
15-63	2774-2775	.	
15-64	2775-2776	-	
15-65	2776-2777	6	
15-66	2777-2778	.	
15-67	2779-2783	baut	
15-68	2784-2788	pros	
15-69	2790-2795	Cicul	
15-70	2796-2797	à	
15-71	2798-2802	fine	
15-72	2802-2803	.	
15-73	2804-2806	eo	
15-74	2807-2810	doo	
15-75	2816-2819	aër	
15-76	2820-2825	nares	
15-77	2826-2836	ingreditur	
15-78	2836-2837	,	
15-79	2838-2839	&	
15-80	2840-2852	confequenter	
15-81	2853-2860	fortius	
15-82	2861-2866	etiam	
15-83	2867-2869	in	
15-84	2870-2876	narium	
15-85	2877-2886	membranas	
15-86	2887-2896	impingunt	
15-87	2897-2906	odorifera	
15-88	2906-2907	,	
15-89	2908-2911	quæ	
15-90	2912-2915	aër	
15-91	2916-2921	secum	
15-92	2922-2927	vehit	
15-93	2927-2928	,	
15-94	2929-2939	corpuscula	
15-95	2939-2940	.	
15-96	2941-2942	$	
15-97	2942-2943	.	
