#FORMAT=WebAnno TSV 3.3


#Text=Weiter wird auch ein gruͤnes Oel
#Text=aus dem Anis gepreßt, welches ſehr
#Text=ſtarck riecht, und alle Eigenſchafften mit
#Text=dem weiſſen gemein hat, nur daß es nicht
#Text=ſo gar kraͤftig iſt,
#Text=weil man es zwar in
#Text=groͤßrer Menge, aber nicht ſo rein und
#Text=
#Text=purifi-
#Text=
#Text=\f
#Text=[0036]
#Text=
#Text=
#Text=Der Spezereyen und Materialien
#Text=
#Text=
#Text=purificiret bekommt;
#Text=wie Charras in
#Text=ſeiner Koͤniglichen Apotheckerkunſt an-
#Text=mercket: deme wir, als deſſen Erfinder,
#Text=Danck ſchuldig ſind.
1-1	5-11	Weiter	
1-2	12-16	wird	
1-3	17-21	auch	
1-4	22-25	ein	
1-5	26-33	gruͤnes	
1-6	34-37	Oel	
1-7	38-41	aus	
1-8	42-45	dem	
1-9	46-50	Anis	
1-10	51-58	gepreßt	
1-11	58-59	,	
1-12	60-67	welches	
1-13	68-72	ſehr	
1-14	73-79	ſtarck	
1-15	80-86	riecht	
1-16	86-87	,	
1-17	88-91	und	
1-18	92-96	alle	
1-19	97-111	Eigenſchafften	
1-20	112-115	mit	
1-21	116-119	dem	
1-22	120-127	weiſſen	
1-23	128-134	gemein	
1-24	135-138	hat	
1-25	138-139	,	
1-26	140-143	nur	
1-27	144-147	daß	
1-28	148-150	es	
1-29	151-156	nicht	
1-30	157-159	ſo	
1-31	160-163	gar	
1-32	164-172	kraͤftig	
1-33	173-176	iſt	
1-34	176-177	,	
1-35	178-182	weil	
1-36	183-186	man	
1-37	187-189	es	
1-38	190-194	zwar	
1-39	195-197	in	
1-40	198-206	groͤßrer	
1-41	207-212	Menge	
1-42	212-213	,	
1-43	214-218	aber	
1-44	219-224	nicht	
1-45	225-227	ſo	
1-46	228-232	rein	
1-47	233-236	und	
1-48	238-244	purifi	
1-49	244-245	-	
1-50	249-250	[	
1-51	250-254	0036	
1-52	254-255	]	
1-53	258-261	Der	
1-54	262-272	Spezereyen	
1-55	273-276	und	
1-56	277-288	Materialien	
1-57	291-302	purificiret	
1-58	303-310	bekommt	
1-59	310-311	;	
1-60	312-315	wie	
1-61	316-323	Charras	
1-62	324-326	in	
1-63	327-333	ſeiner	
1-64	334-346	Koͤniglichen	
1-65	347-362	Apotheckerkunſt	
1-66	363-365	an	
1-67	365-366	-	
1-68	367-374	mercket	
1-69	374-375	:	
1-70	376-380	deme	
1-71	381-384	wir	
1-72	384-385	,	
1-73	386-389	als	
1-74	390-396	deſſen	
1-75	397-405	Erfinder	
1-76	405-406	,	
1-77	407-412	Danck	
1-78	413-421	ſchuldig	
1-79	422-426	ſind	
1-80	426-427	.	

#Text=Das weiſſe bekommen wir aus Hol-
#Text=land, theils, weil es weniger koſtet, theils
#Text=aber, weil es viel weiſſer und klaͤrer, auch
#Text=ſtaͤrcker von Geruch iſt, denn das in
#Text=Franckreich bereitet wird.
2-1	431-434	Das	
2-2	435-441	weiſſe	
2-3	442-450	bekommen	
2-4	451-454	wir	
2-5	455-458	aus	
2-6	459-462	Hol	
2-7	462-463	-	
2-8	464-468	land	
2-9	468-469	,	
2-10	470-476	theils	
2-11	476-477	,	
2-12	478-482	weil	
2-13	483-485	es	
2-14	486-493	weniger	
2-15	494-500	koſtet	
2-16	500-501	,	
2-17	502-508	theils	
2-18	509-513	aber	
2-19	513-514	,	
2-20	515-519	weil	
2-21	520-522	es	
2-22	523-527	viel	
2-23	528-535	weiſſer	
2-24	536-539	und	
2-25	540-547	klaͤrer	
2-26	547-548	,	
2-27	549-553	auch	
2-28	554-563	ſtaͤrcker	
2-29	564-567	von	
2-30	568-574	Geruch	
2-31	575-578	iſt	
2-32	578-579	,	
2-33	580-584	denn	
2-34	585-588	das	
2-35	589-591	in	
2-36	592-603	Franckreich	
2-37	604-612	bereitet	
2-38	613-617	wird	
2-39	617-618	.	

#Text=Ob hieran der
#Text=Anis Schuld, oder ob ſie hierzu ein ſonder-
#Text=liches Menſtruum gebrauchen, ſolches iſt
#Text=uns unbekannt: wiewohl ich dennoch
#Text=verſichern wolte, daß in Paris eben ſo
#Text=wohl dergleichen Leute zu finden, die es
#Text=gleich ſo gut, als die in Holland, machen
#Text=
#Text=duͤrfften;
#Text=doch glaube ich gantz gerne,
#Text=daß es auch wohl noch eins ſo hoch zu
#Text=ſtehen kommen duͤrffte.
3-1	619-621	Ob	
3-2	622-628	hieran	
3-3	629-632	der	
3-4	633-637	Anis	
3-5	638-644	Schuld	
3-6	644-645	,	
3-7	646-650	oder	
3-8	651-653	ob	
3-9	654-657	ſie	
3-10	658-664	hierzu	
3-11	665-668	ein	
3-12	669-675	ſonder	
3-13	675-676	-	
3-14	677-683	liches	
3-15	684-693	Menſtruum	
3-16	694-704	gebrauchen	
3-17	704-705	,	
3-18	706-713	ſolches	
3-19	714-717	iſt	
3-20	718-721	uns	
3-21	722-731	unbekannt	
3-22	731-732	:	
3-23	733-740	wiewohl	
3-24	741-744	ich	
3-25	745-752	dennoch	
3-26	753-763	verſichern	
3-27	764-769	wolte	
3-28	769-770	,	
3-29	771-774	daß	
3-30	775-777	in	
3-31	778-783	Paris	
3-32	784-788	eben	
3-33	789-791	ſo	
3-34	792-796	wohl	
3-35	797-808	dergleichen	
3-36	809-814	Leute	
3-37	815-817	zu	
3-38	818-824	finden	
3-39	824-825	,	
3-40	826-829	die	
3-41	830-832	es	
3-42	833-839	gleich	
3-43	840-842	ſo	
3-44	843-846	gut	
3-45	846-847	,	
3-46	848-851	als	
3-47	852-855	die	
3-48	856-858	in	
3-49	859-866	Holland	
3-50	866-867	,	
3-51	868-874	machen	
3-52	876-885	duͤrfften	
3-53	885-886	;	
3-54	887-891	doch	
3-55	892-898	glaube	
3-56	899-902	ich	
3-57	903-908	gantz	
3-58	909-914	gerne	
3-59	914-915	,	
3-60	916-919	daß	
3-61	920-922	es	
3-62	923-927	auch	
3-63	928-932	wohl	
3-64	933-937	noch	
3-65	938-942	eins	
3-66	943-945	ſo	
3-67	946-950	hoch	
3-68	951-953	zu	
3-69	954-960	ſtehen	
3-70	961-967	kommen	
3-71	968-976	duͤrffte	
3-72	976-977	.	

#Text=Wie gedacht,
#Text=es muß weiß, klar und helle ſeyn, ſtarck
#Text=riechen, von der geringſten Kaͤlte zuſam-
#Text=men lauffen, und bey der gelindeſten
#Text=Waͤꝛme wiederum zerflieſſen, auch, wenn
#Text=mans ins Waſſer thut, oben auf ſchwim-
#Text=men.
4-1	978-981	Wie	
4-2	982-989	gedacht	
4-3	989-990	,	
4-4	991-993	es	
4-5	994-997	muß	
4-6	998-1002	weiß	
4-7	1002-1003	,	
4-8	1004-1008	klar	
4-9	1009-1012	und	
4-10	1013-1018	helle	
4-11	1019-1023	ſeyn	
4-12	1023-1024	,	
4-13	1025-1031	ſtarck	
4-14	1032-1039	riechen	
4-15	1039-1040	,	
4-16	1041-1044	von	
4-17	1045-1048	der	
4-18	1049-1059	geringſten	
4-19	1060-1066	Kaͤlte	
4-20	1067-1072	zuſam	
4-21	1072-1073	-	
4-22	1074-1077	men	
4-23	1078-1085	lauffen	
4-24	1085-1086	,	
4-25	1087-1090	und	
4-26	1091-1094	bey	
4-27	1095-1098	der	
4-28	1099-1110	gelindeſten	
4-29	1111-1117	Waͤꝛme	
4-30	1118-1126	wiederum	
4-31	1127-1138	zerflieſſen	
4-32	1138-1139	,	
4-33	1140-1144	auch	
4-34	1144-1145	,	
4-35	1146-1150	wenn	
4-36	1151-1155	mans	
4-37	1156-1159	ins	
4-38	1160-1166	Waſſer	
4-39	1167-1171	thut	
4-40	1171-1172	,	
4-41	1173-1177	oben	
4-42	1178-1181	auf	
4-43	1182-1188	ſchwim	
4-44	1188-1189	-	
4-45	1190-1193	men	
4-46	1193-1194	.	

#Text=Sonſt wird es insgemein
#Text=Eſſen-
#Text=tia und Quinta Eſſentia Aniſi geheiſſen.
5-1	1195-1200	Sonſt	
5-2	1201-1205	wird	
5-3	1206-1208	es	
5-4	1209-1218	insgemein	
5-5	1219-1224	Eſſen	
5-6	1224-1225	-	
5-7	1226-1229	tia	
5-8	1230-1233	und	
5-9	1234-1240	Quinta	
5-10	1241-1249	Eſſentia	
5-11	1250-1255	Aniſi	
5-12	1256-1265	geheiſſen	
5-13	1265-1266	.	

#Text=Das Waſſer, welches zuſammt dem
#Text=Oele heruͤber gehet, dienet zu gleichen
#Text=Zufaͤllen, alleine, man muß ſein ein gut
#Text=Theil mehr nehmen.
6-1	1270-1273	Das	
6-2	1274-1280	Waſſer	
6-3	1280-1281	,	
6-4	1282-1289	welches	
6-5	1290-1297	zuſammt	
6-6	1298-1301	dem	
6-7	1302-1306	Oele	
6-8	1307-1315	heruͤber	
6-9	1316-1321	gehet	
6-10	1321-1322	,	
6-11	1323-1329	dienet	
6-12	1330-1332	zu	
6-13	1333-1341	gleichen	
6-14	1342-1351	Zufaͤllen	
6-15	1351-1352	,	
6-16	1353-1360	alleine	
6-17	1360-1361	,	
6-18	1362-1365	man	
6-19	1366-1369	muß	
6-20	1370-1374	ſein	
6-21	1375-1378	ein	
6-22	1379-1382	gut	
6-23	1383-1388	Theil	
6-24	1389-1393	mehr	
6-25	1394-1400	nehmen	
6-26	1400-1401	.	

#Text=Das dreyzehende Capitel.
7-1	1406-1409	Das	
7-2	1410-1421	dreyzehende	
7-3	1422-1429	Capitel	
7-4	1429-1430	.	

#Text=Vom Coriander.
8-1	1433-1436	Vom	
8-2	1437-1446	Coriander	
8-3	1446-1447	.	

#Text=DEr Coriander iſt
9-1	1450-1453	DEr	
9-2	1454-1463	Coriander	
9-3	1464-1467	iſt	
