#FORMAT=WebAnno TSV 3.3


#Text=dat de Barnsteen een in
#Text=Bitumineuze Stoffen gevormd weezen is; en
#Text=
#Text=J. le Francq van Berkhey, Natuurlyke historie van Holland.
1-1	0-3	dat	
1-2	4-6	de	
1-3	7-16	Barnsteen	
1-4	17-20	een	
1-5	21-23	in	
1-6	24-35	Bitumineuze	
1-7	36-43	Stoffen	
1-8	44-51	gevormd	
1-9	52-58	weezen	
1-10	59-61	is	
1-11	61-62	;	
1-12	63-65	en	
1-13	67-68	J	
1-14	68-69	.	
1-15	70-72	le	
1-16	73-79	Francq	
1-17	80-83	van	
1-18	84-91	Berkhey	
1-19	91-92	,	
1-20	93-103	Natuurlyke	
1-21	104-112	historie	
1-22	113-116	van	
1-23	117-124	Holland	
1-24	124-125	.	

#Text=Deel 2
#Text=
#Text=\f
#Text=928
#Text=+
#Text=
#Text=
#Text=gevolglyk, noch tot het Ryk der Dieren, noch dat der Planten, maar tot dat der
#Text=Delfstoffen behoort.
2-1	126-130	Deel	
2-2	131-132	2	
2-3	136-139	928	
2-4	140-141	+	
2-5	144-153	gevolglyk	
2-6	153-154	,	
2-7	155-159	noch	
2-8	160-163	tot	
2-9	164-167	het	
2-10	168-171	Ryk	
2-11	172-175	der	
2-12	176-182	Dieren	
2-13	182-183	,	
2-14	184-188	noch	
2-15	189-192	dat	
2-16	193-196	der	
2-17	197-204	Planten	
2-18	204-205	,	
2-19	206-210	maar	
2-20	211-214	tot	
2-21	215-218	dat	
2-22	219-222	der	
2-23	223-234	Delfstoffen	
2-24	235-242	behoort	
2-25	242-243	.	

#Text=In deeze Stoffen nu, by de Ouden zeer hoog geagt, Electrum, +DELFSTOFFEN.
3-1	244-246	In	
3-2	247-252	deeze	
3-3	253-260	Stoffen	
3-4	261-263	nu	
3-5	263-264	,	
3-6	265-267	by	
3-7	268-270	de	
3-8	271-276	Ouden	
3-9	277-281	zeer	
3-10	282-286	hoog	
3-11	287-292	geagt	
3-12	292-293	,	
3-13	294-302	Electrum	
3-14	302-303	,	
3-15	304-305	+	
3-16	305-316	DELFSTOFFEN	
3-17	316-317	.	

#Text=of ook wel met eene Persische benaaming Karabé, zoo veel als Stroo-trekker, en
#Text=meer andere naamen, bekend, heeft men inzonderheid de volgende merkwaardige
#Text=eigenschappen
4-1	319-321	of	
4-2	322-325	ook	
4-3	326-329	wel	
4-4	330-333	met	
4-5	334-338	eene	
4-6	339-348	Persische	
4-7	349-358	benaaming	
4-8	359-365	Karabé	
4-9	365-366	,	
4-10	367-370	zoo	
4-11	371-375	veel	
4-12	376-379	als	
4-13	380-393	Stroo-trekker	
4-14	393-394	,	
4-15	395-397	en	
4-16	398-402	meer	
4-17	403-409	andere	
4-18	410-416	naamen	
4-19	416-417	,	
4-20	418-424	bekend	
4-21	424-425	,	
4-22	426-431	heeft	
4-23	432-435	men	
4-24	436-448	inzonderheid	
4-25	449-451	de	
4-26	452-460	volgende	
4-27	461-473	merkwaardige	
4-28	474-487	eigenschappen	

#Text=.
5-1	487-488	.	

#Text=(1)
#Text=Barnsteen is een hard, vast, byna steenagtig lichaam, dat veelal glimmende of
#Text=doorschynende, zeer breekbaar, en ligtlyk te gruizen is;
#Text=dog tot een grof gruis gebragt
#Text=zynde, laat het zig niet dan moeilyk tot een fyn poeder brengen, uit hoofde eener
#Text=taaiheid, die het door 't stampen verkrygt.
#Text=(2)
#Text=Barnsteen word vloeibaar op het vuur,
#Text=en ontvlamt, maar heeft eene rooder vlam dan de Zwavel: dezelve word door branding
#Text=donkerer, ja zwart, en geeft een waassem of rook af, van een Zwaveligen, dog
#Text=niettemin voor sommigen zeer aangenaamen reuk. (3) Als de Barnsteen, tot warm
#Text=wordens toe, gewreeven is, verspreid dezelve een lieflyken reuk; en trekt gereedlyk
#Text=ligte Stoffen, als Papier, Stroo, Veertjes en dergelyken, tot zig.
6-1	490-491	(	
6-2	491-492	1	
6-3	492-493	)	
6-4	494-503	Barnsteen	
6-5	504-506	is	
6-6	507-510	een	
6-7	511-515	hard	
6-8	515-516	,	
6-9	517-521	vast	
6-10	521-522	,	
6-11	523-527	byna	
6-12	528-538	steenagtig	
6-13	539-546	lichaam	
6-14	546-547	,	
6-15	548-551	dat	
6-16	552-558	veelal	
6-17	559-568	glimmende	
6-18	569-571	of	
6-19	572-585	doorschynende	
6-20	585-586	,	
6-21	587-591	zeer	
6-22	592-601	breekbaar	
6-23	601-602	,	
6-24	603-605	en	
6-25	606-613	ligtlyk	
6-26	614-616	te	
6-27	617-624	gruizen	
6-28	625-627	is	
6-29	627-628	;	
6-30	629-632	dog	
6-31	633-636	tot	
6-32	637-640	een	
6-33	641-645	grof	
6-34	646-651	gruis	
6-35	652-659	gebragt	
6-36	660-665	zynde	
6-37	665-666	,	
6-38	667-671	laat	
6-39	672-675	het	
6-40	676-679	zig	
6-41	680-684	niet	
6-42	685-688	dan	
6-43	689-696	moeilyk	
6-44	697-700	tot	
6-45	701-704	een	
6-46	705-708	fyn	
6-47	709-715	poeder	
6-48	716-723	brengen	
6-49	723-724	,	
6-50	725-728	uit	
6-51	729-735	hoofde	
6-52	736-741	eener	
6-53	742-750	taaiheid	
6-54	750-751	,	
6-55	752-755	die	
6-56	756-759	het	
6-57	760-764	door	
6-58	765-766	'	
6-59	766-767	t	
6-60	768-775	stampen	
6-61	776-784	verkrygt	
6-62	784-785	.	
6-63	786-787	(	
6-64	787-788	2	
6-65	788-789	)	
6-66	790-799	Barnsteen	
6-67	800-804	word	
6-68	805-814	vloeibaar	
6-69	815-817	op	
6-70	818-821	het	
6-71	822-826	vuur	
6-72	826-827	,	
6-73	828-830	en	
6-74	831-839	ontvlamt	
6-75	839-840	,	
6-76	841-845	maar	
6-77	846-851	heeft	
6-78	852-856	eene	
6-79	857-863	rooder	
6-80	864-868	vlam	
6-81	869-872	dan	
6-82	873-875	de	
6-83	876-882	Zwavel	
6-84	882-883	:	
6-85	884-891	dezelve	
6-86	892-896	word	
6-87	897-901	door	
6-88	902-910	branding	
6-89	911-919	donkerer	
6-90	919-920	,	
6-91	921-923	ja	
6-92	924-929	zwart	
6-93	929-930	,	
6-94	931-933	en	
6-95	934-939	geeft	
6-96	940-943	een	
6-97	944-951	waassem	
6-98	952-954	of	
6-99	955-959	rook	
6-100	960-962	af	
6-101	962-963	,	
6-102	964-967	van	
6-103	968-971	een	
6-104	972-982	Zwaveligen	
6-105	982-983	,	
6-106	984-987	dog	
6-107	988-997	niettemin	
6-108	998-1002	voor	
6-109	1003-1011	sommigen	
6-110	1012-1016	zeer	
6-111	1017-1028	aangenaamen	
6-112	1029-1033	reuk	
6-113	1033-1034	.	
6-114	1035-1036	(	
6-115	1036-1037	3	
6-116	1037-1038	)	
6-117	1039-1042	Als	
6-118	1043-1045	de	
6-119	1046-1055	Barnsteen	
6-120	1055-1056	,	
6-121	1057-1060	tot	
6-122	1061-1065	warm	
6-123	1066-1073	wordens	
6-124	1074-1077	toe	
6-125	1077-1078	,	
6-126	1079-1088	gewreeven	
6-127	1089-1091	is	
6-128	1091-1092	,	
6-129	1093-1102	verspreid	
6-130	1103-1110	dezelve	
6-131	1111-1114	een	
6-132	1115-1124	lieflyken	
6-133	1125-1129	reuk	
6-134	1129-1130	;	
6-135	1131-1133	en	
6-136	1134-1139	trekt	
6-137	1140-1149	gereedlyk	
6-138	1150-1155	ligte	
6-139	1156-1163	Stoffen	
6-140	1163-1164	,	
6-141	1165-1168	als	
6-142	1169-1175	Papier	
6-143	1175-1176	,	
6-144	1177-1182	Stroo	
6-145	1182-1183	,	
6-146	1184-1192	Veertjes	
6-147	1193-1195	en	
6-148	1196-1206	dergelyken	
6-149	1206-1207	,	
6-150	1208-1211	tot	
6-151	1212-1215	zig	
6-152	1215-1216	.	

#Text=Ter oorzaake van dit
#Text=verschynsel, word 'er eene electrike of aanlokkende kragt aan toegeschreeven; en
#Text=zelfs schynen de hedendaagsche Konstwoorden, van Electriek, Elektriciteit,
#Text=Electrizeeren, enz.,
#Text=ontleend te zyn van den naam Electrum, waarmede de Ouden
#Text=den Barnsteen benoem-
#Text=
#Text=J. le Francq van Berkhey, Natuurlyke historie van Holland.
7-1	1217-1220	Ter	
7-2	1221-1229	oorzaake	
7-3	1230-1233	van	
7-4	1234-1237	dit	
7-5	1238-1249	verschynsel	
7-6	1249-1250	,	
7-7	1251-1255	word	
7-8	1256-1257	'	
7-9	1257-1259	er	
7-10	1260-1264	eene	
7-11	1265-1274	electrike	
7-12	1275-1277	of	
7-13	1278-1289	aanlokkende	
7-14	1290-1295	kragt	
7-15	1296-1299	aan	
7-16	1300-1314	toegeschreeven	
7-17	1314-1315	;	
7-18	1316-1318	en	
7-19	1319-1324	zelfs	
7-20	1325-1332	schynen	
7-21	1333-1335	de	
7-22	1336-1349	hedendaagsche	
7-23	1350-1362	Konstwoorden	
7-24	1362-1363	,	
7-25	1364-1367	van	
7-26	1368-1377	Electriek	
7-27	1377-1378	,	
7-28	1379-1392	Elektriciteit	
7-29	1392-1393	,	
7-30	1394-1407	Electrizeeren	
7-31	1407-1408	,	
7-32	1409-1412	enz	
7-33	1412-1413	.	
7-34	1413-1414	,	
7-35	1415-1423	ontleend	
7-36	1424-1426	te	
7-37	1427-1430	zyn	
7-38	1431-1434	van	
7-39	1435-1438	den	
7-40	1439-1443	naam	
7-41	1444-1452	Electrum	
7-42	1452-1453	,	
7-43	1454-1462	waarmede	
7-44	1463-1465	de	
7-45	1466-1471	Ouden	
7-46	1472-1475	den	
7-47	1476-1485	Barnsteen	
7-48	1486-1492	benoem	
7-49	1492-1493	-	
7-50	1495-1496	J	
7-51	1496-1497	.	
7-52	1498-1500	le	
7-53	1501-1507	Francq	
7-54	1508-1511	van	
7-55	1512-1519	Berkhey	
7-56	1519-1520	,	
7-57	1521-1531	Natuurlyke	
7-58	1532-1540	historie	
7-59	1541-1544	van	
7-60	1545-1552	Holland	
7-61	1552-1553	.	

#Text=Deel 2
#Text=
#Text=\f929
#Text=den.
#Text=+(4)
#Text=In sterke Geesten en heet gemaakte Olyen, smelt de Barnsteen als Harst,
#Text=+
#Text=
#Text=dog
#Text=minder spoedig.
8-1	1554-1558	Deel	
8-2	1559-1560	2	
8-3	1563-1566	929	
8-4	1567-1570	den	
8-5	1570-1571	.	
8-6	1572-1573	+	
8-7	1573-1574	(	
8-8	1574-1575	4	
8-9	1575-1576	)	
8-10	1577-1579	In	
8-11	1580-1586	sterke	
8-12	1587-1594	Geesten	
8-13	1595-1597	en	
8-14	1598-1602	heet	
8-15	1603-1611	gemaakte	
8-16	1612-1617	Olyen	
8-17	1617-1618	,	
8-18	1619-1624	smelt	
8-19	1625-1627	de	
8-20	1628-1637	Barnsteen	
8-21	1638-1641	als	
8-22	1642-1647	Harst	
8-23	1647-1648	,	
8-24	1649-1650	+	
8-25	1652-1655	dog	
8-26	1656-1662	minder	
8-27	1663-1670	spoedig	
8-28	1670-1671	.	

#Text=Dezelve wederstaat egter het water; dog als de Barnsteen,
#Text=DELFSTOFFEN.
9-1	1672-1679	Dezelve	
9-2	1680-1690	wederstaat	
9-3	1691-1696	egter	
9-4	1697-1700	het	
9-5	1701-1706	water	
9-6	1706-1707	;	
9-7	1708-1711	dog	
9-8	1712-1715	als	
9-9	1716-1718	de	
9-10	1719-1728	Barnsteen	
9-11	1728-1729	,	
9-12	1730-1741	DELFSTOFFEN	
9-13	1741-1742	.	

#Text=en vooral de witte, lang in warm water staat, verkrygt dat water nogtans een zekeren
#Text=zuuragtigen smaak.
10-1	1744-1746	en	
10-2	1747-1753	vooral	
10-3	1754-1756	de	
10-4	1757-1762	witte	
10-5	1762-1763	,	
10-6	1764-1768	lang	
10-7	1769-1771	in	
10-8	1772-1776	warm	
10-9	1777-1782	water	
10-10	1783-1788	staat	
10-11	1788-1789	,	
10-12	1790-1798	verkrygt	
10-13	1799-1802	dat	
10-14	1803-1808	water	
10-15	1809-1816	nogtans	
10-16	1817-1820	een	
10-17	1821-1828	zekeren	
10-18	1829-1840	zuuragtigen	
10-19	1841-1846	smaak	
10-20	1846-1847	.	
