#FORMAT=WebAnno TSV 3.3
#T_SP=custom.Span|label
#T_RL=custom.Relation|label|BT_custom.Span


#Text=Viele Patienten gestehen, 
#Text=daß sie in das Sacktuch das erste Mal onaniert haben.
1-1	2-7	Viele	_	_	_	
1-2	8-17	Patienten	_	_	_	
1-3	18-26	gestehen	_	_	_	
1-4	26-27	,	_	_	_	
1-5	29-32	daß	_	_	_	
1-6	33-36	sie	_	_	_	
1-7	37-39	in	_	_	_	
1-8	40-43	das	_	_	_	
1-9	44-52	Sacktuch	_	_	_	
1-10	53-56	das	_	_	_	
1-11	57-62	erste	_	_	_	
1-12	63-66	Mal	_	_	_	
1-13	67-75	onaniert	_	_	_	
1-14	76-81	haben	_	_	_	
1-15	81-82	.	_	_	_	

#Text=Oft ist es das 
#Text=Sacktuch, eines Mitgliedes der Familie, welcher Umstand ihm eine be- 
#Text=sondere Wertigkeit gibt.
2-1	83-86	Oft	_	_	_	
2-2	87-90	ist	_	_	_	
2-3	91-93	es	_	_	_	
2-4	94-97	das	_	_	_	
2-5	99-107	Sacktuch	_	_	_	
2-6	107-108	,	_	_	_	
2-7	109-114	eines	_	_	_	
2-8	115-125	Mitgliedes	_	_	_	
2-9	126-129	der	_	_	_	
2-10	130-137	Familie	_	_	_	
2-11	137-138	,	_	_	_	
2-12	139-146	welcher	_	_	_	
2-13	147-154	Umstand	_	_	_	
2-14	155-158	ihm	_	_	_	
2-15	159-163	eine	_	_	_	
2-16	164-166	be	_	_	_	
2-17	166-167	-	_	_	_	
2-18	169-176	sondere	_	_	_	
2-19	177-187	Wertigkeit	_	_	_	
2-20	188-192	gibt	_	_	_	
2-21	192-193	.	_	_	_	

#Text=Über die Bedeutung der Taschentücher berichtet ein Patient von 
#Text=Sadger.
#Text=x ) 
#Text=
#Text=
#Text=l )
#Text=Die Lehre von den Geechlechtsverirrungen.
3-1	197-201	Über	_	_	_	
3-2	202-205	die	_	_	_	
3-3	206-215	Bedeutung	_	_	_	
3-4	216-219	der	_	_	_	
3-5	220-233	Taschentücher	_	_	_	
3-6	234-243	berichtet	_	_	_	
3-7	244-247	ein	_	_	_	
3-8	248-255	Patient	_	_	_	
3-9	256-259	von	_	_	_	
3-10	261-267	Sadger	_	_	_	
3-11	267-268	.	_	_	_	
3-12	269-270	x	_	_	_	
3-13	271-272	)	_	_	_	
3-14	276-277	l	_	_	_	
3-15	278-279	)	_	_	_	
3-16	280-283	Die	_	_	_	
3-17	284-289	Lehre	_	_	_	
3-18	290-293	von	_	_	_	
3-19	294-297	den	_	_	_	
3-20	298-320	Geechlechtsverirrungen	_	_	_	
3-21	320-321	.	_	_	_	

#Text=Wien und Leipzig
#Text=1921.
4-1	322-326	Wien	_	_	_	
4-2	327-330	und	_	_	_	
4-3	331-338	Leipzig	_	_	_	
4-4	339-343	1921	_	_	_	
4-5	343-344	.	_	_	_	

#Text=Fetischismus.
#Text=
#Text=
#Text=
#Text=156 
#Text=
#Text=
#Text=,,Ja, noch etwas von den Taschentüchern.
5-1	348-360	Fetischismus	_	_	_	
5-2	360-361	.	_	_	_	
5-3	365-368	156	_	_	_	
5-4	372-373	,	_	_	_	
5-5	373-374	,	_	_	_	
5-6	374-376	Ja	_	_	_	
5-7	376-377	,	_	_	_	
5-8	378-382	noch	_	_	_	
5-9	383-388	etwas	_	_	_	
5-10	389-392	von	_	_	_	
5-11	393-396	den	_	_	_	
5-12	397-411	Taschentüchern	_	_	_	
5-13	411-412	.	_	_	_	

#Text=Das betreffende Mädchen muß 
#Text=einmal in das Taschentuch geweint haben und dies ein wenig nach Parfüm 
#Text=riechen.
6-1	413-416	Das	_	_	_	
6-2	417-428	betreffende	_	_	_	
6-3	429-436	Mädchen	_	_	_	
6-4	437-440	muß	_	_	_	
6-5	442-448	einmal	_	_	_	
6-6	449-451	in	_	_	_	
6-7	452-455	das	_	_	_	
6-8	456-467	Taschentuch	Odour\_Carrier	_	_	
6-9	468-475	geweint	_	_	_	
6-10	476-481	haben	_	_	_	
6-11	482-485	und	_	_	_	
6-12	486-490	dies	_	_	_	
6-13	491-494	ein	Quality[1]	_	_	
6-14	495-500	wenig	Quality[1]	_	_	
6-15	501-505	nach	_	_	_	
6-16	506-512	Parfüm	Smell\_Source	_	_	
6-17	514-521	riechen	Smell\_Word	*|*|*	6-8|6-13[1_0]|6-16	
6-18	521-522	.	_	_	_	

#Text=Ich sehe dann in dem Tuche das Gesicht des Mädchens drin, so eine Art 
#Text=Photographie, die ich dann küsse.
7-1	523-526	Ich	_	_	_	
7-2	527-531	sehe	_	_	_	
7-3	532-536	dann	_	_	_	
7-4	537-539	in	_	_	_	
7-5	540-543	dem	_	_	_	
7-6	544-549	Tuche	_	_	_	
7-7	550-553	das	_	_	_	
7-8	554-561	Gesicht	_	_	_	
7-9	562-565	des	_	_	_	
7-10	566-574	Mädchens	_	_	_	
7-11	575-579	drin	_	_	_	
7-12	579-580	,	_	_	_	
7-13	581-583	so	_	_	_	
7-14	584-588	eine	_	_	_	
7-15	589-592	Art	_	_	_	
7-16	594-606	Photographie	_	_	_	
7-17	606-607	,	_	_	_	
7-18	608-611	die	_	_	_	
7-19	612-615	ich	_	_	_	
7-20	616-620	dann	_	_	_	
7-21	621-626	küsse	_	_	_	
7-22	626-627	.	_	_	_	

#Text=Wenn sie vorher weint, hat sie ja das 
#Text=Taschentuch an das Gesicht angedrückt.
8-1	628-632	Wenn	_	_	_	
8-2	633-636	sie	_	_	_	
8-3	637-643	vorher	_	_	_	
8-4	644-649	weint	_	_	_	
8-5	649-650	,	_	_	_	
8-6	651-654	hat	_	_	_	
8-7	655-658	sie	_	_	_	
8-8	659-661	ja	_	_	_	
8-9	662-665	das	_	_	_	
8-10	667-678	Taschentuch	_	_	_	
8-11	679-681	an	_	_	_	
8-12	682-685	das	_	_	_	
8-13	686-693	Gesicht	_	_	_	
8-14	694-704	angedrückt	_	_	_	
8-15	704-705	.	_	_	_	

#Text=Das erste Taschentuch bekam ich mit 
#Text=16 Jahren von meiner Braut, darnach bestand ich bei jeder Bekanntschaft auf 
#Text=einem Taschentuch, doch unter der Bedingung, daß sie vorher darin geweint 
#Text=hat.“
#Text=— „Und welches war das allererste Weib in der Kindheit, das mit einem 
#Text=sulch durchweinten Taschentuch in Beziehung steht?
9-1	706-709	Das	_	_	_	
9-2	710-715	erste	_	_	_	
9-3	716-727	Taschentuch	_	_	_	
9-4	728-733	bekam	_	_	_	
9-5	734-737	ich	_	_	_	
9-6	738-741	mit	_	_	_	
9-7	743-745	16	_	_	_	
9-8	746-752	Jahren	_	_	_	
9-9	753-756	von	_	_	_	
9-10	757-763	meiner	_	_	_	
9-11	764-769	Braut	_	_	_	
9-12	769-770	,	_	_	_	
9-13	771-778	darnach	_	_	_	
9-14	779-786	bestand	_	_	_	
9-15	787-790	ich	_	_	_	
9-16	791-794	bei	_	_	_	
9-17	795-800	jeder	_	_	_	
9-18	801-814	Bekanntschaft	_	_	_	
9-19	815-818	auf	_	_	_	
9-20	820-825	einem	_	_	_	
9-21	826-837	Taschentuch	_	_	_	
9-22	837-838	,	_	_	_	
9-23	839-843	doch	_	_	_	
9-24	844-849	unter	_	_	_	
9-25	850-853	der	_	_	_	
9-26	854-863	Bedingung	_	_	_	
9-27	863-864	,	_	_	_	
9-28	865-868	daß	_	_	_	
9-29	869-872	sie	_	_	_	
9-30	873-879	vorher	_	_	_	
9-31	880-885	darin	_	_	_	
9-32	886-893	geweint	_	_	_	
9-33	895-898	hat	_	_	_	
9-34	898-899	.	_	_	_	
9-35	899-900	“	_	_	_	
9-36	901-902	—	_	_	_	
9-37	903-904	„	_	_	_	
9-38	904-907	Und	_	_	_	
9-39	908-915	welches	_	_	_	
9-40	916-919	war	_	_	_	
9-41	920-923	das	_	_	_	
9-42	924-934	allererste	_	_	_	
9-43	935-939	Weib	_	_	_	
9-44	940-942	in	_	_	_	
9-45	943-946	der	_	_	_	
9-46	947-955	Kindheit	_	_	_	
9-47	955-956	,	_	_	_	
9-48	957-960	das	_	_	_	
9-49	961-964	mit	_	_	_	
9-50	965-970	einem	_	_	_	
9-51	972-977	sulch	_	_	_	
9-52	978-990	durchweinten	_	_	_	
9-53	991-1002	Taschentuch	_	_	_	
9-54	1003-1005	in	_	_	_	
9-55	1006-1015	Beziehung	_	_	_	
9-56	1016-1021	steht	_	_	_	
9-57	1021-1022	?	_	_	_	

#Text=“
#Text=— „Meine Mutter.
10-1	1022-1023	“	_	_	_	
10-2	1024-1025	—	_	_	_	
10-3	1026-1027	„	_	_	_	
10-4	1027-1032	Meine	_	_	_	
10-5	1033-1039	Mutter	_	_	_	
10-6	1039-1040	.	_	_	_	

#Text=Als 
#Text=ich 3, 4 Jahre zählte, kam die Botschaft, die Großmutter sei gestorben, 
#Text=worüber meine Mutter furchtbar weinte.
11-1	1041-1044	Als	_	_	_	
11-2	1046-1049	ich	_	_	_	
11-3	1050-1051	3	_	_	_	
11-4	1051-1052	,	_	_	_	
11-5	1053-1054	4	_	_	_	
11-6	1055-1060	Jahre	_	_	_	
11-7	1061-1067	zählte	_	_	_	
11-8	1067-1068	,	_	_	_	
11-9	1069-1072	kam	_	_	_	
11-10	1073-1076	die	_	_	_	
11-11	1077-1086	Botschaft	_	_	_	
11-12	1086-1087	,	_	_	_	
11-13	1088-1091	die	_	_	_	
11-14	1092-1102	Großmutter	_	_	_	
11-15	1103-1106	sei	_	_	_	
11-16	1107-1116	gestorben	_	_	_	
11-17	1116-1117	,	_	_	_	
11-18	1119-1126	worüber	_	_	_	
11-19	1127-1132	meine	_	_	_	
11-20	1133-1139	Mutter	_	_	_	
11-21	1140-1149	furchtbar	_	_	_	
11-22	1150-1156	weinte	_	_	_	
11-23	1156-1157	.	_	_	_	

#Text=Ich wollte auch mitheulen, brachte 
#Text=es aber nicht zustande.
12-1	1158-1161	Ich	_	_	_	
12-2	1162-1168	wollte	_	_	_	
12-3	1169-1173	auch	_	_	_	
12-4	1174-1183	mitheulen	_	_	_	
12-5	1183-1184	,	_	_	_	
12-6	1185-1192	brachte	_	_	_	
12-7	1194-1196	es	_	_	_	
12-8	1197-1201	aber	_	_	_	
12-9	1202-1207	nicht	_	_	_	
12-10	1208-1216	zustande	_	_	_	
12-11	1216-1217	.	_	_	_	

#Text=Mutter ging den ganzen Tag mit dem Taschentuch 
#Text=herum und weinte beständig.
13-1	1218-1224	Mutter	_	_	_	
13-2	1225-1229	ging	_	_	_	
13-3	1230-1233	den	_	_	_	
13-4	1234-1240	ganzen	_	_	_	
13-5	1241-1244	Tag	_	_	_	
13-6	1245-1248	mit	_	_	_	
13-7	1249-1252	dem	_	_	_	
13-8	1253-1264	Taschentuch	_	_	_	
13-9	1266-1271	herum	_	_	_	
13-10	1272-1275	und	_	_	_	
13-11	1276-1282	weinte	_	_	_	
13-12	1283-1292	beständig	_	_	_	
13-13	1292-1293	.	_	_	_	

#Text=Da wollte ich sie lehrmeistern, wie sie früher 
#Text=mich, wenn sie sagte, ich ginge wie eine Bauernliese mit einem Taschentuch 
#Text=umher, nahm ihr das Tuch weg und versteckte es.
14-1	1294-1296	Da	_	_	_	
14-2	1297-1303	wollte	_	_	_	
14-3	1304-1307	ich	_	_	_	
14-4	1308-1311	sie	_	_	_	
14-5	1312-1324	lehrmeistern	_	_	_	
14-6	1324-1325	,	_	_	_	
14-7	1326-1329	wie	_	_	_	
14-8	1330-1333	sie	_	_	_	
14-9	1334-1340	früher	_	_	_	
14-10	1342-1346	mich	_	_	_	
14-11	1346-1347	,	_	_	_	
14-12	1348-1352	wenn	_	_	_	
14-13	1353-1356	sie	_	_	_	
14-14	1357-1362	sagte	_	_	_	
14-15	1362-1363	,	_	_	_	
14-16	1364-1367	ich	_	_	_	
14-17	1368-1373	ginge	_	_	_	
14-18	1374-1377	wie	_	_	_	
14-19	1378-1382	eine	_	_	_	
14-20	1383-1394	Bauernliese	_	_	_	
14-21	1395-1398	mit	_	_	_	
14-22	1399-1404	einem	_	_	_	
14-23	1405-1416	Taschentuch	_	_	_	
14-24	1418-1423	umher	_	_	_	
14-25	1423-1424	,	_	_	_	
14-26	1425-1429	nahm	_	_	_	
14-27	1430-1433	ihr	_	_	_	
14-28	1434-1437	das	_	_	_	
14-29	1438-1442	Tuch	_	_	_	
14-30	1443-1446	weg	_	_	_	
14-31	1447-1450	und	_	_	_	
14-32	1451-1461	versteckte	_	_	_	
14-33	1462-1464	es	_	_	_	
14-34	1464-1465	.	_	_	_	
