#FORMAT=WebAnno TSV 3.3


#Text=Mit Recht iſt daher die
#Text=erfinderiſche Thätigkeit ſeit längerer Zeit der Auffindung eines Erſatzes
#Text=der Wärme nach dieſer Richtung zugewendet.
1-1	0-3	Mit	
1-2	4-9	Recht	
1-3	10-13	iſt	
1-4	14-19	daher	
1-5	20-23	die	
1-6	24-37	erfinderiſche	
1-7	38-48	Thätigkeit	
1-8	49-53	ſeit	
1-9	54-62	längerer	
1-10	63-67	Zeit	
1-11	68-71	der	
1-12	72-82	Auffindung	
1-13	83-88	eines	
1-14	89-97	Erſatzes	
1-15	98-101	der	
1-16	102-107	Wärme	
1-17	108-112	nach	
1-18	113-119	dieſer	
1-19	120-128	Richtung	
1-20	129-139	zugewendet	
1-21	139-140	.	

#Text=Es iſt mit Zuverſicht
#Text=anzunehmen, daß bis zu dem Tage, wo die letzte Tonne Kohle an
#Text=die Oberfläche der Erde hinaufbefördert werden wird, ein Erſatz der
#Text=Wärme als motoriſche Kraft in der Ausnützung anderer Naturkräfte
#Text=
#Text=vorliegt, ſei es der Ebbe und Flut, der gewaltigen Waſſerfälle unſerer
#Text=
#Text=Ströme, ſei es der altbekannten Kraftquelle des Windes.
2-1	141-143	Es	
2-2	144-147	iſt	
2-3	148-151	mit	
2-4	152-162	Zuverſicht	
2-5	163-173	anzunehmen	
2-6	173-174	,	
2-7	175-178	daß	
2-8	179-182	bis	
2-9	183-185	zu	
2-10	186-189	dem	
2-11	190-194	Tage	
2-12	194-195	,	
2-13	196-198	wo	
2-14	199-202	die	
2-15	203-209	letzte	
2-16	210-215	Tonne	
2-17	216-221	Kohle	
2-18	222-224	an	
2-19	225-228	die	
2-20	229-239	Oberfläche	
2-21	240-243	der	
2-22	244-248	Erde	
2-23	249-264	hinaufbefördert	
2-24	265-271	werden	
2-25	272-276	wird	
2-26	276-277	,	
2-27	278-281	ein	
2-28	282-288	Erſatz	
2-29	289-292	der	
2-30	293-298	Wärme	
2-31	299-302	als	
2-32	303-313	motoriſche	
2-33	314-319	Kraft	
2-34	320-322	in	
2-35	323-326	der	
2-36	327-337	Ausnützung	
2-37	338-345	anderer	
2-38	346-357	Naturkräfte	
2-39	359-367	vorliegt	
2-40	367-368	,	
2-41	369-372	ſei	
2-42	373-375	es	
2-43	376-379	der	
2-44	380-384	Ebbe	
2-45	385-388	und	
2-46	389-393	Flut	
2-47	393-394	,	
2-48	395-398	der	
2-49	399-409	gewaltigen	
2-50	410-421	Waſſerfälle	
2-51	422-429	unſerer	
2-52	431-437	Ströme	
2-53	437-438	,	
2-54	439-442	ſei	
2-55	443-445	es	
2-56	446-449	der	
2-57	450-462	altbekannten	
2-58	463-474	Kraftquelle	
2-59	475-478	des	
2-60	479-485	Windes	
2-61	485-486	.	

#Text=Es liegt uns zunächſt ob, hier einige kurze Angaben über die
#Text=hauptſächlichſten Eigenſchaften des Waſſerdampfes folgen zu laſſen.
3-1	490-492	Es	
3-2	493-498	liegt	
3-3	499-502	uns	
3-4	503-511	zunächſt	
3-5	512-514	ob	
3-6	514-515	,	
3-7	516-520	hier	
3-8	521-527	einige	
3-9	528-533	kurze	
3-10	534-541	Angaben	
3-11	542-546	über	
3-12	547-550	die	
3-13	551-568	hauptſächlichſten	
3-14	569-582	Eigenſchaften	
3-15	583-586	des	
3-16	587-600	Waſſerdampfes	
3-17	601-607	folgen	
3-18	608-610	zu	
3-19	611-617	laſſen	
3-20	617-618	.	

#Text=Der Waſſerdampf entſteht aus dem Waſſer dadurch, daß dieſem
#Text=Wärme zugeführt wird.
4-1	622-625	Der	
4-2	626-637	Waſſerdampf	
4-3	638-646	entſteht	
4-4	647-650	aus	
4-5	651-654	dem	
4-6	655-661	Waſſer	
4-7	662-669	dadurch	
4-8	669-670	,	
4-9	671-674	daß	
4-10	675-681	dieſem	
4-11	682-687	Wärme	
4-12	688-697	zugeführt	
4-13	698-702	wird	
4-14	702-703	.	

#Text=Die Wärme wird hierbei zum Teil dazu
#Text=
#Text=verbraucht, die Temperatur des Waſſers zu erhöhen, der andere Teil
#Text=
#Text=dient dazu, das Waſſer aus dem tropfbar flüſſigen in den gasförmigen
#Text=oder dampfförmigen Zuſtand überzuführen.
5-1	704-707	Die	
5-2	708-713	Wärme	
5-3	714-718	wird	
5-4	719-726	hierbei	
5-5	727-730	zum	
5-6	731-735	Teil	
5-7	736-740	dazu	
5-8	742-752	verbraucht	
5-9	752-753	,	
5-10	754-757	die	
5-11	758-768	Temperatur	
5-12	769-772	des	
5-13	773-780	Waſſers	
5-14	781-783	zu	
5-15	784-791	erhöhen	
5-16	791-792	,	
5-17	793-796	der	
5-18	797-803	andere	
5-19	804-808	Teil	
5-20	810-815	dient	
5-21	816-820	dazu	
5-22	820-821	,	
5-23	822-825	das	
5-24	826-832	Waſſer	
5-25	833-836	aus	
5-26	837-840	dem	
5-27	841-849	tropfbar	
5-28	850-859	flüſſigen	
5-29	860-862	in	
5-30	863-866	den	
5-31	867-878	gasförmigen	
5-32	879-883	oder	
5-33	884-897	dampfförmigen	
5-34	898-905	Zuſtand	
5-35	906-918	überzuführen	
5-36	918-919	.	

#Text=Erfolgt das Erhitzen des
#Text=Waſſers in einem offenen Gefäße, ſo entweicht der Dampf in die
#Text=Außenluft.
6-1	920-927	Erfolgt	
6-2	928-931	das	
6-3	932-940	Erhitzen	
6-4	941-944	des	
6-5	945-952	Waſſers	
6-6	953-955	in	
6-7	956-961	einem	
6-8	962-969	offenen	
6-9	970-976	Gefäße	
6-10	976-977	,	
6-11	978-980	ſo	
6-12	981-990	entweicht	
6-13	991-994	der	
6-14	995-1000	Dampf	
6-15	1001-1003	in	
6-16	1004-1007	die	
6-17	1008-1017	Außenluft	
6-18	1017-1018	.	

#Text=Wird jedoch das Verdampfgefäß geſchloſſen, wird alſo der
#Text=Dampf daran gehindert, in die Außenluft überzutreten, ſo nimmt der-
#Text=ſelbe allmählich eine immer größere Spannung an, mittelſt welcher er
#Text=die ihn zurückhaltenden Wandungen des Gefäßes zu beſeitigen ſtrebt.
7-1	1019-1023	Wird	
7-2	1024-1030	jedoch	
7-3	1031-1034	das	
7-4	1035-1048	Verdampfgefäß	
7-5	1049-1060	geſchloſſen	
7-6	1060-1061	,	
7-7	1062-1066	wird	
7-8	1067-1071	alſo	
7-9	1072-1075	der	
7-10	1076-1081	Dampf	
7-11	1082-1087	daran	
7-12	1088-1097	gehindert	
7-13	1097-1098	,	
7-14	1099-1101	in	
7-15	1102-1105	die	
7-16	1106-1115	Außenluft	
7-17	1116-1128	überzutreten	
7-18	1128-1129	,	
7-19	1130-1132	ſo	
7-20	1133-1138	nimmt	
7-21	1139-1142	der	
7-22	1142-1143	-	
7-23	1144-1149	ſelbe	
7-24	1150-1160	allmählich	
7-25	1161-1165	eine	
7-26	1166-1171	immer	
7-27	1172-1179	größere	
7-28	1180-1188	Spannung	
7-29	1189-1191	an	
7-30	1191-1192	,	
7-31	1193-1201	mittelſt	
7-32	1202-1209	welcher	
7-33	1210-1212	er	
7-34	1213-1216	die	
7-35	1217-1220	ihn	
7-36	1221-1236	zurückhaltenden	
7-37	1237-1246	Wandungen	
7-38	1247-1250	des	
7-39	1251-1258	Gefäßes	
7-40	1259-1261	zu	
7-41	1262-1272	beſeitigen	
7-42	1273-1279	ſtrebt	
7-43	1279-1280	.	

#Text=Dieſe
#Text=Eigenſchaft intereſſiert uns hier in erſter Linie, da dieſelbe dazu
#Text=ausgenutzt wird, Körper in Bewegung zu ſetzen und zur Verrichtung
#Text=von Arbeit zu benutzen.
8-1	1282-1287	Dieſe	
8-2	1288-1299	Eigenſchaft	
8-3	1300-1312	intereſſiert	
8-4	1313-1316	uns	
8-5	1317-1321	hier	
8-6	1322-1324	in	
8-7	1325-1331	erſter	
8-8	1332-1337	Linie	
8-9	1337-1338	,	
8-10	1339-1341	da	
8-11	1342-1350	dieſelbe	
8-12	1351-1355	dazu	
8-13	1356-1366	ausgenutzt	
8-14	1367-1371	wird	
8-15	1371-1372	,	
8-16	1373-1379	Körper	
8-17	1380-1382	in	
8-18	1383-1391	Bewegung	
8-19	1392-1394	zu	
8-20	1395-1401	ſetzen	
8-21	1402-1405	und	
8-22	1406-1409	zur	
8-23	1410-1421	Verrichtung	
8-24	1422-1425	von	
8-25	1426-1432	Arbeit	
8-26	1433-1435	zu	
8-27	1436-1444	benutzen	
8-28	1444-1445	.	

#Text=Zur Meſſung des von dem Dampfe aus-
#Text=geübten Druckes dient das Manometer, welches direkt auf dem den
#Text=Dampf erzeugenden Gefäße, dem Dampfkeſſel, angebracht wird, und
#Text=an einem Zeiger den Druck ableſen läßt.
9-1	1446-1449	Zur	
9-2	1450-1457	Meſſung	
9-3	1458-1461	des	
9-4	1462-1465	von	
9-5	1466-1469	dem	
9-6	1470-1476	Dampfe	
9-7	1477-1480	aus	
9-8	1480-1481	-	
9-9	1482-1489	geübten	
9-10	1490-1497	Druckes	
9-11	1498-1503	dient	
9-12	1504-1507	das	
9-13	1508-1517	Manometer	
9-14	1517-1518	,	
9-15	1519-1526	welches	
9-16	1527-1533	direkt	
9-17	1534-1537	auf	
9-18	1538-1541	dem	
9-19	1542-1545	den	
9-20	1546-1551	Dampf	
9-21	1552-1563	erzeugenden	
9-22	1564-1570	Gefäße	
9-23	1570-1571	,	
9-24	1572-1575	dem	
9-25	1576-1587	Dampfkeſſel	
9-26	1587-1588	,	
9-27	1589-1599	angebracht	
9-28	1600-1604	wird	
9-29	1604-1605	,	
9-30	1606-1609	und	
9-31	1610-1612	an	
9-32	1613-1618	einem	
9-33	1619-1625	Zeiger	
9-34	1626-1629	den	
9-35	1630-1635	Druck	
9-36	1636-1643	ableſen	
9-37	1644-1648	läßt	
9-38	1648-1649	.	

#Text=Die näheren Einrichtungen
#Text=
#Text=des Dampfkeſſels und ſeiner Armatur werden zugleich mit denjenigen
#Text=der Dampfmaſchine ſpäter beſprochen werden.
10-1	1650-1653	Die	
10-2	1654-1661	näheren	
10-3	1662-1675	Einrichtungen	
10-4	1677-1680	des	
10-5	1681-1693	Dampfkeſſels	
10-6	1694-1697	und	
10-7	1698-1704	ſeiner	
10-8	1705-1712	Armatur	
10-9	1713-1719	werden	
10-10	1720-1728	zugleich	
10-11	1729-1732	mit	
10-12	1733-1743	denjenigen	
10-13	1744-1747	der	
10-14	1748-1761	Dampfmaſchine	
10-15	1762-1768	ſpäter	
10-16	1769-1779	beſprochen	
10-17	1780-1786	werden	
10-18	1786-1787	.	

#Text=Bei Angabe des Dampfdruckes hat man zu unterſcheiden den
#Text=abſoluten und den effektiven Druck oder Überdruck.
11-1	1791-1794	Bei	
11-2	1795-1801	Angabe	
11-3	1802-1805	des	
11-4	1806-1818	Dampfdruckes	
11-5	1819-1822	hat	
11-6	1823-1826	man	
11-7	1827-1829	zu	
11-8	1830-1843	unterſcheiden	
11-9	1844-1847	den	
11-10	1848-1857	abſoluten	
11-11	1858-1861	und	
11-12	1862-1865	den	
11-13	1866-1876	effektiven	
11-14	1877-1882	Druck	
11-15	1883-1887	oder	
11-16	1888-1897	Überdruck	
11-17	1897-1898	.	
