#FORMAT=WebAnno TSV 3.3


#Text=Gelijk
#Text=
#Text=
#Text=
#Text=
#Text=
#Text=
#Text=
#Text=
#Text=
#Text=+en strenge koude.
1-1	2-8	Gelijk	
1-2	18-19	+	
1-3	19-21	en	
1-4	22-29	strenge	
1-5	30-35	koude	
1-6	35-36	.	

#Text=+t Noorderlicht, een
#Text=
#Text=
#Text=
#Text=de dagen des Winters zeer kort zijn, zoo zijn er de nachten mede zeer lang;
#Text=
#Text=wanneer er alsdan de natuur deeze zeldzaamheit uitwerkt:
#Text=Als t nieuwe Maan is, 
#Text=of staat te worden,
#Text=
#Text=
#Text=scheemering by nacht.
2-1	46-47	+	
2-2	47-48	t	
2-3	49-61	Noorderlicht	
2-4	61-62	,	
2-5	63-66	een	
2-6	70-72	de	
2-7	73-78	dagen	
2-8	79-82	des	
2-9	83-90	Winters	
2-10	91-95	zeer	
2-11	96-100	kort	
2-12	101-105	zijn	
2-13	105-106	,	
2-14	107-110	zoo	
2-15	111-115	zijn	
2-16	116-118	er	
2-17	119-121	de	
2-18	122-129	nachten	
2-19	130-134	mede	
2-20	135-139	zeer	
2-21	140-144	lang	
2-22	144-145	;	
2-23	147-154	wanneer	
2-24	155-157	er	
2-25	158-164	alsdan	
2-26	165-167	de	
2-27	168-174	natuur	
2-28	175-180	deeze	
2-29	181-193	zeldzaamheit	
2-30	194-202	uitwerkt	
2-31	202-203	:	
2-32	204-207	Als	
2-33	208-209	t	
2-34	210-216	nieuwe	
2-35	217-221	Maan	
2-36	222-224	is	
2-37	224-225	,	
2-38	227-229	of	
2-39	230-235	staat	
2-40	236-238	te	
2-41	239-245	worden	
2-42	245-246	,	
2-43	249-260	scheemering	
2-44	261-263	by	
2-45	264-269	nacht	
2-46	269-270	.	

#Text=vertoont er zich een licht, byna als of de Maan vol was, en hoe donkerder deeze 
#Text=nachten zijn, zoo veel te helderder dit licht schijnt.
3-1	278-286	vertoont	
3-2	287-289	er	
3-3	290-294	zich	
3-4	295-298	een	
3-5	299-304	licht	
3-6	304-305	,	
3-7	306-310	byna	
3-8	311-314	als	
3-9	315-317	of	
3-10	318-320	de	
3-11	321-325	Maan	
3-12	326-329	vol	
3-13	330-333	was	
3-14	333-334	,	
3-15	335-337	en	
3-16	338-341	hoe	
3-17	342-351	donkerder	
3-18	352-357	deeze	
3-19	359-366	nachten	
3-20	367-371	zijn	
3-21	371-372	,	
3-22	373-376	zoo	
3-23	377-381	veel	
3-24	382-384	te	
3-25	385-394	helderder	
3-26	395-398	dit	
3-27	399-404	licht	
3-28	405-412	schijnt	
3-29	412-413	.	

#Text=Dit licht komt uit het Noorden, 
#Text=waarom het een Noorderlicht word genoemt.
#Text=t Vertoont zich als een schijnsel van 
#Text=Vuur, strekkende opwaarts in de lucht uit.
4-1	414-417	Dit	
4-2	418-423	licht	
4-3	424-428	komt	
4-4	429-432	uit	
4-5	433-436	het	
4-6	437-444	Noorden	
4-7	444-445	,	
4-8	447-453	waarom	
4-9	454-457	het	
4-10	458-461	een	
4-11	462-474	Noorderlicht	
4-12	475-479	word	
4-13	480-487	genoemt	
4-14	487-488	.	
4-15	489-490	t	
4-16	491-499	Vertoont	
4-17	500-504	zich	
4-18	505-508	als	
4-19	509-512	een	
4-20	513-522	schijnsel	
4-21	523-526	van	
4-22	528-532	Vuur	
4-23	532-533	,	
4-24	534-544	strekkende	
4-25	545-553	opwaarts	
4-26	554-556	in	
4-27	557-559	de	
4-28	560-565	lucht	
4-29	566-569	uit	
4-30	569-570	.	

#Text=Het verandert allenks van plaats, latende 
#Text=telkens een damp achter.
5-1	571-574	Het	
5-2	575-584	verandert	
5-3	585-592	allenks	
5-4	593-596	van	
5-5	597-603	plaats	
5-6	603-604	,	
5-7	605-612	latende	
5-8	614-621	telkens	
5-9	622-625	een	
5-10	626-630	damp	
5-11	631-637	achter	
5-12	637-638	.	

#Text=Dit Noorderlicht schijnt de gantsche nacht, en verdwijnt 
#Text=met de opgaande Zon.
6-1	639-642	Dit	
6-2	643-655	Noorderlicht	
6-3	656-663	schijnt	
6-4	664-666	de	
6-5	667-675	gantsche	
6-6	676-681	nacht	
6-7	681-682	,	
6-8	683-685	en	
6-9	686-695	verdwijnt	
6-10	697-700	met	
6-11	701-703	de	
6-12	704-712	opgaande	
6-13	713-716	Zon	
6-14	716-717	.	

#Text=Men verzekert dat dit licht insgelijks in Yslandt en Noorwegen 
#Text=gezien word, wanneer t helder weer is, en de lucht door geen nevels betrokken.
7-1	718-721	Men	
7-2	722-731	verzekert	
7-3	732-735	dat	
7-4	736-739	dit	
7-5	740-745	licht	
7-6	746-756	insgelijks	
7-7	757-759	in	
7-8	760-767	Yslandt	
7-9	768-770	en	
7-10	771-780	Noorwegen	
7-11	782-788	gezien	
7-12	789-793	word	
7-13	793-794	,	
7-14	795-802	wanneer	
7-15	803-804	t	
7-16	805-811	helder	
7-17	812-816	weer	
7-18	817-819	is	
7-19	819-820	,	
7-20	821-823	en	
7-21	824-826	de	
7-22	827-832	lucht	
7-23	833-837	door	
7-24	838-842	geen	
7-25	843-849	nevels	
7-26	850-859	betrokken	
7-27	859-860	.	

#Text=Het 
#Text=verlicht dan alleen die geenen, die de Gewesten van den Circulus Arcticus bewoonen.
8-1	861-864	Het	
8-2	866-874	verlicht	
8-3	875-878	dan	
8-4	879-885	alleen	
8-5	886-889	die	
8-6	890-896	geenen	
8-7	896-897	,	
8-8	898-901	die	
8-9	902-904	de	
8-10	905-913	Gewesten	
8-11	914-917	van	
8-12	918-921	den	
8-13	922-930	Circulus	
8-14	931-939	Arcticus	
8-15	940-948	bewoonen	
8-16	948-949	.	

#Text=t Staat
#Text=den Natuurkundigen
#Text=tonderzoeken, waar uit dit verschijnsel zijnen ooirsprong 
#Text=heeft, en of het uit de opgeheven dampen der aarde, die door haare beweeging 
#Text=ontsteken, voortkomt, met zodanig een snelte als de ontsteeken verhevelingen die 
#Text=gints en herwaarts uit de lucht vallen, of als dwaallichten die zich elders vertoonen.
9-1	951-952	t	
9-2	953-958	Staat	
9-3	959-962	den	
9-4	963-977	Natuurkundigen	
9-5	978-990	tonderzoeken	
9-6	990-991	,	
9-7	992-996	waar	
9-8	997-1000	uit	
9-9	1001-1004	dit	
9-10	1005-1017	verschijnsel	
9-11	1018-1024	zijnen	
9-12	1025-1035	ooirsprong	
9-13	1037-1042	heeft	
9-14	1042-1043	,	
9-15	1044-1046	en	
9-16	1047-1049	of	
9-17	1050-1053	het	
9-18	1054-1057	uit	
9-19	1058-1060	de	
9-20	1061-1070	opgeheven	
9-21	1071-1077	dampen	
9-22	1078-1081	der	
9-23	1082-1087	aarde	
9-24	1087-1088	,	
9-25	1089-1092	die	
9-26	1093-1097	door	
9-27	1098-1103	haare	
9-28	1104-1113	beweeging	
9-29	1115-1124	ontsteken	
9-30	1124-1125	,	
9-31	1126-1135	voortkomt	
9-32	1135-1136	,	
9-33	1137-1140	met	
9-34	1141-1148	zodanig	
9-35	1149-1152	een	
9-36	1153-1159	snelte	
9-37	1160-1163	als	
9-38	1164-1166	de	
9-39	1167-1177	ontsteeken	
9-40	1178-1191	verhevelingen	
9-41	1192-1195	die	
9-42	1197-1202	gints	
9-43	1203-1205	en	
9-44	1206-1215	herwaarts	
9-45	1216-1219	uit	
9-46	1220-1222	de	
9-47	1223-1228	lucht	
9-48	1229-1235	vallen	
9-49	1235-1236	,	
9-50	1237-1239	of	
9-51	1240-1243	als	
9-52	1244-1256	dwaallichten	
9-53	1257-1260	die	
9-54	1261-1265	zich	
9-55	1266-1272	elders	
9-56	1273-1282	vertoonen	
9-57	1282-1283	.	

#Text=Dit
#Text=Licht is ongetwijffelt het zelve t geen de Heer Gassendi dikmaals heeft
#Text=waargenomen, en de Noorder Dageraat genoemt;
10-1	1286-1289	Dit	
10-2	1290-1295	Licht	
10-3	1296-1298	is	
10-4	1299-1312	ongetwijffelt	
10-5	1313-1316	het	
10-6	1317-1322	zelve	
10-7	1323-1324	t	
10-8	1325-1329	geen	
10-9	1330-1332	de	
10-10	1333-1337	Heer	
10-11	1338-1346	Gassendi	
10-12	1347-1355	dikmaals	
10-13	1356-1361	heeft	
10-14	1362-1373	waargenomen	
10-15	1373-1374	,	
10-16	1375-1377	en	
10-17	1378-1380	de	
10-18	1381-1388	Noorder	
10-19	1389-1397	Dageraat	
10-20	1398-1405	genoemt	
10-21	1405-1406	;	
