#FORMAT=WebAnno TSV 3.3


#Text=Endlich haben ſie auch/ ihre erhitzte Leiber zu kuͤh-
#Text=len/ die Badſtuben/ da ſie ſich im purlauterm Nil-Waſſer/ ohn einige
#Text=Kraͤuter/ zu baden pflegen.
1-1	2-9	Endlich	
1-2	10-15	haben	
1-3	16-19	ſie	
1-4	20-24	auch	
1-5	24-25	/	
1-6	26-30	ihre	
1-7	31-39	erhitzte	
1-8	40-46	Leiber	
1-9	47-49	zu	
1-10	50-54	kuͤh	
1-11	54-55	-	
1-12	56-59	len	
1-13	59-60	/	
1-14	61-64	die	
1-15	65-74	Badſtuben	
1-16	74-75	/	
1-17	76-78	da	
1-18	79-82	ſie	
1-19	83-87	ſich	
1-20	88-90	im	
1-21	91-101	purlauterm	
1-22	102-112	Nil-Waſſer	
1-23	112-113	/	
1-24	114-117	ohn	
1-25	118-124	einige	
1-26	125-133	Kraͤuter	
1-27	133-134	/	
1-28	135-137	zu	
1-29	138-143	baden	
1-30	144-151	pflegen	
1-31	151-152	.	

#Text=Gleichwol iſt die Hitze/ in Egypten/ weil der Nil im Sommer uͤber-
#Text=
#Text=laͤufft/ und die Nordlichen Jahrs-Winde/ in der hitzigſten Jahrs-Zeit/
#Text=
#Text=fort und fort wehen/ noch ertraͤglich.
2-1	156-165	Gleichwol	
2-2	166-169	iſt	
2-3	170-173	die	
2-4	174-179	Hitze	
2-5	179-180	/	
2-6	181-183	in	
2-7	184-191	Egypten	
2-8	191-192	/	
2-9	193-197	weil	
2-10	198-201	der	
2-11	202-205	Nil	
2-12	206-208	im	
2-13	209-215	Sommer	
2-14	216-221	uͤber	
2-15	221-222	-	
2-16	224-231	laͤufft	
2-17	231-232	/	
2-18	233-236	und	
2-19	237-240	die	
2-20	241-251	Nordlichen	
2-21	252-263	Jahrs-Winde	
2-22	263-264	/	
2-23	265-267	in	
2-24	268-271	der	
2-25	272-282	hitzigſten	
2-26	283-293	Jahrs-Zeit	
2-27	293-294	/	
2-28	296-300	fort	
2-29	301-304	und	
2-30	305-309	fort	
2-31	310-315	wehen	
2-32	315-316	/	
2-33	317-321	noch	
2-34	322-333	ertraͤglich	
2-35	333-334	.	

#Text=Auſſer dem/ wenn durch dieſes Mit-
#Text=tel die Lufft nicht kuͤhl gemacht wuͤrde/ koͤnnte kein Menſch in Egypten/
#Text=
#Text=wegen der uͤbergroſſen Hitze/ wohnen.
3-1	335-341	Auſſer	
3-2	342-345	dem	
3-3	345-346	/	
3-4	347-351	wenn	
3-5	352-357	durch	
3-6	358-364	dieſes	
3-7	365-368	Mit	
3-8	368-369	-	
3-9	370-373	tel	
3-10	374-377	die	
3-11	378-383	Lufft	
3-12	384-389	nicht	
3-13	390-395	kuͤhl	
3-14	396-403	gemacht	
3-15	404-410	wuͤrde	
3-16	410-411	/	
3-17	412-419	koͤnnte	
3-18	420-424	kein	
3-19	425-431	Menſch	
3-20	432-434	in	
3-21	435-442	Egypten	
3-22	442-443	/	
3-23	445-450	wegen	
3-24	451-454	der	
3-25	455-467	uͤbergroſſen	
3-26	468-473	Hitze	
3-27	473-474	/	
3-28	475-481	wohnen	
3-29	481-482	.	

#Text=Jm
#Text=Winter iſt die Lufft/ welche
#Text=ſonſt von Natur/ ſonderlich etwas tieff im Lande/
#Text=allda heiß/ trocken/
#Text=un-
#Text=beſtaͤndig/ und durchdringend/ zu Zeiten ſehr kalt/ und bald drauf gantz
#Text=warm: welches aus der gar zu trocknen Lufft entſtehet/ und unter allen
#Text=Theilen deß Leibes/ das Haupt am meiſten beleidiget;
#Text=und ſolches deſto-
#Text=mehr/ weil deſſen Schweißloͤcher durch die warme Lufft ſehr geoͤffnet ſind
#Text=.
4-1	483-485	Jm	
4-2	486-492	Winter	
4-3	493-496	iſt	
4-4	497-500	die	
4-5	501-506	Lufft	
4-6	506-507	/	
4-7	508-514	welche	
4-8	515-520	ſonſt	
4-9	521-524	von	
4-10	525-530	Natur	
4-11	530-531	/	
4-12	532-542	ſonderlich	
4-13	543-548	etwas	
4-14	549-554	tieff	
4-15	555-557	im	
4-16	558-563	Lande	
4-17	563-564	/	
4-18	565-570	allda	
4-19	571-575	heiß	
4-20	575-576	/	
4-21	577-584	trocken	
4-22	584-585	/	
4-23	586-588	un	
4-24	588-589	-	
4-25	590-600	beſtaͤndig	
4-26	600-601	/	
4-27	602-605	und	
4-28	606-619	durchdringend	
4-29	619-620	/	
4-30	621-623	zu	
4-31	624-630	Zeiten	
4-32	631-635	ſehr	
4-33	636-640	kalt	
4-34	640-641	/	
4-35	642-645	und	
4-36	646-650	bald	
4-37	651-656	drauf	
4-38	657-662	gantz	
4-39	663-667	warm	
4-40	667-668	:	
4-41	669-676	welches	
4-42	677-680	aus	
4-43	681-684	der	
4-44	685-688	gar	
4-45	689-691	zu	
4-46	692-700	trocknen	
4-47	701-706	Lufft	
4-48	707-716	entſtehet	
4-49	716-717	/	
4-50	718-721	und	
4-51	722-727	unter	
4-52	728-733	allen	
4-53	734-741	Theilen	
4-54	742-745	deß	
4-55	746-752	Leibes	
4-56	752-753	/	
4-57	754-757	das	
4-58	758-763	Haupt	
4-59	764-766	am	
4-60	767-774	meiſten	
4-61	775-785	beleidiget	
4-62	785-786	;	
4-63	787-790	und	
4-64	791-798	ſolches	
4-65	799-804	deſto	
4-66	804-805	-	
4-67	806-810	mehr	
4-68	810-811	/	
4-69	812-816	weil	
4-70	817-823	deſſen	
4-71	824-838	Schweißloͤcher	
4-72	839-844	durch	
4-73	845-848	die	
4-74	849-854	warme	
4-75	855-860	Lufft	
4-76	861-865	ſehr	
4-77	866-875	geoͤffnet	
4-78	876-880	ſind	
4-79	881-882	.	

#Text=Alſo daß ſie die kalte Lufft deſto leichter einziehen.
5-1	884-888	Alſo	
5-2	889-892	daß	
5-3	893-896	ſie	
5-4	897-900	die	
5-5	901-906	kalte	
5-6	907-912	Lufft	
5-7	913-918	deſto	
5-8	919-927	leichter	
5-9	928-937	einziehen	
5-10	937-938	.	

#Text=Und darum findet man
#Text=keine Haupt-Kranckheit/ die von Fluͤſſen herruͤhret/ welcher die Egypter
#Text=nicht unterworffen ſeynd.
6-1	939-942	Und	
6-2	943-948	darum	
6-3	949-955	findet	
6-4	956-959	man	
6-5	960-965	keine	
6-6	966-982	Haupt-Kranckheit	
6-7	982-983	/	
6-8	984-987	die	
6-9	988-991	von	
6-10	992-1000	Fluͤſſen	
6-11	1001-1011	herruͤhret	
6-12	1011-1012	/	
6-13	1013-1020	welcher	
6-14	1021-1024	die	
6-15	1025-1032	Egypter	
6-16	1033-1038	nicht	
6-17	1039-1051	unterworffen	
6-18	1052-1057	ſeynd	
6-19	1057-1058	.	

#Text=Jm
#Text=Winter iſt die Nacht-Lufft
#Text=ebenmaͤſſig ſehr
#Text=
#Text=kalt: welche nach der Sonnen Aufgang etwas warm wird/ und gegen
#Text=den Mittag immer heiſſer;
#Text=aber deß Nachts wieder kalt: und alſo iſt die
#Text=Egyptiſche Lufft ſehr wandelbar; und daher verurſachet ſie viel Kranck-
#Text=heiten.
7-1	1059-1061	Jm	
7-2	1062-1068	Winter	
7-3	1069-1072	iſt	
7-4	1073-1076	die	
7-5	1077-1088	Nacht-Lufft	
7-6	1089-1100	ebenmaͤſſig	
7-7	1101-1105	ſehr	
7-8	1107-1111	kalt	
7-9	1111-1112	:	
7-10	1113-1119	welche	
7-11	1120-1124	nach	
7-12	1125-1128	der	
7-13	1129-1135	Sonnen	
7-14	1136-1143	Aufgang	
7-15	1144-1149	etwas	
7-16	1150-1154	warm	
7-17	1155-1159	wird	
7-18	1159-1160	/	
7-19	1161-1164	und	
7-20	1165-1170	gegen	
7-21	1171-1174	den	
7-22	1175-1181	Mittag	
7-23	1182-1187	immer	
7-24	1188-1195	heiſſer	
7-25	1195-1196	;	
7-26	1197-1201	aber	
7-27	1202-1205	deß	
7-28	1206-1212	Nachts	
7-29	1213-1219	wieder	
7-30	1220-1224	kalt	
7-31	1224-1225	:	
7-32	1226-1229	und	
7-33	1230-1234	alſo	
7-34	1235-1238	iſt	
7-35	1239-1242	die	
7-36	1243-1253	Egyptiſche	
7-37	1254-1259	Lufft	
7-38	1260-1264	ſehr	
7-39	1265-1274	wandelbar	
7-40	1274-1275	;	
7-41	1276-1279	und	
7-42	1280-1285	daher	
7-43	1286-1297	verurſachet	
7-44	1298-1301	ſie	
7-45	1302-1306	viel	
7-46	1307-1313	Kranck	
7-47	1313-1314	-	
7-48	1315-1321	heiten	
7-49	1321-1322	.	
