#FORMAT=WebAnno TSV 3.3


#Text=Ten tweede.
1-1	4-7	Ten	
1-2	8-14	tweede	
1-3	14-15	.	

#Text=Daarin moet geen ijver gebruikt worden zonder verstand;
#Text=wij hebben dat op zijn tijd te doen.
2-1	16-22	Daarin	
2-2	23-27	moet	
2-3	28-32	geen	
2-4	33-38	ijver	
2-5	39-47	gebruikt	
2-6	48-54	worden	
2-7	55-61	zonder	
2-8	62-70	verstand	
2-9	70-71	;	
2-10	72-75	wij	
2-11	76-82	hebben	
2-12	83-86	dat	
2-13	87-89	op	
2-14	90-94	zijn	
2-15	95-99	tijd	
2-16	100-102	te	
2-17	103-107	doen	
2-18	107-108	.	

#Text=Ten derde.
3-1	112-115	Ten	
3-2	116-121	derde	
3-3	121-122	.	

#Text=Wij zeiden, dat het de overheid moet doen.
4-1	123-126	Wij	
4-2	127-133	zeiden	
4-3	133-134	,	
4-4	135-138	dat	
4-5	139-142	het	
4-6	143-145	de	
4-7	146-154	overheid	
4-8	155-159	moet	
4-9	160-164	doen	
4-10	164-165	.	

#Text=Ten vierde.
5-1	168-171	Ten	
5-2	172-178	vierde	
5-3	178-179	.	

#Text=Elke ingezetene moet zijn hand in het stuk hebben.
6-1	180-184	Elke	
6-2	185-195	ingezetene	
6-3	196-200	moet	
6-4	201-205	zijn	
6-5	206-210	hand	
6-6	211-213	in	
6-7	214-217	het	
6-8	218-222	stuk	
6-9	223-229	hebben	
6-10	229-230	.	

#Text=Ten vijfde.
7-1	234-237	Ten	
7-2	238-244	vijfde	
7-3	244-245	.	

#Text=Al de uitvluchten en uitzonderingen, alle leeuwen moeten wij uit de weg drijven.
8-1	246-248	Al	
8-2	249-251	de	
8-3	252-263	uitvluchten	
8-4	264-266	en	
8-5	267-281	uitzonderingen	
8-6	281-282	,	
8-7	283-287	alle	
8-8	288-295	leeuwen	
8-9	296-302	moeten	
8-10	303-306	wij	
8-11	307-310	uit	
8-12	311-313	de	
8-13	314-317	weg	
8-14	318-325	drijven	
8-15	325-326	.	

#Text=Ten zesde en ten laatste zeiden wij:
#Text=Och
#Text=God!
9-1	329-332	Ten	
9-2	333-338	zesde	
9-3	339-341	en	
9-4	342-345	ten	
9-5	346-353	laatste	
9-6	354-360	zeiden	
9-7	361-364	wij	
9-8	364-365	:	
9-9	366-369	Och	
9-10	370-373	God	
9-11	373-374	!	

#Text=wij zullen misschien niet lang in staat zijn om het te kunnen of te mogen doen
#Text=; en daarom zeiden wij, neemt het bijtijds waar.
10-1	375-378	wij	
10-2	379-385	zullen	
10-3	386-395	misschien	
10-4	396-400	niet	
10-5	401-405	lang	
10-6	406-408	in	
10-7	409-414	staat	
10-8	415-419	zijn	
10-9	420-422	om	
10-10	423-426	het	
10-11	427-429	te	
10-12	430-436	kunnen	
10-13	437-439	of	
10-14	440-442	te	
10-15	443-448	mogen	
10-16	449-453	doen	
10-17	454-455	;	
10-18	456-458	en	
10-19	459-465	daarom	
10-20	466-472	zeiden	
10-21	473-476	wij	
10-22	476-477	,	
10-23	478-483	neemt	
10-24	484-487	het	
10-25	488-496	bijtijds	
10-26	497-501	waar	
10-27	501-502	.	

#Text=Dat zijn de zes dingen die wij nog te bezien hebben.
11-1	503-506	Dat	
11-2	507-511	zijn	
11-3	512-514	de	
11-4	515-518	zes	
11-5	519-525	dingen	
11-6	526-529	die	
11-7	530-533	wij	
11-8	534-537	nog	
11-9	538-540	te	
11-10	541-547	bezien	
11-11	548-554	hebben	
11-12	554-555	.	

#Text=Gij ziet wel, dat wij die nu niet af kunnen handelen.
12-1	556-559	Gij	
12-2	560-564	ziet	
12-3	565-568	wel	
12-4	568-569	,	
12-5	570-573	dat	
12-6	574-577	wij	
12-7	578-581	die	
12-8	582-584	nu	
12-9	585-589	niet	
12-10	590-592	af	
12-11	593-599	kunnen	
12-12	600-608	handelen	
12-13	608-609	.	

#Text=Maar om u niet te lang op te houden, geloven wij dat wij er nu twee stukken van zullen kunnen hebben;
#Text=namelijk:
#Text=\t1.
13-1	610-614	Maar	
13-2	615-617	om	
13-3	618-619	u	
13-4	620-624	niet	
13-5	625-627	te	
13-6	628-632	lang	
13-7	633-635	op	
13-8	636-638	te	
13-9	639-645	houden	
13-10	645-646	,	
13-11	647-654	geloven	
13-12	655-658	wij	
13-13	659-662	dat	
13-14	663-666	wij	
13-15	667-669	er	
13-16	670-672	nu	
13-17	673-677	twee	
13-18	678-685	stukken	
13-19	686-689	van	
13-20	690-696	zullen	
13-21	697-703	kunnen	
13-22	704-710	hebben	
13-23	710-711	;	
13-24	712-720	namelijk	
13-25	720-721	:	
13-26	723-724	1	
13-27	724-725	.	
