#FORMAT=WebAnno TSV 3.3


#Text=2 Transite in Chalane, et videte, et ite inde in Emath magnam, et descendite in Geth Palæstinorum, et ad optima quæque regna horum : si latior terminus eorum termino vestro est.
#Text=3 Qui separati estis in diem malum, et appropinquatis solio iniquitatis ; 4 qui dormitis in lectis eburneis, et lascivitis in stratis vestris ; qui comeditis agnum de grege, et vitulos de medio armenti ; 5 qui canitis ad vocem psalterii, sicut David putaverunt se habere vasa cantici, 6 bibentes vinum in phialis, et optimo unguento delibuti, et nihil patiebantur super contritione Joseph.
#Text=7 Quapropter nunc migrabunt in capite transmigrantium, et auferetur factio lascivientium.
#Text=8 Juravit Dominus Deus in anima sua, dicit Dominus Deus exercituum : Detestor ego superbiam Jacob, et domos ejus odi, et tradam civitatem cum habitatoribus suis.
#Text=9 Quod si reliqui fuerint decem viri in domo una, et ipsi morientur.
#Text=10 Et tollet eum propinquus suus, et comburet eum, ut efferat ossa de domo ; et dicet ei, qui in penetralibus domus est : Numquid adhuc est penes te ?
1-1	2-3	2	
1-2	4-12	Transite	
1-3	13-15	in	
1-4	16-23	Chalane	
1-5	23-24	,	
1-6	25-27	et	
1-7	28-34	videte	
1-8	34-35	,	
1-9	36-38	et	
1-10	39-42	ite	
1-11	43-47	inde	
1-12	48-50	in	
1-13	51-56	Emath	
1-14	57-63	magnam	
1-15	63-64	,	
1-16	65-67	et	
1-17	68-78	descendite	
1-18	79-81	in	
1-19	82-86	Geth	
1-20	87-99	Palæstinorum	
1-21	99-100	,	
1-22	101-103	et	
1-23	104-106	ad	
1-24	107-113	optima	
1-25	114-120	quæque	
1-26	121-126	regna	
1-27	127-132	horum	
1-28	133-134	:	
1-29	135-137	si	
1-30	138-144	latior	
1-31	145-153	terminus	
1-32	154-159	eorum	
1-33	160-167	termino	
1-34	168-174	vestro	
1-35	175-178	est	
1-36	178-179	.	
1-37	180-181	3	
1-38	182-185	Qui	
1-39	186-194	separati	
1-40	195-200	estis	
1-41	201-203	in	
1-42	204-208	diem	
1-43	209-214	malum	
1-44	214-215	,	
1-45	216-218	et	
1-46	219-233	appropinquatis	
1-47	234-239	solio	
1-48	240-251	iniquitatis	
1-49	252-253	;	
1-50	254-255	4	
1-51	256-259	qui	
1-52	260-268	dormitis	
1-53	269-271	in	
1-54	272-278	lectis	
1-55	279-287	eburneis	
1-56	287-288	,	
1-57	289-291	et	
1-58	292-302	lascivitis	
1-59	303-305	in	
1-60	306-313	stratis	
1-61	314-321	vestris	
1-62	322-323	;	
1-63	324-327	qui	
1-64	328-337	comeditis	
1-65	338-343	agnum	
1-66	344-346	de	
1-67	347-352	grege	
1-68	352-353	,	
1-69	354-356	et	
1-70	357-364	vitulos	
1-71	365-367	de	
1-72	368-373	medio	
1-73	374-381	armenti	
1-74	382-383	;	
1-75	384-385	5	
1-76	386-389	qui	
1-77	390-397	canitis	
1-78	398-400	ad	
1-79	401-406	vocem	
1-80	407-416	psalterii	
1-81	416-417	,	
1-82	418-423	sicut	
1-83	424-429	David	
1-84	430-440	putaverunt	
1-85	441-443	se	
1-86	444-450	habere	
1-87	451-455	vasa	
1-88	456-463	cantici	
1-89	463-464	,	
1-90	465-466	6	
1-91	467-475	bibentes	
1-92	476-481	vinum	
1-93	482-484	in	
1-94	485-492	phialis	
1-95	492-493	,	
1-96	494-496	et	
1-97	497-503	optimo	
1-98	504-512	unguento	
1-99	513-521	delibuti	
1-100	521-522	,	
1-101	523-525	et	
1-102	526-531	nihil	
1-103	532-543	patiebantur	
1-104	544-549	super	
1-105	550-561	contritione	
1-106	562-568	Joseph	
1-107	568-569	.	
1-108	570-571	7	
1-109	572-582	Quapropter	
1-110	583-587	nunc	
1-111	588-597	migrabunt	
1-112	598-600	in	
1-113	601-607	capite	
1-114	608-623	transmigrantium	
1-115	623-624	,	
1-116	625-627	et	
1-117	628-637	auferetur	
1-118	638-644	factio	
1-119	645-658	lascivientium	
1-120	658-659	.	
1-121	660-661	8	
1-122	662-669	Juravit	
1-123	670-677	Dominus	
1-124	678-682	Deus	
1-125	683-685	in	
1-126	686-691	anima	
1-127	692-695	sua	
1-128	695-696	,	
1-129	697-702	dicit	
1-130	703-710	Dominus	
1-131	711-715	Deus	
1-132	716-726	exercituum	
1-133	727-728	:	
1-134	729-737	Detestor	
1-135	738-741	ego	
1-136	742-751	superbiam	
1-137	752-757	Jacob	
1-138	757-758	,	
1-139	759-761	et	
1-140	762-767	domos	
1-141	768-772	ejus	
1-142	773-776	odi	
1-143	776-777	,	
1-144	778-780	et	
1-145	781-787	tradam	
1-146	788-797	civitatem	
1-147	798-801	cum	
1-148	802-815	habitatoribus	
1-149	816-820	suis	
1-150	820-821	.	
1-151	822-823	9	
1-152	824-828	Quod	
1-153	829-831	si	
1-154	832-839	reliqui	
1-155	840-847	fuerint	
1-156	848-853	decem	
1-157	854-858	viri	
1-158	859-861	in	
1-159	862-866	domo	
1-160	867-870	una	
1-161	870-871	,	
1-162	872-874	et	
1-163	875-879	ipsi	
1-164	880-889	morientur	
1-165	889-890	.	
1-166	891-893	10	
1-167	894-896	Et	
1-168	897-903	tollet	
1-169	904-907	eum	
1-170	908-918	propinquus	
1-171	919-923	suus	
1-172	923-924	,	
1-173	925-927	et	
1-174	928-936	comburet	
1-175	937-940	eum	
1-176	940-941	,	
1-177	942-944	ut	
1-178	945-952	efferat	
1-179	953-957	ossa	
1-180	958-960	de	
1-181	961-965	domo	
1-182	966-967	;	
1-183	968-970	et	
1-184	971-976	dicet	
1-185	977-979	ei	
1-186	979-980	,	
1-187	981-984	qui	
1-188	985-987	in	
1-189	988-1000	penetralibus	
1-190	1001-1006	domus	
1-191	1007-1010	est	
1-192	1011-1012	:	
1-193	1013-1020	Numquid	
1-194	1021-1026	adhuc	
1-195	1027-1030	est	
1-196	1031-1036	penes	
1-197	1037-1039	te	
1-198	1040-1041	?	

#Text=11 Et respondebit : Finis est.
2-1	1042-1044	11	
2-2	1045-1047	Et	
2-3	1048-1059	respondebit	
2-4	1060-1061	:	
2-5	1062-1067	Finis	
2-6	1068-1071	est	
2-7	1071-1072	.	

#Text=Et dicet ei : Tace, et non recorderis nominis Domini.
#Text=12 Quia ecce Dominus mandabit, et percutiet domum majorem ruinis, et domum minorem scissionibus.
#Text=13 Numquid currere queunt in petris equi, aut arari potest in bubalis ?
3-1	1073-1075	Et	
3-2	1076-1081	dicet	
3-3	1082-1084	ei	
3-4	1085-1086	:	
3-5	1087-1091	Tace	
3-6	1091-1092	,	
3-7	1093-1095	et	
3-8	1096-1099	non	
3-9	1100-1110	recorderis	
3-10	1111-1118	nominis	
3-11	1119-1125	Domini	
3-12	1125-1126	.	
3-13	1127-1129	12	
3-14	1130-1134	Quia	
3-15	1135-1139	ecce	
3-16	1140-1147	Dominus	
3-17	1148-1156	mandabit	
3-18	1156-1157	,	
3-19	1158-1160	et	
3-20	1161-1170	percutiet	
3-21	1171-1176	domum	
3-22	1177-1184	majorem	
3-23	1185-1191	ruinis	
3-24	1191-1192	,	
3-25	1193-1195	et	
3-26	1196-1201	domum	
3-27	1202-1209	minorem	
3-28	1210-1222	scissionibus	
3-29	1222-1223	.	
3-30	1224-1226	13	
3-31	1227-1234	Numquid	
3-32	1235-1242	currere	
3-33	1243-1249	queunt	
3-34	1250-1252	in	
3-35	1253-1259	petris	
3-36	1260-1264	equi	
3-37	1264-1265	,	
3-38	1266-1269	aut	
3-39	1270-1275	arari	
3-40	1276-1282	potest	
3-41	1283-1285	in	
3-42	1286-1293	bubalis	
3-43	1294-1295	?	

#Text=quoniam convertistis in amaritudinem judicium, et fructum justitiæ in absinthium.
#Text=14 Qui lætamini in nihilo ; qui dicitis : Numquid non in fortitudine nostra assumpsimus nobis cornua ?
4-1	1296-1303	quoniam	
4-2	1304-1316	convertistis	
4-3	1317-1319	in	
4-4	1320-1332	amaritudinem	
4-5	1333-1341	judicium	
4-6	1341-1342	,	
4-7	1343-1345	et	
4-8	1346-1353	fructum	
4-9	1354-1362	justitiæ	
4-10	1363-1365	in	
4-11	1366-1376	absinthium	
4-12	1376-1377	.	
4-13	1378-1380	14	
4-14	1381-1384	Qui	
4-15	1385-1393	lætamini	
4-16	1394-1396	in	
4-17	1397-1403	nihilo	
4-18	1404-1405	;	
4-19	1406-1409	qui	
4-20	1410-1417	dicitis	
4-21	1418-1419	:	
4-22	1420-1427	Numquid	
4-23	1428-1431	non	
4-24	1432-1434	in	
4-25	1435-1446	fortitudine	
4-26	1447-1453	nostra	
4-27	1454-1465	assumpsimus	
4-28	1466-1471	nobis	
4-29	1472-1478	cornua	
4-30	1479-1480	?	

#Text=15 Ecce enim suscitabo super vos, domus Israël, dicit Dominus Deus exercituum, gentem, et conteret vos ab introitu Emath usque ad torrentem deserti.
5-1	1481-1483	15	
5-2	1484-1488	Ecce	
5-3	1489-1493	enim	
5-4	1494-1503	suscitabo	
5-5	1504-1509	super	
5-6	1510-1513	vos	
5-7	1513-1514	,	
5-8	1515-1520	domus	
5-9	1521-1527	Israël	
5-10	1527-1528	,	
5-11	1529-1534	dicit	
5-12	1535-1542	Dominus	
5-13	1543-1547	Deus	
5-14	1548-1558	exercituum	
5-15	1558-1559	,	
5-16	1560-1566	gentem	
5-17	1566-1567	,	
5-18	1568-1570	et	
5-19	1571-1579	conteret	
5-20	1580-1583	vos	
5-21	1584-1586	ab	
5-22	1587-1595	introitu	
5-23	1596-1601	Emath	
5-24	1602-1607	usque	
5-25	1608-1610	ad	
5-26	1611-1620	torrentem	
5-27	1621-1628	deserti	
5-28	1628-1629	.	

#Text=Caput 7
#Text=
#Text=
#Text=1 Hæc ostendit mihi Dominus Deus : et ecce fictor locustæ in principio germinantium serotini imbris, et ecce serotinus post tonsionem regis.
#Text=2 Et factum est, cum consummasset comedere herbam terræ, dixi : Domine Deus, propitius esto, obsecro ; quis suscitabit Jacob, quia parvulus est ?
6-1	1630-1635	Caput	
6-2	1636-1637	7	
6-3	1640-1641	1	
6-4	1642-1645	Hæc	
6-5	1646-1654	ostendit	
6-6	1655-1659	mihi	
6-7	1660-1667	Dominus	
6-8	1668-1672	Deus	
6-9	1673-1674	:	
6-10	1675-1677	et	
6-11	1678-1682	ecce	
6-12	1683-1689	fictor	
6-13	1690-1697	locustæ	
6-14	1698-1700	in	
6-15	1701-1710	principio	
6-16	1711-1723	germinantium	
6-17	1724-1732	serotini	
6-18	1733-1739	imbris	
6-19	1739-1740	,	
6-20	1741-1743	et	
6-21	1744-1748	ecce	
6-22	1749-1758	serotinus	
6-23	1759-1763	post	
6-24	1764-1773	tonsionem	
6-25	1774-1779	regis	
6-26	1779-1780	.	
6-27	1781-1782	2	
6-28	1783-1785	Et	
6-29	1786-1792	factum	
6-30	1793-1796	est	
6-31	1796-1797	,	
6-32	1798-1801	cum	
6-33	1802-1814	consummasset	
6-34	1815-1823	comedere	
6-35	1824-1830	herbam	
6-36	1831-1836	terræ	
6-37	1836-1837	,	
6-38	1838-1842	dixi	
6-39	1843-1844	:	
6-40	1845-1851	Domine	
6-41	1852-1856	Deus	
6-42	1856-1857	,	
6-43	1858-1867	propitius	
6-44	1868-1872	esto	
6-45	1872-1873	,	
6-46	1874-1881	obsecro	
6-47	1882-1883	;	
6-48	1884-1888	quis	
6-49	1889-1899	suscitabit	
6-50	1900-1905	Jacob	
6-51	1905-1906	,	
6-52	1907-1911	quia	
6-53	1912-1920	parvulus	
6-54	1921-1924	est	
6-55	1925-1926	?	

#Text=3 Misertus est Dominus super hoc : Non erit, dixit Dominus.
#Text=4 Hæc ostendit mihi Dominus Deus : et ecce vocabat judicium ad ignem Dominus Deus ; et devoravit abyssum multam, et comedit simul partem.
#Text=5 Et dixi : Domine Deus, quiesce, obsecro ; quis suscitabit Jacob, quia parvulus est ?
7-1	1927-1928	3	
7-2	1929-1937	Misertus	
7-3	1938-1941	est	
7-4	1942-1949	Dominus	
7-5	1950-1955	super	
7-6	1956-1959	hoc	
7-7	1960-1961	:	
7-8	1962-1965	Non	
7-9	1966-1970	erit	
7-10	1970-1971	,	
7-11	1972-1977	dixit	
7-12	1978-1985	Dominus	
7-13	1985-1986	.	
7-14	1987-1988	4	
7-15	1989-1992	Hæc	
7-16	1993-2001	ostendit	
7-17	2002-2006	mihi	
7-18	2007-2014	Dominus	
7-19	2015-2019	Deus	
7-20	2020-2021	:	
7-21	2022-2024	et	
7-22	2025-2029	ecce	
7-23	2030-2037	vocabat	
7-24	2038-2046	judicium	
7-25	2047-2049	ad	
7-26	2050-2055	ignem	
7-27	2056-2063	Dominus	
7-28	2064-2068	Deus	
7-29	2069-2070	;	
7-30	2071-2073	et	
7-31	2074-2083	devoravit	
7-32	2084-2091	abyssum	
7-33	2092-2098	multam	
7-34	2098-2099	,	
7-35	2100-2102	et	
7-36	2103-2110	comedit	
7-37	2111-2116	simul	
7-38	2117-2123	partem	
7-39	2123-2124	.	
7-40	2125-2126	5	
7-41	2127-2129	Et	
7-42	2130-2134	dixi	
7-43	2135-2136	:	
7-44	2137-2143	Domine	
7-45	2144-2148	Deus	
7-46	2148-2149	,	
7-47	2150-2157	quiesce	
7-48	2157-2158	,	
7-49	2159-2166	obsecro	
7-50	2167-2168	;	
7-51	2169-2173	quis	
7-52	2174-2184	suscitabit	
7-53	2185-2190	Jacob	
7-54	2190-2191	,	
7-55	2192-2196	quia	
7-56	2197-2205	parvulus	
7-57	2206-2209	est	
7-58	2210-2211	?	

#Text=6 Misertus est Dominus super hoc : Sed et istud non erit, dixit Dominus Deus.
#Text=7 Hæc ostendit mihi Dominus : et ecce Dominus stans super murum litum, et in manu ejus trulla cæmentarii.
8-1	2212-2213	6	
8-2	2214-2222	Misertus	
8-3	2223-2226	est	
8-4	2227-2234	Dominus	
8-5	2235-2240	super	
8-6	2241-2244	hoc	
8-7	2245-2246	:	
8-8	2247-2250	Sed	
8-9	2251-2253	et	
8-10	2254-2259	istud	
8-11	2260-2263	non	
8-12	2264-2268	erit	
8-13	2268-2269	,	
8-14	2270-2275	dixit	
8-15	2276-2283	Dominus	
8-16	2284-2288	Deus	
8-17	2288-2289	.	
8-18	2290-2291	7	
8-19	2292-2295	Hæc	
8-20	2296-2304	ostendit	
8-21	2305-2309	mihi	
8-22	2310-2317	Dominus	
8-23	2318-2319	:	
8-24	2320-2322	et	
8-25	2323-2327	ecce	
8-26	2328-2335	Dominus	
8-27	2336-2341	stans	
8-28	2342-2347	super	
8-29	2348-2353	murum	
8-30	2354-2359	litum	
8-31	2359-2360	,	
8-32	2361-2363	et	
8-33	2364-2366	in	
8-34	2367-2371	manu	
8-35	2372-2376	ejus	
8-36	2377-2383	trulla	
8-37	2384-2394	cæmentarii	
8-38	2394-2395	.	
