#FORMAT=WebAnno TSV 3.3


#Text=9 Quoniam qui malignantur exterminabuntur ; sustinentes autem Dominum, ipsi hæreditabunt terram.
#Text=10 Et adhuc pusillum, et non erit peccator ; et quæres locum ejus, et non invenies.
#Text=11 Mansueti autem hæreditabunt terram, et delectabuntur in multitudine pacis.
#Text=12 Observabit peccator justum, et stridebit super eum dentibus suis.
#Text=13 Dominus autem irridebit eum, quoniam prospicit quod veniet dies ejus.
#Text=14 Gladium evaginaverunt peccatores ; intenderunt arcum suum : ut dejiciant pauperem et inopem, ut trucident rectos corde.
#Text=15 Gladius eorum intret in corda ipsorum, et arcus eorum confringatur.
#Text=16 Melius est modicum justo, super divitias peccatorum multas : 17 quoniam brachia peccatorum conterentur : confirmat autem justos Dominus.
#Text=18 Novit Dominus dies immaculatorum, et hæreditas eorum in æternum erit.
#Text=19 Non confundentur in tempore malo, et in diebus famis saturabuntur : 20 quia peccatores peribunt.
1-1	2-3	9	
1-2	4-11	Quoniam	
1-3	12-15	qui	
1-4	16-27	malignantur	
1-5	28-43	exterminabuntur	
1-6	44-45	;	
1-7	46-57	sustinentes	
1-8	58-63	autem	
1-9	64-71	Dominum	
1-10	71-72	,	
1-11	73-77	ipsi	
1-12	78-90	hæreditabunt	
1-13	91-97	terram	
1-14	97-98	.	
1-15	99-101	10	
1-16	102-104	Et	
1-17	105-110	adhuc	
1-18	111-119	pusillum	
1-19	119-120	,	
1-20	121-123	et	
1-21	124-127	non	
1-22	128-132	erit	
1-23	133-141	peccator	
1-24	142-143	;	
1-25	144-146	et	
1-26	147-153	quæres	
1-27	154-159	locum	
1-28	160-164	ejus	
1-29	164-165	,	
1-30	166-168	et	
1-31	169-172	non	
1-32	173-181	invenies	
1-33	181-182	.	
1-34	183-185	11	
1-35	186-194	Mansueti	
1-36	195-200	autem	
1-37	201-213	hæreditabunt	
1-38	214-220	terram	
1-39	220-221	,	
1-40	222-224	et	
1-41	225-238	delectabuntur	
1-42	239-241	in	
1-43	242-253	multitudine	
1-44	254-259	pacis	
1-45	259-260	.	
1-46	261-263	12	
1-47	264-274	Observabit	
1-48	275-283	peccator	
1-49	284-290	justum	
1-50	290-291	,	
1-51	292-294	et	
1-52	295-304	stridebit	
1-53	305-310	super	
1-54	311-314	eum	
1-55	315-323	dentibus	
1-56	324-328	suis	
1-57	328-329	.	
1-58	330-332	13	
1-59	333-340	Dominus	
1-60	341-346	autem	
1-61	347-356	irridebit	
1-62	357-360	eum	
1-63	360-361	,	
1-64	362-369	quoniam	
1-65	370-379	prospicit	
1-66	380-384	quod	
1-67	385-391	veniet	
1-68	392-396	dies	
1-69	397-401	ejus	
1-70	401-402	.	
1-71	403-405	14	
1-72	406-413	Gladium	
1-73	414-427	evaginaverunt	
1-74	428-438	peccatores	
1-75	439-440	;	
1-76	441-452	intenderunt	
1-77	453-458	arcum	
1-78	459-463	suum	
1-79	464-465	:	
1-80	466-468	ut	
1-81	469-478	dejiciant	
1-82	479-487	pauperem	
1-83	488-490	et	
1-84	491-497	inopem	
1-85	497-498	,	
1-86	499-501	ut	
1-87	502-511	trucident	
1-88	512-518	rectos	
1-89	519-524	corde	
1-90	524-525	.	
1-91	526-528	15	
1-92	529-536	Gladius	
1-93	537-542	eorum	
1-94	543-549	intret	
1-95	550-552	in	
1-96	553-558	corda	
1-97	559-566	ipsorum	
1-98	566-567	,	
1-99	568-570	et	
1-100	571-576	arcus	
1-101	577-582	eorum	
1-102	583-595	confringatur	
1-103	595-596	.	
1-104	597-599	16	
1-105	600-606	Melius	
1-106	607-610	est	
1-107	611-618	modicum	
1-108	619-624	justo	
1-109	624-625	,	
1-110	626-631	super	
1-111	632-640	divitias	
1-112	641-651	peccatorum	
1-113	652-658	multas	
1-114	659-660	:	
1-115	661-663	17	
1-116	664-671	quoniam	
1-117	672-679	brachia	
1-118	680-690	peccatorum	
1-119	691-702	conterentur	
1-120	703-704	:	
1-121	705-714	confirmat	
1-122	715-720	autem	
1-123	721-727	justos	
1-124	728-735	Dominus	
1-125	735-736	.	
1-126	737-739	18	
1-127	740-745	Novit	
1-128	746-753	Dominus	
1-129	754-758	dies	
1-130	759-772	immaculatorum	
1-131	772-773	,	
1-132	774-776	et	
1-133	777-786	hæreditas	
1-134	787-792	eorum	
1-135	793-795	in	
1-136	796-803	æternum	
1-137	804-808	erit	
1-138	808-809	.	
1-139	810-812	19	
1-140	813-816	Non	
1-141	817-829	confundentur	
1-142	830-832	in	
1-143	833-840	tempore	
1-144	841-845	malo	
1-145	845-846	,	
1-146	847-849	et	
1-147	850-852	in	
1-148	853-859	diebus	
1-149	860-865	famis	
1-150	866-878	saturabuntur	
1-151	879-880	:	
1-152	881-883	20	
1-153	884-888	quia	
1-154	889-899	peccatores	
1-155	900-908	peribunt	
1-156	908-909	.	

#Text=Inimici vero Domini mox ut honorificati fuerint et exaltati, deficientes quemadmodum fumus deficient.
#Text=21 Mutuabitur peccator, et non solvet ; justus autem miseretur et tribuet : 22 quia benedicentes ei hæreditabunt terram ; maledicentes autem ei disperibunt.
#Text=23 Apud Dominum gressus hominis dirigentur, et viam ejus volet.
#Text=24 Cum ceciderit, non collidetur, quia Dominus supponit manum suam.
#Text=25 Junior fui, etenim senui ; et non vidi justum derelictum, nec semen ejus quærens panem.
#Text=26 Tota die miseretur et commodat ; et semen illius in benedictione erit.
#Text=27 Declina a malo, et fac bonum, et inhabita in sæculum sæculi : 28 quia Dominus amat judicium, et non derelinquet sanctos suos : in æternum conservabuntur.
2-1	910-917	Inimici	
2-2	918-922	vero	
2-3	923-929	Domini	
2-4	930-933	mox	
2-5	934-936	ut	
2-6	937-949	honorificati	
2-7	950-957	fuerint	
2-8	958-960	et	
2-9	961-969	exaltati	
2-10	969-970	,	
2-11	971-982	deficientes	
2-12	983-994	quemadmodum	
2-13	995-1000	fumus	
2-14	1001-1010	deficient	
2-15	1010-1011	.	
2-16	1012-1014	21	
2-17	1015-1025	Mutuabitur	
2-18	1026-1034	peccator	
2-19	1034-1035	,	
2-20	1036-1038	et	
2-21	1039-1042	non	
2-22	1043-1049	solvet	
2-23	1050-1051	;	
2-24	1052-1058	justus	
2-25	1059-1064	autem	
2-26	1065-1074	miseretur	
2-27	1075-1077	et	
2-28	1078-1085	tribuet	
2-29	1086-1087	:	
2-30	1088-1090	22	
2-31	1091-1095	quia	
2-32	1096-1108	benedicentes	
2-33	1109-1111	ei	
2-34	1112-1124	hæreditabunt	
2-35	1125-1131	terram	
2-36	1132-1133	;	
2-37	1134-1146	maledicentes	
2-38	1147-1152	autem	
2-39	1153-1155	ei	
2-40	1156-1167	disperibunt	
2-41	1167-1168	.	
2-42	1169-1171	23	
2-43	1172-1176	Apud	
2-44	1177-1184	Dominum	
2-45	1185-1192	gressus	
2-46	1193-1200	hominis	
2-47	1201-1211	dirigentur	
2-48	1211-1212	,	
2-49	1213-1215	et	
2-50	1216-1220	viam	
2-51	1221-1225	ejus	
2-52	1226-1231	volet	
2-53	1231-1232	.	
2-54	1233-1235	24	
2-55	1236-1239	Cum	
2-56	1240-1249	ceciderit	
2-57	1249-1250	,	
2-58	1251-1254	non	
2-59	1255-1265	collidetur	
2-60	1265-1266	,	
2-61	1267-1271	quia	
2-62	1272-1279	Dominus	
2-63	1280-1288	supponit	
2-64	1289-1294	manum	
2-65	1295-1299	suam	
2-66	1299-1300	.	
2-67	1301-1303	25	
2-68	1304-1310	Junior	
2-69	1311-1314	fui	
2-70	1314-1315	,	
2-71	1316-1322	etenim	
2-72	1323-1328	senui	
2-73	1329-1330	;	
2-74	1331-1333	et	
2-75	1334-1337	non	
2-76	1338-1342	vidi	
2-77	1343-1349	justum	
2-78	1350-1360	derelictum	
2-79	1360-1361	,	
2-80	1362-1365	nec	
2-81	1366-1371	semen	
2-82	1372-1376	ejus	
2-83	1377-1384	quærens	
2-84	1385-1390	panem	
2-85	1390-1391	.	
2-86	1392-1394	26	
2-87	1395-1399	Tota	
2-88	1400-1403	die	
2-89	1404-1413	miseretur	
2-90	1414-1416	et	
2-91	1417-1425	commodat	
2-92	1426-1427	;	
2-93	1428-1430	et	
2-94	1431-1436	semen	
2-95	1437-1443	illius	
2-96	1444-1446	in	
2-97	1447-1459	benedictione	
2-98	1460-1464	erit	
2-99	1464-1465	.	
2-100	1466-1468	27	
2-101	1469-1476	Declina	
2-102	1477-1478	a	
2-103	1479-1483	malo	
2-104	1483-1484	,	
2-105	1485-1487	et	
2-106	1488-1491	fac	
2-107	1492-1497	bonum	
2-108	1497-1498	,	
2-109	1499-1501	et	
2-110	1502-1510	inhabita	
2-111	1511-1513	in	
2-112	1514-1521	sæculum	
2-113	1522-1528	sæculi	
2-114	1529-1530	:	
2-115	1531-1533	28	
2-116	1534-1538	quia	
2-117	1539-1546	Dominus	
2-118	1547-1551	amat	
2-119	1552-1560	judicium	
2-120	1560-1561	,	
2-121	1562-1564	et	
2-122	1565-1568	non	
2-123	1569-1580	derelinquet	
2-124	1581-1588	sanctos	
2-125	1589-1593	suos	
2-126	1594-1595	:	
2-127	1596-1598	in	
2-128	1599-1606	æternum	
2-129	1607-1621	conservabuntur	
2-130	1621-1622	.	

#Text=Injusti punientur, et semen impiorum peribit.
#Text=29 Justi autem hæreditabunt terram, et inhabitabunt in sæculum sæculi super eam.
#Text=30 Os justi meditabitur sapientiam, et lingua ejus loquetur judicium.
3-1	1623-1630	Injusti	
3-2	1631-1640	punientur	
3-3	1640-1641	,	
3-4	1642-1644	et	
3-5	1645-1650	semen	
3-6	1651-1659	impiorum	
3-7	1660-1667	peribit	
3-8	1667-1668	.	
3-9	1669-1671	29	
3-10	1672-1677	Justi	
3-11	1678-1683	autem	
3-12	1684-1696	hæreditabunt	
3-13	1697-1703	terram	
3-14	1703-1704	,	
3-15	1705-1707	et	
3-16	1708-1720	inhabitabunt	
3-17	1721-1723	in	
3-18	1724-1731	sæculum	
3-19	1732-1738	sæculi	
3-20	1739-1744	super	
3-21	1745-1748	eam	
3-22	1748-1749	.	
3-23	1750-1752	30	
3-24	1753-1755	Os	
3-25	1756-1761	justi	
3-26	1762-1773	meditabitur	
3-27	1774-1784	sapientiam	
3-28	1784-1785	,	
3-29	1786-1788	et	
3-30	1789-1795	lingua	
3-31	1796-1800	ejus	
3-32	1801-1809	loquetur	
3-33	1810-1818	judicium	
3-34	1818-1819	.	
