#FORMAT=WebAnno TSV 3.3


#Text=[493/0541
#Text=]
#Text=
#Text=3.
#Text=die Menge des Farbſtoffes, welche von den Faſern aufgenom-
#Text=men wird.
1-1	4-5	[	
1-2	5-8	493	
1-3	8-9	/	
1-4	9-13	0541	
1-5	14-15	]	
1-6	17-18	3	
1-7	18-19	.	
1-8	20-23	die	
1-9	24-29	Menge	
1-10	30-33	des	
1-11	34-45	Farbſtoffes	
1-12	45-46	,	
1-13	47-53	welche	
1-14	54-57	von	
1-15	58-61	den	
1-16	62-68	Faſern	
1-17	69-77	aufgenom	
1-18	77-78	-	
1-19	79-82	men	
1-20	83-87	wird	
1-21	87-88	.	

#Text=Die Steighöhe der gefärbten Löſungen iſt zunächſt eine viel be-
#Text=deutendere, als allgemein angenommen wird;
#Text=ſie würde eine faſt unbegrenzte
#Text=ſein, wenn der Verſuch in einer Atmoſphäre vorgenommen werden könnte,
#Text=welche mit den Dämpfen der betreffenden Flüſſigkeit vollgeſättigt wäre.
2-1	92-95	Die	
2-2	96-105	Steighöhe	
2-3	106-109	der	
2-4	110-119	gefärbten	
2-5	120-128	Löſungen	
2-6	129-132	iſt	
2-7	133-141	zunächſt	
2-8	142-146	eine	
2-9	147-151	viel	
2-10	152-154	be	
2-11	154-155	-	
2-12	156-166	deutendere	
2-13	166-167	,	
2-14	168-171	als	
2-15	172-181	allgemein	
2-16	182-192	angenommen	
2-17	193-197	wird	
2-18	197-198	;	
2-19	199-202	ſie	
2-20	203-208	würde	
2-21	209-213	eine	
2-22	214-218	faſt	
2-23	219-230	unbegrenzte	
2-24	231-235	ſein	
2-25	235-236	,	
2-26	237-241	wenn	
2-27	242-245	der	
2-28	246-253	Verſuch	
2-29	254-256	in	
2-30	257-262	einer	
2-31	263-273	Atmoſphäre	
2-32	274-285	vorgenommen	
2-33	286-292	werden	
2-34	293-299	könnte	
2-35	299-300	,	
2-36	301-307	welche	
2-37	308-311	mit	
2-38	312-315	den	
2-39	316-323	Dämpfen	
2-40	324-327	der	
2-41	328-340	betreffenden	
2-42	341-352	Flüſſigkeit	
2-43	353-366	vollgeſättigt	
2-44	367-371	wäre	
2-45	371-372	.	

#Text=Das
#Text=iſt aber ſelten oder nie der Fall, und daher ſetzt die Verdunſtung der auf-
#Text=geſaugten Flüſſigkeit in den höchſten, von der Oberfläche am weiteſten ent-
#Text=
#Text=fernten Zonen der Aufſaugungsfähigkeit
#Text=eine beſtimmte Grenze.
3-1	373-376	Das	
3-2	377-380	iſt	
3-3	381-385	aber	
3-4	386-392	ſelten	
3-5	393-397	oder	
3-6	398-401	nie	
3-7	402-405	der	
3-8	406-410	Fall	
3-9	410-411	,	
3-10	412-415	und	
3-11	416-421	daher	
3-12	422-427	ſetzt	
3-13	428-431	die	
3-14	432-443	Verdunſtung	
3-15	444-447	der	
3-16	448-451	auf	
3-17	451-452	-	
3-18	453-462	geſaugten	
3-19	463-474	Flüſſigkeit	
3-20	475-477	in	
3-21	478-481	den	
3-22	482-490	höchſten	
3-23	490-491	,	
3-24	492-495	von	
3-25	496-499	der	
3-26	500-510	Oberfläche	
3-27	511-513	am	
3-28	514-523	weiteſten	
3-29	524-527	ent	
3-30	527-528	-	
3-31	530-537	fernten	
3-32	538-543	Zonen	
3-33	544-547	der	
3-34	548-568	Aufſaugungsfähigkeit	
3-35	569-573	eine	
3-36	574-583	beſtimmte	
3-37	584-590	Grenze	
3-38	590-591	.	

#Text=Dieſe wird
#Text=an der Stelle liegen, wo genau ſo viel Flüſſigkeit (infolge feinſter Ver-
#Text=teilung und höchſter Flächenentfaltung) zu verdampfen vermag, als durch die
#Text=Kapillarität an eben jene Stelle geſchafft wird.
4-1	592-597	Dieſe	
4-2	598-602	wird	
4-3	603-605	an	
4-4	606-609	der	
4-5	610-616	Stelle	
4-6	617-623	liegen	
4-7	623-624	,	
4-8	625-627	wo	
4-9	628-633	genau	
4-10	634-636	ſo	
4-11	637-641	viel	
4-12	642-653	Flüſſigkeit	
4-13	654-655	(	
4-14	655-662	infolge	
4-15	663-671	feinſter	
4-16	672-675	Ver	
4-17	675-676	-	
4-18	677-684	teilung	
4-19	685-688	und	
4-20	689-697	höchſter	
4-21	698-715	Flächenentfaltung	
4-22	715-716	)	
4-23	717-719	zu	
4-24	720-730	verdampfen	
4-25	731-737	vermag	
4-26	737-738	,	
4-27	739-742	als	
4-28	743-748	durch	
4-29	749-752	die	
4-30	753-765	Kapillarität	
4-31	766-768	an	
4-32	769-773	eben	
4-33	774-778	jene	
4-34	779-785	Stelle	
4-35	786-795	geſchafft	
4-36	796-800	wird	
4-37	800-801	.	

#Text=Die Steighöhe wird alſo
#Text=
#Text=
#Text=eine ganz beſtimmte ſein.
5-1	802-805	Die	
5-2	806-815	Steighöhe	
5-3	816-820	wird	
5-4	821-825	alſo	
5-5	828-832	eine	
5-6	833-837	ganz	
5-7	838-847	beſtimmte	
5-8	848-852	ſein	
5-9	852-853	.	

#Text=Unabhängig von der Steighöhe iſt die Steiggeſchwindigkeit.
6-1	857-867	Unabhängig	
6-2	868-871	von	
6-3	872-875	der	
6-4	876-885	Steighöhe	
6-5	886-889	iſt	
6-6	890-893	die	
6-7	894-914	Steiggeſchwindigkeit	
6-8	914-915	.	

#Text=Dieſe
#Text=
#Text=iſt meiſt regelmäßig, ſelten unregelmäßig, d. h. die Flüſſigkeit ſteigt entweder
#Text=in dem jedesmaligen gleichen Zeitraume ein gleiches Stück aufwärts, oder
#Text=dieſes
#Text=Aufwärtsſteigen läßt allmählich nach, der in dem gleichen Zeitraume
#Text=zurückgelegte Weg wird nach und nach kleiner.
7-1	916-921	Dieſe	
7-2	923-926	iſt	
7-3	927-932	meiſt	
7-4	933-943	regelmäßig	
7-5	943-944	,	
7-6	945-951	ſelten	
7-7	952-964	unregelmäßig	
7-8	964-965	,	
7-9	966-967	d	
7-10	967-968	.	
7-11	969-970	h	
7-12	970-971	.	
7-13	972-975	die	
7-14	976-987	Flüſſigkeit	
7-15	988-994	ſteigt	
7-16	995-1003	entweder	
7-17	1004-1006	in	
7-18	1007-1010	dem	
7-19	1011-1023	jedesmaligen	
7-20	1024-1032	gleichen	
7-21	1033-1042	Zeitraume	
7-22	1043-1046	ein	
7-23	1047-1055	gleiches	
7-24	1056-1061	Stück	
7-25	1062-1070	aufwärts	
7-26	1070-1071	,	
7-27	1072-1076	oder	
7-28	1077-1083	dieſes	
7-29	1084-1099	Aufwärtsſteigen	
7-30	1100-1104	läßt	
7-31	1105-1115	allmählich	
7-32	1116-1120	nach	
7-33	1120-1121	,	
7-34	1122-1125	der	
7-35	1126-1128	in	
7-36	1129-1132	dem	
7-37	1133-1141	gleichen	
7-38	1142-1151	Zeitraume	
7-39	1152-1165	zurückgelegte	
7-40	1166-1169	Weg	
7-41	1170-1174	wird	
7-42	1175-1179	nach	
7-43	1180-1183	und	
7-44	1184-1188	nach	
7-45	1189-1196	kleiner	
7-46	1196-1197	.	

#Text=Höchſt ſelten tritt der Fall
#Text=ein, daß die Anfangsgeſchwindigkeit eine enorm große iſt, dann aber, an
#Text=einer gewiſſen Grenze angelangt, ſchnell nachläßt und bald überhaupt aufhört.
8-1	1198-1204	Höchſt	
8-2	1205-1211	ſelten	
8-3	1212-1217	tritt	
8-4	1218-1221	der	
8-5	1222-1226	Fall	
8-6	1227-1230	ein	
8-7	1230-1231	,	
8-8	1232-1235	daß	
8-9	1236-1239	die	
8-10	1240-1262	Anfangsgeſchwindigkeit	
8-11	1263-1267	eine	
8-12	1268-1273	enorm	
8-13	1274-1279	große	
8-14	1280-1283	iſt	
8-15	1283-1284	,	
8-16	1285-1289	dann	
8-17	1290-1294	aber	
8-18	1294-1295	,	
8-19	1296-1298	an	
8-20	1299-1304	einer	
8-21	1305-1313	gewiſſen	
8-22	1314-1320	Grenze	
8-23	1321-1330	angelangt	
8-24	1330-1331	,	
8-25	1332-1339	ſchnell	
8-26	1340-1348	nachläßt	
8-27	1349-1352	und	
8-28	1353-1357	bald	
8-29	1358-1367	überhaupt	
8-30	1368-1375	aufhört	
8-31	1375-1376	.	
