#FORMAT=WebAnno TSV 3.3


#Text=Men moet zorge dragen, dat zy welgemaakt zy, en byna van grootte, en talie
#Text=van den Hengst.
1-1	2-5	Men	
1-2	6-10	moet	
1-3	11-16	zorge	
1-4	17-23	dragen	
1-5	23-24	,	
1-6	25-28	dat	
1-7	29-31	zy	
1-8	32-42	welgemaakt	
1-9	43-45	zy	
1-10	45-46	,	
1-11	47-49	en	
1-12	50-54	byna	
1-13	55-58	van	
1-14	59-66	grootte	
1-15	66-67	,	
1-16	68-70	en	
1-17	71-76	talie	
1-18	77-80	van	
1-19	81-84	den	
1-20	85-91	Hengst	
1-21	91-92	.	

#Text=Zy moeten helder van opslag zyn; en wel getekend.
2-1	93-95	Zy	
2-2	96-102	moeten	
2-3	103-109	helder	
2-4	110-113	van	
2-5	114-120	opslag	
2-6	121-124	zyn	
2-7	124-125	;	
2-8	126-128	en	
2-9	129-132	wel	
2-10	133-141	getekend	
2-11	141-142	.	

#Text=Zy moeten drie
#Text=jaren oud zyn; en kunnen tot de tien jaren toe besprongen worden, en gene Veulens
#Text=voortbrengen, dan om de twe jaren, om weder tyd te hebben om lyf te krygen.
3-1	143-145	Zy	
3-2	146-152	moeten	
3-3	153-157	drie	
3-4	158-163	jaren	
3-5	164-167	oud	
3-6	168-171	zyn	
3-7	171-172	;	
3-8	173-175	en	
3-9	176-182	kunnen	
3-10	183-186	tot	
3-11	187-189	de	
3-12	190-194	tien	
3-13	195-200	jaren	
3-14	201-204	toe	
3-15	205-215	besprongen	
3-16	216-222	worden	
3-17	222-223	,	
3-18	224-226	en	
3-19	227-231	gene	
3-20	232-239	Veulens	
3-21	240-252	voortbrengen	
3-22	252-253	,	
3-23	254-257	dan	
3-24	258-260	om	
3-25	261-263	de	
3-26	264-267	twe	
3-27	268-273	jaren	
3-28	273-274	,	
3-29	275-277	om	
3-30	278-283	weder	
3-31	284-287	tyd	
3-32	288-290	te	
3-33	291-297	hebben	
3-34	298-300	om	
3-35	301-304	lyf	
3-36	305-307	te	
3-37	308-314	krygen	
3-38	314-315	.	

#Text=Hoe men den Hengst gereed maakt.
4-1	319-322	Hoe	
4-2	323-326	men	
4-3	327-330	den	
4-4	331-337	Hengst	
4-5	338-344	gereed	
4-6	345-350	maakt	
4-7	350-351	.	

#Text=Men moet den Hengst een maand, of twe voor dat men hem laat springen
#Text=, goed Hooi
#Text=geven en goede Haver, of Koornstroo.
5-1	354-357	Men	
5-2	358-362	moet	
5-3	363-366	den	
5-4	367-373	Hengst	
5-5	374-377	een	
5-6	378-383	maand	
5-7	383-384	,	
5-8	385-387	of	
5-9	388-391	twe	
5-10	392-396	voor	
5-11	397-400	dat	
5-12	401-404	men	
5-13	405-408	hem	
5-14	409-413	laat	
5-15	414-422	springen	
5-16	423-424	,	
5-17	425-429	goed	
5-18	430-434	Hooi	
5-19	435-440	geven	
5-20	441-443	en	
5-21	444-449	goede	
5-22	450-455	Haver	
5-23	455-456	,	
5-24	457-459	of	
5-25	460-470	Koornstroo	
5-26	470-471	.	

#Text=Men moet hem in dien tyd niet anders laten
#Text=doen, dan hem alleen dagelyks een uur, of twe van ’t Stal halen.
6-1	472-475	Men	
6-2	476-480	moet	
6-3	481-484	hem	
6-4	485-487	in	
6-5	488-492	dien	
6-6	493-496	tyd	
6-7	497-501	niet	
6-8	502-508	anders	
6-9	509-514	laten	
6-10	515-519	doen	
6-11	519-520	,	
6-12	521-524	dan	
6-13	525-528	hem	
6-14	529-535	alleen	
6-15	536-544	dagelyks	
6-16	545-548	een	
6-17	549-552	uur	
6-18	552-553	,	
6-19	554-556	of	
6-20	557-560	twe	
6-21	561-564	van	
6-22	565-566	’	
6-23	566-567	t	
6-24	568-572	Stal	
6-25	573-578	halen	
6-26	578-579	.	

#Text=Men moet hem op
#Text=zyn meest niet meer, dan twintig Paarden laten dekken.
7-1	580-583	Men	
7-2	584-588	moet	
7-3	589-592	hem	
7-4	593-595	op	
7-5	596-599	zyn	
7-6	600-605	meest	
7-7	606-610	niet	
7-8	611-615	meer	
7-9	615-616	,	
7-10	617-620	dan	
7-11	621-628	twintig	
7-12	629-636	Paarden	
7-13	637-642	laten	
7-14	643-649	dekken	
7-15	649-650	.	

#Text=Zo men hem niet gans wil
#Text=afmatten, of hen gevaar laten loopen van dampig te worden.
8-1	651-653	Zo	
8-2	654-657	men	
8-3	658-661	hem	
8-4	662-666	niet	
8-5	667-671	gans	
8-6	672-675	wil	
8-7	676-684	afmatten	
8-8	684-685	,	
8-9	686-688	of	
8-10	689-692	hen	
8-11	693-699	gevaar	
8-12	700-705	laten	
8-13	706-712	loopen	
8-14	713-716	van	
8-15	717-723	dampig	
8-16	724-726	te	
8-17	727-733	worden	
8-18	733-734	.	

#Text=Men moet hem zes jaren
#Text=
#Text=M.
9-1	735-738	Men	
9-2	739-743	moet	
9-3	744-747	hem	
9-4	748-751	zes	
9-5	752-757	jaren	
9-6	759-760	M	
9-7	760-761	.	

#Text=Noel Chomel, Huishoudelyk woordboek
#Text=
#Text=\flaten worden eer men hem dat laat doen, en hy kan ’t niet, dan tot zyne vyftien jaren
#Text=uithouden.
10-1	762-766	Noel	
10-2	767-773	Chomel	
10-3	773-774	,	
10-4	775-787	Huishoudelyk	
10-5	788-797	woordboek	
10-6	800-805	laten	
10-7	806-812	worden	
10-8	813-816	eer	
10-9	817-820	men	
10-10	821-824	hem	
10-11	825-828	dat	
10-12	829-833	laat	
10-13	834-838	doen	
10-14	838-839	,	
10-15	840-842	en	
10-16	843-845	hy	
10-17	846-849	kan	
10-18	850-851	’	
10-19	851-852	t	
10-20	853-857	niet	
10-21	857-858	,	
10-22	859-862	dan	
10-23	863-866	tot	
10-24	867-871	zyne	
10-25	872-879	vyftien	
10-26	880-885	jaren	
10-27	886-895	uithouden	
10-28	895-896	.	

#Text=Van den tyd wanneer men de Merrien moet laten dekken.
11-1	899-902	Van	
11-2	903-906	den	
11-3	907-910	tyd	
11-4	911-918	wanneer	
11-5	919-922	men	
11-6	923-925	de	
11-7	926-933	Merrien	
11-8	934-938	moet	
11-9	939-944	laten	
11-10	945-951	dekken	
11-11	951-952	.	

#Text=De maand Mei is de gewone tyd, wanneer men de Paarden laat dekken, op dat de
#Text=Veulens in de maand April voor den dag komen: want een Merri draagt elf maanden.
12-1	955-957	De	
12-2	958-963	maand	
12-3	964-967	Mei	
12-4	968-970	is	
12-5	971-973	de	
12-6	974-980	gewone	
12-7	981-984	tyd	
12-8	984-985	,	
12-9	986-993	wanneer	
12-10	994-997	men	
12-11	998-1000	de	
12-12	1001-1008	Paarden	
12-13	1009-1013	laat	
12-14	1014-1020	dekken	
12-15	1020-1021	,	
12-16	1022-1024	op	
12-17	1025-1028	dat	
12-18	1029-1031	de	
12-19	1032-1039	Veulens	
12-20	1040-1042	in	
12-21	1043-1045	de	
12-22	1046-1051	maand	
12-23	1052-1057	April	
12-24	1058-1062	voor	
12-25	1063-1066	den	
12-26	1067-1070	dag	
12-27	1071-1076	komen	
12-28	1076-1077	:	
12-29	1078-1082	want	
12-30	1083-1086	een	
12-31	1087-1092	Merri	
12-32	1093-1099	draagt	
12-33	1100-1103	elf	
12-34	1104-1111	maanden	
12-35	1111-1112	.	

#Text=Kiest
#Text=men die maand, ’t is om dat in ’t volgend jaar de tyd, wanneer de Veulens voor
#Text=den dag komen, overvloed van gras geeft; en de Merryen overvloed van Zog zouden
#Text=hebben.
13-1	1114-1119	Kiest	
13-2	1120-1123	men	
13-3	1124-1127	die	
13-4	1128-1133	maand	
13-5	1133-1134	,	
13-6	1135-1136	’	
13-7	1136-1137	t	
13-8	1138-1140	is	
13-9	1141-1143	om	
13-10	1144-1147	dat	
13-11	1148-1150	in	
13-12	1151-1152	’	
13-13	1152-1153	t	
13-14	1154-1161	volgend	
13-15	1162-1166	jaar	
13-16	1167-1169	de	
13-17	1170-1173	tyd	
13-18	1173-1174	,	
13-19	1175-1182	wanneer	
13-20	1183-1185	de	
13-21	1186-1193	Veulens	
13-22	1194-1198	voor	
13-23	1199-1202	den	
13-24	1203-1206	dag	
13-25	1207-1212	komen	
13-26	1212-1213	,	
13-27	1214-1223	overvloed	
13-28	1224-1227	van	
13-29	1228-1232	gras	
13-30	1233-1238	geeft	
13-31	1238-1239	;	
13-32	1240-1242	en	
13-33	1243-1245	de	
13-34	1246-1253	Merryen	
13-35	1254-1263	overvloed	
13-36	1264-1267	van	
13-37	1268-1271	Zog	
13-38	1272-1278	zouden	
13-39	1279-1285	hebben	
13-40	1285-1286	.	

#Text=Van de wys, waar op men den Hengst, de Merrien laat bespringen.
14-1	1290-1293	Van	
14-2	1294-1296	de	
14-3	1297-1300	wys	
14-4	1300-1301	,	
14-5	1302-1306	waar	
14-6	1307-1309	op	
14-7	1310-1313	men	
14-8	1314-1317	den	
14-9	1318-1324	Hengst	
14-10	1324-1325	,	
14-11	1326-1328	de	
14-12	1329-1336	Merrien	
14-13	1337-1341	laat	
14-14	1342-1352	bespringen	
14-15	1352-1353	.	
