#FORMAT=WebAnno TSV 3.3


#Text=Deze Tartaren laren het hoofthaair niet wassen:
#Text=maer schrapen het geduurig af.
1-1	2-6	Deze	
1-2	7-15	Tartaren	
1-3	16-21	laren	
1-4	22-25	het	
1-5	26-36	hoofthaair	
1-6	37-41	niet	
1-7	42-48	wassen	
1-8	48-49	:	
1-9	50-54	maer	
1-10	55-63	schrapen	
1-11	64-67	het	
1-12	68-76	geduurig	
1-13	77-79	af	
1-14	79-80	.	

#Text=Ook trekken en plukken zy de gehede baert uit, en laten de knevels langachtig blijven, 
#Text=en het haair van 't achterhooft tamelijk lang groeijen; dat zy fraei vlechten, en laten 
#Text=de vlecht of tuit van de schouderen los afhangen.
2-1	83-86	Ook	
2-2	87-94	trekken	
2-3	95-97	en	
2-4	98-105	plukken	
2-5	106-108	zy	
2-6	109-111	de	
2-7	112-118	gehede	
2-8	119-124	baert	
2-9	125-128	uit	
2-10	128-129	,	
2-11	130-132	en	
2-12	133-138	laten	
2-13	139-141	de	
2-14	142-149	knevels	
2-15	150-160	langachtig	
2-16	161-168	blijven	
2-17	168-169	,	
2-18	171-173	en	
2-19	174-177	het	
2-20	178-183	haair	
2-21	184-187	van	
2-22	188-189	'	
2-23	189-190	t	
2-24	191-202	achterhooft	
2-25	203-211	tamelijk	
2-26	212-216	lang	
2-27	217-225	groeijen	
2-28	225-226	;	
2-29	227-230	dat	
2-30	231-233	zy	
2-31	234-239	fraei	
2-32	240-248	vlechten	
2-33	248-249	,	
2-34	250-252	en	
2-35	253-258	laten	
2-36	260-262	de	
2-37	263-269	vlecht	
2-38	270-272	of	
2-39	273-277	tuit	
2-40	278-281	van	
2-41	282-284	de	
2-42	285-295	schouderen	
2-43	296-299	los	
2-44	300-308	afhangen	
2-45	308-309	.	

#Text=Zy dragen een ronde en laege of 
#Text=platte muts, die vast om 't hooft sluit, rondom met een rand van kostelijke zabel of 
#Text=bont, tot de breete van twee vingeren, bezet, die gemeenelijk van een Bever of 
#Text=Otters-vel is: welke d'ooren, voorhooft, en slapen of zijden van 't hooft tegen de 
#Text=koude beschermt.
3-1	310-312	Zy	
3-2	313-319	dragen	
3-3	320-323	een	
3-4	324-329	ronde	
3-5	330-332	en	
3-6	333-338	laege	
3-7	339-341	of	
3-8	343-349	platte	
3-9	350-354	muts	
3-10	354-355	,	
3-11	356-359	die	
3-12	360-364	vast	
3-13	365-367	om	
3-14	368-369	'	
3-15	369-370	t	
3-16	371-376	hooft	
3-17	377-382	sluit	
3-18	382-383	,	
3-19	384-390	rondom	
3-20	391-394	met	
3-21	395-398	een	
3-22	399-403	rand	
3-23	404-407	van	
3-24	408-418	kostelijke	
3-25	419-424	zabel	
3-26	425-427	of	
3-27	429-433	bont	
3-28	433-434	,	
3-29	435-438	tot	
3-30	439-441	de	
3-31	442-448	breete	
3-32	449-452	van	
3-33	453-457	twee	
3-34	458-466	vingeren	
3-35	466-467	,	
3-36	468-473	bezet	
3-37	473-474	,	
3-38	475-478	die	
3-39	479-490	gemeenelijk	
3-40	491-494	van	
3-41	495-498	een	
3-42	499-504	Bever	
3-43	505-507	of	
3-44	509-519	Otters-vel	
3-45	520-522	is	
3-46	522-523	:	
3-47	524-529	welke	
3-48	530-537	d'ooren	
3-49	537-538	,	
3-50	539-548	voorhooft	
3-51	548-549	,	
3-52	550-552	en	
3-53	553-559	slapen	
3-54	560-562	of	
3-55	563-569	zijden	
3-56	570-573	van	
3-57	574-575	'	
3-58	575-576	t	
3-59	577-582	hooft	
3-60	583-588	tegen	
3-61	589-591	de	
3-62	593-598	koude	
3-63	599-608	beschermt	
3-64	608-609	.	

#Text=Zoo verre de muts boven den bonten rand uitsteekt, zoo verre isze 
#Text=ook met roode bosvlokzyde, of met zwart of purper paertshaair, dat zy zeer fraei 
#Text=verwen, bedekt.
4-1	610-613	Zoo	
4-2	614-619	verre	
4-3	620-622	de	
4-4	623-627	muts	
4-5	628-633	boven	
4-6	634-637	den	
4-7	638-644	bonten	
4-8	645-649	rand	
4-9	650-659	uitsteekt	
4-10	659-660	,	
4-11	661-664	zoo	
4-12	665-670	verre	
4-13	671-675	isze	
4-14	677-680	ook	
4-15	681-684	met	
4-16	685-690	roode	
4-17	691-702	bosvlokzyde	
4-18	702-703	,	
4-19	704-706	of	
4-20	707-710	met	
4-21	711-716	zwart	
4-22	717-719	of	
4-23	720-726	purper	
4-24	727-738	paertshaair	
4-25	738-739	,	
4-26	740-743	dat	
4-27	744-746	zy	
4-28	747-751	zeer	
4-29	752-757	fraei	
4-30	759-765	verwen	
4-31	765-766	,	
4-32	767-773	bedekt	
4-33	773-774	.	

#Text=De kleeren of rokken zijn hun langachtig, en komen tot op d'enkelen:
#Text=maer met 
#Text=naeuwe mouwen, (en niet wyt, gelijk die van de Sineezen) en verschillen weinig van 
#Text=de Poolsche of Ongersche rokken.
5-1	779-781	De	
5-2	782-789	kleeren	
5-3	790-792	of	
5-4	793-799	rokken	
5-5	800-804	zijn	
5-6	805-808	hun	
5-7	809-819	langachtig	
5-8	819-820	,	
5-9	821-823	en	
5-10	824-829	komen	
5-11	830-833	tot	
5-12	834-836	op	
5-13	837-846	d'enkelen	
5-14	846-847	:	
5-15	848-852	maer	
5-16	853-856	met	
5-17	858-864	naeuwe	
5-18	865-871	mouwen	
5-19	871-872	,	
5-20	873-874	(	
5-21	874-876	en	
5-22	877-881	niet	
5-23	882-885	wyt	
5-24	885-886	,	
5-25	887-893	gelijk	
5-26	894-897	die	
5-27	898-901	van	
5-28	902-904	de	
5-29	905-913	Sineezen	
5-30	913-914	)	
5-31	915-917	en	
5-32	918-929	verschillen	
5-33	930-936	weinig	
5-34	937-940	van	
5-35	942-944	de	
5-36	945-953	Poolsche	
5-37	954-956	of	
5-38	957-966	Ongersche	
5-39	967-973	rokken	
5-40	973-974	.	

#Text=De mouwen eindigen, op de handen, in vorm van 
#Text=een paerde-hoef.
6-1	975-977	De	
6-2	978-984	mouwen	
6-3	985-993	eindigen	
6-4	993-994	,	
6-5	995-997	op	
6-6	998-1000	de	
6-7	1001-1007	handen	
6-8	1007-1008	,	
6-9	1009-1011	in	
6-10	1012-1016	vorm	
6-11	1017-1020	van	
6-12	1022-1025	een	
6-13	1026-1037	paerde-hoef	
6-14	1037-1038	.	

#Text=Zy hebben een gordel om 't lijf, waer aen ter weder zijde neusdoeken 
#Text=hangen, om de handen en 't aenzicht af te vegen.
7-1	1039-1041	Zy	
7-2	1042-1048	hebben	
7-3	1049-1052	een	
7-4	1053-1059	gordel	
7-5	1060-1062	om	
7-6	1063-1064	'	
7-7	1064-1065	t	
7-8	1066-1070	lijf	
7-9	1070-1071	,	
7-10	1072-1076	waer	
7-11	1077-1080	aen	
7-12	1081-1084	ter	
7-13	1085-1090	weder	
7-14	1091-1096	zijde	
7-15	1097-1107	neusdoeken	
7-16	1109-1115	hangen	
7-17	1115-1116	,	
7-18	1117-1119	om	
7-19	1120-1122	de	
7-20	1123-1129	handen	
7-21	1130-1132	en	
7-22	1133-1134	'	
7-23	1134-1135	t	
7-24	1136-1144	aenzicht	
7-25	1145-1147	af	
7-26	1148-1150	te	
7-27	1151-1156	vegen	
7-28	1156-1157	.	

#Text=Ook hangt 'er een mes aen, en twee 
#Text=beurzen, om tabak en andere dingen in te doen.
8-1	1158-1161	Ook	
8-2	1162-1167	hangt	
8-3	1168-1169	'	
8-4	1169-1171	er	
8-5	1172-1175	een	
8-6	1176-1179	mes	
8-7	1180-1183	aen	
8-8	1183-1184	,	
8-9	1185-1187	en	
8-10	1188-1192	twee	
8-11	1194-1201	beurzen	
8-12	1201-1202	,	
8-13	1203-1205	om	
8-14	1206-1211	tabak	
8-15	1212-1214	en	
8-16	1215-1221	andere	
8-17	1222-1228	dingen	
8-18	1229-1231	in	
8-19	1232-1234	te	
8-20	1235-1239	doen	
8-21	1239-1240	.	

#Text=Aen de linker zijde hangt aen den 
#Text=zelven gordel een Sabel of houwer, in dier wyze, dat het scherp of punt naer vooren 
#Text=komt, en het hecht achter, naer den rug toe, om hoog steekt:
#Text=waerom zy dien ook 
#Text=van achter den rug, wanneer zy willen vechten, uithalen.
9-1	1241-1244	Aen	
9-2	1245-1247	de	
9-3	1248-1254	linker	
9-4	1255-1260	zijde	
9-5	1261-1266	hangt	
9-6	1267-1270	aen	
9-7	1271-1274	den	
9-8	1276-1282	zelven	
9-9	1283-1289	gordel	
9-10	1290-1293	een	
9-11	1294-1299	Sabel	
9-12	1300-1302	of	
9-13	1303-1309	houwer	
9-14	1309-1310	,	
9-15	1311-1313	in	
9-16	1314-1318	dier	
9-17	1319-1323	wyze	
9-18	1323-1324	,	
9-19	1325-1328	dat	
9-20	1329-1332	het	
9-21	1333-1339	scherp	
9-22	1340-1342	of	
9-23	1343-1347	punt	
9-24	1348-1352	naer	
9-25	1353-1359	vooren	
9-26	1361-1365	komt	
9-27	1365-1366	,	
9-28	1367-1369	en	
9-29	1370-1373	het	
9-30	1374-1379	hecht	
9-31	1380-1386	achter	
9-32	1386-1387	,	
9-33	1388-1392	naer	
9-34	1393-1396	den	
9-35	1397-1400	rug	
9-36	1401-1404	toe	
9-37	1404-1405	,	
9-38	1406-1408	om	
9-39	1409-1413	hoog	
9-40	1414-1420	steekt	
9-41	1420-1421	:	
9-42	1422-1428	waerom	
9-43	1429-1431	zy	
9-44	1432-1436	dien	
9-45	1437-1440	ook	
9-46	1442-1445	van	
9-47	1446-1452	achter	
9-48	1453-1456	den	
9-49	1457-1460	rug	
9-50	1460-1461	,	
9-51	1462-1469	wanneer	
9-52	1470-1472	zy	
9-53	1473-1479	willen	
9-54	1480-1487	vechten	
9-55	1487-1488	,	
9-56	1489-1497	uithalen	
9-57	1497-1498	.	

#Text=Het welk met eene hand 
#Text=geschied, zonder de scheede aen te raken.
10-1	1499-1502	Het	
10-2	1503-1507	welk	
10-3	1508-1511	met	
10-4	1512-1516	eene	
10-5	1517-1521	hand	
10-6	1523-1531	geschied	
10-7	1531-1532	,	
10-8	1533-1539	zonder	
10-9	1540-1542	de	
10-10	1543-1550	scheede	
10-11	1551-1554	aen	
10-12	1555-1557	te	
10-13	1558-1563	raken	
10-14	1563-1564	.	

#Text=van bereit paerden-leer, of zyde stoffen.
11-1	1568-1571	van	
11-2	1572-1578	bereit	
11-3	1579-1591	paerden-leer	
11-4	1591-1592	,	
11-5	1593-1595	of	
11-6	1596-1600	zyde	
11-7	1601-1608	stoffen	
11-8	1608-1609	.	

#Text=De zoolen rijzen dikwils tot de hoogte van 
#Text=drie vingeren, en zijn doorgaens fraei en net.
12-1	1610-1612	De	
12-2	1613-1619	zoolen	
12-3	1620-1626	rijzen	
12-4	1627-1634	dikwils	
12-5	1635-1638	tot	
12-6	1639-1641	de	
12-7	1642-1648	hoogte	
12-8	1649-1652	van	
12-9	1654-1658	drie	
12-10	1659-1667	vingeren	
12-11	1667-1668	,	
12-12	1669-1671	en	
12-13	1672-1676	zijn	
12-14	1677-1686	doorgaens	
12-15	1687-1692	fraei	
12-16	1693-1695	en	
12-17	1696-1699	net	
12-18	1699-1700	.	

#Text=Zy gebruiken in het rijden geene stegelreepen, en gemeenelijk slechts een 
#Text=watertoom en zadels, die lager en breeder zijn, als de hierlandsche zadels.
13-1	1704-1706	Zy	
13-2	1707-1716	gebruiken	
13-3	1717-1719	in	
13-4	1720-1723	het	
13-5	1724-1730	rijden	
13-6	1731-1736	geene	
13-7	1737-1749	stegelreepen	
13-8	1749-1750	,	
13-9	1751-1753	en	
13-10	1754-1765	gemeenelijk	
13-11	1766-1773	slechts	
13-12	1774-1777	een	
13-13	1779-1788	watertoom	
13-14	1789-1791	en	
13-15	1792-1798	zadels	
13-16	1798-1799	,	
13-17	1800-1803	die	
13-18	1804-1809	lager	
13-19	1810-1812	en	
13-20	1813-1820	breeder	
13-21	1821-1825	zijn	
13-22	1825-1826	,	
13-23	1827-1830	als	
13-24	1831-1833	de	
13-25	1834-1846	hierlandsche	
13-26	1847-1853	zadels	
13-27	1853-1854	.	

#Text=Voorts zijn deze Ooster Tartaren in zeden die van de Tartaren van Klein Tartarye 
#Text=niet ongelijk:
#Text=maer zoo barbarisch niet.
14-1	1858-1864	Voorts	
14-2	1865-1869	zijn	
14-3	1870-1874	deze	
14-4	1875-1881	Ooster	
14-5	1882-1890	Tartaren	
14-6	1891-1893	in	
14-7	1894-1899	zeden	
14-8	1900-1903	die	
14-9	1904-1907	van	
14-10	1908-1910	de	
14-11	1911-1919	Tartaren	
14-12	1920-1923	van	
14-13	1924-1929	Klein	
14-14	1930-1938	Tartarye	
14-15	1940-1944	niet	
14-16	1945-1953	ongelijk	
14-17	1953-1954	:	
14-18	1955-1959	maer	
14-19	1960-1963	zoo	
14-20	1964-1974	barbarisch	
14-21	1975-1979	niet	
14-22	1979-1980	.	
