#FORMAT=WebAnno TSV 3.3
#T_SP=custom.Span|label
#T_RL=custom.Relation|label|BT_custom.Span


#Text=Da war warmes 
#Text=Wasser, da gab es Badetücher, die ich eng um den Leib binden konnte, 
#Text=ich war allein, wie hätte ich da widerstehen sollen!
1-1	0-2	Da	_	_	_	
1-2	3-6	war	_	_	_	
1-3	7-13	warmes	_	_	_	
1-4	15-21	Wasser	_	_	_	
1-5	21-22	,	_	_	_	
1-6	23-25	da	_	_	_	
1-7	26-29	gab	_	_	_	
1-8	30-32	es	_	_	_	
1-9	33-43	Badetücher	_	_	_	
1-10	43-44	,	_	_	_	
1-11	45-48	die	_	_	_	
1-12	49-52	ich	_	_	_	
1-13	53-56	eng	_	_	_	
1-14	57-59	um	_	_	_	
1-15	60-63	den	_	_	_	
1-16	64-68	Leib	_	_	_	
1-17	69-75	binden	_	_	_	
1-18	76-82	konnte	_	_	_	
1-19	82-83	,	_	_	_	
1-20	85-88	ich	_	_	_	
1-21	89-92	war	_	_	_	
1-22	93-99	allein	_	_	_	
1-23	99-100	,	_	_	_	
1-24	101-104	wie	_	_	_	
1-25	105-110	hätte	_	_	_	
1-26	111-114	ich	_	_	_	
1-27	115-117	da	_	_	_	
1-28	118-129	widerstehen	_	_	_	
1-29	130-136	sollen	_	_	_	
1-30	136-137	!	_	_	_	

#Text=Deshalb ging ich in 
#Text=München immer in die Schwimmvereine, um stets von Menschen umgeben 
#Text=und beobachtet zu sein.
2-1	138-145	Deshalb	_	_	_	
2-2	146-150	ging	_	_	_	
2-3	151-154	ich	_	_	_	
2-4	155-157	in	_	_	_	
2-5	159-166	München	_	_	_	
2-6	167-172	immer	_	_	_	
2-7	173-175	in	_	_	_	
2-8	176-179	die	_	_	_	
2-9	180-194	Schwimmvereine	_	_	_	
2-10	194-195	,	_	_	_	
2-11	196-198	um	_	_	_	
2-12	199-204	stets	_	_	_	
2-13	205-208	von	_	_	_	
2-14	209-217	Menschen	_	_	_	
2-15	218-225	umgeben	_	_	_	
2-16	227-230	und	_	_	_	
2-17	231-241	beobachtet	_	_	_	
2-18	242-244	zu	_	_	_	
2-19	245-249	sein	_	_	_	
2-20	249-250	.	_	_	_	

#Text=So schützte ich mich gegen meine krankhaften 
#Text=Regungen.
3-1	251-253	So	_	_	_	
3-2	254-262	schützte	_	_	_	
3-3	263-266	ich	_	_	_	
3-4	267-271	mich	_	_	_	
3-5	272-277	gegen	_	_	_	
3-6	278-283	meine	_	_	_	
3-7	284-295	krankhaften	_	_	_	
3-8	297-305	Regungen	_	_	_	
3-9	305-306	.	_	_	_	

#Text=Damit in Zusammenhang fällt mir ein, daß ich eine jede Frau 
#Text=mustern muß, ob sie nicht schwanger ist.
4-1	310-315	Damit	_	_	_	
4-2	316-318	in	_	_	_	
4-3	319-331	Zusammenhang	_	_	_	
4-4	332-337	fällt	_	_	_	
4-5	338-341	mir	_	_	_	
4-6	342-345	ein	_	_	_	
4-7	345-346	,	_	_	_	
4-8	347-350	daß	_	_	_	
4-9	351-354	ich	_	_	_	
4-10	355-359	eine	_	_	_	
4-11	360-364	jede	_	_	_	
4-12	365-369	Frau	_	_	_	
4-13	371-378	mustern	_	_	_	
4-14	379-382	muß	_	_	_	
4-15	382-383	,	_	_	_	
4-16	384-386	ob	_	_	_	
4-17	387-390	sie	_	_	_	
4-18	391-396	nicht	_	_	_	
4-19	397-406	schwanger	_	_	_	
4-20	407-410	ist	_	_	_	
4-21	410-411	.	_	_	_	

#Text=Wasser und Schwangerschaft
#Text=
#Text=haben bei mir Beziehungen.
5-1	412-418	Wasser	_	_	_	
5-2	419-422	und	_	_	_	
5-3	423-438	Schwangerschaft	_	_	_	
5-4	440-445	haben	_	_	_	
5-5	446-449	bei	_	_	_	
5-6	450-453	mir	_	_	_	
5-7	454-465	Beziehungen	_	_	_	
5-8	465-466	.	_	_	_	

#Text=Man erzählte mir als Kind, daß der Storch die Kinder aus dem 
#Text=Wasser bringt 
#Text=
#Text=
#Text=Ich habe ein feines Gefühl für jede Schwangerschaft.
6-1	470-473	Man	_	_	_	
6-2	474-482	erzählte	_	_	_	
6-3	483-486	mir	_	_	_	
6-4	487-490	als	_	_	_	
6-5	491-495	Kind	_	_	_	
6-6	495-496	,	_	_	_	
6-7	497-500	daß	_	_	_	
6-8	501-504	der	_	_	_	
6-9	505-511	Storch	_	_	_	
6-10	512-515	die	_	_	_	
6-11	516-522	Kinder	_	_	_	
6-12	523-526	aus	_	_	_	
6-13	527-530	dem	_	_	_	
6-14	532-538	Wasser	_	_	_	
6-15	539-545	bringt	_	_	_	
6-16	549-552	Ich	_	_	_	
6-17	553-557	habe	_	_	_	
6-18	558-561	ein	_	_	_	
6-19	562-568	feines	_	_	_	
6-20	569-575	Gefühl	_	_	_	
6-21	576-579	für	_	_	_	
6-22	580-584	jede	_	_	_	
6-23	585-600	Schwangerschaft	Smell\_Source	*	7-3	
6-24	600-601	.	_	_	_	

#Text=Ich rieche sie 
#Text=förmlich.
7-1	602-605	Ich	Perceiver	_	_	
7-2	606-612	rieche	Smell\_Word	_	_	
7-3	613-616	sie	Smell\_Source	_	_	
7-4	618-626	förmlich	_	_	_	
7-5	626-627	.	_	_	_	

#Text=Ich erkenne sie am Glanz der Augen, am Teint, an einer sonst 
#Text=für jeden anderen unmerklichen Rundung der Figur.
8-1	628-631	Ich	_	_	_	
8-2	632-639	erkenne	_	_	_	
8-3	640-643	sie	_	_	_	
8-4	644-646	am	_	_	_	
8-5	647-652	Glanz	_	_	_	
8-6	653-656	der	_	_	_	
8-7	657-662	Augen	_	_	_	
8-8	662-663	,	_	_	_	
8-9	664-666	am	_	_	_	
8-10	667-672	Teint	_	_	_	
8-11	672-673	,	_	_	_	
8-12	674-676	an	_	_	_	
8-13	677-682	einer	_	_	_	
8-14	683-688	sonst	_	_	_	
8-15	690-693	für	_	_	_	
8-16	694-699	jeden	_	_	_	
8-17	700-707	anderen	_	_	_	
8-18	708-720	unmerklichen	_	_	_	
8-19	721-728	Rundung	_	_	_	
8-20	729-732	der	_	_	_	
8-21	733-738	Figur	_	_	_	
8-22	738-739	.	_	_	_	

#Text=Konstatiere ich eine 
#Text=solche beginnende Gravidität, vielleicht im Stadium nach dem ersten 
#Text=Ausbleiben der Periode, so üben diese Frauen eine riesige Anziehungs- 
#Text=kraft auf mich aus.
9-1	740-751	Konstatiere	_	_	_	
9-2	752-755	ich	_	_	_	
9-3	756-760	eine	_	_	_	
9-4	762-768	solche	_	_	_	
9-5	769-779	beginnende	_	_	_	
9-6	780-790	Gravidität	_	_	_	
9-7	790-791	,	_	_	_	
9-8	792-802	vielleicht	_	_	_	
9-9	803-805	im	_	_	_	
9-10	806-813	Stadium	_	_	_	
9-11	814-818	nach	_	_	_	
9-12	819-822	dem	_	_	_	
9-13	823-829	ersten	_	_	_	
9-14	831-841	Ausbleiben	_	_	_	
9-15	842-845	der	_	_	_	
9-16	846-853	Periode	_	_	_	
9-17	853-854	,	_	_	_	
9-18	855-857	so	_	_	_	
9-19	858-862	üben	_	_	_	
9-20	863-868	diese	_	_	_	
9-21	869-875	Frauen	_	_	_	
9-22	876-880	eine	_	_	_	
9-23	881-888	riesige	_	_	_	
9-24	889-899	Anziehungs	_	_	_	
9-25	899-900	-	_	_	_	
9-26	902-907	kraft	_	_	_	
9-27	908-911	auf	_	_	_	
9-28	912-916	mich	_	_	_	
9-29	917-920	aus	_	_	_	
9-30	920-921	.	_	_	_	

#Text=Ich möchte mich am liebsten auf sie 
#Text=stürzen und sie umarmen.
10-1	922-925	Ich	_	_	_	
10-2	926-932	möchte	_	_	_	
10-3	933-937	mich	_	_	_	
10-4	938-940	am	_	_	_	
10-5	941-949	liebsten	_	_	_	
10-6	950-953	auf	_	_	_	
10-7	954-957	sie	_	_	_	
10-8	959-966	stürzen	_	_	_	
10-9	967-970	und	_	_	_	
10-10	971-974	sie	_	_	_	
10-11	975-982	umarmen	_	_	_	
10-12	982-983	.	_	_	_	

#Text=Ich könnte ihnen stundenlang nach- 
#Text=laufen.
11-1	984-987	Ich	_	_	_	
11-2	988-994	könnte	_	_	_	
11-3	995-1000	ihnen	_	_	_	
11-4	1001-1012	stundenlang	_	_	_	
11-5	1013-1017	nach	_	_	_	
11-6	1017-1018	-	_	_	_	
11-7	1020-1026	laufen	_	_	_	
11-8	1026-1027	.	_	_	_	

#Text=Im Gedränge suche ich nach schwangeren Frauen.
12-1	1028-1030	Im	_	_	_	
12-2	1031-1039	Gedränge	_	_	_	
12-3	1040-1045	suche	_	_	_	
12-4	1046-1049	ich	_	_	_	
12-5	1050-1054	nach	_	_	_	
12-6	1055-1066	schwangeren	_	_	_	
12-7	1067-1073	Frauen	_	_	_	
12-8	1073-1074	.	_	_	_	

#Text=Es glückte mir 
#Text=einmal, den Bauch einer Graviden zu berühren;
#Text=in diesem Momente war 
#Text=
#Text=
#Text=316 
#Text=
#Text=
#Text=Fetischismus.
13-1	1075-1077	Es	_	_	_	
13-2	1078-1085	glückte	_	_	_	
13-3	1086-1089	mir	_	_	_	
13-4	1091-1097	einmal	_	_	_	
13-5	1097-1098	,	_	_	_	
13-6	1099-1102	den	_	_	_	
13-7	1103-1108	Bauch	_	_	_	
13-8	1109-1114	einer	_	_	_	
13-9	1115-1123	Graviden	_	_	_	
13-10	1124-1126	zu	_	_	_	
13-11	1127-1135	berühren	_	_	_	
13-12	1135-1136	;	_	_	_	
13-13	1137-1139	in	_	_	_	
13-14	1140-1146	diesem	_	_	_	
13-15	1147-1154	Momente	_	_	_	
13-16	1155-1158	war	_	_	_	
13-17	1162-1165	316	_	_	_	
13-18	1169-1181	Fetischismus	_	_	_	
13-19	1181-1182	.	_	_	_	

#Text=ich überglücklich und hatte eine Samenentleerung mit größtem Or- 
#Text=gasmus.
14-1	1186-1189	ich	_	_	_	
14-2	1190-1203	überglücklich	_	_	_	
14-3	1204-1207	und	_	_	_	
14-4	1208-1213	hatte	_	_	_	
14-5	1214-1218	eine	_	_	_	
14-6	1219-1234	Samenentleerung	_	_	_	
14-7	1235-1238	mit	_	_	_	
14-8	1239-1246	größtem	_	_	_	
14-9	1247-1249	Or	_	_	_	
14-10	1249-1250	-	_	_	_	
14-11	1252-1258	gasmus	_	_	_	
14-12	1258-1259	.	_	_	_	

#Text=Auch während der Schwangerschaft meiner Frau war ich — be- 
#Text=sonders in den ersten Monaten — überglücklich, ich trachtete, sie immer 
#Text=am Bauche zu berühren und wohnte ihr fast jeden Tag bei, viel öfters, als 
#Text=in den gewöhnlichen Zeiten.
15-1	1262-1266	Auch	_	_	_	
15-2	1267-1274	während	_	_	_	
15-3	1275-1278	der	_	_	_	
15-4	1279-1294	Schwangerschaft	_	_	_	
15-5	1295-1301	meiner	_	_	_	
15-6	1302-1306	Frau	_	_	_	
15-7	1307-1310	war	_	_	_	
15-8	1311-1314	ich	_	_	_	
15-9	1315-1316	—	_	_	_	
15-10	1317-1319	be	_	_	_	
15-11	1319-1320	-	_	_	_	
15-12	1322-1329	sonders	_	_	_	
15-13	1330-1332	in	_	_	_	
15-14	1333-1336	den	_	_	_	
15-15	1337-1343	ersten	_	_	_	
15-16	1344-1351	Monaten	_	_	_	
15-17	1352-1353	—	_	_	_	
15-18	1354-1367	überglücklich	_	_	_	
15-19	1367-1368	,	_	_	_	
15-20	1369-1372	ich	_	_	_	
15-21	1373-1382	trachtete	_	_	_	
15-22	1382-1383	,	_	_	_	
15-23	1384-1387	sie	_	_	_	
15-24	1388-1393	immer	_	_	_	
15-25	1395-1397	am	_	_	_	
15-26	1398-1404	Bauche	_	_	_	
15-27	1405-1407	zu	_	_	_	
15-28	1408-1416	berühren	_	_	_	
15-29	1417-1420	und	_	_	_	
15-30	1421-1427	wohnte	_	_	_	
15-31	1428-1431	ihr	_	_	_	
15-32	1432-1436	fast	_	_	_	
15-33	1437-1442	jeden	_	_	_	
15-34	1443-1446	Tag	_	_	_	
15-35	1447-1450	bei	_	_	_	
15-36	1450-1451	,	_	_	_	
15-37	1452-1456	viel	_	_	_	
15-38	1457-1463	öfters	_	_	_	
15-39	1463-1464	,	_	_	_	
15-40	1465-1468	als	_	_	_	
15-41	1470-1472	in	_	_	_	
15-42	1473-1476	den	_	_	_	
15-43	1477-1489	gewöhnlichen	_	_	_	
15-44	1490-1496	Zeiten	_	_	_	
15-45	1496-1497	.	_	_	_	
