#FORMAT=WebAnno TSV 3.3
#T_SP=custom.Span|label
#T_RL=custom.Relation|label|BT_custom.Span


#Text=fleuͤgt
#Text=geſchwind davon/ wenn es nicht in wohl-
#Text=vermachtem Glaß auffgehalten wird/
#Text=ja
#Text=wenn es ſchon auff gefarbte Kleider etwann
#Text=fallet/ ſo verſchwindet es nach und nach/
#Text=
#Text=ohne daß es einigen Flecken zuruck laſſet.
1-1	2-9	fleuͤgt	_	_	_	
1-2	10-19	geſchwind	_	_	_	
1-3	20-25	davon	_	_	_	
1-4	25-26	/	_	_	_	
1-5	27-31	wenn	_	_	_	
1-6	32-34	es	_	_	_	
1-7	35-40	nicht	_	_	_	
1-8	41-43	in	_	_	_	
1-9	44-48	wohl	_	_	_	
1-10	48-49	-	_	_	_	
1-11	50-60	vermachtem	_	_	_	
1-12	61-65	Glaß	_	_	_	
1-13	66-78	auffgehalten	_	_	_	
1-14	79-83	wird	_	_	_	
1-15	83-84	/	_	_	_	
1-16	85-87	ja	_	_	_	
1-17	88-92	wenn	_	_	_	
1-18	93-95	es	_	_	_	
1-19	96-101	ſchon	_	_	_	
1-20	102-106	auff	_	_	_	
1-21	107-115	gefarbte	_	_	_	
1-22	116-123	Kleider	_	_	_	
1-23	124-130	etwann	_	_	_	
1-24	131-137	fallet	_	_	_	
1-25	137-138	/	_	_	_	
1-26	139-141	ſo	_	_	_	
1-27	142-154	verſchwindet	_	_	_	
1-28	155-157	es	_	_	_	
1-29	158-162	nach	_	_	_	
1-30	163-166	und	_	_	_	
1-31	167-171	nach	_	_	_	
1-32	171-172	/	_	_	_	
1-33	174-178	ohne	_	_	_	
1-34	179-182	daß	_	_	_	
1-35	183-185	es	_	_	_	
1-36	186-193	einigen	_	_	_	
1-37	194-201	Flecken	_	_	_	
1-38	202-208	zuruck	_	_	_	
1-39	209-215	laſſet	_	_	_	
1-40	215-216	.	_	_	_	

#Text=Setzet man ſolch Oel in einem Geſchirꝛ uͤber
#Text=
#Text=die Gluth/
#Text=ſo ſteiget es in form eines weiſſen
#Text=Rauchs in die Lufft/
#Text=welcher Rauch denn
#Text=von einem brennenden Liecht gleich in Flam-
#Text=men verwandelt wird.
2-1	218-224	Setzet	_	_	_	
2-2	225-228	man	_	_	_	
2-3	229-234	ſolch	_	_	_	
2-4	235-238	Oel	_	_	_	
2-5	239-241	in	_	_	_	
2-6	242-247	einem	_	_	_	
2-7	248-256	Geſchirꝛ	_	_	_	
2-8	257-262	uͤber	_	_	_	
2-9	264-267	die	_	_	_	
2-10	268-273	Gluth	_	_	_	
2-11	273-274	/	_	_	_	
2-12	275-277	ſo	_	_	_	
2-13	278-285	ſteiget	_	_	_	
2-14	286-288	es	_	_	_	
2-15	289-291	in	_	_	_	
2-16	292-296	form	_	_	_	
2-17	297-302	eines	_	_	_	
2-18	303-310	weiſſen	_	_	_	
2-19	311-317	Rauchs	_	_	_	
2-20	318-320	in	_	_	_	
2-21	321-324	die	_	_	_	
2-22	325-330	Lufft	_	_	_	
2-23	330-331	/	_	_	_	
2-24	332-339	welcher	_	_	_	
2-25	340-345	Rauch	_	_	_	
2-26	346-350	denn	_	_	_	
2-27	351-354	von	_	_	_	
2-28	355-360	einem	_	_	_	
2-29	361-371	brennenden	_	_	_	
2-30	372-378	Liecht	_	_	_	
2-31	379-385	gleich	_	_	_	
2-32	386-388	in	_	_	_	
2-33	389-393	Flam	_	_	_	
2-34	393-394	-	_	_	_	
2-35	395-398	men	_	_	_	
2-36	399-409	verwandelt	_	_	_	
2-37	410-414	wird	_	_	_	
2-38	414-415	.	_	_	_	

#Text=Wenn ein leinen
#Text=Tuch darein getaucht angezuͤndet wird/
#Text=ſo
#Text=wird allein das Oel/ nicht aber das Tuch
#Text=
#Text=verbrennen;
#Text=und wenn denn das Feuer auß-
#Text=loͤſchet/ ſo wirfft der Leinwat erſtlich ein
#Text=Camffer-geruch von ſich/ und da dieſer vor-
#Text=bey oder geſchwaͤchet wird/
#Text=ſo gehet darauff
#Text=ein lieblicher Zimmet-geruch von dannen
#Text=auß.
3-1	416-420	Wenn	_	_	_	
3-2	421-424	ein	_	_	_	
3-3	425-431	leinen	_	_	_	
3-4	432-436	Tuch	_	_	_	
3-5	437-443	darein	_	_	_	
3-6	444-452	getaucht	_	_	_	
3-7	453-464	angezuͤndet	_	_	_	
3-8	465-469	wird	_	_	_	
3-9	469-470	/	_	_	_	
3-10	471-473	ſo	_	_	_	
3-11	474-478	wird	_	_	_	
3-12	479-485	allein	_	_	_	
3-13	486-489	das	_	_	_	
3-14	490-493	Oel	_	_	_	
3-15	493-494	/	_	_	_	
3-16	495-500	nicht	_	_	_	
3-17	501-505	aber	_	_	_	
3-18	506-509	das	_	_	_	
3-19	510-514	Tuch	_	_	_	
3-20	516-526	verbrennen	_	_	_	
3-21	526-527	;	_	_	_	
3-22	528-531	und	_	_	_	
3-23	532-536	wenn	_	_	_	
3-24	537-541	denn	_	_	_	
3-25	542-545	das	_	_	_	
3-26	546-551	Feuer	_	_	_	
3-27	552-555	auß	_	_	_	
3-28	555-556	-	_	_	_	
3-29	557-565	loͤſchet	_	_	_	
3-30	565-566	/	_	_	_	
3-31	567-569	ſo	_	_	_	
3-32	570-576	wirfft	Evoked\_Odorant	_	_	
3-33	577-580	der	_	_	_	
3-34	581-588	Leinwat	Smell\_Source	*|*	3-36[1_0]|3-58[10_0]	
3-35	589-597	erſtlich	_	_	_	
3-36	598-601	ein	Evoked\_Odorant[1]	*	3-32[0_1]	
3-37	602-616	Camffer-geruch	Evoked\_Odorant[1]|*[2]|Smell\_Word[3]	*	3-43[0_2]	
3-38	617-620	von	Evoked\_Odorant[1]	_	_	
3-39	621-625	ſich	Evoked\_Odorant[1]	_	_	
3-40	625-626	/	_	_	_	
3-41	627-630	und	_	_	_	
3-42	631-633	da	_	_	_	
3-43	634-640	dieſer	*	_	_	
3-44	641-644	vor	Time[4]	_	_	
3-45	644-645	-	Time[4]	_	_	
3-46	646-649	bey	Time[4]	_	_	
3-47	650-654	oder	Circumstances[5]	_	_	
3-48	655-667	geſchwaͤchet	Circumstances[5]	_	_	
3-49	668-672	wird	Circumstances[5]	_	_	
3-50	672-673	/	_	_	_	
3-51	674-676	ſo	Evoked\_Odorant[6]	_	_	
3-52	677-682	gehet	Evoked\_Odorant[6]	_	_	
3-53	683-690	darauff	Evoked\_Odorant[6]	_	_	
3-54	691-694	ein	Evoked\_Odorant[6]	_	_	
3-55	695-705	lieblicher	Evoked\_Odorant[6]|Quality[7]	_	_	
3-56	706-719	Zimmet-geruch	Evoked\_Odorant[6]|*[8]|Smell\_Word[9]	_	_	
3-57	720-723	von	Evoked\_Odorant[6]	_	_	
3-58	724-730	dannen	Evoked\_Odorant[6]|Smell\_Source[10]	_	_	
3-59	731-734	auß	Evoked\_Odorant[6]	_	_	
3-60	734-735	.	_	_	_	

#Text=Wenn der Rauch dieſes Oels durch
#Text=ein drey- oder vierfaches Tuch gelaſſen wird/
#Text=
#Text=ſo verwandelt er ſich auff dem oberſten Tuch
#Text=
#Text=in ein weiſſes oͤlichtes Saltz/ oder in Camf-
#Text=fer/
#Text=und bleibt da ankleben;
#Text=worauß denn
#Text=Sonnen-klar erhellet/ daß ſolch Oel anders
#Text=nichts/ als ein fluͤchtig alkaliſches Saltz
#Text=ſeye/ mit einem fluͤchtigen Oel vergeſell-
#Text=ſchafftet.
4-1	736-740	Wenn	_	_	_	
4-2	741-744	der	_	_	_	
4-3	745-750	Rauch	_	_	_	
4-4	751-757	dieſes	_	_	_	
4-5	758-762	Oels	_	_	_	
4-6	763-768	durch	_	_	_	
4-7	769-772	ein	_	_	_	
4-8	773-777	drey	_	_	_	
4-9	777-778	-	_	_	_	
4-10	779-783	oder	_	_	_	
4-11	784-794	vierfaches	_	_	_	
4-12	795-799	Tuch	_	_	_	
4-13	800-808	gelaſſen	_	_	_	
4-14	809-813	wird	_	_	_	
4-15	813-814	/	_	_	_	
4-16	816-818	ſo	_	_	_	
4-17	819-829	verwandelt	_	_	_	
4-18	830-832	er	_	_	_	
4-19	833-837	ſich	_	_	_	
4-20	838-842	auff	_	_	_	
4-21	843-846	dem	_	_	_	
4-22	847-855	oberſten	_	_	_	
4-23	856-860	Tuch	_	_	_	
4-24	862-864	in	_	_	_	
4-25	865-868	ein	_	_	_	
4-26	869-876	weiſſes	_	_	_	
4-27	877-886	oͤlichtes	_	_	_	
4-28	887-892	Saltz	_	_	_	
4-29	892-893	/	_	_	_	
4-30	894-898	oder	_	_	_	
4-31	899-901	in	_	_	_	
4-32	902-906	Camf	_	_	_	
4-33	906-907	-	_	_	_	
4-34	908-911	fer	_	_	_	
4-35	911-912	/	_	_	_	
4-36	913-916	und	_	_	_	
4-37	917-923	bleibt	_	_	_	
4-38	924-926	da	_	_	_	
4-39	927-935	ankleben	_	_	_	
4-40	935-936	;	_	_	_	
4-41	937-943	worauß	_	_	_	
4-42	944-948	denn	_	_	_	
4-43	949-960	Sonnen-klar	_	_	_	
4-44	961-969	erhellet	_	_	_	
4-45	969-970	/	_	_	_	
4-46	971-974	daß	_	_	_	
4-47	975-980	ſolch	_	_	_	
4-48	981-984	Oel	_	_	_	
4-49	985-991	anders	_	_	_	
4-50	992-998	nichts	_	_	_	
4-51	998-999	/	_	_	_	
4-52	1000-1003	als	_	_	_	
4-53	1004-1007	ein	_	_	_	
4-54	1008-1017	fluͤchtig	_	_	_	
4-55	1018-1029	alkaliſches	_	_	_	
4-56	1030-1035	Saltz	_	_	_	
4-57	1036-1040	ſeye	_	_	_	
4-58	1040-1041	/	_	_	_	
4-59	1042-1045	mit	_	_	_	
4-60	1046-1051	einem	_	_	_	
4-61	1052-1063	fluͤchtigen	_	_	_	
4-62	1064-1067	Oel	_	_	_	
4-63	1068-1077	vergeſell	_	_	_	
4-64	1077-1078	-	_	_	_	
4-65	1079-1088	ſchafftet	_	_	_	
4-66	1088-1089	.	_	_	_	

#Text=Auß der Rinde des Stammens aber wird
#Text=das rechte Zimmet-oͤl deſtilliert.
5-1	1093-1096	Auß	_	_	_	
5-2	1097-1100	der	_	_	_	
5-3	1101-1106	Rinde	_	_	_	
5-4	1107-1110	des	_	_	_	
5-5	1111-1119	Stammens	_	_	_	
5-6	1120-1124	aber	_	_	_	
5-7	1125-1129	wird	_	_	_	
5-8	1130-1133	das	_	_	_	
5-9	1134-1140	rechte	_	_	_	
5-10	1141-1151	Zimmet-oͤl	_	_	_	
5-11	1152-1163	deſtilliert	_	_	_	
5-12	1163-1164	.	_	_	_	

#Text=Auß den
#Text=Blaͤttern bekom̃t man durch die Deſtillation
#Text=erſtlich ein truͤbes Oel/ welches aber bald
#Text=hernach gelblicht und durchſcheinend wird/
6-1	1165-1168	Auß	_	_	_	
6-2	1169-1172	den	_	_	_	
6-3	1173-1182	Blaͤttern	_	_	_	
6-4	1183-1190	bekom̃t	_	_	_	
6-5	1191-1194	man	_	_	_	
6-6	1195-1200	durch	_	_	_	
6-7	1201-1204	die	_	_	_	
6-8	1205-1217	Deſtillation	_	_	_	
6-9	1218-1226	erſtlich	_	_	_	
6-10	1227-1230	ein	_	_	_	
6-11	1231-1238	truͤbes	_	_	_	
6-12	1239-1242	Oel	_	_	_	
6-13	1242-1243	/	_	_	_	
6-14	1244-1251	welches	_	_	_	
6-15	1252-1256	aber	_	_	_	
6-16	1257-1261	bald	_	_	_	
6-17	1262-1269	hernach	_	_	_	
6-18	1270-1279	gelblicht	_	_	_	
6-19	1280-1283	und	_	_	_	
6-20	1284-1298	durchſcheinend	_	_	_	
6-21	1299-1303	wird	_	_	_	
6-22	1303-1304	/	_	_	_	
