#FORMAT=WebAnno TSV 3.3


#Text=9 Et abii ad angelum, dicens ei, ut daret mihi librum.
1-1	2-3	9	
1-2	4-6	Et	
1-3	7-11	abii	
1-4	12-14	ad	
1-5	15-22	angelum	
1-6	22-23	,	
1-7	24-30	dicens	
1-8	31-33	ei	
1-9	33-34	,	
1-10	35-37	ut	
1-11	38-43	daret	
1-12	44-48	mihi	
1-13	49-55	librum	
1-14	55-56	.	

#Text=Et dixit mihi : Accipe librum, et devora illum : et faciet amaricari ventrem tuum, sed in ore tuo erit dulce tamquam mel.
#Text=10 Et accepi librum de manu angeli, et devoravi illum : et erat in ore meo tamquam mel dulce, et cum devorassem eum, amaricatus est venter meus : 11 et dixit mihi : Oportet te iterum prophetare gentibus, et populis, et linguis, et regibus multis.
2-1	57-59	Et	
2-2	60-65	dixit	
2-3	66-70	mihi	
2-4	71-72	:	
2-5	73-79	Accipe	
2-6	80-86	librum	
2-7	86-87	,	
2-8	88-90	et	
2-9	91-97	devora	
2-10	98-103	illum	
2-11	104-105	:	
2-12	106-108	et	
2-13	109-115	faciet	
2-14	116-125	amaricari	
2-15	126-133	ventrem	
2-16	134-138	tuum	
2-17	138-139	,	
2-18	140-143	sed	
2-19	144-146	in	
2-20	147-150	ore	
2-21	151-154	tuo	
2-22	155-159	erit	
2-23	160-165	dulce	
2-24	166-173	tamquam	
2-25	174-177	mel	
2-26	177-178	.	
2-27	179-181	10	
2-28	182-184	Et	
2-29	185-191	accepi	
2-30	192-198	librum	
2-31	199-201	de	
2-32	202-206	manu	
2-33	207-213	angeli	
2-34	213-214	,	
2-35	215-217	et	
2-36	218-226	devoravi	
2-37	227-232	illum	
2-38	233-234	:	
2-39	235-237	et	
2-40	238-242	erat	
2-41	243-245	in	
2-42	246-249	ore	
2-43	250-253	meo	
2-44	254-261	tamquam	
2-45	262-265	mel	
2-46	266-271	dulce	
2-47	271-272	,	
2-48	273-275	et	
2-49	276-279	cum	
2-50	280-290	devorassem	
2-51	291-294	eum	
2-52	294-295	,	
2-53	296-306	amaricatus	
2-54	307-310	est	
2-55	311-317	venter	
2-56	318-322	meus	
2-57	323-324	:	
2-58	325-327	11	
2-59	328-330	et	
2-60	331-336	dixit	
2-61	337-341	mihi	
2-62	342-343	:	
2-63	344-351	Oportet	
2-64	352-354	te	
2-65	355-361	iterum	
2-66	362-372	prophetare	
2-67	373-381	gentibus	
2-68	381-382	,	
2-69	383-385	et	
2-70	386-393	populis	
2-71	393-394	,	
2-72	395-397	et	
2-73	398-405	linguis	
2-74	405-406	,	
2-75	407-409	et	
2-76	410-417	regibus	
2-77	418-424	multis	
2-78	424-425	.	

#Text=Caput 11
#Text=
#Text=
#Text=1 Et datus est mihi calamus similis virgæ, et dictum est mihi : Surge, et metire templum Dei, et altare, et adorantes in eo : 2 atrium autem, quod est foris templum, ejice foras, et ne metiaris illud : quoniam datum est gentibus, et civitatem sanctam calcabunt mensibus quadraginta duobus : 3 et dabo duobus testibus meis, et prophetabunt diebus mille ducentis sexaginta, amicti saccis.
#Text=4 Hi sunt duæ olivæ et duo candelabra in conspectu Domini terræ stantes.
#Text=5 Et si quis voluerit eos nocere, ignis exiet de ore eorum, et devorabit inimicos eorum : et si quis voluerit eos lædere, sic oportet eum occidi.
#Text=6 Hi habent potestatem claudendi cælum, ne pluat diebus prophetiæ ipsorum : et potestatem habent super aquas convertendi eas in sanguinem, et percutere terram omni plaga quotiescumque voluerint.
#Text=7 Et cum finierint testimonium suum, bestia, quæ ascendit de abysso, faciet adversum eos bellum, et vincet illos, et occidet eos.
#Text=8 Et corpora eorum jacebunt in plateis civitatis magnæ, quæ vocatur spiritualiter Sodoma, et Ægyptus, ubi et Dominus eorum crucifixus est.
#Text=9 Et videbunt de tribubus, et populis, et linguis, et gentibus corpora eorum per tres dies et dimidium : et corpora eorum non sinent poni in monumentis : 10 et inhabitantes terram gaudebunt super illos, et jucundabuntur : et munera mittent invicem, quoniam hi duo prophetæ cruciaverunt eos, qui habitabant super terram.
#Text=11 Et post dies tres et dimidium, spiritus vitæ a Deo intravit in eos.
3-1	426-431	Caput	
3-2	432-434	11	
3-3	437-438	1	
3-4	439-441	Et	
3-5	442-447	datus	
3-6	448-451	est	
3-7	452-456	mihi	
3-8	457-464	calamus	
3-9	465-472	similis	
3-10	473-478	virgæ	
3-11	478-479	,	
3-12	480-482	et	
3-13	483-489	dictum	
3-14	490-493	est	
3-15	494-498	mihi	
3-16	499-500	:	
3-17	501-506	Surge	
3-18	506-507	,	
3-19	508-510	et	
3-20	511-517	metire	
3-21	518-525	templum	
3-22	526-529	Dei	
3-23	529-530	,	
3-24	531-533	et	
3-25	534-540	altare	
3-26	540-541	,	
3-27	542-544	et	
3-28	545-554	adorantes	
3-29	555-557	in	
3-30	558-560	eo	
3-31	561-562	:	
3-32	563-564	2	
3-33	565-571	atrium	
3-34	572-577	autem	
3-35	577-578	,	
3-36	579-583	quod	
3-37	584-587	est	
3-38	588-593	foris	
3-39	594-601	templum	
3-40	601-602	,	
3-41	603-608	ejice	
3-42	609-614	foras	
3-43	614-615	,	
3-44	616-618	et	
3-45	619-621	ne	
3-46	622-630	metiaris	
3-47	631-636	illud	
3-48	637-638	:	
3-49	639-646	quoniam	
3-50	647-652	datum	
3-51	653-656	est	
3-52	657-665	gentibus	
3-53	665-666	,	
3-54	667-669	et	
3-55	670-679	civitatem	
3-56	680-687	sanctam	
3-57	688-697	calcabunt	
3-58	698-706	mensibus	
3-59	707-718	quadraginta	
3-60	719-725	duobus	
3-61	726-727	:	
3-62	728-729	3	
3-63	730-732	et	
3-64	733-737	dabo	
3-65	738-744	duobus	
3-66	745-753	testibus	
3-67	754-758	meis	
3-68	758-759	,	
3-69	760-762	et	
3-70	763-775	prophetabunt	
3-71	776-782	diebus	
3-72	783-788	mille	
3-73	789-797	ducentis	
3-74	798-807	sexaginta	
3-75	807-808	,	
3-76	809-815	amicti	
3-77	816-822	saccis	
3-78	822-823	.	
3-79	824-825	4	
3-80	826-828	Hi	
3-81	829-833	sunt	
3-82	834-837	duæ	
3-83	838-843	olivæ	
3-84	844-846	et	
3-85	847-850	duo	
3-86	851-861	candelabra	
3-87	862-864	in	
3-88	865-874	conspectu	
3-89	875-881	Domini	
3-90	882-887	terræ	
3-91	888-895	stantes	
3-92	895-896	.	
3-93	897-898	5	
3-94	899-901	Et	
3-95	902-904	si	
3-96	905-909	quis	
3-97	910-918	voluerit	
3-98	919-922	eos	
3-99	923-929	nocere	
3-100	929-930	,	
3-101	931-936	ignis	
3-102	937-942	exiet	
3-103	943-945	de	
3-104	946-949	ore	
3-105	950-955	eorum	
3-106	955-956	,	
3-107	957-959	et	
3-108	960-969	devorabit	
3-109	970-978	inimicos	
3-110	979-984	eorum	
3-111	985-986	:	
3-112	987-989	et	
3-113	990-992	si	
3-114	993-997	quis	
3-115	998-1006	voluerit	
3-116	1007-1010	eos	
3-117	1011-1017	lædere	
3-118	1017-1018	,	
3-119	1019-1022	sic	
3-120	1023-1030	oportet	
3-121	1031-1034	eum	
3-122	1035-1041	occidi	
3-123	1041-1042	.	
3-124	1043-1044	6	
3-125	1045-1047	Hi	
3-126	1048-1054	habent	
3-127	1055-1065	potestatem	
3-128	1066-1075	claudendi	
3-129	1076-1081	cælum	
3-130	1081-1082	,	
3-131	1083-1085	ne	
3-132	1086-1091	pluat	
3-133	1092-1098	diebus	
3-134	1099-1108	prophetiæ	
3-135	1109-1116	ipsorum	
3-136	1117-1118	:	
3-137	1119-1121	et	
3-138	1122-1132	potestatem	
3-139	1133-1139	habent	
3-140	1140-1145	super	
3-141	1146-1151	aquas	
3-142	1152-1163	convertendi	
3-143	1164-1167	eas	
3-144	1168-1170	in	
3-145	1171-1180	sanguinem	
3-146	1180-1181	,	
3-147	1182-1184	et	
3-148	1185-1194	percutere	
3-149	1195-1201	terram	
3-150	1202-1206	omni	
3-151	1207-1212	plaga	
3-152	1213-1226	quotiescumque	
3-153	1227-1236	voluerint	
3-154	1236-1237	.	
3-155	1238-1239	7	
3-156	1240-1242	Et	
3-157	1243-1246	cum	
3-158	1247-1256	finierint	
3-159	1257-1268	testimonium	
3-160	1269-1273	suum	
3-161	1273-1274	,	
3-162	1275-1281	bestia	
3-163	1281-1282	,	
3-164	1283-1286	quæ	
3-165	1287-1295	ascendit	
3-166	1296-1298	de	
3-167	1299-1305	abysso	
3-168	1305-1306	,	
3-169	1307-1313	faciet	
3-170	1314-1322	adversum	
3-171	1323-1326	eos	
3-172	1327-1333	bellum	
3-173	1333-1334	,	
3-174	1335-1337	et	
3-175	1338-1344	vincet	
3-176	1345-1350	illos	
3-177	1350-1351	,	
3-178	1352-1354	et	
3-179	1355-1362	occidet	
3-180	1363-1366	eos	
3-181	1366-1367	.	
3-182	1368-1369	8	
3-183	1370-1372	Et	
3-184	1373-1380	corpora	
3-185	1381-1386	eorum	
3-186	1387-1395	jacebunt	
3-187	1396-1398	in	
3-188	1399-1406	plateis	
3-189	1407-1416	civitatis	
3-190	1417-1422	magnæ	
3-191	1422-1423	,	
3-192	1424-1427	quæ	
3-193	1428-1435	vocatur	
3-194	1436-1449	spiritualiter	
3-195	1450-1456	Sodoma	
3-196	1456-1457	,	
3-197	1458-1460	et	
3-198	1461-1468	Ægyptus	
3-199	1468-1469	,	
3-200	1470-1473	ubi	
3-201	1474-1476	et	
3-202	1477-1484	Dominus	
3-203	1485-1490	eorum	
3-204	1491-1501	crucifixus	
3-205	1502-1505	est	
3-206	1505-1506	.	
3-207	1507-1508	9	
3-208	1509-1511	Et	
3-209	1512-1520	videbunt	
3-210	1521-1523	de	
3-211	1524-1532	tribubus	
3-212	1532-1533	,	
3-213	1534-1536	et	
3-214	1537-1544	populis	
3-215	1544-1545	,	
3-216	1546-1548	et	
3-217	1549-1556	linguis	
3-218	1556-1557	,	
3-219	1558-1560	et	
3-220	1561-1569	gentibus	
3-221	1570-1577	corpora	
3-222	1578-1583	eorum	
3-223	1584-1587	per	
3-224	1588-1592	tres	
3-225	1593-1597	dies	
3-226	1598-1600	et	
3-227	1601-1609	dimidium	
3-228	1610-1611	:	
3-229	1612-1614	et	
3-230	1615-1622	corpora	
3-231	1623-1628	eorum	
3-232	1629-1632	non	
3-233	1633-1639	sinent	
3-234	1640-1644	poni	
3-235	1645-1647	in	
3-236	1648-1658	monumentis	
3-237	1659-1660	:	
3-238	1661-1663	10	
3-239	1664-1666	et	
3-240	1667-1679	inhabitantes	
3-241	1680-1686	terram	
3-242	1687-1696	gaudebunt	
3-243	1697-1702	super	
3-244	1703-1708	illos	
3-245	1708-1709	,	
3-246	1710-1712	et	
3-247	1713-1726	jucundabuntur	
3-248	1727-1728	:	
3-249	1729-1731	et	
3-250	1732-1738	munera	
3-251	1739-1746	mittent	
3-252	1747-1754	invicem	
3-253	1754-1755	,	
3-254	1756-1763	quoniam	
3-255	1764-1766	hi	
3-256	1767-1770	duo	
3-257	1771-1779	prophetæ	
3-258	1780-1792	cruciaverunt	
3-259	1793-1796	eos	
3-260	1796-1797	,	
3-261	1798-1801	qui	
3-262	1802-1812	habitabant	
3-263	1813-1818	super	
3-264	1819-1825	terram	
3-265	1825-1826	.	
3-266	1827-1829	11	
3-267	1830-1832	Et	
3-268	1833-1837	post	
3-269	1838-1842	dies	
3-270	1843-1847	tres	
3-271	1848-1850	et	
3-272	1851-1859	dimidium	
3-273	1859-1860	,	
3-274	1861-1869	spiritus	
3-275	1870-1874	vitæ	
3-276	1875-1876	a	
3-277	1877-1880	Deo	
3-278	1881-1889	intravit	
3-279	1890-1892	in	
3-280	1893-1896	eos	
3-281	1896-1897	.	

#Text=Et steterunt super pedes suos, et timor magnus cecidit super eos qui viderunt eos.
#Text=12 Et audierunt vocem magnam de cælo, dicentem eis : Ascendite huc.
4-1	1898-1900	Et	
4-2	1901-1910	steterunt	
4-3	1911-1916	super	
4-4	1917-1922	pedes	
4-5	1923-1927	suos	
4-6	1927-1928	,	
4-7	1929-1931	et	
4-8	1932-1937	timor	
4-9	1938-1944	magnus	
4-10	1945-1952	cecidit	
4-11	1953-1958	super	
4-12	1959-1962	eos	
4-13	1963-1966	qui	
4-14	1967-1975	viderunt	
4-15	1976-1979	eos	
4-16	1979-1980	.	
4-17	1981-1983	12	
4-18	1984-1986	Et	
4-19	1987-1996	audierunt	
4-20	1997-2002	vocem	
4-21	2003-2009	magnam	
4-22	2010-2012	de	
4-23	2013-2017	cælo	
4-24	2017-2018	,	
4-25	2019-2027	dicentem	
4-26	2028-2031	eis	
4-27	2032-2033	:	
4-28	2034-2043	Ascendite	
4-29	2044-2047	huc	
4-30	2047-2048	.	

#Text=Et ascenderunt in cælum in nube : et viderunt illos inimici eorum.
#Text=13 Et in illa hora factus est terræmotus magnus, et decima pars civitatis cecidit : et occisa sunt in terræmotu nomina hominum septem millia : et reliqui in timorem sunt missi, et dederunt gloriam Deo cæli.
#Text=14 Væ secundum abiit : et ecce væ tertium veniet cito.
#Text=15 Et septimus angelus tuba cecinit : et factæ sunt voces magnæ in cælo dicentes : Factum est regnum hujus mundi, Domini nostri et Christi ejus, et regnabit in sæcula sæculorum.
5-1	2049-2051	Et	
5-2	2052-2063	ascenderunt	
5-3	2064-2066	in	
5-4	2067-2072	cælum	
5-5	2073-2075	in	
5-6	2076-2080	nube	
5-7	2081-2082	:	
5-8	2083-2085	et	
5-9	2086-2094	viderunt	
5-10	2095-2100	illos	
5-11	2101-2108	inimici	
5-12	2109-2114	eorum	
5-13	2114-2115	.	
5-14	2116-2118	13	
5-15	2119-2121	Et	
5-16	2122-2124	in	
5-17	2125-2129	illa	
5-18	2130-2134	hora	
5-19	2135-2141	factus	
5-20	2142-2145	est	
5-21	2146-2156	terræmotus	
5-22	2157-2163	magnus	
5-23	2163-2164	,	
5-24	2165-2167	et	
5-25	2168-2174	decima	
5-26	2175-2179	pars	
5-27	2180-2189	civitatis	
5-28	2190-2197	cecidit	
5-29	2198-2199	:	
5-30	2200-2202	et	
5-31	2203-2209	occisa	
5-32	2210-2214	sunt	
5-33	2215-2217	in	
5-34	2218-2227	terræmotu	
5-35	2228-2234	nomina	
5-36	2235-2242	hominum	
5-37	2243-2249	septem	
5-38	2250-2256	millia	
5-39	2257-2258	:	
5-40	2259-2261	et	
5-41	2262-2269	reliqui	
5-42	2270-2272	in	
5-43	2273-2280	timorem	
5-44	2281-2285	sunt	
5-45	2286-2291	missi	
5-46	2291-2292	,	
5-47	2293-2295	et	
5-48	2296-2304	dederunt	
5-49	2305-2312	gloriam	
5-50	2313-2316	Deo	
5-51	2317-2321	cæli	
5-52	2321-2322	.	
5-53	2323-2325	14	
5-54	2326-2328	Væ	
5-55	2329-2337	secundum	
5-56	2338-2343	abiit	
5-57	2344-2345	:	
5-58	2346-2348	et	
5-59	2349-2353	ecce	
5-60	2354-2356	væ	
5-61	2357-2364	tertium	
5-62	2365-2371	veniet	
5-63	2372-2376	cito	
5-64	2376-2377	.	
5-65	2378-2380	15	
5-66	2381-2383	Et	
5-67	2384-2392	septimus	
5-68	2393-2400	angelus	
5-69	2401-2405	tuba	
5-70	2406-2413	cecinit	
5-71	2414-2415	:	
5-72	2416-2418	et	
5-73	2419-2424	factæ	
5-74	2425-2429	sunt	
5-75	2430-2435	voces	
5-76	2436-2441	magnæ	
5-77	2442-2444	in	
5-78	2445-2449	cælo	
5-79	2450-2458	dicentes	
5-80	2459-2460	:	
5-81	2461-2467	Factum	
5-82	2468-2471	est	
5-83	2472-2478	regnum	
5-84	2479-2484	hujus	
5-85	2485-2490	mundi	
5-86	2490-2491	,	
5-87	2492-2498	Domini	
5-88	2499-2505	nostri	
5-89	2506-2508	et	
5-90	2509-2516	Christi	
5-91	2517-2521	ejus	
5-92	2521-2522	,	
5-93	2523-2525	et	
5-94	2526-2534	regnabit	
5-95	2535-2537	in	
5-96	2538-2544	sæcula	
5-97	2545-2554	sæculorum	
5-98	2554-2555	.	

#Text=Amen.
#Text=16 Et viginti quatuor seniores, qui in conspectu Dei sedent in sedibus suis, ceciderunt in facies suas, et adoraverunt Deum, dicentes : 17 Gratias agimus tibi, Domine Deus omnipotens, qui es, et qui eras, et qui venturus es : quia accepisti virtutem tuam magnam, et regnasti.
#Text=18 Et iratæ sunt gentes, et advenit ira tua et tempus mortuorum judicari, et reddere mercedem servis tuis prophetis, et sanctis, et timentibus nomen tuum pusillis et magnis, et exterminandi eos qui corruperunt terram.
6-1	2556-2560	Amen	
6-2	2560-2561	.	
6-3	2562-2564	16	
6-4	2565-2567	Et	
6-5	2568-2575	viginti	
6-6	2576-2583	quatuor	
6-7	2584-2592	seniores	
6-8	2592-2593	,	
6-9	2594-2597	qui	
6-10	2598-2600	in	
6-11	2601-2610	conspectu	
6-12	2611-2614	Dei	
6-13	2615-2621	sedent	
6-14	2622-2624	in	
6-15	2625-2632	sedibus	
6-16	2633-2637	suis	
6-17	2637-2638	,	
6-18	2639-2649	ceciderunt	
6-19	2650-2652	in	
6-20	2653-2659	facies	
6-21	2660-2664	suas	
6-22	2664-2665	,	
6-23	2666-2668	et	
6-24	2669-2680	adoraverunt	
6-25	2681-2685	Deum	
6-26	2685-2686	,	
6-27	2687-2695	dicentes	
6-28	2696-2697	:	
6-29	2698-2700	17	
6-30	2701-2708	Gratias	
6-31	2709-2715	agimus	
6-32	2716-2720	tibi	
6-33	2720-2721	,	
6-34	2722-2728	Domine	
6-35	2729-2733	Deus	
6-36	2734-2744	omnipotens	
6-37	2744-2745	,	
6-38	2746-2749	qui	
6-39	2750-2752	es	
6-40	2752-2753	,	
6-41	2754-2756	et	
6-42	2757-2760	qui	
6-43	2761-2765	eras	
6-44	2765-2766	,	
6-45	2767-2769	et	
6-46	2770-2773	qui	
6-47	2774-2782	venturus	
6-48	2783-2785	es	
6-49	2786-2787	:	
6-50	2788-2792	quia	
6-51	2793-2802	accepisti	
6-52	2803-2811	virtutem	
6-53	2812-2816	tuam	
6-54	2817-2823	magnam	
6-55	2823-2824	,	
6-56	2825-2827	et	
6-57	2828-2836	regnasti	
6-58	2836-2837	.	
6-59	2838-2840	18	
6-60	2841-2843	Et	
6-61	2844-2849	iratæ	
6-62	2850-2854	sunt	
6-63	2855-2861	gentes	
6-64	2861-2862	,	
6-65	2863-2865	et	
6-66	2866-2873	advenit	
6-67	2874-2877	ira	
6-68	2878-2881	tua	
6-69	2882-2884	et	
6-70	2885-2891	tempus	
6-71	2892-2901	mortuorum	
6-72	2902-2910	judicari	
6-73	2910-2911	,	
6-74	2912-2914	et	
6-75	2915-2922	reddere	
6-76	2923-2931	mercedem	
6-77	2932-2938	servis	
6-78	2939-2943	tuis	
6-79	2944-2953	prophetis	
6-80	2953-2954	,	
6-81	2955-2957	et	
6-82	2958-2965	sanctis	
6-83	2965-2966	,	
6-84	2967-2969	et	
6-85	2970-2980	timentibus	
6-86	2981-2986	nomen	
6-87	2987-2991	tuum	
6-88	2992-3000	pusillis	
6-89	3001-3003	et	
6-90	3004-3010	magnis	
6-91	3010-3011	,	
6-92	3012-3014	et	
6-93	3015-3027	exterminandi	
6-94	3028-3031	eos	
6-95	3032-3035	qui	
6-96	3036-3047	corruperunt	
6-97	3048-3054	terram	
6-98	3054-3055	.	
