#FORMAT=WebAnno TSV 3.3


#Text=maar dat is een soort van
#Text=Kool, daar ’t Graan in verandert, ’t geen niet alleen overvloed van Koorn wegneemt,
#Text=maar nog daar en boven, de kleur uitnemend zwart maakt;
#Text=zo men geen zorg draagt,
#Text=dat men de Tarw wast, eer men ze na de Molen zendt.
1-1	2-6	maar	
1-2	7-10	dat	
1-3	11-13	is	
1-4	14-17	een	
1-5	18-23	soort	
1-6	24-27	van	
1-7	28-32	Kool	
1-8	32-33	,	
1-9	34-38	daar	
1-10	39-40	’	
1-11	40-41	t	
1-12	42-47	Graan	
1-13	48-50	in	
1-14	51-60	verandert	
1-15	60-61	,	
1-16	62-63	’	
1-17	63-64	t	
1-18	65-69	geen	
1-19	70-74	niet	
1-20	75-81	alleen	
1-21	82-91	overvloed	
1-22	92-95	van	
1-23	96-101	Koorn	
1-24	102-110	wegneemt	
1-25	110-111	,	
1-26	112-116	maar	
1-27	117-120	nog	
1-28	121-125	daar	
1-29	126-128	en	
1-30	129-134	boven	
1-31	134-135	,	
1-32	136-138	de	
1-33	139-144	kleur	
1-34	145-154	uitnemend	
1-35	155-160	zwart	
1-36	161-166	maakt	
1-37	166-167	;	
1-38	168-170	zo	
1-39	171-174	men	
1-40	175-179	geen	
1-41	180-184	zorg	
1-42	185-191	draagt	
1-43	191-192	,	
1-44	193-196	dat	
1-45	197-200	men	
1-46	201-203	de	
1-47	204-208	Tarw	
1-48	209-213	wast	
1-49	213-214	,	
1-50	215-218	eer	
1-51	219-222	men	
1-52	223-225	ze	
1-53	226-228	na	
1-54	229-231	de	
1-55	232-237	Molen	
1-56	238-243	zendt	
1-57	243-244	.	

#Text=De tyd waar in het Koorn de Honigdau, of Brand is onderworpen, is het begin van
#Text=Mei, tot dat het gemaaid wordt.
2-1	247-249	De	
2-2	250-253	tyd	
2-3	254-258	waar	
2-4	259-261	in	
2-5	262-265	het	
2-6	266-271	Koorn	
2-7	272-274	de	
2-8	275-283	Honigdau	
2-9	283-284	,	
2-10	285-287	of	
2-11	288-293	Brand	
2-12	294-296	is	
2-13	297-308	onderworpen	
2-14	308-309	,	
2-15	310-312	is	
2-16	313-316	het	
2-17	317-322	begin	
2-18	323-326	van	
2-19	327-330	Mei	
2-20	330-331	,	
2-21	332-335	tot	
2-22	336-339	dat	
2-23	340-343	het	
2-24	344-351	gemaaid	
2-25	352-357	wordt	
2-26	357-358	.	

#Text=Deze Honigdau is niet anders, dan ene vette stof, die
#Text=uit de aarde opkomt; en opklimmende in de lucht zich in waassem veranderd, die
#Text=gemeenlyk gene ongemakken veroorzaakt, welke we gewaar worden, dan in de
#Text=Zomer, welke de tyd is, waar in de lucht bedaard is, en in welke’er vele dampen zich
#Text=verheffen, die van uitwaasseming zyn verzeld, die deze Koornbrand veroorzaken,
#Text=waar van we spreken, en dat op de volgende wys.
3-1	359-363	Deze	
3-2	364-372	Honigdau	
3-3	373-375	is	
3-4	376-380	niet	
3-5	381-387	anders	
3-6	387-388	,	
3-7	389-392	dan	
3-8	393-396	ene	
3-9	397-402	vette	
3-10	403-407	stof	
3-11	407-408	,	
3-12	409-412	die	
3-13	413-416	uit	
3-14	417-419	de	
3-15	420-425	aarde	
3-16	426-432	opkomt	
3-17	432-433	;	
3-18	434-436	en	
3-19	437-448	opklimmende	
3-20	449-451	in	
3-21	452-454	de	
3-22	455-460	lucht	
3-23	461-465	zich	
3-24	466-468	in	
3-25	469-476	waassem	
3-26	477-486	veranderd	
3-27	486-487	,	
3-28	488-491	die	
3-29	492-501	gemeenlyk	
3-30	502-506	gene	
3-31	507-517	ongemakken	
3-32	518-529	veroorzaakt	
3-33	529-530	,	
3-34	531-536	welke	
3-35	537-539	we	
3-36	540-546	gewaar	
3-37	547-553	worden	
3-38	553-554	,	
3-39	555-558	dan	
3-40	559-561	in	
3-41	562-564	de	
3-42	565-570	Zomer	
3-43	570-571	,	
3-44	572-577	welke	
3-45	578-580	de	
3-46	581-584	tyd	
3-47	585-587	is	
3-48	587-588	,	
3-49	589-593	waar	
3-50	594-596	in	
3-51	597-599	de	
3-52	600-605	lucht	
3-53	606-613	bedaard	
3-54	614-616	is	
3-55	616-617	,	
3-56	618-620	en	
3-57	621-623	in	
3-58	624-629	welke	
3-59	629-630	’	
3-60	630-632	er	
3-61	633-637	vele	
3-62	638-644	dampen	
3-63	645-649	zich	
3-64	650-659	verheffen	
3-65	659-660	,	
3-66	661-664	die	
3-67	665-668	van	
3-68	669-682	uitwaasseming	
3-69	683-686	zyn	
3-70	687-694	verzeld	
3-71	694-695	,	
3-72	696-699	die	
3-73	700-704	deze	
3-74	705-715	Koornbrand	
3-75	716-727	veroorzaken	
3-76	727-728	,	
3-77	729-733	waar	
3-78	734-737	van	
3-79	738-740	we	
3-80	741-748	spreken	
3-81	748-749	,	
3-82	750-752	en	
3-83	753-756	dat	
3-84	757-759	op	
3-85	760-762	de	
3-86	763-771	volgende	
3-87	772-775	wys	
3-88	775-776	.	

#Text=Deze uitwaassemingen en dampen dan in de lucht zynde, en zo bewogen als nodig
#Text=is, om te maken, dat ze hoog genoeg stygen, heeft de ondervinding tot hier toe doen
#Text=
#Text=zien, dat die uitwerkzelen der nature de ene van de andere op deze wyze doen
#Text=
#Text=
#Text=onderscheiden; dat de dampen, die niet, dan van fyne deelen worden gemaakt, zich
#Text=altyd zeer licht ontzwachtelen;
#Text=daar de uitwaassemingen, die stoffen in zich vervatten,
#Text=die hen wat meer bezwaren, en gevolglyk hen beletten hoger te stygen, nooit zweven,
#Text=dan in de naaste luchtstreek van de aarde; waar uit volgt, dat, zo de lucht begint een
#Text=weinig koud te worden, in de nacht;
#Text=de uitdampingen, die niet geaart zyn om in
#Text=beweging te blyven, maar gedurig na rust trachten; gewoon zyn de ene in de andere
#Text=te smelten, en door dat middel ene Nevel te maken, die menigmaal in een smerige
#Text=stof veranderd, op den Tarw valt, die verbrandt op ’t velt, welke die vocht zo heet
#Text=maakt, datze, om zo te spreken, alle de koorns roostert, welke ze bejegent.
4-1	779-783	Deze	
4-2	784-799	uitwaassemingen	
4-3	800-802	en	
4-4	803-809	dampen	
4-5	810-813	dan	
4-6	814-816	in	
4-7	817-819	de	
4-8	820-825	lucht	
4-9	826-831	zynde	
4-10	831-832	,	
4-11	833-835	en	
4-12	836-838	zo	
4-13	839-846	bewogen	
4-14	847-850	als	
4-15	851-856	nodig	
4-16	857-859	is	
4-17	859-860	,	
4-18	861-863	om	
4-19	864-866	te	
4-20	867-872	maken	
4-21	872-873	,	
4-22	874-877	dat	
4-23	878-880	ze	
4-24	881-885	hoog	
4-25	886-892	genoeg	
4-26	893-899	stygen	
4-27	899-900	,	
4-28	901-906	heeft	
4-29	907-909	de	
4-30	910-922	ondervinding	
4-31	923-926	tot	
4-32	927-931	hier	
4-33	932-935	toe	
4-34	936-940	doen	
4-35	942-946	zien	
4-36	946-947	,	
4-37	948-951	dat	
4-38	952-955	die	
4-39	956-968	uitwerkzelen	
4-40	969-972	der	
4-41	973-979	nature	
4-42	980-982	de	
4-43	983-986	ene	
4-44	987-990	van	
4-45	991-993	de	
4-46	994-1000	andere	
4-47	1001-1003	op	
4-48	1004-1008	deze	
4-49	1009-1013	wyze	
4-50	1014-1018	doen	
4-51	1021-1034	onderscheiden	
4-52	1034-1035	;	
4-53	1036-1039	dat	
4-54	1040-1042	de	
4-55	1043-1049	dampen	
4-56	1049-1050	,	
4-57	1051-1054	die	
4-58	1055-1059	niet	
4-59	1059-1060	,	
4-60	1061-1064	dan	
4-61	1065-1068	van	
4-62	1069-1073	fyne	
4-63	1074-1080	deelen	
4-64	1081-1087	worden	
4-65	1088-1095	gemaakt	
4-66	1095-1096	,	
4-67	1097-1101	zich	
4-68	1102-1107	altyd	
4-69	1108-1112	zeer	
4-70	1113-1118	licht	
4-71	1119-1132	ontzwachtelen	
4-72	1132-1133	;	
4-73	1134-1138	daar	
4-74	1139-1141	de	
4-75	1142-1157	uitwaassemingen	
4-76	1157-1158	,	
4-77	1159-1162	die	
4-78	1163-1170	stoffen	
4-79	1171-1173	in	
4-80	1174-1178	zich	
4-81	1179-1188	vervatten	
4-82	1188-1189	,	
4-83	1190-1193	die	
4-84	1194-1197	hen	
4-85	1198-1201	wat	
4-86	1202-1206	meer	
4-87	1207-1215	bezwaren	
4-88	1215-1216	,	
4-89	1217-1219	en	
4-90	1220-1229	gevolglyk	
4-91	1230-1233	hen	
4-92	1234-1242	beletten	
4-93	1243-1248	hoger	
4-94	1249-1251	te	
4-95	1252-1258	stygen	
4-96	1258-1259	,	
4-97	1260-1265	nooit	
4-98	1266-1272	zweven	
4-99	1272-1273	,	
4-100	1274-1277	dan	
4-101	1278-1280	in	
4-102	1281-1283	de	
4-103	1284-1290	naaste	
4-104	1291-1302	luchtstreek	
4-105	1303-1306	van	
4-106	1307-1309	de	
4-107	1310-1315	aarde	
4-108	1315-1316	;	
4-109	1317-1321	waar	
4-110	1322-1325	uit	
4-111	1326-1331	volgt	
4-112	1331-1332	,	
4-113	1333-1336	dat	
4-114	1336-1337	,	
4-115	1338-1340	zo	
4-116	1341-1343	de	
4-117	1344-1349	lucht	
4-118	1350-1356	begint	
4-119	1357-1360	een	
4-120	1361-1367	weinig	
4-121	1368-1372	koud	
4-122	1373-1375	te	
4-123	1376-1382	worden	
4-124	1382-1383	,	
4-125	1384-1386	in	
4-126	1387-1389	de	
4-127	1390-1395	nacht	
4-128	1395-1396	;	
4-129	1397-1399	de	
4-130	1400-1412	uitdampingen	
4-131	1412-1413	,	
4-132	1414-1417	die	
4-133	1418-1422	niet	
4-134	1423-1429	geaart	
4-135	1430-1433	zyn	
4-136	1434-1436	om	
4-137	1437-1439	in	
4-138	1440-1448	beweging	
4-139	1449-1451	te	
4-140	1452-1458	blyven	
4-141	1458-1459	,	
4-142	1460-1464	maar	
4-143	1465-1472	gedurig	
4-144	1473-1475	na	
4-145	1476-1480	rust	
4-146	1481-1489	trachten	
4-147	1489-1490	;	
4-148	1491-1497	gewoon	
4-149	1498-1501	zyn	
4-150	1502-1504	de	
4-151	1505-1508	ene	
4-152	1509-1511	in	
4-153	1512-1514	de	
4-154	1515-1521	andere	
4-155	1522-1524	te	
4-156	1525-1532	smelten	
4-157	1532-1533	,	
4-158	1534-1536	en	
4-159	1537-1541	door	
4-160	1542-1545	dat	
4-161	1546-1552	middel	
4-162	1553-1556	ene	
4-163	1557-1562	Nevel	
4-164	1563-1565	te	
4-165	1566-1571	maken	
4-166	1571-1572	,	
4-167	1573-1576	die	
4-168	1577-1586	menigmaal	
4-169	1587-1589	in	
4-170	1590-1593	een	
4-171	1594-1601	smerige	
4-172	1602-1606	stof	
4-173	1607-1616	veranderd	
4-174	1616-1617	,	
4-175	1618-1620	op	
4-176	1621-1624	den	
4-177	1625-1629	Tarw	
4-178	1630-1634	valt	
4-179	1634-1635	,	
4-180	1636-1639	die	
4-181	1640-1649	verbrandt	
4-182	1650-1652	op	
4-183	1653-1654	’	
4-184	1654-1655	t	
4-185	1656-1660	velt	
4-186	1660-1661	,	
4-187	1662-1667	welke	
4-188	1668-1671	die	
4-189	1672-1677	vocht	
4-190	1678-1680	zo	
4-191	1681-1685	heet	
4-192	1686-1691	maakt	
4-193	1691-1692	,	
4-194	1693-1698	datze	
4-195	1698-1699	,	
4-196	1700-1702	om	
4-197	1703-1705	zo	
4-198	1706-1708	te	
4-199	1709-1716	spreken	
4-200	1716-1717	,	
4-201	1718-1722	alle	
4-202	1723-1725	de	
4-203	1726-1732	koorns	
4-204	1733-1741	roostert	
4-205	1741-1742	,	
4-206	1743-1748	welke	
4-207	1749-1751	ze	
4-208	1752-1760	bejegent	
4-209	1760-1761	.	

#Text=Dit maakt
#Text=den ondergang van den Landbouwer, alzo dit ongemak overkomt, zo lang, als de
#Text=dampen nog in genoegzame beweging zyn, om in hunue zelfde gedaante te wezen.
5-1	1762-1765	Dit	
5-2	1766-1771	maakt	
5-3	1772-1775	den	
5-4	1776-1785	ondergang	
5-5	1786-1789	van	
5-6	1790-1793	den	
5-7	1794-1804	Landbouwer	
5-8	1804-1805	,	
5-9	1806-1810	alzo	
5-10	1811-1814	dit	
5-11	1815-1822	ongemak	
5-12	1823-1831	overkomt	
5-13	1831-1832	,	
5-14	1833-1835	zo	
5-15	1836-1840	lang	
5-16	1840-1841	,	
5-17	1842-1845	als	
5-18	1846-1848	de	
5-19	1849-1855	dampen	
5-20	1856-1859	nog	
5-21	1860-1862	in	
5-22	1863-1873	genoegzame	
5-23	1874-1882	beweging	
5-24	1883-1886	zyn	
5-25	1886-1887	,	
5-26	1888-1890	om	
5-27	1891-1893	in	
5-28	1894-1899	hunue	
5-29	1900-1906	zelfde	
5-30	1907-1915	gedaante	
5-31	1916-1918	te	
5-32	1919-1924	wezen	
5-33	1924-1925	.	

#Text=Zie daar wat Honingdau en Koornbrand is, en hoe ze komt, en hoe ze zulke rampen
#Text=veroorzaakt, die daar gemeen uit volgen.
6-1	1928-1931	Zie	
6-2	1932-1936	daar	
6-3	1937-1940	wat	
6-4	1941-1950	Honingdau	
6-5	1951-1953	en	
6-6	1954-1964	Koornbrand	
6-7	1965-1967	is	
6-8	1967-1968	,	
6-9	1969-1971	en	
6-10	1972-1975	hoe	
6-11	1976-1978	ze	
6-12	1979-1983	komt	
6-13	1983-1984	,	
6-14	1985-1987	en	
6-15	1988-1991	hoe	
6-16	1992-1994	ze	
6-17	1995-2000	zulke	
6-18	2001-2007	rampen	
6-19	2008-2019	veroorzaakt	
6-20	2019-2020	,	
6-21	2021-2024	die	
6-22	2025-2029	daar	
6-23	2030-2036	gemeen	
6-24	2037-2040	uit	
6-25	2041-2047	volgen	
6-26	2047-2048	.	

#Text=Zie koorn, graan.
7-1	2049-2052	Zie	
7-2	2053-2058	koorn	
7-3	2058-2059	,	
7-4	2060-2065	graan	
7-5	2065-2066	.	

#Text=tarw indise, turkse tarw.
#Text=mays.
8-1	2068-2072	tarw	
8-2	2073-2079	indise	
8-3	2079-2080	,	
8-4	2081-2087	turkse	
8-5	2088-2092	tarw	
8-6	2092-2093	.	
8-7	2094-2098	mays	
8-8	2098-2099	.	

#Text=Is een Plant, waar van men verscheiden soorten
#Text=heeft, die niet verschillen dan deur de kleur van de trossen, waar van de ene Geel,
#Text=de ander Zwart, de derde Wit zyn.
9-1	2100-2102	Is	
9-2	2103-2106	een	
9-3	2107-2112	Plant	
9-4	2112-2113	,	
9-5	2114-2118	waar	
9-6	2119-2122	van	
9-7	2123-2126	men	
9-8	2127-2138	verscheiden	
9-9	2139-2146	soorten	
9-10	2147-2152	heeft	
9-11	2152-2153	,	
9-12	2154-2157	die	
9-13	2158-2162	niet	
9-14	2163-2174	verschillen	
9-15	2175-2178	dan	
9-16	2179-2183	deur	
9-17	2184-2186	de	
9-18	2187-2192	kleur	
9-19	2193-2196	van	
9-20	2197-2199	de	
9-21	2200-2207	trossen	
9-22	2207-2208	,	
9-23	2209-2213	waar	
9-24	2214-2217	van	
9-25	2218-2220	de	
9-26	2221-2224	ene	
9-27	2225-2229	Geel	
9-28	2229-2230	,	
9-29	2231-2233	de	
9-30	2234-2239	ander	
9-31	2240-2245	Zwart	
9-32	2245-2246	,	
9-33	2247-2249	de	
9-34	2250-2255	derde	
9-35	2256-2259	Wit	
9-36	2260-2263	zyn	
9-37	2263-2264	.	

#Text=Beschryving van de Indise Tarw.
10-1	2267-2278	Beschryving	
10-2	2279-2282	van	
10-3	2283-2285	de	
10-4	2286-2292	Indise	
10-5	2293-2297	Tarw	
10-6	2297-2298	.	
