#FORMAT=WebAnno TSV 3.3
#T_SP=custom.Span|label
#T_RL=custom.Relation|label|BT_custom.Span


#Text=In einem halb zerschmetterten Betonklotz saßen Leutnant Sandvoß, Führer der dritten Kompagnie, und der kleine Schultz mit drei schweren Maschinengewehren.
1-1	0-2	In	_	_	_	
1-2	3-8	einem	_	_	_	
1-3	9-13	halb	_	_	_	
1-4	14-29	zerschmetterten	_	_	_	
1-5	30-40	Betonklotz	_	_	_	
1-6	41-46	saßen	_	_	_	
1-7	47-55	Leutnant	_	_	_	
1-8	56-63	Sandvoß	_	_	_	
1-9	63-64	,	_	_	_	
1-10	65-71	Führer	_	_	_	
1-11	72-75	der	_	_	_	
1-12	76-83	dritten	_	_	_	
1-13	84-93	Kompagnie	_	_	_	
1-14	93-94	,	_	_	_	
1-15	95-98	und	_	_	_	
1-16	99-102	der	_	_	_	
1-17	103-109	kleine	_	_	_	
1-18	110-117	Schultz	_	_	_	
1-19	118-121	mit	_	_	_	
1-20	122-126	drei	_	_	_	
1-21	127-135	schweren	_	_	_	
1-22	136-153	Maschinengewehren	_	_	_	
1-23	153-154	.	_	_	_	

#Text=Ich wurde mit lautem Hallo und einem Schluck Kognak empfangen, dann erklärten sie mir die Lage, die sehr wenig angenehm war.
2-1	155-158	Ich	_	_	_	
2-2	159-164	wurde	_	_	_	
2-3	165-168	mit	_	_	_	
2-4	169-175	lautem	_	_	_	
2-5	176-181	Hallo	_	_	_	
2-6	182-185	und	_	_	_	
2-7	186-191	einem	_	_	_	
2-8	192-199	Schluck	_	_	_	
2-9	200-206	Kognak	_	_	_	
2-10	207-216	empfangen	_	_	_	
2-11	216-217	,	_	_	_	
2-12	218-222	dann	_	_	_	
2-13	223-232	erklärten	_	_	_	
2-14	233-236	sie	_	_	_	
2-15	237-240	mir	_	_	_	
2-16	241-244	die	_	_	_	
2-17	245-249	Lage	_	_	_	
2-18	249-250	,	_	_	_	
2-19	251-254	die	_	_	_	
2-20	255-259	sehr	_	_	_	
2-21	260-265	wenig	_	_	_	
2-22	266-274	angenehm	_	_	_	
2-23	275-278	war	_	_	_	
2-24	278-279	.	_	_	_	

#Text=Dicht vor uns saß der Engländer, rechts und links war kein Anschluß.
3-1	280-285	Dicht	_	_	_	
3-2	286-289	vor	_	_	_	
3-3	290-293	uns	_	_	_	
3-4	294-297	saß	_	_	_	
3-5	298-301	der	_	_	_	
3-6	302-311	Engländer	_	_	_	
3-7	311-312	,	_	_	_	
3-8	313-319	rechts	_	_	_	
3-9	320-323	und	_	_	_	
3-10	324-329	links	_	_	_	
3-11	330-333	war	_	_	_	
3-12	334-338	kein	_	_	_	
3-13	339-347	Anschluß	_	_	_	
3-14	347-348	.	_	_	_	

#Text=Ganz unvermittelt fragte mich Sandvoß, ob ich etwas von meinem Bruder gehört hätte.
4-1	352-356	Ganz	_	_	_	
4-2	357-369	unvermittelt	_	_	_	
4-3	370-376	fragte	_	_	_	
4-4	377-381	mich	_	_	_	
4-5	382-389	Sandvoß	_	_	_	
4-6	389-390	,	_	_	_	
4-7	391-393	ob	_	_	_	
4-8	394-397	ich	_	_	_	
4-9	398-403	etwas	_	_	_	
4-10	404-407	von	_	_	_	
4-11	408-414	meinem	_	_	_	
4-12	415-421	Bruder	_	_	_	
4-13	422-428	gehört	_	_	_	
4-14	429-434	hätte	_	_	_	
4-15	434-435	.	_	_	_	

#Text=Man wird sich meine Gefühle vorstellen können, als ich erfuhr, daß er den gestrigen Sturm mitgemacht habe und vermißt sei.
5-1	436-439	Man	_	_	_	
5-2	440-444	wird	_	_	_	
5-3	445-449	sich	_	_	_	
5-4	450-455	meine	_	_	_	
5-5	456-463	Gefühle	_	_	_	
5-6	464-474	vorstellen	_	_	_	
5-7	475-481	können	_	_	_	
5-8	481-482	,	_	_	_	
5-9	483-486	als	_	_	_	
5-10	487-490	ich	_	_	_	
5-11	491-497	erfuhr	_	_	_	
5-12	497-498	,	_	_	_	
5-13	499-502	daß	_	_	_	
5-14	503-505	er	_	_	_	
5-15	506-509	den	_	_	_	
5-16	510-519	gestrigen	_	_	_	
5-17	520-525	Sturm	_	_	_	
5-18	526-536	mitgemacht	_	_	_	
5-19	537-541	habe	_	_	_	
5-20	542-545	und	_	_	_	
5-21	546-553	vermißt	_	_	_	
5-22	554-557	sei	_	_	_	
5-23	557-558	.	_	_	_	

#Text=Gleich darauf kam ein Mann und teilte mir mit, daß mein Bruder verwundet in einem nahen Unterstand läge und zeigte dabei auf ein wüstes, von entwurzelten Bäumen bedecktes Blockhaus.
6-1	562-568	Gleich	_	_	_	
6-2	569-575	darauf	_	_	_	
6-3	576-579	kam	_	_	_	
6-4	580-583	ein	_	_	_	
6-5	584-588	Mann	_	_	_	
6-6	589-592	und	_	_	_	
6-7	593-599	teilte	_	_	_	
6-8	600-603	mir	_	_	_	
6-9	604-607	mit	_	_	_	
6-10	607-608	,	_	_	_	
6-11	609-612	daß	_	_	_	
6-12	613-617	mein	_	_	_	
6-13	618-624	Bruder	_	_	_	
6-14	625-634	verwundet	_	_	_	
6-15	635-637	in	_	_	_	
6-16	638-643	einem	_	_	_	
6-17	644-649	nahen	_	_	_	
6-18	650-660	Unterstand	_	_	_	
6-19	661-665	läge	_	_	_	
6-20	666-669	und	_	_	_	
6-21	670-676	zeigte	_	_	_	
6-22	677-682	dabei	_	_	_	
6-23	683-686	auf	_	_	_	
6-24	687-690	ein	_	_	_	
6-25	691-697	wüstes	_	_	_	
6-26	697-698	,	_	_	_	
6-27	699-702	von	_	_	_	
6-28	703-715	entwurzelten	_	_	_	
6-29	716-722	Bäumen	_	_	_	
6-30	723-732	bedecktes	_	_	_	
6-31	733-742	Blockhaus	_	_	_	
6-32	742-743	.	_	_	_	

#Text=Ich eilte über eine Lichtung, die unter gezieltem Gewehrfeuer lag und trat ein.
7-1	744-747	Ich	_	_	_	
7-2	748-753	eilte	_	_	_	
7-3	754-758	über	_	_	_	
7-4	759-763	eine	_	_	_	
7-5	764-772	Lichtung	_	_	_	
7-6	772-773	,	_	_	_	
7-7	774-777	die	_	_	_	
7-8	778-783	unter	_	_	_	
7-9	784-793	gezieltem	_	_	_	
7-10	794-805	Gewehrfeuer	_	_	_	
7-11	806-809	lag	_	_	_	
7-12	810-813	und	_	_	_	
7-13	814-818	trat	_	_	_	
7-14	819-822	ein	_	_	_	
7-15	822-823	.	_	_	_	

#Text=Welch ein Wiedersehen!
8-1	824-829	Welch	_	_	_	
8-2	830-833	ein	_	_	_	
8-3	834-845	Wiedersehen	_	_	_	
8-4	845-846	!	_	_	_	

#Text=Mein Bruder lag in einem von Leichengeruch erfüllten Raum inmitten einer Menge ächzender Schwerverwundeter.
9-1	847-851	Mein	_	_	_	
9-2	852-858	Bruder	_	_	_	
9-3	859-862	lag	_	_	_	
9-4	863-865	in	_	_	_	
9-5	866-871	einem	_	_	_	
9-6	872-875	von	_	_	_	
9-7	876-889	Leichengeruch	Smell\_Word[1]|Smell\_Source[2]	*|*	9-7[2_1]|9-9[0_1]	
9-8	890-899	erfüllten	_	_	_	
9-9	900-904	Raum	Location	_	_	
9-10	905-913	inmitten	_	_	_	
9-11	914-919	einer	_	_	_	
9-12	920-925	Menge	_	_	_	
9-13	926-935	ächzender	_	_	_	
9-14	936-953	Schwerverwundeter	_	_	_	
9-15	953-954	.	_	_	_	

#Text=Er war in einer traurigen Verfassung.
10-1	955-957	Er	_	_	_	
10-2	958-961	war	_	_	_	
10-3	962-964	in	_	_	_	
10-4	965-970	einer	_	_	_	
10-5	971-980	traurigen	_	_	_	
10-6	981-991	Verfassung	_	_	_	
10-7	991-992	.	_	_	_	

#Text=Beim Sturm hatten ihn zwei Schrapnellkugeln getroffen, die eine hatte die Lunge durchschlagen, die andere das rechte Oberarmgelenk zerschmettert.
11-1	993-997	Beim	_	_	_	
11-2	998-1003	Sturm	_	_	_	
11-3	1004-1010	hatten	_	_	_	
11-4	1011-1014	ihn	_	_	_	
11-5	1015-1019	zwei	_	_	_	
11-6	1020-1036	Schrapnellkugeln	_	_	_	
11-7	1037-1046	getroffen	_	_	_	
11-8	1046-1047	,	_	_	_	
11-9	1048-1051	die	_	_	_	
11-10	1052-1056	eine	_	_	_	
11-11	1057-1062	hatte	_	_	_	
11-12	1063-1066	die	_	_	_	
11-13	1067-1072	Lunge	_	_	_	
11-14	1073-1086	durchschlagen	_	_	_	
11-15	1086-1087	,	_	_	_	
11-16	1088-1091	die	_	_	_	
11-17	1092-1098	andere	_	_	_	
11-18	1099-1102	das	_	_	_	
11-19	1103-1109	rechte	_	_	_	
11-20	1110-1123	Oberarmgelenk	_	_	_	
11-21	1124-1137	zerschmettert	_	_	_	
11-22	1137-1138	.	_	_	_	

#Text=Das Fieber glänzte ihm aus den Augen;
#Text=er konnte nur mit Mühe sich bewegen, sprechen und atmen.
12-1	1139-1142	Das	_	_	_	
12-2	1143-1149	Fieber	_	_	_	
12-3	1150-1157	glänzte	_	_	_	
12-4	1158-1161	ihm	_	_	_	
12-5	1162-1165	aus	_	_	_	
12-6	1166-1169	den	_	_	_	
12-7	1170-1175	Augen	_	_	_	
12-8	1175-1176	;	_	_	_	
12-9	1177-1179	er	_	_	_	
12-10	1180-1186	konnte	_	_	_	
12-11	1187-1190	nur	_	_	_	
12-12	1191-1194	mit	_	_	_	
12-13	1195-1199	Mühe	_	_	_	
12-14	1200-1204	sich	_	_	_	
12-15	1205-1212	bewegen	_	_	_	
12-16	1212-1213	,	_	_	_	
12-17	1214-1222	sprechen	_	_	_	
12-18	1223-1226	und	_	_	_	
12-19	1227-1232	atmen	_	_	_	
12-20	1232-1233	.	_	_	_	

#Text=Wir drückten uns die Hand und erzählten.
13-1	1234-1237	Wir	_	_	_	
13-2	1238-1246	drückten	_	_	_	
13-3	1247-1250	uns	_	_	_	
13-4	1251-1254	die	_	_	_	
13-5	1255-1259	Hand	_	_	_	
13-6	1260-1263	und	_	_	_	
13-7	1264-1273	erzählten	_	_	_	
13-8	1273-1274	.	_	_	_	

#Text=Es war mir klar, daß er nicht an diesem Orte bleiben durfte, denn jeden Augenblick konnte der Engländer stürmen, oder eine Granate dem schwerbeschädigten Betonklotz den Rest geben.
14-1	1278-1280	Es	_	_	_	
14-2	1281-1284	war	_	_	_	
14-3	1285-1288	mir	_	_	_	
14-4	1289-1293	klar	_	_	_	
14-5	1293-1294	,	_	_	_	
14-6	1295-1298	daß	_	_	_	
14-7	1299-1301	er	_	_	_	
14-8	1302-1307	nicht	_	_	_	
14-9	1308-1310	an	_	_	_	
14-10	1311-1317	diesem	_	_	_	
14-11	1318-1322	Orte	_	_	_	
14-12	1323-1330	bleiben	_	_	_	
14-13	1331-1337	durfte	_	_	_	
14-14	1337-1338	,	_	_	_	
14-15	1339-1343	denn	_	_	_	
14-16	1344-1349	jeden	_	_	_	
14-17	1350-1360	Augenblick	_	_	_	
14-18	1361-1367	konnte	_	_	_	
14-19	1368-1371	der	_	_	_	
14-20	1372-1381	Engländer	_	_	_	
14-21	1382-1389	stürmen	_	_	_	
14-22	1389-1390	,	_	_	_	
14-23	1391-1395	oder	_	_	_	
14-24	1396-1400	eine	_	_	_	
14-25	1401-1408	Granate	_	_	_	
14-26	1409-1412	dem	_	_	_	
14-27	1413-1431	schwerbeschädigten	_	_	_	
14-28	1432-1442	Betonklotz	_	_	_	
14-29	1443-1446	den	_	_	_	
14-30	1447-1451	Rest	_	_	_	
14-31	1452-1457	geben	_	_	_	
14-32	1457-1458	.	_	_	_	

#Text=Der beste Bruderdienst war, ihn sofort zurückzuschaffen.
15-1	1459-1462	Der	_	_	_	
15-2	1463-1468	beste	_	_	_	
15-3	1469-1481	Bruderdienst	_	_	_	
15-4	1482-1485	war	_	_	_	
15-5	1485-1486	,	_	_	_	
15-6	1487-1490	ihn	_	_	_	
15-7	1491-1497	sofort	_	_	_	
15-8	1498-1514	zurückzuschaffen	_	_	_	
15-9	1514-1515	.	_	_	_	

#Text=Trotzdem Sandvoß sich gegen jede Schwächung unserer Kampfkraft sträubte, gab ich den fünf mit mir gekommenen Leuten den Auftrag, meinen Bruder zum Sanitätsunterstand „Kolumbusei“ zu schaffen und von dort Leute zur Bergung der anderen Verwundeten mitzubringen.
16-1	1516-1524	Trotzdem	_	_	_	
16-2	1525-1532	Sandvoß	_	_	_	
16-3	1533-1537	sich	_	_	_	
16-4	1538-1543	gegen	_	_	_	
16-5	1544-1548	jede	_	_	_	
16-6	1549-1559	Schwächung	_	_	_	
16-7	1560-1567	unserer	_	_	_	
16-8	1568-1578	Kampfkraft	_	_	_	
16-9	1579-1587	sträubte	_	_	_	
16-10	1587-1588	,	_	_	_	
16-11	1589-1592	gab	_	_	_	
16-12	1593-1596	ich	_	_	_	
16-13	1597-1600	den	_	_	_	
16-14	1601-1605	fünf	_	_	_	
16-15	1606-1609	mit	_	_	_	
16-16	1610-1613	mir	_	_	_	
16-17	1614-1624	gekommenen	_	_	_	
16-18	1625-1631	Leuten	_	_	_	
16-19	1632-1635	den	_	_	_	
16-20	1636-1643	Auftrag	_	_	_	
16-21	1643-1644	,	_	_	_	
16-22	1645-1651	meinen	_	_	_	
16-23	1652-1658	Bruder	_	_	_	
16-24	1659-1662	zum	_	_	_	
16-25	1663-1681	Sanitätsunterstand	_	_	_	
16-26	1682-1683	„	_	_	_	
16-27	1683-1693	Kolumbusei	_	_	_	
16-28	1693-1694	“	_	_	_	
16-29	1695-1697	zu	_	_	_	
16-30	1698-1706	schaffen	_	_	_	
16-31	1707-1710	und	_	_	_	
16-32	1711-1714	von	_	_	_	
16-33	1715-1719	dort	_	_	_	
16-34	1720-1725	Leute	_	_	_	
16-35	1726-1729	zur	_	_	_	
16-36	1730-1737	Bergung	_	_	_	
16-37	1738-1741	der	_	_	_	
16-38	1742-1749	anderen	_	_	_	
16-39	1750-1761	Verwundeten	_	_	_	
16-40	1762-1774	mitzubringen	_	_	_	
16-41	1774-1775	.	_	_	_	
