#FORMAT=WebAnno TSV 3.3


#Text=Men lichtte voorts al d'Engelschen van 't 
#Text=schip, en braght de gevangenen met galjooten aan de Nederlandtsche scheepen, 
#Text=maar met veel moeite, en wederwilligheit; want het volk, dat men in de galjooten 
#Text=scheepte, kroop door de geschutgaaten wer in 't schip, tot dat men 't geschut
#Text=
#Text=
#Text='t schip van Zweers gebraght.
1-1	0-3	Men	
1-2	4-11	lichtte	
1-3	12-18	voorts	
1-4	19-21	al	
1-5	22-34	d'Engelschen	
1-6	35-38	van	
1-7	39-40	'	
1-8	40-41	t	
1-9	43-48	schip	
1-10	48-49	,	
1-11	50-52	en	
1-12	53-59	braght	
1-13	60-62	de	
1-14	63-73	gevangenen	
1-15	74-77	met	
1-16	78-87	galjooten	
1-17	88-91	aan	
1-18	92-94	de	
1-19	95-109	Nederlandtsche	
1-20	110-118	scheepen	
1-21	118-119	,	
1-22	121-125	maar	
1-23	126-129	met	
1-24	130-134	veel	
1-25	135-141	moeite	
1-26	141-142	,	
1-27	143-145	en	
1-28	146-161	wederwilligheit	
1-29	161-162	;	
1-30	163-167	want	
1-31	168-171	het	
1-32	172-176	volk	
1-33	176-177	,	
1-34	178-181	dat	
1-35	182-185	men	
1-36	186-188	in	
1-37	189-191	de	
1-38	192-201	galjooten	
1-39	203-211	scheepte	
1-40	211-212	,	
1-41	213-218	kroop	
1-42	219-223	door	
1-43	224-226	de	
1-44	227-240	geschutgaaten	
1-45	241-244	wer	
1-46	245-247	in	
1-47	248-249	'	
1-48	249-250	t	
1-49	251-256	schip	
1-50	256-257	,	
1-51	258-261	tot	
1-52	262-265	dat	
1-53	266-269	men	
1-54	270-271	'	
1-55	271-272	t	
1-56	273-280	geschut	
1-57	283-284	'	
1-58	284-285	t	
1-59	286-291	schip	
1-60	292-295	van	
1-61	296-302	Zweers	
1-62	303-311	gebraght	
1-63	311-312	.	

#Text=binnen boort haalde, en de gaaten toe maakte.
2-1	316-322	binnen	
2-2	323-328	boort	
2-3	329-335	haalde	
2-4	335-336	,	
2-5	337-339	en	
2-6	340-342	de	
2-7	343-349	gaaten	
2-8	350-353	toe	
2-9	354-360	maakte	
2-10	360-361	.	

#Text=Ondertusschen was de L.
3-1	362-375	Ondertusschen	
3-2	376-379	was	
3-3	380-382	de	
3-4	383-384	L	
3-5	384-385	.	

#Text=Admiraal 
#Text=de Ruiter met zyn schip, 't welk nu weer wat gereddert was, by de vloot gekoomen, 
#Text=en van Nes nam de wimpel wer in, die de Ruiter wer straks liet waaijen.
4-1	386-394	Admiraal	
4-2	396-398	de	
4-3	399-405	Ruiter	
4-4	406-409	met	
4-5	410-413	zyn	
4-6	414-419	schip	
4-7	419-420	,	
4-8	421-422	'	
4-9	422-423	t	
4-10	424-428	welk	
4-11	429-431	nu	
4-12	432-436	weer	
4-13	437-440	wat	
4-14	441-450	gereddert	
4-15	451-454	was	
4-16	454-455	,	
4-17	456-458	by	
4-18	459-461	de	
4-19	462-467	vloot	
4-20	468-476	gekoomen	
4-21	476-477	,	
4-22	479-481	en	
4-23	482-485	van	
4-24	486-489	Nes	
4-25	490-493	nam	
4-26	494-496	de	
4-27	497-503	wimpel	
4-28	504-507	wer	
4-29	508-510	in	
4-30	510-511	,	
4-31	512-515	die	
4-32	516-518	de	
4-33	519-525	Ruiter	
4-34	526-529	wer	
4-35	530-536	straks	
4-36	537-541	liet	
4-37	542-549	waaijen	
4-38	549-550	.	

#Text=Korts
#Text=
#Text=daarna
#Text=raakte het schip wer vlot.
5-1	551-556	Korts	
5-2	558-564	daarna	
5-3	565-571	raakte	
5-4	572-575	het	
5-5	576-581	schip	
5-6	582-585	wer	
5-7	586-590	vlot	
5-8	590-591	.	

#Text=Hy, toen oordeelende dat Askues schip de
#Text=Nederlandtsche vloot merkelyk zoude belemmeren, en d'Engelschen, in 't gevecht 
#Text=dat noch te wachten stondt, (want men begon de scheepen die t'hunner hulpe 
#Text=quaamen te zien) alle middelen zouden aanwenden om het te herneemen, stelde 
#Text=straks ordre, en beval dat men 't schip zonder uitstel zou in +brandt steeken:
#Text='t welk 
#Text=terstondt in 't werk werdt gestelt.
6-1	592-594	Hy	
6-2	594-595	,	
6-3	596-600	toen	
6-4	601-612	oordeelende	
6-5	613-616	dat	
6-6	617-623	Askues	
6-7	624-629	schip	
6-8	630-632	de	
6-9	633-647	Nederlandtsche	
6-10	648-653	vloot	
6-11	654-662	merkelyk	
6-12	663-668	zoude	
6-13	669-679	belemmeren	
6-14	679-680	,	
6-15	681-683	en	
6-16	684-696	d'Engelschen	
6-17	696-697	,	
6-18	698-700	in	
6-19	701-702	'	
6-20	702-703	t	
6-21	704-711	gevecht	
6-22	713-716	dat	
6-23	717-721	noch	
6-24	722-724	te	
6-25	725-732	wachten	
6-26	733-739	stondt	
6-27	739-740	,	
6-28	741-742	(	
6-29	742-746	want	
6-30	747-750	men	
6-31	751-756	begon	
6-32	757-759	de	
6-33	760-768	scheepen	
6-34	769-772	die	
6-35	773-781	t'hunner	
6-36	782-787	hulpe	
6-37	789-796	quaamen	
6-38	797-799	te	
6-39	800-804	zien	
6-40	804-805	)	
6-41	806-810	alle	
6-42	811-819	middelen	
6-43	820-826	zouden	
6-44	827-836	aanwenden	
6-45	837-839	om	
6-46	840-843	het	
6-47	844-846	te	
6-48	847-856	herneemen	
6-49	856-857	,	
6-50	858-864	stelde	
6-51	866-872	straks	
6-52	873-878	ordre	
6-53	878-879	,	
6-54	880-882	en	
6-55	883-888	beval	
6-56	889-892	dat	
6-57	893-896	men	
6-58	897-898	'	
6-59	898-899	t	
6-60	900-905	schip	
6-61	906-912	zonder	
6-62	913-920	uitstel	
6-63	921-924	zou	
6-64	925-927	in	
6-65	928-929	+	
6-66	929-935	brandt	
6-67	936-943	steeken	
6-68	943-944	:	
6-69	945-946	'	
6-70	946-947	t	
6-71	948-952	welk	
6-72	954-963	terstondt	
6-73	964-966	in	
6-74	967-968	'	
6-75	968-969	t	
6-76	970-974	werk	
6-77	975-980	werdt	
6-78	981-988	gestelt	
6-79	988-989	.	

#Text=Dus verging dat Koningklyk schip, het
#Text=
#Text=
#Text=
#Text=
#Text=
#Text=
#Text=
#Text=
#Text=
#Text=+
#Text=Het schip de Royale
#Text=
#Text=
#Text=allergrootste, voornaamste en weerbaarste der gantsche Engelsche vloote, en\tPrins wordt verbrandt.
7-1	990-993	Dus	
7-2	994-1001	verging	
7-3	1002-1005	dat	
7-4	1006-1016	Koningklyk	
7-5	1017-1022	schip	
7-6	1022-1023	,	
7-7	1024-1027	het	
7-8	1037-1038	+	
7-9	1039-1042	Het	
7-10	1043-1048	schip	
7-11	1049-1051	de	
7-12	1052-1058	Royale	
7-13	1061-1074	allergrootste	
7-14	1074-1075	,	
7-15	1076-1087	voornaamste	
7-16	1088-1090	en	
7-17	1091-1102	weerbaarste	
7-18	1103-1106	der	
7-19	1107-1115	gantsche	
7-20	1116-1125	Engelsche	
7-21	1126-1132	vloote	
7-22	1132-1133	,	
7-23	1134-1136	en	
7-24	1137-1142	Prins	
7-25	1143-1148	wordt	
7-26	1149-1158	verbrandt	
7-27	1158-1159	.	

#Text=vloog, toen 't vuur aan 't kruidt quam, met zyn tweentnegentig metaale stukken in 
#Text=de lucht.
8-1	1163-1168	vloog	
8-2	1168-1169	,	
8-3	1170-1174	toen	
8-4	1175-1176	'	
8-5	1176-1177	t	
8-6	1178-1182	vuur	
8-7	1183-1186	aan	
8-8	1187-1188	'	
8-9	1188-1189	t	
8-10	1190-1196	kruidt	
8-11	1197-1201	quam	
8-12	1201-1202	,	
8-13	1203-1206	met	
8-14	1207-1210	zyn	
8-15	1211-1225	tweentnegentig	
8-16	1226-1233	metaale	
8-17	1234-1241	stukken	
8-18	1242-1244	in	
8-19	1246-1248	de	
8-20	1249-1254	lucht	
8-21	1254-1255	.	

#Text=Dus hadden de Nederlanders het geluk, dat ze op den zelven dagh, den 
#Text=dertienden van Junius, op welken in 't verleeden jaar hunnen L.
9-1	1256-1259	Dus	
9-2	1260-1266	hadden	
9-3	1267-1269	de	
9-4	1270-1282	Nederlanders	
9-5	1283-1286	het	
9-6	1287-1292	geluk	
9-7	1292-1293	,	
9-8	1294-1297	dat	
9-9	1298-1300	ze	
9-10	1301-1303	op	
9-11	1304-1307	den	
9-12	1308-1314	zelven	
9-13	1315-1319	dagh	
9-14	1319-1320	,	
9-15	1321-1324	den	
9-16	1326-1336	dertienden	
9-17	1337-1340	van	
9-18	1341-1347	Junius	
9-19	1347-1348	,	
9-20	1349-1351	op	
9-21	1352-1358	welken	
9-22	1359-1361	in	
9-23	1362-1363	'	
9-24	1363-1364	t	
9-25	1365-1374	verleeden	
9-26	1375-1379	jaar	
9-27	1380-1386	hunnen	
9-28	1387-1388	L	
9-29	1388-1389	.	

#Text=Admiraal de Heer 
#Text=van Wassenaar, met het schip d'Eendraght, ongelukkig in de lucht vloogh, een 
#Text=Admiraal van geen minder naam gevangen kreegen, en zyn Admiraalschip, de
#Text=Royale Prins, de glorie der Engelsche vloote, met hunne eigen handen in de brandt 
#Text=staaken, en deeden opvliegen.
10-1	1390-1398	Admiraal	
10-2	1399-1401	de	
10-3	1402-1406	Heer	
10-4	1408-1411	van	
10-5	1412-1421	Wassenaar	
10-6	1421-1422	,	
10-7	1423-1426	met	
10-8	1427-1430	het	
10-9	1431-1436	schip	
10-10	1437-1448	d'Eendraght	
10-11	1448-1449	,	
10-12	1450-1460	ongelukkig	
10-13	1461-1463	in	
10-14	1464-1466	de	
10-15	1467-1472	lucht	
10-16	1473-1479	vloogh	
10-17	1479-1480	,	
10-18	1481-1484	een	
10-19	1486-1494	Admiraal	
10-20	1495-1498	van	
10-21	1499-1503	geen	
10-22	1504-1510	minder	
10-23	1511-1515	naam	
10-24	1516-1524	gevangen	
10-25	1525-1532	kreegen	
10-26	1532-1533	,	
10-27	1534-1536	en	
10-28	1537-1540	zyn	
10-29	1541-1554	Admiraalschip	
10-30	1554-1555	,	
10-31	1556-1558	de	
10-32	1559-1565	Royale	
10-33	1566-1571	Prins	
10-34	1571-1572	,	
10-35	1573-1575	de	
10-36	1576-1582	glorie	
10-37	1583-1586	der	
10-38	1587-1596	Engelsche	
10-39	1597-1603	vloote	
10-40	1603-1604	,	
10-41	1605-1608	met	
10-42	1609-1614	hunne	
10-43	1615-1620	eigen	
10-44	1621-1627	handen	
10-45	1628-1630	in	
10-46	1631-1633	de	
10-47	1634-1640	brandt	
10-48	1642-1649	staaken	
10-49	1649-1650	,	
10-50	1651-1653	en	
10-51	1654-1660	deeden	
10-52	1661-1670	opvliegen	
10-53	1670-1671	.	

#Text=D'Admiraal Askue werdt des anderendaaghs 's
#Text=morgens met een galjoot, onder bewaarnis van den Vendrigh Elzevier, naar 's 
#Text=Gravenhage
#Text=+opgezonden.
11-1	1672-1682	D'Admiraal	
11-2	1683-1688	Askue	
11-3	1689-1694	werdt	
11-4	1695-1698	des	
11-5	1699-1712	anderendaaghs	
11-6	1713-1714	'	
11-7	1714-1715	s	
11-8	1716-1723	morgens	
11-9	1724-1727	met	
11-10	1728-1731	een	
11-11	1732-1739	galjoot	
11-12	1739-1740	,	
11-13	1741-1746	onder	
11-14	1747-1756	bewaarnis	
11-15	1757-1760	van	
11-16	1761-1764	den	
11-17	1765-1773	Vendrigh	
11-18	1774-1782	Elzevier	
11-19	1782-1783	,	
11-20	1784-1788	naar	
11-21	1789-1790	'	
11-22	1790-1791	s	
11-23	1793-1803	Gravenhage	
11-24	1804-1805	+	
11-25	1805-1815	opgezonden	
11-26	1815-1816	.	

#Text=Ontrent de tydt toen de Royale Prins op de Galper aan 
#Text=de grondt vast raakte, tegens den avondt, zaagen de Nederlanders
#Text=tweentwintig
#Text=
#Text=
#Text=
#Text=
#Text=
#Text=
#Text=
#Text=
#Text=
#Text=
#Text=
#Text=+
#Text=Prins Robbert komt
#Text=
#Text=
#Text=
#Text=Engelsche oorlogscheepen uit den Zuidtwesten aankoomen, daar by noch drie 
#Text=andere oorlogscheepen uit de Riviere van Londen, zoo men vertroude, oft immers 
#Text=van d'Engelsche kust, zyn opgekoomen, maakende t'zaamen een nieuwe 
#Text=hulpvloot van vyfentwintig scheepen, daar Prins Robbert het bevel over hadt: die, 
#Text=gelyk men naderhandt verstondt, 's daaghs voor het begin van den slagh met eenige 
#Text=scheepen na het kanaal was afgezonden, om aldaar, en uit de havenen van
#Text=
#Text=
#Text=d'Engelschen met vyfentwintig versche scheepen te hulpe.
12-1	1817-1824	Ontrent	
12-2	1825-1827	de	
12-3	1828-1832	tydt	
12-4	1833-1837	toen	
12-5	1838-1840	de	
12-6	1841-1847	Royale	
12-7	1848-1853	Prins	
12-8	1854-1856	op	
12-9	1857-1859	de	
12-10	1860-1866	Galper	
12-11	1867-1870	aan	
12-12	1872-1874	de	
12-13	1875-1881	grondt	
12-14	1882-1886	vast	
12-15	1887-1893	raakte	
12-16	1893-1894	,	
12-17	1895-1901	tegens	
12-18	1902-1905	den	
12-19	1906-1912	avondt	
12-20	1912-1913	,	
12-21	1914-1920	zaagen	
12-22	1921-1923	de	
12-23	1924-1936	Nederlanders	
12-24	1937-1949	tweentwintig	
12-25	1961-1962	+	
12-26	1963-1968	Prins	
12-27	1969-1976	Robbert	
12-28	1977-1981	komt	
12-29	1985-1994	Engelsche	
12-30	1995-2009	oorlogscheepen	
12-31	2010-2013	uit	
12-32	2014-2017	den	
12-33	2018-2029	Zuidtwesten	
12-34	2030-2039	aankoomen	
12-35	2039-2040	,	
12-36	2041-2045	daar	
12-37	2046-2048	by	
12-38	2049-2053	noch	
12-39	2054-2058	drie	
12-40	2060-2066	andere	
12-41	2067-2081	oorlogscheepen	
12-42	2082-2085	uit	
12-43	2086-2088	de	
12-44	2089-2096	Riviere	
12-45	2097-2100	van	
12-46	2101-2107	Londen	
12-47	2107-2108	,	
12-48	2109-2112	zoo	
12-49	2113-2116	men	
12-50	2117-2126	vertroude	
12-51	2126-2127	,	
12-52	2128-2131	oft	
12-53	2132-2138	immers	
12-54	2140-2143	van	
12-55	2144-2155	d'Engelsche	
12-56	2156-2160	kust	
12-57	2160-2161	,	
12-58	2162-2165	zyn	
12-59	2166-2176	opgekoomen	
12-60	2176-2177	,	
12-61	2178-2186	maakende	
12-62	2187-2195	t'zaamen	
12-63	2196-2199	een	
12-64	2200-2206	nieuwe	
12-65	2208-2217	hulpvloot	
12-66	2218-2221	van	
12-67	2222-2234	vyfentwintig	
12-68	2235-2243	scheepen	
12-69	2243-2244	,	
12-70	2245-2249	daar	
12-71	2250-2255	Prins	
12-72	2256-2263	Robbert	
12-73	2264-2267	het	
12-74	2268-2273	bevel	
12-75	2274-2278	over	
12-76	2279-2283	hadt	
12-77	2283-2284	:	
12-78	2285-2288	die	
12-79	2288-2289	,	
12-80	2291-2296	gelyk	
12-81	2297-2300	men	
12-82	2301-2311	naderhandt	
12-83	2312-2321	verstondt	
12-84	2321-2322	,	
12-85	2323-2324	'	
12-86	2324-2325	s	
12-87	2326-2332	daaghs	
12-88	2333-2337	voor	
12-89	2338-2341	het	
12-90	2342-2347	begin	
12-91	2348-2351	van	
12-92	2352-2355	den	
12-93	2356-2361	slagh	
12-94	2362-2365	met	
12-95	2366-2372	eenige	
12-96	2374-2382	scheepen	
12-97	2383-2385	na	
12-98	2386-2389	het	
12-99	2390-2396	kanaal	
12-100	2397-2400	was	
12-101	2401-2411	afgezonden	
12-102	2411-2412	,	
12-103	2413-2415	om	
12-104	2416-2422	aldaar	
12-105	2422-2423	,	
12-106	2424-2426	en	
12-107	2427-2430	uit	
12-108	2431-2433	de	
12-109	2434-2441	havenen	
12-110	2442-2445	van	
12-111	2448-2460	d'Engelschen	
12-112	2461-2464	met	
12-113	2465-2477	vyfentwintig	
12-114	2478-2485	versche	
12-115	2486-2494	scheepen	
12-116	2495-2497	te	
12-117	2498-2503	hulpe	
12-118	2503-2504	.	
