#FORMAT=WebAnno TSV 3.3
#T_SP=custom.Span|label
#T_RL=custom.Relation|label|BT_custom.Span


#Text=Ja es ſcheint, als ob die Natur jene genaue Vereinigung
#Text=nicht bewerkſtelligen koͤnne, denn wir haben zwar Thonerde und Kieſelerde chemiſch
#Text=miſchen gelernt, aber dieſe Miſchungen waren noch kein Thon
1-1	0-2	Ja	_	_	_	
1-2	3-5	es	_	_	_	
1-3	6-13	ſcheint	_	_	_	
1-4	13-14	,	_	_	_	
1-5	15-18	als	_	_	_	
1-6	19-21	ob	_	_	_	
1-7	22-25	die	_	_	_	
1-8	26-31	Natur	_	_	_	
1-9	32-36	jene	_	_	_	
1-10	37-43	genaue	_	_	_	
1-11	44-55	Vereinigung	_	_	_	
1-12	56-61	nicht	_	_	_	
1-13	62-77	bewerkſtelligen	_	_	_	
1-14	78-84	koͤnne	_	_	_	
1-15	84-85	,	_	_	_	
1-16	86-90	denn	_	_	_	
1-17	91-94	wir	_	_	_	
1-18	95-100	haben	_	_	_	
1-19	101-105	zwar	_	_	_	
1-20	106-114	Thonerde	_	_	_	
1-21	115-118	und	_	_	_	
1-22	119-129	Kieſelerde	_	_	_	
1-23	130-138	chemiſch	_	_	_	
1-24	139-146	miſchen	_	_	_	
1-25	147-154	gelernt	_	_	_	
1-26	154-155	,	_	_	_	
1-27	156-160	aber	_	_	_	
1-28	161-166	dieſe	_	_	_	
1-29	167-177	Miſchungen	_	_	_	
1-30	178-183	waren	_	_	_	
1-31	184-188	noch	_	_	_	
1-32	189-193	kein	_	_	_	
1-33	194-198	Thon	_	_	_	

#Text=.
2-1	198-199	.	_	_	_	

#Text=§.
#Text=33.
3-1	202-203	§	_	_	_	
3-2	203-204	.	_	_	_	
3-3	205-207	33	_	_	_	
3-4	207-208	.	_	_	_	

#Text=Ein allgemeiner und daher vermuthlich weſentlicher Beſtandtheil des Thons iſt
#Text=neben jenen beiden Erdarten
#Text=das Eiſen in mehr oder minder oxydirtem Zuſtande.
4-1	211-214	Ein	_	_	_	
4-2	215-226	allgemeiner	_	_	_	
4-3	227-230	und	_	_	_	
4-4	231-236	daher	_	_	_	
4-5	237-248	vermuthlich	_	_	_	
4-6	249-261	weſentlicher	_	_	_	
4-7	262-274	Beſtandtheil	_	_	_	
4-8	275-278	des	_	_	_	
4-9	279-284	Thons	_	_	_	
4-10	285-288	iſt	_	_	_	
4-11	289-294	neben	_	_	_	
4-12	295-300	jenen	_	_	_	
4-13	301-307	beiden	_	_	_	
4-14	308-316	Erdarten	_	_	_	
4-15	317-320	das	_	_	_	
4-16	321-326	Eiſen	_	_	_	
4-17	327-329	in	_	_	_	
4-18	330-334	mehr	_	_	_	
4-19	335-339	oder	_	_	_	
4-20	340-346	minder	_	_	_	
4-21	347-356	oxydirtem	_	_	_	
4-22	357-365	Zuſtande	_	_	_	
4-23	365-366	.	_	_	_	

#Text=Dieſe Materie nennt man im gemeinen Leben Eiſenroſt.
5-1	368-373	Dieſe	_	_	_	
5-2	374-381	Materie	_	_	_	
5-3	382-387	nennt	_	_	_	
5-4	388-391	man	_	_	_	
5-5	392-394	im	_	_	_	
5-6	395-403	gemeinen	_	_	_	
5-7	404-409	Leben	_	_	_	
5-8	410-419	Eiſenroſt	_	_	_	
5-9	419-420	.	_	_	_	

#Text=Sie entſteht aus der
#Text=Vereinigung des Oxygens mit dem Eiſen, welche ſich mit Beihuͤlfe der Feuchtigkeit
#Text=leicht bildet.
6-1	421-424	Sie	_	_	_	
6-2	425-433	entſteht	_	_	_	
6-3	434-437	aus	_	_	_	
6-4	438-441	der	_	_	_	
6-5	442-453	Vereinigung	_	_	_	
6-6	454-457	des	_	_	_	
6-7	458-465	Oxygens	_	_	_	
6-8	466-469	mit	_	_	_	
6-9	470-473	dem	_	_	_	
6-10	474-479	Eiſen	_	_	_	
6-11	479-480	,	_	_	_	
6-12	481-487	welche	_	_	_	
6-13	488-492	ſich	_	_	_	
6-14	493-496	mit	_	_	_	
6-15	497-506	Beihuͤlfe	_	_	_	
6-16	507-510	der	_	_	_	
6-17	511-523	Feuchtigkeit	_	_	_	
6-18	524-530	leicht	_	_	_	
6-19	531-537	bildet	_	_	_	
6-20	537-538	.	_	_	_	

#Text=Sie hat verſchiedene Farben, die in mancherley Nuancirungen aus dem
#Text=Schwarzen ins Gelbe, Braune und endlich Rothe uͤbergehen, und die ſich nach den
#Text=Graden der Oxydation richten, indem die ſchwarze Farbe naͤchſt der weißen den gering-
#Text=ſten, die rothe den hoͤchſten Grad anzeigt.
7-1	539-542	Sie	_	_	_	
7-2	543-546	hat	_	_	_	
7-3	547-559	verſchiedene	_	_	_	
7-4	560-566	Farben	_	_	_	
7-5	566-567	,	_	_	_	
7-6	568-571	die	_	_	_	
7-7	572-574	in	_	_	_	
7-8	575-585	mancherley	_	_	_	
7-9	586-598	Nuancirungen	_	_	_	
7-10	599-602	aus	_	_	_	
7-11	603-606	dem	_	_	_	
7-12	607-616	Schwarzen	_	_	_	
7-13	617-620	ins	_	_	_	
7-14	621-626	Gelbe	_	_	_	
7-15	626-627	,	_	_	_	
7-16	628-634	Braune	_	_	_	
7-17	635-638	und	_	_	_	
7-18	639-646	endlich	_	_	_	
7-19	647-652	Rothe	_	_	_	
7-20	653-663	uͤbergehen	_	_	_	
7-21	663-664	,	_	_	_	
7-22	665-668	und	_	_	_	
7-23	669-672	die	_	_	_	
7-24	673-677	ſich	_	_	_	
7-25	678-682	nach	_	_	_	
7-26	683-686	den	_	_	_	
7-27	687-693	Graden	_	_	_	
7-28	694-697	der	_	_	_	
7-29	698-707	Oxydation	_	_	_	
7-30	708-715	richten	_	_	_	
7-31	715-716	,	_	_	_	
7-32	717-722	indem	_	_	_	
7-33	723-726	die	_	_	_	
7-34	727-735	ſchwarze	_	_	_	
7-35	736-741	Farbe	_	_	_	
7-36	742-749	naͤchſt	_	_	_	
7-37	750-753	der	_	_	_	
7-38	754-760	weißen	_	_	_	
7-39	761-764	den	_	_	_	
7-40	765-771	gering	_	_	_	
7-41	771-772	-	_	_	_	
7-42	773-777	ſten	_	_	_	
7-43	777-778	,	_	_	_	
7-44	779-782	die	_	_	_	
7-45	783-788	rothe	_	_	_	
7-46	789-792	den	_	_	_	
7-47	793-802	hoͤchſten	_	_	_	
7-48	803-807	Grad	_	_	_	
7-49	808-815	anzeigt	_	_	_	
7-50	815-816	.	_	_	_	

#Text=Dieſes
#Text=Eiſenoxyd iſt ein geſchmack- und
#Text=geruchloſes, in Waſſer unaufloͤsliches Pulver.
8-1	817-823	Dieſes	_	_	_	
8-2	824-833	Eiſenoxyd	Smell\_Source	*	8-13	
8-3	834-837	iſt	_	_	_	
8-4	838-841	ein	_	_	_	
8-5	842-851	geſchmack	_	_	_	
8-6	851-852	-	_	_	_	
8-7	853-856	und	_	_	_	
8-8	857-868	geruchloſes	Smell\_Word	_	_	
8-9	868-869	,	_	_	_	
8-10	870-872	in	_	_	_	
8-11	873-879	Waſſer	_	_	_	
8-12	880-895	unaufloͤsliches	_	_	_	
8-13	896-902	Pulver	Smell\_Source	_	_	
8-14	902-903	.	_	_	_	

#Text=Von Saͤuren aber wird es aufge-
#Text=loͤſt, und giebt damit Salze, die wie Tinte ſchmecken.
9-1	904-907	Von	_	_	_	
9-2	908-915	Saͤuren	_	_	_	
9-3	916-920	aber	_	_	_	
9-4	921-925	wird	_	_	_	
9-5	926-928	es	_	_	_	
9-6	929-934	aufge	_	_	_	
9-7	934-935	-	_	_	_	
9-8	936-941	loͤſt	_	_	_	
9-9	941-942	,	_	_	_	
9-10	943-946	und	_	_	_	
9-11	947-952	giebt	_	_	_	
9-12	953-958	damit	_	_	_	
9-13	959-964	Salze	_	_	_	
9-14	964-965	,	_	_	_	
9-15	966-969	die	_	_	_	
9-16	970-973	wie	_	_	_	
9-17	974-979	Tinte	_	_	_	
9-18	980-989	ſchmecken	_	_	_	
9-19	989-990	.	_	_	_	

#Text=Dieſe
#Text=Eiſenſalze laſſen ſich
#Text=wieder mit Alkalien zerlegen, indem dieſe eine naͤhere Verwandtſchaft mit den Saͤu-
#Text=ren haben.
10-1	991-996	Dieſe	_	_	_	
10-2	997-1007	Eiſenſalze	_	_	_	
10-3	1008-1014	laſſen	_	_	_	
10-4	1015-1019	ſich	_	_	_	
10-5	1020-1026	wieder	_	_	_	
10-6	1027-1030	mit	_	_	_	
10-7	1031-1039	Alkalien	_	_	_	
10-8	1040-1048	zerlegen	_	_	_	
10-9	1048-1049	,	_	_	_	
10-10	1050-1055	indem	_	_	_	
10-11	1056-1061	dieſe	_	_	_	
10-12	1062-1066	eine	_	_	_	
10-13	1067-1074	naͤhere	_	_	_	
10-14	1075-1089	Verwandtſchaft	_	_	_	
10-15	1090-1093	mit	_	_	_	
10-16	1094-1097	den	_	_	_	
10-17	1098-1102	Saͤu	_	_	_	
10-18	1102-1103	-	_	_	_	
10-19	1104-1107	ren	_	_	_	
10-20	1108-1113	haben	_	_	_	
10-21	1113-1114	.	_	_	_	

#Text=Die adſtringirenden oder Gerbeſtoff enthaltenden Vegetabilien, wie
#Text=Gallaͤpfel, Eichenrinde, trennen das Eiſen von der Saͤure, und ſo faͤrbt
#Text=das fein
#Text=zertheilte Eiſen das Gemiſch Tintenſchwarz.
11-1	1115-1118	Die	_	_	_	
11-2	1119-1134	adſtringirenden	_	_	_	
11-3	1135-1139	oder	_	_	_	
11-4	1140-1150	Gerbeſtoff	_	_	_	
11-5	1151-1163	enthaltenden	_	_	_	
11-6	1164-1176	Vegetabilien	_	_	_	
11-7	1176-1177	,	_	_	_	
11-8	1178-1181	wie	_	_	_	
11-9	1182-1192	Gallaͤpfel	_	_	_	
11-10	1192-1193	,	_	_	_	
11-11	1194-1205	Eichenrinde	_	_	_	
11-12	1205-1206	,	_	_	_	
11-13	1207-1214	trennen	_	_	_	
11-14	1215-1218	das	_	_	_	
11-15	1219-1224	Eiſen	_	_	_	
11-16	1225-1228	von	_	_	_	
11-17	1229-1232	der	_	_	_	
11-18	1233-1239	Saͤure	_	_	_	
11-19	1239-1240	,	_	_	_	
11-20	1241-1244	und	_	_	_	
11-21	1245-1247	ſo	_	_	_	
11-22	1248-1254	faͤrbt	_	_	_	
11-23	1255-1258	das	_	_	_	
11-24	1259-1263	fein	_	_	_	
11-25	1264-1274	zertheilte	_	_	_	
11-26	1275-1280	Eiſen	_	_	_	
11-27	1281-1284	das	_	_	_	
11-28	1285-1292	Gemiſch	_	_	_	
11-29	1293-1306	Tintenſchwarz	_	_	_	
11-30	1306-1307	.	_	_	_	

#Text=Eiſenoxyd.
12-1	1310-1319	Eiſenoxyd	_	_	_	
12-2	1319-1320	.	_	_	_	

#Text=Zuweilen iſt das Eiſen im Boden von einer Saͤure ergriffen.
13-1	1322-1330	Zuweilen	_	_	_	
13-2	1331-1334	iſt	_	_	_	
13-3	1335-1338	das	_	_	_	
13-4	1339-1344	Eiſen	_	_	_	
13-5	1345-1347	im	_	_	_	
13-6	1348-1353	Boden	_	_	_	
13-7	1354-1357	von	_	_	_	
13-8	1358-1363	einer	_	_	_	
13-9	1364-1370	Saͤure	_	_	_	
13-10	1371-1380	ergriffen	_	_	_	
13-11	1380-1381	.	_	_	_	

#Text=Am haͤufigſten
#Text=
#Text=von der Kohlenſaͤure, womit es einen unaufloͤslichen, geſchmackloſen und wenigſtens
#Text=der Vegetation unſchaͤdlichen, vielleicht nuͤtzlichen Koͤrper ausmacht.
14-1	1382-1384	Am	_	_	_	
14-2	1385-1396	haͤufigſten	_	_	_	
14-3	1398-1401	von	_	_	_	
14-4	1402-1405	der	_	_	_	
14-5	1406-1418	Kohlenſaͤure	_	_	_	
14-6	1418-1419	,	_	_	_	
14-7	1420-1425	womit	_	_	_	
14-8	1426-1428	es	_	_	_	
14-9	1429-1434	einen	_	_	_	
14-10	1435-1450	unaufloͤslichen	_	_	_	
14-11	1450-1451	,	_	_	_	
14-12	1452-1466	geſchmackloſen	_	_	_	
14-13	1467-1470	und	_	_	_	
14-14	1471-1481	wenigſtens	_	_	_	
14-15	1482-1485	der	_	_	_	
14-16	1486-1496	Vegetation	_	_	_	
14-17	1497-1511	unſchaͤdlichen	_	_	_	
14-18	1511-1512	,	_	_	_	
14-19	1513-1523	vielleicht	_	_	_	
14-20	1524-1535	nuͤtzlichen	_	_	_	
14-21	1536-1543	Koͤrper	_	_	_	
14-22	1544-1552	ausmacht	_	_	_	
14-23	1552-1553	.	_	_	_	
