#FORMAT=WebAnno TSV 3.3


#Text=auch
#Text=eine erſtlich gruͤne/ hernach ſchwartze unge-
#Text=ſchmackte Frucht/ in der groͤſſe der Kirſchen/
#Text=
#Text=tragen.
1-1	2-6	auch	
1-2	7-11	eine	
1-3	12-20	erſtlich	
1-4	21-27	gruͤne	
1-5	27-28	/	
1-6	29-36	hernach	
1-7	37-46	ſchwartze	
1-8	47-51	unge	
1-9	51-52	-	
1-10	53-62	ſchmackte	
1-11	63-69	Frucht	
1-12	69-70	/	
1-13	71-73	in	
1-14	74-77	der	
1-15	78-85	groͤſſe	
1-16	86-89	der	
1-17	90-98	Kirſchen	
1-18	98-99	/	
1-19	101-107	tragen	
1-20	107-108	.	

#Text=Die alten Arabiſchen Aertzte ha-
#Text=ben drey Geſchlecht oder Gattungen dieſes
#Text=Holtzes gemacht/ deren
#Text=
#Text=
#Text=1.
2-1	109-112	Die	
2-2	113-118	alten	
2-3	119-129	Arabiſchen	
2-4	130-137	Aertzte	
2-5	138-140	ha	
2-6	140-141	-	
2-7	142-145	ben	
2-8	146-150	drey	
2-9	151-161	Geſchlecht	
2-10	162-166	oder	
2-11	167-176	Gattungen	
2-12	177-183	dieſes	
2-13	184-191	Holtzes	
2-14	192-199	gemacht	
2-15	199-200	/	
2-16	201-206	deren	
2-17	209-210	1	
2-18	210-211	.	

#Text=Das Erſte iſt der gelbe Santal/ San-
#Text=talum citrinum, J.
3-1	212-215	Das	
3-2	216-221	Erſte	
3-3	222-225	iſt	
3-4	226-229	der	
3-5	230-235	gelbe	
3-6	236-242	Santal	
3-7	242-243	/	
3-8	244-247	San	
3-9	247-248	-	
3-10	249-254	talum	
3-11	255-263	citrinum	
3-12	263-264	,	
3-13	265-266	J	
3-14	266-267	.	

#Text=B.
4-1	268-269	B	
4-2	269-270	.	

#Text=Park.
#Text=pallidum, Ger.
5-1	271-275	Park	
5-2	275-276	.	
5-3	277-285	pallidum	
5-4	285-286	,	
5-5	287-290	Ger	
5-6	290-291	.	

#Text=C.
6-1	292-293	C	
6-2	293-294	.	

#Text=B.
#Text=welches das beſte und kraͤfftigſte zu ſeyn
#Text=
#Text=erſcheinet/ in dem es nicht nur Citronen-
#Text=gelb/ feſt/ hart und ſchwer/ daß es in dem
#Text=Waſſer zu boden ſincket/ ſondern auch ei-
#Text=nes aromatiſchen/ bittern/ ſcharffen/ durch-
#Text=dringenden geſchmacks/ und dennoch liebli-
#Text=chen auff Biſam und Roſen ſtechenden ge-
#Text=ruchs iſt.
#Text=
#Text=
#Text=2.
7-1	295-296	B	
7-2	296-297	.	
7-3	298-305	welches	
7-4	306-309	das	
7-5	310-315	beſte	
7-6	316-319	und	
7-7	320-332	kraͤfftigſte	
7-8	333-335	zu	
7-9	336-340	ſeyn	
7-10	342-352	erſcheinet	
7-11	352-353	/	
7-12	354-356	in	
7-13	357-360	dem	
7-14	361-363	es	
7-15	364-369	nicht	
7-16	370-373	nur	
7-17	374-382	Citronen	
7-18	382-383	-	
7-19	384-388	gelb	
7-20	388-389	/	
7-21	390-394	feſt	
7-22	394-395	/	
7-23	396-400	hart	
7-24	401-404	und	
7-25	405-411	ſchwer	
7-26	411-412	/	
7-27	413-416	daß	
7-28	417-419	es	
7-29	420-422	in	
7-30	423-426	dem	
7-31	427-433	Waſſer	
7-32	434-436	zu	
7-33	437-442	boden	
7-34	443-450	ſincket	
7-35	450-451	/	
7-36	452-459	ſondern	
7-37	460-464	auch	
7-38	465-467	ei	
7-39	467-468	-	
7-40	469-472	nes	
7-41	473-485	aromatiſchen	
7-42	485-486	/	
7-43	487-494	bittern	
7-44	494-495	/	
7-45	496-505	ſcharffen	
7-46	505-506	/	
7-47	507-512	durch	
7-48	512-513	-	
7-49	514-524	dringenden	
7-50	525-535	geſchmacks	
7-51	535-536	/	
7-52	537-540	und	
7-53	541-548	dennoch	
7-54	549-555	liebli	
7-55	555-556	-	
7-56	557-561	chen	
7-57	562-566	auff	
7-58	567-572	Biſam	
7-59	573-576	und	
7-60	577-582	Roſen	
7-61	583-593	ſtechenden	
7-62	594-596	ge	
7-63	596-597	-	
7-64	598-603	ruchs	
7-65	604-607	iſt	
7-66	607-608	.	
7-67	611-612	2	
7-68	612-613	.	

#Text=Das Andere iſt der weiſſe Santal/
#Text=Santalum album, J.
8-1	614-617	Das	
8-2	618-624	Andere	
8-3	625-628	iſt	
8-4	629-632	der	
8-5	633-639	weiſſe	
8-6	640-646	Santal	
8-7	646-647	/	
8-8	648-656	Santalum	
8-9	657-662	album	
8-10	662-663	,	
8-11	664-665	J	
8-12	665-666	.	

#Text=B.
9-1	667-668	B	
9-2	668-669	.	

#Text=C.
10-1	670-671	C	
10-2	671-672	.	

#Text=B.
11-1	673-674	B	
11-2	674-675	.	

#Text=Park.
#Text=welches un-
#Text=ſerem Biren-holtz nicht gar ungleich kom-
#Text=met/ ſonſten auch dem vorigen gantz aͤhn-
#Text=lich/ aber dem geruch nach iſt es bey wei-
#Text=tem nicht zu vergleichen/ hat alſo ſo viel a-
#Text=
#Text=romatiſche Theilgen als das erſtere
#Text=nicht
#Text=bey ſich.
12-1	676-680	Park	
12-2	680-681	.	
12-3	682-689	welches	
12-4	690-692	un	
12-5	692-693	-	
12-6	694-699	ſerem	
12-7	700-711	Biren-holtz	
12-8	712-717	nicht	
12-9	718-721	gar	
12-10	722-730	ungleich	
12-11	731-734	kom	
12-12	734-735	-	
12-13	736-739	met	
12-14	739-740	/	
12-15	741-748	ſonſten	
12-16	749-753	auch	
12-17	754-757	dem	
12-18	758-765	vorigen	
12-19	766-771	gantz	
12-20	772-776	aͤhn	
12-21	776-777	-	
12-22	778-782	lich	
12-23	782-783	/	
12-24	784-788	aber	
12-25	789-792	dem	
12-26	793-799	geruch	
12-27	800-804	nach	
12-28	805-808	iſt	
12-29	809-811	es	
12-30	812-815	bey	
12-31	816-819	wei	
12-32	819-820	-	
12-33	821-824	tem	
12-34	825-830	nicht	
12-35	831-833	zu	
12-36	834-845	vergleichen	
12-37	845-846	/	
12-38	847-850	hat	
12-39	851-855	alſo	
12-40	856-858	ſo	
12-41	859-863	viel	
12-42	864-865	a	
12-43	865-866	-	
12-44	868-878	romatiſche	
12-45	879-887	Theilgen	
12-46	888-891	als	
12-47	892-895	das	
12-48	896-903	erſtere	
12-49	904-909	nicht	
12-50	910-913	bey	
12-51	914-918	ſich	
12-52	918-919	.	

#Text=Beyde dieſe Holtz wachſen in Oſt-Jndien/
#Text=
#Text=uͤber dem Fluß
#Text=Ganges/ ſonderlich
#Text=aber in
#Text=der Jnſul Timor, welche mit vielen Meer-
#Text=porten begabet
#Text=.
13-1	923-928	Beyde	
13-2	929-934	dieſe	
13-3	935-940	Holtz	
13-4	941-948	wachſen	
13-5	949-951	in	
13-6	952-962	Oſt-Jndien	
13-7	962-963	/	
13-8	965-970	uͤber	
13-9	971-974	dem	
13-10	975-979	Fluß	
13-11	980-986	Ganges	
13-12	986-987	/	
13-13	988-998	ſonderlich	
13-14	999-1003	aber	
13-15	1004-1006	in	
13-16	1007-1010	der	
13-17	1011-1016	Jnſul	
13-18	1017-1022	Timor	
13-19	1022-1023	,	
13-20	1024-1030	welche	
13-21	1031-1034	mit	
13-22	1035-1041	vielen	
13-23	1042-1046	Meer	
13-24	1046-1047	-	
13-25	1048-1054	porten	
13-26	1055-1062	begabet	
13-27	1063-1064	.	

#Text=Jn Malabarien findet man
#Text=
#Text=auch ein wolrichend Holtz/ dem weiſſen San-
#Text=tal aͤhnlich/
14-1	1065-1067	Jn	
14-2	1068-1078	Malabarien	
14-3	1079-1085	findet	
14-4	1086-1089	man	
14-5	1091-1095	auch	
14-6	1096-1099	ein	
14-7	1100-1110	wolrichend	
14-8	1111-1116	Holtz	
14-9	1116-1117	/	
14-10	1118-1121	dem	
14-11	1122-1129	weiſſen	
14-12	1130-1133	San	
14-13	1133-1134	-	
14-14	1135-1138	tal	
14-15	1139-1147	aͤhnlich	
14-16	1147-1148	/	
