#FORMAT=WebAnno TSV 3.3


#Text=Lamont heeft dan ook teregt er op gewezen, dat de waterdamp, als hij zich als zoodanig in de lucht uitbreidt, (ik zou zeggen eer hij den evenwigtstoestand bereikt heeft) nog door de lucht ook weêrhouden d.i. gedrukt wordt, zoodat er om die reden minder waterdamp is dan waartoe men op gezag van den psychrometer besluit; terwijl er aan den anderen kant oneindig veel meer is dan door het
#Text=[
#Text=p. 39]
#Text=
#Text=instrument wordt verraden, omdat het water ook in anderen toestand kan aanwezig zijn:
#Text=als waterblaasjes en als wolken, of omdat het ook door drooge luchtlagen kan zijn afgescheiden van den ondersten eigenlijken dampkring.
1-1	2-8	Lamont	
1-2	9-14	heeft	
1-3	15-18	dan	
1-4	19-22	ook	
1-5	23-29	teregt	
1-6	30-32	er	
1-7	33-35	op	
1-8	36-43	gewezen	
1-9	43-44	,	
1-10	45-48	dat	
1-11	49-51	de	
1-12	52-61	waterdamp	
1-13	61-62	,	
1-14	63-66	als	
1-15	67-70	hij	
1-16	71-75	zich	
1-17	76-79	als	
1-18	80-88	zoodanig	
1-19	89-91	in	
1-20	92-94	de	
1-21	95-100	lucht	
1-22	101-110	uitbreidt	
1-23	110-111	,	
1-24	112-113	(	
1-25	113-115	ik	
1-26	116-119	zou	
1-27	120-126	zeggen	
1-28	127-130	eer	
1-29	131-134	hij	
1-30	135-138	den	
1-31	139-156	evenwigtstoestand	
1-32	157-164	bereikt	
1-33	165-170	heeft	
1-34	170-171	)	
1-35	172-175	nog	
1-36	176-180	door	
1-37	181-183	de	
1-38	184-189	lucht	
1-39	190-193	ook	
1-40	194-204	weêrhouden	
1-41	205-208	d.i	
1-42	208-209	.	
1-43	210-217	gedrukt	
1-44	218-223	wordt	
1-45	223-224	,	
1-46	225-231	zoodat	
1-47	232-234	er	
1-48	235-237	om	
1-49	238-241	die	
1-50	242-247	reden	
1-51	248-254	minder	
1-52	255-264	waterdamp	
1-53	265-267	is	
1-54	268-271	dan	
1-55	272-279	waartoe	
1-56	280-283	men	
1-57	284-286	op	
1-58	287-292	gezag	
1-59	293-296	van	
1-60	297-300	den	
1-61	301-313	psychrometer	
1-62	314-321	besluit	
1-63	321-322	;	
1-64	323-330	terwijl	
1-65	331-333	er	
1-66	334-337	aan	
1-67	338-341	den	
1-68	342-349	anderen	
1-69	350-354	kant	
1-70	355-363	oneindig	
1-71	364-368	veel	
1-72	369-373	meer	
1-73	374-376	is	
1-74	377-380	dan	
1-75	381-385	door	
1-76	386-389	het	
1-77	390-391	[	
1-78	392-393	p	
1-79	393-394	.	
1-80	395-397	39	
1-81	397-398	]	
1-82	400-410	instrument	
1-83	411-416	wordt	
1-84	417-425	verraden	
1-85	425-426	,	
1-86	427-432	omdat	
1-87	433-436	het	
1-88	437-442	water	
1-89	443-446	ook	
1-90	447-449	in	
1-91	450-457	anderen	
1-92	458-466	toestand	
1-93	467-470	kan	
1-94	471-479	aanwezig	
1-95	480-484	zijn	
1-96	484-485	:	
1-97	486-489	als	
1-98	490-503	waterblaasjes	
1-99	504-506	en	
1-100	507-510	als	
1-101	511-517	wolken	
1-102	517-518	,	
1-103	519-521	of	
1-104	522-527	omdat	
1-105	528-531	het	
1-106	532-535	ook	
1-107	536-540	door	
1-108	541-547	drooge	
1-109	548-558	luchtlagen	
1-110	559-562	kan	
1-111	563-567	zijn	
1-112	568-580	afgescheiden	
1-113	581-584	van	
1-114	585-588	den	
1-115	589-598	ondersten	
1-116	599-610	eigenlijken	
1-117	611-620	dampkring	
1-118	620-621	.	

#Text=In die gevallen toch heeft het volstrekt geen werking op den psychrometer.
2-1	622-624	In	
2-2	625-628	die	
2-3	629-637	gevallen	
2-4	638-642	toch	
2-5	643-648	heeft	
2-6	649-652	het	
2-7	653-662	volstrekt	
2-8	663-667	geen	
2-9	668-675	werking	
2-10	676-678	op	
2-11	679-682	den	
2-12	683-695	psychrometer	
2-13	695-696	.	

#Text=Dit instrument heeft alzoo geene zoo algemeene beteekenis als de barometer, maar is veeleer locaal als de thermometer.
3-1	697-700	Dit	
3-2	701-711	instrument	
3-3	712-717	heeft	
3-4	718-723	alzoo	
3-5	724-729	geene	
3-6	730-733	zoo	
3-7	734-743	algemeene	
3-8	744-754	beteekenis	
3-9	755-758	als	
3-10	759-761	de	
3-11	762-771	barometer	
3-12	771-772	,	
3-13	773-777	maar	
3-14	778-780	is	
3-15	781-788	veeleer	
3-16	789-795	locaal	
3-17	796-799	als	
3-18	800-802	de	
3-19	803-814	thermometer	
3-20	814-815	.	

#Text=Hoe meer waterdamp echter ergens bij eene zelfde temperatuur aanwezig is, des te eerder zal hij in een der volgende toestanden overgaan en zijne hoeveelheid heeft derhalve voor de weêrsgesteldheid groote beteekenis; maar bovenal is zijne werking gewigtig voor het aardrijk, omdat hij de warmte der zon bewaart.
4-1	818-821	Hoe	
4-2	822-826	meer	
4-3	827-836	waterdamp	
4-4	837-843	echter	
4-5	844-850	ergens	
4-6	851-854	bij	
4-7	855-859	eene	
4-8	860-866	zelfde	
4-9	867-878	temperatuur	
4-10	879-887	aanwezig	
4-11	888-890	is	
4-12	890-891	,	
4-13	892-895	des	
4-14	896-898	te	
4-15	899-905	eerder	
4-16	906-909	zal	
4-17	910-913	hij	
4-18	914-916	in	
4-19	917-920	een	
4-20	921-924	der	
4-21	925-933	volgende	
4-22	934-944	toestanden	
4-23	945-953	overgaan	
4-24	954-956	en	
4-25	957-962	zijne	
4-26	963-974	hoeveelheid	
4-27	975-980	heeft	
4-28	981-989	derhalve	
4-29	990-994	voor	
4-30	995-997	de	
4-31	998-1014	weêrsgesteldheid	
4-32	1015-1021	groote	
4-33	1022-1032	beteekenis	
4-34	1032-1033	;	
4-35	1034-1038	maar	
4-36	1039-1046	bovenal	
4-37	1047-1049	is	
4-38	1050-1055	zijne	
4-39	1056-1063	werking	
4-40	1064-1072	gewigtig	
4-41	1073-1077	voor	
4-42	1078-1081	het	
4-43	1082-1090	aardrijk	
4-44	1090-1091	,	
4-45	1092-1097	omdat	
4-46	1098-1101	hij	
4-47	1102-1104	de	
4-48	1105-1111	warmte	
4-49	1112-1115	der	
4-50	1116-1119	zon	
4-51	1120-1127	bewaart	
4-52	1127-1128	.	

#Text=Hij werkt bijna als de glasramen onzer broeikassen, waarin vruchten haren wasdom en rijpheid verkrijgen, die anders hierin niet zouden kunnen gekweekt worden en zulks niet alleen om het afsluiten van den wind.
5-1	1129-1132	Hij	
5-2	1133-1138	werkt	
5-3	1139-1144	bijna	
5-4	1145-1148	als	
5-5	1149-1151	de	
5-6	1152-1161	glasramen	
5-7	1162-1167	onzer	
5-8	1168-1179	broeikassen	
5-9	1179-1180	,	
5-10	1181-1187	waarin	
5-11	1188-1196	vruchten	
5-12	1197-1202	haren	
5-13	1203-1209	wasdom	
5-14	1210-1212	en	
5-15	1213-1221	rijpheid	
5-16	1222-1232	verkrijgen	
5-17	1232-1233	,	
5-18	1234-1237	die	
5-19	1238-1244	anders	
5-20	1245-1251	hierin	
5-21	1252-1256	niet	
5-22	1257-1263	zouden	
5-23	1264-1270	kunnen	
5-24	1271-1279	gekweekt	
5-25	1280-1286	worden	
5-26	1287-1289	en	
5-27	1290-1295	zulks	
5-28	1296-1300	niet	
5-29	1301-1307	alleen	
5-30	1308-1310	om	
5-31	1311-1314	het	
5-32	1315-1324	afsluiten	
5-33	1325-1328	van	
5-34	1329-1332	den	
5-35	1333-1337	wind	
5-36	1337-1338	.	

#Text=Die glazen en vooral de waterdamp laten de warmte der zon voor een veel grooter gedeelte door dan die der aarde, en deze laatste behoudt alzoo meer dan het geval zou zijn, zelfs als de zonnestralen haar onverzwakt bereikten.
6-1	1339-1342	Die	
6-2	1343-1349	glazen	
6-3	1350-1352	en	
6-4	1353-1359	vooral	
6-5	1360-1362	de	
6-6	1363-1372	waterdamp	
6-7	1373-1378	laten	
6-8	1379-1381	de	
6-9	1382-1388	warmte	
6-10	1389-1392	der	
6-11	1393-1396	zon	
6-12	1397-1401	voor	
6-13	1402-1405	een	
6-14	1406-1410	veel	
6-15	1411-1418	grooter	
6-16	1419-1427	gedeelte	
6-17	1428-1432	door	
6-18	1433-1436	dan	
6-19	1437-1440	die	
6-20	1441-1444	der	
6-21	1445-1450	aarde	
6-22	1450-1451	,	
6-23	1452-1454	en	
6-24	1455-1459	deze	
6-25	1460-1467	laatste	
6-26	1468-1475	behoudt	
6-27	1476-1481	alzoo	
6-28	1482-1486	meer	
6-29	1487-1490	dan	
6-30	1491-1494	het	
6-31	1495-1500	geval	
6-32	1501-1504	zou	
6-33	1505-1509	zijn	
6-34	1509-1510	,	
6-35	1511-1516	zelfs	
6-36	1517-1520	als	
6-37	1521-1523	de	
6-38	1524-1536	zonnestralen	
6-39	1537-1541	haar	
6-40	1542-1552	onverzwakt	
6-41	1553-1562	bereikten	
6-42	1562-1563	.	

#Text=Wel heeft de waterdamp een groot uitstralend vermogen en aan het eind gaat toch de warmte, die hij terughield, weder door de ijle drooge luchtlagen naar boven en naar de andere hemelbollen, maar hij bewaart die toch een tijd lang, gelijk uit de vergelijking van vochtige met drooge streken te zien is.
7-1	1564-1567	Wel	
7-2	1568-1573	heeft	
7-3	1574-1576	de	
7-4	1577-1586	waterdamp	
7-5	1587-1590	een	
7-6	1591-1596	groot	
7-7	1597-1608	uitstralend	
7-8	1609-1617	vermogen	
7-9	1618-1620	en	
7-10	1621-1624	aan	
7-11	1625-1628	het	
7-12	1629-1633	eind	
7-13	1634-1638	gaat	
7-14	1639-1643	toch	
7-15	1644-1646	de	
7-16	1647-1653	warmte	
7-17	1653-1654	,	
7-18	1655-1658	die	
7-19	1659-1662	hij	
7-20	1663-1673	terughield	
7-21	1673-1674	,	
7-22	1675-1680	weder	
7-23	1681-1685	door	
7-24	1686-1688	de	
7-25	1689-1693	ijle	
7-26	1694-1700	drooge	
7-27	1701-1711	luchtlagen	
7-28	1712-1716	naar	
7-29	1717-1722	boven	
7-30	1723-1725	en	
7-31	1726-1730	naar	
7-32	1731-1733	de	
7-33	1734-1740	andere	
7-34	1741-1752	hemelbollen	
7-35	1752-1753	,	
7-36	1754-1758	maar	
7-37	1759-1762	hij	
7-38	1763-1770	bewaart	
7-39	1771-1774	die	
7-40	1775-1779	toch	
7-41	1780-1783	een	
7-42	1784-1788	tijd	
7-43	1789-1793	lang	
7-44	1793-1794	,	
7-45	1795-1801	gelijk	
7-46	1802-1805	uit	
7-47	1806-1808	de	
7-48	1809-1821	vergelijking	
7-49	1822-1825	van	
7-50	1826-1834	vochtige	
7-51	1835-1838	met	
7-52	1839-1845	drooge	
7-53	1846-1853	streken	
7-54	1854-1856	te	
7-55	1857-1861	zien	
7-56	1862-1864	is	
7-57	1864-1865	.	

#Text=In de zandwoestijn, waarboven zich weinig waterdamp bevindt, rijst de temperatuur tot 45o over dag, maar des nachts vriest het er en hoort men soms als het knallen van den donder het splijten der rotsen door de bijna plotselinge en ongelijke verkoeling na den ondergang der zon.
8-1	1866-1868	In	
8-2	1869-1871	de	
8-3	1872-1884	zandwoestijn	
8-4	1884-1885	,	
8-5	1886-1895	waarboven	
8-6	1896-1900	zich	
8-7	1901-1907	weinig	
8-8	1908-1917	waterdamp	
8-9	1918-1925	bevindt	
8-10	1925-1926	,	
8-11	1927-1932	rijst	
8-12	1933-1935	de	
8-13	1936-1947	temperatuur	
8-14	1948-1951	tot	
8-15	1952-1955	45o	
8-16	1956-1960	over	
8-17	1961-1964	dag	
8-18	1964-1965	,	
8-19	1966-1970	maar	
8-20	1971-1974	des	
8-21	1975-1981	nachts	
8-22	1982-1988	vriest	
8-23	1989-1992	het	
8-24	1993-1995	er	
8-25	1996-1998	en	
8-26	1999-2004	hoort	
8-27	2005-2008	men	
8-28	2009-2013	soms	
8-29	2014-2017	als	
8-30	2018-2021	het	
8-31	2022-2029	knallen	
8-32	2030-2033	van	
8-33	2034-2037	den	
8-34	2038-2044	donder	
8-35	2045-2048	het	
8-36	2049-2057	splijten	
8-37	2058-2061	der	
8-38	2062-2068	rotsen	
8-39	2069-2073	door	
8-40	2074-2076	de	
8-41	2077-2082	bijna	
8-42	2083-2094	plotselinge	
8-43	2095-2097	en	
8-44	2098-2107	ongelijke	
8-45	2108-2118	verkoeling	
8-46	2119-2121	na	
8-47	2122-2125	den	
8-48	2126-2135	ondergang	
8-49	2136-2139	der	
8-50	2140-2143	zon	
8-51	2143-2144	.	

#Text=In andere streken daarentegen, alwaar het, tengevolge der hoogere breedte, niet zoo warm kan worden,
#Text=is dat verschil van dag en nacht op verre na zoo groot niet, en waar vochtigheid met eene ligging in de tropische gewesten te zamen valt als op Madagascar en Borneo, daar vindt men de grootste hittte tot 54o Cels.
9-1	2145-2147	In	
9-2	2148-2154	andere	
9-3	2155-2162	streken	
9-4	2163-2174	daarentegen	
9-5	2174-2175	,	
9-6	2176-2182	alwaar	
9-7	2183-2186	het	
9-8	2186-2187	,	
9-9	2188-2198	tengevolge	
9-10	2199-2202	der	
9-11	2203-2210	hoogere	
9-12	2211-2218	breedte	
9-13	2218-2219	,	
9-14	2220-2224	niet	
9-15	2225-2228	zoo	
9-16	2229-2233	warm	
9-17	2234-2237	kan	
9-18	2238-2244	worden	
9-19	2244-2245	,	
9-20	2246-2248	is	
9-21	2249-2252	dat	
9-22	2253-2261	verschil	
9-23	2262-2265	van	
9-24	2266-2269	dag	
9-25	2270-2272	en	
9-26	2273-2278	nacht	
9-27	2279-2281	op	
9-28	2282-2287	verre	
9-29	2288-2290	na	
9-30	2291-2294	zoo	
9-31	2295-2300	groot	
9-32	2301-2305	niet	
9-33	2305-2306	,	
9-34	2307-2309	en	
9-35	2310-2314	waar	
9-36	2315-2326	vochtigheid	
9-37	2327-2330	met	
9-38	2331-2335	eene	
9-39	2336-2343	ligging	
9-40	2344-2346	in	
9-41	2347-2349	de	
9-42	2350-2359	tropische	
9-43	2360-2368	gewesten	
9-44	2369-2371	te	
9-45	2372-2377	zamen	
9-46	2378-2382	valt	
9-47	2383-2386	als	
9-48	2387-2389	op	
9-49	2390-2400	Madagascar	
9-50	2401-2403	en	
9-51	2404-2410	Borneo	
9-52	2410-2411	,	
9-53	2412-2416	daar	
9-54	2417-2422	vindt	
9-55	2423-2426	men	
9-56	2427-2429	de	
9-57	2430-2438	grootste	
9-58	2439-2445	hittte	
9-59	2446-2449	tot	
9-60	2450-2453	54o	
9-61	2454-2458	Cels	
9-62	2458-2459	.	

#Text=Zoo zou het de vraag zijn, of onze aarde zonder waterdamp wel in het geheel bewoonbaar zou wezen en dat niet alleen om de excessive warmtewisseling, maar ook om de geringe gemiddelde hoeveelheid warmte, indien het water er niet aanwezig was.
10-1	2461-2464	Zoo	
10-2	2465-2468	zou	
10-3	2469-2472	het	
10-4	2473-2475	de	
10-5	2476-2481	vraag	
10-6	2482-2486	zijn	
10-7	2486-2487	,	
10-8	2488-2490	of	
10-9	2491-2495	onze	
10-10	2496-2501	aarde	
10-11	2502-2508	zonder	
10-12	2509-2518	waterdamp	
10-13	2519-2522	wel	
10-14	2523-2525	in	
10-15	2526-2529	het	
10-16	2530-2536	geheel	
10-17	2537-2547	bewoonbaar	
10-18	2548-2551	zou	
10-19	2552-2557	wezen	
10-20	2558-2560	en	
10-21	2561-2564	dat	
10-22	2565-2569	niet	
10-23	2570-2576	alleen	
10-24	2577-2579	om	
10-25	2580-2582	de	
10-26	2583-2592	excessive	
10-27	2593-2608	warmtewisseling	
10-28	2608-2609	,	
10-29	2610-2614	maar	
10-30	2615-2618	ook	
10-31	2619-2621	om	
10-32	2622-2624	de	
10-33	2625-2632	geringe	
10-34	2633-2643	gemiddelde	
10-35	2644-2655	hoeveelheid	
10-36	2656-2662	warmte	
10-37	2662-2663	,	
10-38	2664-2670	indien	
10-39	2671-2674	het	
10-40	2675-2680	water	
10-41	2681-2683	er	
10-42	2684-2688	niet	
10-43	2689-2697	aanwezig	
10-44	2698-2701	was	
10-45	2701-2702	.	

#Text=Vele waterdeeltjes zijn echter met dat eenzelvig leven niet tevreden, zij willen zich met andere van hunne soort vereenigen,
#Text=[
#Text=p. 40]
#Text=
#Text=niet slechts tot regendroppels om te vallen maar tot zwevende groepen, om zich in de lucht vrij te bewegen en veel schoons, velerlei nut te weeg te brengen.
#Text=- Door welke oorzaak dan ook, bij welke aanleiding het zij, zij gaan blaasjes vormen, vergelijkbaar met de cellen der organische stoffen.
11-1	2705-2709	Vele	
11-2	2710-2723	waterdeeltjes	
11-3	2724-2728	zijn	
11-4	2729-2735	echter	
11-5	2736-2739	met	
11-6	2740-2743	dat	
11-7	2744-2753	eenzelvig	
11-8	2754-2759	leven	
11-9	2760-2764	niet	
11-10	2765-2773	tevreden	
11-11	2773-2774	,	
11-12	2775-2778	zij	
11-13	2779-2785	willen	
11-14	2786-2790	zich	
11-15	2791-2794	met	
11-16	2795-2801	andere	
11-17	2802-2805	van	
11-18	2806-2811	hunne	
11-19	2812-2817	soort	
11-20	2818-2828	vereenigen	
11-21	2828-2829	,	
11-22	2830-2831	[	
11-23	2832-2833	p	
11-24	2833-2834	.	
11-25	2835-2837	40	
11-26	2837-2838	]	
11-27	2840-2844	niet	
11-28	2845-2852	slechts	
11-29	2853-2856	tot	
11-30	2857-2870	regendroppels	
11-31	2871-2873	om	
11-32	2874-2876	te	
11-33	2877-2883	vallen	
11-34	2884-2888	maar	
11-35	2889-2892	tot	
11-36	2893-2901	zwevende	
11-37	2902-2909	groepen	
11-38	2909-2910	,	
11-39	2911-2913	om	
11-40	2914-2918	zich	
11-41	2919-2921	in	
11-42	2922-2924	de	
11-43	2925-2930	lucht	
11-44	2931-2935	vrij	
11-45	2936-2938	te	
11-46	2939-2946	bewegen	
11-47	2947-2949	en	
11-48	2950-2954	veel	
11-49	2955-2962	schoons	
11-50	2962-2963	,	
11-51	2964-2972	velerlei	
11-52	2973-2976	nut	
11-53	2977-2979	te	
11-54	2980-2984	weeg	
11-55	2985-2987	te	
11-56	2988-2995	brengen	
11-57	2995-2996	.	
11-58	2997-2998	-	
11-59	2999-3003	Door	
11-60	3004-3009	welke	
11-61	3010-3017	oorzaak	
11-62	3018-3021	dan	
11-63	3022-3025	ook	
11-64	3025-3026	,	
11-65	3027-3030	bij	
11-66	3031-3036	welke	
11-67	3037-3047	aanleiding	
11-68	3048-3051	het	
11-69	3052-3055	zij	
11-70	3055-3056	,	
11-71	3057-3060	zij	
11-72	3061-3065	gaan	
11-73	3066-3074	blaasjes	
11-74	3075-3081	vormen	
11-75	3081-3082	,	
11-76	3083-3096	vergelijkbaar	
11-77	3097-3100	met	
11-78	3101-3103	de	
11-79	3104-3110	cellen	
11-80	3111-3114	der	
11-81	3115-3125	organische	
11-82	3126-3133	stoffen	
11-83	3133-3134	.	
