#FORMAT=WebAnno TSV 3.3
#T_SP=custom.Span|label
#T_RL=custom.Relation|label|BT_custom.Span


#Text=Encensoir.
1-1	18-27	Encensoir	_	_	_	
1-2	27-28	.	_	_	_	

#Text=Cassolette sacrée dans laquelle on fait brûler des parfums pour régaler les
#Text=                  narines de la divinité; les prêtres sont ses parfumeurs privilégiés ; mettre la
#Text=                     main à
#Text=                  l'encensoir se dit donc par métaphore pour désigner le crime détestable de
#Text=                  tout prince ou magistrat qui auroient l'impertinence de mettre le nez dans les
#Text=                  affaires des prêtres, sans en être priés
2-1	61-71	Cassolette	_	_	_	
2-2	72-78	sacrée	_	_	_	
2-3	79-83	dans	_	_	_	
2-4	84-92	laquelle	_	_	_	
2-5	93-95	on	_	_	_	
2-6	96-100	fait	_	_	_	
2-7	101-107	brûler	_	_	_	
2-8	108-111	des	_	_	_	
2-9	112-119	parfums	Smell\_Word	_	_	
2-10	120-124	pour	_	_	_	
2-11	125-132	régaler	_	_	_	
2-12	133-136	les	_	_	_	
2-13	155-162	narines	_	_	_	
2-14	163-165	de	_	_	_	
2-15	166-168	la	_	_	_	
2-16	169-177	divinité	_	_	_	
2-17	177-178	;	_	_	_	
2-18	179-182	les	_	_	_	
2-19	183-190	prêtres	_	_	_	
2-20	191-195	sont	_	_	_	
2-21	196-199	ses	_	_	_	
2-22	200-210	parfumeurs	_	_	_	
2-23	211-222	privilégiés	_	_	_	
2-24	223-224	;	_	_	_	
2-25	225-231	mettre	_	_	_	
2-26	232-234	la	_	_	_	
2-27	256-260	main	_	_	_	
2-28	261-262	à	_	_	_	
2-29	281-292	l'encensoir	_	_	_	
2-30	293-295	se	_	_	_	
2-31	296-299	dit	_	_	_	
2-32	300-304	donc	_	_	_	
2-33	305-308	par	_	_	_	
2-34	309-318	métaphore	_	_	_	
2-35	319-323	pour	_	_	_	
2-36	324-332	désigner	_	_	_	
2-37	333-335	le	_	_	_	
2-38	336-341	crime	_	_	_	
2-39	342-352	détestable	_	_	_	
2-40	353-355	de	_	_	_	
2-41	374-378	tout	_	_	_	
2-42	379-385	prince	_	_	_	
2-43	386-388	ou	_	_	_	
2-44	389-398	magistrat	_	_	_	
2-45	399-402	qui	_	_	_	
2-46	403-411	auroient	_	_	_	
2-47	412-426	l'impertinence	_	_	_	
2-48	427-429	de	_	_	_	
2-49	430-436	mettre	_	_	_	
2-50	437-439	le	_	_	_	
2-51	440-443	nez	_	_	_	
2-52	444-448	dans	_	_	_	
2-53	449-452	les	_	_	_	
2-54	471-479	affaires	_	_	_	
2-55	480-483	des	_	_	_	
2-56	484-491	prêtres	_	_	_	
2-57	491-492	,	_	_	_	
2-58	493-497	sans	_	_	_	
2-59	498-500	en	_	_	_	
2-60	501-505	être	_	_	_	
2-61	506-511	priés	_	_	_	

#Text=.
3-1	511-512	.	_	_	_	

#Text=[...]
4-1	539-540	[	_	_	_	
4-2	540-541	.	_	_	_	
4-3	541-542	.	_	_	_	
4-4	542-543	.	_	_	_	
4-5	543-544	]	_	_	_	

#Text=Odeur de sainteté.
5-1	579-584	Odeur	Smell\_Word	_	_	
5-2	585-587	de	_	_	_	
5-3	588-596	sainteté	_	_	_	
5-4	596-597	.	_	_	_	

#Text=Les saints ne sont pas communément des seigneurs bien musqués; mais l'odeur qui
#Text=                  s'exhale d'un capucin, sur-tout après sa mort, est pour les nez devots un parfum
#Text=                  plus délectable que l'eau des sultanes ne peut l'être pour le nez d'un
#Text=                  mondain.
6-1	630-633	Les	_	_	_	
6-2	634-640	saints	_	_	_	
6-3	641-643	ne	_	_	_	
6-4	644-648	sont	_	_	_	
6-5	649-652	pas	_	_	_	
6-6	653-664	communément	_	_	_	
6-7	665-668	des	_	_	_	
6-8	669-678	seigneurs	_	_	_	
6-9	679-683	bien	_	_	_	
6-10	684-691	musqués	_	_	_	
6-11	691-692	;	_	_	_	
6-12	693-697	mais	_	_	_	
6-13	698-705	l'odeur	Smell\_Word	*|*	6-17|6-28	
6-14	706-709	qui	_	_	_	
6-15	728-736	s'exhale	_	_	_	
6-16	737-741	d'un	_	_	_	
6-17	742-749	capucin	Smell\_Source	_	_	
6-18	749-750	,	_	_	_	
6-19	751-759	sur-tout	_	_	_	
6-20	760-765	après	_	_	_	
6-21	766-768	sa	_	_	_	
6-22	769-773	mort	_	_	_	
6-23	773-774	,	_	_	_	
6-24	775-778	est	_	_	_	
6-25	779-783	pour	_	_	_	
6-26	784-787	les	_	_	_	
6-27	788-791	nez	_	_	_	
6-28	792-798	devots	Perceiver	_	_	
6-29	799-801	un	_	_	_	
6-30	802-808	parfum	Smell\_Word	*	6-31[1_0]	
6-31	827-831	plus	Evoked\_Odorant[1]	_	_	
6-32	832-842	délectable	Evoked\_Odorant[1]	_	_	
6-33	843-846	que	Evoked\_Odorant[1]	_	_	
6-34	847-852	l'eau	Evoked\_Odorant[1]	_	_	
6-35	853-856	des	Evoked\_Odorant[1]	_	_	
6-36	857-865	sultanes	Evoked\_Odorant[1]	_	_	
6-37	866-868	ne	Evoked\_Odorant[1]	_	_	
6-38	869-873	peut	Evoked\_Odorant[1]	_	_	
6-39	874-880	l'être	Evoked\_Odorant[1]	_	_	
6-40	881-885	pour	Evoked\_Odorant[1]	_	_	
6-41	886-888	le	Evoked\_Odorant[1]	_	_	
6-42	889-892	nez	Evoked\_Odorant[1]	_	_	
6-43	893-897	d'un	Evoked\_Odorant[1]	_	_	
6-44	916-923	mondain	Evoked\_Odorant[1]	_	_	
6-45	923-924	.	_	_	_	
