#FORMAT=WebAnno TSV 3.3
#T_SP=custom.Span|label
#T_RL=custom.Relation|label|BT_custom.Span


#Text=Der Boden
#Text=bietet hier gute Weide, und Melkereien, aus Rohr erbaut,
#Text=liegen zerſtreut zwiſchen den Baumgruppen.
1-1	2-5	Der	_	_	_	
1-2	6-11	Boden	_	_	_	
1-3	12-18	bietet	_	_	_	
1-4	19-23	hier	_	_	_	
1-5	24-28	gute	_	_	_	
1-6	29-34	Weide	_	_	_	
1-7	34-35	,	_	_	_	
1-8	36-39	und	_	_	_	
1-9	40-50	Melkereien	_	_	_	
1-10	50-51	,	_	_	_	
1-11	52-55	aus	_	_	_	
1-12	56-60	Rohr	_	_	_	
1-13	61-67	erbaut	_	_	_	
1-14	67-68	,	_	_	_	
1-15	69-75	liegen	_	_	_	
1-16	76-85	zerſtreut	_	_	_	
1-17	86-94	zwiſchen	_	_	_	
1-18	95-98	den	_	_	_	
1-19	99-110	Baumgruppen	_	_	_	
1-20	110-111	.	_	_	_	

#Text=Die Milch bleibt
#Text=
#Text=friſch, wenn man ſie nicht in der Frucht des Flaſchenkürbis-
#Text=baumes, die ein Gewebe aus ſehr dichten Holzfaſern iſt, ſondern
#Text=in poröſen Thongefäßen von Maniquarez aufbewahrt.
2-1	112-115	Die	_	_	_	
2-2	116-121	Milch	_	_	_	
2-3	122-128	bleibt	_	_	_	
2-4	130-136	friſch	_	_	_	
2-5	136-137	,	_	_	_	
2-6	138-142	wenn	_	_	_	
2-7	143-146	man	_	_	_	
2-8	147-150	ſie	_	_	_	
2-9	151-156	nicht	_	_	_	
2-10	157-159	in	_	_	_	
2-11	160-163	der	_	_	_	
2-12	164-170	Frucht	_	_	_	
2-13	171-174	des	_	_	_	
2-14	175-189	Flaſchenkürbis	_	_	_	
2-15	189-190	-	_	_	_	
2-16	191-197	baumes	_	_	_	
2-17	197-198	,	_	_	_	
2-18	199-202	die	_	_	_	
2-19	203-206	ein	_	_	_	
2-20	207-213	Gewebe	_	_	_	
2-21	214-217	aus	_	_	_	
2-22	218-222	ſehr	_	_	_	
2-23	223-230	dichten	_	_	_	
2-24	231-241	Holzfaſern	_	_	_	
2-25	242-245	iſt	_	_	_	
2-26	245-246	,	_	_	_	
2-27	247-254	ſondern	_	_	_	
2-28	255-257	in	_	_	_	
2-29	258-265	poröſen	_	_	_	
2-30	266-277	Thongefäßen	_	_	_	
2-31	278-281	von	_	_	_	
2-32	282-292	Maniquarez	_	_	_	
2-33	293-303	aufbewahrt	_	_	_	
2-34	303-304	.	_	_	_	

#Text=Infolge
#Text=
#Text=
#Text=1
#Text=Rhizophora Mangle
3-1	305-312	Infolge	_	_	_	
3-2	315-316	1	_	_	_	
3-3	317-327	Rhizophora	_	_	_	
3-4	328-334	Mangle	_	_	_	

#Text=.
4-1	334-335	.	_	_	_	

#Text=[165/0181
#Text=]
#Text=
#Text=eines in nördlichen Ländern herrſchenden Vorurteiles hatte ich
#Text=geglaubt, in der heißen Zone geben die Kühe keine ſehr fette
#Text=Milch;
#Text=aber der Aufenthalt in Cumana, beſonders aber die
#Text=Reiſe über die weiten mit Gräſern und krautartigen Mimoſen
#Text=
#Text=bewachſenen Ebenen von Calabozo haben mich belehrt, daß
#Text=ſich die Wiederkäuer Europas vollkommen an das heißeſte
#Text=Klima gewöhnen, wenn ſie nur Waſſer und gutes Futter
#Text=finden.
5-1	339-340	[	_	_	_	
5-2	340-343	165	_	_	_	
5-3	343-344	/	_	_	_	
5-4	344-348	0181	_	_	_	
5-5	349-350	]	_	_	_	
5-6	352-357	eines	_	_	_	
5-7	358-360	in	_	_	_	
5-8	361-371	nördlichen	_	_	_	
5-9	372-379	Ländern	_	_	_	
5-10	380-392	herrſchenden	_	_	_	
5-11	393-404	Vorurteiles	_	_	_	
5-12	405-410	hatte	_	_	_	
5-13	411-414	ich	_	_	_	
5-14	415-423	geglaubt	_	_	_	
5-15	423-424	,	_	_	_	
5-16	425-427	in	_	_	_	
5-17	428-431	der	_	_	_	
5-18	432-438	heißen	_	_	_	
5-19	439-443	Zone	_	_	_	
5-20	444-449	geben	_	_	_	
5-21	450-453	die	_	_	_	
5-22	454-458	Kühe	_	_	_	
5-23	459-464	keine	_	_	_	
5-24	465-469	ſehr	_	_	_	
5-25	470-475	fette	_	_	_	
5-26	476-481	Milch	_	_	_	
5-27	481-482	;	_	_	_	
5-28	483-487	aber	_	_	_	
5-29	488-491	der	_	_	_	
5-30	492-502	Aufenthalt	_	_	_	
5-31	503-505	in	_	_	_	
5-32	506-512	Cumana	_	_	_	
5-33	512-513	,	_	_	_	
5-34	514-523	beſonders	_	_	_	
5-35	524-528	aber	_	_	_	
5-36	529-532	die	_	_	_	
5-37	533-538	Reiſe	_	_	_	
5-38	539-543	über	_	_	_	
5-39	544-547	die	_	_	_	
5-40	548-554	weiten	_	_	_	
5-41	555-558	mit	_	_	_	
5-42	559-566	Gräſern	_	_	_	
5-43	567-570	und	_	_	_	
5-44	571-583	krautartigen	_	_	_	
5-45	584-591	Mimoſen	_	_	_	
5-46	593-604	bewachſenen	_	_	_	
5-47	605-611	Ebenen	_	_	_	
5-48	612-615	von	_	_	_	
5-49	616-624	Calabozo	_	_	_	
5-50	625-630	haben	_	_	_	
5-51	631-635	mich	_	_	_	
5-52	636-643	belehrt	_	_	_	
5-53	643-644	,	_	_	_	
5-54	645-648	daß	_	_	_	
5-55	649-653	ſich	_	_	_	
5-56	654-657	die	_	_	_	
5-57	658-669	Wiederkäuer	_	_	_	
5-58	670-677	Europas	_	_	_	
5-59	678-688	vollkommen	_	_	_	
5-60	689-691	an	_	_	_	
5-61	692-695	das	_	_	_	
5-62	696-704	heißeſte	_	_	_	
5-63	705-710	Klima	_	_	_	
5-64	711-719	gewöhnen	_	_	_	
5-65	719-720	,	_	_	_	
5-66	721-725	wenn	_	_	_	
5-67	726-729	ſie	_	_	_	
5-68	730-733	nur	_	_	_	
5-69	734-740	Waſſer	_	_	_	
5-70	741-744	und	_	_	_	
5-71	745-750	gutes	_	_	_	
5-72	751-757	Futter	_	_	_	
5-73	758-764	finden	_	_	_	
5-74	764-765	.	_	_	_	

#Text=Die Milchwirtſchaft iſt in den Provinzen Neuanda-
#Text=luſien, Barcelona und Venezuela ausgezeichnet, und häufig iſt
#Text=die Butter auf den Ebenen der heißen Zone beſſer als auf
#Text=dem Rücken der Anden, wo für die Alppflanzen die Tem-
#Text=peratur in keiner Jahreszeit hoch genug iſt und ſie daher
#Text=weniger aromatiſch ſind als auf den Pyrenäen, auf den Bergen
#Text=Eſtremaduras und Griechenlands.
6-1	766-769	Die	_	_	_	
6-2	770-785	Milchwirtſchaft	_	_	_	
6-3	786-789	iſt	_	_	_	
6-4	790-792	in	_	_	_	
6-5	793-796	den	_	_	_	
6-6	797-806	Provinzen	_	_	_	
6-7	807-814	Neuanda	_	_	_	
6-8	814-815	-	_	_	_	
6-9	816-822	luſien	_	_	_	
6-10	822-823	,	_	_	_	
6-11	824-833	Barcelona	_	_	_	
6-12	834-837	und	_	_	_	
6-13	838-847	Venezuela	_	_	_	
6-14	848-861	ausgezeichnet	_	_	_	
6-15	861-862	,	_	_	_	
6-16	863-866	und	_	_	_	
6-17	867-873	häufig	_	_	_	
6-18	874-877	iſt	_	_	_	
6-19	878-881	die	_	_	_	
6-20	882-888	Butter	_	_	_	
6-21	889-892	auf	_	_	_	
6-22	893-896	den	_	_	_	
6-23	897-903	Ebenen	_	_	_	
6-24	904-907	der	_	_	_	
6-25	908-914	heißen	_	_	_	
6-26	915-919	Zone	_	_	_	
6-27	920-926	beſſer	_	_	_	
6-28	927-930	als	_	_	_	
6-29	931-934	auf	Location[1]	_	_	
6-30	935-938	dem	Location[1]	_	_	
6-31	939-945	Rücken	Location[1]	_	_	
6-32	946-949	der	Location[1]	_	_	
6-33	950-955	Anden	Location[1]	_	_	
6-34	955-956	,	_	_	_	
6-35	957-959	wo	_	_	_	
6-36	960-963	für	_	_	_	
6-37	964-967	die	_	_	_	
6-38	968-979	Alppflanzen	Smell\_Source	_	_	
6-39	980-983	die	_	_	_	
6-40	984-987	Tem	_	_	_	
6-41	987-988	-	_	_	_	
6-42	989-996	peratur	_	_	_	
6-43	997-999	in	_	_	_	
6-44	1000-1006	keiner	_	_	_	
6-45	1007-1017	Jahreszeit	_	_	_	
6-46	1018-1022	hoch	_	_	_	
6-47	1023-1028	genug	_	_	_	
6-48	1029-1032	iſt	_	_	_	
6-49	1033-1036	und	_	_	_	
6-50	1037-1040	ſie	Smell\_Source	Anaphoric	6-38	
6-51	1041-1046	daher	_	_	_	
6-52	1047-1054	weniger	_	_	_	
6-53	1055-1065	aromatiſch	Smell\_Word[2]|Quality[3]	*|*|*	6-53[3_2]|6-38[0_2]|6-29[1_2]	
6-54	1066-1070	ſind	_	_	_	
6-55	1071-1074	als	_	_	_	
6-56	1075-1078	auf	_	_	_	
6-57	1079-1082	den	_	_	_	
6-58	1083-1091	Pyrenäen	_	_	_	
6-59	1091-1092	,	_	_	_	
6-60	1093-1096	auf	_	_	_	
6-61	1097-1100	den	_	_	_	
6-62	1101-1107	Bergen	_	_	_	
6-63	1108-1120	Eſtremaduras	_	_	_	
6-64	1121-1124	und	_	_	_	
6-65	1125-1138	Griechenlands	_	_	_	
6-66	1138-1139	.	_	_	_	

#Text=Den Einwohnern Cumanas iſt die Kühlung durch den
#Text=Seewind lieber als der Blick ins Grüne, und ſo kennen ſie
#Text=
#Text=faſt keinen anderen Spaziergang als den großen Strand.
7-1	1142-1145	Den	_	_	_	
7-2	1146-1156	Einwohnern	_	_	_	
7-3	1157-1164	Cumanas	_	_	_	
7-4	1165-1168	iſt	_	_	_	
7-5	1169-1172	die	_	_	_	
7-6	1173-1180	Kühlung	_	_	_	
7-7	1181-1186	durch	_	_	_	
7-8	1187-1190	den	_	_	_	
7-9	1191-1198	Seewind	_	_	_	
7-10	1199-1205	lieber	_	_	_	
7-11	1206-1209	als	_	_	_	
7-12	1210-1213	der	_	_	_	
7-13	1214-1219	Blick	_	_	_	
7-14	1220-1223	ins	_	_	_	
7-15	1224-1229	Grüne	_	_	_	
7-16	1229-1230	,	_	_	_	
7-17	1231-1234	und	_	_	_	
7-18	1235-1237	ſo	_	_	_	
7-19	1238-1244	kennen	_	_	_	
7-20	1245-1248	ſie	_	_	_	
7-21	1250-1254	faſt	_	_	_	
7-22	1255-1261	keinen	_	_	_	
7-23	1262-1269	anderen	_	_	_	
7-24	1270-1281	Spaziergang	_	_	_	
7-25	1282-1285	als	_	_	_	
7-26	1286-1289	den	_	_	_	
7-27	1290-1296	großen	_	_	_	
7-28	1297-1303	Strand	_	_	_	
7-29	1303-1304	.	_	_	_	

#Text=Die
#Text=Kaſtilianer, denen man nachſagt, ſie ſeien im allgemeinen keine
#Text=Freunde von Bäumen und Vogelſang, haben ihre Sitten und
#Text=ihre Vorurteile in die Kolonieen mitgenommen.
8-1	1305-1308	Die	_	_	_	
8-2	1309-1320	Kaſtilianer	_	_	_	
8-3	1320-1321	,	_	_	_	
8-4	1322-1327	denen	_	_	_	
8-5	1328-1331	man	_	_	_	
8-6	1332-1340	nachſagt	_	_	_	
8-7	1340-1341	,	_	_	_	
8-8	1342-1345	ſie	_	_	_	
8-9	1346-1351	ſeien	_	_	_	
8-10	1352-1354	im	_	_	_	
8-11	1355-1366	allgemeinen	_	_	_	
8-12	1367-1372	keine	_	_	_	
8-13	1373-1380	Freunde	_	_	_	
8-14	1381-1384	von	_	_	_	
8-15	1385-1391	Bäumen	_	_	_	
8-16	1392-1395	und	_	_	_	
8-17	1396-1405	Vogelſang	_	_	_	
8-18	1405-1406	,	_	_	_	
8-19	1407-1412	haben	_	_	_	
8-20	1413-1417	ihre	_	_	_	
8-21	1418-1424	Sitten	_	_	_	
8-22	1425-1428	und	_	_	_	
8-23	1429-1433	ihre	_	_	_	
8-24	1434-1444	Vorurteile	_	_	_	
8-25	1445-1447	in	_	_	_	
8-26	1448-1451	die	_	_	_	
8-27	1452-1461	Kolonieen	_	_	_	
8-28	1462-1473	mitgenommen	_	_	_	
8-29	1473-1474	.	_	_	_	

#Text=In Terra
#Text=Firma, Mexiko und Peru ſieht man ſelten einen Eingeborenen
#Text=einen Baum pflanzen allein in der Abſicht, ſich Schatten zu
#Text=ſchaffen, und mit Ausnahme der Umgegend der großen Haupt-
#Text=ſtädte weiß man in dieſen Ländern ſo gut wie nichts von
#Text=Alleen.
9-1	1475-1477	In	_	_	_	
9-2	1478-1483	Terra	_	_	_	
9-3	1484-1489	Firma	_	_	_	
9-4	1489-1490	,	_	_	_	
9-5	1491-1497	Mexiko	_	_	_	
9-6	1498-1501	und	_	_	_	
9-7	1502-1506	Peru	_	_	_	
9-8	1507-1512	ſieht	_	_	_	
9-9	1513-1516	man	_	_	_	
9-10	1517-1523	ſelten	_	_	_	
9-11	1524-1529	einen	_	_	_	
9-12	1530-1542	Eingeborenen	_	_	_	
9-13	1543-1548	einen	_	_	_	
9-14	1549-1553	Baum	_	_	_	
9-15	1554-1562	pflanzen	_	_	_	
9-16	1563-1569	allein	_	_	_	
9-17	1570-1572	in	_	_	_	
9-18	1573-1576	der	_	_	_	
9-19	1577-1584	Abſicht	_	_	_	
9-20	1584-1585	,	_	_	_	
9-21	1586-1590	ſich	_	_	_	
9-22	1591-1599	Schatten	_	_	_	
9-23	1600-1602	zu	_	_	_	
9-24	1603-1611	ſchaffen	_	_	_	
9-25	1611-1612	,	_	_	_	
9-26	1613-1616	und	_	_	_	
9-27	1617-1620	mit	_	_	_	
9-28	1621-1629	Ausnahme	_	_	_	
9-29	1630-1633	der	_	_	_	
9-30	1634-1642	Umgegend	_	_	_	
9-31	1643-1646	der	_	_	_	
9-32	1647-1653	großen	_	_	_	
9-33	1654-1659	Haupt	_	_	_	
9-34	1659-1660	-	_	_	_	
9-35	1661-1667	ſtädte	_	_	_	
9-36	1668-1672	weiß	_	_	_	
9-37	1673-1676	man	_	_	_	
9-38	1677-1679	in	_	_	_	
9-39	1680-1686	dieſen	_	_	_	
9-40	1687-1694	Ländern	_	_	_	
9-41	1695-1697	ſo	_	_	_	
9-42	1698-1701	gut	_	_	_	
9-43	1702-1705	wie	_	_	_	
9-44	1706-1712	nichts	_	_	_	
9-45	1713-1716	von	_	_	_	
9-46	1717-1723	Alleen	_	_	_	
9-47	1723-1724	.	_	_	_	

#Text=Die dürre Ebene von Cumana zeigt nach ſtarken
#Text=Regengüſſen eine merkwürdige Erſcheinung.
10-1	1725-1728	Die	_	_	_	
10-2	1729-1734	dürre	_	_	_	
10-3	1735-1740	Ebene	_	_	_	
10-4	1741-1744	von	_	_	_	
10-5	1745-1751	Cumana	_	_	_	
10-6	1752-1757	zeigt	_	_	_	
10-7	1758-1762	nach	_	_	_	
10-8	1763-1770	ſtarken	_	_	_	
10-9	1771-1782	Regengüſſen	_	_	_	
10-10	1783-1787	eine	_	_	_	
10-11	1788-1799	merkwürdige	_	_	_	
10-12	1800-1811	Erſcheinung	_	_	_	
10-13	1811-1812	.	_	_	_	

#Text=Der durchnäßte,
#Text=von den Sonnenſtrahlen erhitzte Boden verbreitet jenen Biſam-
#Text=geruch, der in der heißen Zone Tieren der verſchiedenſten
#Text=Klaſſen gemein iſt, dem Jaguar, den kleinen Arten von Tiger-
#Text=katzen, dem Cabiaï, 1 dem Galinazogeier, 2 dem Krokodil, den
#Text=Vipern und Klapperſchlangen.
11-1	1813-1816	Der	Circumstances[4]	_	_	
11-2	1817-1827	durchnäßte	Circumstances[4]	_	_	
11-3	1827-1828	,	Circumstances[4]	_	_	
11-4	1829-1832	von	Circumstances[4]	_	_	
11-5	1833-1836	den	Circumstances[4]	_	_	
11-6	1837-1851	Sonnenſtrahlen	Circumstances[4]	_	_	
11-7	1852-1860	erhitzte	Circumstances[4]	_	_	
11-8	1861-1866	Boden	Odour\_Carrier	_	_	
11-9	1867-1877	verbreitet	_	_	_	
11-10	1878-1883	jenen	_	_	_	
11-11	1884-1889	Biſam	Smell\_Source	_	_	
11-12	1889-1890	-	_	_	_	
11-13	1891-1897	geruch	Smell\_Word	*|*|*	11-8|11-11|11-1[4_0]	
11-14	1897-1898	,	_	_	_	
11-15	1899-1902	der	_	_	_	
11-16	1903-1905	in	_	_	_	
11-17	1906-1909	der	_	_	_	
11-18	1910-1916	heißen	_	_	_	
11-19	1917-1921	Zone	_	_	_	
11-20	1922-1928	Tieren	_	_	_	
11-21	1929-1932	der	_	_	_	
11-22	1933-1948	verſchiedenſten	_	_	_	
11-23	1949-1956	Klaſſen	_	_	_	
11-24	1957-1963	gemein	_	_	_	
11-25	1964-1967	iſt	_	_	_	
11-26	1967-1968	,	_	_	_	
11-27	1969-1972	dem	_	_	_	
11-28	1973-1979	Jaguar	_	_	_	
11-29	1979-1980	,	_	_	_	
11-30	1981-1984	den	_	_	_	
11-31	1985-1992	kleinen	_	_	_	
11-32	1993-1998	Arten	_	_	_	
11-33	1999-2002	von	_	_	_	
11-34	2003-2008	Tiger	_	_	_	
11-35	2008-2009	-	_	_	_	
11-36	2010-2016	katzen	_	_	_	
11-37	2016-2017	,	_	_	_	
11-38	2018-2021	dem	_	_	_	
11-39	2022-2028	Cabiaï	_	_	_	
11-40	2028-2029	,	_	_	_	
11-41	2030-2031	1	_	_	_	
11-42	2032-2035	dem	_	_	_	
11-43	2036-2049	Galinazogeier	_	_	_	
11-44	2049-2050	,	_	_	_	
11-45	2051-2052	2	_	_	_	
11-46	2053-2056	dem	_	_	_	
11-47	2057-2065	Krokodil	_	_	_	
11-48	2065-2066	,	_	_	_	
11-49	2067-2070	den	_	_	_	
11-50	2071-2077	Vipern	_	_	_	
11-51	2078-2081	und	_	_	_	
11-52	2082-2098	Klapperſchlangen	_	_	_	
11-53	2098-2099	.	_	_	_	

#Text=Die Gaſe, die das Vehikel
#Text=dieſes Aroms ſind, ſcheinen ſich nur in dem Maße zu ent-
#Text=wickeln, als der Boden, der die Reſte zahlloſer Reptilien,
#Text=Würmer und Inſekten enthält, ſich mit Waſſer ſchwängert.
12-1	2100-2103	Die	_	_	_	
12-2	2104-2108	Gaſe	Odour\_Carrier	_	_	
12-3	2108-2109	,	_	_	_	
12-4	2110-2113	die	_	_	_	
12-5	2114-2117	das	_	_	_	
12-6	2118-2125	Vehikel	_	_	_	
12-7	2126-2132	dieſes	_	_	_	
12-8	2133-2138	Aroms	Smell\_Word	*|*	12-2|12-22[5_0]	
12-9	2139-2143	ſind	_	_	_	
12-10	2143-2144	,	_	_	_	
12-11	2145-2153	ſcheinen	_	_	_	
12-12	2154-2158	ſich	_	_	_	
12-13	2159-2162	nur	_	_	_	
12-14	2163-2165	in	_	_	_	
12-15	2166-2169	dem	_	_	_	
12-16	2170-2174	Maße	_	_	_	
12-17	2175-2177	zu	_	_	_	
12-18	2178-2181	ent	_	_	_	
12-19	2181-2182	-	_	_	_	
12-20	2183-2190	wickeln	_	_	_	
12-21	2190-2191	,	_	_	_	
12-22	2192-2195	als	Circumstances[5]	_	_	
12-23	2196-2199	der	Circumstances[5]	_	_	
12-24	2200-2205	Boden	Circumstances[5]	_	_	
12-25	2205-2206	,	_	_	_	
12-26	2207-2210	der	_	_	_	
12-27	2211-2214	die	_	_	_	
12-28	2215-2220	Reſte	_	_	_	
12-29	2221-2230	zahlloſer	_	_	_	
12-30	2231-2240	Reptilien	_	_	_	
12-31	2240-2241	,	_	_	_	
12-32	2242-2248	Würmer	_	_	_	
12-33	2249-2252	und	_	_	_	
12-34	2253-2261	Inſekten	_	_	_	
12-35	2262-2269	enthält	_	_	_	
12-36	2269-2270	,	_	_	_	
12-37	2271-2275	ſich	Circumstances[6]	Same\_span	12-22[5_6]	
12-38	2276-2279	mit	Circumstances[6]	_	_	
12-39	2280-2286	Waſſer	Circumstances[6]	_	_	
12-40	2287-2297	ſchwängert	Circumstances[6]	_	_	
12-41	2297-2298	.	_	_	_	

#Text=Ich habe indianiſche Kinder vom Stamme der Chaymas 4
#Text=cm
#Text=lange und 15 mm breite Scolopender oder Tauſendfüße aus
#Text=dem Boden ziehen und verzehren ſehen.
13-1	2300-2303	Ich	_	_	_	
13-2	2304-2308	habe	_	_	_	
13-3	2309-2320	indianiſche	_	_	_	
13-4	2321-2327	Kinder	_	_	_	
13-5	2328-2331	vom	_	_	_	
13-6	2332-2338	Stamme	_	_	_	
13-7	2339-2342	der	_	_	_	
13-8	2343-2350	Chaymas	_	_	_	
13-9	2351-2352	4	_	_	_	
13-10	2353-2355	cm	_	_	_	
13-11	2356-2361	lange	_	_	_	
13-12	2362-2365	und	_	_	_	
13-13	2366-2368	15	_	_	_	
13-14	2369-2371	mm	_	_	_	
13-15	2372-2378	breite	_	_	_	
13-16	2379-2390	Scolopender	_	_	_	
13-17	2391-2395	oder	_	_	_	
13-18	2396-2407	Tauſendfüße	_	_	_	
13-19	2408-2411	aus	_	_	_	
13-20	2412-2415	dem	_	_	_	
13-21	2416-2421	Boden	_	_	_	
13-22	2422-2428	ziehen	_	_	_	
13-23	2429-2432	und	_	_	_	
13-24	2433-2442	verzehren	_	_	_	
13-25	2443-2448	ſehen	_	_	_	
13-26	2448-2449	.	_	_	_	
