#FORMAT=WebAnno TSV 3.3


#Text=Ghy die des Heeren Dienaers sijt.
#Text=134.
1-1	3-6	Ghy	
1-2	7-10	die	
1-3	11-14	des	
1-4	15-21	Heeren	
1-5	22-30	Dienaers	
1-6	31-35	sijt	
1-7	35-36	.	
1-8	37-40	134	
1-9	40-41	.	

#Text=Ghy volcken, hoort dit alle neirstig aen.
#Text=49.
2-1	43-46	Ghy	
2-2	47-54	volcken	
2-3	54-55	,	
2-4	56-61	hoort	
2-5	62-65	dit	
2-6	66-70	alle	
2-7	71-79	neirstig	
2-8	80-83	aen	
2-9	83-84	.	
2-10	85-87	49	
2-11	87-88	.	

#Text=God is in Iuda recht bekent.
#Text=76.
3-1	90-93	God	
3-2	94-96	is	
3-3	97-99	in	
3-4	100-104	Iuda	
3-5	105-110	recht	
3-6	111-117	bekent	
3-7	117-118	.	
3-8	119-121	76	
3-9	121-122	.	

#Text=God is mijn licht end heylandt hoog
#Text=verheuen.
#Text=27.
4-1	125-128	God	
4-2	129-131	is	
4-3	132-136	mijn	
4-4	137-142	licht	
4-5	143-146	end	
4-6	147-155	heylandt	
4-7	156-160	hoog	
4-8	161-169	verheuen	
4-9	169-170	.	
4-10	171-173	27	
4-11	173-174	.	

#Text=God is ons toeulucht t'allen tijde.
#Text=46.
5-1	177-180	God	
5-2	181-183	is	
5-3	184-187	ons	
5-4	188-197	toeulucht	
5-5	198-205	t'allen	
5-6	206-211	tijde	
5-7	211-212	.	
5-8	213-215	46	
5-9	215-216	.	

#Text=God, sy ons gunstig end genadig.
#Text=67.
6-1	218-221	God	
6-2	221-222	,	
6-3	223-225	sy	
6-4	226-229	ons	
6-5	230-237	gunstig	
6-6	238-241	end	
6-7	242-249	genadig	
6-8	249-250	.	
6-9	251-253	67	
6-10	253-254	.	

#Text=God
#Text=staet
#Text=int midden van Gods schare.
#Text=82.
7-1	257-260	God	
7-2	261-266	staet	
7-3	267-270	int	
7-4	271-277	midden	
7-5	278-281	van	
7-6	282-286	Gods	
7-7	287-293	schare	
7-8	293-294	.	
7-9	295-297	82	
7-10	297-298	.	

#Text=H.
8-1	300-301	H	
8-2	301-302	.	

#Text=Heer, aenhoor mijn gebet ootmoedig.
9-1	303-307	Heer	
9-2	307-308	,	
9-3	309-316	aenhoor	
9-4	317-321	mijn	
9-5	322-327	gebet	
9-6	328-337	ootmoedig	
9-7	337-338	.	
