#FORMAT=WebAnno TSV 3.3


#Text=Tandem vero alia via eaque longe tutior eft, per quam odoris naturam cognoscere datur, fc.
#Text=fynthesis.
1-1	2-8	Tandem	
1-2	9-13	vero	
1-3	14-18	alia	
1-4	19-22	via	
1-5	23-28	eaque	
1-6	29-34	longe	
1-7	35-41	tutior	
1-8	42-45	eft	
1-9	45-46	,	
1-10	47-50	per	
1-11	51-55	quam	
1-12	56-62	odoris	
1-13	63-70	naturam	
1-14	71-81	cognoscere	
1-15	82-87	datur	
1-16	87-88	,	
1-17	89-91	fc	
1-18	91-92	.	
1-19	93-102	fynthesis	
1-20	102-103	.	

#Text=Saepius fcilicet contingit chemicis, vt dum duas aut tres materias componunt, odor oriatur in materia alibi iam cognitus; et hic odor ex compofitis materiis.
#Text=vel ita oritur , vt fubtiliora effluuia, quae fingula odorem non faciunt, dum cöeunt demum odorati quid producant, vel ita vt vna materia, quae cum altera coit, odorati quid expellat.
2-1	104-111	Saepius	
2-2	112-120	fcilicet	
2-3	121-130	contingit	
2-4	131-139	chemicis	
2-5	139-140	,	
2-6	141-143	vt	
2-7	144-147	dum	
2-8	148-152	duas	
2-9	153-156	aut	
2-10	157-161	tres	
2-11	162-170	materias	
2-12	171-180	componunt	
2-13	180-181	,	
2-14	182-186	odor	
2-15	187-194	oriatur	
2-16	195-197	in	
2-17	198-205	materia	
2-18	206-211	alibi	
2-19	212-215	iam	
2-20	216-224	cognitus	
2-21	224-225	;	
2-22	226-228	et	
2-23	229-232	hic	
2-24	233-237	odor	
2-25	238-240	ex	
2-26	241-251	compofitis	
2-27	252-260	materiis	
2-28	260-261	.	
2-29	262-265	vel	
2-30	266-269	ita	
2-31	270-276	oritur	
2-32	277-278	,	
2-33	279-281	vt	
2-34	282-292	fubtiliora	
2-35	293-301	effluuia	
2-36	301-302	,	
2-37	303-307	quae	
2-38	308-315	fingula	
2-39	316-322	odorem	
2-40	323-326	non	
2-41	327-334	faciunt	
2-42	334-335	,	
2-43	336-339	dum	
2-44	340-346	cöeunt	
2-45	347-352	demum	
2-46	353-360	odorati	
2-47	361-365	quid	
2-48	366-375	producant	
2-49	375-376	,	
2-50	377-380	vel	
2-51	381-384	ita	
2-52	385-387	vt	
2-53	388-391	vna	
2-54	392-399	materia	
2-55	399-400	,	
2-56	401-405	quae	
2-57	406-409	cum	
2-58	410-416	altera	
2-59	417-421	coit	
2-60	421-422	,	
2-61	423-430	odorati	
2-62	431-435	quid	
2-63	436-444	expellat	
2-64	444-445	.	

#Text=Haec ipfa vero amplioribus discutiamus, vt videamus, num certi quid haec methodus polliceatur.
3-1	446-450	Haec	
3-2	451-455	ipfa	
3-3	456-460	vero	
3-4	461-472	amplioribus	
3-5	473-484	discutiamus	
3-6	484-485	,	
3-7	486-488	vt	
3-8	489-497	videamus	
3-9	497-498	,	
3-10	499-502	num	
3-11	503-508	certi	
3-12	509-513	quid	
3-13	514-518	haec	
3-14	519-527	methodus	
3-15	528-539	polliceatur	
3-16	539-540	.	

#Text=Primum fuit, odorum naturam eruere, dum cum fapore, quatenus quidem ex chemia cognofcitur, confertur.
4-1	541-547	Primum	
4-2	548-552	fuit	
4-3	552-553	,	
4-4	554-560	odorum	
4-5	561-568	naturam	
4-6	569-575	eruere	
4-7	575-576	,	
4-8	577-580	dum	
4-9	581-584	cum	
4-10	585-591	fapore	
4-11	591-592	,	
4-12	593-601	quatenus	
4-13	602-608	quidem	
4-14	609-611	ex	
4-15	612-618	chemia	
4-16	619-630	cognofcitur	
4-17	630-631	,	
4-18	632-641	confertur	
4-19	641-642	.	

#Text=Odoris E. nerui si odorem percipiunt, sentiunt quid, i. e. qualitas quaedam volatilis cuiusdam corpusculi fluido nerueo neruorum olfa
#Text=
#Text=toriorum inprimitur, et per hoc ánimo ir fensorio communi repraesentatur: haec qualitas nil aliud effe poteft, nifi id quod in vltima particula distingui potest et haec est forma et figura corpufculi.
5-1	643-649	Odoris	
5-2	650-651	E	
5-3	651-652	.	
5-4	653-658	nerui	
5-5	659-661	si	
5-6	662-668	odorem	
5-7	669-679	percipiunt	
5-8	679-680	,	
5-9	681-689	sentiunt	
5-10	690-694	quid	
5-11	694-695	,	
5-12	696-697	i	
5-13	697-698	.	
5-14	699-700	e	
5-15	700-701	.	
5-16	702-710	qualitas	
5-17	711-718	quaedam	
5-18	719-728	volatilis	
5-19	729-737	cuiusdam	
5-20	738-748	corpusculi	
5-21	749-755	fluido	
5-22	756-762	nerueo	
5-23	763-771	neruorum	
5-24	772-776	olfa	
5-25	778-786	toriorum	
5-26	787-797	inprimitur	
5-27	797-798	,	
5-28	799-801	et	
5-29	802-805	per	
5-30	806-809	hoc	
5-31	810-815	ánimo	
5-32	816-818	ir	
5-33	819-827	fensorio	
5-34	828-835	communi	
5-35	836-850	repraesentatur	
5-36	850-851	:	
5-37	852-856	haec	
5-38	857-865	qualitas	
5-39	866-869	nil	
5-40	870-875	aliud	
5-41	876-880	effe	
5-42	881-887	poteft	
5-43	887-888	,	
5-44	889-893	nifi	
5-45	894-896	id	
5-46	897-901	quod	
5-47	902-904	in	
5-48	905-911	vltima	
5-49	912-921	particula	
5-50	922-931	distingui	
5-51	932-938	potest	
5-52	939-941	et	
5-53	942-946	haec	
5-54	947-950	est	
5-55	951-956	forma	
5-56	957-959	et	
5-57	960-966	figura	
5-58	967-977	corpufculi	
5-59	977-978	.	

#Text=Neque vero tamen id volumus, vt figuram determinatam accipiamus sed formam, quae pro diuerfitate mixtionis vltimarum particularum scilicet falis, terrae , aquae et inflammabilis principii multiplex effe potest, et vel talis est, quae fimul a faporis neruis diiudicari poteft yel talis, quae fi hos neruos fugit, tamen ex analyfi chemica conclu
#Text=
#Text=di di poteft.
6-1	979-984	Neque	
6-2	985-989	vero	
6-3	990-995	tamen	
6-4	996-998	id	
6-5	999-1006	volumus	
6-6	1006-1007	,	
6-7	1008-1010	vt	
6-8	1011-1018	figuram	
6-9	1019-1031	determinatam	
6-10	1032-1042	accipiamus	
6-11	1043-1046	sed	
6-12	1047-1053	formam	
6-13	1053-1054	,	
6-14	1055-1059	quae	
6-15	1060-1063	pro	
6-16	1064-1075	diuerfitate	
6-17	1076-1085	mixtionis	
6-18	1086-1095	vltimarum	
6-19	1096-1108	particularum	
6-20	1109-1117	scilicet	
6-21	1118-1123	falis	
6-22	1123-1124	,	
6-23	1125-1131	terrae	
6-24	1132-1133	,	
6-25	1134-1139	aquae	
6-26	1140-1142	et	
6-27	1143-1156	inflammabilis	
6-28	1157-1166	principii	
6-29	1167-1176	multiplex	
6-30	1177-1181	effe	
6-31	1182-1188	potest	
6-32	1188-1189	,	
6-33	1190-1192	et	
6-34	1193-1196	vel	
6-35	1197-1202	talis	
6-36	1203-1206	est	
6-37	1206-1207	,	
6-38	1208-1212	quae	
6-39	1213-1218	fimul	
6-40	1219-1220	a	
6-41	1221-1228	faporis	
6-42	1229-1235	neruis	
6-43	1236-1246	diiudicari	
6-44	1247-1253	poteft	
6-45	1254-1257	yel	
6-46	1258-1263	talis	
6-47	1263-1264	,	
6-48	1265-1269	quae	
6-49	1270-1272	fi	
6-50	1273-1276	hos	
6-51	1277-1283	neruos	
6-52	1284-1289	fugit	
6-53	1289-1290	,	
6-54	1291-1296	tamen	
6-55	1297-1299	ex	
6-56	1300-1307	analyfi	
6-57	1308-1315	chemica	
6-58	1316-1322	conclu	
6-59	1324-1326	di	
6-60	1327-1329	di	
6-61	1330-1336	poteft	
6-62	1336-1337	.	

#Text=Exemplis haec probare e re'erit: Perpetuum aliquid eft, quod quae acidi faporis fint, acidum quoque odorem fpirent, et quidem odor aeque diuersus est, ac fapor.
7-1	1338-1346	Exemplis	
7-2	1347-1351	haec	
7-3	1352-1359	probare	
7-4	1360-1361	e	
7-5	1362-1369	re'erit	
7-6	1369-1370	:	
7-7	1371-1380	Perpetuum	
7-8	1381-1388	aliquid	
7-9	1389-1392	eft	
7-10	1392-1393	,	
7-11	1394-1398	quod	
7-12	1399-1403	quae	
7-13	1404-1409	acidi	
7-14	1410-1417	faporis	
7-15	1418-1422	fint	
7-16	1422-1423	,	
7-17	1424-1430	acidum	
7-18	1431-1437	quoque	
7-19	1438-1444	odorem	
7-20	1445-1452	fpirent	
7-21	1452-1453	,	
7-22	1454-1456	et	
7-23	1457-1463	quidem	
7-24	1464-1468	odor	
7-25	1469-1474	aeque	
7-26	1475-1483	diuersus	
7-27	1484-1487	est	
7-28	1487-1488	,	
7-29	1489-1491	ac	
7-30	1492-1497	fapor	
7-31	1497-1498	.	

#Text=Acetum cereuisiae non tam acriter odoris neruos vellicat quam quidem acetum vini : fed nonne idem in sapore fit ?
8-1	1499-1505	Acetum	
8-2	1506-1516	cereuisiae	
8-3	1517-1520	non	
8-4	1521-1524	tam	
8-5	1525-1532	acriter	
8-6	1533-1539	odoris	
8-7	1540-1546	neruos	
8-8	1547-1555	vellicat	
8-9	1556-1560	quam	
8-10	1561-1567	quidem	
8-11	1568-1574	acetum	
8-12	1575-1579	vini	
8-13	1580-1581	:	
8-14	1582-1585	fed	
8-15	1586-1591	nonne	
8-16	1592-1596	idem	
8-17	1597-1599	in	
8-18	1600-1606	sapore	
8-19	1607-1610	fit	
8-20	1611-1612	?	

#Text=Et quis non citri odorem acido.. muci: laginofum fimul et olfacere et degastare potest?
9-1	1613-1615	Et	
9-2	1616-1620	quis	
9-3	1621-1624	non	
9-4	1625-1630	citri	
9-5	1631-1637	odorem	
9-6	1638-1643	acido	
9-7	1643-1644	.	
9-8	1644-1645	.	
9-9	1646-1650	muci	
9-10	1650-1651	:	
9-11	1652-1661	laginofum	
9-12	1662-1667	fimul	
9-13	1668-1670	et	
9-14	1671-1679	olfacere	
9-15	1680-1682	et	
9-16	1683-1692	degastare	
9-17	1693-1699	potest	
9-18	1699-1700	?	

#Text=Idem difcrimen faepius in fpiritu tartari deprehendi, fcilicet acido - empyreumati.
#Text=cum oleofum odorem et saporem.
10-1	1701-1705	Idem	
10-2	1706-1715	difcrimen	
10-3	1716-1723	faepius	
10-4	1724-1726	in	
10-5	1727-1734	fpiritu	
10-6	1735-1742	tartari	
10-7	1743-1753	deprehendi	
10-8	1753-1754	,	
10-9	1755-1763	fcilicet	
10-10	1764-1769	acido	
10-11	1770-1771	-	
10-12	1772-1783	empyreumati	
10-13	1783-1784	.	
10-14	1785-1788	cum	
10-15	1789-1796	oleofum	
10-16	1797-1803	odorem	
10-17	1804-1806	et	
10-18	1807-1814	saporem	
10-19	1814-1815	.	

#Text=Alia vero quoque
#Text=
#Text=in promtu funt.
11-1	1816-1820	Alia	
11-2	1821-1825	vero	
11-3	1826-1832	quoque	
11-4	1834-1836	in	
11-5	1837-1843	promtu	
11-6	1844-1848	funt	
11-7	1848-1849	.	

#Text=Abfinthii amaritiem quilibet et gustu et odorata percipere poteft.
12-1	1850-1859	Abfinthii	
12-2	1860-1869	amaritiem	
12-3	1870-1878	quilibet	
12-4	1879-1881	et	
12-5	1882-1887	gustu	
12-6	1888-1890	et	
12-7	1891-1898	odorata	
12-8	1899-1908	percipere	
12-9	1909-1915	poteft	
12-10	1915-1916	.	

#Text=Idem in carduo benedicto aliisque amaris, quae amaritiem volatilem habent contingit e. g. in trifolio fibrino, fumaria.
13-1	1917-1921	Idem	
13-2	1922-1924	in	
13-3	1925-1931	carduo	
13-4	1932-1941	benedicto	
13-5	1942-1950	aliisque	
13-6	1951-1957	amaris	
13-7	1957-1958	,	
13-8	1959-1963	quae	
13-9	1964-1973	amaritiem	
13-10	1974-1983	volatilem	
13-11	1984-1990	habent	
13-12	1991-2000	contingit	
13-13	2001-2002	e	
13-14	2002-2003	.	
13-15	2004-2005	g	
13-16	2005-2006	.	
13-17	2007-2009	in	
13-18	2010-2018	trifolio	
13-19	2019-2026	fibrino	
13-20	2026-2027	,	
13-21	2028-2035	fumaria	
13-22	2035-2036	.	

#Text=Sed quae multum terrae figentis habent e. g. gentianae rad.
#Text=marrubium, hanc ipfam, fi volatilis redditur in odore oftendunt.
14-1	2037-2040	Sed	
14-2	2041-2045	quae	
14-3	2046-2052	multum	
14-4	2053-2059	terrae	
14-5	2060-2068	figentis	
14-6	2069-2075	habent	
14-7	2076-2077	e	
14-8	2077-2078	.	
14-9	2079-2080	g	
14-10	2080-2081	.	
14-11	2082-2091	gentianae	
14-12	2092-2095	rad	
14-13	2095-2096	.	
14-14	2097-2106	marrubium	
14-15	2106-2107	,	
14-16	2108-2112	hanc	
14-17	2113-2118	ipfam	
14-18	2118-2119	,	
14-19	2120-2122	fi	
14-20	2123-2132	volatilis	
14-21	2133-2141	redditur	
14-22	2142-2144	in	
14-23	2145-2150	odore	
14-24	2151-2160	oftendunt	
14-25	2160-2161	.	

#Text=Marrubium recens, si contunditur aut coquitur, non amaritiem tenuem et acrem, fed obtufam et figentem, quae cum grauitate quadam et aromate coniuncta eft, oftendit.
15-1	2162-2171	Marrubium	
15-2	2172-2178	recens	
15-3	2178-2179	,	
15-4	2180-2182	si	
15-5	2183-2194	contunditur	
15-6	2195-2198	aut	
15-7	2199-2207	coquitur	
15-8	2207-2208	,	
15-9	2209-2212	non	
15-10	2213-2222	amaritiem	
15-11	2223-2229	tenuem	
15-12	2230-2232	et	
15-13	2233-2238	acrem	
15-14	2238-2239	,	
15-15	2240-2243	fed	
15-16	2244-2251	obtufam	
15-17	2252-2254	et	
15-18	2255-2263	figentem	
15-19	2263-2264	,	
15-20	2265-2269	quae	
15-21	2270-2273	cum	
15-22	2274-2283	grauitate	
15-23	2284-2290	quadam	
15-24	2291-2293	et	
15-25	2294-2301	aromate	
15-26	2302-2311	coniuncta	
15-27	2312-2315	eft	
15-28	2315-2316	,	
15-29	2317-2325	oftendit	
15-30	2325-2326	.	

#Text=Idem in alliaceis .contingit et nasturcinis, quae vti ammoniacalem faporem ita odorem habent.
16-1	2327-2331	Idem	
16-2	2332-2334	in	
16-3	2335-2344	alliaceis	
16-4	2345-2346	.	
16-5	2346-2355	contingit	
16-6	2356-2358	et	
16-7	2359-2370	nasturcinis	
16-8	2370-2371	,	
16-9	2372-2376	quae	
16-10	2377-2380	vti	
16-11	2381-2393	ammoniacalem	
16-12	2394-2401	faporem	
16-13	2402-2405	ita	
16-14	2406-2412	odorem	
16-15	2413-2419	habent	
16-16	2419-2420	.	
