#FORMAT=WebAnno TSV 3.3
#T_SP=custom.Span|label


#Text=Die in die Elemente führenden Eintrittsöffnungen ſind aber, wie es bei d
#Text=und e ſichtbar iſt, nach unten gebogen, und zwar ſo tief, daß die aus-
#Text=tretenden Dämpfe die den Boden eines jeden Elementes bedeckende
#Text=Maiſche
#Text=durchſtrömen müſſen.
1-1	2-5	Die	_	
1-2	6-8	in	_	
1-3	9-12	die	_	
1-4	13-21	Elemente	_	
1-5	22-31	führenden	_	
1-6	32-50	Eintrittsöffnungen	_	
1-7	51-55	ſind	_	
1-8	56-60	aber	_	
1-9	60-61	,	_	
1-10	62-65	wie	_	
1-11	66-68	es	_	
1-12	69-72	bei	_	
1-13	73-74	d	_	
1-14	75-78	und	_	
1-15	79-80	e	_	
1-16	81-89	ſichtbar	_	
1-17	90-93	iſt	_	
1-18	93-94	,	_	
1-19	95-99	nach	_	
1-20	100-105	unten	_	
1-21	106-113	gebogen	_	
1-22	113-114	,	_	
1-23	115-118	und	_	
1-24	119-123	zwar	_	
1-25	124-126	ſo	_	
1-26	127-131	tief	_	
1-27	131-132	,	_	
1-28	133-136	daß	_	
1-29	137-140	die	_	
1-30	141-144	aus	_	
1-31	144-145	-	_	
1-32	146-155	tretenden	_	
1-33	156-162	Dämpfe	_	
1-34	163-166	die	_	
1-35	167-170	den	_	
1-36	171-176	Boden	_	
1-37	177-182	eines	_	
1-38	183-188	jeden	_	
1-39	189-198	Elementes	_	
1-40	199-209	bedeckende	_	
1-41	210-217	Maiſche	_	
1-42	218-230	durchſtrömen	_	
1-43	231-237	müſſen	_	
1-44	237-238	.	_	

#Text=Auf dieſe Weiſe werden die Dämpfe nach oben zu
#Text=immer alkoholreicher, da ſie immer mehr Maiſche durchſtrömt haben
#Text=und ihr Waſſer in den nach oben zu kälter werdenden Elementen immer
#Text=mehr kondenſiert wird, während die Maiſche nach unten zu immer
#Text=alkoholärmer und waſſerreicher wird.
2-1	239-242	Auf	_	
2-2	243-248	dieſe	_	
2-3	249-254	Weiſe	_	
2-4	255-261	werden	_	
2-5	262-265	die	_	
2-6	266-272	Dämpfe	_	
2-7	273-277	nach	_	
2-8	278-282	oben	_	
2-9	283-285	zu	_	
2-10	286-291	immer	_	
2-11	292-306	alkoholreicher	_	
2-12	306-307	,	_	
2-13	308-310	da	_	
2-14	311-314	ſie	_	
2-15	315-320	immer	_	
2-16	321-325	mehr	_	
2-17	326-333	Maiſche	_	
2-18	334-345	durchſtrömt	_	
2-19	346-351	haben	_	
2-20	352-355	und	_	
2-21	356-359	ihr	_	
2-22	360-366	Waſſer	_	
2-23	367-369	in	_	
2-24	370-373	den	_	
2-25	374-378	nach	_	
2-26	379-383	oben	_	
2-27	384-386	zu	_	
2-28	387-393	kälter	_	
2-29	394-403	werdenden	_	
2-30	404-413	Elementen	_	
2-31	414-419	immer	_	
2-32	420-424	mehr	_	
2-33	425-436	kondenſiert	_	
2-34	437-441	wird	_	
2-35	441-442	,	_	
2-36	443-450	während	_	
2-37	451-454	die	_	
2-38	455-462	Maiſche	_	
2-39	463-467	nach	_	
2-40	468-473	unten	_	
2-41	474-476	zu	_	
2-42	477-482	immer	_	
2-43	483-495	alkoholärmer	_	
2-44	496-499	und	_	
2-45	500-513	waſſerreicher	_	
2-46	514-518	wird	_	
2-47	518-519	.	_	

#Text=Dieſe Kolonnenapparate werden
#Text=auch — für kontinuierlichen Betrieb eingerichtet — zur Rektifikation
#Text=
#Text=von Spiritus verwendet.
3-1	520-525	Dieſe	_	
3-2	526-542	Kolonnenapparate	_	
3-3	543-549	werden	_	
3-4	550-554	auch	_	
3-5	555-556	—	_	
3-6	557-560	für	_	
3-7	561-577	kontinuierlichen	_	
3-8	578-585	Betrieb	_	
3-9	586-598	eingerichtet	_	
3-10	599-600	—	_	
3-11	601-604	zur	_	
3-12	605-618	Rektifikation	_	
3-13	620-623	von	_	
3-14	624-632	Spiritus	_	
3-15	633-642	verwendet	_	
3-16	642-643	.	_	

#Text=Vorher war bereits erwähnt, welche verbeſſernde Wirkung oxy-
#Text=dierende Chemikalien auf das Fuſelöl haben.
4-1	646-652	Vorher	_	
4-2	653-656	war	_	
4-3	657-664	bereits	_	
4-4	665-672	erwähnt	_	
4-5	672-673	,	_	
4-6	674-680	welche	_	
4-7	681-693	verbeſſernde	_	
4-8	694-701	Wirkung	_	
4-9	702-705	oxy	_	
4-10	705-706	-	_	
4-11	707-715	dierende	_	
4-12	716-727	Chemikalien	_	
4-13	728-731	auf	_	
4-14	732-735	das	_	
4-15	736-743	Fuſelöl	_	
4-16	744-749	haben	_	
4-17	749-750	.	_	

#Text=Aber auch nach Entfer-
#Text=nung des Fuſelöls bleiben noch andere Nebenprodukte der Gährung
#Text=
#Text=\f
#Text=[509/0527
#Text=]
#Text=
#Text=Die Branntweinbrennerei.
5-1	751-755	Aber	_	
5-2	756-760	auch	_	
5-3	761-765	nach	_	
5-4	766-772	Entfer	_	
5-5	772-773	-	_	
5-6	774-778	nung	_	
5-7	779-782	des	_	
5-8	783-791	Fuſelöls	_	
5-9	792-799	bleiben	_	
5-10	800-804	noch	_	
5-11	805-811	andere	_	
5-12	812-825	Nebenprodukte	_	
5-13	826-829	der	_	
5-14	830-837	Gährung	_	
5-15	841-842	[	_	
5-16	842-845	509	_	
5-17	845-846	/	_	
5-18	846-850	0527	_	
5-19	851-852	]	_	
5-20	854-857	Die	_	
5-21	858-877	Branntweinbrennerei	_	
5-22	877-878	.	_	

#Text=wie Äther, Aldehyde ꝛc.
#Text=, die ohne Zuhilfenahme von Chemikalien —
#Text=welche aber leicht ein geſchmack- und geruchloſes Fabrikat zu erzielen
#Text=verhindern — ſchwer zu entfernen ſind.
6-1	882-885	wie	_	
6-2	886-891	Äther	_	
6-3	891-892	,	_	
6-4	893-901	Aldehyde	_	
6-5	902-904	ꝛc	_	
6-6	904-905	.	_	
6-7	906-907	,	_	
6-8	908-911	die	_	
6-9	912-916	ohne	_	
6-10	917-929	Zuhilfenahme	_	
6-11	930-933	von	_	
6-12	934-945	Chemikalien	_	
6-13	946-947	—	_	
6-14	948-954	welche	_	
6-15	955-959	aber	_	
6-16	960-966	leicht	_	
6-17	967-970	ein	_	
6-18	971-980	geſchmack	_	
6-19	980-981	-	_	
6-20	982-985	und	_	
6-21	986-997	geruchloſes	Smell\_Word[1]|Quality[2]	
6-22	998-1006	Fabrikat	Smell\_Source	
6-23	1007-1009	zu	_	
6-24	1010-1018	erzielen	_	
6-25	1019-1029	verhindern	_	
6-26	1030-1031	—	_	
6-27	1032-1038	ſchwer	_	
6-28	1039-1041	zu	_	
6-29	1042-1051	entfernen	_	
6-30	1052-1056	ſind	_	
6-31	1056-1057	.	_	

#Text=R.
7-1	1058-1059	R	_	
7-2	1059-1060	.	_	

#Text=Eiſenmann iſt ein Verfahren
#Text=
#Text=patentiert worden, nach welchem eine große Menge Ozon in ſehr ſtarkem
#Text=Luftſtrom erzeugt wird.
8-1	1061-1070	Eiſenmann	_	
8-2	1071-1074	iſt	_	
8-3	1075-1078	ein	_	
8-4	1079-1088	Verfahren	_	
8-5	1090-1100	patentiert	_	
8-6	1101-1107	worden	_	
8-7	1107-1108	,	_	
8-8	1109-1113	nach	_	
8-9	1114-1121	welchem	_	
8-10	1122-1126	eine	_	
8-11	1127-1132	große	_	
8-12	1133-1138	Menge	_	
8-13	1139-1143	Ozon	_	
8-14	1144-1146	in	_	
8-15	1147-1151	ſehr	_	
8-16	1152-1159	ſtarkem	_	
8-17	1160-1169	Luftſtrom	_	
8-18	1170-1177	erzeugt	_	
8-19	1178-1182	wird	_	
8-20	1182-1183	.	_	

#Text=Das Ozon verbrennt dabei alle genannten Ver-
#Text=unreinigungen des Spiritus, und die luftförmigen Verbrennungsprodukte
#Text=werden von dem ſtarken Luft-
#Text=ſtrom vollſtändig heraus-
#Text=geblaſen.
9-1	1184-1187	Das	_	
9-2	1188-1192	Ozon	_	
9-3	1193-1202	verbrennt	_	
9-4	1203-1208	dabei	_	
9-5	1209-1213	alle	_	
9-6	1214-1223	genannten	_	
9-7	1224-1227	Ver	_	
9-8	1227-1228	-	_	
9-9	1229-1242	unreinigungen	_	
9-10	1243-1246	des	_	
9-11	1247-1255	Spiritus	_	
9-12	1255-1256	,	_	
9-13	1257-1260	und	_	
9-14	1261-1264	die	_	
9-15	1265-1277	luftförmigen	_	
9-16	1278-1298	Verbrennungsprodukte	_	
9-17	1299-1305	werden	_	
9-18	1306-1309	von	_	
9-19	1310-1313	dem	_	
9-20	1314-1321	ſtarken	_	
9-21	1322-1326	Luft	_	
9-22	1326-1327	-	_	
9-23	1328-1333	ſtrom	_	
9-24	1334-1345	vollſtändig	_	
9-25	1346-1352	heraus	_	
9-26	1352-1353	-	_	
9-27	1354-1362	geblaſen	_	
9-28	1362-1363	.	_	

#Text=Fig.
#Text=297 zeigt die
#Text=Kombination des Ozoni-
#Text=ſations-Apparates von Eiſen-
#Text=mann, mit dem Savalleſchen
#Text=Deſtillations-Apparat.
10-1	1364-1367	Fig	_	
10-2	1367-1368	.	_	
10-3	1369-1372	297	_	
10-4	1373-1378	zeigt	_	
10-5	1379-1382	die	_	
10-6	1383-1394	Kombination	_	
10-7	1395-1398	des	_	
10-8	1399-1404	Ozoni	_	
10-9	1404-1405	-	_	
10-10	1406-1423	ſations-Apparates	_	
10-11	1424-1427	von	_	
10-12	1428-1433	Eiſen	_	
10-13	1433-1434	-	_	
10-14	1435-1439	mann	_	
10-15	1439-1440	,	_	
10-16	1441-1444	mit	_	
10-17	1445-1448	dem	_	
10-18	1449-1461	Savalleſchen	_	
10-19	1462-1483	Deſtillations-Apparat	_	
10-20	1483-1484	.	_	

#Text=A iſt
#Text=die Blaſe, B die Kolonne,
#Text=C der Dephlegmator, D der
#Text=Kühler, E der Regulator,
#Text=F der Spiritusabfluß des
#Text=Savalleſchen Deſtillations-
#Text=Apparates.
11-1	1485-1486	A	_	
11-2	1487-1490	iſt	_	
11-3	1491-1494	die	_	
11-4	1495-1500	Blaſe	_	
11-5	1500-1501	,	_	
11-6	1502-1503	B	_	
11-7	1504-1507	die	_	
11-8	1508-1515	Kolonne	_	
11-9	1515-1516	,	_	
11-10	1517-1518	C	_	
11-11	1519-1522	der	_	
11-12	1523-1535	Dephlegmator	_	
11-13	1535-1536	,	_	
11-14	1537-1538	D	_	
11-15	1539-1542	der	_	
11-16	1543-1549	Kühler	_	
11-17	1549-1550	,	_	
11-18	1551-1552	E	_	
11-19	1553-1556	der	_	
11-20	1557-1566	Regulator	_	
11-21	1566-1567	,	_	
11-22	1568-1569	F	_	
11-23	1570-1573	der	_	
11-24	1574-1588	Spiritusabfluß	_	
11-25	1589-1592	des	_	
11-26	1593-1605	Savalleſchen	_	
11-27	1606-1619	Deſtillations	_	
11-28	1619-1620	-	_	
11-29	1621-1630	Apparates	_	
11-30	1630-1631	.	_	

#Text=G iſt das Re-
#Text=ſervoir, in welchem die Ge-
#Text=winnung des Sprits vor-
#Text=genommen wird, und mit G
#Text=in Verbindung ſind H der
#Text=Dephlegmator, I der Kühler
#Text=und K der Spiritusabfluß
12-1	1632-1633	G	_	
12-2	1634-1637	iſt	_	
12-3	1638-1641	das	_	
12-4	1642-1644	Re	_	
12-5	1644-1645	-	_	
12-6	1646-1653	ſervoir	_	
12-7	1653-1654	,	_	
12-8	1655-1657	in	_	
12-9	1658-1665	welchem	_	
12-10	1666-1669	die	_	
12-11	1670-1672	Ge	_	
12-12	1672-1673	-	_	
12-13	1674-1681	winnung	_	
12-14	1682-1685	des	_	
12-15	1686-1692	Sprits	_	
12-16	1693-1696	vor	_	
12-17	1696-1697	-	_	
12-18	1698-1706	genommen	_	
12-19	1707-1711	wird	_	
12-20	1711-1712	,	_	
12-21	1713-1716	und	_	
12-22	1717-1720	mit	_	
12-23	1721-1722	G	_	
12-24	1723-1725	in	_	
12-25	1726-1736	Verbindung	_	
12-26	1737-1741	ſind	_	
12-27	1742-1743	H	_	
12-28	1744-1747	der	_	
12-29	1748-1760	Dephlegmator	_	
12-30	1760-1761	,	_	
12-31	1762-1763	I	_	
12-32	1764-1767	der	_	
12-33	1768-1774	Kühler	_	
12-34	1775-1778	und	_	
12-35	1779-1780	K	_	
12-36	1781-1784	der	_	
12-37	1785-1799	Spiritusabfluß	_	

#Text=.
13-1	1799-1800	.	_	

#Text=[
14-1	1804-1805	[	_	
