#FORMAT=WebAnno TSV 3.3


#Text=Euwdica verò apud illos etfi non rarò fragrantiam , faepe tamen, aut folum bonum odorem, aut odoris intentionem & vehementiam designat Theophrastus id iplum de
#Text=
#Text=clarat lib. 1. de Hist.
1-1	2-9	Euwdica	
1-2	10-14	verò	
1-3	15-19	apud	
1-4	20-25	illos	
1-5	26-30	etfi	
1-6	31-34	non	
1-7	35-39	rarò	
1-8	40-51	fragrantiam	
1-9	52-53	,	
1-10	54-59	faepe	
1-11	60-65	tamen	
1-12	65-66	,	
1-13	67-70	aut	
1-14	71-76	folum	
1-15	77-82	bonum	
1-16	83-89	odorem	
1-17	89-90	,	
1-18	91-94	aut	
1-19	95-101	odoris	
1-20	102-113	intentionem	
1-21	114-115	&	
1-22	116-127	vehementiam	
1-23	128-136	designat	
1-24	137-149	Theophrastus	
1-25	150-152	id	
1-26	153-158	iplum	
1-27	159-161	de	
1-28	163-169	clarat	
1-29	170-173	lib	
1-30	173-174	.	
1-31	175-176	1	
1-32	176-177	.	
1-33	178-180	de	
1-34	181-185	Hist	
1-35	185-186	.	

#Text=Plant, Thcophra- cap.
#Text=xix.
#Text=vbi loquens des Ito lux da- fuccorum odorunique dif
#Text=
#Text=ferentia , ait Apium & Ane thum suwelias praestare;
#Text=
#Text=quae
#Text=
#Text=
#Text=
#Text=ta.
#Text=quae non fragrantiam auc
#Text=
#Text=Theophra.
#Text=fuaueolentiam significat, vt ftus male in malè interpraetes arbitran-terpretatus : cur; sed solum odorem (bonum)aut acutiem vehenien tiamque odoris.
2-1	187-192	Plant	
2-2	192-193	,	
2-3	194-202	Thcophra	
2-4	202-203	-	
2-5	204-207	cap	
2-6	207-208	.	
2-7	209-212	xix	
2-8	212-213	.	
2-9	214-217	vbi	
2-10	218-225	loquens	
2-11	226-229	des	
2-12	230-233	Ito	
2-13	234-237	lux	
2-14	238-240	da	
2-15	240-241	-	
2-16	242-250	fuccorum	
2-17	251-261	odorunique	
2-18	262-265	dif	
2-19	267-275	ferentia	
2-20	276-277	,	
2-21	278-281	ait	
2-22	282-287	Apium	
2-23	288-289	&	
2-24	290-293	Ane	
2-25	294-298	thum	
2-26	299-307	suwelias	
2-27	308-317	praestare	
2-28	317-318	;	
2-29	320-324	quae	
2-30	328-330	ta	
2-31	330-331	.	
2-32	332-336	quae	
2-33	337-340	non	
2-34	341-352	fragrantiam	
2-35	353-356	auc	
2-36	358-366	Theophra	
2-37	366-367	.	
2-38	368-381	fuaueolentiam	
2-39	382-392	significat	
2-40	392-393	,	
2-41	394-396	vt	
2-42	397-401	ftus	
2-43	402-406	male	
2-44	407-409	in	
2-45	410-414	malè	
2-46	415-427	interpraetes	
2-47	428-448	arbitran-terpretatus	
2-48	449-450	:	
2-49	451-454	cur	
2-50	454-455	;	
2-51	456-459	sed	
2-52	460-465	solum	
2-53	466-472	odorem	
2-54	473-474	(	
2-55	474-479	bonum	
2-56	479-480	)	
2-57	480-483	aut	
2-58	484-491	acutiem	
2-59	492-500	vehenien	
2-60	501-508	tiamque	
2-61	509-515	odoris	
2-62	515-516	.	

#Text=Quorus enim quisque est, cui in mentem venire possit , vereres co praedicos fuisse odoratu, yr apio & anetro, tanquam fragranti suauique odoramento oblectarentur?
3-1	517-523	Quorus	
3-2	524-528	enim	
3-3	529-536	quisque	
3-4	537-540	est	
3-5	540-541	,	
3-6	542-545	cui	
3-7	546-548	in	
3-8	549-555	mentem	
3-9	556-562	venire	
3-10	563-569	possit	
3-11	570-571	,	
3-12	572-579	vereres	
3-13	580-582	co	
3-14	583-592	praedicos	
3-15	593-599	fuisse	
3-16	600-607	odoratu	
3-17	607-608	,	
3-18	609-611	yr	
3-19	612-616	apio	
3-20	617-618	&	
3-21	619-625	anetro	
3-22	625-626	,	
3-23	627-634	tanquam	
3-24	635-644	fragranti	
3-25	645-653	suauique	
3-26	654-664	odoramento	
3-27	665-678	oblectarentur	
3-28	678-679	?	

#Text=An Theophrastum & Diofcoridem obefae omnino & mucosae naris fuifle, cenfendum est ?
4-1	680-682	An	
4-2	683-695	Theophrastum	
4-3	696-697	&	
4-4	698-709	Diofcoridem	
4-5	710-716	obefae	
4-6	717-723	omnino	
4-7	724-725	&	
4-8	726-733	mucosae	
4-9	734-739	naris	
4-10	740-746	fuifle	
4-11	746-747	,	
4-12	748-757	cenfendum	
4-13	758-761	est	
4-14	762-763	?	

#Text=Itaque longè aptiùs , & auctoris fenten ciae accomodatiùs ea ver- Apriùs lati ba superiùs fcripta, Alapé
#Text=
#Text=
#Text=
#Text=ne factus;
#Text=
#Text=
#Text=
#Text=
#Text=
#Text=tur •
#Text=
#Text=
#Text=
#Text=gooi di red Tejs évodías olor de ca 08 , xét gidos, vertuntur ab eodem interprete, Odores praeterea distant ( succi) vt.
#Text=anethi, cedrulae, Odore, non fra
#Text=
#Text=grantia.
5-1	764-770	Itaque	
5-2	771-776	longè	
5-3	777-783	aptiùs	
5-4	784-785	,	
5-5	786-787	&	
5-6	788-796	auctoris	
5-7	797-803	fenten	
5-8	804-808	ciae	
5-9	809-821	accomodatiùs	
5-10	822-824	ea	
5-11	825-828	ver	
5-12	828-829	-	
5-13	830-836	Apriùs	
5-14	837-841	lati	
5-15	842-844	ba	
5-16	845-853	superiùs	
5-17	854-861	fcripta	
5-18	861-862	,	
5-19	863-868	Alapé	
5-20	872-874	ne	
5-21	875-881	factus	
5-22	881-882	;	
5-23	888-891	tur	
5-24	892-893	•	
5-25	897-901	gooi	
5-26	902-904	di	
5-27	905-908	red	
5-28	909-913	Tejs	
5-29	914-921	évodías	
5-30	922-926	olor	
5-31	927-929	de	
5-32	930-932	ca	
5-33	933-935	08	
5-34	936-937	,	
5-35	938-941	xét	
5-36	942-947	gidos	
5-37	947-948	,	
5-38	949-958	vertuntur	
5-39	959-961	ab	
5-40	962-967	eodem	
5-41	968-978	interprete	
5-42	978-979	,	
5-43	980-986	Odores	
5-44	987-996	praeterea	
5-45	997-1004	distant	
5-46	1005-1006	(	
5-47	1007-1012	succi	
5-48	1012-1013	)	
5-49	1014-1016	vt	
5-50	1016-1017	.	
5-51	1018-1024	anethi	
5-52	1024-1025	,	
5-53	1026-1034	cedrulae	
5-54	1034-1035	,	
5-55	1036-1041	Odore	
5-56	1041-1042	,	
5-57	1043-1046	non	
5-58	1047-1050	fra	
5-59	1052-1059	grantia	
5-60	1059-1060	.	

#Text=Haec ideo meum Vulgus ho lectorem monui, yt ne yul.
#Text=prehendi go hominum affentiatur,
#Text=
#Text=qui existimant, apud veteres fuauia & fragrantia vel ea habita fuisse, quae nobis acutè folum vehementiusque oleant , Sapientissimi enim antiquorum Aristoteles, Theophrastus, Diofcorides , emunctissimaeque naris homines probè norunt, Quid distent aera lupin nis: quaeque Obokant allium ,
#Text=
#Text=bas
#Text=
#Text=
#Text=
#Text=
#Text=
#Text=tum Roma num.
#Text=baram , fuem , capram commixă.
6-1	1061-1065	Haec	
6-2	1066-1070	ideo	
6-3	1071-1075	meum	
6-4	1076-1082	Vulgus	
6-5	1083-1085	ho	
6-6	1086-1094	lectorem	
6-7	1095-1100	monui	
6-8	1100-1101	,	
6-9	1102-1104	yt	
6-10	1105-1107	ne	
6-11	1108-1111	yul	
6-12	1111-1112	.	
6-13	1113-1121	prehendi	
6-14	1122-1124	go	
6-15	1125-1132	hominum	
6-16	1133-1144	affentiatur	
6-17	1144-1145	,	
6-18	1147-1150	qui	
6-19	1151-1161	existimant	
6-20	1161-1162	,	
6-21	1163-1167	apud	
6-22	1168-1175	veteres	
6-23	1176-1182	fuauia	
6-24	1183-1184	&	
6-25	1185-1195	fragrantia	
6-26	1196-1199	vel	
6-27	1200-1202	ea	
6-28	1203-1209	habita	
6-29	1210-1216	fuisse	
6-30	1216-1217	,	
6-31	1218-1222	quae	
6-32	1223-1228	nobis	
6-33	1229-1234	acutè	
6-34	1235-1240	folum	
6-35	1241-1255	vehementiusque	
6-36	1256-1262	oleant	
6-37	1263-1264	,	
6-38	1265-1278	Sapientissimi	
6-39	1279-1283	enim	
6-40	1284-1294	antiquorum	
6-41	1295-1306	Aristoteles	
6-42	1306-1307	,	
6-43	1308-1320	Theophrastus	
6-44	1320-1321	,	
6-45	1322-1333	Diofcorides	
6-46	1334-1335	,	
6-47	1336-1352	emunctissimaeque	
6-48	1353-1358	naris	
6-49	1359-1366	homines	
6-50	1367-1372	probè	
6-51	1373-1379	norunt	
6-52	1379-1380	,	
6-53	1381-1385	Quid	
6-54	1386-1393	distent	
6-55	1394-1398	aera	
6-56	1399-1404	lupin	
6-57	1405-1408	nis	
6-58	1408-1409	:	
6-59	1410-1417	quaeque	
6-60	1418-1425	Obokant	
6-61	1426-1432	allium	
6-62	1433-1434	,	
6-63	1436-1439	bas	
6-64	1445-1448	tum	
6-65	1449-1453	Roma	
6-66	1454-1457	num	
6-67	1457-1458	.	
6-68	1459-1464	baram	
6-69	1465-1466	,	
6-70	1467-1471	fuem	
6-71	1472-1473	,	
6-72	1474-1480	capram	
6-73	1481-1488	commixă	
6-74	1488-1489	.	

#Text=Demum notare oportet,
#Text=
#Text=0.
7-1	1490-1495	Demum	
7-2	1496-1502	notare	
7-3	1503-1510	oportet	
7-4	1510-1511	,	
7-5	1513-1514	0	
7-6	1514-1515	.	

#Text=Sextò ania
#Text=
#Text=niaduerten doramentorum eam efle dum .
#Text=conditionem, vt a simplicium dosi, atque etiam ab alio interdum minùs odorato vim accipiant ac fuauitatem.
8-1	1516-1521	Sextò	
8-2	1522-1526	ania	
8-3	1528-1538	niaduerten	
8-4	1539-1551	doramentorum	
8-5	1552-1555	eam	
8-6	1556-1560	efle	
8-7	1561-1564	dum	
8-8	1565-1566	.	
8-9	1567-1578	conditionem	
8-10	1578-1579	,	
8-11	1580-1582	vt	
8-12	1583-1584	a	
8-13	1585-1595	simplicium	
8-14	1596-1600	dosi	
8-15	1600-1601	,	
8-16	1602-1607	atque	
8-17	1608-1613	etiam	
8-18	1614-1616	ab	
8-19	1617-1621	alio	
8-20	1622-1630	interdum	
8-21	1631-1636	minùs	
8-22	1637-1644	odorato	
8-23	1645-1648	vim	
8-24	1649-1658	accipiant	
8-25	1659-1661	ac	
8-26	1662-1672	fuauitatem	
8-27	1672-1673	.	

#Text=Sic odoramentum, Odoranien Romanum vulgo appellatum , a quadam herbula, ex fe minimè olente, in arcanis tamen a peritiffimo vnguentario habita , fuauitatem mutuatur non mediocrem.
9-1	1674-1677	Sic	
9-2	1678-1689	odoramentum	
9-3	1689-1690	,	
9-4	1691-1700	Odoranien	
9-5	1701-1708	Romanum	
9-6	1709-1714	vulgo	
9-7	1715-1725	appellatum	
9-8	1726-1727	,	
9-9	1728-1729	a	
9-10	1730-1736	quadam	
9-11	1737-1744	herbula	
9-12	1744-1745	,	
9-13	1746-1748	ex	
9-14	1749-1751	fe	
9-15	1752-1758	minimè	
9-16	1759-1765	olente	
9-17	1765-1766	,	
9-18	1767-1769	in	
9-19	1770-1777	arcanis	
9-20	1778-1783	tamen	
9-21	1784-1785	a	
9-22	1786-1797	peritiffimo	
9-23	1798-1809	vnguentario	
9-24	1810-1816	habita	
9-25	1817-1818	,	
9-26	1819-1829	fuauitatem	
9-27	1830-1838	mutuatur	
9-28	1839-1842	non	
9-29	1843-1852	mediocrem	
9-30	1852-1853	.	

#Text=Haec, Lector, si diligenter animaduertas, tibi , vt aliquibus , mirum non videbitur,fi aliqua antiquorum vnguenta luauif
#Text=
#Text=
#Text=
#Text=
#Text=
#Text=rum vnguen
#Text=
#Text=
#Text=
#Text=fimum non fpirauerint o: dorem : fi alia nonnulla galbanum, terebinthum , melilotum, foenum graecumu, & alia huiusmodi non respuant, quae aur nihil aut
#Text=
#Text=non bene oleant.
10-1	1854-1858	Haec	
10-2	1858-1859	,	
10-3	1860-1866	Lector	
10-4	1866-1867	,	
10-5	1868-1870	si	
10-6	1871-1881	diligenter	
10-7	1882-1894	animaduertas	
10-8	1894-1895	,	
10-9	1896-1900	tibi	
10-10	1901-1902	,	
10-11	1903-1905	vt	
10-12	1906-1915	aliquibus	
10-13	1916-1917	,	
10-14	1918-1923	mirum	
10-15	1924-1927	non	
10-16	1928-1937	videbitur	
10-17	1937-1938	,	
10-18	1938-1940	fi	
10-19	1941-1947	aliqua	
10-20	1948-1958	antiquorum	
10-21	1959-1967	vnguenta	
10-22	1968-1974	luauif	
10-23	1980-1983	rum	
10-24	1984-1990	vnguen	
10-25	1994-1999	fimum	
10-26	2000-2003	non	
10-27	2004-2015	fpirauerint	
10-28	2016-2017	o	
10-29	2017-2018	:	
10-30	2019-2024	dorem	
10-31	2025-2026	:	
10-32	2027-2029	fi	
10-33	2030-2034	alia	
10-34	2035-2043	nonnulla	
10-35	2044-2052	galbanum	
10-36	2052-2053	,	
10-37	2054-2065	terebinthum	
10-38	2066-2067	,	
10-39	2068-2077	melilotum	
10-40	2077-2078	,	
10-41	2079-2085	foenum	
10-42	2086-2094	graecumu	
10-43	2094-2095	,	
10-44	2096-2097	&	
10-45	2098-2102	alia	
10-46	2103-2112	huiusmodi	
10-47	2113-2116	non	
10-48	2117-2125	respuant	
10-49	2125-2126	,	
10-50	2127-2131	quae	
10-51	2132-2135	aur	
10-52	2136-2141	nihil	
10-53	2142-2145	aut	
10-54	2147-2150	non	
10-55	2151-2155	bene	
10-56	2156-2162	oleant	
10-57	2162-2163	.	

#Text=Antiquo.
11-1	2164-2171	Antiquo	
11-2	2171-2172	.	

#Text=Iam ea odoramenta, torum fua.
#Text=quae ex suauissimis condi.
12-1	2173-2176	Iam	
12-2	2177-2179	ea	
12-3	2180-2190	odoramenta	
12-4	2190-2191	,	
12-5	2192-2197	torum	
12-6	2198-2201	fua	
12-7	2201-2202	.	
12-8	2203-2207	quae	
12-9	2208-2210	ex	
12-10	2211-2222	suauissimis	
12-11	2223-2228	condi	
12-12	2228-2229	.	
