#FORMAT=WebAnno TSV 3.3


#Text=da es unter andern heißt:
#Text=Und
#Text=die gantze Stadt war voll Getuͤmmels,
#Text=und ſtuͤrmeten einmuͤthiglich zu dem
#Text=Schau-Platz ꝛc.
1-1	0-2	da	
1-2	3-5	es	
1-3	6-11	unter	
1-4	12-18	andern	
1-5	19-24	heißt	
1-6	24-25	:	
1-7	26-29	Und	
1-8	30-33	die	
1-9	34-40	gantze	
1-10	41-46	Stadt	
1-11	47-50	war	
1-12	51-55	voll	
1-13	56-66	Getuͤmmels	
1-14	66-67	,	
1-15	68-71	und	
1-16	72-82	ſtuͤrmeten	
1-17	83-97	einmuͤthiglich	
1-18	98-100	zu	
1-19	101-104	dem	
1-20	105-116	Schau-Platz	
1-21	117-119	ꝛc	
1-22	119-120	.	

#Text=Siehe auch 2 Cor.
#Text=1, 8. ſqq.
#Text=
#Text=
#Text=5.
2-1	121-126	Siehe	
2-2	127-131	auch	
2-3	132-133	2	
2-4	134-137	Cor	
2-5	137-138	.	
2-6	139-140	1	
2-7	140-141	,	
2-8	142-143	8	
2-9	143-144	.	
2-10	145-148	ſqq	
2-11	148-149	.	
2-12	152-153	5	
2-13	153-154	.	

#Text=Es iſt das aber gar keine Contradiction,
#Text=eine ſo groſſe und eine ſo geſegnete Thuͤre geoͤf-
#Text=net ſehen, und doch der Widerwaͤrtigen ſo vie-
#Text=le haben.
3-1	155-157	Es	
3-2	158-161	iſt	
3-3	162-165	das	
3-4	166-170	aber	
3-5	171-174	gar	
3-6	175-180	keine	
3-7	181-194	Contradiction	
3-8	194-195	,	
3-9	196-200	eine	
3-10	201-203	ſo	
3-11	204-210	groſſe	
3-12	211-214	und	
3-13	215-219	eine	
3-14	220-222	ſo	
3-15	223-232	geſegnete	
3-16	233-239	Thuͤre	
3-17	240-245	geoͤf	
3-18	245-246	-	
3-19	247-250	net	
3-20	251-256	ſehen	
3-21	256-257	,	
3-22	258-261	und	
3-23	262-266	doch	
3-24	267-270	der	
3-25	271-285	Widerwaͤrtigen	
3-26	286-288	ſo	
3-27	289-292	vie	
3-28	292-293	-	
3-29	294-296	le	
3-30	297-302	haben	
3-31	302-303	.	

#Text=Genug daß ſie, da ſie durch den Auf-
#Text=ſchluß zum Widerſpruch aufgebracht worden,
#Text=dieſelbe doch nicht haben verſchlieſſen koͤnnen.
#Text=
#Text=
#Text=6.
4-1	304-309	Genug	
4-2	310-313	daß	
4-3	314-317	ſie	
4-4	317-318	,	
4-5	319-321	da	
4-6	322-325	ſie	
4-7	326-331	durch	
4-8	332-335	den	
4-9	336-339	Auf	
4-10	339-340	-	
4-11	341-347	ſchluß	
4-12	348-351	zum	
4-13	352-363	Widerſpruch	
4-14	364-375	aufgebracht	
4-15	376-382	worden	
4-16	382-383	,	
4-17	384-392	dieſelbe	
4-18	393-397	doch	
4-19	398-403	nicht	
4-20	404-409	haben	
4-21	410-423	verſchlieſſen	
4-22	424-431	koͤnnen	
4-23	431-432	.	
4-24	435-436	6	
4-25	436-437	.	

#Text=Es iſt bey dieſem
#Text=Orte wohl zu mer-
#Text=cken, daß es faſt allemal alſo gehet;
#Text=auch noch
#Text=heute zu Tage; nemlich, daß bey einem reichen
#Text=Eingange des Worts ſich von andern viel Wi-
#Text=derſtand findet.
5-1	438-440	Es	
5-2	441-444	iſt	
5-3	445-448	bey	
5-4	449-455	dieſem	
5-5	456-460	Orte	
5-6	461-465	wohl	
5-7	466-468	zu	
5-8	469-472	mer	
5-9	472-473	-	
5-10	474-478	cken	
5-11	478-479	,	
5-12	480-483	daß	
5-13	484-486	es	
5-14	487-491	faſt	
5-15	492-499	allemal	
5-16	500-504	alſo	
5-17	505-510	gehet	
5-18	510-511	;	
5-19	512-516	auch	
5-20	517-521	noch	
5-21	522-527	heute	
5-22	528-530	zu	
5-23	531-535	Tage	
5-24	535-536	;	
5-25	537-544	nemlich	
5-26	544-545	,	
5-27	546-549	daß	
5-28	550-553	bey	
5-29	554-559	einem	
5-30	560-567	reichen	
5-31	568-576	Eingange	
5-32	577-580	des	
5-33	581-586	Worts	
5-34	587-591	ſich	
5-35	592-595	von	
5-36	596-602	andern	
5-37	603-607	viel	
5-38	608-610	Wi	
5-39	610-611	-	
5-40	612-620	derſtand	
5-41	621-627	findet	
5-42	627-628	.	

#Text=Man erfaͤhret es, wenn ein
#Text=rechtſchafner Knecht GOttes an einen Ort, da
#Text=die Hertzen gegen GOtt vor dem meiſt verſchloſ-
#Text=ſen geweſen, da es auch an einem lautern und
#Text=durchdringenden Vortrage des Worts GOttes
#Text=gefehlet hat, koͤmmt, den gantzen
#Text=Rath GOttes
#Text=lauterlich und kraͤftig vortraͤget, und ſeinen
#Text=Vortrag auch mit ſeinem eignen Wandel be-
#Text=kraͤftiget und zieret, und ihm GOtt in dieſer
#Text=Ordnung eine groſſe Thuͤre auch innerlich zur
#Text=Uberzeugung und Bekehrung mancher Seelen
#Text=oͤfnet.
6-1	629-632	Man	
6-2	633-642	erfaͤhret	
6-3	643-645	es	
6-4	645-646	,	
6-5	647-651	wenn	
6-6	652-655	ein	
6-7	656-669	rechtſchafner	
6-8	670-676	Knecht	
6-9	677-683	GOttes	
6-10	684-686	an	
6-11	687-692	einen	
6-12	693-696	Ort	
6-13	696-697	,	
6-14	698-700	da	
6-15	701-704	die	
6-16	705-712	Hertzen	
6-17	713-718	gegen	
6-18	719-723	GOtt	
6-19	724-727	vor	
6-20	728-731	dem	
6-21	732-737	meiſt	
6-22	738-747	verſchloſ	
6-23	747-748	-	
6-24	749-752	ſen	
6-25	753-760	geweſen	
6-26	760-761	,	
6-27	762-764	da	
6-28	765-767	es	
6-29	768-772	auch	
6-30	773-775	an	
6-31	776-781	einem	
6-32	782-789	lautern	
6-33	790-793	und	
6-34	794-809	durchdringenden	
6-35	810-818	Vortrage	
6-36	819-822	des	
6-37	823-828	Worts	
6-38	829-835	GOttes	
6-39	836-844	gefehlet	
6-40	845-848	hat	
6-41	848-849	,	
6-42	850-856	koͤmmt	
6-43	856-857	,	
6-44	858-861	den	
6-45	862-869	gantzen	
6-46	870-874	Rath	
6-47	875-881	GOttes	
6-48	882-892	lauterlich	
6-49	893-896	und	
6-50	897-905	kraͤftig	
6-51	906-916	vortraͤget	
6-52	916-917	,	
6-53	918-921	und	
6-54	922-928	ſeinen	
6-55	929-936	Vortrag	
6-56	937-941	auch	
6-57	942-945	mit	
6-58	946-952	ſeinem	
6-59	953-959	eignen	
6-60	960-966	Wandel	
6-61	967-969	be	
6-62	969-970	-	
6-63	971-981	kraͤftiget	
6-64	982-985	und	
6-65	986-992	zieret	
6-66	992-993	,	
6-67	994-997	und	
6-68	998-1001	ihm	
6-69	1002-1006	GOtt	
6-70	1007-1009	in	
6-71	1010-1016	dieſer	
6-72	1017-1024	Ordnung	
6-73	1025-1029	eine	
6-74	1030-1036	groſſe	
6-75	1037-1043	Thuͤre	
6-76	1044-1048	auch	
6-77	1049-1058	innerlich	
6-78	1059-1062	zur	
6-79	1063-1074	Uberzeugung	
6-80	1075-1078	und	
6-81	1079-1088	Bekehrung	
6-82	1089-1096	mancher	
6-83	1097-1103	Seelen	
6-84	1104-1110	oͤfnet	
6-85	1110-1111	.	

#Text=Wenn dieſes geſchiehet, ſo erfaͤhret
#Text=man, wie der Satan ſich dagegen reget in den
#Text=falſchen Chriſten, und ſonderlich in ihren fleiſch-
#Text=lich geſinneten Lehrern, nicht anders, als da-
#Text=mals in den Juden und Heiden.
7-1	1112-1116	Wenn	
7-2	1117-1123	dieſes	
7-3	1124-1134	geſchiehet	
7-4	1134-1135	,	
7-5	1136-1138	ſo	
7-6	1139-1148	erfaͤhret	
7-7	1149-1152	man	
7-8	1152-1153	,	
7-9	1154-1157	wie	
7-10	1158-1161	der	
7-11	1162-1167	Satan	
7-12	1168-1172	ſich	
7-13	1173-1180	dagegen	
7-14	1181-1186	reget	
7-15	1187-1189	in	
7-16	1190-1193	den	
7-17	1194-1202	falſchen	
7-18	1203-1211	Chriſten	
7-19	1211-1212	,	
7-20	1213-1216	und	
7-21	1217-1227	ſonderlich	
7-22	1228-1230	in	
7-23	1231-1236	ihren	
7-24	1237-1244	fleiſch	
7-25	1244-1245	-	
7-26	1246-1250	lich	
7-27	1251-1261	geſinneten	
7-28	1262-1269	Lehrern	
7-29	1269-1270	,	
7-30	1271-1276	nicht	
7-31	1277-1283	anders	
7-32	1283-1284	,	
7-33	1285-1288	als	
7-34	1289-1291	da	
7-35	1291-1292	-	
7-36	1293-1297	mals	
7-37	1298-1300	in	
7-38	1301-1304	den	
7-39	1305-1310	Juden	
7-40	1311-1314	und	
7-41	1315-1321	Heiden	
7-42	1321-1322	.	

#Text=Und ob denn
#Text=auch gleich manches gute dadurch bey manchen
#Text=gehindert wird, ſo wird doch eine von GOtt ge-
#Text=oͤfnete Thuͤr dadurch an ſich ſelbſt bey vielen
#Text=andern nicht verſchloſſen, ſondern eher noch
#Text=mehr erweitert: ſintemal der Widerſpruch bey
#Text=andern Nachfrage u.
8-1	1323-1326	Und	
8-2	1327-1329	ob	
8-3	1330-1334	denn	
8-4	1335-1339	auch	
8-5	1340-1346	gleich	
8-6	1347-1354	manches	
8-7	1355-1359	gute	
8-8	1360-1367	dadurch	
8-9	1368-1371	bey	
8-10	1372-1379	manchen	
8-11	1380-1389	gehindert	
8-12	1390-1394	wird	
8-13	1394-1395	,	
8-14	1396-1398	ſo	
8-15	1399-1403	wird	
8-16	1404-1408	doch	
8-17	1409-1413	eine	
8-18	1414-1417	von	
8-19	1418-1422	GOtt	
8-20	1423-1425	ge	
8-21	1425-1426	-	
8-22	1427-1434	oͤfnete	
8-23	1435-1440	Thuͤr	
8-24	1441-1448	dadurch	
8-25	1449-1451	an	
8-26	1452-1456	ſich	
8-27	1457-1463	ſelbſt	
8-28	1464-1467	bey	
8-29	1468-1474	vielen	
8-30	1475-1481	andern	
8-31	1482-1487	nicht	
8-32	1488-1500	verſchloſſen	
8-33	1500-1501	,	
8-34	1502-1509	ſondern	
8-35	1510-1514	eher	
8-36	1515-1519	noch	
8-37	1520-1524	mehr	
8-38	1525-1534	erweitert	
8-39	1534-1535	:	
8-40	1536-1544	ſintemal	
8-41	1545-1548	der	
8-42	1549-1560	Widerſpruch	
8-43	1561-1564	bey	
8-44	1565-1571	andern	
8-45	1572-1581	Nachfrage	
8-46	1582-1583	u	
8-47	1583-1584	.	

#Text=Aufmerckſamkeit erwecket,
#Text=und dieſe Uberzeugung bringet.
9-1	1585-1600	Aufmerckſamkeit	
9-2	1601-1609	erwecket	
9-3	1609-1610	,	
9-4	1611-1614	und	
9-5	1615-1620	dieſe	
9-6	1621-1632	Uberzeugung	
9-7	1633-1640	bringet	
9-8	1640-1641	.	

#Text=V. 10.
10-1	1645-1646	V	
10-2	1646-1647	.	
10-3	1648-1650	10	
10-4	1650-1651	.	

#Text=So Thimotheus koͤmmt, ſo ſehet zu,
#Text=daß er ohne Furcht bey euch ſey:
#Text=denn er
#Text=treibet auch das Werck des HErrn,
#Text=wie ich.
11-1	1653-1655	So	
11-2	1656-1666	Thimotheus	
11-3	1667-1673	koͤmmt	
11-4	1673-1674	,	
11-5	1675-1677	ſo	
11-6	1678-1683	ſehet	
11-7	1684-1686	zu	
11-8	1686-1687	,	
11-9	1688-1691	daß	
11-10	1692-1694	er	
11-11	1695-1699	ohne	
11-12	1700-1706	Furcht	
11-13	1707-1710	bey	
11-14	1711-1715	euch	
11-15	1716-1719	ſey	
11-16	1719-1720	:	
11-17	1721-1725	denn	
11-18	1726-1728	er	
11-19	1729-1736	treibet	
11-20	1737-1741	auch	
11-21	1742-1745	das	
11-22	1746-1751	Werck	
11-23	1752-1755	des	
11-24	1756-1761	HErrn	
11-25	1761-1762	,	
11-26	1763-1766	wie	
11-27	1767-1770	ich	
11-28	1770-1771	.	

#Text=Anmerckungen.
#Text=
#Text=1.
12-1	1774-1786	Anmerckungen	
12-2	1786-1787	.	
12-3	1789-1790	1	
12-4	1790-1791	.	

#Text=Timotheus hat allem Anſehen nach die-
#Text=ſen Brief
13-1	1792-1801	Timotheus	
13-2	1802-1805	hat	
13-3	1806-1811	allem	
13-4	1812-1819	Anſehen	
13-5	1820-1824	nach	
13-6	1825-1828	die	
13-7	1828-1829	-	
13-8	1830-1833	ſen	
13-9	1834-1839	Brief	
