#FORMAT=WebAnno TSV 3.3
#T_SP=custom.Span|label
#T_RL=custom.Relation|label|BT_custom.Span


#Text=§.
#Text=4.
#Text=breder aangehaalt syn) groeyen uit water, en dese
#Text=verrot synde, geven vrugtbare aarde;
#Text=met een woord in alle dieren en planten werd
#Text=dit by ervarent heit bevestigt, dat die tot een vrugtbare aarde werden.
1-1	2-3	§	_	_	_	
1-2	3-4	.	_	_	_	
1-3	5-6	4	_	_	_	
1-4	6-7	.	_	_	_	
1-5	8-14	breder	_	_	_	
1-6	15-25	aangehaalt	_	_	_	
1-7	26-29	syn	_	_	_	
1-8	29-30	)	_	_	_	
1-9	31-38	groeyen	_	_	_	
1-10	39-42	uit	_	_	_	
1-11	43-48	water	_	_	_	
1-12	48-49	,	_	_	_	
1-13	50-52	en	_	_	_	
1-14	53-57	dese	_	_	_	
1-15	58-64	verrot	_	_	_	
1-16	65-70	synde	_	_	_	
1-17	70-71	,	_	_	_	
1-18	72-77	geven	_	_	_	
1-19	78-87	vrugtbare	_	_	_	
1-20	88-93	aarde	_	_	_	
1-21	93-94	;	_	_	_	
1-22	95-98	met	_	_	_	
1-23	99-102	een	_	_	_	
1-24	103-108	woord	_	_	_	
1-25	109-111	in	_	_	_	
1-26	112-116	alle	_	_	_	
1-27	117-123	dieren	_	_	_	
1-28	124-126	en	_	_	_	
1-29	127-134	planten	_	_	_	
1-30	135-139	werd	_	_	_	
1-31	140-143	dit	_	_	_	
1-32	144-146	by	_	_	_	
1-33	147-155	ervarent	_	_	_	
1-34	156-160	heit	_	_	_	
1-35	161-170	bevestigt	_	_	_	
1-36	170-171	,	_	_	_	
1-37	172-175	dat	_	_	_	
1-38	176-179	die	_	_	_	
1-39	180-183	tot	_	_	_	
1-40	184-187	een	_	_	_	
1-41	188-197	vrugtbare	_	_	_	
1-42	198-203	aarde	_	_	_	
1-43	204-210	werden	_	_	_	
1-44	210-211	.	_	_	_	

#Text=Wy sullen ons wagten alhier yets generaals uit af te leiden;
#Text=dewyl de
#Text=ondervindingen nogh niet genoegsaam syn, om een behoorlyken grond te geven,
#Text=waar op men yets vast kan stellen; en bekennen, dat wy met veel andere niet alles
#Text=volkomen weten, waar uit en hoe de aarde voortkomt:
#Text=en dat de hedensdaagse
#Text=experimenten, schoon sy ons veele saken toonen, egter nogh niet bequaam syn om
#Text=ons de regte kennisse te geven, van het geene hier moet geweten werden.
2-1	214-216	Wy	_	_	_	
2-2	217-223	sullen	_	_	_	
2-3	224-227	ons	_	_	_	
2-4	228-234	wagten	_	_	_	
2-5	235-241	alhier	_	_	_	
2-6	242-246	yets	_	_	_	
2-7	247-256	generaals	_	_	_	
2-8	257-260	uit	_	_	_	
2-9	261-263	af	_	_	_	
2-10	264-266	te	_	_	_	
2-11	267-273	leiden	_	_	_	
2-12	273-274	;	_	_	_	
2-13	275-280	dewyl	_	_	_	
2-14	281-283	de	_	_	_	
2-15	284-298	ondervindingen	_	_	_	
2-16	299-303	nogh	_	_	_	
2-17	304-308	niet	_	_	_	
2-18	309-319	genoegsaam	_	_	_	
2-19	320-323	syn	_	_	_	
2-20	323-324	,	_	_	_	
2-21	325-327	om	_	_	_	
2-22	328-331	een	_	_	_	
2-23	332-343	behoorlyken	_	_	_	
2-24	344-349	grond	_	_	_	
2-25	350-352	te	_	_	_	
2-26	353-358	geven	_	_	_	
2-27	358-359	,	_	_	_	
2-28	360-364	waar	_	_	_	
2-29	365-367	op	_	_	_	
2-30	368-371	men	_	_	_	
2-31	372-376	yets	_	_	_	
2-32	377-381	vast	_	_	_	
2-33	382-385	kan	_	_	_	
2-34	386-393	stellen	_	_	_	
2-35	393-394	;	_	_	_	
2-36	395-397	en	_	_	_	
2-37	398-406	bekennen	_	_	_	
2-38	406-407	,	_	_	_	
2-39	408-411	dat	_	_	_	
2-40	412-414	wy	_	_	_	
2-41	415-418	met	_	_	_	
2-42	419-423	veel	_	_	_	
2-43	424-430	andere	_	_	_	
2-44	431-435	niet	_	_	_	
2-45	436-441	alles	_	_	_	
2-46	442-450	volkomen	_	_	_	
2-47	451-456	weten	_	_	_	
2-48	456-457	,	_	_	_	
2-49	458-462	waar	_	_	_	
2-50	463-466	uit	_	_	_	
2-51	467-469	en	_	_	_	
2-52	470-473	hoe	_	_	_	
2-53	474-476	de	_	_	_	
2-54	477-482	aarde	_	_	_	
2-55	483-492	voortkomt	_	_	_	
2-56	492-493	:	_	_	_	
2-57	494-496	en	_	_	_	
2-58	497-500	dat	_	_	_	
2-59	501-503	de	_	_	_	
2-60	504-516	hedensdaagse	_	_	_	
2-61	517-529	experimenten	_	_	_	
2-62	529-530	,	_	_	_	
2-63	531-537	schoon	_	_	_	
2-64	538-540	sy	_	_	_	
2-65	541-544	ons	_	_	_	
2-66	545-550	veele	_	_	_	
2-67	551-556	saken	_	_	_	
2-68	557-563	toonen	_	_	_	
2-69	563-564	,	_	_	_	
2-70	565-570	egter	_	_	_	
2-71	571-575	nogh	_	_	_	
2-72	576-580	niet	_	_	_	
2-73	581-588	bequaam	_	_	_	
2-74	589-592	syn	_	_	_	
2-75	593-595	om	_	_	_	
2-76	596-599	ons	_	_	_	
2-77	600-602	de	_	_	_	
2-78	603-608	regte	_	_	_	
2-79	609-617	kennisse	_	_	_	
2-80	618-620	te	_	_	_	
2-81	621-626	geven	_	_	_	
2-82	626-627	,	_	_	_	
2-83	628-631	van	_	_	_	
2-84	632-635	het	_	_	_	
2-85	636-641	geene	_	_	_	
2-86	642-646	hier	_	_	_	
2-87	647-651	moet	_	_	_	
2-88	652-659	geweten	_	_	_	
2-89	660-666	werden	_	_	_	
2-90	666-667	.	_	_	_	

#Text=Dewyl nu de gesteltenisse selfs van de vrugtbare aarde nogh weinigh schynt
#Text=ondersogt te syn;
#Text=hebbe ik der selver eene (want dat 'er soodanige van verscheiden
#Text=soorten syn, is by ervarentheit openbaar,) gelyk se my van een naukeurigh Oeffenaar
#Text=van bloemen ter hand gestelt was, uit tot aarden geworden koe-en paarden-mest met
#Text=sand vermengt bestaande, en door siften van steenen gesuivert synde,
#Text=uit een glasen
#Text=retort laten destilleren, en bevonden, dat sy een vogt, welke met de suure geest van
#Text=salpeter op-bruisde of effervesceerde (om een Chymisch woord te gebruiken) in
#Text=groote meenigte gaf, na proportie van de veelheit der aarde; en met deselve eene
#Text=stinkende bruyne olye.
3-1	669-674	Dewyl	_	_	_	
3-2	675-677	nu	_	_	_	
3-3	678-680	de	_	_	_	
3-4	681-694	gesteltenisse	_	_	_	
3-5	695-700	selfs	_	_	_	
3-6	701-704	van	_	_	_	
3-7	705-707	de	_	_	_	
3-8	708-717	vrugtbare	_	_	_	
3-9	718-723	aarde	_	_	_	
3-10	724-728	nogh	_	_	_	
3-11	729-736	weinigh	_	_	_	
3-12	737-743	schynt	_	_	_	
3-13	744-753	ondersogt	_	_	_	
3-14	754-756	te	_	_	_	
3-15	757-760	syn	_	_	_	
3-16	760-761	;	_	_	_	
3-17	762-767	hebbe	_	_	_	
3-18	768-770	ik	_	_	_	
3-19	771-774	der	_	_	_	
3-20	775-781	selver	_	_	_	
3-21	782-786	eene	_	_	_	
3-22	787-788	(	_	_	_	
3-23	788-792	want	_	_	_	
3-24	793-796	dat	_	_	_	
3-25	797-798	'	_	_	_	
3-26	798-800	er	_	_	_	
3-27	801-810	soodanige	_	_	_	
3-28	811-814	van	_	_	_	
3-29	815-826	verscheiden	_	_	_	
3-30	827-834	soorten	_	_	_	
3-31	835-838	syn	_	_	_	
3-32	838-839	,	_	_	_	
3-33	840-842	is	_	_	_	
3-34	843-845	by	_	_	_	
3-35	846-858	ervarentheit	_	_	_	
3-36	859-867	openbaar	_	_	_	
3-37	867-868	,	_	_	_	
3-38	868-869	)	_	_	_	
3-39	870-875	gelyk	_	_	_	
3-40	876-878	se	_	_	_	
3-41	879-881	my	_	_	_	
3-42	882-885	van	_	_	_	
3-43	886-889	een	_	_	_	
3-44	890-900	naukeurigh	_	_	_	
3-45	901-910	Oeffenaar	_	_	_	
3-46	911-914	van	_	_	_	
3-47	915-922	bloemen	_	_	_	
3-48	923-926	ter	_	_	_	
3-49	927-931	hand	_	_	_	
3-50	932-939	gestelt	_	_	_	
3-51	940-943	was	_	_	_	
3-52	943-944	,	_	_	_	
3-53	945-948	uit	_	_	_	
3-54	949-952	tot	_	_	_	
3-55	953-959	aarden	_	_	_	
3-56	960-968	geworden	_	_	_	
3-57	969-975	koe-en	_	_	_	
3-58	976-988	paarden-mest	_	_	_	
3-59	989-992	met	_	_	_	
3-60	993-997	sand	_	_	_	
3-61	998-1006	vermengt	_	_	_	
3-62	1007-1016	bestaande	_	_	_	
3-63	1016-1017	,	_	_	_	
3-64	1018-1020	en	_	_	_	
3-65	1021-1025	door	_	_	_	
3-66	1026-1032	siften	_	_	_	
3-67	1033-1036	van	_	_	_	
3-68	1037-1044	steenen	_	_	_	
3-69	1045-1054	gesuivert	_	_	_	
3-70	1055-1060	synde	_	_	_	
3-71	1060-1061	,	_	_	_	
3-72	1062-1065	uit	_	_	_	
3-73	1066-1069	een	_	_	_	
3-74	1070-1076	glasen	_	_	_	
3-75	1077-1083	retort	_	_	_	
3-76	1084-1089	laten	_	_	_	
3-77	1090-1101	destilleren	_	_	_	
3-78	1101-1102	,	_	_	_	
3-79	1103-1105	en	_	_	_	
3-80	1106-1114	bevonden	_	_	_	
3-81	1114-1115	,	_	_	_	
3-82	1116-1119	dat	_	_	_	
3-83	1120-1122	sy	_	_	_	
3-84	1123-1126	een	_	_	_	
3-85	1127-1131	vogt	_	_	_	
3-86	1131-1132	,	_	_	_	
3-87	1133-1138	welke	_	_	_	
3-88	1139-1142	met	_	_	_	
3-89	1143-1145	de	_	_	_	
3-90	1146-1151	suure	_	_	_	
3-91	1152-1157	geest	_	_	_	
3-92	1158-1161	van	_	_	_	
3-93	1162-1170	salpeter	_	_	_	
3-94	1171-1181	op-bruisde	_	_	_	
3-95	1182-1184	of	_	_	_	
3-96	1185-1199	effervesceerde	_	_	_	
3-97	1200-1201	(	_	_	_	
3-98	1201-1203	om	_	_	_	
3-99	1204-1207	een	_	_	_	
3-100	1208-1216	Chymisch	_	_	_	
3-101	1217-1222	woord	_	_	_	
3-102	1223-1225	te	_	_	_	
3-103	1226-1235	gebruiken	_	_	_	
3-104	1235-1236	)	_	_	_	
3-105	1237-1239	in	_	_	_	
3-106	1240-1246	groote	_	_	_	
3-107	1247-1255	meenigte	_	_	_	
3-108	1256-1259	gaf	_	_	_	
3-109	1259-1260	,	_	_	_	
3-110	1261-1263	na	_	_	_	
3-111	1264-1273	proportie	_	_	_	
3-112	1274-1277	van	_	_	_	
3-113	1278-1280	de	_	_	_	
3-114	1281-1289	veelheit	_	_	_	
3-115	1290-1293	der	_	_	_	
3-116	1294-1299	aarde	_	_	_	
3-117	1299-1300	;	_	_	_	
3-118	1301-1303	en	_	_	_	
3-119	1304-1307	met	_	_	_	
3-120	1308-1315	deselve	_	_	_	
3-121	1316-1320	eene	_	_	_	
3-122	1321-1330	stinkende	Quality[1]|Smell\_Word[2]	*|*	3-122[1_2]|3-124[0_2]	
3-123	1331-1337	bruyne	_	_	_	
3-124	1338-1342	olye	Smell\_Source	_	_	
3-125	1342-1343	.	_	_	_	

#Text=Soo
#Text=bevind men ook, dat verrotte planten (onder welke dese mest, als uit gras, dat
#Text=der koeyen en paarden spys is, bestaande, ook moet getelt werden)
#Text=een sal volatile
#Text=en diergelyken oly geven.
4-1	1345-1348	Soo	_	_	_	
4-2	1349-1355	bevind	_	_	_	
4-3	1356-1359	men	_	_	_	
4-4	1360-1363	ook	_	_	_	
4-5	1363-1364	,	_	_	_	
4-6	1365-1368	dat	_	_	_	
4-7	1369-1377	verrotte	_	_	_	
4-8	1378-1385	planten	_	_	_	
4-9	1386-1387	(	_	_	_	
4-10	1387-1392	onder	_	_	_	
4-11	1393-1398	welke	_	_	_	
4-12	1399-1403	dese	_	_	_	
4-13	1404-1408	mest	_	_	_	
4-14	1408-1409	,	_	_	_	
4-15	1410-1413	als	_	_	_	
4-16	1414-1417	uit	_	_	_	
4-17	1418-1422	gras	_	_	_	
4-18	1422-1423	,	_	_	_	
4-19	1424-1427	dat	_	_	_	
4-20	1428-1431	der	_	_	_	
4-21	1432-1438	koeyen	_	_	_	
4-22	1439-1441	en	_	_	_	
4-23	1442-1449	paarden	_	_	_	
4-24	1450-1454	spys	_	_	_	
4-25	1455-1457	is	_	_	_	
4-26	1457-1458	,	_	_	_	
4-27	1459-1468	bestaande	_	_	_	
4-28	1468-1469	,	_	_	_	
4-29	1470-1473	ook	_	_	_	
4-30	1474-1478	moet	_	_	_	
4-31	1479-1485	getelt	_	_	_	
4-32	1486-1492	werden	_	_	_	
4-33	1492-1493	)	_	_	_	
4-34	1494-1497	een	_	_	_	
4-35	1498-1501	sal	_	_	_	
4-36	1502-1510	volatile	_	_	_	
4-37	1511-1513	en	_	_	_	
4-38	1514-1525	diergelyken	_	_	_	
4-39	1526-1529	oly	_	_	_	
4-40	1530-1535	geven	_	_	_	
4-41	1535-1536	.	_	_	_	

#Text='t Geen aan die de Chymie verstaan, bekent is.
5-1	1537-1538	'	_	_	_	
5-2	1538-1539	t	_	_	_	
5-3	1540-1544	Geen	_	_	_	
5-4	1545-1548	aan	_	_	_	
5-5	1549-1552	die	_	_	_	
5-6	1553-1555	de	_	_	_	
5-7	1556-1562	Chymie	_	_	_	
5-8	1563-1571	verstaan	_	_	_	
5-9	1571-1572	,	_	_	_	
5-10	1573-1579	bekent	_	_	_	
5-11	1580-1582	is	_	_	_	
5-12	1582-1583	.	_	_	_	

#Text=Bernard Nieuwentijt, Het regt gebruik der werelt beschouwingen
#Text=
#Text=\f467
#Text=Hoedanigh nu dese eigenschap der aarde tot het voortbrengen van alle planten, en
#Text=de verdere vrugtbaarheit der aarde dienen kan, sal ik alhier niet verder ondersoeken;
#Text=
#Text=dewyl dese ondervindingen meer bekwaam syn om aanleidinge te geven tot andere,
#Text=die men denken soude nader te komen
#Text=; als tot het besluiten van yets, dat de vereiste
#Text=sekerheit geeft
6-1	1586-1593	Bernard	_	_	_	
6-2	1594-1605	Nieuwentijt	_	_	_	
6-3	1605-1606	,	_	_	_	
6-4	1607-1610	Het	_	_	_	
6-5	1611-1615	regt	_	_	_	
6-6	1616-1623	gebruik	_	_	_	
6-7	1624-1627	der	_	_	_	
6-8	1628-1634	werelt	_	_	_	
6-9	1635-1648	beschouwingen	_	_	_	
6-10	1651-1654	467	_	_	_	
6-11	1655-1664	Hoedanigh	_	_	_	
6-12	1665-1667	nu	_	_	_	
6-13	1668-1672	dese	_	_	_	
6-14	1673-1683	eigenschap	_	_	_	
6-15	1684-1687	der	_	_	_	
6-16	1688-1693	aarde	_	_	_	
6-17	1694-1697	tot	_	_	_	
6-18	1698-1701	het	_	_	_	
6-19	1702-1714	voortbrengen	_	_	_	
6-20	1715-1718	van	_	_	_	
6-21	1719-1723	alle	_	_	_	
6-22	1724-1731	planten	_	_	_	
6-23	1731-1732	,	_	_	_	
6-24	1733-1735	en	_	_	_	
6-25	1736-1738	de	_	_	_	
6-26	1739-1746	verdere	_	_	_	
6-27	1747-1760	vrugtbaarheit	_	_	_	
6-28	1761-1764	der	_	_	_	
6-29	1765-1770	aarde	_	_	_	
6-30	1771-1777	dienen	_	_	_	
6-31	1778-1781	kan	_	_	_	
6-32	1781-1782	,	_	_	_	
6-33	1783-1786	sal	_	_	_	
6-34	1787-1789	ik	_	_	_	
6-35	1790-1796	alhier	_	_	_	
6-36	1797-1801	niet	_	_	_	
6-37	1802-1808	verder	_	_	_	
6-38	1809-1820	ondersoeken	_	_	_	
6-39	1820-1821	;	_	_	_	
6-40	1823-1828	dewyl	_	_	_	
6-41	1829-1833	dese	_	_	_	
6-42	1834-1848	ondervindingen	_	_	_	
6-43	1849-1853	meer	_	_	_	
6-44	1854-1861	bekwaam	_	_	_	
6-45	1862-1865	syn	_	_	_	
6-46	1866-1868	om	_	_	_	
6-47	1869-1880	aanleidinge	_	_	_	
6-48	1881-1883	te	_	_	_	
6-49	1884-1889	geven	_	_	_	
6-50	1890-1893	tot	_	_	_	
6-51	1894-1900	andere	_	_	_	
6-52	1900-1901	,	_	_	_	
6-53	1902-1905	die	_	_	_	
6-54	1906-1909	men	_	_	_	
6-55	1910-1916	denken	_	_	_	
6-56	1917-1922	soude	_	_	_	
6-57	1923-1928	nader	_	_	_	
6-58	1929-1931	te	_	_	_	
6-59	1932-1937	komen	_	_	_	
6-60	1938-1939	;	_	_	_	
6-61	1940-1943	als	_	_	_	
6-62	1944-1947	tot	_	_	_	
6-63	1948-1951	het	_	_	_	
6-64	1952-1961	besluiten	_	_	_	
6-65	1962-1965	van	_	_	_	
6-66	1966-1970	yets	_	_	_	
6-67	1970-1971	,	_	_	_	
6-68	1972-1975	dat	_	_	_	
6-69	1976-1978	de	_	_	_	
6-70	1979-1987	vereiste	_	_	_	
6-71	1988-1997	sekerheit	_	_	_	
6-72	1998-2003	geeft	_	_	_	

#Text=.
7-1	2003-2004	.	_	_	_	

#Text=§.
#Text=17.
8-1	2007-2008	§	_	_	_	
8-2	2008-2009	.	_	_	_	
8-3	2010-2012	17	_	_	_	
8-4	2012-2013	.	_	_	_	
