#FORMAT=WebAnno TSV 3.3


#Text=de Duivel is van
#Text=menschen handen niet gemaakt.
1-1	2-4	de	
1-2	5-11	Duivel	
1-3	12-14	is	
1-4	15-18	van	
1-5	19-27	menschen	
1-6	28-34	handen	
1-7	35-39	niet	
1-8	40-47	gemaakt	
1-9	47-48	.	

#Text=D' Afgoden hebben monden, maar en spreken niet;
#Text=
#Text=de Duivel, seggense, heeft geenen mond, en hy spreekt:
#Text=d
#Text=' Afgoden hebben ogen:
#Text=
#Text=maar en sien niet;
#Text=de Duivel siet, na hun gevoelen over al, en hy heeft geen oren:
#Text=d'
#Text=afgoden hebben oren, maar sy horen niet;
#Text=de Duivel hoort seer wel, en sonder ooren;
#Text=
#Text=sy hebben enen neuse, maar en rieken niet;
#Text=maar hy doorsnuffelt alle dingen, sonder
#Text=neus;
#Text=sy hebben handen maar en tasten niet; hy daar en tegen tast het alles sonder
#Text=hand of handschoen aan, so dat hy bergen kan versetten, also ongelovig als hy is:
#Text=sy
#Text=hebben voeten, maar sy gaan niet; hy loopt en draaft de gantsche weereld door,
#Text=hoewel hy geene voeten heeft; sy geven door de keele geen geluit;
#Text=hy geeft geluid,
#Text=en raast en baart op allerleye wijse, sonder keel.
2-1	49-50	D	
2-2	50-51	'	
2-3	52-59	Afgoden	
2-4	60-66	hebben	
2-5	67-73	monden	
2-6	73-74	,	
2-7	75-79	maar	
2-8	80-82	en	
2-9	83-90	spreken	
2-10	91-95	niet	
2-11	95-96	;	
2-12	98-100	de	
2-13	101-107	Duivel	
2-14	107-108	,	
2-15	109-117	seggense	
2-16	117-118	,	
2-17	119-124	heeft	
2-18	125-131	geenen	
2-19	132-136	mond	
2-20	136-137	,	
2-21	138-140	en	
2-22	141-143	hy	
2-23	144-151	spreekt	
2-24	151-152	:	
2-25	153-154	d	
2-26	155-156	'	
2-27	157-164	Afgoden	
2-28	165-171	hebben	
2-29	172-176	ogen	
2-30	176-177	:	
2-31	179-183	maar	
2-32	184-186	en	
2-33	187-191	sien	
2-34	192-196	niet	
2-35	196-197	;	
2-36	198-200	de	
2-37	201-207	Duivel	
2-38	208-212	siet	
2-39	212-213	,	
2-40	214-216	na	
2-41	217-220	hun	
2-42	221-229	gevoelen	
2-43	230-234	over	
2-44	235-237	al	
2-45	237-238	,	
2-46	239-241	en	
2-47	242-244	hy	
2-48	245-250	heeft	
2-49	251-255	geen	
2-50	256-260	oren	
2-51	260-261	:	
2-52	262-263	d	
2-53	263-264	'	
2-54	265-272	afgoden	
2-55	273-279	hebben	
2-56	280-284	oren	
2-57	284-285	,	
2-58	286-290	maar	
2-59	291-293	sy	
2-60	294-299	horen	
2-61	300-304	niet	
2-62	304-305	;	
2-63	306-308	de	
2-64	309-315	Duivel	
2-65	316-321	hoort	
2-66	322-326	seer	
2-67	327-330	wel	
2-68	330-331	,	
2-69	332-334	en	
2-70	335-341	sonder	
2-71	342-347	ooren	
2-72	347-348	;	
2-73	350-352	sy	
2-74	353-359	hebben	
2-75	360-364	enen	
2-76	365-370	neuse	
2-77	370-371	,	
2-78	372-376	maar	
2-79	377-379	en	
2-80	380-386	rieken	
2-81	387-391	niet	
2-82	391-392	;	
2-83	393-397	maar	
2-84	398-400	hy	
2-85	401-413	doorsnuffelt	
2-86	414-418	alle	
2-87	419-425	dingen	
2-88	425-426	,	
2-89	427-433	sonder	
2-90	434-438	neus	
2-91	438-439	;	
2-92	440-442	sy	
2-93	443-449	hebben	
2-94	450-456	handen	
2-95	457-461	maar	
2-96	462-464	en	
2-97	465-471	tasten	
2-98	472-476	niet	
2-99	476-477	;	
2-100	478-480	hy	
2-101	481-485	daar	
2-102	486-488	en	
2-103	489-494	tegen	
2-104	495-499	tast	
2-105	500-503	het	
2-106	504-509	alles	
2-107	510-516	sonder	
2-108	517-521	hand	
2-109	522-524	of	
2-110	525-535	handschoen	
2-111	536-539	aan	
2-112	539-540	,	
2-113	541-543	so	
2-114	544-547	dat	
2-115	548-550	hy	
2-116	551-557	bergen	
2-117	558-561	kan	
2-118	562-571	versetten	
2-119	571-572	,	
2-120	573-577	also	
2-121	578-587	ongelovig	
2-122	588-591	als	
2-123	592-594	hy	
2-124	595-597	is	
2-125	597-598	:	
2-126	599-601	sy	
2-127	602-608	hebben	
2-128	609-615	voeten	
2-129	615-616	,	
2-130	617-621	maar	
2-131	622-624	sy	
2-132	625-629	gaan	
2-133	630-634	niet	
2-134	634-635	;	
2-135	636-638	hy	
2-136	639-644	loopt	
2-137	645-647	en	
2-138	648-654	draaft	
2-139	655-657	de	
2-140	658-666	gantsche	
2-141	667-674	weereld	
2-142	675-679	door	
2-143	679-680	,	
2-144	681-687	hoewel	
2-145	688-690	hy	
2-146	691-696	geene	
2-147	697-703	voeten	
2-148	704-709	heeft	
2-149	709-710	;	
2-150	711-713	sy	
2-151	714-719	geven	
2-152	720-724	door	
2-153	725-727	de	
2-154	728-733	keele	
2-155	734-738	geen	
2-156	739-745	geluit	
2-157	745-746	;	
2-158	747-749	hy	
2-159	750-755	geeft	
2-160	756-762	geluid	
2-161	762-763	,	
2-162	764-766	en	
2-163	767-772	raast	
2-164	773-775	en	
2-165	776-781	baart	
2-166	782-784	op	
2-167	785-794	allerleye	
2-168	795-800	wijse	
2-169	800-801	,	
2-170	802-808	sonder	
2-171	809-813	keel	
2-172	813-814	.	

#Text=Daar is dan gansch in den Afgoden
#Text=niets, daar mede sich d' afvallige Isralijten vergeselden, dat in den Duivel word gesteld
#Text=te zijn in opsicht van 't Verbond der toveraars met hem.
3-1	815-819	Daar	
3-2	820-822	is	
3-3	823-826	dan	
3-4	827-833	gansch	
3-5	834-836	in	
3-6	837-840	den	
3-7	841-848	Afgoden	
3-8	849-854	niets	
3-9	854-855	,	
3-10	856-860	daar	
3-11	861-865	mede	
3-12	866-870	sich	
3-13	871-872	d	
3-14	872-873	'	
3-15	874-883	afvallige	
3-16	884-894	Isralijten	
3-17	895-906	vergeselden	
3-18	906-907	,	
3-19	908-911	dat	
3-20	912-914	in	
3-21	915-918	den	
3-22	919-925	Duivel	
3-23	926-930	word	
3-24	931-938	gesteld	
3-25	939-941	te	
3-26	942-946	zijn	
3-27	947-949	in	
3-28	950-957	opsicht	
3-29	958-961	van	
3-30	962-963	'	
3-31	963-964	t	
3-32	965-972	Verbond	
3-33	973-976	der	
3-34	977-986	toveraars	
3-35	987-990	met	
3-36	991-994	hem	
3-37	994-995	.	

#Text=En op dat niemant denke,
#Text=dat ik hier te spottelik op dese wijse spreeke: men tone my maar een plaatse in 't oude
#Text=Testament, alwaar een Afgod anders iet te seggen is dan sulken beeld, van menschen
#Text=handen toegesteld.
4-1	996-998	En	
4-2	999-1001	op	
4-3	1002-1005	dat	
4-4	1006-1013	niemant	
4-5	1014-1019	denke	
4-6	1019-1020	,	
4-7	1021-1024	dat	
4-8	1025-1027	ik	
4-9	1028-1032	hier	
4-10	1033-1035	te	
4-11	1036-1045	spottelik	
4-12	1046-1048	op	
4-13	1049-1053	dese	
4-14	1054-1059	wijse	
4-15	1060-1067	spreeke	
4-16	1067-1068	:	
4-17	1069-1072	men	
4-18	1073-1077	tone	
4-19	1078-1080	my	
4-20	1081-1085	maar	
4-21	1086-1089	een	
4-22	1090-1097	plaatse	
4-23	1098-1100	in	
4-24	1101-1102	'	
4-25	1102-1103	t	
4-26	1104-1108	oude	
4-27	1109-1118	Testament	
4-28	1118-1119	,	
4-29	1120-1126	alwaar	
4-30	1127-1130	een	
4-31	1131-1136	Afgod	
4-32	1137-1143	anders	
4-33	1144-1147	iet	
4-34	1148-1150	te	
4-35	1151-1157	seggen	
4-36	1158-1160	is	
4-37	1161-1164	dan	
4-38	1165-1171	sulken	
4-39	1172-1177	beeld	
4-40	1177-1178	,	
4-41	1179-1182	van	
4-42	1183-1191	menschen	
4-43	1192-1198	handen	
4-44	1199-1209	toegesteld	
4-45	1209-1210	.	

#Text=Want het komt altijd op die woorden van Hiz-
#Text=
#Text=Balthasar Bekker, De betoverde wereld
#Text=
#Text=
#Text=\f
#Text=89
#Text=kyas
#Text=uit;
5-1	1211-1215	Want	
5-2	1216-1219	het	
5-3	1220-1224	komt	
5-4	1225-1231	altijd	
5-5	1232-1234	op	
5-6	1235-1238	die	
5-7	1239-1246	woorden	
5-8	1247-1250	van	
5-9	1251-1254	Hiz	
5-10	1254-1255	-	
5-11	1257-1266	Balthasar	
5-12	1267-1273	Bekker	
5-13	1273-1274	,	
5-14	1275-1277	De	
5-15	1278-1287	betoverde	
5-16	1288-1294	wereld	
5-17	1299-1301	89	
5-18	1302-1306	kyas	
5-19	1307-1310	uit	
5-20	1310-1311	;	
