#FORMAT=WebAnno TSV 3.3
#T_SP=custom.Span|label
#T_RL=custom.Relation|label|BT_custom.Span


#Text=daß dieſes Catechu ein
#Text=auß Betre, Areca und Cate componierter Safft
#Text=
#Text=ſeye/ und in Jndien gemacht werde.
1-1	2-5	daß	_	_	_	
1-2	6-12	dieſes	_	_	_	
1-3	13-20	Catechu	_	_	_	
1-4	21-24	ein	_	_	_	
1-5	25-28	auß	_	_	_	
1-6	29-34	Betre	_	_	_	
1-7	34-35	,	_	_	_	
1-8	36-41	Areca	_	_	_	
1-9	42-45	und	_	_	_	
1-10	46-50	Cate	_	_	_	
1-11	51-63	componierter	_	_	_	
1-12	64-69	Safft	_	_	_	
1-13	71-75	ſeye	_	_	_	
1-14	75-76	/	_	_	_	
1-15	77-80	und	_	_	_	
1-16	81-83	in	_	_	_	
1-17	84-90	Jndien	_	_	_	
1-18	91-98	gemacht	_	_	_	
1-19	99-104	werde	_	_	_	
1-20	104-105	.	_	_	_	

#Text=Betre oder Betelle, J.
2-1	108-113	Betre	_	_	_	
2-2	114-118	oder	_	_	_	
2-3	119-126	Betelle	_	_	_	
2-4	126-127	,	_	_	_	
2-5	128-129	J	_	_	_	
2-6	129-130	.	_	_	_	

#Text=B.
3-1	131-132	B	_	_	_	
3-2	132-133	.	_	_	_	

#Text=Betre ſive Tembul,
#Text=C.
4-1	134-139	Betre	_	_	_	
4-2	140-144	ſive	_	_	_	
4-3	145-151	Tembul	_	_	_	
4-4	151-152	,	_	_	_	
4-5	153-154	C	_	_	_	
4-6	154-155	.	_	_	_	

#Text=B.
5-1	156-157	B	_	_	_	
5-2	157-158	.	_	_	_	

#Text=Betre, Betle, Betele ſive Bethle, Park.
6-1	159-164	Betre	_	_	_	
6-2	164-165	,	_	_	_	
6-3	166-171	Betle	_	_	_	
6-4	171-172	,	_	_	_	
6-5	173-179	Betele	_	_	_	
6-6	180-184	ſive	_	_	_	
6-7	185-191	Bethle	_	_	_	
6-8	191-192	,	_	_	_	
6-9	193-197	Park	_	_	_	
6-10	197-198	.	_	_	_	

#Text=Jſt
#Text=ein Gewaͤchs/
#Text=welches gleich dem Ephew ſich
#Text=an die Baͤum haͤnget
#Text=/ hat gantz bittere laͤng-
#Text=lichte Blaͤtter/
#Text=welche von den Jndianeren
#Text=taͤglich in den Haͤnden getragen und im
#Text=Munde gekewet werden.
7-1	199-202	Jſt	_	_	_	
7-2	203-206	ein	_	_	_	
7-3	207-215	Gewaͤchs	_	_	_	
7-4	215-216	/	_	_	_	
7-5	217-224	welches	_	_	_	
7-6	225-231	gleich	_	_	_	
7-7	232-235	dem	_	_	_	
7-8	236-241	Ephew	_	_	_	
7-9	242-246	ſich	_	_	_	
7-10	247-249	an	_	_	_	
7-11	250-253	die	_	_	_	
7-12	254-259	Baͤum	_	_	_	
7-13	260-267	haͤnget	_	_	_	
7-14	268-269	/	_	_	_	
7-15	270-273	hat	_	_	_	
7-16	274-279	gantz	_	_	_	
7-17	280-287	bittere	_	_	_	
7-18	288-293	laͤng	_	_	_	
7-19	293-294	-	_	_	_	
7-20	295-301	lichte	_	_	_	
7-21	302-310	Blaͤtter	_	_	_	
7-22	310-311	/	_	_	_	
7-23	312-318	welche	_	_	_	
7-24	319-322	von	_	_	_	
7-25	323-326	den	_	_	_	
7-26	327-337	Jndianeren	_	_	_	
7-27	338-346	taͤglich	_	_	_	
7-28	347-349	in	_	_	_	
7-29	350-353	den	_	_	_	
7-30	354-361	Haͤnden	_	_	_	
7-31	362-370	getragen	_	_	_	
7-32	371-374	und	_	_	_	
7-33	375-377	im	_	_	_	
7-34	378-383	Munde	_	_	_	
7-35	384-391	gekewet	_	_	_	
7-36	392-398	werden	_	_	_	
7-37	398-399	.	_	_	_	

#Text=Heut zu tag aber
#Text=hat man erfahren/ daß ſie nicht die Blaͤtter
#Text=allein kewen/ ſondern etliche ſtuͤcklein Arecæ
#Text=
#Text=mit ein wenig Kalch vermiſcht/
#Text=in die Blaͤt-
#Text=ter wickeln/ und alſo in den Mund werffen/
#Text=
#Text=davon denn ein ſo lieblicher geruch auß dem
#Text=Mund gehet/ daß das gantze Gemach da-
#Text=von erfuͤllet wird.
8-1	400-404	Heut	Time[1]	_	_	
8-2	405-407	zu	Time[1]	_	_	
8-3	408-411	tag	Time[1]	_	_	
8-4	412-416	aber	_	_	_	
8-5	417-420	hat	_	_	_	
8-6	421-424	man	_	_	_	
8-7	425-433	erfahren	_	_	_	
8-8	433-434	/	_	_	_	
8-9	435-438	daß	_	_	_	
8-10	439-442	ſie	_	_	_	
8-11	443-448	nicht	_	_	_	
8-12	449-452	die	_	_	_	
8-13	453-461	Blaͤtter	_	_	_	
8-14	462-468	allein	_	_	_	
8-15	469-474	kewen	_	_	_	
8-16	474-475	/	_	_	_	
8-17	476-483	ſondern	_	_	_	
8-18	484-491	etliche	Circumstances[2]	_	_	
8-19	492-502	ſtuͤcklein	Circumstances[2]	_	_	
8-20	503-508	Arecæ	Circumstances[2]	_	_	
8-21	510-513	mit	Circumstances[2]	_	_	
8-22	514-517	ein	Circumstances[2]	_	_	
8-23	518-523	wenig	Circumstances[2]	_	_	
8-24	524-529	Kalch	Circumstances[2]	_	_	
8-25	530-539	vermiſcht	Circumstances[2]	_	_	
8-26	539-540	/	Circumstances[2]	_	_	
8-27	541-543	in	Circumstances[2]	_	_	
8-28	544-547	die	Circumstances[2]	_	_	
8-29	548-553	Blaͤt	Circumstances[2]	_	_	
8-30	553-554	-	Circumstances[2]	_	_	
8-31	555-558	ter	Circumstances[2]	_	_	
8-32	559-566	wickeln	Circumstances[2]	_	_	
8-33	566-567	/	_	_	_	
8-34	568-571	und	_	_	_	
8-35	572-576	alſo	_	_	_	
8-36	577-579	in	Location[3]	_	_	
8-37	580-583	den	Location[3]	_	_	
8-38	584-588	Mund	Location[3]	_	_	
8-39	589-596	werffen	_	_	_	
8-40	596-597	/	_	_	_	
8-41	599-604	davon	_	_	_	
8-42	605-609	denn	_	_	_	
8-43	610-613	ein	_	_	_	
8-44	614-616	ſo	_	_	_	
8-45	617-627	lieblicher	Quality	_	_	
8-46	628-634	geruch	Smell\_Word	*|*|*|*|*|*	8-45|8-47[4_0]|8-36[3_0]|8-53[5_0]|8-1[1_0]|8-18[2_0]	
8-47	635-638	auß	Odour\_Carrier[4]	_	_	
8-48	639-642	dem	Odour\_Carrier[4]	_	_	
8-49	643-647	Mund	Odour\_Carrier[4]	_	_	
8-50	648-653	gehet	_	_	_	
8-51	653-654	/	_	_	_	
8-52	655-658	daß	_	_	_	
8-53	659-662	das	Effect[5]	_	_	
8-54	663-669	gantze	Effect[5]	_	_	
8-55	670-676	Gemach	Effect[5]	_	_	
8-56	677-679	da	Effect[5]	_	_	
8-57	679-680	-	Effect[5]	_	_	
8-58	681-684	von	Effect[5]	_	_	
8-59	685-694	erfuͤllet	Effect[5]	_	_	
8-60	695-699	wird	Effect[5]	_	_	
8-61	699-700	.	_	_	_	

#Text=Areca
#Text=\f
#Text=[269/0285
#Text=]
#Text=
#Text=
#Text=Von den Baum- und Staud-Gewaͤchſen.
9-1	704-709	Areca	_	_	_	
9-2	712-713	[	_	_	_	
9-3	713-716	269	_	_	_	
9-4	716-717	/	_	_	_	
9-5	717-721	0285	_	_	_	
9-6	722-723	]	_	_	_	
9-7	726-729	Von	_	_	_	
9-8	730-733	den	_	_	_	
9-9	734-738	Baum	_	_	_	
9-10	738-739	-	_	_	_	
9-11	740-743	und	_	_	_	
9-12	744-760	Staud-Gewaͤchſen	_	_	_	
9-13	760-761	.	_	_	_	

#Text=Areca aber/ ſive Faufel Palmæ foliis, J.
10-1	766-771	Areca	_	_	_	
10-2	772-776	aber	_	_	_	
10-3	776-777	/	_	_	_	
10-4	778-782	ſive	_	_	_	
10-5	783-789	Faufel	_	_	_	
10-6	790-795	Palmæ	_	_	_	
10-7	796-802	foliis	_	_	_	
10-8	802-803	,	_	_	_	
10-9	804-805	J	_	_	_	
10-10	805-806	.	_	_	_	

#Text=B.
11-1	807-808	B	_	_	_	
11-2	808-809	.	_	_	_	

#Text=Palma cujus
#Text=Fructus ſeſſilis Faufel dicitur, C.
12-1	811-816	Palma	_	_	_	
12-2	817-822	cujus	_	_	_	
12-3	823-830	Fructus	_	_	_	
12-4	831-839	ſeſſilis	_	_	_	
12-5	840-846	Faufel	_	_	_	
12-6	847-854	dicitur	_	_	_	
12-7	854-855	,	_	_	_	
12-8	856-857	C	_	_	_	
12-9	857-858	.	_	_	_	

#Text=B.
13-1	859-860	B	_	_	_	
13-2	860-861	.	_	_	_	

#Text=Caunga, Hort.
14-1	862-868	Caunga	_	_	_	
14-2	868-869	,	_	_	_	
14-3	870-874	Hort	_	_	_	
14-4	874-875	.	_	_	_	
