#FORMAT=WebAnno TSV 3.3


#Text=maxima potui , diligentias Ambra mo praeftantiffinids noftri tem thum exas patis odores,Ainbram,Mo- minantur.
#Text=fchum, Zibethum examidaui, contrectaui , fyncera, milbaq.inter fefe cótuli,arq rádem péritiflimis'ynguenfarijs in confiliuni adhibi.
#Text=çis jexperimento comperi, Zibethum acutiffimú quit zibethi nà dem esse, naresque ferire, ac cura.
#Text=percellere; infuaue ramen, ** graueque, ac fricatione can: cùn-bone odoratum lep ijs enim viderur effe ; quæ Core fricata folium di permesa reddante odorean fuaué,vcfcribit Theos phrast, lib.vi.de cauf plam!
1-1	2-8	maxima	
1-2	9-14	potui	
1-3	15-16	,	
1-4	17-28	diligentias	
1-5	29-34	Ambra	
1-6	35-37	mo	
1-7	38-55	praeftantiffinids	
1-8	56-62	noftri	
1-9	63-66	tem	
1-10	67-71	thum	
1-11	72-76	exas	
1-12	77-82	patis	
1-13	83-89	odores	
1-14	89-90	,	
1-15	90-97	Ainbram	
1-16	97-98	,	
1-17	98-100	Mo	
1-18	100-101	-	
1-19	102-110	minantur	
1-20	110-111	.	
1-21	112-117	fchum	
1-22	117-118	,	
1-23	119-127	Zibethum	
1-24	128-137	examidaui	
1-25	137-138	,	
1-26	139-150	contrectaui	
1-27	151-152	,	
1-28	153-160	fyncera	
1-29	160-161	,	
1-30	162-174	milbaq.inter	
1-31	175-179	fefe	
1-32	180-186	cótuli	
1-33	186-187	,	
1-34	187-190	arq	
1-35	191-196	rádem	
1-36	197-222	péritiflimis'ynguenfarijs	
1-37	223-225	in	
1-38	226-236	confiliuni	
1-39	237-243	adhibi	
1-40	243-244	.	
1-41	245-248	çis	
1-42	249-261	jexperimento	
1-43	262-269	comperi	
1-44	269-270	,	
1-45	271-279	Zibethum	
1-46	280-290	acutiffimú	
1-47	291-295	quit	
1-48	296-303	zibethi	
1-49	304-306	nà	
1-50	307-310	dem	
1-51	311-315	esse	
1-52	315-316	,	
1-53	317-325	naresque	
1-54	326-332	ferire	
1-55	332-333	,	
1-56	334-336	ac	
1-57	337-341	cura	
1-58	341-342	.	
1-59	343-353	percellere	
1-60	353-354	;	
1-61	355-362	infuaue	
1-62	363-368	ramen	
1-63	368-369	,	
1-64	370-371	*	
1-65	371-372	*	
1-66	373-381	graueque	
1-67	381-382	,	
1-68	383-385	ac	
1-69	386-396	fricatione	
1-70	397-400	can	
1-71	400-401	:	
1-72	402-410	cùn-bone	
1-73	411-419	odoratum	
1-74	420-423	lep	
1-75	424-427	ijs	
1-76	428-432	enim	
1-77	433-440	viderur	
1-78	441-445	effe	
1-79	446-447	;	
1-80	448-451	quæ	
1-81	452-456	Core	
1-82	457-464	fricata	
1-83	465-471	folium	
1-84	472-474	di	
1-85	475-482	permesa	
1-86	483-491	reddante	
1-87	492-499	odorean	
1-88	500-505	fuaué	
1-89	505-506	,	
1-90	506-515	vcfcribit	
1-91	516-521	Theos	
1-92	522-528	phrast	
1-93	528-529	,	
1-94	530-539	lib.vi.de	
1-95	540-544	cauf	
1-96	545-549	plam	
1-97	549-550	!	

#Text=cap.
2-1	551-554	cap	
2-2	554-555	.	

#Text=Xif, non enim quodlia
#Text=
#Text=G2
#Text=
#Text=bec
#Text=
#Text=
#Text=
#Text=992
#Text=
#Text=
#Text=
#Text=
#Text=
#Text=diuersa natura.
#Text=bet odoratum qualibet raOdorarorú tione olet : nam aliqua , vý
#Text=
#Text=tus, igne olent;aliqua,ve flores, igne odorem amittunt; aliqua mensa dentibusque cótrica, vt rancida carojalia alio modo, vt.Cardanus ait de Rerum Varietate .
3-1	556-559	Xif	
3-2	559-560	,	
3-3	561-564	non	
3-4	565-569	enim	
3-5	570-577	quodlia	
3-6	579-581	G2	
3-7	583-586	bec	
3-8	590-593	992	
3-9	599-606	diuersa	
3-10	607-613	natura	
3-11	613-614	.	
3-12	615-618	bet	
3-13	619-627	odoratum	
3-14	628-636	qualibet	
3-15	637-648	raOdorarorú	
3-16	649-654	tione	
3-17	655-659	olet	
3-18	660-661	:	
3-19	662-665	nam	
3-20	666-672	aliqua	
3-21	673-674	,	
3-22	675-677	vý	
3-23	679-682	tus	
3-24	682-683	,	
3-25	684-688	igne	
3-26	689-694	olent	
3-27	694-695	;	
3-28	695-701	aliqua	
3-29	701-702	,	
3-30	702-704	ve	
3-31	705-711	flores	
3-32	711-712	,	
3-33	713-717	igne	
3-34	718-724	odorem	
3-35	725-733	amittunt	
3-36	733-734	;	
3-37	735-741	aliqua	
3-38	742-747	mensa	
3-39	748-759	dentibusque	
3-40	760-767	cótrica	
3-41	767-768	,	
3-42	769-771	vt	
3-43	772-779	rancida	
3-44	780-789	carojalia	
3-45	790-794	alio	
3-46	795-799	modo	
3-47	799-800	,	
3-48	801-812	vt.Cardanus	
3-49	813-816	ait	
3-50	817-819	de	
3-51	820-825	Rerum	
3-52	826-835	Varietate	
3-53	836-837	.	

#Text=Illud verò de Zibecho fatis inter peritos vnguentarios con
#Text=
#Text=Itat, quò puriùs id eft atque Zibethum fincerius,cò acutiùs ingrapuriss.ingra
#Text=
#Text=tiufq.olere at verò fricatum acutiffimum quidem odorem {pirare ; non tamen aut grátum, aut fuauem , nifi multo tráfacto teinpore, aut lata illica manu, nam acu.
#Text=tiffimi illi fpiritus,vcheme
#Text=
#Text=que
#Text=
#Text=
#Text=
#Text=tum.
#Text=que eius qualitas vel cempore, vel loci interuallo, vel aqua
#Text=
#Text=demum abftergente opus habet , vr ad gratam mediocritatem rerúdantur, ac temperentur.
4-1	838-843	Illud	
4-2	844-848	verò	
4-3	849-851	de	
4-4	852-859	Zibecho	
4-5	860-865	fatis	
4-6	866-871	inter	
4-7	872-879	peritos	
4-8	880-892	vnguentarios	
4-9	893-896	con	
4-10	898-902	Itat	
4-11	902-903	,	
4-12	904-907	quò	
4-13	908-914	puriùs	
4-14	915-917	id	
4-15	918-921	eft	
4-16	922-927	atque	
4-17	928-936	Zibethum	
4-18	937-946	fincerius	
4-19	946-947	,	
4-20	947-949	cò	
4-21	950-957	acutiùs	
4-22	958-975	ingrapuriss.ingra	
4-23	977-988	tiufq.olere	
4-24	989-991	at	
4-25	992-996	verò	
4-26	997-1005	fricatum	
4-27	1006-1017	acutiffimum	
4-28	1018-1024	quidem	
4-29	1025-1031	odorem	
4-30	1032-1033	{	
4-31	1033-1039	pirare	
4-32	1040-1041	;	
4-33	1042-1045	non	
4-34	1046-1051	tamen	
4-35	1052-1055	aut	
4-36	1056-1062	grátum	
4-37	1062-1063	,	
4-38	1064-1067	aut	
4-39	1068-1074	fuauem	
4-40	1075-1076	,	
4-41	1077-1081	nifi	
4-42	1082-1087	multo	
4-43	1088-1096	tráfacto	
4-44	1097-1105	teinpore	
4-45	1105-1106	,	
4-46	1107-1110	aut	
4-47	1111-1115	lata	
4-48	1116-1122	illica	
4-49	1123-1127	manu	
4-50	1127-1128	,	
4-51	1129-1132	nam	
4-52	1133-1136	acu	
4-53	1136-1137	.	
4-54	1138-1145	tiffimi	
4-55	1146-1150	illi	
4-56	1151-1159	fpiritus	
4-57	1159-1160	,	
4-58	1160-1166	vcheme	
4-59	1168-1171	que	
4-60	1175-1178	tum	
4-61	1178-1179	.	
4-62	1180-1183	que	
4-63	1184-1188	eius	
4-64	1189-1197	qualitas	
4-65	1198-1201	vel	
4-66	1202-1209	cempore	
4-67	1209-1210	,	
4-68	1211-1214	vel	
4-69	1215-1219	loci	
4-70	1220-1230	interuallo	
4-71	1230-1231	,	
4-72	1232-1235	vel	
4-73	1236-1240	aqua	
4-74	1242-1247	demum	
4-75	1248-1259	abftergente	
4-76	1260-1264	opus	
4-77	1265-1270	habet	
4-78	1271-1272	,	
4-79	1273-1275	vr	
4-80	1276-1278	ad	
4-81	1279-1285	gratam	
4-82	1286-1299	mediocritatem	
4-83	1300-1310	rerúdantur	
4-84	1310-1311	,	
4-85	1312-1314	ac	
4-86	1315-1326	temperentur	
4-87	1326-1327	.	

#Text=Ex quibus vel obiter intelligere poslumus , non ex eo Zibeckum, longè diffitum , fuauius olere, Quòd odor , vt ait Arist.
5-1	1328-1330	Ex	
5-2	1331-1337	quibus	
5-3	1338-1341	vel	
5-4	1342-1348	obiter	
5-5	1349-1360	intelligere	
5-6	1361-1369	poslumus	
5-7	1370-1371	,	
5-8	1372-1375	non	
5-9	1376-1378	ex	
5-10	1379-1381	eo	
5-11	1382-1390	Zibeckum	
5-12	1390-1391	,	
5-13	1392-1397	longè	
5-14	1398-1406	diffitum	
5-15	1407-1408	,	
5-16	1409-1416	fuauius	
5-17	1417-1422	olere	
5-18	1422-1423	,	
5-19	1424-1428	Quòd	
5-20	1429-1433	odor	
5-21	1434-1435	,	
5-22	1436-1438	vt	
5-23	1439-1442	ait	
5-24	1443-1448	Arist	
5-25	1448-1449	.	

#Text=Theophra& Theophr.
#Text=ad locum remotio- ftor.
#Text=exami sem purus fincerusque deferatur:sed nantur lib. potius econtrariò, quòd mi- Plant.
#Text=cap.
#Text=nùs sincerus aërique magis Probl.i.
#Text=permistus effundatur.
#Text=diffu.
#Text=sus enim longè latèque obcunditur zibethi odor,&,abo lita yehemétia, dissipatisque {piritibus, qui acerrimno im.
#Text=petu sensum feriebant , fua
#Text=
#Text=uis temperatur.
6-1	1450-1458	Theophra	
6-2	1458-1459	&	
6-3	1460-1467	Theophr	
6-4	1467-1468	.	
6-5	1469-1471	ad	
6-6	1472-1477	locum	
6-7	1478-1485	remotio	
6-8	1485-1486	-	
6-9	1487-1491	ftor	
6-10	1491-1492	.	
6-11	1493-1498	exami	
6-12	1499-1502	sem	
6-13	1503-1508	purus	
6-14	1509-1520	fincerusque	
6-15	1521-1530	deferatur	
6-16	1530-1531	:	
6-17	1531-1534	sed	
6-18	1535-1541	nantur	
6-19	1542-1545	lib	
6-20	1545-1546	.	
6-21	1547-1553	potius	
6-22	1554-1564	econtrariò	
6-23	1564-1565	,	
6-24	1566-1570	quòd	
6-25	1571-1573	mi	
6-26	1573-1574	-	
6-27	1575-1580	Plant	
6-28	1580-1581	.	
6-29	1582-1585	cap	
6-30	1585-1586	.	
6-31	1587-1590	nùs	
6-32	1591-1599	sincerus	
6-33	1600-1607	aërique	
6-34	1608-1613	magis	
6-35	1614-1621	Probl.i	
6-36	1621-1622	.	
6-37	1623-1632	permistus	
6-38	1633-1643	effundatur	
6-39	1643-1644	.	
6-40	1645-1650	diffu	
6-41	1650-1651	.	
6-42	1652-1655	sus	
6-43	1656-1660	enim	
6-44	1661-1666	longè	
6-45	1667-1674	latèque	
6-46	1675-1685	obcunditur	
6-47	1686-1693	zibethi	
6-48	1694-1698	odor	
6-49	1698-1699	,	
6-50	1699-1700	&	
6-51	1700-1701	,	
6-52	1701-1704	abo	
6-53	1705-1709	lita	
6-54	1710-1719	yehemétia	
6-55	1719-1720	,	
6-56	1721-1734	dissipatisque	
6-57	1735-1736	{	
6-58	1736-1745	piritibus	
6-59	1745-1746	,	
6-60	1747-1750	qui	
6-61	1751-1760	acerrimno	
6-62	1761-1763	im	
6-63	1763-1764	.	
6-64	1765-1769	petu	
6-65	1770-1776	sensum	
6-66	1777-1786	feriebant	
6-67	1787-1788	,	
6-68	1789-1792	fua	
6-69	1794-1797	uis	
6-70	1798-1808	temperatur	
6-71	1808-1809	.	

#Text=Nec exiftiObie&io .
7-1	1810-1813	Nec	
7-2	1814-1824	exiftiObie	
7-3	1824-1825	&	
7-4	1825-1827	io	
7-5	1828-1829	.	
