#FORMAT=WebAnno TSV 3.3
#T_SP=custom.Span|label
#T_RL=custom.Relation|label|BT_custom.Span


#Text=2.
1-1	4-5	2	_	_	_	
1-2	5-6	.	_	_	_	

#Text=Dextrin, gebrannte Stärke, geröſtete Stärke, Stärke-
#Text=gummi, Leiogomme, Leiocom, Gommeline.
2-1	7-14	Dextrin	_	_	_	
2-2	14-15	,	_	_	_	
2-3	16-25	gebrannte	_	_	_	
2-4	26-32	Stärke	_	_	_	
2-5	32-33	,	_	_	_	
2-6	34-43	geröſtete	_	_	_	
2-7	44-50	Stärke	_	_	_	
2-8	50-51	,	_	_	_	
2-9	52-58	Stärke	_	_	_	
2-10	58-59	-	_	_	_	
2-11	60-65	gummi	_	_	_	
2-12	65-66	,	_	_	_	
2-13	67-76	Leiogomme	_	_	_	
2-14	76-77	,	_	_	_	
2-15	78-85	Leiocom	_	_	_	
2-16	85-86	,	_	_	_	
2-17	87-96	Gommeline	_	_	_	
2-18	96-97	.	_	_	_	

#Text=Alle dieſe Namen ſind
#Text=Bezeichnungen für eine durch Röſten oder durch Behandlung mit verdünnten
#Text=Säuren in eine lösliche Modifikation übergeführte Stärke.
3-1	98-102	Alle	_	_	_	
3-2	103-108	dieſe	_	_	_	
3-3	109-114	Namen	_	_	_	
3-4	115-119	ſind	_	_	_	
3-5	120-133	Bezeichnungen	_	_	_	
3-6	134-137	für	_	_	_	
3-7	138-142	eine	_	_	_	
3-8	143-148	durch	_	_	_	
3-9	149-155	Röſten	_	_	_	
3-10	156-160	oder	_	_	_	
3-11	161-166	durch	_	_	_	
3-12	167-177	Behandlung	_	_	_	
3-13	178-181	mit	_	_	_	
3-14	182-192	verdünnten	_	_	_	
3-15	193-199	Säuren	_	_	_	
3-16	200-202	in	_	_	_	
3-17	203-207	eine	_	_	_	
3-18	208-216	lösliche	_	_	_	
3-19	217-229	Modifikation	_	_	_	
3-20	230-242	übergeführte	_	_	_	
3-21	243-249	Stärke	_	_	_	
3-22	249-250	.	_	_	_	

#Text=Das Dextrin iſt
#Text=ein Uebergangsprodukt von der Stärke zum Stärkezucker und als ſolcher
#Text=ſelten reines Dextrin, ſondern ein wechſelndes Gemiſch von Zwiſchenprodukten,
#Text=
#Text=
#Text=20*
#Text=\f
#Text=[308/0334
#Text=]
#Text=
#Text=deren eine ganze Anzahl exiſtieren und deren hauptſächlichſtes das Dextrin iſt.
4-1	251-254	Das	_	_	_	
4-2	255-262	Dextrin	_	_	_	
4-3	263-266	iſt	_	_	_	
4-4	267-270	ein	_	_	_	
4-5	271-288	Uebergangsprodukt	_	_	_	
4-6	289-292	von	_	_	_	
4-7	293-296	der	_	_	_	
4-8	297-303	Stärke	_	_	_	
4-9	304-307	zum	_	_	_	
4-10	308-320	Stärkezucker	_	_	_	
4-11	321-324	und	_	_	_	
4-12	325-328	als	_	_	_	
4-13	329-336	ſolcher	_	_	_	
4-14	337-343	ſelten	_	_	_	
4-15	344-350	reines	_	_	_	
4-16	351-358	Dextrin	_	_	_	
4-17	358-359	,	_	_	_	
4-18	360-367	ſondern	_	_	_	
4-19	368-371	ein	_	_	_	
4-20	372-383	wechſelndes	_	_	_	
4-21	384-391	Gemiſch	_	_	_	
4-22	392-395	von	_	_	_	
4-23	396-413	Zwiſchenprodukten	_	_	_	
4-24	413-414	,	_	_	_	
4-25	417-419	20	_	_	_	
4-26	419-420	*	_	_	_	
4-27	423-424	[	_	_	_	
4-28	424-427	308	_	_	_	
4-29	427-428	/	_	_	_	
4-30	428-432	0334	_	_	_	
4-31	433-434	]	_	_	_	
4-32	436-441	deren	_	_	_	
4-33	442-446	eine	_	_	_	
4-34	447-452	ganze	_	_	_	
4-35	453-459	Anzahl	_	_	_	
4-36	460-470	exiſtieren	_	_	_	
4-37	471-474	und	_	_	_	
4-38	475-480	deren	_	_	_	
4-39	481-498	hauptſächlichſtes	_	_	_	
4-40	499-502	das	_	_	_	
4-41	503-510	Dextrin	_	_	_	
4-42	511-514	iſt	_	_	_	
4-43	514-515	.	_	_	_	

#Text=Das Dextrin des Handels iſt alſo ein Gemiſch von reinem Dextrin mit den
#Text=übrigen Zwiſchenprodukten.
5-1	518-521	Das	_	_	_	
5-2	522-529	Dextrin	_	_	_	
5-3	530-533	des	_	_	_	
5-4	534-541	Handels	_	_	_	
5-5	542-545	iſt	_	_	_	
5-6	546-550	alſo	_	_	_	
5-7	551-554	ein	_	_	_	
5-8	555-562	Gemiſch	_	_	_	
5-9	563-566	von	_	_	_	
5-10	567-573	reinem	_	_	_	
5-11	574-581	Dextrin	_	_	_	
5-12	582-585	mit	_	_	_	
5-13	586-589	den	_	_	_	
5-14	590-597	übrigen	_	_	_	
5-15	598-615	Zwiſchenprodukten	_	_	_	
5-16	615-616	.	_	_	_	

#Text=Es kommt entweder als rein weißes Pulver
#Text=(reines Dextrin) oder als gelbliches bis bräunliches Pulver (gebrannte Stärke)
#Text=
#Text=oder als gummiartiges Pulver von weißlicher Farbe in den Handel.
6-1	617-619	Es	_	_	_	
6-2	620-625	kommt	_	_	_	
6-3	626-634	entweder	_	_	_	
6-4	635-638	als	_	_	_	
6-5	639-643	rein	_	_	_	
6-6	644-650	weißes	_	_	_	
6-7	651-657	Pulver	_	_	_	
6-8	658-659	(	_	_	_	
6-9	659-665	reines	_	_	_	
6-10	666-673	Dextrin	_	_	_	
6-11	673-674	)	_	_	_	
6-12	675-679	oder	_	_	_	
6-13	680-683	als	_	_	_	
6-14	684-694	gelbliches	_	_	_	
6-15	695-698	bis	_	_	_	
6-16	699-710	bräunliches	_	_	_	
6-17	711-717	Pulver	_	_	_	
6-18	718-719	(	_	_	_	
6-19	719-728	gebrannte	_	_	_	
6-20	729-735	Stärke	_	_	_	
6-21	735-736	)	_	_	_	
6-22	738-742	oder	_	_	_	
6-23	743-746	als	_	_	_	
6-24	747-759	gummiartiges	_	_	_	
6-25	760-766	Pulver	_	_	_	
6-26	767-770	von	_	_	_	
6-27	771-781	weißlicher	_	_	_	
6-28	782-787	Farbe	_	_	_	
6-29	788-790	in	_	_	_	
6-30	791-794	den	_	_	_	
6-31	795-801	Handel	_	_	_	
6-32	801-802	.	_	_	_	

#Text=Das
#Text=reine Dextrin iſt geruch- und geſchmacklos und löſt ſich in gleichen Teilen
#Text=
#Text=Waſſer zu einem neutral reagierenden, klebrigen Syrup.
7-1	803-806	Das	Smell\_Source[1]	_	_	
7-2	807-812	reine	Smell\_Source[1]	_	_	
7-3	813-820	Dextrin	Smell\_Source[1]	_	_	
7-4	821-824	iſt	_	_	_	
7-5	825-831	geruch	Quality[2]|Smell\_Word[3]	*|*	7-5[2_3]|7-1[1_3]	
7-6	831-832	-	Quality[2]	_	_	
7-7	833-836	und	Quality[2]	_	_	
7-8	837-849	geſchmacklos	Quality[2]	_	_	
7-9	850-853	und	_	_	_	
7-10	854-858	löſt	_	_	_	
7-11	859-863	ſich	_	_	_	
7-12	864-866	in	_	_	_	
7-13	867-875	gleichen	_	_	_	
7-14	876-882	Teilen	_	_	_	
7-15	884-890	Waſſer	_	_	_	
7-16	891-893	zu	_	_	_	
7-17	894-899	einem	_	_	_	
7-18	900-907	neutral	_	_	_	
7-19	908-920	reagierenden	_	_	_	
7-20	920-921	,	_	_	_	
7-21	922-931	klebrigen	_	_	_	
7-22	932-937	Syrup	_	_	_	
7-23	937-938	.	_	_	_	

#Text=Die beiden andern
#Text=
#Text=Handelsprodukte löſen ſich nicht vollſtändig, es bleibt ein erheblicher Rück-
#Text=ſtand ungelöſt.
8-1	939-942	Die	_	_	_	
8-2	943-949	beiden	_	_	_	
8-3	950-956	andern	_	_	_	
8-4	958-973	Handelsprodukte	_	_	_	
8-5	974-979	löſen	_	_	_	
8-6	980-984	ſich	_	_	_	
8-7	985-990	nicht	_	_	_	
8-8	991-1002	vollſtändig	_	_	_	
8-9	1002-1003	,	_	_	_	
8-10	1004-1006	es	_	_	_	
8-11	1007-1013	bleibt	_	_	_	
8-12	1014-1017	ein	_	_	_	
8-13	1018-1029	erheblicher	_	_	_	
8-14	1030-1034	Rück	_	_	_	
8-15	1034-1035	-	_	_	_	
8-16	1036-1041	ſtand	_	_	_	
8-17	1042-1050	ungelöſt	_	_	_	
8-18	1050-1051	.	_	_	_	

#Text=In der Praxis pflegt man als „Dextrin“ nur die aus
#Text=Kartoffelſtärke durch Erwärmen mit verdünnter Schwefelſäure dargeſtellte
#Text=Ware, dagegen als „Leiogomme“ oder „Gommeline“ die durch Röſten aus
#Text=Kartoffelſtärke bereitete zu bezeichnen.
9-1	1052-1054	In	_	_	_	
9-2	1055-1058	der	_	_	_	
9-3	1059-1065	Praxis	_	_	_	
9-4	1066-1072	pflegt	_	_	_	
9-5	1073-1076	man	_	_	_	
9-6	1077-1080	als	_	_	_	
9-7	1081-1082	„	_	_	_	
9-8	1082-1089	Dextrin	_	_	_	
9-9	1089-1090	“	_	_	_	
9-10	1091-1094	nur	_	_	_	
9-11	1095-1098	die	_	_	_	
9-12	1099-1102	aus	_	_	_	
9-13	1103-1118	Kartoffelſtärke	_	_	_	
9-14	1119-1124	durch	_	_	_	
9-15	1125-1133	Erwärmen	_	_	_	
9-16	1134-1137	mit	_	_	_	
9-17	1138-1148	verdünnter	_	_	_	
9-18	1149-1162	Schwefelſäure	_	_	_	
9-19	1163-1175	dargeſtellte	_	_	_	
9-20	1176-1180	Ware	_	_	_	
9-21	1180-1181	,	_	_	_	
9-22	1182-1189	dagegen	_	_	_	
9-23	1190-1193	als	_	_	_	
9-24	1194-1195	„	_	_	_	
9-25	1195-1204	Leiogomme	_	_	_	
9-26	1204-1205	“	_	_	_	
9-27	1206-1210	oder	_	_	_	
9-28	1211-1212	„	_	_	_	
9-29	1212-1221	Gommeline	_	_	_	
9-30	1221-1222	“	_	_	_	
9-31	1223-1226	die	_	_	_	
9-32	1227-1232	durch	_	_	_	
9-33	1233-1239	Röſten	_	_	_	
9-34	1240-1243	aus	_	_	_	
9-35	1244-1259	Kartoffelſtärke	_	_	_	
9-36	1260-1269	bereitete	_	_	_	
9-37	1270-1272	zu	_	_	_	
9-38	1273-1283	bezeichnen	_	_	_	
9-39	1283-1284	.	_	_	_	

#Text=Das Dextrin enthält bis zu 8 Prozent
#Text=
#Text=Waſſer.
#Text=— Prüfung: Die Prüfung erſtreckt ſich auf den Waſſergehalt,
#Text=auf die Neutralität und auf das Verdickungsvermögen.
#Text=— Anwendung:
10-1	1285-1288	Das	_	_	_	
10-2	1289-1296	Dextrin	_	_	_	
10-3	1297-1304	enthält	_	_	_	
10-4	1305-1308	bis	_	_	_	
10-5	1309-1311	zu	_	_	_	
10-6	1312-1313	8	_	_	_	
10-7	1314-1321	Prozent	_	_	_	
10-8	1323-1329	Waſſer	_	_	_	
10-9	1329-1330	.	_	_	_	
10-10	1331-1332	—	_	_	_	
10-11	1333-1340	Prüfung	_	_	_	
10-12	1340-1341	:	_	_	_	
10-13	1342-1345	Die	_	_	_	
10-14	1346-1353	Prüfung	_	_	_	
10-15	1354-1363	erſtreckt	_	_	_	
10-16	1364-1368	ſich	_	_	_	
10-17	1369-1372	auf	_	_	_	
10-18	1373-1376	den	_	_	_	
10-19	1377-1389	Waſſergehalt	_	_	_	
10-20	1389-1390	,	_	_	_	
10-21	1391-1394	auf	_	_	_	
10-22	1395-1398	die	_	_	_	
10-23	1399-1410	Neutralität	_	_	_	
10-24	1411-1414	und	_	_	_	
10-25	1415-1418	auf	_	_	_	
10-26	1419-1422	das	_	_	_	
10-27	1423-1442	Verdickungsvermögen	_	_	_	
10-28	1442-1443	.	_	_	_	
10-29	1444-1445	—	_	_	_	
10-30	1446-1455	Anwendung	_	_	_	
10-31	1455-1456	:	_	_	_	
