#FORMAT=WebAnno TSV 3.3


#Text=Dan vult men de aderen, of gooten, met deeze volgende vuur-stoffen, te
#Text=weten, een deel buskruit, een half deel salpeter, een vierde deel harpuis, en een
#Text=vierde deel gemeene solfer, alles wel klein gewreven, en met lyn-zaat-olie
#Text=aangemaakt, doch niet te vochtigh, op dat de brandt niet te traagh worde; want hoe
#Text=shelder hoe beter.
1-1	2-5	Dan	
1-2	6-10	vult	
1-3	11-14	men	
1-4	15-17	de	
1-5	18-24	aderen	
1-6	24-25	,	
1-7	26-28	of	
1-8	29-35	gooten	
1-9	35-36	,	
1-10	37-40	met	
1-11	41-46	deeze	
1-12	47-55	volgende	
1-13	56-68	vuur-stoffen	
1-14	68-69	,	
1-15	70-72	te	
1-16	73-78	weten	
1-17	78-79	,	
1-18	80-83	een	
1-19	84-88	deel	
1-20	89-97	buskruit	
1-21	97-98	,	
1-22	99-102	een	
1-23	103-107	half	
1-24	108-112	deel	
1-25	113-121	salpeter	
1-26	121-122	,	
1-27	123-126	een	
1-28	127-133	vierde	
1-29	134-138	deel	
1-30	139-146	harpuis	
1-31	146-147	,	
1-32	148-150	en	
1-33	151-154	een	
1-34	155-161	vierde	
1-35	162-166	deel	
1-36	167-174	gemeene	
1-37	175-181	solfer	
1-38	181-182	,	
1-39	183-188	alles	
1-40	189-192	wel	
1-41	193-198	klein	
1-42	199-207	gewreven	
1-43	207-208	,	
1-44	209-211	en	
1-45	212-215	met	
1-46	216-229	lyn-zaat-olie	
1-47	230-240	aangemaakt	
1-48	240-241	,	
1-49	242-246	doch	
1-50	247-251	niet	
1-51	252-254	te	
1-52	255-263	vochtigh	
1-53	263-264	,	
1-54	265-267	op	
1-55	268-271	dat	
1-56	272-274	de	
1-57	275-281	brandt	
1-58	282-286	niet	
1-59	287-289	te	
1-60	290-296	traagh	
1-61	297-302	worde	
1-62	302-303	;	
1-63	304-308	want	
1-64	309-312	hoe	
1-65	313-320	shelder	
1-66	321-324	hoe	
1-67	325-330	beter	
1-68	330-331	.	

#Text=Daar na overdekt men deeze gooten met gesolfert doek, of met
#Text=kardoes-papier.
2-1	332-336	Daar	
2-2	337-339	na	
2-3	340-348	overdekt	
2-4	349-352	men	
2-5	353-358	deeze	
2-6	359-365	gooten	
2-7	366-369	met	
2-8	370-379	gesolfert	
2-9	380-384	doek	
2-10	384-385	,	
2-11	386-388	of	
2-12	389-392	met	
2-13	393-407	kardoes-papier	
2-14	407-408	.	

#Text=Daaren-boven moet men veel dunne gesneeden spaanderen van
#Text=licht hout hebben, aan boskens gebonden, en in de traan gesteken;
#Text=die dan
#Text=daksgewyze tegen malkanderen aan, dwars over de gooten heen, werden gestelt.
3-1	409-421	Daaren-boven	
3-2	422-426	moet	
3-3	427-430	men	
3-4	431-435	veel	
3-5	436-441	dunne	
3-6	442-451	gesneeden	
3-7	452-462	spaanderen	
3-8	463-466	van	
3-9	467-472	licht	
3-10	473-477	hout	
3-11	478-484	hebben	
3-12	484-485	,	
3-13	486-489	aan	
3-14	490-497	boskens	
3-15	498-506	gebonden	
3-16	506-507	,	
3-17	508-510	en	
3-18	511-513	in	
3-19	514-516	de	
3-20	517-522	traan	
3-21	523-531	gesteken	
3-22	531-532	;	
3-23	533-536	die	
3-24	537-540	dan	
3-25	541-551	daksgewyze	
3-26	552-557	tegen	
3-27	558-569	malkanderen	
3-28	570-573	aan	
3-29	573-574	,	
3-30	575-580	dwars	
3-31	581-585	over	
3-32	586-588	de	
3-33	589-595	gooten	
3-34	596-600	heen	
3-35	600-601	,	
3-36	602-608	werden	
3-37	609-616	gestelt	
3-38	616-617	.	

#Text=Over deeze spaanderen zet men wederom menighte van dunne takke-bossen, die
#Text=wel droogh zyn, mede daksgewyze, over de gooten heen, met de einden tegen
#Text=malkanderen aan:
#Text=welke takke-bossen eerst wel bestreken worden met de volgende
#Text=vuur-stoffen, te weten, gemeene solfer, gestooten en gestmolten, een party salpeter,
#Text=drie vierde deel grof buskruit, een half deel harpuis en traan, alles wel door een
#Text=geroert.
4-1	619-623	Over	
4-2	624-629	deeze	
4-3	630-640	spaanderen	
4-4	641-644	zet	
4-5	645-648	men	
4-6	649-656	wederom	
4-7	657-665	menighte	
4-8	666-669	van	
4-9	670-675	dunne	
4-10	676-688	takke-bossen	
4-11	688-689	,	
4-12	690-693	die	
4-13	694-697	wel	
4-14	698-704	droogh	
4-15	705-708	zyn	
4-16	708-709	,	
4-17	710-714	mede	
4-18	715-725	daksgewyze	
4-19	725-726	,	
4-20	727-731	over	
4-21	732-734	de	
4-22	735-741	gooten	
4-23	742-746	heen	
4-24	746-747	,	
4-25	748-751	met	
4-26	752-754	de	
4-27	755-761	einden	
4-28	762-767	tegen	
4-29	768-779	malkanderen	
4-30	780-783	aan	
4-31	783-784	:	
4-32	785-790	welke	
4-33	791-803	takke-bossen	
4-34	804-809	eerst	
4-35	810-813	wel	
4-36	814-823	bestreken	
4-37	824-830	worden	
4-38	831-834	met	
4-39	835-837	de	
4-40	838-846	volgende	
4-41	847-859	vuur-stoffen	
4-42	859-860	,	
4-43	861-863	te	
4-44	864-869	weten	
4-45	869-870	,	
4-46	871-878	gemeene	
4-47	879-885	solfer	
4-48	885-886	,	
4-49	887-896	gestooten	
4-50	897-899	en	
4-51	900-910	gestmolten	
4-52	910-911	,	
4-53	912-915	een	
4-54	916-921	party	
4-55	922-930	salpeter	
4-56	930-931	,	
4-57	932-936	drie	
4-58	937-943	vierde	
4-59	944-948	deel	
4-60	949-953	grof	
4-61	954-962	buskruit	
4-62	962-963	,	
4-63	964-967	een	
4-64	968-972	half	
4-65	973-977	deel	
4-66	978-985	harpuis	
4-67	986-988	en	
4-68	989-994	traan	
4-69	994-995	,	
4-70	996-1001	alles	
4-71	1002-1005	wel	
4-72	1006-1010	door	
4-73	1011-1014	een	
4-74	1015-1022	geroert	
4-75	1022-1023	.	

#Text=Dan hangt men noch alderhande brandt-stoffe onder langs het verdek
#Text=heenen, dat mede aan alle kanten wel verzien is met goede lucht-gaten, en
#Text=
#Text=Nicolaas Witsen, Aaloude en hedendaagsche scheeps-bouw en bestier
#Text=
#Text=\fverscheide bossen met wel beteert kabel-garen, en solfer-bossen, hebbende den
#Text=overloop, de boorden van binnen, mitsgaders het verdek van onderen, wel vet
#Text=beteert, en met gestooten harpuis en zwavel bestrooit:
#Text=aldus zal men een zeer
#Text=vreezelyken en snellen brandt hebben.
5-1	1024-1027	Dan	
5-2	1028-1033	hangt	
5-3	1034-1037	men	
5-4	1038-1042	noch	
5-5	1043-1053	alderhande	
5-6	1054-1067	brandt-stoffe	
5-7	1068-1073	onder	
5-8	1074-1079	langs	
5-9	1080-1083	het	
5-10	1084-1090	verdek	
5-11	1091-1097	heenen	
5-12	1097-1098	,	
5-13	1099-1102	dat	
5-14	1103-1107	mede	
5-15	1108-1111	aan	
5-16	1112-1116	alle	
5-17	1117-1123	kanten	
5-18	1124-1127	wel	
5-19	1128-1135	verzien	
5-20	1136-1138	is	
5-21	1139-1142	met	
5-22	1143-1148	goede	
5-23	1149-1160	lucht-gaten	
5-24	1160-1161	,	
5-25	1162-1164	en	
5-26	1166-1174	Nicolaas	
5-27	1175-1181	Witsen	
5-28	1181-1182	,	
5-29	1183-1190	Aaloude	
5-30	1191-1193	en	
5-31	1194-1207	hedendaagsche	
5-32	1208-1220	scheeps-bouw	
5-33	1221-1223	en	
5-34	1224-1231	bestier	
5-35	1234-1244	verscheide	
5-36	1245-1251	bossen	
5-37	1252-1255	met	
5-38	1256-1259	wel	
5-39	1260-1267	beteert	
5-40	1268-1279	kabel-garen	
5-41	1279-1280	,	
5-42	1281-1283	en	
5-43	1284-1297	solfer-bossen	
5-44	1297-1298	,	
5-45	1299-1307	hebbende	
5-46	1308-1311	den	
5-47	1312-1320	overloop	
5-48	1320-1321	,	
5-49	1322-1324	de	
5-50	1325-1332	boorden	
5-51	1333-1336	van	
5-52	1337-1343	binnen	
5-53	1343-1344	,	
5-54	1345-1355	mitsgaders	
5-55	1356-1359	het	
5-56	1360-1366	verdek	
5-57	1367-1370	van	
5-58	1371-1378	onderen	
5-59	1378-1379	,	
5-60	1380-1383	wel	
5-61	1384-1387	vet	
5-62	1388-1395	beteert	
5-63	1395-1396	,	
5-64	1397-1399	en	
5-65	1400-1403	met	
5-66	1404-1413	gestooten	
5-67	1414-1421	harpuis	
5-68	1422-1424	en	
5-69	1425-1431	zwavel	
5-70	1432-1441	bestrooit	
5-71	1441-1442	:	
5-72	1443-1448	aldus	
5-73	1449-1452	zal	
5-74	1453-1456	men	
5-75	1457-1460	een	
5-76	1461-1465	zeer	
5-77	1466-1477	vreezelyken	
5-78	1478-1480	en	
5-79	1481-1488	snellen	
5-80	1489-1495	brandt	
5-81	1496-1502	hebben	
5-82	1502-1503	.	

#Text=Men vult deeze Scheepen ook wel met open
#Text=tonnen, vol van gepekte en geteerde krullen.
6-1	1504-1507	Men	
6-2	1508-1512	vult	
6-3	1513-1518	deeze	
6-4	1519-1527	Scheepen	
6-5	1528-1531	ook	
6-6	1532-1535	wel	
6-7	1536-1539	met	
6-8	1540-1544	open	
6-9	1545-1551	tonnen	
6-10	1551-1552	,	
6-11	1553-1556	vol	
6-12	1557-1560	van	
6-13	1561-1568	gepekte	
6-14	1569-1571	en	
6-15	1572-1580	geteerde	
6-16	1581-1588	krullen	
6-17	1588-1589	.	

#Text=Als men deeze Branders begeert te gebruiken, dan moet men alle poorten, luiken
#Text=en lucht-gaten openen;
#Text='t geen vaak geschiedt met kamers, die men daar tegen
#Text=stelt, welke, door een loopendt vuur los gaande, de zelvige alle te gelyk openen.
7-1	1592-1595	Als	
7-2	1596-1599	men	
7-3	1600-1605	deeze	
7-4	1606-1614	Branders	
7-5	1615-1622	begeert	
7-6	1623-1625	te	
7-7	1626-1635	gebruiken	
7-8	1635-1636	,	
7-9	1637-1640	dan	
7-10	1641-1645	moet	
7-11	1646-1649	men	
7-12	1650-1654	alle	
7-13	1655-1662	poorten	
7-14	1662-1663	,	
7-15	1664-1670	luiken	
7-16	1671-1673	en	
7-17	1674-1685	lucht-gaten	
7-18	1686-1692	openen	
7-19	1692-1693	;	
7-20	1694-1695	'	
7-21	1695-1696	t	
7-22	1697-1701	geen	
7-23	1702-1706	vaak	
7-24	1707-1716	geschiedt	
7-25	1717-1720	met	
7-26	1721-1727	kamers	
7-27	1727-1728	,	
7-28	1729-1732	die	
7-29	1733-1736	men	
7-30	1737-1741	daar	
7-31	1742-1747	tegen	
7-32	1748-1753	stelt	
7-33	1753-1754	,	
7-34	1755-1760	welke	
7-35	1760-1761	,	
7-36	1762-1766	door	
7-37	1767-1770	een	
7-38	1771-1779	loopendt	
7-39	1780-1784	vuur	
7-40	1785-1788	los	
7-41	1789-1795	gaande	
7-42	1795-1796	,	
7-43	1797-1799	de	
7-44	1800-1807	zelvige	
7-45	1808-1812	alle	
7-46	1813-1815	te	
7-47	1816-1821	gelyk	
7-48	1822-1828	openen	
7-49	1828-1829	.	

#Text=Zy hebben voor onder de boegh-spriet een wakkere dregge, aan een ketting
#Text=hangende:
#Text=van gelyken onder de nok van elke ree eene, die met een dunne
#Text=paerde-lyn langs het Schip heen geleid worden tot de stuur-plecht, by de man te
#Text=roer; welke lyn hy, zoo haast als het Schip aan boort leit, moet afsnyden, eer dat
#Text=den brandt daar in gesteken wordt.
8-1	1832-1834	Zy	
8-2	1835-1841	hebben	
8-3	1842-1846	voor	
8-4	1847-1852	onder	
8-5	1853-1855	de	
8-6	1856-1868	boegh-spriet	
8-7	1869-1872	een	
8-8	1873-1880	wakkere	
8-9	1881-1887	dregge	
8-10	1887-1888	,	
8-11	1889-1892	aan	
8-12	1893-1896	een	
8-13	1897-1904	ketting	
8-14	1905-1913	hangende	
8-15	1913-1914	:	
8-16	1915-1918	van	
8-17	1919-1926	gelyken	
8-18	1927-1932	onder	
8-19	1933-1935	de	
8-20	1936-1939	nok	
8-21	1940-1943	van	
8-22	1944-1948	elke	
8-23	1949-1952	ree	
8-24	1953-1957	eene	
8-25	1957-1958	,	
8-26	1959-1962	die	
8-27	1963-1966	met	
8-28	1967-1970	een	
8-29	1971-1976	dunne	
8-30	1977-1987	paerde-lyn	
8-31	1988-1993	langs	
8-32	1994-1997	het	
8-33	1998-2003	Schip	
8-34	2004-2008	heen	
8-35	2009-2015	geleid	
8-36	2016-2022	worden	
8-37	2023-2026	tot	
8-38	2027-2029	de	
8-39	2030-2042	stuur-plecht	
8-40	2042-2043	,	
8-41	2044-2046	by	
8-42	2047-2049	de	
8-43	2050-2053	man	
8-44	2054-2056	te	
8-45	2057-2061	roer	
8-46	2061-2062	;	
8-47	2063-2068	welke	
8-48	2069-2072	lyn	
8-49	2073-2075	hy	
8-50	2075-2076	,	
8-51	2077-2080	zoo	
8-52	2081-2086	haast	
8-53	2087-2090	als	
8-54	2091-2094	het	
8-55	2095-2100	Schip	
8-56	2101-2104	aan	
8-57	2105-2110	boort	
8-58	2111-2115	leit	
8-59	2115-2116	,	
8-60	2117-2121	moet	
8-61	2122-2130	afsnyden	
8-62	2130-2131	,	
8-63	2132-2135	eer	
8-64	2136-2139	dat	
8-65	2140-2143	den	
8-66	2144-2150	brandt	
8-67	2151-2155	daar	
8-68	2156-2158	in	
8-69	2159-2167	gesteken	
8-70	2168-2173	wordt	
8-71	2173-2174	.	

#Text=Men moet wel toezien dat den vyandt van vooren,
#Text=en niet van ter zyden aangeklampt werdt.
9-1	2175-2178	Men	
9-2	2179-2183	moet	
9-3	2184-2187	wel	
9-4	2188-2195	toezien	
9-5	2196-2199	dat	
9-6	2200-2203	den	
9-7	2204-2210	vyandt	
9-8	2211-2214	van	
9-9	2215-2221	vooren	
9-10	2221-2222	,	
9-11	2223-2225	en	
9-12	2226-2230	niet	
9-13	2231-2234	van	
9-14	2235-2238	ter	
9-15	2239-2244	zyden	
9-16	2245-2256	aangeklampt	
9-17	2257-2262	werdt	
9-18	2262-2263	.	

#Text=Met tien of veertien man worden deeze
#Text=Brandt-scheepen bevolkt, welke dubbelde soldye winnen, gevaars halven.
10-1	2264-2267	Met	
10-2	2268-2272	tien	
10-3	2273-2275	of	
10-4	2276-2284	veertien	
10-5	2285-2288	man	
10-6	2289-2295	worden	
10-7	2296-2301	deeze	
10-8	2302-2317	Brandt-scheepen	
10-9	2318-2325	bevolkt	
10-10	2325-2326	,	
10-11	2327-2332	welke	
10-12	2333-2341	dubbelde	
10-13	2342-2348	soldye	
10-14	2349-2355	winnen	
10-15	2355-2356	,	
10-16	2357-2364	gevaars	
10-17	2365-2371	halven	
10-18	2371-2372	.	

#Text=Met houte
#Text=stukken, voor de leus, werden deeze Scheepen gewapent,
#Text=
#Text=Nicolaas Witsen, Aaloude en hedendaagsche scheeps-bouw en bestier
#Text=
#Text=\f
#Text=185
#Text=behalven twee yzere achter uit, om zich te weeren tegen boots en sloepen.
11-1	2373-2376	Met	
11-2	2377-2382	houte	
11-3	2383-2390	stukken	
11-4	2390-2391	,	
11-5	2392-2396	voor	
11-6	2397-2399	de	
11-7	2400-2404	leus	
11-8	2404-2405	,	
11-9	2406-2412	werden	
11-10	2413-2418	deeze	
11-11	2419-2427	Scheepen	
11-12	2428-2436	gewapent	
11-13	2436-2437	,	
11-14	2439-2447	Nicolaas	
11-15	2448-2454	Witsen	
11-16	2454-2455	,	
11-17	2456-2463	Aaloude	
11-18	2464-2466	en	
11-19	2467-2480	hedendaagsche	
11-20	2481-2493	scheeps-bouw	
11-21	2494-2496	en	
11-22	2497-2504	bestier	
11-23	2508-2511	185	
11-24	2512-2520	behalven	
11-25	2521-2525	twee	
11-26	2526-2531	yzere	
11-27	2532-2538	achter	
11-28	2539-2542	uit	
11-29	2542-2543	,	
11-30	2544-2546	om	
11-31	2547-2551	zich	
11-32	2552-2554	te	
11-33	2555-2561	weeren	
11-34	2562-2567	tegen	
11-35	2568-2573	boots	
11-36	2574-2576	en	
11-37	2577-2584	sloepen	
11-38	2584-2585	.	
