#FORMAT=WebAnno TSV 3.3
#T_SP=custom.Span|label
#T_RL=custom.Relation|label|BT_custom.Span


#Text=Lateiniſch/ Cytiſus.
1-1	3-13	Lateiniſch	_	_	_	
1-2	13-14	/	_	_	_	
1-3	15-22	Cytiſus	_	_	_	
1-4	22-23	.	_	_	_	

#Text=Jtaliaͤniſch/ Ci-
#Text=tiſo.
2-1	24-36	Jtaliaͤniſch	_	_	_	
2-2	36-37	/	_	_	_	
2-3	38-40	Ci	_	_	_	
2-4	40-41	-	_	_	_	
2-5	42-46	tiſo	_	_	_	
2-6	46-47	.	_	_	_	

#Text=Engliſch/
#Text=Milcke/ trefoile/
#Text=
#Text=ſchrub-trefoile.
3-1	48-56	Engliſch	_	_	_	
3-2	56-57	/	_	_	_	
3-3	58-64	Milcke	_	_	_	
3-4	64-65	/	_	_	_	
3-5	66-74	trefoile	_	_	_	
3-6	74-75	/	_	_	_	
3-7	77-92	ſchrub-trefoile	_	_	_	
3-8	92-93	.	_	_	_	

#Text=Geſtalt.
4-1	97-104	Geſtalt	_	_	_	
4-2	104-105	.	_	_	_	

#Text=I.
5-1	107-108	I	_	_	_	
5-2	108-109	.	_	_	_	

#Text=Der rechte wahre Geißklee/ Cytiſus hir-
#Text=ſutus, I.
6-1	110-113	Der	_	_	_	
6-2	114-120	rechte	_	_	_	
6-3	121-126	wahre	_	_	_	
6-4	127-135	Geißklee	_	_	_	
6-5	135-136	/	_	_	_	
6-6	137-144	Cytiſus	_	_	_	
6-7	145-148	hir	_	_	_	
6-8	148-149	-	_	_	_	
6-9	150-155	ſutus	_	_	_	
6-10	155-156	,	_	_	_	
6-11	157-158	I	_	_	_	
6-12	158-159	.	_	_	_	

#Text=B.
7-1	160-161	B	_	_	_	
7-2	161-162	.	_	_	_	

#Text=Cytiſus foliis ſubruffa lanugine hir-
#Text=ſutis, C.
8-1	163-170	Cytiſus	_	_	_	
8-2	171-177	foliis	_	_	_	
8-3	178-186	ſubruffa	_	_	_	
8-4	187-195	lanugine	_	_	_	
8-5	196-199	hir	_	_	_	
8-6	199-200	-	_	_	_	
8-7	201-206	ſutis	_	_	_	
8-8	206-207	,	_	_	_	
8-9	208-209	C	_	_	_	
8-10	209-210	.	_	_	_	

#Text=B.
9-1	211-212	B	_	_	_	
9-2	212-213	.	_	_	_	

#Text=Jſt eine Staud in der groͤſſe des
#Text=Myrthen-baͤumleins/ bringt an einem jeden
#Text=ſtiel drey beyderſeits haarige blaͤtter/ wie der
#Text=Klee.
10-1	214-217	Jſt	_	_	_	
10-2	218-222	eine	_	_	_	
10-3	223-228	Staud	_	_	_	
10-4	229-231	in	_	_	_	
10-5	232-235	der	_	_	_	
10-6	236-243	groͤſſe	_	_	_	
10-7	244-247	des	_	_	_	
10-8	248-266	Myrthen-baͤumleins	_	_	_	
10-9	266-267	/	_	_	_	
10-10	268-274	bringt	_	_	_	
10-11	275-277	an	_	_	_	
10-12	278-283	einem	_	_	_	
10-13	284-289	jeden	_	_	_	
10-14	290-295	ſtiel	_	_	_	
10-15	296-300	drey	_	_	_	
10-16	301-312	beyderſeits	_	_	_	
10-17	313-320	haarige	_	_	_	
10-18	321-329	blaͤtter	_	_	_	
10-19	329-330	/	_	_	_	
10-20	331-334	wie	_	_	_	
10-21	335-338	der	_	_	_	
10-22	339-343	Klee	_	_	_	
10-23	343-344	.	_	_	_	

#Text=Die ſind grau-weiß/ und mitten am
#Text=rucken erhaben;
#Text=So man dieſe blaͤtter zwi-
#Text=
#Text=ſchen den fingeren zerꝛeibt/ geben ſie einen
#Text=Rauten-geruch;
#Text=wenn man ſie kaͤwet/ ſind
#Text=ſie am Geſchmack/ wie die friſchen Ziſererb-
#Text=ſen.
11-1	345-348	Die	_	_	_	
11-2	349-353	ſind	_	_	_	
11-3	354-363	grau-weiß	_	_	_	
11-4	363-364	/	_	_	_	
11-5	365-368	und	_	_	_	
11-6	369-375	mitten	_	_	_	
11-7	376-378	am	_	_	_	
11-8	379-385	rucken	_	_	_	
11-9	386-393	erhaben	_	_	_	
11-10	393-394	;	_	_	_	
11-11	395-397	So	Circumstances[1]	_	_	
11-12	398-401	man	Circumstances[1]	_	_	
11-13	402-407	dieſe	Circumstances[1]	_	_	
11-14	408-416	blaͤtter	Circumstances[1]|Smell\_Source[2]	_	_	
11-15	417-420	zwi	Circumstances[1]	_	_	
11-16	420-421	-	Circumstances[1]	_	_	
11-17	423-428	ſchen	Circumstances[1]	_	_	
11-18	429-432	den	Circumstances[1]	_	_	
11-19	433-441	fingeren	Circumstances[1]	_	_	
11-20	442-450	zerꝛeibt	Circumstances[1]	_	_	
11-21	450-451	/	_	_	_	
11-22	452-457	geben	_	_	_	
11-23	458-461	ſie	Smell\_Source	Anaphoric	11-14[2_0]	
11-24	462-467	einen	_	_	_	
11-25	468-481	Rauten-geruch	Smell\_Word[3]|Evoked\_Odorant[4]	*|*|*|*	11-25[4_3]|11-14[2_3]|11-23[0_3]|11-11[1_3]	
11-26	481-482	;	_	_	_	
11-27	483-487	wenn	_	_	_	
11-28	488-491	man	_	_	_	
11-29	492-495	ſie	_	_	_	
11-30	496-502	kaͤwet	_	_	_	
11-31	502-503	/	_	_	_	
11-32	504-508	ſind	_	_	_	
11-33	509-512	ſie	_	_	_	
11-34	513-515	am	_	_	_	
11-35	516-525	Geſchmack	_	_	_	
11-36	525-526	/	_	_	_	
11-37	527-530	wie	_	_	_	
11-38	531-534	die	_	_	_	
11-39	535-543	friſchen	_	_	_	
11-40	544-552	Ziſererb	_	_	_	
11-41	552-553	-	_	_	_	
11-42	554-557	ſen	_	_	_	
11-43	557-558	.	_	_	_	

#Text=Er traͤgt an den gipſeln der aͤſtlein viel
#Text=groſſe/ auß haarigen langen kelchlein her-
#Text=fuͤrgehende goldgelbe Blumen/ darauß wer-
#Text=den krum̃e mit langen haaren
#Text=uͤberzogene
#Text=
#Text=Schoten/
#Text=in welchen der Same iſt.
12-1	559-561	Er	_	_	_	
12-2	562-568	traͤgt	_	_	_	
12-3	569-571	an	_	_	_	
12-4	572-575	den	_	_	_	
12-5	576-583	gipſeln	_	_	_	
12-6	584-587	der	_	_	_	
12-7	588-596	aͤſtlein	_	_	_	
12-8	597-601	viel	_	_	_	
12-9	602-608	groſſe	_	_	_	
12-10	608-609	/	_	_	_	
12-11	610-613	auß	_	_	_	
12-12	614-622	haarigen	_	_	_	
12-13	623-629	langen	_	_	_	
12-14	630-639	kelchlein	_	_	_	
12-15	640-643	her	_	_	_	
12-16	643-644	-	_	_	_	
12-17	645-656	fuͤrgehende	_	_	_	
12-18	657-666	goldgelbe	_	_	_	
12-19	667-673	Blumen	_	_	_	
12-20	673-674	/	_	_	_	
12-21	675-681	darauß	_	_	_	
12-22	682-685	wer	_	_	_	
12-23	685-686	-	_	_	_	
12-24	687-690	den	_	_	_	
12-25	691-697	krum̃e	_	_	_	
12-26	698-701	mit	_	_	_	
12-27	702-708	langen	_	_	_	
12-28	709-715	haaren	_	_	_	
12-29	716-727	uͤberzogene	_	_	_	
12-30	729-736	Schoten	_	_	_	
12-31	736-737	/	_	_	_	
12-32	738-740	in	_	_	_	
12-33	741-748	welchen	_	_	_	
12-34	749-752	der	_	_	_	
12-35	753-757	Same	_	_	_	
12-36	758-761	iſt	_	_	_	
12-37	761-762	.	_	_	_	

#Text=Die
#Text=Geiſſen lecken dieſe Staud und Blaͤtter/
#Text=da-
#Text=hero ſie auch den namen bekom̃en.
13-1	763-766	Die	_	_	_	
13-2	767-774	Geiſſen	_	_	_	
13-3	775-781	lecken	_	_	_	
13-4	782-787	dieſe	_	_	_	
13-5	788-793	Staud	_	_	_	
13-6	794-797	und	_	_	_	
13-7	798-806	Blaͤtter	_	_	_	
13-8	806-807	/	_	_	_	
13-9	808-810	da	_	_	_	
13-10	810-811	-	_	_	_	
13-11	812-816	hero	_	_	_	
13-12	817-820	ſie	_	_	_	
13-13	821-825	auch	_	_	_	
13-14	826-829	den	_	_	_	
13-15	830-835	namen	_	_	_	
13-16	836-844	bekom̃en	_	_	_	
13-17	844-845	.	_	_	_	

#Text=Welches
#Text=der wegen des Kriegs hoch bekuͤmmerte Mœ-
#Text=libœus bey dem Virgilio Ecclog.
#Text=1. beſtaͤtiget:
#Text=
#Text=- - - Non me paſcente capellæ
#Text=Florentem Cytiſum & Salices carpetis amaras.
14-1	846-853	Welches	_	_	_	
14-2	854-857	der	_	_	_	
14-3	858-863	wegen	_	_	_	
14-4	864-867	des	_	_	_	
14-5	868-874	Kriegs	_	_	_	
14-6	875-879	hoch	_	_	_	
14-7	880-891	bekuͤmmerte	_	_	_	
14-8	892-894	Mœ	_	_	_	
14-9	894-895	-	_	_	_	
14-10	896-902	libœus	_	_	_	
14-11	903-906	bey	_	_	_	
14-12	907-910	dem	_	_	_	
14-13	911-919	Virgilio	_	_	_	
14-14	920-926	Ecclog	_	_	_	
14-15	926-927	.	_	_	_	
14-16	928-929	1	_	_	_	
14-17	929-930	.	_	_	_	
14-18	931-942	beſtaͤtiget	_	_	_	
14-19	942-943	:	_	_	_	
14-20	945-946	-	_	_	_	
14-21	947-948	-	_	_	_	
14-22	949-950	-	_	_	_	
14-23	951-954	Non	_	_	_	
14-24	955-957	me	_	_	_	
14-25	958-966	paſcente	_	_	_	
14-26	967-974	capellæ	_	_	_	
14-27	975-984	Florentem	_	_	_	
14-28	985-992	Cytiſum	_	_	_	
14-29	993-994	&	_	_	_	
14-30	995-1002	Salices	_	_	_	
14-31	1003-1011	carpetis	_	_	_	
14-32	1012-1018	amaras	_	_	_	
14-33	1018-1019	.	_	_	_	
