#FORMAT=WebAnno TSV 3.3


#Text=In een mistig weêr, daar de hoeders hunne kudden na huis toe dryyen; gaande
#Text=schroomachtig, met het hoofd in de schouders getrokken, en vooruit steekende;
#Text=
#Text=snel toekykende of 'er ook ergens een schaap of geit door de mist afgedwaald mogt
#Text=weezen:
#Text=waarom zy zich, voor, achter, en overal digt aan elkanderen houden.
1-1	4-6	In	
1-2	7-10	een	
1-3	11-17	mistig	
1-4	18-22	weêr	
1-5	22-23	,	
1-6	24-28	daar	
1-7	29-31	de	
1-8	32-39	hoeders	
1-9	40-45	hunne	
1-10	46-52	kudden	
1-11	53-55	na	
1-12	56-60	huis	
1-13	61-64	toe	
1-14	65-71	dryyen	
1-15	71-72	;	
1-16	73-79	gaande	
1-17	80-93	schroomachtig	
1-18	93-94	,	
1-19	95-98	met	
1-20	99-102	het	
1-21	103-108	hoofd	
1-22	109-111	in	
1-23	112-114	de	
1-24	115-124	schouders	
1-25	125-134	getrokken	
1-26	134-135	,	
1-27	136-138	en	
1-28	139-146	vooruit	
1-29	147-156	steekende	
1-30	156-157	;	
1-31	159-163	snel	
1-32	164-174	toekykende	
1-33	175-177	of	
1-34	178-179	'	
1-35	179-181	er	
1-36	182-185	ook	
1-37	186-192	ergens	
1-38	193-196	een	
1-39	197-203	schaap	
1-40	204-206	of	
1-41	207-211	geit	
1-42	212-216	door	
1-43	217-219	de	
1-44	220-224	mist	
1-45	225-235	afgedwaald	
1-46	236-240	mogt	
1-47	241-247	weezen	
1-48	247-248	:	
1-49	249-255	waarom	
1-50	256-258	zy	
1-51	259-263	zich	
1-52	263-264	,	
1-53	265-269	voor	
1-54	269-270	,	
1-55	271-277	achter	
1-56	277-278	,	
1-57	279-281	en	
1-58	282-288	overal	
1-59	289-293	digt	
1-60	294-297	aan	
1-61	298-308	elkanderen	
1-62	309-315	houden	
1-63	315-316	.	

#Text=De
#Text=jonge dochters, agter aan volgende, hebben doekjes of sluijers over het hoofd;
#Text=zommige den neus daar mede stoppende, om de stank van de mist.
2-1	317-319	De	
2-2	320-325	jonge	
2-3	326-334	dochters	
2-4	334-335	,	
2-5	336-341	agter	
2-6	342-345	aan	
2-7	346-354	volgende	
2-8	354-355	,	
2-9	356-362	hebben	
2-10	363-370	doekjes	
2-11	371-373	of	
2-12	374-382	sluijers	
2-13	383-387	over	
2-14	388-391	het	
2-15	392-397	hoofd	
2-16	397-398	;	
2-17	399-406	zommige	
2-18	407-410	den	
2-19	411-415	neus	
2-20	416-420	daar	
2-21	421-425	mede	
2-22	426-435	stoppende	
2-23	435-436	,	
2-24	437-439	om	
2-25	440-442	de	
2-26	443-448	stank	
2-27	449-452	van	
2-28	453-455	de	
2-29	456-460	mist	
2-30	460-461	.	

#Text=Gérard de Lairesse, Groot schilderboek
#Text=
#Text=\f251
#Text=
#Text=
#Text=Van de gesteltenis der Lucht, of des Hemels.
3-1	464-470	Gérard	
3-2	471-473	de	
3-3	474-482	Lairesse	
3-4	482-483	,	
3-5	484-489	Groot	
3-6	490-502	schilderboek	
3-7	505-508	251	
3-8	511-514	Van	
3-9	515-517	de	
3-10	518-529	gesteltenis	
3-11	530-533	der	
3-12	534-539	Lucht	
3-13	539-540	,	
3-14	541-543	of	
3-15	544-547	des	
3-16	548-554	Hemels	
3-17	554-555	.	

#Text=Twede Hoofdstuk
4-1	557-562	Twede	
4-2	563-572	Hoofdstuk	

#Text=.
5-1	572-573	.	

#Text=+
#Text=
#Text=
#Text=DE lucht is een verre uitgestrekte wydte, welke hooger of laager van ons schynt,
#Text=na dat dezelve veel of weinig met dampen bezet is.
6-1	575-576	+	
6-2	579-581	DE	
6-3	582-587	lucht	
6-4	588-590	is	
6-5	591-594	een	
6-6	595-600	verre	
6-7	601-613	uitgestrekte	
6-8	614-619	wydte	
6-9	619-620	,	
6-10	621-626	welke	
6-11	627-633	hooger	
6-12	634-636	of	
6-13	637-643	laager	
6-14	644-647	van	
6-15	648-651	ons	
6-16	652-658	schynt	
6-17	658-659	,	
6-18	660-662	na	
6-19	663-666	dat	
6-20	667-674	dezelve	
6-21	675-679	veel	
6-22	680-682	of	
6-23	683-689	weinig	
6-24	690-693	met	
6-25	694-700	dampen	
6-26	701-706	bezet	
6-27	707-709	is	
6-28	709-710	.	

#Text=Nu is de lucht zekerlyk nooit +
#Text=De lucht is nooit zonder
#Text=dampen.
7-1	711-713	Nu	
7-2	714-716	is	
7-3	717-719	de	
7-4	720-725	lucht	
7-5	726-734	zekerlyk	
7-6	735-740	nooit	
7-7	741-742	+	
7-8	743-745	De	
7-9	746-751	lucht	
7-10	752-754	is	
7-11	755-760	nooit	
7-12	761-767	zonder	
7-13	768-774	dampen	
7-14	774-775	.	

#Text=zonder dampen:
#Text=want indien'er geene dampen waren, zou de lucht aan den
#Text=horizont, en boven ons, even blaauw zyn.
8-1	777-783	zonder	
8-2	784-790	dampen	
8-3	790-791	:	
8-4	792-796	want	
8-5	797-806	indien'er	
8-6	807-812	geene	
8-7	813-819	dampen	
8-8	820-825	waren	
8-9	825-826	,	
8-10	827-830	zou	
8-11	831-833	de	
8-12	834-839	lucht	
8-13	840-843	aan	
8-14	844-847	den	
8-15	848-856	horizont	
8-16	856-857	,	
8-17	858-860	en	
8-18	861-866	boven	
8-19	867-870	ons	
8-20	870-871	,	
8-21	872-876	even	
8-22	877-883	blaauw	
8-23	884-887	zyn	
8-24	887-888	.	

#Text=Maar nu vertoont zich de lucht aan den
#Text=zichteinder lichter als boven ons hoofd; om dat de dampen de kracht van het schoone
#Text=blaauw voor onze oogen benevelen, en doen verminderen.
9-1	889-893	Maar	
9-2	894-896	nu	
9-3	897-905	vertoont	
9-4	906-910	zich	
9-5	911-913	de	
9-6	914-919	lucht	
9-7	920-923	aan	
9-8	924-927	den	
9-9	928-939	zichteinder	
9-10	940-947	lichter	
9-11	948-951	als	
9-12	952-957	boven	
9-13	958-961	ons	
9-14	962-967	hoofd	
9-15	967-968	;	
9-16	969-971	om	
9-17	972-975	dat	
9-18	976-978	de	
9-19	979-985	dampen	
9-20	986-988	de	
9-21	989-995	kracht	
9-22	996-999	van	
9-23	1000-1003	het	
9-24	1004-1011	schoone	
9-25	1012-1018	blaauw	
9-26	1019-1023	voor	
9-27	1024-1028	onze	
9-28	1029-1034	oogen	
9-29	1035-1044	benevelen	
9-30	1044-1045	,	
9-31	1046-1048	en	
9-32	1049-1053	doen	
9-33	1054-1065	verminderen	
9-34	1065-1066	.	

#Text=Het is ook een blykelyke
#Text=zaak, dat, hoe digter de lucht zich aan het aardryk bevind, hoe grover en dikker
#Text=dezelve is: en na maate datze naar boven trekt, verdunt zy zich, en word
#Text=doorluchtiger.
10-1	1067-1070	Het	
10-2	1071-1073	is	
10-3	1074-1077	ook	
10-4	1078-1081	een	
10-5	1082-1091	blykelyke	
10-6	1092-1096	zaak	
10-7	1096-1097	,	
10-8	1098-1101	dat	
10-9	1101-1102	,	
10-10	1103-1106	hoe	
10-11	1107-1113	digter	
10-12	1114-1116	de	
10-13	1117-1122	lucht	
10-14	1123-1127	zich	
10-15	1128-1131	aan	
10-16	1132-1135	het	
10-17	1136-1143	aardryk	
10-18	1144-1150	bevind	
10-19	1150-1151	,	
10-20	1152-1155	hoe	
10-21	1156-1162	grover	
10-22	1163-1165	en	
10-23	1166-1172	dikker	
10-24	1173-1180	dezelve	
10-25	1181-1183	is	
10-26	1183-1184	:	
10-27	1185-1187	en	
10-28	1188-1190	na	
10-29	1191-1196	maate	
10-30	1197-1202	datze	
10-31	1203-1207	naar	
10-32	1208-1213	boven	
10-33	1214-1219	trekt	
10-34	1219-1220	,	
10-35	1221-1228	verdunt	
10-36	1229-1231	zy	
10-37	1232-1236	zich	
10-38	1236-1237	,	
10-39	1238-1240	en	
10-40	1241-1245	word	
10-41	1246-1259	doorluchtiger	
10-42	1259-1260	.	

#Text=Desgelyks zyn de dampen minder of meerder zichtbaar, na dat zy
#Text=dik of dun zyn
11-1	1261-1270	Desgelyks	
11-2	1271-1274	zyn	
11-3	1275-1277	de	
11-4	1278-1284	dampen	
11-5	1285-1291	minder	
11-6	1292-1294	of	
11-7	1295-1302	meerder	
11-8	1303-1312	zichtbaar	
11-9	1312-1313	,	
11-10	1314-1316	na	
11-11	1317-1320	dat	
11-12	1321-1323	zy	
11-13	1324-1327	dik	
11-14	1328-1330	of	
11-15	1331-1334	dun	
11-16	1335-1338	zyn	

#Text=.
12-1	1338-1339	.	

#Text=+
#Text=
#Text=
#Text=Nu staat hier aan te merken, dat, wanneer de zon in het oosten opryst, het alsdan
#Text=in dat gewest op den horizont lichter is als in de drie andere: en s'middags is hy +
13-1	1341-1342	+	
13-2	1345-1347	Nu	
13-3	1348-1353	staat	
13-4	1354-1358	hier	
13-5	1359-1362	aan	
13-6	1363-1365	te	
13-7	1366-1372	merken	
13-8	1372-1373	,	
13-9	1374-1377	dat	
13-10	1377-1378	,	
13-11	1379-1386	wanneer	
13-12	1387-1389	de	
13-13	1390-1393	zon	
13-14	1394-1396	in	
13-15	1397-1400	het	
13-16	1401-1407	oosten	
13-17	1408-1414	opryst	
13-18	1414-1415	,	
13-19	1416-1419	het	
13-20	1420-1426	alsdan	
13-21	1427-1429	in	
13-22	1430-1433	dat	
13-23	1434-1440	gewest	
13-24	1441-1443	op	
13-25	1444-1447	den	
13-26	1448-1456	horizont	
13-27	1457-1464	lichter	
13-28	1465-1467	is	
13-29	1468-1471	als	
13-30	1472-1474	in	
13-31	1475-1477	de	
13-32	1478-1482	drie	
13-33	1483-1489	andere	
13-34	1489-1490	:	
13-35	1491-1493	en	
13-36	1494-1503	s'middags	
13-37	1504-1506	is	
13-38	1507-1509	hy	
13-39	1510-1511	+	
