#FORMAT=WebAnno TSV 3.3
#T_SP=custom.Span|label
#T_RL=custom.Relation|label|BT_custom.Span


#Text=CHAPITRE V.
1-1	0-8	CHAPITRE	_	_	_	
1-2	9-10	V	_	_	_	
1-3	10-11	.	_	_	_	

#Text=Des Cassolettes Royales nouvellement inventées par l'Autheur.
2-1	13-16	Des	_	_	_	
2-2	17-28	Cassolettes	Odour\_Carrier[1]	_	_	
2-3	29-36	Royales	Odour\_Carrier[1]	_	_	
2-4	37-49	nouvellement	_	_	_	
2-5	50-59	inventées	_	_	_	
2-6	60-63	par	_	_	_	
2-7	64-73	l'Autheur	_	_	_	
2-8	73-74	.	_	_	_	

#Text=PEndant tout le cours de
#Text=la vie humaine, les actions
#Text=naturelles causent également
#Text=la dissipation des substances
#Text=spirituelles & corporelles ,
#Text=dont la réparation doit être
#Text=continuelle dans chaque personne pour sa conservation.
3-1	76-83	PEndant	_	_	_	
3-2	84-88	tout	_	_	_	
3-3	89-91	le	_	_	_	
3-4	92-97	cours	_	_	_	
3-5	98-100	de	_	_	_	
3-6	101-103	la	_	_	_	
3-7	104-107	vie	_	_	_	
3-8	108-115	humaine	_	_	_	
3-9	115-116	,	_	_	_	
3-10	117-120	les	_	_	_	
3-11	121-128	actions	_	_	_	
3-12	129-139	naturelles	_	_	_	
3-13	140-147	causent	_	_	_	
3-14	148-157	également	_	_	_	
3-15	158-160	la	_	_	_	
3-16	161-172	dissipation	_	_	_	
3-17	173-176	des	_	_	_	
3-18	177-187	substances	_	_	_	
3-19	188-200	spirituelles	_	_	_	
3-20	201-202	&	_	_	_	
3-21	203-214	corporelles	_	_	_	
3-22	215-216	,	_	_	_	
3-23	217-221	dont	_	_	_	
3-24	222-224	la	_	_	_	
3-25	225-235	réparation	_	_	_	
3-26	236-240	doit	_	_	_	
3-27	241-245	être	_	_	_	
3-28	246-257	continuelle	_	_	_	
3-29	258-262	dans	_	_	_	
3-30	263-269	chaque	_	_	_	
3-31	270-278	personne	_	_	_	
3-32	279-283	pour	_	_	_	
3-33	284-286	sa	_	_	_	
3-34	287-299	conservation	_	_	_	
3-35	299-300	.	_	_	_	

#Text=Les substances spirituelles
#Text=font reparées par l'air que
#Text=nous respirons & les corporelles par toutes les fortes d'alimens liquides & solides que
#Text=nous recevons par la bouche, & que nous comprenons fous
#Text=le terme general de nourriture; mais tout de même que
#Text=l'usage des mauvais alimens
#Text=nous determine à toutes especes de maladies , de même
#Text=aussï un air impregné de particules impures & contraires
#Text=à nôtre constitution, ne tend
#Text=que trop efficacement à la destruction de nôtre santé : c'est
#Text=pourquoy lors que nous Tommes libres sur le choix des
#Text=alimens , nous preferons naturellement les plus sains & les
#Text=plus conformes à nôtre temperamment, & lors que nous
#Text=sommes abstraints à la necessité d'user sans distinction de
#Text=ceux qui nous font le plus contraires , nous nous efforçons
#Text=par differens moyens d'en corriger les plus méchantes qua-
#Text=lités.
4-1	302-305	Les	_	_	_	
4-2	306-316	substances	_	_	_	
4-3	317-329	spirituelles	_	_	_	
4-4	330-334	font	_	_	_	
4-5	335-343	reparées	_	_	_	
4-6	344-347	par	_	_	_	
4-7	348-353	l'air	_	_	_	
4-8	354-357	que	_	_	_	
4-9	358-362	nous	_	_	_	
4-10	363-372	respirons	_	_	_	
4-11	373-374	&	_	_	_	
4-12	375-378	les	_	_	_	
4-13	379-390	corporelles	_	_	_	
4-14	391-394	par	_	_	_	
4-15	395-401	toutes	_	_	_	
4-16	402-405	les	_	_	_	
4-17	406-412	fortes	_	_	_	
4-18	413-422	d'alimens	_	_	_	
4-19	423-431	liquides	_	_	_	
4-20	432-433	&	_	_	_	
4-21	434-441	solides	_	_	_	
4-22	442-445	que	_	_	_	
4-23	446-450	nous	_	_	_	
4-24	451-459	recevons	_	_	_	
4-25	460-463	par	_	_	_	
4-26	464-466	la	_	_	_	
4-27	467-473	bouche	_	_	_	
4-28	473-474	,	_	_	_	
4-29	475-476	&	_	_	_	
4-30	477-480	que	_	_	_	
4-31	481-485	nous	_	_	_	
4-32	486-496	comprenons	_	_	_	
4-33	497-501	fous	_	_	_	
4-34	502-504	le	_	_	_	
4-35	505-510	terme	_	_	_	
4-36	511-518	general	_	_	_	
4-37	519-521	de	_	_	_	
4-38	522-532	nourriture	_	_	_	
4-39	532-533	;	_	_	_	
4-40	534-538	mais	_	_	_	
4-41	539-543	tout	_	_	_	
4-42	544-546	de	_	_	_	
4-43	547-551	même	_	_	_	
4-44	552-555	que	_	_	_	
4-45	556-563	l'usage	_	_	_	
4-46	564-567	des	_	_	_	
4-47	568-575	mauvais	_	_	_	
4-48	576-583	alimens	_	_	_	
4-49	584-588	nous	_	_	_	
4-50	589-598	determine	_	_	_	
4-51	599-600	à	_	_	_	
4-52	601-607	toutes	_	_	_	
4-53	608-615	especes	_	_	_	
4-54	616-618	de	_	_	_	
4-55	619-627	maladies	_	_	_	
4-56	628-629	,	_	_	_	
4-57	630-632	de	_	_	_	
4-58	633-637	même	_	_	_	
4-59	638-643	aussï	_	_	_	
4-60	644-646	un	_	_	_	
4-61	647-650	air	_	_	_	
4-62	651-659	impregné	_	_	_	
4-63	660-662	de	_	_	_	
4-64	663-673	particules	_	_	_	
4-65	674-681	impures	_	_	_	
4-66	682-683	&	_	_	_	
4-67	684-694	contraires	_	_	_	
4-68	695-696	à	_	_	_	
4-69	697-702	nôtre	_	_	_	
4-70	703-715	constitution	_	_	_	
4-71	715-716	,	_	_	_	
4-72	717-719	ne	_	_	_	
4-73	720-724	tend	_	_	_	
4-74	725-728	que	_	_	_	
4-75	729-733	trop	_	_	_	
4-76	734-746	efficacement	_	_	_	
4-77	747-748	à	_	_	_	
4-78	749-751	la	_	_	_	
4-79	752-763	destruction	_	_	_	
4-80	764-766	de	_	_	_	
4-81	767-772	nôtre	_	_	_	
4-82	773-778	santé	_	_	_	
4-83	779-780	:	_	_	_	
4-84	781-786	c'est	_	_	_	
4-85	787-795	pourquoy	_	_	_	
4-86	796-800	lors	_	_	_	
4-87	801-804	que	_	_	_	
4-88	805-809	nous	_	_	_	
4-89	810-816	Tommes	_	_	_	
4-90	817-823	libres	_	_	_	
4-91	824-827	sur	_	_	_	
4-92	828-830	le	_	_	_	
4-93	831-836	choix	_	_	_	
4-94	837-840	des	_	_	_	
4-95	841-848	alimens	_	_	_	
4-96	849-850	,	_	_	_	
4-97	851-855	nous	_	_	_	
4-98	856-865	preferons	_	_	_	
4-99	866-879	naturellement	_	_	_	
4-100	880-883	les	_	_	_	
4-101	884-888	plus	_	_	_	
4-102	889-894	sains	_	_	_	
4-103	895-896	&	_	_	_	
4-104	897-900	les	_	_	_	
4-105	901-905	plus	_	_	_	
4-106	906-915	conformes	_	_	_	
4-107	916-917	à	_	_	_	
4-108	918-923	nôtre	_	_	_	
4-109	924-936	temperamment	_	_	_	
4-110	936-937	,	_	_	_	
4-111	938-939	&	_	_	_	
4-112	940-944	lors	_	_	_	
4-113	945-948	que	_	_	_	
4-114	949-953	nous	_	_	_	
4-115	954-960	sommes	_	_	_	
4-116	961-971	abstraints	_	_	_	
4-117	972-973	à	_	_	_	
4-118	974-976	la	_	_	_	
4-119	977-986	necessité	_	_	_	
4-120	987-993	d'user	_	_	_	
4-121	994-998	sans	_	_	_	
4-122	999-1010	distinction	_	_	_	
4-123	1011-1013	de	_	_	_	
4-124	1014-1018	ceux	_	_	_	
4-125	1019-1022	qui	_	_	_	
4-126	1023-1027	nous	_	_	_	
4-127	1028-1032	font	_	_	_	
4-128	1033-1035	le	_	_	_	
4-129	1036-1040	plus	_	_	_	
4-130	1041-1051	contraires	_	_	_	
4-131	1052-1053	,	_	_	_	
4-132	1054-1058	nous	_	_	_	
4-133	1059-1063	nous	_	_	_	
4-134	1064-1073	efforçons	_	_	_	
4-135	1074-1077	par	_	_	_	
4-136	1078-1087	differens	_	_	_	
4-137	1088-1094	moyens	_	_	_	
4-138	1095-1099	d'en	_	_	_	
4-139	1100-1108	corriger	_	_	_	
4-140	1109-1112	les	_	_	_	
4-141	1113-1117	plus	_	_	_	
4-142	1118-1127	méchantes	_	_	_	
4-143	1128-1131	qua	_	_	_	
4-144	1131-1132	-	_	_	_	
4-145	1133-1138	lités	_	_	_	
4-146	1138-1139	.	_	_	_	

#Text=La même chose se pratiquer à regard de l'air.
5-1	1140-1142	La	_	_	_	
5-2	1143-1147	même	_	_	_	
5-3	1148-1153	chose	_	_	_	
5-4	1154-1156	se	_	_	_	
5-5	1157-1166	pratiquer	_	_	_	
5-6	1167-1168	à	_	_	_	
5-7	1169-1175	regard	_	_	_	
5-8	1176-1178	de	_	_	_	
5-9	1179-1184	l'air	_	_	_	
5-10	1184-1185	.	_	_	_	

#Text=On choisit le meilleur quand on peut.
6-1	1186-1188	On	_	_	_	
6-2	1189-1196	choisit	_	_	_	
6-3	1197-1199	le	_	_	_	
6-4	1200-1208	meilleur	_	_	_	
6-5	1209-1214	quand	_	_	_	
6-6	1215-1217	on	_	_	_	
6-7	1218-1222	peut	_	_	_	
6-8	1222-1223	.	_	_	_	

#Text=On corrige le mauvais autant
#Text=qu'il est possible, & il est tres
#Text=raisonnable d'en user ainsi ;
#Text=mais les moyens qui ont été
#Text=pratiqués jusques icy pour
#Text=cette rectification, sembloient
#Text=demander quelque rafinement
#Text=pour une juste œconomie &
#Text=pour une plus grande utilité.
7-1	1225-1227	On	_	_	_	
7-2	1228-1235	corrige	_	_	_	
7-3	1236-1238	le	_	_	_	
7-4	1239-1246	mauvais	_	_	_	
7-5	1247-1253	autant	_	_	_	
7-6	1254-1259	qu'il	_	_	_	
7-7	1260-1263	est	_	_	_	
7-8	1264-1272	possible	_	_	_	
7-9	1272-1273	,	_	_	_	
7-10	1274-1275	&	_	_	_	
7-11	1276-1278	il	_	_	_	
7-12	1279-1282	est	_	_	_	
7-13	1283-1287	tres	_	_	_	
7-14	1288-1299	raisonnable	_	_	_	
7-15	1300-1304	d'en	_	_	_	
7-16	1305-1309	user	_	_	_	
7-17	1310-1315	ainsi	_	_	_	
7-18	1316-1317	;	_	_	_	
7-19	1318-1322	mais	_	_	_	
7-20	1323-1326	les	_	_	_	
7-21	1327-1333	moyens	_	_	_	
7-22	1334-1337	qui	_	_	_	
7-23	1338-1341	ont	_	_	_	
7-24	1342-1345	été	_	_	_	
7-25	1346-1355	pratiqués	_	_	_	
7-26	1356-1363	jusques	_	_	_	
7-27	1364-1367	icy	_	_	_	
7-28	1368-1372	pour	_	_	_	
7-29	1373-1378	cette	_	_	_	
7-30	1379-1392	rectification	_	_	_	
7-31	1392-1393	,	_	_	_	
7-32	1394-1404	sembloient	_	_	_	
7-33	1405-1413	demander	_	_	_	
7-34	1414-1421	quelque	_	_	_	
7-35	1422-1432	rafinement	_	_	_	
7-36	1433-1437	pour	_	_	_	
7-37	1438-1441	une	_	_	_	
7-38	1442-1447	juste	_	_	_	
7-39	1448-1456	œconomie	_	_	_	
7-40	1457-1458	&	_	_	_	
7-41	1459-1463	pour	_	_	_	
7-42	1464-1467	une	_	_	_	
7-43	1468-1472	plus	_	_	_	
7-44	1473-1479	grande	_	_	_	
7-45	1480-1487	utilité	_	_	_	
7-46	1487-1488	.	_	_	_	

#Text=C'est pourquoy ayant été
#Text=pénétré par les remontrances
#Text=de nos Artistes.
8-1	1490-1495	C'est	_	_	_	
8-2	1496-1504	pourquoy	_	_	_	
8-3	1505-1510	ayant	_	_	_	
8-4	1511-1514	été	_	_	_	
8-5	1515-1522	pénétré	_	_	_	
8-6	1523-1526	par	_	_	_	
8-7	1527-1530	les	_	_	_	
8-8	1531-1543	remontrances	_	_	_	
8-9	1544-1546	de	_	_	_	
8-10	1547-1550	nos	_	_	_	
8-11	1551-1559	Artistes	_	_	_	
8-12	1559-1560	.	_	_	_	

#Text=Je me suis attaché à ce rafinement avec
#Text=tant de succez , que j'ay inventé un tres agreable moyen
#Text=pour parfumer les chambres dans tous les differends besoins qu'on en peut avoir, &
#Text=cela si commodement & à si peu de frais, qu'il seroit difficile de donner au public
#Text=une invention plus avantageuse.
9-1	1561-1563	Je	_	_	_	
9-2	1564-1566	me	_	_	_	
9-3	1567-1571	suis	_	_	_	
9-4	1572-1579	attaché	_	_	_	
9-5	1580-1581	à	_	_	_	
9-6	1582-1584	ce	_	_	_	
9-7	1585-1595	rafinement	_	_	_	
9-8	1596-1600	avec	_	_	_	
9-9	1601-1605	tant	_	_	_	
9-10	1606-1608	de	_	_	_	
9-11	1609-1615	succez	_	_	_	
9-12	1616-1617	,	_	_	_	
9-13	1618-1621	que	_	_	_	
9-14	1622-1626	j'ay	_	_	_	
9-15	1627-1634	inventé	_	_	_	
9-16	1635-1637	un	_	_	_	
9-17	1638-1642	tres	_	_	_	
9-18	1643-1651	agreable	_	_	_	
9-19	1652-1657	moyen	_	_	_	
9-20	1658-1662	pour	_	_	_	
9-21	1663-1671	parfumer	Smell\_Word	*|*	9-23|2-2[1_0]	
9-22	1672-1675	les	_	_	_	
9-23	1676-1684	chambres	Location	_	_	
9-24	1685-1689	dans	_	_	_	
9-25	1690-1694	tous	_	_	_	
9-26	1695-1698	les	_	_	_	
9-27	1699-1709	differends	_	_	_	
9-28	1710-1717	besoins	_	_	_	
9-29	1718-1723	qu'on	_	_	_	
9-30	1724-1726	en	_	_	_	
9-31	1727-1731	peut	_	_	_	
9-32	1732-1737	avoir	_	_	_	
9-33	1737-1738	,	_	_	_	
9-34	1739-1740	&	_	_	_	
9-35	1741-1745	cela	_	_	_	
9-36	1746-1748	si	_	_	_	
9-37	1749-1760	commodement	_	_	_	
9-38	1761-1762	&	_	_	_	
9-39	1763-1764	à	_	_	_	
9-40	1765-1767	si	_	_	_	
9-41	1768-1771	peu	_	_	_	
9-42	1772-1774	de	_	_	_	
9-43	1775-1780	frais	_	_	_	
9-44	1780-1781	,	_	_	_	
9-45	1782-1787	qu'il	_	_	_	
9-46	1788-1794	seroit	_	_	_	
9-47	1795-1804	difficile	_	_	_	
9-48	1805-1807	de	_	_	_	
9-49	1808-1814	donner	_	_	_	
9-50	1815-1817	au	_	_	_	
9-51	1818-1824	public	_	_	_	
9-52	1825-1828	une	_	_	_	
9-53	1829-1838	invention	_	_	_	
9-54	1839-1843	plus	_	_	_	
9-55	1844-1855	avantageuse	_	_	_	
9-56	1855-1856	.	_	_	_	

#Text=Ce moyen est une petite lampe tres propre, ayant deux petites consoles qui soutiennent.
10-1	1858-1860	Ce	_	_	_	
10-2	1861-1866	moyen	_	_	_	
10-3	1867-1870	est	_	_	_	
10-4	1871-1874	une	_	_	_	
10-5	1875-1881	petite	_	_	_	
10-6	1882-1887	lampe	_	_	_	
10-7	1888-1892	tres	_	_	_	
10-8	1893-1899	propre	_	_	_	
10-9	1899-1900	,	_	_	_	
10-10	1901-1906	ayant	_	_	_	
10-11	1907-1911	deux	_	_	_	
10-12	1912-1919	petites	_	_	_	
10-13	1920-1928	consoles	_	_	_	
10-14	1929-1932	qui	_	_	_	
10-15	1933-1944	soutiennent	_	_	_	
10-16	1944-1945	.	_	_	_	

#Text=un globule de cristal , dont
#Text=l'emboûchure forme un tuyau
#Text=tres délicat , un peu courbé
#Text=dans son milieu en forme d'angle mousse.
11-1	1947-1949	un	_	_	_	
11-2	1950-1957	globule	_	_	_	
11-3	1958-1960	de	_	_	_	
11-4	1961-1968	cristal	_	_	_	
11-5	1969-1970	,	_	_	_	
11-6	1971-1975	dont	_	_	_	
11-7	1976-1988	l'emboûchure	_	_	_	
11-8	1989-1994	forme	_	_	_	
11-9	1995-1997	un	_	_	_	
11-10	1998-2003	tuyau	_	_	_	
11-11	2004-2008	tres	_	_	_	
11-12	2009-2016	délicat	_	_	_	
11-13	2017-2018	,	_	_	_	
11-14	2019-2021	un	_	_	_	
11-15	2022-2025	peu	_	_	_	
11-16	2026-2032	courbé	_	_	_	
11-17	2033-2037	dans	_	_	_	
11-18	2038-2041	son	_	_	_	
11-19	2042-2048	milieu	_	_	_	
11-20	2049-2051	en	_	_	_	
11-21	2052-2057	forme	_	_	_	
11-22	2058-2065	d'angle	_	_	_	
11-23	2066-2072	mousse	_	_	_	
11-24	2072-2073	.	_	_	_	

#Text=La petitesse de ce
#Text=globule n'empêche pas qu'il
#Text=ne contienne une quantité
#Text=considerable de liqueur à cause de sa forme ronde.
12-1	2074-2076	La	_	_	_	
12-2	2077-2086	petitesse	_	_	_	
12-3	2087-2089	de	_	_	_	
12-4	2090-2092	ce	_	_	_	
12-5	2093-2100	globule	_	_	_	
12-6	2101-2110	n'empêche	_	_	_	
12-7	2111-2114	pas	_	_	_	
12-8	2115-2120	qu'il	_	_	_	
12-9	2121-2123	ne	_	_	_	
12-10	2124-2133	contienne	_	_	_	
12-11	2134-2137	une	_	_	_	
12-12	2138-2146	quantité	_	_	_	
12-13	2147-2159	considerable	_	_	_	
12-14	2160-2162	de	_	_	_	
12-15	2163-2170	liqueur	_	_	_	
12-16	2171-2172	à	_	_	_	
12-17	2173-2178	cause	_	_	_	
12-18	2179-2181	de	_	_	_	
12-19	2182-2184	sa	_	_	_	
12-20	2185-2190	forme	_	_	_	
12-21	2191-2196	ronde	_	_	_	
12-22	2196-2197	.	_	_	_	

#Text=C'est
#Text=dans sa capacité que doit être,
#Text=contenuë la liqueur qu'on,
#Text=veut reduire en vapeur pour
#Text=parfumer les chambres , ex il
#Text=suffit pour qu'elle y entre ,
#Text=qu'on chauffe un peu le globule, & qu'on mette ensuite
#Text=le bec dans la liqueur qu'on
#Text=y veut insinuër , car elle y est
#Text=attirée naturellement par la
#Text=chaleur & par le vuide ; alors
#Text=ayant placé le globule sur le
#Text=cercle qui est soûtenu par les
#Text=deux consoles, & mis dans la
#Text=lampe qui est au déssous, un
#Text=peu d'esprit devint une petite mêche de coton, on allume cette mêche , qui sans se
#Text=consommer fait une petite
#Text=flamme tres agreable , au
#Text=moyen de laquelle le globule
#Text=étant échauffé, la liqueur
#Text=boüillonne & s'exhale par le
#Text=petit tuyau, d'où resulte une
#Text=vapeur continuelle, qui est
#Text=presque imperceptible, & qui
#Text=ne laisse pas de parfumer toute la chambre.
13-1	2198-2203	C'est	_	_	_	
13-2	2204-2208	dans	_	_	_	
13-3	2209-2211	sa	_	_	_	
13-4	2212-2220	capacité	_	_	_	
13-5	2221-2224	que	_	_	_	
13-6	2225-2229	doit	_	_	_	
13-7	2230-2234	être	_	_	_	
13-8	2234-2235	,	_	_	_	
13-9	2236-2244	contenuë	_	_	_	
13-10	2245-2247	la	_	_	_	
13-11	2248-2255	liqueur	Smell\_Source	_	_	
13-12	2256-2261	qu'on	_	_	_	
13-13	2261-2262	,	_	_	_	
13-14	2263-2267	veut	_	_	_	
13-15	2268-2275	reduire	_	_	_	
13-16	2276-2278	en	_	_	_	
13-17	2279-2285	vapeur	_	_	_	
13-18	2286-2290	pour	_	_	_	
13-19	2291-2299	parfumer	Smell\_Word	*|*|*	13-21|13-11|2-2[1_0]	
13-20	2300-2303	les	_	_	_	
13-21	2304-2312	chambres	Location	_	_	
13-22	2313-2314	,	_	_	_	
13-23	2315-2317	ex	_	_	_	
13-24	2318-2320	il	_	_	_	
13-25	2321-2327	suffit	_	_	_	
13-26	2328-2332	pour	_	_	_	
13-27	2333-2340	qu'elle	_	_	_	
13-28	2341-2342	y	_	_	_	
13-29	2343-2348	entre	_	_	_	
13-30	2349-2350	,	_	_	_	
13-31	2351-2356	qu'on	_	_	_	
13-32	2357-2364	chauffe	_	_	_	
13-33	2365-2367	un	_	_	_	
13-34	2368-2371	peu	_	_	_	
13-35	2372-2374	le	_	_	_	
13-36	2375-2382	globule	_	_	_	
13-37	2382-2383	,	_	_	_	
13-38	2384-2385	&	_	_	_	
13-39	2386-2391	qu'on	_	_	_	
13-40	2392-2397	mette	_	_	_	
13-41	2398-2405	ensuite	_	_	_	
13-42	2406-2408	le	_	_	_	
13-43	2409-2412	bec	_	_	_	
13-44	2413-2417	dans	_	_	_	
13-45	2418-2420	la	_	_	_	
13-46	2421-2428	liqueur	_	_	_	
13-47	2429-2434	qu'on	_	_	_	
13-48	2435-2436	y	_	_	_	
13-49	2437-2441	veut	_	_	_	
13-50	2442-2450	insinuër	_	_	_	
13-51	2451-2452	,	_	_	_	
13-52	2453-2456	car	_	_	_	
13-53	2457-2461	elle	_	_	_	
13-54	2462-2463	y	_	_	_	
13-55	2464-2467	est	_	_	_	
13-56	2468-2475	attirée	_	_	_	
13-57	2476-2489	naturellement	_	_	_	
13-58	2490-2493	par	_	_	_	
13-59	2494-2496	la	_	_	_	
13-60	2497-2504	chaleur	_	_	_	
13-61	2505-2506	&	_	_	_	
13-62	2507-2510	par	_	_	_	
13-63	2511-2513	le	_	_	_	
13-64	2514-2519	vuide	_	_	_	
13-65	2520-2521	;	_	_	_	
13-66	2522-2527	alors	_	_	_	
13-67	2528-2533	ayant	_	_	_	
13-68	2534-2539	placé	_	_	_	
13-69	2540-2542	le	_	_	_	
13-70	2543-2550	globule	_	_	_	
13-71	2551-2554	sur	_	_	_	
13-72	2555-2557	le	_	_	_	
13-73	2558-2564	cercle	_	_	_	
13-74	2565-2568	qui	_	_	_	
13-75	2569-2572	est	_	_	_	
13-76	2573-2580	soûtenu	_	_	_	
13-77	2581-2584	par	_	_	_	
13-78	2585-2588	les	_	_	_	
13-79	2589-2593	deux	_	_	_	
13-80	2594-2602	consoles	_	_	_	
13-81	2602-2603	,	_	_	_	
13-82	2604-2605	&	_	_	_	
13-83	2606-2609	mis	_	_	_	
13-84	2610-2614	dans	_	_	_	
13-85	2615-2617	la	_	_	_	
13-86	2618-2623	lampe	_	_	_	
13-87	2624-2627	qui	_	_	_	
13-88	2628-2631	est	_	_	_	
13-89	2632-2634	au	_	_	_	
13-90	2635-2642	déssous	_	_	_	
13-91	2642-2643	,	_	_	_	
13-92	2644-2646	un	_	_	_	
13-93	2647-2650	peu	_	_	_	
13-94	2651-2659	d'esprit	_	_	_	
13-95	2660-2666	devint	_	_	_	
13-96	2667-2670	une	_	_	_	
13-97	2671-2677	petite	_	_	_	
13-98	2678-2683	mêche	_	_	_	
13-99	2684-2686	de	_	_	_	
13-100	2687-2692	coton	_	_	_	
13-101	2692-2693	,	_	_	_	
13-102	2694-2696	on	_	_	_	
13-103	2697-2703	allume	_	_	_	
13-104	2704-2709	cette	_	_	_	
13-105	2710-2715	mêche	_	_	_	
13-106	2716-2717	,	_	_	_	
13-107	2718-2721	qui	_	_	_	
13-108	2722-2726	sans	_	_	_	
13-109	2727-2729	se	_	_	_	
13-110	2730-2739	consommer	_	_	_	
13-111	2740-2744	fait	_	_	_	
13-112	2745-2748	une	_	_	_	
13-113	2749-2755	petite	_	_	_	
13-114	2756-2762	flamme	_	_	_	
13-115	2763-2767	tres	_	_	_	
13-116	2768-2776	agreable	_	_	_	
13-117	2777-2778	,	_	_	_	
13-118	2779-2781	au	_	_	_	
13-119	2782-2787	moyen	_	_	_	
13-120	2788-2790	de	_	_	_	
13-121	2791-2799	laquelle	_	_	_	
13-122	2800-2802	le	_	_	_	
13-123	2803-2810	globule	_	_	_	
13-124	2811-2816	étant	_	_	_	
13-125	2817-2825	échauffé	_	_	_	
13-126	2825-2826	,	_	_	_	
13-127	2827-2829	la	_	_	_	
13-128	2830-2837	liqueur	_	_	_	
13-129	2838-2848	boüillonne	_	_	_	
13-130	2849-2850	&	_	_	_	
13-131	2851-2859	s'exhale	_	_	_	
13-132	2860-2863	par	_	_	_	
13-133	2864-2866	le	_	_	_	
13-134	2867-2872	petit	_	_	_	
13-135	2873-2878	tuyau	_	_	_	
13-136	2878-2879	,	_	_	_	
13-137	2880-2884	d'où	_	_	_	
13-138	2885-2892	resulte	_	_	_	
13-139	2893-2896	une	_	_	_	
13-140	2897-2903	vapeur	_	_	_	
13-141	2904-2915	continuelle	_	_	_	
13-142	2915-2916	,	_	_	_	
13-143	2917-2920	qui	_	_	_	
13-144	2921-2924	est	_	_	_	
13-145	2925-2932	presque	_	_	_	
13-146	2933-2946	imperceptible	_	_	_	
13-147	2946-2947	,	_	_	_	
13-148	2948-2949	&	_	_	_	
13-149	2950-2953	qui	_	_	_	
13-150	2954-2956	ne	_	_	_	
13-151	2957-2963	laisse	_	_	_	
13-152	2964-2967	pas	_	_	_	
13-153	2968-2970	de	_	_	_	
13-154	2971-2979	parfumer	Smell\_Word	*	13-157	
13-155	2980-2985	toute	_	_	_	
13-156	2986-2988	la	_	_	_	
13-157	2989-2996	chambre	Location	_	_	
13-158	2996-2997	.	_	_	_	

#Text=On peut placer cette lampe
#Text=en tel endroit de la chambre
#Text=qu'on veut, du moins si on en
#Text=excepte le dessous de la cheminée, par le tuyau de laquelle
#Text=la vapeur s'exhaleroit.
14-1	2999-3001	On	_	_	_	
14-2	3002-3006	peut	_	_	_	
14-3	3007-3013	placer	_	_	_	
14-4	3014-3019	cette	_	_	_	
14-5	3020-3025	lampe	_	_	_	
14-6	3026-3028	en	_	_	_	
14-7	3029-3032	tel	_	_	_	
14-8	3033-3040	endroit	_	_	_	
14-9	3041-3043	de	_	_	_	
14-10	3044-3046	la	_	_	_	
14-11	3047-3054	chambre	_	_	_	
14-12	3055-3060	qu'on	_	_	_	
14-13	3061-3065	veut	_	_	_	
14-14	3065-3066	,	_	_	_	
14-15	3067-3069	du	_	_	_	
14-16	3070-3075	moins	_	_	_	
14-17	3076-3078	si	_	_	_	
14-18	3079-3081	on	_	_	_	
14-19	3082-3084	en	_	_	_	
14-20	3085-3092	excepte	_	_	_	
14-21	3093-3095	le	_	_	_	
14-22	3096-3103	dessous	_	_	_	
14-23	3104-3106	de	_	_	_	
14-24	3107-3109	la	_	_	_	
14-25	3110-3118	cheminée	_	_	_	
14-26	3118-3119	,	_	_	_	
14-27	3120-3123	par	_	_	_	
14-28	3124-3126	le	_	_	_	
14-29	3127-3132	tuyau	_	_	_	
14-30	3133-3135	de	_	_	_	
14-31	3136-3144	laquelle	_	_	_	
14-32	3145-3147	la	_	_	_	
14-33	3148-3154	vapeur	_	_	_	
14-34	3155-3167	s'exhaleroit	_	_	_	
14-35	3167-3168	.	_	_	_	

#Text=On
#Text=peut même le cacher dans un
#Text=recoin ou derriere un pilastre
#Text=d'alcove, observant seulement
#Text=que plus il est bas placé , plus
#Text=l'air de la chambre se trouve
#Text=également parfumé , le propre
#Text=de la vapeur étant de monter.
15-1	3169-3171	On	_	_	_	
15-2	3172-3176	peut	_	_	_	
15-3	3177-3181	même	_	_	_	
15-4	3182-3184	le	_	_	_	
15-5	3185-3191	cacher	_	_	_	
15-6	3192-3196	dans	_	_	_	
15-7	3197-3199	un	_	_	_	
15-8	3200-3206	recoin	_	_	_	
15-9	3207-3209	ou	_	_	_	
15-10	3210-3218	derriere	_	_	_	
15-11	3219-3221	un	_	_	_	
15-12	3222-3230	pilastre	_	_	_	
15-13	3231-3239	d'alcove	_	_	_	
15-14	3239-3240	,	_	_	_	
15-15	3241-3250	observant	_	_	_	
15-16	3251-3260	seulement	_	_	_	
15-17	3261-3264	que	_	_	_	
15-18	3265-3269	plus	_	_	_	
15-19	3270-3272	il	_	_	_	
15-20	3273-3276	est	_	_	_	
15-21	3277-3280	bas	_	_	_	
15-22	3281-3286	placé	_	_	_	
15-23	3287-3288	,	_	_	_	
15-24	3289-3293	plus	_	_	_	
15-25	3294-3299	l'air	Odour\_Carrier	_	_	
15-26	3300-3302	de	_	_	_	
15-27	3303-3305	la	_	_	_	
15-28	3306-3313	chambre	Location	_	_	
15-29	3314-3316	se	_	_	_	
15-30	3317-3323	trouve	_	_	_	
15-31	3324-3333	également	_	_	_	
15-32	3334-3341	parfumé	Smell\_Word	*|*	15-25|15-28	
15-33	3342-3343	,	_	_	_	
15-34	3344-3346	le	_	_	_	
15-35	3347-3353	propre	_	_	_	
15-36	3354-3356	de	_	_	_	
15-37	3357-3359	la	_	_	_	
15-38	3360-3366	vapeur	_	_	_	
15-39	3367-3372	étant	_	_	_	
15-40	3373-3375	de	_	_	_	
15-41	3376-3382	monter	_	_	_	
15-42	3382-3383	.	_	_	_	

#Text=On peut aussi dans un même
#Text=lieu en mettre deux ou tel autre nombre que l'on veut, selon qu'il doit être plus ou
#Text=moins parfumé , quoy qu'un
#Text=seul soit suffisant , pour ôter
#Text=toute la mauvaise odeur d'une
#Text=grande cham bre , & pour la
#Text=remplir du parfum dont on a
#Text=fait choix.
16-1	3385-3387	On	_	_	_	
16-2	3388-3392	peut	_	_	_	
16-3	3393-3398	aussi	_	_	_	
16-4	3399-3403	dans	_	_	_	
16-5	3404-3406	un	_	_	_	
16-6	3407-3411	même	_	_	_	
16-7	3412-3416	lieu	_	_	_	
16-8	3417-3419	en	_	_	_	
16-9	3420-3426	mettre	_	_	_	
16-10	3427-3431	deux	_	_	_	
16-11	3432-3434	ou	_	_	_	
16-12	3435-3438	tel	_	_	_	
16-13	3439-3444	autre	_	_	_	
16-14	3445-3451	nombre	_	_	_	
16-15	3452-3455	que	_	_	_	
16-16	3456-3460	l'on	_	_	_	
16-17	3461-3465	veut	_	_	_	
16-18	3465-3466	,	_	_	_	
16-19	3467-3472	selon	_	_	_	
16-20	3473-3478	qu'il	_	_	_	
16-21	3479-3483	doit	_	_	_	
16-22	3484-3488	être	_	_	_	
16-23	3489-3493	plus	_	_	_	
16-24	3494-3496	ou	_	_	_	
16-25	3497-3502	moins	_	_	_	
16-26	3503-3510	parfumé	Smell\_Word	_	_	
16-27	3511-3512	,	_	_	_	
16-28	3513-3517	quoy	_	_	_	
16-29	3518-3523	qu'un	_	_	_	
16-30	3524-3528	seul	_	_	_	
16-31	3529-3533	soit	_	_	_	
16-32	3534-3543	suffisant	_	_	_	
16-33	3544-3545	,	_	_	_	
16-34	3546-3550	pour	_	_	_	
16-35	3551-3555	ôter	_	_	_	
16-36	3556-3561	toute	_	_	_	
16-37	3562-3564	la	_	_	_	
16-38	3565-3573	mauvaise	Quality	_	_	
16-39	3574-3579	odeur	Smell\_Word	*|*	16-42[2_0]|16-38	
16-40	3580-3585	d'une	_	_	_	
16-41	3586-3592	grande	_	_	_	
16-42	3593-3597	cham	Location[2]	_	_	
16-43	3598-3601	bre	Location[2]	_	_	
16-44	3602-3603	,	_	_	_	
16-45	3604-3605	&	_	_	_	
16-46	3606-3610	pour	_	_	_	
16-47	3611-3613	la	_	_	_	
16-48	3614-3621	remplir	_	_	_	
16-49	3622-3624	du	_	_	_	
16-50	3625-3631	parfum	Smell\_Word	_	_	
16-51	3632-3636	dont	_	_	_	
16-52	3637-3639	on	_	_	_	
16-53	3640-3641	a	_	_	_	
16-54	3642-3646	fait	_	_	_	
16-55	3647-3652	choix	_	_	_	
16-56	3652-3653	.	_	_	_	

#Text=Il est à remarquer, qu'en
#Text=emplissant feulement les deux
#Text=tiers du' globule de quelque
#Text=liqueur odoriserante que ce
#Text=soit, elle ne se trouve qu'à peine dissipée en l'espace d'une
#Text=heure , pendant lequel il ne
#Text=s'use qu'à peine pour trois deniers d'esprit de vin , si bien
#Text=que la liqueur odoriferante
#Text=ne pouvant valoir qu'à peu
#Text=prés autant, il arrive que pendans tout le temps qu'une Dame peut être à sa toilette , sa
#Text=chambre est tres-agreablement parfumée, feulement en
#Text=faisant au plus un sol de depense.
17-1	3655-3657	Il	_	_	_	
17-2	3658-3661	est	_	_	_	
17-3	3662-3663	à	_	_	_	
17-4	3664-3673	remarquer	_	_	_	
17-5	3673-3674	,	_	_	_	
17-6	3675-3680	qu'en	_	_	_	
17-7	3681-3691	emplissant	_	_	_	
17-8	3692-3701	feulement	_	_	_	
17-9	3702-3705	les	_	_	_	
17-10	3706-3710	deux	_	_	_	
17-11	3711-3716	tiers	_	_	_	
17-12	3717-3719	du	_	_	_	
17-13	3719-3720	'	_	_	_	
17-14	3721-3728	globule	_	_	_	
17-15	3729-3731	de	_	_	_	
17-16	3732-3739	quelque	_	_	_	
17-17	3740-3747	liqueur	Smell\_Source	_	_	
17-18	3748-3760	odoriserante	Smell\_Word	*	17-17	
17-19	3761-3764	que	_	_	_	
17-20	3765-3767	ce	_	_	_	
17-21	3768-3772	soit	_	_	_	
17-22	3772-3773	,	_	_	_	
17-23	3774-3778	elle	_	_	_	
17-24	3779-3781	ne	_	_	_	
17-25	3782-3784	se	_	_	_	
17-26	3785-3791	trouve	_	_	_	
17-27	3792-3796	qu'à	_	_	_	
17-28	3797-3802	peine	_	_	_	
17-29	3803-3811	dissipée	_	_	_	
17-30	3812-3814	en	_	_	_	
17-31	3815-3823	l'espace	_	_	_	
17-32	3824-3829	d'une	_	_	_	
17-33	3830-3835	heure	_	_	_	
17-34	3836-3837	,	_	_	_	
17-35	3838-3845	pendant	_	_	_	
17-36	3846-3852	lequel	_	_	_	
17-37	3853-3855	il	_	_	_	
17-38	3856-3858	ne	_	_	_	
17-39	3859-3864	s'use	_	_	_	
17-40	3865-3869	qu'à	_	_	_	
17-41	3870-3875	peine	_	_	_	
17-42	3876-3880	pour	_	_	_	
17-43	3881-3886	trois	_	_	_	
17-44	3887-3894	deniers	_	_	_	
17-45	3895-3903	d'esprit	_	_	_	
17-46	3904-3906	de	_	_	_	
17-47	3907-3910	vin	_	_	_	
17-48	3911-3912	,	_	_	_	
17-49	3913-3915	si	_	_	_	
17-50	3916-3920	bien	_	_	_	
17-51	3921-3924	que	_	_	_	
17-52	3925-3927	la	_	_	_	
17-53	3928-3935	liqueur	Smell\_Source	_	_	
17-54	3936-3948	odoriferante	Smell\_Word	*	17-53	
17-55	3949-3951	ne	_	_	_	
17-56	3952-3959	pouvant	_	_	_	
17-57	3960-3966	valoir	_	_	_	
17-58	3967-3971	qu'à	_	_	_	
17-59	3972-3975	peu	_	_	_	
17-60	3976-3980	prés	_	_	_	
17-61	3981-3987	autant	_	_	_	
17-62	3987-3988	,	_	_	_	
17-63	3989-3991	il	_	_	_	
17-64	3992-3998	arrive	_	_	_	
17-65	3999-4002	que	_	_	_	
17-66	4003-4010	pendans	_	_	_	
17-67	4011-4015	tout	_	_	_	
17-68	4016-4018	le	_	_	_	
17-69	4019-4024	temps	_	_	_	
17-70	4025-4031	qu'une	_	_	_	
17-71	4032-4036	Dame	Perceiver	_	_	
17-72	4037-4041	peut	_	_	_	
17-73	4042-4046	être	_	_	_	
17-74	4047-4048	à	_	_	_	
17-75	4049-4051	sa	_	_	_	
17-76	4052-4060	toilette	Circumstances	_	_	
17-77	4061-4062	,	_	_	_	
17-78	4063-4065	sa	_	_	_	
17-79	4066-4073	chambre	Location	_	_	
17-80	4074-4077	est	_	_	_	
17-81	4078-4095	tres-agreablement	Quality	_	_	
17-82	4096-4104	parfumée	Smell\_Word	*|*|*|*|*	17-81|17-71|17-79|17-76|17-53	
17-83	4104-4105	,	_	_	_	
17-84	4106-4115	feulement	_	_	_	
17-85	4116-4118	en	_	_	_	
17-86	4119-4126	faisant	_	_	_	
17-87	4127-4129	au	_	_	_	
17-88	4130-4134	plus	_	_	_	
17-89	4135-4137	un	_	_	_	
17-90	4138-4141	sol	_	_	_	
17-91	4142-4144	de	_	_	_	
17-92	4145-4152	depense	_	_	_	
17-93	4152-4153	.	_	_	_	

#Text=Ce qu'il y a en cela de commode, eil qu'on n'a pas la sujettion d'observer la consommation de la liqueur , pour se
#Text=mettre en peine d'éteindre la
#Text=Lampe lors que la globule paroit vuide, car bien qu'il foit
#Text=tres mince, j'ay trouvé le moyen de le rendre propre à resister au feu sans contenir aucune liqueur, pendant tout le
#Text=temps que l'on veut.
18-1	4155-4157	Ce	_	_	_	
18-2	4158-4163	qu'il	_	_	_	
18-3	4164-4165	y	_	_	_	
18-4	4166-4167	a	_	_	_	
18-5	4168-4170	en	_	_	_	
18-6	4171-4175	cela	_	_	_	
18-7	4176-4178	de	_	_	_	
18-8	4179-4186	commode	_	_	_	
18-9	4186-4187	,	_	_	_	
18-10	4188-4191	eil	_	_	_	
18-11	4192-4197	qu'on	_	_	_	
18-12	4198-4201	n'a	_	_	_	
18-13	4202-4205	pas	_	_	_	
18-14	4206-4208	la	_	_	_	
18-15	4209-4218	sujettion	_	_	_	
18-16	4219-4229	d'observer	_	_	_	
18-17	4230-4232	la	_	_	_	
18-18	4233-4245	consommation	_	_	_	
18-19	4246-4248	de	_	_	_	
18-20	4249-4251	la	_	_	_	
18-21	4252-4259	liqueur	_	_	_	
18-22	4260-4261	,	_	_	_	
18-23	4262-4266	pour	_	_	_	
18-24	4267-4269	se	_	_	_	
18-25	4270-4276	mettre	_	_	_	
18-26	4277-4279	en	_	_	_	
18-27	4280-4285	peine	_	_	_	
18-28	4286-4296	d'éteindre	_	_	_	
18-29	4297-4299	la	_	_	_	
18-30	4300-4305	Lampe	_	_	_	
18-31	4306-4310	lors	_	_	_	
18-32	4311-4314	que	_	_	_	
18-33	4315-4317	la	_	_	_	
18-34	4318-4325	globule	_	_	_	
18-35	4326-4332	paroit	_	_	_	
18-36	4333-4338	vuide	_	_	_	
18-37	4338-4339	,	_	_	_	
18-38	4340-4343	car	_	_	_	
18-39	4344-4348	bien	_	_	_	
18-40	4349-4354	qu'il	_	_	_	
18-41	4355-4359	foit	_	_	_	
18-42	4360-4364	tres	_	_	_	
18-43	4365-4370	mince	_	_	_	
18-44	4370-4371	,	_	_	_	
18-45	4372-4376	j'ay	_	_	_	
18-46	4377-4383	trouvé	_	_	_	
18-47	4384-4386	le	_	_	_	
18-48	4387-4392	moyen	_	_	_	
18-49	4393-4395	de	_	_	_	
18-50	4396-4398	le	_	_	_	
18-51	4399-4405	rendre	_	_	_	
18-52	4406-4412	propre	_	_	_	
18-53	4413-4414	à	_	_	_	
18-54	4415-4423	resister	_	_	_	
18-55	4424-4426	au	_	_	_	
18-56	4427-4430	feu	_	_	_	
18-57	4431-4435	sans	_	_	_	
18-58	4436-4444	contenir	_	_	_	
18-59	4445-4451	aucune	_	_	_	
18-60	4452-4459	liqueur	_	_	_	
18-61	4459-4460	,	_	_	_	
18-62	4461-4468	pendant	_	_	_	
18-63	4469-4473	tout	_	_	_	
18-64	4474-4476	le	_	_	_	
18-65	4477-4482	temps	_	_	_	
18-66	4483-4486	que	_	_	_	
18-67	4487-4491	l'on	_	_	_	
18-68	4492-4496	veut	_	_	_	
18-69	4496-4497	.	_	_	_	

#Text=Ces parfums ont encore cela
#Text=de plaisant, qu'on en peut faire placer autant qu'on veut,
#Text=sur les branches des lustres de
#Text=crystal, ou de toutes autres especes de Girandolles & de
#Text=chandeliers à plaques , pour
#Text=parfumer les salles & les chambres , lors des bals, des balets,
#Text=ou des autres fêtes galantes,
#Text=car les lampes de ces Cassolettes font du moins un aussi
#Text=agreable effet que les bougies y outre qu'on peut y en
#Text=mettre un tres grand nombre,
#Text=sans craindre qu'il fasse à
#Text=beaucoup prés tant de fumée,
#Text=que la moindre pastille mise
#Text=dans une Cassolette commune, ou que la moindre quantité d'eau odoriserante mise
#Text=sur une pelle chaude, qui font
#Text=les deux façons ordinaires de
#Text=parfumer les chambres, & qui
#Text=sot l'une & l'autre deffectueuses en cela, qu'elles consomment beaucoup de matiere en
#Text=peu de temps, & qu'il en exhale une vapeur si épaisse , qu'il ne se peut qu'elle n'apporte un grand dommage aux lits, aux tapisseries autres meubles.
19-1	4499-4502	Ces	_	_	_	
19-2	4503-4510	parfums	Smell\_Word	*|*|*|*|*|*|*|*|*|*	19-7|19-42|19-45|19-65|19-57[3_0]|19-49|19-52|19-71|19-75|19-40	
19-3	4511-4514	ont	_	_	_	
19-4	4515-4521	encore	_	_	_	
19-5	4522-4526	cela	_	_	_	
19-6	4527-4529	de	_	_	_	
19-7	4530-4538	plaisant	Quality	_	_	
19-8	4538-4539	,	_	_	_	
19-9	4540-4545	qu'on	_	_	_	
19-10	4546-4548	en	_	_	_	
19-11	4549-4553	peut	_	_	_	
19-12	4554-4559	faire	_	_	_	
19-13	4560-4566	placer	_	_	_	
19-14	4567-4573	autant	_	_	_	
19-15	4574-4579	qu'on	_	_	_	
19-16	4580-4584	veut	_	_	_	
19-17	4584-4585	,	_	_	_	
19-18	4586-4589	sur	_	_	_	
19-19	4590-4593	les	_	_	_	
19-20	4594-4602	branches	_	_	_	
19-21	4603-4606	des	_	_	_	
19-22	4607-4614	lustres	_	_	_	
19-23	4615-4617	de	_	_	_	
19-24	4618-4625	crystal	_	_	_	
19-25	4625-4626	,	_	_	_	
19-26	4627-4629	ou	_	_	_	
19-27	4630-4632	de	_	_	_	
19-28	4633-4639	toutes	_	_	_	
19-29	4640-4646	autres	_	_	_	
19-30	4647-4654	especes	_	_	_	
19-31	4655-4657	de	_	_	_	
19-32	4658-4669	Girandolles	_	_	_	
19-33	4670-4671	&	_	_	_	
19-34	4672-4674	de	_	_	_	
19-35	4675-4686	chandeliers	_	_	_	
19-36	4687-4688	à	_	_	_	
19-37	4689-4696	plaques	_	_	_	
19-38	4697-4698	,	_	_	_	
19-39	4699-4703	pour	_	_	_	
19-40	4704-4712	parfumer	Effect	_	_	
19-41	4713-4716	les	_	_	_	
19-42	4717-4723	salles	Location	_	_	
19-43	4724-4725	&	_	_	_	
19-44	4726-4729	les	_	_	_	
19-45	4730-4738	chambres	Location	_	_	
19-46	4739-4740	,	_	_	_	
19-47	4741-4745	lors	_	_	_	
19-48	4746-4749	des	_	_	_	
19-49	4750-4754	bals	Circumstances	_	_	
19-50	4754-4755	,	_	_	_	
19-51	4756-4759	des	_	_	_	
19-52	4760-4766	balets	Circumstances	_	_	
19-53	4766-4767	,	_	_	_	
19-54	4768-4770	ou	_	_	_	
19-55	4771-4774	des	_	_	_	
19-56	4775-4781	autres	_	_	_	
19-57	4782-4787	fêtes	Circumstances[3]	_	_	
19-58	4788-4796	galantes	Circumstances[3]	_	_	
19-59	4796-4797	,	_	_	_	
19-60	4798-4801	car	_	_	_	
19-61	4802-4805	les	_	_	_	
19-62	4806-4812	lampes	_	_	_	
19-63	4813-4815	de	_	_	_	
19-64	4816-4819	ces	_	_	_	
19-65	4820-4831	Cassolettes	Odour\_Carrier	_	_	
19-66	4832-4836	font	_	_	_	
19-67	4837-4839	du	_	_	_	
19-68	4840-4845	moins	_	_	_	
19-69	4846-4848	un	_	_	_	
19-70	4849-4854	aussi	_	_	_	
19-71	4855-4863	agreable	Quality	_	_	
19-72	4864-4869	effet	_	_	_	
19-73	4870-4873	que	_	_	_	
19-74	4874-4877	les	_	_	_	
19-75	4878-4885	bougies	Evoked\_Odorant	_	_	
19-76	4886-4887	y	_	_	_	
19-77	4888-4893	outre	_	_	_	
19-78	4894-4899	qu'on	_	_	_	
19-79	4900-4904	peut	_	_	_	
19-80	4905-4906	y	_	_	_	
19-81	4907-4909	en	_	_	_	
19-82	4910-4916	mettre	_	_	_	
19-83	4917-4919	un	_	_	_	
19-84	4920-4924	tres	_	_	_	
19-85	4925-4930	grand	_	_	_	
19-86	4931-4937	nombre	_	_	_	
19-87	4937-4938	,	_	_	_	
19-88	4939-4943	sans	_	_	_	
19-89	4944-4952	craindre	_	_	_	
19-90	4953-4958	qu'il	_	_	_	
19-91	4959-4964	fasse	_	_	_	
19-92	4965-4966	à	_	_	_	
19-93	4967-4975	beaucoup	_	_	_	
19-94	4976-4980	prés	_	_	_	
19-95	4981-4985	tant	_	_	_	
19-96	4986-4988	de	_	_	_	
19-97	4989-4994	fumée	_	_	_	
19-98	4994-4995	,	_	_	_	
19-99	4996-4999	que	_	_	_	
19-100	5000-5002	la	_	_	_	
19-101	5003-5010	moindre	_	_	_	
19-102	5011-5019	pastille	_	_	_	
19-103	5020-5024	mise	_	_	_	
19-104	5025-5029	dans	_	_	_	
19-105	5030-5033	une	_	_	_	
19-106	5034-5044	Cassolette	_	_	_	
19-107	5045-5052	commune	_	_	_	
19-108	5052-5053	,	_	_	_	
19-109	5054-5056	ou	_	_	_	
19-110	5057-5060	que	_	_	_	
19-111	5061-5063	la	_	_	_	
19-112	5064-5071	moindre	_	_	_	
19-113	5072-5080	quantité	_	_	_	
19-114	5081-5086	d'eau	Smell\_Source[4]	_	_	
19-115	5087-5099	odoriserante	Smell\_Source[4]|Smell\_Word[5]	*|*|*|*	19-114[4_5]|19-119[0_5]|19-129[0_5]|19-131[0_5]	
19-116	5100-5104	mise	_	_	_	
19-117	5105-5108	sur	_	_	_	
19-118	5109-5112	une	_	_	_	
19-119	5113-5118	pelle	Odour\_Carrier	_	_	
19-120	5119-5125	chaude	_	_	_	
19-121	5125-5126	,	_	_	_	
19-122	5127-5130	qui	_	_	_	
19-123	5131-5135	font	_	_	_	
19-124	5136-5139	les	_	_	_	
19-125	5140-5144	deux	_	_	_	
19-126	5145-5151	façons	_	_	_	
19-127	5152-5162	ordinaires	_	_	_	
19-128	5163-5165	de	_	_	_	
19-129	5166-5174	parfumer	Effect	_	_	
19-130	5175-5178	les	_	_	_	
19-131	5179-5187	chambres	Location	_	_	
19-132	5187-5188	,	_	_	_	
19-133	5189-5190	&	_	_	_	
19-134	5191-5194	qui	_	_	_	
19-135	5195-5198	sot	_	_	_	
19-136	5199-5204	l'une	_	_	_	
19-137	5205-5206	&	_	_	_	
19-138	5207-5214	l'autre	_	_	_	
19-139	5215-5228	deffectueuses	_	_	_	
19-140	5229-5231	en	_	_	_	
19-141	5232-5236	cela	_	_	_	
19-142	5236-5237	,	_	_	_	
19-143	5238-5246	qu'elles	_	_	_	
19-144	5247-5257	consomment	_	_	_	
19-145	5258-5266	beaucoup	_	_	_	
19-146	5267-5269	de	_	_	_	
19-147	5270-5277	matiere	_	_	_	
19-148	5278-5280	en	_	_	_	
19-149	5281-5284	peu	_	_	_	
19-150	5285-5287	de	_	_	_	
19-151	5288-5293	temps	_	_	_	
19-152	5293-5294	,	_	_	_	
19-153	5295-5296	&	_	_	_	
19-154	5297-5302	qu'il	_	_	_	
19-155	5303-5305	en	_	_	_	
19-156	5306-5312	exhale	_	_	_	
19-157	5313-5316	une	_	_	_	
19-158	5317-5323	vapeur	_	_	_	
19-159	5324-5326	si	_	_	_	
19-160	5327-5334	épaisse	_	_	_	
19-161	5335-5336	,	_	_	_	
19-162	5337-5342	qu'il	_	_	_	
19-163	5343-5345	ne	_	_	_	
19-164	5346-5348	se	_	_	_	
19-165	5349-5353	peut	_	_	_	
19-166	5354-5361	qu'elle	_	_	_	
19-167	5362-5371	n'apporte	_	_	_	
19-168	5372-5374	un	_	_	_	
19-169	5375-5380	grand	_	_	_	
19-170	5381-5388	dommage	_	_	_	
19-171	5389-5392	aux	_	_	_	
19-172	5393-5397	lits	_	_	_	
19-173	5397-5398	,	_	_	_	
19-174	5399-5402	aux	_	_	_	
19-175	5403-5414	tapisseries	_	_	_	
19-176	5415-5421	autres	_	_	_	
19-177	5422-5429	meubles	_	_	_	
19-178	5429-5430	.	_	_	_	

#Text=Au surplus lorsqu'il ne s'agit que du plaisir , on peut
#Text=faire choix du parfum qu'on ayme le mieux, la pastille même , & les autres parfums solides pouvant à cet effet être
#Text=dissous dans de l'esprit devin,
#Text=ou dans telle autre liqueur
#Text=que l'on veut j mais sans cela
#Text=on a assez d' autres liqueurs
#Text=odoriferantes, par exemple
#Text=l'eau-rose commune, l'eau de
#Text=roses muscades, l'eau de mille
#Text=fleurs, l'eau de fleurs d'oranges, l'eau de Cordouë ,l'eau
#Text=d'Ange, & c. qui donnent un
#Text=parfum tres agreable, aussi bien
#Text=que le lait virginal de Benjoin, & la liqueur qui se trouve
#Text=dans ces especes de pots pourris, qui font composés avec les
#Text=fleurs les plus odoriserantes.
20-1	5432-5434	Au	_	_	_	
20-2	5435-5442	surplus	_	_	_	
20-3	5443-5452	lorsqu'il	_	_	_	
20-4	5453-5455	ne	_	_	_	
20-5	5456-5462	s'agit	_	_	_	
20-6	5463-5466	que	_	_	_	
20-7	5467-5469	du	_	_	_	
20-8	5470-5477	plaisir	_	_	_	
20-9	5478-5479	,	_	_	_	
20-10	5480-5482	on	_	_	_	
20-11	5483-5487	peut	_	_	_	
20-12	5488-5493	faire	_	_	_	
20-13	5494-5499	choix	_	_	_	
20-14	5500-5502	du	_	_	_	
20-15	5503-5509	parfum	Smell\_Word	_	_	
20-16	5510-5515	qu'on	_	_	_	
20-17	5516-5520	ayme	_	_	_	
20-18	5521-5523	le	_	_	_	
20-19	5524-5529	mieux	_	_	_	
20-20	5529-5530	,	_	_	_	
20-21	5531-5533	la	_	_	_	
20-22	5534-5542	pastille	_	_	_	
20-23	5543-5547	même	_	_	_	
20-24	5548-5549	,	_	_	_	
20-25	5550-5551	&	_	_	_	
20-26	5552-5555	les	_	_	_	
20-27	5556-5562	autres	_	_	_	
20-28	5563-5570	parfums	Smell\_Word	_	_	
20-29	5571-5578	solides	_	_	_	
20-30	5579-5586	pouvant	_	_	_	
20-31	5587-5588	à	_	_	_	
20-32	5589-5592	cet	_	_	_	
20-33	5593-5598	effet	_	_	_	
20-34	5599-5603	être	_	_	_	
20-35	5604-5611	dissous	_	_	_	
20-36	5612-5616	dans	_	_	_	
20-37	5617-5619	de	_	_	_	
20-38	5620-5628	l'esprit	_	_	_	
20-39	5629-5634	devin	_	_	_	
20-40	5634-5635	,	_	_	_	
20-41	5636-5638	ou	_	_	_	
20-42	5639-5643	dans	_	_	_	
20-43	5644-5649	telle	_	_	_	
20-44	5650-5655	autre	_	_	_	
20-45	5656-5663	liqueur	_	_	_	
20-46	5664-5667	que	_	_	_	
20-47	5668-5672	l'on	_	_	_	
20-48	5673-5677	veut	_	_	_	
20-49	5678-5679	j	_	_	_	
20-50	5680-5684	mais	_	_	_	
20-51	5685-5689	sans	_	_	_	
20-52	5690-5694	cela	_	_	_	
20-53	5695-5697	on	_	_	_	
20-54	5698-5699	a	_	_	_	
20-55	5700-5705	assez	_	_	_	
20-56	5706-5707	d	_	_	_	
20-57	5707-5708	'	_	_	_	
20-58	5709-5715	autres	_	_	_	
20-59	5716-5724	liqueurs	Smell\_Source	_	_	
20-60	5725-5738	odoriferantes	Smell\_Word	*	20-59	
20-61	5738-5739	,	_	_	_	
20-62	5740-5743	par	_	_	_	
20-63	5744-5751	exemple	_	_	_	
20-64	5752-5762	l'eau-rose	Smell\_Source	_	_	
20-65	5763-5770	commune	_	_	_	
20-66	5770-5771	,	_	_	_	
20-67	5772-5777	l'eau	Smell\_Source[6]	_	_	
20-68	5778-5780	de	Smell\_Source[6]	_	_	
20-69	5781-5786	roses	Smell\_Source[6]	_	_	
20-70	5787-5795	muscades	Smell\_Source[6]	_	_	
20-71	5795-5796	,	_	_	_	
20-72	5797-5802	l'eau	Smell\_Source[7]	_	_	
20-73	5803-5805	de	Smell\_Source[7]	_	_	
20-74	5806-5811	mille	Smell\_Source[7]	_	_	
20-75	5812-5818	fleurs	Smell\_Source[7]	_	_	
20-76	5818-5819	,	_	_	_	
20-77	5820-5825	l'eau	Smell\_Source[8]	_	_	
20-78	5826-5828	de	Smell\_Source[8]	_	_	
20-79	5829-5835	fleurs	Smell\_Source[8]	_	_	
20-80	5836-5845	d'oranges	Smell\_Source[8]	_	_	
20-81	5845-5846	,	_	_	_	
20-82	5847-5852	l'eau	Smell\_Source[9]	_	_	
20-83	5853-5855	de	Smell\_Source[9]	_	_	
20-84	5856-5863	Cordouë	Smell\_Source[9]	_	_	
20-85	5864-5865	,	_	_	_	
20-86	5865-5870	l'eau	Smell\_Source[10]	_	_	
20-87	5871-5877	d'Ange	Smell\_Source[10]	_	_	
20-88	5877-5878	,	_	_	_	
20-89	5879-5880	&	_	_	_	
20-90	5881-5882	c	_	_	_	
20-91	5882-5883	.	_	_	_	
20-92	5884-5887	qui	_	_	_	
20-93	5888-5895	donnent	_	_	_	
20-94	5896-5898	un	_	_	_	
20-95	5899-5905	parfum	Smell\_Word	*|*|*|*|*|*|*|*|*	20-96[11_0]|20-86[10_0]|20-64|20-82[9_0]|20-67[6_0]|20-72[7_0]|20-77[8_0]|20-103[12_0]|20-110[13_0]	
20-96	5906-5910	tres	Quality[11]	_	_	
20-97	5911-5919	agreable	Quality[11]	_	_	
20-98	5919-5920	,	_	_	_	
20-99	5921-5926	aussi	_	_	_	
20-100	5927-5931	bien	_	_	_	
20-101	5932-5935	que	_	_	_	
20-102	5936-5938	le	_	_	_	
20-103	5939-5943	lait	Smell\_Source[12]	_	_	
20-104	5944-5952	virginal	Smell\_Source[12]	_	_	
20-105	5953-5955	de	Smell\_Source[12]	_	_	
20-106	5956-5963	Benjoin	Smell\_Source[12]	_	_	
20-107	5963-5964	,	_	_	_	
20-108	5965-5966	&	_	_	_	
20-109	5967-5969	la	_	_	_	
20-110	5970-5977	liqueur	Smell\_Source[13]	_	_	
20-111	5978-5981	qui	Smell\_Source[13]	_	_	
20-112	5982-5984	se	Smell\_Source[13]	_	_	
20-113	5985-5991	trouve	Smell\_Source[13]	_	_	
20-114	5992-5996	dans	Smell\_Source[13]	_	_	
20-115	5997-6000	ces	Smell\_Source[13]	_	_	
20-116	6001-6008	especes	Smell\_Source[13]	_	_	
20-117	6009-6011	de	Smell\_Source[13]	_	_	
20-118	6012-6016	pots	Smell\_Source[13]|Smell\_Source[14]	_	_	
20-119	6017-6024	pourris	Smell\_Source[13]|Smell\_Source[14]	_	_	
20-120	6024-6025	,	_	_	_	
20-121	6026-6029	qui	_	_	_	
20-122	6030-6034	font	_	_	_	
20-123	6035-6043	composés	_	_	_	
20-124	6044-6048	avec	_	_	_	
20-125	6049-6052	les	_	_	_	
20-126	6053-6059	fleurs	Smell\_Source	_	_	
20-127	6060-6063	les	_	_	_	
20-128	6064-6068	plus	_	_	_	
20-129	6069-6082	odoriserantes	Smell\_Word	*|*	20-126|20-118[14_0]	
20-130	6082-6083	.	_	_	_	
