#FORMAT=WebAnno TSV 3.3


#Text=zu eſſen, zu ſchlucken ohne zu ſchmecken, von dem man alſo
#Text=ſagen kann, er ſei von ſchlechtem Zeug abgeſtumpft, er ſei ſo
#Text=
#Text=ſehr ans Schlechte
#Text=gewoͤhnt und dadurch verwoͤhnt, daß er
#Text=ſtumpf gegen das Gute wurde, — wird ein ſolcher, ungewarnt
#Text=von dem unſchoͤnen Geſchmack, nicht weit eher Gefahr laufen,
#Text=damit vergiftet zu werden?
1-1	1-3	zu	
1-2	4-9	eſſen	
1-3	9-10	,	
1-4	11-13	zu	
1-5	14-23	ſchlucken	
1-6	24-28	ohne	
1-7	29-31	zu	
1-8	32-41	ſchmecken	
1-9	41-42	,	
1-10	43-46	von	
1-11	47-50	dem	
1-12	51-54	man	
1-13	55-59	alſo	
1-14	60-65	ſagen	
1-15	66-70	kann	
1-16	70-71	,	
1-17	72-74	er	
1-18	75-78	ſei	
1-19	79-82	von	
1-20	83-93	ſchlechtem	
1-21	94-98	Zeug	
1-22	99-110	abgeſtumpft	
1-23	110-111	,	
1-24	112-114	er	
1-25	115-118	ſei	
1-26	119-121	ſo	
1-27	123-127	ſehr	
1-28	128-131	ans	
1-29	132-141	Schlechte	
1-30	142-150	gewoͤhnt	
1-31	151-154	und	
1-32	155-162	dadurch	
1-33	163-172	verwoͤhnt	
1-34	172-173	,	
1-35	174-177	daß	
1-36	178-180	er	
1-37	181-187	ſtumpf	
1-38	188-193	gegen	
1-39	194-197	das	
1-40	198-202	Gute	
1-41	203-208	wurde	
1-42	208-209	,	
1-43	210-211	—	
1-44	212-216	wird	
1-45	217-220	ein	
1-46	221-228	ſolcher	
1-47	228-229	,	
1-48	230-239	ungewarnt	
1-49	240-243	von	
1-50	244-247	dem	
1-51	248-258	unſchoͤnen	
1-52	259-268	Geſchmack	
1-53	268-269	,	
1-54	270-275	nicht	
1-55	276-280	weit	
1-56	281-285	eher	
1-57	286-292	Gefahr	
1-58	293-299	laufen	
1-59	299-300	,	
1-60	301-306	damit	
1-61	307-316	vergiftet	
1-62	317-319	zu	
1-63	320-326	werden	
1-64	326-327	?	

#Text=Selbſt die er- und verkuͤnſtelte
#Text=metalliſche Suͤßlichkeit des Arſeniks, verſuͤßten Queckſilbers, des
#Text=Bleizuckers ꝛc., die eine ungeuͤbte Zunge leicht fuͤr Kochzucker
#Text=nehmen koͤnnte, wird von dem feingebildeten Eßkuͤnſtler leicht
#Text=erkannt und perhorreszirt werden.
2-1	328-334	Selbſt	
2-2	335-338	die	
2-3	339-341	er	
2-4	341-342	-	
2-5	343-346	und	
2-6	347-360	verkuͤnſtelte	
2-7	361-372	metalliſche	
2-8	373-385	Suͤßlichkeit	
2-9	386-389	des	
2-10	390-398	Arſeniks	
2-11	398-399	,	
2-12	400-410	verſuͤßten	
2-13	411-423	Queckſilbers	
2-14	423-424	,	
2-15	425-428	des	
2-16	429-440	Bleizuckers	
2-17	441-443	ꝛc	
2-18	443-444	.	
2-19	444-445	,	
2-20	446-449	die	
2-21	450-454	eine	
2-22	455-464	ungeuͤbte	
2-23	465-470	Zunge	
2-24	471-477	leicht	
2-25	478-482	fuͤr	
2-26	483-493	Kochzucker	
2-27	494-500	nehmen	
2-28	501-508	koͤnnte	
2-29	508-509	,	
2-30	510-514	wird	
2-31	515-518	von	
2-32	519-522	dem	
2-33	523-537	feingebildeten	
2-34	538-549	Eßkuͤnſtler	
2-35	550-556	leicht	
2-36	557-564	erkannt	
2-37	565-568	und	
2-38	569-582	perhorreszirt	
2-39	583-589	werden	
2-40	589-590	.	

#Text=Somit liegt in der Eßkunſt
#Text=gerade eine Buͤrgſchaft gegen Vergiftung.
3-1	591-596	Somit	
3-2	597-602	liegt	
3-3	603-605	in	
3-4	606-609	der	
3-5	610-617	Eßkunſt	
3-6	618-624	gerade	
3-7	625-629	eine	
3-8	630-641	Buͤrgſchaft	
3-9	642-647	gegen	
3-10	648-658	Vergiftung	
3-11	658-659	.	

#Text=Auch laͤßt ſich vor-
#Text=ausſetzen, daß der Eßkuͤnſtler, welcher die Natur zunaͤchſt vom
#Text=Geſichtspunkte des Genießbaren und Ungenießbaren zu betrach-
#Text=ten gewohnt iſt, eher mit den bezuͤglichen botaniſchen und toxi-
#Text=
#Text=\f
#Text=[128/0142]
#Text=kologiſchen Lehren vertraut ſein wird, als der roh, ohne Sinn
#Text=
#Text=und Bewußtſein Eſſende, der gar nicht recht ſieht und ſchmeckt,
#Text=was er ißt, und ſich ſo wenig fuͤr das intereſſirt, was darauf
#Text=Bezug hat.
4-1	660-664	Auch	
4-2	665-670	laͤßt	
4-3	671-675	ſich	
4-4	676-679	vor	
4-5	679-680	-	
4-6	681-690	ausſetzen	
4-7	690-691	,	
4-8	692-695	daß	
4-9	696-699	der	
4-10	700-711	Eßkuͤnſtler	
4-11	711-712	,	
4-12	713-720	welcher	
4-13	721-724	die	
4-14	725-730	Natur	
4-15	731-740	zunaͤchſt	
4-16	741-744	vom	
4-17	745-759	Geſichtspunkte	
4-18	760-763	des	
4-19	764-775	Genießbaren	
4-20	776-779	und	
4-21	780-793	Ungenießbaren	
4-22	794-796	zu	
4-23	797-804	betrach	
4-24	804-805	-	
4-25	806-809	ten	
4-26	810-817	gewohnt	
4-27	818-821	iſt	
4-28	821-822	,	
4-29	823-827	eher	
4-30	828-831	mit	
4-31	832-835	den	
4-32	836-848	bezuͤglichen	
4-33	849-860	botaniſchen	
4-34	861-864	und	
4-35	865-869	toxi	
4-36	869-870	-	
4-37	874-875	[	
4-38	875-878	128	
4-39	878-879	/	
4-40	879-883	0142	
4-41	883-884	]	
4-42	885-896	kologiſchen	
4-43	897-903	Lehren	
4-44	904-912	vertraut	
4-45	913-917	ſein	
4-46	918-922	wird	
4-47	922-923	,	
4-48	924-927	als	
4-49	928-931	der	
4-50	932-935	roh	
4-51	935-936	,	
4-52	937-941	ohne	
4-53	942-946	Sinn	
4-54	948-951	und	
4-55	952-962	Bewußtſein	
4-56	963-970	Eſſende	
4-57	970-971	,	
4-58	972-975	der	
4-59	976-979	gar	
4-60	980-985	nicht	
4-61	986-991	recht	
4-62	992-997	ſieht	
4-63	998-1001	und	
4-64	1002-1010	ſchmeckt	
4-65	1010-1011	,	
4-66	1012-1015	was	
4-67	1016-1018	er	
4-68	1019-1022	ißt	
4-69	1022-1023	,	
4-70	1024-1027	und	
4-71	1028-1032	ſich	
4-72	1033-1035	ſo	
4-73	1036-1041	wenig	
4-74	1042-1046	fuͤr	
4-75	1047-1050	das	
4-76	1051-1062	intereſſirt	
4-77	1062-1063	,	
4-78	1064-1067	was	
4-79	1068-1074	darauf	
4-80	1075-1080	Bezug	
4-81	1081-1084	hat	
4-82	1084-1085	.	

#Text=Wichtig iſt ferner die Pflege des Geruchsſinnes, der zum
#Text=Eßgenuß ſo unbeſchreiblich viel beitraͤgt.
5-1	1089-1096	Wichtig	
5-2	1097-1100	iſt	
5-3	1101-1107	ferner	
5-4	1108-1111	die	
5-5	1112-1118	Pflege	
5-6	1119-1122	des	
5-7	1123-1136	Geruchsſinnes	
5-8	1136-1137	,	
5-9	1138-1141	der	
5-10	1142-1145	zum	
5-11	1146-1153	Eßgenuß	
5-12	1154-1156	ſo	
5-13	1157-1172	unbeſchreiblich	
5-14	1173-1177	viel	
5-15	1178-1187	beitraͤgt	
5-16	1187-1188	.	

#Text=Wie weit man’s in
#Text=dieſem Fache bringen kann, beweiſt unter Anderen der Cardinal
#Text=Alexander Albani, welcher, nachdem er blind geworden war,
#Text=junge Damen von den alten durch den Geruch unterſcheiden
#Text=konnte.
6-1	1189-1192	Wie	
6-2	1193-1197	weit	
6-3	1198-1201	man	
6-4	1201-1202	’	
6-5	1202-1203	s	
6-6	1204-1206	in	
6-7	1207-1213	dieſem	
6-8	1214-1219	Fache	
6-9	1220-1227	bringen	
6-10	1228-1232	kann	
6-11	1232-1233	,	
6-12	1234-1241	beweiſt	
6-13	1242-1247	unter	
6-14	1248-1255	Anderen	
6-15	1256-1259	der	
6-16	1260-1268	Cardinal	
6-17	1269-1278	Alexander	
6-18	1279-1285	Albani	
6-19	1285-1286	,	
6-20	1287-1294	welcher	
6-21	1294-1295	,	
6-22	1296-1303	nachdem	
6-23	1304-1306	er	
6-24	1307-1312	blind	
6-25	1313-1321	geworden	
6-26	1322-1325	war	
6-27	1325-1326	,	
6-28	1327-1332	junge	
6-29	1333-1338	Damen	
6-30	1339-1342	von	
6-31	1343-1346	den	
6-32	1347-1352	alten	
6-33	1353-1358	durch	
6-34	1359-1362	den	
6-35	1363-1369	Geruch	
6-36	1370-1383	unterſcheiden	
6-37	1384-1390	konnte	
6-38	1390-1391	.	

#Text=Wenn man bedenkt, wie viel im Ausdruck: „ich rieche
#Text=den Braten“ liegt, ſollte man wohl auf Ausbildung einer
#Text=moͤglichſt feinen
#Text=Naſe eifrigſt bedacht ſein.
7-1	1392-1396	Wenn	
7-2	1397-1400	man	
7-3	1401-1408	bedenkt	
7-4	1408-1409	,	
7-5	1410-1413	wie	
7-6	1414-1418	viel	
7-7	1419-1421	im	
7-8	1422-1430	Ausdruck	
7-9	1430-1431	:	
7-10	1432-1433	„	
7-11	1433-1436	ich	
7-12	1437-1443	rieche	
7-13	1444-1447	den	
7-14	1448-1454	Braten	
7-15	1454-1455	“	
7-16	1456-1461	liegt	
7-17	1461-1462	,	
7-18	1463-1469	ſollte	
7-19	1470-1473	man	
7-20	1474-1478	wohl	
7-21	1479-1482	auf	
7-22	1483-1493	Ausbildung	
7-23	1494-1499	einer	
7-24	1500-1510	moͤglichſt	
7-25	1511-1517	feinen	
7-26	1518-1522	Naſe	
7-27	1523-1531	eifrigſt	
7-28	1532-1539	bedacht	
7-29	1540-1544	ſein	
7-30	1544-1545	.	

#Text=Man ſollte daher
#Text=auch nicht ſchnupfen, am allerwenigſten waͤhrend des Eſſens.
8-1	1546-1549	Man	
8-2	1550-1556	ſollte	
8-3	1557-1562	daher	
8-4	1563-1567	auch	
8-5	1568-1573	nicht	
8-6	1574-1583	ſchnupfen	
8-7	1583-1584	,	
8-8	1585-1587	am	
8-9	1588-1602	allerwenigſten	
8-10	1603-1611	waͤhrend	
8-11	1612-1615	des	
8-12	1616-1622	Eſſens	
8-13	1622-1623	.	

#Text=Doch erwiederte mir ein großer Eßliebhaber, — dem zum vollen-
#Text=deten Eßkuͤnſtler nichts weiter fehlte, als etwas, was er zu viel
#Text=hatte, naͤmlich das Schnupfen, alſo das Nichtſchnupfen — als
#Text=ich ihm die Sache auseinander ſetzte:
#Text=„ob ich gleich ſchnupfe,
#Text=ſo ſchmeckt mir doch das Eſſen um nichts weniger gut, und
#Text=ſelbſt wenn ich dieſen Einen Genuß durch Verzichten auf den
#Text=Andern zu erhoͤhen vermoͤchte, was ich noch als problematiſch
#Text=betrachte, behalte ich ſie doch lieber alle Beide bei.
9-1	1626-1630	Doch	
9-2	1631-1641	erwiederte	
9-3	1642-1645	mir	
9-4	1646-1649	ein	
9-5	1650-1656	großer	
9-6	1657-1668	Eßliebhaber	
9-7	1668-1669	,	
9-8	1670-1671	—	
9-9	1672-1675	dem	
9-10	1676-1679	zum	
9-11	1680-1686	vollen	
9-12	1686-1687	-	
9-13	1688-1693	deten	
9-14	1694-1705	Eßkuͤnſtler	
9-15	1706-1712	nichts	
9-16	1713-1719	weiter	
9-17	1720-1726	fehlte	
9-18	1726-1727	,	
9-19	1728-1731	als	
9-20	1732-1737	etwas	
9-21	1737-1738	,	
9-22	1739-1742	was	
9-23	1743-1745	er	
9-24	1746-1748	zu	
9-25	1749-1753	viel	
9-26	1754-1759	hatte	
9-27	1759-1760	,	
9-28	1761-1769	naͤmlich	
9-29	1770-1773	das	
9-30	1774-1783	Schnupfen	
9-31	1783-1784	,	
9-32	1785-1789	alſo	
9-33	1790-1793	das	
9-34	1794-1808	Nichtſchnupfen	
9-35	1809-1810	—	
9-36	1811-1814	als	
9-37	1815-1818	ich	
9-38	1819-1822	ihm	
9-39	1823-1826	die	
9-40	1827-1832	Sache	
9-41	1833-1844	auseinander	
9-42	1845-1851	ſetzte	
9-43	1851-1852	:	
9-44	1853-1854	„	
9-45	1854-1856	ob	
9-46	1857-1860	ich	
9-47	1861-1867	gleich	
9-48	1868-1876	ſchnupfe	
9-49	1876-1877	,	
9-50	1878-1880	ſo	
9-51	1881-1889	ſchmeckt	
9-52	1890-1893	mir	
9-53	1894-1898	doch	
9-54	1899-1902	das	
9-55	1903-1908	Eſſen	
9-56	1909-1911	um	
9-57	1912-1918	nichts	
9-58	1919-1926	weniger	
9-59	1927-1930	gut	
9-60	1930-1931	,	
9-61	1932-1935	und	
9-62	1936-1942	ſelbſt	
9-63	1943-1947	wenn	
9-64	1948-1951	ich	
9-65	1952-1958	dieſen	
9-66	1959-1964	Einen	
9-67	1965-1970	Genuß	
9-68	1971-1976	durch	
9-69	1977-1987	Verzichten	
9-70	1988-1991	auf	
9-71	1992-1995	den	
9-72	1996-2002	Andern	
9-73	2003-2005	zu	
9-74	2006-2014	erhoͤhen	
9-75	2015-2025	vermoͤchte	
9-76	2025-2026	,	
9-77	2027-2030	was	
9-78	2031-2034	ich	
9-79	2035-2039	noch	
9-80	2040-2043	als	
9-81	2044-2057	problematiſch	
9-82	2058-2067	betrachte	
9-83	2067-2068	,	
9-84	2069-2076	behalte	
9-85	2077-2080	ich	
9-86	2081-2084	ſie	
9-87	2085-2089	doch	
9-88	2090-2096	lieber	
9-89	2097-2101	alle	
9-90	2102-2107	Beide	
9-91	2108-2111	bei	
9-92	2111-2112	.	

#Text=Wenn ſich Herz und Mund thut laben
#Text=
#Text=Will die Naſe auch was haben.“
10-1	2116-2120	Wenn	
10-2	2121-2125	ſich	
10-3	2126-2130	Herz	
10-4	2131-2134	und	
10-5	2135-2139	Mund	
10-6	2140-2144	thut	
10-7	2145-2150	laben	
10-8	2152-2156	Will	
10-9	2157-2160	die	
10-10	2161-2165	Naſe	
10-11	2166-2170	auch	
10-12	2171-2174	was	
10-13	2175-2180	haben	
10-14	2180-2181	.	
10-15	2181-2182	“	
