#FORMAT=WebAnno TSV 3.3
#T_SP=custom.Span|label
#T_RL=custom.Relation|label|BT_custom.Span


#Text=Er habe auch alte und von
#Text=langer Zeit umbgeworffene Baͤum allda ge-
#Text=ſehen/ welche noch unverdorben/ ſich den
#Text=Eſchen oder dem Ahorn vergleichten.
1-1	0-2	Er	_	_	_	
1-2	3-7	habe	_	_	_	
1-3	8-12	auch	_	_	_	
1-4	13-17	alte	_	_	_	
1-5	18-21	und	_	_	_	
1-6	22-25	von	_	_	_	
1-7	26-32	langer	_	_	_	
1-8	33-37	Zeit	_	_	_	
1-9	38-51	umbgeworffene	_	_	_	
1-10	52-57	Baͤum	_	_	_	
1-11	58-63	allda	_	_	_	
1-12	64-66	ge	_	_	_	
1-13	66-67	-	_	_	_	
1-14	68-73	ſehen	_	_	_	
1-15	73-74	/	_	_	_	
1-16	75-81	welche	_	_	_	
1-17	82-86	noch	_	_	_	
1-18	87-98	unverdorben	_	_	_	
1-19	98-99	/	_	_	_	
1-20	100-104	ſich	_	_	_	
1-21	105-108	den	_	_	_	
1-22	109-115	Eſchen	_	_	_	
1-23	116-120	oder	_	_	_	
1-24	121-124	dem	_	_	_	
1-25	125-130	Ahorn	_	_	_	
1-26	131-143	vergleichten	_	_	_	
1-27	143-144	.	_	_	_	

#Text=Er
#Text=
#Text=hat zweyerley Hartz bey ſich/ eines in den
#Text=Knorꝛen oder Knoͤpffen/ ſo da weiß/
#Text=gar
#Text=nicht bitter/ und keines ſcharff-hartzichten
#Text=Geruchs:
#Text=Das andere ſchwitzt von ſich ſelb-
#Text=ſten auß dem Baum/ dieſes/
#Text=ſo es doͤrꝛ und
#Text=
#Text=
#Text=[
#Text=Abbildung\tCederbaum auß Phoͤnicien.
2-1	145-147	Er	_	_	_	
2-2	149-152	hat	_	_	_	
2-3	153-162	zweyerley	_	_	_	
2-4	163-168	Hartz	Smell\_Source	_	_	
2-5	169-172	bey	_	_	_	
2-6	173-177	ſich	_	_	_	
2-7	177-178	/	_	_	_	
2-8	179-184	eines	Smell\_Source	Anaphoric	2-4	
2-9	185-187	in	_	_	_	
2-10	188-191	den	_	_	_	
2-11	192-199	Knorꝛen	_	_	_	
2-12	200-204	oder	_	_	_	
2-13	205-214	Knoͤpffen	_	_	_	
2-14	214-215	/	_	_	_	
2-15	216-218	ſo	_	_	_	
2-16	219-221	da	_	_	_	
2-17	222-226	weiß	_	_	_	
2-18	226-227	/	_	_	_	
2-19	228-231	gar	_	_	_	
2-20	232-237	nicht	_	_	_	
2-21	238-244	bitter	_	_	_	
2-22	244-245	/	_	_	_	
2-23	246-249	und	_	_	_	
2-24	250-256	keines	Quality[1]	_	_	
2-25	257-276	ſcharff-hartzichten	Quality[1]	_	_	
2-26	277-284	Geruchs	Smell\_Word	*|*|*	2-24[1_0]|2-8|2-4	
2-27	284-285	:	_	_	_	
2-28	286-289	Das	_	_	_	
2-29	290-296	andere	_	_	_	
2-30	297-305	ſchwitzt	_	_	_	
2-31	306-309	von	_	_	_	
2-32	310-314	ſich	_	_	_	
2-33	315-319	ſelb	_	_	_	
2-34	319-320	-	_	_	_	
2-35	321-325	ſten	_	_	_	
2-36	326-329	auß	_	_	_	
2-37	330-333	dem	_	_	_	
2-38	334-338	Baum	_	_	_	
2-39	338-339	/	_	_	_	
2-40	340-346	dieſes	_	_	_	
2-41	346-347	/	_	_	_	
2-42	348-350	ſo	_	_	_	
2-43	351-353	es	_	_	_	
2-44	354-359	doͤrꝛ	_	_	_	
2-45	360-363	und	_	_	_	
2-46	366-367	[	_	_	_	
2-47	368-377	Abbildung	_	_	_	
2-48	378-387	Cederbaum	_	_	_	
2-49	388-391	auß	_	_	_	
2-50	392-402	Phoͤnicien	_	_	_	
2-51	402-403	.	_	_	_	

#Text=Cedrus
#Text=Phœnicia.
#Text=
#Text=
#Text=
#Text=]
#Text=
#Text=
#Text=trocken/ riecht wie Erdbeere/ und ſo man es
#Text=verſucht/ riecht es noch harter;
#Text=aber es
#Text=klebt den Zaͤhnen dergeſtalten an/ daß man
#Text=es kaum mehr davon bringen kan.
3-1	404-410	Cedrus	Smell\_Source[2]	_	_	
3-2	411-419	Phœnicia	Smell\_Source[2]	_	_	
3-3	419-420	.	_	_	_	
3-4	424-425	]	_	_	_	
3-5	428-435	trocken	_	_	_	
3-6	435-436	/	_	_	_	
3-7	437-443	riecht	Smell\_Word	*|*	3-1[2_0]|3-8[3_0]	
3-8	444-447	wie	Evoked\_Odorant[3]	_	_	
3-9	448-456	Erdbeere	Evoked\_Odorant[3]	_	_	
3-10	456-457	/	_	_	_	
3-11	458-461	und	_	_	_	
3-12	462-464	ſo	Circumstances[4]	_	_	
3-13	465-468	man	Circumstances[4]	_	_	
3-14	469-471	es	Circumstances[4]	_	_	
3-15	472-480	verſucht	Circumstances[4]	_	_	
3-16	480-481	/	_	_	_	
3-17	482-488	riecht	Smell\_Word	*|*|*|*	3-18|3-1[2_0]|3-12[4_0]|3-19[5_0]	
3-18	489-491	es	Smell\_Source	Anaphoric	3-1[2_0]	
3-19	492-496	noch	Quality[5]	_	_	
3-20	497-503	harter	Quality[5]	_	_	
3-21	503-504	;	_	_	_	
3-22	505-509	aber	_	_	_	
3-23	510-512	es	_	_	_	
3-24	513-518	klebt	_	_	_	
3-25	519-522	den	_	_	_	
3-26	523-530	Zaͤhnen	_	_	_	
3-27	531-543	dergeſtalten	_	_	_	
3-28	544-546	an	_	_	_	
3-29	546-547	/	_	_	_	
3-30	548-551	daß	_	_	_	
3-31	552-555	man	_	_	_	
3-32	556-558	es	_	_	_	
3-33	559-563	kaum	_	_	_	
3-34	564-568	mehr	_	_	_	
3-35	569-574	davon	_	_	_	
3-36	575-582	bringen	_	_	_	
3-37	583-586	kan	_	_	_	
3-38	586-587	.	_	_	_	

#Text=Jn dem Koͤnigreich Congo wird der groſſe
#Text=Cederbaum in ſolcher Maͤnge und Dicke ge-
#Text=funden daß man auß ſeinem Holtz die Schif-
#Text=fe zubereitet.
4-1	591-593	Jn	_	_	_	
4-2	594-597	dem	_	_	_	
4-3	598-609	Koͤnigreich	_	_	_	
4-4	610-615	Congo	_	_	_	
4-5	616-620	wird	_	_	_	
4-6	621-624	der	_	_	_	
4-7	625-631	groſſe	_	_	_	
4-8	632-641	Cederbaum	_	_	_	
4-9	642-644	in	_	_	_	
4-10	645-652	ſolcher	_	_	_	
4-11	653-659	Maͤnge	_	_	_	
4-12	660-663	und	_	_	_	
4-13	664-669	Dicke	_	_	_	
4-14	670-672	ge	_	_	_	
4-15	672-673	-	_	_	_	
4-16	674-680	funden	_	_	_	
4-17	681-684	daß	_	_	_	
4-18	685-688	man	_	_	_	
4-19	689-692	auß	_	_	_	
4-20	693-699	ſeinem	_	_	_	
4-21	700-705	Holtz	_	_	_	
4-22	706-709	die	_	_	_	
4-23	710-715	Schif	_	_	_	
4-24	715-716	-	_	_	_	
4-25	717-719	fe	_	_	_	
4-26	720-730	zubereitet	_	_	_	
4-27	730-731	.	_	_	_	

#Text=Jn der Jnſul Tercera macht
#Text=man auß dem Cedern-holtz/ Karꝛen/
#Text=Wa-
#Text=gen und Schifflein.
5-1	732-734	Jn	_	_	_	
5-2	735-738	der	_	_	_	
5-3	739-744	Jnſul	_	_	_	
5-4	745-752	Tercera	_	_	_	
5-5	753-758	macht	_	_	_	
5-6	759-762	man	_	_	_	
5-7	763-766	auß	_	_	_	
5-8	767-770	dem	_	_	_	
5-9	771-783	Cedern-holtz	_	_	_	
5-10	783-784	/	_	_	_	
5-11	785-791	Karꝛen	_	_	_	
5-12	791-792	/	_	_	_	
5-13	793-795	Wa	_	_	_	
5-14	795-796	-	_	_	_	
5-15	797-800	gen	_	_	_	
5-16	801-804	und	_	_	_	
5-17	805-815	Schifflein	_	_	_	
5-18	815-816	.	_	_	_	

#Text=Man findet ihn auch
#Text=auff den Americaniſchen Gebuͤrgen Andes/
#Text=
#Text=in der Landſchafft Virginea und Flo-
#Text=rida
6-1	817-820	Man	_	_	_	
6-2	821-827	findet	_	_	_	
6-3	828-831	ihn	_	_	_	
6-4	832-836	auch	_	_	_	
6-5	837-841	auff	_	_	_	
6-6	842-845	den	_	_	_	
6-7	846-860	Americaniſchen	_	_	_	
6-8	861-870	Gebuͤrgen	_	_	_	
6-9	871-876	Andes	_	_	_	
6-10	876-877	/	_	_	_	
6-11	879-881	in	_	_	_	
6-12	882-885	der	_	_	_	
6-13	886-897	Landſchafft	_	_	_	
6-14	898-906	Virginea	_	_	_	
6-15	907-910	und	_	_	_	
6-16	911-914	Flo	_	_	_	
6-17	914-915	-	_	_	_	
6-18	916-920	rida	_	_	_	

#Text=.
7-1	920-921	.	_	_	_	

#Text=[
#Text=Abbildung\tCederbaum auß Lycia.
8-1	925-926	[	_	_	_	
8-2	927-936	Abbildung	_	_	_	
8-3	937-946	Cederbaum	_	_	_	
8-4	947-950	auß	_	_	_	
8-5	951-956	Lycia	_	_	_	
8-6	956-957	.	_	_	_	
