#FORMAT=WebAnno TSV 3.3


#Text=capite ad thoracem affricto sonitum
#Text=
#Text=edunt
#Text=;
#Text=aliae vero caudam sive ventrem ad alarum
#Text=suarum
#Text=vaginulas adprimunt,
#Text=hacque collisione singularem quendam stridorem excitant.
1-1	2-8	capite	
1-2	9-11	ad	
1-3	12-20	thoracem	
1-4	21-29	affricto	
1-5	30-37	sonitum	
1-6	39-44	edunt	
1-7	45-46	;	
1-8	47-52	aliae	
1-9	53-57	vero	
1-10	58-64	caudam	
1-11	65-69	sive	
1-12	70-77	ventrem	
1-13	78-80	ad	
1-14	81-87	alarum	
1-15	88-94	suarum	
1-16	95-104	vaginulas	
1-17	105-114	adprimunt	
1-18	114-115	,	
1-19	116-122	hacque	
1-20	123-133	collisione	
1-21	134-144	singularem	
1-22	145-152	quendam	
1-23	153-162	stridorem	
1-24	163-171	excitant	
1-25	171-172	.	

#Text=Scarabaeorum deinde Testudinatorum quatuor
#Text=adhuc species
#Text=adservamus,
#Text=nonnullosque
#Text=
#Text=
#Text=Verders
#Text=soo bevinden sig by ons ses soorten van Torrekens, dewelke een langen
#Text=hals en den neus als een Varken gemaakt hebben;
#Text=ende daarom van ons vliegende
#Text=Varkens genoemt werden.
2-1	174-186	Scarabaeorum	
2-2	187-193	deinde	
2-3	194-208	Testudinatorum	
2-4	209-216	quatuor	
2-5	217-222	adhuc	
2-6	223-230	species	
2-7	231-241	adservamus	
2-8	241-242	,	
2-9	243-255	nonnullosque	
2-10	258-265	Verders	
2-11	266-269	soo	
2-12	270-278	bevinden	
2-13	279-282	sig	
2-14	283-285	by	
2-15	286-289	ons	
2-16	290-293	ses	
2-17	294-301	soorten	
2-18	302-305	van	
2-19	306-315	Torrekens	
2-20	315-316	,	
2-21	317-324	dewelke	
2-22	325-328	een	
2-23	329-335	langen	
2-24	336-340	hals	
2-25	341-343	en	
2-26	344-347	den	
2-27	348-352	neus	
2-28	353-356	als	
2-29	357-360	een	
2-30	361-367	Varken	
2-31	368-375	gemaakt	
2-32	376-382	hebben	
2-33	382-383	;	
2-34	384-388	ende	
2-35	389-395	daarom	
2-36	396-399	van	
2-37	400-403	ons	
2-38	404-413	vliegende	
2-39	414-421	Varkens	
2-40	422-429	genoemt	
2-41	430-436	werden	
2-42	436-437	.	

#Text=Volgt de May-wurm, dewelke wy, als de andere, meede gelooven, onder deese
#Text=order te behooren:
#Text=van deese bewaaren wy drie soorten; waar onder twee met
#Text=hoornen van vliegende Boxkens, ende een met knopkens op de hoornen, van ons
#Text=kunnen vertoont werden.
3-1	440-445	Volgt	
3-2	446-448	de	
3-3	449-457	May-wurm	
3-4	457-458	,	
3-5	459-466	dewelke	
3-6	467-469	wy	
3-7	469-470	,	
3-8	471-474	als	
3-9	475-477	de	
3-10	478-484	andere	
3-11	484-485	,	
3-12	486-491	meede	
3-13	492-500	gelooven	
3-14	500-501	,	
3-15	502-507	onder	
3-16	508-513	deese	
3-17	514-519	order	
3-18	520-522	te	
3-19	523-531	behooren	
3-20	531-532	:	
3-21	533-536	van	
3-22	537-542	deese	
3-23	543-551	bewaaren	
3-24	552-554	wy	
3-25	555-559	drie	
3-26	560-567	soorten	
3-27	567-568	;	
3-28	569-573	waar	
3-29	574-579	onder	
3-30	580-584	twee	
3-31	585-588	met	
3-32	589-596	hoornen	
3-33	597-600	van	
3-34	601-610	vliegende	
3-35	611-618	Boxkens	
3-36	618-619	,	
3-37	620-624	ende	
3-38	625-628	een	
3-39	629-632	met	
3-40	633-641	knopkens	
3-41	642-644	op	
3-42	645-647	de	
3-43	648-655	hoornen	
3-44	655-656	,	
3-45	657-660	van	
3-46	661-664	ons	
3-47	665-671	kunnen	
3-48	672-680	vertoont	
3-49	681-687	werden	
3-50	687-688	.	

#Text=Deese bevinden wy ook van Goedaert beschreeven te
#Text=syn:
#Text=dan wy merken, dat hy hem seer verkeert uytheilikt.
4-1	689-694	Deese	
4-2	695-703	bevinden	
4-3	704-706	wy	
4-4	707-710	ook	
4-5	711-714	van	
4-6	715-723	Goedaert	
4-7	724-735	beschreeven	
4-8	736-738	te	
4-9	739-742	syn	
4-10	742-743	:	
4-11	744-747	dan	
4-12	748-750	wy	
4-13	751-757	merken	
4-14	757-758	,	
4-15	759-762	dat	
4-16	763-765	hy	
4-17	766-769	hem	
4-18	770-774	seer	
4-19	775-783	verkeert	
4-20	784-794	uytheilikt	
4-21	794-795	.	

#Text=Hier van bewaar ik ook de
#Text=Fransche en Spaansche.
5-1	796-800	Hier	
5-2	801-804	van	
5-3	805-811	bewaar	
5-4	812-814	ik	
5-5	815-818	ook	
5-6	819-821	de	
5-7	822-830	Fransche	
5-8	831-833	en	
5-9	834-843	Spaansche	
5-10	843-844	.	

#Text=Volgt de Verslinder, die een middelslag tusschen de Torren en de Oorwurmen
6-1	847-852	Volgt	
6-2	853-855	de	
6-3	856-866	Verslinder	
6-4	866-867	,	
6-5	868-871	die	
6-6	872-875	een	
6-7	876-886	middelslag	
6-8	887-895	tusschen	
6-9	896-898	de	
6-10	899-905	Torren	
6-11	906-908	en	
6-12	909-911	de	
6-13	912-921	Oorwurmen	
