#FORMAT=WebAnno TSV 3.3
#T_SP=custom.Span|label
#T_RL=custom.Relation|label|BT_custom.Span


#Text=Guajacum genannt;
#Text=hat auch groſſe
#Text=Wur-
#Text=tzeln wie der Nußbaum.
1-1	3-11	Guajacum	_	_	_	
1-2	12-19	genannt	_	_	_	
1-3	19-20	;	_	_	_	
1-4	21-24	hat	_	_	_	
1-5	25-29	auch	_	_	_	
1-6	30-36	groſſe	_	_	_	
1-7	37-40	Wur	_	_	_	
1-8	40-41	-	_	_	_	
1-9	42-47	tzeln	_	_	_	
1-10	48-51	wie	_	_	_	
1-11	52-55	der	_	_	_	
1-12	56-63	Nußbaum	_	_	_	
1-13	63-64	.	_	_	_	

#Text=Die Blaͤtter ſind
#Text=ſpitzig.
2-1	65-68	Die	_	_	_	
2-2	69-77	Blaͤtter	_	_	_	
2-3	78-82	ſind	_	_	_	
2-4	83-90	ſpitzig	_	_	_	
2-5	90-91	.	_	_	_	

#Text=Der gantze Stamm reuͤcht ſtarck/
#Text=
#Text=dieweil er friſch iſt/
#Text=alßbald er aber duͤrꝛ
#Text=
#Text=
#Text=[
#Text=Abbildung\tCaßia.
3-1	92-95	Der	_	_	_	
3-2	96-102	gantze	_	_	_	
3-3	103-108	Stamm	Smell\_Source	*|*|*	3-8[2_0]|3-13|4-8	
3-4	109-116	reuͤcht	Smell\_Word	_	_	
3-5	117-123	ſtarck	Quality	_	_	
3-6	123-124	/	_	_	_	
3-7	126-133	dieweil	Circumstances[1]	_	_	
3-8	134-136	er	Circumstances[1]|Smell\_Source[2]	_	_	
3-9	137-143	friſch	Circumstances[1]	_	_	
3-10	144-147	iſt	Circumstances[1]	_	_	
3-11	147-148	/	_	_	_	
3-12	149-156	alßbald	Circumstances	*	3-14[3_0]	
3-13	157-159	er	Smell\_Source	_	_	
3-14	160-164	aber	Circumstances[3]	*	4-5[4_3]	
3-15	165-170	duͤrꝛ	Circumstances[3]	_	_	
3-16	173-174	[	_	_	_	
3-17	175-184	Abbildung	_	_	_	
3-18	185-190	Caßia	_	_	_	
3-19	190-191	.	_	_	_	

#Text=Caſsia ſolutiva.
#Text=
#Text=]
#Text=
#Text=wird/ verlieret er den geruch.
4-1	192-198	Caſsia	_	_	_	
4-2	199-207	ſolutiva	_	_	_	
4-3	207-208	.	_	_	_	
4-4	210-211	]	_	_	_	
4-5	213-217	wird	Circumstances[4]	_	_	
4-6	217-218	/	Circumstances[4]	_	_	
4-7	219-228	verlieret	Circumstances[4]	_	_	
4-8	229-231	er	Smell\_Source	_	_	
4-9	232-235	den	_	_	_	
4-10	236-242	geruch	Smell\_Word	_	_	
4-11	242-243	.	_	_	_	

#Text=An den Ae-
#Text=ſten hangen Roͤhren/ faſt einer Elen lang/
#Text=
#Text=und bißweilen laͤnger/ ſind rund/ derb/
#Text=
#Text=ſchwartz-braun/ inwendig mit weichem/
#Text=kohl-ſchwartzem/ ſuͤſſem
#Text=Marck gefuͤllt:
#Text=
#Text=doch ligt ſolch Marck nicht gantz aneinan-
#Text=der/ ſondern iſt mit vielen holtzichten Laͤm-
#Text=len und Waͤndlen underſcheiden.
5-1	244-246	An	_	_	_	
5-2	247-250	den	_	_	_	
5-3	251-253	Ae	_	_	_	
5-4	253-254	-	_	_	_	
5-5	255-259	ſten	_	_	_	
5-6	260-266	hangen	_	_	_	
5-7	267-274	Roͤhren	_	_	_	
5-8	274-275	/	_	_	_	
5-9	276-280	faſt	_	_	_	
5-10	281-286	einer	_	_	_	
5-11	287-291	Elen	_	_	_	
5-12	292-296	lang	_	_	_	
5-13	296-297	/	_	_	_	
5-14	299-302	und	_	_	_	
5-15	303-312	bißweilen	_	_	_	
5-16	313-320	laͤnger	_	_	_	
5-17	320-321	/	_	_	_	
5-18	322-326	ſind	_	_	_	
5-19	327-331	rund	_	_	_	
5-20	331-332	/	_	_	_	
5-21	333-337	derb	_	_	_	
5-22	337-338	/	_	_	_	
5-23	340-354	ſchwartz-braun	_	_	_	
5-24	354-355	/	_	_	_	
5-25	356-364	inwendig	_	_	_	
5-26	365-368	mit	_	_	_	
5-27	369-376	weichem	_	_	_	
5-28	376-377	/	_	_	_	
5-29	378-393	kohl-ſchwartzem	_	_	_	
5-30	393-394	/	_	_	_	
5-31	395-402	ſuͤſſem	_	_	_	
5-32	403-408	Marck	_	_	_	
5-33	409-417	gefuͤllt	_	_	_	
5-34	417-418	:	_	_	_	
5-35	420-424	doch	_	_	_	
5-36	425-429	ligt	_	_	_	
5-37	430-435	ſolch	_	_	_	
5-38	436-441	Marck	_	_	_	
5-39	442-447	nicht	_	_	_	
5-40	448-453	gantz	_	_	_	
5-41	454-461	aneinan	_	_	_	
5-42	461-462	-	_	_	_	
5-43	463-466	der	_	_	_	
5-44	466-467	/	_	_	_	
5-45	468-475	ſondern	_	_	_	
5-46	476-479	iſt	_	_	_	
5-47	480-483	mit	_	_	_	
5-48	484-490	vielen	_	_	_	
5-49	491-502	holtzichten	_	_	_	
5-50	503-507	Laͤm	_	_	_	
5-51	507-508	-	_	_	_	
5-52	509-512	len	_	_	_	
5-53	513-516	und	_	_	_	
5-54	517-525	Waͤndlen	_	_	_	
5-55	526-539	underſcheiden	_	_	_	
5-56	539-540	.	_	_	_	

#Text=Zwiſchen
#Text=jeden Laͤmlen ſtecken harte kernen/ anzuſe-
#Text=hen wie kleine Hertzlein/ und denen in St.
6-1	541-549	Zwiſchen	_	_	_	
6-2	550-555	jeden	_	_	_	
6-3	556-563	Laͤmlen	_	_	_	
6-4	564-571	ſtecken	_	_	_	
6-5	572-577	harte	_	_	_	
6-6	578-584	kernen	_	_	_	
6-7	584-585	/	_	_	_	
6-8	586-592	anzuſe	_	_	_	
6-9	592-593	-	_	_	_	
6-10	594-597	hen	_	_	_	
6-11	598-601	wie	_	_	_	
6-12	602-608	kleine	_	_	_	
6-13	609-618	Hertzlein	_	_	_	
6-14	618-619	/	_	_	_	
6-15	620-623	und	_	_	_	
6-16	624-629	denen	_	_	_	
6-17	630-632	in	_	_	_	
6-18	633-635	St	_	_	_	
6-19	635-636	.	_	_	_	

#Text=Johanns-brot faſt aͤhnlich/
#Text=daß man ſie
#Text=beyde nicht wohl von einander erkennen kan.
7-1	637-649	Johanns-brot	_	_	_	
7-2	650-654	faſt	_	_	_	
7-3	655-663	aͤhnlich	_	_	_	
7-4	663-664	/	_	_	_	
7-5	665-668	daß	_	_	_	
7-6	669-672	man	_	_	_	
7-7	673-676	ſie	_	_	_	
7-8	677-682	beyde	_	_	_	
7-9	683-688	nicht	_	_	_	
7-10	689-693	wohl	_	_	_	
7-11	694-697	von	_	_	_	
7-12	698-706	einander	_	_	_	
7-13	707-715	erkennen	_	_	_	
7-14	716-719	kan	_	_	_	
7-15	719-720	.	_	_	_	

#Text=Die allerbeſte Caßien-roͤhren werden von
#Text=Memphi und Alexandria auß Egypten zu
#Text=uns gebracht/ ſind friſch/ ſchwer/ derb/
8-1	724-727	Die	_	_	_	
8-2	728-738	allerbeſte	_	_	_	
8-3	739-753	Caßien-roͤhren	_	_	_	
8-4	754-760	werden	_	_	_	
8-5	761-764	von	_	_	_	
8-6	765-771	Memphi	_	_	_	
8-7	772-775	und	_	_	_	
8-8	776-786	Alexandria	_	_	_	
8-9	787-790	auß	_	_	_	
8-10	791-798	Egypten	_	_	_	
8-11	799-801	zu	_	_	_	
8-12	802-805	uns	_	_	_	
8-13	806-814	gebracht	_	_	_	
8-14	814-815	/	_	_	_	
8-15	816-820	ſind	_	_	_	
8-16	821-827	friſch	_	_	_	
8-17	827-828	/	_	_	_	
8-18	829-835	ſchwer	_	_	_	
8-19	835-836	/	_	_	_	
8-20	837-841	derb	_	_	_	
8-21	841-842	/	_	_	_	
