#FORMAT=WebAnno TSV 3.3


#Text=’
#Text=
#Text=
#Text=
#Text=Adriaan Hendrik van der Hoeve, Menschenwaan en Christendom (2 delen)
#Text=
#Text=
#Text=\f
#Text=131
#Text=
#Text=Met bevende hand nam zij de pen op, maar weldra ontzonk die aan hare hand.
1-1	2-3	’	
1-2	7-14	Adriaan	
1-3	15-22	Hendrik	
1-4	23-26	van	
1-5	27-30	der	
1-6	31-36	Hoeve	
1-7	36-37	,	
1-8	38-50	Menschenwaan	
1-9	51-53	en	
1-10	54-65	Christendom	
1-11	66-67	(	
1-12	67-68	2	
1-13	69-74	delen	
1-14	74-75	)	
1-15	80-83	131	
1-16	85-88	Met	
1-17	89-96	bevende	
1-18	97-101	hand	
1-19	102-105	nam	
1-20	106-109	zij	
1-21	110-112	de	
1-22	113-116	pen	
1-23	117-119	op	
1-24	119-120	,	
1-25	121-125	maar	
1-26	126-132	weldra	
1-27	133-140	ontzonk	
1-28	141-144	die	
1-29	145-148	aan	
1-30	149-153	hare	
1-31	154-158	hand	
1-32	158-159	.	

#Text=Hoe
#Text=zij zich ook inspande, zij had de kracht en den moed niet, om een enkel woord neder
#Text=te schrijven, en afgemat door zooveel wee zonk zij achter in haar armstoel neder
2-1	160-163	Hoe	
2-2	164-167	zij	
2-3	168-172	zich	
2-4	173-176	ook	
2-5	177-185	inspande	
2-6	185-186	,	
2-7	187-190	zij	
2-8	191-194	had	
2-9	195-197	de	
2-10	198-204	kracht	
2-11	205-207	en	
2-12	208-211	den	
2-13	212-216	moed	
2-14	217-221	niet	
2-15	221-222	,	
2-16	223-225	om	
2-17	226-229	een	
2-18	230-235	enkel	
2-19	236-241	woord	
2-20	242-247	neder	
2-21	248-250	te	
2-22	251-260	schrijven	
2-23	260-261	,	
2-24	262-264	en	
2-25	265-272	afgemat	
2-26	273-277	door	
2-27	278-285	zooveel	
2-28	286-289	wee	
2-29	290-294	zonk	
2-30	295-298	zij	
2-31	299-305	achter	
2-32	306-308	in	
2-33	309-313	haar	
2-34	314-322	armstoel	
2-35	323-328	neder	

#Text=.
3-1	328-329	.	

#Text=‘
#Text=Help mij, o mijn God,’ zuchtte ze.
4-1	331-332	‘	
4-2	333-337	Help	
4-3	338-341	mij	
4-4	341-342	,	
4-5	343-344	o	
4-6	345-349	mijn	
4-7	350-353	God	
4-8	353-354	,	
4-9	354-355	’	
4-10	356-363	zuchtte	
4-11	364-366	ze	
4-12	366-367	.	

#Text=Hij hoorde dien angstkreet, Hij verhoorde die
#Text=bede:
#Text=weldra gaf een weldadige tranenvloed lucht aan haar geprangde borst.
5-1	368-371	Hij	
5-2	372-378	hoorde	
5-3	379-383	dien	
5-4	384-394	angstkreet	
5-5	394-395	,	
5-6	396-399	Hij	
5-7	400-409	verhoorde	
5-8	410-413	die	
5-9	414-418	bede	
5-10	418-419	:	
5-11	420-426	weldra	
5-12	427-430	gaf	
5-13	431-434	een	
5-14	435-444	weldadige	
5-15	445-456	tranenvloed	
5-16	457-462	lucht	
5-17	463-466	aan	
5-18	467-471	haar	
5-19	472-481	geprangde	
5-20	482-487	borst	
5-21	487-488	.	

#Text=Het deed haar goed, dat de tijd naderde, waarop zij zich ter ruste zou begeven,
#Text=schoon
#Text=zij wel voorzag, dat de weldadige slaap niet spoedig hare matte oogleden zou
#Text=sluiten.
6-1	491-494	Het	
6-2	495-499	deed	
6-3	500-504	haar	
6-4	505-509	goed	
6-5	509-510	,	
6-6	511-514	dat	
6-7	515-517	de	
6-8	518-522	tijd	
6-9	523-530	naderde	
6-10	530-531	,	
6-11	532-538	waarop	
6-12	539-542	zij	
6-13	543-547	zich	
6-14	548-551	ter	
6-15	552-557	ruste	
6-16	558-561	zou	
6-17	562-569	begeven	
6-18	569-570	,	
6-19	571-577	schoon	
6-20	578-581	zij	
6-21	582-585	wel	
6-22	586-593	voorzag	
6-23	593-594	,	
6-24	595-598	dat	
6-25	599-601	de	
6-26	602-611	weldadige	
6-27	612-617	slaap	
6-28	618-622	niet	
6-29	623-630	spoedig	
6-30	631-635	hare	
6-31	636-641	matte	
6-32	642-650	oogleden	
6-33	651-654	zou	
6-34	655-662	sluiten	
6-35	662-663	.	

#Text=Maar eerst rees er nog een krachtig, een vurig gebed uit haar binnenste tot Hem,
#Text=die de dooden levend maken en steenen harten vermurwen kan; en nog fluisterden
#Text=hare lippen:
#Text=‘kind, Hendrik, dien ik lief had met al de liefde mijner ziele, keer, keer
#Text=terug van uwen dwaalweg, eer het te laat is.
7-1	666-670	Maar	
7-2	671-676	eerst	
7-3	677-681	rees	
7-4	682-684	er	
7-5	685-688	nog	
7-6	689-692	een	
7-7	693-701	krachtig	
7-8	701-702	,	
7-9	703-706	een	
7-10	707-712	vurig	
7-11	713-718	gebed	
7-12	719-722	uit	
7-13	723-727	haar	
7-14	728-737	binnenste	
7-15	738-741	tot	
7-16	742-745	Hem	
7-17	745-746	,	
7-18	747-750	die	
7-19	751-753	de	
7-20	754-760	dooden	
7-21	761-767	levend	
7-22	768-773	maken	
7-23	774-776	en	
7-24	777-784	steenen	
7-25	785-791	harten	
7-26	792-801	vermurwen	
7-27	802-805	kan	
7-28	805-806	;	
7-29	807-809	en	
7-30	810-813	nog	
7-31	814-825	fluisterden	
7-32	826-830	hare	
7-33	831-837	lippen	
7-34	837-838	:	
7-35	839-840	‘	
7-36	840-844	kind	
7-37	844-845	,	
7-38	846-853	Hendrik	
7-39	853-854	,	
7-40	855-859	dien	
7-41	860-862	ik	
7-42	863-867	lief	
7-43	868-871	had	
7-44	872-875	met	
7-45	876-878	al	
7-46	879-881	de	
7-47	882-888	liefde	
7-48	889-895	mijner	
7-49	896-901	ziele	
7-50	901-902	,	
7-51	903-907	keer	
7-52	907-908	,	
7-53	909-913	keer	
7-54	914-919	terug	
7-55	920-923	van	
7-56	924-928	uwen	
7-57	929-937	dwaalweg	
7-58	937-938	,	
7-59	939-942	eer	
7-60	943-946	het	
7-61	947-949	te	
7-62	950-954	laat	
7-63	955-957	is	
7-64	957-958	.	

#Text=Keer terug en stort uw berouw, uwe
#Text=smart uit in dit moederhart, dat niet k a n ophouden u lief te hebben!
8-1	959-963	Keer	
8-2	964-969	terug	
8-3	970-972	en	
8-4	973-978	stort	
8-5	979-981	uw	
8-6	982-988	berouw	
8-7	988-989	,	
8-8	990-993	uwe	
8-9	994-999	smart	
8-10	1000-1003	uit	
8-11	1004-1006	in	
8-12	1007-1010	dit	
8-13	1011-1021	moederhart	
8-14	1021-1022	,	
8-15	1023-1026	dat	
8-16	1027-1031	niet	
8-17	1032-1033	k	
8-18	1034-1035	a	
8-19	1036-1037	n	
8-20	1038-1046	ophouden	
8-21	1047-1048	u	
8-22	1049-1053	lief	
8-23	1054-1056	te	
8-24	1057-1063	hebben	
8-25	1063-1064	!	

#Text=’ toen zij eindelijk
#Text=insluimerde; maar telkens opgeschrikt door benaauwde droomen, bragt zij een' nacht
#Text=door, die geen einde voor haar scheen te hebben.
9-1	1065-1066	’	
9-2	1067-1071	toen	
9-3	1072-1075	zij	
9-4	1076-1085	eindelijk	
9-5	1086-1097	insluimerde	
9-6	1097-1098	;	
9-7	1099-1103	maar	
9-8	1104-1111	telkens	
9-9	1112-1123	opgeschrikt	
9-10	1124-1128	door	
9-11	1129-1138	benaauwde	
9-12	1139-1146	droomen	
9-13	1146-1147	,	
9-14	1148-1153	bragt	
9-15	1154-1157	zij	
9-16	1158-1161	een	
9-17	1161-1162	'	
9-18	1163-1168	nacht	
9-19	1169-1173	door	
9-20	1173-1174	,	
9-21	1175-1178	die	
9-22	1179-1183	geen	
9-23	1184-1189	einde	
9-24	1190-1194	voor	
9-25	1195-1199	haar	
9-26	1200-1206	scheen	
9-27	1207-1209	te	
9-28	1210-1216	hebben	
9-29	1216-1217	.	
