#FORMAT=WebAnno TSV 3.3
#T_SP=custom.Span|label
#T_RL=custom.Relation|label|BT_custom.Span


#Text=Freund Stollen's Attention auf dem blauen
#Text=Papier hat Dir doch Freude gemacht.
1-1	2-8	Freund	_	_	_	
1-2	9-18	Stollen's	_	_	_	
1-3	19-28	Attention	_	_	_	
1-4	29-32	auf	_	_	_	
1-5	33-36	dem	_	_	_	
1-6	37-43	blauen	_	_	_	
1-7	44-50	Papier	_	_	_	
1-8	51-54	hat	_	_	_	
1-9	55-58	Dir	_	_	_	
1-10	59-63	doch	_	_	_	
1-11	64-70	Freude	_	_	_	
1-12	71-78	gemacht	_	_	_	
1-13	78-79	.	_	_	_	

#Text=Adieu mein ar-
#Text=tig Kind!
2-1	80-85	Adieu	_	_	_	
2-2	86-90	mein	_	_	_	
2-3	91-93	ar	_	_	_	
2-4	93-94	-	_	_	_	
2-5	95-98	tig	_	_	_	
2-6	99-103	Kind	_	_	_	
2-7	103-104	!	_	_	_	

#Text=ſchreibe bald, daß ich wieder was zu über-
#Text=ſetzen habe.
3-1	105-113	ſchreibe	_	_	_	
3-2	114-118	bald	_	_	_	
3-3	118-119	,	_	_	_	
3-4	120-123	daß	_	_	_	
3-5	124-127	ich	_	_	_	
3-6	128-134	wieder	_	_	_	
3-7	135-138	was	_	_	_	
3-8	139-141	zu	_	_	_	
3-9	142-146	über	_	_	_	
3-10	146-147	-	_	_	_	
3-11	148-154	ſetzen	_	_	_	
3-12	155-159	habe	_	_	_	
3-13	159-160	.	_	_	_	

#Text=An Goethe.
4-1	164-166	An	_	_	_	
4-2	167-173	Goethe	_	_	_	
4-3	173-174	.	_	_	_	

#Text=G. 17.
5-1	176-177	G	_	_	_	
5-2	177-178	.	_	_	_	
5-3	179-181	17	_	_	_	
5-4	181-182	.	_	_	_	

#Text=September.
6-1	183-192	September	_	_	_	
6-2	192-193	.	_	_	_	

#Text=Freundlicher Mann!
7-1	195-207	Freundlicher	_	_	_	
7-2	208-212	Mann	_	_	_	
7-3	212-213	!	_	_	_	

#Text=Du biſt zu gut, Du nimmſt
#Text=alles, was ich Dir im heiteren Übermuth biete, als
#Text=wenn es noch ſo viel Werth habe;
#Text=aber ich fühl's
#Text=recht
#Text=in deinem freundlichen Herabneigen, daß Du mir gut
#Text=biſt, wie dem Kind, das Gras und Kräuter bringt und
#Text=meint, es habe einen auserleſenen Strauß zuſammen ge-
#Text=ſucht;
#Text=dem lächelt man auch ſo zu und ſagt;
#Text=wie ſchön
#Text=iſt dein Strauß, wie angenehm duftet er, er ſoll mir
#Text=
#Text=blühen in meinem Garten, hier unter mein Fenſter will
#Text=ich ihn pflanzen; und doch ſind es nur wurzelloſe Feld-
#Text=blumen, die bald welken.
8-1	214-216	Du	_	_	_	
8-2	217-221	biſt	_	_	_	
8-3	222-224	zu	_	_	_	
8-4	225-228	gut	_	_	_	
8-5	228-229	,	_	_	_	
8-6	230-232	Du	_	_	_	
8-7	233-239	nimmſt	_	_	_	
8-8	240-245	alles	_	_	_	
8-9	245-246	,	_	_	_	
8-10	247-250	was	_	_	_	
8-11	251-254	ich	_	_	_	
8-12	255-258	Dir	_	_	_	
8-13	259-261	im	_	_	_	
8-14	262-270	heiteren	_	_	_	
8-15	271-279	Übermuth	_	_	_	
8-16	280-285	biete	_	_	_	
8-17	285-286	,	_	_	_	
8-18	287-290	als	_	_	_	
8-19	291-295	wenn	_	_	_	
8-20	296-298	es	_	_	_	
8-21	299-303	noch	_	_	_	
8-22	304-306	ſo	_	_	_	
8-23	307-311	viel	_	_	_	
8-24	312-317	Werth	_	_	_	
8-25	318-322	habe	_	_	_	
8-26	322-323	;	_	_	_	
8-27	324-328	aber	_	_	_	
8-28	329-332	ich	_	_	_	
8-29	333-339	fühl's	_	_	_	
8-30	340-345	recht	_	_	_	
8-31	346-348	in	_	_	_	
8-32	349-355	deinem	_	_	_	
8-33	356-368	freundlichen	_	_	_	
8-34	369-380	Herabneigen	_	_	_	
8-35	380-381	,	_	_	_	
8-36	382-385	daß	_	_	_	
8-37	386-388	Du	_	_	_	
8-38	389-392	mir	_	_	_	
8-39	393-396	gut	_	_	_	
8-40	397-401	biſt	_	_	_	
8-41	401-402	,	_	_	_	
8-42	403-406	wie	_	_	_	
8-43	407-410	dem	_	_	_	
8-44	411-415	Kind	_	_	_	
8-45	415-416	,	_	_	_	
8-46	417-420	das	_	_	_	
8-47	421-425	Gras	_	_	_	
8-48	426-429	und	_	_	_	
8-49	430-437	Kräuter	_	_	_	
8-50	438-444	bringt	_	_	_	
8-51	445-448	und	_	_	_	
8-52	449-454	meint	_	_	_	
8-53	454-455	,	_	_	_	
8-54	456-458	es	_	_	_	
8-55	459-463	habe	_	_	_	
8-56	464-469	einen	_	_	_	
8-57	470-482	auserleſenen	_	_	_	
8-58	483-489	Strauß	_	_	_	
8-59	490-498	zuſammen	_	_	_	
8-60	499-501	ge	_	_	_	
8-61	501-502	-	_	_	_	
8-62	503-508	ſucht	_	_	_	
8-63	508-509	;	_	_	_	
8-64	510-513	dem	_	_	_	
8-65	514-521	lächelt	_	_	_	
8-66	522-525	man	_	_	_	
8-67	526-530	auch	_	_	_	
8-68	531-533	ſo	_	_	_	
8-69	534-536	zu	_	_	_	
8-70	537-540	und	_	_	_	
8-71	541-545	ſagt	_	_	_	
8-72	545-546	;	_	_	_	
8-73	547-550	wie	_	_	_	
8-74	551-556	ſchön	_	_	_	
8-75	557-560	iſt	_	_	_	
8-76	561-565	dein	_	_	_	
8-77	566-572	Strauß	Smell\_Source	*	8-82	
8-78	572-573	,	_	_	_	
8-79	574-577	wie	_	_	_	
8-80	578-586	angenehm	Quality	_	_	
8-81	587-593	duftet	Smell\_Word	*|*	8-77|8-80	
8-82	594-596	er	Smell\_Source	_	_	
8-83	596-597	,	_	_	_	
8-84	598-600	er	_	_	_	
8-85	601-605	ſoll	_	_	_	
8-86	606-609	mir	_	_	_	
8-87	611-617	blühen	_	_	_	
8-88	618-620	in	_	_	_	
8-89	621-627	meinem	_	_	_	
8-90	628-634	Garten	_	_	_	
8-91	634-635	,	_	_	_	
8-92	636-640	hier	_	_	_	
8-93	641-646	unter	_	_	_	
8-94	647-651	mein	_	_	_	
8-95	652-659	Fenſter	_	_	_	
8-96	660-664	will	_	_	_	
8-97	665-668	ich	_	_	_	
8-98	669-672	ihn	_	_	_	
8-99	673-681	pflanzen	_	_	_	
8-100	681-682	;	_	_	_	
8-101	683-686	und	_	_	_	
8-102	687-691	doch	_	_	_	
8-103	692-696	ſind	_	_	_	
8-104	697-699	es	_	_	_	
8-105	700-703	nur	_	_	_	
8-106	704-714	wurzelloſe	_	_	_	
8-107	715-719	Feld	_	_	_	
8-108	719-720	-	_	_	_	
8-109	721-727	blumen	_	_	_	
8-110	727-728	,	_	_	_	
8-111	729-732	die	_	_	_	
8-112	733-737	bald	_	_	_	
8-113	738-744	welken	_	_	_	
8-114	744-745	.	_	_	_	

#Text=Ich aber ſehe mit Luſt, wie
#Text=
#Text=
#Text=I. 8\f
#Text=[170/0202
#Text=]
#Text=
#Text=Du mich in Dich aufnimmſt, wie
#Text=Du dieſe einfachen
#Text=Blumen, die am Abend ſchon welken müßten, in's
#Text=Feuer
#Text=
#Text=der Unſterblichkeit hältſt und mir zurück giebſt.
#Text=— Nennſt
#Text=Du das auch überſetzen, wenn der göttliche Genius
#Text=die idealiſche Natur vom irdiſchen Menſchen ſcheidet, ſie
#Text=läutert, ſie enthüllt, ſie ſich ſelbſt wieder anvertraut,
#Text=und ſo die Aufgabe, ſeelig zu werden, löſt?
9-1	746-749	Ich	_	_	_	
9-2	750-754	aber	_	_	_	
9-3	755-759	ſehe	_	_	_	
9-4	760-763	mit	_	_	_	
9-5	764-768	Luſt	_	_	_	
9-6	768-769	,	_	_	_	
9-7	770-773	wie	_	_	_	
9-8	776-777	I	_	_	_	
9-9	777-778	.	_	_	_	
9-10	779-780	8	_	_	_	
9-11	782-783	[	_	_	_	
9-12	783-786	170	_	_	_	
9-13	786-787	/	_	_	_	
9-14	787-791	0202	_	_	_	
9-15	792-793	]	_	_	_	
9-16	795-797	Du	_	_	_	
9-17	798-802	mich	_	_	_	
9-18	803-805	in	_	_	_	
9-19	806-810	Dich	_	_	_	
9-20	811-820	aufnimmſt	_	_	_	
9-21	820-821	,	_	_	_	
9-22	822-825	wie	_	_	_	
9-23	826-828	Du	_	_	_	
9-24	829-834	dieſe	_	_	_	
9-25	835-844	einfachen	_	_	_	
9-26	845-851	Blumen	_	_	_	
9-27	851-852	,	_	_	_	
9-28	853-856	die	_	_	_	
9-29	857-859	am	_	_	_	
9-30	860-865	Abend	_	_	_	
9-31	866-871	ſchon	_	_	_	
9-32	872-878	welken	_	_	_	
9-33	879-885	müßten	_	_	_	
9-34	885-886	,	_	_	_	
9-35	887-891	in's	_	_	_	
9-36	892-897	Feuer	_	_	_	
9-37	899-902	der	_	_	_	
9-38	903-918	Unſterblichkeit	_	_	_	
9-39	919-925	hältſt	_	_	_	
9-40	926-929	und	_	_	_	
9-41	930-933	mir	_	_	_	
9-42	934-940	zurück	_	_	_	
9-43	941-947	giebſt	_	_	_	
9-44	947-948	.	_	_	_	
9-45	949-950	—	_	_	_	
9-46	951-957	Nennſt	_	_	_	
9-47	958-960	Du	_	_	_	
9-48	961-964	das	_	_	_	
9-49	965-969	auch	_	_	_	
9-50	970-980	überſetzen	_	_	_	
9-51	980-981	,	_	_	_	
9-52	982-986	wenn	_	_	_	
9-53	987-990	der	_	_	_	
9-54	991-1000	göttliche	_	_	_	
9-55	1001-1007	Genius	_	_	_	
9-56	1008-1011	die	_	_	_	
9-57	1012-1022	idealiſche	_	_	_	
9-58	1023-1028	Natur	_	_	_	
9-59	1029-1032	vom	_	_	_	
9-60	1033-1042	irdiſchen	_	_	_	
9-61	1043-1051	Menſchen	_	_	_	
9-62	1052-1060	ſcheidet	_	_	_	
9-63	1060-1061	,	_	_	_	
9-64	1062-1065	ſie	_	_	_	
9-65	1066-1073	läutert	_	_	_	
9-66	1073-1074	,	_	_	_	
9-67	1075-1078	ſie	_	_	_	
9-68	1079-1087	enthüllt	_	_	_	
9-69	1087-1088	,	_	_	_	
9-70	1089-1092	ſie	_	_	_	
9-71	1093-1097	ſich	_	_	_	
9-72	1098-1104	ſelbſt	_	_	_	
9-73	1105-1111	wieder	_	_	_	
9-74	1112-1122	anvertraut	_	_	_	
9-75	1122-1123	,	_	_	_	
9-76	1124-1127	und	_	_	_	
9-77	1128-1130	ſo	_	_	_	
9-78	1131-1134	die	_	_	_	
9-79	1135-1142	Aufgabe	_	_	_	
9-80	1142-1143	,	_	_	_	
9-81	1144-1150	ſeelig	_	_	_	
9-82	1151-1153	zu	_	_	_	
9-83	1154-1160	werden	_	_	_	
9-84	1160-1161	,	_	_	_	
9-85	1162-1166	löſt	_	_	_	
9-86	1166-1167	?	_	_	_	

#Text=ja, Goethe,
#Text=ſo machſt Du die Seufzer die meine ſehnende Liebe aus-
#Text=haucht zu Geiſtern, die mich auf der Straße der See-
#Text=ligkeit umſchweben;
10-1	1168-1170	ja	_	_	_	
10-2	1170-1171	,	_	_	_	
10-3	1172-1178	Goethe	_	_	_	
10-4	1178-1179	,	_	_	_	
10-5	1180-1182	ſo	_	_	_	
10-6	1183-1189	machſt	_	_	_	
10-7	1190-1192	Du	_	_	_	
10-8	1193-1196	die	_	_	_	
10-9	1197-1204	Seufzer	_	_	_	
10-10	1205-1208	die	_	_	_	
10-11	1209-1214	meine	_	_	_	
10-12	1215-1223	ſehnende	_	_	_	
10-13	1224-1229	Liebe	_	_	_	
10-14	1230-1233	aus	_	_	_	
10-15	1233-1234	-	_	_	_	
10-16	1235-1241	haucht	_	_	_	
10-17	1242-1244	zu	_	_	_	
10-18	1245-1253	Geiſtern	_	_	_	
10-19	1253-1254	,	_	_	_	
10-20	1255-1258	die	_	_	_	
10-21	1259-1263	mich	_	_	_	
10-22	1264-1267	auf	_	_	_	
10-23	1268-1271	der	_	_	_	
10-24	1272-1278	Straße	_	_	_	
10-25	1279-1282	der	_	_	_	
10-26	1283-1286	See	_	_	_	
10-27	1286-1287	-	_	_	_	
10-28	1288-1295	ligkeit	_	_	_	
10-29	1296-1306	umſchweben	_	_	_	
10-30	1306-1307	;	_	_	_	
