#FORMAT=WebAnno TSV 3.3


#Text=]
#Text=
#Text=\f
#Text=[607/0625
#Text=]
#Text=
#Text=
#Text=Das Arſen.
#Text=— Das Mangan.
1-1	0-1	]	
1-2	5-6	[	
1-3	6-9	607	
1-4	9-10	/	
1-5	10-14	0625	
1-6	15-16	]	
1-7	19-22	Das	
1-8	23-28	Arſen	
1-9	28-29	.	
1-10	30-31	—	
1-11	32-35	Das	
1-12	36-42	Mangan	
1-13	42-43	.	

#Text=Eigenſchaften.
2-1	47-60	Eigenſchaften	
2-2	60-61	.	

#Text=Das Arſen iſt ſpröde, ſtahlgrau und glänzend;
#Text=
#Text=ſein ſpezifiſches Gewicht iſt 5,6.
3-1	62-65	Das	
3-2	66-71	Arſen	
3-3	72-75	iſt	
3-4	76-82	ſpröde	
3-5	82-83	,	
3-6	84-93	ſtahlgrau	
3-7	94-97	und	
3-8	98-106	glänzend	
3-9	106-107	;	
3-10	109-113	ſein	
3-11	114-126	ſpezifiſches	
3-12	127-134	Gewicht	
3-13	135-138	iſt	
3-14	139-142	5,6	
3-15	142-143	.	

#Text=Beim Erhitzen unter Luftabſchluß
#Text=
#Text=verflüchtigt es ſich bei 180°C, ohne zu ſchmelzen und verdichtet ſich
#Text=beim Erkalten zu Kryſtallen;
#Text=wird es an der Luft erhitzt, ſo verbrennt
#Text=
#Text=
#Text=es mit bläulich-weißer Flamme zu arſeniger Säure.
4-1	144-148	Beim	
4-2	149-157	Erhitzen	
4-3	158-163	unter	
4-4	164-176	Luftabſchluß	
4-5	178-190	verflüchtigt	
4-6	191-193	es	
4-7	194-198	ſich	
4-8	199-202	bei	
4-9	203-206	180	
4-10	206-207	°	
4-11	207-208	C	
4-12	208-209	,	
4-13	210-214	ohne	
4-14	215-217	zu	
4-15	218-227	ſchmelzen	
4-16	228-231	und	
4-17	232-242	verdichtet	
4-18	243-247	ſich	
4-19	248-252	beim	
4-20	253-261	Erkalten	
4-21	262-264	zu	
4-22	265-275	Kryſtallen	
4-23	275-276	;	
4-24	277-281	wird	
4-25	282-284	es	
4-26	285-287	an	
4-27	288-291	der	
4-28	292-296	Luft	
4-29	297-304	erhitzt	
4-30	304-305	,	
4-31	306-308	ſo	
4-32	309-318	verbrennt	
4-33	321-323	es	
4-34	324-327	mit	
4-35	328-343	bläulich-weißer	
4-36	344-350	Flamme	
4-37	351-353	zu	
4-38	354-363	arſeniger	
4-39	364-369	Säure	
4-40	369-370	.	

#Text=Geſchichtliches.
5-1	374-389	Geſchichtliches	
5-2	389-390	.	

#Text=Gewiſſe Verbindungen des Arſens waren ſchon
#Text=den Alten bekannt, das Metall ſelbſt wurde 1694 von Schröder und
#Text=1733 von Brand aus dem Arſenik dargeſtellt.
6-1	391-398	Gewiſſe	
6-2	399-411	Verbindungen	
6-3	412-415	des	
6-4	416-422	Arſens	
6-5	423-428	waren	
6-6	429-434	ſchon	
6-7	435-438	den	
6-8	439-444	Alten	
6-9	445-452	bekannt	
6-10	452-453	,	
6-11	454-457	das	
6-12	458-464	Metall	
6-13	465-471	ſelbſt	
6-14	472-477	wurde	
6-15	478-482	1694	
6-16	483-486	von	
6-17	487-495	Schröder	
6-18	496-499	und	
6-19	500-504	1733	
6-20	505-508	von	
6-21	509-514	Brand	
6-22	515-518	aus	
6-23	519-522	dem	
6-24	523-530	Arſenik	
6-25	531-542	dargeſtellt	
6-26	542-543	.	

#Text=Das Mangan.
7-1	547-550	Das	
7-2	551-557	Mangan	
7-3	557-558	.	

#Text=Vorkommen.
8-1	560-569	Vorkommen	
8-2	569-570	.	
