#FORMAT=WebAnno TSV 3.3


#Text=From common joy; which with the speechless feeling
#Text=That led her there united, and shot forth
#Text=From her far eyes a light of deep revealing,
#Text=All but her dearest self from my regard concealing.
1-1	0-4	From	
1-2	5-11	common	
1-3	12-15	joy	
1-4	15-16	;	
1-5	17-22	which	
1-6	23-27	with	
1-7	28-31	the	
1-8	32-42	speechless	
1-9	43-50	feeling	
1-10	51-55	That	
1-11	56-59	led	
1-12	60-63	her	
1-13	64-69	there	
1-14	70-76	united	
1-15	76-77	,	
1-16	78-81	and	
1-17	82-86	shot	
1-18	87-92	forth	
1-19	93-97	From	
1-20	98-101	her	
1-21	102-105	far	
1-22	106-110	eyes	
1-23	111-112	a	
1-24	113-118	light	
1-25	119-121	of	
1-26	122-126	deep	
1-27	127-136	revealing	
1-28	136-137	,	
1-29	138-141	All	
1-30	142-145	but	
1-31	146-149	her	
1-32	150-157	dearest	
1-33	158-162	self	
1-34	163-167	from	
1-35	168-170	my	
1-36	171-177	regard	
1-37	178-188	concealing	
1-38	188-189	.	

#Text=Her lips were parted, and the measured breath
#Text=Was now heard there; her dark and intricate eyes
#Text=Orb within orb, deeper than sleep or death,
#Text=Absorbed the glories of the burning skies,
#Text=Which, mingling with her heart's deep ecstasies,
#Text=Burst from her looks and gestures; and a light
#Text=Of liquid tenderness, like love, did rise
#Text=From her whole frame, an atmosphere which quite
#Text=Arrayed her in its beams, tremulous and soft and bright.
2-1	192-195	Her	
2-2	196-200	lips	
2-3	201-205	were	
2-4	206-212	parted	
2-5	212-213	,	
2-6	214-217	and	
2-7	218-221	the	
2-8	222-230	measured	
2-9	231-237	breath	
2-10	238-241	Was	
2-11	242-245	now	
2-12	246-251	heard	
2-13	252-257	there	
2-14	257-258	;	
2-15	259-262	her	
2-16	263-267	dark	
2-17	268-271	and	
2-18	272-281	intricate	
2-19	282-286	eyes	
2-20	287-290	Orb	
2-21	291-297	within	
2-22	298-301	orb	
2-23	301-302	,	
2-24	303-309	deeper	
2-25	310-314	than	
2-26	315-320	sleep	
2-27	321-323	or	
2-28	324-329	death	
2-29	329-330	,	
2-30	331-339	Absorbed	
2-31	340-343	the	
2-32	344-351	glories	
2-33	352-354	of	
2-34	355-358	the	
2-35	359-366	burning	
2-36	367-372	skies	
2-37	372-373	,	
2-38	374-379	Which	
2-39	379-380	,	
2-40	381-389	mingling	
2-41	390-394	with	
2-42	395-398	her	
2-43	399-406	heart's	
2-44	407-411	deep	
2-45	412-421	ecstasies	
2-46	421-422	,	
2-47	423-428	Burst	
2-48	429-433	from	
2-49	434-437	her	
2-50	438-443	looks	
2-51	444-447	and	
2-52	448-456	gestures	
2-53	456-457	;	
2-54	458-461	and	
2-55	462-463	a	
2-56	464-469	light	
2-57	470-472	Of	
2-58	473-479	liquid	
2-59	480-490	tenderness	
2-60	490-491	,	
2-61	492-496	like	
2-62	497-501	love	
2-63	501-502	,	
2-64	503-506	did	
2-65	507-511	rise	
2-66	512-516	From	
2-67	517-520	her	
2-68	521-526	whole	
2-69	527-532	frame	
2-70	532-533	,	
2-71	534-536	an	
2-72	537-547	atmosphere	
2-73	548-553	which	
2-74	554-559	quite	
2-75	560-567	Arrayed	
2-76	568-571	her	
2-77	572-574	in	
2-78	575-578	its	
2-79	579-584	beams	
2-80	584-585	,	
2-81	586-595	tremulous	
2-82	596-599	and	
2-83	600-604	soft	
2-84	605-608	and	
2-85	609-615	bright	
2-86	615-616	.	

#Text=She would have clasped me to her glowing frame; 
#Text=Those warm and odorous lips might soon have shed
#Text=On mine the fragrance and the invisible flame
#Text=Which now the cold winds stole; she would have laid
#Text=Upon my languid heart her dearest head;
#Text=I might have heard her voice, tender and sweet; 
#Text=Her eyes, mingling with mine, might soon have fed
#Text=My soul with their own joy.
3-1	618-621	She	
3-2	622-627	would	
3-3	628-632	have	
3-4	633-640	clasped	
3-5	641-643	me	
3-6	644-646	to	
3-7	647-650	her	
3-8	651-658	glowing	
3-9	659-664	frame	
3-10	664-665	;	
3-11	667-672	Those	
3-12	673-677	warm	
3-13	678-681	and	
3-14	682-689	odorous	
3-15	690-694	lips	
3-16	695-700	might	
3-17	701-705	soon	
3-18	706-710	have	
3-19	711-715	shed	
3-20	716-718	On	
3-21	719-723	mine	
3-22	724-727	the	
3-23	728-737	fragrance	
3-24	738-741	and	
3-25	742-745	the	
3-26	746-755	invisible	
3-27	756-761	flame	
3-28	762-767	Which	
3-29	768-771	now	
3-30	772-775	the	
3-31	776-780	cold	
3-32	781-786	winds	
3-33	787-792	stole	
3-34	792-793	;	
3-35	794-797	she	
3-36	798-803	would	
3-37	804-808	have	
3-38	809-813	laid	
3-39	814-818	Upon	
3-40	819-821	my	
3-41	822-829	languid	
3-42	830-835	heart	
3-43	836-839	her	
3-44	840-847	dearest	
3-45	848-852	head	
3-46	852-853	;	
3-47	854-855	I	
3-48	856-861	might	
3-49	862-866	have	
3-50	867-872	heard	
3-51	873-876	her	
3-52	877-882	voice	
3-53	882-883	,	
3-54	884-890	tender	
3-55	891-894	and	
3-56	895-900	sweet	
3-57	900-901	;	
3-58	903-906	Her	
3-59	907-911	eyes	
3-60	911-912	,	
3-61	913-921	mingling	
3-62	922-926	with	
3-63	927-931	mine	
3-64	931-932	,	
3-65	933-938	might	
3-66	939-943	soon	
3-67	944-948	have	
3-68	949-952	fed	
3-69	953-955	My	
3-70	956-960	soul	
3-71	961-965	with	
3-72	966-971	their	
3-73	972-975	own	
3-74	976-979	joy	
3-75	979-980	.	

#Text=—One moment yet
#Text=I gazed—we parted then, never again to meet!
4-1	980-981	—	
4-2	981-984	One	
4-3	985-991	moment	
4-4	992-995	yet	
4-5	996-997	I	
4-6	998-1006	gazed—we	
4-7	1007-1013	parted	
4-8	1014-1018	then	
4-9	1018-1019	,	
4-10	1020-1025	never	
4-11	1026-1031	again	
4-12	1032-1034	to	
4-13	1035-1039	meet	
4-14	1039-1040	!	

#Text=Never but once to meet on Earth again!
5-1	1042-1047	Never	
5-2	1048-1051	but	
5-3	1052-1056	once	
5-4	1057-1059	to	
5-5	1060-1064	meet	
5-6	1065-1067	on	
5-7	1068-1073	Earth	
5-8	1074-1079	again	
5-9	1079-1080	!	

#Text=She heard me as I fled—her eager tone 
#Text=Sunk on my heart, and almost wove a chain
#Text=Around my will to link it with her own,
#Text=So that my stern resolve was almost gone.
6-1	1081-1084	She	
6-2	1085-1090	heard	
6-3	1091-1093	me	
6-4	1094-1096	as	
6-5	1097-1098	I	
6-6	1099-1107	fled—her	
6-7	1108-1113	eager	
6-8	1114-1118	tone	
6-9	1120-1124	Sunk	
6-10	1125-1127	on	
6-11	1128-1130	my	
6-12	1131-1136	heart	
6-13	1136-1137	,	
6-14	1138-1141	and	
6-15	1142-1148	almost	
6-16	1149-1153	wove	
6-17	1154-1155	a	
6-18	1156-1161	chain	
6-19	1162-1168	Around	
6-20	1169-1171	my	
6-21	1172-1176	will	
6-22	1177-1179	to	
6-23	1180-1184	link	
6-24	1185-1187	it	
6-25	1188-1192	with	
6-26	1193-1196	her	
6-27	1197-1200	own	
6-28	1200-1201	,	
6-29	1202-1204	So	
6-30	1205-1209	that	
6-31	1210-1212	my	
6-32	1213-1218	stern	
6-33	1219-1226	resolve	
6-34	1227-1230	was	
6-35	1231-1237	almost	
6-36	1238-1242	gone	
6-37	1242-1243	.	

#Text='I cannot reach thee!
7-1	1244-1245	'	
7-2	1245-1246	I	
7-3	1247-1253	cannot	
7-4	1254-1259	reach	
7-5	1260-1264	thee	
7-6	1264-1265	!	

#Text=whither dost thou fly?
8-1	1266-1273	whither	
8-2	1274-1278	dost	
8-3	1279-1283	thou	
8-4	1284-1287	fly	
8-5	1287-1288	?	

#Text=My steps are faint—Come back, thou dearest one— 
#Text=Return, ah me!
9-1	1289-1291	My	
9-2	1292-1297	steps	
9-3	1298-1301	are	
9-4	1302-1312	faint—Come	
9-5	1313-1317	back	
9-6	1317-1318	,	
9-7	1319-1323	thou	
9-8	1324-1331	dearest	
9-9	1332-1335	one	
9-10	1335-1336	—	
9-11	1338-1344	Return	
9-12	1344-1345	,	
9-13	1346-1348	ah	
9-14	1349-1351	me	
9-15	1351-1352	!	

#Text=return!
10-1	1353-1359	return	
10-2	1359-1360	!	

#Text=' —The wind passed by
#Text=On which those accents died, faint, far, and lingeringly.
11-1	1361-1362	'	
11-2	1363-1364	—	
11-3	1364-1367	The	
11-4	1368-1372	wind	
11-5	1373-1379	passed	
11-6	1380-1382	by	
11-7	1383-1385	On	
11-8	1386-1391	which	
11-9	1392-1397	those	
11-10	1398-1405	accents	
11-11	1406-1410	died	
11-12	1410-1411	,	
11-13	1412-1417	faint	
11-14	1417-1418	,	
11-15	1419-1422	far	
11-16	1422-1423	,	
11-17	1424-1427	and	
11-18	1428-1439	lingeringly	
11-19	1439-1440	.	

#Text=Woe!
12-1	1442-1445	Woe	
12-2	1445-1446	!	

#Text=Woe!
13-1	1447-1450	Woe	
13-2	1450-1451	!	

#Text=that moonless midnight!
14-1	1452-1456	that	
14-2	1457-1465	moonless	
14-3	1466-1474	midnight	
14-4	1474-1475	!	

#Text=—Want and Pest
#Text=Were horrible, but one more fell doth rear,
#Text=As in a hydra ' s swarming lair, its crest 
#Text=Eminent among those victims—even the Fear
#Text=Of Hell: each girt by the hot atmosphere
#Text=Of his blind agony, like a scorpion stung
#Text=By his own rage upon his burning bier
#Text=Of circling coals of fire; but still there clung 
#Text=   One hope, like a keen sword on starting threads uphung
15-1	1475-1476	—	
15-2	1476-1480	Want	
15-3	1481-1484	and	
15-4	1485-1489	Pest	
15-5	1490-1494	Were	
15-6	1495-1503	horrible	
15-7	1503-1504	,	
15-8	1505-1508	but	
15-9	1509-1512	one	
15-10	1513-1517	more	
15-11	1518-1522	fell	
15-12	1523-1527	doth	
15-13	1528-1532	rear	
15-14	1532-1533	,	
15-15	1534-1536	As	
15-16	1537-1539	in	
15-17	1540-1541	a	
15-18	1542-1547	hydra	
15-19	1548-1549	'	
15-20	1550-1551	s	
15-21	1552-1560	swarming	
15-22	1561-1565	lair	
15-23	1565-1566	,	
15-24	1567-1570	its	
15-25	1571-1576	crest	
15-26	1578-1585	Eminent	
15-27	1586-1591	among	
15-28	1592-1597	those	
15-29	1598-1610	victims—even	
15-30	1611-1614	the	
15-31	1615-1619	Fear	
15-32	1620-1622	Of	
15-33	1623-1627	Hell	
15-34	1627-1628	:	
15-35	1629-1633	each	
15-36	1634-1638	girt	
15-37	1639-1641	by	
15-38	1642-1645	the	
15-39	1646-1649	hot	
15-40	1650-1660	atmosphere	
15-41	1661-1663	Of	
15-42	1664-1667	his	
15-43	1668-1673	blind	
15-44	1674-1679	agony	
15-45	1679-1680	,	
15-46	1681-1685	like	
15-47	1686-1687	a	
15-48	1688-1696	scorpion	
15-49	1697-1702	stung	
15-50	1703-1705	By	
15-51	1706-1709	his	
15-52	1710-1713	own	
15-53	1714-1718	rage	
15-54	1719-1723	upon	
15-55	1724-1727	his	
15-56	1728-1735	burning	
15-57	1736-1740	bier	
15-58	1741-1743	Of	
15-59	1744-1752	circling	
15-60	1753-1758	coals	
15-61	1759-1761	of	
15-62	1762-1766	fire	
15-63	1766-1767	;	
15-64	1768-1771	but	
15-65	1772-1777	still	
15-66	1778-1783	there	
15-67	1784-1789	clung	
15-68	1794-1797	One	
15-69	1798-1802	hope	
15-70	1802-1803	,	
15-71	1804-1808	like	
15-72	1809-1810	a	
15-73	1811-1815	keen	
15-74	1816-1821	sword	
15-75	1822-1824	on	
15-76	1825-1833	starting	
15-77	1834-1841	threads	
15-78	1842-1848	uphung	
