#FORMAT=WebAnno TSV 3.3


#Text=Sunt enim quidam inciviliter civiles, qui convivatorem mora sua torquent.
#Text=ti.
1-1	2-6	Sunt	
1-2	7-11	enim	
1-3	12-18	quidam	
1-4	19-30	inciviliter	
1-5	31-38	civiles	
1-6	38-39	,	
1-7	40-43	qui	
1-8	44-56	convivatorem	
1-9	57-61	mora	
1-10	62-65	sua	
1-11	66-74	torquent	
1-12	74-75	.	
1-13	76-78	ti	
1-14	78-79	.	

#Text=Eo maturius venimus, ut esset otium lustrandi visendique regiam istam tuam, quam audimus undique miris deliciis uariam, nusquam non testari domini sui ingenium.
#Text=eu.
2-1	80-82	Eo	
2-2	83-91	maturius	
2-3	92-99	venimus	
2-4	99-100	,	
2-5	101-103	ut	
2-6	104-109	esset	
2-7	110-115	otium	
2-8	116-125	lustrandi	
2-9	126-136	visendique	
2-10	137-143	regiam	
2-11	144-149	istam	
2-12	150-154	tuam	
2-13	154-155	,	
2-14	156-160	quam	
2-15	161-168	audimus	
2-16	169-176	undique	
2-17	177-182	miris	
2-18	183-191	deliciis	
2-19	192-198	uariam	
2-20	198-199	,	
2-21	200-207	nusquam	
2-22	208-211	non	
2-23	212-219	testari	
2-24	220-226	domini	
2-25	227-230	sui	
2-26	231-239	ingenium	
2-27	239-240	.	
2-28	241-243	eu	
2-29	243-244	.	

#Text=Regiam spectabitis tali dignam rege.
3-1	245-251	Regiam	
3-2	252-263	spectabitis	
3-3	264-268	tali	
3-4	269-275	dignam	
3-5	276-280	rege	
3-6	280-281	.	

#Text=Mihi certe nidulus est quavis regia gratior.
4-1	282-286	Mihi	
4-2	287-292	certe	
4-3	293-300	nidulus	
4-4	301-304	est	
4-5	305-311	quavis	
4-6	312-317	regia	
4-7	318-325	gratior	
4-8	325-326	.	

#Text=Et si regnat, qui libere vivit ex animi sui sententia, hic plane regno.
5-1	327-329	Et	
5-2	330-332	si	
5-3	333-339	regnat	
5-4	339-340	,	
5-5	341-344	qui	
5-6	345-351	libere	
5-7	352-357	vivit	
5-8	358-360	ex	
5-9	361-366	animi	
5-10	367-370	sui	
5-11	371-380	sententia	
5-12	380-381	,	
5-13	382-385	hic	
5-14	386-391	plane	
5-15	392-397	regno	
5-16	397-398	.	

#Text=Sed praestat, opinor interim, dum culinae praefecta parat holusculum, et adhuc moderatus est solis calor, visere hortos nostros.
#Text=ti.
6-1	399-402	Sed	
6-2	403-411	praestat	
6-3	411-412	,	
6-4	413-419	opinor	
6-5	420-427	interim	
6-6	427-428	,	
6-7	429-432	dum	
6-8	433-440	culinae	
6-9	441-450	praefecta	
6-10	451-456	parat	
6-11	457-467	holusculum	
6-12	467-468	,	
6-13	469-471	et	
6-14	472-477	adhuc	
6-15	478-487	moderatus	
6-16	488-491	est	
6-17	492-497	solis	
6-18	498-503	calor	
6-19	503-504	,	
6-20	505-511	visere	
6-21	512-518	hortos	
6-22	519-526	nostros	
6-23	526-527	.	
6-24	528-530	ti	
6-25	530-531	.	

#Text=Est alius praeter hunc?
7-1	532-535	Est	
7-2	536-541	alius	
7-3	542-549	praeter	
7-4	550-554	hunc	
7-5	554-555	?	

#Text=Nam hic sane mire cultus blandissimo aspectu statim ingredientes salutat et comiter excipit.
#Text=eu.
8-1	556-559	Nam	
8-2	560-563	hic	
8-3	564-568	sane	
8-4	569-573	mire	
8-5	574-580	cultus	
8-6	581-592	blandissimo	
8-7	593-600	aspectu	
8-8	601-607	statim	
8-9	608-620	ingredientes	
8-10	621-628	salutat	
8-11	629-631	et	
8-12	632-639	comiter	
8-13	640-647	excipit	
8-14	647-648	.	
8-15	649-651	eu	
8-16	651-652	.	

#Text=Hinc igitur decerpat sibi quisque flosculos ac frondes aliquot, ne quid offendat domus paedor.
9-1	653-657	Hinc	
9-2	658-664	igitur	
9-3	665-673	decerpat	
9-4	674-678	sibi	
9-5	679-686	quisque	
9-6	687-696	flosculos	
9-7	697-699	ac	
9-8	700-707	frondes	
9-9	708-715	aliquot	
9-10	715-716	,	
9-11	717-719	ne	
9-12	720-724	quid	
9-13	725-733	offendat	
9-14	734-739	domus	
9-15	740-746	paedor	
9-16	746-747	.	

#Text=Non idem odor aeque gratus omnibus.
10-1	748-751	Non	
10-2	752-756	idem	
10-3	757-761	odor	
10-4	762-767	aeque	
10-5	768-774	gratus	
10-6	775-782	omnibus	
10-7	782-783	.	

#Text=Quare sibi quisque deligat.
11-1	784-789	Quare	
11-2	790-794	sibi	
11-3	795-802	quisque	
11-4	803-810	deligat	
11-5	810-811	.	

#Text=Ne parcite.
12-1	812-814	Ne	
12-2	815-822	parcite	
12-3	822-823	.	

#Text=Nam quicquid hic nascitur, pene publicum esse patior.
13-1	824-827	Nam	
13-2	828-836	quicquid	
13-3	837-840	hic	
13-4	841-849	nascitur	
13-5	849-850	,	
13-6	851-855	pene	
13-7	856-864	publicum	
13-8	865-869	esse	
13-9	870-876	patior	
13-10	876-877	.	

#Text=Neque enim unquam clauditur ostium huius vestibuli, nisi noctu.
#Text=ti.
14-1	878-883	Neque	
14-2	884-888	enim	
14-3	889-895	unquam	
14-4	896-905	clauditur	
14-5	906-912	ostium	
14-6	913-918	huius	
14-7	919-928	vestibuli	
14-8	928-929	,	
14-9	930-934	nisi	
14-10	935-940	noctu	
14-11	940-941	.	
14-12	942-944	ti	
14-13	944-945	.	

#Text=En tibi in ostio Petrus.
#Text=eu.
15-1	946-948	En	
15-2	949-953	tibi	
15-3	954-956	in	
15-4	957-962	ostio	
15-5	963-969	Petrus	
15-6	969-970	.	
15-7	971-973	eu	
15-8	973-974	.	

#Text=Hunc ego malo ianitorem, quam Mercurios, Centauros, aliaque portenta, quae quidam pingunt in foribus suis.
16-1	975-979	Hunc	
16-2	980-983	ego	
16-3	984-988	malo	
16-4	989-998	ianitorem	
16-5	998-999	,	
16-6	1000-1004	quam	
16-7	1005-1014	Mercurios	
16-8	1014-1015	,	
16-9	1016-1025	Centauros	
16-10	1025-1026	,	
16-11	1027-1034	aliaque	
16-12	1035-1043	portenta	
16-13	1043-1044	,	
16-14	1045-1049	quae	
16-15	1050-1056	quidam	
16-16	1057-1064	pingunt	
16-17	1065-1067	in	
16-18	1068-1075	foribus	
16-19	1076-1080	suis	
16-20	1080-1081	.	
