#FORMAT=WebAnno TSV 3.3


#Text=Vsque huc odores recepti funt ad facultates medicamentorum explicandas, fed exiguo cum fructu.
1-1	2-7	Vsque	
1-2	8-11	huc	
1-3	12-18	odores	
1-4	19-26	recepti	
1-5	27-31	funt	
1-6	32-34	ad	
1-7	35-45	facultates	
1-8	46-60	medicamentorum	
1-9	61-72	explicandas	
1-10	72-73	,	
1-11	74-77	fed	
1-12	78-84	exiguo	
1-13	85-88	cum	
1-14	89-95	fructu	
1-15	95-96	.	

#Text=Nam nomina quidem dederunt odoribus, fed cuin nomina figna fint, ea ipfa vero nil iuuent, nisi id ipsum quod nomine fignificatur, intelligatur, alienum plane est, et pene inconcinnum varia odorum genera constituere, fi nonfolum in genere, vnde odor sit, cx quibus conftet, ignoratur, fed etiam quid faciat tantam diuersitatein odorum, lateat.
2-1	97-100	Nam	
2-2	101-107	nomina	
2-3	108-114	quidem	
2-4	115-123	dederunt	
2-5	124-132	odoribus	
2-6	132-133	,	
2-7	134-137	fed	
2-8	138-142	cuin	
2-9	143-149	nomina	
2-10	150-155	figna	
2-11	156-160	fint	
2-12	160-161	,	
2-13	162-164	ea	
2-14	165-169	ipfa	
2-15	170-174	vero	
2-16	175-178	nil	
2-17	179-185	iuuent	
2-18	185-186	,	
2-19	187-191	nisi	
2-20	192-194	id	
2-21	195-200	ipsum	
2-22	201-205	quod	
2-23	206-212	nomine	
2-24	213-225	fignificatur	
2-25	225-226	,	
2-26	227-239	intelligatur	
2-27	239-240	,	
2-28	241-248	alienum	
2-29	249-254	plane	
2-30	255-258	est	
2-31	258-259	,	
2-32	260-262	et	
2-33	263-267	pene	
2-34	268-279	inconcinnum	
2-35	280-285	varia	
2-36	286-292	odorum	
2-37	293-299	genera	
2-38	300-311	constituere	
2-39	311-312	,	
2-40	313-315	fi	
2-41	316-324	nonfolum	
2-42	325-327	in	
2-43	328-334	genere	
2-44	334-335	,	
2-45	336-340	vnde	
2-46	341-345	odor	
2-47	346-349	sit	
2-48	349-350	,	
2-49	351-353	cx	
2-50	354-360	quibus	
2-51	361-368	conftet	
2-52	368-369	,	
2-53	370-379	ignoratur	
2-54	379-380	,	
2-55	381-384	fed	
2-56	385-390	etiam	
2-57	391-395	quid	
2-58	396-402	faciat	
2-59	403-409	tantam	
2-60	410-423	diuersitatein	
2-61	424-430	odorum	
2-62	430-431	,	
2-63	432-438	lateat	
2-64	438-439	.	

#Text=Sed dicunt, non posle sciri, vnde haec fubtilia fint, quae nec videri nec manibus comprehendi poffunt, quafi omnia manibús, nil ratione comprehendi debeat, et quasi, quae ratione perspiciuntur, non aeque tuta ac certa esse possent, quam quae oculis videntur.
3-1	440-443	Sed	
3-2	444-450	dicunt	
3-3	450-451	,	
3-4	452-455	non	
3-5	456-461	posle	
3-6	462-467	sciri	
3-7	467-468	,	
3-8	469-473	vnde	
3-9	474-478	haec	
3-10	479-487	fubtilia	
3-11	488-492	fint	
3-12	492-493	,	
3-13	494-498	quae	
3-14	499-502	nec	
3-15	503-509	videri	
3-16	510-513	nec	
3-17	514-521	manibus	
3-18	522-533	comprehendi	
3-19	534-541	poffunt	
3-20	541-542	,	
3-21	543-548	quafi	
3-22	549-554	omnia	
3-23	555-562	manibús	
3-24	562-563	,	
3-25	564-567	nil	
3-26	568-575	ratione	
3-27	576-587	comprehendi	
3-28	588-594	debeat	
3-29	594-595	,	
3-30	596-598	et	
3-31	599-604	quasi	
3-32	604-605	,	
3-33	606-610	quae	
3-34	611-618	ratione	
3-35	619-632	perspiciuntur	
3-36	632-633	,	
3-37	634-637	non	
3-38	638-643	aeque	
3-39	644-648	tuta	
3-40	649-651	ac	
3-41	652-657	certa	
3-42	658-662	esse	
3-43	663-670	possent	
3-44	670-671	,	
3-45	672-676	quam	
3-46	677-681	quae	
3-47	682-688	oculis	
3-48	689-697	videntur	
3-49	697-698	.	

#Text=Plurima ergo funt, quae odoris naturam ostendunt, eaque vel ex ipfa fensus odoris natura, , vel ex chernia peti pofsunt, quae quidem fi inteiligi volunt, nonfolum exercitatos fenfus externos quis habeat, fed etiam ip chemia non vulgari et
#Text=
#Text=phar
#Text=
#Text=
#Text=
#Text=
#Text=
#Text=Antequam ergo ad eruenda odorum genera tranfeam, fcire oportet, vnde odor fit et num fimpliciffima res fit, nec ne.
4-1	699-706	Plurima	
4-2	707-711	ergo	
4-3	712-716	funt	
4-4	716-717	,	
4-5	718-722	quae	
4-6	723-729	odoris	
4-7	730-737	naturam	
4-8	738-747	ostendunt	
4-9	747-748	,	
4-10	749-754	eaque	
4-11	755-758	vel	
4-12	759-761	ex	
4-13	762-766	ipfa	
4-14	767-773	fensus	
4-15	774-780	odoris	
4-16	781-787	natura	
4-17	787-788	,	
4-18	789-790	,	
4-19	791-794	vel	
4-20	795-797	ex	
4-21	798-805	chernia	
4-22	806-810	peti	
4-23	811-818	pofsunt	
4-24	818-819	,	
4-25	820-824	quae	
4-26	825-831	quidem	
4-27	832-834	fi	
4-28	835-844	inteiligi	
4-29	845-851	volunt	
4-30	851-852	,	
4-31	853-861	nonfolum	
4-32	862-873	exercitatos	
4-33	874-880	fenfus	
4-34	881-889	externos	
4-35	890-894	quis	
4-36	895-901	habeat	
4-37	901-902	,	
4-38	903-906	fed	
4-39	907-912	etiam	
4-40	913-915	ip	
4-41	916-922	chemia	
4-42	923-926	non	
4-43	927-934	vulgari	
4-44	935-937	et	
4-45	939-943	phar	
4-46	949-957	Antequam	
4-47	958-962	ergo	
4-48	963-965	ad	
4-49	966-973	eruenda	
4-50	974-980	odorum	
4-51	981-987	genera	
4-52	988-996	tranfeam	
4-53	996-997	,	
4-54	998-1003	fcire	
4-55	1004-1011	oportet	
4-56	1011-1012	,	
4-57	1013-1017	vnde	
4-58	1018-1022	odor	
4-59	1023-1026	fit	
4-60	1027-1029	et	
4-61	1030-1033	num	
4-62	1034-1047	fimpliciffima	
4-63	1048-1051	res	
4-64	1052-1055	fit	
4-65	1055-1056	,	
4-66	1057-1060	nec	
4-67	1061-1063	ne	
4-68	1063-1064	.	

#Text=Et primo quidem certum eft, quod ex corpusculis tenuiffimis constet; nam fpiritum non effe iam Boyleus abunde docuit: nec, licet at.
#Text=tenuata maxime ac diducta fint, fimplicissima corpuscula effe poffunt, alias tam diuerfi odores non effent, nec odorem haberent: nam fi tam tenuia forent, quam fluidum nerueum aut lumen, aut aer, plane odoratus neruis fefe fubtraherent.
5-1	1065-1067	Et	
5-2	1068-1073	primo	
5-3	1074-1080	quidem	
5-4	1081-1087	certum	
5-5	1088-1091	eft	
5-6	1091-1092	,	
5-7	1093-1097	quod	
5-8	1098-1100	ex	
5-9	1101-1112	corpusculis	
5-10	1113-1124	tenuiffimis	
5-11	1125-1132	constet	
5-12	1132-1133	;	
5-13	1134-1137	nam	
5-14	1138-1146	fpiritum	
5-15	1147-1150	non	
5-16	1151-1155	effe	
5-17	1156-1159	iam	
5-18	1160-1167	Boyleus	
5-19	1168-1174	abunde	
5-20	1175-1181	docuit	
5-21	1181-1182	:	
5-22	1183-1186	nec	
5-23	1186-1187	,	
5-24	1188-1193	licet	
5-25	1194-1196	at	
5-26	1196-1197	.	
5-27	1198-1205	tenuata	
5-28	1206-1212	maxime	
5-29	1213-1215	ac	
5-30	1216-1223	diducta	
5-31	1224-1228	fint	
5-32	1228-1229	,	
5-33	1230-1243	fimplicissima	
5-34	1244-1254	corpuscula	
5-35	1255-1259	effe	
5-36	1260-1267	poffunt	
5-37	1267-1268	,	
5-38	1269-1274	alias	
5-39	1275-1278	tam	
5-40	1279-1286	diuerfi	
5-41	1287-1293	odores	
5-42	1294-1297	non	
5-43	1298-1304	effent	
5-44	1304-1305	,	
5-45	1306-1309	nec	
5-46	1310-1316	odorem	
5-47	1317-1325	haberent	
5-48	1325-1326	:	
5-49	1327-1330	nam	
5-50	1331-1333	fi	
5-51	1334-1337	tam	
5-52	1338-1344	tenuia	
5-53	1345-1351	forent	
5-54	1351-1352	,	
5-55	1353-1357	quam	
5-56	1358-1365	fluidum	
5-57	1366-1373	nerueum	
5-58	1374-1377	aut	
5-59	1378-1383	lumen	
5-60	1383-1384	,	
5-61	1385-1388	aut	
5-62	1389-1392	aer	
5-63	1392-1393	,	
5-64	1394-1399	plane	
5-65	1400-1408	odoratus	
5-66	1409-1415	neruis	
5-67	1416-1420	fefe	
5-68	1421-1433	fubtraherent	
5-69	1433-1434	.	

#Text=Si itaque compofita adhuc dum funt, quod etiam exinde apparet, quia ex compofitione simplicium non odoratorum, odor oritur, quaeritur, quaenam hae partes fint et vnde?
6-1	1435-1437	Si	
6-2	1438-1444	itaque	
6-3	1445-1454	compofita	
6-4	1455-1460	adhuc	
6-5	1461-1464	dum	
6-6	1465-1469	funt	
6-7	1469-1470	,	
6-8	1471-1475	quod	
6-9	1476-1481	etiam	
6-10	1482-1488	exinde	
6-11	1489-1496	apparet	
6-12	1496-1497	,	
6-13	1498-1502	quia	
6-14	1503-1505	ex	
6-15	1506-1518	compofitione	
6-16	1519-1529	simplicium	
6-17	1530-1533	non	
6-18	1534-1544	odoratorum	
6-19	1544-1545	,	
6-20	1546-1550	odor	
6-21	1551-1557	oritur	
6-22	1557-1558	,	
6-23	1559-1568	quaeritur	
6-24	1568-1569	,	
6-25	1570-1577	quaenam	
6-26	1578-1581	hae	
6-27	1582-1588	partes	
6-28	1589-1593	fint	
6-29	1594-1596	et	
6-30	1597-1601	vnde	
6-31	1601-1602	?	

#Text=Phoenomena hoc docebunt, et natura quoque volatilis ipfa.
7-1	1603-1613	Phoenomena	
7-2	1614-1617	hoc	
7-3	1618-1626	docebunt	
7-4	1626-1627	,	
7-5	1628-1630	et	
7-6	1631-1637	natura	
7-7	1638-1644	quoque	
7-8	1645-1654	volatilis	
7-9	1655-1659	ipfa	
7-10	1659-1660	.	

#Text=Camphora e. g. corpus eft, quod totum in aerem auolat, sta tamen vt oculis non conspiciatur, vnum tamen eundemque fenfum perpetuo naribus inprimat, Camphora ergo integra et nondum in vapores resoluta corpus eft, quod fapore aeque ac examine chemico difquiri poteft: fi vero diuiditur in vapores inuifibiles, odor est.
8-1	1661-1669	Camphora	
8-2	1670-1671	e	
8-3	1671-1672	.	
8-4	1673-1674	g	
8-5	1674-1675	.	
8-6	1676-1682	corpus	
8-7	1683-1686	eft	
8-8	1686-1687	,	
8-9	1688-1692	quod	
8-10	1693-1698	totum	
8-11	1699-1701	in	
8-12	1702-1707	aerem	
8-13	1708-1714	auolat	
8-14	1714-1715	,	
8-15	1716-1719	sta	
8-16	1720-1725	tamen	
8-17	1726-1728	vt	
8-18	1729-1735	oculis	
8-19	1736-1739	non	
8-20	1740-1752	conspiciatur	
8-21	1752-1753	,	
8-22	1754-1758	vnum	
8-23	1759-1764	tamen	
8-24	1765-1774	eundemque	
8-25	1775-1781	fenfum	
8-26	1782-1790	perpetuo	
8-27	1791-1798	naribus	
8-28	1799-1807	inprimat	
8-29	1807-1808	,	
8-30	1809-1817	Camphora	
8-31	1818-1822	ergo	
8-32	1823-1830	integra	
8-33	1831-1833	et	
8-34	1834-1840	nondum	
8-35	1841-1843	in	
8-36	1844-1851	vapores	
8-37	1852-1860	resoluta	
8-38	1861-1867	corpus	
8-39	1868-1871	eft	
8-40	1871-1872	,	
8-41	1873-1877	quod	
8-42	1878-1884	fapore	
8-43	1885-1890	aeque	
8-44	1891-1893	ac	
8-45	1894-1901	examine	
8-46	1902-1909	chemico	
8-47	1910-1918	difquiri	
8-48	1919-1925	poteft	
8-49	1925-1926	:	
8-50	1927-1929	fi	
8-51	1930-1934	vero	
8-52	1935-1944	diuiditur	
8-53	1945-1947	in	
8-54	1948-1955	vapores	
8-55	1956-1967	inuifibiles	
8-56	1967-1968	,	
8-57	1969-1973	odor	
8-58	1974-1977	est	
8-59	1977-1978	.	

#Text=Promte ergo ex his concludi poteft, 0dorem ex terreis, falinis, viscidis, aquofis, inflammabilibus partibus conftare: nam ex his omnibus effe camphoram , examen chemicum ostendit.
9-1	1979-1985	Promte	
9-2	1986-1990	ergo	
9-3	1991-1993	ex	
9-4	1994-1997	his	
9-5	1998-2006	concludi	
9-6	2007-2013	poteft	
9-7	2013-2014	,	
9-8	2015-2021	0dorem	
9-9	2022-2024	ex	
9-10	2025-2032	terreis	
9-11	2032-2033	,	
9-12	2034-2041	falinis	
9-13	2041-2042	,	
9-14	2043-2051	viscidis	
9-15	2051-2052	,	
9-16	2053-2060	aquofis	
9-17	2060-2061	,	
9-18	2062-2077	inflammabilibus	
9-19	2078-2086	partibus	
9-20	2087-2095	conftare	
9-21	2095-2096	:	
9-22	2097-2100	nam	
9-23	2101-2103	ex	
9-24	2104-2107	his	
9-25	2108-2115	omnibus	
9-26	2116-2120	effe	
9-27	2121-2130	camphoram	
9-28	2131-2132	,	
9-29	2133-2139	examen	
9-30	2140-2148	chemicum	
9-31	2149-2157	ostendit	
9-32	2157-2158	.	

#Text=Idem colligere poffumus ex genesi odorum , quam HALLERVS in Element.
#Text=physiolog.
10-1	2159-2163	Idem	
10-2	2164-2173	colligere	
10-3	2174-2182	poffumus	
10-4	2183-2185	ex	
10-5	2186-2192	genesi	
10-6	2193-2199	odorum	
10-7	2200-2201	,	
10-8	2202-2206	quam	
10-9	2207-2215	HALLERVS	
10-10	2216-2218	in	
10-11	2219-2226	Element	
10-12	2226-2227	.	
10-13	2228-2237	physiolog	
10-14	2237-2238	.	

#Text=T.
11-1	2239-2240	T	
11-2	2240-2241	.	

#Text=IV.
#Text=p. 169-169. posuit.
12-1	2242-2244	IV	
12-2	2244-2245	.	
12-3	2246-2247	p	
12-4	2247-2248	.	
12-5	2249-2252	169	
12-6	2252-2253	-	
12-7	2253-2256	169	
12-8	2256-2257	.	
12-9	2258-2264	posuit	
12-10	2264-2265	.	

#Text=Deinde nullum volatile fine inflammabili principio esse poteft: cum vero inflammabile principium semper aliis partibus conftitutiuis admixtum fit, hae fimul efferantur , neceffe eft.
13-1	2266-2272	Deinde	
13-2	2273-2279	nullum	
13-3	2280-2288	volatile	
13-4	2289-2293	fine	
13-5	2294-2306	inflammabili	
13-6	2307-2316	principio	
13-7	2317-2321	esse	
13-8	2322-2328	poteft	
13-9	2328-2329	:	
13-10	2330-2333	cum	
13-11	2334-2338	vero	
13-12	2339-2351	inflammabile	
13-13	2352-2362	principium	
13-14	2363-2369	semper	
13-15	2370-2375	aliis	
13-16	2376-2384	partibus	
13-17	2385-2398	conftitutiuis	
13-18	2399-2407	admixtum	
13-19	2408-2411	fit	
13-20	2411-2412	,	
13-21	2413-2416	hae	
13-22	2417-2422	fimul	
13-23	2423-2433	efferantur	
13-24	2434-2435	,	
13-25	2436-2443	neceffe	
13-26	2444-2447	eft	
13-27	2447-2448	.	

#Text=Odor ergo fine dubio nil aliud eft, quam falia et terrae per inflammabile principium elata.
14-1	2449-2453	Odor	
14-2	2454-2458	ergo	
14-3	2459-2463	fine	
14-4	2464-2469	dubio	
14-5	2470-2473	nil	
14-6	2474-2479	aliud	
14-7	2480-2483	eft	
14-8	2483-2484	,	
14-9	2485-2489	quam	
14-10	2490-2495	falia	
14-11	2496-2498	et	
14-12	2499-2505	terrae	
14-13	2506-2509	per	
14-14	2510-2522	inflammabile	
14-15	2523-2533	principium	
14-16	2534-2539	elata	
14-17	2539-2540	.	

#Text=Non quidem falia puto et terras, quales fàpor aut tactus diiudicat, fed attenuatas magis et ad naturam aeris accedentes.
15-1	2541-2544	Non	
15-2	2545-2551	quidem	
15-3	2552-2557	falia	
15-4	2558-2562	puto	
15-5	2563-2565	et	
15-6	2566-2572	terras	
15-7	2572-2573	,	
15-8	2574-2580	quales	
15-9	2581-2586	fàpor	
15-10	2587-2590	aut	
15-11	2591-2597	tactus	
15-12	2598-2607	diiudicat	
15-13	2607-2608	,	
15-14	2609-2612	fed	
15-15	2613-2623	attenuatas	
15-16	2624-2629	magis	
15-17	2630-2632	et	
15-18	2633-2635	ad	
15-19	2636-2643	naturam	
15-20	2644-2649	aeris	
15-21	2650-2660	accedentes	
15-22	2660-2661	.	

#Text=Si itaque, copiofùm inflammabile principium attenuatiffimum et maxime diuisum in corpore quodam abundat, ita vt a terreis et falinis partibus non figi, non coerceri poffit, tenerrimam partem aquae vel terrae vel falis fecum commiftam fimul effert, vt effludium oriatur cor
#Text=
#Text=
#Text=
#Text=po.
#Text=ex
#Text=
#Text=
#Text=
#Text=cum
#Text=
#Text=
#Text=
#Text=
#Text=
#Text=poreum quidem sed tenerrimum, quod omnibus reliquis fenfibus fe fubtrahit et ratione teneritudinis proxime ad aerem accedit, quod que folis odoris neruis diiudicari potest.
16-1	2662-2664	Si	
16-2	2665-2671	itaque	
16-3	2671-2672	,	
16-4	2673-2681	copiofùm	
16-5	2682-2694	inflammabile	
16-6	2695-2705	principium	
16-7	2706-2721	attenuatiffimum	
16-8	2722-2724	et	
16-9	2725-2731	maxime	
16-10	2732-2739	diuisum	
16-11	2740-2742	in	
16-12	2743-2750	corpore	
16-13	2751-2757	quodam	
16-14	2758-2765	abundat	
16-15	2765-2766	,	
16-16	2767-2770	ita	
16-17	2771-2773	vt	
16-18	2774-2775	a	
16-19	2776-2783	terreis	
16-20	2784-2786	et	
16-21	2787-2794	falinis	
16-22	2795-2803	partibus	
16-23	2804-2807	non	
16-24	2808-2812	figi	
16-25	2812-2813	,	
16-26	2814-2817	non	
16-27	2818-2826	coerceri	
16-28	2827-2833	poffit	
16-29	2833-2834	,	
16-30	2835-2845	tenerrimam	
16-31	2846-2852	partem	
16-32	2853-2858	aquae	
16-33	2859-2862	vel	
16-34	2863-2869	terrae	
16-35	2870-2873	vel	
16-36	2874-2879	falis	
16-37	2880-2885	fecum	
16-38	2886-2895	commiftam	
16-39	2896-2901	fimul	
16-40	2902-2908	effert	
16-41	2908-2909	,	
16-42	2910-2912	vt	
16-43	2913-2922	effludium	
16-44	2923-2930	oriatur	
16-45	2931-2934	cor	
16-46	2938-2940	po	
16-47	2940-2941	.	
16-48	2942-2944	ex	
16-49	2948-2951	cum	
16-50	2957-2963	poreum	
16-51	2964-2970	quidem	
16-52	2971-2974	sed	
16-53	2975-2985	tenerrimum	
16-54	2985-2986	,	
16-55	2987-2991	quod	
16-56	2992-2999	omnibus	
16-57	3000-3008	reliquis	
16-58	3009-3017	fenfibus	
16-59	3018-3020	fe	
16-60	3021-3030	fubtrahit	
16-61	3031-3033	et	
16-62	3034-3041	ratione	
16-63	3042-3055	teneritudinis	
16-64	3056-3063	proxime	
16-65	3064-3066	ad	
16-66	3067-3072	aerem	
16-67	3073-3080	accedit	
16-68	3080-3081	,	
16-69	3082-3086	quod	
16-70	3087-3090	que	
16-71	3091-3096	folis	
16-72	3097-3103	odoris	
16-73	3104-3110	neruis	
16-74	3111-3121	diiudicari	
16-75	3122-3128	potest	
16-76	3128-3129	.	

#Text=Sed obiicere quis poflet, fi terra , fi fal, fi aqua, fi inflammabile principium in odore est, cur odor non capi poffit et colligi?
17-1	3130-3133	Sed	
17-2	3134-3142	obiicere	
17-3	3143-3147	quis	
17-4	3148-3154	poflet	
17-5	3154-3155	,	
17-6	3156-3158	fi	
17-7	3159-3164	terra	
17-8	3165-3166	,	
17-9	3167-3169	fi	
17-10	3170-3173	fal	
17-11	3173-3174	,	
17-12	3175-3177	fi	
17-13	3178-3182	aqua	
17-14	3182-3183	,	
17-15	3184-3186	fi	
17-16	3187-3199	inflammabile	
17-17	3200-3210	principium	
17-18	3211-3213	in	
17-19	3214-3219	odore	
17-20	3220-3223	est	
17-21	3223-3224	,	
17-22	3225-3228	cur	
17-23	3229-3233	odor	
17-24	3234-3237	non	
17-25	3238-3242	capi	
17-26	3243-3249	poffit	
17-27	3250-3252	et	
17-28	3253-3260	colligi	
17-29	3260-3261	?	
