#FORMAT=WebAnno TSV 3.3
#T_SP=custom.Span|label
#T_RL=custom.Relation|label|BT_custom.Span


#Text=Man erwehle den Saſſafras, dar-
#Text=an die dicke, roͤthlichte und rauhe Rinde
#Text=noch ſitzt, denn dieſe iſt der allerbeſte
#Text=Theil des Baumes, ſo wohl wegen des
#Text=ſcharffen Geſchmacks, als auch wegen
#Text=des ſcharffen aromatiſchen Geruchs,
#Text=der den Geruch des Baumes weit uͤber-
#Text=
#Text=trifft, ſonderlich, wenn er noch auf der
#Text=Wurtzel ſtehet.
1-1	2-5	Man	_	_	_	
1-2	6-13	erwehle	_	_	_	
1-3	14-17	den	_	_	_	
1-4	18-27	Saſſafras	_	_	_	
1-5	27-28	,	_	_	_	
1-6	29-32	dar	_	_	_	
1-7	32-33	-	_	_	_	
1-8	34-36	an	_	_	_	
1-9	37-40	die	_	_	_	
1-10	41-46	dicke	_	_	_	
1-11	46-47	,	_	_	_	
1-12	48-59	roͤthlichte	_	_	_	
1-13	60-63	und	_	_	_	
1-14	64-69	rauhe	_	_	_	
1-15	70-75	Rinde	_	_	_	
1-16	76-80	noch	_	_	_	
1-17	81-86	ſitzt	_	_	_	
1-18	86-87	,	_	_	_	
1-19	88-92	denn	_	_	_	
1-20	93-98	dieſe	_	_	_	
1-21	99-102	iſt	_	_	_	
1-22	103-106	der	_	_	_	
1-23	107-117	allerbeſte	_	_	_	
1-24	118-123	Theil	_	_	_	
1-25	124-127	des	_	_	_	
1-26	128-134	Baumes	_	_	_	
1-27	134-135	,	_	_	_	
1-28	136-138	ſo	_	_	_	
1-29	139-143	wohl	_	_	_	
1-30	144-149	wegen	_	_	_	
1-31	150-153	des	_	_	_	
1-32	154-163	ſcharffen	_	_	_	
1-33	164-174	Geſchmacks	_	_	_	
1-34	174-175	,	_	_	_	
1-35	176-179	als	_	_	_	
1-36	180-184	auch	_	_	_	
1-37	185-190	wegen	_	_	_	
1-38	191-194	des	_	_	_	
1-39	195-204	ſcharffen	_	_	_	
1-40	205-217	aromatiſchen	_	_	_	
1-41	218-225	Geruchs	_	_	_	
1-42	225-226	,	_	_	_	
1-43	227-230	der	_	_	_	
1-44	231-234	den	_	_	_	
1-45	235-241	Geruch	_	_	_	
1-46	242-245	des	_	_	_	
1-47	246-252	Baumes	_	_	_	
1-48	253-257	weit	_	_	_	
1-49	258-263	uͤber	_	_	_	
1-50	263-264	-	_	_	_	
1-51	266-272	trifft	_	_	_	
1-52	272-273	,	_	_	_	
1-53	274-284	ſonderlich	_	_	_	
1-54	284-285	,	_	_	_	
1-55	286-290	wenn	_	_	_	
1-56	291-293	er	_	_	_	
1-57	294-298	noch	_	_	_	
1-58	299-302	auf	_	_	_	
1-59	303-306	der	_	_	_	
1-60	307-314	Wurtzel	_	_	_	
1-61	315-321	ſtehet	_	_	_	
1-62	321-322	.	_	_	_	

#Text=Daher vermeinten
#Text=auch die Spanier, als ſie das erſte mahl
#Text=an der Jnſel Florida gelandet, es waͤ-
#Text=
#Text=ren Zimmtbaͤume, weil ſie den ſtarcken
#Text=lieblichen Geruch auf zwey Meil weges
#Text=empfunden;
#Text=als ſie aber ausgeſtiegen
#Text=und unter den Baͤumen ſtunden
#Text=, ſahen
#Text=ſie ſich zwar in ihrer Hoffnung betro-
#Text=gen/ iedoch, nachdem ſie dieſelben genau
#Text=examiniret und unterſuchet, urtheilten
#Text=ſie gar wohl, daß ſie nicht aller Kraft
#Text=entbloͤſet waͤren, brachten ſie deswegen
#Text=
#Text=mit nach Spanien, woſelbſt das Pfund
#Text=um 40.
2-1	323-328	Daher	_	_	_	
2-2	329-339	vermeinten	_	_	_	
2-3	340-344	auch	_	_	_	
2-4	345-348	die	_	_	_	
2-5	349-356	Spanier	_	_	_	
2-6	356-357	,	_	_	_	
2-7	358-361	als	_	_	_	
2-8	362-365	ſie	_	_	_	
2-9	366-369	das	_	_	_	
2-10	370-375	erſte	_	_	_	
2-11	376-380	mahl	_	_	_	
2-12	381-383	an	_	_	_	
2-13	384-387	der	_	_	_	
2-14	388-393	Jnſel	_	_	_	
2-15	394-401	Florida	_	_	_	
2-16	402-410	gelandet	_	_	_	
2-17	410-411	,	_	_	_	
2-18	412-414	es	_	_	_	
2-19	415-418	waͤ	_	_	_	
2-20	418-419	-	_	_	_	
2-21	421-424	ren	_	_	_	
2-22	425-436	Zimmtbaͤume	_	_	_	
2-23	436-437	,	_	_	_	
2-24	438-442	weil	_	_	_	
2-25	443-446	ſie	_	_	_	
2-26	447-450	den	_	_	_	
2-27	451-459	ſtarcken	_	_	_	
2-28	460-470	lieblichen	_	_	_	
2-29	471-477	Geruch	_	_	_	
2-30	478-481	auf	_	_	_	
2-31	482-486	zwey	_	_	_	
2-32	487-491	Meil	_	_	_	
2-33	492-497	weges	_	_	_	
2-34	498-507	empfunden	_	_	_	
2-35	507-508	;	_	_	_	
2-36	509-512	als	_	_	_	
2-37	513-516	ſie	_	_	_	
2-38	517-521	aber	_	_	_	
2-39	522-534	ausgeſtiegen	_	_	_	
2-40	535-538	und	_	_	_	
2-41	539-544	unter	_	_	_	
2-42	545-548	den	_	_	_	
2-43	549-556	Baͤumen	_	_	_	
2-44	557-564	ſtunden	_	_	_	
2-45	565-566	,	_	_	_	
2-46	567-572	ſahen	_	_	_	
2-47	573-576	ſie	_	_	_	
2-48	577-581	ſich	_	_	_	
2-49	582-586	zwar	_	_	_	
2-50	587-589	in	_	_	_	
2-51	590-595	ihrer	_	_	_	
2-52	596-604	Hoffnung	_	_	_	
2-53	605-610	betro	_	_	_	
2-54	610-611	-	_	_	_	
2-55	612-615	gen	_	_	_	
2-56	615-616	/	_	_	_	
2-57	617-623	iedoch	_	_	_	
2-58	623-624	,	_	_	_	
2-59	625-632	nachdem	_	_	_	
2-60	633-636	ſie	_	_	_	
2-61	637-646	dieſelben	_	_	_	
2-62	647-652	genau	_	_	_	
2-63	653-663	examiniret	_	_	_	
2-64	664-667	und	_	_	_	
2-65	668-679	unterſuchet	_	_	_	
2-66	679-680	,	_	_	_	
2-67	681-691	urtheilten	_	_	_	
2-68	692-695	ſie	_	_	_	
2-69	696-699	gar	_	_	_	
2-70	700-704	wohl	_	_	_	
2-71	704-705	,	_	_	_	
2-72	706-709	daß	_	_	_	
2-73	710-713	ſie	_	_	_	
2-74	714-719	nicht	_	_	_	
2-75	720-725	aller	_	_	_	
2-76	726-731	Kraft	_	_	_	
2-77	732-742	entbloͤſet	_	_	_	
2-78	743-749	waͤren	_	_	_	
2-79	749-750	,	_	_	_	
2-80	751-759	brachten	_	_	_	
2-81	760-763	ſie	_	_	_	
2-82	764-772	deswegen	_	_	_	
2-83	774-777	mit	_	_	_	
2-84	778-782	nach	_	_	_	
2-85	783-790	Spanien	_	_	_	
2-86	790-791	,	_	_	_	
2-87	792-800	woſelbſt	_	_	_	
2-88	801-804	das	_	_	_	
2-89	805-810	Pfund	_	_	_	
2-90	811-813	um	_	_	_	
2-91	814-816	40	_	_	_	
2-92	816-817	.	_	_	_	

#Text=Francken verkaufft wurde, nach-
#Text=dem es gebraucht, und zur Neapolita-
#Text=niſchen Kranckheit ſo trefflich dienlich
#Text=befunden ward.
3-1	818-826	Francken	_	_	_	
3-2	827-836	verkaufft	_	_	_	
3-3	837-842	wurde	_	_	_	
3-4	842-843	,	_	_	_	
3-5	844-848	nach	_	_	_	
3-6	848-849	-	_	_	_	
3-7	850-853	dem	_	_	_	
3-8	854-856	es	_	_	_	
3-9	857-866	gebraucht	_	_	_	
3-10	866-867	,	_	_	_	
3-11	868-871	und	_	_	_	
3-12	872-875	zur	_	_	_	
3-13	876-885	Neapolita	_	_	_	
3-14	885-886	-	_	_	_	
3-15	887-894	niſchen	_	_	_	
3-16	895-905	Kranckheit	_	_	_	
3-17	906-908	ſo	_	_	_	
3-18	909-918	trefflich	_	_	_	
3-19	919-927	dienlich	_	_	_	
3-20	928-936	befunden	_	_	_	
3-21	937-941	ward	_	_	_	
3-22	941-942	.	_	_	_	

#Text=Dieſes veranlaſſete
#Text=die Spanier wieder nach Florida zu
#Text=kehren, von dannen ſie eine ſolche Men-
#Text=ge Saſſafras mit zu ruͤcke brachten,
#Text=daß er bald darauf ſehr wenig galt: wie
#Text=nun der Preiß gefallen, ſo verminderte
#Text=ſich auch der Gebrauch;
#Text=welches in
#Text=Franckreich nichts ſeltſames.
4-1	943-949	Dieſes	_	_	_	
4-2	950-962	veranlaſſete	_	_	_	
4-3	963-966	die	_	_	_	
4-4	967-974	Spanier	_	_	_	
4-5	975-981	wieder	_	_	_	
4-6	982-986	nach	_	_	_	
4-7	987-994	Florida	_	_	_	
4-8	995-997	zu	_	_	_	
4-9	998-1004	kehren	_	_	_	
4-10	1004-1005	,	_	_	_	
4-11	1006-1009	von	_	_	_	
4-12	1010-1016	dannen	_	_	_	
4-13	1017-1020	ſie	_	_	_	
4-14	1021-1025	eine	_	_	_	
4-15	1026-1032	ſolche	_	_	_	
4-16	1033-1036	Men	_	_	_	
4-17	1036-1037	-	_	_	_	
4-18	1038-1040	ge	_	_	_	
4-19	1041-1050	Saſſafras	_	_	_	
4-20	1051-1054	mit	_	_	_	
4-21	1055-1057	zu	_	_	_	
4-22	1058-1064	ruͤcke	_	_	_	
4-23	1065-1073	brachten	_	_	_	
4-24	1073-1074	,	_	_	_	
4-25	1075-1078	daß	_	_	_	
4-26	1079-1081	er	_	_	_	
4-27	1082-1086	bald	_	_	_	
4-28	1087-1093	darauf	_	_	_	
4-29	1094-1098	ſehr	_	_	_	
4-30	1099-1104	wenig	_	_	_	
4-31	1105-1109	galt	_	_	_	
4-32	1109-1110	:	_	_	_	
4-33	1111-1114	wie	_	_	_	
4-34	1115-1118	nun	_	_	_	
4-35	1119-1122	der	_	_	_	
4-36	1123-1128	Preiß	_	_	_	
4-37	1129-1137	gefallen	_	_	_	
4-38	1137-1138	,	_	_	_	
4-39	1139-1141	ſo	_	_	_	
4-40	1142-1153	verminderte	_	_	_	
4-41	1154-1158	ſich	_	_	_	
4-42	1159-1163	auch	_	_	_	
4-43	1164-1167	der	_	_	_	
4-44	1168-1176	Gebrauch	_	_	_	
4-45	1176-1177	;	_	_	_	
4-46	1178-1185	welches	_	_	_	
4-47	1186-1188	in	_	_	_	
4-48	1189-1200	Franckreich	_	_	_	
4-49	1201-1207	nichts	_	_	_	
4-50	1208-1217	ſeltſames	_	_	_	
4-51	1217-1218	.	_	_	_	

#Text=Jhrer
#Text=viele ziehen die Schale des
#Text=Baumes dem Holtze und ſtarcken Aeſten
#Text=vor, welches auch nicht ohne Urſache ge-
#Text=ſchicht, ſintemahl ſie viel ſtaͤrcker riechet,
#Text=denn das Holtz.
5-1	1222-1227	Jhrer	_	_	_	
5-2	1228-1233	viele	_	_	_	
5-3	1234-1240	ziehen	_	_	_	
5-4	1241-1244	die	_	_	_	
5-5	1245-1251	Schale	Smell\_Source	_	_	
5-6	1252-1255	des	_	_	_	
5-7	1256-1262	Baumes	_	_	_	
5-8	1263-1266	dem	_	_	_	
5-9	1267-1273	Holtze	_	_	_	
5-10	1274-1277	und	_	_	_	
5-11	1278-1286	ſtarcken	_	_	_	
5-12	1287-1293	Aeſten	_	_	_	
5-13	1294-1297	vor	_	_	_	
5-14	1297-1298	,	_	_	_	
5-15	1299-1306	welches	_	_	_	
5-16	1307-1311	auch	_	_	_	
5-17	1312-1317	nicht	_	_	_	
5-18	1318-1322	ohne	_	_	_	
5-19	1323-1330	Urſache	_	_	_	
5-20	1331-1333	ge	_	_	_	
5-21	1333-1334	-	_	_	_	
5-22	1335-1342	ſchicht	_	_	_	
5-23	1342-1343	,	_	_	_	
5-24	1344-1353	ſintemahl	_	_	_	
5-25	1354-1357	ſie	_	_	_	
5-26	1358-1362	viel	_	_	_	
5-27	1363-1372	ſtaͤrcker	Quality	_	_	
5-28	1373-1380	riechet	Smell\_Word	*|*	5-5|5-27	
5-29	1380-1381	,	_	_	_	
5-30	1382-1386	denn	_	_	_	
5-31	1387-1390	das	_	_	_	
5-32	1391-1396	Holtz	_	_	_	
5-33	1396-1397	.	_	_	_	

#Text=Sie iſt ordentlich leich-
#Text=te, aus- und inwendig roͤthlicht, laͤßt
#Text=
#Text=ſich leichtlich zerbrechen, und ſchmeckt
#Text=und riecht gar aromatiſch.
6-1	1398-1401	Sie	_	_	_	
6-2	1402-1405	iſt	_	_	_	
6-3	1406-1416	ordentlich	_	_	_	
6-4	1417-1422	leich	_	_	_	
6-5	1422-1423	-	_	_	_	
6-6	1424-1426	te	_	_	_	
6-7	1426-1427	,	_	_	_	
6-8	1428-1431	aus	_	_	_	
6-9	1431-1432	-	_	_	_	
6-10	1433-1436	und	_	_	_	
6-11	1437-1445	inwendig	_	_	_	
6-12	1446-1456	roͤthlicht	_	_	_	
6-13	1456-1457	,	_	_	_	
6-14	1458-1463	laͤßt	_	_	_	
6-15	1465-1469	ſich	_	_	_	
6-16	1470-1480	leichtlich	_	_	_	
6-17	1481-1491	zerbrechen	_	_	_	
6-18	1491-1492	,	_	_	_	
6-19	1493-1496	und	_	_	_	
6-20	1497-1505	ſchmeckt	_	_	_	
6-21	1506-1509	und	_	_	_	
6-22	1510-1516	riecht	Smell\_Word	*|*	5-5|6-24	
6-23	1517-1520	gar	_	_	_	
6-24	1521-1531	aromatiſch	Quality	_	_	
6-25	1531-1532	.	_	_	_	

#Text=Daß alſo
#Text=die Rinde beſſer iſt als die Wurtzel, und
#Text=dieſe beſſer denn das Holtz.
7-1	1533-1536	Daß	_	_	_	
7-2	1537-1541	alſo	_	_	_	
7-3	1542-1545	die	_	_	_	
7-4	1546-1551	Rinde	_	_	_	
7-5	1552-1558	beſſer	_	_	_	
7-6	1559-1562	iſt	_	_	_	
7-7	1563-1566	als	_	_	_	
7-8	1567-1570	die	_	_	_	
7-9	1571-1578	Wurtzel	_	_	_	
7-10	1578-1579	,	_	_	_	
7-11	1580-1583	und	_	_	_	
7-12	1584-1589	dieſe	_	_	_	
7-13	1590-1596	beſſer	_	_	_	
7-14	1597-1601	denn	_	_	_	
7-15	1602-1605	das	_	_	_	
7-16	1606-1611	Holtz	_	_	_	
7-17	1611-1612	.	_	_	_	

#Text=Das Holtz wird zum Gebrauch ge-
#Text=ſpalten oder geraſpelt, da es dann der-
#Text=maſſen ſtarck riecht, daß ſowohl den Ar-
#Text=beitern, als auch denen, die es gebrau-
#Text=chen, die Koͤpfe darnach wehe thun, wel-
#Text=ches dann ſeinen Credit um ein gutes
#Text=verringert hat.
8-1	1616-1619	Das	_	_	_	
8-2	1620-1625	Holtz	Smell\_Source	_	_	
8-3	1626-1630	wird	_	_	_	
8-4	1631-1634	zum	_	_	_	
8-5	1635-1643	Gebrauch	_	_	_	
8-6	1644-1646	ge	Circumstances[1]	_	_	
8-7	1646-1647	-	Circumstances[1]	_	_	
8-8	1648-1655	ſpalten	Circumstances[1]	_	_	
8-9	1656-1660	oder	Circumstances[1]	_	_	
8-10	1661-1670	geraſpelt	Circumstances[1]	_	_	
8-11	1670-1671	,	_	_	_	
8-12	1672-1674	da	_	_	_	
8-13	1675-1677	es	_	_	_	
8-14	1678-1682	dann	_	_	_	
8-15	1683-1686	der	_	_	_	
8-16	1686-1687	-	_	_	_	
8-17	1688-1694	maſſen	_	_	_	
8-18	1695-1701	ſtarck	Quality	_	_	
8-19	1702-1708	riecht	Smell\_Word	*|*|*	8-18|8-2|8-6[1_0]	
8-20	1708-1709	,	_	_	_	
8-21	1710-1713	daß	_	_	_	
8-22	1714-1720	ſowohl	_	_	_	
8-23	1721-1724	den	_	_	_	
8-24	1725-1727	Ar	_	_	_	
8-25	1727-1728	-	_	_	_	
8-26	1729-1736	beitern	_	_	_	
8-27	1736-1737	,	_	_	_	
8-28	1738-1741	als	_	_	_	
8-29	1742-1746	auch	_	_	_	
8-30	1747-1752	denen	_	_	_	
8-31	1752-1753	,	_	_	_	
8-32	1754-1757	die	_	_	_	
8-33	1758-1760	es	_	_	_	
8-34	1761-1767	gebrau	_	_	_	
8-35	1767-1768	-	_	_	_	
8-36	1769-1773	chen	_	_	_	
8-37	1773-1774	,	_	_	_	
8-38	1775-1778	die	_	_	_	
8-39	1779-1785	Koͤpfe	_	_	_	
8-40	1786-1793	darnach	_	_	_	
8-41	1794-1798	wehe	_	_	_	
8-42	1799-1803	thun	_	_	_	
8-43	1803-1804	,	_	_	_	
8-44	1805-1808	wel	_	_	_	
8-45	1808-1809	-	_	_	_	
8-46	1810-1814	ches	_	_	_	
8-47	1815-1819	dann	_	_	_	
8-48	1820-1826	ſeinen	_	_	_	
8-49	1827-1833	Credit	_	_	_	
8-50	1834-1836	um	_	_	_	
8-51	1837-1840	ein	_	_	_	
8-52	1841-1846	gutes	_	_	_	
8-53	1847-1857	verringert	_	_	_	
8-54	1858-1861	hat	_	_	_	
8-55	1861-1862	.	_	_	_	

#Text=Wer nun dieſes geſpaltenen oder ge-
#Text=raſpelten Holtzes von noͤthen
#Text=hat, mag
#Text=
#Text=zuſe-
#Text=
#Text=
#Text=J 3\f
#Text=[0136
#Text=]
9-1	1866-1869	Wer	_	_	_	
9-2	1870-1873	nun	_	_	_	
9-3	1874-1880	dieſes	_	_	_	
9-4	1881-1892	geſpaltenen	_	_	_	
9-5	1893-1897	oder	_	_	_	
9-6	1898-1900	ge	_	_	_	
9-7	1900-1901	-	_	_	_	
9-8	1902-1911	raſpelten	_	_	_	
9-9	1912-1919	Holtzes	_	_	_	
9-10	1920-1923	von	_	_	_	
9-11	1924-1931	noͤthen	_	_	_	
9-12	1932-1935	hat	_	_	_	
9-13	1935-1936	,	_	_	_	
9-14	1937-1940	mag	_	_	_	
9-15	1942-1946	zuſe	_	_	_	
9-16	1946-1947	-	_	_	_	
9-17	1950-1951	J	_	_	_	
9-18	1952-1953	3	_	_	_	
9-19	1955-1956	[	_	_	_	
9-20	1956-1960	0136	_	_	_	
9-21	1961-1962	]	_	_	_	
