#FORMAT=WebAnno TSV 3.3


#Text=Cum E. tota haec mixtio id odorem refoluatur, fignum est, omnem odorem camphoratum ex his partibus conftare.
1-1	2-5	Cum	
1-2	6-7	E	
1-3	7-8	.	
1-4	9-13	tota	
1-5	14-18	haec	
1-6	19-25	mixtio	
1-7	26-28	id	
1-8	29-35	odorem	
1-9	36-46	refoluatur	
1-10	46-47	,	
1-11	48-54	fignum	
1-12	55-58	est	
1-13	58-59	,	
1-14	60-65	omnem	
1-15	66-72	odorem	
1-16	73-84	camphoratum	
1-17	85-87	ex	
1-18	88-91	his	
1-19	92-100	partibus	
1-20	101-109	conftare	
1-21	109-110	.	

#Text=Sed en!
2-1	111-114	Sed	
2-2	115-117	en	
2-3	117-118	!	

#Text=quam belle hae partes examine chymico cognitae per ipsum odoratus fenfum cognofcantur: Omnes materiae camphorati odoris fragrantem et con
#Text=
#Text=for
#Text=
#Text=
#Text=
#Text=
#Text=
#Text=tile
#Text=
#Text=
#Text=
#Text=um
#Text=
#Text=
#Text=
#Text=cum Di.
#Text=fortantem sensum exhiben.
3-1	119-123	quam	
3-2	124-129	belle	
3-3	130-133	hae	
3-4	134-140	partes	
3-5	141-148	examine	
3-6	149-156	chymico	
3-7	157-165	cognitae	
3-8	166-169	per	
3-9	170-175	ipsum	
3-10	176-184	odoratus	
3-11	185-191	fenfum	
3-12	192-204	cognofcantur	
3-13	204-205	:	
3-14	206-211	Omnes	
3-15	212-220	materiae	
3-16	221-231	camphorati	
3-17	232-238	odoris	
3-18	239-249	fragrantem	
3-19	250-252	et	
3-20	253-256	con	
3-21	258-261	for	
3-22	267-271	tile	
3-23	275-277	um	
3-24	281-284	cum	
3-25	285-287	Di	
3-26	287-288	.	
3-27	289-298	fortantem	
3-28	299-305	sensum	
3-29	306-313	exhiben	
3-30	313-314	.	

#Text=Confortatio vero neruorum confiftit in contractione neruorum et retentione subtilium.
4-1	315-326	Confortatio	
4-2	327-331	vero	
4-3	332-340	neruorum	
4-4	341-350	confiftit	
4-5	351-353	in	
4-6	354-366	contractione	
4-7	367-375	neruorum	
4-8	376-378	et	
4-9	379-389	retentione	
4-10	390-399	subtilium	
4-11	399-400	.	

#Text=Cum E, hic odor vires neruorum fe contrahendi augeat; confortationis fensus oritur.
5-1	401-404	Cum	
5-2	405-406	E	
5-3	406-407	,	
5-4	408-411	hic	
5-5	412-416	odor	
5-6	417-422	vires	
5-7	423-431	neruorum	
5-8	432-434	fe	
5-9	435-446	contrahendi	
5-10	447-453	augeat	
5-11	453-454	;	
5-12	455-469	confortationis	
5-13	470-476	fensus	
5-14	477-483	oritur	
5-15	483-484	.	

#Text=Et haec ita quoque interne fieri alia obferuatio BOERHA VII in Hift.
#Text=plant.
#Text=docet dum de serpillo dicit, quod fi a delaflatis affiimatur, protinus ipfis videatur, ac fi omnes fpiritus euaporantes retineantur et coerceantur.
6-1	485-487	Et	
6-2	488-492	haec	
6-3	493-496	ita	
6-4	497-503	quoque	
6-5	504-511	interne	
6-6	512-517	fieri	
6-7	518-522	alia	
6-8	523-533	obferuatio	
6-9	534-540	BOERHA	
6-10	541-544	VII	
6-11	545-547	in	
6-12	548-552	Hift	
6-13	552-553	.	
6-14	554-559	plant	
6-15	559-560	.	
6-16	561-566	docet	
6-17	567-570	dum	
6-18	571-573	de	
6-19	574-582	serpillo	
6-20	583-588	dicit	
6-21	588-589	,	
6-22	590-594	quod	
6-23	595-597	fi	
6-24	598-599	a	
6-25	600-610	delaflatis	
6-26	611-621	affiimatur	
6-27	621-622	,	
6-28	623-631	protinus	
6-29	632-637	ipfis	
6-30	638-646	videatur	
6-31	646-647	,	
6-32	648-650	ac	
6-33	651-653	fi	
6-34	654-659	omnes	
6-35	660-668	fpiritus	
6-36	669-680	euaporantes	
6-37	681-692	retineantur	
6-38	693-695	et	
6-39	696-707	coerceantur	
6-40	707-708	.	

#Text=Camphoratus.
7-1	709-720	Camphoratus	
7-2	720-721	.	

#Text=E. odor dum terram fubtilcm figentem i. e, nisus neruorum versus Centrum augentem ipfis applicat, confortantem sensum exhibet.
#Text=i Non ita multum diftat, Odor aromaticus: hic fine dubio proprie fic dictum mercarium falis olei et 'igném falis olei in fe continet.
8-1	722-723	E	
8-2	723-724	.	
8-3	725-729	odor	
8-4	730-733	dum	
8-5	734-740	terram	
8-6	741-749	fubtilcm	
8-7	750-758	figentem	
8-8	759-760	i	
8-9	760-761	.	
8-10	762-763	e	
8-11	763-764	,	
8-12	765-770	nisus	
8-13	771-779	neruorum	
8-14	780-786	versus	
8-15	787-794	Centrum	
8-16	795-803	augentem	
8-17	804-809	ipfis	
8-18	810-818	applicat	
8-19	818-819	,	
8-20	820-832	confortantem	
8-21	833-839	sensum	
8-22	840-847	exhibet	
8-23	847-848	.	
8-24	849-850	i	
8-25	851-854	Non	
8-26	855-858	ita	
8-27	859-865	multum	
8-28	866-872	diftat	
8-29	872-873	,	
8-30	874-878	Odor	
8-31	879-889	aromaticus	
8-32	889-890	:	
8-33	891-894	hic	
8-34	895-899	fine	
8-35	900-905	dubio	
8-36	906-913	proprie	
8-37	914-917	fic	
8-38	918-924	dictum	
8-39	925-934	mercarium	
8-40	935-940	falis	
8-41	941-945	olei	
8-42	946-948	et	
8-43	949-950	'	
8-44	950-955	igném	
8-45	956-961	falis	
8-46	962-966	olei	
8-47	967-969	in	
8-48	970-972	fe	
8-49	973-981	continet	
8-50	981-982	.	

#Text=Non fal' abundat, non aqua, nec terra, fed fal volatile oleofum tenuiffimum fed multo igne refertum.
9-1	983-986	Non	
9-2	987-990	fal	
9-3	990-991	'	
9-4	992-999	abundat	
9-5	999-1000	,	
9-6	1001-1004	non	
9-7	1005-1009	aqua	
9-8	1009-1010	,	
9-9	1011-1014	nec	
9-10	1015-1020	terra	
9-11	1020-1021	,	
9-12	1022-1025	fed	
9-13	1026-1029	fal	
9-14	1030-1038	volatile	
9-15	1039-1046	oleofum	
9-16	1047-1058	tenuiffimum	
9-17	1059-1062	fed	
9-18	1063-1068	multo	
9-19	1069-1073	igne	
9-20	1074-1082	refertum	
9-21	1082-1083	.	

#Text=Hinc huius materiae omnes multum olei aetherei largiuntur: plurimafaporem acrem continent et calorem infigniter augent: fed 'numne haec fine fale volatili oleoso-acido igneo cogitari poffunt?
10-1	1084-1088	Hinc	
10-2	1089-1094	huius	
10-3	1095-1103	materiae	
10-4	1104-1109	omnes	
10-5	1110-1116	multum	
10-6	1117-1121	olei	
10-7	1122-1130	aetherei	
10-8	1131-1141	largiuntur	
10-9	1141-1142	:	
10-10	1143-1157	plurimafaporem	
10-11	1158-1163	acrem	
10-12	1164-1173	continent	
10-13	1174-1176	et	
10-14	1177-1184	calorem	
10-15	1185-1195	infigniter	
10-16	1196-1202	augent	
10-17	1202-1203	:	
10-18	1204-1207	fed	
10-19	1208-1209	'	
10-20	1209-1214	numne	
10-21	1215-1219	haec	
10-22	1220-1224	fine	
10-23	1225-1229	fale	
10-24	1230-1238	volatili	
10-25	1239-1251	oleoso-acido	
10-26	1252-1257	igneo	
10-27	1258-1266	cogitari	
10-28	1267-1274	poffunt	
10-29	1274-1275	?	

#Text=Sal vero ipsum effentiale in his oleis diuerfum eft fc.
#Text=est vel magis tenue et tartareum vel vinofum magis vet magis cogens et ad lignorum acidum accedens.
11-1	1276-1279	Sal	
11-2	1280-1284	vero	
11-3	1285-1290	ipsum	
11-4	1291-1301	effentiale	
11-5	1302-1304	in	
11-6	1305-1308	his	
11-7	1309-1314	oleis	
11-8	1315-1323	diuerfum	
11-9	1324-1327	eft	
11-10	1328-1330	fc	
11-11	1330-1331	.	
11-12	1332-1335	est	
11-13	1336-1339	vel	
11-14	1340-1345	magis	
11-15	1346-1351	tenue	
11-16	1352-1354	et	
11-17	1355-1364	tartareum	
11-18	1365-1368	vel	
11-19	1369-1376	vinofum	
11-20	1377-1382	magis	
11-21	1383-1386	vet	
11-22	1387-1392	magis	
11-23	1393-1399	cogens	
11-24	1400-1402	et	
11-25	1403-1405	ad	
11-26	1406-1414	lignorum	
11-27	1415-1421	acidum	
11-28	1422-1430	accedens	
11-29	1430-1431	.	

#Text=Sed dantur etiam aromata blanda et his adfcribitur Odor am.
#Text=brosiacus."
12-1	1432-1435	Sed	
12-2	1436-1442	dantur	
12-3	1443-1448	etiam	
12-4	1449-1456	aromata	
12-5	1457-1463	blanda	
12-6	1464-1466	et	
12-7	1467-1470	his	
12-8	1471-1482	adfcribitur	
12-9	1483-1487	Odor	
12-10	1488-1490	am	
12-11	1490-1491	.	
12-12	1492-1501	brosiacus	
12-13	1501-1502	.	
12-14	1502-1503	"	

#Text=In his omnes odoratu aquae vires mucilaginosas et falino- inflammábiles distinguere poflunt.
13-1	1504-1506	In	
13-2	1507-1510	his	
13-3	1511-1516	omnes	
13-4	1517-1524	odoratu	
13-5	1525-1530	aquae	
13-6	1531-1536	vires	
13-7	1537-1550	mucilaginosas	
13-8	1551-1553	et	
13-9	1554-1560	falino	
13-10	1560-1561	-	
13-11	1562-1575	inflammábiles	
13-12	1576-1587	distinguere	
13-13	1588-1595	poflunt	
13-14	1595-1596	.	

#Text=Non acris est aromaticus, E. ignis non superat: fed tamen aromatici quid continet i. e. oleum aethereum diffolutum i. e. fal olei est blandum et blandities cogitari non potest sine aquae 'et terrae viribus i. e. fine viscoso E.
14-1	1597-1600	Non	
14-2	1601-1606	acris	
14-3	1607-1610	est	
14-4	1611-1621	aromaticus	
14-5	1621-1622	,	
14-6	1623-1624	E	
14-7	1624-1625	.	
14-8	1626-1631	ignis	
14-9	1632-1635	non	
14-10	1636-1643	superat	
14-11	1643-1644	:	
14-12	1645-1648	fed	
14-13	1649-1654	tamen	
14-14	1655-1664	aromatici	
14-15	1665-1669	quid	
14-16	1670-1678	continet	
14-17	1679-1680	i	
14-18	1680-1681	.	
14-19	1682-1683	e	
14-20	1683-1684	.	
14-21	1685-1690	oleum	
14-22	1691-1700	aethereum	
14-23	1701-1711	diffolutum	
14-24	1712-1713	i	
14-25	1713-1714	.	
14-26	1715-1716	e	
14-27	1716-1717	.	
14-28	1718-1721	fal	
14-29	1722-1726	olei	
14-30	1727-1730	est	
14-31	1731-1738	blandum	
14-32	1739-1741	et	
14-33	1742-1752	blandities	
14-34	1753-1761	cogitari	
14-35	1762-1765	non	
14-36	1766-1772	potest	
14-37	1773-1777	sine	
14-38	1778-1783	aquae	
14-39	1784-1785	'	
14-40	1785-1787	et	
14-41	1788-1794	terrae	
14-42	1795-1802	viribus	
14-43	1803-1804	i	
14-44	1804-1805	.	
14-45	1806-1807	e	
14-46	1807-1808	.	
14-47	1809-1813	fine	
14-48	1814-1821	viscoso	
14-49	1822-1823	E	
14-50	1823-1824	.	
