#FORMAT=WebAnno TSV 3.3
#T_SP=custom.Span|label
#T_RL=custom.Relation|label|BT_custom.Span


#Text=Traubenbeers.
1-1	2-14	Traubenbeers	_	_	_	
1-2	14-15	.	_	_	_	

#Text=Dieſe Frucht-
#Text=taͤſchlein des Amomi, ſind außwendig mit
#Text=gantz ſubtilen faͤſerlein/ oder nerven/ wie
#Text=auch mit holen linien geſtreiffelt und gezie-
#Text=ret.
2-1	16-21	Dieſe	_	_	_	
2-2	22-28	Frucht	_	_	_	
2-3	28-29	-	_	_	_	
2-4	30-40	taͤſchlein	_	_	_	
2-5	41-44	des	_	_	_	
2-6	45-50	Amomi	_	_	_	
2-7	50-51	,	_	_	_	
2-8	52-56	ſind	_	_	_	
2-9	57-66	außwendig	_	_	_	
2-10	67-70	mit	_	_	_	
2-11	71-76	gantz	_	_	_	
2-12	77-85	ſubtilen	_	_	_	
2-13	86-96	faͤſerlein	_	_	_	
2-14	96-97	/	_	_	_	
2-15	98-102	oder	_	_	_	
2-16	103-109	nerven	_	_	_	
2-17	109-110	/	_	_	_	
2-18	111-114	wie	_	_	_	
2-19	115-119	auch	_	_	_	
2-20	120-123	mit	_	_	_	
2-21	124-129	holen	_	_	_	
2-22	130-136	linien	_	_	_	
2-23	137-149	geſtreiffelt	_	_	_	
2-24	150-153	und	_	_	_	
2-25	154-159	gezie	_	_	_	
2-26	159-160	-	_	_	_	
2-27	161-164	ret	_	_	_	
2-28	164-165	.	_	_	_	

#Text=Jn ſolchen Beeren allen ſtecken drey
#Text=reihen Samen/
#Text=welche eckicht/ und mit duͤn-
#Text=nen haͤutlein umbgeben/ auch dicht auff
#Text=
#Text=einander ligen/ daß ſie nicht groͤſſer ſchei-
#Text=nen als drey eintzele ablange Samen.
3-1	166-168	Jn	_	_	_	
3-2	169-176	ſolchen	_	_	_	
3-3	177-183	Beeren	_	_	_	
3-4	184-189	allen	_	_	_	
3-5	190-197	ſtecken	_	_	_	
3-6	198-202	drey	_	_	_	
3-7	203-209	reihen	_	_	_	
3-8	210-215	Samen	_	_	_	
3-9	215-216	/	_	_	_	
3-10	217-223	welche	_	_	_	
3-11	224-231	eckicht	_	_	_	
3-12	231-232	/	_	_	_	
3-13	233-236	und	_	_	_	
3-14	237-240	mit	_	_	_	
3-15	241-245	duͤn	_	_	_	
3-16	245-246	-	_	_	_	
3-17	247-250	nen	_	_	_	
3-18	251-260	haͤutlein	_	_	_	
3-19	261-269	umbgeben	_	_	_	
3-20	269-270	/	_	_	_	
3-21	271-275	auch	_	_	_	
3-22	276-281	dicht	_	_	_	
3-23	282-286	auff	_	_	_	
3-24	288-296	einander	_	_	_	
3-25	297-302	ligen	_	_	_	
3-26	302-303	/	_	_	_	
3-27	304-307	daß	_	_	_	
3-28	308-311	ſie	_	_	_	
3-29	312-317	nicht	_	_	_	
3-30	318-326	groͤſſer	_	_	_	
3-31	327-332	ſchei	_	_	_	
3-32	332-333	-	_	_	_	
3-33	334-337	nen	_	_	_	
3-34	338-341	als	_	_	_	
3-35	342-346	drey	_	_	_	
3-36	347-355	eintzele	_	_	_	
3-37	356-363	ablange	_	_	_	
3-38	364-369	Samen	_	_	_	
3-39	369-370	.	_	_	_	

#Text=Die
#Text=farb dieſer Beeren/
#Text=gleich wie auch des Hol-
#Text=tzes iſt in etlichen weiß/ in anderen bleich/ in
#Text=den dritten etwas braunroth.
4-1	371-374	Die	_	_	_	
4-2	375-379	farb	_	_	_	
4-3	380-386	dieſer	_	_	_	
4-4	387-393	Beeren	_	_	_	
4-5	393-394	/	_	_	_	
4-6	395-401	gleich	_	_	_	
4-7	402-405	wie	_	_	_	
4-8	406-410	auch	_	_	_	
4-9	411-414	des	_	_	_	
4-10	415-418	Hol	_	_	_	
4-11	418-419	-	_	_	_	
4-12	420-424	tzes	_	_	_	
4-13	425-428	iſt	_	_	_	
4-14	429-431	in	_	_	_	
4-15	432-440	etlichen	_	_	_	
4-16	441-445	weiß	_	_	_	
4-17	445-446	/	_	_	_	
4-18	447-449	in	_	_	_	
4-19	450-457	anderen	_	_	_	
4-20	458-464	bleich	_	_	_	
4-21	464-465	/	_	_	_	
4-22	466-468	in	_	_	_	
4-23	469-472	den	_	_	_	
4-24	473-480	dritten	_	_	_	
4-25	481-486	etwas	_	_	_	
4-26	487-496	braunroth	_	_	_	
4-27	496-497	.	_	_	_	

#Text=Jn den weiſ-
#Text=ſen Fruͤchten ſind die Samen gemeiniglich
#Text=
#Text=nichts nutz;
#Text=in den braunrothen aber ſind
#Text=ſie gut/ von auſſen ſchwartzbraun/ von in-
#Text=nen aber weiß/
#Text=ſatt/ leicht zerbruͤchlich/ ei-
#Text=nes ſtarcken nicht unlieblichen geruchs/ ja
#Text=dem Geruch deß gemeinen Lavendels nicht
#Text=unaͤhnlich;
#Text=die außgehobenen Samen rie-
#Text=chen hefftiger/ aber nicht mehr ſo angenehm.
5-1	498-500	Jn	_	_	_	
5-2	501-504	den	_	_	_	
5-3	505-509	weiſ	_	_	_	
5-4	509-510	-	_	_	_	
5-5	511-514	ſen	_	_	_	
5-6	515-524	Fruͤchten	_	_	_	
5-7	525-529	ſind	_	_	_	
5-8	530-533	die	_	_	_	
5-9	534-539	Samen	Smell\_Source	_	_	
5-10	540-552	gemeiniglich	_	_	_	
5-11	554-560	nichts	_	_	_	
5-12	561-565	nutz	_	_	_	
5-13	565-566	;	_	_	_	
5-14	567-569	in	_	_	_	
5-15	570-573	den	_	_	_	
5-16	574-585	braunrothen	_	_	_	
5-17	586-590	aber	_	_	_	
5-18	591-595	ſind	_	_	_	
5-19	596-599	ſie	_	_	_	
5-20	600-603	gut	_	_	_	
5-21	603-604	/	_	_	_	
5-22	605-608	von	_	_	_	
5-23	609-615	auſſen	_	_	_	
5-24	616-629	ſchwartzbraun	_	_	_	
5-25	629-630	/	_	_	_	
5-26	631-634	von	_	_	_	
5-27	635-637	in	_	_	_	
5-28	637-638	-	_	_	_	
5-29	639-642	nen	_	_	_	
5-30	643-647	aber	_	_	_	
5-31	648-652	weiß	_	_	_	
5-32	652-653	/	_	_	_	
5-33	654-658	ſatt	_	_	_	
5-34	658-659	/	_	_	_	
5-35	660-666	leicht	_	_	_	
5-36	667-680	zerbruͤchlich	_	_	_	
5-37	680-681	/	_	_	_	
5-38	682-684	ei	_	_	_	
5-39	684-685	-	_	_	_	
5-40	686-689	nes	_	_	_	
5-41	690-698	ſtarcken	Quality	_	_	
5-42	699-704	nicht	Quality[1]	_	_	
5-43	705-717	unlieblichen	Quality[1]	_	_	
5-44	718-725	geruchs	Smell\_Word	*|*|*|*	5-9|5-41|5-42[1_0]|5-47[2_0]	
5-45	725-726	/	_	_	_	
5-46	727-729	ja	_	_	_	
5-47	730-733	dem	Evoked\_Odorant[2]	_	_	
5-48	734-740	Geruch	Evoked\_Odorant[2]|Smell\_Word[3]	_	_	
5-49	741-744	deß	Evoked\_Odorant[2]	_	_	
5-50	745-753	gemeinen	Evoked\_Odorant[2]|*[4]	_	_	
5-51	754-763	Lavendels	Evoked\_Odorant[2]|*[4]	_	_	
5-52	764-769	nicht	Evoked\_Odorant[2]	_	_	
5-53	770-780	unaͤhnlich	Evoked\_Odorant[2]	_	_	
5-54	780-781	;	_	_	_	
5-55	782-785	die	_	_	_	
5-56	786-798	außgehobenen	Smell\_Source[5]	_	_	
5-57	799-804	Samen	Smell\_Source[5]	_	_	
5-58	805-808	rie	Smell\_Word[6]	*|*|*	5-56[5_6]|5-61[0_6]|5-64[7_6]	
5-59	808-809	-	Smell\_Word[6]	_	_	
5-60	810-814	chen	Smell\_Word[6]	_	_	
5-61	815-824	hefftiger	Quality	_	_	
5-62	824-825	/	_	_	_	
5-63	826-830	aber	_	_	_	
5-64	831-836	nicht	Quality[7]	_	_	
5-65	837-841	mehr	Quality[7]	_	_	
5-66	842-844	ſo	Quality[7]	_	_	
5-67	845-853	angenehm	Quality[7]	_	_	
5-68	853-854	.	_	_	_	

#Text=II.
6-1	857-859	II	_	_	_	
6-2	859-860	.	_	_	_	

#Text=Das ander Geſchlecht iſt das Amo-
#Text=mum ſpurium, Ger.
7-1	861-864	Das	_	_	_	
7-2	865-870	ander	_	_	_	
7-3	871-881	Geſchlecht	_	_	_	
7-4	882-885	iſt	_	_	_	
7-5	886-889	das	_	_	_	
7-6	890-893	Amo	_	_	_	
7-7	893-894	-	_	_	_	
7-8	895-898	mum	_	_	_	
7-9	899-906	ſpurium	_	_	_	
7-10	906-907	,	_	_	_	
7-11	908-911	Ger	_	_	_	
7-12	911-912	.	_	_	_	

#Text=Park.
8-1	913-917	Park	_	_	_	
8-2	917-918	.	_	_	_	

#Text=Amomum ſpurium
#Text=folioſum, C.
9-1	919-925	Amomum	_	_	_	
9-2	926-933	ſpurium	_	_	_	
9-3	934-942	folioſum	_	_	_	
9-4	942-943	,	_	_	_	
9-5	944-945	C	_	_	_	
9-6	945-946	.	_	_	_	

#Text=B.
10-1	947-948	B	_	_	_	
10-2	948-949	.	_	_	_	

#Text=Hamama Arabibus, i. e.
11-1	950-956	Hamama	_	_	_	
11-2	957-965	Arabibus	_	_	_	
11-3	965-966	,	_	_	_	
11-4	967-968	i	_	_	_	
11-5	968-969	.	_	_	_	
11-6	970-971	e	_	_	_	
11-7	971-972	.	_	_	_	

#Text=Rex
#Text=columbinus.
12-1	973-976	Rex	_	_	_	
12-2	977-987	columbinus	_	_	_	
12-3	987-988	.	_	_	_	

#Text=Amomum verum quorundam.
13-1	989-995	Amomum	_	_	_	
13-2	996-1001	verum	_	_	_	
13-3	1002-1011	quorundam	_	_	_	
13-4	1011-1012	.	_	_	_	

#Text=I.
14-1	1014-1015	I	_	_	_	
14-2	1015-1016	.	_	_	_	

#Text=B.
15-1	1017-1018	B	_	_	_	
15-2	1018-1019	.	_	_	_	

#Text=Dieſes Gewuͤrtz iſt von Johanne Bauhi-
#Text=no in der geſtalt der Aehre deß
#Text=Arabiſchen
16-1	1020-1026	Dieſes	_	_	_	
16-2	1027-1035	Gewuͤrtz	_	_	_	
16-3	1036-1039	iſt	_	_	_	
16-4	1040-1043	von	_	_	_	
16-5	1044-1051	Johanne	_	_	_	
16-6	1052-1057	Bauhi	_	_	_	
16-7	1057-1058	-	_	_	_	
16-8	1059-1061	no	_	_	_	
16-9	1062-1064	in	_	_	_	
16-10	1065-1068	der	_	_	_	
16-11	1069-1076	geſtalt	_	_	_	
16-12	1077-1080	der	_	_	_	
16-13	1081-1086	Aehre	_	_	_	
16-14	1087-1090	deß	_	_	_	
16-15	1091-1101	Arabiſchen	_	_	_	
