#FORMAT=WebAnno TSV 3.3
#T_SP=custom.Span|label
#T_RL=custom.Relation|label|BT_custom.Span


#Text=wohlfeiler, welches aber daher kommt,
#Text=daß ſie nichts als Terpentinoͤl, dem ſie
#Text=mit ein wenig Peteroͤle eine Farbe wie
#Text=Agtſtein gegeben, verkauffen.
1-1	3-13	wohlfeiler	_	_	_	
1-2	13-14	,	_	_	_	
1-3	15-22	welches	_	_	_	
1-4	23-27	aber	_	_	_	
1-5	28-33	daher	_	_	_	
1-6	34-39	kommt	_	_	_	
1-7	39-40	,	_	_	_	
1-8	41-44	daß	_	_	_	
1-9	45-48	ſie	_	_	_	
1-10	49-55	nichts	_	_	_	
1-11	56-59	als	_	_	_	
1-12	60-72	Terpentinoͤl	_	_	_	
1-13	72-73	,	_	_	_	
1-14	74-77	dem	_	_	_	
1-15	78-81	ſie	_	_	_	
1-16	82-85	mit	_	_	_	
1-17	86-89	ein	_	_	_	
1-18	90-95	wenig	_	_	_	
1-19	96-105	Peteroͤle	_	_	_	
1-20	106-110	eine	_	_	_	
1-21	111-116	Farbe	_	_	_	
1-22	117-120	wie	_	_	_	
1-23	121-129	Agtſtein	_	_	_	
1-24	130-137	gegeben	_	_	_	
1-25	137-138	,	_	_	_	
1-26	139-149	verkauffen	_	_	_	
1-27	149-150	.	_	_	_	

#Text=Doch iſt
#Text=dieſe Schelmerey gar bald zu mercken,
#Text=dieweil das Spicoͤl weiß ſeyn muß, eines
#Text=ziemlich aromatiſchen Geruchs, und ein-
#Text=tzig und allein die Sandaraca
#Text=aufzuloͤ-
#Text=ſen vermoͤgend.
2-1	151-155	Doch	_	_	_	
2-2	156-159	iſt	_	_	_	
2-3	160-165	dieſe	_	_	_	
2-4	166-176	Schelmerey	_	_	_	
2-5	177-180	gar	_	_	_	
2-6	181-185	bald	_	_	_	
2-7	186-188	zu	_	_	_	
2-8	189-196	mercken	_	_	_	
2-9	196-197	,	_	_	_	
2-10	198-205	dieweil	_	_	_	
2-11	206-209	das	_	_	_	
2-12	210-217	Spicoͤl	Smell\_Source	_	_	
2-13	218-222	weiß	_	_	_	
2-14	223-227	ſeyn	_	_	_	
2-15	228-231	muß	_	_	_	
2-16	231-232	,	_	_	_	
2-17	233-238	eines	_	_	_	
2-18	239-247	ziemlich	Quality[1]	_	_	
2-19	248-260	aromatiſchen	Quality[1]	_	_	
2-20	261-268	Geruchs	Smell\_Word	*|*	2-18[1_0]|2-12	
2-21	268-269	,	_	_	_	
2-22	270-273	und	_	_	_	
2-23	274-277	ein	_	_	_	
2-24	277-278	-	_	_	_	
2-25	279-283	tzig	_	_	_	
2-26	284-287	und	_	_	_	
2-27	288-294	allein	_	_	_	
2-28	295-298	die	_	_	_	
2-29	299-308	Sandaraca	_	_	_	
2-30	309-317	aufzuloͤ	_	_	_	
2-31	317-318	-	_	_	_	
2-32	319-322	ſen	_	_	_	
2-33	323-333	vermoͤgend	_	_	_	
2-34	333-334	.	_	_	_	

#Text=Es iſt dieſes Oel vielerley Leuten dien-
#Text=lich, z.
3-1	339-341	Es	_	_	_	
3-2	342-345	iſt	_	_	_	
3-3	346-352	dieſes	_	_	_	
3-4	353-356	Oel	_	_	_	
3-5	357-366	vielerley	_	_	_	
3-6	367-373	Leuten	_	_	_	
3-7	374-378	dien	_	_	_	
3-8	378-379	-	_	_	_	
3-9	380-384	lich	_	_	_	
3-10	384-385	,	_	_	_	
3-11	386-387	z	_	_	_	
3-12	387-388	.	_	_	_	

#Text=E. denen
#Text=Mahlern, Schmieden
#Text=
#Text=und andern.
4-1	389-390	E	_	_	_	
4-2	390-391	.	_	_	_	
4-3	392-397	denen	_	_	_	
4-4	398-405	Mahlern	_	_	_	
4-5	405-406	,	_	_	_	
4-6	407-416	Schmieden	_	_	_	
4-7	418-421	und	_	_	_	
4-8	422-428	andern	_	_	_	
4-9	428-429	.	_	_	_	

#Text=Auch hat es einigen Nu-
#Text=
#Text=tzen in der Medicin, weil es nicht nur un-
#Text=terſchiedene Arten der Schaͤden und
#Text=Kranckheiten zu heilen vermag, ſondern
#Text=auch, weil es zu vielen Galeniſchen com-
#Text=poſitionen genommen wird.
5-1	430-434	Auch	_	_	_	
5-2	435-438	hat	_	_	_	
5-3	439-441	es	_	_	_	
5-4	442-449	einigen	_	_	_	
5-5	450-452	Nu	_	_	_	
5-6	452-453	-	_	_	_	
5-7	455-459	tzen	_	_	_	
5-8	460-462	in	_	_	_	
5-9	463-466	der	_	_	_	
5-10	467-474	Medicin	_	_	_	
5-11	474-475	,	_	_	_	
5-12	476-480	weil	_	_	_	
5-13	481-483	es	_	_	_	
5-14	484-489	nicht	_	_	_	
5-15	490-493	nur	_	_	_	
5-16	494-496	un	_	_	_	
5-17	496-497	-	_	_	_	
5-18	498-510	terſchiedene	_	_	_	
5-19	511-516	Arten	_	_	_	
5-20	517-520	der	_	_	_	
5-21	521-529	Schaͤden	_	_	_	
5-22	530-533	und	_	_	_	
5-23	534-546	Kranckheiten	_	_	_	
5-24	547-549	zu	_	_	_	
5-25	550-556	heilen	_	_	_	
5-26	557-563	vermag	_	_	_	
5-27	563-564	,	_	_	_	
5-28	565-572	ſondern	_	_	_	
5-29	573-577	auch	_	_	_	
5-30	577-578	,	_	_	_	
5-31	579-583	weil	_	_	_	
5-32	584-586	es	_	_	_	
5-33	587-589	zu	_	_	_	
5-34	590-596	vielen	_	_	_	
5-35	597-608	Galeniſchen	_	_	_	
5-36	609-612	com	_	_	_	
5-37	612-613	-	_	_	_	
5-38	614-624	poſitionen	_	_	_	
5-39	625-633	genommen	_	_	_	
5-40	634-638	wird	_	_	_	
5-41	638-639	.	_	_	_	

#Text=Auch laſſen wir von eben denenſelben
#Text=Orten Lavendel-Majoran-Thy-
#Text=mian-Salbey- und andere Oele von
#Text=aromatiſchen Kraͤutern bringen.
6-1	643-647	Auch	_	_	_	
6-2	648-654	laſſen	_	_	_	
6-3	655-658	wir	_	_	_	
6-4	659-662	von	_	_	_	
6-5	663-667	eben	_	_	_	
6-6	668-679	denenſelben	_	_	_	
6-7	680-685	Orten	_	_	_	
6-8	686-706	Lavendel-Majoran-Thy	_	_	_	
6-9	706-707	-	_	_	_	
6-10	708-719	mian-Salbey	_	_	_	
6-11	719-720	-	_	_	_	
6-12	721-724	und	_	_	_	
6-13	725-731	andere	_	_	_	
6-14	732-736	Oele	_	_	_	
6-15	737-740	von	_	_	_	
6-16	741-753	aromatiſchen	_	_	_	
6-17	754-763	Kraͤutern	_	_	_	
6-18	764-771	bringen	_	_	_	
6-19	771-772	.	_	_	_	

#Text=Doch
#Text=hievon kan ich keine beſſere Kundſchaft
#Text=
#Text=mittheilen, als daß man ſich zu redlichen
#Text=Leuten halten ſolle, denn es iſt allzu-
#Text=ſchwer, wenn man ſie iemand will ken-
#Text=nen lernen, indem eines dem an-
#Text=dern an Geruch und Farbe nahe genug
#Text=koͤmmt.
7-1	773-777	Doch	_	_	_	
7-2	778-784	hievon	_	_	_	
7-3	785-788	kan	_	_	_	
7-4	789-792	ich	_	_	_	
7-5	793-798	keine	_	_	_	
7-6	799-806	beſſere	_	_	_	
7-7	807-817	Kundſchaft	_	_	_	
7-8	819-829	mittheilen	_	_	_	
7-9	829-830	,	_	_	_	
7-10	831-834	als	_	_	_	
7-11	835-838	daß	_	_	_	
7-12	839-842	man	_	_	_	
7-13	843-847	ſich	_	_	_	
7-14	848-850	zu	_	_	_	
7-15	851-860	redlichen	_	_	_	
7-16	861-867	Leuten	_	_	_	
7-17	868-874	halten	_	_	_	
7-18	875-880	ſolle	_	_	_	
7-19	880-881	,	_	_	_	
7-20	882-886	denn	_	_	_	
7-21	887-889	es	_	_	_	
7-22	890-893	iſt	_	_	_	
7-23	894-899	allzu	_	_	_	
7-24	899-900	-	_	_	_	
7-25	901-907	ſchwer	_	_	_	
7-26	907-908	,	_	_	_	
7-27	909-913	wenn	_	_	_	
7-28	914-917	man	_	_	_	
7-29	918-921	ſie	_	_	_	
7-30	922-928	iemand	_	_	_	
7-31	929-933	will	_	_	_	
7-32	934-937	ken	_	_	_	
7-33	937-938	-	_	_	_	
7-34	939-942	nen	_	_	_	
7-35	943-949	lernen	_	_	_	
7-36	949-950	,	_	_	_	
7-37	951-956	indem	_	_	_	
7-38	957-962	eines	_	_	_	
7-39	963-966	dem	_	_	_	
7-40	967-969	an	_	_	_	
7-41	969-970	-	_	_	_	
7-42	971-975	dern	_	_	_	
7-43	976-978	an	_	_	_	
7-44	979-985	Geruch	Smell\_Word	_	_	
7-45	986-989	und	_	_	_	
7-46	990-995	Farbe	_	_	_	
7-47	996-1000	nahe	_	_	_	
7-48	1001-1006	genug	_	_	_	
7-49	1007-1013	koͤmmt	_	_	_	
7-50	1013-1014	.	_	_	_	

#Text=Allerley di-
#Text=ſtillirte Oele.
8-1	1018-1026	Allerley	_	_	_	
8-2	1027-1029	di	_	_	_	
8-3	1029-1030	-	_	_	_	
8-4	1031-1040	ſtillirte	_	_	_	
8-5	1041-1045	Oele	_	_	_	
8-6	1045-1046	.	_	_	_	

#Text=Das neundte Capitel.
9-1	1050-1053	Das	_	_	_	
9-2	1054-1061	neundte	_	_	_	
9-3	1062-1069	Capitel	_	_	_	
9-4	1069-1070	.	_	_	_	

#Text=Von der Thymſeide
#Text=.
10-1	1073-1076	Von	_	_	_	
10-2	1077-1080	der	_	_	_	
10-3	1081-1090	Thymſeide	_	_	_	
10-4	1091-1092	.	_	_	_	
