#FORMAT=WebAnno TSV 3.3


#Text=Horizon physicus.
1-1	3-10	Horizon	
1-2	11-19	physicus	
1-3	19-20	.	

#Text=vande bovecant der Son tottet punt
#Text=Huyterste des natuerlicken sichteinders, en
#Text=gherakende den eertcloot an C.
2-1	22-27	vande	
2-2	28-36	bovecant	
2-3	37-40	der	
2-4	41-44	Son	
2-5	45-51	tottet	
2-6	52-56	punt	
2-7	57-66	Huyterste	
2-8	67-70	des	
2-9	71-83	natuerlicken	
2-10	84-96	sichteinders	
2-11	96-97	,	
2-12	98-100	en	
2-13	101-111	gherakende	
2-14	112-115	den	
2-15	116-125	eertcloot	
2-16	126-128	an	
2-17	129-130	C	
2-18	130-131	.	

#Text=T'welck soo wesende, t'sal int begin des dagheraets
#Text=sijn, om de redenen verclaert inde 3 form des 1 voorstels:
#Text=Ende alsdan sy de leeghde
#Text=des middelpunts der Son onder den sichteinder (om t'voorbeelt van Allacen te
#Text=volghen)
#Text=19 tr.
3-1	132-139	T'welck	
3-2	140-143	soo	
3-3	144-151	wesende	
3-4	151-152	,	
3-5	153-158	t'sal	
3-6	159-162	int	
3-7	163-168	begin	
3-8	169-172	des	
3-9	173-183	dagheraets	
3-10	184-188	sijn	
3-11	188-189	,	
3-12	190-192	om	
3-13	193-195	de	
3-14	196-203	redenen	
3-15	204-213	verclaert	
3-16	214-218	inde	
3-17	219-220	3	
3-18	221-225	form	
3-19	226-229	des	
3-20	230-231	1	
3-21	232-241	voorstels	
3-22	241-242	:	
3-23	243-247	Ende	
3-24	248-254	alsdan	
3-25	255-257	sy	
3-26	258-260	de	
3-27	261-268	leeghde	
3-28	269-272	des	
3-29	273-284	middelpunts	
3-30	285-288	der	
3-31	289-292	Son	
3-32	293-298	onder	
3-33	299-302	den	
3-34	303-314	sichteinder	
3-35	315-316	(	
3-36	316-318	om	
3-37	319-330	t'voorbeelt	
3-38	331-334	van	
3-39	335-342	Allacen	
3-40	343-345	te	
3-41	346-353	volghen	
3-42	353-354	)	
3-43	355-357	19	
3-44	358-360	tr	
3-45	360-361	.	

#Text=En ghenomen de Sonnens grijp-
#Text=
#Text=Simon Stevin, Wisconstighe gedachtenissen.
4-1	362-364	En	
4-2	365-373	ghenomen	
4-3	374-376	de	
4-4	377-384	Sonnens	
4-5	385-390	grijp	
4-6	390-391	-	
4-7	393-398	Simon	
4-8	399-405	Stevin	
4-9	405-406	,	
4-10	407-419	Wisconstighe	
4-11	420-434	gedachtenissen	
4-12	434-435	.	

#Text=Deel 1: van 't weereltschrift
#Text=
#Text=\f77
#Text=
#Text=houck op 33 ①, ghelijckmen ghemeenlick doet, soo salt van haer middelpunt totten
#Text=bovecant
#Text=sijn 16 ① 30 ②, die den bovecant naerder den sichteinder is dan
#Text=t'middelpunt:
#Text=Sulcx dat de selve bovecant dan sijn sal 18 tr.
#Text=43 ① 30 ② onder den
#Text=sichteinder.
5-1	436-440	Deel	
5-2	441-442	1	
5-3	442-443	:	
5-4	444-447	van	
5-5	448-449	'	
5-6	449-450	t	
5-7	451-465	weereltschrift	
5-8	468-470	77	
5-9	472-477	houck	
5-10	478-480	op	
5-11	481-483	33	
5-12	484-485	①	
5-13	485-486	,	
5-14	487-498	ghelijckmen	
5-15	499-510	ghemeenlick	
5-16	511-515	doet	
5-17	515-516	,	
5-18	517-520	soo	
5-19	521-525	salt	
5-20	526-529	van	
5-21	530-534	haer	
5-22	535-545	middelpunt	
5-23	546-552	totten	
5-24	553-561	bovecant	
5-25	562-566	sijn	
5-26	567-569	16	
5-27	570-571	①	
5-28	572-574	30	
5-29	575-576	②	
5-30	576-577	,	
5-31	578-581	die	
5-32	582-585	den	
5-33	586-594	bovecant	
5-34	595-602	naerder	
5-35	603-606	den	
5-36	607-618	sichteinder	
5-37	619-621	is	
5-38	622-625	dan	
5-39	626-638	t'middelpunt	
5-40	638-639	:	
5-41	640-645	Sulcx	
5-42	646-649	dat	
5-43	650-652	de	
5-44	653-658	selve	
5-45	659-667	bovecant	
5-46	668-671	dan	
5-47	672-676	sijn	
5-48	677-680	sal	
5-49	681-683	18	
5-50	684-686	tr	
5-51	686-687	.	
5-52	688-690	43	
5-53	691-692	①	
5-54	693-695	30	
5-55	696-697	②	
5-56	698-703	onder	
5-57	704-707	den	
5-58	708-719	sichteinder	
5-59	719-720	.	

#Text=Daer na sy ghetrocken E B, en de selve recht voorwaert tot den damps
#Text=uyterste an L; sulcx dat E B is des Eertcloots halfmiddellijn, en B L de damphooghde.
6-1	721-725	Daer	
6-2	726-728	na	
6-3	729-731	sy	
6-4	732-742	ghetrocken	
6-5	743-744	E	
6-6	745-746	B	
6-7	746-747	,	
6-8	748-750	en	
6-9	751-753	de	
6-10	754-759	selve	
6-11	760-765	recht	
6-12	766-775	voorwaert	
6-13	776-779	tot	
6-14	780-783	den	
6-15	784-789	damps	
6-16	790-798	uyterste	
6-17	799-801	an	
6-18	802-803	L	
6-19	803-804	;	
6-20	805-810	sulcx	
6-21	811-814	dat	
6-22	815-816	E	
6-23	817-818	B	
6-24	819-821	is	
6-25	822-825	des	
6-26	826-836	Eertcloots	
6-27	837-851	halfmiddellijn	
6-28	851-852	,	
6-29	853-855	en	
6-30	856-857	B	
6-31	858-859	L	
6-32	860-862	de	
6-33	863-874	damphooghde	
6-34	874-875	.	

#Text=TBEGHEERDE.
7-1	877-887	TBEGHEERDE	
7-2	887-888	.	

#Text=Wy moeten de selve damphooghde B L vinden, in sulcke deelen alsser
#Text=de halfmiddellijn E B 10000000 doet.
8-1	889-891	Wy	
8-2	892-898	moeten	
8-3	899-901	de	
8-4	902-907	selve	
8-5	908-919	damphooghde	
8-6	920-921	B	
8-7	922-923	L	
8-8	924-930	vinden	
8-9	930-931	,	
8-10	932-934	in	
8-11	935-941	sulcke	
8-12	942-948	deelen	
8-13	949-955	alsser	
8-14	956-958	de	
8-15	959-973	halfmiddellijn	
8-16	974-975	E	
8-17	976-977	B	
8-18	978-986	10000000	
8-19	987-991	doet	
8-20	991-992	.	

#Text=Twerck.
9-1	995-1001	Twerck	
9-2	1001-1002	.	

#Text=Ick treck de lini E H, snyende den omtreck des Eertcloots in M:
#Text=T'welck soo sijnde,
#Text=de driehouck B E H heeft drie bekende palen, te weten de sijde E B 10000000, den
#Text=houck
#Text=E B H recht, en den houck B E H 9 tr.
#Text=21 ① 45 ② helft der ghegheven 18 tr.
#Text=
#Text=43 ① 30 ②, daer af wy hier onder de reden bewijsen sullen.
10-1	1005-1008	Ick	
10-2	1009-1014	treck	
10-3	1015-1017	de	
10-4	1018-1022	lini	
10-5	1023-1024	E	
10-6	1025-1026	H	
10-7	1026-1027	,	
10-8	1028-1035	snyende	
10-9	1036-1039	den	
10-10	1040-1047	omtreck	
10-11	1048-1051	des	
10-12	1052-1062	Eertcloots	
10-13	1063-1065	in	
10-14	1066-1067	M	
10-15	1067-1068	:	
10-16	1069-1076	T'welck	
10-17	1077-1080	soo	
10-18	1081-1087	sijnde	
10-19	1087-1088	,	
10-20	1089-1091	de	
10-21	1092-1101	driehouck	
10-22	1102-1103	B	
10-23	1104-1105	E	
10-24	1106-1107	H	
10-25	1108-1113	heeft	
10-26	1114-1118	drie	
10-27	1119-1126	bekende	
10-28	1127-1132	palen	
10-29	1132-1133	,	
10-30	1134-1136	te	
10-31	1137-1142	weten	
10-32	1143-1145	de	
10-33	1146-1151	sijde	
10-34	1152-1153	E	
10-35	1154-1155	B	
10-36	1156-1164	10000000	
10-37	1164-1165	,	
10-38	1166-1169	den	
10-39	1170-1175	houck	
10-40	1176-1177	E	
10-41	1178-1179	B	
10-42	1180-1181	H	
10-43	1182-1187	recht	
10-44	1187-1188	,	
10-45	1189-1191	en	
10-46	1192-1195	den	
10-47	1196-1201	houck	
10-48	1202-1203	B	
10-49	1204-1205	E	
10-50	1206-1207	H	
10-51	1208-1209	9	
10-52	1210-1212	tr	
10-53	1212-1213	.	
10-54	1214-1216	21	
10-55	1217-1218	①	
10-56	1219-1221	45	
10-57	1222-1223	②	
10-58	1224-1229	helft	
10-59	1230-1233	der	
10-60	1234-1243	ghegheven	
10-61	1244-1246	18	
10-62	1247-1249	tr	
10-63	1249-1250	.	
10-64	1252-1254	43	
10-65	1255-1256	①	
10-66	1257-1259	30	
10-67	1260-1261	②	
10-68	1261-1262	,	
10-69	1263-1267	daer	
10-70	1268-1270	af	
10-71	1271-1273	wy	
10-72	1274-1278	hier	
10-73	1279-1284	onder	
10-74	1285-1287	de	
10-75	1288-1293	reden	
10-76	1294-1302	bewijsen	
10-77	1303-1309	sullen	
10-78	1309-1310	.	
