#FORMAT=WebAnno TSV 3.3


#Text=de tyd, om enten of griffelen te maken, te snoeijen, en te
#Text=planten, het zy wynstokken, het zy boomen, het welk insgelyks niet dan in zekere
#Text=maanden geschied;
#Text=dit alles leert ons, en is gelyk als een onderwyzing der Natuur,
#Text=om wel acht te geven, wat de aarde vereischt, en op welken tyd zy het vereischt.
1-1	2-4	de	
1-2	5-8	tyd	
1-3	8-9	,	
1-4	10-12	om	
1-5	13-18	enten	
1-6	19-21	of	
1-7	22-31	griffelen	
1-8	32-34	te	
1-9	35-40	maken	
1-10	40-41	,	
1-11	42-44	te	
1-12	45-53	snoeijen	
1-13	53-54	,	
1-14	55-57	en	
1-15	58-60	te	
1-16	61-68	planten	
1-17	68-69	,	
1-18	70-73	het	
1-19	74-76	zy	
1-20	77-87	wynstokken	
1-21	87-88	,	
1-22	89-92	het	
1-23	93-95	zy	
1-24	96-102	boomen	
1-25	102-103	,	
1-26	104-107	het	
1-27	108-112	welk	
1-28	113-122	insgelyks	
1-29	123-127	niet	
1-30	128-131	dan	
1-31	132-134	in	
1-32	135-141	zekere	
1-33	142-149	maanden	
1-34	150-158	geschied	
1-35	158-159	;	
1-36	160-163	dit	
1-37	164-169	alles	
1-38	170-175	leert	
1-39	176-179	ons	
1-40	179-180	,	
1-41	181-183	en	
1-42	184-186	is	
1-43	187-192	gelyk	
1-44	193-196	als	
1-45	197-200	een	
1-46	201-212	onderwyzing	
1-47	213-216	der	
1-48	217-223	Natuur	
1-49	223-224	,	
1-50	225-227	om	
1-51	228-231	wel	
1-52	232-236	acht	
1-53	237-239	te	
1-54	240-245	geven	
1-55	245-246	,	
1-56	247-250	wat	
1-57	251-253	de	
1-58	254-259	aarde	
1-59	260-269	vereischt	
1-60	269-270	,	
1-61	271-273	en	
1-62	274-276	op	
1-63	277-283	welken	
1-64	284-287	tyd	
1-65	288-290	zy	
1-66	291-294	het	
1-67	295-304	vereischt	
1-68	304-305	.	

#Text=Hier
#Text=uit heb ik door een langduurige en nauwkeurige opmerking geleert, dat men omtrent
#Text=de boomen veel moet bezig zyn, het zy dezelve een ligte en drooge, het zy ze een
#Text=zware en vogtige grond hebben;
#Text=dog omtrent de eerste in regenachtig, omtrent de
#Text=laatste in warm weêr.
2-1	306-310	Hier	
2-2	311-314	uit	
2-3	315-318	heb	
2-4	319-321	ik	
2-5	322-326	door	
2-6	327-330	een	
2-7	331-342	langduurige	
2-8	343-345	en	
2-9	346-357	nauwkeurige	
2-10	358-367	opmerking	
2-11	368-375	geleert	
2-12	375-376	,	
2-13	377-380	dat	
2-14	381-384	men	
2-15	385-392	omtrent	
2-16	393-395	de	
2-17	396-402	boomen	
2-18	403-407	veel	
2-19	408-412	moet	
2-20	413-418	bezig	
2-21	419-422	zyn	
2-22	422-423	,	
2-23	424-427	het	
2-24	428-430	zy	
2-25	431-438	dezelve	
2-26	439-442	een	
2-27	443-448	ligte	
2-28	449-451	en	
2-29	452-458	drooge	
2-30	458-459	,	
2-31	460-463	het	
2-32	464-466	zy	
2-33	467-469	ze	
2-34	470-473	een	
2-35	474-479	zware	
2-36	480-482	en	
2-37	483-490	vogtige	
2-38	491-496	grond	
2-39	497-503	hebben	
2-40	503-504	;	
2-41	505-508	dog	
2-42	509-516	omtrent	
2-43	517-519	de	
2-44	520-526	eerste	
2-45	527-529	in	
2-46	530-541	regenachtig	
2-47	541-542	,	
2-48	543-550	omtrent	
2-49	551-553	de	
2-50	554-561	laatste	
2-51	562-564	in	
2-52	565-569	warm	
2-53	570-574	weêr	
2-54	574-575	.	

#Text=Deze menigvuldige bewerking der Aarde, van my tot hier toe aangewezen, baart
#Text=een zonderlinge nuttigheit; want behalven dat ze belet, dat een gedeelte der Aarde
#Text=door het geduurig voortbrengen van plantgewassen en andere vruchten, niet uitgeput
#Text=wordt, zoo veroorzaakt ze ook, dat allerlei
#Text=
#Text=M.
3-1	578-582	Deze	
3-2	583-595	menigvuldige	
3-3	596-605	bewerking	
3-4	606-609	der	
3-5	610-615	Aarde	
3-6	615-616	,	
3-7	617-620	van	
3-8	621-623	my	
3-9	624-627	tot	
3-10	628-632	hier	
3-11	633-636	toe	
3-12	637-647	aangewezen	
3-13	647-648	,	
3-14	649-654	baart	
3-15	655-658	een	
3-16	659-670	zonderlinge	
3-17	671-681	nuttigheit	
3-18	681-682	;	
3-19	683-687	want	
3-20	688-696	behalven	
3-21	697-700	dat	
3-22	701-703	ze	
3-23	704-709	belet	
3-24	709-710	,	
3-25	711-714	dat	
3-26	715-718	een	
3-27	719-727	gedeelte	
3-28	728-731	der	
3-29	732-737	Aarde	
3-30	738-742	door	
3-31	743-746	het	
3-32	747-755	geduurig	
3-33	756-768	voortbrengen	
3-34	769-772	van	
3-35	773-786	plantgewassen	
3-36	787-789	en	
3-37	790-796	andere	
3-38	797-805	vruchten	
3-39	805-806	,	
3-40	807-811	niet	
3-41	812-820	uitgeput	
3-42	821-826	wordt	
3-43	826-827	,	
3-44	828-831	zoo	
3-45	832-843	veroorzaakt	
3-46	844-846	ze	
3-47	847-850	ook	
3-48	850-851	,	
3-49	852-855	dat	
3-50	856-864	allerlei	
3-51	866-867	M	
3-52	867-868	.	

#Text=Noel Chomel, Huishoudelyk woordboek
#Text=
#Text=\f10
#Text=onkruid uitgeroeit en onder de Aarde bedolven zynde, den grond dieste vetter en
#Text=vruchtbaarder maakt.
4-1	869-873	Noel	
4-2	874-880	Chomel	
4-3	880-881	,	
4-4	882-894	Huishoudelyk	
4-5	895-904	woordboek	
4-6	907-909	10	
4-7	910-917	onkruid	
4-8	918-928	uitgeroeit	
4-9	929-931	en	
4-10	932-937	onder	
4-11	938-940	de	
4-12	941-946	Aarde	
4-13	947-955	bedolven	
4-14	956-961	zynde	
4-15	961-962	,	
4-16	963-966	den	
4-17	967-972	grond	
4-18	973-979	dieste	
4-19	980-986	vetter	
4-20	987-989	en	
4-21	990-1003	vruchtbaarder	
4-22	1004-1009	maakt	
4-23	1009-1010	.	

#Text=Edog dit alles is niet genoeg, ten zy tusschen beiden het onkruid,
#Text=het welk in het byzonder in den Zomer en Herfst het aardryk bedekt, uitgerukt en
#Text=gewiedt wordt, voor al eer het in ’t zaad schiet, ende het goede gewas verstikke.
5-1	1011-1015	Edog	
5-2	1016-1019	dit	
5-3	1020-1025	alles	
5-4	1026-1028	is	
5-5	1029-1033	niet	
5-6	1034-1040	genoeg	
5-7	1040-1041	,	
5-8	1042-1045	ten	
5-9	1046-1048	zy	
5-10	1049-1057	tusschen	
5-11	1058-1064	beiden	
5-12	1065-1068	het	
5-13	1069-1076	onkruid	
5-14	1076-1077	,	
5-15	1078-1081	het	
5-16	1082-1086	welk	
5-17	1087-1089	in	
5-18	1090-1093	het	
5-19	1094-1102	byzonder	
5-20	1103-1105	in	
5-21	1106-1109	den	
5-22	1110-1115	Zomer	
5-23	1116-1118	en	
5-24	1119-1125	Herfst	
5-25	1126-1129	het	
5-26	1130-1137	aardryk	
5-27	1138-1144	bedekt	
5-28	1144-1145	,	
5-29	1146-1155	uitgerukt	
5-30	1156-1158	en	
5-31	1159-1166	gewiedt	
5-32	1167-1172	wordt	
5-33	1172-1173	,	
5-34	1174-1178	voor	
5-35	1179-1181	al	
5-36	1182-1185	eer	
5-37	1186-1189	het	
5-38	1190-1192	in	
5-39	1193-1194	’	
5-40	1194-1195	t	
5-41	1196-1200	zaad	
5-42	1201-1207	schiet	
5-43	1207-1208	,	
5-44	1209-1213	ende	
5-45	1214-1217	het	
5-46	1218-1223	goede	
5-47	1224-1229	gewas	
5-48	1230-1239	verstikke	
5-49	1239-1240	.	

#Text=Ik moet hier als in ’t voorby gaan zeggen, dat wanneer de boomen bloeijen, en de
#Text=wyngaart begint uit te botten, de Aarde niet moet aangeraakt worden.
6-1	1243-1245	Ik	
6-2	1246-1250	moet	
6-3	1251-1255	hier	
6-4	1256-1259	als	
6-5	1260-1262	in	
6-6	1263-1264	’	
6-7	1264-1265	t	
6-8	1266-1272	voorby	
6-9	1273-1277	gaan	
6-10	1278-1284	zeggen	
6-11	1284-1285	,	
6-12	1286-1289	dat	
6-13	1290-1297	wanneer	
6-14	1298-1300	de	
6-15	1301-1307	boomen	
6-16	1308-1316	bloeijen	
6-17	1316-1317	,	
6-18	1318-1320	en	
6-19	1321-1323	de	
6-20	1324-1332	wyngaart	
6-21	1333-1339	begint	
6-22	1340-1343	uit	
6-23	1344-1346	te	
6-24	1347-1353	botten	
6-25	1353-1354	,	
6-26	1355-1357	de	
6-27	1358-1363	Aarde	
6-28	1364-1368	niet	
6-29	1369-1373	moet	
6-30	1374-1384	aangeraakt	
6-31	1385-1391	worden	
6-32	1391-1392	.	

#Text=De grond, in
#Text=de Lente versch omgespit, waassemt vele dampen uit, die op de minste vorst wit
#Text=worden, het welk in dat saizoen zeer gemeen is.
7-1	1393-1395	De	
7-2	1396-1401	grond	
7-3	1401-1402	,	
7-4	1403-1405	in	
7-5	1406-1408	de	
7-6	1409-1414	Lente	
7-7	1415-1421	versch	
7-8	1422-1430	omgespit	
7-9	1430-1431	,	
7-10	1432-1440	waassemt	
7-11	1441-1445	vele	
7-12	1446-1452	dampen	
7-13	1453-1456	uit	
7-14	1456-1457	,	
7-15	1458-1461	die	
7-16	1462-1464	op	
7-17	1465-1467	de	
7-18	1468-1474	minste	
7-19	1475-1480	vorst	
7-20	1481-1484	wit	
7-21	1485-1491	worden	
7-22	1491-1492	,	
7-23	1493-1496	het	
7-24	1497-1501	welk	
7-25	1502-1504	in	
7-26	1505-1508	dat	
7-27	1509-1516	saizoen	
7-28	1517-1521	zeer	
7-29	1522-1528	gemeen	
7-30	1529-1531	is	
7-31	1531-1532	.	

#Text=Deze dampen nu op de oppervlakte
#Text=der Aarde blyvende, bevogtigen ook de bloessem, die bygevolg door den opkomenden
#Text=vorst ook verslenst.
8-1	1533-1537	Deze	
8-2	1538-1544	dampen	
8-3	1545-1547	nu	
8-4	1548-1550	op	
8-5	1551-1553	de	
8-6	1554-1565	oppervlakte	
8-7	1566-1569	der	
8-8	1570-1575	Aarde	
8-9	1576-1584	blyvende	
8-10	1584-1585	,	
8-11	1586-1596	bevogtigen	
8-12	1597-1600	ook	
8-13	1601-1603	de	
8-14	1604-1612	bloessem	
8-15	1612-1613	,	
8-16	1614-1617	die	
8-17	1618-1626	bygevolg	
8-18	1627-1631	door	
8-19	1632-1635	den	
8-20	1636-1646	opkomenden	
8-21	1647-1652	vorst	
8-22	1653-1656	ook	
8-23	1657-1666	verslenst	
8-24	1666-1667	.	

#Text=Maar Aarde, in dat saizoen niet bewerkt, maar hebbende een
#Text=hardere oppervlakte, zal ook gene dampen uitwaassemen, en uit dien hoofde voor
#Text=de vorst niet bloot gelegt zyn.
9-1	1668-1672	Maar	
9-2	1673-1678	Aarde	
9-3	1678-1679	,	
9-4	1680-1682	in	
9-5	1683-1686	dat	
9-6	1687-1694	saizoen	
9-7	1695-1699	niet	
9-8	1700-1707	bewerkt	
9-9	1707-1708	,	
9-10	1709-1713	maar	
9-11	1714-1722	hebbende	
9-12	1723-1726	een	
9-13	1727-1734	hardere	
9-14	1735-1746	oppervlakte	
9-15	1746-1747	,	
9-16	1748-1751	zal	
9-17	1752-1755	ook	
9-18	1756-1760	gene	
9-19	1761-1767	dampen	
9-20	1768-1780	uitwaassemen	
9-21	1780-1781	,	
9-22	1782-1784	en	
9-23	1785-1788	uit	
9-24	1789-1793	dien	
9-25	1794-1800	hoofde	
9-26	1801-1805	voor	
9-27	1806-1808	de	
9-28	1809-1814	vorst	
9-29	1815-1819	niet	
9-30	1820-1825	bloot	
9-31	1826-1832	gelegt	
9-32	1833-1836	zyn	
9-33	1836-1837	.	

#Text=Uit het gene ik boven gezegt heb tot voortzetting van de vruchtbaarheit der boomen,
#Text=volgt, dat ik afkeure de gewoonte der genen, die of zaajen, of planten, het zy
#Text=moeskruiden, het zy aardbeziën, het zy eindelyk bloemen
#Text=, naby de wortel der boomen;
#Text=
#Text=waar aan deze plantgewassen zeer nadelig zyn.
10-1	1840-1843	Uit	
10-2	1844-1847	het	
10-3	1848-1852	gene	
10-4	1853-1855	ik	
10-5	1856-1861	boven	
10-6	1862-1868	gezegt	
10-7	1869-1872	heb	
10-8	1873-1876	tot	
10-9	1877-1889	voortzetting	
10-10	1890-1893	van	
10-11	1894-1896	de	
10-12	1897-1911	vruchtbaarheit	
10-13	1912-1915	der	
10-14	1916-1922	boomen	
10-15	1922-1923	,	
10-16	1924-1929	volgt	
10-17	1929-1930	,	
10-18	1931-1934	dat	
10-19	1935-1937	ik	
10-20	1938-1945	afkeure	
10-21	1946-1948	de	
10-22	1949-1957	gewoonte	
10-23	1958-1961	der	
10-24	1962-1967	genen	
10-25	1967-1968	,	
10-26	1969-1972	die	
10-27	1973-1975	of	
10-28	1976-1982	zaajen	
10-29	1982-1983	,	
10-30	1984-1986	of	
10-31	1987-1994	planten	
10-32	1994-1995	,	
10-33	1996-1999	het	
10-34	2000-2002	zy	
10-35	2003-2014	moeskruiden	
10-36	2014-2015	,	
10-37	2016-2019	het	
10-38	2020-2022	zy	
10-39	2023-2033	aardbeziën	
10-40	2033-2034	,	
10-41	2035-2038	het	
10-42	2039-2041	zy	
10-43	2042-2050	eindelyk	
10-44	2051-2058	bloemen	
10-45	2059-2060	,	
10-46	2061-2065	naby	
10-47	2066-2068	de	
10-48	2069-2075	wortel	
10-49	2076-2079	der	
10-50	2080-2086	boomen	
10-51	2086-2087	;	
10-52	2089-2093	waar	
10-53	2094-2097	aan	
10-54	2098-2102	deze	
10-55	2103-2116	plantgewassen	
10-56	2117-2121	zeer	
10-57	2122-2129	nadelig	
10-58	2130-2133	zyn	
10-59	2133-2134	.	

#Text=De regelmaat, welke ik houde in het
#Text=hovenieren omtrent de boomen, zoo wel ’s Winters, als in de Lente, bestaat daar in,
#Text=dat ik omtrent drooge en ligte Aarde het bearbeiden late vermenigvuldigen
#Text=zoo met
#Text=
#Text=het begin, als het einde van den Winter; ten einde de regen in de Lente gemakkelyk
#Text=in de Aarde trekke, welke veel vogt van noden heeft; maar omtrent zware en vogtige
#Text=Aarde late ik in de maand van October maar weinig arbeiden, enkel om de onkruiden
#Text=wech te nemen; en stel de verdere bewerking uit tot in April of het begin van Mey,
#Text=wanneer de vruchten zig beginnen te zetten, en de meeste vogtigheit voorby is;
#Text=
#Text=invoegen de oppervlakte dezer Aarde hard, zwaar en geslooten zynde, het water van
#Text=de Winter en Lente zeer weinig heeft ingezwolgen, dat wy hier geenzins van noden
#Text=hebben, zynde de sneeuw gesmolten, en deszelfs water meest op de Aarde gebleven,
#Text=maar ten dele als dampen opgetrokken, ten dele naar maate van den afhellenden
#Text=grond, in de naaste gragten of rivieren geloopen.
11-1	2135-2137	De	
11-2	2138-2147	regelmaat	
11-3	2147-2148	,	
11-4	2149-2154	welke	
11-5	2155-2157	ik	
11-6	2158-2163	houde	
11-7	2164-2166	in	
11-8	2167-2170	het	
11-9	2171-2181	hovenieren	
11-10	2182-2189	omtrent	
11-11	2190-2192	de	
11-12	2193-2199	boomen	
11-13	2199-2200	,	
11-14	2201-2204	zoo	
11-15	2205-2208	wel	
11-16	2209-2210	’	
11-17	2210-2211	s	
11-18	2212-2219	Winters	
11-19	2219-2220	,	
11-20	2221-2224	als	
11-21	2225-2227	in	
11-22	2228-2230	de	
11-23	2231-2236	Lente	
11-24	2236-2237	,	
11-25	2238-2245	bestaat	
11-26	2246-2250	daar	
11-27	2251-2253	in	
11-28	2253-2254	,	
11-29	2255-2258	dat	
11-30	2259-2261	ik	
11-31	2262-2269	omtrent	
11-32	2270-2276	drooge	
11-33	2277-2279	en	
11-34	2280-2285	ligte	
11-35	2286-2291	Aarde	
11-36	2292-2295	het	
11-37	2296-2306	bearbeiden	
11-38	2307-2311	late	
11-39	2312-2328	vermenigvuldigen	
11-40	2329-2332	zoo	
11-41	2333-2336	met	
11-42	2338-2341	het	
11-43	2342-2347	begin	
11-44	2347-2348	,	
11-45	2349-2352	als	
11-46	2353-2356	het	
11-47	2357-2362	einde	
11-48	2363-2366	van	
11-49	2367-2370	den	
11-50	2371-2377	Winter	
11-51	2377-2378	;	
11-52	2379-2382	ten	
11-53	2383-2388	einde	
11-54	2389-2391	de	
11-55	2392-2397	regen	
11-56	2398-2400	in	
11-57	2401-2403	de	
11-58	2404-2409	Lente	
11-59	2410-2420	gemakkelyk	
11-60	2421-2423	in	
11-61	2424-2426	de	
11-62	2427-2432	Aarde	
11-63	2433-2439	trekke	
11-64	2439-2440	,	
11-65	2441-2446	welke	
11-66	2447-2451	veel	
11-67	2452-2456	vogt	
11-68	2457-2460	van	
11-69	2461-2466	noden	
11-70	2467-2472	heeft	
11-71	2472-2473	;	
11-72	2474-2478	maar	
11-73	2479-2486	omtrent	
11-74	2487-2492	zware	
11-75	2493-2495	en	
11-76	2496-2503	vogtige	
11-77	2504-2509	Aarde	
11-78	2510-2514	late	
11-79	2515-2517	ik	
11-80	2518-2520	in	
11-81	2521-2523	de	
11-82	2524-2529	maand	
11-83	2530-2533	van	
11-84	2534-2541	October	
11-85	2542-2546	maar	
11-86	2547-2553	weinig	
11-87	2554-2562	arbeiden	
11-88	2562-2563	,	
11-89	2564-2569	enkel	
11-90	2570-2572	om	
11-91	2573-2575	de	
11-92	2576-2585	onkruiden	
11-93	2586-2590	wech	
11-94	2591-2593	te	
11-95	2594-2599	nemen	
11-96	2599-2600	;	
11-97	2601-2603	en	
11-98	2604-2608	stel	
11-99	2609-2611	de	
11-100	2612-2619	verdere	
11-101	2620-2629	bewerking	
11-102	2630-2633	uit	
11-103	2634-2637	tot	
11-104	2638-2640	in	
11-105	2641-2646	April	
11-106	2647-2649	of	
11-107	2650-2653	het	
11-108	2654-2659	begin	
11-109	2660-2663	van	
11-110	2664-2667	Mey	
11-111	2667-2668	,	
11-112	2669-2676	wanneer	
11-113	2677-2679	de	
11-114	2680-2688	vruchten	
11-115	2689-2692	zig	
11-116	2693-2701	beginnen	
11-117	2702-2704	te	
11-118	2705-2711	zetten	
11-119	2711-2712	,	
11-120	2713-2715	en	
11-121	2716-2718	de	
11-122	2719-2725	meeste	
11-123	2726-2736	vogtigheit	
11-124	2737-2743	voorby	
11-125	2744-2746	is	
11-126	2746-2747	;	
11-127	2749-2757	invoegen	
11-128	2758-2760	de	
11-129	2761-2772	oppervlakte	
11-130	2773-2778	dezer	
11-131	2779-2784	Aarde	
11-132	2785-2789	hard	
11-133	2789-2790	,	
11-134	2791-2796	zwaar	
11-135	2797-2799	en	
11-136	2800-2809	geslooten	
11-137	2810-2815	zynde	
11-138	2815-2816	,	
11-139	2817-2820	het	
11-140	2821-2826	water	
11-141	2827-2830	van	
11-142	2831-2833	de	
11-143	2834-2840	Winter	
11-144	2841-2843	en	
11-145	2844-2849	Lente	
11-146	2850-2854	zeer	
11-147	2855-2861	weinig	
11-148	2862-2867	heeft	
11-149	2868-2879	ingezwolgen	
11-150	2879-2880	,	
11-151	2881-2884	dat	
11-152	2885-2887	wy	
11-153	2888-2892	hier	
11-154	2893-2901	geenzins	
11-155	2902-2905	van	
11-156	2906-2911	noden	
11-157	2912-2918	hebben	
11-158	2918-2919	,	
11-159	2920-2925	zynde	
11-160	2926-2928	de	
11-161	2929-2935	sneeuw	
11-162	2936-2945	gesmolten	
11-163	2945-2946	,	
11-164	2947-2949	en	
11-165	2950-2958	deszelfs	
11-166	2959-2964	water	
11-167	2965-2970	meest	
11-168	2971-2973	op	
11-169	2974-2976	de	
11-170	2977-2982	Aarde	
11-171	2983-2991	gebleven	
11-172	2991-2992	,	
11-173	2993-2997	maar	
11-174	2998-3001	ten	
11-175	3002-3006	dele	
11-176	3007-3010	als	
11-177	3011-3017	dampen	
11-178	3018-3029	opgetrokken	
11-179	3029-3030	,	
11-180	3031-3034	ten	
11-181	3035-3039	dele	
11-182	3040-3044	naar	
11-183	3045-3050	maate	
11-184	3051-3054	van	
11-185	3055-3058	den	
11-186	3059-3070	afhellenden	
11-187	3071-3076	grond	
11-188	3076-3077	,	
11-189	3078-3080	in	
11-190	3081-3083	de	
11-191	3084-3090	naaste	
11-192	3091-3098	gragten	
11-193	3099-3101	of	
11-194	3102-3110	rivieren	
11-195	3111-3119	geloopen	
11-196	3119-3120	.	
