#FORMAT=WebAnno TSV 3.3
#T_SP=custom.Span|label


#Text=eine Nadel ſticht.
1-1	0-4	eine	_	
1-2	5-10	Nadel	_	
1-3	11-17	ſticht	_	
1-4	17-18	.	_	

#Text=Zu anfangs iſt dieſe Frucht nicht di-
#Text=cker als eine Fauſt, und der Buſch, oder
#Text=die Krone, die ſie auf dem Haupte traͤgt,
#Text=feuerroth.
2-1	22-24	Zu	_	
2-2	25-32	anfangs	_	
2-3	33-36	iſt	_	
2-4	37-42	dieſe	_	
2-5	43-49	Frucht	_	
2-6	50-55	nicht	_	
2-7	56-58	di	_	
2-8	58-59	-	_	
2-9	60-64	cker	_	
2-10	65-68	als	_	
2-11	69-73	eine	_	
2-12	74-79	Fauſt	_	
2-13	79-80	,	_	
2-14	81-84	und	_	
2-15	85-88	der	_	
2-16	89-94	Buſch	_	
2-17	94-95	,	_	
2-18	96-100	oder	_	
2-19	101-104	die	_	
2-20	105-110	Krone	_	
2-21	110-111	,	_	
2-22	112-115	die	_	
2-23	116-119	ſie	_	
2-24	120-123	auf	_	
2-25	124-127	dem	_	
2-26	128-134	Haupte	_	
2-27	135-141	traͤgt	_	
2-28	141-142	,	_	
2-29	143-152	feuerroth	_	
2-30	152-153	.	_	

#Text=Aus ieder Schuppe der
#Text=Frucht, welche wohl an Geſtalt, aber
#Text=nicht dem Weſen nach, einem Fichten-
#Text=apfel gleichet, entſtehet eine kleine pur-
#Text=purfarbichte Blume, welche vergeher
#Text=und abfaͤllt, wenn die Frucht zunimmt.
3-1	154-157	Aus	_	
3-2	158-163	ieder	_	
3-3	164-171	Schuppe	_	
3-4	172-175	der	_	
3-5	176-182	Frucht	_	
3-6	182-183	,	_	
3-7	184-190	welche	_	
3-8	191-195	wohl	_	
3-9	196-198	an	_	
3-10	199-206	Geſtalt	_	
3-11	206-207	,	_	
3-12	208-212	aber	_	
3-13	213-218	nicht	_	
3-14	219-222	dem	_	
3-15	223-228	Weſen	_	
3-16	229-233	nach	_	
3-17	233-234	,	_	
3-18	235-240	einem	_	
3-19	241-248	Fichten	_	
3-20	248-249	-	_	
3-21	250-255	apfel	_	
3-22	256-264	gleichet	_	
3-23	264-265	,	_	
3-24	266-275	entſtehet	_	
3-25	276-280	eine	_	
3-26	281-287	kleine	_	
3-27	288-291	pur	_	
3-28	291-292	-	_	
3-29	293-305	purfarbichte	_	
3-30	306-311	Blume	_	
3-31	311-312	,	_	
3-32	313-319	welche	_	
3-33	320-328	vergeher	_	
3-34	329-332	und	_	
3-35	333-341	abfaͤllt	_	
3-36	341-342	,	_	
3-37	343-347	wenn	_	
3-38	348-351	die	_	
3-39	352-358	Frucht	_	
3-40	359-366	zunimmt	_	
3-41	366-367	.	_	

#Text=Unſere Leute theilen ſie in drey Ge-
#Text=ſchlechter ab, zu denen alle die andern
#Text=koͤnnen gerechnet werden;
#Text=denn da iſt
#Text=die weiſſe Ananas/ das Zuckerbrod
#Text=
#Text=oder der Zuckerhut, und der Reinet-
#Text=tenapfel.
4-1	371-377	Unſere	_	
4-2	378-383	Leute	_	
4-3	384-391	theilen	_	
4-4	392-395	ſie	_	
4-5	396-398	in	_	
4-6	399-403	drey	_	
4-7	404-406	Ge	_	
4-8	406-407	-	_	
4-9	408-418	ſchlechter	_	
4-10	419-421	ab	_	
4-11	421-422	,	_	
4-12	423-425	zu	_	
4-13	426-431	denen	_	
4-14	432-436	alle	_	
4-15	437-440	die	_	
4-16	441-447	andern	_	
4-17	448-455	koͤnnen	_	
4-18	456-465	gerechnet	_	
4-19	466-472	werden	_	
4-20	472-473	;	_	
4-21	474-478	denn	_	
4-22	479-481	da	_	
4-23	482-485	iſt	_	
4-24	486-489	die	_	
4-25	490-496	weiſſe	_	
4-26	497-503	Ananas	_	
4-27	503-504	/	_	
4-28	505-508	das	_	
4-29	509-519	Zuckerbrod	_	
4-30	521-525	oder	_	
4-31	526-529	der	_	
4-32	530-539	Zuckerhut	_	
4-33	539-540	,	_	
4-34	541-544	und	_	
4-35	545-548	der	_	
4-36	549-555	Reinet	_	
4-37	555-556	-	_	
4-38	557-565	tenapfel	_	
4-39	565-566	.	_	

#Text=Die erſte Art haͤlt bisweilen acht bis
#Text=zehen Zoll im Durchſchnitt, und 15. bis
#Text=16. in der Hoͤhe.
5-1	570-573	Die	_	
5-2	574-579	erſte	_	
5-3	580-583	Art	_	
5-4	584-589	haͤlt	_	
5-5	590-599	bisweilen	_	
5-6	600-604	acht	_	
5-7	605-608	bis	_	
5-8	609-614	zehen	_	
5-9	615-619	Zoll	_	
5-10	620-622	im	_	
5-11	623-635	Durchſchnitt	_	
5-12	635-636	,	_	
5-13	637-640	und	_	
5-14	641-643	15	_	
5-15	643-644	.	_	
5-16	645-648	bis	_	
5-17	649-651	16	_	
5-18	651-652	.	_	
5-19	653-655	in	_	
5-20	656-659	der	_	
5-21	660-665	Hoͤhe	_	
5-22	665-666	.	_	

#Text=Das Fleiſch iſt weiß
#Text=und faſicht, die Schale aber wird recht
#Text=goldgelb.
6-1	667-670	Das	_	
6-2	671-678	Fleiſch	_	
6-3	679-682	iſt	_	
6-4	683-687	weiß	_	
6-5	688-691	und	_	
6-6	692-699	faſicht	_	
6-7	699-700	,	_	
6-8	701-704	die	_	
6-9	705-711	Schale	_	
6-10	712-716	aber	_	
6-11	717-721	wird	_	
6-12	722-727	recht	_	
6-13	728-736	goldgelb	_	
6-14	736-737	.	_	

#Text=Wenn ſie zeitig, dunſtet ſie
#Text=einen uͤberaus angenehmen Geruch von
#Text=ſich, der ſchier wie unſre Quitten riecht,
#Text=doch aber viel lieblicher iſt.
7-1	738-742	Wenn	_	
7-2	743-746	ſie	_	
7-3	747-753	zeitig	_	
7-4	753-754	,	_	
7-5	755-762	dunſtet	_	
7-6	763-766	ſie	Smell\_Source	
7-7	767-772	einen	_	
7-8	773-781	uͤberaus	Quality	
7-9	782-792	angenehmen	Quality	
7-10	793-799	Geruch	Smell\_Word	
7-11	800-803	von	_	
7-12	804-808	ſich	_	
7-13	808-809	,	_	
7-14	810-813	der	_	
7-15	814-820	ſchier	_	
7-16	821-824	wie	Evoked\_Odorant[1]	
7-17	825-830	unſre	Evoked\_Odorant[1]	
7-18	831-838	Quitten	Evoked\_Odorant[1]	
7-19	839-845	riecht	Smell\_Word	
7-20	845-846	,	_	
7-21	847-851	doch	_	
7-22	852-856	aber	_	
7-23	857-861	viel	Quality	
7-24	862-872	lieblicher	Quality	
7-25	873-876	iſt	_	
7-26	876-877	.	_	

#Text=Allein, ob
#Text=ſie ſchon weit dicker und ſchwerer iſt denn
#Text=die andern, dennoch iſt ihr Geſchmack
#Text=
#Text=bey weiten nicht ſo herrlich, ſie ſelbſt
#Text=auch deshalben nicht ſo hoch geachtet,
#Text=weil ſie die Zaͤhne ſtumpf, und das Zahn-
#Text=fleiſch viel eher, denn die andern, bluten
#Text=macht.
8-1	878-884	Allein	_	
8-2	884-885	,	_	
8-3	886-888	ob	_	
8-4	889-892	ſie	_	
8-5	893-898	ſchon	_	
8-6	899-903	weit	_	
8-7	904-910	dicker	_	
8-8	911-914	und	_	
8-9	915-923	ſchwerer	_	
8-10	924-927	iſt	_	
8-11	928-932	denn	_	
8-12	933-936	die	_	
8-13	937-943	andern	_	
8-14	943-944	,	_	
8-15	945-952	dennoch	_	
8-16	953-956	iſt	_	
8-17	957-960	ihr	_	
8-18	961-970	Geſchmack	_	
8-19	972-975	bey	_	
8-20	976-982	weiten	_	
8-21	983-988	nicht	_	
8-22	989-991	ſo	_	
8-23	992-1000	herrlich	_	
8-24	1000-1001	,	_	
8-25	1002-1005	ſie	_	
8-26	1006-1012	ſelbſt	_	
8-27	1013-1017	auch	_	
8-28	1018-1027	deshalben	_	
8-29	1028-1033	nicht	_	
8-30	1034-1036	ſo	_	
8-31	1037-1041	hoch	_	
8-32	1042-1050	geachtet	_	
8-33	1050-1051	,	_	
8-34	1052-1056	weil	_	
8-35	1057-1060	ſie	_	
8-36	1061-1064	die	_	
8-37	1065-1071	Zaͤhne	_	
8-38	1072-1078	ſtumpf	_	
8-39	1078-1079	,	_	
8-40	1080-1083	und	_	
8-41	1084-1087	das	_	
8-42	1088-1092	Zahn	_	
8-43	1092-1093	-	_	
8-44	1094-1101	fleiſch	_	
8-45	1102-1106	viel	_	
8-46	1107-1111	eher	_	
8-47	1111-1112	,	_	
8-48	1113-1117	denn	_	
8-49	1118-1121	die	_	
8-50	1122-1128	andern	_	
8-51	1128-1129	,	_	
8-52	1130-1136	bluten	_	
8-53	1137-1142	macht	_	
8-54	1142-1143	.	_	

#Text=Die zweyte fuͤhret ihren Namen
#Text=
#Text=wegen der Geſtalt, indem ſie gerade wie
#Text=ein Zuckerhut ausſiehet.
9-1	1147-1150	Die	_	
9-2	1151-1157	zweyte	_	
9-3	1158-1165	fuͤhret	_	
9-4	1166-1171	ihren	_	
9-5	1172-1177	Namen	_	
9-6	1179-1184	wegen	_	
9-7	1185-1188	der	_	
9-8	1189-1196	Geſtalt	_	
9-9	1196-1197	,	_	
9-10	1198-1203	indem	_	
9-11	1204-1207	ſie	_	
9-12	1208-1214	gerade	_	
9-13	1215-1218	wie	_	
9-14	1219-1222	ein	_	
9-15	1223-1232	Zuckerhut	_	
9-16	1233-1242	ausſiehet	_	
9-17	1242-1243	.	_	

#Text=Sie hat et-
#Text=was laͤngere und ſchmaͤlere Blaͤtter,
#Text=denn die vorhergehende, wird aber nicht
#Text=ſo gelb.
10-1	1244-1247	Sie	_	
10-2	1248-1251	hat	_	
10-3	1252-1254	et	_	
10-4	1254-1255	-	_	
10-5	1256-1259	was	_	
10-6	1260-1268	laͤngere	_	
10-7	1269-1272	und	_	
10-8	1273-1283	ſchmaͤlere	_	
10-9	1284-1292	Blaͤtter	_	
10-10	1292-1293	,	_	
10-11	1294-1298	denn	_	
10-12	1299-1302	die	_	
10-13	1303-1316	vorhergehende	_	
10-14	1316-1317	,	_	
10-15	1318-1322	wird	_	
10-16	1323-1327	aber	_	
10-17	1328-1333	nicht	_	
10-18	1334-1336	ſo	_	
10-19	1337-1341	gelb	_	
10-20	1341-1342	.	_	

#Text=Jhr Geſchmack iſt zwar beſſer,
#Text=iedennoch machet ſie ebenfalls das
#Text=Zahnfleiſch dererjenigen, die zu viel da-
#Text=von genieſſen, bluten.
11-1	1343-1346	Jhr	_	
11-2	1347-1356	Geſchmack	_	
11-3	1357-1360	iſt	_	
11-4	1361-1365	zwar	_	
11-5	1366-1372	beſſer	_	
11-6	1372-1373	,	_	
11-7	1374-1383	iedennoch	_	
11-8	1384-1390	machet	_	
11-9	1391-1394	ſie	_	
11-10	1395-1404	ebenfalls	_	
11-11	1405-1408	das	_	
11-12	1409-1420	Zahnfleiſch	_	
11-13	1421-1433	dererjenigen	_	
11-14	1433-1434	,	_	
11-15	1435-1438	die	_	
11-16	1439-1441	zu	_	
11-17	1442-1446	viel	_	
11-18	1447-1449	da	_	
11-19	1449-1450	-	_	
11-20	1451-1454	von	_	
11-21	1455-1464	genieſſen	_	
11-22	1464-1465	,	_	
11-23	1466-1472	bluten	_	
11-24	1472-1473	.	_	

#Text=Jn dieſer habe
#Text=ich eine Art Samen gefunden, dem
#Text=Kreſſenſamen gleich:
#Text=wiewohl es eine ge-
#Text=meine Sage, die Ananaſſen truͤgen nie-
#Text=mahls keinen Samen.
12-1	1474-1476	Jn	_	
12-2	1477-1483	dieſer	_	
12-3	1484-1488	habe	_	
12-4	1489-1492	ich	_	
12-5	1493-1497	eine	_	
12-6	1498-1501	Art	_	
12-7	1502-1507	Samen	_	
12-8	1508-1516	gefunden	_	
12-9	1516-1517	,	_	
12-10	1518-1521	dem	_	
12-11	1522-1534	Kreſſenſamen	_	
12-12	1535-1541	gleich	_	
12-13	1541-1542	:	_	
12-14	1543-1550	wiewohl	_	
12-15	1551-1553	es	_	
12-16	1554-1558	eine	_	
12-17	1559-1561	ge	_	
12-18	1561-1562	-	_	
12-19	1563-1568	meine	_	
12-20	1569-1573	Sage	_	
12-21	1573-1574	,	_	
12-22	1575-1578	die	_	
12-23	1579-1588	Ananaſſen	_	
12-24	1589-1596	truͤgen	_	
12-25	1597-1600	nie	_	
12-26	1600-1601	-	_	
12-27	1602-1607	mahls	_	
12-28	1608-1614	keinen	_	
12-29	1615-1620	Samen	_	
12-30	1620-1621	.	_	
