#FORMAT=WebAnno TSV 3.3


#Text=Hier komt noch by, dat onder 
#Text=schyn van onvrye goederen te lichten, gemeenlyk vrye en onvrye goederen worden 
#Text=weghgenoomem; waar door de koopluiden merkelyk worden beschaadight, en de 
#Text=Schippers in hunne reizen verachtert.
1-1	0-4	Hier	
1-2	5-9	komt	
1-3	10-14	noch	
1-4	15-17	by	
1-5	17-18	,	
1-6	19-22	dat	
1-7	23-28	onder	
1-8	30-35	schyn	
1-9	36-39	van	
1-10	40-46	onvrye	
1-11	47-55	goederen	
1-12	56-58	te	
1-13	59-66	lichten	
1-14	66-67	,	
1-15	68-77	gemeenlyk	
1-16	78-82	vrye	
1-17	83-85	en	
1-18	86-92	onvrye	
1-19	93-101	goederen	
1-20	102-108	worden	
1-21	110-122	weghgenoomem	
1-22	122-123	;	
1-23	124-128	waar	
1-24	129-133	door	
1-25	134-136	de	
1-26	137-147	koopluiden	
1-27	148-156	merkelyk	
1-28	157-163	worden	
1-29	164-176	beschaadight	
1-30	176-177	,	
1-31	178-180	en	
1-32	181-183	de	
1-33	185-194	Schippers	
1-34	195-197	in	
1-35	198-203	hunne	
1-36	204-210	reizen	
1-37	211-221	verachtert	
1-38	221-222	.	

#Text=Indien dan uwe Doorl.
#Text=een goede en 
#Text=bestendige vreede met hunne Hoog.
2-1	223-229	Indien	
2-2	230-233	dan	
2-3	234-237	uwe	
2-4	238-243	Doorl	
2-5	243-244	.	
2-6	245-248	een	
2-7	249-254	goede	
2-8	255-257	en	
2-9	259-269	bestendige	
2-10	270-276	vreede	
2-11	277-280	met	
2-12	281-286	hunne	
2-13	287-291	Hoog	
2-14	291-292	.	

#Text=Moog.
#Text=genegen zyn te sluiten, zoo zouden 
#Text=uwe Doorl.
#Text=dat zevende punt moeten ver anderen.
3-1	293-297	Moog	
3-2	297-298	.	
3-3	299-306	genegen	
3-4	307-310	zyn	
3-5	311-313	te	
3-6	314-321	sluiten	
3-7	321-322	,	
3-8	323-326	zoo	
3-9	327-333	zouden	
3-10	335-338	uwe	
3-11	339-344	Doorl	
3-12	344-345	.	
3-13	346-349	dat	
3-14	350-357	zevende	
3-15	358-362	punt	
3-16	363-369	moeten	
3-17	370-373	ver	
3-18	374-381	anderen	
3-19	381-382	.	

#Text=Ondertusschen zyn wy van 
#Text=onzent weegen bereidt, om alle andere redelyke voorwaarden en verzoeken aan 
#Text=uw Doorl. toe te staan.
4-1	383-396	Ondertusschen	
4-2	397-400	zyn	
4-3	401-403	wy	
4-4	404-407	van	
4-5	409-415	onzent	
4-6	416-422	weegen	
4-7	423-430	bereidt	
4-8	430-431	,	
4-9	432-434	om	
4-10	435-439	alle	
4-11	440-446	andere	
4-12	447-455	redelyke	
4-13	456-467	voorwaarden	
4-14	468-470	en	
4-15	471-480	verzoeken	
4-16	481-484	aan	
4-17	486-488	uw	
4-18	489-494	Doorl	
4-19	494-495	.	
4-20	496-499	toe	
4-21	500-502	te	
4-22	503-508	staan	
4-23	508-509	.	

#Text=Waar op ik een spoedig en gunstig antwoordt verwachte.
5-1	510-514	Waar	
5-2	515-517	op	
5-3	518-520	ik	
5-4	521-524	een	
5-5	525-532	spoedig	
5-6	533-535	en	
5-7	536-543	gunstig	
5-8	544-553	antwoordt	
5-9	554-563	verwachte	
5-10	563-564	.	

#Text=Hier mede eindigende, beveele ik uwe
#Text=Doorluchtigheden de Goddelyke genade, en 
#Text=blyve,
#Text=
#Text=Doorluchtige, hooghgeboore Heeren,
#Text=
#Text=In t' schip de Liesde, voor Algiers, den 13 van Julius 1662.
6-1	567-571	Hier	
6-2	572-576	mede	
6-3	577-587	eindigende	
6-4	587-588	,	
6-5	589-596	beveele	
6-6	597-599	ik	
6-7	600-603	uwe	
6-8	604-620	Doorluchtigheden	
6-9	621-623	de	
6-10	624-633	Goddelyke	
6-11	634-640	genade	
6-12	640-641	,	
6-13	642-644	en	
6-14	646-651	blyve	
6-15	651-652	,	
6-16	654-666	Doorluchtige	
6-17	666-667	,	
6-18	668-680	hooghgeboore	
6-19	681-687	Heeren	
6-20	687-688	,	
6-21	690-692	In	
6-22	693-694	t	
6-23	694-695	'	
6-24	696-701	schip	
6-25	702-704	de	
6-26	705-711	Liesde	
6-27	711-712	,	
6-28	713-717	voor	
6-29	718-725	Algiers	
6-30	725-726	,	
6-31	727-730	den	
6-32	731-733	13	
6-33	734-737	van	
6-34	738-744	Julius	
6-35	745-749	1662	
6-36	749-750	.	

#Text=Uw ootmoedige dienaar
#Text=
#Text=MICHIEL ADRIAANSZ.
7-1	752-754	Uw	
7-2	755-765	ootmoedige	
7-3	766-773	dienaar	
7-4	775-782	MICHIEL	
7-5	783-792	ADRIAANSZ	
7-6	792-793	.	

#Text=DE RUITER .
8-1	794-796	DE	
8-2	797-803	RUITER	
8-3	804-805	.	

#Text=Ondertusschen vernam de Ruiter uit de Turken, die zomwyle aan zyn boordt 
#Text=quaamen, dat men in de stadt ten hooghsten genegen was om met de Hollanders 
#Text=vreede te hebben, en dat zelf 't gemeene volk +daar om riep.
9-1	808-821	Ondertusschen	
9-2	822-828	vernam	
9-3	829-831	de	
9-4	832-838	Ruiter	
9-5	839-842	uit	
9-6	843-845	de	
9-7	846-852	Turken	
9-8	852-853	,	
9-9	854-857	die	
9-10	858-865	zomwyle	
9-11	866-869	aan	
9-12	870-873	zyn	
9-13	874-880	boordt	
9-14	882-889	quaamen	
9-15	889-890	,	
9-16	891-894	dat	
9-17	895-898	men	
9-18	899-901	in	
9-19	902-904	de	
9-20	905-910	stadt	
9-21	911-914	ten	
9-22	915-924	hooghsten	
9-23	925-932	genegen	
9-24	933-936	was	
9-25	937-939	om	
9-26	940-943	met	
9-27	944-946	de	
9-28	947-957	Hollanders	
9-29	959-965	vreede	
9-30	966-968	te	
9-31	969-975	hebben	
9-32	975-976	,	
9-33	977-979	en	
9-34	980-983	dat	
9-35	984-988	zelf	
9-36	989-990	'	
9-37	990-991	t	
9-38	992-999	gemeene	
9-39	1000-1004	volk	
9-40	1005-1006	+	
9-41	1006-1010	daar	
9-42	1011-1013	om	
9-43	1014-1018	riep	
9-44	1018-1019	.	

#Text=Den vyftienden der 
#Text=maandt quam de groote vergaadering der regeering t'Algiers by een, daar zich
#Text=
#Text=
#Text=
#Text=
#Text=
#Text=
#Text=
#Text=
#Text=
#Text=
#Text=
#Text=
#Text=
#Text=
#Text=
#Text=
#Text=
#Text=
#Text=
#Text=
#Text=
#Text=
#Text=+Nadere handelinge in de
#Text=
#Text=
#Text=ook wederzydts Gemaghtigden lieten vinden.
10-1	1020-1023	Den	
10-2	1024-1034	vyftienden	
10-3	1035-1038	der	
10-4	1040-1046	maandt	
10-5	1047-1051	quam	
10-6	1052-1054	de	
10-7	1055-1061	groote	
10-8	1062-1074	vergaadering	
10-9	1075-1078	der	
10-10	1079-1088	regeering	
10-11	1089-1098	t'Algiers	
10-12	1099-1101	by	
10-13	1102-1105	een	
10-14	1105-1106	,	
10-15	1107-1111	daar	
10-16	1112-1116	zich	
10-17	1139-1140	+	
10-18	1140-1146	Nadere	
10-19	1147-1157	handelinge	
10-20	1158-1160	in	
10-21	1161-1163	de	
10-22	1166-1169	ook	
10-23	1170-1180	wederzydts	
10-24	1181-1193	Gemaghtigden	
10-25	1194-1200	lieten	
10-26	1201-1207	vinden	
10-27	1207-1208	.	

#Text=Hier verklaarden de Turken, dat 
#Text=veele van hunne Oversten met het leger te velde waaren, in wiens afzyn zy 't 
#Text=vreeverdragh niet +volkoomentlyk dorsten sluiten.
11-1	1209-1213	Hier	
11-2	1214-1225	verklaarden	
11-3	1226-1228	de	
11-4	1229-1235	Turken	
11-5	1235-1236	,	
11-6	1237-1240	dat	
11-7	1242-1247	veele	
11-8	1248-1251	van	
11-9	1252-1257	hunne	
11-10	1258-1266	Oversten	
11-11	1267-1270	met	
11-12	1271-1274	het	
11-13	1275-1280	leger	
11-14	1281-1283	te	
11-15	1284-1289	velde	
11-16	1290-1296	waaren	
11-17	1296-1297	,	
11-18	1298-1300	in	
11-19	1301-1306	wiens	
11-20	1307-1312	afzyn	
11-21	1313-1315	zy	
11-22	1316-1317	'	
11-23	1317-1318	t	
11-24	1320-1332	vreeverdragh	
11-25	1333-1337	niet	
11-26	1338-1339	+	
11-27	1339-1352	volkoomentlyk	
11-28	1353-1360	dorsten	
11-29	1361-1368	sluiten	
11-30	1368-1369	.	

#Text=Zy verstonden, met reeden, dat 
#Text=al die deel aan de regeering hadden, ook gekent mosten worden ontrent de 
#Text=beraadtslaagingen en 't besluit over groote zaaken.
12-1	1370-1372	Zy	
12-2	1373-1383	verstonden	
12-3	1383-1384	,	
12-4	1385-1388	met	
12-5	1389-1395	reeden	
12-6	1395-1396	,	
12-7	1397-1400	dat	
12-8	1402-1404	al	
12-9	1405-1408	die	
12-10	1409-1413	deel	
12-11	1414-1417	aan	
12-12	1418-1420	de	
12-13	1421-1430	regeering	
12-14	1431-1437	hadden	
12-15	1437-1438	,	
12-16	1439-1442	ook	
12-17	1443-1449	gekent	
12-18	1450-1456	mosten	
12-19	1457-1463	worden	
12-20	1464-1471	ontrent	
12-21	1472-1474	de	
12-22	1476-1493	beraadtslaagingen	
12-23	1494-1496	en	
12-24	1497-1498	'	
12-25	1498-1499	t	
12-26	1500-1507	besluit	
12-27	1508-1512	over	
12-28	1513-1519	groote	
12-29	1520-1526	zaaken	
12-30	1526-1527	.	

#Text=Dus werdt de vreede, die 
#Text=d'Algierders noch niet konden of wilden aanneemen, niet verwonpen, maar alleen 
#Text=noch uitgestelt, en, naa eenig verder gesprek, beslooten, de stilstandt van wapenen,
#Text=
#Text=
#Text=groote vergaadering van Algiers
13-1	1528-1531	Dus	
13-2	1532-1537	werdt	
13-3	1538-1540	de	
13-4	1541-1547	vreede	
13-5	1547-1548	,	
13-6	1549-1552	die	
13-7	1554-1566	d'Algierders	
13-8	1567-1571	noch	
13-9	1572-1576	niet	
13-10	1577-1583	konden	
13-11	1584-1586	of	
13-12	1587-1593	wilden	
13-13	1594-1603	aanneemen	
13-14	1603-1604	,	
13-15	1605-1609	niet	
13-16	1610-1619	verwonpen	
13-17	1619-1620	,	
13-18	1621-1625	maar	
13-19	1626-1632	alleen	
13-20	1634-1638	noch	
13-21	1639-1649	uitgestelt	
13-22	1649-1650	,	
13-23	1651-1653	en	
13-24	1653-1654	,	
13-25	1655-1658	naa	
13-26	1659-1664	eenig	
13-27	1665-1671	verder	
13-28	1672-1679	gesprek	
13-29	1679-1680	,	
13-30	1681-1690	beslooten	
13-31	1690-1691	,	
13-32	1692-1694	de	
13-33	1695-1705	stilstandt	
13-34	1706-1709	van	
13-35	1710-1717	wapenen	
13-36	1717-1718	,	
13-37	1721-1727	groote	
13-38	1728-1740	vergaadering	
13-39	1741-1744	van	
13-40	1745-1752	Algiers	

#Text=.
14-1	1752-1753	.	

#Text=+15 Jul.
15-1	1756-1757	+	
15-2	1757-1759	15	
15-3	1760-1763	Jul	
15-4	1763-1764	.	
