#FORMAT=WebAnno TSV 3.3


#Text=12 Extendisti manum tuam, et devoravit eos terra.
#Text=13 Dux fuisti in misericordia tua populo quem redemisti : et portasti eum in fortitudine tua, ad habitaculum sanctum tuum.
#Text=14 Ascenderunt populi, et irati sunt : dolores obtinuerunt habitatores Philisthiim.
#Text=15 Tunc conturbati sunt principes Edom, robustos Moab obtinuit tremor : obriguerunt omnes habitatores Chanaan.
#Text=16 Irruat super eos formido et pavor, in magnitudine brachii tui : fiant immobiles quasi lapis, donec pertranseat populus tuus, Domine, donec pertranseat populus tuus iste, quem possedisti.
#Text=17 Introduces eos, et plantabis in monte hæreditatis tuæ, firmissimo habitaculo tuo quod operatus es, Domine : sanctuarium tuum, Domine, quod firmaverunt manus tuæ.
#Text=18 Dominus regnabit in æternum et ultra.
#Text=19 Ingressus est enim eques Pharao cum curribus et equitibus ejus in mare : et reduxit super eos Dominus aquas maris : filii autem Israël ambulaverunt per siccum in medio ejus.
#Text=20 Sumpsit ergo Maria prophetissa, soror Aaron, tympanum in manu sua : egressæque sunt omnes mulieres post eam cum tympanis et choris, 21 quibus præcinebat, dicens : Cantemus Domino, gloriose enim magnificatus est : equum et ascensorem ejus dejecit in mare.
#Text=22 Tulit autem Moyses Israël de mari Rubro, et egressi sunt in desertum Sur : ambulaveruntque tribus diebus per solitudinem, et non inveniebant aquam.
#Text=23 Et venerunt in Mara, nec poterant bibere aquas de Mara, eo quod essent amaræ : unde et congruum loco nomen imposuit, vocans illum Mara, id est, amaritudinem.
#Text=24 Et murmuravit populus contra Moysen, dicens : Quid bibemus ?
1-1	2-4	12	
1-2	5-15	Extendisti	
1-3	16-21	manum	
1-4	22-26	tuam	
1-5	26-27	,	
1-6	28-30	et	
1-7	31-40	devoravit	
1-8	41-44	eos	
1-9	45-50	terra	
1-10	50-51	.	
1-11	52-54	13	
1-12	55-58	Dux	
1-13	59-65	fuisti	
1-14	66-68	in	
1-15	69-81	misericordia	
1-16	82-85	tua	
1-17	86-92	populo	
1-18	93-97	quem	
1-19	98-107	redemisti	
1-20	108-109	:	
1-21	110-112	et	
1-22	113-121	portasti	
1-23	122-125	eum	
1-24	126-128	in	
1-25	129-140	fortitudine	
1-26	141-144	tua	
1-27	144-145	,	
1-28	146-148	ad	
1-29	149-160	habitaculum	
1-30	161-168	sanctum	
1-31	169-173	tuum	
1-32	173-174	.	
1-33	175-177	14	
1-34	178-189	Ascenderunt	
1-35	190-196	populi	
1-36	196-197	,	
1-37	198-200	et	
1-38	201-206	irati	
1-39	207-211	sunt	
1-40	212-213	:	
1-41	214-221	dolores	
1-42	222-233	obtinuerunt	
1-43	234-245	habitatores	
1-44	246-257	Philisthiim	
1-45	257-258	.	
1-46	259-261	15	
1-47	262-266	Tunc	
1-48	267-277	conturbati	
1-49	278-282	sunt	
1-50	283-292	principes	
1-51	293-297	Edom	
1-52	297-298	,	
1-53	299-307	robustos	
1-54	308-312	Moab	
1-55	313-321	obtinuit	
1-56	322-328	tremor	
1-57	329-330	:	
1-58	331-342	obriguerunt	
1-59	343-348	omnes	
1-60	349-360	habitatores	
1-61	361-368	Chanaan	
1-62	368-369	.	
1-63	370-372	16	
1-64	373-379	Irruat	
1-65	380-385	super	
1-66	386-389	eos	
1-67	390-397	formido	
1-68	398-400	et	
1-69	401-406	pavor	
1-70	406-407	,	
1-71	408-410	in	
1-72	411-422	magnitudine	
1-73	423-430	brachii	
1-74	431-434	tui	
1-75	435-436	:	
1-76	437-442	fiant	
1-77	443-452	immobiles	
1-78	453-458	quasi	
1-79	459-464	lapis	
1-80	464-465	,	
1-81	466-471	donec	
1-82	472-483	pertranseat	
1-83	484-491	populus	
1-84	492-496	tuus	
1-85	496-497	,	
1-86	498-504	Domine	
1-87	504-505	,	
1-88	506-511	donec	
1-89	512-523	pertranseat	
1-90	524-531	populus	
1-91	532-536	tuus	
1-92	537-541	iste	
1-93	541-542	,	
1-94	543-547	quem	
1-95	548-558	possedisti	
1-96	558-559	.	
1-97	560-562	17	
1-98	563-573	Introduces	
1-99	574-577	eos	
1-100	577-578	,	
1-101	579-581	et	
1-102	582-591	plantabis	
1-103	592-594	in	
1-104	595-600	monte	
1-105	601-612	hæreditatis	
1-106	613-616	tuæ	
1-107	616-617	,	
1-108	618-628	firmissimo	
1-109	629-639	habitaculo	
1-110	640-643	tuo	
1-111	644-648	quod	
1-112	649-657	operatus	
1-113	658-660	es	
1-114	660-661	,	
1-115	662-668	Domine	
1-116	669-670	:	
1-117	671-682	sanctuarium	
1-118	683-687	tuum	
1-119	687-688	,	
1-120	689-695	Domine	
1-121	695-696	,	
1-122	697-701	quod	
1-123	702-713	firmaverunt	
1-124	714-719	manus	
1-125	720-723	tuæ	
1-126	723-724	.	
1-127	725-727	18	
1-128	728-735	Dominus	
1-129	736-744	regnabit	
1-130	745-747	in	
1-131	748-755	æternum	
1-132	756-758	et	
1-133	759-764	ultra	
1-134	764-765	.	
1-135	766-768	19	
1-136	769-778	Ingressus	
1-137	779-782	est	
1-138	783-787	enim	
1-139	788-793	eques	
1-140	794-800	Pharao	
1-141	801-804	cum	
1-142	805-813	curribus	
1-143	814-816	et	
1-144	817-826	equitibus	
1-145	827-831	ejus	
1-146	832-834	in	
1-147	835-839	mare	
1-148	840-841	:	
1-149	842-844	et	
1-150	845-852	reduxit	
1-151	853-858	super	
1-152	859-862	eos	
1-153	863-870	Dominus	
1-154	871-876	aquas	
1-155	877-882	maris	
1-156	883-884	:	
1-157	885-890	filii	
1-158	891-896	autem	
1-159	897-903	Israël	
1-160	904-916	ambulaverunt	
1-161	917-920	per	
1-162	921-927	siccum	
1-163	928-930	in	
1-164	931-936	medio	
1-165	937-941	ejus	
1-166	941-942	.	
1-167	943-945	20	
1-168	946-953	Sumpsit	
1-169	954-958	ergo	
1-170	959-964	Maria	
1-171	965-976	prophetissa	
1-172	976-977	,	
1-173	978-983	soror	
1-174	984-989	Aaron	
1-175	989-990	,	
1-176	991-999	tympanum	
1-177	1000-1002	in	
1-178	1003-1007	manu	
1-179	1008-1011	sua	
1-180	1012-1013	:	
1-181	1014-1024	egressæque	
1-182	1025-1029	sunt	
1-183	1030-1035	omnes	
1-184	1036-1044	mulieres	
1-185	1045-1049	post	
1-186	1050-1053	eam	
1-187	1054-1057	cum	
1-188	1058-1066	tympanis	
1-189	1067-1069	et	
1-190	1070-1076	choris	
1-191	1076-1077	,	
1-192	1078-1080	21	
1-193	1081-1087	quibus	
1-194	1088-1098	præcinebat	
1-195	1098-1099	,	
1-196	1100-1106	dicens	
1-197	1107-1108	:	
1-198	1109-1117	Cantemus	
1-199	1118-1124	Domino	
1-200	1124-1125	,	
1-201	1126-1134	gloriose	
1-202	1135-1139	enim	
1-203	1140-1152	magnificatus	
1-204	1153-1156	est	
1-205	1157-1158	:	
1-206	1159-1164	equum	
1-207	1165-1167	et	
1-208	1168-1178	ascensorem	
1-209	1179-1183	ejus	
1-210	1184-1191	dejecit	
1-211	1192-1194	in	
1-212	1195-1199	mare	
1-213	1199-1200	.	
1-214	1201-1203	22	
1-215	1204-1209	Tulit	
1-216	1210-1215	autem	
1-217	1216-1222	Moyses	
1-218	1223-1229	Israël	
1-219	1230-1232	de	
1-220	1233-1237	mari	
1-221	1238-1243	Rubro	
1-222	1243-1244	,	
1-223	1245-1247	et	
1-224	1248-1255	egressi	
1-225	1256-1260	sunt	
1-226	1261-1263	in	
1-227	1264-1272	desertum	
1-228	1273-1276	Sur	
1-229	1277-1278	:	
1-230	1279-1294	ambulaveruntque	
1-231	1295-1301	tribus	
1-232	1302-1308	diebus	
1-233	1309-1312	per	
1-234	1313-1324	solitudinem	
1-235	1324-1325	,	
1-236	1326-1328	et	
1-237	1329-1332	non	
1-238	1333-1344	inveniebant	
1-239	1345-1350	aquam	
1-240	1350-1351	.	
1-241	1352-1354	23	
1-242	1355-1357	Et	
1-243	1358-1366	venerunt	
1-244	1367-1369	in	
1-245	1370-1374	Mara	
1-246	1374-1375	,	
1-247	1376-1379	nec	
1-248	1380-1388	poterant	
1-249	1389-1395	bibere	
1-250	1396-1401	aquas	
1-251	1402-1404	de	
1-252	1405-1409	Mara	
1-253	1409-1410	,	
1-254	1411-1413	eo	
1-255	1414-1418	quod	
1-256	1419-1425	essent	
1-257	1426-1431	amaræ	
1-258	1432-1433	:	
1-259	1434-1438	unde	
1-260	1439-1441	et	
1-261	1442-1450	congruum	
1-262	1451-1455	loco	
1-263	1456-1461	nomen	
1-264	1462-1470	imposuit	
1-265	1470-1471	,	
1-266	1472-1478	vocans	
1-267	1479-1484	illum	
1-268	1485-1489	Mara	
1-269	1489-1490	,	
1-270	1491-1493	id	
1-271	1494-1497	est	
1-272	1497-1498	,	
1-273	1499-1511	amaritudinem	
1-274	1511-1512	.	
1-275	1513-1515	24	
1-276	1516-1518	Et	
1-277	1519-1529	murmuravit	
1-278	1530-1537	populus	
1-279	1538-1544	contra	
1-280	1545-1551	Moysen	
1-281	1551-1552	,	
1-282	1553-1559	dicens	
1-283	1560-1561	:	
1-284	1562-1566	Quid	
1-285	1567-1574	bibemus	
1-286	1575-1576	?	

#Text=25 At ille clamavit ad Dominum, qui ostendit ei lignum : quod cum misisset in aquas, in dulcedinem versæ sunt : ibi constituit ei præcepta, atque judicia, et ibi tentavit eum, 26 dicens : Si audieris vocem Domini Dei tui, et quod rectum est coram eo feceris, et obedieris mandatis ejus, custodierisque omnia præcepta illius, cunctum languorem, quem posui in Ægypto, non inducam super te : ego enim Dominus sanator tuus.
#Text=27 Venerunt autem in Elim filii Israël, ubi erant duodecim fontes aquarum, et septuaginta palmæ : et castrametati sunt juxta aquas.
2-1	1577-1579	25	
2-2	1580-1582	At	
2-3	1583-1587	ille	
2-4	1588-1596	clamavit	
2-5	1597-1599	ad	
2-6	1600-1607	Dominum	
2-7	1607-1608	,	
2-8	1609-1612	qui	
2-9	1613-1621	ostendit	
2-10	1622-1624	ei	
2-11	1625-1631	lignum	
2-12	1632-1633	:	
2-13	1634-1638	quod	
2-14	1639-1642	cum	
2-15	1643-1651	misisset	
2-16	1652-1654	in	
2-17	1655-1660	aquas	
2-18	1660-1661	,	
2-19	1662-1664	in	
2-20	1665-1675	dulcedinem	
2-21	1676-1681	versæ	
2-22	1682-1686	sunt	
2-23	1687-1688	:	
2-24	1689-1692	ibi	
2-25	1693-1703	constituit	
2-26	1704-1706	ei	
2-27	1707-1715	præcepta	
2-28	1715-1716	,	
2-29	1717-1722	atque	
2-30	1723-1730	judicia	
2-31	1730-1731	,	
2-32	1732-1734	et	
2-33	1735-1738	ibi	
2-34	1739-1747	tentavit	
2-35	1748-1751	eum	
2-36	1751-1752	,	
2-37	1753-1755	26	
2-38	1756-1762	dicens	
2-39	1763-1764	:	
2-40	1765-1767	Si	
2-41	1768-1776	audieris	
2-42	1777-1782	vocem	
2-43	1783-1789	Domini	
2-44	1790-1793	Dei	
2-45	1794-1797	tui	
2-46	1797-1798	,	
2-47	1799-1801	et	
2-48	1802-1806	quod	
2-49	1807-1813	rectum	
2-50	1814-1817	est	
2-51	1818-1823	coram	
2-52	1824-1826	eo	
2-53	1827-1834	feceris	
2-54	1834-1835	,	
2-55	1836-1838	et	
2-56	1839-1848	obedieris	
2-57	1849-1857	mandatis	
2-58	1858-1862	ejus	
2-59	1862-1863	,	
2-60	1864-1878	custodierisque	
2-61	1879-1884	omnia	
2-62	1885-1893	præcepta	
2-63	1894-1900	illius	
2-64	1900-1901	,	
2-65	1902-1909	cunctum	
2-66	1910-1919	languorem	
2-67	1919-1920	,	
2-68	1921-1925	quem	
2-69	1926-1931	posui	
2-70	1932-1934	in	
2-71	1935-1941	Ægypto	
2-72	1941-1942	,	
2-73	1943-1946	non	
2-74	1947-1954	inducam	
2-75	1955-1960	super	
2-76	1961-1963	te	
2-77	1964-1965	:	
2-78	1966-1969	ego	
2-79	1970-1974	enim	
2-80	1975-1982	Dominus	
2-81	1983-1990	sanator	
2-82	1991-1995	tuus	
2-83	1995-1996	.	
2-84	1997-1999	27	
2-85	2000-2008	Venerunt	
2-86	2009-2014	autem	
2-87	2015-2017	in	
2-88	2018-2022	Elim	
2-89	2023-2028	filii	
2-90	2029-2035	Israël	
2-91	2035-2036	,	
2-92	2037-2040	ubi	
2-93	2041-2046	erant	
2-94	2047-2055	duodecim	
2-95	2056-2062	fontes	
2-96	2063-2070	aquarum	
2-97	2070-2071	,	
2-98	2072-2074	et	
2-99	2075-2086	septuaginta	
2-100	2087-2092	palmæ	
2-101	2093-2094	:	
2-102	2095-2097	et	
2-103	2098-2110	castrametati	
2-104	2111-2115	sunt	
2-105	2116-2121	juxta	
2-106	2122-2127	aquas	
2-107	2127-2128	.	

#Text=Caput 16
#Text=
#Text=
#Text=1 Profectique sunt de Elim, et venit omnis multitudo filiorum Israël in desertum Sin, quod est inter Elim et Sinai, quintodecimo die mensis secundi, postquam egressi sunt de terra Ægypti.
#Text=2 Et murmuravit omnis congregatio filiorum Israël contra Moysen et Aaron in solitudine.
#Text=3 Dixeruntque filii Israël ad eos : Utinam mortui essemus per manum Domini in terra Ægypti, quando sedebamus super ollas carnium, et comedebamus panem in saturitate : cur eduxistis nos in desertum istud, ut occideretis omnem multitudinem fame ?
3-1	2129-2134	Caput	
3-2	2135-2137	16	
3-3	2140-2141	1	
3-4	2142-2153	Profectique	
3-5	2154-2158	sunt	
3-6	2159-2161	de	
3-7	2162-2166	Elim	
3-8	2166-2167	,	
3-9	2168-2170	et	
3-10	2171-2176	venit	
3-11	2177-2182	omnis	
3-12	2183-2192	multitudo	
3-13	2193-2201	filiorum	
3-14	2202-2208	Israël	
3-15	2209-2211	in	
3-16	2212-2220	desertum	
3-17	2221-2224	Sin	
3-18	2224-2225	,	
3-19	2226-2230	quod	
3-20	2231-2234	est	
3-21	2235-2240	inter	
3-22	2241-2245	Elim	
3-23	2246-2248	et	
3-24	2249-2254	Sinai	
3-25	2254-2255	,	
3-26	2256-2268	quintodecimo	
3-27	2269-2272	die	
3-28	2273-2279	mensis	
3-29	2280-2287	secundi	
3-30	2287-2288	,	
3-31	2289-2297	postquam	
3-32	2298-2305	egressi	
3-33	2306-2310	sunt	
3-34	2311-2313	de	
3-35	2314-2319	terra	
3-36	2320-2326	Ægypti	
3-37	2326-2327	.	
3-38	2328-2329	2	
3-39	2330-2332	Et	
3-40	2333-2343	murmuravit	
3-41	2344-2349	omnis	
3-42	2350-2361	congregatio	
3-43	2362-2370	filiorum	
3-44	2371-2377	Israël	
3-45	2378-2384	contra	
3-46	2385-2391	Moysen	
3-47	2392-2394	et	
3-48	2395-2400	Aaron	
3-49	2401-2403	in	
3-50	2404-2414	solitudine	
3-51	2414-2415	.	
3-52	2416-2417	3	
3-53	2418-2429	Dixeruntque	
3-54	2430-2435	filii	
3-55	2436-2442	Israël	
3-56	2443-2445	ad	
3-57	2446-2449	eos	
3-58	2450-2451	:	
3-59	2452-2458	Utinam	
3-60	2459-2465	mortui	
3-61	2466-2473	essemus	
3-62	2474-2477	per	
3-63	2478-2483	manum	
3-64	2484-2490	Domini	
3-65	2491-2493	in	
3-66	2494-2499	terra	
3-67	2500-2506	Ægypti	
3-68	2506-2507	,	
3-69	2508-2514	quando	
3-70	2515-2524	sedebamus	
3-71	2525-2530	super	
3-72	2531-2536	ollas	
3-73	2537-2544	carnium	
3-74	2544-2545	,	
3-75	2546-2548	et	
3-76	2549-2560	comedebamus	
3-77	2561-2566	panem	
3-78	2567-2569	in	
3-79	2570-2580	saturitate	
3-80	2581-2582	:	
3-81	2583-2586	cur	
3-82	2587-2596	eduxistis	
3-83	2597-2600	nos	
3-84	2601-2603	in	
3-85	2604-2612	desertum	
3-86	2613-2618	istud	
3-87	2618-2619	,	
3-88	2620-2622	ut	
3-89	2623-2634	occideretis	
3-90	2635-2640	omnem	
3-91	2641-2653	multitudinem	
3-92	2654-2658	fame	
3-93	2659-2660	?	

#Text=4 Dixit autem Dominus ad Moysen : Ecce ego pluam vobis panes de cælo : egrediatur populus, et colligat quæ sufficiunt per singulos dies : ut tentem eum utrum ambulet in lege mea, an non. 5 Die autem sexto parent quod inferant : et sit duplum quam colligere solebant per singulos dies.
#Text=6 Dixeruntque Moyses et Aaron ad omnes filios Israël : Vespere scietis quod Dominus eduxerit vos de terra Ægypti, 7 et mane videbitis gloriam Domini : audivit enim murmur vestrum contra Dominum : nos vero quid sumus, quia mussitastis contra nos ?
4-1	2661-2662	4	
4-2	2663-2668	Dixit	
4-3	2669-2674	autem	
4-4	2675-2682	Dominus	
4-5	2683-2685	ad	
4-6	2686-2692	Moysen	
4-7	2693-2694	:	
4-8	2695-2699	Ecce	
4-9	2700-2703	ego	
4-10	2704-2709	pluam	
4-11	2710-2715	vobis	
4-12	2716-2721	panes	
4-13	2722-2724	de	
4-14	2725-2729	cælo	
4-15	2730-2731	:	
4-16	2732-2742	egrediatur	
4-17	2743-2750	populus	
4-18	2750-2751	,	
4-19	2752-2754	et	
4-20	2755-2763	colligat	
4-21	2764-2767	quæ	
4-22	2768-2778	sufficiunt	
4-23	2779-2782	per	
4-24	2783-2791	singulos	
4-25	2792-2796	dies	
4-26	2797-2798	:	
4-27	2799-2801	ut	
4-28	2802-2808	tentem	
4-29	2809-2812	eum	
4-30	2813-2818	utrum	
4-31	2819-2826	ambulet	
4-32	2827-2829	in	
4-33	2830-2834	lege	
4-34	2835-2838	mea	
4-35	2838-2839	,	
4-36	2840-2842	an	
4-37	2843-2846	non	
4-38	2846-2847	.	
4-39	2848-2849	5	
4-40	2850-2853	Die	
4-41	2854-2859	autem	
4-42	2860-2865	sexto	
4-43	2866-2872	parent	
4-44	2873-2877	quod	
4-45	2878-2886	inferant	
4-46	2887-2888	:	
4-47	2889-2891	et	
4-48	2892-2895	sit	
4-49	2896-2902	duplum	
4-50	2903-2907	quam	
4-51	2908-2917	colligere	
4-52	2918-2926	solebant	
4-53	2927-2930	per	
4-54	2931-2939	singulos	
4-55	2940-2944	dies	
4-56	2944-2945	.	
4-57	2946-2947	6	
4-58	2948-2959	Dixeruntque	
4-59	2960-2966	Moyses	
4-60	2967-2969	et	
4-61	2970-2975	Aaron	
4-62	2976-2978	ad	
4-63	2979-2984	omnes	
4-64	2985-2991	filios	
4-65	2992-2998	Israël	
4-66	2999-3000	:	
4-67	3001-3008	Vespere	
4-68	3009-3016	scietis	
4-69	3017-3021	quod	
4-70	3022-3029	Dominus	
4-71	3030-3038	eduxerit	
4-72	3039-3042	vos	
4-73	3043-3045	de	
4-74	3046-3051	terra	
4-75	3052-3058	Ægypti	
4-76	3058-3059	,	
4-77	3060-3061	7	
4-78	3062-3064	et	
4-79	3065-3069	mane	
4-80	3070-3079	videbitis	
4-81	3080-3087	gloriam	
4-82	3088-3094	Domini	
4-83	3095-3096	:	
4-84	3097-3104	audivit	
4-85	3105-3109	enim	
4-86	3110-3116	murmur	
4-87	3117-3124	vestrum	
4-88	3125-3131	contra	
4-89	3132-3139	Dominum	
4-90	3140-3141	:	
4-91	3142-3145	nos	
4-92	3146-3150	vero	
4-93	3151-3155	quid	
4-94	3156-3161	sumus	
4-95	3161-3162	,	
4-96	3163-3167	quia	
4-97	3168-3179	mussitastis	
4-98	3180-3186	contra	
4-99	3187-3190	nos	
4-100	3191-3192	?	

#Text=8 Et ait Moyses : Dabit vobis Dominus vespere carnes edere, et mane panes in saturitate : eo quod audierit murmurationes vestras quibus murmurati estis contra eum : nos enim quid sumus ?
5-1	3193-3194	8	
5-2	3195-3197	Et	
5-3	3198-3201	ait	
5-4	3202-3208	Moyses	
5-5	3209-3210	:	
5-6	3211-3216	Dabit	
5-7	3217-3222	vobis	
5-8	3223-3230	Dominus	
5-9	3231-3238	vespere	
5-10	3239-3245	carnes	
5-11	3246-3251	edere	
5-12	3251-3252	,	
5-13	3253-3255	et	
5-14	3256-3260	mane	
5-15	3261-3266	panes	
5-16	3267-3269	in	
5-17	3270-3280	saturitate	
5-18	3281-3282	:	
5-19	3283-3285	eo	
5-20	3286-3290	quod	
5-21	3291-3299	audierit	
5-22	3300-3313	murmurationes	
5-23	3314-3321	vestras	
5-24	3322-3328	quibus	
5-25	3329-3338	murmurati	
5-26	3339-3344	estis	
5-27	3345-3351	contra	
5-28	3352-3355	eum	
5-29	3356-3357	:	
5-30	3358-3361	nos	
5-31	3362-3366	enim	
5-32	3367-3371	quid	
5-33	3372-3377	sumus	
5-34	3378-3379	?	
