#FORMAT=WebAnno TSV 3.3
#T_SP=custom.Span|label
#T_RL=custom.Relation|label|BT_custom.Span


#Text=leydts-man, heeft vele meer ghelden, sonder eenighe schuldt.
1-1	1-11	leydts-man	_	_	_	
1-2	11-12	,	_	_	_	
1-3	13-18	heeft	_	_	_	
1-4	19-23	vele	_	_	_	
1-5	24-28	meer	_	_	_	
1-6	29-36	ghelden	_	_	_	
1-7	36-37	,	_	_	_	
1-8	38-44	sonder	_	_	_	
1-9	45-52	eenighe	_	_	_	
1-10	53-60	schuldt	_	_	_	
1-11	60-61	.	_	_	_	

#Text=Iae, dat meer is, wy connen in elck lijden, dat ons bysonder aencomt, hoedanigh
#Text=het zij, oock eenighe besonder saecke in d'leuen en lijden ons Saligh-maeckers vinden
#Text=ende bemercken, daer wy ons mede moghen troosten, ende tot verduldigheydt in ons
#Text=lijden verwecken.+ Daerom, S.
2-1	63-66	Iae	_	_	_	
2-2	66-67	,	_	_	_	
2-3	68-71	dat	_	_	_	
2-4	72-76	meer	_	_	_	
2-5	77-79	is	_	_	_	
2-6	79-80	,	_	_	_	
2-7	81-83	wy	_	_	_	
2-8	84-90	connen	_	_	_	
2-9	91-93	in	_	_	_	
2-10	94-98	elck	_	_	_	
2-11	99-105	lijden	_	_	_	
2-12	105-106	,	_	_	_	
2-13	107-110	dat	_	_	_	
2-14	111-114	ons	_	_	_	
2-15	115-123	bysonder	_	_	_	
2-16	124-131	aencomt	_	_	_	
2-17	131-132	,	_	_	_	
2-18	133-142	hoedanigh	_	_	_	
2-19	143-146	het	_	_	_	
2-20	147-150	zij	_	_	_	
2-21	150-151	,	_	_	_	
2-22	152-156	oock	_	_	_	
2-23	157-164	eenighe	_	_	_	
2-24	165-173	besonder	_	_	_	
2-25	174-180	saecke	_	_	_	
2-26	181-183	in	_	_	_	
2-27	184-191	d'leuen	_	_	_	
2-28	192-194	en	_	_	_	
2-29	195-201	lijden	_	_	_	
2-30	202-205	ons	_	_	_	
2-31	206-221	Saligh-maeckers	_	_	_	
2-32	222-228	vinden	_	_	_	
2-33	229-233	ende	_	_	_	
2-34	234-243	bemercken	_	_	_	
2-35	243-244	,	_	_	_	
2-36	245-249	daer	_	_	_	
2-37	250-252	wy	_	_	_	
2-38	253-256	ons	_	_	_	
2-39	257-261	mede	_	_	_	
2-40	262-268	moghen	_	_	_	
2-41	269-277	troosten	_	_	_	
2-42	277-278	,	_	_	_	
2-43	279-283	ende	_	_	_	
2-44	284-287	tot	_	_	_	
2-45	288-302	verduldigheydt	_	_	_	
2-46	303-305	in	_	_	_	
2-47	306-309	ons	_	_	_	
2-48	310-316	lijden	_	_	_	
2-49	317-326	verwecken	_	_	_	
2-50	326-327	.	_	_	_	
2-51	327-328	+	_	_	_	
2-52	329-335	Daerom	_	_	_	
2-53	335-336	,	_	_	_	
2-54	337-338	S	_	_	_	
2-55	338-339	.	_	_	_	

#Text=Bernardt dede soo, ende gaf oock raedt sijn
#Text=
#Text=+
#Text=
#Text=medebroeders
#Text=het selue te doen, segghende aldus:
#Text=Van dat ick eerst-mael in
#Text=Bernard.
#Text=super Cant.
3-1	340-348	Bernardt	_	_	_	
3-2	349-353	dede	_	_	_	
3-3	354-357	soo	_	_	_	
3-4	357-358	,	_	_	_	
3-5	359-363	ende	_	_	_	
3-6	364-367	gaf	_	_	_	
3-7	368-372	oock	_	_	_	
3-8	373-378	raedt	_	_	_	
3-9	379-383	sijn	_	_	_	
3-10	385-386	+	_	_	_	
3-11	388-400	medebroeders	_	_	_	
3-12	401-404	het	_	_	_	
3-13	405-410	selue	_	_	_	
3-14	411-413	te	_	_	_	
3-15	414-418	doen	_	_	_	
3-16	418-419	,	_	_	_	
3-17	420-429	segghende	_	_	_	
3-18	430-435	aldus	_	_	_	
3-19	435-436	:	_	_	_	
3-20	437-440	Van	_	_	_	
3-21	441-444	dat	_	_	_	
3-22	445-448	ick	_	_	_	
3-23	449-459	eerst-mael	_	_	_	
3-24	460-462	in	_	_	_	
3-25	463-470	Bernard	_	_	_	
3-26	470-471	.	_	_	_	
3-27	472-477	super	_	_	_	
3-28	478-482	Cant	_	_	_	
3-29	482-483	.	_	_	_	

#Text=t'clooster
#Text=ghecomen ben, soo hebb'ick my, uyt al t'lijden
#Text=Christi, als een hoppeelken
#Text=
#Text=en bussel van myrrhe ghemaeckt, ende dat op mijn borst ghesteken, om in alle
#Text=swaerigheydt, teghen-spoedt, ende lijden, mijn toe-vlucht daer aen te nemen:
#Text=ende
#Text=als deur den reuck van sulcks versterckt te worden.
4-1	485-495	t'clooster	Smell\_Source	_	_	
4-2	496-504	ghecomen	_	_	_	
4-3	505-508	ben	_	_	_	
4-4	508-509	,	_	_	_	
4-5	510-513	soo	_	_	_	
4-6	514-522	hebb'ick	_	_	_	
4-7	523-525	my	_	_	_	
4-8	525-526	,	_	_	_	
4-9	527-530	uyt	_	_	_	
4-10	531-533	al	_	_	_	
4-11	534-542	t'lijden	_	_	_	
4-12	543-550	Christi	_	_	_	
4-13	550-551	,	_	_	_	
4-14	552-555	als	_	_	_	
4-15	556-559	een	_	_	_	
4-16	560-570	hoppeelken	_	_	_	
4-17	572-574	en	_	_	_	
4-18	575-581	bussel	_	_	_	
4-19	582-585	van	_	_	_	
4-20	586-592	myrrhe	_	_	_	
4-21	593-602	ghemaeckt	_	_	_	
4-22	602-603	,	_	_	_	
4-23	604-608	ende	_	_	_	
4-24	609-612	dat	_	_	_	
4-25	613-615	op	_	_	_	
4-26	616-620	mijn	_	_	_	
4-27	621-626	borst	_	_	_	
4-28	627-636	ghesteken	_	_	_	
4-29	636-637	,	_	_	_	
4-30	638-640	om	_	_	_	
4-31	641-643	in	_	_	_	
4-32	644-648	alle	_	_	_	
4-33	649-661	swaerigheydt	_	_	_	
4-34	661-662	,	_	_	_	
4-35	663-676	teghen-spoedt	_	_	_	
4-36	676-677	,	_	_	_	
4-37	678-682	ende	_	_	_	
4-38	683-689	lijden	_	_	_	
4-39	689-690	,	_	_	_	
4-40	691-695	mijn	_	_	_	
4-41	696-706	toe-vlucht	_	_	_	
4-42	707-711	daer	_	_	_	
4-43	712-715	aen	_	_	_	
4-44	716-718	te	_	_	_	
4-45	719-724	nemen	_	_	_	
4-46	724-725	:	_	_	_	
4-47	726-730	ende	_	_	_	
4-48	731-734	als	_	_	_	
4-49	735-739	deur	_	_	_	
4-50	740-743	den	_	_	_	
4-51	744-749	reuck	Smell\_Word	*|*	4-1|4-53	
4-52	750-753	van	_	_	_	
4-53	754-760	sulcks	Smell\_Source	Anaphoric	4-1	
4-54	761-771	versterckt	_	_	_	
4-55	772-774	te	_	_	_	
4-56	775-781	worden	_	_	_	
4-57	781-782	.	_	_	_	

#Text=Tu quoque; si sapis;
#Text=Doet ghy
#Text=
#Text=oock soo (seyt hy)
#Text=zijt ghy wijs.
5-1	783-785	Tu	_	_	_	
5-2	786-792	quoque	_	_	_	
5-3	792-793	;	_	_	_	
5-4	794-796	si	_	_	_	
5-5	797-802	sapis	_	_	_	
5-6	802-803	;	_	_	_	
5-7	804-808	Doet	_	_	_	
5-8	809-812	ghy	_	_	_	
5-9	814-818	oock	_	_	_	
5-10	819-822	soo	_	_	_	
5-11	823-824	(	_	_	_	
5-12	824-828	seyt	_	_	_	
5-13	829-831	hy	_	_	_	
5-14	831-832	)	_	_	_	
5-15	833-837	zijt	_	_	_	
5-16	838-841	ghy	_	_	_	
5-17	842-846	wijs	_	_	_	
5-18	846-847	.	_	_	_	

#Text=Ende dit bewijst die schilderije van S.
6-1	848-852	Ende	_	_	_	
6-2	853-856	dit	_	_	_	
6-3	857-864	bewijst	_	_	_	
6-4	865-868	die	_	_	_	
6-5	869-880	schilderije	_	_	_	
6-6	881-884	van	_	_	_	
6-7	885-886	S	_	_	_	
6-8	886-887	.	_	_	_	

#Text=Bernardt,
#Text=daer hy alle de instrumenten van der Passie Christi, in sijne armen als een bondel is
#Text=omhelsende: met dese sententie daer by ghevoeght, uyt+ der Cantijcken ghenomen:
#Text=
#Text=Fasciculus myrrhae dilectus
#Text=meus mihi: inter vbera mea
#Text=commorabitur: Mijnen
7-1	888-896	Bernardt	_	_	_	
7-2	896-897	,	_	_	_	
7-3	898-902	daer	_	_	_	
7-4	903-905	hy	_	_	_	
7-5	906-910	alle	_	_	_	
7-6	911-913	de	_	_	_	
7-7	914-926	instrumenten	_	_	_	
7-8	927-930	van	_	_	_	
7-9	931-934	der	_	_	_	
7-10	935-941	Passie	_	_	_	
7-11	942-949	Christi	_	_	_	
7-12	949-950	,	_	_	_	
7-13	951-953	in	_	_	_	
7-14	954-959	sijne	_	_	_	
7-15	960-965	armen	_	_	_	
7-16	966-969	als	_	_	_	
7-17	970-973	een	_	_	_	
7-18	974-980	bondel	_	_	_	
7-19	981-983	is	_	_	_	
7-20	984-994	omhelsende	_	_	_	
7-21	994-995	:	_	_	_	
7-22	996-999	met	_	_	_	
7-23	1000-1004	dese	_	_	_	
7-24	1005-1014	sententie	_	_	_	
7-25	1015-1019	daer	_	_	_	
7-26	1020-1022	by	_	_	_	
7-27	1023-1032	ghevoeght	_	_	_	
7-28	1032-1033	,	_	_	_	
7-29	1034-1037	uyt	_	_	_	
7-30	1037-1038	+	_	_	_	
7-31	1039-1042	der	_	_	_	
7-32	1043-1053	Cantijcken	_	_	_	
7-33	1054-1062	ghenomen	_	_	_	
7-34	1062-1063	:	_	_	_	
7-35	1065-1075	Fasciculus	_	_	_	
7-36	1076-1083	myrrhae	_	_	_	
7-37	1084-1092	dilectus	_	_	_	
7-38	1093-1097	meus	_	_	_	
7-39	1098-1102	mihi	_	_	_	
7-40	1102-1103	:	_	_	_	
7-41	1104-1109	inter	_	_	_	
7-42	1110-1115	vbera	_	_	_	
7-43	1116-1119	mea	_	_	_	
7-44	1120-1132	commorabitur	_	_	_	
7-45	1132-1133	:	_	_	_	
7-46	1134-1140	Mijnen	_	_	_	
