#FORMAT=WebAnno TSV 3.3


#Text=want een Geest heeft vleesch noch been; dat hebbense dus verre van den reghten
#Text=meester al geleerd.
1-1	1-5	want	
1-2	6-9	een	
1-3	10-15	Geest	
1-4	16-21	heeft	
1-5	22-29	vleesch	
1-6	30-34	noch	
1-7	35-39	been	
1-8	39-40	;	
1-9	41-44	dat	
1-10	45-53	hebbense	
1-11	54-57	dus	
1-12	58-63	verre	
1-13	64-67	van	
1-14	68-71	den	
1-15	72-79	reghten	
1-16	80-87	meester	
1-17	88-90	al	
1-18	91-98	geleerd	
1-19	98-99	.	

#Text=Luk.
#Text=24: 39.
2-1	100-103	Luk	
2-2	103-104	.	
2-3	105-107	24	
2-4	107-108	:	
2-5	109-111	39	
2-6	111-112	.	

#Text=Maar wie maakt dat schijnsel evenwel?
3-1	113-117	Maar	
3-2	118-121	wie	
3-3	122-127	maakt	
3-4	128-131	dat	
3-5	132-141	schijnsel	
3-6	142-149	evenwel	
3-7	149-150	?	

#Text=want het
#Text=moet ene oorsaak hebben:
#Text=om dat het, schoon niet handelbaar, nochtans sienlik is,
#Text=en sich dikmaals horen laat.
4-1	151-155	want	
4-2	156-159	het	
4-3	160-164	moet	
4-4	165-168	ene	
4-5	169-176	oorsaak	
4-6	177-183	hebben	
4-7	183-184	:	
4-8	185-187	om	
4-9	188-191	dat	
4-10	192-195	het	
4-11	195-196	,	
4-12	197-203	schoon	
4-13	204-208	niet	
4-14	209-219	handelbaar	
4-15	219-220	,	
4-16	221-229	nochtans	
4-17	230-237	sienlik	
4-18	238-240	is	
4-19	240-241	,	
4-20	242-244	en	
4-21	245-249	sich	
4-22	250-258	dikmaals	
4-23	259-264	horen	
4-24	265-269	laat	
4-25	269-270	.	

#Text=Is dat nu het lichaam des verstorvenen?
5-1	271-273	Is	
5-2	274-277	dat	
5-3	278-280	nu	
5-4	281-284	het	
5-5	285-292	lichaam	
5-6	293-296	des	
5-7	297-309	verstorvenen	
5-8	309-310	?	

#Text=Neen: want het
#Text=self geen lichaam is, maar schijnt; en 't gene waarlik is, light begraven, of is mogelik
#Text=al lang verrot.
6-1	311-315	Neen	
6-2	315-316	:	
6-3	317-321	want	
6-4	322-325	het	
6-5	326-330	self	
6-6	331-335	geen	
6-7	336-343	lichaam	
6-8	344-346	is	
6-9	346-347	,	
6-10	348-352	maar	
6-11	353-360	schijnt	
6-12	360-361	;	
6-13	362-364	en	
6-14	365-366	'	
6-15	366-367	t	
6-16	368-372	gene	
6-17	373-380	waarlik	
6-18	381-383	is	
6-19	383-384	,	
6-20	385-390	light	
6-21	391-399	begraven	
6-22	399-400	,	
6-23	401-403	of	
6-24	404-406	is	
6-25	407-414	mogelik	
6-26	415-417	al	
6-27	418-422	lang	
6-28	423-429	verrot	
6-29	429-430	.	

#Text=Is 't des menschen Ziele dan?
7-1	431-433	Is	
7-2	434-435	'	
7-3	435-436	t	
7-4	437-440	des	
7-5	441-449	menschen	
7-6	450-455	Ziele	
7-7	456-459	dan	
7-8	459-460	?	

#Text=hoe krijgt die de gedaante van haar
#Text=Lichaam dat niet meer in wesen is?
8-1	461-464	hoe	
8-2	465-471	krijgt	
8-3	472-475	die	
8-4	476-478	de	
8-5	479-487	gedaante	
8-6	488-491	van	
8-7	492-496	haar	
8-8	497-504	Lichaam	
8-9	505-508	dat	
8-10	509-513	niet	
8-11	514-518	meer	
8-12	519-521	in	
8-13	522-527	wesen	
8-14	528-530	is	
8-15	530-531	?	

#Text=Of kanse buiten 't lichaam zijnde, 't schijnsel
#Text=daar van maken in de lucht;
#Text=daar sy 't noch in 't lichaam zijnde nooit heeft konnen
#Text=doen?
9-1	532-534	Of	
9-2	535-540	kanse	
9-3	541-547	buiten	
9-4	548-549	'	
9-5	549-550	t	
9-6	551-558	lichaam	
9-7	559-565	zijnde	
9-8	565-566	,	
9-9	567-568	'	
9-10	568-569	t	
9-11	570-579	schijnsel	
9-12	580-584	daar	
9-13	585-588	van	
9-14	589-594	maken	
9-15	595-597	in	
9-16	598-600	de	
9-17	601-606	lucht	
9-18	606-607	;	
9-19	608-612	daar	
9-20	613-615	sy	
9-21	616-617	'	
9-22	617-618	t	
9-23	619-623	noch	
9-24	624-626	in	
9-25	627-628	'	
9-26	628-629	t	
9-27	630-637	lichaam	
9-28	638-644	zijnde	
9-29	645-650	nooit	
9-30	651-656	heeft	
9-31	657-663	konnen	
9-32	664-668	doen	
9-33	668-669	?	

#Text=Dat is, kan de Ziel, onlichamelike geworden, lichameliker werken dan te voren,
#Text=doe sy al de delen en de kraght haars lichaams tot behulp hadde:
#Text=dat maakt my niemant
#Text=
#Text=
#Text=wijs:
#Text=veel min, dat enige Geest self een lichaam maken, of een dood lichaam bezielen
#Text=kan.
10-1	670-673	Dat	
10-2	674-676	is	
10-3	676-677	,	
10-4	678-681	kan	
10-5	682-684	de	
10-6	685-689	Ziel	
10-7	689-690	,	
10-8	691-704	onlichamelike	
10-9	705-713	geworden	
10-10	713-714	,	
10-11	715-727	lichameliker	
10-12	728-734	werken	
10-13	735-738	dan	
10-14	739-741	te	
10-15	742-747	voren	
10-16	747-748	,	
10-17	749-752	doe	
10-18	753-755	sy	
10-19	756-758	al	
10-20	759-761	de	
10-21	762-767	delen	
10-22	768-770	en	
10-23	771-773	de	
10-24	774-780	kraght	
10-25	781-786	haars	
10-26	787-795	lichaams	
10-27	796-799	tot	
10-28	800-806	behulp	
10-29	807-812	hadde	
10-30	812-813	:	
10-31	814-817	dat	
10-32	818-823	maakt	
10-33	824-826	my	
10-34	827-834	niemant	
10-35	837-841	wijs	
10-36	841-842	:	
10-37	843-847	veel	
10-38	848-851	min	
10-39	851-852	,	
10-40	853-856	dat	
10-41	857-862	enige	
10-42	863-868	Geest	
10-43	869-873	self	
10-44	874-877	een	
10-45	878-885	lichaam	
10-46	886-891	maken	
10-47	891-892	,	
10-48	893-895	of	
10-49	896-899	een	
10-50	900-904	dood	
10-51	905-912	lichaam	
10-52	913-921	bezielen	
10-53	922-925	kan	
10-54	925-926	.	

#Text='t Een en 't ander heb ik in 't V. hoofdstuk §.
#Text=7.
#Text=14.
11-1	927-928	'	
11-2	928-929	t	
11-3	930-933	Een	
11-4	934-936	en	
11-5	937-938	'	
11-6	938-939	t	
11-7	940-945	ander	
11-8	946-949	heb	
11-9	950-952	ik	
11-10	953-955	in	
11-11	956-957	'	
11-12	957-958	t	
11-13	959-960	V	
11-14	960-961	.	
11-15	962-971	hoofdstuk	
11-16	972-973	§	
11-17	973-974	.	
11-18	975-976	7	
11-19	976-977	.	
11-20	978-980	14	
11-21	980-981	.	
