#FORMAT=WebAnno TSV 3.3
#T_SP=custom.Span|label
#T_RL=custom.Relation|label|BT_custom.Span


#Text=Geſchwaͤr
#Text=der Naſen.
1-1	5-14	Geſchwaͤr	_	_	_	
1-2	15-18	der	_	_	_	
1-3	19-24	Naſen	_	_	_	
1-4	24-25	.	_	_	_	

#Text=Wider die Geſchwaͤr des Munds.
#Text=:
#Text=Nim̃
#Text=Myrtenkoͤrner ein halb Loth/ Odermaͤnnig
#Text=und Braunellen jedes ein halbe Hand voll/
#Text=
#Text=ſiede es in einem Quartal friſchen Brunn-
#Text=waſſers ſichte es durch ein Tuch thue darzu
#Text=4.
2-1	27-32	Wider	_	_	_	
2-2	33-36	die	_	_	_	
2-3	37-46	Geſchwaͤr	_	_	_	
2-4	47-50	des	_	_	_	
2-5	51-56	Munds	_	_	_	
2-6	56-57	.	_	_	_	
2-7	58-59	:	_	_	_	
2-8	60-64	Nim̃	_	_	_	
2-9	65-78	Myrtenkoͤrner	_	_	_	
2-10	79-82	ein	_	_	_	
2-11	83-87	halb	_	_	_	
2-12	88-92	Loth	_	_	_	
2-13	92-93	/	_	_	_	
2-14	94-105	Odermaͤnnig	_	_	_	
2-15	106-109	und	_	_	_	
2-16	110-120	Braunellen	_	_	_	
2-17	121-126	jedes	_	_	_	
2-18	127-130	ein	_	_	_	
2-19	131-136	halbe	_	_	_	
2-20	137-141	Hand	_	_	_	
2-21	142-146	voll	_	_	_	
2-22	146-147	/	_	_	_	
2-23	149-154	ſiede	_	_	_	
2-24	155-157	es	_	_	_	
2-25	158-160	in	_	_	_	
2-26	161-166	einem	_	_	_	
2-27	167-174	Quartal	_	_	_	
2-28	175-183	friſchen	_	_	_	
2-29	184-189	Brunn	_	_	_	
2-30	189-190	-	_	_	_	
2-31	191-198	waſſers	_	_	_	
2-32	199-205	ſichte	_	_	_	
2-33	206-208	es	_	_	_	
2-34	209-214	durch	_	_	_	
2-35	215-218	ein	_	_	_	
2-36	219-223	Tuch	_	_	_	
2-37	224-228	thue	_	_	_	
2-38	229-234	darzu	_	_	_	
2-39	235-236	4	_	_	_	
2-40	236-237	.	_	_	_	

#Text=Loth Roſenhonig/ und gebrauche es wie ein
#Text=Gurgelwaſſer.
3-1	238-242	Loth	_	_	_	
3-2	243-253	Roſenhonig	_	_	_	
3-3	253-254	/	_	_	_	
3-4	255-258	und	_	_	_	
3-5	259-268	gebrauche	_	_	_	
3-6	269-271	es	_	_	_	
3-7	272-275	wie	_	_	_	
3-8	276-279	ein	_	_	_	
3-9	280-292	Gurgelwaſſer	_	_	_	
3-10	292-293	.	_	_	_	

#Text=Geſchwaͤr
#Text=
#Text=des mundſ
#Text=
#Text=Das von den Blaͤttern diſtillierte Waſ-
#Text=ſer/ gibt ein lieblichen Geruch von ſich/
#Text=ſtaͤr-
#Text=cket das Haupt und Hertz/ wird mit andern
#Text=wohlriechenden Waſſeren vermiſcht.
4-1	297-306	Geſchwaͤr	_	_	_	
4-2	308-311	des	_	_	_	
4-3	312-317	mundſ	_	_	_	
4-4	319-322	Das	Smell\_Source[1]	_	_	
4-5	323-326	von	Smell\_Source[1]	_	_	
4-6	327-330	den	Smell\_Source[1]	_	_	
4-7	331-340	Blaͤttern	Smell\_Source[1]	_	_	
4-8	341-353	diſtillierte	Smell\_Source[1]	_	_	
4-9	354-357	Waſ	Smell\_Source[1]	_	_	
4-10	357-358	-	Smell\_Source[1]	_	_	
4-11	359-362	ſer	Smell\_Source[1]	_	_	
4-12	362-363	/	_	_	_	
4-13	364-368	gibt	_	_	_	
4-14	369-372	ein	_	_	_	
4-15	373-383	lieblichen	Quality	_	_	
4-16	384-390	Geruch	Smell\_Word	*|*|*	4-15|4-4[1_0]|4-20[2_0]	
4-17	391-394	von	_	_	_	
4-18	395-399	ſich	_	_	_	
4-19	399-400	/	_	_	_	
4-20	401-406	ſtaͤr	Effect[2]	_	_	
4-21	406-407	-	Effect[2]	_	_	
4-22	408-412	cket	Effect[2]	_	_	
4-23	413-416	das	Effect[2]	_	_	
4-24	417-422	Haupt	Effect[2]	_	_	
4-25	423-426	und	Effect[2]	_	_	
4-26	427-432	Hertz	Effect[2]	_	_	
4-27	432-433	/	_	_	_	
4-28	434-438	wird	_	_	_	
4-29	439-442	mit	_	_	_	
4-30	443-449	andern	_	_	_	
4-31	450-464	wohlriechenden	Smell\_Word[3]|Quality[4]	*|*	4-31[4_3]|4-32[0_3]	
4-32	465-473	Waſſeren	Smell\_Source	_	_	
4-33	474-483	vermiſcht	_	_	_	
4-34	483-484	.	_	_	_	

#Text=Haupt-__
#Text=
#Text=Hertz-ſtaͤr-
#Text=
#Text=cken.
5-1	488-493	Haupt	_	_	_	
5-2	493-494	-	_	_	_	
5-3	494-495	_	_	_	_	
5-4	495-496	_	_	_	_	
5-5	498-509	Hertz-ſtaͤr	_	_	_	
5-6	509-510	-	_	_	_	
5-7	512-516	cken	_	_	_	
5-8	516-517	.	_	_	_	

#Text=Das
#Text=\f
#Text=[71/0087]
#Text=
#Text=
#Text=Von den Baum-und Staud-Gewaͤchſen.
6-1	520-523	Das	_	_	_	
6-2	526-527	[	_	_	_	
6-3	527-529	71	_	_	_	
6-4	529-530	/	_	_	_	
6-5	530-534	0087	_	_	_	
6-6	534-535	]	_	_	_	
6-7	538-541	Von	_	_	_	
6-8	542-545	den	_	_	_	
6-9	546-554	Baum-und	_	_	_	
6-10	555-571	Staud-Gewaͤchſen	_	_	_	
6-11	571-572	.	_	_	_	
