#FORMAT=WebAnno TSV 3.3


#Text=hebbende schier geene trekken van Negers, en gelykende meer naar de blanken
#Text=
#Text=
#Text=dan zwarten;
#Text=doch hunne kleur is echter geel.
1-1	3-11	hebbende	
1-2	12-18	schier	
1-3	19-24	geene	
1-4	25-32	trekken	
1-5	33-36	van	
1-6	37-43	Negers	
1-7	43-44	,	
1-8	45-47	en	
1-9	48-57	gelykende	
1-10	58-62	meer	
1-11	63-67	naar	
1-12	68-70	de	
1-13	71-78	blanken	
1-14	81-84	dan	
1-15	85-92	zwarten	
1-16	92-93	;	
1-17	94-98	doch	
1-18	99-104	hunne	
1-19	105-110	kleur	
1-20	111-113	is	
1-21	114-120	echter	
1-22	121-125	geel	
1-23	125-126	.	

#Text=Van dezen zyn 'er weinigen, die 
#Text=slaaven blyven, vooral, indien zy uit Negerinnen voort-spruiten, welken den Vader 
#Text=in eigendom toekomen, om dat die hen dan vrymaaken kan, en vervolgens niets 
#Text=verzuimt om hun eene goede opvoeding te geeven.
2-1	127-130	Van	
2-2	131-136	dezen	
2-3	137-140	zyn	
2-4	141-142	'	
2-5	142-144	er	
2-6	145-153	weinigen	
2-7	153-154	,	
2-8	155-158	die	
2-9	160-167	slaaven	
2-10	168-174	blyven	
2-11	174-175	,	
2-12	176-182	vooral	
2-13	182-183	,	
2-14	184-190	indien	
2-15	191-193	zy	
2-16	194-197	uit	
2-17	198-208	Negerinnen	
2-18	209-223	voort-spruiten	
2-19	223-224	,	
2-20	225-231	welken	
2-21	232-235	den	
2-22	236-241	Vader	
2-23	243-245	in	
2-24	246-254	eigendom	
2-25	255-263	toekomen	
2-26	263-264	,	
2-27	265-267	om	
2-28	268-271	dat	
2-29	272-275	die	
2-30	276-279	hen	
2-31	280-283	dan	
2-32	284-293	vrymaaken	
2-33	294-297	kan	
2-34	297-298	,	
2-35	299-301	en	
2-36	302-312	vervolgens	
2-37	313-318	niets	
2-38	320-328	verzuimt	
2-39	329-331	om	
2-40	332-335	hun	
2-41	336-340	eene	
2-42	341-346	goede	
2-43	347-356	opvoeding	
2-44	357-359	te	
2-45	360-366	geeven	
2-46	366-367	.	

#Text=Zy laaten dezelven een beroep 
#Text=leeren, daar zy hen toe genegen vinden, en zo ras zy in staat zyn om de kost te
#Text=winnen, bemoeit 'er de Vader zich zelden meer mede.
3-1	368-370	Zy	
3-2	371-377	laaten	
3-3	378-386	dezelven	
3-4	387-390	een	
3-5	391-397	beroep	
3-6	399-405	leeren	
3-7	405-406	,	
3-8	407-411	daar	
3-9	412-414	zy	
3-10	415-418	hen	
3-11	419-422	toe	
3-12	423-430	genegen	
3-13	431-437	vinden	
3-14	437-438	,	
3-15	439-441	en	
3-16	442-444	zo	
3-17	445-448	ras	
3-18	449-451	zy	
3-19	452-454	in	
3-20	455-460	staat	
3-21	461-464	zyn	
3-22	465-467	om	
3-23	468-470	de	
3-24	471-475	kost	
3-25	476-478	te	
3-26	479-485	winnen	
3-27	485-486	,	
3-28	487-494	bemoeit	
3-29	495-496	'	
3-30	496-498	er	
3-31	499-501	de	
3-32	502-507	Vader	
3-33	508-512	zich	
3-34	513-519	zelden	
3-35	520-524	meer	
3-36	525-529	mede	
3-37	529-530	.	

#Text=Doch daar is geene Natie, 
#Text=die de dankbaarheid meer ter harte gaat, zelfs in zo verre, dat zy alle gevaaren 
#Text=zouden braveeren, om het leeven van hunnen weldoener te behouden en te 
#Text=verdedigen, ten kosten van hun eigen leeven.
4-1	531-535	Doch	
4-2	536-540	daar	
4-3	541-543	is	
4-4	544-549	geene	
4-5	550-555	Natie	
4-6	555-556	,	
4-7	558-561	die	
4-8	562-564	de	
4-9	565-577	dankbaarheid	
4-10	578-582	meer	
4-11	583-586	ter	
4-12	587-592	harte	
4-13	593-597	gaat	
4-14	597-598	,	
4-15	599-604	zelfs	
4-16	605-607	in	
4-17	608-610	zo	
4-18	611-616	verre	
4-19	616-617	,	
4-20	618-621	dat	
4-21	622-624	zy	
4-22	625-629	alle	
4-23	630-638	gevaaren	
4-24	640-646	zouden	
4-25	647-656	braveeren	
4-26	656-657	,	
4-27	658-660	om	
4-28	661-664	het	
4-29	665-671	leeven	
4-30	672-675	van	
4-31	676-682	hunnen	
4-32	683-692	weldoener	
4-33	693-695	te	
4-34	696-704	behouden	
4-35	705-707	en	
4-36	708-710	te	
4-37	712-722	verdedigen	
4-38	722-723	,	
4-39	724-727	ten	
4-40	728-734	kosten	
4-41	735-738	van	
4-42	739-742	hun	
4-43	743-748	eigen	
4-44	749-755	leeven	
4-45	755-756	.	

#Text=Daarenboven bezitten zy allerleie 
#Text=
#Text=goede hoedanigheden
#Text=; en zyn zeer ieverig in de pligten van den Christelyken 
#Text=Godsdienst, zo dra men hen daar in, onderweezen heeft; begrypen alles, wat men 
#Text=hen leert, zeer gemakkelyk, en worden
#Text=
#Text=
#Text=
#Text=
#Text=+Van de Mulaters.
5-1	757-768	Daarenboven	
5-2	769-777	bezitten	
5-3	778-780	zy	
5-4	781-790	allerleie	
5-5	793-798	goede	
5-6	799-812	hoedanigheden	
5-7	813-814	;	
5-8	815-817	en	
5-9	818-821	zyn	
5-10	822-826	zeer	
5-11	827-834	ieverig	
5-12	835-837	in	
5-13	838-840	de	
5-14	841-848	pligten	
5-15	849-852	van	
5-16	853-856	den	
5-17	857-869	Christelyken	
5-18	871-881	Godsdienst	
5-19	881-882	,	
5-20	883-885	zo	
5-21	886-889	dra	
5-22	890-893	men	
5-23	894-897	hen	
5-24	898-902	daar	
5-25	903-905	in	
5-26	905-906	,	
5-27	907-918	onderweezen	
5-28	919-924	heeft	
5-29	924-925	;	
5-30	926-934	begrypen	
5-31	935-940	alles	
5-32	940-941	,	
5-33	942-945	wat	
5-34	946-949	men	
5-35	951-954	hen	
5-36	955-960	leert	
5-37	960-961	,	
5-38	962-966	zeer	
5-39	967-977	gemakkelyk	
5-40	977-978	,	
5-41	979-981	en	
5-42	982-988	worden	
5-43	993-994	+	
5-44	994-997	Van	
5-45	998-1000	de	
5-46	1001-1009	Mulaters	
5-47	1009-1010	.	

#Text='er bekwaamer in dan de Zwarten; ook zyn ze kloek en sterk, vernuftig, wakker, 
#Text=arbeidzaam, en van eene levendigheid en stoutmoedigheid, die zomtyds den naam 
#Text=van reukeloosheid verdient
6-1	1017-1018	'	
6-2	1018-1020	er	
6-3	1021-1030	bekwaamer	
6-4	1031-1033	in	
6-5	1034-1037	dan	
6-6	1038-1040	de	
6-7	1041-1048	Zwarten	
6-8	1048-1049	;	
6-9	1050-1053	ook	
6-10	1054-1057	zyn	
6-11	1058-1060	ze	
6-12	1061-1066	kloek	
6-13	1067-1069	en	
6-14	1070-1075	sterk	
6-15	1075-1076	,	
6-16	1077-1086	vernuftig	
6-17	1086-1087	,	
6-18	1088-1094	wakker	
6-19	1094-1095	,	
6-20	1097-1107	arbeidzaam	
6-21	1107-1108	,	
6-22	1109-1111	en	
6-23	1112-1115	van	
6-24	1116-1120	eene	
6-25	1121-1133	levendigheid	
6-26	1134-1136	en	
6-27	1137-1152	stoutmoedigheid	
6-28	1152-1153	,	
6-29	1154-1157	die	
6-30	1158-1165	zomtyds	
6-31	1166-1169	den	
6-32	1170-1174	naam	
6-33	1176-1179	van	
6-34	1180-1193	reukeloosheid	
6-35	1194-1202	verdient	

#Text=.
7-1	1202-1203	.	

#Text=+
#Text=Men geeft den naam van Mestiches aan kinderen, die voorspruiten uit de 
#Text=vermenging van een' Neger met eene Indiaansche of inlandsche vrouwe.
8-1	1210-1211	+	
8-2	1212-1215	Men	
8-3	1216-1221	geeft	
8-4	1222-1225	den	
8-5	1226-1230	naam	
8-6	1231-1234	van	
8-7	1235-1244	Mestiches	
8-8	1245-1248	aan	
8-9	1249-1257	kinderen	
8-10	1257-1258	,	
8-11	1259-1262	die	
8-12	1263-1275	voorspruiten	
8-13	1276-1279	uit	
8-14	1280-1282	de	
8-15	1284-1294	vermenging	
8-16	1295-1298	van	
8-17	1299-1302	een	
8-18	1302-1303	'	
8-19	1304-1309	Neger	
8-20	1310-1313	met	
8-21	1314-1318	eene	
8-22	1319-1330	Indiaansche	
8-23	1331-1333	of	
8-24	1334-1344	inlandsche	
8-25	1345-1351	vrouwe	
8-26	1351-1352	.	

#Text=Deze 
#Text=soort is van eene bruinachtige kleur, die naar het zwart trekt, en heeft zeer zagt 
#Text=gekruld hair.
9-1	1353-1357	Deze	
9-2	1359-1364	soort	
9-3	1365-1367	is	
9-4	1368-1371	van	
9-5	1372-1376	eene	
9-6	1377-1389	bruinachtige	
9-7	1390-1395	kleur	
9-8	1395-1396	,	
9-9	1397-1400	die	
9-10	1401-1405	naar	
9-11	1406-1409	het	
9-12	1410-1415	zwart	
9-13	1416-1421	trekt	
9-14	1421-1422	,	
9-15	1423-1425	en	
9-16	1426-1431	heeft	
9-17	1432-1436	zeer	
9-18	1437-1441	zagt	
9-19	1443-1450	gekruld	
9-20	1451-1455	hair	
9-21	1455-1456	.	

#Text=Van natuure zyn zy wel gemaakt, wordende kloek en sterk.
10-1	1457-1460	Van	
10-2	1461-1468	natuure	
10-3	1469-1472	zyn	
10-4	1473-1475	zy	
10-5	1476-1479	wel	
10-6	1480-1487	gemaakt	
10-7	1487-1488	,	
10-8	1489-1497	wordende	
10-9	1498-1503	kloek	
10-10	1504-1506	en	
10-11	1507-1512	sterk	
10-12	1512-1513	.	

#Text=Hun getal 
#Text=is zeer klein.
11-1	1514-1517	Hun	
11-2	1518-1523	getal	
11-3	1525-1527	is	
11-4	1528-1532	zeer	
11-5	1533-1538	klein	
11-6	1538-1539	.	

#Text=Zy leeren met het zelfde gemak, als de Mulaters, en worden zelfs 
#Text=bekwaamer.
12-1	1540-1542	Zy	
12-2	1543-1549	leeren	
12-3	1550-1553	met	
12-4	1554-1557	het	
12-5	1558-1564	zelfde	
12-6	1565-1570	gemak	
12-7	1570-1571	,	
12-8	1572-1575	als	
12-9	1576-1578	de	
12-10	1579-1587	Mulaters	
12-11	1587-1588	,	
12-12	1589-1591	en	
12-13	1592-1598	worden	
12-14	1599-1604	zelfs	
12-15	1606-1615	bekwaamer	
12-16	1615-1616	.	

#Text=Ik zal hier in 't voorbygaan melden, dat 'er nog eene andere soort van 
#Text=slaaven is, voortkomende uit de vermenging van een' Blanken met eene Indiaansche 
#Text=vrouwe, welk men niet kan onderscheiden dan aan de hairen, die schoon en 
#Text=uitsteekend zwart zyn, gelykende buiten dat, zo ten opzichte der kleur als der trekken, 
#Text=naar de Europeaanen.
13-1	1617-1619	Ik	
13-2	1620-1623	zal	
13-3	1624-1628	hier	
13-4	1629-1631	in	
13-5	1632-1633	'	
13-6	1633-1634	t	
13-7	1635-1645	voorbygaan	
13-8	1646-1652	melden	
13-9	1652-1653	,	
13-10	1654-1657	dat	
13-11	1658-1659	'	
13-12	1659-1661	er	
13-13	1662-1665	nog	
13-14	1666-1670	eene	
13-15	1671-1677	andere	
13-16	1678-1683	soort	
13-17	1684-1687	van	
13-18	1689-1696	slaaven	
13-19	1697-1699	is	
13-20	1699-1700	,	
13-21	1701-1713	voortkomende	
13-22	1714-1717	uit	
13-23	1718-1720	de	
13-24	1721-1731	vermenging	
13-25	1732-1735	van	
13-26	1736-1739	een	
13-27	1739-1740	'	
13-28	1741-1748	Blanken	
13-29	1749-1752	met	
13-30	1753-1757	eene	
13-31	1758-1769	Indiaansche	
13-32	1771-1777	vrouwe	
13-33	1777-1778	,	
13-34	1779-1783	welk	
13-35	1784-1787	men	
13-36	1788-1792	niet	
13-37	1793-1796	kan	
13-38	1797-1810	onderscheiden	
13-39	1811-1814	dan	
13-40	1815-1818	aan	
13-41	1819-1821	de	
13-42	1822-1828	hairen	
13-43	1828-1829	,	
13-44	1830-1833	die	
13-45	1834-1840	schoon	
13-46	1841-1843	en	
13-47	1845-1856	uitsteekend	
13-48	1857-1862	zwart	
13-49	1863-1866	zyn	
13-50	1866-1867	,	
13-51	1868-1877	gelykende	
13-52	1878-1884	buiten	
13-53	1885-1888	dat	
13-54	1888-1889	,	
13-55	1890-1892	zo	
13-56	1893-1896	ten	
13-57	1897-1905	opzichte	
13-58	1906-1909	der	
13-59	1910-1915	kleur	
13-60	1916-1919	als	
13-61	1920-1923	der	
13-62	1924-1931	trekken	
13-63	1931-1932	,	
13-64	1934-1938	naar	
13-65	1939-1941	de	
13-66	1942-1953	Europeaanen	
13-67	1953-1954	.	
