#FORMAT=WebAnno TSV 3.3
#T_SP=custom.Span|label


#Text=hebbende schier geene trekken van Negers, en gelykende meer naar de blanken
#Text=
#Text=
#Text=dan zwarten;
#Text=doch hunne kleur is echter geel.
1-1	3-11	hebbende	_	
1-2	12-18	schier	_	
1-3	19-24	geene	_	
1-4	25-32	trekken	_	
1-5	33-36	van	_	
1-6	37-43	Negers	_	
1-7	43-44	,	_	
1-8	45-47	en	_	
1-9	48-57	gelykende	_	
1-10	58-62	meer	_	
1-11	63-67	naar	_	
1-12	68-70	de	_	
1-13	71-78	blanken	_	
1-14	81-84	dan	_	
1-15	85-92	zwarten	_	
1-16	92-93	;	_	
1-17	94-98	doch	_	
1-18	99-104	hunne	_	
1-19	105-110	kleur	_	
1-20	111-113	is	_	
1-21	114-120	echter	_	
1-22	121-125	geel	_	
1-23	125-126	.	_	

#Text=Van dezen zyn 'er weinigen, die 
#Text=slaaven blyven, vooral, indien zy uit Negerinnen voort-spruiten, welken den Vader 
#Text=in eigendom toekomen, om dat die hen dan vrymaaken kan, en vervolgens niets 
#Text=verzuimt om hun eene goede opvoeding te geeven.
2-1	127-130	Van	_	
2-2	131-136	dezen	_	
2-3	137-140	zyn	_	
2-4	141-142	'	_	
2-5	142-144	er	_	
2-6	145-153	weinigen	_	
2-7	153-154	,	_	
2-8	155-158	die	_	
2-9	160-167	slaaven	_	
2-10	168-174	blyven	_	
2-11	174-175	,	_	
2-12	176-182	vooral	_	
2-13	182-183	,	_	
2-14	184-190	indien	_	
2-15	191-193	zy	_	
2-16	194-197	uit	_	
2-17	198-208	Negerinnen	_	
2-18	209-223	voort-spruiten	_	
2-19	223-224	,	_	
2-20	225-231	welken	_	
2-21	232-235	den	_	
2-22	236-241	Vader	_	
2-23	243-245	in	_	
2-24	246-254	eigendom	_	
2-25	255-263	toekomen	_	
2-26	263-264	,	_	
2-27	265-267	om	_	
2-28	268-271	dat	_	
2-29	272-275	die	_	
2-30	276-279	hen	_	
2-31	280-283	dan	_	
2-32	284-293	vrymaaken	_	
2-33	294-297	kan	_	
2-34	297-298	,	_	
2-35	299-301	en	_	
2-36	302-312	vervolgens	_	
2-37	313-318	niets	_	
2-38	320-328	verzuimt	_	
2-39	329-331	om	_	
2-40	332-335	hun	_	
2-41	336-340	eene	_	
2-42	341-346	goede	_	
2-43	347-356	opvoeding	_	
2-44	357-359	te	_	
2-45	360-366	geeven	_	
2-46	366-367	.	_	

#Text=Zy laaten dezelven een beroep 
#Text=leeren, daar zy hen toe genegen vinden, en zo ras zy in staat zyn om de kost te
#Text=winnen, bemoeit 'er de Vader zich zelden meer mede.
3-1	368-370	Zy	_	
3-2	371-377	laaten	_	
3-3	378-386	dezelven	_	
3-4	387-390	een	_	
3-5	391-397	beroep	_	
3-6	399-405	leeren	_	
3-7	405-406	,	_	
3-8	407-411	daar	_	
3-9	412-414	zy	_	
3-10	415-418	hen	_	
3-11	419-422	toe	_	
3-12	423-430	genegen	_	
3-13	431-437	vinden	_	
3-14	437-438	,	_	
3-15	439-441	en	_	
3-16	442-444	zo	_	
3-17	445-448	ras	_	
3-18	449-451	zy	_	
3-19	452-454	in	_	
3-20	455-460	staat	_	
3-21	461-464	zyn	_	
3-22	465-467	om	_	
3-23	468-470	de	_	
3-24	471-475	kost	_	
3-25	476-478	te	_	
3-26	479-485	winnen	_	
3-27	485-486	,	_	
3-28	487-494	bemoeit	_	
3-29	495-496	'	_	
3-30	496-498	er	_	
3-31	499-501	de	_	
3-32	502-507	Vader	_	
3-33	508-512	zich	_	
3-34	513-519	zelden	_	
3-35	520-524	meer	_	
3-36	525-529	mede	_	
3-37	529-530	.	_	

#Text=Doch daar is geene Natie, 
#Text=die de dankbaarheid meer ter harte gaat, zelfs in zo verre, dat zy alle gevaaren 
#Text=zouden braveeren, om het leeven van hunnen weldoener te behouden en te 
#Text=verdedigen, ten kosten van hun eigen leeven.
4-1	531-535	Doch	_	
4-2	536-540	daar	_	
4-3	541-543	is	_	
4-4	544-549	geene	_	
4-5	550-555	Natie	_	
4-6	555-556	,	_	
4-7	558-561	die	_	
4-8	562-564	de	_	
4-9	565-577	dankbaarheid	_	
4-10	578-582	meer	_	
4-11	583-586	ter	_	
4-12	587-592	harte	_	
4-13	593-597	gaat	_	
4-14	597-598	,	_	
4-15	599-604	zelfs	_	
4-16	605-607	in	_	
4-17	608-610	zo	_	
4-18	611-616	verre	_	
4-19	616-617	,	_	
4-20	618-621	dat	_	
4-21	622-624	zy	_	
4-22	625-629	alle	_	
4-23	630-638	gevaaren	_	
4-24	640-646	zouden	_	
4-25	647-656	braveeren	_	
4-26	656-657	,	_	
4-27	658-660	om	_	
4-28	661-664	het	_	
4-29	665-671	leeven	_	
4-30	672-675	van	_	
4-31	676-682	hunnen	_	
4-32	683-692	weldoener	_	
4-33	693-695	te	_	
4-34	696-704	behouden	_	
4-35	705-707	en	_	
4-36	708-710	te	_	
4-37	712-722	verdedigen	_	
4-38	722-723	,	_	
4-39	724-727	ten	_	
4-40	728-734	kosten	_	
4-41	735-738	van	_	
4-42	739-742	hun	_	
4-43	743-748	eigen	_	
4-44	749-755	leeven	_	
4-45	755-756	.	_	

#Text=Daarenboven bezitten zy allerleie 
#Text=
#Text=goede hoedanigheden
#Text=; en zyn zeer ieverig in de pligten van den Christelyken 
#Text=Godsdienst, zo dra men hen daar in, onderweezen heeft; begrypen alles, wat men 
#Text=hen leert, zeer gemakkelyk, en worden
#Text=
#Text=
#Text=
#Text=
#Text=+Van de Mulaters.
5-1	757-768	Daarenboven	_	
5-2	769-777	bezitten	_	
5-3	778-780	zy	_	
5-4	781-790	allerleie	_	
5-5	793-798	goede	_	
5-6	799-812	hoedanigheden	_	
5-7	813-814	;	_	
5-8	815-817	en	_	
5-9	818-821	zyn	_	
5-10	822-826	zeer	_	
5-11	827-834	ieverig	_	
5-12	835-837	in	_	
5-13	838-840	de	_	
5-14	841-848	pligten	_	
5-15	849-852	van	_	
5-16	853-856	den	_	
5-17	857-869	Christelyken	_	
5-18	871-881	Godsdienst	_	
5-19	881-882	,	_	
5-20	883-885	zo	_	
5-21	886-889	dra	_	
5-22	890-893	men	_	
5-23	894-897	hen	_	
5-24	898-902	daar	_	
5-25	903-905	in	_	
5-26	905-906	,	_	
5-27	907-918	onderweezen	_	
5-28	919-924	heeft	_	
5-29	924-925	;	_	
5-30	926-934	begrypen	_	
5-31	935-940	alles	_	
5-32	940-941	,	_	
5-33	942-945	wat	_	
5-34	946-949	men	_	
5-35	951-954	hen	_	
5-36	955-960	leert	_	
5-37	960-961	,	_	
5-38	962-966	zeer	_	
5-39	967-977	gemakkelyk	_	
5-40	977-978	,	_	
5-41	979-981	en	_	
5-42	982-988	worden	_	
5-43	993-994	+	_	
5-44	994-997	Van	_	
5-45	998-1000	de	_	
5-46	1001-1009	Mulaters	_	
5-47	1009-1010	.	_	

#Text='er bekwaamer in dan de Zwarten; ook zyn ze kloek en sterk, vernuftig, wakker, 
#Text=arbeidzaam, en van eene levendigheid en stoutmoedigheid, die zomtyds den naam 
#Text=van reukeloosheid verdient
6-1	1017-1018	'	_	
6-2	1018-1020	er	_	
6-3	1021-1030	bekwaamer	_	
6-4	1031-1033	in	_	
6-5	1034-1037	dan	_	
6-6	1038-1040	de	_	
6-7	1041-1048	Zwarten	_	
6-8	1048-1049	;	_	
6-9	1050-1053	ook	_	
6-10	1054-1057	zyn	_	
6-11	1058-1060	ze	_	
6-12	1061-1066	kloek	_	
6-13	1067-1069	en	_	
6-14	1070-1075	sterk	_	
6-15	1075-1076	,	_	
6-16	1077-1086	vernuftig	_	
6-17	1086-1087	,	_	
6-18	1088-1094	wakker	_	
6-19	1094-1095	,	_	
6-20	1097-1107	arbeidzaam	_	
6-21	1107-1108	,	_	
6-22	1109-1111	en	_	
6-23	1112-1115	van	_	
6-24	1116-1120	eene	_	
6-25	1121-1133	levendigheid	_	
6-26	1134-1136	en	_	
6-27	1137-1152	stoutmoedigheid	_	
6-28	1152-1153	,	_	
6-29	1154-1157	die	_	
6-30	1158-1165	zomtyds	_	
6-31	1166-1169	den	_	
6-32	1170-1174	naam	_	
6-33	1176-1179	van	_	
6-34	1180-1193	reukeloosheid	Smell\_Word	
6-35	1194-1202	verdient	_	

#Text=.
7-1	1202-1203	.	_	

#Text=+
#Text=Men geeft den naam van Mestiches aan kinderen, die voorspruiten uit de 
#Text=vermenging van een' Neger met eene Indiaansche of inlandsche vrouwe.
8-1	1210-1211	+	_	
8-2	1212-1215	Men	_	
8-3	1216-1221	geeft	_	
8-4	1222-1225	den	_	
8-5	1226-1230	naam	_	
8-6	1231-1234	van	_	
8-7	1235-1244	Mestiches	_	
8-8	1245-1248	aan	_	
8-9	1249-1257	kinderen	_	
8-10	1257-1258	,	_	
8-11	1259-1262	die	_	
8-12	1263-1275	voorspruiten	_	
8-13	1276-1279	uit	_	
8-14	1280-1282	de	_	
8-15	1284-1294	vermenging	_	
8-16	1295-1298	van	_	
8-17	1299-1302	een	_	
8-18	1302-1303	'	_	
8-19	1304-1309	Neger	_	
8-20	1310-1313	met	_	
8-21	1314-1318	eene	_	
8-22	1319-1330	Indiaansche	_	
8-23	1331-1333	of	_	
8-24	1334-1344	inlandsche	_	
8-25	1345-1351	vrouwe	_	
8-26	1351-1352	.	_	

#Text=Deze 
#Text=soort is van eene bruinachtige kleur, die naar het zwart trekt, en heeft zeer zagt 
#Text=gekruld hair.
9-1	1353-1357	Deze	_	
9-2	1359-1364	soort	_	
9-3	1365-1367	is	_	
9-4	1368-1371	van	_	
9-5	1372-1376	eene	_	
9-6	1377-1389	bruinachtige	_	
9-7	1390-1395	kleur	_	
9-8	1395-1396	,	_	
9-9	1397-1400	die	_	
9-10	1401-1405	naar	_	
9-11	1406-1409	het	_	
9-12	1410-1415	zwart	_	
9-13	1416-1421	trekt	_	
9-14	1421-1422	,	_	
9-15	1423-1425	en	_	
9-16	1426-1431	heeft	_	
9-17	1432-1436	zeer	_	
9-18	1437-1441	zagt	_	
9-19	1443-1450	gekruld	_	
9-20	1451-1455	hair	_	
9-21	1455-1456	.	_	

#Text=Van natuure zyn zy wel gemaakt, wordende kloek en sterk.
10-1	1457-1460	Van	_	
10-2	1461-1468	natuure	_	
10-3	1469-1472	zyn	_	
10-4	1473-1475	zy	_	
10-5	1476-1479	wel	_	
10-6	1480-1487	gemaakt	_	
10-7	1487-1488	,	_	
10-8	1489-1497	wordende	_	
10-9	1498-1503	kloek	_	
10-10	1504-1506	en	_	
10-11	1507-1512	sterk	_	
10-12	1512-1513	.	_	

#Text=Hun getal 
#Text=is zeer klein.
11-1	1514-1517	Hun	_	
11-2	1518-1523	getal	_	
11-3	1525-1527	is	_	
11-4	1528-1532	zeer	_	
11-5	1533-1538	klein	_	
11-6	1538-1539	.	_	

#Text=Zy leeren met het zelfde gemak, als de Mulaters, en worden zelfs 
#Text=bekwaamer.
12-1	1540-1542	Zy	_	
12-2	1543-1549	leeren	_	
12-3	1550-1553	met	_	
12-4	1554-1557	het	_	
12-5	1558-1564	zelfde	_	
12-6	1565-1570	gemak	_	
12-7	1570-1571	,	_	
12-8	1572-1575	als	_	
12-9	1576-1578	de	_	
12-10	1579-1587	Mulaters	_	
12-11	1587-1588	,	_	
12-12	1589-1591	en	_	
12-13	1592-1598	worden	_	
12-14	1599-1604	zelfs	_	
12-15	1606-1615	bekwaamer	_	
12-16	1615-1616	.	_	

#Text=Ik zal hier in 't voorbygaan melden, dat 'er nog eene andere soort van 
#Text=slaaven is, voortkomende uit de vermenging van een' Blanken met eene Indiaansche 
#Text=vrouwe, welk men niet kan onderscheiden dan aan de hairen, die schoon en 
#Text=uitsteekend zwart zyn, gelykende buiten dat, zo ten opzichte der kleur als der trekken, 
#Text=naar de Europeaanen.
13-1	1617-1619	Ik	_	
13-2	1620-1623	zal	_	
13-3	1624-1628	hier	_	
13-4	1629-1631	in	_	
13-5	1632-1633	'	_	
13-6	1633-1634	t	_	
13-7	1635-1645	voorbygaan	_	
13-8	1646-1652	melden	_	
13-9	1652-1653	,	_	
13-10	1654-1657	dat	_	
13-11	1658-1659	'	_	
13-12	1659-1661	er	_	
13-13	1662-1665	nog	_	
13-14	1666-1670	eene	_	
13-15	1671-1677	andere	_	
13-16	1678-1683	soort	_	
13-17	1684-1687	van	_	
13-18	1689-1696	slaaven	_	
13-19	1697-1699	is	_	
13-20	1699-1700	,	_	
13-21	1701-1713	voortkomende	_	
13-22	1714-1717	uit	_	
13-23	1718-1720	de	_	
13-24	1721-1731	vermenging	_	
13-25	1732-1735	van	_	
13-26	1736-1739	een	_	
13-27	1739-1740	'	_	
13-28	1741-1748	Blanken	_	
13-29	1749-1752	met	_	
13-30	1753-1757	eene	_	
13-31	1758-1769	Indiaansche	_	
13-32	1771-1777	vrouwe	_	
13-33	1777-1778	,	_	
13-34	1779-1783	welk	_	
13-35	1784-1787	men	_	
13-36	1788-1792	niet	_	
13-37	1793-1796	kan	_	
13-38	1797-1810	onderscheiden	_	
13-39	1811-1814	dan	_	
13-40	1815-1818	aan	_	
13-41	1819-1821	de	_	
13-42	1822-1828	hairen	_	
13-43	1828-1829	,	_	
13-44	1830-1833	die	_	
13-45	1834-1840	schoon	_	
13-46	1841-1843	en	_	
13-47	1845-1856	uitsteekend	_	
13-48	1857-1862	zwart	_	
13-49	1863-1866	zyn	_	
13-50	1866-1867	,	_	
13-51	1868-1877	gelykende	_	
13-52	1878-1884	buiten	_	
13-53	1885-1888	dat	_	
13-54	1888-1889	,	_	
13-55	1890-1892	zo	_	
13-56	1893-1896	ten	_	
13-57	1897-1905	opzichte	_	
13-58	1906-1909	der	_	
13-59	1910-1915	kleur	_	
13-60	1916-1919	als	_	
13-61	1920-1923	der	_	
13-62	1924-1931	trekken	_	
13-63	1931-1932	,	_	
13-64	1934-1938	naar	_	
13-65	1939-1941	de	_	
13-66	1942-1953	Europeaanen	_	
13-67	1953-1954	.	_	
