#FORMAT=WebAnno TSV 3.3


#Text=Als de deelen versterven, moet men Spiritus Matricariae gebruiken, die op deze
#Text=wys gemaakt wordt.
1-1	2-5	Als	
1-2	6-8	de	
1-3	9-15	deelen	
1-4	16-26	versterven	
1-5	26-27	,	
1-6	28-32	moet	
1-7	33-36	men	
1-8	37-45	Spiritus	
1-9	46-57	Matricariae	
1-10	58-67	gebruiken	
1-11	67-68	,	
1-12	69-72	die	
1-13	73-75	op	
1-14	76-80	deze	
1-15	81-84	wys	
1-16	85-92	gemaakt	
1-17	93-98	wordt	
1-18	98-99	.	

#Text=Geest van Matricaria, voor wonden daar ’t koud vuur in komt.
2-1	102-107	Geest	
2-2	108-111	van	
2-3	112-122	Matricaria	
2-4	122-123	,	
2-5	124-128	voor	
2-6	129-135	wonden	
2-7	136-140	daar	
2-8	141-142	’	
2-9	142-143	t	
2-10	144-148	koud	
2-11	149-153	vuur	
2-12	154-156	in	
2-13	157-161	komt	
2-14	161-162	.	

#Text=Neemt Mastic, Myrrhe, Olibanum, Barnsteen, van elks twe dragmen.
3-1	164-169	Neemt	
3-2	170-176	Mastic	
3-3	176-177	,	
3-4	178-184	Myrrhe	
3-5	184-185	,	
3-6	186-194	Olibanum	
3-7	194-195	,	
3-8	196-205	Barnsteen	
3-9	205-206	,	
3-10	207-210	van	
3-11	211-215	elks	
3-12	216-219	twe	
3-13	220-227	dragmen	
3-14	227-228	.	

#Text=Mengt alle
#Text=deze Drogeryen in een pint overgehaalde Brandewyn; welke gy daar na zult laten
#Text=destilleren.
4-1	229-234	Mengt	
4-2	235-239	alle	
4-3	240-244	deze	
4-4	245-254	Drogeryen	
4-5	255-257	in	
4-6	258-261	een	
4-7	262-266	pint	
4-8	267-279	overgehaalde	
4-9	280-289	Brandewyn	
4-10	289-290	;	
4-11	291-296	welke	
4-12	297-299	gy	
4-13	300-304	daar	
4-14	305-307	na	
4-15	308-312	zult	
4-16	313-318	laten	
4-17	319-330	destilleren	
4-18	330-331	.	

#Text=Uitnemende Stovinge voor wonden.
5-1	334-344	Uitnemende	
5-2	345-353	Stovinge	
5-3	354-358	voor	
5-4	359-365	wonden	
5-5	365-366	.	

#Text=Neemt zo veel gekamferde
#Text=Wyn, als Kamferwater, met drie dragmen
#Text=Kamfer;
#Text=gebruikt
#Text=die Stoving
#Text=zeer heet.
6-1	368-373	Neemt	
6-2	374-376	zo	
6-3	377-381	veel	
6-4	382-392	gekamferde	
6-5	393-396	Wyn	
6-6	396-397	,	
6-7	398-401	als	
6-8	402-413	Kamferwater	
6-9	413-414	,	
6-10	415-418	met	
6-11	419-423	drie	
6-12	424-431	dragmen	
6-13	432-438	Kamfer	
6-14	438-439	;	
6-15	440-448	gebruikt	
6-16	449-452	die	
6-17	453-460	Stoving	
6-18	461-465	zeer	
6-19	466-470	heet	
6-20	470-471	.	

#Text=Zie balsem.
7-1	472-475	Zie	
7-2	476-482	balsem	
7-3	482-483	.	

#Text=Hoofdwonden van Paarden, en derzelver genezinge.
8-1	486-497	Hoofdwonden	
8-2	498-501	van	
8-3	502-509	Paarden	
8-4	509-510	,	
8-5	511-513	en	
8-6	514-523	derzelver	
8-7	524-533	genezinge	
8-8	533-534	.	

#Text=Men zegt gemeenlyk, dat men aan ’t hoofd geen kleine wonden heeft.
9-1	537-540	Men	
9-2	541-545	zegt	
9-3	546-555	gemeenlyk	
9-4	555-556	,	
9-5	557-560	dat	
9-6	561-564	men	
9-7	565-568	aan	
9-8	569-570	’	
9-9	570-571	t	
9-10	572-577	hoofd	
9-11	578-582	geen	
9-12	583-589	kleine	
9-13	590-596	wonden	
9-14	597-602	heeft	
9-15	602-603	.	

#Text=De rede daar
#Text=van is de nabyheid van de hersenen, en de veelheid der zenuwen, die zich aldaar
#Text=bevinden.
10-1	604-606	De	
10-2	607-611	rede	
10-3	612-616	daar	
10-4	617-620	van	
10-5	621-623	is	
10-6	624-626	de	
10-7	627-635	nabyheid	
10-8	636-639	van	
10-9	640-642	de	
10-10	643-651	hersenen	
10-11	651-652	,	
10-12	653-655	en	
10-13	656-658	de	
10-14	659-667	veelheid	
10-15	668-671	der	
10-16	672-679	zenuwen	
10-17	679-680	,	
10-18	681-684	die	
10-19	685-689	zich	
10-20	690-696	aldaar	
10-21	697-705	bevinden	
10-22	705-706	.	

#Text=Hierom is ’t dat men in ’t begin, gelyk Vegetius ons leert, middelen niet
#Text=verwaarloozen moet, beginnende gedurig met de zagtste, dragende zorg, dat men ze
#Text=wyder moet maken, om den grond der Wonde te zien en te tasten, zo ’t kan
#Text=
#Text=M.
11-1	707-713	Hierom	
11-2	714-716	is	
11-3	717-718	’	
11-4	718-719	t	
11-5	720-723	dat	
11-6	724-727	men	
11-7	728-730	in	
11-8	731-732	’	
11-9	732-733	t	
11-10	734-739	begin	
11-11	739-740	,	
11-12	741-746	gelyk	
11-13	747-755	Vegetius	
11-14	756-759	ons	
11-15	760-765	leert	
11-16	765-766	,	
11-17	767-775	middelen	
11-18	776-780	niet	
11-19	781-794	verwaarloozen	
11-20	795-799	moet	
11-21	799-800	,	
11-22	801-811	beginnende	
11-23	812-819	gedurig	
11-24	820-823	met	
11-25	824-826	de	
11-26	827-834	zagtste	
11-27	834-835	,	
11-28	836-844	dragende	
11-29	845-849	zorg	
11-30	849-850	,	
11-31	851-854	dat	
11-32	855-858	men	
11-33	859-861	ze	
11-34	862-867	wyder	
11-35	868-872	moet	
11-36	873-878	maken	
11-37	878-879	,	
11-38	880-882	om	
11-39	883-886	den	
11-40	887-892	grond	
11-41	893-896	der	
11-42	897-902	Wonde	
11-43	903-905	te	
11-44	906-910	zien	
11-45	911-913	en	
11-46	914-916	te	
11-47	917-923	tasten	
11-48	923-924	,	
11-49	925-927	zo	
11-50	928-929	’	
11-51	929-930	t	
11-52	931-934	kan	
11-53	936-937	M	
11-54	937-938	.	

#Text=Noel Chomel, Huishoudelyk woordboek
#Text=
#Text=\fgeschieden, zo om de stoffe ontlastinge te geven, als om daar splinters, enz. uit te
#Text=halen, zo’er enige uit moeten komen.
12-1	939-943	Noel	
12-2	944-950	Chomel	
12-3	950-951	,	
12-4	952-964	Huishoudelyk	
12-5	965-974	woordboek	
12-6	977-987	geschieden	
12-7	987-988	,	
12-8	989-991	zo	
12-9	992-994	om	
12-10	995-997	de	
12-11	998-1004	stoffe	
12-12	1005-1016	ontlastinge	
12-13	1017-1019	te	
12-14	1020-1025	geven	
12-15	1025-1026	,	
12-16	1027-1030	als	
12-17	1031-1033	om	
12-18	1034-1038	daar	
12-19	1039-1048	splinters	
12-20	1048-1049	,	
12-21	1050-1053	enz	
12-22	1053-1054	.	
12-23	1055-1058	uit	
12-24	1059-1061	te	
12-25	1062-1067	halen	
12-26	1067-1068	,	
12-27	1069-1071	zo	
12-28	1071-1072	’	
12-29	1072-1074	er	
12-30	1075-1080	enige	
12-31	1081-1084	uit	
12-32	1085-1091	moeten	
12-33	1092-1097	komen	
12-34	1097-1098	.	

#Text=Dragende ook zorge, datze’er uitgetrokken
#Text=worden.
13-1	1099-1107	Dragende	
13-2	1108-1111	ook	
13-3	1112-1117	zorge	
13-4	1117-1118	,	
13-5	1119-1124	datze	
13-6	1124-1125	’	
13-7	1125-1127	er	
13-8	1128-1140	uitgetrokken	
13-9	1141-1147	worden	
13-10	1147-1148	.	

#Text=Dit is beter, dan dat men daar de overtolligheden uithaalt: want gelyk het
#Text=oude Spreukje medebrengt.
14-1	1149-1152	Dit	
14-2	1153-1155	is	
14-3	1156-1161	beter	
14-4	1161-1162	,	
14-5	1163-1166	dan	
14-6	1167-1170	dat	
14-7	1171-1174	men	
14-8	1175-1179	daar	
14-9	1180-1182	de	
14-10	1183-1198	overtolligheden	
14-11	1199-1207	uithaalt	
14-12	1207-1208	:	
14-13	1209-1213	want	
14-14	1214-1219	gelyk	
14-15	1220-1223	het	
14-16	1224-1228	oude	
14-17	1229-1237	Spreukje	
14-18	1238-1248	medebrengt	
14-19	1248-1249	.	

#Text=Paardevlees groeit niet dan al te wel.
15-1	1250-1261	Paardevlees	
15-2	1262-1268	groeit	
15-3	1269-1273	niet	
15-4	1274-1277	dan	
15-5	1278-1280	al	
15-6	1281-1283	te	
15-7	1284-1287	wel	
15-8	1287-1288	.	

#Text=De beenen, die
#Text=elders zullen zyn bedorven, waar ’t ook zyn mag, of daar enig scherp aan is, zullen
#Text=worden afgeschrapt, en’er uitgehaald.
16-1	1289-1291	De	
16-2	1292-1298	beenen	
16-3	1298-1299	,	
16-4	1300-1303	die	
16-5	1304-1310	elders	
16-6	1311-1317	zullen	
16-7	1318-1321	zyn	
16-8	1322-1330	bedorven	
16-9	1330-1331	,	
16-10	1332-1336	waar	
16-11	1337-1338	’	
16-12	1338-1339	t	
16-13	1340-1343	ook	
16-14	1344-1347	zyn	
16-15	1348-1351	mag	
16-16	1351-1352	,	
16-17	1353-1355	of	
16-18	1356-1360	daar	
16-19	1361-1365	enig	
16-20	1366-1372	scherp	
16-21	1373-1376	aan	
16-22	1377-1379	is	
16-23	1379-1380	,	
16-24	1381-1387	zullen	
16-25	1388-1394	worden	
16-26	1395-1406	afgeschrapt	
16-27	1406-1407	,	
16-28	1408-1410	en	
16-29	1410-1411	’	
16-30	1411-1413	er	
16-31	1414-1424	uitgehaald	
16-32	1424-1425	.	
