#FORMAT=WebAnno TSV 3.3


#Text=+
#Text=
#Text=
#Text=Landeryen beslaen.
1-1	3-4	+	
1-2	7-16	Landeryen	
1-3	17-24	beslaen	
1-4	24-25	.	

#Text=Zoo men wil kan men 'er nog andere Soorten byvoegen, als daar
#Text=+
#Text=zijn,
#Text=DELFSTOFFEN.
2-1	26-29	Zoo	
2-2	30-33	men	
2-3	34-37	wil	
2-4	38-41	kan	
2-5	42-45	men	
2-6	46-47	'	
2-7	47-49	er	
2-8	50-53	nog	
2-9	54-60	andere	
2-10	61-68	Soorten	
2-11	69-77	byvoegen	
2-12	77-78	,	
2-13	79-82	als	
2-14	83-87	daar	
2-15	88-89	+	
2-16	90-94	zijn	
2-17	94-95	,	
2-18	96-107	DELFSTOFFEN	
2-19	107-108	.	

#Text=Zevende Soort.
3-1	111-118	Zevende	
3-2	119-124	Soort	
3-3	124-125	.	

#Text=Aarde, met schelpdeelen en kalkstoffen van dieren ontleend, vermengd.
4-1	127-132	Aarde	
4-2	132-133	,	
4-3	134-137	met	
4-4	138-150	schelpdeelen	
4-5	151-153	en	
4-6	154-165	kalkstoffen	
4-7	166-169	van	
4-8	170-176	dieren	
4-9	177-185	ontleend	
4-10	185-186	,	
4-11	187-195	vermengd	
4-12	195-196	.	

#Text=Hier toe behoort de Aarde, by en omtrent +de Schelp-hoopen en Kalk ovens, en die
#Text=van sommige Tuin-paden
5-1	198-202	Hier	
5-2	203-206	toe	
5-3	207-214	behoort	
5-4	215-217	de	
5-5	218-223	Aarde	
5-6	223-224	,	
5-7	225-227	by	
5-8	228-230	en	
5-9	231-238	omtrent	
5-10	239-240	+	
5-11	240-242	de	
5-12	243-256	Schelp-hoopen	
5-13	257-259	en	
5-14	260-264	Kalk	
5-15	265-270	ovens	
5-16	270-271	,	
5-17	272-274	en	
5-18	275-278	die	
5-19	279-282	van	
5-20	283-290	sommige	
5-21	291-301	Tuin-paden	

#Text=.
6-1	301-302	.	

#Text=+
#Text=
#Text=
#Text=AARDE, MET SCHELPDEEL.
7-1	305-306	+	
7-2	309-314	AARDE	
7-3	314-315	,	
7-4	316-319	MET	
7-5	320-330	SCHELPDEEL	
7-6	330-331	.	

#Text=enz.
#Text=
#Text=
#Text=\f629
#Text=tigheid +uit;
#Text=dog men verstaat 'er evenwel voornaamlyk door, een stinkenden moerigen
#Text=+
#Text=DELFSTOFFEN.
8-1	334-337	enz	
8-2	337-338	.	
8-3	342-345	629	
8-4	346-353	tigheid	
8-5	354-355	+	
8-6	355-358	uit	
8-7	358-359	;	
8-8	360-363	dog	
8-9	364-367	men	
8-10	368-376	verstaat	
8-11	377-378	'	
8-12	378-380	er	
8-13	381-388	evenwel	
8-14	389-400	voornaamlyk	
8-15	401-405	door	
8-16	405-406	,	
8-17	407-410	een	
8-18	411-421	stinkenden	
8-19	422-430	moerigen	
8-20	431-432	+	
8-21	433-444	DELFSTOFFEN	
8-22	444-445	.	

#Text=zwaveligen waassem, of reuk;
#Text=in hoedanigen zin sommige Veenwateren veelal +
#Text=
#Text=
#Text=+
#Text=
#Text=brak genoemd worden: maar zout
#Text=Veen is eigentlyk zout, en minder duf van reuk.
9-1	448-458	zwaveligen	
9-2	459-466	waassem	
9-3	466-467	,	
9-4	468-470	of	
9-5	471-475	reuk	
9-6	475-476	;	
9-7	477-479	in	
9-8	480-490	hoedanigen	
9-9	491-494	zin	
9-10	495-502	sommige	
9-11	503-514	Veenwateren	
9-12	515-521	veelal	
9-13	522-523	+	
9-14	526-527	+	
9-15	529-533	brak	
9-16	534-541	genoemd	
9-17	542-548	worden	
9-18	548-549	:	
9-19	550-554	maar	
9-20	555-559	zout	
9-21	560-564	Veen	
9-22	565-567	is	
9-23	568-577	eigentlyk	
9-24	578-582	zout	
9-25	582-583	,	
9-26	584-586	en	
9-27	587-593	minder	
9-28	594-597	duf	
9-29	598-601	van	
9-30	602-606	reuk	
9-31	606-607	.	

#Text=Vergelyk
#Text=hier mede Bladz.
10-1	609-617	Vergelyk	
10-2	618-622	hier	
10-3	623-627	mede	
10-4	628-633	Bladz	
10-5	633-634	.	
