#FORMAT=WebAnno TSV 3.3
#T_SP=custom.Span|label
#T_RL=custom.Relation|label|BT_custom.Span


#Text=Die Treibkoͤrner werden zum pur-
#Text=giren gebraucht, und ſind wuͤrcklich ei-
#Text=nes von denen ſtaͤrckſten purgantibus, des-
#Text=halben ſie mit der groͤſten Behutſam-
#Text=keit muͤſſen gebraucht, und niemand,
#Text=als den ſtaͤrckſten Leuten gegeben wer-
#Text=den.
1-1	0-3	Die	_	_	_	
1-2	4-16	Treibkoͤrner	_	_	_	
1-3	17-23	werden	_	_	_	
1-4	24-27	zum	_	_	_	
1-5	28-31	pur	_	_	_	
1-6	31-32	-	_	_	_	
1-7	33-38	giren	_	_	_	
1-8	39-48	gebraucht	_	_	_	
1-9	48-49	,	_	_	_	
1-10	50-53	und	_	_	_	
1-11	54-58	ſind	_	_	_	
1-12	59-69	wuͤrcklich	_	_	_	
1-13	70-72	ei	_	_	_	
1-14	72-73	-	_	_	_	
1-15	74-77	nes	_	_	_	
1-16	78-81	von	_	_	_	
1-17	82-87	denen	_	_	_	
1-18	88-99	ſtaͤrckſten	_	_	_	
1-19	100-111	purgantibus	_	_	_	
1-20	111-112	,	_	_	_	
1-21	113-116	des	_	_	_	
1-22	116-117	-	_	_	_	
1-23	118-124	halben	_	_	_	
1-24	125-128	ſie	_	_	_	
1-25	129-132	mit	_	_	_	
1-26	133-136	der	_	_	_	
1-27	137-145	groͤſten	_	_	_	
1-28	146-154	Behutſam	_	_	_	
1-29	154-155	-	_	_	_	
1-30	156-160	keit	_	_	_	
1-31	161-168	muͤſſen	_	_	_	
1-32	169-178	gebraucht	_	_	_	
1-33	178-179	,	_	_	_	
1-34	180-183	und	_	_	_	
1-35	184-191	niemand	_	_	_	
1-36	191-192	,	_	_	_	
1-37	193-196	als	_	_	_	
1-38	197-200	den	_	_	_	
1-39	201-212	ſtaͤrckſten	_	_	_	
1-40	213-219	Leuten	_	_	_	
1-41	220-227	gegeben	_	_	_	
1-42	228-231	wer	_	_	_	
1-43	231-232	-	_	_	_	
1-44	233-236	den	_	_	_	
1-45	236-237	.	_	_	_	

#Text=Die doſin belangend, da nimmt
#Text=man 1. 2. bis 3.
2-1	238-241	Die	_	_	_	
2-2	242-247	doſin	_	_	_	
2-3	248-257	belangend	_	_	_	
2-4	257-258	,	_	_	_	
2-5	259-261	da	_	_	_	
2-6	262-267	nimmt	_	_	_	
2-7	268-271	man	_	_	_	
2-8	272-273	1	_	_	_	
2-9	273-274	.	_	_	_	
2-10	275-276	2	_	_	_	
2-11	276-277	.	_	_	_	
2-12	278-281	bis	_	_	_	
2-13	282-283	3	_	_	_	
2-14	283-284	.	_	_	_	

#Text=Stuͤck, nach Beſchaffen-
#Text=heit der Perſon.
3-1	285-291	Stuͤck	_	_	_	
3-2	291-292	,	_	_	_	
3-3	293-297	nach	_	_	_	
3-4	298-308	Beſchaffen	_	_	_	
3-5	308-309	-	_	_	_	
3-6	310-314	heit	_	_	_	
3-7	315-318	der	_	_	_	
3-8	319-325	Perſon	_	_	_	
3-9	325-326	.	_	_	_	

#Text=Jhrer etliche wollen
#Text=verſichern, daß alleine das in dieſem
#Text=Korne befindliche kleine Haͤutlein die
#Text=Kraft zu purgiren habe, welches ich
#Text=aber, als deſſen ungewiß, zu bekraͤftigen
#Text=mich nicht unterſtehe.
4-1	327-332	Jhrer	_	_	_	
4-2	333-340	etliche	_	_	_	
4-3	341-347	wollen	_	_	_	
4-4	348-358	verſichern	_	_	_	
4-5	358-359	,	_	_	_	
4-6	360-363	daß	_	_	_	
4-7	364-371	alleine	_	_	_	
4-8	372-375	das	_	_	_	
4-9	376-378	in	_	_	_	
4-10	379-385	dieſem	_	_	_	
4-11	386-391	Korne	_	_	_	
4-12	392-403	befindliche	_	_	_	
4-13	404-410	kleine	_	_	_	
4-14	411-420	Haͤutlein	_	_	_	
4-15	421-424	die	_	_	_	
4-16	425-430	Kraft	_	_	_	
4-17	431-433	zu	_	_	_	
4-18	434-442	purgiren	_	_	_	
4-19	443-447	habe	_	_	_	
4-20	447-448	,	_	_	_	
4-21	449-456	welches	_	_	_	
4-22	457-460	ich	_	_	_	
4-23	461-465	aber	_	_	_	
4-24	465-466	,	_	_	_	
4-25	467-470	als	_	_	_	
4-26	471-477	deſſen	_	_	_	
4-27	478-485	ungewiß	_	_	_	
4-28	485-486	,	_	_	_	
4-29	487-489	zu	_	_	_	
4-30	490-502	bekraͤftigen	_	_	_	
4-31	503-507	mich	_	_	_	
4-32	508-513	nicht	_	_	_	
4-33	514-524	unterſtehe	_	_	_	
4-34	524-525	.	_	_	_	

#Text=Ohne die Pignons d’
#Text=Inde, die wir recht
#Text=uͤbel die kleinern Treibkoͤrner nennen,
#Text=verkauffen wir auch eine Sorte ſolcher
#Text=Koͤrner, Pignons aus der Barbarey
#Text=
#Text=genannt, ingleichen die dicken Pignons
#Text=oder Treibkoͤrner aus Jndien und
#Text=America/ welche Caſpar Bauhinus
#Text=Ricinus Americanus, ſemine nigro, Ame-
#Text=ricaniſchen Ricinus mit ſchwartzen
#Text=
#Text=
#Text=brennen ſie in den Lampen.
5-1	530-534	Ohne	_	_	_	
5-2	535-538	die	_	_	_	
5-3	539-546	Pignons	_	_	_	
5-4	547-548	d	_	_	_	
5-5	548-549	’	_	_	_	
5-6	550-554	Inde	_	_	_	
5-7	554-555	,	_	_	_	
5-8	556-559	die	_	_	_	
5-9	560-563	wir	_	_	_	
5-10	564-569	recht	_	_	_	
5-11	570-575	uͤbel	_	_	_	
5-12	576-579	die	_	_	_	
5-13	580-588	kleinern	_	_	_	
5-14	589-601	Treibkoͤrner	_	_	_	
5-15	602-608	nennen	_	_	_	
5-16	608-609	,	_	_	_	
5-17	610-620	verkauffen	_	_	_	
5-18	621-624	wir	_	_	_	
5-19	625-629	auch	_	_	_	
5-20	630-634	eine	_	_	_	
5-21	635-640	Sorte	_	_	_	
5-22	641-648	ſolcher	_	_	_	
5-23	649-656	Koͤrner	_	_	_	
5-24	656-657	,	_	_	_	
5-25	658-665	Pignons	_	_	_	
5-26	666-669	aus	_	_	_	
5-27	670-673	der	_	_	_	
5-28	674-682	Barbarey	_	_	_	
5-29	684-691	genannt	_	_	_	
5-30	691-692	,	_	_	_	
5-31	693-703	ingleichen	_	_	_	
5-32	704-707	die	_	_	_	
5-33	708-714	dicken	_	_	_	
5-34	715-722	Pignons	_	_	_	
5-35	723-727	oder	_	_	_	
5-36	728-740	Treibkoͤrner	_	_	_	
5-37	741-744	aus	_	_	_	
5-38	745-751	Jndien	_	_	_	
5-39	752-755	und	_	_	_	
5-40	756-763	America	_	_	_	
5-41	763-764	/	_	_	_	
5-42	765-771	welche	_	_	_	
5-43	772-778	Caſpar	_	_	_	
5-44	779-787	Bauhinus	_	_	_	
5-45	788-795	Ricinus	_	_	_	
5-46	796-806	Americanus	_	_	_	
5-47	806-807	,	_	_	_	
5-48	808-814	ſemine	_	_	_	
5-49	815-820	nigro	_	_	_	
5-50	820-821	,	_	_	_	
5-51	822-825	Ame	_	_	_	
5-52	825-826	-	_	_	_	
5-53	827-838	ricaniſchen	_	_	_	
5-54	839-846	Ricinus	_	_	_	
5-55	847-850	mit	_	_	_	
5-56	851-861	ſchwartzen	_	_	_	
5-57	864-871	brennen	_	_	_	
5-58	872-875	ſie	_	_	_	
5-59	876-878	in	_	_	_	
5-60	879-882	den	_	_	_	
5-61	883-889	Lampen	_	_	_	
5-62	889-890	.	_	_	_	

#Text=Man erwehle das Palmoͤl, welches
#Text=friſch iſt, und gut riecht, ſuͤſſe wie Butter
#Text=
#Text=ſchmeckt, und ſo hoch an der Farbe iſt, als
#Text=immer ſeyn kan:
#Text=denn ſo bald es begin-
#Text=net alt zu werden, wird es ſtinckicht und
#Text=weiß.
6-1	894-897	Man	_	_	_	
6-2	898-905	erwehle	_	_	_	
6-3	906-909	das	Smell\_Source[1]	Anaphoric	6-44[0_1]	
6-4	910-917	Palmoͤl	Smell\_Source[1]	_	_	
6-5	917-918	,	_	_	_	
6-6	919-926	welches	_	_	_	
6-7	927-933	friſch	_	_	_	
6-8	934-937	iſt	_	_	_	
6-9	937-938	,	_	_	_	
6-10	939-942	und	_	_	_	
6-11	943-946	gut	Quality	_	_	
6-12	947-953	riecht	Smell\_Word	*|*	6-3[1_0]|6-11	
6-13	953-954	,	_	_	_	
6-14	955-961	ſuͤſſe	_	_	_	
6-15	962-965	wie	_	_	_	
6-16	966-972	Butter	_	_	_	
6-17	974-982	ſchmeckt	_	_	_	
6-18	982-983	,	_	_	_	
6-19	984-987	und	_	_	_	
6-20	988-990	ſo	_	_	_	
6-21	991-995	hoch	_	_	_	
6-22	996-998	an	_	_	_	
6-23	999-1002	der	_	_	_	
6-24	1003-1008	Farbe	_	_	_	
6-25	1009-1012	iſt	_	_	_	
6-26	1012-1013	,	_	_	_	
6-27	1014-1017	als	_	_	_	
6-28	1018-1023	immer	_	_	_	
6-29	1024-1028	ſeyn	_	_	_	
6-30	1029-1032	kan	_	_	_	
6-31	1032-1033	:	_	_	_	
6-32	1034-1038	denn	_	_	_	
6-33	1039-1041	ſo	Circumstances[2]	_	_	
6-34	1042-1046	bald	Circumstances[2]	_	_	
6-35	1047-1049	es	Circumstances[2]	_	_	
6-36	1050-1055	begin	Circumstances[2]	_	_	
6-37	1055-1056	-	Circumstances[2]	_	_	
6-38	1057-1060	net	Circumstances[2]	_	_	
6-39	1061-1064	alt	Circumstances[2]	_	_	
6-40	1065-1067	zu	Circumstances[2]	_	_	
6-41	1068-1074	werden	Circumstances[2]	_	_	
6-42	1074-1075	,	_	_	_	
6-43	1076-1080	wird	_	_	_	
6-44	1081-1083	es	Smell\_Source	_	_	
6-45	1084-1094	ſtinckicht	Smell\_Word[3]|Quality[4]	*|*|*|*	6-45[4_3]|6-33[2_3]|6-3[1_3]|6-44[0_3]	
6-46	1095-1098	und	_	_	_	
6-47	1099-1103	weiß	_	_	_	
6-48	1103-1104	.	_	_	_	

#Text=Dieſe weiſſe Farbe, die es uͤber-
#Text=kommt, wenn es alt wird, hat einige
#Text=veranlaſſet zu glauben, daß es auch weiſ-
#Text=ſes Palmoͤl gebe.
7-1	1105-1110	Dieſe	_	_	_	
7-2	1111-1117	weiſſe	_	_	_	
7-3	1118-1123	Farbe	_	_	_	
7-4	1123-1124	,	_	_	_	
7-5	1125-1128	die	_	_	_	
7-6	1129-1131	es	_	_	_	
7-7	1132-1137	uͤber	_	_	_	
7-8	1137-1138	-	_	_	_	
7-9	1139-1144	kommt	_	_	_	
7-10	1144-1145	,	_	_	_	
7-11	1146-1150	wenn	_	_	_	
7-12	1151-1153	es	_	_	_	
7-13	1154-1157	alt	_	_	_	
7-14	1158-1162	wird	_	_	_	
7-15	1162-1163	,	_	_	_	
7-16	1164-1167	hat	_	_	_	
7-17	1168-1174	einige	_	_	_	
7-18	1175-1186	veranlaſſet	_	_	_	
7-19	1187-1189	zu	_	_	_	
7-20	1190-1197	glauben	_	_	_	
7-21	1197-1198	,	_	_	_	
7-22	1199-1202	daß	_	_	_	
7-23	1203-1205	es	_	_	_	
7-24	1206-1210	auch	_	_	_	
7-25	1211-1215	weiſ	_	_	_	
7-26	1215-1216	-	_	_	_	
7-27	1217-1220	ſes	_	_	_	
7-28	1221-1228	Palmoͤl	_	_	_	
7-29	1229-1233	gebe	_	_	_	
7-30	1233-1234	.	_	_	_	

#Text=Desgleichen mag
#Text=man ſich in Acht nehmen, daß es kein
#Text=Miſchmaſch ſey, von Wachs, Baumoͤl,
#Text=geſtoſſener Veielwurtz und Curcuma,
#Text=
#Text=dergleichen bey gewiſſen Kauffleuten,
#Text=die ich doch deswegen nicht nennen will,
#Text=nur gar zu ofte ſich findet;
#Text=denn ſie es
#Text=geſchickt genug wiſſen nachzumachen.
8-1	1235-1246	Desgleichen	_	_	_	
8-2	1247-1250	mag	_	_	_	
8-3	1251-1254	man	_	_	_	
8-4	1255-1259	ſich	_	_	_	
8-5	1260-1262	in	_	_	_	
8-6	1263-1267	Acht	_	_	_	
8-7	1268-1274	nehmen	_	_	_	
8-8	1274-1275	,	_	_	_	
8-9	1276-1279	daß	_	_	_	
8-10	1280-1282	es	_	_	_	
8-11	1283-1287	kein	_	_	_	
8-12	1288-1298	Miſchmaſch	_	_	_	
8-13	1299-1302	ſey	_	_	_	
8-14	1302-1303	,	_	_	_	
8-15	1304-1307	von	_	_	_	
8-16	1308-1313	Wachs	_	_	_	
8-17	1313-1314	,	_	_	_	
8-18	1315-1322	Baumoͤl	_	_	_	
8-19	1322-1323	,	_	_	_	
8-20	1324-1335	geſtoſſener	_	_	_	
8-21	1336-1346	Veielwurtz	_	_	_	
8-22	1347-1350	und	_	_	_	
8-23	1351-1358	Curcuma	_	_	_	
8-24	1358-1359	,	_	_	_	
8-25	1361-1372	dergleichen	_	_	_	
8-26	1373-1376	bey	_	_	_	
8-27	1377-1385	gewiſſen	_	_	_	
8-28	1386-1397	Kauffleuten	_	_	_	
8-29	1397-1398	,	_	_	_	
8-30	1399-1402	die	_	_	_	
8-31	1403-1406	ich	_	_	_	
8-32	1407-1411	doch	_	_	_	
8-33	1412-1420	deswegen	_	_	_	
8-34	1421-1426	nicht	_	_	_	
8-35	1427-1433	nennen	_	_	_	
8-36	1434-1438	will	_	_	_	
8-37	1438-1439	,	_	_	_	
8-38	1440-1443	nur	_	_	_	
8-39	1444-1447	gar	_	_	_	
8-40	1448-1450	zu	_	_	_	
8-41	1451-1455	ofte	_	_	_	
8-42	1456-1460	ſich	_	_	_	
8-43	1461-1467	findet	_	_	_	
8-44	1467-1468	;	_	_	_	
8-45	1469-1473	denn	_	_	_	
8-46	1474-1477	ſie	_	_	_	
8-47	1478-1480	es	_	_	_	
8-48	1481-1490	geſchickt	_	_	_	
8-49	1491-1496	genug	_	_	_	
8-50	1497-1503	wiſſen	_	_	_	
8-51	1504-1516	nachzumachen	_	_	_	
8-52	1516-1517	.	_	_	_	

#Text=Wiewohl der Betrug iſt leichtlich zu
#Text=entdecken, indem das gerechte Palmoͤl
#Text=
#Text=ſeine Farbe ſtracks verliehret, wenn es
#Text=an die Luft geſtellet wird, welches hinge-
#Text=gen dem nachgemachten nicht wieder-
#Text=faͤhret.
9-1	1519-1526	Wiewohl	_	_	_	
9-2	1527-1530	der	_	_	_	
9-3	1531-1537	Betrug	_	_	_	
9-4	1538-1541	iſt	_	_	_	
9-5	1542-1552	leichtlich	_	_	_	
9-6	1553-1555	zu	_	_	_	
9-7	1556-1565	entdecken	_	_	_	
9-8	1565-1566	,	_	_	_	
9-9	1567-1572	indem	_	_	_	
9-10	1573-1576	das	_	_	_	
9-11	1577-1585	gerechte	_	_	_	
9-12	1586-1593	Palmoͤl	_	_	_	
9-13	1595-1600	ſeine	_	_	_	
9-14	1601-1606	Farbe	_	_	_	
9-15	1607-1614	ſtracks	_	_	_	
9-16	1615-1625	verliehret	_	_	_	
9-17	1625-1626	,	_	_	_	
9-18	1627-1631	wenn	_	_	_	
9-19	1632-1634	es	_	_	_	
9-20	1635-1637	an	_	_	_	
9-21	1638-1641	die	_	_	_	
9-22	1642-1646	Luft	_	_	_	
9-23	1647-1656	geſtellet	_	_	_	
9-24	1657-1661	wird	_	_	_	
9-25	1661-1662	,	_	_	_	
9-26	1663-1670	welches	_	_	_	
9-27	1671-1676	hinge	_	_	_	
9-28	1676-1677	-	_	_	_	
9-29	1678-1681	gen	_	_	_	
9-30	1682-1685	dem	_	_	_	
9-31	1686-1699	nachgemachten	_	_	_	
9-32	1700-1705	nicht	_	_	_	
9-33	1706-1712	wieder	_	_	_	
9-34	1712-1713	-	_	_	_	
9-35	1714-1721	faͤhret	_	_	_	
9-36	1721-1722	.	_	_	_	

#Text=Uberdiß nimmt auch das Palmoͤl
#Text=
#Text=ſeine Farbe wieder an, wofern es etwa
#Text=dieſelbige verlohren, wenn man es nur
#Text=bey gelindem Feuer ſchmeltzen laͤßt:
10-1	1723-1730	Uberdiß	_	_	_	
10-2	1731-1736	nimmt	_	_	_	
10-3	1737-1741	auch	_	_	_	
10-4	1742-1745	das	_	_	_	
10-5	1746-1753	Palmoͤl	_	_	_	
10-6	1755-1760	ſeine	_	_	_	
10-7	1761-1766	Farbe	_	_	_	
10-8	1767-1773	wieder	_	_	_	
10-9	1774-1776	an	_	_	_	
10-10	1776-1777	,	_	_	_	
10-11	1778-1784	wofern	_	_	_	
10-12	1785-1787	es	_	_	_	
10-13	1788-1792	etwa	_	_	_	
10-14	1793-1803	dieſelbige	_	_	_	
10-15	1804-1813	verlohren	_	_	_	
10-16	1813-1814	,	_	_	_	
10-17	1815-1819	wenn	_	_	_	
10-18	1820-1823	man	_	_	_	
10-19	1824-1826	es	_	_	_	
10-20	1827-1830	nur	_	_	_	
10-21	1831-1834	bey	_	_	_	
10-22	1835-1843	gelindem	_	_	_	
10-23	1844-1849	Feuer	_	_	_	
10-24	1850-1860	ſchmeltzen	_	_	_	
10-25	1861-1866	laͤßt	_	_	_	
10-26	1866-1867	:	_	_	_	
