#FORMAT=WebAnno TSV 3.3
#T_SP=custom.Span|label
#T_RL=custom.Relation|label|BT_custom.Span


#Text=dan, zijt vroolijk in den Heer,
#Text=
#Text=In God, in God
#Text=verheug u zeer!
1-1	2-5	dan	_	_	_	
1-2	5-6	,	_	_	_	
1-3	7-11	zijt	_	_	_	
1-4	12-20	vroolijk	_	_	_	
1-5	21-23	in	_	_	_	
1-6	24-27	den	_	_	_	
1-7	28-32	Heer	_	_	_	
1-8	32-33	,	_	_	_	
1-9	35-37	In	_	_	_	
1-10	38-41	God	_	_	_	
1-11	41-42	,	_	_	_	
1-12	43-45	in	_	_	_	
1-13	46-49	God	_	_	_	
1-14	50-57	verheug	_	_	_	
1-15	58-59	u	_	_	_	
1-16	60-64	zeer	_	_	_	
1-17	64-65	!	_	_	_	

#Text=Laat d'
#Text=aardze vreugd u tot God trekken.
#Text=
#Text=5.
2-1	67-71	Laat	_	_	_	
2-2	72-73	d	_	_	_	
2-3	73-74	'	_	_	_	
2-4	75-81	aardze	_	_	_	
2-5	82-88	vreugd	_	_	_	
2-6	89-90	u	_	_	_	
2-7	91-94	tot	_	_	_	
2-8	95-98	God	_	_	_	
2-9	99-106	trekken	_	_	_	
2-10	106-107	.	_	_	_	
2-11	109-110	5	_	_	_	
2-12	110-111	.	_	_	_	

#Text=De specerijen loopen uit,
#Text=
#Text=Claes Stapel, Het lust-hof der zielen, beplant met verscheiden soorten van geestelijke gezangen
#Text=
#Text=
#Text=\f
#Text=629
#Text=
#Text=
#Text=Men ziet, dat aangenaame kruid
#Text=Voort koomen met lieffelijke geure;
#Text=
#Text=
#Text=Hoe lief'lijk dat de Heere zy,
#Text=
#Text=Hoe minnelijk, dat konnen wy
#Text=
#Text=Uit haaren zoeten reuk bespeuren.
#Text=
#Text=6.
3-1	112-114	De	_	_	_	
3-2	115-125	specerijen	_	_	_	
3-3	126-132	loopen	_	_	_	
3-4	133-136	uit	_	_	_	
3-5	136-137	,	_	_	_	
3-6	139-144	Claes	_	_	_	
3-7	145-151	Stapel	_	_	_	
3-8	151-152	,	_	_	_	
3-9	153-156	Het	_	_	_	
3-10	157-165	lust-hof	_	_	_	
3-11	166-169	der	_	_	_	
3-12	170-176	zielen	_	_	_	
3-13	176-177	,	_	_	_	
3-14	178-185	beplant	_	_	_	
3-15	186-189	met	_	_	_	
3-16	190-201	verscheiden	_	_	_	
3-17	202-209	soorten	_	_	_	
3-18	210-213	van	_	_	_	
3-19	214-225	geestelijke	_	_	_	
3-20	226-234	gezangen	_	_	_	
3-21	239-242	629	_	_	_	
3-22	245-248	Men	_	_	_	
3-23	249-253	ziet	_	_	_	
3-24	253-254	,	_	_	_	
3-25	255-258	dat	_	_	_	
3-26	259-269	aangenaame	Smell\_Source[1]	Anaphoric	3-48[0_1]	
3-27	270-275	kruid	Smell\_Source[1]	_	_	
3-28	276-281	Voort	_	_	_	
3-29	282-288	koomen	_	_	_	
3-30	289-292	met	_	_	_	
3-31	293-304	lieffelijke	Quality	_	_	
3-32	305-310	geure	Smell\_Word	*|*	3-31|3-26[1_0]	
3-33	310-311	;	_	_	_	
3-34	314-317	Hoe	_	_	_	
3-35	318-327	lief'lijk	_	_	_	
3-36	328-331	dat	_	_	_	
3-37	332-334	de	_	_	_	
3-38	335-340	Heere	_	_	_	
3-39	341-343	zy	_	_	_	
3-40	343-344	,	_	_	_	
3-41	346-349	Hoe	_	_	_	
3-42	350-359	minnelijk	_	_	_	
3-43	359-360	,	_	_	_	
3-44	361-364	dat	_	_	_	
3-45	365-371	konnen	_	_	_	
3-46	372-374	wy	_	_	_	
3-47	376-379	Uit	_	_	_	
3-48	380-386	haaren	Smell\_Source	_	_	
3-49	387-393	zoeten	Quality	_	_	
3-50	394-398	reuk	Smell\_Word	*|*|*	3-49|3-48|3-26[1_0]	
3-51	399-408	bespeuren	_	_	_	
3-52	408-409	.	_	_	_	
3-53	411-412	6	_	_	_	
3-54	412-413	.	_	_	_	

#Text=Met wat een heerelijk gewaad!
4-1	414-417	Met	_	_	_	
4-2	418-421	wat	_	_	_	
4-3	422-425	een	_	_	_	
4-4	426-435	heerelijk	_	_	_	
4-5	436-442	gewaad	_	_	_	
4-6	442-443	!	_	_	_	

#Text=Met wat een over-schoon cieraad
#Text=Ziet men de bloempjes in de hooven;
5-1	446-449	Met	_	_	_	
5-2	450-453	wat	_	_	_	
5-3	454-457	een	_	_	_	
5-4	458-469	over-schoon	_	_	_	
5-5	470-477	cieraad	_	_	_	
5-6	478-482	Ziet	_	_	_	
5-7	483-486	men	_	_	_	
5-8	487-489	de	_	_	_	
5-9	490-499	bloempjes	_	_	_	
5-10	500-502	in	_	_	_	
5-11	503-505	de	_	_	_	
5-12	506-512	hooven	_	_	_	
5-13	512-513	;	_	_	_	
