#FORMAT=WebAnno TSV 3.3
#T_SP=custom.Span|label
#T_RL=custom.Relation|label|BT_custom.Span


#Text=Hun ijver verflaauwde echter reeds na verloop van eenige dagen;
#Text=
#Text=want behalve dat de regen hen in hun werk belemmerde, waren zij bijkans alle dagen 
#Text=dronken en geraakten onderling in twist, waaruit gewoonlijk kloppartijen ontstonden.
1-1	2-5	Hun	_	_	_	
1-2	6-11	ijver	_	_	_	
1-3	12-23	verflaauwde	_	_	_	
1-4	24-30	echter	_	_	_	
1-5	31-36	reeds	_	_	_	
1-6	37-39	na	_	_	_	
1-7	40-47	verloop	_	_	_	
1-8	48-51	van	_	_	_	
1-9	52-58	eenige	_	_	_	
1-10	59-64	dagen	_	_	_	
1-11	64-65	;	_	_	_	
1-12	67-71	want	_	_	_	
1-13	72-79	behalve	_	_	_	
1-14	80-83	dat	_	_	_	
1-15	84-86	de	_	_	_	
1-16	87-92	regen	_	_	_	
1-17	93-96	hen	_	_	_	
1-18	97-99	in	_	_	_	
1-19	100-103	hun	_	_	_	
1-20	104-108	werk	_	_	_	
1-21	109-119	belemmerde	_	_	_	
1-22	119-120	,	_	_	_	
1-23	121-126	waren	_	_	_	
1-24	127-130	zij	_	_	_	
1-25	131-138	bijkans	_	_	_	
1-26	139-143	alle	_	_	_	
1-27	144-149	dagen	_	_	_	
1-28	151-158	dronken	_	_	_	
1-29	159-161	en	_	_	_	
1-30	162-171	geraakten	_	_	_	
1-31	172-181	onderling	_	_	_	
1-32	182-184	in	_	_	_	
1-33	185-190	twist	_	_	_	
1-34	190-191	,	_	_	_	
1-35	192-199	waaruit	_	_	_	
1-36	200-210	gewoonlijk	_	_	_	
1-37	211-223	kloppartijen	_	_	_	
1-38	224-234	ontstonden	_	_	_	
1-39	234-235	.	_	_	_	

#Text=Des nachts lieten de moskieten hun geen rust;
#Text=dan werd deze, dan gene hunner negers 
#Text=ziek;
#Text=de bananen en de rijst, waarvan de kommandant hen voorzien had, waren vrij 
#Text=spoedig verbruikt, en onze karige rations met die acht menschen te deelen, was niet 
#Text=mogelijk.
2-1	238-241	Des	_	_	_	
2-2	242-248	nachts	_	_	_	
2-3	249-255	lieten	_	_	_	
2-4	256-258	de	_	_	_	
2-5	259-268	moskieten	_	_	_	
2-6	269-272	hun	_	_	_	
2-7	273-277	geen	_	_	_	
2-8	278-282	rust	_	_	_	
2-9	282-283	;	_	_	_	
2-10	284-287	dan	_	_	_	
2-11	288-292	werd	_	_	_	
2-12	293-297	deze	_	_	_	
2-13	297-298	,	_	_	_	
2-14	299-302	dan	_	_	_	
2-15	303-307	gene	_	_	_	
2-16	308-314	hunner	_	_	_	
2-17	315-321	negers	_	_	_	
2-18	323-327	ziek	_	_	_	
2-19	327-328	;	_	_	_	
2-20	329-331	de	_	_	_	
2-21	332-339	bananen	_	_	_	
2-22	340-342	en	_	_	_	
2-23	343-345	de	_	_	_	
2-24	346-351	rijst	_	_	_	
2-25	351-352	,	_	_	_	
2-26	353-360	waarvan	_	_	_	
2-27	361-363	de	_	_	_	
2-28	364-374	kommandant	_	_	_	
2-29	375-378	hen	_	_	_	
2-30	379-387	voorzien	_	_	_	
2-31	388-391	had	_	_	_	
2-32	391-392	,	_	_	_	
2-33	393-398	waren	_	_	_	
2-34	399-403	vrij	_	_	_	
2-35	405-412	spoedig	_	_	_	
2-36	413-422	verbruikt	_	_	_	
2-37	422-423	,	_	_	_	
2-38	424-426	en	_	_	_	
2-39	427-431	onze	_	_	_	
2-40	432-438	karige	_	_	_	
2-41	439-446	rations	_	_	_	
2-42	447-450	met	_	_	_	
2-43	451-454	die	_	_	_	
2-44	455-459	acht	_	_	_	
2-45	460-468	menschen	_	_	_	
2-46	469-471	te	_	_	_	
2-47	472-478	deelen	_	_	_	
2-48	478-479	,	_	_	_	
2-49	480-483	was	_	_	_	
2-50	484-488	niet	_	_	_	
2-51	490-498	mogelijk	_	_	_	
2-52	498-499	.	_	_	_	

#Text=De luitenant besloot derhalve, van Armina, werwaarts de boot teruggekeerd 
#Text=was, nog eenige dozijnen bossen bananen te laten
#Text=
#Text=
#Text=
#Text=
#Text=komen.
3-1	500-502	De	_	_	_	
3-2	503-512	luitenant	_	_	_	
3-3	513-520	besloot	_	_	_	
3-4	521-529	derhalve	_	_	_	
3-5	529-530	,	_	_	_	
3-6	531-534	van	_	_	_	
3-7	535-541	Armina	_	_	_	
3-8	541-542	,	_	_	_	
3-9	543-552	werwaarts	_	_	_	
3-10	553-555	de	_	_	_	
3-11	556-560	boot	_	_	_	
3-12	561-573	teruggekeerd	_	_	_	
3-13	575-578	was	_	_	_	
3-14	578-579	,	_	_	_	
3-15	580-583	nog	_	_	_	
3-16	584-590	eenige	_	_	_	
3-17	591-599	dozijnen	_	_	_	
3-18	600-606	bossen	_	_	_	
3-19	607-614	bananen	_	_	_	
3-20	615-617	te	_	_	_	
3-21	618-623	laten	_	_	_	
3-22	628-633	komen	_	_	_	
3-23	633-634	.	_	_	_	

#Text=Daar ik den stroom, dien ik nog nooit bevaren had, wenschte te leeren kennen,
#Text=
#Text=vertrok ik met mijne corjaal, twee negers en eenen
#Text=Indiaan, dien ik op eigen kosten 
#Text=menam, er heen.
4-1	635-639	Daar	_	_	_	
4-2	640-642	ik	_	_	_	
4-3	643-646	den	_	_	_	
4-4	647-653	stroom	_	_	_	
4-5	653-654	,	_	_	_	
4-6	655-659	dien	_	_	_	
4-7	660-662	ik	_	_	_	
4-8	663-666	nog	_	_	_	
4-9	667-672	nooit	_	_	_	
4-10	673-680	bevaren	_	_	_	
4-11	681-684	had	_	_	_	
4-12	684-685	,	_	_	_	
4-13	686-694	wenschte	_	_	_	
4-14	695-697	te	_	_	_	
4-15	698-704	leeren	_	_	_	
4-16	705-711	kennen	_	_	_	
4-17	711-712	,	_	_	_	
4-18	714-721	vertrok	_	_	_	
4-19	722-724	ik	_	_	_	
4-20	725-728	met	_	_	_	
4-21	729-734	mijne	_	_	_	
4-22	735-742	corjaal	_	_	_	
4-23	742-743	,	_	_	_	
4-24	744-748	twee	_	_	_	
4-25	749-755	negers	_	_	_	
4-26	756-758	en	_	_	_	
4-27	759-764	eenen	_	_	_	
4-28	765-772	Indiaan	_	_	_	
4-29	772-773	,	_	_	_	
4-30	774-778	dien	_	_	_	
4-31	779-781	ik	_	_	_	
4-32	782-784	op	_	_	_	
4-33	785-790	eigen	_	_	_	
4-34	791-797	kosten	_	_	_	
4-35	799-804	menam	_	_	_	
4-36	804-805	,	_	_	_	
4-37	806-808	er	_	_	_	
4-38	809-813	heen	_	_	_	
4-39	813-814	.	_	_	_	

#Text=Vooraf echter raadde mij de kommandant, een paar dozijn fleschjes 
#Text=pomade en reukwater, die hij met zijne lynxoogen in mijne kist ontdekt had, als 
#Text=geschenk voor zijne beminde mede te nemen, ofschoon deze reeds ver boven de jaren 
#Text=was, waarin deze middelen van het toilet met vrucht gebezigd worden.
5-1	815-821	Vooraf	_	_	_	
5-2	822-828	echter	_	_	_	
5-3	829-835	raadde	_	_	_	
5-4	836-839	mij	_	_	_	
5-5	840-842	de	_	_	_	
5-6	843-853	kommandant	_	_	_	
5-7	853-854	,	_	_	_	
5-8	855-858	een	_	_	_	
5-9	859-863	paar	_	_	_	
5-10	864-870	dozijn	_	_	_	
5-11	871-880	fleschjes	_	_	_	
5-12	882-888	pomade	Smell\_Word	*	5-27[1_0]	
5-13	889-891	en	_	_	_	
5-14	892-901	reukwater	Smell\_Word	*	5-27[1_0]	
5-15	901-902	,	_	_	_	
5-16	903-906	die	_	_	_	
5-17	907-910	hij	_	_	_	
5-18	911-914	met	_	_	_	
5-19	915-920	zijne	_	_	_	
5-20	921-930	lynxoogen	_	_	_	
5-21	931-933	in	_	_	_	
5-22	934-939	mijne	_	_	_	
5-23	940-944	kist	_	_	_	
5-24	945-952	ontdekt	_	_	_	
5-25	953-956	had	_	_	_	
5-26	956-957	,	_	_	_	
5-27	958-961	als	*[1]	_	_	
5-28	963-971	geschenk	*[1]	_	_	
5-29	972-976	voor	*[1]	_	_	
5-30	977-982	zijne	*[1]	_	_	
5-31	983-990	beminde	*[1]	_	_	
5-32	991-995	mede	*[1]	_	_	
5-33	996-998	te	*[1]	_	_	
5-34	999-1004	nemen	*[1]	_	_	
5-35	1004-1005	,	_	_	_	
5-36	1006-1014	ofschoon	_	_	_	
5-37	1015-1019	deze	_	_	_	
5-38	1020-1025	reeds	_	_	_	
5-39	1026-1029	ver	_	_	_	
5-40	1030-1035	boven	_	_	_	
5-41	1036-1038	de	_	_	_	
5-42	1039-1044	jaren	_	_	_	
5-43	1046-1049	was	_	_	_	
5-44	1049-1050	,	_	_	_	
5-45	1051-1057	waarin	_	_	_	
5-46	1058-1062	deze	_	_	_	
5-47	1063-1071	middelen	_	_	_	
5-48	1072-1075	van	_	_	_	
5-49	1076-1079	het	_	_	_	
5-50	1080-1086	toilet	_	_	_	
5-51	1087-1090	met	_	_	_	
5-52	1091-1097	vrucht	_	_	_	
5-53	1098-1106	gebezigd	_	_	_	
5-54	1107-1113	worden	_	_	_	
5-55	1113-1114	.	_	_	_	

#Text=Met een zeil op mijne ligte corjaal, voer ik den 2 Mei niet gunstigen wind af, en 
#Text=spoedig hadden wij de eerste groep, uit vijf, met opgaande boomen en lage struiken
#Text=
#Text=bewassen eilanden bestaande, bereikt, en landden bij het eerste dorp der Arrauwaken 
#Text=aan de hollandsche zijde, dat Woman Country (vronwendorp) genoemd werd.
6-1	1119-1122	Met	_	_	_	
6-2	1123-1126	een	_	_	_	
6-3	1127-1131	zeil	_	_	_	
6-4	1132-1134	op	_	_	_	
6-5	1135-1140	mijne	_	_	_	
6-6	1141-1146	ligte	_	_	_	
6-7	1147-1154	corjaal	_	_	_	
6-8	1154-1155	,	_	_	_	
6-9	1156-1160	voer	_	_	_	
6-10	1161-1163	ik	_	_	_	
6-11	1164-1167	den	_	_	_	
6-12	1168-1169	2	_	_	_	
6-13	1170-1173	Mei	_	_	_	
6-14	1174-1178	niet	_	_	_	
6-15	1179-1188	gunstigen	_	_	_	
6-16	1189-1193	wind	_	_	_	
6-17	1194-1196	af	_	_	_	
6-18	1196-1197	,	_	_	_	
6-19	1198-1200	en	_	_	_	
6-20	1202-1209	spoedig	_	_	_	
6-21	1210-1216	hadden	_	_	_	
6-22	1217-1220	wij	_	_	_	
6-23	1221-1223	de	_	_	_	
6-24	1224-1230	eerste	_	_	_	
6-25	1231-1236	groep	_	_	_	
6-26	1236-1237	,	_	_	_	
6-27	1238-1241	uit	_	_	_	
6-28	1242-1246	vijf	_	_	_	
6-29	1246-1247	,	_	_	_	
6-30	1248-1251	met	_	_	_	
6-31	1252-1260	opgaande	_	_	_	
6-32	1261-1267	boomen	_	_	_	
6-33	1268-1270	en	_	_	_	
6-34	1271-1275	lage	_	_	_	
6-35	1276-1284	struiken	_	_	_	
6-36	1286-1294	bewassen	_	_	_	
6-37	1295-1303	eilanden	_	_	_	
6-38	1304-1313	bestaande	_	_	_	
6-39	1313-1314	,	_	_	_	
6-40	1315-1322	bereikt	_	_	_	
6-41	1322-1323	,	_	_	_	
6-42	1324-1326	en	_	_	_	
6-43	1327-1334	landden	_	_	_	
6-44	1335-1338	bij	_	_	_	
6-45	1339-1342	het	_	_	_	
6-46	1343-1349	eerste	_	_	_	
6-47	1350-1354	dorp	_	_	_	
6-48	1355-1358	der	_	_	_	
6-49	1359-1369	Arrauwaken	_	_	_	
6-50	1371-1374	aan	_	_	_	
6-51	1375-1377	de	_	_	_	
6-52	1378-1389	hollandsche	_	_	_	
6-53	1390-1395	zijde	_	_	_	
6-54	1395-1396	,	_	_	_	
6-55	1397-1400	dat	_	_	_	
6-56	1401-1406	Woman	_	_	_	
6-57	1407-1414	Country	_	_	_	
6-58	1415-1416	(	_	_	_	
6-59	1416-1427	vronwendorp	_	_	_	
6-60	1427-1428	)	_	_	_	
6-61	1429-1436	genoemd	_	_	_	
6-62	1437-1441	werd	_	_	_	
6-63	1441-1442	.	_	_	_	

#Text=Het 
#Text=opperhoofd daarvan was eene bejaarde vrouw, Saantje, die mij, nadat ik haar eene 
#Text=flesch jenever, haar geliefkoosde drank, gegeven had, met casiri, cassave en ananassen 
#Text=beschonk.
7-1	1443-1446	Het	_	_	_	
7-2	1448-1458	opperhoofd	_	_	_	
7-3	1459-1466	daarvan	_	_	_	
7-4	1467-1470	was	_	_	_	
7-5	1471-1475	eene	_	_	_	
7-6	1476-1484	bejaarde	_	_	_	
7-7	1485-1490	vrouw	_	_	_	
7-8	1490-1491	,	_	_	_	
7-9	1492-1499	Saantje	_	_	_	
7-10	1499-1500	,	_	_	_	
7-11	1501-1504	die	_	_	_	
7-12	1505-1508	mij	_	_	_	
7-13	1508-1509	,	_	_	_	
7-14	1510-1515	nadat	_	_	_	
7-15	1516-1518	ik	_	_	_	
7-16	1519-1523	haar	_	_	_	
7-17	1524-1528	eene	_	_	_	
7-18	1530-1536	flesch	_	_	_	
7-19	1537-1544	jenever	_	_	_	
7-20	1544-1545	,	_	_	_	
7-21	1546-1550	haar	_	_	_	
7-22	1551-1563	geliefkoosde	_	_	_	
7-23	1564-1569	drank	_	_	_	
7-24	1569-1570	,	_	_	_	
7-25	1571-1578	gegeven	_	_	_	
7-26	1579-1582	had	_	_	_	
7-27	1582-1583	,	_	_	_	
7-28	1584-1587	met	_	_	_	
7-29	1588-1594	casiri	_	_	_	
7-30	1594-1595	,	_	_	_	
7-31	1596-1603	cassave	_	_	_	
7-32	1604-1606	en	_	_	_	
7-33	1607-1616	ananassen	_	_	_	
7-34	1618-1626	beschonk	_	_	_	
7-35	1626-1627	.	_	_	_	

#Text=Aan de overzijde der rivier lag een dorp der Caraben, waarvan het opperhoofd 
#Text=insgelijks eene vrouw was en Anna heette.
8-1	1631-1634	Aan	_	_	_	
8-2	1635-1637	de	_	_	_	
8-3	1638-1647	overzijde	_	_	_	
8-4	1648-1651	der	_	_	_	
8-5	1652-1658	rivier	_	_	_	
8-6	1659-1662	lag	_	_	_	
8-7	1663-1666	een	_	_	_	
8-8	1667-1671	dorp	_	_	_	
8-9	1672-1675	der	_	_	_	
8-10	1676-1683	Caraben	_	_	_	
8-11	1683-1684	,	_	_	_	
8-12	1685-1692	waarvan	_	_	_	
8-13	1693-1696	het	_	_	_	
8-14	1697-1707	opperhoofd	_	_	_	
8-15	1709-1719	insgelijks	_	_	_	
8-16	1720-1724	eene	_	_	_	
8-17	1725-1730	vrouw	_	_	_	
8-18	1731-1734	was	_	_	_	
8-19	1735-1737	en	_	_	_	
8-20	1738-1742	Anna	_	_	_	
8-21	1743-1749	heette	_	_	_	
8-22	1749-1750	.	_	_	_	

#Text=De rivier, die boven het eerste eiland tot op de helft harer vroegere breedte afneemt 
#Text=en slechts nog een half uur breed is, vormt bijna zonder eenige kromming eene acht 
#Text=uren lange bogt, waarin eene menigte eilanden liggen, en waarvan het zuidelijk einde 
#Text=weder enkel uit water schijnt te bestaan.
9-1	1755-1757	De	_	_	_	
9-2	1758-1764	rivier	_	_	_	
9-3	1764-1765	,	_	_	_	
9-4	1766-1769	die	_	_	_	
9-5	1770-1775	boven	_	_	_	
9-6	1776-1779	het	_	_	_	
9-7	1780-1786	eerste	_	_	_	
9-8	1787-1793	eiland	_	_	_	
9-9	1794-1797	tot	_	_	_	
9-10	1798-1800	op	_	_	_	
9-11	1801-1803	de	_	_	_	
9-12	1804-1809	helft	_	_	_	
9-13	1810-1815	harer	_	_	_	
9-14	1816-1824	vroegere	_	_	_	
9-15	1825-1832	breedte	_	_	_	
9-16	1833-1840	afneemt	_	_	_	
9-17	1842-1844	en	_	_	_	
9-18	1845-1852	slechts	_	_	_	
9-19	1853-1856	nog	_	_	_	
9-20	1857-1860	een	_	_	_	
9-21	1861-1865	half	_	_	_	
9-22	1866-1869	uur	_	_	_	
9-23	1870-1875	breed	_	_	_	
9-24	1876-1878	is	_	_	_	
9-25	1878-1879	,	_	_	_	
9-26	1880-1885	vormt	_	_	_	
9-27	1886-1891	bijna	_	_	_	
9-28	1892-1898	zonder	_	_	_	
9-29	1899-1905	eenige	_	_	_	
9-30	1906-1914	kromming	_	_	_	
9-31	1915-1919	eene	_	_	_	
9-32	1920-1924	acht	_	_	_	
9-33	1926-1930	uren	_	_	_	
9-34	1931-1936	lange	_	_	_	
9-35	1937-1941	bogt	_	_	_	
9-36	1941-1942	,	_	_	_	
9-37	1943-1949	waarin	_	_	_	
9-38	1950-1954	eene	_	_	_	
9-39	1955-1962	menigte	_	_	_	
9-40	1963-1971	eilanden	_	_	_	
9-41	1972-1978	liggen	_	_	_	
9-42	1978-1979	,	_	_	_	
9-43	1980-1982	en	_	_	_	
9-44	1983-1990	waarvan	_	_	_	
9-45	1991-1994	het	_	_	_	
9-46	1995-2004	zuidelijk	_	_	_	
9-47	2005-2010	einde	_	_	_	
9-48	2012-2017	weder	_	_	_	
9-49	2018-2023	enkel	_	_	_	
9-50	2024-2027	uit	_	_	_	
9-51	2028-2033	water	_	_	_	
9-52	2034-2041	schijnt	_	_	_	
9-53	2042-2044	te	_	_	_	
9-54	2045-2052	bestaan	_	_	_	
9-55	2052-2053	.	_	_	_	

#Text=In de verte is eene reeks van hooge heuvelen 
#Text=zigtbaar;
#Text=de oever prijkt aan beide zijden met de schoonste boomen, wier verschillende 
#Text=bloesems verwonderlijk fraai bij het donkere groen der verschillend gevormde bladen 
#Text=afsteken.
10-1	2054-2056	In	_	_	_	
10-2	2057-2059	de	_	_	_	
10-3	2060-2065	verte	_	_	_	
10-4	2066-2068	is	_	_	_	
10-5	2069-2073	eene	_	_	_	
10-6	2074-2079	reeks	_	_	_	
10-7	2080-2083	van	_	_	_	
10-8	2084-2089	hooge	_	_	_	
10-9	2090-2098	heuvelen	_	_	_	
10-10	2100-2108	zigtbaar	_	_	_	
10-11	2108-2109	;	_	_	_	
10-12	2110-2112	de	_	_	_	
10-13	2113-2118	oever	_	_	_	
10-14	2119-2125	prijkt	_	_	_	
10-15	2126-2129	aan	_	_	_	
10-16	2130-2135	beide	_	_	_	
10-17	2136-2142	zijden	_	_	_	
10-18	2143-2146	met	_	_	_	
10-19	2147-2149	de	_	_	_	
10-20	2150-2159	schoonste	_	_	_	
10-21	2160-2166	boomen	_	_	_	
10-22	2166-2167	,	_	_	_	
10-23	2168-2172	wier	_	_	_	
10-24	2173-2186	verschillende	_	_	_	
10-25	2188-2196	bloesems	_	_	_	
10-26	2197-2210	verwonderlijk	_	_	_	
10-27	2211-2216	fraai	_	_	_	
10-28	2217-2220	bij	_	_	_	
10-29	2221-2224	het	_	_	_	
10-30	2225-2232	donkere	_	_	_	
10-31	2233-2238	groen	_	_	_	
10-32	2239-2242	der	_	_	_	
10-33	2243-2255	verschillend	_	_	_	
10-34	2256-2264	gevormde	_	_	_	
10-35	2265-2271	bladen	_	_	_	
10-36	2273-2281	afsteken	_	_	_	
10-37	2281-2282	.	_	_	_	
