#FORMAT=WebAnno TSV 3.3


#Text=Et non erat vox, nec qui responderet : transiliebantque altare quod fecerant.
#Text=27 Cumque esset jam meridies, illudebat illis Elias, dicens : Clamate voce majore : deus enim est, et forsitan loquitur, aut in diversorio est, aut in itinere, aut certe dormit, ut excitetur.
#Text=28 Clamabant ergo voce magna, et incidebant se juxta ritum suum cultris et lanceolis, donec perfunderentur sanguine.
#Text=29 Postquam autem transiit meridies, et illis prophetantibus venerat tempus quo sacrificium offerri solet, nec audiebatur vox, nec aliquis respondebat, nec attendebat orantes, 30 dixit Elias omni populo : Venite ad me.
1-1	2-4	Et	
1-2	5-8	non	
1-3	9-13	erat	
1-4	14-17	vox	
1-5	17-18	,	
1-6	19-22	nec	
1-7	23-26	qui	
1-8	27-38	responderet	
1-9	39-40	:	
1-10	41-57	transiliebantque	
1-11	58-64	altare	
1-12	65-69	quod	
1-13	70-78	fecerant	
1-14	78-79	.	
1-15	80-82	27	
1-16	83-89	Cumque	
1-17	90-95	esset	
1-18	96-99	jam	
1-19	100-108	meridies	
1-20	108-109	,	
1-21	110-119	illudebat	
1-22	120-125	illis	
1-23	126-131	Elias	
1-24	131-132	,	
1-25	133-139	dicens	
1-26	140-141	:	
1-27	142-149	Clamate	
1-28	150-154	voce	
1-29	155-161	majore	
1-30	162-163	:	
1-31	164-168	deus	
1-32	169-173	enim	
1-33	174-177	est	
1-34	177-178	,	
1-35	179-181	et	
1-36	182-190	forsitan	
1-37	191-199	loquitur	
1-38	199-200	,	
1-39	201-204	aut	
1-40	205-207	in	
1-41	208-218	diversorio	
1-42	219-222	est	
1-43	222-223	,	
1-44	224-227	aut	
1-45	228-230	in	
1-46	231-238	itinere	
1-47	238-239	,	
1-48	240-243	aut	
1-49	244-249	certe	
1-50	250-256	dormit	
1-51	256-257	,	
1-52	258-260	ut	
1-53	261-270	excitetur	
1-54	270-271	.	
1-55	272-274	28	
1-56	275-284	Clamabant	
1-57	285-289	ergo	
1-58	290-294	voce	
1-59	295-300	magna	
1-60	300-301	,	
1-61	302-304	et	
1-62	305-315	incidebant	
1-63	316-318	se	
1-64	319-324	juxta	
1-65	325-330	ritum	
1-66	331-335	suum	
1-67	336-343	cultris	
1-68	344-346	et	
1-69	347-356	lanceolis	
1-70	356-357	,	
1-71	358-363	donec	
1-72	364-378	perfunderentur	
1-73	379-387	sanguine	
1-74	387-388	.	
1-75	389-391	29	
1-76	392-400	Postquam	
1-77	401-406	autem	
1-78	407-415	transiit	
1-79	416-424	meridies	
1-80	424-425	,	
1-81	426-428	et	
1-82	429-434	illis	
1-83	435-449	prophetantibus	
1-84	450-457	venerat	
1-85	458-464	tempus	
1-86	465-468	quo	
1-87	469-480	sacrificium	
1-88	481-488	offerri	
1-89	489-494	solet	
1-90	494-495	,	
1-91	496-499	nec	
1-92	500-510	audiebatur	
1-93	511-514	vox	
1-94	514-515	,	
1-95	516-519	nec	
1-96	520-527	aliquis	
1-97	528-539	respondebat	
1-98	539-540	,	
1-99	541-544	nec	
1-100	545-555	attendebat	
1-101	556-563	orantes	
1-102	563-564	,	
1-103	565-567	30	
1-104	568-573	dixit	
1-105	574-579	Elias	
1-106	580-584	omni	
1-107	585-591	populo	
1-108	592-593	:	
1-109	594-600	Venite	
1-110	601-603	ad	
1-111	604-606	me	
1-112	606-607	.	

#Text=Et accedente ad se populo, curavit altare Domini quod destructum fuerat.
#Text=31 Et tulit duodecim lapides juxta numerum tribuum filiorum Jacob, ad quem factus est sermo Domini, dicens : Israël erit nomen tuum.
#Text=32 Et ædificavit de lapidibus altare in nomine Domini : fecitque aquæductum, quasi per duas aratiunculas in circuitu altaris, 33 et composuit ligna : divisitque per membra bovem, et posuit super ligna, 34 et ait : Implete quatuor hydrias aqua, et fundite super holocaustum et super ligna.
2-1	608-610	Et	
2-2	611-620	accedente	
2-3	621-623	ad	
2-4	624-626	se	
2-5	627-633	populo	
2-6	633-634	,	
2-7	635-642	curavit	
2-8	643-649	altare	
2-9	650-656	Domini	
2-10	657-661	quod	
2-11	662-672	destructum	
2-12	673-679	fuerat	
2-13	679-680	.	
2-14	681-683	31	
2-15	684-686	Et	
2-16	687-692	tulit	
2-17	693-701	duodecim	
2-18	702-709	lapides	
2-19	710-715	juxta	
2-20	716-723	numerum	
2-21	724-731	tribuum	
2-22	732-740	filiorum	
2-23	741-746	Jacob	
2-24	746-747	,	
2-25	748-750	ad	
2-26	751-755	quem	
2-27	756-762	factus	
2-28	763-766	est	
2-29	767-772	sermo	
2-30	773-779	Domini	
2-31	779-780	,	
2-32	781-787	dicens	
2-33	788-789	:	
2-34	790-796	Israël	
2-35	797-801	erit	
2-36	802-807	nomen	
2-37	808-812	tuum	
2-38	812-813	.	
2-39	814-816	32	
2-40	817-819	Et	
2-41	820-830	ædificavit	
2-42	831-833	de	
2-43	834-843	lapidibus	
2-44	844-850	altare	
2-45	851-853	in	
2-46	854-860	nomine	
2-47	861-867	Domini	
2-48	868-869	:	
2-49	870-878	fecitque	
2-50	879-889	aquæductum	
2-51	889-890	,	
2-52	891-896	quasi	
2-53	897-900	per	
2-54	901-905	duas	
2-55	906-918	aratiunculas	
2-56	919-921	in	
2-57	922-930	circuitu	
2-58	931-938	altaris	
2-59	938-939	,	
2-60	940-942	33	
2-61	943-945	et	
2-62	946-955	composuit	
2-63	956-961	ligna	
2-64	962-963	:	
2-65	964-974	divisitque	
2-66	975-978	per	
2-67	979-985	membra	
2-68	986-991	bovem	
2-69	991-992	,	
2-70	993-995	et	
2-71	996-1002	posuit	
2-72	1003-1008	super	
2-73	1009-1014	ligna	
2-74	1014-1015	,	
2-75	1016-1018	34	
2-76	1019-1021	et	
2-77	1022-1025	ait	
2-78	1026-1027	:	
2-79	1028-1035	Implete	
2-80	1036-1043	quatuor	
2-81	1044-1051	hydrias	
2-82	1052-1056	aqua	
2-83	1056-1057	,	
2-84	1058-1060	et	
2-85	1061-1068	fundite	
2-86	1069-1074	super	
2-87	1075-1086	holocaustum	
2-88	1087-1089	et	
2-89	1090-1095	super	
2-90	1096-1101	ligna	
2-91	1101-1102	.	

#Text=Rursumque dixit : Etiam secundo hoc facite.
3-1	1103-1112	Rursumque	
3-2	1113-1118	dixit	
3-3	1119-1120	:	
3-4	1121-1126	Etiam	
3-5	1127-1134	secundo	
3-6	1135-1138	hoc	
3-7	1139-1145	facite	
3-8	1145-1146	.	

#Text=Qui cum fecissent secundo, ait : Etiam tertio idipsum facite.
4-1	1147-1150	Qui	
4-2	1151-1154	cum	
4-3	1155-1164	fecissent	
4-4	1165-1172	secundo	
4-5	1172-1173	,	
4-6	1174-1177	ait	
4-7	1178-1179	:	
4-8	1180-1185	Etiam	
4-9	1186-1192	tertio	
4-10	1193-1200	idipsum	
4-11	1201-1207	facite	
4-12	1207-1208	.	

#Text=Feceruntque tertio, 35 et currebant aquæ circum altare, et fossa aquæductus repleta est.
#Text=36 Cumque jam tempus esset ut offerretur holocaustum, accedens Elias propheta ait : Domine Deus Abraham, et Isaac, et Israël, ostende hodie quia tu es Deus Israël, et ego servus tuus, et juxta præceptum tuum feci omnia verba hæc.
#Text=37 Exaudi me, Domine, exaudi me : ut discat populus iste quia tu es Dominus Deus, et tu convertisti cor eorum iterum.
#Text=38 Cecidit autem ignis Domini, et voravit holocaustum, et ligna, et lapides, pulverem quoque, et aquam quæ erat in aquæductu lambens.
#Text=39 Quod cum vidisset omnis populus, cecidit in faciem suam, et ait : Dominus ipse est Deus, Dominus ipse est Deus.
#Text=40 Dixitque Elias ad eos : Apprehendite prophetas Baal, et ne unus quidem effugiat ex eis.
5-1	1209-1220	Feceruntque	
5-2	1221-1227	tertio	
5-3	1227-1228	,	
5-4	1229-1231	35	
5-5	1232-1234	et	
5-6	1235-1244	currebant	
5-7	1245-1249	aquæ	
5-8	1250-1256	circum	
5-9	1257-1263	altare	
5-10	1263-1264	,	
5-11	1265-1267	et	
5-12	1268-1273	fossa	
5-13	1274-1284	aquæductus	
5-14	1285-1292	repleta	
5-15	1293-1296	est	
5-16	1296-1297	.	
5-17	1298-1300	36	
5-18	1301-1307	Cumque	
5-19	1308-1311	jam	
5-20	1312-1318	tempus	
5-21	1319-1324	esset	
5-22	1325-1327	ut	
5-23	1328-1338	offerretur	
5-24	1339-1350	holocaustum	
5-25	1350-1351	,	
5-26	1352-1360	accedens	
5-27	1361-1366	Elias	
5-28	1367-1375	propheta	
5-29	1376-1379	ait	
5-30	1380-1381	:	
5-31	1382-1388	Domine	
5-32	1389-1393	Deus	
5-33	1394-1401	Abraham	
5-34	1401-1402	,	
5-35	1403-1405	et	
5-36	1406-1411	Isaac	
5-37	1411-1412	,	
5-38	1413-1415	et	
5-39	1416-1422	Israël	
5-40	1422-1423	,	
5-41	1424-1431	ostende	
5-42	1432-1437	hodie	
5-43	1438-1442	quia	
5-44	1443-1445	tu	
5-45	1446-1448	es	
5-46	1449-1453	Deus	
5-47	1454-1460	Israël	
5-48	1460-1461	,	
5-49	1462-1464	et	
5-50	1465-1468	ego	
5-51	1469-1475	servus	
5-52	1476-1480	tuus	
5-53	1480-1481	,	
5-54	1482-1484	et	
5-55	1485-1490	juxta	
5-56	1491-1500	præceptum	
5-57	1501-1505	tuum	
5-58	1506-1510	feci	
5-59	1511-1516	omnia	
5-60	1517-1522	verba	
5-61	1523-1526	hæc	
5-62	1526-1527	.	
5-63	1528-1530	37	
5-64	1531-1537	Exaudi	
5-65	1538-1540	me	
5-66	1540-1541	,	
5-67	1542-1548	Domine	
5-68	1548-1549	,	
5-69	1550-1556	exaudi	
5-70	1557-1559	me	
5-71	1560-1561	:	
5-72	1562-1564	ut	
5-73	1565-1571	discat	
5-74	1572-1579	populus	
5-75	1580-1584	iste	
5-76	1585-1589	quia	
5-77	1590-1592	tu	
5-78	1593-1595	es	
5-79	1596-1603	Dominus	
5-80	1604-1608	Deus	
5-81	1608-1609	,	
5-82	1610-1612	et	
5-83	1613-1615	tu	
5-84	1616-1627	convertisti	
5-85	1628-1631	cor	
5-86	1632-1637	eorum	
5-87	1638-1644	iterum	
5-88	1644-1645	.	
5-89	1646-1648	38	
5-90	1649-1656	Cecidit	
5-91	1657-1662	autem	
5-92	1663-1668	ignis	
5-93	1669-1675	Domini	
5-94	1675-1676	,	
5-95	1677-1679	et	
5-96	1680-1687	voravit	
5-97	1688-1699	holocaustum	
5-98	1699-1700	,	
5-99	1701-1703	et	
5-100	1704-1709	ligna	
5-101	1709-1710	,	
5-102	1711-1713	et	
5-103	1714-1721	lapides	
5-104	1721-1722	,	
5-105	1723-1731	pulverem	
5-106	1732-1738	quoque	
5-107	1738-1739	,	
5-108	1740-1742	et	
5-109	1743-1748	aquam	
5-110	1749-1752	quæ	
5-111	1753-1757	erat	
5-112	1758-1760	in	
5-113	1761-1770	aquæductu	
5-114	1771-1778	lambens	
5-115	1778-1779	.	
5-116	1780-1782	39	
5-117	1783-1787	Quod	
5-118	1788-1791	cum	
5-119	1792-1800	vidisset	
5-120	1801-1806	omnis	
5-121	1807-1814	populus	
5-122	1814-1815	,	
5-123	1816-1823	cecidit	
5-124	1824-1826	in	
5-125	1827-1833	faciem	
5-126	1834-1838	suam	
5-127	1838-1839	,	
5-128	1840-1842	et	
5-129	1843-1846	ait	
5-130	1847-1848	:	
5-131	1849-1856	Dominus	
5-132	1857-1861	ipse	
5-133	1862-1865	est	
5-134	1866-1870	Deus	
5-135	1870-1871	,	
5-136	1872-1879	Dominus	
5-137	1880-1884	ipse	
5-138	1885-1888	est	
5-139	1889-1893	Deus	
5-140	1893-1894	.	
5-141	1895-1897	40	
5-142	1898-1906	Dixitque	
5-143	1907-1912	Elias	
5-144	1913-1915	ad	
5-145	1916-1919	eos	
5-146	1920-1921	:	
5-147	1922-1934	Apprehendite	
5-148	1935-1944	prophetas	
5-149	1945-1949	Baal	
5-150	1949-1950	,	
5-151	1951-1953	et	
5-152	1954-1956	ne	
5-153	1957-1961	unus	
5-154	1962-1968	quidem	
5-155	1969-1977	effugiat	
5-156	1978-1980	ex	
5-157	1981-1984	eis	
5-158	1984-1985	.	

#Text=Quos cum apprehendissent, duxit eos Elias ad torrentem Cison, et interfecit eos ibi.
#Text=41 Et ait Elias ad Achab : Ascende, comede, et bibe, quia sonus multæ pluviæ est.
#Text=42 Ascendit Achab ut comederet et biberet : Elias autem ascendit in verticem Carmeli, et pronus in terram posuit faciem suam inter genua sua, 43 et dixit ad puerum suum : Ascende, et prospice contra mare.
6-1	1986-1990	Quos	
6-2	1991-1994	cum	
6-3	1995-2010	apprehendissent	
6-4	2010-2011	,	
6-5	2012-2017	duxit	
6-6	2018-2021	eos	
6-7	2022-2027	Elias	
6-8	2028-2030	ad	
6-9	2031-2040	torrentem	
6-10	2041-2046	Cison	
6-11	2046-2047	,	
6-12	2048-2050	et	
6-13	2051-2061	interfecit	
6-14	2062-2065	eos	
6-15	2066-2069	ibi	
6-16	2069-2070	.	
6-17	2071-2073	41	
6-18	2074-2076	Et	
6-19	2077-2080	ait	
6-20	2081-2086	Elias	
6-21	2087-2089	ad	
6-22	2090-2095	Achab	
6-23	2096-2097	:	
6-24	2098-2105	Ascende	
6-25	2105-2106	,	
6-26	2107-2113	comede	
6-27	2113-2114	,	
6-28	2115-2117	et	
6-29	2118-2122	bibe	
6-30	2122-2123	,	
6-31	2124-2128	quia	
6-32	2129-2134	sonus	
6-33	2135-2140	multæ	
6-34	2141-2147	pluviæ	
6-35	2148-2151	est	
6-36	2151-2152	.	
6-37	2153-2155	42	
6-38	2156-2164	Ascendit	
6-39	2165-2170	Achab	
6-40	2171-2173	ut	
6-41	2174-2183	comederet	
6-42	2184-2186	et	
6-43	2187-2194	biberet	
6-44	2195-2196	:	
6-45	2197-2202	Elias	
6-46	2203-2208	autem	
6-47	2209-2217	ascendit	
6-48	2218-2220	in	
6-49	2221-2229	verticem	
6-50	2230-2237	Carmeli	
6-51	2237-2238	,	
6-52	2239-2241	et	
6-53	2242-2248	pronus	
6-54	2249-2251	in	
6-55	2252-2258	terram	
6-56	2259-2265	posuit	
6-57	2266-2272	faciem	
6-58	2273-2277	suam	
6-59	2278-2283	inter	
6-60	2284-2289	genua	
6-61	2290-2293	sua	
6-62	2293-2294	,	
6-63	2295-2297	43	
6-64	2298-2300	et	
6-65	2301-2306	dixit	
6-66	2307-2309	ad	
6-67	2310-2316	puerum	
6-68	2317-2321	suum	
6-69	2322-2323	:	
6-70	2324-2331	Ascende	
6-71	2331-2332	,	
6-72	2333-2335	et	
6-73	2336-2344	prospice	
6-74	2345-2351	contra	
6-75	2352-2356	mare	
6-76	2356-2357	.	

#Text=Qui cum ascendisset, et contemplatus esset, ait : Non est quidquam.
7-1	2358-2361	Qui	
7-2	2362-2365	cum	
7-3	2366-2377	ascendisset	
7-4	2377-2378	,	
7-5	2379-2381	et	
7-6	2382-2394	contemplatus	
7-7	2395-2400	esset	
7-8	2400-2401	,	
7-9	2402-2405	ait	
7-10	2406-2407	:	
7-11	2408-2411	Non	
7-12	2412-2415	est	
7-13	2416-2424	quidquam	
7-14	2424-2425	.	

#Text=Et rursum ait illi : Revertere septem vicibus.
8-1	2426-2428	Et	
8-2	2429-2435	rursum	
8-3	2436-2439	ait	
8-4	2440-2444	illi	
8-5	2445-2446	:	
8-6	2447-2456	Revertere	
8-7	2457-2463	septem	
8-8	2464-2471	vicibus	
8-9	2471-2472	.	
