#FORMAT=WebAnno TSV 3.3


#Text=Illud verò de Zibecho fatis inter peritos vnguentarios con
#Text=
#Text=Itat, quò puriùs id eft atque Zibethum fincerius,cò acutiùs ingrapuriss.ingra
#Text=
#Text=tiufq.olere at verò fricatum acutiffimum quidem odorem {pirare ; non tamen aut grátum, aut fuauem , nifi multo tráfacto teinpore, aut lata illica manu, nam acu.
#Text=tiffimi illi fpiritus,vcheme
#Text=
#Text=que
#Text=
#Text=
#Text=
#Text=tum.
#Text=que eius qualitas vel cempore, vel loci interuallo, vel aqua
#Text=
#Text=demum abftergente opus habet , vr ad gratam mediocritatem rerúdantur, ac temperentur.
1-1	2-7	Illud	
1-2	8-12	verò	
1-3	13-15	de	
1-4	16-23	Zibecho	
1-5	24-29	fatis	
1-6	30-35	inter	
1-7	36-43	peritos	
1-8	44-56	vnguentarios	
1-9	57-60	con	
1-10	62-66	Itat	
1-11	66-67	,	
1-12	68-71	quò	
1-13	72-78	puriùs	
1-14	79-81	id	
1-15	82-85	eft	
1-16	86-91	atque	
1-17	92-100	Zibethum	
1-18	101-110	fincerius	
1-19	110-111	,	
1-20	111-113	cò	
1-21	114-121	acutiùs	
1-22	122-139	ingrapuriss.ingra	
1-23	141-152	tiufq.olere	
1-24	153-155	at	
1-25	156-160	verò	
1-26	161-169	fricatum	
1-27	170-181	acutiffimum	
1-28	182-188	quidem	
1-29	189-195	odorem	
1-30	196-197	{	
1-31	197-203	pirare	
1-32	204-205	;	
1-33	206-209	non	
1-34	210-215	tamen	
1-35	216-219	aut	
1-36	220-226	grátum	
1-37	226-227	,	
1-38	228-231	aut	
1-39	232-238	fuauem	
1-40	239-240	,	
1-41	241-245	nifi	
1-42	246-251	multo	
1-43	252-260	tráfacto	
1-44	261-269	teinpore	
1-45	269-270	,	
1-46	271-274	aut	
1-47	275-279	lata	
1-48	280-286	illica	
1-49	287-291	manu	
1-50	291-292	,	
1-51	293-296	nam	
1-52	297-300	acu	
1-53	300-301	.	
1-54	302-309	tiffimi	
1-55	310-314	illi	
1-56	315-323	fpiritus	
1-57	323-324	,	
1-58	324-330	vcheme	
1-59	332-335	que	
1-60	339-342	tum	
1-61	342-343	.	
1-62	344-347	que	
1-63	348-352	eius	
1-64	353-361	qualitas	
1-65	362-365	vel	
1-66	366-373	cempore	
1-67	373-374	,	
1-68	375-378	vel	
1-69	379-383	loci	
1-70	384-394	interuallo	
1-71	394-395	,	
1-72	396-399	vel	
1-73	400-404	aqua	
1-74	406-411	demum	
1-75	412-423	abftergente	
1-76	424-428	opus	
1-77	429-434	habet	
1-78	435-436	,	
1-79	437-439	vr	
1-80	440-442	ad	
1-81	443-449	gratam	
1-82	450-463	mediocritatem	
1-83	464-474	rerúdantur	
1-84	474-475	,	
1-85	476-478	ac	
1-86	479-490	temperentur	
1-87	490-491	.	

#Text=Ex quibus vel obiter intelligere poslumus , non ex eo Zibeckum, longè diffitum , fuauius olere, Quòd odor , vt ait Arist.
2-1	492-494	Ex	
2-2	495-501	quibus	
2-3	502-505	vel	
2-4	506-512	obiter	
2-5	513-524	intelligere	
2-6	525-533	poslumus	
2-7	534-535	,	
2-8	536-539	non	
2-9	540-542	ex	
2-10	543-545	eo	
2-11	546-554	Zibeckum	
2-12	554-555	,	
2-13	556-561	longè	
2-14	562-570	diffitum	
2-15	571-572	,	
2-16	573-580	fuauius	
2-17	581-586	olere	
2-18	586-587	,	
2-19	588-592	Quòd	
2-20	593-597	odor	
2-21	598-599	,	
2-22	600-602	vt	
2-23	603-606	ait	
2-24	607-612	Arist	
2-25	612-613	.	

#Text=Theophra& Theophr.
#Text=ad locum remotio- ftor.
#Text=exami sem purus fincerusque deferatur:sed nantur lib. potius econtrariò, quòd mi- Plant.
#Text=cap.
#Text=nùs sincerus aërique magis Probl.i.
#Text=permistus effundatur.
#Text=diffu.
#Text=sus enim longè latèque obcunditur zibethi odor,&,abo lita yehemétia, dissipatisque {piritibus, qui acerrimno im.
#Text=petu sensum feriebant , fua
#Text=
#Text=uis temperatur.
3-1	614-622	Theophra	
3-2	622-623	&	
3-3	624-631	Theophr	
3-4	631-632	.	
3-5	633-635	ad	
3-6	636-641	locum	
3-7	642-649	remotio	
3-8	649-650	-	
3-9	651-655	ftor	
3-10	655-656	.	
3-11	657-662	exami	
3-12	663-666	sem	
3-13	667-672	purus	
3-14	673-684	fincerusque	
3-15	685-694	deferatur	
3-16	694-695	:	
3-17	695-698	sed	
3-18	699-705	nantur	
3-19	706-709	lib	
3-20	709-710	.	
3-21	711-717	potius	
3-22	718-728	econtrariò	
3-23	728-729	,	
3-24	730-734	quòd	
3-25	735-737	mi	
3-26	737-738	-	
3-27	739-744	Plant	
3-28	744-745	.	
3-29	746-749	cap	
3-30	749-750	.	
3-31	751-754	nùs	
3-32	755-763	sincerus	
3-33	764-771	aërique	
3-34	772-777	magis	
3-35	778-785	Probl.i	
3-36	785-786	.	
3-37	787-796	permistus	
3-38	797-807	effundatur	
3-39	807-808	.	
3-40	809-814	diffu	
3-41	814-815	.	
3-42	816-819	sus	
3-43	820-824	enim	
3-44	825-830	longè	
3-45	831-838	latèque	
3-46	839-849	obcunditur	
3-47	850-857	zibethi	
3-48	858-862	odor	
3-49	862-863	,	
3-50	863-864	&	
3-51	864-865	,	
3-52	865-868	abo	
3-53	869-873	lita	
3-54	874-883	yehemétia	
3-55	883-884	,	
3-56	885-898	dissipatisque	
3-57	899-900	{	
3-58	900-909	piritibus	
3-59	909-910	,	
3-60	911-914	qui	
3-61	915-924	acerrimno	
3-62	925-927	im	
3-63	927-928	.	
3-64	929-933	petu	
3-65	934-940	sensum	
3-66	941-950	feriebant	
3-67	951-952	,	
3-68	953-956	fua	
3-69	958-961	uis	
3-70	962-972	temperatur	
3-71	972-973	.	

#Text=Nec exiftiObie&io .
#Text=mandum eft, ad locum re
#Text=
#Text=motiorem ideo purum fincerumque deferri, quòd laci interuallo foedas quasdam exuat partes,quibus inducus grauiter oleret.
#Text=quas enim
#Text=
#Text=partes comminilci in Zibeas cho poffumus,quibus ingra
#Text=
#Text=tuni expirer odorem?
4-1	974-977	Nec	
4-2	978-988	exiftiObie	
4-3	988-989	&	
4-4	989-991	io	
4-5	992-993	.	
4-6	994-1000	mandum	
4-7	1001-1004	eft	
4-8	1004-1005	,	
4-9	1006-1008	ad	
4-10	1009-1014	locum	
4-11	1015-1017	re	
4-12	1019-1027	motiorem	
4-13	1028-1032	ideo	
4-14	1033-1038	purum	
4-15	1039-1050	fincerumque	
4-16	1051-1058	deferri	
4-17	1058-1059	,	
4-18	1060-1064	quòd	
4-19	1065-1069	laci	
4-20	1070-1080	interuallo	
4-21	1081-1087	foedas	
4-22	1088-1095	quasdam	
4-23	1096-1101	exuat	
4-24	1102-1108	partes	
4-25	1108-1109	,	
4-26	1109-1115	quibus	
4-27	1116-1123	inducus	
4-28	1124-1132	grauiter	
4-29	1133-1139	oleret	
4-30	1139-1140	.	
4-31	1141-1145	quas	
4-32	1146-1150	enim	
4-33	1152-1158	partes	
4-34	1159-1169	comminilci	
4-35	1170-1172	in	
4-36	1173-1179	Zibeas	
4-37	1180-1183	cho	
4-38	1184-1192	poffumus	
4-39	1192-1193	,	
4-40	1193-1199	quibus	
4-41	1200-1205	ingra	
4-42	1207-1211	tuni	
4-43	1212-1219	expirer	
4-44	1220-1226	odorem	
4-45	1226-1227	?	

#Text=Hebe tatur potius ac reftinguitur, ant certè diffunditur diffi.
#Text=paturque eius spiritus interjecto loci fpatio, qui coactus antea acq; conglobatus odo racum infuauiter feriebati Immo si quid iniucundum deponit in aére odor Zibel
#Text=
#Text=thi,
#Text=
#Text=
#Text=
#Text=1
#Text=
#Text=
#Text=
#Text=
#Text=
#Text=thi, per quod iucundus loma gè difficus fentiatur; nedelle eft, vt putrefcentis canis o Canis putidor,qui prope ignauus ac fe minantur.
#Text=rè nullus eft,diftans verò gra ụiflimus ac teterrimus, partesexuat suaués ac bene olé tes , quibus', e purrido cane mi expirans; miftus ac tempe ratus, hebes & ignauus lat.
5-1	1228-1232	Hebe	
5-2	1233-1238	tatur	
5-3	1239-1245	potius	
5-4	1246-1248	ac	
5-5	1249-1261	reftinguitur	
5-6	1261-1262	,	
5-7	1263-1266	ant	
5-8	1267-1272	certè	
5-9	1273-1284	diffunditur	
5-10	1285-1290	diffi	
5-11	1290-1291	.	
5-12	1292-1300	paturque	
5-13	1301-1305	eius	
5-14	1306-1314	spiritus	
5-15	1315-1325	interjecto	
5-16	1326-1330	loci	
5-17	1331-1337	fpatio	
5-18	1337-1338	,	
5-19	1339-1342	qui	
5-20	1343-1350	coactus	
5-21	1351-1356	antea	
5-22	1357-1360	acq	
5-23	1360-1361	;	
5-24	1362-1373	conglobatus	
5-25	1374-1377	odo	
5-26	1378-1383	racum	
5-27	1384-1394	infuauiter	
5-28	1395-1404	feriebati	
5-29	1405-1409	Immo	
5-30	1410-1412	si	
5-31	1413-1417	quid	
5-32	1418-1428	iniucundum	
5-33	1429-1436	deponit	
5-34	1437-1439	in	
5-35	1440-1444	aére	
5-36	1445-1449	odor	
5-37	1450-1455	Zibel	
5-38	1457-1460	thi	
5-39	1460-1461	,	
5-40	1465-1466	1	
5-41	1472-1475	thi	
5-42	1475-1476	,	
5-43	1477-1480	per	
5-44	1481-1485	quod	
5-45	1486-1494	iucundus	
5-46	1495-1499	loma	
5-47	1500-1502	gè	
5-48	1503-1511	difficus	
5-49	1512-1521	fentiatur	
5-50	1521-1522	;	
5-51	1523-1530	nedelle	
5-52	1531-1534	eft	
5-53	1534-1535	,	
5-54	1536-1538	vt	
5-55	1539-1551	putrefcentis	
5-56	1552-1557	canis	
5-57	1558-1559	o	
5-58	1560-1565	Canis	
5-59	1566-1573	putidor	
5-60	1573-1574	,	
5-61	1574-1577	qui	
5-62	1578-1583	prope	
5-63	1584-1591	ignauus	
5-64	1592-1594	ac	
5-65	1595-1597	fe	
5-66	1598-1606	minantur	
5-67	1606-1607	.	
5-68	1608-1610	rè	
5-69	1611-1617	nullus	
5-70	1618-1621	eft	
5-71	1621-1622	,	
5-72	1622-1629	diftans	
5-73	1630-1634	verò	
5-74	1635-1638	gra	
5-75	1639-1647	ụiflimus	
5-76	1648-1650	ac	
5-77	1651-1661	teterrimus	
5-78	1661-1662	,	
5-79	1663-1674	partesexuat	
5-80	1675-1681	suaués	
5-81	1682-1684	ac	
5-82	1685-1689	bene	
5-83	1690-1693	olé	
5-84	1694-1697	tes	
5-85	1698-1699	,	
5-86	1700-1706	quibus	
5-87	1706-1707	'	
5-88	1707-1708	,	
5-89	1709-1710	e	
5-90	1711-1718	purrido	
5-91	1719-1723	cane	
5-92	1724-1726	mi	
5-93	1727-1735	expirans	
5-94	1735-1736	;	
5-95	1737-1743	miftus	
5-96	1744-1746	ac	
5-97	1747-1752	tempe	
5-98	1753-1758	ratus	
5-99	1758-1759	,	
5-100	1760-1765	hebes	
5-101	1766-1767	&	
5-102	1768-1775	ignauus	
5-103	1776-1779	lat	
5-104	1779-1780	.	

#Text=At quas partes fuaues, insuaues,foedafquedeniulcentes, in teterrimocanis odore.fin gere audemus?
6-1	1781-1783	At	
6-2	1784-1788	quas	
6-3	1789-1795	partes	
6-4	1796-1802	fuaues	
6-5	1802-1803	,	
6-6	1804-1812	insuaues	
6-7	1812-1813	,	
6-8	1813-1834	foedafquedeniulcentes	
6-9	1834-1835	,	
6-10	1836-1838	in	
6-11	1839-1853	teterrimocanis	
6-12	1854-1863	odore.fin	
6-13	1864-1868	gere	
6-14	1869-1876	audemus	
6-15	1876-1877	?	

#Text=Quarè ficq; in Zibetho ingratae, neque gratae in cane pirido par-ecanis odo ocs infunt, aboleanturi led hae pingues tur ille lua nimis & craslae fpatio exce- cerrimus.
7-1	1878-1883	Quarè	
7-2	1884-1888	ficq	
7-3	1888-1889	;	
7-4	1890-1892	in	
7-5	1893-1900	Zibetho	
7-6	1901-1909	ingratae	
7-7	1909-1910	,	
7-8	1911-1916	neque	
7-9	1917-1923	gratae	
7-10	1924-1926	in	
7-11	1927-1931	cane	
7-12	1932-1938	pirido	
7-13	1939-1949	par-ecanis	
7-14	1950-1953	odo	
7-15	1954-1957	ocs	
7-16	1958-1964	infunt	
7-17	1964-1965	,	
7-18	1966-1977	aboleanturi	
7-19	1978-1981	led	
7-20	1982-1985	hae	
7-21	1986-1993	pingues	
7-22	1994-1997	tur	
7-23	1998-2002	ille	
7-24	2003-2006	lua	
7-25	2007-2012	nimis	
7-26	2013-2014	&	
7-27	2015-2022	craslae	
7-28	2023-2029	fpatio	
7-29	2030-2034	exce	
7-30	2034-2035	-	
7-31	2036-2044	cerrimus	
7-32	2044-2045	.	
