#FORMAT=WebAnno TSV 3.3


#Text=tias Parifiorum iter faciens, canem dilectissimum domi includere iullit.
1-1	2-6	tias	
1-2	7-17	Parifiorum	
1-3	18-22	iter	
1-4	23-30	faciens	
1-5	30-31	,	
1-6	32-37	canem	
1-7	38-51	dilectissimum	
1-8	52-56	domi	
1-9	57-66	includere	
1-10	67-73	iullit	
1-11	73-74	.	

#Text=Ifte vero duabus elapfis septimanis libertatem nactus, per viarum tri.
#Text=via dominum centum et viginti leucis (60 Meilen) diftantem perfecue tus cft, donec Parifiis illupi inucnit.
2-1	75-79	Ifte	
2-2	80-84	vero	
2-3	85-91	duabus	
2-4	92-99	elapfis	
2-5	100-110	septimanis	
2-6	111-121	libertatem	
2-7	122-128	nactus	
2-8	128-129	,	
2-9	130-133	per	
2-10	134-140	viarum	
2-11	141-144	tri	
2-12	144-145	.	
2-13	146-149	via	
2-14	150-157	dominum	
2-15	158-164	centum	
2-16	165-167	et	
2-17	168-175	viginti	
2-18	176-182	leucis	
2-19	183-184	(	
2-20	184-186	60	
2-21	187-193	Meilen	
2-22	193-194	)	
2-23	195-204	diftantem	
2-24	205-213	perfecue	
2-25	214-217	tus	
2-26	218-221	cft	
2-27	221-222	,	
2-28	223-228	donec	
2-29	229-237	Parifiis	
2-30	238-244	illupi	
2-31	245-252	inucnit	
2-32	252-253	.	

#Text=ABR.
3-1	254-257	ABR	
3-2	257-258	.	

#Text=Kaav perspiratio dicta Hippocrati .
#Text=22.
4-1	259-263	Kaav	
4-2	264-275	perspiratio	
4-3	276-281	dicta	
4-4	282-292	Hippocrati	
4-5	293-294	.	
4-6	295-297	22	
4-7	297-298	.	

#Text=Quem herus digitis fricat nummum, plurimis aliis miftum, odore diftinguit canis, et facile protrahit.
#Text=clima, vitae genus , aetas, sexus, viclus et quae funt reliqua, odorem materiei perspirabilis ctiam immutare possunt.
5-1	299-303	Quem	
5-2	304-309	herus	
5-3	310-317	digitis	
5-4	318-324	fricat	
5-5	325-331	nummum	
5-6	331-332	,	
5-7	333-341	plurimis	
5-8	342-347	aliis	
5-9	348-354	miftum	
5-10	354-355	,	
5-11	356-361	odore	
5-12	362-372	diftinguit	
5-13	373-378	canis	
5-14	378-379	,	
5-15	380-382	et	
5-16	383-389	facile	
5-17	390-399	protrahit	
5-18	399-400	.	
5-19	401-406	clima	
5-20	406-407	,	
5-21	408-413	vitae	
5-22	414-419	genus	
5-23	420-421	,	
5-24	422-427	aetas	
5-25	427-428	,	
5-26	429-434	sexus	
5-27	434-435	,	
5-28	436-442	viclus	
5-29	443-445	et	
5-30	446-450	quae	
5-31	451-455	funt	
5-32	456-463	reliqua	
5-33	463-464	,	
5-34	465-471	odorem	
5-35	472-480	materiei	
5-36	481-494	perspirabilis	
5-37	495-500	ctiam	
5-38	501-509	immutare	
5-39	510-517	possunt	
5-40	517-518	.	

#Text=B.
6-1	519-520	B	
6-2	520-521	.	

#Text=IX.
7-1	522-524	IX	
7-2	524-525	.	

#Text=Specificum plane et facile discernendum odorem plures transpirant gentes.
8-1	526-536	Specificum	
8-2	537-542	plane	
8-3	543-545	et	
8-4	546-552	facile	
8-5	553-565	discernendum	
8-6	566-572	odorem	
8-7	573-579	plures	
8-8	580-591	transpirant	
8-9	592-598	gentes	
8-10	598-599	.	

#Text=Aethiopun sudorem fingulariter et grauiflime oleres omnes, quibus illos obleruandi occafio fuit, testantur.
9-1	600-609	Aethiopun	
9-2	610-617	sudorem	
9-3	618-630	fingulariter	
9-4	631-633	et	
9-5	634-644	grauiflime	
9-6	645-651	oleres	
9-7	652-657	omnes	
9-8	657-658	,	
9-9	659-665	quibus	
9-10	666-671	illos	
9-11	672-682	obleruandi	
9-12	683-690	occafio	
9-13	691-695	fuit	
9-14	695-696	,	
9-15	697-706	testantur	
9-16	706-707	.	

#Text=Inprimis vero inter eos foetent Angolenses i), vt et illi, qui circa Aumen Senegal k) habitant.
10-1	708-716	Inprimis	
10-2	717-721	vero	
10-3	722-727	inter	
10-4	728-731	eos	
10-5	732-739	foetent	
10-6	740-750	Angolenses	
10-7	751-752	i	
10-8	752-753	)	
10-9	753-754	,	
10-10	755-757	vt	
10-11	758-760	et	
10-12	761-765	illi	
10-13	765-766	,	
10-14	767-770	qui	
10-15	771-776	circa	
10-16	777-782	Aumen	
10-17	783-790	Senegal	
10-18	791-792	k	
10-19	792-793	)	
10-20	794-802	habitant	
10-21	802-803	.	

#Text=Causam partim in sanguine pono, qui tesie Cl.
11-1	804-810	Causam	
11-2	811-817	partim	
11-3	818-820	in	
11-4	821-829	sanguine	
11-5	830-834	pono	
11-6	834-835	,	
11-7	836-839	qui	
11-8	840-845	tesie	
11-9	846-848	Cl	
11-10	848-849	.	

#Text=Walter 1) a sanguine Europaeorum tam colore ad nigrum vergente, quam odore volatili nauseoso differt, partim antem in maiori, quem clima feruidum ciet, humorum impetu in cutem quaero.
12-1	850-856	Walter	
12-2	857-858	1	
12-3	858-859	)	
12-4	860-861	a	
12-5	862-870	sanguine	
12-6	871-882	Europaeorum	
12-7	883-886	tam	
12-8	887-893	colore	
12-9	894-896	ad	
12-10	897-903	nigrum	
12-11	904-912	vergente	
12-12	912-913	,	
12-13	914-918	quam	
12-14	919-924	odore	
12-15	925-933	volatili	
12-16	934-942	nauseoso	
12-17	943-950	differt	
12-18	950-951	,	
12-19	952-958	partim	
12-20	959-964	antem	
12-21	965-967	in	
12-22	968-974	maiori	
12-23	974-975	,	
12-24	976-980	quem	
12-25	981-986	clima	
12-26	987-995	feruidum	
12-27	996-1000	ciet	
12-28	1000-1001	,	
12-29	1002-1009	humorum	
12-30	1010-1016	impetu	
12-31	1017-1019	in	
12-32	1020-1025	cutem	
12-33	1026-1032	quaero	
12-34	1032-1033	.	

#Text=Calore enim aeris atmosphaerici crescente, fimul augetur perspiratio , quae tunc etiam in noftris regionibus grauius olere incipit.
13-1	1034-1040	Calore	
13-2	1041-1045	enim	
13-3	1046-1051	aeris	
13-4	1052-1065	atmosphaerici	
13-5	1066-1075	crescente	
13-6	1075-1076	,	
13-7	1077-1082	fimul	
13-8	1083-1090	augetur	
13-9	1091-1102	perspiratio	
13-10	1103-1104	,	
13-11	1105-1109	quae	
13-12	1110-1114	tunc	
13-13	1115-1120	etiam	
13-14	1121-1123	in	
13-15	1124-1131	noftris	
13-16	1132-1142	regionibus	
13-17	1143-1150	grauius	
13-18	1151-1156	olere	
13-19	1157-1164	incipit	
13-20	1164-1165	.	

#Text=Sicut in Aethiopibus, in Groenlandis m) quoque et Caraihaeis n) varietas gentilitia in odore perspirationis obseruata eft.
14-1	1166-1171	Sicut	
14-2	1172-1174	in	
14-3	1175-1186	Aethiopibus	
14-4	1186-1187	,	
14-5	1188-1190	in	
14-6	1191-1202	Groenlandis	
14-7	1203-1204	m	
14-8	1204-1205	)	
14-9	1206-1212	quoque	
14-10	1213-1215	et	
14-11	1216-1226	Caraihaeis	
14-12	1227-1228	n	
14-13	1228-1229	)	
14-14	1230-1238	varietas	
14-15	1239-1249	gentilitia	
14-16	1250-1252	in	
14-17	1253-1258	odore	
14-18	1259-1273	perspirationis	
14-19	1274-1283	obseruata	
14-20	1284-1287	eft	
14-21	1287-1288	.	

#Text=Nec gentibus Europacis *) odor per cutem spirans i pecificus plane denegandus eft, quum olfactum acutiffimum haud fugiat,
#Text=
#Text=Sic
#Text=
#Text=
#Text=
#Text=i) Ill.
15-1	1289-1292	Nec	
15-2	1293-1301	gentibus	
15-3	1302-1311	Europacis	
15-4	1312-1313	*	
15-5	1313-1314	)	
15-6	1315-1319	odor	
15-7	1320-1323	per	
15-8	1324-1329	cutem	
15-9	1330-1337	spirans	
15-10	1338-1339	i	
15-11	1340-1349	pecificus	
15-12	1350-1355	plane	
15-13	1356-1366	denegandus	
15-14	1367-1370	eft	
15-15	1370-1371	,	
15-16	1372-1376	quum	
15-17	1377-1385	olfactum	
15-18	1386-1397	acutiffimum	
15-19	1398-1402	haud	
15-20	1403-1409	fugiat	
15-21	1409-1410	,	
15-22	1412-1415	Sic	
15-23	1419-1420	i	
15-24	1420-1421	)	
15-25	1422-1425	Ill	
15-26	1425-1426	.	

#Text=BLUMENBACH lib. cit.
#Text=p. 187. k) SCHOTTE treatise on the Synochus atrabiliora, which raged at Se.
16-1	1427-1437	BLUMENBACH	
16-2	1438-1441	lib	
16-3	1441-1442	.	
16-4	1443-1446	cit	
16-5	1446-1447	.	
16-6	1448-1449	p	
16-7	1449-1450	.	
16-8	1451-1454	187	
16-9	1454-1455	.	
16-10	1456-1457	k	
16-11	1457-1458	)	
16-12	1459-1466	SCHOTTE	
16-13	1467-1475	treatise	
16-14	1476-1478	on	
16-15	1479-1482	the	
16-16	1483-1491	Synochus	
16-17	1492-1503	atrabiliora	
16-18	1503-1504	,	
16-19	1505-1510	which	
16-20	1511-1516	raged	
16-21	1517-1519	at	
16-22	1520-1522	Se	
16-23	1522-1523	.	
