#FORMAT=WebAnno TSV 3.3


#Text=De trotse Lucifer, dan hier dan daer gedreven,
#Text=Schiet toe op dit geschrey, en geeft zich rustigh bloot,
#Text=Om zijn groothartigheit, in 't nijpen van den noot,
#Text=Te toonen voor de vuist, op zijnen oorloghswagen.
1-1	4-6	De	
1-2	7-13	trotse	
1-3	14-21	Lucifer	
1-4	21-22	,	
1-5	23-26	dan	
1-6	27-31	hier	
1-7	32-35	dan	
1-8	36-40	daer	
1-9	41-49	gedreven	
1-10	49-50	,	
1-11	51-57	Schiet	
1-12	58-61	toe	
1-13	62-64	op	
1-14	65-68	dit	
1-15	69-77	geschrey	
1-16	77-78	,	
1-17	79-81	en	
1-18	82-87	geeft	
1-19	88-92	zich	
1-20	93-100	rustigh	
1-21	101-106	bloot	
1-22	106-107	,	
1-23	108-110	Om	
1-24	111-115	zijn	
1-25	116-131	groothartigheit	
1-26	131-132	,	
1-27	133-135	in	
1-28	136-137	'	
1-29	137-138	t	
1-30	139-145	nijpen	
1-31	146-149	van	
1-32	150-153	den	
1-33	154-158	noot	
1-34	158-159	,	
1-35	160-162	Te	
1-36	163-169	toonen	
1-37	170-174	voor	
1-38	175-177	de	
1-39	178-183	vuist	
1-40	183-184	,	
1-41	185-187	op	
1-42	188-194	zijnen	
1-43	195-208	oorloghswagen	
1-44	208-209	.	

#Text=Dat geeft den flaeuwen moedt.
#Text=hy schut de wreetste slagen
#Text=
#Text=
#Text=En scheuten op 't gebit van zijn verwoet gespan.
2-1	212-215	Dat	
2-2	216-221	geeft	
2-3	222-225	den	
2-4	226-234	flaeuwen	
2-5	235-240	moedt	
2-6	240-241	.	
2-7	242-244	hy	
2-8	245-250	schut	
2-9	251-253	de	
2-10	254-262	wreetste	
2-11	263-269	slagen	
2-12	272-274	En	
2-13	275-283	scheuten	
2-14	284-286	op	
2-15	287-288	'	
2-16	288-289	t	
2-17	290-295	gebit	
2-18	296-299	van	
2-19	300-304	zijn	
2-20	305-312	verwoet	
2-21	313-319	gespan	
2-22	319-320	.	

#Text=De Leeuw en blaeuwe Draeck aen 't woeden, vliegen van
#Text=Zijn hant, op elcken wenck, met vreeselijcke driften.
3-1	322-324	De	
3-2	325-330	Leeuw	
3-3	331-333	en	
3-4	334-341	blaeuwe	
3-5	342-348	Draeck	
3-6	349-352	aen	
3-7	353-354	'	
3-8	354-355	t	
3-9	356-362	woeden	
3-10	362-363	,	
3-11	364-371	vliegen	
3-12	372-375	van	
3-13	376-380	Zijn	
3-14	381-385	hant	
3-15	385-386	,	
3-16	387-389	op	
3-17	390-396	elcken	
3-18	397-402	wenck	
3-19	402-403	,	
3-20	404-407	met	
3-21	408-420	vreeselijcke	
3-22	421-428	driften	
3-23	428-429	.	

#Text=d'Een brult, en bijt, en scheurt, en d'ander schiet vergiften,
#Text=
#Text=Joost van den Vondel, Lucifer
#Text=
#Text=\f59
#Text=
#Text=Met zyn gesplitste tong, ontsteeckt een pest, en raest,
#Text=
#Text=En vult de lucht met smoock, dien hy te neuze uitblaest.
4-1	431-436	d'Een	
4-2	437-442	brult	
4-3	442-443	,	
4-4	444-446	en	
4-5	447-451	bijt	
4-6	451-452	,	
4-7	453-455	en	
4-8	456-463	scheurt	
4-9	463-464	,	
4-10	465-467	en	
4-11	468-475	d'ander	
4-12	476-482	schiet	
4-13	483-492	vergiften	
4-14	492-493	,	
4-15	495-500	Joost	
4-16	501-504	van	
4-17	505-508	den	
4-18	509-515	Vondel	
4-19	515-516	,	
4-20	517-524	Lucifer	
4-21	527-529	59	
4-22	531-534	Met	
4-23	535-538	zyn	
4-24	539-549	gesplitste	
4-25	550-554	tong	
4-26	554-555	,	
4-27	556-566	ontsteeckt	
4-28	567-570	een	
4-29	571-575	pest	
4-30	575-576	,	
4-31	577-579	en	
4-32	580-585	raest	
4-33	585-586	,	
4-34	588-590	En	
4-35	591-595	vult	
4-36	596-598	de	
4-37	599-604	lucht	
4-38	605-608	met	
4-39	609-615	smoock	
4-40	615-616	,	
4-41	617-621	dien	
4-42	622-624	hy	
4-43	625-627	te	
4-44	628-633	neuze	
4-45	634-643	uitblaest	
4-46	643-644	.	

#Text=Raf.
5-1	646-649	Raf	
5-2	649-650	.	

#Text=Hier wil de barreningh van boven hem beknellen.
6-1	653-657	Hier	
6-2	658-661	wil	
6-3	662-664	de	
6-4	665-675	barreningh	
6-5	676-679	van	
6-6	680-685	boven	
6-7	686-689	hem	
6-8	690-699	beknellen	
6-9	699-700	.	

#Text=Uri.
7-1	702-705	Uri	
7-2	705-706	.	

#Text=Hy zwaeit de heirbyl vast, om Godts banier te vellen,
#Text=Die neêrstyght, en waer uit Godts naem een schooner licht
#Text=
#Text=En schooner straelen schiet in 't gloên van zyn gezicht.
8-1	708-710	Hy	
8-2	711-717	zwaeit	
8-3	718-720	de	
8-4	721-728	heirbyl	
8-5	729-733	vast	
8-6	733-734	,	
8-7	735-737	om	
8-8	738-743	Godts	
8-9	744-750	banier	
8-10	751-753	te	
8-11	754-760	vellen	
8-12	760-761	,	
8-13	762-765	Die	
8-14	766-776	neêrstyght	
8-15	776-777	,	
8-16	778-780	en	
8-17	781-785	waer	
8-18	786-789	uit	
8-19	790-795	Godts	
8-20	796-800	naem	
8-21	801-804	een	
8-22	805-813	schooner	
8-23	814-819	licht	
8-24	821-823	En	
8-25	824-832	schooner	
8-26	833-841	straelen	
8-27	842-848	schiet	
8-28	849-851	in	
8-29	852-853	'	
8-30	853-854	t	
8-31	855-860	gloên	
8-32	861-864	van	
8-33	865-868	zyn	
8-34	869-876	gezicht	
8-35	876-877	.	

#Text=Men dencke eens na of hy dit voorspoock ons benyde.
9-1	880-883	Men	
9-2	884-890	dencke	
9-3	891-895	eens	
9-4	896-898	na	
9-5	899-901	of	
9-6	902-904	hy	
9-7	905-908	dit	
9-8	909-919	voorspoock	
9-9	920-923	ons	
9-10	924-930	benyde	
9-11	930-931	.	
