#FORMAT=WebAnno TSV 3.3


#Text=27 Et profectus sum, sicut mihi præcepit, et congregavi omnem populum, et dixi : 28 Audi Israël verba hæc : 29 Peregrinati sunt patres nostri ab initio in Ægypto, et liberati sunt inde : 30 et acceperunt legem vitæ, quam non custodierunt, quam et vos post eos transgressi estis : 31 et data est vobis terra in sortem, et terra Sion, et patres vestri, et vos iniquitatem fecistis, et non servastis vias quas præcepit vobis Altissimus : 32 et justus judex cum sit, abstulit a vobis in tempore quod donaverat.
#Text=33 Et nunc vos hic estis, et fratres vestri introrsum vestrum sunt.
#Text=34 Si ergo imperaveritis sensui vestro, et erudieritis cor vestrum, vivi conservati eritis, et post mortem misericordiam consequemini.
#Text=35 Judicium enim post mortem veniet, quando iterum reviviscemus : et tunc justorum nomina parebunt, et impiorum facta ostendentur.
#Text=36 Ad me igitur nemo accedat nunc, neque requirat me usque dies quadraginta.
#Text=37 Et accepi quinque viros sicut mandavit mihi, et profecti sumus in campum, et mansimus ibi.
#Text=38 Et factus sum in crastinum, et ecce vox vocavit me dicens : Esdra aperi os tuum, et bibe quo te potavero.
#Text=39 Et aperui os meum, et ecce calix plenus porrigebatur mihi.
1-1	2-4	27	
1-2	5-7	Et	
1-3	8-17	profectus	
1-4	18-21	sum	
1-5	21-22	,	
1-6	23-28	sicut	
1-7	29-33	mihi	
1-8	34-42	præcepit	
1-9	42-43	,	
1-10	44-46	et	
1-11	47-57	congregavi	
1-12	58-63	omnem	
1-13	64-71	populum	
1-14	71-72	,	
1-15	73-75	et	
1-16	76-80	dixi	
1-17	81-82	:	
1-18	83-85	28	
1-19	86-90	Audi	
1-20	91-97	Israël	
1-21	98-103	verba	
1-22	104-107	hæc	
1-23	108-109	:	
1-24	110-112	29	
1-25	113-124	Peregrinati	
1-26	125-129	sunt	
1-27	130-136	patres	
1-28	137-143	nostri	
1-29	144-146	ab	
1-30	147-153	initio	
1-31	154-156	in	
1-32	157-163	Ægypto	
1-33	163-164	,	
1-34	165-167	et	
1-35	168-176	liberati	
1-36	177-181	sunt	
1-37	182-186	inde	
1-38	187-188	:	
1-39	189-191	30	
1-40	192-194	et	
1-41	195-205	acceperunt	
1-42	206-211	legem	
1-43	212-216	vitæ	
1-44	216-217	,	
1-45	218-222	quam	
1-46	223-226	non	
1-47	227-239	custodierunt	
1-48	239-240	,	
1-49	241-245	quam	
1-50	246-248	et	
1-51	249-252	vos	
1-52	253-257	post	
1-53	258-261	eos	
1-54	262-273	transgressi	
1-55	274-279	estis	
1-56	280-281	:	
1-57	282-284	31	
1-58	285-287	et	
1-59	288-292	data	
1-60	293-296	est	
1-61	297-302	vobis	
1-62	303-308	terra	
1-63	309-311	in	
1-64	312-318	sortem	
1-65	318-319	,	
1-66	320-322	et	
1-67	323-328	terra	
1-68	329-333	Sion	
1-69	333-334	,	
1-70	335-337	et	
1-71	338-344	patres	
1-72	345-351	vestri	
1-73	351-352	,	
1-74	353-355	et	
1-75	356-359	vos	
1-76	360-371	iniquitatem	
1-77	372-380	fecistis	
1-78	380-381	,	
1-79	382-384	et	
1-80	385-388	non	
1-81	389-398	servastis	
1-82	399-403	vias	
1-83	404-408	quas	
1-84	409-417	præcepit	
1-85	418-423	vobis	
1-86	424-434	Altissimus	
1-87	435-436	:	
1-88	437-439	32	
1-89	440-442	et	
1-90	443-449	justus	
1-91	450-455	judex	
1-92	456-459	cum	
1-93	460-463	sit	
1-94	463-464	,	
1-95	465-473	abstulit	
1-96	474-475	a	
1-97	476-481	vobis	
1-98	482-484	in	
1-99	485-492	tempore	
1-100	493-497	quod	
1-101	498-507	donaverat	
1-102	507-508	.	
1-103	509-511	33	
1-104	512-514	Et	
1-105	515-519	nunc	
1-106	520-523	vos	
1-107	524-527	hic	
1-108	528-533	estis	
1-109	533-534	,	
1-110	535-537	et	
1-111	538-545	fratres	
1-112	546-552	vestri	
1-113	553-562	introrsum	
1-114	563-570	vestrum	
1-115	571-575	sunt	
1-116	575-576	.	
1-117	577-579	34	
1-118	580-582	Si	
1-119	583-587	ergo	
1-120	588-601	imperaveritis	
1-121	602-608	sensui	
1-122	609-615	vestro	
1-123	615-616	,	
1-124	617-619	et	
1-125	620-631	erudieritis	
1-126	632-635	cor	
1-127	636-643	vestrum	
1-128	643-644	,	
1-129	645-649	vivi	
1-130	650-660	conservati	
1-131	661-667	eritis	
1-132	667-668	,	
1-133	669-671	et	
1-134	672-676	post	
1-135	677-683	mortem	
1-136	684-697	misericordiam	
1-137	698-710	consequemini	
1-138	710-711	.	
1-139	712-714	35	
1-140	715-723	Judicium	
1-141	724-728	enim	
1-142	729-733	post	
1-143	734-740	mortem	
1-144	741-747	veniet	
1-145	747-748	,	
1-146	749-755	quando	
1-147	756-762	iterum	
1-148	763-775	reviviscemus	
1-149	776-777	:	
1-150	778-780	et	
1-151	781-785	tunc	
1-152	786-794	justorum	
1-153	795-801	nomina	
1-154	802-810	parebunt	
1-155	810-811	,	
1-156	812-814	et	
1-157	815-823	impiorum	
1-158	824-829	facta	
1-159	830-841	ostendentur	
1-160	841-842	.	
1-161	843-845	36	
1-162	846-848	Ad	
1-163	849-851	me	
1-164	852-858	igitur	
1-165	859-863	nemo	
1-166	864-871	accedat	
1-167	872-876	nunc	
1-168	876-877	,	
1-169	878-883	neque	
1-170	884-892	requirat	
1-171	893-895	me	
1-172	896-901	usque	
1-173	902-906	dies	
1-174	907-918	quadraginta	
1-175	918-919	.	
1-176	920-922	37	
1-177	923-925	Et	
1-178	926-932	accepi	
1-179	933-940	quinque	
1-180	941-946	viros	
1-181	947-952	sicut	
1-182	953-961	mandavit	
1-183	962-966	mihi	
1-184	966-967	,	
1-185	968-970	et	
1-186	971-979	profecti	
1-187	980-985	sumus	
1-188	986-988	in	
1-189	989-995	campum	
1-190	995-996	,	
1-191	997-999	et	
1-192	1000-1008	mansimus	
1-193	1009-1012	ibi	
1-194	1012-1013	.	
1-195	1014-1016	38	
1-196	1017-1019	Et	
1-197	1020-1026	factus	
1-198	1027-1030	sum	
1-199	1031-1033	in	
1-200	1034-1043	crastinum	
1-201	1043-1044	,	
1-202	1045-1047	et	
1-203	1048-1052	ecce	
1-204	1053-1056	vox	
1-205	1057-1064	vocavit	
1-206	1065-1067	me	
1-207	1068-1074	dicens	
1-208	1075-1076	:	
1-209	1077-1082	Esdra	
1-210	1083-1088	aperi	
1-211	1089-1091	os	
1-212	1092-1096	tuum	
1-213	1096-1097	,	
1-214	1098-1100	et	
1-215	1101-1105	bibe	
1-216	1106-1109	quo	
1-217	1110-1112	te	
1-218	1113-1121	potavero	
1-219	1121-1122	.	
1-220	1123-1125	39	
1-221	1126-1128	Et	
1-222	1129-1135	aperui	
1-223	1136-1138	os	
1-224	1139-1143	meum	
1-225	1143-1144	,	
1-226	1145-1147	et	
1-227	1148-1152	ecce	
1-228	1153-1158	calix	
1-229	1159-1165	plenus	
1-230	1166-1178	porrigebatur	
1-231	1179-1183	mihi	
1-232	1183-1184	.	

#Text=Hoc erat plenum sicut aqua : color autem ejus ut ignis similis.
#Text=40 Et accepi, et bibi : et in eo cum bibissem, cor meum cruciabatur intellectu, et in pectus meum increscebat sapientia.
2-1	1185-1188	Hoc	
2-2	1189-1193	erat	
2-3	1194-1200	plenum	
2-4	1201-1206	sicut	
2-5	1207-1211	aqua	
2-6	1212-1213	:	
2-7	1214-1219	color	
2-8	1220-1225	autem	
2-9	1226-1230	ejus	
2-10	1231-1233	ut	
2-11	1234-1239	ignis	
2-12	1240-1247	similis	
2-13	1247-1248	.	
2-14	1249-1251	40	
2-15	1252-1254	Et	
2-16	1255-1261	accepi	
2-17	1261-1262	,	
2-18	1263-1265	et	
2-19	1266-1270	bibi	
2-20	1271-1272	:	
2-21	1273-1275	et	
2-22	1276-1278	in	
2-23	1279-1281	eo	
2-24	1282-1285	cum	
2-25	1286-1294	bibissem	
2-26	1294-1295	,	
2-27	1296-1299	cor	
2-28	1300-1304	meum	
2-29	1305-1316	cruciabatur	
2-30	1317-1327	intellectu	
2-31	1327-1328	,	
2-32	1329-1331	et	
2-33	1332-1334	in	
2-34	1335-1341	pectus	
2-35	1342-1346	meum	
2-36	1347-1358	increscebat	
2-37	1359-1368	sapientia	
2-38	1368-1369	.	

#Text=Nam spiritus meus conservabatur memoria.
#Text=41 Et apertum est os meum, et non est clausum amplius.
#Text=42 Altissimus dedit intellectum quinque viris, et scripserunt quæ dicebantur excessiones noctis, quas non sciebant.
#Text=43 Nocte autem manducabant panem, ego autem per diem loquebar, et per noctem non tacebam.
#Text=44 Scripti sunt autem per quadraginta dies libri ducenti quattuor.
#Text=45 Et factum est cum complevissent quadraginta dies, locutus est Altissimus dicens : Priora quæ scripsisti, in palam pone, et legant digni et indigni : 46 novissimos autem septuaginta conservabis, ut tradas eos sapientibus de populo tuo.
#Text=47 In his enim est vena intellectus, et sapientiæ fons, et scientiæ flumen.
3-1	1370-1373	Nam	
3-2	1374-1382	spiritus	
3-3	1383-1387	meus	
3-4	1388-1401	conservabatur	
3-5	1402-1409	memoria	
3-6	1409-1410	.	
3-7	1411-1413	41	
3-8	1414-1416	Et	
3-9	1417-1424	apertum	
3-10	1425-1428	est	
3-11	1429-1431	os	
3-12	1432-1436	meum	
3-13	1436-1437	,	
3-14	1438-1440	et	
3-15	1441-1444	non	
3-16	1445-1448	est	
3-17	1449-1456	clausum	
3-18	1457-1464	amplius	
3-19	1464-1465	.	
3-20	1466-1468	42	
3-21	1469-1479	Altissimus	
3-22	1480-1485	dedit	
3-23	1486-1497	intellectum	
3-24	1498-1505	quinque	
3-25	1506-1511	viris	
3-26	1511-1512	,	
3-27	1513-1515	et	
3-28	1516-1527	scripserunt	
3-29	1528-1531	quæ	
3-30	1532-1542	dicebantur	
3-31	1543-1554	excessiones	
3-32	1555-1561	noctis	
3-33	1561-1562	,	
3-34	1563-1567	quas	
3-35	1568-1571	non	
3-36	1572-1580	sciebant	
3-37	1580-1581	.	
3-38	1582-1584	43	
3-39	1585-1590	Nocte	
3-40	1591-1596	autem	
3-41	1597-1608	manducabant	
3-42	1609-1614	panem	
3-43	1614-1615	,	
3-44	1616-1619	ego	
3-45	1620-1625	autem	
3-46	1626-1629	per	
3-47	1630-1634	diem	
3-48	1635-1643	loquebar	
3-49	1643-1644	,	
3-50	1645-1647	et	
3-51	1648-1651	per	
3-52	1652-1658	noctem	
3-53	1659-1662	non	
3-54	1663-1670	tacebam	
3-55	1670-1671	.	
3-56	1672-1674	44	
3-57	1675-1682	Scripti	
3-58	1683-1687	sunt	
3-59	1688-1693	autem	
3-60	1694-1697	per	
3-61	1698-1709	quadraginta	
3-62	1710-1714	dies	
3-63	1715-1720	libri	
3-64	1721-1728	ducenti	
3-65	1729-1737	quattuor	
3-66	1737-1738	.	
3-67	1739-1741	45	
3-68	1742-1744	Et	
3-69	1745-1751	factum	
3-70	1752-1755	est	
3-71	1756-1759	cum	
3-72	1760-1773	complevissent	
3-73	1774-1785	quadraginta	
3-74	1786-1790	dies	
3-75	1790-1791	,	
3-76	1792-1799	locutus	
3-77	1800-1803	est	
3-78	1804-1814	Altissimus	
3-79	1815-1821	dicens	
3-80	1822-1823	:	
3-81	1824-1830	Priora	
3-82	1831-1834	quæ	
3-83	1835-1845	scripsisti	
3-84	1845-1846	,	
3-85	1847-1849	in	
3-86	1850-1855	palam	
3-87	1856-1860	pone	
3-88	1860-1861	,	
3-89	1862-1864	et	
3-90	1865-1871	legant	
3-91	1872-1877	digni	
3-92	1878-1880	et	
3-93	1881-1888	indigni	
3-94	1889-1890	:	
3-95	1891-1893	46	
3-96	1894-1904	novissimos	
3-97	1905-1910	autem	
3-98	1911-1922	septuaginta	
3-99	1923-1934	conservabis	
3-100	1934-1935	,	
3-101	1936-1938	ut	
3-102	1939-1945	tradas	
3-103	1946-1949	eos	
3-104	1950-1961	sapientibus	
3-105	1962-1964	de	
3-106	1965-1971	populo	
3-107	1972-1975	tuo	
3-108	1975-1976	.	
3-109	1977-1979	47	
3-110	1980-1982	In	
3-111	1983-1986	his	
3-112	1987-1991	enim	
3-113	1992-1995	est	
3-114	1996-2000	vena	
3-115	2001-2012	intellectus	
3-116	2012-2013	,	
3-117	2014-2016	et	
3-118	2017-2026	sapientiæ	
3-119	2027-2031	fons	
3-120	2031-2032	,	
3-121	2033-2035	et	
3-122	2036-2044	scientiæ	
3-123	2045-2051	flumen	
3-124	2051-2052	.	

#Text=Et feci sic.
4-1	2053-2055	Et	
4-2	2056-2060	feci	
4-3	2061-2064	sic	
4-4	2064-2065	.	

#Text=Caput 15
#Text=
#Text=
#Text=1 Ecce loquere in aures plebis meæ sermones prophetiæ, quos immisero in os tuum, dicit Dominus : 2 et fac ut in charta scribantur, quoniam fideles et veri sunt.
#Text=3 Ne timeas a cogitationibus adversum te, nec turbent te incredulitates dicentium.
5-1	2066-2071	Caput	
5-2	2072-2074	15	
5-3	2077-2078	1	
5-4	2079-2083	Ecce	
5-5	2084-2091	loquere	
5-6	2092-2094	in	
5-7	2095-2100	aures	
5-8	2101-2107	plebis	
5-9	2108-2111	meæ	
5-10	2112-2120	sermones	
5-11	2121-2130	prophetiæ	
5-12	2130-2131	,	
5-13	2132-2136	quos	
5-14	2137-2145	immisero	
5-15	2146-2148	in	
5-16	2149-2151	os	
5-17	2152-2156	tuum	
5-18	2156-2157	,	
5-19	2158-2163	dicit	
5-20	2164-2171	Dominus	
5-21	2172-2173	:	
5-22	2174-2175	2	
5-23	2176-2178	et	
5-24	2179-2182	fac	
5-25	2183-2185	ut	
5-26	2186-2188	in	
5-27	2189-2195	charta	
5-28	2196-2206	scribantur	
5-29	2206-2207	,	
5-30	2208-2215	quoniam	
5-31	2216-2223	fideles	
5-32	2224-2226	et	
5-33	2227-2231	veri	
5-34	2232-2236	sunt	
5-35	2236-2237	.	
5-36	2238-2239	3	
5-37	2240-2242	Ne	
5-38	2243-2249	timeas	
5-39	2250-2251	a	
5-40	2252-2266	cogitationibus	
5-41	2267-2275	adversum	
5-42	2276-2278	te	
5-43	2278-2279	,	
5-44	2280-2283	nec	
5-45	2284-2291	turbent	
5-46	2292-2294	te	
5-47	2295-2309	incredulitates	
5-48	2310-2319	dicentium	
5-49	2319-2320	.	
