{"_context" : {
    "_types" : {
      "DocumentMetaData" : {
        "_feature_types" : {"sofa" : "_ref" } }, 
      "Relation" : {
        "_feature_types" : {"sofa" : "_ref",  "Dependent" : "_ref",  "Governor" : "_ref" } }, 
      "Sentence" : {
        "_feature_types" : {"sofa" : "_ref" } }, 
      "Sofa" : {
        "_feature_types" : {"sofaArray" : "_ref" } }, 
      "Span" : {
        "_feature_types" : {"sofa" : "_ref" } }, 
      "TagsetDescription" : {
        "_feature_types" : {"sofa" : "_ref",  "tags" : "_ref" } }, 
      "Token" : {
        "_feature_types" : {"sofa" : "_ref",  "parent" : "_ref",  "lemma" : "_ref",  "stem" : "_ref",  "pos" : "_ref",  "morph" : "_ref",  "form" : "_ref" } }, 
      "DocumentAnnotation" : {
        "_feature_types" : {"sofa" : "_ref" }, 
        "_subtypes" : ["DocumentMetaData" ] }, 
      "Annotation" : {
        "_feature_types" : {"sofa" : "_ref" }, 
        "_subtypes" : ["DocumentAnnotation",  "Relation",  "Sentence",  "Span",  "TagsetDescription",  "Token" ] }, 
      "AnnotationBase" : {
        "_feature_types" : {"sofa" : "_ref" }, 
        "_subtypes" : ["Annotation" ] }, 
      "TOP" : {
        "_subtypes" : ["AnnotationBase",  "Sofa" ] } } }, 
  "_views" : {
    "_InitialView" : {
      "Relation" : [
        {"sofa" : 1,  "begin" : 179,  "end" : 184,  "Dependent" : 10680,  "Governor" : 10685 }, 
        {"sofa" : 1,  "begin" : 179,  "end" : 184,  "Dependent" : 10680,  "Governor" : 10707 }, 
        {"sofa" : 1,  "begin" : 179,  "end" : 184,  "Dependent" : 10680,  "Governor" : 10712 }, 
        {"sofa" : 1,  "begin" : 179,  "end" : 184,  "Dependent" : 10680,  "Governor" : 10736 }, 
        {"sofa" : 1,  "begin" : 179,  "end" : 184,  "Dependent" : 10680,  "Governor" : 10748 }, 
        {"sofa" : 1,  "begin" : 849,  "end" : 853,  "Dependent" : 10760,  "Governor" : 10765 }, 
        {"sofa" : 1,  "begin" : 849,  "end" : 853,  "Dependent" : 10760,  "Governor" : 10787 }, 
        {"sofa" : 1,  "begin" : 849,  "end" : 853,  "Dependent" : 10760,  "Governor" : 10777 }, 
        {"sofa" : 1,  "begin" : 849,  "end" : 853,  "Dependent" : 10760,  "Governor" : 10782 }, 
        {"sofa" : 1,  "begin" : 1037,  "end" : 1045,  "Dependent" : 10813,  "Governor" : 10828 }, 
        {"sofa" : 1,  "begin" : 1037,  "end" : 1045,  "Dependent" : 10813,  "Governor" : 10823 }, 
        {"sofa" : 1,  "begin" : 1037,  "end" : 1045,  "Dependent" : 10813,  "Governor" : 10818 }, 
        {"sofa" : 1,  "begin" : 1189,  "end" : 1193,  "Dependent" : 10854,  "Governor" : 10859 }, 
        {"sofa" : 1,  "begin" : 1189,  "end" : 1193,  "Dependent" : 10854,  "Governor" : 10871 }, 
        {"sofa" : 1,  "begin" : 1189,  "end" : 1193,  "Dependent" : 10854,  "Governor" : 10883 }, 
        {"sofa" : 1,  "begin" : 1189,  "end" : 1193,  "Dependent" : 10854,  "Governor" : 10888 }, 
        {"sofa" : 1,  "begin" : 2092,  "end" : 2099,  "Dependent" : 10907,  "Governor" : 10912 }, 
        {"sofa" : 1,  "begin" : 2092,  "end" : 2099,  "Dependent" : 10907,  "Governor" : 10924 }, 
        {"sofa" : 1,  "begin" : 3149,  "end" : 3154,  "Dependent" : 10936,  "Governor" : 10941 }, 
        {"sofa" : 1,  "begin" : 3149,  "end" : 3154,  "Dependent" : 10936,  "Governor" : 10953 }, 
        {"sofa" : 1,  "begin" : 3149,  "end" : 3154,  "Dependent" : 10936,  "Governor" : 10965 }, 
        {"sofa" : 1,  "begin" : 3476,  "end" : 3484,  "Dependent" : 10977,  "Governor" : 10994 }, 
        {"sofa" : 1,  "begin" : 3711,  "end" : 3716,  "Dependent" : 11006,  "Governor" : 11011 }, 
        {"sofa" : 1,  "begin" : 3711,  "end" : 3716,  "Dependent" : 11006,  "Governor" : 11023 }, 
        {"sofa" : 1,  "begin" : 3711,  "end" : 3716,  "Dependent" : 11006,  "Governor" : 11040 } ], 
      "Span" : [10685,  10748,  10707,  10712,  10736,  10680,  10777,  10782,  10765,  10760,  10787,  10818,  10813,  10823,  10828,  10883,  10888,  10871,  10854,  10859,  10924,  10907,  10912,  10953,  10965,  10936,  10941,  10994,  10977,  11011,  11023,  11006,  11040 ], 
      "DocumentMetaData" : [
        {"sofa" : 1,  "end" : 3761,  "language" : "x-unspecified",  "documentTitle" : "061E%20Hugh%20Plat%201602%20Delightes%20for%20Ladies__22_distribution_PER.txt",  "documentId" : "teresa",  "documentUri" : "file:/home/dhuser/alessio/inception/repository/project/29/document/8711/source/teresa",  "collectionId" : "file:/home/dhuser/alessio/inception/repository/project/29/document/8711/source/",  "documentBaseUri" : "file:/home/dhuser/alessio/inception/repository/project/29/document/8711/source/",  "isLastSegment" : false } ], 
      "TagsetDescription" : [
        {"sofa" : 1,  "layer" : "webanno.custom.Emotions",  "name" : "Emotion Labels",  "input" : false }, 
        {"sofa" : 1,  "layer" : "custom.Relation",  "name" : "Relation labels",  "input" : false }, 
        {"sofa" : 1,  "layer" : "custom.Span",  "name" : "Smell labels",  "input" : false } ], 
      "Sentence" : [
        {"sofa" : 1,  "end" : 199 }, 
        {"sofa" : 1,  "begin" : 200,  "end" : 309 }, 
        {"sofa" : 1,  "begin" : 310,  "end" : 418 }, 
        {"sofa" : 1,  "begin" : 419,  "end" : 474 }, 
        {"sofa" : 1,  "begin" : 475,  "end" : 1020 }, 
        {"sofa" : 1,  "begin" : 1021,  "end" : 1081 }, 
        {"sofa" : 1,  "begin" : 1082,  "end" : 1324 }, 
        {"sofa" : 1,  "begin" : 1325,  "end" : 1347 }, 
        {"sofa" : 1,  "begin" : 1348,  "end" : 1664 }, 
        {"sofa" : 1,  "begin" : 1665,  "end" : 1753 }, 
        {"sofa" : 1,  "begin" : 1754,  "end" : 1787 }, 
        {"sofa" : 1,  "begin" : 1788,  "end" : 2118 }, 
        {"sofa" : 1,  "begin" : 2119,  "end" : 2169 }, 
        {"sofa" : 1,  "begin" : 2170,  "end" : 2380 }, 
        {"sofa" : 1,  "begin" : 2381,  "end" : 2481 }, 
        {"sofa" : 1,  "begin" : 2482,  "end" : 2594 }, 
        {"sofa" : 1,  "begin" : 2595,  "end" : 2771 }, 
        {"sofa" : 1,  "begin" : 2772,  "end" : 2880 }, 
        {"sofa" : 1,  "begin" : 2881,  "end" : 2938 }, 
        {"sofa" : 1,  "begin" : 2939,  "end" : 3506 }, 
        {"sofa" : 1,  "begin" : 3507,  "end" : 3759 } ], 
      "Token" : [
        {"sofa" : 1,  "end" : 4 }, 
        {"sofa" : 1,  "begin" : 5,  "end" : 8 }, 
        {"sofa" : 1,  "begin" : 9,  "end" : 12 }, 
        {"sofa" : 1,  "begin" : 13,  "end" : 15 }, 
        {"sofa" : 1,  "begin" : 16,  "end" : 20 }, 
        {"sofa" : 1,  "begin" : 21,  "end" : 27 }, 
        {"sofa" : 1,  "begin" : 28,  "end" : 33 }, 
        {"sofa" : 1,  "begin" : 33,  "end" : 34 }, 
        {"sofa" : 1,  "begin" : 35,  "end" : 42 }, 
        {"sofa" : 1,  "begin" : 43,  "end" : 44 }, 
        {"sofa" : 1,  "begin" : 45,  "end" : 50 }, 
        {"sofa" : 1,  "begin" : 51,  "end" : 56 }, 
        {"sofa" : 1,  "begin" : 56,  "end" : 57 }, 
        {"sofa" : 1,  "begin" : 58,  "end" : 61 }, 
        {"sofa" : 1,  "begin" : 62,  "end" : 66 }, 
        {"sofa" : 1,  "begin" : 67,  "end" : 71 }, 
        {"sofa" : 1,  "begin" : 72,  "end" : 75 }, 
        {"sofa" : 1,  "begin" : 76,  "end" : 80 }, 
        {"sofa" : 1,  "begin" : 81,  "end" : 86 }, 
        {"sofa" : 1,  "begin" : 87,  "end" : 89 }, 
        {"sofa" : 1,  "begin" : 90,  "end" : 100 }, 
        {"sofa" : 1,  "begin" : 100,  "end" : 101 }, 
        {"sofa" : 1,  "begin" : 102,  "end" : 108 }, 
        {"sofa" : 1,  "begin" : 109,  "end" : 113 }, 
        {"sofa" : 1,  "begin" : 113,  "end" : 114 }, 
        {"sofa" : 1,  "begin" : 115,  "end" : 117 }, 
        {"sofa" : 1,  "begin" : 118,  "end" : 123 }, 
        {"sofa" : 1,  "begin" : 124,  "end" : 128 }, 
        {"sofa" : 1,  "begin" : 128,  "end" : 129 }, 
        {"sofa" : 1,  "begin" : 130,  "end" : 133 }, 
        {"sofa" : 1,  "begin" : 134,  "end" : 136 }, 
        {"sofa" : 1,  "begin" : 137,  "end" : 141 }, 
        {"sofa" : 1,  "begin" : 142,  "end" : 147 }, 
        {"sofa" : 1,  "begin" : 148,  "end" : 152 }, 
        {"sofa" : 1,  "begin" : 153,  "end" : 159 }, 
        {"sofa" : 1,  "begin" : 160,  "end" : 165 }, 
        {"sofa" : 1,  "begin" : 166,  "end" : 170 }, 
        {"sofa" : 1,  "begin" : 171,  "end" : 175 }, 
        {"sofa" : 1,  "begin" : 176,  "end" : 178 }, 
        {"sofa" : 1,  "begin" : 179,  "end" : 184 }, 
        {"sofa" : 1,  "begin" : 185,  "end" : 188 }, 
        {"sofa" : 1,  "begin" : 189,  "end" : 191 }, 
        {"sofa" : 1,  "begin" : 192,  "end" : 198 }, 
        {"sofa" : 1,  "begin" : 198,  "end" : 199 }, 
        {"sofa" : 1,  "begin" : 200,  "end" : 207 }, 
        {"sofa" : 1,  "begin" : 208,  "end" : 214 }, 
        {"sofa" : 1,  "begin" : 215,  "end" : 217 }, 
        {"sofa" : 1,  "begin" : 218,  "end" : 224 }, 
        {"sofa" : 1,  "begin" : 224,  "end" : 225 }, 
        {"sofa" : 1,  "begin" : 226,  "end" : 228 }, 
        {"sofa" : 1,  "begin" : 229,  "end" : 231 }, 
        {"sofa" : 1,  "begin" : 232,  "end" : 233 }, 
        {"sofa" : 1,  "begin" : 234,  "end" : 240 }, 
        {"sofa" : 1,  "begin" : 241,  "end" : 245 }, 
        {"sofa" : 1,  "begin" : 246,  "end" : 248 }, 
        {"sofa" : 1,  "begin" : 249,  "end" : 254 }, 
        {"sofa" : 1,  "begin" : 254,  "end" : 255 }, 
        {"sofa" : 1,  "begin" : 256,  "end" : 259 }, 
        {"sofa" : 1,  "begin" : 260,  "end" : 263 }, 
        {"sofa" : 1,  "begin" : 264,  "end" : 267 }, 
        {"sofa" : 1,  "begin" : 267,  "end" : 268 }, 
        {"sofa" : 1,  "begin" : 268,  "end" : 274 }, 
        {"sofa" : 1,  "begin" : 275,  "end" : 278 }, 
        {"sofa" : 1,  "begin" : 279,  "end" : 283 }, 
        {"sofa" : 1,  "begin" : 284,  "end" : 289 }, 
        {"sofa" : 1,  "begin" : 290,  "end" : 295 }, 
        {"sofa" : 1,  "begin" : 296,  "end" : 301 }, 
        {"sofa" : 1,  "begin" : 302,  "end" : 308 }, 
        {"sofa" : 1,  "begin" : 308,  "end" : 309 }, 
        {"sofa" : 1,  "begin" : 310,  "end" : 314 }, 
        {"sofa" : 1,  "begin" : 315,  "end" : 318 }, 
        {"sofa" : 1,  "begin" : 319,  "end" : 323 }, 
        {"sofa" : 1,  "begin" : 324,  "end" : 326 }, 
        {"sofa" : 1,  "begin" : 327,  "end" : 331 }, 
        {"sofa" : 1,  "begin" : 332,  "end" : 334 }, 
        {"sofa" : 1,  "begin" : 335,  "end" : 336 }, 
        {"sofa" : 1,  "begin" : 337,  "end" : 343 }, 
        {"sofa" : 1,  "begin" : 344,  "end" : 349 }, 
        {"sofa" : 1,  "begin" : 349,  "end" : 350 }, 
        {"sofa" : 1,  "begin" : 351,  "end" : 355 }, 
        {"sofa" : 1,  "begin" : 356,  "end" : 361 }, 
        {"sofa" : 1,  "begin" : 362,  "end" : 364 }, 
        {"sofa" : 1,  "begin" : 365,  "end" : 371 }, 
        {"sofa" : 1,  "begin" : 372,  "end" : 374 }, 
        {"sofa" : 1,  "begin" : 375,  "end" : 378 }, 
        {"sofa" : 1,  "begin" : 379,  "end" : 386 }, 
        {"sofa" : 1,  "begin" : 387,  "end" : 390 }, 
        {"sofa" : 1,  "begin" : 391,  "end" : 394 }, 
        {"sofa" : 1,  "begin" : 395,  "end" : 400 }, 
        {"sofa" : 1,  "begin" : 401,  "end" : 405 }, 
        {"sofa" : 1,  "begin" : 406,  "end" : 412 }, 
        {"sofa" : 1,  "begin" : 412,  "end" : 413 }, 
        {"sofa" : 1,  "begin" : 415,  "end" : 417 }, 
        {"sofa" : 1,  "begin" : 417,  "end" : 418 }, 
        {"sofa" : 1,  "begin" : 419,  "end" : 421 }, 
        {"sofa" : 1,  "begin" : 422,  "end" : 431 }, 
        {"sofa" : 1,  "begin" : 432,  "end" : 435 }, 
        {"sofa" : 1,  "begin" : 436,  "end" : 438 }, 
        {"sofa" : 1,  "begin" : 439,  "end" : 443 }, 
        {"sofa" : 1,  "begin" : 444,  "end" : 447 }, 
        {"sofa" : 1,  "begin" : 448,  "end" : 455 }, 
        {"sofa" : 1,  "begin" : 456,  "end" : 458 }, 
        {"sofa" : 1,  "begin" : 459,  "end" : 462 }, 
        {"sofa" : 1,  "begin" : 463,  "end" : 473 }, 
        {"sofa" : 1,  "begin" : 473,  "end" : 474 }, 
        {"sofa" : 1,  "begin" : 475,  "end" : 483 }, 
        {"sofa" : 1,  "begin" : 484,  "end" : 485 }, 
        {"sofa" : 1,  "begin" : 486,  "end" : 490 }, 
        {"sofa" : 1,  "begin" : 491,  "end" : 499 }, 
        {"sofa" : 1,  "begin" : 500,  "end" : 502 }, 
        {"sofa" : 1,  "begin" : 503,  "end" : 506 }, 
        {"sofa" : 1,  "begin" : 507,  "end" : 512 }, 
        {"sofa" : 1,  "begin" : 513,  "end" : 520 }, 
        {"sofa" : 1,  "begin" : 520,  "end" : 521 }, 
        {"sofa" : 1,  "begin" : 522,  "end" : 525 }, 
        {"sofa" : 1,  "begin" : 526,  "end" : 528 }, 
        {"sofa" : 1,  "begin" : 529,  "end" : 531 }, 
        {"sofa" : 1,  "begin" : 532,  "end" : 535 }, 
        {"sofa" : 1,  "begin" : 536,  "end" : 540 }, 
        {"sofa" : 1,  "begin" : 540,  "end" : 541 }, 
        {"sofa" : 1,  "begin" : 542,  "end" : 545 }, 
        {"sofa" : 1,  "begin" : 546,  "end" : 550 }, 
        {"sofa" : 1,  "begin" : 551,  "end" : 553 }, 
        {"sofa" : 1,  "begin" : 554,  "end" : 559 }, 
        {"sofa" : 1,  "begin" : 560,  "end" : 561 }, 
        {"sofa" : 1,  "begin" : 562,  "end" : 567 }, 
        {"sofa" : 1,  "begin" : 568,  "end" : 570 }, 
        {"sofa" : 1,  "begin" : 571,  "end" : 574 }, 
        {"sofa" : 1,  "begin" : 574,  "end" : 575 }, 
        {"sofa" : 1,  "begin" : 576,  "end" : 580 }, 
        {"sofa" : 1,  "begin" : 581,  "end" : 583 }, 
        {"sofa" : 1,  "begin" : 584,  "end" : 588 }, 
        {"sofa" : 1,  "begin" : 589,  "end" : 593 }, 
        {"sofa" : 1,  "begin" : 594,  "end" : 600 }, 
        {"sofa" : 1,  "begin" : 600,  "end" : 601 }, 
        {"sofa" : 1,  "begin" : 602,  "end" : 608 }, 
        {"sofa" : 1,  "begin" : 609,  "end" : 611 }, 
        {"sofa" : 1,  "begin" : 612,  "end" : 614 }, 
        {"sofa" : 1,  "begin" : 615,  "end" : 621 }, 
        {"sofa" : 1,  "begin" : 621,  "end" : 622 }, 
        {"sofa" : 1,  "begin" : 623,  "end" : 627 }, 
        {"sofa" : 1,  "begin" : 628,  "end" : 632 }, 
        {"sofa" : 1,  "begin" : 633,  "end" : 636 }, 
        {"sofa" : 1,  "begin" : 637,  "end" : 645 }, 
        {"sofa" : 1,  "begin" : 645,  "end" : 646 }, 
        {"sofa" : 1,  "begin" : 647,  "end" : 653 }, 
        {"sofa" : 1,  "begin" : 654,  "end" : 658 }, 
        {"sofa" : 1,  "begin" : 659,  "end" : 660 }, 
        {"sofa" : 1,  "begin" : 661,  "end" : 666 }, 
        {"sofa" : 1,  "begin" : 667,  "end" : 669 }, 
        {"sofa" : 1,  "begin" : 670,  "end" : 676 }, 
        {"sofa" : 1,  "begin" : 676,  "end" : 677 }, 
        {"sofa" : 1,  "begin" : 678,  "end" : 681 }, 
        {"sofa" : 1,  "begin" : 682,  "end" : 686 }, 
        {"sofa" : 1,  "begin" : 687,  "end" : 696 }, 
        {"sofa" : 1,  "begin" : 697,  "end" : 701 }, 
        {"sofa" : 1,  "begin" : 702,  "end" : 709 }, 
        {"sofa" : 1,  "begin" : 710,  "end" : 715 }, 
        {"sofa" : 1,  "begin" : 715,  "end" : 716 }, 
        {"sofa" : 1,  "begin" : 717,  "end" : 721 }, 
        {"sofa" : 1,  "begin" : 722,  "end" : 724 }, 
        {"sofa" : 1,  "begin" : 725,  "end" : 729 }, 
        {"sofa" : 1,  "begin" : 730,  "end" : 732 }, 
        {"sofa" : 1,  "begin" : 733,  "end" : 734 }, 
        {"sofa" : 1,  "begin" : 735,  "end" : 741 }, 
        {"sofa" : 1,  "begin" : 742,  "end" : 751 }, 
        {"sofa" : 1,  "begin" : 751,  "end" : 752 }, 
        {"sofa" : 1,  "begin" : 753,  "end" : 756 }, 
        {"sofa" : 1,  "begin" : 757,  "end" : 761 }, 
        {"sofa" : 1,  "begin" : 762,  "end" : 765 }, 
        {"sofa" : 1,  "begin" : 766,  "end" : 770 }, 
        {"sofa" : 1,  "begin" : 771,  "end" : 775 }, 
        {"sofa" : 1,  "begin" : 776,  "end" : 777 }, 
        {"sofa" : 1,  "begin" : 778,  "end" : 782 }, 
        {"sofa" : 1,  "begin" : 783,  "end" : 792 }, 
        {"sofa" : 1,  "begin" : 793,  "end" : 801 }, 
        {"sofa" : 1,  "begin" : 802,  "end" : 804 }, 
        {"sofa" : 1,  "begin" : 805,  "end" : 808 }, 
        {"sofa" : 1,  "begin" : 809,  "end" : 813 }, 
        {"sofa" : 1,  "begin" : 813,  "end" : 814 }, 
        {"sofa" : 1,  "begin" : 815,  "end" : 826 }, 
        {"sofa" : 1,  "begin" : 826,  "end" : 827 }, 
        {"sofa" : 1,  "begin" : 828,  "end" : 829 }, 
        {"sofa" : 1,  "begin" : 829,  "end" : 830 }, 
        {"sofa" : 1,  "begin" : 830,  "end" : 831 }, 
        {"sofa" : 1,  "begin" : 832,  "end" : 836 }, 
        {"sofa" : 1,  "begin" : 837,  "end" : 840 }, 
        {"sofa" : 1,  "begin" : 841,  "end" : 848 }, 
        {"sofa" : 1,  "begin" : 849,  "end" : 853 }, 
        {"sofa" : 1,  "begin" : 854,  "end" : 857 }, 
        {"sofa" : 1,  "begin" : 858,  "end" : 863 }, 
        {"sofa" : 1,  "begin" : 864,  "end" : 866 }, 
        {"sofa" : 1,  "begin" : 867,  "end" : 870 }, 
        {"sofa" : 1,  "begin" : 871,  "end" : 877 }, 
        {"sofa" : 1,  "begin" : 877,  "end" : 878 }, 
        {"sofa" : 1,  "begin" : 879,  "end" : 886 }, 
        {"sofa" : 1,  "begin" : 887,  "end" : 890 }, 
        {"sofa" : 1,  "begin" : 891,  "end" : 897 }, 
        {"sofa" : 1,  "begin" : 898,  "end" : 902 }, 
        {"sofa" : 1,  "begin" : 903,  "end" : 905 }, 
        {"sofa" : 1,  "begin" : 906,  "end" : 908 }, 
        {"sofa" : 1,  "begin" : 909,  "end" : 913 }, 
        {"sofa" : 1,  "begin" : 914,  "end" : 917 }, 
        {"sofa" : 1,  "begin" : 918,  "end" : 926 }, 
        {"sofa" : 1,  "begin" : 927,  "end" : 933 }, 
        {"sofa" : 1,  "begin" : 934,  "end" : 936 }, 
        {"sofa" : 1,  "begin" : 937,  "end" : 943 }, 
        {"sofa" : 1,  "begin" : 944,  "end" : 946 }, 
        {"sofa" : 1,  "begin" : 947,  "end" : 951 }, 
        {"sofa" : 1,  "begin" : 952,  "end" : 957 }, 
        {"sofa" : 1,  "begin" : 958,  "end" : 963 }, 
        {"sofa" : 1,  "begin" : 963,  "end" : 964 }, 
        {"sofa" : 1,  "begin" : 965,  "end" : 968 }, 
        {"sofa" : 1,  "begin" : 969,  "end" : 974 }, 
        {"sofa" : 1,  "begin" : 975,  "end" : 977 }, 
        {"sofa" : 1,  "begin" : 978,  "end" : 981 }, 
        {"sofa" : 1,  "begin" : 982,  "end" : 987 }, 
        {"sofa" : 1,  "begin" : 987,  "end" : 988 }, 
        {"sofa" : 1,  "begin" : 989,  "end" : 991 }, 
        {"sofa" : 1,  "begin" : 992,  "end" : 996 }, 
        {"sofa" : 1,  "begin" : 997,  "end" : 1001 }, 
        {"sofa" : 1,  "begin" : 1002,  "end" : 1004 }, 
        {"sofa" : 1,  "begin" : 1005,  "end" : 1014 }, 
        {"sofa" : 1,  "begin" : 1014,  "end" : 1015 }, 
        {"sofa" : 1,  "begin" : 1017,  "end" : 1019 }, 
        {"sofa" : 1,  "begin" : 1019,  "end" : 1020 }, 
        {"sofa" : 1,  "begin" : 1021,  "end" : 1023 }, 
        {"sofa" : 1,  "begin" : 1024,  "end" : 1028 }, 
        {"sofa" : 1,  "begin" : 1029,  "end" : 1030 }, 
        {"sofa" : 1,  "begin" : 1031,  "end" : 1036 }, 
        {"sofa" : 1,  "begin" : 1037,  "end" : 1045 }, 
        {"sofa" : 1,  "begin" : 1046,  "end" : 1048 }, 
        {"sofa" : 1,  "begin" : 1049,  "end" : 1052 }, 
        {"sofa" : 1,  "begin" : 1053,  "end" : 1062 }, 
        {"sofa" : 1,  "begin" : 1062,  "end" : 1063 }, 
        {"sofa" : 1,  "begin" : 1064,  "end" : 1076 }, 
        {"sofa" : 1,  "begin" : 1076,  "end" : 1077 }, 
        {"sofa" : 1,  "begin" : 1078,  "end" : 1079 }, 
        {"sofa" : 1,  "begin" : 1079,  "end" : 1080 }, 
        {"sofa" : 1,  "begin" : 1080,  "end" : 1081 }, 
        {"sofa" : 1,  "begin" : 1082,  "end" : 1086 }, 
        {"sofa" : 1,  "begin" : 1087,  "end" : 1090 }, 
        {"sofa" : 1,  "begin" : 1091,  "end" : 1097 }, 
        {"sofa" : 1,  "begin" : 1098,  "end" : 1100 }, 
        {"sofa" : 1,  "begin" : 1101,  "end" : 1107 }, 
        {"sofa" : 1,  "begin" : 1107,  "end" : 1108 }, 
        {"sofa" : 1,  "begin" : 1109,  "end" : 1112 }, 
        {"sofa" : 1,  "begin" : 1113,  "end" : 1120 }, 
        {"sofa" : 1,  "begin" : 1121,  "end" : 1124 }, 
        {"sofa" : 1,  "begin" : 1125,  "end" : 1129 }, 
        {"sofa" : 1,  "begin" : 1130,  "end" : 1132 }, 
        {"sofa" : 1,  "begin" : 1133,  "end" : 1138 }, 
        {"sofa" : 1,  "begin" : 1139,  "end" : 1144 }, 
        {"sofa" : 1,  "begin" : 1145,  "end" : 1147 }, 
        {"sofa" : 1,  "begin" : 1148,  "end" : 1149 }, 
        {"sofa" : 1,  "begin" : 1150,  "end" : 1158 }, 
        {"sofa" : 1,  "begin" : 1158,  "end" : 1159 }, 
        {"sofa" : 1,  "begin" : 1160,  "end" : 1164 }, 
        {"sofa" : 1,  "begin" : 1165,  "end" : 1167 }, 
        {"sofa" : 1,  "begin" : 1168,  "end" : 1174 }, 
        {"sofa" : 1,  "begin" : 1175,  "end" : 1179 }, 
        {"sofa" : 1,  "begin" : 1180,  "end" : 1183 }, 
        {"sofa" : 1,  "begin" : 1184,  "end" : 1188 }, 
        {"sofa" : 1,  "begin" : 1189,  "end" : 1193 }, 
        {"sofa" : 1,  "begin" : 1194,  "end" : 1196 }, 
        {"sofa" : 1,  "begin" : 1197,  "end" : 1200 }, 
        {"sofa" : 1,  "begin" : 1201,  "end" : 1206 }, 
        {"sofa" : 1,  "begin" : 1207,  "end" : 1211 }, 
        {"sofa" : 1,  "begin" : 1212,  "end" : 1219 }, 
        {"sofa" : 1,  "begin" : 1219,  "end" : 1220 }, 
        {"sofa" : 1,  "begin" : 1221,  "end" : 1230 }, 
        {"sofa" : 1,  "begin" : 1231,  "end" : 1235 }, 
        {"sofa" : 1,  "begin" : 1236,  "end" : 1241 }, 
        {"sofa" : 1,  "begin" : 1242,  "end" : 1246 }, 
        {"sofa" : 1,  "begin" : 1247,  "end" : 1252 }, 
        {"sofa" : 1,  "begin" : 1253,  "end" : 1259 }, 
        {"sofa" : 1,  "begin" : 1259,  "end" : 1260 }, 
        {"sofa" : 1,  "begin" : 1261,  "end" : 1264 }, 
        {"sofa" : 1,  "begin" : 1265,  "end" : 1271 }, 
        {"sofa" : 1,  "begin" : 1272,  "end" : 1274 }, 
        {"sofa" : 1,  "begin" : 1275,  "end" : 1281 }, 
        {"sofa" : 1,  "begin" : 1281,  "end" : 1282 }, 
        {"sofa" : 1,  "begin" : 1283,  "end" : 1291 }, 
        {"sofa" : 1,  "begin" : 1292,  "end" : 1295 }, 
        {"sofa" : 1,  "begin" : 1296,  "end" : 1304 }, 
        {"sofa" : 1,  "begin" : 1305,  "end" : 1309 }, 
        {"sofa" : 1,  "begin" : 1310,  "end" : 1313 }, 
        {"sofa" : 1,  "begin" : 1314,  "end" : 1318 }, 
        {"sofa" : 1,  "begin" : 1318,  "end" : 1319 }, 
        {"sofa" : 1,  "begin" : 1321,  "end" : 1323 }, 
        {"sofa" : 1,  "begin" : 1323,  "end" : 1324 }, 
        {"sofa" : 1,  "begin" : 1325,  "end" : 1326 }, 
        {"sofa" : 1,  "begin" : 1327,  "end" : 1335 }, 
        {"sofa" : 1,  "begin" : 1336,  "end" : 1340 }, 
        {"sofa" : 1,  "begin" : 1341,  "end" : 1346 }, 
        {"sofa" : 1,  "begin" : 1346,  "end" : 1347 }, 
        {"sofa" : 1,  "begin" : 1348,  "end" : 1351 }, 
        {"sofa" : 1,  "begin" : 1352,  "end" : 1357 }, 
        {"sofa" : 1,  "begin" : 1357,  "end" : 1358 }, 
        {"sofa" : 1,  "begin" : 1359,  "end" : 1367 }, 
        {"sofa" : 1,  "begin" : 1367,  "end" : 1368 }, 
        {"sofa" : 1,  "begin" : 1369,  "end" : 1372 }, 
        {"sofa" : 1,  "begin" : 1373,  "end" : 1381 }, 
        {"sofa" : 1,  "begin" : 1382,  "end" : 1392 }, 
        {"sofa" : 1,  "begin" : 1393,  "end" : 1401 }, 
        {"sofa" : 1,  "begin" : 1401,  "end" : 1402 }, 
        {"sofa" : 1,  "begin" : 1403,  "end" : 1407 }, 
        {"sofa" : 1,  "begin" : 1408,  "end" : 1412 }, 
        {"sofa" : 1,  "begin" : 1413,  "end" : 1414 }, 
        {"sofa" : 1,  "begin" : 1415,  "end" : 1418 }, 
        {"sofa" : 1,  "begin" : 1419,  "end" : 1421 }, 
        {"sofa" : 1,  "begin" : 1422,  "end" : 1428 }, 
        {"sofa" : 1,  "begin" : 1429,  "end" : 1433 }, 
        {"sofa" : 1,  "begin" : 1434,  "end" : 1438 }, 
        {"sofa" : 1,  "begin" : 1439,  "end" : 1441 }, 
        {"sofa" : 1,  "begin" : 1442,  "end" : 1445 }, 
        {"sofa" : 1,  "begin" : 1446,  "end" : 1452 }, 
        {"sofa" : 1,  "begin" : 1453,  "end" : 1455 }, 
        {"sofa" : 1,  "begin" : 1456,  "end" : 1457 }, 
        {"sofa" : 1,  "begin" : 1458,  "end" : 1463 }, 
        {"sofa" : 1,  "begin" : 1464,  "end" : 1467 }, 
        {"sofa" : 1,  "begin" : 1467,  "end" : 1468 }, 
        {"sofa" : 1,  "begin" : 1469,  "end" : 1474 }, 
        {"sofa" : 1,  "begin" : 1475,  "end" : 1480 }, 
        {"sofa" : 1,  "begin" : 1481,  "end" : 1485 }, 
        {"sofa" : 1,  "begin" : 1486,  "end" : 1488 }, 
        {"sofa" : 1,  "begin" : 1489,  "end" : 1494 }, 
        {"sofa" : 1,  "begin" : 1495,  "end" : 1499 }, 
        {"sofa" : 1,  "begin" : 1500,  "end" : 1502 }, 
        {"sofa" : 1,  "begin" : 1503,  "end" : 1506 }, 
        {"sofa" : 1,  "begin" : 1507,  "end" : 1511 }, 
        {"sofa" : 1,  "begin" : 1512,  "end" : 1519 }, 
        {"sofa" : 1,  "begin" : 1519,  "end" : 1520 }, 
        {"sofa" : 1,  "begin" : 1521,  "end" : 1522 }, 
        {"sofa" : 1,  "begin" : 1523,  "end" : 1527 }, 
        {"sofa" : 1,  "begin" : 1528,  "end" : 1529 }, 
        {"sofa" : 1,  "begin" : 1530,  "end" : 1533 }, 
        {"sofa" : 1,  "begin" : 1534,  "end" : 1536 }, 
        {"sofa" : 1,  "begin" : 1537,  "end" : 1541 }, 
        {"sofa" : 1,  "begin" : 1541,  "end" : 1542 }, 
        {"sofa" : 1,  "begin" : 1543,  "end" : 1546 }, 
        {"sofa" : 1,  "begin" : 1547,  "end" : 1549 }, 
        {"sofa" : 1,  "begin" : 1550,  "end" : 1558 }, 
        {"sofa" : 1,  "begin" : 1558,  "end" : 1559 }, 
        {"sofa" : 1,  "begin" : 1560,  "end" : 1564 }, 
        {"sofa" : 1,  "begin" : 1565,  "end" : 1568 }, 
        {"sofa" : 1,  "begin" : 1569,  "end" : 1572 }, 
        {"sofa" : 1,  "begin" : 1573,  "end" : 1576 }, 
        {"sofa" : 1,  "begin" : 1576,  "end" : 1577 }, 
        {"sofa" : 1,  "begin" : 1578,  "end" : 1582 }, 
        {"sofa" : 1,  "begin" : 1583,  "end" : 1585 }, 
        {"sofa" : 1,  "begin" : 1586,  "end" : 1588 }, 
        {"sofa" : 1,  "begin" : 1589,  "end" : 1592 }, 
        {"sofa" : 1,  "begin" : 1593,  "end" : 1599 }, 
        {"sofa" : 1,  "begin" : 1600,  "end" : 1603 }, 
        {"sofa" : 1,  "begin" : 1604,  "end" : 1605 }, 
        {"sofa" : 1,  "begin" : 1605,  "end" : 1606 }, 
        {"sofa" : 1,  "begin" : 1607,  "end" : 1612 }, 
        {"sofa" : 1,  "begin" : 1613,  "end" : 1620 }, 
        {"sofa" : 1,  "begin" : 1621,  "end" : 1623 }, 
        {"sofa" : 1,  "begin" : 1623,  "end" : 1624 }, 
        {"sofa" : 1,  "begin" : 1625,  "end" : 1626 }, 
        {"sofa" : 1,  "begin" : 1627,  "end" : 1629 }, 
        {"sofa" : 1,  "begin" : 1630,  "end" : 1632 }, 
        {"sofa" : 1,  "begin" : 1633,  "end" : 1639 }, 
        {"sofa" : 1,  "begin" : 1640,  "end" : 1645 }, 
        {"sofa" : 1,  "begin" : 1646,  "end" : 1651 }, 
        {"sofa" : 1,  "begin" : 1652,  "end" : 1654 }, 
        {"sofa" : 1,  "begin" : 1655,  "end" : 1663 }, 
        {"sofa" : 1,  "begin" : 1663,  "end" : 1664 }, 
        {"sofa" : 1,  "begin" : 1665,  "end" : 1666 }, 
        {"sofa" : 1,  "begin" : 1667,  "end" : 1673 }, 
        {"sofa" : 1,  "begin" : 1674,  "end" : 1680 }, 
        {"sofa" : 1,  "begin" : 1681,  "end" : 1684 }, 
        {"sofa" : 1,  "begin" : 1685,  "end" : 1689 }, 
        {"sofa" : 1,  "begin" : 1690,  "end" : 1691 }, 
        {"sofa" : 1,  "begin" : 1692,  "end" : 1697 }, 
        {"sofa" : 1,  "begin" : 1698,  "end" : 1700 }, 
        {"sofa" : 1,  "begin" : 1701,  "end" : 1702 }, 
        {"sofa" : 1,  "begin" : 1703,  "end" : 1708 }, 
        {"sofa" : 1,  "begin" : 1709,  "end" : 1714 }, 
        {"sofa" : 1,  "begin" : 1715,  "end" : 1717 }, 
        {"sofa" : 1,  "begin" : 1717,  "end" : 1718 }, 
        {"sofa" : 1,  "begin" : 1718,  "end" : 1722 }, 
        {"sofa" : 1,  "begin" : 1723,  "end" : 1727 }, 
        {"sofa" : 1,  "begin" : 1728,  "end" : 1733 }, 
        {"sofa" : 1,  "begin" : 1734,  "end" : 1741 }, 
        {"sofa" : 1,  "begin" : 1742,  "end" : 1747 }, 
        {"sofa" : 1,  "begin" : 1747,  "end" : 1748 }, 
        {"sofa" : 1,  "begin" : 1750,  "end" : 1752 }, 
        {"sofa" : 1,  "begin" : 1752,  "end" : 1753 }, 
        {"sofa" : 1,  "begin" : 1754,  "end" : 1757 }, 
        {"sofa" : 1,  "begin" : 1758,  "end" : 1760 }, 
        {"sofa" : 1,  "begin" : 1761,  "end" : 1765 }, 
        {"sofa" : 1,  "begin" : 1766,  "end" : 1769 }, 
        {"sofa" : 1,  "begin" : 1770,  "end" : 1775 }, 
        {"sofa" : 1,  "begin" : 1776,  "end" : 1778 }, 
        {"sofa" : 1,  "begin" : 1779,  "end" : 1786 }, 
        {"sofa" : 1,  "begin" : 1786,  "end" : 1787 }, 
        {"sofa" : 1,  "begin" : 1788,  "end" : 1794 }, 
        {"sofa" : 1,  "begin" : 1795,  "end" : 1798 }, 
        {"sofa" : 1,  "begin" : 1799,  "end" : 1804 }, 
        {"sofa" : 1,  "begin" : 1804,  "end" : 1805 }, 
        {"sofa" : 1,  "begin" : 1806,  "end" : 1809 }, 
        {"sofa" : 1,  "begin" : 1810,  "end" : 1813 }, 
        {"sofa" : 1,  "begin" : 1814,  "end" : 1818 }, 
        {"sofa" : 1,  "begin" : 1819,  "end" : 1823 }, 
        {"sofa" : 1,  "begin" : 1824,  "end" : 1825 }, 
        {"sofa" : 1,  "begin" : 1826,  "end" : 1831 }, 
        {"sofa" : 1,  "begin" : 1832,  "end" : 1838 }, 
        {"sofa" : 1,  "begin" : 1838,  "end" : 1839 }, 
        {"sofa" : 1,  "begin" : 1840,  "end" : 1847 }, 
        {"sofa" : 1,  "begin" : 1848,  "end" : 1851 }, 
        {"sofa" : 1,  "begin" : 1852,  "end" : 1857 }, 
        {"sofa" : 1,  "begin" : 1858,  "end" : 1864 }, 
        {"sofa" : 1,  "begin" : 1865,  "end" : 1866 }, 
        {"sofa" : 1,  "begin" : 1866,  "end" : 1870 }, 
        {"sofa" : 1,  "begin" : 1871,  "end" : 1878 }, 
        {"sofa" : 1,  "begin" : 1879,  "end" : 1882 }, 
        {"sofa" : 1,  "begin" : 1883,  "end" : 1888 }, 
        {"sofa" : 1,  "begin" : 1889,  "end" : 1891 }, 
        {"sofa" : 1,  "begin" : 1892,  "end" : 1895 }, 
        {"sofa" : 1,  "begin" : 1896,  "end" : 1902 }, 
        {"sofa" : 1,  "begin" : 1903,  "end" : 1908 }, 
        {"sofa" : 1,  "begin" : 1908,  "end" : 1909 }, 
        {"sofa" : 1,  "begin" : 1910,  "end" : 1913 }, 
        {"sofa" : 1,  "begin" : 1914,  "end" : 1916 }, 
        {"sofa" : 1,  "begin" : 1917,  "end" : 1921 }, 
        {"sofa" : 1,  "begin" : 1922,  "end" : 1926 }, 
        {"sofa" : 1,  "begin" : 1927,  "end" : 1930 }, 
        {"sofa" : 1,  "begin" : 1931,  "end" : 1937 }, 
        {"sofa" : 1,  "begin" : 1938,  "end" : 1942 }, 
        {"sofa" : 1,  "begin" : 1943,  "end" : 1946 }, 
        {"sofa" : 1,  "begin" : 1946,  "end" : 1947 }, 
        {"sofa" : 1,  "begin" : 1948,  "end" : 1954 }, 
        {"sofa" : 1,  "begin" : 1955,  "end" : 1957 }, 
        {"sofa" : 1,  "begin" : 1958,  "end" : 1960 }, 
        {"sofa" : 1,  "begin" : 1961,  "end" : 1967 }, 
        {"sofa" : 1,  "begin" : 1967,  "end" : 1968 }, 
        {"sofa" : 1,  "begin" : 1969,  "end" : 1971 }, 
        {"sofa" : 1,  "begin" : 1971,  "end" : 1972 }, 
        {"sofa" : 1,  "begin" : 1973,  "end" : 1975 }, 
        {"sofa" : 1,  "begin" : 1976,  "end" : 1978 }, 
        {"sofa" : 1,  "begin" : 1978,  "end" : 1979 }, 
        {"sofa" : 1,  "begin" : 1980,  "end" : 1985 }, 
        {"sofa" : 1,  "begin" : 1985,  "end" : 1986 }, 
        {"sofa" : 1,  "begin" : 1987,  "end" : 1990 }, 
        {"sofa" : 1,  "begin" : 1991,  "end" : 1994 }, 
        {"sofa" : 1,  "begin" : 1995,  "end" : 2000 }, 
        {"sofa" : 1,  "begin" : 2001,  "end" : 2006 }, 
        {"sofa" : 1,  "begin" : 2007,  "end" : 2010 }, 
        {"sofa" : 1,  "begin" : 2011,  "end" : 2015 }, 
        {"sofa" : 1,  "begin" : 2016,  "end" : 2020 }, 
        {"sofa" : 1,  "begin" : 2021,  "end" : 2024 }, 
        {"sofa" : 1,  "begin" : 2024,  "end" : 2025 }, 
        {"sofa" : 1,  "begin" : 2026,  "end" : 2032 }, 
        {"sofa" : 1,  "begin" : 2033,  "end" : 2036 }, 
        {"sofa" : 1,  "begin" : 2037,  "end" : 2044 }, 
        {"sofa" : 1,  "begin" : 2045,  "end" : 2049 }, 
        {"sofa" : 1,  "begin" : 2049,  "end" : 2050 }, 
        {"sofa" : 1,  "begin" : 2051,  "end" : 2054 }, 
        {"sofa" : 1,  "begin" : 2055,  "end" : 2059 }, 
        {"sofa" : 1,  "begin" : 2060,  "end" : 2065 }, 
        {"sofa" : 1,  "begin" : 2066,  "end" : 2075 }, 
        {"sofa" : 1,  "begin" : 2076,  "end" : 2078 }, 
        {"sofa" : 1,  "begin" : 2079,  "end" : 2082 }, 
        {"sofa" : 1,  "begin" : 2083,  "end" : 2088 }, 
        {"sofa" : 1,  "begin" : 2089,  "end" : 2091 }, 
        {"sofa" : 1,  "begin" : 2092,  "end" : 2099 }, 
        {"sofa" : 1,  "begin" : 2100,  "end" : 2102 }, 
        {"sofa" : 1,  "begin" : 2103,  "end" : 2106 }, 
        {"sofa" : 1,  "begin" : 2107,  "end" : 2112 }, 
        {"sofa" : 1,  "begin" : 2112,  "end" : 2113 }, 
        {"sofa" : 1,  "begin" : 2115,  "end" : 2117 }, 
        {"sofa" : 1,  "begin" : 2117,  "end" : 2118 }, 
        {"sofa" : 1,  "begin" : 2119,  "end" : 2128 }, 
        {"sofa" : 1,  "begin" : 2128,  "end" : 2129 }, 
        {"sofa" : 1,  "begin" : 2130,  "end" : 2133 }, 
        {"sofa" : 1,  "begin" : 2134,  "end" : 2137 }, 
        {"sofa" : 1,  "begin" : 2138,  "end" : 2141 }, 
        {"sofa" : 1,  "begin" : 2142,  "end" : 2152 }, 
        {"sofa" : 1,  "begin" : 2153,  "end" : 2156 }, 
        {"sofa" : 1,  "begin" : 2157,  "end" : 2168 }, 
        {"sofa" : 1,  "begin" : 2168,  "end" : 2169 }, 
        {"sofa" : 1,  "begin" : 2170,  "end" : 2173 }, 
        {"sofa" : 1,  "begin" : 2174,  "end" : 2178 }, 
        {"sofa" : 1,  "begin" : 2179,  "end" : 2186 }, 
        {"sofa" : 1,  "begin" : 2187,  "end" : 2189 }, 
        {"sofa" : 1,  "begin" : 2190,  "end" : 2196 }, 
        {"sofa" : 1,  "begin" : 2196,  "end" : 2197 }, 
        {"sofa" : 1,  "begin" : 2198,  "end" : 2201 }, 
        {"sofa" : 1,  "begin" : 2202,  "end" : 2206 }, 
        {"sofa" : 1,  "begin" : 2207,  "end" : 2210 }, 
        {"sofa" : 1,  "begin" : 2211,  "end" : 2217 }, 
        {"sofa" : 1,  "begin" : 2218,  "end" : 2220 }, 
        {"sofa" : 1,  "begin" : 2221,  "end" : 2225 }, 
        {"sofa" : 1,  "begin" : 2226,  "end" : 2232 }, 
        {"sofa" : 1,  "begin" : 2233,  "end" : 2238 }, 
        {"sofa" : 1,  "begin" : 2239,  "end" : 2241 }, 
        {"sofa" : 1,  "begin" : 2242,  "end" : 2249 }, 
        {"sofa" : 1,  "begin" : 2250,  "end" : 2255 }, 
        {"sofa" : 1,  "begin" : 2255,  "end" : 2256 }, 
        {"sofa" : 1,  "begin" : 2257,  "end" : 2260 }, 
        {"sofa" : 1,  "begin" : 2261,  "end" : 2263 }, 
        {"sofa" : 1,  "begin" : 2264,  "end" : 2265 }, 
        {"sofa" : 1,  "begin" : 2266,  "end" : 2270 }, 
        {"sofa" : 1,  "begin" : 2271,  "end" : 2277 }, 
        {"sofa" : 1,  "begin" : 2278,  "end" : 2280 }, 
        {"sofa" : 1,  "begin" : 2281,  "end" : 2285 }, 
        {"sofa" : 1,  "begin" : 2286,  "end" : 2289 }, 
        {"sofa" : 1,  "begin" : 2290,  "end" : 2297 }, 
        {"sofa" : 1,  "begin" : 2298,  "end" : 2302 }, 
        {"sofa" : 1,  "begin" : 2302,  "end" : 2303 }, 
        {"sofa" : 1,  "begin" : 2304,  "end" : 2309 }, 
        {"sofa" : 1,  "begin" : 2310,  "end" : 2314 }, 
        {"sofa" : 1,  "begin" : 2315,  "end" : 2320 }, 
        {"sofa" : 1,  "begin" : 2321,  "end" : 2330 }, 
        {"sofa" : 1,  "begin" : 2330,  "end" : 2331 }, 
        {"sofa" : 1,  "begin" : 2332,  "end" : 2335 }, 
        {"sofa" : 1,  "begin" : 2336,  "end" : 2338 }, 
        {"sofa" : 1,  "begin" : 2339,  "end" : 2344 }, 
        {"sofa" : 1,  "begin" : 2345,  "end" : 2347 }, 
        {"sofa" : 1,  "begin" : 2348,  "end" : 2353 }, 
        {"sofa" : 1,  "begin" : 2354,  "end" : 2357 }, 
        {"sofa" : 1,  "begin" : 2358,  "end" : 2367 }, 
        {"sofa" : 1,  "begin" : 2368,  "end" : 2371 }, 
        {"sofa" : 1,  "begin" : 2372,  "end" : 2374 }, 
        {"sofa" : 1,  "begin" : 2375,  "end" : 2379 }, 
        {"sofa" : 1,  "begin" : 2379,  "end" : 2380 }, 
        {"sofa" : 1,  "begin" : 2381,  "end" : 2382 }, 
        {"sofa" : 1,  "begin" : 2383,  "end" : 2387 }, 
        {"sofa" : 1,  "begin" : 2388,  "end" : 2391 }, 
        {"sofa" : 1,  "begin" : 2392,  "end" : 2399 }, 
        {"sofa" : 1,  "begin" : 2400,  "end" : 2404 }, 
        {"sofa" : 1,  "begin" : 2405,  "end" : 2411 }, 
        {"sofa" : 1,  "begin" : 2412,  "end" : 2416 }, 
        {"sofa" : 1,  "begin" : 2417,  "end" : 2424 }, 
        {"sofa" : 1,  "begin" : 2425,  "end" : 2429 }, 
        {"sofa" : 1,  "begin" : 2430,  "end" : 2436 }, 
        {"sofa" : 1,  "begin" : 2436,  "end" : 2437 }, 
        {"sofa" : 1,  "begin" : 2438,  "end" : 2441 }, 
        {"sofa" : 1,  "begin" : 2442,  "end" : 2448 }, 
        {"sofa" : 1,  "begin" : 2449,  "end" : 2451 }, 
        {"sofa" : 1,  "begin" : 2452,  "end" : 2454 }, 
        {"sofa" : 1,  "begin" : 2455,  "end" : 2457 }, 
        {"sofa" : 1,  "begin" : 2458,  "end" : 2459 }, 
        {"sofa" : 1,  "begin" : 2460,  "end" : 2464 }, 
        {"sofa" : 1,  "begin" : 2465,  "end" : 2475 }, 
        {"sofa" : 1,  "begin" : 2475,  "end" : 2476 }, 
        {"sofa" : 1,  "begin" : 2478,  "end" : 2480 }, 
        {"sofa" : 1,  "begin" : 2480,  "end" : 2481 }, 
        {"sofa" : 1,  "begin" : 2482,  "end" : 2485 }, 
        {"sofa" : 1,  "begin" : 2486,  "end" : 2488 }, 
        {"sofa" : 1,  "begin" : 2489,  "end" : 2496 }, 
        {"sofa" : 1,  "begin" : 2497,  "end" : 2506 }, 
        {"sofa" : 1,  "begin" : 2506,  "end" : 2507 }, 
        {"sofa" : 1,  "begin" : 2508,  "end" : 2510 }, 
        {"sofa" : 1,  "begin" : 2511,  "end" : 2514 }, 
        {"sofa" : 1,  "begin" : 2515,  "end" : 2520 }, 
        {"sofa" : 1,  "begin" : 2521,  "end" : 2530 }, 
        {"sofa" : 1,  "begin" : 2531,  "end" : 2536 }, 
        {"sofa" : 1,  "begin" : 2537,  "end" : 2541 }, 
        {"sofa" : 1,  "begin" : 2542,  "end" : 2546 }, 
        {"sofa" : 1,  "begin" : 2547,  "end" : 2553 }, 
        {"sofa" : 1,  "begin" : 2554,  "end" : 2555 }, 
        {"sofa" : 1,  "begin" : 2556,  "end" : 2562 }, 
        {"sofa" : 1,  "begin" : 2562,  "end" : 2563 }, 
        {"sofa" : 1,  "begin" : 2564,  "end" : 2567 }, 
        {"sofa" : 1,  "begin" : 2568,  "end" : 2570 }, 
        {"sofa" : 1,  "begin" : 2571,  "end" : 2573 }, 
        {"sofa" : 1,  "begin" : 2574,  "end" : 2581 }, 
        {"sofa" : 1,  "begin" : 2582,  "end" : 2584 }, 
        {"sofa" : 1,  "begin" : 2585,  "end" : 2587 }, 
        {"sofa" : 1,  "begin" : 2588,  "end" : 2593 }, 
        {"sofa" : 1,  "begin" : 2593,  "end" : 2594 }, 
        {"sofa" : 1,  "begin" : 2595,  "end" : 2601 }, 
        {"sofa" : 1,  "begin" : 2602,  "end" : 2606 }, 
        {"sofa" : 1,  "begin" : 2607,  "end" : 2612 }, 
        {"sofa" : 1,  "begin" : 2613,  "end" : 2617 }, 
        {"sofa" : 1,  "begin" : 2618,  "end" : 2623 }, 
        {"sofa" : 1,  "begin" : 2624,  "end" : 2628 }, 
        {"sofa" : 1,  "begin" : 2629,  "end" : 2635 }, 
        {"sofa" : 1,  "begin" : 2635,  "end" : 2636 }, 
        {"sofa" : 1,  "begin" : 2637,  "end" : 2639 }, 
        {"sofa" : 1,  "begin" : 2640,  "end" : 2644 }, 
        {"sofa" : 1,  "begin" : 2645,  "end" : 2649 }, 
        {"sofa" : 1,  "begin" : 2650,  "end" : 2655 }, 
        {"sofa" : 1,  "begin" : 2656,  "end" : 2662 }, 
        {"sofa" : 1,  "begin" : 2663,  "end" : 2666 }, 
        {"sofa" : 1,  "begin" : 2667,  "end" : 2669 }, 
        {"sofa" : 1,  "begin" : 2670,  "end" : 2676 }, 
        {"sofa" : 1,  "begin" : 2676,  "end" : 2677 }, 
        {"sofa" : 1,  "begin" : 2678,  "end" : 2681 }, 
        {"sofa" : 1,  "begin" : 2682,  "end" : 2686 }, 
        {"sofa" : 1,  "begin" : 2687,  "end" : 2692 }, 
        {"sofa" : 1,  "begin" : 2693,  "end" : 2703 }, 
        {"sofa" : 1,  "begin" : 2704,  "end" : 2707 }, 
        {"sofa" : 1,  "begin" : 2708,  "end" : 2713 }, 
        {"sofa" : 1,  "begin" : 2714,  "end" : 2716 }, 
        {"sofa" : 1,  "begin" : 2717,  "end" : 2722 }, 
        {"sofa" : 1,  "begin" : 2723,  "end" : 2729 }, 
        {"sofa" : 1,  "begin" : 2730,  "end" : 2734 }, 
        {"sofa" : 1,  "begin" : 2735,  "end" : 2736 }, 
        {"sofa" : 1,  "begin" : 2737,  "end" : 2743 }, 
        {"sofa" : 1,  "begin" : 2744,  "end" : 2748 }, 
        {"sofa" : 1,  "begin" : 2748,  "end" : 2749 }, 
        {"sofa" : 1,  "begin" : 2750,  "end" : 2759 }, 
        {"sofa" : 1,  "begin" : 2760,  "end" : 2764 }, 
        {"sofa" : 1,  "begin" : 2765,  "end" : 2770 }, 
        {"sofa" : 1,  "begin" : 2770,  "end" : 2771 }, 
        {"sofa" : 1,  "begin" : 2772,  "end" : 2774 }, 
        {"sofa" : 1,  "begin" : 2775,  "end" : 2779 }, 
        {"sofa" : 1,  "begin" : 2780,  "end" : 2782 }, 
        {"sofa" : 1,  "begin" : 2783,  "end" : 2784 }, 
        {"sofa" : 1,  "begin" : 2785,  "end" : 2792 }, 
        {"sofa" : 1,  "begin" : 2792,  "end" : 2793 }, 
        {"sofa" : 1,  "begin" : 2794,  "end" : 2798 }, 
        {"sofa" : 1,  "begin" : 2799,  "end" : 2803 }, 
        {"sofa" : 1,  "begin" : 2804,  "end" : 2806 }, 
        {"sofa" : 1,  "begin" : 2807,  "end" : 2814 }, 
        {"sofa" : 1,  "begin" : 2815,  "end" : 2818 }, 
        {"sofa" : 1,  "begin" : 2819,  "end" : 2823 }, 
        {"sofa" : 1,  "begin" : 2824,  "end" : 2827 }, 
        {"sofa" : 1,  "begin" : 2828,  "end" : 2835 }, 
        {"sofa" : 1,  "begin" : 2835,  "end" : 2836 }, 
        {"sofa" : 1,  "begin" : 2837,  "end" : 2844 }, 
        {"sofa" : 1,  "begin" : 2845,  "end" : 2849 }, 
        {"sofa" : 1,  "begin" : 2850,  "end" : 2858 }, 
        {"sofa" : 1,  "begin" : 2859,  "end" : 2864 }, 
        {"sofa" : 1,  "begin" : 2865,  "end" : 2867 }, 
        {"sofa" : 1,  "begin" : 2868,  "end" : 2874 }, 
        {"sofa" : 1,  "begin" : 2874,  "end" : 2875 }, 
        {"sofa" : 1,  "begin" : 2877,  "end" : 2879 }, 
        {"sofa" : 1,  "begin" : 2879,  "end" : 2880 }, 
        {"sofa" : 1,  "begin" : 2881,  "end" : 2883 }, 
        {"sofa" : 1,  "begin" : 2884,  "end" : 2889 }, 
        {"sofa" : 1,  "begin" : 2890,  "end" : 2894 }, 
        {"sofa" : 1,  "begin" : 2895,  "end" : 2899 }, 
        {"sofa" : 1,  "begin" : 2900,  "end" : 2909 }, 
        {"sofa" : 1,  "begin" : 2909,  "end" : 2910 }, 
        {"sofa" : 1,  "begin" : 2911,  "end" : 2914 }, 
        {"sofa" : 1,  "begin" : 2915,  "end" : 2919 }, 
        {"sofa" : 1,  "begin" : 2920,  "end" : 2922 }, 
        {"sofa" : 1,  "begin" : 2923,  "end" : 2928 }, 
        {"sofa" : 1,  "begin" : 2929,  "end" : 2937 }, 
        {"sofa" : 1,  "begin" : 2937,  "end" : 2938 }, 
        {"sofa" : 1,  "begin" : 2939,  "end" : 2944 }, 
        {"sofa" : 1,  "begin" : 2945,  "end" : 2948 }, 
        {"sofa" : 1,  "begin" : 2949,  "end" : 2953 }, 
        {"sofa" : 1,  "begin" : 2954,  "end" : 2962 }, 
        {"sofa" : 1,  "begin" : 2963,  "end" : 2967 }, 
        {"sofa" : 1,  "begin" : 2968,  "end" : 2972 }, 
        {"sofa" : 1,  "begin" : 2973,  "end" : 2979 }, 
        {"sofa" : 1,  "begin" : 2980,  "end" : 2982 }, 
        {"sofa" : 1,  "begin" : 2983,  "end" : 2986 }, 
        {"sofa" : 1,  "begin" : 2987,  "end" : 2993 }, 
        {"sofa" : 1,  "begin" : 2994,  "end" : 2996 }, 
        {"sofa" : 1,  "begin" : 2997,  "end" : 2998 }, 
        {"sofa" : 1,  "begin" : 2998,  "end" : 2999 }, 
        {"sofa" : 1,  "begin" : 3000,  "end" : 3007 }, 
        {"sofa" : 1,  "begin" : 3007,  "end" : 3008 }, 
        {"sofa" : 1,  "begin" : 3009,  "end" : 3014 }, 
        {"sofa" : 1,  "begin" : 3015,  "end" : 3019 }, 
        {"sofa" : 1,  "begin" : 3019,  "end" : 3020 }, 
        {"sofa" : 1,  "begin" : 3021,  "end" : 3024 }, 
        {"sofa" : 1,  "begin" : 3024,  "end" : 3025 }, 
        {"sofa" : 1,  "begin" : 3026,  "end" : 3028 }, 
        {"sofa" : 1,  "begin" : 3028,  "end" : 3029 }, 
        {"sofa" : 1,  "begin" : 3030,  "end" : 3036 }, 
        {"sofa" : 1,  "begin" : 3037,  "end" : 3039 }, 
        {"sofa" : 1,  "begin" : 3040,  "end" : 3047 }, 
        {"sofa" : 1,  "begin" : 3048,  "end" : 3050 }, 
        {"sofa" : 1,  "begin" : 3051,  "end" : 3058 }, 
        {"sofa" : 1,  "begin" : 3058,  "end" : 3059 }, 
        {"sofa" : 1,  "begin" : 3060,  "end" : 3064 }, 
        {"sofa" : 1,  "begin" : 3065,  "end" : 3072 }, 
        {"sofa" : 1,  "begin" : 3073,  "end" : 3076 }, 
        {"sofa" : 1,  "begin" : 3077,  "end" : 3081 }, 
        {"sofa" : 1,  "begin" : 3082,  "end" : 3087 }, 
        {"sofa" : 1,  "begin" : 3088,  "end" : 3093 }, 
        {"sofa" : 1,  "begin" : 3094,  "end" : 3096 }, 
        {"sofa" : 1,  "begin" : 3097,  "end" : 3098 }, 
        {"sofa" : 1,  "begin" : 3099,  "end" : 3106 }, 
        {"sofa" : 1,  "begin" : 3106,  "end" : 3107 }, 
        {"sofa" : 1,  "begin" : 3108,  "end" : 3112 }, 
        {"sofa" : 1,  "begin" : 3113,  "end" : 3115 }, 
        {"sofa" : 1,  "begin" : 3116,  "end" : 3120 }, 
        {"sofa" : 1,  "begin" : 3121,  "end" : 3123 }, 
        {"sofa" : 1,  "begin" : 3124,  "end" : 3127 }, 
        {"sofa" : 1,  "begin" : 3128,  "end" : 3133 }, 
        {"sofa" : 1,  "begin" : 3134,  "end" : 3138 }, 
        {"sofa" : 1,  "begin" : 3139,  "end" : 3148 }, 
        {"sofa" : 1,  "begin" : 3149,  "end" : 3154 }, 
        {"sofa" : 1,  "begin" : 3155,  "end" : 3157 }, 
        {"sofa" : 1,  "begin" : 3158,  "end" : 3161 }, 
        {"sofa" : 1,  "begin" : 3162,  "end" : 3166 }, 
        {"sofa" : 1,  "begin" : 3166,  "end" : 3167 }, 
        {"sofa" : 1,  "begin" : 3168,  "end" : 3172 }, 
        {"sofa" : 1,  "begin" : 3173,  "end" : 3179 }, 
        {"sofa" : 1,  "begin" : 3180,  "end" : 3183 }, 
        {"sofa" : 1,  "begin" : 3184,  "end" : 3189 }, 
        {"sofa" : 1,  "begin" : 3190,  "end" : 3194 }, 
        {"sofa" : 1,  "begin" : 3195,  "end" : 3199 }, 
        {"sofa" : 1,  "begin" : 3200,  "end" : 3208 }, 
        {"sofa" : 1,  "begin" : 3209,  "end" : 3211 }, 
        {"sofa" : 1,  "begin" : 3212,  "end" : 3215 }, 
        {"sofa" : 1,  "begin" : 3216,  "end" : 3219 }, 
        {"sofa" : 1,  "begin" : 3220,  "end" : 3222 }, 
        {"sofa" : 1,  "begin" : 3223,  "end" : 3226 }, 
        {"sofa" : 1,  "begin" : 3227,  "end" : 3231 }, 
        {"sofa" : 1,  "begin" : 3232,  "end" : 3237 }, 
        {"sofa" : 1,  "begin" : 3237,  "end" : 3238 }, 
        {"sofa" : 1,  "begin" : 3239,  "end" : 3242 }, 
        {"sofa" : 1,  "begin" : 3243,  "end" : 3245 }, 
        {"sofa" : 1,  "begin" : 3246,  "end" : 3249 }, 
        {"sofa" : 1,  "begin" : 3250,  "end" : 3254 }, 
        {"sofa" : 1,  "begin" : 3255,  "end" : 3259 }, 
        {"sofa" : 1,  "begin" : 3260,  "end" : 3269 }, 
        {"sofa" : 1,  "begin" : 3270,  "end" : 3274 }, 
        {"sofa" : 1,  "begin" : 3275,  "end" : 3277 }, 
        {"sofa" : 1,  "begin" : 3278,  "end" : 3283 }, 
        {"sofa" : 1,  "begin" : 3283,  "end" : 3284 }, 
        {"sofa" : 1,  "begin" : 3285,  "end" : 3288 }, 
        {"sofa" : 1,  "begin" : 3289,  "end" : 3293 }, 
        {"sofa" : 1,  "begin" : 3294,  "end" : 3298 }, 
        {"sofa" : 1,  "begin" : 3299,  "end" : 3308 }, 
        {"sofa" : 1,  "begin" : 3309,  "end" : 3317 }, 
        {"sofa" : 1,  "begin" : 3317,  "end" : 3318 }, 
        {"sofa" : 1,  "begin" : 3319,  "end" : 3322 }, 
        {"sofa" : 1,  "begin" : 3323,  "end" : 3326 }, 
        {"sofa" : 1,  "begin" : 3327,  "end" : 3332 }, 
        {"sofa" : 1,  "begin" : 3333,  "end" : 3337 }, 
        {"sofa" : 1,  "begin" : 3338,  "end" : 3342 }, 
        {"sofa" : 1,  "begin" : 3343,  "end" : 3347 }, 
        {"sofa" : 1,  "begin" : 3348,  "end" : 3353 }, 
        {"sofa" : 1,  "begin" : 3354,  "end" : 3358 }, 
        {"sofa" : 1,  "begin" : 3359,  "end" : 3361 }, 
        {"sofa" : 1,  "begin" : 3362,  "end" : 3365 }, 
        {"sofa" : 1,  "begin" : 3366,  "end" : 3375 }, 
        {"sofa" : 1,  "begin" : 3376,  "end" : 3379 }, 
        {"sofa" : 1,  "begin" : 3379,  "end" : 3380 }, 
        {"sofa" : 1,  "begin" : 3381,  "end" : 3384 }, 
        {"sofa" : 1,  "begin" : 3385,  "end" : 3389 }, 
        {"sofa" : 1,  "begin" : 3390,  "end" : 3399 }, 
        {"sofa" : 1,  "begin" : 3400,  "end" : 3409 }, 
        {"sofa" : 1,  "begin" : 3410,  "end" : 3417 }, 
        {"sofa" : 1,  "begin" : 3418,  "end" : 3420 }, 
        {"sofa" : 1,  "begin" : 3421,  "end" : 3430 }, 
        {"sofa" : 1,  "begin" : 3431,  "end" : 3443 }, 
        {"sofa" : 1,  "begin" : 3443,  "end" : 3444 }, 
        {"sofa" : 1,  "begin" : 3445,  "end" : 3448 }, 
        {"sofa" : 1,  "begin" : 3449,  "end" : 3452 }, 
        {"sofa" : 1,  "begin" : 3453,  "end" : 3458 }, 
        {"sofa" : 1,  "begin" : 3459,  "end" : 3466 }, 
        {"sofa" : 1,  "begin" : 3467,  "end" : 3471 }, 
        {"sofa" : 1,  "begin" : 3472,  "end" : 3475 }, 
        {"sofa" : 1,  "begin" : 3476,  "end" : 3484 }, 
        {"sofa" : 1,  "begin" : 3486,  "end" : 3489 }, 
        {"sofa" : 1,  "begin" : 3490,  "end" : 3497 }, 
        {"sofa" : 1,  "begin" : 3498,  "end" : 3505 }, 
        {"sofa" : 1,  "begin" : 3505,  "end" : 3506 }, 
        {"sofa" : 1,  "begin" : 3507,  "end" : 3510 }, 
        {"sofa" : 1,  "begin" : 3511,  "end" : 3514 }, 
        {"sofa" : 1,  "begin" : 3515,  "end" : 3519 }, 
        {"sofa" : 1,  "begin" : 3520,  "end" : 3527 }, 
        {"sofa" : 1,  "begin" : 3528,  "end" : 3531 }, 
        {"sofa" : 1,  "begin" : 3532,  "end" : 3536 }, 
        {"sofa" : 1,  "begin" : 3537,  "end" : 3539 }, 
        {"sofa" : 1,  "begin" : 3540,  "end" : 3545 }, 
        {"sofa" : 1,  "begin" : 3546,  "end" : 3553 }, 
        {"sofa" : 1,  "begin" : 3554,  "end" : 3558 }, 
        {"sofa" : 1,  "begin" : 3559,  "end" : 3562 }, 
        {"sofa" : 1,  "begin" : 3562,  "end" : 3563 }, 
        {"sofa" : 1,  "begin" : 3564,  "end" : 3570 }, 
        {"sofa" : 1,  "begin" : 3571,  "end" : 3575 }, 
        {"sofa" : 1,  "begin" : 3576,  "end" : 3579 }, 
        {"sofa" : 1,  "begin" : 3580,  "end" : 3585 }, 
        {"sofa" : 1,  "begin" : 3586,  "end" : 3589 }, 
        {"sofa" : 1,  "begin" : 3590,  "end" : 3595 }, 
        {"sofa" : 1,  "begin" : 3596,  "end" : 3598 }, 
        {"sofa" : 1,  "begin" : 3599,  "end" : 3607 }, 
        {"sofa" : 1,  "begin" : 3608,  "end" : 3611 }, 
        {"sofa" : 1,  "begin" : 3612,  "end" : 3616 }, 
        {"sofa" : 1,  "begin" : 3617,  "end" : 3622 }, 
        {"sofa" : 1,  "begin" : 3623,  "end" : 3625 }, 
        {"sofa" : 1,  "begin" : 3626,  "end" : 3632 }, 
        {"sofa" : 1,  "begin" : 3633,  "end" : 3635 }, 
        {"sofa" : 1,  "begin" : 3636,  "end" : 3640 }, 
        {"sofa" : 1,  "begin" : 3641,  "end" : 3646 }, 
        {"sofa" : 1,  "begin" : 3647,  "end" : 3649 }, 
        {"sofa" : 1,  "begin" : 3650,  "end" : 3659 }, 
        {"sofa" : 1,  "begin" : 3660,  "end" : 3666 }, 
        {"sofa" : 1,  "begin" : 3667,  "end" : 3670 }, 
        {"sofa" : 1,  "begin" : 3671,  "end" : 3678 }, 
        {"sofa" : 1,  "begin" : 3678,  "end" : 3679 }, 
        {"sofa" : 1,  "begin" : 3680,  "end" : 3684 }, 
        {"sofa" : 1,  "begin" : 3685,  "end" : 3689 }, 
        {"sofa" : 1,  "begin" : 3690,  "end" : 3694 }, 
        {"sofa" : 1,  "begin" : 3695,  "end" : 3696 }, 
        {"sofa" : 1,  "begin" : 3697,  "end" : 3701 }, 
        {"sofa" : 1,  "begin" : 3702,  "end" : 3710 }, 
        {"sofa" : 1,  "begin" : 3711,  "end" : 3716 }, 
        {"sofa" : 1,  "begin" : 3717,  "end" : 3719 }, 
        {"sofa" : 1,  "begin" : 3720,  "end" : 3721 }, 
        {"sofa" : 1,  "begin" : 3722,  "end" : 3728 }, 
        {"sofa" : 1,  "begin" : 3729,  "end" : 3735 }, 
        {"sofa" : 1,  "begin" : 3736,  "end" : 3740 }, 
        {"sofa" : 1,  "begin" : 3741,  "end" : 3744 }, 
        {"sofa" : 1,  "begin" : 3745,  "end" : 3749 }, 
        {"sofa" : 1,  "begin" : 3750,  "end" : 3752 }, 
        {"sofa" : 1,  "begin" : 3753,  "end" : 3758 }, 
        {"sofa" : 1,  "begin" : 3758,  "end" : 3759 } ] } }, 
  "_referenced_fss" : {
    "1" : {"_type" : "Sofa",  "sofaNum" : 1,  "sofaID" : "_InitialView",  "mimeType" : "text",  "sofaString" : "VPon the top of your glasse bodie, straine a haire cloth, and vpon that lay good store of Roseleaues, either drie, or halfe drie, and so your water will ascend verie good both in smell and in colour. Distill either in balneo, or in a gentle fire in ashes, you may rei¦terate the same water vppon fresh leaues. This may also be done in a leaden Still, ouer which by reason of the breadth you may place more leaues.\n\n19. An excellent wvy to make the extract of all Vegetables.\nEXpresse a good quantity of the iuice thereof, set it on the fire, and giue it onely a walme or two, then it will grow cleere: before it be cooled, pour away the cleerest, filter with a peece of cotton, and then euaporate your filtred iuyce, till it come to a thicke substance, and thus you shal haue a most excellent extracte of the Rose, Gilloflower, &c. with the perfect sent and taste of the flower, whereas the common waie is to make the extracte eyther by spirit of wine faire water, the water of the plant, or some kind of menstruum.\n\n20. To make a water smelling of the Eglantine, Gilloflowers, &c.\nDRie the hearbe or flower, and distill the same in faire water\nin a limbecke, draw no longer then you find sent in the water that issueth, reiterate that water vpon fresh herbes, and distil as before, diuiding the sweetest from the rest.\n\n21. A Scottish hand water.\nPVt thyme, Lauender, and Rosemary confusedly together, then make a lay of thicke wine Lees in the bottom of a stone pot, vppon which make an other laye of the said hearbes, & then a lay of Lees, and so forwarde, lute the pot wel, bury it in the ground for 6. weeks distill it, & it is called Dames water in Scotland. A little therof put into a bason of a comon water ma¦keth very sweet washing water.\n\n22. How to draw the bloud of hearbes.\nSTampe the hearb, put the same into a large glasse, leauing two parts emptie (some commend the\niuice of the hearbe onely) nip or else lute the glasse very wel, digest it in balneo. 15. or 16. daies, and you shall finde the same very red, diuide the watrish part, and that which remaineth is the bloud or essence of the hearb.\n\n23. Rosewater, and yet the Roseleaues not discoloured.\nYOu must distill in balneo, and when the bottom of your pewter Still is through hotte, put in a fewe leaues at once and distill them: watch your Still carefully, and as soone as those are distilled put in more. I know not whether your profit will requite your labour, yet accept of it as a newe conclusion.\n\n24. How to recouer Rosewater, or any other distilled water that hath gotten a mother, and is in daunger to be musty.\nINfuse your water vpon fresh Rose leaues, or vpon Rose cakes broken all in peeces, and then after maceration for three or foure houres with a gentle fire, redistill your water. Do this in a Limbeck, take heed of drawing too long for burning, vnlesse your Limbecke stand in balneo.\n\n25. To drawe both good Rosewater, and oyle of Roses together.\nAFter you haue digested your Rose leaues by the speace of 3. moneths, sicut ante, num. 13. eyther in barrels or hookers, then distill the with faire water in a limbeck, draw so long as you finde anie excellent smell of the Rose, then diuide the fatty oile that fleeteth on the top of the Rose water, and so you haue both excellent oile of Roses, and also good Rosewater togither, and you shall also haue more water then by the ordinarie\nway, and this Rosewater extendeth farther in physicall compositions, and the other serueth best for perfumes  and casting bottles. You may also distill the oyle of Linum Rhodtum this way, sauing that you shall not neede to macerate the same aboue 24 houres in your water or menstruum before you distill: this oyle hath a most pleasing smell in a manner equall with the oyle of Roses.\n\n" }, 
    "10680" : {"_type" : "Span",  "sofa" : 1,  "begin" : 179,  "end" : 184,  "label" : "Smell_Word" }, 
    "10685" : {"_type" : "Span",  "sofa" : 1,  "begin" : 90,  "end" : 100,  "label" : "Smell_Source" }, 
    "10707" : {"_type" : "Span",  "sofa" : 1,  "begin" : 137,  "end" : 141,  "label" : "Perceiver" }, 
    "10712" : {"_type" : "Span",  "sofa" : 1,  "begin" : 142,  "end" : 147,  "label" : "Odour_Carrier" }, 
    "10736" : {"_type" : "Span",  "sofa" : 1,  "begin" : 160,  "end" : 170,  "label" : "Quality" }, 
    "10748" : {"_type" : "Span",  "sofa" : 1,  "begin" : 102,  "end" : 128,  "label" : "Circumstances" }, 
    "10760" : {"_type" : "Span",  "sofa" : 1,  "begin" : 849,  "end" : 853,  "label" : "Smell_Word" }, 
    "10765" : {"_type" : "Span",  "sofa" : 1,  "begin" : 841,  "end" : 848,  "label" : "Quality" }, 
    "10787" : {"_type" : "Span",  "sofa" : 1,  "begin" : 864,  "end" : 877,  "label" : "Smell_Source" }, 
    "10777" : {"_type" : "Span",  "sofa" : 1,  "begin" : 793,  "end" : 813,  "label" : "Smell_Source" }, 
    "10782" : {"_type" : "Span",  "sofa" : 1,  "begin" : 815,  "end" : 826,  "label" : "Smell_Source" }, 
    "10813" : {"_type" : "Span",  "sofa" : 1,  "begin" : 1037,  "end" : 1045,  "label" : "Smell_Word" }, 
    "10828" : {"_type" : "Span",  "sofa" : 1,  "begin" : 1064,  "end" : 1076,  "label" : "Smell_Source" }, 
    "10823" : {"_type" : "Span",  "sofa" : 1,  "begin" : 1046,  "end" : 1062,  "label" : "Smell_Source" }, 
    "10818" : {"_type" : "Span",  "sofa" : 1,  "begin" : 1031,  "end" : 1036,  "label" : "Odour_Carrier" }, 
    "10854" : {"_type" : "Span",  "sofa" : 1,  "begin" : 1189,  "end" : 1193,  "label" : "Smell_Word" }, 
    "10859" : {"_type" : "Span",  "sofa" : 1,  "begin" : 1194,  "end" : 1206,  "label" : "Odour_Carrier" }, 
    "10871" : {"_type" : "Span",  "sofa" : 1,  "begin" : 1180,  "end" : 1183,  "label" : "Perceiver" }, 
    "10883" : {"_type" : "Span",  "sofa" : 1,  "begin" : 1087,  "end" : 1097,  "label" : "Smell_Source" }, 
    "10888" : {"_type" : "Span",  "sofa" : 1,  "begin" : 1101,  "end" : 1107,  "label" : "Smell_Source" }, 
    "10907" : {"_type" : "Span",  "sofa" : 1,  "begin" : 2092,  "end" : 2099,  "label" : "Smell_Word" }, 
    "10912" : {"_type" : "Span",  "sofa" : 1,  "begin" : 2100,  "end" : 2112,  "label" : "Smell_Source" }, 
    "10924" : {"_type" : "Span",  "sofa" : 1,  "begin" : 1991,  "end" : 1994,  "label" : "Perceiver" }, 
    "10936" : {"_type" : "Span",  "sofa" : 1,  "begin" : 3149,  "end" : 3154,  "label" : "Smell_Word" }, 
    "10941" : {"_type" : "Span",  "sofa" : 1,  "begin" : 3155,  "end" : 3166,  "label" : "Smell_Source" }, 
    "10953" : {"_type" : "Span",  "sofa" : 1,  "begin" : 3124,  "end" : 3127,  "label" : "Perceiver" }, 
    "10965" : {"_type" : "Span",  "sofa" : 1,  "begin" : 3139,  "end" : 3148,  "label" : "Quality" }, 
    "10977" : {"_type" : "Span",  "sofa" : 1,  "begin" : 3476,  "end" : 3484,  "label" : "Smell_Word" }, 
    "10994" : {"_type" : "Span",  "sofa" : 1,  "begin" : 3270,  "end" : 3283,  "label" : "Smell_Source" }, 
    "11006" : {"_type" : "Span",  "sofa" : 1,  "begin" : 3711,  "end" : 3716,  "label" : "Smell_Word" }, 
    "11011" : {"_type" : "Span",  "sofa" : 1,  "begin" : 3528,  "end" : 3553,  "label" : "Smell_Source" }, 
    "11023" : {"_type" : "Span",  "sofa" : 1,  "begin" : 3695,  "end" : 3710,  "label" : "Quality" }, 
    "11040" : {"_type" : "Span",  "sofa" : 1,  "begin" : 3717,  "end" : 3758,  "label" : "Evoked_Odorant" } } }