#FORMAT=WebAnno TSV 3.3
#T_SP=custom.Span|label
#T_RL=custom.Relation|label|BT_custom.Span


#Text=unt, quique otium grauio
#Text=
#Text=ribus curis fubreptum, in 1 literis honeftè transigunt, s, kearpant, fugillent , & per S
#Text=
#Text=specie m laudis callida obe i trectatione lacerent.
1-1	2-5	unt	_	_	_	
1-2	5-6	,	_	_	_	
1-3	7-13	quique	_	_	_	
1-4	14-19	otium	_	_	_	
1-5	20-26	grauio	_	_	_	
1-6	28-33	ribus	_	_	_	
1-7	34-39	curis	_	_	_	
1-8	40-49	fubreptum	_	_	_	
1-9	49-50	,	_	_	_	
1-10	51-53	in	_	_	_	
1-11	54-55	1	_	_	_	
1-12	56-63	literis	_	_	_	
1-13	64-71	honeftè	_	_	_	
1-14	72-82	transigunt	_	_	_	
1-15	82-83	,	_	_	_	
1-16	84-85	s	_	_	_	
1-17	85-86	,	_	_	_	
1-18	87-95	kearpant	_	_	_	
1-19	95-96	,	_	_	_	
1-20	97-106	fugillent	_	_	_	
1-21	107-108	,	_	_	_	
1-22	109-110	&	_	_	_	
1-23	111-114	per	_	_	_	
1-24	115-116	S	_	_	_	
1-25	118-124	specie	_	_	_	
1-26	125-126	m	_	_	_	
1-27	127-133	laudis	_	_	_	
1-28	134-141	callida	_	_	_	
1-29	142-145	obe	_	_	_	
1-30	146-147	i	_	_	_	
1-31	148-159	trectatione	_	_	_	
1-32	160-168	lacerent	_	_	_	
1-33	168-169	.	_	_	_	

#Text=NimiDrum quiduis aliud, cui de
#Text=
#Text=trahere veheméter student, : honorificè tribuunt, quàm
#Text=
#Text=practicae medicinae scien
#Text=
#Text=ciam.
#Text=optimos eius mores 21 · imprimis vafrè, & malitio.
2-1	170-178	NimiDrum	_	_	_	
2-2	179-186	quiduis	_	_	_	
2-3	187-192	aliud	_	_	_	
2-4	192-193	,	_	_	_	
2-5	194-197	cui	_	_	_	
2-6	198-200	de	_	_	_	
2-7	202-209	trahere	_	_	_	
2-8	210-219	veheméter	_	_	_	
2-9	220-227	student	_	_	_	
2-10	227-228	,	_	_	_	
2-11	229-230	:	_	_	_	
2-12	231-241	honorificè	_	_	_	
2-13	242-250	tribuunt	_	_	_	
2-14	250-251	,	_	_	_	
2-15	252-256	quàm	_	_	_	
2-16	258-267	practicae	_	_	_	
2-17	268-277	medicinae	_	_	_	
2-18	278-283	scien	_	_	_	
2-19	285-289	ciam	_	_	_	
2-20	289-290	.	_	_	_	
2-21	291-298	optimos	_	_	_	
2-22	299-303	eius	_	_	_	
2-23	304-309	mores	_	_	_	
2-24	310-312	21	_	_	_	
2-25	313-314	·	_	_	_	
2-26	315-323	imprimis	_	_	_	
2-27	324-329	vafrè	_	_	_	
2-28	329-330	,	_	_	_	
2-29	331-332	&	_	_	_	
2-30	333-340	malitio	_	_	_	
2-31	340-341	.	_	_	_	

#Text=А
#Text=
#Text=3
#Text=
#Text=
#Text=
#Text=se
#Text=
#Text=
#Text=
#Text=m
#Text=
#Text=
#Text=
#Text=
#Text=
#Text=sè commendant, fummum ingenium , induftriam sin gularem , omnisque generis literaturam laudant, exornant, amplificant ; & , fi Dijs placet , etiam ad caclum extollunt.
3-1	342-343	А	_	_	_	
3-2	345-346	3	_	_	_	
3-3	350-352	se	_	_	_	
3-4	356-357	m	_	_	_	
3-5	363-365	sè	_	_	_	
3-6	366-376	commendant	_	_	_	
3-7	376-377	,	_	_	_	
3-8	378-384	fummum	_	_	_	
3-9	385-393	ingenium	_	_	_	
3-10	394-395	,	_	_	_	
3-11	396-406	induftriam	_	_	_	
3-12	407-410	sin	_	_	_	
3-13	411-418	gularem	_	_	_	
3-14	419-420	,	_	_	_	
3-15	421-429	omnisque	_	_	_	
3-16	430-437	generis	_	_	_	
3-17	438-449	literaturam	_	_	_	
3-18	450-457	laudant	_	_	_	
3-19	457-458	,	_	_	_	
3-20	459-467	exornant	_	_	_	
3-21	467-468	,	_	_	_	
3-22	469-480	amplificant	_	_	_	
3-23	481-482	;	_	_	_	
3-24	483-484	&	_	_	_	
3-25	485-486	,	_	_	_	
3-26	487-489	fi	_	_	_	
3-27	490-494	Dijs	_	_	_	
3-28	495-501	placet	_	_	_	
3-29	502-503	,	_	_	_	
3-30	504-509	etiam	_	_	_	
3-31	510-512	ad	_	_	_	
3-32	513-519	caclum	_	_	_	
3-33	520-529	extollunt	_	_	_	
3-34	529-530	.	_	_	_	

#Text=Sed vnüm illud, inquiunt( en venenī, simulatis laudibus & ad nocendum compofitis tectum)in eo viro dolendum effe, Genium nempe & ingenium literis addictum & inuolutum , atque a medicina facienda animum pro. inde alienarum.
4-1	531-534	Sed	_	_	_	
4-2	535-539	vnüm	_	_	_	
4-3	540-545	illud	_	_	_	
4-4	545-546	,	_	_	_	
4-5	547-555	inquiunt	_	_	_	
4-6	555-556	(	_	_	_	
4-7	557-559	en	_	_	_	
4-8	560-566	venenī	_	_	_	
4-9	566-567	,	_	_	_	
4-10	568-577	simulatis	_	_	_	
4-11	578-586	laudibus	_	_	_	
4-12	587-588	&	_	_	_	
4-13	589-591	ad	_	_	_	
4-14	592-600	nocendum	_	_	_	
4-15	601-611	compofitis	_	_	_	
4-16	612-618	tectum	_	_	_	
4-17	618-619	)	_	_	_	
4-18	619-621	in	_	_	_	
4-19	622-624	eo	_	_	_	
4-20	625-629	viro	_	_	_	
4-21	630-638	dolendum	_	_	_	
4-22	639-643	effe	_	_	_	
4-23	643-644	,	_	_	_	
4-24	645-651	Genium	_	_	_	
4-25	652-657	nempe	_	_	_	
4-26	658-659	&	_	_	_	
4-27	660-668	ingenium	_	_	_	
4-28	669-676	literis	_	_	_	
4-29	677-685	addictum	_	_	_	
4-30	686-687	&	_	_	_	
4-31	688-697	inuolutum	_	_	_	
4-32	698-699	,	_	_	_	
4-33	700-705	atque	_	_	_	
4-34	706-707	a	_	_	_	
4-35	708-716	medicina	_	_	_	
4-36	717-725	facienda	_	_	_	
4-37	726-732	animum	_	_	_	
4-38	733-736	pro	_	_	_	
4-39	736-737	.	_	_	_	
4-40	738-742	inde	_	_	_	
4-41	743-752	alienarum	_	_	_	
4-42	752-753	.	_	_	_	

#Text=Mehercule hi longè nequiores func Pompeij Magni obtrectatoribus, qui cum in puriffi
#Text=
#Text=
#Text=
#Text=ma
#Text=
#Text=
#Text=
#Text=
#Text=
#Text=1
#Text=
#Text=
#Text=
#Text=ma eius vita nullam reperi-
#Text=
#Text=rent labem , qua culparent
#Text=
#Text=eum, atque perstringerent,
#Text=
#Text=
#Text=
#Text=eo tantùm nomine accusadi runt, quòd Digito caput scal Ammianus
#Text=
#Text=peret.
5-1	754-763	Mehercule	_	_	_	
5-2	764-766	hi	_	_	_	
5-3	767-772	longè	_	_	_	
5-4	773-782	nequiores	_	_	_	
5-5	783-787	func	_	_	_	
5-6	788-795	Pompeij	_	_	_	
5-7	796-801	Magni	_	_	_	
5-8	802-817	obtrectatoribus	_	_	_	
5-9	817-818	,	_	_	_	
5-10	819-822	qui	_	_	_	
5-11	823-826	cum	_	_	_	
5-12	827-829	in	_	_	_	
5-13	830-837	puriffi	_	_	_	
5-14	841-843	ma	_	_	_	
5-15	849-850	1	_	_	_	
5-16	854-856	ma	_	_	_	
5-17	857-861	eius	_	_	_	
5-18	862-866	vita	_	_	_	
5-19	867-873	nullam	_	_	_	
5-20	874-880	reperi	_	_	_	
5-21	880-881	-	_	_	_	
5-22	883-887	rent	_	_	_	
5-23	888-893	labem	_	_	_	
5-24	894-895	,	_	_	_	
5-25	896-899	qua	_	_	_	
5-26	900-909	culparent	_	_	_	
5-27	911-914	eum	_	_	_	
5-28	914-915	,	_	_	_	
5-29	916-921	atque	_	_	_	
5-30	922-936	perstringerent	_	_	_	
5-31	936-937	,	_	_	_	
5-32	941-943	eo	_	_	_	
5-33	944-950	tantùm	_	_	_	
5-34	951-957	nomine	_	_	_	
5-35	958-966	accusadi	_	_	_	
5-36	967-971	runt	_	_	_	
5-37	971-972	,	_	_	_	
5-38	973-977	quòd	_	_	_	
5-39	978-984	Digito	_	_	_	
5-40	985-990	caput	_	_	_	
5-41	991-995	scal	_	_	_	
5-42	996-1004	Ammianus	_	_	_	
5-43	1006-1011	peret	_	_	_	
5-44	1011-1012	.	_	_	_	

#Text=Sed hos, similesque, lib. 3v11.
#Text=nebulones Dij monerint me.
6-1	1013-1016	Sed	_	_	_	
6-2	1017-1020	hos	_	_	_	
6-3	1020-1021	,	_	_	_	
6-4	1022-1032	similesque	_	_	_	
6-5	1032-1033	,	_	_	_	
6-6	1034-1037	lib	_	_	_	
6-7	1037-1038	.	_	_	_	
6-8	1039-1043	3v11	_	_	_	
6-9	1043-1044	.	_	_	_	
6-10	1045-1054	nebulones	_	_	_	
6-11	1055-1058	Dij	_	_	_	
6-12	1059-1067	monerint	_	_	_	
6-13	1068-1070	me	_	_	_	
6-14	1070-1071	.	_	_	_	

#Text=Pacuuius
#Text=
#Text=in Chrysc.
#Text=liora atque amentiam auerruncafAnt.
7-1	1072-1080	Pacuuius	_	_	_	
7-2	1082-1084	in	_	_	_	
7-3	1085-1091	Chrysc	_	_	_	
7-4	1091-1092	.	_	_	_	
7-5	1093-1098	liora	_	_	_	
7-6	1099-1104	atque	_	_	_	
7-7	1105-1113	amentiam	_	_	_	
7-8	1114-1127	auerruncafAnt	_	_	_	
7-9	1127-1128	.	_	_	_	

#Text=Qui verò fortes, & cupidi fumus Amici , quod fa- Ennius in Jumest futile,nos feramus fortiter.
8-1	1129-1132	Qui	_	_	_	
8-2	1133-1137	verò	_	_	_	
8-3	1138-1144	fortes	_	_	_	
8-4	1144-1145	,	_	_	_	
8-5	1146-1147	&	_	_	_	
8-6	1148-1154	cupidi	_	_	_	
8-7	1155-1160	fumus	_	_	_	
8-8	1161-1166	Amici	_	_	_	
8-9	1167-1168	,	_	_	_	
8-10	1169-1173	quod	_	_	_	
8-11	1174-1176	fa	_	_	_	
8-12	1176-1177	-	_	_	_	
8-13	1178-1184	Ennius	_	_	_	
8-14	1185-1187	in	_	_	_	
8-15	1188-1194	Jumest	_	_	_	
8-16	1195-1201	futile	_	_	_	
8-17	1201-1202	,	_	_	_	
8-18	1202-1205	nos	_	_	_	
8-19	1206-1213	feramus	_	_	_	
8-20	1214-1222	fortiter	_	_	_	
8-21	1222-1223	.	_	_	_	

#Text=Phoeniec neque enim fperandum est, yt eorum corrigatur natura: Ante, opinor,lupos rapient hac.
9-1	1224-1232	Phoeniec	_	_	_	
9-2	1233-1238	neque	_	_	_	
9-3	1239-1243	enim	_	_	_	
9-4	1244-1253	fperandum	_	_	_	
9-5	1254-1257	est	_	_	_	
9-6	1257-1258	,	_	_	_	
9-7	1259-1261	yt	_	_	_	
9-8	1262-1267	eorum	_	_	_	
9-9	1268-1278	corrigatur	_	_	_	
9-10	1279-1285	natura	_	_	_	
9-11	1285-1286	:	_	_	_	
9-12	1287-1291	Ante	_	_	_	
9-13	1291-1292	,	_	_	_	
9-14	1293-1299	opinor	_	_	_	
9-15	1299-1300	,	_	_	_	
9-16	1300-1305	lupos	_	_	_	
9-17	1306-1313	rapient	_	_	_	
9-18	1314-1317	hac	_	_	_	
9-19	1317-1318	.	_	_	_	

#Text=Valerius
#Text=
#Text=di, vituli ante leones;
#Text=
#Text=Delphini fugient pifces, aquilae
#Text=
#Text=
#Text=
#Text=ante columbas
#Text=
#Text=Feramus igitur, & factum
#Text=
#Text=infectú putemus.
10-1	1319-1327	Valerius	_	_	_	
10-2	1329-1331	di	_	_	_	
10-3	1331-1332	,	_	_	_	
10-4	1333-1339	vituli	_	_	_	
10-5	1340-1344	ante	_	_	_	
10-6	1345-1351	leones	_	_	_	
10-7	1351-1352	;	_	_	_	
10-8	1354-1362	Delphini	_	_	_	
10-9	1363-1370	fugient	_	_	_	
10-10	1371-1377	pifces	_	_	_	
10-11	1377-1378	,	_	_	_	
10-12	1379-1386	aquilae	_	_	_	
10-13	1390-1394	ante	_	_	_	
10-14	1395-1403	columbas	_	_	_	
10-15	1405-1412	Feramus	_	_	_	
10-16	1413-1419	igitur	_	_	_	
10-17	1419-1420	,	_	_	_	
10-18	1421-1422	&	_	_	_	
10-19	1423-1429	factum	_	_	_	
10-20	1431-1438	infectú	_	_	_	
10-21	1439-1446	putemus	_	_	_	
10-22	1446-1447	.	_	_	_	

#Text=Haec sūt,
#Text=
#Text=
#Text=
#Text=
#Text=
#Text=Cato in
#Text=
#Text=Diris
#Text=
#Text=
#Text=
#Text=
#Text=
#Text=Lector; quae me a fcribédo deterrebát ac planè dehor.
#Text=tabátur:fed multorum suafionibus victus , Phylologica de Odoribus exploratum praemittere decreui, vt his, quid improbi, quid probi cenfeant, renunciátibus, de Physico Odorum Commen.
#Text=tario,cum ab affiduis medi cinae faciendae occupationibus aliquid otij impetrare potero , arctissimumque illud vinculum (heu medicorum conditio) quocuran dis aegrotis adstringimur, paululum laxare per salubritatem annique tempus licebit, statuere poffim,
#Text=
#Text=
#Text=
#Text=
#Text=
#Text=n
#Text=
#Text=
#Text=
#Text=Triplex autem de Balfamo hic philologicè potius, quàm phyficè tractandas quaestio eit: prima An bene iucundèque oleat: altera, Aria
#Text=
#Text=ture , myrrha, ceterisque fimilibus i fuauiorem spiret odorem ; tertia,
#Text=
#Text=An iucundiùs oleat ambra, moa
#Text=
#Text=Scho, zibethoi Hi
#Text=
#Text=De prima ica censeo:Qui negat(negat autem non Vnus) balla mum benè fuauiterque olere, profectò meridie
#Text=
#Text=Oftendi solem poftulat ille fibi.
11-1	1448-1452	Haec	_	_	_	
11-2	1453-1456	sūt	_	_	_	
11-3	1456-1457	,	_	_	_	
11-4	1463-1467	Cato	_	_	_	
11-5	1468-1470	in	_	_	_	
11-6	1472-1477	Diris	_	_	_	
11-7	1483-1489	Lector	_	_	_	
11-8	1489-1490	;	_	_	_	
11-9	1491-1495	quae	_	_	_	
11-10	1496-1498	me	_	_	_	
11-11	1499-1500	a	_	_	_	
11-12	1501-1509	fcribédo	_	_	_	
11-13	1510-1520	deterrebát	_	_	_	
11-14	1521-1523	ac	_	_	_	
11-15	1524-1529	planè	_	_	_	
11-16	1530-1535	dehor	_	_	_	
11-17	1535-1536	.	_	_	_	
11-18	1537-1544	tabátur	_	_	_	
11-19	1544-1545	:	_	_	_	
11-20	1545-1548	fed	_	_	_	
11-21	1549-1557	multorum	_	_	_	
11-22	1558-1569	suafionibus	_	_	_	
11-23	1570-1576	victus	_	_	_	
11-24	1577-1578	,	_	_	_	
11-25	1579-1590	Phylologica	_	_	_	
11-26	1591-1593	de	_	_	_	
11-27	1594-1602	Odoribus	Smell\_Word	_	_	
11-28	1603-1613	exploratum	_	_	_	
11-29	1614-1625	praemittere	_	_	_	
11-30	1626-1633	decreui	_	_	_	
11-31	1633-1634	,	_	_	_	
11-32	1635-1637	vt	_	_	_	
11-33	1638-1641	his	_	_	_	
11-34	1641-1642	,	_	_	_	
11-35	1643-1647	quid	_	_	_	
11-36	1648-1655	improbi	_	_	_	
11-37	1655-1656	,	_	_	_	
11-38	1657-1661	quid	_	_	_	
11-39	1662-1667	probi	_	_	_	
11-40	1668-1676	cenfeant	_	_	_	
11-41	1676-1677	,	_	_	_	
11-42	1678-1691	renunciátibus	_	_	_	
11-43	1691-1692	,	_	_	_	
11-44	1693-1695	de	_	_	_	
11-45	1696-1703	Physico	_	_	_	
11-46	1704-1710	Odorum	Smell\_Word	_	_	
11-47	1711-1717	Commen	_	_	_	
11-48	1717-1718	.	_	_	_	
11-49	1719-1724	tario	_	_	_	
11-50	1724-1725	,	_	_	_	
11-51	1725-1728	cum	_	_	_	
11-52	1729-1731	ab	_	_	_	
11-53	1732-1740	affiduis	_	_	_	
11-54	1741-1745	medi	_	_	_	
11-55	1746-1751	cinae	_	_	_	
11-56	1752-1761	faciendae	_	_	_	
11-57	1762-1776	occupationibus	_	_	_	
11-58	1777-1784	aliquid	_	_	_	
11-59	1785-1789	otij	_	_	_	
11-60	1790-1799	impetrare	_	_	_	
11-61	1800-1806	potero	_	_	_	
11-62	1807-1808	,	_	_	_	
11-63	1809-1823	arctissimumque	_	_	_	
11-64	1824-1829	illud	_	_	_	
11-65	1830-1838	vinculum	_	_	_	
11-66	1839-1840	(	_	_	_	
11-67	1840-1843	heu	_	_	_	
11-68	1844-1853	medicorum	_	_	_	
11-69	1854-1862	conditio	_	_	_	
11-70	1862-1863	)	_	_	_	
11-71	1864-1872	quocuran	_	_	_	
11-72	1873-1876	dis	_	_	_	
11-73	1877-1885	aegrotis	_	_	_	
11-74	1886-1898	adstringimur	_	_	_	
11-75	1898-1899	,	_	_	_	
11-76	1900-1908	paululum	_	_	_	
11-77	1909-1915	laxare	_	_	_	
11-78	1916-1919	per	_	_	_	
11-79	1920-1932	salubritatem	_	_	_	
11-80	1933-1940	annique	_	_	_	
11-81	1941-1947	tempus	_	_	_	
11-82	1948-1955	licebit	_	_	_	
11-83	1955-1956	,	_	_	_	
11-84	1957-1965	statuere	_	_	_	
11-85	1966-1972	poffim	_	_	_	
11-86	1972-1973	,	_	_	_	
11-87	1979-1980	n	_	_	_	
11-88	1984-1991	Triplex	_	_	_	
11-89	1992-1997	autem	_	_	_	
11-90	1998-2000	de	_	_	_	
11-91	2001-2008	Balfamo	Smell\_Source	_	_	
11-92	2009-2012	hic	_	_	_	
11-93	2013-2024	philologicè	_	_	_	
11-94	2025-2031	potius	_	_	_	
11-95	2031-2032	,	_	_	_	
11-96	2033-2037	quàm	_	_	_	
11-97	2038-2045	phyficè	_	_	_	
11-98	2046-2056	tractandas	_	_	_	
11-99	2057-2065	quaestio	_	_	_	
11-100	2066-2069	eit	_	_	_	
11-101	2069-2070	:	_	_	_	
11-102	2071-2076	prima	_	_	_	
11-103	2077-2079	An	_	_	_	
11-104	2080-2084	bene	Quality[1]	_	_	
11-105	2085-2095	iucundèque	Quality[1]	_	_	
11-106	2096-2101	oleat	Smell\_Word	*|*	11-104[1_0]|11-91	
11-107	2101-2102	:	_	_	_	
11-108	2103-2109	altera	_	_	_	
11-109	2109-2110	,	_	_	_	
11-110	2111-2115	Aria	_	_	_	
11-111	2117-2121	ture	Smell\_Source[2]	_	_	
11-112	2122-2123	,	Smell\_Source[2]	_	_	
11-113	2124-2130	myrrha	Smell\_Source[2]	_	_	
11-114	2130-2131	,	Smell\_Source[2]	_	_	
11-115	2132-2142	ceterisque	Smell\_Source[2]	_	_	
11-116	2143-2152	fimilibus	Smell\_Source[2]	_	_	
11-117	2153-2154	i	_	_	_	
11-118	2155-2164	fuauiorem	Quality	_	_	
11-119	2165-2171	spiret	Smell\_Word	*|*|*|*	11-120|11-118|11-91|11-111[2_0]	
11-120	2172-2178	odorem	Smell\_Source	_	_	
11-121	2179-2180	;	_	_	_	
11-122	2181-2187	tertia	_	_	_	
11-123	2187-2188	,	_	_	_	
11-124	2190-2192	An	_	_	_	
11-125	2193-2202	iucundiùs	Quality	_	_	
11-126	2203-2208	oleat	Smell\_Word	*|*|*	11-125|11-91|11-127[3_0]	
11-127	2209-2214	ambra	Smell\_Source[3]	_	_	
11-128	2214-2215	,	Smell\_Source[3]	_	_	
11-129	2216-2219	moa	Smell\_Source[3]	_	_	
11-130	2221-2225	Scho	Smell\_Source[3]	_	_	
11-131	2225-2226	,	Smell\_Source[3]	_	_	
11-132	2227-2235	zibethoi	Smell\_Source[3]	_	_	
11-133	2236-2238	Hi	_	_	_	
11-134	2240-2242	De	_	_	_	
11-135	2243-2248	prima	_	_	_	
11-136	2249-2252	ica	_	_	_	
11-137	2253-2259	censeo	_	_	_	
11-138	2259-2260	:	_	_	_	
11-139	2260-2263	Qui	_	_	_	
11-140	2264-2269	negat	_	_	_	
11-141	2269-2270	(	_	_	_	
11-142	2270-2275	negat	_	_	_	
11-143	2276-2281	autem	_	_	_	
11-144	2282-2285	non	_	_	_	
11-145	2286-2290	Vnus	_	_	_	
11-146	2290-2291	)	_	_	_	
11-147	2292-2297	balla	Smell\_Source[4]	_	_	
11-148	2298-2301	mum	Smell\_Source[4]	_	_	
11-149	2302-2306	benè	Quality[5]	_	_	
11-150	2307-2318	fuauiterque	Quality[5]	_	_	
11-151	2319-2324	olere	Smell\_Word	*|*	11-149[5_0]|11-147[4_0]	
11-152	2324-2325	,	_	_	_	
11-153	2326-2334	profectò	_	_	_	
11-154	2335-2342	meridie	_	_	_	
11-155	2344-2351	Oftendi	_	_	_	
11-156	2352-2357	solem	_	_	_	
11-157	2358-2366	poftulat	_	_	_	
11-158	2367-2371	ille	_	_	_	
11-159	2372-2376	fibi	_	_	_	
11-160	2376-2377	.	_	_	_	

#Text=Ballami on er, ná antiqui omnes, omnes dor eximi,
#Text=
#Text=us ex antig que recentiores , qui bal- quis , famum tractarunt, odorem eius maximè commědant,
#Text=
#Text=Ale
#Text=
#Text=
#Text=
#Text=
#Text=
#Text=lu
#Text=
#Text=
#Text=
#Text=
#Text=
#Text=cap.XXXIIX
#Text=
#Text=
#Text=
#Text=
#Text=
#Text=Alexander Magnus in epi.
#Text=ftola ad Aristotelem scribit fe vidisse Balfamum cum opti
#Text=
#Text=mo odores : Andromachus Lib. i. de apud Galenum, Qdoribus,ait, Antidot.
#Text=inclyta femper Balfama: TheoLib.9.Hit.
#Text=phrastus, ballanium Oderem
#Text=
#Text=infert eximium, & copiofums: Polyhist.
12-1	2378-2385	Ballami	Smell\_Source	_	_	
12-2	2386-2388	on	Smell\_Word	Same\_span|*|*	12-10|12-1|12-11[7_0]	
12-3	2389-2391	er	_	_	_	
12-4	2391-2392	,	_	_	_	
12-5	2393-2395	ná	Time[6]	Same\_span	12-16[8_6]	
12-6	2396-2403	antiqui	Time[6]	_	_	
12-7	2404-2409	omnes	Time[6]	_	_	
12-8	2409-2410	,	Time[6]	_	_	
12-9	2411-2416	omnes	Time[6]	_	_	
12-10	2417-2420	dor	Smell\_Word	_	_	
12-11	2421-2426	eximi	Quality[7]	_	_	
12-12	2426-2427	,	Quality[7]	_	_	
12-13	2429-2431	us	Quality[7]	_	_	
12-14	2432-2434	ex	_	_	_	
12-15	2435-2440	antig	_	_	_	
12-16	2441-2444	que	Time[8]	_	_	
12-17	2445-2456	recentiores	Time[8]	_	_	
12-18	2457-2458	,	_	_	_	
12-19	2459-2462	qui	_	_	_	
12-20	2463-2466	bal	Smell\_Source[9]	Same\_span	12-24[0_9]	
12-21	2466-2467	-	Smell\_Source[9]	_	_	
12-22	2468-2472	quis	_	_	_	
12-23	2473-2474	,	_	_	_	
12-24	2475-2480	famum	Smell\_Source	_	_	
12-25	2481-2491	tractarunt	_	_	_	
12-26	2491-2492	,	_	_	_	
12-27	2493-2499	odorem	Smell\_Word	*|*	12-28|12-5[6_0]	
12-28	2500-2504	eius	Smell\_Source	Anaphoric	12-20[9_0]	
12-29	2505-2511	maximè	_	_	_	
12-30	2512-2521	commědant	_	_	_	
12-31	2521-2522	,	_	_	_	
12-32	2524-2527	Ale	_	_	_	
12-33	2533-2535	lu	_	_	_	
12-34	2541-2551	cap.XXXIIX	_	_	_	
12-35	2557-2566	Alexander	Perceiver[10]	_	_	
12-36	2567-2573	Magnus	Perceiver[10]	_	_	
12-37	2574-2576	in	_	_	_	
12-38	2577-2580	epi	_	_	_	
12-39	2580-2581	.	_	_	_	
12-40	2582-2587	ftola	_	_	_	
12-41	2588-2590	ad	_	_	_	
12-42	2591-2602	Aristotelem	_	_	_	
12-43	2603-2610	scribit	_	_	_	
12-44	2611-2613	fe	_	_	_	
12-45	2614-2621	vidisse	_	_	_	
12-46	2622-2630	Balfamum	_	_	_	
12-47	2631-2634	cum	_	_	_	
12-48	2635-2639	opti	Quality[11]	_	_	
12-49	2641-2643	mo	Quality[11]	_	_	
12-50	2644-2650	odores	Smell\_Word	*|*	12-48[11_0]|12-35[10_0]	
12-51	2651-2652	:	_	_	_	
12-52	2653-2664	Andromachus	_	_	_	
12-53	2665-2668	Lib	_	_	_	
12-54	2668-2669	.	_	_	_	
12-55	2670-2671	i	_	_	_	
12-56	2671-2672	.	_	_	_	
12-57	2673-2675	de	_	_	_	
12-58	2676-2680	apud	_	_	_	
12-59	2681-2688	Galenum	_	_	_	
12-60	2688-2689	,	_	_	_	
12-61	2690-2698	Qdoribus	Smell\_Word	*|*	12-69|12-68	
12-62	2698-2699	,	_	_	_	
12-63	2699-2702	ait	_	_	_	
12-64	2702-2703	,	_	_	_	
12-65	2704-2711	Antidot	_	_	_	
12-66	2711-2712	.	Smell\_Source[12]	_	_	
12-67	2713-2720	inclyta	Smell\_Source[12]	_	_	
12-68	2721-2727	femper	Time	_	_	
12-69	2728-2735	Balfama	Smell\_Source	Same\_span	12-66[12_0]	
12-70	2735-2736	:	_	_	_	
12-71	2737-2744	TheoLib	_	_	_	
12-72	2744-2746	.9	_	_	_	
12-73	2746-2747	.	_	_	_	
12-74	2747-2750	Hit	_	_	_	
12-75	2750-2751	.	_	_	_	
12-76	2752-2760	phrastus	_	_	_	
12-77	2760-2761	,	_	_	_	
12-78	2762-2771	ballanium	Smell\_Source	_	_	
12-79	2772-2778	Oderem	Smell\_Word	*|*	12-81[13_0]|12-78	
12-80	2780-2786	infert	_	_	_	
12-81	2787-2794	eximium	Quality[13]	_	_	
12-82	2794-2795	,	Quality[13]	_	_	
12-83	2796-2797	&	Quality[13]	_	_	
12-84	2798-2807	copiofums	Quality[13]	_	_	
12-85	2807-2808	:	_	_	_	
12-86	2809-2817	Polyhist	_	_	_	
12-87	2817-2818	.	_	_	_	
