#FORMAT=WebAnno TSV 3.3
#T_SP=custom.Span|label
#T_RL=custom.Relation|label|BT_custom.Span


#Text=Ni-
#Text=derlaͤndiſch/ Hadickboom/ Adick.
1-1	2-4	Ni	_	_	_	
1-2	4-5	-	_	_	_	
1-3	6-18	derlaͤndiſch	_	_	_	
1-4	18-19	/	_	_	_	
1-5	20-30	Hadickboom	_	_	_	
1-6	30-31	/	_	_	_	
1-7	32-37	Adick	_	_	_	
1-8	37-38	.	_	_	_	

#Text=Geſtalt.
2-1	42-49	Geſtalt	_	_	_	
2-2	49-50	.	_	_	_	

#Text=Der Attich iſt dem Holder an geſtalt und
#Text=geruch faſt gleich/ doch kleiner/ hat ein weiſ-
#Text=ſe/ kriechende wurtzel/ eines fingers dick/
#Text=auß
#Text=welcher runde ſtengel wachſen/
#Text=faſt eines
#Text=Manns hoh/ und voll marcks/
#Text=zu beyden
#Text=ſeiten mit groſſen ſchwartz-gruͤnen blaͤtteren
#Text=
#Text=beſetzt/ wie die Holder-blaͤtter/ deren etwan
#Text=
#Text=5. oder 7. an einem ſtiel gegen einander ſte-
#Text=
#Text=hen/ eines uͤbeln ſtarcken geruchs.
3-1	53-56	Der	Smell\_Source[1]	_	_	
3-2	57-63	Attich	Smell\_Source[1]	_	_	
3-3	64-67	iſt	_	_	_	
3-4	68-71	dem	_	_	_	
3-5	72-78	Holder	Evoked\_Odorant	_	_	
3-6	79-81	an	_	_	_	
3-7	82-89	geſtalt	_	_	_	
3-8	90-93	und	_	_	_	
3-9	94-100	geruch	Smell\_Word	*|*	3-1[1_0]|3-5	
3-10	101-105	faſt	_	_	_	
3-11	106-112	gleich	_	_	_	
3-12	112-113	/	_	_	_	
3-13	114-118	doch	_	_	_	
3-14	119-126	kleiner	_	_	_	
3-15	126-127	/	_	_	_	
3-16	128-131	hat	_	_	_	
3-17	132-135	ein	_	_	_	
3-18	136-140	weiſ	_	_	_	
3-19	140-141	-	_	_	_	
3-20	142-144	ſe	_	_	_	
3-21	144-145	/	_	_	_	
3-22	146-156	kriechende	_	_	_	
3-23	157-164	wurtzel	_	_	_	
3-24	164-165	/	_	_	_	
3-25	166-171	eines	_	_	_	
3-26	172-179	fingers	_	_	_	
3-27	180-184	dick	_	_	_	
3-28	184-185	/	_	_	_	
3-29	186-189	auß	_	_	_	
3-30	190-197	welcher	_	_	_	
3-31	198-203	runde	_	_	_	
3-32	204-211	ſtengel	_	_	_	
3-33	212-219	wachſen	_	_	_	
3-34	219-220	/	_	_	_	
3-35	221-225	faſt	_	_	_	
3-36	226-231	eines	_	_	_	
3-37	232-237	Manns	_	_	_	
3-38	238-241	hoh	_	_	_	
3-39	241-242	/	_	_	_	
3-40	243-246	und	_	_	_	
3-41	247-251	voll	_	_	_	
3-42	252-258	marcks	_	_	_	
3-43	258-259	/	_	_	_	
3-44	260-262	zu	_	_	_	
3-45	263-269	beyden	_	_	_	
3-46	270-276	ſeiten	_	_	_	
3-47	277-280	mit	_	_	_	
3-48	281-288	groſſen	_	_	_	
3-49	289-305	ſchwartz-gruͤnen	_	_	_	
3-50	306-316	blaͤtteren	_	_	_	
3-51	318-325	beſetzt	_	_	_	
3-52	325-326	/	_	_	_	
3-53	327-330	wie	_	_	_	
3-54	331-334	die	_	_	_	
3-55	335-350	Holder-blaͤtter	_	_	_	
3-56	350-351	/	_	_	_	
3-57	352-357	deren	_	_	_	
3-58	358-363	etwan	_	_	_	
3-59	365-366	5	_	_	_	
3-60	366-367	.	_	_	_	
3-61	368-372	oder	_	_	_	
3-62	373-374	7	_	_	_	
3-63	374-375	.	_	_	_	
3-64	376-378	an	_	_	_	
3-65	379-384	einem	_	_	_	
3-66	385-390	ſtiel	_	_	_	
3-67	391-396	gegen	_	_	_	
3-68	397-405	einander	_	_	_	
3-69	406-409	ſte	_	_	_	
3-70	409-410	-	_	_	_	
3-71	412-415	hen	_	_	_	
3-72	415-416	/	_	_	_	
3-73	417-422	eines	_	_	_	
3-74	423-429	uͤbeln	Quality[2]	_	_	
3-75	430-438	ſtarcken	Quality[2]	_	_	
3-76	439-446	geruchs	Smell\_Word	*|*	3-74[2_0]|3-1[1_0]	
3-77	446-447	.	_	_	_	

#Text=Oben am
#Text=ſtengel
#Text=uͤberkombt er wie an dem Holder ſei-
#Text=ne weiſſe gekroͤnte bluͤmlein/ mit wenig pur-
#Text=pur-farb vermiſcht/ die viel lieblicher als die
#Text=Holder-bluͤht riechen/
#Text=auß welchen in dem
#Text=Augſt- und Herbſt-monat runde ſchwartze
#Text=beerlein werden.
4-1	448-452	Oben	_	_	_	
4-2	453-455	am	_	_	_	
4-3	456-463	ſtengel	_	_	_	
4-4	464-474	uͤberkombt	_	_	_	
4-5	475-477	er	_	_	_	
4-6	478-481	wie	_	_	_	
4-7	482-484	an	_	_	_	
4-8	485-488	dem	_	_	_	
4-9	489-495	Holder	_	_	_	
4-10	496-499	ſei	_	_	_	
4-11	499-500	-	_	_	_	
4-12	501-503	ne	_	_	_	
4-13	504-510	weiſſe	_	_	_	
4-14	511-520	gekroͤnte	_	_	_	
4-15	521-530	bluͤmlein	Smell\_Source	_	_	
4-16	530-531	/	_	_	_	
4-17	532-535	mit	_	_	_	
4-18	536-541	wenig	_	_	_	
4-19	542-545	pur	_	_	_	
4-20	545-546	-	_	_	_	
4-21	547-555	pur-farb	_	_	_	
4-22	556-565	vermiſcht	_	_	_	
4-23	565-566	/	_	_	_	
4-24	567-570	die	_	_	_	
4-25	571-575	viel	Quality[3]	_	_	
4-26	576-586	lieblicher	Quality[3]	_	_	
4-27	587-590	als	Quality[3]	_	_	
4-28	591-594	die	Quality[3]	_	_	
4-29	595-608	Holder-bluͤht	Quality[3]	_	_	
4-30	609-616	riechen	Smell\_Word	*|*	4-25[3_0]|4-15	
4-31	616-617	/	_	_	_	
4-32	618-621	auß	_	_	_	
4-33	622-629	welchen	_	_	_	
4-34	630-632	in	_	_	_	
4-35	633-636	dem	_	_	_	
4-36	637-642	Augſt	_	_	_	
4-37	642-643	-	_	_	_	
4-38	644-647	und	_	_	_	
4-39	648-660	Herbſt-monat	_	_	_	
4-40	661-666	runde	_	_	_	
4-41	667-676	ſchwartze	_	_	_	
4-42	677-685	beerlein	_	_	_	
4-43	686-692	werden	_	_	_	
4-44	692-693	.	_	_	_	

#Text=Er iſt an etlichen orten gar
#Text=gemein/ und bluͤhet im Brachmonat/
#Text=wach-
#Text=ſet viel an gemeinen Wegen.
5-1	694-696	Er	_	_	_	
5-2	697-700	iſt	_	_	_	
5-3	701-703	an	_	_	_	
5-4	704-712	etlichen	_	_	_	
5-5	713-718	orten	_	_	_	
5-6	719-722	gar	_	_	_	
5-7	723-729	gemein	_	_	_	
5-8	729-730	/	_	_	_	
5-9	731-734	und	_	_	_	
5-10	735-742	bluͤhet	_	_	_	
5-11	743-745	im	_	_	_	
5-12	746-756	Brachmonat	_	_	_	
5-13	756-757	/	_	_	_	
5-14	758-762	wach	_	_	_	
5-15	762-763	-	_	_	_	
5-16	764-767	ſet	_	_	_	
5-17	768-772	viel	_	_	_	
5-18	773-775	an	_	_	_	
5-19	776-784	gemeinen	_	_	_	
5-20	785-790	Wegen	_	_	_	
5-21	790-791	.	_	_	_	

#Text=Es haben die alten Heyden Abgoͤtterey
#Text=mit den Attich-koͤrnern getrieben/ und ihre
#Text=Goͤtzen damit gemahlet/ auff daß ſie deſto
#Text=
#Text=gnaͤdiger ſeyen.
6-1	795-797	Es	_	_	_	
6-2	798-803	haben	_	_	_	
6-3	804-807	die	_	_	_	
6-4	808-813	alten	_	_	_	
6-5	814-820	Heyden	_	_	_	
6-6	821-832	Abgoͤtterey	_	_	_	
6-7	833-836	mit	_	_	_	
6-8	837-840	den	_	_	_	
6-9	841-856	Attich-koͤrnern	_	_	_	
6-10	857-866	getrieben	_	_	_	
6-11	866-867	/	_	_	_	
6-12	868-871	und	_	_	_	
6-13	872-876	ihre	_	_	_	
6-14	877-884	Goͤtzen	_	_	_	
6-15	885-890	damit	_	_	_	
6-16	891-899	gemahlet	_	_	_	
6-17	899-900	/	_	_	_	
6-18	901-905	auff	_	_	_	
6-19	906-909	daß	_	_	_	
6-20	910-913	ſie	_	_	_	
6-21	914-919	deſto	_	_	_	
6-22	921-930	gnaͤdiger	_	_	_	
6-23	931-936	ſeyen	_	_	_	
6-24	936-937	.	_	_	_	

#Text=Nach dem Attich iſt die
#Text=rothe farb Minium auffkommen/ welche ſie
#Text=auff gleiche weiß gebrauchet/ daher Virgilius
#Text=ſpricht:
7-1	938-942	Nach	_	_	_	
7-2	943-946	dem	_	_	_	
7-3	947-953	Attich	_	_	_	
7-4	954-957	iſt	_	_	_	
7-5	958-961	die	_	_	_	
7-6	962-967	rothe	_	_	_	
7-7	968-972	farb	_	_	_	
7-8	973-979	Minium	_	_	_	
7-9	980-990	auffkommen	_	_	_	
7-10	990-991	/	_	_	_	
7-11	992-998	welche	_	_	_	
7-12	999-1002	ſie	_	_	_	
7-13	1003-1007	auff	_	_	_	
7-14	1008-1015	gleiche	_	_	_	
7-15	1016-1020	weiß	_	_	_	
7-16	1021-1031	gebrauchet	_	_	_	
7-17	1031-1032	/	_	_	_	
7-18	1033-1038	daher	_	_	_	
7-19	1039-1048	Virgilius	_	_	_	
7-20	1049-1056	ſpricht	_	_	_	
7-21	1056-1057	:	_	_	_	
