#FORMAT=WebAnno TSV 3.3
#T_SP=custom.Span|label
#T_RL=custom.Relation|label|BT_custom.Span


#Text=.
1-1	2-3	.	_	_	_	

#Text=DJe Naphtha/ oder Bitume limo-
#Text=neux, iſt ein Hartz oder Leimen, der
#Text=ſich in Europa an vielen Orten finden
#Text=laͤßt, und der Name Maltha iſt ihm
#Text=
#Text=zu voͤrderſt von einem Hartze gegeben
#Text=
#Text=worden, welches bey Comagena in
#Text=Sorien gefunden wird.
2-1	7-10	DJe	_	_	_	
2-2	11-18	Naphtha	_	_	_	
2-3	18-19	/	_	_	_	
2-4	20-24	oder	_	_	_	
2-5	25-31	Bitume	_	_	_	
2-6	32-36	limo	_	_	_	
2-7	36-37	-	_	_	_	
2-8	38-42	neux	_	_	_	
2-9	42-43	,	_	_	_	
2-10	44-47	iſt	_	_	_	
2-11	48-51	ein	_	_	_	
2-12	52-57	Hartz	_	_	_	
2-13	58-62	oder	_	_	_	
2-14	63-69	Leimen	_	_	_	
2-15	69-70	,	_	_	_	
2-16	71-74	der	_	_	_	
2-17	75-79	ſich	_	_	_	
2-18	80-82	in	_	_	_	
2-19	83-89	Europa	_	_	_	
2-20	90-92	an	_	_	_	
2-21	93-99	vielen	_	_	_	
2-22	100-105	Orten	_	_	_	
2-23	106-112	finden	_	_	_	
2-24	113-118	laͤßt	_	_	_	
2-25	118-119	,	_	_	_	
2-26	120-123	und	_	_	_	
2-27	124-127	der	_	_	_	
2-28	128-132	Name	_	_	_	
2-29	133-139	Maltha	_	_	_	
2-30	140-143	iſt	_	_	_	
2-31	144-147	ihm	_	_	_	
2-32	149-151	zu	_	_	_	
2-33	152-161	voͤrderſt	_	_	_	
2-34	162-165	von	_	_	_	
2-35	166-171	einem	_	_	_	
2-36	172-178	Hartze	_	_	_	
2-37	179-186	gegeben	_	_	_	
2-38	188-194	worden	_	_	_	
2-39	194-195	,	_	_	_	
2-40	196-203	welches	_	_	_	
2-41	204-207	bey	_	_	_	
2-42	208-216	Comagena	_	_	_	
2-43	217-219	in	_	_	_	
2-44	220-226	Sorien	_	_	_	
2-45	227-235	gefunden	_	_	_	
2-46	236-240	wird	_	_	_	
2-47	240-241	.	_	_	_	

#Text=Plinius
#Text=meldet, daß dieſes Hartz dermaſſen kle-
#Text=bricht ſey, daß es ſich an alles hencke,
#Text=was es nur antrifft: und daher ſoll
#Text=auch der Name Maltha entſtanden
#Text=ſeyn, denn man erzehlet, daß es den
#Text=von dem Lucullus belagerten Samo-
#Text=ſatenern trefflich zu ſtatten gekommen,
#Text=ſintemahl, ſobald nur ein Soldat von
#Text=dieſem
#Text=Leimen beruͤhret worden, habe
#Text=es alſobald in deſſen Waffen hinein ge-
#Text=brannt, und ſey nicht eher zu loͤſchen
#Text=
#Text=geweſen, bis man Erde drauf geworf-
#Text=fen:
#Text=denn alles Hartzes Eigenſchaft iſt,
#Text=ie mehr man Waſſer drauf geußt, ie
#Text=mehr entzuͤndet es ſich.
3-1	242-249	Plinius	_	_	_	
3-2	250-256	meldet	_	_	_	
3-3	256-257	,	_	_	_	
3-4	258-261	daß	_	_	_	
3-5	262-268	dieſes	_	_	_	
3-6	269-274	Hartz	_	_	_	
3-7	275-284	dermaſſen	_	_	_	
3-8	285-288	kle	_	_	_	
3-9	288-289	-	_	_	_	
3-10	290-296	bricht	_	_	_	
3-11	297-300	ſey	_	_	_	
3-12	300-301	,	_	_	_	
3-13	302-305	daß	_	_	_	
3-14	306-308	es	_	_	_	
3-15	309-313	ſich	_	_	_	
3-16	314-316	an	_	_	_	
3-17	317-322	alles	_	_	_	
3-18	323-329	hencke	_	_	_	
3-19	329-330	,	_	_	_	
3-20	331-334	was	_	_	_	
3-21	335-337	es	_	_	_	
3-22	338-341	nur	_	_	_	
3-23	342-350	antrifft	_	_	_	
3-24	350-351	:	_	_	_	
3-25	352-355	und	_	_	_	
3-26	356-361	daher	_	_	_	
3-27	362-366	ſoll	_	_	_	
3-28	367-371	auch	_	_	_	
3-29	372-375	der	_	_	_	
3-30	376-380	Name	_	_	_	
3-31	381-387	Maltha	_	_	_	
3-32	388-398	entſtanden	_	_	_	
3-33	399-403	ſeyn	_	_	_	
3-34	403-404	,	_	_	_	
3-35	405-409	denn	_	_	_	
3-36	410-413	man	_	_	_	
3-37	414-422	erzehlet	_	_	_	
3-38	422-423	,	_	_	_	
3-39	424-427	daß	_	_	_	
3-40	428-430	es	_	_	_	
3-41	431-434	den	_	_	_	
3-42	435-438	von	_	_	_	
3-43	439-442	dem	_	_	_	
3-44	443-451	Lucullus	_	_	_	
3-45	452-462	belagerten	_	_	_	
3-46	463-467	Samo	_	_	_	
3-47	467-468	-	_	_	_	
3-48	469-477	ſatenern	_	_	_	
3-49	478-487	trefflich	_	_	_	
3-50	488-490	zu	_	_	_	
3-51	491-498	ſtatten	_	_	_	
3-52	499-507	gekommen	_	_	_	
3-53	507-508	,	_	_	_	
3-54	509-518	ſintemahl	_	_	_	
3-55	518-519	,	_	_	_	
3-56	520-526	ſobald	_	_	_	
3-57	527-530	nur	_	_	_	
3-58	531-534	ein	_	_	_	
3-59	535-541	Soldat	_	_	_	
3-60	542-545	von	_	_	_	
3-61	546-552	dieſem	_	_	_	
3-62	553-559	Leimen	_	_	_	
3-63	560-569	beruͤhret	_	_	_	
3-64	570-576	worden	_	_	_	
3-65	576-577	,	_	_	_	
3-66	578-582	habe	_	_	_	
3-67	583-585	es	_	_	_	
3-68	586-594	alſobald	_	_	_	
3-69	595-597	in	_	_	_	
3-70	598-604	deſſen	_	_	_	
3-71	605-611	Waffen	_	_	_	
3-72	612-618	hinein	_	_	_	
3-73	619-621	ge	_	_	_	
3-74	621-622	-	_	_	_	
3-75	623-629	brannt	_	_	_	
3-76	629-630	,	_	_	_	
3-77	631-634	und	_	_	_	
3-78	635-638	ſey	_	_	_	
3-79	639-644	nicht	_	_	_	
3-80	645-649	eher	_	_	_	
3-81	650-652	zu	_	_	_	
3-82	653-661	loͤſchen	_	_	_	
3-83	663-670	geweſen	_	_	_	
3-84	670-671	,	_	_	_	
3-85	672-675	bis	_	_	_	
3-86	676-679	man	_	_	_	
3-87	680-684	Erde	_	_	_	
3-88	685-690	drauf	_	_	_	
3-89	691-697	geworf	_	_	_	
3-90	697-698	-	_	_	_	
3-91	699-702	fen	_	_	_	
3-92	702-703	:	_	_	_	
3-93	704-708	denn	_	_	_	
3-94	709-714	alles	_	_	_	
3-95	715-722	Hartzes	_	_	_	
3-96	723-734	Eigenſchaft	_	_	_	
3-97	735-738	iſt	_	_	_	
3-98	738-739	,	_	_	_	
3-99	740-742	ie	_	_	_	
3-100	743-747	mehr	_	_	_	
3-101	748-751	man	_	_	_	
3-102	752-758	Waſſer	_	_	_	
3-103	759-764	drauf	_	_	_	
3-104	765-770	geußt	_	_	_	
3-105	770-771	,	_	_	_	
3-106	772-774	ie	_	_	_	
3-107	775-779	mehr	_	_	_	
3-108	780-790	entzuͤndet	_	_	_	
3-109	791-793	es	_	_	_	
3-110	794-798	ſich	_	_	_	
3-111	798-799	.	_	_	_	

#Text=So findet ſich
#Text=auch eine Gattung Hartz nahe bey
#Text=Ra-
#Text=guſa in Griechenland, welches wie
#Text=Pech riecht, und eben alſo gebrauchet
#Text=
#Text=wird: u. dieſem hat man den Titel Mal-
#Text=tha und natuͤrliches Piſſaſphaltum
#Text=oder Erdpech gegeben.
4-1	800-802	So	_	_	_	
4-2	803-809	findet	_	_	_	
4-3	810-814	ſich	_	_	_	
4-4	815-819	auch	_	_	_	
4-5	820-824	eine	Smell\_Source[1]	_	_	
4-6	825-832	Gattung	Smell\_Source[1]	_	_	
4-7	833-838	Hartz	Smell\_Source[1]	_	_	
4-8	839-843	nahe	Location[2]	_	_	
4-9	844-847	bey	Location[2]	_	_	
4-10	848-850	Ra	Location[2]	_	_	
4-11	850-851	-	Location[2]	_	_	
4-12	852-856	guſa	Location[2]	_	_	
4-13	857-859	in	Location[2]	_	_	
4-14	860-872	Griechenland	Location[2]	_	_	
4-15	872-873	,	_	_	_	
4-16	874-881	welches	_	_	_	
4-17	882-885	wie	Evoked\_Odorant[3]	_	_	
4-18	886-890	Pech	Evoked\_Odorant[3]	_	_	
4-19	891-897	riecht	Smell\_Word	*|*|*	4-17[3_0]|4-8[2_0]|4-5[1_0]	
4-20	897-898	,	_	_	_	
4-21	899-902	und	_	_	_	
4-22	903-907	eben	_	_	_	
4-23	908-912	alſo	_	_	_	
4-24	913-923	gebrauchet	_	_	_	
4-25	925-929	wird	_	_	_	
4-26	929-930	:	_	_	_	
4-27	931-932	u	_	_	_	
4-28	932-933	.	_	_	_	
4-29	934-940	dieſem	_	_	_	
4-30	941-944	hat	_	_	_	
4-31	945-948	man	_	_	_	
4-32	949-952	den	_	_	_	
4-33	953-958	Titel	_	_	_	
4-34	959-962	Mal	_	_	_	
4-35	962-963	-	_	_	_	
4-36	964-967	tha	_	_	_	
4-37	968-971	und	_	_	_	
4-38	972-984	natuͤrliches	_	_	_	
4-39	985-998	Piſſaſphaltum	_	_	_	
4-40	999-1003	oder	_	_	_	
4-41	1004-1011	Erdpech	_	_	_	
4-42	1012-1019	gegeben	_	_	_	
4-43	1019-1020	.	_	_	_	

#Text=Weil aber
#Text=beyde Sorten der Maltha uns unbe-
#Text=kannt, wir auch ſie in Franckreich nicht
#Text=zu ſehen bekommen, deshalben will ich
#Text=nur von derjenigen, die man in Au-
#Text=vergne findet, handeln.
5-1	1021-1025	Weil	_	_	_	
5-2	1026-1030	aber	_	_	_	
5-3	1031-1036	beyde	_	_	_	
5-4	1037-1043	Sorten	_	_	_	
5-5	1044-1047	der	_	_	_	
5-6	1048-1054	Maltha	_	_	_	
5-7	1055-1058	uns	_	_	_	
5-8	1059-1063	unbe	_	_	_	
5-9	1063-1064	-	_	_	_	
5-10	1065-1070	kannt	_	_	_	
5-11	1070-1071	,	_	_	_	
5-12	1072-1075	wir	_	_	_	
5-13	1076-1080	auch	_	_	_	
5-14	1081-1084	ſie	_	_	_	
5-15	1085-1087	in	_	_	_	
5-16	1088-1099	Franckreich	_	_	_	
5-17	1100-1105	nicht	_	_	_	
5-18	1106-1108	zu	_	_	_	
5-19	1109-1114	ſehen	_	_	_	
5-20	1115-1123	bekommen	_	_	_	
5-21	1123-1124	,	_	_	_	
5-22	1125-1134	deshalben	_	_	_	
5-23	1135-1139	will	_	_	_	
5-24	1140-1143	ich	_	_	_	
5-25	1144-1147	nur	_	_	_	
5-26	1148-1151	von	_	_	_	
5-27	1152-1162	derjenigen	_	_	_	
5-28	1162-1163	,	_	_	_	
5-29	1164-1167	die	_	_	_	
5-30	1168-1171	man	_	_	_	
5-31	1172-1174	in	_	_	_	
5-32	1175-1177	Au	_	_	_	
5-33	1177-1178	-	_	_	_	
5-34	1179-1185	vergne	_	_	_	
5-35	1186-1192	findet	_	_	_	
5-36	1192-1193	,	_	_	_	
5-37	1194-1201	handeln	_	_	_	
5-38	1201-1202	.	_	_	_	

#Text=Natuͤrliches
#Text=Piſſaſphal-
#Text=tum oder
#Text=Erdpech.
6-1	1206-1218	Natuͤrliches	_	_	_	
6-2	1219-1229	Piſſaſphal	_	_	_	
6-3	1229-1230	-	_	_	_	
6-4	1231-1234	tum	_	_	_	
6-5	1235-1239	oder	_	_	_	
6-6	1240-1247	Erdpech	_	_	_	
6-7	1247-1248	.	_	_	_	

#Text=Das Hartz aus Auvergne iſt eine
#Text=Gattung Pech, eines ziemlich haͤßlichen
#Text=Geruchs, und wird zwiſchen
#Text=Clar-
#Text=mont/
#Text=Montferrant und Rion/ an
#Text=einem Orte, Puis de Pege, und zwar
#Text=in ſo groſſer
#Text=Menge gefunden, daß es aus
#Text=der Erden herausquillt, welches denen
#Text=vorbeygehenden groſſe Ungelegen-
#Text=heit verurſachet, denn es ſich der-
#Text=maſſen veſte ihnen an die Fuͤſſe henget,
#Text=daß ſie mit Muͤhe und Noth von dem
#Text=Platze wegkommen koͤnnen, ofters muͤſ-
#Text=ſen die Reiſenden die Schuhe im Stiche
7-1	1252-1255	Das	Smell\_Source[4]	_	_	
7-2	1256-1261	Hartz	Smell\_Source[4]	_	_	
7-3	1262-1265	aus	Smell\_Source[4]|Location[5]	_	_	
7-4	1266-1274	Auvergne	Smell\_Source[4]|Location[5]	_	_	
7-5	1275-1278	iſt	_	_	_	
7-6	1279-1283	eine	_	_	_	
7-7	1284-1291	Gattung	_	_	_	
7-8	1292-1296	Pech	_	_	_	
7-9	1296-1297	,	_	_	_	
7-10	1298-1303	eines	_	_	_	
7-11	1304-1312	ziemlich	Quality[6]	_	_	
7-12	1313-1323	haͤßlichen	Quality[6]	_	_	
7-13	1324-1331	Geruchs	Smell\_Word	*|*|*|*|*|*	7-11[6_0]|7-1[4_0]|7-3[5_0]|7-30[7_0]|7-50[8_0]|7-52[9_0]	
7-14	1331-1332	,	_	_	_	
7-15	1333-1336	und	_	_	_	
7-16	1337-1341	wird	_	_	_	
7-17	1342-1350	zwiſchen	_	_	_	
7-18	1351-1355	Clar	_	_	_	
7-19	1355-1356	-	_	_	_	
7-20	1357-1361	mont	_	_	_	
7-21	1361-1362	/	_	_	_	
7-22	1363-1374	Montferrant	_	_	_	
7-23	1375-1378	und	_	_	_	
7-24	1379-1383	Rion	_	_	_	
7-25	1383-1384	/	_	_	_	
7-26	1385-1387	an	_	_	_	
7-27	1388-1393	einem	_	_	_	
7-28	1394-1398	Orte	_	_	_	
7-29	1398-1399	,	_	_	_	
7-30	1400-1404	Puis	Location[7]	_	_	
7-31	1405-1407	de	Location[7]	_	_	
7-32	1408-1412	Pege	Location[7]	_	_	
7-33	1412-1413	,	_	_	_	
7-34	1414-1417	und	_	_	_	
7-35	1418-1422	zwar	_	_	_	
7-36	1423-1425	in	_	_	_	
7-37	1426-1428	ſo	_	_	_	
7-38	1429-1436	groſſer	_	_	_	
7-39	1437-1442	Menge	_	_	_	
7-40	1443-1451	gefunden	_	_	_	
7-41	1451-1452	,	_	_	_	
7-42	1453-1456	daß	_	_	_	
7-43	1457-1459	es	_	_	_	
7-44	1460-1463	aus	_	_	_	
7-45	1464-1467	der	_	_	_	
7-46	1468-1473	Erden	_	_	_	
7-47	1474-1486	herausquillt	_	_	_	
7-48	1486-1487	,	_	_	_	
7-49	1488-1495	welches	_	_	_	
7-50	1496-1501	denen	Perceiver[8]	_	_	
7-51	1502-1516	vorbeygehenden	Perceiver[8]	_	_	
7-52	1517-1523	groſſe	Effect[9]	_	_	
7-53	1524-1533	Ungelegen	Effect[9]	_	_	
7-54	1533-1534	-	Effect[9]	_	_	
7-55	1535-1539	heit	Effect[9]	_	_	
7-56	1540-1551	verurſachet	Effect[9]	_	_	
7-57	1551-1552	,	_	_	_	
7-58	1553-1557	denn	_	_	_	
7-59	1558-1560	es	_	_	_	
7-60	1561-1565	ſich	_	_	_	
7-61	1566-1569	der	_	_	_	
7-62	1569-1570	-	_	_	_	
7-63	1571-1577	maſſen	_	_	_	
7-64	1578-1583	veſte	_	_	_	
7-65	1584-1589	ihnen	_	_	_	
7-66	1590-1592	an	_	_	_	
7-67	1593-1596	die	_	_	_	
7-68	1597-1603	Fuͤſſe	_	_	_	
7-69	1604-1610	henget	_	_	_	
7-70	1610-1611	,	_	_	_	
7-71	1612-1615	daß	_	_	_	
7-72	1616-1619	ſie	_	_	_	
7-73	1620-1623	mit	_	_	_	
7-74	1624-1629	Muͤhe	_	_	_	
7-75	1630-1633	und	_	_	_	
7-76	1634-1638	Noth	_	_	_	
7-77	1639-1642	von	_	_	_	
7-78	1643-1646	dem	_	_	_	
7-79	1647-1653	Platze	_	_	_	
7-80	1654-1663	wegkommen	_	_	_	
7-81	1664-1671	koͤnnen	_	_	_	
7-82	1671-1672	,	_	_	_	
7-83	1673-1679	ofters	_	_	_	
7-84	1680-1684	muͤſ	_	_	_	
7-85	1684-1685	-	_	_	_	
7-86	1686-1689	ſen	_	_	_	
7-87	1690-1693	die	_	_	_	
7-88	1694-1703	Reiſenden	_	_	_	
7-89	1704-1707	die	_	_	_	
7-90	1708-1714	Schuhe	_	_	_	
7-91	1715-1717	im	_	_	_	
7-92	1718-1724	Stiche	_	_	_	
