#FORMAT=WebAnno TSV 3.3
#T_SP=custom.Span|label
#T_RL=custom.Relation|label|BT_custom.Span


#Text=$.
#Text=2.
#Text=9.
#Text=19.
1-1	2-3	$	_	_	_	
1-2	3-4	.	_	_	_	
1-3	5-6	2	_	_	_	
1-4	6-7	.	_	_	_	
1-5	8-9	9	_	_	_	
1-6	9-10	.	_	_	_	
1-7	11-13	19	_	_	_	
1-8	13-14	.	_	_	_	

#Text=GRVNER S. 558.
2-1	15-21	GRVNER	_	_	_	
2-2	22-23	S	_	_	_	
2-3	23-24	.	_	_	_	
2-4	25-28	558	_	_	_	
2-5	28-29	.	_	_	_	

#Text=DANZ
#Text=
#Text=
#Text=
#Text=5.
#Text=190w) Illum plerumque subdulcem, in variolis nigris autem empyreumaticum cffc aiunt nonnulli.
3-1	30-34	DANZ	_	_	_	
3-2	38-39	5	_	_	_	
3-3	39-40	.	_	_	_	
3-4	41-45	190w	_	_	_	
3-5	45-46	)	_	_	_	
3-6	47-52	Illum	Smell\_Word	*|*|*	3-7|3-8|3-14	
3-7	53-62	plerumque	Time	_	_	
3-8	63-72	subdulcem	Quality	_	_	
3-9	72-73	,	_	_	_	
3-10	74-76	in	_	_	_	
3-11	77-85	variolis	_	_	_	
3-12	86-92	nigris	_	_	_	
3-13	93-98	autem	_	_	_	
3-14	99-113	empyreumaticum	Quality	_	_	
3-15	114-118	cffc	_	_	_	
3-16	119-124	aiunt	_	_	_	
3-17	125-133	nonnulli	_	_	_	
3-18	133-134	.	_	_	_	

#Text=Credo etiam, illum paululum differre, prout comftitutio aegri , modificatio febris et complicatio diuersa adfit.
#Text=x) VOGEL S. 38. y) Bene tamen monet amicus Dr.
4-1	135-140	Credo	_	_	_	
4-2	141-146	etiam	_	_	_	
4-3	146-147	,	_	_	_	
4-4	148-153	illum	Smell\_Word	*	4-8[1_0]	
4-5	154-162	paululum	_	_	_	
4-6	163-171	differre	_	_	_	
4-7	171-172	,	_	_	_	
4-8	173-178	prout	Circumstances[1]	_	_	
4-9	179-190	comftitutio	Circumstances[1]	_	_	
4-10	191-196	aegri	Circumstances[1]	_	_	
4-11	197-198	,	Circumstances[1]	_	_	
4-12	199-210	modificatio	Circumstances[1]	_	_	
4-13	211-217	febris	Circumstances[1]	_	_	
4-14	218-220	et	Circumstances[1]	_	_	
4-15	221-232	complicatio	Circumstances[1]	_	_	
4-16	233-240	diuersa	Circumstances[1]	_	_	
4-17	241-246	adfit	Circumstances[1]	_	_	
4-18	246-247	.	_	_	_	
4-19	248-249	x	_	_	_	
4-20	249-250	)	_	_	_	
4-21	251-256	VOGEL	_	_	_	
4-22	257-258	S	_	_	_	
4-23	258-259	.	_	_	_	
4-24	260-262	38	_	_	_	
4-25	262-263	.	_	_	_	
4-26	264-265	y	_	_	_	
4-27	265-266	)	_	_	_	
4-28	267-271	Bene	_	_	_	
4-29	272-277	tamen	_	_	_	
4-30	278-283	monet	_	_	_	
4-31	284-290	amicus	_	_	_	
4-32	291-293	Dr	_	_	_	
4-33	293-294	.	_	_	_	

#Text=MVHRBECK ( in diff. de variolis fpuriis
#Text=
#Text=1794. pag. 36. not.
#Text=!)
5-1	295-303	MVHRBECK	_	_	_	
5-2	304-305	(	_	_	_	
5-3	306-308	in	_	_	_	
5-4	309-313	diff	_	_	_	
5-5	313-314	.	_	_	_	
5-6	315-317	de	_	_	_	
5-7	318-326	variolis	_	_	_	
5-8	327-334	fpuriis	_	_	_	
5-9	336-340	1794	_	_	_	
5-10	340-341	.	_	_	_	
5-11	342-345	pag	_	_	_	
5-12	345-346	.	_	_	_	
5-13	347-349	36	_	_	_	
5-14	349-350	.	_	_	_	
5-15	351-354	not	_	_	_	
5-16	354-355	.	_	_	_	
5-17	356-357	!	_	_	_	
5-18	357-358	)	_	_	_	

#Text=criterium hocce tantum pustulis iam maturantibus et odore illo carentibus conuenire , quum interdum ante eruptionem et in ipfa eruptione varicellarum quidem adfit, fed poftea, tefte HVFELAN.
6-1	359-368	criterium	_	_	_	
6-2	369-374	hocce	_	_	_	
6-3	375-381	tantum	_	_	_	
6-4	382-390	pustulis	Smell\_Source[2]	_	_	
6-5	391-394	iam	Smell\_Source[2]	_	_	
6-6	395-407	maturantibus	Smell\_Source[2]	_	_	
6-7	408-410	et	_	_	_	
6-8	411-416	odore	Smell\_Word	*	6-4[2_0]	
6-9	417-421	illo	_	_	_	
6-10	422-432	carentibus	_	_	_	
6-11	433-442	conuenire	_	_	_	
6-12	443-444	,	_	_	_	
6-13	445-449	quum	_	_	_	
6-14	450-458	interdum	_	_	_	
6-15	459-463	ante	_	_	_	
6-16	464-474	eruptionem	_	_	_	
6-17	475-477	et	_	_	_	
6-18	478-480	in	_	_	_	
6-19	481-485	ipfa	_	_	_	
6-20	486-495	eruptione	_	_	_	
6-21	496-508	varicellarum	_	_	_	
6-22	509-515	quidem	_	_	_	
6-23	516-521	adfit	_	_	_	
6-24	521-522	,	_	_	_	
6-25	523-526	fed	_	_	_	
6-26	527-533	poftea	_	_	_	
6-27	533-534	,	_	_	_	
6-28	535-540	tefte	_	_	_	
6-29	541-548	HVFELAN	_	_	_	
6-30	548-549	.	_	_	_	

#Text=Dio et VOGELIO euanescat.
7-1	550-553	Dio	_	_	_	
7-2	554-556	et	_	_	_	
7-3	557-564	VOGELIO	_	_	_	
7-4	565-574	euanescat	_	_	_	
7-5	574-575	.	_	_	_	

#Text=B.
8-1	576-577	B	_	_	_	
8-2	577-578	.	_	_	_	

#Text=Morbilti.
9-1	579-587	Morbilti	_	_	_	
9-2	587-588	.	_	_	_	

#Text=Matèries morbillosa ad custom delata, "aeque ac variolofa, fpecificum odoreni a) et viin contagiofam perfpirationi impertit.
10-1	589-597	Matèries	Smell\_Source[3]	_	_	
10-2	598-608	morbillosa	Smell\_Source[3]	_	_	
10-3	609-611	ad	Smell\_Source[3]	_	_	
10-4	612-618	custom	Smell\_Source[3]	_	_	
10-5	619-625	delata	Smell\_Source[3]	_	_	
10-6	625-626	,	Smell\_Source[3]	_	_	
10-7	627-628	"	Smell\_Source[3]	_	_	
10-8	628-633	aeque	Smell\_Source[3]	_	_	
10-9	634-636	ac	Smell\_Source[3]	_	_	
10-10	637-646	variolofa	Smell\_Source[3]	_	_	
10-11	646-647	,	_	_	_	
10-12	648-658	fpecificum	Quality	_	_	
10-13	659-666	odoreni	Smell\_Word	*|*	10-12|10-1[3_0]	
10-14	667-668	a	_	_	_	
10-15	668-669	)	_	_	_	
10-16	670-672	et	_	_	_	
10-17	673-677	viin	_	_	_	
10-18	678-689	contagiofam	_	_	_	
10-19	690-703	perfpirationi	_	_	_	
10-20	704-712	impertit	_	_	_	
10-21	712-713	.	_	_	_	

#Text=C.
11-1	714-715	C	_	_	_	
11-2	715-716	.	_	_	_	

#Text=Febris miliaris.
12-1	717-723	Febris	_	_	_	
12-2	724-732	miliaris	_	_	_	
12-3	732-733	.	_	_	_	

#Text=Semper fere fudor foetens b) er plerum.
#Text=que acidum spirans c) eruptionem comitatur ), interdum etiainantècedit, ita vt medicis faepe indicio fit, purpuram imminere e).
13-1	734-740	Semper	Time[4]	_	_	
13-2	741-745	fere	Time[4]	_	_	
13-3	746-751	fudor	Smell\_Source	_	_	
13-4	752-759	foetens	Smell\_Word	*|*|*|*	13-3|13-1[4_0]|13-22[7_0]|13-15[6_0]	
13-5	760-761	b	_	_	_	
13-6	761-762	)	_	_	_	
13-7	763-765	er	_	_	_	
13-8	766-772	plerum	Time[5]	_	_	
13-9	772-773	.	Time[5]	_	_	
13-10	774-777	que	Time[5]	_	_	
13-11	778-784	acidum	Quality	_	_	
13-12	785-792	spirans	Smell\_Word	*|*|*|*|*	13-8[5_0]|13-11|13-3|13-22[7_0]|13-15[6_0]	
13-13	793-794	c	_	_	_	
13-14	794-795	)	_	_	_	
13-15	796-806	eruptionem	Circumstances[6]	_	_	
13-16	807-816	comitatur	Circumstances[6]	_	_	
13-17	817-818	)	Circumstances[6]	_	_	
13-18	818-819	,	Circumstances[6]	_	_	
13-19	820-828	interdum	Circumstances[6]	_	_	
13-20	829-844	etiainantècedit	Circumstances[6]	_	_	
13-21	844-845	,	_	_	_	
13-22	846-849	ita	Effect[7]	_	_	
13-23	850-852	vt	Effect[7]	_	_	
13-24	853-860	medicis	Effect[7]	_	_	
13-25	861-866	faepe	Effect[7]	_	_	
13-26	867-874	indicio	Effect[7]	_	_	
13-27	875-878	fit	Effect[7]	_	_	
13-28	878-879	,	Effect[7]	_	_	
13-29	880-888	purpuram	Effect[7]	_	_	
13-30	889-897	imminere	Effect[7]	_	_	
13-31	898-899	e	Effect[7]	_	_	
13-32	899-900	)	_	_	_	
13-33	900-901	.	_	_	_	

#Text=D.
14-1	902-903	D	_	_	_	
14-2	903-904	.	_	_	_	

#Text=Febris aphthosa.
15-1	905-911	Febris	_	_	_	
15-2	912-920	aphthosa	_	_	_	
15-3	920-921	.	_	_	_	

#Text=Inter aphtharum fymptomata faepe emi: net odor acidulus perspirationis, fimilis illi, qui in febre miliari ob.
#Text=feruatur f).
16-1	922-927	Inter	Circumstances[8]	_	_	
16-2	928-937	aphtharum	Circumstances[8]	_	_	
16-3	938-948	fymptomata	Circumstances[8]	_	_	
16-4	949-954	faepe	Time	_	_	
16-5	955-958	emi	_	_	_	
16-6	958-959	:	_	_	_	
16-7	960-963	net	_	_	_	
16-8	964-968	odor	Smell\_Word	*|*|*|*|*	16-9|16-10|16-1[8_0]|16-4|16-12[9_0]	
16-9	969-977	acidulus	Quality	_	_	
16-10	978-992	perspirationis	Smell\_Source	_	_	
16-11	992-993	,	_	_	_	
16-12	994-1001	fimilis	Evoked\_Odorant[9]	_	_	
16-13	1002-1006	illi	Evoked\_Odorant[9]	_	_	
16-14	1006-1007	,	Evoked\_Odorant[9]	_	_	
16-15	1008-1011	qui	Evoked\_Odorant[9]	_	_	
16-16	1012-1014	in	Evoked\_Odorant[9]	_	_	
16-17	1015-1020	febre	Evoked\_Odorant[9]	_	_	
16-18	1021-1028	miliari	Evoked\_Odorant[9]	_	_	
16-19	1029-1031	ob	Evoked\_Odorant[9]	_	_	
16-20	1031-1032	.	Evoked\_Odorant[9]	_	_	
16-21	1033-1041	feruatur	Evoked\_Odorant[9]	_	_	
16-22	1042-1043	f	_	_	_	
16-23	1043-1044	)	_	_	_	
16-24	1044-1045	.	_	_	_	
