#FORMAT=WebAnno TSV 3.3


#Text=18 Ponetque de eodem sanguine in cornibus altaris, quod est coram Domino in tabernaculo testimonii : reliquum autem sanguinem fundet juxta basim altaris holocaustorum, quod est in ostio tabernaculi testimonii.
#Text=19 Omnemque ejus adipem tollet, et adolebit super altare : 20 sic faciens et de hoc vitulo quomodo fecit et prius : et rogante pro eis sacerdote, propitius erit eis Dominus.
#Text=21 Ipsum autem vitulum efferet extra castra, atque comburet sicut et priorem vitulum : quia est pro peccato multitudinis.
#Text=22 Si peccaverit princeps, et fecerit unum e pluribus per ignorantiam, quod Domini lege prohibetur : 23 et postea intellexerit peccatum suum, offeret hostiam Domino, hircum de capris immaculatum.
#Text=24 Ponetque manum suam super caput ejus : cumque immolaverit eum in loco ubi solet mactari holocaustum coram Domino, quia pro peccato est, 25 tinget sacerdos digitum in sanguine hostiæ pro peccato, tangens cornua altaris holocausti, et reliquum fundens ad basim ejus.
#Text=26 Adipem vero adolebit supra, sicut in victimis pacificorum fieri solet : rogabitque pro eo sacerdos, et pro peccato ejus, et dimittetur ei.
#Text=27 Quod si peccaverit anima per ignorantiam, de populo terræ, ut faciat quidquam de his, quæ Domini lege prohibentur, atque delinquat, 28 et cognoverit peccatum suum, offeret capram immaculatam.
#Text=29 Ponetque manum super caput hostiæ quæ pro peccato est, et immolabit eam in loco holocausti.
#Text=30 Tolletque sacerdos de sanguine in digito suo : et tangens cornua altaris holocausti, reliquum fundet ad basim ejus.
#Text=31 Omnem autem adipem auferens, sicut auferri solet de victimis pacificorum, adolebit super altare in odorem suavitatis Domino : rogabitque pro eo, et dimittetur ei.
#Text=32 Sin autem de pecoribus obtulerit victimam pro peccato, ovem scilicet immaculatam : 33 ponet manum super caput ejus, et immolabit eam in loco ubi solent cædi holocaustorum hostiæ.
#Text=34 Sumetque sacerdos de sanguine ejus digito suo, et tangens cornua altaris holocausti, reliquum fundet ad basim ejus.
#Text=35 Omnem quoque adipem auferens, sicut auferri solet adeps arietis, qui immolatur pro pacificis, cremabit super altare in incensum Domini : rogabitque pro eo, et pro peccato ejus, et dimittetur ei.
1-1	2-4	18	
1-2	5-13	Ponetque	
1-3	14-16	de	
1-4	17-22	eodem	
1-5	23-31	sanguine	
1-6	32-34	in	
1-7	35-43	cornibus	
1-8	44-51	altaris	
1-9	51-52	,	
1-10	53-57	quod	
1-11	58-61	est	
1-12	62-67	coram	
1-13	68-74	Domino	
1-14	75-77	in	
1-15	78-89	tabernaculo	
1-16	90-100	testimonii	
1-17	101-102	:	
1-18	103-111	reliquum	
1-19	112-117	autem	
1-20	118-127	sanguinem	
1-21	128-134	fundet	
1-22	135-140	juxta	
1-23	141-146	basim	
1-24	147-154	altaris	
1-25	155-168	holocaustorum	
1-26	168-169	,	
1-27	170-174	quod	
1-28	175-178	est	
1-29	179-181	in	
1-30	182-187	ostio	
1-31	188-199	tabernaculi	
1-32	200-210	testimonii	
1-33	210-211	.	
1-34	212-214	19	
1-35	215-223	Omnemque	
1-36	224-228	ejus	
1-37	229-235	adipem	
1-38	236-242	tollet	
1-39	242-243	,	
1-40	244-246	et	
1-41	247-255	adolebit	
1-42	256-261	super	
1-43	262-268	altare	
1-44	269-270	:	
1-45	271-273	20	
1-46	274-277	sic	
1-47	278-285	faciens	
1-48	286-288	et	
1-49	289-291	de	
1-50	292-295	hoc	
1-51	296-302	vitulo	
1-52	303-310	quomodo	
1-53	311-316	fecit	
1-54	317-319	et	
1-55	320-325	prius	
1-56	326-327	:	
1-57	328-330	et	
1-58	331-338	rogante	
1-59	339-342	pro	
1-60	343-346	eis	
1-61	347-356	sacerdote	
1-62	356-357	,	
1-63	358-367	propitius	
1-64	368-372	erit	
1-65	373-376	eis	
1-66	377-384	Dominus	
1-67	384-385	.	
1-68	386-388	21	
1-69	389-394	Ipsum	
1-70	395-400	autem	
1-71	401-408	vitulum	
1-72	409-416	efferet	
1-73	417-422	extra	
1-74	423-429	castra	
1-75	429-430	,	
1-76	431-436	atque	
1-77	437-445	comburet	
1-78	446-451	sicut	
1-79	452-454	et	
1-80	455-462	priorem	
1-81	463-470	vitulum	
1-82	471-472	:	
1-83	473-477	quia	
1-84	478-481	est	
1-85	482-485	pro	
1-86	486-493	peccato	
1-87	494-506	multitudinis	
1-88	506-507	.	
1-89	508-510	22	
1-90	511-513	Si	
1-91	514-524	peccaverit	
1-92	525-533	princeps	
1-93	533-534	,	
1-94	535-537	et	
1-95	538-545	fecerit	
1-96	546-550	unum	
1-97	551-552	e	
1-98	553-561	pluribus	
1-99	562-565	per	
1-100	566-577	ignorantiam	
1-101	577-578	,	
1-102	579-583	quod	
1-103	584-590	Domini	
1-104	591-595	lege	
1-105	596-606	prohibetur	
1-106	607-608	:	
1-107	609-611	23	
1-108	612-614	et	
1-109	615-621	postea	
1-110	622-634	intellexerit	
1-111	635-643	peccatum	
1-112	644-648	suum	
1-113	648-649	,	
1-114	650-657	offeret	
1-115	658-665	hostiam	
1-116	666-672	Domino	
1-117	672-673	,	
1-118	674-680	hircum	
1-119	681-683	de	
1-120	684-690	capris	
1-121	691-702	immaculatum	
1-122	702-703	.	
1-123	704-706	24	
1-124	707-715	Ponetque	
1-125	716-721	manum	
1-126	722-726	suam	
1-127	727-732	super	
1-128	733-738	caput	
1-129	739-743	ejus	
1-130	744-745	:	
1-131	746-752	cumque	
1-132	753-764	immolaverit	
1-133	765-768	eum	
1-134	769-771	in	
1-135	772-776	loco	
1-136	777-780	ubi	
1-137	781-786	solet	
1-138	787-794	mactari	
1-139	795-806	holocaustum	
1-140	807-812	coram	
1-141	813-819	Domino	
1-142	819-820	,	
1-143	821-825	quia	
1-144	826-829	pro	
1-145	830-837	peccato	
1-146	838-841	est	
1-147	841-842	,	
1-148	843-845	25	
1-149	846-852	tinget	
1-150	853-861	sacerdos	
1-151	862-869	digitum	
1-152	870-872	in	
1-153	873-881	sanguine	
1-154	882-888	hostiæ	
1-155	889-892	pro	
1-156	893-900	peccato	
1-157	900-901	,	
1-158	902-909	tangens	
1-159	910-916	cornua	
1-160	917-924	altaris	
1-161	925-935	holocausti	
1-162	935-936	,	
1-163	937-939	et	
1-164	940-948	reliquum	
1-165	949-956	fundens	
1-166	957-959	ad	
1-167	960-965	basim	
1-168	966-970	ejus	
1-169	970-971	.	
1-170	972-974	26	
1-171	975-981	Adipem	
1-172	982-986	vero	
1-173	987-995	adolebit	
1-174	996-1001	supra	
1-175	1001-1002	,	
1-176	1003-1008	sicut	
1-177	1009-1011	in	
1-178	1012-1020	victimis	
1-179	1021-1032	pacificorum	
1-180	1033-1038	fieri	
1-181	1039-1044	solet	
1-182	1045-1046	:	
1-183	1047-1057	rogabitque	
1-184	1058-1061	pro	
1-185	1062-1064	eo	
1-186	1065-1073	sacerdos	
1-187	1073-1074	,	
1-188	1075-1077	et	
1-189	1078-1081	pro	
1-190	1082-1089	peccato	
1-191	1090-1094	ejus	
1-192	1094-1095	,	
1-193	1096-1098	et	
1-194	1099-1109	dimittetur	
1-195	1110-1112	ei	
1-196	1112-1113	.	
1-197	1114-1116	27	
1-198	1117-1121	Quod	
1-199	1122-1124	si	
1-200	1125-1135	peccaverit	
1-201	1136-1141	anima	
1-202	1142-1145	per	
1-203	1146-1157	ignorantiam	
1-204	1157-1158	,	
1-205	1159-1161	de	
1-206	1162-1168	populo	
1-207	1169-1174	terræ	
1-208	1174-1175	,	
1-209	1176-1178	ut	
1-210	1179-1185	faciat	
1-211	1186-1194	quidquam	
1-212	1195-1197	de	
1-213	1198-1201	his	
1-214	1201-1202	,	
1-215	1203-1206	quæ	
1-216	1207-1213	Domini	
1-217	1214-1218	lege	
1-218	1219-1230	prohibentur	
1-219	1230-1231	,	
1-220	1232-1237	atque	
1-221	1238-1247	delinquat	
1-222	1247-1248	,	
1-223	1249-1251	28	
1-224	1252-1254	et	
1-225	1255-1265	cognoverit	
1-226	1266-1274	peccatum	
1-227	1275-1279	suum	
1-228	1279-1280	,	
1-229	1281-1288	offeret	
1-230	1289-1295	capram	
1-231	1296-1307	immaculatam	
1-232	1307-1308	.	
1-233	1309-1311	29	
1-234	1312-1320	Ponetque	
1-235	1321-1326	manum	
1-236	1327-1332	super	
1-237	1333-1338	caput	
1-238	1339-1345	hostiæ	
1-239	1346-1349	quæ	
1-240	1350-1353	pro	
1-241	1354-1361	peccato	
1-242	1362-1365	est	
1-243	1365-1366	,	
1-244	1367-1369	et	
1-245	1370-1379	immolabit	
1-246	1380-1383	eam	
1-247	1384-1386	in	
1-248	1387-1391	loco	
1-249	1392-1402	holocausti	
1-250	1402-1403	.	
1-251	1404-1406	30	
1-252	1407-1416	Tolletque	
1-253	1417-1425	sacerdos	
1-254	1426-1428	de	
1-255	1429-1437	sanguine	
1-256	1438-1440	in	
1-257	1441-1447	digito	
1-258	1448-1451	suo	
1-259	1452-1453	:	
1-260	1454-1456	et	
1-261	1457-1464	tangens	
1-262	1465-1471	cornua	
1-263	1472-1479	altaris	
1-264	1480-1490	holocausti	
1-265	1490-1491	,	
1-266	1492-1500	reliquum	
1-267	1501-1507	fundet	
1-268	1508-1510	ad	
1-269	1511-1516	basim	
1-270	1517-1521	ejus	
1-271	1521-1522	.	
1-272	1523-1525	31	
1-273	1526-1531	Omnem	
1-274	1532-1537	autem	
1-275	1538-1544	adipem	
1-276	1545-1553	auferens	
1-277	1553-1554	,	
1-278	1555-1560	sicut	
1-279	1561-1568	auferri	
1-280	1569-1574	solet	
1-281	1575-1577	de	
1-282	1578-1586	victimis	
1-283	1587-1598	pacificorum	
1-284	1598-1599	,	
1-285	1600-1608	adolebit	
1-286	1609-1614	super	
1-287	1615-1621	altare	
1-288	1622-1624	in	
1-289	1625-1631	odorem	
1-290	1632-1642	suavitatis	
1-291	1643-1649	Domino	
1-292	1650-1651	:	
1-293	1652-1662	rogabitque	
1-294	1663-1666	pro	
1-295	1667-1669	eo	
1-296	1669-1670	,	
1-297	1671-1673	et	
1-298	1674-1684	dimittetur	
1-299	1685-1687	ei	
1-300	1687-1688	.	
1-301	1689-1691	32	
1-302	1692-1695	Sin	
1-303	1696-1701	autem	
1-304	1702-1704	de	
1-305	1705-1714	pecoribus	
1-306	1715-1724	obtulerit	
1-307	1725-1733	victimam	
1-308	1734-1737	pro	
1-309	1738-1745	peccato	
1-310	1745-1746	,	
1-311	1747-1751	ovem	
1-312	1752-1760	scilicet	
1-313	1761-1772	immaculatam	
1-314	1773-1774	:	
1-315	1775-1777	33	
1-316	1778-1783	ponet	
1-317	1784-1789	manum	
1-318	1790-1795	super	
1-319	1796-1801	caput	
1-320	1802-1806	ejus	
1-321	1806-1807	,	
1-322	1808-1810	et	
1-323	1811-1820	immolabit	
1-324	1821-1824	eam	
1-325	1825-1827	in	
1-326	1828-1832	loco	
1-327	1833-1836	ubi	
1-328	1837-1843	solent	
1-329	1844-1848	cædi	
1-330	1849-1862	holocaustorum	
1-331	1863-1869	hostiæ	
1-332	1869-1870	.	
1-333	1871-1873	34	
1-334	1874-1882	Sumetque	
1-335	1883-1891	sacerdos	
1-336	1892-1894	de	
1-337	1895-1903	sanguine	
1-338	1904-1908	ejus	
1-339	1909-1915	digito	
1-340	1916-1919	suo	
1-341	1919-1920	,	
1-342	1921-1923	et	
1-343	1924-1931	tangens	
1-344	1932-1938	cornua	
1-345	1939-1946	altaris	
1-346	1947-1957	holocausti	
1-347	1957-1958	,	
1-348	1959-1967	reliquum	
1-349	1968-1974	fundet	
1-350	1975-1977	ad	
1-351	1978-1983	basim	
1-352	1984-1988	ejus	
1-353	1988-1989	.	
1-354	1990-1992	35	
1-355	1993-1998	Omnem	
1-356	1999-2005	quoque	
1-357	2006-2012	adipem	
1-358	2013-2021	auferens	
1-359	2021-2022	,	
1-360	2023-2028	sicut	
1-361	2029-2036	auferri	
1-362	2037-2042	solet	
1-363	2043-2048	adeps	
1-364	2049-2056	arietis	
1-365	2056-2057	,	
1-366	2058-2061	qui	
1-367	2062-2071	immolatur	
1-368	2072-2075	pro	
1-369	2076-2085	pacificis	
1-370	2085-2086	,	
1-371	2087-2095	cremabit	
1-372	2096-2101	super	
1-373	2102-2108	altare	
1-374	2109-2111	in	
1-375	2112-2120	incensum	
1-376	2121-2127	Domini	
1-377	2128-2129	:	
1-378	2130-2140	rogabitque	
1-379	2141-2144	pro	
1-380	2145-2147	eo	
1-381	2147-2148	,	
1-382	2149-2151	et	
1-383	2152-2155	pro	
1-384	2156-2163	peccato	
1-385	2164-2168	ejus	
1-386	2168-2169	,	
1-387	2170-2172	et	
1-388	2173-2183	dimittetur	
1-389	2184-2186	ei	
1-390	2186-2187	.	

#Text=Caput 5
#Text=
#Text=
#Text=1 Si peccaverit anima, et audierit vocem jurantis, testisque fuerit quod aut ipse vidit, aut conscius est : nisi indicaverit, portabit iniquitatem suam.
#Text=2 Anima quæ tetigerit aliquid immundum, sive quod occisum a bestia est, aut per se mortuum, aut quodlibet aliud reptile : et oblita fuerit immunditiæ suæ, rea est, et deliquit : 3 et si tetigerit quidquam de immunditia hominis juxta omnem impuritatem, qua pollui solet, oblitaque cognoverit postea, subjacebit delicto.
#Text=4 Anima, quæ juraverit, et protulerit labiis suis, ut vel male quid faceret, vel bene, et idipsum juramento et sermone firmaverit, oblitaque postea intellexerit delictum suum, 5 agat pœnitentiam pro peccato, 6 et offerat de gregibus agnam sive capram, orabitque pro ea sacerdos et pro peccato ejus.
#Text=7 Sin autem non potuerit offerre pecus, offerat duos turtures, vel duos pullos columbarum Domino, unum pro peccato, et alterum in holocaustum, 8 dabitque eos sacerdoti : qui primum offerens pro peccato, retorquebit caput ejus ad pennulas, ita ut collo hæreat, et non penitus abrumpatur.
#Text=9 Et asperget de sanguine ejus parietem altaris ; quidquid autem reliquum fuerit, faciet distillare ad fundamentum ejus, quia pro peccato est.
#Text=10 Alterum vero adolebit in holocaustum, ut fieri solet : rogabitque pro eo sacerdos et pro peccato ejus, et dimittetur ei.
#Text=11 Quod si non quiverit manus ejus duos offerre turtures, aut duos pullos columbarum, offeret pro peccato suo similæ partem ephi decimam : non mittet in eam oleum, nec thuris aliquid imponet, quia pro peccato est.
2-1	2188-2193	Caput	
2-2	2194-2195	5	
2-3	2198-2199	1	
2-4	2200-2202	Si	
2-5	2203-2213	peccaverit	
2-6	2214-2219	anima	
2-7	2219-2220	,	
2-8	2221-2223	et	
2-9	2224-2232	audierit	
2-10	2233-2238	vocem	
2-11	2239-2247	jurantis	
2-12	2247-2248	,	
2-13	2249-2258	testisque	
2-14	2259-2265	fuerit	
2-15	2266-2270	quod	
2-16	2271-2274	aut	
2-17	2275-2279	ipse	
2-18	2280-2285	vidit	
2-19	2285-2286	,	
2-20	2287-2290	aut	
2-21	2291-2299	conscius	
2-22	2300-2303	est	
2-23	2304-2305	:	
2-24	2306-2310	nisi	
2-25	2311-2322	indicaverit	
2-26	2322-2323	,	
2-27	2324-2332	portabit	
2-28	2333-2344	iniquitatem	
2-29	2345-2349	suam	
2-30	2349-2350	.	
2-31	2351-2352	2	
2-32	2353-2358	Anima	
2-33	2359-2362	quæ	
2-34	2363-2372	tetigerit	
2-35	2373-2380	aliquid	
2-36	2381-2389	immundum	
2-37	2389-2390	,	
2-38	2391-2395	sive	
2-39	2396-2400	quod	
2-40	2401-2408	occisum	
2-41	2409-2410	a	
2-42	2411-2417	bestia	
2-43	2418-2421	est	
2-44	2421-2422	,	
2-45	2423-2426	aut	
2-46	2427-2430	per	
2-47	2431-2433	se	
2-48	2434-2441	mortuum	
2-49	2441-2442	,	
2-50	2443-2446	aut	
2-51	2447-2456	quodlibet	
2-52	2457-2462	aliud	
2-53	2463-2470	reptile	
2-54	2471-2472	:	
2-55	2473-2475	et	
2-56	2476-2482	oblita	
2-57	2483-2489	fuerit	
2-58	2490-2500	immunditiæ	
2-59	2501-2504	suæ	
2-60	2504-2505	,	
2-61	2506-2509	rea	
2-62	2510-2513	est	
2-63	2513-2514	,	
2-64	2515-2517	et	
2-65	2518-2526	deliquit	
2-66	2527-2528	:	
2-67	2529-2530	3	
2-68	2531-2533	et	
2-69	2534-2536	si	
2-70	2537-2546	tetigerit	
2-71	2547-2555	quidquam	
2-72	2556-2558	de	
2-73	2559-2569	immunditia	
2-74	2570-2577	hominis	
2-75	2578-2583	juxta	
2-76	2584-2589	omnem	
2-77	2590-2601	impuritatem	
2-78	2601-2602	,	
2-79	2603-2606	qua	
2-80	2607-2613	pollui	
2-81	2614-2619	solet	
2-82	2619-2620	,	
2-83	2621-2630	oblitaque	
2-84	2631-2641	cognoverit	
2-85	2642-2648	postea	
2-86	2648-2649	,	
2-87	2650-2660	subjacebit	
2-88	2661-2668	delicto	
2-89	2668-2669	.	
2-90	2670-2671	4	
2-91	2672-2677	Anima	
2-92	2677-2678	,	
2-93	2679-2682	quæ	
2-94	2683-2692	juraverit	
2-95	2692-2693	,	
2-96	2694-2696	et	
2-97	2697-2707	protulerit	
2-98	2708-2714	labiis	
2-99	2715-2719	suis	
2-100	2719-2720	,	
2-101	2721-2723	ut	
2-102	2724-2727	vel	
2-103	2728-2732	male	
2-104	2733-2737	quid	
2-105	2738-2745	faceret	
2-106	2745-2746	,	
2-107	2747-2750	vel	
2-108	2751-2755	bene	
2-109	2755-2756	,	
2-110	2757-2759	et	
2-111	2760-2767	idipsum	
2-112	2768-2777	juramento	
2-113	2778-2780	et	
2-114	2781-2788	sermone	
2-115	2789-2799	firmaverit	
2-116	2799-2800	,	
2-117	2801-2810	oblitaque	
2-118	2811-2817	postea	
2-119	2818-2830	intellexerit	
2-120	2831-2839	delictum	
2-121	2840-2844	suum	
2-122	2844-2845	,	
2-123	2846-2847	5	
2-124	2848-2852	agat	
2-125	2853-2864	pœnitentiam	
2-126	2865-2868	pro	
2-127	2869-2876	peccato	
2-128	2876-2877	,	
2-129	2878-2879	6	
2-130	2880-2882	et	
2-131	2883-2890	offerat	
2-132	2891-2893	de	
2-133	2894-2902	gregibus	
2-134	2903-2908	agnam	
2-135	2909-2913	sive	
2-136	2914-2920	capram	
2-137	2920-2921	,	
2-138	2922-2931	orabitque	
2-139	2932-2935	pro	
2-140	2936-2938	ea	
2-141	2939-2947	sacerdos	
2-142	2948-2950	et	
2-143	2951-2954	pro	
2-144	2955-2962	peccato	
2-145	2963-2967	ejus	
2-146	2967-2968	.	
2-147	2969-2970	7	
2-148	2971-2974	Sin	
2-149	2975-2980	autem	
2-150	2981-2984	non	
2-151	2985-2993	potuerit	
2-152	2994-3001	offerre	
2-153	3002-3007	pecus	
2-154	3007-3008	,	
2-155	3009-3016	offerat	
2-156	3017-3021	duos	
2-157	3022-3030	turtures	
2-158	3030-3031	,	
2-159	3032-3035	vel	
2-160	3036-3040	duos	
2-161	3041-3047	pullos	
2-162	3048-3058	columbarum	
2-163	3059-3065	Domino	
2-164	3065-3066	,	
2-165	3067-3071	unum	
2-166	3072-3075	pro	
2-167	3076-3083	peccato	
2-168	3083-3084	,	
2-169	3085-3087	et	
2-170	3088-3095	alterum	
2-171	3096-3098	in	
2-172	3099-3110	holocaustum	
2-173	3110-3111	,	
2-174	3112-3113	8	
2-175	3114-3122	dabitque	
2-176	3123-3126	eos	
2-177	3127-3136	sacerdoti	
2-178	3137-3138	:	
2-179	3139-3142	qui	
2-180	3143-3149	primum	
2-181	3150-3158	offerens	
2-182	3159-3162	pro	
2-183	3163-3170	peccato	
2-184	3170-3171	,	
2-185	3172-3183	retorquebit	
2-186	3184-3189	caput	
2-187	3190-3194	ejus	
2-188	3195-3197	ad	
2-189	3198-3206	pennulas	
2-190	3206-3207	,	
2-191	3208-3211	ita	
2-192	3212-3214	ut	
2-193	3215-3220	collo	
2-194	3221-3227	hæreat	
2-195	3227-3228	,	
2-196	3229-3231	et	
2-197	3232-3235	non	
2-198	3236-3243	penitus	
2-199	3244-3254	abrumpatur	
2-200	3254-3255	.	
2-201	3256-3257	9	
2-202	3258-3260	Et	
2-203	3261-3269	asperget	
2-204	3270-3272	de	
2-205	3273-3281	sanguine	
2-206	3282-3286	ejus	
2-207	3287-3295	parietem	
2-208	3296-3303	altaris	
2-209	3304-3305	;	
2-210	3306-3314	quidquid	
2-211	3315-3320	autem	
2-212	3321-3329	reliquum	
2-213	3330-3336	fuerit	
2-214	3336-3337	,	
2-215	3338-3344	faciet	
2-216	3345-3355	distillare	
2-217	3356-3358	ad	
2-218	3359-3370	fundamentum	
2-219	3371-3375	ejus	
2-220	3375-3376	,	
2-221	3377-3381	quia	
2-222	3382-3385	pro	
2-223	3386-3393	peccato	
2-224	3394-3397	est	
2-225	3397-3398	.	
2-226	3399-3401	10	
2-227	3402-3409	Alterum	
2-228	3410-3414	vero	
2-229	3415-3423	adolebit	
2-230	3424-3426	in	
2-231	3427-3438	holocaustum	
2-232	3438-3439	,	
2-233	3440-3442	ut	
2-234	3443-3448	fieri	
2-235	3449-3454	solet	
2-236	3455-3456	:	
2-237	3457-3467	rogabitque	
2-238	3468-3471	pro	
2-239	3472-3474	eo	
2-240	3475-3483	sacerdos	
2-241	3484-3486	et	
2-242	3487-3490	pro	
2-243	3491-3498	peccato	
2-244	3499-3503	ejus	
2-245	3503-3504	,	
2-246	3505-3507	et	
2-247	3508-3518	dimittetur	
2-248	3519-3521	ei	
2-249	3521-3522	.	
2-250	3523-3525	11	
2-251	3526-3530	Quod	
2-252	3531-3533	si	
2-253	3534-3537	non	
2-254	3538-3546	quiverit	
2-255	3547-3552	manus	
2-256	3553-3557	ejus	
2-257	3558-3562	duos	
2-258	3563-3570	offerre	
2-259	3571-3579	turtures	
2-260	3579-3580	,	
2-261	3581-3584	aut	
2-262	3585-3589	duos	
2-263	3590-3596	pullos	
2-264	3597-3607	columbarum	
2-265	3607-3608	,	
2-266	3609-3616	offeret	
2-267	3617-3620	pro	
2-268	3621-3628	peccato	
2-269	3629-3632	suo	
2-270	3633-3639	similæ	
2-271	3640-3646	partem	
2-272	3647-3651	ephi	
2-273	3652-3659	decimam	
2-274	3660-3661	:	
2-275	3662-3665	non	
2-276	3666-3672	mittet	
2-277	3673-3675	in	
2-278	3676-3679	eam	
2-279	3680-3685	oleum	
2-280	3685-3686	,	
2-281	3687-3690	nec	
2-282	3691-3697	thuris	
2-283	3698-3705	aliquid	
2-284	3706-3713	imponet	
2-285	3713-3714	,	
2-286	3715-3719	quia	
2-287	3720-3723	pro	
2-288	3724-3731	peccato	
2-289	3732-3735	est	
2-290	3735-3736	.	
