#FORMAT=WebAnno TSV 3.3


#Text=5 Sede tacens, et intra in tenebras, filia Chaldæorum, quia non vocaberis ultra domina regnorum.
#Text=6 Iratus sum super populum meum : contaminavi hæreditatem meam, et dedi eos in manu tua : non posuisti eis misericordias ; super senem aggravasti jugum tuum valde.
#Text=7 Et dixisti : In sempiternum ero domina.
1-1	2-3	5	
1-2	4-8	Sede	
1-3	9-15	tacens	
1-4	15-16	,	
1-5	17-19	et	
1-6	20-25	intra	
1-7	26-28	in	
1-8	29-37	tenebras	
1-9	37-38	,	
1-10	39-44	filia	
1-11	45-55	Chaldæorum	
1-12	55-56	,	
1-13	57-61	quia	
1-14	62-65	non	
1-15	66-75	vocaberis	
1-16	76-81	ultra	
1-17	82-88	domina	
1-18	89-97	regnorum	
1-19	97-98	.	
1-20	99-100	6	
1-21	101-107	Iratus	
1-22	108-111	sum	
1-23	112-117	super	
1-24	118-125	populum	
1-25	126-130	meum	
1-26	131-132	:	
1-27	133-144	contaminavi	
1-28	145-156	hæreditatem	
1-29	157-161	meam	
1-30	161-162	,	
1-31	163-165	et	
1-32	166-170	dedi	
1-33	171-174	eos	
1-34	175-177	in	
1-35	178-182	manu	
1-36	183-186	tua	
1-37	187-188	:	
1-38	189-192	non	
1-39	193-201	posuisti	
1-40	202-205	eis	
1-41	206-219	misericordias	
1-42	220-221	;	
1-43	222-227	super	
1-44	228-233	senem	
1-45	234-244	aggravasti	
1-46	245-250	jugum	
1-47	251-255	tuum	
1-48	256-261	valde	
1-49	261-262	.	
1-50	263-264	7	
1-51	265-267	Et	
1-52	268-275	dixisti	
1-53	276-277	:	
1-54	278-280	In	
1-55	281-292	sempiternum	
1-56	293-296	ero	
1-57	297-303	domina	
1-58	303-304	.	

#Text=Non posuisti hæc super cor tuum, neque recordata es novissimi tui.
#Text=8 Et nunc audi hæc delicata, et habitans confidenter, quæ dicis in corde tuo : Ego sum, et non est præter me amplius ; non sedebo vidua, et ignorabo sterilitatem.
#Text=9 Venient tibi duo hæc subito in die una, sterilitas et viduitas : universa venerunt super te, propter multitudinem maleficiorum tuorum, et propter duritiam incantatorum tuorum vehementem.
#Text=10 Et fiduciam habuisti in malitia tua, et dixisti : Non est qui videat me.
2-1	305-308	Non	
2-2	309-317	posuisti	
2-3	318-321	hæc	
2-4	322-327	super	
2-5	328-331	cor	
2-6	332-336	tuum	
2-7	336-337	,	
2-8	338-343	neque	
2-9	344-353	recordata	
2-10	354-356	es	
2-11	357-366	novissimi	
2-12	367-370	tui	
2-13	370-371	.	
2-14	372-373	8	
2-15	374-376	Et	
2-16	377-381	nunc	
2-17	382-386	audi	
2-18	387-390	hæc	
2-19	391-399	delicata	
2-20	399-400	,	
2-21	401-403	et	
2-22	404-412	habitans	
2-23	413-424	confidenter	
2-24	424-425	,	
2-25	426-429	quæ	
2-26	430-435	dicis	
2-27	436-438	in	
2-28	439-444	corde	
2-29	445-448	tuo	
2-30	449-450	:	
2-31	451-454	Ego	
2-32	455-458	sum	
2-33	458-459	,	
2-34	460-462	et	
2-35	463-466	non	
2-36	467-470	est	
2-37	471-477	præter	
2-38	478-480	me	
2-39	481-488	amplius	
2-40	489-490	;	
2-41	491-494	non	
2-42	495-501	sedebo	
2-43	502-507	vidua	
2-44	507-508	,	
2-45	509-511	et	
2-46	512-520	ignorabo	
2-47	521-533	sterilitatem	
2-48	533-534	.	
2-49	535-536	9	
2-50	537-544	Venient	
2-51	545-549	tibi	
2-52	550-553	duo	
2-53	554-557	hæc	
2-54	558-564	subito	
2-55	565-567	in	
2-56	568-571	die	
2-57	572-575	una	
2-58	575-576	,	
2-59	577-587	sterilitas	
2-60	588-590	et	
2-61	591-599	viduitas	
2-62	600-601	:	
2-63	602-610	universa	
2-64	611-619	venerunt	
2-65	620-625	super	
2-66	626-628	te	
2-67	628-629	,	
2-68	630-637	propter	
2-69	638-650	multitudinem	
2-70	651-663	maleficiorum	
2-71	664-670	tuorum	
2-72	670-671	,	
2-73	672-674	et	
2-74	675-682	propter	
2-75	683-691	duritiam	
2-76	692-704	incantatorum	
2-77	705-711	tuorum	
2-78	712-722	vehementem	
2-79	722-723	.	
2-80	724-726	10	
2-81	727-729	Et	
2-82	730-738	fiduciam	
2-83	739-747	habuisti	
2-84	748-750	in	
2-85	751-758	malitia	
2-86	759-762	tua	
2-87	762-763	,	
2-88	764-766	et	
2-89	767-774	dixisti	
2-90	775-776	:	
2-91	777-780	Non	
2-92	781-784	est	
2-93	785-788	qui	
2-94	789-795	videat	
2-95	796-798	me	
2-96	798-799	.	

#Text=Sapientia tua et scientia tua, hæc decepit te.
3-1	800-809	Sapientia	
3-2	810-813	tua	
3-3	814-816	et	
3-4	817-825	scientia	
3-5	826-829	tua	
3-6	829-830	,	
3-7	831-834	hæc	
3-8	835-842	decepit	
3-9	843-845	te	
3-10	845-846	.	

#Text=Et dixisti in corde tuo : Ego sum, et præter me non est altera.
#Text=11 Veniet super te malum, et nescies ortum ejus ; et irruet super te calamitas quam non poteris expiare ; veniet super te repente miseria quam nescies.
#Text=12 Sta cum incantatoribus tuis et cum multitudine maleficiorum tuorum, in quibus laborasti ab adolescentia tua, si forte quod prosit tibi, aut si possis fieri fortior.
#Text=13 Defecisti in multitudine consiliorum tuorum.
4-1	847-849	Et	
4-2	850-857	dixisti	
4-3	858-860	in	
4-4	861-866	corde	
4-5	867-870	tuo	
4-6	871-872	:	
4-7	873-876	Ego	
4-8	877-880	sum	
4-9	880-881	,	
4-10	882-884	et	
4-11	885-891	præter	
4-12	892-894	me	
4-13	895-898	non	
4-14	899-902	est	
4-15	903-909	altera	
4-16	909-910	.	
4-17	911-913	11	
4-18	914-920	Veniet	
4-19	921-926	super	
4-20	927-929	te	
4-21	930-935	malum	
4-22	935-936	,	
4-23	937-939	et	
4-24	940-947	nescies	
4-25	948-953	ortum	
4-26	954-958	ejus	
4-27	959-960	;	
4-28	961-963	et	
4-29	964-970	irruet	
4-30	971-976	super	
4-31	977-979	te	
4-32	980-989	calamitas	
4-33	990-994	quam	
4-34	995-998	non	
4-35	999-1006	poteris	
4-36	1007-1014	expiare	
4-37	1015-1016	;	
4-38	1017-1023	veniet	
4-39	1024-1029	super	
4-40	1030-1032	te	
4-41	1033-1040	repente	
4-42	1041-1048	miseria	
4-43	1049-1053	quam	
4-44	1054-1061	nescies	
4-45	1061-1062	.	
4-46	1063-1065	12	
4-47	1066-1069	Sta	
4-48	1070-1073	cum	
4-49	1074-1088	incantatoribus	
4-50	1089-1093	tuis	
4-51	1094-1096	et	
4-52	1097-1100	cum	
4-53	1101-1112	multitudine	
4-54	1113-1125	maleficiorum	
4-55	1126-1132	tuorum	
4-56	1132-1133	,	
4-57	1134-1136	in	
4-58	1137-1143	quibus	
4-59	1144-1153	laborasti	
4-60	1154-1156	ab	
4-61	1157-1169	adolescentia	
4-62	1170-1173	tua	
4-63	1173-1174	,	
4-64	1175-1177	si	
4-65	1178-1183	forte	
4-66	1184-1188	quod	
4-67	1189-1195	prosit	
4-68	1196-1200	tibi	
4-69	1200-1201	,	
4-70	1202-1205	aut	
4-71	1206-1208	si	
4-72	1209-1215	possis	
4-73	1216-1221	fieri	
4-74	1222-1229	fortior	
4-75	1229-1230	.	
4-76	1231-1233	13	
4-77	1234-1243	Defecisti	
4-78	1244-1246	in	
4-79	1247-1258	multitudine	
4-80	1259-1270	consiliorum	
4-81	1271-1277	tuorum	
4-82	1277-1278	.	

#Text=Stent, et salvent te augures cæli, qui contemplabantur sidera, et supputabant menses, ut ex eis annuntiarent ventura tibi.
#Text=14 Ecce facti sunt quasi stipula, ignis combussit eos ; non liberabunt animam suam de manu flammæ ; non sunt prunæ quibus calefiant, nec focus ut sedeant ad eum.
#Text=15 Sic facta sunt tibi in quibuscumque laboraveras : negotiatores tui ab adolescentia tua, unusquisque in via sua erraverunt ; non est qui salvet te.
5-1	1279-1284	Stent	
5-2	1284-1285	,	
5-3	1286-1288	et	
5-4	1289-1296	salvent	
5-5	1297-1299	te	
5-6	1300-1307	augures	
5-7	1308-1312	cæli	
5-8	1312-1313	,	
5-9	1314-1317	qui	
5-10	1318-1333	contemplabantur	
5-11	1334-1340	sidera	
5-12	1340-1341	,	
5-13	1342-1344	et	
5-14	1345-1356	supputabant	
5-15	1357-1363	menses	
5-16	1363-1364	,	
5-17	1365-1367	ut	
5-18	1368-1370	ex	
5-19	1371-1374	eis	
5-20	1375-1387	annuntiarent	
5-21	1388-1395	ventura	
5-22	1396-1400	tibi	
5-23	1400-1401	.	
5-24	1402-1404	14	
5-25	1405-1409	Ecce	
5-26	1410-1415	facti	
5-27	1416-1420	sunt	
5-28	1421-1426	quasi	
5-29	1427-1434	stipula	
5-30	1434-1435	,	
5-31	1436-1441	ignis	
5-32	1442-1451	combussit	
5-33	1452-1455	eos	
5-34	1456-1457	;	
5-35	1458-1461	non	
5-36	1462-1472	liberabunt	
5-37	1473-1479	animam	
5-38	1480-1484	suam	
5-39	1485-1487	de	
5-40	1488-1492	manu	
5-41	1493-1499	flammæ	
5-42	1500-1501	;	
5-43	1502-1505	non	
5-44	1506-1510	sunt	
5-45	1511-1516	prunæ	
5-46	1517-1523	quibus	
5-47	1524-1533	calefiant	
5-48	1533-1534	,	
5-49	1535-1538	nec	
5-50	1539-1544	focus	
5-51	1545-1547	ut	
5-52	1548-1555	sedeant	
5-53	1556-1558	ad	
5-54	1559-1562	eum	
5-55	1562-1563	.	
5-56	1564-1566	15	
5-57	1567-1570	Sic	
5-58	1571-1576	facta	
5-59	1577-1581	sunt	
5-60	1582-1586	tibi	
5-61	1587-1589	in	
5-62	1590-1602	quibuscumque	
5-63	1603-1614	laboraveras	
5-64	1615-1616	:	
5-65	1617-1629	negotiatores	
5-66	1630-1633	tui	
5-67	1634-1636	ab	
5-68	1637-1649	adolescentia	
5-69	1650-1653	tua	
5-70	1653-1654	,	
5-71	1655-1666	unusquisque	
5-72	1667-1669	in	
5-73	1670-1673	via	
5-74	1674-1677	sua	
5-75	1678-1688	erraverunt	
5-76	1689-1690	;	
5-77	1691-1694	non	
5-78	1695-1698	est	
5-79	1699-1702	qui	
5-80	1703-1709	salvet	
5-81	1710-1712	te	
5-82	1712-1713	.	

#Text=Caput 48
#Text=
#Text=
#Text=1 Audite hæc, domus Jacob, qui vocamini nomine Israël, et de aquis Juda existis ; qui juratis in nomine Domini, et Dei Israël recordamini non in veritate neque in justitia.
#Text=2 De civitate enim sancta vocati sunt, et super Deum Israël constabiliti sunt : Dominus exercituum nomen ejus.
#Text=3 Priora ex tunc annuntiavi, et ex ore meo exierunt, et audita feci ea : repente operatus sum, et venerunt.
#Text=4 Scivi enim quia durus es tu, et nervus ferreus cervix tua, et frons tua ærea.
#Text=5 Prædixi tibi ex tunc ; antequam venirent, indicavi tibi, ne forte diceres : Idola mea fecerunt hæc, et sculptilia mea et conflatilia mandaverunt ista.
6-1	1714-1719	Caput	
6-2	1720-1722	48	
6-3	1725-1726	1	
6-4	1727-1733	Audite	
6-5	1734-1737	hæc	
6-6	1737-1738	,	
6-7	1739-1744	domus	
6-8	1745-1750	Jacob	
6-9	1750-1751	,	
6-10	1752-1755	qui	
6-11	1756-1764	vocamini	
6-12	1765-1771	nomine	
6-13	1772-1778	Israël	
6-14	1778-1779	,	
6-15	1780-1782	et	
6-16	1783-1785	de	
6-17	1786-1791	aquis	
6-18	1792-1796	Juda	
6-19	1797-1804	existis	
6-20	1805-1806	;	
6-21	1807-1810	qui	
6-22	1811-1818	juratis	
6-23	1819-1821	in	
6-24	1822-1828	nomine	
6-25	1829-1835	Domini	
6-26	1835-1836	,	
6-27	1837-1839	et	
6-28	1840-1843	Dei	
6-29	1844-1850	Israël	
6-30	1851-1862	recordamini	
6-31	1863-1866	non	
6-32	1867-1869	in	
6-33	1870-1878	veritate	
6-34	1879-1884	neque	
6-35	1885-1887	in	
6-36	1888-1896	justitia	
6-37	1896-1897	.	
6-38	1898-1899	2	
6-39	1900-1902	De	
6-40	1903-1911	civitate	
6-41	1912-1916	enim	
6-42	1917-1923	sancta	
6-43	1924-1930	vocati	
6-44	1931-1935	sunt	
6-45	1935-1936	,	
6-46	1937-1939	et	
6-47	1940-1945	super	
6-48	1946-1950	Deum	
6-49	1951-1957	Israël	
6-50	1958-1970	constabiliti	
6-51	1971-1975	sunt	
6-52	1976-1977	:	
6-53	1978-1985	Dominus	
6-54	1986-1996	exercituum	
6-55	1997-2002	nomen	
6-56	2003-2007	ejus	
6-57	2007-2008	.	
6-58	2009-2010	3	
6-59	2011-2017	Priora	
6-60	2018-2020	ex	
6-61	2021-2025	tunc	
6-62	2026-2036	annuntiavi	
6-63	2036-2037	,	
6-64	2038-2040	et	
6-65	2041-2043	ex	
6-66	2044-2047	ore	
6-67	2048-2051	meo	
6-68	2052-2060	exierunt	
6-69	2060-2061	,	
6-70	2062-2064	et	
6-71	2065-2071	audita	
6-72	2072-2076	feci	
6-73	2077-2079	ea	
6-74	2080-2081	:	
6-75	2082-2089	repente	
6-76	2090-2098	operatus	
6-77	2099-2102	sum	
6-78	2102-2103	,	
6-79	2104-2106	et	
6-80	2107-2115	venerunt	
6-81	2115-2116	.	
6-82	2117-2118	4	
6-83	2119-2124	Scivi	
6-84	2125-2129	enim	
6-85	2130-2134	quia	
6-86	2135-2140	durus	
6-87	2141-2143	es	
6-88	2144-2146	tu	
6-89	2146-2147	,	
6-90	2148-2150	et	
6-91	2151-2157	nervus	
6-92	2158-2165	ferreus	
6-93	2166-2172	cervix	
6-94	2173-2176	tua	
6-95	2176-2177	,	
6-96	2178-2180	et	
6-97	2181-2186	frons	
6-98	2187-2190	tua	
6-99	2191-2195	ærea	
6-100	2195-2196	.	
6-101	2197-2198	5	
6-102	2199-2206	Prædixi	
6-103	2207-2211	tibi	
6-104	2212-2214	ex	
6-105	2215-2219	tunc	
6-106	2220-2221	;	
6-107	2222-2230	antequam	
6-108	2231-2239	venirent	
6-109	2239-2240	,	
6-110	2241-2249	indicavi	
6-111	2250-2254	tibi	
6-112	2254-2255	,	
6-113	2256-2258	ne	
6-114	2259-2264	forte	
6-115	2265-2272	diceres	
6-116	2273-2274	:	
6-117	2275-2280	Idola	
6-118	2281-2284	mea	
6-119	2285-2293	fecerunt	
6-120	2294-2297	hæc	
6-121	2297-2298	,	
6-122	2299-2301	et	
6-123	2302-2312	sculptilia	
6-124	2313-2316	mea	
6-125	2317-2319	et	
6-126	2320-2331	conflatilia	
6-127	2332-2343	mandaverunt	
6-128	2344-2348	ista	
6-129	2348-2349	.	
