#FORMAT=WebAnno TSV 3.3


#Text='t Panneel is naakt, indien 't zich met geen lyst wil kleeden.
1-1	2-3	'	
1-2	3-4	t	
1-3	5-12	Panneel	
1-4	13-15	is	
1-5	16-21	naakt	
1-6	21-22	,	
1-7	23-29	indien	
1-8	30-31	'	
1-9	31-32	t	
1-10	33-37	zich	
1-11	38-41	met	
1-12	42-46	geen	
1-13	47-51	lyst	
1-14	52-55	wil	
1-15	56-63	kleeden	
1-16	63-64	.	

#Text=De goôn zyn zelver graagh gedient in kostelheên.
2-1	67-69	De	
2-2	70-74	goôn	
2-3	75-78	zyn	
2-4	79-85	zelver	
2-5	86-92	graagh	
2-6	93-100	gedient	
2-7	101-103	in	
2-8	104-114	kostelheên	
2-9	114-115	.	

#Text=Van daagh begint den dagh om 't Raadthuis te bekleên.
3-1	117-120	Van	
3-2	121-126	daagh	
3-3	127-133	begint	
3-4	134-137	den	
3-5	138-142	dagh	
3-6	143-145	om	
3-7	146-147	'	
3-8	147-148	t	
3-9	149-158	Raadthuis	
3-10	159-161	te	
3-11	162-169	bekleên	
3-12	169-170	.	

#Text=Zoo sprak de Hemeltolk.
4-1	172-175	Zoo	
4-2	176-181	sprak	
4-3	182-184	de	
4-4	185-194	Hemeltolk	
4-5	194-195	.	

#Text=Jupyn, die alles hoorde,
#Text=Leit zyne blixem neêr, en zegt:
#Text=ik wil naar 't Noorde',
#Text=
#Text=Om 't nieuw gebouw te zien.
#Text=de vlugge boode haalt
#Text=Zyn goude wagen, die van diamanten straalt,
#Text=
#Text=En duizent glansen, daar de Zon meê wenst te deelen.
5-1	196-201	Jupyn	
5-2	201-202	,	
5-3	203-206	die	
5-4	207-212	alles	
5-5	213-219	hoorde	
5-6	219-220	,	
5-7	221-225	Leit	
5-8	226-230	zyne	
5-9	231-237	blixem	
5-10	238-242	neêr	
5-11	242-243	,	
5-12	244-246	en	
5-13	247-251	zegt	
5-14	251-252	:	
5-15	253-255	ik	
5-16	256-259	wil	
5-17	260-264	naar	
5-18	265-266	'	
5-19	266-267	t	
5-20	268-274	Noorde	
5-21	274-275	'	
5-22	275-276	,	
5-23	278-280	Om	
5-24	281-282	'	
5-25	282-283	t	
5-26	284-289	nieuw	
5-27	290-296	gebouw	
5-28	297-299	te	
5-29	300-304	zien	
5-30	304-305	.	
5-31	306-308	de	
5-32	309-315	vlugge	
5-33	316-321	boode	
5-34	322-327	haalt	
5-35	328-331	Zyn	
5-36	332-337	goude	
5-37	338-343	wagen	
5-38	343-344	,	
5-39	345-348	die	
5-40	349-352	van	
5-41	353-362	diamanten	
5-42	363-370	straalt	
5-43	370-371	,	
5-44	373-375	En	
5-45	376-383	duizent	
5-46	384-391	glansen	
5-47	391-392	,	
5-48	393-397	daar	
5-49	398-400	de	
5-50	401-404	Zon	
5-51	405-408	meê	
5-52	409-414	wenst	
5-53	415-417	te	
5-54	418-424	deelen	
5-55	424-425	.	

#Text=Hy wordt van adelaars in paarele gareelen,
#Text=Getrokken deur de lucht, die voor zyn aankomst wykt.
6-1	427-429	Hy	
6-2	430-435	wordt	
6-3	436-439	van	
6-4	440-448	adelaars	
6-5	449-451	in	
6-6	452-459	paarele	
6-7	460-468	gareelen	
6-8	468-469	,	
6-9	470-479	Getrokken	
6-10	480-484	deur	
6-11	485-487	de	
6-12	488-493	lucht	
6-13	493-494	,	
6-14	495-498	die	
6-15	499-503	voor	
6-16	504-507	zyn	
6-17	508-516	aankomst	
6-18	517-521	wykt	
6-19	521-522	.	

#Text=Hier tussen
#Text=was de markt in tal van volk verrykt.
7-1	525-529	Hier	
7-2	530-536	tussen	
7-3	537-540	was	
7-4	541-543	de	
7-5	544-549	markt	
7-6	550-552	in	
7-7	553-556	tal	
7-8	557-560	van	
7-9	561-565	volk	
7-10	566-573	verrykt	
7-11	573-574	.	

#Text=De steeden loopen uit.
#Text=het krielt in alle wyken,
#Text=
#Text=Om d'intreê van de Raadt op 't Raadthuis te bekyken.
8-1	577-579	De	
8-2	580-587	steeden	
8-3	588-594	loopen	
8-4	595-598	uit	
8-5	598-599	.	
8-6	600-603	het	
8-7	604-610	krielt	
8-8	611-613	in	
8-9	614-618	alle	
8-10	619-624	wyken	
8-11	624-625	,	
8-12	627-629	Om	
8-13	630-638	d'intreê	
8-14	639-642	van	
8-15	643-645	de	
8-16	646-651	Raadt	
8-17	652-654	op	
8-18	655-656	'	
8-19	656-657	t	
8-20	658-667	Raadthuis	
8-21	668-670	te	
8-22	671-678	bekyken	
8-23	678-679	.	

#Text=Jan Vos, Alle de gedichten.
9-1	682-685	Jan	
9-2	686-689	Vos	
9-3	689-690	,	
9-4	691-695	Alle	
9-5	696-698	de	
9-6	699-708	gedichten	
9-7	708-709	.	

#Text=Deel 1
10-1	710-714	Deel	
10-2	715-716	1	
