#FORMAT=WebAnno TSV 3.3


#Text=Sommigen worden reeds aan het begin hunner reize weder tot terugkeer genoodzaakt, enkele ellen hoog verheffen zij zich slechts, zij verkeeren geen dag in die ruimere spheer, naauwelijks eenige uren, en al zijn zij al van verre gekomen, toch worden zij digt bij de aarde gedrongen tot haar terug te keeren, als de uitstraling na den ondergang der zon den grond, waarop zij rusten, bekoelt en de wind te zwak is, om ze op zijne vleugelen in hoogere lagen te voeren.
1-1	2-10	Sommigen	
1-2	11-17	worden	
1-3	18-23	reeds	
1-4	24-27	aan	
1-5	28-31	het	
1-6	32-37	begin	
1-7	38-44	hunner	
1-8	45-50	reize	
1-9	51-56	weder	
1-10	57-60	tot	
1-11	61-70	terugkeer	
1-12	71-82	genoodzaakt	
1-13	82-83	,	
1-14	84-90	enkele	
1-15	91-96	ellen	
1-16	97-101	hoog	
1-17	102-111	verheffen	
1-18	112-115	zij	
1-19	116-120	zich	
1-20	121-128	slechts	
1-21	128-129	,	
1-22	130-133	zij	
1-23	134-143	verkeeren	
1-24	144-148	geen	
1-25	149-152	dag	
1-26	153-155	in	
1-27	156-159	die	
1-28	160-167	ruimere	
1-29	168-174	spheer	
1-30	174-175	,	
1-31	176-187	naauwelijks	
1-32	188-194	eenige	
1-33	195-199	uren	
1-34	199-200	,	
1-35	201-203	en	
1-36	204-206	al	
1-37	207-211	zijn	
1-38	212-215	zij	
1-39	216-218	al	
1-40	219-222	van	
1-41	223-228	verre	
1-42	229-236	gekomen	
1-43	236-237	,	
1-44	238-242	toch	
1-45	243-249	worden	
1-46	250-253	zij	
1-47	254-258	digt	
1-48	259-262	bij	
1-49	263-265	de	
1-50	266-271	aarde	
1-51	272-281	gedrongen	
1-52	282-285	tot	
1-53	286-290	haar	
1-54	291-296	terug	
1-55	297-299	te	
1-56	300-306	keeren	
1-57	306-307	,	
1-58	308-311	als	
1-59	312-314	de	
1-60	315-326	uitstraling	
1-61	327-329	na	
1-62	330-333	den	
1-63	334-343	ondergang	
1-64	344-347	der	
1-65	348-351	zon	
1-66	352-355	den	
1-67	356-361	grond	
1-68	361-362	,	
1-69	363-369	waarop	
1-70	370-373	zij	
1-71	374-380	rusten	
1-72	380-381	,	
1-73	382-389	bekoelt	
1-74	390-392	en	
1-75	393-395	de	
1-76	396-400	wind	
1-77	401-403	te	
1-78	404-408	zwak	
1-79	409-411	is	
1-80	411-412	,	
1-81	413-415	om	
1-82	416-418	ze	
1-83	419-421	op	
1-84	422-427	zijne	
1-85	428-437	vleugelen	
1-86	438-440	in	
1-87	441-448	hoogere	
1-88	449-454	lagen	
1-89	455-457	te	
1-90	458-464	voeren	
1-91	464-465	.	

#Text=De koude van den grond en hun eigen uitstraling, vooral als de lucht helder is en in hoogere streeken betrekkelijk droog, verstijft ze.
2-1	466-468	De	
2-2	469-474	koude	
2-3	475-478	van	
2-4	479-482	den	
2-5	483-488	grond	
2-6	489-491	en	
2-7	492-495	hun	
2-8	496-501	eigen	
2-9	502-513	uitstraling	
2-10	513-514	,	
2-11	515-521	vooral	
2-12	522-525	als	
2-13	526-528	de	
2-14	529-534	lucht	
2-15	535-541	helder	
2-16	542-544	is	
2-17	545-547	en	
2-18	548-550	in	
2-19	551-558	hoogere	
2-20	559-567	streeken	
2-21	568-580	betrekkelijk	
2-22	581-586	droog	
2-23	586-587	,	
2-24	588-597	verstijft	
2-25	598-600	ze	
2-26	600-601	.	

#Text=Zij zakken bij voorkeur tusschen het hooge gras en het graan neder, zetten zich wel als parelen daaraan af, die zich onder een nevel van meerdere of mindere digtheid en dikte verbergden, maar die plotseling des morgens glinsteren, als na het opkomen der zon toevallig een ochtendwindje die mist wegvaagt en zij in haar vriendelijk licht in alle kleuren spelen.
3-1	602-605	Zij	
3-2	606-612	zakken	
3-3	613-616	bij	
3-4	617-625	voorkeur	
3-5	626-634	tusschen	
3-6	635-638	het	
3-7	639-644	hooge	
3-8	645-649	gras	
3-9	650-652	en	
3-10	653-656	het	
3-11	657-662	graan	
3-12	663-668	neder	
3-13	668-669	,	
3-14	670-676	zetten	
3-15	677-681	zich	
3-16	682-685	wel	
3-17	686-689	als	
3-18	690-697	parelen	
3-19	698-705	daaraan	
3-20	706-708	af	
3-21	708-709	,	
3-22	710-713	die	
3-23	714-718	zich	
3-24	719-724	onder	
3-25	725-728	een	
3-26	729-734	nevel	
3-27	735-738	van	
3-28	739-747	meerdere	
3-29	748-750	of	
3-30	751-758	mindere	
3-31	759-767	digtheid	
3-32	768-770	en	
3-33	771-776	dikte	
3-34	777-787	verbergden	
3-35	787-788	,	
3-36	789-793	maar	
3-37	794-797	die	
3-38	798-808	plotseling	
3-39	809-812	des	
3-40	813-820	morgens	
3-41	821-831	glinsteren	
3-42	831-832	,	
3-43	833-836	als	
3-44	837-839	na	
3-45	840-843	het	
3-46	844-851	opkomen	
3-47	852-855	der	
3-48	856-859	zon	
3-49	860-869	toevallig	
3-50	870-873	een	
3-51	874-887	ochtendwindje	
3-52	888-891	die	
3-53	892-896	mist	
3-54	897-905	wegvaagt	
3-55	906-908	en	
3-56	909-912	zij	
3-57	913-915	in	
3-58	916-920	haar	
3-59	921-932	vriendelijk	
3-60	933-938	licht	
3-61	939-941	in	
3-62	942-946	alle	
3-63	947-954	kleuren	
3-64	955-961	spelen	
3-65	961-962	.	

#Text=Weldadig zijn die dauwdruppen.
4-1	963-971	Weldadig	
4-2	972-976	zijn	
4-3	977-980	die	
4-4	981-992	dauwdruppen	
4-5	992-993	.	

#Text=Waar de regen een geruimen tijd niet viel of bijna nooit valt, daar zijn zij het, die den groei der planten nog mogelijk maken en bij hun kortstondig bestaan en in nederigen kring den landbouwer zoo gewenscht en nuttig zijn
5-1	994-998	Waar	
5-2	999-1001	de	
5-3	1002-1007	regen	
5-4	1008-1011	een	
5-5	1012-1020	geruimen	
5-6	1021-1025	tijd	
5-7	1026-1030	niet	
5-8	1031-1035	viel	
5-9	1036-1038	of	
5-10	1039-1044	bijna	
5-11	1045-1050	nooit	
5-12	1051-1055	valt	
5-13	1055-1056	,	
5-14	1057-1061	daar	
5-15	1062-1066	zijn	
5-16	1067-1070	zij	
5-17	1071-1074	het	
5-18	1074-1075	,	
5-19	1076-1079	die	
5-20	1080-1083	den	
5-21	1084-1089	groei	
5-22	1090-1093	der	
5-23	1094-1101	planten	
5-24	1102-1105	nog	
5-25	1106-1114	mogelijk	
5-26	1115-1120	maken	
5-27	1121-1123	en	
5-28	1124-1127	bij	
5-29	1128-1131	hun	
5-30	1132-1143	kortstondig	
5-31	1144-1151	bestaan	
5-32	1152-1154	en	
5-33	1155-1157	in	
5-34	1158-1167	nederigen	
5-35	1168-1173	kring	
5-36	1174-1177	den	
5-37	1178-1188	landbouwer	
5-38	1189-1192	zoo	
5-39	1193-1202	gewenscht	
5-40	1203-1205	en	
5-41	1206-1212	nuttig	
5-42	1213-1217	zijn	

#Text=.
6-1	1217-1218	.	

#Text=[
#Text=p. 38]
#Text=
#Text=
#Text=Gelijk
#Text=wij echter reeds zeiden er is een aanmerkelijk gedeelte der waterdampdeeltjes, dat hooger zich verheft en langer in den dampkring vertoeft.
7-1	1221-1222	[	
7-2	1223-1224	p	
7-3	1224-1225	.	
7-4	1226-1228	38	
7-5	1228-1229	]	
7-6	1232-1238	Gelijk	
7-7	1239-1242	wij	
7-8	1243-1249	echter	
7-9	1250-1255	reeds	
7-10	1256-1262	zeiden	
7-11	1263-1265	er	
7-12	1266-1268	is	
7-13	1269-1272	een	
7-14	1273-1285	aanmerkelijk	
7-15	1286-1294	gedeelte	
7-16	1295-1298	der	
7-17	1299-1316	waterdampdeeltjes	
7-18	1316-1317	,	
7-19	1318-1321	dat	
7-20	1322-1328	hooger	
7-21	1329-1333	zich	
7-22	1334-1341	verheft	
7-23	1342-1344	en	
7-24	1345-1351	langer	
7-25	1352-1354	in	
7-26	1355-1358	den	
7-27	1359-1368	dampkring	
7-28	1369-1377	vertoeft	
7-29	1377-1378	.	

#Text=Wij zouden de beteekenis van het water in de huishouding der natuur nog zeer onvolledig kennen, als wij ons niet met de toestanden dier waterdeeltjes tusschen hunne opheffing en hun nederslaan nader bekend maakten, en niet ook de overige vormen, welke zij kunnen aannemen, de vereenigingen, die zij aangaan evenzeer aan ons onderzoek onderwierpen.
8-1	1381-1384	Wij	
8-2	1385-1391	zouden	
8-3	1392-1394	de	
8-4	1395-1405	beteekenis	
8-5	1406-1409	van	
8-6	1410-1413	het	
8-7	1414-1419	water	
8-8	1420-1422	in	
8-9	1423-1425	de	
8-10	1426-1437	huishouding	
8-11	1438-1441	der	
8-12	1442-1448	natuur	
8-13	1449-1452	nog	
8-14	1453-1457	zeer	
8-15	1458-1468	onvolledig	
8-16	1469-1475	kennen	
8-17	1475-1476	,	
8-18	1477-1480	als	
8-19	1481-1484	wij	
8-20	1485-1488	ons	
8-21	1489-1493	niet	
8-22	1494-1497	met	
8-23	1498-1500	de	
8-24	1501-1511	toestanden	
8-25	1512-1516	dier	
8-26	1517-1530	waterdeeltjes	
8-27	1531-1539	tusschen	
8-28	1540-1545	hunne	
8-29	1546-1555	opheffing	
8-30	1556-1558	en	
8-31	1559-1562	hun	
8-32	1563-1573	nederslaan	
8-33	1574-1579	nader	
8-34	1580-1586	bekend	
8-35	1587-1594	maakten	
8-36	1594-1595	,	
8-37	1596-1598	en	
8-38	1599-1603	niet	
8-39	1604-1607	ook	
8-40	1608-1610	de	
8-41	1611-1618	overige	
8-42	1619-1625	vormen	
8-43	1625-1626	,	
8-44	1627-1632	welke	
8-45	1633-1636	zij	
8-46	1637-1643	kunnen	
8-47	1644-1652	aannemen	
8-48	1652-1653	,	
8-49	1654-1656	de	
8-50	1657-1670	vereenigingen	
8-51	1670-1671	,	
8-52	1672-1675	die	
8-53	1676-1679	zij	
8-54	1680-1687	aangaan	
8-55	1688-1696	evenzeer	
8-56	1697-1700	aan	
8-57	1701-1704	ons	
8-58	1705-1714	onderzoek	
8-59	1715-1727	onderwierpen	
8-60	1727-1728	.	

#Text=De eerste van die toestanden is die van onzigtbaren waterdamp.
9-1	1729-1731	De	
9-2	1732-1738	eerste	
9-3	1739-1742	van	
9-4	1743-1746	die	
9-5	1747-1757	toestanden	
9-6	1758-1760	is	
9-7	1761-1764	die	
9-8	1765-1768	van	
9-9	1769-1780	onzigtbaren	
9-10	1781-1790	waterdamp	
9-11	1790-1791	.	

#Text=Eenigen tijd blijven zij als deeltjes op zich zelve zonder met andere in eenige nadere verbinding te treden.
10-1	1793-1800	Eenigen	
10-2	1801-1805	tijd	
10-3	1806-1813	blijven	
10-4	1814-1817	zij	
10-5	1818-1821	als	
10-6	1822-1830	deeltjes	
10-7	1831-1833	op	
10-8	1834-1838	zich	
10-9	1839-1844	zelve	
10-10	1845-1851	zonder	
10-11	1852-1855	met	
10-12	1856-1862	andere	
10-13	1863-1865	in	
10-14	1866-1872	eenige	
10-15	1873-1879	nadere	
10-16	1880-1890	verbinding	
10-17	1891-1893	te	
10-18	1894-1900	treden	
10-19	1900-1901	.	

#Text=Dat zou dan de eigenlijke damptoestand zijn, waarin wij van spanning kunnen gewagen, die dan door den psychrometer wordt gemeten, eene spanning afhankelijk van de temperatuur, op eene wijze, die in de tafels der natuurkundigen wordt aangegeven, en van de drukking, die hooger geplaatste dampdeeltjes er op uitoefenen.
11-1	1902-1905	Dat	
11-2	1906-1909	zou	
11-3	1910-1913	dan	
11-4	1914-1916	de	
11-5	1917-1927	eigenlijke	
11-6	1928-1940	damptoestand	
11-7	1941-1945	zijn	
11-8	1945-1946	,	
11-9	1947-1953	waarin	
11-10	1954-1957	wij	
11-11	1958-1961	van	
11-12	1962-1970	spanning	
11-13	1971-1977	kunnen	
11-14	1978-1985	gewagen	
11-15	1985-1986	,	
11-16	1987-1990	die	
11-17	1991-1994	dan	
11-18	1995-1999	door	
11-19	2000-2003	den	
11-20	2004-2016	psychrometer	
11-21	2017-2022	wordt	
11-22	2023-2030	gemeten	
11-23	2030-2031	,	
11-24	2032-2036	eene	
11-25	2037-2045	spanning	
11-26	2046-2057	afhankelijk	
11-27	2058-2061	van	
11-28	2062-2064	de	
11-29	2065-2076	temperatuur	
11-30	2076-2077	,	
11-31	2078-2080	op	
11-32	2081-2085	eene	
11-33	2086-2091	wijze	
11-34	2091-2092	,	
11-35	2093-2096	die	
11-36	2097-2099	in	
11-37	2100-2102	de	
11-38	2103-2109	tafels	
11-39	2110-2113	der	
11-40	2114-2128	natuurkundigen	
11-41	2129-2134	wordt	
11-42	2135-2145	aangegeven	
11-43	2145-2146	,	
11-44	2147-2149	en	
11-45	2150-2153	van	
11-46	2154-2156	de	
11-47	2157-2165	drukking	
11-48	2165-2166	,	
11-49	2167-2170	die	
11-50	2171-2177	hooger	
11-51	2178-2188	geplaatste	
11-52	2189-2201	dampdeeltjes	
11-53	2202-2204	er	
11-54	2205-2207	op	
11-55	2208-2218	uitoefenen	
11-56	2218-2219	.	

#Text=Zonder eene merkbare verbinding met onze lucht aan te gaan, vormen zij dan een ware atmospheer daarin, het hoogst en het digtst boven de zee in de warme deelen der aarde, verder ijler en lager in het binnenste der werelddeelen.
#Text=- Ook kan men ten naastenbij de hoeveelheid beoordeelen.
12-1	2220-2226	Zonder	
12-2	2227-2231	eene	
12-3	2232-2240	merkbare	
12-4	2241-2251	verbinding	
12-5	2252-2255	met	
12-6	2256-2260	onze	
12-7	2261-2266	lucht	
12-8	2267-2270	aan	
12-9	2271-2273	te	
12-10	2274-2278	gaan	
12-11	2278-2279	,	
12-12	2280-2286	vormen	
12-13	2287-2290	zij	
12-14	2291-2294	dan	
12-15	2295-2298	een	
12-16	2299-2303	ware	
12-17	2304-2314	atmospheer	
12-18	2315-2321	daarin	
12-19	2321-2322	,	
12-20	2323-2326	het	
12-21	2327-2333	hoogst	
12-22	2334-2336	en	
12-23	2337-2340	het	
12-24	2341-2347	digtst	
12-25	2348-2353	boven	
12-26	2354-2356	de	
12-27	2357-2360	zee	
12-28	2361-2363	in	
12-29	2364-2366	de	
12-30	2367-2372	warme	
12-31	2373-2379	deelen	
12-32	2380-2383	der	
12-33	2384-2389	aarde	
12-34	2389-2390	,	
12-35	2391-2397	verder	
12-36	2398-2403	ijler	
12-37	2404-2406	en	
12-38	2407-2412	lager	
12-39	2413-2415	in	
12-40	2416-2419	het	
12-41	2420-2429	binnenste	
12-42	2430-2433	der	
12-43	2434-2446	werelddeelen	
12-44	2446-2447	.	
12-45	2448-2449	-	
12-46	2450-2453	Ook	
12-47	2454-2457	kan	
12-48	2458-2461	men	
12-49	2462-2465	ten	
12-50	2466-2476	naastenbij	
12-51	2477-2479	de	
12-52	2480-2491	hoeveelheid	
12-53	2492-2503	beoordeelen	
12-54	2503-2504	.	

#Text=Sommigen zijn hierin wel eens te ver gegaan;
#Text=zij beweerden, dat men door dien psychrometer dus de hoeveelheid waterdamp eener vertikale kolom even goed konde bepalen, als de hoeveelheid lucht door middel van den barometer.
13-1	2505-2513	Sommigen	
13-2	2514-2518	zijn	
13-3	2519-2525	hierin	
13-4	2526-2529	wel	
13-5	2530-2534	eens	
13-6	2535-2537	te	
13-7	2538-2541	ver	
13-8	2542-2548	gegaan	
13-9	2548-2549	;	
13-10	2550-2553	zij	
13-11	2554-2563	beweerden	
13-12	2563-2564	,	
13-13	2565-2568	dat	
13-14	2569-2572	men	
13-15	2573-2577	door	
13-16	2578-2582	dien	
13-17	2583-2595	psychrometer	
13-18	2596-2599	dus	
13-19	2600-2602	de	
13-20	2603-2614	hoeveelheid	
13-21	2615-2624	waterdamp	
13-22	2625-2630	eener	
13-23	2631-2640	vertikale	
13-24	2641-2646	kolom	
13-25	2647-2651	even	
13-26	2652-2656	goed	
13-27	2657-2662	konde	
13-28	2663-2670	bepalen	
13-29	2670-2671	,	
13-30	2672-2675	als	
13-31	2676-2678	de	
13-32	2679-2690	hoeveelheid	
13-33	2691-2696	lucht	
13-34	2697-2701	door	
13-35	2702-2708	middel	
13-36	2709-2712	van	
13-37	2713-2716	den	
13-38	2717-2726	barometer	
13-39	2726-2727	.	
