#FORMAT=WebAnno TSV 3.3
#T_SP=custom.Span|label
#T_RL=custom.Relation|label|BT_custom.Span


#Text=Vnd den ſie Charibbe heiſſen/ der beiſſet vnnd brennet wie ein Pfef-
#Text=fer.
1-1	0-3	Vnd	_	_	_	
1-2	4-7	den	_	_	_	
1-3	8-11	ſie	_	_	_	
1-4	12-20	Charibbe	_	_	_	
1-5	21-28	heiſſen	_	_	_	
1-6	28-29	/	_	_	_	
1-7	30-33	der	_	_	_	
1-8	34-41	beiſſet	_	_	_	
1-9	42-46	vnnd	_	_	_	
1-10	47-54	brennet	_	_	_	
1-11	55-58	wie	_	_	_	
1-12	59-62	ein	_	_	_	
1-13	63-67	Pfef	_	_	_	
1-14	67-68	-	_	_	_	
1-15	69-72	fer	_	_	_	
1-16	72-73	.	_	_	_	

#Text=Der ander iſt ſanfft vnnd anmuͤhtiger zueſſen.
2-1	74-77	Der	_	_	_	
2-2	78-83	ander	_	_	_	
2-3	84-87	iſt	_	_	_	
2-4	88-94	ſanfft	_	_	_	
2-5	95-99	vnnd	_	_	_	
2-6	100-111	anmuͤhtiger	_	_	_	
2-7	112-119	zueſſen	_	_	_	
2-8	119-120	.	_	_	_	

#Text=Auch findet man gar ſuͤſſen
#Text=Axi/ vnnd ein andere Gat-
#Text=tung/ ſehr klein/
#Text=welcher wie Biſam reucht vnd wol ſchmecket.
3-1	121-125	Auch	_	_	_	
3-2	126-132	findet	_	_	_	
3-3	133-136	man	_	_	_	
3-4	137-140	gar	_	_	_	
3-5	141-148	ſuͤſſen	_	_	_	
3-6	149-152	Axi	_	_	_	
3-7	152-153	/	_	_	_	
3-8	154-158	vnnd	_	_	_	
3-9	159-162	ein	Smell\_Source[1]	_	_	
3-10	163-169	andere	Smell\_Source[1]	_	_	
3-11	170-173	Gat	Smell\_Source[1]	_	_	
3-12	173-174	-	Smell\_Source[1]	_	_	
3-13	175-179	tung	Smell\_Source[1]	_	_	
3-14	179-180	/	_	_	_	
3-15	181-185	ſehr	_	_	_	
3-16	186-191	klein	_	_	_	
3-17	191-192	/	_	_	_	
3-18	193-200	welcher	_	_	_	
3-19	201-204	wie	Evoked\_Odorant[2]	_	_	
3-20	205-210	Biſam	Evoked\_Odorant[2]	_	_	
3-21	211-217	reucht	Smell\_Word	*|*	3-19[2_0]|3-9[1_0]	
3-22	218-221	vnd	_	_	_	
3-23	222-225	wol	_	_	_	
3-24	226-235	ſchmecket	_	_	_	
3-25	235-236	.	_	_	_	

#Text=Summa es iſt die fuͤrnembſte Salſen vn-
#Text=ter allem Gewuͤrtz in Jndia.
4-1	237-242	Summa	_	_	_	
4-2	243-245	es	_	_	_	
4-3	246-249	iſt	_	_	_	
4-4	250-253	die	_	_	_	
4-5	254-265	fuͤrnembſte	_	_	_	
4-6	266-272	Salſen	_	_	_	
4-7	273-275	vn	_	_	_	
4-8	275-276	-	_	_	_	
4-9	277-280	ter	_	_	_	
4-10	281-286	allem	_	_	_	
4-11	287-295	Gewuͤrtz	_	_	_	
4-12	296-298	in	_	_	_	
4-13	299-304	Jndia	_	_	_	
4-14	304-305	.	_	_	_	

#Text=Gibt gute Dawung im Magen/
#Text=wann man deſſen maͤſſiglich im Eſſen
#Text=
#Text=brauchet.
5-1	306-310	Gibt	_	_	_	
5-2	311-315	gute	_	_	_	
5-3	316-322	Dawung	_	_	_	
5-4	323-325	im	_	_	_	
5-5	326-331	Magen	_	_	_	
5-6	331-332	/	_	_	_	
5-7	333-337	wann	_	_	_	
5-8	338-341	man	_	_	_	
5-9	342-348	deſſen	_	_	_	
5-10	349-360	maͤſſiglich	_	_	_	
5-11	361-363	im	_	_	_	
5-12	364-369	Eſſen	_	_	_	
5-13	371-379	brauchet	_	_	_	
5-14	379-380	.	_	_	_	

#Text=Da man aber vberfluͤſſig darvon jſſet/ bekompts ſehr vbel/
#Text=dann es von ſich ſelbſt heiß/ feucht
#Text=vnd durchdringend iſt/ vnnd jungen Leuten nicht allein an der Geſundheit vnd jhrem Leib
#Text=ſchaͤdlich iſt/
#Text=ſon-
#Text=dern ſie auch zur Vnzucht reitzet.
6-1	381-383	Da	_	_	_	
6-2	384-387	man	_	_	_	
6-3	388-392	aber	_	_	_	
6-4	393-405	vberfluͤſſig	_	_	_	
6-5	406-412	darvon	_	_	_	
6-6	413-418	jſſet	_	_	_	
6-7	418-419	/	_	_	_	
6-8	420-428	bekompts	_	_	_	
6-9	429-433	ſehr	_	_	_	
6-10	434-438	vbel	_	_	_	
6-11	438-439	/	_	_	_	
6-12	440-444	dann	_	_	_	
6-13	445-447	es	_	_	_	
6-14	448-451	von	_	_	_	
6-15	452-456	ſich	_	_	_	
6-16	457-463	ſelbſt	_	_	_	
6-17	464-468	heiß	_	_	_	
6-18	468-469	/	_	_	_	
6-19	470-476	feucht	_	_	_	
6-20	477-480	vnd	_	_	_	
6-21	481-494	durchdringend	_	_	_	
6-22	495-498	iſt	_	_	_	
6-23	498-499	/	_	_	_	
6-24	500-504	vnnd	_	_	_	
6-25	505-511	jungen	_	_	_	
6-26	512-518	Leuten	_	_	_	
6-27	519-524	nicht	_	_	_	
6-28	525-531	allein	_	_	_	
6-29	532-534	an	_	_	_	
6-30	535-538	der	_	_	_	
6-31	539-549	Geſundheit	_	_	_	
6-32	550-553	vnd	_	_	_	
6-33	554-559	jhrem	_	_	_	
6-34	560-564	Leib	_	_	_	
6-35	565-575	ſchaͤdlich	_	_	_	
6-36	576-579	iſt	_	_	_	
6-37	579-580	/	_	_	_	
6-38	581-584	ſon	_	_	_	
6-39	584-585	-	_	_	_	
6-40	586-590	dern	_	_	_	
6-41	591-594	ſie	_	_	_	
6-42	595-599	auch	_	_	_	
6-43	600-603	zur	_	_	_	
6-44	604-611	Vnzucht	_	_	_	
6-45	612-619	reitzet	_	_	_	
6-46	619-620	.	_	_	_	

#Text=Caribbe
#Text=
#Text=Spani-
#Text=ſcher Pfef-
#Text=fer.
7-1	624-631	Caribbe	_	_	_	
7-2	633-638	Spani	_	_	_	
7-3	638-639	-	_	_	_	
7-4	640-645	ſcher	_	_	_	
7-5	646-650	Pfef	_	_	_	
7-6	650-651	-	_	_	_	
7-7	652-655	fer	_	_	_	
7-8	655-656	.	_	_	_	

#Text=Der Weſt Jndiſche Platanus/ iſt auch dem andern Platano oder Palmbaum/ darvon die Alten
#Text=ſo viel gehalten/ nicht gleich.
8-1	659-662	Der	_	_	_	
8-2	663-667	Weſt	_	_	_	
8-3	668-676	Jndiſche	_	_	_	
8-4	677-685	Platanus	_	_	_	
8-5	685-686	/	_	_	_	
8-6	687-690	iſt	_	_	_	
8-7	691-695	auch	_	_	_	
8-8	696-699	dem	_	_	_	
8-9	700-706	andern	_	_	_	
8-10	707-714	Platano	_	_	_	
8-11	715-719	oder	_	_	_	
8-12	720-728	Palmbaum	_	_	_	
8-13	728-729	/	_	_	_	
8-14	730-736	darvon	_	_	_	
8-15	737-740	die	_	_	_	
8-16	741-746	Alten	_	_	_	
8-17	747-749	ſo	_	_	_	
8-18	750-754	viel	_	_	_	
8-19	755-763	gehalten	_	_	_	
8-20	763-764	/	_	_	_	
8-21	765-770	nicht	_	_	_	
8-22	771-777	gleich	_	_	_	
8-23	777-778	.	_	_	_	

#Text=Dann er hat vberauß groſſe Blaͤtter/
#Text=daß ſich mit einem Blat ein Mann
#Text=
#Text=bedecken
9-1	779-783	Dann	_	_	_	
9-2	784-786	er	_	_	_	
9-3	787-790	hat	_	_	_	
9-4	791-798	vberauß	_	_	_	
9-5	799-805	groſſe	_	_	_	
9-6	806-814	Blaͤtter	_	_	_	
9-7	814-815	/	_	_	_	
9-8	816-819	daß	_	_	_	
9-9	820-824	ſich	_	_	_	
9-10	825-828	mit	_	_	_	
9-11	829-834	einem	_	_	_	
9-12	835-839	Blat	_	_	_	
9-13	840-843	ein	_	_	_	
9-14	844-848	Mann	_	_	_	
9-15	850-858	bedecken	_	_	_	
