#FORMAT=WebAnno TSV 3.3
#T_SP=custom.Span|label
#T_RL=custom.Relation|label|BT_custom.Span


#Text=da es dann keiner andern Be-
#Text=reitung benoͤthiget, als daß es, wie ge-
#Text=dacht, beſchaffen, ingleichen ſo wenig
#Text=weiſſes drunter ſey, als immer moͤglich;
#Text=
#Text=denn dieſes hat weniger Kraft, als je-
#Text=nes.
1-1	2-4	da	_	_	_	
1-2	5-7	es	_	_	_	
1-3	8-12	dann	_	_	_	
1-4	13-19	keiner	_	_	_	
1-5	20-26	andern	_	_	_	
1-6	27-29	Be	_	_	_	
1-7	29-30	-	_	_	_	
1-8	31-38	reitung	_	_	_	
1-9	39-50	benoͤthiget	_	_	_	
1-10	50-51	,	_	_	_	
1-11	52-55	als	_	_	_	
1-12	56-59	daß	_	_	_	
1-13	60-62	es	_	_	_	
1-14	62-63	,	_	_	_	
1-15	64-67	wie	_	_	_	
1-16	68-70	ge	_	_	_	
1-17	70-71	-	_	_	_	
1-18	72-77	dacht	_	_	_	
1-19	77-78	,	_	_	_	
1-20	79-89	beſchaffen	_	_	_	
1-21	89-90	,	_	_	_	
1-22	91-101	ingleichen	_	_	_	
1-23	102-104	ſo	_	_	_	
1-24	105-110	wenig	_	_	_	
1-25	111-118	weiſſes	_	_	_	
1-26	119-126	drunter	_	_	_	
1-27	127-130	ſey	_	_	_	
1-28	130-131	,	_	_	_	
1-29	132-135	als	_	_	_	
1-30	136-141	immer	_	_	_	
1-31	142-150	moͤglich	_	_	_	
1-32	150-151	;	_	_	_	
1-33	153-157	denn	_	_	_	
1-34	158-164	dieſes	_	_	_	
1-35	165-168	hat	_	_	_	
1-36	169-176	weniger	_	_	_	
1-37	177-182	Kraft	_	_	_	
1-38	182-183	,	_	_	_	
1-39	184-187	als	_	_	_	
1-40	188-190	je	_	_	_	
1-41	190-191	-	_	_	_	
1-42	192-195	nes	_	_	_	
1-43	195-196	.	_	_	_	

#Text=Das dritte Capitel.
2-1	201-204	Das	_	_	_	
2-2	205-211	dritte	_	_	_	
2-3	212-219	Capitel	_	_	_	
2-4	219-220	.	_	_	_	

#Text=Vom Amberkraute.
3-1	223-226	Vom	_	_	_	
3-2	227-238	Amberkraute	_	_	_	
3-3	238-239	.	_	_	_	

#Text=DAs Marum iſt ein niedriges Ge-
#Text=waͤchs, gantz lieblich anzuſchauen,
#Text=hat gruͤnlichte, ſehr kleine Blaͤttlein, in
#Text=Geſtalt eines Spieseiſens, einen bittern
#Text=unangenehmen Geſchmack,
#Text=darum es
#Text=auch Marum, quaſi amarum, genennet
#Text=worden.
4-1	243-246	DAs	_	_	_	
4-2	247-252	Marum	_	_	_	
4-3	253-256	iſt	_	_	_	
4-4	257-260	ein	_	_	_	
4-5	261-270	niedriges	_	_	_	
4-6	271-273	Ge	_	_	_	
4-7	273-274	-	_	_	_	
4-8	275-281	waͤchs	_	_	_	
4-9	281-282	,	_	_	_	
4-10	283-288	gantz	_	_	_	
4-11	289-297	lieblich	_	_	_	
4-12	298-309	anzuſchauen	_	_	_	
4-13	309-310	,	_	_	_	
4-14	311-314	hat	_	_	_	
4-15	315-326	gruͤnlichte	_	_	_	
4-16	326-327	,	_	_	_	
4-17	328-332	ſehr	_	_	_	
4-18	333-339	kleine	_	_	_	
4-19	340-350	Blaͤttlein	_	_	_	
4-20	350-351	,	_	_	_	
4-21	352-354	in	_	_	_	
4-22	355-362	Geſtalt	_	_	_	
4-23	363-368	eines	_	_	_	
4-24	369-380	Spieseiſens	_	_	_	
4-25	380-381	,	_	_	_	
4-26	382-387	einen	_	_	_	
4-27	388-395	bittern	_	_	_	
4-28	396-408	unangenehmen	_	_	_	
4-29	409-418	Geſchmack	_	_	_	
4-30	418-419	,	_	_	_	
4-31	420-425	darum	_	_	_	
4-32	426-428	es	_	_	_	
4-33	429-433	auch	_	_	_	
4-34	434-439	Marum	_	_	_	
4-35	439-440	,	_	_	_	
4-36	441-446	quaſi	_	_	_	
4-37	447-453	amarum	_	_	_	
4-38	453-454	,	_	_	_	
4-39	455-463	genennet	_	_	_	
4-40	464-470	worden	_	_	_	
4-41	470-471	.	_	_	_	

#Text=Nach den Blaͤttern kommen
#Text=die Aehren, faſt wie am Lavendel, da-
#Text=raus entſprieſſen die purpurroͤthlichten
#Text=
#Text=ſehr ſtarck riechenden Bluͤmlein.
5-1	472-476	Nach	_	_	_	
5-2	477-480	den	_	_	_	
5-3	481-490	Blaͤttern	_	_	_	
5-4	491-497	kommen	_	_	_	
5-5	498-501	die	_	_	_	
5-6	502-508	Aehren	_	_	_	
5-7	508-509	,	_	_	_	
5-8	510-514	faſt	_	_	_	
5-9	515-518	wie	_	_	_	
5-10	519-521	am	_	_	_	
5-11	522-530	Lavendel	_	_	_	
5-12	530-531	,	_	_	_	
5-13	532-534	da	_	_	_	
5-14	534-535	-	_	_	_	
5-15	536-540	raus	_	_	_	
5-16	541-553	entſprieſſen	_	_	_	
5-17	554-557	die	_	_	_	
5-18	558-576	purpurroͤthlichten	_	_	_	
5-19	578-582	ſehr	Quality[1]	_	_	
5-20	583-589	ſtarck	Quality[1]	_	_	
5-21	590-600	riechenden	Smell\_Word	*|*	5-19[1_0]|5-22	
5-22	601-610	Bluͤmlein	Smell\_Source	_	_	
5-23	610-611	.	_	_	_	

#Text=Es waͤchſtſehr
#Text=haͤuffig auf den Hieres-
#Text=inſeln nahe bey Toulon, von dannen
#Text=
#Text=es, die ſein benoͤthiget ſind, moͤgen kom-
#Text=men laſſen.
6-1	614-616	Es	_	_	_	
6-2	617-628	waͤchſtſehr	_	_	_	
6-3	629-637	haͤuffig	_	_	_	
6-4	638-641	auf	_	_	_	
6-5	642-645	den	_	_	_	
6-6	646-652	Hieres	_	_	_	
6-7	652-653	-	_	_	_	
6-8	654-660	inſeln	_	_	_	
6-9	661-665	nahe	_	_	_	
6-10	666-669	bey	_	_	_	
6-11	670-676	Toulon	_	_	_	
6-12	676-677	,	_	_	_	
6-13	678-681	von	_	_	_	
6-14	682-688	dannen	_	_	_	
6-15	690-692	es	_	_	_	
6-16	692-693	,	_	_	_	
6-17	694-697	die	_	_	_	
6-18	698-702	ſein	_	_	_	
6-19	703-714	benoͤthiget	_	_	_	
6-20	715-719	ſind	_	_	_	
6-21	719-720	,	_	_	_	
6-22	721-727	moͤgen	_	_	_	
6-23	728-731	kom	_	_	_	
6-24	731-732	-	_	_	_	
6-25	733-736	men	_	_	_	
6-26	737-743	laſſen	_	_	_	
6-27	743-744	.	_	_	_	

#Text=Man ſoll daſſelbe erwehlen, welches
#Text=friſch iſt, einen ſtarcken Geruch hat, und
#Text=an dem die Bluͤmlein noch ſitzen;
#Text=das
#Text=auch ſo gruͤne iſt, als nur moͤglich.
7-1	748-751	Man	_	_	_	
7-2	752-756	ſoll	_	_	_	
7-3	757-765	daſſelbe	Smell\_Source[2]	_	_	
7-4	766-774	erwehlen	Smell\_Source[2]	_	_	
7-5	774-775	,	Smell\_Source[2]	_	_	
7-6	776-783	welches	Smell\_Source[2]	_	_	
7-7	784-790	friſch	Smell\_Source[2]	_	_	
7-8	791-794	iſt	Smell\_Source[2]	_	_	
7-9	794-795	,	Smell\_Source[2]	_	_	
7-10	796-801	einen	Smell\_Source[2]	_	_	
7-11	802-810	ſtarcken	Smell\_Source[2]|Quality[3]	_	_	
7-12	811-817	Geruch	Smell\_Source[2]|Smell\_Word[4]	*|*	7-11[3_4]|7-3[2_4]	
7-13	818-821	hat	Smell\_Source[2]	_	_	
7-14	821-822	,	Smell\_Source[2]	_	_	
7-15	823-826	und	Smell\_Source[2]	_	_	
7-16	827-829	an	Smell\_Source[2]	_	_	
7-17	830-833	dem	Smell\_Source[2]	_	_	
7-18	834-837	die	Smell\_Source[2]	_	_	
7-19	838-847	Bluͤmlein	Smell\_Source[2]	_	_	
7-20	848-852	noch	Smell\_Source[2]	_	_	
7-21	853-859	ſitzen	Smell\_Source[2]	_	_	
7-22	859-860	;	_	_	_	
7-23	861-864	das	_	_	_	
7-24	865-869	auch	_	_	_	
7-25	870-872	ſo	_	_	_	
7-26	873-879	gruͤne	_	_	_	
7-27	880-883	iſt	_	_	_	
7-28	883-884	,	_	_	_	
7-29	885-888	als	_	_	_	
7-30	889-892	nur	_	_	_	
7-31	893-901	moͤglich	_	_	_	
7-32	901-902	.	_	_	_	

#Text=Es wird in der Medicin faſt gar nicht
#Text=gebraucht, es muͤſte dann zu den tro-
#Text=chiſcis hedichroi ſeyn.
8-1	906-908	Es	_	_	_	
8-2	909-913	wird	_	_	_	
8-3	914-916	in	_	_	_	
8-4	917-920	der	_	_	_	
8-5	921-928	Medicin	_	_	_	
8-6	929-933	faſt	_	_	_	
8-7	934-937	gar	_	_	_	
8-8	938-943	nicht	_	_	_	
8-9	944-953	gebraucht	_	_	_	
8-10	953-954	,	_	_	_	
8-11	955-957	es	_	_	_	
8-12	958-964	muͤſte	_	_	_	
8-13	965-969	dann	_	_	_	
8-14	970-972	zu	_	_	_	
8-15	973-976	den	_	_	_	
8-16	977-980	tro	_	_	_	
8-17	980-981	-	_	_	_	
8-18	982-989	chiſcis	_	_	_	
8-19	990-999	hedichroi	_	_	_	
8-20	1000-1004	ſeyn	_	_	_	
8-21	1004-1005	.	_	_	_	

#Text=Allein, weil die-
#Text=ſes Kraut bey uns gar rar, dannenhero
#Text=nehmen die Apothecker an ſeine Stelle,
#Text=den kleinen Majoran, mit dem Zuna-
#Text=men Gentille, der edle.
9-1	1006-1012	Allein	_	_	_	
9-2	1012-1013	,	_	_	_	
9-3	1014-1018	weil	_	_	_	
9-4	1019-1022	die	_	_	_	
9-5	1022-1023	-	_	_	_	
9-6	1024-1027	ſes	_	_	_	
9-7	1028-1033	Kraut	_	_	_	
9-8	1034-1037	bey	_	_	_	
9-9	1038-1041	uns	_	_	_	
9-10	1042-1045	gar	_	_	_	
9-11	1046-1049	rar	_	_	_	
9-12	1049-1050	,	_	_	_	
9-13	1051-1061	dannenhero	_	_	_	
9-14	1062-1068	nehmen	_	_	_	
9-15	1069-1072	die	_	_	_	
9-16	1073-1083	Apothecker	_	_	_	
9-17	1084-1086	an	_	_	_	
9-18	1087-1092	ſeine	_	_	_	
9-19	1093-1099	Stelle	_	_	_	
9-20	1099-1100	,	_	_	_	
9-21	1101-1104	den	_	_	_	
9-22	1105-1112	kleinen	_	_	_	
9-23	1113-1120	Majoran	_	_	_	
9-24	1120-1121	,	_	_	_	
9-25	1122-1125	mit	_	_	_	
9-26	1126-1129	dem	_	_	_	
9-27	1130-1134	Zuna	_	_	_	
9-28	1134-1135	-	_	_	_	
9-29	1136-1139	men	_	_	_	
9-30	1140-1148	Gentille	_	_	_	
9-31	1148-1149	,	_	_	_	
9-32	1150-1153	der	_	_	_	
9-33	1154-1158	edle	_	_	_	
9-34	1158-1159	.	_	_	_	
