#FORMAT=WebAnno TSV 3.3


#Text=Sicilie vernam dit vervaarlyk gedruis, sloeg de verbaasde 
#Text=oogen zeewaarts, en sprak dus by zich zelve:
#Text=Is Gylippus dan weder verreezen, en 
#Text=kneust de Atheensche zeemacht op de Inische zee?
1-1	2-9	Sicilie	
1-2	10-16	vernam	
1-3	17-20	dit	
1-4	21-31	vervaarlyk	
1-5	32-39	gedruis	
1-6	39-40	,	
1-7	41-46	sloeg	
1-8	47-49	de	
1-9	50-59	verbaasde	
1-10	61-66	oogen	
1-11	67-76	zeewaarts	
1-12	76-77	,	
1-13	78-80	en	
1-14	81-86	sprak	
1-15	87-90	dus	
1-16	91-93	by	
1-17	94-98	zich	
1-18	99-104	zelve	
1-19	104-105	:	
1-20	106-108	Is	
1-21	109-117	Gylippus	
1-22	118-121	dan	
1-23	122-127	weder	
1-24	128-137	verreezen	
1-25	137-138	,	
1-26	139-141	en	
1-27	143-149	kneust	
1-28	150-152	de	
1-29	153-163	Atheensche	
1-30	164-172	zeemacht	
1-31	173-175	op	
1-32	176-178	de	
1-33	179-186	Inische	
1-34	187-190	zee	
1-35	190-191	?	

#Text=Woedt Marcellus
#Text=met zyne 
#Text=degen, en slegt de muuren van Sirakuze?
2-1	192-197	Woedt	
2-2	198-207	Marcellus	
2-3	208-211	met	
2-4	212-216	zyne	
2-5	218-223	degen	
2-6	223-224	,	
2-7	225-227	en	
2-8	228-233	slegt	
2-9	234-236	de	
2-10	237-243	muuren	
2-11	244-247	van	
2-12	248-256	Sirakuze	
2-13	256-257	?	

#Text=Wordt Pompejus door Agrippa verdreeven?
3-1	258-263	Wordt	
3-2	264-272	Pompejus	
3-3	273-277	door	
3-4	278-285	Agrippa	
3-5	286-296	verdreeven	
3-6	296-297	?	

#Text=Of wetten Kartagers en Romeinen
#Text=hunnen ouden wrok, en hervatten die twee
#Text=maghtige volken hunne voorigen oorlog?
4-1	300-302	Of	
4-2	303-309	wetten	
4-3	310-319	Kartagers	
4-4	320-322	en	
4-5	323-331	Romeinen	
4-6	332-338	hunnen	
4-7	339-344	ouden	
4-8	345-349	wrok	
4-9	349-350	,	
4-10	351-353	en	
4-11	354-363	hervatten	
4-12	364-367	die	
4-13	368-372	twee	
4-14	373-381	maghtige	
4-15	382-388	volken	
4-16	389-394	hunne	
4-17	395-403	voorigen	
4-18	404-410	oorlog	
4-19	410-411	?	

#Text=Catulus schudt de Egaatsche eilanden, 
#Text=en Duillius bepurpert wederom met Tirisch bloedt de spelonken van Lipara.
5-1	412-419	Catulus	
5-2	420-426	schudt	
5-3	427-429	de	
5-4	430-439	Egaatsche	
5-5	440-448	eilanden	
5-6	448-449	,	
5-7	451-453	en	
5-8	454-462	Duillius	
5-9	463-472	bepurpert	
5-10	473-480	wederom	
5-11	481-484	met	
5-12	485-492	Tirisch	
5-13	493-499	bloedt	
5-14	500-502	de	
5-15	503-512	spelonken	
5-16	513-516	van	
5-17	517-523	Lipara	
5-18	523-524	.	

#Text=Het naar 
#Text=gezucht der op zee zwemmenden treft myne ooren.
6-1	525-528	Het	
6-2	529-533	naar	
6-3	535-542	gezucht	
6-4	543-546	der	
6-5	547-549	op	
6-6	550-553	zee	
6-7	554-564	zwemmenden	
6-8	565-570	treft	
6-9	571-575	myne	
6-10	576-581	ooren	
6-11	581-582	.	

#Text=De rook en damp der 
#Text=buskruitwol-
#Text=
#Text=
#Text=
#Text=
#Text=ken ontrooft my
#Text='t gezicht.
7-1	583-585	De	
7-2	586-590	rook	
7-3	591-593	en	
7-4	594-598	damp	
7-5	599-602	der	
7-6	604-615	buskruitwol	
7-7	615-616	-	
7-8	621-624	ken	
7-9	625-633	ontrooft	
7-10	634-636	my	
7-11	637-638	'	
7-12	638-639	t	
7-13	640-647	gezicht	
7-14	647-648	.	

#Text=Heeft Enceladus ook zyne ketens verbrooken, en,
#Text=wandelende door 't blaauw myner golven, AEtna, van haar wortel gescheurdt, in 
#Text=zee vervoerdt?
8-1	649-654	Heeft	
8-2	655-664	Enceladus	
8-3	665-668	ook	
8-4	669-673	zyne	
8-5	674-680	ketens	
8-6	681-691	verbrooken	
8-7	691-692	,	
8-8	693-695	en	
8-9	695-696	,	
8-10	697-707	wandelende	
8-11	708-712	door	
8-12	713-714	'	
8-13	714-715	t	
8-14	716-722	blaauw	
8-15	723-728	myner	
8-16	729-735	golven	
8-17	735-736	,	
8-18	737-742	AEtna	
8-19	742-743	,	
8-20	744-747	van	
8-21	748-752	haar	
8-22	753-759	wortel	
8-23	760-770	gescheurdt	
8-24	770-771	,	
8-25	772-774	in	
8-26	776-779	zee	
8-27	780-789	vervoerdt	
8-28	789-790	?	

#Text=Zet Vulkaan zyne oovens open?
9-1	791-794	Zet	
9-2	795-802	Vulkaan	
9-3	803-807	zyne	
9-4	808-814	oovens	
9-5	815-819	open	
9-6	819-820	?	

#Text=of ontroert Eool het water, en laat 
#Text=de razende broeders ten kerker uit, en rukt wederom AEneas van de kusten van 
#Text=Italien af?
10-1	821-823	of	
10-2	824-832	ontroert	
10-3	833-837	Eool	
10-4	838-841	het	
10-5	842-847	water	
10-6	847-848	,	
10-7	849-851	en	
10-8	852-856	laat	
10-9	858-860	de	
10-10	861-868	razende	
10-11	869-877	broeders	
10-12	878-881	ten	
10-13	882-888	kerker	
10-14	889-892	uit	
10-15	892-893	,	
10-16	894-896	en	
10-17	897-901	rukt	
10-18	902-909	wederom	
10-19	910-916	AEneas	
10-20	917-920	van	
10-21	921-923	de	
10-22	924-930	kusten	
10-23	931-934	van	
10-24	936-943	Italien	
10-25	944-946	af	
10-26	946-947	?	

#Text=wat ontsteltenis van gemoederen?
11-1	948-951	wat	
11-2	952-964	ontsteltenis	
11-3	965-968	van	
11-4	969-979	gemoederen	
11-5	979-980	?	

#Text=wat on raat op zee?
12-1	981-984	wat	
12-2	985-987	on	
12-3	988-992	raat	
12-4	993-995	op	
12-5	996-999	zee	
12-6	999-1000	?	

#Text=Zoo spreekt ze, 
#Text=en naderdt;
#Text=wanneer de rook allenskens verdween.
13-1	1001-1004	Zoo	
13-2	1005-1012	spreekt	
13-3	1013-1015	ze	
13-4	1015-1016	,	
13-5	1018-1020	en	
13-6	1021-1028	naderdt	
13-7	1028-1029	;	
13-8	1030-1037	wanneer	
13-9	1038-1040	de	
13-10	1041-1045	rook	
13-11	1046-1056	allenskens	
13-12	1057-1065	verdween	
13-13	1065-1066	.	

#Text=Zy verneemt der Hollanderen 
#Text=Admiraal, der Hollanderen zeilen.
14-1	1067-1069	Zy	
14-2	1070-1078	verneemt	
14-3	1079-1082	der	
14-4	1083-1094	Hollanderen	
14-5	1096-1104	Admiraal	
14-6	1104-1105	,	
14-7	1106-1109	der	
14-8	1110-1121	Hollanderen	
14-9	1122-1128	zeilen	
14-10	1128-1129	.	
