#FORMAT=WebAnno TSV 3.3
#T_SP=custom.Span|label
#T_RL=custom.Relation|label|BT_custom.Span


#Text=zy zyn bruin, of zwartachtig van kleur, droevig van opslag,
#Text=en aart, gunnende hunnen geest naaulyks rust.
1-1	2-4	zy	_	_	_	
1-2	5-8	zyn	_	_	_	
1-3	9-14	bruin	_	_	_	
1-4	14-15	,	_	_	_	
1-5	16-18	of	_	_	_	
1-6	19-30	zwartachtig	_	_	_	
1-7	31-34	van	_	_	_	
1-8	35-40	kleur	_	_	_	
1-9	40-41	,	_	_	_	
1-10	42-49	droevig	_	_	_	
1-11	50-53	van	_	_	_	
1-12	54-60	opslag	_	_	_	
1-13	60-61	,	_	_	_	
1-14	62-64	en	_	_	_	
1-15	65-69	aart	_	_	_	
1-16	69-70	,	_	_	_	
1-17	71-79	gunnende	_	_	_	
1-18	80-86	hunnen	_	_	_	
1-19	87-92	geest	_	_	_	
1-20	93-101	naaulyks	_	_	_	
1-21	102-106	rust	_	_	_	
1-22	106-107	.	_	_	_	

#Text=Zy zyn peins-, zwyg-achtig, trachten
#Text=na eensaamheid, vreesachtig, achterdochtig, hoofdig, bestendig langzaam, en worden
#Text=
#Text=ligt moeilyk.
2-1	108-110	Zy	_	_	_	
2-2	111-114	zyn	_	_	_	
2-3	115-120	peins	_	_	_	
2-4	120-121	-	_	_	_	
2-5	121-122	,	_	_	_	
2-6	123-134	zwyg-achtig	_	_	_	
2-7	134-135	,	_	_	_	
2-8	136-144	trachten	_	_	_	
2-9	145-147	na	_	_	_	
2-10	148-159	eensaamheid	_	_	_	
2-11	159-160	,	_	_	_	
2-12	161-172	vreesachtig	_	_	_	
2-13	172-173	,	_	_	_	
2-14	174-187	achterdochtig	_	_	_	
2-15	187-188	,	_	_	_	
2-16	189-196	hoofdig	_	_	_	
2-17	196-197	,	_	_	_	
2-18	198-207	bestendig	_	_	_	
2-19	208-216	langzaam	_	_	_	
2-20	216-217	,	_	_	_	
2-21	218-220	en	_	_	_	
2-22	221-227	worden	_	_	_	
2-23	229-233	ligt	_	_	_	
2-24	234-241	moeilyk	_	_	_	
2-25	241-242	.	_	_	_	

#Text=Zy zyn goede huishouders en kloekmoedig.
3-1	243-245	Zy	_	_	_	
3-2	246-249	zyn	_	_	_	
3-3	250-255	goede	_	_	_	
3-4	256-267	huishouders	_	_	_	
3-5	268-270	en	_	_	_	
3-6	271-282	kloekmoedig	_	_	_	
3-7	282-283	.	_	_	_	

#Text=Als deze vocht de palen
#Text=niet overschreedt, die haar de natuur voorschryft, is het zeker, datze de edelste van
#Text=allen is.
4-1	284-287	Als	_	_	_	
4-2	288-292	deze	_	_	_	
4-3	293-298	vocht	_	_	_	
4-4	299-301	de	_	_	_	
4-5	302-307	palen	_	_	_	
4-6	308-312	niet	_	_	_	
4-7	313-325	overschreedt	_	_	_	
4-8	325-326	,	_	_	_	
4-9	327-330	die	_	_	_	
4-10	331-335	haar	_	_	_	
4-11	336-338	de	_	_	_	
4-12	339-345	natuur	_	_	_	
4-13	346-357	voorschryft	_	_	_	
4-14	357-358	,	_	_	_	
4-15	359-361	is	_	_	_	
4-16	362-365	het	_	_	_	
4-17	366-371	zeker	_	_	_	
4-18	371-372	,	_	_	_	
4-19	373-378	datze	_	_	_	
4-20	379-381	de	_	_	_	
4-21	382-389	edelste	_	_	_	
4-22	390-393	van	_	_	_	
4-23	394-399	allen	_	_	_	
4-24	400-402	is	_	_	_	
4-25	402-403	.	_	_	_	

#Text=Maar overschreedtze de palen, maaktze plomp, dwaas, zonder verstand;
#Text=
#Text=onderhevig aan derdendaagse koorsen; aan Knoestgezwellen, pyn in de Milt, en aan
#Text=Speenen; en gaatze nog verder, maaktze kwaadaardig, dol, razend;
#Text=onderhevig aan
#Text=Kankers, aan Melaatsheid, aan Schurft, en andere toevallen.
5-1	404-408	Maar	_	_	_	
5-2	409-423	overschreedtze	_	_	_	
5-3	424-426	de	_	_	_	
5-4	427-432	palen	_	_	_	
5-5	432-433	,	_	_	_	
5-6	434-441	maaktze	_	_	_	
5-7	442-447	plomp	_	_	_	
5-8	447-448	,	_	_	_	
5-9	449-454	dwaas	_	_	_	
5-10	454-455	,	_	_	_	
5-11	456-462	zonder	_	_	_	
5-12	463-471	verstand	_	_	_	
5-13	471-472	;	_	_	_	
5-14	474-484	onderhevig	_	_	_	
5-15	485-488	aan	_	_	_	
5-16	489-501	derdendaagse	_	_	_	
5-17	502-509	koorsen	_	_	_	
5-18	509-510	;	_	_	_	
5-19	511-514	aan	_	_	_	
5-20	515-530	Knoestgezwellen	_	_	_	
5-21	530-531	,	_	_	_	
5-22	532-535	pyn	_	_	_	
5-23	536-538	in	_	_	_	
5-24	539-541	de	_	_	_	
5-25	542-546	Milt	_	_	_	
5-26	546-547	,	_	_	_	
5-27	548-550	en	_	_	_	
5-28	551-554	aan	_	_	_	
5-29	555-562	Speenen	_	_	_	
5-30	562-563	;	_	_	_	
5-31	564-566	en	_	_	_	
5-32	567-573	gaatze	_	_	_	
5-33	574-577	nog	_	_	_	
5-34	578-584	verder	_	_	_	
5-35	584-585	,	_	_	_	
5-36	586-593	maaktze	_	_	_	
5-37	594-605	kwaadaardig	_	_	_	
5-38	605-606	,	_	_	_	
5-39	607-610	dol	_	_	_	
5-40	610-611	,	_	_	_	
5-41	612-618	razend	_	_	_	
5-42	618-619	;	_	_	_	
5-43	620-630	onderhevig	_	_	_	
5-44	631-634	aan	_	_	_	
5-45	635-642	Kankers	_	_	_	
5-46	642-643	,	_	_	_	
5-47	644-647	aan	_	_	_	
5-48	648-659	Melaatsheid	_	_	_	
5-49	659-660	,	_	_	_	
5-50	661-664	aan	_	_	_	
5-51	665-672	Schurft	_	_	_	
5-52	672-673	,	_	_	_	
5-53	674-676	en	_	_	_	
5-54	677-683	andere	_	_	_	
5-55	684-693	toevallen	_	_	_	
5-56	693-694	.	_	_	_	

#Text=Alle die van dat Temperament zyn, zullen zo veel mooglyk trachten zich in den
#Text=eersten graad daar van te houden.
6-1	697-701	Alle	_	_	_	
6-2	702-705	die	_	_	_	
6-3	706-709	van	_	_	_	
6-4	710-713	dat	_	_	_	
6-5	714-725	Temperament	_	_	_	
6-6	726-729	zyn	_	_	_	
6-7	729-730	,	_	_	_	
6-8	731-737	zullen	_	_	_	
6-9	738-740	zo	_	_	_	
6-10	741-745	veel	_	_	_	
6-11	746-753	mooglyk	_	_	_	
6-12	754-762	trachten	_	_	_	
6-13	763-767	zich	_	_	_	
6-14	768-770	in	_	_	_	
6-15	771-774	den	_	_	_	
6-16	775-782	eersten	_	_	_	
6-17	783-788	graad	_	_	_	
6-18	789-793	daar	_	_	_	
6-19	794-797	van	_	_	_	
6-20	798-800	te	_	_	_	
6-21	801-807	houden	_	_	_	
6-22	807-808	.	_	_	_	

#Text=Zy zullen ten dien einde donkere schaduwachtige stinkende plaatzen vlieden, fyne
#Text=aangename lucht zoeken, Tarwenbrood eten, lichte spys, die gemaklyk te verteren
#Text=
#Text=is.
7-1	810-812	Zy	Perceiver	_	_	
7-2	813-819	zullen	_	_	_	
7-3	820-823	ten	Time[1]	_	_	
7-4	824-828	dien	Time[1]	_	_	
7-5	829-834	einde	Time[1]	_	_	
7-6	835-842	donkere	_	_	_	
7-7	843-857	schaduwachtige	_	_	_	
7-8	858-867	stinkende	Smell\_Word	*|*|*	7-9|7-3[1_0]|7-1	
7-9	868-876	plaatzen	Smell\_Source	_	_	
7-10	877-884	vlieden	_	_	_	
7-11	884-885	,	_	_	_	
7-12	886-890	fyne	_	_	_	
7-13	891-900	aangename	_	_	_	
7-14	901-906	lucht	_	_	_	
7-15	907-913	zoeken	_	_	_	
7-16	913-914	,	_	_	_	
7-17	915-926	Tarwenbrood	_	_	_	
7-18	927-931	eten	_	_	_	
7-19	931-932	,	_	_	_	
7-20	933-939	lichte	_	_	_	
7-21	940-944	spys	_	_	_	
7-22	944-945	,	_	_	_	
7-23	946-949	die	_	_	_	
7-24	950-958	gemaklyk	_	_	_	
7-25	959-961	te	_	_	_	
7-26	962-970	verteren	_	_	_	
7-27	972-974	is	_	_	_	
7-28	974-975	.	_	_	_	

#Text=Zy zullen in hunne Vleesnatten doen Bernasie, Ossetong, Pimpernel, Cichorei,
#Text=
#Text=Hop
#Text=, Kool
#Text=, Beet
#Text=; Rapen, Uijen, Prei, Boonen, Errete zyn strydig
#Text=
#Text=M.
8-1	977-979	Zy	_	_	_	
8-2	980-986	zullen	_	_	_	
8-3	987-989	in	_	_	_	
8-4	990-995	hunne	_	_	_	
8-5	996-1007	Vleesnatten	_	_	_	
8-6	1008-1012	doen	_	_	_	
8-7	1013-1021	Bernasie	_	_	_	
8-8	1021-1022	,	_	_	_	
8-9	1023-1031	Ossetong	_	_	_	
8-10	1031-1032	,	_	_	_	
8-11	1033-1042	Pimpernel	_	_	_	
8-12	1042-1043	,	_	_	_	
8-13	1044-1052	Cichorei	_	_	_	
8-14	1052-1053	,	_	_	_	
8-15	1055-1058	Hop	_	_	_	
8-16	1059-1060	,	_	_	_	
8-17	1061-1065	Kool	_	_	_	
8-18	1066-1067	,	_	_	_	
8-19	1068-1072	Beet	_	_	_	
8-20	1073-1074	;	_	_	_	
8-21	1075-1080	Rapen	_	_	_	
8-22	1080-1081	,	_	_	_	
8-23	1082-1087	Uijen	_	_	_	
8-24	1087-1088	,	_	_	_	
8-25	1089-1093	Prei	_	_	_	
8-26	1093-1094	,	_	_	_	
8-27	1095-1101	Boonen	_	_	_	
8-28	1101-1102	,	_	_	_	
8-29	1103-1109	Errete	_	_	_	
8-30	1110-1113	zyn	_	_	_	
8-31	1114-1121	strydig	_	_	_	
8-32	1123-1124	M	_	_	_	
8-33	1124-1125	.	_	_	_	

#Text=Noel Chomel, Huishoudelyk woordboek
#Text=
#Text=\f
#Text=1107
#Text=met hun.
9-1	1126-1130	Noel	_	_	_	
9-2	1131-1137	Chomel	_	_	_	
9-3	1137-1138	,	_	_	_	
9-4	1139-1151	Huishoudelyk	_	_	_	
9-5	1152-1161	woordboek	_	_	_	
9-6	1165-1169	1107	_	_	_	
9-7	1170-1173	met	_	_	_	
9-8	1174-1177	hun	_	_	_	
9-9	1177-1178	.	_	_	_	

#Text=Zy zullen kunnen raauwe Vruchten eten, als Pruimen, Peren, Amandelen,
#Text=Razynen, Citroenen, Meloenen.
10-1	1179-1181	Zy	_	_	_	
10-2	1182-1188	zullen	_	_	_	
10-3	1189-1195	kunnen	_	_	_	
10-4	1196-1202	raauwe	_	_	_	
10-5	1203-1211	Vruchten	_	_	_	
10-6	1212-1216	eten	_	_	_	
10-7	1216-1217	,	_	_	_	
10-8	1218-1221	als	_	_	_	
10-9	1222-1229	Pruimen	_	_	_	
10-10	1229-1230	,	_	_	_	
10-11	1231-1236	Peren	_	_	_	
10-12	1236-1237	,	_	_	_	
10-13	1238-1247	Amandelen	_	_	_	
10-14	1247-1248	,	_	_	_	
10-15	1249-1256	Razynen	_	_	_	
10-16	1256-1257	,	_	_	_	
10-17	1258-1267	Citroenen	_	_	_	
10-18	1267-1268	,	_	_	_	
10-19	1269-1277	Meloenen	_	_	_	
10-20	1277-1278	.	_	_	_	

#Text=Zy zullen ook verwerpen Vygen, Neuten, Kastanjes,
#Text=en oude Kaas.
11-1	1279-1281	Zy	_	_	_	
11-2	1282-1288	zullen	_	_	_	
11-3	1289-1292	ook	_	_	_	
11-4	1293-1302	verwerpen	_	_	_	
11-5	1303-1308	Vygen	_	_	_	
11-6	1308-1309	,	_	_	_	
11-7	1310-1316	Neuten	_	_	_	
11-8	1316-1317	,	_	_	_	
11-9	1318-1327	Kastanjes	_	_	_	
11-10	1327-1328	,	_	_	_	
11-11	1329-1331	en	_	_	_	
11-12	1332-1336	oude	_	_	_	
11-13	1337-1341	Kaas	_	_	_	
11-14	1341-1342	.	_	_	_	
