#FORMAT=WebAnno TSV 3.3


#Text=19 Non enim satis recordabitur dierum vitæ suæ, eo quod Deus occupet deliciis cor ejus.
1-1	2-4	19	
1-2	5-8	Non	
1-3	9-13	enim	
1-4	14-19	satis	
1-5	20-32	recordabitur	
1-6	33-39	dierum	
1-7	40-44	vitæ	
1-8	45-48	suæ	
1-9	48-49	,	
1-10	50-52	eo	
1-11	53-57	quod	
1-12	58-62	Deus	
1-13	63-70	occupet	
1-14	71-79	deliciis	
1-15	80-83	cor	
1-16	84-88	ejus	
1-17	88-89	.	

#Text=Caput 6
#Text=
#Text=
#Text=1 Est et aliud malum quod vidi sub sole, et quidem frequens apud homines : 2 vir cui dedit Deus divitias, et substantiam, et honorem, et nihil deest animæ suæ ex omnibus quæ desiderat ; nec tribuit ei potestatem Deus ut comedat ex eo, sed homo extraneus vorabit illud : hoc vanitas et miseria magna est.
#Text=3 Si genuerit quispiam centum liberos, et vixerit multos annos, et plures dies ætatis habuerit, et anima illius non utatur bonis substantiæ suæ, sepulturaque careat : de hoc ego pronuntio quod melior illo sit abortivus.
#Text=4 Frustra enim venit, et pergit ad tenebras, et oblivione delebitur nomen ejus.
#Text=5 Non vidit solem, neque cognovit distantiam boni et mali.
#Text=6 Etiam si duobus millibus annis vixerit, et non fuerit perfruitus bonis, nonne ad unum locum properant omnia ?
2-1	90-95	Caput	
2-2	96-97	6	
2-3	100-101	1	
2-4	102-105	Est	
2-5	106-108	et	
2-6	109-114	aliud	
2-7	115-120	malum	
2-8	121-125	quod	
2-9	126-130	vidi	
2-10	131-134	sub	
2-11	135-139	sole	
2-12	139-140	,	
2-13	141-143	et	
2-14	144-150	quidem	
2-15	151-159	frequens	
2-16	160-164	apud	
2-17	165-172	homines	
2-18	173-174	:	
2-19	175-176	2	
2-20	177-180	vir	
2-21	181-184	cui	
2-22	185-190	dedit	
2-23	191-195	Deus	
2-24	196-204	divitias	
2-25	204-205	,	
2-26	206-208	et	
2-27	209-220	substantiam	
2-28	220-221	,	
2-29	222-224	et	
2-30	225-232	honorem	
2-31	232-233	,	
2-32	234-236	et	
2-33	237-242	nihil	
2-34	243-248	deest	
2-35	249-254	animæ	
2-36	255-258	suæ	
2-37	259-261	ex	
2-38	262-269	omnibus	
2-39	270-273	quæ	
2-40	274-283	desiderat	
2-41	284-285	;	
2-42	286-289	nec	
2-43	290-297	tribuit	
2-44	298-300	ei	
2-45	301-311	potestatem	
2-46	312-316	Deus	
2-47	317-319	ut	
2-48	320-327	comedat	
2-49	328-330	ex	
2-50	331-333	eo	
2-51	333-334	,	
2-52	335-338	sed	
2-53	339-343	homo	
2-54	344-353	extraneus	
2-55	354-361	vorabit	
2-56	362-367	illud	
2-57	368-369	:	
2-58	370-373	hoc	
2-59	374-381	vanitas	
2-60	382-384	et	
2-61	385-392	miseria	
2-62	393-398	magna	
2-63	399-402	est	
2-64	402-403	.	
2-65	404-405	3	
2-66	406-408	Si	
2-67	409-417	genuerit	
2-68	418-426	quispiam	
2-69	427-433	centum	
2-70	434-441	liberos	
2-71	441-442	,	
2-72	443-445	et	
2-73	446-453	vixerit	
2-74	454-460	multos	
2-75	461-466	annos	
2-76	466-467	,	
2-77	468-470	et	
2-78	471-477	plures	
2-79	478-482	dies	
2-80	483-489	ætatis	
2-81	490-498	habuerit	
2-82	498-499	,	
2-83	500-502	et	
2-84	503-508	anima	
2-85	509-515	illius	
2-86	516-519	non	
2-87	520-526	utatur	
2-88	527-532	bonis	
2-89	533-543	substantiæ	
2-90	544-547	suæ	
2-91	547-548	,	
2-92	549-561	sepulturaque	
2-93	562-568	careat	
2-94	569-570	:	
2-95	571-573	de	
2-96	574-577	hoc	
2-97	578-581	ego	
2-98	582-591	pronuntio	
2-99	592-596	quod	
2-100	597-603	melior	
2-101	604-608	illo	
2-102	609-612	sit	
2-103	613-622	abortivus	
2-104	622-623	.	
2-105	624-625	4	
2-106	626-633	Frustra	
2-107	634-638	enim	
2-108	639-644	venit	
2-109	644-645	,	
2-110	646-648	et	
2-111	649-655	pergit	
2-112	656-658	ad	
2-113	659-667	tenebras	
2-114	667-668	,	
2-115	669-671	et	
2-116	672-681	oblivione	
2-117	682-691	delebitur	
2-118	692-697	nomen	
2-119	698-702	ejus	
2-120	702-703	.	
2-121	704-705	5	
2-122	706-709	Non	
2-123	710-715	vidit	
2-124	716-721	solem	
2-125	721-722	,	
2-126	723-728	neque	
2-127	729-737	cognovit	
2-128	738-748	distantiam	
2-129	749-753	boni	
2-130	754-756	et	
2-131	757-761	mali	
2-132	761-762	.	
2-133	763-764	6	
2-134	765-770	Etiam	
2-135	771-773	si	
2-136	774-780	duobus	
2-137	781-789	millibus	
2-138	790-795	annis	
2-139	796-803	vixerit	
2-140	803-804	,	
2-141	805-807	et	
2-142	808-811	non	
2-143	812-818	fuerit	
2-144	819-829	perfruitus	
2-145	830-835	bonis	
2-146	835-836	,	
2-147	837-842	nonne	
2-148	843-845	ad	
2-149	846-850	unum	
2-150	851-856	locum	
2-151	857-866	properant	
2-152	867-872	omnia	
2-153	873-874	?	

#Text=7 Omnis labor hominis in ore ejus ; sed anima ejus non implebitur.
#Text=8 Quid habet amplius sapiens a stulto ?
3-1	875-876	7	
3-2	877-882	Omnis	
3-3	883-888	labor	
3-4	889-896	hominis	
3-5	897-899	in	
3-6	900-903	ore	
3-7	904-908	ejus	
3-8	909-910	;	
3-9	911-914	sed	
3-10	915-920	anima	
3-11	921-925	ejus	
3-12	926-929	non	
3-13	930-940	implebitur	
3-14	940-941	.	
3-15	942-943	8	
3-16	944-948	Quid	
3-17	949-954	habet	
3-18	955-962	amplius	
3-19	963-970	sapiens	
3-20	971-972	a	
3-21	973-979	stulto	
3-22	980-981	?	

#Text=et quid pauper, nisi ut pergat illuc ubi est vita ?
4-1	982-984	et	
4-2	985-989	quid	
4-3	990-996	pauper	
4-4	996-997	,	
4-5	998-1002	nisi	
4-6	1003-1005	ut	
4-7	1006-1012	pergat	
4-8	1013-1018	illuc	
4-9	1019-1022	ubi	
4-10	1023-1026	est	
4-11	1027-1031	vita	
4-12	1032-1033	?	

#Text=9 Melius est videre quod cupias, quam desiderare quod nescias.
5-1	1034-1035	9	
5-2	1036-1042	Melius	
5-3	1043-1046	est	
5-4	1047-1053	videre	
5-5	1054-1058	quod	
5-6	1059-1065	cupias	
5-7	1065-1066	,	
5-8	1067-1071	quam	
5-9	1072-1082	desiderare	
5-10	1083-1087	quod	
5-11	1088-1095	nescias	
5-12	1095-1096	.	

#Text=Sed et hoc vanitas est, et præsumptio spiritus.
#Text=10 Qui futurus est, jam vocatum est nomen ejus ; et scitur quod homo sit, et non possit contra fortiorem se in judicio contendere.
#Text=11 Verba sunt plurima, multamque in disputando habentia vanitatem.
6-1	1097-1100	Sed	
6-2	1101-1103	et	
6-3	1104-1107	hoc	
6-4	1108-1115	vanitas	
6-5	1116-1119	est	
6-6	1119-1120	,	
6-7	1121-1123	et	
6-8	1124-1134	præsumptio	
6-9	1135-1143	spiritus	
6-10	1143-1144	.	
6-11	1145-1147	10	
6-12	1148-1151	Qui	
6-13	1152-1159	futurus	
6-14	1160-1163	est	
6-15	1163-1164	,	
6-16	1165-1168	jam	
6-17	1169-1176	vocatum	
6-18	1177-1180	est	
6-19	1181-1186	nomen	
6-20	1187-1191	ejus	
6-21	1192-1193	;	
6-22	1194-1196	et	
6-23	1197-1203	scitur	
6-24	1204-1208	quod	
6-25	1209-1213	homo	
6-26	1214-1217	sit	
6-27	1217-1218	,	
6-28	1219-1221	et	
6-29	1222-1225	non	
6-30	1226-1232	possit	
6-31	1233-1239	contra	
6-32	1240-1249	fortiorem	
6-33	1250-1252	se	
6-34	1253-1255	in	
6-35	1256-1263	judicio	
6-36	1264-1274	contendere	
6-37	1274-1275	.	
6-38	1276-1278	11	
6-39	1279-1284	Verba	
6-40	1285-1289	sunt	
6-41	1290-1297	plurima	
6-42	1297-1298	,	
6-43	1299-1308	multamque	
6-44	1309-1311	in	
6-45	1312-1322	disputando	
6-46	1323-1331	habentia	
6-47	1332-1341	vanitatem	
6-48	1341-1342	.	

#Text=Caput 7
#Text=
#Text=
#Text=1 Quid necesse est homini majora se quærere, cum ignoret quid conducat sibi in vita sua, numero dierum peregrinationis suæ, et tempore quod velut umbra præterit ?
7-1	1343-1348	Caput	
7-2	1349-1350	7	
7-3	1353-1354	1	
7-4	1355-1359	Quid	
7-5	1360-1367	necesse	
7-6	1368-1371	est	
7-7	1372-1378	homini	
7-8	1379-1385	majora	
7-9	1386-1388	se	
7-10	1389-1396	quærere	
7-11	1396-1397	,	
7-12	1398-1401	cum	
7-13	1402-1409	ignoret	
7-14	1410-1414	quid	
7-15	1415-1423	conducat	
7-16	1424-1428	sibi	
7-17	1429-1431	in	
7-18	1432-1436	vita	
7-19	1437-1440	sua	
7-20	1440-1441	,	
7-21	1442-1448	numero	
7-22	1449-1455	dierum	
7-23	1456-1471	peregrinationis	
7-24	1472-1475	suæ	
7-25	1475-1476	,	
7-26	1477-1479	et	
7-27	1480-1487	tempore	
7-28	1488-1492	quod	
7-29	1493-1498	velut	
7-30	1499-1504	umbra	
7-31	1505-1513	præterit	
7-32	1514-1515	?	

#Text=aut quis ei poterit indicare quod post eum futurum sub sole sit ?
8-1	1516-1519	aut	
8-2	1520-1524	quis	
8-3	1525-1527	ei	
8-4	1528-1535	poterit	
8-5	1536-1544	indicare	
8-6	1545-1549	quod	
8-7	1550-1554	post	
8-8	1555-1558	eum	
8-9	1559-1566	futurum	
8-10	1567-1570	sub	
8-11	1571-1575	sole	
8-12	1576-1579	sit	
8-13	1580-1581	?	

#Text=2 Melius est nomen bonum quam unguenta pretiosa, et dies mortis die nativitatis.
#Text=3 Melius est ire ad domum luctus quam ad domum convivii ; in illa enim finis cunctorum admonetur hominum, et vivens cogitat quid futurum sit.
#Text=4 Melior est ira risu, quia per tristitiam vultus corrigitur animus delinquentis.
#Text=5 Cor sapientium ubi tristitia est, et cor stultorum ubi lætitia.
#Text=6 Melius est a sapiente corripi, quam stultorum adulatione decipi ; 7 quia sicut sonitus spinarum ardentium sub olla, sic risus stulti.
9-1	1582-1583	2	
9-2	1584-1590	Melius	
9-3	1591-1594	est	
9-4	1595-1600	nomen	
9-5	1601-1606	bonum	
9-6	1607-1611	quam	
9-7	1612-1620	unguenta	
9-8	1621-1629	pretiosa	
9-9	1629-1630	,	
9-10	1631-1633	et	
9-11	1634-1638	dies	
9-12	1639-1645	mortis	
9-13	1646-1649	die	
9-14	1650-1661	nativitatis	
9-15	1661-1662	.	
9-16	1663-1664	3	
9-17	1665-1671	Melius	
9-18	1672-1675	est	
9-19	1676-1679	ire	
9-20	1680-1682	ad	
9-21	1683-1688	domum	
9-22	1689-1695	luctus	
9-23	1696-1700	quam	
9-24	1701-1703	ad	
9-25	1704-1709	domum	
9-26	1710-1718	convivii	
9-27	1719-1720	;	
9-28	1721-1723	in	
9-29	1724-1728	illa	
9-30	1729-1733	enim	
9-31	1734-1739	finis	
9-32	1740-1749	cunctorum	
9-33	1750-1759	admonetur	
9-34	1760-1767	hominum	
9-35	1767-1768	,	
9-36	1769-1771	et	
9-37	1772-1778	vivens	
9-38	1779-1786	cogitat	
9-39	1787-1791	quid	
9-40	1792-1799	futurum	
9-41	1800-1803	sit	
9-42	1803-1804	.	
9-43	1805-1806	4	
9-44	1807-1813	Melior	
9-45	1814-1817	est	
9-46	1818-1821	ira	
9-47	1822-1826	risu	
9-48	1826-1827	,	
9-49	1828-1832	quia	
9-50	1833-1836	per	
9-51	1837-1847	tristitiam	
9-52	1848-1854	vultus	
9-53	1855-1865	corrigitur	
9-54	1866-1872	animus	
9-55	1873-1885	delinquentis	
9-56	1885-1886	.	
9-57	1887-1888	5	
9-58	1889-1892	Cor	
9-59	1893-1903	sapientium	
9-60	1904-1907	ubi	
9-61	1908-1917	tristitia	
9-62	1918-1921	est	
9-63	1921-1922	,	
9-64	1923-1925	et	
9-65	1926-1929	cor	
9-66	1930-1939	stultorum	
9-67	1940-1943	ubi	
9-68	1944-1951	lætitia	
9-69	1951-1952	.	
9-70	1953-1954	6	
9-71	1955-1961	Melius	
9-72	1962-1965	est	
9-73	1966-1967	a	
9-74	1968-1976	sapiente	
9-75	1977-1984	corripi	
9-76	1984-1985	,	
9-77	1986-1990	quam	
9-78	1991-2000	stultorum	
9-79	2001-2011	adulatione	
9-80	2012-2018	decipi	
9-81	2019-2020	;	
9-82	2021-2022	7	
9-83	2023-2027	quia	
9-84	2028-2033	sicut	
9-85	2034-2041	sonitus	
9-86	2042-2050	spinarum	
9-87	2051-2060	ardentium	
9-88	2061-2064	sub	
9-89	2065-2069	olla	
9-90	2069-2070	,	
9-91	2071-2074	sic	
9-92	2075-2080	risus	
9-93	2081-2087	stulti	
9-94	2087-2088	.	
