#FORMAT=WebAnno TSV 3.3


#Text=+
#Text=
#Text=M
#Text=U S S C H E N B R O E K beschryft de Hoozen, onder de wateragtige Verhevelingen,
#Text=vry naauwkeurig.
#Text=‘
#Text=Het gebeurt somtyds, dat twee winden vlak tegens malkander +HOOZEN.
1-1	0-1	+	
1-2	3-4	M	
1-3	5-6	U	
1-4	7-8	S	
1-5	9-10	S	
1-6	11-12	C	
1-7	13-14	H	
1-8	15-16	E	
1-9	17-18	N	
1-10	19-20	B	
1-11	21-22	R	
1-12	23-24	O	
1-13	25-26	E	
1-14	27-28	K	
1-15	29-38	beschryft	
1-16	39-41	de	
1-17	42-48	Hoozen	
1-18	48-49	,	
1-19	50-55	onder	
1-20	56-58	de	
1-21	59-70	wateragtige	
1-22	71-84	Verhevelingen	
1-23	84-85	,	
1-24	86-89	vry	
1-25	90-101	naauwkeurig	
1-26	101-102	.	
1-27	103-104	‘	
1-28	105-108	Het	
1-29	109-116	gebeurt	
1-30	117-124	somtyds	
1-31	124-125	,	
1-32	126-129	dat	
1-33	130-134	twee	
1-34	135-141	winden	
1-35	142-146	vlak	
1-36	147-153	tegens	
1-37	154-163	malkander	
1-38	164-165	+	
1-39	165-171	HOOZEN	
1-40	171-172	.	

#Text=aanwaaijen, en dus de wolken, tusschen hun beiden in zynde, tot een dryven,
#Text=saamenperssen, en aanstonds de deelen
#Text=
#Text=J. le Francq van Berkhey, Natuurlyke historie van Holland.
2-1	174-184	aanwaaijen	
2-2	184-185	,	
2-3	186-188	en	
2-4	189-192	dus	
2-5	193-195	de	
2-6	196-202	wolken	
2-7	202-203	,	
2-8	204-212	tusschen	
2-9	213-216	hun	
2-10	217-223	beiden	
2-11	224-226	in	
2-12	227-232	zynde	
2-13	232-233	,	
2-14	234-237	tot	
2-15	238-241	een	
2-16	242-248	dryven	
2-17	248-249	,	
2-18	250-263	saamenperssen	
2-19	263-264	,	
2-20	265-267	en	
2-21	268-277	aanstonds	
2-22	278-280	de	
2-23	281-287	deelen	
2-24	289-290	J	
2-25	290-291	.	
2-26	292-294	le	
2-27	295-301	Francq	
2-28	302-305	van	
2-29	306-313	Berkhey	
2-30	313-314	,	
2-31	315-325	Natuurlyke	
2-32	326-334	historie	
2-33	335-338	van	
2-34	339-346	Holland	
2-35	346-347	.	

#Text=Eerste deel
#Text=
#Text=\f432
#Text=+
#Text=
#Text=tot water doen vereenigen.
3-1	348-354	Eerste	
3-2	355-359	deel	
3-3	362-365	432	
3-4	366-367	+	
3-5	369-372	tot	
3-6	373-378	water	
3-7	379-383	doen	
3-8	384-394	vereenigen	
3-9	394-395	.	

#Text=Indien deeze winden, een weinig ter zyden (met)
#Text=malkander blyven voortloopen, doen zy de ineengeperste wolken snel draaijen, +DE WINDEN, ENZ..
4-1	396-402	Indien	
4-2	403-408	deeze	
4-3	409-415	winden	
4-4	415-416	,	
4-5	417-420	een	
4-6	421-427	weinig	
4-7	428-431	ter	
4-8	432-437	zyden	
4-9	438-439	(	
4-10	439-442	met	
4-11	442-443	)	
4-12	444-453	malkander	
4-13	454-460	blyven	
4-14	461-472	voortloopen	
4-15	472-473	,	
4-16	474-478	doen	
4-17	479-481	zy	
4-18	482-484	de	
4-19	485-498	ineengeperste	
4-20	499-505	wolken	
4-21	506-510	snel	
4-22	511-519	draaijen	
4-23	519-520	,	
4-24	521-522	+	
4-25	522-524	DE	
4-26	525-531	WINDEN	
4-27	531-532	,	
4-28	533-536	ENZ	
4-29	536-537	.	
4-30	537-538	.	

#Text=eveneens of 'er twee magten aan den buitensten omtrek van een rad tegens
#Text=
#Text=malkanderen over, en met tegengestelde leidingen, drukten, welke dit rad zouden
#Text=doen omdraaijen.
5-1	540-548	eveneens	
5-2	549-551	of	
5-3	552-553	'	
5-4	553-555	er	
5-5	556-560	twee	
5-6	561-567	magten	
5-7	568-571	aan	
5-8	572-575	den	
5-9	576-586	buitensten	
5-10	587-593	omtrek	
5-11	594-597	van	
5-12	598-601	een	
5-13	602-605	rad	
5-14	606-612	tegens	
5-15	614-625	malkanderen	
5-16	626-630	over	
5-17	630-631	,	
5-18	632-634	en	
5-19	635-638	met	
5-20	639-652	tegengestelde	
5-21	653-662	leidingen	
5-22	662-663	,	
5-23	664-671	drukten	
5-24	671-672	,	
5-25	673-678	welke	
5-26	679-682	dit	
5-27	683-686	rad	
5-28	687-693	zouden	
5-29	694-698	doen	
5-30	699-709	omdraaijen	
5-31	709-710	.	

#Text=Een gedeelte der verdikte wolk, dus aan het draaijen gebragt
#Text=zynde, valt door haare zwaarte uit de lucht naar beneden, krygt de gedaante van
#Text=eenen pylaar, somtyds kegelvormig, somtyds als een rol, maar welke altyd met
#Text=haare basis boven vast aan het andere deel der dikke en zwarte wolk hangt, terwyl
#Text=het toppunt naar beneden ziet.
6-1	711-714	Een	
6-2	715-723	gedeelte	
6-3	724-727	der	
6-4	728-736	verdikte	
6-5	737-741	wolk	
6-6	741-742	,	
6-7	743-746	dus	
6-8	747-750	aan	
6-9	751-754	het	
6-10	755-763	draaijen	
6-11	764-771	gebragt	
6-12	772-777	zynde	
6-13	777-778	,	
6-14	779-783	valt	
6-15	784-788	door	
6-16	789-794	haare	
6-17	795-802	zwaarte	
6-18	803-806	uit	
6-19	807-809	de	
6-20	810-815	lucht	
6-21	816-820	naar	
6-22	821-828	beneden	
6-23	828-829	,	
6-24	830-835	krygt	
6-25	836-838	de	
6-26	839-847	gedaante	
6-27	848-851	van	
6-28	852-857	eenen	
6-29	858-864	pylaar	
6-30	864-865	,	
6-31	866-873	somtyds	
6-32	874-885	kegelvormig	
6-33	885-886	,	
6-34	887-894	somtyds	
6-35	895-898	als	
6-36	899-902	een	
6-37	903-906	rol	
6-38	906-907	,	
6-39	908-912	maar	
6-40	913-918	welke	
6-41	919-924	altyd	
6-42	925-928	met	
6-43	929-934	haare	
6-44	935-940	basis	
6-45	941-946	boven	
6-46	947-951	vast	
6-47	952-955	aan	
6-48	956-959	het	
6-49	960-966	andere	
6-50	967-971	deel	
6-51	972-975	der	
6-52	976-981	dikke	
6-53	982-984	en	
6-54	985-991	zwarte	
6-55	992-996	wolk	
6-56	997-1002	hangt	
6-57	1002-1003	,	
6-58	1004-1010	terwyl	
6-59	1011-1014	het	
6-60	1015-1022	toppunt	
6-61	1023-1027	naar	
6-62	1028-1035	beneden	
6-63	1036-1040	ziet	
6-64	1040-1041	.	

#Text=Zodanige pylaaren zyn van verscheide dikte, daar
#Text=zyn 'er van 2 of 3 roeden, anderen van 50 roeden dik, wy noemen het Hoozen, de
#Text=Engelschen Waterspouts, de Franschen Trombes de Mer.
#Text=’
#Text=Zie M U S S C H E N B R O E K ,
#Text=bladz.
#Text=795 Deeze beschryving is voldoende genoeg, om den Leezer een begrip van de
#Text=gedaante der Hoozen te geeven; en wat aangaat derzelver vreeselyke uitwerking,
#Text=deswegens vind men by den gemelden
#Text=Schryver
#Text=ook
#Text=voldoende ophelderingen;
#Text=
#Text=waar by, tot volkomener begrip, en nader verklaaring, gevoegd moet worden,de
#Text=zeer wel beredeneerde en naauwkeurige Beschouwing van eene Hoos, door den
#Text=r
#Text=
#Text=Heer en M .
7-1	1042-1050	Zodanige	
7-2	1051-1059	pylaaren	
7-3	1060-1063	zyn	
7-4	1064-1067	van	
7-5	1068-1078	verscheide	
7-6	1079-1084	dikte	
7-7	1084-1085	,	
7-8	1086-1090	daar	
7-9	1091-1094	zyn	
7-10	1095-1096	'	
7-11	1096-1098	er	
7-12	1099-1102	van	
7-13	1103-1104	2	
7-14	1105-1107	of	
7-15	1108-1109	3	
7-16	1110-1116	roeden	
7-17	1116-1117	,	
7-18	1118-1125	anderen	
7-19	1126-1129	van	
7-20	1130-1132	50	
7-21	1133-1139	roeden	
7-22	1140-1143	dik	
7-23	1143-1144	,	
7-24	1145-1147	wy	
7-25	1148-1154	noemen	
7-26	1155-1158	het	
7-27	1159-1165	Hoozen	
7-28	1165-1166	,	
7-29	1167-1169	de	
7-30	1170-1180	Engelschen	
7-31	1181-1192	Waterspouts	
7-32	1192-1193	,	
7-33	1194-1196	de	
7-34	1197-1206	Franschen	
7-35	1207-1214	Trombes	
7-36	1215-1217	de	
7-37	1218-1221	Mer	
7-38	1221-1222	.	
7-39	1223-1224	’	
7-40	1225-1228	Zie	
7-41	1229-1230	M	
7-42	1231-1232	U	
7-43	1233-1234	S	
7-44	1235-1236	S	
7-45	1237-1238	C	
7-46	1239-1240	H	
7-47	1241-1242	E	
7-48	1243-1244	N	
7-49	1245-1246	B	
7-50	1247-1248	R	
7-51	1249-1250	O	
7-52	1251-1252	E	
7-53	1253-1254	K	
7-54	1255-1256	,	
7-55	1257-1262	bladz	
7-56	1262-1263	.	
7-57	1264-1267	795	
7-58	1268-1273	Deeze	
7-59	1274-1285	beschryving	
7-60	1286-1288	is	
7-61	1289-1298	voldoende	
7-62	1299-1305	genoeg	
7-63	1305-1306	,	
7-64	1307-1309	om	
7-65	1310-1313	den	
7-66	1314-1320	Leezer	
7-67	1321-1324	een	
7-68	1325-1331	begrip	
7-69	1332-1335	van	
7-70	1336-1338	de	
7-71	1339-1347	gedaante	
7-72	1348-1351	der	
7-73	1352-1358	Hoozen	
7-74	1359-1361	te	
7-75	1362-1368	geeven	
7-76	1368-1369	;	
7-77	1370-1372	en	
7-78	1373-1376	wat	
7-79	1377-1384	aangaat	
7-80	1385-1394	derzelver	
7-81	1395-1405	vreeselyke	
7-82	1406-1416	uitwerking	
7-83	1416-1417	,	
7-84	1418-1427	deswegens	
7-85	1428-1432	vind	
7-86	1433-1436	men	
7-87	1437-1439	by	
7-88	1440-1443	den	
7-89	1444-1452	gemelden	
7-90	1453-1461	Schryver	
7-91	1462-1465	ook	
7-92	1466-1475	voldoende	
7-93	1476-1489	ophelderingen	
7-94	1489-1490	;	
7-95	1492-1496	waar	
7-96	1497-1499	by	
7-97	1499-1500	,	
7-98	1501-1504	tot	
7-99	1505-1515	volkomener	
7-100	1516-1522	begrip	
7-101	1522-1523	,	
7-102	1524-1526	en	
7-103	1527-1532	nader	
7-104	1533-1544	verklaaring	
7-105	1544-1545	,	
7-106	1546-1553	gevoegd	
7-107	1554-1558	moet	
7-108	1559-1565	worden	
7-109	1565-1566	,	
7-110	1566-1568	de	
7-111	1569-1573	zeer	
7-112	1574-1577	wel	
7-113	1578-1590	beredeneerde	
7-114	1591-1593	en	
7-115	1594-1606	naauwkeurige	
7-116	1607-1618	Beschouwing	
7-117	1619-1622	van	
7-118	1623-1627	eene	
7-119	1628-1632	Hoos	
7-120	1632-1633	,	
7-121	1634-1638	door	
7-122	1639-1642	den	
7-123	1643-1644	r	
7-124	1646-1650	Heer	
7-125	1651-1653	en	
7-126	1654-1655	M	
7-127	1656-1657	.	

#Text=J .
8-1	1658-1659	J	
8-2	1660-1661	.	
