#FORMAT=WebAnno TSV 3.3


#Text=De
#Text=Zwavel heeft altoos eene geele koleur; zuiver zynde, is dezelve doorschynende;
#Text=
#Text=minder zuiver, is zy half doorschynende, of ook wel geheel ondoorschynende.
#Text=(3)
#Text=
#Text=In het vuur word zy vloeibaar;
#Text=zoo dat men de Zwavel in geölyde vormen tot
#Text=Beeldwerk gieten kan;
#Text=vloeibaar zynde, vertoont ze zig roodagtig; maar gestold en
#Text=bekoeld, neemt zy haar eerste weezen weder aan.
1-1	2-4	De	
1-2	5-11	Zwavel	
1-3	12-17	heeft	
1-4	18-24	altoos	
1-5	25-29	eene	
1-6	30-35	geele	
1-7	36-42	koleur	
1-8	42-43	;	
1-9	44-50	zuiver	
1-10	51-56	zynde	
1-11	56-57	,	
1-12	58-60	is	
1-13	61-68	dezelve	
1-14	69-82	doorschynende	
1-15	82-83	;	
1-16	85-91	minder	
1-17	92-98	zuiver	
1-18	98-99	,	
1-19	100-102	is	
1-20	103-105	zy	
1-21	106-110	half	
1-22	111-124	doorschynende	
1-23	124-125	,	
1-24	126-128	of	
1-25	129-132	ook	
1-26	133-136	wel	
1-27	137-143	geheel	
1-28	144-159	ondoorschynende	
1-29	159-160	.	
1-30	161-162	(	
1-31	162-163	3	
1-32	163-164	)	
1-33	166-168	In	
1-34	169-172	het	
1-35	173-177	vuur	
1-36	178-182	word	
1-37	183-185	zy	
1-38	186-195	vloeibaar	
1-39	195-196	;	
1-40	197-200	zoo	
1-41	201-204	dat	
1-42	205-208	men	
1-43	209-211	de	
1-44	212-218	Zwavel	
1-45	219-221	in	
1-46	222-229	geölyde	
1-47	230-236	vormen	
1-48	237-240	tot	
1-49	241-250	Beeldwerk	
1-50	251-257	gieten	
1-51	258-261	kan	
1-52	261-262	;	
1-53	263-272	vloeibaar	
1-54	273-278	zynde	
1-55	278-279	,	
1-56	280-288	vertoont	
1-57	289-291	ze	
1-58	292-295	zig	
1-59	296-305	roodagtig	
1-60	305-306	;	
1-61	307-311	maar	
1-62	312-319	gestold	
1-63	320-322	en	
1-64	323-330	bekoeld	
1-65	330-331	,	
1-66	332-337	neemt	
1-67	338-340	zy	
1-68	341-345	haar	
1-69	346-352	eerste	
1-70	353-359	weezen	
1-71	360-365	weder	
1-72	366-369	aan	
1-73	369-370	.	

#Text=De Zwavel smelt op een middelbaar
#Text=vuur als Wasch, maar op een sterk vuur verdikt zy, en vervliegt by aanhoudendheid:
#Text=
#Text=dezelve geeft een waassem uit, die zeer scherp, dog, van verre gerooken, voor
#Text=sommigen van een zekeren niet onaangenaamen
#Text=reuk is;
#Text=dan van den reuk en smaak
#Text=
#Text=is niet te oordeelen.
2-1	371-373	De	
2-2	374-380	Zwavel	
2-3	381-386	smelt	
2-4	387-389	op	
2-5	390-393	een	
2-6	394-404	middelbaar	
2-7	405-409	vuur	
2-8	410-413	als	
2-9	414-419	Wasch	
2-10	419-420	,	
2-11	421-425	maar	
2-12	426-428	op	
2-13	429-432	een	
2-14	433-438	sterk	
2-15	439-443	vuur	
2-16	444-451	verdikt	
2-17	452-454	zy	
2-18	454-455	,	
2-19	456-458	en	
2-20	459-468	vervliegt	
2-21	469-471	by	
2-22	472-486	aanhoudendheid	
2-23	486-487	:	
2-24	489-496	dezelve	
2-25	497-502	geeft	
2-26	503-506	een	
2-27	507-514	waassem	
2-28	515-518	uit	
2-29	518-519	,	
2-30	520-523	die	
2-31	524-528	zeer	
2-32	529-535	scherp	
2-33	535-536	,	
2-34	537-540	dog	
2-35	540-541	,	
2-36	542-545	van	
2-37	546-551	verre	
2-38	552-560	gerooken	
2-39	560-561	,	
2-40	562-566	voor	
2-41	567-575	sommigen	
2-42	576-579	van	
2-43	580-583	een	
2-44	584-591	zekeren	
2-45	592-596	niet	
2-46	597-610	onaangenaamen	
2-47	611-615	reuk	
2-48	616-618	is	
2-49	618-619	;	
2-50	620-623	dan	
2-51	624-627	van	
2-52	628-631	den	
2-53	632-636	reuk	
2-54	637-639	en	
2-55	640-645	smaak	
2-56	647-649	is	
2-57	650-654	niet	
2-58	655-657	te	
2-59	658-667	oordeelen	
2-60	667-668	.	

#Text=Als deeze waassem in een glazen of anderen
#Text=Distilleerhelm
#Text=opgevangen word, kan men uit dien aanslag wederom Zwavel bekomen, die
#Text=andermaal, in de lugt aangestoken zynde, ontvlamt
#Text=
#Text=J. le Francq van Berkhey, Natuurlyke historie van Holland.
3-1	669-672	Als	
3-2	673-678	deeze	
3-3	679-686	waassem	
3-4	687-689	in	
3-5	690-693	een	
3-6	694-700	glazen	
3-7	701-703	of	
3-8	704-711	anderen	
3-9	712-726	Distilleerhelm	
3-10	727-737	opgevangen	
3-11	738-742	word	
3-12	742-743	,	
3-13	744-747	kan	
3-14	748-751	men	
3-15	752-755	uit	
3-16	756-760	dien	
3-17	761-768	aanslag	
3-18	769-776	wederom	
3-19	777-783	Zwavel	
3-20	784-791	bekomen	
3-21	791-792	,	
3-22	793-796	die	
3-23	797-806	andermaal	
3-24	806-807	,	
3-25	808-810	in	
3-26	811-813	de	
3-27	814-818	lugt	
3-28	819-830	aangestoken	
3-29	831-836	zynde	
3-30	836-837	,	
3-31	838-846	ontvlamt	
3-32	848-849	J	
3-33	849-850	.	
3-34	851-853	le	
3-35	854-860	Francq	
3-36	861-864	van	
3-37	865-872	Berkhey	
3-38	872-873	,	
3-39	874-884	Natuurlyke	
3-40	885-893	historie	
3-41	894-897	van	
3-42	898-905	Holland	
3-43	905-906	.	

#Text=Deel 2
#Text=
#Text=\f
#Text=922
#Text=+
#Text=
#Text=
#Text=en verteert.
4-1	907-911	Deel	
4-2	912-913	2	
4-3	917-920	922	
4-4	921-922	+	
4-5	925-927	en	
4-6	928-936	verteert	
4-7	936-937	.	

#Text=De Zwavelvlam is altoos van een blaauwen helderen gloed, met eene
#Text=witte flikkering vermengd, en doet 's menschen aanschyn verbleeken: dog dezelve +DELFSTOFFEN.
5-1	938-940	De	
5-2	941-951	Zwavelvlam	
5-3	952-954	is	
5-4	955-961	altoos	
5-5	962-965	van	
5-6	966-969	een	
5-7	970-978	blaauwen	
5-8	979-987	helderen	
5-9	988-993	gloed	
5-10	993-994	,	
5-11	995-998	met	
5-12	999-1003	eene	
5-13	1004-1009	witte	
5-14	1010-1020	flikkering	
5-15	1021-1029	vermengd	
5-16	1029-1030	,	
5-17	1031-1033	en	
5-18	1034-1038	doet	
5-19	1039-1040	'	
5-20	1040-1041	s	
5-21	1042-1050	menschen	
5-22	1051-1059	aanschyn	
5-23	1060-1070	verbleeken	
5-24	1070-1071	:	
5-25	1072-1075	dog	
5-26	1076-1083	dezelve	
5-27	1084-1085	+	
5-28	1085-1096	DELFSTOFFEN	
5-29	1096-1097	.	

#Text=slaat op Zilver of andere Metaalen niet aan;
#Text=ook deelt ze haren reuk niet mede aan
#Text=die Stoffen: waar uit volgt, dat, zoo de Zwavel aan Koper eenigen blaauwen aanslag,
#Text=of aan Zilver eenen zwartagtigen aanslag schyne te geeven, dit niet het Zwavel zuur
#Text=of deszelfs fyne Geest zy, maar slegts eene aardagtige Stoffe, die zig afscheid; ook
#Text=moet men den aanslag, hier bedoeld, tot gezuiverde Zwavel bepalen;
6-1	1099-1104	slaat	
6-2	1105-1107	op	
6-3	1108-1114	Zilver	
6-4	1115-1117	of	
6-5	1118-1124	andere	
6-6	1125-1133	Metaalen	
6-7	1134-1138	niet	
6-8	1139-1142	aan	
6-9	1142-1143	;	
6-10	1144-1147	ook	
6-11	1148-1153	deelt	
6-12	1154-1156	ze	
6-13	1157-1162	haren	
6-14	1163-1167	reuk	
6-15	1168-1172	niet	
6-16	1173-1177	mede	
6-17	1178-1181	aan	
6-18	1182-1185	die	
6-19	1186-1193	Stoffen	
6-20	1193-1194	:	
6-21	1195-1199	waar	
6-22	1200-1203	uit	
6-23	1204-1209	volgt	
6-24	1209-1210	,	
6-25	1211-1214	dat	
6-26	1214-1215	,	
6-27	1216-1219	zoo	
6-28	1220-1222	de	
6-29	1223-1229	Zwavel	
6-30	1230-1233	aan	
6-31	1234-1239	Koper	
6-32	1240-1247	eenigen	
6-33	1248-1256	blaauwen	
6-34	1257-1264	aanslag	
6-35	1264-1265	,	
6-36	1266-1268	of	
6-37	1269-1272	aan	
6-38	1273-1279	Zilver	
6-39	1280-1285	eenen	
6-40	1286-1298	zwartagtigen	
6-41	1299-1306	aanslag	
6-42	1307-1313	schyne	
6-43	1314-1316	te	
6-44	1317-1323	geeven	
6-45	1323-1324	,	
6-46	1325-1328	dit	
6-47	1329-1333	niet	
6-48	1334-1337	het	
6-49	1338-1344	Zwavel	
6-50	1345-1349	zuur	
6-51	1350-1352	of	
6-52	1353-1361	deszelfs	
6-53	1362-1366	fyne	
6-54	1367-1372	Geest	
6-55	1373-1375	zy	
6-56	1375-1376	,	
6-57	1377-1381	maar	
6-58	1382-1388	slegts	
6-59	1389-1393	eene	
6-60	1394-1404	aardagtige	
6-61	1405-1411	Stoffe	
6-62	1411-1412	,	
6-63	1413-1416	die	
6-64	1417-1420	zig	
6-65	1421-1429	afscheid	
6-66	1429-1430	;	
6-67	1431-1434	ook	
6-68	1435-1439	moet	
6-69	1440-1443	men	
6-70	1444-1447	den	
6-71	1448-1455	aanslag	
6-72	1455-1456	,	
6-73	1457-1461	hier	
6-74	1462-1469	bedoeld	
6-75	1469-1470	,	
6-76	1471-1474	tot	
6-77	1475-1485	gezuiverde	
6-78	1486-1492	Zwavel	
6-79	1493-1500	bepalen	
6-80	1500-1501	;	
