#FORMAT=WebAnno TSV 3.3


#Text=104:34.
1-1	2-5	104	
1-2	5-6	:	
1-3	6-8	34	
1-4	8-9	.	

#Text=En Ps.
#Text=145:3:
#Text=Gij zijt groot en zeer te prijzen, en wij begrijpen het niet.
2-1	10-12	En	
2-2	13-15	Ps	
2-3	15-16	.	
2-4	17-20	145	
2-5	20-21	:	
2-6	21-22	3	
2-7	22-23	:	
2-8	24-27	Gij	
2-9	28-32	zijt	
2-10	33-38	groot	
2-11	39-41	en	
2-12	42-46	zeer	
2-13	47-49	te	
2-14	50-57	prijzen	
2-15	57-58	,	
2-16	59-61	en	
2-17	62-65	wij	
2-18	66-75	begrijpen	
2-19	76-79	het	
2-20	80-84	niet	
2-21	84-85	.	

#Text=Het vierde vleugeltje is die geestelijke optrekking, die God hen somtijds geeft.
3-1	89-92	Het	
3-2	93-99	vierde	
3-3	100-110	vleugeltje	
3-4	111-113	is	
3-5	114-117	die	
3-6	118-129	geestelijke	
3-7	130-140	optrekking	
3-8	140-141	,	
3-9	142-145	die	
3-10	146-149	God	
3-11	150-153	hen	
3-12	154-162	somtijds	
3-13	163-168	geeft	
3-14	168-169	.	

#Text=Hij voert ze eens in de hoogte, 2Kor.
#Text=12:4.
4-1	170-173	Hij	
4-2	174-179	voert	
4-3	180-182	ze	
4-4	183-187	eens	
4-5	188-190	in	
4-6	191-193	de	
4-7	194-200	hoogte	
4-8	200-201	,	
4-9	202-206	2Kor	
4-10	206-207	.	
4-11	208-210	12	
4-12	210-211	:	
4-13	211-212	4	
4-14	212-213	.	

#Text=Zij worden opgetrokken tot in het paradijs Gods.
5-1	214-217	Zij	
5-2	218-224	worden	
5-3	225-236	opgetrokken	
5-4	237-240	tot	
5-5	241-243	in	
5-6	244-247	het	
5-7	248-256	paradijs	
5-8	257-261	Gods	
5-9	261-262	.	

#Text=Op die vleugeltjes drijven zij hoger dan een arend.
6-1	263-265	Op	
6-2	266-269	die	
6-3	270-281	vleugeltjes	
6-4	282-289	drijven	
6-5	290-293	zij	
6-6	294-299	hoger	
6-7	300-303	dan	
6-8	304-307	een	
6-9	308-313	arend	
6-10	313-314	.	

#Text=Gij hebt lichtelijk van uw leven weleens een arend in de lucht gezien; hoe hoog stijgt hij!
7-1	315-318	Gij	
7-2	319-323	hebt	
7-3	324-334	lichtelijk	
7-4	335-338	van	
7-5	339-341	uw	
7-6	342-347	leven	
7-7	348-355	weleens	
7-8	356-359	een	
7-9	360-365	arend	
7-10	366-368	in	
7-11	369-371	de	
7-12	372-377	lucht	
7-13	378-384	gezien	
7-14	384-385	;	
7-15	386-389	hoe	
7-16	390-394	hoog	
7-17	395-401	stijgt	
7-18	402-405	hij	
7-19	405-406	!	

#Text=Ten vierde.
8-1	409-412	Ten	
8-2	413-419	vierde	
8-3	419-420	.	

#Text=Het blijkt, dat er zulk een omgang met God is, uit de smart die zij voelen, als zij die missen.
9-1	421-424	Het	
9-2	425-431	blijkt	
9-3	431-432	,	
9-4	433-436	dat	
9-5	437-439	er	
9-6	440-444	zulk	
9-7	445-448	een	
9-8	449-455	omgang	
9-9	456-459	met	
9-10	460-463	God	
9-11	464-466	is	
9-12	466-467	,	
9-13	468-471	uit	
9-14	472-474	de	
9-15	475-480	smart	
9-16	481-484	die	
9-17	485-488	zij	
9-18	489-495	voelen	
9-19	495-496	,	
9-20	497-500	als	
9-21	501-504	zij	
9-22	505-508	die	
9-23	509-515	missen	
9-24	515-516	.	

#Text=Als er vervreemding, verharding, liefdeloosheid, slordigheid in hun hart is;
#Text=dan zijn zij gejaagd;
#Text=zij hebben geen rust, niets kan ze vermaken dan God.
10-1	517-520	Als	
10-2	521-523	er	
10-3	524-536	vervreemding	
10-4	536-537	,	
10-5	538-548	verharding	
10-6	548-549	,	
10-7	550-564	liefdeloosheid	
10-8	564-565	,	
10-9	566-577	slordigheid	
10-10	578-580	in	
10-11	581-584	hun	
10-12	585-589	hart	
10-13	590-592	is	
10-14	592-593	;	
10-15	594-597	dan	
10-16	598-602	zijn	
10-17	603-606	zij	
10-18	607-614	gejaagd	
10-19	614-615	;	
10-20	616-619	zij	
10-21	620-626	hebben	
10-22	627-631	geen	
10-23	632-636	rust	
10-24	636-637	,	
10-25	638-643	niets	
10-26	644-647	kan	
10-27	648-650	ze	
10-28	651-659	vermaken	
10-29	660-663	dan	
10-30	664-667	God	
10-31	667-668	.	

#Text=Hoe kom ik nog terecht!
11-1	669-672	Hoe	
11-2	673-676	kom	
11-3	677-679	ik	
11-4	680-683	nog	
11-5	684-691	terecht	
11-6	691-692	!	

#Text=zeggen zij.
12-1	693-699	zeggen	
12-2	700-703	zij	
12-3	703-704	.	

#Text=Ik zocht Hem, Die mijn ziel liefheeft, Hoogl. 3:3.
13-1	705-707	Ik	
13-2	708-713	zocht	
13-3	714-717	Hem	
13-4	717-718	,	
13-5	719-722	Die	
13-6	723-727	mijn	
13-7	728-732	ziel	
13-8	733-742	liefheeft	
13-9	742-743	,	
13-10	744-749	Hoogl	
13-11	749-750	.	
13-12	751-752	3	
13-13	752-753	:	
13-14	753-754	3	
13-15	754-755	.	

#Text=Dan hebben zij geen rust, dan treuren de bruiloftskinderen, als de bruidegom geweken is.
14-1	756-759	Dan	
14-2	760-766	hebben	
14-3	767-770	zij	
14-4	771-775	geen	
14-5	776-780	rust	
14-6	780-781	,	
14-7	782-785	dan	
14-8	786-793	treuren	
14-9	794-796	de	
14-10	797-814	bruiloftskinderen	
14-11	814-815	,	
14-12	816-819	als	
14-13	820-822	de	
14-14	823-832	bruidegom	
14-15	833-840	geweken	
14-16	841-843	is	
14-17	843-844	.	

#Text=Matth. 9:15.
15-1	845-850	Matth	
15-2	850-851	.	
15-3	852-853	9	
15-4	853-854	:	
15-5	854-856	15	
15-6	856-857	.	
