{"_context" : {
    "_types" : {
      "DocumentMetaData" : {
        "_feature_types" : {"sofa" : "_ref" } }, 
      "Relation" : {
        "_feature_types" : {"sofa" : "_ref",  "Dependent" : "_ref",  "Governor" : "_ref" } }, 
      "Sentence" : {
        "_feature_types" : {"sofa" : "_ref" } }, 
      "Sofa" : {
        "_feature_types" : {"sofaArray" : "_ref" } }, 
      "Span" : {
        "_feature_types" : {"sofa" : "_ref" } }, 
      "TagsetDescription" : {
        "_feature_types" : {"sofa" : "_ref",  "tags" : "_ref" } }, 
      "Token" : {
        "_feature_types" : {"sofa" : "_ref",  "parent" : "_ref",  "lemma" : "_ref",  "stem" : "_ref",  "pos" : "_ref",  "morph" : "_ref",  "form" : "_ref" } }, 
      "DocumentAnnotation" : {
        "_feature_types" : {"sofa" : "_ref" }, 
        "_subtypes" : ["DocumentMetaData" ] }, 
      "Annotation" : {
        "_feature_types" : {"sofa" : "_ref" }, 
        "_subtypes" : ["DocumentAnnotation",  "Relation",  "Sentence",  "Span",  "TagsetDescription",  "Token" ] }, 
      "AnnotationBase" : {
        "_feature_types" : {"sofa" : "_ref" }, 
        "_subtypes" : ["Annotation" ] }, 
      "TOP" : {
        "_subtypes" : ["AnnotationBase",  "Sofa" ] } } }, 
  "_views" : {
    "_InitialView" : {
      "Relation" : [
        {"sofa" : 1,  "begin" : 453,  "end" : 458,  "Dependent" : 4168,  "Governor" : 4183 }, 
        {"sofa" : 1,  "begin" : 453,  "end" : 458,  "Dependent" : 4168,  "Governor" : 4178 }, 
        {"sofa" : 1,  "begin" : 453,  "end" : 458,  "Dependent" : 4168,  "Governor" : 4173 }, 
        {"sofa" : 1,  "begin" : 1269,  "end" : 1277,  "Dependent" : 4209,  "Governor" : 4214 }, 
        {"sofa" : 1,  "begin" : 1269,  "end" : 1277,  "Dependent" : 4209,  "Governor" : 4238 }, 
        {"sofa" : 1,  "begin" : 1290,  "end" : 1298,  "Dependent" : 4250,  "Governor" : 4255 }, 
        {"sofa" : 1,  "begin" : 1290,  "end" : 1298,  "Dependent" : 4250,  "Governor" : 4267 } ], 
      "Span" : [4173,  4178,  4168,  4183,  4209,  4214,  4238,  4250,  4267,  4255 ], 
      "DocumentMetaData" : [
        {"sofa" : 1,  "end" : 1430,  "language" : "x-unspecified",  "documentTitle" : "070E%20Thomas%20Shadwell%201673%20Epsom%20wells__16_distribution_THE.txt",  "documentId" : "teresa",  "documentUri" : "file:/home/dhuser/alessio/inception/repository/project/29/document/10783/source/teresa",  "collectionId" : "file:/home/dhuser/alessio/inception/repository/project/29/document/10783/source/",  "documentBaseUri" : "file:/home/dhuser/alessio/inception/repository/project/29/document/10783/source/",  "isLastSegment" : false } ], 
      "TagsetDescription" : [
        {"sofa" : 1,  "layer" : "webanno.custom.Emotions",  "name" : "Emotion Labels",  "input" : false }, 
        {"sofa" : 1,  "layer" : "custom.Relation",  "name" : "Relation labels",  "input" : false }, 
        {"sofa" : 1,  "layer" : "custom.Span",  "name" : "Smell labels",  "input" : false } ], 
      "Sentence" : [
        {"sofa" : 1,  "end" : 4 }, 
        {"sofa" : 1,  "begin" : 5,  "end" : 125 }, 
        {"sofa" : 1,  "begin" : 127,  "end" : 131 }, 
        {"sofa" : 1,  "begin" : 132,  "end" : 150 }, 
        {"sofa" : 1,  "begin" : 152,  "end" : 158 }, 
        {"sofa" : 1,  "begin" : 159,  "end" : 197 }, 
        {"sofa" : 1,  "begin" : 198,  "end" : 353 }, 
        {"sofa" : 1,  "begin" : 355,  "end" : 359 }, 
        {"sofa" : 1,  "begin" : 360,  "end" : 416 }, 
        {"sofa" : 1,  "begin" : 418,  "end" : 424 }, 
        {"sofa" : 1,  "begin" : 425,  "end" : 428 }, 
        {"sofa" : 1,  "begin" : 430,  "end" : 434 }, 
        {"sofa" : 1,  "begin" : 435,  "end" : 630 }, 
        {"sofa" : 1,  "begin" : 632,  "end" : 638 }, 
        {"sofa" : 1,  "begin" : 639,  "end" : 649 }, 
        {"sofa" : 1,  "begin" : 651,  "end" : 655 }, 
        {"sofa" : 1,  "begin" : 656,  "end" : 818 }, 
        {"sofa" : 1,  "begin" : 820,  "end" : 826 }, 
        {"sofa" : 1,  "begin" : 827,  "end" : 837 }, 
        {"sofa" : 1,  "begin" : 839,  "end" : 843 }, 
        {"sofa" : 1,  "begin" : 844,  "end" : 1161 }, 
        {"sofa" : 1,  "begin" : 1163,  "end" : 1169 }, 
        {"sofa" : 1,  "begin" : 1170,  "end" : 1226 }, 
        {"sofa" : 1,  "begin" : 1227,  "end" : 1283 }, 
        {"sofa" : 1,  "begin" : 1285,  "end" : 1289 }, 
        {"sofa" : 1,  "begin" : 1290,  "end" : 1304 }, 
        {"sofa" : 1,  "begin" : 1305,  "end" : 1366 }, 
        {"sofa" : 1,  "begin" : 1368,  "end" : 1374 }, 
        {"sofa" : 1,  "begin" : 1375,  "end" : 1430 } ], 
      "Token" : [
        {"sofa" : 1,  "end" : 3 }, 
        {"sofa" : 1,  "begin" : 3,  "end" : 4 }, 
        {"sofa" : 1,  "begin" : 5,  "end" : 8 }, 
        {"sofa" : 1,  "begin" : 9,  "end" : 12 }, 
        {"sofa" : 1,  "begin" : 13,  "end" : 15 }, 
        {"sofa" : 1,  "begin" : 16,  "end" : 26 }, 
        {"sofa" : 1,  "begin" : 27,  "end" : 33 }, 
        {"sofa" : 1,  "begin" : 34,  "end" : 36 }, 
        {"sofa" : 1,  "begin" : 37,  "end" : 45 }, 
        {"sofa" : 1,  "begin" : 46,  "end" : 50 }, 
        {"sofa" : 1,  "begin" : 51,  "end" : 57 }, 
        {"sofa" : 1,  "begin" : 58,  "end" : 60 }, 
        {"sofa" : 1,  "begin" : 61,  "end" : 62 }, 
        {"sofa" : 1,  "begin" : 63,  "end" : 73 }, 
        {"sofa" : 1,  "begin" : 73,  "end" : 74 }, 
        {"sofa" : 1,  "begin" : 75,  "end" : 77 }, 
        {"sofa" : 1,  "begin" : 78,  "end" : 82 }, 
        {"sofa" : 1,  "begin" : 83,  "end" : 91 }, 
        {"sofa" : 1,  "begin" : 92,  "end" : 94 }, 
        {"sofa" : 1,  "begin" : 95,  "end" : 99 }, 
        {"sofa" : 1,  "begin" : 100,  "end" : 104 }, 
        {"sofa" : 1,  "begin" : 105,  "end" : 106 }, 
        {"sofa" : 1,  "begin" : 107,  "end" : 108 }, 
        {"sofa" : 1,  "begin" : 109,  "end" : 119 }, 
        {"sofa" : 1,  "begin" : 120,  "end" : 124 }, 
        {"sofa" : 1,  "begin" : 124,  "end" : 125 }, 
        {"sofa" : 1,  "begin" : 127,  "end" : 130 }, 
        {"sofa" : 1,  "begin" : 130,  "end" : 131 }, 
        {"sofa" : 1,  "begin" : 132,  "end" : 135 }, 
        {"sofa" : 1,  "begin" : 136,  "end" : 139 }, 
        {"sofa" : 1,  "begin" : 140,  "end" : 144 }, 
        {"sofa" : 1,  "begin" : 144,  "end" : 145 }, 
        {"sofa" : 1,  "begin" : 146,  "end" : 149 }, 
        {"sofa" : 1,  "begin" : 149,  "end" : 150 }, 
        {"sofa" : 1,  "begin" : 152,  "end" : 157 }, 
        {"sofa" : 1,  "begin" : 157,  "end" : 158 }, 
        {"sofa" : 1,  "begin" : 159,  "end" : 163 }, 
        {"sofa" : 1,  "begin" : 163,  "end" : 164 }, 
        {"sofa" : 1,  "begin" : 165,  "end" : 170 }, 
        {"sofa" : 1,  "begin" : 170,  "end" : 171 }, 
        {"sofa" : 1,  "begin" : 172,  "end" : 177 }, 
        {"sofa" : 1,  "begin" : 178,  "end" : 185 }, 
        {"sofa" : 1,  "begin" : 186,  "end" : 188 }, 
        {"sofa" : 1,  "begin" : 189,  "end" : 190 }, 
        {"sofa" : 1,  "begin" : 191,  "end" : 196 }, 
        {"sofa" : 1,  "begin" : 196,  "end" : 197 }, 
        {"sofa" : 1,  "begin" : 198,  "end" : 201 }, 
        {"sofa" : 1,  "begin" : 202,  "end" : 205 }, 
        {"sofa" : 1,  "begin" : 206,  "end" : 209 }, 
        {"sofa" : 1,  "begin" : 210,  "end" : 216 }, 
        {"sofa" : 1,  "begin" : 217,  "end" : 219 }, 
        {"sofa" : 1,  "begin" : 220,  "end" : 224 }, 
        {"sofa" : 1,  "begin" : 225,  "end" : 235 }, 
        {"sofa" : 1,  "begin" : 236,  "end" : 247 }, 
        {"sofa" : 1,  "begin" : 247,  "end" : 248 }, 
        {"sofa" : 1,  "begin" : 249,  "end" : 255 }, 
        {"sofa" : 1,  "begin" : 256,  "end" : 257 }, 
        {"sofa" : 1,  "begin" : 258,  "end" : 263 }, 
        {"sofa" : 1,  "begin" : 264,  "end" : 272 }, 
        {"sofa" : 1,  "begin" : 273,  "end" : 287 }, 
        {"sofa" : 1,  "begin" : 288,  "end" : 290 }, 
        {"sofa" : 1,  "begin" : 291,  "end" : 294 }, 
        {"sofa" : 1,  "begin" : 295,  "end" : 302 }, 
        {"sofa" : 1,  "begin" : 303,  "end" : 305 }, 
        {"sofa" : 1,  "begin" : 306,  "end" : 310 }, 
        {"sofa" : 1,  "begin" : 311,  "end" : 313 }, 
        {"sofa" : 1,  "begin" : 314,  "end" : 318 }, 
        {"sofa" : 1,  "begin" : 319,  "end" : 325 }, 
        {"sofa" : 1,  "begin" : 325,  "end" : 326 }, 
        {"sofa" : 1,  "begin" : 327,  "end" : 330 }, 
        {"sofa" : 1,  "begin" : 331,  "end" : 336 }, 
        {"sofa" : 1,  "begin" : 337,  "end" : 341 }, 
        {"sofa" : 1,  "begin" : 342,  "end" : 352 }, 
        {"sofa" : 1,  "begin" : 352,  "end" : 353 }, 
        {"sofa" : 1,  "begin" : 355,  "end" : 358 }, 
        {"sofa" : 1,  "begin" : 358,  "end" : 359 }, 
        {"sofa" : 1,  "begin" : 360,  "end" : 362 }, 
        {"sofa" : 1,  "begin" : 363,  "end" : 366 }, 
        {"sofa" : 1,  "begin" : 367,  "end" : 369 }, 
        {"sofa" : 1,  "begin" : 370,  "end" : 375 }, 
        {"sofa" : 1,  "begin" : 376,  "end" : 379 }, 
        {"sofa" : 1,  "begin" : 380,  "end" : 385 }, 
        {"sofa" : 1,  "begin" : 386,  "end" : 389 }, 
        {"sofa" : 1,  "begin" : 389,  "end" : 390 }, 
        {"sofa" : 1,  "begin" : 391,  "end" : 394 }, 
        {"sofa" : 1,  "begin" : 395,  "end" : 399 }, 
        {"sofa" : 1,  "begin" : 400,  "end" : 402 }, 
        {"sofa" : 1,  "begin" : 403,  "end" : 406 }, 
        {"sofa" : 1,  "begin" : 407,  "end" : 415 }, 
        {"sofa" : 1,  "begin" : 415,  "end" : 416 }, 
        {"sofa" : 1,  "begin" : 418,  "end" : 423 }, 
        {"sofa" : 1,  "begin" : 423,  "end" : 424 }, 
        {"sofa" : 1,  "begin" : 425,  "end" : 427 }, 
        {"sofa" : 1,  "begin" : 427,  "end" : 428 }, 
        {"sofa" : 1,  "begin" : 430,  "end" : 433 }, 
        {"sofa" : 1,  "begin" : 433,  "end" : 434 }, 
        {"sofa" : 1,  "begin" : 435,  "end" : 437 }, 
        {"sofa" : 1,  "begin" : 438,  "end" : 442 }, 
        {"sofa" : 1,  "begin" : 443,  "end" : 445 }, 
        {"sofa" : 1,  "begin" : 446,  "end" : 452 }, 
        {"sofa" : 1,  "begin" : 453,  "end" : 458 }, 
        {"sofa" : 1,  "begin" : 459,  "end" : 463 }, 
        {"sofa" : 1,  "begin" : 464,  "end" : 465 }, 
        {"sofa" : 1,  "begin" : 466,  "end" : 477 }, 
        {"sofa" : 1,  "begin" : 478,  "end" : 482 }, 
        {"sofa" : 1,  "begin" : 483,  "end" : 487 }, 
        {"sofa" : 1,  "begin" : 488,  "end" : 493 }, 
        {"sofa" : 1,  "begin" : 494,  "end" : 497 }, 
        {"sofa" : 1,  "begin" : 498,  "end" : 507 }, 
        {"sofa" : 1,  "begin" : 507,  "end" : 508 }, 
        {"sofa" : 1,  "begin" : 509,  "end" : 511 }, 
        {"sofa" : 1,  "begin" : 512,  "end" : 522 }, 
        {"sofa" : 1,  "begin" : 523,  "end" : 525 }, 
        {"sofa" : 1,  "begin" : 526,  "end" : 528 }, 
        {"sofa" : 1,  "begin" : 529,  "end" : 533 }, 
        {"sofa" : 1,  "begin" : 534,  "end" : 544 }, 
        {"sofa" : 1,  "begin" : 544,  "end" : 545 }, 
        {"sofa" : 1,  "begin" : 546,  "end" : 549 }, 
        {"sofa" : 1,  "begin" : 550,  "end" : 555 }, 
        {"sofa" : 1,  "begin" : 556,  "end" : 559 }, 
        {"sofa" : 1,  "begin" : 560,  "end" : 564 }, 
        {"sofa" : 1,  "begin" : 565,  "end" : 571 }, 
        {"sofa" : 1,  "begin" : 572,  "end" : 580 }, 
        {"sofa" : 1,  "begin" : 581,  "end" : 585 }, 
        {"sofa" : 1,  "begin" : 586,  "end" : 589 }, 
        {"sofa" : 1,  "begin" : 590,  "end" : 597 }, 
        {"sofa" : 1,  "begin" : 598,  "end" : 602 }, 
        {"sofa" : 1,  "begin" : 603,  "end" : 607 }, 
        {"sofa" : 1,  "begin" : 608,  "end" : 615 }, 
        {"sofa" : 1,  "begin" : 616,  "end" : 618 }, 
        {"sofa" : 1,  "begin" : 619,  "end" : 622 }, 
        {"sofa" : 1,  "begin" : 623,  "end" : 629 }, 
        {"sofa" : 1,  "begin" : 629,  "end" : 630 }, 
        {"sofa" : 1,  "begin" : 632,  "end" : 637 }, 
        {"sofa" : 1,  "begin" : 637,  "end" : 638 }, 
        {"sofa" : 1,  "begin" : 639,  "end" : 643 }, 
        {"sofa" : 1,  "begin" : 644,  "end" : 648 }, 
        {"sofa" : 1,  "begin" : 648,  "end" : 649 }, 
        {"sofa" : 1,  "begin" : 651,  "end" : 654 }, 
        {"sofa" : 1,  "begin" : 654,  "end" : 655 }, 
        {"sofa" : 1,  "begin" : 656,  "end" : 659 }, 
        {"sofa" : 1,  "begin" : 660,  "end" : 664 }, 
        {"sofa" : 1,  "begin" : 665,  "end" : 667 }, 
        {"sofa" : 1,  "begin" : 668,  "end" : 672 }, 
        {"sofa" : 1,  "begin" : 673,  "end" : 676 }, 
        {"sofa" : 1,  "begin" : 677,  "end" : 683 }, 
        {"sofa" : 1,  "begin" : 684,  "end" : 685 }, 
        {"sofa" : 1,  "begin" : 686,  "end" : 687 }, 
        {"sofa" : 1,  "begin" : 688,  "end" : 699 }, 
        {"sofa" : 1,  "begin" : 699,  "end" : 700 }, 
        {"sofa" : 1,  "begin" : 701,  "end" : 704 }, 
        {"sofa" : 1,  "begin" : 705,  "end" : 710 }, 
        {"sofa" : 1,  "begin" : 711,  "end" : 715 }, 
        {"sofa" : 1,  "begin" : 716,  "end" : 720 }, 
        {"sofa" : 1,  "begin" : 721,  "end" : 725 }, 
        {"sofa" : 1,  "begin" : 726,  "end" : 728 }, 
        {"sofa" : 1,  "begin" : 728,  "end" : 729 }, 
        {"sofa" : 1,  "begin" : 730,  "end" : 733 }, 
        {"sofa" : 1,  "begin" : 734,  "end" : 737 }, 
        {"sofa" : 1,  "begin" : 738,  "end" : 742 }, 
        {"sofa" : 1,  "begin" : 743,  "end" : 745 }, 
        {"sofa" : 1,  "begin" : 746,  "end" : 753 }, 
        {"sofa" : 1,  "begin" : 754,  "end" : 757 }, 
        {"sofa" : 1,  "begin" : 758,  "end" : 762 }, 
        {"sofa" : 1,  "begin" : 763,  "end" : 765 }, 
        {"sofa" : 1,  "begin" : 766,  "end" : 768 }, 
        {"sofa" : 1,  "begin" : 769,  "end" : 773 }, 
        {"sofa" : 1,  "begin" : 774,  "end" : 775 }, 
        {"sofa" : 1,  "begin" : 776,  "end" : 787 }, 
        {"sofa" : 1,  "begin" : 788,  "end" : 792 }, 
        {"sofa" : 1,  "begin" : 793,  "end" : 795 }, 
        {"sofa" : 1,  "begin" : 796,  "end" : 800 }, 
        {"sofa" : 1,  "begin" : 801,  "end" : 805 }, 
        {"sofa" : 1,  "begin" : 806,  "end" : 810 }, 
        {"sofa" : 1,  "begin" : 811,  "end" : 817 }, 
        {"sofa" : 1,  "begin" : 817,  "end" : 818 }, 
        {"sofa" : 1,  "begin" : 820,  "end" : 825 }, 
        {"sofa" : 1,  "begin" : 825,  "end" : 826 }, 
        {"sofa" : 1,  "begin" : 827,  "end" : 831 }, 
        {"sofa" : 1,  "begin" : 832,  "end" : 836 }, 
        {"sofa" : 1,  "begin" : 836,  "end" : 837 }, 
        {"sofa" : 1,  "begin" : 839,  "end" : 842 }, 
        {"sofa" : 1,  "begin" : 842,  "end" : 843 }, 
        {"sofa" : 1,  "begin" : 844,  "end" : 849 }, 
        {"sofa" : 1,  "begin" : 850,  "end" : 852 }, 
        {"sofa" : 1,  "begin" : 853,  "end" : 857 }, 
        {"sofa" : 1,  "begin" : 858,  "end" : 859 }, 
        {"sofa" : 1,  "begin" : 860,  "end" : 866 }, 
        {"sofa" : 1,  "begin" : 866,  "end" : 867 }, 
        {"sofa" : 1,  "begin" : 868,  "end" : 871 }, 
        {"sofa" : 1,  "begin" : 872,  "end" : 876 }, 
        {"sofa" : 1,  "begin" : 877,  "end" : 879 }, 
        {"sofa" : 1,  "begin" : 880,  "end" : 886 }, 
        {"sofa" : 1,  "begin" : 887,  "end" : 892 }, 
        {"sofa" : 1,  "begin" : 893,  "end" : 897 }, 
        {"sofa" : 1,  "begin" : 898,  "end" : 901 }, 
        {"sofa" : 1,  "begin" : 902,  "end" : 907 }, 
        {"sofa" : 1,  "begin" : 908,  "end" : 911 }, 
        {"sofa" : 1,  "begin" : 912,  "end" : 915 }, 
        {"sofa" : 1,  "begin" : 915,  "end" : 916 }, 
        {"sofa" : 1,  "begin" : 917,  "end" : 919 }, 
        {"sofa" : 1,  "begin" : 920,  "end" : 921 }, 
        {"sofa" : 1,  "begin" : 922,  "end" : 930 }, 
        {"sofa" : 1,  "begin" : 930,  "end" : 931 }, 
        {"sofa" : 1,  "begin" : 932,  "end" : 937 }, 
        {"sofa" : 1,  "begin" : 938,  "end" : 940 }, 
        {"sofa" : 1,  "begin" : 941,  "end" : 945 }, 
        {"sofa" : 1,  "begin" : 946,  "end" : 952 }, 
        {"sofa" : 1,  "begin" : 953,  "end" : 959 }, 
        {"sofa" : 1,  "begin" : 959,  "end" : 960 }, 
        {"sofa" : 1,  "begin" : 961,  "end" : 965 }, 
        {"sofa" : 1,  "begin" : 966,  "end" : 970 }, 
        {"sofa" : 1,  "begin" : 971,  "end" : 978 }, 
        {"sofa" : 1,  "begin" : 978,  "end" : 979 }, 
        {"sofa" : 1,  "begin" : 980,  "end" : 982 }, 
        {"sofa" : 1,  "begin" : 983,  "end" : 989 }, 
        {"sofa" : 1,  "begin" : 990,  "end" : 997 }, 
        {"sofa" : 1,  "begin" : 998,  "end" : 1002 }, 
        {"sofa" : 1,  "begin" : 1003,  "end" : 1008 }, 
        {"sofa" : 1,  "begin" : 1008,  "end" : 1009 }, 
        {"sofa" : 1,  "begin" : 1010,  "end" : 1013 }, 
        {"sofa" : 1,  "begin" : 1014,  "end" : 1018 }, 
        {"sofa" : 1,  "begin" : 1019,  "end" : 1025 }, 
        {"sofa" : 1,  "begin" : 1026,  "end" : 1033 }, 
        {"sofa" : 1,  "begin" : 1034,  "end" : 1038 }, 
        {"sofa" : 1,  "begin" : 1039,  "end" : 1040 }, 
        {"sofa" : 1,  "begin" : 1041,  "end" : 1048 }, 
        {"sofa" : 1,  "begin" : 1049,  "end" : 1051 }, 
        {"sofa" : 1,  "begin" : 1052,  "end" : 1060 }, 
        {"sofa" : 1,  "begin" : 1061,  "end" : 1069 }, 
        {"sofa" : 1,  "begin" : 1070,  "end" : 1073 }, 
        {"sofa" : 1,  "begin" : 1075,  "end" : 1079 }, 
        {"sofa" : 1,  "begin" : 1080,  "end" : 1087 }, 
        {"sofa" : 1,  "begin" : 1088,  "end" : 1097 }, 
        {"sofa" : 1,  "begin" : 1098,  "end" : 1104 }, 
        {"sofa" : 1,  "begin" : 1105,  "end" : 1111 }, 
        {"sofa" : 1,  "begin" : 1111,  "end" : 1112 }, 
        {"sofa" : 1,  "begin" : 1113,  "end" : 1117 }, 
        {"sofa" : 1,  "begin" : 1118,  "end" : 1121 }, 
        {"sofa" : 1,  "begin" : 1122,  "end" : 1126 }, 
        {"sofa" : 1,  "begin" : 1127,  "end" : 1130 }, 
        {"sofa" : 1,  "begin" : 1131,  "end" : 1133 }, 
        {"sofa" : 1,  "begin" : 1134,  "end" : 1136 }, 
        {"sofa" : 1,  "begin" : 1137,  "end" : 1142 }, 
        {"sofa" : 1,  "begin" : 1143,  "end" : 1148 }, 
        {"sofa" : 1,  "begin" : 1149,  "end" : 1152 }, 
        {"sofa" : 1,  "begin" : 1153,  "end" : 1160 }, 
        {"sofa" : 1,  "begin" : 1160,  "end" : 1161 }, 
        {"sofa" : 1,  "begin" : 1163,  "end" : 1168 }, 
        {"sofa" : 1,  "begin" : 1168,  "end" : 1169 }, 
        {"sofa" : 1,  "begin" : 1170,  "end" : 1177 }, 
        {"sofa" : 1,  "begin" : 1178,  "end" : 1181 }, 
        {"sofa" : 1,  "begin" : 1182,  "end" : 1186 }, 
        {"sofa" : 1,  "begin" : 1187,  "end" : 1191 }, 
        {"sofa" : 1,  "begin" : 1192,  "end" : 1196 }, 
        {"sofa" : 1,  "begin" : 1197,  "end" : 1200 }, 
        {"sofa" : 1,  "begin" : 1201,  "end" : 1208 }, 
        {"sofa" : 1,  "begin" : 1208,  "end" : 1209 }, 
        {"sofa" : 1,  "begin" : 1210,  "end" : 1212 }, 
        {"sofa" : 1,  "begin" : 1213,  "end" : 1216 }, 
        {"sofa" : 1,  "begin" : 1217,  "end" : 1225 }, 
        {"sofa" : 1,  "begin" : 1225,  "end" : 1226 }, 
        {"sofa" : 1,  "begin" : 1227,  "end" : 1229 }, 
        {"sofa" : 1,  "begin" : 1230,  "end" : 1233 }, 
        {"sofa" : 1,  "begin" : 1234,  "end" : 1238 }, 
        {"sofa" : 1,  "begin" : 1239,  "end" : 1245 }, 
        {"sofa" : 1,  "begin" : 1246,  "end" : 1250 }, 
        {"sofa" : 1,  "begin" : 1251,  "end" : 1254 }, 
        {"sofa" : 1,  "begin" : 1255,  "end" : 1260 }, 
        {"sofa" : 1,  "begin" : 1261,  "end" : 1263 }, 
        {"sofa" : 1,  "begin" : 1264,  "end" : 1268 }, 
        {"sofa" : 1,  "begin" : 1269,  "end" : 1277 }, 
        {"sofa" : 1,  "begin" : 1278,  "end" : 1282 }, 
        {"sofa" : 1,  "begin" : 1282,  "end" : 1283 }, 
        {"sofa" : 1,  "begin" : 1285,  "end" : 1288 }, 
        {"sofa" : 1,  "begin" : 1288,  "end" : 1289 }, 
        {"sofa" : 1,  "begin" : 1290,  "end" : 1298 }, 
        {"sofa" : 1,  "begin" : 1299,  "end" : 1303 }, 
        {"sofa" : 1,  "begin" : 1303,  "end" : 1304 }, 
        {"sofa" : 1,  "begin" : 1305,  "end" : 1306 }, 
        {"sofa" : 1,  "begin" : 1307,  "end" : 1310 }, 
        {"sofa" : 1,  "begin" : 1311,  "end" : 1317 }, 
        {"sofa" : 1,  "begin" : 1318,  "end" : 1320 }, 
        {"sofa" : 1,  "begin" : 1321,  "end" : 1329 }, 
        {"sofa" : 1,  "begin" : 1330,  "end" : 1332 }, 
        {"sofa" : 1,  "begin" : 1333,  "end" : 1343 }, 
        {"sofa" : 1,  "begin" : 1343,  "end" : 1344 }, 
        {"sofa" : 1,  "begin" : 1345,  "end" : 1349 }, 
        {"sofa" : 1,  "begin" : 1350,  "end" : 1355 }, 
        {"sofa" : 1,  "begin" : 1356,  "end" : 1358 }, 
        {"sofa" : 1,  "begin" : 1359,  "end" : 1365 }, 
        {"sofa" : 1,  "begin" : 1365,  "end" : 1366 }, 
        {"sofa" : 1,  "begin" : 1368,  "end" : 1373 }, 
        {"sofa" : 1,  "begin" : 1373,  "end" : 1374 }, 
        {"sofa" : 1,  "begin" : 1375,  "end" : 1377 }, 
        {"sofa" : 1,  "begin" : 1378,  "end" : 1381 }, 
        {"sofa" : 1,  "begin" : 1381,  "end" : 1382 }, 
        {"sofa" : 1,  "begin" : 1383,  "end" : 1386 }, 
        {"sofa" : 1,  "begin" : 1387,  "end" : 1389 }, 
        {"sofa" : 1,  "begin" : 1389,  "end" : 1390 }, 
        {"sofa" : 1,  "begin" : 1391,  "end" : 1394 }, 
        {"sofa" : 1,  "begin" : 1395,  "end" : 1404 }, 
        {"sofa" : 1,  "begin" : 1405,  "end" : 1410 }, 
        {"sofa" : 1,  "begin" : 1411,  "end" : 1414 }, 
        {"sofa" : 1,  "begin" : 1415,  "end" : 1419 }, 
        {"sofa" : 1,  "begin" : 1420,  "end" : 1423 }, 
        {"sofa" : 1,  "begin" : 1424,  "end" : 1429 }, 
        {"sofa" : 1,  "begin" : 1429,  "end" : 1430 } ] } }, 
  "_referenced_fss" : {
    "1" : {"_type" : "Sofa",  "sofaNum" : 1,  "sofaID" : "_InitialView",  "mimeType" : "text",  "sofaString" : "Why? you may as reasonably expect to preserve your health in a Pest-house, as your Chastity in that damn ' d lascivious Town.\n\nLuc.\nYou are rude, Sir.\n\nClodp.\nCome, Madam, plain dealing is a jewel. But can you prefer an idle scandalous London-life, before a prety innocent huswifely-life in the Country to look to your Family, and visit your Neighbours.\n\nLuc.\nTo see my Ducks and Geese fed, and cram my own Chickens.\n\nClodp.\nAy.\n\nLuc.\nTo have my Closet stink like a Pothecaries shop with Drugs and Medicines, to administer to my sick Neighbours; and spoil the next Quacks practice with the receipt book that belongs to the family.\n\nClodp.\nVery well.\n\nLuc.\nAnd then to have one approv ' d Green-salve, and dress sore legs with it; and all this to deserve the name of as good a neighbourly body as ever came into Sussex.\n\nClodp.\nVery good.\n\nLuc.\nNever to hear a Fiddle, but such as sounds worse than the Tongs and Key, or a Gridiron; never to read better Poetry, than Iohn Hopkins, or Robert Wisdoms vile Metre; nor hear better singing than a company of Peasants praising God\n\nwith doleful untunable hoarce voices, that are only fit to be heard under the Gallows.\n\nClodp.\nHowever you make bold with the Country, be not prophane. Is not this better than any thing in that stinking Town?\n\nLuc.\nStinking Town! I had rather be Countess of Puddledock, than Queen of Sussex.\n\nClodp.\nOh foh— but ah, the excellent fresh air upon the Downs." }, 
    "4168" : {"_type" : "Span",  "sofa" : 1,  "begin" : 453,  "end" : 458,  "label" : "Smell_Word" }, 
    "4183" : {"_type" : "Span",  "sofa" : 1,  "begin" : 459,  "end" : 507,  "label" : "Evoked_Odorant" }, 
    "4178" : {"_type" : "Span",  "sofa" : 1,  "begin" : 446,  "end" : 452,  "label" : "Smell_Source" }, 
    "4173" : {"_type" : "Span",  "sofa" : 1,  "begin" : 443,  "end" : 445,  "label" : "Perceiver" }, 
    "4209" : {"_type" : "Span",  "sofa" : 1,  "begin" : 1269,  "end" : 1277,  "label" : "Smell_Word" }, 
    "4214" : {"_type" : "Span",  "sofa" : 1,  "begin" : 1269,  "end" : 1277,  "label" : "Quality" }, 
    "4238" : {"_type" : "Span",  "sofa" : 1,  "begin" : 1278,  "end" : 1282,  "label" : "Location" }, 
    "4250" : {"_type" : "Span",  "sofa" : 1,  "begin" : 1290,  "end" : 1298,  "label" : "Smell_Word" }, 
    "4255" : {"_type" : "Span",  "sofa" : 1,  "begin" : 1299,  "end" : 1303,  "label" : "Location" }, 
    "4267" : {"_type" : "Span",  "sofa" : 1,  "begin" : 1290,  "end" : 1298,  "label" : "Quality" } } }