#FORMAT=WebAnno TSV 3.3


#Text=Durchkneten geſchieht jetzt faſt überall in be-
#Text=ſonderen Maſchinen.
1-1	0-11	Durchkneten	
1-2	12-21	geſchieht	
1-3	22-27	jetzt	
1-4	28-32	faſt	
1-5	33-40	überall	
1-6	41-43	in	
1-7	44-46	be	
1-8	46-47	-	
1-9	48-56	ſonderen	
1-10	57-66	Maſchinen	
1-11	66-67	.	

#Text=Sonſt genügt es, den Thon allein mit Waſſer
#Text=zu verkneten und weiter zu verarbeiten.
2-1	68-73	Sonſt	
2-2	74-80	genügt	
2-3	81-83	es	
2-4	83-84	,	
2-5	85-88	den	
2-6	89-93	Thon	
2-7	94-100	allein	
2-8	101-104	mit	
2-9	105-111	Waſſer	
2-10	112-114	zu	
2-11	115-124	verkneten	
2-12	125-128	und	
2-13	129-135	weiter	
2-14	136-138	zu	
2-15	139-150	verarbeiten	
2-16	150-151	.	

#Text=Er kommt jetzt auf die Dreh-
#Text=ſcheibe, ſoweit er nicht durch Eindrücken in beſondere Gipsformen oder
#Text=durch Preſſen in Meſſing- und Eiſenformen oder ſchließlich durch Aus-
#Text=gießen der zähflüſſigen Maſſe in Gipsformen, die ihm durch ihre
#Text=Poroſität das Waſſer entziehen, ſeine Geſtalt erhält.
3-1	152-154	Er	
3-2	155-160	kommt	
3-3	161-166	jetzt	
3-4	167-170	auf	
3-5	171-174	die	
3-6	175-179	Dreh	
3-7	179-180	-	
3-8	181-188	ſcheibe	
3-9	188-189	,	
3-10	190-196	ſoweit	
3-11	197-199	er	
3-12	200-205	nicht	
3-13	206-211	durch	
3-14	212-222	Eindrücken	
3-15	223-225	in	
3-16	226-235	beſondere	
3-17	236-246	Gipsformen	
3-18	247-251	oder	
3-19	252-257	durch	
3-20	258-265	Preſſen	
3-21	266-268	in	
3-22	269-276	Meſſing	
3-23	276-277	-	
3-24	278-281	und	
3-25	282-293	Eiſenformen	
3-26	294-298	oder	
3-27	299-310	ſchließlich	
3-28	311-316	durch	
3-29	317-320	Aus	
3-30	320-321	-	
3-31	322-328	gießen	
3-32	329-332	der	
3-33	333-345	zähflüſſigen	
3-34	346-351	Maſſe	
3-35	352-354	in	
3-36	355-365	Gipsformen	
3-37	365-366	,	
3-38	367-370	die	
3-39	371-374	ihm	
3-40	375-380	durch	
3-41	381-385	ihre	
3-42	386-395	Poroſität	
3-43	396-399	das	
3-44	400-406	Waſſer	
3-45	407-416	entziehen	
3-46	416-417	,	
3-47	418-423	ſeine	
3-48	424-431	Geſtalt	
3-49	432-438	erhält	
3-50	438-439	.	

#Text=Nur die feinſten
#Text=Verzierungen, wie die Blumen aus Porzellan, werden aus freier Hand
#Text=mit Zuhilfenahme des Griffels geformt.
4-1	440-443	Nur	
4-2	444-447	die	
4-3	448-456	feinſten	
4-4	457-469	Verzierungen	
4-5	469-470	,	
4-6	471-474	wie	
4-7	475-478	die	
4-8	479-485	Blumen	
4-9	486-489	aus	
4-10	490-499	Porzellan	
4-11	499-500	,	
4-12	501-507	werden	
4-13	508-511	aus	
4-14	512-518	freier	
4-15	519-523	Hand	
4-16	524-527	mit	
4-17	528-540	Zuhilfenahme	
4-18	541-544	des	
4-19	545-553	Griffels	
4-20	554-561	geformt	
4-21	561-562	.	

#Text=Sodann wird der geformte
#Text=Körper an der Luft getrocknet und ſchließlich im Ofen gebrannt, um
#Text=den für jede Thonware eigentümlichen Scherben zu bilden.
5-1	563-569	Sodann	
5-2	570-574	wird	
5-3	575-578	der	
5-4	579-587	geformte	
5-5	588-594	Körper	
5-6	595-597	an	
5-7	598-601	der	
5-8	602-606	Luft	
5-9	607-617	getrocknet	
5-10	618-621	und	
5-11	622-633	ſchließlich	
5-12	634-636	im	
5-13	637-641	Ofen	
5-14	642-650	gebrannt	
5-15	650-651	,	
5-16	652-654	um	
5-17	655-658	den	
5-18	659-662	für	
5-19	663-667	jede	
5-20	668-676	Thonware	
5-21	677-691	eigentümlichen	
5-22	692-700	Scherben	
5-23	701-703	zu	
5-24	704-710	bilden	
5-25	710-711	.	

#Text=In den
#Text=meiſten Fällen wird er dabei auch mit der Glaſur verſehen, die man,
#Text=
#Text=\f
#Text=[875/0893]
#Text=
#Text=
#Text=Die dichten Thonwaren.
6-1	712-714	In	
6-2	715-718	den	
6-3	719-726	meiſten	
6-4	727-733	Fällen	
6-5	734-738	wird	
6-6	739-741	er	
6-7	742-747	dabei	
6-8	748-752	auch	
6-9	753-756	mit	
6-10	757-760	der	
6-11	761-767	Glaſur	
6-12	768-776	verſehen	
6-13	776-777	,	
6-14	778-781	die	
6-15	782-785	man	
6-16	785-786	,	
6-17	790-791	[	
6-18	791-794	875	
6-19	794-795	/	
6-20	795-799	0893	
6-21	799-800	]	
6-22	803-806	Die	
6-23	807-814	dichten	
6-24	815-824	Thonwaren	
6-25	824-825	.	

#Text=da ſie ja leichter als die übrige Maſſe ſchmelzen ſoll, beſonders auf-
#Text=tragen muß.
7-1	829-831	da	
7-2	832-835	ſie	
7-3	836-838	ja	
7-4	839-847	leichter	
7-5	848-851	als	
7-6	852-855	die	
7-7	856-862	übrige	
7-8	863-868	Maſſe	
7-9	869-878	ſchmelzen	
7-10	879-883	ſoll	
7-11	883-884	,	
7-12	885-894	beſonders	
7-13	895-898	auf	
7-14	898-899	-	
7-15	900-906	tragen	
7-16	907-910	muß	
7-17	910-911	.	

#Text=Man rührt die Glaſur, die beim echten Porzellan ein
#Text=Gemenge von Thon und Kaliumwaſſerglas iſt und für weniger feine
#Text=Waren kieſelſaures Blei enthält, mit Waſſer zu einem dünnen Brei an,
#Text=und taucht den durch das ſog.
8-1	912-915	Man	
8-2	916-921	rührt	
8-3	922-925	die	
8-4	926-932	Glaſur	
8-5	932-933	,	
8-6	934-937	die	
8-7	938-942	beim	
8-8	943-949	echten	
8-9	950-959	Porzellan	
8-10	960-963	ein	
8-11	964-971	Gemenge	
8-12	972-975	von	
8-13	976-980	Thon	
8-14	981-984	und	
8-15	985-1001	Kaliumwaſſerglas	
8-16	1002-1005	iſt	
8-17	1006-1009	und	
8-18	1010-1013	für	
8-19	1014-1021	weniger	
8-20	1022-1027	feine	
8-21	1028-1033	Waren	
8-22	1034-1046	kieſelſaures	
8-23	1047-1051	Blei	
8-24	1052-1059	enthält	
8-25	1059-1060	,	
8-26	1061-1064	mit	
8-27	1065-1071	Waſſer	
8-28	1072-1074	zu	
8-29	1075-1080	einem	
8-30	1081-1087	dünnen	
8-31	1088-1092	Brei	
8-32	1093-1095	an	
8-33	1095-1096	,	
8-34	1097-1100	und	
8-35	1101-1107	taucht	
8-36	1108-1111	den	
8-37	1112-1117	durch	
8-38	1118-1121	das	
8-39	1122-1125	ſog	
8-40	1125-1126	.	

#Text=Verglühen erſt vorläufig, aber noch
#Text=nicht gar gebrannten Scherben in denſelben, oder man begießt ihn
#Text=damit, ſtäubt ihn in die Glaſurmaſſe ein, oder ſchließlich man ver-
#Text=dampft Kochſalz im Ofen, das dann mit Thonmaſſe eine Glaſur gibt.
9-1	1127-1136	Verglühen	
9-2	1137-1141	erſt	
9-3	1142-1151	vorläufig	
9-4	1151-1152	,	
9-5	1153-1157	aber	
9-6	1158-1162	noch	
9-7	1163-1168	nicht	
9-8	1169-1172	gar	
9-9	1173-1183	gebrannten	
9-10	1184-1192	Scherben	
9-11	1193-1195	in	
9-12	1196-1205	denſelben	
9-13	1205-1206	,	
9-14	1207-1211	oder	
9-15	1212-1215	man	
9-16	1216-1223	begießt	
9-17	1224-1227	ihn	
9-18	1228-1233	damit	
9-19	1233-1234	,	
9-20	1235-1241	ſtäubt	
9-21	1242-1245	ihn	
9-22	1246-1248	in	
9-23	1249-1252	die	
9-24	1253-1264	Glaſurmaſſe	
9-25	1265-1268	ein	
9-26	1268-1269	,	
9-27	1270-1274	oder	
9-28	1275-1286	ſchließlich	
9-29	1287-1290	man	
9-30	1291-1294	ver	
9-31	1294-1295	-	
9-32	1296-1302	dampft	
9-33	1303-1311	Kochſalz	
9-34	1312-1314	im	
9-35	1315-1319	Ofen	
9-36	1319-1320	,	
9-37	1321-1324	das	
9-38	1325-1329	dann	
9-39	1330-1333	mit	
9-40	1334-1343	Thonmaſſe	
9-41	1344-1348	eine	
9-42	1349-1355	Glaſur	
9-43	1356-1360	gibt	
9-44	1360-1361	.	

#Text=b)
#Text=Die dichten Thonwaren.
10-1	1364-1365	b	
10-2	1365-1366	)	
10-3	1367-1370	Die	
10-4	1371-1378	dichten	
10-5	1379-1388	Thonwaren	
10-6	1388-1389	.	

#Text=Wir beginnen mit demjenigen Produkt, welches von jeher als das
#Text=feinſte gegolten hat, mit dem echten Porzellan.
11-1	1391-1394	Wir	
11-2	1395-1403	beginnen	
11-3	1404-1407	mit	
11-4	1408-1418	demjenigen	
11-5	1419-1426	Produkt	
11-6	1426-1427	,	
11-7	1428-1435	welches	
11-8	1436-1439	von	
11-9	1440-1445	jeher	
11-10	1446-1449	als	
11-11	1450-1453	das	
11-12	1454-1461	feinſte	
11-13	1462-1470	gegolten	
11-14	1471-1474	hat	
11-15	1474-1475	,	
11-16	1476-1479	mit	
11-17	1480-1483	dem	
11-18	1484-1490	echten	
11-19	1491-1500	Porzellan	
11-20	1500-1501	.	

#Text=Es iſt zuerſt in China
#Text=
#Text=heimiſch geweſen, und wenn es auch nicht ſo lange bekannt iſt,
#Text=wie man früher allgemein glaubte, ſo iſt es doch möglich, daß es
#Text=bereits im zweiten Jahrhundert v.
12-1	1502-1504	Es	
12-2	1505-1508	iſt	
12-3	1509-1515	zuerſt	
12-4	1516-1518	in	
12-5	1519-1524	China	
12-6	1526-1534	heimiſch	
12-7	1535-1542	geweſen	
12-8	1542-1543	,	
12-9	1544-1547	und	
12-10	1548-1552	wenn	
12-11	1553-1555	es	
12-12	1556-1560	auch	
12-13	1561-1566	nicht	
12-14	1567-1569	ſo	
12-15	1570-1575	lange	
12-16	1576-1583	bekannt	
12-17	1584-1587	iſt	
12-18	1587-1588	,	
12-19	1589-1592	wie	
12-20	1593-1596	man	
12-21	1597-1603	früher	
12-22	1604-1613	allgemein	
12-23	1614-1621	glaubte	
12-24	1621-1622	,	
12-25	1623-1625	ſo	
12-26	1626-1629	iſt	
12-27	1630-1632	es	
12-28	1633-1637	doch	
12-29	1638-1645	möglich	
12-30	1645-1646	,	
12-31	1647-1650	daß	
12-32	1651-1653	es	
12-33	1654-1661	bereits	
12-34	1662-1664	im	
12-35	1665-1672	zweiten	
12-36	1673-1684	Jahrhundert	
12-37	1685-1686	v	
12-38	1686-1687	.	

#Text=Chr. dort fabriziert wurde, und
#Text=fällt ſeine Erfindung keinesfalls ſpäter als 89 n.
13-1	1688-1691	Chr	
13-2	1691-1692	.	
13-3	1693-1697	dort	
13-4	1698-1708	fabriziert	
13-5	1709-1714	wurde	
13-6	1714-1715	,	
13-7	1716-1719	und	
13-8	1720-1725	fällt	
13-9	1726-1731	ſeine	
13-10	1732-1741	Erfindung	
13-11	1742-1753	keinesfalls	
13-12	1754-1760	ſpäter	
13-13	1761-1764	als	
13-14	1765-1767	89	
13-15	1768-1769	n	
13-16	1769-1770	.	

#Text=Chr.
14-1	1771-1774	Chr	
14-2	1774-1775	.	

#Text=Von hier aus
#Text=wird ſie natürlich auch in das gewerbreiche Nachbarland Japan über-
#Text=gegangen ſein, aber fabriziert wurde jenes dort erſt ſeit Beginn des
#Text=16.
15-1	1776-1779	Von	
15-2	1780-1784	hier	
15-3	1785-1788	aus	
15-4	1789-1793	wird	
15-5	1794-1797	ſie	
15-6	1798-1807	natürlich	
15-7	1808-1812	auch	
15-8	1813-1815	in	
15-9	1816-1819	das	
15-10	1820-1832	gewerbreiche	
15-11	1833-1844	Nachbarland	
15-12	1845-1850	Japan	
15-13	1851-1855	über	
15-14	1855-1856	-	
15-15	1857-1865	gegangen	
15-16	1866-1870	ſein	
15-17	1870-1871	,	
15-18	1872-1876	aber	
15-19	1877-1887	fabriziert	
15-20	1888-1893	wurde	
15-21	1894-1899	jenes	
15-22	1900-1904	dort	
15-23	1905-1909	erſt	
15-24	1910-1914	ſeit	
15-25	1915-1921	Beginn	
15-26	1922-1925	des	
15-27	1926-1928	16	
15-28	1928-1929	.	

#Text=Jahrhunderts.
16-1	1930-1942	Jahrhunderts	
16-2	1942-1943	.	

#Text=Marco Polo, der bekannte venetianiſche Seefahrer,
#Text=welcher um 1380 lange Jahre in chineſiſchen Dienſten ſtand, beſchreibt
#Text=die Herſtellung des Porzellans.
17-1	1944-1949	Marco	
17-2	1950-1954	Polo	
17-3	1954-1955	,	
17-4	1956-1959	der	
17-5	1960-1968	bekannte	
17-6	1969-1982	venetianiſche	
17-7	1983-1992	Seefahrer	
17-8	1992-1993	,	
17-9	1994-2001	welcher	
17-10	2002-2004	um	
17-11	2005-2009	1380	
17-12	2010-2015	lange	
17-13	2016-2021	Jahre	
17-14	2022-2024	in	
17-15	2025-2037	chineſiſchen	
17-16	2038-2046	Dienſten	
17-17	2047-2052	ſtand	
17-18	2052-2053	,	
17-19	2054-2064	beſchreibt	
17-20	2065-2068	die	
17-21	2069-2080	Herſtellung	
17-22	2081-2084	des	
17-23	2085-2095	Porzellans	
17-24	2095-2096	.	

#Text=Unter der Ming-Dynaſtie, da alle
#Text=Künſte in China blühten, nahm auch die Porzellan-Fabrikation den
#Text=höchſten Aufſchwung: 1431 ward das vielbewunderte Bauwerk, der
#Text=100 m hohe Porzellanturm von Nanking gebaut, der jetzt zerſtört iſt.
18-1	2097-2102	Unter	
18-2	2103-2106	der	
18-3	2107-2120	Ming-Dynaſtie	
18-4	2120-2121	,	
18-5	2122-2124	da	
18-6	2125-2129	alle	
18-7	2130-2136	Künſte	
18-8	2137-2139	in	
18-9	2140-2145	China	
18-10	2146-2153	blühten	
18-11	2153-2154	,	
18-12	2155-2159	nahm	
18-13	2160-2164	auch	
18-14	2165-2168	die	
18-15	2169-2190	Porzellan-Fabrikation	
18-16	2191-2194	den	
18-17	2195-2203	höchſten	
18-18	2204-2214	Aufſchwung	
18-19	2214-2215	:	
18-20	2216-2220	1431	
18-21	2221-2225	ward	
18-22	2226-2229	das	
18-23	2230-2244	vielbewunderte	
18-24	2245-2252	Bauwerk	
18-25	2252-2253	,	
18-26	2254-2257	der	
18-27	2258-2261	100	
18-28	2262-2263	m	
18-29	2264-2268	hohe	
18-30	2269-2282	Porzellanturm	
18-31	2283-2286	von	
18-32	2287-2294	Nanking	
18-33	2295-2301	gebaut	
18-34	2301-2302	,	
18-35	2303-2306	der	
18-36	2307-2312	jetzt	
18-37	2313-2321	zerſtört	
18-38	2322-2325	iſt	
18-39	2325-2326	.	
