#FORMAT=WebAnno TSV 3.3


#Text=Hoe veel,
#Text=hoe oneindig veel ben ik aan u verschuldigd.
1-1	4-7	Hoe	
1-2	8-12	veel	
1-3	12-13	,	
1-4	14-17	hoe	
1-5	18-26	oneindig	
1-6	27-31	veel	
1-7	32-35	ben	
1-8	36-38	ik	
1-9	39-42	aan	
1-10	43-44	u	
1-11	45-57	verschuldigd	
1-12	57-58	.	

#Text=de rust, het geluk van myn leven, en
#Text=dat van myne braave moeder.
2-1	60-62	de	
2-2	63-67	rust	
2-3	67-68	,	
2-4	69-72	het	
2-5	73-78	geluk	
2-6	79-82	van	
2-7	83-86	myn	
2-8	87-92	leven	
2-9	92-93	,	
2-10	94-96	en	
2-11	97-100	dat	
2-12	101-104	van	
2-13	105-109	myne	
2-14	110-116	braave	
2-15	117-123	moeder	
2-16	123-124	.	

#Text=hoe zal zy zich verheugen wanneer zy myn' brief
#Text=ontvangt, wanneer zy de oorzaak verneemt waarom ik nog eenige dagen uit zal 
#Text=blyven.
3-1	127-130	hoe	
3-2	131-134	zal	
3-3	135-137	zy	
3-4	138-142	zich	
3-5	143-152	verheugen	
3-6	153-160	wanneer	
3-7	161-163	zy	
3-8	164-167	myn	
3-9	167-168	'	
3-10	169-174	brief	
3-11	175-183	ontvangt	
3-12	183-184	,	
3-13	185-192	wanneer	
3-14	193-195	zy	
3-15	196-198	de	
3-16	199-206	oorzaak	
3-17	207-215	verneemt	
3-18	216-222	waarom	
3-19	223-225	ik	
3-20	226-229	nog	
3-21	230-236	eenige	
3-22	237-242	dagen	
3-23	243-246	uit	
3-24	247-250	zal	
3-25	252-258	blyven	
3-26	258-259	.	

#Text=haar hart zal van vreugde opspringen, wanneer zy het myne weder gerust,
#Text=en eindelyk myn lot gevestigd zal zien.
4-1	261-265	haar	
4-2	266-270	hart	
4-3	271-274	zal	
4-4	275-278	van	
4-5	279-286	vreugde	
4-6	287-297	opspringen	
4-7	297-298	,	
4-8	299-306	wanneer	
4-9	307-309	zy	
4-10	310-313	het	
4-11	314-318	myne	
4-12	319-324	weder	
4-13	325-331	gerust	
4-14	331-332	,	
4-15	333-335	en	
4-16	336-344	eindelyk	
4-17	345-348	myn	
4-18	349-352	lot	
4-19	353-362	gevestigd	
4-20	363-366	zal	
4-21	367-371	zien	
4-22	371-372	.	

#Text=Met welk een dankbaar gevoel zal zy aan
#Text=u denken, 's hemels zegen over uwe dagen afsmeeken.
5-1	375-378	Met	
5-2	379-383	welk	
5-3	384-387	een	
5-4	388-396	dankbaar	
5-5	397-403	gevoel	
5-6	404-407	zal	
5-7	408-410	zy	
5-8	411-414	aan	
5-9	415-416	u	
5-10	417-423	denken	
5-11	423-424	,	
5-12	425-426	'	
5-13	426-427	s	
5-14	428-434	hemels	
5-15	435-440	zegen	
5-16	441-445	over	
5-17	446-449	uwe	
5-18	450-455	dagen	
5-19	456-465	afsmeeken	
5-20	465-466	.	

#Text=Want in de overmaat van
#Text=het gevoel dat myn hart overstroomde na het lezen van uw' brief, schreef ik haar 
#Text=terstond.
6-1	468-472	Want	
6-2	473-475	in	
6-3	476-478	de	
6-4	479-487	overmaat	
6-5	488-491	van	
6-6	492-495	het	
6-7	496-502	gevoel	
6-8	503-506	dat	
6-9	507-510	myn	
6-10	511-515	hart	
6-11	516-528	overstroomde	
6-12	529-531	na	
6-13	532-535	het	
6-14	536-541	lezen	
6-15	542-545	van	
6-16	546-548	uw	
6-17	548-549	'	
6-18	550-555	brief	
6-19	555-556	,	
6-20	557-564	schreef	
6-21	565-567	ik	
6-22	568-572	haar	
6-23	574-582	terstond	
6-24	582-583	.	

#Text=Hoe zal de goede vrouw zich verheugen dat zy nu den zomer op het land
#Text=zal kunnen doorbrengen, waarvan zy sedert lang verstooken was;
#Text=dat zy nu elk 
#Text=oogenblik de vrye lucht zal kunnen inademen, die zy weinig genoot, vermids zy in 
#Text=de stad zeer zelden uitging.
7-1	586-589	Hoe	
7-2	590-593	zal	
7-3	594-596	de	
7-4	597-602	goede	
7-5	603-608	vrouw	
7-6	609-613	zich	
7-7	614-623	verheugen	
7-8	624-627	dat	
7-9	628-630	zy	
7-10	631-633	nu	
7-11	634-637	den	
7-12	638-643	zomer	
7-13	644-646	op	
7-14	647-650	het	
7-15	651-655	land	
7-16	656-659	zal	
7-17	660-666	kunnen	
7-18	667-678	doorbrengen	
7-19	678-679	,	
7-20	680-687	waarvan	
7-21	688-690	zy	
7-22	691-697	sedert	
7-23	698-702	lang	
7-24	703-713	verstooken	
7-25	714-717	was	
7-26	717-718	;	
7-27	719-722	dat	
7-28	723-725	zy	
7-29	726-728	nu	
7-30	729-732	elk	
7-31	734-743	oogenblik	
7-32	744-746	de	
7-33	747-751	vrye	
7-34	752-757	lucht	
7-35	758-761	zal	
7-36	762-768	kunnen	
7-37	769-777	inademen	
7-38	777-778	,	
7-39	779-782	die	
7-40	783-785	zy	
7-41	786-792	weinig	
7-42	793-799	genoot	
7-43	799-800	,	
7-44	801-808	vermids	
7-45	809-811	zy	
7-46	812-814	in	
7-47	816-818	de	
7-48	819-823	stad	
7-49	824-828	zeer	
7-50	829-835	zelden	
7-51	836-843	uitging	
7-52	843-844	.	

#Text=En dit alles edel-
#Text=
#Text=
#Text=
#Text=moedig vriend!
8-1	846-848	En	
8-2	849-852	dit	
8-3	853-858	alles	
8-4	859-863	edel	
8-5	863-864	-	
8-6	868-874	moedig	
8-7	875-881	vriend	
8-8	881-882	!	

#Text=dit alles is uw werk!
9-1	883-886	dit	
9-2	887-892	alles	
9-3	893-895	is	
9-4	896-898	uw	
9-5	899-903	werk	
9-6	903-904	!	

#Text=...
#Text=elke zagte aandoening die haare ziel; en de 
#Text=myne verkwikken zal, zal door u ontstaan zyn...
10-1	905-906	.	
10-2	906-907	.	
10-3	907-908	.	
10-4	909-913	elke	
10-5	914-919	zagte	
10-6	920-930	aandoening	
10-7	931-934	die	
10-8	935-940	haare	
10-9	941-945	ziel	
10-10	945-946	;	
10-11	947-949	en	
10-12	950-952	de	
10-13	954-958	myne	
10-14	959-969	verkwikken	
10-15	970-973	zal	
10-16	973-974	,	
10-17	975-978	zal	
10-18	979-983	door	
10-19	984-985	u	
10-20	986-994	ontstaan	
10-21	995-998	zyn	
10-22	998-999	.	
10-23	999-1000	.	
10-24	1000-1001	.	

#Text=Gy hebt alle zwaarigheeden uit myn 
#Text=hart verbannen, ja vriend!
11-1	1002-1004	Gy	
11-2	1005-1009	hebt	
11-3	1010-1014	alle	
11-4	1015-1028	zwaarigheeden	
11-5	1029-1032	uit	
11-6	1033-1036	myn	
11-7	1038-1042	hart	
11-8	1043-1052	verbannen	
11-9	1052-1053	,	
11-10	1054-1056	ja	
11-11	1057-1063	vriend	
11-12	1063-1064	!	

#Text=ik gevoel nevens u, dat de ziel myner zalige vriendin zich 
#Text=niet beledigd kan vinden, door myne vereeniging met een edel meisjen, welker ziel 
#Text=waardig is, om de haare in de eeuwigheid te ontmoeten.
12-1	1065-1067	ik	
12-2	1068-1074	gevoel	
12-3	1075-1081	nevens	
12-4	1082-1083	u	
12-5	1083-1084	,	
12-6	1085-1088	dat	
12-7	1089-1091	de	
12-8	1092-1096	ziel	
12-9	1097-1102	myner	
12-10	1103-1109	zalige	
12-11	1110-1118	vriendin	
12-12	1119-1123	zich	
12-13	1125-1129	niet	
12-14	1130-1138	beledigd	
12-15	1139-1142	kan	
12-16	1143-1149	vinden	
12-17	1149-1150	,	
12-18	1151-1155	door	
12-19	1156-1160	myne	
12-20	1161-1172	vereeniging	
12-21	1173-1176	met	
12-22	1177-1180	een	
12-23	1181-1185	edel	
12-24	1186-1193	meisjen	
12-25	1193-1194	,	
12-26	1195-1201	welker	
12-27	1202-1206	ziel	
12-28	1208-1215	waardig	
12-29	1216-1218	is	
12-30	1218-1219	,	
12-31	1220-1222	om	
12-32	1223-1225	de	
12-33	1226-1231	haare	
12-34	1232-1234	in	
12-35	1235-1237	de	
12-36	1238-1248	eeuwigheid	
12-37	1249-1251	te	
12-38	1252-1261	ontmoeten	
12-39	1261-1262	.	

#Text=Schoon deze zwaarigheid 
#Text=my nog drukte, had myn gevoel echter reeds zo veel vermogen op my, dat ik
#Text=CLEMENTINA voor haar vertrek uit deze stad, zonder haar ronduit eene verklaaring 
#Text=myner liefde te doen, echter genoeg zeide, om haar te overtuigen, dat zy my niet 
#Text=onverschillig was..., Haar andwoord, zonder insgelyks iets stelligs te bevatten, 
#Text=overtuigde my ook
#Text=dat zy my met een onderscheidend gevoel behandelt.
13-1	1263-1269	Schoon	
13-2	1270-1274	deze	
13-3	1275-1286	zwaarigheid	
13-4	1288-1290	my	
13-5	1291-1294	nog	
13-6	1295-1301	drukte	
13-7	1301-1302	,	
13-8	1303-1306	had	
13-9	1307-1310	myn	
13-10	1311-1317	gevoel	
13-11	1318-1324	echter	
13-12	1325-1330	reeds	
13-13	1331-1333	zo	
13-14	1334-1338	veel	
13-15	1339-1347	vermogen	
13-16	1348-1350	op	
13-17	1351-1353	my	
13-18	1353-1354	,	
13-19	1355-1358	dat	
13-20	1359-1361	ik	
13-21	1362-1372	CLEMENTINA	
13-22	1373-1377	voor	
13-23	1378-1382	haar	
13-24	1383-1390	vertrek	
13-25	1391-1394	uit	
13-26	1395-1399	deze	
13-27	1400-1404	stad	
13-28	1404-1405	,	
13-29	1406-1412	zonder	
13-30	1413-1417	haar	
13-31	1418-1425	ronduit	
13-32	1426-1430	eene	
13-33	1431-1442	verklaaring	
13-34	1444-1449	myner	
13-35	1450-1456	liefde	
13-36	1457-1459	te	
13-37	1460-1464	doen	
13-38	1464-1465	,	
13-39	1466-1472	echter	
13-40	1473-1479	genoeg	
13-41	1480-1485	zeide	
13-42	1485-1486	,	
13-43	1487-1489	om	
13-44	1490-1494	haar	
13-45	1495-1497	te	
13-46	1498-1508	overtuigen	
13-47	1508-1509	,	
13-48	1510-1513	dat	
13-49	1514-1516	zy	
13-50	1517-1519	my	
13-51	1520-1524	niet	
13-52	1526-1539	onverschillig	
13-53	1540-1543	was	
13-54	1543-1544	.	
13-55	1544-1545	.	
13-56	1545-1546	.	
13-57	1546-1547	,	
13-58	1548-1552	Haar	
13-59	1553-1561	andwoord	
13-60	1561-1562	,	
13-61	1563-1569	zonder	
13-62	1570-1579	insgelyks	
13-63	1580-1584	iets	
13-64	1585-1593	stelligs	
13-65	1594-1596	te	
13-66	1597-1605	bevatten	
13-67	1605-1606	,	
13-68	1608-1618	overtuigde	
13-69	1619-1621	my	
13-70	1622-1625	ook	
13-71	1626-1629	dat	
13-72	1630-1632	zy	
13-73	1633-1635	my	
13-74	1636-1639	met	
13-75	1640-1643	een	
13-76	1644-1658	onderscheidend	
13-77	1659-1665	gevoel	
13-78	1666-1675	behandelt	
13-79	1675-1676	.	

#Text=De dagen 
#Text=dien ik na haare afwezenheid doorbragt, openden my de oogen, omtrend myn 
#Text=gevoel, en zonder haar, zou myn hart, zich in het midden van de veelvuldige 
#Text=vermaaken te A.\teeven zo ledig bevonden hebben, dan op elke andere plaats.
14-1	1677-1679	De	
14-2	1680-1685	dagen	
14-3	1687-1691	dien	
14-4	1692-1694	ik	
14-5	1695-1697	na	
14-6	1698-1703	haare	
14-7	1704-1715	afwezenheid	
14-8	1716-1725	doorbragt	
14-9	1725-1726	,	
14-10	1727-1734	openden	
14-11	1735-1737	my	
14-12	1738-1740	de	
14-13	1741-1746	oogen	
14-14	1746-1747	,	
14-15	1748-1755	omtrend	
14-16	1756-1759	myn	
14-17	1761-1767	gevoel	
14-18	1767-1768	,	
14-19	1769-1771	en	
14-20	1772-1778	zonder	
14-21	1779-1783	haar	
14-22	1783-1784	,	
14-23	1785-1788	zou	
14-24	1789-1792	myn	
14-25	1793-1797	hart	
14-26	1797-1798	,	
14-27	1799-1803	zich	
14-28	1804-1806	in	
14-29	1807-1810	het	
14-30	1811-1817	midden	
14-31	1818-1821	van	
14-32	1822-1824	de	
14-33	1825-1836	veelvuldige	
14-34	1838-1847	vermaaken	
14-35	1848-1850	te	
14-36	1851-1852	A	
14-37	1852-1853	.	
14-38	1854-1859	eeven	
14-39	1860-1862	zo	
14-40	1863-1868	ledig	
14-41	1869-1877	bevonden	
14-42	1878-1884	hebben	
14-43	1884-1885	,	
14-44	1886-1889	dan	
14-45	1890-1892	op	
14-46	1893-1897	elke	
14-47	1898-1904	andere	
14-48	1905-1911	plaats	
14-49	1911-1912	.	
