{"_context" : {
    "_types" : {
      "DocumentMetaData" : {
        "_feature_types" : {"sofa" : "_ref" } }, 
      "Relation" : {
        "_feature_types" : {"sofa" : "_ref",  "Dependent" : "_ref",  "Governor" : "_ref" } }, 
      "Sentence" : {
        "_feature_types" : {"sofa" : "_ref" } }, 
      "Sofa" : {
        "_feature_types" : {"sofaArray" : "_ref" } }, 
      "Span" : {
        "_feature_types" : {"sofa" : "_ref" } }, 
      "TagsetDescription" : {
        "_feature_types" : {"sofa" : "_ref",  "tags" : "_ref" } }, 
      "Token" : {
        "_feature_types" : {"sofa" : "_ref",  "parent" : "_ref",  "lemma" : "_ref",  "stem" : "_ref",  "pos" : "_ref",  "morph" : "_ref",  "form" : "_ref" } }, 
      "DocumentAnnotation" : {
        "_feature_types" : {"sofa" : "_ref" }, 
        "_subtypes" : ["DocumentMetaData" ] }, 
      "Annotation" : {
        "_feature_types" : {"sofa" : "_ref" }, 
        "_subtypes" : ["DocumentAnnotation",  "Relation",  "Sentence",  "Span",  "TagsetDescription",  "Token" ] }, 
      "AnnotationBase" : {
        "_feature_types" : {"sofa" : "_ref" }, 
        "_subtypes" : ["Annotation" ] }, 
      "TOP" : {
        "_subtypes" : ["AnnotationBase",  "Sofa" ] } } }, 
  "_views" : {
    "_InitialView" : {
      "Relation" : [
        {"sofa" : 1,  "begin" : 60,  "end" : 65,  "Dependent" : 14920,  "Governor" : 14925,  "label" : "Anaphoric" }, 
        {"sofa" : 1,  "begin" : 66,  "end" : 71,  "Dependent" : 14915,  "Governor" : 14920 }, 
        {"sofa" : 1,  "begin" : 153,  "end" : 158,  "Dependent" : 14944,  "Governor" : 14949 }, 
        {"sofa" : 1,  "begin" : 337,  "end" : 342,  "Dependent" : 14961,  "Governor" : 14966 }, 
        {"sofa" : 1,  "begin" : 566,  "end" : 574,  "Dependent" : 14978,  "Governor" : 14983 }, 
        {"sofa" : 1,  "begin" : 566,  "end" : 574,  "Dependent" : 14978,  "Governor" : 15012 }, 
        {"sofa" : 1,  "begin" : 566,  "end" : 574,  "Dependent" : 14978,  "Governor" : 15024 }, 
        {"sofa" : 1,  "begin" : 566,  "end" : 574,  "Dependent" : 14978,  "Governor" : 15036 }, 
        {"sofa" : 1,  "begin" : 589,  "end" : 595,  "Dependent" : 15000,  "Governor" : 14995 }, 
        {"sofa" : 1,  "begin" : 970,  "end" : 975,  "Dependent" : 15048,  "Governor" : 15058 }, 
        {"sofa" : 1,  "begin" : 970,  "end" : 975,  "Dependent" : 15048,  "Governor" : 15070 }, 
        {"sofa" : 1,  "begin" : 1034,  "end" : 1039,  "Dependent" : 15082,  "Governor" : 15092 }, 
        {"sofa" : 1,  "begin" : 1034,  "end" : 1039,  "Dependent" : 15082,  "Governor" : 15104 }, 
        {"sofa" : 1,  "begin" : 1034,  "end" : 1039,  "Dependent" : 15082,  "Governor" : 15116 }, 
        {"sofa" : 1,  "begin" : 1589,  "end" : 1591,  "Dependent" : 15143,  "Governor" : 15155,  "label" : "Anaphoric" }, 
        {"sofa" : 1,  "begin" : 1601,  "end" : 1606,  "Dependent" : 15133,  "Governor" : 15143 }, 
        {"sofa" : 1,  "begin" : 2511,  "end" : 2516,  "Dependent" : 15167,  "Governor" : 15172 }, 
        {"sofa" : 1,  "begin" : 2511,  "end" : 2516,  "Dependent" : 15167,  "Governor" : 15177 }, 
        {"sofa" : 1,  "begin" : 2511,  "end" : 2516,  "Dependent" : 15167,  "Governor" : 15196 }, 
        {"sofa" : 1,  "begin" : 2691,  "end" : 2696,  "Dependent" : 15218,  "Governor" : 15223 }, 
        {"sofa" : 1,  "begin" : 2866,  "end" : 2874,  "Dependent" : 15240,  "Governor" : 15235 }, 
        {"sofa" : 1,  "begin" : 3833,  "end" : 3835,  "Dependent" : 15269,  "Governor" : 15274,  "label" : "Anaphoric" }, 
        {"sofa" : 1,  "begin" : 3847,  "end" : 3853,  "Dependent" : 15252,  "Governor" : 15257 }, 
        {"sofa" : 1,  "begin" : 3847,  "end" : 3853,  "Dependent" : 15252,  "Governor" : 15269 }, 
        {"sofa" : 1,  "begin" : 3996,  "end" : 3998,  "Dependent" : 15298,  "Governor" : 15274,  "label" : "Anaphoric" }, 
        {"sofa" : 1,  "begin" : 4010,  "end" : 4016,  "Dependent" : 15293,  "Governor" : 15310 }, 
        {"sofa" : 1,  "begin" : 4010,  "end" : 4016,  "Dependent" : 15293,  "Governor" : 15298 }, 
        {"sofa" : 1,  "begin" : 4458,  "end" : 4463,  "Dependent" : 15322,  "Governor" : 15327 }, 
        {"sofa" : 1,  "begin" : 4629,  "end" : 4634,  "Dependent" : 15344,  "Governor" : 15349 }, 
        {"sofa" : 1,  "begin" : 5243,  "end" : 5248,  "Dependent" : 15366,  "Governor" : 15371 } ], 
      "Span" : [14925,  14920,  14915,  14949,  14944,  14966,  14961,  14983,  14978,  15012,  14995,  15000,  15024,  15036,  15070,  15048,  15058,  15116,  15082,  15092,  15104, 
        {"sofa" : 1,  "begin" : 1120,  "end" : 1125,  "label" : "Smell_Word" },  15155,  15143,  15133,  15172,  15177,  15196,  15167, 
        {"sofa" : 1,  "begin" : 2562,  "end" : 2569,  "label" : "Smell_Word" },  15218,  15223,  15235,  15240,  15274,  15269,  15257,  15252,  15298,  15310,  15293,  15327,  15322, 
        {"sofa" : 1,  "begin" : 4479,  "end" : 4484,  "label" : "Smell_Word" },  15344,  15349,  15366,  15371 ], 
      "DocumentMetaData" : [
        {"sofa" : 1,  "end" : 5463,  "language" : "x-unspecified",  "documentTitle" : "056E%20Thomas%20Reid%201764%20An%20inquiry%20into%20the%20human%20mind__102_distribution_SCIE.txt",  "documentId" : "teresa",  "documentUri" : "file:/home/dhuser/alessio/inception/repository/project/29/document/8703/source/teresa",  "collectionId" : "file:/home/dhuser/alessio/inception/repository/project/29/document/8703/source/",  "documentBaseUri" : "file:/home/dhuser/alessio/inception/repository/project/29/document/8703/source/",  "isLastSegment" : false } ], 
      "TagsetDescription" : [
        {"sofa" : 1,  "layer" : "webanno.custom.Emotions",  "name" : "Emotion Labels",  "input" : false }, 
        {"sofa" : 1,  "layer" : "custom.Relation",  "name" : "Relation labels",  "input" : false }, 
        {"sofa" : 1,  "layer" : "custom.Span",  "name" : "Smell labels",  "input" : false } ], 
      "Sentence" : [
        {"sofa" : 1,  "begin" : 1,  "end" : 72 }, 
        {"sofa" : 1,  "begin" : 73,  "end" : 684 }, 
        {"sofa" : 1,  "begin" : 685,  "end" : 880 }, 
        {"sofa" : 1,  "begin" : 882,  "end" : 989 }, 
        {"sofa" : 1,  "begin" : 990,  "end" : 1203 }, 
        {"sofa" : 1,  "begin" : 1204,  "end" : 1452 }, 
        {"sofa" : 1,  "begin" : 1453,  "end" : 1510 }, 
        {"sofa" : 1,  "begin" : 1511,  "end" : 1538 }, 
        {"sofa" : 1,  "begin" : 1539,  "end" : 1581 }, 
        {"sofa" : 1,  "begin" : 1582,  "end" : 1672 }, 
        {"sofa" : 1,  "begin" : 1673,  "end" : 2042 }, 
        {"sofa" : 1,  "begin" : 2044,  "end" : 2249 }, 
        {"sofa" : 1,  "begin" : 2250,  "end" : 2793 }, 
        {"sofa" : 1,  "begin" : 2795,  "end" : 3021 }, 
        {"sofa" : 1,  "begin" : 3022,  "end" : 3222 }, 
        {"sofa" : 1,  "begin" : 3223,  "end" : 3454 }, 
        {"sofa" : 1,  "begin" : 3456,  "end" : 3723 }, 
        {"sofa" : 1,  "begin" : 3724,  "end" : 3914 }, 
        {"sofa" : 1,  "begin" : 3915,  "end" : 4210 }, 
        {"sofa" : 1,  "begin" : 4212,  "end" : 4624 }, 
        {"sofa" : 1,  "begin" : 4625,  "end" : 4914 }, 
        {"sofa" : 1,  "begin" : 4915,  "end" : 5225 }, 
        {"sofa" : 1,  "begin" : 5226,  "end" : 5462 } ], 
      "Token" : [
        {"sofa" : 1,  "begin" : 1,  "end" : 5 }, 
        {"sofa" : 1,  "begin" : 6,  "end" : 11 }, 
        {"sofa" : 1,  "begin" : 12,  "end" : 14 }, 
        {"sofa" : 1,  "begin" : 15,  "end" : 16 }, 
        {"sofa" : 1,  "begin" : 17,  "end" : 24 }, 
        {"sofa" : 1,  "begin" : 25,  "end" : 27 }, 
        {"sofa" : 1,  "begin" : 28,  "end" : 34 }, 
        {"sofa" : 1,  "begin" : 35,  "end" : 37 }, 
        {"sofa" : 1,  "begin" : 38,  "end" : 44 }, 
        {"sofa" : 1,  "begin" : 44,  "end" : 45 }, 
        {"sofa" : 1,  "begin" : 46,  "end" : 51 }, 
        {"sofa" : 1,  "begin" : 52,  "end" : 54 }, 
        {"sofa" : 1,  "begin" : 55,  "end" : 59 }, 
        {"sofa" : 1,  "begin" : 60,  "end" : 65 }, 
        {"sofa" : 1,  "begin" : 66,  "end" : 71 }, 
        {"sofa" : 1,  "begin" : 71,  "end" : 72 }, 
        {"sofa" : 1,  "begin" : 73,  "end" : 76 }, 
        {"sofa" : 1,  "begin" : 77,  "end" : 81 }, 
        {"sofa" : 1,  "begin" : 82,  "end" : 84 }, 
        {"sofa" : 1,  "begin" : 85,  "end" : 94 }, 
        {"sofa" : 1,  "begin" : 95,  "end" : 97 }, 
        {"sofa" : 1,  "begin" : 98,  "end" : 101 }, 
        {"sofa" : 1,  "begin" : 102,  "end" : 113 }, 
        {"sofa" : 1,  "begin" : 114,  "end" : 118 }, 
        {"sofa" : 1,  "begin" : 119,  "end" : 122 }, 
        {"sofa" : 1,  "begin" : 123,  "end" : 132 }, 
        {"sofa" : 1,  "begin" : 134,  "end" : 136 }, 
        {"sofa" : 1,  "begin" : 137,  "end" : 141 }, 
        {"sofa" : 1,  "begin" : 142,  "end" : 152 }, 
        {"sofa" : 1,  "begin" : 153,  "end" : 158 }, 
        {"sofa" : 1,  "begin" : 159,  "end" : 161 }, 
        {"sofa" : 1,  "begin" : 162,  "end" : 172 }, 
        {"sofa" : 1,  "begin" : 173,  "end" : 174 }, 
        {"sofa" : 1,  "begin" : 175,  "end" : 184 }, 
        {"sofa" : 1,  "begin" : 184,  "end" : 185 }, 
        {"sofa" : 1,  "begin" : 186,  "end" : 193 }, 
        {"sofa" : 1,  "begin" : 193,  "end" : 194 }, 
        {"sofa" : 1,  "begin" : 195,  "end" : 197 }, 
        {"sofa" : 1,  "begin" : 198,  "end" : 208 }, 
        {"sofa" : 1,  "begin" : 209,  "end" : 213 }, 
        {"sofa" : 1,  "begin" : 214,  "end" : 217 }, 
        {"sofa" : 1,  "begin" : 218,  "end" : 222 }, 
        {"sofa" : 1,  "begin" : 222,  "end" : 223 }, 
        {"sofa" : 1,  "begin" : 224,  "end" : 227 }, 
        {"sofa" : 1,  "begin" : 228,  "end" : 230 }, 
        {"sofa" : 1,  "begin" : 231,  "end" : 235 }, 
        {"sofa" : 1,  "begin" : 236,  "end" : 241 }, 
        {"sofa" : 1,  "begin" : 241,  "end" : 242 }, 
        {"sofa" : 1,  "begin" : 243,  "end" : 245 }, 
        {"sofa" : 1,  "begin" : 246,  "end" : 249 }, 
        {"sofa" : 1,  "begin" : 250,  "end" : 254 }, 
        {"sofa" : 1,  "begin" : 255,  "end" : 257 }, 
        {"sofa" : 1,  "begin" : 258,  "end" : 260 }, 
        {"sofa" : 1,  "begin" : 261,  "end" : 262 }, 
        {"sofa" : 1,  "begin" : 263,  "end" : 267 }, 
        {"sofa" : 1,  "begin" : 267,  "end" : 268 }, 
        {"sofa" : 1,  "begin" : 269,  "end" : 271 }, 
        {"sofa" : 1,  "begin" : 272,  "end" : 280 }, 
        {"sofa" : 1,  "begin" : 281,  "end" : 286 }, 
        {"sofa" : 1,  "begin" : 286,  "end" : 287 }, 
        {"sofa" : 1,  "begin" : 288,  "end" : 291 }, 
        {"sofa" : 1,  "begin" : 292,  "end" : 294 }, 
        {"sofa" : 1,  "begin" : 295,  "end" : 297 }, 
        {"sofa" : 1,  "begin" : 298,  "end" : 305 }, 
        {"sofa" : 1,  "begin" : 305,  "end" : 306 }, 
        {"sofa" : 1,  "begin" : 307,  "end" : 311 }, 
        {"sofa" : 1,  "begin" : 312,  "end" : 319 }, 
        {"sofa" : 1,  "begin" : 320,  "end" : 324 }, 
        {"sofa" : 1,  "begin" : 325,  "end" : 328 }, 
        {"sofa" : 1,  "begin" : 329,  "end" : 333 }, 
        {"sofa" : 1,  "begin" : 334,  "end" : 336 }, 
        {"sofa" : 1,  "begin" : 337,  "end" : 342 }, 
        {"sofa" : 1,  "begin" : 343,  "end" : 347 }, 
        {"sofa" : 1,  "begin" : 348,  "end" : 352 }, 
        {"sofa" : 1,  "begin" : 353,  "end" : 363 }, 
        {"sofa" : 1,  "begin" : 364,  "end" : 366 }, 
        {"sofa" : 1,  "begin" : 367,  "end" : 376 }, 
        {"sofa" : 1,  "begin" : 377,  "end" : 382 }, 
        {"sofa" : 1,  "begin" : 383,  "end" : 387 }, 
        {"sofa" : 1,  "begin" : 388,  "end" : 396 }, 
        {"sofa" : 1,  "begin" : 397,  "end" : 399 }, 
        {"sofa" : 1,  "begin" : 400,  "end" : 402 }, 
        {"sofa" : 1,  "begin" : 403,  "end" : 411 }, 
        {"sofa" : 1,  "begin" : 411,  "end" : 412 }, 
        {"sofa" : 1,  "begin" : 413,  "end" : 416 }, 
        {"sofa" : 1,  "begin" : 417,  "end" : 419 }, 
        {"sofa" : 1,  "begin" : 420,  "end" : 422 }, 
        {"sofa" : 1,  "begin" : 423,  "end" : 424 }, 
        {"sofa" : 1,  "begin" : 425,  "end" : 432 }, 
        {"sofa" : 1,  "begin" : 433,  "end" : 435 }, 
        {"sofa" : 1,  "begin" : 436,  "end" : 440 }, 
        {"sofa" : 1,  "begin" : 440,  "end" : 441 }, 
        {"sofa" : 1,  "begin" : 442,  "end" : 446 }, 
        {"sofa" : 1,  "begin" : 447,  "end" : 457 }, 
        {"sofa" : 1,  "begin" : 458,  "end" : 467 }, 
        {"sofa" : 1,  "begin" : 468,  "end" : 470 }, 
        {"sofa" : 1,  "begin" : 471,  "end" : 473 }, 
        {"sofa" : 1,  "begin" : 474,  "end" : 479 }, 
        {"sofa" : 1,  "begin" : 480,  "end" : 484 }, 
        {"sofa" : 1,  "begin" : 485,  "end" : 488 }, 
        {"sofa" : 1,  "begin" : 489,  "end" : 491 }, 
        {"sofa" : 1,  "begin" : 492,  "end" : 495 }, 
        {"sofa" : 1,  "begin" : 496,  "end" : 501 }, 
        {"sofa" : 1,  "begin" : 502,  "end" : 503 }, 
        {"sofa" : 1,  "begin" : 504,  "end" : 508 }, 
        {"sofa" : 1,  "begin" : 508,  "end" : 509 }, 
        {"sofa" : 1,  "begin" : 510,  "end" : 513 }, 
        {"sofa" : 1,  "begin" : 514,  "end" : 518 }, 
        {"sofa" : 1,  "begin" : 519,  "end" : 522 }, 
        {"sofa" : 1,  "begin" : 523,  "end" : 526 }, 
        {"sofa" : 1,  "begin" : 527,  "end" : 532 }, 
        {"sofa" : 1,  "begin" : 533,  "end" : 543 }, 
        {"sofa" : 1,  "begin" : 544,  "end" : 546 }, 
        {"sofa" : 1,  "begin" : 547,  "end" : 557 }, 
        {"sofa" : 1,  "begin" : 558,  "end" : 561 }, 
        {"sofa" : 1,  "begin" : 562,  "end" : 565 }, 
        {"sofa" : 1,  "begin" : 566,  "end" : 574 }, 
        {"sofa" : 1,  "begin" : 575,  "end" : 579 }, 
        {"sofa" : 1,  "begin" : 580,  "end" : 588 }, 
        {"sofa" : 1,  "begin" : 589,  "end" : 595 }, 
        {"sofa" : 1,  "begin" : 596,  "end" : 598 }, 
        {"sofa" : 1,  "begin" : 599,  "end" : 602 }, 
        {"sofa" : 1,  "begin" : 603,  "end" : 610 }, 
        {"sofa" : 1,  "begin" : 611,  "end" : 613 }, 
        {"sofa" : 1,  "begin" : 614,  "end" : 620 }, 
        {"sofa" : 1,  "begin" : 620,  "end" : 621 }, 
        {"sofa" : 1,  "begin" : 622,  "end" : 624 }, 
        {"sofa" : 1,  "begin" : 625,  "end" : 627 }, 
        {"sofa" : 1,  "begin" : 628,  "end" : 632 }, 
        {"sofa" : 1,  "begin" : 633,  "end" : 644 }, 
        {"sofa" : 1,  "begin" : 645,  "end" : 651 }, 
        {"sofa" : 1,  "begin" : 652,  "end" : 657 }, 
        {"sofa" : 1,  "begin" : 658,  "end" : 661 }, 
        {"sofa" : 1,  "begin" : 662,  "end" : 667 }, 
        {"sofa" : 1,  "begin" : 668,  "end" : 672 }, 
        {"sofa" : 1,  "begin" : 673,  "end" : 678 }, 
        {"sofa" : 1,  "begin" : 679,  "end" : 683 }, 
        {"sofa" : 1,  "begin" : 683,  "end" : 684 }, 
        {"sofa" : 1,  "begin" : 685,  "end" : 690 }, 
        {"sofa" : 1,  "begin" : 691,  "end" : 699 }, 
        {"sofa" : 1,  "begin" : 700,  "end" : 712 }, 
        {"sofa" : 1,  "begin" : 713,  "end" : 717 }, 
        {"sofa" : 1,  "begin" : 718,  "end" : 720 }, 
        {"sofa" : 1,  "begin" : 721,  "end" : 726 }, 
        {"sofa" : 1,  "begin" : 727,  "end" : 728 }, 
        {"sofa" : 1,  "begin" : 729,  "end" : 735 }, 
        {"sofa" : 1,  "begin" : 736,  "end" : 738 }, 
        {"sofa" : 1,  "begin" : 739,  "end" : 743 }, 
        {"sofa" : 1,  "begin" : 743,  "end" : 744 }, 
        {"sofa" : 1,  "begin" : 745,  "end" : 748 }, 
        {"sofa" : 1,  "begin" : 749,  "end" : 751 }, 
        {"sofa" : 1,  "begin" : 752,  "end" : 756 }, 
        {"sofa" : 1,  "begin" : 757,  "end" : 758 }, 
        {"sofa" : 1,  "begin" : 759,  "end" : 769 }, 
        {"sofa" : 1,  "begin" : 770,  "end" : 772 }, 
        {"sofa" : 1,  "begin" : 773,  "end" : 776 }, 
        {"sofa" : 1,  "begin" : 777,  "end" : 788 }, 
        {"sofa" : 1,  "begin" : 789,  "end" : 791 }, 
        {"sofa" : 1,  "begin" : 792,  "end" : 794 }, 
        {"sofa" : 1,  "begin" : 794,  "end" : 795 }, 
        {"sofa" : 1,  "begin" : 796,  "end" : 798 }, 
        {"sofa" : 1,  "begin" : 799,  "end" : 801 }, 
        {"sofa" : 1,  "begin" : 802,  "end" : 806 }, 
        {"sofa" : 1,  "begin" : 807,  "end" : 809 }, 
        {"sofa" : 1,  "begin" : 810,  "end" : 813 }, 
        {"sofa" : 1,  "begin" : 814,  "end" : 817 }, 
        {"sofa" : 1,  "begin" : 818,  "end" : 827 }, 
        {"sofa" : 1,  "begin" : 827,  "end" : 828 }, 
        {"sofa" : 1,  "begin" : 829,  "end" : 832 }, 
        {"sofa" : 1,  "begin" : 833,  "end" : 836 }, 
        {"sofa" : 1,  "begin" : 837,  "end" : 839 }, 
        {"sofa" : 1,  "begin" : 840,  "end" : 844 }, 
        {"sofa" : 1,  "begin" : 845,  "end" : 850 }, 
        {"sofa" : 1,  "begin" : 851,  "end" : 853 }, 
        {"sofa" : 1,  "begin" : 854,  "end" : 857 }, 
        {"sofa" : 1,  "begin" : 858,  "end" : 861 }, 
        {"sofa" : 1,  "begin" : 862,  "end" : 866 }, 
        {"sofa" : 1,  "begin" : 867,  "end" : 869 }, 
        {"sofa" : 1,  "begin" : 870,  "end" : 873 }, 
        {"sofa" : 1,  "begin" : 874,  "end" : 879 }, 
        {"sofa" : 1,  "begin" : 879,  "end" : 880 }, 
        {"sofa" : 1,  "begin" : 882,  "end" : 889 }, 
        {"sofa" : 1,  "begin" : 890,  "end" : 894 }, 
        {"sofa" : 1,  "begin" : 895,  "end" : 899 }, 
        {"sofa" : 1,  "begin" : 900,  "end" : 901 }, 
        {"sofa" : 1,  "begin" : 902,  "end" : 905 }, 
        {"sofa" : 1,  "begin" : 906,  "end" : 911 }, 
        {"sofa" : 1,  "begin" : 912,  "end" : 916 }, 
        {"sofa" : 1,  "begin" : 917,  "end" : 918 }, 
        {"sofa" : 1,  "begin" : 919,  "end" : 925 }, 
        {"sofa" : 1,  "begin" : 926,  "end" : 937 }, 
        {"sofa" : 1,  "begin" : 937,  "end" : 938 }, 
        {"sofa" : 1,  "begin" : 939,  "end" : 942 }, 
        {"sofa" : 1,  "begin" : 943,  "end" : 948 }, 
        {"sofa" : 1,  "begin" : 949,  "end" : 951 }, 
        {"sofa" : 1,  "begin" : 952,  "end" : 954 }, 
        {"sofa" : 1,  "begin" : 955,  "end" : 963 }, 
        {"sofa" : 1,  "begin" : 963,  "end" : 964 }, 
        {"sofa" : 1,  "begin" : 965,  "end" : 969 }, 
        {"sofa" : 1,  "begin" : 970,  "end" : 975 }, 
        {"sofa" : 1,  "begin" : 976,  "end" : 978 }, 
        {"sofa" : 1,  "begin" : 979,  "end" : 985 }, 
        {"sofa" : 1,  "begin" : 986,  "end" : 988 }, 
        {"sofa" : 1,  "begin" : 988,  "end" : 989 }, 
        {"sofa" : 1,  "begin" : 990,  "end" : 993 }, 
        {"sofa" : 1,  "begin" : 994,  "end" : 1005 }, 
        {"sofa" : 1,  "begin" : 1006,  "end" : 1011 }, 
        {"sofa" : 1,  "begin" : 1012,  "end" : 1015 }, 
        {"sofa" : 1,  "begin" : 1015,  "end" : 1016 }, 
        {"sofa" : 1,  "begin" : 1017,  "end" : 1021 }, 
        {"sofa" : 1,  "begin" : 1022,  "end" : 1027 }, 
        {"sofa" : 1,  "begin" : 1028,  "end" : 1030 }, 
        {"sofa" : 1,  "begin" : 1031,  "end" : 1033 }, 
        {"sofa" : 1,  "begin" : 1034,  "end" : 1039 }, 
        {"sofa" : 1,  "begin" : 1040,  "end" : 1042 }, 
        {"sofa" : 1,  "begin" : 1043,  "end" : 1049 }, 
        {"sofa" : 1,  "begin" : 1049,  "end" : 1050 }, 
        {"sofa" : 1,  "begin" : 1051,  "end" : 1054 }, 
        {"sofa" : 1,  "begin" : 1055,  "end" : 1057 }, 
        {"sofa" : 1,  "begin" : 1058,  "end" : 1061 }, 
        {"sofa" : 1,  "begin" : 1062,  "end" : 1067 }, 
        {"sofa" : 1,  "begin" : 1068,  "end" : 1071 }, 
        {"sofa" : 1,  "begin" : 1072,  "end" : 1074 }, 
        {"sofa" : 1,  "begin" : 1075,  "end" : 1078 }, 
        {"sofa" : 1,  "begin" : 1079,  "end" : 1083 }, 
        {"sofa" : 1,  "begin" : 1083,  "end" : 1084 }, 
        {"sofa" : 1,  "begin" : 1085,  "end" : 1089 }, 
        {"sofa" : 1,  "begin" : 1090,  "end" : 1092 }, 
        {"sofa" : 1,  "begin" : 1093,  "end" : 1095 }, 
        {"sofa" : 1,  "begin" : 1096,  "end" : 1106 }, 
        {"sofa" : 1,  "begin" : 1107,  "end" : 1112 }, 
        {"sofa" : 1,  "begin" : 1113,  "end" : 1116 }, 
        {"sofa" : 1,  "begin" : 1117,  "end" : 1119 }, 
        {"sofa" : 1,  "begin" : 1120,  "end" : 1125 }, 
        {"sofa" : 1,  "begin" : 1126,  "end" : 1129 }, 
        {"sofa" : 1,  "begin" : 1130,  "end" : 1132 }, 
        {"sofa" : 1,  "begin" : 1133,  "end" : 1134 }, 
        {"sofa" : 1,  "begin" : 1135,  "end" : 1139 }, 
        {"sofa" : 1,  "begin" : 1139,  "end" : 1140 }, 
        {"sofa" : 1,  "begin" : 1141,  "end" : 1144 }, 
        {"sofa" : 1,  "begin" : 1145,  "end" : 1149 }, 
        {"sofa" : 1,  "begin" : 1150,  "end" : 1153 }, 
        {"sofa" : 1,  "begin" : 1154,  "end" : 1158 }, 
        {"sofa" : 1,  "begin" : 1159,  "end" : 1163 }, 
        {"sofa" : 1,  "begin" : 1164,  "end" : 1168 }, 
        {"sofa" : 1,  "begin" : 1169,  "end" : 1181 }, 
        {"sofa" : 1,  "begin" : 1182,  "end" : 1184 }, 
        {"sofa" : 1,  "begin" : 1185,  "end" : 1191 }, 
        {"sofa" : 1,  "begin" : 1192,  "end" : 1202 }, 
        {"sofa" : 1,  "begin" : 1202,  "end" : 1203 }, 
        {"sofa" : 1,  "begin" : 1204,  "end" : 1207 }, 
        {"sofa" : 1,  "begin" : 1208,  "end" : 1213 }, 
        {"sofa" : 1,  "begin" : 1214,  "end" : 1217 }, 
        {"sofa" : 1,  "begin" : 1218,  "end" : 1222 }, 
        {"sofa" : 1,  "begin" : 1222,  "end" : 1223 }, 
        {"sofa" : 1,  "begin" : 1224,  "end" : 1226 }, 
        {"sofa" : 1,  "begin" : 1227,  "end" : 1232 }, 
        {"sofa" : 1,  "begin" : 1232,  "end" : 1233 }, 
        {"sofa" : 1,  "begin" : 1234,  "end" : 1236 }, 
        {"sofa" : 1,  "begin" : 1237,  "end" : 1240 }, 
        {"sofa" : 1,  "begin" : 1241,  "end" : 1243 }, 
        {"sofa" : 1,  "begin" : 1244,  "end" : 1249 }, 
        {"sofa" : 1,  "begin" : 1250,  "end" : 1253 }, 
        {"sofa" : 1,  "begin" : 1254,  "end" : 1259 }, 
        {"sofa" : 1,  "begin" : 1259,  "end" : 1260 }, 
        {"sofa" : 1,  "begin" : 1261,  "end" : 1264 }, 
        {"sofa" : 1,  "begin" : 1265,  "end" : 1267 }, 
        {"sofa" : 1,  "begin" : 1268,  "end" : 1270 }, 
        {"sofa" : 1,  "begin" : 1271,  "end" : 1276 }, 
        {"sofa" : 1,  "begin" : 1277,  "end" : 1281 }, 
        {"sofa" : 1,  "begin" : 1282,  "end" : 1284 }, 
        {"sofa" : 1,  "begin" : 1285,  "end" : 1287 }, 
        {"sofa" : 1,  "begin" : 1288,  "end" : 1295 }, 
        {"sofa" : 1,  "begin" : 1295,  "end" : 1296 }, 
        {"sofa" : 1,  "begin" : 1297,  "end" : 1300 }, 
        {"sofa" : 1,  "begin" : 1301,  "end" : 1305 }, 
        {"sofa" : 1,  "begin" : 1306,  "end" : 1316 }, 
        {"sofa" : 1,  "begin" : 1317,  "end" : 1321 }, 
        {"sofa" : 1,  "begin" : 1322,  "end" : 1324 }, 
        {"sofa" : 1,  "begin" : 1324,  "end" : 1325 }, 
        {"sofa" : 1,  "begin" : 1326,  "end" : 1330 }, 
        {"sofa" : 1,  "begin" : 1331,  "end" : 1333 }, 
        {"sofa" : 1,  "begin" : 1334,  "end" : 1336 }, 
        {"sofa" : 1,  "begin" : 1337,  "end" : 1340 }, 
        {"sofa" : 1,  "begin" : 1340,  "end" : 1341 }, 
        {"sofa" : 1,  "begin" : 1342,  "end" : 1344 }, 
        {"sofa" : 1,  "begin" : 1345,  "end" : 1349 }, 
        {"sofa" : 1,  "begin" : 1350,  "end" : 1360 }, 
        {"sofa" : 1,  "begin" : 1360,  "end" : 1361 }, 
        {"sofa" : 1,  "begin" : 1362,  "end" : 1366 }, 
        {"sofa" : 1,  "begin" : 1367,  "end" : 1372 }, 
        {"sofa" : 1,  "begin" : 1372,  "end" : 1373 }, 
        {"sofa" : 1,  "begin" : 1374,  "end" : 1378 }, 
        {"sofa" : 1,  "begin" : 1379,  "end" : 1382 }, 
        {"sofa" : 1,  "begin" : 1383,  "end" : 1387 }, 
        {"sofa" : 1,  "begin" : 1388,  "end" : 1389 }, 
        {"sofa" : 1,  "begin" : 1390,  "end" : 1393 }, 
        {"sofa" : 1,  "begin" : 1394,  "end" : 1399 }, 
        {"sofa" : 1,  "begin" : 1399,  "end" : 1400 }, 
        {"sofa" : 1,  "begin" : 1401,  "end" : 1404 }, 
        {"sofa" : 1,  "begin" : 1405,  "end" : 1410 }, 
        {"sofa" : 1,  "begin" : 1411,  "end" : 1415 }, 
        {"sofa" : 1,  "begin" : 1416,  "end" : 1425 }, 
        {"sofa" : 1,  "begin" : 1426,  "end" : 1435 }, 
        {"sofa" : 1,  "begin" : 1436,  "end" : 1440 }, 
        {"sofa" : 1,  "begin" : 1441,  "end" : 1447 }, 
        {"sofa" : 1,  "begin" : 1448,  "end" : 1451 }, 
        {"sofa" : 1,  "begin" : 1451,  "end" : 1452 }, 
        {"sofa" : 1,  "begin" : 1453,  "end" : 1456 }, 
        {"sofa" : 1,  "begin" : 1457,  "end" : 1461 }, 
        {"sofa" : 1,  "begin" : 1462,  "end" : 1472 }, 
        {"sofa" : 1,  "begin" : 1473,  "end" : 1476 }, 
        {"sofa" : 1,  "begin" : 1477,  "end" : 1483 }, 
        {"sofa" : 1,  "begin" : 1484,  "end" : 1489 }, 
        {"sofa" : 1,  "begin" : 1490,  "end" : 1493 }, 
        {"sofa" : 1,  "begin" : 1494,  "end" : 1497 }, 
        {"sofa" : 1,  "begin" : 1498,  "end" : 1500 }, 
        {"sofa" : 1,  "begin" : 1501,  "end" : 1509 }, 
        {"sofa" : 1,  "begin" : 1509,  "end" : 1510 }, 
        {"sofa" : 1,  "begin" : 1511,  "end" : 1514 }, 
        {"sofa" : 1,  "begin" : 1515,  "end" : 1518 }, 
        {"sofa" : 1,  "begin" : 1519,  "end" : 1521 }, 
        {"sofa" : 1,  "begin" : 1522,  "end" : 1524 }, 
        {"sofa" : 1,  "begin" : 1525,  "end" : 1530 }, 
        {"sofa" : 1,  "begin" : 1531,  "end" : 1534 }, 
        {"sofa" : 1,  "begin" : 1535,  "end" : 1537 }, 
        {"sofa" : 1,  "begin" : 1537,  "end" : 1538 }, 
        {"sofa" : 1,  "begin" : 1539,  "end" : 1541 }, 
        {"sofa" : 1,  "begin" : 1542,  "end" : 1544 }, 
        {"sofa" : 1,  "begin" : 1545,  "end" : 1552 }, 
        {"sofa" : 1,  "begin" : 1553,  "end" : 1556 }, 
        {"sofa" : 1,  "begin" : 1557,  "end" : 1568 }, 
        {"sofa" : 1,  "begin" : 1569,  "end" : 1571 }, 
        {"sofa" : 1,  "begin" : 1572,  "end" : 1574 }, 
        {"sofa" : 1,  "begin" : 1575,  "end" : 1580 }, 
        {"sofa" : 1,  "begin" : 1580,  "end" : 1581 }, 
        {"sofa" : 1,  "begin" : 1582,  "end" : 1585 }, 
        {"sofa" : 1,  "begin" : 1586,  "end" : 1588 }, 
        {"sofa" : 1,  "begin" : 1589,  "end" : 1591 }, 
        {"sofa" : 1,  "begin" : 1592,  "end" : 1597 }, 
        {"sofa" : 1,  "begin" : 1598,  "end" : 1600 }, 
        {"sofa" : 1,  "begin" : 1601,  "end" : 1606 }, 
        {"sofa" : 1,  "begin" : 1607,  "end" : 1611 }, 
        {"sofa" : 1,  "begin" : 1612,  "end" : 1615 }, 
        {"sofa" : 1,  "begin" : 1616,  "end" : 1620 }, 
        {"sofa" : 1,  "begin" : 1621,  "end" : 1623 }, 
        {"sofa" : 1,  "begin" : 1624,  "end" : 1631 }, 
        {"sofa" : 1,  "begin" : 1632,  "end" : 1636 }, 
        {"sofa" : 1,  "begin" : 1637,  "end" : 1645 }, 
        {"sofa" : 1,  "begin" : 1646,  "end" : 1650 }, 
        {"sofa" : 1,  "begin" : 1650,  "end" : 1651 }, 
        {"sofa" : 1,  "begin" : 1652,  "end" : 1654 }, 
        {"sofa" : 1,  "begin" : 1655,  "end" : 1657 }, 
        {"sofa" : 1,  "begin" : 1658,  "end" : 1667 }, 
        {"sofa" : 1,  "begin" : 1668,  "end" : 1671 }, 
        {"sofa" : 1,  "begin" : 1671,  "end" : 1672 }, 
        {"sofa" : 1,  "begin" : 1673,  "end" : 1676 }, 
        {"sofa" : 1,  "begin" : 1677,  "end" : 1679 }, 
        {"sofa" : 1,  "begin" : 1680,  "end" : 1682 }, 
        {"sofa" : 1,  "begin" : 1683,  "end" : 1687 }, 
        {"sofa" : 1,  "begin" : 1688,  "end" : 1689 }, 
        {"sofa" : 1,  "begin" : 1690,  "end" : 1699 }, 
        {"sofa" : 1,  "begin" : 1700,  "end" : 1707 }, 
        {"sofa" : 1,  "begin" : 1708,  "end" : 1712 }, 
        {"sofa" : 1,  "begin" : 1713,  "end" : 1716 }, 
        {"sofa" : 1,  "begin" : 1717,  "end" : 1721 }, 
        {"sofa" : 1,  "begin" : 1721,  "end" : 1722 }, 
        {"sofa" : 1,  "begin" : 1723,  "end" : 1730 }, 
        {"sofa" : 1,  "begin" : 1731,  "end" : 1740 }, 
        {"sofa" : 1,  "begin" : 1741,  "end" : 1743 }, 
        {"sofa" : 1,  "begin" : 1744,  "end" : 1751 }, 
        {"sofa" : 1,  "begin" : 1751,  "end" : 1752 }, 
        {"sofa" : 1,  "begin" : 1753,  "end" : 1755 }, 
        {"sofa" : 1,  "begin" : 1756,  "end" : 1762 }, 
        {"sofa" : 1,  "begin" : 1763,  "end" : 1770 }, 
        {"sofa" : 1,  "begin" : 1771,  "end" : 1773 }, 
        {"sofa" : 1,  "begin" : 1774,  "end" : 1780 }, 
        {"sofa" : 1,  "begin" : 1780,  "end" : 1781 }, 
        {"sofa" : 1,  "begin" : 1782,  "end" : 1784 }, 
        {"sofa" : 1,  "begin" : 1785,  "end" : 1791 }, 
        {"sofa" : 1,  "begin" : 1792,  "end" : 1800 }, 
        {"sofa" : 1,  "begin" : 1800,  "end" : 1801 }, 
        {"sofa" : 1,  "begin" : 1802,  "end" : 1805 }, 
        {"sofa" : 1,  "begin" : 1806,  "end" : 1815 }, 
        {"sofa" : 1,  "begin" : 1816,  "end" : 1826 }, 
        {"sofa" : 1,  "begin" : 1826,  "end" : 1827 }, 
        {"sofa" : 1,  "begin" : 1828,  "end" : 1835 }, 
        {"sofa" : 1,  "begin" : 1836,  "end" : 1841 }, 
        {"sofa" : 1,  "begin" : 1842,  "end" : 1845 }, 
        {"sofa" : 1,  "begin" : 1846,  "end" : 1853 }, 
        {"sofa" : 1,  "begin" : 1854,  "end" : 1856 }, 
        {"sofa" : 1,  "begin" : 1857,  "end" : 1862 }, 
        {"sofa" : 1,  "begin" : 1862,  "end" : 1863 }, 
        {"sofa" : 1,  "begin" : 1864,  "end" : 1866 }, 
        {"sofa" : 1,  "begin" : 1867,  "end" : 1869 }, 
        {"sofa" : 1,  "begin" : 1870,  "end" : 1871 }, 
        {"sofa" : 1,  "begin" : 1872,  "end" : 1875 }, 
        {"sofa" : 1,  "begin" : 1876,  "end" : 1882 }, 
        {"sofa" : 1,  "begin" : 1883,  "end" : 1891 }, 
        {"sofa" : 1,  "begin" : 1892,  "end" : 1895 }, 
        {"sofa" : 1,  "begin" : 1896,  "end" : 1903 }, 
        {"sofa" : 1,  "begin" : 1904,  "end" : 1906 }, 
        {"sofa" : 1,  "begin" : 1907,  "end" : 1910 }, 
        {"sofa" : 1,  "begin" : 1911,  "end" : 1916 }, 
        {"sofa" : 1,  "begin" : 1917,  "end" : 1925 }, 
        {"sofa" : 1,  "begin" : 1926,  "end" : 1929 }, 
        {"sofa" : 1,  "begin" : 1930,  "end" : 1933 }, 
        {"sofa" : 1,  "begin" : 1933,  "end" : 1934 }, 
        {"sofa" : 1,  "begin" : 1935,  "end" : 1938 }, 
        {"sofa" : 1,  "begin" : 1939,  "end" : 1943 }, 
        {"sofa" : 1,  "begin" : 1944,  "end" : 1953 }, 
        {"sofa" : 1,  "begin" : 1954,  "end" : 1956 }, 
        {"sofa" : 1,  "begin" : 1957,  "end" : 1962 }, 
        {"sofa" : 1,  "begin" : 1963,  "end" : 1965 }, 
        {"sofa" : 1,  "begin" : 1966,  "end" : 1969 }, 
        {"sofa" : 1,  "begin" : 1970,  "end" : 1975 }, 
        {"sofa" : 1,  "begin" : 1976,  "end" : 1985 }, 
        {"sofa" : 1,  "begin" : 1985,  "end" : 1986 }, 
        {"sofa" : 1,  "begin" : 1987,  "end" : 1991 }, 
        {"sofa" : 1,  "begin" : 1992,  "end" : 1995 }, 
        {"sofa" : 1,  "begin" : 1996,  "end" : 1999 }, 
        {"sofa" : 1,  "begin" : 2000,  "end" : 2002 }, 
        {"sofa" : 1,  "begin" : 2003,  "end" : 2006 }, 
        {"sofa" : 1,  "begin" : 2007,  "end" : 2015 }, 
        {"sofa" : 1,  "begin" : 2015,  "end" : 2016 }, 
        {"sofa" : 1,  "begin" : 2017,  "end" : 2020 }, 
        {"sofa" : 1,  "begin" : 2021,  "end" : 2024 }, 
        {"sofa" : 1,  "begin" : 2025,  "end" : 2033 }, 
        {"sofa" : 1,  "begin" : 2034,  "end" : 2037 }, 
        {"sofa" : 1,  "begin" : 2038,  "end" : 2041 }, 
        {"sofa" : 1,  "begin" : 2041,  "end" : 2042 }, 
        {"sofa" : 1,  "begin" : 2044,  "end" : 2045 }, 
        {"sofa" : 1,  "begin" : 2046,  "end" : 2053 }, 
        {"sofa" : 1,  "begin" : 2054,  "end" : 2059 }, 
        {"sofa" : 1,  "begin" : 2060,  "end" : 2062 }, 
        {"sofa" : 1,  "begin" : 2063,  "end" : 2066 }, 
        {"sofa" : 1,  "begin" : 2067,  "end" : 2071 }, 
        {"sofa" : 1,  "begin" : 2072,  "end" : 2076 }, 
        {"sofa" : 1,  "begin" : 2077,  "end" : 2083 }, 
        {"sofa" : 1,  "begin" : 2084,  "end" : 2086 }, 
        {"sofa" : 1,  "begin" : 2087,  "end" : 2091 }, 
        {"sofa" : 1,  "begin" : 2092,  "end" : 2094 }, 
        {"sofa" : 1,  "begin" : 2095,  "end" : 2100 }, 
        {"sofa" : 1,  "begin" : 2101,  "end" : 2110 }, 
        {"sofa" : 1,  "begin" : 2111,  "end" : 2113 }, 
        {"sofa" : 1,  "begin" : 2114,  "end" : 2117 }, 
        {"sofa" : 1,  "begin" : 2118,  "end" : 2123 }, 
        {"sofa" : 1,  "begin" : 2124,  "end" : 2134 }, 
        {"sofa" : 1,  "begin" : 2134,  "end" : 2135 }, 
        {"sofa" : 1,  "begin" : 2136,  "end" : 2141 }, 
        {"sofa" : 1,  "begin" : 2142,  "end" : 2144 }, 
        {"sofa" : 1,  "begin" : 2145,  "end" : 2150 }, 
        {"sofa" : 1,  "begin" : 2151,  "end" : 2159 }, 
        {"sofa" : 1,  "begin" : 2160,  "end" : 2163 }, 
        {"sofa" : 1,  "begin" : 2164,  "end" : 2170 }, 
        {"sofa" : 1,  "begin" : 2171,  "end" : 2173 }, 
        {"sofa" : 1,  "begin" : 2174,  "end" : 2176 }, 
        {"sofa" : 1,  "begin" : 2177,  "end" : 2185 }, 
        {"sofa" : 1,  "begin" : 2186,  "end" : 2197 }, 
        {"sofa" : 1,  "begin" : 2197,  "end" : 2198 }, 
        {"sofa" : 1,  "begin" : 2199,  "end" : 2202 }, 
        {"sofa" : 1,  "begin" : 2203,  "end" : 2207 }, 
        {"sofa" : 1,  "begin" : 2208,  "end" : 2211 }, 
        {"sofa" : 1,  "begin" : 2212,  "end" : 2218 }, 
        {"sofa" : 1,  "begin" : 2219,  "end" : 2223 }, 
        {"sofa" : 1,  "begin" : 2224,  "end" : 2227 }, 
        {"sofa" : 1,  "begin" : 2228,  "end" : 2236 }, 
        {"sofa" : 1,  "begin" : 2237,  "end" : 2248 }, 
        {"sofa" : 1,  "begin" : 2248,  "end" : 2249 }, 
        {"sofa" : 1,  "begin" : 2250,  "end" : 2251 }, 
        {"sofa" : 1,  "begin" : 2252,  "end" : 2259 }, 
        {"sofa" : 1,  "begin" : 2259,  "end" : 2260 }, 
        {"sofa" : 1,  "begin" : 2261,  "end" : 2264 }, 
        {"sofa" : 1,  "begin" : 2265,  "end" : 2267 }, 
        {"sofa" : 1,  "begin" : 2268,  "end" : 2271 }, 
        {"sofa" : 1,  "begin" : 2272,  "end" : 2276 }, 
        {"sofa" : 1,  "begin" : 2276,  "end" : 2277 }, 
        {"sofa" : 1,  "begin" : 2278,  "end" : 2284 }, 
        {"sofa" : 1,  "begin" : 2285,  "end" : 2287 }, 
        {"sofa" : 1,  "begin" : 2288,  "end" : 2291 }, 
        {"sofa" : 1,  "begin" : 2292,  "end" : 2293 }, 
        {"sofa" : 1,  "begin" : 2294,  "end" : 2299 }, 
        {"sofa" : 1,  "begin" : 2300,  "end" : 2306 }, 
        {"sofa" : 1,  "begin" : 2307,  "end" : 2309 }, 
        {"sofa" : 1,  "begin" : 2310,  "end" : 2313 }, 
        {"sofa" : 1,  "begin" : 2314,  "end" : 2322 }, 
        {"sofa" : 1,  "begin" : 2323,  "end" : 2325 }, 
        {"sofa" : 1,  "begin" : 2326,  "end" : 2332 }, 
        {"sofa" : 1,  "begin" : 2333,  "end" : 2338 }, 
        {"sofa" : 1,  "begin" : 2338,  "end" : 2339 }, 
        {"sofa" : 1,  "begin" : 2340,  "end" : 2343 }, 
        {"sofa" : 1,  "begin" : 2344,  "end" : 2347 }, 
        {"sofa" : 1,  "begin" : 2348,  "end" : 2350 }, 
        {"sofa" : 1,  "begin" : 2351,  "end" : 2357 }, 
        {"sofa" : 1,  "begin" : 2358,  "end" : 2362 }, 
        {"sofa" : 1,  "begin" : 2363,  "end" : 2367 }, 
        {"sofa" : 1,  "begin" : 2368,  "end" : 2375 }, 
        {"sofa" : 1,  "begin" : 2376,  "end" : 2384 }, 
        {"sofa" : 1,  "begin" : 2385,  "end" : 2394 }, 
        {"sofa" : 1,  "begin" : 2394,  "end" : 2395 }, 
        {"sofa" : 1,  "begin" : 2396,  "end" : 2399 }, 
        {"sofa" : 1,  "begin" : 2400,  "end" : 2409 }, 
        {"sofa" : 1,  "begin" : 2410,  "end" : 2411 }, 
        {"sofa" : 1,  "begin" : 2412,  "end" : 2414 }, 
        {"sofa" : 1,  "begin" : 2415,  "end" : 2418 }, 
        {"sofa" : 1,  "begin" : 2419,  "end" : 2421 }, 
        {"sofa" : 1,  "begin" : 2422,  "end" : 2427 }, 
        {"sofa" : 1,  "begin" : 2427,  "end" : 2428 }, 
        {"sofa" : 1,  "begin" : 2429,  "end" : 2433 }, 
        {"sofa" : 1,  "begin" : 2434,  "end" : 2439 }, 
        {"sofa" : 1,  "begin" : 2440,  "end" : 2442 }, 
        {"sofa" : 1,  "begin" : 2443,  "end" : 2449 }, 
        {"sofa" : 1,  "begin" : 2450,  "end" : 2459 }, 
        {"sofa" : 1,  "begin" : 2460,  "end" : 2462 }, 
        {"sofa" : 1,  "begin" : 2463,  "end" : 2466 }, 
        {"sofa" : 1,  "begin" : 2467,  "end" : 2471 }, 
        {"sofa" : 1,  "begin" : 2472,  "end" : 2474 }, 
        {"sofa" : 1,  "begin" : 2475,  "end" : 2479 }, 
        {"sofa" : 1,  "begin" : 2479,  "end" : 2480 }, 
        {"sofa" : 1,  "begin" : 2481,  "end" : 2486 }, 
        {"sofa" : 1,  "begin" : 2487,  "end" : 2489 }, 
        {"sofa" : 1,  "begin" : 2490,  "end" : 2492 }, 
        {"sofa" : 1,  "begin" : 2493,  "end" : 2496 }, 
        {"sofa" : 1,  "begin" : 2497,  "end" : 2503 }, 
        {"sofa" : 1,  "begin" : 2504,  "end" : 2510 }, 
        {"sofa" : 1,  "begin" : 2511,  "end" : 2516 }, 
        {"sofa" : 1,  "begin" : 2516,  "end" : 2517 }, 
        {"sofa" : 1,  "begin" : 2518,  "end" : 2521 }, 
        {"sofa" : 1,  "begin" : 2522,  "end" : 2527 }, 
        {"sofa" : 1,  "begin" : 2528,  "end" : 2537 }, 
        {"sofa" : 1,  "begin" : 2538,  "end" : 2540 }, 
        {"sofa" : 1,  "begin" : 2541,  "end" : 2546 }, 
        {"sofa" : 1,  "begin" : 2547,  "end" : 2551 }, 
        {"sofa" : 1,  "begin" : 2552,  "end" : 2554 }, 
        {"sofa" : 1,  "begin" : 2555,  "end" : 2557 }, 
        {"sofa" : 1,  "begin" : 2558,  "end" : 2561 }, 
        {"sofa" : 1,  "begin" : 2562,  "end" : 2569 }, 
        {"sofa" : 1,  "begin" : 2569,  "end" : 2570 }, 
        {"sofa" : 1,  "begin" : 2571,  "end" : 2574 }, 
        {"sofa" : 1,  "begin" : 2575,  "end" : 2580 }, 
        {"sofa" : 1,  "begin" : 2581,  "end" : 2588 }, 
        {"sofa" : 1,  "begin" : 2589,  "end" : 2591 }, 
        {"sofa" : 1,  "begin" : 2592,  "end" : 2599 }, 
        {"sofa" : 1,  "begin" : 2600,  "end" : 2604 }, 
        {"sofa" : 1,  "begin" : 2605,  "end" : 2609 }, 
        {"sofa" : 1,  "begin" : 2610,  "end" : 2612 }, 
        {"sofa" : 1,  "begin" : 2612,  "end" : 2613 }, 
        {"sofa" : 1,  "begin" : 2614,  "end" : 2617 }, 
        {"sofa" : 1,  "begin" : 2618,  "end" : 2620 }, 
        {"sofa" : 1,  "begin" : 2621,  "end" : 2625 }, 
        {"sofa" : 1,  "begin" : 2626,  "end" : 2628 }, 
        {"sofa" : 1,  "begin" : 2629,  "end" : 2632 }, 
        {"sofa" : 1,  "begin" : 2633,  "end" : 2639 }, 
        {"sofa" : 1,  "begin" : 2640,  "end" : 2642 }, 
        {"sofa" : 1,  "begin" : 2643,  "end" : 2645 }, 
        {"sofa" : 1,  "begin" : 2645,  "end" : 2646 }, 
        {"sofa" : 1,  "begin" : 2647,  "end" : 2650 }, 
        {"sofa" : 1,  "begin" : 2651,  "end" : 2655 }, 
        {"sofa" : 1,  "begin" : 2656,  "end" : 2664 }, 
        {"sofa" : 1,  "begin" : 2665,  "end" : 2669 }, 
        {"sofa" : 1,  "begin" : 2670,  "end" : 2677 }, 
        {"sofa" : 1,  "begin" : 2678,  "end" : 2680 }, 
        {"sofa" : 1,  "begin" : 2681,  "end" : 2687 }, 
        {"sofa" : 1,  "begin" : 2688,  "end" : 2690 }, 
        {"sofa" : 1,  "begin" : 2691,  "end" : 2696 }, 
        {"sofa" : 1,  "begin" : 2697,  "end" : 2701 }, 
        {"sofa" : 1,  "begin" : 2702,  "end" : 2704 }, 
        {"sofa" : 1,  "begin" : 2705,  "end" : 2708 }, 
        {"sofa" : 1,  "begin" : 2709,  "end" : 2718 }, 
        {"sofa" : 1,  "begin" : 2718,  "end" : 2719 }, 
        {"sofa" : 1,  "begin" : 2720,  "end" : 2725 }, 
        {"sofa" : 1,  "begin" : 2726,  "end" : 2728 }, 
        {"sofa" : 1,  "begin" : 2729,  "end" : 2733 }, 
        {"sofa" : 1,  "begin" : 2734,  "end" : 2738 }, 
        {"sofa" : 1,  "begin" : 2739,  "end" : 2746 }, 
        {"sofa" : 1,  "begin" : 2747,  "end" : 2749 }, 
        {"sofa" : 1,  "begin" : 2750,  "end" : 2754 }, 
        {"sofa" : 1,  "begin" : 2755,  "end" : 2757 }, 
        {"sofa" : 1,  "begin" : 2758,  "end" : 2761 }, 
        {"sofa" : 1,  "begin" : 2762,  "end" : 2766 }, 
        {"sofa" : 1,  "begin" : 2767,  "end" : 2771 }, 
        {"sofa" : 1,  "begin" : 2771,  "end" : 2772 }, 
        {"sofa" : 1,  "begin" : 2773,  "end" : 2776 }, 
        {"sofa" : 1,  "begin" : 2777,  "end" : 2781 }, 
        {"sofa" : 1,  "begin" : 2782,  "end" : 2784 }, 
        {"sofa" : 1,  "begin" : 2785,  "end" : 2792 }, 
        {"sofa" : 1,  "begin" : 2792,  "end" : 2793 }, 
        {"sofa" : 1,  "begin" : 2795,  "end" : 2798 }, 
        {"sofa" : 1,  "begin" : 2799,  "end" : 2801 }, 
        {"sofa" : 1,  "begin" : 2802,  "end" : 2811 }, 
        {"sofa" : 1,  "begin" : 2812,  "end" : 2819 }, 
        {"sofa" : 1,  "begin" : 2819,  "end" : 2820 }, 
        {"sofa" : 1,  "begin" : 2821,  "end" : 2823 }, 
        {"sofa" : 1,  "begin" : 2824,  "end" : 2830 }, 
        {"sofa" : 1,  "begin" : 2830,  "end" : 2831 }, 
        {"sofa" : 1,  "begin" : 2832,  "end" : 2833 }, 
        {"sofa" : 1,  "begin" : 2834,  "end" : 2840 }, 
        {"sofa" : 1,  "begin" : 2841,  "end" : 2843 }, 
        {"sofa" : 1,  "begin" : 2844,  "end" : 2852 }, 
        {"sofa" : 1,  "begin" : 2853,  "end" : 2856 }, 
        {"sofa" : 1,  "begin" : 2857,  "end" : 2862 }, 
        {"sofa" : 1,  "begin" : 2863,  "end" : 2865 }, 
        {"sofa" : 1,  "begin" : 2866,  "end" : 2874 }, 
        {"sofa" : 1,  "begin" : 2874,  "end" : 2875 }, 
        {"sofa" : 1,  "begin" : 2876,  "end" : 2877 }, 
        {"sofa" : 1,  "begin" : 2878,  "end" : 2884 }, 
        {"sofa" : 1,  "begin" : 2885,  "end" : 2895 }, 
        {"sofa" : 1,  "begin" : 2896,  "end" : 2900 }, 
        {"sofa" : 1,  "begin" : 2901,  "end" : 2909 }, 
        {"sofa" : 1,  "begin" : 2910,  "end" : 2912 }, 
        {"sofa" : 1,  "begin" : 2913,  "end" : 2916 }, 
        {"sofa" : 1,  "begin" : 2916,  "end" : 2917 }, 
        {"sofa" : 1,  "begin" : 2918,  "end" : 2922 }, 
        {"sofa" : 1,  "begin" : 2923,  "end" : 2926 }, 
        {"sofa" : 1,  "begin" : 2927,  "end" : 2931 }, 
        {"sofa" : 1,  "begin" : 2932,  "end" : 2934 }, 
        {"sofa" : 1,  "begin" : 2935,  "end" : 2938 }, 
        {"sofa" : 1,  "begin" : 2939,  "end" : 2944 }, 
        {"sofa" : 1,  "begin" : 2945,  "end" : 2947 }, 
        {"sofa" : 1,  "begin" : 2948,  "end" : 2952 }, 
        {"sofa" : 1,  "begin" : 2953,  "end" : 2958 }, 
        {"sofa" : 1,  "begin" : 2958,  "end" : 2959 }, 
        {"sofa" : 1,  "begin" : 2960,  "end" : 2963 }, 
        {"sofa" : 1,  "begin" : 2964,  "end" : 2968 }, 
        {"sofa" : 1,  "begin" : 2969,  "end" : 2972 }, 
        {"sofa" : 1,  "begin" : 2973,  "end" : 2976 }, 
        {"sofa" : 1,  "begin" : 2976,  "end" : 2977 }, 
        {"sofa" : 1,  "begin" : 2978,  "end" : 2980 }, 
        {"sofa" : 1,  "begin" : 2981,  "end" : 2990 }, 
        {"sofa" : 1,  "begin" : 2991,  "end" : 2993 }, 
        {"sofa" : 1,  "begin" : 2994,  "end" : 2997 }, 
        {"sofa" : 1,  "begin" : 2998,  "end" : 3001 }, 
        {"sofa" : 1,  "begin" : 3001,  "end" : 3002 }, 
        {"sofa" : 1,  "begin" : 3003,  "end" : 3005 }, 
        {"sofa" : 1,  "begin" : 3006,  "end" : 3007 }, 
        {"sofa" : 1,  "begin" : 3008,  "end" : 3014 }, 
        {"sofa" : 1,  "begin" : 3015,  "end" : 3017 }, 
        {"sofa" : 1,  "begin" : 3018,  "end" : 3020 }, 
        {"sofa" : 1,  "begin" : 3020,  "end" : 3021 }, 
        {"sofa" : 1,  "begin" : 3022,  "end" : 3025 }, 
        {"sofa" : 1,  "begin" : 3026,  "end" : 3033 }, 
        {"sofa" : 1,  "begin" : 3034,  "end" : 3036 }, 
        {"sofa" : 1,  "begin" : 3037,  "end" : 3044 }, 
        {"sofa" : 1,  "begin" : 3045,  "end" : 3055 }, 
        {"sofa" : 1,  "begin" : 3055,  "end" : 3056 }, 
        {"sofa" : 1,  "begin" : 3057,  "end" : 3061 }, 
        {"sofa" : 1,  "begin" : 3062,  "end" : 3066 }, 
        {"sofa" : 1,  "begin" : 3067,  "end" : 3068 }, 
        {"sofa" : 1,  "begin" : 3069,  "end" : 3073 }, 
        {"sofa" : 1,  "begin" : 3074,  "end" : 3076 }, 
        {"sofa" : 1,  "begin" : 3077,  "end" : 3081 }, 
        {"sofa" : 1,  "begin" : 3081,  "end" : 3082 }, 
        {"sofa" : 1,  "begin" : 3083,  "end" : 3085 }, 
        {"sofa" : 1,  "begin" : 3086,  "end" : 3089 }, 
        {"sofa" : 1,  "begin" : 3090,  "end" : 3091 }, 
        {"sofa" : 1,  "begin" : 3092,  "end" : 3099 }, 
        {"sofa" : 1,  "begin" : 3100,  "end" : 3109 }, 
        {"sofa" : 1,  "begin" : 3109,  "end" : 3110 }, 
        {"sofa" : 1,  "begin" : 3111,  "end" : 3115 }, 
        {"sofa" : 1,  "begin" : 3116,  "end" : 3118 }, 
        {"sofa" : 1,  "begin" : 3119,  "end" : 3121 }, 
        {"sofa" : 1,  "begin" : 3122,  "end" : 3129 }, 
        {"sofa" : 1,  "begin" : 3129,  "end" : 3130 }, 
        {"sofa" : 1,  "begin" : 3131,  "end" : 3134 }, 
        {"sofa" : 1,  "begin" : 3135,  "end" : 3144 }, 
        {"sofa" : 1,  "begin" : 3145,  "end" : 3147 }, 
        {"sofa" : 1,  "begin" : 3148,  "end" : 3152 }, 
        {"sofa" : 1,  "begin" : 3152,  "end" : 3153 }, 
        {"sofa" : 1,  "begin" : 3154,  "end" : 3156 }, 
        {"sofa" : 1,  "begin" : 3157,  "end" : 3162 }, 
        {"sofa" : 1,  "begin" : 3163,  "end" : 3164 }, 
        {"sofa" : 1,  "begin" : 3165,  "end" : 3175 }, 
        {"sofa" : 1,  "begin" : 3176,  "end" : 3178 }, 
        {"sofa" : 1,  "begin" : 3179,  "end" : 3185 }, 
        {"sofa" : 1,  "begin" : 3186,  "end" : 3193 }, 
        {"sofa" : 1,  "begin" : 3194,  "end" : 3197 }, 
        {"sofa" : 1,  "begin" : 3198,  "end" : 3202 }, 
        {"sofa" : 1,  "begin" : 3203,  "end" : 3206 }, 
        {"sofa" : 1,  "begin" : 3207,  "end" : 3211 }, 
        {"sofa" : 1,  "begin" : 3212,  "end" : 3221 }, 
        {"sofa" : 1,  "begin" : 3221,  "end" : 3222 }, 
        {"sofa" : 1,  "begin" : 3223,  "end" : 3226 }, 
        {"sofa" : 1,  "begin" : 3227,  "end" : 3231 }, 
        {"sofa" : 1,  "begin" : 3232,  "end" : 3234 }, 
        {"sofa" : 1,  "begin" : 3235,  "end" : 3245 }, 
        {"sofa" : 1,  "begin" : 3246,  "end" : 3248 }, 
        {"sofa" : 1,  "begin" : 3249,  "end" : 3250 }, 
        {"sofa" : 1,  "begin" : 3251,  "end" : 3256 }, 
        {"sofa" : 1,  "begin" : 3256,  "end" : 3257 }, 
        {"sofa" : 1,  "begin" : 3258,  "end" : 3266 }, 
        {"sofa" : 1,  "begin" : 3266,  "end" : 3267 }, 
        {"sofa" : 1,  "begin" : 3268,  "end" : 3270 }, 
        {"sofa" : 1,  "begin" : 3271,  "end" : 3281 }, 
        {"sofa" : 1,  "begin" : 3281,  "end" : 3282 }, 
        {"sofa" : 1,  "begin" : 3283,  "end" : 3285 }, 
        {"sofa" : 1,  "begin" : 3286,  "end" : 3289 }, 
        {"sofa" : 1,  "begin" : 3290,  "end" : 3299 }, 
        {"sofa" : 1,  "begin" : 3299,  "end" : 3300 }, 
        {"sofa" : 1,  "begin" : 3301,  "end" : 3304 }, 
        {"sofa" : 1,  "begin" : 3305,  "end" : 3314 }, 
        {"sofa" : 1,  "begin" : 3315,  "end" : 3317 }, 
        {"sofa" : 1,  "begin" : 3318,  "end" : 3320 }, 
        {"sofa" : 1,  "begin" : 3321,  "end" : 3327 }, 
        {"sofa" : 1,  "begin" : 3328,  "end" : 3330 }, 
        {"sofa" : 1,  "begin" : 3331,  "end" : 3341 }, 
        {"sofa" : 1,  "begin" : 3342,  "end" : 3344 }, 
        {"sofa" : 1,  "begin" : 3345,  "end" : 3348 }, 
        {"sofa" : 1,  "begin" : 3349,  "end" : 3357 }, 
        {"sofa" : 1,  "begin" : 3358,  "end" : 3360 }, 
        {"sofa" : 1,  "begin" : 3361,  "end" : 3364 }, 
        {"sofa" : 1,  "begin" : 3365,  "end" : 3369 }, 
        {"sofa" : 1,  "begin" : 3369,  "end" : 3370 }, 
        {"sofa" : 1,  "begin" : 3371,  "end" : 3375 }, 
        {"sofa" : 1,  "begin" : 3376,  "end" : 3379 }, 
        {"sofa" : 1,  "begin" : 3380,  "end" : 3390 }, 
        {"sofa" : 1,  "begin" : 3391,  "end" : 3393 }, 
        {"sofa" : 1,  "begin" : 3394,  "end" : 3397 }, 
        {"sofa" : 1,  "begin" : 3398,  "end" : 3402 }, 
        {"sofa" : 1,  "begin" : 3402,  "end" : 3403 }, 
        {"sofa" : 1,  "begin" : 3404,  "end" : 3407 }, 
        {"sofa" : 1,  "begin" : 3408,  "end" : 3418 }, 
        {"sofa" : 1,  "begin" : 3419,  "end" : 3424 }, 
        {"sofa" : 1,  "begin" : 3425,  "end" : 3434 }, 
        {"sofa" : 1,  "begin" : 3435,  "end" : 3437 }, 
        {"sofa" : 1,  "begin" : 3438,  "end" : 3441 }, 
        {"sofa" : 1,  "begin" : 3442,  "end" : 3453 }, 
        {"sofa" : 1,  "begin" : 3453,  "end" : 3454 }, 
        {"sofa" : 1,  "begin" : 3456,  "end" : 3459 }, 
        {"sofa" : 1,  "begin" : 3460,  "end" : 3464 }, 
        {"sofa" : 1,  "begin" : 3465,  "end" : 3467 }, 
        {"sofa" : 1,  "begin" : 3468,  "end" : 3476 }, 
        {"sofa" : 1,  "begin" : 3477,  "end" : 3480 }, 
        {"sofa" : 1,  "begin" : 3481,  "end" : 3487 }, 
        {"sofa" : 1,  "begin" : 3487,  "end" : 3488 }, 
        {"sofa" : 1,  "begin" : 3489,  "end" : 3493 }, 
        {"sofa" : 1,  "begin" : 3494,  "end" : 3502 }, 
        {"sofa" : 1,  "begin" : 3503,  "end" : 3506 }, 
        {"sofa" : 1,  "begin" : 3507,  "end" : 3516 }, 
        {"sofa" : 1,  "begin" : 3517,  "end" : 3520 }, 
        {"sofa" : 1,  "begin" : 3521,  "end" : 3525 }, 
        {"sofa" : 1,  "begin" : 3526,  "end" : 3530 }, 
        {"sofa" : 1,  "begin" : 3531,  "end" : 3538 }, 
        {"sofa" : 1,  "begin" : 3539,  "end" : 3546 }, 
        {"sofa" : 1,  "begin" : 3547,  "end" : 3549 }, 
        {"sofa" : 1,  "begin" : 3550,  "end" : 3553 }, 
        {"sofa" : 1,  "begin" : 3554,  "end" : 3558 }, 
        {"sofa" : 1,  "begin" : 3559,  "end" : 3562 }, 
        {"sofa" : 1,  "begin" : 3563,  "end" : 3570 }, 
        {"sofa" : 1,  "begin" : 3570,  "end" : 3571 }, 
        {"sofa" : 1,  "begin" : 3572,  "end" : 3574 }, 
        {"sofa" : 1,  "begin" : 3575,  "end" : 3577 }, 
        {"sofa" : 1,  "begin" : 3578,  "end" : 3581 }, 
        {"sofa" : 1,  "begin" : 3582,  "end" : 3586 }, 
        {"sofa" : 1,  "begin" : 3587,  "end" : 3590 }, 
        {"sofa" : 1,  "begin" : 3591,  "end" : 3596 }, 
        {"sofa" : 1,  "begin" : 3596,  "end" : 3597 }, 
        {"sofa" : 1,  "begin" : 3598,  "end" : 3601 }, 
        {"sofa" : 1,  "begin" : 3602,  "end" : 3609 }, 
        {"sofa" : 1,  "begin" : 3610,  "end" : 3612 }, 
        {"sofa" : 1,  "begin" : 3613,  "end" : 3618 }, 
        {"sofa" : 1,  "begin" : 3619,  "end" : 3630 }, 
        {"sofa" : 1,  "begin" : 3631,  "end" : 3638 }, 
        {"sofa" : 1,  "begin" : 3639,  "end" : 3641 }, 
        {"sofa" : 1,  "begin" : 3642,  "end" : 3652 }, 
        {"sofa" : 1,  "begin" : 3653,  "end" : 3657 }, 
        {"sofa" : 1,  "begin" : 3658,  "end" : 3661 }, 
        {"sofa" : 1,  "begin" : 3662,  "end" : 3673 }, 
        {"sofa" : 1,  "begin" : 3673,  "end" : 3674 }, 
        {"sofa" : 1,  "begin" : 3675,  "end" : 3677 }, 
        {"sofa" : 1,  "begin" : 3678,  "end" : 3681 }, 
        {"sofa" : 1,  "begin" : 3682,  "end" : 3692 }, 
        {"sofa" : 1,  "begin" : 3693,  "end" : 3697 }, 
        {"sofa" : 1,  "begin" : 3698,  "end" : 3701 }, 
        {"sofa" : 1,  "begin" : 3702,  "end" : 3706 }, 
        {"sofa" : 1,  "begin" : 3707,  "end" : 3710 }, 
        {"sofa" : 1,  "begin" : 3711,  "end" : 3722 }, 
        {"sofa" : 1,  "begin" : 3722,  "end" : 3723 }, 
        {"sofa" : 1,  "begin" : 3724,  "end" : 3727 }, 
        {"sofa" : 1,  "begin" : 3728,  "end" : 3734 }, 
        {"sofa" : 1,  "begin" : 3735,  "end" : 3737 }, 
        {"sofa" : 1,  "begin" : 3738,  "end" : 3742 }, 
        {"sofa" : 1,  "begin" : 3743,  "end" : 3748 }, 
        {"sofa" : 1,  "begin" : 3749,  "end" : 3751 }, 
        {"sofa" : 1,  "begin" : 3752,  "end" : 3754 }, 
        {"sofa" : 1,  "begin" : 3754,  "end" : 3755 }, 
        {"sofa" : 1,  "begin" : 3756,  "end" : 3760 }, 
        {"sofa" : 1,  "begin" : 3761,  "end" : 3764 }, 
        {"sofa" : 1,  "begin" : 3765,  "end" : 3775 }, 
        {"sofa" : 1,  "begin" : 3776,  "end" : 3780 }, 
        {"sofa" : 1,  "begin" : 3781,  "end" : 3784 }, 
        {"sofa" : 1,  "begin" : 3785,  "end" : 3789 }, 
        {"sofa" : 1,  "begin" : 3790,  "end" : 3792 }, 
        {"sofa" : 1,  "begin" : 3793,  "end" : 3797 }, 
        {"sofa" : 1,  "begin" : 3798,  "end" : 3805 }, 
        {"sofa" : 1,  "begin" : 3805,  "end" : 3806 }, 
        {"sofa" : 1,  "begin" : 3807,  "end" : 3810 }, 
        {"sofa" : 1,  "begin" : 3811,  "end" : 3813 }, 
        {"sofa" : 1,  "begin" : 3814,  "end" : 3817 }, 
        {"sofa" : 1,  "begin" : 3818,  "end" : 3832 }, 
        {"sofa" : 1,  "begin" : 3833,  "end" : 3835 }, 
        {"sofa" : 1,  "begin" : 3836,  "end" : 3840 }, 
        {"sofa" : 1,  "begin" : 3841,  "end" : 3846 }, 
        {"sofa" : 1,  "begin" : 3847,  "end" : 3853 }, 
        {"sofa" : 1,  "begin" : 3853,  "end" : 3854 }, 
        {"sofa" : 1,  "begin" : 3855,  "end" : 3857 }, 
        {"sofa" : 1,  "begin" : 3858,  "end" : 3862 }, 
        {"sofa" : 1,  "begin" : 3863,  "end" : 3867 }, 
        {"sofa" : 1,  "begin" : 3868,  "end" : 3874 }, 
        {"sofa" : 1,  "begin" : 3874,  "end" : 3875 }, 
        {"sofa" : 1,  "begin" : 3876,  "end" : 3882 }, 
        {"sofa" : 1,  "begin" : 3882,  "end" : 3883 }, 
        {"sofa" : 1,  "begin" : 3884,  "end" : 3887 }, 
        {"sofa" : 1,  "begin" : 3888,  "end" : 3893 }, 
        {"sofa" : 1,  "begin" : 3894,  "end" : 3899 }, 
        {"sofa" : 1,  "begin" : 3900,  "end" : 3902 }, 
        {"sofa" : 1,  "begin" : 3903,  "end" : 3913 }, 
        {"sofa" : 1,  "begin" : 3913,  "end" : 3914 }, 
        {"sofa" : 1,  "begin" : 3915,  "end" : 3918 }, 
        {"sofa" : 1,  "begin" : 3919,  "end" : 3927 }, 
        {"sofa" : 1,  "begin" : 3928,  "end" : 3930 }, 
        {"sofa" : 1,  "begin" : 3931,  "end" : 3935 }, 
        {"sofa" : 1,  "begin" : 3936,  "end" : 3938 }, 
        {"sofa" : 1,  "begin" : 3939,  "end" : 3942 }, 
        {"sofa" : 1,  "begin" : 3943,  "end" : 3948 }, 
        {"sofa" : 1,  "begin" : 3948,  "end" : 3949 }, 
        {"sofa" : 1,  "begin" : 3950,  "end" : 3952 }, 
        {"sofa" : 1,  "begin" : 3953,  "end" : 3961 }, 
        {"sofa" : 1,  "begin" : 3962,  "end" : 3969 }, 
        {"sofa" : 1,  "begin" : 3969,  "end" : 3970 }, 
        {"sofa" : 1,  "begin" : 3971,  "end" : 3974 }, 
        {"sofa" : 1,  "begin" : 3975,  "end" : 3979 }, 
        {"sofa" : 1,  "begin" : 3980,  "end" : 3983 }, 
        {"sofa" : 1,  "begin" : 3984,  "end" : 3995 }, 
        {"sofa" : 1,  "begin" : 3996,  "end" : 3998 }, 
        {"sofa" : 1,  "begin" : 3999,  "end" : 4003 }, 
        {"sofa" : 1,  "begin" : 4004,  "end" : 4009 }, 
        {"sofa" : 1,  "begin" : 4010,  "end" : 4016 }, 
        {"sofa" : 1,  "begin" : 4016,  "end" : 4017 }, 
        {"sofa" : 1,  "begin" : 4018,  "end" : 4021 }, 
        {"sofa" : 1,  "begin" : 4022,  "end" : 4025 }, 
        {"sofa" : 1,  "begin" : 4026,  "end" : 4036 }, 
        {"sofa" : 1,  "begin" : 4037,  "end" : 4039 }, 
        {"sofa" : 1,  "begin" : 4040,  "end" : 4044 }, 
        {"sofa" : 1,  "begin" : 4045,  "end" : 4049 }, 
        {"sofa" : 1,  "begin" : 4050,  "end" : 4053 }, 
        {"sofa" : 1,  "begin" : 4054,  "end" : 4058 }, 
        {"sofa" : 1,  "begin" : 4059,  "end" : 4061 }, 
        {"sofa" : 1,  "begin" : 4062,  "end" : 4069 }, 
        {"sofa" : 1,  "begin" : 4069,  "end" : 4070 }, 
        {"sofa" : 1,  "begin" : 4071,  "end" : 4074 }, 
        {"sofa" : 1,  "begin" : 4075,  "end" : 4083 }, 
        {"sofa" : 1,  "begin" : 4083,  "end" : 4084 }, 
        {"sofa" : 1,  "begin" : 4085,  "end" : 4087 }, 
        {"sofa" : 1,  "begin" : 4088,  "end" : 4093 }, 
        {"sofa" : 1,  "begin" : 4094,  "end" : 4099 }, 
        {"sofa" : 1,  "begin" : 4100,  "end" : 4104 }, 
        {"sofa" : 1,  "begin" : 4105,  "end" : 4111 }, 
        {"sofa" : 1,  "begin" : 4112,  "end" : 4118 }, 
        {"sofa" : 1,  "begin" : 4119,  "end" : 4130 }, 
        {"sofa" : 1,  "begin" : 4131,  "end" : 4133 }, 
        {"sofa" : 1,  "begin" : 4134,  "end" : 4137 }, 
        {"sofa" : 1,  "begin" : 4138,  "end" : 4149 }, 
        {"sofa" : 1,  "begin" : 4149,  "end" : 4150 }, 
        {"sofa" : 1,  "begin" : 4151,  "end" : 4153 }, 
        {"sofa" : 1,  "begin" : 4154,  "end" : 4158 }, 
        {"sofa" : 1,  "begin" : 4159,  "end" : 4165 }, 
        {"sofa" : 1,  "begin" : 4166,  "end" : 4168 }, 
        {"sofa" : 1,  "begin" : 4169,  "end" : 4176 }, 
        {"sofa" : 1,  "begin" : 4177,  "end" : 4180 }, 
        {"sofa" : 1,  "begin" : 4181,  "end" : 4190 }, 
        {"sofa" : 1,  "begin" : 4190,  "end" : 4191 }, 
        {"sofa" : 1,  "begin" : 4192,  "end" : 4200 }, 
        {"sofa" : 1,  "begin" : 4201,  "end" : 4204 }, 
        {"sofa" : 1,  "begin" : 4205,  "end" : 4209 }, 
        {"sofa" : 1,  "begin" : 4209,  "end" : 4210 }, 
        {"sofa" : 1,  "begin" : 4212,  "end" : 4219 }, 
        {"sofa" : 1,  "begin" : 4220,  "end" : 4222 }, 
        {"sofa" : 1,  "begin" : 4223,  "end" : 4227 }, 
        {"sofa" : 1,  "begin" : 4228,  "end" : 4233 }, 
        {"sofa" : 1,  "begin" : 4234,  "end" : 4236 }, 
        {"sofa" : 1,  "begin" : 4237,  "end" : 4238 }, 
        {"sofa" : 1,  "begin" : 4239,  "end" : 4248 }, 
        {"sofa" : 1,  "begin" : 4249,  "end" : 4251 }, 
        {"sofa" : 1,  "begin" : 4252,  "end" : 4257 }, 
        {"sofa" : 1,  "begin" : 4258,  "end" : 4264 }, 
        {"sofa" : 1,  "begin" : 4264,  "end" : 4265 }, 
        {"sofa" : 1,  "begin" : 4266,  "end" : 4270 }, 
        {"sofa" : 1,  "begin" : 4271,  "end" : 4276 }, 
        {"sofa" : 1,  "begin" : 4277,  "end" : 4280 }, 
        {"sofa" : 1,  "begin" : 4281,  "end" : 4287 }, 
        {"sofa" : 1,  "begin" : 4288,  "end" : 4290 }, 
        {"sofa" : 1,  "begin" : 4291,  "end" : 4295 }, 
        {"sofa" : 1,  "begin" : 4295,  "end" : 4296 }, 
        {"sofa" : 1,  "begin" : 4297,  "end" : 4299 }, 
        {"sofa" : 1,  "begin" : 4300,  "end" : 4304 }, 
        {"sofa" : 1,  "begin" : 4305,  "end" : 4307 }, 
        {"sofa" : 1,  "begin" : 4308,  "end" : 4311 }, 
        {"sofa" : 1,  "begin" : 4312,  "end" : 4317 }, 
        {"sofa" : 1,  "begin" : 4318,  "end" : 4325 }, 
        {"sofa" : 1,  "begin" : 4326,  "end" : 4333 }, 
        {"sofa" : 1,  "begin" : 4334,  "end" : 4336 }, 
        {"sofa" : 1,  "begin" : 4337,  "end" : 4343 }, 
        {"sofa" : 1,  "begin" : 4343,  "end" : 4344 }, 
        {"sofa" : 1,  "begin" : 4345,  "end" : 4347 }, 
        {"sofa" : 1,  "begin" : 4348,  "end" : 4355 }, 
        {"sofa" : 1,  "begin" : 4357,  "end" : 4359 }, 
        {"sofa" : 1,  "begin" : 4360,  "end" : 4365 }, 
        {"sofa" : 1,  "begin" : 4366,  "end" : 4368 }, 
        {"sofa" : 1,  "begin" : 4369,  "end" : 4379 }, 
        {"sofa" : 1,  "begin" : 4380,  "end" : 4387 }, 
        {"sofa" : 1,  "begin" : 4388,  "end" : 4391 }, 
        {"sofa" : 1,  "begin" : 4392,  "end" : 4394 }, 
        {"sofa" : 1,  "begin" : 4395,  "end" : 4399 }, 
        {"sofa" : 1,  "begin" : 4400,  "end" : 4402 }, 
        {"sofa" : 1,  "begin" : 4403,  "end" : 4411 }, 
        {"sofa" : 1,  "begin" : 4412,  "end" : 4413 }, 
        {"sofa" : 1,  "begin" : 4414,  "end" : 4421 }, 
        {"sofa" : 1,  "begin" : 4422,  "end" : 4424 }, 
        {"sofa" : 1,  "begin" : 4425,  "end" : 4431 }, 
        {"sofa" : 1,  "begin" : 4432,  "end" : 4434 }, 
        {"sofa" : 1,  "begin" : 4435,  "end" : 4438 }, 
        {"sofa" : 1,  "begin" : 4439,  "end" : 4443 }, 
        {"sofa" : 1,  "begin" : 4444,  "end" : 4449 }, 
        {"sofa" : 1,  "begin" : 4450,  "end" : 4452 }, 
        {"sofa" : 1,  "begin" : 4453,  "end" : 4457 }, 
        {"sofa" : 1,  "begin" : 4458,  "end" : 4463 }, 
        {"sofa" : 1,  "begin" : 4463,  "end" : 4464 }, 
        {"sofa" : 1,  "begin" : 4465,  "end" : 4468 }, 
        {"sofa" : 1,  "begin" : 4469,  "end" : 4473 }, 
        {"sofa" : 1,  "begin" : 4474,  "end" : 4478 }, 
        {"sofa" : 1,  "begin" : 4479,  "end" : 4484 }, 
        {"sofa" : 1,  "begin" : 4485,  "end" : 4487 }, 
        {"sofa" : 1,  "begin" : 4487,  "end" : 4488 }, 
        {"sofa" : 1,  "begin" : 4489,  "end" : 4491 }, 
        {"sofa" : 1,  "begin" : 4492,  "end" : 4494 }, 
        {"sofa" : 1,  "begin" : 4495,  "end" : 4501 }, 
        {"sofa" : 1,  "begin" : 4502,  "end" : 4504 }, 
        {"sofa" : 1,  "begin" : 4505,  "end" : 4512 }, 
        {"sofa" : 1,  "begin" : 4512,  "end" : 4513 }, 
        {"sofa" : 1,  "begin" : 4514,  "end" : 4518 }, 
        {"sofa" : 1,  "begin" : 4519,  "end" : 4522 }, 
        {"sofa" : 1,  "begin" : 4523,  "end" : 4527 }, 
        {"sofa" : 1,  "begin" : 4528,  "end" : 4534 }, 
        {"sofa" : 1,  "begin" : 4535,  "end" : 4539 }, 
        {"sofa" : 1,  "begin" : 4540,  "end" : 4545 }, 
        {"sofa" : 1,  "begin" : 4546,  "end" : 4548 }, 
        {"sofa" : 1,  "begin" : 4549,  "end" : 4555 }, 
        {"sofa" : 1,  "begin" : 4556,  "end" : 4561 }, 
        {"sofa" : 1,  "begin" : 4562,  "end" : 4572 }, 
        {"sofa" : 1,  "begin" : 4572,  "end" : 4573 }, 
        {"sofa" : 1,  "begin" : 4574,  "end" : 4579 }, 
        {"sofa" : 1,  "begin" : 4580,  "end" : 4583 }, 
        {"sofa" : 1,  "begin" : 4584,  "end" : 4590 }, 
        {"sofa" : 1,  "begin" : 4591,  "end" : 4593 }, 
        {"sofa" : 1,  "begin" : 4594,  "end" : 4596 }, 
        {"sofa" : 1,  "begin" : 4597,  "end" : 4600 }, 
        {"sofa" : 1,  "begin" : 4601,  "end" : 4609 }, 
        {"sofa" : 1,  "begin" : 4610,  "end" : 4612 }, 
        {"sofa" : 1,  "begin" : 4613,  "end" : 4616 }, 
        {"sofa" : 1,  "begin" : 4617,  "end" : 4623 }, 
        {"sofa" : 1,  "begin" : 4623,  "end" : 4624 }, 
        {"sofa" : 1,  "begin" : 4625,  "end" : 4628 }, 
        {"sofa" : 1,  "begin" : 4629,  "end" : 4634 }, 
        {"sofa" : 1,  "begin" : 4635,  "end" : 4637 }, 
        {"sofa" : 1,  "begin" : 4638,  "end" : 4639 }, 
        {"sofa" : 1,  "begin" : 4640,  "end" : 4644 }, 
        {"sofa" : 1,  "begin" : 4645,  "end" : 4647 }, 
        {"sofa" : 1,  "begin" : 4648,  "end" : 4649 }, 
        {"sofa" : 1,  "begin" : 4650,  "end" : 4657 }, 
        {"sofa" : 1,  "begin" : 4658,  "end" : 4661 }, 
        {"sofa" : 1,  "begin" : 4662,  "end" : 4668 }, 
        {"sofa" : 1,  "begin" : 4669,  "end" : 4671 }, 
        {"sofa" : 1,  "begin" : 4672,  "end" : 4679 }, 
        {"sofa" : 1,  "begin" : 4680,  "end" : 4682 }, 
        {"sofa" : 1,  "begin" : 4683,  "end" : 4686 }, 
        {"sofa" : 1,  "begin" : 4687,  "end" : 4691 }, 
        {"sofa" : 1,  "begin" : 4691,  "end" : 4692 }, 
        {"sofa" : 1,  "begin" : 4693,  "end" : 4696 }, 
        {"sofa" : 1,  "begin" : 4697,  "end" : 4699 }, 
        {"sofa" : 1,  "begin" : 4700,  "end" : 4702 }, 
        {"sofa" : 1,  "begin" : 4703,  "end" : 4705 }, 
        {"sofa" : 1,  "begin" : 4706,  "end" : 4709 }, 
        {"sofa" : 1,  "begin" : 4710,  "end" : 4718 }, 
        {"sofa" : 1,  "begin" : 4718,  "end" : 4719 }, 
        {"sofa" : 1,  "begin" : 4720,  "end" : 4723 }, 
        {"sofa" : 1,  "begin" : 4724,  "end" : 4729 }, 
        {"sofa" : 1,  "begin" : 4730,  "end" : 4733 }, 
        {"sofa" : 1,  "begin" : 4734,  "end" : 4738 }, 
        {"sofa" : 1,  "begin" : 4738,  "end" : 4739 }, 
        {"sofa" : 1,  "begin" : 4740,  "end" : 4742 }, 
        {"sofa" : 1,  "begin" : 4743,  "end" : 4747 }, 
        {"sofa" : 1,  "begin" : 4748,  "end" : 4750 }, 
        {"sofa" : 1,  "begin" : 4751,  "end" : 4755 }, 
        {"sofa" : 1,  "begin" : 4756,  "end" : 4760 }, 
        {"sofa" : 1,  "begin" : 4761,  "end" : 4764 }, 
        {"sofa" : 1,  "begin" : 4765,  "end" : 4770 }, 
        {"sofa" : 1,  "begin" : 4771,  "end" : 4773 }, 
        {"sofa" : 1,  "begin" : 4774,  "end" : 4777 }, 
        {"sofa" : 1,  "begin" : 4778,  "end" : 4784 }, 
        {"sofa" : 1,  "begin" : 4785,  "end" : 4787 }, 
        {"sofa" : 1,  "begin" : 4787,  "end" : 4788 }, 
        {"sofa" : 1,  "begin" : 4789,  "end" : 4792 }, 
        {"sofa" : 1,  "begin" : 4793,  "end" : 4796 }, 
        {"sofa" : 1,  "begin" : 4797,  "end" : 4803 }, 
        {"sofa" : 1,  "begin" : 4804,  "end" : 4808 }, 
        {"sofa" : 1,  "begin" : 4809,  "end" : 4811 }, 
        {"sofa" : 1,  "begin" : 4812,  "end" : 4816 }, 
        {"sofa" : 1,  "begin" : 4817,  "end" : 4826 }, 
        {"sofa" : 1,  "begin" : 4826,  "end" : 4827 }, 
        {"sofa" : 1,  "begin" : 4828,  "end" : 4833 }, 
        {"sofa" : 1,  "begin" : 4834,  "end" : 4839 }, 
        {"sofa" : 1,  "begin" : 4840,  "end" : 4847 }, 
        {"sofa" : 1,  "begin" : 4847,  "end" : 4848 }, 
        {"sofa" : 1,  "begin" : 4849,  "end" : 4855 }, 
        {"sofa" : 1,  "begin" : 4856,  "end" : 4860 }, 
        {"sofa" : 1,  "begin" : 4861,  "end" : 4868 }, 
        {"sofa" : 1,  "begin" : 4869,  "end" : 4874 }, 
        {"sofa" : 1,  "begin" : 4875,  "end" : 4879 }, 
        {"sofa" : 1,  "begin" : 4880,  "end" : 4882 }, 
        {"sofa" : 1,  "begin" : 4882,  "end" : 4883 }, 
        {"sofa" : 1,  "begin" : 4884,  "end" : 4887 }, 
        {"sofa" : 1,  "begin" : 4888,  "end" : 4893 }, 
        {"sofa" : 1,  "begin" : 4894,  "end" : 4901 }, 
        {"sofa" : 1,  "begin" : 4901,  "end" : 4902 }, 
        {"sofa" : 1,  "begin" : 4903,  "end" : 4910 }, 
        {"sofa" : 1,  "begin" : 4911,  "end" : 4913 }, 
        {"sofa" : 1,  "begin" : 4913,  "end" : 4914 }, 
        {"sofa" : 1,  "begin" : 4915,  "end" : 4919 }, 
        {"sofa" : 1,  "begin" : 4919,  "end" : 4920 }, 
        {"sofa" : 1,  "begin" : 4921,  "end" : 4925 }, 
        {"sofa" : 1,  "begin" : 4926,  "end" : 4931 }, 
        {"sofa" : 1,  "begin" : 4931,  "end" : 4932 }, 
        {"sofa" : 1,  "begin" : 4933,  "end" : 4935 }, 
        {"sofa" : 1,  "begin" : 4936,  "end" : 4940 }, 
        {"sofa" : 1,  "begin" : 4941,  "end" : 4944 }, 
        {"sofa" : 1,  "begin" : 4945,  "end" : 4950 }, 
        {"sofa" : 1,  "begin" : 4951,  "end" : 4953 }, 
        {"sofa" : 1,  "begin" : 4954,  "end" : 4956 }, 
        {"sofa" : 1,  "begin" : 4956,  "end" : 4957 }, 
        {"sofa" : 1,  "begin" : 4958,  "end" : 4961 }, 
        {"sofa" : 1,  "begin" : 4962,  "end" : 4963 }, 
        {"sofa" : 1,  "begin" : 4964,  "end" : 4970 }, 
        {"sofa" : 1,  "begin" : 4971,  "end" : 4974 }, 
        {"sofa" : 1,  "begin" : 4975,  "end" : 4988 }, 
        {"sofa" : 1,  "begin" : 4989,  "end" : 4994 }, 
        {"sofa" : 1,  "begin" : 4994,  "end" : 4995 }, 
        {"sofa" : 1,  "begin" : 4996,  "end" : 4998 }, 
        {"sofa" : 1,  "begin" : 4999,  "end" : 5001 }, 
        {"sofa" : 1,  "begin" : 5002,  "end" : 5005 }, 
        {"sofa" : 1,  "begin" : 5006,  "end" : 5013 }, 
        {"sofa" : 1,  "begin" : 5014,  "end" : 5018 }, 
        {"sofa" : 1,  "begin" : 5019,  "end" : 5025 }, 
        {"sofa" : 1,  "begin" : 5026,  "end" : 5034 }, 
        {"sofa" : 1,  "begin" : 5035,  "end" : 5037 }, 
        {"sofa" : 1,  "begin" : 5038,  "end" : 5046 }, 
        {"sofa" : 1,  "begin" : 5047,  "end" : 5049 }, 
        {"sofa" : 1,  "begin" : 5050,  "end" : 5054 }, 
        {"sofa" : 1,  "begin" : 5055,  "end" : 5060 }, 
        {"sofa" : 1,  "begin" : 5060,  "end" : 5061 }, 
        {"sofa" : 1,  "begin" : 5062,  "end" : 5065 }, 
        {"sofa" : 1,  "begin" : 5066,  "end" : 5068 }, 
        {"sofa" : 1,  "begin" : 5069,  "end" : 5070 }, 
        {"sofa" : 1,  "begin" : 5071,  "end" : 5078 }, 
        {"sofa" : 1,  "begin" : 5079,  "end" : 5084 }, 
        {"sofa" : 1,  "begin" : 5084,  "end" : 5085 }, 
        {"sofa" : 1,  "begin" : 5086,  "end" : 5089 }, 
        {"sofa" : 1,  "begin" : 5090,  "end" : 5093 }, 
        {"sofa" : 1,  "begin" : 5094,  "end" : 5098 }, 
        {"sofa" : 1,  "begin" : 5099,  "end" : 5101 }, 
        {"sofa" : 1,  "begin" : 5102,  "end" : 5111 }, 
        {"sofa" : 1,  "begin" : 5111,  "end" : 5112 }, 
        {"sofa" : 1,  "begin" : 5113,  "end" : 5115 }, 
        {"sofa" : 1,  "begin" : 5116,  "end" : 5121 }, 
        {"sofa" : 1,  "begin" : 5122,  "end" : 5124 }, 
        {"sofa" : 1,  "begin" : 5125,  "end" : 5126 }, 
        {"sofa" : 1,  "begin" : 5127,  "end" : 5135 }, 
        {"sofa" : 1,  "begin" : 5136,  "end" : 5147 }, 
        {"sofa" : 1,  "begin" : 5148,  "end" : 5155 }, 
        {"sofa" : 1,  "begin" : 5156,  "end" : 5160 }, 
        {"sofa" : 1,  "begin" : 5160,  "end" : 5161 }, 
        {"sofa" : 1,  "begin" : 5162,  "end" : 5165 }, 
        {"sofa" : 1,  "begin" : 5166,  "end" : 5170 }, 
        {"sofa" : 1,  "begin" : 5171,  "end" : 5177 }, 
        {"sofa" : 1,  "begin" : 5178,  "end" : 5181 }, 
        {"sofa" : 1,  "begin" : 5182,  "end" : 5184 }, 
        {"sofa" : 1,  "begin" : 5185,  "end" : 5192 }, 
        {"sofa" : 1,  "begin" : 5193,  "end" : 5200 }, 
        {"sofa" : 1,  "begin" : 5201,  "end" : 5205 }, 
        {"sofa" : 1,  "begin" : 5206,  "end" : 5209 }, 
        {"sofa" : 1,  "begin" : 5210,  "end" : 5214 }, 
        {"sofa" : 1,  "begin" : 5215,  "end" : 5217 }, 
        {"sofa" : 1,  "begin" : 5218,  "end" : 5224 }, 
        {"sofa" : 1,  "begin" : 5224,  "end" : 5225 }, 
        {"sofa" : 1,  "begin" : 5226,  "end" : 5232 }, 
        {"sofa" : 1,  "begin" : 5233,  "end" : 5238 }, 
        {"sofa" : 1,  "begin" : 5239,  "end" : 5242 }, 
        {"sofa" : 1,  "begin" : 5243,  "end" : 5248 }, 
        {"sofa" : 1,  "begin" : 5249,  "end" : 5253 }, 
        {"sofa" : 1,  "begin" : 5254,  "end" : 5264 }, 
        {"sofa" : 1,  "begin" : 5265,  "end" : 5274 }, 
        {"sofa" : 1,  "begin" : 5275,  "end" : 5279 }, 
        {"sofa" : 1,  "begin" : 5280,  "end" : 5283 }, 
        {"sofa" : 1,  "begin" : 5284,  "end" : 5288 }, 
        {"sofa" : 1,  "begin" : 5288,  "end" : 5289 }, 
        {"sofa" : 1,  "begin" : 5290,  "end" : 5293 }, 
        {"sofa" : 1,  "begin" : 5294,  "end" : 5298 }, 
        {"sofa" : 1,  "begin" : 5299,  "end" : 5301 }, 
        {"sofa" : 1,  "begin" : 5302,  "end" : 5304 }, 
        {"sofa" : 1,  "begin" : 5305,  "end" : 5309 }, 
        {"sofa" : 1,  "begin" : 5309,  "end" : 5310 }, 
        {"sofa" : 1,  "begin" : 5311,  "end" : 5318 }, 
        {"sofa" : 1,  "begin" : 5319,  "end" : 5328 }, 
        {"sofa" : 1,  "begin" : 5329,  "end" : 5336 }, 
        {"sofa" : 1,  "begin" : 5337,  "end" : 5341 }, 
        {"sofa" : 1,  "begin" : 5342,  "end" : 5353 }, 
        {"sofa" : 1,  "begin" : 5354,  "end" : 5356 }, 
        {"sofa" : 1,  "begin" : 5357,  "end" : 5362 }, 
        {"sofa" : 1,  "begin" : 5363,  "end" : 5365 }, 
        {"sofa" : 1,  "begin" : 5366,  "end" : 5367 }, 
        {"sofa" : 1,  "begin" : 5368,  "end" : 5372 }, 
        {"sofa" : 1,  "begin" : 5373,  "end" : 5383 }, 
        {"sofa" : 1,  "begin" : 5384,  "end" : 5386 }, 
        {"sofa" : 1,  "begin" : 5387,  "end" : 5390 }, 
        {"sofa" : 1,  "begin" : 5390,  "end" : 5391 }, 
        {"sofa" : 1,  "begin" : 5392,  "end" : 5396 }, 
        {"sofa" : 1,  "begin" : 5397,  "end" : 5402 }, 
        {"sofa" : 1,  "begin" : 5403,  "end" : 5404 }, 
        {"sofa" : 1,  "begin" : 5405,  "end" : 5418 }, 
        {"sofa" : 1,  "begin" : 5419,  "end" : 5426 }, 
        {"sofa" : 1,  "begin" : 5426,  "end" : 5427 }, 
        {"sofa" : 1,  "begin" : 5428,  "end" : 5433 }, 
        {"sofa" : 1,  "begin" : 5434,  "end" : 5438 }, 
        {"sofa" : 1,  "begin" : 5439,  "end" : 5442 }, 
        {"sofa" : 1,  "begin" : 5443,  "end" : 5450 }, 
        {"sofa" : 1,  "begin" : 5451,  "end" : 5456 }, 
        {"sofa" : 1,  "begin" : 5457,  "end" : 5461 }, 
        {"sofa" : 1,  "begin" : 5461,  "end" : 5462 } ] } }, 
  "_referenced_fss" : {
    "1" : {"_type" : "Sofa",  "sofaNum" : 1,  "sofaID" : "_InitialView",  "mimeType" : "text",  "sofaString" : " VIII THERE IS A QUALITY OR VIRTUE IN BODIES, WHICH WE CALL THEIR SMELL.\nHOW THIS IS CONNECTED IN THE IMAGINATION WITH THE SENSATION\n\nWe have considered smell as signifying a sensation, feeling, or impression upon the mind, and in this sense, it can only be in a mind, or sentient being: but it is evident, that mankind give the name of smell much more frequently to something which they conceive to be external, and to be a quality of body; they understand something by it which does not at all infer a mind, and have not the least difficulty in conceiving the air perfumed with aromatic odours in the deserts of Arabia, or in some uninhabited island where the human foot never trod.\nEvery sensible day-labourer hath as clear a notion of this, and as full a conviction of the possibility of it, as he hath of his own existence; and can no more doubt of the one than of the other.\n\nSuppose that such a man meets with a modern philosopher, and wants to be informed, what smell in plants is.\nThe philosopher tells him, that there is no smell in plants, nor in any thing but in the mind: that it is impossible there can be smell but in a mind; and that all this hath been demonstrated by modern philosophy.\nThe plain man will, no doubt, be apt to think him merry: but if he finds that he is serious, his next conclusion will be, that he is mad; or that philosophy, like magic, puts men into a new world, and gives them different faculties from common men.\nAnd thus philosophy and common sense are set at variance.\nBut who is to blame for it? In my opinion the philosopher is to blame.\nFor if he means by smell what the rest of mankind most commonly mean, he is certainly mad.\nBut if he puts a different meaning upon the word, without observing it himself, or giving warning to others, he abuses language, and disgraces philosophy, without doing any service to truth: as if a man should exchange the meaning of the words daughter and cow, and then endeavour to prove to his plain neighbour, that his cow is his daughter, and his daughter his cow.\n\nI believe there is not much more wisdom in many of those paradoxes of the ideal philosophy, which to plain sensible men appear to be palpable absurdities, but with the adepts pass for profound discoveries.\nI resolve, for my own part, always to pay a great regard to the dictates of common sense, and not to depart from them without absolute necessity; and therefore I am apt to think, that there is really something in the rose or lily, which is by the vulgar called smell, and which continues to exist when it is not smelled: and shall proceed to inquire what this is; how we come by the notion of it; and what relation this quality or virtue of smell hath to the sensation, which we have been obliged to call by the same name, for want of another.\n\nLet us therefore suppose, as before, a person to exercise the sense of smelling: a little experience will discover to him, that the nose is the organ of this sense, and that the air, or something in the air, is a medium of it.\nAnd finding by further experience, that when a rose is near, he has a certain sensation; when it is removed, the sensation is gone; he finds a connection in nature betwixt the rose and this sensation.\nThe rose is considered as a cause, occasion, or antecedent, of the sensation; the sensation as an effect or consequent of the presence of the rose: they are associated in the mind, and constantly found conjoined in the imagination.\n\nBut here it deserves our notice, that although the sensation may seem more closely related to the mind its subject, or to the nose its organ; yet neither of these connections operate so powerfully upon the imagination, as its connection with the rose its concomitant.\nThe reason of this seems to be, that its connection with the mind is more general, and no way distinguisheth it from other smells, or even from tastes, sounds, and other kinds of sensations.\nThe relation it hath to the organ, is likewise general, and doth not distinguish it from other smells; but the connection it hath with the rose is special, and constant: by which means they become almost inseparable in the imagination; in like manner as thunder and lightning, freezing and cold.\n\nSECTION IX THAT THERE IS A PRINCIPLE IN HUMAN NATURE, FROM WHICH THE NOTION OF THIS, AS WELL AS ALL OTHER NATURAL VIRTUES OR CAUSES, IS DERIVED\n\nIn order to illustrate further how we come to conceive a quality or virtue in the rose which we call smell, and what this smell is, it is proper to observe, that the mind begins very early to thirst after principles, which may direct it in the exertion of its powers.\nThe smell of a rose is a certain aff ection or feeling of the mind; and as it is not constant, but comes and goes, we want to know when and where we may expect it, and are uneasy till we find something, which being present, brings this feeling along with it, and being removed, removes it.\nThis, when found, we call the cause of it; not a strict and philosophical sense, as if the feeling were really effected or produced by that cause, but in a popular sense: for the mind is satisfied, if there is a constant conjunction between them; and such causes are in reality nothing else but laws of nature.\nHaving found the smell thus constantly conjoined with the rose, the mind is at rest, without inquiring whether this conjunction is owing to a real efficiency or not; that being a philosophical inquiry, which does not concern human life. " }, 
    "14920" : {"_type" : "Span",  "sofa" : 1,  "begin" : 60,  "end" : 65,  "label" : "Smell_Source" }, 
    "14925" : {"_type" : "Span",  "sofa" : 1,  "begin" : 38,  "end" : 44,  "label" : "Smell_Source" }, 
    "14915" : {"_type" : "Span",  "sofa" : 1,  "begin" : 66,  "end" : 71,  "label" : "Smell_Word" }, 
    "14944" : {"_type" : "Span",  "sofa" : 1,  "begin" : 153,  "end" : 158,  "label" : "Smell_Word" }, 
    "14949" : {"_type" : "Span",  "sofa" : 1,  "begin" : 134,  "end" : 136,  "label" : "Perceiver" }, 
    "14961" : {"_type" : "Span",  "sofa" : 1,  "begin" : 337,  "end" : 342,  "label" : "Smell_Word" }, 
    "14966" : {"_type" : "Span",  "sofa" : 1,  "begin" : 312,  "end" : 319,  "label" : "Perceiver" }, 
    "14978" : {"_type" : "Span",  "sofa" : 1,  "begin" : 566,  "end" : 574,  "label" : "Smell_Word" }, 
    "14983" : {"_type" : "Span",  "sofa" : 1,  "begin" : 562,  "end" : 565,  "label" : "Odour_Carrier" }, 
    "15012" : {"_type" : "Span",  "sofa" : 1,  "begin" : 580,  "end" : 595,  "label" : "Smell_Source" }, 
    "15024" : {"_type" : "Span",  "sofa" : 1,  "begin" : 596,  "end" : 620,  "label" : "Location" }, 
    "15036" : {"_type" : "Span",  "sofa" : 1,  "begin" : 625,  "end" : 683,  "label" : "Location" }, 
    "15000" : {"_type" : "Span",  "sofa" : 1,  "begin" : 589,  "end" : 595,  "label" : "Smell_Word" }, 
    "14995" : {"_type" : "Span",  "sofa" : 1,  "begin" : 580,  "end" : 588,  "label" : "Quality" }, 
    "15048" : {"_type" : "Span",  "sofa" : 1,  "begin" : 970,  "end" : 975,  "label" : "Smell_Word" }, 
    "15058" : {"_type" : "Span",  "sofa" : 1,  "begin" : 976,  "end" : 985,  "label" : "Odour_Carrier" }, 
    "15070" : {"_type" : "Span",  "sofa" : 1,  "begin" : 900,  "end" : 905,  "label" : "Perceiver" }, 
    "15082" : {"_type" : "Span",  "sofa" : 1,  "begin" : 1034,  "end" : 1039,  "label" : "Smell_Word" }, 
    "15092" : {"_type" : "Span",  "sofa" : 1,  "begin" : 1040,  "end" : 1049,  "label" : "Odour_Carrier" }, 
    "15104" : {"_type" : "Span",  "sofa" : 1,  "begin" : 1072,  "end" : 1083,  "label" : "Location" }, 
    "15116" : {"_type" : "Span",  "sofa" : 1,  "begin" : 990,  "end" : 1005,  "label" : "Perceiver" }, 
    "15143" : {"_type" : "Span",  "sofa" : 1,  "begin" : 1589,  "end" : 1591,  "label" : "Perceiver" }, 
    "15155" : {"_type" : "Span",  "sofa" : 1,  "begin" : 1553,  "end" : 1568,  "label" : "Perceiver" }, 
    "15133" : {"_type" : "Span",  "sofa" : 1,  "begin" : 1601,  "end" : 1606,  "label" : "Smell_Word" }, 
    "15167" : {"_type" : "Span",  "sofa" : 1,  "begin" : 2511,  "end" : 2516,  "label" : "Smell_Word" }, 
    "15172" : {"_type" : "Span",  "sofa" : 1,  "begin" : 2467,  "end" : 2471,  "label" : "Smell_Source" }, 
    "15177" : {"_type" : "Span",  "sofa" : 1,  "begin" : 2475,  "end" : 2479,  "label" : "Smell_Source" }, 
    "15196" : {"_type" : "Span",  "sofa" : 1,  "begin" : 2493,  "end" : 2503,  "label" : "Perceiver" }, 
    "15218" : {"_type" : "Span",  "sofa" : 1,  "begin" : 2691,  "end" : 2696,  "label" : "Smell_Word" }, 
    "15223" : {"_type" : "Span",  "sofa" : 1,  "begin" : 2726,  "end" : 2728,  "label" : "Perceiver" }, 
    "15240" : {"_type" : "Span",  "sofa" : 1,  "begin" : 2866,  "end" : 2874,  "label" : "Smell_Word" }, 
    "15235" : {"_type" : "Span",  "sofa" : 1,  "begin" : 2832,  "end" : 2840,  "label" : "Perceiver" }, 
    "15269" : {"_type" : "Span",  "sofa" : 1,  "begin" : 3833,  "end" : 3835,  "label" : "Smell_Source" }, 
    "15274" : {"_type" : "Span",  "sofa" : 1,  "begin" : 3702,  "end" : 3706,  "label" : "Smell_Source" }, 
    "15252" : {"_type" : "Span",  "sofa" : 1,  "begin" : 3847,  "end" : 3853,  "label" : "Smell_Word" }, 
    "15257" : {"_type" : "Span",  "sofa" : 1,  "begin" : 3841,  "end" : 3846,  "label" : "Quality" }, 
    "15298" : {"_type" : "Span",  "sofa" : 1,  "begin" : 3996,  "end" : 3998,  "label" : "Smell_Source" }, 
    "15293" : {"_type" : "Span",  "sofa" : 1,  "begin" : 4010,  "end" : 4016,  "label" : "Smell_Word" }, 
    "15310" : {"_type" : "Span",  "sofa" : 1,  "begin" : 4004,  "end" : 4009,  "label" : "Quality" }, 
    "15322" : {"_type" : "Span",  "sofa" : 1,  "begin" : 4458,  "end" : 4463,  "label" : "Smell_Word" }, 
    "15327" : {"_type" : "Span",  "sofa" : 1,  "begin" : 4439,  "end" : 4443,  "label" : "Smell_Source" }, 
    "15344" : {"_type" : "Span",  "sofa" : 1,  "begin" : 4629,  "end" : 4634,  "label" : "Smell_Word" }, 
    "15349" : {"_type" : "Span",  "sofa" : 1,  "begin" : 4635,  "end" : 4644,  "label" : "Smell_Source" }, 
    "15366" : {"_type" : "Span",  "sofa" : 1,  "begin" : 5243,  "end" : 5248,  "label" : "Smell_Word" }, 
    "15371" : {"_type" : "Span",  "sofa" : 1,  "begin" : 5284,  "end" : 5288,  "label" : "Smell_Source" } } }