#FORMAT=WebAnno TSV 3.3


#Text=Exspectavimus lucem, et ecce tenebræ ; splendorem, et in tenebris ambulavimus.
#Text=10 Palpavimus sicut cæci parietem, et quasi absque oculis attrectavimus : impegimus meridie quasi in tenebris ; in caliginosis quasi mortui.
#Text=11 Rugiemus quasi ursi omnes, et quasi columbæ meditantes gememus : exspectavimus judicium, et non est ; salutem, et elongata est a nobis.
#Text=12 Multiplicatæ sunt enim iniquitates nostræ coram te, et peccata nostra responderunt nobis, quia scelera nostra nobiscum et iniquitates nostras cognovimus.
#Text=13 Peccare et mentiri contra Dominum, et aversi sumus ne iremus post tergum Dei nostri, ut loqueremur calumniam et transgressionem ; concepimus et locuti sumus de corde verba mendacii.
#Text=14 Et conversum est retrorsum judicium, et justitia longe stetit, quia corruit in platea veritas, et æquitas non potuit ingredi.
#Text=15 Et facta est veritas in oblivionem, et qui recessit a malo, prædæ patuit.
1-1	2-15	Exspectavimus	
1-2	16-21	lucem	
1-3	21-22	,	
1-4	23-25	et	
1-5	26-30	ecce	
1-6	31-38	tenebræ	
1-7	39-40	;	
1-8	41-51	splendorem	
1-9	51-52	,	
1-10	53-55	et	
1-11	56-58	in	
1-12	59-67	tenebris	
1-13	68-79	ambulavimus	
1-14	79-80	.	
1-15	81-83	10	
1-16	84-94	Palpavimus	
1-17	95-100	sicut	
1-18	101-105	cæci	
1-19	106-114	parietem	
1-20	114-115	,	
1-21	116-118	et	
1-22	119-124	quasi	
1-23	125-131	absque	
1-24	132-138	oculis	
1-25	139-152	attrectavimus	
1-26	153-154	:	
1-27	155-164	impegimus	
1-28	165-172	meridie	
1-29	173-178	quasi	
1-30	179-181	in	
1-31	182-190	tenebris	
1-32	191-192	;	
1-33	193-195	in	
1-34	196-207	caliginosis	
1-35	208-213	quasi	
1-36	214-220	mortui	
1-37	220-221	.	
1-38	222-224	11	
1-39	225-233	Rugiemus	
1-40	234-239	quasi	
1-41	240-244	ursi	
1-42	245-250	omnes	
1-43	250-251	,	
1-44	252-254	et	
1-45	255-260	quasi	
1-46	261-268	columbæ	
1-47	269-279	meditantes	
1-48	280-287	gememus	
1-49	288-289	:	
1-50	290-303	exspectavimus	
1-51	304-312	judicium	
1-52	312-313	,	
1-53	314-316	et	
1-54	317-320	non	
1-55	321-324	est	
1-56	325-326	;	
1-57	327-334	salutem	
1-58	334-335	,	
1-59	336-338	et	
1-60	339-347	elongata	
1-61	348-351	est	
1-62	352-353	a	
1-63	354-359	nobis	
1-64	359-360	.	
1-65	361-363	12	
1-66	364-376	Multiplicatæ	
1-67	377-381	sunt	
1-68	382-386	enim	
1-69	387-398	iniquitates	
1-70	399-405	nostræ	
1-71	406-411	coram	
1-72	412-414	te	
1-73	414-415	,	
1-74	416-418	et	
1-75	419-426	peccata	
1-76	427-433	nostra	
1-77	434-446	responderunt	
1-78	447-452	nobis	
1-79	452-453	,	
1-80	454-458	quia	
1-81	459-466	scelera	
1-82	467-473	nostra	
1-83	474-482	nobiscum	
1-84	483-485	et	
1-85	486-497	iniquitates	
1-86	498-505	nostras	
1-87	506-516	cognovimus	
1-88	516-517	.	
1-89	518-520	13	
1-90	521-528	Peccare	
1-91	529-531	et	
1-92	532-539	mentiri	
1-93	540-546	contra	
1-94	547-554	Dominum	
1-95	554-555	,	
1-96	556-558	et	
1-97	559-565	aversi	
1-98	566-571	sumus	
1-99	572-574	ne	
1-100	575-581	iremus	
1-101	582-586	post	
1-102	587-593	tergum	
1-103	594-597	Dei	
1-104	598-604	nostri	
1-105	604-605	,	
1-106	606-608	ut	
1-107	609-619	loqueremur	
1-108	620-629	calumniam	
1-109	630-632	et	
1-110	633-648	transgressionem	
1-111	649-650	;	
1-112	651-661	concepimus	
1-113	662-664	et	
1-114	665-671	locuti	
1-115	672-677	sumus	
1-116	678-680	de	
1-117	681-686	corde	
1-118	687-692	verba	
1-119	693-701	mendacii	
1-120	701-702	.	
1-121	703-705	14	
1-122	706-708	Et	
1-123	709-718	conversum	
1-124	719-722	est	
1-125	723-732	retrorsum	
1-126	733-741	judicium	
1-127	741-742	,	
1-128	743-745	et	
1-129	746-754	justitia	
1-130	755-760	longe	
1-131	761-767	stetit	
1-132	767-768	,	
1-133	769-773	quia	
1-134	774-781	corruit	
1-135	782-784	in	
1-136	785-791	platea	
1-137	792-799	veritas	
1-138	799-800	,	
1-139	801-803	et	
1-140	804-811	æquitas	
1-141	812-815	non	
1-142	816-822	potuit	
1-143	823-830	ingredi	
1-144	830-831	.	
1-145	832-834	15	
1-146	835-837	Et	
1-147	838-843	facta	
1-148	844-847	est	
1-149	848-855	veritas	
1-150	856-858	in	
1-151	859-869	oblivionem	
1-152	869-870	,	
1-153	871-873	et	
1-154	874-877	qui	
1-155	878-886	recessit	
1-156	887-888	a	
1-157	889-893	malo	
1-158	893-894	,	
1-159	895-900	prædæ	
1-160	901-907	patuit	
1-161	907-908	.	

#Text=Et vidit Dominus, et malum apparuit in oculis ejus, quia non est judicium.
#Text=16 Et vidit quia non est vir, et aporiatus est, quia non est qui occurrat ; et salvavit sibi brachium suum, et justitia ejus ipsa confirmavit eum.
#Text=17 Indutus est justitia ut lorica, et galea salutis in capite ejus ; indutus est vestimentis ultionis, et opertus est quasi pallio zeli : 18 sicut ad vindictam quasi ad retributionem indignationis hostibus suis, et vicissitudinem inimicis suis ; insulis vicem reddet.
#Text=19 Et timebunt qui ab occidente nomen Domini, et qui ab ortu solis gloriam ejus, cum venerit quasi fluvius violentus quem spiritus Domini cogit ; 20 et venerit Sion redemptor, et eis qui redeunt ab iniquitate in Jacob, dicit Dominus.
#Text=21 Hoc fœdus meum cum eis, dicit Dominus : spiritus meus qui est in te, et verba mea quæ posui in ore tuo, non recedent de ore tuo, et de ore seminis tui, et de ore seminis seminis tui, dicit Dominus, amodo et usque in sempiternum.
2-1	909-911	Et	
2-2	912-917	vidit	
2-3	918-925	Dominus	
2-4	925-926	,	
2-5	927-929	et	
2-6	930-935	malum	
2-7	936-944	apparuit	
2-8	945-947	in	
2-9	948-954	oculis	
2-10	955-959	ejus	
2-11	959-960	,	
2-12	961-965	quia	
2-13	966-969	non	
2-14	970-973	est	
2-15	974-982	judicium	
2-16	982-983	.	
2-17	984-986	16	
2-18	987-989	Et	
2-19	990-995	vidit	
2-20	996-1000	quia	
2-21	1001-1004	non	
2-22	1005-1008	est	
2-23	1009-1012	vir	
2-24	1012-1013	,	
2-25	1014-1016	et	
2-26	1017-1026	aporiatus	
2-27	1027-1030	est	
2-28	1030-1031	,	
2-29	1032-1036	quia	
2-30	1037-1040	non	
2-31	1041-1044	est	
2-32	1045-1048	qui	
2-33	1049-1057	occurrat	
2-34	1058-1059	;	
2-35	1060-1062	et	
2-36	1063-1071	salvavit	
2-37	1072-1076	sibi	
2-38	1077-1085	brachium	
2-39	1086-1090	suum	
2-40	1090-1091	,	
2-41	1092-1094	et	
2-42	1095-1103	justitia	
2-43	1104-1108	ejus	
2-44	1109-1113	ipsa	
2-45	1114-1125	confirmavit	
2-46	1126-1129	eum	
2-47	1129-1130	.	
2-48	1131-1133	17	
2-49	1134-1141	Indutus	
2-50	1142-1145	est	
2-51	1146-1154	justitia	
2-52	1155-1157	ut	
2-53	1158-1164	lorica	
2-54	1164-1165	,	
2-55	1166-1168	et	
2-56	1169-1174	galea	
2-57	1175-1182	salutis	
2-58	1183-1185	in	
2-59	1186-1192	capite	
2-60	1193-1197	ejus	
2-61	1198-1199	;	
2-62	1200-1207	indutus	
2-63	1208-1211	est	
2-64	1212-1223	vestimentis	
2-65	1224-1232	ultionis	
2-66	1232-1233	,	
2-67	1234-1236	et	
2-68	1237-1244	opertus	
2-69	1245-1248	est	
2-70	1249-1254	quasi	
2-71	1255-1261	pallio	
2-72	1262-1266	zeli	
2-73	1267-1268	:	
2-74	1269-1271	18	
2-75	1272-1277	sicut	
2-76	1278-1280	ad	
2-77	1281-1290	vindictam	
2-78	1291-1296	quasi	
2-79	1297-1299	ad	
2-80	1300-1313	retributionem	
2-81	1314-1327	indignationis	
2-82	1328-1336	hostibus	
2-83	1337-1341	suis	
2-84	1341-1342	,	
2-85	1343-1345	et	
2-86	1346-1360	vicissitudinem	
2-87	1361-1369	inimicis	
2-88	1370-1374	suis	
2-89	1375-1376	;	
2-90	1377-1384	insulis	
2-91	1385-1390	vicem	
2-92	1391-1397	reddet	
2-93	1397-1398	.	
2-94	1399-1401	19	
2-95	1402-1404	Et	
2-96	1405-1413	timebunt	
2-97	1414-1417	qui	
2-98	1418-1420	ab	
2-99	1421-1430	occidente	
2-100	1431-1436	nomen	
2-101	1437-1443	Domini	
2-102	1443-1444	,	
2-103	1445-1447	et	
2-104	1448-1451	qui	
2-105	1452-1454	ab	
2-106	1455-1459	ortu	
2-107	1460-1465	solis	
2-108	1466-1473	gloriam	
2-109	1474-1478	ejus	
2-110	1478-1479	,	
2-111	1480-1483	cum	
2-112	1484-1491	venerit	
2-113	1492-1497	quasi	
2-114	1498-1505	fluvius	
2-115	1506-1515	violentus	
2-116	1516-1520	quem	
2-117	1521-1529	spiritus	
2-118	1530-1536	Domini	
2-119	1537-1542	cogit	
2-120	1543-1544	;	
2-121	1545-1547	20	
2-122	1548-1550	et	
2-123	1551-1558	venerit	
2-124	1559-1563	Sion	
2-125	1564-1573	redemptor	
2-126	1573-1574	,	
2-127	1575-1577	et	
2-128	1578-1581	eis	
2-129	1582-1585	qui	
2-130	1586-1593	redeunt	
2-131	1594-1596	ab	
2-132	1597-1607	iniquitate	
2-133	1608-1610	in	
2-134	1611-1616	Jacob	
2-135	1616-1617	,	
2-136	1618-1623	dicit	
2-137	1624-1631	Dominus	
2-138	1631-1632	.	
2-139	1633-1635	21	
2-140	1636-1639	Hoc	
2-141	1640-1645	fœdus	
2-142	1646-1650	meum	
2-143	1651-1654	cum	
2-144	1655-1658	eis	
2-145	1658-1659	,	
2-146	1660-1665	dicit	
2-147	1666-1673	Dominus	
2-148	1674-1675	:	
2-149	1676-1684	spiritus	
2-150	1685-1689	meus	
2-151	1690-1693	qui	
2-152	1694-1697	est	
2-153	1698-1700	in	
2-154	1701-1703	te	
2-155	1703-1704	,	
2-156	1705-1707	et	
2-157	1708-1713	verba	
2-158	1714-1717	mea	
2-159	1718-1721	quæ	
2-160	1722-1727	posui	
2-161	1728-1730	in	
2-162	1731-1734	ore	
2-163	1735-1738	tuo	
2-164	1738-1739	,	
2-165	1740-1743	non	
2-166	1744-1752	recedent	
2-167	1753-1755	de	
2-168	1756-1759	ore	
2-169	1760-1763	tuo	
2-170	1763-1764	,	
2-171	1765-1767	et	
2-172	1768-1770	de	
2-173	1771-1774	ore	
2-174	1775-1782	seminis	
2-175	1783-1786	tui	
2-176	1786-1787	,	
2-177	1788-1790	et	
2-178	1791-1793	de	
2-179	1794-1797	ore	
2-180	1798-1805	seminis	
2-181	1806-1813	seminis	
2-182	1814-1817	tui	
2-183	1817-1818	,	
2-184	1819-1824	dicit	
2-185	1825-1832	Dominus	
2-186	1832-1833	,	
2-187	1834-1839	amodo	
2-188	1840-1842	et	
2-189	1843-1848	usque	
2-190	1849-1851	in	
2-191	1852-1863	sempiternum	
2-192	1863-1864	.	

#Text=Caput 60
#Text=
#Text=
#Text=1 Surge, illuminare, Jerusalem, quia venit lumen tuum, et gloria Domini super te orta est.
#Text=2 Quia ecce tenebræ operient terram, et caligo populos ; super te autem orietur Dominus, et gloria ejus in te videbitur.
#Text=3 Et ambulabunt gentes in lumine tuo, et reges in splendore ortus tui.
#Text=4 Leva in circuitu oculos tuos, et vide : omnes isti congregati sunt, venerunt tibi ; filii tui de longe venient et filiæ tuæ de latere surgent.
#Text=5 Tunc videbis, et afflues ; mirabitur et dilatabitur cor tuum : quando conversa fuerit ad te multitudo maris ; fortitudo gentium venerit tibi.
#Text=6 Inundatio camelorum operiet te, dromedarii Madian et Epha ; omnes de Saba venient, aurum et thus deferentes, et laudem Domino annuntiantes.
#Text=7 Omne pecus Cedar congregabitur tibi ; arietes Nabaioth ministrabunt tibi : offerentur super placabili altari meo, et domum majestatis meæ glorificabo.
#Text=8 Qui sunt isti qui ut nubes volant, et quasi columbæ ad fenestras suas ?
3-1	1865-1870	Caput	
3-2	1871-1873	60	
3-3	1876-1877	1	
3-4	1878-1883	Surge	
3-5	1883-1884	,	
3-6	1885-1895	illuminare	
3-7	1895-1896	,	
3-8	1897-1906	Jerusalem	
3-9	1906-1907	,	
3-10	1908-1912	quia	
3-11	1913-1918	venit	
3-12	1919-1924	lumen	
3-13	1925-1929	tuum	
3-14	1929-1930	,	
3-15	1931-1933	et	
3-16	1934-1940	gloria	
3-17	1941-1947	Domini	
3-18	1948-1953	super	
3-19	1954-1956	te	
3-20	1957-1961	orta	
3-21	1962-1965	est	
3-22	1965-1966	.	
3-23	1967-1968	2	
3-24	1969-1973	Quia	
3-25	1974-1978	ecce	
3-26	1979-1986	tenebræ	
3-27	1987-1995	operient	
3-28	1996-2002	terram	
3-29	2002-2003	,	
3-30	2004-2006	et	
3-31	2007-2013	caligo	
3-32	2014-2021	populos	
3-33	2022-2023	;	
3-34	2024-2029	super	
3-35	2030-2032	te	
3-36	2033-2038	autem	
3-37	2039-2046	orietur	
3-38	2047-2054	Dominus	
3-39	2054-2055	,	
3-40	2056-2058	et	
3-41	2059-2065	gloria	
3-42	2066-2070	ejus	
3-43	2071-2073	in	
3-44	2074-2076	te	
3-45	2077-2086	videbitur	
3-46	2086-2087	.	
3-47	2088-2089	3	
3-48	2090-2092	Et	
3-49	2093-2103	ambulabunt	
3-50	2104-2110	gentes	
3-51	2111-2113	in	
3-52	2114-2120	lumine	
3-53	2121-2124	tuo	
3-54	2124-2125	,	
3-55	2126-2128	et	
3-56	2129-2134	reges	
3-57	2135-2137	in	
3-58	2138-2147	splendore	
3-59	2148-2153	ortus	
3-60	2154-2157	tui	
3-61	2157-2158	.	
3-62	2159-2160	4	
3-63	2161-2165	Leva	
3-64	2166-2168	in	
3-65	2169-2177	circuitu	
3-66	2178-2184	oculos	
3-67	2185-2189	tuos	
3-68	2189-2190	,	
3-69	2191-2193	et	
3-70	2194-2198	vide	
3-71	2199-2200	:	
3-72	2201-2206	omnes	
3-73	2207-2211	isti	
3-74	2212-2222	congregati	
3-75	2223-2227	sunt	
3-76	2227-2228	,	
3-77	2229-2237	venerunt	
3-78	2238-2242	tibi	
3-79	2243-2244	;	
3-80	2245-2250	filii	
3-81	2251-2254	tui	
3-82	2255-2257	de	
3-83	2258-2263	longe	
3-84	2264-2271	venient	
3-85	2272-2274	et	
3-86	2275-2280	filiæ	
3-87	2281-2284	tuæ	
3-88	2285-2287	de	
3-89	2288-2294	latere	
3-90	2295-2302	surgent	
3-91	2302-2303	.	
3-92	2304-2305	5	
3-93	2306-2310	Tunc	
3-94	2311-2318	videbis	
3-95	2318-2319	,	
3-96	2320-2322	et	
3-97	2323-2330	afflues	
3-98	2331-2332	;	
3-99	2333-2342	mirabitur	
3-100	2343-2345	et	
3-101	2346-2357	dilatabitur	
3-102	2358-2361	cor	
3-103	2362-2366	tuum	
3-104	2367-2368	:	
3-105	2369-2375	quando	
3-106	2376-2384	conversa	
3-107	2385-2391	fuerit	
3-108	2392-2394	ad	
3-109	2395-2397	te	
3-110	2398-2407	multitudo	
3-111	2408-2413	maris	
3-112	2414-2415	;	
3-113	2416-2425	fortitudo	
3-114	2426-2433	gentium	
3-115	2434-2441	venerit	
3-116	2442-2446	tibi	
3-117	2446-2447	.	
3-118	2448-2449	6	
3-119	2450-2459	Inundatio	
3-120	2460-2469	camelorum	
3-121	2470-2477	operiet	
3-122	2478-2480	te	
3-123	2480-2481	,	
3-124	2482-2492	dromedarii	
3-125	2493-2499	Madian	
3-126	2500-2502	et	
3-127	2503-2507	Epha	
3-128	2508-2509	;	
3-129	2510-2515	omnes	
3-130	2516-2518	de	
3-131	2519-2523	Saba	
3-132	2524-2531	venient	
3-133	2531-2532	,	
3-134	2533-2538	aurum	
3-135	2539-2541	et	
3-136	2542-2546	thus	
3-137	2547-2557	deferentes	
3-138	2557-2558	,	
3-139	2559-2561	et	
3-140	2562-2568	laudem	
3-141	2569-2575	Domino	
3-142	2576-2588	annuntiantes	
3-143	2588-2589	.	
3-144	2590-2591	7	
3-145	2592-2596	Omne	
3-146	2597-2602	pecus	
3-147	2603-2608	Cedar	
3-148	2609-2622	congregabitur	
3-149	2623-2627	tibi	
3-150	2628-2629	;	
3-151	2630-2637	arietes	
3-152	2638-2646	Nabaioth	
3-153	2647-2659	ministrabunt	
3-154	2660-2664	tibi	
3-155	2665-2666	:	
3-156	2667-2677	offerentur	
3-157	2678-2683	super	
3-158	2684-2693	placabili	
3-159	2694-2700	altari	
3-160	2701-2704	meo	
3-161	2704-2705	,	
3-162	2706-2708	et	
3-163	2709-2714	domum	
3-164	2715-2725	majestatis	
3-165	2726-2729	meæ	
3-166	2730-2741	glorificabo	
3-167	2741-2742	.	
3-168	2743-2744	8	
3-169	2745-2748	Qui	
3-170	2749-2753	sunt	
3-171	2754-2758	isti	
3-172	2759-2762	qui	
3-173	2763-2765	ut	
3-174	2766-2771	nubes	
3-175	2772-2778	volant	
3-176	2778-2779	,	
3-177	2780-2782	et	
3-178	2783-2788	quasi	
3-179	2789-2796	columbæ	
3-180	2797-2799	ad	
3-181	2800-2809	fenestras	
3-182	2810-2814	suas	
3-183	2815-2816	?	
