#FORMAT=WebAnno TSV 3.3


#Text=In diff. inaug.
#Text=de sexuum discrimine praeter genitalia Mogunt.
#Text=1788.
#Text=$.
1-1	2-4	In	
1-2	5-9	diff	
1-3	9-10	.	
1-4	11-16	inaug	
1-5	16-17	.	
1-6	18-20	de	
1-7	21-27	sexuum	
1-8	28-38	discrimine	
1-9	39-46	praeter	
1-10	47-56	genitalia	
1-11	57-63	Mogunt	
1-12	63-64	.	
1-13	65-69	1788	
1-14	69-70	.	
1-15	71-72	$	
1-16	72-73	.	

#Text=VI.
#Text=w?
2-1	74-76	VI	
2-2	76-77	.	
2-3	78-79	w	
2-4	79-80	?	

#Text=:01 > 2101 7) Ill.
3-1	81-82	:	
3-2	82-84	01	
3-3	85-86	>	
3-4	87-91	2101	
3-5	92-93	7	
3-6	93-94	)	
3-7	95-98	Ill	
3-8	98-99	.	

#Text=FRANK Abhandl.
#Text=über eine gesuude Kindererziehung p. 44.
#Text=27)
#Text=
#Text=
#Text=
#Text=
#Text=
#Text=mines fanos infinitae' dentur modificationes odorum a superficie cor.
#Text=poris fpirantiuin et cur , idem homo diuersis temporibus diuerse olere poilit.
4-1	100-105	FRANK	
4-2	106-113	Abhandl	
4-3	113-114	.	
4-4	115-119	über	
4-5	120-124	eine	
4-6	125-132	gesuude	
4-7	133-148	Kindererziehung	
4-8	149-150	p	
4-9	150-151	.	
4-10	152-154	44	
4-11	154-155	.	
4-12	156-158	27	
4-13	158-159	)	
4-14	165-170	mines	
4-15	171-176	fanos	
4-16	177-186	infinitae	
4-17	186-187	'	
4-18	188-194	dentur	
4-19	195-209	modificationes	
4-20	210-216	odorum	
4-21	217-218	a	
4-22	219-229	superficie	
4-23	230-233	cor	
4-24	233-234	.	
4-25	235-240	poris	
4-26	241-252	fpirantiuin	
4-27	253-255	et	
4-28	256-259	cur	
4-29	260-261	,	
4-30	262-266	idem	
4-31	267-271	homo	
4-32	272-280	diuersis	
4-33	281-291	temporibus	
4-34	292-299	diuerse	
4-35	300-305	olere	
4-36	306-312	poilit	
4-37	312-313	.	

#Text=II.
5-1	314-316	II	
5-2	316-317	.	

#Text=SECTIO PATHOLOGICA.
#Text=.
6-1	318-324	SECTIO	
6-2	325-336	PATHOLOGICA	
6-3	336-337	.	
6-4	338-339	.	

#Text=XIV.
7-1	340-343	XIV	
7-2	343-344	.	

#Text=Nunc de Atatu morboso agendum est, quo potiffimum triplici ratione perspirationis odorem immutari poffe arbitror.
8-1	345-349	Nunc	
8-2	350-352	de	
8-3	353-358	Atatu	
8-4	359-366	morboso	
8-5	367-374	agendum	
8-6	375-378	est	
8-7	378-379	,	
8-8	380-383	quo	
8-9	384-394	potiffimum	
8-10	395-403	triplici	
8-11	404-411	ratione	
8-12	412-426	perspirationis	
8-13	427-433	odorem	
8-14	434-442	immutari	
8-15	443-448	poffe	
8-16	449-457	arbitror	
8-17	457-458	.	

#Text=Primum, fi vitiis diaeteticis, retentione excernendorum, excretione retinendorum et tandem contagiis variis mafla humoruin ipsa vitiata atque iusta illorum mixtio destructa est.
9-1	459-465	Primum	
9-2	465-466	,	
9-3	467-469	fi	
9-4	470-476	vitiis	
9-5	477-488	diaeteticis	
9-6	488-489	,	
9-7	490-500	retentione	
9-8	501-514	excernendorum	
9-9	514-515	,	
9-10	516-526	excretione	
9-11	527-539	retinendorum	
9-12	540-542	et	
9-13	543-549	tandem	
9-14	550-559	contagiis	
9-15	560-566	variis	
9-16	567-572	mafla	
9-17	573-581	humoruin	
9-18	582-586	ipsa	
9-19	587-594	vitiata	
9-20	595-600	atque	
9-21	601-606	iusta	
9-22	607-614	illorum	
9-23	615-621	mixtio	
9-24	622-631	destructa	
9-25	632-635	est	
9-26	635-636	.	

#Text=Dein, fi orgena secernentia in cute labe quadum afficiuntur, quae functionem rite fieri impedit.
10-1	637-641	Dein	
10-2	641-642	,	
10-3	643-645	fi	
10-4	646-652	orgena	
10-5	653-664	secernentia	
10-6	665-667	in	
10-7	668-672	cute	
10-8	673-677	labe	
10-9	678-684	quadum	
10-10	685-696	afficiuntur	
10-11	696-697	,	
10-12	698-702	quae	
10-13	703-713	functionem	
10-14	714-718	rite	
10-15	719-724	fieri	
10-16	725-732	impedit	
10-17	732-733	.	

#Text=Denique, si stimulus praeternaturalis vel tantum irritabilitas aucta circuitum humorum, licet sanorum, turbans secretionem per: verfam efficit.
11-1	734-741	Denique	
11-2	741-742	,	
11-3	743-745	si	
11-4	746-754	stimulus	
11-5	755-771	praeternaturalis	
11-6	772-775	vel	
11-7	776-782	tantum	
11-8	783-796	irritabilitas	
11-9	797-802	aucta	
11-10	803-812	circuitum	
11-11	813-820	humorum	
11-12	820-821	,	
11-13	822-827	licet	
11-14	828-835	sanorum	
11-15	835-836	,	
11-16	837-844	turbans	
11-17	845-856	secretionem	
11-18	857-860	per	
11-19	860-861	:	
11-20	862-868	verfam	
11-21	869-876	efficit	
11-22	876-877	.	

#Text=En caufas proximas effluuioruın per cutem graueolentium in morbis.
12-1	878-880	En	
12-2	881-887	caufas	
12-3	888-896	proximas	
12-4	897-909	effluuioruın	
12-5	910-913	per	
12-6	914-919	cutem	
12-7	920-933	graueolentium	
12-8	934-936	in	
12-9	937-943	morbis	
12-10	943-944	.	
