#FORMAT=WebAnno TSV 3.3


#Text=Zy droogt verzweringen van de beenen
#Text=op, daar slegts geen beenbederf in is.
1-1	2-4	Zy	
1-2	5-11	droogt	
1-3	12-24	verzweringen	
1-4	25-28	van	
1-5	29-31	de	
1-6	32-38	beenen	
1-7	39-41	op	
1-8	41-42	,	
1-9	43-47	daar	
1-10	48-54	slegts	
1-11	55-59	geen	
1-12	60-70	beenbederf	
1-13	71-73	in	
1-14	74-76	is	
1-15	76-77	.	

#Text=Horstius stuitte met dit middel de verzweringen,
#Text=die men Wandelende noemt, en die zo veel voortgang in korten tyd maken.
2-1	78-86	Horstius	
2-2	87-94	stuitte	
2-3	95-98	met	
2-4	99-102	dit	
2-5	103-109	middel	
2-6	110-112	de	
2-7	113-125	verzweringen	
2-8	125-126	,	
2-9	127-130	die	
2-10	131-134	men	
2-11	135-145	Wandelende	
2-12	146-151	noemt	
2-13	151-152	,	
2-14	153-155	en	
2-15	156-159	die	
2-16	160-162	zo	
2-17	163-167	veel	
2-18	168-177	voortgang	
2-19	178-180	in	
2-20	181-187	korten	
2-21	188-191	tyd	
2-22	192-197	maken	
2-23	197-198	.	

#Text=Durenou
#Text=geeftze voor een middel voor de kranken.
3-1	199-206	Durenou	
3-2	207-214	geeftze	
3-3	215-219	voor	
3-4	220-223	een	
3-5	224-230	middel	
3-6	231-235	voor	
3-7	236-238	de	
3-8	239-246	kranken	
3-9	246-247	.	

#Text=Men heeft’er, die een groot geheim van ’t
#Text=water van Veronica voor de vlekken des aangezichts maken.
#Text=’t Is zeker, dat het een
#Text=uitnemend Blanketzel zy.
4-1	248-251	Men	
4-2	252-257	heeft	
4-3	257-258	’	
4-4	258-260	er	
4-5	260-261	,	
4-6	262-265	die	
4-7	266-269	een	
4-8	270-275	groot	
4-9	276-282	geheim	
4-10	283-286	van	
4-11	287-288	’	
4-12	288-289	t	
4-13	290-295	water	
4-14	296-299	van	
4-15	300-308	Veronica	
4-16	309-313	voor	
4-17	314-316	de	
4-18	317-324	vlekken	
4-19	325-328	des	
4-20	329-340	aangezichts	
4-21	341-346	maken	
4-22	346-347	.	
4-23	348-349	’	
4-24	349-350	t	
4-25	351-353	Is	
4-26	354-359	zeker	
4-27	359-360	,	
4-28	361-364	dat	
4-29	365-368	het	
4-30	369-372	een	
4-31	373-382	uitnemend	
4-32	383-393	Blanketzel	
4-33	394-396	zy	
4-34	396-397	.	

#Text=De Veronica laat zich als The gebruiken, en elk, geeft men voor, weet ze niet wel
#Text=gereed te maken, en zie daar’er het water van.
5-1	399-401	De	
5-2	402-410	Veronica	
5-3	411-415	laat	
5-4	416-420	zich	
5-5	421-424	als	
5-6	425-428	The	
5-7	429-438	gebruiken	
5-8	438-439	,	
5-9	440-442	en	
5-10	443-446	elk	
5-11	446-447	,	
5-12	448-453	geeft	
5-13	454-457	men	
5-14	458-462	voor	
5-15	462-463	,	
5-16	464-468	weet	
5-17	469-471	ze	
5-18	472-476	niet	
5-19	477-480	wel	
5-20	481-487	gereed	
5-21	488-490	te	
5-22	491-496	maken	
5-23	496-497	,	
5-24	498-500	en	
5-25	501-504	zie	
5-26	505-509	daar	
5-27	509-510	’	
5-28	510-512	er	
5-29	513-516	het	
5-30	517-522	water	
5-31	523-526	van	
5-32	526-527	.	

#Text=Hoe men de Veronica als The bereidt.
6-1	531-534	Hoe	
6-2	535-538	men	
6-3	539-541	de	
6-4	542-550	Veronica	
6-5	551-554	als	
6-6	555-558	The	
6-7	559-566	bereidt	
6-8	566-567	.	

#Text=Men doet het Water in een zuivere Ketel koken, men doet’er de Bladen van de droge
#Text=Veronica in, gelyk we te voren gezegd hebben.
7-1	570-573	Men	
7-2	574-578	doet	
7-3	579-582	het	
7-4	583-588	Water	
7-5	589-591	in	
7-6	592-595	een	
7-7	596-603	zuivere	
7-8	604-609	Ketel	
7-9	610-615	koken	
7-10	615-616	,	
7-11	617-620	men	
7-12	621-625	doet	
7-13	625-626	’	
7-14	626-628	er	
7-15	629-631	de	
7-16	632-638	Bladen	
7-17	639-642	van	
7-18	643-645	de	
7-19	646-651	droge	
7-20	652-660	Veronica	
7-21	661-663	in	
7-22	663-664	,	
7-23	665-670	gelyk	
7-24	671-673	we	
7-25	674-676	te	
7-26	677-682	voren	
7-27	683-689	gezegd	
7-28	690-696	hebben	
7-29	696-697	.	

#Text=Als ’t een walm is opgekookt, haalt
#Text=men ze van ’t vuur, en laat het een-half kwartieruur staan trekken.
8-1	698-701	Als	
8-2	702-703	’	
8-3	703-704	t	
8-4	705-708	een	
8-5	709-713	walm	
8-6	714-716	is	
8-7	717-726	opgekookt	
8-8	726-727	,	
8-9	728-733	haalt	
8-10	734-737	men	
8-11	738-740	ze	
8-12	741-744	van	
8-13	745-746	’	
8-14	746-747	t	
8-15	748-752	vuur	
8-16	752-753	,	
8-17	754-756	en	
8-18	757-761	laat	
8-19	762-765	het	
8-20	766-774	een-half	
8-21	775-786	kwartieruur	
8-22	787-792	staan	
8-23	793-800	trekken	
8-24	800-801	.	

#Text=Men moet dat
#Text=water, zo heet als mooglyk is, drinken, en gelyk ’t bitter is;
#Text=moet men een weinig
#Text=suiker nemen om ’t zoet te maken.
9-1	802-805	Men	
9-2	806-810	moet	
9-3	811-814	dat	
9-4	815-820	water	
9-5	820-821	,	
9-6	822-824	zo	
9-7	825-829	heet	
9-8	830-833	als	
9-9	834-841	mooglyk	
9-10	842-844	is	
9-11	844-845	,	
9-12	846-853	drinken	
9-13	853-854	,	
9-14	855-857	en	
9-15	858-863	gelyk	
9-16	864-865	’	
9-17	865-866	t	
9-18	867-873	bitter	
9-19	874-876	is	
9-20	876-877	;	
9-21	878-882	moet	
9-22	883-886	men	
9-23	887-890	een	
9-24	891-897	weinig	
9-25	898-904	suiker	
9-26	905-910	nemen	
9-27	911-913	om	
9-28	914-915	’	
9-29	915-916	t	
9-30	917-921	zoet	
9-31	922-924	te	
9-32	925-930	maken	
9-33	930-931	.	

#Text=Men geeft het van een vingergreepje voor elk
#Text=glas water, zo het de Mannetjes Veronica is; en van twe vingergrepen zo het de
#Text=Wyfjes Veronica is.
10-1	932-935	Men	
10-2	936-941	geeft	
10-3	942-945	het	
10-4	946-949	van	
10-5	950-953	een	
10-6	954-967	vingergreepje	
10-7	968-972	voor	
10-8	973-976	elk	
10-9	977-981	glas	
10-10	982-987	water	
10-11	987-988	,	
10-12	989-991	zo	
10-13	992-995	het	
10-14	996-998	de	
10-15	999-1008	Mannetjes	
10-16	1009-1017	Veronica	
10-17	1018-1020	is	
10-18	1020-1021	;	
10-19	1022-1024	en	
10-20	1025-1028	van	
10-21	1029-1032	twe	
10-22	1033-1045	vingergrepen	
10-23	1046-1048	zo	
10-24	1049-1052	het	
10-25	1053-1055	de	
10-26	1056-1062	Wyfjes	
10-27	1063-1071	Veronica	
10-28	1072-1074	is	
10-29	1074-1075	.	

#Text=Men kan’er zo van ’t een, als ’t ander soort zo veel indoen, naar
#Text=dat men wil, dat de drank sterker, of zwakker is.
11-1	1076-1079	Men	
11-2	1080-1083	kan	
11-3	1083-1084	’	
11-4	1084-1086	er	
11-5	1087-1089	zo	
11-6	1090-1093	van	
11-7	1094-1095	’	
11-8	1095-1096	t	
11-9	1097-1100	een	
11-10	1100-1101	,	
11-11	1102-1105	als	
11-12	1106-1107	’	
11-13	1107-1108	t	
11-14	1109-1114	ander	
11-15	1115-1120	soort	
11-16	1121-1123	zo	
11-17	1124-1128	veel	
11-18	1129-1135	indoen	
11-19	1135-1136	,	
11-20	1137-1141	naar	
11-21	1142-1145	dat	
11-22	1146-1149	men	
11-23	1150-1153	wil	
11-24	1153-1154	,	
11-25	1155-1158	dat	
11-26	1159-1161	de	
11-27	1162-1167	drank	
11-28	1168-1175	sterker	
11-29	1175-1176	,	
11-30	1177-1179	of	
11-31	1180-1187	zwakker	
11-32	1188-1190	is	
11-33	1190-1191	.	

#Text=Verscheiden doen gezegde Bladen
#Text=in witte Wyn, of in Regenwater trekken, om op ’t ogenblik de grootste Hoofdpynen
#Text=en de raauheden, te verdryven.
12-1	1192-1203	Verscheiden	
12-2	1204-1208	doen	
12-3	1209-1216	gezegde	
12-4	1217-1223	Bladen	
12-5	1224-1226	in	
12-6	1227-1232	witte	
12-7	1233-1236	Wyn	
12-8	1236-1237	,	
12-9	1238-1240	of	
12-10	1241-1243	in	
12-11	1244-1254	Regenwater	
12-12	1255-1262	trekken	
12-13	1262-1263	,	
12-14	1264-1266	om	
12-15	1267-1269	op	
12-16	1270-1271	’	
12-17	1271-1272	t	
12-18	1273-1281	ogenblik	
12-19	1282-1284	de	
12-20	1285-1293	grootste	
12-21	1294-1304	Hoofdpynen	
12-22	1305-1307	en	
12-23	1308-1310	de	
12-24	1311-1320	raauheden	
12-25	1320-1321	,	
12-26	1322-1324	te	
12-27	1325-1334	verdryven	
12-28	1334-1335	.	

#Text=Men heeft midlerwyl bevonden, dat het trekken in
#Text=kokend water dezelfde uitwerking doet.
13-1	1336-1339	Men	
13-2	1340-1345	heeft	
13-3	1346-1355	midlerwyl	
13-4	1356-1364	bevonden	
13-5	1364-1365	,	
13-6	1366-1369	dat	
13-7	1370-1373	het	
13-8	1374-1381	trekken	
13-9	1382-1384	in	
13-10	1385-1391	kokend	
13-11	1392-1397	water	
13-12	1398-1406	dezelfde	
13-13	1407-1417	uitwerking	
13-14	1418-1422	doet	
13-15	1422-1423	.	

#Text=Gelyk de Heer Frankus, door zyne aanmerkingen de meeste van de bekende
#Text=krachten van de Veronica heeft bevestigt, en anders nieuwe heeft onderhouden, zo
#Text=heeft men ’t nodig geacht die hier te verhalen.
14-1	1425-1430	Gelyk	
14-2	1431-1433	de	
14-3	1434-1438	Heer	
14-4	1439-1446	Frankus	
14-5	1446-1447	,	
14-6	1448-1452	door	
14-7	1453-1457	zyne	
14-8	1458-1470	aanmerkingen	
14-9	1471-1473	de	
14-10	1474-1480	meeste	
14-11	1481-1484	van	
14-12	1485-1487	de	
14-13	1488-1495	bekende	
14-14	1496-1504	krachten	
14-15	1505-1508	van	
14-16	1509-1511	de	
14-17	1512-1520	Veronica	
14-18	1521-1526	heeft	
14-19	1527-1536	bevestigt	
14-20	1536-1537	,	
14-21	1538-1540	en	
14-22	1541-1547	anders	
14-23	1548-1554	nieuwe	
14-24	1555-1560	heeft	
14-25	1561-1572	onderhouden	
14-26	1572-1573	,	
14-27	1574-1576	zo	
14-28	1577-1582	heeft	
14-29	1583-1586	men	
14-30	1587-1588	’	
14-31	1588-1589	t	
14-32	1590-1595	nodig	
14-33	1596-1602	geacht	
14-34	1603-1606	die	
14-35	1607-1611	hier	
14-36	1612-1614	te	
14-37	1615-1623	verhalen	
14-38	1623-1624	.	

#Text=M.
15-1	1627-1628	M	
15-2	1628-1629	.	

#Text=Noel Chomel, Huishoudelyk woordboek
#Text=
#Text=\fAanmerkingen van den Heer Frankus, over de krachten van de Veronica.
16-1	1630-1634	Noel	
16-2	1635-1641	Chomel	
16-3	1641-1642	,	
16-4	1643-1655	Huishoudelyk	
16-5	1656-1665	woordboek	
16-6	1668-1680	Aanmerkingen	
16-7	1681-1684	van	
16-8	1685-1688	den	
16-9	1689-1693	Heer	
16-10	1694-1701	Frankus	
16-11	1701-1702	,	
16-12	1703-1707	over	
16-13	1708-1710	de	
16-14	1711-1719	krachten	
16-15	1720-1723	van	
16-16	1724-1726	de	
16-17	1727-1735	Veronica	
16-18	1735-1736	.	

#Text=I.
17-1	1738-1739	I	
17-2	1739-1740	.	
