#FORMAT=WebAnno TSV 3.3


#Text=Will alſo bey dem Oel
#Text=den Anfang machen, welches aus ſeinen
#Text=Blaͤttern und Blumen gezogen wird,
#Text=
#Text=wenn man einen gantzen Hauffen Ros-
#Text=marin in einen ausdruͤcklich hierzu ver-
#Text=
#Text=fer-
#Text=
#Text=
#Text=Rosmarinoͤl.
1-1	2-6	Will	
1-2	7-11	alſo	
1-3	12-15	bey	
1-4	16-19	dem	
1-5	20-23	Oel	
1-6	24-27	den	
1-7	28-34	Anfang	
1-8	35-41	machen	
1-9	41-42	,	
1-10	43-50	welches	
1-11	51-54	aus	
1-12	55-61	ſeinen	
1-13	62-71	Blaͤttern	
1-14	72-75	und	
1-15	76-82	Blumen	
1-16	83-90	gezogen	
1-17	91-95	wird	
1-18	95-96	,	
1-19	98-102	wenn	
1-20	103-106	man	
1-21	107-112	einen	
1-22	113-120	gantzen	
1-23	121-128	Hauffen	
1-24	129-132	Ros	
1-25	132-133	-	
1-26	134-139	marin	
1-27	140-142	in	
1-28	143-148	einen	
1-29	149-162	ausdruͤcklich	
1-30	163-169	hierzu	
1-31	170-173	ver	
1-32	173-174	-	
1-33	176-179	fer	
1-34	179-180	-	
1-35	183-194	Rosmarinoͤl	
1-36	194-195	.	

#Text=P 2\f
#Text=[0204
#Text=]
#Text=
#Text=
#Text=Der Spezereyen und Materialien
#Text=
#Text=
#Text=
#Text=fertigten Kolben thut, und eine gebuͤhr-
#Text=liche Menge ſchlecht Waſſer dazu geußt,
#Text=hernach Feuer drunter macht, und auf
#Text=dieſe Weiſe ein weiſſes klares Oel her-
#Text=uͤber treibt, welches uͤberaus durchdrin-
#Text=gend iſt, und ſtarck riechet, auch viele
#Text=herrlich ſchoͤne Eigenſchaften hat.
2-1	197-198	P	
2-2	199-200	2	
2-3	202-203	[	
2-4	203-207	0204	
2-5	208-209	]	
2-6	212-215	Der	
2-7	216-226	Spezereyen	
2-8	227-230	und	
2-9	231-242	Materialien	
2-10	246-255	fertigten	
2-11	256-262	Kolben	
2-12	263-267	thut	
2-13	267-268	,	
2-14	269-272	und	
2-15	273-277	eine	
2-16	278-285	gebuͤhr	
2-17	285-286	-	
2-18	287-292	liche	
2-19	293-298	Menge	
2-20	299-307	ſchlecht	
2-21	308-314	Waſſer	
2-22	315-319	dazu	
2-23	320-325	geußt	
2-24	325-326	,	
2-25	327-334	hernach	
2-26	335-340	Feuer	
2-27	341-348	drunter	
2-28	349-354	macht	
2-29	354-355	,	
2-30	356-359	und	
2-31	360-363	auf	
2-32	364-369	dieſe	
2-33	370-375	Weiſe	
2-34	376-379	ein	
2-35	380-387	weiſſes	
2-36	388-394	klares	
2-37	395-398	Oel	
2-38	399-402	her	
2-39	402-403	-	
2-40	404-409	uͤber	
2-41	410-416	treibt	
2-42	416-417	,	
2-43	418-425	welches	
2-44	426-434	uͤberaus	
2-45	435-444	durchdrin	
2-46	444-445	-	
2-47	446-450	gend	
2-48	451-454	iſt	
2-49	454-455	,	
2-50	456-459	und	
2-51	460-466	ſtarck	
2-52	467-474	riechet	
2-53	474-475	,	
2-54	476-480	auch	
2-55	481-486	viele	
2-56	487-495	herrlich	
2-57	496-503	ſchoͤne	
2-58	504-517	Eigenſchaften	
2-59	518-521	hat	
2-60	521-522	.	

#Text=Die
#Text=Koſtbarkeit dieſes Oels, zumahl, weil
#Text=man ſo gar wenig bekommt, hat etliche
#Text=veranlaſſet, daſſelbige zu verfaͤlſchen,
#Text=und ein anders dafuͤr unterzuſchieben.
3-1	523-526	Die	
3-2	527-538	Koſtbarkeit	
3-3	539-545	dieſes	
3-4	546-550	Oels	
3-5	550-551	,	
3-6	552-558	zumahl	
3-7	558-559	,	
3-8	560-564	weil	
3-9	565-568	man	
3-10	569-571	ſo	
3-11	572-575	gar	
3-12	576-581	wenig	
3-13	582-589	bekommt	
3-14	589-590	,	
3-15	591-594	hat	
3-16	595-602	etliche	
3-17	603-614	veranlaſſet	
3-18	614-615	,	
3-19	616-626	daſſelbige	
3-20	627-629	zu	
3-21	630-642	verfaͤlſchen	
3-22	642-643	,	
3-23	644-647	und	
3-24	648-651	ein	
3-25	652-658	anders	
3-26	659-665	dafuͤr	
3-27	666-681	unterzuſchieben	
3-28	681-682	.	

#Text=Wie dann die meiſten, die dieſes Oel zu
#Text=verkauffen haben, kein anderes, denn
#Text=ein ſolches Rosmarinoͤl verkauffen, dar-
#Text=unter ſie Spir.
4-1	684-687	Wie	
4-2	688-692	dann	
4-3	693-696	die	
4-4	697-704	meiſten	
4-5	704-705	,	
4-6	706-709	die	
4-7	710-716	dieſes	
4-8	717-720	Oel	
4-9	721-723	zu	
4-10	724-734	verkauffen	
4-11	735-740	haben	
4-12	740-741	,	
4-13	742-746	kein	
4-14	747-754	anderes	
4-15	754-755	,	
4-16	756-760	denn	
4-17	761-764	ein	
4-18	765-772	ſolches	
4-19	773-784	Rosmarinoͤl	
4-20	785-795	verkauffen	
4-21	795-796	,	
4-22	797-800	dar	
4-23	800-801	-	
4-24	802-807	unter	
4-25	808-811	ſie	
4-26	812-816	Spir	
4-27	816-817	.	

#Text=Vin.
#Text=gethan: oder ſie ver-
#Text=kauffen Spicoͤl, Lavendeloͤl und andere
#Text=aromatiſche Oele an jenes ſtatt, welches
#Text=aber gar bald zu verſpuͤren, denn das
#Text=wahrhafte Rosmarinoͤl muß weiß, klar
#Text=
#Text=und durchſcheinend ſeyn, von lieblichem
#Text=und durchdringendem Geruch.
5-1	818-821	Vin	
5-2	821-822	.	
5-3	823-829	gethan	
5-4	829-830	:	
5-5	831-835	oder	
5-6	836-839	ſie	
5-7	840-843	ver	
5-8	843-844	-	
5-9	845-852	kauffen	
5-10	853-860	Spicoͤl	
5-11	860-861	,	
5-12	862-873	Lavendeloͤl	
5-13	874-877	und	
5-14	878-884	andere	
5-15	885-896	aromatiſche	
5-16	897-901	Oele	
5-17	902-904	an	
5-18	905-910	jenes	
5-19	911-916	ſtatt	
5-20	916-917	,	
5-21	918-925	welches	
5-22	926-930	aber	
5-23	931-934	gar	
5-24	935-939	bald	
5-25	940-942	zu	
5-26	943-953	verſpuͤren	
5-27	953-954	,	
5-28	955-959	denn	
5-29	960-963	das	
5-30	964-973	wahrhafte	
5-31	974-985	Rosmarinoͤl	
5-32	986-989	muß	
5-33	990-994	weiß	
5-34	994-995	,	
5-35	996-1000	klar	
5-36	1002-1005	und	
5-37	1006-1020	durchſcheinend	
5-38	1021-1025	ſeyn	
5-39	1025-1026	,	
5-40	1027-1030	von	
5-41	1031-1041	lieblichem	
5-42	1042-1045	und	
5-43	1046-1061	durchdringendem	
5-44	1062-1068	Geruch	
5-45	1068-1069	.	

#Text=Dieſes Oel, das man mit allem Recht
#Text=die Eſſentz oder das fuͤnffte Weſen des
#Text=Rosmarins nennen koͤnte, hat in der
#Text=Medicin einen und den andern Nu-
#Text=tzen:
#Text=doch wird es weit mehr von
#Text=den Parfumirern und andern Pri-
#Text=vatleuten gebraucht, welche zum Theil
#Text=ihre Saͤfte und Waſſer damit anma-
#Text=chen, zum Theil aber daſſelbe zu Heilung
#Text=der Wunden anwenden, denn es ein
#Text=herrlich ſpecificum und koͤſtlicher Bal-
#Text=ſam zu dergleichen Schaͤden iſt.
6-1	1072-1078	Dieſes	
6-2	1079-1082	Oel	
6-3	1082-1083	,	
6-4	1084-1087	das	
6-5	1088-1091	man	
6-6	1092-1095	mit	
6-7	1096-1101	allem	
6-8	1102-1107	Recht	
6-9	1108-1111	die	
6-10	1112-1119	Eſſentz	
6-11	1120-1124	oder	
6-12	1125-1128	das	
6-13	1129-1137	fuͤnffte	
6-14	1138-1143	Weſen	
6-15	1144-1147	des	
6-16	1148-1157	Rosmarins	
6-17	1158-1164	nennen	
6-18	1165-1171	koͤnte	
6-19	1171-1172	,	
6-20	1173-1176	hat	
6-21	1177-1179	in	
6-22	1180-1183	der	
6-23	1184-1191	Medicin	
6-24	1192-1197	einen	
6-25	1198-1201	und	
6-26	1202-1205	den	
6-27	1206-1212	andern	
6-28	1213-1215	Nu	
6-29	1215-1216	-	
6-30	1217-1221	tzen	
6-31	1221-1222	:	
6-32	1223-1227	doch	
6-33	1228-1232	wird	
6-34	1233-1235	es	
6-35	1236-1240	weit	
6-36	1241-1245	mehr	
6-37	1246-1249	von	
6-38	1250-1253	den	
6-39	1254-1265	Parfumirern	
6-40	1266-1269	und	
6-41	1270-1276	andern	
6-42	1277-1280	Pri	
6-43	1280-1281	-	
6-44	1282-1291	vatleuten	
6-45	1292-1301	gebraucht	
6-46	1301-1302	,	
6-47	1303-1309	welche	
6-48	1310-1313	zum	
6-49	1314-1319	Theil	
6-50	1320-1324	ihre	
6-51	1325-1331	Saͤfte	
6-52	1332-1335	und	
6-53	1336-1342	Waſſer	
6-54	1343-1348	damit	
6-55	1349-1353	anma	
6-56	1353-1354	-	
6-57	1355-1359	chen	
6-58	1359-1360	,	
6-59	1361-1364	zum	
6-60	1365-1370	Theil	
6-61	1371-1375	aber	
6-62	1376-1384	daſſelbe	
6-63	1385-1387	zu	
6-64	1388-1395	Heilung	
6-65	1396-1399	der	
6-66	1400-1406	Wunden	
6-67	1407-1415	anwenden	
6-68	1415-1416	,	
6-69	1417-1421	denn	
6-70	1422-1424	es	
6-71	1425-1428	ein	
6-72	1429-1437	herrlich	
6-73	1438-1448	ſpecificum	
6-74	1449-1452	und	
6-75	1453-1464	koͤſtlicher	
6-76	1465-1468	Bal	
6-77	1468-1469	-	
6-78	1470-1473	ſam	
6-79	1474-1476	zu	
6-80	1477-1488	dergleichen	
6-81	1489-1497	Schaͤden	
6-82	1498-1501	iſt	
6-83	1501-1502	.	

#Text=Dieſe
#Text=
#Text=treffliche Eigenſchaften haben denen auf
#Text=dem Theater ſtehenden Marcktſchrey-
#Text=ern und Qvackſalbern Anleitung gege-
#Text=ben, daß ſie ihre vornehmſte Waare
#Text=daraus bereiten, und ſtets bey ihrer auf-
#Text=richtigen Rosmarin-Eſſentz und Oel zu
#Text=ſchweren pflegen, ob ſchon dieſe ſo ge-
#Text=ruͤhmte Eſſentz blos aus Terpentinoͤle
#Text=
#Text=und Burgundiſchem Peche, das ſie unter
#Text=einander geſchmoltzen, zugerichtet, und
#Text=hernachmahls mit der rothen Ochſen-
#Text=zungenwurtzel gefaͤrbet iſt.
7-1	1503-1508	Dieſe	
7-2	1510-1520	treffliche	
7-3	1521-1534	Eigenſchaften	
7-4	1535-1540	haben	
7-5	1541-1546	denen	
7-6	1547-1550	auf	
7-7	1551-1554	dem	
7-8	1555-1562	Theater	
7-9	1563-1572	ſtehenden	
7-10	1573-1585	Marcktſchrey	
7-11	1585-1586	-	
7-12	1587-1590	ern	
7-13	1591-1594	und	
7-14	1595-1607	Qvackſalbern	
7-15	1608-1617	Anleitung	
7-16	1618-1622	gege	
7-17	1622-1623	-	
7-18	1624-1627	ben	
7-19	1627-1628	,	
7-20	1629-1632	daß	
7-21	1633-1636	ſie	
7-22	1637-1641	ihre	
7-23	1642-1652	vornehmſte	
7-24	1653-1658	Waare	
7-25	1659-1665	daraus	
7-26	1666-1674	bereiten	
7-27	1674-1675	,	
7-28	1676-1679	und	
7-29	1680-1685	ſtets	
7-30	1686-1689	bey	
7-31	1690-1695	ihrer	
7-32	1696-1699	auf	
7-33	1699-1700	-	
7-34	1701-1710	richtigen	
7-35	1711-1727	Rosmarin-Eſſentz	
7-36	1728-1731	und	
7-37	1732-1735	Oel	
7-38	1736-1738	zu	
7-39	1739-1747	ſchweren	
7-40	1748-1755	pflegen	
7-41	1755-1756	,	
7-42	1757-1759	ob	
7-43	1760-1765	ſchon	
7-44	1766-1771	dieſe	
7-45	1772-1774	ſo	
7-46	1775-1777	ge	
7-47	1777-1778	-	
7-48	1779-1786	ruͤhmte	
7-49	1787-1794	Eſſentz	
7-50	1795-1799	blos	
7-51	1800-1803	aus	
7-52	1804-1817	Terpentinoͤle	
7-53	1819-1822	und	
7-54	1823-1836	Burgundiſchem	
7-55	1837-1842	Peche	
7-56	1842-1843	,	
7-57	1844-1847	das	
7-58	1848-1851	ſie	
7-59	1852-1857	unter	
7-60	1858-1866	einander	
7-61	1867-1879	geſchmoltzen	
7-62	1879-1880	,	
7-63	1881-1892	zugerichtet	
7-64	1892-1893	,	
7-65	1894-1897	und	
7-66	1898-1910	hernachmahls	
7-67	1911-1914	mit	
7-68	1915-1918	der	
7-69	1919-1925	rothen	
7-70	1926-1932	Ochſen	
7-71	1932-1933	-	
7-72	1934-1947	zungenwurtzel	
7-73	1948-1957	gefaͤrbet	
7-74	1958-1961	iſt	
7-75	1961-1962	.	

#Text=Dieſes ver-
#Text=kauffen ſie hernachmahls boshafter
#Text=Weiſe fuͤr wahres Rosmarinoͤl, und
#Text=ſchneiden dergeſtalt ein ziemlich Stuͤcke
#Text=
#Text=Geld aus einer Waare, die ihnen bey
#Text=nahe gar nichts koſtet.
8-1	1963-1969	Dieſes	
8-2	1970-1973	ver	
8-3	1973-1974	-	
8-4	1975-1982	kauffen	
8-5	1983-1986	ſie	
8-6	1987-1999	hernachmahls	
8-7	2000-2009	boshafter	
8-8	2010-2015	Weiſe	
8-9	2016-2020	fuͤr	
8-10	2021-2027	wahres	
8-11	2028-2039	Rosmarinoͤl	
8-12	2039-2040	,	
8-13	2041-2044	und	
8-14	2045-2054	ſchneiden	
8-15	2055-2065	dergeſtalt	
8-16	2066-2069	ein	
8-17	2070-2078	ziemlich	
8-18	2079-2086	Stuͤcke	
8-19	2088-2092	Geld	
8-20	2093-2096	aus	
8-21	2097-2102	einer	
8-22	2103-2108	Waare	
8-23	2108-2109	,	
8-24	2110-2113	die	
8-25	2114-2119	ihnen	
8-26	2120-2123	bey	
8-27	2124-2128	nahe	
8-28	2129-2132	gar	
8-29	2133-2139	nichts	
8-30	2140-2146	koſtet	
8-31	2146-2147	.	

#Text=Auf ſolche
#Text=Weiſe wird der gemeine Mann betro-
#Text=gen, inſonderheit, wer ſich dergleichen
#Text=Springern vertrauet, und verurſachet,
#Text=daß redliche Leute ſo gar wenig verkauf-
#Text=fen, daß es auch kaum der Muͤhe werth
#Text=iſt dran zu gedencken.
9-1	2148-2151	Auf	
9-2	2152-2158	ſolche	
9-3	2159-2164	Weiſe	
9-4	2165-2169	wird	
9-5	2170-2173	der	
9-6	2174-2181	gemeine	
9-7	2182-2186	Mann	
9-8	2187-2192	betro	
9-9	2192-2193	-	
9-10	2194-2197	gen	
9-11	2197-2198	,	
9-12	2199-2211	inſonderheit	
9-13	2211-2212	,	
9-14	2213-2216	wer	
9-15	2217-2221	ſich	
9-16	2222-2233	dergleichen	
9-17	2234-2243	Springern	
9-18	2244-2253	vertrauet	
9-19	2253-2254	,	
9-20	2255-2258	und	
9-21	2259-2270	verurſachet	
9-22	2270-2271	,	
9-23	2272-2275	daß	
9-24	2276-2284	redliche	
9-25	2285-2290	Leute	
9-26	2291-2293	ſo	
9-27	2294-2297	gar	
9-28	2298-2303	wenig	
9-29	2304-2311	verkauf	
9-30	2311-2312	-	
9-31	2313-2316	fen	
9-32	2316-2317	,	
9-33	2318-2321	daß	
9-34	2322-2324	es	
9-35	2325-2329	auch	
9-36	2330-2334	kaum	
9-37	2335-2338	der	
9-38	2339-2344	Muͤhe	
9-39	2345-2350	werth	
9-40	2351-2354	iſt	
9-41	2355-2359	dran	
9-42	2360-2362	zu	
9-43	2363-2372	gedencken	
9-44	2372-2373	.	
