#FORMAT=WebAnno TSV 3.3
#T_SP=custom.Span|label
#T_RL=custom.Relation|label|BT_custom.Span


#Text=und Wachsfoͤrmige Materi/ eines ſcharffen Geruchs;
#Text=
#Text=in einer jeden Blaſen iſt wieder ein kleiners Baͤlglein/
#Text=
#Text=und darinnen eine Wachs-gelbe und ſtinckende Materi.
1-1	1-4	und	_	_	_	
1-2	5-18	Wachsfoͤrmige	_	_	_	
1-3	19-25	Materi	_	_	_	
1-4	25-26	/	_	_	_	
1-5	27-32	eines	_	_	_	
1-6	33-42	ſcharffen	Quality	_	_	
1-7	43-50	Geruchs	Smell\_Word	*	1-6	
1-8	50-51	;	_	_	_	
1-9	53-55	in	_	_	_	
1-10	56-61	einer	_	_	_	
1-11	62-67	jeden	_	_	_	
1-12	68-74	Blaſen	_	_	_	
1-13	75-78	iſt	_	_	_	
1-14	79-85	wieder	_	_	_	
1-15	86-89	ein	_	_	_	
1-16	90-98	kleiners	_	_	_	
1-17	99-108	Baͤlglein	_	_	_	
1-18	108-109	/	_	_	_	
1-19	111-114	und	_	_	_	
1-20	115-123	darinnen	_	_	_	
1-21	124-128	eine	_	_	_	
1-22	129-140	Wachs-gelbe	_	_	_	
1-23	141-144	und	_	_	_	
1-24	145-155	ſtinckende	Smell\_Word[1]|Quality[2]	*|*	1-24[2_1]|1-25[0_1]	
1-25	156-162	Materi	Smell\_Source	_	_	
1-26	162-163	.	_	_	_	

#Text=Diß haben beede Maͤnnlein und Weiblein/
#Text=doch dieſe ſo
#Text=klein/ daß ſie nicht uͤber eine Unzen waͤgen wird/ da jene/
#Text=
#Text=die in dem Maͤnnlein ſich befinden/
#Text=wol auf ein Pfund
#Text=
#Text=
#Text=waͤgen koͤnnen/ wie Geſnerus bezeuget;
#Text=ſind in allen A-
#Text=
#Text=pothecken ſehr im Gebrauch/ einer waͤrmenden und trock-
#Text=nenden Eigenſchafft/ von ſubtiler durchdringender Art/
#Text=
#Text=aus Eſſig eingenommen/ dienet ſie wieder die Winde/
#Text=
#Text=Grimmen/ und Gifft;
#Text=im Wein/ darinnen Rauten
#Text=
#Text=geſotten/ wider die Frayß und andere erkaltende Zuſtaͤn-
#Text=de des Haubtes/ bewegt und ſtaͤrcket das Hirn/ ver-
#Text=treibt die Schlaffſucht;
#Text=der Rauch davon iſt gut denen/
#Text=
#Text=die die Mutter-Frayß leiden.
2-1	165-168	Diß	_	_	_	
2-2	169-174	haben	_	_	_	
2-3	175-180	beede	_	_	_	
2-4	181-190	Maͤnnlein	_	_	_	
2-5	191-194	und	_	_	_	
2-6	195-203	Weiblein	_	_	_	
2-7	203-204	/	_	_	_	
2-8	205-209	doch	_	_	_	
2-9	210-215	dieſe	_	_	_	
2-10	216-218	ſo	_	_	_	
2-11	219-224	klein	_	_	_	
2-12	224-225	/	_	_	_	
2-13	226-229	daß	_	_	_	
2-14	230-233	ſie	_	_	_	
2-15	234-239	nicht	_	_	_	
2-16	240-245	uͤber	_	_	_	
2-17	246-250	eine	_	_	_	
2-18	251-256	Unzen	_	_	_	
2-19	257-263	waͤgen	_	_	_	
2-20	264-268	wird	_	_	_	
2-21	268-269	/	_	_	_	
2-22	270-272	da	_	_	_	
2-23	273-277	jene	_	_	_	
2-24	277-278	/	_	_	_	
2-25	280-283	die	_	_	_	
2-26	284-286	in	_	_	_	
2-27	287-290	dem	_	_	_	
2-28	291-300	Maͤnnlein	_	_	_	
2-29	301-305	ſich	_	_	_	
2-30	306-314	befinden	_	_	_	
2-31	314-315	/	_	_	_	
2-32	316-319	wol	_	_	_	
2-33	320-323	auf	_	_	_	
2-34	324-327	ein	_	_	_	
2-35	328-333	Pfund	_	_	_	
2-36	336-342	waͤgen	_	_	_	
2-37	343-350	koͤnnen	_	_	_	
2-38	350-351	/	_	_	_	
2-39	352-355	wie	_	_	_	
2-40	356-364	Geſnerus	_	_	_	
2-41	365-373	bezeuget	_	_	_	
2-42	373-374	;	_	_	_	
2-43	375-379	ſind	_	_	_	
2-44	380-382	in	_	_	_	
2-45	383-388	allen	_	_	_	
2-46	389-390	A	_	_	_	
2-47	390-391	-	_	_	_	
2-48	393-402	pothecken	_	_	_	
2-49	403-407	ſehr	_	_	_	
2-50	408-410	im	_	_	_	
2-51	411-419	Gebrauch	_	_	_	
2-52	419-420	/	_	_	_	
2-53	421-426	einer	_	_	_	
2-54	427-437	waͤrmenden	_	_	_	
2-55	438-441	und	_	_	_	
2-56	442-447	trock	_	_	_	
2-57	447-448	-	_	_	_	
2-58	449-455	nenden	_	_	_	
2-59	456-468	Eigenſchafft	_	_	_	
2-60	468-469	/	_	_	_	
2-61	470-473	von	_	_	_	
2-62	474-482	ſubtiler	_	_	_	
2-63	483-498	durchdringender	_	_	_	
2-64	499-502	Art	_	_	_	
2-65	502-503	/	_	_	_	
2-66	505-508	aus	_	_	_	
2-67	509-514	Eſſig	_	_	_	
2-68	515-526	eingenommen	_	_	_	
2-69	526-527	/	_	_	_	
2-70	528-534	dienet	_	_	_	
2-71	535-538	ſie	_	_	_	
2-72	539-545	wieder	_	_	_	
2-73	546-549	die	_	_	_	
2-74	550-555	Winde	_	_	_	
2-75	555-556	/	_	_	_	
2-76	558-565	Grimmen	_	_	_	
2-77	565-566	/	_	_	_	
2-78	567-570	und	_	_	_	
2-79	571-576	Gifft	_	_	_	
2-80	576-577	;	_	_	_	
2-81	578-580	im	_	_	_	
2-82	581-585	Wein	_	_	_	
2-83	585-586	/	_	_	_	
2-84	587-595	darinnen	_	_	_	
2-85	596-602	Rauten	_	_	_	
2-86	604-612	geſotten	_	_	_	
2-87	612-613	/	_	_	_	
2-88	614-619	wider	_	_	_	
2-89	620-623	die	_	_	_	
2-90	624-629	Frayß	_	_	_	
2-91	630-633	und	_	_	_	
2-92	634-640	andere	_	_	_	
2-93	641-651	erkaltende	_	_	_	
2-94	652-659	Zuſtaͤn	_	_	_	
2-95	659-660	-	_	_	_	
2-96	661-663	de	_	_	_	
2-97	664-667	des	_	_	_	
2-98	668-675	Haubtes	_	_	_	
2-99	675-676	/	_	_	_	
2-100	677-683	bewegt	_	_	_	
2-101	684-687	und	_	_	_	
2-102	688-697	ſtaͤrcket	_	_	_	
2-103	698-701	das	_	_	_	
2-104	702-706	Hirn	_	_	_	
2-105	706-707	/	_	_	_	
2-106	708-711	ver	_	_	_	
2-107	711-712	-	_	_	_	
2-108	713-719	treibt	_	_	_	
2-109	720-723	die	_	_	_	
2-110	724-736	Schlaffſucht	_	_	_	
2-111	736-737	;	_	_	_	
2-112	738-741	der	_	_	_	
2-113	742-747	Rauch	Smell\_Word[3]|Smell\_Source[4]	*|*	2-115[5_3]|2-113[4_3]	
2-114	748-753	davon	_	_	_	
2-115	754-757	iſt	Effect[5]	_	_	
2-116	758-761	gut	Effect[5]	_	_	
2-117	762-767	denen	Effect[5]	_	_	
2-118	767-768	/	Effect[5]	_	_	
2-119	770-773	die	Effect[5]	_	_	
2-120	774-777	die	Effect[5]	_	_	
2-121	778-790	Mutter-Frayß	Effect[5]	_	_	
2-122	791-797	leiden	Effect[5]	_	_	
2-123	797-798	.	_	_	_	

#Text=Olaus Magnus ſchreibt/ daß die Nordiſchen Wei-
#Text=ber ein gewiſſes Experiment haben/ daß ſie einer zum
#Text=Kind arbeitenden Frauen einer Haſelnuß groß Bibergail
#Text=in Bier zu trincken geben/ davon die Geburt mercklich
#Text=erleichtert wird;
#Text=zur Zeit der Infection machen ſie einen
#Text=Rauch davon/
3-1	802-807	Olaus	_	_	_	
3-2	808-814	Magnus	_	_	_	
3-3	815-823	ſchreibt	_	_	_	
3-4	823-824	/	_	_	_	
3-5	825-828	daß	_	_	_	
3-6	829-832	die	_	_	_	
3-7	833-843	Nordiſchen	_	_	_	
3-8	844-847	Wei	_	_	_	
3-9	847-848	-	_	_	_	
3-10	849-852	ber	_	_	_	
3-11	853-856	ein	_	_	_	
3-12	857-865	gewiſſes	_	_	_	
3-13	866-876	Experiment	_	_	_	
3-14	877-882	haben	_	_	_	
3-15	882-883	/	_	_	_	
3-16	884-887	daß	_	_	_	
3-17	888-891	ſie	_	_	_	
3-18	892-897	einer	_	_	_	
3-19	898-901	zum	_	_	_	
3-20	902-906	Kind	_	_	_	
3-21	907-918	arbeitenden	_	_	_	
3-22	919-925	Frauen	_	_	_	
3-23	926-931	einer	_	_	_	
3-24	932-940	Haſelnuß	_	_	_	
3-25	941-945	groß	_	_	_	
3-26	946-955	Bibergail	_	_	_	
3-27	956-958	in	_	_	_	
3-28	959-963	Bier	_	_	_	
3-29	964-966	zu	_	_	_	
3-30	967-975	trincken	_	_	_	
3-31	976-981	geben	_	_	_	
3-32	981-982	/	_	_	_	
3-33	983-988	davon	_	_	_	
3-34	989-992	die	_	_	_	
3-35	993-999	Geburt	_	_	_	
3-36	1000-1009	mercklich	_	_	_	
3-37	1010-1021	erleichtert	_	_	_	
3-38	1022-1026	wird	_	_	_	
3-39	1026-1027	;	_	_	_	
3-40	1028-1031	zur	_	_	_	
3-41	1032-1036	Zeit	_	_	_	
3-42	1037-1040	der	_	_	_	
3-43	1041-1050	Infection	_	_	_	
3-44	1051-1057	machen	_	_	_	
3-45	1058-1061	ſie	_	_	_	
3-46	1062-1067	einen	_	_	_	
3-47	1068-1073	Rauch	_	_	_	
3-48	1074-1079	davon	_	_	_	
3-49	1079-1080	/	_	_	_	
