#FORMAT=WebAnno TSV 3.3


#Text=24 Opera omnis carnis coram illo, et non est quidquam absconditum ab oculis ejus.
#Text=25 A sæculo usque in sæculum respicit, et nihil est mirabile in conspectu ejus.
#Text=26 Non est dicere : Quid est hoc, aut quid est istud ?
1-1	2-4	24	
1-2	5-10	Opera	
1-3	11-16	omnis	
1-4	17-23	carnis	
1-5	24-29	coram	
1-6	30-34	illo	
1-7	34-35	,	
1-8	36-38	et	
1-9	39-42	non	
1-10	43-46	est	
1-11	47-55	quidquam	
1-12	56-67	absconditum	
1-13	68-70	ab	
1-14	71-77	oculis	
1-15	78-82	ejus	
1-16	82-83	.	
1-17	84-86	25	
1-18	87-88	A	
1-19	89-95	sæculo	
1-20	96-101	usque	
1-21	102-104	in	
1-22	105-112	sæculum	
1-23	113-121	respicit	
1-24	121-122	,	
1-25	123-125	et	
1-26	126-131	nihil	
1-27	132-135	est	
1-28	136-144	mirabile	
1-29	145-147	in	
1-30	148-157	conspectu	
1-31	158-162	ejus	
1-32	162-163	.	
1-33	164-166	26	
1-34	167-170	Non	
1-35	171-174	est	
1-36	175-181	dicere	
1-37	182-183	:	
1-38	184-188	Quid	
1-39	189-192	est	
1-40	193-196	hoc	
1-41	196-197	,	
1-42	198-201	aut	
1-43	202-206	quid	
1-44	207-210	est	
1-45	211-216	istud	
1-46	217-218	?	

#Text=omnia enim in tempore suo quærentur.
#Text=27 Benedictio illius quasi fluvius inundavit.
#Text=28 Quomodo cataclysmus aridam inebriavit, sic ira ipsius gentes quæ non exquisierunt eum hæreditabit.
#Text=29 Quomodo convertit aquas in siccitatem, et siccata est terra, et viæ illius viis illorum directæ sunt, sic peccatoribus offensiones in ira ejus.
#Text=30 Bona bonis creata sunt ab initio : sic nequissimis bona et mala.
#Text=31 Initium necessariæ rei vitæ hominum, aqua, ignis, et ferrum, sal, lac, et panis similagineus, et mel, et botrus uvæ, et oleum, et vestimentum.
#Text=32 Hæc omnia sanctis in bona, sic et impiis et peccatoribus in mala convertentur.
#Text=33 Sunt spiritus qui ad vindictam creati sunt, et in furore suo confirmaverunt tormenta sua.
#Text=34 In tempore consummationis effundent virtutem, et furorem ejus qui fecit illos placabunt.
#Text=35 Ignis, grando, fames, et mors, omnia hæc ad vindictam creata sunt : 36 bestiarum dentes, et scorpii, et serpentes, et rhomphæa vindicans in exterminium impios.
#Text=37 In mandatis ejus epulabuntur : et super terram in necessitatem præparabuntur, et in temporibus suis non præterient verbum.
#Text=38 Propterea ab initio confirmatus sum, et consiliatus sum, et cogitavi, et scripta dimisi.
#Text=39 Omnia opera Domini bona, et omne opus hora sua subministrabit.
#Text=40 Non est dicere : Hoc illo nequius est : omnia enim in tempore suo comprobabuntur.
#Text=41 Et nunc in omni corde et ore collaudate, et benedicite nomen Domini.
2-1	219-224	omnia	
2-2	225-229	enim	
2-3	230-232	in	
2-4	233-240	tempore	
2-5	241-244	suo	
2-6	245-254	quærentur	
2-7	254-255	.	
2-8	256-258	27	
2-9	259-269	Benedictio	
2-10	270-276	illius	
2-11	277-282	quasi	
2-12	283-290	fluvius	
2-13	291-300	inundavit	
2-14	300-301	.	
2-15	302-304	28	
2-16	305-312	Quomodo	
2-17	313-324	cataclysmus	
2-18	325-331	aridam	
2-19	332-342	inebriavit	
2-20	342-343	,	
2-21	344-347	sic	
2-22	348-351	ira	
2-23	352-358	ipsius	
2-24	359-365	gentes	
2-25	366-369	quæ	
2-26	370-373	non	
2-27	374-386	exquisierunt	
2-28	387-390	eum	
2-29	391-402	hæreditabit	
2-30	402-403	.	
2-31	404-406	29	
2-32	407-414	Quomodo	
2-33	415-424	convertit	
2-34	425-430	aquas	
2-35	431-433	in	
2-36	434-444	siccitatem	
2-37	444-445	,	
2-38	446-448	et	
2-39	449-456	siccata	
2-40	457-460	est	
2-41	461-466	terra	
2-42	466-467	,	
2-43	468-470	et	
2-44	471-474	viæ	
2-45	475-481	illius	
2-46	482-486	viis	
2-47	487-494	illorum	
2-48	495-502	directæ	
2-49	503-507	sunt	
2-50	507-508	,	
2-51	509-512	sic	
2-52	513-525	peccatoribus	
2-53	526-537	offensiones	
2-54	538-540	in	
2-55	541-544	ira	
2-56	545-549	ejus	
2-57	549-550	.	
2-58	551-553	30	
2-59	554-558	Bona	
2-60	559-564	bonis	
2-61	565-571	creata	
2-62	572-576	sunt	
2-63	577-579	ab	
2-64	580-586	initio	
2-65	587-588	:	
2-66	589-592	sic	
2-67	593-604	nequissimis	
2-68	605-609	bona	
2-69	610-612	et	
2-70	613-617	mala	
2-71	617-618	.	
2-72	619-621	31	
2-73	622-629	Initium	
2-74	630-640	necessariæ	
2-75	641-644	rei	
2-76	645-649	vitæ	
2-77	650-657	hominum	
2-78	657-658	,	
2-79	659-663	aqua	
2-80	663-664	,	
2-81	665-670	ignis	
2-82	670-671	,	
2-83	672-674	et	
2-84	675-681	ferrum	
2-85	681-682	,	
2-86	683-686	sal	
2-87	686-687	,	
2-88	688-691	lac	
2-89	691-692	,	
2-90	693-695	et	
2-91	696-701	panis	
2-92	702-714	similagineus	
2-93	714-715	,	
2-94	716-718	et	
2-95	719-722	mel	
2-96	722-723	,	
2-97	724-726	et	
2-98	727-733	botrus	
2-99	734-737	uvæ	
2-100	737-738	,	
2-101	739-741	et	
2-102	742-747	oleum	
2-103	747-748	,	
2-104	749-751	et	
2-105	752-763	vestimentum	
2-106	763-764	.	
2-107	765-767	32	
2-108	768-771	Hæc	
2-109	772-777	omnia	
2-110	778-785	sanctis	
2-111	786-788	in	
2-112	789-793	bona	
2-113	793-794	,	
2-114	795-798	sic	
2-115	799-801	et	
2-116	802-808	impiis	
2-117	809-811	et	
2-118	812-824	peccatoribus	
2-119	825-827	in	
2-120	828-832	mala	
2-121	833-845	convertentur	
2-122	845-846	.	
2-123	847-849	33	
2-124	850-854	Sunt	
2-125	855-863	spiritus	
2-126	864-867	qui	
2-127	868-870	ad	
2-128	871-880	vindictam	
2-129	881-887	creati	
2-130	888-892	sunt	
2-131	892-893	,	
2-132	894-896	et	
2-133	897-899	in	
2-134	900-906	furore	
2-135	907-910	suo	
2-136	911-925	confirmaverunt	
2-137	926-934	tormenta	
2-138	935-938	sua	
2-139	938-939	.	
2-140	940-942	34	
2-141	943-945	In	
2-142	946-953	tempore	
2-143	954-968	consummationis	
2-144	969-978	effundent	
2-145	979-987	virtutem	
2-146	987-988	,	
2-147	989-991	et	
2-148	992-999	furorem	
2-149	1000-1004	ejus	
2-150	1005-1008	qui	
2-151	1009-1014	fecit	
2-152	1015-1020	illos	
2-153	1021-1030	placabunt	
2-154	1030-1031	.	
2-155	1032-1034	35	
2-156	1035-1040	Ignis	
2-157	1040-1041	,	
2-158	1042-1048	grando	
2-159	1048-1049	,	
2-160	1050-1055	fames	
2-161	1055-1056	,	
2-162	1057-1059	et	
2-163	1060-1064	mors	
2-164	1064-1065	,	
2-165	1066-1071	omnia	
2-166	1072-1075	hæc	
2-167	1076-1078	ad	
2-168	1079-1088	vindictam	
2-169	1089-1095	creata	
2-170	1096-1100	sunt	
2-171	1101-1102	:	
2-172	1103-1105	36	
2-173	1106-1115	bestiarum	
2-174	1116-1122	dentes	
2-175	1122-1123	,	
2-176	1124-1126	et	
2-177	1127-1134	scorpii	
2-178	1134-1135	,	
2-179	1136-1138	et	
2-180	1139-1148	serpentes	
2-181	1148-1149	,	
2-182	1150-1152	et	
2-183	1153-1161	rhomphæa	
2-184	1162-1171	vindicans	
2-185	1172-1174	in	
2-186	1175-1186	exterminium	
2-187	1187-1193	impios	
2-188	1193-1194	.	
2-189	1195-1197	37	
2-190	1198-1200	In	
2-191	1201-1209	mandatis	
2-192	1210-1214	ejus	
2-193	1215-1226	epulabuntur	
2-194	1227-1228	:	
2-195	1229-1231	et	
2-196	1232-1237	super	
2-197	1238-1244	terram	
2-198	1245-1247	in	
2-199	1248-1260	necessitatem	
2-200	1261-1274	præparabuntur	
2-201	1274-1275	,	
2-202	1276-1278	et	
2-203	1279-1281	in	
2-204	1282-1292	temporibus	
2-205	1293-1297	suis	
2-206	1298-1301	non	
2-207	1302-1312	præterient	
2-208	1313-1319	verbum	
2-209	1319-1320	.	
2-210	1321-1323	38	
2-211	1324-1333	Propterea	
2-212	1334-1336	ab	
2-213	1337-1343	initio	
2-214	1344-1355	confirmatus	
2-215	1356-1359	sum	
2-216	1359-1360	,	
2-217	1361-1363	et	
2-218	1364-1375	consiliatus	
2-219	1376-1379	sum	
2-220	1379-1380	,	
2-221	1381-1383	et	
2-222	1384-1392	cogitavi	
2-223	1392-1393	,	
2-224	1394-1396	et	
2-225	1397-1404	scripta	
2-226	1405-1411	dimisi	
2-227	1411-1412	.	
2-228	1413-1415	39	
2-229	1416-1421	Omnia	
2-230	1422-1427	opera	
2-231	1428-1434	Domini	
2-232	1435-1439	bona	
2-233	1439-1440	,	
2-234	1441-1443	et	
2-235	1444-1448	omne	
2-236	1449-1453	opus	
2-237	1454-1458	hora	
2-238	1459-1462	sua	
2-239	1463-1477	subministrabit	
2-240	1477-1478	.	
2-241	1479-1481	40	
2-242	1482-1485	Non	
2-243	1486-1489	est	
2-244	1490-1496	dicere	
2-245	1497-1498	:	
2-246	1499-1502	Hoc	
2-247	1503-1507	illo	
2-248	1508-1515	nequius	
2-249	1516-1519	est	
2-250	1520-1521	:	
2-251	1522-1527	omnia	
2-252	1528-1532	enim	
2-253	1533-1535	in	
2-254	1536-1543	tempore	
2-255	1544-1547	suo	
2-256	1548-1562	comprobabuntur	
2-257	1562-1563	.	
2-258	1564-1566	41	
2-259	1567-1569	Et	
2-260	1570-1574	nunc	
2-261	1575-1577	in	
2-262	1578-1582	omni	
2-263	1583-1588	corde	
2-264	1589-1591	et	
2-265	1592-1595	ore	
2-266	1596-1606	collaudate	
2-267	1606-1607	,	
2-268	1608-1610	et	
2-269	1611-1621	benedicite	
2-270	1622-1627	nomen	
2-271	1628-1634	Domini	
2-272	1634-1635	.	

#Text=Caput 40
#Text=
#Text=
#Text=1 Occupatio magna creata est omnibus hominibus, et jugum grave super filios Adam, a die exitus de ventre matris eorum usque in diem sepulturæ in matrem omnium.
#Text=2 Cogitationes eorum, et timores cordis, adinventio exspectationis, et dies finitionis, 3 a residente super sedem gloriosam, usque ad humiliatum in terra et cinere : 4 ab eo qui utitur hyacintho et portat coronam, usque ad eum qui operitur lino crudo : furor, zelus, tumultus, fluctuatio, et timor mortis, iracundia perseverans, et contentio : 5 et in tempore refectionis in cubili, somnus noctis immutat scientiam ejus.
3-1	1636-1641	Caput	
3-2	1642-1644	40	
3-3	1647-1648	1	
3-4	1649-1658	Occupatio	
3-5	1659-1664	magna	
3-6	1665-1671	creata	
3-7	1672-1675	est	
3-8	1676-1683	omnibus	
3-9	1684-1693	hominibus	
3-10	1693-1694	,	
3-11	1695-1697	et	
3-12	1698-1703	jugum	
3-13	1704-1709	grave	
3-14	1710-1715	super	
3-15	1716-1722	filios	
3-16	1723-1727	Adam	
3-17	1727-1728	,	
3-18	1729-1730	a	
3-19	1731-1734	die	
3-20	1735-1741	exitus	
3-21	1742-1744	de	
3-22	1745-1751	ventre	
3-23	1752-1758	matris	
3-24	1759-1764	eorum	
3-25	1765-1770	usque	
3-26	1771-1773	in	
3-27	1774-1778	diem	
3-28	1779-1788	sepulturæ	
3-29	1789-1791	in	
3-30	1792-1798	matrem	
3-31	1799-1805	omnium	
3-32	1805-1806	.	
3-33	1807-1808	2	
3-34	1809-1821	Cogitationes	
3-35	1822-1827	eorum	
3-36	1827-1828	,	
3-37	1829-1831	et	
3-38	1832-1839	timores	
3-39	1840-1846	cordis	
3-40	1846-1847	,	
3-41	1848-1858	adinventio	
3-42	1859-1873	exspectationis	
3-43	1873-1874	,	
3-44	1875-1877	et	
3-45	1878-1882	dies	
3-46	1883-1893	finitionis	
3-47	1893-1894	,	
3-48	1895-1896	3	
3-49	1897-1898	a	
3-50	1899-1908	residente	
3-51	1909-1914	super	
3-52	1915-1920	sedem	
3-53	1921-1930	gloriosam	
3-54	1930-1931	,	
3-55	1932-1937	usque	
3-56	1938-1940	ad	
3-57	1941-1951	humiliatum	
3-58	1952-1954	in	
3-59	1955-1960	terra	
3-60	1961-1963	et	
3-61	1964-1970	cinere	
3-62	1971-1972	:	
3-63	1973-1974	4	
3-64	1975-1977	ab	
3-65	1978-1980	eo	
3-66	1981-1984	qui	
3-67	1985-1991	utitur	
3-68	1992-2001	hyacintho	
3-69	2002-2004	et	
3-70	2005-2011	portat	
3-71	2012-2019	coronam	
3-72	2019-2020	,	
3-73	2021-2026	usque	
3-74	2027-2029	ad	
3-75	2030-2033	eum	
3-76	2034-2037	qui	
3-77	2038-2046	operitur	
3-78	2047-2051	lino	
3-79	2052-2057	crudo	
3-80	2058-2059	:	
3-81	2060-2065	furor	
3-82	2065-2066	,	
3-83	2067-2072	zelus	
3-84	2072-2073	,	
3-85	2074-2082	tumultus	
3-86	2082-2083	,	
3-87	2084-2094	fluctuatio	
3-88	2094-2095	,	
3-89	2096-2098	et	
3-90	2099-2104	timor	
3-91	2105-2111	mortis	
3-92	2111-2112	,	
3-93	2113-2122	iracundia	
3-94	2123-2134	perseverans	
3-95	2134-2135	,	
3-96	2136-2138	et	
3-97	2139-2148	contentio	
3-98	2149-2150	:	
3-99	2151-2152	5	
3-100	2153-2155	et	
3-101	2156-2158	in	
3-102	2159-2166	tempore	
3-103	2167-2178	refectionis	
3-104	2179-2181	in	
3-105	2182-2188	cubili	
3-106	2188-2189	,	
3-107	2190-2196	somnus	
3-108	2197-2203	noctis	
3-109	2204-2211	immutat	
3-110	2212-2221	scientiam	
3-111	2222-2226	ejus	
3-112	2226-2227	.	
