#FORMAT=WebAnno TSV 3.3


#Text=Volgt de Verslinder, die een middelslag tusschen de Torren en de Oorwurmen
#Text=is,
#Text=ende met twee tanden, die hy heeft, de Pierwurmen veerdig weet om te brengen,
#Text=ende dan uyt te suygen.
1-1	2-7	Volgt	
1-2	8-10	de	
1-3	11-21	Verslinder	
1-4	21-22	,	
1-5	23-26	die	
1-6	27-30	een	
1-7	31-41	middelslag	
1-8	42-50	tusschen	
1-9	51-53	de	
1-10	54-60	Torren	
1-11	61-63	en	
1-12	64-66	de	
1-13	67-76	Oorwurmen	
1-14	77-79	is	
1-15	79-80	,	
1-16	81-85	ende	
1-17	86-89	met	
1-18	90-94	twee	
1-19	95-101	tanden	
1-20	101-102	,	
1-21	103-106	die	
1-22	107-109	hy	
1-23	110-115	heeft	
1-24	115-116	,	
1-25	117-119	de	
1-26	120-130	Pierwurmen	
1-27	131-138	veerdig	
1-28	139-143	weet	
1-29	144-146	om	
1-30	147-149	te	
1-31	150-157	brengen	
1-32	157-158	,	
1-33	159-163	ende	
1-34	164-167	dan	
1-35	168-171	uyt	
1-36	172-174	te	
1-37	175-181	suygen	
1-38	181-182	.	

#Text=Ontrent dit Dierken bevinden wy Goedaert op drie plaatsen
#Text=te dwaalen:
#Text=het welke wy 't een of 't ander tyd mogelyk sullen voorstellen.
2-1	183-190	Ontrent	
2-2	191-194	dit	
2-3	195-202	Dierken	
2-4	203-211	bevinden	
2-5	212-214	wy	
2-6	215-223	Goedaert	
2-7	224-226	op	
2-8	227-231	drie	
2-9	232-240	plaatsen	
2-10	241-243	te	
2-11	244-251	dwaalen	
2-12	251-252	:	
2-13	253-256	het	
2-14	257-262	welke	
2-15	263-265	wy	
2-16	266-267	'	
2-17	267-268	t	
2-18	269-272	een	
2-19	273-275	of	
2-20	276-277	'	
2-21	277-278	t	
2-22	279-284	ander	
2-23	285-288	tyd	
2-24	289-296	mogelyk	
2-25	297-303	sullen	
2-26	304-315	voorstellen	
2-27	315-316	.	

#Text=Dit Beesken
#Text=ende de Wurm, daar hy uyt groeit, bevinden wy ook by Moufetus beschreeven te
#Text=syn.
3-1	317-320	Dit	
3-2	321-328	Beesken	
3-3	329-333	ende	
3-4	334-336	de	
3-5	337-341	Wurm	
3-6	341-342	,	
3-7	343-347	daar	
3-8	348-350	hy	
3-9	351-354	uyt	
3-10	355-361	groeit	
3-11	361-362	,	
3-12	363-371	bevinden	
3-13	372-374	wy	
3-14	375-378	ook	
3-15	379-381	by	
3-16	382-390	Moufetus	
3-17	391-402	beschreeven	
3-18	403-405	te	
3-19	406-409	syn	
3-20	409-410	.	

#Text=Van dit Beesken nu bewaaren
#Text=wy vyf soorten, met de Wurm ende het Popken,
#Text=dat nogtans enigsins duyster de leeden vertoont.
4-1	411-414	Van	
4-2	415-418	dit	
4-3	419-426	Beesken	
4-4	427-429	nu	
4-5	430-438	bewaaren	
4-6	439-441	wy	
4-7	442-445	vyf	
4-8	446-453	soorten	
4-9	453-454	,	
4-10	455-458	met	
4-11	459-461	de	
4-12	462-466	Wurm	
4-13	467-471	ende	
4-14	472-475	het	
4-15	476-482	Popken	
4-16	482-483	,	
4-17	484-487	dat	
4-18	488-495	nogtans	
4-19	496-504	enigsins	
4-20	505-512	duyster	
4-21	513-515	de	
4-22	516-522	leeden	
4-23	523-531	vertoont	
4-24	531-532	.	

#Text=Deese Dierkens bevinden wy
#Text=
#Text=Jan Swammerdam, Bybel der natuure of historie der insecten.
5-1	533-538	Deese	
5-2	539-547	Dierkens	
5-3	548-556	bevinden	
5-4	557-559	wy	
5-5	561-564	Jan	
5-6	565-575	Swammerdam	
5-7	575-576	,	
5-8	577-582	Bybel	
5-9	583-586	der	
5-10	587-594	natuure	
5-11	595-597	of	
5-12	598-606	historie	
5-13	607-610	der	
5-14	611-619	insecten	
5-15	619-620	.	

#Text=Deel 1
#Text=
#Text=\fverciert te syn met Hoornen als van vliegende Geyten.
6-1	621-625	Deel	
6-2	626-627	1	
6-3	630-638	verciert	
6-4	639-641	te	
6-5	642-645	syn	
6-6	646-649	met	
6-7	650-657	Hoornen	
6-8	658-661	als	
6-9	662-665	van	
6-10	666-675	vliegende	
6-11	676-682	Geyten	
6-12	682-683	.	

#Text=Soo bemerken wy ook haare
#Text=vleugelen op een ongemeene wys gevouwen te syn, als in de Oorwurmen.
7-1	684-687	Soo	
7-2	688-696	bemerken	
7-3	697-699	wy	
7-4	700-703	ook	
7-5	704-709	haare	
7-6	710-719	vleugelen	
7-7	720-722	op	
7-8	723-726	een	
7-9	727-736	ongemeene	
7-10	737-740	wys	
7-11	741-749	gevouwen	
7-12	750-752	te	
7-13	753-756	syn	
7-14	756-757	,	
7-15	758-761	als	
7-16	762-764	in	
7-17	765-767	de	
7-18	768-777	Oorwurmen	
7-19	777-778	.	

#Text=Verders kunnen wy vertoonen vier soorten van Torrekens, dewelke alsse op de
#Text=rug ofte op den buyk leggen, door een saamentrekking ende persing van het hooft
#Text=ende de borst tegens de aarde, een spronk in de lucht doen.
8-1	780-787	Verders	
8-2	788-794	kunnen	
8-3	795-797	wy	
8-4	798-807	vertoonen	
8-5	808-812	vier	
8-6	813-820	soorten	
8-7	821-824	van	
8-8	825-834	Torrekens	
8-9	834-835	,	
8-10	836-843	dewelke	
8-11	844-849	alsse	
8-12	850-852	op	
8-13	853-855	de	
8-14	856-859	rug	
8-15	860-864	ofte	
8-16	865-867	op	
8-17	868-871	den	
8-18	872-876	buyk	
8-19	877-883	leggen	
8-20	883-884	,	
8-21	885-889	door	
8-22	890-893	een	
8-23	894-908	saamentrekking	
8-24	909-913	ende	
8-25	914-921	persing	
8-26	922-925	van	
8-27	926-929	het	
8-28	930-935	hooft	
8-29	936-940	ende	
8-30	941-943	de	
8-31	944-949	borst	
8-32	950-956	tegens	
8-33	957-959	de	
8-34	960-965	aarde	
8-35	965-966	,	
8-36	967-970	een	
8-37	971-977	spronk	
8-38	978-980	in	
8-39	981-983	de	
8-40	984-989	lucht	
8-41	990-994	doen	
8-42	994-995	.	

#Text=Waarom wy haar de
#Text=naam van Sprink-haan-Torren oordeelen toe te koomen.
9-1	996-1002	Waarom	
9-2	1003-1005	wy	
9-3	1006-1010	haar	
9-4	1011-1013	de	
9-5	1014-1018	naam	
9-6	1019-1022	van	
9-7	1023-1041	Sprink-haan-Torren	
9-8	1042-1051	oordeelen	
9-9	1052-1055	toe	
9-10	1056-1058	te	
9-11	1059-1065	koomen	
9-12	1065-1066	.	

#Text=Soo bevind
#Text=sig by ons een Torreke, het welke, de voorste beenkens strak ende
#Text=styf settende,
#Text=ende syn hooft tusschen deselve heen buygende, een vervangent
#Text=geklop ende geklaater op het oude hout, muuren, ende solderingen komt te maaken:
#Text=
#Text=het welk geklop somtyts soodanig een helder geluyt geeft, dat eenige dit hoorende,
#Text=een nagtgespook omtrent haar te weesen, sig ingebeelt hebben.
10-1	1068-1071	Soo	
10-2	1072-1078	bevind	
10-3	1079-1082	sig	
10-4	1083-1085	by	
10-5	1086-1089	ons	
10-6	1090-1093	een	
10-7	1094-1101	Torreke	
10-8	1101-1102	,	
10-9	1103-1106	het	
10-10	1107-1112	welke	
10-11	1112-1113	,	
10-12	1114-1116	de	
10-13	1117-1124	voorste	
10-14	1125-1133	beenkens	
10-15	1134-1139	strak	
10-16	1140-1144	ende	
10-17	1145-1149	styf	
10-18	1150-1158	settende	
10-19	1158-1159	,	
10-20	1160-1164	ende	
10-21	1165-1168	syn	
10-22	1169-1174	hooft	
10-23	1175-1183	tusschen	
10-24	1184-1191	deselve	
10-25	1192-1196	heen	
10-26	1197-1205	buygende	
10-27	1205-1206	,	
10-28	1207-1210	een	
10-29	1211-1221	vervangent	
10-30	1222-1228	geklop	
10-31	1229-1233	ende	
10-32	1234-1243	geklaater	
10-33	1244-1246	op	
10-34	1247-1250	het	
10-35	1251-1255	oude	
10-36	1256-1260	hout	
10-37	1260-1261	,	
10-38	1262-1268	muuren	
10-39	1268-1269	,	
10-40	1270-1274	ende	
10-41	1275-1286	solderingen	
10-42	1287-1291	komt	
10-43	1292-1294	te	
10-44	1295-1301	maaken	
10-45	1301-1302	:	
10-46	1304-1307	het	
10-47	1308-1312	welk	
10-48	1313-1319	geklop	
10-49	1320-1327	somtyts	
10-50	1328-1336	soodanig	
10-51	1337-1340	een	
10-52	1341-1347	helder	
10-53	1348-1354	geluyt	
10-54	1355-1360	geeft	
10-55	1360-1361	,	
10-56	1362-1365	dat	
10-57	1366-1372	eenige	
10-58	1373-1376	dit	
10-59	1377-1385	hoorende	
10-60	1385-1386	,	
10-61	1387-1390	een	
10-62	1391-1402	nagtgespook	
10-63	1403-1410	omtrent	
10-64	1411-1415	haar	
10-65	1416-1418	te	
10-66	1419-1425	weesen	
10-67	1425-1426	,	
10-68	1427-1430	sig	
10-69	1431-1440	ingebeelt	
10-70	1441-1447	hebben	
10-71	1447-1448	.	

#Text=Om welke reedenen
#Text=wy oordeelen, dit Torreken bequamentlyk het Hooft-klopperken genoemt te kunnen
#Text=werden.
11-1	1449-1451	Om	
11-2	1452-1457	welke	
11-3	1458-1466	reedenen	
11-4	1467-1469	wy	
11-5	1470-1479	oordeelen	
11-6	1479-1480	,	
11-7	1481-1484	dit	
11-8	1485-1493	Torreken	
11-9	1494-1506	bequamentlyk	
11-10	1507-1510	het	
11-11	1511-1527	Hooft-klopperken	
11-12	1528-1535	genoemt	
11-13	1536-1538	te	
11-14	1539-1545	kunnen	
11-15	1546-1552	werden	
11-16	1552-1553	.	

#Text=Ontrent andere soorten van Kevers bevinden wy, dat se haar geluyt met
#Text=het hooft, dat se tegens de borst vryven, maaken, ofte ook met de start ofte de buyk,
#Text=dewelke sy tegens de kokerkens haarer Vleugelen aanperssen;
#Text=ende soo door
#Text=middel van dat gevrikkel een besonder geluyt geeven.
12-1	1554-1561	Ontrent	
12-2	1562-1568	andere	
12-3	1569-1576	soorten	
12-4	1577-1580	van	
12-5	1581-1587	Kevers	
12-6	1588-1596	bevinden	
12-7	1597-1599	wy	
12-8	1599-1600	,	
12-9	1601-1604	dat	
12-10	1605-1607	se	
12-11	1608-1612	haar	
12-12	1613-1619	geluyt	
12-13	1620-1623	met	
12-14	1624-1627	het	
12-15	1628-1633	hooft	
12-16	1633-1634	,	
12-17	1635-1638	dat	
12-18	1639-1641	se	
12-19	1642-1648	tegens	
12-20	1649-1651	de	
12-21	1652-1657	borst	
12-22	1658-1664	vryven	
12-23	1664-1665	,	
12-24	1666-1672	maaken	
12-25	1672-1673	,	
12-26	1674-1678	ofte	
12-27	1679-1682	ook	
12-28	1683-1686	met	
12-29	1687-1689	de	
12-30	1690-1695	start	
12-31	1696-1700	ofte	
12-32	1701-1703	de	
12-33	1704-1708	buyk	
12-34	1708-1709	,	
12-35	1710-1717	dewelke	
12-36	1718-1720	sy	
12-37	1721-1727	tegens	
12-38	1728-1730	de	
12-39	1731-1740	kokerkens	
12-40	1741-1747	haarer	
12-41	1748-1757	Vleugelen	
12-42	1758-1768	aanperssen	
12-43	1768-1769	;	
12-44	1770-1774	ende	
12-45	1775-1778	soo	
12-46	1779-1783	door	
12-47	1784-1790	middel	
12-48	1791-1794	van	
12-49	1795-1798	dat	
12-50	1799-1808	gevrikkel	
12-51	1809-1812	een	
12-52	1813-1821	besonder	
12-53	1822-1828	geluyt	
12-54	1829-1835	geeven	
12-55	1835-1836	.	
