#FORMAT=WebAnno TSV 3.3
#T_SP=custom.Span|label
#T_RL=custom.Relation|label|BT_custom.Span


#Text=Daher vermeinten
#Text=auch die Spanier, als ſie das erſte mahl
#Text=an der Jnſel Florida gelandet, es waͤ-
#Text=
#Text=ren Zimmtbaͤume, weil ſie den ſtarcken
#Text=lieblichen Geruch auf zwey Meil weges
#Text=empfunden;
#Text=als ſie aber ausgeſtiegen
#Text=und unter den Baͤumen ſtunden
#Text=, ſahen
#Text=ſie ſich zwar in ihrer Hoffnung betro-
#Text=gen/ iedoch, nachdem ſie dieſelben genau
#Text=examiniret und unterſuchet, urtheilten
#Text=ſie gar wohl, daß ſie nicht aller Kraft
#Text=entbloͤſet waͤren, brachten ſie deswegen
#Text=
#Text=mit nach Spanien, woſelbſt das Pfund
#Text=um 40.
1-1	2-7	Daher	_	_	_	
1-2	8-18	vermeinten	_	_	_	
1-3	19-23	auch	_	_	_	
1-4	24-27	die	_	_	_	
1-5	28-35	Spanier	_	_	_	
1-6	35-36	,	_	_	_	
1-7	37-40	als	_	_	_	
1-8	41-44	ſie	_	_	_	
1-9	45-48	das	_	_	_	
1-10	49-54	erſte	_	_	_	
1-11	55-59	mahl	_	_	_	
1-12	60-62	an	_	_	_	
1-13	63-66	der	_	_	_	
1-14	67-72	Jnſel	_	_	_	
1-15	73-80	Florida	_	_	_	
1-16	81-89	gelandet	_	_	_	
1-17	89-90	,	_	_	_	
1-18	91-93	es	_	_	_	
1-19	94-97	waͤ	_	_	_	
1-20	97-98	-	_	_	_	
1-21	100-103	ren	_	_	_	
1-22	104-115	Zimmtbaͤume	Evoked\_Odorant	_	_	
1-23	115-116	,	_	_	_	
1-24	117-121	weil	_	_	_	
1-25	122-125	ſie	_	_	_	
1-26	126-129	den	_	_	_	
1-27	130-138	ſtarcken	Quality	_	_	
1-28	139-149	lieblichen	Quality	_	_	
1-29	150-156	Geruch	Smell\_Word	*|*|*|*	1-28|1-27|1-22|1-30[1_0]	
1-30	157-160	auf	Location[1]	_	_	
1-31	161-165	zwey	Location[1]	_	_	
1-32	166-170	Meil	Location[1]	_	_	
1-33	171-176	weges	Location[1]	_	_	
1-34	177-186	empfunden	_	_	_	
1-35	186-187	;	_	_	_	
1-36	188-191	als	_	_	_	
1-37	192-195	ſie	_	_	_	
1-38	196-200	aber	_	_	_	
1-39	201-213	ausgeſtiegen	_	_	_	
1-40	214-217	und	_	_	_	
1-41	218-223	unter	_	_	_	
1-42	224-227	den	_	_	_	
1-43	228-235	Baͤumen	_	_	_	
1-44	236-243	ſtunden	_	_	_	
1-45	244-245	,	_	_	_	
1-46	246-251	ſahen	_	_	_	
1-47	252-255	ſie	_	_	_	
1-48	256-260	ſich	_	_	_	
1-49	261-265	zwar	_	_	_	
1-50	266-268	in	_	_	_	
1-51	269-274	ihrer	_	_	_	
1-52	275-283	Hoffnung	_	_	_	
1-53	284-289	betro	_	_	_	
1-54	289-290	-	_	_	_	
1-55	291-294	gen	_	_	_	
1-56	294-295	/	_	_	_	
1-57	296-302	iedoch	_	_	_	
1-58	302-303	,	_	_	_	
1-59	304-311	nachdem	_	_	_	
1-60	312-315	ſie	_	_	_	
1-61	316-325	dieſelben	_	_	_	
1-62	326-331	genau	_	_	_	
1-63	332-342	examiniret	_	_	_	
1-64	343-346	und	_	_	_	
1-65	347-358	unterſuchet	_	_	_	
1-66	358-359	,	_	_	_	
1-67	360-370	urtheilten	_	_	_	
1-68	371-374	ſie	_	_	_	
1-69	375-378	gar	_	_	_	
1-70	379-383	wohl	_	_	_	
1-71	383-384	,	_	_	_	
1-72	385-388	daß	_	_	_	
1-73	389-392	ſie	_	_	_	
1-74	393-398	nicht	_	_	_	
1-75	399-404	aller	_	_	_	
1-76	405-410	Kraft	_	_	_	
1-77	411-421	entbloͤſet	_	_	_	
1-78	422-428	waͤren	_	_	_	
1-79	428-429	,	_	_	_	
1-80	430-438	brachten	_	_	_	
1-81	439-442	ſie	_	_	_	
1-82	443-451	deswegen	_	_	_	
1-83	453-456	mit	_	_	_	
1-84	457-461	nach	_	_	_	
1-85	462-469	Spanien	_	_	_	
1-86	469-470	,	_	_	_	
1-87	471-479	woſelbſt	_	_	_	
1-88	480-483	das	_	_	_	
1-89	484-489	Pfund	_	_	_	
1-90	490-492	um	_	_	_	
1-91	493-495	40	_	_	_	
1-92	495-496	.	_	_	_	

#Text=Francken verkaufft wurde, nach-
#Text=dem es gebraucht, und zur Neapolita-
#Text=niſchen Kranckheit ſo trefflich dienlich
#Text=befunden ward.
2-1	497-505	Francken	_	_	_	
2-2	506-515	verkaufft	_	_	_	
2-3	516-521	wurde	_	_	_	
2-4	521-522	,	_	_	_	
2-5	523-527	nach	_	_	_	
2-6	527-528	-	_	_	_	
2-7	529-532	dem	_	_	_	
2-8	533-535	es	_	_	_	
2-9	536-545	gebraucht	_	_	_	
2-10	545-546	,	_	_	_	
2-11	547-550	und	_	_	_	
2-12	551-554	zur	_	_	_	
2-13	555-564	Neapolita	_	_	_	
2-14	564-565	-	_	_	_	
2-15	566-573	niſchen	_	_	_	
2-16	574-584	Kranckheit	_	_	_	
2-17	585-587	ſo	_	_	_	
2-18	588-597	trefflich	_	_	_	
2-19	598-606	dienlich	_	_	_	
2-20	607-615	befunden	_	_	_	
2-21	616-620	ward	_	_	_	
2-22	620-621	.	_	_	_	

#Text=Dieſes veranlaſſete
#Text=die Spanier wieder nach Florida zu
#Text=kehren, von dannen ſie eine ſolche Men-
#Text=ge Saſſafras mit zu ruͤcke brachten,
#Text=daß er bald darauf ſehr wenig galt: wie
#Text=nun der Preiß gefallen, ſo verminderte
#Text=ſich auch der Gebrauch;
#Text=welches in
#Text=Franckreich nichts ſeltſames.
3-1	622-628	Dieſes	_	_	_	
3-2	629-641	veranlaſſete	_	_	_	
3-3	642-645	die	_	_	_	
3-4	646-653	Spanier	_	_	_	
3-5	654-660	wieder	_	_	_	
3-6	661-665	nach	_	_	_	
3-7	666-673	Florida	_	_	_	
3-8	674-676	zu	_	_	_	
3-9	677-683	kehren	_	_	_	
3-10	683-684	,	_	_	_	
3-11	685-688	von	_	_	_	
3-12	689-695	dannen	_	_	_	
3-13	696-699	ſie	_	_	_	
3-14	700-704	eine	_	_	_	
3-15	705-711	ſolche	_	_	_	
3-16	712-715	Men	_	_	_	
3-17	715-716	-	_	_	_	
3-18	717-719	ge	_	_	_	
3-19	720-729	Saſſafras	_	_	_	
3-20	730-733	mit	_	_	_	
3-21	734-736	zu	_	_	_	
3-22	737-743	ruͤcke	_	_	_	
3-23	744-752	brachten	_	_	_	
3-24	752-753	,	_	_	_	
3-25	754-757	daß	_	_	_	
3-26	758-760	er	_	_	_	
3-27	761-765	bald	_	_	_	
3-28	766-772	darauf	_	_	_	
3-29	773-777	ſehr	_	_	_	
3-30	778-783	wenig	_	_	_	
3-31	784-788	galt	_	_	_	
3-32	788-789	:	_	_	_	
3-33	790-793	wie	_	_	_	
3-34	794-797	nun	_	_	_	
3-35	798-801	der	_	_	_	
3-36	802-807	Preiß	_	_	_	
3-37	808-816	gefallen	_	_	_	
3-38	816-817	,	_	_	_	
3-39	818-820	ſo	_	_	_	
3-40	821-832	verminderte	_	_	_	
3-41	833-837	ſich	_	_	_	
3-42	838-842	auch	_	_	_	
3-43	843-846	der	_	_	_	
3-44	847-855	Gebrauch	_	_	_	
3-45	855-856	;	_	_	_	
3-46	857-864	welches	_	_	_	
3-47	865-867	in	_	_	_	
3-48	868-879	Franckreich	_	_	_	
3-49	880-886	nichts	_	_	_	
3-50	887-896	ſeltſames	_	_	_	
3-51	896-897	.	_	_	_	

#Text=Jhrer
#Text=viele ziehen die Schale des
#Text=Baumes dem Holtze und ſtarcken Aeſten
#Text=vor, welches auch nicht ohne Urſache ge-
#Text=ſchicht, ſintemahl ſie viel ſtaͤrcker riechet,
#Text=denn das Holtz.
4-1	901-906	Jhrer	_	_	_	
4-2	907-912	viele	_	_	_	
4-3	913-919	ziehen	_	_	_	
4-4	920-923	die	_	_	_	
4-5	924-930	Schale	Smell\_Source	_	_	
4-6	931-934	des	_	_	_	
4-7	935-941	Baumes	_	_	_	
4-8	942-945	dem	_	_	_	
4-9	946-952	Holtze	_	_	_	
4-10	953-956	und	_	_	_	
4-11	957-965	ſtarcken	_	_	_	
4-12	966-972	Aeſten	_	_	_	
4-13	973-976	vor	_	_	_	
4-14	976-977	,	_	_	_	
4-15	978-985	welches	_	_	_	
4-16	986-990	auch	_	_	_	
4-17	991-996	nicht	_	_	_	
4-18	997-1001	ohne	_	_	_	
4-19	1002-1009	Urſache	_	_	_	
4-20	1010-1012	ge	_	_	_	
4-21	1012-1013	-	_	_	_	
4-22	1014-1021	ſchicht	_	_	_	
4-23	1021-1022	,	_	_	_	
4-24	1023-1032	ſintemahl	_	_	_	
4-25	1033-1036	ſie	_	_	_	
4-26	1037-1041	viel	_	_	_	
4-27	1042-1051	ſtaͤrcker	Quality	_	_	
4-28	1052-1059	riechet	Smell\_Word	*|*|*	4-27|4-5|4-32	
4-29	1059-1060	,	_	_	_	
4-30	1061-1065	denn	_	_	_	
4-31	1066-1069	das	_	_	_	
4-32	1070-1075	Holtz	Smell\_Source	_	_	
4-33	1075-1076	.	_	_	_	

#Text=Sie iſt ordentlich leich-
#Text=te, aus- und inwendig roͤthlicht, laͤßt
#Text=
#Text=ſich leichtlich zerbrechen, und ſchmeckt
#Text=und riecht gar aromatiſch.
5-1	1077-1080	Sie	Smell\_Source	Same\_span	4-5	
5-2	1081-1084	iſt	_	_	_	
5-3	1085-1095	ordentlich	_	_	_	
5-4	1096-1101	leich	_	_	_	
5-5	1101-1102	-	_	_	_	
5-6	1103-1105	te	_	_	_	
5-7	1105-1106	,	_	_	_	
5-8	1107-1110	aus	_	_	_	
5-9	1110-1111	-	_	_	_	
5-10	1112-1115	und	_	_	_	
5-11	1116-1124	inwendig	_	_	_	
5-12	1125-1135	roͤthlicht	_	_	_	
5-13	1135-1136	,	_	_	_	
5-14	1137-1142	laͤßt	_	_	_	
5-15	1144-1148	ſich	_	_	_	
5-16	1149-1159	leichtlich	_	_	_	
5-17	1160-1170	zerbrechen	_	_	_	
5-18	1170-1171	,	_	_	_	
5-19	1172-1175	und	_	_	_	
5-20	1176-1184	ſchmeckt	_	_	_	
5-21	1185-1188	und	_	_	_	
5-22	1189-1195	riecht	Smell\_Word	*|*	5-24|5-1	
5-23	1196-1199	gar	_	_	_	
5-24	1200-1210	aromatiſch	Quality	_	_	
5-25	1210-1211	.	_	_	_	

#Text=Daß alſo
#Text=die Rinde beſſer iſt als die Wurtzel, und
#Text=dieſe beſſer denn das Holtz.
6-1	1212-1215	Daß	_	_	_	
6-2	1216-1220	alſo	_	_	_	
6-3	1221-1224	die	_	_	_	
6-4	1225-1230	Rinde	_	_	_	
6-5	1231-1237	beſſer	_	_	_	
6-6	1238-1241	iſt	_	_	_	
6-7	1242-1245	als	_	_	_	
6-8	1246-1249	die	_	_	_	
6-9	1250-1257	Wurtzel	_	_	_	
6-10	1257-1258	,	_	_	_	
6-11	1259-1262	und	_	_	_	
6-12	1263-1268	dieſe	_	_	_	
6-13	1269-1275	beſſer	_	_	_	
6-14	1276-1280	denn	_	_	_	
6-15	1281-1284	das	_	_	_	
6-16	1285-1290	Holtz	_	_	_	
6-17	1290-1291	.	_	_	_	

#Text=Das Holtz wird zum Gebrauch ge-
#Text=ſpalten oder geraſpelt, da es dann der-
#Text=maſſen ſtarck riecht, daß ſowohl den Ar-
#Text=beitern, als auch denen, die es gebrau-
#Text=chen, die Koͤpfe darnach wehe thun, wel-
#Text=ches dann ſeinen Credit um ein gutes
#Text=verringert hat.
7-1	1295-1298	Das	_	_	_	
7-2	1299-1304	Holtz	Smell\_Source	_	_	
7-3	1305-1309	wird	_	_	_	
7-4	1310-1313	zum	_	_	_	
7-5	1314-1322	Gebrauch	_	_	_	
7-6	1323-1325	ge	_	_	_	
7-7	1325-1326	-	_	_	_	
7-8	1327-1334	ſpalten	_	_	_	
7-9	1335-1339	oder	_	_	_	
7-10	1340-1349	geraſpelt	_	_	_	
7-11	1349-1350	,	_	_	_	
7-12	1351-1353	da	_	_	_	
7-13	1354-1356	es	_	_	_	
7-14	1357-1361	dann	_	_	_	
7-15	1362-1365	der	_	_	_	
7-16	1365-1366	-	_	_	_	
7-17	1367-1373	maſſen	_	_	_	
7-18	1374-1380	ſtarck	Quality	_	_	
7-19	1381-1387	riecht	Smell\_Word	*|*	7-18|7-2	
7-20	1387-1388	,	_	_	_	
7-21	1389-1392	daß	_	_	_	
7-22	1393-1399	ſowohl	_	_	_	
7-23	1400-1403	den	_	_	_	
7-24	1404-1406	Ar	_	_	_	
7-25	1406-1407	-	_	_	_	
7-26	1408-1415	beitern	_	_	_	
7-27	1415-1416	,	_	_	_	
7-28	1417-1420	als	_	_	_	
7-29	1421-1425	auch	_	_	_	
7-30	1426-1431	denen	_	_	_	
7-31	1431-1432	,	_	_	_	
7-32	1433-1436	die	_	_	_	
7-33	1437-1439	es	_	_	_	
7-34	1440-1446	gebrau	_	_	_	
7-35	1446-1447	-	_	_	_	
7-36	1448-1452	chen	_	_	_	
7-37	1452-1453	,	_	_	_	
7-38	1454-1457	die	_	_	_	
7-39	1458-1464	Koͤpfe	_	_	_	
7-40	1465-1472	darnach	_	_	_	
7-41	1473-1477	wehe	_	_	_	
7-42	1478-1482	thun	_	_	_	
7-43	1482-1483	,	_	_	_	
7-44	1484-1487	wel	_	_	_	
7-45	1487-1488	-	_	_	_	
7-46	1489-1493	ches	_	_	_	
7-47	1494-1498	dann	_	_	_	
7-48	1499-1505	ſeinen	_	_	_	
7-49	1506-1512	Credit	_	_	_	
7-50	1513-1515	um	_	_	_	
7-51	1516-1519	ein	_	_	_	
7-52	1520-1525	gutes	_	_	_	
7-53	1526-1536	verringert	_	_	_	
7-54	1537-1540	hat	_	_	_	
7-55	1540-1541	.	_	_	_	

#Text=Wer nun dieſes geſpaltenen oder ge-
#Text=raſpelten Holtzes von noͤthen
#Text=hat, mag
#Text=
#Text=zuſe-
#Text=
#Text=
#Text=J 3\f
#Text=[0136
#Text=]
#Text=
#Text=
#Text=Der Spezereyen und Materialien
#Text=
#Text=
#Text=zuſehen, daß es friſch ſey, denn wenn es
#Text=lange geſpalten, geraſpelt oder geſtoſſen
#Text=gelegen hat, verliehrt es ſeinen Geruch,
#Text=und hat keine Kraft.
8-1	1545-1548	Wer	_	_	_	
8-2	1549-1552	nun	_	_	_	
8-3	1553-1559	dieſes	_	_	_	
8-4	1560-1571	geſpaltenen	_	_	_	
8-5	1572-1576	oder	_	_	_	
8-6	1577-1579	ge	_	_	_	
8-7	1579-1580	-	_	_	_	
8-8	1581-1590	raſpelten	_	_	_	
8-9	1591-1598	Holtzes	Smell\_Source	_	_	
8-10	1599-1602	von	_	_	_	
8-11	1603-1610	noͤthen	_	_	_	
8-12	1611-1614	hat	_	_	_	
8-13	1614-1615	,	_	_	_	
8-14	1616-1619	mag	_	_	_	
8-15	1621-1625	zuſe	_	_	_	
8-16	1625-1626	-	_	_	_	
8-17	1629-1630	J	_	_	_	
8-18	1631-1632	3	_	_	_	
8-19	1634-1635	[	_	_	_	
8-20	1635-1639	0136	_	_	_	
8-21	1640-1641	]	_	_	_	
8-22	1644-1647	Der	_	_	_	
8-23	1648-1658	Spezereyen	_	_	_	
8-24	1659-1662	und	_	_	_	
8-25	1663-1674	Materialien	_	_	_	
8-26	1677-1684	zuſehen	_	_	_	
8-27	1684-1685	,	_	_	_	
8-28	1686-1689	daß	_	_	_	
8-29	1690-1692	es	_	_	_	
8-30	1693-1699	friſch	_	_	_	
8-31	1700-1703	ſey	_	_	_	
8-32	1703-1704	,	_	_	_	
8-33	1705-1709	denn	_	_	_	
8-34	1710-1714	wenn	Circumstances[2]	_	_	
8-35	1715-1717	es	Circumstances[2]	_	_	
8-36	1718-1723	lange	Circumstances[2]	_	_	
8-37	1724-1733	geſpalten	Circumstances[2]	_	_	
8-38	1733-1734	,	Circumstances[2]	_	_	
8-39	1735-1744	geraſpelt	Circumstances[2]	_	_	
8-40	1745-1749	oder	Circumstances[2]	_	_	
8-41	1750-1759	geſtoſſen	Circumstances[2]	_	_	
8-42	1760-1767	gelegen	Circumstances[2]	_	_	
8-43	1768-1771	hat	_	_	_	
8-44	1771-1772	,	_	_	_	
8-45	1773-1782	verliehrt	_	_	_	
8-46	1783-1785	es	_	_	_	
8-47	1786-1792	ſeinen	_	_	_	
8-48	1793-1799	Geruch	Smell\_Word	*|*	8-9|8-34[2_0]	
8-49	1799-1800	,	_	_	_	
8-50	1801-1804	und	_	_	_	
8-51	1805-1808	hat	_	_	_	
8-52	1809-1814	keine	_	_	_	
8-53	1815-1820	Kraft	_	_	_	
8-54	1820-1821	.	_	_	_	
