#FORMAT=WebAnno TSV 3.3


#Text=In een mistig weêr, daar de hoeders hunne kudden na huis toe dryyen; gaande
#Text=schroomachtig, met het hoofd in de schouders getrokken, en vooruit steekende;
#Text=
#Text=snel toekykende of 'er ook ergens een schaap of geit door de mist afgedwaald mogt
#Text=weezen:
#Text=waarom zy zich, voor, achter, en overal digt aan elkanderen houden.
1-1	2-4	In	
1-2	5-8	een	
1-3	9-15	mistig	
1-4	16-20	weêr	
1-5	20-21	,	
1-6	22-26	daar	
1-7	27-29	de	
1-8	30-37	hoeders	
1-9	38-43	hunne	
1-10	44-50	kudden	
1-11	51-53	na	
1-12	54-58	huis	
1-13	59-62	toe	
1-14	63-69	dryyen	
1-15	69-70	;	
1-16	71-77	gaande	
1-17	78-91	schroomachtig	
1-18	91-92	,	
1-19	93-96	met	
1-20	97-100	het	
1-21	101-106	hoofd	
1-22	107-109	in	
1-23	110-112	de	
1-24	113-122	schouders	
1-25	123-132	getrokken	
1-26	132-133	,	
1-27	134-136	en	
1-28	137-144	vooruit	
1-29	145-154	steekende	
1-30	154-155	;	
1-31	157-161	snel	
1-32	162-172	toekykende	
1-33	173-175	of	
1-34	176-177	'	
1-35	177-179	er	
1-36	180-183	ook	
1-37	184-190	ergens	
1-38	191-194	een	
1-39	195-201	schaap	
1-40	202-204	of	
1-41	205-209	geit	
1-42	210-214	door	
1-43	215-217	de	
1-44	218-222	mist	
1-45	223-233	afgedwaald	
1-46	234-238	mogt	
1-47	239-245	weezen	
1-48	245-246	:	
1-49	247-253	waarom	
1-50	254-256	zy	
1-51	257-261	zich	
1-52	261-262	,	
1-53	263-267	voor	
1-54	267-268	,	
1-55	269-275	achter	
1-56	275-276	,	
1-57	277-279	en	
1-58	280-286	overal	
1-59	287-291	digt	
1-60	292-295	aan	
1-61	296-306	elkanderen	
1-62	307-313	houden	
1-63	313-314	.	

#Text=De
#Text=jonge dochters, agter aan volgende, hebben doekjes of sluijers over het hoofd;
#Text=zommige den neus daar mede stoppende, om de stank van de mist.
2-1	315-317	De	
2-2	318-323	jonge	
2-3	324-332	dochters	
2-4	332-333	,	
2-5	334-339	agter	
2-6	340-343	aan	
2-7	344-352	volgende	
2-8	352-353	,	
2-9	354-360	hebben	
2-10	361-368	doekjes	
2-11	369-371	of	
2-12	372-380	sluijers	
2-13	381-385	over	
2-14	386-389	het	
2-15	390-395	hoofd	
2-16	395-396	;	
2-17	397-404	zommige	
2-18	405-408	den	
2-19	409-413	neus	
2-20	414-418	daar	
2-21	419-423	mede	
2-22	424-433	stoppende	
2-23	433-434	,	
2-24	435-437	om	
2-25	438-440	de	
2-26	441-446	stank	
2-27	447-450	van	
2-28	451-453	de	
2-29	454-458	mist	
2-30	458-459	.	

#Text=Gérard de Lairesse, Groot schilderboek
#Text=
#Text=\f251
#Text=
#Text=
#Text=Van de gesteltenis der Lucht, of des Hemels.
3-1	462-468	Gérard	
3-2	469-471	de	
3-3	472-480	Lairesse	
3-4	480-481	,	
3-5	482-487	Groot	
3-6	488-500	schilderboek	
3-7	503-506	251	
3-8	509-512	Van	
3-9	513-515	de	
3-10	516-527	gesteltenis	
3-11	528-531	der	
3-12	532-537	Lucht	
3-13	537-538	,	
3-14	539-541	of	
3-15	542-545	des	
3-16	546-552	Hemels	
3-17	552-553	.	

#Text=Twede Hoofdstuk
4-1	555-560	Twede	
4-2	561-570	Hoofdstuk	

#Text=.
5-1	570-571	.	

#Text=+
#Text=
#Text=
#Text=DE lucht is een verre uitgestrekte wydte, welke hooger of laager van ons schynt,
#Text=na dat dezelve veel of weinig met dampen bezet is.
6-1	573-574	+	
6-2	577-579	DE	
6-3	580-585	lucht	
6-4	586-588	is	
6-5	589-592	een	
6-6	593-598	verre	
6-7	599-611	uitgestrekte	
6-8	612-617	wydte	
6-9	617-618	,	
6-10	619-624	welke	
6-11	625-631	hooger	
6-12	632-634	of	
6-13	635-641	laager	
6-14	642-645	van	
6-15	646-649	ons	
6-16	650-656	schynt	
6-17	656-657	,	
6-18	658-660	na	
6-19	661-664	dat	
6-20	665-672	dezelve	
6-21	673-677	veel	
6-22	678-680	of	
6-23	681-687	weinig	
6-24	688-691	met	
6-25	692-698	dampen	
6-26	699-704	bezet	
6-27	705-707	is	
6-28	707-708	.	

#Text=Nu is de lucht zekerlyk nooit +
#Text=De lucht is nooit zonder
#Text=dampen.
7-1	709-711	Nu	
7-2	712-714	is	
7-3	715-717	de	
7-4	718-723	lucht	
7-5	724-732	zekerlyk	
7-6	733-738	nooit	
7-7	739-740	+	
7-8	741-743	De	
7-9	744-749	lucht	
7-10	750-752	is	
7-11	753-758	nooit	
7-12	759-765	zonder	
7-13	766-772	dampen	
7-14	772-773	.	

#Text=zonder dampen:
#Text=want indien'er geene dampen waren, zou de lucht aan den
#Text=horizont, en boven ons, even blaauw zyn.
8-1	775-781	zonder	
8-2	782-788	dampen	
8-3	788-789	:	
8-4	790-794	want	
8-5	795-804	indien'er	
8-6	805-810	geene	
8-7	811-817	dampen	
8-8	818-823	waren	
8-9	823-824	,	
8-10	825-828	zou	
8-11	829-831	de	
8-12	832-837	lucht	
8-13	838-841	aan	
8-14	842-845	den	
8-15	846-854	horizont	
8-16	854-855	,	
8-17	856-858	en	
8-18	859-864	boven	
8-19	865-868	ons	
8-20	868-869	,	
8-21	870-874	even	
8-22	875-881	blaauw	
8-23	882-885	zyn	
8-24	885-886	.	

#Text=Maar nu vertoont zich de lucht aan den
#Text=zichteinder lichter als boven ons hoofd; om dat de dampen de kracht van het schoone
#Text=blaauw voor onze oogen benevelen, en doen verminderen.
9-1	887-891	Maar	
9-2	892-894	nu	
9-3	895-903	vertoont	
9-4	904-908	zich	
9-5	909-911	de	
9-6	912-917	lucht	
9-7	918-921	aan	
9-8	922-925	den	
9-9	926-937	zichteinder	
9-10	938-945	lichter	
9-11	946-949	als	
9-12	950-955	boven	
9-13	956-959	ons	
9-14	960-965	hoofd	
9-15	965-966	;	
9-16	967-969	om	
9-17	970-973	dat	
9-18	974-976	de	
9-19	977-983	dampen	
9-20	984-986	de	
9-21	987-993	kracht	
9-22	994-997	van	
9-23	998-1001	het	
9-24	1002-1009	schoone	
9-25	1010-1016	blaauw	
9-26	1017-1021	voor	
9-27	1022-1026	onze	
9-28	1027-1032	oogen	
9-29	1033-1042	benevelen	
9-30	1042-1043	,	
9-31	1044-1046	en	
9-32	1047-1051	doen	
9-33	1052-1063	verminderen	
9-34	1063-1064	.	

#Text=Het is ook een blykelyke
#Text=zaak, dat, hoe digter de lucht zich aan het aardryk bevind, hoe grover en dikker
#Text=dezelve is: en na maate datze naar boven trekt, verdunt zy zich, en word
#Text=doorluchtiger.
10-1	1065-1068	Het	
10-2	1069-1071	is	
10-3	1072-1075	ook	
10-4	1076-1079	een	
10-5	1080-1089	blykelyke	
10-6	1090-1094	zaak	
10-7	1094-1095	,	
10-8	1096-1099	dat	
10-9	1099-1100	,	
10-10	1101-1104	hoe	
10-11	1105-1111	digter	
10-12	1112-1114	de	
10-13	1115-1120	lucht	
10-14	1121-1125	zich	
10-15	1126-1129	aan	
10-16	1130-1133	het	
10-17	1134-1141	aardryk	
10-18	1142-1148	bevind	
10-19	1148-1149	,	
10-20	1150-1153	hoe	
10-21	1154-1160	grover	
10-22	1161-1163	en	
10-23	1164-1170	dikker	
10-24	1171-1178	dezelve	
10-25	1179-1181	is	
10-26	1181-1182	:	
10-27	1183-1185	en	
10-28	1186-1188	na	
10-29	1189-1194	maate	
10-30	1195-1200	datze	
10-31	1201-1205	naar	
10-32	1206-1211	boven	
10-33	1212-1217	trekt	
10-34	1217-1218	,	
10-35	1219-1226	verdunt	
10-36	1227-1229	zy	
10-37	1230-1234	zich	
10-38	1234-1235	,	
10-39	1236-1238	en	
10-40	1239-1243	word	
10-41	1244-1257	doorluchtiger	
10-42	1257-1258	.	

#Text=Desgelyks zyn de dampen minder of meerder zichtbaar, na dat zy
#Text=dik of dun zyn
11-1	1259-1268	Desgelyks	
11-2	1269-1272	zyn	
11-3	1273-1275	de	
11-4	1276-1282	dampen	
11-5	1283-1289	minder	
11-6	1290-1292	of	
11-7	1293-1300	meerder	
11-8	1301-1310	zichtbaar	
11-9	1310-1311	,	
11-10	1312-1314	na	
11-11	1315-1318	dat	
11-12	1319-1321	zy	
11-13	1322-1325	dik	
11-14	1326-1328	of	
11-15	1329-1332	dun	
11-16	1333-1336	zyn	

#Text=.
12-1	1336-1337	.	

#Text=+
#Text=
#Text=
#Text=Nu staat hier aan te merken, dat, wanneer de zon in het oosten opryst, het alsdan
#Text=in dat gewest op den horizont lichter is als in de drie andere: en s'middags is hy +
#Text=In wat gewest de zonne
#Text=staat
13-1	1339-1340	+	
13-2	1343-1345	Nu	
13-3	1346-1351	staat	
13-4	1352-1356	hier	
13-5	1357-1360	aan	
13-6	1361-1363	te	
13-7	1364-1370	merken	
13-8	1370-1371	,	
13-9	1372-1375	dat	
13-10	1375-1376	,	
13-11	1377-1384	wanneer	
13-12	1385-1387	de	
13-13	1388-1391	zon	
13-14	1392-1394	in	
13-15	1395-1398	het	
13-16	1399-1405	oosten	
13-17	1406-1412	opryst	
13-18	1412-1413	,	
13-19	1414-1417	het	
13-20	1418-1424	alsdan	
13-21	1425-1427	in	
13-22	1428-1431	dat	
13-23	1432-1438	gewest	
13-24	1439-1441	op	
13-25	1442-1445	den	
13-26	1446-1454	horizont	
13-27	1455-1462	lichter	
13-28	1463-1465	is	
13-29	1466-1469	als	
13-30	1470-1472	in	
13-31	1473-1475	de	
13-32	1476-1480	drie	
13-33	1481-1487	andere	
13-34	1487-1488	:	
13-35	1489-1491	en	
13-36	1492-1501	s'middags	
13-37	1502-1504	is	
13-38	1505-1507	hy	
13-39	1508-1509	+	
13-40	1510-1512	In	
13-41	1513-1516	wat	
13-42	1517-1523	gewest	
13-43	1524-1526	de	
13-44	1527-1532	zonne	
13-45	1533-1538	staat	
