#FORMAT=WebAnno TSV 3.3
#T_SP=custom.Span|label
#T_RL=custom.Relation|label|BT_custom.Span


#Text=Von den Koͤnigs- oder Kronen-Naͤglein
#Text=.
1-1	2-5	Von	_	_	_	
1-2	6-9	den	_	_	_	
1-3	10-17	Koͤnigs	_	_	_	
1-4	17-18	-	_	_	_	
1-5	19-23	oder	_	_	_	
1-6	24-39	Kronen-Naͤglein	_	_	_	
1-7	40-41	.	_	_	_	

#Text=AUſſer ietzbeſchriebenen Naͤglein
#Text=fin-
#Text=det man auch in Holland, iedoch
#Text=gar ſelten, eine kleine Frucht, in der Ge-
#Text=
#Text=ſtalt und Groͤſſe eines Gerſtenkorns,
#Text=welche zu aͤuſſerſt Spitzen hat, und ſitzen
#Text=zu fuͤnff und ſechſen beyſammen an ei-
#Text=
#Text=nem
#Text=
#Text=
#Text=R\f
#Text=[0224
#Text=]
#Text=
#Text=
#Text=Der Spezereyen und Materialien
#Text=
#Text=
#Text=nem kleinen Stielgen, ſolcher geſtalt, daß
#Text=ſie gleichſam eine kleine Krone formiren.
2-1	45-51	AUſſer	_	_	_	
2-2	52-69	ietzbeſchriebenen	_	_	_	
2-3	70-78	Naͤglein	_	_	_	
2-4	79-82	fin	_	_	_	
2-5	82-83	-	_	_	_	
2-6	84-87	det	_	_	_	
2-7	88-91	man	_	_	_	
2-8	92-96	auch	_	_	_	
2-9	97-99	in	_	_	_	
2-10	100-107	Holland	_	_	_	
2-11	107-108	,	_	_	_	
2-12	109-115	iedoch	_	_	_	
2-13	116-119	gar	_	_	_	
2-14	120-126	ſelten	_	_	_	
2-15	126-127	,	_	_	_	
2-16	128-132	eine	_	_	_	
2-17	133-139	kleine	_	_	_	
2-18	140-146	Frucht	_	_	_	
2-19	146-147	,	_	_	_	
2-20	148-150	in	_	_	_	
2-21	151-154	der	_	_	_	
2-22	155-157	Ge	_	_	_	
2-23	157-158	-	_	_	_	
2-24	160-165	ſtalt	_	_	_	
2-25	166-169	und	_	_	_	
2-26	170-177	Groͤſſe	_	_	_	
2-27	178-183	eines	_	_	_	
2-28	184-196	Gerſtenkorns	_	_	_	
2-29	196-197	,	_	_	_	
2-30	198-204	welche	_	_	_	
2-31	205-207	zu	_	_	_	
2-32	208-217	aͤuſſerſt	_	_	_	
2-33	218-225	Spitzen	_	_	_	
2-34	226-229	hat	_	_	_	
2-35	229-230	,	_	_	_	
2-36	231-234	und	_	_	_	
2-37	235-241	ſitzen	_	_	_	
2-38	242-244	zu	_	_	_	
2-39	245-251	fuͤnff	_	_	_	
2-40	252-255	und	_	_	_	
2-41	256-263	ſechſen	_	_	_	
2-42	264-273	beyſammen	_	_	_	
2-43	274-276	an	_	_	_	
2-44	277-279	ei	_	_	_	
2-45	279-280	-	_	_	_	
2-46	282-285	nem	_	_	_	
2-47	288-289	R	_	_	_	
2-48	291-292	[	_	_	_	
2-49	292-296	0224	_	_	_	
2-50	297-298	]	_	_	_	
2-51	301-304	Der	_	_	_	
2-52	305-315	Spezereyen	_	_	_	
2-53	316-319	und	_	_	_	
2-54	320-331	Materialien	_	_	_	
2-55	334-337	nem	_	_	_	
2-56	338-345	kleinen	_	_	_	
2-57	346-354	Stielgen	_	_	_	
2-58	354-355	,	_	_	_	
2-59	356-363	ſolcher	_	_	_	
2-60	364-371	geſtalt	_	_	_	
2-61	371-372	,	_	_	_	
2-62	373-376	daß	_	_	_	
2-63	377-380	ſie	_	_	_	
2-64	381-390	gleichſam	_	_	_	
2-65	391-395	eine	_	_	_	
2-66	396-402	kleine	_	_	_	
2-67	403-408	Krone	_	_	_	
2-68	409-417	formiren	_	_	_	
2-69	417-418	.	_	_	_	

#Text=Dieſe
#Text=Frucht ſieht eiſenfarbicht, und
#Text=riecht und ſchmeckt wie Naͤglein.
3-1	422-427	Dieſe	_	_	_	
3-2	428-434	Frucht	Smell\_Source	_	_	
3-3	435-440	ſieht	_	_	_	
3-4	441-454	eiſenfarbicht	_	_	_	
3-5	454-455	,	_	_	_	
3-6	456-459	und	_	_	_	
3-7	460-466	riecht	Smell\_Word	*|*	3-10[1_0]|3-2	
3-8	467-470	und	_	_	_	
3-9	471-479	ſchmeckt	_	_	_	
3-10	480-483	wie	Effect[1]	_	_	
3-11	484-492	Naͤglein	Effect[1]	_	_	
3-12	492-493	.	_	_	_	

#Text=Es
#Text=
#Text=iſt aber in der gantzen Welt nur ein ein-
#Text=tziger Baum, der ſie traͤgt: derſelbe be-
#Text=findet ſich in Oſtindien, mitten auf der
#Text=Jnſel Maßia (Makian) und wird
#Text=von den Einwohnern Thinca Radoi,
#Text=d. i.
4-1	494-496	Es	_	_	_	
4-2	498-501	iſt	_	_	_	
4-3	502-506	aber	_	_	_	
4-4	507-509	in	_	_	_	
4-5	510-513	der	_	_	_	
4-6	514-521	gantzen	_	_	_	
4-7	522-526	Welt	_	_	_	
4-8	527-530	nur	_	_	_	
4-9	531-534	ein	_	_	_	
4-10	535-538	ein	_	_	_	
4-11	538-539	-	_	_	_	
4-12	540-546	tziger	_	_	_	
4-13	547-551	Baum	_	_	_	
4-14	551-552	,	_	_	_	
4-15	553-556	der	_	_	_	
4-16	557-560	ſie	_	_	_	
4-17	561-567	traͤgt	_	_	_	
4-18	567-568	:	_	_	_	
4-19	569-577	derſelbe	_	_	_	
4-20	578-580	be	_	_	_	
4-21	580-581	-	_	_	_	
4-22	582-588	findet	_	_	_	
4-23	589-593	ſich	_	_	_	
4-24	594-596	in	_	_	_	
4-25	597-606	Oſtindien	_	_	_	
4-26	606-607	,	_	_	_	
4-27	608-614	mitten	_	_	_	
4-28	615-618	auf	_	_	_	
4-29	619-622	der	_	_	_	
4-30	623-628	Jnſel	_	_	_	
4-31	629-634	Maßia	_	_	_	
4-32	635-636	(	_	_	_	
4-33	636-642	Makian	_	_	_	
4-34	642-643	)	_	_	_	
4-35	644-647	und	_	_	_	
4-36	648-652	wird	_	_	_	
4-37	653-656	von	_	_	_	
4-38	657-660	den	_	_	_	
4-39	661-671	Einwohnern	_	_	_	
4-40	672-678	Thinca	_	_	_	
4-41	679-684	Radoi	_	_	_	
4-42	684-685	,	_	_	_	
4-43	686-687	d	_	_	_	
4-44	687-688	.	_	_	_	
4-45	689-690	i	_	_	_	
4-46	690-691	.	_	_	_	

#Text=Koͤnigs-Naͤglein genennet.
5-1	692-708	Koͤnigs-Naͤglein	_	_	_	
5-2	709-717	genennet	_	_	_	
5-3	717-718	.	_	_	_	

#Text=Die
#Text=Frucht wird von dem Koͤnige dermaſſen
#Text=hoch geſchaͤtzet, daß er ſie mit Soldaten
#Text=
#Text=bewachen laͤßt, damit niemand einige
#Text=davon bekommen moͤge.
6-1	719-722	Die	_	_	_	
6-2	723-729	Frucht	_	_	_	
6-3	730-734	wird	_	_	_	
6-4	735-738	von	_	_	_	
6-5	739-742	dem	_	_	_	
6-6	743-750	Koͤnige	_	_	_	
6-7	751-760	dermaſſen	_	_	_	
6-8	761-765	hoch	_	_	_	
6-9	766-777	geſchaͤtzet	_	_	_	
6-10	777-778	,	_	_	_	
6-11	779-782	daß	_	_	_	
6-12	783-785	er	_	_	_	
6-13	786-789	ſie	_	_	_	
6-14	790-793	mit	_	_	_	
6-15	794-802	Soldaten	_	_	_	
6-16	804-812	bewachen	_	_	_	
6-17	813-818	laͤßt	_	_	_	
6-18	818-819	,	_	_	_	
6-19	820-825	damit	_	_	_	
6-20	826-833	niemand	_	_	_	
6-21	834-840	einige	_	_	_	
6-22	841-846	davon	_	_	_	
6-23	847-855	bekommen	_	_	_	
6-24	856-861	moͤge	_	_	_	
6-25	861-862	.	_	_	_	

#Text=Man giebt
#Text=auch vor, die andern Baͤume neigeten
#Text=ſich gegen dieſen, wenn er bluͤhete, gleich
#Text=als ob ſie ihm huldigen und Ehre erwei-
#Text=ſen wolten;
#Text=es fielen ingleichen alle der
#Text=andern Bluͤten ab, wenn dieſes ſeine ſich
#Text=zu zeigen beginneten.
7-1	863-866	Man	_	_	_	
7-2	867-872	giebt	_	_	_	
7-3	873-877	auch	_	_	_	
7-4	878-881	vor	_	_	_	
7-5	881-882	,	_	_	_	
7-6	883-886	die	_	_	_	
7-7	887-893	andern	_	_	_	
7-8	894-900	Baͤume	_	_	_	
7-9	901-909	neigeten	_	_	_	
7-10	910-914	ſich	_	_	_	
7-11	915-920	gegen	_	_	_	
7-12	921-927	dieſen	_	_	_	
7-13	927-928	,	_	_	_	
7-14	929-933	wenn	_	_	_	
7-15	934-936	er	_	_	_	
7-16	937-945	bluͤhete	_	_	_	
7-17	945-946	,	_	_	_	
7-18	947-953	gleich	_	_	_	
7-19	954-957	als	_	_	_	
7-20	958-960	ob	_	_	_	
7-21	961-964	ſie	_	_	_	
7-22	965-968	ihm	_	_	_	
7-23	969-977	huldigen	_	_	_	
7-24	978-981	und	_	_	_	
7-25	982-986	Ehre	_	_	_	
7-26	987-992	erwei	_	_	_	
7-27	992-993	-	_	_	_	
7-28	994-997	ſen	_	_	_	
7-29	998-1004	wolten	_	_	_	
7-30	1004-1005	;	_	_	_	
7-31	1006-1008	es	_	_	_	
7-32	1009-1015	fielen	_	_	_	
7-33	1016-1026	ingleichen	_	_	_	
7-34	1027-1031	alle	_	_	_	
7-35	1032-1035	der	_	_	_	
7-36	1036-1042	andern	_	_	_	
7-37	1043-1050	Bluͤten	_	_	_	
7-38	1051-1053	ab	_	_	_	
7-39	1053-1054	,	_	_	_	
7-40	1055-1059	wenn	_	_	_	
7-41	1060-1066	dieſes	_	_	_	
7-42	1067-1072	ſeine	_	_	_	
7-43	1073-1077	ſich	_	_	_	
7-44	1078-1080	zu	_	_	_	
7-45	1081-1087	zeigen	_	_	_	
7-46	1088-1098	beginneten	_	_	_	
7-47	1098-1099	.	_	_	_	

#Text=Die Jndianer
#Text=reihen dieſe Fruͤchte an Faͤden, und ma-
#Text=chen Armbaͤnder davon, die ſie wegen
#Text=des angenehmen Geruchs umzuthun
#Text=pflegen.
8-1	1100-1103	Die	_	_	_	
8-2	1104-1112	Jndianer	_	_	_	
8-3	1113-1119	reihen	_	_	_	
8-4	1120-1125	dieſe	_	_	_	
8-5	1126-1134	Fruͤchte	Smell\_Source	_	_	
8-6	1135-1137	an	_	_	_	
8-7	1138-1144	Faͤden	_	_	_	
8-8	1144-1145	,	_	_	_	
8-9	1146-1149	und	_	_	_	
8-10	1150-1152	ma	_	_	_	
8-11	1152-1153	-	_	_	_	
8-12	1154-1158	chen	_	_	_	
8-13	1159-1169	Armbaͤnder	_	_	_	
8-14	1170-1175	davon	_	_	_	
8-15	1175-1176	,	_	_	_	
8-16	1177-1180	die	_	_	_	
8-17	1181-1184	ſie	_	_	_	
8-18	1185-1190	wegen	_	_	_	
8-19	1191-1194	des	_	_	_	
8-20	1195-1205	angenehmen	Quality	_	_	
8-21	1206-1213	Geruchs	Smell\_Word	*|*	8-20|8-5	
8-22	1214-1222	umzuthun	_	_	_	
8-23	1223-1230	pflegen	_	_	_	
8-24	1230-1231	.	_	_	_	

#Text=Thinca Ra-
#Text=doi.
9-1	1235-1241	Thinca	_	_	_	
9-2	1242-1244	Ra	_	_	_	
9-3	1244-1245	-	_	_	_	
9-4	1246-1249	doi	_	_	_	
9-5	1249-1250	.	_	_	_	
