#FORMAT=WebAnno TSV 3.3


#Text=welcher gantz weiß aussiehet / wie ein Eyter / und riechet gar starck / und dieses thun Sie die Wochen zweymahl / und werden gar wohl gewartet mit lauter guter Speiß als Hühner / Tauben / Geißfleisch und dergleichen.
1-1	2-9	welcher	
1-2	10-15	gantz	
1-3	16-20	weiß	
1-4	21-30	aussiehet	
1-5	31-32	/	
1-6	33-36	wie	
1-7	37-40	ein	
1-8	41-46	Eyter	
1-9	47-48	/	
1-10	49-52	und	
1-11	53-60	riechet	
1-12	61-64	gar	
1-13	65-71	starck	
1-14	72-73	/	
1-15	74-77	und	
1-16	78-84	dieses	
1-17	85-89	thun	
1-18	90-93	Sie	
1-19	94-97	die	
1-20	98-104	Wochen	
1-21	105-113	zweymahl	
1-22	114-115	/	
1-23	116-119	und	
1-24	120-126	werden	
1-25	127-130	gar	
1-26	131-135	wohl	
1-27	136-144	gewartet	
1-28	145-148	mit	
1-29	149-155	lauter	
1-30	156-161	guter	
1-31	162-167	Speiß	
1-32	168-171	als	
1-33	172-178	Hühner	
1-34	179-180	/	
1-35	181-187	Tauben	
1-36	188-189	/	
1-37	190-201	Geißfleisch	
1-38	202-205	und	
1-39	206-217	dergleichen	
1-40	217-218	.	

#Text=Was sonsten auf der Insul Java, untern den Thieren daselbst / sonderlich für grosse Schlangen anzutreffen seyn / davon wird unten Meldung getahn werden.
2-1	220-223	Was	
2-2	224-231	sonsten	
2-3	232-235	auf	
2-4	236-239	der	
2-5	240-245	Insul	
2-6	246-250	Java	
2-7	250-251	,	
2-8	252-258	untern	
2-9	259-262	den	
2-10	263-270	Thieren	
2-11	271-279	daselbst	
2-12	280-281	/	
2-13	282-292	sonderlich	
2-14	293-296	für	
2-15	297-303	grosse	
2-16	304-313	Schlangen	
2-17	314-325	anzutreffen	
2-18	326-330	seyn	
2-19	331-332	/	
2-20	333-338	davon	
2-21	339-343	wird	
2-22	344-349	unten	
2-23	350-357	Meldung	
2-24	358-364	getahn	
2-25	365-371	werden	
2-26	371-372	.	

#Text=Herport sagt pag.
#Text=20. auch von Salamandern einer Spannen lang / von denen die Physici zwar schrieben / daß sie in keinem Feuer verbrennt werden;
#Text=es wäre aber in der That befunden worden / daß sie / wie andere Thier / verbrennen;
#Text=(Der alte Dioscorides hat das auch schon zu Seiner Zeit wahrgenommen / da Er wiese / zu was dessen Aschen dienen.
3-1	373-380	Herport	
3-2	381-385	sagt	
3-3	386-389	pag	
3-4	389-390	.	
3-5	391-393	20	
3-6	393-394	.	
3-7	395-399	auch	
3-8	400-403	von	
3-9	404-415	Salamandern	
3-10	416-421	einer	
3-11	422-429	Spannen	
3-12	430-434	lang	
3-13	435-436	/	
3-14	437-440	von	
3-15	441-446	denen	
3-16	447-450	die	
3-17	451-458	Physici	
3-18	459-463	zwar	
3-19	464-473	schrieben	
3-20	474-475	/	
3-21	476-479	daß	
3-22	480-483	sie	
3-23	484-486	in	
3-24	487-493	keinem	
3-25	494-499	Feuer	
3-26	500-509	verbrennt	
3-27	510-516	werden	
3-28	516-517	;	
3-29	518-520	es	
3-30	521-525	wäre	
3-31	526-530	aber	
3-32	531-533	in	
3-33	534-537	der	
3-34	538-542	That	
3-35	543-551	befunden	
3-36	552-558	worden	
3-37	559-560	/	
3-38	561-564	daß	
3-39	565-568	sie	
3-40	569-570	/	
3-41	571-574	wie	
3-42	575-581	andere	
3-43	582-587	Thier	
3-44	588-589	/	
3-45	590-600	verbrennen	
3-46	600-601	;	
3-47	602-603	(	
3-48	603-606	Der	
3-49	607-611	alte	
3-50	612-623	Dioscorides	
3-51	624-627	hat	
3-52	628-631	das	
3-53	632-636	auch	
3-54	637-642	schon	
3-55	643-645	zu	
3-56	646-652	Seiner	
3-57	653-657	Zeit	
3-58	658-670	wahrgenommen	
3-59	671-672	/	
3-60	673-675	da	
3-61	676-678	Er	
3-62	679-684	wiese	
3-63	685-686	/	
3-64	687-689	zu	
3-65	690-693	was	
3-66	694-700	dessen	
3-67	701-707	Aschen	
3-68	708-714	dienen	
3-69	714-715	.	

#Text=L.
4-1	716-717	L	
4-2	717-718	.	

#Text=II. c. 67.)
#Text=wiewohl sie in der grösten Noth Ihr Wasser von sich schössen / welches sehr scharf und vergiftet sey.
5-1	719-721	II	
5-2	721-722	.	
5-3	723-724	c	
5-4	724-725	.	
5-5	726-728	67	
5-6	728-729	.	
5-7	729-730	)	
5-8	731-738	wiewohl	
5-9	739-742	sie	
5-10	743-745	in	
5-11	746-749	der	
5-12	750-757	grösten	
5-13	758-762	Noth	
5-14	763-766	Ihr	
5-15	767-773	Wasser	
5-16	774-777	von	
5-17	778-782	sich	
5-18	783-791	schössen	
5-19	792-793	/	
5-20	794-801	welches	
5-21	802-806	sehr	
5-22	807-813	scharf	
5-23	814-817	und	
5-24	818-827	vergiftet	
5-25	828-831	sey	
5-26	831-832	.	

#Text=Nach Jürgen Andersen Aussag / L.
6-1	833-837	Nach	
6-2	838-844	Jürgen	
6-3	845-853	Andersen	
6-4	854-860	Aussag	
6-5	861-862	/	
6-6	863-864	L	
6-7	864-865	.	

#Text=I. p. 10. ists das Thierlein / so Sie Jecko nennen / und in den Gemächern / und Löchern der Erden hin und wieder / gefunden werde / von Grösse / und Proportion, eines Eydexes / sehr giftig / und gefährlich / bey den Einwohnern.
7-1	866-867	I	
7-2	867-868	.	
7-3	869-870	p	
7-4	870-871	.	
7-5	872-874	10	
7-6	874-875	.	
7-7	876-880	ists	
7-8	881-884	das	
7-9	885-894	Thierlein	
7-10	895-896	/	
7-11	897-899	so	
7-12	900-903	Sie	
7-13	904-909	Jecko	
7-14	910-916	nennen	
7-15	917-918	/	
7-16	919-922	und	
7-17	923-925	in	
7-18	926-929	den	
7-19	930-939	Gemächern	
7-20	940-941	/	
7-21	942-945	und	
7-22	946-953	Löchern	
7-23	954-957	der	
7-24	958-963	Erden	
7-25	964-967	hin	
7-26	968-971	und	
7-27	972-978	wieder	
7-28	979-980	/	
7-29	981-989	gefunden	
7-30	990-995	werde	
7-31	996-997	/	
7-32	998-1001	von	
7-33	1002-1008	Grösse	
7-34	1009-1010	/	
7-35	1011-1014	und	
7-36	1015-1025	Proportion	
7-37	1025-1026	,	
7-38	1027-1032	eines	
7-39	1033-1040	Eydexes	
7-40	1041-1042	/	
7-41	1043-1047	sehr	
7-42	1048-1054	giftig	
7-43	1055-1056	/	
7-44	1057-1060	und	
7-45	1061-1071	gefährlich	
7-46	1072-1073	/	
7-47	1074-1077	bey	
7-48	1078-1081	den	
7-49	1082-1092	Einwohnern	
7-50	1092-1093	.	

#Text=Denn / wie Er ferner schreibt / p. m. 31. wann einer von dem Jecko gebissen wird / ist kein Remedium dar / muß unfehlbar sterben.
8-1	1094-1098	Denn	
8-2	1099-1100	/	
8-3	1101-1104	wie	
8-4	1105-1107	Er	
8-5	1108-1114	ferner	
8-6	1115-1123	schreibt	
8-7	1124-1125	/	
8-8	1126-1127	p	
8-9	1127-1128	.	
8-10	1129-1130	m	
8-11	1130-1131	.	
8-12	1132-1134	31	
8-13	1134-1135	.	
8-14	1136-1140	wann	
8-15	1141-1146	einer	
8-16	1147-1150	von	
8-17	1151-1154	dem	
8-18	1155-1160	Jecko	
8-19	1161-1169	gebissen	
8-20	1170-1174	wird	
8-21	1175-1176	/	
8-22	1177-1180	ist	
8-23	1181-1185	kein	
8-24	1186-1194	Remedium	
8-25	1195-1198	dar	
8-26	1199-1200	/	
8-27	1201-1204	muß	
8-28	1205-1214	unfehlbar	
8-29	1215-1222	sterben	
8-30	1222-1223	.	

#Text=Sein Gift ist so durchdringend / daß wann sein Urin auf einen Menschen fällt /
#Text=Er davon vergiftet wird / und komme in Lebens-Gefahr.
9-1	1224-1228	Sein	
9-2	1229-1233	Gift	
9-3	1234-1237	ist	
9-4	1238-1240	so	
9-5	1241-1254	durchdringend	
9-6	1255-1256	/	
9-7	1257-1260	daß	
9-8	1261-1265	wann	
9-9	1266-1270	sein	
9-10	1271-1275	Urin	
9-11	1276-1279	auf	
9-12	1280-1285	einen	
9-13	1286-1294	Menschen	
9-14	1295-1300	fällt	
9-15	1301-1302	/	
9-16	1303-1305	Er	
9-17	1306-1311	davon	
9-18	1312-1321	vergiftet	
9-19	1322-1326	wird	
9-20	1327-1328	/	
9-21	1329-1332	und	
9-22	1333-1338	komme	
9-23	1339-1341	in	
9-24	1342-1355	Lebens-Gefahr	
9-25	1355-1356	.	

#Text=Ich / sind ferner Seine Wort / habe in Batavia auf der Rüstkammer gesehen / daß der Urin des Jecko / so auf den Harnisch gefallen / daß harte Eisen / in Tag und Nacht / durchgefressen hatte / gleich wann es das schärfste Scheidwasser gewesen.
10-1	1357-1360	Ich	
10-2	1361-1362	/	
10-3	1363-1367	sind	
10-4	1368-1374	ferner	
10-5	1375-1380	Seine	
10-6	1381-1385	Wort	
10-7	1386-1387	/	
10-8	1388-1392	habe	
10-9	1393-1395	in	
10-10	1396-1403	Batavia	
10-11	1404-1407	auf	
10-12	1408-1411	der	
10-13	1412-1422	Rüstkammer	
10-14	1423-1430	gesehen	
10-15	1431-1432	/	
10-16	1433-1436	daß	
10-17	1437-1440	der	
10-18	1441-1445	Urin	
10-19	1446-1449	des	
10-20	1450-1455	Jecko	
10-21	1456-1457	/	
10-22	1458-1460	so	
10-23	1461-1464	auf	
10-24	1465-1468	den	
10-25	1469-1477	Harnisch	
10-26	1478-1486	gefallen	
10-27	1487-1488	/	
10-28	1489-1492	daß	
10-29	1493-1498	harte	
10-30	1499-1504	Eisen	
10-31	1505-1506	/	
10-32	1507-1509	in	
10-33	1510-1513	Tag	
10-34	1514-1517	und	
10-35	1518-1523	Nacht	
10-36	1524-1525	/	
10-37	1526-1540	durchgefressen	
10-38	1541-1546	hatte	
10-39	1547-1548	/	
10-40	1549-1555	gleich	
10-41	1556-1560	wann	
10-42	1561-1563	es	
10-43	1564-1567	das	
10-44	1568-1577	schärfste	
10-45	1578-1590	Scheidwasser	
10-46	1591-1598	gewesen	
10-47	1598-1599	.	

#Text=Man fände auch fliegende Affen / fliegende Ratten / spricht Herport weiter / und eine Gattung fliegende Mäus / die so groß wären / als eine gemeine Katz / und ihre Flügel als die Storchflügel / und waren doch geformiret wie eine gemeine kleine Fledermaus;
#Text=ingleichen allerley Gattungen Papagey / Jahrvögel / die alle Jahr / so lang sie leben / auf ihrem Schnabel ein Zeichen bekämen.
11-1	1600-1603	Man	
11-2	1604-1609	fände	
11-3	1610-1614	auch	
11-4	1615-1624	fliegende	
11-5	1625-1630	Affen	
11-6	1631-1632	/	
11-7	1633-1642	fliegende	
11-8	1643-1649	Ratten	
11-9	1650-1651	/	
11-10	1652-1659	spricht	
11-11	1660-1667	Herport	
11-12	1668-1674	weiter	
11-13	1675-1676	/	
11-14	1677-1680	und	
11-15	1681-1685	eine	
11-16	1686-1693	Gattung	
11-17	1694-1703	fliegende	
11-18	1704-1708	Mäus	
11-19	1709-1710	/	
11-20	1711-1714	die	
11-21	1715-1717	so	
11-22	1718-1722	groß	
11-23	1723-1728	wären	
11-24	1729-1730	/	
11-25	1731-1734	als	
11-26	1735-1739	eine	
11-27	1740-1747	gemeine	
11-28	1748-1752	Katz	
11-29	1753-1754	/	
11-30	1755-1758	und	
11-31	1759-1763	ihre	
11-32	1764-1770	Flügel	
11-33	1771-1774	als	
11-34	1775-1778	die	
11-35	1779-1791	Storchflügel	
11-36	1792-1793	/	
11-37	1794-1797	und	
11-38	1798-1803	waren	
11-39	1804-1808	doch	
11-40	1809-1819	geformiret	
11-41	1820-1823	wie	
11-42	1824-1828	eine	
11-43	1829-1836	gemeine	
11-44	1837-1843	kleine	
11-45	1844-1854	Fledermaus	
11-46	1854-1855	;	
11-47	1856-1866	ingleichen	
11-48	1867-1875	allerley	
11-49	1876-1885	Gattungen	
11-50	1886-1893	Papagey	
11-51	1894-1895	/	
11-52	1896-1905	Jahrvögel	
11-53	1906-1907	/	
11-54	1908-1911	die	
11-55	1912-1916	alle	
11-56	1917-1921	Jahr	
11-57	1922-1923	/	
11-58	1924-1926	so	
11-59	1927-1931	lang	
11-60	1932-1935	sie	
11-61	1936-1941	leben	
11-62	1942-1943	/	
11-63	1944-1947	auf	
11-64	1948-1953	ihrem	
11-65	1954-1962	Schnabel	
11-66	1963-1966	ein	
11-67	1967-1974	Zeichen	
11-68	1975-1982	bekämen	
11-69	1982-1983	.	

#Text=Von Ratten hat obgedachter Andersen das bemeldet / daß nicht viel kleiner / als ein Bratfercken wären / und nach den Katzen nicht viel fragten / auch gemeiniglich die Victori wider sie erhielten / wie Er denn in Ihrer Factorey alldar gesehen / daß eine Ratte der Katze / so nach ihr bisse / an die Nase gefahren / und vest gehalten / daß sie laut zu schreyen angefangen / und froh wurde / daß sie von der Ratte errettet worden.
12-1	1984-1987	Von	
12-2	1988-1994	Ratten	
12-3	1995-1998	hat	
12-4	1999-2010	obgedachter	
12-5	2011-2019	Andersen	
12-6	2020-2023	das	
12-7	2024-2032	bemeldet	
12-8	2033-2034	/	
12-9	2035-2038	daß	
12-10	2039-2044	nicht	
12-11	2045-2049	viel	
12-12	2050-2057	kleiner	
12-13	2058-2059	/	
12-14	2060-2063	als	
12-15	2064-2067	ein	
12-16	2068-2079	Bratfercken	
12-17	2080-2085	wären	
12-18	2086-2087	/	
12-19	2088-2091	und	
12-20	2092-2096	nach	
12-21	2097-2100	den	
12-22	2101-2107	Katzen	
12-23	2108-2113	nicht	
12-24	2114-2118	viel	
12-25	2119-2126	fragten	
12-26	2127-2128	/	
12-27	2129-2133	auch	
12-28	2134-2146	gemeiniglich	
12-29	2147-2150	die	
12-30	2151-2158	Victori	
12-31	2159-2164	wider	
12-32	2165-2168	sie	
12-33	2169-2178	erhielten	
12-34	2179-2180	/	
12-35	2181-2184	wie	
12-36	2185-2187	Er	
12-37	2188-2192	denn	
12-38	2193-2195	in	
12-39	2196-2201	Ihrer	
12-40	2202-2210	Factorey	
12-41	2211-2217	alldar	
12-42	2218-2225	gesehen	
12-43	2226-2227	/	
12-44	2228-2231	daß	
12-45	2232-2236	eine	
12-46	2237-2242	Ratte	
12-47	2243-2246	der	
12-48	2247-2252	Katze	
12-49	2253-2254	/	
12-50	2255-2257	so	
12-51	2258-2262	nach	
12-52	2263-2266	ihr	
12-53	2267-2272	bisse	
12-54	2273-2274	/	
12-55	2275-2277	an	
12-56	2278-2281	die	
12-57	2282-2286	Nase	
12-58	2287-2295	gefahren	
12-59	2296-2297	/	
12-60	2298-2301	und	
12-61	2302-2306	vest	
12-62	2307-2315	gehalten	
12-63	2316-2317	/	
12-64	2318-2321	daß	
12-65	2322-2325	sie	
12-66	2326-2330	laut	
12-67	2331-2333	zu	
12-68	2334-2342	schreyen	
12-69	2343-2353	angefangen	
12-70	2354-2355	/	
12-71	2356-2359	und	
12-72	2360-2364	froh	
12-73	2365-2370	wurde	
12-74	2371-2372	/	
12-75	2373-2376	daß	
12-76	2377-2380	sie	
12-77	2381-2384	von	
12-78	2385-2388	der	
12-79	2389-2394	Ratte	
12-80	2395-2403	errettet	
12-81	2404-2410	worden	
12-82	2410-2411	.	

#Text=Noch eines sollen wir sonderlich nicht auslassen.
13-1	2413-2417	Noch	
13-2	2418-2423	eines	
13-3	2424-2430	sollen	
13-4	2431-2434	wir	
13-5	2435-2445	sonderlich	
13-6	2446-2451	nicht	
13-7	2452-2461	auslassen	
13-8	2461-2462	.	

#Text=Eine Art Affen / schreibt Er / sey da /
#Text=welche von den Einwohnern Orang Urang, das ist /
#Text=Wald-Menschen genennet würden.
14-1	2463-2467	Eine	
14-2	2468-2471	Art	
14-3	2472-2477	Affen	
14-4	2478-2479	/	
14-5	2480-2488	schreibt	
14-6	2489-2491	Er	
14-7	2492-2493	/	
14-8	2494-2497	sey	
14-9	2498-2500	da	
14-10	2501-2502	/	
14-11	2503-2509	welche	
14-12	2510-2513	von	
14-13	2514-2517	den	
14-14	2518-2528	Einwohnern	
14-15	2529-2534	Orang	
14-16	2535-2540	Urang	
14-17	2540-2541	,	
14-18	2542-2545	das	
14-19	2546-2549	ist	
14-20	2550-2551	/	
14-21	2552-2565	Wald-Menschen	
14-22	2566-2574	genennet	
14-23	2575-2581	würden	
14-24	2581-2582	.	
