#FORMAT=WebAnno TSV 3.3


#Text=Doch ich wiederhole es, dieser rasche und ungetrübte Ue- 
#Text=bergang der Cholera in Genesung war in Frankreich eine äusserst 
#Text=seltene Erscheinung.
1-1	5-9	Doch	
1-2	10-13	ich	
1-3	14-24	wiederhole	
1-4	25-27	es	
1-5	27-28	,	
1-6	29-35	dieser	
1-7	36-42	rasche	
1-8	43-46	und	
1-9	47-57	ungetrübte	
1-10	58-60	Ue	
1-11	60-61	-	
1-12	63-70	bergang	
1-13	71-74	der	
1-14	75-82	Cholera	
1-15	83-85	in	
1-16	86-94	Genesung	
1-17	95-98	war	
1-18	99-101	in	
1-19	102-112	Frankreich	
1-20	113-117	eine	
1-21	118-126	äusserst	
1-22	128-135	seltene	
1-23	136-147	Erscheinung	
1-24	147-148	.	

#Text=Ich selbst sah nur zwei Fälle dieser Art (N. 16 
#Text=und 17), und könnte im Gegentheile viele Beispiele anführen, 
#Text=wo dem Anscheine nach leichte Kranke im Stadio reactionis star- 
#Text=ben oder doch wenigstens eine langsame , durch mancherlei Zu- 
#Text=fälle getrübte Reconvalescenz hatten.
2-1	149-152	Ich	
2-2	153-159	selbst	
2-3	160-163	sah	
2-4	164-167	nur	
2-5	168-172	zwei	
2-6	173-178	Fälle	
2-7	179-185	dieser	
2-8	186-189	Art	
2-9	190-191	(	
2-10	191-192	N	
2-11	192-193	.	
2-12	194-196	16	
2-13	198-201	und	
2-14	202-204	17	
2-15	204-205	)	
2-16	205-206	,	
2-17	207-210	und	
2-18	211-217	könnte	
2-19	218-220	im	
2-20	221-232	Gegentheile	
2-21	233-238	viele	
2-22	239-248	Beispiele	
2-23	249-257	anführen	
2-24	257-258	,	
2-25	260-262	wo	
2-26	263-266	dem	
2-27	267-276	Anscheine	
2-28	277-281	nach	
2-29	282-289	leichte	
2-30	290-296	Kranke	
2-31	297-299	im	
2-32	300-306	Stadio	
2-33	307-317	reactionis	
2-34	318-322	star	
2-35	322-323	-	
2-36	325-328	ben	
2-37	329-333	oder	
2-38	334-338	doch	
2-39	339-349	wenigstens	
2-40	350-354	eine	
2-41	355-363	langsame	
2-42	364-365	,	
2-43	366-371	durch	
2-44	372-382	mancherlei	
2-45	383-385	Zu	
2-46	385-386	-	
2-47	388-393	fälle	
2-48	394-402	getrübte	
2-49	403-417	Reconvalescenz	
2-50	418-424	hatten	
2-51	424-425	.	

#Text=Digitized by Google
#Text=
#Text=
#Text=
#Text=
#Text=
#Text=
#Text=104 
#Text=
#Text=
#Text=
#Text=Gewöhnlich bildete sich in der Reaction derjenige Zustand
#Text=
#Text=aus, der bald als eine Nachkrankheit angesehen und Typhus cho- 
#Text=lericus genannt, bald aber auch als ein zur Cholera gehöriges 
#Text=Stadium betrachtet wird.
3-1	430-439	Digitized	
3-2	440-442	by	
3-3	443-449	Google	
3-4	456-459	104	
3-5	464-474	Gewöhnlich	
3-6	475-482	bildete	
3-7	483-487	sich	
3-8	488-490	in	
3-9	491-494	der	
3-10	495-503	Reaction	
3-11	504-513	derjenige	
3-12	514-521	Zustand	
3-13	523-526	aus	
3-14	526-527	,	
3-15	528-531	der	
3-16	532-536	bald	
3-17	537-540	als	
3-18	541-545	eine	
3-19	546-559	Nachkrankheit	
3-20	560-569	angesehen	
3-21	570-573	und	
3-22	574-580	Typhus	
3-23	581-584	cho	
3-24	584-585	-	
3-25	587-594	lericus	
3-26	595-602	genannt	
3-27	602-603	,	
3-28	604-608	bald	
3-29	609-613	aber	
3-30	614-618	auch	
3-31	619-622	als	
3-32	623-626	ein	
3-33	627-630	zur	
3-34	631-638	Cholera	
3-35	639-648	gehöriges	
3-36	650-657	Stadium	
3-37	658-668	betrachtet	
3-38	669-673	wird	
3-39	673-674	.	

#Text=Häufig tritt derselbe mit einem conge- 
#Text=stiven Leiden irgend eines edlen Organes auf, besonders pflegt ein 
#Text=heftiger Blutandrang zum Gehirne, zuweilen auch zu den Lungen 
#Text=u. s. w., nicht zu verkeimen zu sein.
4-1	675-681	Häufig	
4-2	682-687	tritt	
4-3	688-696	derselbe	
4-4	697-700	mit	
4-5	701-706	einem	
4-6	707-712	conge	
4-7	712-713	-	
4-8	715-721	stiven	
4-9	722-728	Leiden	
4-10	729-735	irgend	
4-11	736-741	eines	
4-12	742-747	edlen	
4-13	748-755	Organes	
4-14	756-759	auf	
4-15	759-760	,	
4-16	761-770	besonders	
4-17	771-777	pflegt	
4-18	778-781	ein	
4-19	783-791	heftiger	
4-20	792-803	Blutandrang	
4-21	804-807	zum	
4-22	808-815	Gehirne	
4-23	815-816	,	
4-24	817-825	zuweilen	
4-25	826-830	auch	
4-26	831-833	zu	
4-27	834-837	den	
4-28	838-844	Lungen	
4-29	846-847	u	
4-30	847-848	.	
4-31	849-850	s	
4-32	850-851	.	
4-33	852-853	w	
4-34	853-854	.	
4-35	854-855	,	
4-36	856-861	nicht	
4-37	862-864	zu	
4-38	865-874	verkeimen	
4-39	875-877	zu	
4-40	878-882	sein	
4-41	882-883	.	

#Text=Die Anwesenheit dieses typhösen oder congestiven Stadiums
#Text=
#Text=ist namentlich dann zu befürchten , wenn der Uebergang aus dem 
#Text=Stadium der Kälte in die Reaction plötzlich und ungestüm erfolgt, 
#Text=wenn der früher kaum fühlbare Puls plötzlich voll, hart, frequent, 
#Text=die Haut heiss und trocken, nicht gleiclunässig dünstend, das 
#Text=Auge stier und glänzend, die Bindehaut gerötliet, die Pupille er- 
#Text=weitert, das Gesicht aufgetrieben und roth, die Respiration merk- 
#Text=lich beschleunigt, der Unterleib brennend , die Präcordialgegend 
#Text=empfindlich, die Zunge heiss, roth und trocken wird, wenn der 
#Text=Stuhlgang fehlt und der an sich nicht ruhige Kranke sich viel im 
#Text=Bette herumwirft, wenig oder höchst unruhig schläft.
5-1	887-890	Die	
5-2	891-902	Anwesenheit	
5-3	903-909	dieses	
5-4	910-918	typhösen	
5-5	919-923	oder	
5-6	924-935	congestiven	
5-7	936-944	Stadiums	
5-8	946-949	ist	
5-9	950-960	namentlich	
5-10	961-965	dann	
5-11	966-968	zu	
5-12	969-979	befürchten	
5-13	980-981	,	
5-14	982-986	wenn	
5-15	987-990	der	
5-16	991-1000	Uebergang	
5-17	1001-1004	aus	
5-18	1005-1008	dem	
5-19	1010-1017	Stadium	
5-20	1018-1021	der	
5-21	1022-1027	Kälte	
5-22	1028-1030	in	
5-23	1031-1034	die	
5-24	1035-1043	Reaction	
5-25	1044-1053	plötzlich	
5-26	1054-1057	und	
5-27	1058-1066	ungestüm	
5-28	1067-1074	erfolgt	
5-29	1074-1075	,	
5-30	1077-1081	wenn	
5-31	1082-1085	der	
5-32	1086-1092	früher	
5-33	1093-1097	kaum	
5-34	1098-1106	fühlbare	
5-35	1107-1111	Puls	
5-36	1112-1121	plötzlich	
5-37	1122-1126	voll	
5-38	1126-1127	,	
5-39	1128-1132	hart	
5-40	1132-1133	,	
5-41	1134-1142	frequent	
5-42	1142-1143	,	
5-43	1145-1148	die	
5-44	1149-1153	Haut	
5-45	1154-1159	heiss	
5-46	1160-1163	und	
5-47	1164-1171	trocken	
5-48	1171-1172	,	
5-49	1173-1178	nicht	
5-50	1179-1192	gleiclunässig	
5-51	1193-1201	dünstend	
5-52	1201-1202	,	
5-53	1203-1206	das	
5-54	1208-1212	Auge	
5-55	1213-1218	stier	
5-56	1219-1222	und	
5-57	1223-1231	glänzend	
5-58	1231-1232	,	
5-59	1233-1236	die	
5-60	1237-1246	Bindehaut	
5-61	1247-1256	gerötliet	
5-62	1256-1257	,	
5-63	1258-1261	die	
5-64	1262-1269	Pupille	
5-65	1270-1272	er	
5-66	1272-1273	-	
5-67	1275-1282	weitert	
5-68	1282-1283	,	
5-69	1284-1287	das	
5-70	1288-1295	Gesicht	
5-71	1296-1308	aufgetrieben	
5-72	1309-1312	und	
5-73	1313-1317	roth	
5-74	1317-1318	,	
5-75	1319-1322	die	
5-76	1323-1334	Respiration	
5-77	1335-1339	merk	
5-78	1339-1340	-	
5-79	1342-1346	lich	
5-80	1347-1359	beschleunigt	
5-81	1359-1360	,	
5-82	1361-1364	der	
5-83	1365-1374	Unterleib	
5-84	1375-1383	brennend	
5-85	1384-1385	,	
5-86	1386-1389	die	
5-87	1390-1406	Präcordialgegend	
5-88	1408-1419	empfindlich	
5-89	1419-1420	,	
5-90	1421-1424	die	
5-91	1425-1430	Zunge	
5-92	1431-1436	heiss	
5-93	1436-1437	,	
5-94	1438-1442	roth	
5-95	1443-1446	und	
5-96	1447-1454	trocken	
5-97	1455-1459	wird	
5-98	1459-1460	,	
5-99	1461-1465	wenn	
5-100	1466-1469	der	
5-101	1471-1480	Stuhlgang	
5-102	1481-1486	fehlt	
5-103	1487-1490	und	
5-104	1491-1494	der	
5-105	1495-1497	an	
5-106	1498-1502	sich	
5-107	1503-1508	nicht	
5-108	1509-1515	ruhige	
5-109	1516-1522	Kranke	
5-110	1523-1527	sich	
5-111	1528-1532	viel	
5-112	1533-1535	im	
5-113	1537-1542	Bette	
5-114	1543-1553	herumwirft	
5-115	1553-1554	,	
5-116	1555-1560	wenig	
5-117	1561-1565	oder	
5-118	1566-1572	höchst	
5-119	1573-1580	unruhig	
5-120	1581-1588	schläft	
5-121	1588-1589	.	

#Text=Dabei em- 
#Text=pfindet derselbe eine Schwere und Eingenommenheit des Kopfes, 
#Text=auch wohl einen wirklichen, dumpfen Selunerz in der Stirngegend, 
#Text=sein Gehör und sein Sehvermögen ist getrübt, seine Schläfenarterien 
#Text=und Carotiden pulsiren heftig, es stellt sich Neigung zum Schlafe 
#Text=ein.
6-1	1590-1595	Dabei	
6-2	1596-1598	em	
6-3	1598-1599	-	
6-4	1601-1608	pfindet	
6-5	1609-1617	derselbe	
6-6	1618-1622	eine	
6-7	1623-1630	Schwere	
6-8	1631-1634	und	
6-9	1635-1650	Eingenommenheit	
6-10	1651-1654	des	
6-11	1655-1661	Kopfes	
6-12	1661-1662	,	
6-13	1664-1668	auch	
6-14	1669-1673	wohl	
6-15	1674-1679	einen	
6-16	1680-1690	wirklichen	
6-17	1690-1691	,	
6-18	1692-1699	dumpfen	
6-19	1700-1708	Selunerz	
6-20	1709-1711	in	
6-21	1712-1715	der	
6-22	1716-1727	Stirngegend	
6-23	1727-1728	,	
6-24	1730-1734	sein	
6-25	1735-1740	Gehör	
6-26	1741-1744	und	
6-27	1745-1749	sein	
6-28	1750-1761	Sehvermögen	
6-29	1762-1765	ist	
6-30	1766-1773	getrübt	
6-31	1773-1774	,	
6-32	1775-1780	seine	
6-33	1781-1797	Schläfenarterien	
6-34	1799-1802	und	
6-35	1803-1812	Carotiden	
6-36	1813-1821	pulsiren	
6-37	1822-1828	heftig	
6-38	1828-1829	,	
6-39	1830-1832	es	
6-40	1833-1839	stellt	
6-41	1840-1844	sich	
6-42	1845-1852	Neigung	
6-43	1853-1856	zum	
6-44	1857-1864	Schlafe	
6-45	1866-1869	ein	
6-46	1869-1870	.	

#Text=So oft man an das Bette des Kranken tritt , findet man ihn 
#Text=sclilafend.
7-1	1871-1873	So	
7-2	1874-1877	oft	
7-3	1878-1881	man	
7-4	1882-1884	an	
7-5	1885-1888	das	
7-6	1889-1894	Bette	
7-7	1895-1898	des	
7-8	1899-1906	Kranken	
7-9	1907-1912	tritt	
7-10	1913-1914	,	
7-11	1915-1921	findet	
7-12	1922-1925	man	
7-13	1926-1929	ihn	
7-14	1931-1941	sclilafend	
7-15	1941-1942	.	

#Text=Zwar erweckt man ihn leicht aus diesem Schlummer, 
#Text=so dass er sich wirklich ermuntert und auf die an ihn gerichteten
#Text=
#Text=Fragen
#Text=Bescheid gibt , aber bald sinkt er in den vorigen Schlum- 
#Text=mer zurück, und nun bildet sich ein wirklich soporöser Zustand aus, 
#Text=aus welchem er trotz aller Mühe nicht geweckt werden kann, in- 
#Text=dem oft selbst die heftigsten Reize auft Gesicht und die Hände 
#Text=nur ein leichtes Verziehen der Züge bewirken.
8-1	1943-1947	Zwar	
8-2	1948-1955	erweckt	
8-3	1956-1959	man	
8-4	1960-1963	ihn	
8-5	1964-1970	leicht	
8-6	1971-1974	aus	
8-7	1975-1981	diesem	
8-8	1982-1991	Schlummer	
8-9	1991-1992	,	
8-10	1994-1996	so	
8-11	1997-2001	dass	
8-12	2002-2004	er	
8-13	2005-2009	sich	
8-14	2010-2018	wirklich	
8-15	2019-2028	ermuntert	
8-16	2029-2032	und	
8-17	2033-2036	auf	
8-18	2037-2040	die	
8-19	2041-2043	an	
8-20	2044-2047	ihn	
8-21	2048-2059	gerichteten	
8-22	2061-2067	Fragen	
8-23	2068-2076	Bescheid	
8-24	2077-2081	gibt	
8-25	2082-2083	,	
8-26	2084-2088	aber	
8-27	2089-2093	bald	
8-28	2094-2099	sinkt	
8-29	2100-2102	er	
8-30	2103-2105	in	
8-31	2106-2109	den	
8-32	2110-2117	vorigen	
8-33	2118-2124	Schlum	
8-34	2124-2125	-	
8-35	2127-2130	mer	
8-36	2131-2137	zurück	
8-37	2137-2138	,	
8-38	2139-2142	und	
8-39	2143-2146	nun	
8-40	2147-2153	bildet	
8-41	2154-2158	sich	
8-42	2159-2162	ein	
8-43	2163-2171	wirklich	
8-44	2172-2181	soporöser	
8-45	2182-2189	Zustand	
8-46	2190-2193	aus	
8-47	2193-2194	,	
8-48	2196-2199	aus	
8-49	2200-2207	welchem	
8-50	2208-2210	er	
8-51	2211-2216	trotz	
8-52	2217-2222	aller	
8-53	2223-2227	Mühe	
8-54	2228-2233	nicht	
8-55	2234-2241	geweckt	
8-56	2242-2248	werden	
8-57	2249-2253	kann	
8-58	2253-2254	,	
8-59	2255-2257	in	
8-60	2257-2258	-	
8-61	2260-2263	dem	
8-62	2264-2267	oft	
8-63	2268-2274	selbst	
8-64	2275-2278	die	
8-65	2279-2289	heftigsten	
8-66	2290-2295	Reize	
8-67	2296-2300	auft	
8-68	2301-2308	Gesicht	
8-69	2309-2312	und	
8-70	2313-2316	die	
8-71	2317-2322	Hände	
8-72	2324-2327	nur	
8-73	2328-2331	ein	
8-74	2332-2340	leichtes	
8-75	2341-2350	Verziehen	
8-76	2351-2354	der	
8-77	2355-2359	Züge	
8-78	2360-2368	bewirken	
8-79	2368-2369	.	

#Text=Zuweilen erfolgt 
#Text=unter diesen Umständen der Tod plötzlich innerhalb zwei Tagen, 
#Text=und bemerkenswerth ist es, dass die meisten Cholerakranken, 
#Text=welche in Meaux während der Reaction starben , auf diese Weise, 
#Text=nach der Versicherung der dortigen Aerzte, geendet haben sollen.
9-1	2370-2378	Zuweilen	
9-2	2379-2386	erfolgt	
9-3	2388-2393	unter	
9-4	2394-2400	diesen	
9-5	2401-2410	Umständen	
9-6	2411-2414	der	
9-7	2415-2418	Tod	
9-8	2419-2428	plötzlich	
9-9	2429-2438	innerhalb	
9-10	2439-2443	zwei	
9-11	2444-2449	Tagen	
9-12	2449-2450	,	
9-13	2452-2455	und	
9-14	2456-2470	bemerkenswerth	
9-15	2471-2474	ist	
9-16	2475-2477	es	
9-17	2477-2478	,	
9-18	2479-2483	dass	
9-19	2484-2487	die	
9-20	2488-2495	meisten	
9-21	2496-2510	Cholerakranken	
9-22	2510-2511	,	
9-23	2513-2519	welche	
9-24	2520-2522	in	
9-25	2523-2528	Meaux	
9-26	2529-2536	während	
9-27	2537-2540	der	
9-28	2541-2549	Reaction	
9-29	2550-2557	starben	
9-30	2558-2559	,	
9-31	2560-2563	auf	
9-32	2564-2569	diese	
9-33	2570-2575	Weise	
9-34	2575-2576	,	
9-35	2578-2582	nach	
9-36	2583-2586	der	
9-37	2587-2599	Versicherung	
9-38	2600-2603	der	
9-39	2604-2612	dortigen	
9-40	2613-2619	Aerzte	
9-41	2619-2620	,	
9-42	2621-2628	geendet	
9-43	2629-2634	haben	
9-44	2635-2641	sollen	
9-45	2641-2642	.	

#Text=In der Regel nimmt aber in unglücklich verlaufenden Fällen 
#Text=
#Text=
#Text=
#Text=\\ 
#Text=
#Text=
#Text=
#Text=Digitized by Google
#Text=
#Text=
#Text=
#Text=
#Text=
#Text=105
10-1	2646-2648	In	
10-2	2649-2652	der	
10-3	2653-2658	Regel	
10-4	2659-2664	nimmt	
10-5	2665-2669	aber	
10-6	2670-2672	in	
10-7	2673-2684	unglücklich	
10-8	2685-2697	verlaufenden	
10-9	2698-2704	Fällen	
10-10	2709-2710	\	
10-11	2715-2724	Digitized	
10-12	2725-2727	by	
10-13	2728-2734	Google	
10-14	2740-2743	105	
