#FORMAT=WebAnno TSV 3.3
#T_SP=custom.Span|label
#T_RL=custom.Relation|label|BT_custom.Span


#Text=Ein und andere Apothecker vermen-
#Text=gen auch, auſſerhalb der Nerita, mit
#Text=
#Text=dem Meernabel ein Kraͤutlein, deſſen
#Text=Blaͤtter rund und dicke ſind, welches
#Text=die Alten Cotyledon, ingleichen Capillus
#Text=Veneris, Venusnabel, geheiſſen, weil
#Text=ſeine Blaͤtter einige Gleichheit mit der
#Text=Geſtalt eines Nabels haben.
1-1	0-3	Ein	_	_	_	
1-2	4-7	und	_	_	_	
1-3	8-14	andere	_	_	_	
1-4	15-25	Apothecker	_	_	_	
1-5	26-32	vermen	_	_	_	
1-6	32-33	-	_	_	_	
1-7	34-37	gen	_	_	_	
1-8	38-42	auch	_	_	_	
1-9	42-43	,	_	_	_	
1-10	44-54	auſſerhalb	_	_	_	
1-11	55-58	der	_	_	_	
1-12	59-65	Nerita	_	_	_	
1-13	65-66	,	_	_	_	
1-14	67-70	mit	_	_	_	
1-15	72-75	dem	_	_	_	
1-16	76-85	Meernabel	_	_	_	
1-17	86-89	ein	_	_	_	
1-18	90-100	Kraͤutlein	_	_	_	
1-19	100-101	,	_	_	_	
1-20	102-108	deſſen	_	_	_	
1-21	109-117	Blaͤtter	_	_	_	
1-22	118-122	rund	_	_	_	
1-23	123-126	und	_	_	_	
1-24	127-132	dicke	_	_	_	
1-25	133-137	ſind	_	_	_	
1-26	137-138	,	_	_	_	
1-27	139-146	welches	_	_	_	
1-28	147-150	die	_	_	_	
1-29	151-156	Alten	_	_	_	
1-30	157-166	Cotyledon	_	_	_	
1-31	166-167	,	_	_	_	
1-32	168-178	ingleichen	_	_	_	
1-33	179-187	Capillus	_	_	_	
1-34	188-195	Veneris	_	_	_	
1-35	195-196	,	_	_	_	
1-36	197-207	Venusnabel	_	_	_	
1-37	207-208	,	_	_	_	
1-38	209-218	geheiſſen	_	_	_	
1-39	218-219	,	_	_	_	
1-40	220-224	weil	_	_	_	
1-41	225-230	ſeine	_	_	_	
1-42	231-239	Blaͤtter	_	_	_	
1-43	240-246	einige	_	_	_	
1-44	247-257	Gleichheit	_	_	_	
1-45	258-261	mit	_	_	_	
1-46	262-265	der	_	_	_	
1-47	266-273	Geſtalt	_	_	_	
1-48	274-279	eines	_	_	_	
1-49	280-286	Nabels	_	_	_	
1-50	287-292	haben	_	_	_	
1-51	292-293	.	_	_	_	

#Text=Dieſes
#Text=
#Text=Gewaͤchs iſt rar genug zu Paris/ allein
#Text=in Languedoc gantz gemeine, wie denn
#Text=allda faſt kein Haus zu befinden, auf
#Text=deſſen Dache es nicht ſtehen ſolte.
2-1	294-300	Dieſes	_	_	_	
2-2	302-310	Gewaͤchs	_	_	_	
2-3	311-314	iſt	_	_	_	
2-4	315-318	rar	_	_	_	
2-5	319-324	genug	_	_	_	
2-6	325-327	zu	_	_	_	
2-7	328-333	Paris	_	_	_	
2-8	333-334	/	_	_	_	
2-9	335-341	allein	_	_	_	
2-10	342-344	in	_	_	_	
2-11	345-354	Languedoc	_	_	_	
2-12	355-360	gantz	_	_	_	
2-13	361-368	gemeine	_	_	_	
2-14	368-369	,	_	_	_	
2-15	370-373	wie	_	_	_	
2-16	374-378	denn	_	_	_	
2-17	379-384	allda	_	_	_	
2-18	385-389	faſt	_	_	_	
2-19	390-394	kein	_	_	_	
2-20	395-399	Haus	_	_	_	
2-21	400-402	zu	_	_	_	
2-22	403-411	befinden	_	_	_	
2-23	411-412	,	_	_	_	
2-24	413-416	auf	_	_	_	
2-25	417-423	deſſen	_	_	_	
2-26	424-429	Dache	_	_	_	
2-27	430-432	es	_	_	_	
2-28	433-438	nicht	_	_	_	
2-29	439-445	ſtehen	_	_	_	
2-30	446-451	ſolte	_	_	_	
2-31	451-452	.	_	_	_	

#Text=Dan-
#Text=nenhero moͤgen ſich diejenigen, die des
#Text=Meernabels von noͤthen haben, allein
#Text=an den Deckel des obbeſchriebenen
#Text=Fiſches halten.
3-1	453-456	Dan	_	_	_	
3-2	456-457	-	_	_	_	
3-3	458-465	nenhero	_	_	_	
3-4	466-472	moͤgen	_	_	_	
3-5	473-477	ſich	_	_	_	
3-6	478-488	diejenigen	_	_	_	
3-7	488-489	,	_	_	_	
3-8	490-493	die	_	_	_	
3-9	494-497	des	_	_	_	
3-10	498-508	Meernabels	_	_	_	
3-11	509-512	von	_	_	_	
3-12	513-520	noͤthen	_	_	_	
3-13	521-526	haben	_	_	_	
3-14	526-527	,	_	_	_	
3-15	528-534	allein	_	_	_	
3-16	535-537	an	_	_	_	
3-17	538-541	den	_	_	_	
3-18	542-548	Deckel	_	_	_	
3-19	549-552	des	_	_	_	
3-20	553-568	obbeſchriebenen	_	_	_	
3-21	569-576	Fiſches	_	_	_	
3-22	577-583	halten	_	_	_	
3-23	583-584	.	_	_	_	

#Text=Das drey und funfftzigſte Capitel.
4-1	589-592	Das	_	_	_	
4-2	593-597	drey	_	_	_	
4-3	598-601	und	_	_	_	
4-4	602-614	funfftzigſte	_	_	_	
4-5	615-622	Capitel	_	_	_	
4-6	622-623	.	_	_	_	

#Text=Von der Blatta Byzantina, Jndianiſchen Muſchel-
#Text=ſchalendeckel.
5-1	626-629	Von	_	_	_	
5-2	630-633	der	_	_	_	
5-3	634-640	Blatta	_	_	_	
5-4	641-650	Byzantina	_	_	_	
5-5	650-651	,	_	_	_	
5-6	652-664	Jndianiſchen	_	_	_	
5-7	665-672	Muſchel	_	_	_	
5-8	672-673	-	_	_	_	
5-9	674-687	ſchalendeckel	_	_	_	
5-10	687-688	.	_	_	_	

#Text=BLatta Byzantina, auch Unguis odoratus
#Text=genannt, iſt gleichfalls der Deckel
#Text=einer Muſchelſchale, welche die Latei-
#Text=ner Conchylium nennen, hat unterſchie-
#Text=dene Groͤſſe, und ſiehet an Geſtalt den
#Text=Klauen dieſes oder jenes Thieres gleich.
6-1	691-697	BLatta	_	_	_	
6-2	698-707	Byzantina	_	_	_	
6-3	707-708	,	_	_	_	
6-4	709-713	auch	_	_	_	
6-5	714-720	Unguis	_	_	_	
6-6	721-729	odoratus	_	_	_	
6-7	730-737	genannt	_	_	_	
6-8	737-738	,	_	_	_	
6-9	739-742	iſt	_	_	_	
6-10	743-754	gleichfalls	_	_	_	
6-11	755-758	der	_	_	_	
6-12	759-765	Deckel	_	_	_	
6-13	766-771	einer	_	_	_	
6-14	772-785	Muſchelſchale	_	_	_	
6-15	785-786	,	_	_	_	
6-16	787-793	welche	_	_	_	
6-17	794-797	die	_	_	_	
6-18	798-803	Latei	_	_	_	
6-19	803-804	-	_	_	_	
6-20	805-808	ner	_	_	_	
6-21	809-819	Conchylium	_	_	_	
6-22	820-826	nennen	_	_	_	
6-23	826-827	,	_	_	_	
6-24	828-831	hat	_	_	_	
6-25	832-842	unterſchie	_	_	_	
6-26	842-843	-	_	_	_	
6-27	844-848	dene	_	_	_	
6-28	849-856	Groͤſſe	_	_	_	
6-29	856-857	,	_	_	_	
6-30	858-861	und	_	_	_	
6-31	862-868	ſiehet	_	_	_	
6-32	869-871	an	_	_	_	
6-33	872-879	Geſtalt	_	_	_	
6-34	880-883	den	_	_	_	
6-35	884-890	Klauen	_	_	_	
6-36	891-897	dieſes	_	_	_	
6-37	898-902	oder	_	_	_	
6-38	903-908	jenes	_	_	_	
6-39	909-916	Thieres	_	_	_	
6-40	917-923	gleich	_	_	_	
6-41	923-924	.	_	_	_	

#Text=Sie iſt zart, von Farbe braun, ver-
#Text=brennt leichtlich, und riecht gar unan-
#Text=genehme, bey nahe wie Horn, welches
#Text=ſich doch nicht wohl zu ihrem Namen
#Text=ſchicket: ſo weiß ich auch nicht, warum
#Text=es die Alten wohlriechende Klauen ge-
#Text=nennet, maſſen ſie gar keine Gleichheit
#Text=
#Text=mit den Klauen hat, es muͤſten denn
#Text=dieſes oder jenes Thieres Krallen oder
#Text=Klauen ſeyn:
#Text=zudem ſo ſtinckt ſie auch
#Text=ſehr heftig, und ſolte doch einen liebli-
#Text=chen Geruch haben.
7-1	927-930	Sie	Smell\_Source	_	_	
7-2	931-934	iſt	_	_	_	
7-3	935-939	zart	_	_	_	
7-4	939-940	,	_	_	_	
7-5	941-944	von	_	_	_	
7-6	945-950	Farbe	_	_	_	
7-7	951-956	braun	_	_	_	
7-8	956-957	,	_	_	_	
7-9	958-961	ver	_	_	_	
7-10	961-962	-	_	_	_	
7-11	963-969	brennt	_	_	_	
7-12	970-980	leichtlich	_	_	_	
7-13	980-981	,	_	_	_	
7-14	982-985	und	_	_	_	
7-15	986-992	riecht	Smell\_Word	*|*|*	7-1|7-16[1_0]|7-21[2_0]	
7-16	993-996	gar	Quality[1]	_	_	
7-17	997-1001	unan	Quality[1]	_	_	
7-18	1001-1002	-	Quality[1]	_	_	
7-19	1003-1010	genehme	Quality[1]	_	_	
7-20	1010-1011	,	_	_	_	
7-21	1012-1015	bey	Evoked\_Odorant[2]	_	_	
7-22	1016-1020	nahe	Evoked\_Odorant[2]	_	_	
7-23	1021-1024	wie	Evoked\_Odorant[2]	_	_	
7-24	1025-1029	Horn	Evoked\_Odorant[2]	_	_	
7-25	1029-1030	,	_	_	_	
7-26	1031-1038	welches	_	_	_	
7-27	1039-1043	ſich	_	_	_	
7-28	1044-1048	doch	_	_	_	
7-29	1049-1054	nicht	_	_	_	
7-30	1055-1059	wohl	_	_	_	
7-31	1060-1062	zu	_	_	_	
7-32	1063-1068	ihrem	_	_	_	
7-33	1069-1074	Namen	_	_	_	
7-34	1075-1083	ſchicket	_	_	_	
7-35	1083-1084	:	_	_	_	
7-36	1085-1087	ſo	_	_	_	
7-37	1088-1092	weiß	_	_	_	
7-38	1093-1096	ich	_	_	_	
7-39	1097-1101	auch	_	_	_	
7-40	1102-1107	nicht	_	_	_	
7-41	1107-1108	,	_	_	_	
7-42	1109-1114	warum	_	_	_	
7-43	1115-1117	es	_	_	_	
7-44	1118-1121	die	_	_	_	
7-45	1122-1127	Alten	_	_	_	
7-46	1128-1141	wohlriechende	Smell\_Word[3]|Quality[4]	*|*	7-46[4_3]|7-47[0_3]	
7-47	1142-1148	Klauen	Smell\_Source	_	_	
7-48	1149-1151	ge	_	_	_	
7-49	1151-1152	-	_	_	_	
7-50	1153-1159	nennet	_	_	_	
7-51	1159-1160	,	_	_	_	
7-52	1161-1167	maſſen	_	_	_	
7-53	1168-1171	ſie	_	_	_	
7-54	1172-1175	gar	_	_	_	
7-55	1176-1181	keine	_	_	_	
7-56	1182-1192	Gleichheit	_	_	_	
7-57	1194-1197	mit	_	_	_	
7-58	1198-1201	den	_	_	_	
7-59	1202-1208	Klauen	_	_	_	
7-60	1209-1212	hat	_	_	_	
7-61	1212-1213	,	_	_	_	
7-62	1214-1216	es	_	_	_	
7-63	1217-1224	muͤſten	_	_	_	
7-64	1225-1229	denn	_	_	_	
7-65	1230-1236	dieſes	_	_	_	
7-66	1237-1241	oder	_	_	_	
7-67	1242-1247	jenes	_	_	_	
7-68	1248-1255	Thieres	_	_	_	
7-69	1256-1263	Krallen	_	_	_	
7-70	1264-1268	oder	_	_	_	
7-71	1269-1275	Klauen	_	_	_	
7-72	1276-1280	ſeyn	_	_	_	
7-73	1280-1281	:	_	_	_	
7-74	1282-1287	zudem	_	_	_	
7-75	1288-1290	ſo	_	_	_	
7-76	1291-1298	ſtinckt	Smell\_Word[5]|Quality[6]	*|*|Same\_span|*	7-76[6_5]|7-79[7_5]|7-79[7_6]|7-77[0_5]	
7-77	1299-1302	ſie	Smell\_Source	_	_	
7-78	1303-1307	auch	_	_	_	
7-79	1308-1312	ſehr	Quality[7]	_	_	
7-80	1313-1319	heftig	Quality[7]	_	_	
7-81	1319-1320	,	_	_	_	
7-82	1321-1324	und	_	_	_	
7-83	1325-1330	ſolte	_	_	_	
7-84	1331-1335	doch	_	_	_	
7-85	1336-1341	einen	_	_	_	
7-86	1342-1348	liebli	Quality[8]	_	_	
7-87	1348-1349	-	Quality[8]	_	_	
7-88	1350-1354	chen	Quality[8]	_	_	
7-89	1355-1361	Geruch	Smell\_Word	*|*	7-86[8_0]|7-77	
7-90	1362-1367	haben	_	_	_	
7-91	1367-1368	.	_	_	_	

#Text=Dioſcorides
#Text=
#Text=nennt dieſen Deckel Onguis und Onyx,
#Text=und ſagt, dieſer
#Text=Deckel ſieht als wie der
#Text=Deckel der Purpurſchnecke.
8-1	1369-1380	Dioſcorides	Smell\_Source	_	_	
8-2	1382-1387	nennt	_	_	_	
8-3	1388-1394	dieſen	_	_	_	
8-4	1395-1401	Deckel	_	_	_	
8-5	1402-1408	Onguis	_	_	_	
8-6	1409-1412	und	_	_	_	
8-7	1413-1417	Onyx	_	_	_	
8-8	1417-1418	,	_	_	_	
8-9	1419-1422	und	_	_	_	
8-10	1423-1427	ſagt	_	_	_	
8-11	1427-1428	,	_	_	_	
8-12	1429-1435	dieſer	_	_	_	
8-13	1436-1442	Deckel	_	_	_	
8-14	1443-1448	ſieht	_	_	_	
8-15	1449-1452	als	_	_	_	
8-16	1453-1456	wie	_	_	_	
8-17	1457-1460	der	_	_	_	
8-18	1461-1467	Deckel	_	_	_	
8-19	1468-1471	der	_	_	_	
8-20	1472-1486	Purpurſchnecke	_	_	_	
8-21	1486-1487	.	_	_	_	

#Text=Welche
#Text=ſich in Oſtindien/ in den Seen, darin-
#Text=ne der Narden waͤchſet, finden laſſen,
#Text=
#Text=riechen ſehr angenehme, dieweil der
#Text=Fiſch, der ſie traͤgt, ſich davon naͤhret.
9-1	1488-1494	Welche	_	_	_	
9-2	1495-1499	ſich	_	_	_	
9-3	1500-1502	in	Location[9]	_	_	
9-4	1503-1512	Oſtindien	Location[9]	_	_	
9-5	1512-1513	/	Location[9]	_	_	
9-6	1514-1516	in	Location[9]	_	_	
9-7	1517-1520	den	Location[9]	_	_	
9-8	1521-1525	Seen	Location[9]	_	_	
9-9	1525-1526	,	_	_	_	
9-10	1527-1532	darin	_	_	_	
9-11	1532-1533	-	_	_	_	
9-12	1534-1536	ne	_	_	_	
9-13	1537-1540	der	_	_	_	
9-14	1541-1547	Narden	_	_	_	
9-15	1548-1556	waͤchſet	_	_	_	
9-16	1556-1557	,	_	_	_	
9-17	1558-1564	finden	_	_	_	
9-18	1565-1571	laſſen	_	_	_	
9-19	1571-1572	,	_	_	_	
9-20	1574-1581	riechen	Smell\_Word	*|*|*	9-21[10_0]|8-1|9-3[9_0]	
9-21	1582-1586	ſehr	Quality[10]	_	_	
9-22	1587-1596	angenehme	Quality[10]	_	_	
9-23	1596-1597	,	_	_	_	
9-24	1598-1605	dieweil	_	_	_	
9-25	1606-1609	der	_	_	_	
9-26	1610-1615	Fiſch	_	_	_	
9-27	1615-1616	,	_	_	_	
9-28	1617-1620	der	_	_	_	
9-29	1621-1624	ſie	_	_	_	
9-30	1625-1631	traͤgt	_	_	_	
9-31	1631-1632	,	_	_	_	
9-32	1633-1637	ſich	_	_	_	
9-33	1638-1643	davon	_	_	_	
9-34	1644-1651	naͤhret	_	_	_	
9-35	1651-1652	.	_	_	_	

#Text=Gemeldter Autor ziehet die aus dem ro-
#Text=then Meere kommen, denenjenigen vor,
#Text=die in der Babyloniſchen Gegend ge-
#Text=funden werden, denn dieſelben ſind
#Text=ſchwartz und ſehr klein.
10-1	1654-1663	Gemeldter	_	_	_	
10-2	1664-1669	Autor	_	_	_	
10-3	1670-1676	ziehet	_	_	_	
10-4	1677-1680	die	_	_	_	
10-5	1681-1684	aus	_	_	_	
10-6	1685-1688	dem	_	_	_	
10-7	1689-1691	ro	_	_	_	
10-8	1691-1692	-	_	_	_	
10-9	1693-1697	then	_	_	_	
10-10	1698-1703	Meere	_	_	_	
10-11	1704-1710	kommen	_	_	_	
10-12	1710-1711	,	_	_	_	
10-13	1712-1724	denenjenigen	_	_	_	
10-14	1725-1728	vor	_	_	_	
10-15	1728-1729	,	_	_	_	
10-16	1730-1733	die	_	_	_	
10-17	1734-1736	in	_	_	_	
10-18	1737-1740	der	_	_	_	
10-19	1741-1754	Babyloniſchen	_	_	_	
10-20	1755-1761	Gegend	_	_	_	
10-21	1762-1764	ge	_	_	_	
10-22	1764-1765	-	_	_	_	
10-23	1766-1772	funden	_	_	_	
10-24	1773-1779	werden	_	_	_	
10-25	1779-1780	,	_	_	_	
10-26	1781-1785	denn	_	_	_	
10-27	1786-1795	dieſelben	_	_	_	
10-28	1796-1800	ſind	_	_	_	
10-29	1801-1809	ſchwartz	_	_	_	
10-30	1810-1813	und	_	_	_	
10-31	1814-1818	ſehr	_	_	_	
10-32	1819-1824	klein	_	_	_	
10-33	1824-1825	.	_	_	_	

#Text=Zu ſeiner Zeit
#Text=
#Text=ward einer wie der andere an ſtatt des
#Text=Rauchwercks verbrannt, weil, wie ge-
#Text=meldet, ſein Geruch mit dem Geruche
#Text=des Bibergeils uͤbereinkommt, welches
#Text=dann mein Vorgeben beſtaͤrcket, weil
#Text=beyder, des Bibergeils und dieſes De-
#Text=ckels Geruch unangenehme iſt.
11-1	1826-1828	Zu	_	_	_	
11-2	1829-1835	ſeiner	_	_	_	
11-3	1836-1840	Zeit	_	_	_	
11-4	1842-1846	ward	_	_	_	
11-5	1847-1852	einer	_	_	_	
11-6	1853-1856	wie	_	_	_	
11-7	1857-1860	der	_	_	_	
11-8	1861-1867	andere	_	_	_	
11-9	1868-1870	an	_	_	_	
11-10	1871-1876	ſtatt	_	_	_	
11-11	1877-1880	des	_	_	_	
11-12	1881-1892	Rauchwercks	_	_	_	
11-13	1893-1902	verbrannt	_	_	_	
11-14	1902-1903	,	_	_	_	
11-15	1904-1908	weil	_	_	_	
11-16	1908-1909	,	_	_	_	
11-17	1910-1913	wie	_	_	_	
11-18	1914-1916	ge	_	_	_	
11-19	1916-1917	-	_	_	_	
11-20	1918-1924	meldet	_	_	_	
11-21	1924-1925	,	_	_	_	
11-22	1926-1930	ſein	Smell\_Source	_	_	
11-23	1931-1937	Geruch	Smell\_Word	*|*	11-26[11_0]|11-22	
11-24	1938-1941	mit	_	_	_	
11-25	1942-1945	dem	_	_	_	
11-26	1946-1953	Geruche	Evoked\_Odorant[11]|Smell\_Word[12]	*	11-27[13_12]	
11-27	1954-1957	des	Evoked\_Odorant[11]|Smell\_Source[13]	_	_	
11-28	1958-1968	Bibergeils	Evoked\_Odorant[11]|Smell\_Source[13]	_	_	
11-29	1969-1982	uͤbereinkommt	_	_	_	
11-30	1982-1983	,	_	_	_	
11-31	1984-1991	welches	_	_	_	
11-32	1992-1996	dann	_	_	_	
11-33	1997-2001	mein	_	_	_	
11-34	2002-2010	Vorgeben	_	_	_	
11-35	2011-2022	beſtaͤrcket	_	_	_	
11-36	2022-2023	,	_	_	_	
11-37	2024-2028	weil	_	_	_	
11-38	2029-2035	beyder	_	_	_	
11-39	2035-2036	,	_	_	_	
11-40	2037-2040	des	Smell\_Source[14]	_	_	
11-41	2041-2051	Bibergeils	Smell\_Source[14]	_	_	
11-42	2052-2055	und	Smell\_Source[14]	_	_	
11-43	2056-2062	dieſes	Smell\_Source[14]	_	_	
11-44	2063-2065	De	Smell\_Source[14]	_	_	
11-45	2065-2066	-	Smell\_Source[14]	_	_	
11-46	2067-2072	ckels	Smell\_Source[14]	_	_	
11-47	2073-2079	Geruch	Smell\_Word	*|*	11-48|11-40[14_0]	
11-48	2080-2091	unangenehme	Quality	_	_	
11-49	2092-2095	iſt	_	_	_	
11-50	2095-2096	.	_	_	_	
