#FORMAT=WebAnno TSV 3.3


#Text=Daarentegen
#Text=wanneer een groote besmetting reeds overal door de lucht verspreid, en op zyn
#Text=hevigste is, houdt de besmetting somtyds eensklaps, en op 't onverwagts zonder
#Text=eenige merkelyke oorzaak, op.
1-1	2-13	Daarentegen	
1-2	14-21	wanneer	
1-3	22-25	een	
1-4	26-32	groote	
1-5	33-43	besmetting	
1-6	44-49	reeds	
1-7	50-56	overal	
1-8	57-61	door	
1-9	62-64	de	
1-10	65-70	lucht	
1-11	71-80	verspreid	
1-12	80-81	,	
1-13	82-84	en	
1-14	85-87	op	
1-15	88-91	zyn	
1-16	92-100	hevigste	
1-17	101-103	is	
1-18	103-104	,	
1-19	105-110	houdt	
1-20	111-113	de	
1-21	114-124	besmetting	
1-22	125-132	somtyds	
1-23	133-142	eensklaps	
1-24	142-143	,	
1-25	144-146	en	
1-26	147-149	op	
1-27	150-151	'	
1-28	151-152	t	
1-29	153-163	onverwagts	
1-30	164-170	zonder	
1-31	171-177	eenige	
1-32	178-187	merkelyke	
1-33	188-195	oorzaak	
1-34	195-196	,	
1-35	197-199	op	
1-36	199-200	.	

#Text=Dit zyn de voornaamste redenen die hem bewogen
#Text=hebben te stellen, dat 't smetgift niet uit de lucht ontstaat.
2-1	201-204	Dit	
2-2	205-208	zyn	
2-3	209-211	de	
2-4	212-223	voornaamste	
2-5	224-231	redenen	
2-6	232-235	die	
2-7	236-239	hem	
2-8	240-247	bewogen	
2-9	248-254	hebben	
2-10	255-257	te	
2-11	258-265	stellen	
2-12	265-266	,	
2-13	267-270	dat	
2-14	271-272	'	
2-15	272-273	t	
2-16	274-282	smetgift	
2-17	283-287	niet	
2-18	288-291	uit	
2-19	292-294	de	
2-20	295-300	lucht	
2-21	301-309	ontstaat	
2-22	309-310	.	

#Text=De Schryver overweegende
#Text=hoe veele vreemde lighaamen '
#Text=er in de lucht gevonden worden, die door de
#Text=uitwaazeming uit de aarde ontstaan, vindt het waarschynlyk dat de besmettende
#Text=giften daaraan hun oorsprong verschuldigd zyn.
#Text=- De beroemde Unzer en Car.
#Text=de
#Text=la Font verklaaren, om gemelde redenen, de oorsprong van de Pest uit een
#Text=Arsenicaal gift, uit de aarde opwaasemende.
3-1	311-313	De	
3-2	314-322	Schryver	
3-3	323-335	overweegende	
3-4	336-339	hoe	
3-5	340-345	veele	
3-6	346-353	vreemde	
3-7	354-363	lighaamen	
3-8	364-365	'	
3-9	366-368	er	
3-10	369-371	in	
3-11	372-374	de	
3-12	375-380	lucht	
3-13	381-389	gevonden	
3-14	390-396	worden	
3-15	396-397	,	
3-16	398-401	die	
3-17	402-406	door	
3-18	407-409	de	
3-19	410-422	uitwaazeming	
3-20	423-426	uit	
3-21	427-429	de	
3-22	430-435	aarde	
3-23	436-444	ontstaan	
3-24	444-445	,	
3-25	446-451	vindt	
3-26	452-455	het	
3-27	456-468	waarschynlyk	
3-28	469-472	dat	
3-29	473-475	de	
3-30	476-487	besmettende	
3-31	488-494	giften	
3-32	495-502	daaraan	
3-33	503-506	hun	
3-34	507-516	oorsprong	
3-35	517-529	verschuldigd	
3-36	530-533	zyn	
3-37	533-534	.	
3-38	535-536	-	
3-39	537-539	De	
3-40	540-548	beroemde	
3-41	549-554	Unzer	
3-42	555-557	en	
3-43	558-561	Car	
3-44	561-562	.	
3-45	563-565	de	
3-46	566-568	la	
3-47	569-573	Font	
3-48	574-584	verklaaren	
3-49	584-585	,	
3-50	586-588	om	
3-51	589-596	gemelde	
3-52	597-604	redenen	
3-53	604-605	,	
3-54	606-608	de	
3-55	609-618	oorsprong	
3-56	619-622	van	
3-57	623-625	de	
3-58	626-630	Pest	
3-59	631-634	uit	
3-60	635-638	een	
3-61	639-649	Arsenicaal	
3-62	650-654	gift	
3-63	654-655	,	
3-64	656-659	uit	
3-65	660-662	de	
3-66	663-668	aarde	
3-67	669-681	opwaasemende	
3-68	681-682	.	

#Text=De Engelsche Geneesheer Arbuthnot
#Text=houdt ook die veronderstelling niet onwaarschynlyk.
4-1	683-685	De	
4-2	686-695	Engelsche	
4-3	696-706	Geneesheer	
4-4	707-716	Arbuthnot	
4-5	717-722	houdt	
4-6	723-726	ook	
4-7	727-730	die	
4-8	731-747	veronderstelling	
4-9	748-752	niet	
4-10	753-767	onwaarschynlyk	
4-11	767-768	.	

#Text=Niemand heeft evenwel, volgens
#Text=onzen Auteur, daaruit de traagheid in 't voortgaan van besmettelyke Ziekten, en
#Text=een
#Text=
#Text=Vaderlandsche Letteroefeningen Jaargang 1777
#Text=
#Text=
#Text=\f306
#Text=menigte andere verschynzels
#Text=verklaard.
#Text=- De Aarde levert geduurig een menigte
#Text=uitwaasemingen op, die door de lucht en 't water naar zich genoomen worden,
#Text=dezelve verschillen naar de verscheide gesteldheid van de aarde in 't een of ander
#Text=deel der wereld.
5-1	769-776	Niemand	
5-2	777-782	heeft	
5-3	783-790	evenwel	
5-4	790-791	,	
5-5	792-799	volgens	
5-6	800-805	onzen	
5-7	806-812	Auteur	
5-8	812-813	,	
5-9	814-821	daaruit	
5-10	822-824	de	
5-11	825-834	traagheid	
5-12	835-837	in	
5-13	838-839	'	
5-14	839-840	t	
5-15	841-850	voortgaan	
5-16	851-854	van	
5-17	855-867	besmettelyke	
5-18	868-875	Ziekten	
5-19	875-876	,	
5-20	877-879	en	
5-21	880-883	een	
5-22	885-898	Vaderlandsche	
5-23	899-915	Letteroefeningen	
5-24	916-924	Jaargang	
5-25	925-929	1777	
5-26	933-936	306	
5-27	937-944	menigte	
5-28	945-951	andere	
5-29	952-964	verschynzels	
5-30	965-974	verklaard	
5-31	974-975	.	
5-32	976-977	-	
5-33	978-980	De	
5-34	981-986	Aarde	
5-35	987-993	levert	
5-36	994-1002	geduurig	
5-37	1003-1006	een	
5-38	1007-1014	menigte	
5-39	1015-1029	uitwaasemingen	
5-40	1030-1032	op	
5-41	1032-1033	,	
5-42	1034-1037	die	
5-43	1038-1042	door	
5-44	1043-1045	de	
5-45	1046-1051	lucht	
5-46	1052-1054	en	
5-47	1055-1056	'	
5-48	1056-1057	t	
5-49	1058-1063	water	
5-50	1064-1068	naar	
5-51	1069-1073	zich	
5-52	1074-1082	genoomen	
5-53	1083-1089	worden	
5-54	1089-1090	,	
5-55	1091-1098	dezelve	
5-56	1099-1110	verschillen	
5-57	1111-1115	naar	
5-58	1116-1118	de	
5-59	1119-1129	verscheide	
5-60	1130-1141	gesteldheid	
5-61	1142-1145	van	
5-62	1146-1148	de	
5-63	1149-1154	aarde	
5-64	1155-1157	in	
5-65	1158-1159	'	
5-66	1159-1160	t	
5-67	1161-1164	een	
5-68	1165-1167	of	
5-69	1168-1173	ander	
5-70	1174-1178	deel	
5-71	1179-1182	der	
5-72	1183-1189	wereld	
5-73	1189-1190	.	

#Text=Aan deeze verscheidenheid schryft hy toe, 't verschil van lucht,
#Text=planten, gewassen en dieren, in verscheide weereldsdeelen; daaraan moet
#Text=toegeschreven worden, de oorzaak der Landziekten, zo als de geduurige blindheid
#Text=der Egyptenaaren, (waartoe evenwel ook de helderheid van de lugt mede iets doen
#Text=kan)
#Text=de Pest te Constantinopolen, en Smyrna enz.
6-1	1191-1194	Aan	
6-2	1195-1200	deeze	
6-3	1201-1216	verscheidenheid	
6-4	1217-1224	schryft	
6-5	1225-1227	hy	
6-6	1228-1231	toe	
6-7	1231-1232	,	
6-8	1233-1234	'	
6-9	1234-1235	t	
6-10	1236-1244	verschil	
6-11	1245-1248	van	
6-12	1249-1254	lucht	
6-13	1254-1255	,	
6-14	1256-1263	planten	
6-15	1263-1264	,	
6-16	1265-1273	gewassen	
6-17	1274-1276	en	
6-18	1277-1283	dieren	
6-19	1283-1284	,	
6-20	1285-1287	in	
6-21	1288-1298	verscheide	
6-22	1299-1313	weereldsdeelen	
6-23	1313-1314	;	
6-24	1315-1322	daaraan	
6-25	1323-1327	moet	
6-26	1328-1341	toegeschreven	
6-27	1342-1348	worden	
6-28	1348-1349	,	
6-29	1350-1352	de	
6-30	1353-1360	oorzaak	
6-31	1361-1364	der	
6-32	1365-1376	Landziekten	
6-33	1376-1377	,	
6-34	1378-1380	zo	
6-35	1381-1384	als	
6-36	1385-1387	de	
6-37	1388-1397	geduurige	
6-38	1398-1407	blindheid	
6-39	1408-1411	der	
6-40	1412-1424	Egyptenaaren	
6-41	1424-1425	,	
6-42	1426-1427	(	
6-43	1427-1434	waartoe	
6-44	1435-1442	evenwel	
6-45	1443-1446	ook	
6-46	1447-1449	de	
6-47	1450-1460	helderheid	
6-48	1461-1464	van	
6-49	1465-1467	de	
6-50	1468-1472	lugt	
6-51	1473-1477	mede	
6-52	1478-1482	iets	
6-53	1483-1487	doen	
6-54	1488-1491	kan	
6-55	1491-1492	)	
6-56	1493-1495	de	
6-57	1496-1500	Pest	
6-58	1501-1503	te	
6-59	1504-1520	Constantinopolen	
6-60	1520-1521	,	
6-61	1522-1524	en	
6-62	1525-1531	Smyrna	
6-63	1532-1535	enz	
6-64	1535-1536	.	

#Text=In de Landen, daar de aarde
#Text=dergelyke uitwaazemingen niet geeft, worden zodanige Ziekten ook niet gevonden
7-1	1537-1539	In	
7-2	1540-1542	de	
7-3	1543-1549	Landen	
7-4	1549-1550	,	
7-5	1551-1555	daar	
7-6	1556-1558	de	
7-7	1559-1564	aarde	
7-8	1565-1574	dergelyke	
7-9	1575-1589	uitwaazemingen	
7-10	1590-1594	niet	
7-11	1595-1600	geeft	
7-12	1600-1601	,	
7-13	1602-1608	worden	
7-14	1609-1617	zodanige	
7-15	1618-1625	Ziekten	
7-16	1626-1629	ook	
7-17	1630-1634	niet	
7-18	1635-1643	gevonden	

#Text=.
8-1	1643-1644	.	

#Text=- Onze Auteur gaat te verre in zyne beschouwingen met de oorzaak van 't Smetgift,
#Text=alleen aan de uitwaasemingen der aarde toe te schryven:
#Text=schoon zulks in eenige
#Text=gevallen wel geschiedt, is 't daarom niet algemeen;
#Text=wy houden deeze oorzaak zelfs
#Text=onder een van de zeldzaamsten.
#Text=- Men kan door de kunst verscheide
#Text=uitwaasemingen voortbrengen, die voor Menschen en Dieren doodelyk zyn.
#Text=- 't
#Text=Zoude ook niet moeijelyk zyn te toonen, dat de zwaarigheden die den Auteur
#Text=bewogen hebben om van 't gemeen gevoelen af te wyken, inderdaad gemakkelyk
#Text=op te lossen zyn.
#Text=- De Schryver schynt onkundig te zyn van de proeven op de vaste
#Text=lucht, door den Heer PRIESTLEY, en anderen, genoomen.
9-1	1646-1647	-	
9-2	1648-1652	Onze	
9-3	1653-1659	Auteur	
9-4	1660-1664	gaat	
9-5	1665-1667	te	
9-6	1668-1673	verre	
9-7	1674-1676	in	
9-8	1677-1681	zyne	
9-9	1682-1695	beschouwingen	
9-10	1696-1699	met	
9-11	1700-1702	de	
9-12	1703-1710	oorzaak	
9-13	1711-1714	van	
9-14	1715-1716	'	
9-15	1716-1717	t	
9-16	1718-1726	Smetgift	
9-17	1726-1727	,	
9-18	1728-1734	alleen	
9-19	1735-1738	aan	
9-20	1739-1741	de	
9-21	1742-1756	uitwaasemingen	
9-22	1757-1760	der	
9-23	1761-1766	aarde	
9-24	1767-1770	toe	
9-25	1771-1773	te	
9-26	1774-1782	schryven	
9-27	1782-1783	:	
9-28	1784-1790	schoon	
9-29	1791-1796	zulks	
9-30	1797-1799	in	
9-31	1800-1806	eenige	
9-32	1807-1815	gevallen	
9-33	1816-1819	wel	
9-34	1820-1829	geschiedt	
9-35	1829-1830	,	
9-36	1831-1833	is	
9-37	1834-1835	'	
9-38	1835-1836	t	
9-39	1837-1843	daarom	
9-40	1844-1848	niet	
9-41	1849-1857	algemeen	
9-42	1857-1858	;	
9-43	1859-1861	wy	
9-44	1862-1868	houden	
9-45	1869-1874	deeze	
9-46	1875-1882	oorzaak	
9-47	1883-1888	zelfs	
9-48	1889-1894	onder	
9-49	1895-1898	een	
9-50	1899-1902	van	
9-51	1903-1905	de	
9-52	1906-1918	zeldzaamsten	
9-53	1918-1919	.	
9-54	1920-1921	-	
9-55	1922-1925	Men	
9-56	1926-1929	kan	
9-57	1930-1934	door	
9-58	1935-1937	de	
9-59	1938-1943	kunst	
9-60	1944-1954	verscheide	
9-61	1955-1969	uitwaasemingen	
9-62	1970-1982	voortbrengen	
9-63	1982-1983	,	
9-64	1984-1987	die	
9-65	1988-1992	voor	
9-66	1993-2001	Menschen	
9-67	2002-2004	en	
9-68	2005-2011	Dieren	
9-69	2012-2020	doodelyk	
9-70	2021-2024	zyn	
9-71	2024-2025	.	
9-72	2026-2027	-	
9-73	2028-2029	'	
9-74	2029-2030	t	
9-75	2031-2036	Zoude	
9-76	2037-2040	ook	
9-77	2041-2045	niet	
9-78	2046-2055	moeijelyk	
9-79	2056-2059	zyn	
9-80	2060-2062	te	
9-81	2063-2069	toonen	
9-82	2069-2070	,	
9-83	2071-2074	dat	
9-84	2075-2077	de	
9-85	2078-2090	zwaarigheden	
9-86	2091-2094	die	
9-87	2095-2098	den	
9-88	2099-2105	Auteur	
9-89	2106-2113	bewogen	
9-90	2114-2120	hebben	
9-91	2121-2123	om	
9-92	2124-2127	van	
9-93	2128-2129	'	
9-94	2129-2130	t	
9-95	2131-2137	gemeen	
9-96	2138-2146	gevoelen	
9-97	2147-2149	af	
9-98	2150-2152	te	
9-99	2153-2158	wyken	
9-100	2158-2159	,	
9-101	2160-2169	inderdaad	
9-102	2170-2180	gemakkelyk	
9-103	2181-2183	op	
9-104	2184-2186	te	
9-105	2187-2193	lossen	
9-106	2194-2197	zyn	
9-107	2197-2198	.	
9-108	2199-2200	-	
9-109	2201-2203	De	
9-110	2204-2212	Schryver	
9-111	2213-2219	schynt	
9-112	2220-2228	onkundig	
9-113	2229-2231	te	
9-114	2232-2235	zyn	
9-115	2236-2239	van	
9-116	2240-2242	de	
9-117	2243-2250	proeven	
9-118	2251-2253	op	
9-119	2254-2256	de	
9-120	2257-2262	vaste	
9-121	2263-2268	lucht	
9-122	2268-2269	,	
9-123	2270-2274	door	
9-124	2275-2278	den	
9-125	2279-2283	Heer	
9-126	2284-2293	PRIESTLEY	
9-127	2293-2294	,	
9-128	2295-2297	en	
9-129	2298-2305	anderen	
9-130	2305-2306	,	
9-131	2307-2315	genoomen	
9-132	2315-2316	.	
