#FORMAT=WebAnno TSV 3.3


#Text=10 Cumque venissent ad tumulos Jordanis in terram Chanaan, ædificaverunt juxta Jordanem altare infinitæ magnitudinis.
#Text=11 Quod cum audissent filii Israël, et ad eos certi nuntii detulissent, ædificasse filios Ruben, et Gad, et dimidiæ tribus Manasse, altare in terra Chanaan, super Jordanis tumulos, contra filios Israël : 12 convenerunt omnes in Silo, ut ascenderent, et dimicarent contra eos.
#Text=13 Et interim miserunt ad illos in terram Galaad Phinees filium Eleazari sacerdotis, 14 et decem principes cum eo, singulos de singulis tribubus.
#Text=15 Qui venerunt ad filios Ruben, et Gad, et dimidiæ tribus Manasse in terram Galaad, dixeruntque ad eos : 16 Hæc mandat omnis populus Domini : Quæ est ista transgressio ?
1-1	2-4	10	
1-2	5-11	Cumque	
1-3	12-21	venissent	
1-4	22-24	ad	
1-5	25-32	tumulos	
1-6	33-41	Jordanis	
1-7	42-44	in	
1-8	45-51	terram	
1-9	52-59	Chanaan	
1-10	59-60	,	
1-11	61-74	ædificaverunt	
1-12	75-80	juxta	
1-13	81-89	Jordanem	
1-14	90-96	altare	
1-15	97-105	infinitæ	
1-16	106-118	magnitudinis	
1-17	118-119	.	
1-18	120-122	11	
1-19	123-127	Quod	
1-20	128-131	cum	
1-21	132-141	audissent	
1-22	142-147	filii	
1-23	148-154	Israël	
1-24	154-155	,	
1-25	156-158	et	
1-26	159-161	ad	
1-27	162-165	eos	
1-28	166-171	certi	
1-29	172-178	nuntii	
1-30	179-190	detulissent	
1-31	190-191	,	
1-32	192-202	ædificasse	
1-33	203-209	filios	
1-34	210-215	Ruben	
1-35	215-216	,	
1-36	217-219	et	
1-37	220-223	Gad	
1-38	223-224	,	
1-39	225-227	et	
1-40	228-235	dimidiæ	
1-41	236-242	tribus	
1-42	243-250	Manasse	
1-43	250-251	,	
1-44	252-258	altare	
1-45	259-261	in	
1-46	262-267	terra	
1-47	268-275	Chanaan	
1-48	275-276	,	
1-49	277-282	super	
1-50	283-291	Jordanis	
1-51	292-299	tumulos	
1-52	299-300	,	
1-53	301-307	contra	
1-54	308-314	filios	
1-55	315-321	Israël	
1-56	322-323	:	
1-57	324-326	12	
1-58	327-338	convenerunt	
1-59	339-344	omnes	
1-60	345-347	in	
1-61	348-352	Silo	
1-62	352-353	,	
1-63	354-356	ut	
1-64	357-368	ascenderent	
1-65	368-369	,	
1-66	370-372	et	
1-67	373-383	dimicarent	
1-68	384-390	contra	
1-69	391-394	eos	
1-70	394-395	.	
1-71	396-398	13	
1-72	399-401	Et	
1-73	402-409	interim	
1-74	410-418	miserunt	
1-75	419-421	ad	
1-76	422-427	illos	
1-77	428-430	in	
1-78	431-437	terram	
1-79	438-444	Galaad	
1-80	445-452	Phinees	
1-81	453-459	filium	
1-82	460-468	Eleazari	
1-83	469-479	sacerdotis	
1-84	479-480	,	
1-85	481-483	14	
1-86	484-486	et	
1-87	487-492	decem	
1-88	493-502	principes	
1-89	503-506	cum	
1-90	507-509	eo	
1-91	509-510	,	
1-92	511-519	singulos	
1-93	520-522	de	
1-94	523-531	singulis	
1-95	532-540	tribubus	
1-96	540-541	.	
1-97	542-544	15	
1-98	545-548	Qui	
1-99	549-557	venerunt	
1-100	558-560	ad	
1-101	561-567	filios	
1-102	568-573	Ruben	
1-103	573-574	,	
1-104	575-577	et	
1-105	578-581	Gad	
1-106	581-582	,	
1-107	583-585	et	
1-108	586-593	dimidiæ	
1-109	594-600	tribus	
1-110	601-608	Manasse	
1-111	609-611	in	
1-112	612-618	terram	
1-113	619-625	Galaad	
1-114	625-626	,	
1-115	627-638	dixeruntque	
1-116	639-641	ad	
1-117	642-645	eos	
1-118	646-647	:	
1-119	648-650	16	
1-120	651-654	Hæc	
1-121	655-661	mandat	
1-122	662-667	omnis	
1-123	668-675	populus	
1-124	676-682	Domini	
1-125	683-684	:	
1-126	685-688	Quæ	
1-127	689-692	est	
1-128	693-697	ista	
1-129	698-710	transgressio	
1-130	711-712	?	

#Text=cur reliquistis Dominum Deum Israël, ædificantes altare sacrilegum, et a cultu illius recedentes ?
2-1	713-716	cur	
2-2	717-728	reliquistis	
2-3	729-736	Dominum	
2-4	737-741	Deum	
2-5	742-748	Israël	
2-6	748-749	,	
2-7	750-761	ædificantes	
2-8	762-768	altare	
2-9	769-779	sacrilegum	
2-10	779-780	,	
2-11	781-783	et	
2-12	784-785	a	
2-13	786-791	cultu	
2-14	792-798	illius	
2-15	799-809	recedentes	
2-16	810-811	?	

#Text=17 an parum vobis est quod peccastis in Beelphegor, et usque in præsentem diem macula hujus sceleris in nobis permanet, multique de populo corruerunt ?
3-1	812-814	17	
3-2	815-817	an	
3-3	818-823	parum	
3-4	824-829	vobis	
3-5	830-833	est	
3-6	834-838	quod	
3-7	839-848	peccastis	
3-8	849-851	in	
3-9	852-862	Beelphegor	
3-10	862-863	,	
3-11	864-866	et	
3-12	867-872	usque	
3-13	873-875	in	
3-14	876-885	præsentem	
3-15	886-890	diem	
3-16	891-897	macula	
3-17	898-903	hujus	
3-18	904-912	sceleris	
3-19	913-915	in	
3-20	916-921	nobis	
3-21	922-930	permanet	
3-22	930-931	,	
3-23	932-940	multique	
3-24	941-943	de	
3-25	944-950	populo	
3-26	951-961	corruerunt	
3-27	962-963	?	

#Text=18 Et vos hodie reliquistis Dominum, et cras in universum Israël ira ejus desæviet.
#Text=19 Quod si putatis immundam esse terram possessionis vestræ, transite ad terram, in qua tabernaculum Domini est, et habitate inter nos : tantum ut a Domino et a nostro consortio non recedatis, ædificato altari præter altare Domini Dei nostri.
#Text=20 Nonne Achan filius Zare præteriit mandatum Domini, et super omnem populum Israël ira ejus incubuit ?
4-1	964-966	18	
4-2	967-969	Et	
4-3	970-973	vos	
4-4	974-979	hodie	
4-5	980-991	reliquistis	
4-6	992-999	Dominum	
4-7	999-1000	,	
4-8	1001-1003	et	
4-9	1004-1008	cras	
4-10	1009-1011	in	
4-11	1012-1021	universum	
4-12	1022-1028	Israël	
4-13	1029-1032	ira	
4-14	1033-1037	ejus	
4-15	1038-1046	desæviet	
4-16	1046-1047	.	
4-17	1048-1050	19	
4-18	1051-1055	Quod	
4-19	1056-1058	si	
4-20	1059-1066	putatis	
4-21	1067-1075	immundam	
4-22	1076-1080	esse	
4-23	1081-1087	terram	
4-24	1088-1100	possessionis	
4-25	1101-1107	vestræ	
4-26	1107-1108	,	
4-27	1109-1117	transite	
4-28	1118-1120	ad	
4-29	1121-1127	terram	
4-30	1127-1128	,	
4-31	1129-1131	in	
4-32	1132-1135	qua	
4-33	1136-1148	tabernaculum	
4-34	1149-1155	Domini	
4-35	1156-1159	est	
4-36	1159-1160	,	
4-37	1161-1163	et	
4-38	1164-1172	habitate	
4-39	1173-1178	inter	
4-40	1179-1182	nos	
4-41	1183-1184	:	
4-42	1185-1191	tantum	
4-43	1192-1194	ut	
4-44	1195-1196	a	
4-45	1197-1203	Domino	
4-46	1204-1206	et	
4-47	1207-1208	a	
4-48	1209-1215	nostro	
4-49	1216-1225	consortio	
4-50	1226-1229	non	
4-51	1230-1239	recedatis	
4-52	1239-1240	,	
4-53	1241-1250	ædificato	
4-54	1251-1257	altari	
4-55	1258-1264	præter	
4-56	1265-1271	altare	
4-57	1272-1278	Domini	
4-58	1279-1282	Dei	
4-59	1283-1289	nostri	
4-60	1289-1290	.	
4-61	1291-1293	20	
4-62	1294-1299	Nonne	
4-63	1300-1305	Achan	
4-64	1306-1312	filius	
4-65	1313-1317	Zare	
4-66	1318-1327	præteriit	
4-67	1328-1336	mandatum	
4-68	1337-1343	Domini	
4-69	1343-1344	,	
4-70	1345-1347	et	
4-71	1348-1353	super	
4-72	1354-1359	omnem	
4-73	1360-1367	populum	
4-74	1368-1374	Israël	
4-75	1375-1378	ira	
4-76	1379-1383	ejus	
4-77	1384-1392	incubuit	
4-78	1393-1394	?	

#Text=et ille erat unus homo, atque utinam solum periisset in scelere suo.
#Text=21 Responderuntque filii Ruben et Gad, et dimidia tribus Manasse, principibus legationis Israël : 22 Fortissimus Deus Dominus, fortissimus Deus Dominus, ipse novit, et Israël simul intelliget : si prævaricationis animo hoc altare construximus, non custodiat nos, sed puniat nos in præsenti : 23 et si ea mente fecimus ut holocausta, et sacrificium, et pacificas victimas super eo imponeremus, ipse quærat et judicet : 24 et non ea magis cogitatione atque tractatu, ut diceremus : Cras dicent filii vestri filiis nostris : Quid vobis et Domino Deo Israël ?
5-1	1395-1397	et	
5-2	1398-1402	ille	
5-3	1403-1407	erat	
5-4	1408-1412	unus	
5-5	1413-1417	homo	
5-6	1417-1418	,	
5-7	1419-1424	atque	
5-8	1425-1431	utinam	
5-9	1432-1437	solum	
5-10	1438-1447	periisset	
5-11	1448-1450	in	
5-12	1451-1458	scelere	
5-13	1459-1462	suo	
5-14	1462-1463	.	
5-15	1464-1466	21	
5-16	1467-1482	Responderuntque	
5-17	1483-1488	filii	
5-18	1489-1494	Ruben	
5-19	1495-1497	et	
5-20	1498-1501	Gad	
5-21	1501-1502	,	
5-22	1503-1505	et	
5-23	1506-1513	dimidia	
5-24	1514-1520	tribus	
5-25	1521-1528	Manasse	
5-26	1528-1529	,	
5-27	1530-1541	principibus	
5-28	1542-1552	legationis	
5-29	1553-1559	Israël	
5-30	1560-1561	:	
5-31	1562-1564	22	
5-32	1565-1576	Fortissimus	
5-33	1577-1581	Deus	
5-34	1582-1589	Dominus	
5-35	1589-1590	,	
5-36	1591-1602	fortissimus	
5-37	1603-1607	Deus	
5-38	1608-1615	Dominus	
5-39	1615-1616	,	
5-40	1617-1621	ipse	
5-41	1622-1627	novit	
5-42	1627-1628	,	
5-43	1629-1631	et	
5-44	1632-1638	Israël	
5-45	1639-1644	simul	
5-46	1645-1655	intelliget	
5-47	1656-1657	:	
5-48	1658-1660	si	
5-49	1661-1676	prævaricationis	
5-50	1677-1682	animo	
5-51	1683-1686	hoc	
5-52	1687-1693	altare	
5-53	1694-1706	construximus	
5-54	1706-1707	,	
5-55	1708-1711	non	
5-56	1712-1721	custodiat	
5-57	1722-1725	nos	
5-58	1725-1726	,	
5-59	1727-1730	sed	
5-60	1731-1737	puniat	
5-61	1738-1741	nos	
5-62	1742-1744	in	
5-63	1745-1753	præsenti	
5-64	1754-1755	:	
5-65	1756-1758	23	
5-66	1759-1761	et	
5-67	1762-1764	si	
5-68	1765-1767	ea	
5-69	1768-1773	mente	
5-70	1774-1781	fecimus	
5-71	1782-1784	ut	
5-72	1785-1795	holocausta	
5-73	1795-1796	,	
5-74	1797-1799	et	
5-75	1800-1811	sacrificium	
5-76	1811-1812	,	
5-77	1813-1815	et	
5-78	1816-1825	pacificas	
5-79	1826-1834	victimas	
5-80	1835-1840	super	
5-81	1841-1843	eo	
5-82	1844-1855	imponeremus	
5-83	1855-1856	,	
5-84	1857-1861	ipse	
5-85	1862-1868	quærat	
5-86	1869-1871	et	
5-87	1872-1879	judicet	
5-88	1880-1881	:	
5-89	1882-1884	24	
5-90	1885-1887	et	
5-91	1888-1891	non	
5-92	1892-1894	ea	
5-93	1895-1900	magis	
5-94	1901-1912	cogitatione	
5-95	1913-1918	atque	
5-96	1919-1927	tractatu	
5-97	1927-1928	,	
5-98	1929-1931	ut	
5-99	1932-1941	diceremus	
5-100	1942-1943	:	
5-101	1944-1948	Cras	
5-102	1949-1955	dicent	
5-103	1956-1961	filii	
5-104	1962-1968	vestri	
5-105	1969-1975	filiis	
5-106	1976-1983	nostris	
5-107	1984-1985	:	
5-108	1986-1990	Quid	
5-109	1991-1996	vobis	
5-110	1997-1999	et	
5-111	2000-2006	Domino	
5-112	2007-2010	Deo	
5-113	2011-2017	Israël	
5-114	2018-2019	?	

#Text=25 terminum posuit Dominus inter nos et vos, o filii Ruben, et filii Gad, Jordanem fluvium, et idcirco partem non habetis in Domino : et per hanc occasionem avertent filii vestri filios nostros a timore Domini.
6-1	2020-2022	25	
6-2	2023-2031	terminum	
6-3	2032-2038	posuit	
6-4	2039-2046	Dominus	
6-5	2047-2052	inter	
6-6	2053-2056	nos	
6-7	2057-2059	et	
6-8	2060-2063	vos	
6-9	2063-2064	,	
6-10	2065-2066	o	
6-11	2067-2072	filii	
6-12	2073-2078	Ruben	
6-13	2078-2079	,	
6-14	2080-2082	et	
6-15	2083-2088	filii	
6-16	2089-2092	Gad	
6-17	2092-2093	,	
6-18	2094-2102	Jordanem	
6-19	2103-2110	fluvium	
6-20	2110-2111	,	
6-21	2112-2114	et	
6-22	2115-2122	idcirco	
6-23	2123-2129	partem	
6-24	2130-2133	non	
6-25	2134-2141	habetis	
6-26	2142-2144	in	
6-27	2145-2151	Domino	
6-28	2152-2153	:	
6-29	2154-2156	et	
6-30	2157-2160	per	
6-31	2161-2165	hanc	
6-32	2166-2176	occasionem	
6-33	2177-2185	avertent	
6-34	2186-2191	filii	
6-35	2192-2198	vestri	
6-36	2199-2205	filios	
6-37	2206-2213	nostros	
6-38	2214-2215	a	
6-39	2216-2222	timore	
6-40	2223-2229	Domini	
6-41	2229-2230	.	

#Text=Putavimus itaque melius, 26 et diximus : Exstruamus nobis altare, non in holocausta, neque ad victimas offerendas, 27 sed in testimonium inter nos et vos, et sobolem nostram vestramque progeniem, ut serviamus Domino, et juris nostri sit offerre et holocausta, et victimas, et pacificas hostias : et nequaquam dicant cras filii vestri filiis nostris : Non est vobis pars in Domino.
#Text=28 Quod si voluerint dicere, respondebunt eis : Ecce altare Domini, quod fecerunt patres nostri, non in holocausta, neque in sacrificium, sed in testimonium nostrum ac vestrum.
#Text=29 Absit a nobis hoc scelus, ut recedamus a Domino, et ejus vestigia relinquamus, exstructo altari ad holocausta, et sacrificia, et victimas offerendas, præter altare Domini Dei nostri, quod exstructum est ante tabernaculum ejus.
#Text=30 Quibus auditis, Phinees sacerdos, et principes legationis Israël, qui erant cum eo, placati sunt : et verba filiorum Ruben, et Gad, et dimidiæ tribus Manasse, libentissime susceperunt.
#Text=31 Dixitque Phinees filius Eleazari sacerdos ad eos : Nunc scimus quod nobiscum sit Dominus, quoniam alieni estis a prævaricatione hac, et liberastis filios Israël de manu Domini.
#Text=32 Reversusque est cum principibus a filiis Ruben et Gad de terra Galaad, finium Chanaan, ad filios Israël, et retulit eis.
#Text=33 Placuitque sermo cunctis audientibus.
7-1	2231-2240	Putavimus	
7-2	2241-2247	itaque	
7-3	2248-2254	melius	
7-4	2254-2255	,	
7-5	2256-2258	26	
7-6	2259-2261	et	
7-7	2262-2269	diximus	
7-8	2270-2271	:	
7-9	2272-2282	Exstruamus	
7-10	2283-2288	nobis	
7-11	2289-2295	altare	
7-12	2295-2296	,	
7-13	2297-2300	non	
7-14	2301-2303	in	
7-15	2304-2314	holocausta	
7-16	2314-2315	,	
7-17	2316-2321	neque	
7-18	2322-2324	ad	
7-19	2325-2333	victimas	
7-20	2334-2344	offerendas	
7-21	2344-2345	,	
7-22	2346-2348	27	
7-23	2349-2352	sed	
7-24	2353-2355	in	
7-25	2356-2367	testimonium	
7-26	2368-2373	inter	
7-27	2374-2377	nos	
7-28	2378-2380	et	
7-29	2381-2384	vos	
7-30	2384-2385	,	
7-31	2386-2388	et	
7-32	2389-2396	sobolem	
7-33	2397-2404	nostram	
7-34	2405-2415	vestramque	
7-35	2416-2425	progeniem	
7-36	2425-2426	,	
7-37	2427-2429	ut	
7-38	2430-2439	serviamus	
7-39	2440-2446	Domino	
7-40	2446-2447	,	
7-41	2448-2450	et	
7-42	2451-2456	juris	
7-43	2457-2463	nostri	
7-44	2464-2467	sit	
7-45	2468-2475	offerre	
7-46	2476-2478	et	
7-47	2479-2489	holocausta	
7-48	2489-2490	,	
7-49	2491-2493	et	
7-50	2494-2502	victimas	
7-51	2502-2503	,	
7-52	2504-2506	et	
7-53	2507-2516	pacificas	
7-54	2517-2524	hostias	
7-55	2525-2526	:	
7-56	2527-2529	et	
7-57	2530-2539	nequaquam	
7-58	2540-2546	dicant	
7-59	2547-2551	cras	
7-60	2552-2557	filii	
7-61	2558-2564	vestri	
7-62	2565-2571	filiis	
7-63	2572-2579	nostris	
7-64	2580-2581	:	
7-65	2582-2585	Non	
7-66	2586-2589	est	
7-67	2590-2595	vobis	
7-68	2596-2600	pars	
7-69	2601-2603	in	
7-70	2604-2610	Domino	
7-71	2610-2611	.	
7-72	2612-2614	28	
7-73	2615-2619	Quod	
7-74	2620-2622	si	
7-75	2623-2632	voluerint	
7-76	2633-2639	dicere	
7-77	2639-2640	,	
7-78	2641-2653	respondebunt	
7-79	2654-2657	eis	
7-80	2658-2659	:	
7-81	2660-2664	Ecce	
7-82	2665-2671	altare	
7-83	2672-2678	Domini	
7-84	2678-2679	,	
7-85	2680-2684	quod	
7-86	2685-2693	fecerunt	
7-87	2694-2700	patres	
7-88	2701-2707	nostri	
7-89	2707-2708	,	
7-90	2709-2712	non	
7-91	2713-2715	in	
7-92	2716-2726	holocausta	
7-93	2726-2727	,	
7-94	2728-2733	neque	
7-95	2734-2736	in	
7-96	2737-2748	sacrificium	
7-97	2748-2749	,	
7-98	2750-2753	sed	
7-99	2754-2756	in	
7-100	2757-2768	testimonium	
7-101	2769-2776	nostrum	
7-102	2777-2779	ac	
7-103	2780-2787	vestrum	
7-104	2787-2788	.	
7-105	2789-2791	29	
7-106	2792-2797	Absit	
7-107	2798-2799	a	
7-108	2800-2805	nobis	
7-109	2806-2809	hoc	
7-110	2810-2816	scelus	
7-111	2816-2817	,	
7-112	2818-2820	ut	
7-113	2821-2830	recedamus	
7-114	2831-2832	a	
7-115	2833-2839	Domino	
7-116	2839-2840	,	
7-117	2841-2843	et	
7-118	2844-2848	ejus	
7-119	2849-2857	vestigia	
7-120	2858-2869	relinquamus	
7-121	2869-2870	,	
7-122	2871-2880	exstructo	
7-123	2881-2887	altari	
7-124	2888-2890	ad	
7-125	2891-2901	holocausta	
7-126	2901-2902	,	
7-127	2903-2905	et	
7-128	2906-2916	sacrificia	
7-129	2916-2917	,	
7-130	2918-2920	et	
7-131	2921-2929	victimas	
7-132	2930-2940	offerendas	
7-133	2940-2941	,	
7-134	2942-2948	præter	
7-135	2949-2955	altare	
7-136	2956-2962	Domini	
7-137	2963-2966	Dei	
7-138	2967-2973	nostri	
7-139	2973-2974	,	
7-140	2975-2979	quod	
7-141	2980-2990	exstructum	
7-142	2991-2994	est	
7-143	2995-2999	ante	
7-144	3000-3012	tabernaculum	
7-145	3013-3017	ejus	
7-146	3017-3018	.	
7-147	3019-3021	30	
7-148	3022-3028	Quibus	
7-149	3029-3036	auditis	
7-150	3036-3037	,	
7-151	3038-3045	Phinees	
7-152	3046-3054	sacerdos	
7-153	3054-3055	,	
7-154	3056-3058	et	
7-155	3059-3068	principes	
7-156	3069-3079	legationis	
7-157	3080-3086	Israël	
7-158	3086-3087	,	
7-159	3088-3091	qui	
7-160	3092-3097	erant	
7-161	3098-3101	cum	
7-162	3102-3104	eo	
7-163	3104-3105	,	
7-164	3106-3113	placati	
7-165	3114-3118	sunt	
7-166	3119-3120	:	
7-167	3121-3123	et	
7-168	3124-3129	verba	
7-169	3130-3138	filiorum	
7-170	3139-3144	Ruben	
7-171	3144-3145	,	
7-172	3146-3148	et	
7-173	3149-3152	Gad	
7-174	3152-3153	,	
7-175	3154-3156	et	
7-176	3157-3164	dimidiæ	
7-177	3165-3171	tribus	
7-178	3172-3179	Manasse	
7-179	3179-3180	,	
7-180	3181-3193	libentissime	
7-181	3194-3205	susceperunt	
7-182	3205-3206	.	
7-183	3207-3209	31	
7-184	3210-3218	Dixitque	
7-185	3219-3226	Phinees	
7-186	3227-3233	filius	
7-187	3234-3242	Eleazari	
7-188	3243-3251	sacerdos	
7-189	3252-3254	ad	
7-190	3255-3258	eos	
7-191	3259-3260	:	
7-192	3261-3265	Nunc	
7-193	3266-3272	scimus	
7-194	3273-3277	quod	
7-195	3278-3286	nobiscum	
7-196	3287-3290	sit	
7-197	3291-3298	Dominus	
7-198	3298-3299	,	
7-199	3300-3307	quoniam	
7-200	3308-3314	alieni	
7-201	3315-3320	estis	
7-202	3321-3322	a	
7-203	3323-3337	prævaricatione	
7-204	3338-3341	hac	
7-205	3341-3342	,	
7-206	3343-3345	et	
7-207	3346-3356	liberastis	
7-208	3357-3363	filios	
7-209	3364-3370	Israël	
7-210	3371-3373	de	
7-211	3374-3378	manu	
7-212	3379-3385	Domini	
7-213	3385-3386	.	
7-214	3387-3389	32	
7-215	3390-3401	Reversusque	
7-216	3402-3405	est	
7-217	3406-3409	cum	
7-218	3410-3421	principibus	
7-219	3422-3423	a	
7-220	3424-3430	filiis	
7-221	3431-3436	Ruben	
7-222	3437-3439	et	
7-223	3440-3443	Gad	
7-224	3444-3446	de	
7-225	3447-3452	terra	
7-226	3453-3459	Galaad	
7-227	3459-3460	,	
7-228	3461-3467	finium	
7-229	3468-3475	Chanaan	
7-230	3475-3476	,	
7-231	3477-3479	ad	
7-232	3480-3486	filios	
7-233	3487-3493	Israël	
7-234	3493-3494	,	
7-235	3495-3497	et	
7-236	3498-3505	retulit	
7-237	3506-3509	eis	
7-238	3509-3510	.	
7-239	3511-3513	33	
7-240	3514-3524	Placuitque	
7-241	3525-3530	sermo	
7-242	3531-3538	cunctis	
7-243	3539-3550	audientibus	
7-244	3550-3551	.	

#Text=Et laudaverunt Deum filii Israël, et nequaquam ultra dixerunt, ut ascenderent contra eos, atque pugnarent, et delerent terram possessionis eorum.
8-1	3552-3554	Et	
8-2	3555-3566	laudaverunt	
8-3	3567-3571	Deum	
8-4	3572-3577	filii	
8-5	3578-3584	Israël	
8-6	3584-3585	,	
8-7	3586-3588	et	
8-8	3589-3598	nequaquam	
8-9	3599-3604	ultra	
8-10	3605-3613	dixerunt	
8-11	3613-3614	,	
8-12	3615-3617	ut	
8-13	3618-3629	ascenderent	
8-14	3630-3636	contra	
8-15	3637-3640	eos	
8-16	3640-3641	,	
8-17	3642-3647	atque	
8-18	3648-3657	pugnarent	
8-19	3657-3658	,	
8-20	3659-3661	et	
8-21	3662-3670	delerent	
8-22	3671-3677	terram	
8-23	3678-3690	possessionis	
8-24	3691-3696	eorum	
8-25	3696-3697	.	
