#FORMAT=WebAnno TSV 3.3
#T_SP=custom.Span|label
#T_RL=custom.Relation|label|BT_custom.Span


#Text=, die onwaardeerbre Bag, 
#Text=
#Text=Waar by juweel nog goud van 't Ooften haaien mag.
1-1	2-3	,	_	_	_	
1-2	4-7	die	_	_	_	
1-3	8-21	onwaardeerbre	_	_	_	
1-4	22-25	Bag	_	_	_	
1-5	25-26	,	_	_	_	
1-6	29-33	Waar	_	_	_	
1-7	34-36	by	_	_	_	
1-8	37-43	juweel	_	_	_	
1-9	44-47	nog	_	_	_	
1-10	48-52	goud	_	_	_	
1-11	53-56	van	_	_	_	
1-12	57-58	'	_	_	_	
1-13	58-59	t	_	_	_	
1-14	60-66	Ooften	_	_	_	
1-15	67-73	haaien	_	_	_	
1-16	74-77	mag	_	_	_	
1-17	77-78	.	_	_	_	

#Text=De Brachman , opgewiegt in bygeloovigheden , 
#Text=
#Text=Beveelt den Indiaan de reiniging der leeden 
#Text=
#Text=
#Text=In 't levend kriftalyn van Ganges breeden vloed, 
#Text=
#Text=Te deerelyk helaas !
2-1	82-84	De	_	_	_	
2-2	85-93	Brachman	_	_	_	
2-3	94-95	,	_	_	_	
2-4	96-105	opgewiegt	_	_	_	
2-5	106-108	in	_	_	_	
2-6	109-124	bygeloovigheden	_	_	_	
2-7	125-126	,	_	_	_	
2-8	129-136	Beveelt	_	_	_	
2-9	137-140	den	_	_	_	
2-10	141-148	Indiaan	_	_	_	
2-11	149-151	de	_	_	_	
2-12	152-161	reiniging	_	_	_	
2-13	162-165	der	_	_	_	
2-14	166-172	leeden	_	_	_	
2-15	176-178	In	_	_	_	
2-16	179-180	'	_	_	_	
2-17	180-181	t	_	_	_	
2-18	182-188	levend	_	_	_	
2-19	189-198	kriftalyn	_	_	_	
2-20	199-202	van	_	_	_	
2-21	203-209	Ganges	_	_	_	
2-22	210-217	breeden	_	_	_	
2-23	218-223	vloed	_	_	_	
2-24	223-224	,	_	_	_	
2-25	227-229	Te	_	_	_	
2-26	230-238	deerelyk	_	_	_	
2-27	239-245	helaas	_	_	_	
2-28	246-247	!	_	_	_	

#Text=met ydle hoop gevoed , 
#Text=
#Text=Van ziel en lichaam bei te zuivren in die platten ; 
#Text=
#Text=
#Text=Heel anders wiert zyn ziel gereinigt en gewaden 
#Text=
#Text=
#Text=In Chriftus dierbaar bloed , indien dees Oceaan
#Text=
#Text=
#Text=Vol heilverborgenthêen hem eens mogt openflaan.
3-1	248-251	met	_	_	_	
3-2	252-256	ydle	_	_	_	
3-3	257-261	hoop	_	_	_	
3-4	262-268	gevoed	_	_	_	
3-5	269-270	,	_	_	_	
3-6	273-276	Van	_	_	_	
3-7	277-281	ziel	_	_	_	
3-8	282-284	en	_	_	_	
3-9	285-292	lichaam	_	_	_	
3-10	293-296	bei	_	_	_	
3-11	297-299	te	_	_	_	
3-12	300-307	zuivren	_	_	_	
3-13	308-310	in	_	_	_	
3-14	311-314	die	_	_	_	
3-15	315-322	platten	_	_	_	
3-16	323-324	;	_	_	_	
3-17	328-332	Heel	_	_	_	
3-18	333-339	anders	_	_	_	
3-19	340-345	wiert	_	_	_	
3-20	346-349	zyn	_	_	_	
3-21	350-354	ziel	_	_	_	
3-22	355-364	gereinigt	_	_	_	
3-23	365-367	en	_	_	_	
3-24	368-375	gewaden	_	_	_	
3-25	379-381	In	_	_	_	
3-26	382-390	Chriftus	_	_	_	
3-27	391-399	dierbaar	_	_	_	
3-28	400-405	bloed	_	_	_	
3-29	406-407	,	_	_	_	
3-30	408-414	indien	_	_	_	
3-31	415-419	dees	_	_	_	
3-32	420-426	Oceaan	_	_	_	
3-33	429-432	Vol	_	_	_	
3-34	433-451	heilverborgenthêen	_	_	_	
3-35	452-455	hem	_	_	_	
3-36	456-460	eens	_	_	_	
3-37	461-465	mogt	_	_	_	
3-38	466-475	openflaan	_	_	_	
3-39	475-476	.	_	_	_	

#Text=Ay wilt dan dat kleinood den Heiden overgeven , 
#Text=
#Text=
#Text=Dien zielverkwikbren reuk van 't eeuwigduurend leven ;
#Text=
#Text=
#Text=
#Text=Zo zet gy 't Ooften eens zyn fchat met winfl betaalt.
4-1	480-482	Ay	_	_	_	
4-2	483-487	wilt	_	_	_	
4-3	488-491	dan	_	_	_	
4-4	492-495	dat	_	_	_	
4-5	496-504	kleinood	_	_	_	
4-6	505-508	den	_	_	_	
4-7	509-515	Heiden	_	_	_	
4-8	516-525	overgeven	_	_	_	
4-9	526-527	,	_	_	_	
4-10	531-535	Dien	_	_	_	
4-11	536-551	zielverkwikbren	Quality	_	_	
4-12	552-556	reuk	Smell\_Word	*|*	4-11|4-14[1_0]	
4-13	557-560	van	_	_	_	
4-14	561-562	'	Smell\_Source[1]	_	_	
4-15	562-563	t	Smell\_Source[1]	_	_	
4-16	564-577	eeuwigduurend	Smell\_Source[1]	_	_	
4-17	578-583	leven	Smell\_Source[1]	_	_	
4-18	584-585	;	_	_	_	
4-19	589-591	Zo	_	_	_	
4-20	592-595	zet	_	_	_	
4-21	596-598	gy	_	_	_	
4-22	599-600	'	_	_	_	
4-23	600-601	t	_	_	_	
4-24	602-608	Ooften	_	_	_	
4-25	609-613	eens	_	_	_	
4-26	614-617	zyn	_	_	_	
4-27	618-623	fchat	_	_	_	
4-28	624-627	met	_	_	_	
4-29	628-633	winfl	_	_	_	
4-30	634-641	betaalt	_	_	_	
4-31	641-642	.	_	_	_	

#Text=Zó
#Text=groei uw Mogen theid en rykdom onbepaalt.
5-1	646-648	Zó	_	_	_	
5-2	649-654	groei	_	_	_	
5-3	655-657	uw	_	_	_	
5-4	658-663	Mogen	_	_	_	
5-5	664-669	theid	_	_	_	
5-6	670-672	en	_	_	_	
5-7	673-679	rykdom	_	_	_	
5-8	680-689	onbepaalt	_	_	_	
5-9	689-690	.	_	_	_	

#Text=Zó tref geen florm voortaan uw rykgeladen' vlooten , 
#Text=
#Text=Maar Neerland , langs hoe meer met zegen overgoten ,
#Text=
#Text=
#Text=Zie d'yzere eeuw door u in louter goud verkeert , 
#Text=
#Text=O!
6-1	694-696	Zó	_	_	_	
6-2	697-701	tref	_	_	_	
6-3	702-706	geen	_	_	_	
6-4	707-712	florm	_	_	_	
6-5	713-721	voortaan	_	_	_	
6-6	722-724	uw	_	_	_	
6-7	725-735	rykgeladen	_	_	_	
6-8	735-736	'	_	_	_	
6-9	737-744	vlooten	_	_	_	
6-10	745-746	,	_	_	_	
6-11	749-753	Maar	_	_	_	
6-12	754-762	Neerland	_	_	_	
6-13	763-764	,	_	_	_	
6-14	765-770	langs	_	_	_	
6-15	771-774	hoe	_	_	_	
6-16	775-779	meer	_	_	_	
6-17	780-783	met	_	_	_	
6-18	784-789	zegen	_	_	_	
6-19	790-799	overgoten	_	_	_	
6-20	800-801	,	_	_	_	
6-21	804-807	Zie	_	_	_	
6-22	808-815	d'yzere	_	_	_	
6-23	816-820	eeuw	_	_	_	
6-24	821-825	door	_	_	_	
6-25	826-827	u	_	_	_	
6-26	828-830	in	_	_	_	
6-27	831-837	louter	_	_	_	
6-28	838-842	goud	_	_	_	
6-29	843-851	verkeert	_	_	_	
6-30	852-853	,	_	_	_	
6-31	856-857	O	_	_	_	
6-32	857-858	!	_	_	_	

#Text=Fenïxmaagd, wiens jeugd nog eeuw nog jaartal deert, 
#Text=
#Text=Ja felfs den ouderdom des Fenix zal verduuren.
7-1	859-869	Fenïxmaagd	_	_	_	
7-2	869-870	,	_	_	_	
7-3	871-876	wiens	_	_	_	
7-4	877-882	jeugd	_	_	_	
7-5	883-886	nog	_	_	_	
7-6	887-891	eeuw	_	_	_	
7-7	892-895	nog	_	_	_	
7-8	896-903	jaartal	_	_	_	
7-9	904-909	deert	_	_	_	
7-10	909-910	,	_	_	_	
7-11	913-915	Ja	_	_	_	
7-12	916-921	felfs	_	_	_	
7-13	922-925	den	_	_	_	
7-14	926-934	ouderdom	_	_	_	
7-15	935-938	des	_	_	_	
7-16	939-944	Fenix	_	_	_	
7-17	945-948	zal	_	_	_	
7-18	949-958	verduuren	_	_	_	
7-19	958-959	.	_	_	_	
