#FORMAT=WebAnno TSV 3.3


#Text=Nu schept in kermen lust:
#Text=het kermen heelt de smart.
1-1	4-6	Nu	
1-2	7-13	schept	
1-3	14-16	in	
1-4	17-23	kermen	
1-5	24-28	lust	
1-6	28-29	:	
1-7	30-33	het	
1-8	34-40	kermen	
1-9	41-46	heelt	
1-10	47-49	de	
1-11	50-55	smart	
1-12	55-56	.	

#Text=Nu roept uit eenen mont, en volleght ons misbaeren.
2-1	59-61	Nu	
2-2	62-67	roept	
2-3	68-71	uit	
2-4	72-77	eenen	
2-5	78-82	mont	
2-6	82-83	,	
2-7	84-86	en	
2-8	87-95	volleght	
2-9	96-99	ons	
2-10	100-109	misbaeren	
2-11	109-110	.	

#Text=Helaes, helaes, helaes, waer is ons heil gevaeren!
3-1	112-118	Helaes	
3-2	118-119	,	
3-3	120-126	helaes	
3-4	126-127	,	
3-5	128-134	helaes	
3-6	134-135	,	
3-7	136-140	waer	
3-8	141-143	is	
3-9	144-147	ons	
3-10	148-152	heil	
3-11	153-161	gevaeren	
3-12	161-162	!	

#Text=Rey.
4-1	164-167	Rey	
4-2	167-168	.	

#Text=Wat weeklaght hoort men hier?
5-1	171-174	Wat	
5-2	175-184	weeklaght	
5-3	185-190	hoort	
5-4	191-194	men	
5-5	195-199	hier	
5-6	199-200	?	

#Text=onaengenamen toon,
#Text=De hemel yst hier af.
#Text=dees lucht is niet gewoon
#Text=Te hooren een muzijck van druck op nooten galmen
#Text=
#Text=Door 't juichende gewelf.
#Text=triomfen, kransen, palmen,
#Text=En harpen passen ons, en snaeren.
#Text=wat wil dit?
6-1	201-213	onaengenamen	
6-2	214-218	toon	
6-3	218-219	,	
6-4	220-222	De	
6-5	223-228	hemel	
6-6	229-232	yst	
6-7	233-237	hier	
6-8	238-240	af	
6-9	240-241	.	
6-10	242-246	dees	
6-11	247-252	lucht	
6-12	253-255	is	
6-13	256-260	niet	
6-14	261-267	gewoon	
6-15	268-270	Te	
6-16	271-277	hooren	
6-17	278-281	een	
6-18	282-289	muzijck	
6-19	290-293	van	
6-20	294-299	druck	
6-21	300-302	op	
6-22	303-309	nooten	
6-23	310-316	galmen	
6-24	318-322	Door	
6-25	323-324	'	
6-26	324-325	t	
6-27	326-335	juichende	
6-28	336-342	gewelf	
6-29	342-343	.	
6-30	344-352	triomfen	
6-31	352-353	,	
6-32	354-361	kransen	
6-33	361-362	,	
6-34	363-369	palmen	
6-35	369-370	,	
6-36	371-373	En	
6-37	374-380	harpen	
6-38	381-387	passen	
6-39	388-391	ons	
6-40	391-392	,	
6-41	393-395	en	
6-42	396-403	snaeren	
6-43	403-404	.	
6-44	405-408	wat	
6-45	409-412	wil	
6-46	413-416	dit	
6-47	416-417	?	

#Text=Wie of hier hangends hoofts in een gekrompen zit,
#Text=Verlaeten, en bedruckt, en zonder noot beladen?
7-1	420-423	Wie	
7-2	424-426	of	
7-3	427-431	hier	
7-4	432-440	hangends	
7-5	441-447	hoofts	
7-6	448-450	in	
7-7	451-454	een	
7-8	455-464	gekrompen	
7-9	465-468	zit	
7-10	468-469	,	
7-11	470-479	Verlaeten	
7-12	479-480	,	
7-13	481-483	en	
7-14	484-492	bedruckt	
7-15	492-493	,	
7-16	494-496	en	
7-17	497-503	zonder	
7-18	504-508	noot	
7-19	509-516	beladen	
7-20	516-517	?	

#Text=Wie geeft hun treurens stof?
8-1	520-523	Wie	
8-2	524-529	geeft	
8-3	530-533	hun	
8-4	534-542	treurens	
8-5	543-547	stof	
8-6	547-548	?	

#Text=wie kan deze oirzaeck raden?
9-1	549-552	wie	
9-2	553-556	kan	
9-3	557-561	deze	
9-4	562-570	oirzaeck	
9-5	571-576	raden	
9-6	576-577	?	

#Text=Mijn Reigenooten, volght:
10-1	579-583	Mijn	
10-2	584-595	Reigenooten	
10-3	595-596	,	
10-4	597-603	volght	
10-5	603-604	:	
