#FORMAT=WebAnno TSV 3.3


#Text=12 Sumptumque de sanguine vituli, pones super cornua altaris digito tuo, reliquum autem sanguinem fundes juxta basim ejus.
#Text=13 Sumes et adipem totum qui operit intestina, et reticulum jecoris, ac duos renes, et adipem qui super eos est, et offeres incensum super altare : 14 carnes vero vituli et corium et fimum combures foris extra castra, eo quod pro peccato sit.
#Text=15 Unum quoque arietem sumes, super cujus caput ponent Aaron et filii ejus manus.
#Text=16 Quem cum mactaveris, tolles de sanguine ejus, et fundes circa altare.
#Text=17 Ipsum autem arietem secabis in frusta : lotaque intestina ejus ac pedes, pones super concisas carnes, et super caput illius.
#Text=18 Et offeres totum arietem in incensum super altare : oblatio est Domino, odor suavissimus victimæ Domini.
#Text=19 Tolles quoque arietem alterum, super cujus caput Aaron et filii ejus ponent manus.
#Text=20 Quem cum immolaveris, sumes de sanguine ejus, et pones super extremum auriculæ dextræ Aaron et filiorum ejus, et super pollices manus eorum ac pedis dextri, fundesque sanguinem super altare per circuitum.
#Text=21 Cumque tuleris de sanguine qui est super altare, et de oleo unctionis, asperges Aaron et vestes ejus, filios et vestimenta eorum.
1-1	2-4	12	
1-2	5-15	Sumptumque	
1-3	16-18	de	
1-4	19-27	sanguine	
1-5	28-34	vituli	
1-6	34-35	,	
1-7	36-41	pones	
1-8	42-47	super	
1-9	48-54	cornua	
1-10	55-62	altaris	
1-11	63-69	digito	
1-12	70-73	tuo	
1-13	73-74	,	
1-14	75-83	reliquum	
1-15	84-89	autem	
1-16	90-99	sanguinem	
1-17	100-106	fundes	
1-18	107-112	juxta	
1-19	113-118	basim	
1-20	119-123	ejus	
1-21	123-124	.	
1-22	125-127	13	
1-23	128-133	Sumes	
1-24	134-136	et	
1-25	137-143	adipem	
1-26	144-149	totum	
1-27	150-153	qui	
1-28	154-160	operit	
1-29	161-170	intestina	
1-30	170-171	,	
1-31	172-174	et	
1-32	175-184	reticulum	
1-33	185-192	jecoris	
1-34	192-193	,	
1-35	194-196	ac	
1-36	197-201	duos	
1-37	202-207	renes	
1-38	207-208	,	
1-39	209-211	et	
1-40	212-218	adipem	
1-41	219-222	qui	
1-42	223-228	super	
1-43	229-232	eos	
1-44	233-236	est	
1-45	236-237	,	
1-46	238-240	et	
1-47	241-248	offeres	
1-48	249-257	incensum	
1-49	258-263	super	
1-50	264-270	altare	
1-51	271-272	:	
1-52	273-275	14	
1-53	276-282	carnes	
1-54	283-287	vero	
1-55	288-294	vituli	
1-56	295-297	et	
1-57	298-304	corium	
1-58	305-307	et	
1-59	308-313	fimum	
1-60	314-322	combures	
1-61	323-328	foris	
1-62	329-334	extra	
1-63	335-341	castra	
1-64	341-342	,	
1-65	343-345	eo	
1-66	346-350	quod	
1-67	351-354	pro	
1-68	355-362	peccato	
1-69	363-366	sit	
1-70	366-367	.	
1-71	368-370	15	
1-72	371-375	Unum	
1-73	376-382	quoque	
1-74	383-390	arietem	
1-75	391-396	sumes	
1-76	396-397	,	
1-77	398-403	super	
1-78	404-409	cujus	
1-79	410-415	caput	
1-80	416-422	ponent	
1-81	423-428	Aaron	
1-82	429-431	et	
1-83	432-437	filii	
1-84	438-442	ejus	
1-85	443-448	manus	
1-86	448-449	.	
1-87	450-452	16	
1-88	453-457	Quem	
1-89	458-461	cum	
1-90	462-472	mactaveris	
1-91	472-473	,	
1-92	474-480	tolles	
1-93	481-483	de	
1-94	484-492	sanguine	
1-95	493-497	ejus	
1-96	497-498	,	
1-97	499-501	et	
1-98	502-508	fundes	
1-99	509-514	circa	
1-100	515-521	altare	
1-101	521-522	.	
1-102	523-525	17	
1-103	526-531	Ipsum	
1-104	532-537	autem	
1-105	538-545	arietem	
1-106	546-553	secabis	
1-107	554-556	in	
1-108	557-563	frusta	
1-109	564-565	:	
1-110	566-573	lotaque	
1-111	574-583	intestina	
1-112	584-588	ejus	
1-113	589-591	ac	
1-114	592-597	pedes	
1-115	597-598	,	
1-116	599-604	pones	
1-117	605-610	super	
1-118	611-619	concisas	
1-119	620-626	carnes	
1-120	626-627	,	
1-121	628-630	et	
1-122	631-636	super	
1-123	637-642	caput	
1-124	643-649	illius	
1-125	649-650	.	
1-126	651-653	18	
1-127	654-656	Et	
1-128	657-664	offeres	
1-129	665-670	totum	
1-130	671-678	arietem	
1-131	679-681	in	
1-132	682-690	incensum	
1-133	691-696	super	
1-134	697-703	altare	
1-135	704-705	:	
1-136	706-713	oblatio	
1-137	714-717	est	
1-138	718-724	Domino	
1-139	724-725	,	
1-140	726-730	odor	
1-141	731-742	suavissimus	
1-142	743-750	victimæ	
1-143	751-757	Domini	
1-144	757-758	.	
1-145	759-761	19	
1-146	762-768	Tolles	
1-147	769-775	quoque	
1-148	776-783	arietem	
1-149	784-791	alterum	
1-150	791-792	,	
1-151	793-798	super	
1-152	799-804	cujus	
1-153	805-810	caput	
1-154	811-816	Aaron	
1-155	817-819	et	
1-156	820-825	filii	
1-157	826-830	ejus	
1-158	831-837	ponent	
1-159	838-843	manus	
1-160	843-844	.	
1-161	845-847	20	
1-162	848-852	Quem	
1-163	853-856	cum	
1-164	857-868	immolaveris	
1-165	868-869	,	
1-166	870-875	sumes	
1-167	876-878	de	
1-168	879-887	sanguine	
1-169	888-892	ejus	
1-170	892-893	,	
1-171	894-896	et	
1-172	897-902	pones	
1-173	903-908	super	
1-174	909-917	extremum	
1-175	918-926	auriculæ	
1-176	927-933	dextræ	
1-177	934-939	Aaron	
1-178	940-942	et	
1-179	943-951	filiorum	
1-180	952-956	ejus	
1-181	956-957	,	
1-182	958-960	et	
1-183	961-966	super	
1-184	967-975	pollices	
1-185	976-981	manus	
1-186	982-987	eorum	
1-187	988-990	ac	
1-188	991-996	pedis	
1-189	997-1003	dextri	
1-190	1003-1004	,	
1-191	1005-1014	fundesque	
1-192	1015-1024	sanguinem	
1-193	1025-1030	super	
1-194	1031-1037	altare	
1-195	1038-1041	per	
1-196	1042-1051	circuitum	
1-197	1051-1052	.	
1-198	1053-1055	21	
1-199	1056-1062	Cumque	
1-200	1063-1070	tuleris	
1-201	1071-1073	de	
1-202	1074-1082	sanguine	
1-203	1083-1086	qui	
1-204	1087-1090	est	
1-205	1091-1096	super	
1-206	1097-1103	altare	
1-207	1103-1104	,	
1-208	1105-1107	et	
1-209	1108-1110	de	
1-210	1111-1115	oleo	
1-211	1116-1125	unctionis	
1-212	1125-1126	,	
1-213	1127-1135	asperges	
1-214	1136-1141	Aaron	
1-215	1142-1144	et	
1-216	1145-1151	vestes	
1-217	1152-1156	ejus	
1-218	1156-1157	,	
1-219	1158-1164	filios	
1-220	1165-1167	et	
1-221	1168-1178	vestimenta	
1-222	1179-1184	eorum	
1-223	1184-1185	.	

#Text=Consecratisque ipsis et vestibus, 22 tolles adipem de ariete, et caudam et arvinam, quæ operit vitalia, ac reticulum jecoris, et duos renes, atque adipem, qui super eos est, armumque dextrum, eo quod sit aries consecrationis : 23 tortamque panis unius, crustulam conspersam oleo, laganum de canistro azymorum, quod positum est in conspectu Domini : 24 ponesque omnia super manus Aaron et filiorum ejus, et sanctificabis eos elevans coram Domino.
#Text=25 Suscipiesque universa de manibus eorum : et incendes super altare in holocaustum, odorem suavissimum in conspectu Domini, quia oblatio ejus est.
#Text=26 Sumes quoque pectusculum de ariete, quo initiatus est Aaron, sanctificabisque illud elevatum coram Domino, et cedet in partem tuam.
#Text=27 Sanctificabisque et pectusculum consecratum, et armum quem de ariete separasti, 28 quo initiatus est Aaron et filii ejus, cedentque in partem Aaron et filiorum ejus jure perpetuo a filiis Israël : quia primitiva sunt et initia de victimis eorum pacificis quæ offerunt Domino.
#Text=29 Vestem autem sanctam, qua utetur Aaron, habebunt filii ejus post eum, ut ungantur in ea, et consecrentur manus eorum.
#Text=30 Septem diebus utetur illa qui pontifex pro eo fuerit constitutus de filiis ejus, et qui ingredietur tabernaculum testimonii ut ministret in sanctuario.
#Text=31 Arietem autem consecrationis tolles, et coques carnes ejus in loco sancto : 32 quibus vescetur Aaron et filii ejus.
2-1	1186-1200	Consecratisque	
2-2	1201-1206	ipsis	
2-3	1207-1209	et	
2-4	1210-1218	vestibus	
2-5	1218-1219	,	
2-6	1220-1222	22	
2-7	1223-1229	tolles	
2-8	1230-1236	adipem	
2-9	1237-1239	de	
2-10	1240-1246	ariete	
2-11	1246-1247	,	
2-12	1248-1250	et	
2-13	1251-1257	caudam	
2-14	1258-1260	et	
2-15	1261-1268	arvinam	
2-16	1268-1269	,	
2-17	1270-1273	quæ	
2-18	1274-1280	operit	
2-19	1281-1288	vitalia	
2-20	1288-1289	,	
2-21	1290-1292	ac	
2-22	1293-1302	reticulum	
2-23	1303-1310	jecoris	
2-24	1310-1311	,	
2-25	1312-1314	et	
2-26	1315-1319	duos	
2-27	1320-1325	renes	
2-28	1325-1326	,	
2-29	1327-1332	atque	
2-30	1333-1339	adipem	
2-31	1339-1340	,	
2-32	1341-1344	qui	
2-33	1345-1350	super	
2-34	1351-1354	eos	
2-35	1355-1358	est	
2-36	1358-1359	,	
2-37	1360-1368	armumque	
2-38	1369-1376	dextrum	
2-39	1376-1377	,	
2-40	1378-1380	eo	
2-41	1381-1385	quod	
2-42	1386-1389	sit	
2-43	1390-1395	aries	
2-44	1396-1410	consecrationis	
2-45	1411-1412	:	
2-46	1413-1415	23	
2-47	1416-1425	tortamque	
2-48	1426-1431	panis	
2-49	1432-1437	unius	
2-50	1437-1438	,	
2-51	1439-1448	crustulam	
2-52	1449-1459	conspersam	
2-53	1460-1464	oleo	
2-54	1464-1465	,	
2-55	1466-1473	laganum	
2-56	1474-1476	de	
2-57	1477-1485	canistro	
2-58	1486-1494	azymorum	
2-59	1494-1495	,	
2-60	1496-1500	quod	
2-61	1501-1508	positum	
2-62	1509-1512	est	
2-63	1513-1515	in	
2-64	1516-1525	conspectu	
2-65	1526-1532	Domini	
2-66	1533-1534	:	
2-67	1535-1537	24	
2-68	1538-1546	ponesque	
2-69	1547-1552	omnia	
2-70	1553-1558	super	
2-71	1559-1564	manus	
2-72	1565-1570	Aaron	
2-73	1571-1573	et	
2-74	1574-1582	filiorum	
2-75	1583-1587	ejus	
2-76	1587-1588	,	
2-77	1589-1591	et	
2-78	1592-1605	sanctificabis	
2-79	1606-1609	eos	
2-80	1610-1617	elevans	
2-81	1618-1623	coram	
2-82	1624-1630	Domino	
2-83	1630-1631	.	
2-84	1632-1634	25	
2-85	1635-1647	Suscipiesque	
2-86	1648-1656	universa	
2-87	1657-1659	de	
2-88	1660-1667	manibus	
2-89	1668-1673	eorum	
2-90	1674-1675	:	
2-91	1676-1678	et	
2-92	1679-1687	incendes	
2-93	1688-1693	super	
2-94	1694-1700	altare	
2-95	1701-1703	in	
2-96	1704-1715	holocaustum	
2-97	1715-1716	,	
2-98	1717-1723	odorem	
2-99	1724-1735	suavissimum	
2-100	1736-1738	in	
2-101	1739-1748	conspectu	
2-102	1749-1755	Domini	
2-103	1755-1756	,	
2-104	1757-1761	quia	
2-105	1762-1769	oblatio	
2-106	1770-1774	ejus	
2-107	1775-1778	est	
2-108	1778-1779	.	
2-109	1780-1782	26	
2-110	1783-1788	Sumes	
2-111	1789-1795	quoque	
2-112	1796-1807	pectusculum	
2-113	1808-1810	de	
2-114	1811-1817	ariete	
2-115	1817-1818	,	
2-116	1819-1822	quo	
2-117	1823-1832	initiatus	
2-118	1833-1836	est	
2-119	1837-1842	Aaron	
2-120	1842-1843	,	
2-121	1844-1860	sanctificabisque	
2-122	1861-1866	illud	
2-123	1867-1875	elevatum	
2-124	1876-1881	coram	
2-125	1882-1888	Domino	
2-126	1888-1889	,	
2-127	1890-1892	et	
2-128	1893-1898	cedet	
2-129	1899-1901	in	
2-130	1902-1908	partem	
2-131	1909-1913	tuam	
2-132	1913-1914	.	
2-133	1915-1917	27	
2-134	1918-1934	Sanctificabisque	
2-135	1935-1937	et	
2-136	1938-1949	pectusculum	
2-137	1950-1961	consecratum	
2-138	1961-1962	,	
2-139	1963-1965	et	
2-140	1966-1971	armum	
2-141	1972-1976	quem	
2-142	1977-1979	de	
2-143	1980-1986	ariete	
2-144	1987-1996	separasti	
2-145	1996-1997	,	
2-146	1998-2000	28	
2-147	2001-2004	quo	
2-148	2005-2014	initiatus	
2-149	2015-2018	est	
2-150	2019-2024	Aaron	
2-151	2025-2027	et	
2-152	2028-2033	filii	
2-153	2034-2038	ejus	
2-154	2038-2039	,	
2-155	2040-2049	cedentque	
2-156	2050-2052	in	
2-157	2053-2059	partem	
2-158	2060-2065	Aaron	
2-159	2066-2068	et	
2-160	2069-2077	filiorum	
2-161	2078-2082	ejus	
2-162	2083-2087	jure	
2-163	2088-2096	perpetuo	
2-164	2097-2098	a	
2-165	2099-2105	filiis	
2-166	2106-2112	Israël	
2-167	2113-2114	:	
2-168	2115-2119	quia	
2-169	2120-2129	primitiva	
2-170	2130-2134	sunt	
2-171	2135-2137	et	
2-172	2138-2144	initia	
2-173	2145-2147	de	
2-174	2148-2156	victimis	
2-175	2157-2162	eorum	
2-176	2163-2172	pacificis	
2-177	2173-2176	quæ	
2-178	2177-2185	offerunt	
2-179	2186-2192	Domino	
2-180	2192-2193	.	
2-181	2194-2196	29	
2-182	2197-2203	Vestem	
2-183	2204-2209	autem	
2-184	2210-2217	sanctam	
2-185	2217-2218	,	
2-186	2219-2222	qua	
2-187	2223-2229	utetur	
2-188	2230-2235	Aaron	
2-189	2235-2236	,	
2-190	2237-2245	habebunt	
2-191	2246-2251	filii	
2-192	2252-2256	ejus	
2-193	2257-2261	post	
2-194	2262-2265	eum	
2-195	2265-2266	,	
2-196	2267-2269	ut	
2-197	2270-2278	ungantur	
2-198	2279-2281	in	
2-199	2282-2284	ea	
2-200	2284-2285	,	
2-201	2286-2288	et	
2-202	2289-2301	consecrentur	
2-203	2302-2307	manus	
2-204	2308-2313	eorum	
2-205	2313-2314	.	
2-206	2315-2317	30	
2-207	2318-2324	Septem	
2-208	2325-2331	diebus	
2-209	2332-2338	utetur	
2-210	2339-2343	illa	
2-211	2344-2347	qui	
2-212	2348-2356	pontifex	
2-213	2357-2360	pro	
2-214	2361-2363	eo	
2-215	2364-2370	fuerit	
2-216	2371-2382	constitutus	
2-217	2383-2385	de	
2-218	2386-2392	filiis	
2-219	2393-2397	ejus	
2-220	2397-2398	,	
2-221	2399-2401	et	
2-222	2402-2405	qui	
2-223	2406-2417	ingredietur	
2-224	2418-2430	tabernaculum	
2-225	2431-2441	testimonii	
2-226	2442-2444	ut	
2-227	2445-2454	ministret	
2-228	2455-2457	in	
2-229	2458-2468	sanctuario	
2-230	2468-2469	.	
2-231	2470-2472	31	
2-232	2473-2480	Arietem	
2-233	2481-2486	autem	
2-234	2487-2501	consecrationis	
2-235	2502-2508	tolles	
2-236	2508-2509	,	
2-237	2510-2512	et	
2-238	2513-2519	coques	
2-239	2520-2526	carnes	
2-240	2527-2531	ejus	
2-241	2532-2534	in	
2-242	2535-2539	loco	
2-243	2540-2546	sancto	
2-244	2547-2548	:	
2-245	2549-2551	32	
2-246	2552-2558	quibus	
2-247	2559-2567	vescetur	
2-248	2568-2573	Aaron	
2-249	2574-2576	et	
2-250	2577-2582	filii	
2-251	2583-2587	ejus	
2-252	2587-2588	.	

#Text=Panes quoque, qui sunt in canistro, in vestibulo tabernaculi testimonii comedent, 33 ut sit placabile sacrificium, et sanctificentur offerentium manus.
3-1	2589-2594	Panes	
3-2	2595-2601	quoque	
3-3	2601-2602	,	
3-4	2603-2606	qui	
3-5	2607-2611	sunt	
3-6	2612-2614	in	
3-7	2615-2623	canistro	
3-8	2623-2624	,	
3-9	2625-2627	in	
3-10	2628-2637	vestibulo	
3-11	2638-2649	tabernaculi	
3-12	2650-2660	testimonii	
3-13	2661-2669	comedent	
3-14	2669-2670	,	
3-15	2671-2673	33	
3-16	2674-2676	ut	
3-17	2677-2680	sit	
3-18	2681-2690	placabile	
3-19	2691-2702	sacrificium	
3-20	2702-2703	,	
3-21	2704-2706	et	
3-22	2707-2721	sanctificentur	
3-23	2722-2733	offerentium	
3-24	2734-2739	manus	
3-25	2739-2740	.	

#Text=Alienigena non vescetur ex eis, quia sancti sunt.
#Text=34 Quod si remanserit de carnibus consecratis, sive de panibus usque mane, combures reliquias igni : non comedentur, quia sanctificata sunt.
#Text=35 Omnia, quæ præcepi tibi, facies super Aaron et filiis ejus.
4-1	2741-2751	Alienigena	
4-2	2752-2755	non	
4-3	2756-2764	vescetur	
4-4	2765-2767	ex	
4-5	2768-2771	eis	
4-6	2771-2772	,	
4-7	2773-2777	quia	
4-8	2778-2784	sancti	
4-9	2785-2789	sunt	
4-10	2789-2790	.	
4-11	2791-2793	34	
4-12	2794-2798	Quod	
4-13	2799-2801	si	
4-14	2802-2812	remanserit	
4-15	2813-2815	de	
4-16	2816-2824	carnibus	
4-17	2825-2836	consecratis	
4-18	2836-2837	,	
4-19	2838-2842	sive	
4-20	2843-2845	de	
4-21	2846-2853	panibus	
4-22	2854-2859	usque	
4-23	2860-2864	mane	
4-24	2864-2865	,	
4-25	2866-2874	combures	
4-26	2875-2884	reliquias	
4-27	2885-2889	igni	
4-28	2890-2891	:	
4-29	2892-2895	non	
4-30	2896-2906	comedentur	
4-31	2906-2907	,	
4-32	2908-2912	quia	
4-33	2913-2925	sanctificata	
4-34	2926-2930	sunt	
4-35	2930-2931	.	
4-36	2932-2934	35	
4-37	2935-2940	Omnia	
4-38	2940-2941	,	
4-39	2942-2945	quæ	
4-40	2946-2953	præcepi	
4-41	2954-2958	tibi	
4-42	2958-2959	,	
4-43	2960-2966	facies	
4-44	2967-2972	super	
4-45	2973-2978	Aaron	
4-46	2979-2981	et	
4-47	2982-2988	filiis	
4-48	2989-2993	ejus	
4-49	2993-2994	.	
