#FORMAT=WebAnno TSV 3.3


#Text=Heer Boyle in het III.
1-1	2-6	Heer	
1-2	7-12	Boyle	
1-3	13-15	in	
1-4	16-19	het	
1-5	20-23	III	
1-6	23-24	.	

#Text=Boek van de straks genoemde verhandelingh verhaalt;
#Text=
#Text=
#Text=dat Tab.
2-1	25-29	Boek	
2-2	30-33	van	
2-3	34-36	de	
2-4	37-43	straks	
2-5	44-52	genoemde	
2-6	53-66	verhandelingh	
2-7	67-75	verhaalt	
2-8	75-76	;	
2-9	79-82	dat	
2-10	83-86	Tab	
2-11	86-87	.	

#Text=XXII.
3-1	88-92	XXII	
3-2	92-93	.	

#Text=Fig. 3.
#Text=een once water E F G in een kopere bol A gedaan was, welke
#Text=een klein gaatje by B hadde (AEolipila werd se gemeenlyk genoemt) en wanneer
#Text=men desen bol op vyer geset hadde, en de dampen van het water begonden door de
#Text=openingh B uitgedreven te werden, dat eenen kegel van dampen D B C sigh
#Text=18 of
#Text=
#Text=20 minuten langh vertoonde, welkers lengte B R 20 duimen, en de breedte C D van
#Text=eenen duim was:
#Text=soo nogtans, dat op den afstand B M (synde 5 of 6 duim meerder
#Text=als B R)
#Text=nogh samen-hangende damp-wolken gesien wierden, welke tot 4 of 5 duimen
#Text=in de breedte K L sigh uitspreideden.
4-1	94-97	Fig	
4-2	97-98	.	
4-3	99-100	3	
4-4	100-101	.	
4-5	102-105	een	
4-6	106-110	once	
4-7	111-116	water	
4-8	117-118	E	
4-9	119-120	F	
4-10	121-122	G	
4-11	123-125	in	
4-12	126-129	een	
4-13	130-136	kopere	
4-14	137-140	bol	
4-15	141-142	A	
4-16	143-149	gedaan	
4-17	150-153	was	
4-18	153-154	,	
4-19	155-160	welke	
4-20	161-164	een	
4-21	165-170	klein	
4-22	171-177	gaatje	
4-23	178-180	by	
4-24	181-182	B	
4-25	183-188	hadde	
4-26	189-190	(	
4-27	190-199	AEolipila	
4-28	200-204	werd	
4-29	205-207	se	
4-30	208-217	gemeenlyk	
4-31	218-225	genoemt	
4-32	225-226	)	
4-33	227-229	en	
4-34	230-237	wanneer	
4-35	238-241	men	
4-36	242-247	desen	
4-37	248-251	bol	
4-38	252-254	op	
4-39	255-259	vyer	
4-40	260-265	geset	
4-41	266-271	hadde	
4-42	271-272	,	
4-43	273-275	en	
4-44	276-278	de	
4-45	279-285	dampen	
4-46	286-289	van	
4-47	290-293	het	
4-48	294-299	water	
4-49	300-308	begonden	
4-50	309-313	door	
4-51	314-316	de	
4-52	317-325	openingh	
4-53	326-327	B	
4-54	328-339	uitgedreven	
4-55	340-342	te	
4-56	343-349	werden	
4-57	349-350	,	
4-58	351-354	dat	
4-59	355-360	eenen	
4-60	361-366	kegel	
4-61	367-370	van	
4-62	371-377	dampen	
4-63	378-379	D	
4-64	380-381	B	
4-65	382-383	C	
4-66	384-388	sigh	
4-67	389-391	18	
4-68	392-394	of	
4-69	396-398	20	
4-70	399-406	minuten	
4-71	407-412	langh	
4-72	413-422	vertoonde	
4-73	422-423	,	
4-74	424-431	welkers	
4-75	432-438	lengte	
4-76	439-440	B	
4-77	441-442	R	
4-78	443-445	20	
4-79	446-452	duimen	
4-80	452-453	,	
4-81	454-456	en	
4-82	457-459	de	
4-83	460-467	breedte	
4-84	468-469	C	
4-85	470-471	D	
4-86	472-475	van	
4-87	476-481	eenen	
4-88	482-486	duim	
4-89	487-490	was	
4-90	490-491	:	
4-91	492-495	soo	
4-92	496-503	nogtans	
4-93	503-504	,	
4-94	505-508	dat	
4-95	509-511	op	
4-96	512-515	den	
4-97	516-523	afstand	
4-98	524-525	B	
4-99	526-527	M	
4-100	528-529	(	
4-101	529-534	synde	
4-102	535-536	5	
4-103	537-539	of	
4-104	540-541	6	
4-105	542-546	duim	
4-106	547-554	meerder	
4-107	555-558	als	
4-108	559-560	B	
4-109	561-562	R	
4-110	562-563	)	
4-111	564-568	nogh	
4-112	569-583	samen-hangende	
4-113	584-595	damp-wolken	
4-114	596-602	gesien	
4-115	603-610	wierden	
4-116	610-611	,	
4-117	612-617	welke	
4-118	618-621	tot	
4-119	622-623	4	
4-120	624-626	of	
4-121	627-628	5	
4-122	629-635	duimen	
4-123	636-638	in	
4-124	639-641	de	
4-125	642-649	breedte	
4-126	650-651	K	
4-127	652-653	L	
4-128	654-658	sigh	
4-129	659-672	uitspreideden	
4-130	672-673	.	

#Text=Bernard Nieuwentijt, Het regt gebruik der werelt beschouwingen
#Text=
#Text=\f
#Text=723
#Text=
#Text=Indien men nu (om met meer gemak te rekenen)
#Text=den kegel B D C te samen met den
#Text=gekorten kegel D C K L, gelyk een eenigen kegel aanmerkt;
#Text=wiens lengte (by
#Text=voorbeeld B R) is van 21 duim: en den diameter van den grond-cirkel (by voorbeeld
#Text=C D) van 1½ duim;
#Text=sal den vlakken cirkel C N D G wesen van 99/56 vlakke duimen,
#Text=welke gemultipliceert met 7 (synde het ⅓ van B R of 21) sal voor den geheelen
#Text=
#Text=damp-kegel
#Text=B C D
#Text=een grootheit van 99/2 of 12⅜ cubische duimen komen.
5-1	676-683	Bernard	
5-2	684-695	Nieuwentijt	
5-3	695-696	,	
5-4	697-700	Het	
5-5	701-705	regt	
5-6	706-713	gebruik	
5-7	714-717	der	
5-8	718-724	werelt	
5-9	725-738	beschouwingen	
5-10	742-745	723	
5-11	747-753	Indien	
5-12	754-757	men	
5-13	758-760	nu	
5-14	761-762	(	
5-15	762-764	om	
5-16	765-768	met	
5-17	769-773	meer	
5-18	774-779	gemak	
5-19	780-782	te	
5-20	783-790	rekenen	
5-21	790-791	)	
5-22	792-795	den	
5-23	796-801	kegel	
5-24	802-803	B	
5-25	804-805	D	
5-26	806-807	C	
5-27	808-810	te	
5-28	811-816	samen	
5-29	817-820	met	
5-30	821-824	den	
5-31	825-833	gekorten	
5-32	834-839	kegel	
5-33	840-841	D	
5-34	842-843	C	
5-35	844-845	K	
5-36	846-847	L	
5-37	847-848	,	
5-38	849-854	gelyk	
5-39	855-858	een	
5-40	859-866	eenigen	
5-41	867-872	kegel	
5-42	873-881	aanmerkt	
5-43	881-882	;	
5-44	883-888	wiens	
5-45	889-895	lengte	
5-46	896-897	(	
5-47	897-899	by	
5-48	900-909	voorbeeld	
5-49	910-911	B	
5-50	912-913	R	
5-51	913-914	)	
5-52	915-917	is	
5-53	918-921	van	
5-54	922-924	21	
5-55	925-929	duim	
5-56	929-930	:	
5-57	931-933	en	
5-58	934-937	den	
5-59	938-946	diameter	
5-60	947-950	van	
5-61	951-954	den	
5-62	955-967	grond-cirkel	
5-63	968-969	(	
5-64	969-971	by	
5-65	972-981	voorbeeld	
5-66	982-983	C	
5-67	984-985	D	
5-68	985-986	)	
5-69	987-990	van	
5-70	991-993	1½	
5-71	994-998	duim	
5-72	998-999	;	
5-73	1000-1003	sal	
5-74	1004-1007	den	
5-75	1008-1015	vlakken	
5-76	1016-1022	cirkel	
5-77	1023-1024	C	
5-78	1025-1026	N	
5-79	1027-1028	D	
5-80	1029-1030	G	
5-81	1031-1036	wesen	
5-82	1037-1040	van	
5-83	1041-1043	99	
5-84	1043-1044	/	
5-85	1044-1046	56	
5-86	1047-1053	vlakke	
5-87	1054-1060	duimen	
5-88	1060-1061	,	
5-89	1062-1067	welke	
5-90	1068-1083	gemultipliceert	
5-91	1084-1087	met	
5-92	1088-1089	7	
5-93	1090-1091	(	
5-94	1091-1096	synde	
5-95	1097-1100	het	
5-96	1101-1102	⅓	
5-97	1103-1106	van	
5-98	1107-1108	B	
5-99	1109-1110	R	
5-100	1111-1113	of	
5-101	1114-1116	21	
5-102	1116-1117	)	
5-103	1118-1121	sal	
5-104	1122-1126	voor	
5-105	1127-1130	den	
5-106	1131-1139	geheelen	
5-107	1141-1151	damp-kegel	
5-108	1152-1153	B	
5-109	1154-1155	C	
5-110	1156-1157	D	
5-111	1158-1161	een	
5-112	1162-1171	grootheit	
5-113	1172-1175	van	
5-114	1176-1178	99	
5-115	1178-1179	/	
5-116	1179-1180	2	
5-117	1181-1183	of	
5-118	1184-1187	12⅜	
5-119	1188-1196	cubische	
5-120	1197-1203	duimen	
5-121	1204-1209	komen	
5-122	1209-1210	.	
