#FORMAT=WebAnno TSV 3.3


#Text=22 Si vero biduo aut uno mense vel longiori tempore fuisset super tabernaculum, manebant filii Israël in eodem loco, et non proficiscebantur : statim autem ut recessisset, movebant castra.
#Text=23 Per verbum Domini figebant tentoria, et per verbum illius proficiscebantur : erantque in excubiis Domini juxta imperium ejus per manum Moysi.
1-1	2-4	22	
1-2	5-7	Si	
1-3	8-12	vero	
1-4	13-18	biduo	
1-5	19-22	aut	
1-6	23-26	uno	
1-7	27-32	mense	
1-8	33-36	vel	
1-9	37-45	longiori	
1-10	46-53	tempore	
1-11	54-61	fuisset	
1-12	62-67	super	
1-13	68-80	tabernaculum	
1-14	80-81	,	
1-15	82-90	manebant	
1-16	91-96	filii	
1-17	97-103	Israël	
1-18	104-106	in	
1-19	107-112	eodem	
1-20	113-117	loco	
1-21	117-118	,	
1-22	119-121	et	
1-23	122-125	non	
1-24	126-142	proficiscebantur	
1-25	143-144	:	
1-26	145-151	statim	
1-27	152-157	autem	
1-28	158-160	ut	
1-29	161-172	recessisset	
1-30	172-173	,	
1-31	174-182	movebant	
1-32	183-189	castra	
1-33	189-190	.	
1-34	191-193	23	
1-35	194-197	Per	
1-36	198-204	verbum	
1-37	205-211	Domini	
1-38	212-220	figebant	
1-39	221-229	tentoria	
1-40	229-230	,	
1-41	231-233	et	
1-42	234-237	per	
1-43	238-244	verbum	
1-44	245-251	illius	
1-45	252-268	proficiscebantur	
1-46	269-270	:	
1-47	271-279	erantque	
1-48	280-282	in	
1-49	283-291	excubiis	
1-50	292-298	Domini	
1-51	299-304	juxta	
1-52	305-313	imperium	
1-53	314-318	ejus	
1-54	319-322	per	
1-55	323-328	manum	
1-56	329-334	Moysi	
1-57	334-335	.	

#Text=Caput 10
#Text=
#Text=
#Text=1 Locutusque est Dominus ad Moysen, dicens : 2 Fac tibi duas tubas argenteas ductiles, quibus convocare possis multitudinem quando movenda sunt castra.
#Text=3 Cumque increpueris tubis, congregabitur ad te omnis turba ad ostium tabernaculi fœderis.
#Text=4 Si semel clangueris, venient ad te principes, et capita multitudinis Israël.
#Text=5 Si autem prolixior atque concisus clangor increpuerit, movebunt castra primi qui sunt ad orientalem plagam.
#Text=6 In secundo autem sonitu et pari ululatu tubæ, levabunt tentoria qui habitant ad meridiem ; et juxta hunc modum reliqui facient, ululantibus tubis in profectionem.
#Text=7 Quando autem congregandus est populus, simplex tubarum clangor erit, et non concise ululabunt.
#Text=8 Filii autem Aaron sacerdotes clangent tubis : eritque hoc legitimum sempiternum in generationibus vestris.
#Text=9 Si exieritis ad bellum de terra vestra contra hostes qui dimicant adversum vos, clangetis ululantibus tubis, et erit recordatio vestri coram Domino Deo vestro, ut eruamini de manibus inimicorum vestrorum.
#Text=10 Siquando habebitis epulum, et dies festos, et calendas, canetis tubis super holocaustis, et pacificis victimis, ut sint vobis in recordationem Dei vestri.
2-1	336-341	Caput	
2-2	342-344	10	
2-3	347-348	1	
2-4	349-359	Locutusque	
2-5	360-363	est	
2-6	364-371	Dominus	
2-7	372-374	ad	
2-8	375-381	Moysen	
2-9	381-382	,	
2-10	383-389	dicens	
2-11	390-391	:	
2-12	392-393	2	
2-13	394-397	Fac	
2-14	398-402	tibi	
2-15	403-407	duas	
2-16	408-413	tubas	
2-17	414-423	argenteas	
2-18	424-432	ductiles	
2-19	432-433	,	
2-20	434-440	quibus	
2-21	441-450	convocare	
2-22	451-457	possis	
2-23	458-470	multitudinem	
2-24	471-477	quando	
2-25	478-485	movenda	
2-26	486-490	sunt	
2-27	491-497	castra	
2-28	497-498	.	
2-29	499-500	3	
2-30	501-507	Cumque	
2-31	508-519	increpueris	
2-32	520-525	tubis	
2-33	525-526	,	
2-34	527-540	congregabitur	
2-35	541-543	ad	
2-36	544-546	te	
2-37	547-552	omnis	
2-38	553-558	turba	
2-39	559-561	ad	
2-40	562-568	ostium	
2-41	569-580	tabernaculi	
2-42	581-588	fœderis	
2-43	588-589	.	
2-44	590-591	4	
2-45	592-594	Si	
2-46	595-600	semel	
2-47	601-611	clangueris	
2-48	611-612	,	
2-49	613-620	venient	
2-50	621-623	ad	
2-51	624-626	te	
2-52	627-636	principes	
2-53	636-637	,	
2-54	638-640	et	
2-55	641-647	capita	
2-56	648-660	multitudinis	
2-57	661-667	Israël	
2-58	667-668	.	
2-59	669-670	5	
2-60	671-673	Si	
2-61	674-679	autem	
2-62	680-689	prolixior	
2-63	690-695	atque	
2-64	696-704	concisus	
2-65	705-712	clangor	
2-66	713-724	increpuerit	
2-67	724-725	,	
2-68	726-734	movebunt	
2-69	735-741	castra	
2-70	742-747	primi	
2-71	748-751	qui	
2-72	752-756	sunt	
2-73	757-759	ad	
2-74	760-770	orientalem	
2-75	771-777	plagam	
2-76	777-778	.	
2-77	779-780	6	
2-78	781-783	In	
2-79	784-791	secundo	
2-80	792-797	autem	
2-81	798-804	sonitu	
2-82	805-807	et	
2-83	808-812	pari	
2-84	813-820	ululatu	
2-85	821-825	tubæ	
2-86	825-826	,	
2-87	827-835	levabunt	
2-88	836-844	tentoria	
2-89	845-848	qui	
2-90	849-857	habitant	
2-91	858-860	ad	
2-92	861-869	meridiem	
2-93	870-871	;	
2-94	872-874	et	
2-95	875-880	juxta	
2-96	881-885	hunc	
2-97	886-891	modum	
2-98	892-899	reliqui	
2-99	900-907	facient	
2-100	907-908	,	
2-101	909-920	ululantibus	
2-102	921-926	tubis	
2-103	927-929	in	
2-104	930-942	profectionem	
2-105	942-943	.	
2-106	944-945	7	
2-107	946-952	Quando	
2-108	953-958	autem	
2-109	959-971	congregandus	
2-110	972-975	est	
2-111	976-983	populus	
2-112	983-984	,	
2-113	985-992	simplex	
2-114	993-1000	tubarum	
2-115	1001-1008	clangor	
2-116	1009-1013	erit	
2-117	1013-1014	,	
2-118	1015-1017	et	
2-119	1018-1021	non	
2-120	1022-1029	concise	
2-121	1030-1039	ululabunt	
2-122	1039-1040	.	
2-123	1041-1042	8	
2-124	1043-1048	Filii	
2-125	1049-1054	autem	
2-126	1055-1060	Aaron	
2-127	1061-1071	sacerdotes	
2-128	1072-1080	clangent	
2-129	1081-1086	tubis	
2-130	1087-1088	:	
2-131	1089-1096	eritque	
2-132	1097-1100	hoc	
2-133	1101-1110	legitimum	
2-134	1111-1122	sempiternum	
2-135	1123-1125	in	
2-136	1126-1140	generationibus	
2-137	1141-1148	vestris	
2-138	1148-1149	.	
2-139	1150-1151	9	
2-140	1152-1154	Si	
2-141	1155-1164	exieritis	
2-142	1165-1167	ad	
2-143	1168-1174	bellum	
2-144	1175-1177	de	
2-145	1178-1183	terra	
2-146	1184-1190	vestra	
2-147	1191-1197	contra	
2-148	1198-1204	hostes	
2-149	1205-1208	qui	
2-150	1209-1217	dimicant	
2-151	1218-1226	adversum	
2-152	1227-1230	vos	
2-153	1230-1231	,	
2-154	1232-1241	clangetis	
2-155	1242-1253	ululantibus	
2-156	1254-1259	tubis	
2-157	1259-1260	,	
2-158	1261-1263	et	
2-159	1264-1268	erit	
2-160	1269-1279	recordatio	
2-161	1280-1286	vestri	
2-162	1287-1292	coram	
2-163	1293-1299	Domino	
2-164	1300-1303	Deo	
2-165	1304-1310	vestro	
2-166	1310-1311	,	
2-167	1312-1314	ut	
2-168	1315-1323	eruamini	
2-169	1324-1326	de	
2-170	1327-1334	manibus	
2-171	1335-1345	inimicorum	
2-172	1346-1355	vestrorum	
2-173	1355-1356	.	
2-174	1357-1359	10	
2-175	1360-1368	Siquando	
2-176	1369-1378	habebitis	
2-177	1379-1385	epulum	
2-178	1385-1386	,	
2-179	1387-1389	et	
2-180	1390-1394	dies	
2-181	1395-1401	festos	
2-182	1401-1402	,	
2-183	1403-1405	et	
2-184	1406-1414	calendas	
2-185	1414-1415	,	
2-186	1416-1423	canetis	
2-187	1424-1429	tubis	
2-188	1430-1435	super	
2-189	1436-1447	holocaustis	
2-190	1447-1448	,	
2-191	1449-1451	et	
2-192	1452-1461	pacificis	
2-193	1462-1470	victimis	
2-194	1470-1471	,	
2-195	1472-1474	ut	
2-196	1475-1479	sint	
2-197	1480-1485	vobis	
2-198	1486-1488	in	
2-199	1489-1502	recordationem	
2-200	1503-1506	Dei	
2-201	1507-1513	vestri	
2-202	1513-1514	.	

#Text=Ego Dominus Deus vester.
#Text=11 Anno secundo, mense secundo, vigesima die mensis, elevata est nubes de tabernaculo fœderis : 12 profectique sunt filii Israël per turmas suas de deserto Sinai, et recubuit nubes in solitudine Pharan.
#Text=13 Moveruntque castra primi juxta imperium Domini in manu Moysi.
#Text=14 Filii Juda per turmas suas : quorum princeps erat Nahasson filius Aminadab.
#Text=15 In tribu filiorum Issachar fuit princeps Nathanaël filius Suar.
#Text=16 In tribu Zabulon erat princeps Eliab filius Helon.
#Text=17 Depositumque est tabernaculum, quod portantes egressi sunt filii Gerson et Merari.
#Text=18 Profectique sunt et filii Ruben, per turmas et ordinem suum : quorum princeps erat Helisur filius Sedeur.
#Text=19 In tribu autem filiorum Simeon, princeps fuit Salamiel filius Surisaddai.
3-1	1515-1518	Ego	
3-2	1519-1526	Dominus	
3-3	1527-1531	Deus	
3-4	1532-1538	vester	
3-5	1538-1539	.	
3-6	1540-1542	11	
3-7	1543-1547	Anno	
3-8	1548-1555	secundo	
3-9	1555-1556	,	
3-10	1557-1562	mense	
3-11	1563-1570	secundo	
3-12	1570-1571	,	
3-13	1572-1580	vigesima	
3-14	1581-1584	die	
3-15	1585-1591	mensis	
3-16	1591-1592	,	
3-17	1593-1600	elevata	
3-18	1601-1604	est	
3-19	1605-1610	nubes	
3-20	1611-1613	de	
3-21	1614-1625	tabernaculo	
3-22	1626-1633	fœderis	
3-23	1634-1635	:	
3-24	1636-1638	12	
3-25	1639-1650	profectique	
3-26	1651-1655	sunt	
3-27	1656-1661	filii	
3-28	1662-1668	Israël	
3-29	1669-1672	per	
3-30	1673-1679	turmas	
3-31	1680-1684	suas	
3-32	1685-1687	de	
3-33	1688-1695	deserto	
3-34	1696-1701	Sinai	
3-35	1701-1702	,	
3-36	1703-1705	et	
3-37	1706-1714	recubuit	
3-38	1715-1720	nubes	
3-39	1721-1723	in	
3-40	1724-1734	solitudine	
3-41	1735-1741	Pharan	
3-42	1741-1742	.	
3-43	1743-1745	13	
3-44	1746-1757	Moveruntque	
3-45	1758-1764	castra	
3-46	1765-1770	primi	
3-47	1771-1776	juxta	
3-48	1777-1785	imperium	
3-49	1786-1792	Domini	
3-50	1793-1795	in	
3-51	1796-1800	manu	
3-52	1801-1806	Moysi	
3-53	1806-1807	.	
3-54	1808-1810	14	
3-55	1811-1816	Filii	
3-56	1817-1821	Juda	
3-57	1822-1825	per	
3-58	1826-1832	turmas	
3-59	1833-1837	suas	
3-60	1838-1839	:	
3-61	1840-1846	quorum	
3-62	1847-1855	princeps	
3-63	1856-1860	erat	
3-64	1861-1869	Nahasson	
3-65	1870-1876	filius	
3-66	1877-1885	Aminadab	
3-67	1885-1886	.	
3-68	1887-1889	15	
3-69	1890-1892	In	
3-70	1893-1898	tribu	
3-71	1899-1907	filiorum	
3-72	1908-1916	Issachar	
3-73	1917-1921	fuit	
3-74	1922-1930	princeps	
3-75	1931-1940	Nathanaël	
3-76	1941-1947	filius	
3-77	1948-1952	Suar	
3-78	1952-1953	.	
3-79	1954-1956	16	
3-80	1957-1959	In	
3-81	1960-1965	tribu	
3-82	1966-1973	Zabulon	
3-83	1974-1978	erat	
3-84	1979-1987	princeps	
3-85	1988-1993	Eliab	
3-86	1994-2000	filius	
3-87	2001-2006	Helon	
3-88	2006-2007	.	
3-89	2008-2010	17	
3-90	2011-2023	Depositumque	
3-91	2024-2027	est	
3-92	2028-2040	tabernaculum	
3-93	2040-2041	,	
3-94	2042-2046	quod	
3-95	2047-2056	portantes	
3-96	2057-2064	egressi	
3-97	2065-2069	sunt	
3-98	2070-2075	filii	
3-99	2076-2082	Gerson	
3-100	2083-2085	et	
3-101	2086-2092	Merari	
3-102	2092-2093	.	
3-103	2094-2096	18	
3-104	2097-2108	Profectique	
3-105	2109-2113	sunt	
3-106	2114-2116	et	
3-107	2117-2122	filii	
3-108	2123-2128	Ruben	
3-109	2128-2129	,	
3-110	2130-2133	per	
3-111	2134-2140	turmas	
3-112	2141-2143	et	
3-113	2144-2151	ordinem	
3-114	2152-2156	suum	
3-115	2157-2158	:	
3-116	2159-2165	quorum	
3-117	2166-2174	princeps	
3-118	2175-2179	erat	
3-119	2180-2187	Helisur	
3-120	2188-2194	filius	
3-121	2195-2201	Sedeur	
3-122	2201-2202	.	
3-123	2203-2205	19	
3-124	2206-2208	In	
3-125	2209-2214	tribu	
3-126	2215-2220	autem	
3-127	2221-2229	filiorum	
3-128	2230-2236	Simeon	
3-129	2236-2237	,	
3-130	2238-2246	princeps	
3-131	2247-2251	fuit	
3-132	2252-2260	Salamiel	
3-133	2261-2267	filius	
3-134	2268-2278	Surisaddai	
3-135	2278-2279	.	
