#FORMAT=WebAnno TSV 3.3
#T_SP=custom.Span|label
#T_RL=custom.Relation|label|BT_custom.Span


#Text=Zie hen daer knielen, zie de schoone boerenroos
#Text=
#Text=In 't open raem te pronk met maegdelyken bloos,
#Text=
#Text=Om haren Schepper ook te huldigen.
1-1	2-5	Zie	_	_	_	
1-2	6-9	hen	_	_	_	
1-3	10-14	daer	_	_	_	
1-4	15-22	knielen	_	_	_	
1-5	22-23	,	_	_	_	
1-6	24-27	zie	_	_	_	
1-7	28-30	de	_	_	_	
1-8	31-38	schoone	_	_	_	
1-9	39-49	boerenroos	_	_	_	
1-10	51-53	In	_	_	_	
1-11	54-55	'	_	_	_	
1-12	55-56	t	_	_	_	
1-13	57-61	open	_	_	_	
1-14	62-66	raem	_	_	_	
1-15	67-69	te	_	_	_	
1-16	70-75	pronk	_	_	_	
1-17	76-79	met	_	_	_	
1-18	80-91	maegdelyken	_	_	_	
1-19	92-97	bloos	_	_	_	
1-20	97-98	,	_	_	_	
1-21	100-102	Om	_	_	_	
1-22	103-108	haren	_	_	_	
1-23	109-117	Schepper	_	_	_	
1-24	118-121	ook	_	_	_	
1-25	122-124	te	_	_	_	
1-26	125-133	huldigen	_	_	_	
1-27	133-134	.	_	_	_	

#Text=Een outer
#Text=Ryst (een omloofde terp) ginds op dien vlakken kauter.
2-1	135-138	Een	_	_	_	
2-2	139-144	outer	_	_	_	
2-3	145-149	Ryst	_	_	_	
2-4	150-151	(	_	_	_	
2-5	151-154	een	_	_	_	
2-6	155-163	omloofde	_	_	_	
2-7	164-168	terp	_	_	_	
2-8	168-169	)	_	_	_	
2-9	170-175	ginds	_	_	_	
2-10	176-178	op	_	_	_	
2-11	179-183	dien	_	_	_	
2-12	184-191	vlakken	_	_	_	
2-13	192-198	kauter	_	_	_	
2-14	198-199	.	_	_	_	

#Text=De Priester rust
#Text=er by, met zegenende hand.
3-1	202-204	De	_	_	_	
3-2	205-213	Priester	_	_	_	
3-3	214-218	rust	_	_	_	
3-4	219-221	er	_	_	_	
3-5	222-224	by	_	_	_	
3-6	224-225	,	_	_	_	
3-7	226-229	met	_	_	_	
3-8	230-239	zegenende	_	_	_	
3-9	240-244	hand	_	_	_	
3-10	244-245	.	_	_	_	

#Text=Neen,
#Text=hier is dank aen God geen dwang, geen slavenband!
4-1	247-251	Neen	_	_	_	
4-2	251-252	,	_	_	_	
4-3	253-257	hier	_	_	_	
4-4	258-260	is	_	_	_	
4-5	261-265	dank	_	_	_	
4-6	266-269	aen	_	_	_	
4-7	270-273	God	_	_	_	
4-8	274-278	geen	_	_	_	
4-9	279-284	dwang	_	_	_	
4-10	284-285	,	_	_	_	
4-11	286-290	geen	_	_	_	
4-12	291-301	slavenband	_	_	_	
4-13	301-302	!	_	_	_	

#Text=Wees
#Text=welkom, zoete geur van Eden!
5-1	304-308	Wees	_	_	_	
5-2	309-315	welkom	_	_	_	
5-3	315-316	,	_	_	_	
5-4	317-322	zoete	Quality	_	_	
5-5	323-327	geur	Smell\_Word	*|*	5-6[1_0]|5-4	
5-6	328-331	van	Smell\_Source[1]	_	_	
5-7	332-336	Eden	Smell\_Source[1]	_	_	
5-8	336-337	!	_	_	_	

#Text=Allerwegen
#Text=
#Text=
#Text=Zyn
#Text=lisch en loof en bloem gestrooid.
6-1	338-348	Allerwegen	_	_	_	
6-2	351-354	Zyn	_	_	_	
6-3	355-360	lisch	_	_	_	
6-4	361-363	en	_	_	_	
6-5	364-368	loof	_	_	_	
6-6	369-371	en	_	_	_	
6-7	372-377	bloem	_	_	_	
6-8	378-387	gestrooid	_	_	_	
6-9	387-388	.	_	_	_	

#Text=Luid opgestegen
#Text=
#Text=
#Text=Ten hemel, rolt de zang de frissche velden langs.
7-1	389-393	Luid	_	_	_	
7-2	394-404	opgestegen	_	_	_	
7-3	407-410	Ten	_	_	_	
7-4	411-416	hemel	_	_	_	
7-5	416-417	,	_	_	_	
7-6	418-422	rolt	_	_	_	
7-7	423-425	de	_	_	_	
7-8	426-430	zang	_	_	_	
7-9	431-433	de	_	_	_	
7-10	434-442	frissche	_	_	_	
7-11	443-449	velden	_	_	_	
7-12	450-455	langs	_	_	_	
7-13	455-456	.	_	_	_	

#Text=Jeruzalem schynt hier, met palm en hoogtydskrans.
8-1	458-467	Jeruzalem	_	_	_	
8-2	468-474	schynt	_	_	_	
8-3	475-479	hier	_	_	_	
8-4	479-480	,	_	_	_	
8-5	481-484	met	_	_	_	
8-6	485-489	palm	_	_	_	
8-7	490-492	en	_	_	_	
8-8	493-506	hoogtydskrans	_	_	_	
8-9	506-507	.	_	_	_	

#Text=Te ontwaken uit den nacht der ingeslapen eeuwen,
9-1	509-511	Te	_	_	_	
9-2	512-520	ontwaken	_	_	_	
9-3	521-524	uit	_	_	_	
9-4	525-528	den	_	_	_	
9-5	529-534	nacht	_	_	_	
9-6	535-538	der	_	_	_	
9-7	539-549	ingeslapen	_	_	_	
9-8	550-556	eeuwen	_	_	_	
9-9	556-557	,	_	_	_	
