#FORMAT=WebAnno TSV 3.3
#T_SP=custom.Span|label
#T_RL=custom.Relation|label|BT_custom.Span


#Text=Die Gelbſchoten, Wongſhy, ſind die Früchte der
#Text=im ſüdöſtlichen Aſien heimiſchen, zur Familie der Rubiaceae gehörigen
#Text=chineſi-
#Text=ſchen Gelbſchote von Gardenia florida L., Gardenia radicans Thbg.
#Text=und
#Text=Gardenia grandiflora Lour
#Text=.
1-1	2-5	Die	_	_	_	
1-2	6-17	Gelbſchoten	_	_	_	
1-3	17-18	,	_	_	_	
1-4	19-26	Wongſhy	_	_	_	
1-5	26-27	,	_	_	_	
1-6	28-32	ſind	_	_	_	
1-7	33-36	die	_	_	_	
1-8	37-44	Früchte	_	_	_	
1-9	45-48	der	_	_	_	
1-10	49-51	im	_	_	_	
1-11	52-64	ſüdöſtlichen	_	_	_	
1-12	65-70	Aſien	_	_	_	
1-13	71-81	heimiſchen	_	_	_	
1-14	81-82	,	_	_	_	
1-15	83-86	zur	_	_	_	
1-16	87-94	Familie	_	_	_	
1-17	95-98	der	_	_	_	
1-18	99-108	Rubiaceae	_	_	_	
1-19	109-118	gehörigen	_	_	_	
1-20	119-126	chineſi	_	_	_	
1-21	126-127	-	_	_	_	
1-22	128-133	ſchen	_	_	_	
1-23	134-144	Gelbſchote	_	_	_	
1-24	145-148	von	_	_	_	
1-25	149-157	Gardenia	_	_	_	
1-26	158-165	florida	_	_	_	
1-27	166-167	L	_	_	_	
1-28	167-168	.	_	_	_	
1-29	168-169	,	_	_	_	
1-30	170-178	Gardenia	_	_	_	
1-31	179-187	radicans	_	_	_	
1-32	188-192	Thbg	_	_	_	
1-33	192-193	.	_	_	_	
1-34	194-197	und	_	_	_	
1-35	198-206	Gardenia	_	_	_	
1-36	207-218	grandiflora	_	_	_	
1-37	219-223	Lour	_	_	_	
1-38	224-225	.	_	_	_	

#Text=Sie kamen im Jahre 1848 zum erſtenmal
#Text=nach Europa.
2-1	226-229	Sie	_	_	_	
2-2	230-235	kamen	_	_	_	
2-3	236-238	im	_	_	_	
2-4	239-244	Jahre	_	_	_	
2-5	245-249	1848	_	_	_	
2-6	250-253	zum	_	_	_	
2-7	254-263	erſtenmal	_	_	_	
2-8	264-268	nach	_	_	_	
2-9	269-275	Europa	_	_	_	
2-10	275-276	.	_	_	_	

#Text=Eigenſchaften.
3-1	279-292	Eigenſchaften	_	_	_	
3-2	292-293	.	_	_	_	

#Text=Es ſind länglich eirunde Samenkapſeln, mit dem ver-
#Text=trockncten ſechslappigen Kelche gekrönt, 3½ bis 5 cm lang, 1 cm dick und
#Text=von ungleichmäßiger, rötlichgelber Farbe.
4-1	294-296	Es	_	_	_	
4-2	297-301	ſind	_	_	_	
4-3	302-310	länglich	_	_	_	
4-4	311-318	eirunde	_	_	_	
4-5	319-331	Samenkapſeln	_	_	_	
4-6	331-332	,	_	_	_	
4-7	333-336	mit	_	_	_	
4-8	337-340	dem	_	_	_	
4-9	341-344	ver	_	_	_	
4-10	344-345	-	_	_	_	
4-11	346-356	trockncten	_	_	_	
4-12	357-370	ſechslappigen	_	_	_	
4-13	371-377	Kelche	_	_	_	
4-14	378-385	gekrönt	_	_	_	
4-15	385-386	,	_	_	_	
4-16	387-389	3½	_	_	_	
4-17	390-393	bis	_	_	_	
4-18	394-395	5	_	_	_	
4-19	396-398	cm	_	_	_	
4-20	399-403	lang	_	_	_	
4-21	403-404	,	_	_	_	
4-22	405-406	1	_	_	_	
4-23	407-409	cm	_	_	_	
4-24	410-414	dick	_	_	_	
4-25	415-418	und	_	_	_	
4-26	419-422	von	_	_	_	
4-27	423-438	ungleichmäßiger	_	_	_	
4-28	438-439	,	_	_	_	
4-29	440-453	rötlichgelber	_	_	_	
4-30	454-459	Farbe	_	_	_	
4-31	459-460	.	_	_	_	

#Text=Gelbſchotenfarbſtoff.
5-1	463-483	Gelbſchotenfarbſtoff	_	_	_	
5-2	483-484	.	_	_	_	

#Text=Sie enthalten einen gelben Farbſtoſt, welcher
#Text=nach Mayer mit dem im Safran enthaltenen Crocin identiſch iſt.
6-1	485-488	Sie	_	_	_	
6-2	489-498	enthalten	_	_	_	
6-3	499-504	einen	_	_	_	
6-4	505-511	gelben	_	_	_	
6-5	512-521	Farbſtoſt	_	_	_	
6-6	521-522	,	_	_	_	
6-7	523-530	welcher	_	_	_	
6-8	531-535	nach	_	_	_	
6-9	536-541	Mayer	_	_	_	
6-10	542-545	mit	_	_	_	
6-11	546-549	dem	_	_	_	
6-12	550-552	im	_	_	_	
6-13	553-559	Safran	_	_	_	
6-14	560-571	enthaltenen	_	_	_	
6-15	572-578	Crocin	_	_	_	
6-16	579-588	identiſch	_	_	_	
6-17	589-592	iſt	_	_	_	
6-18	592-593	.	_	_	_	

#Text=Der
#Text=Farbſtoff iſt nach C.
7-1	594-597	Der	_	_	_	
7-2	598-607	Farbſtoff	_	_	_	
7-3	608-611	iſt	_	_	_	
7-4	612-616	nach	_	_	_	
7-5	617-618	C	_	_	_	
7-6	618-619	.	_	_	_	

#Text=H.
8-1	620-621	H	_	_	_	
8-2	621-622	.	_	_	_	

#Text=Schmidt in warmem Waſſer leicht löslich;
#Text=im
#Text=reinen Zuſtande bildet das Crocin ein lebhaft rotes geruchloſes Pulver;
#Text=die
#Text=Löſung hat die Farbe einer Auflöſung von rotem chromſaurem Kali;
#Text=es löſt
#Text=
#Text=ſich leicht in Alkalien mit gelber Färbung;
#Text=beim Kochen mit verdünnten
#Text=Säuren ſpaltet es ſich in Zucker und Crocetin.
9-1	623-630	Schmidt	_	_	_	
9-2	631-633	in	_	_	_	
9-3	634-640	warmem	_	_	_	
9-4	641-647	Waſſer	_	_	_	
9-5	648-654	leicht	_	_	_	
9-6	655-662	löslich	_	_	_	
9-7	662-663	;	_	_	_	
9-8	664-666	im	_	_	_	
9-9	667-673	reinen	_	_	_	
9-10	674-682	Zuſtande	_	_	_	
9-11	683-689	bildet	_	_	_	
9-12	690-693	das	_	_	_	
9-13	694-700	Crocin	Smell\_Source	*	9-18	
9-14	701-704	ein	_	_	_	
9-15	705-712	lebhaft	_	_	_	
9-16	713-718	rotes	_	_	_	
9-17	719-730	geruchloſes	Smell\_Word[1]|Quality[2]	_	_	
9-18	731-737	Pulver	Smell\_Source	_	_	
9-19	737-738	;	_	_	_	
9-20	739-742	die	_	_	_	
9-21	743-749	Löſung	_	_	_	
9-22	750-753	hat	_	_	_	
9-23	754-757	die	_	_	_	
9-24	758-763	Farbe	_	_	_	
9-25	764-769	einer	_	_	_	
9-26	770-779	Auflöſung	_	_	_	
9-27	780-783	von	_	_	_	
9-28	784-789	rotem	_	_	_	
9-29	790-801	chromſaurem	_	_	_	
9-30	802-806	Kali	_	_	_	
9-31	806-807	;	_	_	_	
9-32	808-810	es	_	_	_	
9-33	811-815	löſt	_	_	_	
9-34	817-821	ſich	_	_	_	
9-35	822-828	leicht	_	_	_	
9-36	829-831	in	_	_	_	
9-37	832-840	Alkalien	_	_	_	
9-38	841-844	mit	_	_	_	
9-39	845-851	gelber	_	_	_	
9-40	852-859	Färbung	_	_	_	
9-41	859-860	;	_	_	_	
9-42	861-865	beim	_	_	_	
9-43	866-872	Kochen	_	_	_	
9-44	873-876	mit	_	_	_	
9-45	877-887	verdünnten	_	_	_	
9-46	888-894	Säuren	_	_	_	
9-47	895-902	ſpaltet	_	_	_	
9-48	903-905	es	_	_	_	
9-49	906-910	ſich	_	_	_	
9-50	911-913	in	_	_	_	
9-51	914-920	Zucker	_	_	_	
9-52	921-924	und	_	_	_	
9-53	925-933	Crocetin	_	_	_	
9-54	933-934	.	_	_	_	

#Text=Letzteres iſt ein dunkel-
#Text=rotes amorphes Pulver, in Waſſer wenig, in Alkohol leicht löslich;
#Text=ſeine
#Text=Löſungen geben mit Bleizucker einen gelben Niederſchlag.
10-1	935-944	Letzteres	_	_	_	
10-2	945-948	iſt	_	_	_	
10-3	949-952	ein	_	_	_	
10-4	953-959	dunkel	_	_	_	
10-5	959-960	-	_	_	_	
10-6	961-966	rotes	_	_	_	
10-7	967-975	amorphes	_	_	_	
10-8	976-982	Pulver	_	_	_	
10-9	982-983	,	_	_	_	
10-10	984-986	in	_	_	_	
10-11	987-993	Waſſer	_	_	_	
10-12	994-999	wenig	_	_	_	
10-13	999-1000	,	_	_	_	
10-14	1001-1003	in	_	_	_	
10-15	1004-1011	Alkohol	_	_	_	
10-16	1012-1018	leicht	_	_	_	
10-17	1019-1026	löslich	_	_	_	
10-18	1026-1027	;	_	_	_	
10-19	1028-1033	ſeine	_	_	_	
10-20	1034-1042	Löſungen	_	_	_	
10-21	1043-1048	geben	_	_	_	
10-22	1049-1052	mit	_	_	_	
10-23	1053-1063	Bleizucker	_	_	_	
10-24	1064-1069	einen	_	_	_	
10-25	1070-1076	gelben	_	_	_	
10-26	1077-1089	Niederſchlag	_	_	_	
10-27	1089-1090	.	_	_	_	

#Text=Anwendung.
11-1	1094-1103	Anwendung	_	_	_	
11-2	1103-1104	.	_	_	_	

#Text=Crocin iſt ein ſubſtantiver Farbſtoff;
12-1	1105-1111	Crocin	_	_	_	
12-2	1112-1115	iſt	_	_	_	
12-3	1116-1119	ein	_	_	_	
12-4	1120-1132	ſubſtantiver	_	_	_	
12-5	1133-1142	Farbſtoff	_	_	_	
12-6	1142-1143	;	_	_	_	
