#FORMAT=WebAnno TSV 3.3


#Text=Dieſes Ge-
#Text=ſchlechts wird noch ein kleinere art alda an-
#Text=getroffen/
#Text=ſo gantz runde ſchoten und unden
#Text=ein ſcharffen ſpitz hat.
1-1	2-8	Dieſes	
1-2	9-11	Ge	
1-3	11-12	-	
1-4	13-22	ſchlechts	
1-5	23-27	wird	
1-6	28-32	noch	
1-7	33-36	ein	
1-8	37-45	kleinere	
1-9	46-49	art	
1-10	50-54	alda	
1-11	55-57	an	
1-12	57-58	-	
1-13	59-68	getroffen	
1-14	68-69	/	
1-15	70-72	ſo	
1-16	73-78	gantz	
1-17	79-84	runde	
1-18	85-92	ſchoten	
1-19	93-96	und	
1-20	97-102	unden	
1-21	103-106	ein	
1-22	107-116	ſcharffen	
1-23	117-122	ſpitz	
1-24	123-126	hat	
1-25	126-127	.	

#Text=CAPUT
#Text=C.
2-1	132-137	CAPUT	
2-2	138-139	C	
2-3	139-140	.	

#Text=Jamaiſcher Pfeffer-baum.
3-1	141-151	Jamaiſcher	
3-2	152-164	Pfeffer-baum	
3-3	164-165	.	

#Text=Piper Jamaicenſe.
4-1	167-172	Piper	
4-2	173-183	Jamaicenſe	
4-3	183-184	.	

#Text=Namen.
5-1	186-191	Namen	
5-2	191-192	.	

#Text=DEr Jamaiſche Pfeffer-baum heißt
#Text=auff Lateiniſch/ Piper Jamaicenſe,
#Text=Arbor Jamaicenſis piper ferens, piper
#Text=odoratum Jamaicenſe noſtratibus, I.
6-1	194-197	DEr	
6-2	198-207	Jamaiſche	
6-3	208-220	Pfeffer-baum	
6-4	221-226	heißt	
6-5	227-231	auff	
6-6	232-242	Lateiniſch	
6-7	242-243	/	
6-8	244-249	Piper	
6-9	250-260	Jamaicenſe	
6-10	260-261	,	
6-11	262-267	Arbor	
6-12	268-279	Jamaicenſis	
6-13	280-285	piper	
6-14	286-292	ferens	
6-15	292-293	,	
6-16	294-299	piper	
6-17	300-308	odoratum	
6-18	309-319	Jamaicenſe	
6-19	320-331	noſtratibus	
6-20	331-332	,	
6-21	333-334	I	
6-22	334-335	.	

#Text=Raj.
7-1	336-339	Raj	
7-2	339-340	.	

#Text=Amo-
#Text=mum quorundam odore caryophylli, I.
8-1	341-344	Amo	
8-2	344-345	-	
8-3	346-349	mum	
8-4	350-359	quorundam	
8-5	360-365	odore	
8-6	366-377	caryophylli	
8-7	377-378	,	
8-8	379-380	I	
8-9	380-381	.	

#Text=B.
9-1	382-383	B	
9-2	383-384	.	

#Text=Amo-
#Text=mum aliud quorundam, & Caryophyllon Plinii
#Text=Cluſio ſuſpicatum, Park.
10-1	385-388	Amo	
10-2	388-389	-	
10-3	390-393	mum	
10-4	394-399	aliud	
10-5	400-409	quorundam	
10-6	409-410	,	
10-7	411-412	&	
10-8	413-425	Caryophyllon	
10-9	426-432	Plinii	
10-10	433-439	Cluſio	
10-11	440-450	ſuſpicatum	
10-12	450-451	,	
10-13	452-456	Park	
10-14	456-457	.	

#Text=Caryophyllus
#Text=aroma-
#Text=
#Text=ticus fructu rotundo, Caryophyllon Plinii,
#Text=C.
11-1	458-470	Caryophyllus	
11-2	471-476	aroma	
11-3	476-477	-	
11-4	479-484	ticus	
11-5	485-491	fructu	
11-6	492-499	rotundo	
11-7	499-500	,	
11-8	501-513	Caryophyllon	
11-9	514-520	Plinii	
11-10	520-521	,	
11-11	522-523	C	
11-12	523-524	.	

#Text=B.
12-1	525-526	B	
12-2	526-527	.	

#Text=Xocoxohitl, ſive Piper Tavaſci, Fr.
13-1	528-538	Xocoxohitl	
13-2	538-539	,	
13-3	540-544	ſive	
13-4	545-550	Piper	
13-5	551-558	Tavaſci	
13-6	558-559	,	
13-7	560-562	Fr	
13-8	562-563	.	

#Text=Hernandes.
14-1	564-573	Hernandes	
14-2	573-574	.	

#Text=Piper Chiapæ, D.
15-1	576-581	Piper	
15-2	582-588	Chiapæ	
15-3	588-589	,	
15-4	590-591	D	
15-5	591-592	.	

#Text=Redi.
16-1	593-597	Redi	
16-2	597-598	.	

#Text=Arbor piper ferens, The-
#Text=veti, Lugd.
17-1	599-604	Arbor	
17-2	605-610	piper	
17-3	611-617	ferens	
17-4	617-618	,	
17-5	619-622	The	
17-6	622-623	-	
17-7	624-628	veti	
17-8	628-629	,	
17-9	630-634	Lugd	
17-10	634-635	.	

#Text=Engliſch/ Dweet-ſcented Jamai-
#Text=ca-Pepper;
#Text=or All-ſpice.
18-1	636-644	Engliſch	
18-2	644-645	/	
18-3	646-659	Dweet-ſcented	
18-4	660-665	Jamai	
18-5	665-666	-	
18-6	667-676	ca-Pepper	
18-7	676-677	;	
18-8	678-680	or	
18-9	681-690	All-ſpice	
18-10	690-691	.	

#Text=Geſtalt.
19-1	695-702	Geſtalt	
19-2	702-703	.	

#Text=Jſt ein zimlicher Baum/ deſſen wurtzeln
20-1	705-708	Jſt	
20-2	709-712	ein	
20-3	713-722	zimlicher	
20-4	723-727	Baum	
20-5	727-728	/	
20-6	729-735	deſſen	
20-7	736-744	wurtzeln	
