#FORMAT=WebAnno TSV 3.3


#Text=Jch aber werde in dieſem Capitel ohne die Blumen dieſer oder jener
#Text=Kraͤuter/ die wir verkauffen, auch die Blumen/ oder dererſelben Theile,
#Text=ingleichen die Gewaͤchſe, welche in dieſem Wercke keine Stelle haben kun-
#Text=ten, indem ſie kein gewiſſes genus und Geſchlechte hatten, als da iſt Spi-
#Text=ckenard/ Thymſeide, und andere mehr, zugleich begreiffen.
1-1	3-6	Jch	
1-2	7-11	aber	
1-3	12-17	werde	
1-4	18-20	in	
1-5	21-27	dieſem	
1-6	28-35	Capitel	
1-7	36-40	ohne	
1-8	41-44	die	
1-9	45-51	Blumen	
1-10	52-58	dieſer	
1-11	59-63	oder	
1-12	64-69	jener	
1-13	70-78	Kraͤuter	
1-14	78-79	/	
1-15	80-83	die	
1-16	84-87	wir	
1-17	88-98	verkauffen	
1-18	98-99	,	
1-19	100-104	auch	
1-20	105-108	die	
1-21	109-115	Blumen	
1-22	115-116	/	
1-23	117-121	oder	
1-24	122-133	dererſelben	
1-25	134-140	Theile	
1-26	140-141	,	
1-27	142-152	ingleichen	
1-28	153-156	die	
1-29	157-166	Gewaͤchſe	
1-30	166-167	,	
1-31	168-174	welche	
1-32	175-177	in	
1-33	178-184	dieſem	
1-34	185-191	Wercke	
1-35	192-197	keine	
1-36	198-204	Stelle	
1-37	205-210	haben	
1-38	211-214	kun	
1-39	214-215	-	
1-40	216-219	ten	
1-41	219-220	,	
1-42	221-226	indem	
1-43	227-230	ſie	
1-44	231-235	kein	
1-45	236-244	gewiſſes	
1-46	245-250	genus	
1-47	251-254	und	
1-48	255-266	Geſchlechte	
1-49	267-273	hatten	
1-50	273-274	,	
1-51	275-278	als	
1-52	279-281	da	
1-53	282-285	iſt	
1-54	286-289	Spi	
1-55	289-290	-	
1-56	291-298	ckenard	
1-57	298-299	/	
1-58	300-309	Thymſeide	
1-59	309-310	,	
1-60	311-314	und	
1-61	315-321	andere	
1-62	322-326	mehr	
1-63	326-327	,	
1-64	328-336	zugleich	
1-65	337-347	begreiffen	
1-66	347-348	.	

#Text=Das erſte Capitel.
2-1	353-356	Das	
2-2	357-362	erſte	
2-3	363-370	Capitel	
2-4	370-371	.	

#Text=Vom Cameelheu.
3-1	373-376	Vom	
3-2	377-386	Cameelheu	
3-3	386-387	.	

#Text=SQuinanthe, Stecananthe,
#Text=Fleur d’ Eſquinant, ou de Jonc
#Text=odorant, Pature de Chameau,
#Text=Cameelheu/
#Text=Cameel-
#Text=ſtroh, iſt die Bluͤte eines
#Text=kleinen Kraͤutleins, oder beſſer zu ſagen,
#Text=einer gewiſſen Art Binſen, welche in
#Text=dem gluͤcklichen Arabien, unten am
#Text=Berge Libanon waͤchſt, und von dan-
#Text=nen uͤber Marſeille zu uns gebracht
#Text=wird.
4-1	391-401	SQuinanthe	
4-2	401-402	,	
4-3	403-414	Stecananthe	
4-4	414-415	,	
4-5	416-421	Fleur	
4-6	422-423	d	
4-7	423-424	’	
4-8	425-434	Eſquinant	
4-9	434-435	,	
4-10	436-438	ou	
4-11	439-441	de	
4-12	442-446	Jonc	
4-13	447-454	odorant	
4-14	454-455	,	
4-15	456-462	Pature	
4-16	463-465	de	
4-17	466-473	Chameau	
4-18	473-474	,	
4-19	475-484	Cameelheu	
4-20	484-485	/	
4-21	486-492	Cameel	
4-22	492-493	-	
4-23	494-499	ſtroh	
4-24	499-500	,	
4-25	501-504	iſt	
4-26	505-508	die	
4-27	509-515	Bluͤte	
4-28	516-521	eines	
4-29	522-529	kleinen	
4-30	530-541	Kraͤutleins	
4-31	541-542	,	
4-32	543-547	oder	
4-33	548-554	beſſer	
4-34	555-557	zu	
4-35	558-563	ſagen	
4-36	563-564	,	
4-37	565-570	einer	
4-38	571-579	gewiſſen	
4-39	580-583	Art	
4-40	584-590	Binſen	
4-41	590-591	,	
4-42	592-598	welche	
4-43	599-601	in	
4-44	602-605	dem	
4-45	606-618	gluͤcklichen	
4-46	619-626	Arabien	
4-47	626-627	,	
4-48	628-633	unten	
4-49	634-636	am	
4-50	637-642	Berge	
4-51	643-650	Libanon	
4-52	651-658	waͤchſt	
4-53	658-659	,	
4-54	660-663	und	
4-55	664-667	von	
4-56	668-671	dan	
4-57	671-672	-	
4-58	673-676	nen	
4-59	677-682	uͤber	
4-60	683-692	Marſeille	
4-61	693-695	zu	
4-62	696-699	uns	
4-63	700-708	gebracht	
4-64	709-713	wird	
4-65	713-714	.	

#Text=Wenn es noch auf dem Stocke
#Text=ſtehet, iſt es ohngefehr des Fuſſes hoch,
#Text=hat eine knotichte, ſchlechte Wurtzel, mit
#Text=kleinen, harten, langen und weiſſen Fa-
#Text=ſen beſetzt;
#Text=aus ieder Wurtzel ſteigen
#Text=viel kleine Roͤhrlein, die ebenmaͤßig har-
#Text=te ſind, in der Dicke, Figur und Farbe ei-
#Text=nes Gerſtenhalms: drauf ſolgen kleine
#Text=Bluͤmlein, die uͤber und uͤber rauch ſind,
#Text=als wie Sammet, und am Boden leib-
#Text=farben ſehen, ſo daß dieſe Bluͤmlein,
#Text=wenn ſie in der Bluͤte ſtehen, wunderan-
#Text=genehme anzuſchauen.
5-1	715-719	Wenn	
5-2	720-722	es	
5-3	723-727	noch	
5-4	728-731	auf	
5-5	732-735	dem	
5-6	736-742	Stocke	
5-7	743-749	ſtehet	
5-8	749-750	,	
5-9	751-754	iſt	
5-10	755-757	es	
5-11	758-767	ohngefehr	
5-12	768-771	des	
5-13	772-778	Fuſſes	
5-14	779-783	hoch	
5-15	783-784	,	
5-16	785-788	hat	
5-17	789-793	eine	
5-18	794-803	knotichte	
5-19	803-804	,	
5-20	805-814	ſchlechte	
5-21	815-822	Wurtzel	
5-22	822-823	,	
5-23	824-827	mit	
5-24	828-835	kleinen	
5-25	835-836	,	
5-26	837-843	harten	
5-27	843-844	,	
5-28	845-851	langen	
5-29	852-855	und	
5-30	856-863	weiſſen	
5-31	864-866	Fa	
5-32	866-867	-	
5-33	868-871	ſen	
5-34	872-879	beſetzt	
5-35	879-880	;	
5-36	881-884	aus	
5-37	885-890	ieder	
5-38	891-898	Wurtzel	
5-39	899-906	ſteigen	
5-40	907-911	viel	
5-41	912-918	kleine	
5-42	919-928	Roͤhrlein	
5-43	928-929	,	
5-44	930-933	die	
5-45	934-944	ebenmaͤßig	
5-46	945-948	har	
5-47	948-949	-	
5-48	950-952	te	
5-49	953-957	ſind	
5-50	957-958	,	
5-51	959-961	in	
5-52	962-965	der	
5-53	966-971	Dicke	
5-54	971-972	,	
5-55	973-978	Figur	
5-56	979-982	und	
5-57	983-988	Farbe	
5-58	989-991	ei	
5-59	991-992	-	
5-60	993-996	nes	
5-61	997-1009	Gerſtenhalms	
5-62	1009-1010	:	
5-63	1011-1016	drauf	
5-64	1017-1023	ſolgen	
5-65	1024-1030	kleine	
5-66	1031-1040	Bluͤmlein	
5-67	1040-1041	,	
5-68	1042-1045	die	
5-69	1046-1051	uͤber	
5-70	1052-1055	und	
5-71	1056-1061	uͤber	
5-72	1062-1067	rauch	
5-73	1068-1072	ſind	
5-74	1072-1073	,	
5-75	1074-1077	als	
5-76	1078-1081	wie	
5-77	1082-1088	Sammet	
5-78	1088-1089	,	
5-79	1090-1093	und	
5-80	1094-1096	am	
5-81	1097-1102	Boden	
5-82	1103-1107	leib	
5-83	1107-1108	-	
5-84	1109-1115	farben	
5-85	1116-1121	ſehen	
5-86	1121-1122	,	
5-87	1123-1125	ſo	
5-88	1126-1129	daß	
5-89	1130-1135	dieſe	
5-90	1136-1145	Bluͤmlein	
5-91	1145-1146	,	
5-92	1147-1151	wenn	
5-93	1152-1155	ſie	
5-94	1156-1158	in	
5-95	1159-1162	der	
5-96	1163-1169	Bluͤte	
5-97	1170-1176	ſtehen	
5-98	1176-1177	,	
5-99	1178-1186	wunderan	
5-100	1186-1187	-	
5-101	1188-1195	genehme	
5-102	1196-1207	anzuſchauen	
5-103	1207-1208	.	

#Text=So angeneh-
#Text=me nun die Blume dem Geſichte, ſo lieb-
#Text=
#Text=lich iſt ſie dem Geſchmacke, inmaſſen ſie
#Text=einen heiſſen, beiſſend- und aromatiſchen
#Text=Geſchmack hat.
6-1	1209-1211	So	
6-2	1212-1219	angeneh	
6-3	1219-1220	-	
6-4	1221-1223	me	
6-5	1224-1227	nun	
6-6	1228-1231	die	
6-7	1232-1237	Blume	
6-8	1238-1241	dem	
6-9	1242-1250	Geſichte	
6-10	1250-1251	,	
6-11	1252-1254	ſo	
6-12	1255-1259	lieb	
6-13	1259-1260	-	
6-14	1262-1266	lich	
6-15	1267-1270	iſt	
6-16	1271-1274	ſie	
6-17	1275-1278	dem	
6-18	1279-1289	Geſchmacke	
6-19	1289-1290	,	
6-20	1291-1299	inmaſſen	
6-21	1300-1303	ſie	
6-22	1304-1309	einen	
6-23	1310-1317	heiſſen	
6-24	1317-1318	,	
6-25	1319-1327	beiſſend	
6-26	1327-1328	-	
6-27	1329-1332	und	
6-28	1333-1345	aromatiſchen	
6-29	1346-1355	Geſchmack	
6-30	1356-1359	hat	
6-31	1359-1360	.	

#Text=Siehe Fig.
#Text=157.
7-1	1363-1368	Siehe	
7-2	1369-1372	Fig	
7-3	1372-1373	.	
7-4	1374-1377	157	
7-5	1377-1378	.	

#Text=Die Blumen und Binſen werden
#Text=uns von Marſeille iedes abſonderlich,
#Text=uͤberſchickt;
#Text=die Binſen in Buͤndlein, die
#Text=Blumen aber, wie ſie geſammlet wor-
#Text=den, bald rein, bald ziemlich voll Wuſt.
8-1	1381-1384	Die	
8-2	1385-1391	Blumen	
8-3	1392-1395	und	
8-4	1396-1402	Binſen	
8-5	1403-1409	werden	
8-6	1410-1413	uns	
8-7	1414-1417	von	
8-8	1418-1427	Marſeille	
8-9	1428-1433	iedes	
8-10	1434-1446	abſonderlich	
8-11	1446-1447	,	
8-12	1448-1460	uͤberſchickt	
8-13	1460-1461	;	
8-14	1462-1465	die	
8-15	1466-1472	Binſen	
8-16	1473-1475	in	
8-17	1476-1485	Buͤndlein	
8-18	1485-1486	,	
8-19	1487-1490	die	
8-20	1491-1497	Blumen	
8-21	1498-1502	aber	
8-22	1502-1503	,	
8-23	1504-1507	wie	
8-24	1508-1511	ſie	
8-25	1512-1521	geſammlet	
8-26	1522-1525	wor	
8-27	1525-1526	-	
8-28	1527-1530	den	
8-29	1530-1531	,	
8-30	1532-1536	bald	
8-31	1537-1541	rein	
8-32	1541-1542	,	
8-33	1543-1547	bald	
8-34	1548-1556	ziemlich	
8-35	1557-1561	voll	
8-36	1562-1566	Wuſt	
8-37	1566-1567	.	

#Text=Deswegen pflegen ſie die Apothecker,
#Text=welche gerne ſchoͤne Sachen bereiten, in
#Text=einem Tuche zu reinigen, welches aber
#Text=eine verdruͤßliche Arbeit iſt.
9-1	1569-1577	Deswegen	
9-2	1578-1585	pflegen	
9-3	1586-1589	ſie	
9-4	1590-1593	die	
9-5	1594-1604	Apothecker	
9-6	1604-1605	,	
9-7	1606-1612	welche	
9-8	1613-1618	gerne	
9-9	1619-1626	ſchoͤne	
9-10	1627-1633	Sachen	
9-11	1634-1642	bereiten	
9-12	1642-1643	,	
9-13	1644-1646	in	
9-14	1647-1652	einem	
9-15	1653-1658	Tuche	
9-16	1659-1661	zu	
9-17	1662-1670	reinigen	
9-18	1670-1671	,	
9-19	1672-1679	welches	
9-20	1680-1684	aber	
9-21	1685-1689	eine	
9-22	1690-1703	verdruͤßliche	
9-23	1704-1710	Arbeit	
9-24	1711-1714	iſt	
9-25	1714-1715	.	

#Text=Auch muß
#Text=man die friſcheſten, und die am ſchoͤnſten
#Text=und fein roth ſehen, erwehlen.
10-1	1716-1720	Auch	
10-2	1721-1724	muß	
10-3	1725-1728	man	
10-4	1729-1732	die	
10-5	1733-1744	friſcheſten	
10-6	1744-1745	,	
10-7	1746-1749	und	
10-8	1750-1753	die	
10-9	1754-1756	am	
10-10	1757-1767	ſchoͤnſten	
10-11	1768-1771	und	
10-12	1772-1776	fein	
10-13	1777-1781	roth	
10-14	1782-1787	ſehen	
10-15	1787-1788	,	
10-16	1789-1797	erwehlen	
10-17	1797-1798	.	

#Text=Das Cameelheu hat keinen ſonder-
#Text=lichen Nutzen in der Artzney, auſſer daß
#Text=es meiſtentheils zum Theriac verbrau-
#Text=chet wird.
11-1	1802-1805	Das	
11-2	1806-1815	Cameelheu	
11-3	1816-1819	hat	
11-4	1820-1826	keinen	
11-5	1827-1833	ſonder	
11-6	1833-1834	-	
11-7	1835-1841	lichen	
11-8	1842-1848	Nutzen	
11-9	1849-1851	in	
11-10	1852-1855	der	
11-11	1856-1863	Artzney	
11-12	1863-1864	,	
11-13	1865-1871	auſſer	
11-14	1872-1875	daß	
11-15	1876-1878	es	
11-16	1879-1892	meiſtentheils	
11-17	1893-1896	zum	
11-18	1897-1904	Theriac	
11-19	1905-1912	verbrau	
11-20	1912-1913	-	
11-21	1914-1918	chet	
11-22	1919-1923	wird	
11-23	1923-1924	.	
