#FORMAT=WebAnno TSV 3.3


#Text=cap.xxv: ribus praefertur balsamum , &
#Text=
#Text=Succus è plaga, manat fuauitatis eximiae.
1-1	2-9	cap.xxv	
1-2	9-10	:	
1-3	11-16	ribus	
1-4	17-27	praefertur	
1-5	28-36	balsamum	
1-6	37-38	,	
1-7	39-40	&	
1-8	42-48	Succus	
1-9	49-50	è	
1-10	51-56	plaga	
1-11	56-57	,	
1-12	58-63	manat	
1-13	64-74	fuauitatis	
1-14	75-82	eximiae	
1-15	82-83	.	

#Text=Quibus omnibus afsentitur Galenus, Pausanias , Diofcorides, Strabo, &, fi quid hoc ad rem perti
#Text=
#Text=
#Text=
#Text=net,
#Text=
#Text=
#Text=
#Text=
#Text=
#Text=ner , Martialis , Virgilius ; ceterique fexcenti,quos bre uitatis cauffa praetermitco.
2-1	84-90	Quibus	
2-2	91-98	omnibus	
2-3	99-109	afsentitur	
2-4	110-117	Galenus	
2-5	117-118	,	
2-6	119-128	Pausanias	
2-7	129-130	,	
2-8	131-142	Diofcorides	
2-9	142-143	,	
2-10	144-150	Strabo	
2-11	150-151	,	
2-12	152-153	&	
2-13	153-154	,	
2-14	155-157	fi	
2-15	158-162	quid	
2-16	163-166	hoc	
2-17	167-169	ad	
2-18	170-173	rem	
2-19	174-179	perti	
2-20	183-186	net	
2-21	186-187	,	
2-22	193-196	ner	
2-23	197-198	,	
2-24	199-208	Martialis	
2-25	209-210	,	
2-26	211-220	Virgilius	
2-27	221-222	;	
2-28	223-232	ceterique	
2-29	233-241	fexcenti	
2-30	241-242	,	
2-31	242-246	quos	
2-32	247-250	bre	
2-33	251-258	uitatis	
2-34	259-265	cauffa	
2-35	266-278	praetermitco	
2-36	278-279	.	

#Text=An fortasse antiquis tantùm benè olebat?
3-1	280-282	An	
3-2	283-291	fortasse	
3-3	292-300	antiquis	
3-4	301-307	tantùm	
3-5	308-312	benè	
3-6	313-319	olebat	
3-7	319-320	?	

#Text=qui noftra vnguenta , ex ambra mofcho & zibetho ad summam fuauitatem condita, nusquam odorati, Acutè folùm olentia (quae Rondeletij multorumque eft opinio) ignauiterque fragran.
#Text=tia iucundiffima putabant.
4-1	321-324	qui	
4-2	325-331	noftra	
4-3	332-340	vnguenta	
4-4	341-342	,	
4-5	343-345	ex	
4-6	346-351	ambra	
4-7	352-358	mofcho	
4-8	359-360	&	
4-9	361-368	zibetho	
4-10	369-371	ad	
4-11	372-378	summam	
4-12	379-389	fuauitatem	
4-13	390-397	condita	
4-14	397-398	,	
4-15	399-406	nusquam	
4-16	407-414	odorati	
4-17	414-415	,	
4-18	416-421	Acutè	
4-19	422-427	folùm	
4-20	428-435	olentia	
4-21	436-437	(	
4-22	437-441	quae	
4-23	442-452	Rondeletij	
4-24	453-464	multorumque	
4-25	465-468	eft	
4-26	469-475	opinio	
4-27	475-476	)	
4-28	477-489	ignauiterque	
4-29	490-497	fragran	
4-30	497-498	.	
4-31	499-502	tia	
4-32	503-515	iucundiffima	
4-33	516-524	putabant	
4-34	524-525	.	

#Text=Minimè gentiū.
#Text=nam etiam noftratibus, fiue philofon phis,fiue vnguentarijs,quor rum nares vnguento ambraceo delibutae sunt, bale famum fuauiffiinè olet,
#Text=
#Text=Al
#Text=
#Text=
#Text=
#Text=
#Text=
#Text=gypt.
5-1	526-532	Minimè	
5-2	533-539	gentiū	
5-3	539-540	.	
5-4	541-544	nam	
5-5	545-550	etiam	
5-6	551-562	noftratibus	
5-7	562-563	,	
5-8	564-568	fiue	
5-9	569-577	philofon	
5-10	578-582	phis	
5-11	582-583	,	
5-12	583-587	fiue	
5-13	588-600	vnguentarijs	
5-14	600-601	,	
5-15	601-605	quor	
5-16	606-609	rum	
5-17	610-615	nares	
5-18	616-624	vnguento	
5-19	625-633	ambraceo	
5-20	634-643	delibutae	
5-21	644-648	sunt	
5-22	648-649	,	
5-23	650-654	bale	
5-24	655-660	famum	
5-25	661-672	fuauiffiinè	
5-26	673-677	olet	
5-27	677-678	,	
5-28	680-682	Al	
5-29	688-692	gypt	
5-30	692-693	.	

#Text=Alpinus oculatus; imò na.
#Text=fütus testis ( nam fuccum
#Text=
#Text=vel ex ipsa planta manan1o Dialogo té odoratus eft) Suaui odore, & Med.AC- eximiaque fragrantia praedi
#Text=
#Text=tum teftatur: Veslingius; & Ad Alpinü.
#Text=ipfe Teftis d spectator vitus,
#Text=
#Text=& praefens , balsamum effe profitetur Odoris fuauitate gratum: Stephanus Mantegaza in Relatione Itineris
#Text=
#Text=Hierofolymitani vernaculo Lib.r.cap.
#Text=fermone conscripta', E pla
#Text=
#Text=ga gutta manat admodum lucia da, e odorata , que verum bala Jamum est : Kornmannus,
#Text=
#Text=Gutta mirè fragrans fcaturit ex ruptura : Sebastiánus MunIterus, Pausaniae verbis V.
6-1	694-701	Alpinus	
6-2	702-710	oculatus	
6-3	710-711	;	
6-4	712-715	imò	
6-5	716-718	na	
6-6	718-719	.	
6-7	720-725	fütus	
6-8	726-732	testis	
6-9	733-734	(	
6-10	735-738	nam	
6-11	739-745	fuccum	
6-12	747-750	vel	
6-13	751-753	ex	
6-14	754-758	ipsa	
6-15	759-765	planta	
6-16	766-773	manan1o	
6-17	774-781	Dialogo	
6-18	782-784	té	
6-19	785-793	odoratus	
6-20	794-797	eft	
6-21	797-798	)	
6-22	799-804	Suaui	
6-23	805-810	odore	
6-24	810-811	,	
6-25	812-813	&	
6-26	814-820	Med.AC	
6-27	820-821	-	
6-28	822-831	eximiaque	
6-29	832-842	fragrantia	
6-30	843-849	praedi	
6-31	851-854	tum	
6-32	855-863	teftatur	
6-33	863-864	:	
6-34	865-875	Veslingius	
6-35	875-876	;	
6-36	877-878	&	
6-37	879-881	Ad	
6-38	882-888	Alpinü	
6-39	888-889	.	
6-40	890-894	ipfe	
6-41	895-901	Teftis	
6-42	902-903	d	
6-43	904-913	spectator	
6-44	914-919	vitus	
6-45	919-920	,	
6-46	922-923	&	
6-47	924-932	praefens	
6-48	933-934	,	
6-49	935-943	balsamum	
6-50	944-948	effe	
6-51	949-959	profitetur	
6-52	960-966	Odoris	
6-53	967-976	fuauitate	
6-54	977-983	gratum	
6-55	983-984	:	
6-56	985-994	Stephanus	
6-57	995-1004	Mantegaza	
6-58	1005-1007	in	
6-59	1008-1017	Relatione	
6-60	1018-1026	Itineris	
6-61	1028-1043	Hierofolymitani	
6-62	1044-1053	vernaculo	
6-63	1054-1063	Lib.r.cap	
6-64	1063-1064	.	
6-65	1065-1072	fermone	
6-66	1073-1083	conscripta	
6-67	1083-1084	'	
6-68	1084-1085	,	
6-69	1086-1087	E	
6-70	1088-1091	pla	
6-71	1093-1095	ga	
6-72	1096-1101	gutta	
6-73	1102-1107	manat	
6-74	1108-1115	admodum	
6-75	1116-1121	lucia	
6-76	1122-1124	da	
6-77	1124-1125	,	
6-78	1126-1127	e	
6-79	1128-1135	odorata	
6-80	1136-1137	,	
6-81	1138-1141	que	
6-82	1142-1147	verum	
6-83	1148-1152	bala	
6-84	1153-1158	Jamum	
6-85	1159-1162	est	
6-86	1163-1164	:	
6-87	1165-1175	Kornmannus	
6-88	1175-1176	,	
6-89	1178-1183	Gutta	
6-90	1184-1188	mirè	
6-91	1189-1197	fragrans	
6-92	1198-1206	fcaturit	
6-93	1207-1209	ex	
6-94	1210-1217	ruptura	
6-95	1218-1219	:	
6-96	1220-1231	Sebastiánus	
6-97	1232-1241	MunIterus	
6-98	1241-1242	,	
6-99	1243-1252	Pausaniae	
6-100	1253-1259	verbis	
6-101	1260-1261	V	
6-102	1261-1262	.	

#Text=fus
#Text=
#Text=
#Text=
#Text=XXIV,
#Text=
#Text=
#Text=
#Text=
#Text=
#Text=Hiftor.
#Text=in Andr.
7-1	1264-1267	fus	
7-2	1271-1275	XXIV	
7-3	1275-1276	,	
7-4	1282-1288	Hiftor	
7-5	1288-1289	.	
7-6	1290-1292	in	
7-7	1293-1297	Andr	
7-8	1297-1298	.	

#Text=sus, viperae , inquit , Vefcun.
8-1	1302-1305	sus	
8-2	1305-1306	,	
8-3	1307-1314	viperae	
8-4	1315-1316	,	
8-5	1317-1323	inquit	
8-6	1324-1325	,	
8-7	1326-1332	Vefcun	
8-8	1332-1333	.	

#Text=Lib.vr.
#Text=fur fucco balsami fuauiffimo: Io.
9-1	1334-1340	Lib.vr	
9-2	1340-1341	.	
9-3	1342-1345	fur	
9-4	1346-1351	fucco	
9-5	1352-1359	balsami	
9-6	1360-1370	fuauiffimo	
9-7	1370-1371	:	
9-8	1372-1374	Io	
9-9	1374-1375	.	

#Text=Geograph.
#Text=uius , Ex arbufculis liquor 0- Lib. xvrr, mix odovatiffnus Tefadat.
10-1	1376-1384	Geograph	
10-2	1384-1385	.	
10-3	1386-1390	uius	
10-4	1391-1392	,	
10-5	1393-1395	Ex	
10-6	1396-1406	arbufculis	
10-7	1407-1413	liquor	
10-8	1414-1415	0	
10-9	1415-1416	-	
10-10	1417-1420	Lib	
10-11	1420-1421	.	
10-12	1422-1426	xvrr	
10-13	1426-1427	,	
10-14	1428-1431	mix	
10-15	1432-1444	odovatiffnus	
10-16	1445-1452	Tefadat	
10-17	1452-1453	.	

#Text=Quare non minùs alienum eft de suaui praestantique odore balsami i dubitare , quàm In fcyrpo nodum quaerere , aut Terencius Maculam in Sole.
11-1	1454-1459	Quare	
11-2	1460-1463	non	
11-3	1464-1469	minùs	
11-4	1470-1477	alienum	
11-5	1478-1481	eft	
11-6	1482-1484	de	
11-7	1485-1490	suaui	
11-8	1491-1504	praestantique	
11-9	1505-1510	odore	
11-10	1511-1518	balsami	
11-11	1519-1520	i	
11-12	1521-1529	dubitare	
11-13	1530-1531	,	
11-14	1532-1536	quàm	
11-15	1537-1539	In	
11-16	1540-1546	fcyrpo	
11-17	1547-1552	nodum	
11-18	1553-1561	quaerere	
11-19	1562-1563	,	
11-20	1564-1567	aut	
11-21	1568-1577	Terencius	
11-22	1578-1585	Maculam	
11-23	1586-1588	in	
11-24	1589-1593	Sole	
11-25	1593-1594	.	

#Text=Aduersus tamen eos, qui dubitant, illudque , tot tantisque au, ctoribus minimè credétes, de odoris ignauia aut insuauitate poftulant, haud importunè occurrit illud M.
12-1	1595-1603	Aduersus	
12-2	1604-1609	tamen	
12-3	1610-1613	eos	
12-4	1613-1614	,	
12-5	1615-1618	qui	
12-6	1619-1627	dubitant	
12-7	1627-1628	,	
12-8	1629-1637	illudque	
12-9	1638-1639	,	
12-10	1640-1643	tot	
12-11	1644-1653	tantisque	
12-12	1654-1656	au	
12-13	1656-1657	,	
12-14	1658-1666	ctoribus	
12-15	1667-1673	minimè	
12-16	1674-1682	credétes	
12-17	1682-1683	,	
12-18	1684-1686	de	
12-19	1687-1693	odoris	
12-20	1694-1701	ignauia	
12-21	1702-1705	aut	
12-22	1706-1717	insuauitate	
12-23	1718-1727	poftulant	
12-24	1727-1728	,	
12-25	1729-1733	haud	
12-26	1734-1743	importunè	
12-27	1744-1752	occurrit	
12-28	1753-1758	illud	
12-29	1759-1760	M	
12-30	1760-1761	.	

#Text=Scauri:qui, a Vario accufatus, interrogauit Quirites: Varius Sucronenfis ait, M.
13-1	1762-1768	Scauri	
13-2	1768-1769	:	
13-3	1769-1772	qui	
13-4	1772-1773	,	
13-5	1774-1775	a	
13-6	1776-1781	Vario	
13-7	1782-1791	accufatus	
13-8	1791-1792	,	
13-9	1793-1805	interrogauit	
13-10	1806-1814	Quirites	
13-11	1814-1815	:	
13-12	1816-1822	Varius	
13-13	1823-1834	Sucronenfis	
13-14	1835-1838	ait	
13-15	1838-1839	,	
13-16	1840-1841	M	
13-17	1841-1842	.	

#Text=Almilium Scanrum, mercede condu
#Text=
#Text=tum
#Text=
#Text=
#Text=
#Text=
#Text=
#Text=ilum Populum Rom.
#Text=prodidiffe: M.
14-1	1843-1851	Almilium	
14-2	1852-1859	Scanrum	
14-3	1859-1860	,	
14-4	1861-1868	mercede	
14-5	1869-1874	condu	
14-6	1876-1879	tum	
14-7	1885-1889	ilum	
14-8	1890-1897	Populum	
14-9	1898-1901	Rom	
14-10	1901-1902	.	
14-11	1903-1913	prodidiffe	
14-12	1913-1914	:	
14-13	1915-1916	M	
14-14	1916-1917	.	

#Text=Aemilius Scaurus huic culpac fe affinem effe negat.
15-1	1918-1926	Aemilius	
15-2	1927-1934	Scaurus	
15-3	1935-1939	huic	
15-4	1940-1946	culpac	
15-5	1947-1949	fe	
15-6	1950-1957	affinem	
15-7	1958-1962	effe	
15-8	1963-1968	negat	
15-9	1968-1969	.	

#Text=Vos otri cre.
16-1	1970-1973	Vos	
16-2	1974-1978	otri	
16-3	1979-1982	cre	
16-4	1982-1983	.	
