#FORMAT=WebAnno TSV 3.3
#T_SP=custom.Span|label
#T_SP=webanno.custom.Emotions|Label
#T_RL=custom.Relation|label|BT_custom.Span


#Text=Quelque temps après, ayant appris qu'il était en Macédoine, il [Philippe] le fit venir, et le pria à souper.
1-1	0-7	Quelque	_	_	_	_	
1-2	8-13	temps	_	_	_	_	
1-3	14-19	après	_	_	_	_	
1-4	19-20	,	_	_	_	_	
1-5	21-26	ayant	_	_	_	_	
1-6	27-33	appris	_	_	_	_	
1-7	34-39	qu'il	_	_	_	_	
1-8	40-45	était	_	_	_	_	
1-9	46-48	en	_	_	_	_	
1-10	49-58	Macédoine	Location	_	_	_	
1-11	58-59	,	_	_	_	_	
1-12	60-62	il	_	_	_	_	
1-13	63-64	[	_	_	_	_	
1-14	64-72	Philippe	_	_	_	_	
1-15	72-73	]	_	_	_	_	
1-16	74-76	le	_	_	_	_	
1-17	77-80	fit	_	_	_	_	
1-18	81-86	venir	_	_	_	_	
1-19	86-87	,	_	_	_	_	
1-20	88-90	et	_	_	_	_	
1-21	91-93	le	_	_	_	_	
1-22	94-98	pria	_	_	_	_	
1-23	99-100	à	_	_	_	_	
1-24	101-107	souper	_	_	_	_	
1-25	107-108	.	_	_	_	_	

#Text=Ménécrate et ses compagnons furent placés sur des lits superbes et exhaussés; devant eux était un autel chargé des prémices des moissons; et pendant qu'on présentait un excellent repas aux autres convives, on n'offrit que des parfums et des libations à ces nouveaux dieux, qui, ne pouvant supporter cet affront, sortirent brusquement de la salle, et ne reparurent plus depuis.
2-1	109-118	Ménécrate	Perceiver[1]	_	_	_	
2-2	119-121	et	Perceiver[1]	_	_	_	
2-3	122-125	ses	Perceiver[1]	_	_	_	
2-4	126-136	compagnons	Perceiver[1]	_	_	_	
2-5	137-143	furent	_	_	_	_	
2-6	144-150	placés	_	_	_	_	
2-7	151-154	sur	_	_	_	_	
2-8	155-158	des	_	_	_	_	
2-9	159-163	lits	_	_	_	_	
2-10	164-172	superbes	_	_	_	_	
2-11	173-175	et	_	_	_	_	
2-12	176-185	exhaussés	_	_	_	_	
2-13	185-186	;	_	_	_	_	
2-14	187-193	devant	_	_	_	_	
2-15	194-197	eux	_	_	_	_	
2-16	198-203	était	_	_	_	_	
2-17	204-206	un	_	_	_	_	
2-18	207-212	autel	_	_	_	_	
2-19	213-219	chargé	_	_	_	_	
2-20	220-223	des	_	_	_	_	
2-21	224-232	prémices	_	_	_	_	
2-22	233-236	des	_	_	_	_	
2-23	237-245	moissons	_	_	_	_	
2-24	245-246	;	_	_	_	_	
2-25	247-249	et	_	_	_	_	
2-26	250-257	pendant	Circumstances[2]	_	_	_	
2-27	258-263	qu'on	Circumstances[2]	_	_	_	
2-28	264-274	présentait	Circumstances[2]	_	_	_	
2-29	275-277	un	Circumstances[2]	_	_	_	
2-30	278-287	excellent	Circumstances[2]	_	_	_	
2-31	288-293	repas	Circumstances[2]	_	_	_	
2-32	294-297	aux	_	_	_	_	
2-33	298-304	autres	_	_	_	_	
2-34	305-313	convives	_	_	_	_	
2-35	313-314	,	_	_	_	_	
2-36	315-317	on	_	_	_	_	
2-37	318-326	n'offrit	_	_	_	_	
2-38	327-330	que	_	_	_	_	
2-39	331-334	des	_	_	_	_	
2-40	335-342	parfums	Smell\_Word[3]|Smell\_Source[4]	_	*|*|*	1-10[0_3]|2-26[2_4]|2-1[1_4]	
2-41	343-345	et	_	_	_	_	
2-42	346-349	des	_	_	_	_	
2-43	350-359	libations	_	_	_	_	
2-44	360-361	à	_	_	_	_	
2-45	362-365	ces	_	_	_	_	
2-46	366-374	nouveaux	_	_	_	_	
2-47	375-380	dieux	_	_	_	_	
2-48	380-381	,	_	_	_	_	
2-49	382-385	qui	_	_	_	_	
2-50	385-386	,	_	_	_	_	
2-51	387-389	ne	_	_	_	_	
2-52	390-397	pouvant	_	_	_	_	
2-53	398-407	supporter	_	_	_	_	
2-54	408-411	cet	_	_	_	_	
2-55	412-419	affront	_	Anger	_	_	
2-56	419-420	,	_	_	_	_	
2-57	421-430	sortirent	_	_	_	_	
2-58	431-442	brusquement	_	Anger	_	_	
2-59	443-445	de	_	_	_	_	
2-60	446-448	la	_	_	_	_	
2-61	449-454	salle	_	_	_	_	
2-62	454-455	,	_	_	_	_	
2-63	456-458	et	_	_	_	_	
2-64	459-461	ne	_	_	_	_	
2-65	462-472	reparurent	_	_	_	_	
2-66	473-477	plus	_	_	_	_	
2-67	478-484	depuis	_	_	_	_	
2-68	484-485	.	_	_	_	_	

#Text=Un autre trait ne sert pas moins à peindre les moeursdes grecs, et la légèreté de leur caractère.
3-1	486-488	Un	_	_	_	_	
3-2	489-494	autre	_	_	_	_	
3-3	495-500	trait	_	_	_	_	
3-4	501-503	ne	_	_	_	_	
3-5	504-508	sert	_	_	_	_	
3-6	509-512	pas	_	_	_	_	
3-7	513-518	moins	_	_	_	_	
3-8	519-520	à	_	_	_	_	
3-9	521-528	peindre	_	_	_	_	
3-10	529-532	les	_	_	_	_	
3-11	533-542	moeursdes	_	_	_	_	
3-12	543-548	grecs	_	_	_	_	
3-13	548-549	,	_	_	_	_	
3-14	550-552	et	_	_	_	_	
3-15	553-555	la	_	_	_	_	
3-16	556-564	légèreté	_	_	_	_	
3-17	565-567	de	_	_	_	_	
3-18	568-572	leur	_	_	_	_	
3-19	573-582	caractère	_	_	_	_	
3-20	582-583	.	_	_	_	_	

#Text=Il se donna un combat dans l'enceinte sacrée, pendant qu'on célébroit les jeux, il y a huit ans.
4-1	584-586	Il	_	_	_	_	
4-2	587-589	se	_	_	_	_	
4-3	590-595	donna	_	_	_	_	
4-4	596-598	un	_	_	_	_	
4-5	599-605	combat	_	_	_	_	
4-6	606-610	dans	_	_	_	_	
4-7	611-621	l'enceinte	_	_	_	_	
4-8	622-628	sacrée	_	_	_	_	
4-9	628-629	,	_	_	_	_	
4-10	630-637	pendant	_	_	_	_	
4-11	638-643	qu'on	_	_	_	_	
4-12	644-653	célébroit	_	_	_	_	
4-13	654-657	les	_	_	_	_	
4-14	658-662	jeux	_	_	_	_	
4-15	662-663	,	_	_	_	_	
4-16	664-666	il	_	_	_	_	
4-17	667-668	y	_	_	_	_	
4-18	669-670	a	_	_	_	_	
4-19	671-675	huit	_	_	_	_	
4-20	676-679	ans	_	_	_	_	
4-21	679-680	.	_	_	_	_	

#Text=Ceux de Pise en avaient usurpé l'intendance sur les éléens, qui voulaient reprendre leurs droits.
5-1	681-685	Ceux	_	_	_	_	
5-2	686-688	de	_	_	_	_	
5-3	689-693	Pise	_	_	_	_	
5-4	694-696	en	_	_	_	_	
5-5	697-704	avaient	_	_	_	_	
5-6	705-711	usurpé	_	_	_	_	
5-7	712-724	l'intendance	_	_	_	_	
5-8	725-728	sur	_	_	_	_	
5-9	729-732	les	_	_	_	_	
5-10	733-739	éléens	_	_	_	_	
5-11	739-740	,	_	_	_	_	
5-12	741-744	qui	_	_	_	_	
5-13	745-754	voulaient	_	_	_	_	
5-14	755-764	reprendre	_	_	_	_	
5-15	765-770	leurs	_	_	_	_	
5-16	771-777	droits	_	_	_	_	
5-17	777-778	.	_	_	_	_	

#Text=Les uns et les autres, soutenus de leurs alliés, pénétrèrent dans l'enceinte: l'action fut vive et meurtrière.
6-1	779-782	Les	_	_	_	_	
6-2	783-786	uns	_	_	_	_	
6-3	787-789	et	_	_	_	_	
6-4	790-793	les	_	_	_	_	
6-5	794-800	autres	_	_	_	_	
6-6	800-801	,	_	_	_	_	
6-7	802-810	soutenus	_	_	_	_	
6-8	811-813	de	_	_	_	_	
6-9	814-819	leurs	_	_	_	_	
6-10	820-826	alliés	_	_	_	_	
6-11	826-827	,	_	_	_	_	
6-12	828-839	pénétrèrent	_	_	_	_	
6-13	840-844	dans	_	_	_	_	
6-14	845-855	l'enceinte	_	_	_	_	
6-15	855-856	:	_	_	_	_	
6-16	857-865	l'action	_	_	_	_	
6-17	866-869	fut	_	_	_	_	
6-18	870-874	vive	_	_	_	_	
6-19	875-877	et	_	_	_	_	
6-20	878-888	meurtrière	_	_	_	_	
6-21	888-889	.	_	_	_	_	

#Text=On vit les spectateurs sans nombre que les fêtes avaient attirés, et qui étaient presque tous couronnés de fleurs, se ranger tranquillement autour du champ de bataille, témoigner dans cette occasion la même espèce d'intérêt que pour les combats des athlètes, et applaudir tour-à-tour avec les mêmes transports aux succès de l'une et de l'autre armée.
7-1	890-892	On	_	_	_	_	
7-2	893-896	vit	_	_	_	_	
7-3	897-900	les	_	_	_	_	
7-4	901-912	spectateurs	_	_	_	_	
7-5	913-917	sans	_	_	_	_	
7-6	918-924	nombre	_	_	_	_	
7-7	925-928	que	_	_	_	_	
7-8	929-932	les	_	_	_	_	
7-9	933-938	fêtes	_	_	_	_	
7-10	939-946	avaient	_	_	_	_	
7-11	947-954	attirés	_	_	_	_	
7-12	954-955	,	_	_	_	_	
7-13	956-958	et	_	_	_	_	
7-14	959-962	qui	_	_	_	_	
7-15	963-970	étaient	_	_	_	_	
7-16	971-978	presque	_	_	_	_	
7-17	979-983	tous	_	_	_	_	
7-18	984-993	couronnés	_	_	_	_	
7-19	994-996	de	_	_	_	_	
7-20	997-1003	fleurs	_	_	_	_	
7-21	1003-1004	,	_	_	_	_	
7-22	1005-1007	se	_	_	_	_	
7-23	1008-1014	ranger	_	_	_	_	
7-24	1015-1029	tranquillement	_	_	_	_	
7-25	1030-1036	autour	_	_	_	_	
7-26	1037-1039	du	_	_	_	_	
7-27	1040-1045	champ	_	_	_	_	
7-28	1046-1048	de	_	_	_	_	
7-29	1049-1057	bataille	_	_	_	_	
7-30	1057-1058	,	_	_	_	_	
7-31	1059-1068	témoigner	_	_	_	_	
7-32	1069-1073	dans	_	_	_	_	
7-33	1074-1079	cette	_	_	_	_	
7-34	1080-1088	occasion	_	_	_	_	
7-35	1089-1091	la	_	_	_	_	
7-36	1092-1096	même	_	_	_	_	
7-37	1097-1103	espèce	_	_	_	_	
7-38	1104-1113	d'intérêt	_	_	_	_	
7-39	1114-1117	que	_	_	_	_	
7-40	1118-1122	pour	_	_	_	_	
7-41	1123-1126	les	_	_	_	_	
7-42	1127-1134	combats	_	_	_	_	
7-43	1135-1138	des	_	_	_	_	
7-44	1139-1147	athlètes	_	_	_	_	
7-45	1147-1148	,	_	_	_	_	
7-46	1149-1151	et	_	_	_	_	
7-47	1152-1161	applaudir	_	_	_	_	
7-48	1162-1173	tour-à-tour	_	_	_	_	
7-49	1174-1178	avec	_	_	_	_	
7-50	1179-1182	les	_	_	_	_	
7-51	1183-1188	mêmes	_	_	_	_	
7-52	1189-1199	transports	_	_	_	_	
7-53	1200-1203	aux	_	_	_	_	
7-54	1204-1210	succès	_	_	_	_	
7-55	1211-1213	de	_	_	_	_	
7-56	1214-1219	l'une	_	_	_	_	
7-57	1220-1222	et	_	_	_	_	
7-58	1223-1225	de	_	_	_	_	
7-59	1226-1233	l'autre	_	_	_	_	
7-60	1234-1239	armée	_	_	_	_	
7-61	1239-1240	.	_	_	_	_	
