#FORMAT=WebAnno TSV 3.3


#Text=3 Cum ergo venissent David et viri ejus ad civitatem, et invenissent eam succensam igni, et uxores suas, et filios suos et filias, ductas esse captivas, 4 levaverunt David et populus qui erat cum eo voces suas, et planxerunt donec deficerent in eis lacrimæ.
#Text=5 Siquidem et duæ uxores David captivæ ductæ fuerant, Achinoam Jezrahelites, et Abigail uxor Nabal Carmeli.
#Text=6 Et contristatus est David valde : volebat enim eum populus lapidare, quia amara erat anima uniuscujusque viri super filiis suis et filiabus : confortatus est autem David in Domino Deo suo.
#Text=7 Et ait ad Abiathar sacerdotem filium Achimelech : Applica ad me ephod.
1-1	2-3	3	
1-2	4-7	Cum	
1-3	8-12	ergo	
1-4	13-22	venissent	
1-5	23-28	David	
1-6	29-31	et	
1-7	32-36	viri	
1-8	37-41	ejus	
1-9	42-44	ad	
1-10	45-54	civitatem	
1-11	54-55	,	
1-12	56-58	et	
1-13	59-70	invenissent	
1-14	71-74	eam	
1-15	75-84	succensam	
1-16	85-89	igni	
1-17	89-90	,	
1-18	91-93	et	
1-19	94-100	uxores	
1-20	101-105	suas	
1-21	105-106	,	
1-22	107-109	et	
1-23	110-116	filios	
1-24	117-121	suos	
1-25	122-124	et	
1-26	125-131	filias	
1-27	131-132	,	
1-28	133-139	ductas	
1-29	140-144	esse	
1-30	145-153	captivas	
1-31	153-154	,	
1-32	155-156	4	
1-33	157-167	levaverunt	
1-34	168-173	David	
1-35	174-176	et	
1-36	177-184	populus	
1-37	185-188	qui	
1-38	189-193	erat	
1-39	194-197	cum	
1-40	198-200	eo	
1-41	201-206	voces	
1-42	207-211	suas	
1-43	211-212	,	
1-44	213-215	et	
1-45	216-226	planxerunt	
1-46	227-232	donec	
1-47	233-243	deficerent	
1-48	244-246	in	
1-49	247-250	eis	
1-50	251-258	lacrimæ	
1-51	258-259	.	
1-52	260-261	5	
1-53	262-270	Siquidem	
1-54	271-273	et	
1-55	274-277	duæ	
1-56	278-284	uxores	
1-57	285-290	David	
1-58	291-298	captivæ	
1-59	299-304	ductæ	
1-60	305-312	fuerant	
1-61	312-313	,	
1-62	314-322	Achinoam	
1-63	323-335	Jezrahelites	
1-64	335-336	,	
1-65	337-339	et	
1-66	340-347	Abigail	
1-67	348-352	uxor	
1-68	353-358	Nabal	
1-69	359-366	Carmeli	
1-70	366-367	.	
1-71	368-369	6	
1-72	370-372	Et	
1-73	373-385	contristatus	
1-74	386-389	est	
1-75	390-395	David	
1-76	396-401	valde	
1-77	402-403	:	
1-78	404-411	volebat	
1-79	412-416	enim	
1-80	417-420	eum	
1-81	421-428	populus	
1-82	429-437	lapidare	
1-83	437-438	,	
1-84	439-443	quia	
1-85	444-449	amara	
1-86	450-454	erat	
1-87	455-460	anima	
1-88	461-474	uniuscujusque	
1-89	475-479	viri	
1-90	480-485	super	
1-91	486-492	filiis	
1-92	493-497	suis	
1-93	498-500	et	
1-94	501-509	filiabus	
1-95	510-511	:	
1-96	512-523	confortatus	
1-97	524-527	est	
1-98	528-533	autem	
1-99	534-539	David	
1-100	540-542	in	
1-101	543-549	Domino	
1-102	550-553	Deo	
1-103	554-557	suo	
1-104	557-558	.	
1-105	559-560	7	
1-106	561-563	Et	
1-107	564-567	ait	
1-108	568-570	ad	
1-109	571-579	Abiathar	
1-110	580-590	sacerdotem	
1-111	591-597	filium	
1-112	598-608	Achimelech	
1-113	609-610	:	
1-114	611-618	Applica	
1-115	619-621	ad	
1-116	622-624	me	
1-117	625-630	ephod	
1-118	630-631	.	

#Text=Et applicavit Abiathar ephod ad David.
#Text=8 Et consuluit David Dominum, dicens : Persequar latrunculos hos, et comprehendam eos, an non ?
2-1	632-634	Et	
2-2	635-645	applicavit	
2-3	646-654	Abiathar	
2-4	655-660	ephod	
2-5	661-663	ad	
2-6	664-669	David	
2-7	669-670	.	
2-8	671-672	8	
2-9	673-675	Et	
2-10	676-685	consuluit	
2-11	686-691	David	
2-12	692-699	Dominum	
2-13	699-700	,	
2-14	701-707	dicens	
2-15	708-709	:	
2-16	710-719	Persequar	
2-17	720-731	latrunculos	
2-18	732-735	hos	
2-19	735-736	,	
2-20	737-739	et	
2-21	740-752	comprehendam	
2-22	753-756	eos	
2-23	756-757	,	
2-24	758-760	an	
2-25	761-764	non	
2-26	765-766	?	

#Text=Dixitque ei Dominus : Persequere : absque dubio enim comprehendes eos, et excuties prædam.
#Text=9 Abiit ergo David, ipse et sexcenti viri qui erant cum eo, et venerunt usque ad torrentem Besor : et lassi quidam substiterunt.
#Text=10 Persecutus est autem David ipse, et quadringenti viri : substiterant enim ducenti, qui lassi transire non poterant torrentem Besor.
#Text=11 Et invenerunt virum ægyptium in agro, et adduxerunt eum ad David : dederuntque ei panem ut comederet, et biberet aquam, 12 sed et fragmen massæ caricarum, et duas ligaturas uvæ passæ.
3-1	767-775	Dixitque	
3-2	776-778	ei	
3-3	779-786	Dominus	
3-4	787-788	:	
3-5	789-799	Persequere	
3-6	800-801	:	
3-7	802-808	absque	
3-8	809-814	dubio	
3-9	815-819	enim	
3-10	820-832	comprehendes	
3-11	833-836	eos	
3-12	836-837	,	
3-13	838-840	et	
3-14	841-849	excuties	
3-15	850-856	prædam	
3-16	856-857	.	
3-17	858-859	9	
3-18	860-865	Abiit	
3-19	866-870	ergo	
3-20	871-876	David	
3-21	876-877	,	
3-22	878-882	ipse	
3-23	883-885	et	
3-24	886-894	sexcenti	
3-25	895-899	viri	
3-26	900-903	qui	
3-27	904-909	erant	
3-28	910-913	cum	
3-29	914-916	eo	
3-30	916-917	,	
3-31	918-920	et	
3-32	921-929	venerunt	
3-33	930-935	usque	
3-34	936-938	ad	
3-35	939-948	torrentem	
3-36	949-954	Besor	
3-37	955-956	:	
3-38	957-959	et	
3-39	960-965	lassi	
3-40	966-972	quidam	
3-41	973-985	substiterunt	
3-42	985-986	.	
3-43	987-989	10	
3-44	990-1000	Persecutus	
3-45	1001-1004	est	
3-46	1005-1010	autem	
3-47	1011-1016	David	
3-48	1017-1021	ipse	
3-49	1021-1022	,	
3-50	1023-1025	et	
3-51	1026-1038	quadringenti	
3-52	1039-1043	viri	
3-53	1044-1045	:	
3-54	1046-1058	substiterant	
3-55	1059-1063	enim	
3-56	1064-1071	ducenti	
3-57	1071-1072	,	
3-58	1073-1076	qui	
3-59	1077-1082	lassi	
3-60	1083-1091	transire	
3-61	1092-1095	non	
3-62	1096-1104	poterant	
3-63	1105-1114	torrentem	
3-64	1115-1120	Besor	
3-65	1120-1121	.	
3-66	1122-1124	11	
3-67	1125-1127	Et	
3-68	1128-1138	invenerunt	
3-69	1139-1144	virum	
3-70	1145-1153	ægyptium	
3-71	1154-1156	in	
3-72	1157-1161	agro	
3-73	1161-1162	,	
3-74	1163-1165	et	
3-75	1166-1176	adduxerunt	
3-76	1177-1180	eum	
3-77	1181-1183	ad	
3-78	1184-1189	David	
3-79	1190-1191	:	
3-80	1192-1203	dederuntque	
3-81	1204-1206	ei	
3-82	1207-1212	panem	
3-83	1213-1215	ut	
3-84	1216-1225	comederet	
3-85	1225-1226	,	
3-86	1227-1229	et	
3-87	1230-1237	biberet	
3-88	1238-1243	aquam	
3-89	1243-1244	,	
3-90	1245-1247	12	
3-91	1248-1251	sed	
3-92	1252-1254	et	
3-93	1255-1262	fragmen	
3-94	1263-1268	massæ	
3-95	1269-1278	caricarum	
3-96	1278-1279	,	
3-97	1280-1282	et	
3-98	1283-1287	duas	
3-99	1288-1297	ligaturas	
3-100	1298-1301	uvæ	
3-101	1302-1307	passæ	
3-102	1307-1308	.	

#Text=Quæ cum comedisset, reversus est spiritus ejus, et refocillatus est : non enim comederat panem, neque biberat aquam, tribus diebus et tribus noctibus.
#Text=13 Dixit itaque ei David : Cujus es tu ?
4-1	1309-1312	Quæ	
4-2	1313-1316	cum	
4-3	1317-1327	comedisset	
4-4	1327-1328	,	
4-5	1329-1337	reversus	
4-6	1338-1341	est	
4-7	1342-1350	spiritus	
4-8	1351-1355	ejus	
4-9	1355-1356	,	
4-10	1357-1359	et	
4-11	1360-1372	refocillatus	
4-12	1373-1376	est	
4-13	1377-1378	:	
4-14	1379-1382	non	
4-15	1383-1387	enim	
4-16	1388-1397	comederat	
4-17	1398-1403	panem	
4-18	1403-1404	,	
4-19	1405-1410	neque	
4-20	1411-1418	biberat	
4-21	1419-1424	aquam	
4-22	1424-1425	,	
4-23	1426-1432	tribus	
4-24	1433-1439	diebus	
4-25	1440-1442	et	
4-26	1443-1449	tribus	
4-27	1450-1458	noctibus	
4-28	1458-1459	.	
4-29	1460-1462	13	
4-30	1463-1468	Dixit	
4-31	1469-1475	itaque	
4-32	1476-1478	ei	
4-33	1479-1484	David	
4-34	1485-1486	:	
4-35	1487-1492	Cujus	
4-36	1493-1495	es	
4-37	1496-1498	tu	
4-38	1499-1500	?	

#Text=vel unde ?
5-1	1501-1504	vel	
5-2	1505-1509	unde	
5-3	1510-1511	?	

#Text=et quo pergis ?
6-1	1512-1514	et	
6-2	1515-1518	quo	
6-3	1519-1525	pergis	
6-4	1526-1527	?	

#Text=Qui ait : Puer ægyptius ego sum, servus viri Amalecitæ : dereliquit autem me dominus meus, quia ægrotare cœpi nudiustertius.
#Text=14 Siquidem nos erupimus ad australem plagam Cerethi, et contra Judam, et ad meridiem Caleb, et Siceleg succendimus igni.
#Text=15 Dixitque ei David : Potes me ducere ad cuneum istum ?
7-1	1528-1531	Qui	
7-2	1532-1535	ait	
7-3	1536-1537	:	
7-4	1538-1542	Puer	
7-5	1543-1551	ægyptius	
7-6	1552-1555	ego	
7-7	1556-1559	sum	
7-8	1559-1560	,	
7-9	1561-1567	servus	
7-10	1568-1572	viri	
7-11	1573-1582	Amalecitæ	
7-12	1583-1584	:	
7-13	1585-1595	dereliquit	
7-14	1596-1601	autem	
7-15	1602-1604	me	
7-16	1605-1612	dominus	
7-17	1613-1617	meus	
7-18	1617-1618	,	
7-19	1619-1623	quia	
7-20	1624-1632	ægrotare	
7-21	1633-1637	cœpi	
7-22	1638-1651	nudiustertius	
7-23	1651-1652	.	
7-24	1653-1655	14	
7-25	1656-1664	Siquidem	
7-26	1665-1668	nos	
7-27	1669-1677	erupimus	
7-28	1678-1680	ad	
7-29	1681-1690	australem	
7-30	1691-1697	plagam	
7-31	1698-1705	Cerethi	
7-32	1705-1706	,	
7-33	1707-1709	et	
7-34	1710-1716	contra	
7-35	1717-1722	Judam	
7-36	1722-1723	,	
7-37	1724-1726	et	
7-38	1727-1729	ad	
7-39	1730-1738	meridiem	
7-40	1739-1744	Caleb	
7-41	1744-1745	,	
7-42	1746-1748	et	
7-43	1749-1756	Siceleg	
7-44	1757-1768	succendimus	
7-45	1769-1773	igni	
7-46	1773-1774	.	
7-47	1775-1777	15	
7-48	1778-1786	Dixitque	
7-49	1787-1789	ei	
7-50	1790-1795	David	
7-51	1796-1797	:	
7-52	1798-1803	Potes	
7-53	1804-1806	me	
7-54	1807-1813	ducere	
7-55	1814-1816	ad	
7-56	1817-1823	cuneum	
7-57	1824-1829	istum	
7-58	1830-1831	?	

#Text=Qui ait : Jura mihi per Deum quod non occidas me, et non tradas me in manus domini mei, et ego ducam te ad cuneum istum.
8-1	1832-1835	Qui	
8-2	1836-1839	ait	
8-3	1840-1841	:	
8-4	1842-1846	Jura	
8-5	1847-1851	mihi	
8-6	1852-1855	per	
8-7	1856-1860	Deum	
8-8	1861-1865	quod	
8-9	1866-1869	non	
8-10	1870-1877	occidas	
8-11	1878-1880	me	
8-12	1880-1881	,	
8-13	1882-1884	et	
8-14	1885-1888	non	
8-15	1889-1895	tradas	
8-16	1896-1898	me	
8-17	1899-1901	in	
8-18	1902-1907	manus	
8-19	1908-1914	domini	
8-20	1915-1918	mei	
8-21	1918-1919	,	
8-22	1920-1922	et	
8-23	1923-1926	ego	
8-24	1927-1932	ducam	
8-25	1933-1935	te	
8-26	1936-1938	ad	
8-27	1939-1945	cuneum	
8-28	1946-1951	istum	
8-29	1951-1952	.	

#Text=Et juravit ei David.
#Text=16 Qui cum duxisset eum, ecce illi discumbebant super faciem universæ terræ comedentes et bibentes, et quasi festum celebrantes diem, pro cuncta præda et spoliis quæ ceperant de terra Philisthiim et de terra Juda.
9-1	1953-1955	Et	
9-2	1956-1963	juravit	
9-3	1964-1966	ei	
9-4	1967-1972	David	
9-5	1972-1973	.	
9-6	1974-1976	16	
9-7	1977-1980	Qui	
9-8	1981-1984	cum	
9-9	1985-1993	duxisset	
9-10	1994-1997	eum	
9-11	1997-1998	,	
9-12	1999-2003	ecce	
9-13	2004-2008	illi	
9-14	2009-2021	discumbebant	
9-15	2022-2027	super	
9-16	2028-2034	faciem	
9-17	2035-2043	universæ	
9-18	2044-2049	terræ	
9-19	2050-2060	comedentes	
9-20	2061-2063	et	
9-21	2064-2072	bibentes	
9-22	2072-2073	,	
9-23	2074-2076	et	
9-24	2077-2082	quasi	
9-25	2083-2089	festum	
9-26	2090-2101	celebrantes	
9-27	2102-2106	diem	
9-28	2106-2107	,	
9-29	2108-2111	pro	
9-30	2112-2118	cuncta	
9-31	2119-2124	præda	
9-32	2125-2127	et	
9-33	2128-2135	spoliis	
9-34	2136-2139	quæ	
9-35	2140-2148	ceperant	
9-36	2149-2151	de	
9-37	2152-2157	terra	
9-38	2158-2169	Philisthiim	
9-39	2170-2172	et	
9-40	2173-2175	de	
9-41	2176-2181	terra	
9-42	2182-2186	Juda	
9-43	2186-2187	.	
