#FORMAT=WebAnno TSV 3.3


#Text=34 Et fuit colonus terræ Palæstinorum diebus multis.
1-1	2-4	34	
1-2	5-7	Et	
1-3	8-12	fuit	
1-4	13-20	colonus	
1-5	21-26	terræ	
1-6	27-39	Palæstinorum	
1-7	40-46	diebus	
1-8	47-53	multis	
1-9	53-54	.	

#Text=Caput 22
#Text=
#Text=
#Text=1 Quæ postquam gesta sunt, tentavit Deus Abraham, et dixit ad eum : Abraham, Abraham.
2-1	55-60	Caput	
2-2	61-63	22	
2-3	66-67	1	
2-4	68-71	Quæ	
2-5	72-80	postquam	
2-6	81-86	gesta	
2-7	87-91	sunt	
2-8	91-92	,	
2-9	93-101	tentavit	
2-10	102-106	Deus	
2-11	107-114	Abraham	
2-12	114-115	,	
2-13	116-118	et	
2-14	119-124	dixit	
2-15	125-127	ad	
2-16	128-131	eum	
2-17	132-133	:	
2-18	134-141	Abraham	
2-19	141-142	,	
2-20	143-150	Abraham	
2-21	150-151	.	

#Text=At ille respondit : Adsum.
#Text=2 Ait illi : Tolle filium tuum unigenitum, quem diligis, Isaac, et vade in terram visionis, atque ibi offeres eum in holocaustum super unum montium quem monstravero tibi.
#Text=3 Igitur Abraham de nocte consurgens, stravit asinum suum, ducens secum duos juvenes, et Isaac filium suum : cumque concidisset ligna in holocaustum, abiit ad locum quem præceperat ei Deus.
#Text=4 Die autem tertio, elevatis oculis, vidit locum procul : 5 dixitque ad pueros suos : Expectate hic cum asino : ego et puer illuc usque properantes, postquam adoraverimus, revertemur ad vos.
#Text=6 Tulit quoque ligna holocausti, et imposuit super Isaac filium suum : ipse vero portabat in manibus ignem et gladium.
3-1	152-154	At	
3-2	155-159	ille	
3-3	160-169	respondit	
3-4	170-171	:	
3-5	172-177	Adsum	
3-6	177-178	.	
3-7	179-180	2	
3-8	181-184	Ait	
3-9	185-189	illi	
3-10	190-191	:	
3-11	192-197	Tolle	
3-12	198-204	filium	
3-13	205-209	tuum	
3-14	210-220	unigenitum	
3-15	220-221	,	
3-16	222-226	quem	
3-17	227-234	diligis	
3-18	234-235	,	
3-19	236-241	Isaac	
3-20	241-242	,	
3-21	243-245	et	
3-22	246-250	vade	
3-23	251-253	in	
3-24	254-260	terram	
3-25	261-269	visionis	
3-26	269-270	,	
3-27	271-276	atque	
3-28	277-280	ibi	
3-29	281-288	offeres	
3-30	289-292	eum	
3-31	293-295	in	
3-32	296-307	holocaustum	
3-33	308-313	super	
3-34	314-318	unum	
3-35	319-326	montium	
3-36	327-331	quem	
3-37	332-343	monstravero	
3-38	344-348	tibi	
3-39	348-349	.	
3-40	350-351	3	
3-41	352-358	Igitur	
3-42	359-366	Abraham	
3-43	367-369	de	
3-44	370-375	nocte	
3-45	376-386	consurgens	
3-46	386-387	,	
3-47	388-395	stravit	
3-48	396-402	asinum	
3-49	403-407	suum	
3-50	407-408	,	
3-51	409-415	ducens	
3-52	416-421	secum	
3-53	422-426	duos	
3-54	427-434	juvenes	
3-55	434-435	,	
3-56	436-438	et	
3-57	439-444	Isaac	
3-58	445-451	filium	
3-59	452-456	suum	
3-60	457-458	:	
3-61	459-465	cumque	
3-62	466-477	concidisset	
3-63	478-483	ligna	
3-64	484-486	in	
3-65	487-498	holocaustum	
3-66	498-499	,	
3-67	500-505	abiit	
3-68	506-508	ad	
3-69	509-514	locum	
3-70	515-519	quem	
3-71	520-530	præceperat	
3-72	531-533	ei	
3-73	534-538	Deus	
3-74	538-539	.	
3-75	540-541	4	
3-76	542-545	Die	
3-77	546-551	autem	
3-78	552-558	tertio	
3-79	558-559	,	
3-80	560-568	elevatis	
3-81	569-575	oculis	
3-82	575-576	,	
3-83	577-582	vidit	
3-84	583-588	locum	
3-85	589-595	procul	
3-86	596-597	:	
3-87	598-599	5	
3-88	600-608	dixitque	
3-89	609-611	ad	
3-90	612-618	pueros	
3-91	619-623	suos	
3-92	624-625	:	
3-93	626-635	Expectate	
3-94	636-639	hic	
3-95	640-643	cum	
3-96	644-649	asino	
3-97	650-651	:	
3-98	652-655	ego	
3-99	656-658	et	
3-100	659-663	puer	
3-101	664-669	illuc	
3-102	670-675	usque	
3-103	676-687	properantes	
3-104	687-688	,	
3-105	689-697	postquam	
3-106	698-710	adoraverimus	
3-107	710-711	,	
3-108	712-722	revertemur	
3-109	723-725	ad	
3-110	726-729	vos	
3-111	729-730	.	
3-112	731-732	6	
3-113	733-738	Tulit	
3-114	739-745	quoque	
3-115	746-751	ligna	
3-116	752-762	holocausti	
3-117	762-763	,	
3-118	764-766	et	
3-119	767-775	imposuit	
3-120	776-781	super	
3-121	782-787	Isaac	
3-122	788-794	filium	
3-123	795-799	suum	
3-124	800-801	:	
3-125	802-806	ipse	
3-126	807-811	vero	
3-127	812-820	portabat	
3-128	821-823	in	
3-129	824-831	manibus	
3-130	832-837	ignem	
3-131	838-840	et	
3-132	841-848	gladium	
3-133	848-849	.	

#Text=Cumque duo pergerent simul, 7 dixit Isaac patri suo : Pater mi.
4-1	850-856	Cumque	
4-2	857-860	duo	
4-3	861-870	pergerent	
4-4	871-876	simul	
4-5	876-877	,	
4-6	878-879	7	
4-7	880-885	dixit	
4-8	886-891	Isaac	
4-9	892-897	patri	
4-10	898-901	suo	
4-11	902-903	:	
4-12	904-909	Pater	
4-13	910-912	mi	
4-14	912-913	.	

#Text=At ille respondit : Quid vis, fili ?
5-1	914-916	At	
5-2	917-921	ille	
5-3	922-931	respondit	
5-4	932-933	:	
5-5	934-938	Quid	
5-6	939-942	vis	
5-7	942-943	,	
5-8	944-948	fili	
5-9	949-950	?	

#Text=Ecce, inquit, ignis et ligna : ubi est victima holocausti ?
6-1	951-955	Ecce	
6-2	955-956	,	
6-3	957-963	inquit	
6-4	963-964	,	
6-5	965-970	ignis	
6-6	971-973	et	
6-7	974-979	ligna	
6-8	980-981	:	
6-9	982-985	ubi	
6-10	986-989	est	
6-11	990-997	victima	
6-12	998-1008	holocausti	
6-13	1009-1010	?	

#Text=8 Dixit autem Abraham : Deus providebit sibi victimam holocausti, fili mi.
7-1	1011-1012	8	
7-2	1013-1018	Dixit	
7-3	1019-1024	autem	
7-4	1025-1032	Abraham	
7-5	1033-1034	:	
7-6	1035-1039	Deus	
7-7	1040-1050	providebit	
7-8	1051-1055	sibi	
7-9	1056-1064	victimam	
7-10	1065-1075	holocausti	
7-11	1075-1076	,	
7-12	1077-1081	fili	
7-13	1082-1084	mi	
7-14	1084-1085	.	

#Text=Pergebant ergo pariter.
#Text=9 Et venerunt ad locum quem ostenderat ei Deus, in quo ædificavit altare, et desuper ligna composuit ; cumque alligasset Isaac filium suum, posuit eum in altare super struem lignorum.
#Text=10 Extenditque manum, et arripuit gladium, ut immolaret filium suum.
#Text=11 Et ecce angelus Domini de cælo clamavit, dicens : Abraham, Abraham.
8-1	1086-1095	Pergebant	
8-2	1096-1100	ergo	
8-3	1101-1108	pariter	
8-4	1108-1109	.	
8-5	1110-1111	9	
8-6	1112-1114	Et	
8-7	1115-1123	venerunt	
8-8	1124-1126	ad	
8-9	1127-1132	locum	
8-10	1133-1137	quem	
8-11	1138-1148	ostenderat	
8-12	1149-1151	ei	
8-13	1152-1156	Deus	
8-14	1156-1157	,	
8-15	1158-1160	in	
8-16	1161-1164	quo	
8-17	1165-1175	ædificavit	
8-18	1176-1182	altare	
8-19	1182-1183	,	
8-20	1184-1186	et	
8-21	1187-1194	desuper	
8-22	1195-1200	ligna	
8-23	1201-1210	composuit	
8-24	1211-1212	;	
8-25	1213-1219	cumque	
8-26	1220-1230	alligasset	
8-27	1231-1236	Isaac	
8-28	1237-1243	filium	
8-29	1244-1248	suum	
8-30	1248-1249	,	
8-31	1250-1256	posuit	
8-32	1257-1260	eum	
8-33	1261-1263	in	
8-34	1264-1270	altare	
8-35	1271-1276	super	
8-36	1277-1283	struem	
8-37	1284-1292	lignorum	
8-38	1292-1293	.	
8-39	1294-1296	10	
8-40	1297-1308	Extenditque	
8-41	1309-1314	manum	
8-42	1314-1315	,	
8-43	1316-1318	et	
8-44	1319-1327	arripuit	
8-45	1328-1335	gladium	
8-46	1335-1336	,	
8-47	1337-1339	ut	
8-48	1340-1349	immolaret	
8-49	1350-1356	filium	
8-50	1357-1361	suum	
8-51	1361-1362	.	
8-52	1363-1365	11	
8-53	1366-1368	Et	
8-54	1369-1373	ecce	
8-55	1374-1381	angelus	
8-56	1382-1388	Domini	
8-57	1389-1391	de	
8-58	1392-1396	cælo	
8-59	1397-1405	clamavit	
8-60	1405-1406	,	
8-61	1407-1413	dicens	
8-62	1414-1415	:	
8-63	1416-1423	Abraham	
8-64	1423-1424	,	
8-65	1425-1432	Abraham	
8-66	1432-1433	.	

#Text=Qui respondit : Adsum.
#Text=12 Dixitque ei : Non extendas manum tuam super puerum, neque facias illi quidquam : nunc cognovi quod times Deum, et non pepercisti unigenito filio tuo propter me.
#Text=13 Levavit Abraham oculos suos, viditque post tergum arietem inter vepres hærentem cornibus, quem assumens obtulit holocaustum pro filio.
#Text=14 Appellavitque nomen loci illius, Dominus videt.
9-1	1434-1437	Qui	
9-2	1438-1447	respondit	
9-3	1448-1449	:	
9-4	1450-1455	Adsum	
9-5	1455-1456	.	
9-6	1457-1459	12	
9-7	1460-1468	Dixitque	
9-8	1469-1471	ei	
9-9	1472-1473	:	
9-10	1474-1477	Non	
9-11	1478-1486	extendas	
9-12	1487-1492	manum	
9-13	1493-1497	tuam	
9-14	1498-1503	super	
9-15	1504-1510	puerum	
9-16	1510-1511	,	
9-17	1512-1517	neque	
9-18	1518-1524	facias	
9-19	1525-1529	illi	
9-20	1530-1538	quidquam	
9-21	1539-1540	:	
9-22	1541-1545	nunc	
9-23	1546-1553	cognovi	
9-24	1554-1558	quod	
9-25	1559-1564	times	
9-26	1565-1569	Deum	
9-27	1569-1570	,	
9-28	1571-1573	et	
9-29	1574-1577	non	
9-30	1578-1588	pepercisti	
9-31	1589-1598	unigenito	
9-32	1599-1604	filio	
9-33	1605-1608	tuo	
9-34	1609-1616	propter	
9-35	1617-1619	me	
9-36	1619-1620	.	
9-37	1621-1623	13	
9-38	1624-1631	Levavit	
9-39	1632-1639	Abraham	
9-40	1640-1646	oculos	
9-41	1647-1651	suos	
9-42	1651-1652	,	
9-43	1653-1661	viditque	
9-44	1662-1666	post	
9-45	1667-1673	tergum	
9-46	1674-1681	arietem	
9-47	1682-1687	inter	
9-48	1688-1694	vepres	
9-49	1695-1703	hærentem	
9-50	1704-1712	cornibus	
9-51	1712-1713	,	
9-52	1714-1718	quem	
9-53	1719-1727	assumens	
9-54	1728-1735	obtulit	
9-55	1736-1747	holocaustum	
9-56	1748-1751	pro	
9-57	1752-1757	filio	
9-58	1757-1758	.	
9-59	1759-1761	14	
9-60	1762-1775	Appellavitque	
9-61	1776-1781	nomen	
9-62	1782-1786	loci	
9-63	1787-1793	illius	
9-64	1793-1794	,	
9-65	1795-1802	Dominus	
9-66	1803-1808	videt	
9-67	1808-1809	.	

#Text=Unde usque hodie dicitur : In monte Dominus videbit.
10-1	1810-1814	Unde	
10-2	1815-1820	usque	
10-3	1821-1826	hodie	
10-4	1827-1834	dicitur	
10-5	1835-1836	:	
10-6	1837-1839	In	
10-7	1840-1845	monte	
10-8	1846-1853	Dominus	
10-9	1854-1861	videbit	
10-10	1861-1862	.	
