#FORMAT=WebAnno TSV 3.3
#T_SP=custom.Span|label
#T_RL=custom.Relation|label|BT_custom.Span


#Text=LETTRE DE POLYSCOPE Sur le Tabac .
1-1	0-6	LETTRE	_	_	_	
1-2	7-9	DE	_	_	_	
1-3	10-19	POLYSCOPE	_	_	_	
1-4	20-23	Sur	_	_	_	
1-5	24-26	le	_	_	_	
1-6	27-32	Tabac	_	_	_	
1-7	33-34	.	_	_	_	

#Text=A tous les nez de la République, salut!
2-1	36-37	A	_	_	_	
2-2	38-42	tous	_	_	_	
2-3	43-46	les	_	_	_	
2-4	47-50	nez	_	_	_	
2-5	51-53	de	_	_	_	
2-6	54-56	la	_	_	_	
2-7	57-67	République	_	_	_	
2-8	67-68	,	_	_	_	
2-9	69-74	salut	_	_	_	
2-10	74-75	!	_	_	_	

#Text=Comment recevrez - vous les conseils que je vais vous donner V vénérables nez de mes concitoyens !
3-1	77-84	Comment	_	_	_	
3-2	85-93	recevrez	_	_	_	
3-3	94-95	-	_	_	_	
3-4	96-100	vous	_	_	_	
3-5	101-104	les	_	_	_	
3-6	105-113	conseils	_	_	_	
3-7	114-117	que	_	_	_	
3-8	118-120	je	_	_	_	
3-9	121-125	vais	_	_	_	
3-10	126-130	vous	_	_	_	
3-11	131-137	donner	_	_	_	
3-12	138-139	V	_	_	_	
3-13	140-150	vénérables	Quality	_	_	
3-14	151-154	nez	Smell\_Word	*|*	3-17|3-13	
3-15	155-157	de	_	_	_	
3-16	158-161	mes	_	_	_	
3-17	162-173	concitoyens	Perceiver	Anaphoric	4-9	
3-18	174-175	!	_	_	_	

#Text=Je viens blâmer l'usage où vous êtes de vous alimenter d'une poudre noire et puante ; je veux vous priver d'une de vos plus grandes jouissances.
4-1	176-178	Je	_	_	_	
4-2	179-184	viens	_	_	_	
4-3	185-191	blâmer	_	_	_	
4-4	192-199	l'usage	_	_	_	
4-5	200-202	où	_	_	_	
4-6	203-207	vous	_	_	_	
4-7	208-212	êtes	_	_	_	
4-8	213-215	de	_	_	_	
4-9	216-220	vous	Perceiver	_	_	
4-10	221-230	alimenter	_	_	_	
4-11	231-236	d'une	_	_	_	
4-12	237-243	poudre	Smell\_Source	_	_	
4-13	244-249	noire	_	_	_	
4-14	250-252	et	_	_	_	
4-15	253-259	puante	Smell\_Word	*|*|*	5-13|4-9|4-12	
4-16	260-261	;	_	_	_	
4-17	262-264	je	_	_	_	
4-18	265-269	veux	_	_	_	
4-19	270-274	vous	_	_	_	
4-20	275-281	priver	_	_	_	
4-21	282-287	d'une	_	_	_	
4-22	288-290	de	_	_	_	
4-23	291-294	vos	_	_	_	
4-24	295-299	plus	_	_	_	
4-25	300-307	grandes	_	_	_	
4-26	308-319	jouissances	_	_	_	
4-27	319-320	.	_	_	_	

#Text=Nicot , toi qui le premier portas de Lisbonne en France le tabac , plante d'origine américaine, puisse ton nom être inscrit parmi ceux des plus fameux empoissonneurs !
5-1	322-327	Nicot	_	_	_	
5-2	328-329	,	_	_	_	
5-3	330-333	toi	_	_	_	
5-4	334-337	qui	_	_	_	
5-5	338-340	le	_	_	_	
5-6	341-348	premier	_	_	_	
5-7	349-355	portas	_	_	_	
5-8	356-358	de	_	_	_	
5-9	359-367	Lisbonne	_	_	_	
5-10	368-370	en	_	_	_	
5-11	371-377	France	_	_	_	
5-12	378-380	le	_	_	_	
5-13	381-386	tabac	Smell\_Source	_	_	
5-14	387-388	,	_	_	_	
5-15	389-395	plante	_	_	_	
5-16	396-405	d'origine	_	_	_	
5-17	406-416	américaine	_	_	_	
5-18	416-417	,	_	_	_	
5-19	418-424	puisse	_	_	_	
5-20	425-428	ton	_	_	_	
5-21	429-432	nom	_	_	_	
5-22	433-437	être	_	_	_	
5-23	438-445	inscrit	_	_	_	
5-24	446-451	parmi	_	_	_	
5-25	452-456	ceux	_	_	_	
5-26	457-460	des	_	_	_	
5-27	461-465	plus	_	_	_	
5-28	466-472	fameux	_	_	_	
5-29	473-487	empoissonneurs	_	_	_	
5-30	488-489	!	_	_	_	

#Text=La reine Catherine de Médicis , à qui tu le présentas , avait sans doute prévu qu'il deviendrait funeste à l'espèce humaine, puisque le reçut avec reconnaissance, et en établit l'usage . — Que de maux cette plante a déjà faits!
6-1	490-492	La	_	_	_	
6-2	493-498	reine	_	_	_	
6-3	499-508	Catherine	_	_	_	
6-4	509-511	de	_	_	_	
6-5	512-519	Médicis	_	_	_	
6-6	520-521	,	_	_	_	
6-7	522-523	à	_	_	_	
6-8	524-527	qui	_	_	_	
6-9	528-530	tu	_	_	_	
6-10	531-533	le	_	_	_	
6-11	534-543	présentas	_	_	_	
6-12	544-545	,	_	_	_	
6-13	546-551	avait	_	_	_	
6-14	552-556	sans	_	_	_	
6-15	557-562	doute	_	_	_	
6-16	563-568	prévu	_	_	_	
6-17	569-574	qu'il	_	_	_	
6-18	575-586	deviendrait	_	_	_	
6-19	587-594	funeste	_	_	_	
6-20	595-596	à	_	_	_	
6-21	597-605	l'espèce	_	_	_	
6-22	606-613	humaine	_	_	_	
6-23	613-614	,	_	_	_	
6-24	615-622	puisque	_	_	_	
6-25	623-625	le	_	_	_	
6-26	626-631	reçut	_	_	_	
6-27	632-636	avec	_	_	_	
6-28	637-651	reconnaissance	_	_	_	
6-29	651-652	,	_	_	_	
6-30	653-655	et	_	_	_	
6-31	656-658	en	_	_	_	
6-32	659-666	établit	_	_	_	
6-33	667-674	l'usage	_	_	_	
6-34	675-676	.	_	_	_	
6-35	677-678	—	_	_	_	
6-36	679-682	Que	_	_	_	
6-37	683-685	de	_	_	_	
6-38	686-690	maux	_	_	_	
6-39	691-696	cette	_	_	_	
6-40	697-703	plante	_	_	_	
6-41	704-705	a	_	_	_	
6-42	706-710	déjà	_	_	_	
6-43	711-716	faits	_	_	_	
6-44	716-717	!	_	_	_	

#Text=Des milliers d'hommes ont péri pour l'avoir cultivée dans leurs champs, malgré la défense royale ; des milliers encore, pour l'avoir vendue , transportée sans une permission expresse , en fraude des droits royaux .
7-1	718-721	Des	_	_	_	
7-2	722-730	milliers	_	_	_	
7-3	731-739	d'hommes	_	_	_	
7-4	740-743	ont	_	_	_	
7-5	744-748	péri	_	_	_	
7-6	749-753	pour	_	_	_	
7-7	754-761	l'avoir	_	_	_	
7-8	762-770	cultivée	_	_	_	
7-9	771-775	dans	_	_	_	
7-10	776-781	leurs	_	_	_	
7-11	782-788	champs	_	_	_	
7-12	788-789	,	_	_	_	
7-13	790-796	malgré	_	_	_	
7-14	797-799	la	_	_	_	
7-15	800-807	défense	_	_	_	
7-16	808-814	royale	_	_	_	
7-17	815-816	;	_	_	_	
7-18	817-820	des	_	_	_	
7-19	821-829	milliers	_	_	_	
7-20	830-836	encore	_	_	_	
7-21	836-837	,	_	_	_	
7-22	838-842	pour	_	_	_	
7-23	843-850	l'avoir	_	_	_	
7-24	851-857	vendue	_	_	_	
7-25	858-859	,	_	_	_	
7-26	860-871	transportée	_	_	_	
7-27	872-876	sans	_	_	_	
7-28	877-880	une	_	_	_	
7-29	881-891	permission	_	_	_	
7-30	892-900	expresse	_	_	_	
7-31	901-902	,	_	_	_	
7-32	903-905	en	_	_	_	
7-33	906-912	fraude	_	_	_	
7-34	913-916	des	_	_	_	
7-35	917-923	droits	_	_	_	
7-36	924-930	royaux	_	_	_	
7-37	931-932	.	_	_	_	

#Text=Aujourd'hui, ses mauvais effets se bornent, en France, ,à ceux qu'elle eut et aura toujours , de dessécher le cerveau , d'ouvrir un cautère qu'on ne peut plus fermer sans danger , d'affaiblir la mémoire, de détruire en grande partie la finesse de l'odorat.
8-1	934-945	Aujourd'hui	_	_	_	
8-2	945-946	,	_	_	_	
8-3	947-950	ses	_	_	_	
8-4	951-958	mauvais	_	_	_	
8-5	959-965	effets	_	_	_	
8-6	966-968	se	_	_	_	
8-7	969-976	bornent	_	_	_	
8-8	976-977	,	_	_	_	
8-9	978-980	en	_	_	_	
8-10	981-987	France	_	_	_	
8-11	987-988	,	_	_	_	
8-12	989-990	,	_	_	_	
8-13	990-991	à	_	_	_	
8-14	992-996	ceux	_	_	_	
8-15	997-1004	qu'elle	_	_	_	
8-16	1005-1008	eut	_	_	_	
8-17	1009-1011	et	_	_	_	
8-18	1012-1016	aura	_	_	_	
8-19	1017-1025	toujours	_	_	_	
8-20	1026-1027	,	_	_	_	
8-21	1028-1030	de	_	_	_	
8-22	1031-1040	dessécher	_	_	_	
8-23	1041-1043	le	_	_	_	
8-24	1044-1051	cerveau	_	_	_	
8-25	1052-1053	,	_	_	_	
8-26	1054-1062	d'ouvrir	_	_	_	
8-27	1063-1065	un	_	_	_	
8-28	1066-1073	cautère	_	_	_	
8-29	1074-1079	qu'on	_	_	_	
8-30	1080-1082	ne	_	_	_	
8-31	1083-1087	peut	_	_	_	
8-32	1088-1092	plus	_	_	_	
8-33	1093-1099	fermer	_	_	_	
8-34	1100-1104	sans	_	_	_	
8-35	1105-1111	danger	_	_	_	
8-36	1112-1113	,	_	_	_	
8-37	1114-1125	d'affaiblir	_	_	_	
8-38	1126-1128	la	_	_	_	
8-39	1129-1136	mémoire	_	_	_	
8-40	1136-1137	,	_	_	_	
8-41	1138-1140	de	_	_	_	
8-42	1141-1149	détruire	Effect	_	_	
8-43	1150-1152	en	_	_	_	
8-44	1153-1159	grande	_	_	_	
8-45	1160-1166	partie	_	_	_	
8-46	1167-1169	la	_	_	_	
8-47	1170-1177	finesse	Quality	_	_	
8-48	1178-1180	de	_	_	_	
8-49	1181-1189	l'odorat	Smell\_Word	*|*	8-47|8-42	
8-50	1189-1190	.	_	_	_	

#Text=Je vous entends d'ici, preneurs de tabac, nier qu'il ait toutes ces qualités funestes: vous le regardez, au contraire , comme un remède salutaire contre plusieurs sortes de maladies. — Je vous accorde, si vous voulez, que par fois il peut être bon à quelque chose ; mais je vous répondrai , avec un de nos plus savans naturalistes: y a- 1- 41 apparence que pour être en santé , il faille toujours avoir le remède à la main , et simon puisse nommer un régime utile , d'être à tout moment en convulsion ?
9-1	1192-1194	Je	_	_	_	
9-2	1195-1199	vous	_	_	_	
9-3	1200-1207	entends	_	_	_	
9-4	1208-1213	d'ici	_	_	_	
9-5	1213-1214	,	_	_	_	
9-6	1215-1223	preneurs	_	_	_	
9-7	1224-1226	de	_	_	_	
9-8	1227-1232	tabac	_	_	_	
9-9	1232-1233	,	_	_	_	
9-10	1234-1238	nier	_	_	_	
9-11	1239-1244	qu'il	_	_	_	
9-12	1245-1248	ait	_	_	_	
9-13	1249-1255	toutes	_	_	_	
9-14	1256-1259	ces	_	_	_	
9-15	1260-1268	qualités	_	_	_	
9-16	1269-1277	funestes	_	_	_	
9-17	1277-1278	:	_	_	_	
9-18	1279-1283	vous	_	_	_	
9-19	1284-1286	le	_	_	_	
9-20	1287-1295	regardez	_	_	_	
9-21	1295-1296	,	_	_	_	
9-22	1297-1299	au	_	_	_	
9-23	1300-1309	contraire	_	_	_	
9-24	1310-1311	,	_	_	_	
9-25	1312-1317	comme	_	_	_	
9-26	1318-1320	un	_	_	_	
9-27	1321-1327	remède	_	_	_	
9-28	1328-1337	salutaire	_	_	_	
9-29	1338-1344	contre	_	_	_	
9-30	1345-1354	plusieurs	_	_	_	
9-31	1355-1361	sortes	_	_	_	
9-32	1362-1364	de	_	_	_	
9-33	1365-1373	maladies	_	_	_	
9-34	1373-1374	.	_	_	_	
9-35	1375-1376	—	_	_	_	
9-36	1377-1379	Je	_	_	_	
9-37	1380-1384	vous	_	_	_	
9-38	1385-1392	accorde	_	_	_	
9-39	1392-1393	,	_	_	_	
9-40	1394-1396	si	_	_	_	
9-41	1397-1401	vous	_	_	_	
9-42	1402-1408	voulez	_	_	_	
9-43	1408-1409	,	_	_	_	
9-44	1410-1413	que	_	_	_	
9-45	1414-1417	par	_	_	_	
9-46	1418-1422	fois	_	_	_	
9-47	1423-1425	il	_	_	_	
9-48	1426-1430	peut	_	_	_	
9-49	1431-1435	être	_	_	_	
9-50	1436-1439	bon	_	_	_	
9-51	1440-1441	à	_	_	_	
9-52	1442-1449	quelque	_	_	_	
9-53	1450-1455	chose	_	_	_	
9-54	1456-1457	;	_	_	_	
9-55	1458-1462	mais	_	_	_	
9-56	1463-1465	je	_	_	_	
9-57	1466-1470	vous	_	_	_	
9-58	1471-1480	répondrai	_	_	_	
9-59	1481-1482	,	_	_	_	
9-60	1483-1487	avec	_	_	_	
9-61	1488-1490	un	_	_	_	
9-62	1491-1493	de	_	_	_	
9-63	1494-1497	nos	_	_	_	
9-64	1498-1502	plus	_	_	_	
9-65	1503-1509	savans	_	_	_	
9-66	1510-1522	naturalistes	_	_	_	
9-67	1522-1523	:	_	_	_	
9-68	1524-1525	y	_	_	_	
9-69	1526-1527	a	_	_	_	
9-70	1527-1528	-	_	_	_	
9-71	1529-1530	1	_	_	_	
9-72	1530-1531	-	_	_	_	
9-73	1532-1534	41	_	_	_	
9-74	1535-1544	apparence	_	_	_	
9-75	1545-1548	que	_	_	_	
9-76	1549-1553	pour	_	_	_	
9-77	1554-1558	être	_	_	_	
9-78	1559-1561	en	_	_	_	
9-79	1562-1567	santé	_	_	_	
9-80	1568-1569	,	_	_	_	
9-81	1570-1572	il	_	_	_	
9-82	1573-1579	faille	_	_	_	
9-83	1580-1588	toujours	_	_	_	
9-84	1589-1594	avoir	_	_	_	
9-85	1595-1597	le	_	_	_	
9-86	1598-1604	remède	_	_	_	
9-87	1605-1606	à	_	_	_	
9-88	1607-1609	la	_	_	_	
9-89	1610-1614	main	_	_	_	
9-90	1615-1616	,	_	_	_	
9-91	1617-1619	et	_	_	_	
9-92	1620-1625	simon	_	_	_	
9-93	1626-1632	puisse	_	_	_	
9-94	1633-1639	nommer	_	_	_	
9-95	1640-1642	un	_	_	_	
9-96	1643-1649	régime	_	_	_	
9-97	1650-1655	utile	_	_	_	
9-98	1656-1657	,	_	_	_	
9-99	1658-1664	d'être	_	_	_	
9-100	1665-1666	à	_	_	_	
9-101	1667-1671	tout	_	_	_	
9-102	1672-1678	moment	_	_	_	
9-103	1679-1681	en	_	_	_	
9-104	1682-1692	convulsion	_	_	_	
9-105	1693-1694	?	_	_	_	

#Text=C'est un plaisir, répliquerez-vous , de se procurer ces légères secousses , ces petites convulsions. — Oh !
10-1	1696-1701	C'est	_	_	_	
10-2	1702-1704	un	_	_	_	
10-3	1705-1712	plaisir	_	_	_	
10-4	1712-1713	,	_	_	_	
10-5	1714-1730	répliquerez-vous	_	_	_	
10-6	1731-1732	,	_	_	_	
10-7	1733-1735	de	_	_	_	
10-8	1736-1738	se	_	_	_	
10-9	1739-1747	procurer	_	_	_	
10-10	1748-1751	ces	_	_	_	
10-11	1752-1759	légères	_	_	_	
10-12	1760-1769	secousses	_	_	_	
10-13	1770-1771	,	_	_	_	
10-14	1772-1775	ces	_	_	_	
10-15	1776-1783	petites	_	_	_	
10-16	1784-1795	convulsions	_	_	_	
10-17	1795-1796	.	_	_	_	
10-18	1797-1798	—	_	_	_	
10-19	1799-1801	Oh	_	_	_	
10-20	1802-1803	!	_	_	_	

#Text=certes , je ne prétends pas disputer sur les goûts; mais parmi les plantes qui pourraient donner à vos organes cette commetion que l'habitude vous a rendue si agréable, pourquoi avez -vous choisi celle qui a l'odeur la plus repoussante, la couleur la moins attrayante; celle dont la feuille ne produit un picottement douloureux, que lorsqu'elle est à demi putréfaite?
11-1	1804-1810	certes	_	_	_	
11-2	1811-1812	,	_	_	_	
11-3	1813-1815	je	_	_	_	
11-4	1816-1818	ne	_	_	_	
11-5	1819-1827	prétends	_	_	_	
11-6	1828-1831	pas	_	_	_	
11-7	1832-1840	disputer	_	_	_	
11-8	1841-1844	sur	_	_	_	
11-9	1845-1848	les	_	_	_	
11-10	1849-1854	goûts	_	_	_	
11-11	1854-1855	;	_	_	_	
11-12	1856-1860	mais	_	_	_	
11-13	1861-1866	parmi	_	_	_	
11-14	1867-1870	les	_	_	_	
11-15	1871-1878	plantes	Smell\_Source	Anaphoric	11-37[1_0]	
11-16	1879-1882	qui	_	_	_	
11-17	1883-1893	pourraient	_	_	_	
11-18	1894-1900	donner	_	_	_	
11-19	1901-1902	à	_	_	_	
11-20	1903-1906	vos	_	_	_	
11-21	1907-1914	organes	_	_	_	
11-22	1915-1920	cette	_	_	_	
11-23	1921-1930	commetion	_	_	_	
11-24	1931-1934	que	_	_	_	
11-25	1935-1945	l'habitude	_	_	_	
11-26	1946-1950	vous	_	_	_	
11-27	1951-1952	a	_	_	_	
11-28	1953-1959	rendue	_	_	_	
11-29	1960-1962	si	_	_	_	
11-30	1963-1971	agréable	_	_	_	
11-31	1971-1972	,	_	_	_	
11-32	1973-1981	pourquoi	_	_	_	
11-33	1982-1986	avez	_	_	_	
11-34	1987-1988	-	_	_	_	
11-35	1988-1992	vous	_	_	_	
11-36	1993-1999	choisi	_	_	_	
11-37	2000-2005	celle	Smell\_Source[1]	_	_	
11-38	2006-2009	qui	Smell\_Source[1]	_	_	
11-39	2010-2011	a	_	_	_	
11-40	2012-2019	l'odeur	Smell\_Word	*|*	11-41[2_0]|11-37[1_0]	
11-41	2020-2022	la	Quality[2]	_	_	
11-42	2023-2027	plus	Quality[2]	_	_	
11-43	2028-2039	repoussante	Quality[2]	_	_	
11-44	2039-2040	,	_	_	_	
11-45	2041-2043	la	_	_	_	
11-46	2044-2051	couleur	_	_	_	
11-47	2052-2054	la	_	_	_	
11-48	2055-2060	moins	_	_	_	
11-49	2061-2071	attrayante	_	_	_	
11-50	2071-2072	;	_	_	_	
11-51	2073-2078	celle	_	_	_	
11-52	2079-2083	dont	_	_	_	
11-53	2084-2086	la	_	_	_	
11-54	2087-2094	feuille	_	_	_	
11-55	2095-2097	ne	_	_	_	
11-56	2098-2105	produit	_	_	_	
11-57	2106-2108	un	_	_	_	
11-58	2109-2120	picottement	_	_	_	
11-59	2121-2131	douloureux	_	_	_	
11-60	2131-2132	,	_	_	_	
11-61	2133-2136	que	_	_	_	
11-62	2137-2148	lorsqu'elle	_	_	_	
11-63	2149-2152	est	_	_	_	
11-64	2153-2154	à	_	_	_	
11-65	2155-2159	demi	_	_	_	
11-66	2160-2170	putréfaite	_	_	_	
11-67	2170-2171	?	_	_	_	

#Text=Mille de nos plantes indigènes vous promu- cureraient, à moins de frais, des sensations pins douces, et même l'ivresse, si vous aimez à perdre la raison.
12-1	2172-2177	Mille	_	_	_	
12-2	2178-2180	de	_	_	_	
12-3	2181-2184	nos	_	_	_	
12-4	2185-2192	plantes	_	_	_	
12-5	2193-2202	indigènes	_	_	_	
12-6	2203-2207	vous	_	_	_	
12-7	2208-2213	promu	_	_	_	
12-8	2213-2214	-	_	_	_	
12-9	2215-2225	cureraient	_	_	_	
12-10	2225-2226	,	_	_	_	
12-11	2227-2228	à	_	_	_	
12-12	2229-2234	moins	_	_	_	
12-13	2235-2237	de	_	_	_	
12-14	2238-2243	frais	_	_	_	
12-15	2243-2244	,	_	_	_	
12-16	2245-2248	des	_	_	_	
12-17	2249-2259	sensations	_	_	_	
12-18	2260-2264	pins	_	_	_	
12-19	2265-2271	douces	_	_	_	
12-20	2271-2272	,	_	_	_	
12-21	2273-2275	et	_	_	_	
12-22	2276-2280	même	_	_	_	
12-23	2281-2290	l'ivresse	_	_	_	
12-24	2290-2291	,	_	_	_	
12-25	2292-2294	si	_	_	_	
12-26	2295-2299	vous	_	_	_	
12-27	2300-2305	aimez	_	_	_	
12-28	2306-2307	à	_	_	_	
12-29	2308-2314	perdre	_	_	_	
12-30	2315-2317	la	_	_	_	
12-31	2318-2324	raison	_	_	_	
12-32	2324-2325	.	_	_	_	

#Text=La poudre de bétoine , de muguet , une foule d'autres , ont aussi la vertu de causer les Secousses, même évacuations que vous regardez, comme si nécessaires. — Con- culons qiîe c'èst Ui plus ridicule des Fantaisies , lit mode la plus déraisonnable , qui a étendu l'usage de la poudre de tabac.
13-1	2326-2328	La	_	_	_	
13-2	2329-2335	poudre	_	_	_	
13-3	2336-2338	de	_	_	_	
13-4	2339-2346	bétoine	_	_	_	
13-5	2347-2348	,	_	_	_	
13-6	2349-2351	de	_	_	_	
13-7	2352-2358	muguet	_	_	_	
13-8	2359-2360	,	_	_	_	
13-9	2361-2364	une	_	_	_	
13-10	2365-2370	foule	_	_	_	
13-11	2371-2379	d'autres	_	_	_	
13-12	2380-2381	,	_	_	_	
13-13	2382-2385	ont	_	_	_	
13-14	2386-2391	aussi	_	_	_	
13-15	2392-2394	la	_	_	_	
13-16	2395-2400	vertu	_	_	_	
13-17	2401-2403	de	_	_	_	
13-18	2404-2410	causer	_	_	_	
13-19	2411-2414	les	_	_	_	
13-20	2415-2424	Secousses	_	_	_	
13-21	2424-2425	,	_	_	_	
13-22	2426-2430	même	_	_	_	
13-23	2431-2442	évacuations	_	_	_	
13-24	2443-2446	que	_	_	_	
13-25	2447-2451	vous	_	_	_	
13-26	2452-2460	regardez	_	_	_	
13-27	2460-2461	,	_	_	_	
13-28	2462-2467	comme	_	_	_	
13-29	2468-2470	si	_	_	_	
13-30	2471-2482	nécessaires	_	_	_	
13-31	2482-2483	.	_	_	_	
13-32	2484-2485	—	_	_	_	
13-33	2486-2489	Con	_	_	_	
13-34	2489-2490	-	_	_	_	
13-35	2491-2497	culons	_	_	_	
13-36	2498-2502	qiîe	_	_	_	
13-37	2503-2508	c'èst	_	_	_	
13-38	2509-2511	Ui	_	_	_	
13-39	2512-2516	plus	_	_	_	
13-40	2517-2525	ridicule	_	_	_	
13-41	2526-2529	des	_	_	_	
13-42	2530-2540	Fantaisies	_	_	_	
13-43	2541-2542	,	_	_	_	
13-44	2543-2546	lit	_	_	_	
13-45	2547-2551	mode	_	_	_	
13-46	2552-2554	la	_	_	_	
13-47	2555-2559	plus	_	_	_	
13-48	2560-2573	déraisonnable	_	_	_	
13-49	2574-2575	,	_	_	_	
13-50	2576-2579	qui	_	_	_	
13-51	2580-2581	a	_	_	_	
13-52	2582-2588	étendu	_	_	_	
13-53	2589-2596	l'usage	_	_	_	
13-54	2597-2599	de	_	_	_	
13-55	2600-2602	la	_	_	_	
13-56	2603-2609	poudre	_	_	_	
13-57	2610-2612	de	_	_	_	
13-58	2613-2618	tabac	_	_	_	
13-59	2618-2619	.	_	_	_	

#Text=On rit des sauvages qui impriment sur leurs corps de bi- barres figures, qui pendent dés os, dès coquillages,, des coraux , aux cartilages de leurs liez et dè leurs oîêréS \\ qui teignent Desirs dents-, leurs sourcils , leurs paupières ; qui enfin gâtent , déforment tout ce que là Mâture leur avait donné de bon et de beau ; niais en Vérité,, samtiié's-floüs moins déraisonnables £ La Nat ure no us' a fait' des nez pOUf que nous puissions juger des diverses odeurs qui s'exilaient: des corps, et cônséqüemmént dè leurs qualités utiles ou dangereuses.
14-1	2621-2623	On	_	_	_	
14-2	2624-2627	rit	_	_	_	
14-3	2628-2631	des	_	_	_	
14-4	2632-2640	sauvages	_	_	_	
14-5	2641-2644	qui	_	_	_	
14-6	2645-2654	impriment	_	_	_	
14-7	2655-2658	sur	_	_	_	
14-8	2659-2664	leurs	_	_	_	
14-9	2665-2670	corps	_	_	_	
14-10	2671-2673	de	_	_	_	
14-11	2674-2676	bi	_	_	_	
14-12	2676-2677	-	_	_	_	
14-13	2678-2684	barres	_	_	_	
14-14	2685-2692	figures	_	_	_	
14-15	2692-2693	,	_	_	_	
14-16	2694-2697	qui	_	_	_	
14-17	2698-2705	pendent	_	_	_	
14-18	2706-2709	dés	_	_	_	
14-19	2710-2712	os	_	_	_	
14-20	2712-2713	,	_	_	_	
14-21	2714-2717	dès	_	_	_	
14-22	2718-2729	coquillages	_	_	_	
14-23	2729-2730	,	_	_	_	
14-24	2730-2731	,	_	_	_	
14-25	2732-2735	des	_	_	_	
14-26	2736-2742	coraux	_	_	_	
14-27	2743-2744	,	_	_	_	
14-28	2745-2748	aux	_	_	_	
14-29	2749-2759	cartilages	_	_	_	
14-30	2760-2762	de	_	_	_	
14-31	2763-2768	leurs	_	_	_	
14-32	2769-2773	liez	_	_	_	
14-33	2774-2776	et	_	_	_	
14-34	2777-2779	dè	_	_	_	
14-35	2780-2785	leurs	_	_	_	
14-36	2786-2792	oîêréS	_	_	_	
14-37	2793-2794	\	_	_	_	
14-38	2795-2798	qui	_	_	_	
14-39	2799-2807	teignent	_	_	_	
14-40	2808-2814	Desirs	_	_	_	
14-41	2815-2820	dents	_	_	_	
14-42	2820-2821	-	_	_	_	
14-43	2821-2822	,	_	_	_	
14-44	2823-2828	leurs	_	_	_	
14-45	2829-2837	sourcils	_	_	_	
14-46	2838-2839	,	_	_	_	
14-47	2840-2845	leurs	_	_	_	
14-48	2846-2855	paupières	_	_	_	
14-49	2856-2857	;	_	_	_	
14-50	2858-2861	qui	_	_	_	
14-51	2862-2867	enfin	_	_	_	
14-52	2868-2874	gâtent	_	_	_	
14-53	2875-2876	,	_	_	_	
14-54	2877-2886	déforment	_	_	_	
14-55	2887-2891	tout	_	_	_	
14-56	2892-2894	ce	_	_	_	
14-57	2895-2898	que	_	_	_	
14-58	2899-2901	là	_	_	_	
14-59	2902-2908	Mâture	_	_	_	
14-60	2909-2913	leur	_	_	_	
14-61	2914-2919	avait	_	_	_	
14-62	2920-2925	donné	_	_	_	
14-63	2926-2928	de	_	_	_	
14-64	2929-2932	bon	_	_	_	
14-65	2933-2935	et	_	_	_	
14-66	2936-2938	de	_	_	_	
14-67	2939-2943	beau	_	_	_	
14-68	2944-2945	;	_	_	_	
14-69	2946-2951	niais	_	_	_	
14-70	2952-2954	en	_	_	_	
14-71	2955-2961	Vérité	_	_	_	
14-72	2961-2962	,	_	_	_	
14-73	2962-2963	,	_	_	_	
14-74	2964-2979	samtiié's-floüs	_	_	_	
14-75	2980-2985	moins	_	_	_	
14-76	2986-3000	déraisonnables	_	_	_	
14-77	3001-3002	£	_	_	_	
14-78	3003-3005	La	_	_	_	
14-79	3006-3009	Nat	_	_	_	
14-80	3010-3013	ure	_	_	_	
14-81	3014-3016	no	_	_	_	
14-82	3017-3019	us	_	_	_	
14-83	3019-3020	'	_	_	_	
14-84	3021-3022	a	_	_	_	
14-85	3023-3027	fait	_	_	_	
14-86	3027-3028	'	_	_	_	
14-87	3029-3032	des	_	_	_	
14-88	3033-3036	nez	_	_	_	
14-89	3037-3041	pOUf	_	_	_	
14-90	3042-3045	que	_	_	_	
14-91	3046-3050	nous	Perceiver	_	_	
14-92	3051-3060	puissions	_	_	_	
14-93	3061-3066	juger	_	_	_	
14-94	3067-3070	des	_	_	_	
14-95	3071-3079	diverses	Quality	_	_	
14-96	3080-3086	odeurs	Smell\_Word	*|*|*|Anaphoric|*|*|*	14-91|14-98|14-95|14-97|14-101|14-110|14-108	
14-97	3087-3090	qui	Smell\_Word	_	_	
14-98	3091-3102	s'exilaient	Smell\_Word	_	_	
14-99	3102-3103	:	_	_	_	
14-100	3104-3107	des	_	_	_	
14-101	3108-3113	corps	Odour\_Carrier	_	_	
14-102	3113-3114	,	_	_	_	
14-103	3115-3117	et	_	_	_	
14-104	3118-3131	cônséqüemmént	_	_	_	
14-105	3132-3134	dè	_	_	_	
14-106	3135-3140	leurs	_	_	_	
14-107	3141-3149	qualités	_	_	_	
14-108	3150-3156	utiles	Quality	_	_	
14-109	3157-3159	ou	_	_	_	
14-110	3160-3171	dangereuses	Quality	_	_	
14-111	3171-3172	.	_	_	_	

#Text=Ils sont de plus Un canal cbiiveftppüf Colidui- n hors de nous une secrétion, ddht i'àspèxt blèfseîaitlés. yeux , inspirerait le dégoût.
15-1	3173-3176	Ils	_	_	_	
15-2	3177-3181	sont	_	_	_	
15-3	3182-3184	de	_	_	_	
15-4	3185-3189	plus	_	_	_	
15-5	3190-3192	Un	_	_	_	
15-6	3193-3198	canal	_	_	_	
15-7	3199-3211	cbiiveftppüf	_	_	_	
15-8	3212-3219	Colidui	_	_	_	
15-9	3219-3220	-	_	_	_	
15-10	3221-3222	n	_	_	_	
15-11	3223-3227	hors	_	_	_	
15-12	3228-3230	de	_	_	_	
15-13	3231-3235	nous	_	_	_	
15-14	3236-3239	une	_	_	_	
15-15	3240-3249	secrétion	_	_	_	
15-16	3249-3250	,	_	_	_	
15-17	3251-3255	ddht	_	_	_	
15-18	3256-3264	i'àspèxt	_	_	_	
15-19	3265-3278	blèfseîaitlés	_	_	_	
15-20	3278-3279	.	_	_	_	
15-21	3280-3284	yeux	_	_	_	
15-22	3285-3286	,	_	_	_	
15-23	3287-3298	inspirerait	_	_	_	
15-24	3299-3301	le	_	_	_	
15-25	3302-3308	dégoût	_	_	_	
15-26	3308-3309	.	_	_	_	

#Text=Qu*â fait l'homme îïi a Usé, par i^application fréquente d'une pouSSfèfc plquûnîe, cautique , les^ houppes nerveuses , à,', la sensibilité desquelles il devait son oddrat* lia cherché à rendre plus .abondant,, plus rebutant- par- Sa couleur y ce MttCUs que la Natüfé. avait pris soin dè cacher.
16-1	3310-3312	Qu	_	_	_	
16-2	3312-3313	*	_	_	_	
16-3	3313-3314	â	_	_	_	
16-4	3315-3319	fait	_	_	_	
16-5	3320-3327	l'homme	_	_	_	
16-6	3328-3331	îïi	_	_	_	
16-7	3332-3333	a	_	_	_	
16-8	3334-3337	Usé	_	_	_	
16-9	3337-3338	,	_	_	_	
16-10	3339-3342	par	_	_	_	
16-11	3343-3344	i	_	_	_	
16-12	3344-3345	^	_	_	_	
16-13	3345-3356	application	_	_	_	
16-14	3357-3366	fréquente	_	_	_	
16-15	3367-3372	d'une	_	_	_	
16-16	3373-3382	pouSSfèfc	_	_	_	
16-17	3383-3391	plquûnîe	_	_	_	
16-18	3391-3392	,	_	_	_	
16-19	3393-3401	cautique	_	_	_	
16-20	3402-3403	,	_	_	_	
16-21	3404-3407	les	_	_	_	
16-22	3407-3408	^	_	_	_	
16-23	3409-3416	houppes	_	_	_	
16-24	3417-3426	nerveuses	_	_	_	
16-25	3427-3428	,	_	_	_	
16-26	3429-3430	à	_	_	_	
16-27	3430-3431	,	_	_	_	
16-28	3431-3432	'	_	_	_	
16-29	3432-3433	,	_	_	_	
16-30	3434-3436	la	_	_	_	
16-31	3437-3448	sensibilité	_	_	_	
16-32	3449-3459	desquelles	_	_	_	
16-33	3460-3462	il	_	_	_	
16-34	3463-3469	devait	_	_	_	
16-35	3470-3473	son	_	_	_	
16-36	3474-3480	oddrat	_	_	_	
16-37	3480-3481	*	_	_	_	
16-38	3482-3485	lia	_	_	_	
16-39	3486-3493	cherché	_	_	_	
16-40	3494-3495	à	_	_	_	
16-41	3496-3502	rendre	_	_	_	
16-42	3503-3507	plus	_	_	_	
16-43	3508-3509	.	_	_	_	
16-44	3509-3517	abondant	_	_	_	
16-45	3517-3518	,	_	_	_	
16-46	3518-3519	,	_	_	_	
16-47	3520-3524	plus	_	_	_	
16-48	3525-3533	rebutant	_	_	_	
16-49	3533-3534	-	_	_	_	
16-50	3535-3538	par	_	_	_	
16-51	3538-3539	-	_	_	_	
16-52	3540-3542	Sa	_	_	_	
16-53	3543-3550	couleur	_	_	_	
16-54	3551-3552	y	_	_	_	
16-55	3553-3555	ce	_	_	_	
16-56	3556-3562	MttCUs	_	_	_	
16-57	3563-3566	que	_	_	_	
16-58	3567-3569	la	_	_	_	
16-59	3570-3576	Natüfé	_	_	_	
16-60	3576-3577	.	_	_	_	
16-61	3578-3583	avait	_	_	_	
16-62	3584-3588	pris	_	_	_	
16-63	3589-3593	soin	_	_	_	
16-64	3594-3596	dè	_	_	_	
16-65	3597-3603	cacher	_	_	_	
16-66	3603-3604	.	_	_	_	

#Text=Chose étonnante !
17-1	3606-3611	Chose	_	_	_	
17-2	3612-3621	étonnante	_	_	_	
17-3	3622-3623	!	_	_	_	

#Text=f les femmes qui sé' disent si délicates * dont il est si facile de blesser les nerfs , ont adopté avec une inconcevable fureur i' Usage du fabâC. — Il 'défôtfifte les plus jolis nez; If jaunit les., parties environnantes, et lè corail des lèvres ne contraste plus autant avec tinè belle peau.
18-1	3623-3624	f	_	_	_	
18-2	3625-3628	les	_	_	_	
18-3	3629-3635	femmes	_	_	_	
18-4	3636-3639	qui	_	_	_	
18-5	3640-3642	sé	_	_	_	
18-6	3642-3643	'	_	_	_	
18-7	3644-3650	disent	_	_	_	
18-8	3651-3653	si	_	_	_	
18-9	3654-3663	délicates	_	_	_	
18-10	3664-3665	*	_	_	_	
18-11	3666-3670	dont	_	_	_	
18-12	3671-3673	il	_	_	_	
18-13	3674-3677	est	_	_	_	
18-14	3678-3680	si	_	_	_	
18-15	3681-3687	facile	_	_	_	
18-16	3688-3690	de	_	_	_	
18-17	3691-3698	blesser	_	_	_	
18-18	3699-3702	les	_	_	_	
18-19	3703-3708	nerfs	_	_	_	
18-20	3709-3710	,	_	_	_	
18-21	3711-3714	ont	_	_	_	
18-22	3715-3721	adopté	_	_	_	
18-23	3722-3726	avec	_	_	_	
18-24	3727-3730	une	_	_	_	
18-25	3731-3743	inconcevable	_	_	_	
18-26	3744-3750	fureur	_	_	_	
18-27	3751-3752	i	_	_	_	
18-28	3752-3753	'	_	_	_	
18-29	3754-3759	Usage	_	_	_	
18-30	3760-3762	du	_	_	_	
18-31	3763-3768	fabâC	_	_	_	
18-32	3768-3769	.	_	_	_	
18-33	3770-3771	—	_	_	_	
18-34	3772-3774	Il	_	_	_	
18-35	3775-3776	'	_	_	_	
18-36	3776-3786	défôtfifte	_	_	_	
18-37	3787-3790	les	_	_	_	
18-38	3791-3795	plus	_	_	_	
18-39	3796-3801	jolis	_	_	_	
18-40	3802-3805	nez	_	_	_	
18-41	3805-3806	;	_	_	_	
18-42	3807-3809	If	_	_	_	
18-43	3810-3816	jaunit	_	_	_	
18-44	3817-3820	les	_	_	_	
18-45	3820-3821	.	_	_	_	
18-46	3821-3822	,	_	_	_	
18-47	3823-3830	parties	_	_	_	
18-48	3831-3844	environnantes	_	_	_	
18-49	3844-3845	,	_	_	_	
18-50	3846-3848	et	_	_	_	
18-51	3849-3851	lè	_	_	_	
18-52	3852-3858	corail	_	_	_	
18-53	3859-3862	des	_	_	_	
18-54	3863-3869	lèvres	_	_	_	
18-55	3870-3872	ne	_	_	_	
18-56	3873-3882	contraste	_	_	_	
18-57	3883-3887	plus	_	_	_	
18-58	3888-3894	autant	_	_	_	
18-59	3895-3899	avec	_	_	_	
18-60	3900-3904	tinè	_	_	_	
18-61	3905-3910	belle	_	_	_	
18-62	3911-3915	peau	_	_	_	
18-63	3915-3916	.	_	_	_	

#Text=O femmes !
19-1	3917-3918	O	_	_	_	
19-2	3919-3925	femmes	_	_	_	
19-3	3926-3927	!	_	_	_	

#Text=Par quel prodige une plante empestée vous fait-elle oublier votre coquetterie haturelle?
20-1	3928-3931	Par	_	_	_	
20-2	3932-3936	quel	_	_	_	
20-3	3937-3944	prodige	_	_	_	
20-4	3945-3948	une	_	_	_	
20-5	3949-3955	plante	_	_	_	
20-6	3956-3964	empestée	_	_	_	
20-7	3965-3969	vous	_	_	_	
20-8	3970-3979	fait-elle	_	_	_	
20-9	3980-3987	oublier	_	_	_	
20-10	3988-3993	votre	_	_	_	
20-11	3994-4005	coquetterie	_	_	_	
20-12	4006-4015	haturelle	_	_	_	
20-13	4015-4016	?	_	_	_	

#Text=Les anciens, bien plus Sages , bien, plus voluptèux que nous , répandaient sur leurs cheveux , Sur. tout "leur corps , de sàuves parfums.
21-1	4018-4021	Les	Perceiver[3]	_	_	
21-2	4022-4029	anciens	Perceiver[3]	_	_	
21-3	4029-4030	,	_	_	_	
21-4	4031-4035	bien	_	_	_	
21-5	4036-4040	plus	_	_	_	
21-6	4041-4046	Sages	_	_	_	
21-7	4047-4048	,	_	_	_	
21-8	4049-4053	bien	_	_	_	
21-9	4053-4054	,	_	_	_	
21-10	4055-4059	plus	_	_	_	
21-11	4060-4069	voluptèux	_	_	_	
21-12	4070-4073	que	_	_	_	
21-13	4074-4078	nous	_	_	_	
21-14	4079-4080	,	_	_	_	
21-15	4081-4092	répandaient	_	_	_	
21-16	4093-4096	sur	_	_	_	
21-17	4097-4102	leurs	_	_	_	
21-18	4103-4110	cheveux	Odour\_Carrier	_	_	
21-19	4111-4112	,	_	_	_	
21-20	4113-4116	Sur	_	_	_	
21-21	4116-4117	.	_	_	_	
21-22	4118-4122	tout	_	_	_	
21-23	4123-4124	"	_	_	_	
21-24	4124-4128	leur	_	_	_	
21-25	4129-4134	corps	Odour\_Carrier	_	_	
21-26	4135-4136	,	_	_	_	
21-27	4137-4139	de	_	_	_	
21-28	4140-4146	sàuves	Quality	_	_	
21-29	4147-4154	parfums	Smell\_Word	*|*|*|*	21-1[3_0]|21-18|21-28|21-25	
21-30	4154-4155	.	_	_	_	

#Text=Dites, hommes délicats essensuéls , n'est -elle pas préférable, l'Odeur de l'ambre , du jasmin i dè là rose , à celle du tabac?
22-1	4156-4161	Dites	_	_	_	
22-2	4161-4162	,	_	_	_	
22-3	4163-4169	hommes	Perceiver[4]	_	_	
22-4	4170-4178	délicats	Perceiver[4]	_	_	
22-5	4179-4189	essensuéls	Perceiver[4]	_	_	
22-6	4190-4191	,	_	_	_	
22-7	4192-4197	n'est	_	_	_	
22-8	4198-4199	-	_	_	_	
22-9	4199-4203	elle	_	_	_	
22-10	4204-4207	pas	_	_	_	
22-11	4208-4218	préférable	Quality	_	_	
22-12	4218-4219	,	_	_	_	
22-13	4220-4227	l'Odeur	Smell\_Word	Anaphoric|*|*|*|*	22-25|22-18|22-15|22-11|22-3[4_0]	
22-14	4228-4230	de	_	_	_	
22-15	4231-4238	l'ambre	Smell\_Source	_	_	
22-16	4239-4240	,	_	_	_	
22-17	4241-4243	du	_	_	_	
22-18	4244-4250	jasmin	Smell\_Source	_	_	
22-19	4251-4252	i	_	_	_	
22-20	4253-4255	dè	_	_	_	
22-21	4256-4258	là	_	_	_	
22-22	4259-4263	rose	_	_	_	
22-23	4264-4265	,	_	_	_	
22-24	4266-4267	à	_	_	_	
22-25	4268-4273	celle	Smell\_Word	*	22-27	
22-26	4274-4276	du	_	_	_	
22-27	4277-4282	tabac	Smell\_Source	_	_	
22-28	4282-4283	?	_	_	_	

#Text=Pourquoî donc vous-obstinéz votis à savourer ‘Sans cessé l'odeur âcre et pénétrante' d'tine plante Vénéneuse ?
23-1	4284-4292	Pourquoî	_	_	_	
23-2	4293-4297	donc	_	_	_	
23-3	4298-4311	vous-obstinéz	Perceiver	_	_	
23-4	4312-4317	votis	_	_	_	
23-5	4318-4319	à	_	_	_	
23-6	4320-4328	savourer	_	_	_	
23-7	4329-4330	‘	_	_	_	
23-8	4330-4334	Sans	_	_	_	
23-9	4335-4340	cessé	_	_	_	
23-10	4341-4348	l'odeur	Smell\_Word	*|*|*|*	23-16[5_0]|23-11|23-13|23-3	
23-11	4349-4353	âcre	Quality	_	_	
23-12	4354-4356	et	_	_	_	
23-13	4357-4367	pénétrante	Quality	_	_	
23-14	4367-4368	'	_	_	_	
23-15	4369-4375	d'tine	_	_	_	
23-16	4376-4382	plante	Smell\_Source[5]	_	_	
23-17	4383-4392	Vénéneuse	Smell\_Source[5]	_	_	
23-18	4393-4394	?	_	_	_	

#Text=' Oui vénéneuse, puisque prisé intérieurement, et meme à une dôse assez peu forte, elle pourrait donner la mort. •
#Text=
#Text=Est-il moins absurde d'user de la füméedé cêffe platire, d'én remplir sa bouche , par i xehlpîe , point la fendre ensuite à l'air V Vous répondrez: cette fumée, en irritant nos nerfs , nous procure une demi - ivresse , et dans les illoïnens. de stupeur et d'ennui, nous avertir de notre existence. — Ah !
24-1	4395-4396	'	_	_	_	
24-2	4397-4400	Oui	_	_	_	
24-3	4401-4410	vénéneuse	_	_	_	
24-4	4410-4411	,	_	_	_	
24-5	4412-4419	puisque	_	_	_	
24-6	4420-4425	prisé	_	_	_	
24-7	4426-4440	intérieurement	_	_	_	
24-8	4440-4441	,	_	_	_	
24-9	4442-4444	et	_	_	_	
24-10	4445-4449	meme	_	_	_	
24-11	4450-4451	à	_	_	_	
24-12	4452-4455	une	_	_	_	
24-13	4456-4460	dôse	_	_	_	
24-14	4461-4466	assez	_	_	_	
24-15	4467-4470	peu	_	_	_	
24-16	4471-4476	forte	_	_	_	
24-17	4476-4477	,	_	_	_	
24-18	4478-4482	elle	_	_	_	
24-19	4483-4491	pourrait	_	_	_	
24-20	4492-4498	donner	_	_	_	
24-21	4499-4501	la	_	_	_	
24-22	4502-4506	mort	_	_	_	
24-23	4506-4507	.	_	_	_	
24-24	4508-4509	•	_	_	_	
24-25	4511-4517	Est-il	_	_	_	
24-26	4518-4523	moins	_	_	_	
24-27	4524-4531	absurde	_	_	_	
24-28	4532-4538	d'user	_	_	_	
24-29	4539-4541	de	_	_	_	
24-30	4542-4544	la	_	_	_	
24-31	4545-4552	füméedé	_	_	_	
24-32	4553-4558	cêffe	_	_	_	
24-33	4559-4566	platire	_	_	_	
24-34	4566-4567	,	_	_	_	
24-35	4568-4572	d'én	_	_	_	
24-36	4573-4580	remplir	_	_	_	
24-37	4581-4583	sa	_	_	_	
24-38	4584-4590	bouche	_	_	_	
24-39	4591-4592	,	_	_	_	
24-40	4593-4596	par	_	_	_	
24-41	4597-4598	i	_	_	_	
24-42	4599-4606	xehlpîe	_	_	_	
24-43	4607-4608	,	_	_	_	
24-44	4609-4614	point	_	_	_	
24-45	4615-4617	la	_	_	_	
24-46	4618-4624	fendre	_	_	_	
24-47	4625-4632	ensuite	_	_	_	
24-48	4633-4634	à	_	_	_	
24-49	4635-4640	l'air	_	_	_	
24-50	4641-4642	V	_	_	_	
24-51	4643-4647	Vous	_	_	_	
24-52	4648-4657	répondrez	_	_	_	
24-53	4657-4658	:	_	_	_	
24-54	4659-4664	cette	_	_	_	
24-55	4665-4670	fumée	_	_	_	
24-56	4670-4671	,	_	_	_	
24-57	4672-4674	en	_	_	_	
24-58	4675-4683	irritant	_	_	_	
24-59	4684-4687	nos	_	_	_	
24-60	4688-4693	nerfs	_	_	_	
24-61	4694-4695	,	_	_	_	
24-62	4696-4700	nous	_	_	_	
24-63	4701-4708	procure	_	_	_	
24-64	4709-4712	une	_	_	_	
24-65	4713-4717	demi	_	_	_	
24-66	4718-4719	-	_	_	_	
24-67	4720-4727	ivresse	_	_	_	
24-68	4728-4729	,	_	_	_	
24-69	4730-4732	et	_	_	_	
24-70	4733-4737	dans	_	_	_	
24-71	4738-4741	les	_	_	_	
24-72	4742-4751	illoïnens	_	_	_	
24-73	4751-4752	.	_	_	_	
24-74	4753-4755	de	_	_	_	
24-75	4756-4763	stupeur	_	_	_	
24-76	4764-4766	et	_	_	_	
24-77	4767-4774	d'ennui	_	_	_	
24-78	4774-4775	,	_	_	_	
24-79	4776-4780	nous	_	_	_	
24-80	4781-4788	avertir	_	_	_	
24-81	4789-4791	de	_	_	_	
24-82	4792-4797	notre	_	_	_	
24-83	4798-4807	existence	_	_	_	
24-84	4807-4808	.	_	_	_	
24-85	4809-4810	—	_	_	_	
24-86	4811-4813	Ah	_	_	_	
24-87	4814-4815	!	_	_	_	

#Text=qui'éllé est donc à plaindre , h Condition de l'homme, $i, pour sentir qu'il vit, il lui faut chercher à sortir de son état naturel si ,, pour être plus liëürèux , il faut qu'il perde Sa raison.
25-1	4816-4824	qui'éllé	_	_	_	
25-2	4825-4828	est	_	_	_	
25-3	4829-4833	donc	_	_	_	
25-4	4834-4835	à	_	_	_	
25-5	4836-4844	plaindre	_	_	_	
25-6	4845-4846	,	_	_	_	
25-7	4847-4848	h	_	_	_	
25-8	4849-4858	Condition	_	_	_	
25-9	4859-4861	de	_	_	_	
25-10	4862-4869	l'homme	_	_	_	
25-11	4869-4870	,	_	_	_	
25-12	4871-4872	$	_	_	_	
25-13	4872-4873	i	_	_	_	
25-14	4873-4874	,	_	_	_	
25-15	4875-4879	pour	_	_	_	
25-16	4880-4886	sentir	_	_	_	
25-17	4887-4892	qu'il	_	_	_	
25-18	4893-4896	vit	_	_	_	
25-19	4896-4897	,	_	_	_	
25-20	4898-4900	il	_	_	_	
25-21	4901-4904	lui	_	_	_	
25-22	4905-4909	faut	_	_	_	
25-23	4910-4918	chercher	_	_	_	
25-24	4919-4920	à	_	_	_	
25-25	4921-4927	sortir	_	_	_	
25-26	4928-4930	de	_	_	_	
25-27	4931-4934	son	_	_	_	
25-28	4935-4939	état	_	_	_	
25-29	4940-4947	naturel	_	_	_	
25-30	4948-4950	si	_	_	_	
25-31	4951-4952	,	_	_	_	
25-32	4952-4953	,	_	_	_	
25-33	4954-4958	pour	_	_	_	
25-34	4959-4963	être	_	_	_	
25-35	4964-4968	plus	_	_	_	
25-36	4969-4977	liëürèux	_	_	_	
25-37	4978-4979	,	_	_	_	
25-38	4980-4982	il	_	_	_	
25-39	4983-4987	faut	_	_	_	
25-40	4988-4993	qu'il	_	_	_	
25-41	4994-4999	perde	_	_	_	
25-42	5000-5002	Sa	_	_	_	
25-43	5003-5009	raison	_	_	_	
25-44	5009-5010	.	_	_	_	

#Text=Mais , ou je nie trompe , ou U existe des moyens, plus naturels de se procurer cétte seCûUsSe , Cette ivresse si désirée.
26-1	5011-5015	Mais	_	_	_	
26-2	5016-5017	,	_	_	_	
26-3	5018-5020	ou	_	_	_	
26-4	5021-5023	je	_	_	_	
26-5	5024-5027	nie	_	_	_	
26-6	5028-5034	trompe	_	_	_	
26-7	5035-5036	,	_	_	_	
26-8	5037-5039	ou	_	_	_	
26-9	5040-5041	U	_	_	_	
26-10	5042-5048	existe	_	_	_	
26-11	5049-5052	des	_	_	_	
26-12	5053-5059	moyens	_	_	_	
26-13	5059-5060	,	_	_	_	
26-14	5061-5065	plus	_	_	_	
26-15	5066-5074	naturels	_	_	_	
26-16	5075-5077	de	_	_	_	
26-17	5078-5080	se	_	_	_	
26-18	5081-5089	procurer	_	_	_	
26-19	5090-5095	cétte	_	_	_	
26-20	5096-5104	seCûUsSe	_	_	_	
26-21	5105-5106	,	_	_	_	
26-22	5107-5112	Cette	_	_	_	
26-23	5113-5120	ivresse	_	_	_	
26-24	5121-5123	si	_	_	_	
26-25	5124-5131	désirée	_	_	_	
26-26	5131-5132	.	_	_	_	
