#FORMAT=WebAnno TSV 3.3


#Text=vruchteloos waren de aengebodene belooningen van zijne vrienden;
#Text=
#Text=niemand durvde zich, schoon door het goud bekoord, in het gevaer werpen, 't welk
#Text=onvermijdelijk den dood scheen te vergezellen;
#Text=men trekt hem
#Text=
#Text=Vaderlandsche Letteroefeningen Jaargang 1777
#Text=
#Text=
#Text=\f608
#Text=verstijvd uit het water;
#Text=men brengt hem bij Criton en Sophronia, zijne teergelievde
#Text=ouders; wier gevoelige ontroering, wier beklaegelijken toestand men beter kan
#Text=bezeffen dan uitdrukken.
1-1	2-13	vruchteloos	
1-2	14-19	waren	
1-3	20-22	de	
1-4	23-34	aengebodene	
1-5	35-46	belooningen	
1-6	47-50	van	
1-7	51-56	zijne	
1-8	57-65	vrienden	
1-9	65-66	;	
1-10	68-75	niemand	
1-11	76-82	durvde	
1-12	83-87	zich	
1-13	87-88	,	
1-14	89-95	schoon	
1-15	96-100	door	
1-16	101-104	het	
1-17	105-109	goud	
1-18	110-117	bekoord	
1-19	117-118	,	
1-20	119-121	in	
1-21	122-125	het	
1-22	126-132	gevaer	
1-23	133-139	werpen	
1-24	139-140	,	
1-25	141-142	'	
1-26	142-143	t	
1-27	144-148	welk	
1-28	149-163	onvermijdelijk	
1-29	164-167	den	
1-30	168-172	dood	
1-31	173-179	scheen	
1-32	180-182	te	
1-33	183-194	vergezellen	
1-34	194-195	;	
1-35	196-199	men	
1-36	200-205	trekt	
1-37	206-209	hem	
1-38	211-224	Vaderlandsche	
1-39	225-241	Letteroefeningen	
1-40	242-250	Jaargang	
1-41	251-255	1777	
1-42	259-262	608	
1-43	263-272	verstijvd	
1-44	273-276	uit	
1-45	277-280	het	
1-46	281-286	water	
1-47	286-287	;	
1-48	288-291	men	
1-49	292-298	brengt	
1-50	299-302	hem	
1-51	303-306	bij	
1-52	307-313	Criton	
1-53	314-316	en	
1-54	317-326	Sophronia	
1-55	326-327	,	
1-56	328-333	zijne	
1-57	334-346	teergelievde	
1-58	347-353	ouders	
1-59	353-354	;	
1-60	355-359	wier	
1-61	360-369	gevoelige	
1-62	370-380	ontroering	
1-63	380-381	,	
1-64	382-386	wier	
1-65	387-401	beklaegelijken	
1-66	402-410	toestand	
1-67	411-414	men	
1-68	415-420	beter	
1-69	421-424	kan	
1-70	425-433	bezeffen	
1-71	434-437	dan	
1-72	438-448	uitdrukken	
1-73	448-449	.	

#Text=Sophronia viel op het koude lijk van haeren Zoon in onmacht;
#Text=Criton sloeg
#Text=spraekeloos zijne ogen op ten hemel;
#Text=zijn wanhopig gelaet vertoonde de grievenste
#Text=smarte, die, in zijne angstbaerende wezenstrekken, op het levendigste afmaelde
#Text=de hevigste hartstogten, welke zijne ontroerde ziel beknelden;
#Text=hij wringt zijne handen;
#Text=
#Text=slaet op zijnen boezem;
#Text=en gilt eindelijk zijne bittere jammerklagten uit, die de lucht
#Text=doen weergalmen.
#Text=“
#Text=Charites!...
2-1	451-460	Sophronia	
2-2	461-465	viel	
2-3	466-468	op	
2-4	469-472	het	
2-5	473-478	koude	
2-6	479-483	lijk	
2-7	484-487	van	
2-8	488-494	haeren	
2-9	495-499	Zoon	
2-10	500-502	in	
2-11	503-510	onmacht	
2-12	510-511	;	
2-13	512-518	Criton	
2-14	519-524	sloeg	
2-15	525-536	spraekeloos	
2-16	537-542	zijne	
2-17	543-547	ogen	
2-18	548-550	op	
2-19	551-554	ten	
2-20	555-560	hemel	
2-21	560-561	;	
2-22	562-566	zijn	
2-23	567-575	wanhopig	
2-24	576-582	gelaet	
2-25	583-592	vertoonde	
2-26	593-595	de	
2-27	596-606	grievenste	
2-28	607-613	smarte	
2-29	613-614	,	
2-30	615-618	die	
2-31	618-619	,	
2-32	620-622	in	
2-33	623-628	zijne	
2-34	629-642	angstbaerende	
2-35	643-656	wezenstrekken	
2-36	656-657	,	
2-37	658-660	op	
2-38	661-664	het	
2-39	665-676	levendigste	
2-40	677-685	afmaelde	
2-41	686-688	de	
2-42	689-697	hevigste	
2-43	698-709	hartstogten	
2-44	709-710	,	
2-45	711-716	welke	
2-46	717-722	zijne	
2-47	723-732	ontroerde	
2-48	733-737	ziel	
2-49	738-747	beknelden	
2-50	747-748	;	
2-51	749-752	hij	
2-52	753-759	wringt	
2-53	760-765	zijne	
2-54	766-772	handen	
2-55	772-773	;	
2-56	775-780	slaet	
2-57	781-783	op	
2-58	784-790	zijnen	
2-59	791-797	boezem	
2-60	797-798	;	
2-61	799-801	en	
2-62	802-806	gilt	
2-63	807-816	eindelijk	
2-64	817-822	zijne	
2-65	823-830	bittere	
2-66	831-844	jammerklagten	
2-67	845-848	uit	
2-68	848-849	,	
2-69	850-853	die	
2-70	854-856	de	
2-71	857-862	lucht	
2-72	863-867	doen	
2-73	868-878	weergalmen	
2-74	878-879	.	
2-75	880-881	“	
2-76	882-890	Charites	
2-77	890-891	!	
2-78	891-892	.	
2-79	892-893	.	
2-80	893-894	.	

#Text=mijn eniggeboorne!..
3-1	895-899	mijn	
3-2	900-912	eniggeboorne	
3-3	912-913	!	
3-4	913-914	.	
3-5	914-915	.	

#Text=Charites!
4-1	916-924	Charites	
4-2	924-925	!	

#Text=... ontwaek Charites!
5-1	926-927	.	
5-2	927-928	.	
5-3	928-929	.	
5-4	930-937	ontwaek	
5-5	938-946	Charites	
5-6	946-947	!	

#Text=antwoord
#Text=uwen troosteloozen
#Text=Vader!
6-1	949-957	antwoord	
6-2	958-962	uwen	
6-3	963-976	troosteloozen	
6-4	977-982	Vader	
6-5	982-983	!	

#Text=verdryv de droevheid, die mijn hart beklemt,
#Text=die mijne ziele verscheurt....
7-1	984-991	verdryv	
7-2	992-994	de	
7-3	995-1004	droevheid	
7-4	1004-1005	,	
7-5	1006-1009	die	
7-6	1010-1014	mijn	
7-7	1015-1019	hart	
7-8	1020-1027	beklemt	
7-9	1027-1028	,	
7-10	1029-1032	die	
7-11	1033-1038	mijne	
7-12	1039-1044	ziele	
7-13	1045-1055	verscheurt	
7-14	1055-1056	.	
7-15	1056-1057	.	
7-16	1057-1058	.	
7-17	1058-1059	.	

#Text=Charites!...
8-1	1060-1068	Charites	
8-2	1068-1069	!	
8-3	1069-1070	.	
8-4	1070-1071	.	
8-5	1071-1072	.	
