{"_context" : {
    "_types" : {
      "DocumentMetaData" : {
        "_feature_types" : {"sofa" : "_ref" } }, 
      "Relation" : {
        "_feature_types" : {"sofa" : "_ref",  "Dependent" : "_ref",  "Governor" : "_ref" } }, 
      "Sentence" : {
        "_feature_types" : {"sofa" : "_ref" } }, 
      "Sofa" : {
        "_feature_types" : {"sofaArray" : "_ref" } }, 
      "Span" : {
        "_feature_types" : {"sofa" : "_ref" } }, 
      "TagsetDescription" : {
        "_feature_types" : {"sofa" : "_ref",  "tags" : "_ref" } }, 
      "Token" : {
        "_feature_types" : {"sofa" : "_ref",  "parent" : "_ref",  "lemma" : "_ref",  "stem" : "_ref",  "pos" : "_ref",  "morph" : "_ref",  "form" : "_ref" } }, 
      "DocumentAnnotation" : {
        "_feature_types" : {"sofa" : "_ref" }, 
        "_subtypes" : ["DocumentMetaData" ] }, 
      "Annotation" : {
        "_feature_types" : {"sofa" : "_ref" }, 
        "_subtypes" : ["DocumentAnnotation",  "Relation",  "Sentence",  "Span",  "TagsetDescription",  "Token" ] }, 
      "AnnotationBase" : {
        "_feature_types" : {"sofa" : "_ref" }, 
        "_subtypes" : ["Annotation" ] }, 
      "TOP" : {
        "_subtypes" : ["AnnotationBase",  "Sofa" ] } } }, 
  "_views" : {
    "_InitialView" : {
      "Relation" : [
        {"sofa" : 1,  "begin" : 94,  "end" : 102,  "Dependent" : 4638,  "Governor" : 4653 }, 
        {"sofa" : 1,  "begin" : 94,  "end" : 102,  "Dependent" : 4638,  "Governor" : 4648 }, 
        {"sofa" : 1,  "begin" : 94,  "end" : 102,  "Dependent" : 4638,  "Governor" : 4643 }, 
        {"sofa" : 1,  "begin" : 1164,  "end" : 1167,  "Dependent" : 4684,  "Governor" : 4708,  "label" : "Anaphoric" }, 
        {"sofa" : 1,  "begin" : 1189,  "end" : 1194,  "Dependent" : 4679,  "Governor" : 4689 }, 
        {"sofa" : 1,  "begin" : 1189,  "end" : 1194,  "Dependent" : 4679,  "Governor" : 4684 }, 
        {"sofa" : 1,  "begin" : 1465,  "end" : 1470,  "Dependent" : 4720,  "Governor" : 4725 }, 
        {"sofa" : 1,  "begin" : 1583,  "end" : 1589,  "Dependent" : 4742,  "Governor" : 4737 }, 
        {"sofa" : 1,  "begin" : 1583,  "end" : 1589,  "Dependent" : 4742,  "Governor" : 4795 }, 
        {"sofa" : 1,  "begin" : 1583,  "end" : 1589,  "Dependent" : 4742,  "Governor" : 4812 }, 
        {"sofa" : 1,  "begin" : 1583,  "end" : 1589,  "Dependent" : 4742,  "Governor" : 4807 }, 
        {"sofa" : 1,  "begin" : 1591,  "end" : 1594,  "Dependent" : 4759,  "Governor" : 4764,  "label" : "Anaphoric" }, 
        {"sofa" : 1,  "begin" : 1591,  "end" : 1594,  "Dependent" : 4759,  "Governor" : 4769,  "label" : "Anaphoric" }, 
        {"sofa" : 1,  "begin" : 1613,  "end" : 1618,  "Dependent" : 4754,  "Governor" : 4759 } ], 
      "Span" : [4643,  4648,  4653,  4638,  4708,  4684,  4689,  4679,  4725,  4720,  4764,  4769,  4795,  4807,  4812,  4737,  4742,  4759,  4754 ], 
      "DocumentMetaData" : [
        {"sofa" : 1,  "end" : 1644,  "language" : "x-unspecified",  "documentTitle" : "062E%20William%20Salmon%201672%20Polygraphice__205_distribution_PER.txt",  "documentId" : "teresa",  "documentUri" : "file:/home/dhuser/alessio/inception/repository/project/29/document/8712/source/teresa",  "collectionId" : "file:/home/dhuser/alessio/inception/repository/project/29/document/8712/source/",  "documentBaseUri" : "file:/home/dhuser/alessio/inception/repository/project/29/document/8712/source/",  "isLastSegment" : false } ], 
      "TagsetDescription" : [
        {"sofa" : 1,  "layer" : "webanno.custom.Emotions",  "name" : "Emotion Labels",  "input" : false }, 
        {"sofa" : 1,  "layer" : "custom.Relation",  "name" : "Relation labels",  "input" : false }, 
        {"sofa" : 1,  "layer" : "custom.Span",  "name" : "Smell labels",  "input" : false } ], 
      "Sentence" : [
        {"sofa" : 1,  "begin" : 2,  "end" : 7 }, 
        {"sofa" : 1,  "begin" : 8,  "end" : 12 }, 
        {"sofa" : 1,  "begin" : 13,  "end" : 64 }, 
        {"sofa" : 1,  "begin" : 66,  "end" : 243 }, 
        {"sofa" : 1,  "begin" : 245,  "end" : 247 }, 
        {"sofa" : 1,  "begin" : 248,  "end" : 727 }, 
        {"sofa" : 1,  "begin" : 729,  "end" : 732 }, 
        {"sofa" : 1,  "begin" : 733,  "end" : 887 }, 
        {"sofa" : 1,  "begin" : 888,  "end" : 948 }, 
        {"sofa" : 1,  "begin" : 950,  "end" : 954 }, 
        {"sofa" : 1,  "begin" : 955,  "end" : 1101 }, 
        {"sofa" : 1,  "begin" : 1102,  "end" : 1195 }, 
        {"sofa" : 1,  "begin" : 1197,  "end" : 1200 }, 
        {"sofa" : 1,  "begin" : 1201,  "end" : 1289 }, 
        {"sofa" : 1,  "begin" : 1291,  "end" : 1293 }, 
        {"sofa" : 1,  "begin" : 1294,  "end" : 1439 }, 
        {"sofa" : 1,  "begin" : 1441,  "end" : 1444 }, 
        {"sofa" : 1,  "begin" : 1445,  "end" : 1495 }, 
        {"sofa" : 1,  "begin" : 1497,  "end" : 1642 } ], 
      "Token" : [
        {"sofa" : 1,  "begin" : 2,  "end" : 6 }, 
        {"sofa" : 1,  "begin" : 6,  "end" : 7 }, 
        {"sofa" : 1,  "begin" : 8,  "end" : 11 }, 
        {"sofa" : 1,  "begin" : 11,  "end" : 12 }, 
        {"sofa" : 1,  "begin" : 13,  "end" : 15 }, 
        {"sofa" : 1,  "begin" : 16,  "end" : 19 }, 
        {"sofa" : 1,  "begin" : 20,  "end" : 32 }, 
        {"sofa" : 1,  "begin" : 33,  "end" : 35 }, 
        {"sofa" : 1,  "begin" : 36,  "end" : 40 }, 
        {"sofa" : 1,  "begin" : 40,  "end" : 41 }, 
        {"sofa" : 1,  "begin" : 42,  "end" : 47 }, 
        {"sofa" : 1,  "begin" : 48,  "end" : 51 }, 
        {"sofa" : 1,  "begin" : 52,  "end" : 63 }, 
        {"sofa" : 1,  "begin" : 63,  "end" : 64 }, 
        {"sofa" : 1,  "begin" : 66,  "end" : 68 }, 
        {"sofa" : 1,  "begin" : 69,  "end" : 75 }, 
        {"sofa" : 1,  "begin" : 76,  "end" : 80 }, 
        {"sofa" : 1,  "begin" : 81,  "end" : 86 }, 
        {"sofa" : 1,  "begin" : 87,  "end" : 93 }, 
        {"sofa" : 1,  "begin" : 94,  "end" : 102 }, 
        {"sofa" : 1,  "begin" : 103,  "end" : 106 }, 
        {"sofa" : 1,  "begin" : 107,  "end" : 112 }, 
        {"sofa" : 1,  "begin" : 113,  "end" : 124 }, 
        {"sofa" : 1,  "begin" : 125,  "end" : 127 }, 
        {"sofa" : 1,  "begin" : 128,  "end" : 141 }, 
        {"sofa" : 1,  "begin" : 141,  "end" : 142 }, 
        {"sofa" : 1,  "begin" : 143,  "end" : 145 }, 
        {"sofa" : 1,  "begin" : 146,  "end" : 151 }, 
        {"sofa" : 1,  "begin" : 152,  "end" : 154 }, 
        {"sofa" : 1,  "begin" : 155,  "end" : 158 }, 
        {"sofa" : 1,  "begin" : 159,  "end" : 168 }, 
        {"sofa" : 1,  "begin" : 169,  "end" : 171 }, 
        {"sofa" : 1,  "begin" : 172,  "end" : 180 }, 
        {"sofa" : 1,  "begin" : 181,  "end" : 184 }, 
        {"sofa" : 1,  "begin" : 185,  "end" : 190 }, 
        {"sofa" : 1,  "begin" : 190,  "end" : 191 }, 
        {"sofa" : 1,  "begin" : 192,  "end" : 196 }, 
        {"sofa" : 1,  "begin" : 197,  "end" : 200 }, 
        {"sofa" : 1,  "begin" : 201,  "end" : 206 }, 
        {"sofa" : 1,  "begin" : 207,  "end" : 215 }, 
        {"sofa" : 1,  "begin" : 216,  "end" : 223 }, 
        {"sofa" : 1,  "begin" : 224,  "end" : 230 }, 
        {"sofa" : 1,  "begin" : 231,  "end" : 237 }, 
        {"sofa" : 1,  "begin" : 238,  "end" : 242 }, 
        {"sofa" : 1,  "begin" : 242,  "end" : 243 }, 
        {"sofa" : 1,  "begin" : 245,  "end" : 246 }, 
        {"sofa" : 1,  "begin" : 246,  "end" : 247 }, 
        {"sofa" : 1,  "begin" : 248,  "end" : 252 }, 
        {"sofa" : 1,  "begin" : 253,  "end" : 255 }, 
        {"sofa" : 1,  "begin" : 256,  "end" : 261 }, 
        {"sofa" : 1,  "begin" : 262,  "end" : 273 }, 
        {"sofa" : 1,  "begin" : 274,  "end" : 276 }, 
        {"sofa" : 1,  "begin" : 277,  "end" : 283 }, 
        {"sofa" : 1,  "begin" : 284,  "end" : 291 }, 
        {"sofa" : 1,  "begin" : 291,  "end" : 292 }, 
        {"sofa" : 1,  "begin" : 293,  "end" : 297 }, 
        {"sofa" : 1,  "begin" : 297,  "end" : 298 }, 
        {"sofa" : 1,  "begin" : 299,  "end" : 307 }, 
        {"sofa" : 1,  "begin" : 307,  "end" : 308 }, 
        {"sofa" : 1,  "begin" : 309,  "end" : 315 }, 
        {"sofa" : 1,  "begin" : 315,  "end" : 316 }, 
        {"sofa" : 1,  "begin" : 317,  "end" : 326 }, 
        {"sofa" : 1,  "begin" : 327,  "end" : 329 }, 
        {"sofa" : 1,  "begin" : 330,  "end" : 334 }, 
        {"sofa" : 1,  "begin" : 335,  "end" : 340 }, 
        {"sofa" : 1,  "begin" : 341,  "end" : 343 }, 
        {"sofa" : 1,  "begin" : 344,  "end" : 345 }, 
        {"sofa" : 1,  "begin" : 346,  "end" : 350 }, 
        {"sofa" : 1,  "begin" : 351,  "end" : 353 }, 
        {"sofa" : 1,  "begin" : 354,  "end" : 364 }, 
        {"sofa" : 1,  "begin" : 365,  "end" : 371 }, 
        {"sofa" : 1,  "begin" : 372,  "end" : 376 }, 
        {"sofa" : 1,  "begin" : 377,  "end" : 381 }, 
        {"sofa" : 1,  "begin" : 382,  "end" : 387 }, 
        {"sofa" : 1,  "begin" : 388,  "end" : 390 }, 
        {"sofa" : 1,  "begin" : 391,  "end" : 399 }, 
        {"sofa" : 1,  "begin" : 399,  "end" : 400 }, 
        {"sofa" : 1,  "begin" : 401,  "end" : 404 }, 
        {"sofa" : 1,  "begin" : 405,  "end" : 409 }, 
        {"sofa" : 1,  "begin" : 410,  "end" : 415 }, 
        {"sofa" : 1,  "begin" : 416,  "end" : 418 }, 
        {"sofa" : 1,  "begin" : 419,  "end" : 422 }, 
        {"sofa" : 1,  "begin" : 423,  "end" : 426 }, 
        {"sofa" : 1,  "begin" : 426,  "end" : 427 }, 
        {"sofa" : 1,  "begin" : 428,  "end" : 432 }, 
        {"sofa" : 1,  "begin" : 433,  "end" : 439 }, 
        {"sofa" : 1,  "begin" : 440,  "end" : 445 }, 
        {"sofa" : 1,  "begin" : 445,  "end" : 446 }, 
        {"sofa" : 1,  "begin" : 447,  "end" : 450 }, 
        {"sofa" : 1,  "begin" : 451,  "end" : 460 }, 
        {"sofa" : 1,  "begin" : 461,  "end" : 465 }, 
        {"sofa" : 1,  "begin" : 466,  "end" : 470 }, 
        {"sofa" : 1,  "begin" : 471,  "end" : 476 }, 
        {"sofa" : 1,  "begin" : 477,  "end" : 483 }, 
        {"sofa" : 1,  "begin" : 484,  "end" : 487 }, 
        {"sofa" : 1,  "begin" : 488,  "end" : 497 }, 
        {"sofa" : 1,  "begin" : 498,  "end" : 501 }, 
        {"sofa" : 1,  "begin" : 502,  "end" : 506 }, 
        {"sofa" : 1,  "begin" : 507,  "end" : 511 }, 
        {"sofa" : 1,  "begin" : 512,  "end" : 517 }, 
        {"sofa" : 1,  "begin" : 518,  "end" : 520 }, 
        {"sofa" : 1,  "begin" : 521,  "end" : 524 }, 
        {"sofa" : 1,  "begin" : 525,  "end" : 530 }, 
        {"sofa" : 1,  "begin" : 530,  "end" : 531 }, 
        {"sofa" : 1,  "begin" : 532,  "end" : 538 }, 
        {"sofa" : 1,  "begin" : 539,  "end" : 541 }, 
        {"sofa" : 1,  "begin" : 542,  "end" : 546 }, 
        {"sofa" : 1,  "begin" : 547,  "end" : 548 }, 
        {"sofa" : 1,  "begin" : 549,  "end" : 556 }, 
        {"sofa" : 1,  "begin" : 557,  "end" : 561 }, 
        {"sofa" : 1,  "begin" : 562,  "end" : 564 }, 
        {"sofa" : 1,  "begin" : 565,  "end" : 569 }, 
        {"sofa" : 1,  "begin" : 570,  "end" : 574 }, 
        {"sofa" : 1,  "begin" : 575,  "end" : 577 }, 
        {"sofa" : 1,  "begin" : 578,  "end" : 588 }, 
        {"sofa" : 1,  "begin" : 589,  "end" : 592 }, 
        {"sofa" : 1,  "begin" : 593,  "end" : 599 }, 
        {"sofa" : 1,  "begin" : 600,  "end" : 604 }, 
        {"sofa" : 1,  "begin" : 605,  "end" : 609 }, 
        {"sofa" : 1,  "begin" : 610,  "end" : 615 }, 
        {"sofa" : 1,  "begin" : 615,  "end" : 616 }, 
        {"sofa" : 1,  "begin" : 617,  "end" : 621 }, 
        {"sofa" : 1,  "begin" : 622,  "end" : 630 }, 
        {"sofa" : 1,  "begin" : 631,  "end" : 634 }, 
        {"sofa" : 1,  "begin" : 635,  "end" : 639 }, 
        {"sofa" : 1,  "begin" : 640,  "end" : 644 }, 
        {"sofa" : 1,  "begin" : 645,  "end" : 652 }, 
        {"sofa" : 1,  "begin" : 653,  "end" : 658 }, 
        {"sofa" : 1,  "begin" : 658,  "end" : 659 }, 
        {"sofa" : 1,  "begin" : 660,  "end" : 663 }, 
        {"sofa" : 1,  "begin" : 664,  "end" : 671 }, 
        {"sofa" : 1,  "begin" : 672,  "end" : 676 }, 
        {"sofa" : 1,  "begin" : 677,  "end" : 679 }, 
        {"sofa" : 1,  "begin" : 680,  "end" : 683 }, 
        {"sofa" : 1,  "begin" : 684,  "end" : 688 }, 
        {"sofa" : 1,  "begin" : 689,  "end" : 691 }, 
        {"sofa" : 1,  "begin" : 692,  "end" : 693 }, 
        {"sofa" : 1,  "begin" : 694,  "end" : 698 }, 
        {"sofa" : 1,  "begin" : 698,  "end" : 699 }, 
        {"sofa" : 1,  "begin" : 700,  "end" : 705 }, 
        {"sofa" : 1,  "begin" : 706,  "end" : 711 }, 
        {"sofa" : 1,  "begin" : 712,  "end" : 717 }, 
        {"sofa" : 1,  "begin" : 718,  "end" : 721 }, 
        {"sofa" : 1,  "begin" : 722,  "end" : 726 }, 
        {"sofa" : 1,  "begin" : 726,  "end" : 727 }, 
        {"sofa" : 1,  "begin" : 729,  "end" : 731 }, 
        {"sofa" : 1,  "begin" : 731,  "end" : 732 }, 
        {"sofa" : 1,  "begin" : 733,  "end" : 739 }, 
        {"sofa" : 1,  "begin" : 740,  "end" : 750 }, 
        {"sofa" : 1,  "begin" : 751,  "end" : 753 }, 
        {"sofa" : 1,  "begin" : 754,  "end" : 758 }, 
        {"sofa" : 1,  "begin" : 758,  "end" : 759 }, 
        {"sofa" : 1,  "begin" : 760,  "end" : 762 }, 
        {"sofa" : 1,  "begin" : 763,  "end" : 770 }, 
        {"sofa" : 1,  "begin" : 771,  "end" : 774 }, 
        {"sofa" : 1,  "begin" : 775,  "end" : 779 }, 
        {"sofa" : 1,  "begin" : 780,  "end" : 784 }, 
        {"sofa" : 1,  "begin" : 785,  "end" : 789 }, 
        {"sofa" : 1,  "begin" : 790,  "end" : 795 }, 
        {"sofa" : 1,  "begin" : 796,  "end" : 801 }, 
        {"sofa" : 1,  "begin" : 801,  "end" : 802 }, 
        {"sofa" : 1,  "begin" : 803,  "end" : 806 }, 
        {"sofa" : 1,  "begin" : 807,  "end" : 808 }, 
        {"sofa" : 1,  "begin" : 809,  "end" : 815 }, 
        {"sofa" : 1,  "begin" : 816,  "end" : 823 }, 
        {"sofa" : 1,  "begin" : 824,  "end" : 829 }, 
        {"sofa" : 1,  "begin" : 829,  "end" : 830 }, 
        {"sofa" : 1,  "begin" : 831,  "end" : 836 }, 
        {"sofa" : 1,  "begin" : 837,  "end" : 841 }, 
        {"sofa" : 1,  "begin" : 842,  "end" : 843 }, 
        {"sofa" : 1,  "begin" : 844,  "end" : 851 }, 
        {"sofa" : 1,  "begin" : 852,  "end" : 856 }, 
        {"sofa" : 1,  "begin" : 857,  "end" : 859 }, 
        {"sofa" : 1,  "begin" : 860,  "end" : 864 }, 
        {"sofa" : 1,  "begin" : 864,  "end" : 865 }, 
        {"sofa" : 1,  "begin" : 866,  "end" : 870 }, 
        {"sofa" : 1,  "begin" : 871,  "end" : 877 }, 
        {"sofa" : 1,  "begin" : 878,  "end" : 886 }, 
        {"sofa" : 1,  "begin" : 886,  "end" : 887 }, 
        {"sofa" : 1,  "begin" : 888,  "end" : 891 }, 
        {"sofa" : 1,  "begin" : 892,  "end" : 897 }, 
        {"sofa" : 1,  "begin" : 898,  "end" : 900 }, 
        {"sofa" : 1,  "begin" : 901,  "end" : 910 }, 
        {"sofa" : 1,  "begin" : 911,  "end" : 913 }, 
        {"sofa" : 1,  "begin" : 914,  "end" : 917 }, 
        {"sofa" : 1,  "begin" : 918,  "end" : 928 }, 
        {"sofa" : 1,  "begin" : 929,  "end" : 931 }, 
        {"sofa" : 1,  "begin" : 932,  "end" : 935 }, 
        {"sofa" : 1,  "begin" : 936,  "end" : 941 }, 
        {"sofa" : 1,  "begin" : 942,  "end" : 947 }, 
        {"sofa" : 1,  "begin" : 947,  "end" : 948 }, 
        {"sofa" : 1,  "begin" : 950,  "end" : 953 }, 
        {"sofa" : 1,  "begin" : 953,  "end" : 954 }, 
        {"sofa" : 1,  "begin" : 955,  "end" : 957 }, 
        {"sofa" : 1,  "begin" : 958,  "end" : 962 }, 
        {"sofa" : 1,  "begin" : 962,  "end" : 963 }, 
        {"sofa" : 1,  "begin" : 964,  "end" : 968 }, 
        {"sofa" : 1,  "begin" : 969,  "end" : 975 }, 
        {"sofa" : 1,  "begin" : 975,  "end" : 976 }, 
        {"sofa" : 1,  "begin" : 977,  "end" : 985 }, 
        {"sofa" : 1,  "begin" : 985,  "end" : 986 }, 
        {"sofa" : 1,  "begin" : 987,  "end" : 993 }, 
        {"sofa" : 1,  "begin" : 994,  "end" : 996 }, 
        {"sofa" : 1,  "begin" : 997,  "end" : 1007 }, 
        {"sofa" : 1,  "begin" : 1007,  "end" : 1008 }, 
        {"sofa" : 1,  "begin" : 1009,  "end" : 1011 }, 
        {"sofa" : 1,  "begin" : 1012,  "end" : 1016 }, 
        {"sofa" : 1,  "begin" : 1017,  "end" : 1021 }, 
        {"sofa" : 1,  "begin" : 1022,  "end" : 1028 }, 
        {"sofa" : 1,  "begin" : 1028,  "end" : 1029 }, 
        {"sofa" : 1,  "begin" : 1030,  "end" : 1034 }, 
        {"sofa" : 1,  "begin" : 1035,  "end" : 1038 }, 
        {"sofa" : 1,  "begin" : 1039,  "end" : 1044 }, 
        {"sofa" : 1,  "begin" : 1045,  "end" : 1047 }, 
        {"sofa" : 1,  "begin" : 1048,  "end" : 1052 }, 
        {"sofa" : 1,  "begin" : 1053,  "end" : 1057 }, 
        {"sofa" : 1,  "begin" : 1058,  "end" : 1060 }, 
        {"sofa" : 1,  "begin" : 1061,  "end" : 1066 }, 
        {"sofa" : 1,  "begin" : 1066,  "end" : 1067 }, 
        {"sofa" : 1,  "begin" : 1068,  "end" : 1071 }, 
        {"sofa" : 1,  "begin" : 1072,  "end" : 1075 }, 
        {"sofa" : 1,  "begin" : 1076,  "end" : 1084 }, 
        {"sofa" : 1,  "begin" : 1085,  "end" : 1089 }, 
        {"sofa" : 1,  "begin" : 1090,  "end" : 1094 }, 
        {"sofa" : 1,  "begin" : 1095,  "end" : 1100 }, 
        {"sofa" : 1,  "begin" : 1100,  "end" : 1101 }, 
        {"sofa" : 1,  "begin" : 1102,  "end" : 1105 }, 
        {"sofa" : 1,  "begin" : 1106,  "end" : 1111 }, 
        {"sofa" : 1,  "begin" : 1112,  "end" : 1114 }, 
        {"sofa" : 1,  "begin" : 1115,  "end" : 1124 }, 
        {"sofa" : 1,  "begin" : 1124,  "end" : 1125 }, 
        {"sofa" : 1,  "begin" : 1126,  "end" : 1128 }, 
        {"sofa" : 1,  "begin" : 1129,  "end" : 1132 }, 
        {"sofa" : 1,  "begin" : 1133,  "end" : 1138 }, 
        {"sofa" : 1,  "begin" : 1139,  "end" : 1149 }, 
        {"sofa" : 1,  "begin" : 1150,  "end" : 1152 }, 
        {"sofa" : 1,  "begin" : 1153,  "end" : 1158 }, 
        {"sofa" : 1,  "begin" : 1158,  "end" : 1159 }, 
        {"sofa" : 1,  "begin" : 1160,  "end" : 1163 }, 
        {"sofa" : 1,  "begin" : 1164,  "end" : 1167 }, 
        {"sofa" : 1,  "begin" : 1168,  "end" : 1177 }, 
        {"sofa" : 1,  "begin" : 1178,  "end" : 1184 }, 
        {"sofa" : 1,  "begin" : 1185,  "end" : 1188 }, 
        {"sofa" : 1,  "begin" : 1189,  "end" : 1194 }, 
        {"sofa" : 1,  "begin" : 1194,  "end" : 1195 }, 
        {"sofa" : 1,  "begin" : 1197,  "end" : 1199 }, 
        {"sofa" : 1,  "begin" : 1199,  "end" : 1200 }, 
        {"sofa" : 1,  "begin" : 1201,  "end" : 1203 }, 
        {"sofa" : 1,  "begin" : 1204,  "end" : 1208 }, 
        {"sofa" : 1,  "begin" : 1208,  "end" : 1209 }, 
        {"sofa" : 1,  "begin" : 1210,  "end" : 1214 }, 
        {"sofa" : 1,  "begin" : 1215,  "end" : 1220 }, 
        {"sofa" : 1,  "begin" : 1221,  "end" : 1226 }, 
        {"sofa" : 1,  "begin" : 1226,  "end" : 1227 }, 
        {"sofa" : 1,  "begin" : 1228,  "end" : 1234 }, 
        {"sofa" : 1,  "begin" : 1235,  "end" : 1237 }, 
        {"sofa" : 1,  "begin" : 1238,  "end" : 1246 }, 
        {"sofa" : 1,  "begin" : 1247,  "end" : 1252 }, 
        {"sofa" : 1,  "begin" : 1252,  "end" : 1253 }, 
        {"sofa" : 1,  "begin" : 1254,  "end" : 1258 }, 
        {"sofa" : 1,  "begin" : 1259,  "end" : 1261 }, 
        {"sofa" : 1,  "begin" : 1262,  "end" : 1266 }, 
        {"sofa" : 1,  "begin" : 1267,  "end" : 1272 }, 
        {"sofa" : 1,  "begin" : 1272,  "end" : 1273 }, 
        {"sofa" : 1,  "begin" : 1274,  "end" : 1278 }, 
        {"sofa" : 1,  "begin" : 1279,  "end" : 1280 }, 
        {"sofa" : 1,  "begin" : 1281,  "end" : 1288 }, 
        {"sofa" : 1,  "begin" : 1288,  "end" : 1289 }, 
        {"sofa" : 1,  "begin" : 1291,  "end" : 1292 }, 
        {"sofa" : 1,  "begin" : 1292,  "end" : 1293 }, 
        {"sofa" : 1,  "begin" : 1294,  "end" : 1296 }, 
        {"sofa" : 1,  "begin" : 1297,  "end" : 1307 }, 
        {"sofa" : 1,  "begin" : 1308,  "end" : 1313 }, 
        {"sofa" : 1,  "begin" : 1313,  "end" : 1314 }, 
        {"sofa" : 1,  "begin" : 1315,  "end" : 1318 }, 
        {"sofa" : 1,  "begin" : 1319,  "end" : 1323 }, 
        {"sofa" : 1,  "begin" : 1324,  "end" : 1326 }, 
        {"sofa" : 1,  "begin" : 1327,  "end" : 1330 }, 
        {"sofa" : 1,  "begin" : 1331,  "end" : 1335 }, 
        {"sofa" : 1,  "begin" : 1336,  "end" : 1338 }, 
        {"sofa" : 1,  "begin" : 1339,  "end" : 1341 }, 
        {"sofa" : 1,  "begin" : 1342,  "end" : 1345 }, 
        {"sofa" : 1,  "begin" : 1345,  "end" : 1346 }, 
        {"sofa" : 1,  "begin" : 1347,  "end" : 1350 }, 
        {"sofa" : 1,  "begin" : 1351,  "end" : 1357 }, 
        {"sofa" : 1,  "begin" : 1358,  "end" : 1367 }, 
        {"sofa" : 1,  "begin" : 1368,  "end" : 1371 }, 
        {"sofa" : 1,  "begin" : 1372,  "end" : 1378 }, 
        {"sofa" : 1,  "begin" : 1378,  "end" : 1379 }, 
        {"sofa" : 1,  "begin" : 1380,  "end" : 1382 }, 
        {"sofa" : 1,  "begin" : 1383,  "end" : 1386 }, 
        {"sofa" : 1,  "begin" : 1387,  "end" : 1390 }, 
        {"sofa" : 1,  "begin" : 1391,  "end" : 1401 }, 
        {"sofa" : 1,  "begin" : 1402,  "end" : 1404 }, 
        {"sofa" : 1,  "begin" : 1405,  "end" : 1407 }, 
        {"sofa" : 1,  "begin" : 1408,  "end" : 1411 }, 
        {"sofa" : 1,  "begin" : 1412,  "end" : 1420 }, 
        {"sofa" : 1,  "begin" : 1421,  "end" : 1423 }, 
        {"sofa" : 1,  "begin" : 1424,  "end" : 1429 }, 
        {"sofa" : 1,  "begin" : 1430,  "end" : 1432 }, 
        {"sofa" : 1,  "begin" : 1433,  "end" : 1438 }, 
        {"sofa" : 1,  "begin" : 1438,  "end" : 1439 }, 
        {"sofa" : 1,  "begin" : 1441,  "end" : 1443 }, 
        {"sofa" : 1,  "begin" : 1443,  "end" : 1444 }, 
        {"sofa" : 1,  "begin" : 1445,  "end" : 1447 }, 
        {"sofa" : 1,  "begin" : 1448,  "end" : 1455 }, 
        {"sofa" : 1,  "begin" : 1456,  "end" : 1459 }, 
        {"sofa" : 1,  "begin" : 1460,  "end" : 1464 }, 
        {"sofa" : 1,  "begin" : 1465,  "end" : 1470 }, 
        {"sofa" : 1,  "begin" : 1471,  "end" : 1473 }, 
        {"sofa" : 1,  "begin" : 1474,  "end" : 1478 }, 
        {"sofa" : 1,  "begin" : 1478,  "end" : 1479 }, 
        {"sofa" : 1,  "begin" : 1480,  "end" : 1482 }, 
        {"sofa" : 1,  "begin" : 1483,  "end" : 1494 }, 
        {"sofa" : 1,  "begin" : 1494,  "end" : 1495 }, 
        {"sofa" : 1,  "begin" : 1497,  "end" : 1501 }, 
        {"sofa" : 1,  "begin" : 1502,  "end" : 1504 }, 
        {"sofa" : 1,  "begin" : 1505,  "end" : 1509 }, 
        {"sofa" : 1,  "begin" : 1509,  "end" : 1510 }, 
        {"sofa" : 1,  "begin" : 1511,  "end" : 1513 }, 
        {"sofa" : 1,  "begin" : 1514,  "end" : 1521 }, 
        {"sofa" : 1,  "begin" : 1522,  "end" : 1524 }, 
        {"sofa" : 1,  "begin" : 1525,  "end" : 1529 }, 
        {"sofa" : 1,  "begin" : 1530,  "end" : 1534 }, 
        {"sofa" : 1,  "begin" : 1535,  "end" : 1537 }, 
        {"sofa" : 1,  "begin" : 1538,  "end" : 1539 }, 
        {"sofa" : 1,  "begin" : 1540,  "end" : 1545 }, 
        {"sofa" : 1,  "begin" : 1546,  "end" : 1548 }, 
        {"sofa" : 1,  "begin" : 1549,  "end" : 1554 }, 
        {"sofa" : 1,  "begin" : 1555,  "end" : 1557 }, 
        {"sofa" : 1,  "begin" : 1558,  "end" : 1564 }, 
        {"sofa" : 1,  "begin" : 1564,  "end" : 1565 }, 
        {"sofa" : 1,  "begin" : 1566,  "end" : 1569 }, 
        {"sofa" : 1,  "begin" : 1570,  "end" : 1572 }, 
        {"sofa" : 1,  "begin" : 1573,  "end" : 1578 }, 
        {"sofa" : 1,  "begin" : 1579,  "end" : 1582 }, 
        {"sofa" : 1,  "begin" : 1583,  "end" : 1589 }, 
        {"sofa" : 1,  "begin" : 1589,  "end" : 1590 }, 
        {"sofa" : 1,  "begin" : 1591,  "end" : 1594 }, 
        {"sofa" : 1,  "begin" : 1595,  "end" : 1601 }, 
        {"sofa" : 1,  "begin" : 1602,  "end" : 1608 }, 
        {"sofa" : 1,  "begin" : 1609,  "end" : 1612 }, 
        {"sofa" : 1,  "begin" : 1613,  "end" : 1618 }, 
        {"sofa" : 1,  "begin" : 1619,  "end" : 1621 }, 
        {"sofa" : 1,  "begin" : 1622,  "end" : 1629 }, 
        {"sofa" : 1,  "begin" : 1630,  "end" : 1633 }, 
        {"sofa" : 1,  "begin" : 1634,  "end" : 1641 }, 
        {"sofa" : 1,  "begin" : 1641,  "end" : 1642 } ] } }, 
  "_referenced_fss" : {
    "1" : {"_type" : "Sofa",  "sofaNum" : 1,  "sofaID" : "_InitialView",  "mimeType" : "text",  "sofaString" : "\n\nCHAP. LVI. Of the Adulteration of Musk, Civet and Ambergriese.\n\nBY reason that these choice Perfumes are often adulterated or counterfeited, we shall do our endeavour to discover the cheat, lest any being deceived thereby should suffer loss.\n\nI. Musk is often adulterated by mixing Nutmegs, Mace, Cinnamon, Cloves, Spicknard of each alike in a fine or impalpable powder with warm blood of Pidgeons, and then dryed in the Sun, then beaten again, and moistened with Musk water drying and repeating the same work eight or ten times; adding at last a quarter part of pure Musk by moistening\nand mixing with Musk water; then dividing the mass into several parts, and rouling them in the hair of a goat, which grows under his tail.\n\nII. Others adulterate it thus: By filling the Musk cods with Goats blood, and a little toasted bread, mixed with a quarter part of Musk, well beaten together. The cheat is discerned by the brightness of the Goats blood.\n\nIII. Or thus, Take Storax, Labdanum, powder of Xylo-aloes, of each four ounces, Musk and Civet of each half an ounce, mix all together with Rose water. The cheat is discerned, by its easie dissolving in water, and its different colour and scent.\n\nIV. Or thus, Take Goats blood, powder of Angelica roots, Musk of each alike, make a mixture.\n\nV. To adulterate Civet: Mix with it the Gall of an Oxe, and Storax liquefied and washed: or you may adulterate it by the addition of Honey of Crete.\n\nVI. To restore the lost scent to Musk, or Ambergriese.\n\nThis is done, by hanging it some time in a Jakes or house of Office; for by these ill scents, its innate vertue and odour is excited and revived.\n\n" }, 
    "4638" : {"_type" : "Span",  "sofa" : 1,  "begin" : 94,  "end" : 102,  "label" : "Smell_Word" }, 
    "4653" : {"_type" : "Span",  "sofa" : 1,  "begin" : 52,  "end" : 63,  "label" : "Smell_Source" }, 
    "4648" : {"_type" : "Span",  "sofa" : 1,  "begin" : 42,  "end" : 47,  "label" : "Smell_Source" }, 
    "4643" : {"_type" : "Span",  "sofa" : 1,  "begin" : 33,  "end" : 40,  "label" : "Smell_Source" }, 
    "4684" : {"_type" : "Span",  "sofa" : 1,  "begin" : 1164,  "end" : 1167,  "label" : "Smell_Source" }, 
    "4708" : {"_type" : "Span",  "sofa" : 1,  "begin" : 1102,  "end" : 1111,  "label" : "Smell_Source" }, 
    "4679" : {"_type" : "Span",  "sofa" : 1,  "begin" : 1189,  "end" : 1194,  "label" : "Smell_Word" }, 
    "4689" : {"_type" : "Span",  "sofa" : 1,  "begin" : 1168,  "end" : 1177,  "label" : "Quality" }, 
    "4720" : {"_type" : "Span",  "sofa" : 1,  "begin" : 1465,  "end" : 1470,  "label" : "Smell_Word" }, 
    "4725" : {"_type" : "Span",  "sofa" : 1,  "begin" : 1460,  "end" : 1464,  "label" : "Quality" }, 
    "4742" : {"_type" : "Span",  "sofa" : 1,  "begin" : 1583,  "end" : 1589,  "label" : "Smell_Word" }, 
    "4737" : {"_type" : "Span",  "sofa" : 1,  "begin" : 1579,  "end" : 1582,  "label" : "Quality" }, 
    "4795" : {"_type" : "Span",  "sofa" : 1,  "begin" : 1525,  "end" : 1534,  "label" : "Time" }, 
    "4812" : {"_type" : "Span",  "sofa" : 1,  "begin" : 1549,  "end" : 1564,  "label" : "Location" }, 
    "4807" : {"_type" : "Span",  "sofa" : 1,  "begin" : 1535,  "end" : 1545,  "label" : "Location" }, 
    "4759" : {"_type" : "Span",  "sofa" : 1,  "begin" : 1591,  "end" : 1594,  "label" : "Smell_Source" }, 
    "4764" : {"_type" : "Span",  "sofa" : 1,  "begin" : 1474,  "end" : 1478,  "label" : "Smell_Source" }, 
    "4769" : {"_type" : "Span",  "sofa" : 1,  "begin" : 1483,  "end" : 1494,  "label" : "Smell_Source" }, 
    "4754" : {"_type" : "Span",  "sofa" : 1,  "begin" : 1613,  "end" : 1618,  "label" : "Smell_Word" } } }