#FORMAT=WebAnno TSV 3.3
#T_SP=custom.Span|label
#T_RL=custom.Relation|label|BT_custom.Span


#Text=Jſt ein holtzichte Staude/ welche ſelten
#Text=ellen hoch waͤchſt/ in viel aͤſte außgebreitet/
#Text=
#Text=mit einer braunroten/ glatten Rinde bega-
#Text=bet;
#Text=Seine blaͤtter ſind den kleinen weiden
#Text=nicht ungleich/ glatt/ und etwas grawlicht.
1-1	2-5	Jſt	_	_	_	
1-2	6-9	ein	_	_	_	
1-3	10-20	holtzichte	_	_	_	
1-4	21-27	Staude	_	_	_	
1-5	27-28	/	_	_	_	
1-6	29-35	welche	_	_	_	
1-7	36-42	ſelten	_	_	_	
1-8	43-48	ellen	_	_	_	
1-9	49-53	hoch	_	_	_	
1-10	54-61	waͤchſt	_	_	_	
1-11	61-62	/	_	_	_	
1-12	63-65	in	_	_	_	
1-13	66-70	viel	_	_	_	
1-14	71-76	aͤſte	_	_	_	
1-15	77-89	außgebreitet	_	_	_	
1-16	89-90	/	_	_	_	
1-17	92-95	mit	_	_	_	
1-18	96-101	einer	_	_	_	
1-19	102-112	braunroten	_	_	_	
1-20	112-113	/	_	_	_	
1-21	114-121	glatten	_	_	_	
1-22	122-127	Rinde	_	_	_	
1-23	128-132	bega	_	_	_	
1-24	132-133	-	_	_	_	
1-25	134-137	bet	_	_	_	
1-26	137-138	;	_	_	_	
1-27	139-144	Seine	_	_	_	
1-28	145-153	blaͤtter	_	_	_	
1-29	154-158	ſind	_	_	_	
1-30	159-162	den	_	_	_	
1-31	163-170	kleinen	_	_	_	
1-32	171-177	weiden	_	_	_	
1-33	178-183	nicht	_	_	_	
1-34	184-192	ungleich	_	_	_	
1-35	192-193	/	_	_	_	
1-36	194-199	glatt	_	_	_	
1-37	199-200	/	_	_	_	
1-38	201-204	und	_	_	_	
1-39	205-210	etwas	_	_	_	
1-40	211-220	grawlicht	_	_	_	
1-41	220-221	.	_	_	_	

#Text=An den auſſerſten aͤſtlein wachſen ſchuͤppich-
#Text=
#Text=te/ braunroͤthliche/ ſchoͤne zaͤpflein;
#Text=die rinde
#Text=iſt bitter/ und ziehet ein wenig zuſammen.
2-1	224-226	An	_	_	_	
2-2	227-230	den	_	_	_	
2-3	231-241	auſſerſten	_	_	_	
2-4	242-250	aͤſtlein	_	_	_	
2-5	251-258	wachſen	_	_	_	
2-6	259-269	ſchuͤppich	_	_	_	
2-7	269-270	-	_	_	_	
2-8	272-274	te	_	_	_	
2-9	274-275	/	_	_	_	
2-10	276-291	braunroͤthliche	_	_	_	
2-11	291-292	/	_	_	_	
2-12	293-300	ſchoͤne	_	_	_	
2-13	301-310	zaͤpflein	_	_	_	
2-14	310-311	;	_	_	_	
2-15	312-315	die	_	_	_	
2-16	316-321	rinde	_	_	_	
2-17	322-325	iſt	_	_	_	
2-18	326-332	bitter	_	_	_	
2-19	332-333	/	_	_	_	
2-20	334-337	und	_	_	_	
2-21	338-344	ziehet	_	_	_	
2-22	345-348	ein	_	_	_	
2-23	349-354	wenig	_	_	_	
2-24	355-363	zuſammen	_	_	_	
2-25	363-364	.	_	_	_	

#Text=Die bluͤthe iſt bleichgelb/
#Text=welcher die trau-
#Text=benweiß zuſam̃en gedrungene Samen fol-
#Text=gen/ in denen ein fettlichter Kern/ ſo da ſtaͤr-
#Text=
#Text=cker/ als die Citronenfarbe Stoͤchas/ riechet:
#Text=
#Text=liebt ungebawtes/ jedoch auch ſumpffichtes
#Text=Erdreich;
#Text=waͤchſt viel in dem Nordiſchen
#Text=
#Text=theil Engellands bey Wareham/ einem
#Text=Staͤttlein in der Graffſchafft Dorceſter.
3-1	367-370	Die	_	_	_	
3-2	371-378	bluͤthe	_	_	_	
3-3	379-382	iſt	_	_	_	
3-4	383-393	bleichgelb	_	_	_	
3-5	393-394	/	_	_	_	
3-6	395-402	welcher	_	_	_	
3-7	403-406	die	_	_	_	
3-8	407-411	trau	_	_	_	
3-9	411-412	-	_	_	_	
3-10	413-420	benweiß	_	_	_	
3-11	421-429	zuſam̃en	_	_	_	
3-12	430-440	gedrungene	_	_	_	
3-13	441-446	Samen	Location	_	_	
3-14	447-450	fol	_	_	_	
3-15	450-451	-	_	_	_	
3-16	452-455	gen	_	_	_	
3-17	455-456	/	_	_	_	
3-18	457-459	in	_	_	_	
3-19	460-465	denen	_	_	_	
3-20	466-469	ein	_	_	_	
3-21	470-481	fettlichter	_	_	_	
3-22	482-486	Kern	Smell\_Source	_	_	
3-23	486-487	/	_	_	_	
3-24	488-490	ſo	_	_	_	
3-25	491-493	da	_	_	_	
3-26	494-499	ſtaͤr	Quality[1]	_	_	
3-27	499-500	-	Quality[1]	_	_	
3-28	502-506	cker	Quality[1]	_	_	
3-29	506-507	/	Quality[1]	_	_	
3-30	508-511	als	Quality[1]	_	_	
3-31	512-515	die	Quality[1]	_	_	
3-32	516-529	Citronenfarbe	Quality[1]	_	_	
3-33	530-538	Stoͤchas	Quality[1]	_	_	
3-34	538-539	/	_	_	_	
3-35	540-547	riechet	Smell\_Word	*|*|*	3-22|3-13|3-26[1_0]	
3-36	547-548	:	_	_	_	
3-37	550-555	liebt	_	_	_	
3-38	556-566	ungebawtes	_	_	_	
3-39	566-567	/	_	_	_	
3-40	568-574	jedoch	_	_	_	
3-41	575-579	auch	_	_	_	
3-42	580-592	ſumpffichtes	_	_	_	
3-43	593-601	Erdreich	_	_	_	
3-44	601-602	;	_	_	_	
3-45	603-610	waͤchſt	_	_	_	
3-46	611-615	viel	_	_	_	
3-47	616-618	in	_	_	_	
3-48	619-622	dem	_	_	_	
3-49	623-633	Nordiſchen	_	_	_	
3-50	635-640	theil	_	_	_	
3-51	641-651	Engellands	_	_	_	
3-52	652-655	bey	_	_	_	
3-53	656-663	Wareham	_	_	_	
3-54	663-664	/	_	_	_	
3-55	665-670	einem	_	_	_	
3-56	671-681	Staͤttlein	_	_	_	
3-57	682-684	in	_	_	_	
3-58	685-688	der	_	_	_	
3-59	689-701	Graffſchafft	_	_	_	
3-60	702-711	Dorceſter	_	_	_	
3-61	711-712	.	_	_	_	

#Text=Bluͤhet im Maͤyen und Brachmonat/ hat
#Text=einen ſehr bitteren geſchmack/ alſo
#Text=auch viel
#Text=oͤlichte rauche/ mit irdichten wol vermiſchte
#Text=theil in ſich/ derenthalben ſolche Staude die
#Text=krafft ſonderlich hat die Wuͤrm auß dem
#Text=Leib zu treiben.
4-1	714-721	Bluͤhet	_	_	_	
4-2	722-724	im	_	_	_	
4-3	725-731	Maͤyen	_	_	_	
4-4	732-735	und	_	_	_	
4-5	736-746	Brachmonat	_	_	_	
4-6	746-747	/	_	_	_	
4-7	748-751	hat	_	_	_	
4-8	752-757	einen	_	_	_	
4-9	758-762	ſehr	_	_	_	
4-10	763-771	bitteren	_	_	_	
4-11	772-781	geſchmack	_	_	_	
4-12	781-782	/	_	_	_	
4-13	783-787	alſo	_	_	_	
4-14	788-792	auch	_	_	_	
4-15	793-797	viel	_	_	_	
4-16	798-806	oͤlichte	_	_	_	
4-17	807-813	rauche	_	_	_	
4-18	813-814	/	_	_	_	
4-19	815-818	mit	_	_	_	
4-20	819-828	irdichten	_	_	_	
4-21	829-832	wol	_	_	_	
4-22	833-843	vermiſchte	_	_	_	
4-23	844-849	theil	_	_	_	
4-24	850-852	in	_	_	_	
4-25	853-857	ſich	_	_	_	
4-26	857-858	/	_	_	_	
4-27	859-871	derenthalben	_	_	_	
4-28	872-878	ſolche	_	_	_	
4-29	879-885	Staude	_	_	_	
4-30	886-889	die	_	_	_	
4-31	890-896	krafft	_	_	_	
4-32	897-907	ſonderlich	_	_	_	
4-33	908-911	hat	_	_	_	
4-34	912-915	die	_	_	_	
4-35	916-921	Wuͤrm	_	_	_	
4-36	922-925	auß	_	_	_	
4-37	926-929	dem	_	_	_	
4-38	930-934	Leib	_	_	_	
4-39	935-937	zu	_	_	_	
4-40	938-945	treiben	_	_	_	
4-41	945-946	.	_	_	_	

#Text=Mit deſſen wohlriechenden
#Text=aͤſtlein und blaͤttern/ pflegen die Engellaͤn-
#Text=der in dem Sommer die Zim̃er ihrer Haͤu-
#Text=ſeren zu zieren.
5-1	947-950	Mit	_	_	_	
5-2	951-957	deſſen	_	_	_	
5-3	958-972	wohlriechenden	Smell\_Word[2]|Quality[3]	*|*	5-3[3_2]|5-4[4_2]	
5-4	973-981	aͤſtlein	Smell\_Source[4]	_	_	
5-5	982-985	und	Smell\_Source[4]	_	_	
5-6	986-995	blaͤttern	Smell\_Source[4]	_	_	
5-7	995-996	/	_	_	_	
5-8	997-1004	pflegen	_	_	_	
5-9	1005-1008	die	_	_	_	
5-10	1009-1018	Engellaͤn	_	_	_	
5-11	1018-1019	-	_	_	_	
5-12	1020-1023	der	_	_	_	
5-13	1024-1026	in	_	_	_	
5-14	1027-1030	dem	_	_	_	
5-15	1031-1037	Sommer	_	_	_	
5-16	1038-1041	die	_	_	_	
5-17	1042-1048	Zim̃er	_	_	_	
5-18	1049-1054	ihrer	_	_	_	
5-19	1055-1059	Haͤu	_	_	_	
5-20	1059-1060	-	_	_	_	
5-21	1061-1066	ſeren	_	_	_	
5-22	1067-1069	zu	_	_	_	
5-23	1070-1076	zieren	_	_	_	
5-24	1076-1077	.	_	_	_	

#Text=Eigenſchafft.
6-1	1080-1092	Eigenſchafft	_	_	_	
6-2	1092-1093	.	_	_	_	

#Text=Der gemeine Gerberbaum hat in ſeinen
#Text=blaͤttern und ſamen/ viel ungejohrne/ ir-
#Text=
#Text=dichte/
7-1	1096-1099	Der	_	_	_	
7-2	1100-1107	gemeine	_	_	_	
7-3	1108-1118	Gerberbaum	_	_	_	
7-4	1119-1122	hat	_	_	_	
7-5	1123-1125	in	_	_	_	
7-6	1126-1132	ſeinen	_	_	_	
7-7	1133-1142	blaͤttern	_	_	_	
7-8	1143-1146	und	_	_	_	
7-9	1147-1152	ſamen	_	_	_	
7-10	1152-1153	/	_	_	_	
7-11	1154-1158	viel	_	_	_	
7-12	1159-1169	ungejohrne	_	_	_	
7-13	1169-1170	/	_	_	_	
7-14	1171-1173	ir	_	_	_	
7-15	1173-1174	-	_	_	_	
7-16	1176-1182	dichte	_	_	_	
7-17	1182-1183	/	_	_	_	
