#FORMAT=WebAnno TSV 3.3
#T_SP=custom.Span|label
#T_RL=custom.Relation|label|BT_custom.Span


#Text=Im
#Text=Handel kommen mehrere Sorten vor, welche wir in der Reihenfolge, wie ſie
#Text=im Handel geſchätzt werden, hier folgen laſſen:
#Text=
#Text=
#Text=1.
1-1	0-2	Im	_	_	_	
1-2	3-9	Handel	_	_	_	
1-3	10-16	kommen	_	_	_	
1-4	17-24	mehrere	_	_	_	
1-5	25-31	Sorten	_	_	_	
1-6	32-35	vor	_	_	_	
1-7	35-36	,	_	_	_	
1-8	37-43	welche	_	_	_	
1-9	44-47	wir	_	_	_	
1-10	48-50	in	_	_	_	
1-11	51-54	der	_	_	_	
1-12	55-66	Reihenfolge	_	_	_	
1-13	66-67	,	_	_	_	
1-14	68-71	wie	_	_	_	
1-15	72-75	ſie	_	_	_	
1-16	76-78	im	_	_	_	
1-17	79-85	Handel	_	_	_	
1-18	86-95	geſchätzt	_	_	_	
1-19	96-102	werden	_	_	_	
1-20	102-103	,	_	_	_	
1-21	104-108	hier	_	_	_	
1-22	109-115	folgen	_	_	_	
1-23	116-122	laſſen	_	_	_	
1-24	122-123	:	_	_	_	
1-25	126-127	1	_	_	_	
1-26	127-128	.	_	_	_	

#Text=Sicilianiſcher Sumach von Rhus coriaria;
#Text=man unterſcheidet eine
#Text=grünlichgelbe prima und eine roſtgelbe secunda Ware.
#Text=
#Text=
#Text=2.
2-1	129-143	Sicilianiſcher	_	_	_	
2-2	144-150	Sumach	_	_	_	
2-3	151-154	von	_	_	_	
2-4	155-159	Rhus	_	_	_	
2-5	160-168	coriaria	_	_	_	
2-6	168-169	;	_	_	_	
2-7	170-173	man	_	_	_	
2-8	174-187	unterſcheidet	_	_	_	
2-9	188-192	eine	_	_	_	
2-10	193-206	grünlichgelbe	_	_	_	
2-11	207-212	prima	_	_	_	
2-12	213-216	und	_	_	_	
2-13	217-221	eine	_	_	_	
2-14	222-231	roſtgelbe	_	_	_	
2-15	232-239	secunda	_	_	_	
2-16	240-244	Ware	_	_	_	
2-17	244-245	.	_	_	_	
2-18	248-249	2	_	_	_	
2-19	249-250	.	_	_	_	

#Text=Italieniſcher Sumach, gleichfalls von Rhus coriaria ſtammend;
#Text=ein
#Text=ſchmutzig grünliches Pulver von geringerem Gerbſtoffgehalt.
#Text=
#Text=
#Text=3.
3-1	251-264	Italieniſcher	_	_	_	
3-2	265-271	Sumach	_	_	_	
3-3	271-272	,	_	_	_	
3-4	273-284	gleichfalls	_	_	_	
3-5	285-288	von	_	_	_	
3-6	289-293	Rhus	_	_	_	
3-7	294-302	coriaria	_	_	_	
3-8	303-311	ſtammend	_	_	_	
3-9	311-312	;	_	_	_	
3-10	313-316	ein	_	_	_	
3-11	317-326	ſchmutzig	_	_	_	
3-12	327-337	grünliches	_	_	_	
3-13	338-344	Pulver	_	_	_	
3-14	345-348	von	_	_	_	
3-15	349-359	geringerem	_	_	_	
3-16	360-375	Gerbſtoffgehalt	_	_	_	
3-17	375-376	.	_	_	_	
3-18	379-380	3	_	_	_	
3-19	380-381	.	_	_	_	

#Text=Spaniſcher Sumach von Rhus coriaria und Rhus typhinum;
#Text=man
#Text=unterſcheidet Malaga, den beſten, und zwei mindergeſchätzte:
#Text=Malina und
#Text=Vallodolid.
#Text=
#Text=
#Text=4.
4-1	382-392	Spaniſcher	_	_	_	
4-2	393-399	Sumach	_	_	_	
4-3	400-403	von	_	_	_	
4-4	404-408	Rhus	_	_	_	
4-5	409-417	coriaria	_	_	_	
4-6	418-421	und	_	_	_	
4-7	422-426	Rhus	_	_	_	
4-8	427-435	typhinum	_	_	_	
4-9	435-436	;	_	_	_	
4-10	437-440	man	_	_	_	
4-11	441-454	unterſcheidet	_	_	_	
4-12	455-461	Malaga	_	_	_	
4-13	461-462	,	_	_	_	
4-14	463-466	den	_	_	_	
4-15	467-473	beſten	_	_	_	
4-16	473-474	,	_	_	_	
4-17	475-478	und	_	_	_	
4-18	479-483	zwei	_	_	_	
4-19	484-500	mindergeſchätzte	_	_	_	
4-20	500-501	:	_	_	_	
4-21	502-508	Malina	_	_	_	
4-22	509-512	und	_	_	_	
4-23	513-523	Vallodolid	_	_	_	
4-24	523-524	.	_	_	_	
4-25	527-528	4	_	_	_	
4-26	528-529	.	_	_	_	

#Text=Tiroler Sumach von Rhus cotinus, alſo von derſelben Pflanze,
#Text=von der das Fiſetholz ſtammt; riecht ähnlich wie Eichenrinde.
#Text=
#Text=
#Text=
#Text=5.
5-1	530-537	Tiroler	Smell\_Source[1]	*	5-10[0_1]	
5-2	538-544	Sumach	Smell\_Source[1]	_	_	
5-3	545-548	von	_	_	_	
5-4	549-553	Rhus	_	_	_	
5-5	554-561	cotinus	_	_	_	
5-6	561-562	,	_	_	_	
5-7	563-567	alſo	_	_	_	
5-8	568-571	von	_	_	_	
5-9	572-581	derſelben	_	_	_	
5-10	582-589	Pflanze	Smell\_Source	_	_	
5-11	589-590	,	_	_	_	
5-12	591-594	von	_	_	_	
5-13	595-598	der	_	_	_	
5-14	599-602	das	_	_	_	
5-15	603-612	Fiſetholz	_	_	_	
5-16	613-619	ſtammt	_	_	_	
5-17	619-620	;	_	_	_	
5-18	621-627	riecht	Smell\_Word	_	_	
5-19	628-635	ähnlich	Evoked\_Odorant[2]	_	_	
5-20	636-639	wie	Evoked\_Odorant[2]	_	_	
5-21	640-651	Eichenrinde	Evoked\_Odorant[2]	_	_	
5-22	651-652	.	_	_	_	
5-23	656-657	5	_	_	_	
5-24	657-658	.	_	_	_	

#Text=Franzöſiſcher Sumach von Coriaria myrtifolia;
#Text=hiervon vier Quali-
#Text=täten, davon die beiden beſten Fauvis und Donzére.
#Text=
#Text=
#Text=6.
6-1	659-672	Franzöſiſcher	_	_	_	
6-2	673-679	Sumach	_	_	_	
6-3	680-683	von	_	_	_	
6-4	684-692	Coriaria	_	_	_	
6-5	693-703	myrtifolia	_	_	_	
6-6	703-704	;	_	_	_	
6-7	705-712	hiervon	_	_	_	
6-8	713-717	vier	_	_	_	
6-9	718-723	Quali	_	_	_	
6-10	723-724	-	_	_	_	
6-11	725-730	täten	_	_	_	
6-12	730-731	,	_	_	_	
6-13	732-737	davon	_	_	_	
6-14	738-741	die	_	_	_	
6-15	742-748	beiden	_	_	_	
6-16	749-755	beſten	_	_	_	
6-17	756-762	Fauvis	_	_	_	
6-18	763-766	und	_	_	_	
6-19	767-774	Donzére	_	_	_	
6-20	774-775	.	_	_	_	
6-21	778-779	6	_	_	_	
6-22	779-780	.	_	_	_	

#Text=Arabiſcher Sumach von Rhus pentaphyllum.
#Text=
#Text=
#Text=7.
7-1	781-791	Arabiſcher	_	_	_	
7-2	792-798	Sumach	_	_	_	
7-3	799-802	von	_	_	_	
7-4	803-807	Rhus	_	_	_	
7-5	808-820	pentaphyllum	_	_	_	
7-6	820-821	.	_	_	_	
7-7	824-825	7	_	_	_	
7-8	825-826	.	_	_	_	

#Text=Amerikaniſcher
#Text=Sumach von Rhus canadense und Rhus glabrum.
#Text=
#Text=
#Text=8.
8-1	827-841	Amerikaniſcher	_	_	_	
8-2	842-848	Sumach	_	_	_	
8-3	849-852	von	_	_	_	
8-4	853-857	Rhus	_	_	_	
8-5	858-867	canadense	_	_	_	
8-6	868-871	und	_	_	_	
8-7	872-876	Rhus	_	_	_	
8-8	877-884	glabrum	_	_	_	
8-9	884-885	.	_	_	_	
8-10	888-889	8	_	_	_	
8-11	889-890	.	_	_	_	

#Text=Schwediſcher Sumach von Arbutus uva ursi.
9-1	891-903	Schwediſcher	_	_	_	
9-2	904-910	Sumach	_	_	_	
9-3	911-914	von	_	_	_	
9-4	915-922	Arbutus	_	_	_	
9-5	923-926	uva	_	_	_	
9-6	927-931	ursi	_	_	_	
9-7	931-932	.	_	_	_	
