#FORMAT=WebAnno TSV 3.3


#Text=In een heldere lucht zonder wolken, weinig meer wykende.
1-1	2-4	In	
1-2	5-8	een	
1-3	9-16	heldere	
1-4	17-22	lucht	
1-5	23-29	zonder	
1-6	30-36	wolken	
1-7	36-37	,	
1-8	38-44	weinig	
1-9	45-49	meer	
1-10	50-57	wykende	
1-11	57-58	.	

#Text=In een zonneschyn, noch veel meerder en onkenbaarder.
2-1	61-63	In	
2-2	64-67	een	
2-3	68-78	zonneschyn	
2-4	78-79	,	
2-5	80-84	noch	
2-6	85-89	veel	
2-7	90-97	meerder	
2-8	98-100	en	
2-9	101-113	onkenbaarder	
2-10	113-114	.	

#Text=In een mistig of dampig weer (als in het najaar of de winter) allermeest, en
#Text=schielyker uit ons gezicht verdwynende.
3-1	117-119	In	
3-2	120-123	een	
3-3	124-130	mistig	
3-4	131-133	of	
3-5	134-140	dampig	
3-6	141-145	weer	
3-7	146-147	(	
3-8	147-150	als	
3-9	151-153	in	
3-10	154-157	het	
3-11	158-164	najaar	
3-12	165-167	of	
3-13	168-170	de	
3-14	171-177	winter	
3-15	177-178	)	
3-16	179-189	allermeest	
3-17	189-190	,	
3-18	191-193	en	
3-19	194-204	schielyker	
3-20	205-208	uit	
3-21	209-212	ons	
3-22	213-220	gezicht	
3-23	221-232	verdwynende	
3-24	232-233	.	

#Text=Hoe grover de lucht is, hoe ligchaamelyker de zelve is; en hoe ligchaamelyker,
#Text=hoe zichtbaarder zy door het licht word bescheenen:
#Text=
#Text=
#Text=Gérard de Lairesse, Groot schilderboek
#Text=
#Text=
#Text=\f250
#Text=waar door ons gezicht des te korter word bepaald, en de voorwerpen meer onkenbaar
#Text=worden.
4-1	236-239	Hoe	
4-2	240-246	grover	
4-3	247-249	de	
4-4	250-255	lucht	
4-5	256-258	is	
4-6	258-259	,	
4-7	260-263	hoe	
4-8	264-278	ligchaamelyker	
4-9	279-281	de	
4-10	282-287	zelve	
4-11	288-290	is	
4-12	290-291	;	
4-13	292-294	en	
4-14	295-298	hoe	
4-15	299-313	ligchaamelyker	
4-16	313-314	,	
4-17	315-318	hoe	
4-18	319-331	zichtbaarder	
4-19	332-334	zy	
4-20	335-339	door	
4-21	340-343	het	
4-22	344-349	licht	
4-23	350-354	word	
4-24	355-365	bescheenen	
4-25	365-366	:	
4-26	369-375	Gérard	
4-27	376-378	de	
4-28	379-387	Lairesse	
4-29	387-388	,	
4-30	389-394	Groot	
4-31	395-407	schilderboek	
4-32	411-414	250	
4-33	415-419	waar	
4-34	420-424	door	
4-35	425-428	ons	
4-36	429-436	gezicht	
4-37	437-440	des	
4-38	441-443	te	
4-39	444-450	korter	
4-40	451-455	word	
4-41	456-463	bepaald	
4-42	463-464	,	
4-43	465-467	en	
4-44	468-470	de	
4-45	471-481	voorwerpen	
4-46	482-486	meer	
4-47	487-496	onkenbaar	
4-48	497-503	worden	
4-49	503-504	.	

#Text=Dit is voor zo veel de voorwerpen in de opene lucht betreft
5-1	507-510	Dit	
5-2	511-513	is	
5-3	514-518	voor	
5-4	519-521	zo	
5-5	522-526	veel	
5-6	527-529	de	
5-7	530-540	voorwerpen	
5-8	541-543	in	
5-9	544-546	de	
5-10	547-552	opene	
5-11	553-558	lucht	
5-12	559-566	betreft	

#Text=.
6-1	566-567	.	

#Text=+
#Text=
#Text=
#Text=Deze vier byzondere lichten, wel en natuurlyk verbeeld, zyn waarlyk proeven
#Text=
#Text=+
#Text=
#Text=van een vernuftig Meester
#Text=: en het zoude, myn 's oordeels, niet onvermaakelyk
#Text=
#Text=In het wel verbeelden
#Text=dezer vier lichten zal men
#Text=zyn
#Text=zulke Stukken by elkanderen te zien hangen met hunne toepassende
#Text=
#Text=een goed Meester kennen.
7-1	569-570	+	
7-2	573-577	Deze	
7-3	578-582	vier	
7-4	583-592	byzondere	
7-5	593-600	lichten	
7-6	600-601	,	
7-7	602-605	wel	
7-8	606-608	en	
7-9	609-618	natuurlyk	
7-10	619-627	verbeeld	
7-11	627-628	,	
7-12	629-632	zyn	
7-13	633-640	waarlyk	
7-14	641-648	proeven	
7-15	650-651	+	
7-16	653-656	van	
7-17	657-660	een	
7-18	661-670	vernuftig	
7-19	671-678	Meester	
7-20	679-680	:	
7-21	681-683	en	
7-22	684-687	het	
7-23	688-693	zoude	
7-24	693-694	,	
7-25	695-698	myn	
7-26	699-700	'	
7-27	700-701	s	
7-28	702-710	oordeels	
7-29	710-711	,	
7-30	712-716	niet	
7-31	717-730	onvermaakelyk	
7-32	732-734	In	
7-33	735-738	het	
7-34	739-742	wel	
7-35	743-753	verbeelden	
7-36	754-759	dezer	
7-37	760-764	vier	
7-38	765-772	lichten	
7-39	773-776	zal	
7-40	777-780	men	
7-41	781-784	zyn	
7-42	785-790	zulke	
7-43	791-798	Stukken	
7-44	799-801	by	
7-45	802-812	elkanderen	
7-46	813-815	te	
7-47	816-820	zien	
7-48	821-827	hangen	
7-49	828-831	met	
7-50	832-837	hunne	
7-51	838-849	toepassende	
7-52	851-854	een	
7-53	855-859	goed	
7-54	860-867	Meester	
7-55	868-874	kennen	
7-56	874-875	.	
