{"_context" : {
    "_types" : {
      "DocumentMetaData" : {
        "_feature_types" : {"sofa" : "_ref" } }, 
      "Relation" : {
        "_feature_types" : {"sofa" : "_ref",  "Dependent" : "_ref",  "Governor" : "_ref" } }, 
      "Sentence" : {
        "_feature_types" : {"sofa" : "_ref" } }, 
      "Sofa" : {
        "_feature_types" : {"sofaArray" : "_ref" } }, 
      "Span" : {
        "_feature_types" : {"sofa" : "_ref" } }, 
      "TagsetDescription" : {
        "_feature_types" : {"sofa" : "_ref",  "tags" : "_ref" } }, 
      "Token" : {
        "_feature_types" : {"sofa" : "_ref",  "parent" : "_ref",  "lemma" : "_ref",  "stem" : "_ref",  "pos" : "_ref",  "morph" : "_ref",  "form" : "_ref" } }, 
      "DocumentAnnotation" : {
        "_feature_types" : {"sofa" : "_ref" }, 
        "_subtypes" : ["DocumentMetaData" ] }, 
      "Annotation" : {
        "_feature_types" : {"sofa" : "_ref" }, 
        "_subtypes" : ["DocumentAnnotation",  "Relation",  "Sentence",  "Span",  "TagsetDescription",  "Token" ] }, 
      "AnnotationBase" : {
        "_feature_types" : {"sofa" : "_ref" }, 
        "_subtypes" : ["Annotation" ] }, 
      "TOP" : {
        "_subtypes" : ["AnnotationBase",  "Sofa" ] } } }, 
  "_views" : {
    "_InitialView" : {
      "Relation" : [
        {"sofa" : 1,  "begin" : 241,  "end" : 246,  "Dependent" : 6645,  "Governor" : 6650,  "label" : "Anaphoric" }, 
        {"sofa" : 1,  "begin" : 241,  "end" : 246,  "Dependent" : 6645,  "Governor" : 6662,  "label" : "Anaphoric" }, 
        {"sofa" : 1,  "begin" : 241,  "end" : 246,  "Dependent" : 6645,  "Governor" : 6674,  "label" : "Anaphoric" }, 
        {"sofa" : 1,  "begin" : 247,  "end" : 251,  "Dependent" : 6640,  "Governor" : 6686 }, 
        {"sofa" : 1,  "begin" : 247,  "end" : 251,  "Dependent" : 6640,  "Governor" : 6645 }, 
        {"sofa" : 1,  "begin" : 490,  "end" : 494,  "Dependent" : 6722,  "Governor" : 6650,  "label" : "Anaphoric" }, 
        {"sofa" : 1,  "begin" : 490,  "end" : 494,  "Dependent" : 6722,  "Governor" : 6662,  "label" : "Anaphoric" }, 
        {"sofa" : 1,  "begin" : 490,  "end" : 494,  "Dependent" : 6722,  "Governor" : 6674,  "label" : "Anaphoric" }, 
        {"sofa" : 1,  "begin" : 530,  "end" : 535,  "Dependent" : 6705,  "Governor" : 6710 }, 
        {"sofa" : 1,  "begin" : 530,  "end" : 535,  "Dependent" : 6705,  "Governor" : 6722 }, 
        {"sofa" : 1,  "begin" : 694,  "end" : 699,  "Dependent" : 6760,  "Governor" : 6650,  "label" : "Anaphoric" }, 
        {"sofa" : 1,  "begin" : 694,  "end" : 699,  "Dependent" : 6760,  "Governor" : 6662,  "label" : "Anaphoric" }, 
        {"sofa" : 1,  "begin" : 694,  "end" : 699,  "Dependent" : 6760,  "Governor" : 6674,  "label" : "Anaphoric" }, 
        {"sofa" : 1,  "begin" : 769,  "end" : 777,  "Dependent" : 6755,  "Governor" : 6760 }, 
        {"sofa" : 1,  "begin" : 769,  "end" : 777,  "Dependent" : 6755,  "Governor" : 6772 }, 
        {"sofa" : 1,  "begin" : 1728,  "end" : 1739,  "Dependent" : 6822,  "Governor" : 6832,  "label" : "Anaphoric" }, 
        {"sofa" : 1,  "begin" : 1728,  "end" : 1739,  "Dependent" : 6822,  "Governor" : 6837,  "label" : "Anaphoric" }, 
        {"sofa" : 1,  "begin" : 1728,  "end" : 1739,  "Dependent" : 6822,  "Governor" : 6842,  "label" : "Anaphoric" }, 
        {"sofa" : 1,  "begin" : 1728,  "end" : 1739,  "Dependent" : 6822,  "Governor" : 6847,  "label" : "Anaphoric" }, 
        {"sofa" : 1,  "begin" : 1779,  "end" : 1787,  "Dependent" : 6805,  "Governor" : 6810 }, 
        {"sofa" : 1,  "begin" : 1779,  "end" : 1787,  "Dependent" : 6805,  "Governor" : 6880 }, 
        {"sofa" : 1,  "begin" : 1779,  "end" : 1787,  "Dependent" : 6805,  "Governor" : 6892 }, 
        {"sofa" : 1,  "begin" : 1779,  "end" : 1787,  "Dependent" : 6805,  "Governor" : 6904 }, 
        {"sofa" : 1,  "begin" : 1779,  "end" : 1787,  "Dependent" : 6805,  "Governor" : 6921 } ], 
      "Span" : [6650,  6662,  6674,  6686,  6645,  6640,  6722,  6710,  6705,  6760,  6772,  6755,  6832,  6837,  6842,  6847,  6822,  6810,  6805,  6880,  6892,  6904,  6921 ], 
      "DocumentMetaData" : [
        {"sofa" : 1,  "end" : 2373,  "language" : "x-unspecified",  "documentTitle" : "085E%20Gervase%20Markham%201631%20A%20new%20orchard__20_distribution_HOUS.txt",  "documentId" : "teresa",  "documentUri" : "file:/home/dhuser/alessio/inception/repository/project/29/document/11847/source/teresa",  "collectionId" : "file:/home/dhuser/alessio/inception/repository/project/29/document/11847/source/",  "documentBaseUri" : "file:/home/dhuser/alessio/inception/repository/project/29/document/11847/source/",  "isLastSegment" : false } ], 
      "TagsetDescription" : [
        {"sofa" : 1,  "layer" : "webanno.custom.Emotions",  "name" : "Emotion Labels",  "input" : false }, 
        {"sofa" : 1,  "layer" : "custom.Relation",  "name" : "Relation labels",  "input" : false }, 
        {"sofa" : 1,  "layer" : "custom.Span",  "name" : "Smell labels",  "input" : false } ], 
      "Sentence" : [
        {"sofa" : 1,  "end" : 72 }, 
        {"sofa" : 1,  "begin" : 73,  "end" : 91 }, 
        {"sofa" : 1,  "begin" : 95,  "end" : 252 }, 
        {"sofa" : 1,  "begin" : 253,  "end" : 369 }, 
        {"sofa" : 1,  "begin" : 370,  "end" : 588 }, 
        {"sofa" : 1,  "begin" : 589,  "end" : 693 }, 
        {"sofa" : 1,  "begin" : 694,  "end" : 778 }, 
        {"sofa" : 1,  "begin" : 782,  "end" : 1041 }, 
        {"sofa" : 1,  "begin" : 1042,  "end" : 1351 }, 
        {"sofa" : 1,  "begin" : 1352,  "end" : 1408 }, 
        {"sofa" : 1,  "begin" : 1412,  "end" : 1589 }, 
        {"sofa" : 1,  "begin" : 1593,  "end" : 1663 }, 
        {"sofa" : 1,  "begin" : 1664,  "end" : 1727 }, 
        {"sofa" : 1,  "begin" : 1728,  "end" : 1869 }, 
        {"sofa" : 1,  "begin" : 1870,  "end" : 1903 }, 
        {"sofa" : 1,  "begin" : 1907,  "end" : 1946 }, 
        {"sofa" : 1,  "begin" : 1950,  "end" : 2088 }, 
        {"sofa" : 1,  "begin" : 2089,  "end" : 2129 }, 
        {"sofa" : 1,  "begin" : 2133,  "end" : 2373 } ], 
      "Token" : [
        {"sofa" : 1,  "end" : 4 }, 
        {"sofa" : 1,  "begin" : 5,  "end" : 7 }, 
        {"sofa" : 1,  "begin" : 8,  "end" : 18 }, 
        {"sofa" : 1,  "begin" : 19,  "end" : 23 }, 
        {"sofa" : 1,  "begin" : 24,  "end" : 31 }, 
        {"sofa" : 1,  "begin" : 31,  "end" : 32 }, 
        {"sofa" : 1,  "begin" : 33,  "end" : 38 }, 
        {"sofa" : 1,  "begin" : 39,  "end" : 44 }, 
        {"sofa" : 1,  "begin" : 45,  "end" : 48 }, 
        {"sofa" : 1,  "begin" : 49,  "end" : 53 }, 
        {"sofa" : 1,  "begin" : 54,  "end" : 57 }, 
        {"sofa" : 1,  "begin" : 57,  "end" : 58 }, 
        {"sofa" : 1,  "begin" : 59,  "end" : 64 }, 
        {"sofa" : 1,  "begin" : 65,  "end" : 71 }, 
        {"sofa" : 1,  "begin" : 71,  "end" : 72 }, 
        {"sofa" : 1,  "begin" : 73,  "end" : 74 }, 
        {"sofa" : 1,  "begin" : 75,  "end" : 79 }, 
        {"sofa" : 1,  "begin" : 80,  "end" : 90 }, 
        {"sofa" : 1,  "begin" : 90,  "end" : 91 }, 
        {"sofa" : 1,  "begin" : 95,  "end" : 107 }, 
        {"sofa" : 1,  "begin" : 107,  "end" : 108 }, 
        {"sofa" : 1,  "begin" : 109,  "end" : 117 }, 
        {"sofa" : 1,  "begin" : 118,  "end" : 124 }, 
        {"sofa" : 1,  "begin" : 125,  "end" : 138 }, 
        {"sofa" : 1,  "begin" : 138,  "end" : 139 }, 
        {"sofa" : 1,  "begin" : 140,  "end" : 142 }, 
        {"sofa" : 1,  "begin" : 143,  "end" : 161 }, 
        {"sofa" : 1,  "begin" : 162,  "end" : 163 }, 
        {"sofa" : 1,  "begin" : 163,  "end" : 164 }, 
        {"sofa" : 1,  "begin" : 165,  "end" : 169 }, 
        {"sofa" : 1,  "begin" : 170,  "end" : 174 }, 
        {"sofa" : 1,  "begin" : 175,  "end" : 177 }, 
        {"sofa" : 1,  "begin" : 177,  "end" : 178 }, 
        {"sofa" : 1,  "begin" : 179,  "end" : 186 }, 
        {"sofa" : 1,  "begin" : 187,  "end" : 191 }, 
        {"sofa" : 1,  "begin" : 192,  "end" : 198 }, 
        {"sofa" : 1,  "begin" : 199,  "end" : 201 }, 
        {"sofa" : 1,  "begin" : 202,  "end" : 206 }, 
        {"sofa" : 1,  "begin" : 206,  "end" : 207 }, 
        {"sofa" : 1,  "begin" : 208,  "end" : 212 }, 
        {"sofa" : 1,  "begin" : 213,  "end" : 217 }, 
        {"sofa" : 1,  "begin" : 218,  "end" : 221 }, 
        {"sofa" : 1,  "begin" : 222,  "end" : 226 }, 
        {"sofa" : 1,  "begin" : 227,  "end" : 229 }, 
        {"sofa" : 1,  "begin" : 230,  "end" : 236 }, 
        {"sofa" : 1,  "begin" : 236,  "end" : 237 }, 
        {"sofa" : 1,  "begin" : 238,  "end" : 240 }, 
        {"sofa" : 1,  "begin" : 241,  "end" : 246 }, 
        {"sofa" : 1,  "begin" : 247,  "end" : 251 }, 
        {"sofa" : 1,  "begin" : 251,  "end" : 252 }, 
        {"sofa" : 1,  "begin" : 253,  "end" : 254 }, 
        {"sofa" : 1,  "begin" : 255,  "end" : 258 }, 
        {"sofa" : 1,  "begin" : 259,  "end" : 263 }, 
        {"sofa" : 1,  "begin" : 264,  "end" : 268 }, 
        {"sofa" : 1,  "begin" : 269,  "end" : 273 }, 
        {"sofa" : 1,  "begin" : 274,  "end" : 277 }, 
        {"sofa" : 1,  "begin" : 278,  "end" : 282 }, 
        {"sofa" : 1,  "begin" : 283,  "end" : 285 }, 
        {"sofa" : 1,  "begin" : 286,  "end" : 293 }, 
        {"sofa" : 1,  "begin" : 294,  "end" : 295 }, 
        {"sofa" : 1,  "begin" : 295,  "end" : 301 }, 
        {"sofa" : 1,  "begin" : 302,  "end" : 305 }, 
        {"sofa" : 1,  "begin" : 306,  "end" : 310 }, 
        {"sofa" : 1,  "begin" : 310,  "end" : 311 }, 
        {"sofa" : 1,  "begin" : 312,  "end" : 315 }, 
        {"sofa" : 1,  "begin" : 316,  "end" : 319 }, 
        {"sofa" : 1,  "begin" : 320,  "end" : 324 }, 
        {"sofa" : 1,  "begin" : 325,  "end" : 329 }, 
        {"sofa" : 1,  "begin" : 330,  "end" : 332 }, 
        {"sofa" : 1,  "begin" : 333,  "end" : 337 }, 
        {"sofa" : 1,  "begin" : 338,  "end" : 341 }, 
        {"sofa" : 1,  "begin" : 342,  "end" : 348 }, 
        {"sofa" : 1,  "begin" : 349,  "end" : 360 }, 
        {"sofa" : 1,  "begin" : 361,  "end" : 368 }, 
        {"sofa" : 1,  "begin" : 368,  "end" : 369 }, 
        {"sofa" : 1,  "begin" : 370,  "end" : 371 }, 
        {"sofa" : 1,  "begin" : 372,  "end" : 376 }, 
        {"sofa" : 1,  "begin" : 377,  "end" : 379 }, 
        {"sofa" : 1,  "begin" : 380,  "end" : 384 }, 
        {"sofa" : 1,  "begin" : 385,  "end" : 389 }, 
        {"sofa" : 1,  "begin" : 390,  "end" : 392 }, 
        {"sofa" : 1,  "begin" : 393,  "end" : 396 }, 
        {"sofa" : 1,  "begin" : 397,  "end" : 405 }, 
        {"sofa" : 1,  "begin" : 406,  "end" : 413 }, 
        {"sofa" : 1,  "begin" : 413,  "end" : 414 }, 
        {"sofa" : 1,  "begin" : 415,  "end" : 418 }, 
        {"sofa" : 1,  "begin" : 419,  "end" : 425 }, 
        {"sofa" : 1,  "begin" : 426,  "end" : 428 }, 
        {"sofa" : 1,  "begin" : 429,  "end" : 433 }, 
        {"sofa" : 1,  "begin" : 434,  "end" : 436 }, 
        {"sofa" : 1,  "begin" : 437,  "end" : 440 }, 
        {"sofa" : 1,  "begin" : 441,  "end" : 443 }, 
        {"sofa" : 1,  "begin" : 444,  "end" : 449 }, 
        {"sofa" : 1,  "begin" : 449,  "end" : 450 }, 
        {"sofa" : 1,  "begin" : 451,  "end" : 453 }, 
        {"sofa" : 1,  "begin" : 454,  "end" : 457 }, 
        {"sofa" : 1,  "begin" : 458,  "end" : 465 }, 
        {"sofa" : 1,  "begin" : 466,  "end" : 467 }, 
        {"sofa" : 1,  "begin" : 467,  "end" : 471 }, 
        {"sofa" : 1,  "begin" : 472,  "end" : 475 }, 
        {"sofa" : 1,  "begin" : 476,  "end" : 483 }, 
        {"sofa" : 1,  "begin" : 484,  "end" : 488 }, 
        {"sofa" : 1,  "begin" : 488,  "end" : 489 }, 
        {"sofa" : 1,  "begin" : 490,  "end" : 494 }, 
        {"sofa" : 1,  "begin" : 495,  "end" : 498 }, 
        {"sofa" : 1,  "begin" : 499,  "end" : 502 }, 
        {"sofa" : 1,  "begin" : 503,  "end" : 507 }, 
        {"sofa" : 1,  "begin" : 508,  "end" : 516 }, 
        {"sofa" : 1,  "begin" : 517,  "end" : 519 }, 
        {"sofa" : 1,  "begin" : 520,  "end" : 525 }, 
        {"sofa" : 1,  "begin" : 526,  "end" : 529 }, 
        {"sofa" : 1,  "begin" : 530,  "end" : 535 }, 
        {"sofa" : 1,  "begin" : 535,  "end" : 536 }, 
        {"sofa" : 1,  "begin" : 537,  "end" : 541 }, 
        {"sofa" : 1,  "begin" : 542,  "end" : 546 }, 
        {"sofa" : 1,  "begin" : 547,  "end" : 550 }, 
        {"sofa" : 1,  "begin" : 551,  "end" : 555 }, 
        {"sofa" : 1,  "begin" : 556,  "end" : 561 }, 
        {"sofa" : 1,  "begin" : 562,  "end" : 564 }, 
        {"sofa" : 1,  "begin" : 565,  "end" : 570 }, 
        {"sofa" : 1,  "begin" : 571,  "end" : 577 }, 
        {"sofa" : 1,  "begin" : 578,  "end" : 587 }, 
        {"sofa" : 1,  "begin" : 587,  "end" : 588 }, 
        {"sofa" : 1,  "begin" : 589,  "end" : 593 }, 
        {"sofa" : 1,  "begin" : 594,  "end" : 597 }, 
        {"sofa" : 1,  "begin" : 598,  "end" : 600 }, 
        {"sofa" : 1,  "begin" : 600,  "end" : 601 }, 
        {"sofa" : 1,  "begin" : 601,  "end" : 603 }, 
        {"sofa" : 1,  "begin" : 604,  "end" : 605 }, 
        {"sofa" : 1,  "begin" : 605,  "end" : 612 }, 
        {"sofa" : 1,  "begin" : 613,  "end" : 619 }, 
        {"sofa" : 1,  "begin" : 619,  "end" : 620 }, 
        {"sofa" : 1,  "begin" : 621,  "end" : 624 }, 
        {"sofa" : 1,  "begin" : 625,  "end" : 628 }, 
        {"sofa" : 1,  "begin" : 629,  "end" : 632 }, 
        {"sofa" : 1,  "begin" : 633,  "end" : 637 }, 
        {"sofa" : 1,  "begin" : 637,  "end" : 638 }, 
        {"sofa" : 1,  "begin" : 639,  "end" : 643 }, 
        {"sofa" : 1,  "begin" : 644,  "end" : 646 }, 
        {"sofa" : 1,  "begin" : 647,  "end" : 654 }, 
        {"sofa" : 1,  "begin" : 655,  "end" : 660 }, 
        {"sofa" : 1,  "begin" : 660,  "end" : 661 }, 
        {"sofa" : 1,  "begin" : 662,  "end" : 665 }, 
        {"sofa" : 1,  "begin" : 666,  "end" : 676 }, 
        {"sofa" : 1,  "begin" : 677,  "end" : 679 }, 
        {"sofa" : 1,  "begin" : 680,  "end" : 687 }, 
        {"sofa" : 1,  "begin" : 688,  "end" : 692 }, 
        {"sofa" : 1,  "begin" : 692,  "end" : 693 }, 
        {"sofa" : 1,  "begin" : 694,  "end" : 699 }, 
        {"sofa" : 1,  "begin" : 700,  "end" : 703 }, 
        {"sofa" : 1,  "begin" : 704,  "end" : 706 }, 
        {"sofa" : 1,  "begin" : 707,  "end" : 711 }, 
        {"sofa" : 1,  "begin" : 712,  "end" : 714 }, 
        {"sofa" : 1,  "begin" : 715,  "end" : 723 }, 
        {"sofa" : 1,  "begin" : 723,  "end" : 724 }, 
        {"sofa" : 1,  "begin" : 725,  "end" : 728 }, 
        {"sofa" : 1,  "begin" : 729,  "end" : 739 }, 
        {"sofa" : 1,  "begin" : 740,  "end" : 743 }, 
        {"sofa" : 1,  "begin" : 744,  "end" : 751 }, 
        {"sofa" : 1,  "begin" : 751,  "end" : 752 }, 
        {"sofa" : 1,  "begin" : 753,  "end" : 755 }, 
        {"sofa" : 1,  "begin" : 756,  "end" : 759 }, 
        {"sofa" : 1,  "begin" : 760,  "end" : 765 }, 
        {"sofa" : 1,  "begin" : 766,  "end" : 768 }, 
        {"sofa" : 1,  "begin" : 769,  "end" : 777 }, 
        {"sofa" : 1,  "begin" : 777,  "end" : 778 }, 
        {"sofa" : 1,  "begin" : 782,  "end" : 786 }, 
        {"sofa" : 1,  "begin" : 787,  "end" : 794 }, 
        {"sofa" : 1,  "begin" : 795,  "end" : 797 }, 
        {"sofa" : 1,  "begin" : 798,  "end" : 801 }, 
        {"sofa" : 1,  "begin" : 802,  "end" : 806 }, 
        {"sofa" : 1,  "begin" : 806,  "end" : 807 }, 
        {"sofa" : 1,  "begin" : 808,  "end" : 810 }, 
        {"sofa" : 1,  "begin" : 811,  "end" : 828 }, 
        {"sofa" : 1,  "begin" : 829,  "end" : 841 }, 
        {"sofa" : 1,  "begin" : 841,  "end" : 842 }, 
        {"sofa" : 1,  "begin" : 843,  "end" : 845 }, 
        {"sofa" : 1,  "begin" : 846,  "end" : 857 }, 
        {"sofa" : 1,  "begin" : 857,  "end" : 858 }, 
        {"sofa" : 1,  "begin" : 859,  "end" : 861 }, 
        {"sofa" : 1,  "begin" : 862,  "end" : 881 }, 
        {"sofa" : 1,  "begin" : 881,  "end" : 882 }, 
        {"sofa" : 1,  "begin" : 883,  "end" : 890 }, 
        {"sofa" : 1,  "begin" : 895,  "end" : 902 }, 
        {"sofa" : 1,  "begin" : 903,  "end" : 905 }, 
        {"sofa" : 1,  "begin" : 906,  "end" : 909 }, 
        {"sofa" : 1,  "begin" : 910,  "end" : 916 }, 
        {"sofa" : 1,  "begin" : 916,  "end" : 917 }, 
        {"sofa" : 1,  "begin" : 918,  "end" : 922 }, 
        {"sofa" : 1,  "begin" : 923,  "end" : 925 }, 
        {"sofa" : 1,  "begin" : 926,  "end" : 932 }, 
        {"sofa" : 1,  "begin" : 932,  "end" : 933 }, 
        {"sofa" : 1,  "begin" : 934,  "end" : 937 }, 
        {"sofa" : 1,  "begin" : 938,  "end" : 942 }, 
        {"sofa" : 1,  "begin" : 943,  "end" : 946 }, 
        {"sofa" : 1,  "begin" : 947,  "end" : 951 }, 
        {"sofa" : 1,  "begin" : 951,  "end" : 952 }, 
        {"sofa" : 1,  "begin" : 953,  "end" : 957 }, 
        {"sofa" : 1,  "begin" : 958,  "end" : 962 }, 
        {"sofa" : 1,  "begin" : 963,  "end" : 967 }, 
        {"sofa" : 1,  "begin" : 968,  "end" : 970 }, 
        {"sofa" : 1,  "begin" : 971,  "end" : 976 }, 
        {"sofa" : 1,  "begin" : 977,  "end" : 982 }, 
        {"sofa" : 1,  "begin" : 982,  "end" : 983 }, 
        {"sofa" : 1,  "begin" : 984,  "end" : 988 }, 
        {"sofa" : 1,  "begin" : 989,  "end" : 993 }, 
        {"sofa" : 1,  "begin" : 994,  "end" : 999 }, 
        {"sofa" : 1,  "begin" : 1000,  "end" : 1004 }, 
        {"sofa" : 1,  "begin" : 1005,  "end" : 1007 }, 
        {"sofa" : 1,  "begin" : 1008,  "end" : 1014 }, 
        {"sofa" : 1,  "begin" : 1014,  "end" : 1015 }, 
        {"sofa" : 1,  "begin" : 1016,  "end" : 1019 }, 
        {"sofa" : 1,  "begin" : 1020,  "end" : 1023 }, 
        {"sofa" : 1,  "begin" : 1024,  "end" : 1030 }, 
        {"sofa" : 1,  "begin" : 1031,  "end" : 1033 }, 
        {"sofa" : 1,  "begin" : 1034,  "end" : 1040 }, 
        {"sofa" : 1,  "begin" : 1040,  "end" : 1041 }, 
        {"sofa" : 1,  "begin" : 1042,  "end" : 1046 }, 
        {"sofa" : 1,  "begin" : 1047,  "end" : 1052 }, 
        {"sofa" : 1,  "begin" : 1053,  "end" : 1057 }, 
        {"sofa" : 1,  "begin" : 1058,  "end" : 1069 }, 
        {"sofa" : 1,  "begin" : 1069,  "end" : 1070 }, 
        {"sofa" : 1,  "begin" : 1071,  "end" : 1076 }, 
        {"sofa" : 1,  "begin" : 1077,  "end" : 1080 }, 
        {"sofa" : 1,  "begin" : 1081,  "end" : 1084 }, 
        {"sofa" : 1,  "begin" : 1085,  "end" : 1088 }, 
        {"sofa" : 1,  "begin" : 1089,  "end" : 1091 }, 
        {"sofa" : 1,  "begin" : 1092,  "end" : 1095 }, 
        {"sofa" : 1,  "begin" : 1096,  "end" : 1100 }, 
        {"sofa" : 1,  "begin" : 1100,  "end" : 1101 }, 
        {"sofa" : 1,  "begin" : 1102,  "end" : 1104 }, 
        {"sofa" : 1,  "begin" : 1105,  "end" : 1107 }, 
        {"sofa" : 1,  "begin" : 1108,  "end" : 1111 }, 
        {"sofa" : 1,  "begin" : 1112,  "end" : 1118 }, 
        {"sofa" : 1,  "begin" : 1119,  "end" : 1124 }, 
        {"sofa" : 1,  "begin" : 1124,  "end" : 1125 }, 
        {"sofa" : 1,  "begin" : 1126,  "end" : 1136 }, 
        {"sofa" : 1,  "begin" : 1137,  "end" : 1139 }, 
        {"sofa" : 1,  "begin" : 1140,  "end" : 1143 }, 
        {"sofa" : 1,  "begin" : 1144,  "end" : 1147 }, 
        {"sofa" : 1,  "begin" : 1148,  "end" : 1150 }, 
        {"sofa" : 1,  "begin" : 1151,  "end" : 1152 }, 
        {"sofa" : 1,  "begin" : 1153,  "end" : 1161 }, 
        {"sofa" : 1,  "begin" : 1161,  "end" : 1162 }, 
        {"sofa" : 1,  "begin" : 1163,  "end" : 1166 }, 
        {"sofa" : 1,  "begin" : 1167,  "end" : 1172 }, 
        {"sofa" : 1,  "begin" : 1172,  "end" : 1173 }, 
        {"sofa" : 1,  "begin" : 1174,  "end" : 1177 }, 
        {"sofa" : 1,  "begin" : 1178,  "end" : 1181 }, 
        {"sofa" : 1,  "begin" : 1182,  "end" : 1185 }, 
        {"sofa" : 1,  "begin" : 1186,  "end" : 1189 }, 
        {"sofa" : 1,  "begin" : 1190,  "end" : 1194 }, 
        {"sofa" : 1,  "begin" : 1195,  "end" : 1201 }, 
        {"sofa" : 1,  "begin" : 1202,  "end" : 1204 }, 
        {"sofa" : 1,  "begin" : 1205,  "end" : 1207 }, 
        {"sofa" : 1,  "begin" : 1208,  "end" : 1215 }, 
        {"sofa" : 1,  "begin" : 1215,  "end" : 1216 }, 
        {"sofa" : 1,  "begin" : 1217,  "end" : 1222 }, 
        {"sofa" : 1,  "begin" : 1223,  "end" : 1227 }, 
        {"sofa" : 1,  "begin" : 1228,  "end" : 1232 }, 
        {"sofa" : 1,  "begin" : 1233,  "end" : 1235 }, 
        {"sofa" : 1,  "begin" : 1236,  "end" : 1239 }, 
        {"sofa" : 1,  "begin" : 1240,  "end" : 1245 }, 
        {"sofa" : 1,  "begin" : 1246,  "end" : 1247 }, 
        {"sofa" : 1,  "begin" : 1248,  "end" : 1249 }, 
        {"sofa" : 1,  "begin" : 1250,  "end" : 1254 }, 
        {"sofa" : 1,  "begin" : 1255,  "end" : 1259 }, 
        {"sofa" : 1,  "begin" : 1260,  "end" : 1264 }, 
        {"sofa" : 1,  "begin" : 1264,  "end" : 1265 }, 
        {"sofa" : 1,  "begin" : 1266,  "end" : 1268 }, 
        {"sofa" : 1,  "begin" : 1269,  "end" : 1273 }, 
        {"sofa" : 1,  "begin" : 1274,  "end" : 1277 }, 
        {"sofa" : 1,  "begin" : 1278,  "end" : 1280 }, 
        {"sofa" : 1,  "begin" : 1281,  "end" : 1287 }, 
        {"sofa" : 1,  "begin" : 1287,  "end" : 1288 }, 
        {"sofa" : 1,  "begin" : 1289,  "end" : 1292 }, 
        {"sofa" : 1,  "begin" : 1293,  "end" : 1295 }, 
        {"sofa" : 1,  "begin" : 1296,  "end" : 1300 }, 
        {"sofa" : 1,  "begin" : 1301,  "end" : 1307 }, 
        {"sofa" : 1,  "begin" : 1308,  "end" : 1310 }, 
        {"sofa" : 1,  "begin" : 1311,  "end" : 1317 }, 
        {"sofa" : 1,  "begin" : 1317,  "end" : 1318 }, 
        {"sofa" : 1,  "begin" : 1319,  "end" : 1322 }, 
        {"sofa" : 1,  "begin" : 1323,  "end" : 1326 }, 
        {"sofa" : 1,  "begin" : 1327,  "end" : 1338 }, 
        {"sofa" : 1,  "begin" : 1339,  "end" : 1341 }, 
        {"sofa" : 1,  "begin" : 1342,  "end" : 1350 }, 
        {"sofa" : 1,  "begin" : 1350,  "end" : 1351 }, 
        {"sofa" : 1,  "begin" : 1352,  "end" : 1356 }, 
        {"sofa" : 1,  "begin" : 1357,  "end" : 1360 }, 
        {"sofa" : 1,  "begin" : 1361,  "end" : 1367 }, 
        {"sofa" : 1,  "begin" : 1368,  "end" : 1371 }, 
        {"sofa" : 1,  "begin" : 1372,  "end" : 1381 }, 
        {"sofa" : 1,  "begin" : 1382,  "end" : 1386 }, 
        {"sofa" : 1,  "begin" : 1386,  "end" : 1387 }, 
        {"sofa" : 1,  "begin" : 1388,  "end" : 1391 }, 
        {"sofa" : 1,  "begin" : 1392,  "end" : 1398 }, 
        {"sofa" : 1,  "begin" : 1399,  "end" : 1402 }, 
        {"sofa" : 1,  "begin" : 1403,  "end" : 1407 }, 
        {"sofa" : 1,  "begin" : 1407,  "end" : 1408 }, 
        {"sofa" : 1,  "begin" : 1412,  "end" : 1418 }, 
        {"sofa" : 1,  "begin" : 1419,  "end" : 1424 }, 
        {"sofa" : 1,  "begin" : 1425,  "end" : 1429 }, 
        {"sofa" : 1,  "begin" : 1430,  "end" : 1433 }, 
        {"sofa" : 1,  "begin" : 1434,  "end" : 1440 }, 
        {"sofa" : 1,  "begin" : 1441,  "end" : 1446 }, 
        {"sofa" : 1,  "begin" : 1446,  "end" : 1447 }, 
        {"sofa" : 1,  "begin" : 1448,  "end" : 1457 }, 
        {"sofa" : 1,  "begin" : 1458,  "end" : 1461 }, 
        {"sofa" : 1,  "begin" : 1462,  "end" : 1465 }, 
        {"sofa" : 1,  "begin" : 1465,  "end" : 1466 }, 
        {"sofa" : 1,  "begin" : 1467,  "end" : 1474 }, 
        {"sofa" : 1,  "begin" : 1475,  "end" : 1478 }, 
        {"sofa" : 1,  "begin" : 1479,  "end" : 1485 }, 
        {"sofa" : 1,  "begin" : 1486,  "end" : 1490 }, 
        {"sofa" : 1,  "begin" : 1490,  "end" : 1491 }, 
        {"sofa" : 1,  "begin" : 1492,  "end" : 1498 }, 
        {"sofa" : 1,  "begin" : 1499,  "end" : 1501 }, 
        {"sofa" : 1,  "begin" : 1502,  "end" : 1506 }, 
        {"sofa" : 1,  "begin" : 1507,  "end" : 1511 }, 
        {"sofa" : 1,  "begin" : 1512,  "end" : 1516 }, 
        {"sofa" : 1,  "begin" : 1517,  "end" : 1520 }, 
        {"sofa" : 1,  "begin" : 1521,  "end" : 1526 }, 
        {"sofa" : 1,  "begin" : 1526,  "end" : 1527 }, 
        {"sofa" : 1,  "begin" : 1528,  "end" : 1530 }, 
        {"sofa" : 1,  "begin" : 1531,  "end" : 1537 }, 
        {"sofa" : 1,  "begin" : 1538,  "end" : 1545 }, 
        {"sofa" : 1,  "begin" : 1546,  "end" : 1552 }, 
        {"sofa" : 1,  "begin" : 1552,  "end" : 1553 }, 
        {"sofa" : 1,  "begin" : 1554,  "end" : 1558 }, 
        {"sofa" : 1,  "begin" : 1559,  "end" : 1568 }, 
        {"sofa" : 1,  "begin" : 1568,  "end" : 1569 }, 
        {"sofa" : 1,  "begin" : 1570,  "end" : 1575 }, 
        {"sofa" : 1,  "begin" : 1576,  "end" : 1579 }, 
        {"sofa" : 1,  "begin" : 1580,  "end" : 1583 }, 
        {"sofa" : 1,  "begin" : 1584,  "end" : 1588 }, 
        {"sofa" : 1,  "begin" : 1588,  "end" : 1589 }, 
        {"sofa" : 1,  "begin" : 1593,  "end" : 1601 }, 
        {"sofa" : 1,  "begin" : 1602,  "end" : 1607 }, 
        {"sofa" : 1,  "begin" : 1608,  "end" : 1613 }, 
        {"sofa" : 1,  "begin" : 1614,  "end" : 1616 }, 
        {"sofa" : 1,  "begin" : 1617,  "end" : 1624 }, 
        {"sofa" : 1,  "begin" : 1625,  "end" : 1631 }, 
        {"sofa" : 1,  "begin" : 1632,  "end" : 1633 }, 
        {"sofa" : 1,  "begin" : 1634,  "end" : 1640 }, 
        {"sofa" : 1,  "begin" : 1640,  "end" : 1641 }, 
        {"sofa" : 1,  "begin" : 1642,  "end" : 1644 }, 
        {"sofa" : 1,  "begin" : 1645,  "end" : 1650 }, 
        {"sofa" : 1,  "begin" : 1651,  "end" : 1653 }, 
        {"sofa" : 1,  "begin" : 1654,  "end" : 1657 }, 
        {"sofa" : 1,  "begin" : 1658,  "end" : 1662 }, 
        {"sofa" : 1,  "begin" : 1662,  "end" : 1663 }, 
        {"sofa" : 1,  "begin" : 1664,  "end" : 1669 }, 
        {"sofa" : 1,  "begin" : 1670,  "end" : 1676 }, 
        {"sofa" : 1,  "begin" : 1677,  "end" : 1679 }, 
        {"sofa" : 1,  "begin" : 1680,  "end" : 1684 }, 
        {"sofa" : 1,  "begin" : 1685,  "end" : 1688 }, 
        {"sofa" : 1,  "begin" : 1689,  "end" : 1693 }, 
        {"sofa" : 1,  "begin" : 1693,  "end" : 1694 }, 
        {"sofa" : 1,  "begin" : 1695,  "end" : 1700 }, 
        {"sofa" : 1,  "begin" : 1701,  "end" : 1705 }, 
        {"sofa" : 1,  "begin" : 1706,  "end" : 1710 }, 
        {"sofa" : 1,  "begin" : 1711,  "end" : 1713 }, 
        {"sofa" : 1,  "begin" : 1714,  "end" : 1726 }, 
        {"sofa" : 1,  "begin" : 1726,  "end" : 1727 }, 
        {"sofa" : 1,  "begin" : 1728,  "end" : 1732 }, 
        {"sofa" : 1,  "begin" : 1733,  "end" : 1739 }, 
        {"sofa" : 1,  "begin" : 1740,  "end" : 1742 }, 
        {"sofa" : 1,  "begin" : 1743,  "end" : 1747 }, 
        {"sofa" : 1,  "begin" : 1748,  "end" : 1751 }, 
        {"sofa" : 1,  "begin" : 1752,  "end" : 1756 }, 
        {"sofa" : 1,  "begin" : 1756,  "end" : 1757 }, 
        {"sofa" : 1,  "begin" : 1758,  "end" : 1762 }, 
        {"sofa" : 1,  "begin" : 1763,  "end" : 1774 }, 
        {"sofa" : 1,  "begin" : 1775,  "end" : 1778 }, 
        {"sofa" : 1,  "begin" : 1779,  "end" : 1787 }, 
        {"sofa" : 1,  "begin" : 1787,  "end" : 1788 }, 
        {"sofa" : 1,  "begin" : 1789,  "end" : 1795 }, 
        {"sofa" : 1,  "begin" : 1796,  "end" : 1801 }, 
        {"sofa" : 1,  "begin" : 1801,  "end" : 1802 }, 
        {"sofa" : 1,  "begin" : 1803,  "end" : 1806 }, 
        {"sofa" : 1,  "begin" : 1807,  "end" : 1811 }, 
        {"sofa" : 1,  "begin" : 1812,  "end" : 1815 }, 
        {"sofa" : 1,  "begin" : 1815,  "end" : 1816 }, 
        {"sofa" : 1,  "begin" : 1817,  "end" : 1819 }, 
        {"sofa" : 1,  "begin" : 1820,  "end" : 1822 }, 
        {"sofa" : 1,  "begin" : 1823,  "end" : 1829 }, 
        {"sofa" : 1,  "begin" : 1830,  "end" : 1835 }, 
        {"sofa" : 1,  "begin" : 1836,  "end" : 1837 }, 
        {"sofa" : 1,  "begin" : 1838,  "end" : 1843 }, 
        {"sofa" : 1,  "begin" : 1843,  "end" : 1844 }, 
        {"sofa" : 1,  "begin" : 1845,  "end" : 1848 }, 
        {"sofa" : 1,  "begin" : 1849,  "end" : 1853 }, 
        {"sofa" : 1,  "begin" : 1854,  "end" : 1856 }, 
        {"sofa" : 1,  "begin" : 1857,  "end" : 1859 }, 
        {"sofa" : 1,  "begin" : 1860,  "end" : 1868 }, 
        {"sofa" : 1,  "begin" : 1868,  "end" : 1869 }, 
        {"sofa" : 1,  "begin" : 1870,  "end" : 1873 }, 
        {"sofa" : 1,  "begin" : 1874,  "end" : 1879 }, 
        {"sofa" : 1,  "begin" : 1880,  "end" : 1882 }, 
        {"sofa" : 1,  "begin" : 1883,  "end" : 1887 }, 
        {"sofa" : 1,  "begin" : 1888,  "end" : 1890 }, 
        {"sofa" : 1,  "begin" : 1891,  "end" : 1902 }, 
        {"sofa" : 1,  "begin" : 1902,  "end" : 1903 }, 
        {"sofa" : 1,  "begin" : 1907,  "end" : 1912 }, 
        {"sofa" : 1,  "begin" : 1913,  "end" : 1921 }, 
        {"sofa" : 1,  "begin" : 1922,  "end" : 1927 }, 
        {"sofa" : 1,  "begin" : 1928,  "end" : 1930 }, 
        {"sofa" : 1,  "begin" : 1931,  "end" : 1938 }, 
        {"sofa" : 1,  "begin" : 1939,  "end" : 1945 }, 
        {"sofa" : 1,  "begin" : 1945,  "end" : 1946 }, 
        {"sofa" : 1,  "begin" : 1950,  "end" : 1957 }, 
        {"sofa" : 1,  "begin" : 1958,  "end" : 1964 }, 
        {"sofa" : 1,  "begin" : 1965,  "end" : 1969 }, 
        {"sofa" : 1,  "begin" : 1970,  "end" : 1973 }, 
        {"sofa" : 1,  "begin" : 1974,  "end" : 1979 }, 
        {"sofa" : 1,  "begin" : 1980,  "end" : 1985 }, 
        {"sofa" : 1,  "begin" : 1985,  "end" : 1986 }, 
        {"sofa" : 1,  "begin" : 1987,  "end" : 1990 }, 
        {"sofa" : 1,  "begin" : 1991,  "end" : 1995 }, 
        {"sofa" : 1,  "begin" : 1995,  "end" : 1996 }, 
        {"sofa" : 1,  "begin" : 1997,  "end" : 2000 }, 
        {"sofa" : 1,  "begin" : 2001,  "end" : 2007 }, 
        {"sofa" : 1,  "begin" : 2007,  "end" : 2008 }, 
        {"sofa" : 1,  "begin" : 2009,  "end" : 2012 }, 
        {"sofa" : 1,  "begin" : 2013,  "end" : 2015 }, 
        {"sofa" : 1,  "begin" : 2016,  "end" : 2019 }, 
        {"sofa" : 1,  "begin" : 2020,  "end" : 2025 }, 
        {"sofa" : 1,  "begin" : 2026,  "end" : 2030 }, 
        {"sofa" : 1,  "begin" : 2031,  "end" : 2035 }, 
        {"sofa" : 1,  "begin" : 2036,  "end" : 2043 }, 
        {"sofa" : 1,  "begin" : 2044,  "end" : 2047 }, 
        {"sofa" : 1,  "begin" : 2048,  "end" : 2055 }, 
        {"sofa" : 1,  "begin" : 2055,  "end" : 2056 }, 
        {"sofa" : 1,  "begin" : 2057,  "end" : 2063 }, 
        {"sofa" : 1,  "begin" : 2064,  "end" : 2068 }, 
        {"sofa" : 1,  "begin" : 2069,  "end" : 2071 }, 
        {"sofa" : 1,  "begin" : 2072,  "end" : 2075 }, 
        {"sofa" : 1,  "begin" : 2076,  "end" : 2079 }, 
        {"sofa" : 1,  "begin" : 2080,  "end" : 2087 }, 
        {"sofa" : 1,  "begin" : 2087,  "end" : 2088 }, 
        {"sofa" : 1,  "begin" : 2089,  "end" : 2093 }, 
        {"sofa" : 1,  "begin" : 2094,  "end" : 2097 }, 
        {"sofa" : 1,  "begin" : 2098,  "end" : 2104 }, 
        {"sofa" : 1,  "begin" : 2105,  "end" : 2107 }, 
        {"sofa" : 1,  "begin" : 2108,  "end" : 2115 }, 
        {"sofa" : 1,  "begin" : 2115,  "end" : 2116 }, 
        {"sofa" : 1,  "begin" : 2117,  "end" : 2120 }, 
        {"sofa" : 1,  "begin" : 2121,  "end" : 2124 }, 
        {"sofa" : 1,  "begin" : 2125,  "end" : 2128 }, 
        {"sofa" : 1,  "begin" : 2128,  "end" : 2129 }, 
        {"sofa" : 1,  "begin" : 2133,  "end" : 2140 }, 
        {"sofa" : 1,  "begin" : 2141,  "end" : 2146 }, 
        {"sofa" : 1,  "begin" : 2147,  "end" : 2150 }, 
        {"sofa" : 1,  "begin" : 2151,  "end" : 2154 }, 
        {"sofa" : 1,  "begin" : 2154,  "end" : 2155 }, 
        {"sofa" : 1,  "begin" : 2156,  "end" : 2163 }, 
        {"sofa" : 1,  "begin" : 2164,  "end" : 2168 }, 
        {"sofa" : 1,  "begin" : 2169,  "end" : 2171 }, 
        {"sofa" : 1,  "begin" : 2172,  "end" : 2177 }, 
        {"sofa" : 1,  "begin" : 2178,  "end" : 2180 }, 
        {"sofa" : 1,  "begin" : 2181,  "end" : 2186 }, 
        {"sofa" : 1,  "begin" : 2187,  "end" : 2193 }, 
        {"sofa" : 1,  "begin" : 2194,  "end" : 2199 }, 
        {"sofa" : 1,  "begin" : 2200,  "end" : 2205 }, 
        {"sofa" : 1,  "begin" : 2206,  "end" : 2211 }, 
        {"sofa" : 1,  "begin" : 2212,  "end" : 2216 }, 
        {"sofa" : 1,  "begin" : 2217,  "end" : 2221 }, 
        {"sofa" : 1,  "begin" : 2221,  "end" : 2222 }, 
        {"sofa" : 1,  "begin" : 2223,  "end" : 2227 }, 
        {"sofa" : 1,  "begin" : 2228,  "end" : 2231 }, 
        {"sofa" : 1,  "begin" : 2232,  "end" : 2240 }, 
        {"sofa" : 1,  "begin" : 2240,  "end" : 2241 }, 
        {"sofa" : 1,  "begin" : 2242,  "end" : 2254 }, 
        {"sofa" : 1,  "begin" : 2255,  "end" : 2257 }, 
        {"sofa" : 1,  "begin" : 2258,  "end" : 2261 }, 
        {"sofa" : 1,  "begin" : 2262,  "end" : 2266 }, 
        {"sofa" : 1,  "begin" : 2266,  "end" : 2267 }, 
        {"sofa" : 1,  "begin" : 2268,  "end" : 2272 }, 
        {"sofa" : 1,  "begin" : 2273,  "end" : 2277 }, 
        {"sofa" : 1,  "begin" : 2278,  "end" : 2282 }, 
        {"sofa" : 1,  "begin" : 2282,  "end" : 2283 }, 
        {"sofa" : 1,  "begin" : 2284,  "end" : 2289 }, 
        {"sofa" : 1,  "begin" : 2290,  "end" : 2294 }, 
        {"sofa" : 1,  "begin" : 2295,  "end" : 2298 }, 
        {"sofa" : 1,  "begin" : 2299,  "end" : 2304 }, 
        {"sofa" : 1,  "begin" : 2304,  "end" : 2305 }, 
        {"sofa" : 1,  "begin" : 2306,  "end" : 2311 }, 
        {"sofa" : 1,  "begin" : 2312,  "end" : 2317 }, 
        {"sofa" : 1,  "begin" : 2318,  "end" : 2321 }, 
        {"sofa" : 1,  "begin" : 2322,  "end" : 2326 }, 
        {"sofa" : 1,  "begin" : 2327,  "end" : 2329 }, 
        {"sofa" : 1,  "begin" : 2330,  "end" : 2336 }, 
        {"sofa" : 1,  "begin" : 2337,  "end" : 2338 }, 
        {"sofa" : 1,  "begin" : 2339,  "end" : 2343 }, 
        {"sofa" : 1,  "begin" : 2343,  "end" : 2344 }, 
        {"sofa" : 1,  "begin" : 2345,  "end" : 2347 }, 
        {"sofa" : 1,  "begin" : 2348,  "end" : 2351 }, 
        {"sofa" : 1,  "begin" : 2352,  "end" : 2360 }, 
        {"sofa" : 1,  "begin" : 2361,  "end" : 2364 }, 
        {"sofa" : 1,  "begin" : 2365,  "end" : 2372 }, 
        {"sofa" : 1,  "begin" : 2372,  "end" : 2373 } ] } }, 
  "_referenced_fss" : {
    "1" : {"_type" : "Sofa",  "sofaNum" : 1,  "sofaID" : "_InitialView",  "mimeType" : "text",  "sofaString" : "Isop is reasonable long lasting: young roots are good set, slips better. A good pot-hearbe. \n \nIuly-flowers, commonly called Gilly-flowers, or Cloue-Iuly-flowers (I call them so, because they flowre in Iuly) they haue the name of Cloues, of their sent. I may well call them the King of flowers (except the Rose) and the best sort of them are called Queene-Iuly flowers. I haue of them nine or ten seuerall colours, and diuers of them as big as Roses: of all flowers (saue the Damaske Rose) they are the most pleasant to sight and smell: they last not past three or foure yeeres vnremoued. Take the sl•ps (without shanks) aud set any time, saue in extreme frost, but especially at Michael tide. Their vse is much in ornament, and conforting the spirits, by the sence of smelling. \n \nIuly flowers of the wall, or wall-Iuly-flowers wall-flowers, or Bee-flowers, or Winter-Iuly-flowers, because \n\n \ngrowing in the walles, euen in Winter, and good for Bees, will grow euen in stone walls, they will seeme dead in Summer, and yet reuiue in Winter. They yeeld seed plentifully, which you may sow at any time, or in any broken earth, especially on the top of a mud-wall, but moist, you may set the root before it be brancht, euery slip that is not flowr ' d will take root, or crop him in Summer, and he will flower in Winter: but his Winter-seed is vntimely. This and Palmes are exceeding good, and timely for Bees. \n \nLeekes yeeld seed the second yeere, vnremoued and die, vnlesse you remoue them, vsuall to eate with salt and bread, as Onyons alwaies greene, good pot-hearb, euill for the eyes. \n \nLauendar Spike would be remoued within 7 yeeres, or eight at the most. Slips twined as Isop and Sage, would take best at Michael-tide. This flower is good for Bees, most comfortable for smelling, except Roses: and kept dry, is as strong after a yeere, and when it is gathered. The water of this is comfortable. \n \nWhite Lauendar would be remoued sooner. \n \nLettice yeelds seed the first yeere, and dyes: sow betime, and if you would haue them Cabbage for Sallets, remoue them as you doe Cabbage. They are vsuall in Sallets, and the pot. \n \nLillies white and red, remoued once in three or foure yeeres their roots yeeld many Sets, like the Garlicke, Michael-tide is the best: they grow high, after they get roote: these roots are good to breake a Byle, as are Mallowes and Sorrell." }, 
    "6645" : {"_type" : "Span",  "sofa" : 1,  "begin" : 241,  "end" : 246,  "label" : "Smell_Source" }, 
    "6650" : {"_type" : "Span",  "sofa" : 1,  "begin" : 95,  "end" : 107,  "label" : "Smell_Source" }, 
    "6662" : {"_type" : "Span",  "sofa" : 1,  "begin" : 125,  "end" : 138,  "label" : "Smell_Source" }, 
    "6674" : {"_type" : "Span",  "sofa" : 1,  "begin" : 143,  "end" : 161,  "label" : "Smell_Source" }, 
    "6640" : {"_type" : "Span",  "sofa" : 1,  "begin" : 247,  "end" : 251,  "label" : "Smell_Word" }, 
    "6686" : {"_type" : "Span",  "sofa" : 1,  "begin" : 199,  "end" : 206,  "label" : "Time" }, 
    "6722" : {"_type" : "Span",  "sofa" : 1,  "begin" : 490,  "end" : 494,  "label" : "Smell_Source" }, 
    "6705" : {"_type" : "Span",  "sofa" : 1,  "begin" : 530,  "end" : 535,  "label" : "Smell_Word" }, 
    "6710" : {"_type" : "Span",  "sofa" : 1,  "begin" : 499,  "end" : 516,  "label" : "Quality" }, 
    "6760" : {"_type" : "Span",  "sofa" : 1,  "begin" : 694,  "end" : 699,  "label" : "Smell_Source" }, 
    "6755" : {"_type" : "Span",  "sofa" : 1,  "begin" : 769,  "end" : 777,  "label" : "Smell_Word" }, 
    "6772" : {"_type" : "Span",  "sofa" : 1,  "begin" : 729,  "end" : 751,  "label" : "Effect" }, 
    "6822" : {"_type" : "Span",  "sofa" : 1,  "begin" : 1728,  "end" : 1739,  "label" : "Smell_Source" }, 
    "6832" : {"_type" : "Span",  "sofa" : 1,  "begin" : 782,  "end" : 806,  "label" : "Smell_Source" }, 
    "6837" : {"_type" : "Span",  "sofa" : 1,  "begin" : 811,  "end" : 841,  "label" : "Smell_Source" }, 
    "6842" : {"_type" : "Span",  "sofa" : 1,  "begin" : 846,  "end" : 857,  "label" : "Smell_Source" }, 
    "6847" : {"_type" : "Span",  "sofa" : 1,  "begin" : 862,  "end" : 881,  "label" : "Smell_Source" }, 
    "6805" : {"_type" : "Span",  "sofa" : 1,  "begin" : 1779,  "end" : 1787,  "label" : "Smell_Word" }, 
    "6810" : {"_type" : "Span",  "sofa" : 1,  "begin" : 1758,  "end" : 1774,  "label" : "Quality" }, 
    "6880" : {"_type" : "Span",  "sofa" : 1,  "begin" : 1807,  "end" : 1815,  "label" : "Circumstances" }, 
    "6892" : {"_type" : "Span",  "sofa" : 1,  "begin" : 1823,  "end" : 1829,  "label" : "Quality" }, 
    "6904" : {"_type" : "Span",  "sofa" : 1,  "begin" : 1830,  "end" : 1843,  "label" : "Time" }, 
    "6921" : {"_type" : "Span",  "sofa" : 1,  "begin" : 1849,  "end" : 1868,  "label" : "Time" } } }