#FORMAT=WebAnno TSV 3.3


#Text=Ego sum via, veritas et vita.
1-1	2-5	Ego	
1-2	6-9	sum	
1-3	10-13	via	
1-4	13-14	,	
1-5	15-22	veritas	
1-6	23-25	et	
1-7	26-30	vita	
1-8	30-31	.	

#Text=Graeca: Ἐγώ εἰμι τὸ ἄλφα καὶ τὀ ὠμέγα.
2-1	32-38	Graeca	
2-2	38-39	:	
2-3	40-43	Ἐγώ	
2-4	44-48	εἰμι	
2-5	49-51	τὸ	
2-6	52-56	ἄλφα	
2-7	57-60	καὶ	
2-8	61-63	τὀ	
2-9	64-69	ὠμέγα	
2-10	69-70	.	

#Text=Hebraica: לְכוּ בְנים שְּׁמְעוּ לִי יִרְאַת יְהֹוָה אֲלַמֶּדְכֶם
#Text=
#Text=ti.
3-1	71-79	Hebraica	
3-2	79-80	:	
3-3	81-86	לְכוּ	
3-4	87-92	בְנים	
3-5	93-102	שְּׁמְעוּ	
3-6	103-106	לִי	
3-7	107-114	יִרְאַת	
3-8	115-122	יְהֹוָה	
3-9	123-135	אֲלַמֶּדְכֶם	
3-10	137-139	ti	
3-11	139-140	.	

#Text=Laeto nimirum omine nos salutauit Dominus Iesus.
#Text=eu.
4-1	141-146	Laeto	
4-2	147-154	nimirum	
4-3	155-160	omine	
4-4	161-164	nos	
4-5	165-174	salutauit	
4-6	175-182	Dominus	
4-7	183-188	Iesus	
4-8	188-189	.	
4-9	190-192	eu	
4-10	192-193	.	

#Text=Sed ne videamur inciuiles, fortassis par est, ut illum resalutemus precemurque, ut, quando ex nobis ipsi nihil possumus, ille sua inaestimabili bonitate non sinat nos unquam aberrare a via salutis, sed, abiectis umbris Iudaicis et huius mundi praestigiis, per veritatem euangelicam perducat nos ad vitam aeternam: hoc est, ipse per se trahat nos ad se.
#Text=ti.
5-1	194-197	Sed	
5-2	198-200	ne	
5-3	201-209	videamur	
5-4	210-219	inciuiles	
5-5	219-220	,	
5-6	221-230	fortassis	
5-7	231-234	par	
5-8	235-238	est	
5-9	238-239	,	
5-10	240-242	ut	
5-11	243-248	illum	
5-12	249-260	resalutemus	
5-13	261-272	precemurque	
5-14	272-273	,	
5-15	274-276	ut	
5-16	276-277	,	
5-17	278-284	quando	
5-18	285-287	ex	
5-19	288-293	nobis	
5-20	294-298	ipsi	
5-21	299-304	nihil	
5-22	305-313	possumus	
5-23	313-314	,	
5-24	315-319	ille	
5-25	320-323	sua	
5-26	324-337	inaestimabili	
5-27	338-346	bonitate	
5-28	347-350	non	
5-29	351-356	sinat	
5-30	357-360	nos	
5-31	361-367	unquam	
5-32	368-376	aberrare	
5-33	377-378	a	
5-34	379-382	via	
5-35	383-390	salutis	
5-36	390-391	,	
5-37	392-395	sed	
5-38	395-396	,	
5-39	397-405	abiectis	
5-40	406-412	umbris	
5-41	413-421	Iudaicis	
5-42	422-424	et	
5-43	425-430	huius	
5-44	431-436	mundi	
5-45	437-448	praestigiis	
5-46	448-449	,	
5-47	450-453	per	
5-48	454-463	veritatem	
5-49	464-475	euangelicam	
5-50	476-484	perducat	
5-51	485-488	nos	
5-52	489-491	ad	
5-53	492-497	vitam	
5-54	498-506	aeternam	
5-55	506-507	:	
5-56	508-511	hoc	
5-57	512-515	est	
5-58	515-516	,	
5-59	517-521	ipse	
5-60	522-525	per	
5-61	526-528	se	
5-62	529-535	trahat	
5-63	536-539	nos	
5-64	540-542	ad	
5-65	543-545	se	
5-66	545-546	.	
5-67	547-549	ti	
5-68	549-550	.	

#Text=Aequissimum est, et ipsa loci species inuitat ad precandum.
#Text=eu.
6-1	551-562	Aequissimum	
6-2	563-566	est	
6-3	566-567	,	
6-4	568-570	et	
6-5	571-575	ipsa	
6-6	576-580	loci	
6-7	581-588	species	
6-8	589-596	inuitat	
6-9	597-599	ad	
6-10	600-609	precandum	
6-11	609-610	.	
6-12	611-613	eu	
6-13	613-614	.	

#Text=Multos hospites allicit huius porti amoenitas: sed ita fere apud omnes inualuit consuetudo, ut nemo praetereat Iesum insalutatum.
7-1	615-621	Multos	
7-2	622-630	hospites	
7-3	631-638	allicit	
7-4	639-644	huius	
7-5	645-650	porti	
7-6	651-660	amoenitas	
7-7	660-661	:	
7-8	662-665	sed	
7-9	666-669	ita	
7-10	670-674	fere	
7-11	675-679	apud	
7-12	680-685	omnes	
7-13	686-694	inualuit	
7-14	695-705	consuetudo	
7-15	705-706	,	
7-16	707-709	ut	
7-17	710-714	nemo	
7-18	715-725	praetereat	
7-19	726-731	Iesum	
7-20	732-743	insalutatum	
7-21	743-744	.	

#Text=Hunc ego, vice foedissimi Priapi, custodem posui, non solum horti mei, sed omnium, quae possideo, denique corporis pariter atque animi.
8-1	745-749	Hunc	
8-2	750-753	ego	
8-3	753-754	,	
8-4	755-759	vice	
8-5	760-770	foedissimi	
8-6	771-777	Priapi	
8-7	777-778	,	
8-8	779-787	custodem	
8-9	788-793	posui	
8-10	793-794	,	
8-11	795-798	non	
8-12	799-804	solum	
8-13	805-810	horti	
8-14	811-814	mei	
8-15	814-815	,	
8-16	816-819	sed	
8-17	820-826	omnium	
8-18	826-827	,	
8-19	828-832	quae	
8-20	833-841	possideo	
8-21	841-842	,	
8-22	843-850	denique	
8-23	851-859	corporis	
8-24	860-867	pariter	
8-25	868-873	atque	
8-26	874-879	animi	
8-27	879-880	.	

#Text=Adest, ut videtis, fonticulus saluberrimis aquis non inamoene scatens, utcunque repraesentans unicum illum fontem, qui coelesti latice refocillat omnes laborantes et oneratos, et ad quem anhelat anima delassata malis huius mundi, non aliter quam iuxta Psalmistam, ceruus aestuans siti, gustatis serpentium carnibus.
9-1	881-886	Adest	
9-2	886-887	,	
9-3	888-890	ut	
9-4	891-898	videtis	
9-5	898-899	,	
9-6	900-910	fonticulus	
9-7	911-923	saluberrimis	
9-8	924-929	aquis	
9-9	930-933	non	
9-10	934-942	inamoene	
9-11	943-950	scatens	
9-12	950-951	,	
9-13	952-960	utcunque	
9-14	961-974	repraesentans	
9-15	975-981	unicum	
9-16	982-987	illum	
9-17	988-994	fontem	
9-18	994-995	,	
9-19	996-999	qui	
9-20	1000-1008	coelesti	
9-21	1009-1015	latice	
9-22	1016-1026	refocillat	
9-23	1027-1032	omnes	
9-24	1033-1043	laborantes	
9-25	1044-1046	et	
9-26	1047-1055	oneratos	
9-27	1055-1056	,	
9-28	1057-1059	et	
9-29	1060-1062	ad	
9-30	1063-1067	quem	
9-31	1068-1075	anhelat	
9-32	1076-1081	anima	
9-33	1082-1091	delassata	
9-34	1092-1097	malis	
9-35	1098-1103	huius	
9-36	1104-1109	mundi	
9-37	1109-1110	,	
9-38	1111-1114	non	
9-39	1115-1121	aliter	
9-40	1122-1126	quam	
9-41	1127-1132	iuxta	
9-42	1133-1143	Psalmistam	
9-43	1143-1144	,	
9-44	1145-1151	ceruus	
9-45	1152-1160	aestuans	
9-46	1161-1165	siti	
9-47	1165-1166	,	
9-48	1167-1175	gustatis	
9-49	1176-1186	serpentium	
9-50	1187-1195	carnibus	
9-51	1195-1196	.	

#Text=Hunc gratis haurire licet, quisquis sitit.
10-1	1197-1201	Hunc	
10-2	1202-1208	gratis	
10-3	1209-1216	haurire	
10-4	1217-1222	licet	
10-5	1222-1223	,	
10-6	1224-1232	quisquis	
10-7	1233-1238	sitit	
10-8	1238-1239	.	

#Text=Nonnulli et religionis gratia sese aspergunt.
11-1	1240-1248	Nonnulli	
11-2	1249-1251	et	
11-3	1252-1262	religionis	
11-4	1263-1269	gratia	
11-5	1270-1274	sese	
11-6	1275-1284	aspergunt	
11-7	1284-1285	.	

#Text=Quidam etiam bibunt, non sitis, sed religionis causa.
12-1	1286-1292	Quidam	
12-2	1293-1298	etiam	
12-3	1299-1305	bibunt	
12-4	1305-1306	,	
12-5	1307-1310	non	
12-6	1311-1316	sitis	
12-7	1316-1317	,	
12-8	1318-1321	sed	
12-9	1322-1332	religionis	
12-10	1333-1338	causa	
12-11	1338-1339	.	

#Text=Video, vos inuitos avelli ab hoc loco.
13-1	1340-1345	Video	
13-2	1345-1346	,	
13-3	1347-1350	vos	
13-4	1351-1358	inuitos	
13-5	1359-1365	avelli	
13-6	1366-1368	ab	
13-7	1369-1372	hoc	
13-8	1373-1377	loco	
13-9	1377-1378	.	

#Text=Sed interim hora monet, ut visamus hunc cultiorem hortum, quem in quadrum cingunt muri regiae meae.
14-1	1379-1382	Sed	
14-2	1383-1390	interim	
14-3	1391-1395	hora	
14-4	1396-1401	monet	
14-5	1401-1402	,	
14-6	1403-1405	ut	
14-7	1406-1413	visamus	
14-8	1414-1418	hunc	
14-9	1419-1428	cultiorem	
14-10	1429-1435	hortum	
14-11	1435-1436	,	
14-12	1437-1441	quem	
14-13	1442-1444	in	
14-14	1445-1452	quadrum	
14-15	1453-1460	cingunt	
14-16	1461-1465	muri	
14-17	1466-1472	regiae	
14-18	1473-1477	meae	
14-19	1477-1478	.	

#Text=Si quid erit visendum intus, a prandio spectabitis, quum solis aestus nos, veluti cochleas, domi cohibebit horis aliquot.
#Text=ti.
15-1	1479-1481	Si	
15-2	1482-1486	quid	
15-3	1487-1491	erit	
15-4	1492-1500	visendum	
15-5	1501-1506	intus	
15-6	1506-1507	,	
15-7	1508-1509	a	
15-8	1510-1517	prandio	
15-9	1518-1529	spectabitis	
15-10	1529-1530	,	
15-11	1531-1535	quum	
15-12	1536-1541	solis	
15-13	1542-1548	aestus	
15-14	1549-1552	nos	
15-15	1552-1553	,	
15-16	1554-1560	veluti	
15-17	1561-1569	cochleas	
15-18	1569-1570	,	
15-19	1571-1575	domi	
15-20	1576-1585	cohibebit	
15-21	1586-1591	horis	
15-22	1592-1599	aliquot	
15-23	1599-1600	.	
15-24	1601-1603	ti	
15-25	1603-1604	.	

#Text=Papae!
16-1	1605-1610	Papae	
16-2	1610-1611	!	

#Text=Epicureos hortos mihi videre videor.
#Text=eu.
17-1	1612-1621	Epicureos	
17-2	1622-1628	hortos	
17-3	1629-1633	mihi	
17-4	1634-1640	videre	
17-5	1641-1647	videor	
17-6	1647-1648	.	
17-7	1649-1651	eu	
17-8	1651-1652	.	
