#FORMAT=WebAnno TSV 3.3


#Text=infantum et adolefcentulorum per.
1-1	2-10	infantum	
1-2	11-13	et	
1-3	14-30	adolefcentulorum	
1-4	31-34	per	
1-5	34-35	.	

#Text="spirationenı senibus falutarem esse contendit.
2-1	36-37	"	
2-2	37-49	spirationenı	
2-3	50-57	senibus	
2-4	58-67	falutarem	
2-5	68-72	esse	
2-6	73-82	contendit	
2-7	82-83	.	

#Text=Sed persuasum mihi eft,
#Text=
#Text=calorem illorum frigidis fenum corporibus prodeffe pofle,
#Text=
#Text=
#Text=
#Text=
#Text=
#Text=Quod atttinet fexum, viri caeteris paribus acrius olere dicuntur, quam feminae t).
3-1	84-87	Sed	
3-2	88-97	persuasum	
3-3	98-102	mihi	
3-4	103-106	eft	
3-5	106-107	,	
3-6	109-116	calorem	
3-7	117-124	illorum	
3-8	125-133	frigidis	
3-9	134-139	fenum	
3-10	140-150	corporibus	
3-11	151-159	prodeffe	
3-12	160-165	pofle	
3-13	165-166	,	
3-14	172-176	Quod	
3-15	177-185	atttinet	
3-16	186-191	fexum	
3-17	191-192	,	
3-18	193-197	viri	
3-19	198-206	caeteris	
3-20	207-214	paribus	
3-21	215-221	acrius	
3-22	222-227	olere	
3-23	228-236	dicuntur	
3-24	236-237	,	
3-25	238-242	quam	
3-26	243-250	feminae	
3-27	251-252	t	
3-28	252-253	)	
3-29	253-254	.	

#Text=In fexu potiori fummus inprimis obseruatur con.
#Text=fenfus inter odorem ferlpirationis et semigis fecretionein.
4-1	255-257	In	
4-2	258-262	fexu	
4-3	263-270	potiori	
4-4	271-277	fummus	
4-5	278-286	inprimis	
4-6	287-297	obseruatur	
4-7	298-301	con	
4-8	301-302	.	
4-9	303-309	fenfus	
4-10	310-315	inter	
4-11	316-322	odorem	
4-12	323-337	ferlpirationis	
4-13	338-340	et	
4-14	341-348	semigis	
4-15	349-361	fecretionein	
4-16	361-362	.	

#Text=Praeter alias enim, quae tempore pubertatis in iuuene fano fiunt mutationes, perspirationi etiam additur oder perquam volatilis »), qui secundum HALLERVM ortum trahit a resorbtione partis fubtilioris fcminis, de qua autein recentiorum nonnulli dubitant.
5-1	363-370	Praeter	
5-2	371-376	alias	
5-3	377-381	enim	
5-4	381-382	,	
5-5	383-387	quae	
5-6	388-395	tempore	
5-7	396-406	pubertatis	
5-8	407-409	in	
5-9	410-416	iuuene	
5-10	417-421	fano	
5-11	422-427	fiunt	
5-12	428-438	mutationes	
5-13	438-439	,	
5-14	440-453	perspirationi	
5-15	454-459	etiam	
5-16	460-467	additur	
5-17	468-472	oder	
5-18	473-480	perquam	
5-19	481-490	volatilis	
5-20	491-492	»	
5-21	492-493	)	
5-22	493-494	,	
5-23	495-498	qui	
5-24	499-507	secundum	
5-25	508-516	HALLERVM	
5-26	517-522	ortum	
5-27	523-529	trahit	
5-28	530-531	a	
5-29	532-543	resorbtione	
5-30	544-550	partis	
5-31	551-562	fubtilioris	
5-32	563-570	fcminis	
5-33	570-571	,	
5-34	572-574	de	
5-35	575-578	qua	
5-36	579-585	autein	
5-37	586-597	recentiorum	
5-38	598-606	nonnulli	
5-39	607-615	dubitant	
5-40	615-616	.	

#Text=Idem odor in brutis animalibus et praecipue in falacibus, qualis est hircus, tempore, quo in venerem ruunt, obseruatur , deest contra in hominibus et aniinalibus ante pubertatem caftratis x).
6-1	617-621	Idem	
6-2	622-626	odor	
6-3	627-629	in	
6-4	630-636	brutis	
6-5	637-647	animalibus	
6-6	648-650	et	
6-7	651-660	praecipue	
6-8	661-663	in	
6-9	664-673	falacibus	
6-10	673-674	,	
6-11	675-681	qualis	
6-12	682-685	est	
6-13	686-692	hircus	
6-14	692-693	,	
6-15	694-701	tempore	
6-16	701-702	,	
6-17	703-706	quo	
6-18	707-709	in	
6-19	710-717	venerem	
6-20	718-723	ruunt	
6-21	723-724	,	
6-22	725-735	obseruatur	
6-23	736-737	,	
6-24	738-743	deest	
6-25	744-750	contra	
6-26	751-753	in	
6-27	754-763	hominibus	
6-28	764-766	et	
6-29	767-778	aniinalibus	
6-30	779-783	ante	
6-31	784-794	pubertatem	
6-32	795-804	caftratis	
6-33	805-806	x	
6-34	806-807	)	
6-35	807-808	.	

#Text=Similis in sexu Sequiori fympathia perspirationis odori cum purgatione inenftrua intercedere videtur, Animam mulierum tempore menfium faepe grauiter foetere, inprimis per Ill.
7-1	809-816	Similis	
7-2	817-819	in	
7-3	820-824	sexu	
7-4	825-833	Sequiori	
7-5	834-843	fympathia	
7-6	844-858	perspirationis	
7-7	859-864	odori	
7-8	865-868	cum	
7-9	869-879	purgatione	
7-10	880-889	inenftrua	
7-11	890-901	intercedere	
7-12	902-909	videtur	
7-13	909-910	,	
7-14	911-917	Animam	
7-15	918-926	mulierum	
7-16	927-934	tempore	
7-17	935-942	menfium	
7-18	943-948	faepe	
7-19	949-957	grauiter	
7-20	958-965	foetere	
7-21	965-966	,	
7-22	967-975	inprimis	
7-23	976-979	per	
7-24	980-983	Ill	
7-25	983-984	.	

#Text=HorrMANNVM y) innotuit, illas autem tunc per cutem etiam pecu.
#Text=liare quid fpirare, itidem extra , dubitationes aleam pofitum eft.
8-1	985-995	HorrMANNVM	
8-2	996-997	y	
8-3	997-998	)	
8-4	999-1007	innotuit	
8-5	1007-1008	,	
8-6	1009-1014	illas	
8-7	1015-1020	autem	
8-8	1021-1025	tunc	
8-9	1026-1029	per	
8-10	1030-1035	cutem	
8-11	1036-1041	etiam	
8-12	1042-1046	pecu	
8-13	1046-1047	.	
8-14	1048-1053	liare	
8-15	1054-1058	quid	
8-16	1059-1066	fpirare	
8-17	1066-1067	,	
8-18	1068-1074	itidem	
8-19	1075-1080	extra	
8-20	1081-1082	,	
8-21	1083-1095	dubitationes	
8-22	1096-1101	aleam	
8-23	1102-1109	pofitum	
8-24	1110-1113	eft	
8-25	1113-1114	.	

#Text=Reperiuntur canes, qui, dum feininas menses patientes perpetuo insequuntur, odorein illis elle fingularem, fatis declarant.
9-1	1115-1126	Reperiuntur	
9-2	1127-1132	canes	
9-3	1132-1133	,	
9-4	1134-1137	qui	
9-5	1137-1138	,	
9-6	1139-1142	dum	
9-7	1143-1151	feininas	
9-8	1152-1158	menses	
9-9	1159-1168	patientes	
9-10	1169-1177	perpetuo	
9-11	1178-1189	insequuntur	
9-12	1189-1190	,	
9-13	1191-1198	odorein	
9-14	1199-1204	illis	
9-15	1205-1209	elle	
9-16	1210-1220	fingularem	
9-17	1220-1221	,	
9-18	1222-1227	fatis	
9-19	1228-1237	declarant	
9-20	1237-1238	.	

#Text=Et ipse noui virum iuuenem, ingenii dotibus aeque ac sensuum acie praestantem, qui olfactu se persentiscere contendit, vtrum mulier
#Text=
#Text=
#Text=
#Text=
#Text=
#Text=quae-
#Text=
#Text=damn
#Text=
#Text=
#Text=
#Text=s) Ill.
10-1	1239-1241	Et	
10-2	1242-1246	ipse	
10-3	1247-1251	noui	
10-4	1252-1257	virum	
10-5	1258-1265	iuuenem	
10-6	1265-1266	,	
10-7	1267-1274	ingenii	
10-8	1275-1282	dotibus	
10-9	1283-1288	aeque	
10-10	1289-1291	ac	
10-11	1292-1299	sensuum	
10-12	1300-1304	acie	
10-13	1305-1316	praestantem	
10-14	1316-1317	,	
10-15	1318-1321	qui	
10-16	1322-1329	olfactu	
10-17	1330-1332	se	
10-18	1333-1346	persentiscere	
10-19	1347-1356	contendit	
10-20	1356-1357	,	
10-21	1358-1363	vtrum	
10-22	1364-1370	mulier	
10-23	1376-1380	quae	
10-24	1380-1381	-	
10-25	1383-1387	damn	
10-26	1391-1392	s	
10-27	1392-1393	)	
10-28	1394-1397	Ill	
10-29	1397-1398	.	

#Text=ZIMMERNANN von der Erfahrung p. 607.
#Text=+) MARHERR praelea, in Herin, BOERHAVE Instit.
#Text=inedic, Tom, II.
11-1	1399-1409	ZIMMERNANN	
11-2	1410-1413	von	
11-3	1414-1417	der	
11-4	1418-1427	Erfahrung	
11-5	1428-1429	p	
11-6	1429-1430	.	
11-7	1431-1434	607	
11-8	1434-1435	.	
11-9	1436-1437	+	
11-10	1437-1438	)	
11-11	1439-1446	MARHERR	
11-12	1447-1454	praelea	
11-13	1454-1455	,	
11-14	1456-1458	in	
11-15	1459-1464	Herin	
11-16	1464-1465	,	
11-17	1466-1474	BOERHAVE	
11-18	1475-1481	Instit	
11-19	1481-1482	.	
11-20	1483-1489	inedic	
11-21	1489-1490	,	
11-22	1491-1494	Tom	
11-23	1494-1495	,	
11-24	1496-1498	II	
11-25	1498-1499	.	

#Text=P. 699.
#Text=1
#Text=
#Text=) HALLER prim, lin.
12-1	1500-1501	P	
12-2	1501-1502	.	
12-3	1503-1506	699	
12-4	1506-1507	.	
12-5	1508-1509	1	
12-6	1511-1512	)	
12-7	1513-1519	HALLER	
12-8	1520-1524	prim	
12-9	1524-1525	,	
12-10	1526-1529	lin	
12-11	1529-1530	.	

#Text=S. 827, *) HALLER clem.
13-1	1531-1532	S	
13-2	1532-1533	.	
13-3	1534-1537	827	
13-4	1537-1538	,	
13-5	1539-1540	*	
13-6	1540-1541	)	
13-7	1542-1548	HALLER	
13-8	1549-1553	clem	
13-9	1553-1554	.	

#Text=Tom.
14-1	1555-1558	Tom	
14-2	1558-1559	.	

#Text=VII.
15-1	1560-1563	VII	
15-2	1563-1564	.	
