#FORMAT=WebAnno TSV 3.3


#Text=21 Concupiscentia itaque sapientiæ deducit ad regnum perpetuum.
#Text=22 Si ergo delectamini sedibus et sceptris, o reges populi, diligite sapientiam, ut in perpetuum regnetis : 23 diligite lumen sapientiæ, omnes qui præestis populis.
#Text=24 Quid est autem sapientia, et quemadmodum facta sit, referam, et non abscondam a vobis sacramenta Dei : sed ab initio nativitatis investigabo, et ponam in lucem scientiam illius, et non præteribo veritatem.
#Text=25 Neque cum invidia tabescente iter habebo, quoniam talis homo non erit particeps sapientiæ.
#Text=26 Multitudo autem sapientium sanitas est orbis terrarum, et rex sapiens stabilimentum populi est.
#Text=27 Ergo accipite disciplinam per sermones meos, et proderit vobis.
1-1	2-4	21	
1-2	5-19	Concupiscentia	
1-3	20-26	itaque	
1-4	27-36	sapientiæ	
1-5	37-44	deducit	
1-6	45-47	ad	
1-7	48-54	regnum	
1-8	55-64	perpetuum	
1-9	64-65	.	
1-10	66-68	22	
1-11	69-71	Si	
1-12	72-76	ergo	
1-13	77-88	delectamini	
1-14	89-96	sedibus	
1-15	97-99	et	
1-16	100-108	sceptris	
1-17	108-109	,	
1-18	110-111	o	
1-19	112-117	reges	
1-20	118-124	populi	
1-21	124-125	,	
1-22	126-134	diligite	
1-23	135-145	sapientiam	
1-24	145-146	,	
1-25	147-149	ut	
1-26	150-152	in	
1-27	153-162	perpetuum	
1-28	163-171	regnetis	
1-29	172-173	:	
1-30	174-176	23	
1-31	177-185	diligite	
1-32	186-191	lumen	
1-33	192-201	sapientiæ	
1-34	201-202	,	
1-35	203-208	omnes	
1-36	209-212	qui	
1-37	213-221	præestis	
1-38	222-229	populis	
1-39	229-230	.	
1-40	231-233	24	
1-41	234-238	Quid	
1-42	239-242	est	
1-43	243-248	autem	
1-44	249-258	sapientia	
1-45	258-259	,	
1-46	260-262	et	
1-47	263-274	quemadmodum	
1-48	275-280	facta	
1-49	281-284	sit	
1-50	284-285	,	
1-51	286-293	referam	
1-52	293-294	,	
1-53	295-297	et	
1-54	298-301	non	
1-55	302-311	abscondam	
1-56	312-313	a	
1-57	314-319	vobis	
1-58	320-330	sacramenta	
1-59	331-334	Dei	
1-60	335-336	:	
1-61	337-340	sed	
1-62	341-343	ab	
1-63	344-350	initio	
1-64	351-362	nativitatis	
1-65	363-374	investigabo	
1-66	374-375	,	
1-67	376-378	et	
1-68	379-384	ponam	
1-69	385-387	in	
1-70	388-393	lucem	
1-71	394-403	scientiam	
1-72	404-410	illius	
1-73	410-411	,	
1-74	412-414	et	
1-75	415-418	non	
1-76	419-428	præteribo	
1-77	429-438	veritatem	
1-78	438-439	.	
1-79	440-442	25	
1-80	443-448	Neque	
1-81	449-452	cum	
1-82	453-460	invidia	
1-83	461-471	tabescente	
1-84	472-476	iter	
1-85	477-483	habebo	
1-86	483-484	,	
1-87	485-492	quoniam	
1-88	493-498	talis	
1-89	499-503	homo	
1-90	504-507	non	
1-91	508-512	erit	
1-92	513-522	particeps	
1-93	523-532	sapientiæ	
1-94	532-533	.	
1-95	534-536	26	
1-96	537-546	Multitudo	
1-97	547-552	autem	
1-98	553-563	sapientium	
1-99	564-571	sanitas	
1-100	572-575	est	
1-101	576-581	orbis	
1-102	582-590	terrarum	
1-103	590-591	,	
1-104	592-594	et	
1-105	595-598	rex	
1-106	599-606	sapiens	
1-107	607-620	stabilimentum	
1-108	621-627	populi	
1-109	628-631	est	
1-110	631-632	.	
1-111	633-635	27	
1-112	636-640	Ergo	
1-113	641-649	accipite	
1-114	650-661	disciplinam	
1-115	662-665	per	
1-116	666-674	sermones	
1-117	675-679	meos	
1-118	679-680	,	
1-119	681-683	et	
1-120	684-692	proderit	
1-121	693-698	vobis	
1-122	698-699	.	

#Text=Caput 7
#Text=
#Text=
#Text=1 Sum quidem et ego mortalis homo, similis omnibus, et ex genere terreni illius qui prior factus est : et in ventre matris figuratus sum caro ; 2 decem mensium tempore coagulatus sum in sanguine : ex semine hominis, et delectamento somni conveniente.
#Text=3 Et ego natus accepi communem aërem, et in similiter factam decidi terram, et primam vocem similem omnibus emisi plorans.
#Text=4 In involumentis nutritus sum, et curis magnis : 5 nemo enim ex regibus aliud habuit nativitatis initium.
#Text=6 Unus ergo introitus est omnibus ad vitam, et similis exitus.
#Text=7 Propter hoc optavi, et datus est mihi sensus ; et invocavi, et venit in me spiritus sapientiæ : 8 et præposui illam regnis et sedibus, et divitias nihil esse duxi in comparatione illius.
#Text=9 Nec comparavi illi lapidem pretiosum, quoniam omne aurum in comparatione illius arena est exigua, et tamquam lutum æstimabitur argentum in conspectu illius.
#Text=10 Super salutem et speciem dilexi illam, et proposui pro luce habere illam, quoniam inextinguibile est lumen illius.
#Text=11 Venerunt autem mihi omnia bona pariter cum illa, et innumerabilis honestas per manus illius ; 12 et lætatus sum in omnibus, quoniam antecedebat me ista sapientia, et ignorabam quoniam horum omnium mater est.
#Text=13 Quam sine fictione didici, et sine invidia communico, et honestatem illius non abscondo.
#Text=14 Infinitus enim thesaurus est hominibus ; quo qui usi sunt, participes facti sunt amicitiæ Dei, propter disciplinæ dona commendati.
#Text=15 Mihi autem dedit Deus dicere ex sententia, et præsumere digna horum quæ mihi dantur : quoniam ipse sapientiæ dux est, et sapientium emendator.
#Text=16 In manu enim illius et nos et sermones nostri, et omnis sapientia, et operum scientia, et disciplina.
#Text=17 Ipse enim dedit mihi horum quæ sunt scientiam veram, ut sciam dispositionem orbis terrarum, et virtutes elementorum, 18 initium, et consummationem, et medietatem temporum, vicissitudinum permutationes, et commutationes temporum, 19 anni cursus, et stellarum dispositiones, 20 naturas animalium, et iras bestiarum, vim ventorum, et cogitationes hominum, differentias virgultorum, et virtutes radicum.
#Text=21 Et quæcumque sunt absconsa et improvisa didici : omnium enim artifex docuit me sapientia.
2-1	700-705	Caput	
2-2	706-707	7	
2-3	710-711	1	
2-4	712-715	Sum	
2-5	716-722	quidem	
2-6	723-725	et	
2-7	726-729	ego	
2-8	730-738	mortalis	
2-9	739-743	homo	
2-10	743-744	,	
2-11	745-752	similis	
2-12	753-760	omnibus	
2-13	760-761	,	
2-14	762-764	et	
2-15	765-767	ex	
2-16	768-774	genere	
2-17	775-782	terreni	
2-18	783-789	illius	
2-19	790-793	qui	
2-20	794-799	prior	
2-21	800-806	factus	
2-22	807-810	est	
2-23	811-812	:	
2-24	813-815	et	
2-25	816-818	in	
2-26	819-825	ventre	
2-27	826-832	matris	
2-28	833-842	figuratus	
2-29	843-846	sum	
2-30	847-851	caro	
2-31	852-853	;	
2-32	854-855	2	
2-33	856-861	decem	
2-34	862-869	mensium	
2-35	870-877	tempore	
2-36	878-888	coagulatus	
2-37	889-892	sum	
2-38	893-895	in	
2-39	896-904	sanguine	
2-40	905-906	:	
2-41	907-909	ex	
2-42	910-916	semine	
2-43	917-924	hominis	
2-44	924-925	,	
2-45	926-928	et	
2-46	929-941	delectamento	
2-47	942-947	somni	
2-48	948-959	conveniente	
2-49	959-960	.	
2-50	961-962	3	
2-51	963-965	Et	
2-52	966-969	ego	
2-53	970-975	natus	
2-54	976-982	accepi	
2-55	983-991	communem	
2-56	992-997	aërem	
2-57	997-998	,	
2-58	999-1001	et	
2-59	1002-1004	in	
2-60	1005-1014	similiter	
2-61	1015-1021	factam	
2-62	1022-1028	decidi	
2-63	1029-1035	terram	
2-64	1035-1036	,	
2-65	1037-1039	et	
2-66	1040-1046	primam	
2-67	1047-1052	vocem	
2-68	1053-1060	similem	
2-69	1061-1068	omnibus	
2-70	1069-1074	emisi	
2-71	1075-1082	plorans	
2-72	1082-1083	.	
2-73	1084-1085	4	
2-74	1086-1088	In	
2-75	1089-1101	involumentis	
2-76	1102-1110	nutritus	
2-77	1111-1114	sum	
2-78	1114-1115	,	
2-79	1116-1118	et	
2-80	1119-1124	curis	
2-81	1125-1131	magnis	
2-82	1132-1133	:	
2-83	1134-1135	5	
2-84	1136-1140	nemo	
2-85	1141-1145	enim	
2-86	1146-1148	ex	
2-87	1149-1156	regibus	
2-88	1157-1162	aliud	
2-89	1163-1169	habuit	
2-90	1170-1181	nativitatis	
2-91	1182-1189	initium	
2-92	1189-1190	.	
2-93	1191-1192	6	
2-94	1193-1197	Unus	
2-95	1198-1202	ergo	
2-96	1203-1212	introitus	
2-97	1213-1216	est	
2-98	1217-1224	omnibus	
2-99	1225-1227	ad	
2-100	1228-1233	vitam	
2-101	1233-1234	,	
2-102	1235-1237	et	
2-103	1238-1245	similis	
2-104	1246-1252	exitus	
2-105	1252-1253	.	
2-106	1254-1255	7	
2-107	1256-1263	Propter	
2-108	1264-1267	hoc	
2-109	1268-1274	optavi	
2-110	1274-1275	,	
2-111	1276-1278	et	
2-112	1279-1284	datus	
2-113	1285-1288	est	
2-114	1289-1293	mihi	
2-115	1294-1300	sensus	
2-116	1301-1302	;	
2-117	1303-1305	et	
2-118	1306-1314	invocavi	
2-119	1314-1315	,	
2-120	1316-1318	et	
2-121	1319-1324	venit	
2-122	1325-1327	in	
2-123	1328-1330	me	
2-124	1331-1339	spiritus	
2-125	1340-1349	sapientiæ	
2-126	1350-1351	:	
2-127	1352-1353	8	
2-128	1354-1356	et	
2-129	1357-1365	præposui	
2-130	1366-1371	illam	
2-131	1372-1378	regnis	
2-132	1379-1381	et	
2-133	1382-1389	sedibus	
2-134	1389-1390	,	
2-135	1391-1393	et	
2-136	1394-1402	divitias	
2-137	1403-1408	nihil	
2-138	1409-1413	esse	
2-139	1414-1418	duxi	
2-140	1419-1421	in	
2-141	1422-1434	comparatione	
2-142	1435-1441	illius	
2-143	1441-1442	.	
2-144	1443-1444	9	
2-145	1445-1448	Nec	
2-146	1449-1458	comparavi	
2-147	1459-1463	illi	
2-148	1464-1471	lapidem	
2-149	1472-1481	pretiosum	
2-150	1481-1482	,	
2-151	1483-1490	quoniam	
2-152	1491-1495	omne	
2-153	1496-1501	aurum	
2-154	1502-1504	in	
2-155	1505-1517	comparatione	
2-156	1518-1524	illius	
2-157	1525-1530	arena	
2-158	1531-1534	est	
2-159	1535-1541	exigua	
2-160	1541-1542	,	
2-161	1543-1545	et	
2-162	1546-1553	tamquam	
2-163	1554-1559	lutum	
2-164	1560-1571	æstimabitur	
2-165	1572-1580	argentum	
2-166	1581-1583	in	
2-167	1584-1593	conspectu	
2-168	1594-1600	illius	
2-169	1600-1601	.	
2-170	1602-1604	10	
2-171	1605-1610	Super	
2-172	1611-1618	salutem	
2-173	1619-1621	et	
2-174	1622-1629	speciem	
2-175	1630-1636	dilexi	
2-176	1637-1642	illam	
2-177	1642-1643	,	
2-178	1644-1646	et	
2-179	1647-1655	proposui	
2-180	1656-1659	pro	
2-181	1660-1664	luce	
2-182	1665-1671	habere	
2-183	1672-1677	illam	
2-184	1677-1678	,	
2-185	1679-1686	quoniam	
2-186	1687-1701	inextinguibile	
2-187	1702-1705	est	
2-188	1706-1711	lumen	
2-189	1712-1718	illius	
2-190	1718-1719	.	
2-191	1720-1722	11	
2-192	1723-1731	Venerunt	
2-193	1732-1737	autem	
2-194	1738-1742	mihi	
2-195	1743-1748	omnia	
2-196	1749-1753	bona	
2-197	1754-1761	pariter	
2-198	1762-1765	cum	
2-199	1766-1770	illa	
2-200	1770-1771	,	
2-201	1772-1774	et	
2-202	1775-1788	innumerabilis	
2-203	1789-1797	honestas	
2-204	1798-1801	per	
2-205	1802-1807	manus	
2-206	1808-1814	illius	
2-207	1815-1816	;	
2-208	1817-1819	12	
2-209	1820-1822	et	
2-210	1823-1830	lætatus	
2-211	1831-1834	sum	
2-212	1835-1837	in	
2-213	1838-1845	omnibus	
2-214	1845-1846	,	
2-215	1847-1854	quoniam	
2-216	1855-1866	antecedebat	
2-217	1867-1869	me	
2-218	1870-1874	ista	
2-219	1875-1884	sapientia	
2-220	1884-1885	,	
2-221	1886-1888	et	
2-222	1889-1898	ignorabam	
2-223	1899-1906	quoniam	
2-224	1907-1912	horum	
2-225	1913-1919	omnium	
2-226	1920-1925	mater	
2-227	1926-1929	est	
2-228	1929-1930	.	
2-229	1931-1933	13	
2-230	1934-1938	Quam	
2-231	1939-1943	sine	
2-232	1944-1952	fictione	
2-233	1953-1959	didici	
2-234	1959-1960	,	
2-235	1961-1963	et	
2-236	1964-1968	sine	
2-237	1969-1976	invidia	
2-238	1977-1986	communico	
2-239	1986-1987	,	
2-240	1988-1990	et	
2-241	1991-2001	honestatem	
2-242	2002-2008	illius	
2-243	2009-2012	non	
2-244	2013-2021	abscondo	
2-245	2021-2022	.	
2-246	2023-2025	14	
2-247	2026-2035	Infinitus	
2-248	2036-2040	enim	
2-249	2041-2050	thesaurus	
2-250	2051-2054	est	
2-251	2055-2064	hominibus	
2-252	2065-2066	;	
2-253	2067-2070	quo	
2-254	2071-2074	qui	
2-255	2075-2078	usi	
2-256	2079-2083	sunt	
2-257	2083-2084	,	
2-258	2085-2095	participes	
2-259	2096-2101	facti	
2-260	2102-2106	sunt	
2-261	2107-2115	amicitiæ	
2-262	2116-2119	Dei	
2-263	2119-2120	,	
2-264	2121-2128	propter	
2-265	2129-2139	disciplinæ	
2-266	2140-2144	dona	
2-267	2145-2155	commendati	
2-268	2155-2156	.	
2-269	2157-2159	15	
2-270	2160-2164	Mihi	
2-271	2165-2170	autem	
2-272	2171-2176	dedit	
2-273	2177-2181	Deus	
2-274	2182-2188	dicere	
2-275	2189-2191	ex	
2-276	2192-2201	sententia	
2-277	2201-2202	,	
2-278	2203-2205	et	
2-279	2206-2215	præsumere	
2-280	2216-2221	digna	
2-281	2222-2227	horum	
2-282	2228-2231	quæ	
2-283	2232-2236	mihi	
2-284	2237-2243	dantur	
2-285	2244-2245	:	
2-286	2246-2253	quoniam	
2-287	2254-2258	ipse	
2-288	2259-2268	sapientiæ	
2-289	2269-2272	dux	
2-290	2273-2276	est	
2-291	2276-2277	,	
2-292	2278-2280	et	
2-293	2281-2291	sapientium	
2-294	2292-2301	emendator	
2-295	2301-2302	.	
2-296	2303-2305	16	
2-297	2306-2308	In	
2-298	2309-2313	manu	
2-299	2314-2318	enim	
2-300	2319-2325	illius	
2-301	2326-2328	et	
2-302	2329-2332	nos	
2-303	2333-2335	et	
2-304	2336-2344	sermones	
2-305	2345-2351	nostri	
2-306	2351-2352	,	
2-307	2353-2355	et	
2-308	2356-2361	omnis	
2-309	2362-2371	sapientia	
2-310	2371-2372	,	
2-311	2373-2375	et	
2-312	2376-2382	operum	
2-313	2383-2391	scientia	
2-314	2391-2392	,	
2-315	2393-2395	et	
2-316	2396-2406	disciplina	
2-317	2406-2407	.	
2-318	2408-2410	17	
2-319	2411-2415	Ipse	
2-320	2416-2420	enim	
2-321	2421-2426	dedit	
2-322	2427-2431	mihi	
2-323	2432-2437	horum	
2-324	2438-2441	quæ	
2-325	2442-2446	sunt	
2-326	2447-2456	scientiam	
2-327	2457-2462	veram	
2-328	2462-2463	,	
2-329	2464-2466	ut	
2-330	2467-2472	sciam	
2-331	2473-2486	dispositionem	
2-332	2487-2492	orbis	
2-333	2493-2501	terrarum	
2-334	2501-2502	,	
2-335	2503-2505	et	
2-336	2506-2514	virtutes	
2-337	2515-2526	elementorum	
2-338	2526-2527	,	
2-339	2528-2530	18	
2-340	2531-2538	initium	
2-341	2538-2539	,	
2-342	2540-2542	et	
2-343	2543-2557	consummationem	
2-344	2557-2558	,	
2-345	2559-2561	et	
2-346	2562-2572	medietatem	
2-347	2573-2581	temporum	
2-348	2581-2582	,	
2-349	2583-2597	vicissitudinum	
2-350	2598-2611	permutationes	
2-351	2611-2612	,	
2-352	2613-2615	et	
2-353	2616-2629	commutationes	
2-354	2630-2638	temporum	
2-355	2638-2639	,	
2-356	2640-2642	19	
2-357	2643-2647	anni	
2-358	2648-2654	cursus	
2-359	2654-2655	,	
2-360	2656-2658	et	
2-361	2659-2668	stellarum	
2-362	2669-2682	dispositiones	
2-363	2682-2683	,	
2-364	2684-2686	20	
2-365	2687-2694	naturas	
2-366	2695-2704	animalium	
2-367	2704-2705	,	
2-368	2706-2708	et	
2-369	2709-2713	iras	
2-370	2714-2723	bestiarum	
2-371	2723-2724	,	
2-372	2725-2728	vim	
2-373	2729-2737	ventorum	
2-374	2737-2738	,	
2-375	2739-2741	et	
2-376	2742-2754	cogitationes	
2-377	2755-2762	hominum	
2-378	2762-2763	,	
2-379	2764-2776	differentias	
2-380	2777-2788	virgultorum	
2-381	2788-2789	,	
2-382	2790-2792	et	
2-383	2793-2801	virtutes	
2-384	2802-2809	radicum	
2-385	2809-2810	.	
2-386	2811-2813	21	
2-387	2814-2816	Et	
2-388	2817-2826	quæcumque	
2-389	2827-2831	sunt	
2-390	2832-2840	absconsa	
2-391	2841-2843	et	
2-392	2844-2853	improvisa	
2-393	2854-2860	didici	
2-394	2861-2862	:	
2-395	2863-2869	omnium	
2-396	2870-2874	enim	
2-397	2875-2882	artifex	
2-398	2883-2889	docuit	
2-399	2890-2892	me	
2-400	2893-2902	sapientia	
2-401	2902-2903	.	
