#FORMAT=WebAnno TSV 3.3
#T_SP=custom.Span|label
#T_RL=custom.Relation|label|BT_custom.Span


#Text=Raͤudige/ Geſchwuͤrige/ vnd alle die jenigen/
#Text=
#Text=welche boͤſe/ arge/ faule/ ſtinckende Geſchwuͤ-
#Text=re vnd Schaͤden haben/
#Text=vnd ins Steinerne
#Text=
#Text=Bad nicht kommen
#Text=koͤnnen.
1-1	1-9	Raͤudige	_	_	_	
1-2	9-10	/	_	_	_	
1-3	11-23	Geſchwuͤrige	_	_	_	
1-4	23-24	/	_	_	_	
1-5	25-28	vnd	_	_	_	
1-6	29-33	alle	_	_	_	
1-7	34-37	die	_	_	_	
1-8	38-45	jenigen	_	_	_	
1-9	45-46	/	_	_	_	
1-10	48-54	welche	_	_	_	
1-11	55-60	boͤſe	_	_	_	
1-12	60-61	/	_	_	_	
1-13	62-66	arge	_	_	_	
1-14	66-67	/	_	_	_	
1-15	68-73	faule	_	_	_	
1-16	73-74	/	_	_	_	
1-17	75-85	ſtinckende	Smell\_Word[1]|Quality[2]	*|*	1-18[3_2]|1-22[0_2]	
1-18	86-94	Geſchwuͤ	Smell\_Source[3]	_	_	
1-19	94-95	-	Smell\_Source[3]	_	_	
1-20	96-98	re	Smell\_Source[3]	_	_	
1-21	99-102	vnd	_	_	_	
1-22	103-111	Schaͤden	Smell\_Source	_	_	
1-23	112-117	haben	_	_	_	
1-24	117-118	/	_	_	_	
1-25	119-122	vnd	_	_	_	
1-26	123-126	ins	_	_	_	
1-27	127-136	Steinerne	_	_	_	
1-28	138-141	Bad	_	_	_	
1-29	142-147	nicht	_	_	_	
1-30	148-154	kommen	_	_	_	
1-31	155-162	koͤnnen	_	_	_	
1-32	162-163	.	_	_	_	

#Text=Doch damit
#Text=auch Ordnung gehalten/
#Text=vnd Vneinigkeit
#Text=
#Text=verhuͤttet werde/ iſt ein Bademeiſter ver-
#Text=ordnet/
#Text=welcher die Stunden ausgiebet vnd
#Text=das Bad zuweilen ausſchoͤpffet.
2-1	164-168	Doch	_	_	_	
2-2	169-174	damit	_	_	_	
2-3	175-179	auch	_	_	_	
2-4	180-187	Ordnung	_	_	_	
2-5	188-196	gehalten	_	_	_	
2-6	196-197	/	_	_	_	
2-7	198-201	vnd	_	_	_	
2-8	202-213	Vneinigkeit	_	_	_	
2-9	215-225	verhuͤttet	_	_	_	
2-10	226-231	werde	_	_	_	
2-11	231-232	/	_	_	_	
2-12	233-236	iſt	_	_	_	
2-13	237-240	ein	_	_	_	
2-14	241-252	Bademeiſter	_	_	_	
2-15	253-256	ver	_	_	_	
2-16	256-257	-	_	_	_	
2-17	258-264	ordnet	_	_	_	
2-18	264-265	/	_	_	_	
2-19	266-273	welcher	_	_	_	
2-20	274-277	die	_	_	_	
2-21	278-285	Stunden	_	_	_	
2-22	286-295	ausgiebet	_	_	_	
2-23	296-299	vnd	_	_	_	
2-24	300-303	das	_	_	_	
2-25	304-307	Bad	_	_	_	
2-26	308-316	zuweilen	_	_	_	
2-27	317-330	ausſchoͤpffet	_	_	_	
2-28	330-331	.	_	_	_	

#Text=Am geruch iſt dieſer
#Text=Bruñe viel ſtaͤrcker/
#Text=
#Text=denn das Steinerne/ aber nicht ſo warm
#Text=
#Text=(doch recht zum Baden) wegen der kalten
#Text=zuflieſſenden Quall/
#Text=welche ſich mit dem
#Text=Warmen Brunnen vermengen/
#Text=vnd dem-
#Text=ſelben von der Waͤrme etwas benehmen.
3-1	335-337	Am	_	_	_	
3-2	338-344	geruch	Smell\_Word	*|*	3-5|3-6[4_0]	
3-3	345-348	iſt	_	_	_	
3-4	349-355	dieſer	_	_	_	
3-5	356-362	Bruñe	Smell\_Source	_	_	
3-6	363-367	viel	Quality[4]	_	_	
3-7	368-377	ſtaͤrcker	Quality[4]	_	_	
3-8	377-378	/	_	_	_	
3-9	380-384	denn	_	_	_	
3-10	385-388	das	_	_	_	
3-11	389-398	Steinerne	_	_	_	
3-12	398-399	/	_	_	_	
3-13	400-404	aber	_	_	_	
3-14	405-410	nicht	_	_	_	
3-15	411-413	ſo	_	_	_	
3-16	414-418	warm	_	_	_	
3-17	420-421	(	_	_	_	
3-18	421-425	doch	_	_	_	
3-19	426-431	recht	_	_	_	
3-20	432-435	zum	_	_	_	
3-21	436-441	Baden	_	_	_	
3-22	441-442	)	_	_	_	
3-23	443-448	wegen	_	_	_	
3-24	449-452	der	_	_	_	
3-25	453-459	kalten	_	_	_	
3-26	460-473	zuflieſſenden	_	_	_	
3-27	474-479	Quall	_	_	_	
3-28	479-480	/	_	_	_	
3-29	481-487	welche	_	_	_	
3-30	488-492	ſich	_	_	_	
3-31	493-496	mit	_	_	_	
3-32	497-500	dem	_	_	_	
3-33	501-507	Warmen	_	_	_	
3-34	508-515	Brunnen	_	_	_	
3-35	516-525	vermengen	_	_	_	
3-36	525-526	/	_	_	_	
3-37	527-530	vnd	_	_	_	
3-38	531-534	dem	_	_	_	
3-39	534-535	-	_	_	_	
3-40	536-542	ſelben	_	_	_	
3-41	543-546	von	_	_	_	
3-42	547-550	der	_	_	_	
3-43	551-557	Waͤrme	_	_	_	
3-44	558-563	etwas	_	_	_	
3-45	564-572	benehmen	_	_	_	
3-46	572-573	.	_	_	_	

#Text=Helt mehr Schweffel vnd Lettich/ als das
#Text=
#Text=andere
4-1	575-579	Helt	_	_	_	
4-2	580-584	mehr	_	_	_	
4-3	585-594	Schweffel	_	_	_	
4-4	595-598	vnd	_	_	_	
4-5	599-606	Lettich	_	_	_	
4-6	606-607	/	_	_	_	
4-7	608-611	als	_	_	_	
4-8	612-615	das	_	_	_	
4-9	617-623	andere	_	_	_	

#Text=.
5-1	623-624	.	_	_	_	

#Text=[144/0162
#Text=]
#Text=
#Text=wie man ſich nachm Bade verhaltn ſol.
6-1	629-630	[	_	_	_	
6-2	630-633	144	_	_	_	
6-3	633-634	/	_	_	_	
6-4	634-638	0162	_	_	_	
6-5	639-640	]	_	_	_	
6-6	642-645	wie	_	_	_	
6-7	646-649	man	_	_	_	
6-8	650-654	ſich	_	_	_	
6-9	655-660	nachm	_	_	_	
6-10	661-665	Bade	_	_	_	
6-11	666-674	verhaltn	_	_	_	
6-12	675-678	ſol	_	_	_	
6-13	678-679	.	_	_	_	
