#FORMAT=WebAnno TSV 3.3


#Text=Hij werkt bijna als de glasramen onzer broeikassen, waarin vruchten haren wasdom en rijpheid verkrijgen, die anders hierin niet zouden kunnen gekweekt worden en zulks niet alleen om het afsluiten van den wind.
1-1	2-5	Hij	
1-2	6-11	werkt	
1-3	12-17	bijna	
1-4	18-21	als	
1-5	22-24	de	
1-6	25-34	glasramen	
1-7	35-40	onzer	
1-8	41-52	broeikassen	
1-9	52-53	,	
1-10	54-60	waarin	
1-11	61-69	vruchten	
1-12	70-75	haren	
1-13	76-82	wasdom	
1-14	83-85	en	
1-15	86-94	rijpheid	
1-16	95-105	verkrijgen	
1-17	105-106	,	
1-18	107-110	die	
1-19	111-117	anders	
1-20	118-124	hierin	
1-21	125-129	niet	
1-22	130-136	zouden	
1-23	137-143	kunnen	
1-24	144-152	gekweekt	
1-25	153-159	worden	
1-26	160-162	en	
1-27	163-168	zulks	
1-28	169-173	niet	
1-29	174-180	alleen	
1-30	181-183	om	
1-31	184-187	het	
1-32	188-197	afsluiten	
1-33	198-201	van	
1-34	202-205	den	
1-35	206-210	wind	
1-36	210-211	.	

#Text=Die glazen en vooral de waterdamp laten de warmte der zon voor een veel grooter gedeelte door dan die der aarde, en deze laatste behoudt alzoo meer dan het geval zou zijn, zelfs als de zonnestralen haar onverzwakt bereikten.
2-1	212-215	Die	
2-2	216-222	glazen	
2-3	223-225	en	
2-4	226-232	vooral	
2-5	233-235	de	
2-6	236-245	waterdamp	
2-7	246-251	laten	
2-8	252-254	de	
2-9	255-261	warmte	
2-10	262-265	der	
2-11	266-269	zon	
2-12	270-274	voor	
2-13	275-278	een	
2-14	279-283	veel	
2-15	284-291	grooter	
2-16	292-300	gedeelte	
2-17	301-305	door	
2-18	306-309	dan	
2-19	310-313	die	
2-20	314-317	der	
2-21	318-323	aarde	
2-22	323-324	,	
2-23	325-327	en	
2-24	328-332	deze	
2-25	333-340	laatste	
2-26	341-348	behoudt	
2-27	349-354	alzoo	
2-28	355-359	meer	
2-29	360-363	dan	
2-30	364-367	het	
2-31	368-373	geval	
2-32	374-377	zou	
2-33	378-382	zijn	
2-34	382-383	,	
2-35	384-389	zelfs	
2-36	390-393	als	
2-37	394-396	de	
2-38	397-409	zonnestralen	
2-39	410-414	haar	
2-40	415-425	onverzwakt	
2-41	426-435	bereikten	
2-42	435-436	.	

#Text=Wel heeft de waterdamp een groot uitstralend vermogen en aan het eind gaat toch de warmte, die hij terughield, weder door de ijle drooge luchtlagen naar boven en naar de andere hemelbollen, maar hij bewaart die toch een tijd lang, gelijk uit de vergelijking van vochtige met drooge streken te zien is.
3-1	437-440	Wel	
3-2	441-446	heeft	
3-3	447-449	de	
3-4	450-459	waterdamp	
3-5	460-463	een	
3-6	464-469	groot	
3-7	470-481	uitstralend	
3-8	482-490	vermogen	
3-9	491-493	en	
3-10	494-497	aan	
3-11	498-501	het	
3-12	502-506	eind	
3-13	507-511	gaat	
3-14	512-516	toch	
3-15	517-519	de	
3-16	520-526	warmte	
3-17	526-527	,	
3-18	528-531	die	
3-19	532-535	hij	
3-20	536-546	terughield	
3-21	546-547	,	
3-22	548-553	weder	
3-23	554-558	door	
3-24	559-561	de	
3-25	562-566	ijle	
3-26	567-573	drooge	
3-27	574-584	luchtlagen	
3-28	585-589	naar	
3-29	590-595	boven	
3-30	596-598	en	
3-31	599-603	naar	
3-32	604-606	de	
3-33	607-613	andere	
3-34	614-625	hemelbollen	
3-35	625-626	,	
3-36	627-631	maar	
3-37	632-635	hij	
3-38	636-643	bewaart	
3-39	644-647	die	
3-40	648-652	toch	
3-41	653-656	een	
3-42	657-661	tijd	
3-43	662-666	lang	
3-44	666-667	,	
3-45	668-674	gelijk	
3-46	675-678	uit	
3-47	679-681	de	
3-48	682-694	vergelijking	
3-49	695-698	van	
3-50	699-707	vochtige	
3-51	708-711	met	
3-52	712-718	drooge	
3-53	719-726	streken	
3-54	727-729	te	
3-55	730-734	zien	
3-56	735-737	is	
3-57	737-738	.	

#Text=In de zandwoestijn, waarboven zich weinig waterdamp bevindt, rijst de temperatuur tot 45o over dag, maar des nachts vriest het er en hoort men soms als het knallen van den donder het splijten der rotsen door de bijna plotselinge en ongelijke verkoeling na den ondergang der zon.
4-1	739-741	In	
4-2	742-744	de	
4-3	745-757	zandwoestijn	
4-4	757-758	,	
4-5	759-768	waarboven	
4-6	769-773	zich	
4-7	774-780	weinig	
4-8	781-790	waterdamp	
4-9	791-798	bevindt	
4-10	798-799	,	
4-11	800-805	rijst	
4-12	806-808	de	
4-13	809-820	temperatuur	
4-14	821-824	tot	
4-15	825-828	45o	
4-16	829-833	over	
4-17	834-837	dag	
4-18	837-838	,	
4-19	839-843	maar	
4-20	844-847	des	
4-21	848-854	nachts	
4-22	855-861	vriest	
4-23	862-865	het	
4-24	866-868	er	
4-25	869-871	en	
4-26	872-877	hoort	
4-27	878-881	men	
4-28	882-886	soms	
4-29	887-890	als	
4-30	891-894	het	
4-31	895-902	knallen	
4-32	903-906	van	
4-33	907-910	den	
4-34	911-917	donder	
4-35	918-921	het	
4-36	922-930	splijten	
4-37	931-934	der	
4-38	935-941	rotsen	
4-39	942-946	door	
4-40	947-949	de	
4-41	950-955	bijna	
4-42	956-967	plotselinge	
4-43	968-970	en	
4-44	971-980	ongelijke	
4-45	981-991	verkoeling	
4-46	992-994	na	
4-47	995-998	den	
4-48	999-1008	ondergang	
4-49	1009-1012	der	
4-50	1013-1016	zon	
4-51	1016-1017	.	

#Text=In andere streken daarentegen, alwaar het, tengevolge der hoogere breedte, niet zoo warm kan worden,
#Text=is dat verschil van dag en nacht op verre na zoo groot niet, en waar vochtigheid met eene ligging in de tropische gewesten te zamen valt als op Madagascar en Borneo, daar vindt men de grootste hittte tot 54o Cels.
5-1	1018-1020	In	
5-2	1021-1027	andere	
5-3	1028-1035	streken	
5-4	1036-1047	daarentegen	
5-5	1047-1048	,	
5-6	1049-1055	alwaar	
5-7	1056-1059	het	
5-8	1059-1060	,	
5-9	1061-1071	tengevolge	
5-10	1072-1075	der	
5-11	1076-1083	hoogere	
5-12	1084-1091	breedte	
5-13	1091-1092	,	
5-14	1093-1097	niet	
5-15	1098-1101	zoo	
5-16	1102-1106	warm	
5-17	1107-1110	kan	
5-18	1111-1117	worden	
5-19	1117-1118	,	
5-20	1119-1121	is	
5-21	1122-1125	dat	
5-22	1126-1134	verschil	
5-23	1135-1138	van	
5-24	1139-1142	dag	
5-25	1143-1145	en	
5-26	1146-1151	nacht	
5-27	1152-1154	op	
5-28	1155-1160	verre	
5-29	1161-1163	na	
5-30	1164-1167	zoo	
5-31	1168-1173	groot	
5-32	1174-1178	niet	
5-33	1178-1179	,	
5-34	1180-1182	en	
5-35	1183-1187	waar	
5-36	1188-1199	vochtigheid	
5-37	1200-1203	met	
5-38	1204-1208	eene	
5-39	1209-1216	ligging	
5-40	1217-1219	in	
5-41	1220-1222	de	
5-42	1223-1232	tropische	
5-43	1233-1241	gewesten	
5-44	1242-1244	te	
5-45	1245-1250	zamen	
5-46	1251-1255	valt	
5-47	1256-1259	als	
5-48	1260-1262	op	
5-49	1263-1273	Madagascar	
5-50	1274-1276	en	
5-51	1277-1283	Borneo	
5-52	1283-1284	,	
5-53	1285-1289	daar	
5-54	1290-1295	vindt	
5-55	1296-1299	men	
5-56	1300-1302	de	
5-57	1303-1311	grootste	
5-58	1312-1318	hittte	
5-59	1319-1322	tot	
5-60	1323-1326	54o	
5-61	1327-1331	Cels	
5-62	1331-1332	.	

#Text=Zoo zou het de vraag zijn, of onze aarde zonder waterdamp wel in het geheel bewoonbaar zou wezen en dat niet alleen om de excessive warmtewisseling, maar ook om de geringe gemiddelde hoeveelheid warmte, indien het water er niet aanwezig was.
6-1	1334-1337	Zoo	
6-2	1338-1341	zou	
6-3	1342-1345	het	
6-4	1346-1348	de	
6-5	1349-1354	vraag	
6-6	1355-1359	zijn	
6-7	1359-1360	,	
6-8	1361-1363	of	
6-9	1364-1368	onze	
6-10	1369-1374	aarde	
6-11	1375-1381	zonder	
6-12	1382-1391	waterdamp	
6-13	1392-1395	wel	
6-14	1396-1398	in	
6-15	1399-1402	het	
6-16	1403-1409	geheel	
6-17	1410-1420	bewoonbaar	
6-18	1421-1424	zou	
6-19	1425-1430	wezen	
6-20	1431-1433	en	
6-21	1434-1437	dat	
6-22	1438-1442	niet	
6-23	1443-1449	alleen	
6-24	1450-1452	om	
6-25	1453-1455	de	
6-26	1456-1465	excessive	
6-27	1466-1481	warmtewisseling	
6-28	1481-1482	,	
6-29	1483-1487	maar	
6-30	1488-1491	ook	
6-31	1492-1494	om	
6-32	1495-1497	de	
6-33	1498-1505	geringe	
6-34	1506-1516	gemiddelde	
6-35	1517-1528	hoeveelheid	
6-36	1529-1535	warmte	
6-37	1535-1536	,	
6-38	1537-1543	indien	
6-39	1544-1547	het	
6-40	1548-1553	water	
6-41	1554-1556	er	
6-42	1557-1561	niet	
6-43	1562-1570	aanwezig	
6-44	1571-1574	was	
6-45	1574-1575	.	

#Text=Vele waterdeeltjes zijn echter met dat eenzelvig leven niet tevreden, zij willen zich met andere van hunne soort vereenigen,
#Text=[
#Text=p. 40]
#Text=
#Text=niet slechts tot regendroppels om te vallen maar tot zwevende groepen, om zich in de lucht vrij te bewegen en veel schoons, velerlei nut te weeg te brengen.
#Text=- Door welke oorzaak dan ook, bij welke aanleiding het zij, zij gaan blaasjes vormen, vergelijkbaar met de cellen der organische stoffen.
7-1	1578-1582	Vele	
7-2	1583-1596	waterdeeltjes	
7-3	1597-1601	zijn	
7-4	1602-1608	echter	
7-5	1609-1612	met	
7-6	1613-1616	dat	
7-7	1617-1626	eenzelvig	
7-8	1627-1632	leven	
7-9	1633-1637	niet	
7-10	1638-1646	tevreden	
7-11	1646-1647	,	
7-12	1648-1651	zij	
7-13	1652-1658	willen	
7-14	1659-1663	zich	
7-15	1664-1667	met	
7-16	1668-1674	andere	
7-17	1675-1678	van	
7-18	1679-1684	hunne	
7-19	1685-1690	soort	
7-20	1691-1701	vereenigen	
7-21	1701-1702	,	
7-22	1703-1704	[	
7-23	1705-1706	p	
7-24	1706-1707	.	
7-25	1708-1710	40	
7-26	1710-1711	]	
7-27	1713-1717	niet	
7-28	1718-1725	slechts	
7-29	1726-1729	tot	
7-30	1730-1743	regendroppels	
7-31	1744-1746	om	
7-32	1747-1749	te	
7-33	1750-1756	vallen	
7-34	1757-1761	maar	
7-35	1762-1765	tot	
7-36	1766-1774	zwevende	
7-37	1775-1782	groepen	
7-38	1782-1783	,	
7-39	1784-1786	om	
7-40	1787-1791	zich	
7-41	1792-1794	in	
7-42	1795-1797	de	
7-43	1798-1803	lucht	
7-44	1804-1808	vrij	
7-45	1809-1811	te	
7-46	1812-1819	bewegen	
7-47	1820-1822	en	
7-48	1823-1827	veel	
7-49	1828-1835	schoons	
7-50	1835-1836	,	
7-51	1837-1845	velerlei	
7-52	1846-1849	nut	
7-53	1850-1852	te	
7-54	1853-1857	weeg	
7-55	1858-1860	te	
7-56	1861-1868	brengen	
7-57	1868-1869	.	
7-58	1870-1871	-	
7-59	1872-1876	Door	
7-60	1877-1882	welke	
7-61	1883-1890	oorzaak	
7-62	1891-1894	dan	
7-63	1895-1898	ook	
7-64	1898-1899	,	
7-65	1900-1903	bij	
7-66	1904-1909	welke	
7-67	1910-1920	aanleiding	
7-68	1921-1924	het	
7-69	1925-1928	zij	
7-70	1928-1929	,	
7-71	1930-1933	zij	
7-72	1934-1938	gaan	
7-73	1939-1947	blaasjes	
7-74	1948-1954	vormen	
7-75	1954-1955	,	
7-76	1956-1969	vergelijkbaar	
7-77	1970-1973	met	
7-78	1974-1976	de	
7-79	1977-1983	cellen	
7-80	1984-1987	der	
7-81	1988-1998	organische	
7-82	1999-2006	stoffen	
7-83	2006-2007	.	

#Text=Indien wij iets met zekerheid wisten omtrent de oorzaak van den elektrischen toestand der lucht, of die te weeg gebragt wordt door de waterdeeltjes zelve, die eenige elektriciteit opnemen bij of tengevolge hunner verdamping en ze zoo aan den dampkring mededeelen, of dat de lucht door andere oorzaken elektrisch kan worden;
#Text=indien wij het konden narekenen, hoe en wanneer de zuurstof in de natuur gedeeltelijk tot ozon wordt, gedeeltelijk tot antozon, dan zouden wij ook kunnen beslissen of die antozon-deeltjes de bepalende oorzaak waren van het vormen der waterblaasjes, - nu zeggen wij het eenvoudig:
#Text=de waterdeeltjes vereenigen zieh tot holle bolschalen, waarin lucht opgesloten is, tot waterblaasjes alzoo, die men volgens de Saussure nu en dan kan zien, maar wier aanwezen door Newton reeds vermoed werd, naar Clausius vooral vaststaat, zoo zelfs, dat men hunne hoeveelheid, hunne grootte, de dikte van het omhulsel bij benadering berekenen kan.
8-1	2010-2016	Indien	
8-2	2017-2020	wij	
8-3	2021-2025	iets	
8-4	2026-2029	met	
8-5	2030-2039	zekerheid	
8-6	2040-2046	wisten	
8-7	2047-2054	omtrent	
8-8	2055-2057	de	
8-9	2058-2065	oorzaak	
8-10	2066-2069	van	
8-11	2070-2073	den	
8-12	2074-2086	elektrischen	
8-13	2087-2095	toestand	
8-14	2096-2099	der	
8-15	2100-2105	lucht	
8-16	2105-2106	,	
8-17	2107-2109	of	
8-18	2110-2113	die	
8-19	2114-2116	te	
8-20	2117-2121	weeg	
8-21	2122-2129	gebragt	
8-22	2130-2135	wordt	
8-23	2136-2140	door	
8-24	2141-2143	de	
8-25	2144-2157	waterdeeltjes	
8-26	2158-2163	zelve	
8-27	2163-2164	,	
8-28	2165-2168	die	
8-29	2169-2175	eenige	
8-30	2176-2189	elektriciteit	
8-31	2190-2197	opnemen	
8-32	2198-2201	bij	
8-33	2202-2204	of	
8-34	2205-2215	tengevolge	
8-35	2216-2222	hunner	
8-36	2223-2233	verdamping	
8-37	2234-2236	en	
8-38	2237-2239	ze	
8-39	2240-2243	zoo	
8-40	2244-2247	aan	
8-41	2248-2251	den	
8-42	2252-2261	dampkring	
8-43	2262-2272	mededeelen	
8-44	2272-2273	,	
8-45	2274-2276	of	
8-46	2277-2280	dat	
8-47	2281-2283	de	
8-48	2284-2289	lucht	
8-49	2290-2294	door	
8-50	2295-2301	andere	
8-51	2302-2310	oorzaken	
8-52	2311-2321	elektrisch	
8-53	2322-2325	kan	
8-54	2326-2332	worden	
8-55	2332-2333	;	
8-56	2334-2340	indien	
8-57	2341-2344	wij	
8-58	2345-2348	het	
8-59	2349-2355	konden	
8-60	2356-2365	narekenen	
8-61	2365-2366	,	
8-62	2367-2370	hoe	
8-63	2371-2373	en	
8-64	2374-2381	wanneer	
8-65	2382-2384	de	
8-66	2385-2393	zuurstof	
8-67	2394-2396	in	
8-68	2397-2399	de	
8-69	2400-2406	natuur	
8-70	2407-2419	gedeeltelijk	
8-71	2420-2423	tot	
8-72	2424-2428	ozon	
8-73	2429-2434	wordt	
8-74	2434-2435	,	
8-75	2436-2448	gedeeltelijk	
8-76	2449-2452	tot	
8-77	2453-2460	antozon	
8-78	2460-2461	,	
8-79	2462-2465	dan	
8-80	2466-2472	zouden	
8-81	2473-2476	wij	
8-82	2477-2480	ook	
8-83	2481-2487	kunnen	
8-84	2488-2497	beslissen	
8-85	2498-2500	of	
8-86	2501-2504	die	
8-87	2505-2521	antozon-deeltjes	
8-88	2522-2524	de	
8-89	2525-2534	bepalende	
8-90	2535-2542	oorzaak	
8-91	2543-2548	waren	
8-92	2549-2552	van	
8-93	2553-2556	het	
8-94	2557-2563	vormen	
8-95	2564-2567	der	
8-96	2568-2581	waterblaasjes	
8-97	2581-2582	,	
8-98	2583-2584	-	
8-99	2585-2587	nu	
8-100	2588-2594	zeggen	
8-101	2595-2598	wij	
8-102	2599-2602	het	
8-103	2603-2612	eenvoudig	
8-104	2612-2613	:	
8-105	2614-2616	de	
8-106	2617-2630	waterdeeltjes	
8-107	2631-2641	vereenigen	
8-108	2642-2646	zieh	
8-109	2647-2650	tot	
8-110	2651-2656	holle	
8-111	2657-2667	bolschalen	
8-112	2667-2668	,	
8-113	2669-2675	waarin	
8-114	2676-2681	lucht	
8-115	2682-2692	opgesloten	
8-116	2693-2695	is	
8-117	2695-2696	,	
8-118	2697-2700	tot	
8-119	2701-2714	waterblaasjes	
8-120	2715-2720	alzoo	
8-121	2720-2721	,	
8-122	2722-2725	die	
8-123	2726-2729	men	
8-124	2730-2737	volgens	
8-125	2738-2740	de	
8-126	2741-2749	Saussure	
8-127	2750-2752	nu	
8-128	2753-2755	en	
8-129	2756-2759	dan	
8-130	2760-2763	kan	
8-131	2764-2768	zien	
8-132	2768-2769	,	
8-133	2770-2774	maar	
8-134	2775-2779	wier	
8-135	2780-2788	aanwezen	
8-136	2789-2793	door	
8-137	2794-2800	Newton	
8-138	2801-2806	reeds	
8-139	2807-2814	vermoed	
8-140	2815-2819	werd	
8-141	2819-2820	,	
8-142	2821-2825	naar	
8-143	2826-2834	Clausius	
8-144	2835-2841	vooral	
8-145	2842-2851	vaststaat	
8-146	2851-2852	,	
8-147	2853-2856	zoo	
8-148	2857-2862	zelfs	
8-149	2862-2863	,	
8-150	2864-2867	dat	
8-151	2868-2871	men	
8-152	2872-2877	hunne	
8-153	2878-2889	hoeveelheid	
8-154	2889-2890	,	
8-155	2891-2896	hunne	
8-156	2897-2904	grootte	
8-157	2904-2905	,	
8-158	2906-2908	de	
8-159	2909-2914	dikte	
8-160	2915-2918	van	
8-161	2919-2922	het	
8-162	2923-2931	omhulsel	
8-163	2932-2935	bij	
8-164	2936-2946	benadering	
8-165	2947-2956	berekenen	
8-166	2957-2960	kan	
8-167	2960-2961	.	

#Text=Gedurende hun leven als zoodanig, in den toestand, waarin zij nog niet al te zeer opeengehoopt zijn, waarin hunne huid nog niet te dik is, vertoonen zij ons het morgen- en avondrood;
#Text=in meerdere zamenpakking, als zij als bolletjes beschouwd kunnen worden de sterk gekleurde kransen, kleine kringen om zon en maan, en in mindere hoeveelheid het blaauw des hemels.
9-1	2962-2971	Gedurende	
9-2	2972-2975	hun	
9-3	2976-2981	leven	
9-4	2982-2985	als	
9-5	2986-2994	zoodanig	
9-6	2994-2995	,	
9-7	2996-2998	in	
9-8	2999-3002	den	
9-9	3003-3011	toestand	
9-10	3011-3012	,	
9-11	3013-3019	waarin	
9-12	3020-3023	zij	
9-13	3024-3027	nog	
9-14	3028-3032	niet	
9-15	3033-3035	al	
9-16	3036-3038	te	
9-17	3039-3043	zeer	
9-18	3044-3056	opeengehoopt	
9-19	3057-3061	zijn	
9-20	3061-3062	,	
9-21	3063-3069	waarin	
9-22	3070-3075	hunne	
9-23	3076-3080	huid	
9-24	3081-3084	nog	
9-25	3085-3089	niet	
9-26	3090-3092	te	
9-27	3093-3096	dik	
9-28	3097-3099	is	
9-29	3099-3100	,	
9-30	3101-3110	vertoonen	
9-31	3111-3114	zij	
9-32	3115-3118	ons	
9-33	3119-3122	het	
9-34	3123-3129	morgen	
9-35	3129-3130	-	
9-36	3131-3133	en	
9-37	3134-3143	avondrood	
9-38	3143-3144	;	
9-39	3145-3147	in	
9-40	3148-3156	meerdere	
9-41	3157-3169	zamenpakking	
9-42	3169-3170	,	
9-43	3171-3174	als	
9-44	3175-3178	zij	
9-45	3179-3182	als	
9-46	3183-3192	bolletjes	
9-47	3193-3202	beschouwd	
9-48	3203-3209	kunnen	
9-49	3210-3216	worden	
9-50	3217-3219	de	
9-51	3220-3225	sterk	
9-52	3226-3235	gekleurde	
9-53	3236-3243	kransen	
9-54	3243-3244	,	
9-55	3245-3251	kleine	
9-56	3252-3259	kringen	
9-57	3260-3262	om	
9-58	3263-3266	zon	
9-59	3267-3269	en	
9-60	3270-3274	maan	
9-61	3274-3275	,	
9-62	3276-3278	en	
9-63	3279-3281	in	
9-64	3282-3289	mindere	
9-65	3290-3301	hoeveelheid	
9-66	3302-3305	het	
9-67	3306-3312	blaauw	
9-68	3313-3316	des	
9-69	3317-3323	hemels	
9-70	3323-3324	.	

#Text=Juist die verschillende tinten leeren ons de betrekkelijke hoeveelheid der blaasjes en hunne grootte kennen;
#Text=want door de herhaalde terugkaatsing van het licht op al die verschillende oppervlakten in- en uitwendig komt er licht in ons oog, dat ofschoon in dezelfde rigting invallende toch zeer ongelijke wegen heeft doorloopen;
10-1	3325-3330	Juist	
10-2	3331-3334	die	
10-3	3335-3348	verschillende	
10-4	3349-3355	tinten	
10-5	3356-3362	leeren	
10-6	3363-3366	ons	
10-7	3367-3369	de	
10-8	3370-3383	betrekkelijke	
10-9	3384-3395	hoeveelheid	
10-10	3396-3399	der	
10-11	3400-3408	blaasjes	
10-12	3409-3411	en	
10-13	3412-3417	hunne	
10-14	3418-3425	grootte	
10-15	3426-3432	kennen	
10-16	3432-3433	;	
10-17	3434-3438	want	
10-18	3439-3443	door	
10-19	3444-3446	de	
10-20	3447-3456	herhaalde	
10-21	3457-3470	terugkaatsing	
10-22	3471-3474	van	
10-23	3475-3478	het	
10-24	3479-3484	licht	
10-25	3485-3487	op	
10-26	3488-3490	al	
10-27	3491-3494	die	
10-28	3495-3508	verschillende	
10-29	3509-3521	oppervlakten	
10-30	3522-3524	in	
10-31	3524-3525	-	
10-32	3526-3528	en	
10-33	3529-3538	uitwendig	
10-34	3539-3543	komt	
10-35	3544-3546	er	
10-36	3547-3552	licht	
10-37	3553-3555	in	
10-38	3556-3559	ons	
10-39	3560-3563	oog	
10-40	3563-3564	,	
10-41	3565-3568	dat	
10-42	3569-3577	ofschoon	
10-43	3578-3580	in	
10-44	3581-3589	dezelfde	
10-45	3590-3597	rigting	
10-46	3598-3608	invallende	
10-47	3609-3613	toch	
10-48	3614-3618	zeer	
10-49	3619-3628	ongelijke	
10-50	3629-3634	wegen	
10-51	3635-3640	heeft	
10-52	3641-3651	doorloopen	
10-53	3651-3652	;	
