#FORMAT=WebAnno TSV 3.3


#Text=XV.
#Text=irum videri poteft, ab odoribus ita aliquos affici, ut verti.
#Text=giocm, deliquium, aliosque deceriores etiam effectus paciantur , quod in mulieribus præfertim accidic hysterica affectione laborantibus; sed si perpendamus, nervos quinix conjugationis non folum ad nares ferri, fed in oculos etiam, linguarn , palatum ceterafque capitis partes , & in ipsum etiam thoracem, & diaphragma, atque præcordia sese inliņuare , facile advertemus, ex
#Text=
#Text=
#Text=
#Text=motu
#Text=
#Text=
#Text=
#Text=
#Text=
#Text=motu nervorum olfactoriorum motun etiam in nervos per alias corporis partes dispersos oriri, ex quo moru improviso facile curbatur cursus spirituum animalium, atque hinc animi deliquium, cæterique noxii effectus .
1-1	2-4	XV	
1-2	4-5	.	
1-3	6-10	irum	
1-4	11-17	videri	
1-5	18-24	poteft	
1-6	24-25	,	
1-7	26-28	ab	
1-8	29-37	odoribus	
1-9	38-41	ita	
1-10	42-49	aliquos	
1-11	50-56	affici	
1-12	56-57	,	
1-13	58-60	ut	
1-14	61-66	verti	
1-15	66-67	.	
1-16	68-73	giocm	
1-17	73-74	,	
1-18	75-84	deliquium	
1-19	84-85	,	
1-20	86-94	aliosque	
1-21	95-105	deceriores	
1-22	106-111	etiam	
1-23	112-120	effectus	
1-24	121-130	paciantur	
1-25	131-132	,	
1-26	133-137	quod	
1-27	138-140	in	
1-28	141-151	mulieribus	
1-29	152-161	præfertim	
1-30	162-169	accidic	
1-31	170-179	hysterica	
1-32	180-190	affectione	
1-33	191-203	laborantibus	
1-34	203-204	;	
1-35	205-208	sed	
1-36	209-211	si	
1-37	212-223	perpendamus	
1-38	223-224	,	
1-39	225-231	nervos	
1-40	232-238	quinix	
1-41	239-252	conjugationis	
1-42	253-256	non	
1-43	257-262	folum	
1-44	263-265	ad	
1-45	266-271	nares	
1-46	272-277	ferri	
1-47	277-278	,	
1-48	279-282	fed	
1-49	283-285	in	
1-50	286-292	oculos	
1-51	293-298	etiam	
1-52	298-299	,	
1-53	300-308	linguarn	
1-54	309-310	,	
1-55	311-318	palatum	
1-56	319-329	ceterafque	
1-57	330-337	capitis	
1-58	338-344	partes	
1-59	345-346	,	
1-60	347-348	&	
1-61	349-351	in	
1-62	352-357	ipsum	
1-63	358-363	etiam	
1-64	364-372	thoracem	
1-65	372-373	,	
1-66	374-375	&	
1-67	376-386	diaphragma	
1-68	386-387	,	
1-69	388-393	atque	
1-70	394-403	præcordia	
1-71	404-408	sese	
1-72	409-418	inliņuare	
1-73	419-420	,	
1-74	421-427	facile	
1-75	428-438	advertemus	
1-76	438-439	,	
1-77	440-442	ex	
1-78	446-450	motu	
1-79	456-460	motu	
1-80	461-469	nervorum	
1-81	470-483	olfactoriorum	
1-82	484-489	motun	
1-83	490-495	etiam	
1-84	496-498	in	
1-85	499-505	nervos	
1-86	506-509	per	
1-87	510-515	alias	
1-88	516-524	corporis	
1-89	525-531	partes	
1-90	532-541	dispersos	
1-91	542-547	oriri	
1-92	547-548	,	
1-93	549-551	ex	
1-94	552-555	quo	
1-95	556-560	moru	
1-96	561-570	improviso	
1-97	571-577	facile	
1-98	578-586	curbatur	
1-99	587-593	cursus	
1-100	594-603	spirituum	
1-101	604-613	animalium	
1-102	613-614	,	
1-103	615-620	atque	
1-104	621-625	hinc	
1-105	626-631	animi	
1-106	632-641	deliquium	
1-107	641-642	,	
1-108	643-652	cæterique	
1-109	653-658	noxii	
1-110	659-667	effectus	
1-111	668-669	.	

#Text=Neque difficultas in eo elle poteft, quod fatis nobis non innotescat, quomodo particularum motus hujusmodi effectus crcare poslit; nam etâ hujus phænomeni ratio nobis certo non conster, scimus tamen, ipsum sonum aliquos limiles effectus procreare: nonne sunt, qui ex affrictu ferri ad ferrum, vel ad vitrum, vel ex aliis hujusmodi sonis ita turbantur, ut lint omnino sui impo.
#Text=tes?
2-1	670-675	Neque	
2-2	676-687	difficultas	
2-3	688-690	in	
2-4	691-693	eo	
2-5	694-698	elle	
2-6	699-705	poteft	
2-7	705-706	,	
2-8	707-711	quod	
2-9	712-717	fatis	
2-10	718-723	nobis	
2-11	724-727	non	
2-12	728-738	innotescat	
2-13	738-739	,	
2-14	740-747	quomodo	
2-15	748-760	particularum	
2-16	761-766	motus	
2-17	767-776	hujusmodi	
2-18	777-785	effectus	
2-19	786-792	crcare	
2-20	793-799	poslit	
2-21	799-800	;	
2-22	801-804	nam	
2-23	805-808	etâ	
2-24	809-814	hujus	
2-25	815-824	phænomeni	
2-26	825-830	ratio	
2-27	831-836	nobis	
2-28	837-842	certo	
2-29	843-846	non	
2-30	847-854	conster	
2-31	854-855	,	
2-32	856-862	scimus	
2-33	863-868	tamen	
2-34	868-869	,	
2-35	870-875	ipsum	
2-36	876-881	sonum	
2-37	882-889	aliquos	
2-38	890-897	limiles	
2-39	898-906	effectus	
2-40	907-916	procreare	
2-41	916-917	:	
2-42	918-923	nonne	
2-43	924-928	sunt	
2-44	928-929	,	
2-45	930-933	qui	
2-46	934-936	ex	
2-47	937-945	affrictu	
2-48	946-951	ferri	
2-49	952-954	ad	
2-50	955-961	ferrum	
2-51	961-962	,	
2-52	963-966	vel	
2-53	967-969	ad	
2-54	970-976	vitrum	
2-55	976-977	,	
2-56	978-981	vel	
2-57	982-984	ex	
2-58	985-990	aliis	
2-59	991-1000	hujusmodi	
2-60	1001-1006	sonis	
2-61	1007-1010	ita	
2-62	1011-1020	turbantur	
2-63	1020-1021	,	
2-64	1022-1024	ut	
2-65	1025-1029	lint	
2-66	1030-1036	omnino	
2-67	1037-1040	sui	
2-68	1041-1045	impo	
2-69	1045-1046	.	
2-70	1047-1050	tes	
2-71	1050-1051	?	

#Text=omnes præterea experimur in nobismet iplis quasdam corpo.
#Text=ris totius commotiones ad aliquorum instrumentorum lonos, præsertim vero si chordę quędam pulsentur.
3-1	1052-1057	omnes	
3-2	1058-1066	præterea	
3-3	1067-1076	experimur	
3-4	1077-1079	in	
3-5	1080-1088	nobismet	
3-6	1089-1094	iplis	
3-7	1095-1102	quasdam	
3-8	1103-1108	corpo	
3-9	1108-1109	.	
3-10	1110-1113	ris	
3-11	1114-1120	totius	
3-12	1121-1132	commotiones	
3-13	1133-1135	ad	
3-14	1136-1145	aliquorum	
3-15	1146-1160	instrumentorum	
3-16	1161-1166	lonos	
3-17	1166-1167	,	
3-18	1168-1177	præsertim	
3-19	1178-1182	vero	
3-20	1183-1185	si	
3-21	1186-1192	chordę	
3-22	1193-1199	quędam	
3-23	1200-1209	pulsentur	
3-24	1209-1210	.	

#Text=Motus igitur mate, rix odoræ similes effectus in nobis generare potest; et co facilius, quo nervi olfactorii cum aliis per universum corpus disperlis magis connectuntur, atque hıc de causa hujus generis effectus
#Text=
#Text=facilius ab odoribus, quan a lonis producuntur.
4-1	1211-1216	Motus	
4-2	1217-1223	igitur	
4-3	1224-1228	mate	
4-4	1228-1229	,	
4-5	1230-1233	rix	
4-6	1234-1239	odoræ	
4-7	1240-1247	similes	
4-8	1248-1256	effectus	
4-9	1257-1259	in	
4-10	1260-1265	nobis	
4-11	1266-1274	generare	
4-12	1275-1281	potest	
4-13	1281-1282	;	
4-14	1283-1285	et	
4-15	1286-1288	co	
4-16	1289-1297	facilius	
4-17	1297-1298	,	
4-18	1299-1302	quo	
4-19	1303-1308	nervi	
4-20	1309-1319	olfactorii	
4-21	1320-1323	cum	
4-22	1324-1329	aliis	
4-23	1330-1333	per	
4-24	1334-1343	universum	
4-25	1344-1350	corpus	
4-26	1351-1360	disperlis	
4-27	1361-1366	magis	
4-28	1367-1379	connectuntur	
4-29	1379-1380	,	
4-30	1381-1386	atque	
4-31	1387-1390	hıc	
4-32	1391-1393	de	
4-33	1394-1399	causa	
4-34	1400-1405	hujus	
4-35	1406-1413	generis	
4-36	1414-1422	effectus	
4-37	1424-1432	facilius	
4-38	1433-1435	ab	
4-39	1436-1444	odoribus	
4-40	1444-1445	,	
4-41	1446-1450	quan	
4-42	1451-1452	a	
4-43	1453-1458	lonis	
4-44	1459-1470	producuntur	
4-45	1470-1471	.	

#Text=XVI.
5-1	1472-1475	XVI	
5-2	1475-1476	.	

#Text=Hec pociora videntur circa odores explicanda ; cætera quis.
#Text=que proprio marte facile deducere pocelt, v. g. cur iidem odores aliis grati fint, aliis ingrati, cur facilius ab una animalium specie, quam ab alia percipiantur, cur in aliis corporibus acutiores fine, in aliis remifTiores, & cxtera hujusmodi.
6-1	1477-1480	Hec	
6-2	1481-1488	pociora	
6-3	1489-1497	videntur	
6-4	1498-1503	circa	
6-5	1504-1510	odores	
6-6	1511-1521	explicanda	
6-7	1522-1523	;	
6-8	1524-1530	cætera	
6-9	1531-1535	quis	
6-10	1535-1536	.	
6-11	1537-1540	que	
6-12	1541-1548	proprio	
6-13	1549-1554	marte	
6-14	1555-1561	facile	
6-15	1562-1570	deducere	
6-16	1571-1577	pocelt	
6-17	1577-1578	,	
6-18	1579-1580	v	
6-19	1580-1581	.	
6-20	1582-1583	g	
6-21	1583-1584	.	
6-22	1585-1588	cur	
6-23	1589-1594	iidem	
6-24	1595-1601	odores	
6-25	1602-1607	aliis	
6-26	1608-1613	grati	
6-27	1614-1618	fint	
6-28	1618-1619	,	
6-29	1620-1625	aliis	
6-30	1626-1633	ingrati	
6-31	1633-1634	,	
6-32	1635-1638	cur	
6-33	1639-1647	facilius	
6-34	1648-1650	ab	
6-35	1651-1654	una	
6-36	1655-1664	animalium	
6-37	1665-1671	specie	
6-38	1671-1672	,	
6-39	1673-1677	quam	
6-40	1678-1680	ab	
6-41	1681-1685	alia	
6-42	1686-1698	percipiantur	
6-43	1698-1699	,	
6-44	1700-1703	cur	
6-45	1704-1706	in	
6-46	1707-1712	aliis	
6-47	1713-1723	corporibus	
6-48	1724-1733	acutiores	
6-49	1734-1738	fine	
6-50	1738-1739	,	
6-51	1740-1742	in	
6-52	1743-1748	aliis	
6-53	1749-1760	remifTiores	
6-54	1760-1761	,	
6-55	1762-1763	&	
6-56	1764-1770	cxtera	
6-57	1771-1780	hujusmodi	
6-58	1780-1781	.	

#Text=Quare cum omnia satis concione explicec hæc fententia, & difficultatem sub initium expositam omnino fugiar, saltem ur hypothesis ad phænomena explicanda aptissima admitti poteit.
7-1	1782-1787	Quare	
7-2	1788-1791	cum	
7-3	1792-1797	omnia	
7-4	1798-1803	satis	
7-5	1804-1812	concione	
7-6	1813-1821	explicec	
7-7	1822-1825	hæc	
7-8	1826-1835	fententia	
7-9	1835-1836	,	
7-10	1837-1838	&	
7-11	1839-1852	difficultatem	
7-12	1853-1856	sub	
7-13	1857-1864	initium	
7-14	1865-1874	expositam	
7-15	1875-1881	omnino	
7-16	1882-1888	fugiar	
7-17	1888-1889	,	
7-18	1890-1896	saltem	
7-19	1897-1899	ur	
7-20	1900-1910	hypothesis	
7-21	1911-1913	ad	
7-22	1914-1923	phænomena	
7-23	1924-1934	explicanda	
7-24	1935-1944	aptissima	
7-25	1945-1952	admitti	
7-26	1953-1959	poteit	
7-27	1959-1960	.	

#Text=Verum si a notioribus ad ignota faciendus est progrellus, uc bene ratiocinandi regulæ nos docent, etiam uc chelis non elt rejicienda.
8-1	1961-1966	Verum	
8-2	1967-1969	si	
8-3	1970-1971	a	
8-4	1972-1982	notioribus	
8-5	1983-1985	ad	
8-6	1986-1992	ignota	
8-7	1993-2002	faciendus	
8-8	2003-2006	est	
8-9	2007-2017	progrellus	
8-10	2017-2018	,	
8-11	2019-2021	uc	
8-12	2022-2026	bene	
8-13	2027-2039	ratiocinandi	
8-14	2040-2046	regulæ	
8-15	2047-2050	nos	
8-16	2051-2057	docent	
8-17	2057-2058	,	
8-18	2059-2064	etiam	
8-19	2065-2067	uc	
8-20	2068-2074	chelis	
8-21	2075-2078	non	
8-22	2079-2082	elt	
8-23	2083-2093	rejicienda	
8-24	2093-2094	.	

#Text=Scimus certo, quantum physicæ res patiuntur, aliquam fenfationem ficri per motum particularum, quæ a corpore egreffæ non Gne, fed ab codem motum acceperint; hujusmodic taudicio; certi aucem non fumus, ullam fieri Sensationem per appulsum particularum a corpore effu-ntium fine sensibili ejusdem corporis decremento : quamobrem cum de uno agendi modo in natura certi fimus, cur codem in aliis etiam non utamur, G nihil id prohibeat?
9-1	2095-2101	Scimus	
9-2	2102-2107	certo	
9-3	2107-2108	,	
9-4	2109-2116	quantum	
9-5	2117-2124	physicæ	
9-6	2125-2128	res	
9-7	2129-2138	patiuntur	
9-8	2138-2139	,	
9-9	2140-2147	aliquam	
9-10	2148-2159	fenfationem	
9-11	2160-2165	ficri	
9-12	2166-2169	per	
9-13	2170-2175	motum	
9-14	2176-2188	particularum	
9-15	2188-2189	,	
9-16	2190-2193	quæ	
9-17	2194-2195	a	
9-18	2196-2203	corpore	
9-19	2204-2211	egreffæ	
9-20	2212-2215	non	
9-21	2216-2219	Gne	
9-22	2219-2220	,	
9-23	2221-2224	fed	
9-24	2225-2227	ab	
9-25	2228-2233	codem	
9-26	2234-2239	motum	
9-27	2240-2250	acceperint	
9-28	2250-2251	;	
9-29	2252-2262	hujusmodic	
9-30	2263-2271	taudicio	
9-31	2271-2272	;	
9-32	2273-2278	certi	
9-33	2279-2284	aucem	
9-34	2285-2288	non	
9-35	2289-2294	fumus	
9-36	2294-2295	,	
9-37	2296-2301	ullam	
9-38	2302-2307	fieri	
9-39	2308-2319	Sensationem	
9-40	2320-2323	per	
9-41	2324-2332	appulsum	
9-42	2333-2345	particularum	
9-43	2346-2347	a	
9-44	2348-2355	corpore	
9-45	2356-2366	effu-ntium	
9-46	2367-2371	fine	
9-47	2372-2381	sensibili	
9-48	2382-2389	ejusdem	
9-49	2390-2398	corporis	
9-50	2399-2409	decremento	
9-51	2410-2411	:	
9-52	2412-2421	quamobrem	
9-53	2422-2425	cum	
9-54	2426-2428	de	
9-55	2429-2432	uno	
9-56	2433-2439	agendi	
9-57	2440-2444	modo	
9-58	2445-2447	in	
9-59	2448-2454	natura	
9-60	2455-2460	certi	
9-61	2461-2466	fimus	
9-62	2466-2467	,	
9-63	2468-2471	cur	
9-64	2472-2477	codem	
9-65	2478-2480	in	
9-66	2481-2486	aliis	
9-67	2487-2492	etiam	
9-68	2493-2496	non	
9-69	2497-2503	utamur	
9-70	2503-2504	,	
9-71	2505-2506	G	
9-72	2507-2512	nihil	
9-73	2513-2515	id	
9-74	2516-2525	prohibeat	
9-75	2525-2526	?	

#Text=Nihil autem elle in hac materia, quod odorum propagationcm mox explicatam evertat, abunde ostendislc mihi videor: quare cum nihil in hac fententia lit difficultatis , naturam vero faciat fibi maximc conformem, fententiæ a Philosophis hactenus recepte
#Text=
#Text=hanc
#Text=
#Text=
#Text=
#Text=
#Text=
#Text=elias cile elia
#Text=
#Text=
#Text=
#Text=Ig hanc cheoriam preferendam cenfeo, quam tamen ad eum cani tum finem tumultuario ftudio concionavi, ut qui vel ingenio, vel librorum copia , vel experiendi faculcate pręstant, auc falsam oftendant, aut rationc, atque experimentis confirmenc, rcmquc accuratius, ubi opus eft, definiant:
#Text=
#Text=
#Text=
#Text=
#Text=
#Text=Mnes plantarum operationes , nutritio scilicet , accretio, ac produ
#Text=
#Text=&tio a varia materia textura, atque affe&tione ab extrinsecis caufis adjuta omnino est repetenda.
10-1	2527-2532	Nihil	
10-2	2533-2538	autem	
10-3	2539-2543	elle	
10-4	2544-2546	in	
10-5	2547-2550	hac	
10-6	2551-2558	materia	
10-7	2558-2559	,	
10-8	2560-2564	quod	
10-9	2565-2571	odorum	
10-10	2572-2585	propagationcm	
10-11	2586-2589	mox	
10-12	2590-2600	explicatam	
10-13	2601-2608	evertat	
10-14	2608-2609	,	
10-15	2610-2616	abunde	
10-16	2617-2627	ostendislc	
10-17	2628-2632	mihi	
10-18	2633-2639	videor	
10-19	2639-2640	:	
10-20	2641-2646	quare	
10-21	2647-2650	cum	
10-22	2651-2656	nihil	
10-23	2657-2659	in	
10-24	2660-2663	hac	
10-25	2664-2673	fententia	
10-26	2674-2677	lit	
10-27	2678-2691	difficultatis	
10-28	2692-2693	,	
10-29	2694-2701	naturam	
10-30	2702-2706	vero	
10-31	2707-2713	faciat	
10-32	2714-2718	fibi	
10-33	2719-2725	maximc	
10-34	2726-2735	conformem	
10-35	2735-2736	,	
10-36	2737-2746	fententiæ	
10-37	2747-2748	a	
10-38	2749-2760	Philosophis	
10-39	2761-2769	hactenus	
10-40	2770-2777	recepte	
10-41	2779-2783	hanc	
10-42	2789-2794	elias	
10-43	2795-2799	cile	
10-44	2800-2804	elia	
10-45	2808-2810	Ig	
10-46	2811-2815	hanc	
10-47	2816-2824	cheoriam	
10-48	2825-2836	preferendam	
10-49	2837-2843	cenfeo	
10-50	2843-2844	,	
10-51	2845-2849	quam	
10-52	2850-2855	tamen	
10-53	2856-2858	ad	
10-54	2859-2862	eum	
10-55	2863-2867	cani	
10-56	2868-2871	tum	
10-57	2872-2877	finem	
10-58	2878-2889	tumultuario	
10-59	2890-2896	ftudio	
10-60	2897-2907	concionavi	
10-61	2907-2908	,	
10-62	2909-2911	ut	
10-63	2912-2915	qui	
10-64	2916-2919	vel	
10-65	2920-2927	ingenio	
10-66	2927-2928	,	
10-67	2929-2932	vel	
10-68	2933-2941	librorum	
10-69	2942-2947	copia	
10-70	2948-2949	,	
10-71	2950-2953	vel	
10-72	2954-2964	experiendi	
10-73	2965-2974	faculcate	
10-74	2975-2983	pręstant	
10-75	2983-2984	,	
10-76	2985-2988	auc	
10-77	2989-2995	falsam	
10-78	2996-3005	oftendant	
10-79	3005-3006	,	
10-80	3007-3010	aut	
10-81	3011-3018	rationc	
10-82	3018-3019	,	
10-83	3020-3025	atque	
10-84	3026-3038	experimentis	
10-85	3039-3049	confirmenc	
10-86	3049-3050	,	
10-87	3051-3057	rcmquc	
10-88	3058-3068	accuratius	
10-89	3068-3069	,	
10-90	3070-3073	ubi	
10-91	3074-3078	opus	
10-92	3079-3082	eft	
10-93	3082-3083	,	
10-94	3084-3093	definiant	
10-95	3093-3094	:	
10-96	3100-3104	Mnes	
10-97	3105-3114	plantarum	
10-98	3115-3126	operationes	
10-99	3127-3128	,	
10-100	3129-3137	nutritio	
10-101	3138-3146	scilicet	
10-102	3147-3148	,	
10-103	3149-3157	accretio	
10-104	3157-3158	,	
10-105	3159-3161	ac	
10-106	3162-3167	produ	
10-107	3169-3170	&	
10-108	3170-3173	tio	
10-109	3174-3175	a	
10-110	3176-3181	varia	
10-111	3182-3189	materia	
10-112	3190-3197	textura	
10-113	3197-3198	,	
10-114	3199-3204	atque	
10-115	3205-3209	affe	
10-116	3209-3210	&	
10-117	3210-3215	tione	
10-118	3216-3218	ab	
10-119	3219-3230	extrinsecis	
10-120	3231-3237	caufis	
10-121	3238-3244	adjuta	
10-122	3245-3251	omnino	
10-123	3252-3255	est	
10-124	3256-3265	repetenda	
10-125	3265-3266	.	

#Text=II.
11-1	3267-3269	II	
11-2	3269-3270	.	

#Text=Circa Plantarum produttionem negamus, fe
#Text=
#Text=mina omnia à Deo sub Mundi exortum creata fuiße , eaque vel per elementa diSpersa, vel alia aliis fuiße inclusa.
12-1	3271-3276	Circa	
12-2	3277-3286	Plantarum	
12-3	3287-3299	produttionem	
12-4	3300-3307	negamus	
12-5	3307-3308	,	
12-6	3309-3311	fe	
12-7	3313-3317	mina	
12-8	3318-3323	omnia	
12-9	3324-3325	à	
12-10	3326-3329	Deo	
12-11	3330-3333	sub	
12-12	3334-3339	Mundi	
12-13	3340-3347	exortum	
12-14	3348-3354	creata	
12-15	3355-3360	fuiße	
12-16	3361-3362	,	
12-17	3363-3368	eaque	
12-18	3369-3372	vel	
12-19	3373-3376	per	
12-20	3377-3385	elementa	
12-21	3386-3394	diSpersa	
12-22	3394-3395	,	
12-23	3396-3399	vel	
12-24	3400-3404	alia	
12-25	3405-3410	aliis	
12-26	3411-3416	fuiße	
12-27	3417-3424	inclusa	
12-28	3424-3425	.	

#Text=III.
13-1	3426-3429	III	
13-2	3429-3430	.	

#Text=Contradio vitalis musculorum fit a spiritibus
#Text=
#Text=animalibus per nervos in musculos transmisis.
14-1	3431-3440	Contradio	
14-2	3441-3448	vitalis	
14-3	3449-3459	musculorum	
14-4	3460-3463	fit	
14-5	3464-3465	a	
14-6	3466-3476	spiritibus	
14-7	3478-3488	animalibus	
14-8	3489-3492	per	
14-9	3493-3499	nervos	
14-10	3500-3502	in	
14-11	3503-3511	musculos	
14-12	3512-3522	transmisis	
14-13	3522-3523	.	

#Text=Eam
#Text=
#Text=
#Text=
#Text=
#Text=
#Text=is
#Text=
#Text=
#Text=
#Text=E
#Text=
#Text=
#Text=
#Text=IV.
15-1	3524-3527	Eam	
15-2	3533-3535	is	
15-3	3539-3540	E	
15-4	3544-3546	IV	
15-5	3546-3547	.	
