#FORMAT=WebAnno TSV 3.3
#T_SP=custom.Span|label


#Text=Der Spezereyen und Materialien
#Text=
#Text=
#Text=
#Text=Coͤrper auf, und von einander trennet,
#Text=daher auch das ſicherſte Mittel, wenn
#Text=man ſie zu erhalten begehret, iſt, daß man
#Text=verhuͤte, damit keine Luft dazu komme.
1-1	0-3	Der	_	
1-2	4-14	Spezereyen	_	
1-3	15-18	und	_	
1-4	19-30	Materialien	_	
1-5	34-41	Coͤrper	_	
1-6	42-45	auf	_	
1-7	45-46	,	_	
1-8	47-50	und	_	
1-9	51-54	von	_	
1-10	55-63	einander	_	
1-11	64-71	trennet	_	
1-12	71-72	,	_	
1-13	73-78	daher	_	
1-14	79-83	auch	_	
1-15	84-87	das	_	
1-16	88-97	ſicherſte	_	
1-17	98-104	Mittel	_	
1-18	104-105	,	_	
1-19	106-110	wenn	_	
1-20	111-114	man	_	
1-21	115-118	ſie	_	
1-22	119-121	zu	_	
1-23	122-130	erhalten	_	
1-24	131-139	begehret	_	
1-25	139-140	,	_	
1-26	141-144	iſt	_	
1-27	144-145	,	_	
1-28	146-149	daß	_	
1-29	150-153	man	_	
1-30	154-162	verhuͤte	_	
1-31	162-163	,	_	
1-32	164-169	damit	_	
1-33	170-175	keine	_	
1-34	176-180	Luft	_	
1-35	181-185	dazu	_	
1-36	186-191	komme	_	
1-37	191-192	.	_	

#Text=Hierzu kommt noch, daß die Luft, die
#Text=wir beym athemhohlen einziehen, mit
#Text=einer unnennlichen Menge kleiner
#Text=Wuͤrmlein erfuͤllet iſt, die man nicht
#Text=einmahl ſehen kan, weil ſie ſo gar kleine
#Text=ſind.
2-1	194-200	Hierzu	_	
2-2	201-206	kommt	_	
2-3	207-211	noch	_	
2-4	211-212	,	_	
2-5	213-216	daß	_	
2-6	217-220	die	_	
2-7	221-225	Luft	_	
2-8	225-226	,	_	
2-9	227-230	die	_	
2-10	231-234	wir	_	
2-11	235-239	beym	_	
2-12	240-251	athemhohlen	_	
2-13	252-261	einziehen	_	
2-14	261-262	,	_	
2-15	263-266	mit	_	
2-16	267-272	einer	_	
2-17	273-285	unnennlichen	_	
2-18	286-291	Menge	_	
2-19	292-299	kleiner	_	
2-20	300-309	Wuͤrmlein	_	
2-21	310-319	erfuͤllet	_	
2-22	320-323	iſt	_	
2-23	323-324	,	_	
2-24	325-328	die	_	
2-25	329-332	man	_	
2-26	333-338	nicht	_	
2-27	339-346	einmahl	_	
2-28	347-352	ſehen	_	
2-29	353-356	kan	_	
2-30	356-357	,	_	
2-31	358-362	weil	_	
2-32	363-366	ſie	_	
2-33	367-369	ſo	_	
2-34	370-373	gar	_	
2-35	374-380	kleine	_	
2-36	381-385	ſind	_	
2-37	385-386	.	_	

#Text=Dieſe kleinen Wuͤrmlein hencken
#Text=ſich an das Fleiſch, und zernagen es, und
#Text=weil ſie ſich gantz leichtlich vermehren,
#Text=iſt die Luft zu zeiten gantz und gar mit
#Text=ihnen angefuͤllet, abſonderlich zu Peſt-
#Text=zeiten, oder wann andere anſteckende
#Text=Seuchen im Schwang gehen.
3-1	387-392	Dieſe	_	
3-2	393-400	kleinen	_	
3-3	401-410	Wuͤrmlein	_	
3-4	411-418	hencken	_	
3-5	419-423	ſich	_	
3-6	424-426	an	_	
3-7	427-430	das	_	
3-8	431-438	Fleiſch	_	
3-9	438-439	,	_	
3-10	440-443	und	_	
3-11	444-452	zernagen	_	
3-12	453-455	es	_	
3-13	455-456	,	_	
3-14	457-460	und	_	
3-15	461-465	weil	_	
3-16	466-469	ſie	_	
3-17	470-474	ſich	_	
3-18	475-480	gantz	_	
3-19	481-491	leichtlich	_	
3-20	492-501	vermehren	_	
3-21	501-502	,	_	
3-22	503-506	iſt	_	
3-23	507-510	die	_	
3-24	511-515	Luft	_	
3-25	516-518	zu	_	
3-26	519-525	zeiten	_	
3-27	526-531	gantz	_	
3-28	532-535	und	_	
3-29	536-539	gar	_	
3-30	540-543	mit	_	
3-31	544-549	ihnen	_	
3-32	550-561	angefuͤllet	_	
3-33	561-562	,	_	
3-34	563-575	abſonderlich	_	
3-35	576-578	zu	_	
3-36	579-583	Peſt	_	
3-37	583-584	-	_	
3-38	585-591	zeiten	_	
3-39	591-592	,	_	
3-40	593-597	oder	_	
3-41	598-602	wann	_	
3-42	603-609	andere	_	
3-43	610-621	anſteckende	_	
3-44	622-629	Seuchen	_	
3-45	630-632	im	_	
3-46	633-640	Schwang	_	
3-47	641-646	gehen	_	
3-48	646-647	.	_	

#Text=So hat
#Text=man auch durch die Vergroͤſſerungsglaͤ-
#Text=ſer in Acht genommen, daß, was der
#Text=Krebs genennet wird, nichts anders ſey,
#Text=als eine unzehliche Menge gantz kleiner
#Text=Wuͤrmlein, welche das Fleiſch, als wie
#Text=die Muͤlben den Kaͤſe zernagen.
4-1	648-650	So	_	
4-2	651-654	hat	_	
4-3	655-658	man	_	
4-4	659-663	auch	_	
4-5	664-669	durch	_	
4-6	670-673	die	_	
4-7	674-693	Vergroͤſſerungsglaͤ	_	
4-8	693-694	-	_	
4-9	695-698	ſer	_	
4-10	699-701	in	_	
4-11	702-706	Acht	_	
4-12	707-715	genommen	_	
4-13	715-716	,	_	
4-14	717-720	daß	_	
4-15	720-721	,	_	
4-16	722-725	was	_	
4-17	726-729	der	_	
4-18	730-735	Krebs	_	
4-19	736-744	genennet	_	
4-20	745-749	wird	_	
4-21	749-750	,	_	
4-22	751-757	nichts	_	
4-23	758-764	anders	_	
4-24	765-768	ſey	_	
4-25	768-769	,	_	
4-26	770-773	als	_	
4-27	774-778	eine	_	
4-28	779-789	unzehliche	_	
4-29	790-795	Menge	_	
4-30	796-801	gantz	_	
4-31	802-809	kleiner	_	
4-32	810-819	Wuͤrmlein	_	
4-33	819-820	,	_	
4-34	821-827	welche	_	
4-35	828-831	das	_	
4-36	832-839	Fleiſch	_	
4-37	839-840	,	_	
4-38	841-844	als	_	
4-39	845-848	wie	_	
4-40	849-852	die	_	
4-41	853-860	Muͤlben	_	
4-42	861-864	den	_	
4-43	865-870	Kaͤſe	_	
4-44	871-879	zernagen	_	
4-45	879-880	.	_	

#Text=Da-
#Text=mit nun das Fleiſch verwahret werde,
#Text=muß man dieſe Wuͤrmlein davon aus-
#Text=zuſchlieſſen trachten, welches vermit-
#Text=telſt des Honigs, Oels, Weingeiſts und
#Text=anderer Saͤfte geſchehen mag, denn die-
#Text=ſelben verwickeln und bedecken dieſes Ge-
#Text=wuͤrme, und toͤdten es.
5-1	881-883	Da	_	
5-2	883-884	-	_	
5-3	885-888	mit	_	
5-4	889-892	nun	_	
5-5	893-896	das	_	
5-6	897-904	Fleiſch	_	
5-7	905-914	verwahret	_	
5-8	915-920	werde	_	
5-9	920-921	,	_	
5-10	922-925	muß	_	
5-11	926-929	man	_	
5-12	930-935	dieſe	_	
5-13	936-945	Wuͤrmlein	_	
5-14	946-951	davon	_	
5-15	952-955	aus	_	
5-16	955-956	-	_	
5-17	957-969	zuſchlieſſen	_	
5-18	970-978	trachten	_	
5-19	978-979	,	_	
5-20	980-987	welches	_	
5-21	988-994	vermit	_	
5-22	994-995	-	_	
5-23	996-1001	telſt	_	
5-24	1002-1005	des	_	
5-25	1006-1012	Honigs	_	
5-26	1012-1013	,	_	
5-27	1014-1018	Oels	_	
5-28	1018-1019	,	_	
5-29	1020-1030	Weingeiſts	_	
5-30	1031-1034	und	_	
5-31	1035-1042	anderer	_	
5-32	1043-1049	Saͤfte	_	
5-33	1050-1059	geſchehen	_	
5-34	1060-1063	mag	_	
5-35	1063-1064	,	_	
5-36	1065-1069	denn	_	
5-37	1070-1073	die	_	
5-38	1073-1074	-	_	
5-39	1075-1081	ſelben	_	
5-40	1082-1092	verwickeln	_	
5-41	1093-1096	und	_	
5-42	1097-1105	bedecken	_	
5-43	1106-1112	dieſes	_	
5-44	1113-1115	Ge	_	
5-45	1115-1116	-	_	
5-46	1117-1123	wuͤrme	_	
5-47	1123-1124	,	_	
5-48	1125-1128	und	_	
5-49	1129-1136	toͤdten	_	
5-50	1137-1139	es	_	
5-51	1139-1140	.	_	

#Text=Allein der Egypter Vorwitz erſtreck-
#Text=te ſich noch weiter: denn, indem ſie ge-
#Text=gen ihꝛe abgelebeten Freunde gar zu groſ-
#Text=ſe Ehrerbietung haͤgeten, und ſich nicht
#Text=entſchlieſſen konten, dieſelben zu begra-
#Text=ben, mithin dererſelben Anſchauens ſich
#Text=zu berauben, verſuchten ſie ein Mittel
#Text=zu erfinden, durch deſſen Huͤlffe ſie die-
#Text=ſelbigen ſtets bey ſich und vor Augen ha-
#Text=ben
#Text=moͤchten, das iſt, daß ſie eben ſo ehr-
#Text=bar, wie ihre verſtorbenen Freunde le-
#Text=ben, und ſich nach deroſelben Auffuͤh-
#Text=rung auch richten koͤnnten.
6-1	1144-1150	Allein	_	
6-2	1151-1154	der	_	
6-3	1155-1162	Egypter	_	
6-4	1163-1170	Vorwitz	_	
6-5	1171-1179	erſtreck	_	
6-6	1179-1180	-	_	
6-7	1181-1183	te	_	
6-8	1184-1188	ſich	_	
6-9	1189-1193	noch	_	
6-10	1194-1200	weiter	_	
6-11	1200-1201	:	_	
6-12	1202-1206	denn	_	
6-13	1206-1207	,	_	
6-14	1208-1213	indem	_	
6-15	1214-1217	ſie	_	
6-16	1218-1220	ge	_	
6-17	1220-1221	-	_	
6-18	1222-1225	gen	_	
6-19	1226-1230	ihꝛe	_	
6-20	1231-1242	abgelebeten	_	
6-21	1243-1250	Freunde	_	
6-22	1251-1254	gar	_	
6-23	1255-1257	zu	_	
6-24	1258-1262	groſ	_	
6-25	1262-1263	-	_	
6-26	1264-1266	ſe	_	
6-27	1267-1279	Ehrerbietung	_	
6-28	1280-1288	haͤgeten	_	
6-29	1288-1289	,	_	
6-30	1290-1293	und	_	
6-31	1294-1298	ſich	_	
6-32	1299-1304	nicht	_	
6-33	1305-1318	entſchlieſſen	_	
6-34	1319-1325	konten	_	
6-35	1325-1326	,	_	
6-36	1327-1336	dieſelben	_	
6-37	1337-1339	zu	_	
6-38	1340-1345	begra	_	
6-39	1345-1346	-	_	
6-40	1347-1350	ben	_	
6-41	1350-1351	,	_	
6-42	1352-1358	mithin	_	
6-43	1359-1370	dererſelben	_	
6-44	1371-1381	Anſchauens	_	
6-45	1382-1386	ſich	_	
6-46	1387-1389	zu	_	
6-47	1390-1398	berauben	_	
6-48	1398-1399	,	_	
6-49	1400-1410	verſuchten	_	
6-50	1411-1414	ſie	_	
6-51	1415-1418	ein	_	
6-52	1419-1425	Mittel	_	
6-53	1426-1428	zu	_	
6-54	1429-1437	erfinden	_	
6-55	1437-1438	,	_	
6-56	1439-1444	durch	_	
6-57	1445-1451	deſſen	_	
6-58	1452-1459	Huͤlffe	_	
6-59	1460-1463	ſie	_	
6-60	1464-1467	die	_	
6-61	1467-1468	-	_	
6-62	1469-1477	ſelbigen	_	
6-63	1478-1483	ſtets	_	
6-64	1484-1487	bey	_	
6-65	1488-1492	ſich	_	
6-66	1493-1496	und	_	
6-67	1497-1500	vor	_	
6-68	1501-1506	Augen	_	
6-69	1507-1509	ha	_	
6-70	1509-1510	-	_	
6-71	1511-1514	ben	_	
6-72	1515-1523	moͤchten	_	
6-73	1523-1524	,	_	
6-74	1525-1528	das	_	
6-75	1529-1532	iſt	_	
6-76	1532-1533	,	_	
6-77	1534-1537	daß	_	
6-78	1538-1541	ſie	_	
6-79	1542-1546	eben	_	
6-80	1547-1549	ſo	_	
6-81	1550-1553	ehr	_	
6-82	1553-1554	-	_	
6-83	1555-1558	bar	_	
6-84	1558-1559	,	_	
6-85	1560-1563	wie	_	
6-86	1564-1568	ihre	_	
6-87	1569-1581	verſtorbenen	_	
6-88	1582-1589	Freunde	_	
6-89	1590-1592	le	_	
6-90	1592-1593	-	_	
6-91	1594-1597	ben	_	
6-92	1597-1598	,	_	
6-93	1599-1602	und	_	
6-94	1603-1607	ſich	_	
6-95	1608-1612	nach	_	
6-96	1613-1623	deroſelben	_	
6-97	1624-1631	Auffuͤh	_	
6-98	1631-1632	-	_	
6-99	1633-1637	rung	_	
6-100	1638-1642	auch	_	
6-101	1643-1650	richten	_	
6-102	1651-1659	koͤnnten	_	
6-103	1659-1660	.	_	

#Text=Derowegen, wenn iem and von ihren
#Text=Befreunden verſturbe, richteten ſie
#Text=dererſelben Leichname dermaſſen artig
#Text=zu, und truckneten ſie dergeſtalt auf, daß
#Text=dieſe Coͤrper, denen marmorſteinernen
#Text=Bildſeulen an Haͤrte gleicheten, und
#Text=nenneten ſie auf ihre Sprache Gaba-
#Text=ras, welches Wort eben ſo viel als
#Text=Mumie bedeutet.
7-1	1663-1672	Derowegen	_	
7-2	1672-1673	,	_	
7-3	1674-1678	wenn	_	
7-4	1679-1682	iem	_	
7-5	1683-1686	and	_	
7-6	1687-1690	von	_	
7-7	1691-1696	ihren	_	
7-8	1697-1707	Befreunden	_	
7-9	1708-1717	verſturbe	_	
7-10	1717-1718	,	_	
7-11	1719-1728	richteten	_	
7-12	1729-1732	ſie	_	
7-13	1733-1744	dererſelben	_	
7-14	1745-1754	Leichname	_	
7-15	1755-1764	dermaſſen	_	
7-16	1765-1770	artig	_	
7-17	1771-1773	zu	_	
7-18	1773-1774	,	_	
7-19	1775-1778	und	_	
7-20	1779-1789	truckneten	_	
7-21	1790-1793	ſie	_	
7-22	1794-1804	dergeſtalt	_	
7-23	1805-1808	auf	_	
7-24	1808-1809	,	_	
7-25	1810-1813	daß	_	
7-26	1814-1819	dieſe	_	
7-27	1820-1827	Coͤrper	_	
7-28	1827-1828	,	_	
7-29	1829-1834	denen	_	
7-30	1835-1851	marmorſteinernen	_	
7-31	1852-1862	Bildſeulen	_	
7-32	1863-1865	an	_	
7-33	1866-1872	Haͤrte	_	
7-34	1873-1883	gleicheten	_	
7-35	1883-1884	,	_	
7-36	1885-1888	und	_	
7-37	1889-1897	nenneten	_	
7-38	1898-1901	ſie	_	
7-39	1902-1905	auf	_	
7-40	1906-1910	ihre	_	
7-41	1911-1918	Sprache	_	
7-42	1919-1923	Gaba	_	
7-43	1923-1924	-	_	
7-44	1925-1928	ras	_	
7-45	1928-1929	,	_	
7-46	1930-1937	welches	_	
7-47	1938-1942	Wort	_	
7-48	1943-1947	eben	_	
7-49	1948-1950	ſo	_	
7-50	1951-1955	viel	_	
7-51	1956-1959	als	_	
7-52	1960-1965	Mumie	_	
7-53	1966-1974	bedeutet	_	
7-54	1974-1975	.	_	

#Text=Sie wendeten hier-
#Text=bey die groͤſte Geſchicklichkeit an, ſo daß
#Text=man niemahls etwas ungeſtaltes dar-
#Text=an zu ſehen bekommen: bemahleten
#Text=ihnen das Geſichte mit allerhand Far-
#Text=ben, auch wohl gar mit Golde, wenn
#Text=
#Text=ſie ſelbige vorhero ausgenommen und
#Text=balſamiret, die Arme creutzweis uͤber
#Text=einander geleget, und ſie hernach mit
#Text=feiner Leinwand umwickelt hatten, wel-
#Text=che mit aromatiſchen Gummen zuge-
#Text=richtet war: hernach legten ſie ihnen
#Text=
#Text=ein Tuch uͤber das Haupt, wie einen
#Text=Weiberſchleyer, der zu beyden Seiten
#Text=bis auf die Bruſt, und hinten bis auf die
#Text=Schultern herab hienge.
8-1	1976-1979	Sie	_	
8-2	1980-1988	wendeten	_	
8-3	1989-1993	hier	_	
8-4	1993-1994	-	_	
8-5	1995-1998	bey	_	
8-6	1999-2002	die	_	
8-7	2003-2010	groͤſte	_	
8-8	2011-2027	Geſchicklichkeit	_	
8-9	2028-2030	an	_	
8-10	2030-2031	,	_	
8-11	2032-2034	ſo	_	
8-12	2035-2038	daß	_	
8-13	2039-2042	man	_	
8-14	2043-2051	niemahls	_	
8-15	2052-2057	etwas	_	
8-16	2058-2069	ungeſtaltes	_	
8-17	2070-2073	dar	_	
8-18	2073-2074	-	_	
8-19	2075-2077	an	_	
8-20	2078-2080	zu	_	
8-21	2081-2086	ſehen	_	
8-22	2087-2095	bekommen	_	
8-23	2095-2096	:	_	
8-24	2097-2107	bemahleten	_	
8-25	2108-2113	ihnen	_	
8-26	2114-2117	das	_	
8-27	2118-2126	Geſichte	_	
8-28	2127-2130	mit	_	
8-29	2131-2140	allerhand	_	
8-30	2141-2144	Far	_	
8-31	2144-2145	-	_	
8-32	2146-2149	ben	_	
8-33	2149-2150	,	_	
8-34	2151-2155	auch	_	
8-35	2156-2160	wohl	_	
8-36	2161-2164	gar	_	
8-37	2165-2168	mit	_	
8-38	2169-2174	Golde	_	
8-39	2174-2175	,	_	
8-40	2176-2180	wenn	_	
8-41	2182-2185	ſie	_	
8-42	2186-2193	ſelbige	_	
8-43	2194-2201	vorhero	_	
8-44	2202-2213	ausgenommen	_	
8-45	2214-2217	und	_	
8-46	2218-2228	balſamiret	_	
8-47	2228-2229	,	_	
8-48	2230-2233	die	_	
8-49	2234-2238	Arme	_	
8-50	2239-2249	creutzweis	_	
8-51	2250-2255	uͤber	_	
8-52	2256-2264	einander	_	
8-53	2265-2272	geleget	_	
8-54	2272-2273	,	_	
8-55	2274-2277	und	_	
8-56	2278-2281	ſie	_	
8-57	2282-2289	hernach	_	
8-58	2290-2293	mit	_	
8-59	2294-2300	feiner	_	
8-60	2301-2309	Leinwand	_	
8-61	2310-2319	umwickelt	_	
8-62	2320-2326	hatten	_	
8-63	2326-2327	,	_	
8-64	2328-2331	wel	_	
8-65	2331-2332	-	_	
8-66	2333-2336	che	_	
8-67	2337-2340	mit	_	
8-68	2341-2353	aromatiſchen	Quality[1]|Smell\_Word[2]	
8-69	2354-2360	Gummen	Smell\_Source	
8-70	2361-2365	zuge	_	
8-71	2365-2366	-	_	
8-72	2367-2374	richtet	_	
8-73	2375-2378	war	_	
8-74	2378-2379	:	_	
8-75	2380-2387	hernach	_	
8-76	2388-2394	legten	_	
8-77	2395-2398	ſie	_	
8-78	2399-2404	ihnen	_	
8-79	2406-2409	ein	_	
8-80	2410-2414	Tuch	_	
8-81	2415-2420	uͤber	_	
8-82	2421-2424	das	_	
8-83	2425-2430	Haupt	_	
8-84	2430-2431	,	_	
8-85	2432-2435	wie	_	
8-86	2436-2441	einen	_	
8-87	2442-2456	Weiberſchleyer	_	
8-88	2456-2457	,	_	
8-89	2458-2461	der	_	
8-90	2462-2464	zu	_	
8-91	2465-2471	beyden	_	
8-92	2472-2478	Seiten	_	
8-93	2479-2482	bis	_	
8-94	2483-2486	auf	_	
8-95	2487-2490	die	_	
8-96	2491-2496	Bruſt	_	
8-97	2496-2497	,	_	
8-98	2498-2501	und	_	
8-99	2502-2508	hinten	_	
8-100	2509-2512	bis	_	
8-101	2513-2516	auf	_	
8-102	2517-2520	die	_	
8-103	2521-2530	Schultern	_	
8-104	2531-2536	herab	_	
8-105	2537-2543	hienge	_	
8-106	2543-2544	.	_	

#Text=Noch hatten ſie
#Text=ein zuſammen gerolltes Tuch unter das
#Text=Kinn geleget, welches dazu dienete, daß
#Text=es die Wangen zuſammen druckte und
#Text=die Kinnbacken zuſammen hielte, damit
#Text=ſie nicht herabfielen:
#Text=ſo daß, wer ſie ge-
#Text=ſehen, ſelbige viel eher fuͤr ſchlaffende,
#Text=als todte anſehen ſollen.
9-1	2545-2549	Noch	_	
9-2	2550-2556	hatten	_	
9-3	2557-2560	ſie	_	
9-4	2561-2564	ein	_	
9-5	2565-2573	zuſammen	_	
9-6	2574-2583	gerolltes	_	
9-7	2584-2588	Tuch	_	
9-8	2589-2594	unter	_	
9-9	2595-2598	das	_	
9-10	2599-2603	Kinn	_	
9-11	2604-2611	geleget	_	
9-12	2611-2612	,	_	
9-13	2613-2620	welches	_	
9-14	2621-2625	dazu	_	
9-15	2626-2633	dienete	_	
9-16	2633-2634	,	_	
9-17	2635-2638	daß	_	
9-18	2639-2641	es	_	
9-19	2642-2645	die	_	
9-20	2646-2652	Wangen	_	
9-21	2653-2661	zuſammen	_	
9-22	2662-2669	druckte	_	
9-23	2670-2673	und	_	
9-24	2674-2677	die	_	
9-25	2678-2688	Kinnbacken	_	
9-26	2689-2697	zuſammen	_	
9-27	2698-2704	hielte	_	
9-28	2704-2705	,	_	
9-29	2706-2711	damit	_	
9-30	2712-2715	ſie	_	
9-31	2716-2721	nicht	_	
9-32	2722-2733	herabfielen	_	
9-33	2733-2734	:	_	
9-34	2735-2737	ſo	_	
9-35	2738-2741	daß	_	
9-36	2741-2742	,	_	
9-37	2743-2746	wer	_	
9-38	2747-2750	ſie	_	
9-39	2751-2753	ge	_	
9-40	2753-2754	-	_	
9-41	2755-2760	ſehen	_	
9-42	2760-2761	,	_	
9-43	2762-2769	ſelbige	_	
9-44	2770-2774	viel	_	
9-45	2775-2779	eher	_	
9-46	2780-2784	fuͤr	_	
9-47	2785-2796	ſchlaffende	_	
9-48	2796-2797	,	_	
9-49	2798-2801	als	_	
9-50	2802-2807	todte	_	
9-51	2808-2815	anſehen	_	
9-52	2816-2822	ſollen	_	
9-53	2822-2823	.	_	

#Text=Gabaras/
#Text=
#Text=dafuͤr
#Text=man
#Text=
#Text=Mumie ſa-
#Text=gen ſoll, iſt
#Text=nach unter-
#Text=ſchiedlicher
#Text=
#Text=Scribenten
10-1	2827-2834	Gabaras	_	
10-2	2834-2835	/	_	
10-3	2837-2843	dafuͤr	_	
10-4	2844-2847	man	_	
10-5	2849-2854	Mumie	_	
10-6	2855-2857	ſa	_	
10-7	2857-2858	-	_	
10-8	2859-2862	gen	_	
10-9	2863-2867	ſoll	_	
10-10	2867-2868	,	_	
10-11	2869-2872	iſt	_	
10-12	2873-2877	nach	_	
10-13	2878-2883	unter	_	
10-14	2883-2884	-	_	
10-15	2885-2897	ſchiedlicher	_	
10-16	2899-2909	Scribenten	_	
